[{"$i":"select","$v":"تحديد"},{"$i":"deselect","$v":"إلغاء تحديد"},{"$i":"kai-select","$v":"تحديد"},{"$i":"invalid-image","$v":"صورة غير صالحة"},{"$i":"image-too-big","$v":"حجم ملف الصورة كبير للغاية ليتم عرضها في المعرض."},{"$i":"image-invalid","$v":"تعذر عرض الصورة لأنها غير صالحة أو مقطوعة."},{"$i":"kai-selected-items-count","$v":["تم تحديد ",{"t":"idOrVar","v":"n"}]},{"$i":"delete-photo?","$v":"حذف الصورة ؟"},{"$i":"delete-video?","$v":"حذف الفيديو؟"},{"$i":"deleting","$v":"جارٍ الحذف..."},{"$i":"delete-n-items?","$v":{"few":["حذف ",{"t":"idOrVar","v":"n"}," عناصر؟"],"many":["حذف ",{"t":"idOrVar","v":"n"}," عناصر؟"],"one":"حذف العنصر المحدد؟","other":["حذف ",{"t":"idOrVar","v":"n"}," عناصر؟"],"two":["حذف ",{"t":"idOrVar","v":"n"}," عناصر؟"],"zero":"لم يتم تحديد أي شيء"},"$x":[{"t":"idOrVar","v":"plural"},"n"]},{"$i":"kai-contact-set-ok","$v":"تمت إضافة صورة جهة الاتصال"},{"$i":"kai-contact-set-fail","$v":"فشل تعيين صورة جهة الاتصال"},{"$i":"kai-changes-saved","$v":"تم حفظ التغييرات"},{"$i":"wallpaper-set","$v":"تم تعيين الخلفية"},{"$i":"kai-single-image-deleted","$v":"تم حذف الصورة."},{"$i":"kai-deleted-n-photos","$v":{"one":["تم حذف ",{"t":"idOrVar","v":"n"}," صورة"],"other":["تم حذف ",{"t":"idOrVar","v":"n"}," من الصور"]},"$x":[{"t":"idOrVar","v":"plural"},"n"]},{"$i":"kai-some-photos-not-share","$v":"يتعذر مشاركة بعض الصور"},{"$i":"pickoneimage2","$v":"تحديد"},{"$i":"cropimage","$v":"اقتصاص"},{"$i":"kai-on","$v":"فعّال"},{"$i":"kai-off","$v":"غيرفعّال"},{"$i":"cancel","$v":"ألغِ"},{"$i":"delete","$v":"حذف"},{"$i":"ok","$v":"موافق"},{"$i":"edit","$v":"حرّر"},{"$i":"revert","$v":"عودة"},{"$i":"save","$v":"حفظ"},{"$i":"done","$v":"تم"},{"$i":"exposure","$v":"التعرض الضوئي"},{"$i":"crop","$v":"اقتصاص"},{"$i":"effects","$v":"تأثيرات"},{"$i":"borders","$v":"حدود"},{"$i":"enhance-on","$v":"التحسين التلقائي مفعل"},{"$i":"enhance-off","$v":"التحسين التلقائي غير مفعل"},{"$i":"kai-set","$v":"ضبط"},{"$i":"kai-options","$v":"الخيارات"},{"$i":"kai-select-all","$v":"الكل"},{"$i":"kai-deselect-all","$v":"لا يوجد"},{"$i":"kai-rotate","$v":"تدوير"},{"$i":"kai-share","$v":"مشاركة"},{"$i":"kai-settings","$v":"الإعدادات"},{"$i":"kai-set-as","$v":"تعيين كـ"},{"$i":"set-as-wallpaper","$v":"تعيين كخلفية"},{"$i":"kai-wallpaper","$v":"خلفيات الشاشة"},{"$i":"kai-existing-contact-image","$v":"صورة لجهة اتصال حالية"},{"$i":"kai-zoom","$v":"التكبير/التصغير"},{"$i":"kai-zoom-in","$v":"تكبير"},{"$i":"kai-zoom-out","$v":"تصغير"},{"$i":"kai-file-info","$v":"معلومات الملف"},{"$i":"kai-select-multiple","$v":"تحديد متعدد"},{"$i":"kai-edit-title","$v":"تحرير الصورة"},{"$i":"kai-edit-exposure","$v":"التعرض الضوئي"},{"$i":"kai-edit-crop","$v":"اقتصاص"},{"$i":"kai-edit-rotate","$v":"تدوير"},{"$i":"kai-edit-filters","$v":"عوامل التصفية"},{"$i":"kai-edit-auto-correct","$v":"التصحيح التلقائي"},{"$i":"edit-exposure","ariaLabel":"التعرض الضوئي"},{"$i":"edit-crop","ariaLabel":"اقتصاص"},{"$i":"edit-rotate","ariaLabel":"تدوير"},{"$i":"edit-filters","ariaLabel":"عوامل التصفية"},{"$i":"edit-auto-correct","ariaLabel":"التصحيح التلقائي"},{"$i":"crop-none","ariaLabel":"تراجع عن الاقتصاص"},{"$i":"crop-aspect-free","ariaLabel":"الافتراضي"},{"$i":"crop-aspect-portrait","ariaLabel":"2:3"},{"$i":"crop-aspect-landscape","ariaLabel":"3:2"},{"$i":"crop-aspect-square","ariaLabel":"1:1"},{"$i":"edit-filters-none","ariaLabel":"عامل التصفية 1"},{"$i":"edit-filters-bw","ariaLabel":"عامل التصفية 2"},{"$i":"edit-filters-sepia","ariaLabel":"عامل التصفية 3"},{"$i":"edit-filters-bluesteel","ariaLabel":"عامل التصفية 4"},{"$i":"edit-filters-faded","ariaLabel":"عامل التصفية 5"},{"$i":"original","$v":"الصورة الأصلية"},{"$i":"blackandwhite","$v":"أبيض وأسود"},{"$i":"sepia","$v":"بني داكن"},{"$i":"freeform","$v":"إطار حُرّ"},{"$i":"portrait","$v":"طولي"},{"$i":"landscape","$v":"عرضي"},{"$i":"square","$v":"مربع"},{"$i":"emptygallery2-title","$v":"لا يوجد صور أو فيديو"},{"$i":"emptygallery2-text","$v":"المعرض فارغ. استخدام الكاميرا للبدء"},{"$i":"emptygallery2-title-pick","$v":"لايوجد صور"},{"$i":"emptygallery-text-pick","$v":"لا توجد صور متوفرة"},{"$i":"nocard3-title","$v":"بطاقة الذاكرة غير موجودة"},{"$i":"nocard4-text","$v":"أدخل بطاقة الذاكرة لاستخدام التطبيق"},{"$i":"pluggedin2-title","$v":"بطاقة الذاكرة مستخدمة"},{"$i":"pluggedin2-text","$v":"إفصل الجوّال لاستخدام هذا التطبيق"},{"$i":"scanning-title","$v":"جار البحث"},{"$i":"scanning-text","$v":"جارِ البحث عن الصور والفيديوهات"},{"$i":"upgrade-title","$v":"تحديث قاعدة البيانات"},{"$i":"upgrade-text","$v":"الرجاء الانتظار ليقوم المعرض بتحديث قاعدة البيانات الخاصة به."},{"$i":"share-noprovider","$v":"لا يمكن مشاركة هذا النوع من ملفات الصور."},{"$i":"memorycardfull","$v":"لا يمكن تحرير الصور: بطاقة الذاكرة ممتلئة"},{"$i":"imagetoobig","$v":"الصورة كبيرة جدا لعرضها على هذا الجهاز."},{"$i":"imageinvalid","$v":"الصورة تحتوي على خطأ ولا يمكن عرضها."},{"$i":"saved","$v":[{"t":"idOrVar","v":"filename"}," حُفِظ في المعرض"]},{"$i":"edit-copy-saved","$v":"تم حفظ نسخة جديدة."},{"$i":"overlay-camera-button","$v":"الذهاب الى الكاميرا"},{"$i":"name-label","$v":"الاسم"},{"$i":"size-label","$v":"الحجم"},{"$i":"image-type-label","$v":"نوع الصورة"},{"$i":"kai-date-and-time-label","$v":"التاريخ والوقت"},{"$i":"date-taken-label","$v":"تاريخ الأخذ"},{"$i":"resolution-label","$v":"الدقة"},{"$i":"close-button","$v":"إغلاق"},{"$i":"path-label","$v":"مسار"},{"$i":"sd-card","$v":"بطاقة SD"},{"$i":"internal","$v":"داخلي"},{"$i":"byteUnit-B","$v":"بايت"},{"$i":"byteUnit-KB","$v":"كيلوبايت"},{"$i":"byteUnit-MB","$v":"ميجابايت"},{"$i":"byteUnit-GB","$v":"ج.ب"},{"$i":"gallery","$v":"المعرض"},{"$i":"preview","$v":"معاينة"},{"$i":"kai-confirmation","$v":"تأكيد"},{"$i":"kai-delete-this-image","$v":"حذف الصورة ؟"},{"$i":"kai-delete-selected-image","$v":"هل تريد حذف الصورة المحددة؟"},{"$i":"kai-delete-selected-images","$v":"هل تريد حذف الصور المحددة؟"},{"$i":"kai-sort-by","$v":"تصنيف حسب"},{"$i":"kai-group-by-date-and-location","$v":"تجميع حسب التاريخ"},{"$i":"sort-and-group","$v":"فرز وتجميع"},{"$i":"time_am","$v":"ص"},{"$i":"time_pm","$v":"م"},{"$i":"date-group-header","$v":"%B %Y"},{"$i":"videoDescriptionShort","$v":"الفيديو مؤرخ بتاريخ %I:%M %p، %B %e، %Y"},{"$i":"imageDescriptionShort","$v":"الصورة مؤرخة بتاريخ %I:%M %p، %B %e، %Y"},{"$i":"editImagePreview","ariaLabel":"تحرير معاينة الصورة"},{"$i":"kai-pickoneimage","$v":"تحديد صورة"},{"$i":"discard-changes-warning","$v":"سيتم فقدان جميع التغييرات. هل تريد تجاهل التغييرات؟"},{"$i":"save-changes-warning","$v":"سيتم تجاهل جميع التغييرات. حفظ التغييرات؟"},{"$i":"discard","$v":"تجاهل"},{"$i":"camera","$v":"الكاميرا"},{"$i":"phone-is-full-title","$v":"مساحة تخزين الهاتف الجوال ممتلئة"},{"$i":"sd-card-is-full-title","$v":"امتلاء بطاقة SD"},{"$i":"phone-is-full-content","$v":"احذف ملفات الوسائط أو بيانات التطبيقات لإخلاء مساحة. كما يمكنك إدراج بطاقة SD لزيادة مساحة تخزين الوسائط."},{"$i":"sd-card-is-full-content","$v":"احذف ملفات في بطاقة SD لإخلاء مساحة."},{"$i":"favorite","$v":"المفضلات"},{"$i":"add-favorite","$v":"إضافة إلى المفضلات"},{"$i":"remove-favorite","$v":"إزالة من المفضلات"},{"$i":"emptyfavorite-text","$v":"ليس لديك أي صور مفضلة."},{"$i":"donglePlay","$v":"تشغيل"},{"$i":"softkey-options","$v":"خيارات"},{"$i":"imageDescription","$v":[{"t":"idOrVar","v":"orientation"}," الصورة، %I:%M %p، %B %e، %Y"]},{"$i":"imageDescriptionNoTimestamp","$v":["صورة ",{"t":"idOrVar","v":"orientation"}]},{"$i":"videoDescription","$v":[{"t":"idOrVar","v":"orientation"}," فيديو، %I:%M %p، %B %e، %Y"]},{"$i":"videoDescriptionNoTimestamp","$v":[{"t":"idOrVar","v":"orientation"}," الفيديو"]},{"$i":"orientationPortrait","$v":"طولي"},{"$i":"orientationLandscape","$v":"عرضي"},{"$i":"playbackPlay","ariaLabel":"تشغيل"},{"$i":"playbackPause","ariaLabel":"إيقاف مؤقت"},{"$i":"playbackNext","ariaLabel":"التالي"},{"$i":"playbackPrevious","ariaLabel":"السابق"},{"$i":"playbackFullscreen","ariaLabel":"ملء الشاشة"},{"$i":"playbackSeekBar","ariaLabel":["شريط البحث، المدة ",{"t":"idOrVar","v":"duration"}]},{"$i":"weekday-0-long","$v":"الأحد"},{"$i":"weekday-1-long","$v":"الإثنين"},{"$i":"weekday-2-long","$v":"الثلاثاء"},{"$i":"weekday-3-long","$v":"الأربعاء"},{"$i":"weekday-4-long","$v":"الخميس"},{"$i":"weekday-5-long","$v":"الجمعة"},{"$i":"weekday-6-long","$v":"السبت"},{"$i":"weekday-0-short","$v":"أحد"},{"$i":"weekday-1-short","$v":"إثنين"},{"$i":"weekday-2-short","$v":"ثلاثاء"},{"$i":"weekday-3-short","$v":"أربعاء"},{"$i":"weekday-4-short","$v":"خميس"},{"$i":"weekday-5-short","$v":"جمعة"},{"$i":"weekday-6-short","$v":"سبت"},{"$i":"month-0-long","$v":"يناير"},{"$i":"month-1-long","$v":"فبراير"},{"$i":"month-2-long","$v":"مارس"},{"$i":"month-3-long","$v":"أبريل"},{"$i":"month-4-long","$v":"مايو"},{"$i":"month-5-long","$v":"يونيو"},{"$i":"month-6-long","$v":"يوليو"},{"$i":"month-7-long","$v":"أغسطس"},{"$i":"month-8-long","$v":"سبتمبر"},{"$i":"month-9-long","$v":"أكتوبر"},{"$i":"month-10-long","$v":"نوفمبر"},{"$i":"month-11-long","$v":"ديسمبر"},{"$i":"month-0-genitive","$v":"يناير"},{"$i":"month-1-genitive","$v":"فبراير"},{"$i":"month-2-genitive","$v":"مارس"},{"$i":"month-3-genitive","$v":"أبريل"},{"$i":"month-4-genitive","$v":"مايو"},{"$i":"month-5-genitive","$v":"يونيو"},{"$i":"month-6-genitive","$v":"يوليو"},{"$i":"month-7-genitive","$v":"أغسطس"},{"$i":"month-8-genitive","$v":"سبتمبر"},{"$i":"month-9-genitive","$v":"أكتوبر"},{"$i":"month-10-genitive","$v":"نوفمبر"},{"$i":"month-11-genitive","$v":"ديسمبر"},{"$i":"month-0-short","$v":"يناير"},{"$i":"month-1-short","$v":"فبراير"},{"$i":"month-2-short","$v":"مارس"},{"$i":"month-3-short","$v":"ابريل"},{"$i":"month-4-short","$v":"مايو"},{"$i":"month-5-short","$v":"يونيو"},{"$i":"month-6-short","$v":"يوليو"},{"$i":"month-7-short","$v":"أغسطس"},{"$i":"month-8-short","$v":"سبتمبر"},{"$i":"month-9-short","$v":"أكتوبر"},{"$i":"month-10-short","$v":"نوفمبر"},{"$i":"month-11-short","$v":"ديسمبر"},{"$i":"minutes-ago-long","$v":{"few":["منذ ",{"t":"idOrVar","v":"value"}," دقائق"],"many":["منذ ",{"t":"idOrVar","v":"value"}," دقائق"],"other":["منذ ",{"t":"idOrVar","v":"value"}," دقائق"],"two":["منذ ",{"t":"idOrVar","v":"value"}," دقائق"],"one":"منذ دقيقة","zero":"للتو"},"$x":[{"t":"idOrVar","v":"plural"},"value"]},{"$i":"hours-ago-long","$v":{"few":["منذ ",{"t":"idOrVar","v":"value"}," ساعات"],"many":["منذ ",{"t":"idOrVar","v":"value"}," ساعات"],"other":["منذ ",{"t":"idOrVar","v":"value"}," ساعات"],"two":["منذ ",{"t":"idOrVar","v":"value"}," ساعات"],"one":"قبل ساعة واحدة","zero":"للتو"},"$x":[{"t":"idOrVar","v":"plural"},"value"]},{"$i":"days-ago-long","$v":{"few":["منذ ",{"t":"idOrVar","v":"value"}," أيام"],"many":["منذ ",{"t":"idOrVar","v":"value"}," أيام"],"one":"الأمس","other":["منذ ",{"t":"idOrVar","v":"value"}," أيام"],"two":["منذ ",{"t":"idOrVar","v":"value"}," أيام"],"zero":"اليوم"},"$x":[{"t":"idOrVar","v":"plural"},"value"]},{"$i":"weeks-ago-long","$v":{"few":["منذ ",{"t":"idOrVar","v":"value"}," أسابيع"],"many":["منذ ",{"t":"idOrVar","v":"value"}," أسابيع"],"one":"الأسبوع الماضي","other":["منذ ",{"t":"idOrVar","v":"value"}," أسابيع"],"two":["منذ ",{"t":"idOrVar","v":"value"}," أسابيع"],"zero":"هذا الأسبوع"},"$x":[{"t":"idOrVar","v":"plural"},"value"]},{"$i":"months-ago-long","$v":{"few":["منذ ",{"t":"idOrVar","v":"value"}," أشهر"],"many":["منذ ",{"t":"idOrVar","v":"value"}," أشهر"],"one":"الشهر الماضي","other":["منذ ",{"t":"idOrVar","v":"value"}," أشهر"],"two":["منذ ",{"t":"idOrVar","v":"value"}," أشهر"],"zero":"هذا الشهر"},"$x":[{"t":"idOrVar","v":"plural"},"value"]},{"$i":"years-ago-long","$v":{"few":["منذ ",{"t":"idOrVar","v":"value"}," سنوات"],"many":["منذ ",{"t":"idOrVar","v":"value"}," سنوات"],"one":"السنة الماضية","other":["منذ ",{"t":"idOrVar","v":"value"}," سنوات"],"two":["منذ ",{"t":"idOrVar","v":"value"}," سنوات"],"zero":"هذه السنة"},"$x":[{"t":"idOrVar","v":"plural"},"value"]},{"$i":"minutes-until-long","$v":{"few":["خلال ",{"t":"idOrVar","v":"value"}," دقائق"],"many":["خلال ",{"t":"idOrVar","v":"value"}," دقائق"],"other":["خلال ",{"t":"idOrVar","v":"value"}," دقائق"],"two":["خلال ",{"t":"idOrVar","v":"value"}," دقائق"],"zero":"الآن","one":"خلال دقيقة"},"$x":[{"t":"idOrVar","v":"plural"},"value"]},{"$i":"hours-until-long","$v":{"few":["خلال ",{"t":"idOrVar","v":"value"}," ساعات"],"many":["خلال ",{"t":"idOrVar","v":"value"}," ساعات"],"other":["خلال ",{"t":"idOrVar","v":"value"}," ساعات"],"two":["خلال ",{"t":"idOrVar","v":"value"}," ساعات"],"zero":"الآن","one":"خلال ساعة"},"$x":[{"t":"idOrVar","v":"plural"},"value"]},{"$i":"days-until-long","$v":{"few":["خلال ",{"t":"idOrVar","v":"value"}," أيام"],"many":["خلال ",{"t":"idOrVar","v":"value"}," أيام"],"one":"غداً","other":["خلال ",{"t":"idOrVar","v":"value"}," أيام"],"two":["خلال ",{"t":"idOrVar","v":"value"}," أيام"],"zero":"اليوم"},"$x":[{"t":"idOrVar","v":"plural"},"value"]},{"$i":"weeks-until-long","$v":{"few":["خلال ",{"t":"idOrVar","v":"value"}," أسابيع"],"many":["خلال ",{"t":"idOrVar","v":"value"}," أسابيع"],"one":"الأسبوع القادم","other":["خلال ",{"t":"idOrVar","v":"value"}," أسابيع"],"two":["خلال ",{"t":"idOrVar","v":"value"}," أسابيع"],"zero":"هذا الأسبوع"},"$x":[{"t":"idOrVar","v":"plural"},"value"]},{"$i":"months-until-long","$v":{"few":["خلال ",{"t":"idOrVar","v":"value"}," شهور"],"many":["خلال ",{"t":"idOrVar","v":"value"}," شهور"],"one":"الشهر القادم","other":["خلال ",{"t":"idOrVar","v":"value"}," شهور"],"two":["خلال ",{"t":"idOrVar","v":"value"}," شهور"],"zero":"هذا الشهر"},"$x":[{"t":"idOrVar","v":"plural"},"value"]},{"$i":"years-until-long","$v":{"few":["خلال ",{"t":"idOrVar","v":"value"}," سنوات"],"many":["خلال ",{"t":"idOrVar","v":"value"}," سنوات"],"one":"السنة القادمة","other":["خلال ",{"t":"idOrVar","v":"value"}," سنوات"],"two":["خلال ",{"t":"idOrVar","v":"value"}," سنوات"],"zero":"هذه السنة"},"$x":[{"t":"idOrVar","v":"plural"},"value"]},{"$i":"minutes-ago-short","$v":{"other":["منذ ",{"t":"idOrVar","v":"value"}," دقيقة"],"zero":"للتو"},"$x":[{"t":"idOrVar","v":"plural"},"value"]},{"$i":"hours-ago-short","$v":{"other":["منذ ",{"t":"idOrVar","v":"value"}," س"],"zero":"للتو"},"$x":[{"t":"idOrVar","v":"plural"},"value"]},{"$i":"days-ago-short","$v":{"other":["منذ ",{"t":"idOrVar","v":"value"}," ي"],"zero":"اليوم"},"$x":[{"t":"idOrVar","v":"plural"},"value"]},{"$i":"minutes-until-short","$v":{"other":["خلال ",{"t":"idOrVar","v":"value"}," د"],"zero":"الآن"},"$x":[{"t":"idOrVar","v":"plural"},"value"]},{"$i":"hours-until-short","$v":{"other":["خلال ",{"t":"idOrVar","v":"value"}," س"],"zero":"الآن"},"$x":[{"t":"idOrVar","v":"plural"},"value"]},{"$i":"days-until-short","$v":{"other":["خلال ",{"t":"idOrVar","v":"value"}," ي"],"zero":"اليوم"},"$x":[{"t":"idOrVar","v":"plural"},"value"]},{"$i":"incorrectDate","$v":"(تاريخ غير صحيح)"},{"$i":"dateTimeFormat_%c","$v":"%a %e %b %Y %I:%M:%S %p"},{"$i":"dateTimeFormat_%x","$v":"%Y/%m/%d"},{"$i":"dateTimeFormat_%X","$v":"%I:%M:%S %p"},{"$i":"shortTimeFormat","$v":"%I:%M %p"},{"$i":"shortTimeFormat12","$v":"%I:%M %p"},{"$i":"shortTimeFormat24","$v":"%H:%M"},{"$i":"shortDateTimeFormat","$v":"%x %I:%M %p"},{"$i":"weekStartsOnMonday","$v":"0.0"},{"$i":"firstDayOfTheWeek","$v":"0.0"}]