[{"$i":"select","$v":"Seç"},{"$i":"deselect","$v":"Ləğv et"},{"$i":"kai-select","$v":"Seç"},{"$i":"invalid-image","$v":"Yanlış Şəkil"},{"$i":"image-too-big","$v":"Şəkil faylının ölçüsü qalereyada göstərilmək üçün çox böyükdür"},{"$i":"image-invalid","$v":"Təsvir etibarsız və ya qırıq olduğu üçün göstərilə bilmir."},{"$i":"kai-selected-items-count","$v":[{"t":"idOrVar","v":"n"}," seçildi"]},{"$i":"delete-photo?","$v":"Şəkil silinsin?"},{"$i":"delete-video?","$v":"Video silinsin?"},{"$i":"deleting","$v":"Silinir…"},{"$i":"delete-n-items?","$v":{"few":[{"t":"idOrVar","v":"n"}," element silinsin?"],"many":[{"t":"idOrVar","v":"n"}," element silinsin?"],"one":"Seçilmiş element silinsin?","other":[{"t":"idOrVar","v":"n"}," element silinsin?"],"two":[{"t":"idOrVar","v":"n"}," element silinsin?"],"zero":"Heç nə seçilmədi"},"$x":[{"t":"idOrVar","v":"plural"},"n"]},{"$i":"kai-contact-set-ok","$v":"Əlaqə şəkli əlavə edildi."},{"$i":"kai-contact-set-fail","$v":"Əlaqə görüntüsünü təyin etmək olmur."},{"$i":"kai-changes-saved","$v":"Dəyişikliklər saxlandı."},{"$i":"wallpaper-set","$v":"Divar kağızı quruldu."},{"$i":"kai-single-image-deleted","$v":"Şəkil silindi."},{"$i":"kai-deleted-n-photos","$v":{"one":[{"t":"idOrVar","v":"n"}," foto silindi"],"other":[{"t":"idOrVar","v":"n"}," şəkil silindi"]},"$x":[{"t":"idOrVar","v":"plural"},"n"]},{"$i":"kai-some-photos-not-share","$v":"Bəzi şəkillər paylaşıla bilməz"},{"$i":"pickoneimage2","$v":"Seç"},{"$i":"cropimage","$v":"Kəs"},{"$i":"kai-on","$v":"Açıq"},{"$i":"kai-off","$v":"Bağlı"},{"$i":"cancel","$v":"Ləğv et"},{"$i":"delete","$v":"Sil"},{"$i":"ok","$v":"OK"},{"$i":"edit","$v":"Redaktə et"},{"$i":"revert","$v":"Geri qaytarın"},{"$i":"save","$v":"Saxla"},{"$i":"done","$v":"Hazırdır"},{"$i":"exposure","$v":"Ekspozisiya"},{"$i":"crop","$v":"Kəs"},{"$i":"effects","$v":"Effektlər"},{"$i":"borders","$v":"Sərhədlər"},{"$i":"enhance-on","$v":"Avto-gücləndirmə açıqdır"},{"$i":"enhance-off","$v":"Avto-gücləndirmə bağlıdır"},{"$i":"kai-set","$v":"Set"},{"$i":"kai-options","$v":"Seçimlər"},{"$i":"kai-select-all","$v":"Hamısı"},{"$i":"kai-deselect-all","$v":"Heç nə"},{"$i":"kai-rotate","$v":"Fırlat"},{"$i":"kai-share","$v":"Paylaş"},{"$i":"kai-settings","$v":"Parametrlər"},{"$i":"kai-set-as","$v":"Kimi təyin edin"},{"$i":"set-as-wallpaper","$v":"Divar kağızı kimi qur"},{"$i":"kai-wallpaper","$v":"Divar kağızı"},{"$i":"kai-existing-contact-image","$v":"Mövcud əlaqə üçün şəkil"},{"$i":"kai-zoom","$v":"Miqyası dəyiş"},{"$i":"kai-zoom-in","$v":"Böyüt"},{"$i":"kai-zoom-out","$v":"Kiçilt"},{"$i":"kai-file-info","$v":"Fayl məlumatı"},{"$i":"kai-select-multiple","$v":"Bir neçəsini seç"},{"$i":"kai-edit-title","$v":"Şəkli düzəldin"},{"$i":"kai-edit-exposure","$v":"Ekspozisiya"},{"$i":"kai-edit-crop","$v":"Kəs"},{"$i":"kai-edit-rotate","$v":"Fırlat"},{"$i":"kai-edit-filters","$v":"Filtrlər"},{"$i":"kai-edit-auto-correct","$v":"Avto-düzəliş"},{"$i":"edit-exposure","ariaLabel":"Ekspozisiya"},{"$i":"edit-crop","ariaLabel":"Kəs"},{"$i":"edit-rotate","ariaLabel":"Fırlat"},{"$i":"edit-filters","ariaLabel":"Filtrlər"},{"$i":"edit-auto-correct","ariaLabel":"Avto-düzəliş"},{"$i":"crop-none","ariaLabel":"Kəsməyi ləğv et"},{"$i":"crop-aspect-free","ariaLabel":"Standart"},{"$i":"crop-aspect-portrait","ariaLabel":"2:3"},{"$i":"crop-aspect-landscape","ariaLabel":"3:2"},{"$i":"crop-aspect-square","ariaLabel":"1:1"},{"$i":"edit-filters-none","ariaLabel":"Filtr 1"},{"$i":"edit-filters-bw","ariaLabel":"Filtr 2"},{"$i":"edit-filters-sepia","ariaLabel":"Filtr 3"},{"$i":"edit-filters-bluesteel","ariaLabel":"Filtr 4"},{"$i":"edit-filters-faded","ariaLabel":"Filtr 5"},{"$i":"original","$v":"Orijinal"},{"$i":"blackandwhite","$v":{"$o":"B&W"}},{"$i":"sepia","$v":"Se​pia"},{"$i":"freeform","$v":"Sərbəstforma"},{"$i":"portrait","$v":"Portret"},{"$i":"landscape","$v":"Landşaft"},{"$i":"square","$v":"Kvadrat"},{"$i":"emptygallery2-title","$v":"Heç bir şəkil və ya video yoxdur"},{"$i":"emptygallery2-text","$v":"Qalereya boşdur. Başlamaq üçün kamera istifadə edin."},{"$i":"emptygallery2-title-pick","$v":"Heç bir şəkil yoxdur"},{"$i":"emptygallery-text-pick","$v":"Heç bir şəkil mövcud deyil."},{"$i":"nocard3-title","$v":"Heç bir yaddaş kartı yoxdur"},{"$i":"nocard4-text","$v":"Bu proqramı istifadə etmək üçün yaddaş kartı daxil edin."},{"$i":"pluggedin2-title","$v":"Yaddaş kartı istifadə edilir"},{"$i":"pluggedin2-text","$v":"Saxlama yeri ist olun. Bu proqramı ist etm üç telef çıxar."},{"$i":"scanning-title","$v":"Axtarır"},{"$i":"scanning-text","$v":"Şəkillər axtarılır..."},{"$i":"upgrade-title","$v":"Məlumat bazasının Yenilənməsi"},{"$i":"upgrade-text","$v":"Qalereyanın öz məl bazasını yenil müdd gözlə."},{"$i":"share-noprovider","$v":"Bu şəkil faylı növünü paylaşmaq olmur."},{"$i":"memorycardfull","$v":"Saxl yeri Dol. Şəkill red edilmir."},{"$i":"imagetoobig","$v":"Şəkil bu cihazda göstərilmək üçün çox böyükdür."},{"$i":"imageinvalid","$v":"Şəkil etibarsız və ya zədəlidir və göstərilə bilməz."},{"$i":"saved","$v":[{"t":"idOrVar","v":"filename"}," Qalereyada saxlandı"]},{"$i":"edit-copy-saved","$v":"Yeni surət saxlandı."},{"$i":"overlay-camera-button","$v":"Kameraya get"},{"$i":"name-label","$v":"Ad"},{"$i":"size-label","$v":"Ölçü"},{"$i":"image-type-label","$v":"Şəkil Növü"},{"$i":"kai-date-and-time-label","$v":"Tarix və saat"},{"$i":"date-taken-label","$v":"Çəkiliş Tarixi"},{"$i":"resolution-label","$v":"Əksetmə"},{"$i":"close-button","$v":"Bağla"},{"$i":"path-label","$v":"Marşrut"},{"$i":"sd-card","$v":"SD Kart"},{"$i":"internal","$v":"Daxili"},{"$i":"byteUnit-B","$v":"Baytlar"},{"$i":"byteUnit-KB","$v":"KB"},{"$i":"byteUnit-MB","$v":"MB"},{"$i":"byteUnit-GB","$v":"GB"},{"$i":"gallery","$v":"Qalereya"},{"$i":"preview","$v":"Önbaxış"},{"$i":"kai-confirmation","$v":"Təsdiq"},{"$i":"kai-delete-this-image","$v":"Şəkil silinsin?"},{"$i":"kai-delete-selected-image","$v":"Seçilmiş fotoşəkil silinsin?"},{"$i":"kai-delete-selected-images","$v":"Seçilmiş fotoşəkillər silinsin?"},{"$i":"kai-sort-by","$v":"Sırala"},{"$i":"kai-group-by-date-and-location","$v":"Tarixə görə qrup"},{"$i":"sort-and-group","$v":"Sırala və Qruplaşdır"},{"$i":"time_am","$v":"AM"},{"$i":"time_pm","$v":"PM"},{"$i":"date-group-header","$v":"%B %Y"},{"$i":"videoDescriptionShort","$v":"Video tarixi %I:%M %p, %B %e, %Y"},{"$i":"imageDescriptionShort","$v":"Şəklin tarixi %I:%M %p, %B %e, %Y"},{"$i":"editImagePreview","ariaLabel":"Şəklin ilkin baxılışını redaktə et"},{"$i":"kai-pickoneimage","$v":"Bir Şəkil seçin"},{"$i":"discard-changes-warning","$v":"Bütün dəyişikliklər itiriləcək. Dəyişiklikləri ləğv etmək istəyirsiniz?"},{"$i":"save-changes-warning","$v":"Bütün dəyişikliklər atılacaq. Dəyişiklikləri yadda saxla?"},{"$i":"discard","$v":"Sil"},{"$i":"camera","$v":"Kamera"},{"$i":"phone-is-full-title","$v":"Telefon yaddaşı doludur"},{"$i":"sd-card-is-full-title","$v":"SD kart doludur."},{"$i":"phone-is-full-content","$v":"Yer boşaltmaq üçün media fayllarını və ya proqram məlumatlarını silin. Media yaddaşını artırmaq üçün SD kart da daxil edə bilərsiniz."},{"$i":"sd-card-is-full-content","$v":"Yer boşaltmaq üçün SD kartdakı faylları silin."},{"$i":"favorite","$v":"Sevimlilər"},{"$i":"add-favorite","$v":"Sevimlilərə əlavə et"},{"$i":"remove-favorite","$v":"Seçilmələrdən sil"},{"$i":"emptyfavorite-text","$v":"Sevdiyiniz şəkillər yoxdur."},{"$i":"donglePlay","$v":"Səsləndir"},{"$i":"softkey-options","$v":"Seçimlər"},{"$i":"imageDescription","$v":[{"t":"idOrVar","v":"orientation"}," şəkil, %I:%M %p, %B %e, %Y"]},{"$i":"imageDescriptionNoTimestamp","$v":[{"t":"idOrVar","v":"orientation"}," şəkil"]},{"$i":"videoDescription","$v":[{"t":"idOrVar","v":"orientation"}," video, %I:%M %p, %B %e, %Y"]},{"$i":"videoDescriptionNoTimestamp","$v":[{"t":"idOrVar","v":"orientation"}," video"]},{"$i":"orientationPortrait","$v":"portret"},{"$i":"orientationLandscape","$v":"landşaft"},{"$i":"playbackPlay","ariaLabel":"İşə sal"},{"$i":"playbackPause","ariaLabel":"Pauza ver"},{"$i":"playbackNext","ariaLabel":"Növbəti"},{"$i":"playbackPrevious","ariaLabel":"Əvvəlki"},{"$i":"playbackFullscreen","ariaLabel":"Tam ekranlı"},{"$i":"playbackSeekBar","ariaLabel":["Səh axt, müdd ",{"t":"idOrVar","v":"duration"}]},{"$i":"weekday-0-long","$v":"Bazar"},{"$i":"weekday-1-long","$v":"Bazar ertəsi"},{"$i":"weekday-2-long","$v":"Çərşənbə axşamı"},{"$i":"weekday-3-long","$v":"Çərşənbə"},{"$i":"weekday-4-long","$v":"Cümə axşamı"},{"$i":"weekday-5-long","$v":"Cümə"},{"$i":"weekday-6-long","$v":"Şənbə"},{"$i":"weekday-0-short","$v":"Bazar"},{"$i":"weekday-1-short","$v":"Bazar ertəsi"},{"$i":"weekday-2-short","$v":"Çərşənbə axşamı"},{"$i":"weekday-3-short","$v":"Çərşənbə"},{"$i":"weekday-4-short","$v":"Cümə axşamı"},{"$i":"weekday-5-short","$v":"Cüm"},{"$i":"weekday-6-short","$v":"Şənbə"},{"$i":"month-0-long","$v":"Yanvar"},{"$i":"month-1-long","$v":"Fevral"},{"$i":"month-2-long","$v":"Mart"},{"$i":"month-3-long","$v":"Aprel"},{"$i":"month-4-long","$v":"May"},{"$i":"month-5-long","$v":"İyun"},{"$i":"month-6-long","$v":"İyul"},{"$i":"month-7-long","$v":"Avqust"},{"$i":"month-8-long","$v":"Sentyabr"},{"$i":"month-9-long","$v":"Oktyabr"},{"$i":"month-10-long","$v":"Noyabr"},{"$i":"month-11-long","$v":"Dekabr"},{"$i":"month-0-genitive","$v":"Yanvar"},{"$i":"month-1-genitive","$v":"Fevral"},{"$i":"month-2-genitive","$v":"Mart"},{"$i":"month-3-genitive","$v":"Aprel"},{"$i":"month-4-genitive","$v":"May"},{"$i":"month-5-genitive","$v":"İyun"},{"$i":"month-6-genitive","$v":"İyul"},{"$i":"month-7-genitive","$v":"Avqust"},{"$i":"month-8-genitive","$v":"Sentyabr"},{"$i":"month-9-genitive","$v":"Oktyabr"},{"$i":"month-10-genitive","$v":"Noyabr"},{"$i":"month-11-genitive","$v":"Dekabr"},{"$i":"month-0-short","$v":"Yan"},{"$i":"month-1-short","$v":"Fev"},{"$i":"month-2-short","$v":"Mar"},{"$i":"month-3-short","$v":"Apr"},{"$i":"month-4-short","$v":"May"},{"$i":"month-5-short","$v":"İyun"},{"$i":"month-6-short","$v":"İyul"},{"$i":"month-7-short","$v":"Avq"},{"$i":"month-8-short","$v":"Sen"},{"$i":"month-9-short","$v":"Okt"},{"$i":"month-10-short","$v":"Noy"},{"$i":"month-11-short","$v":"Dek"},{"$i":"minutes-ago-long","$v":{"few":[{"t":"idOrVar","v":"value"}," dəqiqə əvvəl"],"many":[{"t":"idOrVar","v":"value"}," dəqiqə əvvəl"],"other":[{"t":"idOrVar","v":"value"}," dəqiqə əvvəl"],"two":[{"t":"idOrVar","v":"value"}," dəqiqə əvvəl"],"one":"bir dəqiqə əvvəl","zero":"indicə"},"$x":[{"t":"idOrVar","v":"plural"},"value"]},{"$i":"hours-ago-long","$v":{"few":[{"t":"idOrVar","v":"value"}," saat əvvəl"],"many":[{"t":"idOrVar","v":"value"}," saat əvvəl"],"other":[{"t":"idOrVar","v":"value"}," saat əvvəl"],"two":[{"t":"idOrVar","v":"value"}," saat əvvəl"],"one":"1 saat əvvəl","zero":"indicə"},"$x":[{"t":"idOrVar","v":"plural"},"value"]},{"$i":"days-ago-long","$v":{"few":[{"t":"idOrVar","v":"value"}," gün əvvəl"],"many":[{"t":"idOrVar","v":"value"}," gün əvvəl"],"one":"dünən","other":[{"t":"idOrVar","v":"value"}," gün əvvəl"],"two":[{"t":"idOrVar","v":"value"}," gün əvvəl"],"zero":"bu gün"},"$x":[{"t":"idOrVar","v":"plural"},"value"]},{"$i":"weeks-ago-long","$v":{"few":[{"t":"idOrVar","v":"value"}," həftə əvvəl"],"many":[{"t":"idOrVar","v":"value"}," həftə əvvəl"],"one":"sonuncu həftə","other":[{"t":"idOrVar","v":"value"}," həftə əvvəl"],"two":[{"t":"idOrVar","v":"value"}," həftə əvvəl"],"zero":"bu həftə"},"$x":[{"t":"idOrVar","v":"plural"},"value"]},{"$i":"months-ago-long","$v":{"few":[{"t":"idOrVar","v":"value"}," ay əvvəl"],"many":[{"t":"idOrVar","v":"value"}," ay əvvəl"],"one":"sonuncu ay","other":[{"t":"idOrVar","v":"value"}," ay əvvəl"],"two":[{"t":"idOrVar","v":"value"}," ay əvvəl"],"zero":"bu ay"},"$x":[{"t":"idOrVar","v":"plural"},"value"]},{"$i":"years-ago-long","$v":{"few":[{"t":"idOrVar","v":"value"}," il əvvəl"],"many":[{"t":"idOrVar","v":"value"}," il əvvəl"],"one":"sonuncu il","other":[{"t":"idOrVar","v":"value"}," il əvvəl"],"two":[{"t":"idOrVar","v":"value"}," il əvvəl"],"zero":"bu il"},"$x":[{"t":"idOrVar","v":"plural"},"value"]},{"$i":"minutes-until-long","$v":{"few":[{"t":"idOrVar","v":"value"}," dəqiqədə"],"many":[{"t":"idOrVar","v":"value"}," dəqiqədə"],"other":[{"t":"idOrVar","v":"value"}," dəqiqədə"],"two":[{"t":"idOrVar","v":"value"}," dəqiqədə"],"zero":"indi","one":"1 dəqiqədə"},"$x":[{"t":"idOrVar","v":"plural"},"value"]},{"$i":"hours-until-long","$v":{"few":[{"t":"idOrVar","v":"value"}," saatda"],"many":[{"t":"idOrVar","v":"value"}," saatda"],"other":[{"t":"idOrVar","v":"value"}," saatda"],"two":[{"t":"idOrVar","v":"value"}," saatda"],"zero":"indi","one":"1 saatda"},"$x":[{"t":"idOrVar","v":"plural"},"value"]},{"$i":"days-until-long","$v":{"few":[{"t":"idOrVar","v":"value"}," gündə"],"many":[{"t":"idOrVar","v":"value"}," gündə"],"one":"sabah","other":[{"t":"idOrVar","v":"value"}," gündə"],"two":[{"t":"idOrVar","v":"value"}," gündə"],"zero":"bu gün"},"$x":[{"t":"idOrVar","v":"plural"},"value"]},{"$i":"weeks-until-long","$v":{"few":[{"t":"idOrVar","v":"value"}," həftədə"],"many":[{"t":"idOrVar","v":"value"}," həftədə"],"one":"növbəti həftə","other":[{"t":"idOrVar","v":"value"}," həftədə"],"two":[{"t":"idOrVar","v":"value"}," həftədə"],"zero":"bu həftə"},"$x":[{"t":"idOrVar","v":"plural"},"value"]},{"$i":"months-until-long","$v":{"few":[{"t":"idOrVar","v":"value"}," ayda"],"many":[{"t":"idOrVar","v":"value"}," ayda"],"one":"növbəti ay","other":[{"t":"idOrVar","v":"value"}," ayda"],"two":[{"t":"idOrVar","v":"value"}," ayda"],"zero":"bu ay"},"$x":[{"t":"idOrVar","v":"plural"},"value"]},{"$i":"years-until-long","$v":{"few":[{"t":"idOrVar","v":"value"}," ildə"],"many":[{"t":"idOrVar","v":"value"}," ildə"],"one":"növbəti il","other":[{"t":"idOrVar","v":"value"}," ildə"],"two":[{"t":"idOrVar","v":"value"}," ildə"],"zero":"bu il"},"$x":[{"t":"idOrVar","v":"plural"},"value"]},{"$i":"minutes-ago-short","$v":{"other":[{"t":"idOrVar","v":"value"},"d əvvəl"],"zero":"indicə"},"$x":[{"t":"idOrVar","v":"plural"},"value"]},{"$i":"hours-ago-short","$v":{"other":[{"t":"idOrVar","v":"value"},"s əvvəl"],"zero":"indicə"},"$x":[{"t":"idOrVar","v":"plural"},"value"]},{"$i":"days-ago-short","$v":{"other":[{"t":"idOrVar","v":"value"},"g əvvəl"],"zero":"bu gün"},"$x":[{"t":"idOrVar","v":"plural"},"value"]},{"$i":"minutes-until-short","$v":{"other":[{"t":"idOrVar","v":"value"}," d-də"],"zero":"indi"},"$x":[{"t":"idOrVar","v":"plural"},"value"]},{"$i":"hours-until-short","$v":{"other":[{"t":"idOrVar","v":"value"}," s-da"],"zero":"indi"},"$x":[{"t":"idOrVar","v":"plural"},"value"]},{"$i":"days-until-short","$v":{"other":[{"t":"idOrVar","v":"value"}," g-də"],"zero":"bu gün"},"$x":[{"t":"idOrVar","v":"plural"},"value"]},{"$i":"incorrectDate","$v":"(yanlış tarix)"},{"$i":"dateTimeFormat_%c","$v":"%a %b %e %Y %I:%M:%S %p"},{"$i":"dateTimeFormat_%x","$v":"%m/%d/%Y"},{"$i":"dateTimeFormat_%X","$v":"%I:%M:%S %p"},{"$i":"shortTimeFormat","$v":"%I:%M %p"},{"$i":"shortTimeFormat12","$v":"%I:%M %p"},{"$i":"shortTimeFormat24","$v":"%H:%M"},{"$i":"shortDateTimeFormat","$v":"%x %I:%M %p"},{"$i":"weekStartsOnMonday","$v":"0.0"},{"$i":"firstDayOfTheWeek","$v":"1.0"}]