[{"$i":"select","$v":"Выбраць"},{"$i":"deselect","$v":"Адмяніць выбар"},{"$i":"kai-select","$v":"Выбраць"},{"$i":"invalid-image","$v":"Няправільны відарыс"},{"$i":"image-too-big","$v":"Памер файла з відарысам надта вялікі, каб паказваць у галерэі"},{"$i":"image-invalid","$v":"Немагчыма адлюстраваць выяву, таму што яна несапраўдная або зламаная."},{"$i":"kai-selected-items-count","$v":[{"t":"idOrVar","v":"n"}," выбрана"]},{"$i":"delete-photo?","$v":"Выдаліць фота?"},{"$i":"delete-video?","$v":"Выдаліць відэа?"},{"$i":"deleting","$v":"Выдаляецца…"},{"$i":"delete-n-items?","$v":{"few":["Выдаліць элементы: ",{"t":"idOrVar","v":"n"},"?"],"many":["Выдаліць элементы: ",{"t":"idOrVar","v":"n"},"?"],"one":"Выдаліць выбраныя рэчы?","other":["Выдаліць элементы: ",{"t":"idOrVar","v":"n"},"?"],"two":["Выдаліць элементы: ",{"t":"idOrVar","v":"n"},"?"],"zero":"Нічога не выбрана"},"$x":[{"t":"idOrVar","v":"plural"},"n"]},{"$i":"kai-contact-set-ok","$v":"Дададзена выява кантакту."},{"$i":"kai-contact-set-fail","$v":"Не атрымалася ўсталяваць выяву кантакту."},{"$i":"kai-changes-saved","$v":"Змены захаваны."},{"$i":"wallpaper-set","$v":"Шпалера настроена."},{"$i":"kai-single-image-deleted","$v":"Фотаздымак выдалены."},{"$i":"kai-deleted-n-photos","$v":{"one":["Выдалена ",{"t":"idOrVar","v":"n"}," фота"],"other":["Выдалена фота: ",{"t":"idOrVar","v":"n"}]},"$x":[{"t":"idOrVar","v":"plural"},"n"]},{"$i":"kai-some-photos-not-share","$v":"Некаторыя фотаздымкі не могуць быць агульнымі"},{"$i":"pickoneimage2","$v":"Выбраць"},{"$i":"cropimage","$v":"Абрэзаць"},{"$i":"kai-on","$v":"Укл"},{"$i":"kai-off","$v":"выкл"},{"$i":"cancel","$v":"Скасаваць"},{"$i":"delete","$v":"Выдаліць"},{"$i":"ok","$v":"ОК"},{"$i":"edit","$v":"Рэдагаваць"},{"$i":"revert","$v":"Аднаўленне"},{"$i":"save","$v":"Захаваць"},{"$i":"done","$v":"Гатова"},{"$i":"exposure","$v":"Вытрымка"},{"$i":"crop","$v":"Абрэзаць"},{"$i":"effects","$v":"Эфекты"},{"$i":"borders","$v":"Межы"},{"$i":"enhance-on","$v":"Аўтапавышэнне ўкл"},{"$i":"enhance-off","$v":"Аўтапавышэнне выкл"},{"$i":"kai-set","$v":"Набор"},{"$i":"kai-options","$v":"Опцыі"},{"$i":"kai-select-all","$v":"Усе"},{"$i":"kai-deselect-all","$v":"Няма"},{"$i":"kai-rotate","$v":"Паварочваць"},{"$i":"kai-share","$v":"Абагуліць"},{"$i":"kai-settings","$v":"Настройкі"},{"$i":"kai-set-as","$v":"Ўсталяваць у якасці"},{"$i":"set-as-wallpaper","$v":"Настроена як шпалеры"},{"$i":"kai-wallpaper","$v":"Шпалера"},{"$i":"kai-existing-contact-image","$v":"Выява для наяўнага кантакту"},{"$i":"kai-zoom","$v":"Маштабіраваць"},{"$i":"kai-zoom-in","$v":"Павялічыць"},{"$i":"kai-zoom-out","$v":"Паменшыць"},{"$i":"kai-file-info","$v":"Інфармацыя аб файле"},{"$i":"kai-select-multiple","$v":"Выбраць некалькі"},{"$i":"kai-edit-title","$v":"Рэдагаваць малюнак"},{"$i":"kai-edit-exposure","$v":"Вытрымка"},{"$i":"kai-edit-crop","$v":"Абрэзаць"},{"$i":"kai-edit-rotate","$v":"Паварочваць"},{"$i":"kai-edit-filters","$v":"ФільтрыFilters"},{"$i":"kai-edit-auto-correct","$v":"Аўтакарэкцыя"},{"$i":"edit-exposure","ariaLabel":"Вытрымка"},{"$i":"edit-crop","ariaLabel":"Абрэзаць"},{"$i":"edit-rotate","ariaLabel":"Паварочваць"},{"$i":"edit-filters","ariaLabel":"ФільтрыFilters"},{"$i":"edit-auto-correct","ariaLabel":"Аўтакарэкцыя"},{"$i":"crop-none","ariaLabel":"Адрабіць абрэзку"},{"$i":"crop-aspect-free","ariaLabel":"Стандартна"},{"$i":"crop-aspect-portrait","ariaLabel":"2:3"},{"$i":"crop-aspect-landscape","ariaLabel":"3:2"},{"$i":"crop-aspect-square","ariaLabel":"1:1"},{"$i":"edit-filters-none","ariaLabel":"Фільтр 1"},{"$i":"edit-filters-bw","ariaLabel":"Фільтр 2"},{"$i":"edit-filters-sepia","ariaLabel":"Фільтр 3"},{"$i":"edit-filters-bluesteel","ariaLabel":"Фільтр 4"},{"$i":"edit-filters-faded","ariaLabel":"Фільтр 5"},{"$i":"original","$v":"Арыгінальная"},{"$i":"blackandwhite","$v":"Чорна-белы"},{"$i":"sepia","$v":"Сепія"},{"$i":"freeform","$v":"Свабодная форма"},{"$i":"portrait","$v":"Партрэтная"},{"$i":"landscape","$v":"Альбомная"},{"$i":"square","$v":"Квадрат"},{"$i":"emptygallery2-title","$v":"Няма фота або відэа"},{"$i":"emptygallery2-text","$v":"Галерэя пустая. Каб пачаць, скарыстайцеся камерай."},{"$i":"emptygallery2-title-pick","$v":"Няма фота"},{"$i":"emptygallery-text-pick","$v":"Няма даступных фота."},{"$i":"nocard3-title","$v":"Няма карткі-памяці"},{"$i":"nocard4-text","$v":"Каб карыстацца гэтай праграмай, устаўце картку памяці."},{"$i":"pluggedin2-title","$v":"Картка памяці выкарыстоўваецца"},{"$i":"pluggedin2-text","$v":"Схов. выкар. Адкл. тэл., каб карыст. гэтай прагр."},{"$i":"scanning-title","$v":"Сканіруецца"},{"$i":"scanning-text","$v":"Сканаванне ў пошуку фота..."},{"$i":"upgrade-title","$v":"Абнаўлены базы даных"},{"$i":"upgrade-text","$v":"Пач., пак. Галерэя абн. базу даных."},{"$i":"share-noprovider","$v":"Немагчыма абагуліць гэты тып файла відарыса."},{"$i":"memorycardfull","$v":"Схов. поўн. Немаг. рэдаг. фота."},{"$i":"imagetoobig","$v":"Відарыс надта вялікі для паказу на гэтай прыладзе."},{"$i":"imageinvalid","$v":"Відарыс няправільны або пашкоджаны і яго немагчыма паказаць."},{"$i":"saved","$v":["Файл ",{"t":"idOrVar","v":"filename"}," захаваны ў Галерэі"]},{"$i":"edit-copy-saved","$v":"Новая копія захавана."},{"$i":"overlay-camera-button","$v":"Перайсці на камеру"},{"$i":"name-label","$v":"Імя"},{"$i":"size-label","$v":"Памер"},{"$i":"image-type-label","$v":"Тып відарыса"},{"$i":"kai-date-and-time-label","$v":"Дата і час"},{"$i":"date-taken-label","$v":"Узята дата"},{"$i":"resolution-label","$v":"Разрозненне"},{"$i":"close-button","$v":"Закрыць"},{"$i":"path-label","$v":"Шлях"},{"$i":"sd-card","$v":"SD-картка"},{"$i":"internal","$v":"Унутранае"},{"$i":"byteUnit-B","$v":"Байты"},{"$i":"byteUnit-KB","$v":"КБ"},{"$i":"byteUnit-MB","$v":"МБ"},{"$i":"byteUnit-GB","$v":"ГБ"},{"$i":"gallery","$v":"Галерэя"},{"$i":"preview","$v":"Папярэдні прагляд"},{"$i":"kai-confirmation","$v":"Пацверджанне"},{"$i":"kai-delete-this-image","$v":"Выдаліць фота?"},{"$i":"kai-delete-selected-image","$v":"Выдаліць абранае фота?"},{"$i":"kai-delete-selected-images","$v":"Выдаліць выбраныя фатаграфіі?"},{"$i":"kai-sort-by","$v":"Сарт. паводле"},{"$i":"kai-group-by-date-and-location","$v":"Згрупаваць па даце"},{"$i":"sort-and-group","$v":"Сартаваць і групаваць"},{"$i":"time_am","$v":"Ран."},{"$i":"time_pm","$v":"PM"},{"$i":"date-group-header","$v":"%B %Y"},{"$i":"videoDescriptionShort","$v":"Відэа датавана %I:%M %p, %B %e, %Y"},{"$i":"imageDescriptionShort","$v":"Відарым датаваны %I:%M %p, %B %e, %Y"},{"$i":"editImagePreview","ariaLabel":"Рэдагаваць папярэдні прагляд відарысу"},{"$i":"kai-pickoneimage","$v":"Абярыце фота"},{"$i":"discard-changes-warning","$v":"Усе змены будуць страчаны. Адхіліць змены?"},{"$i":"save-changes-warning","$v":"Усе змены будуць адменены. Захаваць змены?"},{"$i":"discard","$v":"Скінуць"},{"$i":"camera","$v":"Камера"},{"$i":"phone-is-full-title","$v":"Сховішча тэлефона поўнае"},{"$i":"sd-card-is-full-title","$v":"SD-карта поўная."},{"$i":"phone-is-full-content","$v":"Каб вызв. месца, выдал. медыяфайлы або даныя праграм. Каб павял. сховішча медыя, можна ўставіць SD-карту."},{"$i":"sd-card-is-full-content","$v":"Каб вызв. месца, выдал. файлы на SD-карце."},{"$i":"favorite","$v":"Абранае"},{"$i":"add-favorite","$v":"Дадаць у выбранае"},{"$i":"remove-favorite","$v":"Выдаліць з выбранага"},{"$i":"emptyfavorite-text","$v":"У вас няма любімых фотаздымкаў."},{"$i":"donglePlay","$v":"Прайграваць"},{"$i":"softkey-options","$v":"Опцыі"},{"$i":"imageDescription","$v":[{"t":"idOrVar","v":"orientation"}," відарыс, %I:%M %p, %B %e, %Y"]},{"$i":"imageDescriptionNoTimestamp","$v":[{"t":"idOrVar","v":"orientation"}," відарыс"]},{"$i":"videoDescription","$v":[{"t":"idOrVar","v":"orientation"}," відэа, %I:%M %p, %B %e, %Y"]},{"$i":"videoDescriptionNoTimestamp","$v":[{"t":"idOrVar","v":"orientation"}," відэа"]},{"$i":"orientationPortrait","$v":"партрэтная"},{"$i":"orientationLandscape","$v":"ландшафт"},{"$i":"playbackPlay","ariaLabel":"Прайграць"},{"$i":"playbackPause","ariaLabel":"Паўза"},{"$i":"playbackNext","ariaLabel":"Далей"},{"$i":"playbackPrevious","ariaLabel":"Папярэдні"},{"$i":"playbackFullscreen","ariaLabel":"На ўвесь экран"},{"$i":"playbackSeekBar","ariaLabel":["Пан. пошуку, прац. ",{"t":"idOrVar","v":"duration"}]},{"$i":"weekday-0-long","$v":"Нядзеля"},{"$i":"weekday-1-long","$v":"Панядзелак"},{"$i":"weekday-2-long","$v":"Аўторак"},{"$i":"weekday-3-long","$v":"Серада"},{"$i":"weekday-4-long","$v":"Чацвер"},{"$i":"weekday-5-long","$v":"Пятніца"},{"$i":"weekday-6-long","$v":"Субота"},{"$i":"weekday-0-short","$v":"Нядз"},{"$i":"weekday-1-short","$v":"Пан"},{"$i":"weekday-2-short","$v":"Аўт"},{"$i":"weekday-3-short","$v":"Сер"},{"$i":"weekday-4-short","$v":"Чацв"},{"$i":"weekday-5-short","$v":"Пят"},{"$i":"weekday-6-short","$v":"Суб"},{"$i":"month-0-long","$v":"Студзень"},{"$i":"month-1-long","$v":"Люты"},{"$i":"month-2-long","$v":"Сакавік"},{"$i":"month-3-long","$v":"Красавік"},{"$i":"month-4-long","$v":"Май"},{"$i":"month-5-long","$v":"Чэрвень"},{"$i":"month-6-long","$v":"Ліпень"},{"$i":"month-7-long","$v":"Жнівень"},{"$i":"month-8-long","$v":"Верасень"},{"$i":"month-9-long","$v":"Кастрычнік"},{"$i":"month-10-long","$v":"Лістапад"},{"$i":"month-11-long","$v":"Снежань"},{"$i":"month-0-genitive","$v":"Студзень"},{"$i":"month-1-genitive","$v":"Люты"},{"$i":"month-2-genitive","$v":"Сакавік"},{"$i":"month-3-genitive","$v":"Красавік"},{"$i":"month-4-genitive","$v":"Май"},{"$i":"month-5-genitive","$v":"Чэрвень"},{"$i":"month-6-genitive","$v":"Ліпень"},{"$i":"month-7-genitive","$v":"Жнівень"},{"$i":"month-8-genitive","$v":"Верасень"},{"$i":"month-9-genitive","$v":"Кастрычнік"},{"$i":"month-10-genitive","$v":"Лістапад"},{"$i":"month-11-genitive","$v":"Снежань"},{"$i":"month-0-short","$v":"Сту"},{"$i":"month-1-short","$v":"Лют"},{"$i":"month-2-short","$v":"Сак"},{"$i":"month-3-short","$v":"Кра"},{"$i":"month-4-short","$v":"Май"},{"$i":"month-5-short","$v":"Чэр"},{"$i":"month-6-short","$v":"Ліп"},{"$i":"month-7-short","$v":"Жні"},{"$i":"month-8-short","$v":"Вер"},{"$i":"month-9-short","$v":"Кас"},{"$i":"month-10-short","$v":"Ліс"},{"$i":"month-11-short","$v":"Снж"},{"$i":"minutes-ago-long","$v":{"few":["Хвілін таму: ",{"t":"idOrVar","v":"value"}],"many":["Хвілін таму: ",{"t":"idOrVar","v":"value"}],"other":["Хвілін таму: ",{"t":"idOrVar","v":"value"}],"two":["Хвілін таму: ",{"t":"idOrVar","v":"value"}],"one":"хвіліну таму","zero":"толькі цяпер"},"$x":[{"t":"idOrVar","v":"plural"},"n"]},{"$i":"hours-ago-long","$v":{"few":["Гадзін таму: ",{"t":"idOrVar","v":"value"}],"many":["Гадзін таму: ",{"t":"idOrVar","v":"value"}],"other":["Гадзін таму: ",{"t":"idOrVar","v":"value"}],"two":["Гадзін таму: ",{"t":"idOrVar","v":"value"}],"one":"1 час назад","zero":"толькі цяпер"},"$x":[{"t":"idOrVar","v":"plural"},"n"]},{"$i":"days-ago-long","$v":{"few":["Дзён таму: ",{"t":"idOrVar","v":"value"}],"many":["Дзён таму: ",{"t":"idOrVar","v":"value"}],"one":"учора","other":["Дзён таму: ",{"t":"idOrVar","v":"value"}],"two":["Дзён таму: ",{"t":"idOrVar","v":"value"}],"zero":"сёння"},"$x":[{"t":"idOrVar","v":"plural"},"n"]},{"$i":"weeks-ago-long","$v":{"few":["Тыдняў таму: ",{"t":"idOrVar","v":"value"}],"many":["Тыдняў таму: ",{"t":"idOrVar","v":"value"}],"one":"на мінулым тыдні","other":["Тыдняў таму: ",{"t":"idOrVar","v":"value"}],"two":["Тыдняў таму: ",{"t":"idOrVar","v":"value"}],"zero":"на гэтым тыдні"},"$x":[{"t":"idOrVar","v":"plural"},"n"]},{"$i":"months-ago-long","$v":{"few":["Месяцаў таму: ",{"t":"idOrVar","v":"value"}],"many":["Месяцаў таму: ",{"t":"idOrVar","v":"value"}],"one":"у мінулым месяцы","other":["Месяцаў таму: ",{"t":"idOrVar","v":"value"}],"two":["Месяцаў таму: ",{"t":"idOrVar","v":"value"}],"zero":"у гэтым месяцы"},"$x":[{"t":"idOrVar","v":"plural"},"n"]},{"$i":"years-ago-long","$v":{"few":["Гадоў таму: ",{"t":"idOrVar","v":"value"}],"many":["Гадоў таму: ",{"t":"idOrVar","v":"value"}],"one":"у мінулым годзе","other":["Гадоў таму: ",{"t":"idOrVar","v":"value"}],"two":["Гадоў таму: ",{"t":"idOrVar","v":"value"}],"zero":"у гэтым годзе"},"$x":[{"t":"idOrVar","v":"plural"},"n"]},{"$i":"minutes-until-long","$v":{"few":["праз ",{"t":"idOrVar","v":"value"}," хвілін(-ы)"],"many":["праз ",{"t":"idOrVar","v":"value"}," хвілін(-ы)"],"other":["праз ",{"t":"idOrVar","v":"value"}," хвілін(-ы)"],"two":["праз ",{"t":"idOrVar","v":"value"}," хвілін(-ы)"],"zero":"цяпер","one":"праз 1 хвіліну"},"$x":[{"t":"idOrVar","v":"plural"},"n"]},{"$i":"hours-until-long","$v":{"few":["праз ",{"t":"idOrVar","v":"value"}," гадзін(-ы)"],"many":["праз ",{"t":"idOrVar","v":"value"}," гадзін(-ы)"],"other":["праз ",{"t":"idOrVar","v":"value"}," гадзін(-ы)"],"two":["праз ",{"t":"idOrVar","v":"value"}," гадзін(-ы)"],"zero":"цяпер","one":"праз 1 гадзіну"},"$x":[{"t":"idOrVar","v":"plural"},"n"]},{"$i":"days-until-long","$v":{"few":["праз ",{"t":"idOrVar","v":"value"}," дні(дзён)"],"many":["праз ",{"t":"idOrVar","v":"value"}," дні(дзён)"],"one":"заўтра","other":["праз ",{"t":"idOrVar","v":"value"}," дні(дзён)"],"two":["праз ",{"t":"idOrVar","v":"value"}," дні(дзён)"],"zero":"сёння"},"$x":[{"t":"idOrVar","v":"plural"},"n"]},{"$i":"weeks-until-long","$v":{"few":["праз ",{"t":"idOrVar","v":"value"}," тыдні(-яў)"],"many":["праз ",{"t":"idOrVar","v":"value"}," тыдні(-яў)"],"one":"на наступным тыдні","other":["праз ",{"t":"idOrVar","v":"value"}," тыдні(-яў)"],"two":["праз ",{"t":"idOrVar","v":"value"}," тыдні(-яў)"],"zero":"на гэтым тыдні"},"$x":[{"t":"idOrVar","v":"plural"},"n"]},{"$i":"months-until-long","$v":{"few":["праз ",{"t":"idOrVar","v":"value"}," месяц(-аў)"],"many":["праз ",{"t":"idOrVar","v":"value"}," месяц(-аў)"],"one":"у наступным месяцы","other":["праз ",{"t":"idOrVar","v":"value"}," месяц(-аў)"],"two":["праз ",{"t":"idOrVar","v":"value"}," месяц(-аў)"],"zero":"у гэтым месяцы"},"$x":[{"t":"idOrVar","v":"plural"},"n"]},{"$i":"years-until-long","$v":{"few":["праз ",{"t":"idOrVar","v":"value"}," гады (год)"],"many":["праз ",{"t":"idOrVar","v":"value"}," гады (год)"],"one":"у наступным годзе","other":["праз ",{"t":"idOrVar","v":"value"}," гады (год)"],"two":["праз ",{"t":"idOrVar","v":"value"}," гады (год)"],"zero":"у гэтым годзе"},"$x":[{"t":"idOrVar","v":"plural"},"n"]},{"$i":"minutes-ago-short","$v":{"other":[{"t":"idOrVar","v":"value"},"хв таму"],"zero":"толькі цяпер"},"$x":[{"t":"idOrVar","v":"plural"},"n"]},{"$i":"hours-ago-short","$v":{"other":[{"t":"idOrVar","v":"value"},"гадз таму"],"zero":"толькі цяпер"},"$x":[{"t":"idOrVar","v":"plural"},"n"]},{"$i":"days-ago-short","$v":{"other":[{"t":"idOrVar","v":"value"},"д таму"],"zero":"сёння"},"$x":[{"t":"idOrVar","v":"plural"},"n"]},{"$i":"minutes-until-short","$v":{"other":["праз ",{"t":"idOrVar","v":"value"},"хв"],"zero":"цяпер"},"$x":[{"t":"idOrVar","v":"plural"},"n"]},{"$i":"hours-until-short","$v":{"other":["праз ",{"t":"idOrVar","v":"value"},"гадз"],"zero":"цяпер"},"$x":[{"t":"idOrVar","v":"plural"},"n"]},{"$i":"days-until-short","$v":{"other":["праз ",{"t":"idOrVar","v":"value"},"д"],"zero":"сёння"},"$x":[{"t":"idOrVar","v":"plural"},"n"]},{"$i":"incorrectDate","$v":"(няправільная дата)"},{"$i":"dateTimeFormat_%c","$v":"%a %b %e %Y %I:%M:%S %p"},{"$i":"dateTimeFormat_%x","$v":"%m/%d/%Y"},{"$i":"dateTimeFormat_%X","$v":"%I:%M:%S %p"},{"$i":"shortTimeFormat","$v":"%I:%M %p"},{"$i":"shortTimeFormat12","$v":"%I:%M %p"},{"$i":"shortTimeFormat24","$v":"%H:%M"},{"$i":"shortDateTimeFormat","$v":"%x %I:%M %p"},{"$i":"weekStartsOnMonday","$v":"0.0"},{"$i":"firstDayOfTheWeek","$v":"1.0"}]