[{"$i":"select","$v":"নির্বাচন করুন"},{"$i":"deselect","$v":"অনির্বাচন করুন"},{"$i":"kai-select","$v":"নির্বাচন করুন"},{"$i":"invalid-image","$v":"অবৈধ ছবি"},{"$i":"image-too-big","$v":"ছবির ফাইলের আকার গ্যালারীতে দেখানোর জন্য অনেক বড়."},{"$i":"image-invalid","$v":"ছবিটি প্রদর্শন করতে অক্ষম কারণ এটি অবৈধ বা ভাঙ্গা।"},{"$i":"kai-selected-items-count","$v":[{"t":"idOrVar","v":"n"},"টি নির্বাচিত"]},{"$i":"delete-photo?","$v":"ফটো মুছুন ?"},{"$i":"delete-video?","$v":"ভিডিও মুছুন ?"},{"$i":"deleting","$v":"মুছে ফেলা হচ্ছে..."},{"$i":"delete-n-items?","$v":{"few":[{"t":"idOrVar","v":"n"},"টি আইটেম মুছুন ?"],"many":[{"t":"idOrVar","v":"n"},"টি আইটেম মুছুন ?"],"one":"নির্বাচিত আইটেম মুছুন ?","other":[{"t":"idOrVar","v":"n"},"টি আইটেম মুছুন ?"],"two":[{"t":"idOrVar","v":"n"},"টি আইটেম মুছুন ?"],"zero":"কিছু নির্বাচন করা হয় নি"},"$x":[{"t":"idOrVar","v":"plural"},"n"]},{"$i":"kai-contact-set-ok","$v":"পরিচিতির ছবি যোগ করা হয়েছে"},{"$i":"kai-contact-set-fail","$v":"পরিচিতির ছবি সেট করতে ব্যর্থ"},{"$i":"kai-changes-saved","$v":"পরিবর্তনগুলি সেভ করা হয়েছে"},{"$i":"wallpaper-set","$v":"ওয়ালপেপার সেট করা হয়েছে"},{"$i":"kai-single-image-deleted","$v":"ফটো মোছা হয়েছে ।"},{"$i":"kai-deleted-n-photos","$v":{"one":[{"t":"idOrVar","v":"n"}," ফটো মুছে ফেলা হয়েছে"],"other":[{"t":"idOrVar","v":"n"}," ফটো মুছে ফেলা হয়েছে"]},"$x":[{"t":"idOrVar","v":"plural"},"n"]},{"$i":"kai-some-photos-not-share","$v":"কিছু ফটো শেয়ার করা যাবে না"},{"$i":"pickoneimage2","$v":"নির্বাচন করুন"},{"$i":"cropimage","$v":"ক্রপ করুন"},{"$i":"kai-on","$v":"অন"},{"$i":"kai-off","$v":"অফ"},{"$i":"cancel","$v":"বাতিল করুন"},{"$i":"delete","$v":"মুছুন"},{"$i":"ok","$v":"ঠিক আছে"},{"$i":"edit","$v":"সম্পাদনা করুন"},{"$i":"revert","$v":"ফিরে যান"},{"$i":"save","$v":"সেভ করুন"},{"$i":"done","$v":"সম্পন্ন"},{"$i":"exposure","$v":"এক্সপোজার"},{"$i":"crop","$v":"ক্রপ করুন"},{"$i":"effects","$v":"প্রভাবগুলি"},{"$i":"borders","$v":"বর্ডার"},{"$i":"enhance-on","$v":"স্বতঃ-বর্ধিত অন"},{"$i":"enhance-off","$v":"স্বতঃ-বর্ধিত অফ"},{"$i":"kai-set","$v":"সেট করুন"},{"$i":"kai-options","$v":"বিকল্পগুলি"},{"$i":"kai-select-all","$v":"সমস্ত"},{"$i":"kai-deselect-all","$v":"কোনো কিছুই নয়"},{"$i":"kai-rotate","$v":"রোটেট"},{"$i":"kai-share","$v":"শেয়ার করুন"},{"$i":"kai-settings","$v":"সেটিংস"},{"$i":"kai-set-as","$v":"সেট করুন এই হিসাবে"},{"$i":"set-as-wallpaper","$v":"ওয়ালপেপার হিসাবে সেট করুন"},{"$i":"kai-wallpaper","$v":"ওয়ালপেপার"},{"$i":"kai-existing-contact-image","$v":"বিদ্যমান পরিচিতির জন্য ছবি"},{"$i":"kai-zoom","$v":"জুম করুন"},{"$i":"kai-zoom-in","$v":"জুম ইন"},{"$i":"kai-zoom-out","$v":"জুম আউট"},{"$i":"kai-file-info","$v":"ফাইলের তথ্য"},{"$i":"kai-select-multiple","$v":"একাধিক নির্বাচন করুন"},{"$i":"kai-edit-title","$v":"ছবি সম্পাদনা করুন"},{"$i":"kai-edit-exposure","$v":"এক্সপোজার"},{"$i":"kai-edit-crop","$v":"ক্রপ করুন"},{"$i":"kai-edit-rotate","$v":"রোটেট"},{"$i":"kai-edit-filters","$v":"ফিল্টারস"},{"$i":"kai-edit-auto-correct","$v":"স্বতঃ সংশোধন"},{"$i":"edit-exposure","ariaLabel":"এক্সপোজার"},{"$i":"edit-crop","ariaLabel":"ক্রপ করুন"},{"$i":"edit-rotate","ariaLabel":"রোটেট"},{"$i":"edit-filters","ariaLabel":"ফিল্টারস"},{"$i":"edit-auto-correct","ariaLabel":"স্বতঃ সংশোধন"},{"$i":"crop-none","ariaLabel":"ক্রপিং আনডু করুন"},{"$i":"crop-aspect-free","ariaLabel":"ডিফল্ট"},{"$i":"crop-aspect-portrait","ariaLabel":"2:3"},{"$i":"crop-aspect-landscape","ariaLabel":"3:2"},{"$i":"crop-aspect-square","ariaLabel":"1:1"},{"$i":"edit-filters-none","ariaLabel":"ফিল্টার 1"},{"$i":"edit-filters-bw","ariaLabel":"ফিল্টার 2"},{"$i":"edit-filters-sepia","ariaLabel":"ফিল্টার 3"},{"$i":"edit-filters-bluesteel","ariaLabel":"ফিল্টার 4"},{"$i":"edit-filters-faded","ariaLabel":"ফিল্টার 5"},{"$i":"original","$v":"আসল"},{"$i":"blackandwhite","$v":{"$o":"B&W"}},{"$i":"sepia","$v":"সেপিয়া"},{"$i":"freeform","$v":"ফ্রীফর্ম"},{"$i":"portrait","$v":"পোর্ট্রেট"},{"$i":"landscape","$v":"ল্যান্ডস্কেপ"},{"$i":"square","$v":"বর্গাকার"},{"$i":"emptygallery2-title","$v":"কোনো ফটো বা ভিডিও নেই"},{"$i":"emptygallery2-text","$v":"গ্যালারি খালি। শুরু করতে ক্যামেরা ব্যবহার করুন ।"},{"$i":"emptygallery2-title-pick","$v":"কোনো ফটো নেই"},{"$i":"emptygallery-text-pick","$v":"কোনো ফটো উপলব্ধ নয় ।"},{"$i":"nocard3-title","$v":"কোনো মেমোরি কার্ড নেই"},{"$i":"nocard4-text","$v":"এই অ্যাপটি ব্যবহার করতে একটি মেমোরি কার্ড ঢোকান ।"},{"$i":"pluggedin2-title","$v":"মেমোরি কার্ড ব্যবহার হচ্ছে"},{"$i":"pluggedin2-text","$v":"স্টোরেজ ব্যবহার হচ্ছে। এই অ্যাপটি ব্যবহার করতে অনুগ্রহ করে ফোনটি প্লাগ থেকে খুলুন ।"},{"$i":"scanning-title","$v":"স্ক্যান করা হচ্ছে"},{"$i":"scanning-text","$v":"ফটোগুলির জন্য স্ক্যান করছে..."},{"$i":"upgrade-title","$v":"ডেটাবেস আপগ্রেড"},{"$i":"upgrade-text","$v":"গ্যালারি যখন তার ডেটাবেস আপডেট করে তখন অনুগ্রহ করে অপেক্ষা করুন ।"},{"$i":"share-noprovider","$v":"এই ছবির ফাইলের ধরণটি শেয়ার করা যাচ্ছে না ।"},{"$i":"memorycardfull","$v":"স্টোরেজ পূর্ণ। ফটোগুলি সম্পাদনা করা যাবে না।"},{"$i":"imagetoobig","$v":"ছবিটি এই ডিভাইসে দেখানোর পক্ষে অনেক বড় ।"},{"$i":"imageinvalid","$v":"ছবি অবৈধ বা নষ্ট হয়ে গেছে এবং দেখানো যাবে না ।"},{"$i":"saved","$v":[{"t":"idOrVar","v":"filename"}," গ্যালারিতে সেভ করা হয়েছে"]},{"$i":"edit-copy-saved","$v":"নতুন কপি সেভ করা হয়েছে ।"},{"$i":"overlay-camera-button","$v":"ক্যামেরাতে যান"},{"$i":"name-label","$v":"নাম"},{"$i":"size-label","$v":"আকার"},{"$i":"image-type-label","$v":"ছবির প্রকার"},{"$i":"kai-date-and-time-label","$v":"তারিখ এবং সময়"},{"$i":"date-taken-label","$v":"তারিখ নেওয়া হয়েছে"},{"$i":"resolution-label","$v":"রিজোলিউশন"},{"$i":"close-button","$v":"বন্ধ করুন"},{"$i":"path-label","$v":"পথ"},{"$i":"sd-card","$v":"SD কার্ড"},{"$i":"internal","$v":"ইন্টারনাল"},{"$i":"byteUnit-B","$v":"বাইট"},{"$i":"byteUnit-KB","$v":"KB"},{"$i":"byteUnit-MB","$v":"MB"},{"$i":"byteUnit-GB","$v":"GB"},{"$i":"gallery","$v":"গ্যালারি"},{"$i":"preview","$v":"প্রিভিউ"},{"$i":"kai-confirmation","$v":"নিশ্চিতকরণ"},{"$i":"kai-delete-this-image","$v":"ফটো মুছুন ?"},{"$i":"kai-delete-selected-image","$v":"নির্বাচিত ফটোগুলি মুছুন"},{"$i":"kai-delete-selected-images","$v":"নির্বাচিত ফটোগুলি মুছুন ?"},{"$i":"kai-sort-by","$v":"দ্বারা ক্রমানুসারে সাজান"},{"$i":"kai-group-by-date-and-location","$v":"তারিখ অনুসারে গ্রুপ করুন"},{"$i":"sort-and-group","$v":"ক্রমানুসারে সাজান এবং গ্রুপ করুন"},{"$i":"time_am","$v":"AM"},{"$i":"time_pm","$v":"PM"},{"$i":"date-group-header","$v":"%B %Y"},{"$i":"videoDescriptionShort","$v":"ভিডিওয়ের তারিখ %I:%M %p, %B %e, %Y"},{"$i":"imageDescriptionShort","$v":"ছবির তারিখ %I:%M %p, %B %e, %Y"},{"$i":"editImagePreview","ariaLabel":"ছবির প্রিভিউ সম্পাদনা করুন"},{"$i":"kai-pickoneimage","$v":"একটি ফটো নির্বাচন করুন"},{"$i":"discard-changes-warning","$v":"সমস্ত পরিবর্তন হারিয়ে হবে। আপনি কি পরিবর্তনগুলি বাতিল করতে চান ?"},{"$i":"save-changes-warning","$v":"সমস্ত পরিবর্তন বাতিল করা হবে। পরিবর্তনগুলি সেভ করতে চান ?"},{"$i":"discard","$v":"খারিজ করুন"},{"$i":"camera","$v":"ক্যামেরা"},{"$i":"phone-is-full-title","$v":"ফোন স্টোরেজ ভর্তি"},{"$i":"sd-card-is-full-title","$v":"এস.ডি কার্ড ভর্তি"},{"$i":"phone-is-full-content","$v":"স্থান খালি করতে মিডিয়া ফাইল বা অ্যাপ্লিকেশন তথ্য মুছুন। আপনি মিডিয়া স্টোরেজ বাড়ানোর  জন্য একটি এস.ডি কার্ড ঢোকাতে পারেন।"},{"$i":"sd-card-is-full-content","$v":"স্থান খালি করতে এস.ডি কার্ডের ফাইল মুছুন।"},{"$i":"favorite","$v":"প্রিয়"},{"$i":"add-favorite","$v":"পছন্দতে যোগ করুন"},{"$i":"remove-favorite","$v":"প্রিয় তালিকা থেকে অপসারণ করুন"},{"$i":"emptyfavorite-text","$v":"আপনার কোনো প্রিয় ছবি নেই।"},{"$i":"donglePlay","$v":"বাজান"},{"$i":"softkey-options","$v":"বিকল্পগুলি"},{"$i":"imageDescription","$v":[{"t":"idOrVar","v":"orientation"}," ছবি, %I:%M %p, %B %e, %Y"]},{"$i":"imageDescriptionNoTimestamp","$v":[{"t":"idOrVar","v":"orientation"}," ছবি"]},{"$i":"videoDescription","$v":[{"t":"idOrVar","v":"orientation"}," ভিডিও, %I:%M %p, %B %e, %Y"]},{"$i":"videoDescriptionNoTimestamp","$v":[{"t":"idOrVar","v":"orientation"}," ভিডিও"]},{"$i":"orientationPortrait","$v":"পোর্ট্রেট"},{"$i":"orientationLandscape","$v":"ল্যান্ডস্কেপ"},{"$i":"playbackPlay","ariaLabel":"বাজান"},{"$i":"playbackPause","ariaLabel":"বিরাম দিন"},{"$i":"playbackNext","ariaLabel":"পরবর্তী"},{"$i":"playbackPrevious","ariaLabel":"পূর্ববর্তী"},{"$i":"playbackFullscreen","ariaLabel":"ফূলস্ক্রীন"},{"$i":"playbackSeekBar","ariaLabel":["বার খুঁজুন, সময় মেয়াদ ",{"t":"idOrVar","v":"duration"}]},{"$i":"weekday-0-long","$v":"রবিবার"},{"$i":"weekday-1-long","$v":"সোমবার"},{"$i":"weekday-2-long","$v":"মঙ্গলবার"},{"$i":"weekday-3-long","$v":"বুধবার"},{"$i":"weekday-4-long","$v":"বৃহস্পতিবার"},{"$i":"weekday-5-long","$v":"শুক্রবার"},{"$i":"weekday-6-long","$v":"শনিবার"},{"$i":"weekday-0-short","$v":"রবি"},{"$i":"weekday-1-short","$v":"সোম"},{"$i":"weekday-2-short","$v":"মঙ্গল"},{"$i":"weekday-3-short","$v":"বুধ"},{"$i":"weekday-4-short","$v":"বৃহস্পতি"},{"$i":"weekday-5-short","$v":"শুক্র"},{"$i":"weekday-6-short","$v":"শনি"},{"$i":"month-0-long","$v":"জানুয়ারি"},{"$i":"month-1-long","$v":"ফেব্রুয়ারি"},{"$i":"month-2-long","$v":"মার্চ"},{"$i":"month-3-long","$v":"এপ্রিল"},{"$i":"month-4-long","$v":"মে"},{"$i":"month-5-long","$v":"জুন"},{"$i":"month-6-long","$v":"জুলাই"},{"$i":"month-7-long","$v":"আগস্ট"},{"$i":"month-8-long","$v":"সেপ্টেম্বর"},{"$i":"month-9-long","$v":"অক্টোবর"},{"$i":"month-10-long","$v":"নভেম্বর"},{"$i":"month-11-long","$v":"ডিসেম্বর"},{"$i":"month-0-genitive","$v":"জানুয়ারি"},{"$i":"month-1-genitive","$v":"ফেব্রুয়ারি"},{"$i":"month-2-genitive","$v":"মার্চ"},{"$i":"month-3-genitive","$v":"এপ্রিল"},{"$i":"month-4-genitive","$v":"মে"},{"$i":"month-5-genitive","$v":"জুন"},{"$i":"month-6-genitive","$v":"জুলাই"},{"$i":"month-7-genitive","$v":"আগস্ট"},{"$i":"month-8-genitive","$v":"সেপ্টেম্বর"},{"$i":"month-9-genitive","$v":"অক্টোবর"},{"$i":"month-10-genitive","$v":"নভেম্বর"},{"$i":"month-11-genitive","$v":"ডিসেম্বর"},{"$i":"month-0-short","$v":"জানুয়ারী"},{"$i":"month-1-short","$v":"ফেব্রুয়ারি"},{"$i":"month-2-short","$v":"মার্চ"},{"$i":"month-3-short","$v":"এপ্রিল"},{"$i":"month-4-short","$v":"মে"},{"$i":"month-5-short","$v":"জুন"},{"$i":"month-6-short","$v":"জুলাই"},{"$i":"month-7-short","$v":"আগস্ট"},{"$i":"month-8-short","$v":"সেপ্টেম্বর"},{"$i":"month-9-short","$v":"অক্টোবর"},{"$i":"month-10-short","$v":"নভেম্বর"},{"$i":"month-11-short","$v":"ডিসেম্বর"},{"$i":"minutes-ago-long","$v":{"few":[{"t":"idOrVar","v":"value"}," মিনিট আগে"],"many":[{"t":"idOrVar","v":"value"}," মিনিট আগে"],"other":[{"t":"idOrVar","v":"value"}," মিনিট আগে"],"two":[{"t":"idOrVar","v":"value"}," মিনিট আগে"],"one":"এক মিনিট আগে","zero":"Just now"},"$x":[{"t":"idOrVar","v":"plural"},"value"]},{"$i":"hours-ago-long","$v":{"few":[{"t":"idOrVar","v":"value"}," ঘন্টা আগে"],"many":[{"t":"idOrVar","v":"value"}," ঘন্টা আগে"],"other":[{"t":"idOrVar","v":"value"}," ঘন্টা আগে"],"two":[{"t":"idOrVar","v":"value"}," ঘন্টা আগে"],"one":"এক ঘন্টা আগে","zero":"Just now"},"$x":[{"t":"idOrVar","v":"plural"},"value"]},{"$i":"days-ago-long","$v":{"few":[{"t":"idOrVar","v":"value"}," দিন আগে"],"many":[{"t":"idOrVar","v":"value"}," দিন আগে"],"one":"গতকাল","other":[{"t":"idOrVar","v":"value"}," দিন আগে"],"two":[{"t":"idOrVar","v":"value"}," দিন আগে"],"zero":"আজ"},"$x":[{"t":"idOrVar","v":"plural"},"value"]},{"$i":"weeks-ago-long","$v":{"few":[{"t":"idOrVar","v":"value"}," সপ্তাহ আগে"],"many":[{"t":"idOrVar","v":"value"}," সপ্তাহ আগে"],"one":"গত সপ্তাহ","other":[{"t":"idOrVar","v":"value"}," সপ্তাহ আগে"],"two":[{"t":"idOrVar","v":"value"}," সপ্তাহ আগে"],"zero":"এই সপ্তাহ"},"$x":[{"t":"idOrVar","v":"plural"},"value"]},{"$i":"months-ago-long","$v":{"few":[{"t":"idOrVar","v":"value"}," মাস আগে"],"many":[{"t":"idOrVar","v":"value"}," মাস আগে"],"one":"গত মাস","other":[{"t":"idOrVar","v":"value"}," মাস আগে"],"two":[{"t":"idOrVar","v":"value"}," মাস আগে"],"zero":"এই মাস"},"$x":[{"t":"idOrVar","v":"plural"},"value"]},{"$i":"years-ago-long","$v":{"few":[{"t":"idOrVar","v":"value"}," বছর আগে"],"many":[{"t":"idOrVar","v":"value"}," বছর আগে"],"one":"গত বছর","other":[{"t":"idOrVar","v":"value"}," বছর আগে"],"two":[{"t":"idOrVar","v":"value"}," বছর আগে"],"zero":"এই বছর"},"$x":[{"t":"idOrVar","v":"plural"},"value"]},{"$i":"minutes-until-long","$v":{"few":[{"t":"idOrVar","v":"value"}," মিনিটে"],"many":[{"t":"idOrVar","v":"value"}," মিনিটে"],"other":[{"t":"idOrVar","v":"value"}," মিনিটে"],"two":[{"t":"idOrVar","v":"value"}," মিনিটে"],"zero":"এখন","one":"এক মিনিটে"},"$x":[{"t":"idOrVar","v":"plural"},"value"]},{"$i":"hours-until-long","$v":{"few":[{"t":"idOrVar","v":"value"}," ঘন্টায়"],"many":[{"t":"idOrVar","v":"value"}," ঘন্টায়"],"other":[{"t":"idOrVar","v":"value"}," ঘন্টায়"],"two":[{"t":"idOrVar","v":"value"}," ঘন্টায়"],"zero":"এখন","one":"এক ঘন্টায়"},"$x":[{"t":"idOrVar","v":"plural"},"value"]},{"$i":"days-until-long","$v":{"few":[{"t":"idOrVar","v":"value"}," দিনে"],"many":[{"t":"idOrVar","v":"value"}," দিনে"],"one":"আগামীকাল","other":[{"t":"idOrVar","v":"value"}," দিনে"],"two":[{"t":"idOrVar","v":"value"}," দিনে"],"zero":"আজ"},"$x":[{"t":"idOrVar","v":"plural"},"value"]},{"$i":"weeks-until-long","$v":{"few":[{"t":"idOrVar","v":"value"}," সপ্তাহে"],"many":[{"t":"idOrVar","v":"value"}," সপ্তাহে"],"one":"পরের সপ্তাহ","other":[{"t":"idOrVar","v":"value"}," সপ্তাহে"],"two":[{"t":"idOrVar","v":"value"}," সপ্তাহে"],"zero":"এই সপ্তাহ"},"$x":[{"t":"idOrVar","v":"plural"},"value"]},{"$i":"months-until-long","$v":{"few":[{"t":"idOrVar","v":"value"}," মাসে"],"many":[{"t":"idOrVar","v":"value"}," মাসে"],"one":"পরের মাস","other":[{"t":"idOrVar","v":"value"}," মাসে"],"two":[{"t":"idOrVar","v":"value"}," মাসে"],"zero":"এই মাস"},"$x":[{"t":"idOrVar","v":"plural"},"value"]},{"$i":"years-until-long","$v":{"few":[{"t":"idOrVar","v":"value"}," বছরে"],"many":[{"t":"idOrVar","v":"value"}," বছরে"],"one":"পরের বছর","other":[{"t":"idOrVar","v":"value"}," বছরে"],"two":[{"t":"idOrVar","v":"value"}," বছরে"],"zero":"এই বছর"},"$x":[{"t":"idOrVar","v":"plural"},"value"]},{"$i":"minutes-ago-short","$v":{"other":[{"t":"idOrVar","v":"value"},"মিনিট আগে"],"zero":"Just now"},"$x":[{"t":"idOrVar","v":"plural"},"value"]},{"$i":"hours-ago-short","$v":{"other":[{"t":"idOrVar","v":"value"},"ঘন্টা আগে"],"zero":"Just now"},"$x":[{"t":"idOrVar","v":"plural"},"value"]},{"$i":"days-ago-short","$v":{"other":[{"t":"idOrVar","v":"value"},"দিন আগে"],"zero":"আজ"},"$x":[{"t":"idOrVar","v":"plural"},"value"]},{"$i":"minutes-until-short","$v":{"other":[{"t":"idOrVar","v":"value"},"মাসে"],"zero":"এখন"},"$x":[{"t":"idOrVar","v":"plural"},"value"]},{"$i":"hours-until-short","$v":{"other":[{"t":"idOrVar","v":"value"},"ঘন্টায়"],"zero":"এখন"},"$x":[{"t":"idOrVar","v":"plural"},"value"]},{"$i":"days-until-short","$v":{"other":[{"t":"idOrVar","v":"value"},"দিনে"],"zero":"আজ"},"$x":[{"t":"idOrVar","v":"plural"},"value"]},{"$i":"incorrectDate","$v":"(ভুল তারিখ)"},{"$i":"dateTimeFormat_%c","$v":"%a %b %e %Y %I:%M:%S %p"},{"$i":"dateTimeFormat_%x","$v":"%m/%d/%Y"},{"$i":"dateTimeFormat_%X","$v":"%I:%M:%S %p"},{"$i":"shortTimeFormat","$v":"%I:%M %p"},{"$i":"shortTimeFormat12","$v":"%I:%M %p"},{"$i":"shortTimeFormat24","$v":"%H:%M"},{"$i":"shortDateTimeFormat","$v":"%x %I:%M %p"},{"$i":"weekStartsOnMonday","$v":"0.0"},{"$i":"firstDayOfTheWeek","$v":"0.0"}]