[{"$i":"select","$v":"Vybrat"},{"$i":"deselect","$v":"Zrušit výběr"},{"$i":"kai-select","$v":"Vybrat"},{"$i":"invalid-image","$v":"Neplatný obrázek"},{"$i":"image-too-big","$v":"Obrázek je pro zobrazení v galerii příliš velký"},{"$i":"image-invalid","$v":"Nelze zobrazit obrázek, protože je neplatný nebo poškozený."},{"$i":"kai-selected-items-count","$v":[{"t":"idOrVar","v":"n"}," vybráno"]},{"$i":"delete-photo?","$v":"Odstranit fotografii?"},{"$i":"delete-video?","$v":"Odstranit video?"},{"$i":"deleting","$v":"Odstraňování…"},{"$i":"delete-n-items?","$v":{"few":["Odstranit položky (",{"t":"idOrVar","v":"n"},")?"],"many":["Odstranit položky (",{"t":"idOrVar","v":"n"},")?"],"one":"Odstranit vybranou položku?","other":["Odstranit položky (",{"t":"idOrVar","v":"n"},")?"],"two":["Odstranit položky (",{"t":"idOrVar","v":"n"},")?"],"zero":"Nebylo nic vybráno"},"$x":[{"t":"idOrVar","v":"plural"},"n"]},{"$i":"kai-contact-set-ok","$v":"Obrázek kontaktu byl přidán."},{"$i":"kai-contact-set-fail","$v":"Nepodařilo se nastavit obrázek kontaktu."},{"$i":"kai-changes-saved","$v":"Změny uloženy."},{"$i":"wallpaper-set","$v":"Tapeta nastavena."},{"$i":"kai-single-image-deleted","$v":"Fotka byla smazána."},{"$i":"kai-deleted-n-photos","$v":{"one":[{"t":"idOrVar","v":"n"}," foto odstraněno"],"other":["Odstraněné fotky: ",{"t":"idOrVar","v":"n"}]},"$x":[{"t":"idOrVar","v":"plural"},"n"]},{"$i":"kai-some-photos-not-share","$v":"Některé fotografie nelze sdílet"},{"$i":"pickoneimage2","$v":"Vybrat"},{"$i":"cropimage","$v":"Oříznout"},{"$i":"kai-on","$v":"Zap."},{"$i":"kai-off","$v":"Vyp."},{"$i":"cancel","$v":"Zrušit"},{"$i":"delete","$v":"Odstranit"},{"$i":"ok","$v":"OK"},{"$i":"edit","$v":"Upravit"},{"$i":"revert","$v":"Vrátit"},{"$i":"save","$v":"Uložit"},{"$i":"done","$v":"Hotovo"},{"$i":"exposure","$v":"Expozice"},{"$i":"crop","$v":"Oříznout"},{"$i":"effects","$v":"Efekty"},{"$i":"borders","$v":"Okraje"},{"$i":"enhance-on","$v":"Autom. vylepšení zapn."},{"$i":"enhance-off","$v":"Autom. vylepšení vypn."},{"$i":"kai-set","$v":"Soubor"},{"$i":"kai-options","$v":"Možnosti"},{"$i":"kai-select-all","$v":"Vše"},{"$i":"kai-deselect-all","$v":"Žádný"},{"$i":"kai-rotate","$v":"Otočit"},{"$i":"kai-share","$v":"Sdílet"},{"$i":"kai-settings","$v":"Nastavení"},{"$i":"kai-set-as","$v":"Nastavit jako"},{"$i":"set-as-wallpaper","$v":"Nastavit jako tapetu"},{"$i":"kai-wallpaper","$v":"Tapeta"},{"$i":"kai-existing-contact-image","$v":"Obrázek pro existující kontakt"},{"$i":"kai-zoom","$v":"Zvětšit"},{"$i":"kai-zoom-in","$v":"Přiblížit"},{"$i":"kai-zoom-out","$v":"Oddálit"},{"$i":"kai-file-info","$v":"Informace o souboru"},{"$i":"kai-select-multiple","$v":"Vybrat více"},{"$i":"kai-edit-title","$v":"Upravit obrázek"},{"$i":"kai-edit-exposure","$v":"Expozice"},{"$i":"kai-edit-crop","$v":"Oříznout"},{"$i":"kai-edit-rotate","$v":"Otočit"},{"$i":"kai-edit-filters","$v":"Filtry"},{"$i":"kai-edit-auto-correct","$v":"Autom. opravit"},{"$i":"edit-exposure","ariaLabel":"Expozice"},{"$i":"edit-crop","ariaLabel":"Oříznout"},{"$i":"edit-rotate","ariaLabel":"Otočit"},{"$i":"edit-filters","ariaLabel":"Filtry"},{"$i":"edit-auto-correct","ariaLabel":"Autom. opravit"},{"$i":"crop-none","ariaLabel":"Zrušit ořezání"},{"$i":"crop-aspect-free","ariaLabel":"Výchozí"},{"$i":"crop-aspect-portrait","ariaLabel":"2:3"},{"$i":"crop-aspect-landscape","ariaLabel":"3:2"},{"$i":"crop-aspect-square","ariaLabel":"1:1"},{"$i":"edit-filters-none","ariaLabel":"Filtr 1"},{"$i":"edit-filters-bw","ariaLabel":"Filtr 2"},{"$i":"edit-filters-sepia","ariaLabel":"Filtr 3"},{"$i":"edit-filters-bluesteel","ariaLabel":"Filtr 4"},{"$i":"edit-filters-faded","ariaLabel":"Filtr 5"},{"$i":"original","$v":"Původní"},{"$i":"blackandwhite","$v":"ČB"},{"$i":"sepia","$v":"Sépie"},{"$i":"freeform","$v":"Volný formulář"},{"$i":"portrait","$v":"Na výšku"},{"$i":"landscape","$v":"Na šířku"},{"$i":"square","$v":"Čtverec"},{"$i":"emptygallery2-title","$v":"Žádné fotografie či videa"},{"$i":"emptygallery2-text","$v":"Galerie je prázdná. Začněte použitím fotoaparátu."},{"$i":"emptygallery2-title-pick","$v":"Žádné fotografie"},{"$i":"emptygallery-text-pick","$v":"Nejsou k dispozici žádné fotografie."},{"$i":"nocard3-title","$v":"Žádná pam. karta"},{"$i":"nocard4-text","$v":"K použití aplikace je třeba vložit paměťovou kartu."},{"$i":"pluggedin2-title","$v":"Paměťová karta používána"},{"$i":"pluggedin2-text","$v":"Úložiště se používá. Před použitím této aplikace odpojte telefon od zdroje nap."},{"$i":"scanning-title","$v":"Hledání"},{"$i":"scanning-text","$v":"Hledání fotografií..."},{"$i":"upgrade-title","$v":"Upgrade databáze"},{"$i":"upgrade-text","$v":"Počkejte, až Galerie aktualizuje databázi."},{"$i":"share-noprovider","$v":"Tento typ obrazového souboru nelze sdílet."},{"$i":"memorycardfull","$v":"Úložiště je plné. Fotografie nelze upravit."},{"$i":"imagetoobig","$v":"Obrázek je pro zobrazení v tomto zařízení příliš velký."},{"$i":"imageinvalid","$v":"Obrázek je neplatný nebo poškozený a nelze jej zobrazit."},{"$i":"saved","$v":["Soubor ",{"t":"idOrVar","v":"filename"}," uložen do galerie"]},{"$i":"edit-copy-saved","$v":"Nová kopie uložena."},{"$i":"overlay-camera-button","$v":"Přejít k fotoaparátu"},{"$i":"name-label","$v":"Název"},{"$i":"size-label","$v":"Velikost"},{"$i":"image-type-label","$v":"Typ obrázku"},{"$i":"kai-date-and-time-label","$v":"Datum a čas"},{"$i":"date-taken-label","$v":"Datum pořízení"},{"$i":"resolution-label","$v":"Rozlišení"},{"$i":"close-button","$v":"Zavřít"},{"$i":"path-label","$v":"Cesta"},{"$i":"sd-card","$v":"SD karta"},{"$i":"internal","$v":"Vnitřní"},{"$i":"byteUnit-B","$v":"Bajty"},{"$i":"byteUnit-KB","$v":"kB"},{"$i":"byteUnit-MB","$v":"MB"},{"$i":"byteUnit-GB","$v":"GB"},{"$i":"gallery","$v":"Galerie"},{"$i":"preview","$v":"Náhled"},{"$i":"kai-confirmation","$v":"Potvrzení"},{"$i":"kai-delete-this-image","$v":"Odstranit fotografii?"},{"$i":"kai-delete-selected-image","$v":"Smazat vybranou fotku?"},{"$i":"kai-delete-selected-images","$v":"Smazat vybrané fotografie?"},{"$i":"kai-sort-by","$v":"Seřadit podle"},{"$i":"kai-group-by-date-and-location","$v":"Seskupit podle data"},{"$i":"sort-and-group","$v":"Řadit a seskupit"},{"$i":"time_am","$v":"dop."},{"$i":"time_pm","$v":"odp."},{"$i":"date-group-header","$v":"%B %Y"},{"$i":"videoDescriptionShort","$v":"Video s datem %I:%M %p, %B %e, %Y"},{"$i":"imageDescriptionShort","$v":"Obrázek s datem %I:%M %p, %B %e, %Y"},{"$i":"editImagePreview","ariaLabel":"Upravit náhled obrázku"},{"$i":"kai-pickoneimage","$v":"Vyberte fotografii"},{"$i":"discard-changes-warning","$v":"Všechny změny budou ztraceny. Chcete změny zrušit?"},{"$i":"save-changes-warning","$v":"Všechny změny budou zahozeny. Uložit změny?"},{"$i":"discard","$v":"Zahodit"},{"$i":"camera","$v":"Fotoaparát"},{"$i":"phone-is-full-title","$v":"Paměť telefonu je plná."},{"$i":"sd-card-is-full-title","$v":"SD karta je plná."},{"$i":"phone-is-full-content","$v":"Smazáním souborů médií nebo dat aplikací uvolněte místo. Úložiště můžete zvětšit také vložením karty SD."},{"$i":"sd-card-is-full-content","$v":"Smazáním souborů uvolněte místo na kartě SD."},{"$i":"favorite","$v":"Oblíbené"},{"$i":"add-favorite","$v":"Přidat do oblíbených"},{"$i":"remove-favorite","$v":"Vyřadit z oblíbených"},{"$i":"emptyfavorite-text","$v":"Nemáte žádné oblíbené fotografie."},{"$i":"donglePlay","$v":"Přehrát"},{"$i":"softkey-options","$v":"Možnosti"},{"$i":"imageDescription","$v":["Obrázek ",{"t":"idOrVar","v":"orientation"},", %I:%M %p, %B %e, %Y"]},{"$i":"imageDescriptionNoTimestamp","$v":["Obrázek ",{"t":"idOrVar","v":"orientation"}]},{"$i":"videoDescription","$v":["Video ",{"t":"idOrVar","v":"orientation"},", %I:%M %p, %B %e, %Y"]},{"$i":"videoDescriptionNoTimestamp","$v":["Video ",{"t":"idOrVar","v":"orientation"}]},{"$i":"orientationPortrait","$v":"na výšku"},{"$i":"orientationLandscape","$v":"na šířku"},{"$i":"playbackPlay","ariaLabel":"Přehrát"},{"$i":"playbackPause","ariaLabel":"Pozastavit"},{"$i":"playbackNext","ariaLabel":"Další"},{"$i":"playbackPrevious","ariaLabel":"Předchozí"},{"$i":"playbackFullscreen","ariaLabel":"Celá obrazovka"},{"$i":"playbackSeekBar","ariaLabel":["Panel hledání, trvání ",{"t":"idOrVar","v":"duration"}]},{"$i":"weekday-0-long","$v":"Neděle"},{"$i":"weekday-1-long","$v":"Pondělí"},{"$i":"weekday-2-long","$v":"Úterý"},{"$i":"weekday-3-long","$v":"Středa"},{"$i":"weekday-4-long","$v":"Čtvrtek"},{"$i":"weekday-5-long","$v":"Pátek"},{"$i":"weekday-6-long","$v":"Sobota"},{"$i":"weekday-0-short","$v":"Ne"},{"$i":"weekday-1-short","$v":"Po"},{"$i":"weekday-2-short","$v":"Út"},{"$i":"weekday-3-short","$v":"St"},{"$i":"weekday-4-short","$v":"Čt"},{"$i":"weekday-5-short","$v":"Pá"},{"$i":"weekday-6-short","$v":"So"},{"$i":"month-0-long","$v":"Leden"},{"$i":"month-1-long","$v":"Únor"},{"$i":"month-2-long","$v":"Březen"},{"$i":"month-3-long","$v":"Duben"},{"$i":"month-4-long","$v":"Květen"},{"$i":"month-5-long","$v":"Červen"},{"$i":"month-6-long","$v":"Červenec"},{"$i":"month-7-long","$v":"Srpen"},{"$i":"month-8-long","$v":"Září"},{"$i":"month-9-long","$v":"Říjen"},{"$i":"month-10-long","$v":"Listopad"},{"$i":"month-11-long","$v":"Prosinec"},{"$i":"month-0-genitive","$v":"Leden"},{"$i":"month-1-genitive","$v":"Únor"},{"$i":"month-2-genitive","$v":"Březen"},{"$i":"month-3-genitive","$v":"Duben"},{"$i":"month-4-genitive","$v":"Květen"},{"$i":"month-5-genitive","$v":"Červen"},{"$i":"month-6-genitive","$v":"Červenec"},{"$i":"month-7-genitive","$v":"Srpen"},{"$i":"month-8-genitive","$v":"Září"},{"$i":"month-9-genitive","$v":"Říjen"},{"$i":"month-10-genitive","$v":"Listopad"},{"$i":"month-11-genitive","$v":"Prosinec"},{"$i":"month-0-short","$v":"Led"},{"$i":"month-1-short","$v":"Úno"},{"$i":"month-2-short","$v":"Bře"},{"$i":"month-3-short","$v":"Dub"},{"$i":"month-4-short","$v":"Kvě"},{"$i":"month-5-short","$v":"Čer"},{"$i":"month-6-short","$v":"Čvc"},{"$i":"month-7-short","$v":"Srp"},{"$i":"month-8-short","$v":"Zář"},{"$i":"month-9-short","$v":"Říj"},{"$i":"month-10-short","$v":"Lis"},{"$i":"month-11-short","$v":"Pro"},{"$i":"minutes-ago-long","$v":{"few":["před ",{"t":"idOrVar","v":"value"}," minutami"],"many":["před ",{"t":"idOrVar","v":"value"}," minutami"],"other":["před ",{"t":"idOrVar","v":"value"}," minutami"],"two":["před ",{"t":"idOrVar","v":"value"}," minutami"],"one":"před minutou","zero":"právě teď"},"$x":[{"t":"idOrVar","v":"plural"},"value"]},{"$i":"hours-ago-long","$v":{"few":["před ",{"t":"idOrVar","v":"value"}," hodinami"],"many":["před ",{"t":"idOrVar","v":"value"}," hodinami"],"other":["před ",{"t":"idOrVar","v":"value"}," hodinami"],"two":["před ",{"t":"idOrVar","v":"value"}," hodinami"],"one":"před 1 hodinou","zero":"právě teď"},"$x":[{"t":"idOrVar","v":"plural"},"value"]},{"$i":"days-ago-long","$v":{"few":["před ",{"t":"idOrVar","v":"value"}," dny"],"many":["před ",{"t":"idOrVar","v":"value"}," dny"],"one":"včera","other":["před ",{"t":"idOrVar","v":"value"}," dny"],"two":["před ",{"t":"idOrVar","v":"value"}," dny"],"zero":"dnes"},"$x":[{"t":"idOrVar","v":"plural"},"value"]},{"$i":"weeks-ago-long","$v":{"few":["před ",{"t":"idOrVar","v":"value"}," týdny"],"many":["před ",{"t":"idOrVar","v":"value"}," týdny"],"one":"minulý týden","other":["před ",{"t":"idOrVar","v":"value"}," týdny"],"two":["před ",{"t":"idOrVar","v":"value"}," týdny"],"zero":"tento týden"},"$x":[{"t":"idOrVar","v":"plural"},"value"]},{"$i":"months-ago-long","$v":{"few":["před ",{"t":"idOrVar","v":"value"}," měsíci"],"many":["před ",{"t":"idOrVar","v":"value"}," měsíci"],"one":"poslední měsíc","other":["před ",{"t":"idOrVar","v":"value"}," měsíci"],"two":["před ",{"t":"idOrVar","v":"value"}," měsíci"],"zero":"tento měsíc"},"$x":[{"t":"idOrVar","v":"plural"},"value"]},{"$i":"years-ago-long","$v":{"few":["před ",{"t":"idOrVar","v":"value"}," lety"],"many":["před ",{"t":"idOrVar","v":"value"}," lety"],"one":"minulý rok","other":["před ",{"t":"idOrVar","v":"value"}," lety"],"two":["před ",{"t":"idOrVar","v":"value"}," lety"],"zero":"tento rok"},"$x":[{"t":"idOrVar","v":"plural"},"value"]},{"$i":"minutes-until-long","$v":{"few":["za ",{"t":"idOrVar","v":"value"}," min."],"many":["za ",{"t":"idOrVar","v":"value"}," min."],"other":["za ",{"t":"idOrVar","v":"value"}," min."],"two":["za ",{"t":"idOrVar","v":"value"}," min."],"zero":"nyní","one":"za 1 minutu"},"$x":[{"t":"idOrVar","v":"plural"},"value"]},{"$i":"hours-until-long","$v":{"few":["za ",{"t":"idOrVar","v":"value"}," hod."],"many":["za ",{"t":"idOrVar","v":"value"}," hod."],"other":["za ",{"t":"idOrVar","v":"value"}," hod."],"two":["za ",{"t":"idOrVar","v":"value"}," hod."],"zero":"nyní","one":"za 1 hodinu"},"$x":[{"t":"idOrVar","v":"plural"},"value"]},{"$i":"days-until-long","$v":{"few":["za ",{"t":"idOrVar","v":"value"}," dny/dní"],"many":["za ",{"t":"idOrVar","v":"value"}," dny/dní"],"one":"zítra","other":["za ",{"t":"idOrVar","v":"value"}," dny/dní"],"two":["za ",{"t":"idOrVar","v":"value"}," dny/dní"],"zero":"dnes"},"$x":[{"t":"idOrVar","v":"plural"},"value"]},{"$i":"weeks-until-long","$v":{"few":["za ",{"t":"idOrVar","v":"value"}," týdny/týdnů"],"many":["za ",{"t":"idOrVar","v":"value"}," týdny/týdnů"],"one":"příští týden","other":["za ",{"t":"idOrVar","v":"value"}," týdny/týdnů"],"two":["za ",{"t":"idOrVar","v":"value"}," týdny/týdnů"],"zero":"tento týden"},"$x":[{"t":"idOrVar","v":"plural"},"value"]},{"$i":"months-until-long","$v":{"few":["za ",{"t":"idOrVar","v":"value"}," měsíce/měsíců"],"many":["za ",{"t":"idOrVar","v":"value"}," měsíce/měsíců"],"one":"příští měsíc","other":["za ",{"t":"idOrVar","v":"value"}," měsíce/měsíců"],"two":["za ",{"t":"idOrVar","v":"value"}," měsíce/měsíců"],"zero":"tento měsíc"},"$x":[{"t":"idOrVar","v":"plural"},"value"]},{"$i":"years-until-long","$v":{"few":["za ",{"t":"idOrVar","v":"value"}," roky/let"],"many":["za ",{"t":"idOrVar","v":"value"}," roky/let"],"one":"příští rok","other":["za ",{"t":"idOrVar","v":"value"}," roky/let"],"two":["za ",{"t":"idOrVar","v":"value"}," roky/let"],"zero":"tento rok"},"$x":[{"t":"idOrVar","v":"plural"},"value"]},{"$i":"minutes-ago-short","$v":{"other":["před ",{"t":"idOrVar","v":"value"}," m"],"zero":"právě teď"},"$x":[{"t":"idOrVar","v":"plural"},"value"]},{"$i":"hours-ago-short","$v":{"other":["před ",{"t":"idOrVar","v":"value"}," h"],"zero":"právě teď"},"$x":[{"t":"idOrVar","v":"plural"},"value"]},{"$i":"days-ago-short","$v":{"other":["před ",{"t":"idOrVar","v":"value"}," d"],"zero":"dnes"},"$x":[{"t":"idOrVar","v":"plural"},"value"]},{"$i":"minutes-until-short","$v":{"other":["za ",{"t":"idOrVar","v":"value"}," m"],"zero":"nyní"},"$x":[{"t":"idOrVar","v":"plural"},"value"]},{"$i":"hours-until-short","$v":{"other":["za ",{"t":"idOrVar","v":"value"}," h"],"zero":"nyní"},"$x":[{"t":"idOrVar","v":"plural"},"value"]},{"$i":"days-until-short","$v":{"other":["za ",{"t":"idOrVar","v":"value"}," d"],"zero":"dnes"},"$x":[{"t":"idOrVar","v":"plural"},"value"]},{"$i":"incorrectDate","$v":"(nesprávné datum)"},{"$i":"dateTimeFormat_%c","$v":"%a %b %e %Y %I:%M:%S %p"},{"$i":"dateTimeFormat_%x","$v":"%m/%d/%Y"},{"$i":"dateTimeFormat_%X","$v":"%I:%M:%S %p"},{"$i":"shortTimeFormat","$v":"%I:%M %p"},{"$i":"shortTimeFormat12","$v":"%I:%M %p"},{"$i":"shortTimeFormat24","$v":"%H:%M"},{"$i":"shortDateTimeFormat","$v":"%x %I:%M %p"},{"$i":"weekStartsOnMonday","$v":"0.0"},{"$i":"firstDayOfTheWeek","$v":"1.0"}]