[{"$i":"select","$v":"Vælg"},{"$i":"deselect","$v":"Fravælg"},{"$i":"kai-select","$v":"Vælg"},{"$i":"invalid-image","$v":"Ugyldigt billede"},{"$i":"image-too-big","$v":"Billedets filstørrelse er for stor til at blive vist i galleriet"},{"$i":"image-invalid","$v":"Kan ikke vise billede, fordi det er ugyldigt eller ødelagt."},{"$i":"kai-selected-items-count","$v":[{"t":"idOrVar","v":"n"}," valgt"]},{"$i":"delete-photo?","$v":"Slet foto?"},{"$i":"delete-video?","$v":"Slet video?"},{"$i":"deleting","$v":"Sletter…"},{"$i":"delete-n-items?","$v":{"few":["Slet ",{"t":"idOrVar","v":"n"}," element?"],"many":["Slet ",{"t":"idOrVar","v":"n"}," element?"],"one":"Slet det markerede element?","other":["Slet ",{"t":"idOrVar","v":"n"}," element?"],"two":["Slet ",{"t":"idOrVar","v":"n"}," element?"],"zero":"Intet er valgt"},"$x":[{"t":"idOrVar","v":"plural"},"n"]},{"$i":"kai-contact-set-ok","$v":"Kontaktbillede tilføjet."},{"$i":"kai-contact-set-fail","$v":"Kunne ikke indstille kontaktbillede."},{"$i":"kai-changes-saved","$v":"Ændringerne er gemt."},{"$i":"wallpaper-set","$v":"Baggrund indstillet."},{"$i":"kai-single-image-deleted","$v":"Foto slettet."},{"$i":"kai-deleted-n-photos","$v":{"one":[{"t":"idOrVar","v":"n"}," foto slettet"],"other":[{"t":"idOrVar","v":"n"}," fotos slettet"]},"$x":[{"t":"idOrVar","v":"plural"},"n"]},{"$i":"kai-some-photos-not-share","$v":"Nogle fotos kan ikke deles"},{"$i":"pickoneimage2","$v":"Vælg"},{"$i":"cropimage","$v":"Beskær"},{"$i":"kai-on","$v":"Til"},{"$i":"kai-off","$v":"Fra"},{"$i":"cancel","$v":"Annuller"},{"$i":"delete","$v":"Slet"},{"$i":"ok","$v":"OK"},{"$i":"edit","$v":"Rediger"},{"$i":"revert","$v":"Gendan"},{"$i":"save","$v":"Gem"},{"$i":"done","$v":"Udført"},{"$i":"exposure","$v":"Eksponering"},{"$i":"crop","$v":"Beskær"},{"$i":"effects","$v":"Effekter"},{"$i":"borders","$v":"Grænser"},{"$i":"enhance-on","$v":"Autoforbedring til"},{"$i":"enhance-off","$v":"Autoforbedring fra"},{"$i":"kai-set","$v":"Sæt"},{"$i":"kai-options","$v":"Valg"},{"$i":"kai-select-all","$v":"Alle"},{"$i":"kai-deselect-all","$v":"Intet"},{"$i":"kai-rotate","$v":"Rotér"},{"$i":"kai-share","$v":"Del"},{"$i":"kai-settings","$v":"Indstillinger"},{"$i":"kai-set-as","$v":"Angivet som"},{"$i":"set-as-wallpaper","$v":"Brug som baggrund"},{"$i":"kai-wallpaper","$v":"Baggrund"},{"$i":"kai-existing-contact-image","$v":"Billede til eksisterende kontakt"},{"$i":"kai-zoom","$v":"Zoom"},{"$i":"kai-zoom-in","$v":"Zoom ind"},{"$i":"kai-zoom-out","$v":"Zoom ud"},{"$i":"kai-file-info","$v":"Filinfo"},{"$i":"kai-select-multiple","$v":"Vælg flere"},{"$i":"kai-edit-title","$v":"Rediger billede"},{"$i":"kai-edit-exposure","$v":"Eksponering"},{"$i":"kai-edit-crop","$v":"Beskær"},{"$i":"kai-edit-rotate","$v":"Rotér"},{"$i":"kai-edit-filters","$v":"Filtre"},{"$i":"kai-edit-auto-correct","$v":"Autokorrektur"},{"$i":"edit-exposure","ariaLabel":"Eksponering"},{"$i":"edit-crop","ariaLabel":"Beskær"},{"$i":"edit-rotate","ariaLabel":"Rotér"},{"$i":"edit-filters","ariaLabel":"Filtre"},{"$i":"edit-auto-correct","ariaLabel":"Autokorrektur"},{"$i":"crop-none","ariaLabel":"Fortryd beskæring"},{"$i":"crop-aspect-free","ariaLabel":"Standard"},{"$i":"crop-aspect-portrait","ariaLabel":"2:3"},{"$i":"crop-aspect-landscape","ariaLabel":"3:2"},{"$i":"crop-aspect-square","ariaLabel":"1:1"},{"$i":"edit-filters-none","ariaLabel":"Filter 1"},{"$i":"edit-filters-bw","ariaLabel":"Filter 2"},{"$i":"edit-filters-sepia","ariaLabel":"Filter 3"},{"$i":"edit-filters-bluesteel","ariaLabel":"Filter 4"},{"$i":"edit-filters-faded","ariaLabel":"Filter 5"},{"$i":"original","$v":"Oprindelig"},{"$i":"blackandwhite","$v":"S-H"},{"$i":"sepia","$v":"Sepia"},{"$i":"freeform","$v":"Kombinationstegning"},{"$i":"portrait","$v":"Stående"},{"$i":"landscape","$v":"Liggende"},{"$i":"square","$v":"Kvadratisk"},{"$i":"emptygallery2-title","$v":"Ingen fotos eller videoer"},{"$i":"emptygallery2-text","$v":"Galleriet er tomt. Brug kameraet for at komme i gang."},{"$i":"emptygallery2-title-pick","$v":"Ingen fotos"},{"$i":"emptygallery-text-pick","$v":"Ingen fotos er tilgængelige."},{"$i":"nocard3-title","$v":"Intet hukommelseskort"},{"$i":"nocard4-text","$v":"Isæt et hukommelseskort for at bruge denne app."},{"$i":"pluggedin2-title","$v":"Hukommelseskort i brug"},{"$i":"pluggedin2-text","$v":"Lageret er i brug. Fjern tilslutningen til telefonen for at bruge denne app."},{"$i":"scanning-title","$v":"Søger"},{"$i":"scanning-text","$v":"Søger efter fotos..."},{"$i":"upgrade-title","$v":"Databaseopgradering"},{"$i":"upgrade-text","$v":"Vent, mens Galleri opdaterer sin database."},{"$i":"share-noprovider","$v":"Kan ikke dele denne billedfiltype."},{"$i":"memorycardfull","$v":"Lageret er fuldt. Kan ikke redigere fotos."},{"$i":"imagetoobig","$v":"Billedet er for stort til at blive vist på denne enhed."},{"$i":"imageinvalid","$v":"Billedet er ugyldigt eller beskadiget og kan ikke vises."},{"$i":"saved","$v":[{"t":"idOrVar","v":"filename"}," gemt i Galleri"]},{"$i":"edit-copy-saved","$v":"Ny kopi gemt."},{"$i":"overlay-camera-button","$v":"Gå til kamera"},{"$i":"name-label","$v":"Navn"},{"$i":"size-label","$v":"Størrelse"},{"$i":"image-type-label","$v":"Billedtype"},{"$i":"kai-date-and-time-label","$v":"Dato og tid"},{"$i":"date-taken-label","$v":"Dato taget"},{"$i":"resolution-label","$v":"Opløsning"},{"$i":"close-button","$v":"Luk"},{"$i":"path-label","$v":"Sti"},{"$i":"sd-card","$v":"SD-kort"},{"$i":"internal","$v":"Intern"},{"$i":"byteUnit-B","$v":"Byte"},{"$i":"byteUnit-KB","$v":"KB"},{"$i":"byteUnit-MB","$v":"MB"},{"$i":"byteUnit-GB","$v":"GB"},{"$i":"gallery","$v":"Galleri"},{"$i":"preview","$v":"Vis eksempel"},{"$i":"kai-confirmation","$v":"Bekræftelse"},{"$i":"kai-delete-this-image","$v":"Slet foto?"},{"$i":"kai-delete-selected-image","$v":"Slet det valgte foto?"},{"$i":"kai-delete-selected-images","$v":"Slet valgte fotos?"},{"$i":"kai-sort-by","$v":"Sortér efter"},{"$i":"kai-group-by-date-and-location","$v":"Grupper efter dato"},{"$i":"sort-and-group","$v":"Sortér og gruppér"},{"$i":"time_am","$v":"AM"},{"$i":"time_pm","$v":"PM"},{"$i":"date-group-header","$v":"%B %Y"},{"$i":"videoDescriptionShort","$v":"Video dateret %I:%M %p, %B %e, %Y"},{"$i":"imageDescriptionShort","$v":"Billede dateret %I:%M %p, %B %e, %Y"},{"$i":"editImagePreview","ariaLabel":"Rediger eksempelvisning af billede"},{"$i":"kai-pickoneimage","$v":"Vælg et foto"},{"$i":"discard-changes-warning","$v":"Alle ændringer går tabt. Vil du kassere ændringerne?"},{"$i":"save-changes-warning","$v":"Alle ændringer kasseres. Gem ændringer?"},{"$i":"discard","$v":"Kassér"},{"$i":"camera","$v":"Kamera"},{"$i":"phone-is-full-title","$v":"Telefonens lager er fuldt"},{"$i":"sd-card-is-full-title","$v":"SD-kort er fuldt."},{"$i":"phone-is-full-content","$v":"Slet mediefiler eller programdata for at frigøre plads. Du kan også indsætte et SD-kort for at udvide medielageret."},{"$i":"sd-card-is-full-content","$v":"Slet filer på SD-kortet for at frigøre plads."},{"$i":"favorite","$v":"Foretrukne"},{"$i":"add-favorite","$v":"Føj til foretrukne"},{"$i":"remove-favorite","$v":"Fjern fra favoritter"},{"$i":"emptyfavorite-text","$v":"Du har ingen foretrukne fotos."},{"$i":"donglePlay","$v":"Afspil"},{"$i":"softkey-options","$v":"Valg"},{"$i":"imageDescription","$v":[{"t":"idOrVar","v":"orientation"}," billede, %I:%M %p, %B %e, %Y"]},{"$i":"imageDescriptionNoTimestamp","$v":[{"t":"idOrVar","v":"orientation"}," billede"]},{"$i":"videoDescription","$v":[{"t":"idOrVar","v":"orientation"}," video, %I:%M %p, %B %e, %Y"]},{"$i":"videoDescriptionNoTimestamp","$v":[{"t":"idOrVar","v":"orientation"}," video"]},{"$i":"orientationPortrait","$v":"stående"},{"$i":"orientationLandscape","$v":"liggende"},{"$i":"playbackPlay","ariaLabel":"Afspil"},{"$i":"playbackPause","ariaLabel":"Pause"},{"$i":"playbackNext","ariaLabel":"Næste"},{"$i":"playbackPrevious","ariaLabel":"Forrige"},{"$i":"playbackFullscreen","ariaLabel":"Fuld skærm"},{"$i":"playbackSeekBar","ariaLabel":["Søgelinje, varighed ",{"t":"idOrVar","v":"duration"}]},{"$i":"weekday-0-long","$v":"Søndag"},{"$i":"weekday-1-long","$v":"Mandag"},{"$i":"weekday-2-long","$v":"Tirsdag"},{"$i":"weekday-3-long","$v":"Onsdag"},{"$i":"weekday-4-long","$v":"Torsdag"},{"$i":"weekday-5-long","$v":"Fredag"},{"$i":"weekday-6-long","$v":"Lørdag"},{"$i":"weekday-0-short","$v":"Søn"},{"$i":"weekday-1-short","$v":"Man"},{"$i":"weekday-2-short","$v":"Tir"},{"$i":"weekday-3-short","$v":"Ons"},{"$i":"weekday-4-short","$v":"Tor"},{"$i":"weekday-5-short","$v":"Fre"},{"$i":"weekday-6-short","$v":"Lør"},{"$i":"month-0-long","$v":"Januar"},{"$i":"month-1-long","$v":"Februar"},{"$i":"month-2-long","$v":"Marts"},{"$i":"month-3-long","$v":"April"},{"$i":"month-4-long","$v":"Maj"},{"$i":"month-5-long","$v":"Juni"},{"$i":"month-6-long","$v":"Juli"},{"$i":"month-7-long","$v":"August"},{"$i":"month-8-long","$v":"September"},{"$i":"month-9-long","$v":"Oktober"},{"$i":"month-10-long","$v":"November"},{"$i":"month-11-long","$v":"December"},{"$i":"month-0-genitive","$v":"Januar"},{"$i":"month-1-genitive","$v":"Februar"},{"$i":"month-2-genitive","$v":"Marts"},{"$i":"month-3-genitive","$v":"April"},{"$i":"month-4-genitive","$v":"Maj"},{"$i":"month-5-genitive","$v":"Juni"},{"$i":"month-6-genitive","$v":"Juli"},{"$i":"month-7-genitive","$v":"August"},{"$i":"month-8-genitive","$v":"September"},{"$i":"month-9-genitive","$v":"Oktober"},{"$i":"month-10-genitive","$v":"November"},{"$i":"month-11-genitive","$v":"December"},{"$i":"month-0-short","$v":"Jan"},{"$i":"month-1-short","$v":"Feb"},{"$i":"month-2-short","$v":"Mar"},{"$i":"month-3-short","$v":"Apr"},{"$i":"month-4-short","$v":"Maj"},{"$i":"month-5-short","$v":"Jun"},{"$i":"month-6-short","$v":"Jul"},{"$i":"month-7-short","$v":"Aug"},{"$i":"month-8-short","$v":"Sep"},{"$i":"month-9-short","$v":"Okt"},{"$i":"month-10-short","$v":"Nov"},{"$i":"month-11-short","$v":"Dec"},{"$i":"minutes-ago-long","$v":{"few":[{"t":"idOrVar","v":"value"}," minutter siden"],"many":[{"t":"idOrVar","v":"value"}," minutter siden"],"other":[{"t":"idOrVar","v":"value"}," minutter siden"],"two":[{"t":"idOrVar","v":"value"}," minutter siden"],"one":"et minut siden","zero":"lige nu"},"$x":[{"t":"idOrVar","v":"plural"},"value"]},{"$i":"hours-ago-long","$v":{"few":[{"t":"idOrVar","v":"value"}," timer siden"],"many":[{"t":"idOrVar","v":"value"}," timer siden"],"other":[{"t":"idOrVar","v":"value"}," timer siden"],"two":[{"t":"idOrVar","v":"value"}," timer siden"],"one":"1 time siden","zero":"lige nu"},"$x":[{"t":"idOrVar","v":"plural"},"value"]},{"$i":"days-ago-long","$v":{"few":[{"t":"idOrVar","v":"value"}," dage siden"],"many":[{"t":"idOrVar","v":"value"}," dage siden"],"one":"i går","other":[{"t":"idOrVar","v":"value"}," dage siden"],"two":[{"t":"idOrVar","v":"value"}," dage siden"],"zero":"i dag"},"$x":[{"t":"idOrVar","v":"plural"},"value"]},{"$i":"weeks-ago-long","$v":{"few":[{"t":"idOrVar","v":"value"}," uger siden"],"many":[{"t":"idOrVar","v":"value"}," uger siden"],"one":"sidste uge","other":[{"t":"idOrVar","v":"value"}," uger siden"],"two":[{"t":"idOrVar","v":"value"}," uger siden"],"zero":"denne uge"},"$x":[{"t":"idOrVar","v":"plural"},"value"]},{"$i":"months-ago-long","$v":{"few":[{"t":"idOrVar","v":"value"}," måneder siden"],"many":[{"t":"idOrVar","v":"value"}," måneder siden"],"one":"sidste måned","other":[{"t":"idOrVar","v":"value"}," måneder siden"],"two":[{"t":"idOrVar","v":"value"}," måneder siden"],"zero":"denne måned"},"$x":[{"t":"idOrVar","v":"plural"},"value"]},{"$i":"years-ago-long","$v":{"few":[{"t":"idOrVar","v":"value"}," år siden"],"many":[{"t":"idOrVar","v":"value"}," år siden"],"one":"sidste år","other":[{"t":"idOrVar","v":"value"}," år siden"],"two":[{"t":"idOrVar","v":"value"}," år siden"],"zero":"i år"},"$x":[{"t":"idOrVar","v":"plural"},"value"]},{"$i":"minutes-until-long","$v":{"few":["om ",{"t":"idOrVar","v":"value"}," minutter"],"many":["om ",{"t":"idOrVar","v":"value"}," minutter"],"other":["om ",{"t":"idOrVar","v":"value"}," minutter"],"two":["om ",{"t":"idOrVar","v":"value"}," minutter"],"zero":"nu","one":"om 1 minut"},"$x":[{"t":"idOrVar","v":"plural"},"value"]},{"$i":"hours-until-long","$v":{"few":["om ",{"t":"idOrVar","v":"value"}," timer"],"many":["om ",{"t":"idOrVar","v":"value"}," timer"],"other":["om ",{"t":"idOrVar","v":"value"}," timer"],"two":["om ",{"t":"idOrVar","v":"value"}," timer"],"zero":"nu","one":"om 1 time"},"$x":[{"t":"idOrVar","v":"plural"},"value"]},{"$i":"days-until-long","$v":{"few":["om ",{"t":"idOrVar","v":"value"}," dage"],"many":["om ",{"t":"idOrVar","v":"value"}," dage"],"one":"i morgen","other":["om ",{"t":"idOrVar","v":"value"}," dage"],"two":["om ",{"t":"idOrVar","v":"value"}," dage"],"zero":"i dag"},"$x":[{"t":"idOrVar","v":"plural"},"value"]},{"$i":"weeks-until-long","$v":{"few":["om ",{"t":"idOrVar","v":"value"}," uger"],"many":["om ",{"t":"idOrVar","v":"value"}," uger"],"one":"næste uge","other":["om ",{"t":"idOrVar","v":"value"}," uger"],"two":["om ",{"t":"idOrVar","v":"value"}," uger"],"zero":"denne uge"},"$x":[{"t":"idOrVar","v":"plural"},"value"]},{"$i":"months-until-long","$v":{"few":["om ",{"t":"idOrVar","v":"value"}," måneder"],"many":["om ",{"t":"idOrVar","v":"value"}," måneder"],"one":"næste måned","other":["om ",{"t":"idOrVar","v":"value"}," måneder"],"two":["om ",{"t":"idOrVar","v":"value"}," måneder"],"zero":"denne måned"},"$x":[{"t":"idOrVar","v":"plural"},"value"]},{"$i":"years-until-long","$v":{"few":["om ",{"t":"idOrVar","v":"value"}," år"],"many":["om ",{"t":"idOrVar","v":"value"}," år"],"one":"næste år","other":["om ",{"t":"idOrVar","v":"value"}," år"],"two":["om ",{"t":"idOrVar","v":"value"}," år"],"zero":"i år"},"$x":[{"t":"idOrVar","v":"plural"},"value"]},{"$i":"minutes-ago-short","$v":{"other":[{"t":"idOrVar","v":"value"},"m siden"],"zero":"lige nu"},"$x":[{"t":"idOrVar","v":"plural"},"value"]},{"$i":"hours-ago-short","$v":{"other":[{"t":"idOrVar","v":"value"},"t siden"],"zero":"lige nu"},"$x":[{"t":"idOrVar","v":"plural"},"value"]},{"$i":"days-ago-short","$v":{"other":[{"t":"idOrVar","v":"value"},"d siden"],"zero":"i dag"},"$x":[{"t":"idOrVar","v":"plural"},"value"]},{"$i":"minutes-until-short","$v":{"other":["om ",{"t":"idOrVar","v":"value"},"m"],"zero":"nu"},"$x":[{"t":"idOrVar","v":"plural"},"value"]},{"$i":"hours-until-short","$v":{"other":["om ",{"t":"idOrVar","v":"value"},"t"],"zero":"nu"},"$x":[{"t":"idOrVar","v":"plural"},"value"]},{"$i":"days-until-short","$v":{"other":["om ",{"t":"idOrVar","v":"value"},"d"],"zero":"i dag"},"$x":[{"t":"idOrVar","v":"plural"},"value"]},{"$i":"incorrectDate","$v":"(forkert dato)"},{"$i":"dateTimeFormat_%c","$v":"%a %b %e %Y %I:%M:%S %p"},{"$i":"dateTimeFormat_%x","$v":"%m/%d/%Y"},{"$i":"dateTimeFormat_%X","$v":"%I:%M:%S %p"},{"$i":"shortTimeFormat","$v":"%I:%M %p"},{"$i":"shortTimeFormat12","$v":"%I:%M %p"},{"$i":"shortTimeFormat24","$v":"%H:%M"},{"$i":"shortDateTimeFormat","$v":"%x %I:%M %p"},{"$i":"weekStartsOnMonday","$v":"0.0"},{"$i":"firstDayOfTheWeek","$v":"1.0"}]