[{"$i":"select","$v":"Auswählen"},{"$i":"deselect","$v":"ABWÄHLEN"},{"$i":"kai-select","$v":"Auswählen"},{"$i":"invalid-image","$v":"Ungültiges Bild"},{"$i":"image-too-big","$v":"Bilddatei ist zu groß, um in Galerie angezeigt zu werden."},{"$i":"image-invalid","$v":"Das Bild kann nicht angezeigt werden, weil es ungültig oder beschädigt ist."},{"$i":"kai-selected-items-count","$v":[{"t":"idOrVar","v":"n"}," ausgewählt"]},{"$i":"delete-photo?","$v":"Foto löschen?"},{"$i":"delete-video?","$v":"Video löschen?"},{"$i":"deleting","$v":"Wird gelöscht..."},{"$i":"delete-n-items?","$v":{"few":[{"t":"idOrVar","v":"n"}," Elemente löschen?"],"many":[{"t":"idOrVar","v":"n"}," Elemente löschen?"],"one":"Ausgewähltes Element löschen?","other":[{"t":"idOrVar","v":"n"}," Elemente löschen?"],"two":[{"t":"idOrVar","v":"n"}," Elemente löschen?"],"zero":"Nichts ausgewählt"},"$x":[{"t":"idOrVar","v":"plural"},"n"]},{"$i":"kai-contact-set-ok","$v":"Kontaktbild hinzugefügt"},{"$i":"kai-contact-set-fail","$v":"Kontaktbild konnte nicht festgelegt werden"},{"$i":"kai-changes-saved","$v":"Änderungen gespeichert"},{"$i":"wallpaper-set","$v":"Hintergrund eingerichtet"},{"$i":"kai-single-image-deleted","$v":"Foto gelöscht."},{"$i":"kai-deleted-n-photos","$v":{"one":[{"t":"idOrVar","v":"n"}," Foto gelöscht"],"other":[{"t":"idOrVar","v":"n"}," Fotos gelöscht"]},"$x":[{"t":"idOrVar","v":"plural"},"n"]},{"$i":"kai-some-photos-not-share","$v":"Einige Fotos können nicht freigegeben werden"},{"$i":"pickoneimage2","$v":"Auswählen"},{"$i":"cropimage","$v":"Zuschneiden"},{"$i":"kai-on","$v":"Ein"},{"$i":"kai-off","$v":"Aus"},{"$i":"cancel","$v":"Abbrechen"},{"$i":"delete","$v":"Löschen"},{"$i":"ok","$v":"OK"},{"$i":"edit","$v":"Bearbeiten"},{"$i":"revert","$v":"Zurücksetzen"},{"$i":"save","$v":"Speichern"},{"$i":"done","$v":"Fertig"},{"$i":"exposure","$v":"Belichtung"},{"$i":"crop","$v":"Zuschneiden"},{"$i":"effects","$v":"Effekte"},{"$i":"borders","$v":"Ränder"},{"$i":"enhance-on","$v":"Automatische Verbesserung ein"},{"$i":"enhance-off","$v":"Automatische Verbesserung aus"},{"$i":"kai-set","$v":"Festlegen"},{"$i":"kai-options","$v":"Optionen"},{"$i":"kai-select-all","$v":"Alle"},{"$i":"kai-deselect-all","$v":"Keiner"},{"$i":"kai-rotate","$v":"Drehen"},{"$i":"kai-share","$v":"Teilen"},{"$i":"kai-settings","$v":"Einstellungen"},{"$i":"kai-set-as","$v":"Festlegen als"},{"$i":"set-as-wallpaper","$v":"Als Hintergrund festlegen"},{"$i":"kai-wallpaper","$v":"Hintergrund"},{"$i":"kai-existing-contact-image","$v":"Bild für existierenden Kontakt"},{"$i":"kai-zoom","$v":"Zoom"},{"$i":"kai-zoom-in","$v":"Vergrößern"},{"$i":"kai-zoom-out","$v":"Verkleinern"},{"$i":"kai-file-info","$v":"Datei-Info"},{"$i":"kai-select-multiple","$v":"Mehrere auswählen"},{"$i":"kai-edit-title","$v":"Bild bearbeiten"},{"$i":"kai-edit-exposure","$v":"Belichtung"},{"$i":"kai-edit-crop","$v":"Zuschneiden"},{"$i":"kai-edit-rotate","$v":"Drehen"},{"$i":"kai-edit-filters","$v":"Filter"},{"$i":"kai-edit-auto-correct","$v":"Autokorrektur"},{"$i":"edit-exposure","ariaLabel":"Belichtung"},{"$i":"edit-crop","ariaLabel":"Zuschneiden"},{"$i":"edit-rotate","ariaLabel":"Drehen"},{"$i":"edit-filters","ariaLabel":"Filter"},{"$i":"edit-auto-correct","ariaLabel":"Autokorrektur"},{"$i":"crop-none","ariaLabel":"Zuschneiden rückgängig machen"},{"$i":"crop-aspect-free","ariaLabel":"Standard"},{"$i":"crop-aspect-portrait","ariaLabel":"2:3"},{"$i":"crop-aspect-landscape","ariaLabel":"3:2"},{"$i":"crop-aspect-square","ariaLabel":"1:1"},{"$i":"edit-filters-none","ariaLabel":"Filter 1"},{"$i":"edit-filters-bw","ariaLabel":"Filter 2"},{"$i":"edit-filters-sepia","ariaLabel":"Filter 3"},{"$i":"edit-filters-bluesteel","ariaLabel":"Filter 4"},{"$i":"edit-filters-faded","ariaLabel":"Filter 5"},{"$i":"original","$v":"Original"},{"$i":"blackandwhite","$v":{"$o":"Schw&W"}},{"$i":"sepia","$v":"Sepia"},{"$i":"freeform","$v":"Freihandform"},{"$i":"portrait","$v":"Porträt"},{"$i":"landscape","$v":"Landschaft"},{"$i":"square","$v":"Quadrat"},{"$i":"emptygallery2-title","$v":"Keine Fotos oder Videos"},{"$i":"emptygallery2-text","$v":"Galerie ist leer. Verwenden Sie die Kamera, um Aufnahmen zu machen."},{"$i":"emptygallery2-title-pick","$v":"Keine Fotos"},{"$i":"emptygallery-text-pick","$v":"Keine Fotos verfügbar."},{"$i":"nocard3-title","$v":"Keine Speicherkarte"},{"$i":"nocard4-text","$v":"Legen Sie eine Speicherkarte ein, um diese App zu verwenden."},{"$i":"pluggedin2-title","$v":"Speicherkarte wird verwendet"},{"$i":"pluggedin2-text","$v":"Speicher wird momentan verwendet. Bitte trennen Sie die Kabelverbindung des Telefons, um Bilder aufzunehmen."},{"$i":"scanning-title","$v":"Scannen..."},{"$i":"scanning-text","$v":"Scanne nach Fotos..."},{"$i":"upgrade-title","$v":"Datenbank-Upgrade"},{"$i":"upgrade-text","$v":"Bitte warten. Die Datenbank der Galerie wird gerade aktualisiert."},{"$i":"share-noprovider","$v":"Dieser Bilddateityp kann nicht freigegeben werden."},{"$i":"memorycardfull","$v":"Speicher ist voll. Fotos können nicht bearbeitet werden."},{"$i":"imagetoobig","$v":"Bild ist zu groß, um auf diesem Gerät angezeigt zu werden."},{"$i":"imageinvalid","$v":"Bild ist ungültig oder beschädigt und kann nicht angezeigt werden."},{"$i":"saved","$v":[{"t":"idOrVar","v":"filename"}," in der Galerie gespeichert"]},{"$i":"edit-copy-saved","$v":"Neue Kopie gespeichert."},{"$i":"overlay-camera-button","$v":"Kamera aufrufen"},{"$i":"name-label","$v":"Name"},{"$i":"size-label","$v":"Größe"},{"$i":"image-type-label","$v":"Bildtyp"},{"$i":"kai-date-and-time-label","$v":"Datum und Uhrzeit"},{"$i":"date-taken-label","$v":"Aufnahmedatum"},{"$i":"resolution-label","$v":"Auflösung"},{"$i":"close-button","$v":"Schließen"},{"$i":"path-label","$v":"Pfad"},{"$i":"sd-card","$v":"SD-Karte"},{"$i":"internal","$v":"Intern"},{"$i":"byteUnit-B","$v":"Bytes"},{"$i":"byteUnit-KB","$v":"KB"},{"$i":"byteUnit-MB","$v":"MB"},{"$i":"byteUnit-GB","$v":"GB"},{"$i":"gallery","$v":"Galerie"},{"$i":"preview","$v":"Vorschau"},{"$i":"kai-confirmation","$v":"Bestätigung"},{"$i":"kai-delete-this-image","$v":"Foto löschen?"},{"$i":"kai-delete-selected-image","$v":"Ausgewähltes Foto löschen?"},{"$i":"kai-delete-selected-images","$v":"Ausgewählte Fotos löschen?"},{"$i":"kai-sort-by","$v":"Sortieren nach"},{"$i":"kai-group-by-date-and-location","$v":"Nach Datum gruppieren"},{"$i":"sort-and-group","$v":"Sortieren und Gruppieren"},{"$i":"time_am","$v":"AM"},{"$i":"time_pm","$v":"PM"},{"$i":"date-group-header","$v":"%B %Y"},{"$i":"videoDescriptionShort","$v":"Video-Aufnahmedatum %I:%M %p, %B %e, %Y"},{"$i":"imageDescriptionShort","$v":"Aufnahmedatum %I:%M %p, %B %e, %Y"},{"$i":"editImagePreview","ariaLabel":"Bildvorschau bearbeiten"},{"$i":"kai-pickoneimage","$v":"Foto auswählen"},{"$i":"discard-changes-warning","$v":"Alle Änderungen gehen verloren. Änderungen verwerfen?"},{"$i":"save-changes-warning","$v":"Alle Änderungen werden verworfen. Änderungen speichern?"},{"$i":"discard","$v":"Nein"},{"$i":"camera","$v":"Kamera"},{"$i":"phone-is-full-title","$v":"Telefonspeicher voll"},{"$i":"sd-card-is-full-title","$v":"SD-Karte voll"},{"$i":"phone-is-full-content","$v":"Löschen Sie Mediendateien oder Anwendungsdaten, um für freien Speicherplatz zu sorgen. Sie können auch eine SD-Karte einsetzen, um den Medienspeicher zu vergrößern."},{"$i":"sd-card-is-full-content","$v":"Löschen Sie Dateien auf der SD-Karte, um für freien Speicherplatz zu sorgen."},{"$i":"favorite","$v":"Favoriten"},{"$i":"add-favorite","$v":"Zu Favoriten hinzufügen"},{"$i":"remove-favorite","$v":"Aus Favoriten entfernen"},{"$i":"emptyfavorite-text","$v":"Keine Fotos in den Favoriten vorhanden."},{"$i":"donglePlay","$v":"Wiedergabe"},{"$i":"softkey-options","$v":"Optionen"},{"$i":"imageDescription","$v":[{"t":"idOrVar","v":"orientation"}," Bild, %I:%M %p, %B %e, %Y"]},{"$i":"imageDescriptionNoTimestamp","$v":[{"t":"idOrVar","v":"orientation"}," Bild"]},{"$i":"videoDescription","$v":[{"t":"idOrVar","v":"orientation"}," Video, %I:%M %p, %B %e, %Y"]},{"$i":"videoDescriptionNoTimestamp","$v":[{"t":"idOrVar","v":"orientation"}," Video"]},{"$i":"orientationPortrait","$v":"Porträt"},{"$i":"orientationLandscape","$v":"Landschaft"},{"$i":"playbackPlay","ariaLabel":"Wiedergabe"},{"$i":"playbackPause","ariaLabel":"Pause"},{"$i":"playbackNext","ariaLabel":"Weiter"},{"$i":"playbackPrevious","ariaLabel":"Zurück"},{"$i":"playbackFullscreen","ariaLabel":"Vollbild"},{"$i":"playbackSeekBar","ariaLabel":["Suchleiste, Dauer ",{"t":"idOrVar","v":"duration"}]},{"$i":"weekday-0-long","$v":"Sonntag"},{"$i":"weekday-1-long","$v":"Montag"},{"$i":"weekday-2-long","$v":"Dienstag"},{"$i":"weekday-3-long","$v":"Mittwoch"},{"$i":"weekday-4-long","$v":"Donnerstag"},{"$i":"weekday-5-long","$v":"Freitag"},{"$i":"weekday-6-long","$v":"Samstag"},{"$i":"weekday-0-short","$v":"So"},{"$i":"weekday-1-short","$v":"Mo"},{"$i":"weekday-2-short","$v":"Di"},{"$i":"weekday-3-short","$v":"Mi"},{"$i":"weekday-4-short","$v":"Do"},{"$i":"weekday-5-short","$v":"Fr"},{"$i":"weekday-6-short","$v":"Sa"},{"$i":"month-0-long","$v":"Januar"},{"$i":"month-1-long","$v":"Februar"},{"$i":"month-2-long","$v":"März"},{"$i":"month-3-long","$v":"April"},{"$i":"month-4-long","$v":"Mai"},{"$i":"month-5-long","$v":"Juni"},{"$i":"month-6-long","$v":"Juli"},{"$i":"month-7-long","$v":"August"},{"$i":"month-8-long","$v":"September"},{"$i":"month-9-long","$v":"Oktober"},{"$i":"month-10-long","$v":"November"},{"$i":"month-11-long","$v":"Dezember"},{"$i":"month-0-genitive","$v":"Januar"},{"$i":"month-1-genitive","$v":"Februar"},{"$i":"month-2-genitive","$v":"März"},{"$i":"month-3-genitive","$v":"April"},{"$i":"month-4-genitive","$v":"Mai"},{"$i":"month-5-genitive","$v":"Juni"},{"$i":"month-6-genitive","$v":"Juli"},{"$i":"month-7-genitive","$v":"August"},{"$i":"month-8-genitive","$v":"September"},{"$i":"month-9-genitive","$v":"Oktober"},{"$i":"month-10-genitive","$v":"November"},{"$i":"month-11-genitive","$v":"Dezember"},{"$i":"month-0-short","$v":"Jan"},{"$i":"month-1-short","$v":"Feb"},{"$i":"month-2-short","$v":"Mär"},{"$i":"month-3-short","$v":"Apr"},{"$i":"month-4-short","$v":"Mai"},{"$i":"month-5-short","$v":"Jun"},{"$i":"month-6-short","$v":"Jul"},{"$i":"month-7-short","$v":"Aug"},{"$i":"month-8-short","$v":"Sep"},{"$i":"month-9-short","$v":"Okt"},{"$i":"month-10-short","$v":"Nov"},{"$i":"month-11-short","$v":"Dez"},{"$i":"minutes-ago-long","$v":{"few":["vor ",{"t":"idOrVar","v":"value"}," Minuten"],"many":["vor ",{"t":"idOrVar","v":"value"}," Minuten"],"other":["vor ",{"t":"idOrVar","v":"value"}," Minuten"],"two":["vor ",{"t":"idOrVar","v":"value"}," Minuten"],"one":"vor einer Minute","zero":"Genau jetzt"},"$x":[{"t":"idOrVar","v":"plural"},"value"]},{"$i":"hours-ago-long","$v":{"few":["vor ",{"t":"idOrVar","v":"value"}," Stunden"],"many":["vor ",{"t":"idOrVar","v":"value"}," Stunden"],"other":["vor ",{"t":"idOrVar","v":"value"}," Stunden"],"two":["vor ",{"t":"idOrVar","v":"value"}," Stunden"],"one":"vor einer Stunde","zero":"Genau jetzt"},"$x":[{"t":"idOrVar","v":"plural"},"value"]},{"$i":"days-ago-long","$v":{"few":["vor ",{"t":"idOrVar","v":"value"}," Tagen"],"many":["vor ",{"t":"idOrVar","v":"value"}," Tagen"],"one":"gestern","other":["vor ",{"t":"idOrVar","v":"value"}," Tagen"],"two":["vor ",{"t":"idOrVar","v":"value"}," Tagen"],"zero":"heute"},"$x":[{"t":"idOrVar","v":"plural"},"value"]},{"$i":"weeks-ago-long","$v":{"few":["vor ",{"t":"idOrVar","v":"value"}," Wochen"],"many":["vor ",{"t":"idOrVar","v":"value"}," Wochen"],"one":"letzte Woche","other":["vor ",{"t":"idOrVar","v":"value"}," Wochen"],"two":["vor ",{"t":"idOrVar","v":"value"}," Wochen"],"zero":"diese Woche"},"$x":[{"t":"idOrVar","v":"plural"},"value"]},{"$i":"months-ago-long","$v":{"few":["vor ",{"t":"idOrVar","v":"value"}," Monaten"],"many":["vor ",{"t":"idOrVar","v":"value"}," Monaten"],"one":"letzter Monat","other":["vor ",{"t":"idOrVar","v":"value"}," Monaten"],"two":["vor ",{"t":"idOrVar","v":"value"}," Monaten"],"zero":"diesen Monat"},"$x":[{"t":"idOrVar","v":"plural"},"value"]},{"$i":"years-ago-long","$v":{"few":["vor ",{"t":"idOrVar","v":"value"}," Jahren"],"many":["vor ",{"t":"idOrVar","v":"value"}," Jahren"],"one":"letztes Jahr","other":["vor ",{"t":"idOrVar","v":"value"}," Jahren"],"two":["vor ",{"t":"idOrVar","v":"value"}," Jahren"],"zero":"dieses Jahr"},"$x":[{"t":"idOrVar","v":"plural"},"value"]},{"$i":"minutes-until-long","$v":{"few":["in ",{"t":"idOrVar","v":"value"}," Minuten"],"many":["in ",{"t":"idOrVar","v":"value"}," Minuten"],"other":["in ",{"t":"idOrVar","v":"value"}," Minuten"],"two":["in ",{"t":"idOrVar","v":"value"}," Minuten"],"zero":"jetzt","one":"in einer Minute"},"$x":[{"t":"idOrVar","v":"plural"},"value"]},{"$i":"hours-until-long","$v":{"few":["in ",{"t":"idOrVar","v":"value"}," Stunden"],"many":["in ",{"t":"idOrVar","v":"value"}," Stunden"],"other":["in ",{"t":"idOrVar","v":"value"}," Stunden"],"two":["in ",{"t":"idOrVar","v":"value"}," Stunden"],"zero":"jetzt","one":"in einer Stunde"},"$x":[{"t":"idOrVar","v":"plural"},"value"]},{"$i":"days-until-long","$v":{"few":["in ",{"t":"idOrVar","v":"value"}," Tagen"],"many":["in ",{"t":"idOrVar","v":"value"}," Tagen"],"one":"morgen","other":["in ",{"t":"idOrVar","v":"value"}," Tagen"],"two":["in ",{"t":"idOrVar","v":"value"}," Tagen"],"zero":"heute"},"$x":[{"t":"idOrVar","v":"plural"},"value"]},{"$i":"weeks-until-long","$v":{"few":["in ",{"t":"idOrVar","v":"value"}," Wochen"],"many":["in ",{"t":"idOrVar","v":"value"}," Wochen"],"one":"nächste Woche","other":["in ",{"t":"idOrVar","v":"value"}," Wochen"],"two":["in ",{"t":"idOrVar","v":"value"}," Wochen"],"zero":"diese Woche"},"$x":[{"t":"idOrVar","v":"plural"},"value"]},{"$i":"months-until-long","$v":{"few":["in ",{"t":"idOrVar","v":"value"}," Monaten"],"many":["in ",{"t":"idOrVar","v":"value"}," Monaten"],"one":"im nächsten Monat","other":["in ",{"t":"idOrVar","v":"value"}," Monaten"],"two":["in ",{"t":"idOrVar","v":"value"}," Monaten"],"zero":"diesen Monat"},"$x":[{"t":"idOrVar","v":"plural"},"value"]},{"$i":"years-until-long","$v":{"few":["in ",{"t":"idOrVar","v":"value"}," Jahren"],"many":["in ",{"t":"idOrVar","v":"value"}," Jahren"],"one":"nächstes Jahr","other":["in ",{"t":"idOrVar","v":"value"}," Jahren"],"two":["in ",{"t":"idOrVar","v":"value"}," Jahren"],"zero":"dieses Jahr"},"$x":[{"t":"idOrVar","v":"plural"},"value"]},{"$i":"minutes-ago-short","$v":{"other":["vor ",{"t":"idOrVar","v":"value"}," Std."],"zero":"Genau jetzt"},"$x":[{"t":"idOrVar","v":"plural"},"value"]},{"$i":"hours-ago-short","$v":{"other":["vor ",{"t":"idOrVar","v":"value"}," Std."],"zero":"Genau jetzt"},"$x":[{"t":"idOrVar","v":"plural"},"value"]},{"$i":"days-ago-short","$v":{"other":["vor ",{"t":"idOrVar","v":"value"}," Tag"],"zero":"heute"},"$x":[{"t":"idOrVar","v":"plural"},"value"]},{"$i":"minutes-until-short","$v":{"other":["in ",{"t":"idOrVar","v":"value"}," Min."],"zero":"jetzt"},"$x":[{"t":"idOrVar","v":"plural"},"value"]},{"$i":"hours-until-short","$v":{"other":["in ",{"t":"idOrVar","v":"value"}," Std."],"zero":"jetzt"},"$x":[{"t":"idOrVar","v":"plural"},"value"]},{"$i":"days-until-short","$v":{"other":["in ",{"t":"idOrVar","v":"value"}," Tag"],"zero":"heute"},"$x":[{"t":"idOrVar","v":"plural"},"value"]},{"$i":"incorrectDate","$v":"(falsches Datum)"},{"$i":"dateTimeFormat_%c","$v":"%a %b %e %Y %I:%M:%S %p"},{"$i":"dateTimeFormat_%x","$v":"%m/%d/%Y"},{"$i":"dateTimeFormat_%X","$v":"%I:%M:%S %p"},{"$i":"shortTimeFormat","$v":"%I:%M %p"},{"$i":"shortTimeFormat12","$v":"%I:%M %p"},{"$i":"shortTimeFormat24","$v":"%H:%M"},{"$i":"shortDateTimeFormat","$v":"%x %I:%M %p"},{"$i":"weekStartsOnMonday","$v":"0.0"},{"$i":"firstDayOfTheWeek","$v":"1.0"}]