[{"$i":"select","$v":"Επιλογή"},{"$i":"deselect","$v":"Αναίρεση επιλογής"},{"$i":"kai-select","$v":"Επιλογή"},{"$i":"invalid-image","$v":"Μη έγκυρη εικόνα"},{"$i":"image-too-big","$v":"Πολύ μεγάλο μέγεθος αρχείου εικόνας για εμφάνιση στη συλλογή"},{"$i":"image-invalid","$v":"Δεν είναι δυνατή η εμφάνιση της εικόνας επειδή δεν είναι έγκυρη ή κατεστραμμένη."},{"$i":"kai-selected-items-count","$v":["Επιλέχθηκαν ",{"t":"idOrVar","v":"n"}]},{"$i":"delete-photo?","$v":"Να διαγραφεί η φωτογραφία;"},{"$i":"delete-video?","$v":"Να διαγραφεί το βίντεο;"},{"$i":"deleting","$v":"Διαγραφή…"},{"$i":"delete-n-items?","$v":{"few":["Να διαγραφούν τα ",{"t":"idOrVar","v":"n"}," στοιχεία;"],"many":["Να διαγραφούν τα ",{"t":"idOrVar","v":"n"}," στοιχεία;"],"one":"Διαγραφή επιλεγμένου στοιχείου;","other":["Να διαγραφούν τα ",{"t":"idOrVar","v":"n"}," στοιχεία;"],"two":["Να διαγραφούν τα ",{"t":"idOrVar","v":"n"}," στοιχεία;"],"zero":"Δεν επιλέχθηκε τίποτα"},"$x":[{"t":"idOrVar","v":"plural"},"n"]},{"$i":"kai-contact-set-ok","$v":"Προστέθηκε εικόνα επαφής."},{"$i":"kai-contact-set-fail","$v":"Αποτυχία ορισμού εικόνας επαφής."},{"$i":"kai-changes-saved","$v":"Οι αλλαγές αποθηκεύτηκαν."},{"$i":"wallpaper-set","$v":"Η ταπετσαρία ορίστηκε."},{"$i":"kai-single-image-deleted","$v":"Η φωτογραφία διαγράφηκε."},{"$i":"kai-deleted-n-photos","$v":{"one":["Διαγράφηκε ",{"t":"idOrVar","v":"n"}," φωτογραφία"],"other":["Διαγράφηκαν ",{"t":"idOrVar","v":"n"}," φωτογραφίες"]},"$x":[{"t":"idOrVar","v":"plural"},"n"]},{"$i":"kai-some-photos-not-share","$v":"Δεν είναι δυνατή η κοινή χρήση ορισμένων φωτογραφιών"},{"$i":"pickoneimage2","$v":"Επιλογή"},{"$i":"cropimage","$v":"Περικοπή"},{"$i":"kai-on","$v":"Ενεργό"},{"$i":"kai-off","$v":"Απενεργοπ."},{"$i":"cancel","$v":"Ακύρωση"},{"$i":"delete","$v":"Διαγραφή"},{"$i":"ok","$v":"OK"},{"$i":"edit","$v":"Επεξεργασία"},{"$i":"revert","$v":"Επαναφορά"},{"$i":"save","$v":"Αποθήκευση"},{"$i":"done","$v":"Τέλος"},{"$i":"exposure","$v":"Έκθεση"},{"$i":"crop","$v":"Περικοπή"},{"$i":"effects","$v":"Εφέ"},{"$i":"borders","$v":"Όρια"},{"$i":"enhance-on","$v":"Αυτόματη βελτίωση ενεργοποιημένη"},{"$i":"enhance-off","$v":"Αυτόματη βελτίωση απενεργοποιημένη"},{"$i":"kai-set","$v":"Σειρά"},{"$i":"kai-options","$v":"Επιλογές"},{"$i":"kai-select-all","$v":"Όλα"},{"$i":"kai-deselect-all","$v":"Κανένα"},{"$i":"kai-rotate","$v":"Περιστροφή"},{"$i":"kai-share","$v":"Κοινή χρήση"},{"$i":"kai-settings","$v":"Ρυθμίσεις"},{"$i":"kai-set-as","$v":"Ορίζεται ως"},{"$i":"set-as-wallpaper","$v":"Ορισμός ως ταπετσαρία"},{"$i":"kai-wallpaper","$v":"Ταπετσαρία"},{"$i":"kai-existing-contact-image","$v":"Εικόνα για υπάρχουσα επαφή"},{"$i":"kai-zoom","$v":"Ζουμ"},{"$i":"kai-zoom-in","$v":"Μεγέθυνση"},{"$i":"kai-zoom-out","$v":"Σμίκρυνση"},{"$i":"kai-file-info","$v":"Στοιχεία αρχείου"},{"$i":"kai-select-multiple","$v":"Επιλογή πολλών"},{"$i":"kai-edit-title","$v":"Επεξεργασία εικόνας"},{"$i":"kai-edit-exposure","$v":"Έκθεση"},{"$i":"kai-edit-crop","$v":"Περικοπή"},{"$i":"kai-edit-rotate","$v":"Περιστροφή"},{"$i":"kai-edit-filters","$v":"Φίλτρα"},{"$i":"kai-edit-auto-correct","$v":"Αυτόματη διόρθωση"},{"$i":"edit-exposure","ariaLabel":"Έκθεση"},{"$i":"edit-crop","ariaLabel":"Περικοπή"},{"$i":"edit-rotate","ariaLabel":"Περιστροφή"},{"$i":"edit-filters","ariaLabel":"Φίλτρα"},{"$i":"edit-auto-correct","ariaLabel":"Αυτόματη διόρθωση"},{"$i":"crop-none","ariaLabel":"Αναίρεση περικοπής"},{"$i":"crop-aspect-free","ariaLabel":"Προεπιλογή"},{"$i":"crop-aspect-portrait","ariaLabel":"2:3"},{"$i":"crop-aspect-landscape","ariaLabel":"3:2"},{"$i":"crop-aspect-square","ariaLabel":"1:1"},{"$i":"edit-filters-none","ariaLabel":"Φίλτρο 1"},{"$i":"edit-filters-bw","ariaLabel":"Φίλτρο 2"},{"$i":"edit-filters-sepia","ariaLabel":"Φίλτρο 3"},{"$i":"edit-filters-bluesteel","ariaLabel":"Φίλτρο 4"},{"$i":"edit-filters-faded","ariaLabel":"Φίλτρο 5"},{"$i":"original","$v":"Πρωτότυπα"},{"$i":"blackandwhite","$v":"Ασπρόμαυρο"},{"$i":"sepia","$v":"Σέπια"},{"$i":"freeform","$v":"Οποιασδήποτε μορφής"},{"$i":"portrait","$v":"Κατακόρυφος προσανατολισμός"},{"$i":"landscape","$v":"Οριζόντιος προσανατολισμός"},{"$i":"square","$v":"Τετράγωνο"},{"$i":"emptygallery2-title","$v":"Καμία φωτογραφία ή βίντεο"},{"$i":"emptygallery2-text","$v":"Η Έκθεση είναι άδεια. Ξεκινήστε χρησιμοποιώντας την κάμερα."},{"$i":"emptygallery2-title-pick","$v":"Καμία φωτογραφία"},{"$i":"emptygallery-text-pick","$v":"Καμία διαθέσιμη φωτογραφία."},{"$i":"nocard3-title","$v":"Χωρίς κάρτα μνήμης"},{"$i":"nocard4-text","$v":"Τοποθετήστε κάρτα μνήμης για χρήση αυτής της εφαρμογής."},{"$i":"pluggedin2-title","$v":"Κάρτα μνήμης σε χρήση"},{"$i":"pluggedin2-text","$v":"Ο χώρος αποθ. χρησιμοποιείται. Για χρήση της εφαρμογής, αποσυνδέστε το τηλέφωνο."},{"$i":"scanning-title","$v":"Σάρωση"},{"$i":"scanning-text","$v":"Σάρωση για φωτογραφίες..."},{"$i":"upgrade-title","$v":"Αναβάθμιση βάσης δεδομένων"},{"$i":"upgrade-text","$v":"Ενημέρωση βάσης δεδ. Συλλογής. Περιμένετε."},{"$i":"share-noprovider","$v":"Αδυναμία κοινής χρήσης του τύπου αρχείου εικόνας."},{"$i":"memorycardfull","$v":"Ο χώρ. αποθ. είναι πλήρης. Αδυν. επεξ. φωτ."},{"$i":"imagetoobig","$v":"Η εικόνα είναι υπερβολικά μεγάλη και δεν εμφανίζεται στη συσκευή."},{"$i":"imageinvalid","$v":"Η εικόνα δεν είναι έγκυρη ή έχει καταστραφεί και δεν εμφανίζεται."},{"$i":"saved","$v":["Το αρχείο ",{"t":"idOrVar","v":"filename"}," αποθηκεύτηκε στην Έκθεση"]},{"$i":"edit-copy-saved","$v":"Αποθηκ. νέο αντίγραφο."},{"$i":"overlay-camera-button","$v":"Μετάβαση στην κάμερα"},{"$i":"name-label","$v":"Όνομα"},{"$i":"size-label","$v":"Μέγεθος"},{"$i":"image-type-label","$v":"Τύπος εικόνας"},{"$i":"kai-date-and-time-label","$v":"Ημερομηνία και ώρα"},{"$i":"date-taken-label","$v":"Ημ/νία λήψης"},{"$i":"resolution-label","$v":"Ανάλυση"},{"$i":"close-button","$v":"Κλείσιμο"},{"$i":"path-label","$v":"Διαδρομή"},{"$i":"sd-card","$v":"Κάρτα SD"},{"$i":"internal","$v":"Εσωτερικό"},{"$i":"byteUnit-B","$v":"Byte"},{"$i":"byteUnit-KB","$v":"KB"},{"$i":"byteUnit-MB","$v":"MB"},{"$i":"byteUnit-GB","$v":"ΗΒ"},{"$i":"gallery","$v":"Έκθεση"},{"$i":"preview","$v":"Προεπισκόπηση"},{"$i":"kai-confirmation","$v":"Επιβεβαίωση"},{"$i":"kai-delete-this-image","$v":"Να διαγραφεί η φωτογραφία;"},{"$i":"kai-delete-selected-image","$v":"Διαγραφή επιλεγμένης φωτογραφίας;"},{"$i":"kai-delete-selected-images","$v":"Διαγραφή επιλεγμένων φωτογραφιών;"},{"$i":"kai-sort-by","$v":"Ταξινόμηση κατά"},{"$i":"kai-group-by-date-and-location","$v":"Ομαδοποίηση κατά ημερομηνία"},{"$i":"sort-and-group","$v":"Ταξιν. και ομαδ."},{"$i":"time_am","$v":"ΠΜ"},{"$i":"time_pm","$v":"ΜΜ"},{"$i":"date-group-header","$v":"%B %Y"},{"$i":"videoDescriptionShort","$v":"Ημ/νία βίντεο %I:%M %p, %B %e, %Y"},{"$i":"imageDescriptionShort","$v":"Ημ/νία εικόνας %I:%M %p, %B %e, %Y"},{"$i":"editImagePreview","ariaLabel":"Προεπισκ. επεξεργ. εικόνας"},{"$i":"kai-pickoneimage","$v":"Επιλέξτε μια φωτογραφία"},{"$i":"discard-changes-warning","$v":"Όλες οι αλλαγές θα χαθούν. Θέλετε να απορρίψετε τις αλλαγές;"},{"$i":"save-changes-warning","$v":"Όλες οι αλλαγές θα απορριφθούν. Αποθήκευσε τις αλλαγές?"},{"$i":"discard","$v":"Απόρριψη"},{"$i":"camera","$v":"Κάμερα"},{"$i":"phone-is-full-title","$v":"Ο χώρος αποθήκευσης του τηλεφώνου είναι πλήρης"},{"$i":"sd-card-is-full-title","$v":"Κάρτα SD πλήρης."},{"$i":"phone-is-full-content","$v":"Διαγράψτε αρχεία πολυμέσων ή δεδομένα εφαρμογών για να ελευθερώσετε χώρο. Μπορείτε, επίσης, να εισαγάγετε μια κάρτα SD για να επεκτείνετε τον χώρο αποθήκευσης πολυμέσων."},{"$i":"sd-card-is-full-content","$v":"Διαγράψτε αρχεία στην κάρτα SD για να ελευθερώσετε χώρο."},{"$i":"favorite","$v":"Αγαπημένα"},{"$i":"add-favorite","$v":"Προσθήκη στα αγαπημένα"},{"$i":"remove-favorite","$v":"Κατάργ. από Αγαπημένα"},{"$i":"emptyfavorite-text","$v":"Δεν έχετε αγαπημένες φωτογραφίες."},{"$i":"donglePlay","$v":"Αναπαραγωγή"},{"$i":"softkey-options","$v":"Επιλογές"},{"$i":"imageDescription","$v":["Εικόνα ",{"t":"idOrVar","v":"orientation"},", %I:%M %p, %B %e, %Y"]},{"$i":"imageDescriptionNoTimestamp","$v":["Εικόνα ",{"t":"idOrVar","v":"orientation"}]},{"$i":"videoDescription","$v":["Βίντεο ",{"t":"idOrVar","v":"orientation"},", %I:%M %p, %B %e, %Y"]},{"$i":"videoDescriptionNoTimestamp","$v":["Βίντεο ",{"t":"idOrVar","v":"orientation"}]},{"$i":"orientationPortrait","$v":"κατακόρυφος προσανατολισμός"},{"$i":"orientationLandscape","$v":"Οριζόντιος προσανατολισμός"},{"$i":"playbackPlay","ariaLabel":"Αναπαραγωγή"},{"$i":"playbackPause","ariaLabel":"Παύση"},{"$i":"playbackNext","ariaLabel":"Επόμενο"},{"$i":"playbackPrevious","ariaLabel":"Προηγούμενο"},{"$i":"playbackFullscreen","ariaLabel":"Πλήρης οθόνη"},{"$i":"playbackSeekBar","ariaLabel":["Γρ. αναζήτ., διάρ. ",{"t":"idOrVar","v":"duration"}]},{"$i":"weekday-0-long","$v":"Κυριακή"},{"$i":"weekday-1-long","$v":"Δευτέρα"},{"$i":"weekday-2-long","$v":"Τρίτη"},{"$i":"weekday-3-long","$v":"Τετάρτη"},{"$i":"weekday-4-long","$v":"Πέμπτη"},{"$i":"weekday-5-long","$v":"Παρασκευή"},{"$i":"weekday-6-long","$v":"Σάββατο"},{"$i":"weekday-0-short","$v":"Κυρ"},{"$i":"weekday-1-short","$v":"Δευ"},{"$i":"weekday-2-short","$v":"Τρ"},{"$i":"weekday-3-short","$v":"Τετ"},{"$i":"weekday-4-short","$v":"Πέμ"},{"$i":"weekday-5-short","$v":"Παρ"},{"$i":"weekday-6-short","$v":"Σάβ"},{"$i":"month-0-long","$v":"Ιανουάριος"},{"$i":"month-1-long","$v":"Φεβρουάριος"},{"$i":"month-2-long","$v":"Μάρτιος"},{"$i":"month-3-long","$v":"Απρίλιος"},{"$i":"month-4-long","$v":"Μάιος"},{"$i":"month-5-long","$v":"Ιούνιος"},{"$i":"month-6-long","$v":"Ιούλιος"},{"$i":"month-7-long","$v":"Αύγουστος"},{"$i":"month-8-long","$v":"Σεπτέμβριος"},{"$i":"month-9-long","$v":"Οκτώβριος"},{"$i":"month-10-long","$v":"Νοέμβριος"},{"$i":"month-11-long","$v":"Δεκέμβριος"},{"$i":"month-0-genitive","$v":"Ιανουάριος"},{"$i":"month-1-genitive","$v":"Φεβρουάριος"},{"$i":"month-2-genitive","$v":"Μάρτιος"},{"$i":"month-3-genitive","$v":"Απρίλιος"},{"$i":"month-4-genitive","$v":"Μάι"},{"$i":"month-5-genitive","$v":"Ιούνιος"},{"$i":"month-6-genitive","$v":"Ιούλιος"},{"$i":"month-7-genitive","$v":"Αύγουστος"},{"$i":"month-8-genitive","$v":"Σεπτέμβριος"},{"$i":"month-9-genitive","$v":"Οκτώβριος"},{"$i":"month-10-genitive","$v":"Νοέμβριος"},{"$i":"month-11-genitive","$v":"Δεκέμβριος"},{"$i":"month-0-short","$v":"Ιαν"},{"$i":"month-1-short","$v":"Φεβ"},{"$i":"month-2-short","$v":"Μάρ"},{"$i":"month-3-short","$v":"Απρ"},{"$i":"month-4-short","$v":"Μάι"},{"$i":"month-5-short","$v":"Ιούν"},{"$i":"month-6-short","$v":"Ιούλ"},{"$i":"month-7-short","$v":"Αύγ"},{"$i":"month-8-short","$v":"Σεπ"},{"$i":"month-9-short","$v":"Οκτ"},{"$i":"month-10-short","$v":"Νοέ"},{"$i":"month-11-short","$v":"Δεκ"},{"$i":"minutes-ago-long","$v":{"few":[{"t":"idOrVar","v":"value"}," λεπτά πριν"],"many":[{"t":"idOrVar","v":"value"}," λεπτά πριν"],"other":[{"t":"idOrVar","v":"value"}," λεπτά πριν"],"two":[{"t":"idOrVar","v":"value"}," λεπτά πριν"],"one":"ένα λεπτό πριν","zero":"μόλις τώρα"},"$x":[{"t":"idOrVar","v":"plural"},"value"]},{"$i":"hours-ago-long","$v":{"few":[{"t":"idOrVar","v":"value"}," ώρες πριν"],"many":[{"t":"idOrVar","v":"value"}," ώρες πριν"],"other":[{"t":"idOrVar","v":"value"}," ώρες πριν"],"two":[{"t":"idOrVar","v":"value"}," ώρες πριν"],"one":"Πριν από 1 ώρα","zero":"μόλις τώρα"},"$x":[{"t":"idOrVar","v":"plural"},"value"]},{"$i":"days-ago-long","$v":{"few":[{"t":"idOrVar","v":"value"}," ημέρες πριν"],"many":[{"t":"idOrVar","v":"value"}," ημέρες πριν"],"one":"χθες","other":[{"t":"idOrVar","v":"value"}," ημέρες πριν"],"two":[{"t":"idOrVar","v":"value"}," ημέρες πριν"],"zero":"σήμερα"},"$x":[{"t":"idOrVar","v":"plural"},"value"]},{"$i":"weeks-ago-long","$v":{"few":[{"t":"idOrVar","v":"value"}," εβδομάδες πριν"],"many":[{"t":"idOrVar","v":"value"}," εβδομάδες πριν"],"one":"προηγούμενη εβδομάδα","other":[{"t":"idOrVar","v":"value"}," εβδομάδες πριν"],"two":[{"t":"idOrVar","v":"value"}," εβδομάδες πριν"],"zero":"αυτήν την εβδομάδα"},"$x":[{"t":"idOrVar","v":"plural"},"value"]},{"$i":"months-ago-long","$v":{"few":[{"t":"idOrVar","v":"value"}," μήνες πριν"],"many":[{"t":"idOrVar","v":"value"}," μήνες πριν"],"one":"τελευταίος μήνας","other":[{"t":"idOrVar","v":"value"}," μήνες πριν"],"two":[{"t":"idOrVar","v":"value"}," μήνες πριν"],"zero":"αυτόν τον μήνα"},"$x":[{"t":"idOrVar","v":"plural"},"value"]},{"$i":"years-ago-long","$v":{"few":[{"t":"idOrVar","v":"value"}," έτη πριν"],"many":[{"t":"idOrVar","v":"value"}," έτη πριν"],"one":"προηγούμενο έτος","other":[{"t":"idOrVar","v":"value"}," έτη πριν"],"two":[{"t":"idOrVar","v":"value"}," έτη πριν"],"zero":"αυτό το έτος"},"$x":[{"t":"idOrVar","v":"plural"},"value"]},{"$i":"minutes-until-long","$v":{"few":["σε ",{"t":"idOrVar","v":"value"}," λεπτά"],"many":["σε ",{"t":"idOrVar","v":"value"}," λεπτά"],"other":["σε ",{"t":"idOrVar","v":"value"}," λεπτά"],"two":["σε ",{"t":"idOrVar","v":"value"}," λεπτά"],"zero":"τώρα","one":"σε 1 λεπτό"},"$x":[{"t":"idOrVar","v":"plural"},"value"]},{"$i":"hours-until-long","$v":{"few":["σε ",{"t":"idOrVar","v":"value"}," ώρες"],"many":["σε ",{"t":"idOrVar","v":"value"}," ώρες"],"other":["σε ",{"t":"idOrVar","v":"value"}," ώρες"],"two":["σε ",{"t":"idOrVar","v":"value"}," ώρες"],"zero":"τώρα","one":"σε 1 ώρα"},"$x":[{"t":"idOrVar","v":"plural"},"value"]},{"$i":"days-until-long","$v":{"few":["σε ",{"t":"idOrVar","v":"value"}," ημέρες"],"many":["σε ",{"t":"idOrVar","v":"value"}," ημέρες"],"one":"αύριο","other":["σε ",{"t":"idOrVar","v":"value"}," ημέρες"],"two":["σε ",{"t":"idOrVar","v":"value"}," ημέρες"],"zero":"σήμερα"},"$x":[{"t":"idOrVar","v":"plural"},"value"]},{"$i":"weeks-until-long","$v":{"few":["σε ",{"t":"idOrVar","v":"value"}," εβδομάδες"],"many":["σε ",{"t":"idOrVar","v":"value"}," εβδομάδες"],"one":"επόμενη εβδομάδα","other":["σε ",{"t":"idOrVar","v":"value"}," εβδομάδες"],"two":["σε ",{"t":"idOrVar","v":"value"}," εβδομάδες"],"zero":"αυτήν την εβδομάδα"},"$x":[{"t":"idOrVar","v":"plural"},"value"]},{"$i":"months-until-long","$v":{"few":["σε ",{"t":"idOrVar","v":"value"}," μήνες"],"many":["σε ",{"t":"idOrVar","v":"value"}," μήνες"],"one":"επόμενος μήνας","other":["σε ",{"t":"idOrVar","v":"value"}," μήνες"],"two":["σε ",{"t":"idOrVar","v":"value"}," μήνες"],"zero":"αυτόν τον μήνα"},"$x":[{"t":"idOrVar","v":"plural"},"value"]},{"$i":"years-until-long","$v":{"few":["σε ",{"t":"idOrVar","v":"value"}," έτη"],"many":["σε ",{"t":"idOrVar","v":"value"}," έτη"],"one":"επόμενο έτος","other":["σε ",{"t":"idOrVar","v":"value"}," έτη"],"two":["σε ",{"t":"idOrVar","v":"value"}," έτη"],"zero":"αυτό το έτος"},"$x":[{"t":"idOrVar","v":"plural"},"value"]},{"$i":"minutes-ago-short","$v":{"other":[{"t":"idOrVar","v":"value"}," μήνα πριν"],"zero":"μόλις τώρα"},"$x":[{"t":"idOrVar","v":"plural"},"value"]},{"$i":"hours-ago-short","$v":{"other":[{"t":"idOrVar","v":"value"}," ώρες πριν"],"zero":"μόλις τώρα"},"$x":[{"t":"idOrVar","v":"plural"},"value"]},{"$i":"days-ago-short","$v":{"other":[{"t":"idOrVar","v":"value"}," ημ. πριν"],"zero":"σήμερα"},"$x":[{"t":"idOrVar","v":"plural"},"value"]},{"$i":"minutes-until-short","$v":{"other":["σε ",{"t":"idOrVar","v":"value"}," λεπτ."],"zero":"τώρα"},"$x":[{"t":"idOrVar","v":"plural"},"value"]},{"$i":"hours-until-short","$v":{"other":["σε ",{"t":"idOrVar","v":"value"}," ώρ."],"zero":"τώρα"},"$x":[{"t":"idOrVar","v":"plural"},"value"]},{"$i":"days-until-short","$v":{"other":["σε ",{"t":"idOrVar","v":"value"}," ημ."],"zero":"σήμερα"},"$x":[{"t":"idOrVar","v":"plural"},"value"]},{"$i":"incorrectDate","$v":"(εσφαλμένη ημερομηνία)"},{"$i":"dateTimeFormat_%c","$v":"%a %b %e %Y %I:%M:%S %p"},{"$i":"dateTimeFormat_%x","$v":"%m/%d/%Y"},{"$i":"dateTimeFormat_%X","$v":"%I:%M:%S %p"},{"$i":"shortTimeFormat","$v":"%I:%M %p"},{"$i":"shortTimeFormat12","$v":"%I:%M %p"},{"$i":"shortTimeFormat24","$v":"%H:%M"},{"$i":"shortDateTimeFormat","$v":"%x %I:%M %p"},{"$i":"weekStartsOnMonday","$v":"0.0"},{"$i":"firstDayOfTheWeek","$v":"1.0"}]