[{"$i":"select","$v":"Selec."},{"$i":"deselect","$v":"Deseleccionar"},{"$i":"kai-select","$v":"Selec."},{"$i":"invalid-image","$v":"Imagen no válida"},{"$i":"image-too-big","$v":"El tamaño de archivo de la imagen es demasiado grande para mostrarlo en la galería."},{"$i":"image-invalid","$v":"No se ha podido mostrar la imagen porque no es válida o está dañada."},{"$i":"kai-selected-items-count","$v":[{"t":"idOrVar","v":"n"}," seleccionados"]},{"$i":"delete-photo?","$v":"¿Eliminar fotografía?"},{"$i":"delete-video?","$v":"¿Eliminar vídeo?"},{"$i":"deleting","$v":"Borrando…"},{"$i":"delete-n-items?","$v":{"few":["¿Desea eliminar ",{"t":"idOrVar","v":"n"}," elementos?"],"many":["¿Desea eliminar ",{"t":"idOrVar","v":"n"}," elementos?"],"one":"¿Desea eliminar el elemento seleccionado?","other":["¿Desea eliminar ",{"t":"idOrVar","v":"n"}," elementos?"],"two":["¿Desea eliminar ",{"t":"idOrVar","v":"n"}," elementos?"],"zero":"No hay nada seleccionado"},"$x":[{"t":"idOrVar","v":"plural"},"n"]},{"$i":"kai-contact-set-ok","$v":"Imagen de contacto añadida"},{"$i":"kai-contact-set-fail","$v":"No se ha podido establecer la imagen de contacto"},{"$i":"kai-changes-saved","$v":"Cambios guardados"},{"$i":"wallpaper-set","$v":"Fondo de pantalla establecido"},{"$i":"kai-single-image-deleted","$v":"Foto eliminada."},{"$i":"kai-deleted-n-photos","$v":{"one":["Se ha borrado ",{"t":"idOrVar","v":"n"}," foto"],"other":[{"t":"idOrVar","v":"n"}," fotos eliminadas"]},"$x":[{"t":"idOrVar","v":"plural"},"n"]},{"$i":"kai-some-photos-not-share","$v":"Algunas fotos no se pueden compartir."},{"$i":"pickoneimage2","$v":"Seleccionar"},{"$i":"cropimage","$v":"Recortar"},{"$i":"kai-on","$v":"Activado"},{"$i":"kai-off","$v":"Desactivado"},{"$i":"cancel","$v":"Cancelar"},{"$i":"delete","$v":"Eliminar"},{"$i":"ok","$v":"Aceptar"},{"$i":"edit","$v":"Editar"},{"$i":"revert","$v":"Deshacer"},{"$i":"save","$v":"Guardar"},{"$i":"done","$v":"Hecho"},{"$i":"exposure","$v":"Exposición"},{"$i":"crop","$v":"Recortar"},{"$i":"effects","$v":"Efectos"},{"$i":"borders","$v":"Bordes"},{"$i":"enhance-on","$v":"Mejora automática activada"},{"$i":"enhance-off","$v":"Mejora automática desactivada"},{"$i":"kai-set","$v":"Definir"},{"$i":"kai-options","$v":"Opciones"},{"$i":"kai-select-all","$v":"Todo"},{"$i":"kai-deselect-all","$v":"Ninguno"},{"$i":"kai-rotate","$v":"Girar"},{"$i":"kai-share","$v":"Compartir"},{"$i":"kai-settings","$v":"Ajustes"},{"$i":"kai-set-as","$v":"Establecer como"},{"$i":"set-as-wallpaper","$v":"Establecer como fondo de pantalla"},{"$i":"kai-wallpaper","$v":"Fondo de pantalla"},{"$i":"kai-existing-contact-image","$v":"Imagen para contacto"},{"$i":"kai-zoom","$v":"Zoom"},{"$i":"kai-zoom-in","$v":"Acercar"},{"$i":"kai-zoom-out","$v":"Alejar"},{"$i":"kai-file-info","$v":"Información de archivo"},{"$i":"kai-select-multiple","$v":"Seleccionar varios"},{"$i":"kai-edit-title","$v":"Editar imagen"},{"$i":"kai-edit-exposure","$v":"Exposición"},{"$i":"kai-edit-crop","$v":"Recortar"},{"$i":"kai-edit-rotate","$v":"Girar"},{"$i":"kai-edit-filters","$v":"Filtros"},{"$i":"kai-edit-auto-correct","$v":"Autocorrección"},{"$i":"edit-exposure","ariaLabel":"Exposición"},{"$i":"edit-crop","ariaLabel":"Recortar"},{"$i":"edit-rotate","ariaLabel":"Girar"},{"$i":"edit-filters","ariaLabel":"Filtros"},{"$i":"edit-auto-correct","ariaLabel":"Autocorrección"},{"$i":"crop-none","ariaLabel":"Deshacer recorte"},{"$i":"crop-aspect-free","ariaLabel":"Predeterminado"},{"$i":"crop-aspect-portrait","ariaLabel":"2:3"},{"$i":"crop-aspect-landscape","ariaLabel":"3:2"},{"$i":"crop-aspect-square","ariaLabel":"1:1"},{"$i":"edit-filters-none","ariaLabel":"Filtro 1"},{"$i":"edit-filters-bw","ariaLabel":"Filtro 2"},{"$i":"edit-filters-sepia","ariaLabel":"Filtro 3"},{"$i":"edit-filters-bluesteel","ariaLabel":"Filtro 4"},{"$i":"edit-filters-faded","ariaLabel":"Filtro 5"},{"$i":"original","$v":"Original"},{"$i":"blackandwhite","$v":"B/N"},{"$i":"sepia","$v":"Sepia"},{"$i":"freeform","$v":"Formato libre"},{"$i":"portrait","$v":"Vertical"},{"$i":"landscape","$v":"Horizontal"},{"$i":"square","$v":"Cuadrado"},{"$i":"emptygallery2-title","$v":"No hay fotos ni vídeos"},{"$i":"emptygallery2-text","$v":"La galería está vacía. Utilice la cámara para empezar."},{"$i":"emptygallery2-title-pick","$v":"No hay fotos"},{"$i":"emptygallery-text-pick","$v":"No hay fotos disponibles."},{"$i":"nocard3-title","$v":"Ninguna tarjeta de memoria"},{"$i":"nocard4-text","$v":"Inserte una tarjeta de memoria para utilizar esta aplicación."},{"$i":"pluggedin2-title","$v":"Tarjeta de memoria en uso"},{"$i":"pluggedin2-text","$v":"El almacenamiento está en uso. Desconecte el teléfono para utilizar esta fotografía."},{"$i":"scanning-title","$v":"Buscando"},{"$i":"scanning-text","$v":"Buscando fotos..."},{"$i":"upgrade-title","$v":"Actualización de base de datos"},{"$i":"upgrade-text","$v":"Espere hasta que la aplicación Galería actualice su base de datos."},{"$i":"share-noprovider","$v":"Este tipo de archivo de imagen no se puede compartir."},{"$i":"memorycardfull","$v":"El almacenamiento está lleno y no se pueden editar fotos."},{"$i":"imagetoobig","$v":"La imagen es demasiado grande para poder mostrarla en este dispositivo."},{"$i":"imageinvalid","$v":"La imagen no es válida o está dañada y no se puede mostrar."},{"$i":"saved","$v":["Archivo ",{"t":"idOrVar","v":"filename"}," guardado en la galería"]},{"$i":"edit-copy-saved","$v":"Se ha guardado una nueva copia."},{"$i":"overlay-camera-button","$v":"Ir a Cámara"},{"$i":"name-label","$v":"Nombre"},{"$i":"size-label","$v":"Tamaño"},{"$i":"image-type-label","$v":"Tipo de imagen"},{"$i":"kai-date-and-time-label","$v":"Fecha y hora"},{"$i":"date-taken-label","$v":"Fecha de realización"},{"$i":"resolution-label","$v":"Resolución"},{"$i":"close-button","$v":"Cerrar"},{"$i":"path-label","$v":"Ruta"},{"$i":"sd-card","$v":"Tarjeta SD"},{"$i":"internal","$v":"Interna"},{"$i":"byteUnit-B","$v":"Bytes"},{"$i":"byteUnit-KB","$v":"KB"},{"$i":"byteUnit-MB","$v":"MB"},{"$i":"byteUnit-GB","$v":"GB"},{"$i":"gallery","$v":"Galería"},{"$i":"preview","$v":"Vista previa"},{"$i":"kai-confirmation","$v":"Confirmación"},{"$i":"kai-delete-this-image","$v":"¿Eliminar fotografía?"},{"$i":"kai-delete-selected-image","$v":"¿Desea eliminar la foto seleccionada?"},{"$i":"kai-delete-selected-images","$v":"¿Desea eliminar las fotos seleccionadas?"},{"$i":"kai-sort-by","$v":"Ordenar por"},{"$i":"kai-group-by-date-and-location","$v":"Agrupar por fecha"},{"$i":"sort-and-group","$v":"Ordenar y agrupar"},{"$i":"time_am","$v":"AM"},{"$i":"time_pm","$v":"PM"},{"$i":"date-group-header","$v":"%B %Y"},{"$i":"videoDescriptionShort","$v":"Vídeo con fecha %I:%M %p, %B %e, %Y"},{"$i":"imageDescriptionShort","$v":"Fecha de la imagen %I:%M %p, %B %e, %Y"},{"$i":"editImagePreview","ariaLabel":"Vista previa de edición de imagen"},{"$i":"kai-pickoneimage","$v":"Seleccionar una foto"},{"$i":"discard-changes-warning","$v":"Se perderán todos los cambios. ¿Desea descartarlos?"},{"$i":"save-changes-warning","$v":"Se descartarán todos los cambios. ¿Desea guardar los cambios?"},{"$i":"discard","$v":"Descartar"},{"$i":"camera","$v":"Cámara"},{"$i":"phone-is-full-title","$v":"Almacenamiento del teléfono lleno"},{"$i":"sd-card-is-full-title","$v":"Tarjeta SD llena"},{"$i":"phone-is-full-content","$v":"Elimine archivos de medios o datos de aplicaciones para liberar espacio. También puede insertar una tarjeta SD para ampliar el almacenamiento de medios."},{"$i":"sd-card-is-full-content","$v":"Elimine archivos de la tarjeta SD para liberar espacio."},{"$i":"favorite","$v":"Favoritos"},{"$i":"add-favorite","$v":"Añadir a Favoritos"},{"$i":"remove-favorite","$v":"Eliminar de favoritos"},{"$i":"emptyfavorite-text","$v":"No tiene fotos favoritas."},{"$i":"donglePlay","$v":"Reproducir"},{"$i":"softkey-options","$v":"Opciones"},{"$i":"imageDescription","$v":["Imagen ",{"t":"idOrVar","v":"orientation"},", %I:%M %p, %B %e, %Y"]},{"$i":"imageDescriptionNoTimestamp","$v":["Imagen ",{"t":"idOrVar","v":"orientation"}]},{"$i":"videoDescription","$v":["Vídeo ",{"t":"idOrVar","v":"orientation"},", %I:%M %p, %B %e, %Y"]},{"$i":"videoDescriptionNoTimestamp","$v":["Vídeo ",{"t":"idOrVar","v":"orientation"}]},{"$i":"orientationPortrait","$v":"vertical"},{"$i":"orientationLandscape","$v":"horizontal"},{"$i":"playbackPlay","ariaLabel":"Reproducir"},{"$i":"playbackPause","ariaLabel":"Pausar"},{"$i":"playbackNext","ariaLabel":"Siguiente"},{"$i":"playbackPrevious","ariaLabel":"Anterior"},{"$i":"playbackFullscreen","ariaLabel":"Pantalla completa"},{"$i":"playbackSeekBar","ariaLabel":["Barra de búsqueda, duración ",{"t":"idOrVar","v":"duration"}]},{"$i":"weekday-0-long","$v":"domingo"},{"$i":"weekday-1-long","$v":"lunes"},{"$i":"weekday-2-long","$v":"martes"},{"$i":"weekday-3-long","$v":"miércoles"},{"$i":"weekday-4-long","$v":"jueves"},{"$i":"weekday-5-long","$v":"viernes"},{"$i":"weekday-6-long","$v":"sábado"},{"$i":"weekday-0-short","$v":"dom."},{"$i":"weekday-1-short","$v":"lun."},{"$i":"weekday-2-short","$v":"mar."},{"$i":"weekday-3-short","$v":"mié."},{"$i":"weekday-4-short","$v":"jue."},{"$i":"weekday-5-short","$v":"vie."},{"$i":"weekday-6-short","$v":"sáb."},{"$i":"month-0-long","$v":"enero"},{"$i":"month-1-long","$v":"febrero"},{"$i":"month-2-long","$v":"marzo"},{"$i":"month-3-long","$v":"abril"},{"$i":"month-4-long","$v":"mayo"},{"$i":"month-5-long","$v":"junio"},{"$i":"month-6-long","$v":"julio"},{"$i":"month-7-long","$v":"agosto"},{"$i":"month-8-long","$v":"septiembre"},{"$i":"month-9-long","$v":"octubre"},{"$i":"month-10-long","$v":"noviembre"},{"$i":"month-11-long","$v":"diciembre"},{"$i":"month-0-genitive","$v":"enero"},{"$i":"month-1-genitive","$v":"febrero"},{"$i":"month-2-genitive","$v":"marzo"},{"$i":"month-3-genitive","$v":"abril"},{"$i":"month-4-genitive","$v":"mayo"},{"$i":"month-5-genitive","$v":"junio"},{"$i":"month-6-genitive","$v":"julio"},{"$i":"month-7-genitive","$v":"agosto"},{"$i":"month-8-genitive","$v":"septiembre"},{"$i":"month-9-genitive","$v":"octubre"},{"$i":"month-10-genitive","$v":"noviembre"},{"$i":"month-11-genitive","$v":"diciembre"},{"$i":"month-0-short","$v":"ene"},{"$i":"month-1-short","$v":"feb"},{"$i":"month-2-short","$v":"mar"},{"$i":"month-3-short","$v":"abr"},{"$i":"month-4-short","$v":"mayo"},{"$i":"month-5-short","$v":"jun"},{"$i":"month-6-short","$v":"jul"},{"$i":"month-7-short","$v":"ago"},{"$i":"month-8-short","$v":"sep"},{"$i":"month-9-short","$v":"oct"},{"$i":"month-10-short","$v":"nov"},{"$i":"month-11-short","$v":"dic"},{"$i":"minutes-ago-long","$v":{"few":["Hace ",{"t":"idOrVar","v":"value"}," minutos"],"many":["Hace ",{"t":"idOrVar","v":"value"}," minutos"],"other":["Hace ",{"t":"idOrVar","v":"value"}," minutos"],"two":["Hace ",{"t":"idOrVar","v":"value"}," minutos"],"one":"Hace un minuto","zero":"Justo ahora"},"$x":[{"t":"idOrVar","v":"plural"},"value"]},{"$i":"hours-ago-long","$v":{"few":["Hace ",{"t":"idOrVar","v":"value"}," horas"],"many":["Hace ",{"t":"idOrVar","v":"value"}," horas"],"other":["Hace ",{"t":"idOrVar","v":"value"}," horas"],"two":["Hace ",{"t":"idOrVar","v":"value"}," horas"],"one":"Hace una hora","zero":"Justo ahora"},"$x":[{"t":"idOrVar","v":"plural"},"value"]},{"$i":"days-ago-long","$v":{"few":["Hace ",{"t":"idOrVar","v":"value"}," días"],"many":["Hace ",{"t":"idOrVar","v":"value"}," días"],"one":"Ayer","other":["Hace ",{"t":"idOrVar","v":"value"}," días"],"two":["Hace ",{"t":"idOrVar","v":"value"}," días"],"zero":"Hoy"},"$x":[{"t":"idOrVar","v":"plural"},"value"]},{"$i":"weeks-ago-long","$v":{"few":["Hace ",{"t":"idOrVar","v":"value"}," semanas"],"many":["Hace ",{"t":"idOrVar","v":"value"}," semanas"],"one":"La semana pasada","other":["Hace ",{"t":"idOrVar","v":"value"}," semanas"],"two":["Hace ",{"t":"idOrVar","v":"value"}," semanas"],"zero":"Esta semana"},"$x":[{"t":"idOrVar","v":"plural"},"value"]},{"$i":"months-ago-long","$v":{"few":["Hace ",{"t":"idOrVar","v":"value"}," meses"],"many":["Hace ",{"t":"idOrVar","v":"value"}," meses"],"one":"Último mes","other":["Hace ",{"t":"idOrVar","v":"value"}," meses"],"two":["Hace ",{"t":"idOrVar","v":"value"}," meses"],"zero":"Este mes"},"$x":[{"t":"idOrVar","v":"plural"},"value"]},{"$i":"years-ago-long","$v":{"few":["Hace ",{"t":"idOrVar","v":"value"}," años"],"many":["Hace ",{"t":"idOrVar","v":"value"}," años"],"one":"El año pasado","other":["Hace ",{"t":"idOrVar","v":"value"}," años"],"two":["Hace ",{"t":"idOrVar","v":"value"}," años"],"zero":"Este año"},"$x":[{"t":"idOrVar","v":"plural"},"value"]},{"$i":"minutes-until-long","$v":{"few":["Dentro de ",{"t":"idOrVar","v":"value"}," minutos"],"many":["Dentro de ",{"t":"idOrVar","v":"value"}," minutos"],"other":["Dentro de ",{"t":"idOrVar","v":"value"}," minutos"],"two":["Dentro de ",{"t":"idOrVar","v":"value"}," minutos"],"zero":"ahora","one":"Dentro de un minuto"},"$x":[{"t":"idOrVar","v":"plural"},"value"]},{"$i":"hours-until-long","$v":{"few":["Dentro de ",{"t":"idOrVar","v":"value"}," horas"],"many":["Dentro de ",{"t":"idOrVar","v":"value"}," horas"],"other":["Dentro de ",{"t":"idOrVar","v":"value"}," horas"],"two":["Dentro de ",{"t":"idOrVar","v":"value"}," horas"],"zero":"ahora","one":"Dentro de una hora"},"$x":[{"t":"idOrVar","v":"plural"},"value"]},{"$i":"days-until-long","$v":{"few":["Dentro de ",{"t":"idOrVar","v":"value"}," días"],"many":["Dentro de ",{"t":"idOrVar","v":"value"}," días"],"one":"Mañana","other":["Dentro de ",{"t":"idOrVar","v":"value"}," días"],"two":["Dentro de ",{"t":"idOrVar","v":"value"}," días"],"zero":"Hoy"},"$x":[{"t":"idOrVar","v":"plural"},"value"]},{"$i":"weeks-until-long","$v":{"few":["Dentro de ",{"t":"idOrVar","v":"value"}," semanas"],"many":["Dentro de ",{"t":"idOrVar","v":"value"}," semanas"],"one":"La próxima semana","other":["Dentro de ",{"t":"idOrVar","v":"value"}," semanas"],"two":["Dentro de ",{"t":"idOrVar","v":"value"}," semanas"],"zero":"Esta semana"},"$x":[{"t":"idOrVar","v":"plural"},"value"]},{"$i":"months-until-long","$v":{"few":["Dentro de ",{"t":"idOrVar","v":"value"}," meses"],"many":["Dentro de ",{"t":"idOrVar","v":"value"}," meses"],"one":"Mes siguiente","other":["Dentro de ",{"t":"idOrVar","v":"value"}," meses"],"two":["Dentro de ",{"t":"idOrVar","v":"value"}," meses"],"zero":"Este mes"},"$x":[{"t":"idOrVar","v":"plural"},"value"]},{"$i":"years-until-long","$v":{"few":["Dentro de ",{"t":"idOrVar","v":"value"}," años"],"many":["Dentro de ",{"t":"idOrVar","v":"value"}," años"],"one":"El año que viene","other":["Dentro de ",{"t":"idOrVar","v":"value"}," años"],"two":["Dentro de ",{"t":"idOrVar","v":"value"}," años"],"zero":"Este año"},"$x":[{"t":"idOrVar","v":"plural"},"value"]},{"$i":"minutes-ago-short","$v":{"other":["Hace ",{"t":"idOrVar","v":"value"}," m"],"zero":"Justo ahora"},"$x":[{"t":"idOrVar","v":"plural"},"value"]},{"$i":"hours-ago-short","$v":{"other":["Hace ",{"t":"idOrVar","v":"value"}," h"],"zero":"Justo ahora"},"$x":[{"t":"idOrVar","v":"plural"},"value"]},{"$i":"days-ago-short","$v":{"other":["Hace ",{"t":"idOrVar","v":"value"}," d"],"zero":"Hoy"},"$x":[{"t":"idOrVar","v":"plural"},"value"]},{"$i":"minutes-until-short","$v":{"other":["Dentro de ",{"t":"idOrVar","v":"value"}," m"],"zero":"ahora"},"$x":[{"t":"idOrVar","v":"plural"},"value"]},{"$i":"hours-until-short","$v":{"other":["Dentro de ",{"t":"idOrVar","v":"value"}," h"],"zero":"ahora"},"$x":[{"t":"idOrVar","v":"plural"},"value"]},{"$i":"days-until-short","$v":{"other":["Dentro de ",{"t":"idOrVar","v":"value"}," d"],"zero":"Hoy"},"$x":[{"t":"idOrVar","v":"plural"},"value"]},{"$i":"incorrectDate","$v":"(fecha incorrecta)"},{"$i":"dateTimeFormat_%c","$v":"%a %b %e %Y %I:%M:%S %p"},{"$i":"dateTimeFormat_%x","$v":"%d/%m/%Y"},{"$i":"dateTimeFormat_%X","$v":"%I:%M:%S %p"},{"$i":"shortTimeFormat","$v":"%I:%M %p"},{"$i":"shortTimeFormat12","$v":"%I:%M %p"},{"$i":"shortTimeFormat24","$v":"%H:%M"},{"$i":"shortDateTimeFormat","$v":"%x %I:%M %p"},{"$i":"weekStartsOnMonday","$v":"0.0"},{"$i":"firstDayOfTheWeek","$v":"1.0"}]