[{"$i":"select","$v":"انتخاب"},{"$i":"deselect","$v":"عدم انتخاب"},{"$i":"kai-select","$v":"انتخاب"},{"$i":"invalid-image","$v":"تصویر نامعتبر"},{"$i":"image-too-big","$v":"اندازه فایل تصویر برای نمایش در گالری بسیار بزرگ است."},{"$i":"image-invalid","$v":"نمی توانید تصویر را نشان دهید چون نامعتبر یا شکسته است."},{"$i":"kai-selected-items-count","$v":[{"t":"idOrVar","v":"n"}," انتخاب شد"]},{"$i":"delete-photo?","$v":"حذف عكس؟"},{"$i":"delete-video?","$v":"حذف ویدیو؟"},{"$i":"deleting","$v":"درحال حذف..."},{"$i":"delete-n-items?","$v":{"few":["حذف ",{"t":"idOrVar","v":"n"}," مورد؟"],"many":["حذف ",{"t":"idOrVar","v":"n"}," مورد؟"],"one":"حذف مورد انتخابی؟","other":["حذف ",{"t":"idOrVar","v":"n"}," مورد؟"],"two":["حذف ",{"t":"idOrVar","v":"n"}," مورد؟"],"zero":"موردی انتخاب نشد"},"$x":[{"t":"idOrVar","v":"plural"},"n"]},{"$i":"kai-contact-set-ok","$v":"تصویر مخاطب اضافه شد"},{"$i":"kai-contact-set-fail","$v":"تنظیم تصویر مخاطب انجام نشد"},{"$i":"kai-changes-saved","$v":"تغییرات ذخیره شد"},{"$i":"wallpaper-set","$v":"تصویر زمینه تنظیم شد"},{"$i":"kai-single-image-deleted","$v":"عکس حذف شد."},{"$i":"kai-deleted-n-photos","$v":{"one":[{"t":"idOrVar","v":"n"}," عکس حذف شد"],"other":["‏",{"t":"idOrVar","v":"n"}," عکس حذف شد"]},"$x":[{"t":"idOrVar","v":"plural"},"n"]},{"$i":"kai-some-photos-not-share","$v":"برخی عکس ها قابل اشتراک نيستند"},{"$i":"pickoneimage2","$v":"انتخاب"},{"$i":"cropimage","$v":"برش"},{"$i":"kai-on","$v":"روشن"},{"$i":"kai-off","$v":"خاموش"},{"$i":"cancel","$v":"لغو کردن"},{"$i":"delete","$v":"حذف"},{"$i":"ok","$v":"تأیید"},{"$i":"edit","$v":"ویرایش"},{"$i":"revert","$v":"بازگرداندن"},{"$i":"save","$v":"ذخيره"},{"$i":"done","$v":"انجام شد"},{"$i":"exposure","$v":"نوردهي"},{"$i":"crop","$v":"برش"},{"$i":"effects","$v":"جلوه‌ها"},{"$i":"borders","$v":"حاشيه ها"},{"$i":"enhance-on","$v":"تقویت خودکار روشن"},{"$i":"enhance-off","$v":"تقویت خودکار خاموش"},{"$i":"kai-set","$v":"تنظيم"},{"$i":"kai-options","$v":"گزینه ها"},{"$i":"kai-select-all","$v":"همه"},{"$i":"kai-deselect-all","$v":"هيچكدام"},{"$i":"kai-rotate","$v":"چرخش"},{"$i":"kai-share","$v":"اشتراک"},{"$i":"kai-settings","$v":"تنظیمات"},{"$i":"kai-set-as","$v":"تنظيم به عنوان"},{"$i":"set-as-wallpaper","$v":"تنظيم به عنوان تصوير زمينه"},{"$i":"kai-wallpaper","$v":"تصوير زمينه"},{"$i":"kai-existing-contact-image","$v":"تصویر برای مخاطب موجود"},{"$i":"kai-zoom","$v":"زوم"},{"$i":"kai-zoom-in","$v":"بزرگنمایی"},{"$i":"kai-zoom-out","$v":"کوچکنمایی"},{"$i":"kai-file-info","$v":"اطلاعات فایل"},{"$i":"kai-select-multiple","$v":"انتخاب چندگانه"},{"$i":"kai-edit-title","$v":"ویرایش تصویر"},{"$i":"kai-edit-exposure","$v":"نوردهي"},{"$i":"kai-edit-crop","$v":"برش"},{"$i":"kai-edit-rotate","$v":"چرخش"},{"$i":"kai-edit-filters","$v":"فیلترها"},{"$i":"kai-edit-auto-correct","$v":"تصحیح خودکار"},{"$i":"edit-exposure","ariaLabel":"نوردهي"},{"$i":"edit-crop","ariaLabel":"برش"},{"$i":"edit-rotate","ariaLabel":"چرخش"},{"$i":"edit-filters","ariaLabel":"فیلترها"},{"$i":"edit-auto-correct","ariaLabel":"تصحیح خودکار"},{"$i":"crop-none","ariaLabel":"لغو برش"},{"$i":"crop-aspect-free","ariaLabel":"پيش فرض"},{"$i":"crop-aspect-portrait","ariaLabel":"2:3"},{"$i":"crop-aspect-landscape","ariaLabel":"3:2"},{"$i":"crop-aspect-square","ariaLabel":"1:1"},{"$i":"edit-filters-none","ariaLabel":"فیلتر 1"},{"$i":"edit-filters-bw","ariaLabel":"فیلتر 2"},{"$i":"edit-filters-sepia","ariaLabel":"فیلتر 3"},{"$i":"edit-filters-bluesteel","ariaLabel":"فیلتر 4"},{"$i":"edit-filters-faded","ariaLabel":"فیلتر 5"},{"$i":"original","$v":"اصلی"},{"$i":"blackandwhite","$v":"سیاه‌و سفید"},{"$i":"sepia","$v":"قرمز قهوه ای"},{"$i":"freeform","$v":"شکل آزاد"},{"$i":"portrait","$v":"پرتره"},{"$i":"landscape","$v":"افقی"},{"$i":"square","$v":"مربع"},{"$i":"emptygallery2-title","$v":"بدون عکس یا ویدیو"},{"$i":"emptygallery2-text","$v":"گالری خالی است. برای شروع به کار از دوربین استفاده کنید."},{"$i":"emptygallery2-title-pick","$v":"بدون عکس"},{"$i":"emptygallery-text-pick","$v":"عکسی موجود نیست."},{"$i":"nocard3-title","$v":"بدون کارت حافظه"},{"$i":"nocard4-text","$v":"یک کارت حافظه برای استفاده از این برنامه وارد کنید."},{"$i":"pluggedin2-title","$v":"کارت حافظه در حال استفاده است"},{"$i":"pluggedin2-text","$v":"حافظه در حال حاضر در حال استفاده است. لطفاً برای استفاده از این برنامه، تلفن را جدا کنید."},{"$i":"scanning-title","$v":"در حال اسکن"},{"$i":"scanning-text","$v":"درحال اسکن کردن عکس ها..."},{"$i":"upgrade-title","$v":"ارتقای پایگاه داده"},{"$i":"upgrade-text","$v":"لطفاً زمانی که گالری پایگاه داده خود را به روزرسانی می کند منتظر بمانید."},{"$i":"share-noprovider","$v":"نمی توانید این نوع فایل تصویری را به اشتراک بگذارید."},{"$i":"memorycardfull","$v":"حافظه پر است. نمی توانید عکس ها را ویرایش کنید."},{"$i":"imagetoobig","$v":"تصویر برای نمایش در این دستگاه بسیار بزرگ است."},{"$i":"imageinvalid","$v":"تصویر نامعتبر است یا خراب شده است و قابل نمایش نیست."},{"$i":"saved","$v":[{"t":"idOrVar","v":"filename"}," در گالری ذخیره شد"]},{"$i":"edit-copy-saved","$v":"کپی جدید ذخیره شد."},{"$i":"overlay-camera-button","$v":"رفتن به دوربین"},{"$i":"name-label","$v":"نام"},{"$i":"size-label","$v":"اندازه"},{"$i":"image-type-label","$v":"نوع تصویر"},{"$i":"kai-date-and-time-label","$v":"تاریخ و زمان"},{"$i":"date-taken-label","$v":"تاریخ گرفته شده"},{"$i":"resolution-label","$v":"وضوح"},{"$i":"close-button","$v":"بستن"},{"$i":"path-label","$v":"مسیر"},{"$i":"sd-card","$v":"کارت SD"},{"$i":"internal","$v":"داخلی"},{"$i":"byteUnit-B","$v":"بایت"},{"$i":"byteUnit-KB","$v":"کیلوبایت"},{"$i":"byteUnit-MB","$v":"مگابایت"},{"$i":"byteUnit-GB","$v":"گیگابایت"},{"$i":"gallery","$v":"گالری"},{"$i":"preview","$v":"پیش نمایش"},{"$i":"kai-confirmation","$v":"تأييد"},{"$i":"kai-delete-this-image","$v":"حذف عكس؟"},{"$i":"kai-delete-selected-image","$v":"عکس انتخابی حذف شود؟"},{"$i":"kai-delete-selected-images","$v":"عکس های انتخابی حذف شوند؟"},{"$i":"kai-sort-by","$v":"مرتب کردن بر اساس"},{"$i":"kai-group-by-date-and-location","$v":"گروه بندی بر اساس تاريخ"},{"$i":"sort-and-group","$v":"مرتب کردن و گروه بندی"},{"$i":"time_am","$v":"ب.ظ"},{"$i":"time_pm","$v":"ق.ظ"},{"$i":"date-group-header","$v":"%B %Y"},{"$i":"videoDescriptionShort","$v":"ویدیوی تاریخ دار %I:%M %p، %B %e، %Y"},{"$i":"imageDescriptionShort","$v":"تصویر تاریخ دار %I:%M %p، %B %e، %Y"},{"$i":"editImagePreview","ariaLabel":"ویرایش پیش نمایش تصویر"},{"$i":"kai-pickoneimage","$v":"انتخاب عکس A"},{"$i":"discard-changes-warning","$v":"همه تغییرات از دست می رود. می خواهید تغییرات را رد کنید؟"},{"$i":"save-changes-warning","$v":"همه تغييرات رد می شوند. ذخیره تغییرات؟"},{"$i":"discard","$v":"رد کردن"},{"$i":"camera","$v":"دوربين"},{"$i":"phone-is-full-title","$v":"حافظه تلفن پر است"},{"$i":"sd-card-is-full-title","$v":"کارت SD پر است"},{"$i":"phone-is-full-content","$v":"فایل های رسانه یا داده برنامه را حذف کنید تا فضا آزاد شود. همینطور می توانید یک کارت SD برای افزایش فضای حافظه رسانه وارد کنید."},{"$i":"sd-card-is-full-content","$v":"فایل های روی کارت SD را حذف کنید تا فضا آزاد شود."},{"$i":"favorite","$v":"موارد دلخواه"},{"$i":"add-favorite","$v":"افزودن به موارد دلخواه"},{"$i":"remove-favorite","$v":"حذف از موارد دلخواه"},{"$i":"emptyfavorite-text","$v":"عکس های دلخواهی ندارید."},{"$i":"donglePlay","$v":"پخش"},{"$i":"softkey-options","$v":"گزینه ها"},{"$i":"imageDescription","$v":["تصویر ",{"t":"idOrVar","v":"orientation"},"، ‏%I:%M %p، %B %e، %Y"]},{"$i":"imageDescriptionNoTimestamp","$v":[{"t":"idOrVar","v":"orientation"}," تصویر"]},{"$i":"videoDescription","$v":[{"t":"idOrVar","v":"orientation"}," و.یدیو، %I:%M %p، %B %e، %Y"]},{"$i":"videoDescriptionNoTimestamp","$v":[{"t":"idOrVar","v":"orientation"}," ویدیو"]},{"$i":"orientationPortrait","$v":"پرتره"},{"$i":"orientationLandscape","$v":"منظره"},{"$i":"playbackPlay","ariaLabel":"پخش"},{"$i":"playbackPause","ariaLabel":"توقف موقت"},{"$i":"playbackNext","ariaLabel":"بعد"},{"$i":"playbackPrevious","ariaLabel":"قبل"},{"$i":"playbackFullscreen","ariaLabel":"تمام صفحه"},{"$i":"playbackSeekBar","ariaLabel":["نوار جستجو، مدت ",{"t":"idOrVar","v":"duration"}]},{"$i":"weekday-0-long","$v":"يكشنبه"},{"$i":"weekday-1-long","$v":"دوشنبه"},{"$i":"weekday-2-long","$v":"سه شنبه"},{"$i":"weekday-3-long","$v":"چهارشنبه"},{"$i":"weekday-4-long","$v":"پنج شنبه"},{"$i":"weekday-5-long","$v":"جمعه"},{"$i":"weekday-6-long","$v":"شنبه"},{"$i":"weekday-0-short","$v":"یکشنبه"},{"$i":"weekday-1-short","$v":"دوشنبه"},{"$i":"weekday-2-short","$v":"سه شنبه"},{"$i":"weekday-3-short","$v":"چهارشنبه"},{"$i":"weekday-4-short","$v":"پنج شنبه"},{"$i":"weekday-5-short","$v":"جمعه"},{"$i":"weekday-6-short","$v":"شنبه"},{"$i":"month-0-long","$v":"ژانویه"},{"$i":"month-1-long","$v":"فوریه"},{"$i":"month-2-long","$v":"مارس"},{"$i":"month-3-long","$v":"آوریل"},{"$i":"month-4-long","$v":"مه"},{"$i":"month-5-long","$v":"ژوئن"},{"$i":"month-6-long","$v":"ژوئیه"},{"$i":"month-7-long","$v":"اوت"},{"$i":"month-8-long","$v":"سپتامبر"},{"$i":"month-9-long","$v":"اکتبر"},{"$i":"month-10-long","$v":"نوامبر"},{"$i":"month-11-long","$v":"دسامبر"},{"$i":"month-0-genitive","$v":"ژانویه"},{"$i":"month-1-genitive","$v":"فوریه"},{"$i":"month-2-genitive","$v":"مارس"},{"$i":"month-3-genitive","$v":"آوریل"},{"$i":"month-4-genitive","$v":"مه"},{"$i":"month-5-genitive","$v":"ژوئن"},{"$i":"month-6-genitive","$v":"ژوئیه"},{"$i":"month-7-genitive","$v":"اوت"},{"$i":"month-8-genitive","$v":"سپتامبر"},{"$i":"month-9-genitive","$v":"اکتبر"},{"$i":"month-10-genitive","$v":"نوامبر"},{"$i":"month-11-genitive","$v":"دسامبر"},{"$i":"month-0-short","$v":"ژانويه"},{"$i":"month-1-short","$v":"فوريه"},{"$i":"month-2-short","$v":"مارس"},{"$i":"month-3-short","$v":"آوريل"},{"$i":"month-4-short","$v":"مه"},{"$i":"month-5-short","$v":"ژوئن"},{"$i":"month-6-short","$v":"ژوئيه"},{"$i":"month-7-short","$v":"اوت"},{"$i":"month-8-short","$v":"سپتامبر"},{"$i":"month-9-short","$v":"اكتبر"},{"$i":"month-10-short","$v":"نوامبر"},{"$i":"month-11-short","$v":"دسامبر"},{"$i":"minutes-ago-long","$v":{"few":[{"t":"idOrVar","v":"value"}," دقیقه قبل"],"many":[{"t":"idOrVar","v":"value"}," دقیقه قبل"],"other":[{"t":"idOrVar","v":"value"}," دقیقه قبل"],"two":[{"t":"idOrVar","v":"value"}," دقیقه قبل"],"one":"یک دقيقه قبل","zero":"درست اکنون"},"$x":[{"t":"idOrVar","v":"plural"},"value"]},{"$i":"hours-ago-long","$v":{"few":[{"t":"idOrVar","v":"value"}," ساعت قبل"],"many":[{"t":"idOrVar","v":"value"}," ساعت قبل"],"other":[{"t":"idOrVar","v":"value"}," ساعت قبل"],"two":[{"t":"idOrVar","v":"value"}," ساعت قبل"],"one":"یک ساعت قبل","zero":"درست اکنون"},"$x":[{"t":"idOrVar","v":"plural"},"value"]},{"$i":"days-ago-long","$v":{"few":[{"t":"idOrVar","v":"value"}," روز قبل"],"many":[{"t":"idOrVar","v":"value"}," روز قبل"],"one":"دیروز","other":[{"t":"idOrVar","v":"value"}," روز قبل"],"two":[{"t":"idOrVar","v":"value"}," روز قبل"],"zero":"امروز"},"$x":[{"t":"idOrVar","v":"plural"},"value"]},{"$i":"weeks-ago-long","$v":{"few":[{"t":"idOrVar","v":"value"}," هفته قبل"],"many":[{"t":"idOrVar","v":"value"}," هفته قبل"],"one":"هفته قبل","other":[{"t":"idOrVar","v":"value"}," هفته قبل"],"two":[{"t":"idOrVar","v":"value"}," هفته قبل"],"zero":"این هفته"},"$x":[{"t":"idOrVar","v":"plural"},"value"]},{"$i":"months-ago-long","$v":{"few":[{"t":"idOrVar","v":"value"}," ماه قبل"],"many":[{"t":"idOrVar","v":"value"}," ماه قبل"],"one":"ماه قبل","other":[{"t":"idOrVar","v":"value"}," ماه قبل"],"two":[{"t":"idOrVar","v":"value"}," ماه قبل"],"zero":"این ماه"},"$x":[{"t":"idOrVar","v":"plural"},"value"]},{"$i":"years-ago-long","$v":{"few":[{"t":"idOrVar","v":"value"}," سال قبل"],"many":[{"t":"idOrVar","v":"value"}," سال قبل"],"one":"سال قبل","other":[{"t":"idOrVar","v":"value"}," سال قبل"],"two":[{"t":"idOrVar","v":"value"}," سال قبل"],"zero":"امسال"},"$x":[{"t":"idOrVar","v":"plural"},"value"]},{"$i":"minutes-until-long","$v":{"few":"در {value}} دقیقه","many":"در {value}} دقیقه","other":"در {value}} دقیقه","two":"در {value}} دقیقه","zero":"اکنون","one":"در یک دقیقه"},"$x":[{"t":"idOrVar","v":"plural"},"value"]},{"$i":"hours-until-long","$v":{"few":"در {value}} ساعت","many":"در {value}} ساعت","other":"در {value}} ساعت","two":"در {value}} ساعت","zero":"اکنون","one":"در یک ساعت"},"$x":[{"t":"idOrVar","v":"plural"},"value"]},{"$i":"days-until-long","$v":{"few":["در ",{"t":"idOrVar","v":"value"}," روز"],"many":["در ",{"t":"idOrVar","v":"value"}," روز"],"one":"فردا","other":["در ",{"t":"idOrVar","v":"value"}," روز"],"two":["در ",{"t":"idOrVar","v":"value"}," روز"],"zero":"امروز"},"$x":[{"t":"idOrVar","v":"plural"},"value"]},{"$i":"weeks-until-long","$v":{"few":["در ",{"t":"idOrVar","v":"value"}," هفته"],"many":["در ",{"t":"idOrVar","v":"value"}," هفته"],"one":"هفته بعد","other":["در ",{"t":"idOrVar","v":"value"}," هفته"],"two":["در ",{"t":"idOrVar","v":"value"}," هفته"],"zero":"این هفته"},"$x":[{"t":"idOrVar","v":"plural"},"value"]},{"$i":"months-until-long","$v":{"few":["در ",{"t":"idOrVar","v":"value"}," ماه"],"many":["در ",{"t":"idOrVar","v":"value"}," ماه"],"one":"ماه بعد","other":["در ",{"t":"idOrVar","v":"value"}," ماه"],"two":["در ",{"t":"idOrVar","v":"value"}," ماه"],"zero":"این ماه"},"$x":[{"t":"idOrVar","v":"plural"},"value"]},{"$i":"years-until-long","$v":{"few":["در ",{"t":"idOrVar","v":"value"}," سال"],"many":["در ",{"t":"idOrVar","v":"value"}," سال"],"one":"سال بعد","other":["در ",{"t":"idOrVar","v":"value"}," سال"],"two":["در ",{"t":"idOrVar","v":"value"}," سال"],"zero":"امسال"},"$x":[{"t":"idOrVar","v":"plural"},"value"]},{"$i":"minutes-ago-short","$v":{"other":[{"t":"idOrVar","v":"value"},"دقیقه قبل"],"zero":"درست اکنون"},"$x":[{"t":"idOrVar","v":"plural"},"value"]},{"$i":"hours-ago-short","$v":{"other":[{"t":"idOrVar","v":"value"}," ساعت قبل"],"zero":"درست اکنون"},"$x":[{"t":"idOrVar","v":"plural"},"value"]},{"$i":"days-ago-short","$v":{"other":[{"t":"idOrVar","v":"value"}," روز قبل"],"zero":"امروز"},"$x":[{"t":"idOrVar","v":"plural"},"value"]},{"$i":"minutes-until-short","$v":{"other":"در {value}} دقیقه","zero":"اکنون"},"$x":[{"t":"idOrVar","v":"plural"},"value"]},{"$i":"hours-until-short","$v":{"other":"در {value}} ساعت","zero":"اکنون"},"$x":[{"t":"idOrVar","v":"plural"},"value"]},{"$i":"days-until-short","$v":{"other":"در {value}} روز","zero":"امروز"},"$x":[{"t":"idOrVar","v":"plural"},"value"]},{"$i":"incorrectDate","$v":"(تاریخ نادرست)"},{"$i":"dateTimeFormat_%c","$v":"%a %b %e %Y %I:%M:%S %p"},{"$i":"dateTimeFormat_%x","$v":"%m/%d/%Y"},{"$i":"dateTimeFormat_%X","$v":"%I:%M:%S %p"},{"$i":"shortTimeFormat","$v":"%I:%M %p"},{"$i":"shortTimeFormat12","$v":"%I:%M %p"},{"$i":"shortTimeFormat24","$v":"%H:%M"},{"$i":"shortDateTimeFormat","$v":"%x %I:%M %p"},{"$i":"weekStartsOnMonday","$v":"0.0"},{"$i":"firstDayOfTheWeek","$v":"0.0"}]