[{"$i":"select","$v":"Odaberi"},{"$i":"deselect","$v":"Poništi odabir"},{"$i":"kai-select","$v":"Odaberi"},{"$i":"invalid-image","$v":"Slika nije valjana"},{"$i":"image-too-big","$v":"Datoteka slikovne datoteke prevelika je za prikaz u galeriju"},{"$i":"image-invalid","$v":"Nije moguće prikazati sliku jer je nevažeća ili neispravna."},{"$i":"kai-selected-items-count","$v":["Odabrano: ",{"t":"idOrVar","v":"n"}]},{"$i":"delete-photo?","$v":"Želite li izbrisati fotografiju?"},{"$i":"delete-video?","$v":"Želite li izbrisati videozapis?"},{"$i":"deleting","$v":"Brisanje…"},{"$i":"delete-n-items?","$v":{"few":["Želite li izbrisati ovoliko stavki: ",{"t":"idOrVar","v":"n"},"?"],"many":["Želite li izbrisati ovoliko stavki: ",{"t":"idOrVar","v":"n"},"?"],"one":"Želite li izbrisati odabranu stavku?","other":["Želite li izbrisati ovoliko stavki: ",{"t":"idOrVar","v":"n"},"?"],"two":["Želite li izbrisati ovoliko stavki: ",{"t":"idOrVar","v":"n"},"?"],"zero":"Ništa nije odabrano"},"$x":[{"t":"idOrVar","v":"plural"},"n"]},{"$i":"kai-contact-set-ok","$v":"Slika kontakta je dodana."},{"$i":"kai-contact-set-fail","$v":"Nije uspjelo postavljanje slike kontakta."},{"$i":"kai-changes-saved","$v":"Promjene su spremljene."},{"$i":"wallpaper-set","$v":"Pozadina postavljena."},{"$i":"kai-single-image-deleted","$v":"Fotografija je izbrisana."},{"$i":"kai-deleted-n-photos","$v":{"one":["Izbrisana ",{"t":"idOrVar","v":"n"}," fotografija"],"other":["Izbrisano fotografija: ",{"t":"idOrVar","v":"n"}]},"$x":[{"t":"idOrVar","v":"plural"},"n"]},{"$i":"kai-some-photos-not-share","$v":"Neke se fotografije ne mogu dijeliti"},{"$i":"pickoneimage2","$v":"Odaberi"},{"$i":"cropimage","$v":"Izreži"},{"$i":"kai-on","$v":"Uključeno"},{"$i":"kai-off","$v":"Isključeno"},{"$i":"cancel","$v":"Poništi"},{"$i":"delete","$v":"Izbriši"},{"$i":"ok","$v":"U redu"},{"$i":"edit","$v":"Uredi"},{"$i":"revert","$v":"Vrati prethodno"},{"$i":"save","$v":"Spremi"},{"$i":"done","$v":"Dovršeno"},{"$i":"exposure","$v":"Ekspozicija"},{"$i":"crop","$v":"Izreži"},{"$i":"effects","$v":"Efekti"},{"$i":"borders","$v":"Obrubi"},{"$i":"enhance-on","$v":"Automatsko poboljšanje uključeno"},{"$i":"enhance-off","$v":"Automatsko poboljšanje isključeno"},{"$i":"kai-set","$v":"set"},{"$i":"kai-options","$v":"Opcije"},{"$i":"kai-select-all","$v":"Sve"},{"$i":"kai-deselect-all","$v":"Ništa"},{"$i":"kai-rotate","$v":"Rotiraj"},{"$i":"kai-share","$v":"Podijeli"},{"$i":"kai-settings","$v":"Postavke"},{"$i":"kai-set-as","$v":"Postaviti kao"},{"$i":"set-as-wallpaper","$v":"Postavi kao pozadinu"},{"$i":"kai-wallpaper","$v":"Pozadina"},{"$i":"kai-existing-contact-image","$v":"Slika za postojeći kontakt"},{"$i":"kai-zoom","$v":"Povećaj"},{"$i":"kai-zoom-in","$v":"Povećaj"},{"$i":"kai-zoom-out","$v":"Smanji"},{"$i":"kai-file-info","$v":"Informacije o datoteci"},{"$i":"kai-select-multiple","$v":"Višestruki odabir"},{"$i":"kai-edit-title","$v":"Uredi sliku"},{"$i":"kai-edit-exposure","$v":"Ekspozicija"},{"$i":"kai-edit-crop","$v":"Izreži"},{"$i":"kai-edit-rotate","$v":"Rotiraj"},{"$i":"kai-edit-filters","$v":"Filtri"},{"$i":"kai-edit-auto-correct","$v":"Automatski ispravak"},{"$i":"edit-exposure","ariaLabel":"Ekspozicija"},{"$i":"edit-crop","ariaLabel":"Izreži"},{"$i":"edit-rotate","ariaLabel":"Rotiraj"},{"$i":"edit-filters","ariaLabel":"Filtri"},{"$i":"edit-auto-correct","ariaLabel":"Automatski ispravak"},{"$i":"crop-none","ariaLabel":"Poništi obrezivanje"},{"$i":"crop-aspect-free","ariaLabel":"Zadano"},{"$i":"crop-aspect-portrait","ariaLabel":"2:3"},{"$i":"crop-aspect-landscape","ariaLabel":"3:2"},{"$i":"crop-aspect-square","ariaLabel":"1:1"},{"$i":"edit-filters-none","ariaLabel":"Filtar 1"},{"$i":"edit-filters-bw","ariaLabel":"Filtar 2"},{"$i":"edit-filters-sepia","ariaLabel":"Filtar 3"},{"$i":"edit-filters-bluesteel","ariaLabel":"Filtar 4"},{"$i":"edit-filters-faded","ariaLabel":"Filtar 5"},{"$i":"original","$v":"Izvorno"},{"$i":"blackandwhite","$v":"Crno-bijelo"},{"$i":"sepia","$v":"Sepija"},{"$i":"freeform","$v":"Slobodna forma"},{"$i":"portrait","$v":"Portretno"},{"$i":"landscape","$v":"Pejzažno"},{"$i":"square","$v":"Kvadrat"},{"$i":"emptygallery2-title","$v":"Nema ni fotografija ni videozapisa"},{"$i":"emptygallery2-text","$v":"Galerija je prazna. Da biste započeli s radom, koristite kameru."},{"$i":"emptygallery2-title-pick","$v":"Nema fotografija"},{"$i":"emptygallery-text-pick","$v":"Nema dostupnih fotografija."},{"$i":"nocard3-title","$v":"Nema memorijske kartice"},{"$i":"nocard4-text","$v":"Da biste koristili tu aplikaciju, umetnite memorijsku karticu."},{"$i":"pluggedin2-title","$v":"Memorijska se kartica koristi"},{"$i":"pluggedin2-text","$v":"Pohr. se koristi. Isklj. telefon za kor. ove aplikacije."},{"$i":"scanning-title","$v":"Skeniranje"},{"$i":"scanning-text","$v":"Traženje fotografija..."},{"$i":"upgrade-title","$v":"Nadogradnja baze podataka"},{"$i":"upgrade-text","$v":"Priček. dok Galerija až. svoju b. podataka."},{"$i":"share-noprovider","$v":"Ta vrsta slikovne datoteke ne može se dijeliti."},{"$i":"memorycardfull","$v":"Pohr. je puna. Fotog. se ne mogu ur."},{"$i":"imagetoobig","$v":"Slika je prevelika da bi se prikazala na ovom uređaju."},{"$i":"imageinvalid","$v":"Slika nije valjana ili je oštećena i ne može se prikazati."},{"$i":"saved","$v":["Datoteka ",{"t":"idOrVar","v":"filename"}," spremljena je u galeriju"]},{"$i":"edit-copy-saved","$v":"Spremljena je nova kopija."},{"$i":"overlay-camera-button","$v":"Idi na kameru"},{"$i":"name-label","$v":"Ime"},{"$i":"size-label","$v":"Veličina"},{"$i":"image-type-label","$v":"Vrsta slike"},{"$i":"kai-date-and-time-label","$v":"Datum i vrijeme"},{"$i":"date-taken-label","$v":"Datum snimanja"},{"$i":"resolution-label","$v":"Razlučivost"},{"$i":"close-button","$v":"Zatvori"},{"$i":"path-label","$v":"Put"},{"$i":"sd-card","$v":"SD kartica"},{"$i":"internal","$v":"Interno"},{"$i":"byteUnit-B","$v":"Bajtovi"},{"$i":"byteUnit-KB","$v":"kB"},{"$i":"byteUnit-MB","$v":"MB"},{"$i":"byteUnit-GB","$v":"GB"},{"$i":"gallery","$v":"Galerija"},{"$i":"preview","$v":"Pretpregled"},{"$i":"kai-confirmation","$v":"Potvrda"},{"$i":"kai-delete-this-image","$v":"Želite li izbrisati fotografiju?"},{"$i":"kai-delete-selected-image","$v":"Želite li izbrisati odabranu fotografiju?"},{"$i":"kai-delete-selected-images","$v":"Želite li izbrisati odabrane fotografije?"},{"$i":"kai-sort-by","$v":"Sortiraj prema"},{"$i":"kai-group-by-date-and-location","$v":"Grupiranje po datumu"},{"$i":"sort-and-group","$v":"Sortiranje i grupiranje"},{"$i":"time_am","$v":"AM"},{"$i":"time_pm","$v":"PM"},{"$i":"date-group-header","$v":"%B %Y"},{"$i":"videoDescriptionShort","$v":"Datum videozapisa %I:%M %p, %B %e, %Y"},{"$i":"imageDescriptionShort","$v":"Slika s datumom %I:%M %p, %B %e, %Y"},{"$i":"editImagePreview","ariaLabel":"Pretpregled uređivanja slike"},{"$i":"kai-pickoneimage","$v":"Odaberite fotografiju"},{"$i":"discard-changes-warning","$v":"Sve će promjene biti izgubljene. Želite li odbaciti promjene?"},{"$i":"save-changes-warning","$v":"Sve promjene bit će odbačene. Spremi promjene?"},{"$i":"discard","$v":"Odbaci"},{"$i":"camera","$v":"Fotoaparat"},{"$i":"phone-is-full-title","$v":"Pohrana telefona je puna"},{"$i":"sd-card-is-full-title","$v":"SD kartica je puna."},{"$i":"phone-is-full-content","$v":"Izbrišite medijske datoteke ili podatke aplikacije za oslobađanje prostora. Možete umetnuti i SD karticu za proširivanje medijske pohrane."},{"$i":"sd-card-is-full-content","$v":"Izbrišite datoteke na SD kartici za oslobađanje prostora."},{"$i":"favorite","$v":"Omiljeni"},{"$i":"add-favorite","$v":"Dodaj u omiljene"},{"$i":"remove-favorite","$v":"Ukloni iz favorita"},{"$i":"emptyfavorite-text","$v":"Nemate omiljene fotografije."},{"$i":"donglePlay","$v":"Reproduciraj"},{"$i":"softkey-options","$v":"Opcije"},{"$i":"imageDescription","$v":[{"t":"idOrVar","v":"orientation"}," slika, %I:%M %p, %B %e, %Y"]},{"$i":"imageDescriptionNoTimestamp","$v":[{"t":"idOrVar","v":"orientation"}," slika"]},{"$i":"videoDescription","$v":[{"t":"idOrVar","v":"orientation"}," videozapis, %I:%M %p, %B %e, %Y"]},{"$i":"videoDescriptionNoTimestamp","$v":[{"t":"idOrVar","v":"orientation"}," videozapis"]},{"$i":"orientationPortrait","$v":"portretno"},{"$i":"orientationLandscape","$v":"pejzažno"},{"$i":"playbackPlay","ariaLabel":"Reproduciraj"},{"$i":"playbackPause","ariaLabel":"Stanka"},{"$i":"playbackNext","ariaLabel":"Dalje"},{"$i":"playbackPrevious","ariaLabel":"Prethodno"},{"$i":"playbackFullscreen","ariaLabel":"Preko cijelog zaslona"},{"$i":"playbackSeekBar","ariaLabel":["Tr. traženja, traj. ",{"t":"idOrVar","v":"duration"}]},{"$i":"weekday-0-long","$v":"Nedjelja"},{"$i":"weekday-1-long","$v":"Ponedjeljak"},{"$i":"weekday-2-long","$v":"Utorak"},{"$i":"weekday-3-long","$v":"Srijeda"},{"$i":"weekday-4-long","$v":"Četvrtak"},{"$i":"weekday-5-long","$v":"Petak"},{"$i":"weekday-6-long","$v":"Subota"},{"$i":"weekday-0-short","$v":"Ned"},{"$i":"weekday-1-short","$v":"Pon"},{"$i":"weekday-2-short","$v":"Uto"},{"$i":"weekday-3-short","$v":"Sri"},{"$i":"weekday-4-short","$v":"Čet"},{"$i":"weekday-5-short","$v":"Pet"},{"$i":"weekday-6-short","$v":"Sub"},{"$i":"month-0-long","$v":"Siječanj"},{"$i":"month-1-long","$v":"Veljača"},{"$i":"month-2-long","$v":"Ožujak"},{"$i":"month-3-long","$v":"Travanj"},{"$i":"month-4-long","$v":"Svibanj"},{"$i":"month-5-long","$v":"Lipanj"},{"$i":"month-6-long","$v":"Srpanj"},{"$i":"month-7-long","$v":"Kolovoz"},{"$i":"month-8-long","$v":"Rujan"},{"$i":"month-9-long","$v":"Listopad"},{"$i":"month-10-long","$v":"Studeni"},{"$i":"month-11-long","$v":"Prosinac"},{"$i":"month-0-genitive","$v":"Siječanj"},{"$i":"month-1-genitive","$v":"Veljača"},{"$i":"month-2-genitive","$v":"Ožujak"},{"$i":"month-3-genitive","$v":"Travanj"},{"$i":"month-4-genitive","$v":"Svibanj"},{"$i":"month-5-genitive","$v":"Lipanj"},{"$i":"month-6-genitive","$v":"Srpanj"},{"$i":"month-7-genitive","$v":"Kolovoz"},{"$i":"month-8-genitive","$v":"Rujan"},{"$i":"month-9-genitive","$v":"Listopad"},{"$i":"month-10-genitive","$v":"Studeni"},{"$i":"month-11-genitive","$v":"Prosinac"},{"$i":"month-0-short","$v":"SIJEC."},{"$i":"month-1-short","$v":"VELJ."},{"$i":"month-2-short","$v":"OZUJ."},{"$i":"month-3-short","$v":"TRAV."},{"$i":"month-4-short","$v":"SVIB."},{"$i":"month-5-short","$v":"LIP."},{"$i":"month-6-short","$v":"SRP."},{"$i":"month-7-short","$v":"KOL."},{"$i":"month-8-short","$v":"RUJ."},{"$i":"month-9-short","$v":"LIST."},{"$i":"month-10-short","$v":"STUD."},{"$i":"month-11-short","$v":"PROS."},{"$i":"minutes-ago-long","$v":{"few":["Prije ",{"t":"idOrVar","v":"value"}," min"],"many":["Prije ",{"t":"idOrVar","v":"value"}," min"],"other":["Prije ",{"t":"idOrVar","v":"value"}," min"],"two":["Prije ",{"t":"idOrVar","v":"value"}," min"],"one":"prije 1 min","zero":"upravo sad"},"$x":[{"t":"idOrVar","v":"plural"},"value"]},{"$i":"hours-ago-long","$v":{"few":["Prije ",{"t":"idOrVar","v":"value"}," h"],"many":["Prije ",{"t":"idOrVar","v":"value"}," h"],"other":["Prije ",{"t":"idOrVar","v":"value"}," h"],"two":["Prije ",{"t":"idOrVar","v":"value"}," h"],"one":"prije 1 sat","zero":"upravo sad"},"$x":[{"t":"idOrVar","v":"plural"},"value"]},{"$i":"days-ago-long","$v":{"few":["Prije ",{"t":"idOrVar","v":"value"}," dana"],"many":["Prije ",{"t":"idOrVar","v":"value"}," dana"],"one":"jučer","other":["Prije ",{"t":"idOrVar","v":"value"}," dana"],"two":["Prije ",{"t":"idOrVar","v":"value"}," dana"],"zero":"danas"},"$x":[{"t":"idOrVar","v":"plural"},"value"]},{"$i":"weeks-ago-long","$v":{"few":["Prije ",{"t":"idOrVar","v":"value"}," tjed(a)na"],"many":["Prije ",{"t":"idOrVar","v":"value"}," tjed(a)na"],"one":"prošli tjedan","other":["Prije ",{"t":"idOrVar","v":"value"}," tjed(a)na"],"two":["Prije ",{"t":"idOrVar","v":"value"}," tjed(a)na"],"zero":"ovaj tjedan"},"$x":[{"t":"idOrVar","v":"plural"},"value"]},{"$i":"months-ago-long","$v":{"few":["Prije ",{"t":"idOrVar","v":"value"}," mjeseci(a)"],"many":["Prije ",{"t":"idOrVar","v":"value"}," mjeseci(a)"],"one":"prošli mjesec","other":["Prije ",{"t":"idOrVar","v":"value"}," mjeseci(a)"],"two":["Prije ",{"t":"idOrVar","v":"value"}," mjeseci(a)"],"zero":"ovaj mjesec"},"$x":[{"t":"idOrVar","v":"plural"},"value"]},{"$i":"years-ago-long","$v":{"few":["Prije ",{"t":"idOrVar","v":"value"}," godina"],"many":["Prije ",{"t":"idOrVar","v":"value"}," godina"],"one":"prošle godine","other":["Prije ",{"t":"idOrVar","v":"value"}," godina"],"two":["Prije ",{"t":"idOrVar","v":"value"}," godina"],"zero":"ova godina"},"$x":[{"t":"idOrVar","v":"plural"},"value"]},{"$i":"minutes-until-long","$v":{"few":["za ",{"t":"idOrVar","v":"value"}," min"],"many":["za ",{"t":"idOrVar","v":"value"}," min"],"other":["za ",{"t":"idOrVar","v":"value"}," min"],"two":["za ",{"t":"idOrVar","v":"value"}," min"],"zero":"sada","one":"za 1 minutu"},"$x":[{"t":"idOrVar","v":"plural"},"value"]},{"$i":"hours-until-long","$v":{"few":["za ",{"t":"idOrVar","v":"value"}," h"],"many":["za ",{"t":"idOrVar","v":"value"}," h"],"other":["za ",{"t":"idOrVar","v":"value"}," h"],"two":["za ",{"t":"idOrVar","v":"value"}," h"],"zero":"sada","one":"za 1 sat"},"$x":[{"t":"idOrVar","v":"plural"},"value"]},{"$i":"days-until-long","$v":{"few":["za ",{"t":"idOrVar","v":"value"}," dana"],"many":["za ",{"t":"idOrVar","v":"value"}," dana"],"one":"sutra","other":["za ",{"t":"idOrVar","v":"value"}," dana"],"two":["za ",{"t":"idOrVar","v":"value"}," dana"],"zero":"danas"},"$x":[{"t":"idOrVar","v":"plural"},"value"]},{"$i":"weeks-until-long","$v":{"few":["za ",{"t":"idOrVar","v":"value"}," tjed(a)na"],"many":["za ",{"t":"idOrVar","v":"value"}," tjed(a)na"],"one":"sljedećeg tjedna","other":["za ",{"t":"idOrVar","v":"value"}," tjed(a)na"],"two":["za ",{"t":"idOrVar","v":"value"}," tjed(a)na"],"zero":"ovaj tjedan"},"$x":[{"t":"idOrVar","v":"plural"},"value"]},{"$i":"months-until-long","$v":{"few":["za ",{"t":"idOrVar","v":"value"}," mjeseci(a)"],"many":["za ",{"t":"idOrVar","v":"value"}," mjeseci(a)"],"one":"sljedećeg mjeseca","other":["za ",{"t":"idOrVar","v":"value"}," mjeseci(a)"],"two":["za ",{"t":"idOrVar","v":"value"}," mjeseci(a)"],"zero":"ovaj mjesec"},"$x":[{"t":"idOrVar","v":"plural"},"value"]},{"$i":"years-until-long","$v":{"few":["za ",{"t":"idOrVar","v":"value"}," godina"],"many":["za ",{"t":"idOrVar","v":"value"}," godina"],"one":"sljedeće godine","other":["za ",{"t":"idOrVar","v":"value"}," godina"],"two":["za ",{"t":"idOrVar","v":"value"}," godina"],"zero":"ova godina"},"$x":[{"t":"idOrVar","v":"plural"},"value"]},{"$i":"minutes-ago-short","$v":{"other":["Prije ",{"t":"idOrVar","v":"value"}," min"],"zero":"upravo sad"},"$x":[{"t":"idOrVar","v":"plural"},"value"]},{"$i":"hours-ago-short","$v":{"other":["Prije ",{"t":"idOrVar","v":"value"}," h"],"zero":"upravo sad"},"$x":[{"t":"idOrVar","v":"plural"},"value"]},{"$i":"days-ago-short","$v":{"other":["Prije ",{"t":"idOrVar","v":"value"}," dana"],"zero":"danas"},"$x":[{"t":"idOrVar","v":"plural"},"value"]},{"$i":"minutes-until-short","$v":{"other":["za ",{"t":"idOrVar","v":"value"}," min"],"zero":"sada"},"$x":[{"t":"idOrVar","v":"plural"},"value"]},{"$i":"hours-until-short","$v":{"other":["za ",{"t":"idOrVar","v":"value"}," h"],"zero":"sada"},"$x":[{"t":"idOrVar","v":"plural"},"value"]},{"$i":"days-until-short","$v":{"other":["za ",{"t":"idOrVar","v":"value"}," d."],"zero":"danas"},"$x":[{"t":"idOrVar","v":"plural"},"value"]},{"$i":"incorrectDate","$v":"(netočan datum)"},{"$i":"dateTimeFormat_%c","$v":"%a %b %e %Y %I:%M:%S %p"},{"$i":"dateTimeFormat_%x","$v":"%m/%d/%Y"},{"$i":"dateTimeFormat_%X","$v":"%I.%M:%S %p"},{"$i":"shortTimeFormat","$v":"%x %I:%M %p"},{"$i":"shortTimeFormat12","$v":"%x %I:%M %p"},{"$i":"shortTimeFormat24","$v":"%H:%M"},{"$i":"shortDateTimeFormat","$v":"%x %I:%M %p"},{"$i":"weekStartsOnMonday","$v":"0.0"},{"$i":"firstDayOfTheWeek","$v":"1.0"}]