[{"$i":"select","$v":"Kiválasztás"},{"$i":"deselect","$v":"Kijelölés törlése"},{"$i":"kai-select","$v":"Kiválasztás"},{"$i":"invalid-image","$v":"Érvénytelen kép"},{"$i":"image-too-big","$v":"A kép fájlmérete túl nagy a galériában való megjelenítéshez."},{"$i":"image-invalid","$v":"A kép megjelenítése sikertelen, mivel érvénytelen vagy sérült."},{"$i":"kai-selected-items-count","$v":[{"t":"idOrVar","v":"n"}," kiválasztva"]},{"$i":"delete-photo?","$v":"Törölni kívánja a fényképet?"},{"$i":"delete-video?","$v":"Törölni kívánja a videót?"},{"$i":"deleting","$v":"Törlés folyamatban…"},{"$i":"delete-n-items?","$v":{"few":["Töröl ",{"t":"idOrVar","v":"n"}," elemet?"],"many":["Töröl ",{"t":"idOrVar","v":"n"}," elemet?"],"one":"Törli a kiválasztott elemet?","other":["Töröl ",{"t":"idOrVar","v":"n"}," elemet?"],"two":["Töröl ",{"t":"idOrVar","v":"n"}," elemet?"],"zero":"Semmi sincs kiválasztva"},"$x":[{"t":"idOrVar","v":"plural"},"n"]},{"$i":"kai-contact-set-ok","$v":"Névjegy kép hozzáadva"},{"$i":"kai-contact-set-fail","$v":"A névjegy kép beállítása sikertelen"},{"$i":"kai-changes-saved","$v":"Módosítások elmentve"},{"$i":"wallpaper-set","$v":"Háttérkép beállítva"},{"$i":"kai-single-image-deleted","$v":"Fénykép törölve."},{"$i":"kai-deleted-n-photos","$v":{"one":[{"t":"idOrVar","v":"n"}," fotó törölve"],"other":[{"t":"idOrVar","v":"n"}," fénykép törölve"]},"$x":[{"t":"idOrVar","v":"plural"},"n"]},{"$i":"kai-some-photos-not-share","$v":"Néhány fénykép megosztása nem lehetséges"},{"$i":"pickoneimage2","$v":"Kiválasztás"},{"$i":"cropimage","$v":"2:3"},{"$i":"kai-on","$v":"Be"},{"$i":"kai-off","$v":"Ki"},{"$i":"cancel","$v":"Mégse"},{"$i":"delete","$v":"Törlés"},{"$i":"ok","$v":"OK"},{"$i":"edit","$v":"Szerkesztés"},{"$i":"revert","$v":"Visszaállítás"},{"$i":"save","$v":"Mentés"},{"$i":"done","$v":"Kész"},{"$i":"exposure","$v":"Expozíció"},{"$i":"crop","$v":"Körbevágás"},{"$i":"effects","$v":"Effektek"},{"$i":"borders","$v":"Szegélyek"},{"$i":"enhance-on","$v":"Automatikus javítás bekapcsolva"},{"$i":"enhance-off","$v":"Automatikus javítás kikapcsolva"},{"$i":"kai-set","$v":"Beállítás"},{"$i":"kai-options","$v":"Opciók"},{"$i":"kai-select-all","$v":"Összes"},{"$i":"kai-deselect-all","$v":"Nincs"},{"$i":"kai-rotate","$v":"Elforgatás"},{"$i":"kai-share","$v":"Megosztás"},{"$i":"kai-settings","$v":"Beállítások"},{"$i":"kai-set-as","$v":"Beállítás a következőként:"},{"$i":"set-as-wallpaper","$v":"Beállítás háttérképként"},{"$i":"kai-wallpaper","$v":"Háttérkép"},{"$i":"kai-existing-contact-image","$v":"Kép meglévő névjegyhez"},{"$i":"kai-zoom","$v":"Nagyítás/kicsinyítés"},{"$i":"kai-zoom-in","$v":"Nagyítás"},{"$i":"kai-zoom-out","$v":"Kicsinyítés"},{"$i":"kai-file-info","$v":"Fájlinformáció"},{"$i":"kai-select-multiple","$v":"Több kiválasztása"},{"$i":"kai-edit-title","$v":"Kép szerkesztése"},{"$i":"kai-edit-exposure","$v":"Expozíció"},{"$i":"kai-edit-crop","$v":"Körbevágás"},{"$i":"kai-edit-rotate","$v":"Elforgatás"},{"$i":"kai-edit-filters","$v":"Szűrők"},{"$i":"kai-edit-auto-correct","$v":"Automatikus javítás"},{"$i":"edit-exposure","ariaLabel":"Expozíció"},{"$i":"edit-crop","ariaLabel":"Körbevágás"},{"$i":"edit-rotate","ariaLabel":"Elforgatás"},{"$i":"edit-filters","ariaLabel":"Szűrők"},{"$i":"edit-auto-correct","ariaLabel":"Automatikus javítás"},{"$i":"crop-none","ariaLabel":"3:2"},{"$i":"crop-aspect-free","ariaLabel":"Alapértelmezett"},{"$i":"crop-aspect-portrait","ariaLabel":"2:3"},{"$i":"crop-aspect-landscape","ariaLabel":"3:2"},{"$i":"crop-aspect-square","ariaLabel":"1:1"},{"$i":"edit-filters-none","ariaLabel":"1. szűrő"},{"$i":"edit-filters-bw","ariaLabel":"2. szűrő"},{"$i":"edit-filters-sepia","ariaLabel":"3. szűrő"},{"$i":"edit-filters-bluesteel","ariaLabel":"4. szűrő"},{"$i":"edit-filters-faded","ariaLabel":"5. szűrő"},{"$i":"original","$v":"Eredeti"},{"$i":"blackandwhite","$v":"Fekete-fehér"},{"$i":"sepia","$v":"Szépia"},{"$i":"freeform","$v":"Szabadkézi"},{"$i":"portrait","$v":"Álló"},{"$i":"landscape","$v":"Fekvő"},{"$i":"square","$v":"Négyzet"},{"$i":"emptygallery2-title","$v":"Nincsenek fényképek vagy videók"},{"$i":"emptygallery2-text","$v":"A Galéria üres. Használja a kamerát a kezdéshez."},{"$i":"emptygallery2-title-pick","$v":"Nincsenek fényképek"},{"$i":"emptygallery-text-pick","$v":"Nem érhetők el fényképek."},{"$i":"nocard3-title","$v":"Nincs memóriakártya"},{"$i":"nocard4-text","$v":"Helyezzen be egy memóriakártyát az alkalmazás használatához."},{"$i":"pluggedin2-title","$v":"A memóriakártya használatban van"},{"$i":"pluggedin2-text","$v":"A tárhely használatban van. Válassza le a telefont az alkalmazás használatához."},{"$i":"scanning-title","$v":"Keresés...."},{"$i":"scanning-text","$v":"Fényképek keresése..."},{"$i":"upgrade-title","$v":"Adatbázis-frissítés"},{"$i":"upgrade-text","$v":"Kis türelmet a Galéria adatbázisának frissítéséig."},{"$i":"share-noprovider","$v":"Ez a képfájltípus nem osztható meg."},{"$i":"memorycardfull","$v":"A tárhely megtelt, nem lehet fényképeket szerkeszteni."},{"$i":"imagetoobig","$v":"A kép túl nagy ezen az eszközön való megjelenítéshez."},{"$i":"imageinvalid","$v":"A kép érvénytelen vagy sérült és nem jeleníthető meg."},{"$i":"saved","$v":[{"t":"idOrVar","v":"filename"}," elmentve a Galériába"]},{"$i":"edit-copy-saved","$v":"Új másolat elmentve."},{"$i":"overlay-camera-button","$v":"Ugrás a Kamerára"},{"$i":"name-label","$v":"Név"},{"$i":"size-label","$v":"Méret"},{"$i":"image-type-label","$v":"Képtípus"},{"$i":"kai-date-and-time-label","$v":"Dátum és Idő"},{"$i":"date-taken-label","$v":"Felvétel dátuma"},{"$i":"resolution-label","$v":"Felbontás"},{"$i":"close-button","$v":"Bezárás"},{"$i":"path-label","$v":"Útvonal"},{"$i":"sd-card","$v":"SD-kártya"},{"$i":"internal","$v":"Belső"},{"$i":"byteUnit-B","$v":"bájt"},{"$i":"byteUnit-KB","$v":"KB"},{"$i":"byteUnit-MB","$v":"MB"},{"$i":"byteUnit-GB","$v":"GB"},{"$i":"gallery","$v":"Galéria"},{"$i":"preview","$v":"Előnézet"},{"$i":"kai-confirmation","$v":"Megerősítés"},{"$i":"kai-delete-this-image","$v":"Törölni kívánja a fényképet?"},{"$i":"kai-delete-selected-image","$v":"Törli a kiválasztott fényképet?"},{"$i":"kai-delete-selected-images","$v":"Törli a kiválasztott fényképeket?"},{"$i":"kai-sort-by","$v":"Rendezés a következők szerint:"},{"$i":"kai-group-by-date-and-location","$v":"Csoportosítás dátum szerint"},{"$i":"sort-and-group","$v":"Rendezés és csoportosítás"},{"$i":"time_am","$v":"de."},{"$i":"time_pm","$v":"du."},{"$i":"date-group-header","$v":"1:1"},{"$i":"videoDescriptionShort","$v":"Videó dátuma %I:%M %p, %B %e, %Y"},{"$i":"imageDescriptionShort","$v":"Kép dátuma: %I:%M %p, %B %e, %Y"},{"$i":"editImagePreview","ariaLabel":"Kép előnézet szerkesztése"},{"$i":"kai-pickoneimage","$v":"Fénykép kiválasztása"},{"$i":"discard-changes-warning","$v":"Az összes módosítás el fog veszni. El kívánja vetni a módosításokat?"},{"$i":"save-changes-warning","$v":"Az összes módosítás elvetésre kerül. Elmenti a módosításokat?"},{"$i":"discard","$v":"Elvetés"},{"$i":"camera","$v":"Kamera"},{"$i":"phone-is-full-title","$v":"A telefon memóriája megtelt."},{"$i":"sd-card-is-full-title","$v":"Az SD-kártya megtelt"},{"$i":"phone-is-full-content","$v":"Töröljön médiafájlokat vagy alkalmazásadatokat a memória felszabadítása érdekében. A médiatárhely bővítéséhez egy SD-kártyát is behelyezhet."},{"$i":"sd-card-is-full-content","$v":"Töröljön fájlokat az SD-kártyáról a memória felszabadítása érdekében."},{"$i":"favorite","$v":"Kedvencek"},{"$i":"add-favorite","$v":"Hozzáadás a kedvencekhez"},{"$i":"remove-favorite","$v":"Eltávolítás a kedvencek közül"},{"$i":"emptyfavorite-text","$v":"Nincsenek kedvenc fényképei."},{"$i":"donglePlay","$v":"Lejátszás"},{"$i":"softkey-options","$v":"Opciók"},{"$i":"imageDescription","$v":[{"t":"idOrVar","v":"orientation"}," kép, %I:%M %p, %B %e, %Y"]},{"$i":"imageDescriptionNoTimestamp","$v":[{"t":"idOrVar","v":"orientation"}," kép"]},{"$i":"videoDescription","$v":[{"t":"idOrVar","v":"orientation"}," videó, %I:%M %p, %B %e, %Y"]},{"$i":"videoDescriptionNoTimestamp","$v":[{"t":"idOrVar","v":"orientation"}," videó"]},{"$i":"orientationPortrait","$v":"Álló"},{"$i":"orientationLandscape","$v":"Fekvő"},{"$i":"playbackPlay","ariaLabel":"Lejátszás"},{"$i":"playbackPause","ariaLabel":"Szüneteltetés"},{"$i":"playbackNext","ariaLabel":"Következő"},{"$i":"playbackPrevious","ariaLabel":"Előző"},{"$i":"playbackFullscreen","ariaLabel":"Teljes képernyő"},{"$i":"playbackSeekBar","ariaLabel":["Keresősáv, időtartam ",{"t":"idOrVar","v":"duration"}]},{"$i":"weekday-0-long","$v":"Vasárnap"},{"$i":"weekday-1-long","$v":"Hétfő"},{"$i":"weekday-2-long","$v":"Kedd"},{"$i":"weekday-3-long","$v":"Szerda"},{"$i":"weekday-4-long","$v":"Csütörtök"},{"$i":"weekday-5-long","$v":"Péntek"},{"$i":"weekday-6-long","$v":"Szombat"},{"$i":"weekday-0-short","$v":"Vas"},{"$i":"weekday-1-short","$v":"Hé."},{"$i":"weekday-2-short","$v":"Ke."},{"$i":"weekday-3-short","$v":"Sze."},{"$i":"weekday-4-short","$v":"Csü."},{"$i":"weekday-5-short","$v":"Pé."},{"$i":"weekday-6-short","$v":"Szo."},{"$i":"month-0-long","$v":"JANUÁR"},{"$i":"month-1-long","$v":"FEBRUÁR"},{"$i":"month-2-long","$v":"MÁRCIUS"},{"$i":"month-3-long","$v":"ÁPRILIS"},{"$i":"month-4-long","$v":"MÁJUS"},{"$i":"month-5-long","$v":"JÚNIUS"},{"$i":"month-6-long","$v":"JÚLIUS"},{"$i":"month-7-long","$v":"AUGUSZTUS"},{"$i":"month-8-long","$v":"SZEPTEMBER"},{"$i":"month-9-long","$v":"OKTÓBER"},{"$i":"month-10-long","$v":"NOVEMBER"},{"$i":"month-11-long","$v":"DECEMBER"},{"$i":"month-0-genitive","$v":"JANUÁR"},{"$i":"month-1-genitive","$v":"FEBRUÁR"},{"$i":"month-2-genitive","$v":"MÁRCIUS"},{"$i":"month-3-genitive","$v":"ÁPRILIS"},{"$i":"month-4-genitive","$v":"MÁJUS"},{"$i":"month-5-genitive","$v":"JÚNIUS"},{"$i":"month-6-genitive","$v":"JÚLIUS"},{"$i":"month-7-genitive","$v":"AUGUSZTUS"},{"$i":"month-8-genitive","$v":"SZEPTEMBER"},{"$i":"month-9-genitive","$v":"OKTÓBER"},{"$i":"month-10-genitive","$v":"NOVEMBER"},{"$i":"month-11-genitive","$v":"DECEMBER"},{"$i":"month-0-short","$v":"Jan."},{"$i":"month-1-short","$v":"Feb."},{"$i":"month-2-short","$v":"Már."},{"$i":"month-3-short","$v":"Ápr."},{"$i":"month-4-short","$v":"MÁJUS"},{"$i":"month-5-short","$v":"Jún."},{"$i":"month-6-short","$v":"Júl."},{"$i":"month-7-short","$v":"Aug."},{"$i":"month-8-short","$v":"Szep."},{"$i":"month-9-short","$v":"Okt."},{"$i":"month-10-short","$v":"Nov."},{"$i":"month-11-short","$v":"Dec."},{"$i":"minutes-ago-long","$v":{"few":[{"t":"idOrVar","v":"value"}," perccel ezelőtt"],"many":[{"t":"idOrVar","v":"value"}," perccel ezelőtt"],"other":[{"t":"idOrVar","v":"value"}," perccel ezelőtt"],"two":[{"t":"idOrVar","v":"value"}," perccel ezelőtt"],"one":"egy perccel ezelőtt","zero":"Éppen most"},"$x":[{"t":"idOrVar","v":"plural"},"value"]},{"$i":"hours-ago-long","$v":{"few":[{"t":"idOrVar","v":"value"}," órával ezelőtt"],"many":[{"t":"idOrVar","v":"value"}," órával ezelőtt"],"other":[{"t":"idOrVar","v":"value"}," órával ezelőtt"],"two":[{"t":"idOrVar","v":"value"}," órával ezelőtt"],"one":"egy órája","zero":"Éppen most"},"$x":[{"t":"idOrVar","v":"plural"},"value"]},{"$i":"days-ago-long","$v":{"few":[{"t":"idOrVar","v":"value"}," nappal ezelőtt"],"many":[{"t":"idOrVar","v":"value"}," nappal ezelőtt"],"one":"Tegnap","other":[{"t":"idOrVar","v":"value"}," nappal ezelőtt"],"two":[{"t":"idOrVar","v":"value"}," nappal ezelőtt"],"zero":"Ma"},"$x":[{"t":"idOrVar","v":"plural"},"value"]},{"$i":"weeks-ago-long","$v":{"few":[{"t":"idOrVar","v":"value"}," héttel ezelőtt"],"many":[{"t":"idOrVar","v":"value"}," héttel ezelőtt"],"one":"múlt héten","other":[{"t":"idOrVar","v":"value"}," héttel ezelőtt"],"two":[{"t":"idOrVar","v":"value"}," héttel ezelőtt"],"zero":"ezen a héten"},"$x":[{"t":"idOrVar","v":"plural"},"value"]},{"$i":"months-ago-long","$v":{"few":[{"t":"idOrVar","v":"value"}," hónappal ezelőtt"],"many":[{"t":"idOrVar","v":"value"}," hónappal ezelőtt"],"one":"Múlt hónapban","other":[{"t":"idOrVar","v":"value"}," hónappal ezelőtt"],"two":[{"t":"idOrVar","v":"value"}," hónappal ezelőtt"],"zero":"EBBEN A HÓNAPBAN"},"$x":[{"t":"idOrVar","v":"plural"},"value"]},{"$i":"years-ago-long","$v":{"few":[{"t":"idOrVar","v":"value"}," évvel ezelőtt"],"many":[{"t":"idOrVar","v":"value"}," évvel ezelőtt"],"one":"tavaly","other":[{"t":"idOrVar","v":"value"}," évvel ezelőtt"],"two":[{"t":"idOrVar","v":"value"}," évvel ezelőtt"],"zero":"idén"},"$x":[{"t":"idOrVar","v":"plural"},"value"]},{"$i":"minutes-until-long","$v":{"few":[{"t":"idOrVar","v":"value"}," perc múlva"],"many":[{"t":"idOrVar","v":"value"}," perc múlva"],"other":[{"t":"idOrVar","v":"value"}," perc múlva"],"two":[{"t":"idOrVar","v":"value"}," perc múlva"],"zero":"most","one":"egy perc múlva"},"$x":[{"t":"idOrVar","v":"plural"},"value"]},{"$i":"hours-until-long","$v":{"few":[{"t":"idOrVar","v":"value"}," óra múlva"],"many":[{"t":"idOrVar","v":"value"}," óra múlva"],"other":[{"t":"idOrVar","v":"value"}," óra múlva"],"two":[{"t":"idOrVar","v":"value"}," óra múlva"],"zero":"most","one":"egy órán múlva"},"$x":[{"t":"idOrVar","v":"plural"},"value"]},{"$i":"days-until-long","$v":{"few":[{"t":"idOrVar","v":"value"}," nap múlva"],"many":[{"t":"idOrVar","v":"value"}," nap múlva"],"one":"holnap","other":[{"t":"idOrVar","v":"value"}," nap múlva"],"two":[{"t":"idOrVar","v":"value"}," nap múlva"],"zero":"Ma"},"$x":[{"t":"idOrVar","v":"plural"},"value"]},{"$i":"weeks-until-long","$v":{"few":[{"t":"idOrVar","v":"value"}," hét múlva"],"many":[{"t":"idOrVar","v":"value"}," hét múlva"],"one":"jövő héten","other":[{"t":"idOrVar","v":"value"}," hét múlva"],"two":[{"t":"idOrVar","v":"value"}," hét múlva"],"zero":"ezen a héten"},"$x":[{"t":"idOrVar","v":"plural"},"value"]},{"$i":"months-until-long","$v":{"few":[{"t":"idOrVar","v":"value"}," hónap múlva"],"many":[{"t":"idOrVar","v":"value"}," hónap múlva"],"one":"következő hónapban","other":[{"t":"idOrVar","v":"value"}," hónap múlva"],"two":[{"t":"idOrVar","v":"value"}," hónap múlva"],"zero":"EBBEN A HÓNAPBAN"},"$x":[{"t":"idOrVar","v":"plural"},"value"]},{"$i":"years-until-long","$v":{"few":[{"t":"idOrVar","v":"value"}," év múlva"],"many":[{"t":"idOrVar","v":"value"}," év múlva"],"one":"jövő évben","other":[{"t":"idOrVar","v":"value"}," év múlva"],"two":[{"t":"idOrVar","v":"value"}," év múlva"],"zero":"idén"},"$x":[{"t":"idOrVar","v":"plural"},"value"]},{"$i":"minutes-ago-short","$v":{"other":[{"t":"idOrVar","v":"value"}," perccel ezelőtt"],"zero":"Éppen most"},"$x":[{"t":"idOrVar","v":"plural"},"value"]},{"$i":"hours-ago-short","$v":{"other":[{"t":"idOrVar","v":"value"}," órával ezelőtt"],"zero":"Éppen most"},"$x":[{"t":"idOrVar","v":"plural"},"value"]},{"$i":"days-ago-short","$v":{"other":[{"t":"idOrVar","v":"value"},"n ezelőtt"],"zero":"Ma"},"$x":[{"t":"idOrVar","v":"plural"},"value"]},{"$i":"minutes-until-short","$v":{"other":[{"t":"idOrVar","v":"value"}," percen belül"],"zero":"most"},"$x":[{"t":"idOrVar","v":"plural"},"value"]},{"$i":"hours-until-short","$v":{"other":[{"t":"idOrVar","v":"value"}," óra múlva"],"zero":"most"},"$x":[{"t":"idOrVar","v":"plural"},"value"]},{"$i":"days-until-short","$v":{"other":[{"t":"idOrVar","v":"value"}," nap múlva"],"zero":"Ma"},"$x":[{"t":"idOrVar","v":"plural"},"value"]},{"$i":"incorrectDate","$v":"(helytelen dátum)"},{"$i":"dateTimeFormat_%c","$v":"%a %b %e %Y %I:%M:%S %p"},{"$i":"dateTimeFormat_%x","$v":"%d/%m/%Y"},{"$i":"dateTimeFormat_%X","$v":"%I:%M:%S %p"},{"$i":"shortTimeFormat","$v":"%I:%M %p"},{"$i":"shortTimeFormat12","$v":"%I:%M %p"},{"$i":"shortTimeFormat24","$v":"%H:%M"},{"$i":"shortDateTimeFormat","$v":"%x %I:%M %p"},{"$i":"weekStartsOnMonday","$v":"0.0"},{"$i":"firstDayOfTheWeek","$v":"1.0"}]