[{"$i":"select","$v":"Pilih"},{"$i":"deselect","$v":"Hapus pilihan"},{"$i":"kai-select","$v":"Pilih"},{"$i":"invalid-image","$v":"Gambar Tidak Valid"},{"$i":"image-too-big","$v":"Ukuran file gambar terlalu besar untuk diperlihatkan di galeri."},{"$i":"image-invalid","$v":"Gambar tidak dapat ditampilkan karena tidak valid atau rusak."},{"$i":"kai-selected-items-count","$v":[{"t":"idOrVar","v":"n"}," Dipilih"]},{"$i":"delete-photo?","$v":"Hapus foto?"},{"$i":"delete-video?","$v":"Hapus video?"},{"$i":"deleting","$v":"Menghapus..."},{"$i":"delete-n-items?","$v":{"few":["Hapus ",{"t":"idOrVar","v":"n"}," item?"],"many":["Hapus ",{"t":"idOrVar","v":"n"}," item?"],"one":"Hapus item yang dipilih?","other":["Hapus ",{"t":"idOrVar","v":"n"}," item?"],"two":["Hapus ",{"t":"idOrVar","v":"n"}," item?"],"zero":"Tidak ada yang dipilih"},"$x":[{"t":"idOrVar","v":"plural"},"n"]},{"$i":"kai-contact-set-ok","$v":"Gambar kontak ditambahkan"},{"$i":"kai-contact-set-fail","$v":"Gagal menyetel gambar kontak"},{"$i":"kai-changes-saved","$v":"Perubahan disimpan"},{"$i":"wallpaper-set","$v":"Wallpaper ditetapkan"},{"$i":"kai-single-image-deleted","$v":"Foto dihapus."},{"$i":"kai-deleted-n-photos","$v":{"one":[{"t":"idOrVar","v":"n"}," foto dihapus"],"other":[{"t":"idOrVar","v":"n"}," foto dihapus"]},"$x":[{"t":"idOrVar","v":"plural"},"n"]},{"$i":"kai-some-photos-not-share","$v":"Beberapa foto tidak dapat dibagi"},{"$i":"pickoneimage2","$v":"Pilih"},{"$i":"cropimage","$v":"Pangkas"},{"$i":"kai-on","$v":"Aktif"},{"$i":"kai-off","$v":"Mati"},{"$i":"cancel","$v":"Batal"},{"$i":"delete","$v":"Hapus"},{"$i":"ok","$v":"OK"},{"$i":"edit","$v":"Edit"},{"$i":"revert","$v":"Kembali"},{"$i":"save","$v":"Simpan"},{"$i":"done","$v":"Selesai"},{"$i":"exposure","$v":"Pencahayaan"},{"$i":"crop","$v":"Pangkas"},{"$i":"effects","$v":"Efek"},{"$i":"borders","$v":"Borders"},{"$i":"enhance-on","$v":"Peningkatan otomatis menyala"},{"$i":"enhance-off","$v":"Peningkatan otomatis mati"},{"$i":"kai-set","$v":"Tetapkan"},{"$i":"kai-options","$v":"Opsi"},{"$i":"kai-select-all","$v":"Semua"},{"$i":"kai-deselect-all","$v":"Tidak ada"},{"$i":"kai-rotate","$v":"Putar"},{"$i":"kai-share","$v":"Bagikan"},{"$i":"kai-settings","$v":"Pengaturan"},{"$i":"kai-set-as","$v":"Tetapkan sebagai"},{"$i":"set-as-wallpaper","$v":"Tetapkan sebagai wallpaper"},{"$i":"kai-wallpaper","$v":"Wallpaper"},{"$i":"kai-existing-contact-image","$v":"Gambar untuk kontak yang ada"},{"$i":"kai-zoom","$v":"Zoom"},{"$i":"kai-zoom-in","$v":"Perbesar"},{"$i":"kai-zoom-out","$v":"Perkecil"},{"$i":"kai-file-info","$v":"Informasi File"},{"$i":"kai-select-multiple","$v":"Pilih Banyak"},{"$i":"kai-edit-title","$v":"Edit gambar"},{"$i":"kai-edit-exposure","$v":"Pencahayaan"},{"$i":"kai-edit-crop","$v":"Pangkas"},{"$i":"kai-edit-rotate","$v":"Putar"},{"$i":"kai-edit-filters","$v":"Filter"},{"$i":"kai-edit-auto-correct","$v":"Koreksi otomatis"},{"$i":"edit-exposure","ariaLabel":"Pencahayaan"},{"$i":"edit-crop","ariaLabel":"Pangkas"},{"$i":"edit-rotate","ariaLabel":"Putar"},{"$i":"edit-filters","ariaLabel":"Filter"},{"$i":"edit-auto-correct","ariaLabel":"Koreksi otomatis"},{"$i":"crop-none","ariaLabel":"Urungkan pemangkasan"},{"$i":"crop-aspect-free","ariaLabel":"Default"},{"$i":"crop-aspect-portrait","ariaLabel":"2:3"},{"$i":"crop-aspect-landscape","ariaLabel":"3:2"},{"$i":"crop-aspect-square","ariaLabel":"1:1"},{"$i":"edit-filters-none","ariaLabel":"Filter 1"},{"$i":"edit-filters-bw","ariaLabel":"Filter 2"},{"$i":"edit-filters-sepia","ariaLabel":"Filter 3"},{"$i":"edit-filters-bluesteel","ariaLabel":"Filter 4"},{"$i":"edit-filters-faded","ariaLabel":"Filter 5"},{"$i":"original","$v":"Asli"},{"$i":"blackandwhite","$v":{"$o":"B&W"}},{"$i":"sepia","$v":"Sepia"},{"$i":"freeform","$v":"Bentuk bebas"},{"$i":"portrait","$v":"Potret"},{"$i":"landscape","$v":"Lansekap"},{"$i":"square","$v":"Persegi"},{"$i":"emptygallery2-title","$v":"Tidak ada foto atau video"},{"$i":"emptygallery2-text","$v":"Galeri kosong. Gunakan kamera untuk memulai."},{"$i":"emptygallery2-title-pick","$v":"Tidak ada foto"},{"$i":"emptygallery-text-pick","$v":"Tidak ada foto tersedia."},{"$i":"nocard3-title","$v":"Tidak ada kartu memori"},{"$i":"nocard4-text","$v":"Masukkan kartu memori untuk menggunakan aplikasi ini."},{"$i":"pluggedin2-title","$v":"Kartu memori sedang digunakan"},{"$i":"pluggedin2-text","$v":"Penyimpanan sedang digunakan. Silakan cabut ponsel untuk menggunakan aplikasi ini."},{"$i":"scanning-title","$v":"Memindai"},{"$i":"scanning-text","$v":"Memindai foto..."},{"$i":"upgrade-title","$v":"Database Ditingkatkan"},{"$i":"upgrade-text","$v":"Silakan tunggu selagi Galeri memperbaharui database."},{"$i":"share-noprovider","$v":"Tidak dapat membagikan jenis file gambar ini."},{"$i":"memorycardfull","$v":"Penyimpanan penuh. tidak dapat mengedit foto."},{"$i":"imagetoobig","$v":"Gambar terlalu besar untuk ditampilkan di perangkat ini."},{"$i":"imageinvalid","$v":"Gambar tidak valid atau rusak dan tidak dapat ditampilkan,"},{"$i":"saved","$v":["{{nama file}} simpan ke Galeri"]},{"$i":"edit-copy-saved","$v":"Salinan baru tersimpan."},{"$i":"overlay-camera-button","$v":"Pergi ke Kamera"},{"$i":"name-label","$v":"Nama"},{"$i":"size-label","$v":"Ukuran"},{"$i":"image-type-label","$v":"Jenis Gambar"},{"$i":"kai-date-and-time-label","$v":"Tanggal dan Waktu"},{"$i":"date-taken-label","$v":"Tanggal Diambil"},{"$i":"resolution-label","$v":"Resolusi"},{"$i":"close-button","$v":"Tutup"},{"$i":"path-label","$v":"Jalur"},{"$i":"sd-card","$v":"Kartu SD"},{"$i":"internal","$v":"Internal"},{"$i":"byteUnit-B","$v":"Bytes"},{"$i":"byteUnit-KB","$v":"KB"},{"$i":"byteUnit-MB","$v":"MB"},{"$i":"byteUnit-GB","$v":"GB"},{"$i":"gallery","$v":"Galeri"},{"$i":"preview","$v":"Pratinjau"},{"$i":"kai-confirmation","$v":"Konfirmasi"},{"$i":"kai-delete-this-image","$v":"Hapus foto?"},{"$i":"kai-delete-selected-image","$v":"Hapus foto yang dipilih?"},{"$i":"kai-delete-selected-images","$v":"Hapus foto-foto yang dipilih?"},{"$i":"kai-sort-by","$v":"Sortir berdasarkan"},{"$i":"kai-group-by-date-and-location","$v":"Kelompok berdasarkan Tanggal"},{"$i":"sort-and-group","$v":"Sortir dan Kelompokan"},{"$i":"time_am","$v":"AM"},{"$i":"time_pm","$v":"PM"},{"$i":"date-group-header","$v":"%B %Y"},{"$i":"videoDescriptionShort","$v":"Penanggalan video %I:%M %p, %B %e, %Y"},{"$i":"imageDescriptionShort","$v":"Tanggal gambar %I:%M %p, %B %e, %Y"},{"$i":"editImagePreview","ariaLabel":"Edit pratinjau gambar"},{"$i":"kai-pickoneimage","$v":"Pilih sebuah Foto"},{"$i":"discard-changes-warning","$v":"Semua perubahan akan hilang. Apakah Anda ingin membuang perubahan?"},{"$i":"save-changes-warning","$v":"Semua perubahan akan dibuang. Simpan perubahan?"},{"$i":"discard","$v":"Buang"},{"$i":"camera","$v":"Kamera"},{"$i":"phone-is-full-title","$v":"Penyimpanan Telepon Penuh"},{"$i":"sd-card-is-full-title","$v":"Kartu SD Penuh"},{"$i":"phone-is-full-content","$v":"Hapus file media atau data aplikasi untuk membebaskan ruang. Anda juga dapat memasang kartu SD untuk memperbesar memori media."},{"$i":"sd-card-is-full-content","$v":"Hapus file dalam kartu SD untuk membebaskan ruang."},{"$i":"favorite","$v":"Favorit"},{"$i":"add-favorite","$v":"Tambahkan ke favorit"},{"$i":"remove-favorite","$v":"Hapus dari favorit"},{"$i":"emptyfavorite-text","$v":"Anda tidak punya foto favorit."},{"$i":"donglePlay","$v":"Putar"},{"$i":"softkey-options","$v":"Opsi"},{"$i":"imageDescription","$v":[{"t":"idOrVar","v":"orientation"}," gambar, %I:%M %p, %B %e, %Y"]},{"$i":"imageDescriptionNoTimestamp","$v":[{"t":"idOrVar","v":"orientation"}," gambar"]},{"$i":"videoDescription","$v":[{"t":"idOrVar","v":"orientation"}," video, %I:%M %p, %B %e, %Y"]},{"$i":"videoDescriptionNoTimestamp","$v":[{"t":"idOrVar","v":"orientation"}," video"]},{"$i":"orientationPortrait","$v":"potret"},{"$i":"orientationLandscape","$v":"lansekap"},{"$i":"playbackPlay","ariaLabel":"Putar"},{"$i":"playbackPause","ariaLabel":"Jeda"},{"$i":"playbackNext","ariaLabel":"Berikutnya"},{"$i":"playbackPrevious","ariaLabel":"Sebelumnya"},{"$i":"playbackFullscreen","ariaLabel":"Layar penuh"},{"$i":"playbackSeekBar","ariaLabel":["Bilah pencari, durasi ",{"t":"idOrVar","v":"duration"}]},{"$i":"weekday-0-long","$v":"Minggu"},{"$i":"weekday-1-long","$v":"Senin"},{"$i":"weekday-2-long","$v":"Selasa"},{"$i":"weekday-3-long","$v":"Rabu"},{"$i":"weekday-4-long","$v":"Kamis"},{"$i":"weekday-5-long","$v":"Jumat"},{"$i":"weekday-6-long","$v":"Sabtu"},{"$i":"weekday-0-short","$v":"Min"},{"$i":"weekday-1-short","$v":"Sen"},{"$i":"weekday-2-short","$v":"Sel"},{"$i":"weekday-3-short","$v":"Rab"},{"$i":"weekday-4-short","$v":"Kam"},{"$i":"weekday-5-short","$v":"Jum"},{"$i":"weekday-6-short","$v":"Sab"},{"$i":"month-0-long","$v":"Januari"},{"$i":"month-1-long","$v":"Februari"},{"$i":"month-2-long","$v":"Maret"},{"$i":"month-3-long","$v":"April"},{"$i":"month-4-long","$v":"Mei"},{"$i":"month-5-long","$v":"Juni"},{"$i":"month-6-long","$v":"Juli"},{"$i":"month-7-long","$v":"Agustus"},{"$i":"month-8-long","$v":"September"},{"$i":"month-9-long","$v":"Oktober"},{"$i":"month-10-long","$v":"November"},{"$i":"month-11-long","$v":"Desember"},{"$i":"month-0-genitive","$v":"Januari"},{"$i":"month-1-genitive","$v":"Februari"},{"$i":"month-2-genitive","$v":"Maret"},{"$i":"month-3-genitive","$v":"April"},{"$i":"month-4-genitive","$v":"Mei"},{"$i":"month-5-genitive","$v":"Juni"},{"$i":"month-6-genitive","$v":"Juli"},{"$i":"month-7-genitive","$v":"Agustus"},{"$i":"month-8-genitive","$v":"September"},{"$i":"month-9-genitive","$v":"Oktober"},{"$i":"month-10-genitive","$v":"November"},{"$i":"month-11-genitive","$v":"Desember"},{"$i":"month-0-short","$v":"Jan"},{"$i":"month-1-short","$v":"Feb"},{"$i":"month-2-short","$v":"Mar"},{"$i":"month-3-short","$v":"Apr"},{"$i":"month-4-short","$v":"Mei"},{"$i":"month-5-short","$v":"Jun"},{"$i":"month-6-short","$v":"Jul"},{"$i":"month-7-short","$v":"Agt"},{"$i":"month-8-short","$v":"Sep"},{"$i":"month-9-short","$v":"Okt"},{"$i":"month-10-short","$v":"Nov"},{"$i":"month-11-short","$v":"Des"},{"$i":"minutes-ago-long","$v":{"few":[{"t":"idOrVar","v":"value"}," menit yang lalu"],"many":[{"t":"idOrVar","v":"value"}," menit yang lalu"],"other":[{"t":"idOrVar","v":"value"}," menit yang lalu"],"two":[{"t":"idOrVar","v":"value"}," menit yang lalu"],"one":"semenit yang lalu","zero":"Baru Saja"},"$x":[{"t":"idOrVar","v":"plural"},"value"]},{"$i":"hours-ago-long","$v":{"few":[{"t":"idOrVar","v":"value"}," jam yang lalu"],"many":[{"t":"idOrVar","v":"value"}," jam yang lalu"],"other":[{"t":"idOrVar","v":"value"}," jam yang lalu"],"two":[{"t":"idOrVar","v":"value"}," jam yang lalu"],"one":"sejam yang lalu","zero":"Baru Saja"},"$x":[{"t":"idOrVar","v":"plural"},"value"]},{"$i":"days-ago-long","$v":{"few":[{"t":"idOrVar","v":"value"}," hari yang lalu"],"many":[{"t":"idOrVar","v":"value"}," hari yang lalu"],"one":"kemarin","other":[{"t":"idOrVar","v":"value"}," hari yang lalu"],"two":[{"t":"idOrVar","v":"value"}," hari yang lalu"],"zero":"hari ini"},"$x":[{"t":"idOrVar","v":"plural"},"value"]},{"$i":"weeks-ago-long","$v":{"few":[{"t":"idOrVar","v":"value"}," pekan yang lalu"],"many":[{"t":"idOrVar","v":"value"}," pekan yang lalu"],"one":"pekan lalu","other":[{"t":"idOrVar","v":"value"}," pekan yang lalu"],"two":[{"t":"idOrVar","v":"value"}," pekan yang lalu"],"zero":"pekan ini"},"$x":[{"t":"idOrVar","v":"plural"},"value"]},{"$i":"months-ago-long","$v":{"few":[{"t":"idOrVar","v":"value"}," bulan yang lalu"],"many":[{"t":"idOrVar","v":"value"}," bulan yang lalu"],"one":"bulan lalu","other":[{"t":"idOrVar","v":"value"}," bulan yang lalu"],"two":[{"t":"idOrVar","v":"value"}," bulan yang lalu"],"zero":"bulan ini"},"$x":[{"t":"idOrVar","v":"plural"},"value"]},{"$i":"years-ago-long","$v":{"few":[{"t":"idOrVar","v":"value"}," tahun yang lalu"],"many":[{"t":"idOrVar","v":"value"}," tahun yang lalu"],"one":"tahun lalu","other":[{"t":"idOrVar","v":"value"}," tahun yang lalu"],"two":[{"t":"idOrVar","v":"value"}," tahun yang lalu"],"zero":"tahun ini"},"$x":[{"t":"idOrVar","v":"plural"},"value"]},{"$i":"minutes-until-long","$v":{"few":["dalam ",{"t":"idOrVar","v":"value"}," menit"],"many":["dalam ",{"t":"idOrVar","v":"value"}," menit"],"other":["dalam ",{"t":"idOrVar","v":"value"}," menit"],"two":["dalam ",{"t":"idOrVar","v":"value"}," menit"],"zero":"sekarang","one":"dalam satu menit"},"$x":[{"t":"idOrVar","v":"plural"},"value"]},{"$i":"hours-until-long","$v":{"few":["dalam ",{"t":"idOrVar","v":"value"}," jam"],"many":["dalam ",{"t":"idOrVar","v":"value"}," jam"],"other":["dalam ",{"t":"idOrVar","v":"value"}," jam"],"two":["dalam ",{"t":"idOrVar","v":"value"}," jam"],"zero":"sekarang","one":"dalam satu jam"},"$x":[{"t":"idOrVar","v":"plural"},"value"]},{"$i":"days-until-long","$v":{"few":["dalam ",{"t":"idOrVar","v":"value"}," hari"],"many":["dalam ",{"t":"idOrVar","v":"value"}," hari"],"one":"besok","other":["dalam ",{"t":"idOrVar","v":"value"}," hari"],"two":["dalam ",{"t":"idOrVar","v":"value"}," hari"],"zero":"hari ini"},"$x":[{"t":"idOrVar","v":"plural"},"value"]},{"$i":"weeks-until-long","$v":{"few":["dalam ",{"t":"idOrVar","v":"value"}," pekan"],"many":["dalam ",{"t":"idOrVar","v":"value"}," pekan"],"one":"pekan depan","other":["dalam ",{"t":"idOrVar","v":"value"}," pekan"],"two":["dalam ",{"t":"idOrVar","v":"value"}," pekan"],"zero":"pekan ini"},"$x":[{"t":"idOrVar","v":"plural"},"value"]},{"$i":"months-until-long","$v":{"few":["dalam ",{"t":"idOrVar","v":"value"}," bulan"],"many":["dalam ",{"t":"idOrVar","v":"value"}," bulan"],"one":"bulan depan","other":["dalam ",{"t":"idOrVar","v":"value"}," bulan"],"two":["dalam ",{"t":"idOrVar","v":"value"}," bulan"],"zero":"bulan ini"},"$x":[{"t":"idOrVar","v":"plural"},"value"]},{"$i":"years-until-long","$v":{"few":["dalam ",{"t":"idOrVar","v":"value"}," tahun"],"many":["dalam ",{"t":"idOrVar","v":"value"}," tahun"],"one":"tahun depan","other":["dalam ",{"t":"idOrVar","v":"value"}," tahun"],"two":["dalam ",{"t":"idOrVar","v":"value"}," tahun"],"zero":"tahun ini"},"$x":[{"t":"idOrVar","v":"plural"},"value"]},{"$i":"minutes-ago-short","$v":{"other":[{"t":"idOrVar","v":"value"},"menit yang lalu"],"zero":"Baru Saja"},"$x":[{"t":"idOrVar","v":"plural"},"value"]},{"$i":"hours-ago-short","$v":{"other":[{"t":"idOrVar","v":"value"},"j yang lalu"],"zero":"Baru Saja"},"$x":[{"t":"idOrVar","v":"plural"},"value"]},{"$i":"days-ago-short","$v":{"other":[{"t":"idOrVar","v":"value"},"h yang lalu"],"zero":"hari ini"},"$x":[{"t":"idOrVar","v":"plural"},"value"]},{"$i":"minutes-until-short","$v":{"other":["dalam ",{"t":"idOrVar","v":"value"},"m"],"zero":"sekarang"},"$x":[{"t":"idOrVar","v":"plural"},"value"]},{"$i":"hours-until-short","$v":{"other":["dalam ",{"t":"idOrVar","v":"value"},"j"],"zero":"sekarang"},"$x":[{"t":"idOrVar","v":"plural"},"value"]},{"$i":"days-until-short","$v":{"other":["dalam ",{"t":"idOrVar","v":"value"},"h"],"zero":"hari ini"},"$x":[{"t":"idOrVar","v":"plural"},"value"]},{"$i":"incorrectDate","$v":"(tanggal salah)"},{"$i":"dateTimeFormat_%c","$v":"%a %b %e %Y %I:%M:%S %p"},{"$i":"dateTimeFormat_%x","$v":"%m/%d/%Y"},{"$i":"dateTimeFormat_%X","$v":"%I:%M:%S %p"},{"$i":"shortTimeFormat","$v":"%I:%M %p"},{"$i":"shortTimeFormat12","$v":"%I:%M %p"},{"$i":"shortTimeFormat24","$v":"%H:%M"},{"$i":"shortDateTimeFormat","$v":"%x %I:%M %p"},{"$i":"weekStartsOnMonday","$v":"0.0"},{"$i":"firstDayOfTheWeek","$v":"0.0"}]