[{"$i":"select","$v":"Velja"},{"$i":"deselect","$v":"Afturkalla"},{"$i":"kai-select","$v":"Velja"},{"$i":"invalid-image","$v":"Ógild mynd"},{"$i":"image-too-big","$v":"Myndskrá er of stór til að sýna í galleríi"},{"$i":"image-invalid","$v":"Ekki er hægt að birta mynd vegna þess að hún er ógild eða brotin."},{"$i":"kai-selected-items-count","$v":[{"t":"idOrVar","v":"n"}," valin"]},{"$i":"delete-photo?","$v":"Eyða mynd?"},{"$i":"delete-video?","$v":"Viltu eyða myndskeiði?"},{"$i":"deleting","$v":"Eyðir …"},{"$i":"delete-n-items?","$v":{"few":["Eyða ",{"t":"idOrVar","v":"n"}," atriðum?"],"many":["Eyða ",{"t":"idOrVar","v":"n"}," atriðum?"],"one":"Viltu eyða völdu atriði?","other":["Eyða ",{"t":"idOrVar","v":"n"}," atriðum?"],"two":["Eyða ",{"t":"idOrVar","v":"n"}," atriðum?"],"zero":"Ekkert valið"},"$x":[{"t":"idOrVar","v":"plural"},"n"]},{"$i":"kai-contact-set-ok","$v":"Tengiliðamynd bætt við."},{"$i":"kai-contact-set-fail","$v":"Ekki tókst að stilla tengiliðamynd."},{"$i":"kai-changes-saved","$v":"Breyt. vist."},{"$i":"wallpaper-set","$v":"Veggfóður valið."},{"$i":"kai-single-image-deleted","$v":"Mynd eytt."},{"$i":"kai-deleted-n-photos","$v":{"one":[{"t":"idOrVar","v":"n"}," mynd eytt"],"other":[{"t":"idOrVar","v":"n"}," myndum eytt"]},"$x":[{"t":"idOrVar","v":"plural"},"n"]},{"$i":"kai-some-photos-not-share","$v":"Ekki er hægt að deila sumum myndum"},{"$i":"pickoneimage2","$v":"Velja"},{"$i":"cropimage","$v":"Skera"},{"$i":"kai-on","$v":"Kveikt"},{"$i":"kai-off","$v":"Slökkt"},{"$i":"cancel","$v":"H. við"},{"$i":"delete","$v":"Eyða"},{"$i":"ok","$v":"Í lagi"},{"$i":"edit","$v":"Br."},{"$i":"revert","$v":"Afturkalla"},{"$i":"save","$v":"Vista"},{"$i":"done","$v":"Lokið"},{"$i":"exposure","$v":"Lýsing"},{"$i":"crop","$v":"Skera"},{"$i":"effects","$v":"Brellur"},{"$i":"borders","$v":"Rammar"},{"$i":"enhance-on","$v":"Kv. á sjv. lagf."},{"$i":"enhance-off","$v":"Sl. á sjv. lagf."},{"$i":"kai-set","$v":"Setja"},{"$i":"kai-options","$v":"Valkostir"},{"$i":"kai-select-all","$v":"Allt"},{"$i":"kai-deselect-all","$v":"Ekkert"},{"$i":"kai-rotate","$v":"Snúa"},{"$i":"kai-share","$v":"Deila"},{"$i":"kai-settings","$v":"Still."},{"$i":"kai-set-as","$v":"Sett sem"},{"$i":"set-as-wallpaper","$v":"Nota sem veggf."},{"$i":"kai-wallpaper","$v":"Veggfóður"},{"$i":"kai-existing-contact-image","$v":"Mynd fyrir núverandi tengilið"},{"$i":"kai-zoom","$v":"Aðdráttur"},{"$i":"kai-zoom-in","$v":"Auka aðdrátt"},{"$i":"kai-zoom-out","$v":"Minnka aðdrátt"},{"$i":"kai-file-info","$v":"Skráaruppl."},{"$i":"kai-select-multiple","$v":"Velja margt"},{"$i":"kai-edit-title","$v":"Breyta mynd"},{"$i":"kai-edit-exposure","$v":"Lýsing"},{"$i":"kai-edit-crop","$v":"Skera"},{"$i":"kai-edit-rotate","$v":"Snúa"},{"$i":"kai-edit-filters","$v":"Síur"},{"$i":"kai-edit-auto-correct","$v":"Sjv. leiðrétt."},{"$i":"edit-exposure","ariaLabel":"Lýsing"},{"$i":"edit-crop","ariaLabel":"Skera"},{"$i":"edit-rotate","ariaLabel":"Snúa"},{"$i":"edit-filters","ariaLabel":"Síur"},{"$i":"edit-auto-correct","ariaLabel":"Sjv. leiðrétt."},{"$i":"crop-none","ariaLabel":"Afturk. skurð"},{"$i":"crop-aspect-free","ariaLabel":"Sjálfg."},{"$i":"crop-aspect-portrait","ariaLabel":"2:3"},{"$i":"crop-aspect-landscape","ariaLabel":"3:2"},{"$i":"crop-aspect-square","ariaLabel":"1:1"},{"$i":"edit-filters-none","ariaLabel":"Sía 1"},{"$i":"edit-filters-bw","ariaLabel":"Sía 2"},{"$i":"edit-filters-sepia","ariaLabel":"Sía 3"},{"$i":"edit-filters-bluesteel","ariaLabel":"Sía 4"},{"$i":"edit-filters-faded","ariaLabel":"Sía 5"},{"$i":"original","$v":"Upprunaleg"},{"$i":"blackandwhite","$v":{"$o":"B&W"}},{"$i":"sepia","$v":"Brúntón."},{"$i":"freeform","$v":"Fríhendis"},{"$i":"portrait","$v":"Skammsnið"},{"$i":"landscape","$v":"Langsnið"},{"$i":"square","$v":"Ferningur"},{"$i":"emptygallery2-title","$v":"Engar myndir eða myndb."},{"$i":"emptygallery2-text","$v":"Gallerí er tómt. Notaðu myndavél til að hefjast handa."},{"$i":"emptygallery2-title-pick","$v":"Engar myndir"},{"$i":"emptygallery-text-pick","$v":"Engar myndir tiltækar."},{"$i":"nocard3-title","$v":"Ekkert minniskort"},{"$i":"nocard4-text","$v":"Settu minniskort í til að nota forr."},{"$i":"pluggedin2-title","$v":"Minniskort í notkun"},{"$i":"pluggedin2-text","$v":"Geymsla er í notk. Taktu síma úr samb. til að nota forr."},{"$i":"scanning-title","$v":"Leit"},{"$i":"scanning-text","$v":"Leitar að myndum ..."},{"$i":"upgrade-title","$v":"Gagnagrunnsuppf."},{"$i":"upgrade-text","$v":"Bíddu augnablik á meðan „Gallerí“ uppf. gagnagr."},{"$i":"share-noprovider","$v":"Ekki hægt að deila þess. myndskráargerð."},{"$i":"memorycardfull","$v":"Geymsla er full. Ekki hægt að br. myndum."},{"$i":"imagetoobig","$v":"Myndin er of stór til að sýna hana í tækinu."},{"$i":"imageinvalid","$v":"Ekki hægt að sýna mynd því hún er ógild eða skemmd."},{"$i":"saved","$v":["„",{"t":"idOrVar","v":"filename"},"“ vistuð í gallerí"]},{"$i":"edit-copy-saved","$v":"Nýtt afrit vistað."},{"$i":"overlay-camera-button","$v":"Opna myndavél"},{"$i":"name-label","$v":"Nafn"},{"$i":"size-label","$v":"Stærð"},{"$i":"image-type-label","$v":"Gerð myndar"},{"$i":"kai-date-and-time-label","$v":"Dagsetning og tími"},{"$i":"date-taken-label","$v":"Tökudagur"},{"$i":"resolution-label","$v":"Upplausn"},{"$i":"close-button","$v":"Loka"},{"$i":"path-label","$v":"Slóð"},{"$i":"sd-card","$v":"SD-kort"},{"$i":"internal","$v":"Innri"},{"$i":"byteUnit-B","$v":"Bæti"},{"$i":"byteUnit-KB","$v":"KB"},{"$i":"byteUnit-MB","$v":"MB"},{"$i":"byteUnit-GB","$v":"GB"},{"$i":"gallery","$v":"Gallerí"},{"$i":"preview","$v":"Forskoðun"},{"$i":"kai-confirmation","$v":"Staðfesting"},{"$i":"kai-delete-this-image","$v":"Eyða mynd?"},{"$i":"kai-delete-selected-image","$v":"Eyða völdum mynd?"},{"$i":"kai-delete-selected-images","$v":"Eyða völdum myndum?"},{"$i":"kai-sort-by","$v":"Raða eftir"},{"$i":"kai-group-by-date-and-location","$v":"Hópur eftir dagsetningu"},{"$i":"sort-and-group","$v":"Raða og hópa"},{"$i":"time_am","$v":"f.h."},{"$i":"time_pm","$v":"e.h."},{"$i":"date-group-header","$v":"%B %Y"},{"$i":"videoDescriptionShort","$v":"Myndb. dags. %I:%M %p, %B %e, %Y"},{"$i":"imageDescriptionShort","$v":"Mynd dagsett %I:%M %p, %B %e, %Y"},{"$i":"editImagePreview","ariaLabel":"Br. forsk. myndar"},{"$i":"kai-pickoneimage","$v":"Veldu mynd"},{"$i":"discard-changes-warning","$v":"Allar breytingar glatast. Viltu fleygja breytingunum?"},{"$i":"save-changes-warning","$v":"Farið verður yfir allar breytingar. Vista breytingar?"},{"$i":"discard","$v":"Fleygja"},{"$i":"camera","$v":"Myndavél"},{"$i":"phone-is-full-title","$v":"Símageymsla er full"},{"$i":"sd-card-is-full-title","$v":"SD-kort fullt."},{"$i":"phone-is-full-content","$v":"Eyddu margmiðlunarskrám eða forritagögnum til að losa um pláss. Þú getur líka sett inn SD-kort til að auka efnisgeymslu."},{"$i":"sd-card-is-full-content","$v":"Eyddu skrám á SD-korti til að losa um pláss."},{"$i":"favorite","$v":"Uppáhald"},{"$i":"add-favorite","$v":"Bæta við uppáhald"},{"$i":"remove-favorite","$v":"Taka úr uppáh."},{"$i":"emptyfavorite-text","$v":"Þú átt engar uppáhalds myndir."},{"$i":"donglePlay","$v":"Spila"},{"$i":"softkey-options","$v":"Valkostir"},{"$i":"imageDescription","$v":[{"t":"idOrVar","v":"orientation"}," mynd, %I:%M %p, %B %e, %Y"]},{"$i":"imageDescriptionNoTimestamp","$v":[{"t":"idOrVar","v":"orientation"}," mynd"]},{"$i":"videoDescription","$v":[{"t":"idOrVar","v":"orientation"}," myndband, %I:%M %p, %B %e, %Y"]},{"$i":"videoDescriptionNoTimestamp","$v":[{"t":"idOrVar","v":"orientation"}," myndband"]},{"$i":"orientationPortrait","$v":"skammsnið"},{"$i":"orientationLandscape","$v":"langsnið"},{"$i":"playbackPlay","ariaLabel":"Spila"},{"$i":"playbackPause","ariaLabel":"Gera hlé"},{"$i":"playbackNext","ariaLabel":"Áfram"},{"$i":"playbackPrevious","ariaLabel":"Fyrri"},{"$i":"playbackFullscreen","ariaLabel":"Allur skjár"},{"$i":"playbackSeekBar","ariaLabel":["Leitarstika, lengd ",{"t":"idOrVar","v":"duration"}]},{"$i":"weekday-0-long","$v":"Sunnudagur"},{"$i":"weekday-1-long","$v":"Mánudagur"},{"$i":"weekday-2-long","$v":"Þriðjudagur"},{"$i":"weekday-3-long","$v":"Miðvikudagur"},{"$i":"weekday-4-long","$v":"Fimmtudagur"},{"$i":"weekday-5-long","$v":"Föstudagur"},{"$i":"weekday-6-long","$v":"Laugardagur"},{"$i":"weekday-0-short","$v":"Sun."},{"$i":"weekday-1-short","$v":"Mán."},{"$i":"weekday-2-short","$v":"Þri."},{"$i":"weekday-3-short","$v":"Mið."},{"$i":"weekday-4-short","$v":"Fim."},{"$i":"weekday-5-short","$v":"Fös."},{"$i":"weekday-6-short","$v":"Lau."},{"$i":"month-0-long","$v":"Janúar"},{"$i":"month-1-long","$v":"Febrúar"},{"$i":"month-2-long","$v":"Mars"},{"$i":"month-3-long","$v":"Apríl"},{"$i":"month-4-long","$v":"Maí"},{"$i":"month-5-long","$v":"Júní"},{"$i":"month-6-long","$v":"Júlí"},{"$i":"month-7-long","$v":"Ágúst"},{"$i":"month-8-long","$v":"September"},{"$i":"month-9-long","$v":"Október"},{"$i":"month-10-long","$v":"Nóvember"},{"$i":"month-11-long","$v":"Desember"},{"$i":"month-0-genitive","$v":"Janúar"},{"$i":"month-1-genitive","$v":"Febrúar"},{"$i":"month-2-genitive","$v":"Mars"},{"$i":"month-3-genitive","$v":"Apríl"},{"$i":"month-4-genitive","$v":"Maí"},{"$i":"month-5-genitive","$v":"Júní"},{"$i":"month-6-genitive","$v":"Júlí"},{"$i":"month-7-genitive","$v":"Ágúst"},{"$i":"month-8-genitive","$v":"September"},{"$i":"month-9-genitive","$v":"Október"},{"$i":"month-10-genitive","$v":"Nóvember"},{"$i":"month-11-genitive","$v":"Desember"},{"$i":"month-0-short","$v":"Jan."},{"$i":"month-1-short","$v":"Feb."},{"$i":"month-2-short","$v":"Mar."},{"$i":"month-3-short","$v":"Apr."},{"$i":"month-4-short","$v":"Maí"},{"$i":"month-5-short","$v":"Jún."},{"$i":"month-6-short","$v":"Júl."},{"$i":"month-7-short","$v":"Ágú."},{"$i":"month-8-short","$v":"Sep."},{"$i":"month-9-short","$v":"Okt."},{"$i":"month-10-short","$v":"Nóv."},{"$i":"month-11-short","$v":"Des."},{"$i":"minutes-ago-long","$v":{"few":["Fyrir ",{"t":"idOrVar","v":"value"}," mín."],"many":["Fyrir ",{"t":"idOrVar","v":"value"}," mín."],"other":["Fyrir ",{"t":"idOrVar","v":"value"}," mín."],"two":["Fyrir ",{"t":"idOrVar","v":"value"}," mín."],"one":"fyrir mínútu","zero":"rétt í þessu"},"$x":[{"t":"idOrVar","v":"plural"},"value"]},{"$i":"hours-ago-long","$v":{"few":["Fyrir ",{"t":"idOrVar","v":"value"}," klst."],"many":["Fyrir ",{"t":"idOrVar","v":"value"}," klst."],"other":["Fyrir ",{"t":"idOrVar","v":"value"}," klst."],"two":["Fyrir ",{"t":"idOrVar","v":"value"}," klst."],"one":"1 klst","zero":"rétt í þessu"},"$x":[{"t":"idOrVar","v":"plural"},"value"]},{"$i":"days-ago-long","$v":{"few":["Fyrir ",{"t":"idOrVar","v":"value"}," dögum"],"many":["Fyrir ",{"t":"idOrVar","v":"value"}," dögum"],"one":"í gær","other":["Fyrir ",{"t":"idOrVar","v":"value"}," dögum"],"two":["Fyrir ",{"t":"idOrVar","v":"value"}," dögum"],"zero":"í dag"},"$x":[{"t":"idOrVar","v":"plural"},"value"]},{"$i":"weeks-ago-long","$v":{"few":["Fyrir ",{"t":"idOrVar","v":"value"}," vikum"],"many":["Fyrir ",{"t":"idOrVar","v":"value"}," vikum"],"one":"í síð. viku","other":["Fyrir ",{"t":"idOrVar","v":"value"}," vikum"],"two":["Fyrir ",{"t":"idOrVar","v":"value"}," vikum"],"zero":"í þessari viku"},"$x":[{"t":"idOrVar","v":"plural"},"value"]},{"$i":"months-ago-long","$v":{"few":["Fyrir ",{"t":"idOrVar","v":"value"}," mánuðum"],"many":["Fyrir ",{"t":"idOrVar","v":"value"}," mánuðum"],"one":"í síð. mán.","other":["Fyrir ",{"t":"idOrVar","v":"value"}," mánuðum"],"two":["Fyrir ",{"t":"idOrVar","v":"value"}," mánuðum"],"zero":"í þessum mán."},"$x":[{"t":"idOrVar","v":"plural"},"value"]},{"$i":"years-ago-long","$v":{"few":["Fyrir ",{"t":"idOrVar","v":"value"}," árum"],"many":["Fyrir ",{"t":"idOrVar","v":"value"}," árum"],"one":"á síð. ári","other":["Fyrir ",{"t":"idOrVar","v":"value"}," árum"],"two":["Fyrir ",{"t":"idOrVar","v":"value"}," árum"],"zero":"á þessu ári"},"$x":[{"t":"idOrVar","v":"plural"},"value"]},{"$i":"minutes-until-long","$v":{"few":["eftir ",{"t":"idOrVar","v":"value"}," mín."],"many":["eftir ",{"t":"idOrVar","v":"value"}," mín."],"other":["eftir ",{"t":"idOrVar","v":"value"}," mín."],"two":["eftir ",{"t":"idOrVar","v":"value"}," mín."],"zero":"núna","one":"eftir 1 mínútu"},"$x":[{"t":"idOrVar","v":"plural"},"value"]},{"$i":"hours-until-long","$v":{"few":["eftir ",{"t":"idOrVar","v":"value"}," klst."],"many":["eftir ",{"t":"idOrVar","v":"value"}," klst."],"other":["eftir ",{"t":"idOrVar","v":"value"}," klst."],"two":["eftir ",{"t":"idOrVar","v":"value"}," klst."],"zero":"núna","one":"eftir 1 klukkustund"},"$x":[{"t":"idOrVar","v":"plural"},"value"]},{"$i":"days-until-long","$v":{"few":["eftir ",{"t":"idOrVar","v":"value"}," daga"],"many":["eftir ",{"t":"idOrVar","v":"value"}," daga"],"one":"á morgun","other":["eftir ",{"t":"idOrVar","v":"value"}," daga"],"two":["eftir ",{"t":"idOrVar","v":"value"}," daga"],"zero":"í dag"},"$x":[{"t":"idOrVar","v":"plural"},"value"]},{"$i":"weeks-until-long","$v":{"few":["eftir ",{"t":"idOrVar","v":"value"}," vikur"],"many":["eftir ",{"t":"idOrVar","v":"value"}," vikur"],"one":"í næstu viku","other":["eftir ",{"t":"idOrVar","v":"value"}," vikur"],"two":["eftir ",{"t":"idOrVar","v":"value"}," vikur"],"zero":"í þessari viku"},"$x":[{"t":"idOrVar","v":"plural"},"value"]},{"$i":"months-until-long","$v":{"few":["eftir ",{"t":"idOrVar","v":"value"}," mán."],"many":["eftir ",{"t":"idOrVar","v":"value"}," mán."],"one":"í næsta mán.","other":["eftir ",{"t":"idOrVar","v":"value"}," mán."],"two":["eftir ",{"t":"idOrVar","v":"value"}," mán."],"zero":"í þessum mán."},"$x":[{"t":"idOrVar","v":"plural"},"value"]},{"$i":"years-until-long","$v":{"few":["eftir ",{"t":"idOrVar","v":"value"}," ár"],"many":["eftir ",{"t":"idOrVar","v":"value"}," ár"],"one":"á næsta ári","other":["eftir ",{"t":"idOrVar","v":"value"}," ár"],"two":["eftir ",{"t":"idOrVar","v":"value"}," ár"],"zero":"á þessu ári"},"$x":[{"t":"idOrVar","v":"plural"},"value"]},{"$i":"minutes-ago-short","$v":{"other":["Fyrir ",{"t":"idOrVar","v":"value"}," m."],"zero":"rétt í þessu"},"$x":[{"t":"idOrVar","v":"plural"},"value"]},{"$i":"hours-ago-short","$v":{"other":["Fyrir ",{"t":"idOrVar","v":"value"}," k."],"zero":"rétt í þessu"},"$x":[{"t":"idOrVar","v":"plural"},"value"]},{"$i":"days-ago-short","$v":{"other":["Fyrir ",{"t":"idOrVar","v":"value"}," d."],"zero":"í dag"},"$x":[{"t":"idOrVar","v":"plural"},"value"]},{"$i":"minutes-until-short","$v":{"other":["eftir ",{"t":"idOrVar","v":"value"}," m"],"zero":"núna"},"$x":[{"t":"idOrVar","v":"plural"},"value"]},{"$i":"hours-until-short","$v":{"other":["eftir ",{"t":"idOrVar","v":"value"}," k"],"zero":"núna"},"$x":[{"t":"idOrVar","v":"plural"},"value"]},{"$i":"days-until-short","$v":{"other":["eftir ",{"t":"idOrVar","v":"value"}," d"],"zero":"í dag"},"$x":[{"t":"idOrVar","v":"plural"},"value"]},{"$i":"incorrectDate","$v":"(röng dags.)"},{"$i":"dateTimeFormat_%c","$v":"%a %b %e %Y %I:%M:%S %p"},{"$i":"dateTimeFormat_%x","$v":"%m/%d/%Y"},{"$i":"dateTimeFormat_%X","$v":"%I:%M:%S %p"},{"$i":"shortTimeFormat","$v":"%I:%M %p"},{"$i":"shortTimeFormat12","$v":"%I:%M %p"},{"$i":"shortTimeFormat24","$v":"%H:%M"},{"$i":"shortDateTimeFormat","$v":"%x %I:%M %p"},{"$i":"weekStartsOnMonday","$v":"0.0"},{"$i":"firstDayOfTheWeek","$v":"1.0"}]