[{"$i":"select","$v":"Seleziona"},{"$i":"deselect","$v":"Deseleziona"},{"$i":"kai-select","$v":"Seleziona"},{"$i":"invalid-image","$v":"Immagine non valida"},{"$i":"image-too-big","$v":"Dimensioni del file di immagine eccessive per la visualizzazione in Galleria."},{"$i":"image-invalid","$v":"Impossibile visualizzare l'immagine poiché non valida o danneggiata."},{"$i":"kai-selected-items-count","$v":[{"t":"idOrVar","v":"n"}," selezionato/i"]},{"$i":"delete-photo?","$v":"Eliminare la foto?"},{"$i":"delete-video?","$v":"Eliminare il video?"},{"$i":"deleting","$v":"Eliminazione in corso..."},{"$i":"delete-n-items?","$v":{"few":["Eliminare ",{"t":"idOrVar","v":"n"}," elementi?"],"many":["Eliminare ",{"t":"idOrVar","v":"n"}," elementi?"],"one":"Eliminare l'elemento selezionato?","other":["Eliminare ",{"t":"idOrVar","v":"n"}," elementi?"],"two":["Eliminare ",{"t":"idOrVar","v":"n"}," elementi?"],"zero":"Nessuna selezione"},"$x":[{"t":"idOrVar","v":"plural"},"n"]},{"$i":"kai-contact-set-ok","$v":"Immagine del contatto aggiunta"},{"$i":"kai-contact-set-fail","$v":"Impossibile impostare l'immagine del contatto"},{"$i":"kai-changes-saved","$v":"Modifiche salvate"},{"$i":"wallpaper-set","$v":"Sfondo impostato"},{"$i":"kai-single-image-deleted","$v":"Foto eliminata."},{"$i":"kai-deleted-n-photos","$v":{"one":[{"t":"idOrVar","v":"n"}," immagine eliminata"],"other":[{"t":"idOrVar","v":"n"}," foto eliminate"]},"$x":[{"t":"idOrVar","v":"plural"},"n"]},{"$i":"kai-some-photos-not-share","$v":"Impossibile condividere alcune foto"},{"$i":"pickoneimage2","$v":"Seleziona"},{"$i":"cropimage","$v":"Ritaglia"},{"$i":"kai-on","$v":"Attivato"},{"$i":"kai-off","$v":"Disattivato"},{"$i":"cancel","$v":"Annulla"},{"$i":"delete","$v":"Elimina"},{"$i":"ok","$v":"OK"},{"$i":"edit","$v":"Modifica"},{"$i":"revert","$v":"Ripristina"},{"$i":"save","$v":"Salva"},{"$i":"done","$v":"Fine"},{"$i":"exposure","$v":"Esposizione"},{"$i":"crop","$v":"Ritaglia"},{"$i":"effects","$v":"Effetti"},{"$i":"borders","$v":"Bordi"},{"$i":"enhance-on","$v":"Miglioramento automatico attivato"},{"$i":"enhance-off","$v":"Miglioramento automatico disattivato"},{"$i":"kai-set","$v":"Imposta"},{"$i":"kai-options","$v":"Opzioni"},{"$i":"kai-select-all","$v":"Tutto"},{"$i":"kai-deselect-all","$v":"Nessuno"},{"$i":"kai-rotate","$v":"Ruota"},{"$i":"kai-share","$v":"Condividi"},{"$i":"kai-settings","$v":"Impostazioni"},{"$i":"kai-set-as","$v":"Imposta come"},{"$i":"set-as-wallpaper","$v":"Imposta come sfondo"},{"$i":"kai-wallpaper","$v":"Sfondo"},{"$i":"kai-existing-contact-image","$v":"Immagine per contatto esistente"},{"$i":"kai-zoom","$v":"Zoom"},{"$i":"kai-zoom-in","$v":"Zoom avanti"},{"$i":"kai-zoom-out","$v":"Zoom indietro"},{"$i":"kai-file-info","$v":"Informazioni file"},{"$i":"kai-select-multiple","$v":"Selezione multipla"},{"$i":"kai-edit-title","$v":"Modifica immagine"},{"$i":"kai-edit-exposure","$v":"Esposizione"},{"$i":"kai-edit-crop","$v":"Ritaglia"},{"$i":"kai-edit-rotate","$v":"Ruota"},{"$i":"kai-edit-filters","$v":"Filtri"},{"$i":"kai-edit-auto-correct","$v":"Correzione automatica"},{"$i":"edit-exposure","ariaLabel":"Esposizione"},{"$i":"edit-crop","ariaLabel":"Ritaglia"},{"$i":"edit-rotate","ariaLabel":"Ruota"},{"$i":"edit-filters","ariaLabel":"Filtri"},{"$i":"edit-auto-correct","ariaLabel":"Correzione automatica"},{"$i":"crop-none","ariaLabel":"Annulla ritaglio"},{"$i":"crop-aspect-free","ariaLabel":"Predefinito"},{"$i":"crop-aspect-portrait","ariaLabel":"2:3"},{"$i":"crop-aspect-landscape","ariaLabel":"3:2"},{"$i":"crop-aspect-square","ariaLabel":"1:1"},{"$i":"edit-filters-none","ariaLabel":"Filtro 1"},{"$i":"edit-filters-bw","ariaLabel":"Filtro 2"},{"$i":"edit-filters-sepia","ariaLabel":"Filtro 3"},{"$i":"edit-filters-bluesteel","ariaLabel":"Filtro 4"},{"$i":"edit-filters-faded","ariaLabel":"Filtro 5"},{"$i":"original","$v":"Originale"},{"$i":"blackandwhite","$v":"Bianco e nero"},{"$i":"sepia","$v":"Seppia"},{"$i":"freeform","$v":"Forma libera"},{"$i":"portrait","$v":"Verticale"},{"$i":"landscape","$v":"Orizzontale"},{"$i":"square","$v":"Quadrato"},{"$i":"emptygallery2-title","$v":"Nessuna foto né video"},{"$i":"emptygallery2-text","$v":"Galleria vuota. Usare la fotocamera per iniziare."},{"$i":"emptygallery2-title-pick","$v":"Nessuna foto"},{"$i":"emptygallery-text-pick","$v":"Nessuna foto disponibile."},{"$i":"nocard3-title","$v":"Nessuna scheda di memoria"},{"$i":"nocard4-text","$v":"Inserire una scheda di memoria per usare l'applicazione."},{"$i":"pluggedin2-title","$v":"Scheda di memoria in uso"},{"$i":"pluggedin2-text","$v":"Memoria in uso. Scollegare il telefono per usare l'applicazione."},{"$i":"scanning-title","$v":"Scansione in corso"},{"$i":"scanning-text","$v":"Scansione delle foto in corso..."},{"$i":"upgrade-title","$v":"Aggiornamento database"},{"$i":"upgrade-text","$v":"Attendere mentre Galleria aggiorna il database."},{"$i":"share-noprovider","$v":"Impossibile condividere il tipo di file immagine."},{"$i":"memorycardfull","$v":"Memoria piena. Impossibile modificare le foto."},{"$i":"imagetoobig","$v":"Immagine troppo grande per visualizzarla sul dispositivo."},{"$i":"imageinvalid","$v":"Immagine non valida o danneggiata. Impossibile visualizzarla."},{"$i":"saved","$v":[{"t":"idOrVar","v":"filename"}," salvato in Galleria"]},{"$i":"edit-copy-saved","$v":"Nuova copia salvata."},{"$i":"overlay-camera-button","$v":"Vai a Fotocamera"},{"$i":"name-label","$v":"Nome"},{"$i":"size-label","$v":"Dimensioni"},{"$i":"image-type-label","$v":"Tipo di immagine"},{"$i":"kai-date-and-time-label","$v":"Data e ora"},{"$i":"date-taken-label","$v":"Data scatto"},{"$i":"resolution-label","$v":"Risoluzione"},{"$i":"close-button","$v":"Chiudi"},{"$i":"path-label","$v":"Percorso"},{"$i":"sd-card","$v":"Scheda SD"},{"$i":"internal","$v":"Interna"},{"$i":"byteUnit-B","$v":"Byte"},{"$i":"byteUnit-KB","$v":"KB"},{"$i":"byteUnit-MB","$v":"MB"},{"$i":"byteUnit-GB","$v":"GB"},{"$i":"gallery","$v":"Galleria"},{"$i":"preview","$v":"Anteprima"},{"$i":"kai-confirmation","$v":"Conferma"},{"$i":"kai-delete-this-image","$v":"Eliminare la foto?"},{"$i":"kai-delete-selected-image","$v":"Eliminare la foto selezionata?"},{"$i":"kai-delete-selected-images","$v":"Eliminare le foto selezionate?"},{"$i":"kai-sort-by","$v":"Ordina per"},{"$i":"kai-group-by-date-and-location","$v":"Raggruppa per data"},{"$i":"sort-and-group","$v":"Ordina e raggruppa"},{"$i":"time_am","$v":"AM"},{"$i":"time_pm","$v":"PM"},{"$i":"date-group-header","$v":"%B %Y"},{"$i":"videoDescriptionShort","$v":"Video con data %I: %M %p, %B %e, %Y"},{"$i":"imageDescriptionShort","$v":"Immagine con data %I: %M %p, %B %e, %Y"},{"$i":"editImagePreview","ariaLabel":"Modifica anteprima immagine"},{"$i":"kai-pickoneimage","$v":"Seleziona foto"},{"$i":"discard-changes-warning","$v":"Tutte le modifiche andranno perse. Ignorare le modifiche?"},{"$i":"save-changes-warning","$v":"Tutte le modifiche verranno ignorate. Salvare le modifiche?"},{"$i":"discard","$v":"Ignora"},{"$i":"camera","$v":"Camera"},{"$i":"phone-is-full-title","$v":"Risorsa di archiviazione del telefono quasi esaurita"},{"$i":"sd-card-is-full-title","$v":"Scheda SD esaurita"},{"$i":"phone-is-full-content","$v":"Eliminare file multimediali o dati delle applicazioni per liberare spazio. È inoltre possibile inserire una scheda SD per aumentare la risorsa di archiviazione per file multimediali."},{"$i":"sd-card-is-full-content","$v":"Eliminare file sulla scheda SD per liberare spazio."},{"$i":"favorite","$v":"Preferiti"},{"$i":"add-favorite","$v":"Aggiungi ai preferiti"},{"$i":"remove-favorite","$v":"Rimuovi dai preferiti"},{"$i":"emptyfavorite-text","$v":"Non sono presenti foto preferite."},{"$i":"donglePlay","$v":"Riproduci"},{"$i":"softkey-options","$v":"Opzioni"},{"$i":"imageDescription","$v":["Immagine ",{"t":"idOrVar","v":"orientation"},", %I: %M %p, %B %e, %Y"]},{"$i":"imageDescriptionNoTimestamp","$v":["Immagine ",{"t":"idOrVar","v":"orientation"}]},{"$i":"videoDescription","$v":["Video ",{"t":"idOrVar","v":"orientation"},", %I:%M %p, %B %e, %Y"]},{"$i":"videoDescriptionNoTimestamp","$v":["Video ",{"t":"idOrVar","v":"orientation"}]},{"$i":"orientationPortrait","$v":"verticale"},{"$i":"orientationLandscape","$v":"orizzontale"},{"$i":"playbackPlay","ariaLabel":"Riproduci"},{"$i":"playbackPause","ariaLabel":"Pausa"},{"$i":"playbackNext","ariaLabel":"Successivo"},{"$i":"playbackPrevious","ariaLabel":"Precedente"},{"$i":"playbackFullscreen","ariaLabel":"Schermo intero"},{"$i":"playbackSeekBar","ariaLabel":["Barra di ricerca, durata ",{"t":"idOrVar","v":"duration"}]},{"$i":"weekday-0-long","$v":"Domenica"},{"$i":"weekday-1-long","$v":"Lunedì"},{"$i":"weekday-2-long","$v":"Martedì"},{"$i":"weekday-3-long","$v":"Mercoledì"},{"$i":"weekday-4-long","$v":"Giovedì"},{"$i":"weekday-5-long","$v":"Venerdì"},{"$i":"weekday-6-long","$v":"Sabato"},{"$i":"weekday-0-short","$v":"Dom"},{"$i":"weekday-1-short","$v":"Lun"},{"$i":"weekday-2-short","$v":"Mar"},{"$i":"weekday-3-short","$v":"Mer"},{"$i":"weekday-4-short","$v":"Gio"},{"$i":"weekday-5-short","$v":"Ven"},{"$i":"weekday-6-short","$v":"Sab"},{"$i":"month-0-long","$v":"Gennaio"},{"$i":"month-1-long","$v":"Febbraio"},{"$i":"month-2-long","$v":"Marzo"},{"$i":"month-3-long","$v":"Aprile"},{"$i":"month-4-long","$v":"Mag"},{"$i":"month-5-long","$v":"Giugno"},{"$i":"month-6-long","$v":"Luglio"},{"$i":"month-7-long","$v":"Agosto"},{"$i":"month-8-long","$v":"Settembre"},{"$i":"month-9-long","$v":"Ottobre"},{"$i":"month-10-long","$v":"Novembre"},{"$i":"month-11-long","$v":"Dicembre"},{"$i":"month-0-genitive","$v":"Gennaio"},{"$i":"month-1-genitive","$v":"Febbraio"},{"$i":"month-2-genitive","$v":"Marzo"},{"$i":"month-3-genitive","$v":"Aprile"},{"$i":"month-4-genitive","$v":"Mag"},{"$i":"month-5-genitive","$v":"Giugno"},{"$i":"month-6-genitive","$v":"Luglio"},{"$i":"month-7-genitive","$v":"Agosto"},{"$i":"month-8-genitive","$v":"Settembre"},{"$i":"month-9-genitive","$v":"Ottobre"},{"$i":"month-10-genitive","$v":"Novembre"},{"$i":"month-11-genitive","$v":"Dicembre"},{"$i":"month-0-short","$v":"Gen"},{"$i":"month-1-short","$v":"Feb"},{"$i":"month-2-short","$v":"Mar"},{"$i":"month-3-short","$v":"Apr"},{"$i":"month-4-short","$v":"Mag"},{"$i":"month-5-short","$v":"Giu"},{"$i":"month-6-short","$v":"Lug"},{"$i":"month-7-short","$v":"Ago"},{"$i":"month-8-short","$v":"Set"},{"$i":"month-9-short","$v":"Ott"},{"$i":"month-10-short","$v":"Nov"},{"$i":"month-11-short","$v":"Dic"},{"$i":"minutes-ago-long","$v":{"few":[{"t":"idOrVar","v":"value"}," minuti fa"],"many":[{"t":"idOrVar","v":"value"}," minuti fa"],"other":[{"t":"idOrVar","v":"value"}," minuti fa"],"two":[{"t":"idOrVar","v":"value"}," minuti fa"],"one":"un minuto fa","zero":"Proprio adesso"},"$x":[{"t":"idOrVar","v":"plural"},"value"]},{"$i":"hours-ago-long","$v":{"few":[{"t":"idOrVar","v":"value"}," ore fa"],"many":[{"t":"idOrVar","v":"value"}," ore fa"],"other":[{"t":"idOrVar","v":"value"}," ore fa"],"two":[{"t":"idOrVar","v":"value"}," ore fa"],"one":"un'ora fa","zero":"Proprio adesso"},"$x":[{"t":"idOrVar","v":"plural"},"value"]},{"$i":"days-ago-long","$v":{"few":[{"t":"idOrVar","v":"value"}," giorni fa"],"many":[{"t":"idOrVar","v":"value"}," giorni fa"],"one":"ieri","other":[{"t":"idOrVar","v":"value"}," giorni fa"],"two":[{"t":"idOrVar","v":"value"}," giorni fa"],"zero":"oggi"},"$x":[{"t":"idOrVar","v":"plural"},"value"]},{"$i":"weeks-ago-long","$v":{"few":[{"t":"idOrVar","v":"value"}," settimane fa"],"many":[{"t":"idOrVar","v":"value"}," settimane fa"],"one":"una settimana fa","other":[{"t":"idOrVar","v":"value"}," settimane fa"],"two":[{"t":"idOrVar","v":"value"}," settimane fa"],"zero":"questa settimana"},"$x":[{"t":"idOrVar","v":"plural"},"value"]},{"$i":"months-ago-long","$v":{"few":[{"t":"idOrVar","v":"value"}," mesi fa"],"many":[{"t":"idOrVar","v":"value"}," mesi fa"],"one":"un mese fa","other":[{"t":"idOrVar","v":"value"}," mesi fa"],"two":[{"t":"idOrVar","v":"value"}," mesi fa"],"zero":"questo mese"},"$x":[{"t":"idOrVar","v":"plural"},"value"]},{"$i":"years-ago-long","$v":{"few":[{"t":"idOrVar","v":"value"}," anni fa"],"many":[{"t":"idOrVar","v":"value"}," anni fa"],"one":"un anno fa","other":[{"t":"idOrVar","v":"value"}," anni fa"],"two":[{"t":"idOrVar","v":"value"}," anni fa"],"zero":"quest'anno"},"$x":[{"t":"idOrVar","v":"plural"},"value"]},{"$i":"minutes-until-long","$v":{"few":["tra ",{"t":"idOrVar","v":"value"}," minuti"],"many":["tra ",{"t":"idOrVar","v":"value"}," minuti"],"other":["tra ",{"t":"idOrVar","v":"value"}," minuti"],"two":["tra ",{"t":"idOrVar","v":"value"}," minuti"],"zero":"ora","one":"tra un minuto"},"$x":[{"t":"idOrVar","v":"plural"},"value"]},{"$i":"hours-until-long","$v":{"few":["tra ",{"t":"idOrVar","v":"value"}," ore"],"many":["tra ",{"t":"idOrVar","v":"value"}," ore"],"other":["tra ",{"t":"idOrVar","v":"value"}," ore"],"two":["tra ",{"t":"idOrVar","v":"value"}," ore"],"zero":"ora","one":"tra un'ora"},"$x":[{"t":"idOrVar","v":"plural"},"value"]},{"$i":"days-until-long","$v":{"few":["tra ",{"t":"idOrVar","v":"value"}," giorni"],"many":["tra ",{"t":"idOrVar","v":"value"}," giorni"],"one":"domani","other":["tra ",{"t":"idOrVar","v":"value"}," giorni"],"two":["tra ",{"t":"idOrVar","v":"value"}," giorni"],"zero":"oggi"},"$x":[{"t":"idOrVar","v":"plural"},"value"]},{"$i":"weeks-until-long","$v":{"few":["tra ",{"t":"idOrVar","v":"value"}," settimane"],"many":["tra ",{"t":"idOrVar","v":"value"}," settimane"],"one":"tra una settimana","other":["tra ",{"t":"idOrVar","v":"value"}," settimane"],"two":["tra ",{"t":"idOrVar","v":"value"}," settimane"],"zero":"questa settimana"},"$x":[{"t":"idOrVar","v":"plural"},"value"]},{"$i":"months-until-long","$v":{"few":["tra ",{"t":"idOrVar","v":"value"}," mesi"],"many":["tra ",{"t":"idOrVar","v":"value"}," mesi"],"one":"tra un mese","other":["tra ",{"t":"idOrVar","v":"value"}," mesi"],"two":["tra ",{"t":"idOrVar","v":"value"}," mesi"],"zero":"questo mese"},"$x":[{"t":"idOrVar","v":"plural"},"value"]},{"$i":"years-until-long","$v":{"few":["tra ",{"t":"idOrVar","v":"value"}," anni"],"many":["tra ",{"t":"idOrVar","v":"value"}," anni"],"one":"tra un anno","other":["tra ",{"t":"idOrVar","v":"value"}," anni"],"two":["tra ",{"t":"idOrVar","v":"value"}," anni"],"zero":"quest'anno"},"$x":[{"t":"idOrVar","v":"plural"},"value"]},{"$i":"minutes-ago-short","$v":{"other":[{"t":"idOrVar","v":"value"}," m fa"],"zero":"Proprio adesso"},"$x":[{"t":"idOrVar","v":"plural"},"value"]},{"$i":"hours-ago-short","$v":{"other":[{"t":"idOrVar","v":"value"}," h fa"],"zero":"Proprio adesso"},"$x":[{"t":"idOrVar","v":"plural"},"value"]},{"$i":"days-ago-short","$v":{"other":[{"t":"idOrVar","v":"value"}," g fa"],"zero":"oggi"},"$x":[{"t":"idOrVar","v":"plural"},"value"]},{"$i":"minutes-until-short","$v":{"other":["tra ",{"t":"idOrVar","v":"value"}," m"],"zero":"ora"},"$x":[{"t":"idOrVar","v":"plural"},"value"]},{"$i":"hours-until-short","$v":{"other":["tra ",{"t":"idOrVar","v":"value"}," h"],"zero":"ora"},"$x":[{"t":"idOrVar","v":"plural"},"value"]},{"$i":"days-until-short","$v":{"other":["tra ",{"t":"idOrVar","v":"value"}," g"],"zero":"oggi"},"$x":[{"t":"idOrVar","v":"plural"},"value"]},{"$i":"incorrectDate","$v":"(data errata)"},{"$i":"dateTimeFormat_%c","$v":"%a %b %e %Y %I:%M:%S %p"},{"$i":"dateTimeFormat_%x","$v":"%m/%d/%Y"},{"$i":"dateTimeFormat_%X","$v":"%I:%M:%S %p"},{"$i":"shortTimeFormat","$v":"%I:%M %p"},{"$i":"shortTimeFormat12","$v":"%I:%M %p"},{"$i":"shortTimeFormat24","$v":"%H:%M"},{"$i":"shortDateTimeFormat","$v":"%x %I:%M %p"},{"$i":"weekStartsOnMonday","$v":"0.0"},{"$i":"firstDayOfTheWeek","$v":"1.0"}]