[{"$i":"select","$v":"არჩევა"},{"$i":"deselect","$v":"მონიშვნის მოხსნა"},{"$i":"kai-select","$v":"არჩევა"},{"$i":"invalid-image","$v":"არასწორი გამოსახულება"},{"$i":"image-too-big","$v":"გამოსახულების ფაილის ზომა მეტისმეტად დიდია, რომ გამოჩნდეს გალერეაში"},{"$i":"image-invalid","$v":"სურათის ჩვენება შეუძლებელია, რადგან ის არასწორია ან გატეხილია."},{"$i":"kai-selected-items-count","$v":[{"t":"idOrVar","v":"n"}," არჩეული"]},{"$i":"delete-photo?","$v":"წავშალო ფოტო?"},{"$i":"delete-video?","$v":"წავშალო ვიდეო?"},{"$i":"deleting","$v":"წაშლა…"},{"$i":"delete-n-items?","$v":{"few":["წავშალო ",{"t":"idOrVar","v":"n"}," ელემენტი?"],"many":["წავშალო ",{"t":"idOrVar","v":"n"}," ელემენტი?"],"one":"წავშალოთ არჩეული ელემენტი?","other":["წავშალო ",{"t":"idOrVar","v":"n"}," ელემენტები?"],"two":["წავშალო ",{"t":"idOrVar","v":"n"}," ელემენტი?"],"zero":"არაფერია არჩეული"},"$x":[{"t":"idOrVar","v":"plural"},"n"]},{"$i":"kai-contact-set-ok","$v":"საკონტაქტო სურათი დაემატა."},{"$i":"kai-contact-set-fail","$v":"საკონტაქტო სურათის დაყენება ვერ მოხერხდა."},{"$i":"kai-changes-saved","$v":"ცვლილებები შენახულია."},{"$i":"wallpaper-set","$v":"ფონის დაყენება."},{"$i":"kai-single-image-deleted","$v":"სურათი წაიშალა."},{"$i":"kai-deleted-n-photos","$v":{"one":[{"t":"idOrVar","v":"n"}," ფოტო წაშლილია"],"other":[{"t":"idOrVar","v":"n"}," ფოტო წაშლილია"]},"$x":[{"t":"idOrVar","v":"plural"},"n"]},{"$i":"kai-some-photos-not-share","$v":"ზოგიერთი ფოტო ვერ ხდება"},{"$i":"pickoneimage2","$v":"არჩევა"},{"$i":"cropimage","$v":"ჩამოჭრა"},{"$i":"kai-on","$v":"ჩართული"},{"$i":"kai-off","$v":"გამორთული"},{"$i":"cancel","$v":"გაუქმება"},{"$i":"delete","$v":"წაშლა"},{"$i":"ok","$v":"OK"},{"$i":"edit","$v":"რედაქტირება"},{"$i":"revert","$v":"აღდგენა"},{"$i":"save","$v":"შენახვა"},{"$i":"done","$v":"დას."},{"$i":"exposure","$v":"ექსპოზიცია"},{"$i":"crop","$v":"ჩამოჭრა"},{"$i":"effects","$v":"ეფექტები"},{"$i":"borders","$v":"საზღვრები"},{"$i":"enhance-on","$v":"ავტომატური გაზრდა ჩართულია"},{"$i":"enhance-off","$v":"ავტომატური გაზრდა გამორთულია"},{"$i":"kai-set","$v":"მითითებული"},{"$i":"kai-options","$v":"ვარიანტები"},{"$i":"kai-select-all","$v":"ყველა"},{"$i":"kai-deselect-all","$v":"არცერთი"},{"$i":"kai-rotate","$v":"შეტრიალება"},{"$i":"kai-share","$v":"გაზიარება"},{"$i":"kai-settings","$v":"პარამეტრები"},{"$i":"kai-set-as","$v":"მითითებული"},{"$i":"set-as-wallpaper","$v":"დააყენე ფონად"},{"$i":"kai-wallpaper","$v":"ფონი"},{"$i":"kai-existing-contact-image","$v":"სურათი არსებული კონტაქტისთვის"},{"$i":"kai-zoom","$v":"მასშტაბი"},{"$i":"kai-zoom-in","$v":"მიახლოება"},{"$i":"kai-zoom-out","$v":"დაშორება"},{"$i":"kai-file-info","$v":"ფაილის ინფორმაცია"},{"$i":"kai-select-multiple","$v":"აირჩიეთ მრავალი"},{"$i":"kai-edit-title","$v":"გამოსახულების რედაქტირება"},{"$i":"kai-edit-exposure","$v":"ექსპოზიცია"},{"$i":"kai-edit-crop","$v":"ჩამოჭრა"},{"$i":"kai-edit-rotate","$v":"შეტრიალება"},{"$i":"kai-edit-filters","$v":"ფილტრები"},{"$i":"kai-edit-auto-correct","$v":"ავტომატური კორექცია"},{"$i":"edit-exposure","ariaLabel":"ექსპოზიცია"},{"$i":"edit-crop","ariaLabel":"ჩამოჭრა"},{"$i":"edit-rotate","ariaLabel":"შეტრიალება"},{"$i":"edit-filters","ariaLabel":"ფილტრები"},{"$i":"edit-auto-correct","ariaLabel":"ავტომატური კორექცია"},{"$i":"crop-none","ariaLabel":"ჩამოჭრის მოქმედების დაბრუნება"},{"$i":"crop-aspect-free","ariaLabel":"ნაგულისხმევი"},{"$i":"crop-aspect-portrait","ariaLabel":"2:3"},{"$i":"crop-aspect-landscape","ariaLabel":"3:2"},{"$i":"crop-aspect-square","ariaLabel":"1:1"},{"$i":"edit-filters-none","ariaLabel":"ფილტრი 1"},{"$i":"edit-filters-bw","ariaLabel":"ფილტრი 2"},{"$i":"edit-filters-sepia","ariaLabel":"ფილტრი 3"},{"$i":"edit-filters-bluesteel","ariaLabel":"ფილტრი 4"},{"$i":"edit-filters-faded","ariaLabel":"ფილტრი 5"},{"$i":"original","$v":"ორიგინალი"},{"$i":"blackandwhite","$v":{"$o":"B&W"}},{"$i":"sepia","$v":"სეპია"},{"$i":"freeform","$v":"თავისუფალი"},{"$i":"portrait","$v":"პორტრეტი"},{"$i":"landscape","$v":"პეიზაჟი"},{"$i":"square","$v":"კვადრატი"},{"$i":"emptygallery2-title","$v":"ფოტოები ან ვიდეოები არ არის"},{"$i":"emptygallery2-text","$v":"გალერეა ცარიელია. დასაწყებად გამოიყენეთ კამერა."},{"$i":"emptygallery2-title-pick","$v":"ფოტოები არ არის"},{"$i":"emptygallery-text-pick","$v":"ფოტოები ხელმისაწვდომი არ არის."},{"$i":"nocard3-title","$v":"მეხსიერების ბარათი არ არის"},{"$i":"nocard4-text","$v":"ამ აპის გამოსაყენებლად, ჩასვით მეხსიერების ბარათი."},{"$i":"pluggedin2-title","$v":"გამოყენებადი მეხსიერების ბარათი"},{"$i":"pluggedin2-text","$v":"მეხსიერება გამოყენების პროცესშია. ამ აპის გამოსაყენებლად, გთხოვთ, გათიშოთ ტელ."},{"$i":"scanning-title","$v":"სკანირება"},{"$i":"scanning-text","$v":"ფოტოების ძებნა..."},{"$i":"upgrade-title","$v":"მონაცემთა ბაზის განახლება"},{"$i":"upgrade-text","$v":"გთხოვთ, დაიცადოთ, სანამ გალერეა განაახლებს მონაც. ბაზას."},{"$i":"share-noprovider","$v":"ამ გამოსახულების ფაილის ტიპის გაზიარება შეუძლებელია."},{"$i":"memorycardfull","$v":"მეხსიერება სავსეა. ფოტოების რედაქტ. შეუძლებელია."},{"$i":"imagetoobig","$v":"გამოსახულება მეტისმეტად დიდია, რომ გამოჩნდეს ამ მოწყობილობაზე."},{"$i":"imageinvalid","$v":"გამოსახულება არასწორი ან დაზიანებულია და მისი ჩვენება შეუძლებელია."},{"$i":"saved","$v":[{"t":"idOrVar","v":"filename"}," დამახსოვრებულია გალერეაში"]},{"$i":"edit-copy-saved","$v":"ახალი ასლი შენახულია."},{"$i":"overlay-camera-button","$v":"კამერაში შესვლა"},{"$i":"name-label","$v":"სახელი"},{"$i":"size-label","$v":"ზომა"},{"$i":"image-type-label","$v":"გამოსახულების ტიპი"},{"$i":"kai-date-and-time-label","$v":"Თარიღი და დრო"},{"$i":"date-taken-label","$v":"თარიღი განხ."},{"$i":"resolution-label","$v":"გარჩევადობა"},{"$i":"close-button","$v":"დახურვა"},{"$i":"path-label","$v":"მდებარეობა"},{"$i":"sd-card","$v":"SD ბარათი"},{"$i":"internal","$v":"შიდა"},{"$i":"byteUnit-B","$v":"ბაიტები"},{"$i":"byteUnit-KB","$v":"კბ"},{"$i":"byteUnit-MB","$v":"მბ"},{"$i":"byteUnit-GB","$v":"გბ"},{"$i":"gallery","$v":"გალერეა"},{"$i":"preview","$v":"გადახედვა"},{"$i":"kai-confirmation","$v":"დადასტურება"},{"$i":"kai-delete-this-image","$v":"წავშალო ფოტო?"},{"$i":"kai-delete-selected-image","$v":"არჩეული ფოტო წაშლა?"},{"$i":"kai-delete-selected-images","$v":"არჩეული ფოტოების წაშლა?"},{"$i":"kai-sort-by","$v":"დალაგება"},{"$i":"kai-group-by-date-and-location","$v":"ჯგუფი თარიღის მიხედვით"},{"$i":"sort-and-group","$v":"დალაგება და დაჯგუფება"},{"$i":"time_am","$v":"AM"},{"$i":"time_pm","$v":"PM"},{"$i":"date-group-header","$v":"%B %Y"},{"$i":"videoDescriptionShort","$v":"ვიდეო დათარიღებულია %I:%M %p, %B %e, %Y"},{"$i":"imageDescriptionShort","$v":"გამოსახულების თარიღია %I:%M %p, %B %e, %Y"},{"$i":"editImagePreview","ariaLabel":"გამოსახულების გადათვალიერების რედაქტირება"},{"$i":"kai-pickoneimage","$v":"აირჩიეთ ფოტო"},{"$i":"discard-changes-warning","$v":"ყველა ცვლილება დაიკარგება. გსურთ ცვლილებების უარყოფა?"},{"$i":"save-changes-warning","$v":"ყველა ცვლილება გაუქმდება. Ცვლილებების შენახვა?"},{"$i":"discard","$v":"გაუქმება"},{"$i":"camera","$v":"კამერა"},{"$i":"phone-is-full-title","$v":"ტელეფონის მეხსიერება სავსეა"},{"$i":"sd-card-is-full-title","$v":"SD ბარათი სავსეა."},{"$i":"phone-is-full-content","$v":"სივრცის გასათავისუფლებლად წაშალეთ მედია ფაილები ან პროგ. მონაცემები. მედია მეხსიერების გასაფართოვებლად, ასევე შეგიძლიათ ჩასვათ SD ბარათი."},{"$i":"sd-card-is-full-content","$v":"სივრცის გასათავისუფლებლად, წაშალეთ ფაილები SD ბარათზე."},{"$i":"favorite","$v":"ფავორიტები"},{"$i":"add-favorite","$v":"ფავოტირებში დამატება"},{"$i":"remove-favorite","$v":"არასასურველი"},{"$i":"emptyfavorite-text","$v":"თქვენ არ გაქვთ საყვარელი ფოტოები."},{"$i":"donglePlay","$v":"დაკვრა"},{"$i":"softkey-options","$v":"ვარიანტები"},{"$i":"imageDescription","$v":[{"t":"idOrVar","v":"orientation"}," გამოსახულება, %I:%M %p, %B %e, %Y"]},{"$i":"imageDescriptionNoTimestamp","$v":[{"t":"idOrVar","v":"orientation"}," გამოსახულება"]},{"$i":"videoDescription","$v":[{"t":"idOrVar","v":"orientation"}," ვიდეო, %I:%M %p, %B %e, %Y"]},{"$i":"videoDescriptionNoTimestamp","$v":[{"t":"idOrVar","v":"orientation"}," ვიდეო"]},{"$i":"orientationPortrait","$v":"პორტრეტი"},{"$i":"orientationLandscape","$v":"პეიზაჟი"},{"$i":"playbackPlay","ariaLabel":"დაკვრა"},{"$i":"playbackPause","ariaLabel":"პაუზა"},{"$i":"playbackNext","ariaLabel":"შემდეგი"},{"$i":"playbackPrevious","ariaLabel":"წინა"},{"$i":"playbackFullscreen","ariaLabel":"სრული ეკრანი"},{"$i":"playbackSeekBar","ariaLabel":["ძიების ზოლი, ხანგრძლივობა ",{"t":"idOrVar","v":"duration"}]},{"$i":"weekday-0-long","$v":"კვირა"},{"$i":"weekday-1-long","$v":"ორშაბათი"},{"$i":"weekday-2-long","$v":"სამშაბათი"},{"$i":"weekday-3-long","$v":"ოთხშაბათი"},{"$i":"weekday-4-long","$v":"ხუთშაბათი"},{"$i":"weekday-5-long","$v":"პარასკევი"},{"$i":"weekday-6-long","$v":"შაბათი"},{"$i":"weekday-0-short","$v":"კვი"},{"$i":"weekday-1-short","$v":"ორშ"},{"$i":"weekday-2-short","$v":"სამ"},{"$i":"weekday-3-short","$v":"ოთხ"},{"$i":"weekday-4-short","$v":"ხუთ"},{"$i":"weekday-5-short","$v":"პარ"},{"$i":"weekday-6-short","$v":"შაბ"},{"$i":"month-0-long","$v":"იანვარი"},{"$i":"month-1-long","$v":"თებერვალი"},{"$i":"month-2-long","$v":"მარტი"},{"$i":"month-3-long","$v":"აპრილი"},{"$i":"month-4-long","$v":"მაისი"},{"$i":"month-5-long","$v":"ივნისი"},{"$i":"month-6-long","$v":"ივლისი"},{"$i":"month-7-long","$v":"აგვისტო"},{"$i":"month-8-long","$v":"სექტემბერი"},{"$i":"month-9-long","$v":"ოქტომბერი"},{"$i":"month-10-long","$v":"ნოემბერი"},{"$i":"month-11-long","$v":"დეკემბერი"},{"$i":"month-0-genitive","$v":"იანვარი"},{"$i":"month-1-genitive","$v":"თებერვალი"},{"$i":"month-2-genitive","$v":"მარტი"},{"$i":"month-3-genitive","$v":"აპრილი"},{"$i":"month-4-genitive","$v":"მაისი"},{"$i":"month-5-genitive","$v":"ივნისი"},{"$i":"month-6-genitive","$v":"ივლისი"},{"$i":"month-7-genitive","$v":"აგვისტო"},{"$i":"month-8-genitive","$v":"სექტემბერი"},{"$i":"month-9-genitive","$v":"ოქტომბერი"},{"$i":"month-10-genitive","$v":"ნოემბერი"},{"$i":"month-11-genitive","$v":"დეკემბერი"},{"$i":"month-0-short","$v":"იანვ"},{"$i":"month-1-short","$v":"თებ"},{"$i":"month-2-short","$v":"მარ"},{"$i":"month-3-short","$v":"აპრ"},{"$i":"month-4-short","$v":"მაისი"},{"$i":"month-5-short","$v":"ივნ"},{"$i":"month-6-short","$v":"ივლ"},{"$i":"month-7-short","$v":"აგვ"},{"$i":"month-8-short","$v":"სექ"},{"$i":"month-9-short","$v":"ოქტ"},{"$i":"month-10-short","$v":"ნოე"},{"$i":"month-11-short","$v":"დეკ"},{"$i":"minutes-ago-long","$v":{"few":[{"t":"idOrVar","v":"value"}," წუთის წინ"],"many":[{"t":"idOrVar","v":"value"}," წუთის წინ"],"other":[{"t":"idOrVar","v":"value"}," წუთის წინ"],"two":[{"t":"idOrVar","v":"value"}," წუთის წინ"],"one":"ერთი წუთის წინ","zero":"ეს-ეს არის"},"$x":[{"t":"idOrVar","v":"plural"},"value"]},{"$i":"hours-ago-long","$v":{"few":[{"t":"idOrVar","v":"value"}," საათის წინ"],"many":[{"t":"idOrVar","v":"value"}," საათის წინ"],"other":[{"t":"idOrVar","v":"value"}," საათის წინ"],"two":[{"t":"idOrVar","v":"value"}," საათის წინ"],"one":"1 საათის წინ","zero":"ეს-ეს არის"},"$x":[{"t":"idOrVar","v":"plural"},"value"]},{"$i":"days-ago-long","$v":{"few":[{"t":"idOrVar","v":"value"}," დღის წინ"],"many":[{"t":"idOrVar","v":"value"}," დღის წინ"],"one":"გუშინ","other":[{"t":"idOrVar","v":"value"}," დღის წინ"],"two":[{"t":"idOrVar","v":"value"}," დღის წინ"],"zero":"დღეს"},"$x":[{"t":"idOrVar","v":"plural"},"value"]},{"$i":"weeks-ago-long","$v":{"few":[{"t":"idOrVar","v":"value"}," კვირის წინ"],"many":[{"t":"idOrVar","v":"value"}," კვირის წინ"],"one":"გასული კვირა","other":[{"t":"idOrVar","v":"value"}," კვირის წინ"],"two":[{"t":"idOrVar","v":"value"}," კვირის წინ"],"zero":"ეს კვირა"},"$x":[{"t":"idOrVar","v":"plural"},"value"]},{"$i":"months-ago-long","$v":{"few":[{"t":"idOrVar","v":"value"}," თვის წინ"],"many":[{"t":"idOrVar","v":"value"}," თვის წინ"],"one":"გასული თვე","other":[{"t":"idOrVar","v":"value"}," თვის წინ"],"two":[{"t":"idOrVar","v":"value"}," თვის წინ"],"zero":"ეს თვე"},"$x":[{"t":"idOrVar","v":"plural"},"value"]},{"$i":"years-ago-long","$v":{"few":[{"t":"idOrVar","v":"value"}," წლის წინ"],"many":[{"t":"idOrVar","v":"value"}," წლის წინ"],"one":"გასული წელი","other":[{"t":"idOrVar","v":"value"}," წლის წინ"],"two":[{"t":"idOrVar","v":"value"}," წლის წინ"],"zero":"ეს წელი"},"$x":[{"t":"idOrVar","v":"plural"},"value"]},{"$i":"minutes-until-long","$v":{"few":[{"t":"idOrVar","v":"value"}," წუთში"],"many":[{"t":"idOrVar","v":"value"}," წუთში"],"other":[{"t":"idOrVar","v":"value"}," წუთში"],"two":[{"t":"idOrVar","v":"value"}," წუთში"],"zero":"ახლა","one":"1 წუთში"},"$x":[{"t":"idOrVar","v":"plural"},"value"]},{"$i":"hours-until-long","$v":{"few":[{"t":"idOrVar","v":"value"}," საათში"],"many":[{"t":"idOrVar","v":"value"}," საათში"],"other":[{"t":"idOrVar","v":"value"}," საათში"],"two":[{"t":"idOrVar","v":"value"}," საათში"],"zero":"ახლა","one":"1 საათში"},"$x":[{"t":"idOrVar","v":"plural"},"value"]},{"$i":"days-until-long","$v":{"few":[{"t":"idOrVar","v":"value"}," დღეში"],"many":[{"t":"idOrVar","v":"value"}," დღეში"],"one":"ხვალ","other":[{"t":"idOrVar","v":"value"}," დღეში"],"two":[{"t":"idOrVar","v":"value"}," დღეში"],"zero":"დღეს"},"$x":[{"t":"idOrVar","v":"plural"},"value"]},{"$i":"weeks-until-long","$v":{"few":[{"t":"idOrVar","v":"value"}," კვირაში"],"many":[{"t":"idOrVar","v":"value"}," კვირაში"],"one":"მომდევნო კვირა","other":[{"t":"idOrVar","v":"value"}," კვირაში"],"two":[{"t":"idOrVar","v":"value"}," კვირაში"],"zero":"ეს კვირა"},"$x":[{"t":"idOrVar","v":"plural"},"value"]},{"$i":"months-until-long","$v":{"few":[{"t":"idOrVar","v":"value"}," თვეში"],"many":[{"t":"idOrVar","v":"value"}," თვეში"],"one":"მომდევნო თვე","other":[{"t":"idOrVar","v":"value"}," თვეში"],"two":[{"t":"idOrVar","v":"value"}," თვეში"],"zero":"ეს თვე"},"$x":[{"t":"idOrVar","v":"plural"},"value"]},{"$i":"years-until-long","$v":{"few":[{"t":"idOrVar","v":"value"}," წელში"],"many":[{"t":"idOrVar","v":"value"}," წელში"],"one":"მომდევნო წელი","other":[{"t":"idOrVar","v":"value"}," წელში"],"two":[{"t":"idOrVar","v":"value"}," წელში"],"zero":"ეს წელი"},"$x":[{"t":"idOrVar","v":"plural"},"value"]},{"$i":"minutes-ago-short","$v":{"other":[{"t":"idOrVar","v":"value"},"თ წინ"],"zero":"ეს-ეს არის"},"$x":[{"t":"idOrVar","v":"plural"},"value"]},{"$i":"hours-ago-short","$v":{"other":[{"t":"idOrVar","v":"value"},"სთ წინ"],"zero":"ეს-ეს არის"},"$x":[{"t":"idOrVar","v":"plural"},"value"]},{"$i":"days-ago-short","$v":{"other":[{"t":"idOrVar","v":"value"},"დ წინ"],"zero":"დღეს"},"$x":[{"t":"idOrVar","v":"plural"},"value"]},{"$i":"minutes-until-short","$v":{"other":[{"t":"idOrVar","v":"value"},"წთ-ში"],"zero":"ახლა"},"$x":[{"t":"idOrVar","v":"plural"},"value"]},{"$i":"hours-until-short","$v":{"other":[{"t":"idOrVar","v":"value"},"სთ-ში"],"zero":"ახლა"},"$x":[{"t":"idOrVar","v":"plural"},"value"]},{"$i":"days-until-short","$v":{"other":[{"t":"idOrVar","v":"value"},"დღ-ში"],"zero":"დღეს"},"$x":[{"t":"idOrVar","v":"plural"},"value"]},{"$i":"incorrectDate","$v":"(არასწორი თარიღი)"},{"$i":"dateTimeFormat_%c","$v":"%a %b %e %Y %I:%M:%S %p"},{"$i":"dateTimeFormat_%x","$v":"%m/%d/%Y"},{"$i":"dateTimeFormat_%X","$v":"%I:%M:%S %p"},{"$i":"shortTimeFormat","$v":"%I:%M %p"},{"$i":"shortTimeFormat12","$v":"%I:%M %p"},{"$i":"shortTimeFormat24","$v":"%H:%M"},{"$i":"shortDateTimeFormat","$v":"%x %I:%M %p"},{"$i":"weekStartsOnMonday","$v":"0.0"},{"$i":"firstDayOfTheWeek","$v":"1.0"}]