[{"$i":"select","$v":"Atlasīt"},{"$i":"deselect","$v":"Noņemt izvēli"},{"$i":"kai-select","$v":"Izvēlēties"},{"$i":"invalid-image","$v":"Nederīgs attēls"},{"$i":"image-too-big","$v":"Attēla faila izmērs ir pārāk liels, lai to rādītu galerijā"},{"$i":"image-invalid","$v":"Nevar parādīt attēlu, jo tas nav derīgs vai ir bojāts."},{"$i":"kai-selected-items-count","$v":["Atlasīti ",{"t":"idOrVar","v":"n"}]},{"$i":"delete-photo?","$v":"Vai dzēst fototattēlu?"},{"$i":"delete-video?","$v":"Vai dzēst videoklipu?"},{"$i":"deleting","$v":"Notiek dzēšana…"},{"$i":"delete-n-items?","$v":{"few":["Vai dzēst ",{"t":"idOrVar","v":"n"}," vienumus?"],"many":["Vai dzēst ",{"t":"idOrVar","v":"n"}," vienumus?"],"one":"Vai dzēst izvēlēto vienumu?","other":["Vai dzēst ",{"t":"idOrVar","v":"n"}," vienumus?"],"two":["Vai dzēst ",{"t":"idOrVar","v":"n"}," vienumus?"],"zero":"Nekas nav atlasīts"},"$x":[{"t":"idOrVar","v":"plural"},"n"]},{"$i":"kai-contact-set-ok","$v":"Pievienots kontaktpersonas attēls."},{"$i":"kai-contact-set-fail","$v":"Neizdevās iestatīt kontakta attēlu."},{"$i":"kai-changes-saved","$v":"Izmaiņas saglabātas."},{"$i":"wallpaper-set","$v":"Fona tapete iestatīta."},{"$i":"kai-single-image-deleted","$v":"Fotoattēls ir izdzēsts."},{"$i":"kai-deleted-n-photos","$v":{"one":[{"t":"idOrVar","v":"n"}," fotoattēls ir dzēsts"],"other":[{"t":"idOrVar","v":"n"}," fotoattēli ir dzēsti"]},"$x":[{"t":"idOrVar","v":"plural"},"n"]},{"$i":"kai-some-photos-not-share","$v":"Dažus fotoattēlus nevar kopīgot"},{"$i":"pickoneimage2","$v":"Atlasīt"},{"$i":"cropimage","$v":"Apgriezt"},{"$i":"kai-on","$v":"Ieslēgts"},{"$i":"kai-off","$v":"Izslēgts"},{"$i":"cancel","$v":"Atcelt"},{"$i":"delete","$v":"Dzēst"},{"$i":"ok","$v":"LABI"},{"$i":"edit","$v":"Rediģēt"},{"$i":"revert","$v":"Atjaunot"},{"$i":"save","$v":"Saglabāt"},{"$i":"done","$v":"Gatavs"},{"$i":"exposure","$v":"Ekspozīcija"},{"$i":"crop","$v":"Apgriezt"},{"$i":"effects","$v":"Efekti"},{"$i":"borders","$v":"Malas"},{"$i":"enhance-on","$v":"Automātiska uzlabošana ieslēgta"},{"$i":"enhance-off","$v":"Automātiska uzlabošana izslēgta"},{"$i":"kai-set","$v":"Komplekts"},{"$i":"kai-options","$v":"Iespējas"},{"$i":"kai-select-all","$v":"Visi"},{"$i":"kai-deselect-all","$v":"Nav"},{"$i":"kai-rotate","$v":"Pagriezt"},{"$i":"kai-share","$v":"Kopīgot"},{"$i":"kai-settings","$v":"Uzstādījumi"},{"$i":"kai-set-as","$v":"Iestatīt kā"},{"$i":"set-as-wallpaper","$v":"Uzstādīt kā fona attēlu"},{"$i":"kai-wallpaper","$v":"Fona attēls"},{"$i":"kai-existing-contact-image","$v":"Esošās kontaktpersonas attēls"},{"$i":"kai-zoom","$v":"Tālummaiņa"},{"$i":"kai-zoom-in","$v":"Tuvināt"},{"$i":"kai-zoom-out","$v":"Tālināt"},{"$i":"kai-file-info","$v":"Faila informācija"},{"$i":"kai-select-multiple","$v":"Atlasīt vairākus"},{"$i":"kai-edit-title","$v":"Rediģēt attēlu"},{"$i":"kai-edit-exposure","$v":"Ekspozīcija"},{"$i":"kai-edit-crop","$v":"Apgriezt"},{"$i":"kai-edit-rotate","$v":"Pagriezt"},{"$i":"kai-edit-filters","$v":"Filtri"},{"$i":"kai-edit-auto-correct","$v":"Automātiska labošana"},{"$i":"edit-exposure","ariaLabel":"Ekspozīcija"},{"$i":"edit-crop","ariaLabel":"Apgriezt"},{"$i":"edit-rotate","ariaLabel":"Pagriezt"},{"$i":"edit-filters","ariaLabel":"Filtri"},{"$i":"edit-auto-correct","ariaLabel":"Automātiska labošana"},{"$i":"crop-none","ariaLabel":"Atsaukt apgriešanu"},{"$i":"crop-aspect-free","ariaLabel":"Noklusējums"},{"$i":"crop-aspect-portrait","ariaLabel":"2:3"},{"$i":"crop-aspect-landscape","ariaLabel":"3:2"},{"$i":"crop-aspect-square","ariaLabel":"1:1"},{"$i":"edit-filters-none","ariaLabel":"1. filtrs"},{"$i":"edit-filters-bw","ariaLabel":"2. filtrs"},{"$i":"edit-filters-sepia","ariaLabel":"3. filtrs"},{"$i":"edit-filters-bluesteel","ariaLabel":"4. filtrs"},{"$i":"edit-filters-faded","ariaLabel":"5. filtrs"},{"$i":"original","$v":"Oriģināls"},{"$i":"blackandwhite","$v":"Melnbalts"},{"$i":"sepia","$v":"Sēpija"},{"$i":"freeform","$v":"Brīvforma"},{"$i":"portrait","$v":"Portrets"},{"$i":"landscape","$v":"Ainava"},{"$i":"square","$v":"Kvadrāts"},{"$i":"emptygallery2-title","$v":"Nav neviena fotoattēla vai videoklipa"},{"$i":"emptygallery2-text","$v":"Galerija ir tukša. Lai sāktu darbu, izmantojiet kameru."},{"$i":"emptygallery2-title-pick","$v":"Nav neviena fotoattēla"},{"$i":"emptygallery-text-pick","$v":"Nav pieejams neviens fotoattēls."},{"$i":"nocard3-title","$v":"Nav ievietota atmiņas karte"},{"$i":"nocard4-text","$v":"Ievietojiet atmiņas karti, lai izmantotu šo programmu."},{"$i":"pluggedin2-title","$v":"Atmiņas karte tiek izmantota"},{"$i":"pluggedin2-text","$v":"Krātuve tiek izmantota. Atvienojiet tālr., lai izmantotu šo progr."},{"$i":"scanning-title","$v":"Pārbaude"},{"$i":"scanning-text","$v":"Notiek fotoattēlu skenēšana..."},{"$i":"upgrade-title","$v":"Datu bāzes jaunināšana"},{"$i":"upgrade-text","$v":"Uzgaidiet, līdz sadaļā Galerija atjaunina datubāzi."},{"$i":"share-noprovider","$v":"Nevar kopīgot šī attēla faila veidu."},{"$i":"memorycardfull","$v":"Krātuve pilna. Nevar rediģēt foto."},{"$i":"imagetoobig","$v":"Attēls ir pārāk liels, lai to attēlotu šajā ierīcē."},{"$i":"imageinvalid","$v":"Attēls nav derīgs vai bojāts, un to nevar attēlot."},{"$i":"saved","$v":[{"t":"idOrVar","v":"filename"}," Ir saglabāts galerijā"]},{"$i":"edit-copy-saved","$v":"Jauna kopija saglabāta."},{"$i":"overlay-camera-button","$v":"Doties uz kameru"},{"$i":"name-label","$v":"Nosaukums"},{"$i":"size-label","$v":"Lielums"},{"$i":"image-type-label","$v":"Attēla veids"},{"$i":"kai-date-and-time-label","$v":"Datums un laiks"},{"$i":"date-taken-label","$v":"Datums"},{"$i":"resolution-label","$v":"Izšķirtspēja"},{"$i":"close-button","$v":"Aizvērt"},{"$i":"path-label","$v":"Ceļš"},{"$i":"sd-card","$v":"SD kartē"},{"$i":"internal","$v":"Iekšējā"},{"$i":"byteUnit-B","$v":"Baiti"},{"$i":"byteUnit-KB","$v":"KB"},{"$i":"byteUnit-MB","$v":"MB"},{"$i":"byteUnit-GB","$v":"GB"},{"$i":"gallery","$v":"Galerija"},{"$i":"preview","$v":"Priekšskatījums"},{"$i":"kai-confirmation","$v":"Apstiprinājums"},{"$i":"kai-delete-this-image","$v":"Vai dzēst fototattēlu?"},{"$i":"kai-delete-selected-image","$v":"Vai izdzēst atlasīto fotoattēlu?"},{"$i":"kai-delete-selected-images","$v":"Vai izdzēst atlasītos fotoattēlus?"},{"$i":"kai-sort-by","$v":"Kārtot pēc"},{"$i":"kai-group-by-date-and-location","$v":"Grupēt pēc datuma"},{"$i":"sort-and-group","$v":"Kārtot un grupēt"},{"$i":"time_am","$v":"no rīta"},{"$i":"time_pm","$v":"Pēc plkst."},{"$i":"date-group-header","$v":"%B %Y"},{"$i":"videoDescriptionShort","$v":"Videoklipa laiks %I:%M %p, %B %e, %Y"},{"$i":"imageDescriptionShort","$v":"Attēla laiks: %I:%M %p, %B %e, %Y"},{"$i":"editImagePreview","ariaLabel":"Rediģēt attēla priekšskatījumu"},{"$i":"kai-pickoneimage","$v":"Atlasiet A Photo"},{"$i":"discard-changes-warning","$v":"Visas izmaiņas tiks zaudētas. Vai vēlaties atmest izmaiņas?"},{"$i":"save-changes-warning","$v":"Visas izmaiņas tiks atceltas. Saglabāt izmaiņas?"},{"$i":"discard","$v":"Atmest"},{"$i":"camera","$v":"Kamera"},{"$i":"phone-is-full-title","$v":"Tālruņa krātuve ir pilna"},{"$i":"sd-card-is-full-title","$v":"SD karte ir pilna."},{"$i":"phone-is-full-content","$v":"Dzēsiet multivides failus vai programmu datus, lai atbrīvotu vietu. Varat arī ievietot SD karti, lai palielinātu multivides atmiņu."},{"$i":"sd-card-is-full-content","$v":"Dzēsiet failus SD kartē, lai atbrīvotu vietu."},{"$i":"favorite","$v":"Izlase"},{"$i":"add-favorite","$v":"Pievienot izlasei"},{"$i":"remove-favorite","$v":"Noņemt no izlases"},{"$i":"emptyfavorite-text","$v":"Jums nav neviena iecienīta fotoattēla."},{"$i":"donglePlay","$v":"Atskaņot"},{"$i":"softkey-options","$v":"Iespējas"},{"$i":"imageDescription","$v":[{"t":"idOrVar","v":"orientation"}," attēls %I : %M%p , %B%e , %Y"]},{"$i":"imageDescriptionNoTimestamp","$v":[{"t":"idOrVar","v":"orientation"}," attēls"]},{"$i":"videoDescription","$v":[{"t":"idOrVar","v":"orientation"}," video, %I : %M%p , %B%e , %Y"]},{"$i":"videoDescriptionNoTimestamp","$v":[{"t":"idOrVar","v":"orientation"}," video"]},{"$i":"orientationPortrait","$v":"portrets"},{"$i":"orientationLandscape","$v":"ainava"},{"$i":"playbackPlay","ariaLabel":"Atskaņot"},{"$i":"playbackPause","ariaLabel":"Pauze"},{"$i":"playbackNext","ariaLabel":"Tālāk"},{"$i":"playbackPrevious","ariaLabel":"Atpakaļ"},{"$i":"playbackFullscreen","ariaLabel":"Pilnekrāns"},{"$i":"playbackSeekBar","ariaLabel":["Mekl. josla, ilgums: ",{"t":"idOrVar","v":"duration"}]},{"$i":"weekday-0-long","$v":"Svētdiena"},{"$i":"weekday-1-long","$v":"Pirmdiena"},{"$i":"weekday-2-long","$v":"Otrdiena"},{"$i":"weekday-3-long","$v":"Trešdiens"},{"$i":"weekday-4-long","$v":"Ceturtdiena"},{"$i":"weekday-5-long","$v":"Piektdiena"},{"$i":"weekday-6-long","$v":"Sestdiena"},{"$i":"weekday-0-short","$v":"Sv"},{"$i":"weekday-1-short","$v":"P"},{"$i":"weekday-2-short","$v":"O"},{"$i":"weekday-3-short","$v":"T"},{"$i":"weekday-4-short","$v":"C"},{"$i":"weekday-5-short","$v":"Pk"},{"$i":"weekday-6-short","$v":"S"},{"$i":"month-0-long","$v":"Janvāris"},{"$i":"month-1-long","$v":"Februāris"},{"$i":"month-2-long","$v":"Marts"},{"$i":"month-3-long","$v":"Aprīlis"},{"$i":"month-4-long","$v":"Maijs"},{"$i":"month-5-long","$v":"Jūnijs"},{"$i":"month-6-long","$v":"Jūlijs"},{"$i":"month-7-long","$v":"Augusts"},{"$i":"month-8-long","$v":"Septembris"},{"$i":"month-9-long","$v":"Oktobris"},{"$i":"month-10-long","$v":"Novembris"},{"$i":"month-11-long","$v":"Decembris"},{"$i":"month-0-genitive","$v":"Janvāris"},{"$i":"month-1-genitive","$v":"Februāris"},{"$i":"month-2-genitive","$v":"Marts"},{"$i":"month-3-genitive","$v":"Aprīlis"},{"$i":"month-4-genitive","$v":"Maijs"},{"$i":"month-5-genitive","$v":"Jūnijs"},{"$i":"month-6-genitive","$v":"Jūlijs"},{"$i":"month-7-genitive","$v":"Augusts"},{"$i":"month-8-genitive","$v":"Septembris"},{"$i":"month-9-genitive","$v":"Oktobris"},{"$i":"month-10-genitive","$v":"Novembris"},{"$i":"month-11-genitive","$v":"Decembris"},{"$i":"month-0-short","$v":"Jan."},{"$i":"month-1-short","$v":"Febr."},{"$i":"month-2-short","$v":"Marts"},{"$i":"month-3-short","$v":"Apr."},{"$i":"month-4-short","$v":"Maijs"},{"$i":"month-5-short","$v":"Jūn."},{"$i":"month-6-short","$v":"Jūl."},{"$i":"month-7-short","$v":"Aug."},{"$i":"month-8-short","$v":"Sept."},{"$i":"month-9-short","$v":"Okt."},{"$i":"month-10-short","$v":"Nov."},{"$i":"month-11-short","$v":"Dec."},{"$i":"minutes-ago-long","$v":{"few":["Pirms ",{"t":"idOrVar","v":"value"}," minūtēm"],"many":["Pirms ",{"t":"idOrVar","v":"value"}," minūtēm"],"other":["Pirms ",{"t":"idOrVar","v":"value"}," minūtēm"],"two":["Pirms ",{"t":"idOrVar","v":"value"}," minūtēm"],"one":"pirms minūtes","zero":"tikko"},"$x":[{"t":"idOrVar","v":"plural"},"value"]},{"$i":"hours-ago-long","$v":{"few":["Pirms ",{"t":"idOrVar","v":"value"}," stundām"],"many":["Pirms ",{"t":"idOrVar","v":"value"}," stundām"],"other":["Pirms ",{"t":"idOrVar","v":"value"}," stundām"],"two":["Pirms ",{"t":"idOrVar","v":"value"}," stundām"],"one":"1 stunda","zero":"tikko"},"$x":[{"t":"idOrVar","v":"plural"},"value"]},{"$i":"days-ago-long","$v":{"few":["Pirms ",{"t":"idOrVar","v":"value"}," dienām"],"many":["Pirms ",{"t":"idOrVar","v":"value"}," dienām"],"one":"vakar","other":["Pirms ",{"t":"idOrVar","v":"value"}," dienām"],"two":["Pirms ",{"t":"idOrVar","v":"value"}," dienām"],"zero":"šodien"},"$x":[{"t":"idOrVar","v":"plural"},"value"]},{"$i":"weeks-ago-long","$v":{"few":["Pirms ",{"t":"idOrVar","v":"value"}," nedēļām"],"many":["Pirms ",{"t":"idOrVar","v":"value"}," nedēļām"],"one":"pagājušajā nedēļā","other":["Pirms ",{"t":"idOrVar","v":"value"}," nedēļām"],"two":["Pirms ",{"t":"idOrVar","v":"value"}," nedēļām"],"zero":"šonedēļ"},"$x":[{"t":"idOrVar","v":"plural"},"value"]},{"$i":"months-ago-long","$v":{"few":["Pirms ",{"t":"idOrVar","v":"value"}," mēnešiem"],"many":["Pirms ",{"t":"idOrVar","v":"value"}," mēnešiem"],"one":"pagājušajā mēnesī","other":["Pirms ",{"t":"idOrVar","v":"value"}," mēnešiem"],"two":["Pirms ",{"t":"idOrVar","v":"value"}," mēnešiem"],"zero":"šomēnes"},"$x":[{"t":"idOrVar","v":"plural"},"value"]},{"$i":"years-ago-long","$v":{"few":["Pirms ",{"t":"idOrVar","v":"value"}," gadiem"],"many":["Pirms ",{"t":"idOrVar","v":"value"}," gadiem"],"one":"pagājušajā gadā","other":["Pirms ",{"t":"idOrVar","v":"value"}," gadiem"],"two":["Pirms ",{"t":"idOrVar","v":"value"}," gadiem"],"zero":"šogad"},"$x":[{"t":"idOrVar","v":"plural"},"value"]},{"$i":"minutes-until-long","$v":{"few":[{"t":"idOrVar","v":"value"}," minūtēs"],"many":[{"t":"idOrVar","v":"value"}," minūtēs"],"other":[{"t":"idOrVar","v":"value"}," minūtēs"],"two":[{"t":"idOrVar","v":"value"}," minūtēs"],"zero":"tūlīt","one":"pēc 1 minūtes"},"$x":[{"t":"idOrVar","v":"plural"},"value"]},{"$i":"hours-until-long","$v":{"few":[{"t":"idOrVar","v":"value"}," stundās"],"many":[{"t":"idOrVar","v":"value"}," stundās"],"other":[{"t":"idOrVar","v":"value"}," stundās"],"two":[{"t":"idOrVar","v":"value"}," stundās"],"zero":"tūlīt","one":"pēc 1 stundas"},"$x":[{"t":"idOrVar","v":"plural"},"value"]},{"$i":"days-until-long","$v":{"few":[{"t":"idOrVar","v":"value"}," dienās"],"many":[{"t":"idOrVar","v":"value"}," dienās"],"one":"rīt","other":[{"t":"idOrVar","v":"value"}," dienās"],"two":[{"t":"idOrVar","v":"value"}," dienās"],"zero":"šodien"},"$x":[{"t":"idOrVar","v":"plural"},"value"]},{"$i":"weeks-until-long","$v":{"few":[{"t":"idOrVar","v":"value"}," nedēļās"],"many":[{"t":"idOrVar","v":"value"}," nedēļās"],"one":"nākamā nedēļa","other":[{"t":"idOrVar","v":"value"}," nedēļās"],"two":[{"t":"idOrVar","v":"value"}," nedēļās"],"zero":"šonedēļ"},"$x":[{"t":"idOrVar","v":"plural"},"value"]},{"$i":"months-until-long","$v":{"few":[{"t":"idOrVar","v":"value"}," mēnešos"],"many":[{"t":"idOrVar","v":"value"}," mēnešos"],"one":"nākamais mēnesis","other":[{"t":"idOrVar","v":"value"}," mēnešos"],"two":[{"t":"idOrVar","v":"value"}," mēnešos"],"zero":"šomēnes"},"$x":[{"t":"idOrVar","v":"plural"},"value"]},{"$i":"years-until-long","$v":{"few":[{"t":"idOrVar","v":"value"}," gados"],"many":[{"t":"idOrVar","v":"value"}," gados"],"one":"nākamais gads","other":[{"t":"idOrVar","v":"value"}," gados"],"two":[{"t":"idOrVar","v":"value"}," gados"],"zero":"šogad"},"$x":[{"t":"idOrVar","v":"plural"},"value"]},{"$i":"minutes-ago-short","$v":{"other":["Pirms ",{"t":"idOrVar","v":"value"}," min."],"zero":"tikko"},"$x":[{"t":"idOrVar","v":"plural"},"value"]},{"$i":"hours-ago-short","$v":{"other":["Pirms ",{"t":"idOrVar","v":"value"}," stundām"],"zero":"tikko"},"$x":[{"t":"idOrVar","v":"plural"},"value"]},{"$i":"days-ago-short","$v":{"other":["Pirms ",{"t":"idOrVar","v":"value"}," d."],"zero":"šodien"},"$x":[{"t":"idOrVar","v":"plural"},"value"]},{"$i":"minutes-until-short","$v":{"other":[{"t":"idOrVar","v":"value"}," min."],"zero":"tūlīt"},"$x":[{"t":"idOrVar","v":"plural"},"value"]},{"$i":"hours-until-short","$v":{"other":[{"t":"idOrVar","v":"value"}," st."],"zero":"tūlīt"},"$x":[{"t":"idOrVar","v":"plural"},"value"]},{"$i":"days-until-short","$v":{"other":[{"t":"idOrVar","v":"value"}," dienās"],"zero":"šodien"},"$x":[{"t":"idOrVar","v":"plural"},"value"]},{"$i":"incorrectDate","$v":"(nepareizs datums)"},{"$i":"dateTimeFormat_%c","$v":"%a %b %e %Y %I:%M:%S %p"},{"$i":"dateTimeFormat_%x","$v":"%m/%d/%Y"},{"$i":"dateTimeFormat_%X","$v":"%I:%M (%p)"},{"$i":"shortTimeFormat","$v":"%I:%M %p"},{"$i":"shortTimeFormat12","$v":"%I:%M %p"},{"$i":"shortTimeFormat24","$v":"%H:%M"},{"$i":"shortDateTimeFormat","$v":"%x %I:%M %p"},{"$i":"weekStartsOnMonday","$v":"0.0"},{"$i":"firstDayOfTheWeek","$v":"1.0"}]