[{"$i":"select","$v":"Избор"},{"$i":"deselect","$v":"Пон.ги избр."},{"$i":"kai-select","$v":"Одбери"},{"$i":"invalid-image","$v":"Невалидна слика"},{"$i":"image-too-big","$v":"Голем. на сликата е преголема за да се покаже во галеријата"},{"$i":"image-invalid","$v":"Не може да се прикаже слика затоа што е невалидна или скршена."},{"$i":"kai-selected-items-count","$v":[{"t":"idOrVar","v":"n"}," избрано"]},{"$i":"delete-photo?","$v":"Избриши слика?"},{"$i":"delete-video?","$v":"Избриши видео?"},{"$i":"deleting","$v":"Бришење…"},{"$i":"delete-n-items?","$v":{"few":["Избриши ",{"t":"idOrVar","v":"n"}," објекти?"],"many":["Избриши ",{"t":"idOrVar","v":"n"}," објекти?"],"one":"Избриши го избраниот објект?","other":["Избриши ",{"t":"idOrVar","v":"n"}," објекти?"],"two":["Избриши ",{"t":"idOrVar","v":"n"}," објекти?"],"zero":"Ништо не е избрано"},"$x":[{"t":"idOrVar","v":"plural"},"n"]},{"$i":"kai-contact-set-ok","$v":"Додадена е слика за контакт."},{"$i":"kai-contact-set-fail","$v":"Не успеа да ја поставите сликата за контакт."},{"$i":"kai-changes-saved","$v":"Промените се зачувани."},{"$i":"wallpaper-set","$v":"Тапетот е поставен."},{"$i":"kai-single-image-deleted","$v":"Фотографијата е избришана"},{"$i":"kai-deleted-n-photos","$v":{"one":[{"t":"idOrVar","v":"n"}," фотографија е избришана"],"other":[{"t":"idOrVar","v":"n"}," фотографии се избришани"]},"$x":[{"t":"idOrVar","v":"plural"},"n"]},{"$i":"kai-some-photos-not-share","$v":"Не може да се споделат некои фотографии"},{"$i":"pickoneimage2","$v":"Избор"},{"$i":"cropimage","$v":"Исечи"},{"$i":"kai-on","$v":"Вклучено"},{"$i":"kai-off","$v":"Исклучено"},{"$i":"cancel","$v":"Откажи"},{"$i":"delete","$v":"Избриши"},{"$i":"ok","$v":"ОК"},{"$i":"edit","$v":"Уредување"},{"$i":"revert","$v":"Враќање"},{"$i":"save","$v":"Зачувај"},{"$i":"done","$v":"Готово"},{"$i":"exposure","$v":"Откривање"},{"$i":"crop","$v":"Исечи"},{"$i":"effects","$v":"Ефекти"},{"$i":"borders","$v":"Граници"},{"$i":"enhance-on","$v":"Авто. подобрување е вкл."},{"$i":"enhance-off","$v":"Авто.подобрување е искл."},{"$i":"kai-set","$v":"Постави"},{"$i":"kai-options","$v":"Опции"},{"$i":"kai-select-all","$v":"Сите"},{"$i":"kai-deselect-all","$v":"Ништо"},{"$i":"kai-rotate","$v":"Ротирај"},{"$i":"kai-share","$v":"Сподели"},{"$i":"kai-settings","$v":"Параметри"},{"$i":"kai-set-as","$v":"Поставени како"},{"$i":"set-as-wallpaper","$v":"Пост. како тапет"},{"$i":"kai-wallpaper","$v":"Тапет"},{"$i":"kai-existing-contact-image","$v":"Слика за постоечки контакт"},{"$i":"kai-zoom","$v":"Зумирај"},{"$i":"kai-zoom-in","$v":"Приближи/зголеми"},{"$i":"kai-zoom-out","$v":"Оддалечи/намали"},{"$i":"kai-file-info","$v":"Инфо за датотеката"},{"$i":"kai-select-multiple","$v":"Изберете неколку"},{"$i":"kai-edit-title","$v":"Уреди слика"},{"$i":"kai-edit-exposure","$v":"Откривање"},{"$i":"kai-edit-crop","$v":"Исечи"},{"$i":"kai-edit-rotate","$v":"Ротирај"},{"$i":"kai-edit-filters","$v":"Филтри"},{"$i":"kai-edit-auto-correct","$v":"Авто. поправка"},{"$i":"edit-exposure","ariaLabel":"Откривање"},{"$i":"edit-crop","ariaLabel":"Исечи"},{"$i":"edit-rotate","ariaLabel":"Ротирај"},{"$i":"edit-filters","ariaLabel":"Филтри"},{"$i":"edit-auto-correct","ariaLabel":"Авто. поправка"},{"$i":"crop-none","ariaLabel":"Отповикување на сечењето"},{"$i":"crop-aspect-free","ariaLabel":"Стандардно"},{"$i":"crop-aspect-portrait","ariaLabel":"2:3"},{"$i":"crop-aspect-landscape","ariaLabel":"3:2"},{"$i":"crop-aspect-square","ariaLabel":"1:1"},{"$i":"edit-filters-none","ariaLabel":"Филтер 1"},{"$i":"edit-filters-bw","ariaLabel":"Филтер 2"},{"$i":"edit-filters-sepia","ariaLabel":"Филтер 3"},{"$i":"edit-filters-bluesteel","ariaLabel":"Филтер 4"},{"$i":"edit-filters-faded","ariaLabel":"Филтер 5"},{"$i":"original","$v":"Оригинал"},{"$i":"blackandwhite","$v":"Црно и бело"},{"$i":"sepia","$v":"Сепија"},{"$i":"freeform","$v":"Слободна форма"},{"$i":"portrait","$v":"Портрет"},{"$i":"landscape","$v":"Пејзаж"},{"$i":"square","$v":"Квадрат"},{"$i":"emptygallery2-title","$v":"Нема слики или видеа"},{"$i":"emptygallery2-text","$v":"Галеријата е празна. Користете ја камерата за да започнете."},{"$i":"emptygallery2-title-pick","$v":"Нема слики"},{"$i":"emptygallery-text-pick","$v":"Нема достапни слики."},{"$i":"nocard3-title","$v":"Нема мемориска картичка"},{"$i":"nocard4-text","$v":"Вметнете мемориска карт. за да ја користите оваа аплик."},{"$i":"pluggedin2-title","$v":"Мемор. карт. е во употреба"},{"$i":"pluggedin2-text","$v":"Скл. се кор.Иск. го тел. за да ја кор. оваа апл."},{"$i":"scanning-title","$v":"Скенирање"},{"$i":"scanning-text","$v":"Скенирање за слики..."},{"$i":"upgrade-title","$v":"Надградба на базата со податоци"},{"$i":"upgrade-text","$v":"Почек. додека Галерија ја ажур. својата база со подат."},{"$i":"share-noprovider","$v":"Овој тип на датотека со слики не може да се сподели."},{"$i":"memorycardfull","$v":"Скл. е пол. Не мож. да ги ур.сл."},{"$i":"imagetoobig","$v":"Сликата е преголема за да се прикаже на овој уред."},{"$i":"imageinvalid","$v":"Сликата е невалидна или оштетена и не може да биде прикажана."},{"$i":"saved","$v":[{"t":"idOrVar","v":"filename"}," е зачуван во Галерија"]},{"$i":"edit-copy-saved","$v":"Зачувана е нова копија."},{"$i":"overlay-camera-button","$v":"Одете на Камера"},{"$i":"name-label","$v":"Име"},{"$i":"size-label","$v":"Големина"},{"$i":"image-type-label","$v":"Тип на слика"},{"$i":"kai-date-and-time-label","$v":"Датум и време"},{"$i":"date-taken-label","$v":"Датум на снимање"},{"$i":"resolution-label","$v":"Резолуција"},{"$i":"close-button","$v":"Затвори"},{"$i":"path-label","$v":"Патека"},{"$i":"sd-card","$v":"SD карт."},{"$i":"internal","$v":"Внатрешна"},{"$i":"byteUnit-B","$v":"бајти"},{"$i":"byteUnit-KB","$v":"KB"},{"$i":"byteUnit-MB","$v":"MB"},{"$i":"byteUnit-GB","$v":"GB"},{"$i":"gallery","$v":"Галерија"},{"$i":"preview","$v":"Преглед"},{"$i":"kai-confirmation","$v":"Потврдување"},{"$i":"kai-delete-this-image","$v":"Избриши слика?"},{"$i":"kai-delete-selected-image","$v":"Избриши избрана фотографија?"},{"$i":"kai-delete-selected-images","$v":"Избриши избрани фотографии?"},{"$i":"kai-sort-by","$v":"Подреди по"},{"$i":"kai-group-by-date-and-location","$v":"Група по датум"},{"$i":"sort-and-group","$v":"Сортирање и Групирање"},{"$i":"time_am","$v":"Претпл."},{"$i":"time_pm","$v":"пм"},{"$i":"date-group-header","$v":"%B %Y"},{"$i":"videoDescriptionShort","$v":"Датум на видеото %I:%M %p, %B %e, %Y"},{"$i":"imageDescriptionShort","$v":"Слика со датум %I:%M %p, %B %e, %Y"},{"$i":"editImagePreview","ariaLabel":"Уредување на приказот на слика"},{"$i":"kai-pickoneimage","$v":"Изберете фотографија"},{"$i":"discard-changes-warning","$v":"Сите промени ќе бидат изгубени. Сакате ли да ги отфрлите промените?"},{"$i":"save-changes-warning","$v":"Сите промени ќе бидат отфрлени. Зачувате промени?"},{"$i":"discard","$v":"Отфрли"},{"$i":"camera","$v":"Камера"},{"$i":"phone-is-full-title","$v":"Складот на телефонот е полн"},{"$i":"sd-card-is-full-title","$v":"SD карт. е полна."},{"$i":"phone-is-full-content","$v":"Избришете медиумски датотеки или податоци од апликации за да ослободите простор. Исто така, можете да вметнете SD-картичка за да ја проширите медиумската меморија."},{"$i":"sd-card-is-full-content","$v":"Избришете датотеки во SD-картичката за да ослободите простор."},{"$i":"favorite","$v":"Омилени"},{"$i":"add-favorite","$v":"Додајте во oмилени"},{"$i":"remove-favorite","$v":"Неомилен"},{"$i":"emptyfavorite-text","$v":"Немате омилени фотографии."},{"$i":"donglePlay","$v":"Репродукција"},{"$i":"softkey-options","$v":"Опции"},{"$i":"imageDescription","$v":[{"t":"idOrVar","v":"orientation"}," слика, %I:%M %p, %B %e, %Y"]},{"$i":"imageDescriptionNoTimestamp","$v":[{"t":"idOrVar","v":"orientation"}," слика"]},{"$i":"videoDescription","$v":[{"t":"idOrVar","v":"orientation"}," видео, %I:%M %p, %B %e, %Y"]},{"$i":"videoDescriptionNoTimestamp","$v":[{"t":"idOrVar","v":"orientation"}," видео"]},{"$i":"orientationPortrait","$v":"портрет"},{"$i":"orientationLandscape","$v":"Пејзаж"},{"$i":"playbackPlay","ariaLabel":"Репродуцирање"},{"$i":"playbackPause","ariaLabel":"Паузирај"},{"$i":"playbackNext","ariaLabel":"Следен"},{"$i":"playbackPrevious","ariaLabel":"Претходно"},{"$i":"playbackFullscreen","ariaLabel":"Цел екран"},{"$i":"playbackSeekBar","ariaLabel":["Лен.за преб.,врем. ",{"t":"idOrVar","v":"duration"}]},{"$i":"weekday-0-long","$v":"Недела"},{"$i":"weekday-1-long","$v":"Понеделник"},{"$i":"weekday-2-long","$v":"Вторник"},{"$i":"weekday-3-long","$v":"Среда"},{"$i":"weekday-4-long","$v":"Четврток"},{"$i":"weekday-5-long","$v":"Петок"},{"$i":"weekday-6-long","$v":"Сабота"},{"$i":"weekday-0-short","$v":"Нед"},{"$i":"weekday-1-short","$v":"Пон"},{"$i":"weekday-2-short","$v":"Вто"},{"$i":"weekday-3-short","$v":"Сре"},{"$i":"weekday-4-short","$v":"Чет"},{"$i":"weekday-5-short","$v":"Пет"},{"$i":"weekday-6-short","$v":"Саб"},{"$i":"month-0-long","$v":"Јануари"},{"$i":"month-1-long","$v":"Фебруари"},{"$i":"month-2-long","$v":"Март"},{"$i":"month-3-long","$v":"Април"},{"$i":"month-4-long","$v":"Мај"},{"$i":"month-5-long","$v":"Јуни"},{"$i":"month-6-long","$v":"Јули"},{"$i":"month-7-long","$v":"Август"},{"$i":"month-8-long","$v":"Септември"},{"$i":"month-9-long","$v":"Октомври"},{"$i":"month-10-long","$v":"Ноември"},{"$i":"month-11-long","$v":"Декември"},{"$i":"month-0-genitive","$v":"Јануари"},{"$i":"month-1-genitive","$v":"Февруари"},{"$i":"month-2-genitive","$v":"Март"},{"$i":"month-3-genitive","$v":"Април"},{"$i":"month-4-genitive","$v":"Мај"},{"$i":"month-5-genitive","$v":"Јуни"},{"$i":"month-6-genitive","$v":"Јули"},{"$i":"month-7-genitive","$v":"Август"},{"$i":"month-8-genitive","$v":"Септември"},{"$i":"month-9-genitive","$v":"Октомври"},{"$i":"month-10-genitive","$v":"Ноември"},{"$i":"month-11-genitive","$v":"Декември"},{"$i":"month-0-short","$v":"Јан"},{"$i":"month-1-short","$v":"Фев"},{"$i":"month-2-short","$v":"Мар"},{"$i":"month-3-short","$v":"Апр"},{"$i":"month-4-short","$v":"Мај"},{"$i":"month-5-short","$v":"Јун"},{"$i":"month-6-short","$v":"Јул"},{"$i":"month-7-short","$v":"Авг"},{"$i":"month-8-short","$v":"Сеп"},{"$i":"month-9-short","$v":"Окт"},{"$i":"month-10-short","$v":"Ное"},{"$i":"month-11-short","$v":"Дек"},{"$i":"minutes-ago-long","$v":{"few":[{"t":"idOrVar","v":"value"}," минути пред"],"many":[{"t":"idOrVar","v":"value"}," минути пред"],"other":["Пред ",{"t":"idOrVar","v":"value"}," Минути"],"two":[{"t":"idOrVar","v":"value"}," минути пред"],"one":"пред 1 минута","zero":"само што"},"$x":[{"t":"idOrVar","v":"plural"},"value"]},{"$i":"hours-ago-long","$v":{"few":[{"t":"idOrVar","v":"value"}," часови пред"],"many":[{"t":"idOrVar","v":"value"}," часови пред"],"other":["Пред ",{"t":"idOrVar","v":"value"}," Часа"],"two":[{"t":"idOrVar","v":"value"}," часови пред"],"one":"Пред 1 час","zero":"само што"},"$x":[{"t":"idOrVar","v":"plural"},"value"]},{"$i":"days-ago-long","$v":{"few":[{"t":"idOrVar","v":"value"}," денови пред"],"many":[{"t":"idOrVar","v":"value"}," денови пред"],"one":"вчера","other":["Пред ",{"t":"idOrVar","v":"value"}," Дена"],"two":[{"t":"idOrVar","v":"value"}," денови пред"],"zero":"денес"},"$x":[{"t":"idOrVar","v":"plural"},"value"]},{"$i":"weeks-ago-long","$v":{"few":[{"t":"idOrVar","v":"value"}," седмици пред"],"many":[{"t":"idOrVar","v":"value"}," седмици пред"],"one":"минатата недела","other":[{"t":"idOrVar","v":"value"}," седмици пред"],"two":[{"t":"idOrVar","v":"value"}," седмици пред"],"zero":"оваа седмица"},"$x":[{"t":"idOrVar","v":"plural"},"value"]},{"$i":"months-ago-long","$v":{"few":[{"t":"idOrVar","v":"value"}," месеци пред"],"many":[{"t":"idOrVar","v":"value"}," месеци пред"],"one":"минатиот месец","other":[{"t":"idOrVar","v":"value"}," месеци пред"],"two":[{"t":"idOrVar","v":"value"}," месеци пред"],"zero":"овој месец"},"$x":[{"t":"idOrVar","v":"plural"},"value"]},{"$i":"years-ago-long","$v":{"few":[{"t":"idOrVar","v":"value"}," години пред"],"many":[{"t":"idOrVar","v":"value"}," години пред"],"one":"минатата година","other":[{"t":"idOrVar","v":"value"}," години пред"],"two":[{"t":"idOrVar","v":"value"}," години пред"],"zero":"оваа година"},"$x":[{"t":"idOrVar","v":"plural"},"value"]},{"$i":"minutes-until-long","$v":{"few":["за ",{"t":"idOrVar","v":"value"}," минути"],"many":["за ",{"t":"idOrVar","v":"value"}," минути"],"other":["за ",{"t":"idOrVar","v":"value"}," минути"],"two":["за ",{"t":"idOrVar","v":"value"}," минути"],"zero":"сега","one":"за 1 минута"},"$x":[{"t":"idOrVar","v":"plural"},"value"]},{"$i":"hours-until-long","$v":{"few":["за ",{"t":"idOrVar","v":"value"}," часа"],"many":["за ",{"t":"idOrVar","v":"value"}," часа"],"other":["за ",{"t":"idOrVar","v":"value"}," часа"],"two":["за ",{"t":"idOrVar","v":"value"}," часа"],"zero":"сега","one":"за 1 час"},"$x":[{"t":"idOrVar","v":"plural"},"value"]},{"$i":"days-until-long","$v":{"few":["за ",{"t":"idOrVar","v":"value"}," дена"],"many":["за ",{"t":"idOrVar","v":"value"}," дена"],"one":"утре","other":["за ",{"t":"idOrVar","v":"value"}," дена"],"two":["за ",{"t":"idOrVar","v":"value"}," дена"],"zero":"денес"},"$x":[{"t":"idOrVar","v":"plural"},"value"]},{"$i":"weeks-until-long","$v":{"few":["за ",{"t":"idOrVar","v":"value"}," седмици"],"many":["за ",{"t":"idOrVar","v":"value"}," седмици"],"one":"следната седмица","other":["за ",{"t":"idOrVar","v":"value"}," седмици"],"two":["за ",{"t":"idOrVar","v":"value"}," седмици"],"zero":"оваа седмица"},"$x":[{"t":"idOrVar","v":"plural"},"value"]},{"$i":"months-until-long","$v":{"few":["за ",{"t":"idOrVar","v":"value"}," месеци"],"many":["за ",{"t":"idOrVar","v":"value"}," месеци"],"one":"следниот месец","other":["за ",{"t":"idOrVar","v":"value"}," месеци"],"two":["за ",{"t":"idOrVar","v":"value"}," месеци"],"zero":"овој месец"},"$x":[{"t":"idOrVar","v":"plural"},"value"]},{"$i":"years-until-long","$v":{"few":["за ",{"t":"idOrVar","v":"value"}," години"],"many":["за ",{"t":"idOrVar","v":"value"}," години"],"one":"следната година","other":["за ",{"t":"idOrVar","v":"value"}," години"],"two":["за ",{"t":"idOrVar","v":"value"}," години"],"zero":"оваа година"},"$x":[{"t":"idOrVar","v":"plural"},"value"]},{"$i":"minutes-ago-short","$v":{"other":[{"t":"idOrVar","v":"value"},"м. пред"],"zero":"само што"},"$x":[{"t":"idOrVar","v":"plural"},"value"]},{"$i":"hours-ago-short","$v":{"other":[{"t":"idOrVar","v":"value"},"ч. пред"],"zero":"само што"},"$x":[{"t":"idOrVar","v":"plural"},"value"]},{"$i":"days-ago-short","$v":{"other":[{"t":"idOrVar","v":"value"},"д. пред"],"zero":"денес"},"$x":[{"t":"idOrVar","v":"plural"},"value"]},{"$i":"minutes-until-short","$v":{"other":["за ",{"t":"idOrVar","v":"value"},"м"],"zero":"сега"},"$x":[{"t":"idOrVar","v":"plural"},"value"]},{"$i":"hours-until-short","$v":{"other":["за ",{"t":"idOrVar","v":"value"},"ч"],"zero":"сега"},"$x":[{"t":"idOrVar","v":"plural"},"value"]},{"$i":"days-until-short","$v":{"other":["за ",{"t":"idOrVar","v":"value"},"д"],"zero":"денес"},"$x":[{"t":"idOrVar","v":"plural"},"value"]},{"$i":"incorrectDate","$v":"(неточна дата)"},{"$i":"dateTimeFormat_%c","$v":"%a %b %e %Y %I:%M:%S %p"},{"$i":"dateTimeFormat_%x","$v":"%m/%d/%Y"},{"$i":"dateTimeFormat_%X","$v":"%I:%M:%S %p"},{"$i":"shortTimeFormat","$v":"%I:%M %p"},{"$i":"shortTimeFormat12","$v":"%I:%M %p"},{"$i":"shortTimeFormat24","$v":"%H:%M"},{"$i":"shortDateTimeFormat","$v":"%x %I:%M %p"},{"$i":"weekStartsOnMonday","$v":"0.0"},{"$i":"firstDayOfTheWeek","$v":"1.0"}]