[{"$i":"select","$v":"Pilih"},{"$i":"deselect","$v":"Nyahpilih"},{"$i":"kai-select","$v":"Pilih"},{"$i":"invalid-image","$v":"Imej Tidak Sah"},{"$i":"image-too-big","$v":"Saiz fail imej terlalu besar untuk ditunjukkan dalam galeri."},{"$i":"image-invalid","$v":"Tidak dapat memaparkan imej kerana ia tidak sah atau rosak."},{"$i":"kai-selected-items-count","$v":[{"t":"idOrVar","v":"n"}," Dipilih"]},{"$i":"delete-photo?","$v":"Padam foto?"},{"$i":"delete-video?","$v":"Padam video?"},{"$i":"deleting","$v":"Sedang memadam..."},{"$i":"delete-n-items?","$v":{"few":["Padam ",{"t":"idOrVar","v":"n"}," item?"],"many":["Padam ",{"t":"idOrVar","v":"n"}," item?"],"one":"Padam item yang dipilih?","other":["Padam ",{"t":"idOrVar","v":"n"}," item?"],"two":["Padam ",{"t":"idOrVar","v":"n"}," item?"],"zero":"Tiada yang dipilih"},"$x":[{"t":"idOrVar","v":"plural"},"n"]},{"$i":"kai-contact-set-ok","$v":"Imej kenalan ditambah"},{"$i":"kai-contact-set-fail","$v":"Gagal menetapkan imej kenalan"},{"$i":"kai-changes-saved","$v":"Perubahan disimpan"},{"$i":"wallpaper-set","$v":"Kertas dinding ditetapkan"},{"$i":"kai-single-image-deleted","$v":"Foto dipadam."},{"$i":"kai-deleted-n-photos","$v":{"one":[{"t":"idOrVar","v":"n"}," foto dipadam"],"other":[{"t":"idOrVar","v":"n"}," foto dipadam"]},"$x":[{"t":"idOrVar","v":"plural"},"n"]},{"$i":"kai-some-photos-not-share","$v":"Sesetengah foto tidak dapat dikongsi"},{"$i":"pickoneimage2","$v":"Pilih"},{"$i":"cropimage","$v":"Pangkas"},{"$i":"kai-on","$v":"Hidupkan"},{"$i":"kai-off","$v":"Matikan"},{"$i":"cancel","$v":"Batal"},{"$i":"delete","$v":"Padam"},{"$i":"ok","$v":"OK"},{"$i":"edit","$v":"Edit"},{"$i":"revert","$v":"Kembali"},{"$i":"save","$v":"Simpan"},{"$i":"done","$v":"Selesai"},{"$i":"exposure","$v":"Dedahan"},{"$i":"crop","$v":"Pangkas"},{"$i":"effects","$v":"Kesan"},{"$i":"borders","$v":"Birai Hias"},{"$i":"enhance-on","$v":"Peningkatan auto dihidupkan"},{"$i":"enhance-off","$v":"Peningkatan auto dimatikan"},{"$i":"kai-set","$v":"Tetapkan"},{"$i":"kai-options","$v":"Pilihan"},{"$i":"kai-select-all","$v":"Semua"},{"$i":"kai-deselect-all","$v":"Tiada"},{"$i":"kai-rotate","$v":"Putar"},{"$i":"kai-share","$v":"Kongsi"},{"$i":"kai-settings","$v":"Tetapan"},{"$i":"kai-set-as","$v":"Tetapkan sebagai"},{"$i":"set-as-wallpaper","$v":"Tetapkan sebagai kertas dinding"},{"$i":"kai-wallpaper","$v":"Kertas dinding"},{"$i":"kai-existing-contact-image","$v":"Imej untuk kenalan yang sedia ada"},{"$i":"kai-zoom","$v":"Zum"},{"$i":"kai-zoom-in","$v":"Zum Masuk"},{"$i":"kai-zoom-out","$v":"Zum Keluar"},{"$i":"kai-file-info","$v":"Maklumat Fail"},{"$i":"kai-select-multiple","$v":"Pilih Berbilang"},{"$i":"kai-edit-title","$v":"Edit Imej"},{"$i":"kai-edit-exposure","$v":"Dedahan"},{"$i":"kai-edit-crop","$v":"Pangkas"},{"$i":"kai-edit-rotate","$v":"Putar"},{"$i":"kai-edit-filters","$v":"Penapis"},{"$i":"kai-edit-auto-correct","$v":"Pembetulan auto"},{"$i":"edit-exposure","ariaLabel":"Dedahan"},{"$i":"edit-crop","ariaLabel":"Pangkas"},{"$i":"edit-rotate","ariaLabel":"Putar"},{"$i":"edit-filters","ariaLabel":"Penapis"},{"$i":"edit-auto-correct","ariaLabel":"Pembetulan auto"},{"$i":"crop-none","ariaLabel":"Buat asal pangkasan"},{"$i":"crop-aspect-free","ariaLabel":"Lalai"},{"$i":"crop-aspect-portrait","ariaLabel":"2:3"},{"$i":"crop-aspect-landscape","ariaLabel":"3:2"},{"$i":"crop-aspect-square","ariaLabel":"1:1"},{"$i":"edit-filters-none","ariaLabel":"Penapis 1"},{"$i":"edit-filters-bw","ariaLabel":"Penapis 2"},{"$i":"edit-filters-sepia","ariaLabel":"Penapis 3"},{"$i":"edit-filters-bluesteel","ariaLabel":"Penapis 4"},{"$i":"edit-filters-faded","ariaLabel":"Penapis 5"},{"$i":"original","$v":"Asal"},{"$i":"blackandwhite","$v":{"$o":"Hitam&Putih"}},{"$i":"sepia","$v":"Sepia"},{"$i":"freeform","$v":"Bentuk bebas"},{"$i":"portrait","$v":"Potret"},{"$i":"landscape","$v":"Landskap"},{"$i":"square","$v":"Segi empat"},{"$i":"emptygallery2-title","$v":"Tiada foto atau video"},{"$i":"emptygallery2-text","$v":"Galeri kosong. Gunakan kamera untuk bermula."},{"$i":"emptygallery2-title-pick","$v":"Tiada foto"},{"$i":"emptygallery-text-pick","$v":"Tiada foto tersedia."},{"$i":"nocard3-title","$v":"Tiada kad memori"},{"$i":"nocard4-text","$v":"Masukkan kad memori untuk menggunakan aplikasi ini."},{"$i":"pluggedin2-title","$v":"Kad memori digunakan"},{"$i":"pluggedin2-text","$v":"Storan sedang digunakan. Sila cabut palam telefon untuk menggunakan aplikasi ini."},{"$i":"scanning-title","$v":"Mengimbas"},{"$i":"scanning-text","$v":"Mengimbas foto ..."},{"$i":"upgrade-title","$v":"Naik Taraf Pangkalan Data"},{"$i":"upgrade-text","$v":"Sila tunggu sementara Galeri mengemaskinikan pangkalan datanya."},{"$i":"share-noprovider","$v":"Tidak boleh berkongsi jenis fail imej ini."},{"$i":"memorycardfull","$v":"Storan penuh. Tidak dapat mengedit foto."},{"$i":"imagetoobig","$v":"Imej terlalu besar untuk dipaparkan pada peranti ini."},{"$i":"imageinvalid","$v":"Imej tidak sah atau rosak dan tidak dapat dipaparkan."},{"$i":"saved","$v":[{"t":"idOrVar","v":"filename"}," disimpan ke Galeri"]},{"$i":"edit-copy-saved","$v":"Salinan baharu telah disimpan."},{"$i":"overlay-camera-button","$v":"Pergi ke Kamera"},{"$i":"name-label","$v":"Nama"},{"$i":"size-label","$v":"Saiz"},{"$i":"image-type-label","$v":"Jenis Imej"},{"$i":"kai-date-and-time-label","$v":"Tarikh dan Masa"},{"$i":"date-taken-label","$v":"Tarikh Diambil"},{"$i":"resolution-label","$v":"Resolusi"},{"$i":"close-button","$v":"Tutup"},{"$i":"path-label","$v":"Laluan"},{"$i":"sd-card","$v":"Kad SD"},{"$i":"internal","$v":"Dalaman"},{"$i":"byteUnit-B","$v":"Bait"},{"$i":"byteUnit-KB","$v":"KB"},{"$i":"byteUnit-MB","$v":"MB"},{"$i":"byteUnit-GB","$v":"GB"},{"$i":"gallery","$v":"Galeri"},{"$i":"preview","$v":"Pratonton"},{"$i":"kai-confirmation","$v":"Pengesahan"},{"$i":"kai-delete-this-image","$v":"Padam foto?"},{"$i":"kai-delete-selected-image","$v":"Padam foto yang dipilih?"},{"$i":"kai-delete-selected-images","$v":"Padam foto yang dipilih?"},{"$i":"kai-sort-by","$v":"Isih mengikut"},{"$i":"kai-group-by-date-and-location","$v":"Kumpulkan mengikut Tarikh"},{"$i":"sort-and-group","$v":"Isih dan Kumpul"},{"$i":"time_am","$v":"Pagi"},{"$i":"time_pm","$v":"Petang"},{"$i":"date-group-header","$v":"%B %Y"},{"$i":"videoDescriptionShort","$v":"Video bertarikh %I:%M %p, %B %e, %Y"},{"$i":"imageDescriptionShort","$v":"Imej bertarikh %I:%M %p, %B %e, %Y"},{"$i":"editImagePreview","ariaLabel":"Edit imej pratonton"},{"$i":"kai-pickoneimage","$v":"Pilih Foto"},{"$i":"discard-changes-warning","$v":"Semua perubahan akan hilang. Adakah anda ingin membuang perubahan?"},{"$i":"save-changes-warning","$v":"Semua perubahan akan dibuang. Simpan perubahan?"},{"$i":"discard","$v":"Buang"},{"$i":"camera","$v":"Kamera"},{"$i":"phone-is-full-title","$v":"Storan Telefon Penuh"},{"$i":"sd-card-is-full-title","$v":"Kad SD Penuh"},{"$i":"phone-is-full-content","$v":"Padam fail media atau data aplikasi untuk membebaskan ruang. Anda juga boleh memasukkan kad SD untuk membesarkan storan media."},{"$i":"sd-card-is-full-content","$v":"Padam fail dalam kad SD untuk membebaskan ruang."},{"$i":"favorite","$v":"Kegemaran"},{"$i":"add-favorite","$v":"Tambah ke kegemaran"},{"$i":"remove-favorite","$v":"Alih keluar daripada kegemaran"},{"$i":"emptyfavorite-text","$v":"Anda tidak mepunyai foto kegemaran."},{"$i":"donglePlay","$v":"Main"},{"$i":"softkey-options","$v":"Pilihan"},{"$i":"imageDescription","$v":["Imej ",{"t":"idOrVar","v":"orientation"},", %I:%M %p, %B %e, %Y"]},{"$i":"imageDescriptionNoTimestamp","$v":["Imej ",{"t":"idOrVar","v":"orientation"}]},{"$i":"videoDescription","$v":["Video ",{"t":"idOrVar","v":"orientation"},", %I:%M %p, %B %e, %Y"]},{"$i":"videoDescriptionNoTimestamp","$v":["Video ",{"t":"idOrVar","v":"orientation"}]},{"$i":"orientationPortrait","$v":"potret"},{"$i":"orientationLandscape","$v":"landskap"},{"$i":"playbackPlay","ariaLabel":"Main"},{"$i":"playbackPause","ariaLabel":"Jeda"},{"$i":"playbackNext","ariaLabel":"Seterusnya"},{"$i":"playbackPrevious","ariaLabel":"Sebelumnya"},{"$i":"playbackFullscreen","ariaLabel":"Skrin penuh"},{"$i":"playbackSeekBar","ariaLabel":["Bar jangkauan, tempoh ",{"t":"idOrVar","v":"duration"}]},{"$i":"weekday-0-long","$v":"Ahad"},{"$i":"weekday-1-long","$v":"Isnin"},{"$i":"weekday-2-long","$v":"Selasa"},{"$i":"weekday-3-long","$v":"Rabu"},{"$i":"weekday-4-long","$v":"Khamis"},{"$i":"weekday-5-long","$v":"Jumaat"},{"$i":"weekday-6-long","$v":"Sabtu"},{"$i":"weekday-0-short","$v":"Aha"},{"$i":"weekday-1-short","$v":"Isn"},{"$i":"weekday-2-short","$v":"Sel"},{"$i":"weekday-3-short","$v":"Rab"},{"$i":"weekday-4-short","$v":"Kha"},{"$i":"weekday-5-short","$v":"Jum"},{"$i":"weekday-6-short","$v":"Sab"},{"$i":"month-0-long","$v":"Januari"},{"$i":"month-1-long","$v":"Februari"},{"$i":"month-2-long","$v":"Mac"},{"$i":"month-3-long","$v":"April"},{"$i":"month-4-long","$v":"Mei"},{"$i":"month-5-long","$v":"Jun"},{"$i":"month-6-long","$v":"Julai"},{"$i":"month-7-long","$v":"Ogos"},{"$i":"month-8-long","$v":"September"},{"$i":"month-9-long","$v":"Oktober"},{"$i":"month-10-long","$v":"November"},{"$i":"month-11-long","$v":"Disember"},{"$i":"month-0-genitive","$v":"Januari"},{"$i":"month-1-genitive","$v":"Februari"},{"$i":"month-2-genitive","$v":"Mac"},{"$i":"month-3-genitive","$v":"April"},{"$i":"month-4-genitive","$v":"Mei"},{"$i":"month-5-genitive","$v":"Jun"},{"$i":"month-6-genitive","$v":"Julai"},{"$i":"month-7-genitive","$v":"Ogos"},{"$i":"month-8-genitive","$v":"September"},{"$i":"month-9-genitive","$v":"Oktober"},{"$i":"month-10-genitive","$v":"November"},{"$i":"month-11-genitive","$v":"Disember"},{"$i":"month-0-short","$v":"Jan"},{"$i":"month-1-short","$v":"Feb"},{"$i":"month-2-short","$v":"Mac"},{"$i":"month-3-short","$v":"Apr"},{"$i":"month-4-short","$v":"Mei"},{"$i":"month-5-short","$v":"Jun"},{"$i":"month-6-short","$v":"Jul"},{"$i":"month-7-short","$v":"Ogo"},{"$i":"month-8-short","$v":"Sep"},{"$i":"month-9-short","$v":"Okt"},{"$i":"month-10-short","$v":"Nov"},{"$i":"month-11-short","$v":"Dis"},{"$i":"minutes-ago-long","$v":{"few":[{"t":"idOrVar","v":"value"}," minit yang lalu"],"many":[{"t":"idOrVar","v":"value"}," minit yang lalu"],"other":[{"t":"idOrVar","v":"value"}," minit yang lalu"],"two":[{"t":"idOrVar","v":"value"}," minit yang lalu"],"one":"seminit yang lalu","zero":"Sebentar Tadi"},"$x":[{"t":"idOrVar","v":"plural"},"value"]},{"$i":"hours-ago-long","$v":{"few":[{"t":"idOrVar","v":"value"}," jam yang lalu"],"many":[{"t":"idOrVar","v":"value"}," jam yang lalu"],"other":[{"t":"idOrVar","v":"value"}," jam yang lalu"],"two":[{"t":"idOrVar","v":"value"}," jam yang lalu"],"one":"sejam yang lalu","zero":"Sebentar Tadi"},"$x":[{"t":"idOrVar","v":"plural"},"value"]},{"$i":"days-ago-long","$v":{"few":[{"t":"idOrVar","v":"value"}," hari yang lalu"],"many":[{"t":"idOrVar","v":"value"}," hari yang lalu"],"one":"semalam","other":[{"t":"idOrVar","v":"value"}," hari yang lalu"],"two":[{"t":"idOrVar","v":"value"}," hari yang lalu"],"zero":"hari ini"},"$x":[{"t":"idOrVar","v":"plural"},"value"]},{"$i":"weeks-ago-long","$v":{"few":[{"t":"idOrVar","v":"value"}," minggu yang lalu"],"many":[{"t":"idOrVar","v":"value"}," minggu yang lalu"],"one":"minggu lepas","other":[{"t":"idOrVar","v":"value"}," minggu yang lalu"],"two":[{"t":"idOrVar","v":"value"}," minggu yang lalu"],"zero":"minggu ini"},"$x":[{"t":"idOrVar","v":"plural"},"value"]},{"$i":"months-ago-long","$v":{"few":[{"t":"idOrVar","v":"value"}," bulan yang lalu"],"many":[{"t":"idOrVar","v":"value"}," bulan yang lalu"],"one":"bulan lepas","other":[{"t":"idOrVar","v":"value"}," bulan yang lalu"],"two":[{"t":"idOrVar","v":"value"}," bulan yang lalu"],"zero":"bulan ini"},"$x":[{"t":"idOrVar","v":"plural"},"value"]},{"$i":"years-ago-long","$v":{"few":[{"t":"idOrVar","v":"value"}," tahun yang lalu"],"many":[{"t":"idOrVar","v":"value"}," tahun yang lalu"],"one":"tahun lepas","other":[{"t":"idOrVar","v":"value"}," tahun yang lalu"],"two":[{"t":"idOrVar","v":"value"}," tahun yang lalu"],"zero":"tahun ini"},"$x":[{"t":"idOrVar","v":"plural"},"value"]},{"$i":"minutes-until-long","$v":{"few":["dalam ",{"t":"idOrVar","v":"value"}," minit"],"many":["dalam ",{"t":"idOrVar","v":"value"}," minit"],"other":["dalam ",{"t":"idOrVar","v":"value"}," minit"],"two":["dalam ",{"t":"idOrVar","v":"value"}," minit"],"zero":"sekarang","one":"dalam masa seminit"},"$x":[{"t":"idOrVar","v":"plural"},"value"]},{"$i":"hours-until-long","$v":{"few":["dalam ",{"t":"idOrVar","v":"value"}," jam"],"many":["dalam ",{"t":"idOrVar","v":"value"}," jam"],"other":["dalam ",{"t":"idOrVar","v":"value"}," jam"],"two":["dalam ",{"t":"idOrVar","v":"value"}," jam"],"zero":"sekarang","one":"dalam masa sejam"},"$x":[{"t":"idOrVar","v":"plural"},"value"]},{"$i":"days-until-long","$v":{"few":["dalam ",{"t":"idOrVar","v":"value"}," hari"],"many":["dalam ",{"t":"idOrVar","v":"value"}," hari"],"one":"esok","other":["dalam ",{"t":"idOrVar","v":"value"}," hari"],"two":["dalam ",{"t":"idOrVar","v":"value"}," hari"],"zero":"hari ini"},"$x":[{"t":"idOrVar","v":"plural"},"value"]},{"$i":"weeks-until-long","$v":{"few":["dalam ",{"t":"idOrVar","v":"value"}," minggu"],"many":["dalam ",{"t":"idOrVar","v":"value"}," minggu"],"one":"minggu depan","other":["dalam ",{"t":"idOrVar","v":"value"}," minggu"],"two":["dalam ",{"t":"idOrVar","v":"value"}," minggu"],"zero":"minggu ini"},"$x":[{"t":"idOrVar","v":"plural"},"value"]},{"$i":"months-until-long","$v":{"few":["dalam ",{"t":"idOrVar","v":"value"}," bulan"],"many":["dalam ",{"t":"idOrVar","v":"value"}," bulan"],"one":"bulan depan","other":["dalam ",{"t":"idOrVar","v":"value"}," bulan"],"two":["dalam ",{"t":"idOrVar","v":"value"}," bulan"],"zero":"bulan ini"},"$x":[{"t":"idOrVar","v":"plural"},"value"]},{"$i":"years-until-long","$v":{"few":["dalam ",{"t":"idOrVar","v":"value"}," tahun"],"many":["dalam ",{"t":"idOrVar","v":"value"}," tahun"],"one":"tahun depan","other":["dalam ",{"t":"idOrVar","v":"value"}," tahun"],"two":["dalam ",{"t":"idOrVar","v":"value"}," tahun"],"zero":"tahun ini"},"$x":[{"t":"idOrVar","v":"plural"},"value"]},{"$i":"minutes-ago-short","$v":{"other":[{"t":"idOrVar","v":"value"},"m yang lalu"],"zero":"Sebentar Tadi"},"$x":[{"t":"idOrVar","v":"plural"},"value"]},{"$i":"hours-ago-short","$v":{"other":[{"t":"idOrVar","v":"value"},"j yang lalu"],"zero":"Sebentar Tadi"},"$x":[{"t":"idOrVar","v":"plural"},"value"]},{"$i":"days-ago-short","$v":{"other":[{"t":"idOrVar","v":"value"},"h yang lalu"],"zero":"hari ini"},"$x":[{"t":"idOrVar","v":"plural"},"value"]},{"$i":"minutes-until-short","$v":{"other":["dalam ",{"t":"idOrVar","v":"value"},"m"],"zero":"sekarang"},"$x":[{"t":"idOrVar","v":"plural"},"value"]},{"$i":"hours-until-short","$v":{"other":["dalam ",{"t":"idOrVar","v":"value"},"j"],"zero":"sekarang"},"$x":[{"t":"idOrVar","v":"plural"},"value"]},{"$i":"days-until-short","$v":{"other":["dalam ",{"t":"idOrVar","v":"value"},"h"],"zero":"hari ini"},"$x":[{"t":"idOrVar","v":"plural"},"value"]},{"$i":"incorrectDate","$v":"(tarikh salah)"},{"$i":"dateTimeFormat_%c","$v":"%a %b %e %Y %I:%M:%S %p"},{"$i":"dateTimeFormat_%x","$v":"%m/%d/%Y"},{"$i":"dateTimeFormat_%X","$v":"%I:%M:%S %p"},{"$i":"shortTimeFormat","$v":"%I:%M %p"},{"$i":"shortTimeFormat12","$v":"%I:%M %p"},{"$i":"shortTimeFormat24","$v":"%H:%M"},{"$i":"shortDateTimeFormat","$v":"%x %I:%M %p"},{"$i":"weekStartsOnMonday","$v":"0.0"},{"$i":"firstDayOfTheWeek","$v":"0.0"}]