[{"$i":"select","$v":"Velg"},{"$i":"deselect","$v":"Velg bort"},{"$i":"kai-select","$v":"Velg"},{"$i":"invalid-image","$v":"Ugyldig bilde"},{"$i":"image-too-big","$v":"Bildefilen er for stor til å vises i galleriet"},{"$i":"image-invalid","$v":"Kan ikke vise bilde fordi det er ugyldig eller ødelagt."},{"$i":"kai-selected-items-count","$v":[{"t":"idOrVar","v":"n"}," valgt"]},{"$i":"delete-photo?","$v":"Slette bilde?"},{"$i":"delete-video?","$v":"Slette video?"},{"$i":"deleting","$v":"Sletter…"},{"$i":"delete-n-items?","$v":{"few":["Slette ",{"t":"idOrVar","v":"n"}," elementer?"],"many":["Slette ",{"t":"idOrVar","v":"n"}," elementer?"],"one":"Slette valgte element?","other":["Slette ",{"t":"idOrVar","v":"n"}," elementer?"],"two":["Slette ",{"t":"idOrVar","v":"n"}," elementer?"],"zero":"Ingenting valgt"},"$x":[{"t":"idOrVar","v":"plural"},"n"]},{"$i":"kai-contact-set-ok","$v":"Kontaktbilde lagt til."},{"$i":"kai-contact-set-fail","$v":"Kunne ikke angi kontaktbilde."},{"$i":"kai-changes-saved","$v":"Endringer lagret."},{"$i":"wallpaper-set","$v":"Bakgrunn angitt."},{"$i":"kai-single-image-deleted","$v":"Foto slettet."},{"$i":"kai-deleted-n-photos","$v":{"one":[{"t":"idOrVar","v":"n"}," bilde slettet"],"other":[{"t":"idOrVar","v":"n"}," bilder slettet"]},"$x":[{"t":"idOrVar","v":"plural"},"n"]},{"$i":"kai-some-photos-not-share","$v":"Noen bilder kan ikke deles"},{"$i":"pickoneimage2","$v":"Velg"},{"$i":"cropimage","$v":"Beskjær"},{"$i":"kai-on","$v":"På"},{"$i":"kai-off","$v":"Av"},{"$i":"cancel","$v":"Avbryt"},{"$i":"delete","$v":"Slett"},{"$i":"ok","$v":"OK"},{"$i":"edit","$v":"Rediger"},{"$i":"revert","$v":"Tilbakestill"},{"$i":"save","$v":"Lagre"},{"$i":"done","$v":"Fullført"},{"$i":"exposure","$v":"Eksponering"},{"$i":"crop","$v":"Beskjær"},{"$i":"effects","$v":"Effekter"},{"$i":"borders","$v":"Rammer"},{"$i":"enhance-on","$v":"Autoforbedring på"},{"$i":"enhance-off","$v":"Autoforbedring av"},{"$i":"kai-set","$v":"Sett"},{"$i":"kai-options","$v":"Valg"},{"$i":"kai-select-all","$v":"Alle"},{"$i":"kai-deselect-all","$v":"Ingen"},{"$i":"kai-rotate","$v":"Roter"},{"$i":"kai-share","$v":"Del"},{"$i":"kai-settings","$v":"Innstillinger"},{"$i":"kai-set-as","$v":"Angitt som"},{"$i":"set-as-wallpaper","$v":"Angi som bakgrunn"},{"$i":"kai-wallpaper","$v":"Bakgrunn"},{"$i":"kai-existing-contact-image","$v":"Bilde for eksisterende kontakt"},{"$i":"kai-zoom","$v":"Zoom"},{"$i":"kai-zoom-in","$v":"Zoom inn"},{"$i":"kai-zoom-out","$v":"Zoom ut"},{"$i":"kai-file-info","$v":"Filinformasjon"},{"$i":"kai-select-multiple","$v":"Velg flere"},{"$i":"kai-edit-title","$v":"Rediger bilde"},{"$i":"kai-edit-exposure","$v":"Eksponering"},{"$i":"kai-edit-crop","$v":"Beskjær"},{"$i":"kai-edit-rotate","$v":"Roter"},{"$i":"kai-edit-filters","$v":"Filtre"},{"$i":"kai-edit-auto-correct","$v":"Autokorrigering"},{"$i":"edit-exposure","ariaLabel":"Eksponering"},{"$i":"edit-crop","ariaLabel":"Beskjær"},{"$i":"edit-rotate","ariaLabel":"Roter"},{"$i":"edit-filters","ariaLabel":"Filtre"},{"$i":"edit-auto-correct","ariaLabel":"Autokorrigering"},{"$i":"crop-none","ariaLabel":"Angre beskjæring"},{"$i":"crop-aspect-free","ariaLabel":"Standard"},{"$i":"crop-aspect-portrait","ariaLabel":"2:3"},{"$i":"crop-aspect-landscape","ariaLabel":"3:2"},{"$i":"crop-aspect-square","ariaLabel":"1:1"},{"$i":"edit-filters-none","ariaLabel":"Filter 1"},{"$i":"edit-filters-bw","ariaLabel":"Filter 2"},{"$i":"edit-filters-sepia","ariaLabel":"Filter 3"},{"$i":"edit-filters-bluesteel","ariaLabel":"Filter 4"},{"$i":"edit-filters-faded","ariaLabel":"Filter 5"},{"$i":"original","$v":"Original"},{"$i":"blackandwhite","$v":"Sv/Hv"},{"$i":"sepia","$v":"Sepia"},{"$i":"freeform","$v":"Friform"},{"$i":"portrait","$v":"Stående"},{"$i":"landscape","$v":"Liggende"},{"$i":"square","$v":"Kvadrat"},{"$i":"emptygallery2-title","$v":"Ingen bilder eller videoer"},{"$i":"emptygallery2-text","$v":"Galleri er tomt. Bruk kamera for å komme i gang."},{"$i":"emptygallery2-title-pick","$v":"Ingen bilder"},{"$i":"emptygallery-text-pick","$v":"Ingen bilder tilgjengelige."},{"$i":"nocard3-title","$v":"Ingen minnekort"},{"$i":"nocard4-text","$v":"Sett inn et minnekort for å bruke denne appen."},{"$i":"pluggedin2-title","$v":"Minnekort i bruk"},{"$i":"pluggedin2-text","$v":"Lagringsplass er i bruk. Koble fra telefonen for å bruke appen."},{"$i":"scanning-title","$v":"Skanner"},{"$i":"scanning-text","$v":"Skanner etter bilder ..."},{"$i":"upgrade-title","$v":"Databaseoppgraderinger"},{"$i":"upgrade-text","$v":"Vent mens galleriet oppdaterer databasen."},{"$i":"share-noprovider","$v":"Kan ikke dele denne bildefiltypen."},{"$i":"memorycardfull","$v":"Lagringsplass full. Kan ikke redigere bilder."},{"$i":"imagetoobig","$v":"Bildet er for stort til å vises på denne enheten."},{"$i":"imageinvalid","$v":"Bildet er ugyldig eller ødelagt og kan ikke vises."},{"$i":"saved","$v":[{"t":"idOrVar","v":"filename"}," lagret til galleri"]},{"$i":"edit-copy-saved","$v":"Ny kontakt lagret."},{"$i":"overlay-camera-button","$v":"Gå til kamera"},{"$i":"name-label","$v":"Navn"},{"$i":"size-label","$v":"Størrelse"},{"$i":"image-type-label","$v":"Bildetype"},{"$i":"kai-date-and-time-label","$v":"Dato og tid"},{"$i":"date-taken-label","$v":"Dato tatt"},{"$i":"resolution-label","$v":"Oppløsning"},{"$i":"close-button","$v":"Lukk"},{"$i":"path-label","$v":"Bane"},{"$i":"sd-card","$v":"SD-kort"},{"$i":"internal","$v":"Intern"},{"$i":"byteUnit-B","$v":"Bytes"},{"$i":"byteUnit-KB","$v":"KB"},{"$i":"byteUnit-MB","$v":"MB"},{"$i":"byteUnit-GB","$v":"GB"},{"$i":"gallery","$v":"Galleri"},{"$i":"preview","$v":"Forhåndsvis"},{"$i":"kai-confirmation","$v":"Bekreftelse"},{"$i":"kai-delete-this-image","$v":"Slette bilde?"},{"$i":"kai-delete-selected-image","$v":"Vil du slette valgt bilde?"},{"$i":"kai-delete-selected-images","$v":"Vil du slette valgte bilder?"},{"$i":"kai-sort-by","$v":"Sorter etter"},{"$i":"kai-group-by-date-and-location","$v":"Grupper etter dato"},{"$i":"sort-and-group","$v":"Sorter og grupper"},{"$i":"time_am","$v":"AM"},{"$i":"time_pm","$v":"PM"},{"$i":"date-group-header","$v":"%B %Y"},{"$i":"videoDescriptionShort","$v":"Video datert %I:%M %p, %B %e, %Y"},{"$i":"imageDescriptionShort","$v":"Bilde datert %I:%M %p, %B %e, %Y"},{"$i":"editImagePreview","ariaLabel":"Rediger bildeforhåndsvisning"},{"$i":"kai-pickoneimage","$v":"Velg et foto"},{"$i":"discard-changes-warning","$v":"Endringene blir tapt. Vil du forkaste endringene?"},{"$i":"save-changes-warning","$v":"Alle endringer blir forkastet. Lagre endringer?"},{"$i":"discard","$v":"Forkast"},{"$i":"camera","$v":"Kamera"},{"$i":"phone-is-full-title","$v":"Telefonens lagringsplass er full."},{"$i":"sd-card-is-full-title","$v":"SD-kort er fullt."},{"$i":"phone-is-full-content","$v":"Slett mediefiler eller programdata for å frigjøre plass. Du kan også sette inn et SD-kort for å utvide medielagring."},{"$i":"sd-card-is-full-content","$v":"Slett filer på SD-kort for å frigjøre plass."},{"$i":"favorite","$v":"Favoritter"},{"$i":"add-favorite","$v":"Legg til favoritter"},{"$i":"remove-favorite","$v":"Fjern fra favoritter"},{"$i":"emptyfavorite-text","$v":"Du har ingen favorittbilder."},{"$i":"donglePlay","$v":"Spill"},{"$i":"softkey-options","$v":"Valg"},{"$i":"imageDescription","$v":[{"t":"idOrVar","v":"orientation"}," bilde, %I:%M %p, %B %e, %Y"]},{"$i":"imageDescriptionNoTimestamp","$v":[{"t":"idOrVar","v":"orientation"}," bilde"]},{"$i":"videoDescription","$v":[{"t":"idOrVar","v":"orientation"}," video, %I:%M %p, %B %e, %Y"]},{"$i":"videoDescriptionNoTimestamp","$v":[{"t":"idOrVar","v":"orientation"}," video"]},{"$i":"orientationPortrait","$v":"stående"},{"$i":"orientationLandscape","$v":"liggende"},{"$i":"playbackPlay","ariaLabel":"Spill av"},{"$i":"playbackPause","ariaLabel":"Pause"},{"$i":"playbackNext","ariaLabel":"Neste"},{"$i":"playbackPrevious","ariaLabel":"Forrige"},{"$i":"playbackFullscreen","ariaLabel":"Fullskjerm"},{"$i":"playbackSeekBar","ariaLabel":["Søkelinje, varighet ",{"t":"idOrVar","v":"duration"}]},{"$i":"weekday-0-long","$v":"Søndag"},{"$i":"weekday-1-long","$v":"Mandag"},{"$i":"weekday-2-long","$v":"Tirsdag"},{"$i":"weekday-3-long","$v":"Onsdag"},{"$i":"weekday-4-long","$v":"Torsdag"},{"$i":"weekday-5-long","$v":"Fredag"},{"$i":"weekday-6-long","$v":"Lørdag"},{"$i":"weekday-0-short","$v":"Sø."},{"$i":"weekday-1-short","$v":"Ma."},{"$i":"weekday-2-short","$v":"Ti."},{"$i":"weekday-3-short","$v":"On."},{"$i":"weekday-4-short","$v":"To."},{"$i":"weekday-5-short","$v":"Fr."},{"$i":"weekday-6-short","$v":"Lø."},{"$i":"month-0-long","$v":"Januar"},{"$i":"month-1-long","$v":"Februar"},{"$i":"month-2-long","$v":"Mars"},{"$i":"month-3-long","$v":"April"},{"$i":"month-4-long","$v":"Mai"},{"$i":"month-5-long","$v":"Juni"},{"$i":"month-6-long","$v":"Juli"},{"$i":"month-7-long","$v":"August"},{"$i":"month-8-long","$v":"September"},{"$i":"month-9-long","$v":"Oktober"},{"$i":"month-10-long","$v":"November"},{"$i":"month-11-long","$v":"Desember"},{"$i":"month-0-genitive","$v":"Januar"},{"$i":"month-1-genitive","$v":"Februar"},{"$i":"month-2-genitive","$v":"Mars"},{"$i":"month-3-genitive","$v":"April"},{"$i":"month-4-genitive","$v":"Mai"},{"$i":"month-5-genitive","$v":"Juni"},{"$i":"month-6-genitive","$v":"Juli"},{"$i":"month-7-genitive","$v":"August"},{"$i":"month-8-genitive","$v":"September"},{"$i":"month-9-genitive","$v":"Oktober"},{"$i":"month-10-genitive","$v":"November"},{"$i":"month-11-genitive","$v":"Desember"},{"$i":"month-0-short","$v":"Jan."},{"$i":"month-1-short","$v":"Feb."},{"$i":"month-2-short","$v":"Mars"},{"$i":"month-3-short","$v":"Apr."},{"$i":"month-4-short","$v":"Mai"},{"$i":"month-5-short","$v":"Juni"},{"$i":"month-6-short","$v":"Juli"},{"$i":"month-7-short","$v":"Aug."},{"$i":"month-8-short","$v":"Sep."},{"$i":"month-9-short","$v":"Okt."},{"$i":"month-10-short","$v":"Nov."},{"$i":"month-11-short","$v":"Des."},{"$i":"minutes-ago-long","$v":{"few":[{"t":"idOrVar","v":"value"}," minutter siden"],"many":[{"t":"idOrVar","v":"value"}," minutter siden"],"other":[{"t":"idOrVar","v":"value"}," minutter siden"],"two":[{"t":"idOrVar","v":"value"}," minutter siden"],"one":"et minutt siden","zero":"akkurat nå"},"$x":[{"t":"idOrVar","v":"plural"},"value"]},{"$i":"hours-ago-long","$v":{"few":[{"t":"idOrVar","v":"value"}," timer siden"],"many":[{"t":"idOrVar","v":"value"}," timer siden"],"other":[{"t":"idOrVar","v":"value"}," timer siden"],"two":[{"t":"idOrVar","v":"value"}," timer siden"],"one":"1 time siden","zero":"akkurat nå"},"$x":[{"t":"idOrVar","v":"plural"},"value"]},{"$i":"days-ago-long","$v":{"few":[{"t":"idOrVar","v":"value"}," dager siden"],"many":[{"t":"idOrVar","v":"value"}," dager siden"],"one":"i går","other":[{"t":"idOrVar","v":"value"}," dager siden"],"two":[{"t":"idOrVar","v":"value"}," dager siden"],"zero":"i dag"},"$x":[{"t":"idOrVar","v":"plural"},"value"]},{"$i":"weeks-ago-long","$v":{"few":[{"t":"idOrVar","v":"value"}," uker siden"],"many":[{"t":"idOrVar","v":"value"}," uker siden"],"one":"sist uke","other":[{"t":"idOrVar","v":"value"}," uker siden"],"two":[{"t":"idOrVar","v":"value"}," uker siden"],"zero":"denne uken"},"$x":[{"t":"idOrVar","v":"plural"},"value"]},{"$i":"months-ago-long","$v":{"few":[{"t":"idOrVar","v":"value"}," måneder siden"],"many":[{"t":"idOrVar","v":"value"}," måneder siden"],"one":"sist måned","other":[{"t":"idOrVar","v":"value"}," måneder siden"],"two":[{"t":"idOrVar","v":"value"}," måneder siden"],"zero":"denne måneden"},"$x":[{"t":"idOrVar","v":"plural"},"value"]},{"$i":"years-ago-long","$v":{"few":[{"t":"idOrVar","v":"value"}," år siden"],"many":[{"t":"idOrVar","v":"value"}," år siden"],"one":"i fjor","other":[{"t":"idOrVar","v":"value"}," år siden"],"two":[{"t":"idOrVar","v":"value"}," år siden"],"zero":"i år"},"$x":[{"t":"idOrVar","v":"plural"},"value"]},{"$i":"minutes-until-long","$v":{"few":["om ",{"t":"idOrVar","v":"value"}," minutter"],"many":["om ",{"t":"idOrVar","v":"value"}," minutter"],"other":["om ",{"t":"idOrVar","v":"value"}," minutter"],"two":["om ",{"t":"idOrVar","v":"value"}," minutter"],"zero":"nå","one":"om 1 minutt"},"$x":[{"t":"idOrVar","v":"plural"},"value"]},{"$i":"hours-until-long","$v":{"few":["om ",{"t":"idOrVar","v":"value"}," timer"],"many":["om ",{"t":"idOrVar","v":"value"}," timer"],"other":["om ",{"t":"idOrVar","v":"value"}," timer"],"two":["om ",{"t":"idOrVar","v":"value"}," timer"],"zero":"nå","one":"om 1 time"},"$x":[{"t":"idOrVar","v":"plural"},"value"]},{"$i":"days-until-long","$v":{"few":["om ",{"t":"idOrVar","v":"value"}," dager"],"many":["om ",{"t":"idOrVar","v":"value"}," dager"],"one":"i morgen","other":["om ",{"t":"idOrVar","v":"value"}," dager"],"two":["om ",{"t":"idOrVar","v":"value"}," dager"],"zero":"i dag"},"$x":[{"t":"idOrVar","v":"plural"},"value"]},{"$i":"weeks-until-long","$v":{"few":["om ",{"t":"idOrVar","v":"value"}," uker"],"many":["om ",{"t":"idOrVar","v":"value"}," uker"],"one":"neste uke","other":["om ",{"t":"idOrVar","v":"value"}," uker"],"two":["om ",{"t":"idOrVar","v":"value"}," uker"],"zero":"denne uken"},"$x":[{"t":"idOrVar","v":"plural"},"value"]},{"$i":"months-until-long","$v":{"few":["om ",{"t":"idOrVar","v":"value"}," måneder"],"many":["om ",{"t":"idOrVar","v":"value"}," måneder"],"one":"neste måned","other":["om ",{"t":"idOrVar","v":"value"}," måneder"],"two":["om ",{"t":"idOrVar","v":"value"}," måneder"],"zero":"denne måneden"},"$x":[{"t":"idOrVar","v":"plural"},"value"]},{"$i":"years-until-long","$v":{"few":["om ",{"t":"idOrVar","v":"value"}," år"],"many":["om ",{"t":"idOrVar","v":"value"}," år"],"one":"neste år","other":["om ",{"t":"idOrVar","v":"value"}," år"],"two":["om ",{"t":"idOrVar","v":"value"}," år"],"zero":"i år"},"$x":[{"t":"idOrVar","v":"plural"},"value"]},{"$i":"minutes-ago-short","$v":{"other":[{"t":"idOrVar","v":"value"}," m siden"],"zero":"akkurat nå"},"$x":[{"t":"idOrVar","v":"plural"},"value"]},{"$i":"hours-ago-short","$v":{"other":[{"t":"idOrVar","v":"value"}," t siden"],"zero":"akkurat nå"},"$x":[{"t":"idOrVar","v":"plural"},"value"]},{"$i":"days-ago-short","$v":{"other":[{"t":"idOrVar","v":"value"}," d siden"],"zero":"i dag"},"$x":[{"t":"idOrVar","v":"plural"},"value"]},{"$i":"minutes-until-short","$v":{"other":["om ",{"t":"idOrVar","v":"value"},"m"],"zero":"nå"},"$x":[{"t":"idOrVar","v":"plural"},"value"]},{"$i":"hours-until-short","$v":{"other":["om ",{"t":"idOrVar","v":"value"},"t"],"zero":"nå"},"$x":[{"t":"idOrVar","v":"plural"},"value"]},{"$i":"days-until-short","$v":{"other":["om ",{"t":"idOrVar","v":"value"},"d"],"zero":"i dag"},"$x":[{"t":"idOrVar","v":"plural"},"value"]},{"$i":"incorrectDate","$v":"(feil dato)"},{"$i":"dateTimeFormat_%c","$v":"%a %b %e %Y %I:%M:%S %p"},{"$i":"dateTimeFormat_%x","$v":"%m/%d/%Y"},{"$i":"dateTimeFormat_%X","$v":"%I:%M:%S %p"},{"$i":"shortTimeFormat","$v":"%I:%M %p"},{"$i":"shortTimeFormat12","$v":"%I:%M %p"},{"$i":"shortTimeFormat24","$v":"%H:%M"},{"$i":"shortDateTimeFormat","$v":"%x %I:%M %p"},{"$i":"weekStartsOnMonday","$v":"0.0"},{"$i":"firstDayOfTheWeek","$v":"1.0"}]