[{"$i":"select","$v":"Selectare"},{"$i":"deselect","$v":"Deselectare"},{"$i":"kai-select","$v":"Selectare"},{"$i":"invalid-image","$v":"Imagine incorectă"},{"$i":"image-too-big","$v":"Dimensiunea fișierului imagine este prea mare pentru a fi afișat în Galerie."},{"$i":"image-invalid","$v":"Imaginea nu poate fi afișată pentru că este nevalidă sau deteriorată."},{"$i":"kai-selected-items-count","$v":[{"t":"idOrVar","v":"n"}," selectată(e)"]},{"$i":"delete-photo?","$v":"Ștergeți fotografia?"},{"$i":"delete-video?","$v":"Ștergeți videoclipul?"},{"$i":"deleting","$v":"Se șterge…"},{"$i":"delete-n-items?","$v":{"few":["Ștergeți ",{"t":"idOrVar","v":"n"}," elemente?"],"many":["Ștergeți ",{"t":"idOrVar","v":"n"}," elemente?"],"one":"Ștergeți elementul selectat?","other":["Ștergeți ",{"t":"idOrVar","v":"n"}," elemente?"],"two":["Ștergeți ",{"t":"idOrVar","v":"n"}," elemente?"],"zero":"Nimic selectat"},"$x":[{"t":"idOrVar","v":"plural"},"n"]},{"$i":"kai-contact-set-ok","$v":"Imaginea contactului a fost adăugată"},{"$i":"kai-contact-set-fail","$v":"Nu s-a putut seta imaginea contactului"},{"$i":"kai-changes-saved","$v":"Modificările au fost salvate"},{"$i":"wallpaper-set","$v":"Imaginea de fundal a fost configurată"},{"$i":"kai-single-image-deleted","$v":"Fotografia a fost ștearsă."},{"$i":"kai-deleted-n-photos","$v":{"one":[{"t":"idOrVar","v":"n"}," fotografie ștearsă"],"other":[{"t":"idOrVar","v":"n"}," fotografii șterse"]},"$x":[{"t":"idOrVar","v":"plural"},"n"]},{"$i":"kai-some-photos-not-share","$v":"Unele fotografii nu pot fi partajate"},{"$i":"pickoneimage2","$v":"Selectare"},{"$i":"cropimage","$v":"Trunchiere"},{"$i":"kai-on","$v":"Activat"},{"$i":"kai-off","$v":"Dezactivat"},{"$i":"cancel","$v":"Anulare"},{"$i":"delete","$v":"Ștergere"},{"$i":"ok","$v":"OK"},{"$i":"edit","$v":"Modificare"},{"$i":"revert","$v":"Revenire"},{"$i":"save","$v":"Salvare"},{"$i":"done","$v":"Gata"},{"$i":"exposure","$v":"Expunere"},{"$i":"crop","$v":"Trunchiere"},{"$i":"effects","$v":"Efecte"},{"$i":"borders","$v":"Chenare"},{"$i":"enhance-on","$v":"Optimizare automată activată"},{"$i":"enhance-off","$v":"Optimizare automată dezactivată"},{"$i":"kai-set","$v":"Setare"},{"$i":"kai-options","$v":"Opțiuni"},{"$i":"kai-select-all","$v":"Toate"},{"$i":"kai-deselect-all","$v":"Nimic"},{"$i":"kai-rotate","$v":"Rotire"},{"$i":"kai-share","$v":"Partajare"},{"$i":"kai-settings","$v":"Setări"},{"$i":"kai-set-as","$v":"Setare ca"},{"$i":"set-as-wallpaper","$v":"Setare ca imagine de fundal"},{"$i":"kai-wallpaper","$v":"Imagine fundal"},{"$i":"kai-existing-contact-image","$v":"Imagine pentru un contact existent"},{"$i":"kai-zoom","$v":"Zoom"},{"$i":"kai-zoom-in","$v":"Mărire"},{"$i":"kai-zoom-out","$v":"Micșorare"},{"$i":"kai-file-info","$v":"Informații fișier"},{"$i":"kai-select-multiple","$v":"Selectare multiplă"},{"$i":"kai-edit-title","$v":"Modificare imagine"},{"$i":"kai-edit-exposure","$v":"Expunere"},{"$i":"kai-edit-crop","$v":"Trunchiere"},{"$i":"kai-edit-rotate","$v":"Rotire"},{"$i":"kai-edit-filters","$v":"Filtre"},{"$i":"kai-edit-auto-correct","$v":"Corectare automată"},{"$i":"edit-exposure","ariaLabel":"Expunere"},{"$i":"edit-crop","ariaLabel":"Trunchiere"},{"$i":"edit-rotate","ariaLabel":"Rotire"},{"$i":"edit-filters","ariaLabel":"Filtre"},{"$i":"edit-auto-correct","ariaLabel":"Corectare automată"},{"$i":"crop-none","ariaLabel":"Anulare trunchiere"},{"$i":"crop-aspect-free","ariaLabel":"Implicit"},{"$i":"crop-aspect-portrait","ariaLabel":"2:3"},{"$i":"crop-aspect-landscape","ariaLabel":"3:2"},{"$i":"crop-aspect-square","ariaLabel":"1:1"},{"$i":"edit-filters-none","ariaLabel":"Filtru 1"},{"$i":"edit-filters-bw","ariaLabel":"Filtru 2"},{"$i":"edit-filters-sepia","ariaLabel":"Filtru 3"},{"$i":"edit-filters-bluesteel","ariaLabel":"Filtru 4"},{"$i":"edit-filters-faded","ariaLabel":"Filtru 5"},{"$i":"original","$v":"Original"},{"$i":"blackandwhite","$v":"Alb-negru"},{"$i":"sepia","$v":"Sepia"},{"$i":"freeform","$v":"Cu formă liberă"},{"$i":"portrait","$v":"Portret"},{"$i":"landscape","$v":"Peisaj"},{"$i":"square","$v":"Pătrat"},{"$i":"emptygallery2-title","$v":"Nu există fotografii sau videoclipuri"},{"$i":"emptygallery2-text","$v":"Galeria este goală. Utilizați aparatul foto pentru a începe."},{"$i":"emptygallery2-title-pick","$v":"Nicio fotografie"},{"$i":"emptygallery-text-pick","$v":"Nu există fotografii disponibile."},{"$i":"nocard3-title","$v":"Nu există cartelă de memorie"},{"$i":"nocard4-text","$v":"Introduceți o cartelă de memorie pentru a utiliza această aplicație."},{"$i":"pluggedin2-title","$v":"Cartela de memorie este în curs de utilizare"},{"$i":"pluggedin2-text","$v":"Mediul de stocare este în curs de utilizare. Deconectați telefonul pentru a utiliza această aplicație."},{"$i":"scanning-title","$v":"Se caută"},{"$i":"scanning-text","$v":"Se caută fotografiile..."},{"$i":"upgrade-title","$v":"Actualizare bază de date"},{"$i":"upgrade-text","$v":"Așteptați cât timp aplicația Galerie își actualizează baza de date."},{"$i":"share-noprovider","$v":"Nu se poate partaja acest tip de fișier de imagine."},{"$i":"memorycardfull","$v":"Spațiul de stocare este plin. Nu se pot modifica fotografiile."},{"$i":"imagetoobig","$v":"Imaginea este prea mare pentru a fi afișată pe acest dispozitiv."},{"$i":"imageinvalid","$v":"Imaginea nu este corectă sau este deteriorată și nu poate fi afișată."},{"$i":"saved","$v":[{"t":"idOrVar","v":"filename"}," a fost salvat în Galerie"]},{"$i":"edit-copy-saved","$v":"Noua copie a fost salvată."},{"$i":"overlay-camera-button","$v":"Accesați Aparatul foto"},{"$i":"name-label","$v":"Nume"},{"$i":"size-label","$v":"Dimensiune"},{"$i":"image-type-label","$v":"Tip de imagine"},{"$i":"kai-date-and-time-label","$v":"Data și ora"},{"$i":"date-taken-label","$v":"Data realizării"},{"$i":"resolution-label","$v":"Rezoluție"},{"$i":"close-button","$v":"Închidere"},{"$i":"path-label","$v":"Cale"},{"$i":"sd-card","$v":"Cartelă SD"},{"$i":"internal","$v":"Intern"},{"$i":"byteUnit-B","$v":"Byți"},{"$i":"byteUnit-KB","$v":"KB"},{"$i":"byteUnit-MB","$v":"MB"},{"$i":"byteUnit-GB","$v":"GB"},{"$i":"gallery","$v":"Galerie"},{"$i":"preview","$v":"Previzualizare"},{"$i":"kai-confirmation","$v":"Confirmare"},{"$i":"kai-delete-this-image","$v":"Ștergeți fotografia?"},{"$i":"kai-delete-selected-image","$v":"Ștergeți fotografia selectată?"},{"$i":"kai-delete-selected-images","$v":"Ștergeți fotografiile selectate?"},{"$i":"kai-sort-by","$v":"Sortare după"},{"$i":"kai-group-by-date-and-location","$v":"Grupare după dată"},{"$i":"sort-and-group","$v":"Sortare și grupare"},{"$i":"time_am","$v":"AM"},{"$i":"time_pm","$v":"PM"},{"$i":"date-group-header","$v":"%B %Y"},{"$i":"videoDescriptionShort","$v":"Dată videoclip %I:%M %p, %B %e, %Y"},{"$i":"imageDescriptionShort","$v":"Dată imagine %I:%M %p, %B %e, %Y"},{"$i":"editImagePreview","ariaLabel":"Modificare previzualiare imagine"},{"$i":"kai-pickoneimage","$v":"Selectați o fotografie"},{"$i":"discard-changes-warning","$v":"Toate modificările se vor pierde. Doriți să anulați modificările?"},{"$i":"save-changes-warning","$v":"Toate modificările vor fi anulate. Salvați modificările?"},{"$i":"discard","$v":"Anulare"},{"$i":"camera","$v":"Aparat foto"},{"$i":"phone-is-full-title","$v":"Memoria telefonului este plină"},{"$i":"sd-card-is-full-title","$v":"Cartelă SD plină"},{"$i":"phone-is-full-content","$v":"Ștergeți fișiere media sau date din aplicații pentru a elibera spațiu. De asemenea, puteți introduce o cartelă SD pentru a mări spațiul de stocare pentru fișierele media."},{"$i":"sd-card-is-full-content","$v":"Ștergeți fișiere de pe cartela SD pentru a elibera spațiu."},{"$i":"favorite","$v":"Favorite"},{"$i":"add-favorite","$v":"Adăugare la Favorite"},{"$i":"remove-favorite","$v":"Ștergere din Favorite"},{"$i":"emptyfavorite-text","$v":"Nu aveți fotografii favorite."},{"$i":"donglePlay","$v":"Redare"},{"$i":"softkey-options","$v":"Opțiuni"},{"$i":"imageDescription","$v":["Imagine ",{"t":"idOrVar","v":"orientation"},", %I:%M %p, %B %e, %Y"]},{"$i":"imageDescriptionNoTimestamp","$v":["Imagine ",{"t":"idOrVar","v":"orientation"}]},{"$i":"videoDescription","$v":["Videoclip ",{"t":"idOrVar","v":"orientation"},", %I:%M %p, %B %e, %Y"]},{"$i":"videoDescriptionNoTimestamp","$v":["Videoclip ",{"t":"idOrVar","v":"orientation"}]},{"$i":"orientationPortrait","$v":"portret"},{"$i":"orientationLandscape","$v":"peisaj"},{"$i":"playbackPlay","ariaLabel":"Redare"},{"$i":"playbackPause","ariaLabel":"Întrerupere"},{"$i":"playbackNext","ariaLabel":"Înainte"},{"$i":"playbackPrevious","ariaLabel":"Înapoi"},{"$i":"playbackFullscreen","ariaLabel":"Ecran complet"},{"$i":"playbackSeekBar","ariaLabel":["Bară de căutare, durată ",{"t":"idOrVar","v":"duration"}]},{"$i":"weekday-0-long","$v":"Duminică"},{"$i":"weekday-1-long","$v":"Luni"},{"$i":"weekday-2-long","$v":"Marți"},{"$i":"weekday-3-long","$v":"Miercuri"},{"$i":"weekday-4-long","$v":"Joi"},{"$i":"weekday-5-long","$v":"Vineri"},{"$i":"weekday-6-long","$v":"Sâmbătă"},{"$i":"weekday-0-short","$v":"Dum"},{"$i":"weekday-1-short","$v":"Lun"},{"$i":"weekday-2-short","$v":"Mar"},{"$i":"weekday-3-short","$v":"Mie"},{"$i":"weekday-4-short","$v":"Joi"},{"$i":"weekday-5-short","$v":"Vin"},{"$i":"weekday-6-short","$v":"Sâm"},{"$i":"month-0-long","$v":"Ianuarie"},{"$i":"month-1-long","$v":"Februarie"},{"$i":"month-2-long","$v":"Martie"},{"$i":"month-3-long","$v":"Aprilie"},{"$i":"month-4-long","$v":"Mai"},{"$i":"month-5-long","$v":"Iunie"},{"$i":"month-6-long","$v":"Iulie"},{"$i":"month-7-long","$v":"August"},{"$i":"month-8-long","$v":"Septembrie"},{"$i":"month-9-long","$v":"Octombrie"},{"$i":"month-10-long","$v":"Noiembrie"},{"$i":"month-11-long","$v":"Decembrie"},{"$i":"month-0-genitive","$v":"Ianuarie"},{"$i":"month-1-genitive","$v":"Februarie"},{"$i":"month-2-genitive","$v":"Martie"},{"$i":"month-3-genitive","$v":"Aprilie"},{"$i":"month-4-genitive","$v":"Mai"},{"$i":"month-5-genitive","$v":"Iunie"},{"$i":"month-6-genitive","$v":"Iulie"},{"$i":"month-7-genitive","$v":"August"},{"$i":"month-8-genitive","$v":"Septembrie"},{"$i":"month-9-genitive","$v":"Octombrie"},{"$i":"month-10-genitive","$v":"Noiembrie"},{"$i":"month-11-genitive","$v":"Decembrie"},{"$i":"month-0-short","$v":"Ian"},{"$i":"month-1-short","$v":"Feb"},{"$i":"month-2-short","$v":"Mar"},{"$i":"month-3-short","$v":"Apr"},{"$i":"month-4-short","$v":"Mai"},{"$i":"month-5-short","$v":"Iun"},{"$i":"month-6-short","$v":"Iul"},{"$i":"month-7-short","$v":"Aug"},{"$i":"month-8-short","$v":"Sep"},{"$i":"month-9-short","$v":"Oct"},{"$i":"month-10-short","$v":"Nov"},{"$i":"month-11-short","$v":"Dec"},{"$i":"minutes-ago-long","$v":{"few":["în urmă cu ",{"t":"idOrVar","v":"value"}," minute"],"many":["în urmă cu ",{"t":"idOrVar","v":"value"}," minute"],"other":["în urmă cu ",{"t":"idOrVar","v":"value"}," minute"],"two":["în urmă cu ",{"t":"idOrVar","v":"value"}," minute"],"one":"în urmă cu un minut","zero":"Chiar acum"},"$x":[{"t":"idOrVar","v":"plural"},"value"]},{"$i":"hours-ago-long","$v":{"few":["în urmă cu ",{"t":"idOrVar","v":"value"}," ore"],"many":["în urmă cu ",{"t":"idOrVar","v":"value"}," ore"],"other":["în urmă cu ",{"t":"idOrVar","v":"value"}," ore"],"two":["în urmă cu ",{"t":"idOrVar","v":"value"}," ore"],"one":"în urmă cu o oră","zero":"Chiar acum"},"$x":[{"t":"idOrVar","v":"plural"},"value"]},{"$i":"days-ago-long","$v":{"few":["În urmă cu ",{"t":"idOrVar","v":"value"}," zile"],"many":["În urmă cu ",{"t":"idOrVar","v":"value"}," zile"],"one":"ieri","other":["În urmă cu ",{"t":"idOrVar","v":"value"}," zile"],"two":["În urmă cu ",{"t":"idOrVar","v":"value"}," zile"],"zero":"astăzi"},"$x":[{"t":"idOrVar","v":"plural"},"value"]},{"$i":"weeks-ago-long","$v":{"few":["în urmă cu ",{"t":"idOrVar","v":"value"}," săptămâni"],"many":["în urmă cu ",{"t":"idOrVar","v":"value"}," săptămâni"],"one":"săptămâna trecută","other":["în urmă cu ",{"t":"idOrVar","v":"value"}," săptămâni"],"two":["în urmă cu ",{"t":"idOrVar","v":"value"}," săptămâni"],"zero":"săptămâna aceasta"},"$x":[{"t":"idOrVar","v":"plural"},"value"]},{"$i":"months-ago-long","$v":{"few":["în urmă cu ",{"t":"idOrVar","v":"value"}," luni"],"many":["în urmă cu ",{"t":"idOrVar","v":"value"}," luni"],"one":"luna trecută","other":["în urmă cu ",{"t":"idOrVar","v":"value"}," luni"],"two":["în urmă cu ",{"t":"idOrVar","v":"value"}," luni"],"zero":"această lună"},"$x":[{"t":"idOrVar","v":"plural"},"value"]},{"$i":"years-ago-long","$v":{"few":["în urmă cu ",{"t":"idOrVar","v":"value"}," ani"],"many":["în urmă cu ",{"t":"idOrVar","v":"value"}," ani"],"one":"anul trecut","other":["în urmă cu ",{"t":"idOrVar","v":"value"}," ani"],"two":["în urmă cu ",{"t":"idOrVar","v":"value"}," ani"],"zero":"anul acesta"},"$x":[{"t":"idOrVar","v":"plural"},"value"]},{"$i":"minutes-until-long","$v":{"few":["peste ",{"t":"idOrVar","v":"value"}," minute"],"many":["peste ",{"t":"idOrVar","v":"value"}," minute"],"other":["peste ",{"t":"idOrVar","v":"value"}," minute"],"two":["peste ",{"t":"idOrVar","v":"value"}," minute"],"zero":"acum","one":"peste un minut"},"$x":[{"t":"idOrVar","v":"plural"},"value"]},{"$i":"hours-until-long","$v":{"few":["peste ",{"t":"idOrVar","v":"value"}," ore"],"many":["peste ",{"t":"idOrVar","v":"value"}," ore"],"other":["peste ",{"t":"idOrVar","v":"value"}," ore"],"two":["peste ",{"t":"idOrVar","v":"value"}," ore"],"zero":"acum","one":"peste o oră"},"$x":[{"t":"idOrVar","v":"plural"},"value"]},{"$i":"days-until-long","$v":{"few":["peste ",{"t":"idOrVar","v":"value"}," zile"],"many":["peste ",{"t":"idOrVar","v":"value"}," zile"],"one":"mâine","other":["peste ",{"t":"idOrVar","v":"value"}," zile"],"two":["peste ",{"t":"idOrVar","v":"value"}," zile"],"zero":"astăzi"},"$x":[{"t":"idOrVar","v":"plural"},"value"]},{"$i":"weeks-until-long","$v":{"few":["peste ",{"t":"idOrVar","v":"value"}," săptămâni"],"many":["peste ",{"t":"idOrVar","v":"value"}," săptămâni"],"one":"săptămâna viitoare","other":["peste ",{"t":"idOrVar","v":"value"}," săptămâni"],"two":["peste ",{"t":"idOrVar","v":"value"}," săptămâni"],"zero":"săptămâna aceasta"},"$x":[{"t":"idOrVar","v":"plural"},"value"]},{"$i":"months-until-long","$v":{"few":["peste ",{"t":"idOrVar","v":"value"}," luni"],"many":["peste ",{"t":"idOrVar","v":"value"}," luni"],"one":"luna următoare","other":["peste ",{"t":"idOrVar","v":"value"}," luni"],"two":["peste ",{"t":"idOrVar","v":"value"}," luni"],"zero":"această lună"},"$x":[{"t":"idOrVar","v":"plural"},"value"]},{"$i":"years-until-long","$v":{"few":["peste ",{"t":"idOrVar","v":"value"}," ani"],"many":["peste ",{"t":"idOrVar","v":"value"}," ani"],"one":"anul viitor","other":["peste ",{"t":"idOrVar","v":"value"}," ani"],"two":["peste ",{"t":"idOrVar","v":"value"}," ani"],"zero":"anul acesta"},"$x":[{"t":"idOrVar","v":"plural"},"value"]},{"$i":"minutes-ago-short","$v":{"other":["în urmă cu ",{"t":"idOrVar","v":"value"}," m"],"zero":"Chiar acum"},"$x":[{"t":"idOrVar","v":"plural"},"value"]},{"$i":"hours-ago-short","$v":{"other":["în urmă cu ",{"t":"idOrVar","v":"value"}," h"],"zero":"Chiar acum"},"$x":[{"t":"idOrVar","v":"plural"},"value"]},{"$i":"days-ago-short","$v":{"other":["În urmă cu ",{"t":"idOrVar","v":"value"}," z"],"zero":"astăzi"},"$x":[{"t":"idOrVar","v":"plural"},"value"]},{"$i":"minutes-until-short","$v":{"other":["peste ",{"t":"idOrVar","v":"value"}," m"],"zero":"acum"},"$x":[{"t":"idOrVar","v":"plural"},"value"]},{"$i":"hours-until-short","$v":{"other":["peste ",{"t":"idOrVar","v":"value"}," h"],"zero":"acum"},"$x":[{"t":"idOrVar","v":"plural"},"value"]},{"$i":"days-until-short","$v":{"other":["peste ",{"t":"idOrVar","v":"value"}," z"],"zero":"astăzi"},"$x":[{"t":"idOrVar","v":"plural"},"value"]},{"$i":"incorrectDate","$v":"(dată incorectă)"},{"$i":"dateTimeFormat_%c","$v":"%a %b %e %Y %I:%M:%S %p"},{"$i":"dateTimeFormat_%x","$v":"%m/%d/%Y"},{"$i":"dateTimeFormat_%X","$v":"%I:%M:%S %p"},{"$i":"shortTimeFormat","$v":"%I:%M %p"},{"$i":"shortTimeFormat12","$v":"%I:%M %p"},{"$i":"shortTimeFormat24","$v":"%H:%M"},{"$i":"shortDateTimeFormat","$v":"%x %I:%M %p"},{"$i":"weekStartsOnMonday","$v":"0.0"},{"$i":"firstDayOfTheWeek","$v":"1.0"}]