[{"$i":"select","$v":"තෝරන්න"},{"$i":"deselect","$v":"තේරීම ඉවත් කරන්න"},{"$i":"kai-select","$v":"තෝරන්න"},{"$i":"invalid-image","$v":"වැරදි රූපය"},{"$i":"image-too-big","$v":"ගැලරියේ පෙන්නුම් කිරීමට රූපයේ විශාලත්වය විශාල වැඩිය"},{"$i":"image-invalid","$v":"රූපය අවලංගු හෝ කැඩී ඇති බැවින් එය ප්‍රදර්ශනය කළ නොහැක."},{"$i":"kai-selected-items-count","$v":[{"t":"idOrVar","v":"n"}," තෝරා ගැණිනි"]},{"$i":"delete-photo?","$v":"ඡායාරූපය මකන්නද?"},{"$i":"delete-video?","$v":"වීඩියෝව මකන්නද?"},{"$i":"deleting","$v":"මකමින්…"},{"$i":"delete-n-items?","$v":{"few":["අයිතම ",{"t":"idOrVar","v":"n"}," මකන්නද?"],"many":["අයිතම ",{"t":"idOrVar","v":"n"}," මකන්නද?"],"one":"තෝරාගත් අයිතමය මකන්න?","other":["අයිතම ",{"t":"idOrVar","v":"n"}," මකන්නද?"],"two":["අයිතම ",{"t":"idOrVar","v":"n"}," මකන්නද?"],"zero":"කිසිවක් තෝරා නැත"},"$x":[{"t":"idOrVar","v":"plural"},"n"]},{"$i":"kai-contact-set-ok","$v":"සම්බන්ධතා රූපය එකතු කරන ලදි."},{"$i":"kai-contact-set-fail","$v":"සම්බන්ධතා රූපය සැකසීමට අපොහොසත් විය."},{"$i":"kai-changes-saved","$v":"වෙනස්කම් සුරකින ලදි."},{"$i":"wallpaper-set","$v":"බිත්ති පුවත්පත සකසන ලදි."},{"$i":"kai-single-image-deleted","$v":"ඡායාරූපය මකා දමන ලදි."},{"$i":"kai-deleted-n-photos","$v":{"one":[{"t":"idOrVar","v":"n"}," ඡායාරූපයක් මැකුවා."],"other":["ඡායාරූප ",{"t":"idOrVar","v":"n"}," මැකුවා."]},"$x":[{"t":"idOrVar","v":"plural"},"n"]},{"$i":"kai-some-photos-not-share","$v":"සමහර ඡායාරූප බෙදාගත නොහැක"},{"$i":"pickoneimage2","$v":"තෝරන්න"},{"$i":"cropimage","$v":"කපන්න"},{"$i":"kai-on","$v":"ඔන් කරන්න"},{"$i":"kai-off","$v":"ඕෆ්"},{"$i":"cancel","$v":"අවලංගු කරන්න"},{"$i":"delete","$v":"මකන්න"},{"$i":"ok","$v":"OK"},{"$i":"edit","$v":"සංස්කරණය කරන්න"},{"$i":"revert","$v":"ප්‍රතිවර්තනය කරන්න"},{"$i":"save","$v":"සුරකින්න"},{"$i":"done","$v":"ඉටු කළා"},{"$i":"exposure","$v":"නිරාවරණය"},{"$i":"crop","$v":"බෝගය"},{"$i":"effects","$v":"බලපෑම්"},{"$i":"borders","$v":"සීමා"},{"$i":"enhance-on","$v":"ස්වයං - ප්‍රවර්ධනය ඔන්"},{"$i":"enhance-off","$v":"ස්වයං -ප්‍රවර්ධනය ඕෆ්"},{"$i":"kai-set","$v":"සකසන්න"},{"$i":"kai-options","$v":"විකල්ප"},{"$i":"kai-select-all","$v":"සියල්ල"},{"$i":"kai-deselect-all","$v":"කිසිත් නැත"},{"$i":"kai-rotate","$v":"භ්රමණය"},{"$i":"kai-share","$v":"හුවමාරු කරන්න"},{"$i":"kai-settings","$v":"පසුතල"},{"$i":"kai-set-as","$v":"ලෙස සකසන්න"},{"$i":"set-as-wallpaper","$v":"වෝල්පේපරය ලෙස සකසන්න"},{"$i":"kai-wallpaper","$v":"බිත්ති පුවත්පත"},{"$i":"kai-existing-contact-image","$v":"පවතින සම්බන්ධතා සඳහා රූපය"},{"$i":"kai-zoom","$v":"විශාලනය"},{"$i":"kai-zoom-in","$v":"විශාලනය කරන්න"},{"$i":"kai-zoom-out","$v":"කුඩා කරන්න"},{"$i":"kai-file-info","$v":"ගොනු තතු"},{"$i":"kai-select-multiple","$v":"කිහිපයක් තෝරන්න"},{"$i":"kai-edit-title","$v":"රූපය සංස්කරණය කරන්න"},{"$i":"kai-edit-exposure","$v":"නිරාවරණය"},{"$i":"kai-edit-crop","$v":"බෝගය"},{"$i":"kai-edit-rotate","$v":"භ්රමණය"},{"$i":"kai-edit-filters","$v":"පෙරහන්"},{"$i":"kai-edit-auto-correct","$v":"ස්වයං - නිවැරදි කිරීම"},{"$i":"edit-exposure","ariaLabel":"නිරාවරණය"},{"$i":"edit-crop","ariaLabel":"බෝගය"},{"$i":"edit-rotate","ariaLabel":"භ්රමණය"},{"$i":"edit-filters","ariaLabel":"පෙරහන්"},{"$i":"edit-auto-correct","ariaLabel":"ස්වයං - නිවැරදි කිරීම"},{"$i":"crop-none","ariaLabel":"කප්පාදුව නැවත හරවන්න"},{"$i":"crop-aspect-free","ariaLabel":"පෙරනිමිය"},{"$i":"crop-aspect-portrait","ariaLabel":"2:3"},{"$i":"crop-aspect-landscape","ariaLabel":"3:2"},{"$i":"crop-aspect-square","ariaLabel":"1:1"},{"$i":"edit-filters-none","ariaLabel":"පෙරහන 1"},{"$i":"edit-filters-bw","ariaLabel":"පෙරහන 2"},{"$i":"edit-filters-sepia","ariaLabel":"පෙරහන 3"},{"$i":"edit-filters-bluesteel","ariaLabel":"පෙරහන 4"},{"$i":"edit-filters-faded","ariaLabel":"පෙරහන 5"},{"$i":"original","$v":"මුල් පිටපත"},{"$i":"blackandwhite","$v":{"$o":"B&W"}},{"$i":"sepia","$v":"සෙපියා"},{"$i":"freeform","$v":"නොමිලේ ආකෘතිය"},{"$i":"portrait","$v":"සිරස්"},{"$i":"landscape","$v":"තිරස්"},{"$i":"square","$v":"කොටුව"},{"$i":"emptygallery2-title","$v":"කිසිදු ඡායාරූපයක් හෝ වීඩියෝවක් නැත"},{"$i":"emptygallery2-text","$v":"ගැලරිය හිස්. ආරම්භ කිරීමට කැමරාව භාවිතා කරන්න."},{"$i":"emptygallery2-title-pick","$v":"ඡායාරූප නැත"},{"$i":"emptygallery-text-pick","$v":"කිසිදු ඡායාරූපයක් නැත."},{"$i":"nocard3-title","$v":"මතක කාඩ්පත් නැත"},{"$i":"nocard4-text","$v":"මෙම යෙදුම භාවිතා කිරීමට මතක කාඩ්පතක් ඇතුළු කරන්න."},{"$i":"pluggedin2-title","$v":"මතක කාඩ්පත භාවිතයේ තිබේ"},{"$i":"pluggedin2-text","$v":"ගබඩාව පිරී ඇත. මෙම යෙදුම භාවිතා කිරීමට කරුණාකර දුරකථනයේ ප්ලගයෙන් ගලවන්න."},{"$i":"scanning-title","$v":"ස්කෑන් වේ"},{"$i":"scanning-text","$v":"ඡායාරූප සඳහා ස්කෑන් වේ ..."},{"$i":"upgrade-title","$v":"දත්ත පදනම උසස් කිරීම"},{"$i":"upgrade-text","$v":"ගැලරිය එහි දත්ත පදනම යාවත්කාලීන කරන තෙක් රැඳී සිටින්න."},{"$i":"share-noprovider","$v":"මෙම රූප ගොනු වර්ගය හුවමාරු කළ නොහැක."},{"$i":"memorycardfull","$v":"ගබඩාව පිරී ඇත. ඡායාරූප සංස්කරණය කළ නොහැක."},{"$i":"imagetoobig","$v":"මෙම තිරයේ පෙන්වීමට රූපය විශාල වැඩිය."},{"$i":"imageinvalid","$v":"රූපය වලංගු නොවේ නැතහොත් දූෂණය වී ප්‍රදර්ශනය කළ නොහැකිය."},{"$i":"saved","$v":[{"t":"idOrVar","v":"filename"}," ගැලරියට සුරැකිණි"]},{"$i":"edit-copy-saved","$v":"නව පිටපතක් සුරකින ලදි."},{"$i":"overlay-camera-button","$v":"කැමරාව වෙත යන්න"},{"$i":"name-label","$v":"නම"},{"$i":"size-label","$v":"විශාලත්වය"},{"$i":"image-type-label","$v":"රූප වර්ගය"},{"$i":"kai-date-and-time-label","$v":"දිනය සහ වේලාව"},{"$i":"date-taken-label","$v":"ලබා ගත් දිනය"},{"$i":"resolution-label","$v":"විභේදනය"},{"$i":"close-button","$v":"වසන්න"},{"$i":"path-label","$v":"පෙත"},{"$i":"sd-card","$v":"SD කාඩ්පත"},{"$i":"internal","$v":"අභ්‍යන්තර"},{"$i":"byteUnit-B","$v":"බයිට්ස්"},{"$i":"byteUnit-KB","$v":"KB"},{"$i":"byteUnit-MB","$v":"MB"},{"$i":"byteUnit-GB","$v":"GB"},{"$i":"gallery","$v":"ගැලරිය"},{"$i":"preview","$v":"පෙර දැක්ම"},{"$i":"kai-confirmation","$v":"තහවුරු කිරීම"},{"$i":"kai-delete-this-image","$v":"ඡායාරූපය මකන්නද?"},{"$i":"kai-delete-selected-image","$v":"තෝරාගත් ඡායාරූපය මකන්නද?"},{"$i":"kai-delete-selected-images","$v":"තෝරාගත් ඡායාරූප මකන්නද?"},{"$i":"kai-sort-by","$v":"සුබෙදන්න"},{"$i":"kai-group-by-date-and-location","$v":"දිනය අනුව සමූහය"},{"$i":"sort-and-group","$v":"වර්ග කර කාණ්ඩ කරන්න"},{"$i":"time_am","$v":"AM"},{"$i":"time_pm","$v":"PM"},{"$i":"date-group-header","$v":"%B %Y"},{"$i":"videoDescriptionShort","$v":"වීඩියෝවේ දිනය %I:%M %p, %B %e, %Y"},{"$i":"imageDescriptionShort","$v":"රූපයේ දිනය යොදන ලදි %I:%M %p, %B %e, %Y"},{"$i":"editImagePreview","ariaLabel":"රූපයේ පෙරදසුන වෙනස් කරන්න"},{"$i":"kai-pickoneimage","$v":"ඡායාරූපයක් තෝරන්න"},{"$i":"discard-changes-warning","$v":"සියලු වෙනස්කම් නැති වනු ඇත. වෙනස්කම් බැහැර කිරීමට ඔබ කැමතිද?"},{"$i":"save-changes-warning","$v":"සියලුම වෙනස්කම් ඉවතලනු ලැබේ. වෙනස්කම් සුරකින්න?"},{"$i":"discard","$v":"ඉවත් කරන්න"},{"$i":"camera","$v":"කැමරාව"},{"$i":"phone-is-full-title","$v":"දුරකථනයේ ගබඩාව පිරී ඇත"},{"$i":"sd-card-is-full-title","$v":"SD කාඩ්පත පිරී ඇත."},{"$i":"phone-is-full-content","$v":"ඉඩ නිදහස් කිරීමට මාධ්‍ය ගොනු හෝ යෙදුම් දත්ත මකන්න. ඔබට මාධ්‍ය ගබඩාව පුළුල් කිරීමට SD කාඩ්පතක් ඇතුල් කිරීමට ද හැකිය."},{"$i":"sd-card-is-full-content","$v":"ඉඩ නිදහස් කිරීමට SD කාඩ්පතේ ඇති ගොනු මකන්න."},{"$i":"favorite","$v":"ප්‍රියතම දෑ"},{"$i":"add-favorite","$v":"ප්රියතමයන්ට එක.කර."},{"$i":"remove-favorite","$v":"ප්‍රියතම නොවන"},{"$i":"emptyfavorite-text","$v":"ඔබට කැමතිම ඡායාරූප නොමැත."},{"$i":"donglePlay","$v":"වාදනය කරන්න"},{"$i":"softkey-options","$v":"විකල්ප"},{"$i":"imageDescription","$v":[{"t":"idOrVar","v":"orientation"}," අනුරුව, %I:%M %p, %B %e, %Y"]},{"$i":"imageDescriptionNoTimestamp","$v":[{"t":"idOrVar","v":"orientation"}," අනුරුව"]},{"$i":"videoDescription","$v":[{"t":"idOrVar","v":"orientation"}," වීඩියෝව, %I:%M %p, %B %e, %Y"]},{"$i":"videoDescriptionNoTimestamp","$v":[{"t":"idOrVar","v":"orientation"}," වීඩියෝව"]},{"$i":"orientationPortrait","$v":"සිරස්"},{"$i":"orientationLandscape","$v":"තිරස්"},{"$i":"playbackPlay","ariaLabel":"වාදනය කරන්න"},{"$i":"playbackPause","ariaLabel":"විරාම කරන්න"},{"$i":"playbackNext","ariaLabel":"ඊළඟ"},{"$i":"playbackPrevious","ariaLabel":"පෙර"},{"$i":"playbackFullscreen","ariaLabel":"පූර්ණ තිරය"},{"$i":"playbackSeekBar","ariaLabel":["සෙවීම් දණ්ඩේ, කාලසීමාව ",{"t":"idOrVar","v":"duration"}]},{"$i":"weekday-0-long","$v":"ඉරිදා"},{"$i":"weekday-1-long","$v":"සඳුදා"},{"$i":"weekday-2-long","$v":"අඟහරුවාදා"},{"$i":"weekday-3-long","$v":"බදාදා"},{"$i":"weekday-4-long","$v":"බ්‍රහස්පතින්දා"},{"$i":"weekday-5-long","$v":"සිකුරාදා"},{"$i":"weekday-6-long","$v":"සෙනසුරාදා"},{"$i":"weekday-0-short","$v":"ඉරිදා"},{"$i":"weekday-1-short","$v":"සඳු"},{"$i":"weekday-2-short","$v":"අඟ"},{"$i":"weekday-3-short","$v":"බදා"},{"$i":"weekday-4-short","$v":"බ්‍රහස්"},{"$i":"weekday-5-short","$v":"සිකු"},{"$i":"weekday-6-short","$v":"සෙන"},{"$i":"month-0-long","$v":"ජනවාරි"},{"$i":"month-1-long","$v":"පෙබරවාරි"},{"$i":"month-2-long","$v":"මාර්තු"},{"$i":"month-3-long","$v":"අප්‍රේල්"},{"$i":"month-4-long","$v":"මැයි"},{"$i":"month-5-long","$v":"ජුනි"},{"$i":"month-6-long","$v":"ජූලි"},{"$i":"month-7-long","$v":"අගෝස්තු"},{"$i":"month-8-long","$v":"සැප්තැම්බර්"},{"$i":"month-9-long","$v":"ඔක්තෝබර්"},{"$i":"month-10-long","$v":"නොවැම්බර්"},{"$i":"month-11-long","$v":"දෙසැම්බර්"},{"$i":"month-0-genitive","$v":"ජනවාරි"},{"$i":"month-1-genitive","$v":"පෙබරවාරි"},{"$i":"month-2-genitive","$v":"මාර්තු"},{"$i":"month-3-genitive","$v":"අප්‍රේල්"},{"$i":"month-4-genitive","$v":"මැයි"},{"$i":"month-5-genitive","$v":"ජූනි"},{"$i":"month-6-genitive","$v":"ජුලි"},{"$i":"month-7-genitive","$v":"අගෝස්තු"},{"$i":"month-8-genitive","$v":"සැප්තැම්බර්"},{"$i":"month-9-genitive","$v":"ඔක්තෝබර්"},{"$i":"month-10-genitive","$v":"නොවැම්බර්"},{"$i":"month-11-genitive","$v":"දෙසැම්බර්"},{"$i":"month-0-short","$v":"ජන"},{"$i":"month-1-short","$v":"පෙබ"},{"$i":"month-2-short","$v":"මාර්."},{"$i":"month-3-short","$v":"අප්‍රේ"},{"$i":"month-4-short","$v":"මැයි"},{"$i":"month-5-short","$v":"ජූනි"},{"$i":"month-6-short","$v":"ජූලි"},{"$i":"month-7-short","$v":"අගෝ"},{"$i":"month-8-short","$v":"සැප්"},{"$i":"month-9-short","$v":"ඔක්"},{"$i":"month-10-short","$v":"නොවැ"},{"$i":"month-11-short","$v":"දෙසැ"},{"$i":"minutes-ago-long","$v":{"few":[{"t":"idOrVar","v":"value"}," මිනිත්තුවකට පෙර"],"many":[{"t":"idOrVar","v":"value"}," මිනිත්තුවකට පෙර"],"other":[{"t":"idOrVar","v":"value"}," මිනිත්තුවකට පෙර"],"two":[{"t":"idOrVar","v":"value"}," මිනිත්තුවකට පෙර"],"one":"මිනිත්තුවකට පෙර","zero":"මේ දැන්"},"$x":[{"t":"idOrVar","v":"plural"},"value"]},{"$i":"hours-ago-long","$v":{"few":[{"t":"idOrVar","v":"value"}," පැයකට ඉහත"],"many":[{"t":"idOrVar","v":"value"}," පැයකට ඉහත"],"other":[{"t":"idOrVar","v":"value"}," පැයකට ඉහත"],"two":[{"t":"idOrVar","v":"value"}," පැයකට ඉහත"],"one":"පැය 1 කට පෙර","zero":"මේ දැන්"},"$x":[{"t":"idOrVar","v":"plural"},"value"]},{"$i":"days-ago-long","$v":{"few":[{"t":"idOrVar","v":"value"}," දවසකට ඉහත"],"many":[{"t":"idOrVar","v":"value"}," දවසකට ඉහත"],"one":"ඊයේ","other":[{"t":"idOrVar","v":"value"}," දවසකට ඉහත"],"two":[{"t":"idOrVar","v":"value"}," දවසකට ඉහත"],"zero":"අද"},"$x":[{"t":"idOrVar","v":"plural"},"value"]},{"$i":"weeks-ago-long","$v":{"few":[{"t":"idOrVar","v":"value"}," සතියකට ඉහත"],"many":[{"t":"idOrVar","v":"value"}," සතියකට ඉහත"],"one":"පසුගිය සතිය","other":[{"t":"idOrVar","v":"value"}," සතියකට ඉහත"],"two":[{"t":"idOrVar","v":"value"}," සතියකට ඉහත"],"zero":"මේ සතිය"},"$x":[{"t":"idOrVar","v":"plural"},"value"]},{"$i":"months-ago-long","$v":{"few":[{"t":"idOrVar","v":"value"}," මසකට ඉහත"],"many":[{"t":"idOrVar","v":"value"}," මසකට ඉහත"],"one":"අවසන් මාසය","other":[{"t":"idOrVar","v":"value"}," මසකට ඉහත"],"two":[{"t":"idOrVar","v":"value"}," මසකට ඉහත"],"zero":"මේ මාසය"},"$x":[{"t":"idOrVar","v":"plural"},"value"]},{"$i":"years-ago-long","$v":{"few":[{"t":"idOrVar","v":"value"}," වසරකට ඉහත"],"many":[{"t":"idOrVar","v":"value"}," වසරකට ඉහත"],"one":"පසුගිය වසර","other":[{"t":"idOrVar","v":"value"}," වසරකට ඉහත"],"two":[{"t":"idOrVar","v":"value"}," වසරකට ඉහත"],"zero":"මෙම වසර"},"$x":[{"t":"idOrVar","v":"plural"},"value"]},{"$i":"minutes-until-long","$v":{"few":["මිනිත්තු",{"t":"idOrVar","v":"value"}," කින්"],"many":["මිනිත්තු",{"t":"idOrVar","v":"value"}," කින්"],"other":["මිනිත්තු",{"t":"idOrVar","v":"value"}," කින්"],"two":["මිනිත්තු",{"t":"idOrVar","v":"value"}," කින්"],"zero":"දැන්","one":"මිනිත්තු 1 කින්"},"$x":[{"t":"idOrVar","v":"plural"},"value"]},{"$i":"hours-until-long","$v":{"few":["පැය ",{"t":"idOrVar","v":"value"}," කින්"],"many":["පැය ",{"t":"idOrVar","v":"value"}," කින්"],"other":["පැය ",{"t":"idOrVar","v":"value"}," කින්"],"two":["පැය ",{"t":"idOrVar","v":"value"}," කින්"],"zero":"දැන්","one":"පැය 1 කින්"},"$x":[{"t":"idOrVar","v":"plural"},"value"]},{"$i":"days-until-long","$v":{"few":["දින ",{"t":"idOrVar","v":"value"}," කින්"],"many":["දින ",{"t":"idOrVar","v":"value"}," කින්"],"one":"හෙට","other":["දින ",{"t":"idOrVar","v":"value"}," කින්"],"two":["දින ",{"t":"idOrVar","v":"value"}," කින්"],"zero":"අද"},"$x":[{"t":"idOrVar","v":"plural"},"value"]},{"$i":"weeks-until-long","$v":{"few":["සති ",{"t":"idOrVar","v":"value"}," කින්"],"many":["සති ",{"t":"idOrVar","v":"value"}," කින්"],"one":"ඊළඟ සතිය","other":["සති ",{"t":"idOrVar","v":"value"}," කින්"],"two":["සති ",{"t":"idOrVar","v":"value"}," කින්"],"zero":"මේ සතිය"},"$x":[{"t":"idOrVar","v":"plural"},"value"]},{"$i":"months-until-long","$v":{"few":["මාස ",{"t":"idOrVar","v":"value"}," කින්"],"many":["මාස ",{"t":"idOrVar","v":"value"}," කින්"],"one":"ඊළඟ මාසය","other":["මාස ",{"t":"idOrVar","v":"value"}," කින්"],"two":["මාස ",{"t":"idOrVar","v":"value"}," කින්"],"zero":"මේ මාසය"},"$x":[{"t":"idOrVar","v":"plural"},"value"]},{"$i":"years-until-long","$v":{"few":["වසර ",{"t":"idOrVar","v":"value"}," කින්"],"many":["වසර ",{"t":"idOrVar","v":"value"}," කින්"],"one":"ඊළඟ වසර","other":["වසර ",{"t":"idOrVar","v":"value"}," කින්"],"two":["වසර ",{"t":"idOrVar","v":"value"}," කින්"],"zero":"මෙම වසර"},"$x":[{"t":"idOrVar","v":"plural"},"value"]},{"$i":"minutes-ago-short","$v":{"other":[{"t":"idOrVar","v":"value"},"මි. පෙර"],"zero":"මේ දැන්"},"$x":[{"t":"idOrVar","v":"plural"},"value"]},{"$i":"hours-ago-short","$v":{"other":[{"t":"idOrVar","v":"value"},"පැ. පෙර"],"zero":"මේ දැන්"},"$x":[{"t":"idOrVar","v":"plural"},"value"]},{"$i":"days-ago-short","$v":{"other":[{"t":"idOrVar","v":"value"},"දි. පෙර"],"zero":"අද"},"$x":[{"t":"idOrVar","v":"plural"},"value"]},{"$i":"minutes-until-short","$v":{"other":["මාස ",{"t":"idOrVar","v":"value"},"කින්"],"zero":"දැන්"},"$x":[{"t":"idOrVar","v":"plural"},"value"]},{"$i":"hours-until-short","$v":{"other":["පැය ",{"t":"idOrVar","v":"value"},"කින්"],"zero":"දැන්"},"$x":[{"t":"idOrVar","v":"plural"},"value"]},{"$i":"days-until-short","$v":{"other":["දින ",{"t":"idOrVar","v":"value"},"කින්"],"zero":"අද"},"$x":[{"t":"idOrVar","v":"plural"},"value"]},{"$i":"incorrectDate","$v":"(වැරදිදිනය)"},{"$i":"dateTimeFormat_%c","$v":"%a %b %e %Y %I:%M:%S %p"},{"$i":"dateTimeFormat_%x","$v":"%m/%d/%Y"},{"$i":"dateTimeFormat_%X","$v":"%I:%M:%S %p"},{"$i":"shortTimeFormat","$v":"%I:%M %p"},{"$i":"shortTimeFormat12","$v":"%I:%M %p"},{"$i":"shortTimeFormat24","$v":"%H:%M"},{"$i":"shortDateTimeFormat","$v":"%x %I:%M %p"},{"$i":"weekStartsOnMonday","$v":"0.0"},{"$i":"firstDayOfTheWeek","$v":"0.0"}]