[{"$i":"select","$v":"Odaberi"},{"$i":"deselect","$v":"Poništi izbor"},{"$i":"kai-select","$v":"Odaberi"},{"$i":"invalid-image","$v":"Nevažeća slika"},{"$i":"image-too-big","$v":"Veličina datoteke slike je prevelika za prikaz u galeriji"},{"$i":"image-invalid","$v":"Није могуће приказати слику јер је неважећа или неисправна."},{"$i":"kai-selected-items-count","$v":[{"t":"idOrVar","v":"n"}," odabrane"]},{"$i":"delete-photo?","$v":"Izbrisati fotografiju?"},{"$i":"delete-video?","$v":"Izbrisati video snimak?"},{"$i":"deleting","$v":"Brisanje…"},{"$i":"delete-n-items?","$v":{"few":["Izbrisati ",{"t":"idOrVar","v":"n"}," stavki?"],"many":["Izbrisati ",{"t":"idOrVar","v":"n"}," stavki?"],"one":"Izbrisati odabranu stavku?","other":["Izbrisati ",{"t":"idOrVar","v":"n"}," stavki?"],"two":["Izbrisati ",{"t":"idOrVar","v":"n"}," stavki?"],"zero":"Ništa nije odabrano"},"$x":[{"t":"idOrVar","v":"plural"},"n"]},{"$i":"kai-contact-set-ok","$v":"Слика контакта је додата."},{"$i":"kai-contact-set-fail","$v":"Неуспешно подешавање слике контакта."},{"$i":"kai-changes-saved","$v":"Promene su sačuvane."},{"$i":"wallpaper-set","$v":"Pozadina podešena."},{"$i":"kai-single-image-deleted","$v":"Фотографија је избрисана."},{"$i":"kai-deleted-n-photos","$v":{"one":[{"t":"idOrVar","v":"n"}," fotografija je izbrisana"],"other":[{"t":"idOrVar","v":"n"}," fotografija je izbrisano"]},"$x":[{"t":"idOrVar","v":"plural"},"n"]},{"$i":"kai-some-photos-not-share","$v":"Неке фотографије се не могу делити"},{"$i":"pickoneimage2","$v":"Odaberi"},{"$i":"cropimage","$v":"Izreži"},{"$i":"kai-on","$v":"Uključeno"},{"$i":"kai-off","$v":"Isključeno"},{"$i":"cancel","$v":"Otkaži"},{"$i":"delete","$v":"Izbriši"},{"$i":"ok","$v":"OK"},{"$i":"edit","$v":"Uređivanje"},{"$i":"revert","$v":"Vrati na prethodno"},{"$i":"save","$v":"Sačuvaj"},{"$i":"done","$v":"Gotovo"},{"$i":"exposure","$v":"Ekspozicija"},{"$i":"crop","$v":"Izreži"},{"$i":"effects","$v":"Efekti"},{"$i":"borders","$v":"Granice"},{"$i":"enhance-on","$v":"Autom. poboljšanje je uključeno"},{"$i":"enhance-off","$v":"Autom. poboljšanje je isključeno"},{"$i":"kai-set","$v":"Комплет"},{"$i":"kai-options","$v":"Opcije"},{"$i":"kai-select-all","$v":"Sve"},{"$i":"kai-deselect-all","$v":"Nema"},{"$i":"kai-rotate","$v":"Rotiraj"},{"$i":"kai-share","$v":"Deli"},{"$i":"kai-settings","$v":"Podešavanja"},{"$i":"kai-set-as","$v":"Поставите као"},{"$i":"set-as-wallpaper","$v":"Podesi kao pozadinu"},{"$i":"kai-wallpaper","$v":"Pozadina"},{"$i":"kai-existing-contact-image","$v":"Слика за постојећи контакт"},{"$i":"kai-zoom","$v":"Uvećaj"},{"$i":"kai-zoom-in","$v":"Uvećaj"},{"$i":"kai-zoom-out","$v":"Umanji"},{"$i":"kai-file-info","$v":"Informacije o datoteci"},{"$i":"kai-select-multiple","$v":"Odaberi više"},{"$i":"kai-edit-title","$v":"Уреди слику"},{"$i":"kai-edit-exposure","$v":"Ekspozicija"},{"$i":"kai-edit-crop","$v":"Izreži"},{"$i":"kai-edit-rotate","$v":"Rotiraj"},{"$i":"kai-edit-filters","$v":"Filteri"},{"$i":"kai-edit-auto-correct","$v":"Autom. ispravljanje"},{"$i":"edit-exposure","ariaLabel":"Ekspozicija"},{"$i":"edit-crop","ariaLabel":"Izreži"},{"$i":"edit-rotate","ariaLabel":"Rotiraj"},{"$i":"edit-filters","ariaLabel":"Filteri"},{"$i":"edit-auto-correct","ariaLabel":"Autom. ispravljanje"},{"$i":"crop-none","ariaLabel":"Poništi isecanje"},{"$i":"crop-aspect-free","ariaLabel":"Podrazumevano"},{"$i":"crop-aspect-portrait","ariaLabel":"2:3"},{"$i":"crop-aspect-landscape","ariaLabel":"3:2"},{"$i":"crop-aspect-square","ariaLabel":"1:1"},{"$i":"edit-filters-none","ariaLabel":"Filter 1"},{"$i":"edit-filters-bw","ariaLabel":"Filter 2"},{"$i":"edit-filters-sepia","ariaLabel":"Filter 3"},{"$i":"edit-filters-bluesteel","ariaLabel":"Filter 4"},{"$i":"edit-filters-faded","ariaLabel":"Filter 5"},{"$i":"original","$v":"Original"},{"$i":"blackandwhite","$v":"Crno-belo"},{"$i":"sepia","$v":"Sep."},{"$i":"freeform","$v":"Slobodna forma"},{"$i":"portrait","$v":"Uspravno"},{"$i":"landscape","$v":"Položeno"},{"$i":"square","$v":"Kvadrat"},{"$i":"emptygallery2-title","$v":"Nema fotografija ili video snimaka"},{"$i":"emptygallery2-text","$v":"Galerija je prazna. Koristite kameru kako biste počeli sa radom."},{"$i":"emptygallery2-title-pick","$v":"Nema fotografija"},{"$i":"emptygallery-text-pick","$v":"Fotografije nisu dostupne."},{"$i":"nocard3-title","$v":"Nema memorijske kartice"},{"$i":"nocard4-text","$v":"Ubacite memorijsku karticu da biste koristili ovu aplikaciju."},{"$i":"pluggedin2-title","$v":"Memorijska kartica se trenutno koristi"},{"$i":"pluggedin2-text","$v":"Sklad. se koristi. Isklj. tel. sa priklj. da biste kor. ovu aplik."},{"$i":"scanning-title","$v":"Skeniranje"},{"$i":"scanning-text","$v":"Pretraga fotografija..."},{"$i":"upgrade-title","$v":"Nadogradnja baze podataka"},{"$i":"upgrade-text","$v":"Saček. dok galerija ažur. svoju bazu pod."},{"$i":"share-noprovider","$v":"Nije moguće podeliti ovaj tip slikovne datoteke."},{"$i":"memorycardfull","$v":"Skl. je puno. Nije mog. uređ. fot."},{"$i":"imagetoobig","$v":"Slika je prevelika za prikaz na ovom uređaju."},{"$i":"imageinvalid","$v":"Slika je nevažeća ili je oštećena i ne može se prikazati."},{"$i":"saved","$v":[{"t":"idOrVar","v":"filename"}," sačuvano u Galeriju"]},{"$i":"edit-copy-saved","$v":"Nova kopija sačuvana."},{"$i":"overlay-camera-button","$v":"Idi na kameru"},{"$i":"name-label","$v":"Ime"},{"$i":"size-label","$v":"Veličina"},{"$i":"image-type-label","$v":"Tip slike"},{"$i":"kai-date-and-time-label","$v":"Датум и време"},{"$i":"date-taken-label","$v":"Datum nastanka"},{"$i":"resolution-label","$v":"Rezolucija"},{"$i":"close-button","$v":"Zatvori"},{"$i":"path-label","$v":"Путања"},{"$i":"sd-card","$v":"SD kartica"},{"$i":"internal","$v":"Interno"},{"$i":"byteUnit-B","$v":"Bajtovi"},{"$i":"byteUnit-KB","$v":"KB"},{"$i":"byteUnit-MB","$v":"MB"},{"$i":"byteUnit-GB","$v":"GB"},{"$i":"gallery","$v":"Galerija"},{"$i":"preview","$v":"Pregled"},{"$i":"kai-confirmation","$v":"Potvrda"},{"$i":"kai-delete-this-image","$v":"Izbrisati fotografiju?"},{"$i":"kai-delete-selected-image","$v":"Желите ли избрисати одабрану фотографију?"},{"$i":"kai-delete-selected-images","$v":"Желите ли избрисати одабране фотографије?"},{"$i":"kai-sort-by","$v":"Sortiraj po"},{"$i":"kai-group-by-date-and-location","$v":"Груписање по датуму"},{"$i":"sort-and-group","$v":"Sortiraj i grupiši"},{"$i":"time_am","$v":"AM"},{"$i":"time_pm","$v":"Posle podne"},{"$i":"date-group-header","$v":"%B %Y"},{"$i":"videoDescriptionShort","$v":"Video snimak s datumom %I:%M %p, %B %e, %Y"},{"$i":"imageDescriptionShort","$v":"Slika sa datumom %I:%M %p, %B %e, %Y"},{"$i":"editImagePreview","ariaLabel":"Uredi pregled slike"},{"$i":"kai-pickoneimage","$v":"Изаберите фотографију"},{"$i":"discard-changes-warning","$v":"Sve promene će biti izgubljene. Želite li da odbacite promene?"},{"$i":"save-changes-warning","$v":"Све промене ће бити одбачене. Сачувај промене?"},{"$i":"discard","$v":"Odbaci"},{"$i":"camera","$v":"Fotoaparat"},{"$i":"phone-is-full-title","$v":"Skladište telefona je puno"},{"$i":"sd-card-is-full-title","$v":"SD kartica je puna."},{"$i":"phone-is-full-content","$v":"Obrišite medijske datoteke ili podatke aplikacija da biste oslobodili prostor. Možete i da ubacite SD karticu i proširite skladište za medije."},{"$i":"sd-card-is-full-content","$v":"Obrišite datoteke sa SD kartice da biste oslobodili prostor."},{"$i":"favorite","$v":"Favoriti"},{"$i":"add-favorite","$v":"Dodaj u omiljene"},{"$i":"remove-favorite","$v":"Ukloni omiljeno"},{"$i":"emptyfavorite-text","$v":"Немате омиљене фотографије."},{"$i":"donglePlay","$v":"Reprodukuj"},{"$i":"softkey-options","$v":"Opcije"},{"$i":"imageDescription","$v":[{"t":"idOrVar","v":"orientation"}," slika, %I:%M %p, %B %e, %Y"]},{"$i":"imageDescriptionNoTimestamp","$v":[{"t":"idOrVar","v":"orientation"}," slika"]},{"$i":"videoDescription","$v":[{"t":"idOrVar","v":"orientation"}," video snimak, %I:%M %p, %B %e, %Y"]},{"$i":"videoDescriptionNoTimestamp","$v":[{"t":"idOrVar","v":"orientation"}," video snimak"]},{"$i":"orientationPortrait","$v":"uspravno"},{"$i":"orientationLandscape","$v":"položeno"},{"$i":"playbackPlay","ariaLabel":"Pusti"},{"$i":"playbackPause","ariaLabel":"Pauziraj"},{"$i":"playbackNext","ariaLabel":"Dalje"},{"$i":"playbackPrevious","ariaLabel":"Prethodno"},{"$i":"playbackFullscreen","ariaLabel":"Puni ekran"},{"$i":"playbackSeekBar","ariaLabel":["TrakPretr, traj.",{"t":"idOrVar","v":"duration"}]},{"$i":"weekday-0-long","$v":"Nedelja"},{"$i":"weekday-1-long","$v":"Ponedeljak"},{"$i":"weekday-2-long","$v":"Utorak"},{"$i":"weekday-3-long","$v":"Sreda"},{"$i":"weekday-4-long","$v":"Četvrtak"},{"$i":"weekday-5-long","$v":"Petak"},{"$i":"weekday-6-long","$v":"Subota"},{"$i":"weekday-0-short","$v":"Ned"},{"$i":"weekday-1-short","$v":"Pon"},{"$i":"weekday-2-short","$v":"Uto"},{"$i":"weekday-3-short","$v":"Sre"},{"$i":"weekday-4-short","$v":"Čet"},{"$i":"weekday-5-short","$v":"Pet"},{"$i":"weekday-6-short","$v":"Sub"},{"$i":"month-0-long","$v":"Januar"},{"$i":"month-1-long","$v":"Februar"},{"$i":"month-2-long","$v":"Mart"},{"$i":"month-3-long","$v":"April"},{"$i":"month-4-long","$v":"Maj"},{"$i":"month-5-long","$v":"Jun"},{"$i":"month-6-long","$v":"Jul"},{"$i":"month-7-long","$v":"Avgust"},{"$i":"month-8-long","$v":"Septembar"},{"$i":"month-9-long","$v":"Oktobar"},{"$i":"month-10-long","$v":"Novembar"},{"$i":"month-11-long","$v":"Decembar"},{"$i":"month-0-genitive","$v":"Januar"},{"$i":"month-1-genitive","$v":"Februar"},{"$i":"month-2-genitive","$v":"Mart"},{"$i":"month-3-genitive","$v":"April"},{"$i":"month-4-genitive","$v":"Maj"},{"$i":"month-5-genitive","$v":"Jun"},{"$i":"month-6-genitive","$v":"Jul"},{"$i":"month-7-genitive","$v":"Avgust"},{"$i":"month-8-genitive","$v":"Septembar"},{"$i":"month-9-genitive","$v":"Oktobar"},{"$i":"month-10-genitive","$v":"Novembar"},{"$i":"month-11-genitive","$v":"Decembar"},{"$i":"month-0-short","$v":"Jan"},{"$i":"month-1-short","$v":"Feb"},{"$i":"month-2-short","$v":"Mar"},{"$i":"month-3-short","$v":"Apr"},{"$i":"month-4-short","$v":"Maj"},{"$i":"month-5-short","$v":"Jun"},{"$i":"month-6-short","$v":"Jul"},{"$i":"month-7-short","$v":"Avg"},{"$i":"month-8-short","$v":"Sep"},{"$i":"month-9-short","$v":"Okt"},{"$i":"month-10-short","$v":"Nov"},{"$i":"month-11-short","$v":"Dec"},{"$i":"minutes-ago-long","$v":{"few":["Pre ",{"t":"idOrVar","v":"value"}," minuta"],"many":["Pre ",{"t":"idOrVar","v":"value"}," minuta"],"other":["Pre ",{"t":"idOrVar","v":"value"}," minuta"],"two":["Pre ",{"t":"idOrVar","v":"value"}," minuta"],"one":"pre jednog minuta","zero":"malopre"},"$x":[{"t":"idOrVar","v":"plural"},"value"]},{"$i":"hours-ago-long","$v":{"few":["Pre ovoliko sati: ",{"t":"idOrVar","v":"value"}],"many":["Pre ovoliko sati: ",{"t":"idOrVar","v":"value"}],"other":["Pre ovoliko sati: ",{"t":"idOrVar","v":"value"}],"two":["Pre ovoliko sati: ",{"t":"idOrVar","v":"value"}],"one":"пре 1 сат","zero":"malopre"},"$x":[{"t":"idOrVar","v":"plural"},"value"]},{"$i":"days-ago-long","$v":{"few":["Pre ",{"t":"idOrVar","v":"value"}," dana"],"many":["Pre ",{"t":"idOrVar","v":"value"}," dana"],"one":"juče","other":["Pre ",{"t":"idOrVar","v":"value"}," dana"],"two":["Pre ",{"t":"idOrVar","v":"value"}," dana"],"zero":"danas"},"$x":[{"t":"idOrVar","v":"plural"},"value"]},{"$i":"weeks-ago-long","$v":{"few":["Pre ovoliko nedelja: ",{"t":"idOrVar","v":"value"}],"many":["Pre ovoliko nedelja: ",{"t":"idOrVar","v":"value"}],"one":"prošle nedelje","other":["Pre ovoliko nedelja: ",{"t":"idOrVar","v":"value"}],"two":["Pre ovoliko nedelja: ",{"t":"idOrVar","v":"value"}],"zero":"ove nedelje"},"$x":[{"t":"idOrVar","v":"plural"},"value"]},{"$i":"months-ago-long","$v":{"few":["Pre ovoliko meseci: ",{"t":"idOrVar","v":"value"}],"many":["Pre ovoliko meseci: ",{"t":"idOrVar","v":"value"}],"one":"prošli mesec","other":["Pre ovoliko meseci: ",{"t":"idOrVar","v":"value"}],"two":["Pre ovoliko meseci: ",{"t":"idOrVar","v":"value"}],"zero":"ovog meseca"},"$x":[{"t":"idOrVar","v":"plural"},"value"]},{"$i":"years-ago-long","$v":{"few":["Pre ovoliko godina: ",{"t":"idOrVar","v":"value"}],"many":["Pre ovoliko godina: ",{"t":"idOrVar","v":"value"}],"one":"prošle godine","other":["Pre ovoliko godina: ",{"t":"idOrVar","v":"value"}],"two":["Pre ovoliko godina: ",{"t":"idOrVar","v":"value"}],"zero":"ove godine"},"$x":[{"t":"idOrVar","v":"plural"},"value"]},{"$i":"minutes-until-long","$v":{"few":["za ",{"t":"idOrVar","v":"value"}," minuta"],"many":["za ",{"t":"idOrVar","v":"value"}," minuta"],"other":["za ",{"t":"idOrVar","v":"value"}," minuta"],"two":["za ",{"t":"idOrVar","v":"value"}," minuta"],"zero":"sada","one":"за 1 минут"},"$x":[{"t":"idOrVar","v":"plural"},"value"]},{"$i":"hours-until-long","$v":{"few":["za ",{"t":"idOrVar","v":"value"}," sata/i"],"many":["za ",{"t":"idOrVar","v":"value"}," sata/i"],"other":["za ",{"t":"idOrVar","v":"value"}," sata/i"],"two":["za ",{"t":"idOrVar","v":"value"}," sata/i"],"zero":"sada","one":"за 1 сат"},"$x":[{"t":"idOrVar","v":"plural"},"value"]},{"$i":"days-until-long","$v":{"few":["za ",{"t":"idOrVar","v":"value"}," dana"],"many":["za ",{"t":"idOrVar","v":"value"}," dana"],"one":"sutra","other":["za ",{"t":"idOrVar","v":"value"}," dana"],"two":["za ",{"t":"idOrVar","v":"value"}," dana"],"zero":"danas"},"$x":[{"t":"idOrVar","v":"plural"},"value"]},{"$i":"weeks-until-long","$v":{"few":["za ",{"t":"idOrVar","v":"value"}," nedelje/a"],"many":["za ",{"t":"idOrVar","v":"value"}," nedelje/a"],"one":"sledeća nedelja","other":["za ",{"t":"idOrVar","v":"value"}," nedelje/a"],"two":["za ",{"t":"idOrVar","v":"value"}," nedelje/a"],"zero":"ove nedelje"},"$x":[{"t":"idOrVar","v":"plural"},"value"]},{"$i":"months-until-long","$v":{"few":["za ",{"t":"idOrVar","v":"value"}," meseca/i"],"many":["za ",{"t":"idOrVar","v":"value"}," meseca/i"],"one":"sledeći mesec","other":["za ",{"t":"idOrVar","v":"value"}," meseca/i"],"two":["za ",{"t":"idOrVar","v":"value"}," meseca/i"],"zero":"ovog meseca"},"$x":[{"t":"idOrVar","v":"plural"},"value"]},{"$i":"years-until-long","$v":{"few":["za ",{"t":"idOrVar","v":"value"}," godine/a"],"many":["za ",{"t":"idOrVar","v":"value"}," godine/a"],"one":"sledeća godina","other":["za ",{"t":"idOrVar","v":"value"}," godine/a"],"two":["za ",{"t":"idOrVar","v":"value"}," godine/a"],"zero":"ove godine"},"$x":[{"t":"idOrVar","v":"plural"},"value"]},{"$i":"minutes-ago-short","$v":{"other":["Pre ",{"t":"idOrVar","v":"value"}," m"],"zero":"malopre"},"$x":[{"t":"idOrVar","v":"plural"},"value"]},{"$i":"hours-ago-short","$v":{"other":["Pre ",{"t":"idOrVar","v":"value"}," h"],"zero":"malopre"},"$x":[{"t":"idOrVar","v":"plural"},"value"]},{"$i":"days-ago-short","$v":{"other":["Pre ",{"t":"idOrVar","v":"value"}," d"],"zero":"danas"},"$x":[{"t":"idOrVar","v":"plural"},"value"]},{"$i":"minutes-until-short","$v":{"other":["za ",{"t":"idOrVar","v":"value"}," m"],"zero":"sada"},"$x":[{"t":"idOrVar","v":"plural"},"value"]},{"$i":"hours-until-short","$v":{"other":["za ",{"t":"idOrVar","v":"value"}," h"],"zero":"sada"},"$x":[{"t":"idOrVar","v":"plural"},"value"]},{"$i":"days-until-short","$v":{"other":["za ",{"t":"idOrVar","v":"value"}," d"],"zero":"danas"},"$x":[{"t":"idOrVar","v":"plural"},"value"]},{"$i":"incorrectDate","$v":"(netačan datum)"},{"$i":"dateTimeFormat_%c","$v":"%a %b %e %Y %I:%M:%S %p"},{"$i":"dateTimeFormat_%x","$v":"%m/%d/%Y"},{"$i":"dateTimeFormat_%X","$v":"%I:%M:%S %p"},{"$i":"shortTimeFormat","$v":"%I:%M %p"},{"$i":"shortTimeFormat12","$v":"%I:%M %p"},{"$i":"shortTimeFormat24","$v":"%H:%M"},{"$i":"shortDateTimeFormat","$v":"%x %I:%M %p"},{"$i":"weekStartsOnMonday","$v":"0.0"},{"$i":"firstDayOfTheWeek","$v":"1.0"}]