[{"$i":"select","$v":"Chagua"},{"$i":"deselect","$v":"Tengua uteuzi"},{"$i":"kai-select","$v":"Chagua"},{"$i":"invalid-image","$v":"Picha Sio Halali"},{"$i":"image-too-big","$v":"Ukubwa wa faili ya picha ni mkubwa sana kuonyesha katika galari."},{"$i":"image-invalid","$v":"Haijaweza kuonyesha picha kwa sababu ni batili au imevurugika."},{"$i":"kai-selected-items-count","$v":[{"t":"idOrVar","v":"n"}," zimechaguliwa"]},{"$i":"delete-photo?","$v":"Unataka kufuta picha?"},{"$i":"delete-video?","$v":"Unataka kufuta video?"},{"$i":"deleting","$v":"Inafuta…"},{"$i":"delete-n-items?","$v":{"few":["Unataka kufuta vipengele ",{"t":"idOrVar","v":"n"},"?"],"many":["Unataka kufuta vipengele ",{"t":"idOrVar","v":"n"},"?"],"one":"Unataka kufuta kipengele kimoja?","other":["Unataka kufuta vipengele ",{"t":"idOrVar","v":"n"},"?"],"two":["Unataka kufuta vipengele ",{"t":"idOrVar","v":"n"},"?"],"zero":"Hakuna wimbo umechaguliwa"},"$x":[{"t":"idOrVar","v":"plural"},"n"]},{"$i":"kai-contact-set-ok","$v":"Picha ya anwani imeongezwa"},{"$i":"kai-contact-set-fail","$v":"Haijafaulu kuweka picha ya anwani"},{"$i":"kai-changes-saved","$v":"Mabadiliko yamehifadhiwa"},{"$i":"wallpaper-set","$v":"Pazia imewekwa"},{"$i":"kai-single-image-deleted","$v":"Picha imefutwa."},{"$i":"kai-deleted-n-photos","$v":{"one":["Picha ",{"t":"idOrVar","v":"n"}," imefutwa"],"other":["Picha ",{"t":"idOrVar","v":"n"}," zimefutwa"]},"$x":[{"t":"idOrVar","v":"plural"},"n"]},{"$i":"kai-some-photos-not-share","$v":"Baadhi ya picha haziwezi kushirikiwa"},{"$i":"pickoneimage2","$v":"Chagua"},{"$i":"cropimage","$v":"Pogoa"},{"$i":"kai-on","$v":"Washa"},{"$i":"kai-off","$v":"Zima"},{"$i":"cancel","$v":"Ghairi"},{"$i":"delete","$v":"Futa"},{"$i":"ok","$v":"SAWA"},{"$i":"edit","$v":"Hariri"},{"$i":"revert","$v":"Regesha"},{"$i":"save","$v":"Hifadhi"},{"$i":"done","$v":"Gotoka"},{"$i":"exposure","$v":"Mfiduo"},{"$i":"crop","$v":"Pogoa"},{"$i":"effects","$v":"Matokeo"},{"$i":"borders","$v":"Mipaka"},{"$i":"enhance-on","$v":"Uboreshaji otomatiki umewashwa"},{"$i":"enhance-off","$v":"Uboreshaji otomatiki umezimwa"},{"$i":"kai-set","$v":"Weka"},{"$i":"kai-options","$v":"Chaguo"},{"$i":"kai-select-all","$v":"Zote"},{"$i":"kai-deselect-all","$v":"Hamna"},{"$i":"kai-rotate","$v":"Zungusha"},{"$i":"kai-share","$v":"Shiriki"},{"$i":"kai-settings","$v":"Mipangilio"},{"$i":"kai-set-as","$v":"Weka kama"},{"$i":"set-as-wallpaper","$v":"Weka kama pazia"},{"$i":"kai-wallpaper","$v":"Pazia"},{"$i":"kai-existing-contact-image","$v":"Picha ya anwani iliyopo"},{"$i":"kai-zoom","$v":"Kuza"},{"$i":"kai-zoom-in","$v":"Kuza Zaidi"},{"$i":"kai-zoom-out","$v":"Fifiza"},{"$i":"kai-file-info","$v":"Maelezo ya Faili"},{"$i":"kai-select-multiple","$v":"Chagua Picha Nyingi"},{"$i":"kai-edit-title","$v":"Hariri Picha"},{"$i":"kai-edit-exposure","$v":"Mfiduo"},{"$i":"kai-edit-crop","$v":"Pogoa"},{"$i":"kai-edit-rotate","$v":"Zungusha"},{"$i":"kai-edit-filters","$v":"Vichujio"},{"$i":"kai-edit-auto-correct","$v":"Usahihishaji otomatiki"},{"$i":"edit-exposure","ariaLabel":"Mfiduo"},{"$i":"edit-crop","ariaLabel":"Pogoa"},{"$i":"edit-rotate","ariaLabel":"Zungusha"},{"$i":"edit-filters","ariaLabel":"Vichujio"},{"$i":"edit-auto-correct","ariaLabel":"Usahihishaji otomatiki"},{"$i":"crop-none","ariaLabel":"Tengua upogoaji"},{"$i":"crop-aspect-free","ariaLabel":"Chaguo-msingi"},{"$i":"crop-aspect-portrait","ariaLabel":"2:3"},{"$i":"crop-aspect-landscape","ariaLabel":"3:2"},{"$i":"crop-aspect-square","ariaLabel":"1:1"},{"$i":"edit-filters-none","ariaLabel":"Kichujio 1"},{"$i":"edit-filters-bw","ariaLabel":"Kichujio 2"},{"$i":"edit-filters-sepia","ariaLabel":"Kichujio 3"},{"$i":"edit-filters-bluesteel","ariaLabel":"Kichujio 4"},{"$i":"edit-filters-faded","ariaLabel":"Kichujio 5"},{"$i":"original","$v":"Asili"},{"$i":"blackandwhite","$v":{"$o":"B&W"}},{"$i":"sepia","$v":"Wino wa ngisi"},{"$i":"freeform","$v":"Umbo huru"},{"$i":"portrait","$v":"Kurasa-wima"},{"$i":"landscape","$v":"Mandhari-mlalo"},{"$i":"square","$v":"Mraba"},{"$i":"emptygallery2-title","$v":"Hakuna picha au video"},{"$i":"emptygallery2-text","$v":"Galari ni tupu. Tumia kamera ili uanze."},{"$i":"emptygallery2-title-pick","$v":"Hakuna picha"},{"$i":"emptygallery-text-pick","$v":"Hakuna picha zinapatikana."},{"$i":"nocard3-title","$v":"Hakuna kadi ya kumbukumbu"},{"$i":"nocard4-text","$v":"Ingiza kadi ya kumbukumbu ili utumie programu hii."},{"$i":"pluggedin2-title","$v":"Kadi ya kumbukumbu inatumika"},{"$i":"pluggedin2-text","$v":"Hifadhi inatumika. Tafadhali chomoa simu ili utumie programu hii."},{"$i":"scanning-title","$v":"Kutambaza"},{"$i":"scanning-text","$v":"Inatambaza ikitafuta picha..."},{"$i":"upgrade-title","$v":"Sasisho la Hidadhidata"},{"$i":"upgrade-text","$v":"Tafadhali subiri Galari isasishe hifadhidata yake."},{"$i":"share-noprovider","$v":"Huwezi kushiriki aina hii ya faili ya picha."},{"$i":"memorycardfull","$v":"Hifadhi imejaa. Huwezi kuhariri picha."},{"$i":"imagetoobig","$v":"Picha ni kubwa sana kuonyeshwa kwenye kifaa hiki."},{"$i":"imageinvalid","$v":"Picha sio sahihi au imevurugika na haiwezi kuonyeshwa."},{"$i":"saved","$v":[{"t":"idOrVar","v":"filename"}," imehifadhiwa kwenye Galari"]},{"$i":"edit-copy-saved","$v":"Nakala mpya imehifadhiwa."},{"$i":"overlay-camera-button","$v":"Nenda kwenye Kamera"},{"$i":"name-label","$v":"Jina"},{"$i":"size-label","$v":"Ukubwa"},{"$i":"image-type-label","$v":"Aina ya Picha"},{"$i":"kai-date-and-time-label","$v":"Tarehe na Saa"},{"$i":"date-taken-label","$v":"Tarehe Iliyopigwa"},{"$i":"resolution-label","$v":"Msongo"},{"$i":"close-button","$v":"Funga"},{"$i":"path-label","$v":"Njia"},{"$i":"sd-card","$v":"Kadi ya SD"},{"$i":"internal","$v":"Ndani"},{"$i":"byteUnit-B","$v":"Baiti"},{"$i":"byteUnit-KB","$v":"KB"},{"$i":"byteUnit-MB","$v":"MB"},{"$i":"byteUnit-GB","$v":"GB"},{"$i":"gallery","$v":"Galari"},{"$i":"preview","$v":"Uhakiki"},{"$i":"kai-confirmation","$v":"Uthibitishaji"},{"$i":"kai-delete-this-image","$v":"Unataka kufuta picha?"},{"$i":"kai-delete-selected-image","$v":"Unataka kufuta picha iliyochaguliwa?"},{"$i":"kai-delete-selected-images","$v":"Unataka kufuta picha zilizochaguliwa?"},{"$i":"kai-sort-by","$v":"Panga kwa"},{"$i":"kai-group-by-date-and-location","$v":"Panga kwenye Makundi kulingana na Tarehe"},{"$i":"sort-and-group","$v":"Panga na Uweke kwenye Vikundi"},{"$i":"time_am","$v":"Asubuhi"},{"$i":"time_pm","$v":"PM"},{"$i":"date-group-header","$v":"%B %Y"},{"$i":"videoDescriptionShort","$v":"Tarehe ya video %I:%M %p, %B %e, %Y"},{"$i":"imageDescriptionShort","$v":"Tarehe ya picha %I:%M %p, %B %e, %Y"},{"$i":"editImagePreview","ariaLabel":"Hariri uhakiki wa picha"},{"$i":"kai-pickoneimage","$v":"Chagua Picha"},{"$i":"discard-changes-warning","$v":"Mabadiliko yote yatapotea. Ungependa kufuta mabadiliko?"},{"$i":"save-changes-warning","$v":"Mabadiliko yote yataondolewa. Ungependa kuhifadhi mabadiliko?"},{"$i":"discard","$v":"Tupa"},{"$i":"camera","$v":"Kamera"},{"$i":"phone-is-full-title","$v":"Hifadhi ya Simu Imejaa"},{"$i":"sd-card-is-full-title","$v":"SD Kadi Imejaa"},{"$i":"phone-is-full-content","$v":"Futa faili za maudhui ya kucheza au data ya programu ili upate nafasi zaidi. Pia unaweza kuweka SD kadi ili uongeze nafasi ya hifadhi ya maudhui."},{"$i":"sd-card-is-full-content","$v":"Futa faili zilizo katika SD kadi ili upate nafasi zaidi."},{"$i":"favorite","$v":"Vipendwa"},{"$i":"add-favorite","$v":"Ongeza kwenye vipendwa"},{"$i":"remove-favorite","$v":"Ondoa kutoka kwenye vipendwa"},{"$i":"emptyfavorite-text","$v":"Huna picha zozote unazozipenda."},{"$i":"donglePlay","$v":"Cheza"},{"$i":"softkey-options","$v":"Machaguo"},{"$i":"imageDescription","$v":["Picha ",{"t":"idOrVar","v":"orientation"},", %I:%M %p, %B %e, %Y"]},{"$i":"imageDescriptionNoTimestamp","$v":["Picha ",{"t":"idOrVar","v":"orientation"}]},{"$i":"videoDescription","$v":["Video ",{"t":"idOrVar","v":"orientation"},", %I:%M %p, %B %e, %Y"]},{"$i":"videoDescriptionNoTimestamp","$v":["Video ya ",{"t":"idOrVar","v":"orientation"}]},{"$i":"orientationPortrait","$v":"kurasa wima"},{"$i":"orientationLandscape","$v":"mandhari-mlalo"},{"$i":"playbackPlay","ariaLabel":"Cheza"},{"$i":"playbackPause","ariaLabel":"Simamisha"},{"$i":"playbackNext","ariaLabel":"Inayofuata"},{"$i":"playbackPrevious","ariaLabel":"Awali"},{"$i":"playbackFullscreen","ariaLabel":"Skrini nzima"},{"$i":"playbackSeekBar","ariaLabel":["Tafuta mwambaa, muda ",{"t":"idOrVar","v":"duration"}]},{"$i":"weekday-0-long","$v":"Jumapili"},{"$i":"weekday-1-long","$v":"Jumatatu"},{"$i":"weekday-2-long","$v":"Jumanne"},{"$i":"weekday-3-long","$v":"Jumatano"},{"$i":"weekday-4-long","$v":"Alhamisi"},{"$i":"weekday-5-long","$v":"Ijumaa"},{"$i":"weekday-6-long","$v":"Jumamosi"},{"$i":"weekday-0-short","$v":"Jumapili"},{"$i":"weekday-1-short","$v":"Jumatatu"},{"$i":"weekday-2-short","$v":"Jumanne"},{"$i":"weekday-3-short","$v":"Jumatano"},{"$i":"weekday-4-short","$v":"Alhamisi"},{"$i":"weekday-5-short","$v":"Ijumaa"},{"$i":"weekday-6-short","$v":"Jumamosi"},{"$i":"month-0-long","$v":"Januari"},{"$i":"month-1-long","$v":"Februari"},{"$i":"month-2-long","$v":"Machi"},{"$i":"month-3-long","$v":"Aprili"},{"$i":"month-4-long","$v":"Mei"},{"$i":"month-5-long","$v":"Juni"},{"$i":"month-6-long","$v":"Julai"},{"$i":"month-7-long","$v":"Agosti"},{"$i":"month-8-long","$v":"Septemba"},{"$i":"month-9-long","$v":"Oktoba"},{"$i":"month-10-long","$v":"Novemba"},{"$i":"month-11-long","$v":"Desemba"},{"$i":"month-0-genitive","$v":"Januari"},{"$i":"month-1-genitive","$v":"Februari"},{"$i":"month-2-genitive","$v":"Machi"},{"$i":"month-3-genitive","$v":"Aprili"},{"$i":"month-4-genitive","$v":"Mei"},{"$i":"month-5-genitive","$v":"Juni"},{"$i":"month-6-genitive","$v":"Julai"},{"$i":"month-7-genitive","$v":"Agosti"},{"$i":"month-8-genitive","$v":"Septemba"},{"$i":"month-9-genitive","$v":"Oktoba"},{"$i":"month-10-genitive","$v":"Novemba"},{"$i":"month-11-genitive","$v":"Desemba"},{"$i":"month-0-short","$v":"Januari"},{"$i":"month-1-short","$v":"Februari"},{"$i":"month-2-short","$v":"Machi"},{"$i":"month-3-short","$v":"Aprili"},{"$i":"month-4-short","$v":"Mei"},{"$i":"month-5-short","$v":"Juni"},{"$i":"month-6-short","$v":"Julai"},{"$i":"month-7-short","$v":"Agosti"},{"$i":"month-8-short","$v":"Septemba"},{"$i":"month-9-short","$v":"Oktoba"},{"$i":"month-10-short","$v":"Novemba"},{"$i":"month-11-short","$v":"Disemba"},{"$i":"minutes-ago-long","$v":{"few":["dakika ",{"t":"idOrVar","v":"value"}," zilizopita"],"many":["dakika ",{"t":"idOrVar","v":"value"}," zilizopita"],"other":["dakika ",{"t":"idOrVar","v":"value"}," zilizopita"],"two":["dakika ",{"t":"idOrVar","v":"value"}," zilizopita"],"one":"dakika moja iliyopita","zero":"Sasa Hivi"},"$x":[{"t":"idOrVar","v":"plural"},"value"]},{"$i":"hours-ago-long","$v":{"few":["saa ",{"t":"idOrVar","v":"value"}," zilizopita"],"many":["saa ",{"t":"idOrVar","v":"value"}," zilizopita"],"other":["saa ",{"t":"idOrVar","v":"value"}," zilizopita"],"two":["saa ",{"t":"idOrVar","v":"value"}," zilizopita"],"one":"saa moja iliyopita","zero":"Sasa Hivi"},"$x":[{"t":"idOrVar","v":"plural"},"value"]},{"$i":"days-ago-long","$v":{"few":["Siku ",{"t":"idOrVar","v":"value"}," zilizopita"],"many":["Siku ",{"t":"idOrVar","v":"value"}," zilizopita"],"one":"jana","other":["Siku ",{"t":"idOrVar","v":"value"}," zilizopita"],"two":["Siku ",{"t":"idOrVar","v":"value"}," zilizopita"],"zero":"leo"},"$x":[{"t":"idOrVar","v":"plural"},"value"]},{"$i":"weeks-ago-long","$v":{"few":["wiki ",{"t":"idOrVar","v":"value"}," zilizopita"],"many":["wiki ",{"t":"idOrVar","v":"value"}," zilizopita"],"one":"wiki iliyopita","other":["wiki ",{"t":"idOrVar","v":"value"}," zilizopita"],"two":["wiki ",{"t":"idOrVar","v":"value"}," zilizopita"],"zero":"wiki hii"},"$x":[{"t":"idOrVar","v":"plural"},"value"]},{"$i":"months-ago-long","$v":{"few":["miezi ",{"t":"idOrVar","v":"value"}," iliyopita"],"many":["miezi ",{"t":"idOrVar","v":"value"}," iliyopita"],"one":"mwezi uliopita","other":["miezi ",{"t":"idOrVar","v":"value"}," iliyopita"],"two":["miezi ",{"t":"idOrVar","v":"value"}," iliyopita"],"zero":"mwezi huu"},"$x":[{"t":"idOrVar","v":"plural"},"value"]},{"$i":"years-ago-long","$v":{"few":["mwaka ",{"t":"idOrVar","v":"value"}," uliopita"],"many":["mwaka ",{"t":"idOrVar","v":"value"}," uliopita"],"one":"mwaka jana","other":["mwaka ",{"t":"idOrVar","v":"value"}," uliopita"],"two":["mwaka ",{"t":"idOrVar","v":"value"}," uliopita"],"zero":"mwaka huu"},"$x":[{"t":"idOrVar","v":"plural"},"value"]},{"$i":"minutes-until-long","$v":{"few":["baada ya dakika ",{"t":"idOrVar","v":"value"}],"many":["baada ya dakika ",{"t":"idOrVar","v":"value"}],"other":["baada ya dakika ",{"t":"idOrVar","v":"value"}],"two":["baada ya dakika ",{"t":"idOrVar","v":"value"}],"zero":"sasa hivi","one":"baada ya dakika moja"},"$x":[{"t":"idOrVar","v":"plural"},"value"]},{"$i":"hours-until-long","$v":{"few":["baada ya saa ",{"t":"idOrVar","v":"value"}],"many":["baada ya saa ",{"t":"idOrVar","v":"value"}],"other":["baada ya saa ",{"t":"idOrVar","v":"value"}],"two":["baada ya saa ",{"t":"idOrVar","v":"value"}],"zero":"sasa hivi","one":"baada ya saa moja"},"$x":[{"t":"idOrVar","v":"plural"},"value"]},{"$i":"days-until-long","$v":{"few":["baada ya siku ",{"t":"idOrVar","v":"value"}],"many":["baada ya siku ",{"t":"idOrVar","v":"value"}],"one":"kesho","other":["baada ya siku ",{"t":"idOrVar","v":"value"}],"two":["baada ya siku ",{"t":"idOrVar","v":"value"}],"zero":"leo"},"$x":[{"t":"idOrVar","v":"plural"},"value"]},{"$i":"weeks-until-long","$v":{"few":["baada ya wiki ",{"t":"idOrVar","v":"value"}],"many":["baada ya wiki ",{"t":"idOrVar","v":"value"}],"one":"wiki ijayo","other":["baada ya wiki ",{"t":"idOrVar","v":"value"}],"two":["baada ya wiki ",{"t":"idOrVar","v":"value"}],"zero":"wiki hii"},"$x":[{"t":"idOrVar","v":"plural"},"value"]},{"$i":"months-until-long","$v":{"few":["baada ya miezi ",{"t":"idOrVar","v":"value"}],"many":["baada ya miezi ",{"t":"idOrVar","v":"value"}],"one":"mwezi ujao","other":["baada ya miezi ",{"t":"idOrVar","v":"value"}],"two":["baada ya miezi ",{"t":"idOrVar","v":"value"}],"zero":"mwezi huu"},"$x":[{"t":"idOrVar","v":"plural"},"value"]},{"$i":"years-until-long","$v":{"few":["baada ya miaka ",{"t":"idOrVar","v":"value"}],"many":["baada ya miaka ",{"t":"idOrVar","v":"value"}],"one":"mwaka ujao","other":["baada ya miaka ",{"t":"idOrVar","v":"value"}],"two":["baada ya miaka ",{"t":"idOrVar","v":"value"}],"zero":"mwaka huu"},"$x":[{"t":"idOrVar","v":"plural"},"value"]},{"$i":"minutes-ago-short","$v":{"other":["dakika ",{"t":"idOrVar","v":"value"}," iliyopita"],"zero":"Sasa Hivi"},"$x":[{"t":"idOrVar","v":"plural"},"value"]},{"$i":"hours-ago-short","$v":{"other":["saa ",{"t":"idOrVar","v":"value"}," iliyopita"],"zero":"Sasa Hivi"},"$x":[{"t":"idOrVar","v":"plural"},"value"]},{"$i":"days-ago-short","$v":{"other":["Siku ",{"t":"idOrVar","v":"value"}," iliyopita"],"zero":"leo"},"$x":[{"t":"idOrVar","v":"plural"},"value"]},{"$i":"minutes-until-short","$v":{"other":["baada ya dakika ",{"t":"idOrVar","v":"value"}],"zero":"sasa hivi"},"$x":[{"t":"idOrVar","v":"plural"},"value"]},{"$i":"hours-until-short","$v":{"other":["baada ya saa ",{"t":"idOrVar","v":"value"}],"zero":"sasa hivi"},"$x":[{"t":"idOrVar","v":"plural"},"value"]},{"$i":"days-until-short","$v":{"other":["baada ya siku ",{"t":"idOrVar","v":"value"}],"zero":"leo"},"$x":[{"t":"idOrVar","v":"plural"},"value"]},{"$i":"incorrectDate","$v":"(Tarehe isiyo sahihi)"},{"$i":"dateTimeFormat_%c","$v":"%a %b %e %Y %I:%M:%S %p"},{"$i":"dateTimeFormat_%x","$v":"%m/%d/%Y"},{"$i":"dateTimeFormat_%X","$v":"%I:%M:%S %p"},{"$i":"shortTimeFormat","$v":"%I:%M %p"},{"$i":"shortTimeFormat12","$v":"%I:%M %p"},{"$i":"shortTimeFormat24","$v":"%H:%M"},{"$i":"shortDateTimeFormat","$v":"%x %I:%M %p"},{"$i":"weekStartsOnMonday","$v":"0.0"},{"$i":"firstDayOfTheWeek","$v":"0.0"}]