[{"$i":"select","$v":"தேர்ந்தெடு"},{"$i":"deselect","$v":"தேர்வுநீக்கு"},{"$i":"kai-select","$v":"தேர்ந்தெடு"},{"$i":"invalid-image","$v":"செல்லாத படம்"},{"$i":"image-too-big","$v":"படத்தின் ஃபைல் அளவு கேலரியில் காட்ட பெரியதாக உள்ளது."},{"$i":"image-invalid","$v":"தவறானதாகவோ அல்லது உடைந்ததாகவோ இருப்பதால் படத்தை காட்ட முடியவில்லை."},{"$i":"kai-selected-items-count","$v":[{"t":"idOrVar","v":"n"}," தேர்ந்தெடுக்கப்பட்டது"]},{"$i":"delete-photo?","$v":"போட்டோவை நீக்கவா?"},{"$i":"delete-video?","$v":"வீடியோவை நீக்கவா?"},{"$i":"deleting","$v":"நீக்குகிறது..."},{"$i":"delete-n-items?","$v":{"few":[{"t":"idOrVar","v":"n"}," ஐட்டம்-களை நீக்கவா?"],"many":[{"t":"idOrVar","v":"n"}," ஐட்டம்-களை நீக்கவா?"],"one":"தேர்ந்தெடுத்த ஐட்டத்தை நீக்கவா?","other":[{"t":"idOrVar","v":"n"}," ஐட்டம்-களை நீக்கவா?"],"two":[{"t":"idOrVar","v":"n"}," ஐட்டம்-களை நீக்கவா?"],"zero":"ஒன்றும் தேர்வுசெய்யப்படவில்லை"},"$x":[{"t":"idOrVar","v":"plural"},"n"]},{"$i":"kai-contact-set-ok","$v":"தொடர்புப் படம் சேர்க்கப்பட்டது"},{"$i":"kai-contact-set-fail","$v":"தொடர்பு படத்தை அமைப்பது தோல்வியடைந்தது"},{"$i":"kai-changes-saved","$v":"மாற்றங்கள் சேமிக்கப்பட்டது"},{"$i":"wallpaper-set","$v":"வால்பேப்பர் அமைப்பு"},{"$i":"kai-single-image-deleted","$v":"போட்டோ நீக்கப்பட்டது."},{"$i":"kai-deleted-n-photos","$v":{"one":[{"t":"idOrVar","v":"n"}," புகைப்படம் நீக்கப்பட்டது"],"other":[{"t":"idOrVar","v":"n"}," புகைப்படங்கள் நீக்கப்பட்டன"]},"$x":[{"t":"idOrVar","v":"plural"},"n"]},{"$i":"kai-some-photos-not-share","$v":"சில புகைப்படங்களை பகிர முடியாது"},{"$i":"pickoneimage2","$v":"தேர்ந்தெடு"},{"$i":"cropimage","$v":"கிராப்"},{"$i":"kai-on","$v":"ஆன்"},{"$i":"kai-off","$v":"ஆஃப்"},{"$i":"cancel","$v":"ரத்து செய்க"},{"$i":"delete","$v":"நீக்கு"},{"$i":"ok","$v":"சரி"},{"$i":"edit","$v":"திருத்து"},{"$i":"revert","$v":"பின் செல்லுதல்"},{"$i":"save","$v":"சேமி"},{"$i":"done","$v":"முடிந்தது"},{"$i":"exposure","$v":"எக்ஸ்போஷர்"},{"$i":"crop","$v":"கிராப்"},{"$i":"effects","$v":"விளைவுகள்"},{"$i":"borders","$v":"பார்டர்"},{"$i":"enhance-on","$v":"தானாக-மேம்படுத்துதல் ஆன்"},{"$i":"enhance-off","$v":"தானாக-மேம்படுத்துதல் ஆஃப்"},{"$i":"kai-set","$v":"அமை"},{"$i":"kai-options","$v":"விருப்பங்கள்"},{"$i":"kai-select-all","$v":"எல்லாம்"},{"$i":"kai-deselect-all","$v":"எதுவுமில்லை"},{"$i":"kai-rotate","$v":"சுழற்று"},{"$i":"kai-share","$v":"பகிர்"},{"$i":"kai-settings","$v":"செட்டிங்ஸ்"},{"$i":"kai-set-as","$v":"இதுவாக அமை"},{"$i":"set-as-wallpaper","$v":"வால்பேப்பராக அமை"},{"$i":"kai-wallpaper","$v":"வால்பேப்பர்"},{"$i":"kai-existing-contact-image","$v":"ஏற்கனவே உள்ள தொடர்புக்கான படம்"},{"$i":"kai-zoom","$v":"ஜூம் செய்க"},{"$i":"kai-zoom-in","$v":"ஜூம் இன் செய்க"},{"$i":"kai-zoom-out","$v":"ஜூம் அவுட் செய்க"},{"$i":"kai-file-info","$v":"ஃபைல் தகவல்"},{"$i":"kai-select-multiple","$v":"ஒன்றுக்கு மேற்பட்டதை தேர்ந்தெடு"},{"$i":"kai-edit-title","$v":"படத்தைத் திருத்து"},{"$i":"kai-edit-exposure","$v":"எக்ஸ்போஷர்"},{"$i":"kai-edit-crop","$v":"கிராப்"},{"$i":"kai-edit-rotate","$v":"சுழற்று"},{"$i":"kai-edit-filters","$v":"ஃபில்டர்ஸ்"},{"$i":"kai-edit-auto-correct","$v":"தானாக-சரிசெய்தல்"},{"$i":"edit-exposure","ariaLabel":"எக்ஸ்போஷர்"},{"$i":"edit-crop","ariaLabel":"கிராப்"},{"$i":"edit-rotate","ariaLabel":"சுழற்று"},{"$i":"edit-filters","ariaLabel":"ஃபில்டர்ஸ்"},{"$i":"edit-auto-correct","ariaLabel":"தானாக-சரிசெய்தல்"},{"$i":"crop-none","ariaLabel":"கிராப்பிங்-ஐ அன்டு செய்"},{"$i":"crop-aspect-free","ariaLabel":"டீஃபால்ட்"},{"$i":"crop-aspect-portrait","ariaLabel":"2:3"},{"$i":"crop-aspect-landscape","ariaLabel":"3:2"},{"$i":"crop-aspect-square","ariaLabel":"1:1"},{"$i":"edit-filters-none","ariaLabel":"ஃபில்டர் 1"},{"$i":"edit-filters-bw","ariaLabel":"ஃபில்டர் 2"},{"$i":"edit-filters-sepia","ariaLabel":"ஃபில்டர் 3"},{"$i":"edit-filters-bluesteel","ariaLabel":"ஃபில்டர் 4"},{"$i":"edit-filters-faded","ariaLabel":"ஃபில்டர் 5"},{"$i":"original","$v":"அசல்"},{"$i":"blackandwhite","$v":{"$o":"B&W"}},{"$i":"sepia","$v":"சேஃபியா"},{"$i":"freeform","$v":"ப்ரீஃபாம்"},{"$i":"portrait","$v":"போர்ட்ரேட்"},{"$i":"landscape","$v":"லேண்ட்ஸ்கேப்"},{"$i":"square","$v":"சதுரம்"},{"$i":"emptygallery2-title","$v":"போட்டோக்கள் அல்லது வீடியோக்கள் இல்லை"},{"$i":"emptygallery2-text","$v":"கேலரி காலியாக உள்ளது. தொடங்க, கேமராவைப் பயன்படுத்தவும்."},{"$i":"emptygallery2-title-pick","$v":"போட்டோக்கள் இல்லை"},{"$i":"emptygallery-text-pick","$v":"போட்டோக்கள் எதுவும் கிடைக்கவில்லை."},{"$i":"nocard3-title","$v":"மெமரி கார்டு இல்லை"},{"$i":"nocard4-text","$v":"இந்தப் ஆப்-ஐ பயன்படுத்த, மெமரி கார்டைச் செருகவும்."},{"$i":"pluggedin2-title","$v":"மெமரி கார்டு பயன்பாட்டில் உள்ளது"},{"$i":"pluggedin2-text","$v":"ஸ்டோரேஜ் பயனில் உள்ளது. இந்த ஆப்-ஐ பயன்படுத்த தயவுசெய்து ஃபோன்-ஐ அன்பிளக் செய்யவும்."},{"$i":"scanning-title","$v":"ஸ்கேன் செய்கிறது"},{"$i":"scanning-text","$v":"போட்டோக்களுக்காக ஸ்கேன் செய்கிறது..."},{"$i":"upgrade-title","$v":"டேட்டாபேஸ் அப்கிரேட்"},{"$i":"upgrade-text","$v":"கேலரி, அதன் டேட்டாபேஸ்-ஐ மேம்படுத்தும் வரை  தயவுசெய்து காத்திருக்கவும்."},{"$i":"share-noprovider","$v":"இந்தப் படக் ஃபைல் வகையைப் பகிர முடியாது."},{"$i":"memorycardfull","$v":"ஸ்டோரேஜ் நிரம்பியுள்ளது. போட்டோக்களை திருத்த முடியாது."},{"$i":"imagetoobig","$v":"படம், இந்தச் சாதனத்தில் காட்ட முடியாத அளவிற்குப் பெரியது."},{"$i":"imageinvalid","$v":"படம் தவறானது அல்லது சிதைந்துள்ளது, மேலும் காட்ட முடியாதது."},{"$i":"saved","$v":["கேலரியில் ",{"t":"idOrVar","v":"filename"}," சேமிக்கப்பட்டது"]},{"$i":"edit-copy-saved","$v":"புதிய காப்பி சேமிக்கப்பட்டது."},{"$i":"overlay-camera-button","$v":"கேமராவுக்குச் செல்க"},{"$i":"name-label","$v":"பெயர்"},{"$i":"size-label","$v":"அளவு"},{"$i":"image-type-label","$v":"பட வகை"},{"$i":"kai-date-and-time-label","$v":"தேதி மற்றும் நேரம்"},{"$i":"date-taken-label","$v":"எடுக்கப்பட்ட தேதி"},{"$i":"resolution-label","$v":"ரெசல்யூசன்"},{"$i":"close-button","$v":"மூடு"},{"$i":"path-label","$v":"வழி"},{"$i":"sd-card","$v":"SD கார்டு"},{"$i":"internal","$v":"இன்டர்னல்"},{"$i":"byteUnit-B","$v":"பைட்"},{"$i":"byteUnit-KB","$v":"KB"},{"$i":"byteUnit-MB","$v":"MB"},{"$i":"byteUnit-GB","$v":"GB"},{"$i":"gallery","$v":"கேலரி"},{"$i":"preview","$v":"ப்ரிவ்யூ"},{"$i":"kai-confirmation","$v":"உறுதிப்படுத்துதல்"},{"$i":"kai-delete-this-image","$v":"போட்டோவை நீக்கவா?"},{"$i":"kai-delete-selected-image","$v":"தேர்ந்தெடுத்த போட்டோகளை நீக்கவா"},{"$i":"kai-delete-selected-images","$v":"தேர்ந்தெடுத்த போட்டோக்களை நீக்கவா?"},{"$i":"kai-sort-by","$v":"இதன்படி வரிசைப்படுத்தவும்"},{"$i":"kai-group-by-date-and-location","$v":"தேதிபடி குழுவாக்கு"},{"$i":"sort-and-group","$v":"வரிசைப்படுத்தி பின்னர் குழுவாக செய்க"},{"$i":"time_am","$v":"AM"},{"$i":"time_pm","$v":"PM"},{"$i":"date-group-header","$v":"%B %Y"},{"$i":"videoDescriptionShort","$v":"வீடியோ தேதியிட்டது %I:%M %p, %B %e, %Y"},{"$i":"imageDescriptionShort","$v":"படத் தேதி %I:%M %p, %B %e, %Y"},{"$i":"editImagePreview","ariaLabel":"பட ப்ரிவ்யூவை திருத்து"},{"$i":"kai-pickoneimage","$v":"ஒரு போட்டோவை தேர்ந்தெடு"},{"$i":"discard-changes-warning","$v":"எல்லா மாற்றங்களும் கைவிடப்படும். மாற்றங்களை நிராகரிக்க விரும்புகிறீர்களா?"},{"$i":"save-changes-warning","$v":"அனைத்து மாற்றங்களும் நிராகரிக்கப்படும். மாற்றங்களைச் சேமிக்கவா?"},{"$i":"discard","$v":"நிராகரி"},{"$i":"camera","$v":"கேமரா"},{"$i":"phone-is-full-title","$v":"போன் சேமிப்பிடம் நிரம்பியது."},{"$i":"sd-card-is-full-title","$v":"எஸ்.டி கார்டு நிரம்பியது"},{"$i":"phone-is-full-content","$v":"கூடுதல் இடத்தை பெற மீடியா ஃபைல்கள் அல்லது அப்ளிகேஷன் டேட்டாவை நீக்கவும். மீடியா சேமிப்பிடத்தை விரிவாக்க எஸ்.டி கார்டையும் நீங்கள் செருகலாம்."},{"$i":"sd-card-is-full-content","$v":"கூடுதல் இடத்தை பெற எஸ்.டி கார்டில் ஃபைல்களை நீக்கவும்."},{"$i":"favorite","$v":"பிடித்தமானவைகள்"},{"$i":"add-favorite","$v":"பிடித்தமானவையில் சேர்"},{"$i":"remove-favorite","$v":"பிடித்தமானவைகளில் இருந்து நீக்கவும்"},{"$i":"emptyfavorite-text","$v":"பிடித்த புகைப்படங்கள் எதுவும் உங்களிடம் இல்லை."},{"$i":"donglePlay","$v":"இயக்கு"},{"$i":"softkey-options","$v":"விருப்பங்கள்"},{"$i":"imageDescription","$v":[{"t":"idOrVar","v":"orientation"}," படம், %I:%M %p, %B %e, %Y"]},{"$i":"imageDescriptionNoTimestamp","$v":[{"t":"idOrVar","v":"orientation"}," படம்"]},{"$i":"videoDescription","$v":[{"t":"idOrVar","v":"orientation"}," வீடியோ, %I:%M %p, %B %e, %Y"]},{"$i":"videoDescriptionNoTimestamp","$v":[{"t":"idOrVar","v":"orientation"}," வீடியோ"]},{"$i":"orientationPortrait","$v":"போர்ட்ரேட்"},{"$i":"orientationLandscape","$v":"லேண்ட்ஸ்கேப்"},{"$i":"playbackPlay","ariaLabel":"இயக்கு"},{"$i":"playbackPause","ariaLabel":"இடைநிறுத்து"},{"$i":"playbackNext","ariaLabel":"அடுத்த"},{"$i":"playbackPrevious","ariaLabel":"முந்தையது"},{"$i":"playbackFullscreen","ariaLabel":"ஃபுல்ஸ்கிரீன்"},{"$i":"playbackSeekBar","ariaLabel":["சீக் பார், கால அளவு",{"t":"idOrVar","v":"duration"}]},{"$i":"weekday-0-long","$v":"ஞாயிறுக்கிழமை"},{"$i":"weekday-1-long","$v":"திங்கள்"},{"$i":"weekday-2-long","$v":"செவ்வாய்க்கிழமை"},{"$i":"weekday-3-long","$v":"புதன்கிழமை"},{"$i":"weekday-4-long","$v":"வியாழக்கிழமை"},{"$i":"weekday-5-long","$v":"வெள்ளி"},{"$i":"weekday-6-long","$v":"சனிக்கிழமை"},{"$i":"weekday-0-short","$v":"ஞாயிறுக்கிழமை"},{"$i":"weekday-1-short","$v":"திங்கள்"},{"$i":"weekday-2-short","$v":"செவ்வாய்க்கிழமை"},{"$i":"weekday-3-short","$v":"புதன்கிழமை"},{"$i":"weekday-4-short","$v":"வியாழன்"},{"$i":"weekday-5-short","$v":"வெள்ளி"},{"$i":"weekday-6-short","$v":"சனிக்கிழமை"},{"$i":"month-0-long","$v":"ஜனவரி"},{"$i":"month-1-long","$v":"பிப்ரவரி"},{"$i":"month-2-long","$v":"மார்ச்"},{"$i":"month-3-long","$v":"ஏப்ரல்"},{"$i":"month-4-long","$v":"மே"},{"$i":"month-5-long","$v":"ஜூன்"},{"$i":"month-6-long","$v":"ஜூலை"},{"$i":"month-7-long","$v":"ஆகஸ்ட்"},{"$i":"month-8-long","$v":"செப்டம்பர்"},{"$i":"month-9-long","$v":"அக்டோபர்"},{"$i":"month-10-long","$v":"நவம்பர்"},{"$i":"month-11-long","$v":"டிசம்பர்"},{"$i":"month-0-genitive","$v":"ஜனவரி"},{"$i":"month-1-genitive","$v":"பிப்ரவரி"},{"$i":"month-2-genitive","$v":"மார்ச்"},{"$i":"month-3-genitive","$v":"ஏப்ரல்"},{"$i":"month-4-genitive","$v":"மே"},{"$i":"month-5-genitive","$v":"ஜூன்"},{"$i":"month-6-genitive","$v":"ஜூலை"},{"$i":"month-7-genitive","$v":"ஆகஸ்ட்"},{"$i":"month-8-genitive","$v":"செப்டம்பர்"},{"$i":"month-9-genitive","$v":"அக்டோபர்"},{"$i":"month-10-genitive","$v":"நவம்பர்"},{"$i":"month-11-genitive","$v":"டிசம்பர்"},{"$i":"month-0-short","$v":"ஜனவரி"},{"$i":"month-1-short","$v":"பிப்ரவரி"},{"$i":"month-2-short","$v":"மார்ச்"},{"$i":"month-3-short","$v":"ஏப்ரல்"},{"$i":"month-4-short","$v":"மே"},{"$i":"month-5-short","$v":"ஜூன்"},{"$i":"month-6-short","$v":"ஜூலை"},{"$i":"month-7-short","$v":"ஆகஸ்ட்"},{"$i":"month-8-short","$v":"செப்டம்பர்"},{"$i":"month-9-short","$v":"அக்டோபர்"},{"$i":"month-10-short","$v":"நவம்பர்"},{"$i":"month-11-short","$v":"டிசம்பர்"},{"$i":"minutes-ago-long","$v":{"few":[{"t":"idOrVar","v":"value"}," நிமிடங்களுக்கு முன்பு"],"many":[{"t":"idOrVar","v":"value"}," நிமிடங்களுக்கு முன்பு"],"other":[{"t":"idOrVar","v":"value"}," நிமிடங்களுக்கு முன்பு"],"two":[{"t":"idOrVar","v":"value"}," நிமிடங்களுக்கு முன்பு"],"one":"ஒரு நிமிடம் முன்பாக","zero":"Just now"},"$x":[{"t":"idOrVar","v":"plural"},"value"]},{"$i":"hours-ago-long","$v":{"few":[{"t":"idOrVar","v":"value"}," மணிநேரங்களுக்கு முன்பு"],"many":[{"t":"idOrVar","v":"value"}," மணிநேரங்களுக்கு முன்பு"],"other":[{"t":"idOrVar","v":"value"}," மணிநேரங்களுக்கு முன்பு"],"two":[{"t":"idOrVar","v":"value"}," மணிநேரங்களுக்கு முன்பு"],"one":"ஒரு மணிநேரம் முன்பாக","zero":"Just now"},"$x":[{"t":"idOrVar","v":"plural"},"value"]},{"$i":"days-ago-long","$v":{"few":[{"t":"idOrVar","v":"value"}," நாட்களுக்கு முன்பு"],"many":[{"t":"idOrVar","v":"value"}," நாட்களுக்கு முன்பு"],"one":"நேற்று","other":[{"t":"idOrVar","v":"value"}," நாட்களுக்கு முன்பு"],"two":[{"t":"idOrVar","v":"value"}," நாட்களுக்கு முன்பு"],"zero":"இன்று"},"$x":[{"t":"idOrVar","v":"plural"},"value"]},{"$i":"weeks-ago-long","$v":{"few":[{"t":"idOrVar","v":"value"}," வாரங்களுக்கு முன்பு"],"many":[{"t":"idOrVar","v":"value"}," வாரங்களுக்கு முன்பு"],"one":"கடந்த வாரம்","other":[{"t":"idOrVar","v":"value"}," வாரங்களுக்கு முன்பு"],"two":[{"t":"idOrVar","v":"value"}," வாரங்களுக்கு முன்பு"],"zero":"இந்த வாரம்"},"$x":[{"t":"idOrVar","v":"plural"},"value"]},{"$i":"months-ago-long","$v":{"few":[{"t":"idOrVar","v":"value"}," மாதங்களுக்கு முன்பு"],"many":[{"t":"idOrVar","v":"value"}," மாதங்களுக்கு முன்பு"],"one":"கடந்த மாதம்","other":[{"t":"idOrVar","v":"value"}," மாதங்களுக்கு முன்பு"],"two":[{"t":"idOrVar","v":"value"}," மாதங்களுக்கு முன்பு"],"zero":"இந்த மாதம்"},"$x":[{"t":"idOrVar","v":"plural"},"value"]},{"$i":"years-ago-long","$v":{"few":[{"t":"idOrVar","v":"value"}," வருடங்களுக்கு முன்பு"],"many":[{"t":"idOrVar","v":"value"}," வருடங்களுக்கு முன்பு"],"one":"கடந்த வருடம்","other":[{"t":"idOrVar","v":"value"}," வருடங்களுக்கு முன்பு"],"two":[{"t":"idOrVar","v":"value"}," வருடங்களுக்கு முன்பு"],"zero":"இந்த வருடம்"},"$x":[{"t":"idOrVar","v":"plural"},"value"]},{"$i":"minutes-until-long","$v":{"few":[{"t":"idOrVar","v":"value"}," நிமிடங்களில்"],"many":[{"t":"idOrVar","v":"value"}," நிமிடங்களில்"],"other":[{"t":"idOrVar","v":"value"}," நிமிடங்களில்"],"two":[{"t":"idOrVar","v":"value"}," நிமிடங்களில்"],"zero":"இப்போதே","one":"ஒரு நிமிடத்தில்"},"$x":[{"t":"idOrVar","v":"plural"},"value"]},{"$i":"hours-until-long","$v":{"few":[{"t":"idOrVar","v":"value"}," மணிநேரங்களில்"],"many":[{"t":"idOrVar","v":"value"}," மணிநேரங்களில்"],"other":[{"t":"idOrVar","v":"value"}," மணிநேரங்களில்"],"two":[{"t":"idOrVar","v":"value"}," மணிநேரங்களில்"],"zero":"இப்போதே","one":"ஒரு மணிநேரத்தில்"},"$x":[{"t":"idOrVar","v":"plural"},"value"]},{"$i":"days-until-long","$v":{"few":[{"t":"idOrVar","v":"value"}," நாட்களில்"],"many":[{"t":"idOrVar","v":"value"}," நாட்களில்"],"one":"நாளை","other":[{"t":"idOrVar","v":"value"}," நாட்களில்"],"two":[{"t":"idOrVar","v":"value"}," நாட்களில்"],"zero":"இன்று"},"$x":[{"t":"idOrVar","v":"plural"},"value"]},{"$i":"weeks-until-long","$v":{"few":[{"t":"idOrVar","v":"value"}," வாரங்களில்"],"many":[{"t":"idOrVar","v":"value"}," வாரங்களில்"],"one":"அடுத்த வாரம்","other":[{"t":"idOrVar","v":"value"}," வாரங்களில்"],"two":[{"t":"idOrVar","v":"value"}," வாரங்களில்"],"zero":"இந்த வாரம்"},"$x":[{"t":"idOrVar","v":"plural"},"value"]},{"$i":"months-until-long","$v":{"few":[{"t":"idOrVar","v":"value"}," மாதங்களில்"],"many":[{"t":"idOrVar","v":"value"}," மாதங்களில்"],"one":"அடுத்த மாதம்","other":[{"t":"idOrVar","v":"value"}," மாதங்களில்"],"two":[{"t":"idOrVar","v":"value"}," மாதங்களில்"],"zero":"இந்த மாதம்"},"$x":[{"t":"idOrVar","v":"plural"},"value"]},{"$i":"years-until-long","$v":{"few":[{"t":"idOrVar","v":"value"}," வருடங்களில்"],"many":[{"t":"idOrVar","v":"value"}," வருடங்களில்"],"one":"அடுத்த ஆண்டு","other":[{"t":"idOrVar","v":"value"}," வருடங்களில்"],"two":[{"t":"idOrVar","v":"value"}," வருடங்களில்"],"zero":"இந்த வருடம்"},"$x":[{"t":"idOrVar","v":"plural"},"value"]},{"$i":"minutes-ago-short","$v":{"other":[{"t":"idOrVar","v":"value"},"நிமிடம் முன்பு"],"zero":"Just now"},"$x":[{"t":"idOrVar","v":"plural"},"value"]},{"$i":"hours-ago-short","$v":{"other":[{"t":"idOrVar","v":"value"},"மணிநேரம் முன்பு"],"zero":"Just now"},"$x":[{"t":"idOrVar","v":"plural"},"value"]},{"$i":"days-ago-short","$v":{"other":[{"t":"idOrVar","v":"value"},"நாள் முன்பு"],"zero":"இன்று"},"$x":[{"t":"idOrVar","v":"plural"},"value"]},{"$i":"minutes-until-short","$v":{"other":[{"t":"idOrVar","v":"value"},"நிமிடத்தில்"],"zero":"இப்போதே"},"$x":[{"t":"idOrVar","v":"plural"},"value"]},{"$i":"hours-until-short","$v":{"other":[{"t":"idOrVar","v":"value"},"மணிநேரத்தில்"],"zero":"இப்போதே"},"$x":[{"t":"idOrVar","v":"plural"},"value"]},{"$i":"days-until-short","$v":{"other":[{"t":"idOrVar","v":"value"},"நாள் இல்"],"zero":"இன்று"},"$x":[{"t":"idOrVar","v":"plural"},"value"]},{"$i":"incorrectDate","$v":"(தவறான தேதி)"},{"$i":"dateTimeFormat_%c","$v":"%a %b %e %Y %I:%M:%S %p"},{"$i":"dateTimeFormat_%x","$v":"%m/%d/%Y"},{"$i":"dateTimeFormat_%X","$v":"%I:%M:%S %p"},{"$i":"shortTimeFormat","$v":"%I:%M %p"},{"$i":"shortTimeFormat12","$v":"%I:%M %p"},{"$i":"shortTimeFormat24","$v":"%H:%M"},{"$i":"shortDateTimeFormat","$v":"%x %I:%M %p"},{"$i":"weekStartsOnMonday","$v":"0.0"},{"$i":"firstDayOfTheWeek","$v":"0.0"}]