[{"$i":"select","$v":"Seç"},{"$i":"deselect","$v":"Seçimi kaldır"},{"$i":"kai-select","$v":"Seç"},{"$i":"invalid-image","$v":"Geçersiz Resim"},{"$i":"image-too-big","$v":"Resim boyutu Galeri'de göstermek için çok büyük.."},{"$i":"image-invalid","$v":"Geçersiz ya da bozuk olduğundan görüntü gösterilemiyor."},{"$i":"kai-selected-items-count","$v":[{"t":"idOrVar","v":"n"}," tane seçildi"]},{"$i":"delete-photo?","$v":"Fotoğraf silinsin mi?"},{"$i":"delete-video?","$v":"Video silinsin mi?"},{"$i":"deleting","$v":"Siliniyor..."},{"$i":"delete-n-items?","$v":{"few":[{"t":"idOrVar","v":"n"}," öğe silinsin mi?"],"many":[{"t":"idOrVar","v":"n"}," öğe silinsin mi?"],"one":"Seçili öğe silinsin mi?","other":[{"t":"idOrVar","v":"n"}," öğe silinsin mi?"],"two":[{"t":"idOrVar","v":"n"}," öğe silinsin mi?"],"zero":"Hiçbir şey seçilmedi"},"$x":[{"t":"idOrVar","v":"plural"},"n"]},{"$i":"kai-contact-set-ok","$v":"Kişi resmi eklendi"},{"$i":"kai-contact-set-fail","$v":"Kişi resmi ayarlanmadı"},{"$i":"kai-changes-saved","$v":"Değişiklikler kaydedildi"},{"$i":"wallpaper-set","$v":"Duvar kağıdı ayarlandı"},{"$i":"kai-single-image-deleted","$v":"Fotoğraf silindi."},{"$i":"kai-deleted-n-photos","$v":{"one":[{"t":"idOrVar","v":"n"}," fotoğraf silindi"],"other":[{"t":"idOrVar","v":"n"}," fotoğraf silindi"]},"$x":[{"t":"idOrVar","v":"plural"},"n"]},{"$i":"kai-some-photos-not-share","$v":"Bazı fotoğraflar paylaşılamıyor"},{"$i":"pickoneimage2","$v":"Seç"},{"$i":"cropimage","$v":"Kırp"},{"$i":"kai-on","$v":"Açık"},{"$i":"kai-off","$v":"Kapalı"},{"$i":"cancel","$v":"İptal"},{"$i":"delete","$v":"Sil"},{"$i":"ok","$v":"Tamam"},{"$i":"edit","$v":"Düzenle"},{"$i":"revert","$v":"Geri çevir"},{"$i":"save","$v":"Kaydet"},{"$i":"done","$v":"Bitti"},{"$i":"exposure","$v":"Pozlandırma"},{"$i":"crop","$v":"Kırp"},{"$i":"effects","$v":"Efektler"},{"$i":"borders","$v":"Kenarlıklar"},{"$i":"enhance-on","$v":"Otomatik İyileştirme açık"},{"$i":"enhance-off","$v":"Otomatik İyileştirme kapalı"},{"$i":"kai-set","$v":"Ayarla"},{"$i":"kai-options","$v":"Seçenekler"},{"$i":"kai-select-all","$v":"Tümü"},{"$i":"kai-deselect-all","$v":"Hiçbiri"},{"$i":"kai-rotate","$v":"Döndür"},{"$i":"kai-share","$v":"Paylaş"},{"$i":"kai-settings","$v":"Ayarlar"},{"$i":"kai-set-as","$v":"Ayarla:"},{"$i":"set-as-wallpaper","$v":"Duvar kağıdı olarak ayarla"},{"$i":"kai-wallpaper","$v":"Duvar Kağıdı"},{"$i":"kai-existing-contact-image","$v":"Var olan kişi için resim"},{"$i":"kai-zoom","$v":"Yakınlaştırma"},{"$i":"kai-zoom-in","$v":"Yakınlaştır"},{"$i":"kai-zoom-out","$v":"Uzaklaştır"},{"$i":"kai-file-info","$v":"Dosya Bilgisi"},{"$i":"kai-select-multiple","$v":"Çoklu Seç"},{"$i":"kai-edit-title","$v":"Resmi Düzenle"},{"$i":"kai-edit-exposure","$v":"Pozlandırma"},{"$i":"kai-edit-crop","$v":"Kırp"},{"$i":"kai-edit-rotate","$v":"Döndür"},{"$i":"kai-edit-filters","$v":"Filtreler"},{"$i":"kai-edit-auto-correct","$v":"Otomatik Düzeltme"},{"$i":"edit-exposure","ariaLabel":"Pozlandırma"},{"$i":"edit-crop","ariaLabel":"Kırp"},{"$i":"edit-rotate","ariaLabel":"Döndür"},{"$i":"edit-filters","ariaLabel":"Filtreler"},{"$i":"edit-auto-correct","ariaLabel":"Otomatik Düzeltme"},{"$i":"crop-none","ariaLabel":"Kırpmayı geri al"},{"$i":"crop-aspect-free","ariaLabel":"Varsayılan"},{"$i":"crop-aspect-portrait","ariaLabel":"2:3"},{"$i":"crop-aspect-landscape","ariaLabel":"3:2"},{"$i":"crop-aspect-square","ariaLabel":"1:1"},{"$i":"edit-filters-none","ariaLabel":"Filtre 1"},{"$i":"edit-filters-bw","ariaLabel":"Filtre 2"},{"$i":"edit-filters-sepia","ariaLabel":"Filtre 3"},{"$i":"edit-filters-bluesteel","ariaLabel":"Filtre 4"},{"$i":"edit-filters-faded","ariaLabel":"Filtre 5"},{"$i":"original","$v":"Orijinal"},{"$i":"blackandwhite","$v":{"$o":"B&W"}},{"$i":"sepia","$v":"Sepya"},{"$i":"freeform","$v":"Serbest form"},{"$i":"portrait","$v":"Dikey"},{"$i":"landscape","$v":"Yatay"},{"$i":"square","$v":"Kare"},{"$i":"emptygallery2-title","$v":"Fotoğraf veya video yok"},{"$i":"emptygallery2-text","$v":"Galeri boş. Başlamak için Kamera'yı kullanın."},{"$i":"emptygallery2-title-pick","$v":"Fotoğraf yok"},{"$i":"emptygallery-text-pick","$v":"Kullanılabilir fotoğraf yok."},{"$i":"nocard3-title","$v":"Bellek kartı yok"},{"$i":"nocard4-text","$v":"Bu uygulamayı kullanmak için bir bellek kartı takın."},{"$i":"pluggedin2-title","$v":"Bellek kartı kullanımda"},{"$i":"pluggedin2-text","$v":"Depolama birimi kullanımda. Bu uygulamayı kullanmak için telefonun kablosunu çıkarın."},{"$i":"scanning-title","$v":"Taranıyor"},{"$i":"scanning-text","$v":"Fotoğraflar taranıyor"},{"$i":"upgrade-title","$v":"Veri Tabanı Sürümünü Yükseltme"},{"$i":"upgrade-text","$v":"Galeri veri tabanını güncellerken lütfen bekleyin."},{"$i":"share-noprovider","$v":"Bu resim türü paylaşılamaz."},{"$i":"memorycardfull","$v":"Depolama birimi dolu. Fotoğraflar düzenlenemez."},{"$i":"imagetoobig","$v":"Resim bu cihazda göstermek için çok büyük."},{"$i":"imageinvalid","$v":"Resim geçersiz veya bozuk olduğu için gösterilemiyor."},{"$i":"saved","$v":[{"t":"idOrVar","v":"filename"}," Galeriye kaydedildi"]},{"$i":"edit-copy-saved","$v":"Yeni kopya kaydedildi."},{"$i":"overlay-camera-button","$v":"Kameraya git"},{"$i":"name-label","$v":"Ad"},{"$i":"size-label","$v":"Boyut"},{"$i":"image-type-label","$v":"Resim Türü"},{"$i":"kai-date-and-time-label","$v":"Tarih ve Saat"},{"$i":"date-taken-label","$v":"Çekim Tarihi"},{"$i":"resolution-label","$v":"Çözünürlük"},{"$i":"close-button","$v":"Kapat"},{"$i":"path-label","$v":"Yol"},{"$i":"sd-card","$v":"SD Kart"},{"$i":"internal","$v":"Dahili"},{"$i":"byteUnit-B","$v":"Bayt"},{"$i":"byteUnit-KB","$v":"KB"},{"$i":"byteUnit-MB","$v":"MB"},{"$i":"byteUnit-GB","$v":"GB"},{"$i":"gallery","$v":"Galeri"},{"$i":"preview","$v":"Önizleme"},{"$i":"kai-confirmation","$v":"Onay"},{"$i":"kai-delete-this-image","$v":"Fotoğraf silinsin mi?"},{"$i":"kai-delete-selected-image","$v":"Seçilen fotoğraf silinsin mi?"},{"$i":"kai-delete-selected-images","$v":"Seçilen fotoğraflar silinsin mi?"},{"$i":"kai-sort-by","$v":"Sırala"},{"$i":"kai-group-by-date-and-location","$v":"Tarihe göre gruplandır"},{"$i":"sort-and-group","$v":"Sırala ve Gruplandır"},{"$i":"time_am","$v":"AM"},{"$i":"time_pm","$v":"PM"},{"$i":"date-group-header","$v":"%B %Y"},{"$i":"videoDescriptionShort","$v":"Video tarihi %I:%M %p, %B %e, %Y"},{"$i":"imageDescriptionShort","$v":"Resim tarihi %I:%M %p, %B %e, %Y"},{"$i":"editImagePreview","ariaLabel":"Resim önizlemesini düzenle"},{"$i":"kai-pickoneimage","$v":"Fotoğraf Seç"},{"$i":"discard-changes-warning","$v":"Tüm değişiklikler kaybedilecek. Yapılan değişiklikleri yok saymak ister misin?"},{"$i":"save-changes-warning","$v":"Bütün değişiklikler atılacak. Değişiklikler kaydedilsin mi?"},{"$i":"discard","$v":"Vazgeç"},{"$i":"camera","$v":"Kamera"},{"$i":"phone-is-full-title","$v":"Telefon Hafızası Dolu"},{"$i":"sd-card-is-full-title","$v":"SD Kart Dolu"},{"$i":"phone-is-full-content","$v":"Yer açmak için medya dosyalarını veya uygulama verilerini silin. Medya depolama alanını genişletmek için SD kart da takabilirsiniz."},{"$i":"sd-card-is-full-content","$v":"Yer açmak için SD karttaki dosyaları silin."},{"$i":"favorite","$v":"Sık Kullanılanlar"},{"$i":"add-favorite","$v":"Favorilere ekle"},{"$i":"remove-favorite","$v":"Favorilerden kaldır"},{"$i":"emptyfavorite-text","$v":"Beğenilen fotoğrafınız yok."},{"$i":"donglePlay","$v":"Oynat"},{"$i":"softkey-options","$v":"Seçenekler"},{"$i":"imageDescription","$v":[{"t":"idOrVar","v":"orientation"}," resim %I:%M %p, %B %e, %Y"]},{"$i":"imageDescriptionNoTimestamp","$v":[{"t":"idOrVar","v":"orientation"}," resim"]},{"$i":"videoDescription","$v":[{"t":"idOrVar","v":"orientation"}," video %I:%M %p, %B %e, %Y"]},{"$i":"videoDescriptionNoTimestamp","$v":[{"t":"idOrVar","v":"orientation"}," video"]},{"$i":"orientationPortrait","$v":"dikey"},{"$i":"orientationLandscape","$v":"yatay"},{"$i":"playbackPlay","ariaLabel":"Oynat"},{"$i":"playbackPause","ariaLabel":"Duraklat"},{"$i":"playbackNext","ariaLabel":"Sonraki"},{"$i":"playbackPrevious","ariaLabel":"Önceki"},{"$i":"playbackFullscreen","ariaLabel":"Tam ekran"},{"$i":"playbackSeekBar","ariaLabel":["Arama çubuğu, süre ",{"t":"idOrVar","v":"duration"}]},{"$i":"weekday-0-long","$v":"Pazar"},{"$i":"weekday-1-long","$v":"Pazartesi"},{"$i":"weekday-2-long","$v":"Salı"},{"$i":"weekday-3-long","$v":"Çarşamba"},{"$i":"weekday-4-long","$v":"Perşembe"},{"$i":"weekday-5-long","$v":"Cuma"},{"$i":"weekday-6-long","$v":"Cumartesi"},{"$i":"weekday-0-short","$v":"Paz"},{"$i":"weekday-1-short","$v":"Pzt"},{"$i":"weekday-2-short","$v":"Sal"},{"$i":"weekday-3-short","$v":"Çrş"},{"$i":"weekday-4-short","$v":"Per"},{"$i":"weekday-5-short","$v":"Cum"},{"$i":"weekday-6-short","$v":"Cmt"},{"$i":"month-0-long","$v":"Ocak"},{"$i":"month-1-long","$v":"Şubat"},{"$i":"month-2-long","$v":"Mart"},{"$i":"month-3-long","$v":"Nisan"},{"$i":"month-4-long","$v":"Mayıs"},{"$i":"month-5-long","$v":"Haziran"},{"$i":"month-6-long","$v":"Temmuz"},{"$i":"month-7-long","$v":"Ağustos"},{"$i":"month-8-long","$v":"Eylül"},{"$i":"month-9-long","$v":"Ekim"},{"$i":"month-10-long","$v":"Kasım"},{"$i":"month-11-long","$v":"Aralık"},{"$i":"month-0-genitive","$v":"Ocak"},{"$i":"month-1-genitive","$v":"Şubat"},{"$i":"month-2-genitive","$v":"Mart"},{"$i":"month-3-genitive","$v":"Nisan"},{"$i":"month-4-genitive","$v":"Mayıs"},{"$i":"month-5-genitive","$v":"Haziran"},{"$i":"month-6-genitive","$v":"Temmuz"},{"$i":"month-7-genitive","$v":"Ağustos"},{"$i":"month-8-genitive","$v":"Eylül"},{"$i":"month-9-genitive","$v":"Ekim"},{"$i":"month-10-genitive","$v":"Kasım"},{"$i":"month-11-genitive","$v":"Aralık"},{"$i":"month-0-short","$v":"Oca"},{"$i":"month-1-short","$v":"Şub"},{"$i":"month-2-short","$v":"Mar"},{"$i":"month-3-short","$v":"Nis"},{"$i":"month-4-short","$v":"Mayıs"},{"$i":"month-5-short","$v":"Haz"},{"$i":"month-6-short","$v":"Tem"},{"$i":"month-7-short","$v":"Ağu"},{"$i":"month-8-short","$v":"Eyl"},{"$i":"month-9-short","$v":"Eki"},{"$i":"month-10-short","$v":"Kas"},{"$i":"month-11-short","$v":"Ara"},{"$i":"minutes-ago-long","$v":{"few":[{"t":"idOrVar","v":"value"}," dakika önce"],"many":[{"t":"idOrVar","v":"value"}," dakika önce"],"other":[{"t":"idOrVar","v":"value"}," dakika önce"],"two":[{"t":"idOrVar","v":"value"}," dakika önce"],"one":"bir dakika önce","zero":"Hemen Şimdi"},"$x":[{"t":"idOrVar","v":"plural"},"value"]},{"$i":"hours-ago-long","$v":{"few":[{"t":"idOrVar","v":"value"}," saat önce"],"many":[{"t":"idOrVar","v":"value"}," saat önce"],"other":[{"t":"idOrVar","v":"value"}," saat önce"],"two":[{"t":"idOrVar","v":"value"}," saat önce"],"one":"bir saat önce","zero":"Hemen Şimdi"},"$x":[{"t":"idOrVar","v":"plural"},"value"]},{"$i":"days-ago-long","$v":{"few":[{"t":"idOrVar","v":"value"}," gün önce"],"many":[{"t":"idOrVar","v":"value"}," gün önce"],"one":"dün","other":[{"t":"idOrVar","v":"value"}," gün önce"],"two":[{"t":"idOrVar","v":"value"}," gün önce"],"zero":"bugün"},"$x":[{"t":"idOrVar","v":"plural"},"value"]},{"$i":"weeks-ago-long","$v":{"few":[{"t":"idOrVar","v":"value"}," hafta önce"],"many":[{"t":"idOrVar","v":"value"}," hafta önce"],"one":"geçen hafta","other":[{"t":"idOrVar","v":"value"}," hafta önce"],"two":[{"t":"idOrVar","v":"value"}," hafta önce"],"zero":"bu hafta"},"$x":[{"t":"idOrVar","v":"plural"},"value"]},{"$i":"months-ago-long","$v":{"few":[{"t":"idOrVar","v":"value"}," ay önce"],"many":[{"t":"idOrVar","v":"value"}," ay önce"],"one":"geçen ay","other":[{"t":"idOrVar","v":"value"}," ay önce"],"two":[{"t":"idOrVar","v":"value"}," ay önce"],"zero":"bu ay"},"$x":[{"t":"idOrVar","v":"plural"},"value"]},{"$i":"years-ago-long","$v":{"few":[{"t":"idOrVar","v":"value"}," yıl önce"],"many":[{"t":"idOrVar","v":"value"}," yıl önce"],"one":"geçen yıl","other":[{"t":"idOrVar","v":"value"}," yıl önce"],"two":[{"t":"idOrVar","v":"value"}," yıl önce"],"zero":"bu yıl"},"$x":[{"t":"idOrVar","v":"plural"},"value"]},{"$i":"minutes-until-long","$v":{"few":[{"t":"idOrVar","v":"value"}," dakika içinde"],"many":[{"t":"idOrVar","v":"value"}," dakika içinde"],"other":[{"t":"idOrVar","v":"value"}," dakika içinde"],"two":[{"t":"idOrVar","v":"value"}," dakika içinde"],"zero":"şimdi","one":"bir dakika içinde"},"$x":[{"t":"idOrVar","v":"plural"},"value"]},{"$i":"hours-until-long","$v":{"few":[{"t":"idOrVar","v":"value"}," saat içinde"],"many":[{"t":"idOrVar","v":"value"}," saat içinde"],"other":[{"t":"idOrVar","v":"value"}," saat içinde"],"two":[{"t":"idOrVar","v":"value"}," saat içinde"],"zero":"şimdi","one":"bir saat içinde"},"$x":[{"t":"idOrVar","v":"plural"},"value"]},{"$i":"days-until-long","$v":{"few":[{"t":"idOrVar","v":"value"}," gün içinde"],"many":[{"t":"idOrVar","v":"value"}," gün içinde"],"one":"yarın","other":[{"t":"idOrVar","v":"value"}," gün içinde"],"two":[{"t":"idOrVar","v":"value"}," gün içinde"],"zero":"bugün"},"$x":[{"t":"idOrVar","v":"plural"},"value"]},{"$i":"weeks-until-long","$v":{"few":[{"t":"idOrVar","v":"value"}," hafta içinde"],"many":[{"t":"idOrVar","v":"value"}," hafta içinde"],"one":"gelecek hafta","other":[{"t":"idOrVar","v":"value"}," hafta içinde"],"two":[{"t":"idOrVar","v":"value"}," hafta içinde"],"zero":"bu hafta"},"$x":[{"t":"idOrVar","v":"plural"},"value"]},{"$i":"months-until-long","$v":{"few":[{"t":"idOrVar","v":"value"}," ay içinde"],"many":[{"t":"idOrVar","v":"value"}," ay içinde"],"one":"gelecek ay","other":[{"t":"idOrVar","v":"value"}," ay içinde"],"two":[{"t":"idOrVar","v":"value"}," ay içinde"],"zero":"bu ay"},"$x":[{"t":"idOrVar","v":"plural"},"value"]},{"$i":"years-until-long","$v":{"few":[{"t":"idOrVar","v":"value"}," yıl içinde"],"many":[{"t":"idOrVar","v":"value"}," yıl içinde"],"one":"gelecek yıl","other":[{"t":"idOrVar","v":"value"}," yıl içinde"],"two":[{"t":"idOrVar","v":"value"}," yıl içinde"],"zero":"bu yıl"},"$x":[{"t":"idOrVar","v":"plural"},"value"]},{"$i":"minutes-ago-short","$v":{"other":[{"t":"idOrVar","v":"value"},"d önce"],"zero":"Hemen Şimdi"},"$x":[{"t":"idOrVar","v":"plural"},"value"]},{"$i":"hours-ago-short","$v":{"other":[{"t":"idOrVar","v":"value"},"s önce"],"zero":"Hemen Şimdi"},"$x":[{"t":"idOrVar","v":"plural"},"value"]},{"$i":"days-ago-short","$v":{"other":[{"t":"idOrVar","v":"value"},"g önce"],"zero":"bugün"},"$x":[{"t":"idOrVar","v":"plural"},"value"]},{"$i":"minutes-until-short","$v":{"other":[{"t":"idOrVar","v":"value"},"d içinde"],"zero":"şimdi"},"$x":[{"t":"idOrVar","v":"plural"},"value"]},{"$i":"hours-until-short","$v":{"other":[{"t":"idOrVar","v":"value"},"s içinde"],"zero":"şimdi"},"$x":[{"t":"idOrVar","v":"plural"},"value"]},{"$i":"days-until-short","$v":{"other":[{"t":"idOrVar","v":"value"},"g içinde"],"zero":"bugün"},"$x":[{"t":"idOrVar","v":"plural"},"value"]},{"$i":"incorrectDate","$v":"(hatalı tarih)"},{"$i":"dateTimeFormat_%c","$v":"%a %b %e %Y %I:%M:%S %p"},{"$i":"dateTimeFormat_%x","$v":"%d/%m/%Y"},{"$i":"dateTimeFormat_%X","$v":"%I:%M:%S %p"},{"$i":"shortTimeFormat","$v":"%I:%M %p"},{"$i":"shortTimeFormat12","$v":"%I:%M %p"},{"$i":"shortTimeFormat24","$v":"%H:%M"},{"$i":"shortDateTimeFormat","$v":"%x %I:%M %p"},{"$i":"weekStartsOnMonday","$v":"0.0"},{"$i":"firstDayOfTheWeek","$v":"1.0"}]