[{"$i":"select","$v":"Вибрати"},{"$i":"deselect","$v":"Скасувати вибір"},{"$i":"kai-select","$v":"Вибрати"},{"$i":"invalid-image","$v":"Неприпустиме зображ."},{"$i":"image-too-big","$v":"Розмір файлу зображення завеликий, щоб відобразити його в галереї"},{"$i":"image-invalid","$v":"Неможливо відобразити зображення, оскільки воно недійсне або зламане."},{"$i":"kai-selected-items-count","$v":["Вибрано: ",{"t":"idOrVar","v":"n"}]},{"$i":"delete-photo?","$v":"Видалити фото?"},{"$i":"delete-video?","$v":"Видалити відео?"},{"$i":"deleting","$v":"Видалення…"},{"$i":"delete-n-items?","$v":{"few":["Видалити ",{"t":"idOrVar","v":"n"}," елементи?"],"many":["Видалити ",{"t":"idOrVar","v":"n"}," елементів?"],"one":"Видалити вибраний елемент?","other":["Видалити ",{"t":"idOrVar","v":"n"}," елемента?"],"two":["Видалити ",{"t":"idOrVar","v":"n"}," елементи?"],"zero":"Нічого не вибрано"},"$x":[{"t":"idOrVar","v":"plural"},"n"]},{"$i":"kai-contact-set-ok","$v":"Зображення контакту додано."},{"$i":"kai-contact-set-fail","$v":"Не вдалося встановити зображення контакту."},{"$i":"kai-changes-saved","$v":"Зміни збережено."},{"$i":"wallpaper-set","$v":"Шпалери встановлено."},{"$i":"kai-single-image-deleted","$v":"Фотографію видалено."},{"$i":"kai-deleted-n-photos","$v":{"one":["Видалено ",{"t":"idOrVar","v":"n"}," фото"],"other":["Видалено ",{"t":"idOrVar","v":"n"}," фото"]},"$x":[{"t":"idOrVar","v":"plural"},"n"]},{"$i":"kai-some-photos-not-share","$v":"Деякі фотографії не можна ділитися"},{"$i":"pickoneimage2","$v":"Вибрати"},{"$i":"cropimage","$v":"Обрізати"},{"$i":"kai-on","$v":"Увімкнено"},{"$i":"kai-off","$v":"Вимкнено"},{"$i":"cancel","$v":"Скасувати"},{"$i":"delete","$v":"Видалити"},{"$i":"ok","$v":"OK"},{"$i":"edit","$v":"Редагувати"},{"$i":"revert","$v":"Повернути"},{"$i":"save","$v":"Зберегти"},{"$i":"done","$v":"Готово"},{"$i":"exposure","$v":"Експозиція"},{"$i":"crop","$v":"Обрізати"},{"$i":"effects","$v":"Ефекти"},{"$i":"borders","$v":"Кордони"},{"$i":"enhance-on","$v":"Автопокращення ввімк."},{"$i":"enhance-off","$v":"Автопокращення вимк."},{"$i":"kai-set","$v":"Встановити"},{"$i":"kai-options","$v":"Опції"},{"$i":"kai-select-all","$v":"Усі"},{"$i":"kai-deselect-all","$v":"Немає"},{"$i":"kai-rotate","$v":"Повернути"},{"$i":"kai-share","$v":"Обмінятися"},{"$i":"kai-settings","$v":"Настройки"},{"$i":"kai-set-as","$v":"Встановити в якості"},{"$i":"set-as-wallpaper","$v":"Установити як шпалери"},{"$i":"kai-wallpaper","$v":"Шпалери"},{"$i":"kai-existing-contact-image","$v":"Зображення для наявного контакту"},{"$i":"kai-zoom","$v":"Масштаб"},{"$i":"kai-zoom-in","$v":"Збільшити"},{"$i":"kai-zoom-out","$v":"Зменшити"},{"$i":"kai-file-info","$v":"Відом. про файл"},{"$i":"kai-select-multiple","$v":"Вибрати декілька"},{"$i":"kai-edit-title","$v":"Редагувати зображення"},{"$i":"kai-edit-exposure","$v":"Експозиція"},{"$i":"kai-edit-crop","$v":"Обрізати"},{"$i":"kai-edit-rotate","$v":"Повернути"},{"$i":"kai-edit-filters","$v":"Фільтри"},{"$i":"kai-edit-auto-correct","$v":"Автовиправлення"},{"$i":"edit-exposure","ariaLabel":"Експозиція"},{"$i":"edit-crop","ariaLabel":"Обрізати"},{"$i":"edit-rotate","ariaLabel":"Повернути"},{"$i":"edit-filters","ariaLabel":"Фільтри"},{"$i":"edit-auto-correct","ariaLabel":"Автовиправлення"},{"$i":"crop-none","ariaLabel":"Скасувати обрізання"},{"$i":"crop-aspect-free","ariaLabel":"За умовчанням"},{"$i":"crop-aspect-portrait","ariaLabel":"2:3"},{"$i":"crop-aspect-landscape","ariaLabel":"3:2"},{"$i":"crop-aspect-square","ariaLabel":"1:1"},{"$i":"edit-filters-none","ariaLabel":"Фільтр 1"},{"$i":"edit-filters-bw","ariaLabel":"Фільтр 2"},{"$i":"edit-filters-sepia","ariaLabel":"Фільтр 3"},{"$i":"edit-filters-bluesteel","ariaLabel":"Фільтр 4"},{"$i":"edit-filters-faded","ariaLabel":"Фільтр 5"},{"$i":"original","$v":"Оригінал"},{"$i":"blackandwhite","$v":"Ч-Б"},{"$i":"sepia","$v":"Сепія"},{"$i":"freeform","$v":"Довільний формат"},{"$i":"portrait","$v":"Портрет"},{"$i":"landscape","$v":"Пейзаж"},{"$i":"square","$v":"Квадрат"},{"$i":"emptygallery2-title","$v":"Немає фото чи відео"},{"$i":"emptygallery2-text","$v":"Галерея пуста. Щоб поповнити її, скористайтеся камерою."},{"$i":"emptygallery2-title-pick","$v":"Немає фото"},{"$i":"emptygallery-text-pick","$v":"Немає доступних фото."},{"$i":"nocard3-title","$v":"Немає картки пам’яті"},{"$i":"nocard4-text","$v":"Вставте картку пам’яті, щоб використ. цю прогр."},{"$i":"pluggedin2-title","$v":"Картка пам’яті наразі використовується"},{"$i":"pluggedin2-text","$v":"Пам’ять використовується. Від’єднайте телефон, щоб використати цю програму."},{"$i":"scanning-title","$v":"Сканування"},{"$i":"scanning-text","$v":"Триває сканування фото…"},{"$i":"upgrade-title","$v":"Оновлення бази даних"},{"$i":"upgrade-text","$v":"Зачекайте, поки оновиться база даних Галереї."},{"$i":"share-noprovider","$v":"Не вдалось обмінятися зображенням цього типу."},{"$i":"memorycardfull","$v":"Пам’ять заповнена. Неможливо редагувати зображення."},{"$i":"imagetoobig","$v":"Зображ. завелике, щоб відобраз. його на цьому пристрої."},{"$i":"imageinvalid","$v":"Зображ. пошкоджено або має неправильн. формат, і його не можна відобраз."},{"$i":"saved","$v":[{"t":"idOrVar","v":"filename"}," збережено в Галереї"]},{"$i":"edit-copy-saved","$v":"Нову копію збережено."},{"$i":"overlay-camera-button","$v":"Перейти до камери"},{"$i":"name-label","$v":"Ім’я"},{"$i":"size-label","$v":"Розмір"},{"$i":"image-type-label","$v":"Тип зображ."},{"$i":"kai-date-and-time-label","$v":"Дата і час"},{"$i":"date-taken-label","$v":"Дата зйомки"},{"$i":"resolution-label","$v":"Роздільна здатність"},{"$i":"close-button","$v":"Закрити"},{"$i":"path-label","$v":"Шлях"},{"$i":"sd-card","$v":"SD-картка"},{"$i":"internal","$v":"Внутрішня пам’ять"},{"$i":"byteUnit-B","$v":"Байти"},{"$i":"byteUnit-KB","$v":"КБ"},{"$i":"byteUnit-MB","$v":"МБ"},{"$i":"byteUnit-GB","$v":"ГБ"},{"$i":"gallery","$v":"Галерея"},{"$i":"preview","$v":"Попередній перегляд"},{"$i":"kai-confirmation","$v":"Підтвердження"},{"$i":"kai-delete-this-image","$v":"Видалити фото?"},{"$i":"kai-delete-selected-image","$v":"Видалити вибране фото?"},{"$i":"kai-delete-selected-images","$v":"Видалити вибрані фотографії?"},{"$i":"kai-sort-by","$v":"Критерій сортування"},{"$i":"kai-group-by-date-and-location","$v":"Групувати за датою"},{"$i":"sort-and-group","$v":"Сортування й групування"},{"$i":"time_am","$v":"ДП"},{"$i":"time_pm","$v":"ПП"},{"$i":"date-group-header","$v":"%B %Y"},{"$i":"videoDescriptionShort","$v":"Відео датовано %I:%M %p, %B %e, %Y"},{"$i":"imageDescriptionShort","$v":"Зображ. від %I:%M %p, %B %e, %Y"},{"$i":"editImagePreview","ariaLabel":"Редагувати попер. перегляд зображень"},{"$i":"kai-pickoneimage","$v":"Виберіть фотографію"},{"$i":"discard-changes-warning","$v":"Усі зміни буде втрачено. Відхилити зміни?"},{"$i":"save-changes-warning","$v":"Усі зміни будуть відхилені. Зберегти зміни?"},{"$i":"discard","$v":"Відхилити"},{"$i":"camera","$v":"Камера"},{"$i":"phone-is-full-title","$v":"Пам’ять телефона заповнена"},{"$i":"sd-card-is-full-title","$v":"SD-картку заповнено."},{"$i":"phone-is-full-content","$v":"Видаліть медіафайли або дані програми, щоб звільнити місце. Ви також можете збільшити вільний простір за допомогою SD-картки."},{"$i":"sd-card-is-full-content","$v":"Видаліть файли із SD-картки, щоб звільнити місце."},{"$i":"favorite","$v":"Обране"},{"$i":"add-favorite","$v":"Додати до обраного"},{"$i":"remove-favorite","$v":"Видалити з обраного"},{"$i":"emptyfavorite-text","$v":"У вас немає улюблених фотографій."},{"$i":"donglePlay","$v":"Відтворити"},{"$i":"softkey-options","$v":"Опції"},{"$i":"imageDescription","$v":["Орієнтація зображення: ",{"t":"idOrVar","v":"orientation"},", %I:%M %p, %B %e, %Y"]},{"$i":"imageDescriptionNoTimestamp","$v":["Орієнтація зображення: ",{"t":"idOrVar","v":"orientation"}]},{"$i":"videoDescription","$v":["Орієнтація відео: ",{"t":"idOrVar","v":"orientation"},", %I:%M %p, %B %e, %Y"]},{"$i":"videoDescriptionNoTimestamp","$v":["Орієнтація відео: ",{"t":"idOrVar","v":"orientation"}]},{"$i":"orientationPortrait","$v":"портрет"},{"$i":"orientationLandscape","$v":"пейзаж"},{"$i":"playbackPlay","ariaLabel":"Відтворити"},{"$i":"playbackPause","ariaLabel":"Пауза"},{"$i":"playbackNext","ariaLabel":"Наступн."},{"$i":"playbackPrevious","ariaLabel":"Попередн."},{"$i":"playbackFullscreen","ariaLabel":"Повноекранний"},{"$i":"playbackSeekBar","ariaLabel":["Панель пошуку, тривалість ",{"t":"idOrVar","v":"duration"}]},{"$i":"weekday-0-long","$v":"Неділя"},{"$i":"weekday-1-long","$v":"Понеділок"},{"$i":"weekday-2-long","$v":"Вівторок"},{"$i":"weekday-3-long","$v":"Середа"},{"$i":"weekday-4-long","$v":"Четвер"},{"$i":"weekday-5-long","$v":"П’ятниця"},{"$i":"weekday-6-long","$v":"Субота"},{"$i":"weekday-0-short","$v":"Нд"},{"$i":"weekday-1-short","$v":"Пн"},{"$i":"weekday-2-short","$v":"Вт"},{"$i":"weekday-3-short","$v":"Ср"},{"$i":"weekday-4-short","$v":"Чт"},{"$i":"weekday-5-short","$v":"Пт"},{"$i":"weekday-6-short","$v":"Сб"},{"$i":"month-0-long","$v":"Січень"},{"$i":"month-1-long","$v":"Лютий"},{"$i":"month-2-long","$v":"Березень"},{"$i":"month-3-long","$v":"Квітень"},{"$i":"month-4-long","$v":"Травень"},{"$i":"month-5-long","$v":"Червень"},{"$i":"month-6-long","$v":"Липень"},{"$i":"month-7-long","$v":"Серпень"},{"$i":"month-8-long","$v":"Вересень"},{"$i":"month-9-long","$v":"Жовтень"},{"$i":"month-10-long","$v":"Листопад"},{"$i":"month-11-long","$v":"Грудень"},{"$i":"month-0-genitive","$v":"січня"},{"$i":"month-1-genitive","$v":"лютого"},{"$i":"month-2-genitive","$v":"березня"},{"$i":"month-3-genitive","$v":"квітня"},{"$i":"month-4-genitive","$v":"травня"},{"$i":"month-5-genitive","$v":"червня"},{"$i":"month-6-genitive","$v":"липня"},{"$i":"month-7-genitive","$v":"серпня"},{"$i":"month-8-genitive","$v":"вересня"},{"$i":"month-9-genitive","$v":"жовтня"},{"$i":"month-10-genitive","$v":"листопада"},{"$i":"month-11-genitive","$v":"грудня"},{"$i":"month-0-short","$v":"Січ"},{"$i":"month-1-short","$v":"Лют"},{"$i":"month-2-short","$v":"Бер"},{"$i":"month-3-short","$v":"Кві"},{"$i":"month-4-short","$v":"Тра"},{"$i":"month-5-short","$v":"Чер"},{"$i":"month-6-short","$v":"Лип"},{"$i":"month-7-short","$v":"Сер"},{"$i":"month-8-short","$v":"Вер"},{"$i":"month-9-short","$v":"Жов"},{"$i":"month-10-short","$v":"Лис"},{"$i":"month-11-short","$v":"Гру"},{"$i":"minutes-ago-long","$v":{"few":[{"t":"idOrVar","v":"value"}," хвилини тому"],"many":[{"t":"idOrVar","v":"value"}," хвилин тому"],"other":[{"t":"idOrVar","v":"value"}," хвилини тому"],"two":[{"t":"idOrVar","v":"value"}," хвилини тому"],"one":"Хвилину тому","zero":"просто зараз"},"$x":[{"t":"idOrVar","v":"plural"},"value"]},{"$i":"hours-ago-long","$v":{"few":[{"t":"idOrVar","v":"value"}," години тому"],"many":[{"t":"idOrVar","v":"value"}," годин тому"],"other":[{"t":"idOrVar","v":"value"}," години тому"],"two":[{"t":"idOrVar","v":"value"}," години тому"],"one":"1 год","zero":"просто зараз"},"$x":[{"t":"idOrVar","v":"plural"},"value"]},{"$i":"days-ago-long","$v":{"few":[{"t":"idOrVar","v":"value"}," дні тому"],"many":[{"t":"idOrVar","v":"value"}," днів тому"],"one":"учора","other":[{"t":"idOrVar","v":"value"}," дня тому"],"two":[{"t":"idOrVar","v":"value"}," дні тому"],"zero":"сьогодні"},"$x":[{"t":"idOrVar","v":"plural"},"value"]},{"$i":"weeks-ago-long","$v":{"few":[{"t":"idOrVar","v":"value"}," тижні тому"],"many":[{"t":"idOrVar","v":"value"}," тижнів тому"],"one":"минулий тиждень","other":[{"t":"idOrVar","v":"value"}," тижня тому"],"two":[{"t":"idOrVar","v":"value"}," тижні тому"],"zero":"цього тижня"},"$x":[{"t":"idOrVar","v":"plural"},"value"]},{"$i":"months-ago-long","$v":{"few":[{"t":"idOrVar","v":"value"}," місяці тому"],"many":[{"t":"idOrVar","v":"value"}," місяців тому"],"one":"минулий місяць","other":[{"t":"idOrVar","v":"value"}," місяця тому"],"two":[{"t":"idOrVar","v":"value"}," місяці тому"],"zero":"цього місяця"},"$x":[{"t":"idOrVar","v":"plural"},"value"]},{"$i":"years-ago-long","$v":{"few":[{"t":"idOrVar","v":"value"}," роки тому"],"many":[{"t":"idOrVar","v":"value"}," років тому"],"one":"минулий рік","other":[{"t":"idOrVar","v":"value"}," року тому"],"two":[{"t":"idOrVar","v":"value"}," роки тому"],"zero":"цього року"},"$x":[{"t":"idOrVar","v":"plural"},"value"]},{"$i":"minutes-until-long","$v":{"few":["через ",{"t":"idOrVar","v":"value"}," хв."],"many":["через ",{"t":"idOrVar","v":"value"}," хв."],"other":["через ",{"t":"idOrVar","v":"value"}," хв."],"two":["через ",{"t":"idOrVar","v":"value"}," хв."],"zero":"зараз","one":"за 1 хвилину"},"$x":[{"t":"idOrVar","v":"plural"},"value"]},{"$i":"hours-until-long","$v":{"few":["через ",{"t":"idOrVar","v":"value"}," год."],"many":["через ",{"t":"idOrVar","v":"value"}," год."],"other":["через ",{"t":"idOrVar","v":"value"}," год."],"two":["через ",{"t":"idOrVar","v":"value"}," год."],"zero":"зараз","one":"через 1 годину"},"$x":[{"t":"idOrVar","v":"plural"},"value"]},{"$i":"days-until-long","$v":{"few":["через ",{"t":"idOrVar","v":"value"}," дн."],"many":["через ",{"t":"idOrVar","v":"value"}," дн."],"one":"завтра","other":["через ",{"t":"idOrVar","v":"value"}," дн."],"two":["через ",{"t":"idOrVar","v":"value"}," дн."],"zero":"сьогодні"},"$x":[{"t":"idOrVar","v":"plural"},"value"]},{"$i":"weeks-until-long","$v":{"few":["через ",{"t":"idOrVar","v":"value"}," тиж."],"many":["через ",{"t":"idOrVar","v":"value"}," тиж."],"one":"наступного тижня","other":["через ",{"t":"idOrVar","v":"value"}," тиж."],"two":["через ",{"t":"idOrVar","v":"value"}," тиж."],"zero":"цього тижня"},"$x":[{"t":"idOrVar","v":"plural"},"value"]},{"$i":"months-until-long","$v":{"few":["через ",{"t":"idOrVar","v":"value"}," міс."],"many":["через ",{"t":"idOrVar","v":"value"}," міс."],"one":"наступного місяця","other":["через ",{"t":"idOrVar","v":"value"}," міс."],"two":["через ",{"t":"idOrVar","v":"value"}," міс."],"zero":"цього місяця"},"$x":[{"t":"idOrVar","v":"plural"},"value"]},{"$i":"years-until-long","$v":{"few":["через ",{"t":"idOrVar","v":"value"}," р."],"many":["через ",{"t":"idOrVar","v":"value"}," р."],"one":"наступного року","other":["через ",{"t":"idOrVar","v":"value"}," р."],"two":["через ",{"t":"idOrVar","v":"value"}," р."],"zero":"цього року"},"$x":[{"t":"idOrVar","v":"plural"},"value"]},{"$i":"minutes-ago-short","$v":{"other":[{"t":"idOrVar","v":"value"}," хвилини тому"],"zero":"просто зараз"},"$x":[{"t":"idOrVar","v":"plural"},"value"]},{"$i":"hours-ago-short","$v":{"other":[{"t":"idOrVar","v":"value"}," години тому"],"zero":"просто зараз"},"$x":[{"t":"idOrVar","v":"plural"},"value"]},{"$i":"days-ago-short","$v":{"other":[{"t":"idOrVar","v":"value"}," дня тому"],"zero":"сьогодні"},"$x":[{"t":"idOrVar","v":"plural"},"value"]},{"$i":"minutes-until-short","$v":{"other":["через ",{"t":"idOrVar","v":"value"}," хв."],"zero":"зараз"},"$x":[{"t":"idOrVar","v":"plural"},"value"]},{"$i":"hours-until-short","$v":{"other":["через ",{"t":"idOrVar","v":"value"}," год."],"zero":"зараз"},"$x":[{"t":"idOrVar","v":"plural"},"value"]},{"$i":"days-until-short","$v":{"other":["через ",{"t":"idOrVar","v":"value"}," дн."],"zero":"сьогодні"},"$x":[{"t":"idOrVar","v":"plural"},"value"]},{"$i":"incorrectDate","$v":"(неправильна дата)"},{"$i":"dateTimeFormat_%c","$v":"%a %b %e %Y %I:%M:%S %p"},{"$i":"dateTimeFormat_%x","$v":"%m/%d/%Y"},{"$i":"dateTimeFormat_%X","$v":"%I:%M:%S %p"},{"$i":"shortTimeFormat","$v":"%I:%M %p"},{"$i":"shortTimeFormat12","$v":"%I:%M %p"},{"$i":"shortTimeFormat24","$v":"%H:%M"},{"$i":"shortDateTimeFormat","$v":"%x %I:%M %p"},{"$i":"weekStartsOnMonday","$v":"0.0"},{"$i":"firstDayOfTheWeek","$v":"1.0"}]