[{"$i":"select","$v":"Танлаш"},{"$i":"deselect","$v":"Белгини олиб ташлаш"},{"$i":"kai-select","$v":"Танлаш"},{"$i":"invalid-image","$v":"Расм яроқсиз"},{"$i":"image-too-big","$v":"Расм файлининг ҳажми галереяда кўрсатишга катталик қилади"},{"$i":"image-invalid","$v":"Rasm yaroqsiz yoki buzilganligi sababli tasvirni namoyish qilib bo'lmaydi."},{"$i":"kai-selected-items-count","$v":[{"t":"idOrVar","v":"n"}," та танланди"]},{"$i":"delete-photo?","$v":"Сурат ўчирилсинми?"},{"$i":"delete-video?","$v":"Видео ўчирилсинми?"},{"$i":"deleting","$v":"Ўчирилмоқда…"},{"$i":"delete-n-items?","$v":{"few":[{"t":"idOrVar","v":"n"}," таси ўчирилсинми?"],"many":[{"t":"idOrVar","v":"n"}," таси ўчирилсинми?"],"one":"Танланган элемент ўчирилсинми?","other":[{"t":"idOrVar","v":"n"}," таси ўчирилсинми?"],"two":[{"t":"idOrVar","v":"n"}," таси ўчирилсинми?"],"zero":"Ҳеч нарса танланмади"},"$x":[{"t":"idOrVar","v":"plural"},"n"]},{"$i":"kai-contact-set-ok","$v":"Kontakt rasmi qo‘shildi."},{"$i":"kai-contact-set-fail","$v":"Kontakt rasmini o'rnatib bo'lmadi."},{"$i":"kai-changes-saved","$v":"Ўзгаришлар сақланди."},{"$i":"wallpaper-set","$v":"Фон расми қўйилди."},{"$i":"kai-single-image-deleted","$v":"Rasm o'chirildi."},{"$i":"kai-deleted-n-photos","$v":{"one":[{"t":"idOrVar","v":"n"}," та сурат ўчирилди"],"other":[{"t":"idOrVar","v":"n"}," та сурат ўчирилди"]},"$x":[{"t":"idOrVar","v":"plural"},"n"]},{"$i":"kai-some-photos-not-share","$v":"Ba'zi rasmlarni ulashib bo'lmaydi"},{"$i":"pickoneimage2","$v":"Танлаш"},{"$i":"cropimage","$v":"Қирқиб олиш"},{"$i":"kai-on","$v":"Ёниқ"},{"$i":"kai-off","$v":"Ўчиқ"},{"$i":"cancel","$v":"Бекор"},{"$i":"delete","$v":"Ўчириш"},{"$i":"ok","$v":"OK"},{"$i":"edit","$v":"Таҳрирлаш"},{"$i":"revert","$v":"Тескарилаш"},{"$i":"save","$v":"Сақлаш"},{"$i":"done","$v":"Тайёр"},{"$i":"exposure","$v":"Экспозиция"},{"$i":"crop","$v":"Қирқиб олиш"},{"$i":"effects","$v":"Эффектлар"},{"$i":"borders","$v":"Чегаралар"},{"$i":"enhance-on","$v":"Автоматик кучайтириш ёниқ"},{"$i":"enhance-off","$v":"Автоматик кучайтириш ўчиқ"},{"$i":"kai-set","$v":"O'rnatish"},{"$i":"kai-options","$v":"Параметрлар"},{"$i":"kai-select-all","$v":"Ҳаммаси"},{"$i":"kai-deselect-all","$v":"Ҳеч бири"},{"$i":"kai-rotate","$v":"Айлантириш"},{"$i":"kai-share","$v":"Улашиш"},{"$i":"kai-settings","$v":"Созламалар"},{"$i":"kai-set-as","$v":"Sifatida o'rnatish"},{"$i":"set-as-wallpaper","$v":"Фон расми қилиш"},{"$i":"kai-wallpaper","$v":"Фон расми"},{"$i":"kai-existing-contact-image","$v":"Mavjud kontakt uchun rasm"},{"$i":"kai-zoom","$v":"Миқёс"},{"$i":"kai-zoom-in","$v":"Яқинлаштириш"},{"$i":"kai-zoom-out","$v":"Узоқлаштириш"},{"$i":"kai-file-info","$v":"Файл маълумоти"},{"$i":"kai-select-multiple","$v":"Бир нечтасини танлаш"},{"$i":"kai-edit-title","$v":"Rasmni tahrirlash"},{"$i":"kai-edit-exposure","$v":"Экспозиция"},{"$i":"kai-edit-crop","$v":"Қирқиб олиш"},{"$i":"kai-edit-rotate","$v":"Айлантириш"},{"$i":"kai-edit-filters","$v":"Фильтрлар"},{"$i":"kai-edit-auto-correct","$v":"Автоматик тузатиш"},{"$i":"edit-exposure","ariaLabel":"Экспозиция"},{"$i":"edit-crop","ariaLabel":"Қирқиб олиш"},{"$i":"edit-rotate","ariaLabel":"Айлантириш"},{"$i":"edit-filters","ariaLabel":"Фильтрлар"},{"$i":"edit-auto-correct","ariaLabel":"Автоматик тузатиш"},{"$i":"crop-none","ariaLabel":"Қирқишни ортга қайтариш"},{"$i":"crop-aspect-free","ariaLabel":"Одатий"},{"$i":"crop-aspect-portrait","ariaLabel":"2:3"},{"$i":"crop-aspect-landscape","ariaLabel":"3:2"},{"$i":"crop-aspect-square","ariaLabel":"1:1"},{"$i":"edit-filters-none","ariaLabel":"1-фильтр"},{"$i":"edit-filters-bw","ariaLabel":"2-фильтр"},{"$i":"edit-filters-sepia","ariaLabel":"3-фильтр"},{"$i":"edit-filters-bluesteel","ariaLabel":"4-фильтр"},{"$i":"edit-filters-faded","ariaLabel":"5-фильтр"},{"$i":"original","$v":"Оригинал"},{"$i":"blackandwhite","$v":"О-Қ"},{"$i":"sepia","$v":"Сепия"},{"$i":"freeform","$v":"Эркин формат"},{"$i":"portrait","$v":"Бўйига"},{"$i":"landscape","$v":"Энига"},{"$i":"square","$v":"Квадрат"},{"$i":"emptygallery2-title","$v":"Сурат ёки видео йўқ"},{"$i":"emptygallery2-text","$v":"Галерея бўш. Камерани ишга солинг."},{"$i":"emptygallery2-title-pick","$v":"Сурат йўқ"},{"$i":"emptygallery-text-pick","$v":"Ҳеч қандай сурат йўқ."},{"$i":"nocard3-title","$v":"Хотира картаси йўқ"},{"$i":"nocard4-text","$v":"Бу дастурни ишлатиш учун хотира картаси солинг."},{"$i":"pluggedin2-title","$v":"Хотира картаси ишлатилмоқда"},{"$i":"pluggedin2-text","$v":"Хотира банд. Дастурни ишлатиш учун тел-ни узинг."},{"$i":"scanning-title","$v":"Излаш"},{"$i":"scanning-text","$v":"Сурат излаш..."},{"$i":"upgrade-title","$v":"Омборни янгилаш"},{"$i":"upgrade-text","$v":"Галерея омбори янгиланишини кутинг."},{"$i":"share-noprovider","$v":"Бу турдаги расмни улашиб бўлмайди."},{"$i":"memorycardfull","$v":"Хотира тўлган. Сурат таҳрирлаб бўлмайди."},{"$i":"imagetoobig","$v":"Расм бу қурилмада кўрсатишга катталик қилади."},{"$i":"imageinvalid","$v":"Расм яроқсиз ёки бузилган, уни кўрсатиб бўлмайди."},{"$i":"saved","$v":[{"t":"idOrVar","v":"filename"}," таси Галереяга сақланди"]},{"$i":"edit-copy-saved","$v":"Янги нусха сақланди."},{"$i":"overlay-camera-button","$v":"Камерага ўтиш"},{"$i":"name-label","$v":"Номи"},{"$i":"size-label","$v":"Ҳажми"},{"$i":"image-type-label","$v":"Расм тури"},{"$i":"kai-date-and-time-label","$v":"Sana va vaqt"},{"$i":"date-taken-label","$v":"Олинган сана"},{"$i":"resolution-label","$v":"Пикселлар сиғими"},{"$i":"close-button","$v":"Ёпиш"},{"$i":"path-label","$v":"Yo'l"},{"$i":"sd-card","$v":"SD карта"},{"$i":"internal","$v":"Ички"},{"$i":"byteUnit-B","$v":"Байт"},{"$i":"byteUnit-KB","$v":"КБ"},{"$i":"byteUnit-MB","$v":"МБ"},{"$i":"byteUnit-GB","$v":"ГБ"},{"$i":"gallery","$v":"Галерея"},{"$i":"preview","$v":"Олдиндан кўриш"},{"$i":"kai-confirmation","$v":"Тасдиқ"},{"$i":"kai-delete-this-image","$v":"Сурат ўчирилсинми?"},{"$i":"kai-delete-selected-image","$v":"Tanlangan rasm yo'q qilinsinmi?"},{"$i":"kai-delete-selected-images","$v":"Tanlangan rasmlar yo'q qilinsinmi?"},{"$i":"kai-sort-by","$v":"Саралаш"},{"$i":"kai-group-by-date-and-location","$v":"Sana bo'yicha guruhlash"},{"$i":"sort-and-group","$v":"Саралаш ва гуруҳлаш"},{"$i":"time_am","$v":"ТО"},{"$i":"time_pm","$v":"ТК"},{"$i":"date-group-header","$v":"%B %Y"},{"$i":"videoDescriptionShort","$v":"Видео санаси %I:%M %p, %B %e, %Y"},{"$i":"imageDescriptionShort","$v":"Расм санаси %I:%M %p, %B %e, %Y"},{"$i":"editImagePreview","ariaLabel":"Тасвир кўринишини таҳрирлаш"},{"$i":"kai-pickoneimage","$v":"Rasmni tanlang"},{"$i":"discard-changes-warning","$v":"Барча ўзгаришлар йўқолади. Улардан воз кечасизми?"},{"$i":"save-changes-warning","$v":"Barcha o‘zgarishlar bekor qilinadi. O'zgarishlar saqlansinmi?"},{"$i":"discard","$v":"Воз кечиш"},{"$i":"camera","$v":"Камера"},{"$i":"phone-is-full-title","$v":"Телефон хотирасида жой қолмаган"},{"$i":"sd-card-is-full-title","$v":"SD карта тўлган."},{"$i":"phone-is-full-content","$v":"Жой бўшатиш учун мултимедиа файллари ёки илова маълумотларини ўчиринг. Қурилма хотирасини кенгайтириш учун SD карта ўрнатишингиз ҳам мумкин."},{"$i":"sd-card-is-full-content","$v":"Жой бўшатиш учун SD картадаги файлларни ўчиринг."},{"$i":"favorite","$v":"Севимлилар"},{"$i":"add-favorite","$v":"Севимлиларга қўшиш"},{"$i":"remove-favorite","$v":"Севимлидан ўчириш"},{"$i":"emptyfavorite-text","$v":"Sevimli rasmlaringiz yo'q."},{"$i":"donglePlay","$v":"Ижро"},{"$i":"softkey-options","$v":"Параметрлар"},{"$i":"imageDescription","$v":[{"t":"idOrVar","v":"orientation"}," тасвир, %I:%M %p, %B %e, %Y"]},{"$i":"imageDescriptionNoTimestamp","$v":[{"t":"idOrVar","v":"orientation"}," тасвир"]},{"$i":"videoDescription","$v":[{"t":"idOrVar","v":"orientation"}," видео, %I:%M %p, %B %e, %Y"]},{"$i":"videoDescriptionNoTimestamp","$v":[{"t":"idOrVar","v":"orientation"}," видео"]},{"$i":"orientationPortrait","$v":"бўйига"},{"$i":"orientationLandscape","$v":"энига"},{"$i":"playbackPlay","ariaLabel":"Ижро"},{"$i":"playbackPause","ariaLabel":"Пауза"},{"$i":"playbackNext","ariaLabel":"Кейинги"},{"$i":"playbackPrevious","ariaLabel":"Аввалги"},{"$i":"playbackFullscreen","ariaLabel":"Тўлиқ экран"},{"$i":"playbackSeekBar","ariaLabel":["Ўтказиш панели, давом ",{"t":"idOrVar","v":"duration"}]},{"$i":"weekday-0-long","$v":"Якшанба"},{"$i":"weekday-1-long","$v":"Душанба"},{"$i":"weekday-2-long","$v":"Сешанба"},{"$i":"weekday-3-long","$v":"Чоршанба"},{"$i":"weekday-4-long","$v":"Пайшанба"},{"$i":"weekday-5-long","$v":"Жума"},{"$i":"weekday-6-long","$v":"Шанба"},{"$i":"weekday-0-short","$v":"Якш"},{"$i":"weekday-1-short","$v":"Душ"},{"$i":"weekday-2-short","$v":"Сеш"},{"$i":"weekday-3-short","$v":"Чор"},{"$i":"weekday-4-short","$v":"Пай"},{"$i":"weekday-5-short","$v":"Жум"},{"$i":"weekday-6-short","$v":"Шан"},{"$i":"month-0-long","$v":"Январ"},{"$i":"month-1-long","$v":"Феврал"},{"$i":"month-2-long","$v":"Март"},{"$i":"month-3-long","$v":"Апрель"},{"$i":"month-4-long","$v":"Май"},{"$i":"month-5-long","$v":"Июн"},{"$i":"month-6-long","$v":"Июл"},{"$i":"month-7-long","$v":"Август"},{"$i":"month-8-long","$v":"Сентябр"},{"$i":"month-9-long","$v":"Октябр"},{"$i":"month-10-long","$v":"Ноябр"},{"$i":"month-11-long","$v":"Декабр"},{"$i":"month-0-genitive","$v":"Январь"},{"$i":"month-1-genitive","$v":"Февраль"},{"$i":"month-2-genitive","$v":"Март"},{"$i":"month-3-genitive","$v":"Апрель"},{"$i":"month-4-genitive","$v":"Май"},{"$i":"month-5-genitive","$v":"Июнь"},{"$i":"month-6-genitive","$v":"Июль"},{"$i":"month-7-genitive","$v":"Август"},{"$i":"month-8-genitive","$v":"Сентябрь"},{"$i":"month-9-genitive","$v":"Октябрь"},{"$i":"month-10-genitive","$v":"Ноябрь"},{"$i":"month-11-genitive","$v":"Декабрь"},{"$i":"month-0-short","$v":"Янв"},{"$i":"month-1-short","$v":"Фев"},{"$i":"month-2-short","$v":"Мар"},{"$i":"month-3-short","$v":"Апр"},{"$i":"month-4-short","$v":"Май"},{"$i":"month-5-short","$v":"Июн"},{"$i":"month-6-short","$v":"Июл"},{"$i":"month-7-short","$v":"Авг"},{"$i":"month-8-short","$v":"Сен"},{"$i":"month-9-short","$v":"Окт"},{"$i":"month-10-short","$v":"Ноя"},{"$i":"month-11-short","$v":"Дек"},{"$i":"minutes-ago-long","$v":{"few":[{"t":"idOrVar","v":"value"}," дақиқа олдин"],"many":[{"t":"idOrVar","v":"value"}," дақиқа олдин"],"other":[{"t":"idOrVar","v":"value"}," дақиқа олдин"],"two":[{"t":"idOrVar","v":"value"}," дақиқа олдин"],"one":"бир дақиқа аввал","zero":"ҳозиргина"},"$x":[{"t":"idOrVar","v":"plural"},"value"]},{"$i":"hours-ago-long","$v":{"few":[{"t":"idOrVar","v":"value"}," соат олдин"],"many":[{"t":"idOrVar","v":"value"}," соат олдин"],"other":[{"t":"idOrVar","v":"value"}," соат олдин"],"two":[{"t":"idOrVar","v":"value"}," соат олдин"],"one":"1 soat avval","zero":"ҳозиргина"},"$x":[{"t":"idOrVar","v":"plural"},"value"]},{"$i":"days-ago-long","$v":{"few":[{"t":"idOrVar","v":"value"}," кун олдин"],"many":[{"t":"idOrVar","v":"value"}," кун олдин"],"one":"кеча","other":[{"t":"idOrVar","v":"value"}," кун олдин"],"two":[{"t":"idOrVar","v":"value"}," кун олдин"],"zero":"бугун"},"$x":[{"t":"idOrVar","v":"plural"},"value"]},{"$i":"weeks-ago-long","$v":{"few":[{"t":"idOrVar","v":"value"}," ҳафта олдин"],"many":[{"t":"idOrVar","v":"value"}," ҳафта олдин"],"one":"ўтган ҳафта","other":[{"t":"idOrVar","v":"value"}," ҳафта олдин"],"two":[{"t":"idOrVar","v":"value"}," ҳафта олдин"],"zero":"шу ҳафта"},"$x":[{"t":"idOrVar","v":"plural"},"value"]},{"$i":"months-ago-long","$v":{"few":[{"t":"idOrVar","v":"value"}," ой олдин"],"many":[{"t":"idOrVar","v":"value"}," ой олдин"],"one":"ўтган ой","other":[{"t":"idOrVar","v":"value"}," ой олдин"],"two":[{"t":"idOrVar","v":"value"}," ой олдин"],"zero":"бу ой"},"$x":[{"t":"idOrVar","v":"plural"},"value"]},{"$i":"years-ago-long","$v":{"few":[{"t":"idOrVar","v":"value"}," йил олдин"],"many":[{"t":"idOrVar","v":"value"}," йил олдин"],"one":"ўтган йил","other":[{"t":"idOrVar","v":"value"}," йил олдин"],"two":[{"t":"idOrVar","v":"value"}," йил олдин"],"zero":"шу йил"},"$x":[{"t":"idOrVar","v":"plural"},"value"]},{"$i":"minutes-until-long","$v":{"few":[{"t":"idOrVar","v":"value"}," дақиқада"],"many":[{"t":"idOrVar","v":"value"}," дақиқада"],"other":[{"t":"idOrVar","v":"value"}," дақиқада"],"two":[{"t":"idOrVar","v":"value"}," дақиқада"],"zero":"ҳозир","one":"1 daqiqada"},"$x":[{"t":"idOrVar","v":"plural"},"value"]},{"$i":"hours-until-long","$v":{"few":[{"t":"idOrVar","v":"value"}," соатда"],"many":[{"t":"idOrVar","v":"value"}," соатда"],"other":[{"t":"idOrVar","v":"value"}," соатда"],"two":[{"t":"idOrVar","v":"value"}," соатда"],"zero":"ҳозир","one":"1 soat ichida"},"$x":[{"t":"idOrVar","v":"plural"},"value"]},{"$i":"days-until-long","$v":{"few":[{"t":"idOrVar","v":"value"}," кунда"],"many":[{"t":"idOrVar","v":"value"}," кунда"],"one":"эртага","other":[{"t":"idOrVar","v":"value"}," кунда"],"two":[{"t":"idOrVar","v":"value"}," кунда"],"zero":"бугун"},"$x":[{"t":"idOrVar","v":"plural"},"value"]},{"$i":"weeks-until-long","$v":{"few":[{"t":"idOrVar","v":"value"}," ҳафтада"],"many":[{"t":"idOrVar","v":"value"}," ҳафтада"],"one":"кейинги ҳафта","other":[{"t":"idOrVar","v":"value"}," ҳафтада"],"two":[{"t":"idOrVar","v":"value"}," ҳафтада"],"zero":"шу ҳафта"},"$x":[{"t":"idOrVar","v":"plural"},"value"]},{"$i":"months-until-long","$v":{"few":[{"t":"idOrVar","v":"value"}," ойда"],"many":[{"t":"idOrVar","v":"value"}," ойда"],"one":"кейинги ой","other":[{"t":"idOrVar","v":"value"}," ойда"],"two":[{"t":"idOrVar","v":"value"}," ойда"],"zero":"бу ой"},"$x":[{"t":"idOrVar","v":"plural"},"value"]},{"$i":"years-until-long","$v":{"few":[{"t":"idOrVar","v":"value"}," йилда"],"many":[{"t":"idOrVar","v":"value"}," йилда"],"one":"кейинги йил","other":[{"t":"idOrVar","v":"value"}," йилда"],"two":[{"t":"idOrVar","v":"value"}," йилда"],"zero":"шу йил"},"$x":[{"t":"idOrVar","v":"plural"},"value"]},{"$i":"minutes-ago-short","$v":{"other":[{"t":"idOrVar","v":"value"},"д олдин"],"zero":"ҳозиргина"},"$x":[{"t":"idOrVar","v":"plural"},"value"]},{"$i":"hours-ago-short","$v":{"other":[{"t":"idOrVar","v":"value"},"с олдин"],"zero":"ҳозиргина"},"$x":[{"t":"idOrVar","v":"plural"},"value"]},{"$i":"days-ago-short","$v":{"other":[{"t":"idOrVar","v":"value"},"к олдин"],"zero":"бугун"},"$x":[{"t":"idOrVar","v":"plural"},"value"]},{"$i":"minutes-until-short","$v":{"other":[{"t":"idOrVar","v":"value"},"д"],"zero":"ҳозир"},"$x":[{"t":"idOrVar","v":"plural"},"value"]},{"$i":"hours-until-short","$v":{"other":[{"t":"idOrVar","v":"value"},"с"],"zero":"ҳозир"},"$x":[{"t":"idOrVar","v":"plural"},"value"]},{"$i":"days-until-short","$v":{"other":[{"t":"idOrVar","v":"value"},"к"],"zero":"бугун"},"$x":[{"t":"idOrVar","v":"plural"},"value"]},{"$i":"incorrectDate","$v":"(сана хато)"},{"$i":"dateTimeFormat_%c","$v":"%a %b %e %Y %I:%M:%S %p"},{"$i":"dateTimeFormat_%x","$v":"%m/%d/%Y"},{"$i":"dateTimeFormat_%X","$v":"%I:%M:%S %p"},{"$i":"shortTimeFormat","$v":"%I:%M %p"},{"$i":"shortTimeFormat12","$v":"%I:%M %p"},{"$i":"shortTimeFormat24","$v":"%H:%M"},{"$i":"shortDateTimeFormat","$v":"%x %I:%M %p"},{"$i":"weekStartsOnMonday","$v":"0.0"},{"$i":"firstDayOfTheWeek","$v":"1.0"}]