[{"$i":"select","$v":"Khetha"},{"$i":"deselect","$v":"Yekisa ukhetho"},{"$i":"kai-select","$v":"Khetha"},{"$i":"invalid-image","$v":"Umfanekiso Awusebenzi"},{"$i":"image-too-big","$v":"Isayizi yefayile yomfanekiso inkulu kakhulu ukuba ingaboniswa kwigalari"},{"$i":"image-invalid","$v":"Ayikwazi kubonisa umfanekiso ngenxa yokuba awusebenzi kakuhle."},{"$i":"kai-selected-items-count","$v":[{"t":"idOrVar","v":"n"}," Ezikhethiweyo"]},{"$i":"delete-photo?","$v":"Icime ifoto?"},{"$i":"delete-video?","$v":"Icinywe le vidiyo?"},{"$i":"deleting","$v":"Kuyacinywa..."},{"$i":"delete-n-items?","$v":{"few":["Cima ",{"t":"idOrVar","v":"n"}," izinto?"],"many":["Cima ",{"t":"idOrVar","v":"n"}," izinto?"],"one":"Icime oku kukhethiweyo?","other":["Cima ",{"t":"idOrVar","v":"n"}," izinto?"],"two":["Cima ",{"t":"idOrVar","v":"n"}," izinto?"],"zero":"Akukho nto ikhethiweyo"},"$x":[{"t":"idOrVar","v":"plural"},"n"]},{"$i":"kai-contact-set-ok","$v":"Umfanekiso womqhagamshelwa wongeziwe"},{"$i":"kai-contact-set-fail","$v":"Isilele ukuseta umfanekiso womqhagamshelwa"},{"$i":"kai-changes-saved","$v":"Utshintsho lugciniwe"},{"$i":"wallpaper-set","$v":"Iphepha lodonga lisetiwe"},{"$i":"kai-single-image-deleted","$v":"Ifoto icinyiwe."},{"$i":"kai-deleted-n-photos","$v":{"one":[{"t":"idOrVar","v":"n"}," ifoto icinyiwe"],"other":[{"t":"idOrVar","v":"n"}," iifoto zicinyiwe"]},"$x":[{"t":"idOrVar","v":"plural"},"n"]},{"$i":"kai-some-photos-not-share","$v":"Amanye amafoto awaphiseki"},{"$i":"pickoneimage2","$v":"Khetha"},{"$i":"cropimage","$v":"Nciphisa"},{"$i":"kai-on","$v":"Layitile"},{"$i":"kai-off","$v":"Cimile"},{"$i":"cancel","$v":"Rhoxisa"},{"$i":"delete","$v":"Cima"},{"$i":"ok","$v":"Kulungile"},{"$i":"edit","$v":"Hlela"},{"$i":"revert","$v":"Buyela"},{"$i":"save","$v":"Gcina"},{"$i":"done","$v":"Igqibile"},{"$i":"exposure","$v":"Imbonakalo"},{"$i":"crop","$v":"Nciphisa"},{"$i":"effects","$v":"Uchaphazelo"},{"$i":"borders","$v":"Iibhoda"},{"$i":"enhance-on","$v":"Ukwandisa okuzenzekelayo kuvulelwe"},{"$i":"enhance-off","$v":"Ukwandisa okuzenzekelayo kucinyiwe"},{"$i":"kai-set","$v":"Seta"},{"$i":"kai-options","$v":"Ukhetho"},{"$i":"kai-select-all","$v":"Zonke"},{"$i":"kai-deselect-all","$v":"Akukho nto"},{"$i":"kai-rotate","$v":"Jikelezisa"},{"$i":"kai-share","$v":"Yabelana"},{"$i":"kai-settings","$v":"Iisetingi"},{"$i":"kai-set-as","$v":"Seta njenge"},{"$i":"set-as-wallpaper","$v":"Seta njengephepha lodonga"},{"$i":"kai-wallpaper","$v":"Iphepha Lodonga"},{"$i":"kai-existing-contact-image","$v":"Umfanekiso womqhagamshelwa osele ekho"},{"$i":"kai-zoom","$v":"Zuma"},{"$i":"kai-zoom-in","$v":"Zuma Unciphise"},{"$i":"kai-zoom-out","$v":"Zuma Wandise"},{"$i":"kai-file-info","$v":"Inkcazelo Yefayile"},{"$i":"kai-select-multiple","$v":"Khetha Eziliqela"},{"$i":"kai-edit-title","$v":"Hlela umfanekiso"},{"$i":"kai-edit-exposure","$v":"Imbonakalo"},{"$i":"kai-edit-crop","$v":"Nciphisa"},{"$i":"kai-edit-rotate","$v":"Jikelezisa"},{"$i":"kai-edit-filters","$v":"Iifiltha"},{"$i":"kai-edit-auto-correct","$v":"Ukulungisa okuzenzekelayo"},{"$i":"edit-exposure","ariaLabel":"Imbonakalo"},{"$i":"edit-crop","ariaLabel":"Nciphisa"},{"$i":"edit-rotate","ariaLabel":"Jikelezisa"},{"$i":"edit-filters","ariaLabel":"Iifiltha"},{"$i":"edit-auto-correct","ariaLabel":"Ukulungisa okuzenzekelayo"},{"$i":"crop-none","ariaLabel":"Yeka ukulungisa"},{"$i":"crop-aspect-free","ariaLabel":"Idifothi"},{"$i":"crop-aspect-portrait","ariaLabel":"2:3"},{"$i":"crop-aspect-landscape","ariaLabel":"3:2"},{"$i":"crop-aspect-square","ariaLabel":"1:1"},{"$i":"edit-filters-none","ariaLabel":"Ifiltha 1"},{"$i":"edit-filters-bw","ariaLabel":"Ifiltha 2"},{"$i":"edit-filters-sepia","ariaLabel":"Ifiltha 3"},{"$i":"edit-filters-bluesteel","ariaLabel":"Ifiltha 4"},{"$i":"edit-filters-faded","ariaLabel":"Ifiltha 5"},{"$i":"original","$v":"Eyokuqala"},{"$i":"blackandwhite","$v":{"$o":"B&W"}},{"$i":"sepia","$v":"Sepia"},{"$i":"freeform","$v":"Ifrifomu"},{"$i":"portrait","$v":"Ubude"},{"$i":"landscape","$v":"Ububanzi"},{"$i":"square","$v":"Isikwere"},{"$i":"emptygallery2-title","$v":"Akukho zifoto okanye iividiyo"},{"$i":"emptygallery2-text","$v":"Igalari ayinanto. Sebenzisa ikhamera ukuze uqalise."},{"$i":"emptygallery2-title-pick","$v":"Akukho zifoto"},{"$i":"emptygallery-text-pick","$v":"Akukho zifoto zikhoyo."},{"$i":"nocard3-title","$v":"Ikhadi lememori"},{"$i":"nocard4-text","$v":"Faka ikhadi lenkumbulo ukuze usebenzise le aphu."},{"$i":"pluggedin2-title","$v":"Imemori khadi iyasetyenziswa"},{"$i":"pluggedin2-text","$v":"Ugcino luyasebenza. Nceda ukhuphe ifowuni eplagini ukuze usebenzise le aphu."},{"$i":"scanning-title","$v":"Ukuskena"},{"$i":"scanning-text","$v":"Iskena iifoto..."},{"$i":"upgrade-title","$v":"Uphuculo lwe-Database"},{"$i":"upgrade-text","$v":"Nceda ulinde ngoxa iGalari ihlaziya i-database yayo."},{"$i":"share-noprovider","$v":"Ayikwazi kulabela olu hlobo lomfanekiso."},{"$i":"memorycardfull","$v":"Ugcino lugcwele. Ayikwazi ukuhlela iifoto."},{"$i":"imagetoobig","$v":"Umfanekiso mkhulu kakhulu ukuba ungaboniswa kwesi sixhobo."},{"$i":"imageinvalid","$v":"Umfanekiso awusebenzi okanye wonakele yaye awukwazi kuboniswa."},{"$i":"saved","$v":[{"t":"idOrVar","v":"filename"}," igcinwe kwiGalari"]},{"$i":"edit-copy-saved","$v":"Ikopi entsha igciniwe."},{"$i":"overlay-camera-button","$v":"Yiya Kwikhamera"},{"$i":"name-label","$v":"Igama"},{"$i":"size-label","$v":"Isayizi"},{"$i":"image-type-label","$v":"Uhlobo Lomfanekiso"},{"$i":"kai-date-and-time-label","$v":"UMhla neXesha"},{"$i":"date-taken-label","$v":"Umhla Wokuthathwa"},{"$i":"resolution-label","$v":"IRizolushini"},{"$i":"close-button","$v":"Vala"},{"$i":"path-label","$v":"Umendo"},{"$i":"sd-card","$v":"i-SD-Khadi"},{"$i":"internal","$v":"Ngaphakathi"},{"$i":"byteUnit-B","$v":"Ii-bytes"},{"$i":"byteUnit-KB","$v":"KB"},{"$i":"byteUnit-MB","$v":"MB"},{"$i":"byteUnit-GB","$v":"GB"},{"$i":"gallery","$v":"Igalari"},{"$i":"preview","$v":"Ukubona kwangaphambili"},{"$i":"kai-confirmation","$v":"IsiQinisekiso"},{"$i":"kai-delete-this-image","$v":"Icime ifoto?"},{"$i":"kai-delete-selected-image","$v":"Icinywe le foto ikhethiweyo?"},{"$i":"kai-delete-selected-images","$v":"Zicinywe ezi foto zikhethiweyo?"},{"$i":"kai-sort-by","$v":"Hlengahlengisa ngokwe"},{"$i":"kai-group-by-date-and-location","$v":"Iqela Ngokomhla"},{"$i":"sort-and-group","$v":"Uhlengahlengiso Neqela"},{"$i":"time_am","$v":"AM"},{"$i":"time_pm","$v":"PM"},{"$i":"date-group-header","$v":"%B %Y"},{"$i":"videoDescriptionShort","$v":"Ividiyo yomhla ka %I:%M %p, %B %e, %Y"},{"$i":"imageDescriptionShort","$v":"Umfanekiso womhla ka %I:%M %p, %B %e, %Y"},{"$i":"editImagePreview","ariaLabel":"Hlela ukubonaka komfanekiso"},{"$i":"kai-pickoneimage","$v":"Khetha Ifoto"},{"$i":"discard-changes-warning","$v":"Lonke utshintsho luza kulahleka. Ngaba ungathanda ukululahla utshintsho?"},{"$i":"save-changes-warning","$v":"Lonke utshintsho luza kulahlwa. Gcina utshintsho?"},{"$i":"discard","$v":"Yilahle"},{"$i":"camera","$v":"Ikhamera"},{"$i":"phone-is-full-title","$v":"Indawo yokubhalela igcwele emnxebeni"},{"$i":"sd-card-is-full-title","$v":"Ligcwele ikhadi leSD"},{"$i":"phone-is-full-content","$v":"Cima ifayile ukuze uvule indawo. Ungafaka nekhadi leSD ukuze uvule indawo"},{"$i":"sd-card-is-full-content","$v":"Cima iifayile kwikhadi leSD ukuze kuvuleke indawo"},{"$i":"favorite","$v":"Ezithandwayo"},{"$i":"add-favorite","$v":"Yongeze kwezithandwayo"},{"$i":"remove-favorite","$v":"Yisuse kwezithandwayo"},{"$i":"emptyfavorite-text","$v":"Awunazo iifoto ezithandwayo."},{"$i":"donglePlay","$v":"Dlala"},{"$i":"softkey-options","$v":"Ukhetho"},{"$i":"imageDescription","$v":[{"t":"idOrVar","v":"orientation"}," umfanekiso, %I:%M %p, %B %e, %Y"]},{"$i":"imageDescriptionNoTimestamp","$v":[{"t":"idOrVar","v":"orientation"}," umfanekiao"]},{"$i":"videoDescription","$v":[{"t":"idOrVar","v":"orientation"}," ividiyo, %I:%M %p, %B %e, %Y"]},{"$i":"videoDescriptionNoTimestamp","$v":[{"t":"idOrVar","v":"orientation"}," ividiyo"]},{"$i":"orientationPortrait","$v":"ubude"},{"$i":"orientationLandscape","$v":"ububanzi"},{"$i":"playbackPlay","ariaLabel":"Dlala"},{"$i":"playbackPause","ariaLabel":"Nqumamisa"},{"$i":"playbackNext","ariaLabel":"Okulandelayo"},{"$i":"playbackPrevious","ariaLabel":"Okungaphambili"},{"$i":"playbackFullscreen","ariaLabel":"Iskreen esipheleleyo"},{"$i":"playbackSeekBar","ariaLabel":["Funa ibha, ubude ",{"t":"idOrVar","v":"duration"}]},{"$i":"weekday-0-long","$v":"Cawa"},{"$i":"weekday-1-long","$v":"Mvulo"},{"$i":"weekday-2-long","$v":"Lwesibini"},{"$i":"weekday-3-long","$v":"Lwesithathu"},{"$i":"weekday-4-long","$v":"Lwesine"},{"$i":"weekday-5-long","$v":"Lwesihlanu"},{"$i":"weekday-6-long","$v":"Mgqibelo"},{"$i":"weekday-0-short","$v":"NgeCawe"},{"$i":"weekday-1-short","$v":"NgoMvulo"},{"$i":"weekday-2-short","$v":"NgoLwesibini"},{"$i":"weekday-3-short","$v":"NgoLwesithathu"},{"$i":"weekday-4-short","$v":"NgoLwesine"},{"$i":"weekday-5-short","$v":"NgoLwesihlanu"},{"$i":"weekday-6-short","$v":"NgoMgqibelo"},{"$i":"month-0-long","$v":"UJanyuwari"},{"$i":"month-1-long","$v":"UFebhruwari"},{"$i":"month-2-long","$v":"UMatshi"},{"$i":"month-3-long","$v":"UApreli"},{"$i":"month-4-long","$v":"UMeyi"},{"$i":"month-5-long","$v":"UJuni"},{"$i":"month-6-long","$v":"UJulayi"},{"$i":"month-7-long","$v":"UAgasti"},{"$i":"month-8-long","$v":"USeptembha"},{"$i":"month-9-long","$v":"UOktobha"},{"$i":"month-10-long","$v":"UNovembha"},{"$i":"month-11-long","$v":"UDisembha"},{"$i":"month-0-genitive","$v":"UJanyuwari"},{"$i":"month-1-genitive","$v":"UFebhruwari"},{"$i":"month-2-genitive","$v":"UMatshi"},{"$i":"month-3-genitive","$v":"UApreli"},{"$i":"month-4-genitive","$v":"UMeyi"},{"$i":"month-5-genitive","$v":"UJuni"},{"$i":"month-6-genitive","$v":"UJulayi"},{"$i":"month-7-genitive","$v":"UAgasti"},{"$i":"month-8-genitive","$v":"USeptembha"},{"$i":"month-9-genitive","$v":"UOktobha"},{"$i":"month-10-genitive","$v":"UNovembha"},{"$i":"month-11-genitive","$v":"UDisembha"},{"$i":"month-0-short","$v":"UJanyuwari"},{"$i":"month-1-short","$v":"UFebhruwari"},{"$i":"month-2-short","$v":"UMatshi"},{"$i":"month-3-short","$v":"UApreli"},{"$i":"month-4-short","$v":"UMeyi"},{"$i":"month-5-short","$v":"UJuni"},{"$i":"month-6-short","$v":"UJulayi"},{"$i":"month-7-short","$v":"UAgasti"},{"$i":"month-8-short","$v":"USeptembha"},{"$i":"month-9-short","$v":"UOktobha"},{"$i":"month-10-short","$v":"UNovembha"},{"$i":"month-11-short","$v":"UDisembha"},{"$i":"minutes-ago-long","$v":{"few":[{"t":"idOrVar","v":"value"}," kwimizuzu edlulileyo"],"many":[{"t":"idOrVar","v":"value"}," kwimizuzu edlulileyo"],"other":[{"t":"idOrVar","v":"value"}," kwimizuzu edlulileyo"],"two":[{"t":"idOrVar","v":"value"}," kwimizuzu edlulileyo"],"one":"Kumzuzu odlulileyo","zero":"Ngoku nje"},"$x":[{"t":"idOrVar","v":"plural"},"value"]},{"$i":"hours-ago-long","$v":{"few":[{"t":"idOrVar","v":"value"}," kwiiyure ezidlulileyo"],"many":[{"t":"idOrVar","v":"value"}," kwiiyure ezidlulileyo"],"other":[{"t":"idOrVar","v":"value"}," kwiiyure ezidlulileyo"],"two":[{"t":"idOrVar","v":"value"}," kwiiyure ezidlulileyo"],"one":"Kwiyure enye edlulileyo","zero":"Ngoku nje"},"$x":[{"t":"idOrVar","v":"plural"},"value"]},{"$i":"days-ago-long","$v":{"few":[{"t":"idOrVar","v":"value"}," kwiimini ezidlulileyo"],"many":[{"t":"idOrVar","v":"value"}," kwiimini ezidlulileyo"],"one":"Izolo","other":[{"t":"idOrVar","v":"value"}," kwiimini ezidlulileyo"],"two":[{"t":"idOrVar","v":"value"}," kwiimini ezidlulileyo"],"zero":"Namhlanje"},"$x":[{"t":"idOrVar","v":"plural"},"value"]},{"$i":"weeks-ago-long","$v":{"few":[{"t":"idOrVar","v":"value"}," ngeeveki ezadlulayo"],"many":[{"t":"idOrVar","v":"value"}," ngeeveki ezadlulayo"],"one":"Kwiveki edlulileyo","other":[{"t":"idOrVar","v":"value"}," ngeeveki ezadlulayo"],"two":[{"t":"idOrVar","v":"value"}," ngeeveki ezadlulayo"],"zero":"Kule veki"},"$x":[{"t":"idOrVar","v":"plural"},"value"]},{"$i":"months-ago-long","$v":{"few":[{"t":"idOrVar","v":"value"}," kwiinyanga ezadlulayo"],"many":[{"t":"idOrVar","v":"value"}," kwiinyanga ezadlulayo"],"one":"Kwinyanga enye edlulileyo","other":[{"t":"idOrVar","v":"value"}," kwiinyanga ezadlulayo"],"two":[{"t":"idOrVar","v":"value"}," kwiinyanga ezadlulayo"],"zero":"Kule nyanga"},"$x":[{"t":"idOrVar","v":"plural"},"value"]},{"$i":"years-ago-long","$v":{"few":[{"t":"idOrVar","v":"value"}," kwiminyaka eyadlulayo"],"many":[{"t":"idOrVar","v":"value"}," kwiminyaka eyadlulayo"],"one":"Kunyaka ophelileyo","other":[{"t":"idOrVar","v":"value"}," kwiminyaka eyadlulayo"],"two":[{"t":"idOrVar","v":"value"}," kwiminyaka eyadlulayo"],"zero":"Kulo nyaka"},"$x":[{"t":"idOrVar","v":"plural"},"value"]},{"$i":"minutes-until-long","$v":{"few":["Ngaphakathi ",{"t":"idOrVar","v":"value"}," imizuzu"],"many":["Ngaphakathi ",{"t":"idOrVar","v":"value"}," imizuzu"],"other":["Ngaphakathi ",{"t":"idOrVar","v":"value"}," imizuzu"],"two":["Ngaphakathi ",{"t":"idOrVar","v":"value"}," imizuzu"],"zero":"Ngoku","one":"Ngomzuzu olandelayo"},"$x":[{"t":"idOrVar","v":"plural"},"value"]},{"$i":"hours-until-long","$v":{"few":["Ngaphakathi ",{"t":"idOrVar","v":"value"}," iiyure"],"many":["Ngaphakathi ",{"t":"idOrVar","v":"value"}," iiyure"],"other":["Ngaphakathi ",{"t":"idOrVar","v":"value"}," iiyure"],"two":["Ngaphakathi ",{"t":"idOrVar","v":"value"}," iiyure"],"zero":"Ngoku","one":"Kwiyure enye ezayo"},"$x":[{"t":"idOrVar","v":"plural"},"value"]},{"$i":"days-until-long","$v":{"few":["Ngaphakathi ",{"t":"idOrVar","v":"value"}," iimini"],"many":["Ngaphakathi ",{"t":"idOrVar","v":"value"}," iimini"],"one":"Ngomso","other":["Ngaphakathi ",{"t":"idOrVar","v":"value"}," iimini"],"two":["Ngaphakathi ",{"t":"idOrVar","v":"value"}," iimini"],"zero":"Namhlanje"},"$x":[{"t":"idOrVar","v":"plural"},"value"]},{"$i":"weeks-until-long","$v":{"few":["Ngaphakathi ",{"t":"idOrVar","v":"value"}," iiveki"],"many":["Ngaphakathi ",{"t":"idOrVar","v":"value"}," iiveki"],"one":"Kwiveki ezayo","other":["Ngaphakathi ",{"t":"idOrVar","v":"value"}," iiveki"],"two":["Ngaphakathi ",{"t":"idOrVar","v":"value"}," iiveki"],"zero":"Kule veki"},"$x":[{"t":"idOrVar","v":"plural"},"value"]},{"$i":"months-until-long","$v":{"few":["Ngaphakathi ",{"t":"idOrVar","v":"value"}," iinyanga"],"many":["Ngaphakathi ",{"t":"idOrVar","v":"value"}," iinyanga"],"one":"Kwinyanga elandelayo","other":["Ngaphakathi ",{"t":"idOrVar","v":"value"}," iinyanga"],"two":["Ngaphakathi ",{"t":"idOrVar","v":"value"}," iinyanga"],"zero":"Kule nyanga"},"$x":[{"t":"idOrVar","v":"plural"},"value"]},{"$i":"years-until-long","$v":{"few":["Ngaphakathi ",{"t":"idOrVar","v":"value"}," iminyaka"],"many":["Ngaphakathi ",{"t":"idOrVar","v":"value"}," iminyaka"],"one":"Kunyaka ozayo","other":["Ngaphakathi ",{"t":"idOrVar","v":"value"}," iminyaka"],"two":["Ngaphakathi ",{"t":"idOrVar","v":"value"}," iminyaka"],"zero":"Kulo nyaka"},"$x":[{"t":"idOrVar","v":"plural"},"value"]},{"$i":"minutes-ago-short","$v":{"other":[{"t":"idOrVar","v":"value"}," kwimizuzu edlulileyo"],"zero":"Ngoku nje"},"$x":[{"t":"idOrVar","v":"plural"},"value"]},{"$i":"hours-ago-short","$v":{"other":[{"t":"idOrVar","v":"value"}," kwiiyure ezidlulileyo"],"zero":"Ngoku nje"},"$x":[{"t":"idOrVar","v":"plural"},"value"]},{"$i":"days-ago-short","$v":{"other":[{"t":"idOrVar","v":"value"}," kwiimini ezidlulileyo"],"zero":"Namhlanje"},"$x":[{"t":"idOrVar","v":"plural"},"value"]},{"$i":"minutes-until-short","$v":{"other":["Ngaphakathi ",{"t":"idOrVar","v":"value"}," imizuzu"],"zero":"Ngoku"},"$x":[{"t":"idOrVar","v":"plural"},"value"]},{"$i":"hours-until-short","$v":{"other":["Ngaphakathi ",{"t":"idOrVar","v":"value"}," iiyure"],"zero":"Ngoku"},"$x":[{"t":"idOrVar","v":"plural"},"value"]},{"$i":"days-until-short","$v":{"other":["Ngaphakathi ",{"t":"idOrVar","v":"value"}," iimini"],"zero":"Namhlanje"},"$x":[{"t":"idOrVar","v":"plural"},"value"]},{"$i":"incorrectDate","$v":"(umhla awuchananga)"},{"$i":"dateTimeFormat_%c","$v":"%a %b %e %Y %I:%M:%S %p"},{"$i":"dateTimeFormat_%x","$v":"%I:%M:%S %p"},{"$i":"dateTimeFormat_%X","$v":"%I:%M:%S %p"},{"$i":"shortTimeFormat","$v":"%I:%M %p"},{"$i":"shortTimeFormat12","$v":"%I:%M %p"},{"$i":"shortTimeFormat24","$v":"%H:%M"},{"$i":"shortDateTimeFormat","$v":"%x %I:%M %p"},{"$i":"weekStartsOnMonday","$v":"0.0"},{"$i":"firstDayOfTheWeek","$v":"0.0"}]