[{"$i":"select","$v":"選取"},{"$i":"deselect","$v":"取消選取"},{"$i":"kai-select","$v":"選取"},{"$i":"invalid-image","$v":"影像無效"},{"$i":"image-too-big","$v":"影像檔案過大，無法在圖庫中顯示"},{"$i":"image-invalid","$v":"由於圖像無效或損壞而無法顯示圖像。"},{"$i":"kai-selected-items-count","$v":["已選取",{"t":"idOrVar","v":"n"}]},{"$i":"delete-photo?","$v":"刪除相片？"},{"$i":"delete-video?","$v":"刪除影片？"},{"$i":"deleting","$v":"刪除中..."},{"$i":"delete-n-items?","$v":{"few":["刪除",{"t":"idOrVar","v":"n"},"個項目？"],"many":["刪除",{"t":"idOrVar","v":"n"},"個項目？"],"one":"刪除所選的項目？","other":["刪除",{"t":"idOrVar","v":"n"},"個項目？"],"two":["刪除",{"t":"idOrVar","v":"n"},"個項目？"],"zero":"沒有選取任何內容"},"$x":[{"t":"idOrVar","v":"plural"},"n"]},{"$i":"kai-contact-set-ok","$v":"聯絡人圖像已添加。"},{"$i":"kai-contact-set-fail","$v":"無法設定聯絡人圖像。"},{"$i":"kai-changes-saved","$v":"變更已儲存。"},{"$i":"wallpaper-set","$v":"桌布已設定。"},{"$i":"kai-single-image-deleted","$v":"照片已刪除。"},{"$i":"kai-deleted-n-photos","$v":{"one":["已刪除",{"t":"idOrVar","v":"n"},"張相片"],"other":["已刪除",{"t":"idOrVar","v":"n"},"張相片"]},"$x":[{"t":"idOrVar","v":"plural"},"n"]},{"$i":"kai-some-photos-not-share","$v":"有些照片無法共享"},{"$i":"pickoneimage2","$v":"選取"},{"$i":"cropimage","$v":"裁剪"},{"$i":"kai-on","$v":"開啟"},{"$i":"kai-off","$v":"關閉"},{"$i":"cancel","$v":"取消"},{"$i":"delete","$v":"刪除"},{"$i":"ok","$v":"確認"},{"$i":"edit","$v":"編輯"},{"$i":"revert","$v":"還原"},{"$i":"save","$v":"儲存"},{"$i":"done","$v":"已完成"},{"$i":"exposure","$v":"曝光"},{"$i":"crop","$v":"裁剪"},{"$i":"effects","$v":"效果"},{"$i":"borders","$v":"邊界"},{"$i":"enhance-on","$v":"自動增強開啟"},{"$i":"enhance-off","$v":"自動增強關閉"},{"$i":"kai-set","$v":"設定"},{"$i":"kai-options","$v":"選項"},{"$i":"kai-select-all","$v":"全部"},{"$i":"kai-deselect-all","$v":"無"},{"$i":"kai-rotate","$v":"旋轉"},{"$i":"kai-share","$v":"分享"},{"$i":"kai-settings","$v":"設定"},{"$i":"kai-set-as","$v":"設定為"},{"$i":"set-as-wallpaper","$v":"設定為桌布"},{"$i":"kai-wallpaper","$v":"桌布"},{"$i":"kai-existing-contact-image","$v":"現有聯絡人的圖片"},{"$i":"kai-zoom","$v":"縮放"},{"$i":"kai-zoom-in","$v":"放大"},{"$i":"kai-zoom-out","$v":"縮小"},{"$i":"kai-file-info","$v":"檔案資訊"},{"$i":"kai-select-multiple","$v":"多選"},{"$i":"kai-edit-title","$v":"編輯影像"},{"$i":"kai-edit-exposure","$v":"曝光"},{"$i":"kai-edit-crop","$v":"裁剪"},{"$i":"kai-edit-rotate","$v":"旋轉"},{"$i":"kai-edit-filters","$v":"過濾器"},{"$i":"kai-edit-auto-correct","$v":"自動更正"},{"$i":"edit-exposure","ariaLabel":"曝光"},{"$i":"edit-crop","ariaLabel":"裁剪"},{"$i":"edit-rotate","ariaLabel":"旋轉"},{"$i":"edit-filters","ariaLabel":"過濾器"},{"$i":"edit-auto-correct","ariaLabel":"自動更正"},{"$i":"crop-none","ariaLabel":"復原裁剪"},{"$i":"crop-aspect-free","ariaLabel":"預設"},{"$i":"crop-aspect-portrait","ariaLabel":"2:3"},{"$i":"crop-aspect-landscape","ariaLabel":"3:2"},{"$i":"crop-aspect-square","ariaLabel":"1:1"},{"$i":"edit-filters-none","ariaLabel":"過濾器1"},{"$i":"edit-filters-bw","ariaLabel":"過濾器2"},{"$i":"edit-filters-sepia","ariaLabel":"過濾器3"},{"$i":"edit-filters-bluesteel","ariaLabel":"過濾器4"},{"$i":"edit-filters-faded","ariaLabel":"過濾器5"},{"$i":"original","$v":"原始影像"},{"$i":"blackandwhite","$v":"黑白"},{"$i":"sepia","$v":"褐色"},{"$i":"freeform","$v":"手繪多邊形"},{"$i":"portrait","$v":"直向"},{"$i":"landscape","$v":"橫向"},{"$i":"square","$v":"正方形"},{"$i":"emptygallery2-title","$v":"無相片或影片"},{"$i":"emptygallery2-text","$v":"圖庫空白。請開始使用相機。"},{"$i":"emptygallery2-title-pick","$v":"無相片"},{"$i":"emptygallery-text-pick","$v":"無相片可用。"},{"$i":"nocard3-title","$v":"沒有記憶卡"},{"$i":"nocard4-text","$v":"插入記憶卡以使用此應用程式。"},{"$i":"pluggedin2-title","$v":"記憶卡正在使用中"},{"$i":"pluggedin2-text","$v":"儲存空間正在使用中。請拔除手機以使用此應用程式。"},{"$i":"scanning-title","$v":"正在掃描"},{"$i":"scanning-text","$v":"正在掃描相片..."},{"$i":"upgrade-title","$v":"資料庫升級"},{"$i":"upgrade-text","$v":"圖庫正在更新其資料庫，請稍候。"},{"$i":"share-noprovider","$v":"無法分享此影像檔案類型。"},{"$i":"memorycardfull","$v":"儲存空間已滿。無法編輯相片。"},{"$i":"imagetoobig","$v":"影像過大，無法在此裝置上顯示。"},{"$i":"imageinvalid","$v":"影像無效或損毀，且無法顯示。"},{"$i":"saved","$v":[{"t":"idOrVar","v":"filename"},"已儲存至圖庫"]},{"$i":"edit-copy-saved","$v":"新副本已儲存。"},{"$i":"overlay-camera-button","$v":"轉至相機"},{"$i":"name-label","$v":"名稱"},{"$i":"size-label","$v":"大小"},{"$i":"image-type-label","$v":"影像類型"},{"$i":"kai-date-and-time-label","$v":"日期和時間"},{"$i":"date-taken-label","$v":"拍攝日期"},{"$i":"resolution-label","$v":"解析度"},{"$i":"close-button","$v":"關閉"},{"$i":"path-label","$v":"路徑"},{"$i":"sd-card","$v":"SD卡"},{"$i":"internal","$v":"內部"},{"$i":"byteUnit-B","$v":"位元組"},{"$i":"byteUnit-KB","$v":"KB"},{"$i":"byteUnit-MB","$v":"MB"},{"$i":"byteUnit-GB","$v":"GB"},{"$i":"gallery","$v":"圖庫"},{"$i":"preview","$v":"預覽"},{"$i":"kai-confirmation","$v":"確認"},{"$i":"kai-delete-this-image","$v":"刪除相片？"},{"$i":"kai-delete-selected-image","$v":"刪除所選照片？"},{"$i":"kai-delete-selected-images","$v":"刪除所選照片？"},{"$i":"kai-sort-by","$v":"排序依據"},{"$i":"kai-group-by-date-and-location","$v":"按日期分組"},{"$i":"sort-and-group","$v":"排序與分組"},{"$i":"time_am","$v":"上午"},{"$i":"time_pm","$v":"下午"},{"$i":"date-group-header","$v":"%B %Y"},{"$i":"videoDescriptionShort","$v":"影片已過期%I:%M %p, %B %e, %Y"},{"$i":"imageDescriptionShort","$v":"影像日期%I:%M %p, %B %e, %Y"},{"$i":"editImagePreview","ariaLabel":"編輯影像預覽"},{"$i":"kai-pickoneimage","$v":"選擇一張照片"},{"$i":"discard-changes-warning","$v":"將遺失所有變更。是否捨棄變更？"},{"$i":"save-changes-warning","$v":"所有更改將被丟棄。保存更改？"},{"$i":"discard","$v":"放棄"},{"$i":"camera","$v":"相機"},{"$i":"phone-is-full-title","$v":"手機儲存空間已滿"},{"$i":"sd-card-is-full-title","$v":"SD卡已滿。"},{"$i":"phone-is-full-content","$v":"刪除媒體檔案或應用程式資料以釋放空間。您還可以插入SD卡來擴充媒體儲存空間。"},{"$i":"sd-card-is-full-content","$v":"刪除SD卡中的檔案以釋放空間。"},{"$i":"favorite","$v":"我的最愛"},{"$i":"add-favorite","$v":"增加至我的最愛"},{"$i":"remove-favorite","$v":"移除最愛"},{"$i":"emptyfavorite-text","$v":"您沒有喜歡的照片。"},{"$i":"donglePlay","$v":"播放"},{"$i":"softkey-options","$v":"選項"},{"$i":"imageDescription","$v":[{"t":"idOrVar","v":"orientation"},"影像，%I:%M %p，%B %e，%Y"]},{"$i":"imageDescriptionNoTimestamp","$v":[{"t":"idOrVar","v":"orientation"},"影像"]},{"$i":"videoDescription","$v":[{"t":"idOrVar","v":"orientation"},"影片，%I:%M %p，%B %e，%Y"]},{"$i":"videoDescriptionNoTimestamp","$v":[{"t":"idOrVar","v":"orientation"},"影片"]},{"$i":"orientationPortrait","$v":"直向"},{"$i":"orientationLandscape","$v":"橫向"},{"$i":"playbackPlay","ariaLabel":"播放"},{"$i":"playbackPause","ariaLabel":"暫停"},{"$i":"playbackNext","ariaLabel":"下一步"},{"$i":"playbackPrevious","ariaLabel":"上一步"},{"$i":"playbackFullscreen","ariaLabel":"全螢幕"},{"$i":"playbackSeekBar","ariaLabel":["搜尋列(期限",{"t":"idOrVar","v":"duration"},")"]},{"$i":"weekday-0-long","$v":"星期日"},{"$i":"weekday-1-long","$v":"星期一"},{"$i":"weekday-2-long","$v":"星期二"},{"$i":"weekday-3-long","$v":"星期三"},{"$i":"weekday-4-long","$v":"星期四"},{"$i":"weekday-5-long","$v":"星期五"},{"$i":"weekday-6-long","$v":"星期六"},{"$i":"weekday-0-short","$v":"周日"},{"$i":"weekday-1-short","$v":"周一"},{"$i":"weekday-2-short","$v":"周二"},{"$i":"weekday-3-short","$v":"周三"},{"$i":"weekday-4-short","$v":"周四"},{"$i":"weekday-5-short","$v":"周五"},{"$i":"weekday-6-short","$v":"周六"},{"$i":"month-0-long","$v":"一月"},{"$i":"month-1-long","$v":"二月"},{"$i":"month-2-long","$v":"三月"},{"$i":"month-3-long","$v":"四月"},{"$i":"month-4-long","$v":"五月"},{"$i":"month-5-long","$v":"六月"},{"$i":"month-6-long","$v":"七月"},{"$i":"month-7-long","$v":"八月"},{"$i":"month-8-long","$v":"九月"},{"$i":"month-9-long","$v":"十月"},{"$i":"month-10-long","$v":"十一月"},{"$i":"month-11-long","$v":"十二月"},{"$i":"month-0-genitive","$v":"一月"},{"$i":"month-1-genitive","$v":"二月"},{"$i":"month-2-genitive","$v":"三月"},{"$i":"month-3-genitive","$v":"四月"},{"$i":"month-4-genitive","$v":"五月"},{"$i":"month-5-genitive","$v":"六月"},{"$i":"month-6-genitive","$v":"七月"},{"$i":"month-7-genitive","$v":"八月"},{"$i":"month-8-genitive","$v":"九月"},{"$i":"month-9-genitive","$v":"十月"},{"$i":"month-10-genitive","$v":"十一月"},{"$i":"month-11-genitive","$v":"十二月"},{"$i":"month-0-short","$v":"1月"},{"$i":"month-1-short","$v":"2月"},{"$i":"month-2-short","$v":"3月"},{"$i":"month-3-short","$v":"4月"},{"$i":"month-4-short","$v":"5月"},{"$i":"month-5-short","$v":"6月"},{"$i":"month-6-short","$v":"7月"},{"$i":"month-7-short","$v":"8月"},{"$i":"month-8-short","$v":"9月"},{"$i":"month-9-short","$v":"10月"},{"$i":"month-10-short","$v":"11月"},{"$i":"month-11-short","$v":"12月"},{"$i":"minutes-ago-long","$v":{"few":[{"t":"idOrVar","v":"value"},"分鐘前"],"many":[{"t":"idOrVar","v":"value"},"分鐘前"],"other":[{"t":"idOrVar","v":"value"},"分鐘前"],"two":[{"t":"idOrVar","v":"value"},"分鐘前"],"one":"一分鐘前","zero":"現在"},"$x":[{"t":"idOrVar","v":"plural"},"value"]},{"$i":"hours-ago-long","$v":{"few":[{"t":"idOrVar","v":"value"},"小時前"],"many":[{"t":"idOrVar","v":"value"},"小時前"],"other":[{"t":"idOrVar","v":"value"},"小時前"],"two":[{"t":"idOrVar","v":"value"},"小時前"],"one":"1小時前","zero":"現在"},"$x":[{"t":"idOrVar","v":"plural"},"value"]},{"$i":"days-ago-long","$v":{"few":[{"t":"idOrVar","v":"value"},"天前"],"many":[{"t":"idOrVar","v":"value"},"天前"],"one":"昨天","other":[{"t":"idOrVar","v":"value"},"天前"],"two":[{"t":"idOrVar","v":"value"},"天前"],"zero":"今天"},"$x":[{"t":"idOrVar","v":"plural"},"value"]},{"$i":"weeks-ago-long","$v":{"few":[{"t":"idOrVar","v":"value"},"星期前"],"many":[{"t":"idOrVar","v":"value"},"星期前"],"one":"上週","other":[{"t":"idOrVar","v":"value"},"星期前"],"two":[{"t":"idOrVar","v":"value"},"星期前"],"zero":"本週"},"$x":[{"t":"idOrVar","v":"plural"},"value"]},{"$i":"months-ago-long","$v":{"few":[{"t":"idOrVar","v":"value"},"個月前"],"many":[{"t":"idOrVar","v":"value"},"個月前"],"one":"上個月","other":[{"t":"idOrVar","v":"value"},"個月前"],"two":[{"t":"idOrVar","v":"value"},"個月前"],"zero":"本月"},"$x":[{"t":"idOrVar","v":"plural"},"value"]},{"$i":"years-ago-long","$v":{"few":[{"t":"idOrVar","v":"value"},"年前"],"many":[{"t":"idOrVar","v":"value"},"年前"],"one":"上一年","other":[{"t":"idOrVar","v":"value"},"年前"],"two":[{"t":"idOrVar","v":"value"},"年前"],"zero":"今年"},"$x":[{"t":"idOrVar","v":"plural"},"value"]},{"$i":"minutes-until-long","$v":{"few":["在",{"t":"idOrVar","v":"value"},"分鐘後"],"many":["在",{"t":"idOrVar","v":"value"},"分鐘後"],"other":["在",{"t":"idOrVar","v":"value"},"分鐘後"],"two":["在",{"t":"idOrVar","v":"value"},"分鐘後"],"zero":"現在","one":"1分鐘內"},"$x":[{"t":"idOrVar","v":"plural"},"value"]},{"$i":"hours-until-long","$v":{"few":["在",{"t":"idOrVar","v":"value"},"小時後"],"many":["在",{"t":"idOrVar","v":"value"},"小時後"],"other":["在",{"t":"idOrVar","v":"value"},"小時後"],"two":[{"t":"idOrVar","v":"value"},"小時"],"zero":"現在","one":"1小時內"},"$x":[{"t":"idOrVar","v":"plural"},"value"]},{"$i":"days-until-long","$v":{"few":["在",{"t":"idOrVar","v":"value"},"天後"],"many":["在",{"t":"idOrVar","v":"value"},"天後"],"one":"明天","other":["在",{"t":"idOrVar","v":"value"},"天後"],"two":["在",{"t":"idOrVar","v":"value"},"天後"],"zero":"今天"},"$x":[{"t":"idOrVar","v":"plural"},"value"]},{"$i":"weeks-until-long","$v":{"few":["在",{"t":"idOrVar","v":"value"},"週後"],"many":["在",{"t":"idOrVar","v":"value"},"週後"],"one":"下週","other":["在",{"t":"idOrVar","v":"value"},"週後"],"two":["在",{"t":"idOrVar","v":"value"},"週後"],"zero":"本週"},"$x":[{"t":"idOrVar","v":"plural"},"value"]},{"$i":"months-until-long","$v":{"few":["在",{"t":"idOrVar","v":"value"},"個月後"],"many":["在",{"t":"idOrVar","v":"value"},"個月後"],"one":"下個月","other":["在",{"t":"idOrVar","v":"value"},"個月後"],"two":["在",{"t":"idOrVar","v":"value"},"個月後"],"zero":"本月"},"$x":[{"t":"idOrVar","v":"plural"},"value"]},{"$i":"years-until-long","$v":{"few":["在",{"t":"idOrVar","v":"value"},"年後"],"many":["在",{"t":"idOrVar","v":"value"},"年後"],"one":"明年","other":["在",{"t":"idOrVar","v":"value"},"年後"],"two":["在",{"t":"idOrVar","v":"value"},"年後"],"zero":"今年"},"$x":[{"t":"idOrVar","v":"plural"},"value"]},{"$i":"minutes-ago-short","$v":{"other":[{"t":"idOrVar","v":"value"},"分鐘前"],"zero":"現在"},"$x":[{"t":"idOrVar","v":"plural"},"value"]},{"$i":"hours-ago-short","$v":{"other":[{"t":"idOrVar","v":"value"},"小時前"],"zero":"現在"},"$x":[{"t":"idOrVar","v":"plural"},"value"]},{"$i":"days-ago-short","$v":{"other":[{"t":"idOrVar","v":"value"},"天前"],"zero":"今天"},"$x":[{"t":"idOrVar","v":"plural"},"value"]},{"$i":"minutes-until-short","$v":{"other":["在",{"t":"idOrVar","v":"value"},"分鐘後"],"zero":"現在"},"$x":[{"t":"idOrVar","v":"plural"},"value"]},{"$i":"hours-until-short","$v":{"other":["在",{"t":"idOrVar","v":"value"},"小時後"],"zero":"現在"},"$x":[{"t":"idOrVar","v":"plural"},"value"]},{"$i":"days-until-short","$v":{"other":["在",{"t":"idOrVar","v":"value"},"天後"],"zero":"今天"},"$x":[{"t":"idOrVar","v":"plural"},"value"]},{"$i":"incorrectDate","$v":"(日期不正確)"},{"$i":"dateTimeFormat_%c","$v":"%a %b %e %Y %I:%M:%S %p"},{"$i":"dateTimeFormat_%x","$v":"%m/%d/%Y"},{"$i":"dateTimeFormat_%X","$v":"%p %I:%M:%S"},{"$i":"shortTimeFormat","$v":"%I:%M %p"},{"$i":"shortTimeFormat12","$v":"%I:%M %p"},{"$i":"shortTimeFormat24","$v":"%H:%M"},{"$i":"shortDateTimeFormat","$v":"%x %I:%M %p"},{"$i":"weekStartsOnMonday","$v":"0.0"},{"$i":"firstDayOfTheWeek","$v":"0.0"}]