[{"$i":"select","$v":"Khetha"},{"$i":"deselect","$v":"Yeka ukukhetha"},{"$i":"kai-select","$v":"Khetha"},{"$i":"invalid-image","$v":"Isithombe asilungile"},{"$i":"image-too-big","$v":"Isithombe sikhulu kakhulu ngeke sikwazi ukuvela kugalari."},{"$i":"image-invalid","$v":"Ayikwazi ukubonisa isithombe ngenxa yokuthi ayisebenzi noma iphukile."},{"$i":"kai-selected-items-count","$v":[{"t":"idOrVar","v":"n"}," ikhethiwe"]},{"$i":"delete-photo?","$v":"Sula isithombe?"},{"$i":"delete-video?","$v":"Sula ividiyo?"},{"$i":"deleting","$v":"Iyasula..."},{"$i":"delete-n-items?","$v":{"few":["Susa ",{"t":"idOrVar","v":"n"}," izinto?"],"many":["Susa ",{"t":"idOrVar","v":"n"}," izinto?"],"one":"Susa into ekhonjiwe?","other":["Susa ",{"t":"idOrVar","v":"n"}," izinto?"],"two":["Susa ",{"t":"idOrVar","v":"n"}," izinto?"],"zero":"Akukho lutho olukhethiwe"},"$x":[{"t":"idOrVar","v":"plural"},"n"]},{"$i":"kai-contact-set-ok","$v":"Isithombe soxhumana naye sifakiwe"},{"$i":"kai-contact-set-fail","$v":"Kuhlulekile ukukhetha isithombe soxhumana naye"},{"$i":"kai-changes-saved","$v":"Ushintsho lulondoloziwe"},{"$i":"wallpaper-set","$v":"Iphephadonga lisethiwe."},{"$i":"kai-single-image-deleted","$v":"Isithombe sisusiwe."},{"$i":"kai-deleted-n-photos","$v":{"one":[{"t":"idOrVar","v":"n"}," isithombe esisusiwe"],"other":[{"t":"idOrVar","v":"n"}," izithombe zisusiwe"]},"$x":[{"t":"idOrVar","v":"plural"},"n"]},{"$i":"kai-some-photos-not-share","$v":"Ezinye izithombe azikwazi ukuhlanganyelwa nabanye"},{"$i":"pickoneimage2","$v":"Khetha"},{"$i":"cropimage","$v":"Sika"},{"$i":"kai-on","$v":"Ivuliwe"},{"$i":"kai-off","$v":"IValiwe"},{"$i":"cancel","$v":"Khansela"},{"$i":"delete","$v":"Susa"},{"$i":"ok","$v":"KULUNGILE"},{"$i":"edit","$v":"Hlela"},{"$i":"revert","$v":"Phindela emuva"},{"$i":"save","$v":"Londoloza"},{"$i":"done","$v":"Kwenziwe"},{"$i":"exposure","$v":"Ukugqama"},{"$i":"crop","$v":"Sika"},{"$i":"effects","$v":"Okufakwayo"},{"$i":"borders","$v":"Imingcele"},{"$i":"enhance-on","$v":"Ukuthuthukisa okuzenzakalelyo kuvuliwe"},{"$i":"enhance-off","$v":"Ukuthuthukisa okuzenzakalelyo kuvaliwe"},{"$i":"kai-set","$v":"Setha"},{"$i":"kai-options","$v":"Okhetha kukho"},{"$i":"kai-select-all","$v":"Konke"},{"$i":"kai-deselect-all","$v":"Lutho"},{"$i":"kai-rotate","$v":"Jikelezisa"},{"$i":"kai-share","$v":"Yabelana"},{"$i":"kai-settings","$v":"Amasethingi"},{"$i":"kai-set-as","$v":"Setha njenge-"},{"$i":"set-as-wallpaper","$v":"Setha njengephephadonga"},{"$i":"kai-wallpaper","$v":"Iphephadonga"},{"$i":"kai-existing-contact-image","$v":"Isithombe somuntu oxhumana naye osekhona kakade"},{"$i":"kai-zoom","$v":"Sondeza"},{"$i":"kai-zoom-in","$v":"Sondeza"},{"$i":"kai-zoom-out","$v":"Hlehla"},{"$i":"kai-file-info","$v":"Imininingwane Yefayela"},{"$i":"kai-select-multiple","$v":"Khetha Okuningi"},{"$i":"kai-edit-title","$v":"Lungisa Isithombe"},{"$i":"kai-edit-exposure","$v":"Ukugqama"},{"$i":"kai-edit-crop","$v":"Sika"},{"$i":"kai-edit-rotate","$v":"Jikelezisa"},{"$i":"kai-edit-filters","$v":"Amafiltha"},{"$i":"kai-edit-auto-correct","$v":"Ukulungisa okuzenzakalelayo"},{"$i":"edit-exposure","ariaLabel":"Ukugqama"},{"$i":"edit-crop","ariaLabel":"Sika"},{"$i":"edit-rotate","ariaLabel":"Jikelezisa"},{"$i":"edit-filters","ariaLabel":"Amafiltha"},{"$i":"edit-auto-correct","ariaLabel":"Ukulungisa okuzenzakalelayo"},{"$i":"crop-none","ariaLabel":"Buyisela emuva ngaphambi kokusika"},{"$i":"crop-aspect-free","ariaLabel":"Okumisiwe"},{"$i":"crop-aspect-portrait","ariaLabel":"2:3"},{"$i":"crop-aspect-landscape","ariaLabel":"3:2"},{"$i":"crop-aspect-square","ariaLabel":"1:1"},{"$i":"edit-filters-none","ariaLabel":"Ifiltha 1"},{"$i":"edit-filters-bw","ariaLabel":"Ifiltha 2"},{"$i":"edit-filters-sepia","ariaLabel":"Ifiltha 3"},{"$i":"edit-filters-bluesteel","ariaLabel":"Ifiltha 4"},{"$i":"edit-filters-faded","ariaLabel":"Ifiltha 5"},{"$i":"original","$v":"Okwangempela"},{"$i":"blackandwhite","$v":{"$o":"I-B&W"}},{"$i":"sepia","$v":"I-Sepia"},{"$i":"freeform","$v":"Ukuzimela"},{"$i":"portrait","$v":"Isithombe somuntu"},{"$i":"landscape","$v":"Ububanzi"},{"$i":"square","$v":"Isikwele"},{"$i":"emptygallery2-title","$v":"Akukho zithombe noma amavidiyo"},{"$i":"emptygallery2-text","$v":"Indawo yezithombe ayinalutho. Sebenzisa ikhamera ukuze uqale."},{"$i":"emptygallery2-title-pick","$v":"Azikho izithombe."},{"$i":"emptygallery-text-pick","$v":"Asikho isithombe."},{"$i":"nocard3-title","$v":"Akukho khadi lememori"},{"$i":"nocard4-text","$v":"Faka imemori khadi ukuze usebenzise le aplikheshini."},{"$i":"pluggedin2-title","$v":"IMemori khadi iyasebenza"},{"$i":"pluggedin2-text","$v":"Isitoreji siyasebenza. Sicela ukhiphe ifoni yakho ukuze usebenzise le aplikheshini."},{"$i":"scanning-title","$v":"Ukuthungatha"},{"$i":"scanning-text","$v":"Ukuthungatha izithombe..."},{"$i":"upgrade-title","$v":"Ukuthuthukisa Idatabase"},{"$i":"upgrade-text","$v":"Sicela ulinde njengoba Igalari ibukeze idatabase yayo."},{"$i":"share-noprovider","$v":"Ngeke ukwazi ukuthumela lolu hlobo lwesithombe."},{"$i":"memorycardfull","$v":"Isitoreji sigcwele. Ngeke ukwazi ukulungisa izithombe."},{"$i":"imagetoobig","$v":"Isithombe sikhulu kakhulu ngeke sivele kule divayisi."},{"$i":"imageinvalid","$v":"Isithombe asilungile noma sonakele futhi asikwazi ukubonakala."},{"$i":"saved","$v":[{"t":"idOrVar","v":"filename"}," silondolozwe kugalari"]},{"$i":"edit-copy-saved","$v":"Ikhophi entsha ilondoloziwe."},{"$i":"overlay-camera-button","$v":"Yiya Ekhamereni"},{"$i":"name-label","$v":"Igama"},{"$i":"size-label","$v":"Usayizi"},{"$i":"image-type-label","$v":"Uhlobo Lwesithombe"},{"$i":"kai-date-and-time-label","$v":"Usuku Nesikhathi"},{"$i":"date-taken-label","$v":"Usuku Ethathwe Ngalo"},{"$i":"resolution-label","$v":"Ukucaca"},{"$i":"close-button","$v":"Vala"},{"$i":"path-label","$v":"Umzila"},{"$i":"sd-card","$v":"Ikhadi le-SD"},{"$i":"internal","$v":"Ngaphakathi"},{"$i":"byteUnit-B","$v":"Amabhayithi"},{"$i":"byteUnit-KB","$v":"I-KB"},{"$i":"byteUnit-MB","$v":"I-MB"},{"$i":"byteUnit-GB","$v":"I-GB"},{"$i":"gallery","$v":"Igalari"},{"$i":"preview","$v":"Buka kuqala"},{"$i":"kai-confirmation","$v":"Ukuqinisekisa"},{"$i":"kai-delete-this-image","$v":"Sula isithombe?"},{"$i":"kai-delete-selected-image","$v":"Susa isithombe esikhethiwe?"},{"$i":"kai-delete-selected-images","$v":"Susa izithombe ezikhethiwe?"},{"$i":"kai-sort-by","$v":"Hlunga nge-"},{"$i":"kai-group-by-date-and-location","$v":"Bhanqa Ngokosuku"},{"$i":"sort-and-group","$v":"Hlunga Ubhanqe"},{"$i":"time_am","$v":"AM"},{"$i":"time_pm","$v":"PM"},{"$i":"date-group-header","$v":"%B %Y"},{"$i":"videoDescriptionShort","$v":"Ividiyo yangomhlaka %I:%M %p, %B %e, %Y"},{"$i":"imageDescriptionShort","$v":"Usuku lwesithombe %I:%M %p, %B %e, %Y"},{"$i":"editImagePreview","ariaLabel":"Ukubuka ukulungisa isithombe"},{"$i":"kai-pickoneimage","$v":"Khetha Isithombe"},{"$i":"discard-changes-warning","$v":"Lonke ushintsho luzolahleka. Ungathanda ukulahla izinguquko?"},{"$i":"save-changes-warning","$v":"Zonke izinguquko zizolahlwa. Londoloza izinguquko?"},{"$i":"discard","$v":"Lahla"},{"$i":"camera","$v":"Ikhamera"},{"$i":"phone-is-full-title","$v":"Istoreji Sefoni Sigcwele"},{"$i":"sd-card-is-full-title","$v":"I-SD Khadi Ligcwele"},{"$i":"phone-is-full-content","$v":"Dilitha amafayela emidiya noma idatha ye-aplikheshini ukuze uvule isikhala. Ungafaka ne-SD khadi ukuze wandisa isikhala sokulondoloza semidiya."},{"$i":"sd-card-is-full-content","$v":"Dilitha amafayela ku-SD khadi ukuze uvule isikhala."},{"$i":"favorite","$v":"Izintandokazi"},{"$i":"add-favorite","$v":"Faka Kwizintandokazi"},{"$i":"remove-favorite","$v":"Yikhiphe ezintandokazini"},{"$i":"emptyfavorite-text","$v":"Awunazi izithombe eziyizintandokazi."},{"$i":"donglePlay","$v":"Dlala"},{"$i":"softkey-options","$v":"Ongakhetha kukho"},{"$i":"imageDescription","$v":[{"t":"idOrVar","v":"orientation"}," isithombe, %I:%M %p, %B %e, %Y"]},{"$i":"imageDescriptionNoTimestamp","$v":[{"t":"idOrVar","v":"orientation"}," isithombe"]},{"$i":"videoDescription","$v":[{"t":"idOrVar","v":"orientation"}," ividiyo, %I:%M %p, %B %e, %Y"]},{"$i":"videoDescriptionNoTimestamp","$v":[{"t":"idOrVar","v":"orientation"}," ividiyo"]},{"$i":"orientationPortrait","$v":"ubude"},{"$i":"orientationLandscape","$v":"Ububanzi"},{"$i":"playbackPlay","ariaLabel":"Dlala"},{"$i":"playbackPause","ariaLabel":"Misa"},{"$i":"playbackNext","ariaLabel":"Okulandelayo"},{"$i":"playbackPrevious","ariaLabel":"Okwandulele"},{"$i":"playbackFullscreen","ariaLabel":"Isikrini esigcwele"},{"$i":"playbackSeekBar","ariaLabel":["Ibha yokufuna, isikhathi ",{"t":"idOrVar","v":"duration"}]},{"$i":"weekday-0-long","$v":"ISonto"},{"$i":"weekday-1-long","$v":"UMsombuluko"},{"$i":"weekday-2-long","$v":"ULwesibili"},{"$i":"weekday-3-long","$v":"ULwesithathu"},{"$i":"weekday-4-long","$v":"ULwesine"},{"$i":"weekday-5-long","$v":"ULwesihlanu"},{"$i":"weekday-6-long","$v":"UMgqibelo"},{"$i":"weekday-0-short","$v":"Isonto"},{"$i":"weekday-1-short","$v":"Mso"},{"$i":"weekday-2-short","$v":"Lwbl"},{"$i":"weekday-3-short","$v":"Lwth"},{"$i":"weekday-4-short","$v":"Lwesn"},{"$i":"weekday-5-short","$v":"Lwshl"},{"$i":"weekday-6-short","$v":"Mgq"},{"$i":"month-0-long","$v":"Januwari"},{"$i":"month-1-long","$v":"Febhuwari"},{"$i":"month-2-long","$v":"Mashi"},{"$i":"month-3-long","$v":"Ephreli"},{"$i":"month-4-long","$v":"Meyi"},{"$i":"month-5-long","$v":"Juni"},{"$i":"month-6-long","$v":"Julayi"},{"$i":"month-7-long","$v":"Agasti"},{"$i":"month-8-long","$v":"Septhemba"},{"$i":"month-9-long","$v":"Okthoba"},{"$i":"month-10-long","$v":"Novemba"},{"$i":"month-11-long","$v":"Disemba"},{"$i":"month-0-genitive","$v":"Januwari"},{"$i":"month-1-genitive","$v":"Febhuwari"},{"$i":"month-2-genitive","$v":"Mashi"},{"$i":"month-3-genitive","$v":"Ephreli"},{"$i":"month-4-genitive","$v":"Meyi"},{"$i":"month-5-genitive","$v":"Juni"},{"$i":"month-6-genitive","$v":"Julayi"},{"$i":"month-7-genitive","$v":"Agasti"},{"$i":"month-8-genitive","$v":"Septhemba"},{"$i":"month-9-genitive","$v":"Okthoba"},{"$i":"month-10-genitive","$v":"Novemba"},{"$i":"month-11-genitive","$v":"Disemba"},{"$i":"month-0-short","$v":"Jan"},{"$i":"month-1-short","$v":"Feb"},{"$i":"month-2-short","$v":"Mas"},{"$i":"month-3-short","$v":"Ephr"},{"$i":"month-4-short","$v":"Meyi"},{"$i":"month-5-short","$v":"Jun"},{"$i":"month-6-short","$v":"Jul"},{"$i":"month-7-short","$v":"Aga"},{"$i":"month-8-short","$v":"Sep"},{"$i":"month-9-short","$v":"Okt"},{"$i":"month-10-short","$v":"Nov"},{"$i":"month-11-short","$v":"Dis"},{"$i":"minutes-ago-long","$v":{"few":[{"t":"idOrVar","v":"value"}," imizuzu edlule"],"many":[{"t":"idOrVar","v":"value"}," imizuzu edlule"],"other":[{"t":"idOrVar","v":"value"}," imizuzu edlule"],"two":[{"t":"idOrVar","v":"value"}," imizuzu edlule"],"one":"Umzuzu odlule","zero":"Manje"},"$x":[{"t":"idOrVar","v":"plural"},"value"]},{"$i":"hours-ago-long","$v":{"few":[{"t":"idOrVar","v":"value"}," amahora adlule"],"many":[{"t":"idOrVar","v":"value"}," amahora adlule"],"other":[{"t":"idOrVar","v":"value"}," amahora adlule"],"two":[{"t":"idOrVar","v":"value"}," amahora adlule"],"one":"ihora elidlule","zero":"Manje"},"$x":[{"t":"idOrVar","v":"plural"},"value"]},{"$i":"days-ago-long","$v":{"few":[{"t":"idOrVar","v":"value"}," izinsuku ezidlule"],"many":[{"t":"idOrVar","v":"value"}," izinsuku ezidlule"],"one":"izolo","other":[{"t":"idOrVar","v":"value"}," izinsuku ezidlule"],"two":[{"t":"idOrVar","v":"value"}," izinsuku ezidlule"],"zero":"namuhla"},"$x":[{"t":"idOrVar","v":"plural"},"value"]},{"$i":"weeks-ago-long","$v":{"few":[{"t":"idOrVar","v":"value"}," amaviki adlule"],"many":[{"t":"idOrVar","v":"value"}," amaviki adlule"],"one":"iviki eledlule","other":[{"t":"idOrVar","v":"value"}," amaviki adlule"],"two":[{"t":"idOrVar","v":"value"}," amaviki adlule"],"zero":"kuleli viki"},"$x":[{"t":"idOrVar","v":"plural"},"value"]},{"$i":"months-ago-long","$v":{"few":[{"t":"idOrVar","v":"value"}," izinyanga ezidlule"],"many":[{"t":"idOrVar","v":"value"}," izinyanga ezidlule"],"one":"inyanga edlule","other":[{"t":"idOrVar","v":"value"}," izinyanga ezidlule"],"two":[{"t":"idOrVar","v":"value"}," izinyanga ezidlule"],"zero":"kule nyanga"},"$x":[{"t":"idOrVar","v":"plural"},"value"]},{"$i":"years-ago-long","$v":{"few":[{"t":"idOrVar","v":"value"}," iminyaka edlule"],"many":[{"t":"idOrVar","v":"value"}," iminyaka edlule"],"one":"ngonyaka odlule","other":[{"t":"idOrVar","v":"value"}," iminyaka edlule"],"two":[{"t":"idOrVar","v":"value"}," iminyaka edlule"],"zero":"kulo nyaka"},"$x":[{"t":"idOrVar","v":"plural"},"value"]},{"$i":"minutes-until-long","$v":{"few":["emizuzwini engu ",{"t":"idOrVar","v":"value"}],"many":["emizuzwini engu ",{"t":"idOrVar","v":"value"}],"other":["emizuzwini engu ",{"t":"idOrVar","v":"value"}],"two":["emizuzwini engu ",{"t":"idOrVar","v":"value"}],"zero":"manje","one":"Ngemva komzuzu"},"$x":[{"t":"idOrVar","v":"plural"},"value"]},{"$i":"hours-until-long","$v":{"few":["emahoreni angu ",{"t":"idOrVar","v":"value"}],"many":["emahoreni angu ",{"t":"idOrVar","v":"value"}],"other":["emahoreni angu ",{"t":"idOrVar","v":"value"}],"two":["emahoreni angu ",{"t":"idOrVar","v":"value"}],"zero":"manje","one":"Ngemva kwehora"},"$x":[{"t":"idOrVar","v":"plural"},"value"]},{"$i":"days-until-long","$v":{"few":["Ezinsukwini ezingu ",{"t":"idOrVar","v":"value"}],"many":["Ezinsukwini ezingu ",{"t":"idOrVar","v":"value"}],"one":"kusasa","other":["Ezinsukwini ezingu ",{"t":"idOrVar","v":"value"}],"two":["Ezinsukwini ezingu ",{"t":"idOrVar","v":"value"}],"zero":"namuhla"},"$x":[{"t":"idOrVar","v":"plural"},"value"]},{"$i":"weeks-until-long","$v":{"few":["emavikini angu ",{"t":"idOrVar","v":"value"}],"many":["emavikini angu ",{"t":"idOrVar","v":"value"}],"one":"ngeviki elizayo","other":["emavikini angu ",{"t":"idOrVar","v":"value"}],"two":["emavikini angu ",{"t":"idOrVar","v":"value"}],"zero":"kuleli viki"},"$x":[{"t":"idOrVar","v":"plural"},"value"]},{"$i":"months-until-long","$v":{"few":["ezinyangeni ezingu ",{"t":"idOrVar","v":"value"}],"many":["ezinyangeni ezingu ",{"t":"idOrVar","v":"value"}],"one":"ngenyanga ezayo","other":["ezinyangeni ezingu ",{"t":"idOrVar","v":"value"}],"two":["ezinyangeni ezingu ",{"t":"idOrVar","v":"value"}],"zero":"kule nyanga"},"$x":[{"t":"idOrVar","v":"plural"},"value"]},{"$i":"years-until-long","$v":{"few":["eminyakeni engu ",{"t":"idOrVar","v":"value"}],"many":["eminyakeni engu ",{"t":"idOrVar","v":"value"}],"one":"ngonyaka ozayo","other":["eminyakeni engu ",{"t":"idOrVar","v":"value"}],"two":["eminyakeni engu ",{"t":"idOrVar","v":"value"}],"zero":"kulo nyaka"},"$x":[{"t":"idOrVar","v":"plural"},"value"]},{"$i":"minutes-ago-short","$v":{"other":[{"t":"idOrVar","v":"value"}," umzuzu odlule"],"zero":"Manje"},"$x":[{"t":"idOrVar","v":"plural"},"value"]},{"$i":"hours-ago-short","$v":{"other":[{"t":"idOrVar","v":"value"}," ihora elidlule"],"zero":"Manje"},"$x":[{"t":"idOrVar","v":"plural"},"value"]},{"$i":"days-ago-short","$v":{"other":[{"t":"idOrVar","v":"value"}," usuku oludlule"],"zero":"namuhla"},"$x":[{"t":"idOrVar","v":"plural"},"value"]},{"$i":"minutes-until-short","$v":{"other":["Ngemva kwemizuzu engu ",{"t":"idOrVar","v":"value"}],"zero":"manje"},"$x":[{"t":"idOrVar","v":"plural"},"value"]},{"$i":"hours-until-short","$v":{"other":["Ngehora ",{"t":"idOrVar","v":"value"}],"zero":"manje"},"$x":[{"t":"idOrVar","v":"plural"},"value"]},{"$i":"days-until-short","$v":{"other":["osukwini ",{"t":"idOrVar","v":"value"}],"zero":"namuhla"},"$x":[{"t":"idOrVar","v":"plural"},"value"]},{"$i":"incorrectDate","$v":"(Usuku olunganembile)"},{"$i":"dateTimeFormat_%c","$v":"%a %b %e %Y %I:%M:%S %p"},{"$i":"dateTimeFormat_%x","$v":"%m/%d/%Y"},{"$i":"dateTimeFormat_%X","$v":"%I:%M:%S %p"},{"$i":"shortTimeFormat","$v":"%I:%M %p"},{"$i":"shortTimeFormat12","$v":"%I:%M %p"},{"$i":"shortTimeFormat24","$v":"%H:%M"},{"$i":"shortDateTimeFormat","$v":"%x %I:%M %p"},{"$i":"weekStartsOnMonday","$v":"0.0"},{"$i":"firstDayOfTheWeek","$v":"0.0"}]