[{"$i":"wap-push-message","$v":"WAP-stootboodskappe"},{"$i":"ok","$v":"Goed"},{"$i":"open","$v":"Maak oop"},{"$i":"close","$v":"Maak toe"},{"$i":"accept","$v":"Aanvaar"},{"$i":"select","$v":"Kies"},{"$i":"quit","$v":"Verlaat"},{"$i":"cancel","$v":"Kanselleer"},{"$i":"try-again","$v":"Probeer weer"},{"$i":"finish","$v":"Klaar"},{"$i":"sim","$v":["SIM ",{"t":"idOrVar","v":"id"}]},{"$i":"next","$v":"Volgende"},{"$i":"done","$v":"Klaar"},{"$i":"link","$v":"Skakel"},{"$i":"dsds-notification-title-with-sim","$v":["(",{"t":"idOrVar","v":"sim"},") ",{"t":"idOrVar","v":"title"}]},{"$i":"message-expired","$v":"Hierdie boodskap het verval."},{"$i":"cp-pin","placeholder":"PIN"},{"$i":"cp-message-received","$v":"Opstellingsboodskap ontvang"},{"$i":"cp-container-title","$v":"OTA Toegangspunt Opstelling"},{"$i":"cp-accept-help","$v":"Konfigurasieboodskap is ontvang, tik op “Klaar” om voort te gaan."},{"$i":"cp-accept-help-pin","$v":"Die PIN-kode moes aan jou verskaf gewees het deur wieookal vir jou die konfigurasieboodskap gestuur het."},{"$i":"cp-quit-app-confirm-dialog-message","$v":"Hierdie boodskap is nog nie verwerk nie. Wil jy werklik uitgaan?"},{"$i":"cp-install-configuration-confirm-dialog-message","$v":"Jou draer deel opstellingsinligting met jou. Wil jy dit installeer?"},{"$i":"cp-auth-failure","$v":"PIN is nie korrek nie."},{"$i":"message-apn-saved","$v":"APN(s) gestoor."},{"$i":"message-invalid-doc","$v":"Die opstellingsboodskap wat jy ontvang het, kon nie teenoor jou SIM-kaart geverifieer word nie, en daarom kan dit nie gebruik word om jou toestel op te stel nie."},{"$i":"message-auth-error","$v":"Daar was ‘n fout terwyl die afsender van die boodskap bekragtig is."},{"$i":"message-auth-unsupported-mechanism","$v":"Die bekragtigingsmeganisme is nog nie ondersteun nie."},{"$i":"message-no-apns","$v":"Die opstellingsboodskap wat jy ontvang het bevat nie geldige APN’s nie."},{"$i":"cp-pin-title","$v":"PIN"},{"$i":"cp-finish-verification","$v":"Die verifikasie is afgehandel. Aanvaar asseblief as jy graag met die installering wil voortgaan."},{"$i":"cp-pin-incorrect-title","$v":"Verkeerde PIN"},{"$i":"cp-pin-incorrect","$v":"Die PIN-kode wat jy ingevoer het, is verkeerd. Probeer asseblief weer."},{"$i":"apn-config-success","$v":"APN konfigureer was suksesvol."},{"$i":"apn-config-failure","$v":"APN konfigureer het misluk."}]