[{"$i":"wap-push-message","$v":"رسالة دفع WAP"},{"$i":"ok","$v":"موافق"},{"$i":"open","$v":"فتح"},{"$i":"close","$v":"إغلاق"},{"$i":"accept","$v":"اقبل"},{"$i":"select","$v":"تحديد"},{"$i":"quit","$v":"أنهِ"},{"$i":"cancel","$v":"ألغِ"},{"$i":"try-again","$v":"أعِد المحاولة"},{"$i":"finish","$v":"انهاء"},{"$i":"sim","$v":["SIM ",{"t":"idOrVar","v":"id"}]},{"$i":"next","$v":"التالي"},{"$i":"done","$v":"تم"},{"$i":"link","$v":"رابط"},{"$i":"dsds-notification-title-with-sim","$v":["(",{"t":"idOrVar","v":"sim"},") ",{"t":"idOrVar","v":"title"}]},{"$i":"message-expired","$v":"انتهت صلاحية هذه الرسالة"},{"$i":"cp-pin","placeholder":"رمز PIN"},{"$i":"cp-message-received","$v":"اُستلمت رسالة الاعدادات"},{"$i":"cp-container-title","$v":"اعدادت نقطة وصول OTA"},{"$i":"cp-accept-help","$v":"اُستلمت راسلة الاعدادات ، اضغط على \"قبول\" للمتابعة"},{"$i":"cp-accept-help-pin","$v":"كان يجب ان يزودك بالرمز PIN الذي ارسل لك رسالة الاعدادات"},{"$i":"cp-quit-app-confirm-dialog-message","$v":"الرسالة لم تنتهي بعد , هل تريد الخروج؟"},{"$i":"cp-install-configuration-confirm-dialog-message","$v":"يشارك مشغل شبكة المحمول معلومات التكوين معك. هل تريد تثبيته؟"},{"$i":"cp-auth-failure","$v":"رمز PIN غير صحيح."},{"$i":"message-apn-saved","$v":"تم حفظ اسم نقطة الوصول (أسماء نقاط الوصول) (APN)"},{"$i":"message-invalid-doc","$v":"رسالة الاعدادات التي استلمتها لن يتم الوثوق بها ضد بطاقة ال SIM , لذلك لا تستطيع استخدانها لإعداد جهازك"},{"$i":"message-auth-error","$v":"حدث خطأ خلال السماح لمرسل الرسالة."},{"$i":"message-auth-unsupported-mechanism","$v":"آلية الوثوق لم تدعم بعد."},{"$i":"message-no-apns","$v":"رسالة الأعدادات التي استلمتها لا تحتوي على ال APNs صالحة ."},{"$i":"cp-pin-title","$v":"رمز PIN"},{"$i":"cp-finish-verification","$v":"اكتملت عملية التحقق من الصحة، يُرجى الموافقة على ما إذا كنت ترغب في مواصلة التثبيت."},{"$i":"cp-pin-incorrect-title","$v":"رمز PIN غير صحيح"},{"$i":"cp-pin-incorrect","$v":"رمز PIN الذي أدخلته غير صحيح، الرجاء المحاولة مرة أخرى."},{"$i":"apn-config-success","$v":"نجح تكوين اسم نقطة الوصول (APN)."},{"$i":"apn-config-failure","$v":"فشل تكوين اسم نقطة الوصول (APN)."}]