[{"$i":"wap-push-message","$v":"WAP পুশ বার্তা"},{"$i":"ok","$v":"ঠিক আছে"},{"$i":"open","$v":"খুলুন"},{"$i":"close","$v":"বন্ধ করুন"},{"$i":"accept","$v":"স্বীকার"},{"$i":"select","$v":"নির্বাচন করুন"},{"$i":"quit","$v":"প্রস্থান"},{"$i":"cancel","$v":"বাতিল করুন"},{"$i":"try-again","$v":"আবার চেষ্টা করুন"},{"$i":"finish","$v":"শেষ"},{"$i":"sim","$v":["সিম ",{"t":"idOrVar","v":"id"}]},{"$i":"next","$v":"পরবর্তী"},{"$i":"done","$v":"সম্পন্ন"},{"$i":"link","$v":"লিঙ্ক করুন"},{"$i":"dsds-notification-title-with-sim","$v":["(",{"t":"idOrVar","v":"sim"},") ",{"t":"idOrVar","v":"title"}]},{"$i":"message-expired","$v":"এই বার্তাটির মেয়াদ শেষ হয়ে গেছে"},{"$i":"cp-pin","placeholder":"পিন"},{"$i":"cp-message-received","$v":"কনফিগারেশন বার্তা প্রাপ্ত হয়েছে"},{"$i":"cp-container-title","$v":"OTA অ্যাক্সেস পয়েন্ট কনফিগারেশন"},{"$i":"cp-accept-help","$v":"কনফিগারেশনের বার্তা পাওয়া গেছে, চালিয়ে যেতে “সম্পন্ন” ট্যাপ করুন।"},{"$i":"cp-accept-help-pin","$v":"আপনাকে যিনি কনফিগারেশনের বার্তাটি পাঠিয়েছেন তাকেই পিনটি আপনাকে প্রদান করতে হবে।"},{"$i":"cp-quit-app-confirm-dialog-message","$v":"বার্তাটি এখনও প্রক্রিয়া করা হয় নি, আপনি কি সত্যিই এটি ছেড়ে বেড়িয়ে যেতে চান?"},{"$i":"cp-install-configuration-confirm-dialog-message","$v":"আপনার ক্যারিয়ার আপনার সঙ্গে তথ্য শেয়ার করছে আপনি কি এটি ইনস্টল করতে চান?"},{"$i":"cp-auth-failure","$v":"পিন সঠিক নয়।"},{"$i":"message-apn-saved","$v":"APN(s) সেভ হয়েছে I"},{"$i":"message-invalid-doc","$v":"আপনি যে কনফিগারেশন বার্তাটি পেয়েছেন সেটি আপনার সিম কার্ডের নিরীখে প্রমাণীকরণ করা যাবে না, তাই সেটি আপনার ডিভাইস কনফিগার করতে ব্যবহার করা যাবে না।"},{"$i":"message-auth-error","$v":"বার্তার প্রেরকের প্রমাণীকরণের সময় ত্রুটি হয়েছে।"},{"$i":"message-auth-unsupported-mechanism","$v":"প্রমাণীকরণ পদ্ধতি এখনও সমর্থিত নয়।"},{"$i":"message-no-apns","$v":"আপনি যে কনফিগারেশন বার্তাটি পেয়েছেন সেটিতে বৈধ APN গুলি নেই।"},{"$i":"cp-pin-title","$v":"পিন"},{"$i":"cp-finish-verification","$v":"যাচাইকরণটি সম্পন্ন হয়েছে, অনুগ্রহ করে স্বীকার করুন যদি আপনি ইনস্টলেশনটি চালিয়ে যেতে চান।"},{"$i":"cp-pin-incorrect-title","$v":"ভুল পিন"},{"$i":"cp-pin-incorrect","$v":"আপনার প্রবেশ করা পিন কোডটি ভুল, দয়া করে আবার চেষ্টা করুন।"},{"$i":"apn-config-success","$v":"এ.পি.এন কনফিগার সফল হয়েছে I"},{"$i":"apn-config-failure","$v":"এ.পি.এন কনফিগার ব্যর্থ হয়েছে I"}]