[{"$i":"wap-push-message","$v":"WAP push poruka"},{"$i":"ok","$v":"U redu"},{"$i":"open","$v":"Otvori"},{"$i":"close","$v":"Zatvori"},{"$i":"accept","$v":"Prihvati"},{"$i":"select","$v":"Odaberi"},{"$i":"quit","$v":"Zatvori"},{"$i":"cancel","$v":"Otkaži"},{"$i":"try-again","$v":"Pokušaj ponovo"},{"$i":"finish","$v":"Završi"},{"$i":"sim","$v":["SIM ",{"t":"idOrVar","v":"id"}]},{"$i":"next","$v":"Sljedeće"},{"$i":"done","$v":"Završeno"},{"$i":"link","$v":"Veza"},{"$i":"dsds-notification-title-with-sim","$v":["(",{"t":"idOrVar","v":"sim"},") ",{"t":"idOrVar","v":"title"}]},{"$i":"message-expired","$v":"Ova poruka je istekla"},{"$i":"cp-pin","placeholder":"PIN"},{"$i":"cp-message-received","$v":"Primljena konfiguracijska poruka"},{"$i":"cp-container-title","$v":"OTA konfig. pristupne tačke"},{"$i":"cp-accept-help","$v":"Primljena konfiguracijska poruka, pritisnite “Done” za nastavak."},{"$i":"cp-accept-help-pin","$v":"Pošiljalac poruke o konfiguraciji bi trebalo da vam obezbjedi PIN kôd."},{"$i":"cp-quit-app-confirm-dialog-message","$v":"Poruka još uvijek nije obrađena. Da li stvarno želite da odustanete?"},{"$i":"cp-install-configuration-confirm-dialog-message","$v":"Vaš operater dijeli informacije o konfiguraciji. Želite li ga instalirati?"},{"$i":"cp-auth-failure","$v":"Netačan PIN."},{"$i":"message-apn-saved","$v":"APN(ovi) sačuvani."},{"$i":"message-invalid-doc","$v":"Poruka o konfigurisanju koju ste primili se ne može autenticirati sa vašom SIM karticom i stoga se ne može koristiti za konfiguraciju vašeg uređaja."},{"$i":"message-auth-error","$v":"Došlo je do greške prilikom autentikacije pošiljaoca poruke."},{"$i":"message-auth-unsupported-mechanism","$v":"Mehanizam za autentikaciju još uvijek nije podržan."},{"$i":"message-no-apns","$v":"Poruka o konfigurisanju koju ste primili nema važeće APN-e."},{"$i":"cp-pin-title","$v":"PIN"},{"$i":"cp-finish-verification","$v":"Potvrda je završena. Prihvatite ako želite nastaviti instalaciju."},{"$i":"cp-pin-incorrect-title","$v":"Netačan PIN"},{"$i":"cp-pin-incorrect","$v":"Uneseni PIN kôd je netačan. Ponovo ga unesite."},{"$i":"apn-config-success","$v":"Uspješna APN konfiguracija."},{"$i":"apn-config-failure","$v":"Neuspješna APN konfiguracija."}]