[{"$i":"wap-push-message","$v":"Μήνυμα WAP Push"},{"$i":"ok","$v":"OK"},{"$i":"open","$v":"Άνοιγμα"},{"$i":"close","$v":"Κλείσιμο"},{"$i":"accept","$v":"Αποδοχή"},{"$i":"select","$v":"Επιλογή"},{"$i":"quit","$v":"Έξοδος"},{"$i":"cancel","$v":"Ακύρωση"},{"$i":"try-again","$v":"Δοκιμ. ξανά"},{"$i":"finish","$v":"Τέλος"},{"$i":"sim","$v":["SIM ",{"t":"idOrVar","v":"id"}]},{"$i":"next","$v":"Επόμενο"},{"$i":"done","$v":"Τέλος"},{"$i":"link","$v":"Σύνδεσμος"},{"$i":"dsds-notification-title-with-sim","$v":["(",{"t":"idOrVar","v":"sim"},") ",{"t":"idOrVar","v":"title"}]},{"$i":"message-expired","$v":"Αυτό το μήνυμα έληξε"},{"$i":"cp-pin","placeholder":"PIN"},{"$i":"cp-message-received","$v":"Το μήνυμα διαμόρφωσης ελήφθη"},{"$i":"cp-container-title","$v":"Ρύθμ. παραμ. σημ. πρόσβ. OTA"},{"$i":"cp-accept-help","$v":"Το μήνυμα διαμόρφωσης ελήφθη. Πατήστε “Τέλος” για να συνεχίσετε."},{"$i":"cp-accept-help-pin","$v":"Θα πρέπει να έχετε λάβει τον κωδικό PIN από τον αποστολέα του μηνύματος διαμόρφωσης."},{"$i":"cp-quit-app-confirm-dialog-message","$v":"Δεν έγινε επεξεργασία του μηνύματος. Θέλετε να κλείσετε την εφαρμογή;"},{"$i":"cp-install-configuration-confirm-dialog-message","$v":"Ο φορέας του δικτύου σάς κοινοποιεί στοιχεία διαμόρφωσης. Θέλετε να τα εγκαταστήσετε;"},{"$i":"cp-auth-failure","$v":"Λάθος PIN."},{"$i":"message-apn-saved","$v":"Τα APN αποθηκεύτηκαν."},{"$i":"message-invalid-doc","$v":"Δεν ήταν δυνατός ο έλεγχος ταυτότητας του μηνύματος διαμόρφωσης που λάβατε με βάση την κάρτα SIM. Συνεπώς, δεν μπορεί να χρησιμοποιηθεί για διαμόρφωση της συσκευής."},{"$i":"message-auth-error","$v":"Παρουσιάστηκε σφάλμα κατά τον έλεγχο ταυτότητας του αποστολέα του μηνύματος."},{"$i":"message-auth-unsupported-mechanism","$v":"Ο μηχανισμός ελέγχου ταυτότητας δεν υποστηρίζεται ακόμα."},{"$i":"message-no-apns","$v":"Το μήνυμα διαμόρφωσης που λάβατε δεν διαθέτει έγκυρα APN."},{"$i":"cp-pin-title","$v":"PIN"},{"$i":"cp-finish-verification","$v":"Η επαλήθευση ολοκληρώθηκε, συμφωνήστε εάν θέλετε να συνεχιστεί η εγκατάσταση."},{"$i":"cp-pin-incorrect-title","$v":"Εσφαλμένο PIN"},{"$i":"cp-pin-incorrect","$v":"Ο κωδικός PIN που καταχωρίσατε είναι εσφαλμένος, προσπαθήστε ξανά."},{"$i":"apn-config-success","$v":"Επιτυχής διευθέτηση APN."},{"$i":"apn-config-failure","$v":"Η διευθέτηση APN απέτυχε."}]