[{"$i":"wap-push-message","$v":"Mensaje WAP Push"},{"$i":"ok","$v":"Aceptar"},{"$i":"open","$v":"Abrir"},{"$i":"close","$v":"Cerrar"},{"$i":"accept","$v":"Aceptar"},{"$i":"select","$v":"Selec."},{"$i":"quit","$v":"Salir"},{"$i":"cancel","$v":"Cancelar"},{"$i":"try-again","$v":"Vuelva a intentarlo"},{"$i":"finish","$v":"Finalizar"},{"$i":"sim","$v":["SIM ",{"t":"idOrVar","v":"id"}]},{"$i":"next","$v":"Siguiente"},{"$i":"done","$v":"Hecho"},{"$i":"link","$v":"Vincular"},{"$i":"dsds-notification-title-with-sim","$v":["(",{"t":"idOrVar","v":"sim"},") ",{"t":"idOrVar","v":"title"}]},{"$i":"message-expired","$v":"Este mensaje ha caducado."},{"$i":"cp-pin","placeholder":"PIN"},{"$i":"cp-message-received","$v":"Mensaje de configuración recibido"},{"$i":"cp-container-title","$v":"Configuración punto de acceso OTA"},{"$i":"cp-accept-help","$v":"Se ha recibido un mensaje de configuración, toque en \"Hecho\" para continuar."},{"$i":"cp-accept-help-pin","$v":"El código PIN debe proporcionarlo quien le envía el mensaje de configuración."},{"$i":"cp-quit-app-confirm-dialog-message","$v":"El mensaje todavía no se ha procesado. ¿Desea salir?"},{"$i":"cp-install-configuration-confirm-dialog-message","$v":"El operador está compartiendo información con usted. ¿Desea instalarla?"},{"$i":"cp-auth-failure","$v":"El PIN no es correcto."},{"$i":"message-apn-saved","$v":"Los APN se han guardado."},{"$i":"message-invalid-doc","$v":"El mensaje de configuración que recibió no pudo autenticarse mediante la tarjeta SIM, por lo que no se puede utilizar para configurar el dispositivo."},{"$i":"message-auth-error","$v":"Se produjo un error al autenticar el emisor del mensaje."},{"$i":"message-auth-unsupported-mechanism","$v":"El mecanismo de autenticación no es compatible."},{"$i":"message-no-apns","$v":"El mensaje de configuración recibido no contiene APN válidos."},{"$i":"cp-pin-title","$v":"PIN"},{"$i":"cp-finish-verification","$v":"Se ha completado la verificación. Pulse Aceptar si desea continuar con la instalación."},{"$i":"cp-pin-incorrect-title","$v":"PIN incorrecto"},{"$i":"cp-pin-incorrect","$v":"El código PIN que ha introducido no es correcto, vuelva a intentarlo."},{"$i":"apn-config-success","$v":"El APN se ha configurado correctamente."},{"$i":"apn-config-failure","$v":"Se ha producido un error al configurar el APN."}]