[{"$i":"wap-push-message","$v":"WAP-tõuketeade"},{"$i":"ok","$v":"OK"},{"$i":"open","$v":"Ava"},{"$i":"close","$v":"Sule"},{"$i":"accept","$v":"Nõustu"},{"$i":"select","$v":"Vali"},{"$i":"quit","$v":"Välju"},{"$i":"cancel","$v":"Tühista"},{"$i":"try-again","$v":"Proovi uuesti"},{"$i":"finish","$v":"Lõpeta"},{"$i":"sim","$v":["SIM ",{"t":"idOrVar","v":"id"}]},{"$i":"next","$v":"Järgmine"},{"$i":"done","$v":"Valmis"},{"$i":"link","$v":"Seo"},{"$i":"dsds-notification-title-with-sim","$v":["(",{"t":"idOrVar","v":"sim"},") ",{"t":"idOrVar","v":"title"}]},{"$i":"message-expired","$v":"Sõnum on aegunud"},{"$i":"cp-pin","placeholder":"PIN"},{"$i":"cp-message-received","$v":"Konfiguratsioonisõnum on vastu võetud"},{"$i":"cp-container-title","$v":"OTA pöörduspunkti seadist."},{"$i":"cp-accept-help","$v":"Konfiguratsioonisõnum on vastu võetud, puudutage jätkamiseks nuppu Valmis."},{"$i":"cp-accept-help-pin","$v":"PIN-koodi oleksite pidanud saama samast allikast, kust saadeti konfiguratsioonisõnum."},{"$i":"cp-quit-app-confirm-dialog-message","$v":"Sõnumit pole veel töödeldud. Kas soovite tõesti väljuda?"},{"$i":"cp-install-configuration-confirm-dialog-message","$v":"Operaator jagab teiega konfiguratsiooni. Kas soovite seda installida?"},{"$i":"cp-auth-failure","$v":"PIN-kood pole õige."},{"$i":"message-apn-saved","$v":"APN(id) on salvestatud."},{"$i":"message-invalid-doc","$v":"Saadud konfiguratsioonisõnumit ei õnnestunud teie SIM-kaardis autentida, mistõttu ei saa seda seadme konfigureerimiseks kasutada."},{"$i":"message-auth-error","$v":"Sõnumi saatja autentimisel ilmnes viga."},{"$i":"message-auth-unsupported-mechanism","$v":"Autentimismehhanismi veel ei toetata."},{"$i":"message-no-apns","$v":"Saadud konfiguratsioonisõnumil pole kehtivaid APN-e."},{"$i":"cp-pin-title","$v":"PIN"},{"$i":"cp-finish-verification","$v":"Kinnitamine on valmis, nõustuge installimisega jätkamiseks."},{"$i":"cp-pin-incorrect-title","$v":"Vale PIN"},{"$i":"cp-pin-incorrect","$v":"Sisestatud PIN-kood on vale, proovi uuesti."},{"$i":"apn-config-success","$v":"APN-konfiguratsioon õnnestus."},{"$i":"apn-config-failure","$v":"APN-konfiguratsioon nurjus."}]