[{"$i":"wap-push-message","$v":"پيام WAP Push"},{"$i":"ok","$v":"تأیید"},{"$i":"open","$v":"باز كردن"},{"$i":"close","$v":"بستن"},{"$i":"accept","$v":"پذيرفتن"},{"$i":"select","$v":"انتخاب"},{"$i":"quit","$v":"خارج شدن"},{"$i":"cancel","$v":"لغو کردن"},{"$i":"try-again","$v":"دوباره امتحان کنید"},{"$i":"finish","$v":"پايان"},{"$i":"sim","$v":[{"t":"idOrVar","v":"id"}," سیم"]},{"$i":"next","$v":"بعد"},{"$i":"done","$v":"انجام شد"},{"$i":"link","$v":"لینک"},{"$i":"dsds-notification-title-with-sim","$v":["(",{"t":"idOrVar","v":"sim"},") ",{"t":"idOrVar","v":"title"}]},{"$i":"message-expired","$v":"این پیام منقضی شده است"},{"$i":"cp-pin","placeholder":"پين"},{"$i":"cp-message-received","$v":"پیام پیکربندی دریافت شد"},{"$i":"cp-container-title","$v":"پیکربندی نقطه دسترسی OTA"},{"$i":"cp-accept-help","$v":"پیام پیکربندی دریافت شد، روی \"انجام شد\" برای ادامه ضربه بزنید."},{"$i":"cp-accept-help-pin","$v":"کد پین باید توسط کسی که پیام پیکربندی را فرستاده، ارائه شود."},{"$i":"cp-quit-app-confirm-dialog-message","$v":"پیام هنوز پردازش نشده است، واقعاً می خواهید خارج شوید؟"},{"$i":"cp-install-configuration-confirm-dialog-message","$v":"شرکت مخابرای شما اطلاعات پیکربندی را با شما به اشتراک می گذارد. می خواهید آن را نصب کنید؟"},{"$i":"cp-auth-failure","$v":"پین صحیح نیست."},{"$i":"message-apn-saved","$v":"APN ها ذخیره شدند."},{"$i":"message-invalid-doc","$v":"پیام پیکربندی دریافت شده نمی تواند توسط سیم کارت تایید شود، به همین دلیل نمی توانید از آن برای پیکربندی دستگاه خود استفاده کنید."},{"$i":"message-auth-error","$v":"زمان تأیید اعتبار فرستنده پیام خطایی روی داد."},{"$i":"message-auth-unsupported-mechanism","$v":"مکانیسم تأیید اعتبار هنوز پشتیبانی نمی شود."},{"$i":"message-no-apns","$v":"پیام پیکربندی که دریافت کردید APN های معتبر ندارد."},{"$i":"cp-pin-title","$v":"پين"},{"$i":"cp-finish-verification","$v":"تأیید کامل است، اگر می خواهید به نصب ادامه دهید لطفاً بپذیرید."},{"$i":"cp-pin-incorrect-title","$v":"پین اشتباه"},{"$i":"cp-pin-incorrect","$v":"کد پینی که وارد کردید نادرست است، لطفاً دوباره امتحان کنید."},{"$i":"apn-config-success","$v":"پیکربندی APN انجام شد."},{"$i":"apn-config-failure","$v":"پیکربندی APN انجام نشد."}]