[{"$i":"wap-push-message","$v":"Alerte WAP"},{"$i":"ok","$v":"OK"},{"$i":"open","$v":"Ouvert"},{"$i":"close","$v":"Fermer"},{"$i":"accept","$v":"Accepter"},{"$i":"select","$v":"Sélectionner"},{"$i":"quit","$v":"Quitter"},{"$i":"cancel","$v":"Annuler"},{"$i":"try-again","$v":"Relancer"},{"$i":"finish","$v":"Terminer"},{"$i":"sim","$v":["Carte SIM ",{"t":"idOrVar","v":"id"}]},{"$i":"next","$v":"Suivant"},{"$i":"done","$v":"Terminé"},{"$i":"link","$v":"Lien"},{"$i":"dsds-notification-title-with-sim","$v":["(",{"t":"idOrVar","v":"sim"},") ",{"t":"idOrVar","v":"title"}]},{"$i":"message-expired","$v":"Ce message a expiré"},{"$i":"cp-pin","placeholder":"PIN"},{"$i":"cp-message-received","$v":"Message de configuration reçu"},{"$i":"cp-container-title","$v":"Configuration du point d’accès OTA"},{"$i":"cp-accept-help","$v":"Message de configuration reçu, cliquez sur « Accepter » pour continuer."},{"$i":"cp-accept-help-pin","$v":"Le code PIN devrait vous avoir été fourni par l’expéditeur du message de configuration."},{"$i":"cp-quit-app-confirm-dialog-message","$v":"Le message n’a pas encore été traité, voulez-vous vraiment quitter ?"},{"$i":"cp-install-configuration-confirm-dialog-message","$v":"Votre opérateur partage avec vous des informations de configuration. Voulez-vous les installer ?"},{"$i":"cp-auth-failure","$v":"Le code PIN est incorrect."},{"$i":"message-apn-saved","$v":"Les APN ont été sauvegardés."},{"$i":"message-invalid-doc","$v":"Le message de configuration que vous avez reçu ne peut pas être authentifié avec votre carte SIM. Impossible de configurer l’appareil."},{"$i":"message-auth-error","$v":"Une erreur s’est produite lors de l’authentification de l’expéditeur du message."},{"$i":"message-auth-unsupported-mechanism","$v":"Le mécanisme d’authentification n’est pas encore pris en charge."},{"$i":"message-no-apns","$v":"Le message de configuration que vous avez reçu ne contient pas d’APN valide."},{"$i":"cp-pin-title","$v":"PIN"},{"$i":"cp-finish-verification","$v":"La vérification est terminée. Indiquez si vous voulez continuer l’installation."},{"$i":"cp-pin-incorrect-title","$v":"Code PIN incorrect"},{"$i":"cp-pin-incorrect","$v":"Le code PIN est incorrect. Veuillez réessayer."},{"$i":"apn-config-success","$v":"La configuration de l’APN s’est correctement déroulée."},{"$i":"apn-config-failure","$v":"La configuration de l’APN a échoué."}]