[{"$i":"wap-push-message","$v":"WAP पुश संदेश"},{"$i":"ok","$v":"ठीक हैं"},{"$i":"open","$v":"खोलें"},{"$i":"close","$v":"बंद करें"},{"$i":"accept","$v":"स्वीकार"},{"$i":"select","$v":"चुनें"},{"$i":"quit","$v":"निकलें"},{"$i":"cancel","$v":"रद्द करें"},{"$i":"try-again","$v":"फिर से प्रयास करें"},{"$i":"finish","$v":"समाप्त करें"},{"$i":"sim","$v":["सिम ",{"t":"idOrVar","v":"id"}]},{"$i":"next","$v":"अगला"},{"$i":"done","$v":"हो गया"},{"$i":"link","$v":"लिंक"},{"$i":"dsds-notification-title-with-sim","$v":["(",{"t":"idOrVar","v":"sim"},") ",{"t":"idOrVar","v":"title"}]},{"$i":"message-expired","$v":"इस संदेश की समय-सीमा समाप्त हो गई हैं"},{"$i":"cp-pin","placeholder":"पिन"},{"$i":"cp-message-received","$v":"कॉन्फ़िगरेशन संदेश प्राप्त हुआ"},{"$i":"cp-container-title","$v":"OTA एक्सेस प्वॉइंट कॉन्फ़िगरेशन"},{"$i":"cp-accept-help","$v":"कॉन्फ़िगरेशन संदेश प्राप्त हुआ, जारी रखने के लिए \"हो गया\" पर टैप करें।"},{"$i":"cp-accept-help-pin","$v":"पिन कोड आपको उनके द्वारा प्रदान किया जाना चाहिए था, जिससे आपने कॉन्फ़िगरेशन संदेश भेजा था।"},{"$i":"cp-quit-app-confirm-dialog-message","$v":"संदेश अभी तक संसाधित नहीं हुआ हैं , क्या आप वास्तव में छोड़ना चाहते हैं?"},{"$i":"cp-install-configuration-confirm-dialog-message","$v":"आपका कैरियर आपके साथ कॉन्फ़िगरेशन जानकारी साझा कर रहा हैं । क्या आप इसे इंस्टॉल करना चाहते हैं?"},{"$i":"cp-auth-failure","$v":"पिन सही नहीं हैं।"},{"$i":"message-apn-saved","$v":"APN(s) सेव किया गया।"},{"$i":"message-invalid-doc","$v":"आपके द्वारा प्राप्त किए गए कॉन्फ़िगरेशन संदेश को आपके सिम कार्ड के लिए प्रमाणित नहीं किया जा सकता, इसलिए आपके डिवाइस को कॉन्फ़िगर करने के लिए उपयोग नहीं किया जा सकता।"},{"$i":"message-auth-error","$v":"संदेश भेजने वाले से प्रमाणीकरण करते समय त्रुटि हुई थी।"},{"$i":"message-auth-unsupported-mechanism","$v":"प्रमाणीकरण युक्ति अभी समर्थित नहीं हैं।"},{"$i":"message-no-apns","$v":"आपके द्वारा प्राप्त कॉन्फ़िगरेशन संदेश में मान्य APNs नहीं हैं।"},{"$i":"cp-pin-title","$v":"पिन"},{"$i":"cp-finish-verification","$v":"सत्यापन पूरा हो गया है, कृपया यदि आप इंस्टॉलेशन को जारी रखना चाहते हैं तो स्वीकार करें।"},{"$i":"cp-pin-incorrect-title","$v":"पिन गलत है"},{"$i":"cp-pin-incorrect","$v":"आपके द्वारा दर्ज किया गया पिन कोड गलत है, कृपया पुनः प्रयास करें।"},{"$i":"apn-config-success","$v":"ए.पी.एन कॉन्फ़िगर सफल हुआ।"},{"$i":"apn-config-failure","$v":"ए.पी.एन कॉन्फ़िगर विफल हुआ।"}]