[{"$i":"wap-push-message","$v":"WAP push-üzenet"},{"$i":"ok","$v":"OK"},{"$i":"open","$v":"Megnyitás"},{"$i":"close","$v":"Bezárás"},{"$i":"accept","$v":"Elfogadás"},{"$i":"select","$v":"Kiválasztás"},{"$i":"quit","$v":"Kilépés"},{"$i":"cancel","$v":"Mégse"},{"$i":"try-again","$v":"Próbálja újra"},{"$i":"finish","$v":"Befejezés"},{"$i":"sim","$v":["SIM ",{"t":"idOrVar","v":"id"}]},{"$i":"next","$v":"Következő"},{"$i":"done","$v":"Kész"},{"$i":"link","$v":"link"},{"$i":"dsds-notification-title-with-sim","$v":["(",{"t":"idOrVar","v":"sim"},") ",{"t":"idOrVar","v":"title"}]},{"$i":"message-expired","$v":"Ez az üzenet lejárt"},{"$i":"cp-pin","placeholder":"Rögzítés"},{"$i":"cp-message-received","$v":"Konfigurációs üzenet megérkezett"},{"$i":"cp-container-title","$v":"OTA hozzáférési pont konfigurálás"},{"$i":"cp-accept-help","$v":"Konfigurációs üzenet érkezett, érintse meg a „Kész” lehetőséget a folytatáshoz."},{"$i":"cp-accept-help-pin","$v":"A PIN-kódot annak kellett volna biztosítania Önnek, aki a konfigurációs üzenetet küldte."},{"$i":"cp-quit-app-confirm-dialog-message","$v":"Az üzenet még nincs feldolgozva, valóban ki kíván lépni?"},{"$i":"cp-install-configuration-confirm-dialog-message","$v":"A szolgáltató konfigurációs információt oszt meg Önnel. Kívánja telepíteni?"},{"$i":"cp-auth-failure","$v":"A PIN-kód helytelen."},{"$i":"message-apn-saved","$v":"APN(ek) elmentve."},{"$i":"message-invalid-doc","$v":"A fogadott konfigurációs üzenet nem hitelesíthető a SIM-kártyájával, így ez nem használható készülékének konfigurálására."},{"$i":"message-auth-error","$v":"Hiba történt az üzenet küldőjének hitelesítésekor."},{"$i":"message-auth-unsupported-mechanism","$v":"A hitelesítési mechanizmus még nem támogatott."},{"$i":"message-no-apns","$v":"A kapott konfigurációs üzenet nem tartalmaz érvényes APN-eket."},{"$i":"cp-pin-title","$v":"Rögzítés"},{"$i":"cp-finish-verification","$v":"Az ellenőrzés befejeződött. Fogadja el, ha folytatni kívánja a telepítést."},{"$i":"cp-pin-incorrect-title","$v":"Helytelen PIN-kód"},{"$i":"cp-pin-incorrect","$v":"A megadott PIN-kód helytelen. Próbálja meg újra."},{"$i":"apn-config-success","$v":"Az APN konfigurálása sikeres."},{"$i":"apn-config-failure","$v":"Az APN konfigurálása sikertelen."}]