[{"$i":"wap-push-message","$v":"Messaggio WAP Push"},{"$i":"ok","$v":"OK"},{"$i":"open","$v":"Apri"},{"$i":"close","$v":"Chiudi"},{"$i":"accept","$v":"Accetta"},{"$i":"select","$v":"Seleziona"},{"$i":"quit","$v":"Esci"},{"$i":"cancel","$v":"Annulla"},{"$i":"try-again","$v":"Riprovare"},{"$i":"finish","$v":"Fine"},{"$i":"sim","$v":["SIM ",{"t":"idOrVar","v":"id"}]},{"$i":"next","$v":"Successivo"},{"$i":"done","$v":"Fine"},{"$i":"link","$v":"Link"},{"$i":"dsds-notification-title-with-sim","$v":["(",{"t":"idOrVar","v":"sim"},") ",{"t":"idOrVar","v":"title"}]},{"$i":"message-expired","$v":"Il messaggio è scaduto"},{"$i":"cp-pin","placeholder":"PIN"},{"$i":"cp-message-received","$v":"Messaggio di configurazione ricevuto"},{"$i":"cp-container-title","$v":"Configurazione punto di accesso OTA"},{"$i":"cp-accept-help","$v":"Messaggio di configurazione ricevuto, toccare su \"Fine\" per continuare."},{"$i":"cp-accept-help-pin","$v":"Il codice PIN dovrebbe essere stato fornito dal mittente del messaggio di configurazione."},{"$i":"cp-quit-app-confirm-dialog-message","$v":"Il messaggio non è ancora stato elaborato. Uscire?"},{"$i":"cp-install-configuration-confirm-dialog-message","$v":"Il gestore condivide le informazioni di configurazione con l'utente. Installare?"},{"$i":"cp-auth-failure","$v":"PIN errato."},{"$i":"message-apn-saved","$v":"APN salvato/i."},{"$i":"message-invalid-doc","$v":"Non è stato possibile autenticare con la scheda SIM il messaggio di configurazione ricevuto, di conseguenza non è possibile utilizzarlo per configurare il dispositivo."},{"$i":"message-auth-error","$v":"Si è verificato un errore durante l'autenticazione del mittente del messaggio."},{"$i":"message-auth-unsupported-mechanism","$v":"Il meccanismo di autenticazione non è ancora supportato."},{"$i":"message-no-apns","$v":"Il messaggio di configurazione ricevuto non ha APN validi."},{"$i":"cp-pin-title","$v":"PIN"},{"$i":"cp-finish-verification","$v":"La verifica è stata completata, premere Accetta per continuare l'installazione."},{"$i":"cp-pin-incorrect-title","$v":"PIN errato"},{"$i":"cp-pin-incorrect","$v":"Il codice PIN inserito non è corretto, riprovare."},{"$i":"apn-config-success","$v":"Configurazione APN completata."},{"$i":"apn-config-failure","$v":"Configurazione APN non riuscita."}]