[{"$i":"wap-push-message","$v":"WAP ღილაკის შეტყ."},{"$i":"ok","$v":"კარგი"},{"$i":"open","$v":"გახსნა"},{"$i":"close","$v":"დახურვა"},{"$i":"accept","$v":"თანხმობა"},{"$i":"select","$v":"არჩევა"},{"$i":"quit","$v":"გამოსვლა"},{"$i":"cancel","$v":"გაუქმება"},{"$i":"try-again","$v":"კიდევ სცადეთ"},{"$i":"finish","$v":"დასრულება"},{"$i":"sim","$v":["SIM",{"t":"idOrVar","v":"id"}]},{"$i":"next","$v":"შემდეგი"},{"$i":"done","$v":"დას."},{"$i":"link","$v":"დაკავშირება"},{"$i":"dsds-notification-title-with-sim","$v":["(",{"t":"idOrVar","v":"sim"},") ",{"t":"idOrVar","v":"title"}]},{"$i":"message-expired","$v":"ეს შეტყობინება დაძველდა"},{"$i":"cp-pin","placeholder":"PIN"},{"$i":"cp-message-received","$v":"მიღებულია კონფიგურაციის შეტყობინება"},{"$i":"cp-container-title","$v":"OTA წვდომის წერტილის კონფიგ."},{"$i":"cp-accept-help","$v":"მიღებულია კონფიგურაციის შეტყობინება, გასაგრძელებლად დააწკაპუნეთ ღილაკზე “მზადაა”."},{"$i":"cp-accept-help-pin","$v":"PIN კოდი უნდა მოგაწოდოთ ისეთმა ვინმემ, ვისაც ოდესმე გამოუგზავნია თქვენთვის კონფიგურაციის შეტყობინება."},{"$i":"cp-quit-app-confirm-dialog-message","$v":"შეტყობინება ჯერ არ დამუშავებულა. ნამდვილად გსურთ დასრულება?"},{"$i":"cp-install-configuration-confirm-dialog-message","$v":"თქვენი მობილური ოპერატორი გიზიარებთ კონფიგურაციის ინფორმაციას. გსურთ მისი დაინსტალირება?"},{"$i":"cp-auth-failure","$v":"PIN არასწორია."},{"$i":"message-apn-saved","$v":"APN(ები) შენახულია."},{"$i":"message-invalid-doc","$v":"კონფიგურაციის შეტყობინება, რომელიც მიიღეთ, ვერ შემოწმდება თქვენ SIM ბარათზე და ამიტომ, მისი გამოყენება თქვენი მოწყობილობის კონფიგურაციისათვის, შეუძლებელია."},{"$i":"message-auth-error","$v":"შეტყობინების გამომგზავნის ავთენტიფიკაციისას შეცდომა დაფიქსირდა."},{"$i":"message-auth-unsupported-mechanism","$v":"ავტორიზაციის მექანიზმს ჯერ მხარდაჭერა არ აქვს."},{"$i":"message-no-apns","$v":"კონფიგურაციის შეტყობინებას, რომელიც მიიღეთ, არ აქვს სწორი APN-ები."},{"$i":"cp-pin-title","$v":"PIN"},{"$i":"cp-finish-verification","$v":"შემოწმება დასრულდა, გთხოვთ, დაეთანხმოთ, თუ გსურთ ინსტალ. გაგრძელება."},{"$i":"cp-pin-incorrect-title","$v":"არასწორი PIN"},{"$i":"cp-pin-incorrect","$v":"შეყვანილი PIN კოდი არასწორია, გთხოვთ, კიდევ სცადეთ."},{"$i":"apn-config-success","$v":"APN კონფიგ. წარმატებით განხორციელდა."},{"$i":"apn-config-failure","$v":"APN კონფიგ. ვერ მოხერხდა."}]