[{"$i":"wap-push-message","$v":"WAP Push хабары"},{"$i":"ok","$v":"OK"},{"$i":"open","$v":"Ашу"},{"$i":"close","$v":"Жабу"},{"$i":"accept","$v":"Қабылдау"},{"$i":"select","$v":"Таңдау"},{"$i":"quit","$v":"Шығу"},{"$i":"cancel","$v":"Бас тарту"},{"$i":"try-again","$v":"Қайталау"},{"$i":"finish","$v":"Аяқтау"},{"$i":"sim","$v":["SIM ",{"t":"idOrVar","v":"id"}]},{"$i":"next","$v":"Келесі"},{"$i":"done","$v":"Болды"},{"$i":"link","$v":"Байланыстыру"},{"$i":"dsds-notification-title-with-sim","$v":["(",{"t":"idOrVar","v":"sim"},") ",{"t":"idOrVar","v":"title"}]},{"$i":"message-expired","$v":"Хабар мерзімі аяқталды"},{"$i":"cp-pin","placeholder":"PIN"},{"$i":"cp-message-received","$v":"Конфигурация хабары алынды"},{"$i":"cp-container-title","$v":"OTA кіру конфиг."},{"$i":"cp-accept-help","$v":"Конфигурация хабары алынды, жалғастыру үшін \"Дайын\" түймесін басыңыз."},{"$i":"cp-accept-help-pin","$v":"PIN кодын сізге конфигурация хабарын жіберген тарап беруі тиіс."},{"$i":"cp-quit-app-confirm-dialog-message","$v":"Хабар әлі өңделмеді. Шынымен шыққыңыз келе ме?"},{"$i":"cp-install-configuration-confirm-dialog-message","$v":"Оператор сізбен конфигурация ақпаратын бөлісуде. Оны орнатқыңыз келе ме?"},{"$i":"cp-auth-failure","$v":"PIN дұрыс емес."},{"$i":"message-apn-saved","$v":"APN(дер) сақталды."},{"$i":"message-invalid-doc","$v":"Сіз алған конфигурация хабары SIM картаңыз үшін куәландырылмады, сондықтан құрылғыңызды конфигурациялау үшін оны пайдалану мүмкін емес."},{"$i":"message-auth-error","$v":"Хабарды жіберушіні куәландыру кезінде қате пайда болды."},{"$i":"message-auth-unsupported-mechanism","$v":"Куәландыру механизміне әлі қолдау көрсетілмейді."},{"$i":"message-no-apns","$v":"Алынған конфигурация хабарында жарамды APN жоқ."},{"$i":"cp-pin-title","$v":"PIN"},{"$i":"cp-finish-verification","$v":"Тексеру аяқталды, орнатуды жалғастырғыңыз келсе, қабылдаңыз."},{"$i":"cp-pin-incorrect-title","$v":"Дұрыс емес PIN"},{"$i":"cp-pin-incorrect","$v":"Енгізілген PIN коды дұрыс емес, қайталаңыз."},{"$i":"apn-config-success","$v":"APN конфигурациялау сәтті."},{"$i":"apn-config-failure","$v":"APN конфигурациялау сәтсіз."}]