[{"$i":"wap-push-message","$v":"WAP stūmējtehn. paz."},{"$i":"ok","$v":"LABI"},{"$i":"open","$v":"Atvērt"},{"$i":"close","$v":"Aizvērt"},{"$i":"accept","$v":"Pieņemt"},{"$i":"select","$v":"Izvēlēties"},{"$i":"quit","$v":"Iziet"},{"$i":"cancel","$v":"Atcelt"},{"$i":"try-again","$v":"Mēģināt vēlreiz"},{"$i":"finish","$v":"Beigt"},{"$i":"sim","$v":["SIM ",{"t":"idOrVar","v":"id"}]},{"$i":"next","$v":"Tālāk"},{"$i":"done","$v":"Gatavs"},{"$i":"link","$v":"Saistīt"},{"$i":"dsds-notification-title-with-sim","$v":["(",{"t":"idOrVar","v":"sim"},") ",{"t":"idOrVar","v":"title"}]},{"$i":"message-expired","$v":"Ziņas derīgums beidzies"},{"$i":"cp-pin","placeholder":"PIN"},{"$i":"cp-message-received","$v":"Konfigurācijas ziņa saņemta"},{"$i":"cp-container-title","$v":"OTA piekļuves punkta konf."},{"$i":"cp-accept-help","$v":"Konfigurācijas ziņa saņemta, pieskarieties Gatavs, lai turpinātu."},{"$i":"cp-accept-help-pin","$v":"PIN kods jānodrošina konfigurācijas ziņojuma sūtītājam."},{"$i":"cp-quit-app-confirm-dialog-message","$v":"Ziņa vēl nav apstrādāta. Vai tiešām vēlaties beigt?"},{"$i":"cp-install-configuration-confirm-dialog-message","$v":"Jūsu mobilo sakaru operators ar jums kopīgo konfigurācijas informāciju. Vai vēlaties to instalēt?"},{"$i":"cp-auth-failure","$v":"PIN kods nav pareizs."},{"$i":"message-apn-saved","$v":"APN saglabāts(-i)."},{"$i":"message-invalid-doc","$v":"Jūsu saņemto konfigurācijas ziņu nevarēja autentificēt, to salīdzinot ar jūsu SIM karti, tāpēc to nevar izmantot ierīces konfigurācijai."},{"$i":"message-auth-error","$v":"Autentificējot ziņas sūtītāju, radās kļūda."},{"$i":"message-auth-unsupported-mechanism","$v":"Autentifikācijas mehānisms pagaidām vēl netiek atbalstīts."},{"$i":"message-no-apns","$v":"Jūsu saņemtajai konfigurācijas ziņai nav derīgu APN."},{"$i":"cp-pin-title","$v":"PIN"},{"$i":"cp-finish-verification","$v":"Verifikācija ir pabeigta; akceptējiet, ja vēlaties turpināt instalēšanu."},{"$i":"cp-pin-incorrect-title","$v":"Nepareizs PIN kods"},{"$i":"cp-pin-incorrect","$v":"Ievadītais PIN kods nav pareizs; lūdzu, mēģiniet vēlreiz."},{"$i":"apn-config-success","$v":"APN konfigurācija veiksmīga."},{"$i":"apn-config-failure","$v":"APN konfigurācijas kļūme."}]