[{"$i":"wap-push-message","$v":"Mesaj trimitere de tip push WAP"},{"$i":"ok","$v":"OK"},{"$i":"open","$v":"Deschis"},{"$i":"close","$v":"Închidere"},{"$i":"accept","$v":"Acceptare"},{"$i":"select","$v":"Selectare"},{"$i":"quit","$v":"Părăsire"},{"$i":"cancel","$v":"Anulare"},{"$i":"try-again","$v":"Încercați din nou"},{"$i":"finish","$v":"Finalizare"},{"$i":"sim","$v":["SIM ",{"t":"idOrVar","v":"id"}]},{"$i":"next","$v":"Înainte"},{"$i":"done","$v":"Efectuat"},{"$i":"link","$v":"Link"},{"$i":"dsds-notification-title-with-sim","$v":["(",{"t":"idOrVar","v":"sim"},") ",{"t":"idOrVar","v":"title"}]},{"$i":"message-expired","$v":"Acest mesaj a expirat"},{"$i":"cp-pin","placeholder":"PIN"},{"$i":"cp-message-received","$v":"Mesaj configurare primit"},{"$i":"cp-container-title","$v":"Config. punct de acces OTA"},{"$i":"cp-accept-help","$v":"Mesaj configurare primit, atingeți „Efectuat” pentru a continua."},{"$i":"cp-accept-help-pin","$v":"Codul PIN trebuia să vă fie furnizat de persoana care v-a trimis mesajul de configurare."},{"$i":"cp-quit-app-confirm-dialog-message","$v":"Mesajul nu a fost procesat încă. Chiar doriți să renunțați?"},{"$i":"cp-install-configuration-confirm-dialog-message","$v":"Operatorul dvs. mobil partajează informații de configurare cu dvs. Doriți să le instalați?"},{"$i":"cp-auth-failure","$v":"Codul PIN nu este corect."},{"$i":"message-apn-saved","$v":"APN(uri) salvat(e)."},{"$i":"message-invalid-doc","$v":"Mesajul de configurare primit nu a putut fi autentificat cu cartela dvs. SIM și, prin urmare, nu poate fi utilizat pentru a vă configura aparatul."},{"$i":"message-auth-error","$v":"A apărut o eroare la autentificarea expeditorului mesajului."},{"$i":"message-auth-unsupported-mechanism","$v":"Mecanismul de autentificare nu este suportat încă."},{"$i":"message-no-apns","$v":"Mesajul de configurare primit nu are APN valide."},{"$i":"cp-pin-title","$v":"PIN"},{"$i":"cp-finish-verification","$v":"Verificarea este finalizată, acceptați dacă doriți să continuați instalarea."},{"$i":"cp-pin-incorrect-title","$v":"PIN incorect"},{"$i":"cp-pin-incorrect","$v":"Codul PIN introdus este incorect, încercați din nou."},{"$i":"apn-config-success","$v":"Configurare APN reușită."},{"$i":"apn-config-failure","$v":"Configurare APN nereușită."}]