[{"$i":"wap-push-message","$v":"WAP-pushbericht"},{"$i":"ok","$v":"OK"},{"$i":"open","$v":"Openen"},{"$i":"close","$v":"Sluiten"},{"$i":"accept","$v":"Accepteren"},{"$i":"select","$v":"Selecteer"},{"$i":"quit","$v":"Stoppen"},{"$i":"cancel","$v":"Annuleren"},{"$i":"try-again","$v":"Opnieuw proberen"},{"$i":"finish","$v":"Voltooien"},{"$i":"sim","$v":["SIM ",{"t":"idOrVar","v":"id"}]},{"$i":"next","$v":"Volgende"},{"$i":"done","$v":"Gereed"},{"$i":"link","$v":"Koppeling"},{"$i":"dsds-notification-title-with-sim","$v":["(",{"t":"idOrVar","v":"sim"},") ",{"t":"idOrVar","v":"title"}]},{"$i":"message-expired","$v":"Dit bericht is verlopen."},{"$i":"cp-pin","placeholder":"PIN"},{"$i":"cp-message-received","$v":"Configuratie-bericht ontvangen"},{"$i":"cp-container-title","$v":"Configuratie OTA-toegangspunt"},{"$i":"cp-accept-help","$v":"Configuratie-bericht ontvangen, tik op 'Gereed' om door te gaan."},{"$i":"cp-accept-help-pin","$v":"U moet de PIN-code hebben ontvangen van degene die het configuratie-bericht heeft verzonden."},{"$i":"cp-quit-app-confirm-dialog-message","$v":"Het bericht is nog niet verwerkt, weet u zeker dat u wilt stoppen?"},{"$i":"cp-install-configuration-confirm-dialog-message","$v":"Uw provider deelt configuratie-informatie met u. Wilt u deze installeren?"},{"$i":"cp-auth-failure","$v":"PIN-code is onjuist."},{"$i":"message-apn-saved","$v":"APN(s) opgeslagen."},{"$i":"message-invalid-doc","$v":"Het configuratie-bericht dat u heeft ontvangen, kon niet gewaarmerkt worden met uw SIM-kaart. Het kan daarom niet worden gebruikt voor het configureren van uw toestel."},{"$i":"message-auth-error","$v":"Er is een fout opgetreden tijdens het verifiëren van de afzender van het bericht."},{"$i":"message-auth-unsupported-mechanism","$v":"Het verificatiemechanisme wordt niet nog ondersteund."},{"$i":"message-no-apns","$v":"Het configuratiebericht dat u hebt ontvangen heeft geen geldige APN's."},{"$i":"cp-pin-title","$v":"PIN"},{"$i":"cp-finish-verification","$v":"De verificatie is voltooid, accepteer als u de installatie wilt voortzetten."},{"$i":"cp-pin-incorrect-title","$v":"Onjuiste PIN-code"},{"$i":"cp-pin-incorrect","$v":"De ingevoerde PIN-code is onjuist. Probeer het opnieuw."},{"$i":"apn-config-success","$v":"APN configureren voltooid."},{"$i":"apn-config-failure","$v":"APN configureren mislukt."}]