[{"$i":"wap-push-message","$v":"Wiadomość WAP Push"},{"$i":"ok","$v":"OK"},{"$i":"open","$v":"OTWÓRZ"},{"$i":"close","$v":"Zamknij"},{"$i":"accept","$v":"Zaakceptuj"},{"$i":"select","$v":"Wybierz"},{"$i":"quit","$v":"Wyjdź"},{"$i":"cancel","$v":"Anuluj"},{"$i":"try-again","$v":"Spróbuj ponownie"},{"$i":"finish","$v":"Zakończ"},{"$i":"sim","$v":["SIM ",{"t":"idOrVar","v":"id"}]},{"$i":"next","$v":"Dalej"},{"$i":"done","$v":"Gotowe"},{"$i":"link","$v":"Łącze"},{"$i":"dsds-notification-title-with-sim","$v":["(",{"t":"idOrVar","v":"sim"},") ",{"t":"idOrVar","v":"title"}]},{"$i":"message-expired","$v":"Ta wiadomość wygasła"},{"$i":"cp-pin","placeholder":"PIN"},{"$i":"cp-message-received","$v":"Odebrano wiadomość konfiguracyjną"},{"$i":"cp-container-title","$v":"Konfiguracja punktu dostępowego OTA"},{"$i":"cp-accept-help","$v":"Odebrano wiadomość konfiguracyjną. Naciśnij przycisk „Gotowe”, aby kontynuować."},{"$i":"cp-accept-help-pin","$v":"Kod PIN powinien zostać dostarczony przez nadawcę wiadomości konfiguracyjnej."},{"$i":"cp-quit-app-confirm-dialog-message","$v":"Wiadomość nie została jeszcze przetworzona, czy na pewno chcesz wyjść?"},{"$i":"cp-install-configuration-confirm-dialog-message","$v":"Twój operator chce udostępnić Ci dane konfiguracyjne. Czy chcesz je zainstalować?"},{"$i":"cp-auth-failure","$v":"Kod PIN jest nieprawidłowy."},{"$i":"message-apn-saved","$v":"Zapisano APN."},{"$i":"message-invalid-doc","$v":"Karta SIM nie może uwierzytelnić odebranej wiadomości konfiguracyjnej. Nie można użyć tej wiadomości do konfiguracji urządzenia."},{"$i":"message-auth-error","$v":"Podczas uwierzytelniania nadawcy wiadomości wystąpił błąd."},{"$i":"message-auth-unsupported-mechanism","$v":"Procedura uwierzytelniania nie jest jeszcze obsługiwana."},{"$i":"message-no-apns","$v":"Odebrana wiadomość konfiguracyjna nie zawiera prawidłowych APN."},{"$i":"cp-pin-title","$v":"PIN"},{"$i":"cp-finish-verification","$v":"Zakończono weryfikację. Zaakceptuj, jeżeli chcesz kontynuować instalację."},{"$i":"cp-pin-incorrect-title","$v":"Błędny kod PIN"},{"$i":"cp-pin-incorrect","$v":"Wprowadzony kod PIN jest nieprawidłowy. Spróbuj ponownie."},{"$i":"apn-config-success","$v":"Konfiguracja APN zakończona powodzeniem."},{"$i":"apn-config-failure","$v":"Konfiguracja APN zakończona niepowodzeniem."}]