[{"$i":"wap-push-message","$v":"Mensagem WAP Push"},{"$i":"ok","$v":"OK"},{"$i":"open","$v":"Abrir"},{"$i":"close","$v":"Fechar"},{"$i":"accept","$v":"Aceitar"},{"$i":"select","$v":"Selecionar"},{"$i":"quit","$v":"Sair"},{"$i":"cancel","$v":"Cancelar"},{"$i":"try-again","$v":"Tentar novamente"},{"$i":"finish","$v":"Terminar"},{"$i":"sim","$v":["SIM ",{"t":"idOrVar","v":"id"}]},{"$i":"next","$v":"Seguinte"},{"$i":"done","$v":"Concluído"},{"$i":"link","$v":"Ligação"},{"$i":"dsds-notification-title-with-sim","$v":["(",{"t":"idOrVar","v":"sim"},") ",{"t":"idOrVar","v":"title"}]},{"$i":"message-expired","$v":"Esta mensagem expirou"},{"$i":"cp-pin","placeholder":"PIN"},{"$i":"cp-message-received","$v":"Mensagem de configuração recebida"},{"$i":"cp-container-title","$v":"Configuração de ponto de acesso OTA"},{"$i":"cp-accept-help","$v":"Mensagem de configuração recebida, toque em “Concluído” para continuar."},{"$i":"cp-accept-help-pin","$v":"O código PIN deveria ter-lhe sido fornecido por quem lhe enviou a mensagem de configuração."},{"$i":"cp-quit-app-confirm-dialog-message","$v":"A mensagem ainda não foi processada, pretende sair mesmo assim?"},{"$i":"cp-install-configuration-confirm-dialog-message","$v":"O seu operador está a partilhar informações de configuração consigo. Pretende instalar?"},{"$i":"cp-auth-failure","$v":"O PIN não está correto."},{"$i":"message-apn-saved","$v":"APN(s) guardado(s)."},{"$i":"message-invalid-doc","$v":"A mensagem de configuração que recebeu não pôde ser autenticada com o seu cartão SIM. Como tal, não pode ser utilizada para configurar o seu dispositivo."},{"$i":"message-auth-error","$v":"Ocorreu um erro ao autenticar o remetente da mensagem."},{"$i":"message-auth-unsupported-mechanism","$v":"O mecanismo de autenticação ainda não é suportado."},{"$i":"message-no-apns","$v":"A mensagem de configuração que recebeu não tem APNs válidos."},{"$i":"cp-pin-title","$v":"PIN"},{"$i":"cp-finish-verification","$v":"A verificação está concluída. Aceite se pretender continuar a instalação."},{"$i":"cp-pin-incorrect-title","$v":"PIN incorreto"},{"$i":"cp-pin-incorrect","$v":"O código PIN inserido está errado. Tente novamente."},{"$i":"apn-config-success","$v":"APN configurado com êxito."},{"$i":"apn-config-failure","$v":"Falha ao configurar APN."}]