[{"$i":"wap-push-message","$v":"WAP තල්ලු පණිවුඩය"},{"$i":"ok","$v":"OK"},{"$i":"open","$v":"විවෘත කරන්න"},{"$i":"close","$v":"වසන්න"},{"$i":"accept","$v":"පිළිගන්න"},{"$i":"select","$v":"තෝරන්න"},{"$i":"quit","$v":"ඉවත් වෙන්න"},{"$i":"cancel","$v":"අවලංගු කරන්න"},{"$i":"try-again","$v":"නැවත උත්සාහ කරන්න"},{"$i":"finish","$v":"අවසන් කරන්න"},{"$i":"sim","$v":["SIM ",{"t":"idOrVar","v":"id"}]},{"$i":"next","$v":"ඊලඟ"},{"$i":"done","$v":"ඉටු කළා"},{"$i":"link","$v":"සබැඳිය"},{"$i":"dsds-notification-title-with-sim","$v":["(",{"t":"idOrVar","v":"sim"},") ",{"t":"idOrVar","v":"title"}]},{"$i":"message-expired","$v":"මෙම පණිවුඩයේ කල් ඉකුත්ව තිබේ"},{"$i":"cp-pin","placeholder":"PIN"},{"$i":"cp-message-received","$v":"වින්‍යාසකරණ පණිවුඩය ලැබුණි"},{"$i":"cp-container-title","$v":"OTA ප්‍රවේශ ස්ථාන වින්‍යාසය"},{"$i":"cp-accept-help","$v":"වින්‍යාසකරණ පණිවුඩය ලැබුණි, ඉදිරියට යාමට “ඉටු කළා” මත ක්ලික් කරන්න."},{"$i":"cp-accept-help-pin","$v":"ඔබ වෙත වින්‍යාසකරණ පණිවුඩය එවු තැනැත්තා විසින් ඔබ වෙත PIN කේතයක් ලබා දී තිබිය යුතුය."},{"$i":"cp-quit-app-confirm-dialog-message","$v":"පණිවුඩය තවමත් සකස් කර නැත. ඔබට ඇත්තෙන්ම ඉවත් වීමට අවශ්‍යද?"},{"$i":"cp-install-configuration-confirm-dialog-message","$v":"ඔබේ ධාරකයා ඔබ සමඟ වින්‍යාස තොරතුරු හුවමාරු කර ගනිමින් සිටී. ඔබට එය ස්ථාපනය කිරීමට අවශ්‍යද?"},{"$i":"cp-auth-failure","$v":"PIN අංකය නිවැරදි නැත."},{"$i":"message-apn-saved","$v":"APN(s) සුරකින ලදි."},{"$i":"message-invalid-doc","$v":"ඔබට ලැබුණු වින්‍යාසකරණ පණිවුඩය ඔබේ SIM කාඩ්පත සමඟින් සත්‍යාපනය කිරීමට නොහැකි වූ අතර එබැවින් ඔබේ උපාංගය වින්‍යාස කිරීමට යොදා ගත නොහැකිය."},{"$i":"message-auth-error","$v":"පණිවුඩයේ එවන්නා තහවුරු කිරීමේදී ගැටළුවක් ඇති විය."},{"$i":"message-auth-unsupported-mechanism","$v":"සත්‍යාපන යාන්ත්‍රණය තවමත් ආධාරක නොවේ."},{"$i":"message-no-apns","$v":"ඔබට ලැබුණු වින්‍යාසකරණ පණිවුඩයේ වලංගු APNs නොමැත."},{"$i":"cp-pin-title","$v":"PIN"},{"$i":"cp-finish-verification","$v":"සත්‍යාපනය සම්පූර්ණ කරන ලදී, ඔබ ස්ථාපනය ඉදිරියට කරගෙන යාමට කැමැත්තේ නම් කරුණාකර පිළිගන්න."},{"$i":"cp-pin-incorrect-title","$v":"වැරදි PIN"},{"$i":"cp-pin-incorrect","$v":"ඔබ ඇතුළත් කළ PIN කේතය වැරදිය, කරුණාකර නැවත උත්සාහ කරන්න."},{"$i":"apn-config-success","$v":"APN වින්‍යාසය සාර්ථකයි."},{"$i":"apn-config-failure","$v":"APN වින්‍යාසය අසමත්වීම."}]