[{"$i":"wap-push-message","$v":"Push správa WAP"},{"$i":"ok","$v":"OK"},{"$i":"open","$v":"Otvoriť"},{"$i":"close","$v":"Zavrieť"},{"$i":"accept","$v":"Prijať"},{"$i":"select","$v":"Vybrať"},{"$i":"quit","$v":"Ukonč."},{"$i":"cancel","$v":"Zrušiť"},{"$i":"try-again","$v":"Skúsiť znova"},{"$i":"finish","$v":"Dokončiť"},{"$i":"sim","$v":["SIM ",{"t":"idOrVar","v":"id"}]},{"$i":"next","$v":"Ďalej"},{"$i":"done","$v":"Hotovo"},{"$i":"link","$v":"Prepoj."},{"$i":"dsds-notification-title-with-sim","$v":["(",{"t":"idOrVar","v":"sim"},") ",{"t":"idOrVar","v":"title"}]},{"$i":"message-expired","$v":"Platn. tejto správy vyprš."},{"$i":"cp-pin","placeholder":"PIN"},{"$i":"cp-message-received","$v":"Konfig. správa prijatá"},{"$i":"cp-container-title","$v":"Konfig. miesta prís. OTA"},{"$i":"cp-accept-help","$v":"Konfig. správa prijatá, pre pokrač. ťuknite na „Hotovo“."},{"$i":"cp-accept-help-pin","$v":"Kód PIN vám mala poskytnúť osoba, ktorá vám poslala správu konfigurácie."},{"$i":"cp-quit-app-confirm-dialog-message","$v":"Správa ešte nebola spracovaná. Chcete naozaj skončiť?"},{"$i":"cp-install-configuration-confirm-dialog-message","$v":"Váš operátor s vami zdieľa informácie o konfigurácii. Chcete ju nainštalovať?"},{"$i":"cp-auth-failure","$v":"Nesprávny kód PIN."},{"$i":"message-apn-saved","$v":"APN uložené."},{"$i":"message-invalid-doc","$v":"Prijatú správu konfigurácie nebolo možné overiť s vašou kartou SIM, a preto ju nie je možné použiť na konfiguráciu vášho zariadenia."},{"$i":"message-auth-error","$v":"Vyskytla sa chyba pri overovaní odosielateľa správy."},{"$i":"message-auth-unsupported-mechanism","$v":"Mechanizmus overenia ešte nie je podporovaný."},{"$i":"message-no-apns","$v":"Prijatá správa konfigurácie nemá platné APN."},{"$i":"cp-pin-title","$v":"PIN"},{"$i":"cp-finish-verification","$v":"Overenie je dokončené. Ak chcete pokračovať v inštalácii, akceptujte to."},{"$i":"cp-pin-incorrect-title","$v":"Nesprávny PIN"},{"$i":"cp-pin-incorrect","$v":"Zadaný PIN kód je nesprávny, skúste to znova."},{"$i":"apn-config-success","$v":"Konfig. APN bola úsp."},{"$i":"apn-config-failure","$v":"Konfig. APN zlyhala."}]