[{"$i":"wap-push-message","$v":"Potisno sporočilo WAP"},{"$i":"ok","$v":"V redu"},{"$i":"open","$v":"Odpri"},{"$i":"close","$v":"Zapri"},{"$i":"accept","$v":"Sprejmem"},{"$i":"select","$v":"Izberite"},{"$i":"quit","$v":"Končaj"},{"$i":"cancel","$v":"Prekliči"},{"$i":"try-again","$v":"Poskusite znova"},{"$i":"finish","$v":"Končaj"},{"$i":"sim","$v":["SIM ",{"t":"idOrVar","v":"id"}]},{"$i":"next","$v":"Naprej"},{"$i":"done","$v":"Dokončano"},{"$i":"link","$v":"Povezava"},{"$i":"dsds-notification-title-with-sim","$v":["(",{"t":"idOrVar","v":"sim"},") ",{"t":"idOrVar","v":"title"}]},{"$i":"message-expired","$v":"Sporočilo je poteklo"},{"$i":"cp-pin","placeholder":"PIN"},{"$i":"cp-message-received","$v":"Konfiguracijsko sporočilo je prejeto"},{"$i":"cp-container-title","$v":"Konfig. dost. točke za OTA"},{"$i":"cp-accept-help","$v":"Konfiguracijsko sporočilo je prejeto. Za nadaljevanje se dotaknite možnosti »Dokončano«."},{"$i":"cp-accept-help-pin","$v":"Kodo PIN vam mora sporočiti tisti, ki vam je poslal konfiguracijsko sporočilo."},{"$i":"cp-quit-app-confirm-dialog-message","$v":"Sporočilo še ni bilo obdelano. Ali zares želite prekiniti aplikacijo?"},{"$i":"cp-install-configuration-confirm-dialog-message","$v":"Operater vam je posredoval podatke za konfiguriranje. Jih želite namestiti?"},{"$i":"cp-auth-failure","$v":"Koda PIN ni pravilna."},{"$i":"message-apn-saved","$v":"APN-ji so shranjeni."},{"$i":"message-invalid-doc","$v":"Pristnosti prejetega konfiguracijskega sporočila ni bilo mogoče preveriti z vašo kartico SIM, zato tega sporočila ni mogoče uporabiti za konfiguriranje naprave."},{"$i":"message-auth-error","$v":"Med preverjanjem pristnosti pošiljatelja sporočila je prišlo do napake."},{"$i":"message-auth-unsupported-mechanism","$v":"Mehanizem za preverjanje pristnosti še ni podprt."},{"$i":"message-no-apns","$v":"Prejeto konfiguracijsko sporočilo ne vsebuje veljavnih APN-ov."},{"$i":"cp-pin-title","$v":"PIN"},{"$i":"cp-finish-verification","$v":"Preverjanje je dokončano. Sprejmite, če želite nadaljevati namestitev."},{"$i":"cp-pin-incorrect-title","$v":"Nepravilna koda PIN"},{"$i":"cp-pin-incorrect","$v":"Vnesena koda PIN ni pravilna. Poskusite znova."},{"$i":"apn-config-success","$v":"Konfiguriranje APN-ja je bilo uspešno."},{"$i":"apn-config-failure","$v":"Napaka pri konfiguriranju APN-ja."}]