[{"$i":"wap-push-message","$v":"WAP push poruka"},{"$i":"ok","$v":"OK"},{"$i":"open","$v":"Otvori"},{"$i":"close","$v":"Zatvori"},{"$i":"accept","$v":"Prihvati"},{"$i":"select","$v":"Izaberi"},{"$i":"quit","$v":"Završetak"},{"$i":"cancel","$v":"Otkaži"},{"$i":"try-again","$v":"Pokušajte ponovo"},{"$i":"finish","$v":"Završi"},{"$i":"sim","$v":["SIM ",{"t":"idOrVar","v":"id"}]},{"$i":"next","$v":"Sledeće"},{"$i":"done","$v":"Gotovo"},{"$i":"link","$v":"Veza"},{"$i":"dsds-notification-title-with-sim","$v":["(",{"t":"idOrVar","v":"sim"},") ",{"t":"idOrVar","v":"title"}]},{"$i":"message-expired","$v":"Ova poruka je istekla"},{"$i":"cp-pin","placeholder":"PIN"},{"$i":"cp-message-received","$v":"Konfiguraciona poruka je primljena"},{"$i":"cp-container-title","$v":"Konfig. OTA prist. tač."},{"$i":"cp-accept-help","$v":"Konfiguraciona poruka je primljena, dodirnite „Gotovo“ da nastavite."},{"$i":"cp-accept-help-pin","$v":"PIN kod je trebalo da dobijete od strane onoga ko vam je poslao konfiguracionu poruku."},{"$i":"cp-quit-app-confirm-dialog-message","$v":"Poruka još nije obrađena. Želite li sigurno da završite?"},{"$i":"cp-install-configuration-confirm-dialog-message","$v":"Vaš operator deli sa vama informacije o konfiguraciji. Želite li da ih instalirate?"},{"$i":"cp-auth-failure","$v":"PIN kod nije tačan."},{"$i":"message-apn-saved","$v":"APN(ovi) sačuvan/i."},{"$i":"message-invalid-doc","$v":"Verodostojnost konfiguracione poruke koju ste primili ne može se potvrditi na osnovu vaše SIM kartice, pa se samim tim ne može koristiti za konfigurisanje vašeg uređaja."},{"$i":"message-auth-error","$v":"Došlo je do greške prilikom provere pošiljaoca poruke."},{"$i":"message-auth-unsupported-mechanism","$v":"Mehanizam za proveru još uvek nije podržan."},{"$i":"message-no-apns","$v":"Konfiguraciona poruka koju ste dobili nema važeće APN-ove."},{"$i":"cp-pin-title","$v":"PIN"},{"$i":"cp-finish-verification","$v":"Verifikacija je završena, prihvatite da biste nastavili instalaciju."},{"$i":"cp-pin-incorrect-title","$v":"Netačan PIN"},{"$i":"cp-pin-incorrect","$v":"Uneli ste netačan PIN kôd, pokušajte ponovo."},{"$i":"apn-config-success","$v":"Uspešno konfig. APN-a."},{"$i":"apn-config-failure","$v":"Neuspešno konfig. APN-a."}]