[{"$i":"wap-push-message","$v":"ข้อความ WAP Push"},{"$i":"ok","$v":"ตกลง"},{"$i":"open","$v":"เปิด"},{"$i":"close","$v":"ปิด"},{"$i":"accept","$v":"ยอมรับ"},{"$i":"select","$v":"เลือก"},{"$i":"quit","$v":"ออก"},{"$i":"cancel","$v":"ยกเลิก"},{"$i":"try-again","$v":"ลองอีกครั้ง"},{"$i":"finish","$v":"เสร็จสิ้น"},{"$i":"sim","$v":["ซิม ",{"t":"idOrVar","v":"id"}]},{"$i":"next","$v":"ถัดไป"},{"$i":"done","$v":"เสร็จสิ้น"},{"$i":"link","$v":"เชื่อมโยง"},{"$i":"dsds-notification-title-with-sim","$v":["(",{"t":"idOrVar","v":"sim"},") ",{"t":"idOrVar","v":"title"}]},{"$i":"message-expired","$v":"ข้อความนี้หมดอายุแล้ว"},{"$i":"cp-pin","placeholder":"PIN"},{"$i":"cp-message-received","$v":"ได้รับข้อความกำหนดค่าแล้ว"},{"$i":"cp-container-title","$v":"การกำหนดค่าจุดเชื่อมต่อ OTA"},{"$i":"cp-accept-help","$v":"ได้รับข้อความกำหนดค่าแล้ว แตะ “เสร็จสิ้น” เพื่อดำเนินการต่อ"},{"$i":"cp-accept-help-pin","$v":"รหัส PIN จะต้องมอบให้คุณโดยผู้ที่ส่งข้อความกำหนดค่าให้คุณ"},{"$i":"cp-quit-app-confirm-dialog-message","$v":"ข้อความยังไม่ถูกประมวลผล คุณต้องการออกหรือไม่"},{"$i":"cp-install-configuration-confirm-dialog-message","$v":"ผู้ให้บริการของคุณกำลังแชร์ข้อมูลกำหนดค่ากับคุณ คุณต้องการติดตั้งหรือไม่"},{"$i":"cp-auth-failure","$v":"PIN ไม่ถูกต้อง"},{"$i":"message-apn-saved","$v":"บันทึก APN แล้ว"},{"$i":"message-invalid-doc","$v":"ข้อความกำหนดค่าที่คุณได้รับไม่สามารถรับรองความถูกต้องกับซิมการ์ดได้ ดังนั้นจึงไม่สามารถใช้ในการกำหนดค่าอุปกรณ์ของคุณได้"},{"$i":"message-auth-error","$v":"เกิดข้อผิดพลาดขึ้นขณะกำลังยืนยันสิทธิ์ผู้ส่งข้อความนี้"},{"$i":"message-auth-unsupported-mechanism","$v":"ยังไม่รองรับกลไกการยืนยันสิทธิ์ในขณะนี้"},{"$i":"message-no-apns","$v":"ข้อความกำหนดค่าที่คุณได้รับไม่มี APN ที่ถูกต้อง"},{"$i":"cp-pin-title","$v":"PIN"},{"$i":"cp-finish-verification","$v":"การยืนยันเสร็จสิ้น โปรดยอมรับหากคุณต้องการดำเนินการติดตั้งต่อ"},{"$i":"cp-pin-incorrect-title","$v":"รหัส PIN ไม่ถูกต้อง"},{"$i":"cp-pin-incorrect","$v":"PIN ที่คุณป้อนนั้นไม่ถูกต้อง โปรดลองอีกครั้ง"},{"$i":"apn-config-success","$v":"การกำหนดค่า APN สำเร็จ"},{"$i":"apn-config-failure","$v":"การกำหนดค่า APN ล้มเหลว"}]