[{"$i":"wap-push-message","$v":"Umyalezo woTyhalo lwe-WAP"},{"$i":"ok","$v":"Kulungile"},{"$i":"open","$v":"Vula"},{"$i":"close","$v":"Vala"},{"$i":"accept","$v":"Yamkela"},{"$i":"select","$v":"Khetha"},{"$i":"quit","$v":"Phuma"},{"$i":"cancel","$v":"Rhoxisa"},{"$i":"try-again","$v":"Zama kwakhona"},{"$i":"finish","$v":"Gqiba"},{"$i":"sim","$v":["i-SIM ",{"t":"idOrVar","v":"id"}]},{"$i":"next","$v":"Okulandelayo"},{"$i":"done","$v":"Igqibile"},{"$i":"link","$v":"ILinki"},{"$i":"dsds-notification-title-with-sim","$v":["(",{"t":"idOrVar","v":"sim"},") ",{"t":"idOrVar","v":"title"}]},{"$i":"message-expired","$v":"Lo myalezo sele uphelelwe"},{"$i":"cp-pin","placeholder":"IPIN"},{"$i":"cp-message-received","$v":"Umyalezo wodityaniso ufunyenwe"},{"$i":"cp-container-title","$v":"I-OTA Access Point Configuration"},{"$i":"cp-accept-help","$v":"Umyalezo wodityaniso ufunyenwe, cofa ku “Gqibile” ukuze uqhubeke."},{"$i":"cp-accept-help-pin","$v":"Ikhowudi ye-PIN ubufanele ukuba uyithunyelelwe ngumntu okuthumelele umyalezo wokuyakha."},{"$i":"cp-quit-app-confirm-dialog-message","$v":"Lo myalezo awukadluliselwa okwangoku, ngaba uyafuna nyhani ukuphuma?"},{"$i":"cp-install-configuration-confirm-dialog-message","$v":"Umthwalo wakho wabelana ngenkcazelo yodibaniso nawe. Ngaba ufuna ukuyifakela?"},{"$i":"cp-auth-failure","$v":"I-PIN ayichananga."},{"$i":"message-apn-saved","$v":"Ii-APN zigciniwe."},{"$i":"message-invalid-doc","$v":"Umyalezo wodityaniso oye wawufumana awukwazanga kugunyaziswa kunye ne-SIM khadi yakho, ngoko awunakusetyenziselwa udityaniso lwesixhobo sakho."},{"$i":"message-auth-error","$v":"Kuye kwakho impazamo ngoxa bekugunyaziswa umthumeli womyalezo."},{"$i":"message-auth-unsupported-mechanism","$v":"Ugunyaziso lokuyenza alukaxhaswa okwangoku."},{"$i":"message-no-apns","$v":"Umyalezo wodityaniso owufumeneyo awunazi-APN zisebenzayo."},{"$i":"cp-pin-title","$v":"IPIN"},{"$i":"cp-finish-verification","$v":"Uqinisekiso lugqityiwe, sicela uvume ukuba ungathanda na ukuqhubeka nofakelo."},{"$i":"cp-pin-incorrect-title","$v":"I-PIN engachananga"},{"$i":"cp-pin-incorrect","$v":"Le khowudi ye-PIN uyifakileyo ayichananga, nceda uzame kwakhona."},{"$i":"apn-config-success","$v":"Ukuphumelela kokwakhiwa kwe-APN."},{"$i":"apn-config-failure","$v":"Ukusilela kokwakhiwa kwe-APN."}]