[{"$i":"ok","$v":"យល់ព្រម"},{"$i":"go","$v":"ទៅ​កាន់"},{"$i":"play","$v":"ចាក់"},{"$i":"stop","$v":"បញ្ឈប់"},{"$i":"call","$v":"ការហៅ"},{"$i":"back","$v":"ថយ​ក្រោយ"},{"$i":"today","$v":"ថ្ងៃ​នេះ"},{"$i":"select","$v":"ជ្រើស"},{"$i":"deselect","$v":"ដក​ការជ្រើស"},{"$i":"delete","$v":"លុប"},{"$i":"cancel","$v":"បោះ​បង់"},{"$i":"warning","$v":"ការព្រមាន"},{"$i":"options","$v":"ជម្រើស"},{"$i":"confirm","$v":"បញ្ជាក់"},{"$i":"open-web","$v":"ទៅ​កាន់"},{"$i":"open-dial","$v":"ហៅ"},{"$i":"open-mailbox","$v":"បើក"},{"$i":"delete-all","$v":"លុប​ទាំង​អស់"},{"$i":"multiselect","$v":"លុបច្រើន"},{"$i":"select-all","$v":"ទាំងអស់"},{"$i":"deselect-all","$v":"គ្មាន"},{"$i":"delete-message","$v":"0.0"},{"$i":"delete-messages","$v":"លុបសារទាំងអស់?"},{"$i":"no-alert","$v":"គ្មានសារ។"},{"$i":"alert-inbox","$v":"ប្រអប់​ទទួល​សារ​ជូន​ដំណឹង"},{"$i":"amber-alert","$v":"ការជូន​ដំណឹង​ភ្លើង​លឿង"},{"$i":"severe-alert","$v":"ជូន​ដំណឹង​កម្រិត​ធ្ងន់"},{"$i":"extreme-alert","$v":"ជូន​ដំណឹង​កម្រិត​ខ្ពស់"},{"$i":"public-safety-alert","$v":"ការដាស់តឿនសណ្តាប់ធ្នាប់សាធារណៈ"},{"$i":"wea-test","$v":"ការសាកល្បងរដ្ឋ / មូលដ្ឋានរបស់ WEA"},{"$i":"unknown-alert","$v":"ការជូន​ដំណឹង​មិន​ស្គាល់"},{"$i":"rmt-alert","$v":"ការជូន​ដំណឹង RMT"},{"$i":"exercise-alert","$v":"ធ្វើ​ការជូន​ដំណឹង"},{"$i":"operator-alert","$v":"ការជូន​ដំណឹង​ប្រតិបត្តិករ"},{"$i":"presidential-alert","$v":"ការជូន​ដំណឹង​ពី​ប្រធានា​ធិបតី"},{"$i":"emergency-alerts","$v":"សារ​ជូន​ដំណឹង​បន្ទាន់"},{"$i":"wea-ringtone-preview","$v":"ការចាក់​សាក​សំឡេង​រោទ៍ WEA"},{"$i":"wea-ringtone","$v":"សំឡេង​រោទ៍ WEA"},{"$i":"presidential-alert-tw","$v":"Presidential Alert"},{"$i":"rmt-alert-tw","$v":"Required Monthly Test"},{"$i":"emergency-alert","$v":"Emergency Alert"},{"$i":"alert-message","$v":"Alert Message"},{"$i":"pre-alert-chinese","$v":"國家級警報"},{"$i":"emergency-alert-chinese","$v":"緊急警報"},{"$i":"emergency-message-chinese","$v":"警訊通知"},{"$i":"rmt-message-chinese","$v":"每月測試用訊息"},{"$i":"etws-warningType-earthquake","$v":"ការព្រមាន​អំពី​រញ្ជួយ​ដី!"},{"$i":"etws-warningType-tsunami","$v":"ការព្រមាន​ពី​ស៊ូណាមី!"},{"$i":"etws-warningType-earthquake-tsunami","$v":"ការព្រមាន​អំពី​រញ្ជួយ​ដី និង​រលក​ស៊ូណាមី!"},{"$i":"etws-warningType-test","$v":"កំពុង​សាក​ប្រព័ន្ធ​ជូន​ដំណឹង។"},{"$i":"etws-warningType-other","$v":"ការព្រមាន​បន្ទាន់!"},{"$i":"national-emergency-alert-arabic","$v":"تحذير طارئ وطني"},{"$i":"emergency-alert-arabic","$v":"تحذير طارئ"},{"$i":"warning-alert-arabic","$v":"رسائل تحذيرية"},{"$i":"test-alert-arabic","$v":"رسالة تجريبية"},{"$i":"exercise-arabic","$v":"تمرين"},{"$i":"national-emergency-alert-english","$v":"National Emergency Alert"},{"$i":"warning-alert-english","$v":"Warning Alert"},{"$i":"test-alert-english","$v":"Test Alert"},{"$i":"exercise-english","$v":"Exercise"},{"$i":"extreme-alert-hebrew","$v":"התרעה חמורה"},{"$i":"warning-notification-hebrew","$v":"אזהרה"},{"$i":"informational-hebrew","$v":"מידע"},{"$i":"test-hebrew","$v":"בדיקה"},{"$i":"exercise-hebrew","$v":"תרגיל"},{"$i":"assistance-hebrew","$v":"בקשה לעזרת הציבור"},{"$i":"informational-english","$v":"Informational"},{"$i":"extreme-alert-english","$v":"Extreme Alert"},{"$i":"warning-notification-english","$v":"Warning Notification"},{"$i":"test-english","$v":"Test"},{"$i":"assistance-english","$v":"Apply for Public assistance"},{"$i":"national-emergency-alert-lithuanian","$v":"Ypatingasis įspėjimas"},{"$i":"emergency-alert-lithuanian","$v":"Svarbus įspėjimas"},{"$i":"warning-alert-lithuanian","$v":"Įspėjimas"},{"$i":"amber-alert-lithuanian","$v":"Vaiko paieška"},{"$i":"test-Lithuanian","$v":"Testas"},{"$i":"NL-alert","$v":"NL-Alert"},{"$i":"RO-alert","$v":"RO-Alert"},{"$i":"GR-alert","$v":"GR-Alert"},{"$i":"orange-alert","$v":"Orange Alert"},{"$i":"dismiss","$v":"Dismiss"},{"$i":"IT-Alert","$v":"IT-Alert"},{"$i":"cmas-emergency-alert-peru","$v":"Alerta de Emergencia"},{"$i":"cmas-extreme-alert-peru","$v":"\"Mensaje Informativo\""},{"$i":"cmas-test-alert-peru","$v":"\"Alerta de Emergencia - Mensaje de Prueba\""},{"$i":"cmas-exercise-alert-peru","$v":"\"Alerta de Emergencia - Mensaje de Ejercicio / Simulacro\""},{"$i":"qtn_cb_chl_emergency_es_us","$v":"Alerta de Emergencia"},{"$i":"qtn_cb_chl_test_Prueba_es_us","$v":"Mensaje de Prueba"},{"$i":"qtn_cb_hkg_Emergency_msgttl_en","$v":"Extreme EmergencyAlert"},{"$i":"qtn_cb_hkg_Emergency_msgttl_zh_hk","$v":"極度緊急警示"},{"$i":"qtn_cb_hkg_extre_em_msgttl_zh_hk","$v":"緊急警示"},{"$i":"qtn_cb_hkg_extre_em_msgttl_en","$v":"Emergency Alert"},{"$i":"qtn_cb_hkg_Test_msgttl_en","$v":"Test Message"},{"$i":"qtn_cb_hkg_Test_msgttl_zh_hk","$v":"測試訊息"},{"$i":"presidential-alert_Mexico","$v":"Presidential Alert"},{"$i":"severe-alert_Mexico","$v":"Severe Threats"},{"$i":"extreme-alert_Mexico","$v":"Extreme Threats"},{"$i":"qtn_cb_ksa_alerts_title_ar","$v":"الرسائل التحذيرية"},{"$i":"qtn_cb_ksa_alerts_title_en","$v":"Alerts"},{"$i":"qtn_cb_ksa_emergency_warn_title_ar","$v":"الرسائل التحذيرية الطارئة"},{"$i":"qtn_cb_ksa_emergency_warn_title_en","$v":"Emergency Warning Alerts"},{"$i":"qtn_cb_ksa_exercises_title_ar","$v":"تمارين"},{"$i":"qtn_cb_ksa_exercises_title_en","$v":"Exercises"},{"$i":"qtn_cb_ksa_extreme_emer_title_ar","$v":"الرسائل التحذيرية الطارئة جدا"},{"$i":"qtn_cb_ksa_extreme_emer_title_en","$v":"Extreme Emergency Warning Alerts"},{"$i":"qtn_cb_ksa_national_warn_title_en","$v":"National Warning Alerts"},{"$i":"qtn_cb_ksa_nationalwarn_title_ar","$v":"الرسائل التحذيرية الوطنية"},{"$i":"qtn_cb_ksa_test_title_ar","$v":"الرسائل التجريبية"},{"$i":"qtn_cb_ksa_test_title_en","$v":"Testing Alerts"},{"$i":"qtn_cb_omn_title_emergency_en","$v":"Emergency Alerts"},{"$i":"qtn_cb_omn_title_exercises_en","$v":"Exercises  Alerts"},{"$i":"qtn_cb_omn_title_warning_en","$v":"Warning Alerts"},{"$i":"qtn_cb_uae_emergency_ar","$v":"تحذير طارئ"},{"$i":"qtn_cb_uae_emergency_en","$v":"Emergency Alert"},{"$i":"qtn_cb_uae_national_ar","$v":"تحذير طارئ وطني"},{"$i":"qtn_cb_uae_national_en","$v":"National Emergency Alert"},{"$i":"qtn_cb_uae_public_ar","$v":"Public Safety Alert"},{"$i":"qtn_cb_uae_public_en","$v":"Public Safety Alert"},{"$i":"qtn_cb_uae_test_ar","$v":"Test Alert"},{"$i":"qtn_cb_uae_test_en","$v":"Test Alert"},{"$i":"qtn_cb_uae_warning_ar","$v":"رسالة تحذيرية"},{"$i":"qtn_cb_uae_warning_en","$v":"Warning Alert"},{"$i":"Government-Alert","$v":"Government Alert"},{"$i":"presidential-alert-EU","$v":"Alerta Local de Emergencia"},{"$i":"information-alert-EU","$v":"Mensaje Informativo"},{"$i":"test-alert-EU","$v":"Mensaje de Prueba"},{"$i":"exercise-alert-EU","$v":"Alerta de Emergencia – mensaje de Ejercicio / Simulacro"}]