[{"$i":"toast-audio-save","$v":[{"t":"idOrVar","v":"name"}," gestoor."]},{"$i":"toast-audio-discarded","$v":"Opname geskap."},{"$i":"toast-save-rate","$v":"Veranderinge gestoor."},{"$i":"toast-audio-deleted","$v":"Oudiolêer geskrap."},{"$i":"toast-audio-files-deleted","$v":"Oudiolêers is geskrap."},{"$i":"toast-audio-rename-ok","$v":"Naam het verander."},{"$i":"toast-audio-rename-failed","$v":"Kon nie hernoem nie"},{"$i":"toast-audio-rename-empty-or-only-space","$v":"Nuwe naam kan nie leeg wees of net ’n spasie wees nie."},{"$i":"toast-music-library-save","$v":[{"t":"idOrVar","v":"name"}," Gestoor in musiekbiblioteek."]},{"$i":"toast-audio-import-save","$v":[{"t":"idOrVar","v":"name"}," gestoor na Opnemer."]},{"$i":"toast-audio-save-failed","$v":"Kon nie stoor nie."},{"$i":"new","$v":"Nuwe"},{"$i":"option","$v":"Opsie"},{"$i":"play","$v":"Speel"},{"$i":"ok","$v":"Goed"},{"$i":"options","$v":"Opsies"},{"$i":"back","$v":"Terug"},{"$i":"pause","$v":"Onderbreek"},{"$i":"cancel","$v":"Kanselleer"},{"$i":"delete","$v":"Skrap"},{"$i":"done","$v":"Klaar"},{"$i":"save","$v":"Stoor"},{"$i":"discard","$v":"Skrap"},{"$i":"all","$v":"Almal"},{"$i":"deselect","$v":"Deselekteer"},{"$i":"none","$v":"Geen"},{"$i":"select","$v":"Kies"},{"$i":"menu-header-options","$v":"Opsies"},{"$i":"menu-header-option","$v":"Opsie"},{"$i":"menu-delete","$v":"Skrap"},{"$i":"menu-share","$v":"Deel"},{"$i":"menu-rename","$v":"Hernoem"},{"$i":"menu-save-as-ringtone","$v":"Stoor as luitoon"},{"$i":"menu-settings","$v":"Instellings"},{"$i":"menu-volume","$v":"Volume"},{"$i":"menu-save-to-music-library","$v":"Gestoor in musiekbiblioteek"},{"$i":"menu-select-multiple","$v":"Kies Veelvuldige"},{"$i":"number-selected","$v":{"few":[{"t":"idOrVar","v":"number"}," Gekies"],"many":[{"t":"idOrVar","v":"number"}," Gekies"],"one":[{"t":"idOrVar","v":"number"}," Gekies"],"other":[{"t":"idOrVar","v":"number"}," Gekies"],"two":[{"t":"idOrVar","v":"number"}," Gekies"],"zero":[{"t":"idOrVar","v":"number"}," Gekies"]},"$x":[{"t":"idOrVar","v":"plural"},"number"]},{"$i":"title-audio-list","$v":"Opnemer"},{"$i":"title-rename","$v":"Hernoem"},{"$i":"title-settings","$v":"Instellings"},{"$i":"title-save-confirmation","$v":"Bevestiging"},{"$i":"title-delete-confirmation","$v":"Bevestiging"},{"$i":"title-recording-bitrate","$v":"Opnamekoers"},{"$i":"title-pick-audio-list","$v":"Kies ’n opname"},{"$i":"dialog-delete-audio-file","$v":"Skrap hierdie oudiolêer?"},{"$i":"dialog-save-audio-recording","$v":"Stoor die oudio-opname?"},{"$i":"dialog-delete-select-audio","$v":{"few":["Skrap ",{"t":"idOrVar","v":"number"}," opnames?"],"many":["Skrap ",{"t":"idOrVar","v":"number"}," opnames?"],"one":"Skrap gekose opname?","other":["Skrap ",{"t":"idOrVar","v":"number"}," opnames?"],"two":["Skrap ",{"t":"idOrVar","v":"number"}," opnames?"]},"$x":[{"t":"idOrVar","v":"plural"},"number"]},{"$i":"settings-bitrate-8k","$v":"8K (Kleiner grootte)"},{"$i":"settings-bitrate-44k","$v":"44K (Groter grootte)"},{"$i":"settings-bitrate-err","$v":"Instellingfout"},{"$i":"audio-recorder-is-empty","$v":"Klankopnemer is leeg; druk Nuwe om te begin opneem."},{"$i":"audio-pick-is-empty","$v":"Geen opnames beskikbaar nie."},{"$i":"input-title-enter-new-name","$v":"Voer nuwe naam in"},{"$i":"new-recording","$v":"Nuwe opname"},{"$i":"save-input","placeholder":"Nuwe opname"},{"$i":"save-audio-input","$v":"Naam"},{"$i":"audio-player-state","$v":"Speel van..."},{"$i":"audio-player-state-pause","$v":""},{"$i":"audio-recorder-loading","$v":"Skandeer vir oudio-opnames..."},{"$i":"unsupport-file-name","$v":{"$o":"Kan nie ’n naam gebruik wat nie-ondersteunde karakters bevat nie: \\/:*?\"<>|"}},{"$i":"import-file-error","$v":"Hierdie naam is reeds gebruik. Kies 'n ander een."},{"$i":"import-file-exist","$v":"Lêernaam bestaan reeds."},{"$i":"state_storage_no_memory_card","$v":"Geheuekaart word nie gevind nie. Voer asseblief ‘n geheuekaart in."},{"$i":"state_storage_full","$v":"Foon se berging vol"},{"$i":"state_storage_full_sdcard","$v":"SD-kaart vol"},{"$i":"state_storage_full_content_new","$v":"Skrap medialêers of programdata uit om ruimte te maak. U kan ook ’n SD-kaart insteek vir ekstra mediaberging."},{"$i":"state_storage_full_content_new_sdcard","$v":"Skrap lêers op SD-kaart om ruimte te maak."},{"$i":"state_storage_full_content_record","$v":"Skrap medialêers of programdata uit om ruimte te maak. U kan ook ’n SD-kaart insteek vir ekstra mediaberging."},{"$i":"state_storage_full_content_record_sdcard","$v":"Skrap lêers op SD-kaart om ruimte te maak."},{"$i":"state_storage_full_content_save","$v":"Skrap medialêers of programdata uit om ruimte te maak. U kan ook ’n SD-kaart insteek vir ekstra mediaberging."},{"$i":"state_storage_full_content_save_sdcard","$v":"Skrap lêers op SD-kaart om ruimte te maak."},{"$i":"state_storage_in_use","$v":"Stoorruimte word tans gebruik. Prop asseblief die foon uit."},{"$i":"rename-same-name","$v":"Name nie verander."},{"$i":"confirmation","$v":"Bevestiging"},{"$i":"discard-confirm","$v":"Moet die opname verwyder word?"},{"$i":"invalid-confirm","$v":"Kan nie lêer speel nie want dit werk nie op dié toestel nie, of dit is ongeldig."},{"$i":"weekday-0-long","$v":"Sondag"},{"$i":"weekday-1-long","$v":"Maandag"},{"$i":"weekday-2-long","$v":"Dinsdag"},{"$i":"weekday-3-long","$v":"Woensdag"},{"$i":"weekday-4-long","$v":"Donderdag"},{"$i":"weekday-5-long","$v":"Vrydag"},{"$i":"weekday-6-long","$v":"Saterdag"},{"$i":"weekday-0-short","$v":"So"},{"$i":"weekday-1-short","$v":"Ma"},{"$i":"weekday-2-short","$v":"Di"},{"$i":"weekday-3-short","$v":"Wo"},{"$i":"weekday-4-short","$v":"Do"},{"$i":"weekday-5-short","$v":"Vr"},{"$i":"weekday-6-short","$v":"Sa"},{"$i":"month-0-long","$v":"Januarie"},{"$i":"month-1-long","$v":"Februarie"},{"$i":"month-2-long","$v":"Maart"},{"$i":"month-3-long","$v":"April"},{"$i":"month-4-long","$v":"Mei"},{"$i":"month-5-long","$v":"Junie"},{"$i":"month-6-long","$v":"Julie"},{"$i":"month-7-long","$v":"Augustus"},{"$i":"month-8-long","$v":"September"},{"$i":"month-9-long","$v":"Oktober"},{"$i":"month-10-long","$v":"November"},{"$i":"month-11-long","$v":"Desember"},{"$i":"month-0-genitive","$v":"Januarie"},{"$i":"month-1-genitive","$v":"Februarie"},{"$i":"month-2-genitive","$v":"Maart"},{"$i":"month-3-genitive","$v":"April"},{"$i":"month-4-genitive","$v":"Mei"},{"$i":"month-5-genitive","$v":"Junie"},{"$i":"month-6-genitive","$v":"Julie"},{"$i":"month-7-genitive","$v":"Augustus"},{"$i":"month-8-genitive","$v":"September"},{"$i":"month-9-genitive","$v":"Oktober"},{"$i":"month-10-genitive","$v":"November"},{"$i":"month-11-genitive","$v":"Desember"},{"$i":"month-0-short","$v":"Jan"},{"$i":"month-1-short","$v":"Feb"},{"$i":"month-2-short","$v":"Mrt"},{"$i":"month-3-short","$v":"Apr"},{"$i":"month-4-short","$v":"Mei"},{"$i":"month-5-short","$v":"Jun"},{"$i":"month-6-short","$v":"Jul"},{"$i":"month-7-short","$v":"Aug"},{"$i":"month-8-short","$v":"Sep"},{"$i":"month-9-short","$v":"Okt"},{"$i":"month-10-short","$v":"Nov"},{"$i":"month-11-short","$v":"Des"},{"$i":"minutes-ago-long","$v":{"few":[{"t":"idOrVar","v":"value"},"minute gelede"],"many":[{"t":"idOrVar","v":"value"},"minute gelede"],"other":[{"t":"idOrVar","v":"value"},"minute gelede"],"two":[{"t":"idOrVar","v":"value"},"minute gelede"],"one":"‘n minuut gelede","zero":"Nou-nou"},"$x":[{"t":"idOrVar","v":"plural"},"value"]},{"$i":"hours-ago-long","$v":{"few":[{"t":"idOrVar","v":"value"}," ure gelede"],"many":[{"t":"idOrVar","v":"value"}," ure gelede"],"other":[{"t":"idOrVar","v":"value"}," ure gelede"],"two":[{"t":"idOrVar","v":"value"}," ure gelede"],"one":"‘n uur gelede","zero":"Nou-nou"},"$x":[{"t":"idOrVar","v":"plural"},"value"]},{"$i":"days-ago-long","$v":{"few":[{"t":"idOrVar","v":"value"}," dae gelede"],"many":[{"t":"idOrVar","v":"value"}," dae gelede"],"one":"gister","other":[{"t":"idOrVar","v":"value"}," dae gelede"],"two":[{"t":"idOrVar","v":"value"}," dae gelede"],"zero":"Vandag"},"$x":[{"t":"idOrVar","v":"plural"},"value"]},{"$i":"weeks-ago-long","$v":{"few":[{"t":"idOrVar","v":"value"}," weke gelede"],"many":[{"t":"idOrVar","v":"value"}," weke gelede"],"one":"Verlede week","other":[{"t":"idOrVar","v":"value"}," weke gelede"],"two":[{"t":"idOrVar","v":"value"}," weke gelede"],"zero":"Hierdie week"},"$x":[{"t":"idOrVar","v":"plural"},"value"]},{"$i":"months-ago-long","$v":{"few":[{"t":"idOrVar","v":"value"}," maande gelede"],"many":[{"t":"idOrVar","v":"value"}," maande gelede"],"one":"Verlede maand","other":[{"t":"idOrVar","v":"value"}," maande gelede"],"two":[{"t":"idOrVar","v":"value"}," maande gelede"],"zero":"hierdie maand"},"$x":[{"t":"idOrVar","v":"plural"},"value"]},{"$i":"years-ago-long","$v":{"few":[{"t":"idOrVar","v":"value"}," jare gelede"],"many":[{"t":"idOrVar","v":"value"}," jare gelede"],"one":"Verlede jaar","other":[{"t":"idOrVar","v":"value"}," jare gelede"],"two":[{"t":"idOrVar","v":"value"}," jare gelede"],"zero":"Hierdie jaar"},"$x":[{"t":"idOrVar","v":"plural"},"value"]},{"$i":"minutes-until-long","$v":{"few":["In ",{"t":"idOrVar","v":"value"}," minute"],"many":["In ",{"t":"idOrVar","v":"value"}," minute"],"other":["In ",{"t":"idOrVar","v":"value"}," minute"],"two":["In ",{"t":"idOrVar","v":"value"}," minute"],"zero":"Nou","one":"In ‘n minuut"},"$x":[{"t":"idOrVar","v":"plural"},"value"]},{"$i":"hours-until-long","$v":{"few":["In ",{"t":"idOrVar","v":"value"}," ure"],"many":["In ",{"t":"idOrVar","v":"value"}," ure"],"other":["In ",{"t":"idOrVar","v":"value"}," ure"],"two":["In ",{"t":"idOrVar","v":"value"}," ure"],"zero":"Nou","one":"In ‘n uur"},"$x":[{"t":"idOrVar","v":"plural"},"value"]},{"$i":"days-until-long","$v":{"few":["In ",{"t":"idOrVar","v":"value"}," dae"],"many":["In ",{"t":"idOrVar","v":"value"}," dae"],"one":"môre","other":["In ",{"t":"idOrVar","v":"value"}," dae"],"two":["In ",{"t":"idOrVar","v":"value"}," dae"],"zero":"Vandag"},"$x":[{"t":"idOrVar","v":"plural"},"value"]},{"$i":"weeks-until-long","$v":{"few":["In ",{"t":"idOrVar","v":"value"}," weke"],"many":["In ",{"t":"idOrVar","v":"value"}," weke"],"one":"volgende week","other":["In ",{"t":"idOrVar","v":"value"}," weke"],"two":["In ",{"t":"idOrVar","v":"value"}," weke"],"zero":"Hierdie week"},"$x":[{"t":"idOrVar","v":"plural"},"value"]},{"$i":"months-until-long","$v":{"few":["In ",{"t":"idOrVar","v":"value"}," maande"],"many":["In ",{"t":"idOrVar","v":"value"}," maande"],"one":"Volgende maand","other":["In ",{"t":"idOrVar","v":"value"}," maande"],"two":["In ",{"t":"idOrVar","v":"value"}," maande"],"zero":"hierdie maand"},"$x":[{"t":"idOrVar","v":"plural"},"value"]},{"$i":"years-until-long","$v":{"few":["In ",{"t":"idOrVar","v":"value"}," jare"],"many":["In ",{"t":"idOrVar","v":"value"}," jare"],"one":"Volgende jaar","other":["In ",{"t":"idOrVar","v":"value"}," jare"],"two":["In ",{"t":"idOrVar","v":"value"}," jare"],"zero":"Hierdie jaar"},"$x":[{"t":"idOrVar","v":"plural"},"value"]},{"$i":"minutes-ago-short","$v":{"other":[{"t":"idOrVar","v":"value"},"m gelede"],"zero":"Nou-nou"},"$x":[{"t":"idOrVar","v":"plural"},"value"]},{"$i":"hours-ago-short","$v":{"other":[{"t":"idOrVar","v":"value"},"u gelede"],"zero":"Nou-nou"},"$x":[{"t":"idOrVar","v":"plural"},"value"]},{"$i":"days-ago-short","$v":{"other":[{"t":"idOrVar","v":"value"},"d gelede"],"zero":"Vandag"},"$x":[{"t":"idOrVar","v":"plural"},"value"]},{"$i":"minutes-until-short","$v":{"other":["In ",{"t":"idOrVar","v":"value"},"m"],"zero":"Nou"},"$x":[{"t":"idOrVar","v":"plural"},"value"]},{"$i":"hours-until-short","$v":{"other":["In ",{"t":"idOrVar","v":"value"}," u"],"zero":"Nou"},"$x":[{"t":"idOrVar","v":"plural"},"value"]},{"$i":"days-until-short","$v":{"other":["In ",{"t":"idOrVar","v":"value"},"d"],"zero":"Vandag"},"$x":[{"t":"idOrVar","v":"plural"},"value"]},{"$i":"incorrectDate","$v":"(verkeerde datum)"},{"$i":"dateTimeFormat_%c","$v":"%a %b %e %Y %I:%M:%S %p"},{"$i":"dateTimeFormat_%x","$v":"%m/%d/%Y"},{"$i":"dateTimeFormat_%X","$v":"%I:%M:%S %p"},{"$i":"shortTimeFormat","$v":"%I:%M %p"},{"$i":"shortTimeFormat12","$v":"%I:%M %p"},{"$i":"shortTimeFormat24","$v":"%H:%M"},{"$i":"shortDateTimeFormat","$v":"%X %I:%M %p"},{"$i":"weekStartsOnMonday","$v":"0.0"},{"$i":"firstDayOfTheWeek","$v":"0.0"},{"$i":"time_am","$v":"VM"},{"$i":"time_pm","$v":"NM"}]