[{"$i":"toast-audio-save","$v":["تم حفظ الاسم ",{"t":"idOrVar","v":"name"}]},{"$i":"toast-audio-discarded","$v":"تم تجاهل التسجيل."},{"$i":"toast-save-rate","$v":"تم حفظ التغييرات."},{"$i":"toast-audio-deleted","$v":"تم حذف الملف الصوتي."},{"$i":"toast-audio-files-deleted","$v":"الملفات الصوتية المحذوفة."},{"$i":"toast-audio-rename-ok","$v":"تغير الاسم."},{"$i":"toast-audio-rename-failed","$v":"فشلت إعادة التسمية."},{"$i":"toast-audio-rename-empty-or-only-space","$v":"لا يمكن أن يكون الاسم الجديد فارغًا أو مجرد مسافة."},{"$i":"toast-music-library-save","$v":["تم حفظ ",{"t":"idOrVar","v":"name"}," إلى مكتبة الموسيقى"]},{"$i":"toast-audio-import-save","$v":[{"t":"idOrVar","v":"name"}," تم الحفظ إلى المُسجِّل."]},{"$i":"toast-audio-save-failed","$v":"تعذَّر الحفظ."},{"$i":"new","$v":"جديد"},{"$i":"option","$v":"خيار"},{"$i":"play","$v":"تشغيل"},{"$i":"ok","$v":"موافق"},{"$i":"options","$v":"الخيارات"},{"$i":"back","$v":"رجوع"},{"$i":"pause","$v":"إيقاف مؤقت"},{"$i":"cancel","$v":"ألغِ"},{"$i":"delete","$v":"حذف"},{"$i":"done","$v":"تم"},{"$i":"save","$v":"حفظ"},{"$i":"discard","$v":"تجاهل"},{"$i":"all","$v":"الكل"},{"$i":"deselect","$v":"إلغاء تحديد"},{"$i":"none","$v":"لا يوجد"},{"$i":"select","$v":"تحديد"},{"$i":"menu-header-options","$v":"الخيارات"},{"$i":"menu-header-option","$v":"الخيارات"},{"$i":"menu-delete","$v":"حذف"},{"$i":"menu-share","$v":"مشاركة"},{"$i":"menu-rename","$v":"إعادة تسمية"},{"$i":"menu-save-as-ringtone","$v":"حفظ كنغمة رنين"},{"$i":"menu-settings","$v":"الإعدادات"},{"$i":"menu-volume","$v":"مستوى الصوت"},{"$i":"menu-save-to-music-library","$v":"حفظ إلى مكتبة الموسيقى"},{"$i":"menu-select-multiple","$v":"تحديد متعدد"},{"$i":"number-selected","$v":{"few":["تم تحديد ",{"t":"idOrVar","v":"number"}],"many":["تم تحديد ",{"t":"idOrVar","v":"number"}],"one":["تم تحديد ",{"t":"idOrVar","v":"number"}],"other":["تم تحديد ",{"t":"idOrVar","v":"number"}],"two":["تم تحديد ",{"t":"idOrVar","v":"number"}],"zero":["تم تحديد ",{"t":"idOrVar","v":"number"}]},"$x":[{"t":"idOrVar","v":"plural"},"number"]},{"$i":"title-audio-list","$v":"المسجل"},{"$i":"title-rename","$v":"إعادة تسمية"},{"$i":"title-settings","$v":"الإعدادات"},{"$i":"title-save-confirmation","$v":"تأكيد"},{"$i":"title-delete-confirmation","$v":"تأكيد"},{"$i":"title-recording-bitrate","$v":"معدل التسجيل"},{"$i":"title-pick-audio-list","$v":"اختر تسجيل"},{"$i":"dialog-delete-audio-file","$v":"حذف الملف الصوتي؟"},{"$i":"dialog-save-audio-recording","$v":"حفظ التسجيل الصوتي؟"},{"$i":"dialog-delete-select-audio","$v":{"few":["هل تريد حذف ",{"t":"idOrVar","v":"number"}," تسجيلات؟"],"many":["هل تريد حذف ",{"t":"idOrVar","v":"number"}," تسجيلات؟"],"one":"هل تريد حذف التسجيل المحدد؟","other":["هل تريد حذف ",{"t":"idOrVar","v":"number"}," تسجيلات؟"],"two":["هل تريد حذف ",{"t":"idOrVar","v":"number"}," تسجيلات؟"]},"$x":[{"t":"idOrVar","v":"plural"},"number"]},{"$i":"settings-bitrate-8k","$v":"8ك (حجم أصغر)"},{"$i":"settings-bitrate-44k","$v":"44ك (حجم أكبر)"},{"$i":"settings-bitrate-err","$v":"خطأ في الإعداد"},{"$i":"audio-recorder-is-empty","$v":"مسجِّل الصوت فارغ، اضغط على \"جديد\" لبدء التسجيل."},{"$i":"audio-pick-is-empty","$v":"لا توجد تسجيلات مُتاحة"},{"$i":"input-title-enter-new-name","$v":"إدخال اسم جديد"},{"$i":"new-recording","$v":"تسجيل جديد"},{"$i":"save-input","placeholder":"تسجيل جديد"},{"$i":"save-audio-input","$v":"الاسم"},{"$i":"audio-player-state","$v":"جارٍ التشغيل..."},{"$i":"audio-player-state-pause","$v":""},{"$i":"audio-recorder-loading","$v":"جارٍ المسح بحثًا عن التسجيلات الصوتية..."},{"$i":"unsupport-file-name","$v":{"$o":"لا يمكن استخدام اسم يحتوي على أحرف غير مدعومة: \\/:*?\"<>|"}},{"$i":"import-file-error","$v":"تم تخصيص الاسم بالفعل. اختر اسم آخر"},{"$i":"import-file-exist","$v":"اسم الملف موجود بالفعل."},{"$i":"state_storage_no_memory_card","$v":"لم يتم العثور على بطاقة الذاكرة. الرجاء إدخال بطاقة ذاكرة."},{"$i":"state_storage_full","$v":"مساحة تخزين الهاتف الجوال ممتلئة"},{"$i":"state_storage_full_sdcard","$v":"امتلاء بطاقة SD"},{"$i":"state_storage_full_content_new","$v":"احذف ملفات الوسائط أو بيانات التطبيق لتحرير مساحة. يمكنك أيضًا إدخال بطاقة SD لتوسيع مساحة تخزين الوسائط."},{"$i":"state_storage_full_content_new_sdcard","$v":"احذف الملفات الموجودة في بطاقة SD لتحرير مساحة."},{"$i":"state_storage_full_content_record","$v":"احذف ملفات الوسائط أو بيانات التطبيق لتحرير مساحة. يمكنك أيضًا إدخال بطاقة SD لتوسيع مساحة تخزين الوسائط."},{"$i":"state_storage_full_content_record_sdcard","$v":"احذف الملفات الموجودة في بطاقة SD لتحرير مساحة."},{"$i":"state_storage_full_content_save","$v":"احذف ملفات الوسائط أو بيانات التطبيق لتحرير مساحة. يمكنك أيضًا إدخال بطاقة SD لتوسيع مساحة تخزين الوسائط."},{"$i":"state_storage_full_content_save_sdcard","$v":"احذف الملفات الموجودة في بطاقة SD لتحرير مساحة."},{"$i":"state_storage_in_use","$v":"وحدة التخزين قيد الاستخدام حاليًا. الرجاء فصل الهاتف."},{"$i":"rename-same-name","$v":"لم يتغير الاسم."},{"$i":"confirmation","$v":"تأكيد"},{"$i":"discard-confirm","$v":"تجاهل التسجيل؟"},{"$i":"invalid-confirm","$v":"تعذّر تشغيل الملف لأنه غير مُعتمد أو غير صالح."},{"$i":"weekday-0-long","$v":"الأحد"},{"$i":"weekday-1-long","$v":"الإثنين"},{"$i":"weekday-2-long","$v":"الثلاثاء"},{"$i":"weekday-3-long","$v":"الأربعاء"},{"$i":"weekday-4-long","$v":"الخميس"},{"$i":"weekday-5-long","$v":"الجمعة"},{"$i":"weekday-6-long","$v":"السبت"},{"$i":"weekday-0-short","$v":"أحد"},{"$i":"weekday-1-short","$v":"إثنين"},{"$i":"weekday-2-short","$v":"ثلاثاء"},{"$i":"weekday-3-short","$v":"أربعاء"},{"$i":"weekday-4-short","$v":"خميس"},{"$i":"weekday-5-short","$v":"جمعة"},{"$i":"weekday-6-short","$v":"سبت"},{"$i":"month-0-long","$v":"يناير"},{"$i":"month-1-long","$v":"فبراير"},{"$i":"month-2-long","$v":"مارس"},{"$i":"month-3-long","$v":"أبريل"},{"$i":"month-4-long","$v":"مايو"},{"$i":"month-5-long","$v":"يونيو"},{"$i":"month-6-long","$v":"يوليو"},{"$i":"month-7-long","$v":"أغسطس"},{"$i":"month-8-long","$v":"سبتمبر"},{"$i":"month-9-long","$v":"أكتوبر"},{"$i":"month-10-long","$v":"نوفمبر"},{"$i":"month-11-long","$v":"ديسمبر"},{"$i":"month-0-genitive","$v":"يناير"},{"$i":"month-1-genitive","$v":"فبراير"},{"$i":"month-2-genitive","$v":"مارس"},{"$i":"month-3-genitive","$v":"أبريل"},{"$i":"month-4-genitive","$v":"مايو"},{"$i":"month-5-genitive","$v":"يونيو"},{"$i":"month-6-genitive","$v":"يوليو"},{"$i":"month-7-genitive","$v":"أغسطس"},{"$i":"month-8-genitive","$v":"سبتمبر"},{"$i":"month-9-genitive","$v":"أكتوبر"},{"$i":"month-10-genitive","$v":"نوفمبر"},{"$i":"month-11-genitive","$v":"ديسمبر"},{"$i":"month-0-short","$v":"يناير"},{"$i":"month-1-short","$v":"فبراير"},{"$i":"month-2-short","$v":"مارس"},{"$i":"month-3-short","$v":"ابريل"},{"$i":"month-4-short","$v":"مايو"},{"$i":"month-5-short","$v":"يونيو"},{"$i":"month-6-short","$v":"يوليو"},{"$i":"month-7-short","$v":"أغسطس"},{"$i":"month-8-short","$v":"سبتمبر"},{"$i":"month-9-short","$v":"أكتوبر"},{"$i":"month-10-short","$v":"نوفمبر"},{"$i":"month-11-short","$v":"ديسمبر"},{"$i":"minutes-ago-long","$v":{"few":["منذ ",{"t":"idOrVar","v":"value"}," دقائق"],"many":["منذ ",{"t":"idOrVar","v":"value"}," دقائق"],"other":["منذ ",{"t":"idOrVar","v":"value"}," دقائق"],"two":["منذ ",{"t":"idOrVar","v":"value"}," دقائق"],"one":"منذ دقيقة","zero":"للتو"},"$x":[{"t":"idOrVar","v":"plural"},"value"]},{"$i":"hours-ago-long","$v":{"few":["منذ ",{"t":"idOrVar","v":"value"}," ساعات"],"many":["منذ ",{"t":"idOrVar","v":"value"}," ساعات"],"other":["منذ ",{"t":"idOrVar","v":"value"}," ساعات"],"two":["منذ ",{"t":"idOrVar","v":"value"}," ساعات"],"one":"قبل ساعة واحدة","zero":"للتو"},"$x":[{"t":"idOrVar","v":"plural"},"value"]},{"$i":"days-ago-long","$v":{"few":["منذ ",{"t":"idOrVar","v":"value"}," أيام"],"many":["منذ ",{"t":"idOrVar","v":"value"}," أيام"],"one":"الأمس","other":["منذ ",{"t":"idOrVar","v":"value"}," أيام"],"two":["منذ ",{"t":"idOrVar","v":"value"}," أيام"],"zero":"اليوم"},"$x":[{"t":"idOrVar","v":"plural"},"value"]},{"$i":"weeks-ago-long","$v":{"few":["منذ ",{"t":"idOrVar","v":"value"}," أسابيع"],"many":["منذ ",{"t":"idOrVar","v":"value"}," أسابيع"],"one":"الأسبوع الماضي","other":["منذ ",{"t":"idOrVar","v":"value"}," أسابيع"],"two":["منذ ",{"t":"idOrVar","v":"value"}," أسابيع"],"zero":"هذا الأسبوع"},"$x":[{"t":"idOrVar","v":"plural"},"value"]},{"$i":"months-ago-long","$v":{"few":["منذ ",{"t":"idOrVar","v":"value"}," أشهر"],"many":["منذ ",{"t":"idOrVar","v":"value"}," أشهر"],"one":"الشهر الماضي","other":["منذ ",{"t":"idOrVar","v":"value"}," أشهر"],"two":["منذ ",{"t":"idOrVar","v":"value"}," أشهر"],"zero":"هذا الشهر"},"$x":[{"t":"idOrVar","v":"plural"},"value"]},{"$i":"years-ago-long","$v":{"few":["منذ ",{"t":"idOrVar","v":"value"}," سنوات"],"many":["منذ ",{"t":"idOrVar","v":"value"}," سنوات"],"one":"السنة الماضية","other":["منذ ",{"t":"idOrVar","v":"value"}," سنوات"],"two":["منذ ",{"t":"idOrVar","v":"value"}," سنوات"],"zero":"هذه السنة"},"$x":[{"t":"idOrVar","v":"plural"},"value"]},{"$i":"minutes-until-long","$v":{"few":["خلال ",{"t":"idOrVar","v":"value"}," دقائق"],"many":["خلال ",{"t":"idOrVar","v":"value"}," دقائق"],"other":["خلال ",{"t":"idOrVar","v":"value"}," دقائق"],"two":["خلال ",{"t":"idOrVar","v":"value"}," دقائق"],"zero":"الآن","one":"خلال دقيقة"},"$x":[{"t":"idOrVar","v":"plural"},"value"]},{"$i":"hours-until-long","$v":{"few":["خلال ",{"t":"idOrVar","v":"value"}," ساعات"],"many":["خلال ",{"t":"idOrVar","v":"value"}," ساعات"],"other":["خلال ",{"t":"idOrVar","v":"value"}," ساعات"],"two":["خلال ",{"t":"idOrVar","v":"value"}," ساعات"],"zero":"الآن","one":"خلال ساعة"},"$x":[{"t":"idOrVar","v":"plural"},"value"]},{"$i":"days-until-long","$v":{"few":["خلال ",{"t":"idOrVar","v":"value"}," أيام"],"many":["خلال ",{"t":"idOrVar","v":"value"}," أيام"],"one":"غداً","other":["خلال ",{"t":"idOrVar","v":"value"}," أيام"],"two":["خلال ",{"t":"idOrVar","v":"value"}," أيام"],"zero":"اليوم"},"$x":[{"t":"idOrVar","v":"plural"},"value"]},{"$i":"weeks-until-long","$v":{"few":["خلال ",{"t":"idOrVar","v":"value"}," أسابيع"],"many":["خلال ",{"t":"idOrVar","v":"value"}," أسابيع"],"one":"الأسبوع القادم","other":["خلال ",{"t":"idOrVar","v":"value"}," أسابيع"],"two":["خلال ",{"t":"idOrVar","v":"value"}," أسابيع"],"zero":"هذا الأسبوع"},"$x":[{"t":"idOrVar","v":"plural"},"value"]},{"$i":"months-until-long","$v":{"few":["خلال ",{"t":"idOrVar","v":"value"}," شهور"],"many":["خلال ",{"t":"idOrVar","v":"value"}," شهور"],"one":"الشهر القادم","other":["خلال ",{"t":"idOrVar","v":"value"}," شهور"],"two":["خلال ",{"t":"idOrVar","v":"value"}," شهور"],"zero":"هذا الشهر"},"$x":[{"t":"idOrVar","v":"plural"},"value"]},{"$i":"years-until-long","$v":{"few":["خلال ",{"t":"idOrVar","v":"value"}," سنوات"],"many":["خلال ",{"t":"idOrVar","v":"value"}," سنوات"],"one":"السنة القادمة","other":["خلال ",{"t":"idOrVar","v":"value"}," سنوات"],"two":["خلال ",{"t":"idOrVar","v":"value"}," سنوات"],"zero":"هذه السنة"},"$x":[{"t":"idOrVar","v":"plural"},"value"]},{"$i":"minutes-ago-short","$v":{"other":["منذ ",{"t":"idOrVar","v":"value"}," دقيقة"],"zero":"للتو"},"$x":[{"t":"idOrVar","v":"plural"},"value"]},{"$i":"hours-ago-short","$v":{"other":["منذ ",{"t":"idOrVar","v":"value"}," س"],"zero":"للتو"},"$x":[{"t":"idOrVar","v":"plural"},"value"]},{"$i":"days-ago-short","$v":{"other":["منذ ",{"t":"idOrVar","v":"value"}," ي"],"zero":"اليوم"},"$x":[{"t":"idOrVar","v":"plural"},"value"]},{"$i":"minutes-until-short","$v":{"other":["خلال ",{"t":"idOrVar","v":"value"}," د"],"zero":"الآن"},"$x":[{"t":"idOrVar","v":"plural"},"value"]},{"$i":"hours-until-short","$v":{"other":["خلال ",{"t":"idOrVar","v":"value"}," س"],"zero":"الآن"},"$x":[{"t":"idOrVar","v":"plural"},"value"]},{"$i":"days-until-short","$v":{"other":["خلال ",{"t":"idOrVar","v":"value"}," ي"],"zero":"اليوم"},"$x":[{"t":"idOrVar","v":"plural"},"value"]},{"$i":"incorrectDate","$v":"(تاريخ غير صحيح)"},{"$i":"dateTimeFormat_%c","$v":"%a %e %b %Y %I:%M:%S %p"},{"$i":"dateTimeFormat_%x","$v":"%Y/%m/%d"},{"$i":"dateTimeFormat_%X","$v":"%I:%M:%S %p"},{"$i":"shortTimeFormat","$v":"%I:%M %p"},{"$i":"shortTimeFormat12","$v":"%I:%M %p"},{"$i":"shortTimeFormat24","$v":"%H:%M"},{"$i":"shortDateTimeFormat","$v":"%x %I:%M %p"},{"$i":"weekStartsOnMonday","$v":"0.0"},{"$i":"firstDayOfTheWeek","$v":"0.0"},{"$i":"time_am","$v":"ص"},{"$i":"time_pm","$v":"م"}]