[{"$i":"toast-audio-save","$v":[{"t":"idOrVar","v":"name"}," yadda saxlandı."]},{"$i":"toast-audio-discarded","$v":"Səsyazma çıxarıldı"},{"$i":"toast-save-rate","$v":"Dəyişikliklər saxlandı."},{"$i":"toast-audio-deleted","$v":"Yazma silinib"},{"$i":"toast-audio-files-deleted","$v":"Audio fayllar silindi."},{"$i":"toast-audio-rename-ok","$v":"Ad dəyişildi"},{"$i":"toast-audio-rename-failed","$v":"Ad dəyişmə Uğursuz oldu"},{"$i":"toast-audio-rename-empty-or-only-space","$v":"Yeni ad boş ola bilməz və ya yalnız boşluq ola bilər."},{"$i":"toast-music-library-save","$v":[{"t":"idOrVar","v":"name"}," Musiqi kitabxanasına qeyd edildi"]},{"$i":"toast-audio-import-save","$v":[{"t":"idOrVar","v":"name"}," Yazıcıda saxlandı."]},{"$i":"toast-audio-save-failed","$v":"Saxlanmadı."},{"$i":"new","$v":"Yeni"},{"$i":"option","$v":"Seçim"},{"$i":"play","$v":"Səsləndir"},{"$i":"ok","$v":"OK"},{"$i":"options","$v":"Seçimlər"},{"$i":"back","$v":"Geriyə"},{"$i":"pause","$v":"Pauza"},{"$i":"cancel","$v":"Ləğv et"},{"$i":"delete","$v":"Sil"},{"$i":"done","$v":"Hazırdır"},{"$i":"save","$v":"Saxla"},{"$i":"discard","$v":"Sil"},{"$i":"all","$v":"Hamısı"},{"$i":"deselect","$v":"Ləğv et"},{"$i":"none","$v":"Heç biri"},{"$i":"select","$v":"Seçin"},{"$i":"menu-header-options","$v":"Seçimlər"},{"$i":"menu-header-option","$v":"Seçim"},{"$i":"menu-delete","$v":"Sil"},{"$i":"menu-share","$v":"Paylaş"},{"$i":"menu-rename","$v":"Adı dəyiş"},{"$i":"menu-save-as-ringtone","$v":"Zəng tonu kimi saxla"},{"$i":"menu-settings","$v":"Parametrlər"},{"$i":"menu-volume","$v":"Səs səviyyəsi"},{"$i":"menu-save-to-music-library","$v":"Musiqi kitabxanasında saxla"},{"$i":"menu-select-multiple","$v":"Bir neçəsini seç"},{"$i":"number-selected","$v":{"few":[{"t":"idOrVar","v":"number"}," seçildi"],"many":[{"t":"idOrVar","v":"number"}," seçildi"],"one":[{"t":"idOrVar","v":"number"}," seçildi"],"other":[{"t":"idOrVar","v":"number"}," seçildi"],"two":[{"t":"idOrVar","v":"number"}," seçildi"],"zero":[{"t":"idOrVar","v":"number"}," seçildi"]},"$x":[{"t":"idOrVar","v":"plural"},"number"]},{"$i":"title-audio-list","$v":"Audio Səsyazan"},{"$i":"title-rename","$v":"Adı dəyiş"},{"$i":"title-settings","$v":"Parametrlər"},{"$i":"title-save-confirmation","$v":"Təsdiq"},{"$i":"title-delete-confirmation","$v":"Təsdiq"},{"$i":"title-recording-bitrate","$v":"Səsyazma Qiyməti"},{"$i":"title-pick-audio-list","$v":"Bir Yazı seçin"},{"$i":"dialog-delete-audio-file","$v":"Seçilmiş audio fayl silinsin?"},{"$i":"dialog-save-audio-recording","$v":"Audio yazma saxlansın?"},{"$i":"dialog-delete-select-audio","$v":{"few":["Ջնջել ",{"t":"idOrVar","v":"number"}," ձայնագրությունները:"],"many":["Ջնջել ",{"t":"idOrVar","v":"number"}," ձայնագրությունները:"],"one":"Ջնջել ընտրված ձայնագրությունները:","other":["Ջնջել ",{"t":"idOrVar","v":"number"}," ձայնագրությունները:"],"two":["Ջնջել ",{"t":"idOrVar","v":"number"}," ձայնագրությունները:"]},"$x":[{"t":"idOrVar","v":"plural"},"number"]},{"$i":"settings-bitrate-8k","$v":"8K (Daha kiçik ölçü)"},{"$i":"settings-bitrate-44k","$v":"44K (Daha böyük ölçü)"},{"$i":"settings-bitrate-err","$v":"Quraşdırma Xətası"},{"$i":"audio-recorder-is-empty","$v":"Səs yazıcı boşdur, yazmağa başlamaq üçün Yeni düyməsini basın."},{"$i":"audio-pick-is-empty","$v":"Heç bir yazı yoxdur."},{"$i":"input-title-enter-new-name","$v":"Yeni ad daxil et"},{"$i":"new-recording","$v":"Yeni Səsyazımı"},{"$i":"save-input","placeholder":"Yeni Səsyazımı"},{"$i":"save-audio-input","$v":"Ad"},{"$i":"audio-player-state","$v":"Səsləndirir..."},{"$i":"audio-player-state-pause","$v":""},{"$i":"audio-recorder-loading","$v":"Audio yazılar axtarılır..."},{"$i":"unsupport-file-name","$v":{"$o":"Dəstəklənməyən simvollardan ibarət addan istifadə etmək mümkün deyil: \\/:*?&quot;&lt;&gt;|"}},{"$i":"import-file-error","$v":"Ad artıq götürülüb. Başqa ad seçin"},{"$i":"import-file-exist","$v":"Fayl adı artıq mövcuddur."},{"$i":"state_storage_no_memory_card","$v":"Yaddaş kartı tapılmadı. Yaddaş kartı daxil edin."},{"$i":"state_storage_full","$v":"Telefon yaddaşı doludur"},{"$i":"state_storage_full_sdcard","$v":"SD kart doludur."},{"$i":"state_storage_full_content_new","$v":"Yer boşaltmaq üçün media fayllarını və ya tətbiq məlumatlarını silin. Media yaddaşını artırmaq üçün SD kart da daxil edə bilərsiniz."},{"$i":"state_storage_full_content_new_sdcard","$v":"Yer boşaltmaq üçün SD kartdakı faylları silin."},{"$i":"state_storage_full_content_record","$v":"Yer boşaltmaq üçün media fayllarını və ya tətbiq məlumatlarını silin. Media yaddaşını artırmaq üçün SD kart da daxil edə bilərsiniz."},{"$i":"state_storage_full_content_record_sdcard","$v":"Yer boşaltmaq üçün SD kartdakı faylları silin."},{"$i":"state_storage_full_content_save","$v":"Yer boşaltmaq üçün media fayllarını və ya tətbiq məlumatlarını silin. Media yaddaşını artırmaq üçün SD kart da daxil edə bilərsiniz."},{"$i":"state_storage_full_content_save_sdcard","$v":"Yer boşaltmaq üçün SD kartdakı faylları silin."},{"$i":"state_storage_in_use","$v":"Yaddaş hazırda istifadə olunur. Telefonu şəbəkədən ayırın."},{"$i":"rename-same-name","$v":"Ad dəyişməz."},{"$i":"confirmation","$v":"Təsdiq"},{"$i":"discard-confirm","$v":"Yazını ləğv edin?"},{"$i":"invalid-confirm","$v":"Fayl dəstəklənmir və ya etibarsız olduğu üçün ifa edilə bilmir."},{"$i":"weekday-0-long","$v":"Bazar"},{"$i":"weekday-1-long","$v":"Bazar ertəsi"},{"$i":"weekday-2-long","$v":"Çərşənbə axşamı"},{"$i":"weekday-3-long","$v":"Çərşənbə"},{"$i":"weekday-4-long","$v":"Cümə axşamı"},{"$i":"weekday-5-long","$v":"Cümə"},{"$i":"weekday-6-long","$v":"Şənbə"},{"$i":"weekday-0-short","$v":"Bazar"},{"$i":"weekday-1-short","$v":"Bazar ertəsi"},{"$i":"weekday-2-short","$v":"Çərşənbə axşamı"},{"$i":"weekday-3-short","$v":"Çərşənbə"},{"$i":"weekday-4-short","$v":"Cümə axşamı"},{"$i":"weekday-5-short","$v":"Cüm"},{"$i":"weekday-6-short","$v":"Şənbə"},{"$i":"month-0-long","$v":"Yanvar"},{"$i":"month-1-long","$v":"Fevral"},{"$i":"month-2-long","$v":"Mart"},{"$i":"month-3-long","$v":"Aprel"},{"$i":"month-4-long","$v":"May"},{"$i":"month-5-long","$v":"İyun"},{"$i":"month-6-long","$v":"İyul"},{"$i":"month-7-long","$v":"Avqust"},{"$i":"month-8-long","$v":"Sentyabr"},{"$i":"month-9-long","$v":"Oktyabr"},{"$i":"month-10-long","$v":"Noyabr"},{"$i":"month-11-long","$v":"Dekabr"},{"$i":"month-0-genitive","$v":"Yanvar"},{"$i":"month-1-genitive","$v":"Fevral"},{"$i":"month-2-genitive","$v":"Mart"},{"$i":"month-3-genitive","$v":"Aprel"},{"$i":"month-4-genitive","$v":"May"},{"$i":"month-5-genitive","$v":"İyun"},{"$i":"month-6-genitive","$v":"İyul"},{"$i":"month-7-genitive","$v":"Avqust"},{"$i":"month-8-genitive","$v":"Sentyabr"},{"$i":"month-9-genitive","$v":"Oktyabr"},{"$i":"month-10-genitive","$v":"Noyabr"},{"$i":"month-11-genitive","$v":"Dekabr"},{"$i":"month-0-short","$v":"Yan"},{"$i":"month-1-short","$v":"Fev"},{"$i":"month-2-short","$v":"Mar"},{"$i":"month-3-short","$v":"Apr"},{"$i":"month-4-short","$v":"May"},{"$i":"month-5-short","$v":"İyun"},{"$i":"month-6-short","$v":"İyul"},{"$i":"month-7-short","$v":"Avq"},{"$i":"month-8-short","$v":"Sen"},{"$i":"month-9-short","$v":"Okt"},{"$i":"month-10-short","$v":"Noy"},{"$i":"month-11-short","$v":"Dek"},{"$i":"minutes-ago-long","$v":{"few":[{"t":"idOrVar","v":"value"}," dəqiqə əvvəl"],"many":[{"t":"idOrVar","v":"value"}," dəqiqə əvvəl"],"other":[{"t":"idOrVar","v":"value"}," dəqiqə əvvəl"],"two":[{"t":"idOrVar","v":"value"}," dəqiqə əvvəl"],"one":"bir dəqiqə əvvəl","zero":"indicə"},"$x":[{"t":"idOrVar","v":"plural"},"value"]},{"$i":"hours-ago-long","$v":{"few":[{"t":"idOrVar","v":"value"}," saat əvvəl"],"many":[{"t":"idOrVar","v":"value"}," saat əvvəl"],"other":[{"t":"idOrVar","v":"value"}," saat əvvəl"],"two":[{"t":"idOrVar","v":"value"}," saat əvvəl"],"one":"1 saat əvvəl","zero":"indicə"},"$x":[{"t":"idOrVar","v":"plural"},"value"]},{"$i":"days-ago-long","$v":{"few":[{"t":"idOrVar","v":"value"}," gün əvvəl"],"many":[{"t":"idOrVar","v":"value"}," gün əvvəl"],"one":"dünən","other":[{"t":"idOrVar","v":"value"}," gün əvvəl"],"two":[{"t":"idOrVar","v":"value"}," gün əvvəl"],"zero":"bu gün"},"$x":[{"t":"idOrVar","v":"plural"},"value"]},{"$i":"weeks-ago-long","$v":{"few":[{"t":"idOrVar","v":"value"}," həftə əvvəl"],"many":[{"t":"idOrVar","v":"value"}," həftə əvvəl"],"one":"sonuncu həftə","other":[{"t":"idOrVar","v":"value"}," həftə əvvəl"],"two":[{"t":"idOrVar","v":"value"}," həftə əvvəl"],"zero":"bu həftə"},"$x":[{"t":"idOrVar","v":"plural"},"value"]},{"$i":"months-ago-long","$v":{"few":[{"t":"idOrVar","v":"value"}," ay əvvəl"],"many":[{"t":"idOrVar","v":"value"}," ay əvvəl"],"one":"sonuncu ay","other":[{"t":"idOrVar","v":"value"}," ay əvvəl"],"two":[{"t":"idOrVar","v":"value"}," ay əvvəl"],"zero":"bu ay"},"$x":[{"t":"idOrVar","v":"plural"},"value"]},{"$i":"years-ago-long","$v":{"few":[{"t":"idOrVar","v":"value"}," il əvvəl"],"many":[{"t":"idOrVar","v":"value"}," il əvvəl"],"one":"sonuncu il","other":[{"t":"idOrVar","v":"value"}," il əvvəl"],"two":[{"t":"idOrVar","v":"value"}," il əvvəl"],"zero":"bu il"},"$x":[{"t":"idOrVar","v":"plural"},"value"]},{"$i":"minutes-until-long","$v":{"few":[{"t":"idOrVar","v":"value"}," dəqiqədə"],"many":[{"t":"idOrVar","v":"value"}," dəqiqədə"],"other":[{"t":"idOrVar","v":"value"}," dəqiqədə"],"two":[{"t":"idOrVar","v":"value"}," dəqiqədə"],"zero":"indi","one":"1 dəqiqədə"},"$x":[{"t":"idOrVar","v":"plural"},"value"]},{"$i":"hours-until-long","$v":{"few":[{"t":"idOrVar","v":"value"}," saatda"],"many":[{"t":"idOrVar","v":"value"}," saatda"],"other":[{"t":"idOrVar","v":"value"}," saatda"],"two":[{"t":"idOrVar","v":"value"}," saatda"],"zero":"indi","one":"1 saatda"},"$x":[{"t":"idOrVar","v":"plural"},"value"]},{"$i":"days-until-long","$v":{"few":[{"t":"idOrVar","v":"value"}," gündə"],"many":[{"t":"idOrVar","v":"value"}," gündə"],"one":"sabah","other":[{"t":"idOrVar","v":"value"}," gündə"],"two":[{"t":"idOrVar","v":"value"}," gündə"],"zero":"bu gün"},"$x":[{"t":"idOrVar","v":"plural"},"value"]},{"$i":"weeks-until-long","$v":{"few":[{"t":"idOrVar","v":"value"}," həftədə"],"many":[{"t":"idOrVar","v":"value"}," həftədə"],"one":"növbəti həftə","other":[{"t":"idOrVar","v":"value"}," həftədə"],"two":[{"t":"idOrVar","v":"value"}," həftədə"],"zero":"bu həftə"},"$x":[{"t":"idOrVar","v":"plural"},"value"]},{"$i":"months-until-long","$v":{"few":[{"t":"idOrVar","v":"value"}," ayda"],"many":[{"t":"idOrVar","v":"value"}," ayda"],"one":"növbəti ay","other":[{"t":"idOrVar","v":"value"}," ayda"],"two":[{"t":"idOrVar","v":"value"}," ayda"],"zero":"bu ay"},"$x":[{"t":"idOrVar","v":"plural"},"value"]},{"$i":"years-until-long","$v":{"few":[{"t":"idOrVar","v":"value"}," ildə"],"many":[{"t":"idOrVar","v":"value"}," ildə"],"one":"növbəti il","other":[{"t":"idOrVar","v":"value"}," ildə"],"two":[{"t":"idOrVar","v":"value"}," ildə"],"zero":"bu il"},"$x":[{"t":"idOrVar","v":"plural"},"value"]},{"$i":"minutes-ago-short","$v":{"other":[{"t":"idOrVar","v":"value"},"d əvvəl"],"zero":"indicə"},"$x":[{"t":"idOrVar","v":"plural"},"value"]},{"$i":"hours-ago-short","$v":{"other":[{"t":"idOrVar","v":"value"},"s əvvəl"],"zero":"indicə"},"$x":[{"t":"idOrVar","v":"plural"},"value"]},{"$i":"days-ago-short","$v":{"other":[{"t":"idOrVar","v":"value"},"g əvvəl"],"zero":"bu gün"},"$x":[{"t":"idOrVar","v":"plural"},"value"]},{"$i":"minutes-until-short","$v":{"other":[{"t":"idOrVar","v":"value"}," d-də"],"zero":"indi"},"$x":[{"t":"idOrVar","v":"plural"},"value"]},{"$i":"hours-until-short","$v":{"other":[{"t":"idOrVar","v":"value"}," s-da"],"zero":"indi"},"$x":[{"t":"idOrVar","v":"plural"},"value"]},{"$i":"days-until-short","$v":{"other":[{"t":"idOrVar","v":"value"}," g-də"],"zero":"bu gün"},"$x":[{"t":"idOrVar","v":"plural"},"value"]},{"$i":"incorrectDate","$v":"(yanlış tarix)"},{"$i":"dateTimeFormat_%c","$v":"%a %b %e %Y %I:%M:%S %p"},{"$i":"dateTimeFormat_%x","$v":"%m/%d/%Y"},{"$i":"dateTimeFormat_%X","$v":"%I:%M:%S %p"},{"$i":"shortTimeFormat","$v":"%I:%M %p"},{"$i":"shortTimeFormat12","$v":"%I:%M %p"},{"$i":"shortTimeFormat24","$v":"%H:%M"},{"$i":"shortDateTimeFormat","$v":"%x %I:%M %p"},{"$i":"weekStartsOnMonday","$v":"0.0"},{"$i":"firstDayOfTheWeek","$v":"1.0"},{"$i":"time_am","$v":"AM"},{"$i":"time_pm","$v":"PM"}]