[{"$i":"toast-audio-save","$v":[{"t":"idOrVar","v":"name"}," সেভ করা হয়েছে।"]},{"$i":"toast-audio-discarded","$v":"রেকর্ডিং খারিজ করা হয়েছে।"},{"$i":"toast-save-rate","$v":"পরিবর্তনগুলি সংরক্ষণ করা হয়েছে।"},{"$i":"toast-audio-deleted","$v":"রেকর্ডিং মোছা হয়েছে"},{"$i":"toast-audio-files-deleted","$v":"অডিও ফাইল মুছে ফেলা হয়েছে।"},{"$i":"toast-audio-rename-ok","$v":"নাম পরিবর্তন করা হয়েছে।"},{"$i":"toast-audio-rename-failed","$v":"পুনরায় নামকরণ করা ব্যর্থ হয়েছে।"},{"$i":"toast-audio-rename-empty-or-only-space","$v":"নতুন নাম খালি বা কেবল স্থান হতে পারে না।"},{"$i":"toast-music-library-save","$v":[{"t":"idOrVar","v":"name"}," সঙ্গীত লাইব্রেরিতে সংরক্ষিত"]},{"$i":"toast-audio-import-save","$v":[{"t":"idOrVar","v":"name"}," রেকর্ডারে সেভ করা হয়েছে।"]},{"$i":"toast-audio-save-failed","$v":"সংরক্ষিত ব্যর্থ হয়েছে।"},{"$i":"new","$v":"নতুন"},{"$i":"option","$v":"বিকল্প"},{"$i":"play","$v":"প্লে করুন"},{"$i":"ok","$v":"ঠিক আছে"},{"$i":"options","$v":"বিকল্প"},{"$i":"back","$v":"ফিরুন"},{"$i":"pause","$v":"বিরাম দিন"},{"$i":"cancel","$v":"বাতিল করুন"},{"$i":"delete","$v":"মুছুন"},{"$i":"done","$v":"সম্পূর্ণ হয়েছে"},{"$i":"save","$v":"সংরক্ষণ করুন"},{"$i":"discard","$v":"বর্জন করুন"},{"$i":"all","$v":"সব"},{"$i":"deselect","$v":"অনির্বাচন করুন"},{"$i":"none","$v":"কিছুই না"},{"$i":"select","$v":"নির্বাচন করুন"},{"$i":"menu-header-options","$v":"বিকল্প"},{"$i":"menu-header-option","$v":"বিকল্প"},{"$i":"menu-delete","$v":"মুছুন"},{"$i":"menu-share","$v":"ভাগ করুন"},{"$i":"menu-rename","$v":"পুনঃনামকরণ করুন"},{"$i":"menu-save-as-ringtone","$v":"রিংটোন হিসাবে সংরক্ষণ করুন"},{"$i":"menu-settings","$v":"সেটিং"},{"$i":"menu-volume","$v":"ভলিউম"},{"$i":"menu-save-to-music-library","$v":"মিউজিক লাইব্রেরিতে সংরক্ষণ করুন"},{"$i":"menu-select-multiple","$v":"বিবিধ বেছে নিন"},{"$i":"number-selected","$v":{"few":[{"t":"idOrVar","v":"number"}," নির্বাচিত হয়েছে"],"many":[{"t":"idOrVar","v":"number"}," নির্বাচিত হয়েছে"],"one":[{"t":"idOrVar","v":"number"}," নির্বাচিত হয়েছে"],"other":[{"t":"idOrVar","v":"number"}," নির্বাচিত হয়েছে"],"two":[{"t":"idOrVar","v":"number"}," নির্বাচিত হয়েছে"],"zero":[{"t":"idOrVar","v":"number"}," নির্বাচিত হয়েছে"]},"$x":[{"t":"idOrVar","v":"plural"},"number"]},{"$i":"title-audio-list","$v":"অডিও রেকর্ডার"},{"$i":"title-rename","$v":"পুনঃনামকরণ করুন"},{"$i":"title-settings","$v":"সেটিং"},{"$i":"title-save-confirmation","$v":"নিশ্চিতকরণ"},{"$i":"title-delete-confirmation","$v":"নিশ্চিতকরণ"},{"$i":"title-recording-bitrate","$v":"রেকর্ডিং রেট"},{"$i":"title-pick-audio-list","$v":"একটি রেকর্ডিং নির্বাচন করুন"},{"$i":"dialog-delete-audio-file","$v":"অডিও ফাইলটি মুছবেন?"},{"$i":"dialog-save-audio-recording","$v":"অডিও রেকর্ডিংটি সংরক্ষণ করবেন?"},{"$i":"dialog-delete-select-audio","$v":{"few":["রেকর্ডিং ",{"t":"idOrVar","v":"সংখ্যা"}," মুছে ফেলুন?"],"many":["রেকর্ডিং ",{"t":"idOrVar","v":"সংখ্যা"}," মুছে ফেলুন?"],"one":"নির্বাচিত রেকর্ডিং মুছবেন?","other":["রেকর্ডিং ",{"t":"idOrVar","v":"সংখ্যা"}," মুছে ফেলুন?"],"two":["রেকর্ডিং ",{"t":"idOrVar","v":"সংখ্যা"}," মুছে ফেলুন?"]},"$x":[{"t":"idOrVar","v":"plural"},"number"]},{"$i":"settings-bitrate-8k","$v":"8K (ছোট আকারের)"},{"$i":"settings-bitrate-44k","$v":"44K (বড় আকারের)"},{"$i":"settings-bitrate-err","$v":"ত্রুটি ঠিক করা হচ্ছে"},{"$i":"audio-recorder-is-empty","$v":"অডিও রেকর্ডার খালি, রেকর্ডিং শুরু করতে নতুন টিপুন।"},{"$i":"audio-pick-is-empty","$v":"কোন রেকর্ডিং উপলব্ধ।"},{"$i":"input-title-enter-new-name","$v":"নতুন নাম লিখুন"},{"$i":"new-recording","$v":"নতুন রেকর্ডিং"},{"$i":"save-input","placeholder":"নতুন রেকর্ডিং"},{"$i":"save-audio-input","$v":"নাম"},{"$i":"audio-player-state","$v":"প্লে করা হচ্ছে..."},{"$i":"audio-player-state-pause","$v":""},{"$i":"audio-recorder-loading","$v":"অডিও রেকর্ডিংয়ের জন্য স্ক্যান করা হচ্ছে..."},{"$i":"unsupport-file-name","$v":{"$o":"অসমর্থিত অক্ষর থাকা একটি নাম ব্যবহার করা যাবে না: \\/:*?&quot;&lt;&gt;|"}},{"$i":"import-file-error","$v":"নামটি ইতিমধ্যেই নিয়ে নেওয়া হয়েছে। অন্য নাম দিন।"},{"$i":"import-file-exist","$v":"ফাইলের নাম ইতিমধ্যেই রয়েছে।"},{"$i":"state_storage_no_memory_card","$v":"মেমরি কার্ড খুঁজে পাওয়া যাচ্ছে না। অনুগ্রহ করে একটি মেমরি কার্ড ঢোকান।"},{"$i":"state_storage_full","$v":"ফোনের সঞ্চয়স্থান পূর্ণ"},{"$i":"state_storage_full_sdcard","$v":"SD কার্ড পূর্ণ হয়ে গেছে।"},{"$i":"state_storage_full_content_new","$v":"স্থান খালি করতে মিডিয়া ফাইলসমূহ বা অ্যাপ ডেটা মুছুন। এছাড়াও মিডিয়া সঞ্চয়স্থান বাড়াতে একটি SD কার্ড প্রবেশ করান।"},{"$i":"state_storage_full_content_new_sdcard","$v":"স্থান খালি করতে SD কার্ডের ফাইলগুলি মুছুন।"},{"$i":"state_storage_full_content_record","$v":"স্থান খালি করতে মিডিয়া ফাইলসমূহ বা অ্যাপ ডেটা মুছুন। এছাড়াও মিডিয়া সঞ্চয়স্থান বাড়াতে একটি SD কার্ড প্রবেশ করান।"},{"$i":"state_storage_full_content_record_sdcard","$v":"স্থান খালি করতে SD কার্ডের ফাইলগুলি মুছুন।"},{"$i":"state_storage_full_content_save","$v":"স্থান খালি করতে মিডিয়া ফাইলসমূহ বা অ্যাপ ডেটা মুছুন। এছাড়াও মিডিয়া সঞ্চয়স্থান বাড়াতে একটি SD কার্ড প্রবেশ করান।"},{"$i":"state_storage_full_content_save_sdcard","$v":"স্থান খালি করতে SD কার্ডের ফাইলগুলি মুছুন।"},{"$i":"state_storage_in_use","$v":"সঞ্চয়স্থান বর্তমানে ব্যবহার হচ্ছে। অনুগ্রহ করে ফোনটি আনপ্ল্যাগ করুন।"},{"$i":"rename-same-name","$v":"নাম অপরিবর্তিত।"},{"$i":"confirmation","$v":"নিশ্চিতকরণ"},{"$i":"discard-confirm","$v":"রেকর্ডিং বাতিল করবেন?"},{"$i":"invalid-confirm","$v":"ফাইলটি খেলতে অক্ষম কারণ এটি অসমর্থিত বা অবৈধ।"},{"$i":"weekday-0-long","$v":"রবিবার"},{"$i":"weekday-1-long","$v":"সোমবার"},{"$i":"weekday-2-long","$v":"মঙ্গলবার"},{"$i":"weekday-3-long","$v":"বুধবার"},{"$i":"weekday-4-long","$v":"বৃহস্পতিবার"},{"$i":"weekday-5-long","$v":"শুক্রবার"},{"$i":"weekday-6-long","$v":"শনিবার"},{"$i":"weekday-0-short","$v":"রবি"},{"$i":"weekday-1-short","$v":"সোম"},{"$i":"weekday-2-short","$v":"মঙ্গল"},{"$i":"weekday-3-short","$v":"বুধ"},{"$i":"weekday-4-short","$v":"বৃহ"},{"$i":"weekday-5-short","$v":"শুক্র"},{"$i":"weekday-6-short","$v":"শনি"},{"$i":"month-0-long","$v":"জানুয়ারী"},{"$i":"month-1-long","$v":"ফেব্রুয়ারী"},{"$i":"month-2-long","$v":"মার্চ"},{"$i":"month-3-long","$v":"এপ্রিল"},{"$i":"month-4-long","$v":"মে"},{"$i":"month-5-long","$v":"জুন"},{"$i":"month-6-long","$v":"জুলাই"},{"$i":"month-7-long","$v":"আগস্ট"},{"$i":"month-8-long","$v":"সেপ্টেম্বর"},{"$i":"month-9-long","$v":"অক্টোবর"},{"$i":"month-10-long","$v":"নভেম্বর"},{"$i":"month-11-long","$v":"ডিসেম্বর"},{"$i":"month-0-genitive","$v":"জানুয়ারী"},{"$i":"month-1-genitive","$v":"ফেব্রুয়ারী"},{"$i":"month-2-genitive","$v":"মার্চ"},{"$i":"month-3-genitive","$v":"এপ্রিল"},{"$i":"month-4-genitive","$v":"মে"},{"$i":"month-5-genitive","$v":"জুন"},{"$i":"month-6-genitive","$v":"জুলাই"},{"$i":"month-7-genitive","$v":"আগস্ট"},{"$i":"month-8-genitive","$v":"সেপ্টেম্বর"},{"$i":"month-9-genitive","$v":"অক্টোবর"},{"$i":"month-10-genitive","$v":"নভেম্বর"},{"$i":"month-11-genitive","$v":"ডিসেম্বর"},{"$i":"month-0-short","$v":"জানু"},{"$i":"month-1-short","$v":"ফেব্রু"},{"$i":"month-2-short","$v":"মার্চ"},{"$i":"month-3-short","$v":"এপ্রি"},{"$i":"month-4-short","$v":"মে"},{"$i":"month-5-short","$v":"জুন"},{"$i":"month-6-short","$v":"জুলা"},{"$i":"month-7-short","$v":"আগ"},{"$i":"month-8-short","$v":"সেপ্টে"},{"$i":"month-9-short","$v":"অক্টো"},{"$i":"month-10-short","$v":"নভে"},{"$i":"month-11-short","$v":"ডিসে"},{"$i":"minutes-ago-long","$v":{"few":[{"t":"idOrVar","v":"value"}," মিনিট আগে"],"many":[{"t":"idOrVar","v":"value"}," মিনিট আগে"],"other":[{"t":"idOrVar","v":"value"}," মিনিট আগে"],"two":[{"t":"idOrVar","v":"value"}," মিনিট আগে"],"one":"এক মিনিট আগে","zero":"এখনই"},"$x":[{"t":"idOrVar","v":"plural"},"value"]},{"$i":"hours-ago-long","$v":{"few":[{"t":"idOrVar","v":"value"}," ঘন্টা আগে"],"many":[{"t":"idOrVar","v":"value"}," ঘন্টা আগে"],"other":[{"t":"idOrVar","v":"value"}," ঘন্টা আগে"],"two":[{"t":"idOrVar","v":"value"}," ঘন্টা আগে"],"one":"1 ঘন্টা আগে","zero":"এখনই"},"$x":[{"t":"idOrVar","v":"plural"},"value"]},{"$i":"days-ago-long","$v":{"few":[{"t":"idOrVar","v":"value"}," দিন আগে"],"many":[{"t":"idOrVar","v":"value"}," দিন আগে"],"one":"গতকাল","other":[{"t":"idOrVar","v":"value"}," দিন আগে"],"two":[{"t":"idOrVar","v":"value"}," দিন আগে"],"zero":"আজ"},"$x":[{"t":"idOrVar","v":"plural"},"value"]},{"$i":"weeks-ago-long","$v":{"few":[{"t":"idOrVar","v":"value"}," সপ্তাহ আগে"],"many":[{"t":"idOrVar","v":"value"}," সপ্তাহ আগে"],"one":"গত সপ্তাহ","other":[{"t":"idOrVar","v":"value"}," সপ্তাহ আগে"],"two":[{"t":"idOrVar","v":"value"}," সপ্তাহ আগে"],"zero":"এই সপ্তাহ"},"$x":[{"t":"idOrVar","v":"plural"},"value"]},{"$i":"months-ago-long","$v":{"few":[{"t":"idOrVar","v":"value"}," মাস আগে"],"many":[{"t":"idOrVar","v":"value"}," মাস আগে"],"one":"গত মাস","other":[{"t":"idOrVar","v":"value"}," মাস আগে"],"two":[{"t":"idOrVar","v":"value"}," মাস আগে"],"zero":"এই মাস"},"$x":[{"t":"idOrVar","v":"plural"},"value"]},{"$i":"years-ago-long","$v":{"few":[{"t":"idOrVar","v":"value"}," বছর আগে"],"many":[{"t":"idOrVar","v":"value"}," বছর আগে"],"one":"গত বছর","other":[{"t":"idOrVar","v":"value"}," বছর আগে"],"two":[{"t":"idOrVar","v":"value"}," বছর আগে"],"zero":"এই বছর"},"$x":[{"t":"idOrVar","v":"plural"},"value"]},{"$i":"minutes-until-long","$v":{"few":["মিনিটে ",{"t":"idOrVar","v":"value"}],"many":["মিনিটে ",{"t":"idOrVar","v":"value"}],"other":["মিনিটে ",{"t":"idOrVar","v":"value"}],"two":["মিনিটে ",{"t":"idOrVar","v":"value"}],"zero":"এখনই","one":"1 মিনিটে"},"$x":[{"t":"idOrVar","v":"plural"},"value"]},{"$i":"hours-until-long","$v":{"few":["ঘন্টায় ",{"t":"idOrVar","v":"value"}],"many":["ঘন্টায় ",{"t":"idOrVar","v":"value"}],"other":["ঘন্টায় ",{"t":"idOrVar","v":"value"}],"two":["ঘন্টায় ",{"t":"idOrVar","v":"value"}],"zero":"এখনই","one":"1 ঘন্টা"},"$x":[{"t":"idOrVar","v":"plural"},"value"]},{"$i":"days-until-long","$v":{"few":["দিনে ",{"t":"idOrVar","v":"value"}],"many":["দিনে ",{"t":"idOrVar","v":"value"}],"one":"আগামীকাল","other":["দিনে ",{"t":"idOrVar","v":"value"}],"two":["দিনে ",{"t":"idOrVar","v":"value"}],"zero":"আজ"},"$x":[{"t":"idOrVar","v":"plural"},"value"]},{"$i":"weeks-until-long","$v":{"few":["সপ্তাহে ",{"t":"idOrVar","v":"value"}],"many":["সপ্তাহে ",{"t":"idOrVar","v":"value"}],"one":"পরের সপ্তাহ","other":["সপ্তাহে ",{"t":"idOrVar","v":"value"}],"two":["সপ্তাহে ",{"t":"idOrVar","v":"value"}],"zero":"এই সপ্তাহ"},"$x":[{"t":"idOrVar","v":"plural"},"value"]},{"$i":"months-until-long","$v":{"few":["মাসে ",{"t":"idOrVar","v":"value"}],"many":["মাসে ",{"t":"idOrVar","v":"value"}],"one":"পরের মাস","other":["মাসে ",{"t":"idOrVar","v":"value"}],"two":["মাসে ",{"t":"idOrVar","v":"value"}],"zero":"এই মাস"},"$x":[{"t":"idOrVar","v":"plural"},"value"]},{"$i":"years-until-long","$v":{"few":["বছরে ",{"t":"idOrVar","v":"value"}],"many":["বছরে ",{"t":"idOrVar","v":"value"}],"one":"পরের বছর","other":["বছরে ",{"t":"idOrVar","v":"value"}],"two":["বছরে ",{"t":"idOrVar","v":"value"}],"zero":"এই বছর"},"$x":[{"t":"idOrVar","v":"plural"},"value"]},{"$i":"minutes-ago-short","$v":{"other":[{"t":"idOrVar","v":"value"},"মিঃ আগে"],"zero":"এখনই"},"$x":[{"t":"idOrVar","v":"plural"},"value"]},{"$i":"hours-ago-short","$v":{"other":[{"t":"idOrVar","v":"value"},"ঘঃ আগে"],"zero":"এখনই"},"$x":[{"t":"idOrVar","v":"plural"},"value"]},{"$i":"days-ago-short","$v":{"other":[{"t":"idOrVar","v":"value"},"দিন আগে"],"zero":"আজ"},"$x":[{"t":"idOrVar","v":"plural"},"value"]},{"$i":"minutes-until-short","$v":{"other":["m ",{"t":"idOrVar","v":"value"}],"zero":"এখনই"},"$x":[{"t":"idOrVar","v":"plural"},"value"]},{"$i":"hours-until-short","$v":{"other":["h ",{"t":"idOrVar","v":"value"}],"zero":"এখনই"},"$x":[{"t":"idOrVar","v":"plural"},"value"]},{"$i":"days-until-short","$v":{"other":["d ",{"t":"idOrVar","v":"value"}],"zero":"আজ"},"$x":[{"t":"idOrVar","v":"plural"},"value"]},{"$i":"incorrectDate","$v":"(ভুল তারিখ)"},{"$i":"dateTimeFormat_%c","$v":"%a %b %e %Y %I:%M:%S %p"},{"$i":"dateTimeFormat_%x","$v":"%m/%d/%Y"},{"$i":"dateTimeFormat_%X","$v":"%I:%M:%S %p"},{"$i":"shortTimeFormat","$v":"%I:%M %p"},{"$i":"shortTimeFormat12","$v":"%I:%M %p"},{"$i":"shortTimeFormat24","$v":"%H:%M"},{"$i":"shortDateTimeFormat","$v":"%x %I:%M %p"},{"$i":"weekStartsOnMonday","$v":"0.0"},{"$i":"firstDayOfTheWeek","$v":"0.0"},{"$i":"time_am","$v":"AM"},{"$i":"time_pm","$v":"PM"}]