[{"$i":"toast-audio-save","$v":[{"t":"idOrVar","v":"name"}," সংরক্ষিত।"]},{"$i":"toast-audio-discarded","$v":"রেকর্ডিং বাতিল করা হয়েছে I"},{"$i":"toast-save-rate","$v":"পরিবর্তনগুলি সেভ করা হয়েছে।"},{"$i":"toast-audio-deleted","$v":"অডিও ফাইল মোছা হয়েছে।"},{"$i":"toast-audio-files-deleted","$v":"অডিও ফাইল মুছে ফেলা হয়েছে।"},{"$i":"toast-audio-rename-ok","$v":"নাম পরিবর্তন করা হয়েছে"},{"$i":"toast-audio-rename-failed","$v":"পুনঃনামকরণ ব্যর্থ হয়েছে।"},{"$i":"toast-audio-rename-empty-or-only-space","$v":"নতুন নাম খালি অথবা শুধুমাত্র স্পেস থাকতে পারে না।"},{"$i":"toast-music-library-save","$v":[{"t":"idOrVar","v":"name"}," সঙ্গীত লাইব্রেরিতে সেভ করা হয়েছে"]},{"$i":"toast-audio-import-save","$v":[{"t":"idOrVar","v":"name"}," রেকর্ডারে সেভ করা আছে।"]},{"$i":"toast-audio-save-failed","$v":"সেভ করা ব্যর্থ হয়েছে I"},{"$i":"new","$v":"নতুন"},{"$i":"option","$v":"বিকল্প"},{"$i":"play","$v":"বাজান"},{"$i":"ok","$v":"ঠিক আছে"},{"$i":"options","$v":"বিকল্পগুলি"},{"$i":"back","$v":"ফিরে যান"},{"$i":"pause","$v":"বিরাম দিন"},{"$i":"cancel","$v":"বাতিল করুন"},{"$i":"delete","$v":"মুছুন"},{"$i":"done","$v":"সম্পন্ন"},{"$i":"save","$v":"সেভ করুন"},{"$i":"discard","$v":"খারিজ করুন"},{"$i":"all","$v":"সমস্ত"},{"$i":"deselect","$v":"অনির্বাচন করুন"},{"$i":"none","$v":"কোনো কিছুই নয়"},{"$i":"select","$v":"নির্বাচন করুন"},{"$i":"menu-header-options","$v":"বিকল্পগুলি"},{"$i":"menu-header-option","$v":"বিকল্প"},{"$i":"menu-delete","$v":"মুছুন"},{"$i":"menu-share","$v":"শেয়ার করুন"},{"$i":"menu-rename","$v":"পুনঃনামকরণ"},{"$i":"menu-save-as-ringtone","$v":"রিংটোন হিসেবে সেভ করুন"},{"$i":"menu-settings","$v":"সেটিংস"},{"$i":"menu-volume","$v":"ভলিউম"},{"$i":"menu-save-to-music-library","$v":"সঙ্গীত লাইব্রেরিতে সেভ করুন"},{"$i":"menu-select-multiple","$v":"একাধিক নির্বাচন করুন"},{"$i":"number-selected","$v":{"few":[{"t":"idOrVar","v":"number"}," নির্বাচিত"],"many":[{"t":"idOrVar","v":"number"}," নির্বাচিত"],"one":[{"t":"idOrVar","v":"number"}," নির্বাচিত"],"other":[{"t":"idOrVar","v":"number"}," নির্বাচিত"],"two":[{"t":"idOrVar","v":"number"}," নির্বাচিত"],"zero":[{"t":"idOrVar","v":"number"}," নির্বাচিত"]},"$x":[{"t":"idOrVar","v":"plural"},"number"]},{"$i":"title-audio-list","$v":"রেকর্ডার"},{"$i":"title-rename","$v":"পুনঃনামকরণ"},{"$i":"title-settings","$v":"সেটিংস"},{"$i":"title-save-confirmation","$v":"নিশ্চিতকরণ"},{"$i":"title-delete-confirmation","$v":"নিশ্চিতকরণ"},{"$i":"title-recording-bitrate","$v":"রেকর্ডিং রেট"},{"$i":"title-pick-audio-list","$v":"একটি রেকর্ডার নির্বাচন করুন"},{"$i":"dialog-delete-audio-file","$v":"অডিও ফাইলটা কি মুছে ফেলবেন ?"},{"$i":"dialog-save-audio-recording","$v":"অডিও রেকর্ডিং সেভ করবেন ?"},{"$i":"dialog-delete-select-audio","$v":{"few":[{"t":"idOrVar","v":"number"}," রেকর্ডিংটি মুছবেন?"],"many":[{"t":"idOrVar","v":"number"}," রেকর্ডিংটি মুছবেন?"],"one":"নির্বাচিত রেকর্ডিং মুছে ফেলতে চান?","other":[{"t":"idOrVar","v":"number"}," রেকর্ডিংটি মুছবেন?"],"two":[{"t":"idOrVar","v":"number"}," রেকর্ডিংটি মুছবেন?"]},"$x":[{"t":"idOrVar","v":"plural"},"number"]},{"$i":"settings-bitrate-8k","$v":"8K (ছোট আকার)"},{"$i":"settings-bitrate-44k","$v":"44K (বড় আকার)"},{"$i":"settings-bitrate-err","$v":"সেটিং ত্রুটি"},{"$i":"audio-recorder-is-empty","$v":"অডিও রেকর্ডার খালি, রেকর্ডিং শুরু করার জন্য নতুন টিপুন।"},{"$i":"audio-pick-is-empty","$v":"অডিও রেকর্ডার খালি।"},{"$i":"input-title-enter-new-name","$v":"নতুন নাম লিখুন"},{"$i":"new-recording","$v":"নতুন রেকর্ডিং"},{"$i":"save-input","placeholder":"নতুন রেকর্ডিং"},{"$i":"save-audio-input","$v":"নাম"},{"$i":"audio-player-state","$v":"প্লে হচ্ছে ..."},{"$i":"audio-player-state-pause","$v":""},{"$i":"audio-recorder-loading","$v":"অডিও রেকর্ডিং এর জন্য স্ক্যান করা হচ্ছে ..."},{"$i":"unsupport-file-name","$v":{"$o":"অসমর্থিত অক্ষর যুক্ত নাম ব্যবহার করা যাবে না: \\ /: *? \"<>|"}},{"$i":"import-file-error","$v":"নামটি ইতিমধ্যেই নেওয়া হয়েছে। আরেকটি নাম নির্বাচন করুন"},{"$i":"import-file-exist","$v":"ফাইলের নাম ইতিমধ্যে বিদ্যমান।"},{"$i":"state_storage_no_memory_card","$v":"মেমোরি কার্ড পাওয়া যায় নি । অনুগ্রহ করে একটি মেমোরি কার্ড ঢোকান।"},{"$i":"state_storage_full","$v":"ফোন স্টোরেজ ভর্তি"},{"$i":"state_storage_full_sdcard","$v":"এস.ডি কার্ড ভর্তি"},{"$i":"state_storage_full_content_new","$v":"স্থান খালি করার জন্য মিডিয়া ফাইল বা অ্যাপ্লিকেশন ডেটা মুছুন। মিডিয়া স্টোরেজ প্রসারিত করতে আপনি একটি এসডি কার্ড সন্নিবেশ করতে পারেন।"},{"$i":"state_storage_full_content_new_sdcard","$v":"স্থান খালি করতে এস.ডি কার্ডের ফাইল মুছুন।"},{"$i":"state_storage_full_content_record","$v":"স্থান খালি করার জন্য মিডিয়া ফাইল বা অ্যাপ্লিকেশন ডেটা মুছুন। মিডিয়া স্টোরেজ প্রসারিত করতে আপনি একটি এসডি কার্ড সন্নিবেশ করতে পারেন।"},{"$i":"state_storage_full_content_record_sdcard","$v":"স্থান খালি করতে এস.ডি কার্ডের ফাইল মুছুন।"},{"$i":"state_storage_full_content_save","$v":"স্থান খালি করার জন্য মিডিয়া ফাইল বা অ্যাপ্লিকেশন ডেটা মুছুন। মিডিয়া স্টোরেজ প্রসারিত করতে আপনি একটি এসডি কার্ড সন্নিবেশ করতে পারেন।"},{"$i":"state_storage_full_content_save_sdcard","$v":"স্থান খালি করতে এস.ডি কার্ডের ফাইল মুছুন।"},{"$i":"state_storage_in_use","$v":"স্টোরেজ বর্তমানে ব্যবহার করা হচ্ছে। অনুগ্রহ করে ফোন আনপ্লাগ করুন I"},{"$i":"rename-same-name","$v":"নাম পরিবর্তন করা হয়নি"},{"$i":"confirmation","$v":"নিশ্চিতকরণ"},{"$i":"discard-confirm","$v":"রেকর্ডিং বাতিল করবেন?"},{"$i":"invalid-confirm","$v":"এই ফাইল ফরম্যাটটি অবৈধ বা সমর্থন করছে না। আপনি কি ফাইল মুছে ফেলতে চান ?"},{"$i":"weekday-0-long","$v":"রবিবার"},{"$i":"weekday-1-long","$v":"সোমবার"},{"$i":"weekday-2-long","$v":"মঙ্গলবার"},{"$i":"weekday-3-long","$v":"বুধবার"},{"$i":"weekday-4-long","$v":"বৃহস্পতিবার"},{"$i":"weekday-5-long","$v":"শুক্রবার"},{"$i":"weekday-6-long","$v":"শনিবার"},{"$i":"weekday-0-short","$v":"রবি"},{"$i":"weekday-1-short","$v":"সোম"},{"$i":"weekday-2-short","$v":"মঙ্গল"},{"$i":"weekday-3-short","$v":"বুধ"},{"$i":"weekday-4-short","$v":"বৃহস্পতি"},{"$i":"weekday-5-short","$v":"শুক্র"},{"$i":"weekday-6-short","$v":"শনি"},{"$i":"month-0-long","$v":"জানুয়ারি"},{"$i":"month-1-long","$v":"ফেব্রুয়ারি"},{"$i":"month-2-long","$v":"মার্চ"},{"$i":"month-3-long","$v":"এপ্রিল"},{"$i":"month-4-long","$v":"মে"},{"$i":"month-5-long","$v":"জুন"},{"$i":"month-6-long","$v":"জুলাই"},{"$i":"month-7-long","$v":"আগস্ট"},{"$i":"month-8-long","$v":"সেপ্টেম্বর"},{"$i":"month-9-long","$v":"অক্টোবর"},{"$i":"month-10-long","$v":"নভেম্বর"},{"$i":"month-11-long","$v":"ডিসেম্বর"},{"$i":"month-0-genitive","$v":"জানুয়ারি"},{"$i":"month-1-genitive","$v":"ফেব্রুয়ারি"},{"$i":"month-2-genitive","$v":"মার্চ"},{"$i":"month-3-genitive","$v":"এপ্রিল"},{"$i":"month-4-genitive","$v":"মে"},{"$i":"month-5-genitive","$v":"জুন"},{"$i":"month-6-genitive","$v":"জুলাই"},{"$i":"month-7-genitive","$v":"আগস্ট"},{"$i":"month-8-genitive","$v":"সেপ্টেম্বর"},{"$i":"month-9-genitive","$v":"অক্টোবর"},{"$i":"month-10-genitive","$v":"নভেম্বর"},{"$i":"month-11-genitive","$v":"ডিসেম্বর"},{"$i":"month-0-short","$v":"জানুয়ারী"},{"$i":"month-1-short","$v":"ফেব্রুয়ারি"},{"$i":"month-2-short","$v":"মার্চ"},{"$i":"month-3-short","$v":"এপ্রিল"},{"$i":"month-4-short","$v":"মে"},{"$i":"month-5-short","$v":"জুন"},{"$i":"month-6-short","$v":"জুলাই"},{"$i":"month-7-short","$v":"আগস্ট"},{"$i":"month-8-short","$v":"সেপ্টেম্বর"},{"$i":"month-9-short","$v":"অক্টোবর"},{"$i":"month-10-short","$v":"নভেম্বর"},{"$i":"month-11-short","$v":"ডিসেম্বর"},{"$i":"minutes-ago-long","$v":{"few":[{"t":"idOrVar","v":"value"}," মিনিট আগে"],"many":[{"t":"idOrVar","v":"value"}," মিনিট আগে"],"other":[{"t":"idOrVar","v":"value"}," মিনিট আগে"],"two":[{"t":"idOrVar","v":"value"}," মিনিট আগে"],"one":"এক মিনিট আগে","zero":"Just now"},"$x":[{"t":"idOrVar","v":"plural"},"value"]},{"$i":"hours-ago-long","$v":{"few":[{"t":"idOrVar","v":"value"}," ঘন্টা আগে"],"many":[{"t":"idOrVar","v":"value"}," ঘন্টা আগে"],"other":[{"t":"idOrVar","v":"value"}," ঘন্টা আগে"],"two":[{"t":"idOrVar","v":"value"}," ঘন্টা আগে"],"one":"এক ঘন্টা আগে","zero":"Just now"},"$x":[{"t":"idOrVar","v":"plural"},"value"]},{"$i":"days-ago-long","$v":{"few":[{"t":"idOrVar","v":"value"}," দিন আগে"],"many":[{"t":"idOrVar","v":"value"}," দিন আগে"],"one":"গতকাল","other":[{"t":"idOrVar","v":"value"}," দিন আগে"],"two":[{"t":"idOrVar","v":"value"}," দিন আগে"],"zero":"আজ"},"$x":[{"t":"idOrVar","v":"plural"},"value"]},{"$i":"weeks-ago-long","$v":{"few":[{"t":"idOrVar","v":"value"}," সপ্তাহ আগে"],"many":[{"t":"idOrVar","v":"value"}," সপ্তাহ আগে"],"one":"গত সপ্তাহ","other":[{"t":"idOrVar","v":"value"}," সপ্তাহ আগে"],"two":[{"t":"idOrVar","v":"value"}," সপ্তাহ আগে"],"zero":"এই সপ্তাহ"},"$x":[{"t":"idOrVar","v":"plural"},"value"]},{"$i":"months-ago-long","$v":{"few":[{"t":"idOrVar","v":"value"}," মাস আগে"],"many":[{"t":"idOrVar","v":"value"}," মাস আগে"],"one":"গত মাস","other":[{"t":"idOrVar","v":"value"}," মাস আগে"],"two":[{"t":"idOrVar","v":"value"}," মাস আগে"],"zero":"এই মাস"},"$x":[{"t":"idOrVar","v":"plural"},"value"]},{"$i":"years-ago-long","$v":{"few":[{"t":"idOrVar","v":"value"}," বছর আগে"],"many":[{"t":"idOrVar","v":"value"}," বছর আগে"],"one":"গত বছর","other":[{"t":"idOrVar","v":"value"}," বছর আগে"],"two":[{"t":"idOrVar","v":"value"}," বছর আগে"],"zero":"এই বছর"},"$x":[{"t":"idOrVar","v":"plural"},"value"]},{"$i":"minutes-until-long","$v":{"few":[{"t":"idOrVar","v":"value"}," মিনিটে"],"many":[{"t":"idOrVar","v":"value"}," মিনিটে"],"other":[{"t":"idOrVar","v":"value"}," মিনিটে"],"two":[{"t":"idOrVar","v":"value"}," মিনিটে"],"zero":"এখন","one":"এক মিনিটে"},"$x":[{"t":"idOrVar","v":"plural"},"value"]},{"$i":"hours-until-long","$v":{"few":[{"t":"idOrVar","v":"value"}," ঘন্টায়"],"many":[{"t":"idOrVar","v":"value"}," ঘন্টায়"],"other":[{"t":"idOrVar","v":"value"}," ঘন্টায়"],"two":[{"t":"idOrVar","v":"value"}," ঘন্টায়"],"zero":"এখন","one":"এক ঘন্টায়"},"$x":[{"t":"idOrVar","v":"plural"},"value"]},{"$i":"days-until-long","$v":{"few":[{"t":"idOrVar","v":"value"}," দিনে"],"many":[{"t":"idOrVar","v":"value"}," দিনে"],"one":"আগামীকাল","other":[{"t":"idOrVar","v":"value"}," দিনে"],"two":[{"t":"idOrVar","v":"value"}," দিনে"],"zero":"আজ"},"$x":[{"t":"idOrVar","v":"plural"},"value"]},{"$i":"weeks-until-long","$v":{"few":[{"t":"idOrVar","v":"value"}," সপ্তাহে"],"many":[{"t":"idOrVar","v":"value"}," সপ্তাহে"],"one":"পরের সপ্তাহ","other":[{"t":"idOrVar","v":"value"}," সপ্তাহে"],"two":[{"t":"idOrVar","v":"value"}," সপ্তাহে"],"zero":"এই সপ্তাহ"},"$x":[{"t":"idOrVar","v":"plural"},"value"]},{"$i":"months-until-long","$v":{"few":[{"t":"idOrVar","v":"value"}," মাসে"],"many":[{"t":"idOrVar","v":"value"}," মাসে"],"one":"পরের মাস","other":[{"t":"idOrVar","v":"value"}," মাসে"],"two":[{"t":"idOrVar","v":"value"}," মাসে"],"zero":"এই মাস"},"$x":[{"t":"idOrVar","v":"plural"},"value"]},{"$i":"years-until-long","$v":{"few":[{"t":"idOrVar","v":"value"}," বছরে"],"many":[{"t":"idOrVar","v":"value"}," বছরে"],"one":"পরের বছর","other":[{"t":"idOrVar","v":"value"}," বছরে"],"two":[{"t":"idOrVar","v":"value"}," বছরে"],"zero":"এই বছর"},"$x":[{"t":"idOrVar","v":"plural"},"value"]},{"$i":"minutes-ago-short","$v":{"other":[{"t":"idOrVar","v":"value"},"মিনিট আগে"],"zero":"Just now"},"$x":[{"t":"idOrVar","v":"plural"},"value"]},{"$i":"hours-ago-short","$v":{"other":[{"t":"idOrVar","v":"value"},"ঘন্টা আগে"],"zero":"Just now"},"$x":[{"t":"idOrVar","v":"plural"},"value"]},{"$i":"days-ago-short","$v":{"other":[{"t":"idOrVar","v":"value"},"দিন আগে"],"zero":"আজ"},"$x":[{"t":"idOrVar","v":"plural"},"value"]},{"$i":"minutes-until-short","$v":{"other":[{"t":"idOrVar","v":"value"},"মাসে"],"zero":"এখন"},"$x":[{"t":"idOrVar","v":"plural"},"value"]},{"$i":"hours-until-short","$v":{"other":[{"t":"idOrVar","v":"value"},"ঘন্টায়"],"zero":"এখন"},"$x":[{"t":"idOrVar","v":"plural"},"value"]},{"$i":"days-until-short","$v":{"other":[{"t":"idOrVar","v":"value"},"দিনে"],"zero":"আজ"},"$x":[{"t":"idOrVar","v":"plural"},"value"]},{"$i":"incorrectDate","$v":"(ভুল তারিখ)"},{"$i":"dateTimeFormat_%c","$v":"%a %b %e %Y %I:%M:%S %p"},{"$i":"dateTimeFormat_%x","$v":"%m/%d/%Y"},{"$i":"dateTimeFormat_%X","$v":"%I:%M:%S %p"},{"$i":"shortTimeFormat","$v":"%I:%M %p"},{"$i":"shortTimeFormat12","$v":"%I:%M %p"},{"$i":"shortTimeFormat24","$v":"%H:%M"},{"$i":"shortDateTimeFormat","$v":"%x %I:%M %p"},{"$i":"weekStartsOnMonday","$v":"0.0"},{"$i":"firstDayOfTheWeek","$v":"0.0"},{"$i":"time_am","$v":"AM"},{"$i":"time_pm","$v":"PM"}]