[{"$i":"toast-audio-save","$v":[{"t":"idOrVar","v":"name"}," sačuv."]},{"$i":"toast-audio-discarded","$v":"Snimanje otkazano"},{"$i":"toast-save-rate","$v":"Promjene sačuvane."},{"$i":"toast-audio-deleted","$v":"Snimak je izbrisan"},{"$i":"toast-audio-files-deleted","$v":"Audio datoteke izbrisane."},{"$i":"toast-audio-rename-ok","$v":"Ime promijenjeno"},{"$i":"toast-audio-rename-failed","$v":"Mijenjanje imena neuspjelo"},{"$i":"toast-audio-rename-empty-or-only-space","$v":"Novo ime ne može biti prazno ili samo prostor."},{"$i":"toast-music-library-save","$v":[{"t":"idOrVar","v":"name"}," Sačuvano u muzičku biblioteku"]},{"$i":"toast-audio-import-save","$v":["Datoteka ",{"t":"idOrVar","v":"name"}," je sačuvana na snimaču."]},{"$i":"toast-audio-save-failed","$v":"Saved failed."},{"$i":"new","$v":"Novo"},{"$i":"option","$v":"Opcija"},{"$i":"play","$v":"Reprodukuj"},{"$i":"ok","$v":"OK"},{"$i":"options","$v":"Opcije"},{"$i":"back","$v":"Nazad"},{"$i":"pause","$v":"Pauza"},{"$i":"cancel","$v":"Otkaži"},{"$i":"delete","$v":"Izbriši"},{"$i":"done","$v":"Završeno"},{"$i":"save","$v":"Sačuvaj"},{"$i":"discard","$v":"Otkaži"},{"$i":"all","$v":"Sve"},{"$i":"deselect","$v":"Poništi odabir"},{"$i":"none","$v":"Nijedan"},{"$i":"select","$v":"Izaberi"},{"$i":"menu-header-options","$v":"Opcije"},{"$i":"menu-header-option","$v":"Opcija"},{"$i":"menu-delete","$v":"Izbriši"},{"$i":"menu-share","$v":"Podijeli"},{"$i":"menu-rename","$v":"Preimenuj"},{"$i":"menu-save-as-ringtone","$v":"Sačuvaj kao zvuk zvona telefona"},{"$i":"menu-settings","$v":"Postavke"},{"$i":"menu-volume","$v":"Jačina zvuka"},{"$i":"menu-save-to-music-library","$v":"Sačuvaj u muzičku biblioteku"},{"$i":"menu-select-multiple","$v":"Izaberi nekoliko"},{"$i":"number-selected","$v":{"few":[{"t":"idOrVar","v":"number"}," izabrano"],"many":[{"t":"idOrVar","v":"number"}," izabrano"],"one":[{"t":"idOrVar","v":"number"}," izabrano"],"other":[{"t":"idOrVar","v":"number"}," izabrano"],"two":[{"t":"idOrVar","v":"number"}," izabrano"],"zero":[{"t":"idOrVar","v":"number"}," izabrano"]},"$x":[{"t":"idOrVar","v":"plural"},"number"]},{"$i":"title-audio-list","$v":"Snimač zvuka"},{"$i":"title-rename","$v":"Preimenuj"},{"$i":"title-settings","$v":"Postavke"},{"$i":"title-save-confirmation","$v":"Potvrda"},{"$i":"title-delete-confirmation","$v":"Potvrda"},{"$i":"title-recording-bitrate","$v":"Stopa snimanja"},{"$i":"title-pick-audio-list","$v":"Odaberite snimak"},{"$i":"dialog-delete-audio-file","$v":"Izbriši audio zapis?"},{"$i":"dialog-save-audio-recording","$v":"Sačuvati audio snimak?"},{"$i":"dialog-delete-select-audio","$v":{"few":["Izbrišite ",{"t":"idOrVar","v":"number"}," snimke?"],"many":["Izbrišite ",{"t":"idOrVar","v":"number"}," snimke?"],"one":"Brisanje odabranih snimaka?","other":["Izbrišite ",{"t":"idOrVar","v":"number"}," snimke?"],"two":["Izbrišite ",{"t":"idOrVar","v":"number"}," snimke?"]},"$x":[{"t":"idOrVar","v":"plural"},"number"]},{"$i":"settings-bitrate-8k","$v":"8K (manja veličina)"},{"$i":"settings-bitrate-44k","$v":"44K (veća veličina)"},{"$i":"settings-bitrate-err","$v":"Greška pri podešavanju"},{"$i":"audio-recorder-is-empty","$v":"Audio snimač je prazan, pritisnite Novo da biste započeli snimanje."},{"$i":"audio-pick-is-empty","$v":"Nema dostupnih snimaka."},{"$i":"input-title-enter-new-name","$v":"Unesi novi naziv"},{"$i":"new-recording","$v":"Novo snimanje"},{"$i":"save-input","placeholder":"Novo snimanje"},{"$i":"save-audio-input","$v":"Ime"},{"$i":"audio-player-state","$v":"Reprodukujem..."},{"$i":"audio-player-state-pause","$v":""},{"$i":"audio-recorder-loading","$v":"Pretraga audio snimaka..."},{"$i":"unsupport-file-name","$v":{"$o":"Ne može se koristiti naziv s nepodržanim znakovima: \\/:*?&quot;&lt;&gt;|"}},{"$i":"import-file-error","$v":"Naziv se već koristi. Izaberite drugi naziv"},{"$i":"import-file-exist","$v":"Naziv datoteke već postoji."},{"$i":"state_storage_no_memory_card","$v":"Memorijska kartica nije pronađena. Umetnite memorijsku karticu."},{"$i":"state_storage_full","$v":"Pohrana telefona je puna"},{"$i":"state_storage_full_sdcard","$v":"SD kartica je puna."},{"$i":"state_storage_full_content_new","$v":"Izbrišite medijske dat. ili pod. aplikac. da oslobodite prostor. Možete i umetnuti SD kart. da proširite prostor za pohranu medija."},{"$i":"state_storage_full_content_new_sdcard","$v":"Izbrišite datoteke na SD kartici da oslobodite prostor."},{"$i":"state_storage_full_content_record","$v":"Izbrišite medijske dat. ili pod. aplikac. da oslobodite prostor. Možete i umetnuti SD kart. da proširite prostor za pohranu medija."},{"$i":"state_storage_full_content_record_sdcard","$v":"Izbrišite datoteke na SD kartici da oslobodite prostor."},{"$i":"state_storage_full_content_save","$v":"Izbrišite medijske dat. ili pod. aplikac. da oslobodite prostor. Možete i umetnuti SD kart. da proširite prostor za pohranu medija."},{"$i":"state_storage_full_content_save_sdcard","$v":"Izbrišite datoteke na SD kartici da oslobodite prostor."},{"$i":"state_storage_in_use","$v":"Pohrana se trenutno koristi. Odspojite telefon."},{"$i":"rename-same-name","$v":"Ime nepromijenjeno."},{"$i":"confirmation","$v":"Potvrda"},{"$i":"discard-confirm","$v":"Odbacite snimak?"},{"$i":"invalid-confirm","$v":"Nije moguće reproducirati datoteku jer nije podržana ili nije važeća."},{"$i":"weekday-0-long","$v":"Nedjelja"},{"$i":"weekday-1-long","$v":"Ponedjeljak"},{"$i":"weekday-2-long","$v":"Utorak"},{"$i":"weekday-3-long","$v":"Srijeda"},{"$i":"weekday-4-long","$v":"Četvrtak"},{"$i":"weekday-5-long","$v":"Petak"},{"$i":"weekday-6-long","$v":"Subota"},{"$i":"weekday-0-short","$v":"Ned."},{"$i":"weekday-1-short","$v":"Pon."},{"$i":"weekday-2-short","$v":"Uto."},{"$i":"weekday-3-short","$v":"Sri."},{"$i":"weekday-4-short","$v":"Čet."},{"$i":"weekday-5-short","$v":"Pet."},{"$i":"weekday-6-short","$v":"Sub."},{"$i":"month-0-long","$v":"Januar"},{"$i":"month-1-long","$v":"Februar"},{"$i":"month-2-long","$v":"Mart"},{"$i":"month-3-long","$v":"April"},{"$i":"month-4-long","$v":"Maj"},{"$i":"month-5-long","$v":"Juni"},{"$i":"month-6-long","$v":"Juli"},{"$i":"month-7-long","$v":"Avgust"},{"$i":"month-8-long","$v":"Septembar"},{"$i":"month-9-long","$v":"Oktobar"},{"$i":"month-10-long","$v":"Novembar"},{"$i":"month-11-long","$v":"Decembar"},{"$i":"month-0-genitive","$v":"Januar"},{"$i":"month-1-genitive","$v":"Februar"},{"$i":"month-2-genitive","$v":"Mart"},{"$i":"month-3-genitive","$v":"April"},{"$i":"month-4-genitive","$v":"Maj"},{"$i":"month-5-genitive","$v":"Juni"},{"$i":"month-6-genitive","$v":"Juli"},{"$i":"month-7-genitive","$v":"Avgust"},{"$i":"month-8-genitive","$v":"Septembar"},{"$i":"month-9-genitive","$v":"Oktobar"},{"$i":"month-10-genitive","$v":"Novembar"},{"$i":"month-11-genitive","$v":"Decembar"},{"$i":"month-0-short","$v":"Jan."},{"$i":"month-1-short","$v":"Feb."},{"$i":"month-2-short","$v":"Mart"},{"$i":"month-3-short","$v":"Apr."},{"$i":"month-4-short","$v":"Maj"},{"$i":"month-5-short","$v":"Juni"},{"$i":"month-6-short","$v":"Juli"},{"$i":"month-7-short","$v":"Avg."},{"$i":"month-8-short","$v":"Sep."},{"$i":"month-9-short","$v":"Okt."},{"$i":"month-10-short","$v":"Nov."},{"$i":"month-11-short","$v":"Dec."},{"$i":"minutes-ago-long","$v":{"few":["Prije ",{"t":"idOrVar","v":"value"}," minute/a"],"many":["Prije ",{"t":"idOrVar","v":"value"}," minute/a"],"other":["Prije ",{"t":"idOrVar","v":"value"}," minute/a"],"two":["Prije ",{"t":"idOrVar","v":"value"}," minute/a"],"one":"prije jedan minut","zero":"sada"},"$x":[{"t":"idOrVar","v":"plural"},"value"]},{"$i":"hours-ago-long","$v":{"few":["Prije ",{"t":"idOrVar","v":"value"}," sata/i"],"many":["Prije ",{"t":"idOrVar","v":"value"}," sata/i"],"other":["Prije ",{"t":"idOrVar","v":"value"}," sata/i"],"two":["Prije ",{"t":"idOrVar","v":"value"}," sata/i"],"one":"1 sat prije","zero":"sada"},"$x":[{"t":"idOrVar","v":"plural"},"value"]},{"$i":"days-ago-long","$v":{"few":["prije ",{"t":"idOrVar","v":"value"}," dana"],"many":["prije ",{"t":"idOrVar","v":"value"}," dana"],"one":"jučer","other":["prije ",{"t":"idOrVar","v":"value"}," dana"],"two":["prije ",{"t":"idOrVar","v":"value"}," dana"],"zero":"danas"},"$x":[{"t":"idOrVar","v":"plural"},"value"]},{"$i":"weeks-ago-long","$v":{"few":["Prije ",{"t":"idOrVar","v":"value"}," sedmice/a"],"many":["Prije ",{"t":"idOrVar","v":"value"}," sedmice/a"],"one":"prošle sedmice","other":["Prije ",{"t":"idOrVar","v":"value"}," sedmice/a"],"two":["Prije ",{"t":"idOrVar","v":"value"}," sedmice/a"],"zero":"ova sedmica"},"$x":[{"t":"idOrVar","v":"plural"},"value"]},{"$i":"months-ago-long","$v":{"few":["Prije ",{"t":"idOrVar","v":"value"}," mjeseca/i"],"many":["Prije ",{"t":"idOrVar","v":"value"}," mjeseca/i"],"one":"prošli mjesec","other":["Prije ",{"t":"idOrVar","v":"value"}," mjeseca/i"],"two":["Prije ",{"t":"idOrVar","v":"value"}," mjeseca/i"],"zero":"ovaj mjesec"},"$x":[{"t":"idOrVar","v":"plural"},"value"]},{"$i":"years-ago-long","$v":{"few":["Prije ",{"t":"idOrVar","v":"value"}," godine/a"],"many":["Prije ",{"t":"idOrVar","v":"value"}," godine/a"],"one":"prošle godine","other":["Prije ",{"t":"idOrVar","v":"value"}," godine/a"],"two":["Prije ",{"t":"idOrVar","v":"value"}," godine/a"],"zero":"ova godina"},"$x":[{"t":"idOrVar","v":"plural"},"value"]},{"$i":"minutes-until-long","$v":{"few":["za ",{"t":"idOrVar","v":"value"}," minuta"],"many":["za ",{"t":"idOrVar","v":"value"}," minuta"],"other":["za ",{"t":"idOrVar","v":"value"}," minuta"],"two":["za ",{"t":"idOrVar","v":"value"}," minuta"],"zero":"sada","one":"za 1 minutu"},"$x":[{"t":"idOrVar","v":"plural"},"value"]},{"$i":"hours-until-long","$v":{"few":["za ",{"t":"idOrVar","v":"value"}," sati"],"many":["za ",{"t":"idOrVar","v":"value"}," sati"],"other":["za ",{"t":"idOrVar","v":"value"}," sati"],"two":["za ",{"t":"idOrVar","v":"value"}," sati"],"zero":"sada","one":"za 1 sat"},"$x":[{"t":"idOrVar","v":"plural"},"value"]},{"$i":"days-until-long","$v":{"few":["za ",{"t":"idOrVar","v":"value"}," dana"],"many":["za ",{"t":"idOrVar","v":"value"}," dana"],"one":"sutra","other":["za ",{"t":"idOrVar","v":"value"}," dana"],"two":["za ",{"t":"idOrVar","v":"value"}," dana"],"zero":"danas"},"$x":[{"t":"idOrVar","v":"plural"},"value"]},{"$i":"weeks-until-long","$v":{"few":["za ",{"t":"idOrVar","v":"value"}," sedmica"],"many":["za ",{"t":"idOrVar","v":"value"}," sedmica"],"one":"sljedeća sedmica","other":["za ",{"t":"idOrVar","v":"value"}," sedmica"],"two":["za ",{"t":"idOrVar","v":"value"}," sedmica"],"zero":"ova sedmica"},"$x":[{"t":"idOrVar","v":"plural"},"value"]},{"$i":"months-until-long","$v":{"few":["za ",{"t":"idOrVar","v":"value"}," mjeseci"],"many":["za ",{"t":"idOrVar","v":"value"}," mjeseci"],"one":"sljedeći mjesec","other":["za ",{"t":"idOrVar","v":"value"}," mjeseci"],"two":["za ",{"t":"idOrVar","v":"value"}," mjeseci"],"zero":"ovaj mjesec"},"$x":[{"t":"idOrVar","v":"plural"},"value"]},{"$i":"years-until-long","$v":{"few":["za ",{"t":"idOrVar","v":"value"}," godina"],"many":["za ",{"t":"idOrVar","v":"value"}," godina"],"one":"sljedeća godina","other":["za ",{"t":"idOrVar","v":"value"}," godina"],"two":["za ",{"t":"idOrVar","v":"value"}," godina"],"zero":"ova godina"},"$x":[{"t":"idOrVar","v":"plural"},"value"]},{"$i":"minutes-ago-short","$v":{"other":["Prije ",{"t":"idOrVar","v":"value"},"m"],"zero":"sada"},"$x":[{"t":"idOrVar","v":"plural"},"value"]},{"$i":"hours-ago-short","$v":{"other":["Prije ",{"t":"idOrVar","v":"value"},"h"],"zero":"sada"},"$x":[{"t":"idOrVar","v":"plural"},"value"]},{"$i":"days-ago-short","$v":{"other":["Prije ",{"t":"idOrVar","v":"value"},"d"],"zero":"danas"},"$x":[{"t":"idOrVar","v":"plural"},"value"]},{"$i":"minutes-until-short","$v":{"other":["za ",{"t":"idOrVar","v":"value"},"m"],"zero":"sada"},"$x":[{"t":"idOrVar","v":"plural"},"value"]},{"$i":"hours-until-short","$v":{"other":["za ",{"t":"idOrVar","v":"value"},"s"],"zero":"sada"},"$x":[{"t":"idOrVar","v":"plural"},"value"]},{"$i":"days-until-short","$v":{"other":["za ",{"t":"idOrVar","v":"value"},"d"],"zero":"danas"},"$x":[{"t":"idOrVar","v":"plural"},"value"]},{"$i":"incorrectDate","$v":"(netačan datum)"},{"$i":"dateTimeFormat_%c","$v":"%a %b %e %Y %I:%M:%S %p"},{"$i":"dateTimeFormat_%x","$v":"%m/%d/%Y"},{"$i":"dateTimeFormat_%X","$v":"%I:%M:%S %p"},{"$i":"shortTimeFormat","$v":"%I:%M %p"},{"$i":"shortTimeFormat12","$v":"%I:%M %p"},{"$i":"shortTimeFormat24","$v":"%H:%M"},{"$i":"shortDateTimeFormat","$v":"%x %I:%M %p"},{"$i":"weekStartsOnMonday","$v":"0.0"},{"$i":"firstDayOfTheWeek","$v":"1.0"},{"$i":"time_am","$v":"AM"},{"$i":"time_pm","$v":"PM"}]