[{"$i":"toast-audio-save","$v":[{"t":"idOrVar","v":"name"}," wurde gespeichert."]},{"$i":"toast-audio-discarded","$v":"Aufnahme verworfen."},{"$i":"toast-save-rate","$v":"Änderungen gespeichert."},{"$i":"toast-audio-deleted","$v":"Audiodatei gelöscht."},{"$i":"toast-audio-files-deleted","$v":"Audiodateien wurden gelöscht."},{"$i":"toast-audio-rename-ok","$v":"Name geändert."},{"$i":"toast-audio-rename-failed","$v":"Umbenennen fehlgeschlagen."},{"$i":"toast-audio-rename-empty-or-only-space","$v":"Der neue Name darf nicht leer sein oder nur aus Leerzeichen bestehen."},{"$i":"toast-music-library-save","$v":[{"t":"idOrVar","v":"name"}," wurde in Musikbibliothek gespeichert"]},{"$i":"toast-audio-import-save","$v":[{"t":"idOrVar","v":"name"}," wurde im Rekorder gespeichert."]},{"$i":"toast-audio-save-failed","$v":"Speichern fehlgeschlagen."},{"$i":"new","$v":"Neu"},{"$i":"option","$v":"Option"},{"$i":"play","$v":"Wiedergabe"},{"$i":"ok","$v":"OK"},{"$i":"options","$v":"Optionen"},{"$i":"back","$v":"Zurück"},{"$i":"pause","$v":"Pause"},{"$i":"cancel","$v":"Abbrechen"},{"$i":"delete","$v":"Löschen"},{"$i":"done","$v":"Fertig"},{"$i":"save","$v":"Speichern"},{"$i":"discard","$v":"Verwerfen"},{"$i":"all","$v":"Alle"},{"$i":"deselect","$v":"Auswahl aufheben"},{"$i":"none","$v":"Keiner"},{"$i":"select","$v":"Auswählen"},{"$i":"menu-header-options","$v":"Optionen"},{"$i":"menu-header-option","$v":"Option"},{"$i":"menu-delete","$v":"Löschen"},{"$i":"menu-share","$v":"Teilen"},{"$i":"menu-rename","$v":"Umbenennen"},{"$i":"menu-save-as-ringtone","$v":"Als Klingelton speichern"},{"$i":"menu-settings","$v":"Einstellungen"},{"$i":"menu-volume","$v":"Lautstärke"},{"$i":"menu-save-to-music-library","$v":"In Musikbibliothek speichern"},{"$i":"menu-select-multiple","$v":"Mehrere auswählen"},{"$i":"number-selected","$v":{"few":[{"t":"idOrVar","v":"number"}," ausgewählt"],"many":[{"t":"idOrVar","v":"number"}," ausgewählt"],"one":[{"t":"idOrVar","v":"number"}," ausgewählt"],"other":[{"t":"idOrVar","v":"number"}," ausgewählt"],"two":[{"t":"idOrVar","v":"number"}," ausgewählt"],"zero":[{"t":"idOrVar","v":"number"}," ausgewählt"]},"$x":[{"t":"idOrVar","v":"plural"},"number"]},{"$i":"title-audio-list","$v":"Aufnahmegerät"},{"$i":"title-rename","$v":"Umbenennen"},{"$i":"title-settings","$v":"Einstellungen"},{"$i":"title-save-confirmation","$v":"Bestätigung"},{"$i":"title-delete-confirmation","$v":"Bestätigung"},{"$i":"title-recording-bitrate","$v":"Aufnahmerate"},{"$i":"title-pick-audio-list","$v":"Aufnahme auswählen"},{"$i":"dialog-delete-audio-file","$v":"Audiodatei löschen?"},{"$i":"dialog-save-audio-recording","$v":"Audioaufnahme speichern?"},{"$i":"dialog-delete-select-audio","$v":{"few":[{"t":"idOrVar","v":"number"}," Aufzeichnungen löschen?"],"many":[{"t":"idOrVar","v":"number"}," Aufzeichnungen löschen?"],"one":"Ausgewählte Aufnahme löschen?","other":[{"t":"idOrVar","v":"number"}," Aufzeichnungen löschen?"],"two":[{"t":"idOrVar","v":"number"}," Aufzeichnungen löschen?"]},"$x":[{"t":"idOrVar","v":"plural"},"number"]},{"$i":"settings-bitrate-8k","$v":"8 K (kleiner)"},{"$i":"settings-bitrate-44k","$v":"44 K (größer)"},{"$i":"settings-bitrate-err","$v":"Einstellungsfehler"},{"$i":"audio-recorder-is-empty","$v":"Der Audiorekorder ist leer. Zum Starten der Aufnahme „Neu“ berühren."},{"$i":"audio-pick-is-empty","$v":"Keine Aufnahmen verfügbar."},{"$i":"input-title-enter-new-name","$v":"Neuen Namen eingeben"},{"$i":"new-recording","$v":"Neue Aufnahme"},{"$i":"save-input","placeholder":"Neue Aufnahme"},{"$i":"save-audio-input","$v":"Name"},{"$i":"audio-player-state","$v":"Wiedergabe..."},{"$i":"audio-player-state-pause","$v":""},{"$i":"audio-recorder-loading","$v":"Scanne nach Audioaufnahmen..."},{"$i":"unsupport-file-name","$v":{"$o":"Name mit nicht unterstützten Zeichen kann nicht verwendet werden: \\/:*?\"<>|"}},{"$i":"import-file-error","$v":"Der Name ist bereits vorhanden. Wählen Sie einen anderen aus."},{"$i":"import-file-exist","$v":"Der Dateiname ist bereits vorhanden."},{"$i":"state_storage_no_memory_card","$v":"Keine Speicherkarte gefunden. Legen Sie eine Speicherkarte ein."},{"$i":"state_storage_full","$v":"Telefonspeicher voll"},{"$i":"state_storage_full_sdcard","$v":"SD-Karte voll"},{"$i":"state_storage_full_content_new","$v":"Löschen Sie Mediendateien oder Anwendungsdaten, um für freien Speicherplatz zu sorgen. Sie können auch eine SD-Karte einsetzen, um den Medienspeicher zu vergrößern."},{"$i":"state_storage_full_content_new_sdcard","$v":"Löschen Sie Dateien auf der SD-Karte, um für freien Speicherplatz zu sorgen."},{"$i":"state_storage_full_content_record","$v":"Löschen Sie Mediendateien oder Anwendungsdaten, um für freien Speicherplatz zu sorgen. Sie können auch eine SD-Karte einsetzen, um den Medienspeicher zu vergrößern."},{"$i":"state_storage_full_content_record_sdcard","$v":"Löschen Sie Dateien auf der SD-Karte, um für freien Speicherplatz zu sorgen."},{"$i":"state_storage_full_content_save","$v":"Löschen Sie Mediendateien oder Anwendungsdaten, um für freien Speicherplatz zu sorgen. Sie können auch eine SD-Karte einsetzen, um den Medienspeicher zu vergrößern."},{"$i":"state_storage_full_content_save_sdcard","$v":"Löschen Sie Dateien auf der SD-Karte, um für freien Speicherplatz zu sorgen."},{"$i":"state_storage_in_use","$v":"Speicher wird momentan verwendet. Bitte trennen Sie das Telefon vom Kabel."},{"$i":"rename-same-name","$v":"Name wurde nicht geändert."},{"$i":"confirmation","$v":"Bestätigung"},{"$i":"discard-confirm","$v":"Aufnahme verwerfen?"},{"$i":"invalid-confirm","$v":"Die Datei kann nicht wiedergegeben werden, weil sie nicht unterstützt wird oder ungültig ist."},{"$i":"weekday-0-long","$v":"Sonntag"},{"$i":"weekday-1-long","$v":"Montag"},{"$i":"weekday-2-long","$v":"Dienstag"},{"$i":"weekday-3-long","$v":"Mittwoch"},{"$i":"weekday-4-long","$v":"Donnerstag"},{"$i":"weekday-5-long","$v":"Freitag"},{"$i":"weekday-6-long","$v":"Samstag"},{"$i":"weekday-0-short","$v":"So"},{"$i":"weekday-1-short","$v":"Mo"},{"$i":"weekday-2-short","$v":"Di"},{"$i":"weekday-3-short","$v":"Mi"},{"$i":"weekday-4-short","$v":"Do"},{"$i":"weekday-5-short","$v":"Fr"},{"$i":"weekday-6-short","$v":"Sa"},{"$i":"month-0-long","$v":"Januar"},{"$i":"month-1-long","$v":"Februar"},{"$i":"month-2-long","$v":"März"},{"$i":"month-3-long","$v":"April"},{"$i":"month-4-long","$v":"Mai"},{"$i":"month-5-long","$v":"Juni"},{"$i":"month-6-long","$v":"Juli"},{"$i":"month-7-long","$v":"August"},{"$i":"month-8-long","$v":"September"},{"$i":"month-9-long","$v":"Oktober"},{"$i":"month-10-long","$v":"November"},{"$i":"month-11-long","$v":"Dezember"},{"$i":"month-0-genitive","$v":"Januar"},{"$i":"month-1-genitive","$v":"Februar"},{"$i":"month-2-genitive","$v":"März"},{"$i":"month-3-genitive","$v":"April"},{"$i":"month-4-genitive","$v":"Mai"},{"$i":"month-5-genitive","$v":"Juni"},{"$i":"month-6-genitive","$v":"Juli"},{"$i":"month-7-genitive","$v":"August"},{"$i":"month-8-genitive","$v":"September"},{"$i":"month-9-genitive","$v":"Oktober"},{"$i":"month-10-genitive","$v":"November"},{"$i":"month-11-genitive","$v":"Dezember"},{"$i":"month-0-short","$v":"Jan"},{"$i":"month-1-short","$v":"Feb"},{"$i":"month-2-short","$v":"Mär"},{"$i":"month-3-short","$v":"Apr"},{"$i":"month-4-short","$v":"Mai"},{"$i":"month-5-short","$v":"Jun"},{"$i":"month-6-short","$v":"Jul"},{"$i":"month-7-short","$v":"Aug"},{"$i":"month-8-short","$v":"Sep"},{"$i":"month-9-short","$v":"Okt"},{"$i":"month-10-short","$v":"Nov"},{"$i":"month-11-short","$v":"Dez"},{"$i":"minutes-ago-long","$v":{"few":["vor ",{"t":"idOrVar","v":"value"}," Minuten"],"many":["vor ",{"t":"idOrVar","v":"value"}," Minuten"],"other":["vor ",{"t":"idOrVar","v":"value"}," Minuten"],"two":["vor ",{"t":"idOrVar","v":"value"}," Minuten"],"one":"vor einer Minute","zero":"Genau jetzt"},"$x":[{"t":"idOrVar","v":"plural"},"value"]},{"$i":"hours-ago-long","$v":{"few":["vor ",{"t":"idOrVar","v":"value"}," Stunden"],"many":["vor ",{"t":"idOrVar","v":"value"}," Stunden"],"other":["vor ",{"t":"idOrVar","v":"value"}," Stunden"],"two":["vor ",{"t":"idOrVar","v":"value"}," Stunden"],"one":"vor einer Stunde","zero":"Genau jetzt"},"$x":[{"t":"idOrVar","v":"plural"},"value"]},{"$i":"days-ago-long","$v":{"few":["vor ",{"t":"idOrVar","v":"value"}," Tagen"],"many":["vor ",{"t":"idOrVar","v":"value"}," Tagen"],"one":"gestern","other":["vor ",{"t":"idOrVar","v":"value"}," Tagen"],"two":["vor ",{"t":"idOrVar","v":"value"}," Tagen"],"zero":"heute"},"$x":[{"t":"idOrVar","v":"plural"},"value"]},{"$i":"weeks-ago-long","$v":{"few":["vor ",{"t":"idOrVar","v":"value"}," Wochen"],"many":["vor ",{"t":"idOrVar","v":"value"}," Wochen"],"one":"letzte Woche","other":["vor ",{"t":"idOrVar","v":"value"}," Wochen"],"two":["vor ",{"t":"idOrVar","v":"value"}," Wochen"],"zero":"diese Woche"},"$x":[{"t":"idOrVar","v":"plural"},"value"]},{"$i":"months-ago-long","$v":{"few":["vor ",{"t":"idOrVar","v":"value"}," Monaten"],"many":["vor ",{"t":"idOrVar","v":"value"}," Monaten"],"one":"letzter Monat","other":["vor ",{"t":"idOrVar","v":"value"}," Monaten"],"two":["vor ",{"t":"idOrVar","v":"value"}," Monaten"],"zero":"diesen Monat"},"$x":[{"t":"idOrVar","v":"plural"},"value"]},{"$i":"years-ago-long","$v":{"few":["vor ",{"t":"idOrVar","v":"value"}," Jahren"],"many":["vor ",{"t":"idOrVar","v":"value"}," Jahren"],"one":"letztes Jahr","other":["vor ",{"t":"idOrVar","v":"value"}," Jahren"],"two":["vor ",{"t":"idOrVar","v":"value"}," Jahren"],"zero":"dieses Jahr"},"$x":[{"t":"idOrVar","v":"plural"},"value"]},{"$i":"minutes-until-long","$v":{"few":["in ",{"t":"idOrVar","v":"value"}," Minuten"],"many":["in ",{"t":"idOrVar","v":"value"}," Minuten"],"other":["in ",{"t":"idOrVar","v":"value"}," Minuten"],"two":["in ",{"t":"idOrVar","v":"value"}," Minuten"],"zero":"jetzt","one":"in einer Minute"},"$x":[{"t":"idOrVar","v":"plural"},"value"]},{"$i":"hours-until-long","$v":{"few":["in ",{"t":"idOrVar","v":"value"}," Stunden"],"many":["in ",{"t":"idOrVar","v":"value"}," Stunden"],"other":["in ",{"t":"idOrVar","v":"value"}," Stunden"],"two":["in ",{"t":"idOrVar","v":"value"}," Stunden"],"zero":"jetzt","one":"in einer Stunde"},"$x":[{"t":"idOrVar","v":"plural"},"value"]},{"$i":"days-until-long","$v":{"few":["in ",{"t":"idOrVar","v":"value"}," Tagen"],"many":["in ",{"t":"idOrVar","v":"value"}," Tagen"],"one":"morgen","other":["in ",{"t":"idOrVar","v":"value"}," Tagen"],"two":["in ",{"t":"idOrVar","v":"value"}," Tagen"],"zero":"heute"},"$x":[{"t":"idOrVar","v":"plural"},"value"]},{"$i":"weeks-until-long","$v":{"few":["in ",{"t":"idOrVar","v":"value"}," Wochen"],"many":["in ",{"t":"idOrVar","v":"value"}," Wochen"],"one":"nächste Woche","other":["in ",{"t":"idOrVar","v":"value"}," Wochen"],"two":["in ",{"t":"idOrVar","v":"value"}," Wochen"],"zero":"diese Woche"},"$x":[{"t":"idOrVar","v":"plural"},"value"]},{"$i":"months-until-long","$v":{"few":["in ",{"t":"idOrVar","v":"value"}," Monaten"],"many":["in ",{"t":"idOrVar","v":"value"}," Monaten"],"one":"im nächsten Monat","other":["in ",{"t":"idOrVar","v":"value"}," Monaten"],"two":["in ",{"t":"idOrVar","v":"value"}," Monaten"],"zero":"diesen Monat"},"$x":[{"t":"idOrVar","v":"plural"},"value"]},{"$i":"years-until-long","$v":{"few":["in ",{"t":"idOrVar","v":"value"}," Jahren"],"many":["in ",{"t":"idOrVar","v":"value"}," Jahren"],"one":"nächstes Jahr","other":["in ",{"t":"idOrVar","v":"value"}," Jahren"],"two":["in ",{"t":"idOrVar","v":"value"}," Jahren"],"zero":"dieses Jahr"},"$x":[{"t":"idOrVar","v":"plural"},"value"]},{"$i":"minutes-ago-short","$v":{"other":["vor ",{"t":"idOrVar","v":"value"}," Std."],"zero":"Genau jetzt"},"$x":[{"t":"idOrVar","v":"plural"},"value"]},{"$i":"hours-ago-short","$v":{"other":["vor ",{"t":"idOrVar","v":"value"}," Std."],"zero":"Genau jetzt"},"$x":[{"t":"idOrVar","v":"plural"},"value"]},{"$i":"days-ago-short","$v":{"other":["vor ",{"t":"idOrVar","v":"value"}," Tag"],"zero":"heute"},"$x":[{"t":"idOrVar","v":"plural"},"value"]},{"$i":"minutes-until-short","$v":{"other":["in ",{"t":"idOrVar","v":"value"}," Min."],"zero":"jetzt"},"$x":[{"t":"idOrVar","v":"plural"},"value"]},{"$i":"hours-until-short","$v":{"other":["in ",{"t":"idOrVar","v":"value"}," Std."],"zero":"jetzt"},"$x":[{"t":"idOrVar","v":"plural"},"value"]},{"$i":"days-until-short","$v":{"other":["in ",{"t":"idOrVar","v":"value"}," Tag"],"zero":"heute"},"$x":[{"t":"idOrVar","v":"plural"},"value"]},{"$i":"incorrectDate","$v":"(falsches Datum)"},{"$i":"dateTimeFormat_%c","$v":"%a %b %e %Y %I:%M:%S %p"},{"$i":"dateTimeFormat_%x","$v":"%m/%d/%Y"},{"$i":"dateTimeFormat_%X","$v":"%I:%M:%S %p"},{"$i":"shortTimeFormat","$v":"%I:%M %p"},{"$i":"shortTimeFormat12","$v":"%I:%M %p"},{"$i":"shortTimeFormat24","$v":"%H:%M"},{"$i":"shortDateTimeFormat","$v":"%x %I:%M %p"},{"$i":"weekStartsOnMonday","$v":"0.0"},{"$i":"firstDayOfTheWeek","$v":"1.0"},{"$i":"time_am","$v":"AM"},{"$i":"time_pm","$v":"PM"}]