[{"$i":"toast-audio-save","$v":[{"t":"idOrVar","v":"name"}," saved."]},{"$i":"toast-audio-discarded","$v":"Recording discarded."},{"$i":"toast-save-rate","$v":"Changes saved."},{"$i":"toast-audio-deleted","$v":"Audio file deleted."},{"$i":"toast-audio-files-deleted","$v":"Audio files deleted."},{"$i":"toast-audio-rename-ok","$v":"Name changed."},{"$i":"toast-audio-rename-failed","$v":"Rename Failed."},{"$i":"toast-audio-rename-empty-or-only-space","$v":"New name can not be empty or only space."},{"$i":"toast-music-library-save","$v":[{"t":"idOrVar","v":"name"}," Saved to music library"]},{"$i":"toast-audio-import-save","$v":[{"t":"idOrVar","v":"name"}," saved to Recorder."]},{"$i":"toast-audio-save-failed","$v":"Saved failed."},{"$i":"new","$v":"New"},{"$i":"option","$v":"Option"},{"$i":"play","$v":"Play"},{"$i":"ok","$v":"OK"},{"$i":"options","$v":"Options"},{"$i":"back","$v":"Back"},{"$i":"pause","$v":"Pause"},{"$i":"cancel","$v":"Cancel"},{"$i":"delete","$v":"Delete"},{"$i":"done","$v":"Done"},{"$i":"save","$v":"Save"},{"$i":"discard","$v":"Discard"},{"$i":"all","$v":"All"},{"$i":"deselect","$v":"Deselect"},{"$i":"none","$v":"None"},{"$i":"select","$v":"Select"},{"$i":"menu-header-options","$v":"Options"},{"$i":"menu-header-option","$v":"Option"},{"$i":"menu-delete","$v":"Delete"},{"$i":"menu-share","$v":"Share"},{"$i":"menu-rename","$v":"Rename"},{"$i":"menu-save-as-ringtone","$v":"Save as ringtone"},{"$i":"menu-settings","$v":"Settings"},{"$i":"menu-volume","$v":"Volume"},{"$i":"menu-save-to-music-library","$v":"Save to music library"},{"$i":"menu-select-multiple","$v":"Select multiple"},{"$i":"number-selected","$v":{"zero":[{"t":"idOrVar","v":"number"}," Selected"],"one":[{"t":"idOrVar","v":"number"}," Selected"],"two":[{"t":"idOrVar","v":"number"}," Selected"],"few":[{"t":"idOrVar","v":"number"}," Selected"],"many":[{"t":"idOrVar","v":"number"}," Selected"],"other":[{"t":"idOrVar","v":"number"}," Selected"]},"$x":[{"t":"idOrVar","v":"plural"},"number"]},{"$i":"title-audio-list","$v":"Recorder"},{"$i":"title-rename","$v":"Rename"},{"$i":"title-settings","$v":"Settings"},{"$i":"title-save-confirmation","$v":"Confirmation"},{"$i":"title-delete-confirmation","$v":"Confirmation"},{"$i":"title-recording-bitrate","$v":"Recording Rate"},{"$i":"title-pick-audio-list","$v":"Select a Recording"},{"$i":"dialog-delete-audio-file","$v":"Delete the audio file?"},{"$i":"dialog-save-audio-recording","$v":"Save the audio recording?"},{"$i":"dialog-delete-select-audio","$v":{"one":"Delete selected recording?","two":["Delete ",{"t":"idOrVar","v":"number"}," recordings?"],"few":["Delete ",{"t":"idOrVar","v":"number"}," recordings?"],"many":["Delete ",{"t":"idOrVar","v":"number"}," recordings?"],"other":["Delete ",{"t":"idOrVar","v":"number"}," recordings?"]},"$x":[{"t":"idOrVar","v":"plural"},"number"]},{"$i":"settings-bitrate-8k","$v":"8K (Smaller size)"},{"$i":"settings-bitrate-44k","$v":"44K (Larger size)"},{"$i":"settings-bitrate-err","$v":"Setting Error"},{"$i":"audio-recorder-is-empty","$v":"Audio recorder is empty, press New to start recording."},{"$i":"audio-pick-is-empty","$v":"No recordings available."},{"$i":"input-title-enter-new-name","$v":"Enter new name"},{"$i":"new-recording","$v":"New Recording"},{"$i":"save-input","placeholder":"New Recording"},{"$i":"save-audio-input","$v":"Name"},{"$i":"audio-player-state","$v":"Playing..."},{"$i":"audio-player-state-pause","$v":""},{"$i":"audio-recorder-loading","$v":"Scanning for audio recordings..."},{"$i":"unsupport-file-name","$v":{"$o":"Cannot use a name containing unsupported characters: \\/:*?\"<>|"}},{"$i":"import-file-error","$v":"The name is already taken. Choose another name"},{"$i":"import-file-exist","$v":"File name already exists."},{"$i":"state_storage_no_memory_card","$v":"Memory card is not found.Please insert a memory card."},{"$i":"state_storage_full","$v":"Phone Storage Full"},{"$i":"state_storage_full_sdcard","$v":"SD Card Full"},{"$i":"state_storage_full_content_new","$v":"Delete media files or application data to free up space. You can also insert a SD card to expand media storage."},{"$i":"state_storage_full_content_new_sdcard","$v":"Delete files in SD card to free up space."},{"$i":"state_storage_full_content_record","$v":"Delete media files or application data to free up space. You can also insert a SD card to expand media storage."},{"$i":"state_storage_full_content_record_sdcard","$v":"Delete files in SD card to free up space."},{"$i":"state_storage_full_content_save","$v":"Delete media files or application data to free up space. You can also insert a SD card to expand media storage."},{"$i":"state_storage_full_content_save_sdcard","$v":"Delete files in SD card to free up space."},{"$i":"state_storage_in_use","$v":"Storage is currently in use. Please unplug the phone."},{"$i":"rename-same-name","$v":"Name unchanged."},{"$i":"confirmation","$v":"Confirmation"},{"$i":"discard-confirm","$v":"Discard the recording?"},{"$i":"invalid-confirm","$v":"Unable to play file because it is unsupported or invalid."},{"$i":"weekday-0-long","$v":"Sunday"},{"$i":"weekday-1-long","$v":"Monday"},{"$i":"weekday-2-long","$v":"Tuesday"},{"$i":"weekday-3-long","$v":"Wednesday"},{"$i":"weekday-4-long","$v":"Thursday"},{"$i":"weekday-5-long","$v":"Friday"},{"$i":"weekday-6-long","$v":"Saturday"},{"$i":"weekday-0-short","$v":"Sun"},{"$i":"weekday-1-short","$v":"Mon"},{"$i":"weekday-2-short","$v":"Tue"},{"$i":"weekday-3-short","$v":"Wed"},{"$i":"weekday-4-short","$v":"Thu"},{"$i":"weekday-5-short","$v":"Fri"},{"$i":"weekday-6-short","$v":"Sat"},{"$i":"month-0-long","$v":"January"},{"$i":"month-1-long","$v":"February"},{"$i":"month-2-long","$v":"March"},{"$i":"month-3-long","$v":"April"},{"$i":"month-4-long","$v":"May"},{"$i":"month-5-long","$v":"June"},{"$i":"month-6-long","$v":"July"},{"$i":"month-7-long","$v":"August"},{"$i":"month-8-long","$v":"September"},{"$i":"month-9-long","$v":"October"},{"$i":"month-10-long","$v":"November"},{"$i":"month-11-long","$v":"December"},{"$i":"month-0-genitive","$v":"January"},{"$i":"month-1-genitive","$v":"February"},{"$i":"month-2-genitive","$v":"March"},{"$i":"month-3-genitive","$v":"April"},{"$i":"month-4-genitive","$v":"May"},{"$i":"month-5-genitive","$v":"June"},{"$i":"month-6-genitive","$v":"July"},{"$i":"month-7-genitive","$v":"August"},{"$i":"month-8-genitive","$v":"September"},{"$i":"month-9-genitive","$v":"October"},{"$i":"month-10-genitive","$v":"November"},{"$i":"month-11-genitive","$v":"December"},{"$i":"month-0-short","$v":"Jan"},{"$i":"month-1-short","$v":"Feb"},{"$i":"month-2-short","$v":"Mar"},{"$i":"month-3-short","$v":"Apr"},{"$i":"month-4-short","$v":"May"},{"$i":"month-5-short","$v":"Jun"},{"$i":"month-6-short","$v":"Jul"},{"$i":"month-7-short","$v":"Aug"},{"$i":"month-8-short","$v":"Sep"},{"$i":"month-9-short","$v":"Oct"},{"$i":"month-10-short","$v":"Nov"},{"$i":"month-11-short","$v":"Dec"},{"$i":"minutes-ago-long","$v":{"zero":"Just now","one":"1 minute ago","two":[{"t":"idOrVar","v":"value"}," minutes ago"],"few":[{"t":"idOrVar","v":"value"}," minutes ago"],"many":[{"t":"idOrVar","v":"value"}," minutes ago"],"other":[{"t":"idOrVar","v":"value"}," minutes ago"]},"$x":[{"t":"idOrVar","v":"plural"},"value"]},{"$i":"hours-ago-long","$v":{"zero":"Just now","one":"1 hour ago","two":[{"t":"idOrVar","v":"value"}," hours ago"],"few":[{"t":"idOrVar","v":"value"}," hours ago"],"many":[{"t":"idOrVar","v":"value"}," hours ago"],"other":[{"t":"idOrVar","v":"value"}," hours ago"]},"$x":[{"t":"idOrVar","v":"plural"},"value"]},{"$i":"days-ago-long","$v":{"zero":"today","one":"yesterday","two":[{"t":"idOrVar","v":"value"}," days ago"],"few":[{"t":"idOrVar","v":"value"}," days ago"],"many":[{"t":"idOrVar","v":"value"}," days ago"],"other":[{"t":"idOrVar","v":"value"}," days ago"]},"$x":[{"t":"idOrVar","v":"plural"},"value"]},{"$i":"weeks-ago-long","$v":{"zero":"this week","one":"last week","two":[{"t":"idOrVar","v":"value"}," weeks ago"],"few":[{"t":"idOrVar","v":"value"}," weeks ago"],"many":[{"t":"idOrVar","v":"value"}," weeks ago"],"other":[{"t":"idOrVar","v":"value"}," weeks ago"]},"$x":[{"t":"idOrVar","v":"plural"},"value"]},{"$i":"months-ago-long","$v":{"zero":"this month","one":"last month","two":[{"t":"idOrVar","v":"value"}," months ago"],"few":[{"t":"idOrVar","v":"value"}," months ago"],"many":[{"t":"idOrVar","v":"value"}," months ago"],"other":[{"t":"idOrVar","v":"value"}," months ago"]},"$x":[{"t":"idOrVar","v":"plural"},"value"]},{"$i":"years-ago-long","$v":{"zero":"this year","one":"last year","two":[{"t":"idOrVar","v":"value"}," years ago"],"few":[{"t":"idOrVar","v":"value"}," years ago"],"many":[{"t":"idOrVar","v":"value"}," years ago"],"other":[{"t":"idOrVar","v":"value"}," years ago"]},"$x":[{"t":"idOrVar","v":"plural"},"value"]},{"$i":"minutes-until-long","$v":{"zero":"now","one":"in 1 minute","two":["in ",{"t":"idOrVar","v":"value"}," minutes"],"few":["in ",{"t":"idOrVar","v":"value"}," minutes"],"many":["in ",{"t":"idOrVar","v":"value"}," minutes"],"other":["in ",{"t":"idOrVar","v":"value"}," minutes"]},"$x":[{"t":"idOrVar","v":"plural"},"value"]},{"$i":"hours-until-long","$v":{"zero":"now","one":"in 1 hour","two":["in ",{"t":"idOrVar","v":"value"}," hours"],"few":["in ",{"t":"idOrVar","v":"value"}," hours"],"many":["in ",{"t":"idOrVar","v":"value"}," hours"],"other":["in ",{"t":"idOrVar","v":"value"}," hours"]},"$x":[{"t":"idOrVar","v":"plural"},"value"]},{"$i":"days-until-long","$v":{"zero":"today","one":"tomorrow","two":["in ",{"t":"idOrVar","v":"value"}," days"],"few":["in ",{"t":"idOrVar","v":"value"}," days"],"many":["in ",{"t":"idOrVar","v":"value"}," days"],"other":["in ",{"t":"idOrVar","v":"value"}," days"]},"$x":[{"t":"idOrVar","v":"plural"},"value"]},{"$i":"weeks-until-long","$v":{"zero":"this week","one":"next week","two":["in ",{"t":"idOrVar","v":"value"}," weeks"],"few":["in ",{"t":"idOrVar","v":"value"}," weeks"],"many":["in ",{"t":"idOrVar","v":"value"}," weeks"],"other":["in ",{"t":"idOrVar","v":"value"}," weeks"]},"$x":[{"t":"idOrVar","v":"plural"},"value"]},{"$i":"months-until-long","$v":{"zero":"this month","one":"next month","two":["in ",{"t":"idOrVar","v":"value"}," months"],"few":["in ",{"t":"idOrVar","v":"value"}," months"],"many":["in ",{"t":"idOrVar","v":"value"}," months"],"other":["in ",{"t":"idOrVar","v":"value"}," months"]},"$x":[{"t":"idOrVar","v":"plural"},"value"]},{"$i":"years-until-long","$v":{"zero":"this year","one":"next year","two":["in ",{"t":"idOrVar","v":"value"}," years"],"few":["in ",{"t":"idOrVar","v":"value"}," years"],"many":["in ",{"t":"idOrVar","v":"value"}," years"],"other":["in ",{"t":"idOrVar","v":"value"}," years"]},"$x":[{"t":"idOrVar","v":"plural"},"value"]},{"$i":"minutes-ago-short","$v":{"zero":"Just now","other":[{"t":"idOrVar","v":"value"},"m ago"]},"$x":[{"t":"idOrVar","v":"plural"},"value"]},{"$i":"hours-ago-short","$v":{"zero":"Just now","other":[{"t":"idOrVar","v":"value"},"h ago"]},"$x":[{"t":"idOrVar","v":"plural"},"value"]},{"$i":"days-ago-short","$v":{"zero":"today","other":[{"t":"idOrVar","v":"value"},"d ago"]},"$x":[{"t":"idOrVar","v":"plural"},"value"]},{"$i":"minutes-until-short","$v":{"zero":"now","other":["in ",{"t":"idOrVar","v":"value"},"m"]},"$x":[{"t":"idOrVar","v":"plural"},"value"]},{"$i":"hours-until-short","$v":{"zero":"now","other":["in ",{"t":"idOrVar","v":"value"},"h"]},"$x":[{"t":"idOrVar","v":"plural"},"value"]},{"$i":"days-until-short","$v":{"zero":"today","other":["in ",{"t":"idOrVar","v":"value"},"d"]},"$x":[{"t":"idOrVar","v":"plural"},"value"]},{"$i":"incorrectDate","$v":"(incorrect date)"},{"$i":"dateTimeFormat_%c","$v":"%a %b %e %Y %I:%M:%S %p"},{"$i":"dateTimeFormat_%x","$v":"%m/%d/%Y"},{"$i":"dateTimeFormat_%X","$v":"%I:%M:%S %p"},{"$i":"shortTimeFormat","$v":"%I:%M %p"},{"$i":"shortTimeFormat12","$v":"%I:%M %p"},{"$i":"shortTimeFormat24","$v":"%H:%M"},{"$i":"shortDateTimeFormat","$v":"%x %I:%M %p"},{"$i":"weekStartsOnMonday","$v":"0"},{"$i":"firstDayOfTheWeek","$v":"0"},{"$i":"time_am","$v":"AM"},{"$i":"time_pm","$v":"PM"}]