[{"$i":"toast-audio-save","$v":[{"t":"idOrVar","v":"name"}," guardado."]},{"$i":"toast-audio-discarded","$v":"Grabación descartada."},{"$i":"toast-save-rate","$v":"Cambios guardados."},{"$i":"toast-audio-deleted","$v":"Archivo de audio eliminado."},{"$i":"toast-audio-files-deleted","$v":"Archivos de audio eliminados."},{"$i":"toast-audio-rename-ok","$v":"Nombre modificado."},{"$i":"toast-audio-rename-failed","$v":"Error al renombrar."},{"$i":"toast-audio-rename-empty-or-only-space","$v":"El campo del nombre nuevo no puede quedarse vacío ni con solo un espacio."},{"$i":"toast-music-library-save","$v":[{"t":"idOrVar","v":"name"}," guardado en la biblioteca de música"]},{"$i":"toast-audio-import-save","$v":[{"t":"idOrVar","v":"name"}," guardado en Grabador."]},{"$i":"toast-audio-save-failed","$v":"Error al guardar"},{"$i":"new","$v":"Nuevo"},{"$i":"option","$v":"Opción"},{"$i":"play","$v":"Reproducir"},{"$i":"ok","$v":"OK"},{"$i":"options","$v":"Opciones"},{"$i":"back","$v":"Volver"},{"$i":"pause","$v":"Pausa"},{"$i":"cancel","$v":"Cancelar"},{"$i":"delete","$v":"Eliminar"},{"$i":"done","$v":"Listo"},{"$i":"save","$v":"Guardar"},{"$i":"discard","$v":"Descartar"},{"$i":"all","$v":"Todas"},{"$i":"deselect","$v":"Desmarcar"},{"$i":"none","$v":"Ninguno"},{"$i":"select","$v":"Selec."},{"$i":"menu-header-options","$v":"Opciones"},{"$i":"menu-header-option","$v":"Opción"},{"$i":"menu-delete","$v":"Eliminar"},{"$i":"menu-share","$v":"Compartir"},{"$i":"menu-rename","$v":"Volver a nombrar"},{"$i":"menu-save-as-ringtone","$v":"Guardar como tono"},{"$i":"menu-settings","$v":"Ajustes"},{"$i":"menu-volume","$v":"Volumen"},{"$i":"menu-save-to-music-library","$v":"Guardar en biblioteca de música"},{"$i":"menu-select-multiple","$v":"Seleccionar múltiple"},{"$i":"number-selected","$v":{"few":[{"t":"idOrVar","v":"number"}," seleccionados"],"many":[{"t":"idOrVar","v":"number"}," seleccionados"],"one":[{"t":"idOrVar","v":"number"}," seleccionado"],"other":[{"t":"idOrVar","v":"number"}," seleccionados"],"two":[{"t":"idOrVar","v":"number"}," seleccionados"],"zero":[{"t":"idOrVar","v":"number"}," seleccionados"]},"$x":[{"t":"idOrVar","v":"plural"},"number"]},{"$i":"title-audio-list","$v":"Grabadora"},{"$i":"title-rename","$v":"Volver a nombrar"},{"$i":"title-settings","$v":"Ajustes"},{"$i":"title-save-confirmation","$v":"Confirmación"},{"$i":"title-delete-confirmation","$v":"Confirmación"},{"$i":"title-recording-bitrate","$v":"Frecuencia de grabación"},{"$i":"title-pick-audio-list","$v":"Seleccionar una grabación"},{"$i":"dialog-delete-audio-file","$v":"¿Desea eliminar el archivo de audio?"},{"$i":"dialog-save-audio-recording","$v":"¿Desea guardar la grabación de audio?"},{"$i":"dialog-delete-select-audio","$v":{"few":["¿Desea eliminar ",{"t":"idOrVar","v":"number"}," grabaciones?"],"many":["¿Desea eliminar ",{"t":"idOrVar","v":"number"}," grabaciones?"],"one":"¿Desea eliminar la grabación seleccionada?","other":["¿Desea eliminar ",{"t":"idOrVar","v":"number"}," grabaciones?"],"two":["¿Desea eliminar ",{"t":"idOrVar","v":"number"}," grabaciones?"]},"$x":[{"t":"idOrVar","v":"plural"},"number"]},{"$i":"settings-bitrate-8k","$v":"8.000 (menor tamaño)"},{"$i":"settings-bitrate-44k","$v":"44.000 (mayor tamaño)"},{"$i":"settings-bitrate-err","$v":"Error de ajustes"},{"$i":"audio-recorder-is-empty","$v":"El grabador de audio está vacío. Pulse Nuevo para empezar a grabar."},{"$i":"audio-pick-is-empty","$v":"No hay grabaciones disponibles."},{"$i":"input-title-enter-new-name","$v":"Ingresar nuevo nombre"},{"$i":"new-recording","$v":"Nueva grabación"},{"$i":"save-input","placeholder":"Nueva grabación"},{"$i":"save-audio-input","$v":"Nombre"},{"$i":"audio-player-state","$v":"Reproduciendo..."},{"$i":"audio-player-state-pause","$v":""},{"$i":"audio-recorder-loading","$v":"Buscando grabaciones de audio..."},{"$i":"unsupport-file-name","$v":{"$o":"No se pueden usar nombres que contengan caracteres no admitidos: \\/:*?\"<>|"}},{"$i":"import-file-error","$v":"Este nombre ya está  en uso, elija otro."},{"$i":"import-file-exist","$v":"Ya hay un archivo con este nombre."},{"$i":"state_storage_no_memory_card","$v":"No se encuentra la tarjeta de memoria, inserte una."},{"$i":"state_storage_full","$v":"Almacenamiento del teléfono lleno"},{"$i":"state_storage_full_sdcard","$v":"Tarjeta SD llena"},{"$i":"state_storage_full_content_new","$v":"Elimine archivos de medios o datos de aplicaciones para liberar espacio. También puede insertar una tarjeta SD para ampliar el almacenamiento de medios."},{"$i":"state_storage_full_content_new_sdcard","$v":"Elimine archivos de la tarjeta SD para liberar espacio."},{"$i":"state_storage_full_content_record","$v":"Elimine archivos de medios o datos de aplicaciones para liberar espacio. También puede insertar una tarjeta SD para ampliar el almacenamiento de medios."},{"$i":"state_storage_full_content_record_sdcard","$v":"Elimine archivos de la tarjeta SD para liberar espacio."},{"$i":"state_storage_full_content_save","$v":"Elimine archivos de medios o datos de aplicaciones para liberar espacio. También puede insertar una tarjeta SD para ampliar el almacenamiento de medios."},{"$i":"state_storage_full_content_save_sdcard","$v":"Elimine archivos de la tarjeta SD para liberar espacio."},{"$i":"state_storage_in_use","$v":"El almacenamiento se está utilizando actualmente. Desenchufe el teléfono."},{"$i":"rename-same-name","$v":"Nombre no modificado."},{"$i":"confirmation","$v":"Confirmación"},{"$i":"discard-confirm","$v":"¿Descartar la grabación?"},{"$i":"invalid-confirm","$v":"No se puede reproducir el archivo porque no es compatible o es inválido."},{"$i":"weekday-0-long","$v":"Domingo"},{"$i":"weekday-1-long","$v":"Lunes"},{"$i":"weekday-2-long","$v":"Martes"},{"$i":"weekday-3-long","$v":"Miércoles"},{"$i":"weekday-4-long","$v":"Jueves"},{"$i":"weekday-5-long","$v":"Viernes"},{"$i":"weekday-6-long","$v":"Sábado"},{"$i":"weekday-0-short","$v":"dom."},{"$i":"weekday-1-short","$v":"lun."},{"$i":"weekday-2-short","$v":"mar."},{"$i":"weekday-3-short","$v":"mié."},{"$i":"weekday-4-short","$v":"jue."},{"$i":"weekday-5-short","$v":"vie."},{"$i":"weekday-6-short","$v":"sáb."},{"$i":"month-0-long","$v":"Enero"},{"$i":"month-1-long","$v":"Febrero"},{"$i":"month-2-long","$v":"Marzo"},{"$i":"month-3-long","$v":"Abril"},{"$i":"month-4-long","$v":"May"},{"$i":"month-5-long","$v":"Junio"},{"$i":"month-6-long","$v":"Julio"},{"$i":"month-7-long","$v":"Agosto"},{"$i":"month-8-long","$v":"Septiembre"},{"$i":"month-9-long","$v":"Octubre"},{"$i":"month-10-long","$v":"Noviembre"},{"$i":"month-11-long","$v":"Diciembre"},{"$i":"month-0-genitive","$v":"Enero"},{"$i":"month-1-genitive","$v":"Febrero"},{"$i":"month-2-genitive","$v":"Marzo"},{"$i":"month-3-genitive","$v":"Abril"},{"$i":"month-4-genitive","$v":"May"},{"$i":"month-5-genitive","$v":"Junio"},{"$i":"month-6-genitive","$v":"Julio"},{"$i":"month-7-genitive","$v":"Agosto"},{"$i":"month-8-genitive","$v":"Septiembre"},{"$i":"month-9-genitive","$v":"Octubre"},{"$i":"month-10-genitive","$v":"Noviembre"},{"$i":"month-11-genitive","$v":"Diciembre"},{"$i":"month-0-short","$v":"Ene"},{"$i":"month-1-short","$v":"Feb"},{"$i":"month-2-short","$v":"Mar"},{"$i":"month-3-short","$v":"Abr"},{"$i":"month-4-short","$v":"May"},{"$i":"month-5-short","$v":"Jun"},{"$i":"month-6-short","$v":"Jul"},{"$i":"month-7-short","$v":"Ago"},{"$i":"month-8-short","$v":"Sep"},{"$i":"month-9-short","$v":"Oct"},{"$i":"month-10-short","$v":"Nov"},{"$i":"month-11-short","$v":"Dec"},{"$i":"minutes-ago-long","$v":{"few":["hace ",{"t":"idOrVar","v":"value"}," minutos"],"many":["hace ",{"t":"idOrVar","v":"value"}," minutos"],"other":["hace ",{"t":"idOrVar","v":"value"}," minutos"],"two":["hace ",{"t":"idOrVar","v":"value"}," minutos"],"one":"hace un minuto","zero":"Justo ahora"},"$x":[{"t":"idOrVar","v":"plural"},"value"]},{"$i":"hours-ago-long","$v":{"few":["hace ",{"t":"idOrVar","v":"value"}," horas"],"many":["hace ",{"t":"idOrVar","v":"value"}," horas"],"other":["hace ",{"t":"idOrVar","v":"value"}," horas"],"two":["hace ",{"t":"idOrVar","v":"value"}," horas"],"one":"hace una hora","zero":"Justo ahora"},"$x":[{"t":"idOrVar","v":"plural"},"value"]},{"$i":"days-ago-long","$v":{"few":["hace ",{"t":"idOrVar","v":"value"}," días"],"many":["hace ",{"t":"idOrVar","v":"value"}," días"],"one":"ayer","other":["hace ",{"t":"idOrVar","v":"value"}," días"],"two":["hace ",{"t":"idOrVar","v":"value"}," días"],"zero":"hoy"},"$x":[{"t":"idOrVar","v":"plural"},"value"]},{"$i":"weeks-ago-long","$v":{"few":["hace ",{"t":"idOrVar","v":"value"}," semanas"],"many":["hace ",{"t":"idOrVar","v":"value"}," semanas"],"one":"la semana pasada","other":["hace ",{"t":"idOrVar","v":"value"}," semanas"],"two":["hace ",{"t":"idOrVar","v":"value"}," semanas"],"zero":"esta semana"},"$x":[{"t":"idOrVar","v":"plural"},"value"]},{"$i":"months-ago-long","$v":{"few":["hace ",{"t":"idOrVar","v":"value"}," meses"],"many":["hace ",{"t":"idOrVar","v":"value"}," meses"],"one":"el último mes","other":["hace ",{"t":"idOrVar","v":"value"}," meses"],"two":["hace ",{"t":"idOrVar","v":"value"}," meses"],"zero":"este mes"},"$x":[{"t":"idOrVar","v":"plural"},"value"]},{"$i":"years-ago-long","$v":{"few":["hace ",{"t":"idOrVar","v":"value"}," años"],"many":["hace ",{"t":"idOrVar","v":"value"}," años"],"one":"el año pasado","other":["hace ",{"t":"idOrVar","v":"value"}," años"],"two":["hace ",{"t":"idOrVar","v":"value"}," años"],"zero":"este año"},"$x":[{"t":"idOrVar","v":"plural"},"value"]},{"$i":"minutes-until-long","$v":{"few":["en ",{"t":"idOrVar","v":"value"}," minutos"],"many":["en ",{"t":"idOrVar","v":"value"}," minutos"],"other":["en ",{"t":"idOrVar","v":"value"}," minutos"],"two":["en ",{"t":"idOrVar","v":"value"}," minutos"],"zero":"ahora","one":"en un minuto"},"$x":[{"t":"idOrVar","v":"plural"},"value"]},{"$i":"hours-until-long","$v":{"few":["en ",{"t":"idOrVar","v":"value"}," horas"],"many":["en ",{"t":"idOrVar","v":"value"}," horas"],"other":["en ",{"t":"idOrVar","v":"value"}," horas"],"two":["en ",{"t":"idOrVar","v":"value"}," horas"],"zero":"ahora","one":"en una hora"},"$x":[{"t":"idOrVar","v":"plural"},"value"]},{"$i":"days-until-long","$v":{"few":["en ",{"t":"idOrVar","v":"value"}," días"],"many":["en ",{"t":"idOrVar","v":"value"}," días"],"one":"mañana","other":["en ",{"t":"idOrVar","v":"value"}," días"],"two":["en ",{"t":"idOrVar","v":"value"}," días"],"zero":"hoy"},"$x":[{"t":"idOrVar","v":"plural"},"value"]},{"$i":"weeks-until-long","$v":{"few":["en ",{"t":"idOrVar","v":"value"}," semanas"],"many":["en ",{"t":"idOrVar","v":"value"}," semanas"],"one":"la semana que viene","other":["en ",{"t":"idOrVar","v":"value"}," semanas"],"two":["en ",{"t":"idOrVar","v":"value"}," semanas"],"zero":"esta semana"},"$x":[{"t":"idOrVar","v":"plural"},"value"]},{"$i":"months-until-long","$v":{"few":["en ",{"t":"idOrVar","v":"value"}," meses"],"many":["en ",{"t":"idOrVar","v":"value"}," meses"],"one":"el próximo mes","other":["en ",{"t":"idOrVar","v":"value"}," meses"],"two":["en ",{"t":"idOrVar","v":"value"}," meses"],"zero":"este mes"},"$x":[{"t":"idOrVar","v":"plural"},"value"]},{"$i":"years-until-long","$v":{"few":["en ",{"t":"idOrVar","v":"value"}," años"],"many":["en ",{"t":"idOrVar","v":"value"}," años"],"one":"el próximo año","other":["en ",{"t":"idOrVar","v":"value"}," años"],"two":["en ",{"t":"idOrVar","v":"value"}," años"],"zero":"este año"},"$x":[{"t":"idOrVar","v":"plural"},"value"]},{"$i":"minutes-ago-short","$v":{"other":["hace ",{"t":"idOrVar","v":"value"},"m"],"zero":"Justo ahora"},"$x":[{"t":"idOrVar","v":"plural"},"value"]},{"$i":"hours-ago-short","$v":{"other":["hace ",{"t":"idOrVar","v":"value"},"h"],"zero":"Justo ahora"},"$x":[{"t":"idOrVar","v":"plural"},"value"]},{"$i":"days-ago-short","$v":{"other":["hace ",{"t":"idOrVar","v":"value"},"d"],"zero":"hoy"},"$x":[{"t":"idOrVar","v":"plural"},"value"]},{"$i":"minutes-until-short","$v":{"other":["en ",{"t":"idOrVar","v":"value"},"m"],"zero":"ahora"},"$x":[{"t":"idOrVar","v":"plural"},"value"]},{"$i":"hours-until-short","$v":{"other":["en ",{"t":"idOrVar","v":"value"},"h"],"zero":"ahora"},"$x":[{"t":"idOrVar","v":"plural"},"value"]},{"$i":"days-until-short","$v":{"other":["en ",{"t":"idOrVar","v":"value"},"d"],"zero":"hoy"},"$x":[{"t":"idOrVar","v":"plural"},"value"]},{"$i":"incorrectDate","$v":"(fecha incorrecta)"},{"$i":"dateTimeFormat_%c","$v":"%a %b %e %Y %I:%M:%S %p"},{"$i":"dateTimeFormat_%x","$v":"%d/%m/%Y"},{"$i":"dateTimeFormat_%X","$v":"%I:%M:%S %p"},{"$i":"shortTimeFormat","$v":"%I:%M %p"},{"$i":"shortTimeFormat12","$v":"%I:%M %p"},{"$i":"shortTimeFormat24","$v":"%H:%M"},{"$i":"shortDateTimeFormat","$v":"%x %I:%M %p"},{"$i":"weekStartsOnMonday","$v":"0.0"},{"$i":"firstDayOfTheWeek","$v":"0.0"},{"$i":"time_am","$v":"AM"},{"$i":"time_pm","$v":"PM"}]