[{"$i":"toast-audio-save","$v":["‏",{"t":"idOrVar","v":"name"}," ذخیره شد."]},{"$i":"toast-audio-discarded","$v":"ضبط رد شد."},{"$i":"toast-save-rate","$v":"تغییرات ذخیره شد."},{"$i":"toast-audio-deleted","$v":"فایل صوتی حذف شد."},{"$i":"toast-audio-files-deleted","$v":"فایل های صوتی حذف شدند."},{"$i":"toast-audio-rename-ok","$v":"نام تغییر کرد."},{"$i":"toast-audio-rename-failed","$v":"تغییرنام انجام نشد."},{"$i":"toast-audio-rename-empty-or-only-space","$v":"نام جدید نمی تواند خالی باشد یا فقط فضا داشته باشد."},{"$i":"toast-music-library-save","$v":[{"t":"idOrVar","v":"name"}," در کتابخانه موسیقی ذخیره شد"]},{"$i":"toast-audio-import-save","$v":[{"t":"idOrVar","v":"name"}," در ضبط کننده ذخیره شد."]},{"$i":"toast-audio-save-failed","$v":"ذخیره نشد."},{"$i":"new","$v":"جديد"},{"$i":"option","$v":"گزینه"},{"$i":"play","$v":"پخش"},{"$i":"ok","$v":"تأیید"},{"$i":"options","$v":"گزینه ها"},{"$i":"back","$v":"برگشت"},{"$i":"pause","$v":"توقف موقت"},{"$i":"cancel","$v":"لغو کردن"},{"$i":"delete","$v":"حذف"},{"$i":"done","$v":"انجام شد"},{"$i":"save","$v":"ذخيره"},{"$i":"discard","$v":"رد کردن"},{"$i":"all","$v":"همه"},{"$i":"deselect","$v":"عدم انتخاب"},{"$i":"none","$v":"هيچكدام"},{"$i":"select","$v":"انتخاب"},{"$i":"menu-header-options","$v":"گزینه ها"},{"$i":"menu-header-option","$v":"گزینه"},{"$i":"menu-delete","$v":"حذف"},{"$i":"menu-share","$v":"اشتراک"},{"$i":"menu-rename","$v":"تغيير نام"},{"$i":"menu-save-as-ringtone","$v":"ذخيره به عنوان آهنگ زنگ"},{"$i":"menu-settings","$v":"تنظیمات"},{"$i":"menu-volume","$v":"ميزان صدا"},{"$i":"menu-save-to-music-library","$v":"ذخیره در کتابخانه موسیقی"},{"$i":"menu-select-multiple","$v":"انتخاب چندگانه"},{"$i":"number-selected","$v":{"few":[{"t":"idOrVar","v":"number"}," مورد انتخاب شد"],"many":[{"t":"idOrVar","v":"number"}," مورد انتخاب شد"],"one":[{"t":"idOrVar","v":"number"}," مورد انتخاب شد"],"other":[{"t":"idOrVar","v":"number"}," مورد انتخاب شد"],"two":[{"t":"idOrVar","v":"number"}," مورد انتخاب شد"],"zero":[{"t":"idOrVar","v":"number"}," مورد انتخاب شد"]},"$x":[{"t":"idOrVar","v":"plural"},"n"]},{"$i":"title-audio-list","$v":"ضبط کننده"},{"$i":"title-rename","$v":"تغيير نام"},{"$i":"title-settings","$v":"تنظیمات"},{"$i":"title-save-confirmation","$v":"تأييد"},{"$i":"title-delete-confirmation","$v":"تأييد"},{"$i":"title-recording-bitrate","$v":"سرعت ضبط"},{"$i":"title-pick-audio-list","$v":"انتخاب یک مورد ضبط شده"},{"$i":"dialog-delete-audio-file","$v":"حذف فایل صوتی؟"},{"$i":"dialog-save-audio-recording","$v":"ضبط صوتی ذخیره شود؟"},{"$i":"dialog-delete-select-audio","$v":{"few":[{"t":"idOrVar","v":"number"}," مورد ضبط‌شده حذف شود؟"],"many":[{"t":"idOrVar","v":"number"}," مورد ضبط‌شده حذف شود؟"],"one":"مواد ضبط‌شده انتخابی حذف شود؟","other":[{"t":"idOrVar","v":"number"}," مورد ضبط‌شده حذف شود؟"],"two":[{"t":"idOrVar","v":"number"}," مورد ضبط‌شده حذف شود؟"]},"$x":[{"t":"idOrVar","v":"plural"},"n"]},{"$i":"settings-bitrate-8k","$v":"8کیلو (اندازه کوچک تر)"},{"$i":"settings-bitrate-44k","$v":"44کیلو (اندازه بزرگ)"},{"$i":"settings-bitrate-err","$v":"خطای تنظیم"},{"$i":"audio-recorder-is-empty","$v":"ضبط کننده صدا خالی است، برای شروع ضبط روی جدید فشار دهید."},{"$i":"audio-pick-is-empty","$v":"هیچ مورد ضبط شده ای موجود نیست."},{"$i":"input-title-enter-new-name","$v":"وارد کردن نام جدید"},{"$i":"new-recording","$v":"ضبط جدید"},{"$i":"save-input","placeholder":"ضبط جدید"},{"$i":"save-audio-input","$v":"نام"},{"$i":"audio-player-state","$v":"در حال پخش..."},{"$i":"audio-player-state-pause","$v":""},{"$i":"audio-recorder-loading","$v":"اسکن برای ضبط های صوتی..."},{"$i":"unsupport-file-name","$v":{"$o":"نمی توانید از نامی که شامل نویسه های پشتیبانی نشده است استفاده کنید: \\/:*?\"<>|"}},{"$i":"import-file-error","$v":"نام از قبل انتخاب شده است. نام دیگری انتخاب کنید"},{"$i":"import-file-exist","$v":"نام فایل از قبل موجود است."},{"$i":"state_storage_no_memory_card","$v":"کارت حافظه یافت نشد. لطفاً یک کارت حافظه وارد کنید."},{"$i":"state_storage_full","$v":"حافظه تلفن پر است"},{"$i":"state_storage_full_sdcard","$v":"کارت SD پر است"},{"$i":"state_storage_full_content_new","$v":"برای آزاد کردن فضا، فایل های رسانه یا داده های برنامه را حذف کنید. همینطور می توانید یک کارت SD وارد کنید تا حافظه رسانه افزایش یابد."},{"$i":"state_storage_full_content_new_sdcard","$v":"برای آزاد کردن فضا، فایل ها را در کارت SD حذف کنید."},{"$i":"state_storage_full_content_record","$v":"برای آزاد کردن فضا، فایل های رسانه یا داده های برنامه را حذف کنید. همینطور می توانید یک کارت SD وارد کنید تا حافظه رسانه افزایش یابد."},{"$i":"state_storage_full_content_record_sdcard","$v":"برای آزاد کردن فضا، فایل ها را در کارت SD حذف کنید."},{"$i":"state_storage_full_content_save","$v":"برای آزاد کردن فضا، فایل های رسانه یا داده های برنامه را حذف کنید. همینطور می توانید یک کارت SD وارد کنید تا حافظه رسانه افزایش یابد."},{"$i":"state_storage_full_content_save_sdcard","$v":"برای آزاد کردن فضا، فایل ها را در کارت SD حذف کنید."},{"$i":"state_storage_in_use","$v":"حافظه در حال حاضر در حال استفاده است. لطفاً تلفن را جدا کنید."},{"$i":"rename-same-name","$v":"نام تغییر نکرد."},{"$i":"confirmation","$v":"تأييد"},{"$i":"discard-confirm","$v":"از ضبط صرفنظر شود؟"},{"$i":"invalid-confirm","$v":"نمی توانید فایل را پخش کنید چون پشتیبانی نشده یا نامعتبر است."},{"$i":"weekday-0-long","$v":"يكشنبه"},{"$i":"weekday-1-long","$v":"دوشنبه"},{"$i":"weekday-2-long","$v":"سه شنبه"},{"$i":"weekday-3-long","$v":"چهارشنبه"},{"$i":"weekday-4-long","$v":"پنج شنبه"},{"$i":"weekday-5-long","$v":"جمعه"},{"$i":"weekday-6-long","$v":"شنبه"},{"$i":"weekday-0-short","$v":"یکشنبه"},{"$i":"weekday-1-short","$v":"دوشنبه"},{"$i":"weekday-2-short","$v":"سه شنبه"},{"$i":"weekday-3-short","$v":"چهارشنبه"},{"$i":"weekday-4-short","$v":"پنج شنبه"},{"$i":"weekday-5-short","$v":"جمعه"},{"$i":"weekday-6-short","$v":"شنبه"},{"$i":"month-0-long","$v":"ژانویه"},{"$i":"month-1-long","$v":"فوریه"},{"$i":"month-2-long","$v":"مارس"},{"$i":"month-3-long","$v":"آوریل"},{"$i":"month-4-long","$v":"مه"},{"$i":"month-5-long","$v":"ژوئن"},{"$i":"month-6-long","$v":"ژوئیه"},{"$i":"month-7-long","$v":"اوت"},{"$i":"month-8-long","$v":"سپتامبر"},{"$i":"month-9-long","$v":"اکتبر"},{"$i":"month-10-long","$v":"نوامبر"},{"$i":"month-11-long","$v":"دسامبر"},{"$i":"month-0-genitive","$v":"ژانویه"},{"$i":"month-1-genitive","$v":"فوریه"},{"$i":"month-2-genitive","$v":"مارس"},{"$i":"month-3-genitive","$v":"آوریل"},{"$i":"month-4-genitive","$v":"مه"},{"$i":"month-5-genitive","$v":"ژوئن"},{"$i":"month-6-genitive","$v":"ژوئیه"},{"$i":"month-7-genitive","$v":"اوت"},{"$i":"month-8-genitive","$v":"سپتامبر"},{"$i":"month-9-genitive","$v":"اکتبر"},{"$i":"month-10-genitive","$v":"نوامبر"},{"$i":"month-11-genitive","$v":"دسامبر"},{"$i":"month-0-short","$v":"ژانويه"},{"$i":"month-1-short","$v":"فوريه"},{"$i":"month-2-short","$v":"مارس"},{"$i":"month-3-short","$v":"آوريل"},{"$i":"month-4-short","$v":"مه"},{"$i":"month-5-short","$v":"ژوئن"},{"$i":"month-6-short","$v":"ژوئيه"},{"$i":"month-7-short","$v":"اوت"},{"$i":"month-8-short","$v":"سپتامبر"},{"$i":"month-9-short","$v":"اكتبر"},{"$i":"month-10-short","$v":"نوامبر"},{"$i":"month-11-short","$v":"دسامبر"},{"$i":"minutes-ago-long","$v":{"few":[{"t":"idOrVar","v":"value"}," دقیقه قبل"],"many":[{"t":"idOrVar","v":"value"}," دقیقه قبل"],"other":[{"t":"idOrVar","v":"value"}," دقیقه قبل"],"two":[{"t":"idOrVar","v":"value"}," دقیقه قبل"],"one":"یک دقيقه قبل","zero":"درست اکنون"},"$x":[{"t":"idOrVar","v":"plural"},"value"]},{"$i":"hours-ago-long","$v":{"few":[{"t":"idOrVar","v":"value"}," ساعت قبل"],"many":[{"t":"idOrVar","v":"value"}," ساعت قبل"],"other":[{"t":"idOrVar","v":"value"}," ساعت قبل"],"two":[{"t":"idOrVar","v":"value"}," ساعت قبل"],"one":"یک ساعت قبل","zero":"درست اکنون"},"$x":[{"t":"idOrVar","v":"plural"},"value"]},{"$i":"days-ago-long","$v":{"few":[{"t":"idOrVar","v":"value"}," روز قبل"],"many":[{"t":"idOrVar","v":"value"}," روز قبل"],"one":"دیروز","other":[{"t":"idOrVar","v":"value"}," روز قبل"],"two":[{"t":"idOrVar","v":"value"}," روز قبل"],"zero":"امروز"},"$x":[{"t":"idOrVar","v":"plural"},"value"]},{"$i":"weeks-ago-long","$v":{"few":[{"t":"idOrVar","v":"value"}," هفته قبل"],"many":[{"t":"idOrVar","v":"value"}," هفته قبل"],"one":"هفته قبل","other":[{"t":"idOrVar","v":"value"}," هفته قبل"],"two":[{"t":"idOrVar","v":"value"}," هفته قبل"],"zero":"این هفته"},"$x":[{"t":"idOrVar","v":"plural"},"value"]},{"$i":"months-ago-long","$v":{"few":[{"t":"idOrVar","v":"value"}," ماه قبل"],"many":[{"t":"idOrVar","v":"value"}," ماه قبل"],"one":"ماه قبل","other":[{"t":"idOrVar","v":"value"}," ماه قبل"],"two":[{"t":"idOrVar","v":"value"}," ماه قبل"],"zero":"این ماه"},"$x":[{"t":"idOrVar","v":"plural"},"value"]},{"$i":"years-ago-long","$v":{"few":[{"t":"idOrVar","v":"value"}," سال قبل"],"many":[{"t":"idOrVar","v":"value"}," سال قبل"],"one":"سال قبل","other":[{"t":"idOrVar","v":"value"}," سال قبل"],"two":[{"t":"idOrVar","v":"value"}," سال قبل"],"zero":"امسال"},"$x":[{"t":"idOrVar","v":"plural"},"value"]},{"$i":"minutes-until-long","$v":{"few":"در {value}} دقیقه","many":"در {value}} دقیقه","other":"در {value}} دقیقه","two":"در {value}} دقیقه","zero":"اکنون","one":"در یک دقیقه"},"$x":[{"t":"idOrVar","v":"plural"},"value"]},{"$i":"hours-until-long","$v":{"few":"در {value}} ساعت","many":"در {value}} ساعت","other":"در {value}} ساعت","two":"در {value}} ساعت","zero":"اکنون","one":"در یک ساعت"},"$x":[{"t":"idOrVar","v":"plural"},"value"]},{"$i":"days-until-long","$v":{"few":["در ",{"t":"idOrVar","v":"value"}," روز"],"many":["در ",{"t":"idOrVar","v":"value"}," روز"],"one":"فردا","other":["در ",{"t":"idOrVar","v":"value"}," روز"],"two":["در ",{"t":"idOrVar","v":"value"}," روز"],"zero":"امروز"},"$x":[{"t":"idOrVar","v":"plural"},"value"]},{"$i":"weeks-until-long","$v":{"few":["در ",{"t":"idOrVar","v":"value"}," هفته"],"many":["در ",{"t":"idOrVar","v":"value"}," هفته"],"one":"هفته بعد","other":["در ",{"t":"idOrVar","v":"value"}," هفته"],"two":["در ",{"t":"idOrVar","v":"value"}," هفته"],"zero":"این هفته"},"$x":[{"t":"idOrVar","v":"plural"},"value"]},{"$i":"months-until-long","$v":{"few":["در ",{"t":"idOrVar","v":"value"}," ماه"],"many":["در ",{"t":"idOrVar","v":"value"}," ماه"],"one":"ماه بعد","other":["در ",{"t":"idOrVar","v":"value"}," ماه"],"two":["در ",{"t":"idOrVar","v":"value"}," ماه"],"zero":"این ماه"},"$x":[{"t":"idOrVar","v":"plural"},"value"]},{"$i":"years-until-long","$v":{"few":["در ",{"t":"idOrVar","v":"value"}," سال"],"many":["در ",{"t":"idOrVar","v":"value"}," سال"],"one":"سال بعد","other":["در ",{"t":"idOrVar","v":"value"}," سال"],"two":["در ",{"t":"idOrVar","v":"value"}," سال"],"zero":"امسال"},"$x":[{"t":"idOrVar","v":"plural"},"value"]},{"$i":"minutes-ago-short","$v":{"other":[{"t":"idOrVar","v":"value"},"دقیقه قبل"],"zero":"درست اکنون"},"$x":[{"t":"idOrVar","v":"plural"},"value"]},{"$i":"hours-ago-short","$v":{"other":[{"t":"idOrVar","v":"value"}," ساعت قبل"],"zero":"درست اکنون"},"$x":[{"t":"idOrVar","v":"plural"},"value"]},{"$i":"days-ago-short","$v":{"other":[{"t":"idOrVar","v":"value"}," روز قبل"],"zero":"امروز"},"$x":[{"t":"idOrVar","v":"plural"},"value"]},{"$i":"minutes-until-short","$v":{"other":"در {value}} دقیقه","zero":"اکنون"},"$x":[{"t":"idOrVar","v":"plural"},"value"]},{"$i":"hours-until-short","$v":{"other":"در {value}} ساعت","zero":"اکنون"},"$x":[{"t":"idOrVar","v":"plural"},"value"]},{"$i":"days-until-short","$v":{"other":"در {value}} روز","zero":"امروز"},"$x":[{"t":"idOrVar","v":"plural"},"value"]},{"$i":"incorrectDate","$v":"(تاریخ نادرست)"},{"$i":"dateTimeFormat_%c","$v":"%a %b %e %Y %I:%M:%S %p"},{"$i":"dateTimeFormat_%x","$v":"%m/%d/%Y"},{"$i":"dateTimeFormat_%X","$v":"%I:%M:%S %p"},{"$i":"shortTimeFormat","$v":"%I:%M %p"},{"$i":"shortTimeFormat12","$v":"%I:%M %p"},{"$i":"shortTimeFormat24","$v":"%H:%M"},{"$i":"shortDateTimeFormat","$v":"%x %I:%M %p"},{"$i":"weekStartsOnMonday","$v":"0.0"},{"$i":"firstDayOfTheWeek","$v":"0.0"},{"$i":"time_am","$v":"ب.ظ"},{"$i":"time_pm","$v":"ق.ظ"}]