[{"$i":"toast-audio-save","$v":[{"t":"idOrVar","v":"name"}," tallennettu."]},{"$i":"toast-audio-discarded","$v":"Äänite hylätty"},{"$i":"toast-save-rate","$v":"Muutokset tallennettu."},{"$i":"toast-audio-deleted","$v":"Äänite poistettu"},{"$i":"toast-audio-files-deleted","$v":"Äänitiedostot on poistettu."},{"$i":"toast-audio-rename-ok","$v":"Nimi muutettu"},{"$i":"toast-audio-rename-failed","$v":"Nimen muuttaminen epäonnistui"},{"$i":"toast-audio-rename-empty-or-only-space","$v":"Uusi nimi ei voi olla tyhjä tai vain välilyönti."},{"$i":"toast-music-library-save","$v":[{"t":"idOrVar","v":"name"}," Tallennettu musiikkikirjastoon"]},{"$i":"toast-audio-import-save","$v":[{"t":"idOrVar","v":"name"}," tallennettu nauhuriin."]},{"$i":"toast-audio-save-failed","$v":"Tallennettu epäonnistui."},{"$i":"new","$v":"Uusi"},{"$i":"option","$v":"Valinta"},{"$i":"play","$v":"Toista"},{"$i":"ok","$v":"OK"},{"$i":"options","$v":"Valinnat"},{"$i":"back","$v":"Edellinen"},{"$i":"pause","$v":"Tauko"},{"$i":"cancel","$v":"Peruuta"},{"$i":"delete","$v":"Poista"},{"$i":"done","$v":"Valmis"},{"$i":"save","$v":"Tallenna"},{"$i":"discard","$v":"Hylkää"},{"$i":"all","$v":"Kaikki"},{"$i":"deselect","$v":"Poista valinta"},{"$i":"none","$v":"Ei mitään"},{"$i":"select","$v":"Valitse"},{"$i":"menu-header-options","$v":"Valinnat"},{"$i":"menu-header-option","$v":"Valinta"},{"$i":"menu-delete","$v":"Poista"},{"$i":"menu-share","$v":"Jaa"},{"$i":"menu-rename","$v":"Muuta nimi"},{"$i":"menu-save-as-ringtone","$v":"Tallenna soittoääneksi"},{"$i":"menu-settings","$v":"Asetukset"},{"$i":"menu-volume","$v":"Äänenvoim."},{"$i":"menu-save-to-music-library","$v":"Tallenna musiikkikirjastoon"},{"$i":"menu-select-multiple","$v":"Valitse useita"},{"$i":"number-selected","$v":{"few":[{"t":"idOrVar","v":"number"}," valittu"],"many":[{"t":"idOrVar","v":"number"}," valittu"],"one":[{"t":"idOrVar","v":"number"}," valittu"],"other":[{"t":"idOrVar","v":"number"}," valittu"],"two":[{"t":"idOrVar","v":"number"}," valittu"],"zero":[{"t":"idOrVar","v":"number"}," valittu"]},"$x":[{"t":"idOrVar","v":"plural"},"number"]},{"$i":"title-audio-list","$v":"Ääninauhuri"},{"$i":"title-rename","$v":"Muuta nimi"},{"$i":"title-settings","$v":"Asetukset"},{"$i":"title-save-confirmation","$v":"Vahvistus"},{"$i":"title-delete-confirmation","$v":"Vahvistus"},{"$i":"title-recording-bitrate","$v":"Äänitysnopeus"},{"$i":"title-pick-audio-list","$v":"Valitse tallennus"},{"$i":"dialog-delete-audio-file","$v":"Poistetaanko audiotiedosto?"},{"$i":"dialog-save-audio-recording","$v":"Tallennetaanko tämä äänitallennus?"},{"$i":"dialog-delete-select-audio","$v":{"few":["Poista ",{"t":"idOrVar","v":"number"}," tallenteet?"],"many":["Poista ",{"t":"idOrVar","v":"number"}," tallenteet?"],"one":"Poista valitut tallenteet?","other":["Poista ",{"t":"idOrVar","v":"number"}," tallenteet?"],"two":["Poista ",{"t":"idOrVar","v":"number"}," tallenteet?"]},"$x":[{"t":"idOrVar","v":"plural"},"number"]},{"$i":"settings-bitrate-8k","$v":"8 K (pienempi koko)"},{"$i":"settings-bitrate-44k","$v":"44 K (suurempi koko)"},{"$i":"settings-bitrate-err","$v":"Asetusvirhe"},{"$i":"audio-recorder-is-empty","$v":"Ääninauhuri on tyhjä, paina New aloittaaksesi nauhoituksen."},{"$i":"audio-pick-is-empty","$v":"Tallenteita ei ole saatavilla."},{"$i":"input-title-enter-new-name","$v":"Anna uusi nimi"},{"$i":"new-recording","$v":"Uusi äänitys"},{"$i":"save-input","placeholder":"Uusi äänitys"},{"$i":"save-audio-input","$v":"Nimi"},{"$i":"audio-player-state","$v":"Toistetaan..."},{"$i":"audio-player-state-pause","$v":""},{"$i":"audio-recorder-loading","$v":"Skannataan äänitallenteiden varalta..."},{"$i":"unsupport-file-name","$v":{"$o":"Ei voi käyttää nimeä, joka sisältää ei tuettuja merkkejä: \\/:*?&quot;&lt;&gt;|"}},{"$i":"import-file-error","$v":"Nimi on jo käytössä. Valitse toinen nimi."},{"$i":"import-file-exist","$v":"Tiedostonimi on jo olemassa."},{"$i":"state_storage_no_memory_card","$v":"Muistikorttia ei löydy. Lisää muistikortti."},{"$i":"state_storage_full","$v":"Puhelimen tallennustila on täynnä"},{"$i":"state_storage_full_sdcard","$v":"SD-kortti on täynnä."},{"$i":"state_storage_full_content_new","$v":"Vapauta tilaa poistamalla mediatiedostoja tai sovellustietoja. Voit lisätä median tallennustilaa myös liittämällä SD-kortin."},{"$i":"state_storage_full_content_new_sdcard","$v":"Poista tiedostoja SD-kortilta vapauttaaksesi tilaa."},{"$i":"state_storage_full_content_record","$v":"Vapauta tilaa poistamalla mediatiedostoja tai sovellustietoja. Voit lisätä median tallennustilaa myös liittämällä SD-kortin."},{"$i":"state_storage_full_content_record_sdcard","$v":"Poista tiedostoja SD-kortilta vapauttaaksesi tilaa."},{"$i":"state_storage_full_content_save","$v":"Vapauta tilaa poistamalla mediatiedostoja tai sovellustietoja. Voit lisätä median tallennustilaa myös liittämällä SD-kortin."},{"$i":"state_storage_full_content_save_sdcard","$v":"Poista tiedostoja SD-kortilta vapauttaaksesi tilaa."},{"$i":"state_storage_in_use","$v":"Tallennustila on käytössä. Irrota puhelimen johto pistorasiasta."},{"$i":"rename-same-name","$v":"Nimi muuttunut."},{"$i":"confirmation","$v":"Vahvistus"},{"$i":"discard-confirm","$v":"Hylätään tallenne?"},{"$i":"invalid-confirm","$v":"Tiedostoa ei voi toistaa, koska sitä ei tueta tai se on virheellinen."},{"$i":"weekday-0-long","$v":"Sunnuntai"},{"$i":"weekday-1-long","$v":"Maanantai"},{"$i":"weekday-2-long","$v":"Tiistai"},{"$i":"weekday-3-long","$v":"Keskiviikko"},{"$i":"weekday-4-long","$v":"Torstai"},{"$i":"weekday-5-long","$v":"Perjantai"},{"$i":"weekday-6-long","$v":"Lauantai"},{"$i":"weekday-0-short","$v":"Su"},{"$i":"weekday-1-short","$v":"Ma"},{"$i":"weekday-2-short","$v":"Ti"},{"$i":"weekday-3-short","$v":"Ke"},{"$i":"weekday-4-short","$v":"To"},{"$i":"weekday-5-short","$v":"Pe"},{"$i":"weekday-6-short","$v":"La"},{"$i":"month-0-long","$v":"Tammikuu"},{"$i":"month-1-long","$v":"Helmikuu"},{"$i":"month-2-long","$v":"Maaliskuu"},{"$i":"month-3-long","$v":"Huhtikuu"},{"$i":"month-4-long","$v":"Toukokuu"},{"$i":"month-5-long","$v":"Kesäkuu"},{"$i":"month-6-long","$v":"Heinäkuu"},{"$i":"month-7-long","$v":"Elokuu"},{"$i":"month-8-long","$v":"Syyskuu"},{"$i":"month-9-long","$v":"Lokakuu"},{"$i":"month-10-long","$v":"Marraskuu"},{"$i":"month-11-long","$v":"Joulukuu"},{"$i":"month-0-genitive","$v":"Tammikuu"},{"$i":"month-1-genitive","$v":"Helmikuu"},{"$i":"month-2-genitive","$v":"Maaliskuu"},{"$i":"month-3-genitive","$v":"Huhtikuu"},{"$i":"month-4-genitive","$v":"Toukokuu"},{"$i":"month-5-genitive","$v":"Kesäkuu"},{"$i":"month-6-genitive","$v":"Heinäkuu"},{"$i":"month-7-genitive","$v":"Elokuu"},{"$i":"month-8-genitive","$v":"Syyskuu"},{"$i":"month-9-genitive","$v":"Lokakuu"},{"$i":"month-10-genitive","$v":"Marraskuu"},{"$i":"month-11-genitive","$v":"Joulukuu"},{"$i":"month-0-short","$v":"tam"},{"$i":"month-1-short","$v":"hel"},{"$i":"month-2-short","$v":"maa"},{"$i":"month-3-short","$v":"huh"},{"$i":"month-4-short","$v":"tou"},{"$i":"month-5-short","$v":"kes"},{"$i":"month-6-short","$v":"hei"},{"$i":"month-7-short","$v":"elo"},{"$i":"month-8-short","$v":"syy"},{"$i":"month-9-short","$v":"lok"},{"$i":"month-10-short","$v":"mar"},{"$i":"month-11-short","$v":"jou"},{"$i":"minutes-ago-long","$v":{"few":[{"t":"idOrVar","v":"value"}," minuuttia sitten"],"many":[{"t":"idOrVar","v":"value"}," minuuttia sitten"],"other":[{"t":"idOrVar","v":"value"}," minuuttia sitten"],"two":[{"t":"idOrVar","v":"value"}," minuuttia sitten"],"one":"minuutti sitten","zero":"juuri nyt"},"$x":[{"t":"idOrVar","v":"plural"},"value"]},{"$i":"hours-ago-long","$v":{"few":[{"t":"idOrVar","v":"value"}," tuntia sitten"],"many":[{"t":"idOrVar","v":"value"}," tuntia sitten"],"other":[{"t":"idOrVar","v":"value"}," tuntia sitten"],"two":[{"t":"idOrVar","v":"value"}," tuntia sitten"],"one":"1 tunti sitten","zero":"juuri nyt"},"$x":[{"t":"idOrVar","v":"plural"},"value"]},{"$i":"days-ago-long","$v":{"few":[{"t":"idOrVar","v":"value"}," päivää sitten"],"many":[{"t":"idOrVar","v":"value"}," päivää sitten"],"one":"eilen","other":[{"t":"idOrVar","v":"value"}," päivää sitten"],"two":[{"t":"idOrVar","v":"value"}," päivää sitten"],"zero":"tänään"},"$x":[{"t":"idOrVar","v":"plural"},"value"]},{"$i":"weeks-ago-long","$v":{"few":[{"t":"idOrVar","v":"value"}," viikkoa sitten"],"many":[{"t":"idOrVar","v":"value"}," viikkoa sitten"],"one":"viime viikolla","other":[{"t":"idOrVar","v":"value"}," viikkoa sitten"],"two":[{"t":"idOrVar","v":"value"}," viikkoa sitten"],"zero":"tällä viikolla"},"$x":[{"t":"idOrVar","v":"plural"},"value"]},{"$i":"months-ago-long","$v":{"few":[{"t":"idOrVar","v":"value"}," kuukautta sitten"],"many":[{"t":"idOrVar","v":"value"}," kuukautta sitten"],"one":"viimeinen kuukausi","other":[{"t":"idOrVar","v":"value"}," kuukautta sitten"],"two":[{"t":"idOrVar","v":"value"}," kuukautta sitten"],"zero":"tässä kuussa"},"$x":[{"t":"idOrVar","v":"plural"},"value"]},{"$i":"years-ago-long","$v":{"few":[{"t":"idOrVar","v":"value"}," vuotta sitten"],"many":[{"t":"idOrVar","v":"value"}," vuotta sitten"],"one":"viime vuonna","other":[{"t":"idOrVar","v":"value"}," vuotta sitten"],"two":[{"t":"idOrVar","v":"value"}," vuotta sitten"],"zero":"tänä vuonna"},"$x":[{"t":"idOrVar","v":"plural"},"value"]},{"$i":"minutes-until-long","$v":{"few":[{"t":"idOrVar","v":"value"}," minuutin kuluttua"],"many":[{"t":"idOrVar","v":"value"}," minuutin kuluttua"],"other":[{"t":"idOrVar","v":"value"}," minuutin kuluttua"],"two":[{"t":"idOrVar","v":"value"}," minuutin kuluttua"],"zero":"nyt","one":"1 minuutissa"},"$x":[{"t":"idOrVar","v":"plural"},"value"]},{"$i":"hours-until-long","$v":{"few":[{"t":"idOrVar","v":"value"}," tunnin kuluttua"],"many":[{"t":"idOrVar","v":"value"}," tunnin kuluttua"],"other":[{"t":"idOrVar","v":"value"}," tunnin kuluttua"],"two":[{"t":"idOrVar","v":"value"}," tunnin kuluttua"],"zero":"nyt","one":"1 tunnissa"},"$x":[{"t":"idOrVar","v":"plural"},"value"]},{"$i":"days-until-long","$v":{"few":[{"t":"idOrVar","v":"value"}," päivän kuluttua"],"many":[{"t":"idOrVar","v":"value"}," päivän kuluttua"],"one":"huomenna","other":[{"t":"idOrVar","v":"value"}," päivän kuluttua"],"two":[{"t":"idOrVar","v":"value"}," päivän kuluttua"],"zero":"tänään"},"$x":[{"t":"idOrVar","v":"plural"},"value"]},{"$i":"weeks-until-long","$v":{"few":[{"t":"idOrVar","v":"value"}," viikon kuluttua"],"many":[{"t":"idOrVar","v":"value"}," viikon kuluttua"],"one":"seuraava viikko","other":[{"t":"idOrVar","v":"value"}," viikon kuluttua"],"two":[{"t":"idOrVar","v":"value"}," viikon kuluttua"],"zero":"tällä viikolla"},"$x":[{"t":"idOrVar","v":"plural"},"value"]},{"$i":"months-until-long","$v":{"few":[{"t":"idOrVar","v":"value"}," kuukauden kuluttua"],"many":[{"t":"idOrVar","v":"value"}," kuukauden kuluttua"],"one":"seuraava kuukausi","other":[{"t":"idOrVar","v":"value"}," kuukauden kuluttua"],"two":[{"t":"idOrVar","v":"value"}," kuukauden kuluttua"],"zero":"tässä kuussa"},"$x":[{"t":"idOrVar","v":"plural"},"value"]},{"$i":"years-until-long","$v":{"few":[{"t":"idOrVar","v":"value"}," vuoden kuluttua"],"many":[{"t":"idOrVar","v":"value"}," vuoden kuluttua"],"one":"seuraava vuosi","other":[{"t":"idOrVar","v":"value"}," vuoden kuluttua"],"two":[{"t":"idOrVar","v":"value"}," vuoden kuluttua"],"zero":"tänä vuonna"},"$x":[{"t":"idOrVar","v":"plural"},"value"]},{"$i":"minutes-ago-short","$v":{"other":[{"t":"idOrVar","v":"value"}," m sitten"],"zero":"juuri nyt"},"$x":[{"t":"idOrVar","v":"plural"},"value"]},{"$i":"hours-ago-short","$v":{"other":[{"t":"idOrVar","v":"value"}," h sitten"],"zero":"juuri nyt"},"$x":[{"t":"idOrVar","v":"plural"},"value"]},{"$i":"days-ago-short","$v":{"other":[{"t":"idOrVar","v":"value"}," pvää sitten"],"zero":"tänään"},"$x":[{"t":"idOrVar","v":"plural"},"value"]},{"$i":"minutes-until-short","$v":{"other":[{"t":"idOrVar","v":"value"}," m kuluttua"],"zero":"nyt"},"$x":[{"t":"idOrVar","v":"plural"},"value"]},{"$i":"hours-until-short","$v":{"other":[{"t":"idOrVar","v":"value"}," h kuluttua"],"zero":"nyt"},"$x":[{"t":"idOrVar","v":"plural"},"value"]},{"$i":"days-until-short","$v":{"other":[{"t":"idOrVar","v":"value"}," pvän kuluttua"],"zero":"tänään"},"$x":[{"t":"idOrVar","v":"plural"},"value"]},{"$i":"incorrectDate","$v":"(virheellinen päivämäärä)"},{"$i":"dateTimeFormat_%c","$v":"%a %b %e %Y %I:%M:%S %p"},{"$i":"dateTimeFormat_%x","$v":"%m/%d/%Y"},{"$i":"dateTimeFormat_%X","$v":"%I:%M:%S %p"},{"$i":"shortTimeFormat","$v":"%I:%M %p"},{"$i":"shortTimeFormat12","$v":"%I:%M %p"},{"$i":"shortTimeFormat24","$v":"%H:%M"},{"$i":"shortDateTimeFormat","$v":"%x %I:%M %p"},{"$i":"weekStartsOnMonday","$v":"0.0"},{"$i":"firstDayOfTheWeek","$v":"1.0"},{"$i":"time_am","$v":"AM"},{"$i":"time_pm","$v":"PM"}]