[{"$i":"toast-audio-save","$v":["Na-save ang ",{"t":"idOrVar","v":"name"},"."]},{"$i":"toast-audio-discarded","$v":"Na-discard ang recording"},{"$i":"toast-save-rate","$v":"Na-save ang mga pagbabago."},{"$i":"toast-audio-deleted","$v":"Na-delete ang recording"},{"$i":"toast-audio-files-deleted","$v":"Tinanggal ang mga file ng audio."},{"$i":"toast-audio-rename-ok","$v":"Nabago ang pangalan"},{"$i":"toast-audio-rename-failed","$v":"Hindi Napalitan ang Pangalan"},{"$i":"toast-audio-rename-empty-or-only-space","$v":"Ang bagong pangalan ay hindi maaaring walang laman o puwang lamang."},{"$i":"toast-music-library-save","$v":[{"t":"idOrVar","v":"name"}," Nai-save sa library ng musika"]},{"$i":"toast-audio-import-save","$v":["Na-save ang ",{"t":"idOrVar","v":"name"}," sa Recorder."]},{"$i":"toast-audio-save-failed","$v":"Nabigo ang na-save."},{"$i":"new","$v":"Bago"},{"$i":"option","$v":"Opsyon"},{"$i":"play","$v":"I-play"},{"$i":"ok","$v":"OK"},{"$i":"options","$v":"Mga Opsyon"},{"$i":"back","$v":"Bumalik"},{"$i":"pause","$v":"I-pause"},{"$i":"cancel","$v":"Kanselahin"},{"$i":"delete","$v":"I-delete"},{"$i":"done","$v":"Tapos na"},{"$i":"save","$v":"I-save"},{"$i":"discard","$v":"I-discard"},{"$i":"all","$v":"Lahat"},{"$i":"deselect","$v":"Alisin ang pagkakapili"},{"$i":"none","$v":"Wala"},{"$i":"select","$v":"Pumili"},{"$i":"menu-header-options","$v":"Mga Opsyon"},{"$i":"menu-header-option","$v":"Opsyon"},{"$i":"menu-delete","$v":"I-delete"},{"$i":"menu-share","$v":"Ibahagi"},{"$i":"menu-rename","$v":"Palitan ang pangalan"},{"$i":"menu-save-as-ringtone","$v":"I-save bilang ringtone"},{"$i":"menu-settings","$v":"Mga Setting"},{"$i":"menu-volume","$v":"Volume"},{"$i":"menu-save-to-music-library","$v":"I-save sa library ng musika"},{"$i":"menu-select-multiple","$v":"Pumili nang Marami"},{"$i":"number-selected","$v":{"few":[{"t":"idOrVar","v":"number"}," ang napili"],"many":[{"t":"idOrVar","v":"number"}," ang napili"],"one":[{"t":"idOrVar","v":"number"}," ang napili"],"other":[{"t":"idOrVar","v":"number"}," ang napili"],"two":[{"t":"idOrVar","v":"number"}," ang napili"],"zero":[{"t":"idOrVar","v":"number"}," ang napili"]},"$x":[{"t":"idOrVar","v":"plural"},"number"]},{"$i":"title-audio-list","$v":"Audio Recorder"},{"$i":"title-rename","$v":"Palitan ang pangalan"},{"$i":"title-settings","$v":"Mga Setting"},{"$i":"title-save-confirmation","$v":"Kumpirmasyon"},{"$i":"title-delete-confirmation","$v":"Kumpirmasyon"},{"$i":"title-recording-bitrate","$v":"Rate ng Recording"},{"$i":"title-pick-audio-list","$v":"Pumili ng isang Pagrekord"},{"$i":"dialog-delete-audio-file","$v":"I-delete ang audio file na ito?"},{"$i":"dialog-save-audio-recording","$v":"I-save ang audio recording?"},{"$i":"dialog-delete-select-audio","$v":{"few":["Tanggalin ang mga ",{"t":"idOrVar","v":"number"}," na mga pag-record?"],"many":["Tanggalin ang mga ",{"t":"idOrVar","v":"number"}," na mga pag-record?"],"one":"Tanggalin ang mga napiling pag-record?","other":["Tanggalin ang mga ",{"t":"idOrVar","v":"number"}," na mga pag-record?"],"two":["Tanggalin ang mga ",{"t":"idOrVar","v":"number"}," na mga pag-record?"]},"$x":[{"t":"idOrVar","v":"plural"},"number"]},{"$i":"settings-bitrate-8k","$v":"8K (Mas maliit)"},{"$i":"settings-bitrate-44k","$v":"44K (Mas malaki)"},{"$i":"settings-bitrate-err","$v":"Nagkaroon ng Error sa Setting"},{"$i":"audio-recorder-is-empty","$v":"Walang laman ang recorder ng audio, pindutin ang Bago upang magsimulang mag-record."},{"$i":"audio-pick-is-empty","$v":"Walang magagamit na mga pag-record."},{"$i":"input-title-enter-new-name","$v":"Magpasok ng bagong pangalan"},{"$i":"new-recording","$v":"Bagong Recording"},{"$i":"save-input","placeholder":"Bagong Recording"},{"$i":"save-audio-input","$v":"Pangalan"},{"$i":"audio-player-state","$v":"Pine-play..."},{"$i":"audio-player-state-pause","$v":""},{"$i":"audio-recorder-loading","$v":"Nagsa-scan para sa mga audio recording..."},{"$i":"unsupport-file-name","$v":{"$o":"Hindi maaaring gumamit ng pangalang naglalaman ng mga hindi sinusuportahang character: \\/:*?&quot;&lt;&gt;|"}},{"$i":"import-file-error","$v":"Mayroon nang may ganitong pangalan. Pumili ng ibang pangalan."},{"$i":"import-file-exist","$v":"Mayroon nang ganitong pangalan ng file."},{"$i":"state_storage_no_memory_card","$v":"Hindi nakita ang memory card. Magpasok ng memory card."},{"$i":"state_storage_full","$v":"Puno ang Storage ng Telepono"},{"$i":"state_storage_full_sdcard","$v":"Puno ang SD card."},{"$i":"state_storage_full_content_new","$v":"Mag-delete ng media file o data ng application para magbakante ng espasyo. Makakapaglagay ka rin ng SD card para palakihin ang media storage."},{"$i":"state_storage_full_content_new_sdcard","$v":"I-delete ang mga file sa SD card para magbakante ng espasyo."},{"$i":"state_storage_full_content_record","$v":"Mag-delete ng media file o data ng application para magbakante ng espasyo. Makakapaglagay ka rin ng SD card para palakihin ang media storage."},{"$i":"state_storage_full_content_record_sdcard","$v":"I-delete ang mga file sa SD card para magbakante ng espasyo."},{"$i":"state_storage_full_content_save","$v":"Mag-delete ng media file o data ng application para magbakante ng espasyo. Makakapaglagay ka rin ng SD card para palakihin ang media storage."},{"$i":"state_storage_full_content_save_sdcard","$v":"I-delete ang mga file sa SD card para magbakante ng espasyo."},{"$i":"state_storage_in_use","$v":"Kasalukuyang ginagamit ang storage. Paki-unplug ang telepono."},{"$i":"rename-same-name","$v":"Hindi nagbago ang pangalan."},{"$i":"confirmation","$v":"Kumpirmasyon"},{"$i":"discard-confirm","$v":"Itapon ang pagrekord?"},{"$i":"invalid-confirm","$v":"Hindi mai-play ang file dahil hindi suportado o hindi wasto."},{"$i":"weekday-0-long","$v":"Linggo"},{"$i":"weekday-1-long","$v":"Lunes"},{"$i":"weekday-2-long","$v":"Martes"},{"$i":"weekday-3-long","$v":"Miyerkules"},{"$i":"weekday-4-long","$v":"Huwebes"},{"$i":"weekday-5-long","$v":"Biyernes"},{"$i":"weekday-6-long","$v":"Sabado"},{"$i":"weekday-0-short","$v":"Lin"},{"$i":"weekday-1-short","$v":"Lun"},{"$i":"weekday-2-short","$v":"Mar"},{"$i":"weekday-3-short","$v":"Miy"},{"$i":"weekday-4-short","$v":"Hwe"},{"$i":"weekday-5-short","$v":"Biy"},{"$i":"weekday-6-short","$v":"Sab"},{"$i":"month-0-long","$v":"Enero"},{"$i":"month-1-long","$v":"Pebrero"},{"$i":"month-2-long","$v":"Marso"},{"$i":"month-3-long","$v":"Abril"},{"$i":"month-4-long","$v":"Mayo"},{"$i":"month-5-long","$v":"Hunyo"},{"$i":"month-6-long","$v":"Hulyo"},{"$i":"month-7-long","$v":"Agosto"},{"$i":"month-8-long","$v":"Setyembre"},{"$i":"month-9-long","$v":"Oktubre"},{"$i":"month-10-long","$v":"Nobyembre"},{"$i":"month-11-long","$v":"Disyembre"},{"$i":"month-0-genitive","$v":"Enero"},{"$i":"month-1-genitive","$v":"Pebrero"},{"$i":"month-2-genitive","$v":"Marso"},{"$i":"month-3-genitive","$v":"Abril"},{"$i":"month-4-genitive","$v":"Mayo"},{"$i":"month-5-genitive","$v":"Hunyo"},{"$i":"month-6-genitive","$v":"Hulyo"},{"$i":"month-7-genitive","$v":"Agosto"},{"$i":"month-8-genitive","$v":"Setyembre"},{"$i":"month-9-genitive","$v":"Oktubre"},{"$i":"month-10-genitive","$v":"Nobyembre"},{"$i":"month-11-genitive","$v":"Disyembre"},{"$i":"month-0-short","$v":"Ene"},{"$i":"month-1-short","$v":"Peb"},{"$i":"month-2-short","$v":"Mar"},{"$i":"month-3-short","$v":"Abr"},{"$i":"month-4-short","$v":"Mayo"},{"$i":"month-5-short","$v":"Hun"},{"$i":"month-6-short","$v":"Hul"},{"$i":"month-7-short","$v":"Ago"},{"$i":"month-8-short","$v":"Set"},{"$i":"month-9-short","$v":"Okt"},{"$i":"month-10-short","$v":"Nob"},{"$i":"month-11-short","$v":"Dis"},{"$i":"minutes-ago-long","$v":{"few":[{"t":"idOrVar","v":"value"}," (na) minuto ang nakalipas"],"many":[{"t":"idOrVar","v":"value"}," (na) minuto ang nakalipas"],"other":[{"t":"idOrVar","v":"value"}," (na) minuto ang nakalipas"],"two":[{"t":"idOrVar","v":"value"}," (na) minuto ang nakalipas"],"one":"isang minuto ang nakalipas","zero":"ngayon lang"},"$x":[{"t":"idOrVar","v":"plural"},"value"]},{"$i":"hours-ago-long","$v":{"few":[{"t":"idOrVar","v":"value"}," (na) oras ang nakalipas"],"many":[{"t":"idOrVar","v":"value"}," (na) oras ang nakalipas"],"other":[{"t":"idOrVar","v":"value"}," (na) oras ang nakalipas"],"two":[{"t":"idOrVar","v":"value"}," (na) oras ang nakalipas"],"one":"1 Oras Ago","zero":"ngayon lang"},"$x":[{"t":"idOrVar","v":"plural"},"value"]},{"$i":"days-ago-long","$v":{"few":[{"t":"idOrVar","v":"value"}," (na) araw ang nakalipas"],"many":[{"t":"idOrVar","v":"value"}," (na) araw ang nakalipas"],"one":"kahapon","other":[{"t":"idOrVar","v":"value"}," (na) araw ang nakalipas"],"two":[{"t":"idOrVar","v":"value"}," (na) araw ang nakalipas"],"zero":"ngayon"},"$x":[{"t":"idOrVar","v":"plural"},"value"]},{"$i":"weeks-ago-long","$v":{"few":[{"t":"idOrVar","v":"value"}," (na) linggo ang nakalipas"],"many":[{"t":"idOrVar","v":"value"}," (na) linggo ang nakalipas"],"one":"nakaraang linggo","other":[{"t":"idOrVar","v":"value"}," (na) linggo ang nakalipas"],"two":[{"t":"idOrVar","v":"value"}," (na) linggo ang nakalipas"],"zero":"ngayong linggo"},"$x":[{"t":"idOrVar","v":"plural"},"value"]},{"$i":"months-ago-long","$v":{"few":[{"t":"idOrVar","v":"value"}," (na) buwan ang nakalipas"],"many":[{"t":"idOrVar","v":"value"}," (na) buwan ang nakalipas"],"one":"nakaraang buwan","other":[{"t":"idOrVar","v":"value"}," (na) buwan ang nakalipas"],"two":[{"t":"idOrVar","v":"value"}," (na) buwan ang nakalipas"],"zero":"ngayong buwan"},"$x":[{"t":"idOrVar","v":"plural"},"value"]},{"$i":"years-ago-long","$v":{"few":[{"t":"idOrVar","v":"value"}," (na) taon ang nakalipas"],"many":[{"t":"idOrVar","v":"value"}," (na) taon ang nakalipas"],"one":"nakaraang taon","other":[{"t":"idOrVar","v":"value"}," (na) taon ang nakalipas"],"two":[{"t":"idOrVar","v":"value"}," (na) taon ang nakalipas"],"zero":"ngayong taon"},"$x":[{"t":"idOrVar","v":"plural"},"value"]},{"$i":"minutes-until-long","$v":{"few":["sa loob ng ",{"t":"idOrVar","v":"value"}," (na) minuto"],"many":["sa loob ng ",{"t":"idOrVar","v":"value"}," (na) minuto"],"other":["sa loob ng ",{"t":"idOrVar","v":"value"}," (na) minuto"],"two":["sa loob ng ",{"t":"idOrVar","v":"value"}," (na) minuto"],"zero":"ngayon","one":"sa 1 minuto"},"$x":[{"t":"idOrVar","v":"plural"},"value"]},{"$i":"hours-until-long","$v":{"few":["sa loob ng ",{"t":"idOrVar","v":"value"}," (na) oras"],"many":["sa loob ng ",{"t":"idOrVar","v":"value"}," (na) oras"],"other":["sa loob ng ",{"t":"idOrVar","v":"value"}," (na) oras"],"two":["sa loob ng ",{"t":"idOrVar","v":"value"}," (na) oras"],"zero":"ngayon","one":"sa 1 oras"},"$x":[{"t":"idOrVar","v":"plural"},"value"]},{"$i":"days-until-long","$v":{"few":["sa loob ng ",{"t":"idOrVar","v":"value"}," (na) araw"],"many":["sa loob ng ",{"t":"idOrVar","v":"value"}," (na) araw"],"one":"bukas","other":["sa loob ng ",{"t":"idOrVar","v":"value"}," (na) araw"],"two":["sa loob ng ",{"t":"idOrVar","v":"value"}," (na) araw"],"zero":"ngayon"},"$x":[{"t":"idOrVar","v":"plural"},"value"]},{"$i":"weeks-until-long","$v":{"few":["sa loob ng ",{"t":"idOrVar","v":"value"}," (na) linggo"],"many":["sa loob ng ",{"t":"idOrVar","v":"value"}," (na) linggo"],"one":"susunod na linggo","other":["sa loob ng ",{"t":"idOrVar","v":"value"}," (na) linggo"],"two":["sa loob ng ",{"t":"idOrVar","v":"value"}," (na) linggo"],"zero":"ngayong linggo"},"$x":[{"t":"idOrVar","v":"plural"},"value"]},{"$i":"months-until-long","$v":{"few":["sa loob ng ",{"t":"idOrVar","v":"value"}," (na) buwan"],"many":["sa loob ng ",{"t":"idOrVar","v":"value"}," (na) buwan"],"one":"susunod na buwan","other":["sa loob ng ",{"t":"idOrVar","v":"value"}," (na) buwan"],"two":["sa loob ng ",{"t":"idOrVar","v":"value"}," (na) buwan"],"zero":"ngayong buwan"},"$x":[{"t":"idOrVar","v":"plural"},"value"]},{"$i":"years-until-long","$v":{"few":["sa loob ng ",{"t":"idOrVar","v":"value"}," (na) taon"],"many":["sa loob ng ",{"t":"idOrVar","v":"value"}," (na) taon"],"one":"susunod na taon","other":["sa loob ng ",{"t":"idOrVar","v":"value"}," (na) taon"],"two":["sa loob ng ",{"t":"idOrVar","v":"value"}," (na) taon"],"zero":"ngayong taon"},"$x":[{"t":"idOrVar","v":"plural"},"value"]},{"$i":"minutes-ago-short","$v":{"other":[{"t":"idOrVar","v":"value"},"m ang nakalipas"],"zero":"ngayon lang"},"$x":[{"t":"idOrVar","v":"plural"},"value"]},{"$i":"hours-ago-short","$v":{"other":[{"t":"idOrVar","v":"value"},"h ang nakalipas"],"zero":"ngayon lang"},"$x":[{"t":"idOrVar","v":"plural"},"value"]},{"$i":"days-ago-short","$v":{"other":[{"t":"idOrVar","v":"value"},"d ang nakalipas"],"zero":"ngayon"},"$x":[{"t":"idOrVar","v":"plural"},"value"]},{"$i":"minutes-until-short","$v":{"other":["sa loob ng ",{"t":"idOrVar","v":"value"},"m"],"zero":"ngayon"},"$x":[{"t":"idOrVar","v":"plural"},"value"]},{"$i":"hours-until-short","$v":{"other":["sa loob ng ",{"t":"idOrVar","v":"value"},"o"],"zero":"ngayon"},"$x":[{"t":"idOrVar","v":"plural"},"value"]},{"$i":"days-until-short","$v":{"other":["sa loob ng ",{"t":"idOrVar","v":"value"},"a"],"zero":"ngayon"},"$x":[{"t":"idOrVar","v":"plural"},"value"]},{"$i":"incorrectDate","$v":"(mali ang petsa)"},{"$i":"dateTimeFormat_%c","$v":"%a %b %e %Y %I:%M:%S %p"},{"$i":"dateTimeFormat_%x","$v":"%m/%d/%Y"},{"$i":"dateTimeFormat_%X","$v":"%I:%M:%S %p"},{"$i":"shortTimeFormat","$v":"%I:%M %p"},{"$i":"shortTimeFormat12","$v":"%I:%M %p"},{"$i":"shortTimeFormat24","$v":"%H:%M"},{"$i":"shortDateTimeFormat","$v":"%x %I:%M %p"},{"$i":"weekStartsOnMonday","$v":"0.0"},{"$i":"firstDayOfTheWeek","$v":"0.0"},{"$i":"time_am","$v":"AM"},{"$i":"time_pm","$v":"PM"}]