[{"$i":"toast-audio-save","$v":[{"t":"idOrVar","v":"name"}," बच गया।"]},{"$i":"toast-audio-discarded","$v":"रिकॉर्डिंग को हटा दिया गया।"},{"$i":"toast-save-rate","$v":"परिवर्तन सेव किया गया।"},{"$i":"toast-audio-deleted","$v":"ऑडियो फ़ाइल हटाई गई।"},{"$i":"toast-audio-files-deleted","$v":"ऑडियो फ़ाइल हटा दी गई है।"},{"$i":"toast-audio-rename-ok","$v":"नाम बदल गया।"},{"$i":"toast-audio-rename-failed","$v":"नाम बदलने में विफल हो गए।"},{"$i":"toast-audio-rename-empty-or-only-space","$v":"नया नाम रिक्त या केवल स्पेस नहीं हो सकता है।"},{"$i":"toast-music-library-save","$v":[{"t":"idOrVar","v":"name"}," म्यूजिक लाइब्रेरी में सेव हुआ।"]},{"$i":"toast-audio-import-save","$v":[{"t":"idOrVar","v":"name"}," रिकॉर्डर में सेव किया गया।"]},{"$i":"toast-audio-save-failed","$v":"सेव किया हुआ विफ़ल रहा।"},{"$i":"new","$v":"नया"},{"$i":"option","$v":"ऑप्शंस"},{"$i":"play","$v":"बजाए"},{"$i":"ok","$v":"ठीक हैं"},{"$i":"options","$v":"विकल्प"},{"$i":"back","$v":"वापस जाएं"},{"$i":"pause","$v":"रोकें"},{"$i":"cancel","$v":"रद्द करें"},{"$i":"delete","$v":"हटाएँ"},{"$i":"done","$v":"हो गया"},{"$i":"save","$v":"सेव करें"},{"$i":"discard","$v":"हटाएं"},{"$i":"all","$v":"सभी"},{"$i":"deselect","$v":"चयन हटाएं"},{"$i":"none","$v":"कुछ भी नहीं"},{"$i":"select","$v":"चुनें"},{"$i":"menu-header-options","$v":"विकल्प"},{"$i":"menu-header-option","$v":"ऑप्शंस"},{"$i":"menu-delete","$v":"हटाएँ"},{"$i":"menu-share","$v":"साझा करें"},{"$i":"menu-rename","$v":"नाम बदलें"},{"$i":"menu-save-as-ringtone","$v":"रिंगटोन के रूप में सेव करें"},{"$i":"menu-settings","$v":"सेटिंग्स"},{"$i":"menu-volume","$v":"वॉल्यूम"},{"$i":"menu-save-to-music-library","$v":"म्युज़िक लाइब्रेरी में सेव करें"},{"$i":"menu-select-multiple","$v":"एकाधिक चुनें"},{"$i":"number-selected","$v":{"few":[{"t":"idOrVar","v":"number"}," चुने गए"],"many":[{"t":"idOrVar","v":"number"}," चुने गए"],"one":[{"t":"idOrVar","v":"number"}," चुने गए"],"other":[{"t":"idOrVar","v":"number"}," चुने गए"],"two":[{"t":"idOrVar","v":"number"}," चुने गए"],"zero":[{"t":"idOrVar","v":"number"}," चुने गए"]},"$x":[{"t":"idOrVar","v":"plural"},"number"]},{"$i":"title-audio-list","$v":"रिकॉर्डर"},{"$i":"title-rename","$v":"नाम बदलें"},{"$i":"title-settings","$v":"सेटिंग्स"},{"$i":"title-save-confirmation","$v":"पुष्टिकरण"},{"$i":"title-delete-confirmation","$v":"पुष्टिकरण"},{"$i":"title-recording-bitrate","$v":"रिकॉर्डिंग दर"},{"$i":"title-pick-audio-list","$v":"रिकॉर्डर चुनें"},{"$i":"dialog-delete-audio-file","$v":"ऑडियो फ़ाइल हटाएं?"},{"$i":"dialog-save-audio-recording","$v":"क्या ऑडियो रिकॉर्डिंग सेव करना चाहते हैं?"},{"$i":"dialog-delete-select-audio","$v":{"few":[{"t":"idOrVar","v":"number"}," रिकॉर्डिंग्स हटाना चाहते हैं?"],"many":[{"t":"idOrVar","v":"number"}," रिकॉर्डिंग्स हटाना चाहते हैं?"],"one":"चयनित रिकॉर्डिंग हटाना चाहते हैं?","other":[{"t":"idOrVar","v":"number"}," रिकॉर्डिंग्स हटाना चाहते हैं?"],"two":[{"t":"idOrVar","v":"number"}," रिकॉर्डिंग्स हटाना चाहते हैं?"]},"$x":[{"t":"idOrVar","v":"plural"},"number"]},{"$i":"settings-bitrate-8k","$v":"8K(छोटा आकार)"},{"$i":"settings-bitrate-44k","$v":"44K(बड़ा आकार)"},{"$i":"settings-bitrate-err","$v":"सेटिंग्स त्रुटि"},{"$i":"audio-recorder-is-empty","$v":"ऑडियो रिकॉर्डर खाली है, रिकॉर्डिंग शुरू करने के लिए नया दबाएं।"},{"$i":"audio-pick-is-empty","$v":"ऑडियो रिकॉर्डर खाली है।"},{"$i":"input-title-enter-new-name","$v":"नया नाम दर्ज करें"},{"$i":"new-recording","$v":"नया रिकॉर्डिंग"},{"$i":"save-input","placeholder":"नया रिकॉर्डिंग"},{"$i":"save-audio-input","$v":"नाम"},{"$i":"audio-player-state","$v":"प्ले कर रहे हैं..."},{"$i":"audio-player-state-pause","$v":""},{"$i":"audio-recorder-loading","$v":"ऑडियो रिकॉर्डिंग के लिए स्कैनिंग कर रहा है ..."},{"$i":"unsupport-file-name","$v":{"$o":"असमर्थित वर्ण वाले युक्त नाम का उपयोग नहीं किया जा सकता: \\ /: *? \"<> |"}},{"$i":"import-file-error","$v":"यह नाम पहले से मौजूद है। कोई दूसरा नाम चुनें"},{"$i":"import-file-exist","$v":"फ़ाइल नाम पहले से ही मौजूद है।"},{"$i":"state_storage_no_memory_card","$v":"मेमोरी कार्ड नहीं मिला है.कृपया एक मेमोरी कार्ड डालें।"},{"$i":"state_storage_full","$v":"फोन स्टोरेज भरा हुआ है"},{"$i":"state_storage_full_sdcard","$v":"एस.डी कार्ड भरा हुआ है"},{"$i":"state_storage_full_content_new","$v":"स्थान खाली करने के लिए मीडिया फ़ाइलों या एप्लिकेशन डेटा को हटाएं। मीडिया स्टोरेज का विस्तार करने के लिए आप एसडी कार्ड भी डाल सकते हैं।"},{"$i":"state_storage_full_content_new_sdcard","$v":"जगह खाली करने के लिए एस.डी कार्ड से सभी फ़ाइल को हटाएं।"},{"$i":"state_storage_full_content_record","$v":"स्थान खाली करने के लिए मीडिया फ़ाइलों या एप्लिकेशन डेटा को हटाएं। मीडिया स्टोरेज का विस्तार करने के लिए आप एसडी कार्ड भी डाल सकते हैं।"},{"$i":"state_storage_full_content_record_sdcard","$v":"जगह खाली करने के लिए एस.डी कार्ड से सभी फ़ाइल को हटाएं।"},{"$i":"state_storage_full_content_save","$v":"स्थान खाली करने के लिए मीडिया फ़ाइलों या एप्लिकेशन डेटा को हटाएं। मीडिया स्टोरेज का विस्तार करने के लिए आप एसडी कार्ड भी डाल सकते हैं।"},{"$i":"state_storage_full_content_save_sdcard","$v":"जगह खाली करने के लिए एस.डी कार्ड से सभी फ़ाइल को हटाएं।"},{"$i":"state_storage_in_use","$v":"स्टोरेज वर्तमान में उपयोग में है। कृपया फोन अनप्लग करें।"},{"$i":"rename-same-name","$v":"नाम नहीं बदला है।"},{"$i":"confirmation","$v":"पुष्टिकरण"},{"$i":"discard-confirm","$v":"रिकॉर्डिंग को हटाएं?"},{"$i":"invalid-confirm","$v":"इस फ़ाइल का फॉर्मेट अमान्य है या समर्थन नहीं करता है। क्या आप इस फ़ाइल को हटाना चाहते हैं?"},{"$i":"weekday-0-long","$v":"रविवार"},{"$i":"weekday-1-long","$v":"सोमवार"},{"$i":"weekday-2-long","$v":"मंगलवार"},{"$i":"weekday-3-long","$v":"बुधवार"},{"$i":"weekday-4-long","$v":"गुरुवार"},{"$i":"weekday-5-long","$v":"शुक्रवार"},{"$i":"weekday-6-long","$v":"शनिवार"},{"$i":"weekday-0-short","$v":"रवि"},{"$i":"weekday-1-short","$v":"सोम"},{"$i":"weekday-2-short","$v":"मंगल"},{"$i":"weekday-3-short","$v":"बुध"},{"$i":"weekday-4-short","$v":"गुरु"},{"$i":"weekday-5-short","$v":"शुक्र"},{"$i":"weekday-6-short","$v":"शनि"},{"$i":"month-0-long","$v":"जनवरी"},{"$i":"month-1-long","$v":"फरवरी"},{"$i":"month-2-long","$v":"मार्च"},{"$i":"month-3-long","$v":"अप्रैल"},{"$i":"month-4-long","$v":"मई"},{"$i":"month-5-long","$v":"जून"},{"$i":"month-6-long","$v":"जुलाई"},{"$i":"month-7-long","$v":"अगस्त"},{"$i":"month-8-long","$v":"सितंबर"},{"$i":"month-9-long","$v":"अक्टूबर"},{"$i":"month-10-long","$v":"नवंबर"},{"$i":"month-11-long","$v":"दिसंबर"},{"$i":"month-0-genitive","$v":"जनवरी"},{"$i":"month-1-genitive","$v":"फरवरी"},{"$i":"month-2-genitive","$v":"मार्च"},{"$i":"month-3-genitive","$v":"अप्रैल"},{"$i":"month-4-genitive","$v":"मई"},{"$i":"month-5-genitive","$v":"जून"},{"$i":"month-6-genitive","$v":"जुलाई"},{"$i":"month-7-genitive","$v":"अगस्त"},{"$i":"month-8-genitive","$v":"सितंबर"},{"$i":"month-9-genitive","$v":"अक्टूबर"},{"$i":"month-10-genitive","$v":"नवंबर"},{"$i":"month-11-genitive","$v":"दिसंबर"},{"$i":"month-0-short","$v":"जनवरी"},{"$i":"month-1-short","$v":"फरवरी"},{"$i":"month-2-short","$v":"मार्च"},{"$i":"month-3-short","$v":"अप्रैल"},{"$i":"month-4-short","$v":"मई"},{"$i":"month-5-short","$v":"जून"},{"$i":"month-6-short","$v":"जुलाई"},{"$i":"month-7-short","$v":"अगस्त"},{"$i":"month-8-short","$v":"सितंबर"},{"$i":"month-9-short","$v":"अक्टूबर"},{"$i":"month-10-short","$v":"नवंबर"},{"$i":"month-11-short","$v":"दिसंबर"},{"$i":"minutes-ago-long","$v":{"few":[{"t":"idOrVar","v":"value"}," मिनट पहले"],"many":[{"t":"idOrVar","v":"value"}," मिनट पहले"],"other":[{"t":"idOrVar","v":"value"}," मिनट पहले"],"two":[{"t":"idOrVar","v":"value"}," मिनट पहले"],"one":"एक मिनट पहले","zero":"Just now"},"$x":[{"t":"idOrVar","v":"plural"},"value"]},{"$i":"hours-ago-long","$v":{"few":[{"t":"idOrVar","v":"value"}," घंटे पहले"],"many":[{"t":"idOrVar","v":"value"}," घंटे पहले"],"other":[{"t":"idOrVar","v":"value"}," घंटे पहले"],"two":[{"t":"idOrVar","v":"value"}," घंटे पहले"],"one":"एक घंटे पहले","zero":"Just now"},"$x":[{"t":"idOrVar","v":"plural"},"value"]},{"$i":"days-ago-long","$v":{"few":[{"t":"idOrVar","v":"value"}," दिनों पहले"],"many":[{"t":"idOrVar","v":"value"}," दिनों पहले"],"one":"बीता कल","other":[{"t":"idOrVar","v":"value"}," दिनों पहले"],"two":[{"t":"idOrVar","v":"value"}," दिनों पहले"],"zero":"आज"},"$x":[{"t":"idOrVar","v":"plural"},"value"]},{"$i":"weeks-ago-long","$v":{"few":[{"t":"idOrVar","v":"value"}," सप्ताह पहले"],"many":[{"t":"idOrVar","v":"value"}," सप्ताह पहले"],"one":"पिछले सप्ताह","other":[{"t":"idOrVar","v":"value"}," सप्ताह पहले"],"two":[{"t":"idOrVar","v":"value"}," सप्ताह पहले"],"zero":"इस सप्ताह"},"$x":[{"t":"idOrVar","v":"plural"},"value"]},{"$i":"months-ago-long","$v":{"few":[{"t":"idOrVar","v":"value"}," महीनों पहले"],"many":[{"t":"idOrVar","v":"value"}," महीनों पहले"],"one":"पिछले महीने","other":[{"t":"idOrVar","v":"value"}," महीनों पहले"],"two":[{"t":"idOrVar","v":"value"}," महीनों पहले"],"zero":"इस महीने"},"$x":[{"t":"idOrVar","v":"plural"},"value"]},{"$i":"years-ago-long","$v":{"few":[{"t":"idOrVar","v":"value"}," वर्ष पहले"],"many":[{"t":"idOrVar","v":"value"}," वर्ष पहले"],"one":"पिछले वर्ष","other":[{"t":"idOrVar","v":"value"}," वर्ष पहले"],"two":[{"t":"idOrVar","v":"value"}," वर्ष पहले"],"zero":"इस वर्ष"},"$x":[{"t":"idOrVar","v":"plural"},"value"]},{"$i":"minutes-until-long","$v":{"few":[{"t":"idOrVar","v":"value"}," मिनट में"],"many":[{"t":"idOrVar","v":"value"}," मिनट में"],"other":[{"t":"idOrVar","v":"value"}," मिनट में"],"two":[{"t":"idOrVar","v":"value"}," मिनट में"],"zero":"अभी","one":"एक मिनट में"},"$x":[{"t":"idOrVar","v":"plural"},"value"]},{"$i":"hours-until-long","$v":{"few":[{"t":"idOrVar","v":"value"}," घंटों में"],"many":[{"t":"idOrVar","v":"value"}," घंटों में"],"other":[{"t":"idOrVar","v":"value"}," घंटों में"],"two":[{"t":"idOrVar","v":"value"}," घंटों में"],"zero":"अभी","one":"एक घंटे में"},"$x":[{"t":"idOrVar","v":"plural"},"value"]},{"$i":"days-until-long","$v":{"few":[{"t":"idOrVar","v":"value"}," दिनों में"],"many":[{"t":"idOrVar","v":"value"}," दिनों में"],"one":"कल","other":[{"t":"idOrVar","v":"value"}," दिनों में"],"two":[{"t":"idOrVar","v":"value"}," दिनों में"],"zero":"आज"},"$x":[{"t":"idOrVar","v":"plural"},"value"]},{"$i":"weeks-until-long","$v":{"few":[{"t":"idOrVar","v":"value"}," सप्ताह में"],"many":[{"t":"idOrVar","v":"value"}," सप्ताह में"],"one":"अगले सप्ताह","other":[{"t":"idOrVar","v":"value"}," सप्ताह में"],"two":[{"t":"idOrVar","v":"value"}," सप्ताह में"],"zero":"इस सप्ताह"},"$x":[{"t":"idOrVar","v":"plural"},"value"]},{"$i":"months-until-long","$v":{"few":[{"t":"idOrVar","v":"value"}," महीनो में"],"many":[{"t":"idOrVar","v":"value"}," महीनो में"],"one":"अगले महीने","other":[{"t":"idOrVar","v":"value"}," महीनो में"],"two":[{"t":"idOrVar","v":"value"}," महीनो में"],"zero":"इस महीने"},"$x":[{"t":"idOrVar","v":"plural"},"value"]},{"$i":"years-until-long","$v":{"few":[{"t":"idOrVar","v":"value"}," वर्षों में"],"many":[{"t":"idOrVar","v":"value"}," वर्षों में"],"one":"अगले वर्ष","other":[{"t":"idOrVar","v":"value"}," वर्षों में"],"two":[{"t":"idOrVar","v":"value"}," वर्षों में"],"zero":"इस वर्ष"},"$x":[{"t":"idOrVar","v":"plural"},"value"]},{"$i":"minutes-ago-short","$v":{"other":[{"t":"idOrVar","v":"value"}," मिनट पहले"],"zero":"Just now"},"$x":[{"t":"idOrVar","v":"plural"},"value"]},{"$i":"hours-ago-short","$v":{"other":[{"t":"idOrVar","v":"value"}," घंटे पहले"],"zero":"Just now"},"$x":[{"t":"idOrVar","v":"plural"},"value"]},{"$i":"days-ago-short","$v":{"other":[{"t":"idOrVar","v":"value"}," दिनों पहले"],"zero":"आज"},"$x":[{"t":"idOrVar","v":"plural"},"value"]},{"$i":"minutes-until-short","$v":{"other":[{"t":"idOrVar","v":"value"},"मिनिट में"],"zero":"अभी"},"$x":[{"t":"idOrVar","v":"plural"},"value"]},{"$i":"hours-until-short","$v":{"other":[{"t":"idOrVar","v":"value"},"घंटे में"],"zero":"अभी"},"$x":[{"t":"idOrVar","v":"plural"},"value"]},{"$i":"days-until-short","$v":{"other":[{"t":"idOrVar","v":"value"},"दिन में"],"zero":"आज"},"$x":[{"t":"idOrVar","v":"plural"},"value"]},{"$i":"incorrectDate","$v":"(गलत दिनांक)"},{"$i":"dateTimeFormat_%c","$v":"%a %b %e %Y %I:%M:%S %p"},{"$i":"dateTimeFormat_%x","$v":"%m/%d/%Y"},{"$i":"dateTimeFormat_%X","$v":"%I:%M:%S %p"},{"$i":"shortTimeFormat","$v":"%I:%M %p"},{"$i":"shortTimeFormat12","$v":"%I:%M %p"},{"$i":"shortTimeFormat24","$v":"%H:%M"},{"$i":"shortDateTimeFormat","$v":"%x %I:%M %p"},{"$i":"weekStartsOnMonday","$v":"0.0"},{"$i":"firstDayOfTheWeek","$v":"0.0"},{"$i":"time_am","$v":"AM"},{"$i":"time_pm","$v":"PM"}]