[{"$i":"toast-audio-save","$v":["Datoteka ",{"t":"idOrVar","v":"name"}," je spremljena."]},{"$i":"toast-audio-discarded","$v":"Snimka odbačena"},{"$i":"toast-save-rate","$v":"Promjene su spremljene."},{"$i":"toast-audio-deleted","$v":"Snimka izbrisana"},{"$i":"toast-audio-files-deleted","$v":"Audio datoteke izbrisane."},{"$i":"toast-audio-rename-ok","$v":"Naziv se promijenio"},{"$i":"toast-audio-rename-failed","$v":"Promj naziva nije uspjela"},{"$i":"toast-audio-rename-empty-or-only-space","$v":"Novo ime ne može biti prazno ili samo prostor."},{"$i":"toast-music-library-save","$v":[{"t":"idOrVar","v":"name"}," Spremljeno u glazbenu biblioteku"]},{"$i":"toast-audio-import-save","$v":["Osoba ",{"t":"idOrVar","v":"name"}," spremljena u snimač."]},{"$i":"toast-audio-save-failed","$v":"Spremljeno nije uspjelo."},{"$i":"new","$v":"Novo"},{"$i":"option","$v":"Opcija"},{"$i":"play","$v":"Reproduciraj"},{"$i":"ok","$v":"U redu"},{"$i":"options","$v":"Opcije"},{"$i":"back","$v":"Natrag"},{"$i":"pause","$v":"Stanka"},{"$i":"cancel","$v":"Poništi"},{"$i":"delete","$v":"Izbriši"},{"$i":"done","$v":"Dovršeno"},{"$i":"save","$v":"Spremi"},{"$i":"discard","$v":"Odbaci"},{"$i":"all","$v":"Sve"},{"$i":"deselect","$v":"Poništi odabir"},{"$i":"none","$v":"Ništa"},{"$i":"select","$v":"Odaberi"},{"$i":"menu-header-options","$v":"Opcije"},{"$i":"menu-header-option","$v":"Opcija"},{"$i":"menu-delete","$v":"Izbriši"},{"$i":"menu-share","$v":"Podijeli"},{"$i":"menu-rename","$v":"Preimenuj"},{"$i":"menu-save-as-ringtone","$v":"Spremi kao melodiju zvona"},{"$i":"menu-settings","$v":"Postavke"},{"$i":"menu-volume","$v":"Glasnoća"},{"$i":"menu-save-to-music-library","$v":"Spremi u glazbeni biblioteku"},{"$i":"menu-select-multiple","$v":"Višestruki odabir"},{"$i":"number-selected","$v":{"few":["Odabrano: ",{"t":"idOrVar","v":"number"}],"many":["Odabrano: ",{"t":"idOrVar","v":"number"}],"one":["Odabrano: ",{"t":"idOrVar","v":"number"}],"other":["Odabrano: ",{"t":"idOrVar","v":"number"}],"two":["Odabrano: ",{"t":"idOrVar","v":"number"}],"zero":["Odabrano: ",{"t":"idOrVar","v":"number"}]},"$x":[{"t":"idOrVar","v":"plural"},"number"]},{"$i":"title-audio-list","$v":"Audiosnimač"},{"$i":"title-rename","$v":"Preimenuj"},{"$i":"title-settings","$v":"Postavke"},{"$i":"title-save-confirmation","$v":"Potvrda"},{"$i":"title-delete-confirmation","$v":"Potvrda"},{"$i":"title-recording-bitrate","$v":"Brzina snimanja"},{"$i":"title-pick-audio-list","$v":"Odaberite snimku"},{"$i":"dialog-delete-audio-file","$v":"Želite li izbrisati audiodatoteku?"},{"$i":"dialog-save-audio-recording","$v":"Želite li spremiti ovu audio snimku?"},{"$i":"dialog-delete-select-audio","$v":{"few":["Izbrisati ",{"t":"idOrVar","v":"number"}," snimke?"],"many":["Izbrisati ",{"t":"idOrVar","v":"number"}," snimke?"],"one":"Želite li izbrisati odabrane snimke?","other":["Izbrisati ",{"t":"idOrVar","v":"number"}," snimke?"],"two":["Izbrisati ",{"t":"idOrVar","v":"number"}," snimke?"]},"$x":[{"t":"idOrVar","v":"plural"},"number"]},{"$i":"settings-bitrate-8k","$v":"8 tisuća (manje)"},{"$i":"settings-bitrate-44k","$v":"44 tisuće (veće)"},{"$i":"settings-bitrate-err","$v":"Pogreška postavljanja"},{"$i":"audio-recorder-is-empty","$v":"Audio snimač je prazan, pritisnite Novo za početak snimanja."},{"$i":"audio-pick-is-empty","$v":"Nema dostupnih snimaka."},{"$i":"input-title-enter-new-name","$v":"Unesite novi naziv"},{"$i":"new-recording","$v":"Novo snimanje"},{"$i":"save-input","placeholder":"Novo snimanje"},{"$i":"save-audio-input","$v":"Ime"},{"$i":"audio-player-state","$v":"Reproducira se..."},{"$i":"audio-player-state-pause","$v":""},{"$i":"audio-recorder-loading","$v":"Traženje snimki zvuka..."},{"$i":"unsupport-file-name","$v":{"$o":"Nije moguće koristiti naziv koji sadrži nepodržane znakove: \\/:*?&quot;&lt;&gt;|"}},{"$i":"import-file-error","$v":"Ime je već zauzeto. Odaberite drugo ime"},{"$i":"import-file-exist","$v":"Taj naziv datoteke već postoji."},{"$i":"state_storage_no_memory_card","$v":"Memorijska kartica nije pronađena. Umetnite memorijsku karticu."},{"$i":"state_storage_full","$v":"Pohrana telefona je puna"},{"$i":"state_storage_full_sdcard","$v":"SD kartica je puna."},{"$i":"state_storage_full_content_new","$v":"Izbrišite multimedijske datoteke ili podatke aplikacije da biste oslobodili prostor. Možete i umetnuti SD karticu da biste proširili prostor za pohranu multimedijskih sadržaja."},{"$i":"state_storage_full_content_new_sdcard","$v":"Izbrišite datoteke na SD kartici za oslobađanje prostora."},{"$i":"state_storage_full_content_record","$v":"Izbrišite multimedijske datoteke ili podatke aplikacije da biste oslobodili prostor. Možete i umetnuti SD karticu da biste proširili prostor za pohranu multimedijskih sadržaja."},{"$i":"state_storage_full_content_record_sdcard","$v":"Izbrišite datoteke na SD kartici za oslobađanje prostora."},{"$i":"state_storage_full_content_save","$v":"Izbrišite multimedijske datoteke ili podatke aplikacije da biste oslobodili prostor. Možete i umetnuti SD karticu da biste proširili prostor za pohranu multimedijskih sadržaja."},{"$i":"state_storage_full_content_save_sdcard","$v":"Izbrišite datoteke na SD kartici za oslobađanje prostora."},{"$i":"state_storage_in_use","$v":"Pohrana se trenutno koristi. Isključite telefon."},{"$i":"rename-same-name","$v":"Naziv nepromijenjen."},{"$i":"confirmation","$v":"Potvrda"},{"$i":"discard-confirm","$v":"Odbaciti snimak?"},{"$i":"invalid-confirm","$v":"Nije moguće reproducirati datoteku jer nije podržana ili nije važeća."},{"$i":"weekday-0-long","$v":"Nedjelja"},{"$i":"weekday-1-long","$v":"Ponedjeljak"},{"$i":"weekday-2-long","$v":"Utorak"},{"$i":"weekday-3-long","$v":"Srijeda"},{"$i":"weekday-4-long","$v":"Četvrtak"},{"$i":"weekday-5-long","$v":"Petak"},{"$i":"weekday-6-long","$v":"Subota"},{"$i":"weekday-0-short","$v":"Ned"},{"$i":"weekday-1-short","$v":"Pon"},{"$i":"weekday-2-short","$v":"Uto"},{"$i":"weekday-3-short","$v":"Sri"},{"$i":"weekday-4-short","$v":"Čet"},{"$i":"weekday-5-short","$v":"Pet"},{"$i":"weekday-6-short","$v":"Sub"},{"$i":"month-0-long","$v":"Siječanj"},{"$i":"month-1-long","$v":"Veljača"},{"$i":"month-2-long","$v":"Ožujak"},{"$i":"month-3-long","$v":"Travanj"},{"$i":"month-4-long","$v":"Svibanj"},{"$i":"month-5-long","$v":"Lipanj"},{"$i":"month-6-long","$v":"Srpanj"},{"$i":"month-7-long","$v":"Kolovoz"},{"$i":"month-8-long","$v":"Rujan"},{"$i":"month-9-long","$v":"Listopad"},{"$i":"month-10-long","$v":"Studeni"},{"$i":"month-11-long","$v":"Prosinac"},{"$i":"month-0-genitive","$v":"Siječanj"},{"$i":"month-1-genitive","$v":"Veljača"},{"$i":"month-2-genitive","$v":"Ožujak"},{"$i":"month-3-genitive","$v":"Travanj"},{"$i":"month-4-genitive","$v":"Svibanj"},{"$i":"month-5-genitive","$v":"Lipanj"},{"$i":"month-6-genitive","$v":"Srpanj"},{"$i":"month-7-genitive","$v":"Kolovoz"},{"$i":"month-8-genitive","$v":"Rujan"},{"$i":"month-9-genitive","$v":"Listopad"},{"$i":"month-10-genitive","$v":"Studeni"},{"$i":"month-11-genitive","$v":"Prosinac"},{"$i":"month-0-short","$v":"SIJEC."},{"$i":"month-1-short","$v":"VELJ."},{"$i":"month-2-short","$v":"OZUJ."},{"$i":"month-3-short","$v":"TRAV."},{"$i":"month-4-short","$v":"SVIB."},{"$i":"month-5-short","$v":"LIP."},{"$i":"month-6-short","$v":"SRP."},{"$i":"month-7-short","$v":"KOL."},{"$i":"month-8-short","$v":"RUJ."},{"$i":"month-9-short","$v":"LIST."},{"$i":"month-10-short","$v":"STUD."},{"$i":"month-11-short","$v":"PROS."},{"$i":"minutes-ago-long","$v":{"few":["Prije ",{"t":"idOrVar","v":"value"}," min"],"many":["Prije ",{"t":"idOrVar","v":"value"}," min"],"other":["Prije ",{"t":"idOrVar","v":"value"}," min"],"two":["Prije ",{"t":"idOrVar","v":"value"}," min"],"one":"prije 1 min","zero":"upravo sad"},"$x":[{"t":"idOrVar","v":"plural"},"value"]},{"$i":"hours-ago-long","$v":{"few":["Prije ",{"t":"idOrVar","v":"value"}," h"],"many":["Prije ",{"t":"idOrVar","v":"value"}," h"],"other":["Prije ",{"t":"idOrVar","v":"value"}," h"],"two":["Prije ",{"t":"idOrVar","v":"value"}," h"],"one":"prije 1 sat","zero":"upravo sad"},"$x":[{"t":"idOrVar","v":"plural"},"value"]},{"$i":"days-ago-long","$v":{"few":["Prije ",{"t":"idOrVar","v":"value"}," dana"],"many":["Prije ",{"t":"idOrVar","v":"value"}," dana"],"one":"jučer","other":["Prije ",{"t":"idOrVar","v":"value"}," dana"],"two":["Prije ",{"t":"idOrVar","v":"value"}," dana"],"zero":"danas"},"$x":[{"t":"idOrVar","v":"plural"},"value"]},{"$i":"weeks-ago-long","$v":{"few":["Prije ",{"t":"idOrVar","v":"value"}," tjed(a)na"],"many":["Prije ",{"t":"idOrVar","v":"value"}," tjed(a)na"],"one":"prošli tjedan","other":["Prije ",{"t":"idOrVar","v":"value"}," tjed(a)na"],"two":["Prije ",{"t":"idOrVar","v":"value"}," tjed(a)na"],"zero":"ovaj tjedan"},"$x":[{"t":"idOrVar","v":"plural"},"value"]},{"$i":"months-ago-long","$v":{"few":["Prije ",{"t":"idOrVar","v":"value"}," mjeseci(a)"],"many":["Prije ",{"t":"idOrVar","v":"value"}," mjeseci(a)"],"one":"prošli mjesec","other":["Prije ",{"t":"idOrVar","v":"value"}," mjeseci(a)"],"two":["Prije ",{"t":"idOrVar","v":"value"}," mjeseci(a)"],"zero":"ovaj mjesec"},"$x":[{"t":"idOrVar","v":"plural"},"value"]},{"$i":"years-ago-long","$v":{"few":["Prije ",{"t":"idOrVar","v":"value"}," godina"],"many":["Prije ",{"t":"idOrVar","v":"value"}," godina"],"one":"prošle godine","other":["Prije ",{"t":"idOrVar","v":"value"}," godina"],"two":["Prije ",{"t":"idOrVar","v":"value"}," godina"],"zero":"ova godina"},"$x":[{"t":"idOrVar","v":"plural"},"value"]},{"$i":"minutes-until-long","$v":{"few":["za ",{"t":"idOrVar","v":"value"}," min"],"many":["za ",{"t":"idOrVar","v":"value"}," min"],"other":["za ",{"t":"idOrVar","v":"value"}," min"],"two":["za ",{"t":"idOrVar","v":"value"}," min"],"zero":"sada","one":"za 1 minutu"},"$x":[{"t":"idOrVar","v":"plural"},"value"]},{"$i":"hours-until-long","$v":{"few":["za ",{"t":"idOrVar","v":"value"}," h"],"many":["za ",{"t":"idOrVar","v":"value"}," h"],"other":["za ",{"t":"idOrVar","v":"value"}," h"],"two":["za ",{"t":"idOrVar","v":"value"}," h"],"zero":"sada","one":"za 1 sat"},"$x":[{"t":"idOrVar","v":"plural"},"value"]},{"$i":"days-until-long","$v":{"few":["za ",{"t":"idOrVar","v":"value"}," dana"],"many":["za ",{"t":"idOrVar","v":"value"}," dana"],"one":"sutra","other":["za ",{"t":"idOrVar","v":"value"}," dana"],"two":["za ",{"t":"idOrVar","v":"value"}," dana"],"zero":"danas"},"$x":[{"t":"idOrVar","v":"plural"},"value"]},{"$i":"weeks-until-long","$v":{"few":["za ",{"t":"idOrVar","v":"value"}," tjed(a)na"],"many":["za ",{"t":"idOrVar","v":"value"}," tjed(a)na"],"one":"sljedećeg tjedna","other":["za ",{"t":"idOrVar","v":"value"}," tjed(a)na"],"two":["za ",{"t":"idOrVar","v":"value"}," tjed(a)na"],"zero":"ovaj tjedan"},"$x":[{"t":"idOrVar","v":"plural"},"value"]},{"$i":"months-until-long","$v":{"few":["za ",{"t":"idOrVar","v":"value"}," mjeseci(a)"],"many":["za ",{"t":"idOrVar","v":"value"}," mjeseci(a)"],"one":"sljedećeg mjeseca","other":["za ",{"t":"idOrVar","v":"value"}," mjeseci(a)"],"two":["za ",{"t":"idOrVar","v":"value"}," mjeseci(a)"],"zero":"ovaj mjesec"},"$x":[{"t":"idOrVar","v":"plural"},"value"]},{"$i":"years-until-long","$v":{"few":["za ",{"t":"idOrVar","v":"value"}," godina"],"many":["za ",{"t":"idOrVar","v":"value"}," godina"],"one":"sljedeće godine","other":["za ",{"t":"idOrVar","v":"value"}," godina"],"two":["za ",{"t":"idOrVar","v":"value"}," godina"],"zero":"ova godina"},"$x":[{"t":"idOrVar","v":"plural"},"value"]},{"$i":"minutes-ago-short","$v":{"other":["Prije ",{"t":"idOrVar","v":"value"}," min"],"zero":"upravo sad"},"$x":[{"t":"idOrVar","v":"plural"},"value"]},{"$i":"hours-ago-short","$v":{"other":["Prije ",{"t":"idOrVar","v":"value"}," h"],"zero":"upravo sad"},"$x":[{"t":"idOrVar","v":"plural"},"value"]},{"$i":"days-ago-short","$v":{"other":["Prije ",{"t":"idOrVar","v":"value"}," dana"],"zero":"danas"},"$x":[{"t":"idOrVar","v":"plural"},"value"]},{"$i":"minutes-until-short","$v":{"other":["za ",{"t":"idOrVar","v":"value"}," min"],"zero":"sada"},"$x":[{"t":"idOrVar","v":"plural"},"value"]},{"$i":"hours-until-short","$v":{"other":["za ",{"t":"idOrVar","v":"value"}," h"],"zero":"sada"},"$x":[{"t":"idOrVar","v":"plural"},"value"]},{"$i":"days-until-short","$v":{"other":["za ",{"t":"idOrVar","v":"value"}," d."],"zero":"danas"},"$x":[{"t":"idOrVar","v":"plural"},"value"]},{"$i":"incorrectDate","$v":"(netočan datum)"},{"$i":"dateTimeFormat_%c","$v":"%a %b %e %Y %I:%M:%S %p"},{"$i":"dateTimeFormat_%x","$v":"%m/%d/%Y"},{"$i":"dateTimeFormat_%X","$v":"%I.%M:%S %p"},{"$i":"shortTimeFormat","$v":"%x %I:%M %p"},{"$i":"shortTimeFormat12","$v":"%x %I:%M %p"},{"$i":"shortTimeFormat24","$v":"%H:%M"},{"$i":"shortDateTimeFormat","$v":"%x %I:%M %p"},{"$i":"weekStartsOnMonday","$v":"0.0"},{"$i":"firstDayOfTheWeek","$v":"1.0"},{"$i":"time_am","$v":"AM"},{"$i":"time_pm","$v":"PM"}]