[{"$i":"toast-audio-save","$v":[{"t":"idOrVar","v":"name"}," mentve."]},{"$i":"toast-audio-discarded","$v":"Felvétel elvetve."},{"$i":"toast-save-rate","$v":"Módosítások elmentve."},{"$i":"toast-audio-deleted","$v":"Hangfájl törölve."},{"$i":"toast-audio-files-deleted","$v":"Hangfájlok törölve."},{"$i":"toast-audio-rename-ok","$v":"A név módosításra került."},{"$i":"toast-audio-rename-failed","$v":"Az átnevezés sikertelen."},{"$i":"toast-audio-rename-empty-or-only-space","$v":"Az új név nem lehet üres, illetve nem állhat csak szóközből."},{"$i":"toast-music-library-save","$v":[{"t":"idOrVar","v":"name"}," elmentve a Zenekönyvtárba."]},{"$i":"toast-audio-import-save","$v":[{"t":"idOrVar","v":"name"}," mentve a Rögzítőbe."]},{"$i":"toast-audio-save-failed","$v":"A mentés sikertelen."},{"$i":"new","$v":"Új"},{"$i":"option","$v":"opció"},{"$i":"play","$v":"Lejátszás"},{"$i":"ok","$v":"OK"},{"$i":"options","$v":"Opciók"},{"$i":"back","$v":"Vissza"},{"$i":"pause","$v":"Szüneteltetés"},{"$i":"cancel","$v":"Mégse"},{"$i":"delete","$v":"Törlés"},{"$i":"done","$v":"Kész"},{"$i":"save","$v":"Mentés"},{"$i":"discard","$v":"Elvetés"},{"$i":"all","$v":"Összes"},{"$i":"deselect","$v":"Kijelölés törlése"},{"$i":"none","$v":"Nincs"},{"$i":"select","$v":"Kiválasztás"},{"$i":"menu-header-options","$v":"Opciók"},{"$i":"menu-header-option","$v":"opció"},{"$i":"menu-delete","$v":"Törlés"},{"$i":"menu-share","$v":"Megosztás"},{"$i":"menu-rename","$v":"Átnevezés"},{"$i":"menu-save-as-ringtone","$v":"Mentés csengőhangként"},{"$i":"menu-settings","$v":"Beállítások"},{"$i":"menu-volume","$v":"Hangerő"},{"$i":"menu-save-to-music-library","$v":"Mentés a Zenekönyvtárba"},{"$i":"menu-select-multiple","$v":"Több kiválasztása"},{"$i":"number-selected","$v":{"few":[{"t":"idOrVar","v":"number"}," kiválasztva"],"many":[{"t":"idOrVar","v":"number"}," kiválasztva"],"one":[{"t":"idOrVar","v":"number"}," kiválasztva"],"other":[{"t":"idOrVar","v":"number"}," kiválasztva"],"two":[{"t":"idOrVar","v":"number"}," kiválasztva"],"zero":[{"t":"idOrVar","v":"number"}," kiválasztva"]},"$x":[{"t":"idOrVar","v":"plural"},"number"]},{"$i":"title-audio-list","$v":"Rögzítő"},{"$i":"title-rename","$v":"Átnevezés"},{"$i":"title-settings","$v":"Beállítások"},{"$i":"title-save-confirmation","$v":"Megerősítés"},{"$i":"title-delete-confirmation","$v":"Megerősítés"},{"$i":"title-recording-bitrate","$v":"Felvétel értékelése"},{"$i":"title-pick-audio-list","$v":"Felvétel kiválasztása"},{"$i":"dialog-delete-audio-file","$v":"Törölni kívánja a hangfájlt?"},{"$i":"dialog-save-audio-recording","$v":"Menti a hangfelvételt?"},{"$i":"dialog-delete-select-audio","$v":{"few":["Töröl ",{"t":"idOrVar","v":"number"}," felvételt?"],"many":["Töröl ",{"t":"idOrVar","v":"number"}," felvételt?"],"one":"Törli a kiválasztott felvételeket?","other":["Töröl ",{"t":"idOrVar","v":"number"}," felvételt?"],"two":["Töröl ",{"t":"idOrVar","v":"number"}," felvételt?"]},"$x":[{"t":"idOrVar","v":"plural"},"number"]},{"$i":"settings-bitrate-8k","$v":"8K (Kisebb méret)"},{"$i":"settings-bitrate-44k","$v":"44K (Nagyobb méret)"},{"$i":"settings-bitrate-err","$v":"Beállítási hiba"},{"$i":"audio-recorder-is-empty","$v":"A Hangrögzítő üres, nyomja meg az Új lehetőséget a felvétel indításához."},{"$i":"audio-pick-is-empty","$v":"Nincsenek elérhető felvételek"},{"$i":"input-title-enter-new-name","$v":"Új név megadása"},{"$i":"new-recording","$v":"Új hangfelvétel"},{"$i":"save-input","placeholder":"Új hangfelvétel"},{"$i":"save-audio-input","$v":"Név"},{"$i":"audio-player-state","$v":"Lejátszás..."},{"$i":"audio-player-state-pause","$v":""},{"$i":"audio-recorder-loading","$v":"Hangfelvételek keresése..."},{"$i":"unsupport-file-name","$v":{"$o":"Olyan név használata, amely nem támogatott karakterekből áll, nem lehetséges: \\/:*?\"<>|"}},{"$i":"import-file-error","$v":"A név már létezik. Válasszon egy másik nevet"},{"$i":"import-file-exist","$v":"A fájlnév már létezik."},{"$i":"state_storage_no_memory_card","$v":"Nem található memóriakártya. Helyezzen be egy memóriakártyát."},{"$i":"state_storage_full","$v":"A telefon memóriája megtelt."},{"$i":"state_storage_full_sdcard","$v":"Az SD-kártya megtelt"},{"$i":"state_storage_full_content_new","$v":"Töröljön médiafájlokat vagy alkalmazásadatokat a tárhely felszabadítása érdekében. A médiatárhely bővítéséhez egy SD-kártyát is behelyezhet."},{"$i":"state_storage_full_content_new_sdcard","$v":"Töröljön fájlokat az SD-kártyáról a tárhely felszabadítása érdekében."},{"$i":"state_storage_full_content_record","$v":"Töröljön médiafájlokat vagy alkalmazásadatokat a tárhely felszabadítása érdekében. A médiatárhely bővítéséhez egy SD-kártyát is behelyezhet."},{"$i":"state_storage_full_content_record_sdcard","$v":"Töröljön fájlokat az SD-kártyáról a tárhely felszabadítása érdekében."},{"$i":"state_storage_full_content_save","$v":"Töröljön médiafájlokat vagy alkalmazásadatokat a tárhely felszabadítása érdekében. A médiatárhely bővítéséhez egy SD-kártyát is behelyezhet."},{"$i":"state_storage_full_content_save_sdcard","$v":"Töröljön fájlokat az SD-kártyáról a tárhely felszabadítása érdekében."},{"$i":"state_storage_in_use","$v":"A tárhely jelenleg használatban van. Válassza le a telefont."},{"$i":"rename-same-name","$v":"A név nem került módosításra."},{"$i":"confirmation","$v":"Megerősítés"},{"$i":"discard-confirm","$v":"Elveti a felvételt?"},{"$i":"invalid-confirm","$v":"A fájl lejátszása nem lehetséges, mivel nem támogatott vagy érvénytelen."},{"$i":"weekday-0-long","$v":"Vasárnap"},{"$i":"weekday-1-long","$v":"Hétfő"},{"$i":"weekday-2-long","$v":"Kedd"},{"$i":"weekday-3-long","$v":"Szerda"},{"$i":"weekday-4-long","$v":"Csütörtök"},{"$i":"weekday-5-long","$v":"Péntek"},{"$i":"weekday-6-long","$v":"Szombat"},{"$i":"weekday-0-short","$v":"Vas"},{"$i":"weekday-1-short","$v":"Hé."},{"$i":"weekday-2-short","$v":"Ke."},{"$i":"weekday-3-short","$v":"Sze."},{"$i":"weekday-4-short","$v":"Csü."},{"$i":"weekday-5-short","$v":"Pé."},{"$i":"weekday-6-short","$v":"Szo."},{"$i":"month-0-long","$v":"JANUÁR"},{"$i":"month-1-long","$v":"FEBRUÁR"},{"$i":"month-2-long","$v":"MÁRCIUS"},{"$i":"month-3-long","$v":"ÁPRILIS"},{"$i":"month-4-long","$v":"MÁJUS"},{"$i":"month-5-long","$v":"JÚNIUS"},{"$i":"month-6-long","$v":"JÚLIUS"},{"$i":"month-7-long","$v":"AUGUSZTUS"},{"$i":"month-8-long","$v":"SZEPTEMBER"},{"$i":"month-9-long","$v":"OKTÓBER"},{"$i":"month-10-long","$v":"NOVEMBER"},{"$i":"month-11-long","$v":"DECEMBER"},{"$i":"month-0-genitive","$v":"JANUÁR"},{"$i":"month-1-genitive","$v":"FEBRUÁR"},{"$i":"month-2-genitive","$v":"MÁRCIUS"},{"$i":"month-3-genitive","$v":"ÁPRILIS"},{"$i":"month-4-genitive","$v":"MÁJUS"},{"$i":"month-5-genitive","$v":"JÚNIUS"},{"$i":"month-6-genitive","$v":"JÚLIUS"},{"$i":"month-7-genitive","$v":"AUGUSZTUS"},{"$i":"month-8-genitive","$v":"SZEPTEMBER"},{"$i":"month-9-genitive","$v":"OKTÓBER"},{"$i":"month-10-genitive","$v":"NOVEMBER"},{"$i":"month-11-genitive","$v":"DECEMBER"},{"$i":"month-0-short","$v":"Jan."},{"$i":"month-1-short","$v":"Feb."},{"$i":"month-2-short","$v":"Már."},{"$i":"month-3-short","$v":"Ápr."},{"$i":"month-4-short","$v":"MÁJUS"},{"$i":"month-5-short","$v":"Jún."},{"$i":"month-6-short","$v":"Júl."},{"$i":"month-7-short","$v":"Aug."},{"$i":"month-8-short","$v":"Szep."},{"$i":"month-9-short","$v":"Okt."},{"$i":"month-10-short","$v":"Nov."},{"$i":"month-11-short","$v":"Dec."},{"$i":"minutes-ago-long","$v":{"few":[{"t":"idOrVar","v":"value"}," perccel ezelőtt"],"many":[{"t":"idOrVar","v":"value"}," perccel ezelőtt"],"other":[{"t":"idOrVar","v":"value"}," perccel ezelőtt"],"two":[{"t":"idOrVar","v":"value"}," perccel ezelőtt"],"one":"egy perccel ezelőtt","zero":"Éppen most"},"$x":[{"t":"idOrVar","v":"plural"},"value"]},{"$i":"hours-ago-long","$v":{"few":[{"t":"idOrVar","v":"value"}," órával ezelőtt"],"many":[{"t":"idOrVar","v":"value"}," órával ezelőtt"],"other":[{"t":"idOrVar","v":"value"}," órával ezelőtt"],"two":[{"t":"idOrVar","v":"value"}," órával ezelőtt"],"one":"egy órája","zero":"Éppen most"},"$x":[{"t":"idOrVar","v":"plural"},"value"]},{"$i":"days-ago-long","$v":{"few":[{"t":"idOrVar","v":"value"}," nappal ezelőtt"],"many":[{"t":"idOrVar","v":"value"}," nappal ezelőtt"],"one":"Tegnap","other":[{"t":"idOrVar","v":"value"}," nappal ezelőtt"],"two":[{"t":"idOrVar","v":"value"}," nappal ezelőtt"],"zero":"Ma"},"$x":[{"t":"idOrVar","v":"plural"},"value"]},{"$i":"weeks-ago-long","$v":{"few":[{"t":"idOrVar","v":"value"}," héttel ezelőtt"],"many":[{"t":"idOrVar","v":"value"}," héttel ezelőtt"],"one":"múlt héten","other":[{"t":"idOrVar","v":"value"}," héttel ezelőtt"],"two":[{"t":"idOrVar","v":"value"}," héttel ezelőtt"],"zero":"ezen a héten"},"$x":[{"t":"idOrVar","v":"plural"},"value"]},{"$i":"months-ago-long","$v":{"few":[{"t":"idOrVar","v":"value"}," hónappal ezelőtt"],"many":[{"t":"idOrVar","v":"value"}," hónappal ezelőtt"],"one":"Múlt hónapban","other":[{"t":"idOrVar","v":"value"}," hónappal ezelőtt"],"two":[{"t":"idOrVar","v":"value"}," hónappal ezelőtt"],"zero":"EBBEN A HÓNAPBAN"},"$x":[{"t":"idOrVar","v":"plural"},"value"]},{"$i":"years-ago-long","$v":{"few":[{"t":"idOrVar","v":"value"}," évvel ezelőtt"],"many":[{"t":"idOrVar","v":"value"}," évvel ezelőtt"],"one":"tavaly","other":[{"t":"idOrVar","v":"value"}," évvel ezelőtt"],"two":[{"t":"idOrVar","v":"value"}," évvel ezelőtt"],"zero":"idén"},"$x":[{"t":"idOrVar","v":"plural"},"value"]},{"$i":"minutes-until-long","$v":{"few":[{"t":"idOrVar","v":"value"}," perc múlva"],"many":[{"t":"idOrVar","v":"value"}," perc múlva"],"other":[{"t":"idOrVar","v":"value"}," perc múlva"],"two":[{"t":"idOrVar","v":"value"}," perc múlva"],"zero":"most","one":"egy perc múlva"},"$x":[{"t":"idOrVar","v":"plural"},"value"]},{"$i":"hours-until-long","$v":{"few":[{"t":"idOrVar","v":"value"}," óra múlva"],"many":[{"t":"idOrVar","v":"value"}," óra múlva"],"other":[{"t":"idOrVar","v":"value"}," óra múlva"],"two":[{"t":"idOrVar","v":"value"}," óra múlva"],"zero":"most","one":"egy órán múlva"},"$x":[{"t":"idOrVar","v":"plural"},"value"]},{"$i":"days-until-long","$v":{"few":[{"t":"idOrVar","v":"value"}," nap múlva"],"many":[{"t":"idOrVar","v":"value"}," nap múlva"],"one":"holnap","other":[{"t":"idOrVar","v":"value"}," nap múlva"],"two":[{"t":"idOrVar","v":"value"}," nap múlva"],"zero":"Ma"},"$x":[{"t":"idOrVar","v":"plural"},"value"]},{"$i":"weeks-until-long","$v":{"few":[{"t":"idOrVar","v":"value"}," hét múlva"],"many":[{"t":"idOrVar","v":"value"}," hét múlva"],"one":"jövő héten","other":[{"t":"idOrVar","v":"value"}," hét múlva"],"two":[{"t":"idOrVar","v":"value"}," hét múlva"],"zero":"ezen a héten"},"$x":[{"t":"idOrVar","v":"plural"},"value"]},{"$i":"months-until-long","$v":{"few":[{"t":"idOrVar","v":"value"}," hónap múlva"],"many":[{"t":"idOrVar","v":"value"}," hónap múlva"],"one":"következő hónapban","other":[{"t":"idOrVar","v":"value"}," hónap múlva"],"two":[{"t":"idOrVar","v":"value"}," hónap múlva"],"zero":"EBBEN A HÓNAPBAN"},"$x":[{"t":"idOrVar","v":"plural"},"value"]},{"$i":"years-until-long","$v":{"few":[{"t":"idOrVar","v":"value"}," év múlva"],"many":[{"t":"idOrVar","v":"value"}," év múlva"],"one":"jövő évben","other":[{"t":"idOrVar","v":"value"}," év múlva"],"two":[{"t":"idOrVar","v":"value"}," év múlva"],"zero":"idén"},"$x":[{"t":"idOrVar","v":"plural"},"value"]},{"$i":"minutes-ago-short","$v":{"other":[{"t":"idOrVar","v":"value"}," perccel ezelőtt"],"zero":"Éppen most"},"$x":[{"t":"idOrVar","v":"plural"},"value"]},{"$i":"hours-ago-short","$v":{"other":[{"t":"idOrVar","v":"value"}," órával ezelőtt"],"zero":"Éppen most"},"$x":[{"t":"idOrVar","v":"plural"},"value"]},{"$i":"days-ago-short","$v":{"other":[{"t":"idOrVar","v":"value"},"n ezelőtt"],"zero":"Ma"},"$x":[{"t":"idOrVar","v":"plural"},"value"]},{"$i":"minutes-until-short","$v":{"other":[{"t":"idOrVar","v":"value"}," percen belül"],"zero":"most"},"$x":[{"t":"idOrVar","v":"plural"},"value"]},{"$i":"hours-until-short","$v":{"other":[{"t":"idOrVar","v":"value"}," óra múlva"],"zero":"most"},"$x":[{"t":"idOrVar","v":"plural"},"value"]},{"$i":"days-until-short","$v":{"other":[{"t":"idOrVar","v":"value"}," nap múlva"],"zero":"Ma"},"$x":[{"t":"idOrVar","v":"plural"},"value"]},{"$i":"incorrectDate","$v":"(helytelen dátum)"},{"$i":"dateTimeFormat_%c","$v":"%a %b %e %Y %I:%M:%S %p"},{"$i":"dateTimeFormat_%x","$v":"%d/%m/%Y"},{"$i":"dateTimeFormat_%X","$v":"%I:%M:%S %p"},{"$i":"shortTimeFormat","$v":"%I:%M %p"},{"$i":"shortTimeFormat12","$v":"%I:%M %p"},{"$i":"shortTimeFormat24","$v":"%H:%M"},{"$i":"shortDateTimeFormat","$v":"%x %I:%M %p"},{"$i":"weekStartsOnMonday","$v":"0.0"},{"$i":"firstDayOfTheWeek","$v":"1.0"},{"$i":"time_am","$v":"de."},{"$i":"time_pm","$v":"du."}]