[{"$i":"toast-audio-save","$v":["Elemento ",{"t":"idOrVar","v":"name"}," salvato."]},{"$i":"toast-audio-discarded","$v":"Registrazione ignorata."},{"$i":"toast-save-rate","$v":"Modifiche salvate."},{"$i":"toast-audio-deleted","$v":"File audio eliminato."},{"$i":"toast-audio-files-deleted","$v":"File audio eliminati."},{"$i":"toast-audio-rename-ok","$v":"Nome modificato."},{"$i":"toast-audio-rename-failed","$v":"Ridenominazione non riuscita."},{"$i":"toast-audio-rename-empty-or-only-space","$v":"Il nome nuovo non può essere vuoto o contenere solo spazi."},{"$i":"toast-music-library-save","$v":[{"t":"idOrVar","v":"name"}," salvato nella raccolta Musica"]},{"$i":"toast-audio-import-save","$v":[{"t":"idOrVar","v":"name"}," salvato in Registratore."]},{"$i":"toast-audio-save-failed","$v":"Salvataggio non riuscito."},{"$i":"new","$v":"Nuovo"},{"$i":"option","$v":"Opzione"},{"$i":"play","$v":"Riproduci"},{"$i":"ok","$v":"OK"},{"$i":"options","$v":"Opzioni"},{"$i":"back","$v":"Indietro"},{"$i":"pause","$v":"Pausa"},{"$i":"cancel","$v":"Annulla"},{"$i":"delete","$v":"Elimina"},{"$i":"done","$v":"Fine"},{"$i":"save","$v":"Salva"},{"$i":"discard","$v":"Ignora"},{"$i":"all","$v":"Tutto"},{"$i":"deselect","$v":"Deseleziona"},{"$i":"none","$v":"Nessuno"},{"$i":"select","$v":"Seleziona"},{"$i":"menu-header-options","$v":"Opzioni"},{"$i":"menu-header-option","$v":"Opzione"},{"$i":"menu-delete","$v":"Elimina"},{"$i":"menu-share","$v":"Condividi"},{"$i":"menu-rename","$v":"Rinomina"},{"$i":"menu-save-as-ringtone","$v":"Salva come suoneria"},{"$i":"menu-settings","$v":"Impostazioni"},{"$i":"menu-volume","$v":"Volume"},{"$i":"menu-save-to-music-library","$v":"Salva nella raccolta Musica"},{"$i":"menu-select-multiple","$v":"Selezione multipla"},{"$i":"number-selected","$v":{"few":[{"t":"idOrVar","v":"number"}," selezionati"],"many":[{"t":"idOrVar","v":"number"}," selezionati"],"one":[{"t":"idOrVar","v":"number"}," selezionato"],"other":[{"t":"idOrVar","v":"number"}," selezionati"],"two":[{"t":"idOrVar","v":"number"}," selezionati"],"zero":[{"t":"idOrVar","v":"number"}," selezionati"]},"$x":[{"t":"idOrVar","v":"plural"},"number"]},{"$i":"title-audio-list","$v":"Registratore"},{"$i":"title-rename","$v":"Rinomina"},{"$i":"title-settings","$v":"Impostazioni"},{"$i":"title-save-confirmation","$v":"Conferma"},{"$i":"title-delete-confirmation","$v":"Conferma"},{"$i":"title-recording-bitrate","$v":"Velocità registrazione"},{"$i":"title-pick-audio-list","$v":"Seleziona una registrazione"},{"$i":"dialog-delete-audio-file","$v":"Eliminare il file audio?"},{"$i":"dialog-save-audio-recording","$v":"Salvare la registrazione audio?"},{"$i":"dialog-delete-select-audio","$v":{"few":["Eliminare ",{"t":"idOrVar","v":"number"}," registrazioni?"],"many":["Eliminare ",{"t":"idOrVar","v":"number"}," registrazioni?"],"one":"Eliminare la registrazione selezionata?","other":["Eliminare ",{"t":"idOrVar","v":"number"}," registrazioni?"],"two":["Eliminare ",{"t":"idOrVar","v":"number"}," registrazioni?"]},"$x":[{"t":"idOrVar","v":"plural"},"number"]},{"$i":"settings-bitrate-8k","$v":"8 K (dimensioni inferiori)"},{"$i":"settings-bitrate-44k","$v":"44 K (dimensioni superiori)"},{"$i":"settings-bitrate-err","$v":"Errore di impostazione"},{"$i":"audio-recorder-is-empty","$v":"Registratore audio vuoto. Premere Nuovo per iniziare la registrazione."},{"$i":"audio-pick-is-empty","$v":"Nessuna registrazione disponibile."},{"$i":"input-title-enter-new-name","$v":"Inserire un nuovo nome"},{"$i":"new-recording","$v":"Nuova Registrazione"},{"$i":"save-input","placeholder":"Nuova Registrazione"},{"$i":"save-audio-input","$v":"Nome"},{"$i":"audio-player-state","$v":"Riproduzione in corso..."},{"$i":"audio-player-state-pause","$v":""},{"$i":"audio-recorder-loading","$v":"Scansione di registrazioni audio in corso..."},{"$i":"unsupport-file-name","$v":{"$o":"Non è possibile utilizzare un nome che contiene caratteri non supportati: \\/:*?\"<>|"}},{"$i":"import-file-error","$v":"Nome già esistente. Scegliere un altro nome"},{"$i":"import-file-exist","$v":"Nome file già esistente."},{"$i":"state_storage_no_memory_card","$v":"Scheda di memoria non trovata. Inserire una scheda di memoria."},{"$i":"state_storage_full","$v":"Risorsa di archiviazione del telefono quasi esaurita"},{"$i":"state_storage_full_sdcard","$v":"Scheda SD esaurita"},{"$i":"state_storage_full_content_new","$v":"Eliminare i file multimediali o i dati delle app per liberare dello spazio. È inoltre possibile inserire una scheda SD per espandere la memoria destinata ai contenuti multimediali."},{"$i":"state_storage_full_content_new_sdcard","$v":"Eliminare i file nella scheda SD per liberare dello spazio."},{"$i":"state_storage_full_content_record","$v":"Eliminare i file multimediali o i dati delle app per liberare dello spazio. È inoltre possibile inserire una scheda SD per espandere la memoria destinata ai contenuti multimediali."},{"$i":"state_storage_full_content_record_sdcard","$v":"Eliminare i file nella scheda SD per liberare dello spazio."},{"$i":"state_storage_full_content_save","$v":"Eliminare i file multimediali o i dati delle app per liberare dello spazio. È inoltre possibile inserire una scheda SD per espandere la memoria destinata ai contenuti multimediali."},{"$i":"state_storage_full_content_save_sdcard","$v":"Eliminare i file nella scheda SD per liberare dello spazio."},{"$i":"state_storage_in_use","$v":"Memoria attualmente in uso. Scollegare il telefono."},{"$i":"rename-same-name","$v":"Nome non modificato."},{"$i":"confirmation","$v":"Conferma"},{"$i":"discard-confirm","$v":"Ignorare la registrazione?"},{"$i":"invalid-confirm","$v":"Impossibile riprodurre il file poiché non è supportato oppure non è valido."},{"$i":"weekday-0-long","$v":"Domenica"},{"$i":"weekday-1-long","$v":"Lunedì"},{"$i":"weekday-2-long","$v":"Martedì"},{"$i":"weekday-3-long","$v":"Mercoledì"},{"$i":"weekday-4-long","$v":"Giovedì"},{"$i":"weekday-5-long","$v":"Venerdì"},{"$i":"weekday-6-long","$v":"Sabato"},{"$i":"weekday-0-short","$v":"Dom"},{"$i":"weekday-1-short","$v":"Lun"},{"$i":"weekday-2-short","$v":"Mar"},{"$i":"weekday-3-short","$v":"Mer"},{"$i":"weekday-4-short","$v":"Gio"},{"$i":"weekday-5-short","$v":"Ven"},{"$i":"weekday-6-short","$v":"Sab"},{"$i":"month-0-long","$v":"Gennaio"},{"$i":"month-1-long","$v":"Febbraio"},{"$i":"month-2-long","$v":"Marzo"},{"$i":"month-3-long","$v":"Aprile"},{"$i":"month-4-long","$v":"Mag"},{"$i":"month-5-long","$v":"Giugno"},{"$i":"month-6-long","$v":"Luglio"},{"$i":"month-7-long","$v":"Agosto"},{"$i":"month-8-long","$v":"Settembre"},{"$i":"month-9-long","$v":"Ottobre"},{"$i":"month-10-long","$v":"Novembre"},{"$i":"month-11-long","$v":"Dicembre"},{"$i":"month-0-genitive","$v":"Gennaio"},{"$i":"month-1-genitive","$v":"Febbraio"},{"$i":"month-2-genitive","$v":"Marzo"},{"$i":"month-3-genitive","$v":"Aprile"},{"$i":"month-4-genitive","$v":"Mag"},{"$i":"month-5-genitive","$v":"Giugno"},{"$i":"month-6-genitive","$v":"Luglio"},{"$i":"month-7-genitive","$v":"Agosto"},{"$i":"month-8-genitive","$v":"Settembre"},{"$i":"month-9-genitive","$v":"Ottobre"},{"$i":"month-10-genitive","$v":"Novembre"},{"$i":"month-11-genitive","$v":"Dicembre"},{"$i":"month-0-short","$v":"Gen"},{"$i":"month-1-short","$v":"Feb"},{"$i":"month-2-short","$v":"Mar"},{"$i":"month-3-short","$v":"Apr"},{"$i":"month-4-short","$v":"Mag"},{"$i":"month-5-short","$v":"Giu"},{"$i":"month-6-short","$v":"Lug"},{"$i":"month-7-short","$v":"Ago"},{"$i":"month-8-short","$v":"Set"},{"$i":"month-9-short","$v":"Ott"},{"$i":"month-10-short","$v":"Nov"},{"$i":"month-11-short","$v":"Dic"},{"$i":"minutes-ago-long","$v":{"few":[{"t":"idOrVar","v":"value"}," minuti fa"],"many":[{"t":"idOrVar","v":"value"}," minuti fa"],"other":[{"t":"idOrVar","v":"value"}," minuti fa"],"two":[{"t":"idOrVar","v":"value"}," minuti fa"],"one":"un minuto fa","zero":"Proprio adesso"},"$x":[{"t":"idOrVar","v":"plural"},"value"]},{"$i":"hours-ago-long","$v":{"few":[{"t":"idOrVar","v":"value"}," ore fa"],"many":[{"t":"idOrVar","v":"value"}," ore fa"],"other":[{"t":"idOrVar","v":"value"}," ore fa"],"two":[{"t":"idOrVar","v":"value"}," ore fa"],"one":"un'ora fa","zero":"Proprio adesso"},"$x":[{"t":"idOrVar","v":"plural"},"value"]},{"$i":"days-ago-long","$v":{"few":[{"t":"idOrVar","v":"value"}," giorni fa"],"many":[{"t":"idOrVar","v":"value"}," giorni fa"],"one":"ieri","other":[{"t":"idOrVar","v":"value"}," giorni fa"],"two":[{"t":"idOrVar","v":"value"}," giorni fa"],"zero":"oggi"},"$x":[{"t":"idOrVar","v":"plural"},"value"]},{"$i":"weeks-ago-long","$v":{"few":[{"t":"idOrVar","v":"value"}," settimane fa"],"many":[{"t":"idOrVar","v":"value"}," settimane fa"],"one":"una settimana fa","other":[{"t":"idOrVar","v":"value"}," settimane fa"],"two":[{"t":"idOrVar","v":"value"}," settimane fa"],"zero":"questa settimana"},"$x":[{"t":"idOrVar","v":"plural"},"value"]},{"$i":"months-ago-long","$v":{"few":[{"t":"idOrVar","v":"value"}," mesi fa"],"many":[{"t":"idOrVar","v":"value"}," mesi fa"],"one":"un mese fa","other":[{"t":"idOrVar","v":"value"}," mesi fa"],"two":[{"t":"idOrVar","v":"value"}," mesi fa"],"zero":"questo mese"},"$x":[{"t":"idOrVar","v":"plural"},"value"]},{"$i":"years-ago-long","$v":{"few":[{"t":"idOrVar","v":"value"}," anni fa"],"many":[{"t":"idOrVar","v":"value"}," anni fa"],"one":"un anno fa","other":[{"t":"idOrVar","v":"value"}," anni fa"],"two":[{"t":"idOrVar","v":"value"}," anni fa"],"zero":"quest'anno"},"$x":[{"t":"idOrVar","v":"plural"},"value"]},{"$i":"minutes-until-long","$v":{"few":["tra ",{"t":"idOrVar","v":"value"}," minuti"],"many":["tra ",{"t":"idOrVar","v":"value"}," minuti"],"other":["tra ",{"t":"idOrVar","v":"value"}," minuti"],"two":["tra ",{"t":"idOrVar","v":"value"}," minuti"],"zero":"ora","one":"tra un minuto"},"$x":[{"t":"idOrVar","v":"plural"},"value"]},{"$i":"hours-until-long","$v":{"few":["tra ",{"t":"idOrVar","v":"value"}," ore"],"many":["tra ",{"t":"idOrVar","v":"value"}," ore"],"other":["tra ",{"t":"idOrVar","v":"value"}," ore"],"two":["tra ",{"t":"idOrVar","v":"value"}," ore"],"zero":"ora","one":"tra un'ora"},"$x":[{"t":"idOrVar","v":"plural"},"value"]},{"$i":"days-until-long","$v":{"few":["tra ",{"t":"idOrVar","v":"value"}," giorni"],"many":["tra ",{"t":"idOrVar","v":"value"}," giorni"],"one":"domani","other":["tra ",{"t":"idOrVar","v":"value"}," giorni"],"two":["tra ",{"t":"idOrVar","v":"value"}," giorni"],"zero":"oggi"},"$x":[{"t":"idOrVar","v":"plural"},"value"]},{"$i":"weeks-until-long","$v":{"few":["tra ",{"t":"idOrVar","v":"value"}," settimane"],"many":["tra ",{"t":"idOrVar","v":"value"}," settimane"],"one":"tra una settimana","other":["tra ",{"t":"idOrVar","v":"value"}," settimane"],"two":["tra ",{"t":"idOrVar","v":"value"}," settimane"],"zero":"questa settimana"},"$x":[{"t":"idOrVar","v":"plural"},"value"]},{"$i":"months-until-long","$v":{"few":["tra ",{"t":"idOrVar","v":"value"}," mesi"],"many":["tra ",{"t":"idOrVar","v":"value"}," mesi"],"one":"tra un mese","other":["tra ",{"t":"idOrVar","v":"value"}," mesi"],"two":["tra ",{"t":"idOrVar","v":"value"}," mesi"],"zero":"questo mese"},"$x":[{"t":"idOrVar","v":"plural"},"value"]},{"$i":"years-until-long","$v":{"few":["tra ",{"t":"idOrVar","v":"value"}," anni"],"many":["tra ",{"t":"idOrVar","v":"value"}," anni"],"one":"tra un anno","other":["tra ",{"t":"idOrVar","v":"value"}," anni"],"two":["tra ",{"t":"idOrVar","v":"value"}," anni"],"zero":"quest'anno"},"$x":[{"t":"idOrVar","v":"plural"},"value"]},{"$i":"minutes-ago-short","$v":{"other":[{"t":"idOrVar","v":"value"}," m fa"],"zero":"Proprio adesso"},"$x":[{"t":"idOrVar","v":"plural"},"value"]},{"$i":"hours-ago-short","$v":{"other":[{"t":"idOrVar","v":"value"}," h fa"],"zero":"Proprio adesso"},"$x":[{"t":"idOrVar","v":"plural"},"value"]},{"$i":"days-ago-short","$v":{"other":[{"t":"idOrVar","v":"value"}," g fa"],"zero":"oggi"},"$x":[{"t":"idOrVar","v":"plural"},"value"]},{"$i":"minutes-until-short","$v":{"other":["tra ",{"t":"idOrVar","v":"value"}," m"],"zero":"ora"},"$x":[{"t":"idOrVar","v":"plural"},"value"]},{"$i":"hours-until-short","$v":{"other":["tra ",{"t":"idOrVar","v":"value"}," h"],"zero":"ora"},"$x":[{"t":"idOrVar","v":"plural"},"value"]},{"$i":"days-until-short","$v":{"other":["tra ",{"t":"idOrVar","v":"value"}," g"],"zero":"oggi"},"$x":[{"t":"idOrVar","v":"plural"},"value"]},{"$i":"incorrectDate","$v":"(data errata)"},{"$i":"dateTimeFormat_%c","$v":"%a %b %e %Y %I:%M:%S %p"},{"$i":"dateTimeFormat_%x","$v":"%m/%d/%Y"},{"$i":"dateTimeFormat_%X","$v":"%I:%M:%S %p"},{"$i":"shortTimeFormat","$v":"%I:%M %p"},{"$i":"shortTimeFormat12","$v":"%I:%M %p"},{"$i":"shortTimeFormat24","$v":"%H:%M"},{"$i":"shortDateTimeFormat","$v":"%x %I:%M %p"},{"$i":"weekStartsOnMonday","$v":"0.0"},{"$i":"firstDayOfTheWeek","$v":"1.0"},{"$i":"time_am","$v":"AM"},{"$i":"time_pm","$v":"PM"}]