[{"$i":"toast-audio-save","$v":[{"t":"idOrVar","v":"name"}," сақталды."]},{"$i":"toast-audio-discarded","$v":"Жазудан бас тартылды"},{"$i":"toast-save-rate","$v":"Өзгерістер сақталды."},{"$i":"toast-audio-deleted","$v":"Жазба жойылды"},{"$i":"toast-audio-files-deleted","$v":"Аудио файлдар жойылды."},{"$i":"toast-audio-rename-ok","$v":"Аты өзгертілді"},{"$i":"toast-audio-rename-failed","$v":"Аты өзгертілмеді"},{"$i":"toast-audio-rename-empty-or-only-space","$v":"Жаңа атау бос немесе тек бос орын болуы мүмкін емес."},{"$i":"toast-music-library-save","$v":[{"t":"idOrVar","v":"name"}," Музыка кітапханасына сақталды"]},{"$i":"toast-audio-import-save","$v":[{"t":"idOrVar","v":"name"}," жазу құралына сақталды."]},{"$i":"toast-audio-save-failed","$v":"Сақталмады."},{"$i":"new","$v":"Жаңа"},{"$i":"option","$v":"Опция"},{"$i":"play","$v":"Ойнату"},{"$i":"ok","$v":"OK"},{"$i":"options","$v":"Опциялар"},{"$i":"back","$v":"Артқа"},{"$i":"pause","$v":"Кідірту"},{"$i":"cancel","$v":"Бас тарту"},{"$i":"delete","$v":"Жою"},{"$i":"done","$v":"Болды"},{"$i":"save","$v":"Сақтау"},{"$i":"discard","$v":"Бас тарту"},{"$i":"all","$v":"Барлығы"},{"$i":"deselect","$v":"Таңдауды алу"},{"$i":"none","$v":"Жоқ"},{"$i":"select","$v":"Таңдау"},{"$i":"menu-header-options","$v":"Опциялар"},{"$i":"menu-header-option","$v":"Опция"},{"$i":"menu-delete","$v":"Жою"},{"$i":"menu-share","$v":"Бөлісу"},{"$i":"menu-rename","$v":"Атын өзгерту"},{"$i":"menu-save-as-ringtone","$v":"Қоң. үні ретінде сақтау"},{"$i":"menu-settings","$v":"Параметрлер"},{"$i":"menu-volume","$v":"Дыбыс деңгейі"},{"$i":"menu-save-to-music-library","$v":"Музыка жинағына сақтау"},{"$i":"menu-select-multiple","$v":"Бірнешеуді таңдау"},{"$i":"number-selected","$v":{"few":[{"t":"idOrVar","v":"number"}," таңдалды"],"many":[{"t":"idOrVar","v":"number"}," таңдалды"],"one":[{"t":"idOrVar","v":"number"}," таңдалды"],"other":[{"t":"idOrVar","v":"number"}," таңдалды"],"two":[{"t":"idOrVar","v":"number"}," таңдалды"],"zero":[{"t":"idOrVar","v":"number"}," таңдалды"]},"$x":[{"t":"idOrVar","v":"plural"},"number"]},{"$i":"title-audio-list","$v":"Дыбыс жазу құралы"},{"$i":"title-rename","$v":"Атын өзгерту"},{"$i":"title-settings","$v":"Параметрлер"},{"$i":"title-save-confirmation","$v":"Растау"},{"$i":"title-delete-confirmation","$v":"Растау"},{"$i":"title-recording-bitrate","$v":"Жазу жылдамдығы"},{"$i":"title-pick-audio-list","$v":"Жазуды таңдаңыз"},{"$i":"dialog-delete-audio-file","$v":"Дыбыстық файлды жою керек пе?"},{"$i":"dialog-save-audio-recording","$v":"Дыбыс жазб. сақтау?"},{"$i":"dialog-delete-select-audio","$v":{"few":[{"t":"idOrVar","v":"Number"}," жазбаларын жою керек пе?"],"many":[{"t":"idOrVar","v":"Number"}," жазбаларын жою керек пе?"],"one":"Таңдалған жазбаларды жою керек пе?","other":[{"t":"idOrVar","v":"Number"}," жазбаларын жою керек пе?"],"two":[{"t":"idOrVar","v":"Number"}," жазбаларын жою керек пе?"]},"$x":[{"t":"idOrVar","v":"plural"},"number"]},{"$i":"settings-bitrate-8k","$v":"8K (кішірек өлшем)"},{"$i":"settings-bitrate-44k","$v":"44K (үлкенірек өлшем)"},{"$i":"settings-bitrate-err","$v":"Орнату қатесі"},{"$i":"audio-recorder-is-empty","$v":"Дыбыс жазу құрылғысы бос, жазуды бастау үшін Жаңа түймесін басыңыз."},{"$i":"audio-pick-is-empty","$v":"Жазбалар жоқ."},{"$i":"input-title-enter-new-name","$v":"Жаңа атау енгізу"},{"$i":"new-recording","$v":"Жаңа жазба"},{"$i":"save-input","placeholder":"Жаңа жазба"},{"$i":"save-audio-input","$v":"Аты"},{"$i":"audio-player-state","$v":"Ойнату..."},{"$i":"audio-player-state-pause","$v":""},{"$i":"audio-recorder-loading","$v":"Дыбыс жазб. іздеу..."},{"$i":"unsupport-file-name","$v":{"$o":"Қолдау көрсетілмейтін таңбалар бар атауды пайдалану мүмкін емес: \\/:*?&quot;&lt;&gt;|"}},{"$i":"import-file-error","$v":"Атау бұрын алынған. Басқа атауды таңдаңыз"},{"$i":"import-file-exist","$v":"Мұндай файл атауы бұрыннан бар."},{"$i":"state_storage_no_memory_card","$v":"Жад картасы жоқ. Жад карт. салыңыз."},{"$i":"state_storage_full","$v":"Телефон жады толы"},{"$i":"state_storage_full_sdcard","$v":"SD картасы толы."},{"$i":"state_storage_full_content_new","$v":"Орын босату үшін мультимедиалық файлдарды немесе қолданба деректерін жойыңыз. Сондай-ақ мультимедиа жадын кеңейту үшін SD картасын салуға болады."},{"$i":"state_storage_full_content_new_sdcard","$v":"Орын босату үшін SD картасындағы файлдарды жойыңыз."},{"$i":"state_storage_full_content_record","$v":"Орын босату үшін мультимедиалық файлдарды немесе қолданба деректерін жойыңыз. Сондай-ақ мультимедиа жадын кеңейту үшін SD картасын салуға болады."},{"$i":"state_storage_full_content_record_sdcard","$v":"Орын босату үшін SD картасындағы файлдарды жойыңыз."},{"$i":"state_storage_full_content_save","$v":"Орын босату үшін мультимедиалық файлдарды немесе қолданба деректерін жойыңыз. Сондай-ақ мультимедиа жадын кеңейту үшін SD картасын салуға болады."},{"$i":"state_storage_full_content_save_sdcard","$v":"Орын босату үшін SD картасындағы файлдарды жойыңыз."},{"$i":"state_storage_in_use","$v":"Жад қазір пайдаланылуда. Телефонды розеткадан ажыратыңыз."},{"$i":"rename-same-name","$v":"Аты өзгермейді."},{"$i":"confirmation","$v":"Растау"},{"$i":"discard-confirm","$v":"Жазбаны алып тастау керек пе?"},{"$i":"invalid-confirm","$v":"Файлды ойнату мүмкін емес, себебі ол қолдау көрсетілмейді немесе жарамсыз."},{"$i":"weekday-0-long","$v":"Жексенбі"},{"$i":"weekday-1-long","$v":"Дүйсенбі"},{"$i":"weekday-2-long","$v":"Сейсенбі"},{"$i":"weekday-3-long","$v":"Сәрсенбі"},{"$i":"weekday-4-long","$v":"Бейсенбі"},{"$i":"weekday-5-long","$v":"Жұма"},{"$i":"weekday-6-long","$v":"Сенбі"},{"$i":"weekday-0-short","$v":"Жс"},{"$i":"weekday-1-short","$v":"Дс"},{"$i":"weekday-2-short","$v":"Сс"},{"$i":"weekday-3-short","$v":"Ср"},{"$i":"weekday-4-short","$v":"Бс"},{"$i":"weekday-5-short","$v":"Жм"},{"$i":"weekday-6-short","$v":"Сб"},{"$i":"month-0-long","$v":"Қаңтар"},{"$i":"month-1-long","$v":"Ақпан"},{"$i":"month-2-long","$v":"Наурыз"},{"$i":"month-3-long","$v":"Сәуір"},{"$i":"month-4-long","$v":"Мамыр"},{"$i":"month-5-long","$v":"Маусым"},{"$i":"month-6-long","$v":"Шілде"},{"$i":"month-7-long","$v":"Тамыз"},{"$i":"month-8-long","$v":"Қыркүйек"},{"$i":"month-9-long","$v":"Қазан"},{"$i":"month-10-long","$v":"Қараша"},{"$i":"month-11-long","$v":"Желтоқсан"},{"$i":"month-0-genitive","$v":"Қаңтар"},{"$i":"month-1-genitive","$v":"Ақпан"},{"$i":"month-2-genitive","$v":"Наурыз"},{"$i":"month-3-genitive","$v":"Сәуір"},{"$i":"month-4-genitive","$v":"Мам"},{"$i":"month-5-genitive","$v":"Маусым"},{"$i":"month-6-genitive","$v":"Шілде"},{"$i":"month-7-genitive","$v":"Тамыз"},{"$i":"month-8-genitive","$v":"Қыркүйек"},{"$i":"month-9-genitive","$v":"Қазан"},{"$i":"month-10-genitive","$v":"Қараша"},{"$i":"month-11-genitive","$v":"Желтоқсан"},{"$i":"month-0-short","$v":"Қаң"},{"$i":"month-1-short","$v":"Ақп"},{"$i":"month-2-short","$v":"Нау"},{"$i":"month-3-short","$v":"Сәу"},{"$i":"month-4-short","$v":"Мам"},{"$i":"month-5-short","$v":"Мау"},{"$i":"month-6-short","$v":"Шілде"},{"$i":"month-7-short","$v":"Там"},{"$i":"month-8-short","$v":"Қыр"},{"$i":"month-9-short","$v":"Қаз"},{"$i":"month-10-short","$v":"Қар"},{"$i":"month-11-short","$v":"Жел"},{"$i":"minutes-ago-long","$v":{"few":[{"t":"idOrVar","v":"value"}," минут бұрын"],"many":[{"t":"idOrVar","v":"value"}," минут бұрын"],"other":[{"t":"idOrVar","v":"value"}," минут бұрын"],"two":[{"t":"idOrVar","v":"value"}," минут бұрын"],"one":"бір минут бұрын","zero":"қазір ғана"},"$x":[{"t":"idOrVar","v":"plural"},"value"]},{"$i":"hours-ago-long","$v":{"few":[{"t":"idOrVar","v":"value"}," сағат бұрын"],"many":[{"t":"idOrVar","v":"value"}," сағат бұрын"],"other":[{"t":"idOrVar","v":"value"}," сағат бұрын"],"two":[{"t":"idOrVar","v":"value"}," сағат бұрын"],"one":"1 сағат бұрын","zero":"қазір ғана"},"$x":[{"t":"idOrVar","v":"plural"},"value"]},{"$i":"days-ago-long","$v":{"few":[{"t":"idOrVar","v":"value"}," күн бұрын"],"many":[{"t":"idOrVar","v":"value"}," күн бұрын"],"one":"кеше","other":[{"t":"idOrVar","v":"value"}," күн бұрын"],"two":[{"t":"idOrVar","v":"value"}," күн бұрын"],"zero":"бүгін"},"$x":[{"t":"idOrVar","v":"plural"},"value"]},{"$i":"weeks-ago-long","$v":{"few":[{"t":"idOrVar","v":"value"}," апта бұрын"],"many":[{"t":"idOrVar","v":"value"}," апта бұрын"],"one":"өткен апта","other":[{"t":"idOrVar","v":"value"}," апта бұрын"],"two":[{"t":"idOrVar","v":"value"}," апта бұрын"],"zero":"осы апта"},"$x":[{"t":"idOrVar","v":"plural"},"value"]},{"$i":"months-ago-long","$v":{"few":[{"t":"idOrVar","v":"value"}," ай бұрын"],"many":[{"t":"idOrVar","v":"value"}," ай бұрын"],"one":"өткен ай","other":[{"t":"idOrVar","v":"value"}," ай бұрын"],"two":[{"t":"idOrVar","v":"value"}," ай бұрын"],"zero":"осы ай"},"$x":[{"t":"idOrVar","v":"plural"},"value"]},{"$i":"years-ago-long","$v":{"few":[{"t":"idOrVar","v":"value"}," жыл бұрын"],"many":[{"t":"idOrVar","v":"value"}," жыл бұрын"],"one":"өткен жыл","other":[{"t":"idOrVar","v":"value"}," жыл бұрын"],"two":[{"t":"idOrVar","v":"value"}," жыл бұрын"],"zero":"осы жыл"},"$x":[{"t":"idOrVar","v":"plural"},"value"]},{"$i":"minutes-until-long","$v":{"few":[{"t":"idOrVar","v":"value"}," минутта"],"many":[{"t":"idOrVar","v":"value"}," минутта"],"other":[{"t":"idOrVar","v":"value"}," минутта"],"two":[{"t":"idOrVar","v":"value"}," минутта"],"zero":"қазір","one":"1 минут ішінде"},"$x":[{"t":"idOrVar","v":"plural"},"value"]},{"$i":"hours-until-long","$v":{"few":[{"t":"idOrVar","v":"value"}," сағатта"],"many":[{"t":"idOrVar","v":"value"}," сағатта"],"other":[{"t":"idOrVar","v":"value"}," сағатта"],"two":[{"t":"idOrVar","v":"value"}," сағатта"],"zero":"қазір","one":"1 сағатта"},"$x":[{"t":"idOrVar","v":"plural"},"value"]},{"$i":"days-until-long","$v":{"few":[{"t":"idOrVar","v":"value"}," күнде"],"many":[{"t":"idOrVar","v":"value"}," күнде"],"one":"ертең","other":[{"t":"idOrVar","v":"value"}," күнде"],"two":[{"t":"idOrVar","v":"value"}," күнде"],"zero":"бүгін"},"$x":[{"t":"idOrVar","v":"plural"},"value"]},{"$i":"weeks-until-long","$v":{"few":[{"t":"idOrVar","v":"value"}," аптада"],"many":[{"t":"idOrVar","v":"value"}," аптада"],"one":"келесі апта","other":[{"t":"idOrVar","v":"value"}," аптада"],"two":[{"t":"idOrVar","v":"value"}," аптада"],"zero":"осы апта"},"$x":[{"t":"idOrVar","v":"plural"},"value"]},{"$i":"months-until-long","$v":{"few":[{"t":"idOrVar","v":"value"}," айда"],"many":[{"t":"idOrVar","v":"value"}," айда"],"one":"келесі ай","other":[{"t":"idOrVar","v":"value"}," айда"],"two":[{"t":"idOrVar","v":"value"}," айда"],"zero":"осы ай"},"$x":[{"t":"idOrVar","v":"plural"},"value"]},{"$i":"years-until-long","$v":{"few":[{"t":"idOrVar","v":"value"}," жылда"],"many":[{"t":"idOrVar","v":"value"}," жылда"],"one":"келесі жыл","other":[{"t":"idOrVar","v":"value"}," жылда"],"two":[{"t":"idOrVar","v":"value"}," жылда"],"zero":"осы жыл"},"$x":[{"t":"idOrVar","v":"plural"},"value"]},{"$i":"minutes-ago-short","$v":{"other":[{"t":"idOrVar","v":"value"}," минут бұрын"],"zero":"қазір ғана"},"$x":[{"t":"idOrVar","v":"plural"},"value"]},{"$i":"hours-ago-short","$v":{"other":[{"t":"idOrVar","v":"value"}," сағат бұрын"],"zero":"қазір ғана"},"$x":[{"t":"idOrVar","v":"plural"},"value"]},{"$i":"days-ago-short","$v":{"other":[{"t":"idOrVar","v":"value"}," күн бұрын"],"zero":"бүгін"},"$x":[{"t":"idOrVar","v":"plural"},"value"]},{"$i":"minutes-until-short","$v":{"other":[{"t":"idOrVar","v":"value"}," минутта"],"zero":"қазір"},"$x":[{"t":"idOrVar","v":"plural"},"value"]},{"$i":"hours-until-short","$v":{"other":[{"t":"idOrVar","v":"value"}," сағатта"],"zero":"қазір"},"$x":[{"t":"idOrVar","v":"plural"},"value"]},{"$i":"days-until-short","$v":{"other":[{"t":"idOrVar","v":"value"}," күнде"],"zero":"бүгін"},"$x":[{"t":"idOrVar","v":"plural"},"value"]},{"$i":"incorrectDate","$v":"(дұрыс емес күн)"},{"$i":"dateTimeFormat_%c","$v":"%a %b %e %Y %I:%M:%S %p"},{"$i":"dateTimeFormat_%x","$v":"%m/%d/%Y"},{"$i":"dateTimeFormat_%X","$v":"%I:%M:%S %p"},{"$i":"shortTimeFormat","$v":"%I:%M %p"},{"$i":"shortTimeFormat12","$v":"%I:%M %p"},{"$i":"shortTimeFormat24","$v":"%H:%M"},{"$i":"shortDateTimeFormat","$v":"%x %I:%M %p"},{"$i":"weekStartsOnMonday","$v":"0.0"},{"$i":"firstDayOfTheWeek","$v":"1.0"},{"$i":"time_am","$v":"ТД"},{"$i":"time_pm","$v":"түстен кейін"}]