[{"$i":"toast-audio-save","$v":["បាន​រក្សា​ទុក ",{"t":"idOrVar","v":"name"}," ។"]},{"$i":"toast-audio-discarded","$v":"បាន​បោះ​បង​ការថត។"},{"$i":"toast-save-rate","$v":"បាន​រក្សា​ទុក​ការផ្លាស់​ប្ដូរ។"},{"$i":"toast-audio-deleted","$v":"បាន​លុប​ការ​ថត"},{"$i":"toast-audio-files-deleted","$v":"បានលុបឯកសារអូឌីយ៉ូ។"},{"$i":"toast-audio-rename-ok","$v":"បាន​ផ្លាស់​ប្ដូរ។"},{"$i":"toast-audio-rename-failed","$v":"មិន​អាច​ប្ដូរ​ឈ្មោះ​បាន។"},{"$i":"toast-audio-rename-empty-or-only-space","$v":"ឈ្មោះថ្មីមិនអាចទទេឬមានតែចន្លោះទេ។"},{"$i":"toast-music-library-save","$v":[{"t":"idOrVar","v":"name"}," បានរក្សាទុកទៅបណ្ណាល័យតន្ត្រី"]},{"$i":"toast-audio-import-save","$v":["បាន​រក្សា​ទុក ",{"t":"idOrVar","v":"name"}," ចូល​កម្មវិធី​ថត។"]},{"$i":"toast-audio-save-failed","$v":"បានរក្សាទុកបានបរាជ័យ។"},{"$i":"new","$v":"ថ្មី"},{"$i":"option","$v":"ជម្រើស"},{"$i":"play","$v":"ចាក់"},{"$i":"ok","$v":"យល់ព្រម"},{"$i":"options","$v":"ជម្រើស"},{"$i":"back","$v":"ថយ​ក្រោយ"},{"$i":"pause","$v":"ផ្អាក"},{"$i":"cancel","$v":"បោះបង់"},{"$i":"delete","$v":"លុប"},{"$i":"done","$v":"រួច​រាល់"},{"$i":"save","$v":"រក្សា​ទុក"},{"$i":"discard","$v":"ចោល"},{"$i":"all","$v":"ទាំងអស់"},{"$i":"deselect","$v":"ដក​ការជ្រើស"},{"$i":"none","$v":"គ្មាន"},{"$i":"select","$v":"ជ្រើស"},{"$i":"menu-header-options","$v":"ជម្រើស"},{"$i":"menu-header-option","$v":"ជម្រើស"},{"$i":"menu-delete","$v":"លុប"},{"$i":"menu-share","$v":"ចែក​រំលែក"},{"$i":"menu-rename","$v":"ប្ដូរ​ឈ្មោះ"},{"$i":"menu-save-as-ringtone","$v":"រក្សា​ទុក​ជា​សំឡេង​រោទ៍"},{"$i":"menu-settings","$v":"ការកំណត់"},{"$i":"menu-volume","$v":"កម្រិត​សំឡេង"},{"$i":"menu-save-to-music-library","$v":"រក្សា​ទុក​ចូល​បណ្ណាល័យ​តន្ត្រី"},{"$i":"menu-select-multiple","$v":"ជ្រើស​ច្រើន"},{"$i":"number-selected","$v":{"few":["បាន​ជ្រើស ",{"t":"idOrVar","v":"number"}],"many":["បាន​ជ្រើស ",{"t":"idOrVar","v":"number"}],"one":["បាន​ជ្រើស ",{"t":"idOrVar","v":"number"}],"other":["បាន​ជ្រើស ",{"t":"idOrVar","v":"number"}],"two":["បាន​ជ្រើស ",{"t":"idOrVar","v":"number"}],"zero":["បាន​ជ្រើស ",{"t":"idOrVar","v":"number"}]},"$x":[{"t":"idOrVar","v":"plural"},"number"]},{"$i":"title-audio-list","$v":"ម៉ាស៊ីន​ថត​អូឌីយ៉ូ។"},{"$i":"title-rename","$v":"ប្ដូរ​ឈ្មោះ"},{"$i":"title-settings","$v":"ការកំណត់"},{"$i":"title-save-confirmation","$v":"ការបញ្ជាក់"},{"$i":"title-delete-confirmation","$v":"ការបញ្ជាក់"},{"$i":"title-recording-bitrate","$v":"អត្រា​ថត"},{"$i":"title-pick-audio-list","$v":"ជ្រើសរើសការកត់ត្រា"},{"$i":"dialog-delete-audio-file","$v":"លុប​ឯកសារ​អូឌីយ៉ូ​ឬ?"},{"$i":"dialog-save-audio-recording","$v":"រក្សាទុកការថតសំឡេង?"},{"$i":"dialog-delete-select-audio","$v":{"few":"0.0","many":"0.0","one":"0.0","other":"0.0","two":"0.0"},"$x":[{"t":"idOrVar","v":"plural"},"number"]},{"$i":"settings-bitrate-8k","$v":"8K (ទំហំ​រាង​តូច)"},{"$i":"settings-bitrate-44k","$v":"44K (ទំហំ​រាង​ធំ)"},{"$i":"settings-bitrate-err","$v":"បញ្ហា​ការកំណត់"},{"$i":"audio-recorder-is-empty","$v":"ឧបករណ៍ថតសំលេងគឺទទេសូមចុចថ្មីដើម្បីចាប់ផ្តើមថត។"},{"$i":"audio-pick-is-empty","$v":"មិនមានថតសំលេងទេ។"},{"$i":"input-title-enter-new-name","$v":"បញ្ចូល​ឈ្មោះ​ថ្មី"},{"$i":"new-recording","$v":"សំឡេង​ថត​ថ្មី"},{"$i":"save-input","placeholder":"សំឡេង​ថត​ថ្មី"},{"$i":"save-audio-input","$v":"ឈ្មោះ"},{"$i":"audio-player-state","$v":"កំពុង​ចាក់..."},{"$i":"audio-player-state-pause","$v":""},{"$i":"audio-recorder-loading","$v":"ស្កេន​រក​អូឌីយ៉ូ​ដែល​ថត..."},{"$i":"unsupport-file-name","$v":{"$o":"មិន​អាច​ប្រើ​ឈ្មោះ​ដែល​មាន​តួ​អក្សរ​មិន​ស្គាល់​ទេ៖ \\/:*?&quot;&lt;&gt;|"}},{"$i":"import-file-error","$v":"មាន​គេ​ប្រើ​ឈ្មោះ​នេះ​ហើយ។ ជ្រើស​រើស​ឈ្មោះ​មួយ​ទៀត"},{"$i":"import-file-exist","$v":"ឈ្មោះ​ឯកសារនេះ​មាន​រួច​ហើយ។"},{"$i":"state_storage_no_memory_card","$v":"រក​មិន​ឃើញ​កាត​អង្គ​ចងចាំ​ទេ។ សូម​ស៊ក​បញ្ចូល​កាត​អង្គ​ចងចាំ។"},{"$i":"state_storage_full","$v":"ទូរសព្ទ​អស់​ទំហំ​ផ្ទុក​ទំនេរ"},{"$i":"state_storage_full_sdcard","$v":"កាត SD ពេញ។"},{"$i":"state_storage_full_content_new","$v":"លុប​ឯកសារ​ ឬ​ទិន្នន័យ​កម្មវិធី ដើម្បី​បង្កើន​ទំហំ​ផ្ទុក​ទំនេរ។ អ្នក​ក៏​អាច​ស៊ក​បញ្ចូល​កាត SD ដើម្បី​បង្កើន​ទំហំ​ផ្ទុក​ផងដែរ។"},{"$i":"state_storage_full_content_new_sdcard","$v":"លុប​ឯកសារ​ក្នុង​កាត SD ដើម្បី​បង្កើន​ទំហំ​ផ្ទុក​ទំនេរ។"},{"$i":"state_storage_full_content_record","$v":"លុប​ឯកសារ​ ឬ​ទិន្នន័យ​កម្មវិធី ដើម្បី​បង្កើន​ទំហំ​ផ្ទុក​ទំនេរ។ អ្នក​ក៏​អាច​ស៊ក​បញ្ចូល​កាត SD ដើម្បី​បង្កើន​ទំហំ​ផ្ទុក​ផងដែរ។"},{"$i":"state_storage_full_content_record_sdcard","$v":"លុប​ឯកសារ​ក្នុង​កាត SD ដើម្បី​បង្កើន​ទំហំ​ផ្ទុក​ទំនេរ។"},{"$i":"state_storage_full_content_save","$v":"លុប​ឯកសារ​ ឬ​ទិន្នន័យ​កម្មវិធី ដើម្បី​បង្កើន​ទំហំ​ផ្ទុក​ទំនេរ។ អ្នក​ក៏​អាច​ស៊ក​បញ្ចូល​កាត SD ដើម្បី​បង្កើន​ទំហំ​ផ្ទុក​ផងដែរ។"},{"$i":"state_storage_full_content_save_sdcard","$v":"លុប​ឯកសារ​ក្នុង​កាត SD ដើម្បី​បង្កើន​ទំហំ​ផ្ទុក​ទំនេរ។"},{"$i":"state_storage_in_use","$v":"បច្ចុប្បន្ន ឧបករណ៍​ផ្ទុក​កំពុង​ជាប់​ប្រើ។ សូម​ដក​ទូរសព្ទ។"},{"$i":"rename-same-name","$v":"ឈ្មោះមិនផ្លាស់ប្តូរ។"},{"$i":"confirmation","$v":"ការបញ្ជាក់"},{"$i":"discard-confirm","$v":"បោះបង់ការថត?"},{"$i":"invalid-confirm","$v":"មិនអាចលេងឯកសារបានទេព្រោះវាមិនត្រូវបានគាំទ្រឬមិនត្រឹមត្រូវ។"},{"$i":"weekday-0-long","$v":"អាទិត្យ"},{"$i":"weekday-1-long","$v":"ចន្ទ"},{"$i":"weekday-2-long","$v":"អង្គារ"},{"$i":"weekday-3-long","$v":"ពុធ"},{"$i":"weekday-4-long","$v":"ព្រហស្បតិ៍"},{"$i":"weekday-5-long","$v":"សុក្រ"},{"$i":"weekday-6-long","$v":"សៅរ៍"},{"$i":"weekday-0-short","$v":"អា"},{"$i":"weekday-1-short","$v":"ច"},{"$i":"weekday-2-short","$v":"អ"},{"$i":"weekday-3-short","$v":"ពុ"},{"$i":"weekday-4-short","$v":"ព្រ"},{"$i":"weekday-5-short","$v":"សុ"},{"$i":"weekday-6-short","$v":"ស"},{"$i":"month-0-long","$v":"មករា"},{"$i":"month-1-long","$v":"កុម្ភៈ"},{"$i":"month-2-long","$v":"មីនា"},{"$i":"month-3-long","$v":"មេសា"},{"$i":"month-4-long","$v":"ឧសភា"},{"$i":"month-5-long","$v":"មិថុនា"},{"$i":"month-6-long","$v":"កក្កដា"},{"$i":"month-7-long","$v":"សីហា"},{"$i":"month-8-long","$v":"កញ្ញា"},{"$i":"month-9-long","$v":"តុលា"},{"$i":"month-10-long","$v":"វិច្ឆិកា"},{"$i":"month-11-long","$v":"ធ្នូ"},{"$i":"month-0-genitive","$v":"មករា"},{"$i":"month-1-genitive","$v":"កុម្ភៈ"},{"$i":"month-2-genitive","$v":"មីនា"},{"$i":"month-3-genitive","$v":"មេសា"},{"$i":"month-4-genitive","$v":"ឧសភា"},{"$i":"month-5-genitive","$v":"មិថុនា"},{"$i":"month-6-genitive","$v":"កក្កដា"},{"$i":"month-7-genitive","$v":"សីហា"},{"$i":"month-8-genitive","$v":"កញ្ញា"},{"$i":"month-9-genitive","$v":"តុលា"},{"$i":"month-10-genitive","$v":"វិច្ឆិកា"},{"$i":"month-11-genitive","$v":"ធ្នូ"},{"$i":"month-0-short","$v":"មករា"},{"$i":"month-1-short","$v":"កុម្ភៈ"},{"$i":"month-2-short","$v":"មីនា"},{"$i":"month-3-short","$v":"មេសា"},{"$i":"month-4-short","$v":"ឧសភា"},{"$i":"month-5-short","$v":"មិថុនា"},{"$i":"month-6-short","$v":"កក្កដា"},{"$i":"month-7-short","$v":"សីហា"},{"$i":"month-8-short","$v":"កញ្ញា"},{"$i":"month-9-short","$v":"តុលា"},{"$i":"month-10-short","$v":"វិច្ឆិកា"},{"$i":"month-11-short","$v":"ធ្នូ"},{"$i":"minutes-ago-long","$v":{"few":[{"t":"idOrVar","v":"value"}," នាទី​មុន"],"many":[{"t":"idOrVar","v":"value"}," នាទី​មុន"],"other":[{"t":"idOrVar","v":"value"}," នាទី​មុន"],"two":[{"t":"idOrVar","v":"value"}," នាទី​មុន"],"one":"មួយ​នាទី​មុន","zero":"អម្បាញ់​មិញ"},"$x":[{"t":"idOrVar","v":"plural"},"value"]},{"$i":"hours-ago-long","$v":{"few":[{"t":"idOrVar","v":"value"}," ម៉ោង​មុន"],"many":[{"t":"idOrVar","v":"value"}," ម៉ោង​មុន"],"other":[{"t":"idOrVar","v":"value"}," ម៉ោង​មុន"],"two":[{"t":"idOrVar","v":"value"}," ម៉ោង​មុន"],"one":"1 ម៉ោងមុន","zero":"អម្បាញ់​មិញ"},"$x":[{"t":"idOrVar","v":"plural"},"value"]},{"$i":"days-ago-long","$v":{"few":[{"t":"idOrVar","v":"value"}," ថ្ងៃ​មុន"],"many":[{"t":"idOrVar","v":"value"}," ថ្ងៃ​មុន"],"one":"ម្សិល​មិញ","other":[{"t":"idOrVar","v":"value"}," ថ្ងៃ​មុន"],"two":[{"t":"idOrVar","v":"value"}," ថ្ងៃ​មុន"],"zero":"ថ្ងៃ​នេះ"},"$x":[{"t":"idOrVar","v":"plural"},"value"]},{"$i":"weeks-ago-long","$v":{"few":[{"t":"idOrVar","v":"value"}," សប្ដាហ៍​មុន"],"many":[{"t":"idOrVar","v":"value"}," សប្ដាហ៍​មុន"],"one":"សប្ដាហ៍​មុន","other":[{"t":"idOrVar","v":"value"}," សប្ដាហ៍​មុន"],"two":[{"t":"idOrVar","v":"value"}," សប្ដាហ៍​មុន"],"zero":"សប្ដាហ៍​នេះ"},"$x":[{"t":"idOrVar","v":"plural"},"value"]},{"$i":"months-ago-long","$v":{"few":[{"t":"idOrVar","v":"value"}," ខែ​មុន"],"many":[{"t":"idOrVar","v":"value"}," ខែ​មុន"],"one":"ខែ​មុន","other":[{"t":"idOrVar","v":"value"}," ខែ​មុន"],"two":[{"t":"idOrVar","v":"value"}," ខែ​មុន"],"zero":"ខែ​នេះ"},"$x":[{"t":"idOrVar","v":"plural"},"value"]},{"$i":"years-ago-long","$v":{"few":[{"t":"idOrVar","v":"value"}," ឆ្នាំ​មុន"],"many":[{"t":"idOrVar","v":"value"}," ឆ្នាំ​មុន"],"one":"ឆ្នាំ​មុន","other":[{"t":"idOrVar","v":"value"}," ឆ្នាំ​មុន"],"two":[{"t":"idOrVar","v":"value"}," ឆ្នាំ​មុន"],"zero":"ឆ្នាំ​នេះ"},"$x":[{"t":"idOrVar","v":"plural"},"value"]},{"$i":"minutes-until-long","$v":{"few":["ក្នុង​ពេល ",{"t":"idOrVar","v":"value"}," នាទី"],"many":["ក្នុង​ពេល ",{"t":"idOrVar","v":"value"}," នាទី"],"other":["ក្នុង​ពេល ",{"t":"idOrVar","v":"value"}," នាទី"],"two":["ក្នុង​ពេល ",{"t":"idOrVar","v":"value"}," នាទី"],"zero":"ឥឡូវ","one":"ក្នុង ១ នាទី"},"$x":[{"t":"idOrVar","v":"plural"},"value"]},{"$i":"hours-until-long","$v":{"few":["ក្នុង​ពេល ",{"t":"idOrVar","v":"value"}," ម៉ោង"],"many":["ក្នុង​ពេល ",{"t":"idOrVar","v":"value"}," ម៉ោង"],"other":["ក្នុង​ពេល ",{"t":"idOrVar","v":"value"}," ម៉ោង"],"two":["ក្នុង​ពេល ",{"t":"idOrVar","v":"value"}," ម៉ោង"],"zero":"ឥឡូវ","one":"ក្នុង ១ ម៉ោង"},"$x":[{"t":"idOrVar","v":"plural"},"value"]},{"$i":"days-until-long","$v":{"few":["ក្នុង​ពេល ",{"t":"idOrVar","v":"value"}," ថ្ងៃ"],"many":["ក្នុង​ពេល ",{"t":"idOrVar","v":"value"}," ថ្ងៃ"],"one":"ស្អែក","other":["ក្នុង​ពេល ",{"t":"idOrVar","v":"value"}," ថ្ងៃ"],"two":["ក្នុង​ពេល ",{"t":"idOrVar","v":"value"}," ថ្ងៃ"],"zero":"ថ្ងៃ​នេះ"},"$x":[{"t":"idOrVar","v":"plural"},"value"]},{"$i":"weeks-until-long","$v":{"few":["ក្នុង​ពេល ",{"t":"idOrVar","v":"value"}," សប្ដាហ៍"],"many":["ក្នុង​ពេល ",{"t":"idOrVar","v":"value"}," សប្ដាហ៍"],"one":"សប្ដាហ៍​ក្រោយ","other":["ក្នុង​ពេល ",{"t":"idOrVar","v":"value"}," សប្ដាហ៍"],"two":["ក្នុង​ពេល ",{"t":"idOrVar","v":"value"}," សប្ដាហ៍"],"zero":"សប្ដាហ៍​នេះ"},"$x":[{"t":"idOrVar","v":"plural"},"value"]},{"$i":"months-until-long","$v":{"few":["ក្នុង​ពេល ",{"t":"idOrVar","v":"value"}," ខែ"],"many":["ក្នុង​ពេល ",{"t":"idOrVar","v":"value"}," ខែ"],"one":"ខែ​ក្រោយ","other":["ក្នុង​ពេល ",{"t":"idOrVar","v":"value"}," ខែ"],"two":["ក្នុង​ពេល ",{"t":"idOrVar","v":"value"}," ខែ"],"zero":"ខែ​នេះ"},"$x":[{"t":"idOrVar","v":"plural"},"value"]},{"$i":"years-until-long","$v":{"few":["ក្នុង​ពេល ",{"t":"idOrVar","v":"value"}," ឆ្នាំ"],"many":["ក្នុង​ពេល ",{"t":"idOrVar","v":"value"}," ឆ្នាំ"],"one":"ឆ្នាំ​ក្រោយ","other":["ក្នុង​ពេល ",{"t":"idOrVar","v":"value"}," ឆ្នាំ"],"two":["ក្នុង​ពេល ",{"t":"idOrVar","v":"value"}," ឆ្នាំ"],"zero":"ឆ្នាំ​នេះ"},"$x":[{"t":"idOrVar","v":"plural"},"value"]},{"$i":"minutes-ago-short","$v":{"other":[{"t":"idOrVar","v":"value"}," នា. មុន"],"zero":"អម្បាញ់​មិញ"},"$x":[{"t":"idOrVar","v":"plural"},"value"]},{"$i":"hours-ago-short","$v":{"other":[{"t":"idOrVar","v":"value"}," ម៉. មុន"],"zero":"អម្បាញ់​មិញ"},"$x":[{"t":"idOrVar","v":"plural"},"value"]},{"$i":"days-ago-short","$v":{"other":[{"t":"idOrVar","v":"value"}," ថ្ងៃ​មុន"],"zero":"ថ្ងៃ​នេះ"},"$x":[{"t":"idOrVar","v":"plural"},"value"]},{"$i":"minutes-until-short","$v":{"other":["ក្នុង​ពេល ",{"t":"idOrVar","v":"value"}," នា"],"zero":"ឥឡូវ"},"$x":[{"t":"idOrVar","v":"plural"},"value"]},{"$i":"hours-until-short","$v":{"other":["ក្នុងពេល  ",{"t":"idOrVar","v":"value"}," ម៉"],"zero":"ឥឡូវ"},"$x":[{"t":"idOrVar","v":"plural"},"value"]},{"$i":"days-until-short","$v":{"other":["ក្នុង​ពេល ",{"t":"idOrVar","v":"value"}," ថ្ងៃ"],"zero":"ថ្ងៃ​នេះ"},"$x":[{"t":"idOrVar","v":"plural"},"value"]},{"$i":"incorrectDate","$v":"(កាល​បរិច្ឆេទ​ខុស)"},{"$i":"dateTimeFormat_%c","$v":"%a %b %e %Y %I:%M:%S %p"},{"$i":"dateTimeFormat_%x","$v":"%d/%m/%Y"},{"$i":"dateTimeFormat_%X","$v":"%I:%M:%S %p"},{"$i":"shortTimeFormat","$v":"%I:%M %p"},{"$i":"shortTimeFormat12","$v":"%I:%M %p"},{"$i":"shortTimeFormat24","$v":"%H:%M"},{"$i":"shortDateTimeFormat","$v":"%x %I:%M %p"},{"$i":"weekStartsOnMonday","$v":"0.0"},{"$i":"firstDayOfTheWeek","$v":"0.0"},{"$i":"time_am","$v":"ព្រឹក"},{"$i":"time_pm","$v":"រសៀល"}]