[{"$i":"toast-audio-save","$v":[{"t":"idOrVar","v":"name"}," lagret."]},{"$i":"toast-audio-discarded","$v":"Innspilling avkastet"},{"$i":"toast-save-rate","$v":"Endringer lagret."},{"$i":"toast-audio-deleted","$v":"Innspilling slettet"},{"$i":"toast-audio-files-deleted","$v":"Lydfiler slettet."},{"$i":"toast-audio-rename-ok","$v":"Navn endret"},{"$i":"toast-audio-rename-failed","$v":"Kunne ikke endre navn"},{"$i":"toast-audio-rename-empty-or-only-space","$v":"Det nye navnet kan ikke være tomt eller bare plass."},{"$i":"toast-music-library-save","$v":[{"t":"idOrVar","v":"name"}," Lagret til musikkbibliotek"]},{"$i":"toast-audio-import-save","$v":[{"t":"idOrVar","v":"name"}," lagret til opptaker."]},{"$i":"toast-audio-save-failed","$v":"Lagret mislyktes."},{"$i":"new","$v":"Ny"},{"$i":"option","$v":"Alternativ"},{"$i":"play","$v":"Spill"},{"$i":"ok","$v":"OK"},{"$i":"options","$v":"Valg"},{"$i":"back","$v":"Tilbake"},{"$i":"pause","$v":"Pause"},{"$i":"cancel","$v":"Avbryt"},{"$i":"delete","$v":"Slett"},{"$i":"done","$v":"Fullført"},{"$i":"save","$v":"Lagre"},{"$i":"discard","$v":"Forkast"},{"$i":"all","$v":"Alle"},{"$i":"deselect","$v":"Velg bort"},{"$i":"none","$v":"Ingen"},{"$i":"select","$v":"Velg"},{"$i":"menu-header-options","$v":"Valg"},{"$i":"menu-header-option","$v":"Alternativ"},{"$i":"menu-delete","$v":"Slett"},{"$i":"menu-share","$v":"Del"},{"$i":"menu-rename","$v":"Bytt navn"},{"$i":"menu-save-as-ringtone","$v":"Lagre som ringetone"},{"$i":"menu-settings","$v":"Innstillinger"},{"$i":"menu-volume","$v":"Volum"},{"$i":"menu-save-to-music-library","$v":"Lagre til musikkbibliotek"},{"$i":"menu-select-multiple","$v":"Velg flere"},{"$i":"number-selected","$v":{"few":[{"t":"idOrVar","v":"number"}," valgt"],"many":[{"t":"idOrVar","v":"number"}," valgt"],"one":[{"t":"idOrVar","v":"number"}," valgt"],"other":[{"t":"idOrVar","v":"number"}," valgt"],"two":[{"t":"idOrVar","v":"number"}," valgt"],"zero":[{"t":"idOrVar","v":"number"}," valgt"]},"$x":[{"t":"idOrVar","v":"plural"},"number"]},{"$i":"title-audio-list","$v":"Lydinnspilling"},{"$i":"title-rename","$v":"Bytt navn"},{"$i":"title-settings","$v":"Innstillinger"},{"$i":"title-save-confirmation","$v":"Bekreftelse"},{"$i":"title-delete-confirmation","$v":"Bekreftelse"},{"$i":"title-recording-bitrate","$v":"Innspillingsfrekvens"},{"$i":"title-pick-audio-list","$v":"Velg en innspilling"},{"$i":"dialog-delete-audio-file","$v":"Slette lydfilen?"},{"$i":"dialog-save-audio-recording","$v":"Lagre lydinnspillingen?"},{"$i":"dialog-delete-select-audio","$v":{"few":["Slett ",{"t":"idOrVar","v":"number"}," opptak?"],"many":["Slett ",{"t":"idOrVar","v":"number"}," opptak?"],"one":"Slett valgte opptak?","other":["Slett ",{"t":"idOrVar","v":"number"}," opptak?"],"two":["Slett ",{"t":"idOrVar","v":"number"}," opptak?"]},"$x":[{"t":"idOrVar","v":"plural"},"number"]},{"$i":"settings-bitrate-8k","$v":"8K (mindre)"},{"$i":"settings-bitrate-44k","$v":"44K (større)"},{"$i":"settings-bitrate-err","$v":"Innstillingsfeil"},{"$i":"audio-recorder-is-empty","$v":"Lydopptaker er tom, trykk på Ny for å starte innspillingen."},{"$i":"audio-pick-is-empty","$v":"Ingen opptak tilgjengelig."},{"$i":"input-title-enter-new-name","$v":"Angi nytt navn"},{"$i":"new-recording","$v":"Ny innspilling"},{"$i":"save-input","placeholder":"Ny innspilling"},{"$i":"save-audio-input","$v":"Navn"},{"$i":"audio-player-state","$v":"Spiller …"},{"$i":"audio-player-state-pause","$v":""},{"$i":"audio-recorder-loading","$v":"Skanner lydinnspillinger …"},{"$i":"unsupport-file-name","$v":{"$o":"Kan ikke bruke et navn som inneholder ugyldige tegn: \\/:*?&quot;&lt;&gt;|"}},{"$i":"import-file-error","$v":"Navnet er opptatt. Velg et annet"},{"$i":"import-file-exist","$v":"Filnavn eksisterer allerede."},{"$i":"state_storage_no_memory_card","$v":"Fant ikke minnekort. Sett inn et minnekort."},{"$i":"state_storage_full","$v":"Telefonens lagringsplass er full."},{"$i":"state_storage_full_sdcard","$v":"SD-kort er fullt."},{"$i":"state_storage_full_content_new","$v":"Slett mediefiler eller programdata for å frigjøre plass. Du kan også sette inn et SD-kort for å utvide medielagring."},{"$i":"state_storage_full_content_new_sdcard","$v":"Slett filer på SD-kort for å frigjøre plass."},{"$i":"state_storage_full_content_record","$v":"Slett mediefiler eller programdata for å frigjøre plass. Du kan også sette inn et SD-kort for å utvide medielagring."},{"$i":"state_storage_full_content_record_sdcard","$v":"Slett filer på SD-kort for å frigjøre plass."},{"$i":"state_storage_full_content_save","$v":"Slett mediefiler eller programdata for å frigjøre plass. Du kan også sette inn et SD-kort for å utvide medielagring."},{"$i":"state_storage_full_content_save_sdcard","$v":"Slett filer på SD-kort for å frigjøre plass."},{"$i":"state_storage_in_use","$v":"Lagringsplass er i bruk. Koble fra telefonen."},{"$i":"rename-same-name","$v":"Navn uendret."},{"$i":"confirmation","$v":"Bekreftelse"},{"$i":"discard-confirm","$v":"Forkaste innspillingen?"},{"$i":"invalid-confirm","$v":"Kan ikke spille av fil fordi den ikke støttes eller er ugyldig."},{"$i":"weekday-0-long","$v":"Søndag"},{"$i":"weekday-1-long","$v":"Mandag"},{"$i":"weekday-2-long","$v":"Tirsdag"},{"$i":"weekday-3-long","$v":"Onsdag"},{"$i":"weekday-4-long","$v":"Torsdag"},{"$i":"weekday-5-long","$v":"Fredag"},{"$i":"weekday-6-long","$v":"Lørdag"},{"$i":"weekday-0-short","$v":"Sø."},{"$i":"weekday-1-short","$v":"Ma."},{"$i":"weekday-2-short","$v":"Ti."},{"$i":"weekday-3-short","$v":"On."},{"$i":"weekday-4-short","$v":"To."},{"$i":"weekday-5-short","$v":"Fr."},{"$i":"weekday-6-short","$v":"Lø."},{"$i":"month-0-long","$v":"Januar"},{"$i":"month-1-long","$v":"Februar"},{"$i":"month-2-long","$v":"Mars"},{"$i":"month-3-long","$v":"April"},{"$i":"month-4-long","$v":"Mai"},{"$i":"month-5-long","$v":"Juni"},{"$i":"month-6-long","$v":"Juli"},{"$i":"month-7-long","$v":"August"},{"$i":"month-8-long","$v":"September"},{"$i":"month-9-long","$v":"Oktober"},{"$i":"month-10-long","$v":"November"},{"$i":"month-11-long","$v":"Desember"},{"$i":"month-0-genitive","$v":"Januar"},{"$i":"month-1-genitive","$v":"Februar"},{"$i":"month-2-genitive","$v":"Mars"},{"$i":"month-3-genitive","$v":"April"},{"$i":"month-4-genitive","$v":"Mai"},{"$i":"month-5-genitive","$v":"Juni"},{"$i":"month-6-genitive","$v":"Juli"},{"$i":"month-7-genitive","$v":"August"},{"$i":"month-8-genitive","$v":"September"},{"$i":"month-9-genitive","$v":"Oktober"},{"$i":"month-10-genitive","$v":"November"},{"$i":"month-11-genitive","$v":"Desember"},{"$i":"month-0-short","$v":"Jan."},{"$i":"month-1-short","$v":"Feb."},{"$i":"month-2-short","$v":"Mars"},{"$i":"month-3-short","$v":"Apr."},{"$i":"month-4-short","$v":"Mai"},{"$i":"month-5-short","$v":"Juni"},{"$i":"month-6-short","$v":"Juli"},{"$i":"month-7-short","$v":"Aug."},{"$i":"month-8-short","$v":"Sep."},{"$i":"month-9-short","$v":"Okt."},{"$i":"month-10-short","$v":"Nov."},{"$i":"month-11-short","$v":"Des."},{"$i":"minutes-ago-long","$v":{"few":[{"t":"idOrVar","v":"value"}," minutter siden"],"many":[{"t":"idOrVar","v":"value"}," minutter siden"],"other":[{"t":"idOrVar","v":"value"}," minutter siden"],"two":[{"t":"idOrVar","v":"value"}," minutter siden"],"one":"et minutt siden","zero":"akkurat nå"},"$x":[{"t":"idOrVar","v":"plural"},"value"]},{"$i":"hours-ago-long","$v":{"few":[{"t":"idOrVar","v":"value"}," timer siden"],"many":[{"t":"idOrVar","v":"value"}," timer siden"],"other":[{"t":"idOrVar","v":"value"}," timer siden"],"two":[{"t":"idOrVar","v":"value"}," timer siden"],"one":"1 time siden","zero":"akkurat nå"},"$x":[{"t":"idOrVar","v":"plural"},"value"]},{"$i":"days-ago-long","$v":{"few":[{"t":"idOrVar","v":"value"}," dager siden"],"many":[{"t":"idOrVar","v":"value"}," dager siden"],"one":"i går","other":[{"t":"idOrVar","v":"value"}," dager siden"],"two":[{"t":"idOrVar","v":"value"}," dager siden"],"zero":"i dag"},"$x":[{"t":"idOrVar","v":"plural"},"value"]},{"$i":"weeks-ago-long","$v":{"few":[{"t":"idOrVar","v":"value"}," uker siden"],"many":[{"t":"idOrVar","v":"value"}," uker siden"],"one":"sist uke","other":[{"t":"idOrVar","v":"value"}," uker siden"],"two":[{"t":"idOrVar","v":"value"}," uker siden"],"zero":"denne uken"},"$x":[{"t":"idOrVar","v":"plural"},"value"]},{"$i":"months-ago-long","$v":{"few":[{"t":"idOrVar","v":"value"}," måneder siden"],"many":[{"t":"idOrVar","v":"value"}," måneder siden"],"one":"sist måned","other":[{"t":"idOrVar","v":"value"}," måneder siden"],"two":[{"t":"idOrVar","v":"value"}," måneder siden"],"zero":"denne måneden"},"$x":[{"t":"idOrVar","v":"plural"},"value"]},{"$i":"years-ago-long","$v":{"few":[{"t":"idOrVar","v":"value"}," år siden"],"many":[{"t":"idOrVar","v":"value"}," år siden"],"one":"i fjor","other":[{"t":"idOrVar","v":"value"}," år siden"],"two":[{"t":"idOrVar","v":"value"}," år siden"],"zero":"i år"},"$x":[{"t":"idOrVar","v":"plural"},"value"]},{"$i":"minutes-until-long","$v":{"few":["om ",{"t":"idOrVar","v":"value"}," minutter"],"many":["om ",{"t":"idOrVar","v":"value"}," minutter"],"other":["om ",{"t":"idOrVar","v":"value"}," minutter"],"two":["om ",{"t":"idOrVar","v":"value"}," minutter"],"zero":"nå","one":"om 1 minutt"},"$x":[{"t":"idOrVar","v":"plural"},"value"]},{"$i":"hours-until-long","$v":{"few":["om ",{"t":"idOrVar","v":"value"}," timer"],"many":["om ",{"t":"idOrVar","v":"value"}," timer"],"other":["om ",{"t":"idOrVar","v":"value"}," timer"],"two":["om ",{"t":"idOrVar","v":"value"}," timer"],"zero":"nå","one":"om 1 time"},"$x":[{"t":"idOrVar","v":"plural"},"value"]},{"$i":"days-until-long","$v":{"few":["om ",{"t":"idOrVar","v":"value"}," dager"],"many":["om ",{"t":"idOrVar","v":"value"}," dager"],"one":"i morgen","other":["om ",{"t":"idOrVar","v":"value"}," dager"],"two":["om ",{"t":"idOrVar","v":"value"}," dager"],"zero":"i dag"},"$x":[{"t":"idOrVar","v":"plural"},"value"]},{"$i":"weeks-until-long","$v":{"few":["om ",{"t":"idOrVar","v":"value"}," uker"],"many":["om ",{"t":"idOrVar","v":"value"}," uker"],"one":"neste uke","other":["om ",{"t":"idOrVar","v":"value"}," uker"],"two":["om ",{"t":"idOrVar","v":"value"}," uker"],"zero":"denne uken"},"$x":[{"t":"idOrVar","v":"plural"},"value"]},{"$i":"months-until-long","$v":{"few":["om ",{"t":"idOrVar","v":"value"}," måneder"],"many":["om ",{"t":"idOrVar","v":"value"}," måneder"],"one":"neste måned","other":["om ",{"t":"idOrVar","v":"value"}," måneder"],"two":["om ",{"t":"idOrVar","v":"value"}," måneder"],"zero":"denne måneden"},"$x":[{"t":"idOrVar","v":"plural"},"value"]},{"$i":"years-until-long","$v":{"few":["om ",{"t":"idOrVar","v":"value"}," år"],"many":["om ",{"t":"idOrVar","v":"value"}," år"],"one":"neste år","other":["om ",{"t":"idOrVar","v":"value"}," år"],"two":["om ",{"t":"idOrVar","v":"value"}," år"],"zero":"i år"},"$x":[{"t":"idOrVar","v":"plural"},"value"]},{"$i":"minutes-ago-short","$v":{"other":[{"t":"idOrVar","v":"value"}," m siden"],"zero":"akkurat nå"},"$x":[{"t":"idOrVar","v":"plural"},"value"]},{"$i":"hours-ago-short","$v":{"other":[{"t":"idOrVar","v":"value"}," t siden"],"zero":"akkurat nå"},"$x":[{"t":"idOrVar","v":"plural"},"value"]},{"$i":"days-ago-short","$v":{"other":[{"t":"idOrVar","v":"value"}," d siden"],"zero":"i dag"},"$x":[{"t":"idOrVar","v":"plural"},"value"]},{"$i":"minutes-until-short","$v":{"other":["om ",{"t":"idOrVar","v":"value"},"m"],"zero":"nå"},"$x":[{"t":"idOrVar","v":"plural"},"value"]},{"$i":"hours-until-short","$v":{"other":["om ",{"t":"idOrVar","v":"value"},"t"],"zero":"nå"},"$x":[{"t":"idOrVar","v":"plural"},"value"]},{"$i":"days-until-short","$v":{"other":["om ",{"t":"idOrVar","v":"value"},"d"],"zero":"i dag"},"$x":[{"t":"idOrVar","v":"plural"},"value"]},{"$i":"incorrectDate","$v":"(feil dato)"},{"$i":"dateTimeFormat_%c","$v":"%a %b %e %Y %I:%M:%S %p"},{"$i":"dateTimeFormat_%x","$v":"%m/%d/%Y"},{"$i":"dateTimeFormat_%X","$v":"%I:%M:%S %p"},{"$i":"shortTimeFormat","$v":"%I:%M %p"},{"$i":"shortTimeFormat12","$v":"%I:%M %p"},{"$i":"shortTimeFormat24","$v":"%H:%M"},{"$i":"shortDateTimeFormat","$v":"%x %I:%M %p"},{"$i":"weekStartsOnMonday","$v":"0.0"},{"$i":"firstDayOfTheWeek","$v":"1.0"},{"$i":"time_am","$v":"AM"},{"$i":"time_pm","$v":"PM"}]