[{"$i":"toast-audio-save","$v":[{"t":"idOrVar","v":"name"}," opgeslagen."]},{"$i":"toast-audio-discarded","$v":"Opnamen weggegooid."},{"$i":"toast-save-rate","$v":"Wijzigingen opgeslagen."},{"$i":"toast-audio-deleted","$v":"Audiobestand verwijderd."},{"$i":"toast-audio-files-deleted","$v":"Audiobestanden verwijderd."},{"$i":"toast-audio-rename-ok","$v":"Naam gewijzigd."},{"$i":"toast-audio-rename-failed","$v":"Kan naam niet wijzigen."},{"$i":"toast-audio-rename-empty-or-only-space","$v":"Nieuw naam mag niet leeg zijn of alleen uit een spatie bestaan."},{"$i":"toast-music-library-save","$v":[{"t":"idOrVar","v":"name"}," opgeslagen in muziekbibliotheek"]},{"$i":"toast-audio-import-save","$v":[{"t":"idOrVar","v":"name"}," opgeslagen in recorder."]},{"$i":"toast-audio-save-failed","$v":"Opslaan mislukt."},{"$i":"new","$v":"Nieuw"},{"$i":"option","$v":"Optie"},{"$i":"play","$v":"Afspelen"},{"$i":"ok","$v":"OK"},{"$i":"options","$v":"Opties"},{"$i":"back","$v":"Terug"},{"$i":"pause","$v":"Pauzeren"},{"$i":"cancel","$v":"Annuleren"},{"$i":"delete","$v":"Verwijderen"},{"$i":"done","$v":"Gereed"},{"$i":"save","$v":"Opslaan"},{"$i":"discard","$v":"Weggooien"},{"$i":"all","$v":"Alle"},{"$i":"deselect","$v":"Deselecteren"},{"$i":"none","$v":"Geen"},{"$i":"select","$v":"Selecteer"},{"$i":"menu-header-options","$v":"Opties"},{"$i":"menu-header-option","$v":"Optie"},{"$i":"menu-delete","$v":"Verwijderen"},{"$i":"menu-share","$v":"Delen"},{"$i":"menu-rename","$v":"Naam wijzigen"},{"$i":"menu-save-as-ringtone","$v":"Opslaan als beltoon"},{"$i":"menu-settings","$v":"Instellingen"},{"$i":"menu-volume","$v":"Volume"},{"$i":"menu-save-to-music-library","$v":"Opslaan in muziekbibliotheek"},{"$i":"menu-select-multiple","$v":"Meerdere selecteren"},{"$i":"number-selected","$v":{"few":[{"t":"idOrVar","v":"number"}," geselecteerd"],"many":[{"t":"idOrVar","v":"number"}," geselecteerd"],"one":[{"t":"idOrVar","v":"number"}," geselecteerd"],"other":[{"t":"idOrVar","v":"number"}," geselecteerd"],"two":[{"t":"idOrVar","v":"number"}," geselecteerd"],"zero":[{"t":"idOrVar","v":"number"}," geselecteerd"]},"$x":[{"t":"idOrVar","v":"plural"},"number"]},{"$i":"title-audio-list","$v":"Recorder"},{"$i":"title-rename","$v":"Naam wijzigen"},{"$i":"title-settings","$v":"Instellingen"},{"$i":"title-save-confirmation","$v":"Bevestiging"},{"$i":"title-delete-confirmation","$v":"Bevestiging"},{"$i":"title-recording-bitrate","$v":"Opnamedatum"},{"$i":"title-pick-audio-list","$v":"Selecteer een opname"},{"$i":"dialog-delete-audio-file","$v":"Het audiobestand verwijderen?"},{"$i":"dialog-save-audio-recording","$v":"Wilt u de audio-opname opslaan?"},{"$i":"dialog-delete-select-audio","$v":{"few":[{"t":"idOrVar","v":"number"}," opnamen verwijderen?"],"many":[{"t":"idOrVar","v":"number"}," opnamen verwijderen?"],"one":"Geselecteerde opname verwijderen?","other":[{"t":"idOrVar","v":"number"}," opnamen verwijderen?"],"two":[{"t":"idOrVar","v":"number"}," opnamen verwijderen?"]},"$x":[{"t":"idOrVar","v":"plural"},"number"]},{"$i":"settings-bitrate-8k","$v":"8K (kleiner formaat)"},{"$i":"settings-bitrate-44k","$v":"44K (groter formaat)"},{"$i":"settings-bitrate-err","$v":"Instellingsfout"},{"$i":"audio-recorder-is-empty","$v":"Audiorecorder is leeg, druk op Nieuw om een opname te starten."},{"$i":"audio-pick-is-empty","$v":"Geen opnamen beschikbaar."},{"$i":"input-title-enter-new-name","$v":"Nieuwe naam opgeven"},{"$i":"new-recording","$v":"Nieuwe opname"},{"$i":"save-input","placeholder":"Nieuwe opname"},{"$i":"save-audio-input","$v":"Naam"},{"$i":"audio-player-state","$v":"Afspelen..."},{"$i":"audio-player-state-pause","$v":""},{"$i":"audio-recorder-loading","$v":"Scannen naar audio-opnames..."},{"$i":"unsupport-file-name","$v":{"$o":"Kan een naam met niet-ondersteunde tekens niet gebruiken: \\/:*?\"<>|"}},{"$i":"import-file-error","$v":"De naam wordt al gebruikt. Kies een andere naam"},{"$i":"import-file-exist","$v":"Deze bestandsnaam bestaat al."},{"$i":"state_storage_no_memory_card","$v":"Geheugenkaart is niet gevonden. Plaats een geheugenkaart."},{"$i":"state_storage_full","$v":"Telefoonopslag vol"},{"$i":"state_storage_full_sdcard","$v":"SD-kaart vol"},{"$i":"state_storage_full_content_new","$v":"Verwijder mediabestanden of app-gegevens om geheugen vrij te maken. U kunt ook een SD-kaart plaatsen om de media-opslag uit te breiden."},{"$i":"state_storage_full_content_new_sdcard","$v":"Verwijder bestanden van de SD-kaart om geheugen vrij te maken."},{"$i":"state_storage_full_content_record","$v":"Verwijder mediabestanden of app-gegevens om geheugen vrij te maken. U kunt ook een SD-kaart plaatsen om de media-opslag uit te breiden."},{"$i":"state_storage_full_content_record_sdcard","$v":"Verwijder bestanden van de SD-kaart om geheugen vrij te maken."},{"$i":"state_storage_full_content_save","$v":"Verwijder mediabestanden of app-gegevens om geheugen vrij te maken. U kunt ook een SD-kaart plaatsen om de media-opslag uit te breiden."},{"$i":"state_storage_full_content_save_sdcard","$v":"Verwijder bestanden van de SD-kaart om geheugen vrij te maken."},{"$i":"state_storage_in_use","$v":"Opslag is op dit moment in gebruik. Koppel de telefoon los."},{"$i":"rename-same-name","$v":"Naam niet gewijzigd."},{"$i":"confirmation","$v":"Bevestiging"},{"$i":"discard-confirm","$v":"Wilt u de opname verwijderen?"},{"$i":"invalid-confirm","$v":"Kan een bestand niet afspelen omdat het ongeldig is of niet wordt ondersteund."},{"$i":"weekday-0-long","$v":"zondag"},{"$i":"weekday-1-long","$v":"maandag"},{"$i":"weekday-2-long","$v":"dinsdag"},{"$i":"weekday-3-long","$v":"woensdag"},{"$i":"weekday-4-long","$v":"donderdag"},{"$i":"weekday-5-long","$v":"vrijdag"},{"$i":"weekday-6-long","$v":"zaterdag"},{"$i":"weekday-0-short","$v":"Zon"},{"$i":"weekday-1-short","$v":"Maa"},{"$i":"weekday-2-short","$v":"Din"},{"$i":"weekday-3-short","$v":"Woe"},{"$i":"weekday-4-short","$v":"Don"},{"$i":"weekday-5-short","$v":"Vrij"},{"$i":"weekday-6-short","$v":"Zat"},{"$i":"month-0-long","$v":"januari"},{"$i":"month-1-long","$v":"februari"},{"$i":"month-2-long","$v":"maart"},{"$i":"month-3-long","$v":"april"},{"$i":"month-4-long","$v":"mei"},{"$i":"month-5-long","$v":"juni"},{"$i":"month-6-long","$v":"juli"},{"$i":"month-7-long","$v":"augustus"},{"$i":"month-8-long","$v":"september"},{"$i":"month-9-long","$v":"oktober"},{"$i":"month-10-long","$v":"november"},{"$i":"month-11-long","$v":"december"},{"$i":"month-0-genitive","$v":"januari"},{"$i":"month-1-genitive","$v":"februari"},{"$i":"month-2-genitive","$v":"maart"},{"$i":"month-3-genitive","$v":"april"},{"$i":"month-4-genitive","$v":"mei"},{"$i":"month-5-genitive","$v":"juni"},{"$i":"month-6-genitive","$v":"juli"},{"$i":"month-7-genitive","$v":"augustus"},{"$i":"month-8-genitive","$v":"september"},{"$i":"month-9-genitive","$v":"oktober"},{"$i":"month-10-genitive","$v":"november"},{"$i":"month-11-genitive","$v":"december"},{"$i":"month-0-short","$v":"Jan"},{"$i":"month-1-short","$v":"Feb"},{"$i":"month-2-short","$v":"Maa"},{"$i":"month-3-short","$v":"Apr"},{"$i":"month-4-short","$v":"mei"},{"$i":"month-5-short","$v":"Jun"},{"$i":"month-6-short","$v":"Jul"},{"$i":"month-7-short","$v":"Aug"},{"$i":"month-8-short","$v":"Sep"},{"$i":"month-9-short","$v":"Okt"},{"$i":"month-10-short","$v":"Nov"},{"$i":"month-11-short","$v":"Dec"},{"$i":"minutes-ago-long","$v":{"few":[{"t":"idOrVar","v":"value"}," minuten geleden"],"many":[{"t":"idOrVar","v":"value"}," minuten geleden"],"other":[{"t":"idOrVar","v":"value"}," minuten geleden"],"two":[{"t":"idOrVar","v":"value"}," minuten geleden"],"one":"een minuut geleden","zero":"Zojuist"},"$x":[{"t":"idOrVar","v":"plural"},"value"]},{"$i":"hours-ago-long","$v":{"few":[{"t":"idOrVar","v":"value"}," uur geleden"],"many":[{"t":"idOrVar","v":"value"}," uur geleden"],"other":[{"t":"idOrVar","v":"value"}," uur geleden"],"two":[{"t":"idOrVar","v":"value"}," uur geleden"],"one":"een uur geleden","zero":"Zojuist"},"$x":[{"t":"idOrVar","v":"plural"},"value"]},{"$i":"days-ago-long","$v":{"few":[{"t":"idOrVar","v":"value"}," dagen geleden"],"many":[{"t":"idOrVar","v":"value"}," dagen geleden"],"one":"gisteren","other":[{"t":"idOrVar","v":"value"}," dagen geleden"],"two":[{"t":"idOrVar","v":"value"}," dagen geleden"],"zero":"vandaag"},"$x":[{"t":"idOrVar","v":"plural"},"value"]},{"$i":"weeks-ago-long","$v":{"few":[{"t":"idOrVar","v":"value"}," weken geleden"],"many":[{"t":"idOrVar","v":"value"}," weken geleden"],"one":"vorige week","other":[{"t":"idOrVar","v":"value"}," weken geleden"],"two":[{"t":"idOrVar","v":"value"}," weken geleden"],"zero":"deze week"},"$x":[{"t":"idOrVar","v":"plural"},"value"]},{"$i":"months-ago-long","$v":{"few":[{"t":"idOrVar","v":"value"}," maanden geleden"],"many":[{"t":"idOrVar","v":"value"}," maanden geleden"],"one":"vorige maand","other":[{"t":"idOrVar","v":"value"}," maanden geleden"],"two":[{"t":"idOrVar","v":"value"}," maanden geleden"],"zero":"deze maand"},"$x":[{"t":"idOrVar","v":"plural"},"value"]},{"$i":"years-ago-long","$v":{"few":[{"t":"idOrVar","v":"value"}," jaar geleden"],"many":[{"t":"idOrVar","v":"value"}," jaar geleden"],"one":"vorig jaar","other":[{"t":"idOrVar","v":"value"}," jaar geleden"],"two":[{"t":"idOrVar","v":"value"}," jaar geleden"],"zero":"dit jaar"},"$x":[{"t":"idOrVar","v":"plural"},"value"]},{"$i":"minutes-until-long","$v":{"few":["over ",{"t":"idOrVar","v":"value"}," minuten"],"many":["over ",{"t":"idOrVar","v":"value"}," minuten"],"other":["over ",{"t":"idOrVar","v":"value"}," minuten"],"two":["over ",{"t":"idOrVar","v":"value"}," minuten"],"zero":"nu","one":"over een minuut"},"$x":[{"t":"idOrVar","v":"plural"},"value"]},{"$i":"hours-until-long","$v":{"few":["over ",{"t":"idOrVar","v":"value"}," uur"],"many":["over ",{"t":"idOrVar","v":"value"}," uur"],"other":["over ",{"t":"idOrVar","v":"value"}," uur"],"two":["over ",{"t":"idOrVar","v":"value"}," uur"],"zero":"nu","one":"over een uur"},"$x":[{"t":"idOrVar","v":"plural"},"value"]},{"$i":"days-until-long","$v":{"few":["over ",{"t":"idOrVar","v":"value"}," dagen"],"many":["over ",{"t":"idOrVar","v":"value"}," dagen"],"one":"morgen","other":["over ",{"t":"idOrVar","v":"value"}," dagen"],"two":["over ",{"t":"idOrVar","v":"value"}," dagen"],"zero":"vandaag"},"$x":[{"t":"idOrVar","v":"plural"},"value"]},{"$i":"weeks-until-long","$v":{"few":["over ",{"t":"idOrVar","v":"value"}," weken"],"many":["over ",{"t":"idOrVar","v":"value"}," weken"],"one":"volgende week","other":["over ",{"t":"idOrVar","v":"value"}," weken"],"two":["over ",{"t":"idOrVar","v":"value"}," weken"],"zero":"deze week"},"$x":[{"t":"idOrVar","v":"plural"},"value"]},{"$i":"months-until-long","$v":{"few":["over ",{"t":"idOrVar","v":"value"}," maanden"],"many":["over ",{"t":"idOrVar","v":"value"}," maanden"],"one":"volgende maand","other":["over ",{"t":"idOrVar","v":"value"}," maanden"],"two":["over ",{"t":"idOrVar","v":"value"}," maanden"],"zero":"deze maand"},"$x":[{"t":"idOrVar","v":"plural"},"value"]},{"$i":"years-until-long","$v":{"few":["over ",{"t":"idOrVar","v":"value"}," jaar"],"many":["over ",{"t":"idOrVar","v":"value"}," jaar"],"one":"volgend jaar","other":["over ",{"t":"idOrVar","v":"value"}," jaar"],"two":["over ",{"t":"idOrVar","v":"value"}," jaar"],"zero":"dit jaar"},"$x":[{"t":"idOrVar","v":"plural"},"value"]},{"$i":"minutes-ago-short","$v":{"other":[{"t":"idOrVar","v":"value"},"m geleden"],"zero":"Zojuist"},"$x":[{"t":"idOrVar","v":"plural"},"value"]},{"$i":"hours-ago-short","$v":{"other":[{"t":"idOrVar","v":"value"},"u geleden"],"zero":"Zojuist"},"$x":[{"t":"idOrVar","v":"plural"},"value"]},{"$i":"days-ago-short","$v":{"other":[{"t":"idOrVar","v":"value"},"d geleden"],"zero":"vandaag"},"$x":[{"t":"idOrVar","v":"plural"},"value"]},{"$i":"minutes-until-short","$v":{"other":["over ",{"t":"idOrVar","v":"value"},"m"],"zero":"nu"},"$x":[{"t":"idOrVar","v":"plural"},"value"]},{"$i":"hours-until-short","$v":{"other":["over ",{"t":"idOrVar","v":"value"},"u"],"zero":"nu"},"$x":[{"t":"idOrVar","v":"plural"},"value"]},{"$i":"days-until-short","$v":{"other":["over ",{"t":"idOrVar","v":"value"},"d"],"zero":"vandaag"},"$x":[{"t":"idOrVar","v":"plural"},"value"]},{"$i":"incorrectDate","$v":"(onjuiste datum)"},{"$i":"dateTimeFormat_%c","$v":"%a %b %e %Y %I:%M:%S %p"},{"$i":"dateTimeFormat_%x","$v":"%m/%d/%Y"},{"$i":"dateTimeFormat_%X","$v":"%I:%M:%S %p"},{"$i":"shortTimeFormat","$v":"%I:%M %p"},{"$i":"shortTimeFormat12","$v":"%I:%M %p"},{"$i":"shortTimeFormat24","$v":"%H:%M"},{"$i":"shortDateTimeFormat","$v":"%x %I:%M %p"},{"$i":"weekStartsOnMonday","$v":"0.0"},{"$i":"firstDayOfTheWeek","$v":"1.0"},{"$i":"time_am","$v":"AM"},{"$i":"time_pm","$v":"PM"}]