[{"$i":"toast-audio-save","$v":[{"t":"idOrVar","v":"name"}," خوندي کړی شو"]},{"$i":"toast-audio-discarded","$v":"ریکارډینګ ترک شو"},{"$i":"toast-save-rate","$v":"تغیرات ثبت شول"},{"$i":"toast-audio-deleted","$v":"ثبت ‎لری‎ شو"},{"$i":"toast-audio-files-deleted","$v":"د آډیو فایلونه ړنګ شول."},{"$i":"toast-audio-rename-ok","$v":"نوم بدل شو"},{"$i":"toast-audio-rename-failed","$v":"نوم بدلول ناکام شو"},{"$i":"toast-audio-rename-empty-or-only-space","$v":"نوی نوم خالي یا یوازې ځای نشی کیدی."},{"$i":"toast-music-library-save","$v":[{"t":"idOrVar","v":"name"}," د موسیقي کتابتون ته واستول شو"]},{"$i":"toast-audio-import-save","$v":["په ریکارډر کې خوندي شو۔ ",{"t":"idOrVar","v":"name"}]},{"$i":"toast-audio-save-failed","$v":"خوندي شوی."},{"$i":"new","$v":"نوی"},{"$i":"option","$v":"انتخاب"},{"$i":"play","$v":"و چلوئ"},{"$i":"ok","$v":"اوکی"},{"$i":"options","$v":"غوراوي"},{"$i":"back","$v":"شاته"},{"$i":"pause","$v":"توقف"},{"$i":"cancel","$v":"کینسل کړئ"},{"$i":"delete","$v":"لري کړئ"},{"$i":"done","$v":"وشو"},{"$i":"save","$v":"خوندي کړئ"},{"$i":"discard","$v":"پریښودل"},{"$i":"all","$v":"ټول"},{"$i":"deselect","$v":"غیر انتخاب کړئ"},{"$i":"none","$v":"هیڅ‎ یو"},{"$i":"select","$v":"انتخاب"},{"$i":"menu-header-options","$v":"غوراوي"},{"$i":"menu-header-option","$v":"انتخاب"},{"$i":"menu-delete","$v":"لرې کول"},{"$i":"menu-share","$v":"شریک کړئ"},{"$i":"menu-rename","$v":"نوم بدل کړئ"},{"$i":"menu-save-as-ringtone","$v":"د نغمې په ډول محفوظ کړئ"},{"$i":"menu-settings","$v":"تنظیمات"},{"$i":"menu-volume","$v":"والیوم"},{"$i":"menu-save-to-music-library","$v":"د موسیقۍ کتابتون کې يي محفوظ کړئ"},{"$i":"menu-select-multiple","$v":"متعدد انتخاب کړئ"},{"$i":"number-selected","$v":{"few":[{"t":"idOrVar","v":"number"}," انتخاب شو"],"many":[{"t":"idOrVar","v":"number"}," انتخاب شو"],"one":[{"t":"idOrVar","v":"number"}," انتخاب شو"],"other":[{"t":"idOrVar","v":"number"}," انتخاب شو"],"two":[{"t":"idOrVar","v":"number"}," انتخاب شو"],"zero":[{"t":"idOrVar","v":"number"}," انتخاب شو"]},"$x":[{"t":"idOrVar","v":"plural"},"number"]},{"$i":"title-audio-list","$v":"آډیو ریکارډر"},{"$i":"title-rename","$v":"نوم بدل کړئ"},{"$i":"title-settings","$v":"تنظیمات"},{"$i":"title-save-confirmation","$v":"تصدیق"},{"$i":"title-delete-confirmation","$v":"تصدیق"},{"$i":"title-recording-bitrate","$v":"د ریکارډینګ درجه"},{"$i":"title-pick-audio-list","$v":"یو ریکارډ غوره کړئ"},{"$i":"dialog-delete-audio-file","$v":"صوتې فایل لرې کړي؟"},{"$i":"dialog-save-audio-recording","$v":"‏د اډیو دا ریکارډینګ محفوظ کړي؟"},{"$i":"dialog-delete-select-audio","$v":{"few":[{"t":"idOrVar","v":"شمیر"}," ریکارډونه حذف کړئ؟"],"many":[{"t":"idOrVar","v":"شمیر"}," ریکارډونه حذف کړئ؟"],"one":"ټاکل شوي ریکارډونه ړنګول؟","other":[{"t":"idOrVar","v":"شمیر"}," ریکارډونه حذف کړئ؟"],"two":[{"t":"idOrVar","v":"شمیر"}," ریکارډونه حذف کړئ؟"]},"$x":[{"t":"idOrVar","v":"plural"},"number"]},{"$i":"settings-bitrate-8k","$v":"8K  (کوچنۍ سایز)"},{"$i":"settings-bitrate-44k","$v":"44K  (لوی سایز)"},{"$i":"settings-bitrate-err","$v":"د تنظیماتو تیروتنه"},{"$i":"audio-recorder-is-empty","$v":"د آډیو ریکارډر خالي دی ، د ثبت پیل کولو لپاره نوي کېکاږئ."},{"$i":"audio-pick-is-empty","$v":"هیڅ ریکارډ شتون نلري."},{"$i":"input-title-enter-new-name","$v":"نوی نوم داخل کړئ"},{"$i":"new-recording","$v":"نوی ریګاډینګ"},{"$i":"save-input","placeholder":"نوی ریګارډنګ"},{"$i":"save-audio-input","$v":"نوم"},{"$i":"audio-player-state","$v":"چلول..."},{"$i":"audio-player-state-pause","$v":""},{"$i":"audio-recorder-loading","$v":"د آډیو ریکارډینګ لپاره لټه کوی..."},{"$i":"unsupport-file-name","$v":{"$o":"هغه نوم نه شئ انتخابولی چې نا ملاتړي کرکتورونه لري: \\/:*?&quot;&lt;&gt;|"}},{"$i":"import-file-error","$v":"دا نوم د مخکې نه اخیستل شوی دی. بل نوم انتخاب کړئ."},{"$i":"import-file-exist","$v":"د فایل نوم لا دمخه شتون لري"},{"$i":"state_storage_no_memory_card","$v":"میموري کارډ پیدا نه شو. مهرباني وکړئ میموري کارډ داخل کړئ."},{"$i":"state_storage_full","$v":"Pamięć telefonu pełna"},{"$i":"state_storage_full_sdcard","$v":"‏SD‏ کارډ ډک دي"},{"$i":"state_storage_full_content_new","$v":"میډيا فایلونه یا د ایپلیکیشن ډیټا لری کړی چی ځای خالي شي. تاسي یو SD کارټ هم ورننه کولی شی چي د میډیا ذخیره زیاته شي."},{"$i":"state_storage_full_content_new_sdcard","$v":"په SD کارډ کې فایلونه پاک کړئ تر څو ځای خالي کړئ."},{"$i":"state_storage_full_content_record","$v":"میډيا فایلونه یا د ایپلیکیشن ډیټا لری کړی چی ځای خالي شي. تاسي یو SD کارټ هم ورننه کولی شی چي د میډیا ذخیره زیاته شي."},{"$i":"state_storage_full_content_record_sdcard","$v":"په SD کارډ کې فایلونه پاک کړئ تر څو ځای خالي کړئ."},{"$i":"state_storage_full_content_save","$v":"میډيا فایلونه یا د ایپلیکیشن ډیټا لری کړی چی ځای خالي شي. تاسي یو SD کارټ هم ورننه کولی شی چي د میډیا ذخیره زیاته شي."},{"$i":"state_storage_full_content_save_sdcard","$v":"په SD کارډ کې فایلونه پاک کړئ تر څو ځای خالي کړئ."},{"$i":"state_storage_in_use","$v":"ذخیره اوس مهال مصروفه ده. مهرباني وکړئ د تلیفون پلګ لرې کړئ."},{"$i":"rename-same-name","$v":"نوم بدل نه شو"},{"$i":"confirmation","$v":"تصدیق"},{"$i":"discard-confirm","$v":"ثبت ثبت کړئ؟"},{"$i":"invalid-confirm","$v":"د دوتنې لوبولو توان نلري ځکه چې دا ناملاتړی یا ناباوره دی."},{"$i":"weekday-0-long","$v":"یکشنبه"},{"$i":"weekday-1-long","$v":"دوشنبه"},{"$i":"weekday-2-long","$v":"سه شنبه"},{"$i":"weekday-3-long","$v":"چهارشنبه"},{"$i":"weekday-4-long","$v":"پنجشنبه"},{"$i":"weekday-5-long","$v":"جمعه"},{"$i":"weekday-6-long","$v":"شنبه"},{"$i":"weekday-0-short","$v":"لمر"},{"$i":"weekday-1-short","$v":"دو"},{"$i":"weekday-2-short","$v":"سه"},{"$i":"weekday-3-short","$v":"چهار"},{"$i":"weekday-4-short","$v":"پنج."},{"$i":"weekday-5-short","$v":"جمعه"},{"$i":"weekday-6-short","$v":"هفته"},{"$i":"month-0-long","$v":"جنوری"},{"$i":"month-1-long","$v":"فروری"},{"$i":"month-2-long","$v":"مارچ"},{"$i":"month-3-long","$v":"اپریل"},{"$i":"month-4-long","$v":"مئی"},{"$i":"month-5-long","$v":"جون"},{"$i":"month-6-long","$v":"جولائی"},{"$i":"month-7-long","$v":"اګست"},{"$i":"month-8-long","$v":"ستمبر"},{"$i":"month-9-long","$v":"اکتوبر"},{"$i":"month-10-long","$v":"نومبر"},{"$i":"month-11-long","$v":"دسمبر"},{"$i":"month-0-genitive","$v":"جنوری"},{"$i":"month-1-genitive","$v":"فروری"},{"$i":"month-2-genitive","$v":"مارچ"},{"$i":"month-3-genitive","$v":"اپریل"},{"$i":"month-4-genitive","$v":"مئی"},{"$i":"month-5-genitive","$v":"جون"},{"$i":"month-6-genitive","$v":"جولائی"},{"$i":"month-7-genitive","$v":"اګست"},{"$i":"month-8-genitive","$v":"ستمبر"},{"$i":"month-9-genitive","$v":"اکتوبر"},{"$i":"month-10-genitive","$v":"نومبر"},{"$i":"month-11-genitive","$v":"دسمبر"},{"$i":"month-0-short","$v":"جنوری"},{"$i":"month-1-short","$v":"فروری"},{"$i":"month-2-short","$v":"مارچ"},{"$i":"month-3-short","$v":"اپریل"},{"$i":"month-4-short","$v":"مئی"},{"$i":"month-5-short","$v":"جون"},{"$i":"month-6-short","$v":"جولائی"},{"$i":"month-7-short","$v":"اګست"},{"$i":"month-8-short","$v":"ستمبر"},{"$i":"month-9-short","$v":"اکتوبر"},{"$i":"month-10-short","$v":"نومبر"},{"$i":"month-11-short","$v":"دسمبر"},{"$i":"minutes-ago-long","$v":{"few":[{"t":"idOrVar","v":"value"}," دقی مخکې"],"many":[{"t":"idOrVar","v":"value"}," دقی مخکې"],"other":[{"t":"idOrVar","v":"value"}," دقی مخکې"],"two":[{"t":"idOrVar","v":"value"}," دقی مخکې"],"one":"یو دقیقه مخکې","zero":"همدا اوس"},"$x":[{"t":"idOrVar","v":"plural"},"value"]},{"$i":"hours-ago-long","$v":{"few":[{"t":"idOrVar","v":"value"}," ساعته مخکې"],"many":[{"t":"idOrVar","v":"value"}," ساعته مخکې"],"other":[{"t":"idOrVar","v":"value"}," ساعته مخکې"],"two":[{"t":"idOrVar","v":"value"}," ساعته مخکې"],"one":"یو ساعت وخت","zero":"همدا اوس"},"$x":[{"t":"idOrVar","v":"plural"},"value"]},{"$i":"days-ago-long","$v":{"few":[{"t":"idOrVar","v":"value"}," ورځي مخکې"],"many":[{"t":"idOrVar","v":"value"}," ورځي مخکې"],"one":"پرون","other":[{"t":"idOrVar","v":"value"}," ورځي مخکې"],"two":[{"t":"idOrVar","v":"value"}," ورځي مخکې"],"zero":"نن"},"$x":[{"t":"idOrVar","v":"plural"},"value"]},{"$i":"weeks-ago-long","$v":{"few":[{"t":"idOrVar","v":"value"}," اوونئ مخکې"],"many":[{"t":"idOrVar","v":"value"}," اوونئ مخکې"],"one":"تیره اوونۍ","other":[{"t":"idOrVar","v":"value"}," اوونئ مخکې"],"two":[{"t":"idOrVar","v":"value"}," اوونئ مخکې"],"zero":"دا اونۍ"},"$x":[{"t":"idOrVar","v":"plural"},"value"]},{"$i":"months-ago-long","$v":{"few":[{"t":"idOrVar","v":"value"}," میاشتي مخکې"],"many":[{"t":"idOrVar","v":"value"}," میاشتي مخکې"],"one":"تیره میاشت","other":[{"t":"idOrVar","v":"value"}," میاشتي مخکې"],"two":[{"t":"idOrVar","v":"value"}," میاشتي مخکې"],"zero":"دا میاشت"},"$x":[{"t":"idOrVar","v":"plural"},"value"]},{"$i":"years-ago-long","$v":{"few":[{"t":"idOrVar","v":"value"}," کاله مخکې"],"many":[{"t":"idOrVar","v":"value"}," کاله مخکې"],"one":"تیر کال","other":[{"t":"idOrVar","v":"value"}," کاله مخکې"],"two":[{"t":"idOrVar","v":"value"}," کاله مخکې"],"zero":"دا کال"},"$x":[{"t":"idOrVar","v":"plural"},"value"]},{"$i":"minutes-until-long","$v":{"few":["په ",{"t":"idOrVar","v":"value"}," دقیقو"],"many":["په ",{"t":"idOrVar","v":"value"}," دقیقو"],"other":["په ",{"t":"idOrVar","v":"value"}," دقیقو"],"two":["په ",{"t":"idOrVar","v":"value"}," دقیقو"],"zero":"اوس","one":"په 1 دقیقه کې"},"$x":[{"t":"idOrVar","v":"plural"},"value"]},{"$i":"hours-until-long","$v":{"few":["په ",{"t":"idOrVar","v":"value"}," ساعتونو"],"many":["په ",{"t":"idOrVar","v":"value"}," ساعتونو"],"other":["په ",{"t":"idOrVar","v":"value"}," ساعتونو"],"two":["په ",{"t":"idOrVar","v":"value"}," ساعتونو"],"zero":"اوس","one":"په 1 ساعت کې"},"$x":[{"t":"idOrVar","v":"plural"},"value"]},{"$i":"days-until-long","$v":{"few":["په ",{"t":"idOrVar","v":"value"}," ورځو"],"many":["په ",{"t":"idOrVar","v":"value"}," ورځو"],"one":"سبا","other":["په ",{"t":"idOrVar","v":"value"}," ورځو"],"two":["په ",{"t":"idOrVar","v":"value"}," ورځو"],"zero":"نن"},"$x":[{"t":"idOrVar","v":"plural"},"value"]},{"$i":"weeks-until-long","$v":{"few":["په ",{"t":"idOrVar","v":"value"}," اوونیو"],"many":["په ",{"t":"idOrVar","v":"value"}," اوونیو"],"one":"راتلونکې اوونۍ","other":["په ",{"t":"idOrVar","v":"value"}," اوونیو"],"two":["په ",{"t":"idOrVar","v":"value"}," اوونیو"],"zero":"دا اونۍ"},"$x":[{"t":"idOrVar","v":"plural"},"value"]},{"$i":"months-until-long","$v":{"few":["په ",{"t":"idOrVar","v":"value"}," میاشتو"],"many":["په ",{"t":"idOrVar","v":"value"}," میاشتو"],"one":"راتلونکې میاشت","other":["په ",{"t":"idOrVar","v":"value"}," میاشتو"],"two":["په ",{"t":"idOrVar","v":"value"}," میاشتو"],"zero":"دا میاشت"},"$x":[{"t":"idOrVar","v":"plural"},"value"]},{"$i":"years-until-long","$v":{"few":["په ",{"t":"idOrVar","v":"value"}," کلونو"],"many":["په ",{"t":"idOrVar","v":"value"}," کلونو"],"one":"راتلونکی کال","other":["په ",{"t":"idOrVar","v":"value"}," کلونو"],"two":["په ",{"t":"idOrVar","v":"value"}," کلونو"],"zero":"دا کال"},"$x":[{"t":"idOrVar","v":"plural"},"value"]},{"$i":"minutes-ago-short","$v":{"other":[{"t":"idOrVar","v":"value"},"دقه مخکې"],"zero":"همدا اوس"},"$x":[{"t":"idOrVar","v":"plural"},"value"]},{"$i":"hours-ago-short","$v":{"other":[{"t":"idOrVar","v":"value"},"ساعت مخکې"],"zero":"همدا اوس"},"$x":[{"t":"idOrVar","v":"plural"},"value"]},{"$i":"days-ago-short","$v":{"other":[{"t":"idOrVar","v":"value"},"ورځ مخکې"],"zero":"نن"},"$x":[{"t":"idOrVar","v":"plural"},"value"]},{"$i":"minutes-until-short","$v":{"other":["په ",{"t":"idOrVar","v":"value"}," دقیقو"],"zero":"اوس"},"$x":[{"t":"idOrVar","v":"plural"},"value"]},{"$i":"hours-until-short","$v":{"other":["په ",{"t":"idOrVar","v":"value"}," ساعتونو"],"zero":"اوس"},"$x":[{"t":"idOrVar","v":"plural"},"value"]},{"$i":"days-until-short","$v":{"other":["په ",{"t":"idOrVar","v":"value"}," ورځو"],"zero":"نن"},"$x":[{"t":"idOrVar","v":"plural"},"value"]},{"$i":"incorrectDate","$v":"(غلطه نیټه)"},{"$i":"dateTimeFormat_%c","$v":"%a %b %e %Y %I:%M:%S %p"},{"$i":"dateTimeFormat_%x","$v":"%m/%d/%Y"},{"$i":"dateTimeFormat_%X","$v":"%I:%M:%S %p"},{"$i":"shortTimeFormat","$v":"%I:%M %p"},{"$i":"shortTimeFormat12","$v":"%I:%M %p"},{"$i":"shortTimeFormat24","$v":"%H:%M"},{"$i":"shortDateTimeFormat","$v":"%x %I:%M %p"},{"$i":"weekStartsOnMonday","$v":"0.0"},{"$i":"firstDayOfTheWeek","$v":"0.0"},{"$i":"time_am","$v":"سهار"},{"$i":"time_pm","$v":"ماښام"}]