[{"$i":"toast-audio-save","$v":[{"t":"idOrVar","v":"name"}," guardado."]},{"$i":"toast-audio-discarded","$v":"Gravação descartada."},{"$i":"toast-save-rate","$v":"Alterações guardadas."},{"$i":"toast-audio-deleted","$v":"Ficheiro de áudio eliminado."},{"$i":"toast-audio-files-deleted","$v":"Ficheiros de áudio eliminados."},{"$i":"toast-audio-rename-ok","$v":"Nome alterado."},{"$i":"toast-audio-rename-failed","$v":"Falha ao mudar o nome."},{"$i":"toast-audio-rename-empty-or-only-space","$v":"O novo nome não pode estar vazio ou conter apenas espaços."},{"$i":"toast-music-library-save","$v":[{"t":"idOrVar","v":"name"}," guardado na biblioteca de música"]},{"$i":"toast-audio-import-save","$v":[{"t":"idOrVar","v":"name"}," guardado no Gravador."]},{"$i":"toast-audio-save-failed","$v":"Falha ao guardar."},{"$i":"new","$v":"Novo"},{"$i":"option","$v":"Opção"},{"$i":"play","$v":"Reproduzir"},{"$i":"ok","$v":"OK"},{"$i":"options","$v":"Opções"},{"$i":"back","$v":"Voltar"},{"$i":"pause","$v":"Pausa"},{"$i":"cancel","$v":"Cancelar"},{"$i":"delete","$v":"Eliminar"},{"$i":"done","$v":"Concluído"},{"$i":"save","$v":"Guardar"},{"$i":"discard","$v":"Rejeitar"},{"$i":"all","$v":"Todos"},{"$i":"deselect","$v":"Desmarcar"},{"$i":"none","$v":"Nenhum"},{"$i":"select","$v":"Selecionar"},{"$i":"menu-header-options","$v":"Opções"},{"$i":"menu-header-option","$v":"Opção"},{"$i":"menu-delete","$v":"Eliminar"},{"$i":"menu-share","$v":"Partilhar"},{"$i":"menu-rename","$v":"Mudar o nome"},{"$i":"menu-save-as-ringtone","$v":"Guardar c/o toque"},{"$i":"menu-settings","$v":"Definições"},{"$i":"menu-volume","$v":"Volume"},{"$i":"menu-save-to-music-library","$v":"Guardar na lista de músicas"},{"$i":"menu-select-multiple","$v":"Selecionar vários"},{"$i":"number-selected","$v":{"few":[{"t":"idOrVar","v":"number"}," selecionados"],"many":[{"t":"idOrVar","v":"number"}," selecionados"],"one":[{"t":"idOrVar","v":"number"}," selecionado"],"other":[{"t":"idOrVar","v":"number"}," selecionados"],"two":[{"t":"idOrVar","v":"number"}," selecionados"],"zero":[{"t":"idOrVar","v":"number"}," selecionados"]},"$x":[{"t":"idOrVar","v":"plural"},"number"]},{"$i":"title-audio-list","$v":"Gravador"},{"$i":"title-rename","$v":"Mudar o nome"},{"$i":"title-settings","$v":"Definições"},{"$i":"title-save-confirmation","$v":"Confirmação"},{"$i":"title-delete-confirmation","$v":"Confirmação"},{"$i":"title-recording-bitrate","$v":"Taxa de gravação"},{"$i":"title-pick-audio-list","$v":"Selecionar uma gravação"},{"$i":"dialog-delete-audio-file","$v":"Eliminar o ficheiro de áudio?"},{"$i":"dialog-save-audio-recording","$v":"Guardar a gravação de áudio?"},{"$i":"dialog-delete-select-audio","$v":{"few":["Eliminar ",{"t":"idOrVar","v":"number"}," gravações?"],"many":["Eliminar ",{"t":"idOrVar","v":"number"}," gravações?"],"one":"Eliminar gravação selecionada?","other":["Eliminar ",{"t":"idOrVar","v":"number"}," gravações?"],"two":["Eliminar ",{"t":"idOrVar","v":"number"}," gravações?"]},"$x":[{"t":"idOrVar","v":"plural"},"number"]},{"$i":"settings-bitrate-8k","$v":"8K (tamanho menor)"},{"$i":"settings-bitrate-44k","$v":"44K (tamanho maior)"},{"$i":"settings-bitrate-err","$v":"Erro de definição"},{"$i":"audio-recorder-is-empty","$v":"O gravador de áudio está vazio, prima Nova para iniciar a gravação."},{"$i":"audio-pick-is-empty","$v":"Nenhuma gravação disponível."},{"$i":"input-title-enter-new-name","$v":"Introduza um novo nome"},{"$i":"new-recording","$v":"Nova gravação"},{"$i":"save-input","placeholder":"Nova gravação"},{"$i":"save-audio-input","$v":"Nome"},{"$i":"audio-player-state","$v":"A reproduzir…"},{"$i":"audio-player-state-pause","$v":""},{"$i":"audio-recorder-loading","$v":"A procurar gravações de áudio..."},{"$i":"unsupport-file-name","$v":{"$o":"Não é possível utilizar um nome que contenha caracteres não suportados: \\/:*?\"<>|"}},{"$i":"import-file-error","$v":"O nome já existe. Escolha outro nome"},{"$i":"import-file-exist","$v":"O nome do ficheiro já existe."},{"$i":"state_storage_no_memory_card","$v":"Cartão de memória não encontrado. Insira um cartão de memória."},{"$i":"state_storage_full","$v":"Memória do telefone cheia"},{"$i":"state_storage_full_sdcard","$v":"Cartão SD cheio"},{"$i":"state_storage_full_content_new","$v":"Elimine ficheiros multimédia ou dados de aplicação para libertar espaço. Pode também inserir um cartão SD para expandir o armazenamento multimédia."},{"$i":"state_storage_full_content_new_sdcard","$v":"Elimine ficheiros no cartão SD para libertar espaço."},{"$i":"state_storage_full_content_record","$v":"Elimine ficheiros multimédia ou dados de aplicação para libertar espaço. Pode também inserir um cartão SD para expandir o armazenamento multimédia."},{"$i":"state_storage_full_content_record_sdcard","$v":"Elimine ficheiros no cartão SD para libertar espaço."},{"$i":"state_storage_full_content_save","$v":"Elimine ficheiros multimédia ou dados de aplicação para libertar espaço. Pode também inserir um cartão SD para expandir o armazenamento multimédia."},{"$i":"state_storage_full_content_save_sdcard","$v":"Elimine ficheiros no cartão SD para libertar espaço."},{"$i":"state_storage_in_use","$v":"Armazenamento atualmente em utilização. Desligue o telefone."},{"$i":"rename-same-name","$v":"Nome não alterado."},{"$i":"confirmation","$v":"Confirmação"},{"$i":"discard-confirm","$v":"Eliminar a gravação?"},{"$i":"invalid-confirm","$v":"Não é possível reproduzir o ficheiro porque não é suportado ou é inválido."},{"$i":"weekday-0-long","$v":"Domingo"},{"$i":"weekday-1-long","$v":"Segunda-feira"},{"$i":"weekday-2-long","$v":"Terça-feira"},{"$i":"weekday-3-long","$v":"Quarta-feira"},{"$i":"weekday-4-long","$v":"Quinta-feira"},{"$i":"weekday-5-long","$v":"Sexta-feira"},{"$i":"weekday-6-long","$v":"Sábado"},{"$i":"weekday-0-short","$v":"Dom"},{"$i":"weekday-1-short","$v":"Seg"},{"$i":"weekday-2-short","$v":"Ter"},{"$i":"weekday-3-short","$v":"Qua"},{"$i":"weekday-4-short","$v":"Qui"},{"$i":"weekday-5-short","$v":"Sex"},{"$i":"weekday-6-short","$v":"Sáb"},{"$i":"month-0-long","$v":"Janeiro"},{"$i":"month-1-long","$v":"Fevereiro"},{"$i":"month-2-long","$v":"Março"},{"$i":"month-3-long","$v":"Abril"},{"$i":"month-4-long","$v":"Mai"},{"$i":"month-5-long","$v":"Junho"},{"$i":"month-6-long","$v":"Julho"},{"$i":"month-7-long","$v":"Agosto"},{"$i":"month-8-long","$v":"Setembro"},{"$i":"month-9-long","$v":"Outubro"},{"$i":"month-10-long","$v":"Novembro"},{"$i":"month-11-long","$v":"Dezembro"},{"$i":"month-0-genitive","$v":"Janeiro"},{"$i":"month-1-genitive","$v":"Fevereiro"},{"$i":"month-2-genitive","$v":"Março"},{"$i":"month-3-genitive","$v":"Abril"},{"$i":"month-4-genitive","$v":"Mai"},{"$i":"month-5-genitive","$v":"Junho"},{"$i":"month-6-genitive","$v":"Julho"},{"$i":"month-7-genitive","$v":"Agosto"},{"$i":"month-8-genitive","$v":"Setembro"},{"$i":"month-9-genitive","$v":"Outubro"},{"$i":"month-10-genitive","$v":"Novembro"},{"$i":"month-11-genitive","$v":"Dezembro"},{"$i":"month-0-short","$v":"Jan"},{"$i":"month-1-short","$v":"Fev"},{"$i":"month-2-short","$v":"Mar"},{"$i":"month-3-short","$v":"Abr"},{"$i":"month-4-short","$v":"Mai"},{"$i":"month-5-short","$v":"Jun"},{"$i":"month-6-short","$v":"Jul"},{"$i":"month-7-short","$v":"Ago"},{"$i":"month-8-short","$v":"Set"},{"$i":"month-9-short","$v":"Out"},{"$i":"month-10-short","$v":"Nov"},{"$i":"month-11-short","$v":"Dez"},{"$i":"minutes-ago-long","$v":{"few":[{"t":"idOrVar","v":"value"}," minutos atrás"],"many":[{"t":"idOrVar","v":"value"}," minutos atrás"],"other":[{"t":"idOrVar","v":"value"}," minutos atrás"],"two":[{"t":"idOrVar","v":"value"}," minutos atrás"],"one":"há um minuto","zero":"Mesmo agora"},"$x":[{"t":"idOrVar","v":"plural"},"value"]},{"$i":"hours-ago-long","$v":{"few":[{"t":"idOrVar","v":"value"}," horas atrás"],"many":[{"t":"idOrVar","v":"value"}," horas atrás"],"other":[{"t":"idOrVar","v":"value"}," horas atrás"],"two":[{"t":"idOrVar","v":"value"}," horas atrás"],"one":"há uma hora","zero":"Mesmo agora"},"$x":[{"t":"idOrVar","v":"plural"},"value"]},{"$i":"days-ago-long","$v":{"few":[{"t":"idOrVar","v":"value"}," dias atrás"],"many":[{"t":"idOrVar","v":"value"}," dias atrás"],"one":"ontem","other":[{"t":"idOrVar","v":"value"}," dias atrás"],"two":[{"t":"idOrVar","v":"value"}," dias atrás"],"zero":"hoje"},"$x":[{"t":"idOrVar","v":"plural"},"value"]},{"$i":"weeks-ago-long","$v":{"few":[{"t":"idOrVar","v":"value"}," semanas atrás"],"many":[{"t":"idOrVar","v":"value"}," semanas atrás"],"one":"semana passada","other":[{"t":"idOrVar","v":"value"}," semanas atrás"],"two":[{"t":"idOrVar","v":"value"}," semanas atrás"],"zero":"esta semana"},"$x":[{"t":"idOrVar","v":"plural"},"value"]},{"$i":"months-ago-long","$v":{"few":[{"t":"idOrVar","v":"value"}," meses atrás"],"many":[{"t":"idOrVar","v":"value"}," meses atrás"],"one":"mês passado","other":[{"t":"idOrVar","v":"value"}," meses atrás"],"two":[{"t":"idOrVar","v":"value"}," meses atrás"],"zero":"este mês"},"$x":[{"t":"idOrVar","v":"plural"},"value"]},{"$i":"years-ago-long","$v":{"few":[{"t":"idOrVar","v":"value"}," anos atrás"],"many":[{"t":"idOrVar","v":"value"}," anos atrás"],"one":"ano passado","other":[{"t":"idOrVar","v":"value"}," anos atrás"],"two":[{"t":"idOrVar","v":"value"}," anos atrás"],"zero":"este ano"},"$x":[{"t":"idOrVar","v":"plural"},"value"]},{"$i":"minutes-until-long","$v":{"few":["em ",{"t":"idOrVar","v":"value"}," minutos"],"many":["em ",{"t":"idOrVar","v":"value"}," minutos"],"other":["em ",{"t":"idOrVar","v":"value"}," minutos"],"two":["em ",{"t":"idOrVar","v":"value"}," minutos"],"zero":"agora","one":"em um minuto"},"$x":[{"t":"idOrVar","v":"plural"},"value"]},{"$i":"hours-until-long","$v":{"few":["em ",{"t":"idOrVar","v":"value"}," horas"],"many":["em ",{"t":"idOrVar","v":"value"}," horas"],"other":["em ",{"t":"idOrVar","v":"value"}," horas"],"two":["em ",{"t":"idOrVar","v":"value"}," horas"],"zero":"agora","one":"dentro de uma hora"},"$x":[{"t":"idOrVar","v":"plural"},"value"]},{"$i":"days-until-long","$v":{"few":["em ",{"t":"idOrVar","v":"value"}," dias"],"many":["em ",{"t":"idOrVar","v":"value"}," dias"],"one":"amanhã","other":["em ",{"t":"idOrVar","v":"value"}," dias"],"two":["em ",{"t":"idOrVar","v":"value"}," dias"],"zero":"hoje"},"$x":[{"t":"idOrVar","v":"plural"},"value"]},{"$i":"weeks-until-long","$v":{"few":["em ",{"t":"idOrVar","v":"value"}," semanas"],"many":["em ",{"t":"idOrVar","v":"value"}," semanas"],"one":"próxima semana","other":["em ",{"t":"idOrVar","v":"value"}," semanas"],"two":["em ",{"t":"idOrVar","v":"value"}," semanas"],"zero":"esta semana"},"$x":[{"t":"idOrVar","v":"plural"},"value"]},{"$i":"months-until-long","$v":{"few":["em ",{"t":"idOrVar","v":"value"}," meses"],"many":["em ",{"t":"idOrVar","v":"value"}," meses"],"one":"próximo mês","other":["em ",{"t":"idOrVar","v":"value"}," meses"],"two":["em ",{"t":"idOrVar","v":"value"}," meses"],"zero":"este mês"},"$x":[{"t":"idOrVar","v":"plural"},"value"]},{"$i":"years-until-long","$v":{"few":["em ",{"t":"idOrVar","v":"value"}," anos"],"many":["em ",{"t":"idOrVar","v":"value"}," anos"],"one":"próximo ano","other":["em ",{"t":"idOrVar","v":"value"}," anos"],"two":["em ",{"t":"idOrVar","v":"value"}," anos"],"zero":"este ano"},"$x":[{"t":"idOrVar","v":"plural"},"value"]},{"$i":"minutes-ago-short","$v":{"other":[{"t":"idOrVar","v":"value"},"m atrás"],"zero":"Mesmo agora"},"$x":[{"t":"idOrVar","v":"plural"},"value"]},{"$i":"hours-ago-short","$v":{"other":[{"t":"idOrVar","v":"value"},"h atrás"],"zero":"Mesmo agora"},"$x":[{"t":"idOrVar","v":"plural"},"value"]},{"$i":"days-ago-short","$v":{"other":[{"t":"idOrVar","v":"value"},"d atrás"],"zero":"hoje"},"$x":[{"t":"idOrVar","v":"plural"},"value"]},{"$i":"minutes-until-short","$v":{"other":["em ",{"t":"idOrVar","v":"value"},"m"],"zero":"agora"},"$x":[{"t":"idOrVar","v":"plural"},"value"]},{"$i":"hours-until-short","$v":{"other":["em ",{"t":"idOrVar","v":"value"},"h"],"zero":"agora"},"$x":[{"t":"idOrVar","v":"plural"},"value"]},{"$i":"days-until-short","$v":{"other":["em ",{"t":"idOrVar","v":"value"},"d"],"zero":"hoje"},"$x":[{"t":"idOrVar","v":"plural"},"value"]},{"$i":"incorrectDate","$v":"(data incorreta)"},{"$i":"dateTimeFormat_%c","$v":"%a %b %e %Y %I:%M:%S %p"},{"$i":"dateTimeFormat_%x","$v":"%m/%d/%Y"},{"$i":"dateTimeFormat_%X","$v":"%I:%M:%S %p"},{"$i":"shortTimeFormat","$v":"%I:%M %p"},{"$i":"shortTimeFormat12","$v":"%I:%M %p"},{"$i":"shortTimeFormat24","$v":"%H:%M"},{"$i":"shortDateTimeFormat","$v":"%x %I:%M %p"},{"$i":"weekStartsOnMonday","$v":"0.0"},{"$i":"firstDayOfTheWeek","$v":"1.0"},{"$i":"time_am","$v":"AM"},{"$i":"time_pm","$v":"PM"}]