[{"$i":"toast-audio-save","$v":["Contactul ",{"t":"idOrVar","v":"name"}," a fost salvat."]},{"$i":"toast-audio-discarded","$v":"Înregistrarea a fost anulată."},{"$i":"toast-save-rate","$v":"Modificările au fost salvate."},{"$i":"toast-audio-deleted","$v":"Fișierul audio a fost șters."},{"$i":"toast-audio-files-deleted","$v":"Fișierele audio au fost șterse."},{"$i":"toast-audio-rename-ok","$v":"Numele a fost modificat."},{"$i":"toast-audio-rename-failed","$v":"Redenumirea nu a reușit."},{"$i":"toast-audio-rename-empty-or-only-space","$v":"Numele nou nu poate să nu conțină niciun caracter sau doar un spațiu."},{"$i":"toast-music-library-save","$v":[{"t":"idOrVar","v":"name"}," salvat în arhiva cu muzică"]},{"$i":"toast-audio-import-save","$v":["Fișierul ",{"t":"idOrVar","v":"name"}," a fost salvat în aplicația de înregistrare audio."]},{"$i":"toast-audio-save-failed","$v":"Salvarea a eșuat."},{"$i":"new","$v":"Nou"},{"$i":"option","$v":"Opțiune"},{"$i":"play","$v":"Redare"},{"$i":"ok","$v":"OK"},{"$i":"options","$v":"Opțiuni"},{"$i":"back","$v":"Înapoi"},{"$i":"pause","$v":"Întrerupere"},{"$i":"cancel","$v":"Anulare"},{"$i":"delete","$v":"Ștergere"},{"$i":"done","$v":"Gata"},{"$i":"save","$v":"Salvare"},{"$i":"discard","$v":"Anulare"},{"$i":"all","$v":"Toate"},{"$i":"deselect","$v":"Deselectare"},{"$i":"none","$v":"Nimic"},{"$i":"select","$v":"Selectare"},{"$i":"menu-header-options","$v":"Opțiuni"},{"$i":"menu-header-option","$v":"Opțiune"},{"$i":"menu-delete","$v":"Ștergere"},{"$i":"menu-share","$v":"Partajare"},{"$i":"menu-rename","$v":"Redenumire"},{"$i":"menu-save-as-ringtone","$v":"Salvare ca sonerie"},{"$i":"menu-settings","$v":"Setări"},{"$i":"menu-volume","$v":"Volum"},{"$i":"menu-save-to-music-library","$v":"Salvați în arhiva cu muzică"},{"$i":"menu-select-multiple","$v":"Selectare multiplă"},{"$i":"number-selected","$v":{"few":[{"t":"idOrVar","v":"number"}," selectate"],"many":[{"t":"idOrVar","v":"number"}," selectate"],"one":[{"t":"idOrVar","v":"number"}," selectată"],"other":[{"t":"idOrVar","v":"number"}," selectate"],"two":[{"t":"idOrVar","v":"number"}," selectate"],"zero":[{"t":"idOrVar","v":"number"}," selectate"]},"$x":[{"t":"idOrVar","v":"plural"},"number"]},{"$i":"title-audio-list","$v":"Aplicație de înregistrare"},{"$i":"title-rename","$v":"Redenumire"},{"$i":"title-settings","$v":"Setări"},{"$i":"title-save-confirmation","$v":"Confirmare"},{"$i":"title-delete-confirmation","$v":"Confirmare"},{"$i":"title-recording-bitrate","$v":"Viteză de înregistrare"},{"$i":"title-pick-audio-list","$v":"Selectați o înregistrare"},{"$i":"dialog-delete-audio-file","$v":"Ștergeți fișierul audio?"},{"$i":"dialog-save-audio-recording","$v":"Salvați înregistrarea audio?"},{"$i":"dialog-delete-select-audio","$v":{"few":["Ștergeți ",{"t":"idOrVar","v":"number"}," înregistrări?"],"many":["Ștergeți ",{"t":"idOrVar","v":"number"}," înregistrări?"],"one":"Ștergeți înregistrarea selectată?","other":["Ștergeți ",{"t":"idOrVar","v":"number"}," înregistrări?"],"two":["Ștergeți ",{"t":"idOrVar","v":"number"}," înregistrări?"]},"$x":[{"t":"idOrVar","v":"plural"},"number"]},{"$i":"settings-bitrate-8k","$v":"8K ( dimensiune mică)"},{"$i":"settings-bitrate-44k","$v":"44K (dimensiune mare)"},{"$i":"settings-bitrate-err","$v":"Eroare la setare"},{"$i":"audio-recorder-is-empty","$v":"Aplicația de înregistrare audio este goală. Apăsați opțiunea Înregistrare nouă, pentru a începe înregistrarea."},{"$i":"audio-pick-is-empty","$v":"Nu există înregistrări disponibile."},{"$i":"input-title-enter-new-name","$v":"Introduceți nume nou"},{"$i":"new-recording","$v":"Înregistrare nouă"},{"$i":"save-input","placeholder":"Înregistrare nouă"},{"$i":"save-audio-input","$v":"Nume"},{"$i":"audio-player-state","$v":"Redare în curs..."},{"$i":"audio-player-state-pause","$v":""},{"$i":"audio-recorder-loading","$v":"Se caută înregistrările audio..."},{"$i":"unsupport-file-name","$v":{"$o":"Nu se poate utiliza un nume care conține caractere neacceptate: \\/:*?\"<>|"}},{"$i":"import-file-error","$v":"Numele este utilizat deja. Selectați un alt nume"},{"$i":"import-file-exist","$v":"Numele fișierului există deja."},{"$i":"state_storage_no_memory_card","$v":"Cartela de memorie nu a fost găsită. Introduceți o cartelă de memorie."},{"$i":"state_storage_full","$v":"Memoria telefonului este plină"},{"$i":"state_storage_full_sdcard","$v":"Cartelă SD plină"},{"$i":"state_storage_full_content_new","$v":"Ștergeți fișiere media sau date ale aplicațiilor pentru a elibera spațiu. Puteți, de asemenea, introduce o cartelă SD pentru a extinde mediul de stocare."},{"$i":"state_storage_full_content_new_sdcard","$v":"Ștergeți fișiere de pe cartela SD pentru a elibera spațiu."},{"$i":"state_storage_full_content_record","$v":"Ștergeți fișiere media sau date ale aplicațiilor pentru a elibera spațiu. Puteți, de asemenea, introduce o cartelă SD pentru a extinde mediul de stocare."},{"$i":"state_storage_full_content_record_sdcard","$v":"Ștergeți fișiere de pe cartela SD pentru a elibera spațiu."},{"$i":"state_storage_full_content_save","$v":"Ștergeți fișiere media sau date ale aplicațiilor pentru a elibera spațiu. Puteți, de asemenea, introduce o cartelă SD pentru a extinde mediul de stocare."},{"$i":"state_storage_full_content_save_sdcard","$v":"Ștergeți fișiere de pe cartela SD pentru a elibera spațiu."},{"$i":"state_storage_in_use","$v":"Mediul de stocare este în curs de utilizare. Deconectați telefonul."},{"$i":"rename-same-name","$v":"Numele nu a fost modificat."},{"$i":"confirmation","$v":"Confirmare"},{"$i":"discard-confirm","$v":"Eliminați înregistrarea?"},{"$i":"invalid-confirm","$v":"Fișierul nu poate fi redat deoarece nu este acceptat sau este nevalid."},{"$i":"weekday-0-long","$v":"Duminică"},{"$i":"weekday-1-long","$v":"Luni"},{"$i":"weekday-2-long","$v":"Marți"},{"$i":"weekday-3-long","$v":"Miercuri"},{"$i":"weekday-4-long","$v":"Joi"},{"$i":"weekday-5-long","$v":"Vineri"},{"$i":"weekday-6-long","$v":"Sâmbătă"},{"$i":"weekday-0-short","$v":"Dum"},{"$i":"weekday-1-short","$v":"Lun"},{"$i":"weekday-2-short","$v":"Mar"},{"$i":"weekday-3-short","$v":"Mie"},{"$i":"weekday-4-short","$v":"Joi"},{"$i":"weekday-5-short","$v":"Vin"},{"$i":"weekday-6-short","$v":"Sâm"},{"$i":"month-0-long","$v":"Ianuarie"},{"$i":"month-1-long","$v":"Februarie"},{"$i":"month-2-long","$v":"Martie"},{"$i":"month-3-long","$v":"Aprilie"},{"$i":"month-4-long","$v":"Mai"},{"$i":"month-5-long","$v":"Iunie"},{"$i":"month-6-long","$v":"Iulie"},{"$i":"month-7-long","$v":"August"},{"$i":"month-8-long","$v":"Septembrie"},{"$i":"month-9-long","$v":"Octombrie"},{"$i":"month-10-long","$v":"Noiembrie"},{"$i":"month-11-long","$v":"Decembrie"},{"$i":"month-0-genitive","$v":"Ianuarie"},{"$i":"month-1-genitive","$v":"Februarie"},{"$i":"month-2-genitive","$v":"Martie"},{"$i":"month-3-genitive","$v":"Aprilie"},{"$i":"month-4-genitive","$v":"Mai"},{"$i":"month-5-genitive","$v":"Iunie"},{"$i":"month-6-genitive","$v":"Iulie"},{"$i":"month-7-genitive","$v":"August"},{"$i":"month-8-genitive","$v":"Septembrie"},{"$i":"month-9-genitive","$v":"Octombrie"},{"$i":"month-10-genitive","$v":"Noiembrie"},{"$i":"month-11-genitive","$v":"Decembrie"},{"$i":"month-0-short","$v":"Ian"},{"$i":"month-1-short","$v":"Feb"},{"$i":"month-2-short","$v":"Mar"},{"$i":"month-3-short","$v":"Apr"},{"$i":"month-4-short","$v":"Mai"},{"$i":"month-5-short","$v":"Iun"},{"$i":"month-6-short","$v":"Iul"},{"$i":"month-7-short","$v":"Aug"},{"$i":"month-8-short","$v":"Sep"},{"$i":"month-9-short","$v":"Oct"},{"$i":"month-10-short","$v":"Nov"},{"$i":"month-11-short","$v":"Dec"},{"$i":"minutes-ago-long","$v":{"few":["în urmă cu ",{"t":"idOrVar","v":"value"}," minute"],"many":["în urmă cu ",{"t":"idOrVar","v":"value"}," minute"],"other":["în urmă cu ",{"t":"idOrVar","v":"value"}," minute"],"two":["în urmă cu ",{"t":"idOrVar","v":"value"}," minute"],"one":"în urmă cu un minut","zero":"Chiar acum"},"$x":[{"t":"idOrVar","v":"plural"},"value"]},{"$i":"hours-ago-long","$v":{"few":["în urmă cu ",{"t":"idOrVar","v":"value"}," ore"],"many":["în urmă cu ",{"t":"idOrVar","v":"value"}," ore"],"other":["în urmă cu ",{"t":"idOrVar","v":"value"}," ore"],"two":["în urmă cu ",{"t":"idOrVar","v":"value"}," ore"],"one":"în urmă cu o oră","zero":"Chiar acum"},"$x":[{"t":"idOrVar","v":"plural"},"value"]},{"$i":"days-ago-long","$v":{"few":["În urmă cu ",{"t":"idOrVar","v":"value"}," zile"],"many":["În urmă cu ",{"t":"idOrVar","v":"value"}," zile"],"one":"ieri","other":["În urmă cu ",{"t":"idOrVar","v":"value"}," zile"],"two":["În urmă cu ",{"t":"idOrVar","v":"value"}," zile"],"zero":"astăzi"},"$x":[{"t":"idOrVar","v":"plural"},"value"]},{"$i":"weeks-ago-long","$v":{"few":["în urmă cu ",{"t":"idOrVar","v":"value"}," săptămâni"],"many":["în urmă cu ",{"t":"idOrVar","v":"value"}," săptămâni"],"one":"săptămâna trecută","other":["în urmă cu ",{"t":"idOrVar","v":"value"}," săptămâni"],"two":["în urmă cu ",{"t":"idOrVar","v":"value"}," săptămâni"],"zero":"săptămâna aceasta"},"$x":[{"t":"idOrVar","v":"plural"},"value"]},{"$i":"months-ago-long","$v":{"few":["în urmă cu ",{"t":"idOrVar","v":"value"}," luni"],"many":["în urmă cu ",{"t":"idOrVar","v":"value"}," luni"],"one":"luna trecută","other":["în urmă cu ",{"t":"idOrVar","v":"value"}," luni"],"two":["în urmă cu ",{"t":"idOrVar","v":"value"}," luni"],"zero":"această lună"},"$x":[{"t":"idOrVar","v":"plural"},"value"]},{"$i":"years-ago-long","$v":{"few":["în urmă cu ",{"t":"idOrVar","v":"value"}," ani"],"many":["în urmă cu ",{"t":"idOrVar","v":"value"}," ani"],"one":"anul trecut","other":["în urmă cu ",{"t":"idOrVar","v":"value"}," ani"],"two":["în urmă cu ",{"t":"idOrVar","v":"value"}," ani"],"zero":"anul acesta"},"$x":[{"t":"idOrVar","v":"plural"},"value"]},{"$i":"minutes-until-long","$v":{"few":["peste ",{"t":"idOrVar","v":"value"}," minute"],"many":["peste ",{"t":"idOrVar","v":"value"}," minute"],"other":["peste ",{"t":"idOrVar","v":"value"}," minute"],"two":["peste ",{"t":"idOrVar","v":"value"}," minute"],"zero":"acum","one":"peste un minut"},"$x":[{"t":"idOrVar","v":"plural"},"value"]},{"$i":"hours-until-long","$v":{"few":["peste ",{"t":"idOrVar","v":"value"}," ore"],"many":["peste ",{"t":"idOrVar","v":"value"}," ore"],"other":["peste ",{"t":"idOrVar","v":"value"}," ore"],"two":["peste ",{"t":"idOrVar","v":"value"}," ore"],"zero":"acum","one":"peste o oră"},"$x":[{"t":"idOrVar","v":"plural"},"value"]},{"$i":"days-until-long","$v":{"few":["peste ",{"t":"idOrVar","v":"value"}," zile"],"many":["peste ",{"t":"idOrVar","v":"value"}," zile"],"one":"mâine","other":["peste ",{"t":"idOrVar","v":"value"}," zile"],"two":["peste ",{"t":"idOrVar","v":"value"}," zile"],"zero":"astăzi"},"$x":[{"t":"idOrVar","v":"plural"},"value"]},{"$i":"weeks-until-long","$v":{"few":["peste ",{"t":"idOrVar","v":"value"}," săptămâni"],"many":["peste ",{"t":"idOrVar","v":"value"}," săptămâni"],"one":"săptămâna viitoare","other":["peste ",{"t":"idOrVar","v":"value"}," săptămâni"],"two":["peste ",{"t":"idOrVar","v":"value"}," săptămâni"],"zero":"săptămâna aceasta"},"$x":[{"t":"idOrVar","v":"plural"},"value"]},{"$i":"months-until-long","$v":{"few":["peste ",{"t":"idOrVar","v":"value"}," luni"],"many":["peste ",{"t":"idOrVar","v":"value"}," luni"],"one":"luna următoare","other":["peste ",{"t":"idOrVar","v":"value"}," luni"],"two":["peste ",{"t":"idOrVar","v":"value"}," luni"],"zero":"această lună"},"$x":[{"t":"idOrVar","v":"plural"},"value"]},{"$i":"years-until-long","$v":{"few":["peste ",{"t":"idOrVar","v":"value"}," ani"],"many":["peste ",{"t":"idOrVar","v":"value"}," ani"],"one":"anul viitor","other":["peste ",{"t":"idOrVar","v":"value"}," ani"],"two":["peste ",{"t":"idOrVar","v":"value"}," ani"],"zero":"anul acesta"},"$x":[{"t":"idOrVar","v":"plural"},"value"]},{"$i":"minutes-ago-short","$v":{"other":["în urmă cu ",{"t":"idOrVar","v":"value"}," m"],"zero":"Chiar acum"},"$x":[{"t":"idOrVar","v":"plural"},"value"]},{"$i":"hours-ago-short","$v":{"other":["în urmă cu ",{"t":"idOrVar","v":"value"}," h"],"zero":"Chiar acum"},"$x":[{"t":"idOrVar","v":"plural"},"value"]},{"$i":"days-ago-short","$v":{"other":["În urmă cu ",{"t":"idOrVar","v":"value"}," z"],"zero":"astăzi"},"$x":[{"t":"idOrVar","v":"plural"},"value"]},{"$i":"minutes-until-short","$v":{"other":["peste ",{"t":"idOrVar","v":"value"}," m"],"zero":"acum"},"$x":[{"t":"idOrVar","v":"plural"},"value"]},{"$i":"hours-until-short","$v":{"other":["peste ",{"t":"idOrVar","v":"value"}," h"],"zero":"acum"},"$x":[{"t":"idOrVar","v":"plural"},"value"]},{"$i":"days-until-short","$v":{"other":["peste ",{"t":"idOrVar","v":"value"}," z"],"zero":"astăzi"},"$x":[{"t":"idOrVar","v":"plural"},"value"]},{"$i":"incorrectDate","$v":"(dată incorectă)"},{"$i":"dateTimeFormat_%c","$v":"%a %b %e %Y %I:%M:%S %p"},{"$i":"dateTimeFormat_%x","$v":"%m/%d/%Y"},{"$i":"dateTimeFormat_%X","$v":"%I:%M:%S %p"},{"$i":"shortTimeFormat","$v":"%I:%M %p"},{"$i":"shortTimeFormat12","$v":"%I:%M %p"},{"$i":"shortTimeFormat24","$v":"%H:%M"},{"$i":"shortDateTimeFormat","$v":"%x %I:%M %p"},{"$i":"weekStartsOnMonday","$v":"0.0"},{"$i":"firstDayOfTheWeek","$v":"1.0"},{"$i":"time_am","$v":"AM"},{"$i":"time_pm","$v":"PM"}]