[{"$i":"toast-audio-save","$v":[{"t":"idOrVar","v":"name"}," сохранено."]},{"$i":"toast-audio-discarded","$v":"Запись отменена."},{"$i":"toast-save-rate","$v":"Изменения сохранены."},{"$i":"toast-audio-deleted","$v":"Аудиофайл удален."},{"$i":"toast-audio-files-deleted","$v":"Аудио файлы удалены."},{"$i":"toast-audio-rename-ok","$v":"Имя изменено."},{"$i":"toast-audio-rename-failed","$v":"Не удалось переименовать."},{"$i":"toast-audio-rename-empty-or-only-space","$v":"Новое имя не может быть пустым или только пробелом."},{"$i":"toast-music-library-save","$v":[{"t":"idOrVar","v":"name"}," Сохранено в Фонотеке"]},{"$i":"toast-audio-import-save","$v":[{"t":"idOrVar","v":"name"}," сохранено в Recorder."]},{"$i":"toast-audio-save-failed","$v":"Сохранить не удалось."},{"$i":"new","$v":"Новые"},{"$i":"option","$v":"Выбор"},{"$i":"play","$v":"Воспроизведение"},{"$i":"ok","$v":"OK"},{"$i":"options","$v":"Опции"},{"$i":"back","$v":"Назад"},{"$i":"pause","$v":"Пауза"},{"$i":"cancel","$v":"Отмена"},{"$i":"delete","$v":"Удалить"},{"$i":"done","$v":"Готово"},{"$i":"save","$v":"Сохранить"},{"$i":"discard","$v":"Отменить"},{"$i":"all","$v":"Все"},{"$i":"deselect","$v":"Отменить выбор"},{"$i":"none","$v":"Нет"},{"$i":"select","$v":"Выбрать"},{"$i":"menu-header-options","$v":"Опции"},{"$i":"menu-header-option","$v":"Выбор"},{"$i":"menu-delete","$v":"Удалить"},{"$i":"menu-share","$v":"Отправить"},{"$i":"menu-rename","$v":"Переименовать"},{"$i":"menu-save-as-ringtone","$v":"Сохранить как мелодию звонка"},{"$i":"menu-settings","$v":"Настройки"},{"$i":"menu-volume","$v":"Громкость"},{"$i":"menu-save-to-music-library","$v":"Сохранить в Фонотеке"},{"$i":"menu-select-multiple","$v":"Выбрать Несколько"},{"$i":"number-selected","$v":{"few":[{"t":"idOrVar","v":"number"}," Выбраны"],"many":[{"t":"idOrVar","v":"number"}," Выбраны"],"one":[{"t":"idOrVar","v":"number"}," Выбрана"],"other":[{"t":"idOrVar","v":"number"}," Выбраны"],"two":[{"t":"idOrVar","v":"number"}," Выбраны"],"zero":[{"t":"idOrVar","v":"number"}," Выбрано"]},"$x":[{"t":"idOrVar","v":"plural"},"n"]},{"$i":"title-audio-list","$v":"Диктофон"},{"$i":"title-rename","$v":"Переименовать"},{"$i":"title-settings","$v":"Настройки"},{"$i":"title-save-confirmation","$v":"Подтверждение"},{"$i":"title-delete-confirmation","$v":"Подтверждение"},{"$i":"title-recording-bitrate","$v":"Скорость записи"},{"$i":"title-pick-audio-list","$v":"Выберите запись"},{"$i":"dialog-delete-audio-file","$v":"Удалить аудиофайл?"},{"$i":"dialog-save-audio-recording","$v":"Сохранить аудиозапись?"},{"$i":"dialog-delete-select-audio","$v":{"few":["Удалить ",{"t":"idOrVar","v":"number"}," записей?"],"many":["Удалить ",{"t":"idOrVar","v":"number"}," записей?"],"one":"Удалить выбранную запись?","other":["Удалить ",{"t":"idOrVar","v":"number"}," записей?"],"two":["Удалить ",{"t":"idOrVar","v":"number"}," записи?"]},"$x":[{"t":"idOrVar","v":"plural"},"n"]},{"$i":"settings-bitrate-8k","$v":"8 КБ (Наим. размер)"},{"$i":"settings-bitrate-44k","$v":"44 КБ (Наиб. размер)"},{"$i":"settings-bitrate-err","$v":"Ошибка настройки"},{"$i":"audio-recorder-is-empty","$v":"Папка Audio recorder пустая, нажмите Новая, чтобы начать запись."},{"$i":"audio-pick-is-empty","$v":"Нет доступных записей."},{"$i":"input-title-enter-new-name","$v":"Введите новое имя"},{"$i":"new-recording","$v":"Новая запись"},{"$i":"save-input","placeholder":"Новая запись"},{"$i":"save-audio-input","$v":"Имя"},{"$i":"audio-player-state","$v":"Воспроизведение..."},{"$i":"audio-player-state-pause","$v":""},{"$i":"audio-recorder-loading","$v":"Сканирование аудиозаписей..."},{"$i":"unsupport-file-name","$v":{"$o":"Невозможно использовать имя, содержащее неподдерживаемые символы: \\/:*?\"<>|"}},{"$i":"import-file-error","$v":"Имя уже существует. Выберите другое"},{"$i":"import-file-exist","$v":"Имя файла уже существует."},{"$i":"state_storage_no_memory_card","$v":"Карта памяти не найдена. Вставьте карту памяти."},{"$i":"state_storage_full","$v":"Память Телефона Заполнена"},{"$i":"state_storage_full_sdcard","$v":"SD-карта Заполнена"},{"$i":"state_storage_full_content_new","$v":"Удалите медиафайлы или данные приложения, чтобы освободить место. Вы также можете установить SD-карту для расширения памяти."},{"$i":"state_storage_full_content_new_sdcard","$v":"Удалите файлы с SD-карты, чтобы освободить место."},{"$i":"state_storage_full_content_record","$v":"Удалите медиафайлы или данные приложения, чтобы освободить место. Вы также можете установить SD-карту для расширения памяти."},{"$i":"state_storage_full_content_record_sdcard","$v":"Удалите файлы с SD-карты, чтобы освободить место."},{"$i":"state_storage_full_content_save","$v":"Удалите медиафайлы или данные приложения, чтобы освободить место. Вы также можете установить SD-карту для расширения памяти."},{"$i":"state_storage_full_content_save_sdcard","$v":"Удалите файлы с SD-карты, чтобы освободить место."},{"$i":"state_storage_in_use","$v":"В настоящее время память используется. Пожалуйста, отключите телефон."},{"$i":"rename-same-name","$v":"Имя не изменено."},{"$i":"confirmation","$v":"Подтверждение"},{"$i":"discard-confirm","$v":"Отменить запись?"},{"$i":"invalid-confirm","$v":"Невозможно воспроизвести файл: он не поддерживается или недействителен."},{"$i":"weekday-0-long","$v":"Воскресенье"},{"$i":"weekday-1-long","$v":"Понедельник"},{"$i":"weekday-2-long","$v":"Вторник"},{"$i":"weekday-3-long","$v":"Среда"},{"$i":"weekday-4-long","$v":"Четверг"},{"$i":"weekday-5-long","$v":"Пятница"},{"$i":"weekday-6-long","$v":"Суббота"},{"$i":"weekday-0-short","$v":"Вс"},{"$i":"weekday-1-short","$v":"Пн"},{"$i":"weekday-2-short","$v":"Вт"},{"$i":"weekday-3-short","$v":"Ср"},{"$i":"weekday-4-short","$v":"Чт"},{"$i":"weekday-5-short","$v":"Пт"},{"$i":"weekday-6-short","$v":"Сб"},{"$i":"month-0-long","$v":"Январь"},{"$i":"month-1-long","$v":"Февраль"},{"$i":"month-2-long","$v":"Март"},{"$i":"month-3-long","$v":"Апрель"},{"$i":"month-4-long","$v":"Май"},{"$i":"month-5-long","$v":"Июнь"},{"$i":"month-6-long","$v":"Июль"},{"$i":"month-7-long","$v":"Август"},{"$i":"month-8-long","$v":"Сентябрь"},{"$i":"month-9-long","$v":"Октябрь"},{"$i":"month-10-long","$v":"Ноябрь"},{"$i":"month-11-long","$v":"Декабрь"},{"$i":"month-0-genitive","$v":"Январь"},{"$i":"month-1-genitive","$v":"Февраль"},{"$i":"month-2-genitive","$v":"Март"},{"$i":"month-3-genitive","$v":"Апрель"},{"$i":"month-4-genitive","$v":"Май"},{"$i":"month-5-genitive","$v":"Июнь"},{"$i":"month-6-genitive","$v":"Июль"},{"$i":"month-7-genitive","$v":"Август"},{"$i":"month-8-genitive","$v":"Сентябрь"},{"$i":"month-9-genitive","$v":"Октябрь"},{"$i":"month-10-genitive","$v":"Ноябрь"},{"$i":"month-11-genitive","$v":"Декабрь"},{"$i":"month-0-short","$v":"Янв"},{"$i":"month-1-short","$v":"Фев"},{"$i":"month-2-short","$v":"Мар"},{"$i":"month-3-short","$v":"Апр"},{"$i":"month-4-short","$v":"Май"},{"$i":"month-5-short","$v":"Июн"},{"$i":"month-6-short","$v":"Июл"},{"$i":"month-7-short","$v":"Авг"},{"$i":"month-8-short","$v":"Сен"},{"$i":"month-9-short","$v":"Окт"},{"$i":"month-10-short","$v":"Ноя"},{"$i":"month-11-short","$v":"Дек"},{"$i":"minutes-ago-long","$v":{"few":[{"t":"idOrVar","v":"value"}," минут назад"],"many":[{"t":"idOrVar","v":"value"}," минут назад"],"other":[{"t":"idOrVar","v":"value"}," минут назад"],"two":[{"t":"idOrVar","v":"value"}," минут назад"],"one":"минуту назад","zero":"Сейчас"},"$x":[{"t":"idOrVar","v":"plural"},"value"]},{"$i":"hours-ago-long","$v":{"few":[{"t":"idOrVar","v":"value"}," часов назад"],"many":[{"t":"idOrVar","v":"value"}," часов назад"],"other":[{"t":"idOrVar","v":"value"}," часов назад"],"two":[{"t":"idOrVar","v":"value"}," часов назад"],"one":"час назад","zero":"Сейчас"},"$x":[{"t":"idOrVar","v":"plural"},"value"]},{"$i":"days-ago-long","$v":{"few":[{"t":"idOrVar","v":"value"}," дней назад"],"many":[{"t":"idOrVar","v":"value"}," дней назад"],"one":"вчера","other":[{"t":"idOrVar","v":"value"}," дней назад"],"two":[{"t":"idOrVar","v":"value"}," дней назад"],"zero":"сегодня"},"$x":[{"t":"idOrVar","v":"plural"},"value"]},{"$i":"weeks-ago-long","$v":{"few":[{"t":"idOrVar","v":"value"}," недель назад"],"many":[{"t":"idOrVar","v":"value"}," недель назад"],"one":"последняя неделя","other":[{"t":"idOrVar","v":"value"}," недель назад"],"two":[{"t":"idOrVar","v":"value"}," недель назад"],"zero":"эта неделя"},"$x":[{"t":"idOrVar","v":"plural"},"value"]},{"$i":"months-ago-long","$v":{"few":[{"t":"idOrVar","v":"value"}," месяцев назад"],"many":[{"t":"idOrVar","v":"value"}," месяцев назад"],"one":"прошлый месяц","other":[{"t":"idOrVar","v":"value"}," месяцев назад"],"two":[{"t":"idOrVar","v":"value"}," месяцев назад"],"zero":"этот месяц"},"$x":[{"t":"idOrVar","v":"plural"},"value"]},{"$i":"years-ago-long","$v":{"few":[{"t":"idOrVar","v":"value"}," лет назад"],"many":[{"t":"idOrVar","v":"value"}," лет назад"],"one":"прошлый год","other":[{"t":"idOrVar","v":"value"}," лет назад"],"two":[{"t":"idOrVar","v":"value"}," лет назад"],"zero":"этот год"},"$x":[{"t":"idOrVar","v":"plural"},"value"]},{"$i":"minutes-until-long","$v":{"few":["через ",{"t":"idOrVar","v":"value"}," минут"],"many":["через ",{"t":"idOrVar","v":"value"}," минут"],"other":["через ",{"t":"idOrVar","v":"value"}," минут"],"two":["через ",{"t":"idOrVar","v":"value"}," минут"],"zero":"сейчас","one":"через минуту"},"$x":[{"t":"idOrVar","v":"plural"},"value"]},{"$i":"hours-until-long","$v":{"few":["через ",{"t":"idOrVar","v":"value"}," часов"],"many":["через ",{"t":"idOrVar","v":"value"}," часов"],"other":["через ",{"t":"idOrVar","v":"value"}," часов"],"two":["через ",{"t":"idOrVar","v":"value"}," часов"],"zero":"сейчас","one":"через  час"},"$x":[{"t":"idOrVar","v":"plural"},"value"]},{"$i":"days-until-long","$v":{"few":["через ",{"t":"idOrVar","v":"value"}," дней"],"many":["через ",{"t":"idOrVar","v":"value"}," дней"],"one":"завтра","other":["через ",{"t":"idOrVar","v":"value"}," дней"],"two":["через ",{"t":"idOrVar","v":"value"}," дней"],"zero":"сегодня"},"$x":[{"t":"idOrVar","v":"plural"},"value"]},{"$i":"weeks-until-long","$v":{"few":["через ",{"t":"idOrVar","v":"value"}," нед."],"many":["через ",{"t":"idOrVar","v":"value"}," нед."],"one":"следующая неделя","other":["через ",{"t":"idOrVar","v":"value"}," нед."],"two":["через ",{"t":"idOrVar","v":"value"}," нед."],"zero":"эта неделя"},"$x":[{"t":"idOrVar","v":"plural"},"value"]},{"$i":"months-until-long","$v":{"few":["через ",{"t":"idOrVar","v":"value"}," мес."],"many":["через ",{"t":"idOrVar","v":"value"}," мес."],"one":"в следующем месяце","other":["через ",{"t":"idOrVar","v":"value"}," мес."],"two":["через ",{"t":"idOrVar","v":"value"}," мес."],"zero":"этот месяц"},"$x":[{"t":"idOrVar","v":"plural"},"value"]},{"$i":"years-until-long","$v":{"few":["через ",{"t":"idOrVar","v":"value"}," лет"],"many":["через ",{"t":"idOrVar","v":"value"}," лет"],"one":"следующий год","other":["через ",{"t":"idOrVar","v":"value"}," лет"],"two":["через ",{"t":"idOrVar","v":"value"}," лет"],"zero":"этот год"},"$x":[{"t":"idOrVar","v":"plural"},"value"]},{"$i":"minutes-ago-short","$v":{"other":[{"t":"idOrVar","v":"value"}," мин назад"],"zero":"Сейчас"},"$x":[{"t":"idOrVar","v":"plural"},"value"]},{"$i":"hours-ago-short","$v":{"other":[{"t":"idOrVar","v":"value"}," ч назад"],"zero":"Сейчас"},"$x":[{"t":"idOrVar","v":"plural"},"value"]},{"$i":"days-ago-short","$v":{"other":[{"t":"idOrVar","v":"value"}," д назад"],"zero":"сегодня"},"$x":[{"t":"idOrVar","v":"plural"},"value"]},{"$i":"minutes-until-short","$v":{"other":["через ",{"t":"idOrVar","v":"value"}," мин"],"zero":"сейчас"},"$x":[{"t":"idOrVar","v":"plural"},"value"]},{"$i":"hours-until-short","$v":{"other":["через ",{"t":"idOrVar","v":"value"}," ч"],"zero":"сейчас"},"$x":[{"t":"idOrVar","v":"plural"},"value"]},{"$i":"days-until-short","$v":{"other":["через ",{"t":"idOrVar","v":"value"}," д"],"zero":"сегодня"},"$x":[{"t":"idOrVar","v":"plural"},"value"]},{"$i":"incorrectDate","$v":"(неверная дата)"},{"$i":"dateTimeFormat_%c","$v":"%a %b %e %Y %I:%M:%S %p"},{"$i":"dateTimeFormat_%x","$v":"%m/%d/%Y"},{"$i":"dateTimeFormat_%X","$v":"%I:%M:%S %p"},{"$i":"shortTimeFormat","$v":"%I:%M %p"},{"$i":"shortTimeFormat12","$v":"%I:%M %p"},{"$i":"shortTimeFormat24","$v":"%H:%M"},{"$i":"shortDateTimeFormat","$v":"%x %I:%M %p"},{"$i":"weekStartsOnMonday","$v":"0.0"},{"$i":"firstDayOfTheWeek","$v":"1.0"},{"$i":"time_am","$v":"AM"},{"$i":"time_pm","$v":"PM"}]