[{"$i":"toast-audio-save","$v":["Položka ",{"t":"idOrVar","v":"name"}," sa uložila."]},{"$i":"toast-audio-discarded","$v":"Nahrávanie zahodené"},{"$i":"toast-save-rate","$v":"Zmeny uložené."},{"$i":"toast-audio-deleted","$v":"Nahrávka bola vymazaná"},{"$i":"toast-audio-files-deleted","$v":"Zvukové súbory boli odstránené."},{"$i":"toast-audio-rename-ok","$v":"Názov zmenený"},{"$i":"toast-audio-rename-failed","$v":"Premen zlyhalo"},{"$i":"toast-audio-rename-empty-or-only-space","$v":"Nový názov nemôže byť prázdny alebo iba medzerník."},{"$i":"toast-music-library-save","$v":[{"t":"idOrVar","v":"name"}," Uložené do hudobnej knižnice"]},{"$i":"toast-audio-import-save","$v":["Súbor ",{"t":"idOrVar","v":"name"}," bol uložený do rekordéra."]},{"$i":"toast-audio-save-failed","$v":"Uložené zlyhalo."},{"$i":"new","$v":"Nové"},{"$i":"option","$v":"Možnosť"},{"$i":"play","$v":"Prehrať"},{"$i":"ok","$v":"OK"},{"$i":"options","$v":"Voľby"},{"$i":"back","$v":"Späť"},{"$i":"pause","$v":"Preruš."},{"$i":"cancel","$v":"Zrušiť"},{"$i":"delete","$v":"Vymazať"},{"$i":"done","$v":"Hotovo"},{"$i":"save","$v":"Uložiť"},{"$i":"discard","$v":"Zahodiť"},{"$i":"all","$v":"Všetko"},{"$i":"deselect","$v":"Zrušiť výber"},{"$i":"none","$v":"Žiadny"},{"$i":"select","$v":"Vybrať"},{"$i":"menu-header-options","$v":"Možnosti"},{"$i":"menu-header-option","$v":"Možnosť"},{"$i":"menu-delete","$v":"Vymazať"},{"$i":"menu-share","$v":"Zdieľať"},{"$i":"menu-rename","$v":"Premen."},{"$i":"menu-save-as-ringtone","$v":"Uložiť ako zvonenie"},{"$i":"menu-settings","$v":"Nastavenia"},{"$i":"menu-volume","$v":"Hlasitosť"},{"$i":"menu-save-to-music-library","$v":"Uložiť do hud. knižnice"},{"$i":"menu-select-multiple","$v":"Vybrať viac"},{"$i":"number-selected","$v":{"few":["Vybraté: ",{"t":"idOrVar","v":"number"}],"many":["Vybraté: ",{"t":"idOrVar","v":"number"}],"one":["Vybraté: ",{"t":"idOrVar","v":"number"}],"other":["Vybraté: ",{"t":"idOrVar","v":"number"}],"two":["Vybraté: ",{"t":"idOrVar","v":"number"}],"zero":["Vybraté: ",{"t":"idOrVar","v":"number"}]},"$x":[{"t":"idOrVar","v":"plural"},"number"]},{"$i":"title-audio-list","$v":"Záznam zvuku"},{"$i":"title-rename","$v":"Premen."},{"$i":"title-settings","$v":"Nastavenia"},{"$i":"title-save-confirmation","$v":"Potvrdenie"},{"$i":"title-delete-confirmation","$v":"Potvrdenie"},{"$i":"title-recording-bitrate","$v":"Rýchl. nahrávania"},{"$i":"title-pick-audio-list","$v":"Vyberte záznam"},{"$i":"dialog-delete-audio-file","$v":"Vymazať zvuk. súbor?"},{"$i":"dialog-save-audio-recording","$v":"Uložiť túto zvukovú nahrávku?"},{"$i":"dialog-delete-select-audio","$v":{"few":["Vymazať nahrávky ",{"t":"idOrVar","v":"number"},"?"],"many":["Vymazať nahrávky ",{"t":"idOrVar","v":"number"},"?"],"one":"Odstrániť vybraté nahrávky?","other":["Vymazať nahrávky ",{"t":"idOrVar","v":"number"},"?"],"two":["Vymazať nahrávky ",{"t":"idOrVar","v":"number"},"?"]},"$x":[{"t":"idOrVar","v":"plural"},"number"]},{"$i":"settings-bitrate-8k","$v":"8K (menšie)"},{"$i":"settings-bitrate-44k","$v":"44K (väčšie)"},{"$i":"settings-bitrate-err","$v":"Chyba nastavenia"},{"$i":"audio-recorder-is-empty","$v":"Zvukový záznamník je prázdny, spustite nahrávanie stlačením tlačidla Nový."},{"$i":"audio-pick-is-empty","$v":"K dispozícii nie sú žiadne nahrávky."},{"$i":"input-title-enter-new-name","$v":"Zadajte nový názov"},{"$i":"new-recording","$v":"Nový záznam"},{"$i":"save-input","placeholder":"Nový záznam"},{"$i":"save-audio-input","$v":"Názov"},{"$i":"audio-player-state","$v":"Prehráva sa..."},{"$i":"audio-player-state-pause","$v":""},{"$i":"audio-recorder-loading","$v":"Prehľad. zvuk. nahr...."},{"$i":"unsupport-file-name","$v":{"$o":"Nemožno použiť názov obsahujúci nepodporované znaky: \\/:*?&quot;&lt;&gt;|"}},{"$i":"import-file-error","$v":"Názov sa už používa. Zvoľte iný."},{"$i":"import-file-exist","$v":"Názov súboru už existuje."},{"$i":"state_storage_no_memory_card","$v":"Pam. karta sa nenašla. Vložte pamäťovú kartu."},{"$i":"state_storage_full","$v":"Úložisko tel. je plné."},{"$i":"state_storage_full_sdcard","$v":"Karta SD je plná."},{"$i":"state_storage_full_content_new","$v":"Vymažte mediálne súbory či údaje aplikácie, aby sa uvoľnilo miesto. Môžete tiež vložiť SD kartu, aby sa zväčšila kapacita úložiska médií."},{"$i":"state_storage_full_content_new_sdcard","$v":"Zmazaním súborov uvoľnite miesto na karte SD."},{"$i":"state_storage_full_content_record","$v":"Vymažte mediálne súbory či údaje aplikácie, aby sa uvoľnilo miesto. Môžete tiež vložiť SD kartu, aby sa zväčšila kapacita úložiska médií."},{"$i":"state_storage_full_content_record_sdcard","$v":"Zmazaním súborov uvoľnite miesto na karte SD."},{"$i":"state_storage_full_content_save","$v":"Vymažte mediálne súbory či údaje aplikácie, aby sa uvoľnilo miesto. Môžete tiež vložiť SD kartu, aby sa zväčšila kapacita úložiska médií."},{"$i":"state_storage_full_content_save_sdcard","$v":"Zmazaním súborov uvoľnite miesto na karte SD."},{"$i":"state_storage_in_use","$v":"Úlož. sa práve používa. Odpojte telefón."},{"$i":"rename-same-name","$v":"Názov nezmenený."},{"$i":"confirmation","$v":"Potvrdenie"},{"$i":"discard-confirm","$v":"Zahodiť záznam?"},{"$i":"invalid-confirm","$v":"Súbor nie je možné prehrať, pretože nie je podporovaný alebo je neplatný."},{"$i":"weekday-0-long","$v":"Nedeľa"},{"$i":"weekday-1-long","$v":"Pondelok"},{"$i":"weekday-2-long","$v":"Utorok"},{"$i":"weekday-3-long","$v":"Streda"},{"$i":"weekday-4-long","$v":"Štvrtok"},{"$i":"weekday-5-long","$v":"Piatok"},{"$i":"weekday-6-long","$v":"Sobota"},{"$i":"weekday-0-short","$v":"Ned"},{"$i":"weekday-1-short","$v":"Pon"},{"$i":"weekday-2-short","$v":"Uto"},{"$i":"weekday-3-short","$v":"Str"},{"$i":"weekday-4-short","$v":"Štv"},{"$i":"weekday-5-short","$v":"Pia"},{"$i":"weekday-6-short","$v":"Sob"},{"$i":"month-0-long","$v":"Január"},{"$i":"month-1-long","$v":"Február"},{"$i":"month-2-long","$v":"Marec"},{"$i":"month-3-long","$v":"Apríl"},{"$i":"month-4-long","$v":"Máj"},{"$i":"month-5-long","$v":"Jún"},{"$i":"month-6-long","$v":"Júl"},{"$i":"month-7-long","$v":"August"},{"$i":"month-8-long","$v":"September"},{"$i":"month-9-long","$v":"Október"},{"$i":"month-10-long","$v":"November"},{"$i":"month-11-long","$v":"December"},{"$i":"month-0-genitive","$v":"Január"},{"$i":"month-1-genitive","$v":"Február"},{"$i":"month-2-genitive","$v":"Marec"},{"$i":"month-3-genitive","$v":"Apríl"},{"$i":"month-4-genitive","$v":"Máj"},{"$i":"month-5-genitive","$v":"Jún"},{"$i":"month-6-genitive","$v":"Júl"},{"$i":"month-7-genitive","$v":"August"},{"$i":"month-8-genitive","$v":"September"},{"$i":"month-9-genitive","$v":"Október"},{"$i":"month-10-genitive","$v":"November"},{"$i":"month-11-genitive","$v":"December"},{"$i":"month-0-short","$v":"Jan"},{"$i":"month-1-short","$v":"Feb"},{"$i":"month-2-short","$v":"Mar"},{"$i":"month-3-short","$v":"Apr"},{"$i":"month-4-short","$v":"Máj"},{"$i":"month-5-short","$v":"Jún"},{"$i":"month-6-short","$v":"Júl"},{"$i":"month-7-short","$v":"Aug"},{"$i":"month-8-short","$v":"Sep"},{"$i":"month-9-short","$v":"Okt"},{"$i":"month-10-short","$v":"Nov"},{"$i":"month-11-short","$v":"Dec"},{"$i":"minutes-ago-long","$v":{"few":["Pred počtom min.: ",{"t":"idOrVar","v":"value"}],"many":["Pred počtom min.: ",{"t":"idOrVar","v":"value"}],"other":["Pred počtom min.: ",{"t":"idOrVar","v":"value"}],"two":["Pred počtom min.: ",{"t":"idOrVar","v":"value"}],"one":"pred 1 min.","zero":"práve teraz"},"$x":[{"t":"idOrVar","v":"plural"},"value"]},{"$i":"hours-ago-long","$v":{"few":["Pred počtom hod.: ",{"t":"idOrVar","v":"value"}],"many":["Pred počtom hod.: ",{"t":"idOrVar","v":"value"}],"other":["Pred počtom hod.: ",{"t":"idOrVar","v":"value"}],"two":["Pred počtom hod.: ",{"t":"idOrVar","v":"value"}],"one":"pred 1 hodinou","zero":"práve teraz"},"$x":[{"t":"idOrVar","v":"plural"},"value"]},{"$i":"days-ago-long","$v":{"few":["Pred počtom dní: ",{"t":"idOrVar","v":"value"}],"many":["Pred počtom dní: ",{"t":"idOrVar","v":"value"}],"one":"včera","other":["Pred počtom dní: ",{"t":"idOrVar","v":"value"}],"two":["Pred počtom dní: ",{"t":"idOrVar","v":"value"}],"zero":"dnes"},"$x":[{"t":"idOrVar","v":"plural"},"value"]},{"$i":"weeks-ago-long","$v":{"few":["Pred počtom týžd.: ",{"t":"idOrVar","v":"value"}],"many":["Pred počtom týžd.: ",{"t":"idOrVar","v":"value"}],"one":"min. týždeň","other":["Pred počtom týžd.: ",{"t":"idOrVar","v":"value"}],"two":["Pred počtom týžd.: ",{"t":"idOrVar","v":"value"}],"zero":"tento týždeň"},"$x":[{"t":"idOrVar","v":"plural"},"value"]},{"$i":"months-ago-long","$v":{"few":["Pred počtom mes.: ",{"t":"idOrVar","v":"value"}],"many":["Pred počtom mes.: ",{"t":"idOrVar","v":"value"}],"one":"min. mesiac","other":["Pred počtom mes.: ",{"t":"idOrVar","v":"value"}],"two":["Pred počtom mes.: ",{"t":"idOrVar","v":"value"}],"zero":"tento mesiac"},"$x":[{"t":"idOrVar","v":"plural"},"value"]},{"$i":"years-ago-long","$v":{"few":["Pred počtom rokov: ",{"t":"idOrVar","v":"value"}],"many":["Pred počtom rokov: ",{"t":"idOrVar","v":"value"}],"one":"min. rok","other":["Pred počtom rokov: ",{"t":"idOrVar","v":"value"}],"two":["Pred počtom rokov: ",{"t":"idOrVar","v":"value"}],"zero":"tento rok"},"$x":[{"t":"idOrVar","v":"plural"},"value"]},{"$i":"minutes-until-long","$v":{"few":["o ",{"t":"idOrVar","v":"value"}," min"],"many":["o ",{"t":"idOrVar","v":"value"}," min"],"other":["o ",{"t":"idOrVar","v":"value"}," min"],"two":["o ",{"t":"idOrVar","v":"value"}," min"],"zero":"teraz","one":"za 1 minútu"},"$x":[{"t":"idOrVar","v":"plural"},"value"]},{"$i":"hours-until-long","$v":{"few":["o ",{"t":"idOrVar","v":"value"}," hod."],"many":["o ",{"t":"idOrVar","v":"value"}," hod."],"other":["o ",{"t":"idOrVar","v":"value"}," hod."],"two":["o ",{"t":"idOrVar","v":"value"}," hod."],"zero":"teraz","one":"za 1 hodinu"},"$x":[{"t":"idOrVar","v":"plural"},"value"]},{"$i":"days-until-long","$v":{"few":["o ",{"t":"idOrVar","v":"value"}," d."],"many":["o ",{"t":"idOrVar","v":"value"}," d."],"one":"zajtra","other":["o ",{"t":"idOrVar","v":"value"}," d."],"two":["o ",{"t":"idOrVar","v":"value"}," d."],"zero":"dnes"},"$x":[{"t":"idOrVar","v":"plural"},"value"]},{"$i":"weeks-until-long","$v":{"few":["o ",{"t":"idOrVar","v":"value"}," týžd."],"many":["o ",{"t":"idOrVar","v":"value"}," týžd."],"one":"nasl. týždeň","other":["o ",{"t":"idOrVar","v":"value"}," týžd."],"two":["o ",{"t":"idOrVar","v":"value"}," týžd."],"zero":"tento týždeň"},"$x":[{"t":"idOrVar","v":"plural"},"value"]},{"$i":"months-until-long","$v":{"few":["o ",{"t":"idOrVar","v":"value"}," mes."],"many":["o ",{"t":"idOrVar","v":"value"}," mes."],"one":"nasl. mesiac","other":["o ",{"t":"idOrVar","v":"value"}," mes."],"two":["o ",{"t":"idOrVar","v":"value"}," mes."],"zero":"tento mesiac"},"$x":[{"t":"idOrVar","v":"plural"},"value"]},{"$i":"years-until-long","$v":{"few":["o ",{"t":"idOrVar","v":"value"}," rok."],"many":["o ",{"t":"idOrVar","v":"value"}," rok."],"one":"nasl. rok","other":["o ",{"t":"idOrVar","v":"value"}," rok."],"two":["o ",{"t":"idOrVar","v":"value"}," rok."],"zero":"tento rok"},"$x":[{"t":"idOrVar","v":"plural"},"value"]},{"$i":"minutes-ago-short","$v":{"other":["Pred ",{"t":"idOrVar","v":"value"}," m"],"zero":"práve teraz"},"$x":[{"t":"idOrVar","v":"plural"},"value"]},{"$i":"hours-ago-short","$v":{"other":["Pred ",{"t":"idOrVar","v":"value"}," h"],"zero":"práve teraz"},"$x":[{"t":"idOrVar","v":"plural"},"value"]},{"$i":"days-ago-short","$v":{"other":["Pred ",{"t":"idOrVar","v":"value"}," d"],"zero":"dnes"},"$x":[{"t":"idOrVar","v":"plural"},"value"]},{"$i":"minutes-until-short","$v":{"other":["o ",{"t":"idOrVar","v":"value"}," m"],"zero":"teraz"},"$x":[{"t":"idOrVar","v":"plural"},"value"]},{"$i":"hours-until-short","$v":{"other":["o ",{"t":"idOrVar","v":"value"}," h"],"zero":"teraz"},"$x":[{"t":"idOrVar","v":"plural"},"value"]},{"$i":"days-until-short","$v":{"other":["o ",{"t":"idOrVar","v":"value"}," d"],"zero":"dnes"},"$x":[{"t":"idOrVar","v":"plural"},"value"]},{"$i":"incorrectDate","$v":"(nesprávny dátum)"},{"$i":"dateTimeFormat_%c","$v":"%a %b %e %Y %I:%M:%S %p"},{"$i":"dateTimeFormat_%x","$v":"%m/%d/%Y"},{"$i":"dateTimeFormat_%X","$v":"%I:%M:%S %p"},{"$i":"shortTimeFormat","$v":"%I:%M %p"},{"$i":"shortTimeFormat12","$v":"%I:%M %p"},{"$i":"shortTimeFormat24","$v":"%H:%M"},{"$i":"shortDateTimeFormat","$v":"%x %I:%M %p"},{"$i":"weekStartsOnMonday","$v":"0.0"},{"$i":"firstDayOfTheWeek","$v":"1.0"},{"$i":"time_am","$v":"AM"},{"$i":"time_pm","$v":"PM"}]