[{"$i":"toast-audio-save","$v":["Vsebina ",{"t":"idOrVar","v":"name"}," je shranjena"]},{"$i":"toast-audio-discarded","$v":"Posnetek je zavržen"},{"$i":"toast-save-rate","$v":"Spremembe so shranjene."},{"$i":"toast-audio-deleted","$v":"Posnetek je izbrisan"},{"$i":"toast-audio-files-deleted","$v":"Zvočne datoteke so izbrisane."},{"$i":"toast-audio-rename-ok","$v":"Ime je spremenjeno"},{"$i":"toast-audio-rename-failed","$v":"Preimenovanje ni uspelo"},{"$i":"toast-audio-rename-empty-or-only-space","$v":"Novo ime ne more biti prazno ali le presledki."},{"$i":"toast-music-library-save","$v":[{"t":"idOrVar","v":"name"}," Shranjeno v glasbeno knjižnico"]},{"$i":"toast-audio-import-save","$v":["Posnetek ",{"t":"idOrVar","v":"name"}," je shranjen v snemalnik."]},{"$i":"toast-audio-save-failed","$v":"Shranjeno ni uspelo."},{"$i":"new","$v":"Novo"},{"$i":"option","$v":"Možnost"},{"$i":"play","$v":"Predvajaj"},{"$i":"ok","$v":"V redu"},{"$i":"options","$v":"Možnosti"},{"$i":"back","$v":"Nazaj"},{"$i":"pause","$v":"Premor"},{"$i":"cancel","$v":"Prekliči"},{"$i":"delete","$v":"Izbriši"},{"$i":"done","$v":"Dokončano"},{"$i":"save","$v":"Shrani"},{"$i":"discard","$v":"Zavrzi"},{"$i":"all","$v":"Vse"},{"$i":"deselect","$v":"Prekliči izbor"},{"$i":"none","$v":"Brez"},{"$i":"select","$v":"Izberi"},{"$i":"menu-header-options","$v":"Možnosti"},{"$i":"menu-header-option","$v":"Možnost"},{"$i":"menu-delete","$v":"Brisanje"},{"$i":"menu-share","$v":"Deli"},{"$i":"menu-rename","$v":"Preimenuj"},{"$i":"menu-save-as-ringtone","$v":"Shrani kot ton zvonjenja"},{"$i":"menu-settings","$v":"Nastavitve"},{"$i":"menu-volume","$v":"Glasnost"},{"$i":"menu-save-to-music-library","$v":"Shrani v knjižnico glasbe"},{"$i":"menu-select-multiple","$v":"Izberite več"},{"$i":"number-selected","$v":{"few":[{"t":"idOrVar","v":"number"}," izbrani"],"many":[{"t":"idOrVar","v":"number"}," izbrani"],"one":[{"t":"idOrVar","v":"number"}," izbrani"],"other":[{"t":"idOrVar","v":"number"}," izbrani"],"two":[{"t":"idOrVar","v":"number"}," izbrani"],"zero":[{"t":"idOrVar","v":"number"}," izbrani"]},"$x":[{"t":"idOrVar","v":"plural"},"number"]},{"$i":"title-audio-list","$v":"Snemalnik zvoka"},{"$i":"title-rename","$v":"Preimenuj"},{"$i":"title-settings","$v":"Nastavitve"},{"$i":"title-save-confirmation","$v":"Potrditev"},{"$i":"title-delete-confirmation","$v":"Potrditev"},{"$i":"title-recording-bitrate","$v":"Hitrost snemanja"},{"$i":"title-pick-audio-list","$v":"Izberite snemanje"},{"$i":"dialog-delete-audio-file","$v":"Želite izbrisati zvočno datoteko?"},{"$i":"dialog-save-audio-recording","$v":"Želite shraniti zvočni posnetek?"},{"$i":"dialog-delete-select-audio","$v":{"few":["Ali želite izbrisati posnetke ",{"t":"idOrVar","v":"number"},"?"],"many":["Ali želite izbrisati posnetke ",{"t":"idOrVar","v":"number"},"?"],"one":"Ali želite izbrisati izbrane posnetke?","other":["Ali želite izbrisati posnetke ",{"t":"idOrVar","v":"number"},"?"],"two":["Ali želite izbrisati posnetke ",{"t":"idOrVar","v":"number"},"?"]},"$x":[{"t":"idOrVar","v":"plural"},"number"]},{"$i":"settings-bitrate-8k","$v":"8 K (manjša velikost)"},{"$i":"settings-bitrate-44k","$v":"44 K (večja velikost)"},{"$i":"settings-bitrate-err","$v":"Napaka nastavitve"},{"$i":"audio-recorder-is-empty","$v":"Zvočni snemalnik je prazen, za začetek snemanja pritisnite Novo."},{"$i":"audio-pick-is-empty","$v":"Posnetkov ni na voljo."},{"$i":"input-title-enter-new-name","$v":"Vnesite novo ime"},{"$i":"new-recording","$v":"Nov posnetek"},{"$i":"save-input","placeholder":"Nov posnetek"},{"$i":"save-audio-input","$v":"Ime"},{"$i":"audio-player-state","$v":"Predvajanje ..."},{"$i":"audio-player-state-pause","$v":""},{"$i":"audio-recorder-loading","$v":"Iskanje zvoč. posnetkov ..."},{"$i":"unsupport-file-name","$v":{"$o":"Ni mogoče uporabiti imena, ki vsebuje nepodprte znake: \\/:*?&quot;&lt;&gt;|"}},{"$i":"import-file-error","$v":"Ime je že uporabljeno. Izberite drugo ime."},{"$i":"import-file-exist","$v":"Ime datoteke že obstaja."},{"$i":"state_storage_no_memory_card","$v":"Pomnilniške kartice ni bilo mogoče najti. Vstavite pomnilniško kartico."},{"$i":"state_storage_full","$v":"Pomnilnik telefona je poln."},{"$i":"state_storage_full_sdcard","$v":"Kartica SD je polna."},{"$i":"state_storage_full_content_new","$v":"Izbrišite predstavnostne datoteke ali podatke aplikacij, da sprostite prostor. Lahko tudi vstavite kartico SD in tako razširite shrambo za predstavnostne vsebine."},{"$i":"state_storage_full_content_new_sdcard","$v":"Izbrišite datoteke na kartici SD, da sprostite prostor."},{"$i":"state_storage_full_content_record","$v":"Izbrišite predstavnostne datoteke ali podatke aplikacij, da sprostite prostor. Lahko tudi vstavite kartico SD in tako razširite shrambo za predstavnostne vsebine."},{"$i":"state_storage_full_content_record_sdcard","$v":"Izbrišite datoteke na kartici SD, da sprostite prostor."},{"$i":"state_storage_full_content_save","$v":"Izbrišite predstavnostne datoteke ali podatke aplikacij, da sprostite prostor. Lahko tudi vstavite kartico SD in tako razširite shrambo za predstavnostne vsebine."},{"$i":"state_storage_full_content_save_sdcard","$v":"Izbrišite datoteke na kartici SD, da sprostite prostor."},{"$i":"state_storage_in_use","$v":"Shramba je trenutno v uporabi. Odklopite telefon."},{"$i":"rename-same-name","$v":"Ime nespremenjeno."},{"$i":"confirmation","$v":"Potrditev"},{"$i":"discard-confirm","$v":"Ali želite zavreči posnetek?"},{"$i":"invalid-confirm","$v":"Datoteke ni mogoče predvajati, ker ni podprta ali neveljavna."},{"$i":"weekday-0-long","$v":"Nedelja"},{"$i":"weekday-1-long","$v":"Ponedeljek"},{"$i":"weekday-2-long","$v":"Torek"},{"$i":"weekday-3-long","$v":"Sreda"},{"$i":"weekday-4-long","$v":"Četrtek"},{"$i":"weekday-5-long","$v":"Petek"},{"$i":"weekday-6-long","$v":"Sobota"},{"$i":"weekday-0-short","$v":"ned"},{"$i":"weekday-1-short","$v":"pon"},{"$i":"weekday-2-short","$v":"tor"},{"$i":"weekday-3-short","$v":"sre"},{"$i":"weekday-4-short","$v":"čet"},{"$i":"weekday-5-short","$v":"pet"},{"$i":"weekday-6-short","$v":"sob"},{"$i":"month-0-long","$v":"januar"},{"$i":"month-1-long","$v":"februar"},{"$i":"month-2-long","$v":"marec"},{"$i":"month-3-long","$v":"april"},{"$i":"month-4-long","$v":"maj"},{"$i":"month-5-long","$v":"junij"},{"$i":"month-6-long","$v":"julij"},{"$i":"month-7-long","$v":"avgust"},{"$i":"month-8-long","$v":"september"},{"$i":"month-9-long","$v":"oktober"},{"$i":"month-10-long","$v":"november"},{"$i":"month-11-long","$v":"december"},{"$i":"month-0-genitive","$v":"januar"},{"$i":"month-1-genitive","$v":"februar"},{"$i":"month-2-genitive","$v":"marec"},{"$i":"month-3-genitive","$v":"april"},{"$i":"month-4-genitive","$v":"maj"},{"$i":"month-5-genitive","$v":"junij"},{"$i":"month-6-genitive","$v":"julij"},{"$i":"month-7-genitive","$v":"avgust"},{"$i":"month-8-genitive","$v":"september"},{"$i":"month-9-genitive","$v":"oktober"},{"$i":"month-10-genitive","$v":"november"},{"$i":"month-11-genitive","$v":"december"},{"$i":"month-0-short","$v":"jan"},{"$i":"month-1-short","$v":"feb"},{"$i":"month-2-short","$v":"mar"},{"$i":"month-3-short","$v":"apr"},{"$i":"month-4-short","$v":"maj"},{"$i":"month-5-short","$v":"jun"},{"$i":"month-6-short","$v":"jul"},{"$i":"month-7-short","$v":"avg"},{"$i":"month-8-short","$v":"sep"},{"$i":"month-9-short","$v":"okt"},{"$i":"month-10-short","$v":"nov"},{"$i":"month-11-short","$v":"dec"},{"$i":"minutes-ago-long","$v":{"few":["pred ",{"t":"idOrVar","v":"value"}," minutami"],"many":["pred ",{"t":"idOrVar","v":"value"}," minutami"],"other":["pred ",{"t":"idOrVar","v":"value"}," minutami"],"two":["pred ",{"t":"idOrVar","v":"value"}," minutama"],"one":"pred minuto","zero":"pravkar"},"$x":[{"t":"idOrVar","v":"plural"},"value"]},{"$i":"hours-ago-long","$v":{"few":["pred ",{"t":"idOrVar","v":"value"}," urami"],"many":["pred ",{"t":"idOrVar","v":"value"}," urami"],"other":["pred ",{"t":"idOrVar","v":"value"}," urami"],"two":["pred ",{"t":"idOrVar","v":"value"}," urama"],"one":"Pred 1 uro","zero":"pravkar"},"$x":[{"t":"idOrVar","v":"plural"},"value"]},{"$i":"days-ago-long","$v":{"few":["pred ",{"t":"idOrVar","v":"value"}," dnevi"],"many":["pred ",{"t":"idOrVar","v":"value"}," dnevi"],"one":"včeraj","other":["pred ",{"t":"idOrVar","v":"value"}," dnevi"],"two":["pred ",{"t":"idOrVar","v":"value"}," dnevoma"],"zero":"danes"},"$x":[{"t":"idOrVar","v":"plural"},"value"]},{"$i":"weeks-ago-long","$v":{"few":["pred ",{"t":"idOrVar","v":"value"}," tedni"],"many":["pred ",{"t":"idOrVar","v":"value"}," tedni"],"one":"prejšnji teden","other":["pred ",{"t":"idOrVar","v":"value"}," tedni"],"two":["pred ",{"t":"idOrVar","v":"value"}," tednoma"],"zero":"ta teden"},"$x":[{"t":"idOrVar","v":"plural"},"value"]},{"$i":"months-ago-long","$v":{"few":["pred ",{"t":"idOrVar","v":"value"}," meseci"],"many":["pred ",{"t":"idOrVar","v":"value"}," meseci"],"one":"prejšnji mesec","other":["pred ",{"t":"idOrVar","v":"value"}," meseci"],"two":["pred ",{"t":"idOrVar","v":"value"}," mesecema"],"zero":"ta mesec"},"$x":[{"t":"idOrVar","v":"plural"},"value"]},{"$i":"years-ago-long","$v":{"few":["pred ",{"t":"idOrVar","v":"value"}," leti"],"many":["pred ",{"t":"idOrVar","v":"value"}," leti"],"one":"prejšnje leto","other":["pred ",{"t":"idOrVar","v":"value"}," leti"],"two":["pred ",{"t":"idOrVar","v":"value"}," letoma"],"zero":"to leto"},"$x":[{"t":"idOrVar","v":"plural"},"value"]},{"$i":"minutes-until-long","$v":{"few":["čez ",{"t":"idOrVar","v":"value"}," minute"],"many":["čez ",{"t":"idOrVar","v":"value"}," minut"],"other":["čez ",{"t":"idOrVar","v":"value"}," minut"],"two":["čez ",{"t":"idOrVar","v":"value"}," minuti"],"zero":"zdaj","one":"v 1 minuti"},"$x":[{"t":"idOrVar","v":"plural"},"value"]},{"$i":"hours-until-long","$v":{"few":["čez ",{"t":"idOrVar","v":"value"}," ure"],"many":["čez ",{"t":"idOrVar","v":"value"}," ur"],"other":["čez ",{"t":"idOrVar","v":"value"}," ur"],"two":["čez ",{"t":"idOrVar","v":"value"}," uri"],"zero":"zdaj","one":"čez 1 uro"},"$x":[{"t":"idOrVar","v":"plural"},"value"]},{"$i":"days-until-long","$v":{"few":["čez ",{"t":"idOrVar","v":"value"}," dni"],"many":["čez ",{"t":"idOrVar","v":"value"}," dni"],"one":"jutri","other":["čez ",{"t":"idOrVar","v":"value"}," dni"],"two":["čez ",{"t":"idOrVar","v":"value"}," dni"],"zero":"danes"},"$x":[{"t":"idOrVar","v":"plural"},"value"]},{"$i":"weeks-until-long","$v":{"few":["čez ",{"t":"idOrVar","v":"value"}," tedne"],"many":["čez ",{"t":"idOrVar","v":"value"}," tednov"],"one":"naslednji teden","other":["čez ",{"t":"idOrVar","v":"value"}," tednov"],"two":["čez ",{"t":"idOrVar","v":"value"}," tedna"],"zero":"ta teden"},"$x":[{"t":"idOrVar","v":"plural"},"value"]},{"$i":"months-until-long","$v":{"few":["čez ",{"t":"idOrVar","v":"value"}," mesece"],"many":["čez ",{"t":"idOrVar","v":"value"}," mesecev"],"one":"naslednji mesec","other":["čez ",{"t":"idOrVar","v":"value"}," mesecev"],"two":["čez ",{"t":"idOrVar","v":"value"}," meseca"],"zero":"ta mesec"},"$x":[{"t":"idOrVar","v":"plural"},"value"]},{"$i":"years-until-long","$v":{"few":["čez ",{"t":"idOrVar","v":"value"}," leta"],"many":["čez ",{"t":"idOrVar","v":"value"}," let"],"one":"naslednje leto","other":["čez ",{"t":"idOrVar","v":"value"}," let"],"two":["čez ",{"t":"idOrVar","v":"value"}," leti"],"zero":"to leto"},"$x":[{"t":"idOrVar","v":"plural"},"value"]},{"$i":"minutes-ago-short","$v":{"other":["Pred ",{"t":"idOrVar","v":"value"}," m"],"zero":"pravkar"},"$x":[{"t":"idOrVar","v":"plural"},"value"]},{"$i":"hours-ago-short","$v":{"other":["pred ",{"t":"idOrVar","v":"value"}," h"],"zero":"pravkar"},"$x":[{"t":"idOrVar","v":"plural"},"value"]},{"$i":"days-ago-short","$v":{"other":["pred ",{"t":"idOrVar","v":"value"}," d"],"zero":"danes"},"$x":[{"t":"idOrVar","v":"plural"},"value"]},{"$i":"minutes-until-short","$v":{"other":["čez ",{"t":"idOrVar","v":"value"}," m"],"zero":"zdaj"},"$x":[{"t":"idOrVar","v":"plural"},"value"]},{"$i":"hours-until-short","$v":{"other":["čez ",{"t":"idOrVar","v":"value"}," h"],"zero":"zdaj"},"$x":[{"t":"idOrVar","v":"plural"},"value"]},{"$i":"days-until-short","$v":{"other":["čez ",{"t":"idOrVar","v":"value"}," d"],"zero":"danes"},"$x":[{"t":"idOrVar","v":"plural"},"value"]},{"$i":"incorrectDate","$v":"(nepravilen datum)"},{"$i":"dateTimeFormat_%c","$v":"%a %b %e %Y %I.%M.%S %p"},{"$i":"dateTimeFormat_%x","$v":"%m/%d/%Y"},{"$i":"dateTimeFormat_%X","$v":"%I:%M:%S %p"},{"$i":"shortTimeFormat","$v":"%I.%M %p"},{"$i":"shortTimeFormat12","$v":"%I.%M %p"},{"$i":"shortTimeFormat24","$v":"%H.%M"},{"$i":"shortDateTimeFormat","$v":"%x %I.%M %p"},{"$i":"weekStartsOnMonday","$v":"0.0"},{"$i":"firstDayOfTheWeek","$v":"1.0"},{"$i":"time_am","$v":"dop."},{"$i":"time_pm","$v":"pop."}]