[{"$i":"toast-audio-save","$v":[{"t":"idOrVar","v":"name"}," u ruajt."]},{"$i":"toast-audio-discarded","$v":"Regjistrimi u skartua"},{"$i":"toast-save-rate","$v":"Ndryshimet u ruajtën."},{"$i":"toast-audio-deleted","$v":"Regjistrimi u fshi"},{"$i":"toast-audio-files-deleted","$v":"Fotografi audio janë fshirë."},{"$i":"toast-audio-rename-ok","$v":"Emri u ndryshua"},{"$i":"toast-audio-rename-failed","$v":"Riemërtimi pa sukses"},{"$i":"toast-audio-rename-empty-or-only-space","$v":"Emri i ri nuk mund të jetë bosh apo vetëm hapësirë."},{"$i":"toast-music-library-save","$v":[{"t":"idOrVar","v":"name"}," E ruajtur në bibliotekën e muzikës"]},{"$i":"toast-audio-import-save","$v":[{"t":"idOrVar","v":"name"}," u ruajt te regjistruesi."]},{"$i":"toast-audio-save-failed","$v":"Saved dështoi."},{"$i":"new","$v":"I ri"},{"$i":"option","$v":"Opsion"},{"$i":"play","$v":"Luaj"},{"$i":"ok","$v":"OK"},{"$i":"options","$v":"Opsionet"},{"$i":"back","$v":"Prapa"},{"$i":"pause","$v":"Pezullo"},{"$i":"cancel","$v":"Anulo"},{"$i":"delete","$v":"Fshi"},{"$i":"done","$v":"U krye"},{"$i":"save","$v":"Ruaj"},{"$i":"discard","$v":"Skarto"},{"$i":"all","$v":"Të gjitha"},{"$i":"deselect","$v":"Çzgjidh"},{"$i":"none","$v":"Asnjë"},{"$i":"select","$v":"Zgjidh"},{"$i":"menu-header-options","$v":"Opsionet"},{"$i":"menu-header-option","$v":"Opsion"},{"$i":"menu-delete","$v":"Fshi"},{"$i":"menu-share","$v":"Ndaj"},{"$i":"menu-rename","$v":"Riemërto"},{"$i":"menu-save-as-ringtone","$v":"Ruaje si zile"},{"$i":"menu-settings","$v":"Cilësimet"},{"$i":"menu-volume","$v":"Volumi"},{"$i":"menu-save-to-music-library","$v":"Ruaje në muzikotekë"},{"$i":"menu-select-multiple","$v":"Zgjidh disa"},{"$i":"number-selected","$v":{"few":[{"t":"idOrVar","v":"number"}," zgjedhur"],"many":[{"t":"idOrVar","v":"number"}," zgjedhur"],"one":[{"t":"idOrVar","v":"number"}," zgjedhur"],"other":[{"t":"idOrVar","v":"number"}," zgjedhur"],"two":[{"t":"idOrVar","v":"number"}," zgjedhur"],"zero":[{"t":"idOrVar","v":"number"}," zgjedhur"]},"$x":[{"t":"idOrVar","v":"plural"},"number"]},{"$i":"title-audio-list","$v":"Regjistruesi i zërit"},{"$i":"title-rename","$v":"Riemërto"},{"$i":"title-settings","$v":"Cilësimet"},{"$i":"title-save-confirmation","$v":"Konfirmimi"},{"$i":"title-delete-confirmation","$v":"Konfirmimi"},{"$i":"title-recording-bitrate","$v":"Shpejtësia e regjistrimit"},{"$i":"title-pick-audio-list","$v":"Zgjidhni një regjistrim"},{"$i":"dialog-delete-audio-file","$v":"Të fshihet skedari audio?"},{"$i":"dialog-save-audio-recording","$v":"Të ruhet regjistrimi zanor?"},{"$i":"dialog-delete-select-audio","$v":{"few":["Fshi regjistrimet ",{"t":"idOrVar","v":"number"},"?"],"many":["Fshi regjistrimet ",{"t":"idOrVar","v":"number"},"?"],"one":"Fshi regjistrimet e përzgjedhura?","other":["Fshi regjistrimet ",{"t":"idOrVar","v":"number"},"?"],"two":["Fshi regjistrimet ",{"t":"idOrVar","v":"number"},"?"]},"$x":[{"t":"idOrVar","v":"plural"},"number"]},{"$i":"settings-bitrate-8k","$v":"8K (madhësi më e vogël)"},{"$i":"settings-bitrate-44k","$v":"44K (madhësi më e madhe)"},{"$i":"settings-bitrate-err","$v":"Gabim konfigurimi"},{"$i":"audio-recorder-is-empty","$v":"Regjistruesi audio është bosh, shtypni New për të filluar regjistrimin."},{"$i":"audio-pick-is-empty","$v":"Nuk ka regjistrime në dispozicion."},{"$i":"input-title-enter-new-name","$v":"Jep emrin e ri"},{"$i":"new-recording","$v":"Regjistrim i ri"},{"$i":"save-input","placeholder":"Regjistrim i ri"},{"$i":"save-audio-input","$v":"Emri"},{"$i":"audio-player-state","$v":"Po luhet..."},{"$i":"audio-player-state-pause","$v":""},{"$i":"audio-recorder-loading","$v":"Po skanon për regjistr. zano..."},{"$i":"unsupport-file-name","$v":{"$o":"S'mund të përdoret emër me karaktere të pambështetura: \\/:*?&quot;&lt;&gt;|"}},{"$i":"import-file-error","$v":"Emri është në përdorim. Zgjidh emër tjetër"},{"$i":"import-file-exist","$v":"Emri i skedarit ekziston tashmë."},{"$i":"state_storage_no_memory_card","$v":"Nuk u gjet kartë memorieje. Fut një kartë memorieje."},{"$i":"state_storage_full","$v":"Memoria e telefonit plot"},{"$i":"state_storage_full_sdcard","$v":"Karta SD është plot."},{"$i":"state_storage_full_content_new","$v":"Fshi skedarë media ose të dhëna aplikacionesh për të liruar hapësirë. Mund të fusësh edhe një kartë SD për të zgjeruar hapësirën ruajtëse të medias."},{"$i":"state_storage_full_content_new_sdcard","$v":"Fshi skedarë në kartën SD për të liruar hapësirë."},{"$i":"state_storage_full_content_record","$v":"Fshi skedarë media ose të dhëna aplikacionesh për të liruar hapësirë. Mund të fusësh edhe një kartë SD për të zgjeruar hapësirën ruajtëse të medias."},{"$i":"state_storage_full_content_record_sdcard","$v":"Fshi skedarë në kartën SD për të liruar hapësirë."},{"$i":"state_storage_full_content_save","$v":"Fshi skedarë media ose të dhëna aplikacionesh për të liruar hapësirë. Mund të fusësh edhe një kartë SD për të zgjeruar hapësirën ruajtëse të medias."},{"$i":"state_storage_full_content_save_sdcard","$v":"Fshi skedarë në kartën SD për të liruar hapësirë."},{"$i":"state_storage_in_use","$v":"Memoria është në përdorim për momentin. Hiqe telefonin nga priza."},{"$i":"rename-same-name","$v":"Emri i pandryshuar."},{"$i":"confirmation","$v":"Konfirmimi"},{"$i":"discard-confirm","$v":"Hidhni poshtë regjistrimit?"},{"$i":"invalid-confirm","$v":"Në pamundësi për të luajtur skedar sepse është i pambështetur ose i pavlefshëm."},{"$i":"weekday-0-long","$v":"E diel"},{"$i":"weekday-1-long","$v":"E hënë"},{"$i":"weekday-2-long","$v":"E martë"},{"$i":"weekday-3-long","$v":"E mërkurë"},{"$i":"weekday-4-long","$v":"E enjte"},{"$i":"weekday-5-long","$v":"E premte"},{"$i":"weekday-6-long","$v":"E shtunë"},{"$i":"weekday-0-short","$v":"Die"},{"$i":"weekday-1-short","$v":"Hën"},{"$i":"weekday-2-short","$v":"Mar"},{"$i":"weekday-3-short","$v":"Mër"},{"$i":"weekday-4-short","$v":"Enj"},{"$i":"weekday-5-short","$v":"Pre"},{"$i":"weekday-6-short","$v":"Sht"},{"$i":"month-0-long","$v":"Janar"},{"$i":"month-1-long","$v":"Shkurt"},{"$i":"month-2-long","$v":"Mars"},{"$i":"month-3-long","$v":"Prill"},{"$i":"month-4-long","$v":"Maj"},{"$i":"month-5-long","$v":"Qershor"},{"$i":"month-6-long","$v":"Korrik"},{"$i":"month-7-long","$v":"Gusht"},{"$i":"month-8-long","$v":"Shtator"},{"$i":"month-9-long","$v":"Tetor"},{"$i":"month-10-long","$v":"Nëntor"},{"$i":"month-11-long","$v":"Dhjetor"},{"$i":"month-0-genitive","$v":"Janar"},{"$i":"month-1-genitive","$v":"Shkurt"},{"$i":"month-2-genitive","$v":"Mars"},{"$i":"month-3-genitive","$v":"Prill"},{"$i":"month-4-genitive","$v":"Maj"},{"$i":"month-5-genitive","$v":"Qershor"},{"$i":"month-6-genitive","$v":"Korrik"},{"$i":"month-7-genitive","$v":"Gusht"},{"$i":"month-8-genitive","$v":"Shtator"},{"$i":"month-9-genitive","$v":"Tetor"},{"$i":"month-10-genitive","$v":"Nëntor"},{"$i":"month-11-genitive","$v":"Dhjetor"},{"$i":"month-0-short","$v":"Jan"},{"$i":"month-1-short","$v":"Shku"},{"$i":"month-2-short","$v":"Mar"},{"$i":"month-3-short","$v":"Pri"},{"$i":"month-4-short","$v":"Maj"},{"$i":"month-5-short","$v":"Qer"},{"$i":"month-6-short","$v":"Korr"},{"$i":"month-7-short","$v":"Gush"},{"$i":"month-8-short","$v":"Shta"},{"$i":"month-9-short","$v":"Tet"},{"$i":"month-10-short","$v":"Nën"},{"$i":"month-11-short","$v":"Dhj"},{"$i":"minutes-ago-long","$v":{"few":[{"t":"idOrVar","v":"value"}," minuta më parë"],"many":[{"t":"idOrVar","v":"value"}," minuta më parë"],"other":[{"t":"idOrVar","v":"value"}," minuta më parë"],"two":[{"t":"idOrVar","v":"value"}," minuta më parë"],"one":"një minutë më parë","zero":"sapo"},"$x":[{"t":"idOrVar","v":"plural"},"value"]},{"$i":"hours-ago-long","$v":{"few":[{"t":"idOrVar","v":"value"}," orë më parë"],"many":[{"t":"idOrVar","v":"value"}," orë më parë"],"other":[{"t":"idOrVar","v":"value"}," orë më parë"],"two":[{"t":"idOrVar","v":"value"}," orë më parë"],"one":"1 orë më parë","zero":"sapo"},"$x":[{"t":"idOrVar","v":"plural"},"value"]},{"$i":"days-ago-long","$v":{"few":[{"t":"idOrVar","v":"value"}," ditë më parë"],"many":[{"t":"idOrVar","v":"value"}," ditë më parë"],"one":"dje","other":[{"t":"idOrVar","v":"value"}," ditë më parë"],"two":[{"t":"idOrVar","v":"value"}," ditë më parë"],"zero":"sot"},"$x":[{"t":"idOrVar","v":"plural"},"value"]},{"$i":"weeks-ago-long","$v":{"few":[{"t":"idOrVar","v":"value"}," javë më parë"],"many":[{"t":"idOrVar","v":"value"}," javë më parë"],"one":"javën e kaluar","other":[{"t":"idOrVar","v":"value"}," javë më parë"],"two":[{"t":"idOrVar","v":"value"}," javë më parë"],"zero":"këtë javë"},"$x":[{"t":"idOrVar","v":"plural"},"value"]},{"$i":"months-ago-long","$v":{"few":[{"t":"idOrVar","v":"value"}," muaj më parë"],"many":[{"t":"idOrVar","v":"value"}," muaj më parë"],"one":"muajin e kaluar","other":[{"t":"idOrVar","v":"value"}," muaj më parë"],"two":[{"t":"idOrVar","v":"value"}," muaj më parë"],"zero":"këtë muaj"},"$x":[{"t":"idOrVar","v":"plural"},"value"]},{"$i":"years-ago-long","$v":{"few":[{"t":"idOrVar","v":"value"}," vite më parë"],"many":[{"t":"idOrVar","v":"value"}," vite më parë"],"one":"vitin e kaluar","other":[{"t":"idOrVar","v":"value"}," vite më parë"],"two":[{"t":"idOrVar","v":"value"}," vite më parë"],"zero":"këtë vit"},"$x":[{"t":"idOrVar","v":"plural"},"value"]},{"$i":"minutes-until-long","$v":{"few":["për ",{"t":"idOrVar","v":"value"}," minuta"],"many":["për ",{"t":"idOrVar","v":"value"}," minuta"],"other":["për ",{"t":"idOrVar","v":"value"}," minuta"],"two":["për ",{"t":"idOrVar","v":"value"}," minuta"],"zero":"tani","one":"në 1 minutë"},"$x":[{"t":"idOrVar","v":"plural"},"value"]},{"$i":"hours-until-long","$v":{"few":["për ",{"t":"idOrVar","v":"value"}," orë"],"many":["për ",{"t":"idOrVar","v":"value"}," orë"],"other":["për ",{"t":"idOrVar","v":"value"}," orë"],"two":["për ",{"t":"idOrVar","v":"value"}," orë"],"zero":"tani","one":"në 1 orë"},"$x":[{"t":"idOrVar","v":"plural"},"value"]},{"$i":"days-until-long","$v":{"few":["për ",{"t":"idOrVar","v":"value"}," ditë"],"many":["për ",{"t":"idOrVar","v":"value"}," ditë"],"one":"nesër","other":["për ",{"t":"idOrVar","v":"value"}," ditë"],"two":["për ",{"t":"idOrVar","v":"value"}," ditë"],"zero":"sot"},"$x":[{"t":"idOrVar","v":"plural"},"value"]},{"$i":"weeks-until-long","$v":{"few":["për ",{"t":"idOrVar","v":"value"}," javë"],"many":["për ",{"t":"idOrVar","v":"value"}," javë"],"one":"javën tjetër","other":["për ",{"t":"idOrVar","v":"value"}," javë"],"two":["për ",{"t":"idOrVar","v":"value"}," javë"],"zero":"këtë javë"},"$x":[{"t":"idOrVar","v":"plural"},"value"]},{"$i":"months-until-long","$v":{"few":["për ",{"t":"idOrVar","v":"value"}," muaj"],"many":["për ",{"t":"idOrVar","v":"value"}," muaj"],"one":"muajin tjetër","other":["për ",{"t":"idOrVar","v":"value"}," muaj"],"two":["për ",{"t":"idOrVar","v":"value"}," muaj"],"zero":"këtë muaj"},"$x":[{"t":"idOrVar","v":"plural"},"value"]},{"$i":"years-until-long","$v":{"few":["për ",{"t":"idOrVar","v":"value"}," vjet"],"many":["për ",{"t":"idOrVar","v":"value"}," vjet"],"one":"vitin tjetër","other":["për ",{"t":"idOrVar","v":"value"}," vjet"],"two":["për ",{"t":"idOrVar","v":"value"}," vjet"],"zero":"këtë vit"},"$x":[{"t":"idOrVar","v":"plural"},"value"]},{"$i":"minutes-ago-short","$v":{"other":[{"t":"idOrVar","v":"value"}," min më parë"],"zero":"sapo"},"$x":[{"t":"idOrVar","v":"plural"},"value"]},{"$i":"hours-ago-short","$v":{"other":[{"t":"idOrVar","v":"value"}," orë më parë"],"zero":"sapo"},"$x":[{"t":"idOrVar","v":"plural"},"value"]},{"$i":"days-ago-short","$v":{"other":[{"t":"idOrVar","v":"value"}," ditë më parë"],"zero":"sot"},"$x":[{"t":"idOrVar","v":"plural"},"value"]},{"$i":"minutes-until-short","$v":{"other":["për ",{"t":"idOrVar","v":"value"}," min"],"zero":"tani"},"$x":[{"t":"idOrVar","v":"plural"},"value"]},{"$i":"hours-until-short","$v":{"other":["për ",{"t":"idOrVar","v":"value"}," orë"],"zero":"tani"},"$x":[{"t":"idOrVar","v":"plural"},"value"]},{"$i":"days-until-short","$v":{"other":["për ",{"t":"idOrVar","v":"value"}," ditë"],"zero":"sot"},"$x":[{"t":"idOrVar","v":"plural"},"value"]},{"$i":"incorrectDate","$v":"(datë e pasaktë)"},{"$i":"dateTimeFormat_%c","$v":"%a %b %e %Y %I:%M:%S %p"},{"$i":"dateTimeFormat_%x","$v":"%m/%d/%Y"},{"$i":"dateTimeFormat_%X","$v":"%I:%M:%S %p"},{"$i":"shortTimeFormat","$v":"%I:%M %p"},{"$i":"shortTimeFormat12","$v":"%I:%M %p"},{"$i":"shortTimeFormat24","$v":"%H:%M"},{"$i":"shortDateTimeFormat","$v":"%x %I:%M %p"},{"$i":"weekStartsOnMonday","$v":"0.0"},{"$i":"firstDayOfTheWeek","$v":"1.0"},{"$i":"time_am","$v":"p.d."},{"$i":"time_pm","$v":"m.d."}]