[{"$i":"toast-audio-save","$v":[{"t":"idOrVar","v":"name"}," je sačuvan."]},{"$i":"toast-audio-discarded","$v":"Snimak je odbačen"},{"$i":"toast-save-rate","$v":"Promene su sačuvane."},{"$i":"toast-audio-deleted","$v":"Snimak je obrisan"},{"$i":"toast-audio-files-deleted","$v":"Аудио датотеке избрисане."},{"$i":"toast-audio-rename-ok","$v":"Ime promenjeno"},{"$i":"toast-audio-rename-failed","$v":"Preimenovanje nije uspelo"},{"$i":"toast-audio-rename-empty-or-only-space","$v":"Ново име не може бити празно или само простор."},{"$i":"toast-music-library-save","$v":[{"t":"idOrVar","v":"name"}," Сачувано у музичку библиотеку"]},{"$i":"toast-audio-import-save","$v":["Ime ",{"t":"idOrVar","v":"name"}," je sačuvano u rekorderu."]},{"$i":"toast-audio-save-failed","$v":"Савед фаилед."},{"$i":"new","$v":"Novo"},{"$i":"option","$v":"Opcija"},{"$i":"play","$v":"Reprodukuj"},{"$i":"ok","$v":"OK"},{"$i":"options","$v":"Opcije"},{"$i":"back","$v":"Nazad"},{"$i":"pause","$v":"Pauziraj"},{"$i":"cancel","$v":"Otkaži"},{"$i":"delete","$v":"Obriši"},{"$i":"done","$v":"Gotovo"},{"$i":"save","$v":"Sačuvaj"},{"$i":"discard","$v":"Odbaci"},{"$i":"all","$v":"Sve"},{"$i":"deselect","$v":"Poništi izbor"},{"$i":"none","$v":"Nema"},{"$i":"select","$v":"Izaberi"},{"$i":"menu-header-options","$v":"Opcije"},{"$i":"menu-header-option","$v":"Opcija"},{"$i":"menu-delete","$v":"Izbriši"},{"$i":"menu-share","$v":"Deli"},{"$i":"menu-rename","$v":"Preimenuj"},{"$i":"menu-save-as-ringtone","$v":"Sačuvaj kao ton zvona"},{"$i":"menu-settings","$v":"Podešavanja"},{"$i":"menu-volume","$v":"Jačina zvuka"},{"$i":"menu-save-to-music-library","$v":"Sačuvaj u muzičku biblioteku"},{"$i":"menu-select-multiple","$v":"Odaberi više"},{"$i":"number-selected","$v":{"few":[{"t":"idOrVar","v":"number"}," odabrana"],"many":[{"t":"idOrVar","v":"number"}," odabrana"],"one":[{"t":"idOrVar","v":"number"}," odabrana"],"other":[{"t":"idOrVar","v":"number"}," odabrana"],"two":[{"t":"idOrVar","v":"number"}," odabrana"],"zero":[{"t":"idOrVar","v":"number"}," odabrana"]},"$x":[{"t":"idOrVar","v":"plural"},"number"]},{"$i":"title-audio-list","$v":"Diktafon"},{"$i":"title-rename","$v":"Preimenuj"},{"$i":"title-settings","$v":"Podešavanja"},{"$i":"title-save-confirmation","$v":"Potvrda"},{"$i":"title-delete-confirmation","$v":"Potvrda"},{"$i":"title-recording-bitrate","$v":"Brzina snimanja"},{"$i":"title-pick-audio-list","$v":"Изаберите снимак"},{"$i":"dialog-delete-audio-file","$v":"Izbrisati audio datoteku?"},{"$i":"dialog-save-audio-recording","$v":"Sačuvati audio snimak?"},{"$i":"dialog-delete-select-audio","$v":{"few":["Избришите ",{"t":"idOrVar","v":"нумбер"}," снимке?"],"many":["Избришите ",{"t":"idOrVar","v":"нумбер"}," снимке?"],"one":"Брисање одабраних снимака?","other":["Избришите ",{"t":"idOrVar","v":"нумбер"}," снимке?"],"two":["Избришите ",{"t":"idOrVar","v":"нумбер"}," снимке?"]},"$x":[{"t":"idOrVar","v":"plural"},"number"]},{"$i":"settings-bitrate-8k","$v":"8K (manja veličina)"},{"$i":"settings-bitrate-44k","$v":"44K (veća veličina)"},{"$i":"settings-bitrate-err","$v":"Greška podešavanja"},{"$i":"audio-recorder-is-empty","$v":"Аудио снимач је празан, притисните Ново да бисте започели снимање."},{"$i":"audio-pick-is-empty","$v":"Нема доступних снимака"},{"$i":"input-title-enter-new-name","$v":"Unesite novo ime"},{"$i":"new-recording","$v":"Novi snimak"},{"$i":"save-input","placeholder":"Novi snimak"},{"$i":"save-audio-input","$v":"Ime"},{"$i":"audio-player-state","$v":"Reprodukcija..."},{"$i":"audio-player-state-pause","$v":""},{"$i":"audio-recorder-loading","$v":"Pretraga audio snimaka..."},{"$i":"unsupport-file-name","$v":{"$o":"Ne može da se koristi naziv sa nepodržanim znakovima: \\/:*?&quot;&lt;&gt;|"}},{"$i":"import-file-error","$v":"Ime je već zauzeto. Odaberite drugo ime"},{"$i":"import-file-exist","$v":"Ime datoteke već postoji."},{"$i":"state_storage_no_memory_card","$v":"Memorijska kartica nije nađena. Ubacite memorijsku karticu."},{"$i":"state_storage_full","$v":"Skladište telefona je puno"},{"$i":"state_storage_full_sdcard","$v":"SD kartica je puna."},{"$i":"state_storage_full_content_new","$v":"Izbrišite medijske datoteke ili podatke aplikacija da biste oslobodili prostor. Možete i da ubacite SD karticu da biste proširili skladište za medije."},{"$i":"state_storage_full_content_new_sdcard","$v":"Obrišite datoteke sa SD kartice da biste oslobodili prostor."},{"$i":"state_storage_full_content_record","$v":"Izbrišite medijske datoteke ili podatke aplikacija da biste oslobodili prostor. Možete i da ubacite SD karticu da biste proširili skladište za medije."},{"$i":"state_storage_full_content_record_sdcard","$v":"Obrišite datoteke sa SD kartice da biste oslobodili prostor."},{"$i":"state_storage_full_content_save","$v":"Izbrišite medijske datoteke ili podatke aplikacija da biste oslobodili prostor. Možete i da ubacite SD karticu da biste proširili skladište za medije."},{"$i":"state_storage_full_content_save_sdcard","$v":"Obrišite datoteke sa SD kartice da biste oslobodili prostor."},{"$i":"state_storage_in_use","$v":"Skladište se trenutno koristi. Isključite telefon sa priključka."},{"$i":"rename-same-name","$v":"Име није промењено."},{"$i":"confirmation","$v":"Potvrda"},{"$i":"discard-confirm","$v":"Одбаците снимак?"},{"$i":"invalid-confirm","$v":"Није могуће репродуковати датотеку јер није подржана или није важећа."},{"$i":"weekday-0-long","$v":"Nedelja"},{"$i":"weekday-1-long","$v":"Ponedeljak"},{"$i":"weekday-2-long","$v":"Utorak"},{"$i":"weekday-3-long","$v":"Sreda"},{"$i":"weekday-4-long","$v":"Četvrtak"},{"$i":"weekday-5-long","$v":"Petak"},{"$i":"weekday-6-long","$v":"Subota"},{"$i":"weekday-0-short","$v":"Ned"},{"$i":"weekday-1-short","$v":"Pon"},{"$i":"weekday-2-short","$v":"Uto"},{"$i":"weekday-3-short","$v":"Sre"},{"$i":"weekday-4-short","$v":"Čet"},{"$i":"weekday-5-short","$v":"Pet"},{"$i":"weekday-6-short","$v":"Sub"},{"$i":"month-0-long","$v":"Januar"},{"$i":"month-1-long","$v":"Februar"},{"$i":"month-2-long","$v":"Mart"},{"$i":"month-3-long","$v":"April"},{"$i":"month-4-long","$v":"Maj"},{"$i":"month-5-long","$v":"Jun"},{"$i":"month-6-long","$v":"Jul"},{"$i":"month-7-long","$v":"Avgust"},{"$i":"month-8-long","$v":"Septembar"},{"$i":"month-9-long","$v":"Oktobar"},{"$i":"month-10-long","$v":"Novembar"},{"$i":"month-11-long","$v":"Decembar"},{"$i":"month-0-genitive","$v":"Januar"},{"$i":"month-1-genitive","$v":"Februar"},{"$i":"month-2-genitive","$v":"Mart"},{"$i":"month-3-genitive","$v":"April"},{"$i":"month-4-genitive","$v":"Maj"},{"$i":"month-5-genitive","$v":"Jun"},{"$i":"month-6-genitive","$v":"Jul"},{"$i":"month-7-genitive","$v":"Avgust"},{"$i":"month-8-genitive","$v":"Septembar"},{"$i":"month-9-genitive","$v":"Oktobar"},{"$i":"month-10-genitive","$v":"Novembar"},{"$i":"month-11-genitive","$v":"Decembar"},{"$i":"month-0-short","$v":"Jan"},{"$i":"month-1-short","$v":"Feb"},{"$i":"month-2-short","$v":"Mar"},{"$i":"month-3-short","$v":"Apr"},{"$i":"month-4-short","$v":"Maj"},{"$i":"month-5-short","$v":"Jun"},{"$i":"month-6-short","$v":"Jul"},{"$i":"month-7-short","$v":"Avg"},{"$i":"month-8-short","$v":"Sep"},{"$i":"month-9-short","$v":"Okt"},{"$i":"month-10-short","$v":"Nov"},{"$i":"month-11-short","$v":"Dec"},{"$i":"minutes-ago-long","$v":{"few":["Pre ",{"t":"idOrVar","v":"value"}," minuta"],"many":["Pre ",{"t":"idOrVar","v":"value"}," minuta"],"other":["Pre ",{"t":"idOrVar","v":"value"}," minuta"],"two":["Pre ",{"t":"idOrVar","v":"value"}," minuta"],"one":"pre jednog minuta","zero":"malopre"},"$x":[{"t":"idOrVar","v":"plural"},"value"]},{"$i":"hours-ago-long","$v":{"few":["Pre ovoliko sati: ",{"t":"idOrVar","v":"value"}],"many":["Pre ovoliko sati: ",{"t":"idOrVar","v":"value"}],"other":["Pre ovoliko sati: ",{"t":"idOrVar","v":"value"}],"two":["Pre ovoliko sati: ",{"t":"idOrVar","v":"value"}],"one":"пре 1 сат","zero":"malopre"},"$x":[{"t":"idOrVar","v":"plural"},"value"]},{"$i":"days-ago-long","$v":{"few":["Pre ",{"t":"idOrVar","v":"value"}," dana"],"many":["Pre ",{"t":"idOrVar","v":"value"}," dana"],"one":"juče","other":["Pre ",{"t":"idOrVar","v":"value"}," dana"],"two":["Pre ",{"t":"idOrVar","v":"value"}," dana"],"zero":"danas"},"$x":[{"t":"idOrVar","v":"plural"},"value"]},{"$i":"weeks-ago-long","$v":{"few":["Pre ovoliko nedelja: ",{"t":"idOrVar","v":"value"}],"many":["Pre ovoliko nedelja: ",{"t":"idOrVar","v":"value"}],"one":"prošle nedelje","other":["Pre ovoliko nedelja: ",{"t":"idOrVar","v":"value"}],"two":["Pre ovoliko nedelja: ",{"t":"idOrVar","v":"value"}],"zero":"ove nedelje"},"$x":[{"t":"idOrVar","v":"plural"},"value"]},{"$i":"months-ago-long","$v":{"few":["Pre ovoliko meseci: ",{"t":"idOrVar","v":"value"}],"many":["Pre ovoliko meseci: ",{"t":"idOrVar","v":"value"}],"one":"prošli mesec","other":["Pre ovoliko meseci: ",{"t":"idOrVar","v":"value"}],"two":["Pre ovoliko meseci: ",{"t":"idOrVar","v":"value"}],"zero":"ovog meseca"},"$x":[{"t":"idOrVar","v":"plural"},"value"]},{"$i":"years-ago-long","$v":{"few":["Pre ovoliko godina: ",{"t":"idOrVar","v":"value"}],"many":["Pre ovoliko godina: ",{"t":"idOrVar","v":"value"}],"one":"prošle godine","other":["Pre ovoliko godina: ",{"t":"idOrVar","v":"value"}],"two":["Pre ovoliko godina: ",{"t":"idOrVar","v":"value"}],"zero":"ove godine"},"$x":[{"t":"idOrVar","v":"plural"},"value"]},{"$i":"minutes-until-long","$v":{"few":["za ",{"t":"idOrVar","v":"value"}," minuta"],"many":["za ",{"t":"idOrVar","v":"value"}," minuta"],"other":["za ",{"t":"idOrVar","v":"value"}," minuta"],"two":["za ",{"t":"idOrVar","v":"value"}," minuta"],"zero":"sada","one":"за 1 минут"},"$x":[{"t":"idOrVar","v":"plural"},"value"]},{"$i":"hours-until-long","$v":{"few":["za ",{"t":"idOrVar","v":"value"}," sata/i"],"many":["za ",{"t":"idOrVar","v":"value"}," sata/i"],"other":["za ",{"t":"idOrVar","v":"value"}," sata/i"],"two":["za ",{"t":"idOrVar","v":"value"}," sata/i"],"zero":"sada","one":"за 1 сат"},"$x":[{"t":"idOrVar","v":"plural"},"value"]},{"$i":"days-until-long","$v":{"few":["za ",{"t":"idOrVar","v":"value"}," dana"],"many":["za ",{"t":"idOrVar","v":"value"}," dana"],"one":"sutra","other":["za ",{"t":"idOrVar","v":"value"}," dana"],"two":["za ",{"t":"idOrVar","v":"value"}," dana"],"zero":"danas"},"$x":[{"t":"idOrVar","v":"plural"},"value"]},{"$i":"weeks-until-long","$v":{"few":["za ",{"t":"idOrVar","v":"value"}," nedelje/a"],"many":["za ",{"t":"idOrVar","v":"value"}," nedelje/a"],"one":"sledeća nedelja","other":["za ",{"t":"idOrVar","v":"value"}," nedelje/a"],"two":["za ",{"t":"idOrVar","v":"value"}," nedelje/a"],"zero":"ove nedelje"},"$x":[{"t":"idOrVar","v":"plural"},"value"]},{"$i":"months-until-long","$v":{"few":["za ",{"t":"idOrVar","v":"value"}," meseca/i"],"many":["za ",{"t":"idOrVar","v":"value"}," meseca/i"],"one":"sledeći mesec","other":["za ",{"t":"idOrVar","v":"value"}," meseca/i"],"two":["za ",{"t":"idOrVar","v":"value"}," meseca/i"],"zero":"ovog meseca"},"$x":[{"t":"idOrVar","v":"plural"},"value"]},{"$i":"years-until-long","$v":{"few":["za ",{"t":"idOrVar","v":"value"}," godine/a"],"many":["za ",{"t":"idOrVar","v":"value"}," godine/a"],"one":"sledeća godina","other":["za ",{"t":"idOrVar","v":"value"}," godine/a"],"two":["za ",{"t":"idOrVar","v":"value"}," godine/a"],"zero":"ove godine"},"$x":[{"t":"idOrVar","v":"plural"},"value"]},{"$i":"minutes-ago-short","$v":{"other":["Pre ",{"t":"idOrVar","v":"value"}," m"],"zero":"malopre"},"$x":[{"t":"idOrVar","v":"plural"},"value"]},{"$i":"hours-ago-short","$v":{"other":["Pre ",{"t":"idOrVar","v":"value"}," h"],"zero":"malopre"},"$x":[{"t":"idOrVar","v":"plural"},"value"]},{"$i":"days-ago-short","$v":{"other":["Pre ",{"t":"idOrVar","v":"value"}," d"],"zero":"danas"},"$x":[{"t":"idOrVar","v":"plural"},"value"]},{"$i":"minutes-until-short","$v":{"other":["za ",{"t":"idOrVar","v":"value"}," m"],"zero":"sada"},"$x":[{"t":"idOrVar","v":"plural"},"value"]},{"$i":"hours-until-short","$v":{"other":["za ",{"t":"idOrVar","v":"value"}," h"],"zero":"sada"},"$x":[{"t":"idOrVar","v":"plural"},"value"]},{"$i":"days-until-short","$v":{"other":["za ",{"t":"idOrVar","v":"value"}," d"],"zero":"danas"},"$x":[{"t":"idOrVar","v":"plural"},"value"]},{"$i":"incorrectDate","$v":"(netačan datum)"},{"$i":"dateTimeFormat_%c","$v":"%a %b %e %Y %I:%M:%S %p"},{"$i":"dateTimeFormat_%x","$v":"%m/%d/%Y"},{"$i":"dateTimeFormat_%X","$v":"%I:%M:%S %p"},{"$i":"shortTimeFormat","$v":"%I:%M %p"},{"$i":"shortTimeFormat12","$v":"%I:%M %p"},{"$i":"shortTimeFormat24","$v":"%H:%M"},{"$i":"shortDateTimeFormat","$v":"%x %I:%M %p"},{"$i":"weekStartsOnMonday","$v":"0.0"},{"$i":"firstDayOfTheWeek","$v":"1.0"},{"$i":"time_am","$v":"AM"},{"$i":"time_pm","$v":"Posle podne"}]