[{"$i":"toast-audio-save","$v":[{"t":"idOrVar","v":"name"}," sparad."]},{"$i":"toast-audio-discarded","$v":"Inspelning ignorerad"},{"$i":"toast-save-rate","$v":"Ändringar sparade."},{"$i":"toast-audio-deleted","$v":"Inspelning borttagen"},{"$i":"toast-audio-files-deleted","$v":"Ljudfiler raderade."},{"$i":"toast-audio-rename-ok","$v":"Namn ändrat"},{"$i":"toast-audio-rename-failed","$v":"Namnbyte misslyckades"},{"$i":"toast-audio-rename-empty-or-only-space","$v":"Det nya namnet kan inte vara tomt eller bara utrymme."},{"$i":"toast-music-library-save","$v":[{"t":"idOrVar","v":"name"}," Sparat i musikbiblioteket"]},{"$i":"toast-audio-import-save","$v":[{"t":"idOrVar","v":"name"}," har sparats i inspelaren."]},{"$i":"toast-audio-save-failed","$v":"Sparat misslyckades."},{"$i":"new","$v":"Ny"},{"$i":"option","$v":"Alternativ"},{"$i":"play","$v":"Spela upp"},{"$i":"ok","$v":"OK"},{"$i":"options","$v":"Alternativ"},{"$i":"back","$v":"Tillbaka"},{"$i":"pause","$v":"Paus"},{"$i":"cancel","$v":"Avbryt"},{"$i":"delete","$v":"Ta bort"},{"$i":"done","$v":"Klar"},{"$i":"save","$v":"Spara"},{"$i":"discard","$v":"Kasta bort"},{"$i":"all","$v":"Alla"},{"$i":"deselect","$v":"Avmarkera"},{"$i":"none","$v":"Inget"},{"$i":"select","$v":"Välj"},{"$i":"menu-header-options","$v":"Alternativ"},{"$i":"menu-header-option","$v":"Alternativ"},{"$i":"menu-delete","$v":"Ta bort"},{"$i":"menu-share","$v":"Dela"},{"$i":"menu-rename","$v":"Byt namn"},{"$i":"menu-save-as-ringtone","$v":"Spara som ringsignal"},{"$i":"menu-settings","$v":"Inställningar"},{"$i":"menu-volume","$v":"Volym"},{"$i":"menu-save-to-music-library","$v":"Spara till musikbibliotek"},{"$i":"menu-select-multiple","$v":"Markera flera"},{"$i":"number-selected","$v":{"few":[{"t":"idOrVar","v":"number"}," valda"],"many":[{"t":"idOrVar","v":"number"}," valda"],"one":[{"t":"idOrVar","v":"number"}," valda"],"other":[{"t":"idOrVar","v":"number"}," valda"],"two":[{"t":"idOrVar","v":"number"}," valda"],"zero":[{"t":"idOrVar","v":"number"}," valda"]},"$x":[{"t":"idOrVar","v":"plural"},"number"]},{"$i":"title-audio-list","$v":"Ljudinspelare"},{"$i":"title-rename","$v":"Byt namn"},{"$i":"title-settings","$v":"Inställningar"},{"$i":"title-save-confirmation","$v":"Bekräftelse"},{"$i":"title-delete-confirmation","$v":"Bekräftelse"},{"$i":"title-recording-bitrate","$v":"Inspelningshastighet"},{"$i":"title-pick-audio-list","$v":"Välj en inspelning"},{"$i":"dialog-delete-audio-file","$v":"Ta bort ljudfilen?"},{"$i":"dialog-save-audio-recording","$v":"Spara ljudinspelningen?"},{"$i":"dialog-delete-select-audio","$v":{"few":"0.0","many":"0.0","one":"0.0","other":"0.0","two":"0.0"},"$x":[{"t":"idOrVar","v":"plural"},"number"]},{"$i":"settings-bitrate-8k","$v":"8K (mindre storlek)"},{"$i":"settings-bitrate-44k","$v":"44K (större storlek)"},{"$i":"settings-bitrate-err","$v":"Inställningsfel"},{"$i":"audio-recorder-is-empty","$v":"Ljudinspelaren är tom, tryck på Ny för att starta inspelningen."},{"$i":"audio-pick-is-empty","$v":"Inga inspelningar tillgängliga."},{"$i":"input-title-enter-new-name","$v":"Ange nytt namn"},{"$i":"new-recording","$v":"Ny inspelning"},{"$i":"save-input","placeholder":"Ny inspelning"},{"$i":"save-audio-input","$v":"Namn"},{"$i":"audio-player-state","$v":"Spelar..."},{"$i":"audio-player-state-pause","$v":""},{"$i":"audio-recorder-loading","$v":"Söker efter ljudinspelningar..."},{"$i":"unsupport-file-name","$v":{"$o":"Det går inte att använda ett namn med otillåtna tecken: \\/:*?&quot;&lt;&gt;|"}},{"$i":"import-file-error","$v":"Namnet är redan taget. Välj ett annat namn."},{"$i":"import-file-exist","$v":"Filnamnet finns redan."},{"$i":"state_storage_no_memory_card","$v":"Kunde inte hitta minneskort. Sätt i ett minneskort."},{"$i":"state_storage_full","$v":"Telefonens minne fullt"},{"$i":"state_storage_full_sdcard","$v":"SD-kortet är fullt."},{"$i":"state_storage_full_content_new","$v":"Ta bort mediefiler eller programdata för att frigöra lagringsutrymme. Du kan även sätta i ett SD-kort för att få mer plats för medielagring."},{"$i":"state_storage_full_content_new_sdcard","$v":"Ta bort filer på SD-kortet för att frigöra utrymme."},{"$i":"state_storage_full_content_record","$v":"Ta bort mediefiler eller programdata för att frigöra lagringsutrymme. Du kan även sätta i ett SD-kort för att få mer plats för medielagring."},{"$i":"state_storage_full_content_record_sdcard","$v":"Ta bort filer på SD-kortet för att frigöra utrymme."},{"$i":"state_storage_full_content_save","$v":"Ta bort mediefiler eller programdata för att frigöra lagringsutrymme. Du kan även sätta i ett SD-kort för att få mer plats för medielagring."},{"$i":"state_storage_full_content_save_sdcard","$v":"Ta bort filer på SD-kortet för att frigöra utrymme."},{"$i":"state_storage_in_use","$v":"Lagringsutrymmet används just nu. Koppla från telefonen."},{"$i":"rename-same-name","$v":"Namnet oförändrat."},{"$i":"confirmation","$v":"Bekräftelse"},{"$i":"discard-confirm","$v":"Kasta inspelningen?"},{"$i":"invalid-confirm","$v":"Det går inte att spela fil eftersom den inte stöds eller ogiltig."},{"$i":"weekday-0-long","$v":"Söndag"},{"$i":"weekday-1-long","$v":"Måndag"},{"$i":"weekday-2-long","$v":"Tisdag"},{"$i":"weekday-3-long","$v":"Onsdag"},{"$i":"weekday-4-long","$v":"Torsdag"},{"$i":"weekday-5-long","$v":"Fredag"},{"$i":"weekday-6-long","$v":"Lördag"},{"$i":"weekday-0-short","$v":"Sön"},{"$i":"weekday-1-short","$v":"Mån"},{"$i":"weekday-2-short","$v":"Tis"},{"$i":"weekday-3-short","$v":"Ons"},{"$i":"weekday-4-short","$v":"Tor"},{"$i":"weekday-5-short","$v":"Fre"},{"$i":"weekday-6-short","$v":"Lör"},{"$i":"month-0-long","$v":"Januari"},{"$i":"month-1-long","$v":"Februari"},{"$i":"month-2-long","$v":"Mars"},{"$i":"month-3-long","$v":"April"},{"$i":"month-4-long","$v":"Maj"},{"$i":"month-5-long","$v":"Juni"},{"$i":"month-6-long","$v":"Juli"},{"$i":"month-7-long","$v":"Augusti"},{"$i":"month-8-long","$v":"September"},{"$i":"month-9-long","$v":"Oktober"},{"$i":"month-10-long","$v":"November"},{"$i":"month-11-long","$v":"December"},{"$i":"month-0-genitive","$v":"Januari"},{"$i":"month-1-genitive","$v":"Februari"},{"$i":"month-2-genitive","$v":"Mars"},{"$i":"month-3-genitive","$v":"April"},{"$i":"month-4-genitive","$v":"Maj"},{"$i":"month-5-genitive","$v":"Juni"},{"$i":"month-6-genitive","$v":"Juli"},{"$i":"month-7-genitive","$v":"Augusti"},{"$i":"month-8-genitive","$v":"September"},{"$i":"month-9-genitive","$v":"Oktober"},{"$i":"month-10-genitive","$v":"November"},{"$i":"month-11-genitive","$v":"December"},{"$i":"month-0-short","$v":"Jan"},{"$i":"month-1-short","$v":"Feb"},{"$i":"month-2-short","$v":"Mar"},{"$i":"month-3-short","$v":"Apr"},{"$i":"month-4-short","$v":"Maj"},{"$i":"month-5-short","$v":"Jun"},{"$i":"month-6-short","$v":"Jul"},{"$i":"month-7-short","$v":"Aug"},{"$i":"month-8-short","$v":"Sep"},{"$i":"month-9-short","$v":"Okt"},{"$i":"month-10-short","$v":"Nov"},{"$i":"month-11-short","$v":"Dec"},{"$i":"minutes-ago-long","$v":{"few":[{"t":"idOrVar","v":"value"}," minuter sedan"],"many":[{"t":"idOrVar","v":"value"}," minuter sedan"],"other":[{"t":"idOrVar","v":"value"}," minuter sedan"],"two":[{"t":"idOrVar","v":"value"}," minuter sedan"],"one":"en minut sedan","zero":"just nu"},"$x":[{"t":"idOrVar","v":"plural"},"value"]},{"$i":"hours-ago-long","$v":{"few":[{"t":"idOrVar","v":"value"}," timmar sedan"],"many":[{"t":"idOrVar","v":"value"}," timmar sedan"],"other":[{"t":"idOrVar","v":"value"}," timmar sedan"],"two":[{"t":"idOrVar","v":"value"}," timmar sedan"],"one":"1 timme sedan","zero":"just nu"},"$x":[{"t":"idOrVar","v":"plural"},"value"]},{"$i":"days-ago-long","$v":{"few":[{"t":"idOrVar","v":"value"}," dagar sedan"],"many":[{"t":"idOrVar","v":"value"}," dagar sedan"],"one":"igår","other":[{"t":"idOrVar","v":"value"}," dagar sedan"],"two":[{"t":"idOrVar","v":"value"}," dagar sedan"],"zero":"idag"},"$x":[{"t":"idOrVar","v":"plural"},"value"]},{"$i":"weeks-ago-long","$v":{"few":[{"t":"idOrVar","v":"value"}," veckor sedan"],"many":[{"t":"idOrVar","v":"value"}," veckor sedan"],"one":"förra veckan","other":[{"t":"idOrVar","v":"value"}," veckor sedan"],"two":[{"t":"idOrVar","v":"value"}," veckor sedan"],"zero":"den här veckan"},"$x":[{"t":"idOrVar","v":"plural"},"value"]},{"$i":"months-ago-long","$v":{"few":[{"t":"idOrVar","v":"value"}," månader sedan"],"many":[{"t":"idOrVar","v":"value"}," månader sedan"],"one":"förra månaden","other":[{"t":"idOrVar","v":"value"}," månader sedan"],"two":[{"t":"idOrVar","v":"value"}," månader sedan"],"zero":"den här månaden"},"$x":[{"t":"idOrVar","v":"plural"},"value"]},{"$i":"years-ago-long","$v":{"few":[{"t":"idOrVar","v":"value"}," år sedan"],"many":[{"t":"idOrVar","v":"value"}," år sedan"],"one":"förra året","other":[{"t":"idOrVar","v":"value"}," år sedan"],"two":[{"t":"idOrVar","v":"value"}," år sedan"],"zero":"det här året"},"$x":[{"t":"idOrVar","v":"plural"},"value"]},{"$i":"minutes-until-long","$v":{"few":["om ",{"t":"idOrVar","v":"value"}," minuter"],"many":["om ",{"t":"idOrVar","v":"value"}," minuter"],"other":["om ",{"t":"idOrVar","v":"value"}," minuter"],"two":["om ",{"t":"idOrVar","v":"value"}," minuter"],"zero":"nu","one":"på 1 minut"},"$x":[{"t":"idOrVar","v":"plural"},"value"]},{"$i":"hours-until-long","$v":{"few":["om ",{"t":"idOrVar","v":"value"}," timmar"],"many":["om ",{"t":"idOrVar","v":"value"}," timmar"],"other":["om ",{"t":"idOrVar","v":"value"}," timmar"],"two":["om ",{"t":"idOrVar","v":"value"}," timmar"],"zero":"nu","one":"om 1 timme"},"$x":[{"t":"idOrVar","v":"plural"},"value"]},{"$i":"days-until-long","$v":{"few":["om ",{"t":"idOrVar","v":"value"}," dagar"],"many":["om ",{"t":"idOrVar","v":"value"}," dagar"],"one":"imorgon","other":["om ",{"t":"idOrVar","v":"value"}," dagar"],"two":["om ",{"t":"idOrVar","v":"value"}," dagar"],"zero":"idag"},"$x":[{"t":"idOrVar","v":"plural"},"value"]},{"$i":"weeks-until-long","$v":{"few":["om ",{"t":"idOrVar","v":"value"}," veckor"],"many":["om ",{"t":"idOrVar","v":"value"}," veckor"],"one":"nästa vecka","other":["om ",{"t":"idOrVar","v":"value"}," veckor"],"two":["om ",{"t":"idOrVar","v":"value"}," veckor"],"zero":"den här veckan"},"$x":[{"t":"idOrVar","v":"plural"},"value"]},{"$i":"months-until-long","$v":{"few":["om ",{"t":"idOrVar","v":"value"}," månader"],"many":["om ",{"t":"idOrVar","v":"value"}," månader"],"one":"nästa månad","other":["om ",{"t":"idOrVar","v":"value"}," månader"],"two":["om ",{"t":"idOrVar","v":"value"}," månader"],"zero":"den här månaden"},"$x":[{"t":"idOrVar","v":"plural"},"value"]},{"$i":"years-until-long","$v":{"few":["om ",{"t":"idOrVar","v":"value"}," år"],"many":["om ",{"t":"idOrVar","v":"value"}," år"],"one":"nästa år","other":["om ",{"t":"idOrVar","v":"value"}," år"],"two":["om ",{"t":"idOrVar","v":"value"}," år"],"zero":"det här året"},"$x":[{"t":"idOrVar","v":"plural"},"value"]},{"$i":"minutes-ago-short","$v":{"other":[{"t":"idOrVar","v":"value"}," m sedan"],"zero":"just nu"},"$x":[{"t":"idOrVar","v":"plural"},"value"]},{"$i":"hours-ago-short","$v":{"other":[{"t":"idOrVar","v":"value"}," tim. sedan"],"zero":"just nu"},"$x":[{"t":"idOrVar","v":"plural"},"value"]},{"$i":"days-ago-short","$v":{"other":[{"t":"idOrVar","v":"value"}," d sedan"],"zero":"idag"},"$x":[{"t":"idOrVar","v":"plural"},"value"]},{"$i":"minutes-until-short","$v":{"other":["om ",{"t":"idOrVar","v":"value"}," min."],"zero":"nu"},"$x":[{"t":"idOrVar","v":"plural"},"value"]},{"$i":"hours-until-short","$v":{"other":["om ",{"t":"idOrVar","v":"value"}," tim."],"zero":"nu"},"$x":[{"t":"idOrVar","v":"plural"},"value"]},{"$i":"days-until-short","$v":{"other":["om ",{"t":"idOrVar","v":"value"}," dag"],"zero":"idag"},"$x":[{"t":"idOrVar","v":"plural"},"value"]},{"$i":"incorrectDate","$v":"(fel datum)"},{"$i":"dateTimeFormat_%c","$v":"%a %b %e %Y %I:%M:%S %p"},{"$i":"dateTimeFormat_%x","$v":"%m/%d/%Y"},{"$i":"dateTimeFormat_%X","$v":"%I:%M:%S %p"},{"$i":"shortTimeFormat","$v":"%I:%M %p"},{"$i":"shortTimeFormat12","$v":"%I:%M %p"},{"$i":"shortTimeFormat24","$v":"%H:%M"},{"$i":"shortDateTimeFormat","$v":"%x %I:%M %p"},{"$i":"weekStartsOnMonday","$v":"0.0"},{"$i":"firstDayOfTheWeek","$v":"1.0"},{"$i":"time_am","$v":"am"},{"$i":"time_pm","$v":"PM"}]