[{"$i":"toast-audio-save","$v":[{"t":"idOrVar","v":"name"},"limehifadhiwa."]},{"$i":"toast-audio-discarded","$v":"Rekodi imetupwa."},{"$i":"toast-save-rate","$v":"Mabadiliko yamehifadhiwa."},{"$i":"toast-audio-deleted","$v":"Faili ya sauti imefutwa."},{"$i":"toast-audio-files-deleted","$v":"Faili za sauti zimefutwa."},{"$i":"toast-audio-rename-ok","$v":"Jina limebadilishwa."},{"$i":"toast-audio-rename-failed","$v":"Ubadilishaji wa Jina Haujafaulu."},{"$i":"toast-audio-rename-empty-or-only-space","$v":"Jina jipya haliwezi kuwa tupu au kuwa nafasi pekee."},{"$i":"toast-music-library-save","$v":[{"t":"idOrVar","v":"name"}," Imehifadhiwa kwenye maktaba ya muziki"]},{"$i":"toast-audio-import-save","$v":[{"t":"idOrVar","v":"name"}," Imehifadhiwa katika Rekoda."]},{"$i":"toast-audio-save-failed","$v":"Imeshindwa kuhifadhi."},{"$i":"new","$v":"Mpya"},{"$i":"option","$v":"Chaguo"},{"$i":"play","$v":"Cheza"},{"$i":"ok","$v":"SAWA"},{"$i":"options","$v":"Chaguo"},{"$i":"back","$v":"Nyuma"},{"$i":"pause","$v":"Simamisha"},{"$i":"cancel","$v":"Ghairi"},{"$i":"delete","$v":"Futa"},{"$i":"done","$v":"Gotoka"},{"$i":"save","$v":"Hifadhi"},{"$i":"discard","$v":"Tupa"},{"$i":"all","$v":"Zote"},{"$i":"deselect","$v":"Tengua uteuzi"},{"$i":"none","$v":"Hamna"},{"$i":"select","$v":"Chagua"},{"$i":"menu-header-options","$v":"Chaguo"},{"$i":"menu-header-option","$v":"Chaguo"},{"$i":"menu-delete","$v":"Futa"},{"$i":"menu-share","$v":"Shiriki"},{"$i":"menu-rename","$v":"Badilisha jina"},{"$i":"menu-save-as-ringtone","$v":"Hifadhi kama mlio"},{"$i":"menu-settings","$v":"Mipangilio"},{"$i":"menu-volume","$v":"Kiwango-sauti"},{"$i":"menu-save-to-music-library","$v":"Hifadhi kwenye maktaba ya muziki"},{"$i":"menu-select-multiple","$v":"Chagua Picha Nyingi"},{"$i":"number-selected","$v":{"few":[{"t":"idOrVar","v":"number"}," Zimechaguliwa"],"many":[{"t":"idOrVar","v":"number"}," Zimechaguliwa"],"one":[{"t":"idOrVar","v":"number"}," Zimechaguliwa"],"other":[{"t":"idOrVar","v":"number"}," Zimechaguliwa"],"two":[{"t":"idOrVar","v":"number"}," Zimechaguliwa"],"zero":[{"t":"idOrVar","v":"number"}," Zimechaguliwa"]},"$x":[{"t":"idOrVar","v":"plural"},"number"]},{"$i":"title-audio-list","$v":"Kinasa sauti"},{"$i":"title-rename","$v":"Badilisha jina"},{"$i":"title-settings","$v":"Mipangilio"},{"$i":"title-save-confirmation","$v":"Uthibitishaji"},{"$i":"title-delete-confirmation","$v":"Uthibitishaji"},{"$i":"title-recording-bitrate","$v":"Kiwango cha Kurekodi"},{"$i":"title-pick-audio-list","$v":"Chagua Rekodi"},{"$i":"dialog-delete-audio-file","$v":"Unataka kufuta faili ya sauti?"},{"$i":"dialog-save-audio-recording","$v":"Ungependa kuhifadhi rekodi ya sauti?"},{"$i":"dialog-delete-select-audio","$v":{"few":["Ungependa kufuta rekodi ",{"t":"idOrVar","v":"number"},"?"],"many":["Ungependa kufuta rekodi ",{"t":"idOrVar","v":"number"},"?"],"one":"Ungependa kufuta rekodi uliyochagua?","other":["Ungependa kufuta rekodi ",{"t":"idOrVar","v":"number"},"?"],"two":["Ungependa kufuta rekodi ",{"t":"idOrVar","v":"number"},"?"]},"$x":[{"t":"idOrVar","v":"plural"},"number"]},{"$i":"settings-bitrate-8k","$v":"8K (Ndogo zaidi)"},{"$i":"settings-bitrate-44k","$v":"44K (Kubwa zaidi)"},{"$i":"settings-bitrate-err","$v":"Hitilafu ya Uwekaji"},{"$i":"audio-recorder-is-empty","$v":"Rekoda ya sauti haina kitu, bonyeza Mpya uanze kurekodi."},{"$i":"audio-pick-is-empty","$v":"Hakuna rekodi zinazopatikana."},{"$i":"input-title-enter-new-name","$v":"Ingiza jina lipya"},{"$i":"new-recording","$v":"Rekodi Mpya"},{"$i":"save-input","placeholder":"Rekodi Mpya"},{"$i":"save-audio-input","$v":"Jina"},{"$i":"audio-player-state","$v":"Inachezesha..."},{"$i":"audio-player-state-pause","$v":""},{"$i":"audio-recorder-loading","$v":"Inatafuta rekodi za sauti..."},{"$i":"unsupport-file-name","$v":{"$o":"Huwezi kutumia jina lililo na herufi zisizotumika. \\/:*?\"<>|"}},{"$i":"import-file-error","$v":"Jina hili tayari linatumika. Chagua jina lingine"},{"$i":"import-file-exist","$v":"Tayari jina la faili lipo."},{"$i":"state_storage_no_memory_card","$v":"Kadi ya kumbukumbu haipatikani. Tafadhali ingiza kadi ya kumbukumbu."},{"$i":"state_storage_full","$v":"Hifadhi ya Simu Imejaa"},{"$i":"state_storage_full_sdcard","$v":"SD Kadi Imejaa"},{"$i":"state_storage_full_content_new","$v":"Futa faili za midia au data za programu ili kutayarisha hifadhi. Unaweza pia kuingiza kadi ya SD ili kuongeza hifadhi ya midia."},{"$i":"state_storage_full_content_new_sdcard","$v":"Futa faili katika kadi ya SD ili kutayarisha nafasi."},{"$i":"state_storage_full_content_record","$v":"Futa faili za midia au data za programu ili kutayarisha hifadhi. Unaweza pia kuingiza kadi ya SD ili kuongeza hifadhi ya midia."},{"$i":"state_storage_full_content_record_sdcard","$v":"Futa faili katika kadi ya SD ili kutayarisha nafasi."},{"$i":"state_storage_full_content_save","$v":"Futa faili za midia au data za programu ili kutayarisha hifadhi. Unaweza pia kuingiza kadi ya SD ili kuongeza hifadhi ya midia."},{"$i":"state_storage_full_content_save_sdcard","$v":"Futa faili katika kadi ya SD ili kutayarisha nafasi."},{"$i":"state_storage_in_use","$v":"Hifadhi inatumika kwa sasa. Tafadhali chomoa simu."},{"$i":"rename-same-name","$v":"Jina halijabadilishwa."},{"$i":"confirmation","$v":"Uthibitishaji"},{"$i":"discard-confirm","$v":"Futa rekodi hii?"},{"$i":"invalid-confirm","$v":"Haijaweza kucheza faili kwa sababu haikubaliki au si halali."},{"$i":"weekday-0-long","$v":"Jumapili"},{"$i":"weekday-1-long","$v":"Jumatatu"},{"$i":"weekday-2-long","$v":"Jumanne"},{"$i":"weekday-3-long","$v":"Jumatano"},{"$i":"weekday-4-long","$v":"Alhamisi"},{"$i":"weekday-5-long","$v":"Ijumaa"},{"$i":"weekday-6-long","$v":"Jumamosi"},{"$i":"weekday-0-short","$v":"Jumapili"},{"$i":"weekday-1-short","$v":"Jumatatu"},{"$i":"weekday-2-short","$v":"Jumanne"},{"$i":"weekday-3-short","$v":"Jumatano"},{"$i":"weekday-4-short","$v":"Alhamisi"},{"$i":"weekday-5-short","$v":"Ijumaa"},{"$i":"weekday-6-short","$v":"Jumamosi"},{"$i":"month-0-long","$v":"Januari"},{"$i":"month-1-long","$v":"Februari"},{"$i":"month-2-long","$v":"Machi"},{"$i":"month-3-long","$v":"Aprili"},{"$i":"month-4-long","$v":"Mei"},{"$i":"month-5-long","$v":"Juni"},{"$i":"month-6-long","$v":"Julai"},{"$i":"month-7-long","$v":"Agosti"},{"$i":"month-8-long","$v":"Septemba"},{"$i":"month-9-long","$v":"Oktoba"},{"$i":"month-10-long","$v":"Novemba"},{"$i":"month-11-long","$v":"Desemba"},{"$i":"month-0-genitive","$v":"Januari"},{"$i":"month-1-genitive","$v":"Februari"},{"$i":"month-2-genitive","$v":"Machi"},{"$i":"month-3-genitive","$v":"Aprili"},{"$i":"month-4-genitive","$v":"Mei"},{"$i":"month-5-genitive","$v":"Juni"},{"$i":"month-6-genitive","$v":"Julai"},{"$i":"month-7-genitive","$v":"Agosti"},{"$i":"month-8-genitive","$v":"Septemba"},{"$i":"month-9-genitive","$v":"Oktoba"},{"$i":"month-10-genitive","$v":"Novemba"},{"$i":"month-11-genitive","$v":"Desemba"},{"$i":"month-0-short","$v":"Januari"},{"$i":"month-1-short","$v":"Februari"},{"$i":"month-2-short","$v":"Machi"},{"$i":"month-3-short","$v":"Aprili"},{"$i":"month-4-short","$v":"Mei"},{"$i":"month-5-short","$v":"Juni"},{"$i":"month-6-short","$v":"Julai"},{"$i":"month-7-short","$v":"Agosti"},{"$i":"month-8-short","$v":"Septemba"},{"$i":"month-9-short","$v":"Oktoba"},{"$i":"month-10-short","$v":"Novemba"},{"$i":"month-11-short","$v":"Disemba"},{"$i":"minutes-ago-long","$v":{"few":["dakika ",{"t":"idOrVar","v":"value"}," zilizopita"],"many":["dakika ",{"t":"idOrVar","v":"value"}," zilizopita"],"other":["dakika ",{"t":"idOrVar","v":"value"}," zilizopita"],"two":["dakika ",{"t":"idOrVar","v":"value"}," zilizopita"],"one":"dakika moja iliyopita","zero":"Sasa Hivi"},"$x":[{"t":"idOrVar","v":"plural"},"value"]},{"$i":"hours-ago-long","$v":{"few":["saa ",{"t":"idOrVar","v":"value"}," zilizopita"],"many":["saa ",{"t":"idOrVar","v":"value"}," zilizopita"],"other":["saa ",{"t":"idOrVar","v":"value"}," zilizopita"],"two":["saa ",{"t":"idOrVar","v":"value"}," zilizopita"],"one":"saa moja iliyopita","zero":"Sasa Hivi"},"$x":[{"t":"idOrVar","v":"plural"},"value"]},{"$i":"days-ago-long","$v":{"few":["Siku ",{"t":"idOrVar","v":"value"}," zilizopita"],"many":["Siku ",{"t":"idOrVar","v":"value"}," zilizopita"],"one":"jana","other":["Siku ",{"t":"idOrVar","v":"value"}," zilizopita"],"two":["Siku ",{"t":"idOrVar","v":"value"}," zilizopita"],"zero":"leo"},"$x":[{"t":"idOrVar","v":"plural"},"value"]},{"$i":"weeks-ago-long","$v":{"few":["wiki ",{"t":"idOrVar","v":"value"}," zilizopita"],"many":["wiki ",{"t":"idOrVar","v":"value"}," zilizopita"],"one":"wiki iliyopita","other":["wiki ",{"t":"idOrVar","v":"value"}," zilizopita"],"two":["wiki ",{"t":"idOrVar","v":"value"}," zilizopita"],"zero":"wiki hii"},"$x":[{"t":"idOrVar","v":"plural"},"value"]},{"$i":"months-ago-long","$v":{"few":["miezi ",{"t":"idOrVar","v":"value"}," iliyopita"],"many":["miezi ",{"t":"idOrVar","v":"value"}," iliyopita"],"one":"mwezi uliopita","other":["miezi ",{"t":"idOrVar","v":"value"}," iliyopita"],"two":["miezi ",{"t":"idOrVar","v":"value"}," iliyopita"],"zero":"mwezi huu"},"$x":[{"t":"idOrVar","v":"plural"},"value"]},{"$i":"years-ago-long","$v":{"few":["mwaka ",{"t":"idOrVar","v":"value"}," uliopita"],"many":["mwaka ",{"t":"idOrVar","v":"value"}," uliopita"],"one":"mwaka jana","other":["mwaka ",{"t":"idOrVar","v":"value"}," uliopita"],"two":["mwaka ",{"t":"idOrVar","v":"value"}," uliopita"],"zero":"mwaka huu"},"$x":[{"t":"idOrVar","v":"plural"},"value"]},{"$i":"minutes-until-long","$v":{"few":["baada ya dakika ",{"t":"idOrVar","v":"value"}],"many":["baada ya dakika ",{"t":"idOrVar","v":"value"}],"other":["baada ya dakika ",{"t":"idOrVar","v":"value"}],"two":["baada ya dakika ",{"t":"idOrVar","v":"value"}],"zero":"sasa hivi","one":"baada ya dakika moja"},"$x":[{"t":"idOrVar","v":"plural"},"value"]},{"$i":"hours-until-long","$v":{"few":["baada ya saa ",{"t":"idOrVar","v":"value"}],"many":["baada ya saa ",{"t":"idOrVar","v":"value"}],"other":["baada ya saa ",{"t":"idOrVar","v":"value"}],"two":["baada ya saa ",{"t":"idOrVar","v":"value"}],"zero":"sasa hivi","one":"baada ya saa moja"},"$x":[{"t":"idOrVar","v":"plural"},"value"]},{"$i":"days-until-long","$v":{"few":["baada ya siku ",{"t":"idOrVar","v":"value"}],"many":["baada ya siku ",{"t":"idOrVar","v":"value"}],"one":"kesho","other":["baada ya siku ",{"t":"idOrVar","v":"value"}],"two":["baada ya siku ",{"t":"idOrVar","v":"value"}],"zero":"leo"},"$x":[{"t":"idOrVar","v":"plural"},"value"]},{"$i":"weeks-until-long","$v":{"few":["baada ya wiki ",{"t":"idOrVar","v":"value"}],"many":["baada ya wiki ",{"t":"idOrVar","v":"value"}],"one":"wiki ijayo","other":["baada ya wiki ",{"t":"idOrVar","v":"value"}],"two":["baada ya wiki ",{"t":"idOrVar","v":"value"}],"zero":"wiki hii"},"$x":[{"t":"idOrVar","v":"plural"},"value"]},{"$i":"months-until-long","$v":{"few":["baada ya miezi ",{"t":"idOrVar","v":"value"}],"many":["baada ya miezi ",{"t":"idOrVar","v":"value"}],"one":"mwezi ujao","other":["baada ya miezi ",{"t":"idOrVar","v":"value"}],"two":["baada ya miezi ",{"t":"idOrVar","v":"value"}],"zero":"mwezi huu"},"$x":[{"t":"idOrVar","v":"plural"},"value"]},{"$i":"years-until-long","$v":{"few":["baada ya miaka ",{"t":"idOrVar","v":"value"}],"many":["baada ya miaka ",{"t":"idOrVar","v":"value"}],"one":"mwaka ujao","other":["baada ya miaka ",{"t":"idOrVar","v":"value"}],"two":["baada ya miaka ",{"t":"idOrVar","v":"value"}],"zero":"mwaka huu"},"$x":[{"t":"idOrVar","v":"plural"},"value"]},{"$i":"minutes-ago-short","$v":{"other":["dakika ",{"t":"idOrVar","v":"value"}," iliyopita"],"zero":"Sasa Hivi"},"$x":[{"t":"idOrVar","v":"plural"},"value"]},{"$i":"hours-ago-short","$v":{"other":["saa ",{"t":"idOrVar","v":"value"}," iliyopita"],"zero":"Sasa Hivi"},"$x":[{"t":"idOrVar","v":"plural"},"value"]},{"$i":"days-ago-short","$v":{"other":["Siku ",{"t":"idOrVar","v":"value"}," iliyopita"],"zero":"leo"},"$x":[{"t":"idOrVar","v":"plural"},"value"]},{"$i":"minutes-until-short","$v":{"other":["baada ya dakika ",{"t":"idOrVar","v":"value"}],"zero":"sasa hivi"},"$x":[{"t":"idOrVar","v":"plural"},"value"]},{"$i":"hours-until-short","$v":{"other":["baada ya saa ",{"t":"idOrVar","v":"value"}],"zero":"sasa hivi"},"$x":[{"t":"idOrVar","v":"plural"},"value"]},{"$i":"days-until-short","$v":{"other":["baada ya siku ",{"t":"idOrVar","v":"value"}],"zero":"leo"},"$x":[{"t":"idOrVar","v":"plural"},"value"]},{"$i":"incorrectDate","$v":"(Tarehe isiyo sahihi)"},{"$i":"dateTimeFormat_%c","$v":"%a %b %e %Y %I:%M:%S %p"},{"$i":"dateTimeFormat_%x","$v":"%m/%d/%Y"},{"$i":"dateTimeFormat_%X","$v":"%I:%M:%S %p"},{"$i":"shortTimeFormat","$v":"%I:%M %p"},{"$i":"shortTimeFormat12","$v":"%I:%M %p"},{"$i":"shortTimeFormat24","$v":"%H:%M"},{"$i":"shortDateTimeFormat","$v":"%x %I:%M %p"},{"$i":"weekStartsOnMonday","$v":"0.0"},{"$i":"firstDayOfTheWeek","$v":"0.0"},{"$i":"time_am","$v":"Asubuhi"},{"$i":"time_pm","$v":"PM"}]