[{"$i":"toast-audio-save","$v":[{"t":"idOrVar","v":"name"}," kaydedildi."]},{"$i":"toast-audio-discarded","$v":"Kayıttan vazgeçildi."},{"$i":"toast-save-rate","$v":"Değişiklikler kaydedildi."},{"$i":"toast-audio-deleted","$v":"Ses dosyası silindi."},{"$i":"toast-audio-files-deleted","$v":"Ses dosyaları silindi."},{"$i":"toast-audio-rename-ok","$v":"Ad değiştirildi."},{"$i":"toast-audio-rename-failed","$v":"Yeniden Adlandırma Başarısız."},{"$i":"toast-audio-rename-empty-or-only-space","$v":"Yeni ad boş bırakılamaz ya da sadece boşluk olamaz."},{"$i":"toast-music-library-save","$v":[{"t":"idOrVar","v":"name"}," müzik kitaplığına kaydedildi"]},{"$i":"toast-audio-import-save","$v":[{"t":"idOrVar","v":"name"}," Kaydedici’ye kaydedildi."]},{"$i":"toast-audio-save-failed","$v":"Kaydetme işlemi başarısız oldu."},{"$i":"new","$v":"Yeni"},{"$i":"option","$v":"Seçenek"},{"$i":"play","$v":"Oynat"},{"$i":"ok","$v":"Tamam"},{"$i":"options","$v":"Seçenekler"},{"$i":"back","$v":"Geri"},{"$i":"pause","$v":"Duraklat"},{"$i":"cancel","$v":"İptal"},{"$i":"delete","$v":"Sil"},{"$i":"done","$v":"Bitti"},{"$i":"save","$v":"Kaydet"},{"$i":"discard","$v":"Vazgeç"},{"$i":"all","$v":"Tümü"},{"$i":"deselect","$v":"Seçimi kaldır"},{"$i":"none","$v":"Hiçbiri"},{"$i":"select","$v":"Seç"},{"$i":"menu-header-options","$v":"Seçenekler"},{"$i":"menu-header-option","$v":"Seçenek"},{"$i":"menu-delete","$v":"Sil"},{"$i":"menu-share","$v":"Paylaş"},{"$i":"menu-rename","$v":"Yeniden adlandır"},{"$i":"menu-save-as-ringtone","$v":"Zil sesi olarak kaydet"},{"$i":"menu-settings","$v":"Ayarlar"},{"$i":"menu-volume","$v":"Ses düzeyi"},{"$i":"menu-save-to-music-library","$v":"Müzik kütüphanesine kaydet"},{"$i":"menu-select-multiple","$v":"Çoklu Seç"},{"$i":"number-selected","$v":{"few":[{"t":"idOrVar","v":"number"}," Seçildi"],"many":[{"t":"idOrVar","v":"number"}," Seçildi"],"one":[{"t":"idOrVar","v":"number"}," Seçildi"],"other":[{"t":"idOrVar","v":"number"}," Seçildi"],"two":[{"t":"idOrVar","v":"number"}," Seçildi"],"zero":[{"t":"idOrVar","v":"number"}," Seçildi"]},"$x":[{"t":"idOrVar","v":"plural"},"number"]},{"$i":"title-audio-list","$v":"Kaydedici"},{"$i":"title-rename","$v":"Yeniden adlandır"},{"$i":"title-settings","$v":"Ayarlar"},{"$i":"title-save-confirmation","$v":"Onay"},{"$i":"title-delete-confirmation","$v":"Onay"},{"$i":"title-recording-bitrate","$v":"Kayıt Hızı"},{"$i":"title-pick-audio-list","$v":"Bir Kayıt Seçin"},{"$i":"dialog-delete-audio-file","$v":"Seçilen ses dosyası silinsin mi?"},{"$i":"dialog-save-audio-recording","$v":"Ses kaydı kaydedilsin mi?"},{"$i":"dialog-delete-select-audio","$v":{"few":[{"t":"idOrVar","v":"number"}," kayıt silinsin mi?"],"many":[{"t":"idOrVar","v":"number"}," kayıt silinsin mi?"],"one":"Seçilen kayıt silinsin mi?","other":[{"t":"idOrVar","v":"number"}," kayıt silinsin mi?"],"two":[{"t":"idOrVar","v":"number"}," kayıt silinsin mi?"]},"$x":[{"t":"idOrVar","v":"plural"},"number"]},{"$i":"settings-bitrate-8k","$v":"8K (Daha küçük boyut)"},{"$i":"settings-bitrate-44k","$v":"44K (Daha büyük boyut)"},{"$i":"settings-bitrate-err","$v":"Ayarlama Hatası"},{"$i":"audio-recorder-is-empty","$v":"Ses kaydedici boş, kayıt yapmak için Yeni’ye basın."},{"$i":"audio-pick-is-empty","$v":"Kayıt mevcut değil."},{"$i":"input-title-enter-new-name","$v":"Yeni ad gir"},{"$i":"new-recording","$v":"Yeni Kayıt"},{"$i":"save-input","placeholder":"Yeni Kayıt"},{"$i":"save-audio-input","$v":"Ad"},{"$i":"audio-player-state","$v":"Oynatılıyor..."},{"$i":"audio-player-state-pause","$v":""},{"$i":"audio-recorder-loading","$v":"Ses kayıtları taranıyor..."},{"$i":"unsupport-file-name","$v":{"$o":"Desteklenmeyen karakterler içeren ad kullanılamaz: \\/:*?\"<>|"}},{"$i":"import-file-error","$v":"Bu isim alınmış durumda. Başka bir isim seçin"},{"$i":"import-file-exist","$v":"Aynı adda başka dosya zaten var."},{"$i":"state_storage_no_memory_card","$v":"Bellek kartı bulunamadı. Lütfen bir bellek kartı takın."},{"$i":"state_storage_full","$v":"Telefon Hafızası Dolu"},{"$i":"state_storage_full_sdcard","$v":"SD Kart Dolu"},{"$i":"state_storage_full_content_new","$v":"Yer açmak için ortam dosyalarını ya da uygulama verilerini silin. Ortam depolama alanını genişletmek için bir SD kart da takabilirsiniz."},{"$i":"state_storage_full_content_new_sdcard","$v":"Yer açmak için SD karttaki dosyaları silin."},{"$i":"state_storage_full_content_record","$v":"Yer açmak için ortam dosyalarını ya da uygulama verilerini silin. Ortam depolama alanını genişletmek için bir SD kart da takabilirsiniz."},{"$i":"state_storage_full_content_record_sdcard","$v":"Yer açmak için SD karttaki dosyaları silin."},{"$i":"state_storage_full_content_save","$v":"Yer açmak için ortam dosyalarını ya da uygulama verilerini silin. Ortam depolama alanını genişletmek için bir SD kart da takabilirsiniz."},{"$i":"state_storage_full_content_save_sdcard","$v":"Yer açmak için SD karttaki dosyaları silin."},{"$i":"state_storage_in_use","$v":"Depolama birimi kullanımda. Lütfen telefonun kablosunu çıkarın."},{"$i":"rename-same-name","$v":"Ad değiştirilmedi."},{"$i":"confirmation","$v":"Onay"},{"$i":"discard-confirm","$v":"Kayıt silinsin mi?"},{"$i":"invalid-confirm","$v":"Desteklenmeyen ya da geçersiz olduğundan, dosya oynatılamıyor."},{"$i":"weekday-0-long","$v":"Pazar"},{"$i":"weekday-1-long","$v":"Pazartesi"},{"$i":"weekday-2-long","$v":"Salı"},{"$i":"weekday-3-long","$v":"Çarşamba"},{"$i":"weekday-4-long","$v":"Perşembe"},{"$i":"weekday-5-long","$v":"Cuma"},{"$i":"weekday-6-long","$v":"Cumartesi"},{"$i":"weekday-0-short","$v":"Paz"},{"$i":"weekday-1-short","$v":"Pzt"},{"$i":"weekday-2-short","$v":"Sal"},{"$i":"weekday-3-short","$v":"Çrş"},{"$i":"weekday-4-short","$v":"Per"},{"$i":"weekday-5-short","$v":"Cum"},{"$i":"weekday-6-short","$v":"Cmt"},{"$i":"month-0-long","$v":"Ocak"},{"$i":"month-1-long","$v":"Şubat"},{"$i":"month-2-long","$v":"Mart"},{"$i":"month-3-long","$v":"Nisan"},{"$i":"month-4-long","$v":"Mayıs"},{"$i":"month-5-long","$v":"Haziran"},{"$i":"month-6-long","$v":"Temmuz"},{"$i":"month-7-long","$v":"Ağustos"},{"$i":"month-8-long","$v":"Eylül"},{"$i":"month-9-long","$v":"Ekim"},{"$i":"month-10-long","$v":"Kasım"},{"$i":"month-11-long","$v":"Aralık"},{"$i":"month-0-genitive","$v":"Ocak"},{"$i":"month-1-genitive","$v":"Şubat"},{"$i":"month-2-genitive","$v":"Mart"},{"$i":"month-3-genitive","$v":"Nisan"},{"$i":"month-4-genitive","$v":"Mayıs"},{"$i":"month-5-genitive","$v":"Haziran"},{"$i":"month-6-genitive","$v":"Temmuz"},{"$i":"month-7-genitive","$v":"Ağustos"},{"$i":"month-8-genitive","$v":"Eylül"},{"$i":"month-9-genitive","$v":"Ekim"},{"$i":"month-10-genitive","$v":"Kasım"},{"$i":"month-11-genitive","$v":"Aralık"},{"$i":"month-0-short","$v":"Oca"},{"$i":"month-1-short","$v":"Şub"},{"$i":"month-2-short","$v":"Mar"},{"$i":"month-3-short","$v":"Nis"},{"$i":"month-4-short","$v":"Mayıs"},{"$i":"month-5-short","$v":"Haz"},{"$i":"month-6-short","$v":"Tem"},{"$i":"month-7-short","$v":"Ağu"},{"$i":"month-8-short","$v":"Eyl"},{"$i":"month-9-short","$v":"Eki"},{"$i":"month-10-short","$v":"Kas"},{"$i":"month-11-short","$v":"Ara"},{"$i":"minutes-ago-long","$v":{"few":[{"t":"idOrVar","v":"value"}," dakika önce"],"many":[{"t":"idOrVar","v":"value"}," dakika önce"],"other":[{"t":"idOrVar","v":"value"}," dakika önce"],"two":[{"t":"idOrVar","v":"value"}," dakika önce"],"one":"bir dakika önce","zero":"Hemen Şimdi"},"$x":[{"t":"idOrVar","v":"plural"},"value"]},{"$i":"hours-ago-long","$v":{"few":[{"t":"idOrVar","v":"value"}," saat önce"],"many":[{"t":"idOrVar","v":"value"}," saat önce"],"other":[{"t":"idOrVar","v":"value"}," saat önce"],"two":[{"t":"idOrVar","v":"value"}," saat önce"],"one":"bir saat önce","zero":"Hemen Şimdi"},"$x":[{"t":"idOrVar","v":"plural"},"value"]},{"$i":"days-ago-long","$v":{"few":[{"t":"idOrVar","v":"value"}," gün önce"],"many":[{"t":"idOrVar","v":"value"}," gün önce"],"one":"dün","other":[{"t":"idOrVar","v":"value"}," gün önce"],"two":[{"t":"idOrVar","v":"value"}," gün önce"],"zero":"bugün"},"$x":[{"t":"idOrVar","v":"plural"},"value"]},{"$i":"weeks-ago-long","$v":{"few":[{"t":"idOrVar","v":"value"}," hafta önce"],"many":[{"t":"idOrVar","v":"value"}," hafta önce"],"one":"geçen hafta","other":[{"t":"idOrVar","v":"value"}," hafta önce"],"two":[{"t":"idOrVar","v":"value"}," hafta önce"],"zero":"bu hafta"},"$x":[{"t":"idOrVar","v":"plural"},"value"]},{"$i":"months-ago-long","$v":{"few":[{"t":"idOrVar","v":"value"}," ay önce"],"many":[{"t":"idOrVar","v":"value"}," ay önce"],"one":"geçen ay","other":[{"t":"idOrVar","v":"value"}," ay önce"],"two":[{"t":"idOrVar","v":"value"}," ay önce"],"zero":"bu ay"},"$x":[{"t":"idOrVar","v":"plural"},"value"]},{"$i":"years-ago-long","$v":{"few":[{"t":"idOrVar","v":"value"}," yıl önce"],"many":[{"t":"idOrVar","v":"value"}," yıl önce"],"one":"geçen yıl","other":[{"t":"idOrVar","v":"value"}," yıl önce"],"two":[{"t":"idOrVar","v":"value"}," yıl önce"],"zero":"bu yıl"},"$x":[{"t":"idOrVar","v":"plural"},"value"]},{"$i":"minutes-until-long","$v":{"few":[{"t":"idOrVar","v":"value"}," dakika içinde"],"many":[{"t":"idOrVar","v":"value"}," dakika içinde"],"other":[{"t":"idOrVar","v":"value"}," dakika içinde"],"two":[{"t":"idOrVar","v":"value"}," dakika içinde"],"zero":"şimdi","one":"bir dakika içinde"},"$x":[{"t":"idOrVar","v":"plural"},"value"]},{"$i":"hours-until-long","$v":{"few":[{"t":"idOrVar","v":"value"}," saat içinde"],"many":[{"t":"idOrVar","v":"value"}," saat içinde"],"other":[{"t":"idOrVar","v":"value"}," saat içinde"],"two":[{"t":"idOrVar","v":"value"}," saat içinde"],"zero":"şimdi","one":"bir saat içinde"},"$x":[{"t":"idOrVar","v":"plural"},"value"]},{"$i":"days-until-long","$v":{"few":[{"t":"idOrVar","v":"value"}," gün içinde"],"many":[{"t":"idOrVar","v":"value"}," gün içinde"],"one":"yarın","other":[{"t":"idOrVar","v":"value"}," gün içinde"],"two":[{"t":"idOrVar","v":"value"}," gün içinde"],"zero":"bugün"},"$x":[{"t":"idOrVar","v":"plural"},"value"]},{"$i":"weeks-until-long","$v":{"few":[{"t":"idOrVar","v":"value"}," hafta içinde"],"many":[{"t":"idOrVar","v":"value"}," hafta içinde"],"one":"gelecek hafta","other":[{"t":"idOrVar","v":"value"}," hafta içinde"],"two":[{"t":"idOrVar","v":"value"}," hafta içinde"],"zero":"bu hafta"},"$x":[{"t":"idOrVar","v":"plural"},"value"]},{"$i":"months-until-long","$v":{"few":[{"t":"idOrVar","v":"value"}," ay içinde"],"many":[{"t":"idOrVar","v":"value"}," ay içinde"],"one":"gelecek ay","other":[{"t":"idOrVar","v":"value"}," ay içinde"],"two":[{"t":"idOrVar","v":"value"}," ay içinde"],"zero":"bu ay"},"$x":[{"t":"idOrVar","v":"plural"},"value"]},{"$i":"years-until-long","$v":{"few":[{"t":"idOrVar","v":"value"}," yıl içinde"],"many":[{"t":"idOrVar","v":"value"}," yıl içinde"],"one":"gelecek yıl","other":[{"t":"idOrVar","v":"value"}," yıl içinde"],"two":[{"t":"idOrVar","v":"value"}," yıl içinde"],"zero":"bu yıl"},"$x":[{"t":"idOrVar","v":"plural"},"value"]},{"$i":"minutes-ago-short","$v":{"other":[{"t":"idOrVar","v":"value"},"d önce"],"zero":"Hemen Şimdi"},"$x":[{"t":"idOrVar","v":"plural"},"value"]},{"$i":"hours-ago-short","$v":{"other":[{"t":"idOrVar","v":"value"},"s önce"],"zero":"Hemen Şimdi"},"$x":[{"t":"idOrVar","v":"plural"},"value"]},{"$i":"days-ago-short","$v":{"other":[{"t":"idOrVar","v":"value"},"g önce"],"zero":"bugün"},"$x":[{"t":"idOrVar","v":"plural"},"value"]},{"$i":"minutes-until-short","$v":{"other":[{"t":"idOrVar","v":"value"},"d içinde"],"zero":"şimdi"},"$x":[{"t":"idOrVar","v":"plural"},"value"]},{"$i":"hours-until-short","$v":{"other":[{"t":"idOrVar","v":"value"},"s içinde"],"zero":"şimdi"},"$x":[{"t":"idOrVar","v":"plural"},"value"]},{"$i":"days-until-short","$v":{"other":[{"t":"idOrVar","v":"value"},"g içinde"],"zero":"bugün"},"$x":[{"t":"idOrVar","v":"plural"},"value"]},{"$i":"incorrectDate","$v":"(hatalı tarih)"},{"$i":"dateTimeFormat_%c","$v":"%a %b %e %Y %I:%M:%S %p"},{"$i":"dateTimeFormat_%x","$v":"%d/%m/%Y"},{"$i":"dateTimeFormat_%X","$v":"%I:%M:%S %p"},{"$i":"shortTimeFormat","$v":"%I:%M %p"},{"$i":"shortTimeFormat12","$v":"%I:%M %p"},{"$i":"shortTimeFormat24","$v":"%H:%M"},{"$i":"shortDateTimeFormat","$v":"%x %I:%M %p"},{"$i":"weekStartsOnMonday","$v":"0.0"},{"$i":"firstDayOfTheWeek","$v":"1.0"},{"$i":"time_am","$v":"AM"},{"$i":"time_pm","$v":"PM"}]