[{"$i":"toast-audio-save","$v":[{"t":"idOrVar","v":"name"}," محفوظ ہوا۔"]},{"$i":"toast-audio-discarded","$v":"ریکارڈنگ رد کر دی گئی۔"},{"$i":"toast-save-rate","$v":"تبدیلیاں محفوظ ہوگئی۔"},{"$i":"toast-audio-deleted","$v":"آڈیو فائل حذف کردی گئی۔"},{"$i":"toast-audio-files-deleted","$v":"آڈیو فائلز ہذف کی گئی۔"},{"$i":"toast-audio-rename-ok","$v":"نام تبدیل ہوگیا۔"},{"$i":"toast-audio-rename-failed","$v":"نیا نام دینا ناکام ہوگیا۔"},{"$i":"toast-audio-rename-empty-or-only-space","$v":"نیا نام خالی یا صرف جگہ نہیں ہوسکتا ہے۔"},{"$i":"toast-music-library-save","$v":[{"t":"idOrVar","v":"name"}," موسیقی کی لائبریری پر محفوظ کیا گیا"]},{"$i":"toast-audio-import-save","$v":[{"t":"idOrVar","v":"name"}," ریکارڈر میں محفوظ ہوگیا۔"]},{"$i":"toast-audio-save-failed","$v":"محفوظ کرنا ناکام ہوگیا۔"},{"$i":"new","$v":"نیا"},{"$i":"option","$v":"اختیار"},{"$i":"play","$v":"چلائیں"},{"$i":"ok","$v":"ٹھیک ہے"},{"$i":"options","$v":"اختیارات"},{"$i":"back","$v":"واپس جائیں"},{"$i":"pause","$v":"موقوف کریں"},{"$i":"cancel","$v":"منسوخ کریں"},{"$i":"delete","$v":"حذف کریں"},{"$i":"done","$v":"ہو گیا"},{"$i":"save","$v":"محفوظ کریں"},{"$i":"discard","$v":"رد کریں"},{"$i":"all","$v":"تمام"},{"$i":"deselect","$v":"غیر منتخب کریں"},{"$i":"none","$v":"کوئی نہیں"},{"$i":"select","$v":"منتخب کریں"},{"$i":"menu-header-options","$v":"اختیارات"},{"$i":"menu-header-option","$v":"اختیار"},{"$i":"menu-delete","$v":"حذف کریں"},{"$i":"menu-share","$v":"اشتراک کریں"},{"$i":"menu-rename","$v":"نام تبدیل کریں"},{"$i":"menu-save-as-ringtone","$v":"رنگ ٹون کے طور پر محفوظ کریں"},{"$i":"menu-settings","$v":"ترتیبات"},{"$i":"menu-volume","$v":"والیوم"},{"$i":"menu-save-to-music-library","$v":"میوزک لائبریری پر محفوظ کریں"},{"$i":"menu-select-multiple","$v":"متعدد منتخب کریں"},{"$i":"number-selected","$v":{"few":[{"t":"idOrVar","v":"number"}," منتخب شدہ"],"many":[{"t":"idOrVar","v":"number"}," منتخب شدہ"],"one":[{"t":"idOrVar","v":"number"}," منتخب شدہ"],"other":[{"t":"idOrVar","v":"number"}," منتخب شدہ"],"two":[{"t":"idOrVar","v":"number"}," منتخب شدہ"],"zero":[{"t":"idOrVar","v":"number"}," منتخب شدہ"]},"$x":[{"t":"idOrVar","v":"plural"},"number"]},{"$i":"title-audio-list","$v":"ریکارڈر"},{"$i":"title-rename","$v":"نام تبدیل کریں"},{"$i":"title-settings","$v":"ترتیبات"},{"$i":"title-save-confirmation","$v":"توثیق کاری"},{"$i":"title-delete-confirmation","$v":"توثیق کاری"},{"$i":"title-recording-bitrate","$v":"ریکارڈنگ کی شرح"},{"$i":"title-pick-audio-list","$v":"ایک ریکارڈر منتخب کریں"},{"$i":"dialog-delete-audio-file","$v":"آڈیو فائل حذف کریں؟"},{"$i":"dialog-save-audio-recording","$v":"آڈیو ریکارڈنگ محفوظ کریں؟"},{"$i":"dialog-delete-select-audio","$v":{"few":[{"t":"idOrVar","v":"number"}," ریکارڈنگز حذف کریں؟"],"many":[{"t":"idOrVar","v":"number"}," ریکارڈنگز حذف کریں؟"],"one":"منتخب شدہ ریکارڈنگ حذف کریں؟","other":[{"t":"idOrVar","v":"number"}," ریکارڈنگز حذف کریں؟"],"two":[{"t":"idOrVar","v":"number"}," ریکارڈنگز حذف کریں؟"]},"$x":[{"t":"idOrVar","v":"plural"},"number"]},{"$i":"settings-bitrate-8k","$v":"8K (چھوٹا سائز)"},{"$i":"settings-bitrate-44k","$v":"44K (بڑا سائز)"},{"$i":"settings-bitrate-err","$v":"سیٹنگز کی خرابی"},{"$i":"audio-recorder-is-empty","$v":"آڈیو ریکارڈر خالی ہے، ریکارڈنگ شروع کرنے کے لئے نیا دبائیں۔"},{"$i":"audio-pick-is-empty","$v":"آڈیو ریکارڈر خالی ہے۔"},{"$i":"input-title-enter-new-name","$v":"نیا نام درج کریں"},{"$i":"new-recording","$v":"نئی ریکارڈنگ"},{"$i":"save-input","placeholder":"نئی ریکارڈنگ"},{"$i":"save-audio-input","$v":"نام"},{"$i":"audio-player-state","$v":"پلے ہورہا ہے..."},{"$i":"audio-player-state-pause","$v":""},{"$i":"audio-recorder-loading","$v":"آڈیو ریکارڈنگز کیلئے اسکین کررہا ہے..."},{"$i":"unsupport-file-name","$v":{"$o":"غیر معاونت شدہ کرداروں پر مشتمل نام کا استعمال نہیں کر سکتا: \\/:*?\"<>|"}},{"$i":"import-file-error","$v":"نام پہلے سے لے لیا گیا ہے۔ دوسرا نام منتخب کریں"},{"$i":"import-file-exist","$v":"فائل نام پہلے ہی موجود ہے۔"},{"$i":"state_storage_no_memory_card","$v":"میموری کارڈ نہیں ملا، براہ کرم ایک میموری کارڈ داخل کریں۔"},{"$i":"state_storage_full","$v":"فون اسٹوریج مکمل"},{"$i":"state_storage_full_sdcard","$v":"ایس۔ڈی کارڈ بھر ہوا ہے"},{"$i":"state_storage_full_content_new","$v":"جگہ خالی کرنے کے لئے میڈیا فائلوں یا ایپلیکیشن ڈیٹا کو حذف کریں۔ میڈیا اسٹوریج کو بڑھانے کے لئے آپ SD کارڈ بھی داخل کرسکتے ہیں۔"},{"$i":"state_storage_full_content_new_sdcard","$v":"جگہ خالی کرنے کے لئے ایس۔ڈی کارڈ میں موجود فائلوں کو حذف کریں۔"},{"$i":"state_storage_full_content_record","$v":"جگہ خالی کرنے کے لئے میڈیا فائلوں یا ایپلیکیشن ڈیٹا کو حذف کریں۔ میڈیا اسٹوریج کو بڑھانے کے لئے آپ SD کارڈ بھی داخل کرسکتے ہیں۔"},{"$i":"state_storage_full_content_record_sdcard","$v":"جگہ خالی کرنے کے لئے ایس۔ڈی کارڈ میں موجود فائلوں کو حذف کریں۔"},{"$i":"state_storage_full_content_save","$v":"جگہ خالی کرنے کے لئے میڈیا فائلوں یا ایپلیکیشن ڈیٹا کو حذف کریں۔ میڈیا اسٹوریج کو بڑھانے کے لئے آپ SD کارڈ بھی داخل کرسکتے ہیں۔"},{"$i":"state_storage_full_content_save_sdcard","$v":"جگہ خالی کرنے کے لئے ایس۔ڈی کارڈ میں موجود فائلوں کو حذف کریں۔"},{"$i":"state_storage_in_use","$v":"اسٹوریج فی الحال زیر استعمال ہے۔ براہ کرم فون ان پلگ کریں۔"},{"$i":"rename-same-name","$v":"نام تبدیل نہیں ہوا۔"},{"$i":"confirmation","$v":"توثیق کاری"},{"$i":"discard-confirm","$v":"ریکارڈنگ ترک کریں؟"},{"$i":"invalid-confirm","$v":"یہ فائل فارمیٹ غلط یا سپورٹ نہیں کرتا ہے۔ کیا آپ یہ فائل حذف کرنا چاہتے ہے؟"},{"$i":"weekday-0-long","$v":"اتوار"},{"$i":"weekday-1-long","$v":"پیر"},{"$i":"weekday-2-long","$v":"منگل"},{"$i":"weekday-3-long","$v":"بدھ"},{"$i":"weekday-4-long","$v":"جمعرات"},{"$i":"weekday-5-long","$v":"جمعہ"},{"$i":"weekday-6-long","$v":"سنیچر"},{"$i":"weekday-0-short","$v":"اتوار"},{"$i":"weekday-1-short","$v":"پیر"},{"$i":"weekday-2-short","$v":"منگل"},{"$i":"weekday-3-short","$v":"بدھ"},{"$i":"weekday-4-short","$v":"جمعرات"},{"$i":"weekday-5-short","$v":"جمعہ"},{"$i":"weekday-6-short","$v":"ہفتہ"},{"$i":"month-0-long","$v":"جنوری"},{"$i":"month-1-long","$v":"فروری"},{"$i":"month-2-long","$v":"مارچ"},{"$i":"month-3-long","$v":"اپریل"},{"$i":"month-4-long","$v":"مئی"},{"$i":"month-5-long","$v":"جون"},{"$i":"month-6-long","$v":"جولائی"},{"$i":"month-7-long","$v":"اگست"},{"$i":"month-8-long","$v":"ستمبر"},{"$i":"month-9-long","$v":"اکتوبر"},{"$i":"month-10-long","$v":"نومبر"},{"$i":"month-11-long","$v":"دسمبر"},{"$i":"month-0-genitive","$v":"جنوری"},{"$i":"month-1-genitive","$v":"فروری"},{"$i":"month-2-genitive","$v":"مارچ"},{"$i":"month-3-genitive","$v":"اپریل"},{"$i":"month-4-genitive","$v":"مئی"},{"$i":"month-5-genitive","$v":"جون"},{"$i":"month-6-genitive","$v":"جولائی"},{"$i":"month-7-genitive","$v":"اگست"},{"$i":"month-8-genitive","$v":"ستمبر"},{"$i":"month-9-genitive","$v":"اکتوبر"},{"$i":"month-10-genitive","$v":"نومبر"},{"$i":"month-11-genitive","$v":"دسمبر"},{"$i":"month-0-short","$v":"جنوری"},{"$i":"month-1-short","$v":"فروری"},{"$i":"month-2-short","$v":"مارچ"},{"$i":"month-3-short","$v":"اپریل"},{"$i":"month-4-short","$v":"مئی"},{"$i":"month-5-short","$v":"جون"},{"$i":"month-6-short","$v":"جولائی"},{"$i":"month-7-short","$v":"اگست"},{"$i":"month-8-short","$v":"ستمبر"},{"$i":"month-9-short","$v":"اکتوبر"},{"$i":"month-10-short","$v":"نومبر"},{"$i":"month-11-short","$v":"دسمبر"},{"$i":"minutes-ago-long","$v":{"few":[{"t":"idOrVar","v":"value"}," منٹس قبل"],"many":[{"t":"idOrVar","v":"value"}," منٹس قبل"],"other":[{"t":"idOrVar","v":"value"}," منٹس قبل"],"two":[{"t":"idOrVar","v":"value"}," منٹس قبل"],"one":"ایک منٹ قبل","zero":"Just now"},"$x":[{"t":"idOrVar","v":"plural"},"value"]},{"$i":"hours-ago-long","$v":{"few":[{"t":"idOrVar","v":"value"}," گھنٹوں قبل"],"many":[{"t":"idOrVar","v":"value"}," گھنٹوں قبل"],"other":[{"t":"idOrVar","v":"value"}," گھنٹوں قبل"],"two":[{"t":"idOrVar","v":"value"}," گھنٹوں قبل"],"one":"ایک گھنٹہ قبل","zero":"Just now"},"$x":[{"t":"idOrVar","v":"plural"},"value"]},{"$i":"days-ago-long","$v":{"few":[{"t":"idOrVar","v":"value"}," دن قبل"],"many":[{"t":"idOrVar","v":"value"}," دن قبل"],"one":"گزشتہ کل","other":[{"t":"idOrVar","v":"value"}," دن قبل"],"two":[{"t":"idOrVar","v":"value"}," دن قبل"],"zero":"آج"},"$x":[{"t":"idOrVar","v":"plural"},"value"]},{"$i":"weeks-ago-long","$v":{"few":[{"t":"idOrVar","v":"value"}," ہفتے قبل"],"many":[{"t":"idOrVar","v":"value"}," ہفتے قبل"],"one":"آخری ہفتہ","other":[{"t":"idOrVar","v":"value"}," ہفتے قبل"],"two":[{"t":"idOrVar","v":"value"}," ہفتے قبل"],"zero":"اس ہفتہ"},"$x":[{"t":"idOrVar","v":"plural"},"value"]},{"$i":"months-ago-long","$v":{"few":[{"t":"idOrVar","v":"value"}," مہینہ قبل"],"many":[{"t":"idOrVar","v":"value"}," مہینہ قبل"],"one":"آخری مہینہ","other":[{"t":"idOrVar","v":"value"}," مہینہ قبل"],"two":[{"t":"idOrVar","v":"value"}," مہینہ قبل"],"zero":"اس ماہ"},"$x":[{"t":"idOrVar","v":"plural"},"value"]},{"$i":"years-ago-long","$v":{"few":[{"t":"idOrVar","v":"value"}," سال قبل"],"many":[{"t":"idOrVar","v":"value"}," سال قبل"],"one":"آخری سال","other":[{"t":"idOrVar","v":"value"}," سال قبل"],"two":[{"t":"idOrVar","v":"value"}," سال قبل"],"zero":"اس سال"},"$x":[{"t":"idOrVar","v":"plural"},"value"]},{"$i":"minutes-until-long","$v":{"few":[{"t":"idOrVar","v":"value"}," منٹوں میں"],"many":[{"t":"idOrVar","v":"value"}," منٹوں میں"],"other":[{"t":"idOrVar","v":"value"}," منٹوں میں"],"two":[{"t":"idOrVar","v":"value"}," منٹوں میں"],"zero":"ابھی","one":"ایک منٹ میں"},"$x":[{"t":"idOrVar","v":"plural"},"value"]},{"$i":"hours-until-long","$v":{"few":[{"t":"idOrVar","v":"value"}," گھنٹوں میں"],"many":[{"t":"idOrVar","v":"value"}," گھنٹوں میں"],"other":[{"t":"idOrVar","v":"value"}," گھنٹوں میں"],"two":[{"t":"idOrVar","v":"value"}," گھنٹوں میں"],"zero":"ابھی","one":"ایک گھٹے میں"},"$x":[{"t":"idOrVar","v":"plural"},"value"]},{"$i":"days-until-long","$v":{"few":[{"t":"idOrVar","v":"value"}," دنوں میں"],"many":[{"t":"idOrVar","v":"value"}," دنوں میں"],"one":"tomorrow","other":[{"t":"idOrVar","v":"value"}," دنوں میں"],"two":[{"t":"idOrVar","v":"value"}," دنوں میں"],"zero":"آج"},"$x":[{"t":"idOrVar","v":"plural"},"value"]},{"$i":"weeks-until-long","$v":{"few":[{"t":"idOrVar","v":"value"}," ہفتوں میں"],"many":[{"t":"idOrVar","v":"value"}," ہفتوں میں"],"one":"اگلے ہفتے","other":[{"t":"idOrVar","v":"value"}," ہفتوں میں"],"two":[{"t":"idOrVar","v":"value"}," ہفتوں میں"],"zero":"اس ہفتہ"},"$x":[{"t":"idOrVar","v":"plural"},"value"]},{"$i":"months-until-long","$v":{"few":[{"t":"idOrVar","v":"value"}," مہینوں میں"],"many":[{"t":"idOrVar","v":"value"}," مہینوں میں"],"one":"اگلے ماہ","other":[{"t":"idOrVar","v":"value"}," مہینوں میں"],"two":[{"t":"idOrVar","v":"value"}," مہینوں میں"],"zero":"اس ماہ"},"$x":[{"t":"idOrVar","v":"plural"},"value"]},{"$i":"years-until-long","$v":{"few":[{"t":"idOrVar","v":"value"}," سالوں میں"],"many":[{"t":"idOrVar","v":"value"}," سالوں میں"],"one":"اگلے سال","other":[{"t":"idOrVar","v":"value"}," سالوں میں"],"two":[{"t":"idOrVar","v":"value"}," سالوں میں"],"zero":"اس سال"},"$x":[{"t":"idOrVar","v":"plural"},"value"]},{"$i":"minutes-ago-short","$v":{"other":[{"t":"idOrVar","v":"value"}," منٹ قبل"],"zero":"Just now"},"$x":[{"t":"idOrVar","v":"plural"},"value"]},{"$i":"hours-ago-short","$v":{"other":[{"t":"idOrVar","v":"value"}," گھنٹہ قبل"],"zero":"Just now"},"$x":[{"t":"idOrVar","v":"plural"},"value"]},{"$i":"days-ago-short","$v":{"other":[{"t":"idOrVar","v":"value"}," دن قبل"],"zero":"آج"},"$x":[{"t":"idOrVar","v":"plural"},"value"]},{"$i":"minutes-until-short","$v":{"other":[{"t":"idOrVar","v":"value"}," منٹ میں"],"zero":"ابھی"},"$x":[{"t":"idOrVar","v":"plural"},"value"]},{"$i":"hours-until-short","$v":{"other":[{"t":"idOrVar","v":"value"}," گھنٹے میں"],"zero":"ابھی"},"$x":[{"t":"idOrVar","v":"plural"},"value"]},{"$i":"days-until-short","$v":{"other":[{"t":"idOrVar","v":"value"}," دن میں"],"zero":"آج"},"$x":[{"t":"idOrVar","v":"plural"},"value"]},{"$i":"incorrectDate","$v":"(غلط تاریخ)"},{"$i":"dateTimeFormat_%c","$v":"%a %b %e %Y %I:%M:%S %p"},{"$i":"dateTimeFormat_%x","$v":"%m/%d/%Y"},{"$i":"dateTimeFormat_%X","$v":"%I:%M:%S %p"},{"$i":"shortTimeFormat","$v":"%I:%M %p"},{"$i":"shortTimeFormat12","$v":"%I:%M %p"},{"$i":"shortTimeFormat24","$v":"%H:%M"},{"$i":"shortDateTimeFormat","$v":"%x %I:%M %p"},{"$i":"weekStartsOnMonday","$v":"0.0"},{"$i":"firstDayOfTheWeek","$v":"0.0"},{"$i":"time_am","$v":"AM"},{"$i":"time_pm","$v":"PM"}]