[{"$i":"toast-audio-save","$v":[{"t":"idOrVar","v":"name"}," сақланди."]},{"$i":"toast-audio-discarded","$v":"Ёзувдан воз кечилди"},{"$i":"toast-save-rate","$v":"Ўзгаришлар сақланди."},{"$i":"toast-audio-deleted","$v":"Ёзув ўчириб ташланди"},{"$i":"toast-audio-files-deleted","$v":"Аудио фаыллар оьчирилди."},{"$i":"toast-audio-rename-ok","$v":"Ном ўзгарди"},{"$i":"toast-audio-rename-failed","$v":"Қайта номланмади"},{"$i":"toast-audio-rename-empty-or-only-space","$v":"Yangi nom bo'sh yoki faqat bo'sh joy bo'lishi mumkin emas."},{"$i":"toast-music-library-save","$v":[{"t":"idOrVar","v":"name"}," Musiqa kutubxonasiga saqlandi"]},{"$i":"toast-audio-import-save","$v":[{"t":"idOrVar","v":"name"}," Диктофонга сақланди."]},{"$i":"toast-audio-save-failed","$v":"Saqlab bo'lmadi."},{"$i":"new","$v":"Янги"},{"$i":"option","$v":"Параметр"},{"$i":"play","$v":"Ижро"},{"$i":"ok","$v":"OK"},{"$i":"options","$v":"Параметрлар"},{"$i":"back","$v":"Орқага"},{"$i":"pause","$v":"Пауза"},{"$i":"cancel","$v":"Бекор"},{"$i":"delete","$v":"Ўчириш"},{"$i":"done","$v":"Тайёр"},{"$i":"save","$v":"Сақлаш"},{"$i":"discard","$v":"Воз кечиш"},{"$i":"all","$v":"Ҳаммаси"},{"$i":"deselect","$v":"Белгилашни бекор қилиш"},{"$i":"none","$v":"Йўқ"},{"$i":"select","$v":"Танлаш"},{"$i":"menu-header-options","$v":"Параметрлар"},{"$i":"menu-header-option","$v":"Параметр"},{"$i":"menu-delete","$v":"Ўчириш"},{"$i":"menu-share","$v":"Баҳам кўриш"},{"$i":"menu-rename","$v":"Қайта номлаш"},{"$i":"menu-save-as-ringtone","$v":"Рингтон қилиб сақлаш"},{"$i":"menu-settings","$v":"Созламалар"},{"$i":"menu-volume","$v":"Товуш баландлиги"},{"$i":"menu-save-to-music-library","$v":"Мусиқа кутуб-га сақлаш"},{"$i":"menu-select-multiple","$v":"Бир нечтасини танлаш"},{"$i":"number-selected","$v":{"few":[{"t":"idOrVar","v":"number"}," та танланди"],"many":[{"t":"idOrVar","v":"number"}," та танланди"],"one":[{"t":"idOrVar","v":"number"}," та танланди"],"other":[{"t":"idOrVar","v":"number"}," та танланди"],"two":[{"t":"idOrVar","v":"number"}," та танланди"],"zero":[{"t":"idOrVar","v":"number"}," та танланди"]},"$x":[{"t":"idOrVar","v":"plural"},"number"]},{"$i":"title-audio-list","$v":"Аудиорекордер"},{"$i":"title-rename","$v":"Қайта номлаш"},{"$i":"title-settings","$v":"Созламалар"},{"$i":"title-save-confirmation","$v":"Тасдиқ"},{"$i":"title-delete-confirmation","$v":"Тасдиқ"},{"$i":"title-recording-bitrate","$v":"Ёзиб олиш тезлиги"},{"$i":"title-pick-audio-list","$v":"Yozishni tanlang"},{"$i":"dialog-delete-audio-file","$v":"Аудио файл ўчирилсинми?"},{"$i":"dialog-save-audio-recording","$v":"Бу аудио қайд сақлансинми?"},{"$i":"dialog-delete-select-audio","$v":{"few":[{"t":"idOrVar","v":"Number"}," yozuvlar o'chirilsinmi?"],"many":[{"t":"idOrVar","v":"Number"}," yozuvlar o'chirilsinmi?"],"one":"Tanlangan yozuvlarni o'chirib tashlashmi?","other":[{"t":"idOrVar","v":"Number"}," yozuvlar o'chirilsinmi?"],"two":[{"t":"idOrVar","v":"Number"}," yozuvlar o'chirilsinmi?"]},"$x":[{"t":"idOrVar","v":"plural"},"number"]},{"$i":"settings-bitrate-8k","$v":"8K (кичикроқ)"},{"$i":"settings-bitrate-44k","$v":"44K(каттароқ)"},{"$i":"settings-bitrate-err","$v":"Созлама хатоси"},{"$i":"audio-recorder-is-empty","$v":"Ovoz yozuvchisi bo'sh, yozishni boshlash uchun \"Yangi\" -ni bosing."},{"$i":"audio-pick-is-empty","$v":"Yozuvlar mavjud emas."},{"$i":"input-title-enter-new-name","$v":"Янги ном киритинг"},{"$i":"new-recording","$v":"Янги ёзув"},{"$i":"save-input","placeholder":"Янги ёзув"},{"$i":"save-audio-input","$v":"Номи"},{"$i":"audio-player-state","$v":"Ижро..."},{"$i":"audio-player-state-pause","$v":""},{"$i":"audio-recorder-loading","$v":"Аудио ёзувни излаш..."},{"$i":"unsupport-file-name","$v":{"$o":"Номида қуйидаги яроқсиз белгилар бўлмасин: \\/:*?&quot;&lt;&gt;|"}},{"$i":"import-file-error","$v":"Бу ном банд. Бошқа ном танланг"},{"$i":"import-file-exist","$v":"Бундай номли файл мавжуд."},{"$i":"state_storage_no_memory_card","$v":"Хотира картаси топилмади. Хотира картаси солинг."},{"$i":"state_storage_full","$v":"Телефон хотирасида жой қолмаган"},{"$i":"state_storage_full_sdcard","$v":"SD карта тўлган."},{"$i":"state_storage_full_content_new","$v":"Жой бўшатиш учун мултимедиа файллари ёки илова маълумотларини ўчиринг. Қурилма хотирасини кенгайтириш учун SD карта ўрнатишингиз ҳам мумкин."},{"$i":"state_storage_full_content_new_sdcard","$v":"Жой бўшатиш учун SD картадаги файлларни ўчиринг."},{"$i":"state_storage_full_content_record","$v":"Жой бўшатиш учун мултимедиа файллари ёки илова маълумотларини ўчиринг. Қурилма хотирасини кенгайтириш учун SD карта ўрнатишингиз ҳам мумкин."},{"$i":"state_storage_full_content_record_sdcard","$v":"Жой бўшатиш учун SD картадаги файлларни ўчиринг."},{"$i":"state_storage_full_content_save","$v":"Жой бўшатиш учун мултимедиа файллари ёки илова маълумотларини ўчиринг. Қурилма хотирасини кенгайтириш учун SD карта ўрнатишингиз ҳам мумкин."},{"$i":"state_storage_full_content_save_sdcard","$v":"Жой бўшатиш учун SD картадаги файлларни ўчиринг."},{"$i":"state_storage_in_use","$v":"Хотира банд. Телефонни узинг."},{"$i":"rename-same-name","$v":"Ism o'zgartirilmagan."},{"$i":"confirmation","$v":"Тасдиқ"},{"$i":"discard-confirm","$v":"Yozuv bekor qilinsinmi?"},{"$i":"invalid-confirm","$v":"Faylni o'ynatib bo'lmadi, chunki u qo'llab-quvvatlanmaydi yoki yaroqsiz."},{"$i":"weekday-0-long","$v":"Якшанба"},{"$i":"weekday-1-long","$v":"Душанба"},{"$i":"weekday-2-long","$v":"Сешанба"},{"$i":"weekday-3-long","$v":"Чоршанба"},{"$i":"weekday-4-long","$v":"Пайшанба"},{"$i":"weekday-5-long","$v":"Жума"},{"$i":"weekday-6-long","$v":"Шанба"},{"$i":"weekday-0-short","$v":"Якш"},{"$i":"weekday-1-short","$v":"Душ"},{"$i":"weekday-2-short","$v":"Сеш"},{"$i":"weekday-3-short","$v":"Чор"},{"$i":"weekday-4-short","$v":"Пай"},{"$i":"weekday-5-short","$v":"Жум"},{"$i":"weekday-6-short","$v":"Шан"},{"$i":"month-0-long","$v":"Январ"},{"$i":"month-1-long","$v":"Феврал"},{"$i":"month-2-long","$v":"Март"},{"$i":"month-3-long","$v":"Апрель"},{"$i":"month-4-long","$v":"Май"},{"$i":"month-5-long","$v":"Июн"},{"$i":"month-6-long","$v":"Июл"},{"$i":"month-7-long","$v":"Август"},{"$i":"month-8-long","$v":"Сентябр"},{"$i":"month-9-long","$v":"Октябр"},{"$i":"month-10-long","$v":"Ноябр"},{"$i":"month-11-long","$v":"Декабр"},{"$i":"month-0-genitive","$v":"Январь"},{"$i":"month-1-genitive","$v":"Февраль"},{"$i":"month-2-genitive","$v":"Март"},{"$i":"month-3-genitive","$v":"Апрель"},{"$i":"month-4-genitive","$v":"Май"},{"$i":"month-5-genitive","$v":"Июнь"},{"$i":"month-6-genitive","$v":"Июль"},{"$i":"month-7-genitive","$v":"Август"},{"$i":"month-8-genitive","$v":"Сентябрь"},{"$i":"month-9-genitive","$v":"Октябрь"},{"$i":"month-10-genitive","$v":"Ноябрь"},{"$i":"month-11-genitive","$v":"Декабрь"},{"$i":"month-0-short","$v":"Янв"},{"$i":"month-1-short","$v":"Фев"},{"$i":"month-2-short","$v":"Мар"},{"$i":"month-3-short","$v":"Апр"},{"$i":"month-4-short","$v":"Май"},{"$i":"month-5-short","$v":"Июн"},{"$i":"month-6-short","$v":"Июл"},{"$i":"month-7-short","$v":"Авг"},{"$i":"month-8-short","$v":"Сен"},{"$i":"month-9-short","$v":"Окт"},{"$i":"month-10-short","$v":"Ноя"},{"$i":"month-11-short","$v":"Дек"},{"$i":"minutes-ago-long","$v":{"few":[{"t":"idOrVar","v":"value"}," дақиқа олдин"],"many":[{"t":"idOrVar","v":"value"}," дақиқа олдин"],"other":[{"t":"idOrVar","v":"value"}," дақиқа олдин"],"two":[{"t":"idOrVar","v":"value"}," дақиқа олдин"],"one":"бир дақиқа аввал","zero":"ҳозиргина"},"$x":[{"t":"idOrVar","v":"plural"},"value"]},{"$i":"hours-ago-long","$v":{"few":[{"t":"idOrVar","v":"value"}," соат олдин"],"many":[{"t":"idOrVar","v":"value"}," соат олдин"],"other":[{"t":"idOrVar","v":"value"}," соат олдин"],"two":[{"t":"idOrVar","v":"value"}," соат олдин"],"one":"1 soat avval","zero":"ҳозиргина"},"$x":[{"t":"idOrVar","v":"plural"},"value"]},{"$i":"days-ago-long","$v":{"few":[{"t":"idOrVar","v":"value"}," кун олдин"],"many":[{"t":"idOrVar","v":"value"}," кун олдин"],"one":"кеча","other":[{"t":"idOrVar","v":"value"}," кун олдин"],"two":[{"t":"idOrVar","v":"value"}," кун олдин"],"zero":"бугун"},"$x":[{"t":"idOrVar","v":"plural"},"value"]},{"$i":"weeks-ago-long","$v":{"few":[{"t":"idOrVar","v":"value"}," ҳафта олдин"],"many":[{"t":"idOrVar","v":"value"}," ҳафта олдин"],"one":"ўтган ҳафта","other":[{"t":"idOrVar","v":"value"}," ҳафта олдин"],"two":[{"t":"idOrVar","v":"value"}," ҳафта олдин"],"zero":"шу ҳафта"},"$x":[{"t":"idOrVar","v":"plural"},"value"]},{"$i":"months-ago-long","$v":{"few":[{"t":"idOrVar","v":"value"}," ой олдин"],"many":[{"t":"idOrVar","v":"value"}," ой олдин"],"one":"ўтган ой","other":[{"t":"idOrVar","v":"value"}," ой олдин"],"two":[{"t":"idOrVar","v":"value"}," ой олдин"],"zero":"бу ой"},"$x":[{"t":"idOrVar","v":"plural"},"value"]},{"$i":"years-ago-long","$v":{"few":[{"t":"idOrVar","v":"value"}," йил олдин"],"many":[{"t":"idOrVar","v":"value"}," йил олдин"],"one":"ўтган йил","other":[{"t":"idOrVar","v":"value"}," йил олдин"],"two":[{"t":"idOrVar","v":"value"}," йил олдин"],"zero":"шу йил"},"$x":[{"t":"idOrVar","v":"plural"},"value"]},{"$i":"minutes-until-long","$v":{"few":[{"t":"idOrVar","v":"value"}," дақиқада"],"many":[{"t":"idOrVar","v":"value"}," дақиқада"],"other":[{"t":"idOrVar","v":"value"}," дақиқада"],"two":[{"t":"idOrVar","v":"value"}," дақиқада"],"zero":"ҳозир","one":"1 daqiqada"},"$x":[{"t":"idOrVar","v":"plural"},"value"]},{"$i":"hours-until-long","$v":{"few":[{"t":"idOrVar","v":"value"}," соатда"],"many":[{"t":"idOrVar","v":"value"}," соатда"],"other":[{"t":"idOrVar","v":"value"}," соатда"],"two":[{"t":"idOrVar","v":"value"}," соатда"],"zero":"ҳозир","one":"1 soat ichida"},"$x":[{"t":"idOrVar","v":"plural"},"value"]},{"$i":"days-until-long","$v":{"few":[{"t":"idOrVar","v":"value"}," кунда"],"many":[{"t":"idOrVar","v":"value"}," кунда"],"one":"эртага","other":[{"t":"idOrVar","v":"value"}," кунда"],"two":[{"t":"idOrVar","v":"value"}," кунда"],"zero":"бугун"},"$x":[{"t":"idOrVar","v":"plural"},"value"]},{"$i":"weeks-until-long","$v":{"few":[{"t":"idOrVar","v":"value"}," ҳафтада"],"many":[{"t":"idOrVar","v":"value"}," ҳафтада"],"one":"кейинги ҳафта","other":[{"t":"idOrVar","v":"value"}," ҳафтада"],"two":[{"t":"idOrVar","v":"value"}," ҳафтада"],"zero":"шу ҳафта"},"$x":[{"t":"idOrVar","v":"plural"},"value"]},{"$i":"months-until-long","$v":{"few":[{"t":"idOrVar","v":"value"}," ойда"],"many":[{"t":"idOrVar","v":"value"}," ойда"],"one":"кейинги ой","other":[{"t":"idOrVar","v":"value"}," ойда"],"two":[{"t":"idOrVar","v":"value"}," ойда"],"zero":"бу ой"},"$x":[{"t":"idOrVar","v":"plural"},"value"]},{"$i":"years-until-long","$v":{"few":[{"t":"idOrVar","v":"value"}," йилда"],"many":[{"t":"idOrVar","v":"value"}," йилда"],"one":"кейинги йил","other":[{"t":"idOrVar","v":"value"}," йилда"],"two":[{"t":"idOrVar","v":"value"}," йилда"],"zero":"шу йил"},"$x":[{"t":"idOrVar","v":"plural"},"value"]},{"$i":"minutes-ago-short","$v":{"other":[{"t":"idOrVar","v":"value"},"д олдин"],"zero":"ҳозиргина"},"$x":[{"t":"idOrVar","v":"plural"},"value"]},{"$i":"hours-ago-short","$v":{"other":[{"t":"idOrVar","v":"value"},"с олдин"],"zero":"ҳозиргина"},"$x":[{"t":"idOrVar","v":"plural"},"value"]},{"$i":"days-ago-short","$v":{"other":[{"t":"idOrVar","v":"value"},"к олдин"],"zero":"бугун"},"$x":[{"t":"idOrVar","v":"plural"},"value"]},{"$i":"minutes-until-short","$v":{"other":[{"t":"idOrVar","v":"value"},"д"],"zero":"ҳозир"},"$x":[{"t":"idOrVar","v":"plural"},"value"]},{"$i":"hours-until-short","$v":{"other":[{"t":"idOrVar","v":"value"},"с"],"zero":"ҳозир"},"$x":[{"t":"idOrVar","v":"plural"},"value"]},{"$i":"days-until-short","$v":{"other":[{"t":"idOrVar","v":"value"},"к"],"zero":"бугун"},"$x":[{"t":"idOrVar","v":"plural"},"value"]},{"$i":"incorrectDate","$v":"(сана хато)"},{"$i":"dateTimeFormat_%c","$v":"%a %b %e %Y %I:%M:%S %p"},{"$i":"dateTimeFormat_%x","$v":"%m/%d/%Y"},{"$i":"dateTimeFormat_%X","$v":"%I:%M:%S %p"},{"$i":"shortTimeFormat","$v":"%I:%M %p"},{"$i":"shortTimeFormat12","$v":"%I:%M %p"},{"$i":"shortTimeFormat24","$v":"%H:%M"},{"$i":"shortDateTimeFormat","$v":"%x %I:%M %p"},{"$i":"weekStartsOnMonday","$v":"0.0"},{"$i":"firstDayOfTheWeek","$v":"1.0"},{"$i":"time_am","$v":"ТО"},{"$i":"time_pm","$v":"ТК"}]