[{"$i":"toast-audio-save","$v":[{"t":"idOrVar","v":"name"},"已保存。"]},{"$i":"toast-audio-discarded","$v":"录音已放弃。"},{"$i":"toast-save-rate","$v":"更改已保存。"},{"$i":"toast-audio-deleted","$v":"音频文件已删除。"},{"$i":"toast-audio-files-deleted","$v":"音频文件已删除。"},{"$i":"toast-audio-rename-ok","$v":"名称已更改。"},{"$i":"toast-audio-rename-failed","$v":"重命名失败。"},{"$i":"toast-audio-rename-empty-or-only-space","$v":"新名字不能为空或用空格命名。"},{"$i":"toast-music-library-save","$v":[{"t":"idOrVar","v":"name"}," 已另存至乐库"]},{"$i":"toast-audio-import-save","$v":[{"t":"idOrVar","v":"name"}," 保存至录音机。"]},{"$i":"toast-audio-save-failed","$v":"保存失败。"},{"$i":"new","$v":"新建"},{"$i":"option","$v":"选项"},{"$i":"play","$v":"播放"},{"$i":"ok","$v":"确定"},{"$i":"options","$v":"选项"},{"$i":"back","$v":"上一步"},{"$i":"pause","$v":"暂停"},{"$i":"cancel","$v":"取消"},{"$i":"delete","$v":"删除"},{"$i":"done","$v":"完成"},{"$i":"save","$v":"保存"},{"$i":"discard","$v":"舍弃"},{"$i":"all","$v":"全部"},{"$i":"deselect","$v":"取消选择"},{"$i":"none","$v":"无"},{"$i":"select","$v":"选择"},{"$i":"menu-header-options","$v":"选项"},{"$i":"menu-header-option","$v":"选项"},{"$i":"menu-delete","$v":"删除"},{"$i":"menu-share","$v":"分享"},{"$i":"menu-rename","$v":"重命名"},{"$i":"menu-save-as-ringtone","$v":"另存为铃声"},{"$i":"menu-settings","$v":"设置"},{"$i":"menu-volume","$v":"音量"},{"$i":"menu-save-to-music-library","$v":"保存至乐库"},{"$i":"menu-select-multiple","$v":"选择多个"},{"$i":"number-selected","$v":{"few":["已选择",{"t":"idOrVar","v":"number"},"个"],"many":["已选择",{"t":"idOrVar","v":"number"},"个"],"one":["已选择",{"t":"idOrVar","v":"number"},"个"],"other":["已选择",{"t":"idOrVar","v":"number"},"个"],"two":["已选择",{"t":"idOrVar","v":"number"},"个"],"zero":["已选择",{"t":"idOrVar","v":"number"},"个"]},"$x":[{"t":"idOrVar","v":"plural"},"number"]},{"$i":"title-audio-list","$v":"录音机"},{"$i":"title-rename","$v":"重命名"},{"$i":"title-settings","$v":"设置"},{"$i":"title-save-confirmation","$v":"确认"},{"$i":"title-delete-confirmation","$v":"确认"},{"$i":"title-recording-bitrate","$v":"录音速率"},{"$i":"title-pick-audio-list","$v":"选择一个录音"},{"$i":"dialog-delete-audio-file","$v":"是否删除音频文件？"},{"$i":"dialog-save-audio-recording","$v":"是否保存音频录音？"},{"$i":"dialog-delete-select-audio","$v":{"few":["删除",{"t":"idOrVar","v":"number"},"个录音？"],"many":["删除",{"t":"idOrVar","v":"number"},"个录音？"],"one":"删除所选录音？","other":["删除",{"t":"idOrVar","v":"number"},"个录音？"],"two":["删除",{"t":"idOrVar","v":"number"},"个录音？"]},"$x":[{"t":"idOrVar","v":"plural"},"number"]},{"$i":"settings-bitrate-8k","$v":"8K（更小尺寸）"},{"$i":"settings-bitrate-44k","$v":"44K（更大尺寸）"},{"$i":"settings-bitrate-err","$v":"设置错误"},{"$i":"audio-recorder-is-empty","$v":"没有录音，按“新建”开始录音。"},{"$i":"audio-pick-is-empty","$v":"无可用录音。"},{"$i":"input-title-enter-new-name","$v":"输入新名称"},{"$i":"new-recording","$v":"新录音"},{"$i":"save-input","placeholder":"新录音"},{"$i":"save-audio-input","$v":"名称"},{"$i":"audio-player-state","$v":"正在播放..."},{"$i":"audio-player-state-pause","$v":""},{"$i":"audio-recorder-loading","$v":"扫描音频记录..."},{"$i":"unsupport-file-name","$v":{"$o":"使用的名字不能包含不支持字符：\\/:*?\"<>|"}},{"$i":"import-file-error","$v":"此名已被使用。请另选一个名字。"},{"$i":"import-file-exist","$v":"文件名已存在。"},{"$i":"state_storage_no_memory_card","$v":"未发现存储卡。请插入存储卡。"},{"$i":"state_storage_full","$v":"手机存储已满。"},{"$i":"state_storage_full_sdcard","$v":"SD 卡已满"},{"$i":"state_storage_full_content_new","$v":"删除媒体文件或应用数据释放内存。您也可以插入SD卡来扩充媒体存储空间。"},{"$i":"state_storage_full_content_new_sdcard","$v":"删除SD卡中的文件释放内存。"},{"$i":"state_storage_full_content_record","$v":"删除媒体文件或应用数据释放内存。您也可以插入SD卡来扩充媒体存储空间。"},{"$i":"state_storage_full_content_record_sdcard","$v":"删除SD卡中的文件释放内存。"},{"$i":"state_storage_full_content_save","$v":"删除媒体文件或应用数据释放内存。您也可以插入SD卡来扩充媒体存储空间。"},{"$i":"state_storage_full_content_save_sdcard","$v":"删除SD卡中的文件释放内存。"},{"$i":"state_storage_in_use","$v":"存储正在使用中。请拔下手机。"},{"$i":"rename-same-name","$v":"名称未更改。"},{"$i":"confirmation","$v":"确认"},{"$i":"discard-confirm","$v":"删除录音？"},{"$i":"invalid-confirm","$v":"文件格式无效或不支持,无法播放。"},{"$i":"weekday-0-long","$v":"周日"},{"$i":"weekday-1-long","$v":"周一"},{"$i":"weekday-2-long","$v":"周二"},{"$i":"weekday-3-long","$v":"周三"},{"$i":"weekday-4-long","$v":"周四"},{"$i":"weekday-5-long","$v":"周五"},{"$i":"weekday-6-long","$v":"周六"},{"$i":"weekday-0-short","$v":"周日"},{"$i":"weekday-1-short","$v":"周一"},{"$i":"weekday-2-short","$v":"周二"},{"$i":"weekday-3-short","$v":"周三"},{"$i":"weekday-4-short","$v":"周四"},{"$i":"weekday-5-short","$v":"周五"},{"$i":"weekday-6-short","$v":"周六"},{"$i":"month-0-long","$v":"一月"},{"$i":"month-1-long","$v":"二月"},{"$i":"month-2-long","$v":"三月"},{"$i":"month-3-long","$v":"四月"},{"$i":"month-4-long","$v":"五月"},{"$i":"month-5-long","$v":"六月"},{"$i":"month-6-long","$v":"七月"},{"$i":"month-7-long","$v":"八月"},{"$i":"month-8-long","$v":"九月"},{"$i":"month-9-long","$v":"十月"},{"$i":"month-10-long","$v":"十一月"},{"$i":"month-11-long","$v":"十二月"},{"$i":"month-0-genitive","$v":"一月"},{"$i":"month-1-genitive","$v":"二月"},{"$i":"month-2-genitive","$v":"三月"},{"$i":"month-3-genitive","$v":"四月"},{"$i":"month-4-genitive","$v":"五月"},{"$i":"month-5-genitive","$v":"六月"},{"$i":"month-6-genitive","$v":"七月"},{"$i":"month-7-genitive","$v":"八月"},{"$i":"month-8-genitive","$v":"九月"},{"$i":"month-9-genitive","$v":"十月"},{"$i":"month-10-genitive","$v":"十一月"},{"$i":"month-11-genitive","$v":"十二月"},{"$i":"month-0-short","$v":"1 月"},{"$i":"month-1-short","$v":"2 月"},{"$i":"month-2-short","$v":"3 月"},{"$i":"month-3-short","$v":"4 月"},{"$i":"month-4-short","$v":"5 月"},{"$i":"month-5-short","$v":"6 月"},{"$i":"month-6-short","$v":"7 月"},{"$i":"month-7-short","$v":"8 月"},{"$i":"month-8-short","$v":"9 月"},{"$i":"month-9-short","$v":"10 月"},{"$i":"month-10-short","$v":"11 月"},{"$i":"month-11-short","$v":"12 月"},{"$i":"minutes-ago-long","$v":{"few":[{"t":"idOrVar","v":"value"}," 分钟前"],"many":[{"t":"idOrVar","v":"value"}," 分钟前"],"other":[{"t":"idOrVar","v":"value"}," 分钟前"],"two":[{"t":"idOrVar","v":"value"}," 分钟前"],"one":"1 分钟前","zero":"刚才"},"$x":[{"t":"idOrVar","v":"plural"},"value"]},{"$i":"hours-ago-long","$v":{"few":[{"t":"idOrVar","v":"value"}," 小时前"],"many":[{"t":"idOrVar","v":"value"}," 小时前"],"other":[{"t":"idOrVar","v":"value"}," 小时前"],"two":[{"t":"idOrVar","v":"value"}," 小时前"],"one":"1 小时前","zero":"刚才"},"$x":[{"t":"idOrVar","v":"plural"},"value"]},{"$i":"days-ago-long","$v":{"few":[{"t":"idOrVar","v":"value"}," 天前"],"many":[{"t":"idOrVar","v":"value"}," 天前"],"one":"昨天","other":[{"t":"idOrVar","v":"value"}," 天前"],"two":[{"t":"idOrVar","v":"value"}," 天前"],"zero":"今天"},"$x":[{"t":"idOrVar","v":"plural"},"value"]},{"$i":"weeks-ago-long","$v":{"few":[{"t":"idOrVar","v":"value"}," 周前"],"many":[{"t":"idOrVar","v":"value"}," 周前"],"one":"最近一周","other":[{"t":"idOrVar","v":"value"}," 周前"],"two":[{"t":"idOrVar","v":"value"}," 周前"],"zero":"本周"},"$x":[{"t":"idOrVar","v":"plural"},"value"]},{"$i":"months-ago-long","$v":{"few":[{"t":"idOrVar","v":"value"}," 月前"],"many":[{"t":"idOrVar","v":"value"}," 月前"],"one":"上月","other":[{"t":"idOrVar","v":"value"}," 月前"],"two":[{"t":"idOrVar","v":"value"}," 月前"],"zero":"本月"},"$x":[{"t":"idOrVar","v":"plural"},"value"]},{"$i":"years-ago-long","$v":{"few":[{"t":"idOrVar","v":"value"}," 年前"],"many":[{"t":"idOrVar","v":"value"}," 年前"],"one":"去年","other":[{"t":"idOrVar","v":"value"}," 年前"],"two":[{"t":"idOrVar","v":"value"}," 年前"],"zero":"今年"},"$x":[{"t":"idOrVar","v":"plural"},"value"]},{"$i":"minutes-until-long","$v":{"few":[{"t":"idOrVar","v":"value"}," 分钟内"],"many":[{"t":"idOrVar","v":"value"}," 分钟内"],"other":[{"t":"idOrVar","v":"value"}," 分钟内"],"two":[{"t":"idOrVar","v":"value"}," 分钟内"],"zero":"現在","one":"1 分钟内"},"$x":[{"t":"idOrVar","v":"plural"},"value"]},{"$i":"hours-until-long","$v":{"few":[{"t":"idOrVar","v":"value"}," 小时内"],"many":[{"t":"idOrVar","v":"value"}," 小时内"],"other":[{"t":"idOrVar","v":"value"}," 小时内"],"two":[{"t":"idOrVar","v":"value"}," 小时内"],"zero":"現在","one":"1 小时内"},"$x":[{"t":"idOrVar","v":"plural"},"value"]},{"$i":"days-until-long","$v":{"few":[{"t":"idOrVar","v":"value"}," 天内"],"many":[{"t":"idOrVar","v":"value"}," 天内"],"one":"明天","other":[{"t":"idOrVar","v":"value"}," 天内"],"two":[{"t":"idOrVar","v":"value"}," 天内"],"zero":"今天"},"$x":[{"t":"idOrVar","v":"plural"},"value"]},{"$i":"weeks-until-long","$v":{"few":[{"t":"idOrVar","v":"value"}," 周内"],"many":[{"t":"idOrVar","v":"value"}," 周内"],"one":"下周","other":[{"t":"idOrVar","v":"value"}," 周内"],"two":[{"t":"idOrVar","v":"value"}," 周内"],"zero":"本周"},"$x":[{"t":"idOrVar","v":"plural"},"value"]},{"$i":"months-until-long","$v":{"few":[{"t":"idOrVar","v":"value"}," 个月内"],"many":[{"t":"idOrVar","v":"value"}," 个月内"],"one":"下个月","other":[{"t":"idOrVar","v":"value"}," 个月内"],"two":[{"t":"idOrVar","v":"value"}," 个月内"],"zero":"本月"},"$x":[{"t":"idOrVar","v":"plural"},"value"]},{"$i":"years-until-long","$v":{"few":[{"t":"idOrVar","v":"value"}," 年内"],"many":[{"t":"idOrVar","v":"value"}," 年内"],"one":"明年","other":[{"t":"idOrVar","v":"value"}," 年内"],"two":[{"t":"idOrVar","v":"value"}," 年内"],"zero":"今年"},"$x":[{"t":"idOrVar","v":"plural"},"value"]},{"$i":"minutes-ago-short","$v":{"other":[{"t":"idOrVar","v":"value"}," 分钟前"],"zero":"刚才"},"$x":[{"t":"idOrVar","v":"plural"},"value"]},{"$i":"hours-ago-short","$v":{"other":[{"t":"idOrVar","v":"value"}," 小时前"],"zero":"刚才"},"$x":[{"t":"idOrVar","v":"plural"},"value"]},{"$i":"days-ago-short","$v":{"other":[{"t":"idOrVar","v":"value"}," 天前"],"zero":"今天"},"$x":[{"t":"idOrVar","v":"plural"},"value"]},{"$i":"minutes-until-short","$v":{"other":[{"t":"idOrVar","v":"value"}," 分内"],"zero":"現在"},"$x":[{"t":"idOrVar","v":"plural"},"value"]},{"$i":"hours-until-short","$v":{"other":[{"t":"idOrVar","v":"value"}," 小时内"],"zero":"現在"},"$x":[{"t":"idOrVar","v":"plural"},"value"]},{"$i":"days-until-short","$v":{"other":[{"t":"idOrVar","v":"value"}," 天内"],"zero":"今天"},"$x":[{"t":"idOrVar","v":"plural"},"value"]},{"$i":"incorrectDate","$v":"（日期有误）"},{"$i":"dateTimeFormat_%c","$v":"%Y年%b%d日 %a %p %I:%M:%S"},{"$i":"dateTimeFormat_%x","$v":"%Y/%m/%d"},{"$i":"dateTimeFormat_%X","$v":"%I:%M:%S %p"},{"$i":"shortTimeFormat","$v":"%p %I:%M"},{"$i":"shortTimeFormat12","$v":"%p %I:%M"},{"$i":"shortTimeFormat24","$v":"%H:%M"},{"$i":"shortDateTimeFormat","$v":"%p %x %I:%M"},{"$i":"weekStartsOnMonday","$v":"0.0"},{"$i":"firstDayOfTheWeek","$v":"0.0"},{"$i":"time_am","$v":"上午"},{"$i":"time_pm","$v":"下午"}]