[{"$i":"account","$v":"Rekening"},{"$i":"sign-in","$v":"Teken aan"},{"$i":"NewAccount","$v":"Nuwe rekening"},{"$i":"options","$v":"Opsies"},{"$i":"cancel","$v":"Kanselleer"},{"$i":"update","$v":"Werk by"},{"$i":"back","$v":"Terug"},{"$i":"uninstall","$v":"Deïnstalleer"},{"$i":"update-found","$v":"Bywerking gevind."},{"$i":"update-found-content","$v":"KaiOs Store sal outomaties toemaak en bywerk. Kom asseblief oor ’n paar oomblikke terug."},{"$i":"no-internet","$v":"Geen internet nie."},{"$i":"connection-error","$v":"Koppelingsfout."},{"$i":"enable","$v":"Aktiveer"},{"$i":"open-service","$v":"Open diens"},{"$i":"downloading","$v":"Laai af"},{"$i":"loading","$v":"Laai tans ..."},{"$i":"CAT-recommended","$v":"Aanbeveel"},{"$i":"CAT-all","$v":"Almal"},{"$i":"CAT-10","$v":"Speletjies"},{"$i":"CAT-20","$v":"Vermaak"},{"$i":"CAT-30","$v":"Sosiaal"},{"$i":"CAT-40","$v":"Kopery"},{"$i":"CAT-50","$v":"Nuus"},{"$i":"CAT-60","$v":"Nuts"},{"$i":"CAT-70","$v":"Leefstyl"},{"$i":"CAT-80","$v":"Gesondheid"},{"$i":"CAT-90","$v":"Sport"},{"$i":"CAT-100","$v":"Boeke en verwysing"},{"$i":"login-note","$v":"Welkom by die KaiOS Store. Teken asseblief die KaiOS-rekening in om te begin."},{"$i":"ok","$v":"Goed"},{"$i":"get","$v":"Kry"},{"$i":"buy","$v":"Koop"},{"$i":"go","$v":"GAAN"},{"$i":"select","$v":"KIES"},{"$i":"create","$v":"Skep"},{"$i":"skip","$v":"Slaan oor"},{"$i":"confirmation","$v":"Bevestiging"},{"$i":"uninstall-msg","$v":"Deïnstalleer hierdie toepassing?"},{"$i":"stop","$v":"Stop"},{"$i":"store","$v":"Winkel"},{"$i":"settings","$v":"Instellings"},{"$i":"privacy-policy","$v":"Privaatheidsbeleid"},{"$i":"terms-and-services","$v":"Bepalings en dienste"},{"$i":"need-help","$v":"Benodig jy hulp?"},{"$i":"auto-update","$v":"Automatiese opdatering"},{"$i":"auto-update-off","$v":"Moenie automaties opdateer nie"},{"$i":"data-enable","$v":{"$o":"Deur WiFi & Sellulêr"}},{"$i":"all-connections","$v":"Via alle verbindings"},{"$i":"wlan-only","$v":"Slegs via WLAN"},{"$i":"wifi-only","$v":"Slegs deur WiFi"},{"$i":"not-found-header","$v":"Toepassing nie gevind nie"},{"$i":"not-found-msg","$v":"Jammer, hierdie toepassing kon nie in Store gevind word nie."},{"$i":"no-price-header","$v":"Toepassing-aankoop onbeskikbaar"},{"$i":"no-price-msg","$v":"Weens probleem met SIM-kaart of verbinding. Kon nie die prys van die bediener af kry nie. Aankoopbare toepassings sal gedeaktiveer word."},{"$i":"no-internet-with-tips","$v":"Geen internet-konneksie nie. Gebruik Wi-Fi of mobiele data vir toegang tot die internet."},{"$i":"no-internet-with-tips-wlan","$v":"Geen internetverbinding nie. Gebruik WLAN of mobiele data om toegang tot die internet te kry."},{"$i":"no-available-app","$v":"Daar is nog geen toepassing beskikbaar nie."},{"$i":"pin","$v":"Pen"},{"$i":"open","$v":"Maak oop"},{"$i":"website","$v":"Webwerf"},{"$i":"unpin","$v":"Maak los"},{"$i":"unpin-msg","$v":"Maak hierdie boekmerk los?"},{"$i":"pin-completely","$v":"Hierdie webwerf was gepen aan Alle toepassings."},{"$i":"pin-bookmark-completely","$v":"Webwerf aan alle toepassings geheg."},{"$i":"unpin-bookmark-completely","$v":"Webwerf van alle toepassings ontheg."},{"$i":"fota-found-content","$v":"KaiOS-bywerking is beskikbaar. Installeer vir nuwe kenmerke en beter werkverrigting."},{"$i":"fota-update-found","$v":"Stelselbywerking beskikbaar"},{"$i":"update-available","$v":"Bywerking beskikbaar"},{"$i":"app-update-found-content","$v":[{"t":"idOrVar","v":"appName"}," bywerking is beskikbaar. Installering word aanbeveel."]},{"$i":"app-update-found-content1","$v":[{"t":"idOrVar","v":"appName"}," Bywerking is beskikbaar. Installering word aanbeveel."]},{"$i":"unpin-msg-with-name","$v":["Haal ",{"t":"idOrVar","v":"appName"}," se boekmerk af?"]},{"$i":"uninstall-msg-with-name","$v":["Verwyder ",{"t":"idOrVar","v":"appName"},"?"]},{"$i":"network-issue-title","$v":"Netwerkfout"},{"$i":"network-issue-detail","$v":"Gaan jou internetverbinding na."},{"$i":"device-issue-title","$v":"Probleem met installering"},{"$i":"device-issue-detail","$v":"Daar was ‘n probleem."},{"$i":"install-generic-error","$v":"Aflaai nie voltooi nie."},{"$i":"install","$v":"Installeer"},{"$i":"dismiss","$v":"Verwerp"},{"$i":"new-app-recommended","$v":"Die KaiOS-winkel beveel hierdie nuwe toepassing aan."},{"$i":"show-rich-content","$v":"Toon ryk inhound"},{"$i":"do-not-show","$v":"Moet nie wys nie"},{"$i":"free","$v":"Gratis"},{"$i":"data-enable-short","$v":{"$o":"WiFi & Sellulêr"}},{"$i":"wifi-only-short","$v":"Slegs WiFi"},{"$i":"open-url","$v":"Maak URL oop"},{"$i":"version","$v":"Weergawe"},{"$i":"uninstalled-msg-with-name","$v":[{"t":"idOrVar","v":"appName"}," gedeïnstalleer."]},{"$i":"restart-phone-msg","$v":"Herbegin u foon om u KaiOS-ervaring te maksimeer."},{"$i":"settings-and-account","$v":"Instellings en rekening"},{"$i":"like","$v":"Keur op"},{"$i":"unlike","$v":"Kanselleer opkeur"},{"$i":"unliked-an-app-msg","$v":"U het hierdie miniprogram se opkeur gekanselleer"},{"$i":"store-update-and-launch","$v":"Winkelbywerking is beskikbaar. Druk Oukei om Winkel te begin."},{"$i":"app-push-launch-action","$v":"GAAN"},{"$i":"app-push-launch-content","$v":["Ons mis u op ",{"t":"idOrVar","v":"appName"},". Kom besoek ons gerus."]}]