[{"$i":"account","$v":"Account"},{"$i":"sign-in","$v":"চাইন ইন কৰক"},{"$i":"NewAccount","$v":"নতুন একাউণ্ট"},{"$i":"options","$v":"বিকল্পসমূহ"},{"$i":"cancel","$v":"বাতিল কৰক"},{"$i":"update","$v":"আপডেট কৰক"},{"$i":"back","$v":"পিছলৈ যাওঁক"},{"$i":"uninstall","$v":"আনইনষ্টল কৰক"},{"$i":"update-found","$v":"আপডেট পোৱা গৈছে"},{"$i":"update-found-content","$v":"কাই.অ’.এছ ষ্টোৰ বন্ধ হ'ব আৰু স্বয়ংক্ৰিয়ভাৱে আপডেট হ’ব। অনুগ্ৰহ কৰি কিছু সময়ৰ ভিতৰত ঘূৰি আহক।"},{"$i":"no-internet","$v":"কোনো ইণ্টাৰনেট নাই"},{"$i":"connection-error","$v":"সংযোগত ত্ৰুটি।"},{"$i":"enable","$v":"সক্ষম কৰক"},{"$i":"open-service","$v":"অ'পেন সেৱা"},{"$i":"downloading","$v":"ডাউনলোড হৈ আছে"},{"$i":"loading","$v":"লোড হৈ আছে..."},{"$i":"CAT-recommended","$v":"Recommended"},{"$i":"CAT-all","$v":"সকলো"},{"$i":"CAT-10","$v":"খেলসমূহ"},{"$i":"CAT-20","$v":"মনোৰঞ্জন"},{"$i":"CAT-30","$v":"ছ’চিয়েল"},{"$i":"CAT-40","$v":"শ্বপিং"},{"$i":"CAT-50","$v":"সংৱাদ"},{"$i":"CAT-60","$v":"উপযোগিতাসমূহ"},{"$i":"CAT-70","$v":"জীৱনশৈলী"},{"$i":"CAT-80","$v":"স্বাস্থ্য"},{"$i":"CAT-90","$v":"খেলসমূহ"},{"$i":"CAT-100","$v":"কিতাপ আৰু প্ৰসঙ্গ"},{"$i":"login-note","$v":"কাই.অ’.এছ ষ্টোৰলৈ স্বাগতম । অনুগ্ৰহ কৰি আৰম্ভ কৰিবলৈ কাই.অ’.এছ একাউণ্টত চাইন ইন কৰক।"},{"$i":"ok","$v":"ঠিক আছে"},{"$i":"get","$v":"পাওঁক"},{"$i":"buy","$v":"Buy"},{"$i":"go","$v":"যাওঁক"},{"$i":"select","$v":"বাছনি কৰক"},{"$i":"create","$v":"বনাওঁক"},{"$i":"skip","$v":"স্কিপ"},{"$i":"confirmation","$v":"নিশ্চিতিকৰণ"},{"$i":"uninstall-msg","$v":"এইটো এপ আইনষ্টল কৰিব ?"},{"$i":"stop","$v":"ৰখক"},{"$i":"store","$v":"ষ্টোৰ"},{"$i":"settings","$v":"ছেটিংছ"},{"$i":"privacy-policy","$v":"Privacy Policy"},{"$i":"terms-and-services","$v":"Terms and Services"},{"$i":"need-help","$v":"Need Help?"},{"$i":"auto-update","$v":"স্বয়ংক্ৰিয় আপডেট"},{"$i":"auto-update-off","$v":"স্বয়ংক্ৰিয় আপডেট নকৰিব"},{"$i":"data-enable","$v":"ৱাইফাই আৰু চেলুলাৰৰ জৰিয়তে"},{"$i":"all-connections","$v":"Through all connections"},{"$i":"wlan-only","$v":"Only through WLAN"},{"$i":"wifi-only","$v":"কেৱল ৱাইফাইৰ জৰিয়তে"},{"$i":"not-found-header","$v":"এপ পোৱা নগ'ল"},{"$i":"not-found-msg","$v":"আমি দুঃখিত, অনুৰোধ কৰা এপটো ষ্টোৰত বিচাৰি পোৱা নগ'ল।"},{"$i":"no-price-header","$v":"App Purchase Unavailable"},{"$i":"no-price-msg","$v":"Due to SIM card or connection issue. Unable to retrieve price info from server. Purchasable apps will be disabled."},{"$i":"no-internet-with-tips","$v":"কোনো ইণ্টাৰনেট সংযোগ নাই। ইণ্টাৰনেট এক্সেছ কৰিবলৈ ৱাই-ফাই বা ম’বাইল ডাটা ব্যৱহাৰ কৰক।"},{"$i":"no-internet-with-tips-wlan","$v":"No internet connection. Use WLAN or mobile data to access the internet."},{"$i":"no-available-app","$v":"There is no application available yet."},{"$i":"pin","$v":"পিন"},{"$i":"open","$v":"খোলক"},{"$i":"website","$v":"ৱেবচাইট"},{"$i":"unpin","$v":"আনপিন কৰক"},{"$i":"unpin-msg","$v":"এই বুকমাৰ্কটো আনপিন কৰিবনে ?"},{"$i":"pin-completely","$v":"এই ৱেবচাইটটো সকলোবোৰ এপলৈ পিন কৰা হৈছে ।"},{"$i":"pin-bookmark-completely","$v":"Website Pinned to All Apps"},{"$i":"unpin-bookmark-completely","$v":"Website Unpinned from All Apps"},{"$i":"fota-found-content","$v":"কাই.অ'.এছ আপডেট উপলব্ধ । নতুন ফীচাৰ আৰু উন্নত প্ৰদৰ্শনৰ বাবে ইনষ্টল কৰক ।"},{"$i":"fota-update-found","$v":"চিষ্টেম আপডেট উপলব্ধ"},{"$i":"update-available","$v":"আপডেট উপলব্ধ"},{"$i":"app-update-found-content","$v":[{"t":"idOrVar","v":"appName"}," আপডেট উপলব্ধ । ইনষ্টল কৰিবৰ বাবে প্ৰস্তাৱিত কৰা হৈছে । (ইনষ্টলমেণ্ট - ইনষ্টলেছন)"]},{"$i":"app-update-found-content1","$v":[{"t":"idOrVar","v":"appName"}," update is available. Installation is recommended."]},{"$i":"unpin-msg-with-name","$v":[{"t":"idOrVar","v":"appName"},"বুকমাৰ্ক আনপিন কৰিব নেকি ?"]},{"$i":"uninstall-msg-with-name","$v":[{"t":"idOrVar","v":"appName"},"আনইনষ্টল কৰিব নেকি ?"]},{"$i":"network-issue-title","$v":"নেটৱৰ্ক ত্ৰুতি"},{"$i":"network-issue-detail","$v":"অনুগ্ৰহ কৰি আপোনাৰ সংযোগ পৰীক্ষা কৰক ।"},{"$i":"device-issue-title","$v":"ইনষ্টলত ত্ৰুতি"},{"$i":"device-issue-detail","$v":"এটা সমস্যা হৈছে ।"},{"$i":"install-generic-error","$v":"ডাউনলোড বন্ধ হৈছে ।"},{"$i":"install","$v":"Install"},{"$i":"dismiss","$v":"Dismiss"},{"$i":"new-app-recommended","$v":"New App Recommended by KaiOS Store."},{"$i":"show-rich-content","$v":"Show rich content"},{"$i":"do-not-show","$v":"Do not show"},{"$i":"free","$v":"Free"},{"$i":"data-enable-short","$v":{"$o":"WiFi & Cellular"}},{"$i":"wifi-only-short","$v":"WiFi Only"},{"$i":"open-url","$v":"Open URL"},{"$i":"version","$v":"Version"},{"$i":"uninstalled-msg-with-name","$v":[{"t":"idOrVar","v":"appName"}," uninstalled."]},{"$i":"restart-phone-msg","$v":"Please restart your phone to maximize your KaiOS experience."},{"$i":"settings-and-account","$v":{"$o":"Settings & Account"}},{"$i":"like","$v":"Like"},{"$i":"unlike","$v":"Unlike"},{"$i":"unliked-an-app-msg","$v":"You unliked this app"},{"$i":"store-update-and-launch","$v":"Store update is available. Press ok to launch Store."},{"$i":"app-push-launch-action","$v":"Go"},{"$i":"app-push-launch-content","$v":["We miss you at ",{"t":"idOrVar","v":"appName"},", Come back to visit us."]}]