[{"$i":"account","$v":"Hesab"},{"$i":"sign-in","$v":"Daxil Ol"},{"$i":"NewAccount","$v":"İdman"},{"$i":"options","$v":"Seçimlər"},{"$i":"cancel","$v":"Ləğv et"},{"$i":"update","$v":"Yenilə"},{"$i":"back","$v":"Geriyə"},{"$i":"uninstall","$v":"Ləğv et"},{"$i":"update-found","$v":"Yeniləmə tapıldı."},{"$i":"update-found-content","$v":"KaiOS Store bağlanacaq və avtomatik yeniləcək. Bir neçə dəqiqə sonra qayıdın."},{"$i":"no-internet","$v":"İnternet yoxdur."},{"$i":"connection-error","$v":"Bağlantı xətası."},{"$i":"enable","$v":"Aktiv et"},{"$i":"open-service","$v":"Xidməti aç"},{"$i":"downloading","$v":"Yükləmə"},{"$i":"loading","$v":"Yüklənir..."},{"$i":"CAT-recommended","$v":"Tövsiyə olunur"},{"$i":"CAT-all","$v":"Hamısı"},{"$i":"CAT-10","$v":"Oyunlar"},{"$i":"CAT-20","$v":"Əyləncə"},{"$i":"CAT-30","$v":"Sosial"},{"$i":"CAT-40","$v":"Alış-veriş"},{"$i":"CAT-50","$v":"Xəbərlər"},{"$i":"CAT-60","$v":"Utilitlər"},{"$i":"CAT-70","$v":"Həyat təriz"},{"$i":"CAT-80","$v":"Sağlamlıq"},{"$i":"CAT-90","$v":"Sports"},{"$i":"CAT-100","$v":"Kitab və İstinad"},{"$i":"login-note","$v":"KaiOS Store-a xoş gəlmisiniz. Başlamaq üçün KaiOS hesabınıza daxil olun."},{"$i":"ok","$v":"OK"},{"$i":"get","$v":"Əldə edin"},{"$i":"buy","$v":"Al"},{"$i":"go","$v":"KEÇ"},{"$i":"select","$v":"SEÇ"},{"$i":"create","$v":"Yarat"},{"$i":"skip","$v":"Buraxmaq"},{"$i":"confirmation","$v":"Təsdiqlənmə"},{"$i":"uninstall-msg","$v":"Bu proqramı pozmaq?"},{"$i":"stop","$v":"Dayandırmaq"},{"$i":"store","$v":"Dükan"},{"$i":"settings","$v":"Ayarlar"},{"$i":"privacy-policy","$v":"Məxfilik Siyasəti"},{"$i":"terms-and-services","$v":"Şərtlər və Xidmətlər"},{"$i":"need-help","$v":"Köməyə ehtiyacınız var?"},{"$i":"auto-update","$v":"Avtomatik yeniləmək"},{"$i":"auto-update-off","$v":"Avtomatik yeniləməmək"},{"$i":"data-enable","$v":"Wi-Fi və mobil internet vasitəsilə"},{"$i":"all-connections","$v":"Bütün bağlantılar vasitəsilə"},{"$i":"wlan-only","$v":"Yalnız WLAN vasitəsilə"},{"$i":"wifi-only","$v":"Yalnız Wi-Fi vasitəsilə"},{"$i":"not-found-header","$v":"Proqram tapılmadı"},{"$i":"not-found-msg","$v":"Əfsuslar olsun ki, axtarılan proqram Store-da tapılmadı."},{"$i":"no-price-header","$v":"Tətbiqin alışı mümkün deyil"},{"$i":"no-price-msg","$v":"SİM kart və ya bağlantı probleminə görə. Serverdən qiymətlə bağlı məlumatı əldə etmək olmur. Satın alına bilən tətbiqlər deaktiv ediləcəkdir."},{"$i":"no-internet-with-tips","$v":"İnternet bağlantısı yoxdur. İnternetə daxil olmaq üçün Wi-Fi və ya mobil internetdən istifadə edin."},{"$i":"no-internet-with-tips-wlan","$v":"İnternet bağlantısı yoxdur. İnternetə giriş üçün WLAN və ya mobil məlumatdan istifadə edin."},{"$i":"no-available-app","$v":"Hələlik heç bir tətbiq mövcud deyil."},{"$i":"pin","$v":"Bərkidin"},{"$i":"open","$v":"AÇIN"},{"$i":"website","$v":"İnternet səhifəsi"},{"$i":"unpin","$v":"Çıxarın"},{"$i":"unpin-msg","$v":"Bu əlfəçini çıxarın"},{"$i":"pin-completely","$v":"Bu veb səhifə bütün applikasiyalara daxil edilmişdir "},{"$i":"pin-bookmark-completely","$v":"Vebsayt bütün tətbiqlərə daxil edilib"},{"$i":"unpin-bookmark-completely","$v":"Vebsayt bütün tətbiqlərdən çıxarılıb"},{"$i":"fota-found-content","$v":"KaiOS yeniləməsi mövcuddur. Yeni funksiyalar və daha yaxşı işləmə üçün quraşdırın."},{"$i":"fota-update-found","$v":"Sistem yeniləməsi mövcuddur"},{"$i":"update-available","$v":"Yeniləmə mövcuddur"},{"$i":"app-update-found-content","$v":[{"t":"idOrVar","v":"appName"}," yeniləməsi mövcuddur. Quraşdırma tövsiyə edilir."]},{"$i":"app-update-found-content1","$v":[{"t":"idOrVar","v":"appName"}," yeniləməsi mümkündür. Quraşdırma tövsiyə olunur."]},{"$i":"unpin-msg-with-name","$v":[{"t":"idOrVar","v":"appName"}," üçün əlfəcini çıxardaq?"]},{"$i":"uninstall-msg-with-name","$v":[{"t":"idOrVar","v":"appName"}," silək?"]},{"$i":"network-issue-title","$v":"Şəbəkə xətası"},{"$i":"network-issue-detail","$v":"Bağlantınızı yoxlayın."},{"$i":"device-issue-title","$v":"Quraşdırma xətası"},{"$i":"device-issue-detail","$v":"Problem yarandı."},{"$i":"install-generic-error","$v":"Yüklənmə dayandı."},{"$i":"install","$v":"Quraşdır"},{"$i":"dismiss","$v":"İmtina et"},{"$i":"new-app-recommended","$v":"KaiOS Mağazası tərəfindən tövsiyə olunan yeni tətbiq."},{"$i":"show-rich-content","$v":"ətraflı-kontenti-göstər"},{"$i":"do-not-show","$v":"göstərmə"},{"$i":"free","$v":"Pulsuz"},{"$i":"data-enable-short","$v":"Wi-Fi və mobil"},{"$i":"wifi-only-short","$v":"Yalnız Wi-Fi"},{"$i":"open-url","$v":"URL ünvanına keç"},{"$i":"version","$v":"Versiya"},{"$i":"uninstalled-msg-with-name","$v":[{"t":"idOrVar","v":"appName"}," silinib."]},{"$i":"restart-phone-msg","$v":"KaiOS təcrübəsindən tam yararlanmaq üçün telefonu yenidən başladın."},{"$i":"settings-and-account","$v":"Parametrlər və Hesab"},{"$i":"like","$v":"Bəyən"},{"$i":"unlike","$v":"Bəyənmə"},{"$i":"unliked-an-app-msg","$v":"Bu proqramı bəyənmədiniz"},{"$i":"store-update-and-launch","$v":"Mağaza yeniləməsi əlçatandır. Mağazanı işə salmaq üçün ok seçiminə basın."},{"$i":"app-push-launch-action","$v":"KEÇ"},{"$i":"app-push-launch-content","$v":[{"t":"idOrVar","v":"appName"}," proqramında yoxsunuz. Bizi ziyarət etmək üçün geri qayıdın."]}]