[{"$i":"account","$v":"Акаунт"},{"$i":"sign-in","$v":"Вход"},{"$i":"NewAccount","$v":"Нов акаунт"},{"$i":"options","$v":"Опции"},{"$i":"cancel","$v":"Отказ"},{"$i":"update","$v":"Актуализ."},{"$i":"back","$v":"Назад"},{"$i":"uninstall","$v":"Деинсталиране"},{"$i":"update-found","$v":"Актуал. е намерена."},{"$i":"update-found-content","$v":"Магазинът на KaiOS ще се затвори и ще се актуализира автоматично. Върнете се след малко."},{"$i":"no-internet","$v":"Няма интернет."},{"$i":"connection-error","$v":"Грешка при свърз."},{"$i":"enable","$v":"Активиране"},{"$i":"open-service","$v":"Отв. услуга"},{"$i":"downloading","$v":"Изтегляне"},{"$i":"loading","$v":"Зареждане..."},{"$i":"CAT-recommended","$v":"Препоръчано"},{"$i":"CAT-all","$v":"Всички"},{"$i":"CAT-10","$v":"Игри"},{"$i":"CAT-20","$v":"Забавления"},{"$i":"CAT-30","$v":"Социални"},{"$i":"CAT-40","$v":"Пазаруване"},{"$i":"CAT-50","$v":"Новини"},{"$i":"CAT-60","$v":"Пом. прог."},{"$i":"CAT-70","$v":"Нач. на жив."},{"$i":"CAT-80","$v":"Здраве"},{"$i":"CAT-90","$v":"Спорт"},{"$i":"CAT-100","$v":"Книги и справки"},{"$i":"login-note","$v":"Добре дошли в магазина на KaiOS. Влезте в акаунта си в KaiOS, за да започнете."},{"$i":"ok","$v":"OK"},{"$i":"get","$v":"Получаване"},{"$i":"buy","$v":"Купуване"},{"$i":"go","$v":"КЪМ"},{"$i":"select","$v":"ИЗБОР"},{"$i":"create","$v":"Създаване"},{"$i":"skip","$v":"Пропуснете"},{"$i":"confirmation","$v":"Потвърждаване"},{"$i":"uninstall-msg","$v":"Деинсталиране на приложението?"},{"$i":"stop","$v":"Стоп"},{"$i":"store","$v":"Магазин"},{"$i":"settings","$v":"Настройки"},{"$i":"privacy-policy","$v":"Политика за поверителност"},{"$i":"terms-and-services","$v":"Условия и услуги"},{"$i":"need-help","$v":"Нужда от помощ?"},{"$i":"auto-update","$v":"Автоматично актуализиране"},{"$i":"auto-update-off","$v":"Без автоматично актуализиране"},{"$i":"data-enable","$v":"Чрез Wi-Fi и мобилни данни"},{"$i":"all-connections","$v":"Чрез всички връзки"},{"$i":"wlan-only","$v":"Само чрез WLAN"},{"$i":"wifi-only","$v":"Само чрез Wi-Fi"},{"$i":"not-found-header","$v":"Приложението не е намерено"},{"$i":"not-found-msg","$v":"Съжаляваме, желаното приложение не беше намерено в магазина за приложения."},{"$i":"no-price-header","$v":"Недостъпна покупка на приложения"},{"$i":"no-price-msg","$v":"Поради проблем със SIM картата или с връзката. Информацията за цените не може да бъде извлечена от сървъра. Приложенията, които могат да бъдат закупени, ще бъдат деактивирани."},{"$i":"no-internet-with-tips","$v":"Няма връзка с интернет. Моля, свържете се към Wi-Fi или мобилни данни, за да получите достъп до интернет."},{"$i":"no-internet-with-tips-wlan","$v":"Няма интернет връзка. Използвайте WLAN или мобилни данни за достъп до интернет."},{"$i":"no-available-app","$v":"Все още няма налично приложение."},{"$i":"pin","$v":"Закачи"},{"$i":"open","$v":"ОТВАРЯНЕ"},{"$i":"website","$v":"Уебсайт"},{"$i":"unpin","$v":"Премахване"},{"$i":"unpin-msg","$v":"Премахване на тази отметка?"},{"$i":"pin-completely","$v":"Този уебсайт беше закачен към „Всички приложения“."},{"$i":"pin-bookmark-completely","$v":"Уебсайтът е прикачен към всички приложения"},{"$i":"unpin-bookmark-completely","$v":"Уебсайт, откачен от всички приложения"},{"$i":"fota-found-content","$v":"Налична е актуализация за KaiOS. Инсталирайте за нови функции и по-добро функциониране."},{"$i":"fota-update-found","$v":"Налична е системна актуализация"},{"$i":"update-available","$v":"Налична актуализация"},{"$i":"app-update-found-content","$v":["Налична е актуализация за ",{"t":"idOrVar","v":"appName"},". Инсталирането е препоръчително."]},{"$i":"app-update-found-content1","$v":["Налична е актуализацията на ",{"t":"idOrVar","v":"appName"},". Препоръчва се инсталиране."]},{"$i":"unpin-msg-with-name","$v":["Премахване на отметката на ",{"t":"idOrVar","v":"appName"}," ?"]},{"$i":"uninstall-msg-with-name","$v":["Деинсталиране на ",{"t":"idOrVar","v":"appName"},"?"]},{"$i":"network-issue-title","$v":"Мрежова грешка"},{"$i":"network-issue-detail","$v":"Моля, проверете връзката."},{"$i":"device-issue-title","$v":"Грешка при инсталиране"},{"$i":"device-issue-detail","$v":"Възникна проблем."},{"$i":"install-generic-error","$v":"Изтеглянето спря."},{"$i":"install","$v":"Инсталиране"},{"$i":"dismiss","$v":"Отхвърляне"},{"$i":"new-app-recommended","$v":"Ново приложение, препоръчано от KaiOS Store."},{"$i":"show-rich-content","$v":"Покажи разширено съдържание"},{"$i":"do-not-show","$v":"Не показвай"},{"$i":"free","$v":"Безплатно"},{"$i":"data-enable-short","$v":"Wi-Fi и мобилни данни"},{"$i":"wifi-only-short","$v":"Само Wi-Fi"},{"$i":"open-url","$v":"Отваряне на URL адрес"},{"$i":"version","$v":"Версия"},{"$i":"uninstalled-msg-with-name","$v":["Инсталирано е ",{"t":"idOrVar","v":"appName"},"."]},{"$i":"restart-phone-msg","$v":"Моля, рестартирайте телефона си, за да подобрите опита си с KaiOS. "},{"$i":"settings-and-account","$v":"Настройки и акаунт"},{"$i":"like","$v":"Харесвам"},{"$i":"unlike","$v":"Не харесвам"},{"$i":"unliked-an-app-msg","$v":"Вие не харесвате това приложение"},{"$i":"store-update-and-launch","$v":"Налична е актуализация на Магазина. Натиснете OK, за да стартирате Магазина."},{"$i":"app-push-launch-action","$v":"КЪМ"},{"$i":"app-push-launch-content","$v":["Липсвате ни в ",{"t":"idOrVar","v":"appName"},", върнете се да ни посетите."]}]