[{"$i":"account","$v":"অ্যাকাউন্ট"},{"$i":"sign-in","$v":"সাইন ইন করুন"},{"$i":"NewAccount","$v":"নতুন অ্যাকাউন্ট"},{"$i":"options","$v":"বিকল্পগুলি"},{"$i":"cancel","$v":"বাতিল করুন"},{"$i":"update","$v":"আপডেট করুন"},{"$i":"back","$v":"ফিরে যান"},{"$i":"uninstall","$v":"আনইনস্টল করুন"},{"$i":"update-found","$v":"আপডেট পাওয়া গেছে I"},{"$i":"update-found-content","$v":"Kaios স্টোর স্বয়ংক্রিয়ভাবে বন্ধ এবং আপডেট হবে। দয়া করে কয়েক মুহূর্তের মধ্যে ফিরে আসুন।"},{"$i":"no-internet","$v":"কোনো ইন্টারনেট নেই I"},{"$i":"connection-error","$v":"সংযোগ ত্রুটি I"},{"$i":"enable","$v":"সক্ষম করুন"},{"$i":"open-service","$v":"খোলা সার্ভিস"},{"$i":"downloading","$v":"ডাউনলোড হচ্ছে"},{"$i":"loading","$v":"লোড হচ্ছে..."},{"$i":"CAT-recommended","$v":"সুপারিশ করা হয়েছে"},{"$i":"CAT-all","$v":"সমস্ত"},{"$i":"CAT-10","$v":"গেমস"},{"$i":"CAT-20","$v":"বিনোদন"},{"$i":"CAT-30","$v":"সামাজিক"},{"$i":"CAT-40","$v":"শপিং"},{"$i":"CAT-50","$v":"সংবাদ"},{"$i":"CAT-60","$v":"উপযোগিতাসমূহ"},{"$i":"CAT-70","$v":"জীবনশৈলী"},{"$i":"CAT-80","$v":"স্বাস্থ্য"},{"$i":"CAT-90","$v":"স্পোর্টস"},{"$i":"CAT-100","$v":"বই এবং রেফারেন্স"},{"$i":"login-note","$v":"Kaios স্টোর এ স্বাগতম I শুরু করতে Kaios অ্যাকাউন্টে সাইন ইন করুন I"},{"$i":"ok","$v":"ঠিক আছে"},{"$i":"get","$v":"পান"},{"$i":"buy","$v":"কিনুন"},{"$i":"go","$v":"যান"},{"$i":"select","$v":"নির্বাচন করুন"},{"$i":"create","$v":"তৈরি করুন"},{"$i":"skip","$v":"স্কিপ"},{"$i":"confirmation","$v":"নিশ্চিতকরণ"},{"$i":"uninstall-msg","$v":"এই অ্যাপটি আনইনস্টল করবেন?"},{"$i":"stop","$v":"বন্ধ"},{"$i":"store","$v":"স্টোর"},{"$i":"settings","$v":"সেটিংস"},{"$i":"privacy-policy","$v":"গোপনীয়তা নীতি"},{"$i":"terms-and-services","$v":"শর্ত ও পরিষেবা"},{"$i":"need-help","$v":"সাহায্যের প্রয়োজন?"},{"$i":"auto-update","$v":"স্বতঃ আপডেট"},{"$i":"auto-update-off","$v":"স্বতঃ আপডেট করবেন না"},{"$i":"data-enable","$v":"ওয়াই-ফাই ও সেলুলারের মাধ্যমে"},{"$i":"all-connections","$v":"সমস্ত কানেকশনের মাধ্যমে"},{"$i":"wlan-only","$v":"কেবলমাত্র WLAN-এর মাধ্যমে"},{"$i":"wifi-only","$v":"শুধুমাত্র ওয়াই-ফাই এর মাধ্যমে"},{"$i":"not-found-header","$v":"অ্যাপ খুঁজে পাওয়া যায়নি"},{"$i":"not-found-msg","$v":"আমরা দুঃখিত, অনুরোধ করা অ্যাপটি স্টোরে খুঁজে পাওয়া যায়নি।"},{"$i":"no-price-header","$v":"অ্যাপ কেনা যাবে না"},{"$i":"no-price-msg","$v":"সিম কার্ড অথবা সংযোগের সমস্যা। সার্ভার থেকে মূল্যের তথ্য আনতে পারেনি। ক্রয়যোগ্য অ্যাপ নিষ্ক্রিয় করা হবে।"},{"$i":"no-internet-with-tips","$v":"ইন্টারনেট সংযোগ নেই। ইন্টারনেট অ্যাক্সেস করতে ওয়াই-ফাই অথবা মোবাইল ডেটা ব্যবহার করুন"},{"$i":"no-internet-with-tips-wlan","$v":"ইন্টারনেট নেই। ইন্টারনেটের জন্য WLAN বা মোবাইল ডেটা ব্যবহার করুন।"},{"$i":"no-available-app","$v":"এখনও পর্যন্ত কোনো অ্যাপ্লিকেশন উপলভ্য নেই।"},{"$i":"pin","$v":"পিন"},{"$i":"open","$v":"খুলুন"},{"$i":"website","$v":"ওয়েবসাইট"},{"$i":"unpin","$v":"আনপিন করুন"},{"$i":"unpin-msg","$v":"এই বুকমার্ক কি আনপিন করবেন?"},{"$i":"pin-completely","$v":"এই ওয়েবসাইটটি সব অ্যাপে পিন করা হয়েছে।"},{"$i":"pin-bookmark-completely","$v":"সমস্ত অ্যাপের জন্য ওয়েবসাইট পিন করা হয়েছে।"},{"$i":"unpin-bookmark-completely","$v":"সমস্ত অ্যাপ থেকে ওয়েবসাইট আনপিন করা হয়েছে"},{"$i":"fota-found-content","$v":"কাই.ও.এস আপডেট উপলব্ধ আছে। নতুন বৈশিষ্ট্য এবং ভাল পারফরমেন্সের জন্য ইনস্টল করুন।"},{"$i":"fota-update-found","$v":"সিস্টেম আপডেট উপলব্ধ আছে"},{"$i":"update-available","$v":"আপডেট উপলব্ধ আছে"},{"$i":"app-update-found-content","$v":[{"t":"idOrVar","v":"appName"}," আপডেট উপলব্ধ আছে। ইনস্টল করার জন্য সুপারিশ করা হয়েছে। (ইন্সটলমেন্ট - ইনস্টলেশন)"]},{"$i":"app-update-found-content1","$v":[{"t":"idOrVar","v":"appName"}," আপডেট উপলভ্য। ইনস্টলেশনের সুপারিশ করা হয়েছে।"]},{"$i":"unpin-msg-with-name","$v":[{"t":"idOrVar","v":"appName"},"এর বুকমার্ক আনপিন করবেন?"]},{"$i":"uninstall-msg-with-name","$v":[{"t":"idOrVar","v":"appName"},"টি আনইনস্টল করবেন?"]},{"$i":"network-issue-title","$v":"নেটওয়ার্কে ত্রুটি "},{"$i":"network-issue-detail","$v":"অনুগ্রহ করে আপনার সংযোগ চেক করুন"},{"$i":"device-issue-title","$v":"ইনস্টলে ত্রুটি"},{"$i":"device-issue-detail","$v":"একটি সমস্যা দেখা দিয়েছে।"},{"$i":"install-generic-error","$v":"ডাউনলোড বন্ধ হয়েগেছে I"},{"$i":"install","$v":"ইনস্টল করুন"},{"$i":"dismiss","$v":"বাতিল করুন"},{"$i":"new-app-recommended","$v":"কাই ও.এস স্টোরের প্রস্তাবিত নতুন অ্যাপ"},{"$i":"show-rich-content","$v":"সমৃদ্ধ বিষয়বস্তু দেখান"},{"$i":"do-not-show","$v":"দেখাবেন না"},{"$i":"free","$v":"বিনামূল্যে"},{"$i":"data-enable-short","$v":"ওয়াইফাই ও সেলুলার"},{"$i":"wifi-only-short","$v":"শুধুমাত্র ওয়াইফাই"},{"$i":"open-url","$v":"URL ওপেন করুন"},{"$i":"version","$v":"সংস্করণ"},{"$i":"uninstalled-msg-with-name","$v":[{"t":"idOrVar","v":"appName"}," আনইনস্টল করা হয়েছে ।"]},{"$i":"restart-phone-msg","$v":{"$o":"আপনার কাই.ও.এস_x000D_&#10; অভিজ্ঞতাকে ভালো করতে অনুগ্রহ করে আপনার ফোন রিস্টার্ট করুন।"}},{"$i":"settings-and-account","$v":"সেটিংস এবং অ্যাকাউন্ট"},{"$i":"like","$v":"পছন্দ"},{"$i":"unlike","$v":"অপছন্দ"},{"$i":"unliked-an-app-msg","$v":"আপনি এই অ্যাপটি অপছন্দ করেছিলেন"},{"$i":"store-update-and-launch","$v":"স্টোর আপডেট উপলব্ধ আছে। স্টোর লঞ্চ করতে ঠিক আছে প্রেস করুন।"},{"$i":"app-push-launch-action","$v":"যান"},{"$i":"app-push-launch-content","$v":["আমরা আপনাকে ",{"t":"idOrVar","v":"appName"}," এ মিস করি, আমাদের সাথে দেখা করতে ফিরে আসুন।"]}]