[{"$i":"account","$v":"Compte"},{"$i":"sign-in","$v":"Inicia la sessió"},{"$i":"NewAccount","$v":"Compte nou"},{"$i":"options","$v":"Opcions"},{"$i":"cancel","$v":"Cancel·la"},{"$i":"update","$v":"Actualitza"},{"$i":"back","$v":"Enrere"},{"$i":"uninstall","$v":"Desinstal·la"},{"$i":"update-found","$v":"Actualització disponible."},{"$i":"update-found-content","$v":"KaiOS Store es tancarà i s’actualitzarà automàticament. Torneu a entrar d’aquí a uns segons."},{"$i":"no-internet","$v":"Sense connexió a Internet."},{"$i":"connection-error","$v":"Error de connexió."},{"$i":"enable","$v":"activa"},{"$i":"open-service","$v":"Obre el servei"},{"$i":"downloading","$v":"S’està baixant…"},{"$i":"loading","$v":"S’està carregant…"},{"$i":"CAT-recommended","$v":"Recomanat"},{"$i":"CAT-all","$v":"Tot"},{"$i":"CAT-10","$v":"Jocs"},{"$i":"CAT-20","$v":"Entreteniment"},{"$i":"CAT-30","$v":"Social"},{"$i":"CAT-40","$v":"Compres"},{"$i":"CAT-50","$v":"Notícies"},{"$i":"CAT-60","$v":"Eines"},{"$i":"CAT-70","$v":"Estil de vida"},{"$i":"CAT-80","$v":"Salut"},{"$i":"CAT-90","$v":"Esports"},{"$i":"CAT-100","$v":"Llibres i referències"},{"$i":"login-note","$v":"Us donem la benvinguda a la KaiOS Store. Inicieu la sessió al compte de KaiOS per començar."},{"$i":"ok","$v":"D’acord"},{"$i":"get","$v":"Obtén"},{"$i":"buy","$v":"Compra"},{"$i":"go","$v":"CONTINUA"},{"$i":"select","$v":"SELECCIONA"},{"$i":"create","$v":"Crea"},{"$i":"skip","$v":"Omet"},{"$i":"confirmation","$v":"Confirmació"},{"$i":"uninstall-msg","$v":"Voleu desinstal·lar aquesta aplicació?"},{"$i":"stop","$v":"Atura"},{"$i":"store","$v":"Botiga"},{"$i":"settings","$v":"Configuració"},{"$i":"privacy-policy","$v":"Política de privadesa"},{"$i":"terms-and-services","$v":"Termes i serveis"},{"$i":"need-help","$v":"Necessiteu ajuda?"},{"$i":"auto-update","$v":"Actualitza automàticament"},{"$i":"auto-update-off","$v":"No actualitzis automàticament"},{"$i":"data-enable","$v":"A través de Wi-Fi i dades mòbils"},{"$i":"all-connections","$v":"A través de totes les connexions"},{"$i":"wlan-only","$v":"Només a través de WLAN"},{"$i":"wifi-only","$v":"Només amb Wi-Fi"},{"$i":"not-found-header","$v":"No s’ha trobat cap aplicació"},{"$i":"not-found-msg","$v":"L’aplicació sol·licitada no s’ha trobat a la Store."},{"$i":"no-price-header","$v":"No es pot comprar l’aplicació"},{"$i":"no-price-msg","$v":"degut a un problema amb la targeta SIM o la connexió. No es pot recuperar la informació de preu del servidor. Es desactivaran les aplicacions que es poden comprar."},{"$i":"no-internet-with-tips","$v":"Sense connexió a Internet. Utilitzeu Wi-Fi o dades mòbils per accedir a Internet."},{"$i":"no-internet-with-tips-wlan","$v":"No hi ha connexió a Internet. Utilitzeu WLAN o dades mòbils per accedir a Internet."},{"$i":"no-available-app","$v":"Encara no hi ha cap aplicació disponible"},{"$i":"pin","$v":"Ancora"},{"$i":"open","$v":"OBRE"},{"$i":"website","$v":"Lloc web"},{"$i":"unpin","$v":"Desancora"},{"$i":"unpin-msg","$v":"Voleu desancorar aquest marcador?"},{"$i":"pin-completely","$v":"Aquesta lloc web s’ha ancorat a Totes les aplicacions"},{"$i":"pin-bookmark-completely","$v":"Lloc web ancorat a Totes les aplicacions"},{"$i":"unpin-bookmark-completely","$v":"Lloc web desancorat de Totes les aplicacions"},{"$i":"fota-found-content","$v":"Actualització de KaiOS disponible. Instal·leu-la per obtenir noves funcions i un millor rendiment."},{"$i":"fota-update-found","$v":"Actualització del sistema disponible"},{"$i":"update-available","$v":"Actualització disponible"},{"$i":"app-update-found-content","$v":[{"t":"idOrVar","v":"appName"}," té una actualització disponible. Se’n recomana la instal·lació."]},{"$i":"app-update-found-content1","$v":[{"t":"idOrVar","v":"appName"}," té una actualització disponible. Se’n recomana la instal·lació."]},{"$i":"unpin-msg-with-name","$v":["Voleu desancorar el marcador de l’aplicació ",{"t":"idOrVar","v":"appName"},"?"]},{"$i":"uninstall-msg-with-name","$v":["Voleu desinstal·lar ",{"t":"idOrVar","v":"appName"},"?"]},{"$i":"network-issue-title","$v":"Error de xarxa"},{"$i":"network-issue-detail","$v":"Comproveu la connexió."},{"$i":"device-issue-title","$v":"Error d’instal·lació"},{"$i":"device-issue-detail","$v":"S’ha produït un error"},{"$i":"install-generic-error","$v":"S’ha aturat la baixada."},{"$i":"install","$v":"Instal·la"},{"$i":"dismiss","$v":"Omet"},{"$i":"new-app-recommended","$v":"Nova aplicació recomanada per la KaiOS Store."},{"$i":"show-rich-content","$v":"Mostra contingut enriquit"},{"$i":"do-not-show","$v":"No mostris"},{"$i":"free","$v":"Gratuït"},{"$i":"data-enable-short","$v":"Wi-Fi i dades mòbils"},{"$i":"wifi-only-short","$v":"Només Wi-Fi"},{"$i":"open-url","$v":"Obre URL"},{"$i":"version","$v":"Versió"},{"$i":"uninstalled-msg-with-name","$v":[{"t":"idOrVar","v":"appName"}," s'ha desinstal·lat"]},{"$i":"restart-phone-msg","$v":"Reinicieu el telèfom per optimitzar l'experiència KaiOS."},{"$i":"settings-and-account","$v":"Configuració i compte"},{"$i":"like","$v":"M'agrada"},{"$i":"unlike","$v":"No m'agrada"},{"$i":"unliked-an-app-msg","$v":"No us ha agradat aquesta aplicació"},{"$i":"store-update-and-launch","$v":"Actualització de la botiga disponible. Premeu D'acord per iniciar-la."},{"$i":"app-push-launch-action","$v":"CONTINUA"},{"$i":"app-push-launch-content","$v":["Us trobem a faltar a ",{"t":"idOrVar","v":"appName"},". Torneu a visitar-nos."]}]