[{"$i":"account","$v":"Účet"},{"$i":"sign-in","$v":"Přihlásit"},{"$i":"NewAccount","$v":"Nový účet"},{"$i":"options","$v":"Možnosti"},{"$i":"cancel","$v":"Zrušit"},{"$i":"update","$v":"Aktualizovat"},{"$i":"back","$v":"Zpět"},{"$i":"uninstall","$v":"Odinstalovat"},{"$i":"update-found","$v":"Je k dispozici aktualizace."},{"$i":"update-found-content","$v":"Aplikace KaiOS Store se zavře a automaticky aktualizuje. Vraťte se za chvíli."},{"$i":"no-internet","$v":"Bez internetu"},{"$i":"connection-error","$v":"Chyba spojení."},{"$i":"enable","$v":"Aktivovat"},{"$i":"open-service","$v":"Otevřená služba"},{"$i":"downloading","$v":"Stahování"},{"$i":"loading","$v":"Načítání…"},{"$i":"CAT-recommended","$v":"Doporučeno"},{"$i":"CAT-all","$v":"Vše"},{"$i":"CAT-10","$v":"Hry"},{"$i":"CAT-20","$v":"Zábava"},{"$i":"CAT-30","$v":"Lidé"},{"$i":"CAT-40","$v":"Nakupování"},{"$i":"CAT-50","$v":"Zprávy"},{"$i":"CAT-60","$v":"Nástroje"},{"$i":"CAT-70","$v":"Životní styl"},{"$i":"CAT-80","$v":"Zdraví"},{"$i":"CAT-90","$v":"Sport"},{"$i":"CAT-100","$v":"Knihy a materiály"},{"$i":"login-note","$v":"Vítá vás aplikace KaiOS Store. Přihlaste se do svého účtu KaiOS a můžete začít."},{"$i":"ok","$v":"OK"},{"$i":"get","$v":"Získat"},{"$i":"buy","$v":"Zakoupit"},{"$i":"go","$v":"PŘEJÍT"},{"$i":"select","$v":"VYBRAT"},{"$i":"create","$v":"Vytvořit"},{"$i":"skip","$v":"Přeskočit"},{"$i":"confirmation","$v":"Potvrzení"},{"$i":"uninstall-msg","$v":"Odinstalovat aplikaci?"},{"$i":"stop","$v":"Zastavit"},{"$i":"store","$v":"Obchod"},{"$i":"settings","$v":"Nastavení"},{"$i":"privacy-policy","$v":"Zásady ochrany soukromí"},{"$i":"terms-and-services","$v":"Podmínky a služby"},{"$i":"need-help","$v":"Potřebujete pomoc?"},{"$i":"auto-update","$v":"Automaticky aktualizovat"},{"$i":"auto-update-off","$v":"Neaktualizovat automaticky"},{"$i":"data-enable","$v":"Přes Wi-Fi a mobilní datovou síť"},{"$i":"all-connections","$v":"Prostřednictvím všech připojení"},{"$i":"wlan-only","$v":"Pouze prostřednictvím WLAN"},{"$i":"wifi-only","$v":"Pouze přes Wi-Fi"},{"$i":"not-found-header","$v":"Aplikace nebyla nalezena"},{"$i":"not-found-msg","$v":"Omlouváme se, ale požadovanou aplikaci jsme v App Storu nenašli."},{"$i":"no-price-header","$v":"Nelze kupovat aplikace"},{"$i":"no-price-msg","$v":"Kvůli kartě SIM nebo problému s připojením se nepodařilo ze serveru načíst informace o ceně. Aplikace k zakoupení budou deaktivovány."},{"$i":"no-internet-with-tips","$v":"Nejste připojeni k internetu. Připojte se k Wi-Fi nebo k mobilní datové síti."},{"$i":"no-internet-with-tips-wlan","$v":"Žádné připojení k internetu. Pro přístup na internet použijte WLAN nebo mobilní data."},{"$i":"no-available-app","$v":"Zatím není k dispozici žádná aplikace."},{"$i":"pin","$v":"Připnout"},{"$i":"open","$v":"OTEVŘÍT"},{"$i":"website","$v":"Internetová stránka"},{"$i":"unpin","$v":"Odepnout"},{"$i":"unpin-msg","$v":"Odepnout záložku? "},{"$i":"pin-completely","$v":"Tato internetová stránka byla zařazena do kategorie Všechny aplikace."},{"$i":"pin-bookmark-completely","$v":"Webová stránka byla připnuta ke všem aplikacím"},{"$i":"unpin-bookmark-completely","$v":"Webová stránka byla odepnuta ze všech aplikací"},{"$i":"fota-found-content","$v":"Aktualizace systému KaiOS je dostupná. Instalací získáte nové funkce a vyšší výkon. "},{"$i":"fota-update-found","$v":"Aktualizace systému je dostupná."},{"$i":"update-available","$v":"Aktualizace je dostupná."},{"$i":"app-update-found-content","$v":["Aktualizace aplikace ",{"t":"idOrVar","v":"appName"}," je dostupná. Doporučujeme její instalaci. "]},{"$i":"app-update-found-content1","$v":["K dispozici je aktualizace aplikace ",{"t":"idOrVar","v":"appName"},". Doporučujeme ji nainstalovat."]},{"$i":"unpin-msg-with-name","$v":["Odepnout záložku aplikace ",{"t":"idOrVar","v":"appName"},"?"]},{"$i":"uninstall-msg-with-name","$v":["Odinstalovat aplikaci ",{"t":"idOrVar","v":"appName"},"?"]},{"$i":"network-issue-title","$v":"Chyba sítě"},{"$i":"network-issue-detail","$v":"Zkontrolujte si připojení."},{"$i":"device-issue-title","$v":"Chyba instalace"},{"$i":"device-issue-detail","$v":"Došlo k problému."},{"$i":"install-generic-error","$v":"Stahování bylo zastaveno."},{"$i":"install","$v":"Nainstalovat"},{"$i":"dismiss","$v":"Zavřít"},{"$i":"new-app-recommended","$v":"Obchod KaiOS doporučuje novou aplikaci."},{"$i":"show-rich-content","$v":"Zobrazit bohatý obsah"},{"$i":"do-not-show","$v":"Nezobrazovat"},{"$i":"free","$v":"Zdarma"},{"$i":"data-enable-short","$v":"Wi-Fi a mobilní datová síť"},{"$i":"wifi-only-short","$v":"Pouze Wi-Fi"},{"$i":"open-url","$v":"Otevřít odkaz URL"},{"$i":"version","$v":"Verze"},{"$i":"uninstalled-msg-with-name","$v":["Aplikace ",{"t":"idOrVar","v":"appName"}," byla odinstalována. "]},{"$i":"restart-phone-msg","$v":"Pro využití všech funkcí KaiOS restartujte telefon."},{"$i":"settings-and-account","$v":"Nastavení a účet"},{"$i":"like","$v":"Líbí se mi"},{"$i":"unlike","$v":"Už se mi to nelíbí"},{"$i":"unliked-an-app-msg","$v":"Tato aplikace se vám už nelíbí"},{"$i":"store-update-and-launch","$v":"K dispozici je aktualizace aplikace Obchod. Pro spuštění aplikace Obchod stiskněte OK."},{"$i":"app-push-launch-action","$v":"PŘEJÍT"},{"$i":"app-push-launch-content","$v":["Dlouho jsme vás neviděli v aplikaci ",{"t":"idOrVar","v":"appName"},". Navštivte nás znovu. "]}]