[{"$i":"account","$v":"Konto"},{"$i":"sign-in","$v":"Log på"},{"$i":"NewAccount","$v":"Ny konto"},{"$i":"options","$v":"Valg"},{"$i":"cancel","$v":"Annuller"},{"$i":"update","$v":"Opdater"},{"$i":"back","$v":"Tilbage"},{"$i":"uninstall","$v":"Fjern installation"},{"$i":"update-found","$v":"Opdatering blev fundet."},{"$i":"update-found-content","$v":"KaiOS Store lukkes og opdateres automatisk. Kom tilbage om et øjeblik."},{"$i":"no-internet","$v":"Intet internet."},{"$i":"connection-error","$v":"Forbindelsesfejl."},{"$i":"enable","$v":"Aktivér"},{"$i":"open-service","$v":"Åbn tjeneste"},{"$i":"downloading","$v":"Henter"},{"$i":"loading","$v":"Indlæser..."},{"$i":"CAT-recommended","$v":"Anbefalet"},{"$i":"CAT-all","$v":"Alle"},{"$i":"CAT-10","$v":"Spil"},{"$i":"CAT-20","$v":"Underholdning"},{"$i":"CAT-30","$v":"Socialt"},{"$i":"CAT-40","$v":"Shopping"},{"$i":"CAT-50","$v":"News"},{"$i":"CAT-60","$v":"Funktioner"},{"$i":"CAT-70","$v":"Lifestyle"},{"$i":"CAT-80","$v":"Sundhed"},{"$i":"CAT-90","$v":"Sport"},{"$i":"CAT-100","$v":"Boger og reference"},{"$i":"login-note","$v":"Velkommen til KaiOS Store. Log på din konto for at komme i gang."},{"$i":"ok","$v":"OK"},{"$i":"get","$v":"Hent"},{"$i":"buy","$v":"Køb"},{"$i":"go","$v":"START"},{"$i":"select","$v":"VÆLG"},{"$i":"create","$v":"Opret"},{"$i":"skip","$v":"Spring over"},{"$i":"confirmation","$v":"Bekræftelse"},{"$i":"uninstall-msg","$v":"Vil du afinstallere denne app?"},{"$i":"stop","$v":"Stop"},{"$i":"store","$v":"Butik"},{"$i":"settings","$v":"Indstilliinger"},{"$i":"privacy-policy","$v":"Privatlivspolitik"},{"$i":"terms-and-services","$v":"Vilkår og tjenester"},{"$i":"need-help","$v":"Brug for hjælp?"},{"$i":"auto-update","$v":"Automatisk opdatering"},{"$i":"auto-update-off","$v":"Udfør ikke automatisk opdatering"},{"$i":"data-enable","$v":"Gennem Wi-Fi og mobil"},{"$i":"all-connections","$v":"Gennem alle forbindelser"},{"$i":"wlan-only","$v":"Kun gennem WLAN"},{"$i":"wifi-only","$v":"Kun gennem Wi-Fi"},{"$i":"not-found-header","$v":"App ikke fundet"},{"$i":"not-found-msg","$v":"Den ønskede app findes ikke i Store."},{"$i":"no-price-header","$v":"App-køb utilgængelig"},{"$i":"no-price-msg","$v":"Det skyldes problemer med SIM-kort eller forbindelse. Prisoplysninger kunne ikke hentes fra serveren. De apps, der kan købes, deaktiveres."},{"$i":"no-internet-with-tips","$v":"Ingen internetforbindelse. Brug Wi-Fi eller mobildata til at oprette forbindelse til internettet."},{"$i":"no-internet-with-tips-wlan","$v":"Ingen internetforbindelse. Anvend WLAN eller mobildata for at tilgå internettet."},{"$i":"no-available-app","$v":"Der er ingen applikation tilgængelig endnu."},{"$i":"pin","$v":"Fastgør"},{"$i":"open","$v":"ÅBN"},{"$i":"website","$v":"Websted"},{"$i":"unpin","$v":"Frigør"},{"$i":"unpin-msg","$v":"Vil du frigøre dette bogmærke?"},{"$i":"pin-completely","$v":"Dette websted er blevet fastgjort til Alle apps."},{"$i":"pin-bookmark-completely","$v":"Hjemmeside fastgjort til alle apps"},{"$i":"unpin-bookmark-completely","$v":"Hjemmeside frigjort fra alle apps"},{"$i":"fota-found-content","$v":"Der findes en opdatering af KaiOS. Installer for at få nye funktioner og bedre ydeevne."},{"$i":"fota-update-found","$v":"Systemopdatering er tilgængelig"},{"$i":"update-available","$v":"Opdatering er tilgængelig"},{"$i":"app-update-found-content","$v":["Der findes en opdatering af ",{"t":"idOrVar","v":"appName"},". Installation anbefales."]},{"$i":"app-update-found-content1","$v":[{"t":"idOrVar","v":"appName"},"-opdatering er tilgængelig. Installation anbefales."]},{"$i":"unpin-msg-with-name","$v":["Frigør bogmærke for ",{"t":"idOrVar","v":"appName"},"?"]},{"$i":"uninstall-msg-with-name","$v":["Afinstaller ",{"t":"idOrVar","v":"appName"},"?"]},{"$i":"network-issue-title","$v":"Netværksfejl"},{"$i":"network-issue-detail","$v":"Tjek din forbindelse."},{"$i":"device-issue-title","$v":"Installationsfejl"},{"$i":"device-issue-detail","$v":"Der opstod et problem."},{"$i":"install-generic-error","$v":"Download er stoppet."},{"$i":"install","$v":"Installér"},{"$i":"dismiss","$v":"Afvis"},{"$i":"new-app-recommended","$v":"Ny app anbefalet af KaiOS Store."},{"$i":"show-rich-content","$v":"Vis rigt indhold"},{"$i":"do-not-show","$v":"Vis ikke"},{"$i":"free","$v":"Gratis"},{"$i":"data-enable-short","$v":"Wi-Fi og mobil"},{"$i":"wifi-only-short","$v":"Kun Wi-Fi"},{"$i":"open-url","$v":"Åbn URL"},{"$i":"version","$v":"Version"},{"$i":"uninstalled-msg-with-name","$v":[{"t":"idOrVar","v":"appName"}," blev afinstalleret."]},{"$i":"restart-phone-msg","$v":"Genstart din telefon for at optimere din KaiOS-oplevelse."},{"$i":"settings-and-account","$v":"Indstillinger og konto"},{"$i":"like","$v":"Synes om"},{"$i":"unlike","$v":"Hold op at synes om"},{"$i":"unliked-an-app-msg","$v":"Du holdt op at synes om denne app"},{"$i":"store-update-and-launch","$v":"Butiksopdatering tilgængelig. Tryk på ok for at starte Butik."},{"$i":"app-push-launch-action","$v":"START"},{"$i":"app-push-launch-content","$v":["Vi savner dig på ",{"t":"idOrVar","v":"appName"},". Kom tilbage for at besøge os."]}]