[{"$i":"account","$v":"Konto"},{"$i":"sign-in","$v":"Anmelden"},{"$i":"NewAccount","$v":"Neues Konto"},{"$i":"options","$v":"Optionen"},{"$i":"cancel","$v":"Abbrechen"},{"$i":"update","$v":"Aktualisieren"},{"$i":"back","$v":"Zurück"},{"$i":"uninstall","$v":"Deinstallieren"},{"$i":"update-found","$v":"Aktualisierung gefunden."},{"$i":"update-found-content","$v":"KaiOS Store wird geschlossen und aktualisiert automatisch. Öffnen Sie die Anwendung nach einer kurzen Zeit erneut."},{"$i":"no-internet","$v":"Kein Internet."},{"$i":"connection-error","$v":"Verbindungsfehler"},{"$i":"enable","$v":"Aktivieren"},{"$i":"open-service","$v":"Open Service"},{"$i":"downloading","$v":"Wird heruntergeladen..."},{"$i":"loading","$v":"Ladevorgang läuft..."},{"$i":"CAT-recommended","$v":"Empfohlen"},{"$i":"CAT-all","$v":"Alle"},{"$i":"CAT-10","$v":"Spiele"},{"$i":"CAT-20","$v":"Unterhaltung"},{"$i":"CAT-30","$v":"Soziales"},{"$i":"CAT-40","$v":"Shopping"},{"$i":"CAT-50","$v":"Neuigkeiten"},{"$i":"CAT-60","$v":"Anwendungen"},{"$i":"CAT-70","$v":"Lifestyle"},{"$i":"CAT-80","$v":"Gesundheit"},{"$i":"CAT-90","$v":"Sport"},{"$i":"CAT-100","$v":"Bücher und Nachschlagewerke"},{"$i":"login-note","$v":"Willkommen im KaiOS Store. Melden Sie sich zuerst in Ihrem KaiOS-Konto an."},{"$i":"ok","$v":"OK"},{"$i":"get","$v":"Aufrufen"},{"$i":"buy","$v":"Kaufen"},{"$i":"go","$v":"LOS"},{"$i":"select","$v":"AUSWÄHLEN"},{"$i":"create","$v":"Erstellen"},{"$i":"skip","$v":"Ohne"},{"$i":"confirmation","$v":"Bestätigung"},{"$i":"uninstall-msg","$v":"Diese Anwendung deinstallieren?"},{"$i":"stop","$v":"Anhalten"},{"$i":"store","$v":"Shop"},{"$i":"settings","$v":"Einstellungen"},{"$i":"privacy-policy","$v":"Datenschutzerklärung "},{"$i":"terms-and-services","$v":"Bedingungen und Leistungen"},{"$i":"need-help","$v":"Sie brauchen Hilfe?"},{"$i":"auto-update","$v":"Autom. Aktualisierung"},{"$i":"auto-update-off","$v":"Keine autom. Aktualisierung"},{"$i":"data-enable","$v":"Über WLAN und Mobilfunknetz"},{"$i":"all-connections","$v":"Über alle Verbindungen"},{"$i":"wlan-only","$v":"Nur über WLAN"},{"$i":"wifi-only","$v":"Nur über WLAN"},{"$i":"not-found-header","$v":"Anwendung nicht gefunden"},{"$i":"not-found-msg","$v":"Die angeforderte Anwendung wurde nicht im Store gefunden."},{"$i":"no-price-header","$v":"Kauf der Anwendung nicht verfügbar"},{"$i":"no-price-msg","$v":"SIM-Karten- oder Verbindungsfehler. Preisinformationen können nicht vom Server angerufen werden. Die kaufbaren Anwendungen werden deaktiviert."},{"$i":"no-internet-with-tips","$v":"Keine Internetverbindung. Greifen Sie über das WLAN oder die mobile Datenverbindung auf das Internet zu."},{"$i":"no-internet-with-tips-wlan","$v":"Keine Internetverbindung. WLAN oder mobile Daten für den Internetzugriff verwenden."},{"$i":"no-available-app","$v":"Noch keine Anwendung verfügbar."},{"$i":"pin","$v":"Anheften"},{"$i":"open","$v":"ÖFFNEN"},{"$i":"website","$v":"Website"},{"$i":"unpin","$v":"Lösen"},{"$i":"unpin-msg","$v":"Fixierung dieses Lesezeichens lösen?"},{"$i":"pin-completely","$v":"Diese Website wurde in „Alle Apps“ angeheftet."},{"$i":"pin-bookmark-completely","$v":"Website an „Alle Anwendungen“ angeheftet"},{"$i":"unpin-bookmark-completely","$v":"Website von „Alle Anwendungen“ gelöst"},{"$i":"fota-found-content","$v":"Eine KaiOS-Aktualisierung ist verfügbar. Installieren Sie diese, um neue Funktionen und eine verbesserte Leistung nutzen zu können."},{"$i":"fota-update-found","$v":"Systemaktualisierung verfügbar"},{"$i":"update-available","$v":"Aktualisierung verfügbar"},{"$i":"app-update-found-content","$v":["Eine ",{"t":"idOrVar","v":"appName"},"-Aktualisierung ist verfügbar, deren Installtion empfohlen ist."]},{"$i":"app-update-found-content1","$v":["Aktualisierung für ",{"t":"idOrVar","v":"appName"}," verfügbar. Installation wird empfohlen."]},{"$i":"unpin-msg-with-name","$v":["Lesezeichen für ",{"t":"idOrVar","v":"appName"}," lösen?"]},{"$i":"uninstall-msg-with-name","$v":[{"t":"idOrVar","v":"appName"}," deinstallieren?"]},{"$i":"network-issue-title","$v":"Netzwerkfehler"},{"$i":"network-issue-detail","$v":"Überprüfen Sie Ihre Verbindung."},{"$i":"device-issue-title","$v":"Installationsfehler"},{"$i":"device-issue-detail","$v":"Ein Problem ist aufgetreten."},{"$i":"install-generic-error","$v":"Download angehalten."},{"$i":"install","$v":"Installieren"},{"$i":"dismiss","$v":"Verwerfen"},{"$i":"new-app-recommended","$v":"Neue Anwendung wird vom KaiOS Store empfohlen."},{"$i":"show-rich-content","$v":"Interessante Inhalte anzeigen"},{"$i":"do-not-show","$v":"Nicht anzeigen"},{"$i":"free","$v":"Frei"},{"$i":"data-enable-short","$v":"WLAN und Mobilfunknetz"},{"$i":"wifi-only-short","$v":"Nur WLAN"},{"$i":"open-url","$v":"URL öffnen"},{"$i":"version","$v":"Version"},{"$i":"uninstalled-msg-with-name","$v":[{"t":"idOrVar","v":"appName"}," wurde deinstalliert."]},{"$i":"restart-phone-msg","$v":"Starten Sie das Telefon neu, um KaiOS optimal zu nutzen."},{"$i":"settings-and-account","$v":"Einstellungen und Konto"},{"$i":"like","$v":"Gefällt mir"},{"$i":"unlike","$v":"Gefällt mir nicht mehr"},{"$i":"unliked-an-app-msg","$v":"Ihnen gefällt diese App nicht mehr."},{"$i":"store-update-and-launch","$v":"Eine Store-Aktualisierung ist verfügbar. Wählen Sie „OK“ aus, um den Store zu öffnen."},{"$i":"app-push-launch-action","$v":"LOS"},{"$i":"app-push-launch-content","$v":["Wir vermissen Sie bei ",{"t":"idOrVar","v":"appName"},". Besuchen Sie uns bald wieder."]}]