[{"$i":"account","$v":"Account"},{"$i":"sign-in","$v":"साइन इन करो"},{"$i":"NewAccount","$v":"नमां खाता"},{"$i":"options","$v":"विकल्प"},{"$i":"cancel","$v":"रद्द करना"},{"$i":"update","$v":"अपडेट करो"},{"$i":"back","$v":"वापस"},{"$i":"uninstall","$v":"अनइंस्टॉल"},{"$i":"update-found","$v":"अपडेट मिली।"},{"$i":"update-found-content","$v":"काई.ओ.एस स्टोर अपने-आप बंद होई जाह्​ग ते अपडेट होई जाह्​ग। किरपा करियै किश खिनें च बापस आओ।"},{"$i":"no-internet","$v":"कोई इंटरनेट नेईं।"},{"$i":"connection-error","$v":"कनेक्शन त्रुटि।"},{"$i":"enable","$v":"समर्थ करो"},{"$i":"open-service","$v":"ओपन सर्विस"},{"$i":"downloading","$v":"डाउनलोड करना"},{"$i":"loading","$v":"लोड करै करदा ऐ..."},{"$i":"CAT-recommended","$v":"Recommended"},{"$i":"CAT-all","$v":"सब्बै"},{"$i":"CAT-10","$v":"गेम"},{"$i":"CAT-20","$v":"मनोरंजन"},{"$i":"CAT-30","$v":"शोशल"},{"$i":"CAT-40","$v":"खरीदारी"},{"$i":"CAT-50","$v":"खबरां"},{"$i":"CAT-60","$v":"बरतूनतां"},{"$i":"CAT-70","$v":"लाइफ स्टाइल"},{"$i":"CAT-80","$v":"सेह्​त"},{"$i":"CAT-90","$v":"खेढां"},{"$i":"CAT-100","$v":"कताबां ते संदर्भ"},{"$i":"login-note","$v":"काई.ओ.एस स्टोर च थुआढ़ा सुआगत ऐ। शुरू करने लेई किरपा करियै काई.ओ.एस खाते च साइन इन करो।"},{"$i":"ok","$v":"ठीक ऐ"},{"$i":"get","$v":"हासल करो"},{"$i":"buy","$v":"Buy"},{"$i":"go","$v":"जाओ"},{"$i":"select","$v":"चुनो"},{"$i":"create","$v":"कायम करना"},{"$i":"skip","$v":"छोड़ो"},{"$i":"confirmation","$v":"पुश्टिकरण"},{"$i":"uninstall-msg","$v":"इस ऐप गी अनइंस्टाल करो?"},{"$i":"stop","$v":"रूको"},{"$i":"store","$v":"स्टोर"},{"$i":"settings","$v":"सेटिंग्स"},{"$i":"privacy-policy","$v":"Privacy Policy"},{"$i":"terms-and-services","$v":"Terms and Services"},{"$i":"need-help","$v":"Need Help?"},{"$i":"auto-update","$v":"आटो अपडेट"},{"$i":"auto-update-off","$v":"आटो अपडेट नेईं करो"},{"$i":"data-enable","$v":"वाईफाई ते सेलुलर राहें"},{"$i":"all-connections","$v":"Through all connections"},{"$i":"wlan-only","$v":"Only through WLAN"},{"$i":"wifi-only","$v":"सिर्फ वाईफाई राहें"},{"$i":"not-found-header","$v":"ऐप नेईं मिलेआ"},{"$i":"not-found-msg","$v":"अस माफी चाह्​न्नेआं, अनुरोधत ऐप स्टोर च नेईं लब्भेआ।"},{"$i":"no-price-header","$v":"App Purchase Unavailable"},{"$i":"no-price-msg","$v":"Due to SIM card or connection issue. Unable to retrieve price info from server. Purchasable apps will be disabled."},{"$i":"no-internet-with-tips","$v":"कोई इंटरनेट कनेक्शन नेईं। इंटरनेट तगर पुज्ज बनाने लेई वाई-फाई जां मोबाइल डेटा दी बरतून करो।"},{"$i":"no-internet-with-tips-wlan","$v":"No internet connection. Use WLAN or mobile data to access the internet."},{"$i":"no-available-app","$v":"There is no application available yet."},{"$i":"pin","$v":"पिन"},{"$i":"open","$v":"खुल्ला"},{"$i":"website","$v":"वेबसाइट"},{"$i":"unpin","$v":"अनपिन करो"},{"$i":"unpin-msg","$v":"इस बुकमार्क गी अनपिन करो?"},{"$i":"pin-completely","$v":"एह् वेबसाइट सभनें ऐप्स पर पिन कीती गेई ऐ।"},{"$i":"pin-bookmark-completely","$v":"Website Pinned to All Apps"},{"$i":"unpin-bookmark-completely","$v":"Website Unpinned from All Apps"},{"$i":"fota-found-content","$v":"काई ओ.एस अपडेट उपलब्ध ऐ। नमें फीचरें ते बेहतर कारकर्दगी लेई इंस्टाल करो।"},{"$i":"fota-update-found","$v":"सिस्टम अपडेट उपलब्ध ऐ।"},{"$i":"update-available","$v":"अपडेट उपलब्ध"},{"$i":"app-update-found-content","$v":[{"t":"idOrVar","v":"appName"},"अपडेट उपलब्ध ऐ। इंस्टालमेंट करने दी सफारश कीती जंदी ऐ। (इंस्टालमेंट-इंस्टालेशन)"]},{"$i":"app-update-found-content1","$v":[{"t":"idOrVar","v":"appName"}," update is available. Installation is recommended."]},{"$i":"unpin-msg-with-name","$v":[{"t":"idOrVar","v":"appName"}," बुकमार्क अनपिन करो?"]},{"$i":"uninstall-msg-with-name","$v":[{"t":"idOrVar","v":"appName"},"अनइंस्टाल करो?"]},{"$i":"network-issue-title","$v":"नेटवर्क त्रुटि"},{"$i":"network-issue-detail","$v":"किरपा करियै अपना नेटवर्क जांचो।"},{"$i":"device-issue-title","$v":"इंस्टाल त्रुटि"},{"$i":"device-issue-detail","$v":"इक समस्या पैदा होई ऐ।"},{"$i":"install-generic-error","$v":"डाउनलोड बंद कीती गेई।"},{"$i":"install","$v":"Install"},{"$i":"dismiss","$v":"Dismiss"},{"$i":"new-app-recommended","$v":"New App Recommended by KaiOS Store."},{"$i":"show-rich-content","$v":"Show rich content"},{"$i":"do-not-show","$v":"Do not show"},{"$i":"free","$v":"Free"},{"$i":"data-enable-short","$v":{"$o":"WiFi & Cellular"}},{"$i":"wifi-only-short","$v":"WiFi Only"},{"$i":"open-url","$v":"Open URL"},{"$i":"version","$v":"Version"},{"$i":"uninstalled-msg-with-name","$v":[{"t":"idOrVar","v":"appName"}," uninstalled."]},{"$i":"restart-phone-msg","$v":"Please restart your phone to maximize your KaiOS experience."},{"$i":"settings-and-account","$v":{"$o":"Settings & Account"}},{"$i":"like","$v":"Like"},{"$i":"unlike","$v":"Unlike"},{"$i":"unliked-an-app-msg","$v":"You unliked this app"},{"$i":"store-update-and-launch","$v":"Store update is available. Press ok to launch Store."},{"$i":"app-push-launch-action","$v":"Go"},{"$i":"app-push-launch-content","$v":["We miss you at ",{"t":"idOrVar","v":"appName"},", Come back to visit us."]}]