[{"$i":"account","$v":"Λογαριασμός"},{"$i":"sign-in","$v":"Σύνδεση"},{"$i":"NewAccount","$v":"Νέος λογαριασμός"},{"$i":"options","$v":"Επιλογές"},{"$i":"cancel","$v":"Ακύρωση"},{"$i":"update","$v":"Ενημέρωση"},{"$i":"back","$v":"Πίσω"},{"$i":"uninstall","$v":"Απεγκατάσταση"},{"$i":"update-found","$v":"Η ενημέρωση βρέθηκε."},{"$i":"update-found-content","$v":"Το KaiOS Store θα κλείσει και θα ενημερωθεί αυτόματα. Επιστρέψτε σε λίγα λεπτά."},{"$i":"no-internet","$v":"Δεν υπάρχει Διαδίκτυο."},{"$i":"connection-error","$v":"Σφάλμα σύνδεσης."},{"$i":"enable","$v":"Ενεργοποίηση"},{"$i":"open-service","$v":"Ανοικτή υπηρεσία"},{"$i":"downloading","$v":"Λήψη"},{"$i":"loading","$v":"Φόρτωση..."},{"$i":"CAT-recommended","$v":"Προτεινόμενα"},{"$i":"CAT-all","$v":"Όλα"},{"$i":"CAT-10","$v":"Παιχνίδια"},{"$i":"CAT-20","$v":"Ψυχαγωγία"},{"$i":"CAT-30","$v":"Κοινωνικός"},{"$i":"CAT-40","$v":"Ψώνια"},{"$i":"CAT-50","$v":"Νέα"},{"$i":"CAT-60","$v":"Βοηθητικά προγράμματα"},{"$i":"CAT-70","$v":"ΤΡΟΠΟΣ ΖΩΗΣ"},{"$i":"CAT-80","$v":"Υγεία"},{"$i":"CAT-90","$v":"Αθλητισμός"},{"$i":"CAT-100","$v":{"$o":"Βιβλία & Αναφορά"}},{"$i":"login-note","$v":"Καλώς ήρθατε στο KaiOS Store. Συνδεθείτε στο λογαριασμό σας KaiOS για να ξεκινήσετε."},{"$i":"ok","$v":"OK"},{"$i":"get","$v":"Λήψη"},{"$i":"buy","$v":"Αγορά"},{"$i":"go","$v":"ΜΕΤΑΒΑΣΗ"},{"$i":"select","$v":"Επιλογ."},{"$i":"create","$v":"Δημιουργία"},{"$i":"skip","$v":"Παράλειψη"},{"$i":"confirmation","$v":"Επιβεβαίωση"},{"$i":"uninstall-msg","$v":"Να καταργηθεί η εγκατάσταση αυτής της εφαρμογής;"},{"$i":"stop","$v":"Διακοπή"},{"$i":"store","$v":"Κατάστημα"},{"$i":"settings","$v":"Ρυθμίσεις"},{"$i":"privacy-policy","$v":"Πολιτική απορρήτου"},{"$i":"terms-and-services","$v":"Όροι και Υπηρεσίες"},{"$i":"need-help","$v":"Χρειάζεστε βοήθεια;"},{"$i":"auto-update","$v":"Αυτόματη ενημέρωση"},{"$i":"auto-update-off","$v":"Να μην γίνει αυτόματη ενημέρωση"},{"$i":"data-enable","$v":"Μέσω Wi-Fi και δικτύου κινητής τηλεφωνίας"},{"$i":"all-connections","$v":"Μέσα από όλες τις συνδέσεις"},{"$i":"wlan-only","$v":"Μόνο μέσω WLAN"},{"$i":"wifi-only","$v":"Μόνο μέσω Wi-Fi"},{"$i":"not-found-header","$v":"Η εφαρμογή δεν βρέθηκε"},{"$i":"not-found-msg","$v":"Δυστυχώς, η εφαρμογή που ζητήσατε δεν βρέθηκε στο Κατάστημα."},{"$i":"no-price-header","$v":"Η αγορά της εφαρμογής δεν είναι διαθέσιμη"},{"$i":"no-price-msg","$v":"Λόγω της κάρτας SIM ή κάποιου προβλήματος σύνδεσης. Δεν είναι δυνατή η ανάκτηση των πληροφοριών τιμής από τον διακομιστή. Οι εφαρμογές με δυνατότητα αγοράς θα απενεργοποιηθούν."},{"$i":"no-internet-with-tips","$v":"Δεν υπάρχει σύνδεση στο internet. Χρησιμοποιήστε Wi-Fi ή δίκτυα κινητής τηλεφωνίας για να αποκτήσετε πρόσβαση στο internet."},{"$i":"no-internet-with-tips-wlan","$v":"Δεν υπάρχει σύνδεση στο διαδίκτυο. Χρησιμοποιήστε WLAN ή δεδομένα κινητής τηλεφωνίας για πρόσβαση στο διαδίκτυο."},{"$i":"no-available-app","$v":"Δεν υπάρχει ακόμη διαθέσιμη εφαρμογή."},{"$i":"pin","$v":"Καρφίτσωμα"},{"$i":"open","$v":"ΑΝΟΙΓΜΑ"},{"$i":"website","$v":"Ιστότοπος"},{"$i":"unpin","$v":"Ξεκαρφίτσωμα"},{"$i":"unpin-msg","$v":"Θέλετε να ξεκαρφιτσώσετε αυτόν τον σελιδοδείκτη;"},{"$i":"pin-completely","$v":"Αυτός ο ιστότοπος καρφιτσώθηκε στην ενότητα \"Όλες οι εφαρμογές\"."},{"$i":"pin-bookmark-completely","$v":"Ο ιστότοπος καρφιτσώθηκε στην ενότητα \"Όλες οι εφαρμογές\""},{"$i":"unpin-bookmark-completely","$v":"Ο ιστότοπος ξεκαρφιτσώθηκε από την ενότητα \"Όλες οι εφαρμογές\""},{"$i":"fota-found-content","$v":"Διατίθεται ενημέρωση για το KaiOS. Εγκαταστήστε την για την προσθήκη νέων λειτουργιών και τη βελτίωση της απόδοσης."},{"$i":"fota-update-found","$v":"Διατίθεται ενημέρωση συστήματος"},{"$i":"update-available","$v":"Διατίθεται ενημέρωση"},{"$i":"app-update-found-content","$v":["Διατίθεται ενημέρωση για την εφαρμογή ",{"t":"idOrVar","v":"appName"},". Συνιστάται η εγκατάστασή της."]},{"$i":"app-update-found-content1","$v":["Υπάρχει διαθέσιμη ενημέρωση για την εφαρμογή ",{"t":"idOrVar","v":"appName"}," . Η εγκατάσταση συνιστάται."]},{"$i":"unpin-msg-with-name","$v":["Ξεκαρφίτσωμα σελιδοδείκτη εφαρμογής ",{"t":"idOrVar","v":"appName"},";"]},{"$i":"uninstall-msg-with-name","$v":["Απεγκατάσταση εφαρμογής ",{"t":"idOrVar","v":"appName"},";"]},{"$i":"network-issue-title","$v":"Σφάλμα δικτύου"},{"$i":"network-issue-detail","$v":"Ελέγξτε τη σύνδεση."},{"$i":"device-issue-title","$v":"Σφάλμα εγκατάστασης"},{"$i":"device-issue-detail","$v":"Προέκυψε σφάλμα."},{"$i":"install-generic-error","$v":"Η λήψη διακόπηκε."},{"$i":"install","$v":"Εγκατάσταση"},{"$i":"dismiss","$v":"Απόρριψη"},{"$i":"new-app-recommended","$v":"Συνιστάται νέα εφαρμογή από το KaiOS Store."},{"$i":"show-rich-content","$v":"Εμφάνιση εμπλουτισμένου περιεχομένου"},{"$i":"do-not-show","$v":"Να μην εμφανίζεται"},{"$i":"free","$v":"Δωρεάν"},{"$i":"data-enable-short","$v":"Wi-Fi και δίκτυο κινητής τηλεφωνίας"},{"$i":"wifi-only-short","$v":"Μόνο Wi-Fi"},{"$i":"open-url","$v":"Άνοιγμα URL"},{"$i":"version","$v":"Έκδοση"},{"$i":"uninstalled-msg-with-name","$v":["Καταργήθηκε η εγκατάσταση της εφαρμογής ",{"t":"idOrVar","v":"appName"},"."]},{"$i":"restart-phone-msg","$v":"Επανεκκινήστε το τηλέφωνό σας για να βελτιστοποιήσετε την εμπειρία σας στο KaiOS."},{"$i":"settings-and-account","$v":"Ρυθμίσεις και λογαριασμός"},{"$i":"like","$v":"Μου αρέσει"},{"$i":"unlike","$v":"Δεν μου αρέσει"},{"$i":"unliked-an-app-msg","$v":"Δηλώσατε ότι δεν σας αρέσει αυτή η εφαρμογή"},{"$i":"store-update-and-launch","$v":"Υπάρχει ενημέρωση καταστήματος. Πιέστε OK για να ανοίξετε το κατάστημα."},{"$i":"app-push-launch-action","$v":"ΜΕΤΑΒΑΣΗ"},{"$i":"app-push-launch-content","$v":["Έχετε καιρό να έρθετε στην εφαρμογή ",{"t":"idOrVar","v":"appName"},". Επισκεφτείτε μας ξανά."]}]