[{"$i":"account","$v":"Account"},{"$i":"sign-in","$v":"Sign In"},{"$i":"NewAccount","$v":"New Account"},{"$i":"options","$v":"Options"},{"$i":"cancel","$v":"Cancel"},{"$i":"update","$v":"Update"},{"$i":"back","$v":"Back"},{"$i":"uninstall","$v":"Uninstall"},{"$i":"update-found","$v":"Update found."},{"$i":"update-found-content","$v":"KaiOS Store will close and update automatically. Please come back in a few moments."},{"$i":"no-internet","$v":"No Internet."},{"$i":"connection-error","$v":"Connection error."},{"$i":"enable","$v":"Enable"},{"$i":"open-service","$v":"Open Service"},{"$i":"downloading","$v":"Downloading"},{"$i":"loading","$v":"Loading..."},{"$i":"CAT-recommended","$v":"Recommended"},{"$i":"CAT-all","$v":"All"},{"$i":"CAT-10","$v":"Games"},{"$i":"CAT-20","$v":"Entertainment"},{"$i":"CAT-30","$v":"Social"},{"$i":"CAT-40","$v":"Shopping"},{"$i":"CAT-50","$v":"News"},{"$i":"CAT-60","$v":"Utilities"},{"$i":"CAT-70","$v":"Lifestyle"},{"$i":"CAT-80","$v":"Health"},{"$i":"CAT-90","$v":"Sports"},{"$i":"CAT-100","$v":{"$o":"Books & Reference"}},{"$i":"login-note","$v":"Welcome to the KaiOS Store. Please sign in KaiOS account to start."},{"$i":"ok","$v":"OK"},{"$i":"get","$v":"Get"},{"$i":"buy","$v":"Buy"},{"$i":"go","$v":"GO"},{"$i":"select","$v":"SELECT"},{"$i":"create","$v":"Create"},{"$i":"skip","$v":"Skip"},{"$i":"confirmation","$v":"Confirmation"},{"$i":"uninstall-msg","$v":"Uninstall this app?"},{"$i":"stop","$v":"Stop"},{"$i":"store","$v":"Store"},{"$i":"settings","$v":"Settings"},{"$i":"privacy-policy","$v":"Privacy Policy"},{"$i":"terms-and-services","$v":"Terms and Services"},{"$i":"need-help","$v":"Need Help?"},{"$i":"auto-update","$v":"Auto Update"},{"$i":"auto-update-off","$v":"Do not auto update"},{"$i":"data-enable","$v":{"$o":"Through Wi-Fi & Cellular"}},{"$i":"all-connections","$v":"Through all connections"},{"$i":"wlan-only","$v":"Only through WLAN"},{"$i":"wifi-only","$v":"Only through Wi-Fi"},{"$i":"not-found-header","$v":"App Not Found"},{"$i":"not-found-msg","$v":"We are sorry, the requested App was not found in Store."},{"$i":"no-price-header","$v":"App Purchase Unavailable"},{"$i":"no-price-msg","$v":"Due to SIM card or connection issue. Unable to retrieve price info from server. Purchasable apps will be disabled."},{"$i":"no-internet-with-tips","$v":"No internet connection. Use Wi-Fi or mobile data to access the internet."},{"$i":"no-internet-with-tips-wlan","$v":"No internet connection. Use WLAN or mobile data to access the internet."},{"$i":"no-available-app","$v":"There is no application available yet."},{"$i":"pin","$v":"Pin"},{"$i":"open","$v":"OPEN"},{"$i":"website","$v":"Website"},{"$i":"unpin","$v":"Unpin"},{"$i":"unpin-msg","$v":"Unpin this bookmark?"},{"$i":"pin-completely","$v":"This web site has been pinned to All Apps."},{"$i":"pin-bookmark-completely","$v":"Website Pinned to All Apps"},{"$i":"unpin-bookmark-completely","$v":"Website Unpinned from All Apps"},{"$i":"fota-found-content","$v":"KaiOS update available. Install for new features and better performance."},{"$i":"fota-update-found","$v":"System update available"},{"$i":"update-available","$v":"Update available"},{"$i":"app-update-found-content","$v":[{"t":"idOrVar","v":"appName"}," update is available. Installment is recommended."]},{"$i":"app-update-found-content1","$v":[{"t":"idOrVar","v":"appName"}," update is available. Installation is recommended."]},{"$i":"unpin-msg-with-name","$v":["Unpin ",{"t":"idOrVar","v":"appName"}," bookmark?"]},{"$i":"uninstall-msg-with-name","$v":["Uninstall ",{"t":"idOrVar","v":"appName"},"?"]},{"$i":"network-issue-title","$v":"Network Error"},{"$i":"network-issue-detail","$v":"Please check your connection."},{"$i":"device-issue-title","$v":"Install Error"},{"$i":"device-issue-detail","$v":"An issue has occured."},{"$i":"install-generic-error","$v":"Download stopped."},{"$i":"install","$v":"Install"},{"$i":"dismiss","$v":"Dismiss"},{"$i":"new-app-recommended","$v":"New App Recommended by KaiOS Store."},{"$i":"show-rich-content","$v":"Show rich content"},{"$i":"do-not-show","$v":"Do not show"},{"$i":"free","$v":"Free"},{"$i":"data-enable-short","$v":{"$o":"WiFi & Cellular"}},{"$i":"wifi-only-short","$v":"WiFi Only"},{"$i":"open-url","$v":"Open URL"},{"$i":"version","$v":"Version"},{"$i":"uninstalled-msg-with-name","$v":[{"t":"idOrVar","v":"appName"}," uninstalled."]},{"$i":"restart-phone-msg","$v":"Please restart your phone to maximize your KaiOS experience."},{"$i":"settings-and-account","$v":{"$o":"Settings & Account"}},{"$i":"like","$v":"Like"},{"$i":"unlike","$v":"Unlike"},{"$i":"unliked-an-app-msg","$v":"You unliked this app"},{"$i":"store-update-and-launch","$v":"Store update is available. Press ok to launch Store."},{"$i":"app-push-launch-action","$v":"Go"},{"$i":"app-push-launch-content","$v":["We miss you at ",{"t":"idOrVar","v":"appName"},", Come back to visit us."]}]