[{"$i":"account","$v":"Account"},{"$i":"sign-in","$v":"Enta"},{"$i":"NewAccount","$v":"New Akant"},{"$i":"options","$v":"Opshon dem"},{"$i":"cancel","$v":"Kansul"},{"$i":"update","$v":"Updet"},{"$i":"back","$v":"Bak"},{"$i":"uninstall","$v":"Komot’am"},{"$i":"update-found","$v":"We don fyn updet"},{"$i":"update-found-content","$v":"Sto fo KaiOS go clos an updet by im’sev Abeg com bak afta smal tym."},{"$i":"no-internet","$v":"Intanet no dey"},{"$i":"connection-error","$v":"Mistek fo konekshon"},{"$i":"enable","$v":"Mek’am "},{"$i":"open-service","$v":"Opun di savis"},{"$i":"downloading","$v":"E’ dey danlod"},{"$i":"loading","$v":"E’dey lod"},{"$i":"CAT-recommended","$v":"Recommended"},{"$i":"CAT-all","$v":"Kpata-kpata"},{"$i":"CAT-10","$v":"Gems"},{"$i":"CAT-20","$v":"Gbedu"},{"$i":"CAT-30","$v":"Gbedu"},{"$i":"CAT-40","$v":"Buy-buy"},{"$i":"CAT-50","$v":"Tori"},{"$i":"CAT-60","$v":"Tins fo use"},{"$i":"CAT-70","$v":"Layfstyl"},{"$i":"CAT-80","$v":"Helt "},{"$i":"CAT-90","$v":"Spot"},{"$i":"CAT-100","$v":{"$o":"Buks &referens"}},{"$i":"login-note","$v":"Welkom fo di KaiOS sto Abeg enta KaiSO akant fo to stat"},{"$i":"ok","$v":"Ok"},{"$i":"get","$v":"Get"},{"$i":"buy","$v":"Buy"},{"$i":"go","$v":"Go"},{"$i":"select","$v":"Chus"},{"$i":"create","$v":"Mek"},{"$i":"skip","$v":"Jump’ am"},{"$i":"confirmation","$v":"Konfam"},{"$i":"uninstall-msg","$v":"Mek wi Komot dis app?"},{"$i":"stop","$v":"Stop"},{"$i":"store","$v":"Sto"},{"$i":"settings","$v":"Setin dem"},{"$i":"privacy-policy","$v":"Wi Privet Polisi"},{"$i":"terms-and-services","$v":"Tams an Savis dem"},{"$i":"need-help","$v":"You wan helep?"},{"$i":"auto-update","$v":"Updet by im’sef"},{"$i":"auto-update-off","$v":"No updet by im’sef"},{"$i":"data-enable","$v":{"$o":"Na fo WiFi & Selula"}},{"$i":"all-connections","$v":"Through all connections"},{"$i":"wlan-only","$v":"Only through WLAN"},{"$i":"wifi-only","$v":"Na onli fo WiFi"},{"$i":"not-found-header","$v":"E no fyn di app"},{"$i":"not-found-msg","$v":"Wi sori, di app wey una dey fyn no dey"},{"$i":"no-price-header","$v":"No aplikashon fo to buy"},{"$i":"no-price-msg","$v":"Na bekos of SIM kad abi konekshon mata. No fito kolet tori fo price from sava. Wi go komot app wen una fito buy."},{"$i":"no-internet-with-tips","$v":"Intanet konekshon no dey Mek una use Wifi abi data fo mobile"},{"$i":"no-internet-with-tips-wlan","$v":"No internet connection. Use WLAN or mobile data to access the internet."},{"$i":"no-available-app","$v":"No aplikashon dey naw."},{"$i":"pin","$v":"Pin"},{"$i":"open","$v":"Opun"},{"$i":"website","$v":"Website"},{"$i":"unpin","$v":"Komot pin"},{"$i":"unpin-msg","$v":"Komot pin fo dis bukmak"},{"$i":"pin-completely","$v":"Dem don pin dis website fo al di Apps dem."},{"$i":"pin-bookmark-completely","$v":"Wi don pin di website fo al di app dem."},{"$i":"unpin-bookmark-completely","$v":"Wi don komot di pin fo al di website dem."},{"$i":"fota-found-content","$v":"KaiOS updet e’dey Mek you put am to get new fichos dem an beta pafomans"},{"$i":"fota-update-found","$v":"How to updet sistem e’ dey"},{"$i":"update-available","$v":"Updet e’dey"},{"$i":"app-update-found-content","$v":[{"t":"idOrVar","v":"appName"}," Updet e’dey E’ gud mek you put’ am"]},{"$i":"app-update-found-content1","$v":[{"t":"idOrVar","v":"appName"}," Updet e’dey E’ gud to put."]},{"$i":"unpin-msg-with-name","$v":["Komot pin ",{"t":"idOrVar","v":"appName"}," bukmak?"]},{"$i":"uninstall-msg-with-name","$v":["Komot’am ",{"t":"idOrVar","v":"appName"},"?"]},{"$i":"network-issue-title","$v":"Netwok wahala"},{"$i":"network-issue-detail","$v":"Abeg chek ya konekshon."},{"$i":"device-issue-title","$v":"Wahala fo put"},{"$i":"device-issue-detail","$v":"Somtin don hapin "},{"$i":"install-generic-error","$v":"Di danlod don stop"},{"$i":"install","$v":"Put’am"},{"$i":"dismiss","$v":"Liv’am"},{"$i":"new-app-recommended","$v":"KaiOS sto sey di app gud."},{"$i":"show-rich-content","$v":"Show wetin dey fo inside"},{"$i":"do-not-show","$v":"No show"},{"$i":"free","$v":"Awuf"},{"$i":"data-enable-short","$v":"Wi-Fi an Selula"},{"$i":"wifi-only-short","$v":"Onli Wi-Fi"},{"$i":"open-url","$v":"Open URL"},{"$i":"version","$v":"Version"},{"$i":"uninstalled-msg-with-name","$v":[{"t":"idOrVar","v":"appName"}," uninstalled."]},{"$i":"restart-phone-msg","$v":"Please restart your phone to maximize your KaiOS experience."},{"$i":"settings-and-account","$v":{"$o":"Settings & Account"}},{"$i":"like","$v":"Like"},{"$i":"unlike","$v":"Unlike"},{"$i":"unliked-an-app-msg","$v":"You unliked this app"},{"$i":"store-update-and-launch","$v":"Store update is available. Press ok to launch Store."},{"$i":"app-push-launch-action","$v":"Go"},{"$i":"app-push-launch-content","$v":["We miss you at ",{"t":"idOrVar","v":"appName"},", Come back to visit us."]}]