[{"$i":"account","$v":"Cuenta"},{"$i":"sign-in","$v":"Acceder"},{"$i":"NewAccount","$v":"Cuenta nueva"},{"$i":"options","$v":"Opciones"},{"$i":"cancel","$v":"Cancelar"},{"$i":"update","$v":"Actualizar"},{"$i":"back","$v":"Atrás"},{"$i":"uninstall","$v":"Desinstalar"},{"$i":"update-found","$v":"Se ha encontrado una actualización."},{"$i":"update-found-content","$v":"KaiOS Store se cerrará y se actualizará automáticamente. Vuelva dentro de unos minutos."},{"$i":"no-internet","$v":"No hay Internet."},{"$i":"connection-error","$v":"Error de conexión."},{"$i":"enable","$v":"Habilitar"},{"$i":"open-service","$v":"Abrir servicio"},{"$i":"downloading","$v":"Descargando"},{"$i":"loading","$v":"Cargando…"},{"$i":"CAT-recommended","$v":"Recomendadas"},{"$i":"CAT-all","$v":"Todo"},{"$i":"CAT-10","$v":"Juegos"},{"$i":"CAT-20","$v":"Entretenimiento"},{"$i":"CAT-30","$v":"Social"},{"$i":"CAT-40","$v":"Compras"},{"$i":"CAT-50","$v":"Noticias"},{"$i":"CAT-60","$v":"Servicios públicos"},{"$i":"CAT-70","$v":"Estilo de vida"},{"$i":"CAT-80","$v":"Salud"},{"$i":"CAT-90","$v":"Deportes"},{"$i":"CAT-100","$v":"Libros y referencias"},{"$i":"login-note","$v":"Le damos la bienvenida a la KaiOS Store. Inicie sesión con una cuenta KaiOS para empezar."},{"$i":"ok","$v":"Aceptar"},{"$i":"get","$v":"Obtener"},{"$i":"buy","$v":"Comprar"},{"$i":"go","$v":"IR"},{"$i":"select","$v":"SELECCIONAR"},{"$i":"create","$v":"Crear"},{"$i":"skip","$v":"Omitir"},{"$i":"confirmation","$v":"Confirmación"},{"$i":"uninstall-msg","$v":"¿Desea desinstalar esta aplicación?"},{"$i":"stop","$v":"Detener"},{"$i":"store","$v":"Tienda"},{"$i":"settings","$v":"Ajustes"},{"$i":"privacy-policy","$v":"Política de privacidad"},{"$i":"terms-and-services","$v":"Condiciones y servicios"},{"$i":"need-help","$v":"¿Necesita ayuda?"},{"$i":"auto-update","$v":"Actualización automática"},{"$i":"auto-update-off","$v":"No actualizar automáticamente"},{"$i":"data-enable","$v":"A través de Wi-Fi y móvil"},{"$i":"all-connections","$v":"Con todas las conexiones"},{"$i":"wlan-only","$v":"Solo con WLAN"},{"$i":"wifi-only","$v":"Solo a través de Wi-Fi"},{"$i":"not-found-header","$v":"Aplicación no encontrada"},{"$i":"not-found-msg","$v":"Lo sentimos, no hemos encontrado la aplicación solicitada en la tienda."},{"$i":"no-price-header","$v":"Compra de aplicación no disponible"},{"$i":"no-price-msg","$v":"Se debe a un problema de la tarjeta SIM o a un problema de conexión. No se puede recuperar la información del precio del servidor. Se desactivarán las aplicaciones que pueden comprarse."},{"$i":"no-internet-with-tips","$v":"No hay conexión a Internet. Utilice la red Wi-Fi o datos móviles para acceder a Internet."},{"$i":"no-internet-with-tips-wlan","$v":"No hay conexión a Internet. Accede a Internet con una red WLAN o los datos móviles."},{"$i":"no-available-app","$v":"No hay ninguna aplicación disponible todavía."},{"$i":"pin","$v":"Anclar"},{"$i":"open","$v":"ABRIR"},{"$i":"website","$v":"Sitio web"},{"$i":"unpin","$v":"Desanclar"},{"$i":"unpin-msg","$v":"¿Desea desanclar este marcador?"},{"$i":"pin-completely","$v":"Este sitio web se ha anclado en Todas las aplicaciones."},{"$i":"pin-bookmark-completely","$v":"Sitio web anclado en Todas las aplicaciones"},{"$i":"unpin-bookmark-completely","$v":"Sitio web desanclado en Todas las aplicaciones"},{"$i":"fota-found-content","$v":"Actualización de KaiOS disponible. Instálela para obtener nuevas funciones y un mejor rendimiento."},{"$i":"fota-update-found","$v":"Actualización del sistema disponible."},{"$i":"update-available","$v":"Actualización disponible"},{"$i":"app-update-found-content","$v":["Hay disponible una nueva actualización de ",{"t":"idOrVar","v":"appName"},". Se recomienda su instalación."]},{"$i":"app-update-found-content1","$v":["Hay una actualización disponible de ",{"t":"idOrVar","v":"appName"},". Se recomienda su instalación."]},{"$i":"unpin-msg-with-name","$v":["¿Quiere desanclar el marcador de ",{"t":"idOrVar","v":"appName"},"?"]},{"$i":"uninstall-msg-with-name","$v":["¿Quiere desinstalar ",{"t":"idOrVar","v":"appName"},"?"]},{"$i":"network-issue-title","$v":"Error de red"},{"$i":"network-issue-detail","$v":"Compruebe su conexión."},{"$i":"device-issue-title","$v":"Error de instalación"},{"$i":"device-issue-detail","$v":"Se ha producido un error."},{"$i":"install-generic-error","$v":"Descarga detenida."},{"$i":"install","$v":"Instalar"},{"$i":"dismiss","$v":"Descartar"},{"$i":"new-app-recommended","$v":"Nueva aplicación recomendada por KaiOS Store."},{"$i":"show-rich-content","$v":"Mostrar contenido rich media"},{"$i":"do-not-show","$v":"No mostrarlo"},{"$i":"free","$v":"Gratis"},{"$i":"data-enable-short","$v":"Wi-Fi y móvil"},{"$i":"wifi-only-short","$v":"Solo Wi-Fi"},{"$i":"open-url","$v":"Abrir URL"},{"$i":"version","$v":"Versión"},{"$i":"uninstalled-msg-with-name","$v":[{"t":"idOrVar","v":"appName"}," desinstalada."]},{"$i":"restart-phone-msg","$v":"Reinicie su teléfono para optimizar su experiencia al usar KaiOS."},{"$i":"settings-and-account","$v":"Configuración y cuenta"},{"$i":"like","$v":"Me gusta"},{"$i":"unlike","$v":"No me gusta"},{"$i":"unliked-an-app-msg","$v":"Ha indicado que no le gusta esta aplicación"},{"$i":"store-update-and-launch","$v":"Actualización de la tienda disponible. Pulse Aceptar para abrir la tienda."},{"$i":"app-push-launch-action","$v":"IR"},{"$i":"app-push-launch-content","$v":["Le echamos de menos en ",{"t":"idOrVar","v":"appName"},"; vuelva para visitarnos."]}]