[{"$i":"account","$v":"Konto"},{"$i":"sign-in","$v":"Logi sisse"},{"$i":"NewAccount","$v":"Uus konto"},{"$i":"options","$v":"Valikud"},{"$i":"cancel","$v":"Tühista"},{"$i":"update","$v":"Uuenda"},{"$i":"back","$v":"Tagasi"},{"$i":"uninstall","$v":"Desinstalli"},{"$i":"update-found","$v":"Uuendus leitud."},{"$i":"update-found-content","$v":"KaiOS Store sulgub ja uueneb automaatselt. Tulge mõne hetke pärast tagasi."},{"$i":"no-internet","$v":"Internet puudub."},{"$i":"connection-error","$v":"Ühendustõrge."},{"$i":"enable","$v":"Luba"},{"$i":"open-service","$v":"Ava teenus"},{"$i":"downloading","$v":"Allalaadimine"},{"$i":"loading","$v":"Laadimine …"},{"$i":"CAT-recommended","$v":"Soovitatud"},{"$i":"CAT-all","$v":"Kõik"},{"$i":"CAT-10","$v":"Mängud"},{"$i":"CAT-20","$v":"Meelelahutus"},{"$i":"CAT-30","$v":"Suhtlus"},{"$i":"CAT-40","$v":"Ostlemine"},{"$i":"CAT-50","$v":"Uudised"},{"$i":"CAT-60","$v":"Utiliidid"},{"$i":"CAT-70","$v":"Elustiil"},{"$i":"CAT-80","$v":"Tervis"},{"$i":"CAT-90","$v":"Sport"},{"$i":"CAT-100","$v":"Raamatud ja viited"},{"$i":"login-note","$v":"Tere tulemast poodi KaiOS Store. Logige alustamiseks sisse KaiOS-e kontoga."},{"$i":"ok","$v":"OK"},{"$i":"get","$v":"Hangi"},{"$i":"buy","$v":"Osta"},{"$i":"go","$v":"MINE"},{"$i":"select","$v":"VALI"},{"$i":"create","$v":"Loo"},{"$i":"skip","$v":"Jäta vahele"},{"$i":"confirmation","$v":"Kinnitamine"},{"$i":"uninstall-msg","$v":"Kas soovite rakenduse eemaldada?"},{"$i":"stop","$v":"Seiska"},{"$i":"store","$v":"Pood"},{"$i":"settings","$v":"Seaded"},{"$i":"privacy-policy","$v":"Privaatsuspoliitika"},{"$i":"terms-and-services","$v":"Tingimused ja teenused"},{"$i":"need-help","$v":"Vajate abi?"},{"$i":"auto-update","$v":"Automaatne uuendus"},{"$i":"auto-update-off","$v":"Ära uuenda automaatselt"},{"$i":"data-enable","$v":"Läbi Wi-Fi või mobiilsideühenduse"},{"$i":"all-connections","$v":"Kõigi ühenduste kaudu"},{"$i":"wlan-only","$v":"Ainult WLAN-i kaudu"},{"$i":"wifi-only","$v":"Ainult läbi Wi-Fi"},{"$i":"not-found-header","$v":"Rakendust ei leitud"},{"$i":"not-found-msg","$v":"Vabandust, soovitud rakendust poest ei leitud."},{"$i":"no-price-header","$v":"Rakenduse ostmine ei ole võimalik"},{"$i":"no-price-msg","$v":"SIM-kaardi või ühenduse probleemi tõttu. Hinnateavet ei õnnestu serverist alla laadida. Ostetavad rakendused keelatakse."},{"$i":"no-internet-with-tips","$v":"Internetiühendus puudub. Kasutage internetiühenduseks Wi-Fi-t või mobiilset andmesidet."},{"$i":"no-internet-with-tips-wlan","$v":"Interneti-ühendust pole. Interneti-ühenduse saamiseks kasutage WLAN-i või mobiilset andmesidet."},{"$i":"no-available-app","$v":"Ühtegi rakendust pole veel saadaval."},{"$i":"pin","$v":"Kinnita"},{"$i":"open","$v":"AVA"},{"$i":"website","$v":"Veebisait"},{"$i":"unpin","$v":"Eemalda"},{"$i":"unpin-msg","$v":"Kas järjehoidja eemaldada?"},{"$i":"pin-completely","$v":"Veebisait on kinnitatud valikusse All Apps (Kõik rakendused)."},{"$i":"pin-bookmark-completely","$v":"Veebisait on kõikidele rakendustele kinnitatud"},{"$i":"unpin-bookmark-completely","$v":"Veebisait eemaldati kõigist rakendustest"},{"$i":"fota-found-content","$v":"Saadaval on rakenduse KaiOS värskendus. Installige uuteks funktsioonideks ja paremaks jõudluseks."},{"$i":"fota-update-found","$v":"Saadaval süsteemi värskendus"},{"$i":"update-available","$v":"Värskendus saadaval"},{"$i":"app-update-found-content","$v":["Saadaval on rakenduse ",{"t":"idOrVar","v":"appName"}," värskendus. Soovitatakse installimist."]},{"$i":"app-update-found-content1","$v":["Saadaval on rakenduse ",{"t":"idOrVar","v":"appName"}," värskendus. Installimine on soovitatav."]},{"$i":"unpin-msg-with-name","$v":["Kas eemaldada rakenduse ",{"t":"idOrVar","v":"appName"}," järjehoidja?"]},{"$i":"uninstall-msg-with-name","$v":["Kas desinstallida rakendus ",{"t":"idOrVar","v":"appName"},"?"]},{"$i":"network-issue-title","$v":"Võrgu viga"},{"$i":"network-issue-detail","$v":"Kontrollige oma internetiühendust."},{"$i":"device-issue-title","$v":"Installimise viga"},{"$i":"device-issue-detail","$v":"Tekkinud on probleem."},{"$i":"install-generic-error","$v":"Allalaadimine on peatunud."},{"$i":"install","$v":"Installi"},{"$i":"dismiss","$v":"Loobu"},{"$i":"new-app-recommended","$v":"KaiOS-i poe soovitatud uus rakendus."},{"$i":"show-rich-content","$v":"Kuva rikkalikku sisu"},{"$i":"do-not-show","$v":"Ära kuva"},{"$i":"free","$v":"Tasuta"},{"$i":"data-enable-short","$v":"Wi-Fi ja mobiilside"},{"$i":"wifi-only-short","$v":"Ainult Wi-Fi"},{"$i":"open-url","$v":"Ava URL"},{"$i":"version","$v":"Versioon"},{"$i":"uninstalled-msg-with-name","$v":[{"t":"idOrVar","v":"appName"}," on desinstallitud."]},{"$i":"restart-phone-msg","$v":"KaiOS-i kasutuskogemuse maksimeerimiseks taaskäivitage telefon."},{"$i":"settings-and-account","$v":"Sätted ja konto"},{"$i":"like","$v":"Meeldib"},{"$i":"unlike","$v":"Eemalda meeldimine"},{"$i":"unliked-an-app-msg","$v":"Eemaldasite sellelt rakenduselt meeldimise"},{"$i":"store-update-and-launch","$v":"Poe värskendus on saadaval. Poe käivitamiseks vajutage OK."},{"$i":"app-push-launch-action","$v":"MINE"},{"$i":"app-push-launch-content","$v":["Rakenduses ",{"t":"idOrVar","v":"appName"}," tuntakse sinust puudust, külasta meid jälle."]}]