[{"$i":"account","$v":"حساب"},{"$i":"sign-in","$v":"ورود به سیستم"},{"$i":"NewAccount","$v":"حساب جدید"},{"$i":"options","$v":"گزینه ها"},{"$i":"cancel","$v":"لغو کردن"},{"$i":"update","$v":"به روزرسانی"},{"$i":"back","$v":"برگشت"},{"$i":"uninstall","$v":"حذف"},{"$i":"update-found","$v":"به روزرسانی یافت شد."},{"$i":"update-found-content","$v":"KaiOS Store به طور خودکار بسته شده و به روزرسانی می شود. لطفاً ظرف چند لحظه برگردید."},{"$i":"no-internet","$v":"بدون اینترنت."},{"$i":"connection-error","$v":"خطای اتصال."},{"$i":"enable","$v":"فعال سازی"},{"$i":"open-service","$v":"باز کردن سرویس"},{"$i":"downloading","$v":"در حال دانلود"},{"$i":"loading","$v":"در حال بارگيری..."},{"$i":"CAT-recommended","$v":"توصیه شده"},{"$i":"CAT-all","$v":"همه"},{"$i":"CAT-10","$v":"بازی ها"},{"$i":"CAT-20","$v":"سرگرمی"},{"$i":"CAT-30","$v":"اجتماعی"},{"$i":"CAT-40","$v":"خرید"},{"$i":"CAT-50","$v":"اخبار"},{"$i":"CAT-60","$v":"خدمات رفاهی"},{"$i":"CAT-70","$v":"سبک زندگی"},{"$i":"CAT-80","$v":"بهداشت"},{"$i":"CAT-90","$v":"ورزشی"},{"$i":"CAT-100","$v":"کتاب ها و مرجع"},{"$i":"login-note","$v":"به KaiOS Store خوش آمدید. لطفاً برای شروع وارد حساب KaiOS شوید."},{"$i":"ok","$v":"تأیید"},{"$i":"get","$v":"دریافت کردن"},{"$i":"buy","$v":"خرید"},{"$i":"go","$v":"رفتن"},{"$i":"select","$v":"انتخاب"},{"$i":"create","$v":"ايجاد"},{"$i":"skip","$v":"رد شدن"},{"$i":"confirmation","$v":"تأييد"},{"$i":"uninstall-msg","$v":"این برنامه حذف شود؟"},{"$i":"stop","$v":"توقف"},{"$i":"store","$v":"فروشگاه"},{"$i":"settings","$v":"تنظیمات"},{"$i":"privacy-policy","$v":"سیاست حفظ حریم خصوصی"},{"$i":"terms-and-services","$v":"شرايط و ضوابط"},{"$i":"need-help","$v":"نیاز به راهنمایی دارید؟"},{"$i":"auto-update","$v":"به روزرسانی خودکار"},{"$i":"auto-update-off","$v":"به روزرسانی خودکار انجام نشود"},{"$i":"data-enable","$v":"از طریق WiFi و تلفن همراه"},{"$i":"all-connections","$v":"ازطریق همه اتصال‌ها"},{"$i":"wlan-only","$v":"فقط ازطریق WLAN"},{"$i":"wifi-only","$v":"فقط از طریق WiFi"},{"$i":"not-found-header","$v":"برنامه یافت نشد"},{"$i":"not-found-msg","$v":"متآسفیم، برنامه درخواستی در Store یافت نشد."},{"$i":"no-price-header","$v":"خرید برنامه موجود نیست"},{"$i":"no-price-msg","$v":"به دلیل مشکل سیم کارت یا اتصال. نمی توانید اطلاعات قیمت را از سرور بازیابی کنید. برنامه های قابل خرید غیرفعال می شوند."},{"$i":"no-internet-with-tips","$v":"اتصال اینترنتی وجود ندارد. از Wi-Fi یا داده تلفن همراه برای دسترسی به اینترنت استفاده کنید."},{"$i":"no-internet-with-tips-wlan","$v":"اتصال اینترنت وجود ندارد. برای دسترسی به اینترنت، از WLAN یا داده تلفن همراه استفاده کنید."},{"$i":"no-available-app","$v":"هنوز هیچ برنامه ای وجود ندارد."},{"$i":"pin","$v":"اتصال"},{"$i":"open","$v":"باز کردن"},{"$i":"website","$v":"وب سایت"},{"$i":"unpin","$v":"عدم اتصال"},{"$i":"unpin-msg","$v":"اتصال این نشانک قطع شود؟"},{"$i":"pin-completely","$v":"این وب سایت به همه برنامه ها وصل شده است."},{"$i":"pin-bookmark-completely","$v":"وب سایت به همه برنامه ها اتصال دارد"},{"$i":"unpin-bookmark-completely","$v":"اتصال وب سایت از همه برنامه ها قطع است"},{"$i":"fota-found-content","$v":"به روزرسانی KaiOS موجود است. برای ویژگی های جدید و عملکرد بهتر نصب کنید."},{"$i":"fota-update-found","$v":"به روزرسانی سیستم موجود است"},{"$i":"update-available","$v":"به روزرسانی موجود است"},{"$i":"app-update-found-content","$v":["به روزرسانی ",{"t":"idOrVar","v":"appName"}," موجود است. توصیه می شود روند نصب را انجام دهید."]},{"$i":"app-update-found-content1","$v":[{"t":"idOrVar","v":"appName"}," به روزرسانی موجود است. نصب توصیه می شود."]},{"$i":"unpin-msg-with-name","$v":["عدم اتصال محل یاب ",{"t":"idOrVar","v":"appName"},"؟"]},{"$i":"uninstall-msg-with-name","$v":["حذف ",{"t":"idOrVar","v":"appName"},"؟"]},{"$i":"network-issue-title","$v":"خطای شبکه"},{"$i":"network-issue-detail","$v":"لطفاً اتصال خود را بررسی کنید."},{"$i":"device-issue-title","$v":"خطای نصب"},{"$i":"device-issue-detail","$v":"مشکلی روی داده است."},{"$i":"install-generic-error","$v":"دانلود متوقف شد."},{"$i":"install","$v":"نصب"},{"$i":"dismiss","$v":"رد کردن"},{"$i":"new-app-recommended","$v":"برنامه جدید از طرف فروشگاه KaiOS توصیه می شود."},{"$i":"show-rich-content","$v":"نمایش محتوای غنی"},{"$i":"do-not-show","$v":"نشان ندهید"},{"$i":"free","$v":"رایگان"},{"$i":"data-enable-short","$v":"WiFi و تلفن همراه"},{"$i":"wifi-only-short","$v":"فقط  WiFi"},{"$i":"open-url","$v":"باز کردن URL"},{"$i":"version","$v":"نسخه"},{"$i":"uninstalled-msg-with-name","$v":[{"t":"idOrVar","v":"appName"}," حذف شد."]},{"$i":"restart-phone-msg","$v":"لطفاً دوباره تلفن را راه اندازی کنید تا از حداکثر تجربه KaiOS برخوردار شوید."},{"$i":"settings-and-account","$v":"تنظیمت و حساب"},{"$i":"like","$v":"پسندیدن"},{"$i":"unlike","$v":"لغو پسندیدن"},{"$i":"unliked-an-app-msg","$v":"پسندیدن این برنامه را لغو کردید"},{"$i":"store-update-and-launch","$v":"به روزرسانی فروشگاه در دسترس است. برای راه اندازی فروشگاه، ok را فشار دهید."},{"$i":"app-push-launch-action","$v":"رفتن"},{"$i":"app-push-launch-content","$v":["در ",{"t":"idOrVar","v":"appName"}," دلتنگ شما هستیم، برای دیدن ما بازگردید."]}]