[{"$i":"account","$v":"Account"},{"$i":"sign-in","$v":"Mag-sign In"},{"$i":"NewAccount","$v":"Bagong Account"},{"$i":"options","$v":"Mga Opsyon"},{"$i":"cancel","$v":"Kanselahin"},{"$i":"update","$v":"I-update"},{"$i":"back","$v":"Bumalik"},{"$i":"uninstall","$v":"I-uninstall"},{"$i":"update-found","$v":"Nahanap ang update."},{"$i":"update-found-content","$v":"Isasara ang KaiOS Store at awtomatikong ia-update. Bumalik pagkalipas ng ilang sandali."},{"$i":"no-internet","$v":"Walang Internet."},{"$i":"connection-error","$v":"Error sa koneksyon."},{"$i":"enable","$v":"I-enable"},{"$i":"open-service","$v":"Buksan ang Serbisyo"},{"$i":"downloading","$v":"Nagda-download"},{"$i":"loading","$v":"Nilo-load..."},{"$i":"CAT-recommended","$v":"Nirekomenda"},{"$i":"CAT-all","$v":"Lahat"},{"$i":"CAT-10","$v":"Games"},{"$i":"CAT-20","$v":"Entertainment"},{"$i":"CAT-30","$v":"Social"},{"$i":"CAT-40","$v":"Shopping"},{"$i":"CAT-50","$v":"News"},{"$i":"CAT-60","$v":"Utilities"},{"$i":"CAT-70","$v":"Lifestyle"},{"$i":"CAT-80","$v":"Health"},{"$i":"CAT-90","$v":"Sports"},{"$i":"CAT-100","$v":{"$o":"Books & Reference"}},{"$i":"login-note","$v":"Welcome sa KaiOS Store. Mag-sign in sa KaiOS account mo para magsimula."},{"$i":"ok","$v":"OK"},{"$i":"get","$v":"Kunin"},{"$i":"buy","$v":"Bilhin"},{"$i":"go","$v":"PUMUNTA"},{"$i":"select","$v":"PUMILI"},{"$i":"create","$v":"Gumawa"},{"$i":"skip","$v":"Laktawan"},{"$i":"confirmation","$v":"Kumpirmasyon"},{"$i":"uninstall-msg","$v":"I-uninstall ang app na ito?"},{"$i":"stop","$v":"Huminto"},{"$i":"store","$v":"Store"},{"$i":"settings","$v":"Mga Setting"},{"$i":"privacy-policy","$v":"Patakaran sa Pagkapribado"},{"$i":"terms-and-services","$v":"Mga Tuntunin at Serbisyo"},{"$i":"need-help","$v":"Kailangan ng Tulong?"},{"$i":"auto-update","$v":"I-auto Update"},{"$i":"auto-update-off","$v":"Huwag i-auto update"},{"$i":"data-enable","$v":{"$o":"Gamit ang WiFi & Cellular"}},{"$i":"all-connections","$v":"Sa lahat ng mga koneksiyon"},{"$i":"wlan-only","$v":"Sa WLAN lang"},{"$i":"wifi-only","$v":"Sa WiFi lang"},{"$i":"not-found-header","$v":"Di Nakita ang App"},{"$i":"not-found-msg","$v":"Paumanhin, wala ang hiniling na App sa Store."},{"$i":"no-price-header","$v":"Hindi Available ang Pagbili ng App"},{"$i":"no-price-msg","$v":"Dahil sa SIM card o problema sa koneksiyon. Hindi makuha ang impormasyon ng presyo mula sa server. Hindi pagaganahin ang mga mabibiling app."},{"$i":"no-internet-with-tips","$v":"Walang internet connection. Gamitin ang Wi-Fi o mobile data para ma-access ang internet."},{"$i":"no-internet-with-tips-wlan","$v":"Walang internet connection. Gumamit ng WLAN o mobile data para i-access ang internet."},{"$i":"no-available-app","$v":"Wala pang magagamit na aplikasyon."},{"$i":"pin","$v":"Pin"},{"$i":"open","$v":"BUKSAN"},{"$i":"website","$v":"Website"},{"$i":"unpin","$v":"I-unpin"},{"$i":"unpin-msg","$v":"I-unpin ang bookmark na ito?"},{"$i":"pin-completely","$v":"Nai-pin ang website na ito sa Lahat ng Apps."},{"$i":"pin-bookmark-completely","$v":"Naka-pin ang Website sa Lahat ng App"},{"$i":"unpin-bookmark-completely","$v":"Inalis ang Pagka-pin ng Website mula sa Lahat ng App"},{"$i":"fota-found-content","$v":"May update sa KaiOS na makukuha. Mag-install ng mga bagong tampok at mas magandang performance."},{"$i":"fota-update-found","$v":"May system update na makukuha"},{"$i":"update-available","$v":"May makukuhang update"},{"$i":"app-update-found-content","$v":["May update ng ",{"t":"idOrVar","v":"appName"}," na makukuha. Nirerekomenda ang installment."]},{"$i":"app-update-found-content1","$v":["Available ang ",{"t":"idOrVar","v":"appName"}," update. Nirerekomendang i-install."]},{"$i":"unpin-msg-with-name","$v":["I-unpin ang ",{"t":"idOrVar","v":"appName"}," bookmark?"]},{"$i":"uninstall-msg-with-name","$v":["I-uninstall ",{"t":"idOrVar","v":"appName"},"?"]},{"$i":"network-issue-title","$v":"Error sa Network"},{"$i":"network-issue-detail","$v":"Pakisuri ang koneksiyon mo."},{"$i":"device-issue-title","$v":"Error sa Pag-install"},{"$i":"device-issue-detail","$v":"May naganap na isyu."},{"$i":"install-generic-error","$v":"Hininto ang pag-download."},{"$i":"install","$v":"I-install"},{"$i":"dismiss","$v":"I-dismiss"},{"$i":"new-app-recommended","$v":"Bagong App na Nirerekomenda ng KaiOS Store."},{"$i":"show-rich-content","$v":"Ipakita ang rich content"},{"$i":"do-not-show","$v":"Huwag ipakita"},{"$i":"free","$v":"Libre"},{"$i":"data-enable-short","$v":{"$o":"WiFi & Cellular"}},{"$i":"wifi-only-short","$v":"WiFi lang"},{"$i":"open-url","$v":"Buksan ang URL"},{"$i":"version","$v":"Bersiyon"},{"$i":"uninstalled-msg-with-name","$v":["In-uninstall ang",{"t":"idOrVar","v":"appName"},"."]},{"$i":"restart-phone-msg","$v":"Paki-restart ang telepono mo para i-maximize ang iyong karanasan sa KaiOS."},{"$i":"settings-and-account","$v":"Mga Setting at Account"},{"$i":"like","$v":"I-like"},{"$i":"unlike","$v":"I-unlike"},{"$i":"unliked-an-app-msg","$v":"In-unlike mo ang app na ito"},{"$i":"store-update-and-launch","$v":"May update ang Store. Pakipindot ang OK para i-launch ang Store."},{"$i":"app-push-launch-action","$v":"PUMUNTA"},{"$i":"app-push-launch-content","$v":["Miss ka namin sa ",{"t":"idOrVar","v":"appName"},", bumalik at bisitahin kami."]}]