[{"$i":"account","$v":"Gestionnaire de compte"},{"$i":"sign-in","$v":"Se connecter"},{"$i":"NewAccount","$v":"Nouveau compte"},{"$i":"options","$v":"Options"},{"$i":"cancel","$v":"Annuler"},{"$i":"update","$v":"Mise à jour"},{"$i":"back","$v":"Arrière"},{"$i":"uninstall","$v":"Désinstaller"},{"$i":"update-found","$v":"Mise à jour trouvée."},{"$i":"update-found-content","$v":"Le magasin KaiOS va se fermer et la mise à jour se fera automatiquement. Veuillez revenir dans quelques instants."},{"$i":"no-internet","$v":"Aucun accès Internet."},{"$i":"connection-error","$v":"Erreur de connexion."},{"$i":"enable","$v":"Activer"},{"$i":"open-service","$v":"Service ouvert"},{"$i":"downloading","$v":"Téléchargement"},{"$i":"loading","$v":"Chargement..."},{"$i":"CAT-recommended","$v":"Recommandé"},{"$i":"CAT-all","$v":"Tout"},{"$i":"CAT-10","$v":"Jeux"},{"$i":"CAT-20","$v":"Divertissement"},{"$i":"CAT-30","$v":"Social"},{"$i":"CAT-40","$v":"Magasinage"},{"$i":"CAT-50","$v":"Nouvelles"},{"$i":"CAT-60","$v":"Utilitaires"},{"$i":"CAT-70","$v":"Style de vie"},{"$i":"CAT-80","$v":"Santé"},{"$i":"CAT-90","$v":"Sports"},{"$i":"CAT-100","$v":"Livres et référence"},{"$i":"login-note","$v":"Bienvenue au magasin KaiOS. Veuillez vous connecter à votre compte KaiOS pour débuter."},{"$i":"ok","$v":"OK"},{"$i":"get","$v":"Obtenir"},{"$i":"buy","$v":"Acheter"},{"$i":"go","$v":"ALLER"},{"$i":"select","$v":"SÉLECTIONNER"},{"$i":"create","$v":"Créer"},{"$i":"skip","$v":"Sauter"},{"$i":"confirmation","$v":"Confirmation"},{"$i":"uninstall-msg","$v":"Désinstaller cette application?"},{"$i":"stop","$v":"Arrêter"},{"$i":"store","$v":"Magasin"},{"$i":"settings","$v":"Réglages"},{"$i":"privacy-policy","$v":"Politique de confidentialité"},{"$i":"terms-and-services","$v":"Modalités et services"},{"$i":"need-help","$v":"Besoin d'aide?"},{"$i":"auto-update","$v":"Mise à jour automatique"},{"$i":"auto-update-off","$v":"Aucune mise à jour automatique"},{"$i":"data-enable","$v":"Par Wi-Fi ou par données cellulaires"},{"$i":"all-connections","$v":"Avec toutes les connexions"},{"$i":"wlan-only","$v":"Seulement par réseau sans fil local"},{"$i":"wifi-only","$v":"Par Wi-Fi seulement"},{"$i":"not-found-header","$v":"Application introuvable"},{"$i":"not-found-msg","$v":"Désolé, l'application demandée est introuvable dans le Magasin."},{"$i":"no-price-header","$v":"Achat d'application non disponible"},{"$i":"no-price-msg","$v":"Problème de carte SIM ou de connexion. Échec de récupération des prix du serveur. Les applications achetables seront désactivées."},{"$i":"no-internet-with-tips","$v":"Aucune connexion Internet. Utilisez une connexion Wi-Fi ou de données cellulaires pour accéder à Internet."},{"$i":"no-internet-with-tips-wlan","$v":"Aucune connexion Internet. Utilisez un réseau sans fil local ou les données cellulaires pour accéder à Internet."},{"$i":"no-available-app","$v":"Il n'y a pas d'application disponible pour l'instant."},{"$i":"pin","$v":"Épingler"},{"$i":"open","$v":"OUVRIR"},{"$i":"website","$v":"Site Web"},{"$i":"unpin","$v":"Désépingler"},{"$i":"unpin-msg","$v":"Désépingler ce signet?"},{"$i":"pin-completely","$v":"Ce site Web a été épinglé dans Toutes les applications."},{"$i":"pin-bookmark-completely","$v":"Site Web épinglé dans Toutes les applications"},{"$i":"unpin-bookmark-completely","$v":"Site Web désépinglé de Toutes les applications"},{"$i":"fota-found-content","$v":"KaiOS : une mise à jour est disponible. Installez-la pour obtenir de nouvelles fonctions et un rendement amélioré."},{"$i":"fota-update-found","$v":"Mise à jour système disponible"},{"$i":"update-available","$v":"Mise à jour disponible"},{"$i":"app-update-found-content","$v":[{"t":"idOrVar","v":"appName"}," : une mise à jour est disponible. L'installation est recommandée."]},{"$i":"app-update-found-content1","$v":[{"t":"idOrVar","v":"appName"}," indique qu'une mise à jour est disponible. L'installation est recommandée."]},{"$i":"unpin-msg-with-name","$v":["Désépingler le signet ",{"t":"idOrVar","v":"appName"},"?"]},{"$i":"uninstall-msg-with-name","$v":["Désinstaller ",{"t":"idOrVar","v":"appName"},"?"]},{"$i":"network-issue-title","$v":"Erreur de réseau"},{"$i":"network-issue-detail","$v":"Vérifier votre connexion."},{"$i":"device-issue-title","$v":"Erreur d'installation"},{"$i":"device-issue-detail","$v":"Un problème est survenu."},{"$i":"install-generic-error","$v":"Téléchargement arrêté."},{"$i":"install","$v":"Installer"},{"$i":"dismiss","$v":"Ignorer"},{"$i":"new-app-recommended","$v":"Nouvelle application recommandée par le magasin KaiOS."},{"$i":"show-rich-content","$v":"Afficher un contenu riche"},{"$i":"do-not-show","$v":"Ne pas afficher"},{"$i":"free","$v":"Gratuit"},{"$i":"data-enable-short","$v":"Wi-Fi et données cellulaires"},{"$i":"wifi-only-short","$v":"Wi-Fi seulement"},{"$i":"open-url","$v":"Ouvrir l'URL"},{"$i":"version","$v":"Version"},{"$i":"uninstalled-msg-with-name","$v":[{"t":"idOrVar","v":"appName"}," désinstallé."]},{"$i":"restart-phone-msg","$v":"Redémarrez le téléphone pour optimiser votre expérience KaiOS."},{"$i":"settings-and-account","$v":"Paramètres et compte"},{"$i":"like","$v":"J’aime"},{"$i":"unlike","$v":"Je n’aime plus"},{"$i":"unliked-an-app-msg","$v":"Vous avez cessé d’aimer cette application."},{"$i":"store-update-and-launch","$v":"Une mise à jour du Magasin est disponible. Appuyez sur OK pour lancer le Magasin."},{"$i":"app-push-launch-action","$v":"ALLER"},{"$i":"app-push-launch-content","$v":["Vous nous manquez sur ",{"t":"idOrVar","v":"appName"},", revenez nous voir!"]}]