[{"$i":"account","$v":"Gestion du compte"},{"$i":"sign-in","$v":"Se connecter"},{"$i":"NewAccount","$v":"Nouveau compte"},{"$i":"options","$v":"Options"},{"$i":"cancel","$v":"Annuler"},{"$i":"update","$v":"Enreg."},{"$i":"back","$v":"Retour"},{"$i":"uninstall","$v":"Désinstaller"},{"$i":"update-found","$v":"Une mise à jour a été détectée."},{"$i":"update-found-content","$v":"KaiOS Store va se fermer et se mettre à jour automatiquement. Revenez dans quelques instants."},{"$i":"no-internet","$v":"Aucun accès à Internet."},{"$i":"connection-error","$v":"Une erreur de connexion s’est produite."},{"$i":"enable","$v":"Activer"},{"$i":"open-service","$v":"Ouvrir le service"},{"$i":"downloading","$v":"Téléchargement en cours"},{"$i":"loading","$v":"Chargement en cours…"},{"$i":"CAT-recommended","$v":"Recommandé"},{"$i":"CAT-all","$v":"Tout"},{"$i":"CAT-10","$v":"Jeux"},{"$i":"CAT-20","$v":"Jeux et applications"},{"$i":"CAT-30","$v":"Social"},{"$i":"CAT-40","$v":"Achats"},{"$i":"CAT-50","$v":"Nouvelles"},{"$i":"CAT-60","$v":"Services"},{"$i":"CAT-70","$v":"Style de vie"},{"$i":"CAT-80","$v":"Santé"},{"$i":"CAT-90","$v":"Sports"},{"$i":"CAT-100","$v":"Ouvrages et références"},{"$i":"login-note","$v":"Bienvenue dans le KaiOS Store. Veuillez vous connecter au compte KaiOS pour commencer."},{"$i":"ok","$v":"OK"},{"$i":"get","$v":"Obtenir"},{"$i":"buy","$v":"Acheter"},{"$i":"go","$v":"OK"},{"$i":"select","$v":"SÉLECTIONNER"},{"$i":"create","$v":"Créer"},{"$i":"skip","$v":"Passer"},{"$i":"confirmation","$v":"Confirmation"},{"$i":"uninstall-msg","$v":"Voulez-vous désinstaller l’application ?"},{"$i":"stop","$v":"Arrêter"},{"$i":"store","$v":"Store"},{"$i":"settings","$v":"Paramètres"},{"$i":"privacy-policy","$v":"Politique de confidentialité"},{"$i":"terms-and-services","$v":"Conditions générales"},{"$i":"need-help","$v":"Besoin d’aide ?"},{"$i":"auto-update","$v":"Mise à jour auto."},{"$i":"auto-update-off","$v":"Ne pas mettre à jour auto."},{"$i":"data-enable","$v":"Par Wi-Fi+connex. mobile"},{"$i":"all-connections","$v":"Via toutes les connexions"},{"$i":"wlan-only","$v":"Uniquement via WLAN"},{"$i":"wifi-only","$v":"Par Wi-Fi uniquement"},{"$i":"not-found-header","$v":"Appli introuvable"},{"$i":"not-found-msg","$v":"Désolés, l’appli demandée est introuvable dans le Store."},{"$i":"no-price-header","$v":"Achat d’applications non disponible"},{"$i":"no-price-msg","$v":"En raison de la carte SIM ou d’un problème de connexion, il est impossible de récupérer les tarifs sur le serveur. Les applications à l’achat seront désactivées."},{"$i":"no-internet-with-tips","$v":"Sans connexion Internet. Utilisez une connexion Wi-Fi ou mobile pour accéder à Internet."},{"$i":"no-internet-with-tips-wlan","$v":"Aucune connexion Internet. Utilisez le WLAN ou les données mobiles pour accéder à Internet"},{"$i":"no-available-app","$v":"Aucune application disponible pour l’instant."},{"$i":"pin","$v":"Attacher"},{"$i":"open","$v":"OUVRIR"},{"$i":"website","$v":"Site Web"},{"$i":"unpin","$v":"Détacher"},{"$i":"unpin-msg","$v":"Détacher ce favori ?"},{"$i":"pin-completely","$v":"Ce site Web a été attaché à  Toutes les applications."},{"$i":"pin-bookmark-completely","$v":"Site Web ajouté à la liste Toutes les applications"},{"$i":"unpin-bookmark-completely","$v":"Site Web retiré de la liste Toutes les applications"},{"$i":"fota-found-content","$v":"Nouvelle version de KaiOS disponible. Installez-la pour bénéficier des nouvelles fonctions et améliorer les performances."},{"$i":"fota-update-found","$v":"Mise à jour système disponible"},{"$i":"update-available","$v":"Mise à jour disponible"},{"$i":"app-update-found-content","$v":["Nouvelle version de ",{"t":"idOrVar","v":"appName"}," disponible. Son installation est recommandée."]},{"$i":"app-update-found-content1","$v":["La mise à jour ",{"t":"idOrVar","v":"appName"}," est disponible. Il est recommandé de l’installer."]},{"$i":"unpin-msg-with-name","$v":["Détacher ",{"t":"idOrVar","v":"appName"}," ?"]},{"$i":"uninstall-msg-with-name","$v":["Désinstaller ",{"t":"idOrVar","v":"appName"}," ?"]},{"$i":"network-issue-title","$v":"Erreur réseau"},{"$i":"network-issue-detail","$v":"Vérifiez votre connexion."},{"$i":"device-issue-title","$v":"Erreur d’installation"},{"$i":"device-issue-detail","$v":"Un problème s’est présenté."},{"$i":"install-generic-error","$v":"Le téléchargement s’est arrêté."},{"$i":"install","$v":"Installer"},{"$i":"dismiss","$v":"Ignorer"},{"$i":"new-app-recommended","$v":"Nouvelle application recommandée par KaiOS Store."},{"$i":"show-rich-content","$v":"Afficher le contenu enrichi"},{"$i":"do-not-show","$v":"Ne pas afficher"},{"$i":"free","$v":"Gratuit"},{"$i":"data-enable-short","$v":"Wi-Fi+mobile"},{"$i":"wifi-only-short","$v":"Wi-Fi uniqmt"},{"$i":"open-url","$v":"Ouvrir URL"},{"$i":"version","$v":"Version"},{"$i":"uninstalled-msg-with-name","$v":["Application ",{"t":"idOrVar","v":"appName"}," désinstallée"]},{"$i":"restart-phone-msg","$v":"Redémarrez votre téléphone pour bénéficier du meilleur environnement KaiOS."},{"$i":"settings-and-account","$v":"Paramètres et compte"},{"$i":"like","$v":"J’aime"},{"$i":"unlike","$v":"Je n’aime plus"},{"$i":"unliked-an-app-msg","$v":"Vous n’aimez plus cette application"},{"$i":"store-update-and-launch","$v":"Une mise à jour du Store est disponible. Appuyez sur OK pour lancer le Store."},{"$i":"app-push-launch-action","$v":"OK"},{"$i":"app-push-launch-content","$v":["Nous espérons vous revoir très bientôt dans ",{"t":"idOrVar","v":"appName"},"."]}]