[{"$i":"account","$v":"Conta"},{"$i":"sign-in","$v":"Iniciar sesión"},{"$i":"NewAccount","$v":"Nova conta"},{"$i":"options","$v":"Opcións"},{"$i":"cancel","$v":"Cancelar"},{"$i":"update","$v":"Actualizar."},{"$i":"back","$v":"Atrás"},{"$i":"uninstall","$v":"Desinstalar"},{"$i":"update-found","$v":"Actualización atopada."},{"$i":"update-found-content","$v":"KaiOS Store pecharase e actualizarase automaticamente. Vovle pasados uns intres."},{"$i":"no-internet","$v":"Non hai Internet."},{"$i":"connection-error","$v":"Erro de conexión."},{"$i":"enable","$v":"Actiar"},{"$i":"open-service","$v":"Abrir servizo"},{"$i":"downloading","$v":"Descargando"},{"$i":"loading","$v":"Cargando..."},{"$i":"CAT-recommended","$v":"Recomendada"},{"$i":"CAT-all","$v":"Todas"},{"$i":"CAT-10","$v":"Xogos"},{"$i":"CAT-20","$v":"Lecer"},{"$i":"CAT-30","$v":"Social"},{"$i":"CAT-40","$v":"Compras"},{"$i":"CAT-50","$v":"Novas"},{"$i":"CAT-60","$v":"Utilidades"},{"$i":"CAT-70","$v":"Estilo de vida"},{"$i":"CAT-80","$v":"Saúde"},{"$i":"CAT-90","$v":"Deportes"},{"$i":"CAT-100","$v":"Libros e consulta"},{"$i":"login-note","$v":"Benvido/a a KaiOS Store. Inicia sesión na túa conta KaiOS para comezar."},{"$i":"ok","$v":"Aceptar"},{"$i":"get","$v":"Obter"},{"$i":"buy","$v":"Comprar"},{"$i":"go","$v":"IR"},{"$i":"select","$v":"SELECCIONAR"},{"$i":"create","$v":"Crear"},{"$i":"skip","$v":"Omitir"},{"$i":"confirmation","$v":"Confirmación"},{"$i":"uninstall-msg","$v":"Desinstalar esta aplicación?"},{"$i":"stop","$v":"Deter"},{"$i":"store","$v":"Tenda"},{"$i":"settings","$v":"Configuración"},{"$i":"privacy-policy","$v":"Política de privacidade"},{"$i":"terms-and-services","$v":"Termos e servizos"},{"$i":"need-help","$v":"Precisas axuda?"},{"$i":"auto-update","$v":"Actualizar automaticamente"},{"$i":"auto-update-off","$v":"Non actualizar automaticamente"},{"$i":"data-enable","$v":"Por wifi e rede móbil"},{"$i":"all-connections","$v":"Con todas as conexións"},{"$i":"wlan-only","$v":"Só con WLAN"},{"$i":"wifi-only","$v":"Só por wifi"},{"$i":"not-found-header","$v":"Aplicación non atopada"},{"$i":"not-found-msg","$v":"Sentímolo, a aplicación solicitada non se atopa na Tenda."},{"$i":"no-price-header","$v":"Compra de aplicación non dispoñible."},{"$i":"no-price-msg","$v":"Por mor dun problema de conexión ou da tarxeta SIM. Non se puido obter información do prezo do servidor. Desactivarase a compra de aplicacións."},{"$i":"no-internet-with-tips","$v":"Non hai conexión a Internet. Usa wifi ou datos móbiles para acceder a Internet."},{"$i":"no-internet-with-tips-wlan","$v":"Non hai conexión a internet. Usa WLAN ou datos móbiles para acceder a internet."},{"$i":"no-available-app","$v":"Aínda non hai unha aplicación dispoñible."},{"$i":"pin","$v":"Ancorar"},{"$i":"open","$v":"ABRIR"},{"$i":"website","$v":"Sitio web"},{"$i":"unpin","$v":"Desancorar"},{"$i":"unpin-msg","$v":"Desancorar este marcador?"},{"$i":"pin-completely","$v":"Este sitio web foi ancorado a Todas as aplicacións."},{"$i":"pin-bookmark-completely","$v":"Sitio web ancorado a Todas as aplicacións"},{"$i":"unpin-bookmark-completely","$v":"Sitio web desancorado de Todas as aplicacións"},{"$i":"fota-found-content","$v":"Actualización de KaiOS dispoñible. Instálaa para obter novas funcionalidades e un mellor rendemento."},{"$i":"fota-update-found","$v":"Actualización de sistema dispoñible."},{"$i":"update-available","$v":"Actualización dispoñible"},{"$i":"app-update-found-content","$v":["Hai unha actualización dispoñible de ",{"t":"idOrVar","v":"appName"},". Recoméndase a instalación."]},{"$i":"app-update-found-content1","$v":["Hai unha actualización dispoñible de ",{"t":"idOrVar","v":"appName"},". Recoméndase a instalación."]},{"$i":"unpin-msg-with-name","$v":["Desancorar marcador de ",{"t":"idOrVar","v":"appName"},"?"]},{"$i":"uninstall-msg-with-name","$v":["Desinstalar  ",{"t":"idOrVar","v":"appName"},"?"]},{"$i":"network-issue-title","$v":"Erro de rede"},{"$i":"network-issue-detail","$v":"Comproba que tes Internet."},{"$i":"device-issue-title","$v":"Erro de instalación"},{"$i":"device-issue-detail","$v":"Ocorreu un erro."},{"$i":"install-generic-error","$v":"Detívose a descarga."},{"$i":"install","$v":"Instalar"},{"$i":"dismiss","$v":"Desbotar"},{"$i":"new-app-recommended","$v":"Nova aplicación recomendada pola KaiOS Store."},{"$i":"show-rich-content","$v":"Mostrar contido enriquecido"},{"$i":"do-not-show","$v":"Non mostrar"},{"$i":"free","$v":"Gratuíta"},{"$i":"data-enable-short","$v":"Wifi e rede móbil"},{"$i":"wifi-only-short","$v":"Só wifi"},{"$i":"open-url","$v":"Abrir URL"},{"$i":"version","$v":"Versión"},{"$i":"uninstalled-msg-with-name","$v":[{"t":"idOrVar","v":"appName"}," desinstalada."]},{"$i":"restart-phone-msg","$v":"Reinicie o seu teléfono para optimizar a súa experiencia ao usar KaiOS."},{"$i":"settings-and-account","$v":"Configuración e conta"},{"$i":"like","$v":"Gústame"},{"$i":"unlike","$v":"Non me gusta"},{"$i":"unliked-an-app-msg","$v":"Puxo que non lle gusta esta aplicación"},{"$i":"store-update-and-launch","$v":"Actualización dispoñible da tenda. Pulse Aceptar para abrir a tenda."},{"$i":"app-push-launch-action","$v":"IR"},{"$i":"app-push-launch-content","$v":["Botámolo de menos en ",{"t":"idOrVar","v":"appName"},"; volva para visitarnos."]}]