[{"$i":"account","$v":"Account"},{"$i":"sign-in","$v":"સાઈન ઈન કરો"},{"$i":"NewAccount","$v":"નવું એકાઉન્ટ"},{"$i":"options","$v":"વિકલ્પ"},{"$i":"cancel","$v":"રદ્દ કરો"},{"$i":"update","$v":"અપડેટ કરો"},{"$i":"back","$v":"પાછળ"},{"$i":"uninstall","$v":"અનઈન્સ્ટોલ કરો"},{"$i":"update-found","$v":"અપડેટ મળેલ છે."},{"$i":"update-found-content","$v":"કાઈ.ઓ.એસ સ્ટોર આપોઆપ બંધ અને અપડેટ કરશે. કૃપા કરીને થોડીવારમાં પાછા આવો."},{"$i":"no-internet","$v":"ઈન્ટરનેટ નથી."},{"$i":"connection-error","$v":"કનેક્શન ભૂલ."},{"$i":"enable","$v":"સક્ષમ કરો"},{"$i":"open-service","$v":"ઓપન સેવા"},{"$i":"downloading","$v":"ડાઉનલોડ કરી રહ્યા છે"},{"$i":"loading","$v":"લોડ કરી રહ્યું છે..."},{"$i":"CAT-recommended","$v":"Recommended"},{"$i":"CAT-all","$v":"તમામ"},{"$i":"CAT-10","$v":"રમતો"},{"$i":"CAT-20","$v":"મનોરંજન"},{"$i":"CAT-30","$v":"સોશિઅલ"},{"$i":"CAT-40","$v":"શોપિંગ"},{"$i":"CAT-50","$v":"સમાચાર"},{"$i":"CAT-60","$v":"ઉપયોગિતાઓ"},{"$i":"CAT-70","$v":"જીવનશૈલી"},{"$i":"CAT-80","$v":"આરોગ્ય"},{"$i":"CAT-90","$v":"રમતગમતો"},{"$i":"CAT-100","$v":"પુસ્તકો અને સંદર્ભ"},{"$i":"login-note","$v":"કાઈ.ઓ.એસ સ્ટોર પર તમારું સ્વાગત છે. શરૂ કરવા માટે કૃપા કરીને કાઈ.ઓ.એસ એકાઉન્ટમાં સાઈન ઈન કરો."},{"$i":"ok","$v":"ઠીક છે"},{"$i":"get","$v":"મેળવો"},{"$i":"buy","$v":"Buy"},{"$i":"go","$v":"જાઓ"},{"$i":"select","$v":"પસંદ કરો"},{"$i":"create","$v":"બનાવો"},{"$i":"skip","$v":"સ્કિપ"},{"$i":"confirmation","$v":"ખાતરી"},{"$i":"uninstall-msg","$v":"આ એપ અનઈન્સ્ટોલ કરો?"},{"$i":"stop","$v":"રોકો"},{"$i":"store","$v":"સ્ટોર"},{"$i":"settings","$v":"સેટિંગ્સ"},{"$i":"privacy-policy","$v":"Privacy Policy"},{"$i":"terms-and-services","$v":"Terms and Services"},{"$i":"need-help","$v":"Need Help?"},{"$i":"auto-update","$v":"સ્વતઃ અપડેટ કરો"},{"$i":"auto-update-off","$v":"સ્વતઃ અપડેટ ન કરો"},{"$i":"data-enable","$v":"વાઈફાઈ અને સેલ્યુલર દ્વારા"},{"$i":"all-connections","$v":"Through all connections"},{"$i":"wlan-only","$v":"Only through WLAN"},{"$i":"wifi-only","$v":"ફક્ત વાઈફાઈ દ્વારા"},{"$i":"not-found-header","$v":"એપ્લિકેશન મળી નથી"},{"$i":"not-found-msg","$v":"માફ કરશો, વિનંતી કરેલ એપ્લિકેશન સ્ટોરમાં મળી ન હતી."},{"$i":"no-price-header","$v":"App Purchase Unavailable"},{"$i":"no-price-msg","$v":"Due to SIM card or connection issue. Unable to retrieve price info from server. Purchasable apps will be disabled."},{"$i":"no-internet-with-tips","$v":"કોઈ ઈન્ટરનેટ કનેક્શન નથી. ઈન્ટરનેટ એક્સેસ કરવા માટે વાઈ-ફાઈ અથવા મોબાઈલ ડેટાનો ઉપયોગ કરો."},{"$i":"no-internet-with-tips-wlan","$v":"No internet connection. Use WLAN or mobile data to access the internet."},{"$i":"no-available-app","$v":"There is no application available yet."},{"$i":"pin","$v":"પિન"},{"$i":"open","$v":"ખોલો"},{"$i":"website","$v":"વેબસાઈટ"},{"$i":"unpin","$v":"અનપિન કરો"},{"$i":"unpin-msg","$v":"આ બુકમાર્ક અનપિન કરવા માંગો છો?"},{"$i":"pin-completely","$v":"આ વેબસાઈટ તમામ એપ પર પિન કરેલ છે."},{"$i":"pin-bookmark-completely","$v":"Website Pinned to All Apps"},{"$i":"unpin-bookmark-completely","$v":"Website Unpinned from All Apps"},{"$i":"fota-found-content","$v":"કાઈ.ઓ.એસ માટે અપડેટ ઉપલબ્ધ છે. નવી સુવિધાઓ અને સારા પ્રદર્શન માટે ઈન્સ્ટોલ કરો."},{"$i":"fota-update-found","$v":"સિસ્ટમ માટે અપડેટ ઉપલબ્ધ છે"},{"$i":"update-available","$v":"અપડેટ ઉપલબ્ધ છે"},{"$i":"app-update-found-content","$v":[{"t":"idOrVar","v":"appName"}," માટે અપડેટ ઉપલબ્ધ છે.જે ઈન્સ્ટોલ કરવા માટે સૂચવવામાં આવે છે. (ઈન્સ્ટોલમેન્ટ - ઈન્સ્ટોલેશન)"]},{"$i":"app-update-found-content1","$v":[{"t":"idOrVar","v":"appName"}," update is available. Installation is recommended."]},{"$i":"unpin-msg-with-name","$v":[{"t":"idOrVar","v":"appName"}," બુકમાર્ક અનપિન કરવા માંગો છો ?"]},{"$i":"uninstall-msg-with-name","$v":[{"t":"idOrVar","v":"appName"}," અનઈન્સ્ટોલ કરવા માંગો છો ?"]},{"$i":"network-issue-title","$v":"નેટવર્કમાં ત્રુટિ"},{"$i":"network-issue-detail","$v":"કૃપા કરી તમારું કનેક્શન તપાસો."},{"$i":"device-issue-title","$v":"ઈન્સ્ટોલમાં ત્રુટિ"},{"$i":"device-issue-detail","$v":"એક સમસ્યા આવી છે."},{"$i":"install-generic-error","$v":"ડાઉનલોડ બંધ કરવામાં આવ્યું."},{"$i":"install","$v":"Install"},{"$i":"dismiss","$v":"Dismiss"},{"$i":"new-app-recommended","$v":"New App Recommended by KaiOS Store."},{"$i":"show-rich-content","$v":"Show rich content"},{"$i":"do-not-show","$v":"Do not show"},{"$i":"free","$v":"Free"},{"$i":"data-enable-short","$v":{"$o":"WiFi & Cellular"}},{"$i":"wifi-only-short","$v":"WiFi Only"},{"$i":"open-url","$v":"Open URL"},{"$i":"version","$v":"Version"},{"$i":"uninstalled-msg-with-name","$v":[{"t":"idOrVar","v":"appName"}," uninstalled."]},{"$i":"restart-phone-msg","$v":"Please restart your phone to maximize your KaiOS experience."},{"$i":"settings-and-account","$v":{"$o":"Settings & Account"}},{"$i":"like","$v":"Like"},{"$i":"unlike","$v":"Unlike"},{"$i":"unliked-an-app-msg","$v":"You unliked this app"},{"$i":"store-update-and-launch","$v":"Store update is available. Press ok to launch Store."},{"$i":"app-push-launch-action","$v":"Go"},{"$i":"app-push-launch-content","$v":["We miss you at ",{"t":"idOrVar","v":"appName"},", Come back to visit us."]}]