[{"$i":"account","$v":"Account"},{"$i":"sign-in","$v":"Shiga"},{"$i":"NewAccount","$v":"Sabon Ajiya"},{"$i":"options","$v":"Zaɓuɓɓuka"},{"$i":"cancel","$v":"Soke"},{"$i":"update","$v":"Sabunta"},{"$i":"back","$v":"Baya"},{"$i":"uninstall","$v":"CireWA"},{"$i":"update-found","$v":"An samu samfurin."},{"$i":"update-found-content","$v":"Kamfanin KaiOS zai rufe kuma Sabunta na otomatic. Don Allahya dawo a cikin 'yan lokutan."},{"$i":"no-internet","$v":"Babu intanet "},{"$i":"connection-error","$v":"Kuskuren haɗin"},{"$i":"enable","$v":"Karfafa"},{"$i":"open-service","$v":"Tsarin Budewa"},{"$i":"downloading","$v":"Saukawa"},{"$i":"loading","$v":"Loading..."},{"$i":"CAT-recommended","$v":"Shawara"},{"$i":"CAT-all","$v":"Duk"},{"$i":"CAT-10","$v":"Wassani"},{"$i":"CAT-20","$v":"Nishaɗi"},{"$i":"CAT-30","$v":"Na zaman jama'a"},{"$i":"CAT-40","$v":"Sayawa"},{"$i":"CAT-50","$v":"Sako"},{"$i":"CAT-60","$v":"Mai amfani"},{"$i":"CAT-70","$v":"Salob"},{"$i":"CAT-80","$v":"Lafiya"},{"$i":"CAT-90","$v":"Wasanni"},{"$i":"CAT-100","$v":"Takarda shaida"},{"$i":"login-note","$v":"Maraba zuwa Cibiyar KaiO. Don allya shigar da asusun KaiOS don farawa."},{"$i":"ok","$v":"TO"},{"$i":"get","$v":"Samu"},{"$i":"buy","$v":"Saya"},{"$i":"go","$v":"TAFI"},{"$i":"select","$v":"ZAƁI"},{"$i":"create","$v":"Halita"},{"$i":"skip","$v":"Tsalle"},{"$i":"confirmation","$v":"Tabbatar"},{"$i":"uninstall-msg","$v":"Cire wanna manhajar? "},{"$i":"stop","$v":"Tsaya"},{"$i":"store","$v":"Wurin adana"},{"$i":"settings","$v":"Saittuna"},{"$i":"privacy-policy","$v":"Dokar Tsare Sirri"},{"$i":"terms-and-services","$v":"Sharuddan da Ayyuka"},{"$i":"need-help","$v":"Bukatar taimako?"},{"$i":"auto-update","$v":"Sabuntar otomatik"},{"$i":"auto-update-off","$v":"Kada a sabunta ta otomatik"},{"$i":"data-enable","$v":{"$o":"Ta hanyar WiFi & Salula"}},{"$i":"all-connections","$v":"Through all connections"},{"$i":"wlan-only","$v":"Only through WLAN"},{"$i":"wifi-only","$v":"Sai kawai ta hanyar WiFi"},{"$i":"not-found-header","$v":"Ba a samu manhaja"},{"$i":"not-found-msg","$v":"Muna hakuri, ba'a samo Akwatin da ake buƙata a Store ba."},{"$i":"no-price-header","$v":"Ba’a samu Siyan Manhaja "},{"$i":"no-price-msg","$v":"Saboda matsalan katin SIM ko haɗi._x005F_x000D__x005F_x000D__x000D_"},{"$i":"no-internet-with-tips","$v":"Babu haɗi intanit. Yi amfani da Wi-Fi ko bayanan wayar hannu don samun damar intanit."},{"$i":"no-internet-with-tips-wlan","$v":"No internet connection. Use WLAN or mobile data to access the internet."},{"$i":"no-available-app","$v":"Babu manhaja a yanzu."},{"$i":"pin","$v":"Pin"},{"$i":"open","$v":"Buɗe"},{"$i":"website","$v":"Yanar gizo"},{"$i":"unpin","$v":"Cire abun da aka kafa"},{"$i":"unpin-msg","$v":"Cire wannan alamar shafi?"},{"$i":"pin-completely","$v":"An sanya wannan shafin yanar gizon"},{"$i":"pin-bookmark-completely","$v":"Shafin yanar gizon da aka sanya daga Duk Manhaja"},{"$i":"unpin-bookmark-completely","$v":"Shafukan Yanar Gizo ba tare da An Samu daga Duk manhaja ba"},{"$i":"fota-found-content","$v":"Sabuntawa na KaiOS samuwa. Shigar da sababbin fasali da mafi kyau."},{"$i":"fota-update-found","$v":"Sabunta tsaake samuwa "},{"$i":"update-available","$v":"Sabuntawa ana samuwa"},{"$i":"app-update-found-content","$v":[{"t":"idOrVar","v":"appName"}," sabuntawa ana samuwa. An bayar da shawarar shigarwa."]},{"$i":"app-update-found-content1","$v":[{"t":"idOrVar","v":"appName"},"sabuntawa yana samuwa._x005F_x000D__x005F_x000D__x000D_"]},{"$i":"unpin-msg-with-name","$v":["Cire ",{"t":"idOrVar","v":"appName"}," alamar shafi?"]},{"$i":"uninstall-msg-with-name","$v":["Cirewa ",{"t":"idOrVar","v":"appName"},"?"]},{"$i":"network-issue-title","$v":"Kuskuren Hanyar Sadarwa"},{"$i":"network-issue-detail","$v":"Don Allah ka duba haɗin ka."},{"$i":"device-issue-title","$v":"Shigar da Kuskure"},{"$i":"device-issue-detail","$v":"Wani matsala ya taso."},{"$i":"install-generic-error","$v":"Saukar sun tsaya."},{"$i":"install","$v":"Sauka"},{"$i":"dismiss","$v":"Kore"},{"$i":"new-app-recommended","$v":"Sabon Gwajin da aka ba da shawara daga KaiOS Store."},{"$i":"show-rich-content","$v":"A nuna har da kunshiya"},{"$i":"do-not-show","$v":"kada a nuna da ƙunshiya"},{"$i":"free","$v":"Kyauta"},{"$i":"data-enable-short","$v":{"$o":"WiFi & Salula"}},{"$i":"wifi-only-short","$v":"Sai kawai WiFi"},{"$i":"open-url","$v":"Open URL"},{"$i":"version","$v":"Version"},{"$i":"uninstalled-msg-with-name","$v":[{"t":"idOrVar","v":"appName"}," uninstalled."]},{"$i":"restart-phone-msg","$v":"Please restart your phone to maximize your KaiOS experience."},{"$i":"settings-and-account","$v":{"$o":"Settings & Account"}},{"$i":"like","$v":"Like"},{"$i":"unlike","$v":"Unlike"},{"$i":"unliked-an-app-msg","$v":"You unliked this app"},{"$i":"store-update-and-launch","$v":"Store update is available. Press ok to launch Store."},{"$i":"app-push-launch-action","$v":"Go"},{"$i":"app-push-launch-content","$v":["We miss you at ",{"t":"idOrVar","v":"appName"},", Come back to visit us."]}]