[{"$i":"account","$v":"חשבון"},{"$i":"sign-in","$v":"התחבר"},{"$i":"NewAccount","$v":"חשבון חדש"},{"$i":"options","$v":"אפשרויות"},{"$i":"cancel","$v":"ביטול"},{"$i":"update","$v":"עדכן"},{"$i":"back","$v":"חזרה"},{"$i":"uninstall","$v":"הסר התקנה"},{"$i":"update-found","$v":"נמצא עדכון."},{"$i":"update-found-content","$v":"‏KaiOS Store תיסגר ותתעדכן אוטומטית. חזור בעוד מספר רגעים."},{"$i":"no-internet","$v":"אין אינטרנט."},{"$i":"connection-error","$v":"שגיאת התחברות."},{"$i":"enable","$v":"אפשר"},{"$i":"open-service","$v":"שירות פתוח"},{"$i":"downloading","$v":"הורדה"},{"$i":"loading","$v":"טוען..."},{"$i":"CAT-recommended","$v":"מומלץ"},{"$i":"CAT-all","$v":"הכל"},{"$i":"CAT-10","$v":"משחקים"},{"$i":"CAT-20","$v":"בידור"},{"$i":"CAT-30","$v":"רשתות חברתיות"},{"$i":"CAT-40","$v":"קניות"},{"$i":"CAT-50","$v":"חדשות"},{"$i":"CAT-60","$v":"עזרים"},{"$i":"CAT-70","$v":"סגנון חיים"},{"$i":"CAT-80","$v":"בריאות"},{"$i":"CAT-90","$v":"ספורט"},{"$i":"CAT-100","$v":"ספרים וחומר עזר"},{"$i":"login-note","$v":"ברוך הבא אל KaiOS Store. כדי להתחיל, היכנס לחשבון KaiOS שלך."},{"$i":"ok","$v":"אישור"},{"$i":"get","$v":"קבל"},{"$i":"buy","$v":"קניה"},{"$i":"go","$v":"בצע"},{"$i":"select","$v":"בחר"},{"$i":"create","$v":"צור"},{"$i":"skip","$v":"דלג"},{"$i":"confirmation","$v":"אישור"},{"$i":"uninstall-msg","$v":"להסיר את היישום הזה?"},{"$i":"stop","$v":"עצור"},{"$i":"store","$v":"חנות"},{"$i":"settings","$v":"הגדרות"},{"$i":"privacy-policy","$v":"מדיניות פרטיות"},{"$i":"terms-and-services","$v":"תנאים ושירותים"},{"$i":"need-help","$v":"נדרשת עזרה?"},{"$i":"auto-update","$v":"עדכון אוטומטי"},{"$i":"auto-update-off","$v":"אל תעדכן אוטומטית"},{"$i":"data-enable","$v":"דרך Wi-Fi וסלולרי"},{"$i":"all-connections","$v":"דרך כל החיבורים"},{"$i":"wlan-only","$v":"רק באמצעות WLAN"},{"$i":"wifi-only","$v":"רק דרך Wi-Fi"},{"$i":"not-found-header","$v":"היישום לא נמצא"},{"$i":"not-found-msg","$v":"מצטערים, היישום המבוקש לא נמצא בחנות."},{"$i":"no-price-header","$v":"רכישת יישום בלתי אפשרית"},{"$i":"no-price-msg","$v":"הודות לכרטיס SIM או בעיה בחיבור. בלתי ניתן לקבל מידע על מחיר מהשרת. יישומים שניתן לרכוש יושבתו."},{"$i":"no-internet-with-tips","$v":"אין חיבור אינטרנט. השתמש בחיבור Wi-Fi או בנתונים סלולריים לגישה לאינטרנט."},{"$i":"no-internet-with-tips-wlan","$v":"אין חיבור לאינטרנט. השתמש בחיבור WLAN או בחיבור סלולרי כדי לגשת לאינטרנט."},{"$i":"no-available-app","$v":"אין יישום עדיין"},{"$i":"pin","$v":"הצמד"},{"$i":"open","$v":"פתח"},{"$i":"website","$v":"אתר אינטרנט"},{"$i":"unpin","$v":"בטל הצמדה"},{"$i":"unpin-msg","$v":"האם לבטל את הצמדת הסימנייה הזאת?"},{"$i":"pin-completely","$v":"אתר האינטרנט הזה הוצמד לכל היישומים."},{"$i":"pin-bookmark-completely","$v":"האתר מהודק ל- All Apps"},{"$i":"unpin-bookmark-completely","$v":"ההידוק של האתר ל- All Apps בוטל"},{"$i":"fota-found-content","$v":"עדכון KaiOS זמין. נא להתקין לקבלת תכונות חדשות וביצועים משופרים."},{"$i":"fota-update-found","$v":"עדכון מערכת זמין"},{"$i":"update-available","$v":"עדכון זמין"},{"$i":"app-update-found-content","$v":["עדכון ",{"t":"idOrVar","v":"appName"}," זמין. ההתקנה מומלצת."]},{"$i":"app-update-found-content1","$v":[{"t":"idOrVar","v":"appName"}," שדרוג יהיה זמין. מומלצת התקנה "]},{"$i":"unpin-msg-with-name","$v":["האם להסיר את ",{"t":"idOrVar","v":"appName"},"?"]},{"$i":"uninstall-msg-with-name","$v":["האם להסיר את ",{"t":"idOrVar","v":"appName"},"?"]},{"$i":"network-issue-title","$v":"שגיאת רשת"},{"$i":"network-issue-detail","$v":"נא לבדוק את החיבור שלך."},{"$i":"device-issue-title","$v":"שגיאת התקנה"},{"$i":"device-issue-detail","$v":"אירעה בעיה."},{"$i":"install-generic-error","$v":"ההורדה נעצרה."},{"$i":"install","$v":"התקנה"},{"$i":"dismiss","$v":"ביטול"},{"$i":"new-app-recommended","$v":"היישום החדש מומלץ ע\"י KaiOS Store."},{"$i":"show-rich-content","$v":"הצג תוכן עשיר"},{"$i":"do-not-show","$v":"אל תציג"},{"$i":"free","$v":"חינם"},{"$i":"data-enable-short","$v":"Wi-Fi וסלולר"},{"$i":"wifi-only-short","$v":"Wi-Fi בלבד"},{"$i":"open-url","$v":"תפתח URL"},{"$i":"version","$v":"גרסה"},{"$i":"uninstalled-msg-with-name","$v":[{"t":"idOrVar","v":"appName"}," הוסר."]},{"$i":"restart-phone-msg","$v":"אנא אתחל את הנייד על מנת להגדיל את חווית הKaiOS שלך."},{"$i":"settings-and-account","$v":"הגדרות חשבון"},{"$i":"like","$v":"אהבתי"},{"$i":"unlike","$v":"לא אוהב"},{"$i":"unliked-an-app-msg","$v":"לא אהבת את האפליקציה הזאת"},{"$i":"store-update-and-launch","$v":"יש עדכון חנות מוכן. לחץ OK על מנת לשגר את החנות."},{"$i":"app-push-launch-action","$v":"בצע"},{"$i":"app-push-launch-content","$v":[{"t":"idOrVar","v":"appName"}," מתגעגעים אליך, תחזור לבקר אותנו."]}]