[{"$i":"account","$v":"अकाउंट"},{"$i":"sign-in","$v":"साइन इन करें"},{"$i":"NewAccount","$v":"नया अकाउंट"},{"$i":"options","$v":"विकल्प"},{"$i":"cancel","$v":"रद्द करें"},{"$i":"update","$v":"अपडेट"},{"$i":"back","$v":"वापस जाएं"},{"$i":"uninstall","$v":"अनइंस्टॉल"},{"$i":"update-found","$v":"अपडेट मिला।"},{"$i":"update-found-content","$v":"Kaios स्टोर स्वचालित रूप से बंद हो जाएगा और अपडेट करेगा। कृपया कुछ ही क्षणों में वापस आएं।"},{"$i":"no-internet","$v":"इंटरनेट नहीं है।"},{"$i":"connection-error","$v":"कनेक्शन त्रुटि।"},{"$i":"enable","$v":"सक्षम करें"},{"$i":"open-service","$v":"खुली सेवा"},{"$i":"downloading","$v":"डाउनलोड हो रहा हैं"},{"$i":"loading","$v":"लोड हो रहा है..."},{"$i":"CAT-recommended","$v":"सुझाया गया"},{"$i":"CAT-all","$v":"सभी"},{"$i":"CAT-10","$v":"गेम्स"},{"$i":"CAT-20","$v":"मनोरंजन"},{"$i":"CAT-30","$v":"सोशल"},{"$i":"CAT-40","$v":"शॉपिंग"},{"$i":"CAT-50","$v":"समाचार"},{"$i":"CAT-60","$v":"उपयोगिताएँ"},{"$i":"CAT-70","$v":"जीवनशैली"},{"$i":"CAT-80","$v":"स्वास्थ्य"},{"$i":"CAT-90","$v":"खेल"},{"$i":"CAT-100","$v":"पुस्तकें और संदर्भ"},{"$i":"login-note","$v":"Kaios स्टोर में आपका स्वागत है। कृपया शुरू करने के लिए Kaios खाते में साइन करें।"},{"$i":"ok","$v":"ठीक हैं"},{"$i":"get","$v":"प्राप्त करें"},{"$i":"buy","$v":"खरीदें"},{"$i":"go","$v":"जाएं"},{"$i":"select","$v":"चुनें"},{"$i":"create","$v":"बनाएं"},{"$i":"skip","$v":"स्किप"},{"$i":"confirmation","$v":"पुष्टिकरण"},{"$i":"uninstall-msg","$v":"इस ऐप को अनइंस्टॉल करें?"},{"$i":"stop","$v":"रोकें"},{"$i":"store","$v":"स्टोर"},{"$i":"settings","$v":"सेटिंग्स"},{"$i":"privacy-policy","$v":"गोपनीयता नीति"},{"$i":"terms-and-services","$v":"शर्तें और सेवाएं"},{"$i":"need-help","$v":"सहायता की आवश्यकता है?"},{"$i":"auto-update","$v":"स्वतः अपडेट करें"},{"$i":"auto-update-off","$v":"स्वतः अपडेट न करें"},{"$i":"data-enable","$v":"वाई-फाई और सेल्यूलर के माध्यम से"},{"$i":"all-connections","$v":"सभी कनेक्शन के माध्यम से"},{"$i":"wlan-only","$v":"केवल WLAN के माध्यम से"},{"$i":"wifi-only","$v":"केवल वाई-फाई के माध्यम से"},{"$i":"not-found-header","$v":"ऐप नहीं मिला"},{"$i":"not-found-msg","$v":"हमें खेद है कि अनुरोधित ऐप इस स्टोर में नहीं मिला।"},{"$i":"no-price-header","$v":"सिम कार्य या कनेक्शन में समस्या के कारण"},{"$i":"no-price-msg","$v":"ऐप की खरीदारी अनुपलब्ध है। सर्वर से कीमत संबंधित जानकारी दोबारा प्राप्त करने में असमर्थ। खरीदे जाने योग्य ऐप्स अक्षम हो जाएंगे।"},{"$i":"no-internet-with-tips","$v":"इंटरनेट कनेक्शन नहीं है। इंटरनेट एक्सेस करने के लिए वाई-फाई या मोबाइल डेटा का उपयोग करें।"},{"$i":"no-internet-with-tips-wlan","$v":"इंटरनेट कनेक्शन नहीं। इंटरनेट की सुविधा लेने के लिए WLAN या मोबाइल डेटा का उपयोग करें। "},{"$i":"no-available-app","$v":"अभी कोई अनुप्रयोग उपलब्ध नहीं है।"},{"$i":"pin","$v":"पिन"},{"$i":"open","$v":"खोलें"},{"$i":"website","$v":"वेबसाइट"},{"$i":"unpin","$v":"अनपिन करें"},{"$i":"unpin-msg","$v":"इस बुकमार्क को अनपिन करना चाहते हैं?"},{"$i":"pin-completely","$v":"यह वेबसाइट सभी ऐप पर पिन की गई है।"},{"$i":"pin-bookmark-completely","$v":"वेबसाइट को सभी ऐप्स पर पिन किया गया"},{"$i":"unpin-bookmark-completely","$v":"वेबसाइट को सभी ऐप्स से पिन किया गया"},{"$i":"fota-found-content","$v":"काई.ओ.एस के लिए अपडेट उपलब्ध है। नई सुविधाओं और बेहतर प्रदर्शन के लिए इंस्टॉल करें।"},{"$i":"fota-update-found","$v":"सिस्टम के लिए अपडेट उपलब्ध है"},{"$i":"update-available","$v":"अपडेट उपलब्ध है"},{"$i":"app-update-found-content","$v":[{"t":"idOrVar","v":"appName"}," के लिए अपडेट उपलब्ध है। इंस्टॉल करने के लिए सलाह दी जाती है। (इंस्टॉलमेंट - इंस्टॉलेशन)"]},{"$i":"app-update-found-content1","$v":[{"t":"idOrVar","v":"appName"}," अपडेट उपलब्ध है। इंस्टॉलेशन अनुशंसित है।"]},{"$i":"unpin-msg-with-name","$v":[{"t":"idOrVar","v":"appName"}," बुकमार्क को अनपिन करना चाहते हैं?"]},{"$i":"uninstall-msg-with-name","$v":[{"t":"idOrVar","v":"appName"},"अनइंस्टॉल करना चाहते है?"]},{"$i":"network-issue-title","$v":"नेटवर्क में त्रुटि"},{"$i":"network-issue-detail","$v":"कृपया अपना कनेक्शन जांचें।"},{"$i":"device-issue-title","$v":"इंस्टॉल में त्रुटि"},{"$i":"device-issue-detail","$v":"एक समस्या हुई है।"},{"$i":"install-generic-error","$v":"डाउनलोड रुक गया है।"},{"$i":"install","$v":"इंस्टॉल करें"},{"$i":"dismiss","$v":"खारिज करें"},{"$i":"new-app-recommended","$v":"काई ओ.एस स्टोर द्वारा अनुशंसित नया ऐप"},{"$i":"show-rich-content","$v":"समृद्ध कंटेंट दिखाएं"},{"$i":"do-not-show","$v":"न दिखाएं"},{"$i":"free","$v":"मुक्त"},{"$i":"data-enable-short","$v":"वाई-फाई और सेल्यूलर"},{"$i":"wifi-only-short","$v":"केवल वाई-फाई"},{"$i":"open-url","$v":"URL खोलें"},{"$i":"version","$v":"संस्करण"},{"$i":"uninstalled-msg-with-name","$v":[{"t":"idOrVar","v":"appName"}," अनइंस्टॉल की गई।"]},{"$i":"restart-phone-msg","$v":{"$o":"कृपया अपने KaiOS_x000D_&#10;  अनुभव को शानदार बनाने के लिए अपना फ़ोन रीस्टार्ट करें।"}},{"$i":"settings-and-account","$v":"सेटिंग्स और अकाउंट"},{"$i":"like","$v":"पसंद करें"},{"$i":"unlike","$v":"नापसंद करें"},{"$i":"unliked-an-app-msg","$v":"आपने इस ऐप को नापसंद किया है"},{"$i":"store-update-and-launch","$v":"स्टोर अपडेट उपलब्ध है। स्टोर लॉंच करने के लिए ठीक है दबाएँ।"},{"$i":"app-push-launch-action","$v":"जाएं"},{"$i":"app-push-launch-content","$v":["हम आपको ",{"t":"idOrVar","v":"appName"}," पर मिस कर रहे हैं, हमारे पास वापस आ जाएं।"]}]