[{"$i":"account","$v":"Fiók"},{"$i":"sign-in","$v":"Bejelentkezés"},{"$i":"NewAccount","$v":"Új fiók"},{"$i":"options","$v":"Opciók"},{"$i":"cancel","$v":"Mégse"},{"$i":"update","$v":"Frissítés"},{"$i":"back","$v":"Vissza"},{"$i":"uninstall","$v":"Eltávolítás"},{"$i":"update-found","$v":"Frissítés észlelve."},{"$i":"update-found-content","$v":"A KaiOS áruház bezárásra kerül, valamint automatikusan frissülni fog. Kérjük, térjen vissza néhány perc múlva."},{"$i":"no-internet","$v":"Nincs internetkapcsolat"},{"$i":"connection-error","$v":"Kapcsolathiba"},{"$i":"enable","$v":"Engedélyezés"},{"$i":"open-service","$v":"Szolgáltatáshoz való hozzáférés"},{"$i":"downloading","$v":"Letöltés..."},{"$i":"loading","$v":"Betöltés..."},{"$i":"CAT-recommended","$v":"Javasolt"},{"$i":"CAT-all","$v":"Összes"},{"$i":"CAT-10","$v":"Játékok"},{"$i":"CAT-20","$v":"Szórakozás"},{"$i":"CAT-30","$v":"Közösségi"},{"$i":"CAT-40","$v":"Bevásárlás"},{"$i":"CAT-50","$v":"Hírek"},{"$i":"CAT-60","$v":"Közszolgáltatások"},{"$i":"CAT-70","$v":"Életmód"},{"$i":"CAT-80","$v":"Egészség"},{"$i":"CAT-90","$v":"Sport"},{"$i":"CAT-100","$v":"Könyvek és referenciák"},{"$i":"login-note","$v":"Üdvözöljük a KaiOS áruházban. A kezdéshez lépjen be a KaiOS fiókjába."},{"$i":"ok","$v":"OK"},{"$i":"get","$v":"Letöltés"},{"$i":"buy","$v":"Vásárlás"},{"$i":"go","$v":"UGRÁS"},{"$i":"select","$v":"KIVÁLASZTÁS"},{"$i":"create","$v":"Létrehozás"},{"$i":"skip","$v":"Skip"},{"$i":"confirmation","$v":"Megerősítés"},{"$i":"uninstall-msg","$v":"Eltávolítja ezt az alkalmazást?"},{"$i":"stop","$v":"Leállítás"},{"$i":"store","$v":"Áruház"},{"$i":"settings","$v":"Beállítások"},{"$i":"privacy-policy","$v":"Adatvédelmi nyilatkozat"},{"$i":"terms-and-services","$v":"Szolgáltatási feltételek"},{"$i":"need-help","$v":"Segítségre van szüksége?"},{"$i":"auto-update","$v":"Automatikus frissítés"},{"$i":"auto-update-off","$v":"Ne frissítsen automatikusan"},{"$i":"data-enable","$v":"Wi-Fi-n és mobiladaton"},{"$i":"all-connections","$v":"Összes kapcsolaton keresztül"},{"$i":"wlan-only","$v":"Csak WLAN kapcsolaton keresztül"},{"$i":"wifi-only","$v":"Csak Wi-Fi-kapcsolaton keresztül"},{"$i":"not-found-header","$v":"Az alkalmazás nem található"},{"$i":"not-found-msg","$v":"Sajnos a kért alkalmazást nem találtuk az áruházban."},{"$i":"no-price-header","$v":"Az alkalmazás-megvásárlás nem áll rendelkezésre"},{"$i":"no-price-msg","$v":"SIM-kártya vagy kapcsolathiba miatt. Az árra vonatkozó információk szerverről való lekérése sikertelen. A megvásárolható alkalmazások letiltásra kerülnek."},{"$i":"no-internet-with-tips","$v":"Nincs internetkapcsolat. Az internet eléréséhez használja a Wi-Fi hálózatot vagy a mobil adatkapcsolatot."},{"$i":"no-internet-with-tips-wlan","$v":"Nincs internetkapcsolat. Használjon WLAN- vagy mobiladat-kapcsolatot az internethez való hozzáféréshez."},{"$i":"no-available-app","$v":"Még nincs rendelkezésre álló alkalmazás."},{"$i":"pin","$v":"Rögzítés"},{"$i":"open","$v":"MEGNYITÁS"},{"$i":"website","$v":"Weboldal"},{"$i":"unpin","$v":"Rögzítés feloldása"},{"$i":"unpin-msg","$v":"Feloldja ennek a könyvjelzőnek a rögzítését?"},{"$i":"pin-completely","$v":"Ez a weboldal rögzítésre került az Összes alkalmazás felülethez."},{"$i":"pin-bookmark-completely","$v":"Weboldal rögzítve az Összes alkalmazáshoz"},{"$i":"unpin-bookmark-completely","$v":"A weboldal Összes alkalmazáshoz való rögzítése feloldva"},{"$i":"fota-found-content","$v":"KaiOs frissítés rendelkezésre áll. Telepítse az új funkciókért és jobb teljesítményért."},{"$i":"fota-update-found","$v":"Rendszerfrissítés áll rendelkezésre"},{"$i":"update-available","$v":"Frissítés áll rendelkezésre"},{"$i":"app-update-found-content","$v":["A(z) ",{"t":"idOrVar","v":"appName"}," alkalmazás frissítése rendelkezésre áll. Telepítése javasolt."]},{"$i":"app-update-found-content1","$v":["A(z) ",{"t":"idOrVar","v":"appName"}," alkalmazás frissítése rendelkezésre áll. Telepítés javasolt."]},{"$i":"unpin-msg-with-name","$v":["Feloldja a(z) ",{"t":"idOrVar","v":"appName"}," alkalmazás könyvjelzőjének rögzítését?"]},{"$i":"uninstall-msg-with-name","$v":["Eltávolítja a(z) ",{"t":"idOrVar","v":"appName"}," alkalmazást?"]},{"$i":"network-issue-title","$v":"Hálózati hiba"},{"$i":"network-issue-detail","$v":"Ellenőrizze ez internetkapcsolatát."},{"$i":"device-issue-title","$v":"Telepítési hiba"},{"$i":"device-issue-detail","$v":"Hiba történt."},{"$i":"install-generic-error","$v":"A letöltés leállításra került."},{"$i":"install","$v":"Telepítés"},{"$i":"dismiss","$v":"Elutasítás"},{"$i":"new-app-recommended","$v":"Új alkalmazás a KaiOS Store ajánlásával."},{"$i":"show-rich-content","$v":"Részletes tartalom mutatása"},{"$i":"do-not-show","$v":"Ne mutassa "},{"$i":"free","$v":"Ingyenes"},{"$i":"data-enable-short","$v":"Wi-Fi és mobiladat"},{"$i":"wifi-only-short","$v":"Csak Wi-Fi"},{"$i":"open-url","$v":"URL megnyitása"},{"$i":"version","$v":"Verzió"},{"$i":"uninstalled-msg-with-name","$v":[{"t":"idOrVar","v":"appName"}," eltávolítva"]},{"$i":"restart-phone-msg","$v":"A maximális KaiOS élményhez indítsa újra a telefonját."},{"$i":"settings-and-account","$v":"Beállítások és fiók"},{"$i":"like","$v":"Kedvelés"},{"$i":"unlike","$v":"Kedvelés visszavonása"},{"$i":"unliked-an-app-msg","$v":"Visszavonta az alkalmazás kedvelését"},{"$i":"store-update-and-launch","$v":"Az áruházfrissítés rendelkezésre áll. Nyomja meg az OK gombot az Áruház megnyitásához."},{"$i":"app-push-launch-action","$v":"UGRÁS"},{"$i":"app-push-launch-content","$v":["A(z) ",{"t":"idOrVar","v":"appName"}," hiányolja, kérjük, látogasson vissza."]}]