[{"$i":"account","$v":"Հաշիվ"},{"$i":"sign-in","$v":"Մտնել"},{"$i":"NewAccount","$v":"Նոր հաշիվ"},{"$i":"options","$v":"Ընտրանքներ"},{"$i":"cancel","$v":"Չեղարկել"},{"$i":"update","$v":"Թարմացնել"},{"$i":"back","$v":"Հետ"},{"$i":"uninstall","$v":"Ապատեղադրել"},{"$i":"update-found","$v":"Առկա է թարմացում:"},{"$i":"update-found-content","$v":"KaiOS Խանութը կփակվի և ինքնաշխատորեն կթարմացվի։ Վերադարձեք մի քանի րոպեից։"},{"$i":"no-internet","$v":"Ինտերնետ չկա։"},{"$i":"connection-error","$v":"Միացման սխալ:"},{"$i":"enable","$v":"Միացնել"},{"$i":"open-service","$v":"Բացել ծռյթյնը"},{"$i":"downloading","$v":"Ներբեռնվում է"},{"$i":"loading","$v":"Բեռնվում է…"},{"$i":"CAT-recommended","$v":"֊Առաջարկում ենք "},{"$i":"CAT-all","$v":"Բոլորը"},{"$i":"CAT-10","$v":"Խաղեր"},{"$i":"CAT-20","$v":"Ժամանց"},{"$i":"CAT-30","$v":"Սոցիալական"},{"$i":"CAT-40","$v":"Առևտուր"},{"$i":"CAT-50","$v":"Լուրեր"},{"$i":"CAT-60","$v":"Կոմունալ ծառայություններ"},{"$i":"CAT-70","$v":"Կենսակերպ"},{"$i":"CAT-80","$v":"Առողջություն"},{"$i":"CAT-90","$v":"Սպորտ"},{"$i":"CAT-100","$v":"Գրքեր և Հղումներ"},{"$i":"login-note","$v":"Բարի գալուստ KaiOS Խանութ։ Մուտք գործեք ձեր KaiOS հաշիվ՝ սկսելու համար։"},{"$i":"ok","$v":"OK"},{"$i":"get","$v":"Ստանալ"},{"$i":"buy","$v":"Գնել"},{"$i":"go","$v":"ԱՆՑՆԵԼ"},{"$i":"select","$v":"ԸՆՏՐԵԼ"},{"$i":"create","$v":"Ստեղծել"},{"$i":"skip","$v":"Բաց թողնել"},{"$i":"confirmation","$v":"Հաստատել"},{"$i":"uninstall-msg","$v":"Ապաակտիվացնե՞լ այս հավելվածը։"},{"$i":"stop","$v":"Դադար"},{"$i":"store","$v":"Խանութ"},{"$i":"settings","$v":"Կարգավորումներ"},{"$i":"privacy-policy","$v":"Գաղտնիության քաղաքականություն"},{"$i":"terms-and-services","$v":"Պայմաններ եւ ծառայություններ"},{"$i":"need-help","$v":"Օգնության կարիք ունեք?"},{"$i":"auto-update","$v":"Մեխանիկորեն թարմացնել"},{"$i":"auto-update-off","$v":"Մեխանիկորեն չթարմացնել"},{"$i":"data-enable","$v":"Wi Fi և բջջային կապի միջոցով"},{"$i":"all-connections","$v":"Բոլոր տեսակի կապերի միջոցով"},{"$i":"wlan-only","$v":"Միայն wlan-ի միջոցով"},{"$i":"wifi-only","$v":"Միայն Wi Fi կապի միջոցով"},{"$i":"not-found-header","$v":"Հավելվածը չի գտնվել"},{"$i":"not-found-msg","$v":"Ցավոք, Ձեր կողմից հարցում արված հավելվածը խանութում չի գտնվել։"},{"$i":"no-price-header","$v":"Ծրագրի ձեռքբերումը անհասանելի է"},{"$i":"no-price-msg","$v":"SIM քարտի կամ կապի խնդրի պատճառով: Սերվերից գնի վերաբերյալ տեղեկություն ստանալն անհնար է։ Վճարովի ծրագրերը կանջատվեն:"},{"$i":"no-internet-with-tips","$v":"Ինտերնետ կապ չկա։Ինտերնետին միանալու համար օտվեք Wi Fi կամ բջջայի կապից։"},{"$i":"no-internet-with-tips-wlan","$v":"Համացանցի կապի բացակայություն։ Օգտվեք wlan-ից կամ հեռախոսակապից համացանց մուտք գործելու համար։"},{"$i":"no-available-app","$v":"Ծրագիրը դեռ հասանելի չէ։"},{"$i":"pin","$v":"Ամրացնել"},{"$i":"open","$v":"ԲԱՑԵԼ"},{"$i":"website","$v":"Կայքէջ"},{"$i":"unpin","$v":"Ապամրացնել"},{"$i":"unpin-msg","$v":"Ապամրացնել էջանիշը:"},{"$i":"pin-completely","$v":"Այս կայքէջը ամրացված է բոլոր հավելվածներին:"},{"$i":"pin-bookmark-completely","$v":"Կայքը կցված է բոլոր ծրագրերով"},{"$i":"unpin-bookmark-completely","$v":"Կայքից հանվեցին բոլոր կցված ծրագրերո"},{"$i":"fota-found-content","$v":"Հասանելի է KaiOS-ի արդիացում: Տեղադրեք նոր յուրահատկությունների և ավելի լավ արտադրողականության համար:"},{"$i":"fota-update-found","$v":"Հասանելի է համակարգի արդիացում"},{"$i":"update-available","$v":"Հասանելի է արդիացում"},{"$i":"app-update-found-content","$v":["Հասանելի է ",{"t":"idOrVar","v":"appName"},"-ի արդիացում: Տեղադրելը հանձնարարելի է:"]},{"$i":"app-update-found-content1","$v":[{"t":"idOrVar","v":"appName"},"-ի թարմացումը հասանելի է: Տեղադրումը խորհուրդ է տրվում:"]},{"$i":"unpin-msg-with-name","$v":["Ապաամրացնե՞լ ",{"t":"idOrVar","v":"appName"}," էջանիշը:"]},{"$i":"uninstall-msg-with-name","$v":["Ապատեղադրել ",{"t":"idOrVar","v":"appName"},"-ը:"]},{"$i":"network-issue-title","$v":"Ցանցի սխալ"},{"$i":"network-issue-detail","$v":"Ստուգեք ձեր կապակցումը:"},{"$i":"device-issue-title","$v":"Տեղադրման սխալ"},{"$i":"device-issue-detail","$v":"Խնդիր է պատահել:"},{"$i":"install-generic-error","$v":"Ներբեռնումը կանգնեցվեց:"},{"$i":"install","$v":"Տեղադրել"},{"$i":"dismiss","$v":"Բաց թողնել"},{"$i":"new-app-recommended","$v":"Նոր ծրագիրը խորհուրդ է տրվում KaiOS Store-ի կողմից:"},{"$i":"show-rich-content","$v":"Ցուցադրել հարուստ բովանդակությունը"},{"$i":"do-not-show","$v":"Չցուցադրել"},{"$i":"free","$v":"Անվճար"},{"$i":"data-enable-short","$v":"Wi Fi և բջջային"},{"$i":"wifi-only-short","$v":"Միայն Wi Fi"},{"$i":"open-url","$v":"բացել լինքը "},{"$i":"version","$v":"Տարբերակ"},{"$i":"uninstalled-msg-with-name","$v":[{"t":"idOrVar","v":"appName"}," հեռացնել "]},{"$i":"restart-phone-msg","$v":"Խնդրում ենք` անջատել֊միացնել Ձեր հեռախոսը` KaiOS- ի ձեր փորձառությունն առավելագույնի հասցնելու համար."},{"$i":"settings-and-account","$v":{"$o":"Կարգավորումներ & անձնական էջ"}},{"$i":"like","$v":"Հավանում"},{"$i":"unlike","$v":"չհավանել"},{"$i":"unliked-an-app-msg","$v":"Դուք չհավանեցինք այս հավելվածը"},{"$i":"store-update-and-launch","$v":"Թարմացումը հասանելի է. Սեղմեք ok, որ էջը վերագործարկվի."},{"$i":"app-push-launch-action","$v":"ԱՆՑՆԵԼ"},{"$i":"app-push-launch-content","$v":["մենք կարոտում ենք Ձեզ ",{"t":"idOrVar","v":"appName"},", Մեզ կրկին այցելեք"]}]