[{"$i":"account","$v":"Akun"},{"$i":"sign-in","$v":"Masuk"},{"$i":"NewAccount","$v":"Akun Baru"},{"$i":"options","$v":"Opsi"},{"$i":"cancel","$v":"Batal"},{"$i":"update","$v":"Perbarui"},{"$i":"back","$v":"Kembali"},{"$i":"uninstall","$v":"Melepaskan"},{"$i":"update-found","$v":"Pembaruan ditemukan."},{"$i":"update-found-content","$v":"KaiOS Store akan ditutup dan diperbarui secara otomatis. Silakan kembali dalam beberapa saat."},{"$i":"no-internet","$v":"Tidak Ada Intenet."},{"$i":"connection-error","$v":"Kesalahan sambungan."},{"$i":"enable","$v":"Aktifkan"},{"$i":"open-service","$v":"Membuka Layanan"},{"$i":"downloading","$v":"Mengunduh"},{"$i":"loading","$v":"Memuat..."},{"$i":"CAT-recommended","$v":"Disarankan"},{"$i":"CAT-all","$v":"Semua"},{"$i":"CAT-10","$v":"Permainan"},{"$i":"CAT-20","$v":"Hiburan"},{"$i":"CAT-30","$v":"Sosial"},{"$i":"CAT-40","$v":"Belanja"},{"$i":"CAT-50","$v":"Berita"},{"$i":"CAT-60","$v":"Utilitas"},{"$i":"CAT-70","$v":"Gaya Hidup"},{"$i":"CAT-80","$v":"Kesehatan"},{"$i":"CAT-90","$v":"Olahraga"},{"$i":"CAT-100","$v":{"$o":"Buku & Referensi"}},{"$i":"login-note","$v":"Selamat Datang di KaiOS Store. Masuk dengan akun KaiOS untuk memulai."},{"$i":"ok","$v":"OK"},{"$i":"get","$v":"Ambil"},{"$i":"buy","$v":"Beli"},{"$i":"go","$v":"PERGI"},{"$i":"select","$v":"PILIH"},{"$i":"create","$v":"Buat"},{"$i":"skip","$v":"Lewati"},{"$i":"confirmation","$v":"Konfirmasi"},{"$i":"uninstall-msg","$v":"Hapus instalan apl?"},{"$i":"stop","$v":"Berhenti"},{"$i":"store","$v":"Store"},{"$i":"settings","$v":"Pengaturan"},{"$i":"privacy-policy","$v":"Kebijakan Privasi"},{"$i":"terms-and-services","$v":"Ketentuan dan Layanan"},{"$i":"need-help","$v":"Perlu Bantuan?"},{"$i":"auto-update","$v":"Perbarui Otomatis"},{"$i":"auto-update-off","$v":"Jangan perbarui otomatis"},{"$i":"data-enable","$v":{"$o":"Lewat WiFi & Seluler"}},{"$i":"all-connections","$v":"Lewat semua koneksi"},{"$i":"wlan-only","$v":"Lewat WLAN saja"},{"$i":"wifi-only","$v":"Lewat WiFi saja"},{"$i":"not-found-header","$v":"Apl Tidak Ditemukan"},{"$i":"not-found-msg","$v":"Maaf, Apl yang diminta tidak kami temukan di Toko."},{"$i":"no-price-header","$v":"Pembelian Apl Tidak Tersedia"},{"$i":"no-price-msg","$v":"Karena kartu SIM atau koneksi bermasalah. Tidak dapat memanggil harga dari server. Apl yang dapat dibeli akan dinonaktifkan."},{"$i":"no-internet-with-tips","$v":"Tidak ada koneksi internet. Gunakan Wi-Fi atau data seluler untuk mengakses internet."},{"$i":"no-internet-with-tips-wlan","$v":"Tidak ada koneksi internet. Gunakan WLAN atau data seluler untuk mengakses internet."},{"$i":"no-available-app","$v":"Belum ada aplikasi tersedia."},{"$i":"pin","$v":"Semat"},{"$i":"open","$v":"BUKA"},{"$i":"website","$v":"Situs web"},{"$i":"unpin","$v":"Lepas sematan"},{"$i":"unpin-msg","$v":"Lepas sematan bookmark ini?"},{"$i":"pin-completely","$v":"Situs web ini telah disematkan ke Semua Apl."},{"$i":"pin-bookmark-completely","$v":"Situs Web Disemat ke Semua Apl"},{"$i":"unpin-bookmark-completely","$v":"Sematan Situs Web Dilepas dari Semua Apl"},{"$i":"fota-found-content","$v":"Pembaruan KaiOS tersedia. Instal untuk menikmati fitur baru dan performa lebih baik."},{"$i":"fota-update-found","$v":"Pembaruan sistem tersedia"},{"$i":"update-available","$v":"Pembaruan tersedia"},{"$i":"app-update-found-content","$v":["Pembaruan ",{"t":"idOrVar","v":"appName"}," tersedia. Penginstalan direkomendasikan."]},{"$i":"app-update-found-content1","$v":["Pembaruan ",{"t":"idOrVar","v":"appName"}," tersedia. Penginstalan direkomendasikan."]},{"$i":"unpin-msg-with-name","$v":["Hapus sematan ",{"t":"idOrVar","v":"appName"}," bookmark?"]},{"$i":"uninstall-msg-with-name","$v":["Hapus instalan ",{"t":"idOrVar","v":"appName"},"?"]},{"$i":"network-issue-title","$v":"Kesalahan Jaringan"},{"$i":"network-issue-detail","$v":"Cek koneksi Anda."},{"$i":"device-issue-title","$v":"Kesalahan Penginstalan"},{"$i":"device-issue-detail","$v":"Terjadi masalah."},{"$i":"install-generic-error","$v":"Pengunduhan berhenti."},{"$i":"install","$v":"Instal"},{"$i":"dismiss","$v":"Tutup"},{"$i":"new-app-recommended","$v":"Apl Baru Rekomendasi KaiOS Store."},{"$i":"show-rich-content","$v":"Tampilkan konten kaya"},{"$i":"do-not-show","$v":"Jangan tampilkan"},{"$i":"free","$v":"Gratis"},{"$i":"data-enable-short","$v":{"$o":"WiFi & Seluler"}},{"$i":"wifi-only-short","$v":"WiFi Saja"},{"$i":"open-url","$v":"Buka URL"},{"$i":"version","$v":"Versi"},{"$i":"uninstalled-msg-with-name","$v":[{"t":"idOrVar","v":"appName"}," diuninstal."]},{"$i":"restart-phone-msg","$v":"Restart ponsel untuk memaksimalkan pengalaman KaiOS."},{"$i":"settings-and-account","$v":{"$o":"Pengaturan & Akun"}},{"$i":"like","$v":"Suka"},{"$i":"unlike","$v":"Batal Suka"},{"$i":"unliked-an-app-msg","$v":"Anda batal menyukai app ini"},{"$i":"store-update-and-launch","$v":"Tersedia pembaruan toko. Tekan ok untuk meluncurkan Toko."},{"$i":"app-push-launch-action","$v":"PERGI"},{"$i":"app-push-launch-content","$v":["Kami merindukan Anda di ",{"t":"idOrVar","v":"appName"},", Kunjungilah kami lagi."]}]