[{"$i":"account","$v":"Reikningur"},{"$i":"sign-in","$v":"Skrá inn"},{"$i":"NewAccount","$v":"Nýr reikningur"},{"$i":"options","$v":"Valkostir"},{"$i":"cancel","$v":"Hætta við"},{"$i":"update","$v":"Uppfæra"},{"$i":"back","$v":"Til baka"},{"$i":"uninstall","$v":"Fjarlægja"},{"$i":"update-found","$v":"Uppfærsla fannst."},{"$i":"update-found-content","$v":"KaiOS-netverslunin mun lokast og uppfærast sjálfkrafa. Komdu aftur eftir smá stund."},{"$i":"no-internet","$v":"Ekkert internet."},{"$i":"connection-error","$v":"Tengivilla."},{"$i":"enable","$v":"Kveikja"},{"$i":"open-service","$v":"Opna þjónustu"},{"$i":"downloading","$v":"Sækir"},{"$i":"loading","$v":"Hleður ..."},{"$i":"CAT-recommended","$v":"Mælt með"},{"$i":"CAT-all","$v":"Allt"},{"$i":"CAT-10","$v":"Leikir"},{"$i":"CAT-20","$v":"Afþreying"},{"$i":"CAT-30","$v":"Samfélagsmiðlar"},{"$i":"CAT-40","$v":"Innkaup"},{"$i":"CAT-50","$v":"Fréttir"},{"$i":"CAT-60","$v":"Hjálparforrit"},{"$i":"CAT-70","$v":"Lífsstíll"},{"$i":"CAT-80","$v":"Heilsa"},{"$i":"CAT-90","$v":"Íþróttir"},{"$i":"CAT-100","$v":"Bækur og upplýsingaöflun"},{"$i":"login-note","$v":"Velkomin(n) í KaiOS-netverslunina. Skráðu þig inn á KaiOS-reikninginn þinn til að hefjast handa."},{"$i":"ok","$v":"Í lagi"},{"$i":"get","$v":"Sækja"},{"$i":"buy","$v":"Kaupa"},{"$i":"go","$v":"ÁFRAM"},{"$i":"select","$v":"VELJA"},{"$i":"create","$v":"Búa til"},{"$i":"skip","$v":"Skip"},{"$i":"confirmation","$v":"Staðfesting"},{"$i":"uninstall-msg","$v":"Fjarlægja þessa app?"},{"$i":"stop","$v":"Hættu"},{"$i":"store","$v":"Netverslun"},{"$i":"settings","$v":"Stillingar"},{"$i":"privacy-policy","$v":"Persónuverndarstefna"},{"$i":"terms-and-services","$v":"Skilmálar og þjónusta"},{"$i":"need-help","$v":"Þarftu hjálp?"},{"$i":"auto-update","$v":"Sjálfvirk uppfærsla"},{"$i":"auto-update-off","$v":"Slökktu á sjálfvirkri uppfærslu"},{"$i":"data-enable","$v":{"$o":"Með WiFi & Cellular"}},{"$i":"all-connections","$v":"Í gegnum allar tengingar"},{"$i":"wlan-only","$v":"Aðeins í gegnum WLAN"},{"$i":"wifi-only","$v":"Aðeins í gegnum WiFi"},{"$i":"not-found-header","$v":"App fannst ekki"},{"$i":"not-found-msg","$v":"Því miður, þetta forrit fannst ekki í versluninni."},{"$i":"no-price-header","$v":"App kaup ótiltæk"},{"$i":"no-price-msg","$v":"Vegna SIM-korts eða tengivandamála. Ekki tókst að sækja verðupplýsingar frá miðlara. App sem hægt er að kaupa verða óvirkjuð."},{"$i":"no-internet-with-tips","$v":"Engin nettengingu. Notaðu Wi-Fi eða farsíma gögn til að komast á internetið."},{"$i":"no-internet-with-tips-wlan","$v":"Engin nettenging. Notið WLAN eða gagnamagn til að tengjast netinu."},{"$i":"no-available-app","$v":"Ekkert app er tiltækt enn."},{"$i":"pin","$v":"Festa við"},{"$i":"open","$v":"OPNA"},{"$i":"website","$v":"Vefsíða"},{"$i":"unpin","$v":"Losa frá"},{"$i":"unpin-msg","$v":"Á að losa þetta bókarmerki frá?"},{"$i":"pin-completely","$v":"Þessi vefsíða er fest við Öll forrit"},{"$i":"pin-bookmark-completely","$v":"Vefsíða fest við öll öpp"},{"$i":"unpin-bookmark-completely","$v":"Vefsíða losuð af öllum öppum"},{"$i":"fota-found-content","$v":"KaiOS uppfærsla er fáanleg. Setjið upp til að fá nýja kosti og betri vinnslu."},{"$i":"fota-update-found","$v":"Kerfisuppfærsla fáanleg."},{"$i":"update-available","$v":"Uppfærsla fáanleg"},{"$i":"app-update-found-content","$v":[{"t":"idOrVar","v":"appName"}," uppfærsla er fáanleg. Mælt er með að setja hana upp."]},{"$i":"app-update-found-content1","$v":[{"t":"idOrVar","v":"appName"}," uppfærsla er tiltæk. Mælt er með uppsetningu."]},{"$i":"unpin-msg-with-name","$v":["Hreinsaðu ",{"t":"idOrVar","v":"appName"}," bókamerki?"]},{"$i":"uninstall-msg-with-name","$v":["Uninstall ",{"t":"idOrVar","v":"appName"},"?"]},{"$i":"network-issue-title","$v":"Net villa"},{"$i":"network-issue-detail","$v":"Vinsamlegast athugaðu tenginguna þína."},{"$i":"device-issue-title","$v":"Setja upp villu"},{"$i":"device-issue-detail","$v":"Vandamál hefur átt sér stað."},{"$i":"install-generic-error","$v":"Niðurhal hætt."},{"$i":"install","$v":"Setja upp"},{"$i":"dismiss","$v":"Hafna"},{"$i":"new-app-recommended","$v":"Nýtt app mælt með af KaiOS Store."},{"$i":"show-rich-content","$v":"Sýna ríkulegt efni "},{"$i":"do-not-show","$v":"Ekki sýna"},{"$i":"free","$v":"Ókeypis"},{"$i":"data-enable-short","$v":{"$o":"WiFi & Cellular"}},{"$i":"wifi-only-short","$v":"Aðeins með WiFi"},{"$i":"open-url","$v":"Vefslóð"},{"$i":"version","$v":"Útgáfa"},{"$i":"uninstalled-msg-with-name","$v":[{"t":"idOrVar","v":"appName"}," fjarlægt"]},{"$i":"restart-phone-msg","$v":"Vinsamlegast endurræstu símann þinn til þess að hámarka KaiOS reynslu þína."},{"$i":"settings-and-account","$v":"Stillingar og Reikningur"},{"$i":"like","$v":"Líka við"},{"$i":"unlike","$v":"Líka ekki við"},{"$i":"unliked-an-app-msg","$v":"Þér líkar ekki við þetta forrit"},{"$i":"store-update-and-launch","$v":"Hægt er að uppfæra í vefverslun okkar. Ýttu á ok til þess að ræsa vefverslunina."},{"$i":"app-push-launch-action","$v":"ÁFRAM"},{"$i":"app-push-launch-content","$v":["Við söknum þín hjá ",{"t":"idOrVar","v":"appName"},", Komdu aftur og heimsóttu okkur."]}]