[{"$i":"account","$v":"Есептік жазба"},{"$i":"sign-in","$v":"Кіру"},{"$i":"NewAccount","$v":"Жаңа есептік жазба"},{"$i":"options","$v":"Опциялар"},{"$i":"cancel","$v":"Бас тарту"},{"$i":"update","$v":"Жаңарту"},{"$i":"back","$v":"Артқа"},{"$i":"uninstall","$v":"Жою"},{"$i":"update-found","$v":"Жаңарту табылды."},{"$i":"update-found-content","$v":"KaiOS дүкені жабылып, автоматты түрде жаңартылады. Бірнеше минуттан кейін қайта оралыңыз."},{"$i":"no-internet","$v":"Интернет жоқ."},{"$i":"connection-error","$v":"Байланыс қатесі."},{"$i":"enable","$v":"Қосу"},{"$i":"open-service","$v":"Қызметті ашу"},{"$i":"downloading","$v":"Жүктеп алынуда"},{"$i":"loading","$v":"Жүктелуде…"},{"$i":"CAT-recommended","$v":"Ұсынылады"},{"$i":"CAT-all","$v":"Барлығы"},{"$i":"CAT-10","$v":"Ойындар"},{"$i":"CAT-20","$v":"Көңіл көтеру"},{"$i":"CAT-30","$v":"Әлеуметтік"},{"$i":"CAT-40","$v":"Шоппинг"},{"$i":"CAT-50","$v":"Жаңалықтар"},{"$i":"CAT-60","$v":"Қызмет"},{"$i":"CAT-70","$v":"Өмір салты"},{"$i":"CAT-80","$v":"Денсаулық"},{"$i":"CAT-90","$v":"Спорт"},{"$i":"CAT-100","$v":"Кітаптар және анықтама"},{"$i":"login-note","$v":"KaiOS дүкеніне қош келдіңіз. Бастау үшін KaiOS есептік жазбасына кіріңіз."},{"$i":"ok","$v":"OK"},{"$i":"get","$v":"Алу"},{"$i":"buy","$v":"Сатып алу"},{"$i":"go","$v":"ӨТУ"},{"$i":"select","$v":"ТАҢДАУ"},{"$i":"create","$v":"Жасау"},{"$i":"skip","$v":"Өткізіп жіберу"},{"$i":"confirmation","$v":"Растау"},{"$i":"uninstall-msg","$v":"Бұл қолданбаны жою керек пе?"},{"$i":"stop","$v":"Тоқтату"},{"$i":"store","$v":"Дүкен"},{"$i":"settings","$v":"Параметрлер"},{"$i":"privacy-policy","$v":"Құпиялылық саясаты"},{"$i":"terms-and-services","$v":"Шарттар мен қызметтер"},{"$i":"need-help","$v":"Көмек керек пе?"},{"$i":"auto-update","$v":"Автоматты жаңарту"},{"$i":"auto-update-off","$v":"Автоматты жаңартпау"},{"$i":"data-enable","$v":"Wi-Fi  және мобильдік желі арқылы"},{"$i":"all-connections","$v":"Барлық қосылымдар арқылы"},{"$i":"wlan-only","$v":"Тек WLAN арқылы"},{"$i":"wifi-only","$v":"Тек Wi-Fi арқылы"},{"$i":"not-found-header","$v":"Қолданба табылмады"},{"$i":"not-found-msg","$v":"Кешіріңіз, дүкеннен сұралған қолданба табылмады."},{"$i":"no-price-header","$v":"Қолданбаны сатып алу қолжетімсіз"},{"$i":"no-price-msg","$v":"SIM карта немсе қосылым мәселесіне байланысты. Серверден баға ақпаратын шығарып алу мүмкін емес. Сатып алынатын қолданбалар өшірілді."},{"$i":"no-internet-with-tips","$v":"Интернет қосылымы жоқ. Интернетке қатынасу үшін Wi-Fi немесе мобильді деректер пайдаланыңыз."},{"$i":"no-internet-with-tips-wlan","$v":"Интернет байланысы жоқ. Интернетке шығу үшін WLAN немесе мобильді интернет қосылымын пайдаланыңыз."},{"$i":"no-available-app","$v":"Қолжетімді қолданба жоқ."},{"$i":"pin","$v":"Бекіту"},{"$i":"open","$v":"АШУ"},{"$i":"website","$v":"Веб-сайт"},{"$i":"unpin","$v":"Босату"},{"$i":"unpin-msg","$v":"Бұл бетбелгіні босатасыз ба?"},{"$i":"pin-completely","$v":"Бұл веб-сайт Барлық бағдарламалар тізіміне бекітілген."},{"$i":"pin-bookmark-completely","$v":"Веб-сайт барлық қолданбаларға бекітілді"},{"$i":"unpin-bookmark-completely","$v":"Веб-сайт барлық қолданбалардан ажыратылды"},{"$i":"fota-found-content","$v":"KaiOS жаңартуы қолжетімді. Жаңа мүмкіндіктерді алу және өнімділікті жақсарту үшін орнатыңыз."},{"$i":"fota-update-found","$v":"Жүйені жаңарту жүйесі"},{"$i":"update-available","$v":"Жаңарту қолжетімді"},{"$i":"app-update-found-content","$v":[{"t":"idOrVar","v":"appName"}," жаңартуы қолжетімді. Орнату ұсынылған."]},{"$i":"app-update-found-content1","$v":[{"t":"idOrVar","v":"appName"}," жаңартуы қолжетімді. Орнату ұсынылады."]},{"$i":"unpin-msg-with-name","$v":[{"t":"idOrVar","v":"appName"}," бетбелгісін алып тастау керек пе?"]},{"$i":"uninstall-msg-with-name","$v":[{"t":"idOrVar","v":"appName"}," қолданбасын жою керек пе?"]},{"$i":"network-issue-title","$v":"Желі қатесі"},{"$i":"network-issue-detail","$v":"Қосылымыңызды тексеріңіз."},{"$i":"device-issue-title","$v":"Орнату қатесі"},{"$i":"device-issue-detail","$v":"Ақау орын алды."},{"$i":"install-generic-error","$v":"Жүктеп алу тоқтады."},{"$i":"install","$v":"Орнату"},{"$i":"dismiss","$v":"Қабылдамау"},{"$i":"new-app-recommended","$v":"KaiOS Store арқылы жаңа қолданба ұсынылды."},{"$i":"show-rich-content","$v":"Пішімделген мазмұнды көрсету"},{"$i":"do-not-show","$v":"Көрсетпеу"},{"$i":"free","$v":"Тегін"},{"$i":"data-enable-short","$v":"Wi-Fi  және ұялы"},{"$i":"wifi-only-short","$v":"Тек Wi-Fi "},{"$i":"open-url","$v":"URL сілтемесін ашу"},{"$i":"version","$v":"Нұсқа"},{"$i":"uninstalled-msg-with-name","$v":[{"t":"idOrVar","v":"appName"}," жойылды."]},{"$i":"restart-phone-msg","$v":"KaiOS жұмысын жақсарту үшін телефоныңызды өшіріп, қайта қосыңыз."},{"$i":"settings-and-account","$v":"Параметрлер және есептік жазба"},{"$i":"like","$v":"Лайк"},{"$i":"unlike","$v":"Лайкты алып тастау"},{"$i":"unliked-an-app-msg","$v":"Бұл қолданбаға қойған лайкты алып тастадыңыз"},{"$i":"store-update-and-launch","$v":"Дүкенді жаңартуға болады. Дүкенді іске қосу үшін OK түймесін басыңыз."},{"$i":"app-push-launch-action","$v":"ӨТУ"},{"$i":"app-push-launch-content","$v":[{"t":"idOrVar","v":"appName"}," қолданбасын көптен бері пайдаланбадыңыз. Қайта ашып көріңіз."]}]