[{"$i":"account","$v":"Account"},{"$i":"sign-in","$v":"ಸೈನ್ ಇನ್ ಮಾಡಿ"},{"$i":"NewAccount","$v":"ಹೊಸ ಅಕೌಂಟ್"},{"$i":"options","$v":"ಆಯ್ಕೆಗಳು"},{"$i":"cancel","$v":"ರದ್ದುಮಾಡಿ"},{"$i":"update","$v":"ಅಪ್‌ಡೇಟ್"},{"$i":"back","$v":"ಹಿಂದೆ ಹೋಗಿ"},{"$i":"uninstall","$v":"ಅನ್‌ಇನ್ಸ್ಟಾಲ್"},{"$i":"update-found","$v":"ಅಪ್ಡೇಟ್ ಸಿಕ್ಕಿದೆ"},{"$i":"update-found-content","$v":"ಕಾಯ್‌ಒ.ಎಸ್‌ ಸ್ಟೋರ್‌ ಮುಚ್ಚುತ್ತದೆ ಮತ್ತು ಸ್ವಯಂಚಾಲಿತವಾಗಿ ಅಪ್‌ಡೇಟ್ ಆಗುತ್ತದೆ. ಕೆಲವು ಕ್ಷಣಗಳಲ್ಲಿ ದಯವಿಟ್ಟು ಬನ್ನಿ."},{"$i":"no-internet","$v":"ಇಂಟರ್ನೆಟ್ ಇಲ್ಲ"},{"$i":"connection-error","$v":"ಸಂಪರ್ಕ ದೋಷ."},{"$i":"enable","$v":"ಸಕ್ರಿಯಗೊಳಿಸಿ"},{"$i":"open-service","$v":"ತೆರೆದ ಸೇವೆ"},{"$i":"downloading","$v":"ಡೌನ್‌ಲೋಡ್ ಆಗುತ್ತಿದೆ"},{"$i":"loading","$v":"ಲೋಡ್ ಆಗುತ್ತಿದೆ..."},{"$i":"CAT-recommended","$v":"Recommended"},{"$i":"CAT-all","$v":"ಎಲ್ಲಾ"},{"$i":"CAT-10","$v":"ಗೇಮ್ಸ್"},{"$i":"CAT-20","$v":"ಮನರಂಜನೆ"},{"$i":"CAT-30","$v":"ಸಾಮಾಜಿಕ"},{"$i":"CAT-40","$v":"ಶಾಪಿಂಗ್"},{"$i":"CAT-50","$v":"ಸುದ್ದಿ"},{"$i":"CAT-60","$v":"ಉಪಯುಕ್ತತೆಗಳು"},{"$i":"CAT-70","$v":"ಜೀವನಶೈಲಿ"},{"$i":"CAT-80","$v":"ಆರೋಗ್ಯ"},{"$i":"CAT-90","$v":"ಕ್ರೀಡೆ"},{"$i":"CAT-100","$v":"ಪುಸ್ತಕಗಳು ಮತ್ತು ಉಲ್ಲೇಖ"},{"$i":"login-note","$v":"ಕಾಯ್‌.ಒ.ಎಸ್‌ ಸ್ಟೋರ್‌ಗೆ ಸ್ವಾಗತ. ಆರಂಭಿಸಲು ದಯವಿಟ್ಟು ಕಾಯ್‌.ಒ.ಎಸ್‌ ಖಾತೆಗೆ ಸೈನ್ ಇನ್ ಮಾಡಿ."},{"$i":"ok","$v":"ಓಕೆ"},{"$i":"get","$v":"ಪಡೆಯಿರಿ"},{"$i":"buy","$v":"Buy"},{"$i":"go","$v":"ಹೋಗಿ"},{"$i":"select","$v":"ಆಯ್ಕೆ ಮಾಡಿ"},{"$i":"create","$v":"ರಚಿಸಿ"},{"$i":"skip","$v":"ಸ್ಕಿಪ್‌ ಮಾಡಿ"},{"$i":"confirmation","$v":"ದೃಢೀಕರಣ"},{"$i":"uninstall-msg","$v":"ಈ ಆಪ್‌ ಅನ್‌ಇನ್‌ಸ್ಟಾಲ್ ಮಾಡುವುದೇ?"},{"$i":"stop","$v":"ನಿಲ್ಲಿಸಿ"},{"$i":"store","$v":"ಸ್ಟೋರ್"},{"$i":"settings","$v":"ಸೆಟ್ಟಿಂಗ್ಸ್"},{"$i":"privacy-policy","$v":"Privacy Policy"},{"$i":"terms-and-services","$v":"Terms and Services"},{"$i":"need-help","$v":"Need Help?"},{"$i":"auto-update","$v":"ಸ್ವಯಂ ಅಪ್‌ಡೇಟ್"},{"$i":"auto-update-off","$v":"ಸ್ವಯಂ ಅಪ್‌ಡೇಟ್ ಮಾಡಬೇಡಿ"},{"$i":"data-enable","$v":"ವೈ-ಫೈ ಮತ್ತು ಸೆಲ್ಯುಲರ್‌ ಮೂಲಕ"},{"$i":"all-connections","$v":"Through all connections"},{"$i":"wlan-only","$v":"Only through WLAN"},{"$i":"wifi-only","$v":"ವೈ-ಫೈ ಮೂಲಕ ಮಾತ್ರ"},{"$i":"not-found-header","$v":"ಆಪ್‌ ಕಂಡುಬಂದಿಲ್ಲ"},{"$i":"not-found-msg","$v":"ಕ್ಷಮಿಸಿ, ಸ್ಟೋರ್‌ನಲ್ಲಿ ವಿನಂತಿ ಮಾಡಿದ ಆಪ್‌ ಕಂಡುಬಂದಿಲ್ಲ."},{"$i":"no-price-header","$v":"App Purchase Unavailable"},{"$i":"no-price-msg","$v":"Due to SIM card or connection issue. Unable to retrieve price info from server. Purchasable apps will be disabled."},{"$i":"no-internet-with-tips","$v":"ಇಂಟರ್ನೆಟ್ ಸಂಪರ್ಕವಿಲ್ಲ. ಇಂಟರ್ನೆಟ್‌ಗೆ ಪ್ರವೇಶ ಪಡೆಯಲು ನೀವು ವೈ-ಫೈ ಅಥವಾ ಮೊಬೈಲ್ ಡೇಟಾ ಬಳಸಿ."},{"$i":"no-internet-with-tips-wlan","$v":"No internet connection. Use WLAN or mobile data to access the internet."},{"$i":"no-available-app","$v":"There is no application available yet."},{"$i":"pin","$v":"ಪಿನ್"},{"$i":"open","$v":"ತೆರೆಯಿರಿ"},{"$i":"website","$v":"ವೆಬ್‌‌ಸೈಟ್"},{"$i":"unpin","$v":"ಅನ್‌ಪಿನ್"},{"$i":"unpin-msg","$v":"ಈ ಬುಕ್ಮಾರ್ಕ್ ಅನ್ನು ಆಪ್‌ಗಳಿಗೆ ಮಾಡುವುದೇ?"},{"$i":"pin-completely","$v":"ಈ ವೆಬ್ ಸೈಟ್ ಎಲ್ಲ ಆಪ್‌ಗಳಿಗೆ ಪಿನ್ ಮಾಡಲಾಗಿದೆ."},{"$i":"pin-bookmark-completely","$v":"Website Pinned to All Apps"},{"$i":"unpin-bookmark-completely","$v":"Website Unpinned from All Apps"},{"$i":"fota-found-content","$v":"ಕೈ.ಓ.ಎಸ್ ಅಪ್ಡೇಟ್ ಲಭ್ಯವಿದೆ. ಹೊಸ ವೈಶಿಷ್ಟ್ಯಗಳು ಮತ್ತು ಉತ್ತಮ ಕಾರ್ಯನಿರ್ವಹಣೆಗಾಗಿ ಸ್ಥಾಪಿಸಿ."},{"$i":"fota-update-found","$v":"ಸಿಸ್ಟಂ ಅಪ್ಡೇಟ್ ಲಭ್ಯವಿದೆ"},{"$i":"update-available","$v":"ಅಪ್‌ಡೇಟ್ ಲಭ್ಯವಿದೆ"},{"$i":"app-update-found-content","$v":[{"t":"idOrVar","v":"appName"}," ಅಪ್ಡೇಟ್ ಲಭ್ಯವಿದೆ. ಇನ್ಸ್ಟಾಲ್ಮೆಂಟ್ ಶಿಫಾರಸು ಮಾಡಲಾಗಿದೆ. (ಇನ್ಸ್ಟಾಲ್ಮೆಂಟ್ - ಇನ್ಸ್ಟಾಲೇಷನ್)"]},{"$i":"app-update-found-content1","$v":[{"t":"idOrVar","v":"appName"}," update is available. Installation is recommended."]},{"$i":"unpin-msg-with-name","$v":[{"t":"idOrVar","v":"appName"}," ಬುಕ್‌ಮಾರ್ಕ್‌‌ಅನ್ನು ಅನ್‌‌ಪಿನ್ ಮಾಡಬೇಕೇ?"]},{"$i":"uninstall-msg-with-name","$v":[{"t":"idOrVar","v":"appName"},"ಅನ್ಇನ್‌‌ಸ್ಟಾಲ್ ಮಾಡಬೇಕೇ?"]},{"$i":"network-issue-title","$v":"ನೆಟ್‌‌ವರ್ಕ್ ದೋಷವಿದೆ"},{"$i":"network-issue-detail","$v":"ದಯವಿಟ್ಟು ನಿಮ್ಮ ಕನೆಕ್ಷನ್‌‌‌‌‌ಅನ್ನು ಪರಿಶೀಲಿಸಿ."},{"$i":"device-issue-title","$v":"ಇನ್ಸ್ಟಾಲ್ ಮಾಡಲು ದೋಷ"},{"$i":"device-issue-detail","$v":"ಒಂದು ಸಮಸ್ಯೆ ಸಂಭವಿಸಿದೆ."},{"$i":"install-generic-error","$v":"ಡೌನ್ಲೋಡ್ ನಿಲ್ಲಿಸಿದೆ."},{"$i":"install","$v":"Install"},{"$i":"dismiss","$v":"Dismiss"},{"$i":"new-app-recommended","$v":"New App Recommended by KaiOS Store."},{"$i":"show-rich-content","$v":"Show rich content"},{"$i":"do-not-show","$v":"Do not show"},{"$i":"free","$v":"Free"},{"$i":"data-enable-short","$v":{"$o":"WiFi & Cellular"}},{"$i":"wifi-only-short","$v":"WiFi Only"},{"$i":"open-url","$v":"Open URL"},{"$i":"version","$v":"Version"},{"$i":"uninstalled-msg-with-name","$v":[{"t":"idOrVar","v":"appName"}," uninstalled."]},{"$i":"restart-phone-msg","$v":"Please restart your phone to maximize your KaiOS experience."},{"$i":"settings-and-account","$v":{"$o":"Settings & Account"}},{"$i":"like","$v":"Like"},{"$i":"unlike","$v":"Unlike"},{"$i":"unliked-an-app-msg","$v":"You unliked this app"},{"$i":"store-update-and-launch","$v":"Store update is available. Press ok to launch Store."},{"$i":"app-push-launch-action","$v":"Go"},{"$i":"app-push-launch-content","$v":["We miss you at ",{"t":"idOrVar","v":"appName"},", Come back to visit us."]}]