[{"$i":"account","$v":"Account"},{"$i":"sign-in","$v":"सायन इन"},{"$i":"NewAccount","$v":"नवें खातें"},{"$i":"options","$v":"पर्याय"},{"$i":"cancel","$v":"रद्द करात"},{"$i":"update","$v":"अद्यतन"},{"$i":"back","$v":"फाटीं"},{"$i":"uninstall","$v":"स्थापणूक काडची"},{"$i":"update-found","$v":"अपडेट मेळ्ळी."},{"$i":"update-found-content","$v":"काय ओ.एस स्टोर आपसूक रितीन बंद आनी अपडेट जातलो. उपकार करून थोड्या खीणान परतून येवचें."},{"$i":"no-internet","$v":"माजाळें ना."},{"$i":"connection-error","$v":"कनॅक्शन चूको"},{"$i":"enable","$v":"सक्षम"},{"$i":"open-service","$v":"सेवा उक्ती करची"},{"$i":"downloading","$v":"डावनलोड करता"},{"$i":"loading","$v":"लोड करप चालू आसा..."},{"$i":"CAT-recommended","$v":"Recommended"},{"$i":"CAT-all","$v":"सगले"},{"$i":"CAT-10","$v":"खेळ"},{"$i":"CAT-20","$v":"मनरिजवण"},{"$i":"CAT-30","$v":"सोशल"},{"$i":"CAT-40","$v":"खरेदी"},{"$i":"CAT-50","$v":"खबरो"},{"$i":"CAT-60","$v":"उपयुक्ततायो"},{"$i":"CAT-70","$v":"जीवनशैली"},{"$i":"CAT-80","$v":"भलायकी"},{"$i":"CAT-90","$v":"खेळ"},{"$i":"CAT-100","$v":"पुस्तकां आनी संदर्भ"},{"$i":"login-note","$v":"काय ओ.एस स्टोर भीतर तुमचो येवकार. सुरवात करचे खातीर काय ओ.एस खात्यांत सायन इन करचें."},{"$i":"ok","$v":"ओके"},{"$i":"get","$v":"मेळोवची"},{"$i":"buy","$v":"Buy"},{"$i":"go","$v":"चल"},{"$i":"select","$v":"वेंचात"},{"$i":"create","$v":"निर्माण करचें"},{"$i":"skip","$v":"फुडें चलात"},{"$i":"confirmation","$v":"खात्री"},{"$i":"uninstall-msg","$v":"ह्या ऍप ची स्थापणूक रद्द करची?"},{"$i":"stop","$v":"बंद कर"},{"$i":"store","$v":"स्टोर"},{"$i":"settings","$v":"सेटिंग्स"},{"$i":"privacy-policy","$v":"Privacy Policy"},{"$i":"terms-and-services","$v":"Terms and Services"},{"$i":"need-help","$v":"Need Help?"},{"$i":"auto-update","$v":"आप अपडेट"},{"$i":"auto-update-off","$v":"आप अपडेट करचें न्हय"},{"$i":"data-enable","$v":"वाय-फाय आनी सेल्यूलर वरवीं"},{"$i":"all-connections","$v":"Through all connections"},{"$i":"wlan-only","$v":"Only through WLAN"},{"$i":"wifi-only","$v":"फकत वाय-फाय वरवीं"},{"$i":"not-found-header","$v":"ऍप मेळूंक ना"},{"$i":"not-found-msg","$v":"आमकां माफ करचें! मागणी केल्लो ऍप स्टोर भीतर मेळूंक ना"},{"$i":"no-price-header","$v":"App Purchase Unavailable"},{"$i":"no-price-msg","$v":"Due to SIM card or connection issue. Unable to retrieve price info from server. Purchasable apps will be disabled."},{"$i":"no-internet-with-tips","$v":"इंटरनेट कनॅक्शन ना इंटरनेटा चेर प्रवेश करचे खातीर वाय-फाय वा मोबायल डेटा वापरचो."},{"$i":"no-internet-with-tips-wlan","$v":"No internet connection. Use WLAN or mobile data to access the internet."},{"$i":"no-available-app","$v":"There is no application available yet."},{"$i":"pin","$v":"पिन"},{"$i":"open","$v":"उकतें"},{"$i":"website","$v":"वेबसाइट"},{"$i":"unpin","$v":"पीन केल्लें काडचें"},{"$i":"unpin-msg","$v":"ह्या बुकमार्काक अनपीन करूं?"},{"$i":"pin-completely","$v":"हें संकेतथळ सगळ्या ऍपांक पीन केला."},{"$i":"pin-bookmark-completely","$v":"Website Pinned to All Apps"},{"$i":"unpin-bookmark-completely","$v":"Website Unpinned from All Apps"},{"$i":"fota-found-content","$v":"काई ओ.एस अद्यावत उपलब्ध आसा. नवीं वैशिश्ट्यां आनी उत्कृश्ट कामगिरी खातीर इन्स्टॉल कर."},{"$i":"fota-update-found","$v":"यंत्रणा अद्यावत उपलब्ध आसा"},{"$i":"update-available","$v":"अपडेट उपलब्ध"},{"$i":"app-update-found-content","$v":[{"t":"idOrVar","v":"appName"}," अद्यावत उपलब्ध आसा. इन्स्टॉलमॅण्टाची शिफारस केल्या. (इन्स्टॉलमॅण्ट - इन्स्टॉलेशन)"]},{"$i":"app-update-found-content1","$v":[{"t":"idOrVar","v":"appName"}," update is available. Installation is recommended."]},{"$i":"unpin-msg-with-name","$v":["बुकमार्क ",{"t":"idOrVar","v":"appName"}," अनपिन करचो?"]},{"$i":"uninstall-msg-with-name","$v":["स्थापणूक काडची ",{"t":"idOrVar","v":"appName"},"?"]},{"$i":"network-issue-title","$v":"नॅटवर्क चूक"},{"$i":"network-issue-detail","$v":"उपकार करून तुमचेें कनॅक्शन तपासचें."},{"$i":"device-issue-title","$v":"स्थापणूक चूक"},{"$i":"device-issue-detail","$v":"एक समस्या उप्रासल्या."},{"$i":"install-generic-error","$v":"डावनलोड थांबला."},{"$i":"install","$v":"Install"},{"$i":"dismiss","$v":"Dismiss"},{"$i":"new-app-recommended","$v":"New App Recommended by KaiOS Store."},{"$i":"show-rich-content","$v":"Show rich content"},{"$i":"do-not-show","$v":"Do not show"},{"$i":"free","$v":"Free"},{"$i":"data-enable-short","$v":{"$o":"WiFi & Cellular"}},{"$i":"wifi-only-short","$v":"WiFi Only"},{"$i":"open-url","$v":"Open URL"},{"$i":"version","$v":"Version"},{"$i":"uninstalled-msg-with-name","$v":[{"t":"idOrVar","v":"appName"}," uninstalled."]},{"$i":"restart-phone-msg","$v":"Please restart your phone to maximize your KaiOS experience."},{"$i":"settings-and-account","$v":{"$o":"Settings & Account"}},{"$i":"like","$v":"Like"},{"$i":"unlike","$v":"Unlike"},{"$i":"unliked-an-app-msg","$v":"You unliked this app"},{"$i":"store-update-and-launch","$v":"Store update is available. Press ok to launch Store."},{"$i":"app-push-launch-action","$v":"Go"},{"$i":"app-push-launch-content","$v":["We miss you at ",{"t":"idOrVar","v":"appName"},", Come back to visit us."]}]