[{"$i":"account","$v":"Account"},{"$i":"sign-in","$v":"سائن ان"},{"$i":"NewAccount","$v":"نو خاتہ"},{"$i":"options","$v":"انتخاب"},{"$i":"cancel","$v":"رد"},{"$i":"update","$v":"اپ ڈیٹ"},{"$i":"back","$v":"پتھ"},{"$i":"uninstall","$v":"ان انسٹال"},{"$i":"update-found","$v":"اپ ڈیٹ لوب۔"},{"$i":"update-found-content","$v":"کائی۔او۔ایس سٹور گژھ بند تِہ کرِ خودکار طور اپ ڈیٹ۔ مہربٲنی کریتھ وٲتیو واپس کیہ مرحلہ پتِہ۔"},{"$i":"no-internet","$v":"کاہ انٹرنیٹ نِہ"},{"$i":"connection-error","$v":"کنکشن مسئلہ۔"},{"$i":"enable","$v":"کارگر"},{"$i":"open-service","$v":"کھولِ سروس"},{"$i":"downloading","$v":"ڈاونلوٗڈ کران"},{"$i":"loading","$v":"لوڈنگ۔۔۔"},{"$i":"CAT-recommended","$v":"Recommended"},{"$i":"CAT-all","$v":"سٲری"},{"$i":"CAT-10","$v":"کھیلِ"},{"$i":"CAT-20","$v":"تفریح"},{"$i":"CAT-30","$v":"سمٲجی"},{"$i":"CAT-40","$v":"خریدٲری"},{"$i":"CAT-50","$v":"خبر"},{"$i":"CAT-60","$v":"افادیت"},{"$i":"CAT-70","$v":"زندگی طریقہ"},{"$i":"CAT-80","$v":"صحت"},{"$i":"CAT-90","$v":"کھیل"},{"$i":"CAT-100","$v":"کتابِ تِہ حوالہ"},{"$i":"login-note","$v":"کائی۔او۔ایس سٹورَس مَنٛز تُہند خوش آمدید۔ مہربأنی کٔریتھۍ کٔریو کائی۔او۔ایس اکاؤنٹ سائن ان شروع کرنِہ باپت۔"},{"$i":"ok","$v":"ٹھیک"},{"$i":"get","$v":"حٲصل کر"},{"$i":"buy","$v":"Buy"},{"$i":"go","$v":"پکھ"},{"$i":"select","$v":"چُن"},{"$i":"create","$v":"بناۅ"},{"$i":"skip","$v":"یلِہ تراو"},{"$i":"confirmation","$v":"تصدیق"},{"$i":"uninstall-msg","$v":"ان اِنسٹال کٔریو یِہ ایپ؟"},{"$i":"stop","$v":"ٹھہر"},{"$i":"store","$v":"سٹور"},{"$i":"settings","$v":"سیٹِنگس"},{"$i":"privacy-policy","$v":"Privacy Policy"},{"$i":"terms-and-services","$v":"Terms and Services"},{"$i":"need-help","$v":"Need Help?"},{"$i":"auto-update","$v":"آٹو اپ ڈیٹ"},{"$i":"auto-update-off","$v":"مَہ کٔریو آٹو اپ ڈیٹ"},{"$i":"data-enable","$v":"وائی فائی تِہ سیلولر ذریعہ"},{"$i":"all-connections","$v":"Through all connections"},{"$i":"wlan-only","$v":"Only through WLAN"},{"$i":"wifi-only","$v":"صرف وائی فائی ذریعہ"},{"$i":"not-found-header","$v":"ایپ لوب نِہ"},{"$i":"not-found-msg","$v":"معاف کٔریو، درخواست کرمُت ایپ آؤ نِہ سٹورَس مَنٛز لبنِہ۔"},{"$i":"no-price-header","$v":"App Purchase Unavailable"},{"$i":"no-price-msg","$v":"Due to SIM card or connection issue. Unable to retrieve price info from server. Purchasable apps will be disabled."},{"$i":"no-internet-with-tips","$v":"کاہنہ انٹرنیٹ کنکشن نِہ۔ کاہنہ انٹرنیٹ کنکشن نِہ۔ انٹرنیٹ رسأئی باپت کٔریو وائی۔فائی یا موبائل ڈیٹا استعمال۔"},{"$i":"no-internet-with-tips-wlan","$v":"No internet connection. Use WLAN or mobile data to access the internet."},{"$i":"no-available-app","$v":"There is no application available yet."},{"$i":"pin","$v":"پِن"},{"$i":"open","$v":"کھول"},{"$i":"website","$v":"ویب سائٹ"},{"$i":"unpin","$v":"ان پِن"},{"$i":"unpin-msg","$v":"یِہ بُک مارک کٔریو اَن پِن؟"},{"$i":"pin-completely","$v":"یِہ ویب سائٹ چھِہ تمام ایپَن سیتھۍ گَنڈنِہ آمُت۔"},{"$i":"pin-bookmark-completely","$v":"Website Pinned to All Apps"},{"$i":"unpin-bookmark-completely","$v":"Website Unpinned from All Apps"},{"$i":"fota-found-content","$v":"کائی۔او۔ایس اپ ڈیٹ چھِہ دستیاب۔ نَیَن خصوصیتَن تِہ بہتر _x005F_x000D__x005F_x000D__x005F_x000D__x005F_x000D__x005F_x000D__x005F_x000D__x005F_x000D__x005F_x000D__x000D_"},{"$i":"fota-update-found","$v":"سِسٹم اپ ڈیٹ چھِہ دستیاب"},{"$i":"update-available","$v":"اپ ڈیٹ چھ، دستیاب"},{"$i":"app-update-found-content","$v":[{"t":"idOrVar","v":"appName"}," ہُک اپ ڈیٹ چھِہ دستیاب۔ انسٹالمنٹ چھِہ_x005F_x000D__x005F_x000D__x005F_x000D__x005F_x000D__x005F_x000D__x005F_x000D__x005F_x000D__x005F_x000D__x000D_"]},{"$i":"app-update-found-content1","$v":[{"t":"idOrVar","v":"appName"}," update is available. Installation is recommended."]},{"$i":"unpin-msg-with-name","$v":["اَن پِن کٔریو ",{"t":"idOrVar","v":"appName"}," بُک مارک؟"]},{"$i":"uninstall-msg-with-name","$v":["اَن اِنسٹال کٔریو ",{"t":"idOrVar","v":"appName"},"؟"]},{"$i":"network-issue-title","$v":"نیٹ ورک خرأبی"},{"$i":"network-issue-detail","$v":"مہربأنی کٔریتھۍ کٔریو پَنُن کنکشن جانچ۔"},{"$i":"device-issue-title","$v":"اِنسٹالَس مَنٛز خرأبی"},{"$i":"device-issue-detail","$v":"اَکھ مسئلہ آؤ۔"},{"$i":"install-generic-error","$v":"ڈاؤن لوڈ رُکیاؤ۔"},{"$i":"install","$v":"Install"},{"$i":"dismiss","$v":"Dismiss"},{"$i":"new-app-recommended","$v":"New App Recommended by KaiOS Store."},{"$i":"show-rich-content","$v":"Show rich content"},{"$i":"do-not-show","$v":"Do not show"},{"$i":"free","$v":"Free"},{"$i":"data-enable-short","$v":{"$o":"WiFi & Cellular"}},{"$i":"wifi-only-short","$v":"WiFi Only"},{"$i":"open-url","$v":"Open URL"},{"$i":"version","$v":"Version"},{"$i":"uninstalled-msg-with-name","$v":[{"t":"idOrVar","v":"appName"}," uninstalled."]},{"$i":"restart-phone-msg","$v":"Please restart your phone to maximize your KaiOS experience."},{"$i":"settings-and-account","$v":{"$o":"Settings & Account"}},{"$i":"like","$v":"Like"},{"$i":"unlike","$v":"Unlike"},{"$i":"unliked-an-app-msg","$v":"You unliked this app"},{"$i":"store-update-and-launch","$v":"Store update is available. Press ok to launch Store."},{"$i":"app-push-launch-action","$v":"Go"},{"$i":"app-push-launch-content","$v":["We miss you at ",{"t":"idOrVar","v":"appName"},", Come back to visit us."]}]