[{"$i":"account","$v":"ບັນຊີ"},{"$i":"sign-in","$v":"ລົງຊື່ເຂົ້າ"},{"$i":"NewAccount","$v":"ບັນຊີໃໝ່"},{"$i":"options","$v":"ຕົວເລືອກ"},{"$i":"cancel","$v":"ຍົກເລີກ"},{"$i":"update","$v":"ອັບເດດ"},{"$i":"back","$v":"ກັບຄືນ"},{"$i":"uninstall","$v":"ຖອນຕິດຕັ້ງ"},{"$i":"update-found","$v":"ໄດ້ຄົ້ນພົບການອັບເດດ."},{"$i":"update-found-content","$v":"ຮ້ານຄ້າ KaiOS ຈະປິດ ແລະ ອັບເດດໂດຍອັດຕະໂນມັດ. ກະລຸນາກັບມາໃນອີກມໍ່ໆນີ້."},{"$i":"no-internet","$v":"ບໍ່ມີອິນເຕີເນັດ."},{"$i":"connection-error","$v":"ການເຊື່ອມຕໍ່ຜິດພາດ."},{"$i":"enable","$v":"ເປີດໃຊ້ງານ"},{"$i":"open-service","$v":"ເປີດບໍລິການ"},{"$i":"downloading","$v":"ກຳລັງດາວໂຫຼດ"},{"$i":"loading","$v":"ກຳລັງໂຫຼດ..."},{"$i":"CAT-recommended","$v":"ແນະ​ນຳ"},{"$i":"CAT-all","$v":"ທັງໝົດ"},{"$i":"CAT-10","$v":"ເກມ"},{"$i":"CAT-20","$v":"ຄວາມບັນເທີງ"},{"$i":"CAT-30","$v":"ສັງຄົມ"},{"$i":"CAT-40","$v":"ຊື້ເຄື່ອງ"},{"$i":"CAT-50","$v":"ຂ່າວ"},{"$i":"CAT-60","$v":"ຄຸນປະໂຫຍດ"},{"$i":"CAT-70","$v":"ວິຖີຊີວິດ"},{"$i":"CAT-80","$v":"ສຸຂະພາບ"},{"$i":"CAT-90","$v":"ກິລາ"},{"$i":"CAT-100","$v":{"$o":"ປຶ້ມ & ເອກະສານອ້າງອີງ"}},{"$i":"login-note","$v":"ຍິນດີຕ້ອນຮັບສູ່ຮ້ານຄ້າ KaiOS. ກະລຸນາລົງຊື່ເຂົ້າໃຊ້ບັນຊີ KaiOS ຂອງທ່ານເພື່ອເລີ່ມຕົ້ນ."},{"$i":"ok","$v":"ຕົກລົງ"},{"$i":"get","$v":"ໃຊ້ງານ"},{"$i":"buy","$v":"ຊື້"},{"$i":"go","$v":"ໄປ"},{"$i":"select","$v":"ເລືອກ"},{"$i":"create","$v":"ສ້າງ"},{"$i":"skip","$v":"ຂ້າມ"},{"$i":"confirmation","$v":"ການຢືນຢັນ"},{"$i":"uninstall-msg","$v":"ຕ້ອງການຖອນການຕິດຕັ້ງແອັບນີ້ບໍ່?"},{"$i":"stop","$v":"ຢຸດ"},{"$i":"store","$v":"ຮ້ານຄ້າ"},{"$i":"settings","$v":"ການຕັ້ງຄ່າ"},{"$i":"privacy-policy","$v":"ນະໂຍບາຍຄວາມເປັນສ່ວນຕົວ"},{"$i":"terms-and-services","$v":"ຂໍ້ກຳນົດ ແລະ ການບໍລິການ"},{"$i":"need-help","$v":"ຕ້ອງ​ການ​ຄວາມ​ຊ່ວຍ​ເຫຼືອ?"},{"$i":"auto-update","$v":"ອັບເດດອັດຕະໂນມັດ"},{"$i":"auto-update-off","$v":"ບໍ່ອັບເດດອັດຕະໂນມັດ"},{"$i":"data-enable","$v":"ຜ່ານໄວຟາຍ ແລະ ຂໍ້ມູນມືຖື"},{"$i":"all-connections","$v":"ຜ່ານ​ທຸກ​ການ​ເຊື່ອມ​ຕໍ່"},{"$i":"wlan-only","$v":"ຜ່ານ WLAN ເທົ່າ​ນັ້ນ"},{"$i":"wifi-only","$v":"ຜ່ານໄວຟາຍຢ່າງດຽວ"},{"$i":"not-found-header","$v":"ບໍ່ພົບແອັບ"},{"$i":"not-found-msg","$v":"ຂໍອະໄພ, ແອັບທີ່ທ່ານຄົ້ນຫາບໍ່ພົບໃນຮ້ານຄ້າ"},{"$i":"no-price-header","$v":"ການຊື້ແອັບຍັງບໍ່ພ້ອມໃຊ້ງານ"},{"$i":"no-price-msg","$v":"ຍ້ອນຊິມກາດ ຫຼື ບັນຫາການເຊື່ອມຕໍ່. ບໍ່ສາມາດດຶງຂໍ້ມູນລາຄາຈາກເຊີບເວີໄດ້. ແອັບທີ່ຊື້ໄດ້ຈະຖືກປິດໃຊ້ງານ."},{"$i":"no-internet-with-tips","$v":"ບໍ່ມີການເຊື່ອມຕໍ່ອິນເຕີເນັດ. ໃຊ້ໄວຟາຍ ຫລື ຂໍ້ມູນມືຖືເພື່ອເຊື່ອມຕໍ່ອິນເຕີເນັດ"},{"$i":"no-internet-with-tips-wlan","$v":"ບໍ່​ມີ​ການ​ເຊື່ອມ​ຕໍ່​ອິນ​ເຕີ​ເນັດ. ໃຊ້ WLAN ຫຼື ຂໍ້​ມູນ​ມື​ຖືເພື່ອ​ເຂົ້າ​ເຖິງ​ອິນ​ເຕີ​ເນັດ."},{"$i":"no-available-app","$v":"ຍັງບໍ່ມີແອັບພລິເຄຊັນໃຫ້ໃຊ້ງານ."},{"$i":"pin","$v":"ປັກໝຸດ"},{"$i":"open","$v":"ເປີດ"},{"$i":"website","$v":"ເວັບໄຊ"},{"$i":"unpin","$v":"ຍົກເລີກການປັກໝຸດ"},{"$i":"unpin-msg","$v":"ຍົກເລີກການປັກໝຸດບຸກມາກນີ້?"},{"$i":"pin-completely","$v":"ເວັບໄຊນີ້ໄດ້ປັກໝຸດໄວ້ໃນແອັບທັງໝົດ."},{"$i":"pin-bookmark-completely","$v":"ເວັບໄຊທ໌ຈະຖືກປັກໝຸດກັບແອັບທັງໝົດ"},{"$i":"unpin-bookmark-completely","$v":"ເວັບໄຊທ໌ບໍ່ຖືກປັກໝຸດກັບແອັບທັງໝົດ"},{"$i":"fota-found-content","$v":"ການອັບເດດ KaiOS ພ້ອມໃຊ້ງານ. ຕິດຕັ້ງຟີເຈີໃໝ່ ແລະ ການໃຊ້ງານທີ່ດີກວ່າ."},{"$i":"fota-update-found","$v":"ການອັບເດດລະບົບພ້ອມໃຊ້ງານ"},{"$i":"update-available","$v":"ການອັບເດດພ້ອມໃຊ້ງານ"},{"$i":"app-update-found-content","$v":[{"t":"idOrVar","v":"appName"}," ການອັບເດດພ້ອມໃຊ້ງານ. ການຕິດຕັ້ງທີ່ແນະນຳໃຫ້."]},{"$i":"app-update-found-content1","$v":[{"t":"idOrVar","v":"appName"}," ການອັບເດດພ້ອມໃຊ້ງານ. ແນະນໍາໃຫ້ຕິດຕັ້ງ."]},{"$i":"unpin-msg-with-name","$v":["ດຶງຕໍາແໜ່ງທີ່ລະບຸໄວ້ ຂອງ ",{"t":"idOrVar","v":"appName"}," ອອກບໍ?"]},{"$i":"uninstall-msg-with-name","$v":["ຖອນການຕິດຕັ້ງ ",{"t":"idOrVar","v":"appName"}," ບໍ?"]},{"$i":"network-issue-title","$v":"ເກີດຂໍ້ຜິດພາດທາງເຄືອຂ່າຍ"},{"$i":"network-issue-detail","$v":"ກະລຸນາກວດເບິ່ງການເຊື່ອມຕໍ່ຂອງທ່ານ."},{"$i":"device-issue-title","$v":"ຕິດຕັ້ງຂໍ້ຜິດພາດ"},{"$i":"device-issue-detail","$v":"ມີປັນຫາເກີດຂຶ້ນ."},{"$i":"install-generic-error","$v":"ດາວໂຫຼດໄດ້ຢຸດແລ້ວ."},{"$i":"install","$v":"ຕິດຕັ້ງ"},{"$i":"dismiss","$v":"ຍົກເລີກ"},{"$i":"new-app-recommended","$v":"ແອັບໃໝ່ແນະນໍາໂດຍ KaiOS Store."},{"$i":"show-rich-content","$v":"ສະແດງເນື້ອຫາທັງໝົດ"},{"$i":"do-not-show","$v":"ບໍ່ສະແດງ"},{"$i":"free","$v":"ບໍ່ເສຍຄ່າ"},{"$i":"data-enable-short","$v":"ໄວຟາຍ ແລະ ຂໍ້ມູນມືຖື"},{"$i":"wifi-only-short","$v":"ໄວຟາຍຢ່າງດຽວ"},{"$i":"open-url","$v":"ເປີດ URL"},{"$i":"version","$v":"ເວີຊັ່ນ"},{"$i":"uninstalled-msg-with-name","$v":[{"t":"idOrVar","v":"appName"}," ບໍ່​ໄດ້​ຕິດ​ຕັ້ງ."]},{"$i":"restart-phone-msg","$v":"ກະ​ລຸ​ນາ​ຣີ​ສະ​ຕາດ​ໂທ​ລະ​ສັບ​ຂອງ​ທ່ານ​ເພື່ອ​ເພີ່ມ​ປະ​ສົບ​ການ KaiOS ຂອງ​ທ່ານ."},{"$i":"settings-and-account","$v":"ການ​ຕັ້ງ​ຄ່າ ແລະ ບັນ​ຊີ"},{"$i":"like","$v":"ມັກ"},{"$i":"unlike","$v":"ບໍ່​ມັກ"},{"$i":"unliked-an-app-msg","$v":"ທ່ານບໍ່​ມັກ​ແອັບ​ນີ້"},{"$i":"store-update-and-launch","$v":"ມີ​ການ​ອັບ​ເດດ​ຮ້ານ​ຄ້າ. ​ກົດ​ຕົກ​ລົງ​ເພື່ອ​ເປີດ​ຮ້ານ​ຄ້າ."},{"$i":"app-push-launch-action","$v":"ໄປ"},{"$i":"app-push-launch-content","$v":["ພວກ​ເຮົາ​ຄິດ​ຮອດ​ທ່ານທີ່ ",{"t":"idOrVar","v":"appName"},", ກັບ​ຄືນ​ມາ​ຢ້ຽມ​ຢາມ​ພວກ​ເຮົາ."]}]