[{"$i":"account","$v":"Paskyra"},{"$i":"sign-in","$v":"Prisijungti"},{"$i":"NewAccount","$v":"Nauja paskyra"},{"$i":"options","$v":"Funkcijos"},{"$i":"cancel","$v":"Atšaukti"},{"$i":"update","$v":"Atnaujinti"},{"$i":"back","$v":"Atgal"},{"$i":"uninstall","$v":"Šalinti"},{"$i":"update-found","$v":"Rastas naujinys."},{"$i":"update-found-content","$v":"„KaiOS Store“ bus automatiškai uždaryta ir atnaujinta. Netrukus patikrinkite vėl."},{"$i":"no-internet","$v":"Nėra interneto ryšio."},{"$i":"connection-error","$v":"Prisijungimo klaida."},{"$i":"enable","$v":"Aktyvinti"},{"$i":"open-service","$v":"Atidaryti paslaugą"},{"$i":"downloading","$v":"Atsisiunčiama"},{"$i":"loading","$v":"Įkeliama…"},{"$i":"CAT-recommended","$v":"Rekomenduojama"},{"$i":"CAT-all","$v":"Visi"},{"$i":"CAT-10","$v":"Žaidimai"},{"$i":"CAT-20","$v":"Pramogos"},{"$i":"CAT-30","$v":"Socialiniai tinklai"},{"$i":"CAT-40","$v":"Parduotuvės"},{"$i":"CAT-50","$v":"Naujienos"},{"$i":"CAT-60","$v":"Komunalinės paslaugos"},{"$i":"CAT-70","$v":"Gyvenimo būdas"},{"$i":"CAT-80","$v":"Sveikata"},{"$i":"CAT-90","$v":"Sportas"},{"$i":"CAT-100","$v":"Knygos ir nuorodos"},{"$i":"login-note","$v":"Sveiki atvykę į „KaiOS Store“. Jei norite pradėti, prisijunkite prie „KaiOS“ paskyros."},{"$i":"ok","$v":"Gerai"},{"$i":"get","$v":"Gauti"},{"$i":"buy","$v":"Pirkti"},{"$i":"go","$v":"EITI"},{"$i":"select","$v":"RINKTIS"},{"$i":"create","$v":"Kurti"},{"$i":"skip","$v":"Praleisti"},{"$i":"confirmation","$v":"Patvirtinimas"},{"$i":"uninstall-msg","$v":"Pašalinti šią programą?"},{"$i":"stop","$v":"Sustabdyti"},{"$i":"store","$v":"Parduotuvė"},{"$i":"settings","$v":"Nustatymai"},{"$i":"privacy-policy","$v":"Privatumo strategija"},{"$i":"terms-and-services","$v":"Sąlygos ir paslaugos"},{"$i":"need-help","$v":"Reikia pagalbos?"},{"$i":"auto-update","$v":"Atnaujinti automatiškai"},{"$i":"auto-update-off","$v":"Neatnaujinti automatiškai"},{"$i":"data-enable","$v":"Per „Wi-Fi“ ir mobiliuosius duomenis"},{"$i":"all-connections","$v":"Visais ryšiais"},{"$i":"wlan-only","$v":"Tik naudojant WLAN"},{"$i":"wifi-only","$v":"Tik per „Wi-Fi“"},{"$i":"not-found-header","$v":"Programa nerasta"},{"$i":"not-found-msg","$v":"Atsiprašome, bet ieškoma programa parduotuvėje nerasta."},{"$i":"no-price-header","$v":"Įsigyti programos negalima"},{"$i":"no-price-msg","$v":"Dėl SIM kortelės ar ryšio problemos. Nepavyksta gauti iš serverio kainos informacijos. Programos, kurias galima įsigyti, bus išjungtos."},{"$i":"no-internet-with-tips","$v":"Nėra interneto ryšio. Norėdami prisijungti prie interneto, naudokite „Wi-Fi“ arba mobiliuosius duomenis."},{"$i":"no-internet-with-tips-wlan","$v":"Nėra interneto ryšio. Norėdami prisijungti prie interneto naudokite WLAN ar mobiliuosius duomenis."},{"$i":"no-available-app","$v":"Dar nėra pasiekiamos programos."},{"$i":"pin","$v":"Prisegti"},{"$i":"open","$v":"ATIDARYTI"},{"$i":"website","$v":"Žiniatinklio svetainė"},{"$i":"unpin","$v":"Atsegti"},{"$i":"unpin-msg","$v":"Atsegti šią žymelę"},{"$i":"pin-completely","$v":"Ši žiniatinklio svetainė prisegta prie visų programėlių"},{"$i":"pin-bookmark-completely","$v":"Svetainė prisegta prie visų programų srities"},{"$i":"unpin-bookmark-completely","$v":"Svetainė atsegta iš visų programų skilties"},{"$i":"fota-found-content","$v":"Yra „KaiOS“ naujinimas. Įdiekite, kad galėtumėte naudotis naujomis funkcijomis ir sistema veiktų efektyviau."},{"$i":"fota-update-found","$v":"Yra sistemos naujinimas"},{"$i":"update-available","$v":"Yra naujinimas"},{"$i":"app-update-found-content","$v":["Yra {{app Name}} naujinimas. Rekomenduojame įdiegti."]},{"$i":"app-update-found-content1","$v":["Pasiekiamas „",{"t":"idOrVar","v":"appName"},"“ naujinys. Rekomenduojama įdiegti."]},{"$i":"unpin-msg-with-name","$v":["Atsegti „",{"t":"idOrVar","v":"appName"},"“ žymę?"]},{"$i":"uninstall-msg-with-name","$v":["Išdiegti „",{"t":"idOrVar","v":"appName"},"“?"]},{"$i":"network-issue-title","$v":"Tinklo klaida"},{"$i":"network-issue-detail","$v":"Patikrinkite savo ryšį."},{"$i":"device-issue-title","$v":"Diegimo klaida"},{"$i":"device-issue-detail","$v":"Iškilo problema."},{"$i":"install-generic-error","$v":"Atsisiuntimas sustabdytas."},{"$i":"install","$v":"Įdiegti"},{"$i":"dismiss","$v":"Atmesti"},{"$i":"new-app-recommended","$v":"„KaiOS Store“ rekomenduojama naują programa."},{"$i":"show-rich-content","$v":"Rodyti gausų turinį"},{"$i":"do-not-show","$v":"Nerodyti"},{"$i":"free","$v":"Nemokamai"},{"$i":"data-enable-short","$v":"„Wi-Fi“ ir mobilieji duomenys"},{"$i":"wifi-only-short","$v":"Tik „Wi-Fi“"},{"$i":"open-url","$v":"Atidaryti URL"},{"$i":"version","$v":"Versija"},{"$i":"uninstalled-msg-with-name","$v":[{"t":"idOrVar","v":"appName"}," įdiegta."]},{"$i":"restart-phone-msg","$v":"Iš naujo paleiskite telefoną, kad gautumėte geriausią „KaiOS“ patirtį."},{"$i":"settings-and-account","$v":"Parametrai ir paskyra"},{"$i":"like","$v":"Patinka"},{"$i":"unlike","$v":"Nepatinka"},{"$i":"unliked-an-app-msg","$v":"Pažymėjote, kad ši programėlė jums nepatinka"},{"$i":"store-update-and-launch","$v":"Pasiekiamas parduotuvės naujinys. Paspauskite „Gerai“, kad paleistumėte parduotuvę."},{"$i":"app-push-launch-action","$v":"EITI"},{"$i":"app-push-launch-content","$v":["Mums jūsų trūksta ",{"t":"idOrVar","v":"appName"},", grįžkite mūsų aplankyti."]}]