[{"$i":"account","$v":"Konts"},{"$i":"sign-in","$v":"Pierakstīties"},{"$i":"NewAccount","$v":"Jauns konts"},{"$i":"options","$v":"Iespējas"},{"$i":"cancel","$v":"Atcelt"},{"$i":"update","$v":"Atjaunināt"},{"$i":"back","$v":"Atpakaļ"},{"$i":"uninstall","$v":"Atinstalēt"},{"$i":"update-found","$v":"Atrasts atjauninājums."},{"$i":"update-found-content","$v":"KaiOS veikals tiks aizvērts un automātiski atjaunināts. Lūdzu, atgriezieties pēc brīža."},{"$i":"no-internet","$v":"Nav interneta."},{"$i":"connection-error","$v":"Savienojuma kļūda."},{"$i":"enable","$v":"Iespējot"},{"$i":"open-service","$v":"Atvērt pakalpojumu"},{"$i":"downloading","$v":"Lejupielādē"},{"$i":"loading","$v":"Ielādē…"},{"$i":"CAT-recommended","$v":"Iesakām"},{"$i":"CAT-all","$v":"Visi"},{"$i":"CAT-10","$v":"Spēles"},{"$i":"CAT-20","$v":"Izklaide"},{"$i":"CAT-30","$v":"Saziņa"},{"$i":"CAT-40","$v":"Iepirkšanās"},{"$i":"CAT-50","$v":"Ziņas"},{"$i":"CAT-60","$v":"Utilītas"},{"$i":"CAT-70","$v":"Dzīvesstils"},{"$i":"CAT-80","$v":"Veselība"},{"$i":"CAT-90","$v":"Sports"},{"$i":"CAT-100","$v":"Grāmatas un atsauces"},{"$i":"login-note","$v":"Esiet sveicināts KaiOS veikalā. Lai sāktu, pierakstieties ar KaiOS kontu."},{"$i":"ok","$v":"Labi"},{"$i":"get","$v":"Iegūt"},{"$i":"buy","$v":"Iegādāties"},{"$i":"go","$v":"AIZIET"},{"$i":"select","$v":"IZVĒLĒTIES"},{"$i":"create","$v":"Izveidot"},{"$i":"skip","$v":"Izlaist"},{"$i":"confirmation","$v":"Apstiprinājums"},{"$i":"uninstall-msg","$v":"Vai atinstalēt šo lietotni?"},{"$i":"stop","$v":"Apturēt"},{"$i":"store","$v":"Veikals"},{"$i":"settings","$v":"Iestatījumi"},{"$i":"privacy-policy","$v":"Konfidencialitātes politika"},{"$i":"terms-and-services","$v":"Noteikumi un pakalpojumi"},{"$i":"need-help","$v":"Vai nepieciešama palīdzība?"},{"$i":"auto-update","$v":"Atjaunināt automātiski"},{"$i":"auto-update-off","$v":"Neatjaunināt automātiski"},{"$i":"data-enable","$v":"Tikai izmantojot Wi-Fi savienojumu un mobilos datus"},{"$i":"all-connections","$v":"Izmantojot visus savienojumus"},{"$i":"wlan-only","$v":"Izmantojot tikai WLAN"},{"$i":"wifi-only","$v":"Tikai izmantojot Wi-Fi savienojumu"},{"$i":"not-found-header","$v":"Neatrada lietotni."},{"$i":"not-found-msg","$v":"Diemžēl pieprasīto lietotni neizdevās atrast pakalpojumā Store."},{"$i":"no-price-header","$v":"Nevar iegādāties lietojumprogrammu."},{"$i":"no-price-msg","$v":"Radās SIM kartes vai savienojuma problēma. Nevar izgūt cenas informāciju no servera. Iegādājamās lietotnes tiks atspējotas."},{"$i":"no-internet-with-tips","$v":"Interneta savienojums nav pieejams. Izmantojiet Wi-Fi savienojumu vai mobilos datus, lai piekļūtu internetam."},{"$i":"no-internet-with-tips-wlan","$v":"Nav interneta savienojuma. Izmantojiet WLAN vai mobilos datus, lai piekļūtu internetam."},{"$i":"no-available-app","$v":"Lietojumprogramma vēl nav pieejama."},{"$i":"pin","$v":"Piespraust"},{"$i":"open","$v":"ATVĒRT"},{"$i":"website","$v":"Vietne"},{"$i":"unpin","$v":"Atspraust"},{"$i":"unpin-msg","$v":"Atspraust šo grāmatzīmi?"},{"$i":"pin-completely","$v":"Šī vietne tikusi piesprausta pie All Apps (Visas lietotnes)."},{"$i":"pin-bookmark-completely","$v":"Vietne piesprausta visu lietotņu sadaļai."},{"$i":"unpin-bookmark-completely","$v":"Vietne atsprausta no visu lietotņu sadaļas."},{"$i":"fota-found-content","$v":"Pieejams KaiOS atjauninājums. Instalējiet, lai iegūtu jaunas funkcijas un labāku veiktspēju."},{"$i":"fota-update-found","$v":"Pieejams sistēmas atjauninājums."},{"$i":"update-available","$v":"Pieejams atjauninājums"},{"$i":"app-update-found-content","$v":["Ir pieejams ",{"t":"idOrVar","v":"appName"}," atjauninājums. Ieteicams instalēt."]},{"$i":"app-update-found-content1","$v":["Ir pieejams lietojumprogrammas ",{"t":"idOrVar","v":"appName"}," atjauninājums. Ieteicams instalēt."]},{"$i":"unpin-msg-with-name","$v":["Vai atspraust lietotnes ",{"t":"idOrVar","v":"appName"}," grāmatzīmi?"]},{"$i":"uninstall-msg-with-name","$v":["Vai atinstalēt lietotni ",{"t":"idOrVar","v":"appName"},"?"]},{"$i":"network-issue-title","$v":"Tīkla kļūda"},{"$i":"network-issue-detail","$v":"Lūdzu, pārbaudiet savienojumu."},{"$i":"device-issue-title","$v":"Instalēšanas kļūda"},{"$i":"device-issue-detail","$v":"Radās problēma."},{"$i":"install-generic-error","$v":"Lejupielāde apturēta."},{"$i":"install","$v":"Instalēt"},{"$i":"dismiss","$v":"Noraidīt"},{"$i":"new-app-recommended","$v":"Jauna lietotne, ieteikums no KaiOS Store."},{"$i":"show-rich-content","$v":"Rādīt bagātinātu saturu"},{"$i":"do-not-show","$v":"Nerādīt"},{"$i":"free","$v":"Bezmaksas"},{"$i":"data-enable-short","$v":"Wi-Fi un mobilie dati"},{"$i":"wifi-only-short","$v":"Tikai Wi-Fi"},{"$i":"open-url","$v":"Atvērt vietrādi URL"},{"$i":"version","$v":"Versija"},{"$i":"uninstalled-msg-with-name","$v":["Lietotne ",{"t":"idOrVar","v":"appName"}," atinstalēta."]},{"$i":"restart-phone-msg","$v":"Restartējiet tālruni, lai optimizētu KaiOS lietošanu."},{"$i":"settings-and-account","$v":"Iestatījumi un konts"},{"$i":"like","$v":"Patīk"},{"$i":"unlike","$v":"Nepatīk"},{"$i":"unliked-an-app-msg","$v":"Jums nepatika šī lietotne."},{"$i":"store-update-and-launch","$v":"Pieejams Store atjauninājums. Nospiediet OK (Labi), lai palaistu Store."},{"$i":"app-push-launch-action","$v":"AIZIET"},{"$i":"app-push-launch-content","$v":["Kādu laiku neizmantojāt lietotni ",{"t":"idOrVar","v":"appName"},". Ieskatieties jaunumos!"]}]