[{"$i":"account","$v":"Account"},{"$i":"sign-in","$v":"साइन इन"},{"$i":"NewAccount","$v":"नवका अकाउंट"},{"$i":"options","$v":"विकल्प"},{"$i":"cancel","$v":"रद्द करू"},{"$i":"update","$v":"अपडेट"},{"$i":"back","$v":"पीछा"},{"$i":"uninstall","$v":"स्थापित ने भले"},{"$i":"update-found","$v":"अपडेट भेटल"},{"$i":"update-found-content","$v":"काई.ओ.एस. स्‍टोर स्‍वचालित रूप सँ बंद आ अपडेट होयत। कृपा कए किछु क्षण बादमे लौटू।"},{"$i":"no-internet","$v":"इंटरनेट नहि अछि"},{"$i":"connection-error","$v":"कनेक्‍शन त्रुटि।"},{"$i":"enable","$v":"एनेबल"},{"$i":"open-service","$v":"सेवा खोलू"},{"$i":"downloading","$v":"डाउनलोडिंग"},{"$i":"loading","$v":"लोड भए रहल अछि"},{"$i":"CAT-recommended","$v":"Recommended"},{"$i":"CAT-all","$v":"सब"},{"$i":"CAT-10","$v":"गेम्स"},{"$i":"CAT-20","$v":"एंटरटेनमेंट/ मनोरंजन"},{"$i":"CAT-30","$v":"सोशल"},{"$i":"CAT-40","$v":"शॉपिंग"},{"$i":"CAT-50","$v":"समाचार"},{"$i":"CAT-60","$v":"यूटिलिटीज"},{"$i":"CAT-70","$v":"लाइफस्टाइल"},{"$i":"CAT-80","$v":"स्‍वास्‍थ्‍य"},{"$i":"CAT-90","$v":"खेलकूद"},{"$i":"CAT-100","$v":"पुस्‍तक सभ आ संदर्भ"},{"$i":"login-note","$v":"काई.ओ.एस. स्‍टोरमे स्‍वागत अछि। चालू करबाक लेल कृपा कए काई.ओ.एस. खाता संगे साइन इन करू।"},{"$i":"ok","$v":"ओके"},{"$i":"get","$v":"प्राप्त करू"},{"$i":"buy","$v":"Buy"},{"$i":"go","$v":"जाउ"},{"$i":"select","$v":"चयन"},{"$i":"create","$v":"क्रियेट"},{"$i":"skip","$v":"स्‍कीप"},{"$i":"confirmation","$v":"कन्फर्मेशन"},{"$i":"uninstall-msg","$v":"एहि एप कें अनइंस्‍टॉल करू ?"},{"$i":"stop","$v":"रूकू"},{"$i":"store","$v":"स्‍टोर"},{"$i":"settings","$v":"सेटिंग्स"},{"$i":"privacy-policy","$v":"Privacy Policy"},{"$i":"terms-and-services","$v":"Terms and Services"},{"$i":"need-help","$v":"Need Help?"},{"$i":"auto-update","$v":"स्‍वचालित अपडेट"},{"$i":"auto-update-off","$v":"ऑटो अपडेट नहि करू"},{"$i":"data-enable","$v":"वाईफाई आ सेलुलर कें माध्‍यम सँ"},{"$i":"all-connections","$v":"Through all connections"},{"$i":"wlan-only","$v":"Only through WLAN"},{"$i":"wifi-only","$v":"केवल वाईफाई कें माध्‍यम सँ"},{"$i":"not-found-header","$v":"एप नहि भेटल"},{"$i":"not-found-msg","$v":"हमरा क्षमा करू, आग्रह कएल गेल एप स्‍टोरमे नहि भेटल।"},{"$i":"no-price-header","$v":"App Purchase Unavailable"},{"$i":"no-price-msg","$v":"Due to SIM card or connection issue. Unable to retrieve price info from server. Purchasable apps will be disabled."},{"$i":"no-internet-with-tips","$v":"कुनू इंटरनेट जुड़ाव नहि अछि। इंटरनेट एक्‍सेस लेल वाई-फाई अथवा मोबाइल डेटा केर इस्‍तेमाल करू।"},{"$i":"no-internet-with-tips-wlan","$v":"No internet connection. Use WLAN or mobile data to access the internet."},{"$i":"no-available-app","$v":"There is no application available yet."},{"$i":"pin","$v":"पिन"},{"$i":"open","$v":"खोलू"},{"$i":"website","$v":"वेबसाइट"},{"$i":"unpin","$v":"अनपिन"},{"$i":"unpin-msg","$v":"ई बुकमार्क कें अनपिन करए चाहैत छी?"},{"$i":"pin-completely","$v":"ई वेबसाइट सभ एप संग पिन कएल अछि।"},{"$i":"pin-bookmark-completely","$v":"Website Pinned to All Apps"},{"$i":"unpin-bookmark-completely","$v":"Website Unpinned from All Apps"},{"$i":"fota-found-content","$v":"काई ओ.एस अपडेट उपलब्‍ध अछि। नव फीचर सभ आ बेहतर प्रदर्शन कें लेल इंस्‍टॉल करू।"},{"$i":"fota-update-found","$v":"सिस्‍टम अपडेट उपलब्‍ध अछि"},{"$i":"update-available","$v":"अपडेट मौजूद"},{"$i":"app-update-found-content","$v":[{"t":"idOrVar","v":"appName"}," अपडेट उपलब्‍ध अछि। इंस्‍टॉल करबाक अनुशंसा कएल जाएत अछि। (इंस्टालमेंट-इंस्टालेशन)"]},{"$i":"app-update-found-content1","$v":[{"t":"idOrVar","v":"appName"}," update is available. Installation is recommended."]},{"$i":"unpin-msg-with-name","$v":[{"t":"idOrVar","v":"appName"}," कें अनपिन करू?"]},{"$i":"uninstall-msg-with-name","$v":[{"t":"idOrVar","v":"appName"}," कें अनइंस्‍टॉल करू?"]},{"$i":"network-issue-title","$v":"नेटवर्क मे त्रुटि अछि"},{"$i":"network-issue-detail","$v":"कृपा कए अपन कनेक्‍शनक जांच करू।"},{"$i":"device-issue-title","$v":"त्रुटि कें इंस्‍टॉल करू"},{"$i":"device-issue-detail","$v":"एक टा समस्‍या उत्‍पन्‍न भए गेल अछि।"},{"$i":"install-generic-error","$v":"डाउनलोड रूकि गेल।"},{"$i":"install","$v":"Install"},{"$i":"dismiss","$v":"Dismiss"},{"$i":"new-app-recommended","$v":"New App Recommended by KaiOS Store."},{"$i":"show-rich-content","$v":"Show rich content"},{"$i":"do-not-show","$v":"Do not show"},{"$i":"free","$v":"Free"},{"$i":"data-enable-short","$v":{"$o":"WiFi & Cellular"}},{"$i":"wifi-only-short","$v":"WiFi Only"},{"$i":"open-url","$v":"Open URL"},{"$i":"version","$v":"Version"},{"$i":"uninstalled-msg-with-name","$v":[{"t":"idOrVar","v":"appName"}," uninstalled."]},{"$i":"restart-phone-msg","$v":"Please restart your phone to maximize your KaiOS experience."},{"$i":"settings-and-account","$v":{"$o":"Settings & Account"}},{"$i":"like","$v":"Like"},{"$i":"unlike","$v":"Unlike"},{"$i":"unliked-an-app-msg","$v":"You unliked this app"},{"$i":"store-update-and-launch","$v":"Store update is available. Press ok to launch Store."},{"$i":"app-push-launch-action","$v":"Go"},{"$i":"app-push-launch-content","$v":["We miss you at ",{"t":"idOrVar","v":"appName"},", Come back to visit us."]}]