[{"$i":"account","$v":"Сметка"},{"$i":"sign-in","$v":"Најавете се"},{"$i":"NewAccount","$v":"Нова сметка"},{"$i":"options","$v":"Опции"},{"$i":"cancel","$v":"Откажете"},{"$i":"update","$v":"Ажурирање"},{"$i":"back","$v":"Назад"},{"$i":"uninstall","$v":"Деинсталирање"},{"$i":"update-found","$v":"Пронајдено е ажурирање."},{"$i":"update-found-content","$v":"KaiOS продавницата ќе се затвори и автоматски ќе се обнови. Вратете се по неколку минути."},{"$i":"no-internet","$v":"Нема интернет."},{"$i":"connection-error","$v":"Грешка во поврзувањето."},{"$i":"enable","$v":"Овозможи"},{"$i":"open-service","$v":"Отворање на услугата"},{"$i":"downloading","$v":"Преземање"},{"$i":"loading","$v":"Вчитување…"},{"$i":"CAT-recommended","$v":"Препорачано"},{"$i":"CAT-all","$v":"Сите"},{"$i":"CAT-10","$v":"Игри"},{"$i":"CAT-20","$v":"Забава"},{"$i":"CAT-30","$v":"Друштвено"},{"$i":"CAT-40","$v":"Пазарување"},{"$i":"CAT-50","$v":"Вести"},{"$i":"CAT-60","$v":"Усл.програми"},{"$i":"CAT-70","$v":"Стил на живеење"},{"$i":"CAT-80","$v":"Здравје"},{"$i":"CAT-90","$v":"Спортови"},{"$i":"CAT-100","$v":"Книги и препораки"},{"$i":"login-note","$v":"Добре дојдовте во продавницата KaiOS. Најавете се во вашата KaiOS сметка за да започнете."},{"$i":"ok","$v":"OK"},{"$i":"get","$v":"Земи"},{"$i":"buy","$v":"Купи"},{"$i":"go","$v":"ОДИ"},{"$i":"select","$v":"ИЗБЕРЕТЕ"},{"$i":"create","$v":"Создајте"},{"$i":"skip","$v":"Прескокнете"},{"$i":"confirmation","$v":"Потврда"},{"$i":"uninstall-msg","$v":"Сакате да ја деинсталирате оваа апликација?"},{"$i":"stop","$v":"Стоп"},{"$i":"store","$v":"Продавница"},{"$i":"settings","$v":"Нагодувања"},{"$i":"privacy-policy","$v":"Политика на приватност"},{"$i":"terms-and-services","$v":"Услови и услуги"},{"$i":"need-help","$v":"Ви треба помош?"},{"$i":"auto-update","$v":"Автоматско ажурирање"},{"$i":"auto-update-off","$v":"Не ажурирај автоматски"},{"$i":"data-enable","$v":"Преку Wi-Fi и мобилен телефон"},{"$i":"all-connections","$v":"Преку сите врски"},{"$i":"wlan-only","$v":"Само преку WLAN"},{"$i":"wifi-only","$v":"Само преку Wi-Fi"},{"$i":"not-found-header","$v":"Апликацијата не е пронајдена"},{"$i":"not-found-msg","$v":"Жал ни е, бараната апликација не е пронајдена во Продавницата."},{"$i":"no-price-header","$v":"Апликацијата не е достапна за купување"},{"$i":"no-price-msg","$v":"Проблем со SIM картичката или поврзувањето. Не може да се преземе информација за цената од серверот. Апликациите ште може да се купуваат ќе бидат оневозможени."},{"$i":"no-internet-with-tips","$v":"Не е воспоставена интернет-врска. Користете Wi-Fi или мобилни податоци за да пристапите до интернет._x005F_x000D_"},{"$i":"no-internet-with-tips-wlan","$v":"Нема интернет врска. Користете WLAN или мобилни податоци за да пристапите до интернет."},{"$i":"no-available-app","$v":"Нема достапни апликации."},{"$i":"pin","$v":"Прикачи"},{"$i":"open","$v":"ОТВОРИ"},{"$i":"website","$v":"Веб-страница"},{"$i":"unpin","$v":"Откачи"},{"$i":"unpin-msg","$v":"Откачи ја оваа ознака?"},{"$i":"pin-completely","$v":"Оваа веб-страница е прикачена на Сите апликации"},{"$i":"pin-bookmark-completely","$v":"Интернет-страницата е закачена на сите апликации"},{"$i":"unpin-bookmark-completely","$v":"Интернет-страницата е откачена од сите апликации"},{"$i":"fota-found-content","$v":"Се најде ажурирање за KaiOS. Инсталирајте за нови функции и подобри перформанси."},{"$i":"fota-update-found","$v":"Се најде ажурирање за систем"},{"$i":"update-available","$v":"Достапно ажурирање"},{"$i":"app-update-found-content","$v":["Се најде ажурирање за ",{"t":"idOrVar","v":"appName"},". Се препорачува инсталирање."]},{"$i":"app-update-found-content1","$v":["Достапно е ажурирање за ",{"t":"idOrVar","v":"appName"},". Се препорачува да се инсталира."]},{"$i":"unpin-msg-with-name","$v":["Откачи го обележувачот за ",{"t":"idOrVar","v":"appName"},"?"]},{"$i":"uninstall-msg-with-name","$v":["Деинсталирај ја ",{"t":"idOrVar","v":"appName"},"?"]},{"$i":"network-issue-title","$v":"Грешка во мрежата"},{"$i":"network-issue-detail","$v":"Проверете ја вашата врска."},{"$i":"device-issue-title","$v":"Грешка при инсталирањето"},{"$i":"device-issue-detail","$v":"Настана проблем."},{"$i":"install-generic-error","$v":"Преземањето е запрено."},{"$i":"install","$v":"Инсталирај"},{"$i":"dismiss","$v":"Отфрли"},{"$i":"new-app-recommended","$v":"Нови апликации препорачани од KaiOS Store."},{"$i":"show-rich-content","$v":"Покажи богата содржина"},{"$i":"do-not-show","$v":"Не покажувај"},{"$i":"free","$v":"Бесплатно"},{"$i":"data-enable-short","$v":"Wi-Fi и мобилен телефон"},{"$i":"wifi-only-short","$v":"Само Wi-Fi"},{"$i":"open-url","$v":"Отвори URL"},{"$i":"version","$v":"Верзија"},{"$i":"uninstalled-msg-with-name","$v":[{"t":"idOrVar","v":"appName"}," е деинсталирана."]},{"$i":"restart-phone-msg","$v":"Рестартирајте го вашиот телефон за да го максимизирате вашето искуство со KaiOS."},{"$i":"settings-and-account","$v":"Поставки и сметка"},{"$i":"like","$v":"Ми се допаѓа"},{"$i":"unlike","$v":"Отстрани „ми се допаѓа“"},{"$i":"unliked-an-app-msg","$v":"Го отстранивте „ми се допаѓа“ од оваа апликација"},{"$i":"store-update-and-launch","$v":"Достапно е ажурирање на Store. Притиснете „ОК“ за да ја стартувате Store."},{"$i":"app-push-launch-action","$v":"ОДИ"},{"$i":"app-push-launch-content","$v":["Ни недостигате во ",{"t":"idOrVar","v":"appName"},". Вратете се да нè посетите."]}]