[{"$i":"account","$v":"Account"},{"$i":"sign-in","$v":"സൈൻ ഇൻ ചെയ്യുക"},{"$i":"NewAccount","$v":"പുതിയ അക്കൗണ്ട്"},{"$i":"options","$v":"ഓപ്ഷന്‍"},{"$i":"cancel","$v":"റദ്ദാക്കുക"},{"$i":"update","$v":"അപ്ഡേറ്റ് ചെയ്യുക"},{"$i":"back","$v":"മടങ്ങുക"},{"$i":"uninstall","$v":"അൺഇൻസ്റ്റാൾ ചെയ്യുക"},{"$i":"update-found","$v":"അപ്ഡേറ്റ് കണ്ടെത്തി."},{"$i":"update-found-content","$v":"കൈ.ഒ.എസ് സ്റ്റോർ ഓട്ടോമാറ്റിക്കായി അടയ്ക്കുകയും അപ്‌ഡേറ്റ് ചെയ്യുകയും ചെയ്യും.ദയവായി ഏതാനും നിമിഷങ്ങൾക്കകം തിരികെയെത്തുക."},{"$i":"no-internet","$v":"ഇൻറ്റർനെറ്റ്  ഇല്ല."},{"$i":"connection-error","$v":"കണക്ഷൻ പിശക്."},{"$i":"enable","$v":"പ്രാപ്‌തമാക്കുക"},{"$i":"open-service","$v":"തുറന്ന സേവനം"},{"$i":"downloading","$v":"ഡൗൺലോഡുചെയ്യുന്നു"},{"$i":"loading","$v":"ലോഡുചെയ്യുന്നു..."},{"$i":"CAT-recommended","$v":"Recommended"},{"$i":"CAT-all","$v":"എല്ലാം"},{"$i":"CAT-10","$v":"ഗെയിംസ്"},{"$i":"CAT-20","$v":"വിനോദം"},{"$i":"CAT-30","$v":"സാമൂഹികം"},{"$i":"CAT-40","$v":"ഷോപ്പിംഗ്"},{"$i":"CAT-50","$v":"വാര്‍ത്ത"},{"$i":"CAT-60","$v":"യൂട്ടിലിറ്റികള്‍"},{"$i":"CAT-70","$v":"ജീവിതശൈലി"},{"$i":"CAT-80","$v":"ആരോഗ്യം"},{"$i":"CAT-90","$v":"കായികം"},{"$i":"CAT-100","$v":"പുസ്തകങ്ങളും റഫറൻസും"},{"$i":"login-note","$v":"കൈ .ഒ.എസ് സ്റ്റോറിലേക്ക് സ്വാഗതം. ആരംഭിക്കാൻ ദയവായി കൈ .ഒ.എസ് അക്കൗണ്ടിൽ സൈനിൻ ചെയ്യുക."},{"$i":"ok","$v":"ശരി"},{"$i":"get","$v":"നേടുക"},{"$i":"buy","$v":"Buy"},{"$i":"go","$v":"പോകുക"},{"$i":"select","$v":"തിരഞ്ഞെടുക്കുക"},{"$i":"create","$v":"സൃഷ്ടിക്കുക"},{"$i":"skip","$v":"ഒഴിവാക്കുക"},{"$i":"confirmation","$v":"സ്ഥിരീകരണം"},{"$i":"uninstall-msg","$v":"ഈ ആപ്പ് അൺഇൻസ്റ്റാൾ ചെയ്യണോ?"},{"$i":"stop","$v":"നിര്‍ത്തുക"},{"$i":"store","$v":"സ്റ്റോർ"},{"$i":"settings","$v":"സെറ്റിംഗ്സ്"},{"$i":"privacy-policy","$v":"Privacy Policy"},{"$i":"terms-and-services","$v":"Terms and Services"},{"$i":"need-help","$v":"Need Help?"},{"$i":"auto-update","$v":"ഓട്ടോ അപ്‌ഡേറ്റ്"},{"$i":"auto-update-off","$v":"ഓട്ടോ അപ്‌ഡേറ്റ് ചെയ്യരുത്"},{"$i":"data-enable","$v":"വൈഫൈയും സെല്ലുലാറും വഴി"},{"$i":"all-connections","$v":"Through all connections"},{"$i":"wlan-only","$v":"Only through WLAN"},{"$i":"wifi-only","$v":"വൈഫൈ വഴി മാത്രം"},{"$i":"not-found-header","$v":"ആപ്പ് കണ്ടില്ല"},{"$i":"not-found-msg","$v":"ക്ഷമിക്കണം, അഭ്യർത്ഥിച്ച ആപ്പ് സ്റ്റോറിൽ കണ്ടില്ല."},{"$i":"no-price-header","$v":"App Purchase Unavailable"},{"$i":"no-price-msg","$v":"Due to SIM card or connection issue. Unable to retrieve price info from server. Purchasable apps will be disabled."},{"$i":"no-internet-with-tips","$v":"ഇന്റർനെറ്റ് കണക്ഷനില്ല. ഇന്റർനെറ്റ് ആക്സസ് ചെയ്യാൻ വൈ-ഫൈ അല്ലെങ്കിൽ മൊബൈൽ ഡാറ്റ ഉപയോഗിക്കുക."},{"$i":"no-internet-with-tips-wlan","$v":"No internet connection. Use WLAN or mobile data to access the internet."},{"$i":"no-available-app","$v":"There is no application available yet."},{"$i":"pin","$v":"പിൻ"},{"$i":"open","$v":"തുറക്കുക"},{"$i":"website","$v":"വെബ്സൈറ്റ്"},{"$i":"unpin","$v":"അൺപിൻ ചെയ്യുക"},{"$i":"unpin-msg","$v":"ഈ ബുക്ക്മാർക്ക് അൺപിൻ ചെയ്യണോ?"},{"$i":"pin-completely","$v":"ഈ വെബ് സൈറ്റ് എല്ലാ ആപ്പുകളിലേക്കും പിൻ ചെയ്തു."},{"$i":"pin-bookmark-completely","$v":"Website Pinned to All Apps"},{"$i":"unpin-bookmark-completely","$v":"Website Unpinned from All Apps"},{"$i":"fota-found-content","$v":"കൈ.ഒ.എസ്   അപ്ഡേറ്റ് ലഭ്യമാണ്. പുതിയ സവിശേഷതകള്‍ക്കും   മികച്ച പ്രകടനത്തിനുമായി  ഇൻസ്റ്റാൾ ചെയ്യുക."},{"$i":"fota-update-found","$v":"സിസ്റ്റം അപ്ഡേറ്റ് ലഭ്യമാണ്"},{"$i":"update-available","$v":"അപ്ഡേറ്റ് ലഭ്യമാണ്"},{"$i":"app-update-found-content","$v":[{"t":"idOrVar","v":"appName"},"  അപ്ഡേറ്റ് ലഭ്യമാണ്. ഇൻസ്റ്റാൾ ചെയ്യാന്‍  ശുപാർശ ചെയ്യുന്നു. (ഇൻസ്റ്റാൾമെന്റ് - ഇൻസ്റ്റാളേഷൻ)"]},{"$i":"app-update-found-content1","$v":[{"t":"idOrVar","v":"appName"}," update is available. Installation is recommended."]},{"$i":"unpin-msg-with-name","$v":[{"t":"idOrVar","v":"appName"}," ബുക്ക്മാർക്ക് അൺപിൻ ചെയ്യണോ?"]},{"$i":"uninstall-msg-with-name","$v":[{"t":"idOrVar","v":"appName"}," അണ്‍ഇന്‍സ്റ്റാള്‍ ചെയ്യണോ? "]},{"$i":"network-issue-title","$v":"നെറ്റ്വർക്ക് പിശക്"},{"$i":"network-issue-detail","$v":"ദയവായി നിങ്ങളുടെ കണക്ഷൻ പരിശോധിക്കുക."},{"$i":"device-issue-title","$v":"ഇൻസ്റ്റാൾ ചെയ്യുന്നതില്‍  പിശക്"},{"$i":"device-issue-detail","$v":"ഒരു പ്രശ്നം സംഭവിച്ചു."},{"$i":"install-generic-error","$v":"ഡൗൺലോഡ് നിർത്തി."},{"$i":"install","$v":"Install"},{"$i":"dismiss","$v":"Dismiss"},{"$i":"new-app-recommended","$v":"New App Recommended by KaiOS Store."},{"$i":"show-rich-content","$v":"Show rich content"},{"$i":"do-not-show","$v":"Do not show"},{"$i":"free","$v":"Free"},{"$i":"data-enable-short","$v":{"$o":"WiFi & Cellular"}},{"$i":"wifi-only-short","$v":"WiFi Only"},{"$i":"open-url","$v":"Open URL"},{"$i":"version","$v":"Version"},{"$i":"uninstalled-msg-with-name","$v":[{"t":"idOrVar","v":"appName"}," uninstalled."]},{"$i":"restart-phone-msg","$v":"Please restart your phone to maximize your KaiOS experience."},{"$i":"settings-and-account","$v":{"$o":"Settings & Account"}},{"$i":"like","$v":"Like"},{"$i":"unlike","$v":"Unlike"},{"$i":"unliked-an-app-msg","$v":"You unliked this app"},{"$i":"store-update-and-launch","$v":"Store update is available. Press ok to launch Store."},{"$i":"app-push-launch-action","$v":"Go"},{"$i":"app-push-launch-content","$v":["We miss you at ",{"t":"idOrVar","v":"appName"},", Come back to visit us."]}]