[{"$i":"account","$v":"Account"},{"$i":"sign-in","$v":"সাইন ইন"},{"$i":"NewAccount","$v":"অনৌবা একাউন্ট"},{"$i":"options","$v":"ওপসনশীং"},{"$i":"cancel","$v":"ককথৎলু"},{"$i":"update","$v":"অপদেত তৌ"},{"$i":"back","$v":"হল্লু"},{"$i":"uninstall","$v":"ইনস্টোল তৌবা লৌথোকউ"},{"$i":"update-found","$v":"অপডেট তৌবা ফংলে৷"},{"$i":"update-found-content","$v":"কাইও.এস. স্টোর মশা মথন্তা থিংজিনগনি অমসুং অপদেত তৌগনি. মিকুপ খরদা হন্না লাকপিয়ু."},{"$i":"no-internet","$v":"ইন্টর্নেট ফংদ্রে"},{"$i":"connection-error","$v":"কনেক্সনদা অশোয়বা."},{"$i":"enable","$v":"মথৌ তৌহল্লু"},{"$i":"open-service","$v":"ময়াম লোইনা খঙবা সার্ভিস"},{"$i":"downloading","$v":"ডাউণ্ডলোদ তৌরি"},{"$i":"loading","$v":"লোদ তৌরি..."},{"$i":"CAT-recommended","$v":"Recommended"},{"$i":"CAT-all","$v":"পূম্নমক"},{"$i":"CAT-10","$v":"গেমশীং"},{"$i":"CAT-20","$v":"হরাও কূম্মৈ"},{"$i":"CAT-30","$v":"সমাজগী ওইবা"},{"$i":"CAT-40","$v":"পোৎ লৈবা"},{"$i":"CAT-50","$v":"ই-পাও"},{"$i":"CAT-60","$v":"কান্নবগী মওংশীং"},{"$i":"CAT-70","$v":"হিংবগী মওং"},{"$i":"CAT-80","$v":"হকচাংগী মরমদা"},{"$i":"CAT-90","$v":"শান্ন-খোৎনবা"},{"$i":"CAT-100","$v":{"$o":"লাইরিকশীং & রিফরেন্স"}},{"$i":"login-note","$v":"কাইও.এস. স্টোর অদুদা তরাম্না ওকচরি. স্টার্ট তৌনবা কাইও.এস. একাওন্ত তা সাইন ইন তৌবিয়ু."},{"$i":"ok","$v":"য়ারে"},{"$i":"get","$v":"ফংউ"},{"$i":"buy","$v":"Buy"},{"$i":"go","$v":"চৎলু"},{"$i":"select","$v":"খল্লু"},{"$i":"create","$v":"শেম্মু"},{"$i":"skip","$v":"তোকথোকপা"},{"$i":"confirmation","$v":"চুম্মি হায়বা"},{"$i":"uninstall-msg","$v":"এপ অসি ইনস্টোল তৌবা তোক্কদ্রা?"},{"$i":"stop","$v":"লেপ্পু"},{"$i":"store","$v":"স্টোর"},{"$i":"settings","$v":"সেটিংশিং"},{"$i":"privacy-policy","$v":"Privacy Policy"},{"$i":"terms-and-services","$v":"Terms and Services"},{"$i":"need-help","$v":"Need Help?"},{"$i":"auto-update","$v":"মশা মথন্তা অপদেত তৌবা"},{"$i":"auto-update-off","$v":"মশা মথন্তা অপদেত তৌহনগনু"},{"$i":"data-enable","$v":{"$o":"ৱাইফাই & সেল্লুলর ফাওনা"}},{"$i":"all-connections","$v":"Through all connections"},{"$i":"wlan-only","$v":"Only through WLAN"},{"$i":"wifi-only","$v":"ৱাইফাই খক্তংদা ফাওনা"},{"$i":"not-found-header","$v":"এপ ফংদে"},{"$i":"not-found-msg","$v":"ঐখোয় লানখ্রে, হায়জরকপা এপ অদু স্টোরদা ফংদে."},{"$i":"no-price-header","$v":"App Purchase Unavailable"},{"$i":"no-price-msg","$v":"Due to SIM card or connection issue. Unable to retrieve price info from server. Purchasable apps will be disabled."},{"$i":"no-internet-with-tips","$v":"ইন্টরনেত কনেক্সন লৈতে. ইন্টরনেত অদু এক্সেস তৌনবা ৱাই-ফাই নত্ত্রগা মোবাইল দাতা শীজিন্নৌ."},{"$i":"no-internet-with-tips-wlan","$v":"No internet connection. Use WLAN or mobile data to access the internet."},{"$i":"no-available-app","$v":"There is no application available yet."},{"$i":"pin","$v":"পিন"},{"$i":"open","$v":"হাংউ"},{"$i":"website","$v":"ৱেবসাইত"},{"$i":"unpin","$v":"পিন তৌবা লৌথোকউ"},{"$i":"unpin-msg","$v":"বূকমার্ক অসি পিন তৌবা তোক্কদ্রা?"},{"$i":"pin-completely","$v":"ৱেবসাইত অসি ওল এপ্স তা পিন তৌখ্রে."},{"$i":"pin-bookmark-completely","$v":"Website Pinned to All Apps"},{"$i":"unpin-bookmark-completely","$v":"Website Unpinned from All Apps"},{"$i":"fota-found-content","$v":"কাইও.এস. অপদেত ফংই. অনৌবা ফিচরশীংগী অমসুং থবক হেন্না ফজনা তৌনবা ইনস্টোল তৌ."},{"$i":"fota-update-found","$v":"সিস্টেম অপদেত ফংই"},{"$i":"update-available","$v":"অপদেত ফংই"},{"$i":"app-update-found-content","$v":[{"t":"idOrVar","v":"appName"}," অপদেত ফংই. ইনস্টোলমেন্ট রিকোমেন্দ তৌই. (ইনস্টোলমেন্ট - ইনস্টোলেসন)"]},{"$i":"app-update-found-content1","$v":[{"t":"idOrVar","v":"appName"}," update is available. Installation is recommended."]},{"$i":"unpin-msg-with-name","$v":[{"t":"idOrVar","v":"appName"}," বূকমার্ক পিন তৌরোইদ্রা?"]},{"$i":"uninstall-msg-with-name","$v":[{"t":"idOrVar","v":"appName"}," ইস্টোল তৌরোইদ্রা?"]},{"$i":"network-issue-title","$v":"নেতৱার্কতা অশোয়বা"},{"$i":"network-issue-detail","$v":"নহাক্কি কনেক্সন চেক তৌবিয়ু।"},{"$i":"device-issue-title","$v":"ইস্টোল তৌবদা অশোয়বা"},{"$i":"device-issue-detail","$v":"ৱারম অমা থোকখ্রে।"},{"$i":"install-generic-error","$v":"দাওনলোদ লেপ্লে।"},{"$i":"install","$v":"Install"},{"$i":"dismiss","$v":"Dismiss"},{"$i":"new-app-recommended","$v":"New App Recommended by KaiOS Store."},{"$i":"show-rich-content","$v":"Show rich content"},{"$i":"do-not-show","$v":"Do not show"},{"$i":"free","$v":"Free"},{"$i":"data-enable-short","$v":{"$o":"WiFi & Cellular"}},{"$i":"wifi-only-short","$v":"WiFi Only"},{"$i":"open-url","$v":"Open URL"},{"$i":"version","$v":"Version"},{"$i":"uninstalled-msg-with-name","$v":[{"t":"idOrVar","v":"appName"}," uninstalled."]},{"$i":"restart-phone-msg","$v":"Please restart your phone to maximize your KaiOS experience."},{"$i":"settings-and-account","$v":{"$o":"Settings & Account"}},{"$i":"like","$v":"Like"},{"$i":"unlike","$v":"Unlike"},{"$i":"unliked-an-app-msg","$v":"You unliked this app"},{"$i":"store-update-and-launch","$v":"Store update is available. Press ok to launch Store."},{"$i":"app-push-launch-action","$v":"Go"},{"$i":"app-push-launch-content","$v":["We miss you at ",{"t":"idOrVar","v":"appName"},", Come back to visit us."]}]