[{"$i":"account","$v":"Cont"},{"$i":"sign-in","$v":"Conectare"},{"$i":"NewAccount","$v":"Cont nou"},{"$i":"options","$v":"Opțiuni"},{"$i":"cancel","$v":"Anulare"},{"$i":"update","$v":"Actualizare"},{"$i":"back","$v":"Înapoi"},{"$i":"uninstall","$v":"Dezinstalare"},{"$i":"update-found","$v":"Actualizare găsită."},{"$i":"update-found-content","$v":"Magazinul KaiOS se va închide și actualiza automat. Reveniți în câteva momente."},{"$i":"no-internet","$v":"Nu există conexiune Internet."},{"$i":"connection-error","$v":"Eroare de conectare."},{"$i":"enable","$v":"Activare"},{"$i":"open-service","$v":"Deschidere serviciu"},{"$i":"downloading","$v":"Descărcare"},{"$i":"loading","$v":"În curs de încărcare..."},{"$i":"CAT-recommended","$v":"Recomandat"},{"$i":"CAT-all","$v":"Toate"},{"$i":"CAT-10","$v":"Jocuri"},{"$i":"CAT-20","$v":"Entertainment"},{"$i":"CAT-30","$v":"Social"},{"$i":"CAT-40","$v":"Shopping"},{"$i":"CAT-50","$v":"News"},{"$i":"CAT-60","$v":"Utilities"},{"$i":"CAT-70","$v":"Lifestyle"},{"$i":"CAT-80","$v":"Sănătate"},{"$i":"CAT-90","$v":"Sports"},{"$i":"CAT-100","$v":{"$o":"Cărți & referințe"}},{"$i":"login-note","$v":"Bun venit la magazinul KaiOS. Conectați-vă la contul dvs. KaiOS pentru a începe."},{"$i":"ok","$v":"OK"},{"$i":"get","$v":"Obținere"},{"$i":"buy","$v":"Cumpărați"},{"$i":"go","$v":"ACCESARE"},{"$i":"select","$v":"SELECTARE"},{"$i":"create","$v":"Creare"},{"$i":"skip","$v":"Săriți"},{"$i":"confirmation","$v":"Confirmare"},{"$i":"uninstall-msg","$v":"Dezinstalați această aplicație?"},{"$i":"stop","$v":"Opriți"},{"$i":"store","$v":"Magazin"},{"$i":"settings","$v":"Setări"},{"$i":"privacy-policy","$v":"Politică de confidențialitate"},{"$i":"terms-and-services","$v":"Termeni și servicii"},{"$i":"need-help","$v":"Aveți nevoie de ajutor?"},{"$i":"auto-update","$v":"Actualizare automată"},{"$i":"auto-update-off","$v":"Nu actualiza"},{"$i":"data-enable","$v":"Prin Wi-Fi și rețeaua celulară"},{"$i":"all-connections","$v":"Prin toate conexiunile"},{"$i":"wlan-only","$v":"Numai prin WLAN"},{"$i":"wifi-only","$v":"Doar Wi-Fi"},{"$i":"not-found-header","$v":"Aplicația nu a fost găsită"},{"$i":"not-found-msg","$v":"Ne pare rău, aplicația nu a fost găsită în Magazin."},{"$i":"no-price-header","$v":"Indisponibil cumpărare aplicație"},{"$i":"no-price-msg","$v":"Din cauza cartelei SIM sau a problemei de conexiune. Informațiile privind prețul nu pot fi accesate din server. Aplicațiile de vânzare vor fi dezactivate."},{"$i":"no-internet-with-tips","$v":"Conexiune la internet inexistentă. Folosiți Wi-Fi sau date mobile pentru a accesa internetul."},{"$i":"no-internet-with-tips-wlan","$v":"Lipsă conexiune la Internet. Folosiți rețeaua WLAN sau rețeaua mobilă de date pentru a accesa Internetul."},{"$i":"no-available-app","$v":"Nu există încă nicio aplicație disponibilă."},{"$i":"pin","$v":"Fixare"},{"$i":"open","$v":"DESCHIDERE"},{"$i":"website","$v":"Website"},{"$i":"unpin","$v":"De-fixare"},{"$i":"unpin-msg","$v":"De-fixați acest bookmark?"},{"$i":"pin-completely","$v":"Acest site Web a fost fixat la Toate aplicațiile."},{"$i":"pin-bookmark-completely","$v":"Site blocat pe toate aplicațiile"},{"$i":"unpin-bookmark-completely","$v":"Site deblocat pe toate aplicațiile"},{"$i":"fota-found-content","$v":"Este disponibilă actualizarea KaiOS. Instalați-o, pentru noile elemente și performanțele mai bune."},{"$i":"fota-update-found","$v":"Este disponibilă o actualizare a sistemului"},{"$i":"update-available","$v":"Actualizare disponibilă"},{"$i":"app-update-found-content","$v":["Actualizarea ",{"t":"idOrVar","v":"appName"}," este disponibilă. Se recomandă instalarea."]},{"$i":"app-update-found-content1","$v":["Este disponibilă actualizarea ",{"t":"idOrVar","v":"appName"},". Se recomandă instalarea."]},{"$i":"unpin-msg-with-name","$v":["Anulați fixarea marcajului ",{"t":"idOrVar","v":"appName"},"?"]},{"$i":"uninstall-msg-with-name","$v":["Dezinstalați ",{"t":"idOrVar","v":"appName"},"?"]},{"$i":"network-issue-title","$v":"Eroare de rețea"},{"$i":"network-issue-detail","$v":"Verificați conexiunea."},{"$i":"device-issue-title","$v":"Eroare de instalare"},{"$i":"device-issue-detail","$v":"A apărut o eroare."},{"$i":"install-generic-error","$v":"Descărcare oprită."},{"$i":"install","$v":"Instalați"},{"$i":"dismiss","$v":"Renunțați"},{"$i":"new-app-recommended","$v":"Aplicație nouă recomandată de magazinul KaiOS."},{"$i":"show-rich-content","$v":"Arată conținutul extins"},{"$i":"do-not-show","$v":"Nu arăta"},{"$i":"free","$v":"Gratuit"},{"$i":"data-enable-short","$v":{"$o":"Wi-Fi & date mobile"}},{"$i":"wifi-only-short","$v":"Numai Wi-Fi"},{"$i":"open-url","$v":"Deschideți URL"},{"$i":"version","$v":"Versiune"},{"$i":"uninstalled-msg-with-name","$v":["Aplicație ",{"t":"idOrVar","v":"appName"}," dezinstalată."]},{"$i":"restart-phone-msg","$v":"Reporniți telefonul pentru maximizarea experienței dvs. KaiOS."},{"$i":"settings-and-account","$v":"Setări și Cont"},{"$i":"like","$v":"Îmi place"},{"$i":"unlike","$v":"Nu îmi place"},{"$i":"unliked-an-app-msg","$v":"Nu vă place această aplicație"},{"$i":"store-update-and-launch","$v":"Este disponibilă actualizarea magazinului. Apăsați ok pentru a lansa Magazinul. "},{"$i":"app-push-launch-action","$v":"ACCESARE"},{"$i":"app-push-launch-content","$v":["Ne e dor de dvs. aici la ",{"t":"idOrVar","v":"appName"},". Reveniți în vizită."]}]