[{"$i":"account","$v":"Account"},{"$i":"sign-in","$v":"साइन इन करा"},{"$i":"NewAccount","$v":"नवीन अकाउन्ट"},{"$i":"options","$v":"पर्याय"},{"$i":"cancel","$v":"रद्द करा"},{"$i":"update","$v":"अपडेट करा"},{"$i":"back","$v":"मागे जा"},{"$i":"uninstall","$v":"विस्थापित करा"},{"$i":"update-found","$v":"अपडेट आढळले."},{"$i":"update-found-content","$v":"काई.ओ.एस स्टोअर स्वयंचलितपणे बंद होईल आणि अपडेट होईल. कृपया काही क्षणांत परत या."},{"$i":"no-internet","$v":"इंटरनेट नाही."},{"$i":"connection-error","$v":"कनेक्शनमध्ये त्रुटी."},{"$i":"enable","$v":"सक्षम करा"},{"$i":"open-service","$v":"ओपन सेवा"},{"$i":"downloading","$v":"डाउनलोड होत आहे"},{"$i":"loading","$v":"लोड करत आहे..."},{"$i":"CAT-recommended","$v":"Recommended"},{"$i":"CAT-all","$v":"सर्व"},{"$i":"CAT-10","$v":"गेम"},{"$i":"CAT-20","$v":"मनोरंजन"},{"$i":"CAT-30","$v":"सामाजिक"},{"$i":"CAT-40","$v":"शॉपिंग"},{"$i":"CAT-50","$v":"बातम्या"},{"$i":"CAT-60","$v":"सोयी सुविधा"},{"$i":"CAT-70","$v":"जीवनशैली"},{"$i":"CAT-80","$v":"आरोग्य"},{"$i":"CAT-90","$v":"क्रीडा"},{"$i":"CAT-100","$v":"पुस्तके आणि संदर्भ"},{"$i":"login-note","$v":"काई.ओ.एस स्टोअरवर आपले स्वागत आहे. कृपया सुरुवात करण्यासाठी काई.ओ.एस खात्यामध्ये साइन इन करा."},{"$i":"ok","$v":"ठिक आहे"},{"$i":"get","$v":"प्राप्त करा"},{"$i":"buy","$v":"Buy"},{"$i":"go","$v":"पुढे जा"},{"$i":"select","$v":"निवडा"},{"$i":"create","$v":"तयार करा"},{"$i":"skip","$v":"वगळा"},{"$i":"confirmation","$v":"पुष्टीकरण"},{"$i":"uninstall-msg","$v":"हे अॅप विस्थापित करायचे?"},{"$i":"stop","$v":"थांबवा"},{"$i":"store","$v":"स्टोअर"},{"$i":"settings","$v":"सेटिंग्स"},{"$i":"privacy-policy","$v":"Privacy Policy"},{"$i":"terms-and-services","$v":"Terms and Services"},{"$i":"need-help","$v":"Need Help?"},{"$i":"auto-update","$v":"ऑटो अपडेट"},{"$i":"auto-update-off","$v":"ऑटो अपडेट करू नका"},{"$i":"data-enable","$v":"वायफाय आणि सेल्युलर द्वारे"},{"$i":"all-connections","$v":"Through all connections"},{"$i":"wlan-only","$v":"Only through WLAN"},{"$i":"wifi-only","$v":"केवळ वायफाय द्वारे"},{"$i":"not-found-header","$v":"अॅप सापडले नाही"},{"$i":"not-found-msg","$v":"आम्ही दिलगीर आहोत, विनंती केलेले अॅप स्टोअरमध्ये सापडले नाही."},{"$i":"no-price-header","$v":"App Purchase Unavailable"},{"$i":"no-price-msg","$v":"Due to SIM card or connection issue. Unable to retrieve price info from server. Purchasable apps will be disabled."},{"$i":"no-internet-with-tips","$v":"इंटरनेट कनेक्शन नाही. इंटरनेट अॅक्सेस करण्यासाठी वाय-फाय किंवा मोबाईल डेटाचा वापर करा."},{"$i":"no-internet-with-tips-wlan","$v":"No internet connection. Use WLAN or mobile data to access the internet."},{"$i":"no-available-app","$v":"There is no application available yet."},{"$i":"pin","$v":"पिन"},{"$i":"open","$v":"उघडा"},{"$i":"website","$v":"वेबसाइट"},{"$i":"unpin","$v":"अनपिन"},{"$i":"unpin-msg","$v":"हे बुकमार्क अनपिन करायचे?"},{"$i":"pin-completely","$v":"ही वेबसाइट सर्व अॅपवर पिन केली गेली आहे."},{"$i":"pin-bookmark-completely","$v":"Website Pinned to All Apps"},{"$i":"unpin-bookmark-completely","$v":"Website Unpinned from All Apps"},{"$i":"fota-found-content","$v":"काई.ओ.एस अपडेट उपलब्ध आहे. नवीन सुविधा आणि उत्तम कार्यप्रदर्शनासाठी इन्स्टॉल करा."},{"$i":"fota-update-found","$v":"सिस्टमचा अपडेट उपलब्ध आहे"},{"$i":"update-available","$v":"अपडेट उपलब्ध आहे"},{"$i":"app-update-found-content","$v":[{"t":"idOrVar","v":"appName"}," चा अपडेट उपलब्ध आहे. इन्स्टॉल करण्याची शिफारस केली आहे.(इन्स्टॉलमेंट - इन्स्टॉलेशन)"]},{"$i":"app-update-found-content1","$v":[{"t":"idOrVar","v":"appName"}," update is available. Installation is recommended."]},{"$i":"unpin-msg-with-name","$v":[{"t":"idOrVar","v":"appName"}," चे बुकमार्क अनपीन करायचे?"]},{"$i":"uninstall-msg-with-name","$v":[{"t":"idOrVar","v":"appName"}," अनइन्स्टॉल करायचे?"]},{"$i":"network-issue-title","$v":"नेटवर्कमध्ये त्रुटी आहे"},{"$i":"network-issue-detail","$v":"कृपया आपले कनेक्शन तपासा."},{"$i":"device-issue-title","$v":"इन्स्टॉल करण्यात त्रुटी आहे"},{"$i":"device-issue-detail","$v":"एक समस्या आली आहे."},{"$i":"install-generic-error","$v":"डाउनलोड थांबविले आहे."},{"$i":"install","$v":"Install"},{"$i":"dismiss","$v":"Dismiss"},{"$i":"new-app-recommended","$v":"New App Recommended by KaiOS Store."},{"$i":"show-rich-content","$v":"Show rich content"},{"$i":"do-not-show","$v":"Do not show"},{"$i":"free","$v":"Free"},{"$i":"data-enable-short","$v":{"$o":"WiFi & Cellular"}},{"$i":"wifi-only-short","$v":"WiFi Only"},{"$i":"open-url","$v":"Open URL"},{"$i":"version","$v":"Version"},{"$i":"uninstalled-msg-with-name","$v":[{"t":"idOrVar","v":"appName"}," uninstalled."]},{"$i":"restart-phone-msg","$v":"Please restart your phone to maximize your KaiOS experience."},{"$i":"settings-and-account","$v":{"$o":"Settings & Account"}},{"$i":"like","$v":"Like"},{"$i":"unlike","$v":"Unlike"},{"$i":"unliked-an-app-msg","$v":"You unliked this app"},{"$i":"store-update-and-launch","$v":"Store update is available. Press ok to launch Store."},{"$i":"app-push-launch-action","$v":"Go"},{"$i":"app-push-launch-content","$v":["We miss you at ",{"t":"idOrVar","v":"appName"},", Come back to visit us."]}]