[{"$i":"account","$v":"Akaun"},{"$i":"sign-in","$v":"Daftar Masuk"},{"$i":"NewAccount","$v":"Akaun Baharu"},{"$i":"options","$v":"Pilihan"},{"$i":"cancel","$v":"Batal"},{"$i":"update","$v":"Kemas kini"},{"$i":"back","$v":"Undur"},{"$i":"uninstall","$v":"Nyahpasang"},{"$i":"update-found","$v":"Kemas kinian dijumpai."},{"$i":"update-found-content","$v":"KaiOS Store akan ditutup dan dikemas kini secara automatik. Sila datang semula sebentar lagi."},{"$i":"no-internet","$v":"Tiada Internet."},{"$i":"connection-error","$v":"Ralat sambungan."},{"$i":"enable","$v":"Dayakan"},{"$i":"open-service","$v":"Buka Perkhidmatan"},{"$i":"downloading","$v":"Memuat turun"},{"$i":"loading","$v":"Memuatkan..."},{"$i":"CAT-recommended","$v":"Disyorkan"},{"$i":"CAT-all","$v":"Semua"},{"$i":"CAT-10","$v":"Permainan"},{"$i":"CAT-20","$v":"Hiburan"},{"$i":"CAT-30","$v":"Sosial"},{"$i":"CAT-40","$v":"Membeli-belah"},{"$i":"CAT-50","$v":"Berita"},{"$i":"CAT-60","$v":"Utiliti"},{"$i":"CAT-70","$v":"Gaya hidup"},{"$i":"CAT-80","$v":"Kesihatan"},{"$i":"CAT-90","$v":"Sukan"},{"$i":"CAT-100","$v":{"$o":"Buku & Rujukan"}},{"$i":"login-note","$v":"Selamat datang ke KaiOS Store. Sila daftar masuk ke akaun KaiOS untuk bermula."},{"$i":"ok","$v":"OK"},{"$i":"get","$v":"Dapatkan"},{"$i":"buy","$v":"Beli"},{"$i":"go","$v":"JALANKAN"},{"$i":"select","$v":"PILIH"},{"$i":"create","$v":"Buat"},{"$i":"skip","$v":"Langkau"},{"$i":"confirmation","$v":"Pengesahan"},{"$i":"uninstall-msg","$v":"Nyahpasang apl ini?"},{"$i":"stop","$v":"Henti"},{"$i":"store","$v":"Kedai"},{"$i":"settings","$v":"Tetapan"},{"$i":"privacy-policy","$v":"Dasar Privasi"},{"$i":"terms-and-services","$v":"Terma dan Perkhidmatan"},{"$i":"need-help","$v":"Perlukan Bantuan?"},{"$i":"auto-update","$v":"Auto Kemas Kini"},{"$i":"auto-update-off","$v":"Jangan auto kemas kini"},{"$i":"data-enable","$v":{"$o":"Melalui WiFi & Selular"}},{"$i":"all-connections","$v":"Melalui semua sambungan"},{"$i":"wlan-only","$v":"Hanya melalui WLAN"},{"$i":"wifi-only","$v":"Hanya melalui WiFi"},{"$i":"not-found-header","$v":"Apl Tidak Ditemui"},{"$i":"not-found-msg","$v":"Kami mohon maaf, Apl yang diminta tidak ditemui di dalam Gedung."},{"$i":"no-price-header","$v":"Pembelian Aplikasi Tidak Tersedia"},{"$i":"no-price-msg","$v":"Disebabkan isu kad SIM atau sambungan. Tidak dapat mendapatkan harga dari pelayan. Aplikasi yang boleh dibeli akan dinyahdayakan."},{"$i":"no-internet-with-tips","$v":"Tiada sambungan internet. Gunakan Wi-Fi atau data mudah alih untuk mengakses internet."},{"$i":"no-internet-with-tips-wlan","$v":"Tiada sambungan internet. Gunakan WLAN atau data mudah alih untuk mengakses internet."},{"$i":"no-available-app","$v":"Tidak ada aplikasi yang tersedia lagi"},{"$i":"pin","$v":"Pin"},{"$i":"open","$v":"BUKA"},{"$i":"website","$v":"Laman web"},{"$i":"unpin","$v":"Nyahpin"},{"$i":"unpin-msg","$v":"Nyahpin penanda halaman ini?"},{"$i":"pin-completely","$v":"Laman web ini telah dipin kepada Semua Aplikasi."},{"$i":"pin-bookmark-completely","$v":"Laman Web Dipin ke Semua Aplikasi"},{"$i":"unpin-bookmark-completely","$v":"Laman Web Dinyahpin dari Semua Aplikasi"},{"$i":"fota-found-content","$v":"Kemas kini KaiOS tersedia. Pasang untuk ciri baharu dan prestasi lebih baik."},{"$i":"fota-update-found","$v":"Kemas kini sistem tersedia"},{"$i":"update-available","$v":"Kemas kini tersedia"},{"$i":"app-update-found-content","$v":["Kemas kini ",{"t":"idOrVar","v":"appName"}," tersedia. Pemasangan adalah disyorkan."]},{"$i":"app-update-found-content1","$v":["Kemas kini ",{"t":"idOrVar","v":"appName"}," tersedia. Pemasangan disyorkan."]},{"$i":"unpin-msg-with-name","$v":["Nyahpin ",{"t":"idOrVar","v":"appName"}," penanda buku?"]},{"$i":"uninstall-msg-with-name","$v":["Buang pemasangan ",{"t":"idOrVar","v":"appName"},"?"]},{"$i":"network-issue-title","$v":"Ralat Rangkaian"},{"$i":"network-issue-detail","$v":"Sila semak sambungan anda."},{"$i":"device-issue-title","$v":"Ralat Pasang"},{"$i":"device-issue-detail","$v":"Satu isu telah berlaku."},{"$i":"install-generic-error","$v":"Muat turun berhenti."},{"$i":"install","$v":"Pasang"},{"$i":"dismiss","$v":"Tolak"},{"$i":"new-app-recommended","$v":"Aplikasi Baharu Disyorkan oleh KaiOS Store."},{"$i":"show-rich-content","$v":"Tunjuk kandungan kaya"},{"$i":"do-not-show","$v":"Jangan tunjuk"},{"$i":"free","$v":"Percuma"},{"$i":"data-enable-short","$v":{"$o":"WiFi & Selular"}},{"$i":"wifi-only-short","$v":"WiFi Sahaja"},{"$i":"open-url","$v":"Buka URL"},{"$i":"version","$v":"Versi"},{"$i":"uninstalled-msg-with-name","$v":[{"t":"idOrVar","v":"appName"}," telah dinyahpasang."]},{"$i":"restart-phone-msg","$v":"Sila mulakan semula telefon anda untuk memaksimumkan pengalaman KaiOS anda."},{"$i":"settings-and-account","$v":{"$o":"Tetapan & Akaun"}},{"$i":"like","$v":"Suka"},{"$i":"unlike","$v":"Tidak suka"},{"$i":"unliked-an-app-msg","$v":"Anda tidak menyukai aplikasi ini"},{"$i":"store-update-and-launch","$v":"Kemas kini gedung tersedia. Tekan ok untuk melancarkan Gedung."},{"$i":"app-push-launch-action","$v":"JALANKAN"},{"$i":"app-push-launch-content","$v":["Kami rindukan anda di ",{"t":"idOrVar","v":"appName"},", datanglah kunjungi kami."]}]