[{"$i":"account","$v":"Konto"},{"$i":"sign-in","$v":"Logg på"},{"$i":"NewAccount","$v":"Ny konto"},{"$i":"options","$v":"Alternativer"},{"$i":"cancel","$v":"Avbryt"},{"$i":"update","$v":"Oppdater"},{"$i":"back","$v":"Tilbake"},{"$i":"uninstall","$v":"Avinstaller"},{"$i":"update-found","$v":"Oppdatering funnet."},{"$i":"update-found-content","$v":"KaiOS Store lukker og oppdateres automatisk. Kom tilbake om en liten stund."},{"$i":"no-internet","$v":"Ingen Internett."},{"$i":"connection-error","$v":"Tilkoblingsfeil."},{"$i":"enable","$v":"Aktiver"},{"$i":"open-service","$v":"Åpne tjeneste"},{"$i":"downloading","$v":"Laster ned"},{"$i":"loading","$v":"Laster …"},{"$i":"CAT-recommended","$v":"Anbefalt"},{"$i":"CAT-all","$v":"Alle"},{"$i":"CAT-10","$v":"Games"},{"$i":"CAT-20","$v":"Entertainment"},{"$i":"CAT-30","$v":"Social"},{"$i":"CAT-40","$v":"Shopping"},{"$i":"CAT-50","$v":"News"},{"$i":"CAT-60","$v":"Utilities"},{"$i":"CAT-70","$v":"Lifestyle"},{"$i":"CAT-80","$v":"Helse"},{"$i":"CAT-90","$v":"Sports"},{"$i":"CAT-100","$v":{"$o":"Books & Reference"}},{"$i":"login-note","$v":"Velkommen til KaiOS Store. Logg deg på KaiOS-kontoen din for å begynne."},{"$i":"ok","$v":"OK"},{"$i":"get","$v":"Hent"},{"$i":"buy","$v":"Kjøp"},{"$i":"go","$v":"START"},{"$i":"select","$v":"VELG"},{"$i":"create","$v":"Opprett"},{"$i":"skip","$v":"Hopp over"},{"$i":"confirmation","$v":"Bekreftelse"},{"$i":"uninstall-msg","$v":"Avinstallere denne appen?"},{"$i":"stop","$v":"Stopp"},{"$i":"store","$v":"Butikk"},{"$i":"settings","$v":"Innstillinger"},{"$i":"privacy-policy","$v":"Personvernerklæring"},{"$i":"terms-and-services","$v":"Vilkår og tjenester"},{"$i":"need-help","$v":"Trenger du hjelp?"},{"$i":"auto-update","$v":"Oppdater automatisk"},{"$i":"auto-update-off","$v":"Ikke oppdater automatisk"},{"$i":"data-enable","$v":"Over Wi-Fi og mobilnett"},{"$i":"all-connections","$v":"Gjennom alle tilkoblinger"},{"$i":"wlan-only","$v":"bare gjennom WLAN"},{"$i":"wifi-only","$v":"Bare over Wi-Fi"},{"$i":"not-found-header","$v":"Fant ikke app"},{"$i":"not-found-msg","$v":"Vi beklager, den vi fant ikke den forespurte appen i Butikken."},{"$i":"no-price-header","$v":"App-kjøp utilgjengelig"},{"$i":"no-price-msg","$v":"På grunn av SIM-kort- eller tilkoblingsproblem. Kunne ikke hente prisinformasjon fra server. Apper som kan kjøpes blir deaktiverte."},{"$i":"no-internet-with-tips","$v":"Ingen Internettforbindelse. Bruk Wi-Fi eller mobildata for Internettilgang."},{"$i":"no-internet-with-tips-wlan","$v":"Ingen internettforbindelse. Bruk WLAN eller mobildata til å få tilgang til internett."},{"$i":"no-available-app","$v":"Det er ingen applikasjon tilgjengelig enda."},{"$i":"pin","$v":"Fest"},{"$i":"open","$v":"ÅPNE"},{"$i":"website","$v":"Nettsted"},{"$i":"unpin","$v":"Fjern feste"},{"$i":"unpin-msg","$v":"Fjern feste av dette bokmerket?"},{"$i":"pin-completely","$v":"Dette nettstedet er festet til alle apper."},{"$i":"pin-bookmark-completely","$v":"Nettsted festet til alle apper"},{"$i":"unpin-bookmark-completely","$v":"Feste av nettsted tatt bort fra alle apper"},{"$i":"fota-found-content","$v":"KaiOS-oppdatering tilgjengelig. Installer den for nye funksjoner og bedre ytelse."},{"$i":"fota-update-found","$v":"Systemoppdatering tilgjengelig"},{"$i":"update-available","$v":"Oppdatering tilgjengelig"},{"$i":"app-update-found-content","$v":["Oppdatering for ",{"t":"idOrVar","v":"appName"}," er tilgjengelig. Installasjon anbefales."]},{"$i":"app-update-found-content1","$v":[{"t":"idOrVar","v":"appName"},"-oppdatering er tilgjengelig. Installasjon anbefales."]},{"$i":"unpin-msg-with-name","$v":["Løsne ",{"t":"idOrVar","v":"appName"},"-bokmerke?"]},{"$i":"uninstall-msg-with-name","$v":["Avinstallere ",{"t":"idOrVar","v":"appName"},"?"]},{"$i":"network-issue-title","$v":"Nettverksfeil"},{"$i":"network-issue-detail","$v":"Kontroller forbindelsen."},{"$i":"device-issue-title","$v":"Installasjonsfeil"},{"$i":"device-issue-detail","$v":"Det oppstod et problem."},{"$i":"install-generic-error","$v":"Nedlasting stoppet."},{"$i":"install","$v":"Installer"},{"$i":"dismiss","$v":"Avvis"},{"$i":"new-app-recommended","$v":"Ny app anbefalt av KaiOS Store."},{"$i":"show-rich-content","$v":"Vis rikt innhold"},{"$i":"do-not-show","$v":"Ikke vis"},{"$i":"free","$v":"Gratis"},{"$i":"data-enable-short","$v":"Wi-Fi og mobilnett"},{"$i":"wifi-only-short","$v":"Kun Wi-Fi"},{"$i":"open-url","$v":"Åpne URL"},{"$i":"version","$v":"Versjon"},{"$i":"uninstalled-msg-with-name","$v":[{"t":"idOrVar","v":"appName"}," er avinstallert."]},{"$i":"restart-phone-msg","$v":"Start telefonen på nytt for en bedre KaiOS-opplevelse."},{"$i":"settings-and-account","$v":"Innstillinger og konto"},{"$i":"like","$v":"Lik"},{"$i":"unlike","$v":"Slutt å like"},{"$i":"unliked-an-app-msg","$v":"Du slutte å like denne appen"},{"$i":"store-update-and-launch","$v":"Det finnes en oppdatering for butikken. Klikk OK for å starte butikken."},{"$i":"app-push-launch-action","$v":"START"},{"$i":"app-push-launch-content","$v":["Vi vil savne deg på ",{"t":"idOrVar","v":"appName"},". Besøk oss igjen snart."]}]