[{"$i":"account","$v":"खाता"},{"$i":"sign-in","$v":"साइन इन गर्नुहोस्"},{"$i":"NewAccount","$v":"नयाँ खाता"},{"$i":"options","$v":"विकल्पहरू"},{"$i":"cancel","$v":"रद्द गर्नुहोस्"},{"$i":"update","$v":"अपडेट गर्नुहोस्"},{"$i":"back","$v":"पछाडि"},{"$i":"uninstall","$v":"अस्थापना गर्नुहोस्"},{"$i":"update-found","$v":"अद्यावधिक फेला पर्‍यो।"},{"$i":"update-found-content","$v":"KaiOS पसल बन्द हुनेछ र स्वत: अद्यावधिक हुनेछ। कृपया केही छणमा आउनुहोस्।"},{"$i":"no-internet","$v":"इन्टरनेट छैन।"},{"$i":"connection-error","$v":"जडान त्रुटि।"},{"$i":"enable","$v":"सक्रिय गर्नुहोस्"},{"$i":"open-service","$v":"खुला सेवा"},{"$i":"downloading","$v":"डाउनलोड हुँदै"},{"$i":"loading","$v":"लोड हुँदै…"},{"$i":"CAT-recommended","$v":"सिफारिस गरिएको"},{"$i":"CAT-all","$v":"सबै"},{"$i":"CAT-10","$v":"खेलहरू"},{"$i":"CAT-20","$v":"मनोरञ्जन"},{"$i":"CAT-30","$v":"सामाजिक"},{"$i":"CAT-40","$v":"किनमेल"},{"$i":"CAT-50","$v":"समाचार"},{"$i":"CAT-60","$v":"उपयोगिताहरू"},{"$i":"CAT-70","$v":"जीवनशैली"},{"$i":"CAT-80","$v":"स्वास्थ्य"},{"$i":"CAT-90","$v":"खेलकुदहरू"},{"$i":"CAT-100","$v":"पुस्तक र सन्दर्भ"},{"$i":"login-note","$v":"KaiOS पसलमा स्वागत छ। सुरु गर्नका लागि कृपया KaiOS खातामा साइन इन गर्नुहोस्।"},{"$i":"ok","$v":"ठीक छ"},{"$i":"get","$v":"प्राप्त गर्नुहोस्"},{"$i":"buy","$v":"खरीद गर्नुहोस्"},{"$i":"go","$v":"जानुहोस्"},{"$i":"select","$v":"चयन गर्नुहोस्"},{"$i":"create","$v":"सिर्जना गर्नुहोस्"},{"$i":"skip","$v":"छोड्नुहोस्"},{"$i":"confirmation","$v":"पुष्टिकरण"},{"$i":"uninstall-msg","$v":"यो एपलाई विस्थापित गर्ने?"},{"$i":"stop","$v":"रोक्नुहोस्"},{"$i":"store","$v":"पसल"},{"$i":"settings","$v":"सेटिङ्हरू"},{"$i":"privacy-policy","$v":"गोपनीयता नीति"},{"$i":"terms-and-services","$v":"सर्त तथा सेवाहरू"},{"$i":"need-help","$v":"मद्दत चाहिन्छ?"},{"$i":"auto-update","$v":"स्वत: अद्यावधिक"},{"$i":"auto-update-off","$v":"स्वत: अद्यावधिक नगर्नुहोस्"},{"$i":"data-enable","$v":"वाइ-फाइ र सेलुलरबाट"},{"$i":"all-connections","$v":"सबै जडानहरू मार्फत"},{"$i":"wlan-only","$v":"WLAN मार्फत मात्र"},{"$i":"wifi-only","$v":"मात्र वाइ-फाइ बाट"},{"$i":"not-found-header","$v":"एप फेला परेन"},{"$i":"not-found-msg","$v":"हामी माफी माग्छौं, अनुरोध गरिएको एप भण्डारमा फेला परेन।"},{"$i":"no-price-header","$v":"सिम कार्ड वा जडान समस्याको"},{"$i":"no-price-msg","$v":"कारण एप खरीद अनुपलब्ध छ। सर्भरबाट मूल्य जानकारी पुनः प्राप्ति गर्न असक्षम। खरीदयोग्य एपहरू असक्षम गरिनेछन्।"},{"$i":"no-internet-with-tips","$v":"इन्टरनेट जडान छैन। इन्टरनेट पहुँच गर्न वाइ-फाइ वा मोबाइल डेटा प्रयोग गर्नुहोस्।"},{"$i":"no-internet-with-tips-wlan","$v":"कुनै इन्टरनेट जडान छैन। इन्टरनेट पहुँच गर्न WLAN वा मोबाइल डाटाको प्रयोग गर्नुहोस्।"},{"$i":"no-available-app","$v":"त्यहाँ अझैसम्म कुनै एप्लिकेसन उपलब्ध छैन।"},{"$i":"pin","$v":"पिन"},{"$i":"open","$v":"खोल्नुहोस्"},{"$i":"website","$v":"वेबसाइट"},{"$i":"unpin","$v":"अनपिन गर्नुहोस्"},{"$i":"unpin-msg","$v":"यो बुकमार्कलाई अनपिन गर्ने हो ?"},{"$i":"pin-completely","$v":"यो वेब साइट सम्पूर्ण एपहरूमा पिन गरिएको छ ।"},{"$i":"pin-bookmark-completely","$v":"सबै एपहरूमा पिन गरिएको वेबसाइट"},{"$i":"unpin-bookmark-completely","$v":"सबै एपहरूबाट अनपिन गरिएको वेबसाइट"},{"$i":"fota-found-content","$v":"काई.ओ.एस अद्यावधिक उपलब्ध छ । नयाँ सुविधाहरू र अझ राम्रो कार्यसम्पादनका लागि स्थापना गर्नुहोस् ।"},{"$i":"fota-update-found","$v":"प्रणाली अद्यावधिक उपलब्ध छ"},{"$i":"update-available","$v":"अद्यावधिक उपलब्ध छ"},{"$i":"app-update-found-content","$v":[{"t":"idOrVar","v":"appName"}," अद्यावधिक उपलब्ध छ । स्थापन सिफारिस गरिन्छ । (स्थापन - स्थापना)"]},{"$i":"app-update-found-content1","$v":[{"t":"idOrVar","v":"appName"}," को अद्यावधिक उपलब्ध छ। स्थापना सिफारिस गरिएको छ।"]},{"$i":"unpin-msg-with-name","$v":[{"t":"idOrVar","v":"appName"}," अनपिन गर्नुहोस् बुकमार्क गर्ने?"]},{"$i":"uninstall-msg-with-name","$v":[{"t":"idOrVar","v":"appName"}," विस्थापित गर्ने हो?"]},{"$i":"network-issue-title","$v":"सञ्जाल त्रुटि"},{"$i":"network-issue-detail","$v":"कृपया आफ्नो इन्टरनेट जडानको जाँच गर्नुहोस्।"},{"$i":"device-issue-title","$v":"स्थापना त्रुटि"},{"$i":"device-issue-detail","$v":"समस्या भयो।"},{"$i":"install-generic-error","$v":"डाउनलोड रोकियो।"},{"$i":"install","$v":"स्थापना गर्नुहोस्"},{"$i":"dismiss","$v":"रद्द गर्नुहोस्"},{"$i":"new-app-recommended","$v":"काइ ओ.एस स्टोरद्वारा सिफारिस गरिएको नयाँ एप।"},{"$i":"show-rich-content","$v":"प्रचुर सामग्री देखाउनुहोस्"},{"$i":"do-not-show","$v":"नदेखाउनुहोस्"},{"$i":"free","$v":"नि: शुल्क"},{"$i":"data-enable-short","$v":"वाइ-फाइ र सेलुलर"},{"$i":"wifi-only-short","$v":"मात्र वाइ-फाइ"},{"$i":"open-url","$v":"युआरएल खोल्नुहोस्"},{"$i":"version","$v":"संस्करण"},{"$i":"uninstalled-msg-with-name","$v":[{"t":"idOrVar","v":"appName"}," को स्थापना रद्द गरियो।"]},{"$i":"restart-phone-msg","$v":"तपाईँको काईओइस अनुभवलाई अधिकतम बनाउन कृपया आफ्नो फोन फेरि सुरु गर्नुहोस्।"},{"$i":"settings-and-account","$v":"सेटिङहरू र खाता"},{"$i":"like","$v":"लाइक गर्नुहोस्"},{"$i":"unlike","$v":"मन पराएको हटाउनुहोस्"},{"$i":"unliked-an-app-msg","$v":"तपाईँले यो एपलाई मनपराएको हटाउनुभयो"},{"$i":"store-update-and-launch","$v":"स्टोरको अद्यावधिक उपलब्ध छ। कृपया स्टोर लन्च गर्न ठीक छ थिच्नुहोस्।"},{"$i":"app-push-launch-action","$v":"जानुहोस्"},{"$i":"app-push-launch-content","$v":["हामी तपाईँलाई ",{"t":"idOrVar","v":"appName"}," मा प्रतीक्षा गर्दैछौँ, हामीलाई फेरि भ्रमण गर्नुहोस्।"]}]