[{"$i":"account","$v":"Account"},{"$i":"sign-in","$v":"Aanmelden"},{"$i":"NewAccount","$v":"Nieuw account"},{"$i":"options","$v":"Opties"},{"$i":"cancel","$v":"Annuleren"},{"$i":"update","$v":"Bijwerken"},{"$i":"back","$v":"Terug"},{"$i":"uninstall","$v":"Installatie ongedaan maken"},{"$i":"update-found","$v":"Update gevonden."},{"$i":"update-found-content","$v":"KaiOS Store wordt automatisch gesloten en bijgewerkt. Kom over enige tijd terug."},{"$i":"no-internet","$v":"Geen internet."},{"$i":"connection-error","$v":"Verbindingsfout."},{"$i":"enable","$v":"Inschakelen"},{"$i":"open-service","$v":"Service openen"},{"$i":"downloading","$v":"Downloaden"},{"$i":"loading","$v":"Laden..."},{"$i":"CAT-recommended","$v":"Aanbevolen"},{"$i":"CAT-all","$v":"Alle"},{"$i":"CAT-10","$v":"Games"},{"$i":"CAT-20","$v":"Entertainment"},{"$i":"CAT-30","$v":"Sociaal"},{"$i":"CAT-40","$v":"Winkelen"},{"$i":"CAT-50","$v":"Nieuws"},{"$i":"CAT-60","$v":"Voorzieningen"},{"$i":"CAT-70","$v":"Lifestyle"},{"$i":"CAT-80","$v":"Gezondheid"},{"$i":"CAT-90","$v":"Sport"},{"$i":"CAT-100","$v":"Boeken en referentie"},{"$i":"login-note","$v":"Welkom bij de KaiOS Store. Meld u aan bij een KaiOS-account om te beginnen."},{"$i":"ok","$v":"OK"},{"$i":"get","$v":"Downloaden"},{"$i":"buy","$v":"Kopen"},{"$i":"go","$v":"GA"},{"$i":"select","$v":"SELECTEREN"},{"$i":"create","$v":"Maken"},{"$i":"skip","$v":"Overslaan"},{"$i":"confirmation","$v":"Bevestiging"},{"$i":"uninstall-msg","$v":"Deze app verwijderen?"},{"$i":"stop","$v":"Stoppen"},{"$i":"store","$v":"Store"},{"$i":"settings","$v":"Instellingen"},{"$i":"privacy-policy","$v":"Privacybeleid"},{"$i":"terms-and-services","$v":"Servicevoorwaarden"},{"$i":"need-help","$v":"Hulp nodig?"},{"$i":"auto-update","$v":"Automatisch bijwerken"},{"$i":"auto-update-off","$v":"Niet automatisch bijwerken"},{"$i":"data-enable","$v":"Via Wi-Fi en mobiel"},{"$i":"all-connections","$v":"Via alle verbindingen"},{"$i":"wlan-only","$v":"Alleen via WLAN"},{"$i":"wifi-only","$v":"Alleen via Wi-Fi"},{"$i":"not-found-header","$v":"App niet gevonden"},{"$i":"not-found-msg","$v":"De aangevraagde app is niet gevonden in de Store."},{"$i":"no-price-header","$v":"App kopen niet beschikbaar"},{"$i":"no-price-msg","$v":"Vanwege probleem met SIM-kaart of de verbinding. Kan de prijsgegevens niet ophalen van de server. Apps die kunnen worden gekocht, wordt uitgeschakeld."},{"$i":"no-internet-with-tips","$v":"Geen internetverbinding. Gebruik Wi-Fi of mobiele data voor toegang tot internet."},{"$i":"no-internet-with-tips-wlan","$v":"Geen internetverbinding. Gebruik WLAN of mobiele data voor toegang tot internet."},{"$i":"no-available-app","$v":"Er is nog geen toepassing beschikbaar."},{"$i":"pin","$v":"Vastmaken"},{"$i":"open","$v":"OPENEN"},{"$i":"website","$v":"Website"},{"$i":"unpin","$v":"Losmaken"},{"$i":"unpin-msg","$v":"Deze bladwijzer losmaken?"},{"$i":"pin-completely","$v":"Deze website is vastgemaakt aan Alle apps."},{"$i":"pin-bookmark-completely","$v":"Website vastgemaakt aan Alle apps"},{"$i":"unpin-bookmark-completely","$v":"Website losgemaakt van Alle apps"},{"$i":"fota-found-content","$v":"Er is een update van KaiOS beschikbaar. Installeer de update voor nieuwe functies en betere prestaties."},{"$i":"fota-update-found","$v":"Er is een systeemupdate beschikbaar"},{"$i":"update-available","$v":"Update beschikbaar"},{"$i":"app-update-found-content","$v":["Er is een update van ",{"t":"idOrVar","v":"appName"}," beschikbaar. Installatie wordt aanbevolen."]},{"$i":"app-update-found-content1","$v":["Er is een update voor ",{"t":"idOrVar","v":"appName"}," beschikbaar. Installatie wordt aanbevolen."]},{"$i":"unpin-msg-with-name","$v":["Bladwijzer voor ",{"t":"idOrVar","v":"appName"}," losmaken?"]},{"$i":"uninstall-msg-with-name","$v":[{"t":"idOrVar","v":"appName"}," verwijderen?"]},{"$i":"network-issue-title","$v":"Netwerkfout"},{"$i":"network-issue-detail","$v":"Controleer uw verbinding."},{"$i":"device-issue-title","$v":"Installatiefout"},{"$i":"device-issue-detail","$v":"Er is een fout opgetreden."},{"$i":"install-generic-error","$v":"Downloaden gestopt."},{"$i":"install","$v":"Installeren"},{"$i":"dismiss","$v":"Weigeren"},{"$i":"new-app-recommended","$v":"Nieuwe app aanbevolen door KaiOS Store."},{"$i":"show-rich-content","$v":"Inhoud met opmaak weergeven"},{"$i":"do-not-show","$v":"Niet weergeven"},{"$i":"free","$v":"Gratis"},{"$i":"data-enable-short","$v":{"$o":"Wi-Fi & mobiel"}},{"$i":"wifi-only-short","$v":"Alleen Wi-Fi"},{"$i":"open-url","$v":"URL openen"},{"$i":"version","$v":"Versie"},{"$i":"uninstalled-msg-with-name","$v":[{"t":"idOrVar","v":"appName"}," verwijderd"]},{"$i":"restart-phone-msg","$v":"Start uw telefoon nogmaals om uw KaiOS-ervaring te maximaliseren."},{"$i":"settings-and-account","$v":"Instellingen en account"},{"$i":"like","$v":"Leuk"},{"$i":"unlike","$v":"Niet leuk"},{"$i":"unliked-an-app-msg","$v":"U hebt deze app als niet leuk gemarkeerd"},{"$i":"store-update-and-launch","$v":"Er is een Store-update beschikbaar Druk op OK om de Store te starten."},{"$i":"app-push-launch-action","$v":"GA"},{"$i":"app-push-launch-content","$v":["We missen u bij ",{"t":"idOrVar","v":"appName"},", kom terug voor een bezoek."]}]