[{"$i":"account","$v":"Account"},{"$i":"sign-in","$v":"ସାଇନ୍‌ ଇନ୍‌ କରନ୍ତୁ"},{"$i":"NewAccount","$v":"ନୂତନ ଆକାଉଣ୍ଟ"},{"$i":"options","$v":"ବିକଳ୍ପଗୁଡିକ"},{"$i":"cancel","$v":"ବାତିଲ କରନ୍ତୁ"},{"$i":"update","$v":"ଅପ୍‌ଡେଟ୍ କରନ୍ତୁ"},{"$i":"back","$v":"ପଛକୁ ଫେରନ୍ତୁ"},{"$i":"uninstall","$v":"ଅଣସଂସ୍ଥାପନ କରନ୍ତୁ"},{"$i":"update-found","$v":"ଅପ୍‌ଡେଟ୍ ମିଳିଲା |"},{"$i":"update-found-content","$v":"କାଇ.ଓ.ଏସ୍ ଷ୍ଟୋର୍ ବନ୍ଦ ହେବ ଏବଂ ସ୍ଵୟଂକ୍ରିୟଭାବେ ଅପଡେଟ୍ ହେବ। ଦୟାକରି କିଛି ମୁହୁର୍ତ୍ତରେ ଫେରନ୍ତୁ।"},{"$i":"no-internet","$v":"କୌଣସି ଇଣ୍ଟର୍‌ନେଟ୍ ନାହିଁ |"},{"$i":"connection-error","$v":"ସଂଯୋଜନ ତ୍ରୁଟି।"},{"$i":"enable","$v":"ସକ୍ଷମ କରନ୍ତୁ"},{"$i":"open-service","$v":"ସେବା ଖୋଲନ୍ତୁ"},{"$i":"downloading","$v":"ଡାଉନ୍‌ଲୋଡ୍ ହେଉଛି"},{"$i":"loading","$v":"ଲୋଡ୍‌ ହେଉଛି..."},{"$i":"CAT-recommended","$v":"Recommended"},{"$i":"CAT-all","$v":"ସମସ୍ତ"},{"$i":"CAT-10","$v":"ଖେଳ"},{"$i":"CAT-20","$v":"ମନୋରଞ୍ଜନ"},{"$i":"CAT-30","$v":"ସୋସିଆଲ୍"},{"$i":"CAT-40","$v":"ସପିଂ"},{"$i":"CAT-50","$v":"ଖବର"},{"$i":"CAT-60","$v":"ଉପଯୋଗିତା"},{"$i":"CAT-70","$v":"ଜୀବନଶୈଳୀ"},{"$i":"CAT-80","$v":"ସ୍ଵାସ୍ଥ୍ୟ"},{"$i":"CAT-90","$v":"ଖେଳ"},{"$i":"CAT-100","$v":"ବୁକ୍ ଏବଂ ପ୍ରସଙ୍ଗ"},{"$i":"login-note","$v":"କାଇ.ଓ.ଏସ୍ ଷ୍ଟୋରକୁ ସ୍ୱାଗତ। ଦୟାକରି ଆରମ୍ଭ କରିବାକୁ କାଇ.ଓ.ଏସ୍ ଆକାଉଣ୍ଟରେ ସାଇନ୍ ଇନ୍ କରନ୍ତୁ।"},{"$i":"ok","$v":"ଠିକ୍ ଅଛି"},{"$i":"get","$v":"ପ୍ରାପ୍ତ କରନ୍ତୁ"},{"$i":"buy","$v":"Buy"},{"$i":"go","$v":"ଯାଆନ୍ତୁ"},{"$i":"select","$v":"ଚୟନ କରନ୍ତୁ"},{"$i":"create","$v":"ସୃଷ୍ଟି କରନ୍ତୁ"},{"$i":"skip","$v":"ସ୍କିପ୍ କରନ୍ତୁ"},{"$i":"confirmation","$v":"ନିଶ୍ଚିତକରଣ"},{"$i":"uninstall-msg","$v":"ଏହି ଆପ୍ ଅଣସଂସ୍ଥାପନ କରିବେ?"},{"$i":"stop","$v":"ବନ୍ଦ କରନ୍ତୁ"},{"$i":"store","$v":"ଷ୍ଟୋର୍"},{"$i":"settings","$v":"ସେଟିଂସ୍"},{"$i":"privacy-policy","$v":"Privacy Policy"},{"$i":"terms-and-services","$v":"Terms and Services"},{"$i":"need-help","$v":"Need Help?"},{"$i":"auto-update","$v":"ସ୍ୱତଃ ଅପଡେଟ୍"},{"$i":"auto-update-off","$v":"ସ୍ୱତଃ ଅପଡେଟ୍ କରନ୍ତୁ ନାହିଁ"},{"$i":"data-enable","$v":"ୱାଇ-ଫାଇ ସେଲ୍ୟୁଲାର୍ ମାଧ୍ୟମରେ"},{"$i":"all-connections","$v":"Through all connections"},{"$i":"wlan-only","$v":"Only through WLAN"},{"$i":"wifi-only","$v":"କେବଳ ୱାଇ-ଫାଇ ମାଧ୍ୟମରେ"},{"$i":"not-found-header","$v":"ଆପ୍ ମିଳିଲା ନାହିଁ"},{"$i":"not-found-msg","$v":"ଆମେ ଦୁଃଖିତ, ଷ୍ଟୋରରେ ଅନୁରୋଧ ହୋଇଥିବା ଆପ୍ ମିଳିଲା ନାହିଁ।"},{"$i":"no-price-header","$v":"App Purchase Unavailable"},{"$i":"no-price-msg","$v":"Due to SIM card or connection issue. Unable to retrieve price info from server. Purchasable apps will be disabled."},{"$i":"no-internet-with-tips","$v":"କୌଣସି ଇଣ୍ଟର୍‌‌ନେଟ୍ ସଂଯୋଜନା ନାହିଁ। ଇଣ୍ଟର୍‌‌ନେଟ୍‌‌କୁ ଆକସେସ୍ କରିବାକୁ ୱାଇ-ଫାଇ କିମ୍ୱା ମୋବାଇଲ୍ ଡାଟା ବ୍ୟବହାର କରନ୍ତୁ।"},{"$i":"no-internet-with-tips-wlan","$v":"No internet connection. Use WLAN or mobile data to access the internet."},{"$i":"no-available-app","$v":"There is no application available yet."},{"$i":"pin","$v":"ପିନ୍"},{"$i":"open","$v":"ଖୋଲନ୍ତୁ"},{"$i":"website","$v":"ଓୌବସାଇଟ୍"},{"$i":"unpin","$v":"ଅନ୍‌ପିନ୍"},{"$i":"unpin-msg","$v":"ଏହି ବୁକମାର୍କକୁ ଅନ୍‌ପିନ୍ କରନ୍ତୁ ?"},{"$i":"pin-completely","$v":"ଏହି ଓୌବସାଇଟ୍ ସମସ୍ତ ଆପ୍ ସହ ପିନ୍ କରାଯାଇଛି"},{"$i":"pin-bookmark-completely","$v":"Website Pinned to All Apps"},{"$i":"unpin-bookmark-completely","$v":"Website Unpinned from All Apps"},{"$i":"fota-found-content","$v":"କାଈ.ଓୗ.ଏସର ଅପଡେଟ ଉପଲବ୍ଧ | ନୁତନ ସୁବିଧା ଏବଂ ଭଲ ପ୍ରଦର୍ଶନ ପାଇଁ ଇନସ୍ଟଲ କରନ୍ତୁ |"},{"$i":"fota-update-found","$v":"ସିସ୍ଟମ ଅପଡେଟ ଉପଲବ୍ଧ"},{"$i":"update-available","$v":"ଅପ୍‌ଡେଟ୍‌ ଉପଲବ୍ଧ"},{"$i":"app-update-found-content","$v":[{"t":"idOrVar","v":"appName"},"ର ଅପଡେଟ୍ ଉପଲବ୍ଧଅଛି | ଇନସ୍ଟଲେସନ୍ କରିବା ପାଈଁ ଅନୁଗ୍ରହ କରାଯାଉଛି | (ଇନସ୍ଟଲମେଣ୍ଟ - ଇନସ୍ଟଲେସନ୍)"]},{"$i":"app-update-found-content1","$v":[{"t":"idOrVar","v":"appName"}," update is available. Installation is recommended."]},{"$i":"unpin-msg-with-name","$v":[{"t":"idOrVar","v":"appName"}," ବୁକ୍‌‌ମାର୍କ ଅନ୍‌‌ପିନ୍ କରିବେ କି?"]},{"$i":"uninstall-msg-with-name","$v":[{"t":"idOrVar","v":"appName"}," ଅଣସଂସ୍ଥାପନ କରିବେ କି?"]},{"$i":"network-issue-title","$v":"ନେଟ୍‌‌ୱର୍କ ତ୍ରୁଟି"},{"$i":"network-issue-detail","$v":"ଦୟାକରି ଆପଣଙ୍କର ସଂଯୋଜନା ଯାଞ୍ଚ କରନ୍ତୁ ।"},{"$i":"device-issue-title","$v":"ସଂସ୍ଥାପନ ତ୍ରୁଟି"},{"$i":"device-issue-detail","$v":"ଏକ ସମସ୍ୟା ସୃଷ୍ଟି ହୋଇଛି ।"},{"$i":"install-generic-error","$v":"ଡାଉନ୍‌‌ଲୋଡ୍ ବନ୍ଦ ହୋଇଛି ।"},{"$i":"install","$v":"Install"},{"$i":"dismiss","$v":"Dismiss"},{"$i":"new-app-recommended","$v":"New App Recommended by KaiOS Store."},{"$i":"show-rich-content","$v":"Show rich content"},{"$i":"do-not-show","$v":"Do not show"},{"$i":"free","$v":"Free"},{"$i":"data-enable-short","$v":{"$o":"WiFi & Cellular"}},{"$i":"wifi-only-short","$v":"WiFi Only"},{"$i":"open-url","$v":"Open URL"},{"$i":"version","$v":"Version"},{"$i":"uninstalled-msg-with-name","$v":[{"t":"idOrVar","v":"appName"}," uninstalled."]},{"$i":"restart-phone-msg","$v":"Please restart your phone to maximize your KaiOS experience."},{"$i":"settings-and-account","$v":{"$o":"Settings & Account"}},{"$i":"like","$v":"Like"},{"$i":"unlike","$v":"Unlike"},{"$i":"unliked-an-app-msg","$v":"You unliked this app"},{"$i":"store-update-and-launch","$v":"Store update is available. Press ok to launch Store."},{"$i":"app-push-launch-action","$v":"Go"},{"$i":"app-push-launch-content","$v":["We miss you at ",{"t":"idOrVar","v":"appName"},", Come back to visit us."]}]