[{"$i":"account","$v":"Account"},{"$i":"sign-in","$v":"ਸਾਈਨ ਇਨ ਕਰੋ"},{"$i":"NewAccount","$v":"ਨਵਾਂ ਅਕਾਊਂਟ"},{"$i":"options","$v":"ਵਿਕਲਪ"},{"$i":"cancel","$v":"ਰੱਦ ਕਰੋ"},{"$i":"update","$v":"ਅਪਡੇਟਕਰੋ"},{"$i":"back","$v":"ਵਾਪਿਸ ਜਾਓ"},{"$i":"uninstall","$v":"ਅਨਇੰਸਟਾਲ"},{"$i":"update-found","$v":"ਅਪਡੇਟ ਮਿਲਿਆ।"},{"$i":"update-found-content","$v":"ਕਾਈ.ਓ.ਐਸ ਸਟੋਰ ਬੰਦ ਹੋ ਜਾਵੇਗਾ ਅਤੇ ਆਪਣੇ ਆਪ ਅਪਡੇਟ ਹੋ ਜਾਵੇਗਾ। ਕਿਰਪਾ ਕਰਕੇ ਕੁਝ ਪਲਾਂ ਵਿੱਚ ਵਾਪਸ ਆਓ।"},{"$i":"no-internet","$v":"ਇੰਟਰਨੈੱਟ ਨਹੀਂ ਹੈ।"},{"$i":"connection-error","$v":"ਕਨੈਕਸ਼ਨ ਤਰੁਟੀ ।"},{"$i":"enable","$v":"ਕਾਰਜਸ਼ੀਲ ਕਰੋ"},{"$i":"open-service","$v":"ਓਪਨ ਸਰਵਿਸ"},{"$i":"downloading","$v":"ਡਾਉਨਲੋਡ ਹੋ ਰਿਹਾ ਹੈ"},{"$i":"loading","$v":"ਲੋਡ ਕੀਤਾ ਜਾ ਰਿਹਾ ਹੈ..."},{"$i":"CAT-recommended","$v":"Recommended"},{"$i":"CAT-all","$v":"ਸਾਰੇ"},{"$i":"CAT-10","$v":"ਗੇਮਸ"},{"$i":"CAT-20","$v":"ਮਨੋਰੰਜਨ"},{"$i":"CAT-30","$v":"ਸੋਸ਼ਲ"},{"$i":"CAT-40","$v":"ਸ਼ਾਪਿੰਗ"},{"$i":"CAT-50","$v":"ਸਮਾਚਾਰ"},{"$i":"CAT-60","$v":"ਉਪਯੋਗਤਾਵਾਂ"},{"$i":"CAT-70","$v":"ਜੀਵਨਸ਼ੈਲੀ"},{"$i":"CAT-80","$v":"ਸਿਹਤ"},{"$i":"CAT-90","$v":"ਖੇਡਾਂ"},{"$i":"CAT-100","$v":"ਕਿਤਾਬਾਂ ਅਤੇ ਸੰਦਰਭ"},{"$i":"login-note","$v":"ਕਾਈ.ਓ.ਐਸ ਸਟੋਰ ਵਿੱਚ ਸਵਾਗਤ ਹੈ। ਕਿਰਪਾ ਕਰਕੇ ਸ਼ੁਰੂ ਕਰਨ ਲਈ ਕਾਈ.ਓ.ਐਸ ਅਕਾਊਂਟ ਵਿੱਚ ਸਾਈਨ ਇਨ ਕਰੋ।"},{"$i":"ok","$v":"ਠੀਕ ਹੈ"},{"$i":"get","$v":"ਪ੍ਰਾਪਤ ਕਰੋ"},{"$i":"buy","$v":"Buy"},{"$i":"go","$v":"ਜਾਓ"},{"$i":"select","$v":"ਚੁਣੋ"},{"$i":"create","$v":"ਬਣਾਓ"},{"$i":"skip","$v":"ਸਕਿਪ ਕਰੋ"},{"$i":"confirmation","$v":"ਪੁਸ਼ਟੀਕਰਨ"},{"$i":"uninstall-msg","$v":"ਕੀ ਇਸ ਐਪ ਨੂੰ ਅਣ-ਇੰਸਟਾਲ ਕਰਨਾ ਹੈ?"},{"$i":"stop","$v":"ਰੋਕੋ"},{"$i":"store","$v":"ਸਟੋਰ"},{"$i":"settings","$v":"ਸੈਟਿੰਗਸ"},{"$i":"privacy-policy","$v":"Privacy Policy"},{"$i":"terms-and-services","$v":"Terms and Services"},{"$i":"need-help","$v":"Need Help?"},{"$i":"auto-update","$v":"ਔਟੋ ਅਪਡੇਟ"},{"$i":"auto-update-off","$v":"ਔਟੋ ਅਪਡੇਟ ਨਾ ਕਰੋ"},{"$i":"data-enable","$v":"ਵਾਈ-ਫਾਈ ਅਤੇ ਸੈਲੂਲਰ ਰਾਹੀਂ"},{"$i":"all-connections","$v":"Through all connections"},{"$i":"wlan-only","$v":"Only through WLAN"},{"$i":"wifi-only","$v":"ਸਿਰਫ਼ ਵਾਈ-ਫਾਈ ਰਾਹੀਂ"},{"$i":"not-found-header","$v":"ਐਪ ਨਹੀਂ ਮਿਲੀ"},{"$i":"not-found-msg","$v":"ਅਸੀਂ ਮਾਫ਼ੀ ਚਾਹੁੰਦੇ ਹਾਂ ਕਿ ਬੇਨਤੀ ਕੀਤੀ ਐਪ ਸਟੋਰ ਵਿੱਚ ਨਹੀਂ ਮਿਲੀ।"},{"$i":"no-price-header","$v":"App Purchase Unavailable"},{"$i":"no-price-msg","$v":"Due to SIM card or connection issue. Unable to retrieve price info from server. Purchasable apps will be disabled."},{"$i":"no-internet-with-tips","$v":"ਕੋਈ ਇੰਟਰਨੈੱਟ ਕਨੈਕਸ਼ਨ ਨਹੀਂ ਹੈ। ਇੰਟਰਨੈੱਟ ਐਕਸੈਸ ਕਰਨ ਲਈ ਵਾਈ-ਫਾਈ ਜਾਂ ਮੋਬਾਇਲ ਡੇਟਾ ਦੀ ਵਰਤੋਂ ਕਰੋ।"},{"$i":"no-internet-with-tips-wlan","$v":"No internet connection. Use WLAN or mobile data to access the internet."},{"$i":"no-available-app","$v":"There is no application available yet."},{"$i":"pin","$v":"ਪਿਨ"},{"$i":"open","$v":"ਖੋਲ੍ਹੋ"},{"$i":"website","$v":"ਵੈੱਬਸਾਈਟ"},{"$i":"unpin","$v":"ਅਨਪਿਨ ਕਰੋ "},{"$i":"unpin-msg","$v":"ਕੀ ਇਸ ਬੁੱਕਮਾਰਕ ਨੂੰ ਅਨਪਿਨ ਕਰਨਾ ਹੈ  ?"},{"$i":"pin-completely","$v":"ਇਹ ਵੈਬਸਾਈਟ ਸਾਰੇ ਐਪਸ 'ਤੇ ਪਿੰਨ ਕੀਤੀ ਗਈ ਹੈ। "},{"$i":"pin-bookmark-completely","$v":"Website Pinned to All Apps"},{"$i":"unpin-bookmark-completely","$v":"Website Unpinned from All Apps"},{"$i":"fota-found-content","$v":"ਕਾਈ.ਓ.ਐਸ ਦਾ ਅਪਡੇਟ ਉਪਲਬਧ ਹੈ। ਨਵੀਆਂ ਵਿਸ਼ੇਸ਼ਤਾਵਾਂ ਅਤੇ ਬਿਹਤਰ ਪ੍ਰਦਰਸ਼ਨ ਲਈ ਇੰਸਟਾਲ ਕਰੋ। "},{"$i":"fota-update-found","$v":"ਸਿਸਟਮ ਦਾ ਅਪਡੇਟ ਉਪਲਬਧ ਹੈ "},{"$i":"update-available","$v":"ਅਪਡੇਟ ਉਪਲਬਧ ਹੈ "},{"$i":"app-update-found-content","$v":[{"t":"idOrVar","v":"appName"}," ਦਾ ਅਪਡੇਟ ਉਪਲਬਧ ਹੈ। ਇੰਸਟਾਲ ਕਰਨ ਦੀ ਸਲਾਹ ਦਿੱਤੀ ਜਾਂਦੀ ਹੈ। (ਇੰਸਟਾਲਮੈਂਟ - ਇੰਸਟਾਲੇਸ਼ਨ)"]},{"$i":"app-update-found-content1","$v":[{"t":"idOrVar","v":"appName"}," update is available. Installation is recommended."]},{"$i":"unpin-msg-with-name","$v":[{"t":"idOrVar","v":"appName"},"ਬੁੱਕਮਾਰਕ ਨੂੰ ਅਨਪਿਨ ਕਰਨਾ ਚਾਹੁੰਦੇ ਹੋ?"]},{"$i":"uninstall-msg-with-name","$v":[{"t":"idOrVar","v":"appName"},"ਅਨਇੰਸਟਾਲ ਕਰਨਾ ਚਾਹੁੰਦੇ ਹੋ?"]},{"$i":"network-issue-title","$v":"ਨੈਟਵਰਕ ਵਿੱਚ ਤਰੁੱਟੀ "},{"$i":"network-issue-detail","$v":"ਕਿਰਪਾ ਕਰਕੇ ਆਪਣਾ ਕਨੈਕਸ਼ਨ ਜਾਂਚੋ। "},{"$i":"device-issue-title","$v":"ਇੰਸਟਾਲ ਵਿੱਚ ਤਰੁੱਟੀ "},{"$i":"device-issue-detail","$v":"ਇੱਕ ਸਮੱਸਿਆ ਹੋਈ ਹੈ। "},{"$i":"install-generic-error","$v":"ਡਾਊਨਲੋਡ ਰੁਕ ਗਿਆ ਹੈ।  "},{"$i":"install","$v":"Install"},{"$i":"dismiss","$v":"Dismiss"},{"$i":"new-app-recommended","$v":"New App Recommended by KaiOS Store."},{"$i":"show-rich-content","$v":"Show rich content"},{"$i":"do-not-show","$v":"Do not show"},{"$i":"free","$v":"Free"},{"$i":"data-enable-short","$v":{"$o":"WiFi & Cellular"}},{"$i":"wifi-only-short","$v":"WiFi Only"},{"$i":"open-url","$v":"Open URL"},{"$i":"version","$v":"Version"},{"$i":"uninstalled-msg-with-name","$v":[{"t":"idOrVar","v":"appName"}," uninstalled."]},{"$i":"restart-phone-msg","$v":"Please restart your phone to maximize your KaiOS experience."},{"$i":"settings-and-account","$v":{"$o":"Settings & Account"}},{"$i":"like","$v":"Like"},{"$i":"unlike","$v":"Unlike"},{"$i":"unliked-an-app-msg","$v":"You unliked this app"},{"$i":"store-update-and-launch","$v":"Store update is available. Press ok to launch Store."},{"$i":"app-push-launch-action","$v":"Go"},{"$i":"app-push-launch-content","$v":["We miss you at ",{"t":"idOrVar","v":"appName"},", Come back to visit us."]}]