[{"$i":"account","$v":"Konto"},{"$i":"sign-in","$v":"Zaloguj się"},{"$i":"NewAccount","$v":"Nowe konto"},{"$i":"options","$v":"Opcje"},{"$i":"cancel","$v":"Anuluj"},{"$i":"update","$v":"Aktualizuj"},{"$i":"back","$v":"Wstecz"},{"$i":"uninstall","$v":"Odinstaluj"},{"$i":"update-found","$v":"Znaleziono aktualizację."},{"$i":"update-found-content","$v":"Sklep KaiOS zostanie zamknięty i automatycznie zaktualizowany. Wróć do nas za kilka chwil."},{"$i":"no-internet","$v":"Brak Internetu."},{"$i":"connection-error","$v":"Błąd połączenia."},{"$i":"enable","$v":"Włącz"},{"$i":"open-service","$v":"Otwórz usługę"},{"$i":"downloading","$v":"Pobieranie"},{"$i":"loading","$v":"Wczytywanie..."},{"$i":"CAT-recommended","$v":"Polecane"},{"$i":"CAT-all","$v":"Wszystko"},{"$i":"CAT-10","$v":"Gry"},{"$i":"CAT-20","$v":"Rozrywka"},{"$i":"CAT-30","$v":"Społeczności"},{"$i":"CAT-40","$v":"Zakupy"},{"$i":"CAT-50","$v":"Wiadomości"},{"$i":"CAT-60","$v":"Media"},{"$i":"CAT-70","$v":"Styl życia"},{"$i":"CAT-80","$v":"Zdrowie"},{"$i":"CAT-90","$v":"Sport"},{"$i":"CAT-100","$v":"Książki i odniesienia"},{"$i":"login-note","$v":"Witamy w sklepie KaiOS. Załóż konto KaiOS, aby rozpocząć."},{"$i":"ok","$v":"OK"},{"$i":"get","$v":"Pobierz"},{"$i":"buy","$v":"Kup"},{"$i":"go","$v":"START"},{"$i":"select","$v":"WYBIERZ"},{"$i":"create","$v":"Utwórz"},{"$i":"skip","$v":"Pomiń"},{"$i":"confirmation","$v":"Potwierdzenie"},{"$i":"uninstall-msg","$v":"Odinstalować aplikację?"},{"$i":"stop","$v":"Zakończ"},{"$i":"store","$v":"Sklep"},{"$i":"settings","$v":"Ustawienia"},{"$i":"privacy-policy","$v":"Polityka prywatności"},{"$i":"terms-and-services","$v":"Warunki korzystania"},{"$i":"need-help","$v":"Potrzebujesz pomocy?"},{"$i":"auto-update","$v":"Aktualizacja automatyczna"},{"$i":"auto-update-off","$v":"Wyłącz aktualizację automatyczną"},{"$i":"data-enable","$v":"Przez Wi-Fi i sieci komórkowe"},{"$i":"all-connections","$v":"Wszystkie rodzaje połączeń"},{"$i":"wlan-only","$v":"Tylko przez WLAN"},{"$i":"wifi-only","$v":"Tylko przez Wi-Fi"},{"$i":"not-found-header","$v":"Nie znaleziono aplikacji"},{"$i":"not-found-msg","$v":"Przykro nam, żądana aplikacja nie została znaleziona w sklepie."},{"$i":"no-price-header","$v":"Zakup aplikacji niemożliwy"},{"$i":"no-price-msg","$v":"Problem z kartą SIM lub połączeniem. Nie można pobrać cen z serwera. Płatne aplikacje nie będą wyświetlane."},{"$i":"no-internet-with-tips","$v":"Brak połączenia z Internetem. Użyj Wi-Fi lub danych komórkowych, aby uzyskać dostęp do Internetu."},{"$i":"no-internet-with-tips-wlan","$v":"Brak połączenia z Internetem. Użyj WLAN lub transmisji danych mobilnych, aby uzyskać dostęp do Internetu."},{"$i":"no-available-app","$v":"Brak dostępnych aplikacji."},{"$i":"pin","$v":"Przypnij"},{"$i":"open","$v":"OTWÓRZ"},{"$i":"website","$v":"Strona internetowa"},{"$i":"unpin","$v":"Odepnij"},{"$i":"unpin-msg","$v":"Odpiąć zakładkę?"},{"$i":"pin-completely","$v":"Ta witryna została przypięta do wszystkich aplikacji."},{"$i":"pin-bookmark-completely","$v":"Strony przypięte do widoku wszystkich aplikacji"},{"$i":"unpin-bookmark-completely","$v":"Strony odpięte od widoku wszystkich aplikacji"},{"$i":"fota-found-content","$v":"Dostępna jest aktualizacja KaiOS. Zainstaluj, aby uzyskać nowe funkcje i poprawić wydajność."},{"$i":"fota-update-found","$v":"Dostępna aktualizacja systemowa"},{"$i":"update-available","$v":"Dostępna aktualizacja"},{"$i":"app-update-found-content","$v":["Dostępna jest aktualizacja ",{"t":"idOrVar","v":"appName"},". Zalecana jest instalacja."]},{"$i":"app-update-found-content1","$v":["Dostępna jest aktualizacja aplikacji ",{"t":"idOrVar","v":"appName"},". Zalecamy zainstalowanie aktualizacji."]},{"$i":"unpin-msg-with-name","$v":["Odpiąć zakładkę ",{"t":"idOrVar","v":"appName"},"?"]},{"$i":"uninstall-msg-with-name","$v":["Odinstalować ",{"t":"idOrVar","v":"appName"},"?"]},{"$i":"network-issue-title","$v":"Błąd sieci"},{"$i":"network-issue-detail","$v":"Sprawdź połączenie."},{"$i":"device-issue-title","$v":"Błąd instalacji"},{"$i":"device-issue-detail","$v":"Wystąpił problem."},{"$i":"install-generic-error","$v":"Zatrzymano pobieranie."},{"$i":"install","$v":"Zainstaluj"},{"$i":"dismiss","$v":"Odrzuć"},{"$i":"new-app-recommended","$v":"Nowa aplikacja polecana w sklepie KaiOS."},{"$i":"show-rich-content","$v":"Wyświetl rozbudowaną treść"},{"$i":"do-not-show","$v":"Nie wyświetlaj"},{"$i":"free","$v":"Darmowe"},{"$i":"data-enable-short","$v":"Wi-Fi i sieci komórkowe"},{"$i":"wifi-only-short","$v":"Tylko Wi-Fi"},{"$i":"open-url","$v":"Otwórz adres URL"},{"$i":"version","$v":"Wersja"},{"$i":"uninstalled-msg-with-name","$v":["Odinstalowano ",{"t":"idOrVar","v":"appName"},"."]},{"$i":"restart-phone-msg","$v":"Zrestartuj telefon, aby w pełni korzystać z możliwości systemu KaiOS."},{"$i":"settings-and-account","$v":"Ustawienia i konto"},{"$i":"like","$v":"Polub"},{"$i":"unlike","$v":"Cofnij polubienie"},{"$i":"unliked-an-app-msg","$v":"Polubienie aplikacji zostało cofnięte"},{"$i":"store-update-and-launch","$v":"Dostępna jest aktualizacja sklepu. Naciśnij OK, aby uruchomić sklep."},{"$i":"app-push-launch-action","$v":"START"},{"$i":"app-push-launch-content","$v":["Stęskniliśmy się za Tobą w aplikacji ",{"t":"idOrVar","v":"appName"},", wróć do nas."]}]