[{"$i":"account","$v":"اکاونټ"},{"$i":"sign-in","$v":"ننوتل"},{"$i":"NewAccount","$v":"نوی اکاونټ"},{"$i":"options","$v":"غوراوي"},{"$i":"cancel","$v":"لغوه کړئ"},{"$i":"update","$v":"اپډیټ"},{"$i":"back","$v":"شاته"},{"$i":"uninstall","$v":"غیر انسټال"},{"$i":"update-found","$v":"اپ ډیټ وموندل شو."},{"$i":"update-found-content","$v":"KaiOS Store به بند شي او په اتومات ډول به اپ ډیټ شي. مهرباني وکړئ یو څو شېبې وروسته بیا راشئ."},{"$i":"no-internet","$v":"انټرنېټ"},{"$i":"connection-error","$v":"د کنیکسیون تیروتنه."},{"$i":"enable","$v":"فعال کړئ"},{"$i":"open-service","$v":"خدمت خلاص کړئ"},{"$i":"downloading","$v":"ډاونلوډ کیږي"},{"$i":"loading","$v":"لوډ کیږي..."},{"$i":"CAT-recommended","$v":"سپارښتل شوی"},{"$i":"CAT-all","$v":"ټول"},{"$i":"CAT-10","$v":"ګېمونه"},{"$i":"CAT-20","$v":"تفریح"},{"$i":"CAT-30","$v":"ټولنیز"},{"$i":"CAT-40","$v":"شاپنګ"},{"$i":"CAT-50","$v":"خبرونه"},{"$i":"CAT-60","$v":"یوټلیټیز"},{"$i":"CAT-70","$v":"د ژوند طرز"},{"$i":"CAT-80","$v":"روغتیا"},{"$i":"CAT-90","$v":"سپورټس"},{"$i":"CAT-100","$v":"کتابونه او مراجعه"},{"$i":"login-note","$v":"‏KaiOS Store ته پخیرراغلئ. مهرباني وکړئ د پیل کولو لپاره د خپل KaiOS اکاونټ ساین ان کړئ."},{"$i":"ok","$v":"اوکی"},{"$i":"get","$v":"تر لاس کول"},{"$i":"buy","$v":"واخلئ"},{"$i":"go","$v":"ځئ"},{"$i":"select","$v":"انتخاب کړئ"},{"$i":"create","$v":"جوړ کړئ"},{"$i":"skip","$v":"تښل"},{"$i":"confirmation","$v":"باورتيايي"},{"$i":"uninstall-msg","$v":"دا کاريال ختم که"},{"$i":"stop","$v":"دريدا"},{"$i":"store","$v":"دوکان"},{"$i":"settings","$v":"ترتيب"},{"$i":"privacy-policy","$v":"د محرمتیا پالیسي"},{"$i":"terms-and-services","$v":"مقررات او خدمتونه"},{"$i":"need-help","$v":"مرستې ته اړتیا لرئ؟"},{"$i":"auto-update","$v":"پخپله وسمهاليزى"},{"$i":"auto-update-off","$v":"پخپله وسمهاليزى نه"},{"$i":"data-enable","$v":"د موبيل يا وائي فائي په زريعه"},{"$i":"all-connections","$v":"د ټولو کنیکسیونونو له لارې"},{"$i":"wlan-only","$v":"یوازې د WLAN له لارې"},{"$i":"wifi-only","$v":"صرف وائي فائي باندي"},{"$i":"not-found-header","$v":"کاريال بيه نه موندي شو"},{"$i":"not-found-msg","$v":"مونږه بخنه غؤاړو، په سټور کي د خوښي کاريال بيه نه موندي شو"},{"$i":"no-price-header","$v":"د ایپ پیرودل موجود نه دي. "},{"$i":"no-price-msg","$v":"د SIM کارت یا کنیکسیون د ستونزې له کبله. له سرور څخه د بیې معلومات نه ترلاسه کیږي. ایپ واخلئ"},{"$i":"no-internet-with-tips","$v":"انټرنټ کنکشن نشتا. وائي فائي يا د موبيل ډيټا استعمال کي چي انټرنټ تا رسائي اوکي."},{"$i":"no-internet-with-tips-wlan","$v":"انټرنیټ کنیکسون نشته. انټرنیټ ته د لاس رسۍ لپاره WLAN یا موبایل ډېټا استعمالوئ. "},{"$i":"no-available-app","$v":"لا تر اوسه کوم ایپلیکیشن موجود نه دی."},{"$i":"pin","$v":"تړل"},{"$i":"open","$v":"کولاو کول"},{"$i":"website","$v":"ویب سائټ"},{"$i":"unpin","$v":"خلاصول"},{"$i":"unpin-msg","$v":"بک مارک خلاصول؟"},{"$i":"pin-completely","$v":"د دی ویب سائټ ټولو کاریالو تا تړل اوشو"},{"$i":"pin-bookmark-completely","$v":"ویب سایټ د ټول ایپس لپاره پین شوی"},{"$i":"unpin-bookmark-completely","$v":"ویب سایټ د ټول ایپس څخه ان پین شوی"},{"$i":"fota-found-content","$v":"د KaiOS اوسمهالول موجود دی، د نوی حصوصیاتو او غورو فعالیت له پاره انستال کی."},{"$i":"fota-update-found","$v":"د سستم اوسمهالول موجود دی"},{"$i":"update-available","$v":"اوسمهالول موجود دی"},{"$i":"app-update-found-content","$v":["د ",{"t":"idOrVar","v":"appName"}," اپ ډیټ موجود دی. د انسټالولو سپارښت کیږي. "]},{"$i":"app-update-found-content1","$v":["د ",{"t":"idOrVar","v":"appName"}," اپ ډیټ موجود دی. د انسټالولو سپارښت کیږي. "]},{"$i":"unpin-msg-with-name","$v":["لري کول ",{"t":"idOrVar","v":"appName"}," بوک مارک؟"]},{"$i":"uninstall-msg-with-name","$v":["لغوه ",{"t":"idOrVar","v":"appName"},"؟"]},{"$i":"network-issue-title","$v":"دنیټورک غلطي"},{"$i":"network-issue-detail","$v":"مهراني وکړئ خپل پیوستون وګورئ"},{"$i":"device-issue-title","$v":"دانسټل غلطې"},{"$i":"device-issue-detail","$v":"یوه ستونزه رامنځ ته شوه."},{"$i":"install-generic-error","$v":"ښکته کول بند شوو."},{"$i":"install","$v":"انسټال کړئ"},{"$i":"dismiss","$v":"فسخ کړئ"},{"$i":"new-app-recommended","$v":"د KaiOS Store له خوا د نوي ایپ سپارښتنه"},{"$i":"show-rich-content","$v":"شتمن ښکاره کړئ محتوا"},{"$i":"do-not-show","$v":"مه ښکاره کوئ"},{"$i":"free","$v":"وړیا"},{"$i":"data-enable-short","$v":"وای فای او ګرځنده"},{"$i":"wifi-only-short","$v":"یوازې وائی فای"},{"$i":"open-url","$v":"URL خلاص کړه"},{"$i":"version","$v":"نسخه"},{"$i":"uninstalled-msg-with-name","$v":[{"t":"idOrVar","v":"appName"}," له نصب لرې کړای شو"]},{"$i":"restart-phone-msg","$v":"خپل فون بیا ولګوئ چې د KaiOS تجربه مو تر حده ښه شي."},{"$i":"settings-and-account","$v":{"$o":"سټنګ & حساب"}},{"$i":"like","$v":"خوښ کړه"},{"$i":"unlike","$v":"ناخوښ کړه"},{"$i":"unliked-an-app-msg","$v":"تاسو دا ایپ ناخوښ کړ"},{"$i":"store-update-and-launch","$v":"په سټور کې اپډیټ شته. سټور خلاصولو لپاره په OK ګوته ووهئ."},{"$i":"app-push-launch-action","$v":"ځئ"},{"$i":"app-push-launch-content","$v":["موږ ته په ",{"t":"idOrVar","v":"appName"}," کې تاسو یادېږئ، موږ سره لیدو ته بیا راشئ"]}]