[{"$i":"account","$v":"Conta"},{"$i":"sign-in","$v":"Iniciar sessão"},{"$i":"NewAccount","$v":"Nova conta"},{"$i":"options","$v":"Opções"},{"$i":"cancel","$v":"Cancelar"},{"$i":"update","$v":"Atualizar"},{"$i":"back","$v":"Voltar"},{"$i":"uninstall","$v":"Desinstalar"},{"$i":"update-found","$v":"Atualização encontrada."},{"$i":"update-found-content","$v":"KaiOS Store fechará e será atualizada automaticamente. Volte em alguns instantes."},{"$i":"no-internet","$v":"Sem Internet."},{"$i":"connection-error","$v":"Erro de conexão."},{"$i":"enable","$v":"Ativar"},{"$i":"open-service","$v":"Abrir serviço"},{"$i":"downloading","$v":"Baixando"},{"$i":"loading","$v":"Carregando..."},{"$i":"CAT-recommended","$v":"Recomendado"},{"$i":"CAT-all","$v":"Tudo"},{"$i":"CAT-10","$v":"Jogos"},{"$i":"CAT-20","$v":"Entretenimento"},{"$i":"CAT-30","$v":"Social"},{"$i":"CAT-40","$v":"Compras"},{"$i":"CAT-50","$v":"Notícias"},{"$i":"CAT-60","$v":"Utilitários"},{"$i":"CAT-70","$v":"Estilo de vida"},{"$i":"CAT-80","$v":"Saúde"},{"$i":"CAT-90","$v":"Esportes"},{"$i":"CAT-100","$v":"Livros e referência"},{"$i":"login-note","$v":"Bem-vindo a KaiOS Store. Acesse a conta KaiOS para começar."},{"$i":"ok","$v":"OK"},{"$i":"get","$v":"Obter"},{"$i":"buy","$v":"Comprar"},{"$i":"go","$v":"IR"},{"$i":"select","$v":"SELECIONAR"},{"$i":"create","$v":"Criar"},{"$i":"skip","$v":"Ignorar"},{"$i":"confirmation","$v":"Confirmação"},{"$i":"uninstall-msg","$v":"Desinstalar este aplic.?"},{"$i":"stop","$v":"Parar"},{"$i":"store","$v":"Loja"},{"$i":"settings","$v":"Configurações"},{"$i":"privacy-policy","$v":"Política de privacidade"},{"$i":"terms-and-services","$v":"Termos e serviços"},{"$i":"need-help","$v":"Você precisa de ajuda?"},{"$i":"auto-update","$v":"Atualização auto."},{"$i":"auto-update-off","$v":"Não atualizar auto."},{"$i":"data-enable","$v":"Por Wi-Fi e Rede móvel"},{"$i":"all-connections","$v":"Por todas as conexões"},{"$i":"wlan-only","$v":"Somente por WLAN"},{"$i":"wifi-only","$v":"Apenas por Wi-Fi"},{"$i":"not-found-header","$v":"Aplic. não encontrado"},{"$i":"not-found-msg","$v":"Lamentamos, o aplic. solicitado não foi encontrado na loja."},{"$i":"no-price-header","$v":"Compra de aplicativos indisponível"},{"$i":"no-price-msg","$v":"Não foi possível obter informações sobre preços do servidor devido a problema com o cartão SIM ou com a conexão. Os aplicativos compráveis serão desativados."},{"$i":"no-internet-with-tips","$v":"Sem conexão à Internet. Use Wi-Fi ou dados móveis para acessar à Internet."},{"$i":"no-internet-with-tips-wlan","$v":"Sem conexão com a Internet. Use WLAN ou dados móveis para acessar a Internet."},{"$i":"no-available-app","$v":"Nenhum aplicativo disponível ainda."},{"$i":"pin","$v":"Fixar"},{"$i":"open","$v":"ABRIR"},{"$i":"website","$v":"Site"},{"$i":"unpin","$v":"Desafixar"},{"$i":"unpin-msg","$v":"Desafixar este indicador?"},{"$i":"pin-completely","$v":"Este site foi fixado para Todos os aplicativos."},{"$i":"pin-bookmark-completely","$v":"Site fixado a todos os aplicativos"},{"$i":"unpin-bookmark-completely","$v":"Site desafixado de todos os aplicativos"},{"$i":"fota-found-content","$v":"Atualização de KaiOS disponível. Instale para obter novos recursos e um melhor desempenho."},{"$i":"fota-update-found","$v":"Atualização do sistema disponível"},{"$i":"update-available","$v":"Atualização disponível"},{"$i":"app-update-found-content","$v":["Atualização de ",{"t":"idOrVar","v":"appName"}," disponível. Instalação recomendada."]},{"$i":"app-update-found-content1","$v":["Atualização de ",{"t":"idOrVar","v":"appName"}," disponível. Instalação recomendada."]},{"$i":"unpin-msg-with-name","$v":["Desafixar indicador de ",{"t":"idOrVar","v":"appName"},"?"]},{"$i":"uninstall-msg-with-name","$v":["Desinstalar ",{"t":"idOrVar","v":"appName"},"?"]},{"$i":"network-issue-title","$v":"Erro de rede"},{"$i":"network-issue-detail","$v":"Verifique sua conexão."},{"$i":"device-issue-title","$v":"Erro de instalação"},{"$i":"device-issue-detail","$v":"Ocorreu um problema."},{"$i":"install-generic-error","$v":"Download interrompido."},{"$i":"install","$v":"Instalar"},{"$i":"dismiss","$v":"Ignorar"},{"$i":"new-app-recommended","$v":"Novo aplicativo recomendado pela loja KaiOS."},{"$i":"show-rich-content","$v":"Mostrar conteúdo avançado"},{"$i":"do-not-show","$v":"Não mostrar"},{"$i":"free","$v":"Grátis"},{"$i":"data-enable-short","$v":"Wi-Fi e Rede móvel"},{"$i":"wifi-only-short","$v":"Apenas Wi-Fi"},{"$i":"open-url","$v":"Abrir URL"},{"$i":"version","$v":"Versão"},{"$i":"uninstalled-msg-with-name","$v":["O ",{"t":"idOrVar","v":"appName"}," foi desinstalado."]},{"$i":"restart-phone-msg","$v":"Reinicie o telefone para maximizar sua experiência com o KaiOS."},{"$i":"settings-and-account","$v":"Configurações e conta"},{"$i":"like","$v":"Curtir"},{"$i":"unlike","$v":"Descurtir"},{"$i":"unliked-an-app-msg","$v":"Você descurtiu este aplicativo"},{"$i":"store-update-and-launch","$v":"Está disponível uma atualização da loja. Pressione OK para iniciar a loja."},{"$i":"app-push-launch-action","$v":"IR"},{"$i":"app-push-launch-content","$v":["Sentimos sua falta em ",{"t":"idOrVar","v":"appName"},". Venha nos visitar novamente."]}]