[{"$i":"account","$v":"Conta"},{"$i":"sign-in","$v":"Iniciar sessão"},{"$i":"NewAccount","$v":"Nova conta"},{"$i":"options","$v":"Opções"},{"$i":"cancel","$v":"Cancelar"},{"$i":"update","$v":"Atualizar"},{"$i":"back","$v":"Voltar"},{"$i":"uninstall","$v":"Desinstalar"},{"$i":"update-found","$v":"Atualização encontrada."},{"$i":"update-found-content","$v":"A Loja KaiOS irá fechar e atualizar automaticamente. Regresse dentro de alguns minutos."},{"$i":"no-internet","$v":"Sem Internet."},{"$i":"connection-error","$v":"Erro de ligação."},{"$i":"enable","$v":"Ativar"},{"$i":"open-service","$v":"Serviço aberto"},{"$i":"downloading","$v":"A transferir"},{"$i":"loading","$v":"A carregar..."},{"$i":"CAT-recommended","$v":"Recomendado"},{"$i":"CAT-all","$v":"Todos"},{"$i":"CAT-10","$v":"Jogos"},{"$i":"CAT-20","$v":"Entretenimento"},{"$i":"CAT-30","$v":"Redes sociais"},{"$i":"CAT-40","$v":"Compras"},{"$i":"CAT-50","$v":"Notícias"},{"$i":"CAT-60","$v":"Utilidades"},{"$i":"CAT-70","$v":"Estilo de vida"},{"$i":"CAT-80","$v":"Saúde"},{"$i":"CAT-90","$v":"Desporto"},{"$i":"CAT-100","$v":"Livros e Referências"},{"$i":"login-note","$v":"Bem-vindo à Loja KaiOS. Inicie sessão na conta KaiOS para iniciar."},{"$i":"ok","$v":"OK"},{"$i":"get","$v":"Obter"},{"$i":"buy","$v":"Comprar"},{"$i":"go","$v":"IR"},{"$i":"select","$v":"SELECIONAR"},{"$i":"create","$v":"Criar"},{"$i":"skip","$v":"Ignorar"},{"$i":"confirmation","$v":"Confirmação"},{"$i":"uninstall-msg","$v":"Desinstalar esta aplicação?"},{"$i":"stop","$v":"Parar"},{"$i":"store","$v":"Loja"},{"$i":"settings","$v":"Definições"},{"$i":"privacy-policy","$v":"Política de privacidade"},{"$i":"terms-and-services","$v":"Termos e serviços"},{"$i":"need-help","$v":"Precisa de ajuda?"},{"$i":"auto-update","$v":"Atualização automática"},{"$i":"auto-update-off","$v":"Não atualizar automaticamente"},{"$i":"data-enable","$v":"Através de Wi-Fi e dados móveis"},{"$i":"all-connections","$v":"Através de todas as ligações"},{"$i":"wlan-only","$v":"Apenas por WLAN"},{"$i":"wifi-only","$v":"Apenas através de Wi-Fi"},{"$i":"not-found-header","$v":"Aplicação não encontrada"},{"$i":"not-found-msg","$v":"Lamentamos, mas a aplicação solicitada não foi encontrada na Loja."},{"$i":"no-price-header","$v":"Compra da aplicação indisponível"},{"$i":"no-price-msg","$v":"Devido a problema com o cartão SIM ou ligação. Não é possível obter a informação do preço do servidor. As aplicações que podem ser compradas serão desativadas."},{"$i":"no-internet-with-tips","$v":"Sem ligação à Internet. Utilize Wi-Fi ou dados móveis para aceder à Internet."},{"$i":"no-internet-with-tips-wlan","$v":"Sem ligação à Internet. Utilizar WLAN ou dados móveis para aceder à Internet."},{"$i":"no-available-app","$v":"Ainda não existe aplicação disponível."},{"$i":"pin","$v":"Afixar"},{"$i":"open","$v":"ABRIR"},{"$i":"website","$v":"Website"},{"$i":"unpin","$v":"Remover"},{"$i":"unpin-msg","$v":"Remover este marcador?"},{"$i":"pin-completely","$v":"Este website foi afixado para Todas as aplicações."},{"$i":"pin-bookmark-completely","$v":"Website afixado a todas as aplicações"},{"$i":"unpin-bookmark-completely","$v":"Anulada a fixação do website a todas as aplicações"},{"$i":"fota-found-content","$v":"Atualização KaiOS disponível. Instale para obter novas funcionalidades e melhor desempenho."},{"$i":"fota-update-found","$v":"Atualização do sistema disponível"},{"$i":"update-available","$v":"Atualização disponível"},{"$i":"app-update-found-content","$v":["Atualização de ",{"t":"idOrVar","v":"appName"}," disponível. Instalação recomendada."]},{"$i":"app-update-found-content1","$v":["Atualização de ",{"t":"idOrVar","v":"appName"}," disponível. Recomenda-se a instalação."]},{"$i":"unpin-msg-with-name","$v":["Remover marcador ",{"t":"idOrVar","v":"appName"},"?"]},{"$i":"uninstall-msg-with-name","$v":["Desinstalar ",{"t":"idOrVar","v":"appName"},"?"]},{"$i":"network-issue-title","$v":"Erro de rede"},{"$i":"network-issue-detail","$v":"Verifique a sua ligação."},{"$i":"device-issue-title","$v":"Erro de instalação"},{"$i":"device-issue-detail","$v":"Ocorreu um erro."},{"$i":"install-generic-error","$v":"Transferência parada."},{"$i":"install","$v":"Instalar"},{"$i":"dismiss","$v":"Fechar"},{"$i":"new-app-recommended","$v":"Nova aplicação recomendada pela KaiOS Store."},{"$i":"show-rich-content","$v":"Mostrar conteúdo avançado"},{"$i":"do-not-show","$v":"Não mostrar"},{"$i":"free","$v":"Grátis"},{"$i":"data-enable-short","$v":"Wi-Fi e móvel"},{"$i":"wifi-only-short","$v":"Apenas Wi-Fi"},{"$i":"open-url","$v":"Abrir URL"},{"$i":"version","$v":"Versão"},{"$i":"uninstalled-msg-with-name","$v":[{"t":"idOrVar","v":"appName"}," desinstalado."]},{"$i":"restart-phone-msg","$v":"Reinicie o telefone para maximizar a sua experiência KaiOS."},{"$i":"settings-and-account","$v":"Definições e conta"},{"$i":"like","$v":"Gosto"},{"$i":"unlike","$v":"Não gosto"},{"$i":"unliked-an-app-msg","$v":"Retirou o gosto desta aplicação"},{"$i":"store-update-and-launch","$v":"Atualização da loja disponível. Prima ok para iniciar a Loja."},{"$i":"app-push-launch-action","$v":"IR"},{"$i":"app-push-launch-content","$v":["Temos sentido a sua falta no ",{"t":"idOrVar","v":"appName"},". Volte a visitar-nos."]}]