[{"$i":"account","$v":"Cont"},{"$i":"sign-in","$v":"Conectați-vă"},{"$i":"NewAccount","$v":"Cont nou"},{"$i":"options","$v":"Opțiuni"},{"$i":"cancel","$v":"Anulare"},{"$i":"update","$v":"Actualizare"},{"$i":"back","$v":"Înapoi"},{"$i":"uninstall","$v":"Dezinstalare"},{"$i":"update-found","$v":"S-a găsit o actualizare."},{"$i":"update-found-content","$v":"Magazinul KaiOS se va opri și se va actualiza automat. Reveniți în câteva clipe."},{"$i":"no-internet","$v":"Nu există conexiune la internet."},{"$i":"connection-error","$v":"Eroare de conexiune."},{"$i":"enable","$v":"Activare"},{"$i":"open-service","$v":"Accesare serviciu"},{"$i":"downloading","$v":"Descărcare în curs"},{"$i":"loading","$v":"Se încarcă…"},{"$i":"CAT-recommended","$v":"Recomandat"},{"$i":"CAT-all","$v":"Toate"},{"$i":"CAT-10","$v":"Jocuri"},{"$i":"CAT-20","$v":"Divertisment"},{"$i":"CAT-30","$v":"Social"},{"$i":"CAT-40","$v":"Cumpărături"},{"$i":"CAT-50","$v":"Știri"},{"$i":"CAT-60","$v":"Utilități"},{"$i":"CAT-70","$v":"Stil de viață"},{"$i":"CAT-80","$v":"Sănătate"},{"$i":"CAT-90","$v":"Sport"},{"$i":"CAT-100","$v":"Cărți și referințe"},{"$i":"login-note","$v":"Bun venit la magazinul KaiOS! Pentru a începe, conectați-vă la contul KaiOS."},{"$i":"ok","$v":"OK"},{"$i":"get","$v":"Obțineți"},{"$i":"buy","$v":"Achiziționare"},{"$i":"go","$v":"START"},{"$i":"select","$v":"SELECTARE"},{"$i":"create","$v":"Creați"},{"$i":"skip","$v":"Omitere"},{"$i":"confirmation","$v":"Confirmare"},{"$i":"uninstall-msg","$v":"Dezinstalați această aplicație?"},{"$i":"stop","$v":"Oprire"},{"$i":"store","$v":"Magazin"},{"$i":"settings","$v":"Setări"},{"$i":"privacy-policy","$v":"Politica de confidențialitate"},{"$i":"terms-and-services","$v":"Termeni de utilizare"},{"$i":"need-help","$v":"Aveți nevoie de ajutor?"},{"$i":"auto-update","$v":"Actualizare automată"},{"$i":"auto-update-off","$v":"Nu actualizați automat"},{"$i":"data-enable","$v":"Prin Wi-Fi și date mobile"},{"$i":"all-connections","$v":"Prin toate conexiunile"},{"$i":"wlan-only","$v":"Numai prin conexiune WLAN"},{"$i":"wifi-only","$v":"Numai prin Wi-Fi"},{"$i":"not-found-header","$v":"Aplicația nu a fost găsită"},{"$i":"not-found-msg","$v":"Ne pare rău, dar aplicația solicitată nu a fost găsită în magazin."},{"$i":"no-price-header","$v":"Aplicația nu poate fi achiziționată."},{"$i":"no-price-msg","$v":"Există o problemă cu cartela SIM sau cu conexiunea. Nu se pot obține informații privind prețul de pe server. Aplicațiile care pot fi achiziționate vor fi dezactivate."},{"$i":"no-internet-with-tips","$v":"Nu există conexiune la internet. Utilizați rețeaua Wi-Fi sau datele mobile pentru a accesa internetul."},{"$i":"no-internet-with-tips-wlan","$v":"Nu există conexiune la internet. Utilizați conexiunea WLAN sau de date mobile pentru a avea acces la internet."},{"$i":"no-available-app","$v":"Încă nu este disponibilă nicio aplicație."},{"$i":"pin","$v":"Fixați"},{"$i":"open","$v":"DESCHIDEȚI"},{"$i":"website","$v":"Site"},{"$i":"unpin","$v":"Anulați fixarea"},{"$i":"unpin-msg","$v":"Anulați fixarea acestui marcaj?"},{"$i":"pin-completely","$v":"Acest site a fost fixat în secțiunea Toate aplicațiile."},{"$i":"pin-bookmark-completely","$v":"Site fixat în Toate aplicațiile"},{"$i":"unpin-bookmark-completely","$v":"Site a cărui fixare a fost anulată în Toate aplicațiile"},{"$i":"fota-found-content","$v":"Este disponibilă o actualizare KaiOS. Instalați, pentru a beneficia de funcții noi și performanță mai bună."},{"$i":"fota-update-found","$v":"Este disponibilă o actualizare de sistem"},{"$i":"update-available","$v":"Este disponibilă o actualizare"},{"$i":"app-update-found-content","$v":["Este disponibilă o actualizare pentru aplicația ",{"t":"idOrVar","v":"appName"},". Se recomandă instalarea."]},{"$i":"app-update-found-content1","$v":["Este disponibilă o actualizare pentru aplicația ",{"t":"idOrVar","v":"appName"},". Se recomandă instalarea."]},{"$i":"unpin-msg-with-name","$v":["Anulați fixarea marcajului aplicației ",{"t":"idOrVar","v":"appName"},"?"]},{"$i":"uninstall-msg-with-name","$v":["Dezinstalați aplicația ",{"t":"idOrVar","v":"appName"},"?"]},{"$i":"network-issue-title","$v":"Eroare rețea"},{"$i":"network-issue-detail","$v":"Verificați conexiunea."},{"$i":"device-issue-title","$v":"Eroare la instalare"},{"$i":"device-issue-detail","$v":"A apărut o problemă."},{"$i":"install-generic-error","$v":"Descărcarea s-a oprit."},{"$i":"install","$v":"Instalare"},{"$i":"dismiss","$v":"Renunțare"},{"$i":"new-app-recommended","$v":"Aplicație nouă recomandată de KaiOS Store."},{"$i":"show-rich-content","$v":"Afișare conținut îmbogățit"},{"$i":"do-not-show","$v":"Nu afișa"},{"$i":"free","$v":"Gratuit"},{"$i":"data-enable-short","$v":"Wi-Fi și date mobile"},{"$i":"wifi-only-short","$v":"Numai Wi-Fi"},{"$i":"open-url","$v":"Deschidere URL"},{"$i":"version","$v":"Versiune"},{"$i":"uninstalled-msg-with-name","$v":["Aplicația ",{"t":"idOrVar","v":"appName"}," a fost dezinstalată."]},{"$i":"restart-phone-msg","$v":"Reporniți telefonul pentru a maximiza experiența KaiOS."},{"$i":"settings-and-account","$v":"Setări și cont"},{"$i":"like","$v":"Îmi place"},{"$i":"unlike","$v":"Nu îmi place"},{"$i":"unliked-an-app-msg","$v":"Nu v-a plăcut aplicația"},{"$i":"store-update-and-launch","$v":"Este disponibilă actualizarea aplicației Magazin. Apăsați ok pentru a porni Magazinul."},{"$i":"app-push-launch-action","$v":"START"},{"$i":"app-push-launch-content","$v":["Vă simțim lipsa în ",{"t":"idOrVar","v":"appName"},", reveniți pentru a ne vizita."]}]