[{"$i":"account","$v":"Account"},{"$i":"sign-in","$v":"ᱥᱟᱭᱤᱱ ᱤᱱ"},{"$i":"NewAccount","$v":"ᱱᱟᱣᱟ ᱠᱷᱟᱛᱟ"},{"$i":"options","$v":"ᱵᱤᱠᱟᱞᱚᱯ ᱠᱚ"},{"$i":"cancel","$v":"ᱢᱩᱪᱮᱫ"},{"$i":"update","$v":"ᱱᱟᱣᱟᱣᱟᱜ"},{"$i":"back","$v":"ᱨᱩᱣᱮᱲ"},{"$i":"uninstall","$v":"ᱵᱮᱵᱟᱹᱦᱟᱞ"},{"$i":"update-found","$v":"ᱱᱟᱣᱟᱱᱟᱜᱽ ᱧᱟᱢ ᱟᱠᱟᱱᱟ᱾"},{"$i":"update-found-content","$v":"ᱠᱟᱭᱚᱮᱥ ᱡᱚᱜᱟᱣ ᱫᱚ ᱵᱚᱸᱫᱸ ᱟᱨ ᱟᱡ ᱛᱮ ᱦᱟᱹᱞᱤ ᱨᱟᱠᱟᱵ ᱟ. ᱠᱟᱡ ᱚᱠᱛᱚ ᱛᱟᱭᱚᱢ ᱨᱩᱣᱟᱹᱲ ᱢᱮ."},{"$i":"no-internet","$v":"ᱤᱱᱴᱚᱨᱱᱮᱴ ᱵᱟᱱᱩᱜ-ᱟ᱾"},{"$i":"connection-error","$v":"ᱡᱚᱱᱚᱲᱟᱣ ᱵᱷᱩᱞ."},{"$i":"enable","$v":"ᱥᱚᱠᱪᱷᱚᱢ"},{"$i":"open-service","$v":"ᱠᱟᱹᱢᱤ ᱡᱷᱤᱡ"},{"$i":"downloading","$v":"ᱟᱹᱛᱩᱨ ᱟᱸᱲᱜᱚᱭᱮᱫ ᱟ"},{"$i":"loading","$v":"ᱞᱟᱫᱮᱭᱮᱫ ᱟ..."},{"$i":"CAT-recommended","$v":"Recommended"},{"$i":"CAT-all","$v":"ᱡᱚᱛᱚ"},{"$i":"CAT-10","$v":"ᱠᱷᱮᱞ ᱠᱚ"},{"$i":"CAT-20","$v":"ᱨᱮᱥᱠᱮ"},{"$i":"CAT-30","$v":"ᱥᱚᱥᱚᱞ"},{"$i":"CAT-40","$v":"ᱠᱤᱨᱤᱧᱚᱜ ᱫᱟᱭ"},{"$i":"CAT-50","$v":"ᱠᱷᱚᱵᱚᱨ ᱠᱚ"},{"$i":"CAT-60","$v":"ᱵᱮᱵᱷᱟᱨ ᱫᱟᱲᱤᱭᱟᱜ"},{"$i":"CAT-70","$v":"ᱡᱤᱣᱚᱱ ᱪᱚᱨᱚᱠ"},{"$i":"CAT-80","$v":"ᱵᱮᱥᱦᱚᱲᱢᱚ"},{"$i":"CAT-90","$v":"ᱠᱷᱮᱞᱳᱲ"},{"$i":"CAT-100","$v":"ᱯᱩᱛᱷᱤ ᱟᱨ ᱡᱚᱱᱚᱲ"},{"$i":"login-note","$v":"ᱠᱟᱭ ᱚ.ᱮᱥ. ᱤᱥᱴᱚᱨ ᱨᱮ ᱥᱟᱹᱜᱩᱱ ᱫᱟᱨᱟᱢ. ᱮᱦᱚᱵ ᱞᱟᱹᱜᱤᱫ ᱛᱮ ᱠᱟᱭ ᱚ.ᱮᱥ. ᱠᱷᱟᱛᱟ ᱥᱟᱤᱱ ᱤᱱ ᱢᱮ"},{"$i":"ok","$v":"ᱵᱮᱥᱟ"},{"$i":"get","$v":"ᱧᱟᱢ"},{"$i":"buy","$v":"Buy"},{"$i":"go","$v":"ᱪᱟᱞᱟᱜ ᱢᱮ"},{"$i":"select","$v":"ᱵᱟᱪᱷᱟᱣ"},{"$i":"create","$v":"ᱵᱤᱱᱟᱣ"},{"$i":"skip","$v":"ᱵᱟᱜᱤ"},{"$i":"confirmation","$v":"ᱜᱚᱴᱟᱜ ᱠᱟᱱᱟ"},{"$i":"uninstall-msg","$v":"ᱱᱚᱣᱟ ᱮᱯ ᱵᱚᱦᱟᱞ ᱚᱪᱚᱜ ᱢᱮ?"},{"$i":"stop","$v":"ᱛᱤᱸᱜᱩ"},{"$i":"store","$v":"ᱡᱚᱜᱟᱣ"},{"$i":"settings","$v":"ᱥᱮᱴᱤᱸᱜ"},{"$i":"privacy-policy","$v":"Privacy Policy"},{"$i":"terms-and-services","$v":"Terms and Services"},{"$i":"need-help","$v":"Need Help?"},{"$i":"auto-update","$v":"ᱟᱡ ᱛᱮ ᱦᱟᱹᱞᱤ"},{"$i":"auto-update-off","$v":"ᱟᱡ ᱛᱮ ᱟᱞᱚᱢ ᱦᱟᱹᱞᱤ ᱟ"},{"$i":"data-enable","$v":"WiFi ᱟᱨ ᱥᱮᱞᱩᱞᱟᱨ ᱥᱮᱫ ᱛᱮ"},{"$i":"all-connections","$v":"Through all connections"},{"$i":"wlan-only","$v":"Only through WLAN"},{"$i":"wifi-only","$v":"ᱮᱠᱮᱱ WiFi ᱥᱮᱫ ᱛᱮ"},{"$i":"not-found-header","$v":"ᱮᱯ ᱵᱟᱭ ᱧᱟᱢ ᱞᱮᱱᱟ"},{"$i":"not-found-msg","$v":"ᱟᱞᱮ ᱦᱩᱨᱟᱸᱝ, ᱱᱮᱦᱚᱨᱟᱜ ᱮᱯ ᱫᱚ ᱡᱚᱜᱟᱣ ᱨᱮ ᱵᱟᱭ ᱧᱟᱢ ᱞᱮᱱ ᱛᱟᱦᱮᱸᱱᱟ."},{"$i":"no-price-header","$v":"App Purchase Unavailable"},{"$i":"no-price-msg","$v":"Due to SIM card or connection issue. Unable to retrieve price info from server. Purchasable apps will be disabled."},{"$i":"no-internet-with-tips","$v":"ᱤᱱᱴᱟᱨ ᱱᱮᱴ ᱡᱚᱱᱚᱲᱟᱣ ᱵᱟᱹᱱᱩᱜ ᱟ.ᱤᱱᱴᱟᱨ ᱱᱮᱴ ᱟᱹᱛᱩᱨ ᱞᱟᱹᱜᱤᱫ Wi-Fi ᱟᱨ ᱵᱟᱝ ᱢᱚᱵᱟᱤᱞ ᱰᱟᱴᱟ ᱵᱮᱵᱷᱟᱨ ᱢᱮ."},{"$i":"no-internet-with-tips-wlan","$v":"No internet connection. Use WLAN or mobile data to access the internet."},{"$i":"no-available-app","$v":"There is no application available yet."},{"$i":"pin","$v":"PIN"},{"$i":"open","$v":"ᱡᱷᱤᱡ"},{"$i":"website","$v":"ᱣᱮᱵᱥᱟᱤᱴ"},{"$i":"unpin","$v":"ᱚᱯᱤᱱ"},{"$i":"unpin-msg","$v":"ᱱᱚᱣᱟ ᱯᱩᱛᱷᱤ ᱪᱤᱱᱦᱟᱹ ᱯᱤᱱ ᱚᱪᱚᱜᱟ?"},{"$i":"pin-completely","$v":"ᱱᱚᱣᱟ ᱣᱮᱵᱥᱟᱤᱴ ᱫᱚ ᱡᱚᱛᱚ ᱮᱯᱥ ᱞᱟᱹᱜᱤᱫ ᱯᱤᱱ ᱦᱚᱪᱚ ᱟᱠᱟᱱᱟ."},{"$i":"pin-bookmark-completely","$v":"Website Pinned to All Apps"},{"$i":"unpin-bookmark-completely","$v":"Website Unpinned from All Apps"},{"$i":"fota-found-content","$v":"ᱠᱟᱤ ᱚ.ᱮᱥ ᱦᱟᱞᱤᱭᱟᱜ ᱫᱚ ᱧᱟᱢᱚᱜ ᱟ. ᱱᱟᱣᱟ ᱜᱩᱱ ᱠᱚ ᱟᱨ ᱵᱮᱥ ᱦᱩᱭ ᱦᱚᱪᱚ ᱞᱟᱹᱜᱤᱫ ᱵᱚᱦᱟᱞ ᱢᱮ."},{"$i":"fota-update-found","$v":"ᱥᱮᱥᱴᱮᱢ ᱦᱟᱞᱤᱭᱟᱜ ᱧᱟᱢᱚᱜ ᱟ"},{"$i":"update-available","$v":"ᱱᱟᱣᱟᱱᱟᱜ ᱧᱟᱢ ᱟᱠᱟᱱᱟ"},{"$i":"app-update-found-content","$v":[{"t":"idOrVar","v":"appName"}," ᱦᱟᱞᱤᱭᱟᱜ ᱫᱚ ᱧᱟᱢᱚᱜ ᱟ. ᱠᱤᱥᱛᱤ ᱛᱮᱫᱚ ᱵᱟᱛᱟᱣ ᱮᱢᱟᱠᱟᱱᱟ.(ᱠᱤᱥᱛᱤ ᱛᱮ - ᱵᱚᱦᱟᱞ)"]},{"$i":"app-update-found-content1","$v":[{"t":"idOrVar","v":"appName"}," update is available. Installation is recommended."]},{"$i":"unpin-msg-with-name","$v":["ᱯᱤᱱ ᱚᱪᱚᱜ ",{"t":"idOrVar","v":"appName"}," ᱯᱩᱛᱷᱤ ᱪᱤᱱᱦᱟᱹ ?"]},{"$i":"uninstall-msg-with-name","$v":["ᱵᱚᱦᱟᱞ ᱚᱪᱚᱜ ",{"t":"idOrVar","v":"appName"}]},{"$i":"network-issue-title","$v":"ᱱᱮᱴᱣᱟᱨᱠ ᱵᱷᱩᱞ"},{"$i":"network-issue-detail","$v":"ᱟᱢᱟᱜ ᱡᱚᱱᱚᱲᱟᱣ ᱧᱮᱞ ᱢᱮ."},{"$i":"device-issue-title","$v":"ᱵᱚᱦᱟᱞ ᱵᱷᱩᱞ"},{"$i":"device-issue-detail","$v":"ᱢᱤᱫ ᱠᱟᱛᱷᱟ ᱚᱰᱚᱜ ᱮᱱᱟ"},{"$i":"install-generic-error","$v":"ᱟᱹᱛᱩᱨ ᱟᱸᱲᱜᱚ ᱵᱚᱸᱫᱚᱭᱮᱱᱟ"},{"$i":"install","$v":"Install"},{"$i":"dismiss","$v":"Dismiss"},{"$i":"new-app-recommended","$v":"New App Recommended by KaiOS Store."},{"$i":"show-rich-content","$v":"Show rich content"},{"$i":"do-not-show","$v":"Do not show"},{"$i":"free","$v":"Free"},{"$i":"data-enable-short","$v":{"$o":"WiFi & Cellular"}},{"$i":"wifi-only-short","$v":"WiFi Only"},{"$i":"open-url","$v":"Open URL"},{"$i":"version","$v":"Version"},{"$i":"uninstalled-msg-with-name","$v":[{"t":"idOrVar","v":"appName"}," uninstalled."]},{"$i":"restart-phone-msg","$v":"Please restart your phone to maximize your KaiOS experience."},{"$i":"settings-and-account","$v":{"$o":"Settings & Account"}},{"$i":"like","$v":"Like"},{"$i":"unlike","$v":"Unlike"},{"$i":"unliked-an-app-msg","$v":"You unliked this app"},{"$i":"store-update-and-launch","$v":"Store update is available. Press ok to launch Store."},{"$i":"app-push-launch-action","$v":"Go"},{"$i":"app-push-launch-content","$v":["We miss you at ",{"t":"idOrVar","v":"appName"},", Come back to visit us."]}]