[{"$i":"account","$v":"Account"},{"$i":"sign-in","$v":"साइन उन कर्यो"},{"$i":"NewAccount","$v":"नओं अकाऊंट"},{"$i":"options","$v":"इख़्तियारु"},{"$i":"cancel","$v":"रदि"},{"$i":"update","$v":"अपडेट कयो"},{"$i":"back","$v":"पोइते"},{"$i":"uninstall","$v":"अण- अस्तापित"},{"$i":"update-found","$v":"अपडेट मिली."},{"$i":"update-found-content","$v":"काई.अवसि इस्टोर ख़ुदकार तौर ते बंदु ऐं अपडेट थींदो."},{"$i":"no-internet","$v":"को बि इन्टरनेट नाहे."},{"$i":"connection-error","$v":"कनेकशन नुक़्सु."},{"$i":"enable","$v":"चलू कयो"},{"$i":"open-service","$v":"ख़िदिमत खोलियो"},{"$i":"downloading","$v":"डाउनलोड पयो थिऐ"},{"$i":"loading","$v":"लोड किरी प्यो…."},{"$i":"CAT-recommended","$v":"Recommended"},{"$i":"CAT-all","$v":"सभु"},{"$i":"CAT-10","$v":"रानदीयूं"},{"$i":"CAT-20","$v":"फ़नु"},{"$i":"CAT-30","$v":"समाजी"},{"$i":"CAT-40","$v":"ख़रीदारी"},{"$i":"CAT-50","$v":"ख़बिरूं"},{"$i":"CAT-60","$v":"यवटीलीटीज़"},{"$i":"CAT-70","$v":"तर्ज़ ज़िंदगी"},{"$i":"CAT-80","$v":"सिहत"},{"$i":"CAT-90","$v":"रांदि"},{"$i":"CAT-100","$v":"किताब ऐं हवालो"},{"$i":"login-note","$v":"काई.अवसि इस्टोर ॾांहुं भलीकार शुरू करणु लाइ महिरबानी करे काई.अवसि अकाऊंट में साइन उन कर्यो."},{"$i":"ok","$v":"ठीक"},{"$i":"get","$v":"हासिलु कर्यो"},{"$i":"buy","$v":"Buy"},{"$i":"go","$v":"वञो"},{"$i":"select","$v":"चुंड"},{"$i":"create","$v":"तयारु"},{"$i":"skip","$v":"छॾियो"},{"$i":"confirmation","$v":"तसिदीक़"},{"$i":"uninstall-msg","$v":"ही अइप ग़ैरु तंसीब कर्यो?"},{"$i":"stop","$v":"रोक्यो"},{"$i":"store","$v":"इस्टोर"},{"$i":"settings","$v":"सेटिंगयूं"},{"$i":"privacy-policy","$v":"Privacy Policy"},{"$i":"terms-and-services","$v":"Terms and Services"},{"$i":"need-help","$v":"Need Help?"},{"$i":"auto-update","$v":"ख़ुदकार अपडेट कर्यो"},{"$i":"auto-update-off","$v":"ख़ुदकार अपडेट न कर्यो"},{"$i":"data-enable","$v":"वाई.फ़ाई ऐं सेल्यूलर ज़रिए"},{"$i":"all-connections","$v":"Through all connections"},{"$i":"wlan-only","$v":"Only through WLAN"},{"$i":"wifi-only","$v":"सिर्फ़ वाई.फ़ाई ज़रिए"},{"$i":"not-found-header","$v":"अइप न मिली"},{"$i":"not-found-msg","$v":"असांखे अफसोस आहे, दरख़वास कयल अइप इस्टोर में न मिली हुई."},{"$i":"no-price-header","$v":"App Purchase Unavailable"},{"$i":"no-price-msg","$v":"Due to SIM card or connection issue. Unable to retrieve price info from server. Purchasable apps will be disabled."},{"$i":"no-internet-with-tips","$v":"को बि इन्टरनेट कनेकशन नाहे इन्टरनेट ॾांहुं रसाई लाइ वाई-फ़ाई या मोबाईल डेटा इस्तेमाल कर्यो."},{"$i":"no-internet-with-tips-wlan","$v":"No internet connection. Use WLAN or mobile data to access the internet."},{"$i":"no-available-app","$v":"There is no application available yet."},{"$i":"pin","$v":"पिन"},{"$i":"open","$v":"खोल्यो"},{"$i":"website","$v":"वेब साईट"},{"$i":"unpin","$v":"अनपिन"},{"$i":"unpin-msg","$v":"ही बुक मार्क उन पिन कर्यो?"},{"$i":"pin-completely","$v":"हुन वेब खे सभिनी अइपस ला पिन कयो व्यो आहे."},{"$i":"pin-bookmark-completely","$v":"Website Pinned to All Apps"},{"$i":"unpin-bookmark-completely","$v":"Website Unpinned from All Apps"},{"$i":"fota-found-content","$v":"काई ओ.ईस अपडेट दस्तयाब आहे नवं फ़ीचरज़ ऐं बहितर कार्करदगी जे लाइ तंसीब कर्यो."},{"$i":"fota-update-found","$v":"सिस्टम अपडेट दस्तयाब आहे."},{"$i":"update-available","$v":"अपडेट मौजूदु आहे"},{"$i":"app-update-found-content","$v":[{"t":"idOrVar","v":"appName"}," अपडेट दस्तयाब आहे क़िस्त तजवीज़ कयल आहे (इंस्टालमेंट-इंस्टालेशन)"]},{"$i":"app-update-found-content1","$v":[{"t":"idOrVar","v":"appName"}," update is available. Installation is recommended."]},{"$i":"unpin-msg-with-name","$v":[{"t":"idOrVar","v":"appName"}," बुक मार्क उन पिन कर्यो?"]},{"$i":"uninstall-msg-with-name","$v":[{"t":"idOrVar","v":"appName"}," ग़ैरु तंसीब कर्यो?"]},{"$i":"network-issue-title","$v":"नेट वर्क नुक़्सु"},{"$i":"network-issue-detail","$v":"महिरबानी करे पंहिजो कनेकशन चेकु कर्यो."},{"$i":"device-issue-title","$v":"तंसीब नुक़्सु"},{"$i":"device-issue-detail","$v":"हिक नुक़्सु पेश आयव."},{"$i":"install-generic-error","$v":"डाऊनलोड रूकिजी वई."},{"$i":"install","$v":"Install"},{"$i":"dismiss","$v":"Dismiss"},{"$i":"new-app-recommended","$v":"New App Recommended by KaiOS Store."},{"$i":"show-rich-content","$v":"Show rich content"},{"$i":"do-not-show","$v":"Do not show"},{"$i":"free","$v":"Free"},{"$i":"data-enable-short","$v":{"$o":"WiFi & Cellular"}},{"$i":"wifi-only-short","$v":"WiFi Only"},{"$i":"open-url","$v":"Open URL"},{"$i":"version","$v":"Version"},{"$i":"uninstalled-msg-with-name","$v":[{"t":"idOrVar","v":"appName"}," uninstalled."]},{"$i":"restart-phone-msg","$v":"Please restart your phone to maximize your KaiOS experience."},{"$i":"settings-and-account","$v":{"$o":"Settings & Account"}},{"$i":"like","$v":"Like"},{"$i":"unlike","$v":"Unlike"},{"$i":"unliked-an-app-msg","$v":"You unliked this app"},{"$i":"store-update-and-launch","$v":"Store update is available. Press ok to launch Store."},{"$i":"app-push-launch-action","$v":"Go"},{"$i":"app-push-launch-content","$v":["We miss you at ",{"t":"idOrVar","v":"appName"},", Come back to visit us."]}]