[{"$i":"account","$v":"ගිණුම"},{"$i":"sign-in","$v":"ඇතුල් වන්න"},{"$i":"NewAccount","$v":"නව ගිණුම"},{"$i":"options","$v":"විකල්ප"},{"$i":"cancel","$v":"අවලංගු කරන්න"},{"$i":"update","$v":"යාවත්කාල කරන්න"},{"$i":"back","$v":"පසුපස"},{"$i":"uninstall","$v":"අස්ථාපනය කරන්න"},{"$i":"update-found","$v":"යාවත්කාලය හමුවිය."},{"$i":"update-found-content","$v":"KaiOS ගබඩාව වසා ස්වයංක්‍රීයව යාවත්කාල කරනු ඇත. කරුණාකර මද වේලාවකින් ආපසු එන්න."},{"$i":"no-internet","$v":"අන්තර්ජාලය නැත."},{"$i":"connection-error","$v":"සම්බන්ධතා දෝෂය."},{"$i":"enable","$v":"සක්‍රීය කරන්න"},{"$i":"open-service","$v":"සේවාව විවෘත කරන්න"},{"$i":"downloading","$v":"බාගැනීම"},{"$i":"loading","$v":"ප්‍රවේශනය කරමින්..."},{"$i":"CAT-recommended","$v":"නිර්දේශිතයි"},{"$i":"CAT-all","$v":"සියල්ල"},{"$i":"CAT-10","$v":"ක්‍රීඩා"},{"$i":"CAT-20","$v":"විනෝදාස්වාදය"},{"$i":"CAT-30","$v":"සමාජයීය"},{"$i":"CAT-40","$v":"සාප්පුයාම"},{"$i":"CAT-50","$v":"ප්‍රවෘත්ති"},{"$i":"CAT-60","$v":"උපයුක්ත"},{"$i":"CAT-70","$v":"ජීවන රටාව"},{"$i":"CAT-80","$v":"සෞඛ්‍යය"},{"$i":"CAT-90","$v":"ක්‍රීඩා"},{"$i":"CAT-100","$v":"පොත් සහ නිර්දේශ"},{"$i":"login-note","$v":"KaiOS ගබඩාව වෙත සාදරයෙන් පිළිගනිමු. ආරම්භ කිරීමට කරුණාකර ඔබගේ KaiOS ගිණුමට ඇතුල් වන්න."},{"$i":"ok","$v":"හරි"},{"$i":"get","$v":"ලබා ගන්න"},{"$i":"buy","$v":"මිලදී ගන්න"},{"$i":"go","$v":"යන්න"},{"$i":"select","$v":"තෝරන්න"},{"$i":"create","$v":"සාදන්න"},{"$i":"skip","$v":"මඟ හරින්න"},{"$i":"confirmation","$v":"තහවුරුව"},{"$i":"uninstall-msg","$v":"මෙම යෙදුම අස්ථාපනය කරන්න ද?"},{"$i":"stop","$v":"නවතන්න"},{"$i":"store","$v":"ගබඩාව"},{"$i":"settings","$v":"පසුතල"},{"$i":"privacy-policy","$v":"රහස්‍යතා ප්‍රතිපත්තිය"},{"$i":"terms-and-services","$v":"නියමයන් සහ සේවා"},{"$i":"need-help","$v":"උපකාර අවශ්‍ය ද?"},{"$i":"auto-update","$v":"ස්වයං යාවත්කාල ක."},{"$i":"auto-update-off","$v":"ස්වයං යාවත්කාල නොකරන්න"},{"$i":"data-enable","$v":"WiFi හා සෙලියුලර් ඔස්සේ"},{"$i":"all-connections","$v":"සියලු සම්බන්ධතාවයන් ඔස්සේ"},{"$i":"wlan-only","$v":"WLAN ඔස්සේ පමණක්"},{"$i":"wifi-only","$v":"WiFi ඔස්සේ පමණි"},{"$i":"not-found-header","$v":"යෙදුම හමු නොවිණි"},{"$i":"not-found-msg","$v":"කනගාටුයි, ඉල්ලූ යෙදුම ගබඩාවෙහි හමු නොවිණි."},{"$i":"no-price-header","$v":"යෙදුම් මිලදී ගැනීම ලද නොහැක"},{"$i":"no-price-msg","$v":"සිම් කාඩ්පත් හෝ සබඳතා ගැටළුවක් හේතුවෙන්. සර්වරය වෙතින් මිල ලබා ගැනීමට නොහැක. මිලදී ගත හැකි යෙදුම් අක්‍රීයකෙරෙනු ඇත."},{"$i":"no-internet-with-tips","$v":"අන්තර්ජාල සබැඳුමක් නැත. අන්තර්ජාලයට ප්‍රවේශ වීමට Wi-Fi හෝ ජංගම දත්ත භාවිතා කරන්න."},{"$i":"no-internet-with-tips-wlan","$v":"අන්තර්ජාල සම්බන්ධතාවයක් නොමැත. අන්තර්ජාලය වෙත පිවිසීමට WLAN හෝ ජංගම දත්ත භාවිතා කරන්න."},{"$i":"no-available-app","$v":"ලද හැකි යෙදුම් තවමත් ලද නොහැකිය."},{"$i":"pin","$v":"අමුණන්න"},{"$i":"open","$v":"විවෘත කරන්න"},{"$i":"website","$v":"වෙබ් අඩවිය"},{"$i":"unpin","$v":"ඇමුණුම ඉවත් කරන්න"},{"$i":"unpin-msg","$v":"මෙම පොත් සලකුණ ඉවත් කරන්න ද?"},{"$i":"pin-completely","$v":"මෙම වෙබ් අඩවිය සියලු යෙදුම්වලට අමුණා ඇත."},{"$i":"pin-bookmark-completely","$v":"වෙබ් අඩවිය සියලු යෙදුම් වෙත අමුණන ලදී"},{"$i":"unpin-bookmark-completely","$v":"වෙඩ් අඩවිය සියලු යෙදුම් වෙතින් ඉවත් කරන ලදී"},{"$i":"fota-found-content","$v":"KaiOS යාවත් කාලීනය ලබාගත හැක. නව විශේෂාංග සහ වඩාත් හොඳ ක්‍රියාකාරිත්වය සඳහා ස්ථාපිත කරන්න."},{"$i":"fota-update-found","$v":"පද්ධති යාවත් කාලීනය ලබාගත හැක"},{"$i":"update-available","$v":"යාවත් කාලීනය ලබාගත හැක"},{"$i":"app-update-found-content","$v":[{"t":"idOrVar","v":"appName"}," යාවත් කාලීනය ලබාගත හැක. ස්ථාපිත කිරීම නිර්දේශ කෙරේ."]},{"$i":"app-update-found-content1","$v":[{"t":"idOrVar","v":"appName"}," යාවත් කිරීම ලබා ගත හැකිය. එය ස්ථාපනය කිරිම නිර්දේශය කෙරේ. "]},{"$i":"unpin-msg-with-name","$v":[{"t":"idOrVar","v":"appName"}," පොත් සලකුණ ඉවන් කරන්න ද?"]},{"$i":"uninstall-msg-with-name","$v":[{"t":"idOrVar","v":"appName"},"අස්ථාපනය කරන්න ද?"]},{"$i":"network-issue-title","$v":"ජාල දෝෂයකි"},{"$i":"network-issue-detail","$v":"කරුණාකර ඔබේ සම්බන්ධතාව පරීක්ෂා කරන්න."},{"$i":"device-issue-title","$v":"ස්ථාපනය කිරීමේ දෝෂයකි"},{"$i":"device-issue-detail","$v":"ගැටළුවක් ඇති විය."},{"$i":"install-generic-error","$v":"බාගැනීම නැවතුණි."},{"$i":"install","$v":"ස්ථාපනය කරන්න"},{"$i":"dismiss","$v":"ඉවත දමන්න"},{"$i":"new-app-recommended","$v":"KaiOS ස්ටෝරුව විසින් නව යෙදුම නිර්දේශ කෙරේ."},{"$i":"show-rich-content","$v":"අනර්ඝ අන්තර්ගතය පෙන්වන්න"},{"$i":"do-not-show","$v":"නො පෙන්වන්න"},{"$i":"free","$v":"නොමිලේ"},{"$i":"data-enable-short","$v":"WiFi සහ සෙලියුලර්"},{"$i":"wifi-only-short","$v":"WiFi පමණක්"},{"$i":"open-url","$v":"URL විවෘත කරන්න"},{"$i":"version","$v":"අනුවාදය"},{"$i":"uninstalled-msg-with-name","$v":[{"t":"idOrVar","v":"appName"}," අස්ථානපනය කෙරිණි."]},{"$i":"restart-phone-msg","$v":"ඔබේ KaiOS අත්දැකීම උපරීම කිරීමට ඔබේ දුරකථනය යළ අරඹන්න."},{"$i":"settings-and-account","$v":"සැකසුම් සහ ගිණුම"},{"$i":"like","$v":"කැමතියි"},{"$i":"unlike","$v":"කැමැත්ත ඉවත් කරන්න"},{"$i":"unliked-an-app-msg","$v":"ඔබ මෙම යෙදුමේ කැමැත්ත් ඉවත් කළේය"},{"$i":"store-update-and-launch","$v":"ගබඩා යාවත්කාලීනය ලද හැකිය. ගබඩාව දියත් කිරීමට හරි ඔබන්න"},{"$i":"app-push-launch-action","$v":"යන්න"},{"$i":"app-push-launch-content","$v":["අපට ",{"t":"idOrVar","v":"appName"}," ඔබ මඟහැරී ඇත, අප බැලීමට නැවත එන්න."]}]