[{"$i":"account","$v":"Účet"},{"$i":"sign-in","$v":"Prihlásiť"},{"$i":"NewAccount","$v":"Nový účet"},{"$i":"options","$v":"Voľby"},{"$i":"cancel","$v":"Zrušiť"},{"$i":"update","$v":"Aktualizovať"},{"$i":"back","$v":"Späť"},{"$i":"uninstall","$v":"Odinštalovať"},{"$i":"update-found","$v":"Je k dispozícii aktualizácia."},{"$i":"update-found-content","$v":"Aplikácia KaiOS Store sa otvorí a automaticky aktualizuje. Vráťte sa o chvíľku."},{"$i":"no-internet","$v":"Bez internetu"},{"$i":"connection-error","$v":"Chyba spojenia."},{"$i":"enable","$v":"Povoliť"},{"$i":"open-service","$v":"Otvorená služba"},{"$i":"downloading","$v":"Sťahovanie"},{"$i":"loading","$v":"Načítava sa..."},{"$i":"CAT-recommended","$v":"Odporúčané"},{"$i":"CAT-all","$v":"Všetko"},{"$i":"CAT-10","$v":"Hry"},{"$i":"CAT-20","$v":"Zábava"},{"$i":"CAT-30","$v":"Ľudia"},{"$i":"CAT-40","$v":"Nakupovanie"},{"$i":"CAT-50","$v":"Správy"},{"$i":"CAT-60","$v":"Nástroje"},{"$i":"CAT-70","$v":"Životný štýl"},{"$i":"CAT-80","$v":"Zdravie"},{"$i":"CAT-90","$v":"Šport"},{"$i":"CAT-100","$v":"Knihy a materiály"},{"$i":"login-note","$v":"Víta vás aplikácia KaiOS Store. Prihláste sa do svojho účtu KaiOS a môžete začať."},{"$i":"ok","$v":"OK"},{"$i":"get","$v":"Získať"},{"$i":"buy","$v":"Kúpiť"},{"$i":"go","$v":"PREJSŤ"},{"$i":"select","$v":"VYBRAŤ"},{"$i":"create","$v":"Vytvoriť"},{"$i":"skip","$v":"Preskočiť"},{"$i":"confirmation","$v":"Potvrdenie"},{"$i":"uninstall-msg","$v":"Odinštalovať túto aplikáciu?"},{"$i":"stop","$v":"Zastaviť"},{"$i":"store","$v":"Obchod"},{"$i":"settings","$v":"Nastavenia"},{"$i":"privacy-policy","$v":"Zásady ochrany osobných údajov"},{"$i":"terms-and-services","$v":"Všeobecné podmienky"},{"$i":"need-help","$v":"Potrebujete pomoc?"},{"$i":"auto-update","$v":"Automaticky aktualizovať"},{"$i":"auto-update-off","$v":"Automaticky neaktualizovať"},{"$i":"data-enable","$v":"Cez Wi-Fi a mobilnú sieť"},{"$i":"all-connections","$v":"Cez všetky pripojenia"},{"$i":"wlan-only","$v":"iba cez WLAN"},{"$i":"wifi-only","$v":"Iba cez Wi-Fi"},{"$i":"not-found-header","$v":"Aplikácia sa nenašla"},{"$i":"not-found-msg","$v":"Ľutujeme, požadovanú aplikáciu sme v obchode nenašli."},{"$i":"no-price-header","$v":"Nákup aplikácie nie je k dispozícii"},{"$i":"no-price-msg","$v":"Z dôvodu problému s kartou SIM alebo pripojením. Nie je možné získať cenu zo servera. Aplikácie s možnosťou nákupu budú zakázané."},{"$i":"no-internet-with-tips","$v":"Bez internetového pripojenia. Na prístup na internet použite sieť Wi-Fi alebo mobilné dáta."},{"$i":"no-internet-with-tips-wlan","$v":"Žiadne internetové pripojenie. Na prístup na internet použite WLAN alebo mobilné dáta."},{"$i":"no-available-app","$v":"K dispozícii ešte nie je žiadna aktualizácia."},{"$i":"pin","$v":"Pripnúť"},{"$i":"open","$v":"OTVORIŤ"},{"$i":"website","$v":"Internetová stránka"},{"$i":"unpin","$v":"Odopnúť"},{"$i":"unpin-msg","$v":"Odopnúť záložku?"},{"$i":"pin-completely","$v":"Táto internetová stránka bola zaradená do kategórie Všetky aplikácie."},{"$i":"pin-bookmark-completely","$v":"Webová lokalita pripnutá k všetkým aplikáciám"},{"$i":"unpin-bookmark-completely","$v":"Webová lokalita odopnutá od všetkých aplikácií"},{"$i":"fota-found-content","$v":"Aktualizácia systému KaiOS je dostupná. Inštaláciou získate nové funkcie a vyšší výkon. "},{"$i":"fota-update-found","$v":"Aktualizácia systému je dostupná."},{"$i":"update-available","$v":"Aktualizácia je dostupná."},{"$i":"app-update-found-content","$v":["Aktualizácia aplikácie ",{"t":"idOrVar","v":"appName"}," je dostupná. Odporúčame jej inštaláciu. "]},{"$i":"app-update-found-content1","$v":["K dispozícii je aktualizácia aplikácie ",{"t":"idOrVar","v":"appName"}," Odporúčame ju nainštalovať."]},{"$i":"unpin-msg-with-name","$v":["Zrušiť pripnutie záložky ",{"t":"idOrVar","v":"appName"},"?"]},{"$i":"uninstall-msg-with-name","$v":["Odinštalovať ",{"t":"idOrVar","v":"appName"},"?"]},{"$i":"network-issue-title","$v":"Chyba siete"},{"$i":"network-issue-detail","$v":"Skontrolujte pripojenie."},{"$i":"device-issue-title","$v":"Chyba inštalácie"},{"$i":"device-issue-detail","$v":"Vyskytol sa problém."},{"$i":"install-generic-error","$v":"Sťahovanie sa prerušilo."},{"$i":"install","$v":"Inštalovať"},{"$i":"dismiss","$v":"Zahodiť"},{"$i":"new-app-recommended","$v":"Nová aplikácia odporúčaná obchodom KaiOS Store."},{"$i":"show-rich-content","$v":"Zobraziť bohatý obsah"},{"$i":"do-not-show","$v":"Nezobrazovať"},{"$i":"free","$v":"Zadarmo"},{"$i":"data-enable-short","$v":"Wi-Fi a mobilná sieť"},{"$i":"wifi-only-short","$v":"Iba Wi-Fi"},{"$i":"open-url","$v":"Otvoriť webovú adresu"},{"$i":"version","$v":"Verzia"},{"$i":"uninstalled-msg-with-name","$v":["Aplikácia ",{"t":"idOrVar","v":"appName"}," bola odinštalovaná."]},{"$i":"restart-phone-msg","$v":"Reštartujte telefón a maximalizujte svoj dojem zo systému KaiOS."},{"$i":"settings-and-account","$v":"Nastavenia a účet"},{"$i":"like","$v":"Páči sa mi to"},{"$i":"unlike","$v":"Zrušiť označenie Páči sa mi to"},{"$i":"unliked-an-app-msg","$v":"Zrušili ste označenie, že sa vám táto aplikácia páči"},{"$i":"store-update-and-launch","$v":"K dispozícii je aktualizácia obchodu. Stlačením tlačidla OK spustíte obchod."},{"$i":"app-push-launch-action","$v":"PREJSŤ"},{"$i":"app-push-launch-content","$v":["V aplikácii ",{"t":"idOrVar","v":"appName"}," nám chýbate, navštívte nás znova."]}]