[{"$i":"account","$v":"Llogaria"},{"$i":"sign-in","$v":"Identifikohu"},{"$i":"NewAccount","$v":"Llogari e re"},{"$i":"options","$v":"Opsionet"},{"$i":"cancel","$v":"Anulo"},{"$i":"update","$v":"Përditëso"},{"$i":"back","$v":"Prapa"},{"$i":"uninstall","$v":"Çinstalo"},{"$i":"update-found","$v":"U gjet përditësim."},{"$i":"update-found-content","$v":"Dyqani \"KaiOS\" do të mbyllet dhe do të përditësohet automatikisht. Kthehu pas pak."},{"$i":"no-internet","$v":"Nuk ka internet."},{"$i":"connection-error","$v":"Gabim lidhjeje."},{"$i":"enable","$v":"Aktivizo"},{"$i":"open-service","$v":"Hap shërbimin"},{"$i":"downloading","$v":"Po shkarkohet"},{"$i":"loading","$v":"Po ngarkohet..."},{"$i":"CAT-recommended","$v":"Rekomanduar"},{"$i":"CAT-all","$v":"Të gjitha"},{"$i":"CAT-10","$v":"Lojërat"},{"$i":"CAT-20","$v":"Argëtim"},{"$i":"CAT-30","$v":"Sociale"},{"$i":"CAT-40","$v":"Blerjet"},{"$i":"CAT-50","$v":"Lajme"},{"$i":"CAT-60","$v":"Mjetet"},{"$i":"CAT-70","$v":"Stil jetese"},{"$i":"CAT-80","$v":"Shëndet"},{"$i":"CAT-90","$v":"Sporte"},{"$i":"CAT-100","$v":"Libra dhe referenca"},{"$i":"login-note","$v":"Mirë se vjen në dyqanin \"KaiOS\". Identifikohu në llogarinë \"KaiOS\" për të filluar."},{"$i":"ok","$v":"OK"},{"$i":"get","$v":"Merre"},{"$i":"buy","$v":"Bli"},{"$i":"go","$v":"SHKO"},{"$i":"select","$v":"ZGJIDH"},{"$i":"create","$v":"Krijo"},{"$i":"skip","$v":"Kalo"},{"$i":"confirmation","$v":"Konfirmim"},{"$i":"uninstall-msg","$v":"Deinstalo këtë aplikacion?"},{"$i":"stop","$v":"Ndal"},{"$i":"store","$v":"Dyqani"},{"$i":"settings","$v":"Parametrat"},{"$i":"privacy-policy","$v":"Politika e privatësisë"},{"$i":"terms-and-services","$v":"Kushtet dhe shërbimet"},{"$i":"need-help","$v":"Të duhet ndihmë?"},{"$i":"auto-update","$v":"Azhurnim automatik"},{"$i":"auto-update-off","$v":"Mos azhurno"},{"$i":"data-enable","$v":"Përmes rrjetit Wi-Fi dhe celularit"},{"$i":"all-connections","$v":"Nëpërmjet të gjitha lidhjeve"},{"$i":"wlan-only","$v":"Vetëm nëpërmjet WLAN"},{"$i":"wifi-only","$v":"Vetëm përmes rrjetit Wi-Fi"},{"$i":"not-found-header","$v":"Aplikacioni nuk u gjet"},{"$i":"not-found-msg","$v":"Na vjen keq, aplikacioni i kërkuar nuk u gjet në dyqan."},{"$i":"no-price-header","$v":"Blerja e aplikacionit nuk ofrohet"},{"$i":"no-price-msg","$v":"Për shkak të kartës SIM ose problemi me lidhjen. Informacioni i çmimit nuk mund të gjendej nga serveri. Aplikacionet që mund të blihen do të çaktivizohen."},{"$i":"no-internet-with-tips","$v":"Nuk ka lidhje interneti. Përdorni Wi-Fi apo internet nga celulari për qasje në internet."},{"$i":"no-internet-with-tips-wlan","$v":"Nuk ka lidhje interneti. Përdorni WLAN ose internetin celular për të hyrë në internet."},{"$i":"no-available-app","$v":"Nuk ka ende aplikacion në dispozicion."},{"$i":"pin","$v":"Fiksoje"},{"$i":"open","$v":"HAPE"},{"$i":"website","$v":"Faqja e internetit"},{"$i":"unpin","$v":"Të shfiksohet"},{"$i":"unpin-msg","$v":"Të shfiksohet faqeshënuesi?"},{"$i":"pin-completely","$v":"Kjo faqe është fiksuar tek \"Të gjitha aplikacionet\"."},{"$i":"pin-bookmark-completely","$v":"Faqja e internetit u fiksua në të gjitha aplikacionet."},{"$i":"unpin-bookmark-completely","$v":"Faqja e internetit e shfiksua nga të gjitha aplikacionet."},{"$i":"fota-found-content","$v":"Ka përditësim për KaiOS. Instaloje për funksione të reja dhe performancë më të mirë."},{"$i":"fota-update-found","$v":"Ka përditësim të sistemit"},{"$i":"update-available","$v":"Ka përditësim"},{"$i":"app-update-found-content","$v":["Ka përditësim për ",{"t":"idOrVar","v":"appName"},". Rekomandohet instalimi."]},{"$i":"app-update-found-content1","$v":["Ka përditësim për \"",{"t":"idOrVar","v":"appName"},"\". Rekomandohet të instalohet."]},{"$i":"unpin-msg-with-name","$v":["Të shfiksohet faqeshënuesi i ",{"t":"idOrVar","v":"appName"},"?"]},{"$i":"uninstall-msg-with-name","$v":["Të çinstalohet ",{"t":"idOrVar","v":"appName"},"?"]},{"$i":"network-issue-title","$v":"Gabim rrjeti"},{"$i":"network-issue-detail","$v":"Kontrollo lidhjen."},{"$i":"device-issue-title","$v":"Gabim instalimi"},{"$i":"device-issue-detail","$v":"Ka ndodhur një problem."},{"$i":"install-generic-error","$v":"Shkarkimi ndaloi."},{"$i":"install","$v":"Instalo"},{"$i":"dismiss","$v":"Shpërfill"},{"$i":"new-app-recommended","$v":"Aplikacion i ri i rekomanduar nga \"KaiOS Store\"."},{"$i":"show-rich-content","$v":"Shfaq përmbajtje multimedia"},{"$i":"do-not-show","$v":"Mos shfaq"},{"$i":"free","$v":"Falas"},{"$i":"data-enable-short","$v":"Wi-Fi dhe celulare"},{"$i":"wifi-only-short","$v":"Vetëm Wi-Fi"},{"$i":"open-url","$v":"Hap URL"},{"$i":"version","$v":"Versioni"},{"$i":"uninstalled-msg-with-name","$v":[{"t":"idOrVar","v":"appName"}," u çinstalua."]},{"$i":"restart-phone-msg","$v":"Rindiz telefonin për të optimizuar përdorimin e KaiOS."},{"$i":"settings-and-account","$v":"Cilësimet dhe llogaria"},{"$i":"like","$v":"Jep pëlqim"},{"$i":"unlike","$v":"Hiq pëlqimin"},{"$i":"unliked-an-app-msg","$v":"Ia hoqe pëlqimin këtij aplikacioni"},{"$i":"store-update-and-launch","$v":"Ka përditësim për dyqanin. Shtyp OK për të hapur dyqanin."},{"$i":"app-push-launch-action","$v":"SHKO"},{"$i":"app-push-launch-content","$v":["Na mungon nga ",{"t":"idOrVar","v":"appName"},", eja sërish na vizito."]}]