[{"$i":"account","$v":"Konto"},{"$i":"sign-in","$v":"Logga in"},{"$i":"NewAccount","$v":"Nytt konto"},{"$i":"options","$v":"Alternativ"},{"$i":"cancel","$v":"Avbryt"},{"$i":"update","$v":"Uppdatera"},{"$i":"back","$v":"Tillbaka"},{"$i":"uninstall","$v":"Avinstallera"},{"$i":"update-found","$v":"Uppdatering hittades."},{"$i":"update-found-content","$v":"KaiOS Store stängs och uppdateras automatiskt. Återkom om en stund."},{"$i":"no-internet","$v":"Inget internet."},{"$i":"connection-error","$v":"Anslutningsfel."},{"$i":"enable","$v":"Aktivera"},{"$i":"open-service","$v":"Öppna tjänst"},{"$i":"downloading","$v":"Laddar ned"},{"$i":"loading","$v":"Laddar..."},{"$i":"CAT-recommended","$v":"Rekommenderat"},{"$i":"CAT-all","$v":"Alla"},{"$i":"CAT-10","$v":"Games"},{"$i":"CAT-20","$v":"Entertainment"},{"$i":"CAT-30","$v":"Social"},{"$i":"CAT-40","$v":"Shopping"},{"$i":"CAT-50","$v":"News"},{"$i":"CAT-60","$v":"Utilities"},{"$i":"CAT-70","$v":"Lifestyle"},{"$i":"CAT-80","$v":"Health"},{"$i":"CAT-90","$v":"Sports"},{"$i":"CAT-100","$v":{"$o":"Books & Reference"}},{"$i":"login-note","$v":"Välkommen till KaiOS Store. Logga in på ditt KaiOS-konto för att starta."},{"$i":"ok","$v":"OK"},{"$i":"get","$v":"Hämta"},{"$i":"buy","$v":"Köp"},{"$i":"go","$v":"GÅ"},{"$i":"select","$v":"VÄLJ"},{"$i":"create","$v":"Skapa"},{"$i":"skip","$v":"Hoppa över"},{"$i":"confirmation","$v":"Bekräftelse"},{"$i":"uninstall-msg","$v":"Vill du avinstallera den här appen?"},{"$i":"stop","$v":"Stoppa"},{"$i":"store","$v":"Butik"},{"$i":"settings","$v":"Inställningar"},{"$i":"privacy-policy","$v":"Sekretesspolicy"},{"$i":"terms-and-services","$v":"Villkor och tjänster"},{"$i":"need-help","$v":"Behöver du hjälp?"},{"$i":"auto-update","$v":"Autouppdatera"},{"$i":"auto-update-off","$v":"Autouppdatera inte"},{"$i":"data-enable","$v":"Via wifi och mobildata"},{"$i":"all-connections","$v":"Genom alla anslutningar."},{"$i":"wlan-only","$v":"Endast genom WLAN"},{"$i":"wifi-only","$v":"Endast via wifi"},{"$i":"not-found-header","$v":"Det gick inte att hitta appen"},{"$i":"not-found-msg","$v":"Det gick inte att hitta den begärda appen i butiken."},{"$i":"no-price-header","$v":"Appköp ej tillgängligt"},{"$i":"no-price-msg","$v":"På grund av fel med SIM-kort eller anslutning. Det går inte att hämta prisuppgifter från servern. Betalappar inaktiveras."},{"$i":"no-internet-with-tips","$v":"Ingen internetanslutning. Använd wifi eller mobildata för att få tillgång till internet."},{"$i":"no-internet-with-tips-wlan","$v":"Ingen internetanslutning. Använd WLAN eller mobildata för att komma åt internet."},{"$i":"no-available-app","$v":"Det finns ingen applikation tillgänglig än."},{"$i":"pin","$v":"Fäst"},{"$i":"open","$v":"ÖPPNA"},{"$i":"website","$v":"Webbplats"},{"$i":"unpin","$v":"Plocka bort"},{"$i":"unpin-msg","$v":"Vill du plocka bort det här bokmärket?"},{"$i":"pin-completely","$v":"Den här webbplatsen har fästs på Alla appar."},{"$i":"pin-bookmark-completely","$v":"Webbplats fäst vid alla appar"},{"$i":"unpin-bookmark-completely","$v":"Webbplats borttagen från alla appar"},{"$i":"fota-found-content","$v":"En KaiOS-uppdatering finns tillgänglig. Installera nu för att få nya funktioner och bättre prestanda."},{"$i":"fota-update-found","$v":"En systemuppdatering finns tillgänglig"},{"$i":"update-available","$v":"En uppdatering finns tillgänglig."},{"$i":"app-update-found-content","$v":["En ",{"t":"idOrVar","v":"appName"},"-uppdatering finns tillgänglig. Installation rekommenderas."]},{"$i":"app-update-found-content1","$v":["En uppdatering för ",{"t":"idOrVar","v":"appName"}," finns tillgänglig. Vi rekommenderar att den installeras."]},{"$i":"unpin-msg-with-name","$v":["Vill du ta bort ",{"t":"idOrVar","v":"appName"},"-bokmärket?"]},{"$i":"uninstall-msg-with-name","$v":["Vill du avinstallera ",{"t":"idOrVar","v":"appName"},"?"]},{"$i":"network-issue-title","$v":"Nätverksfel"},{"$i":"network-issue-detail","$v":"Kontrollera anslutningen."},{"$i":"device-issue-title","$v":"Installationsfel"},{"$i":"device-issue-detail","$v":"Ett fel har uppstått."},{"$i":"install-generic-error","$v":"Nedladdningen har stoppats."},{"$i":"install","$v":"Installera"},{"$i":"dismiss","$v":"Avvisa"},{"$i":"new-app-recommended","$v":"Ny app rekommenderas av KaiOS Store."},{"$i":"show-rich-content","$v":"Visa formaterat innehåll"},{"$i":"do-not-show","$v":"Visa inte"},{"$i":"free","$v":"Gratis"},{"$i":"data-enable-short","$v":"Wifi och mobildata"},{"$i":"wifi-only-short","$v":"Endast wifi"},{"$i":"open-url","$v":"Öppna URL"},{"$i":"version","$v":"Version"},{"$i":"uninstalled-msg-with-name","$v":[{"t":"idOrVar","v":"appName"}," har avinstallerats."]},{"$i":"restart-phone-msg","$v":"Starta om telefonen för en bättre upplevelse av KaiOS."},{"$i":"settings-and-account","$v":"Inställningar och konto"},{"$i":"like","$v":"Gilla"},{"$i":"unlike","$v":"Ogilla"},{"$i":"unliked-an-app-msg","$v":"Du ogillade denna appen"},{"$i":"store-update-and-launch","$v":"Det finns en uppdatering för Butiken. Klicka på OK för att starta Butiken."},{"$i":"app-push-launch-action","$v":"GÅ"},{"$i":"app-push-launch-content","$v":["Vi kommer att sakna dig på ",{"t":"idOrVar","v":"appName"},". Besök oss igen snart."]}]