[{"$i":"account","$v":"அக்கவுண்ட்"},{"$i":"sign-in","$v":"சைன் இன்"},{"$i":"NewAccount","$v":"புதிய அக்கவுண்ட்"},{"$i":"options","$v":"விருப்பங்கள்"},{"$i":"cancel","$v":"ரத்து செய்க"},{"$i":"update","$v":"அப்டேட்"},{"$i":"back","$v":"பின் செல்"},{"$i":"uninstall","$v":"அன்இன்ஸ்டால்"},{"$i":"update-found","$v":"அப்டேட் காணப்பட்டது."},{"$i":"update-found-content","$v":"KaiOS ஸ்டோர் தானாக மூடப்பட்டு அப்டேட் செய்யப்படும். தயவுசெய்து ஒரு சில நிமிடங்களில் திரும்பி வாருங்கள்."},{"$i":"no-internet","$v":"இன்டர்நெட் இல்லை."},{"$i":"connection-error","$v":"இணைப்பு பிழை."},{"$i":"enable","$v":"இயக்கு"},{"$i":"open-service","$v":"ஓபன் சர்வீஸ்"},{"$i":"downloading","$v":"டவுன்லோட் ஆகுகிறது"},{"$i":"loading","$v":"லோடிங்..."},{"$i":"CAT-recommended","$v":"பரிந்துரைக்கப்பட்டது"},{"$i":"CAT-all","$v":"எல்லாம்"},{"$i":"CAT-10","$v":"கேம்கள்"},{"$i":"CAT-20","$v":"பொழுதுபோக்கு"},{"$i":"CAT-30","$v":"சோசியல்"},{"$i":"CAT-40","$v":"ஷாப்பிங்"},{"$i":"CAT-50","$v":"செய்திகள்"},{"$i":"CAT-60","$v":"பயன்பாடுகள்"},{"$i":"CAT-70","$v":"லைஃப்ஸ்டைல்"},{"$i":"CAT-80","$v":"ஆரோக்கியம்"},{"$i":"CAT-90","$v":"விளையாட்டுக்கள்"},{"$i":"CAT-100","$v":"புத்தகங்கள் மற்றும் குறிப்பு"},{"$i":"login-note","$v":"KaiOS ஸ்டோர்-க்கு வரவேற்கிறோம். தொடங்குவதற்கு KaiOS அக்கவுண்ட்-இல் சைன் இன் செய்யவும்."},{"$i":"ok","$v":"சரி"},{"$i":"get","$v":"பெறவும்"},{"$i":"buy","$v":"வாங்கு"},{"$i":"go","$v":"செல்க"},{"$i":"select","$v":"தேர்ந்தெடு"},{"$i":"create","$v":"உருவாக்கு"},{"$i":"skip","$v":"தவிர்"},{"$i":"confirmation","$v":"உறுதிப்படுத்துதல்"},{"$i":"uninstall-msg","$v":"இந்தப் பயன்பாட்டை அன்இன்ஸ்டால் செய்யவா?"},{"$i":"stop","$v":"நிறுத்து"},{"$i":"store","$v":"ஸ்டோர்"},{"$i":"settings","$v":"செட்டிங்ஸ்"},{"$i":"privacy-policy","$v":"தனியுரிமைக் கொள்கை"},{"$i":"terms-and-services","$v":"விதிமுறைகளும் சேவைகளும்"},{"$i":"need-help","$v":"உதவி தேவையா?"},{"$i":"auto-update","$v":"தானியங்கு அப்டேட் செய்யவும்"},{"$i":"auto-update-off","$v":"தானியங்கு அப்டேட் செய்ய வேண்டாம்"},{"$i":"data-enable","$v":{"$o":"வை-ஃபை & செல்லுலார் மூலம்"}},{"$i":"all-connections","$v":"அனைத்து இணைப்புகள் வாயிலாக"},{"$i":"wlan-only","$v":"WLAN மூலமாக மட்டும்"},{"$i":"wifi-only","$v":"வை-ஃபை மூலம் மட்டும்"},{"$i":"not-found-header","$v":"பயன்பாடு கண்டறியப்படவில்லை"},{"$i":"not-found-msg","$v":"மன்னிக்கவும், கோரிய பயன்பாட்டை ஸ்டோரில் கண்டறிய முடியவில்லை."},{"$i":"no-price-header","$v":"செயலியை வாங்குதல் கிடைக்கப்பெறவில்லை"},{"$i":"no-price-msg","$v":"சிம் அட்டை அல்லது இணைப்புப் பிரச்சினையின் காரணமாக. சர்வரில் இருந்து விலைத் தகவலைப் பெறமுடியவில்லை. வாங்கத்தக்க செயலிகள் முடக்கப்படும்."},{"$i":"no-internet-with-tips","$v":"இன்டர்நெட் இணைப்பு இல்லை. இன்டர்நெட்-ஐ அணுக வை-ஃபை அல்லது மொபைல் டேட்டா-ஐ பயன்படுத்தவும்."},{"$i":"no-internet-with-tips-wlan","$v":"இணைய இணைப்பு இல்லை. இணையத்தை அணுக WLAN அல்லது மொபைல் தரவை உபயோகிக்கவும்."},{"$i":"no-available-app","$v":"இப்போது எந்தச் செயலியும் கிடைக்கப்பெறவில்லை."},{"$i":"pin","$v":"பின் செய்யவும்"},{"$i":"open","$v":"திறக்கவும்"},{"$i":"website","$v":"வெப்சைட்"},{"$i":"unpin","$v":"அன்-பின் செய்யவும்"},{"$i":"unpin-msg","$v":"இந்த புக்மார்க்-ஐ அன்-பின் செய்யவா?"},{"$i":"pin-completely","$v":"இந்த வெப்சைட் அனைத்து ஆப்-களிலும் பின் செய்யப்பட்டுள்ளது."},{"$i":"pin-bookmark-completely","$v":"அனைத்துச் செயலிகளுடனும் இணையதளம் பின் செய்யப்பட்டது"},{"$i":"unpin-bookmark-completely","$v":"அனைத்துச் செயலிகளில் இருந்தும் இணையதளம் பின் நீக்கப்பட்டது"},{"$i":"fota-found-content","$v":"காய்ஓ.எஸ் அப்டேட் கிடைக்கிறது. புதிய அம்சங்கள் மற்றும் சிறந்த செயல்திறனுக்கு இன்ஸ்டால் செய்யவும்."},{"$i":"fota-update-found","$v":"சிஸ்டம் அப்டேட் கிடைக்கிறது"},{"$i":"update-available","$v":"அப்டேட் கிடைக்கிறது"},{"$i":"app-update-found-content","$v":[{"t":"idOrVar","v":"appName"},"அப்டேட் கிடைக்கிறது. இன்ஸ்டால் செய்ய பரிந்துரைக்கப்படுகிறது. (இன்ஸ்டால்மெண்ட் - இன்ஸ்டாலேஷன்)"]},{"$i":"app-update-found-content1","$v":[{"t":"idOrVar","v":"appName"}," புதுப்பிப்பு கிடைக்கப்பெறுகிறது. நிறுவல் பரிந்துரைக்கப்படுகிறது."]},{"$i":"unpin-msg-with-name","$v":[{"t":"idOrVar","v":"appName"},"புக்மார்க்-ஐ அன்பின் செய்யவா?"]},{"$i":"uninstall-msg-with-name","$v":[{"t":"idOrVar","v":"appName"},"-ஐ அன்இன்ஸ்டால் செய்யவா?"]},{"$i":"network-issue-title","$v":"நெட்வொர்க் பிழை"},{"$i":"network-issue-detail","$v":"தயவுசெய்து உங்கள் இணைப்பை சரிபார்க்கவும்."},{"$i":"device-issue-title","$v":"இன்ஸ்டால் செய்வதில் பிழை"},{"$i":"device-issue-detail","$v":"ஒரு சிக்கல் ஏற்பட்டுள்ளது."},{"$i":"install-generic-error","$v":"டவுன்லோடு நிறுத்தப்பட்டது."},{"$i":"install","$v":"நிறுவு"},{"$i":"dismiss","$v":"நிராகரி"},{"$i":"new-app-recommended","$v":"கை ஓ.எஸ் ஸ்டோர் பரிந்துரைக்கின்ற புதிய செயலி."},{"$i":"show-rich-content","$v":"சிறப்பான உள்ளடக்கத்தை காண்பிக்கவும்"},{"$i":"do-not-show","$v":"காண்பிக்க வேண்டாம்"},{"$i":"free","$v":"இலவச"},{"$i":"data-enable-short","$v":{"$o":"வை-ஃபை & செல்லுலார்"}},{"$i":"wifi-only-short","$v":"வை-ஃபை மட்டும்"},{"$i":"open-url","$v":"URL-ஐ திறக்கவும்"},{"$i":"version","$v":"வெர்ஷன்"},{"$i":"uninstalled-msg-with-name","$v":[{"t":"idOrVar","v":"appName"}," அன்இன்ஸ்டால் செய்யப்பட்டது."]},{"$i":"restart-phone-msg","$v":{"$o":"உங்கள் காய்ஓ.எஸ்_x000D_&#10;  அனுபவத்தை அதிகரிக்க உங்கள் போனை ரீஸ்டார்ட் செய்யவும்."}},{"$i":"settings-and-account","$v":"செட்டிங்ஸ் மற்றும் அக்கவுண்ட்"},{"$i":"like","$v":"லைக்"},{"$i":"unlike","$v":"அன்லைக்"},{"$i":"unliked-an-app-msg","$v":"நீங்கள் இந்த ஆப்பை அன்லைக் செய்துள்ளீர்கள்"},{"$i":"store-update-and-launch","$v":"ஸ்டோர் அப்டேட் கிடைக்கிறது. ஸ்டோரை லாஞ்ச் செய்ய சரி என்பதை அழுத்தவும்."},{"$i":"app-push-launch-action","$v":"செல்க"},{"$i":"app-push-launch-content","$v":[{"t":"idOrVar","v":"appName"}," இல் நாங்கள் உங்களை எதிர்பார்க்கிறோம், எங்களை பார்வையிட மீண்டும் வாருங்கள்."]}]