[{"$i":"account","$v":"Account"},{"$i":"sign-in","$v":"సైన్‌‌‌‌‌‌‌‌‌‌‌‌‌‌ఇన్ చేయి"},{"$i":"NewAccount","$v":"కొత్త ఖాతా"},{"$i":"options","$v":"ఎంపికలు"},{"$i":"cancel","$v":"రద్దు చేయి"},{"$i":"update","$v":"అప్‌డేట్"},{"$i":"back","$v":"వెనుకకు"},{"$i":"uninstall","$v":"అన్‌ఇన్‌స్టాల్"},{"$i":"update-found","$v":"అప్‌డేట్ కనుగొనబడింది."},{"$i":"update-found-content","$v":"కాయి.ఓ.ఎస్ స్టోర్ స్వయంచాలకంగా మూసివేయబడుతుంది మరియు అప్‌డేట్ చేయబడుతుంది. దయచేసి కొంత సమయం తరువాత తిరిగి రండి."},{"$i":"no-internet","$v":"ఇంటర్నెట్ లేదు."},{"$i":"connection-error","$v":"కనెక్షన్ దోషం."},{"$i":"enable","$v":"ప్రారంభించు"},{"$i":"open-service","$v":"సర్వీసు తెరువు"},{"$i":"downloading","$v":"డౌన్‌లోడ్ అవుతోంది"},{"$i":"loading","$v":"లోడ్ అవుతోంది..."},{"$i":"CAT-recommended","$v":"Recommended"},{"$i":"CAT-all","$v":"అన్నీ"},{"$i":"CAT-10","$v":"ఆటలు"},{"$i":"CAT-20","$v":"వినోదం"},{"$i":"CAT-30","$v":"సోషల్"},{"$i":"CAT-40","$v":"షాపింగ్"},{"$i":"CAT-50","$v":"వార్తలు"},{"$i":"CAT-60","$v":"యుటిలిటీస్"},{"$i":"CAT-70","$v":"జీవనశైలి"},{"$i":"CAT-80","$v":"ఆరోగ్యం"},{"$i":"CAT-90","$v":"క్రీడలు"},{"$i":"CAT-100","$v":"పుస్తకాలు మరియు సూచన"},{"$i":"login-note","$v":"కాయి.ఓ.ఎస్ స్టోర్‌‌‌‌‌‌‌‌‌కి స్వాగతం. దయచేసి ప్రారంభించడానికి కాయి.ఓ.ఎస్ ఖాతాలోకి సైన్ ఇన్ చేయండి."},{"$i":"ok","$v":"సరే"},{"$i":"get","$v":"పొందండి"},{"$i":"buy","$v":"Buy"},{"$i":"go","$v":"వెళ్లు"},{"$i":"select","$v":"ఎంచుకొను"},{"$i":"create","$v":"సృష్టించు"},{"$i":"skip","$v":"స్కిప్"},{"$i":"confirmation","$v":"నిర్ధారణ"},{"$i":"uninstall-msg","$v":"ఈ అప్లికేషన్‌ను అన్‌ఇన్‌స్టాల్ చెయ్యాలా?"},{"$i":"stop","$v":"ఆపివేయండి"},{"$i":"store","$v":"స్టోర్"},{"$i":"settings","$v":"సెట్టింగ్స్"},{"$i":"privacy-policy","$v":"Privacy Policy"},{"$i":"terms-and-services","$v":"Terms and Services"},{"$i":"need-help","$v":"Need Help?"},{"$i":"auto-update","$v":"స్వీయ అప్‌డేట్ చేయి"},{"$i":"auto-update-off","$v":"స్వీయ అప్‌డేట్ చేయవద్దు"},{"$i":"data-enable","$v":"వైఫై మరియు సెల్యూలార్ ద్వారా"},{"$i":"all-connections","$v":"Through all connections"},{"$i":"wlan-only","$v":"Only through WLAN"},{"$i":"wifi-only","$v":"వైఫై ద్వారా మాత్రమే"},{"$i":"not-found-header","$v":"అప్లికేషన్ కనుగొనబడలేదు"},{"$i":"not-found-msg","$v":"క్షమించండి, అభ్యర్థించిన అప్లికేషన్ స్టోర్‌‌‌‌‌‌‌‌‌లో కనుగొనబడలేదు."},{"$i":"no-price-header","$v":"App Purchase Unavailable"},{"$i":"no-price-msg","$v":"Due to SIM card or connection issue. Unable to retrieve price info from server. Purchasable apps will be disabled."},{"$i":"no-internet-with-tips","$v":"ఇంటర్నెట్ కనెక్షన్ లేదు. ఇంటర్నెట్‌ను యాక్సిస్ చేసేందుకు వై-ఫై లేదా మొబైల్ డేటాను ఉపయోగించండి."},{"$i":"no-internet-with-tips-wlan","$v":"No internet connection. Use WLAN or mobile data to access the internet."},{"$i":"no-available-app","$v":"There is no application available yet."},{"$i":"pin","$v":"పిన్‌"},{"$i":"open","$v":"తెరవండి"},{"$i":"website","$v":"వెబ్‌‌సైట్ "},{"$i":"unpin","$v":"అన్‌‌పిన్‌ ‌చేయి"},{"$i":"unpin-msg","$v":"ఈ బుక్‌‌మార్క్‌‌ని అన్‌‌పిన్ చెయ్యాలా?"},{"$i":"pin-completely","$v":"ఈ వెబ్‌సైట్ అన్ని యాప్‌‌లకు పిన్ చేయబడింది."},{"$i":"pin-bookmark-completely","$v":"Website Pinned to All Apps"},{"$i":"unpin-bookmark-completely","$v":"Website Unpinned from All Apps"},{"$i":"fota-found-content","$v":"కాయ్.ఓ.ఎస్ అప్‌‌డేట్ అందుబాటులో ఉంది. కొత్త ఫీచర్స్  మరియు మెరుగైన పెర్ఫార్మెన్స్ కోసం ఇన్‌‌స్టాల్ చేయండి."},{"$i":"fota-update-found","$v":"సిస్టమ్ అప్‌డేట్ అందుబాటులో ఉంది"},{"$i":"update-available","$v":"అప్‌డేట్ అందుబాటులో ఉంది"},{"$i":"app-update-found-content","$v":[{"t":"idOrVar","v":"appName"}," అప్‌‌డేట్ అందుబాటులో ఉంది. ఇన్‌‌‌స్టాల్ చేయమని సిఫారసు చేస్తుంది. (ఇన్‌‌‌స్టాల్‌మెంట్ - ఇన్‌‌‌స్టాలేషన్)"]},{"$i":"app-update-found-content1","$v":[{"t":"idOrVar","v":"appName"}," update is available. Installation is recommended."]},{"$i":"unpin-msg-with-name","$v":[{"t":"idOrVar","v":"appName"}," బుక్‌‌‌మార్క్‌‌‌ని అన్‌‌‌పిన్ చేయాలా?"]},{"$i":"uninstall-msg-with-name","$v":[{"t":"idOrVar","v":"appName"},"ని అన్‌‌‌ఇన్స్టాల్ చేయాలా?"]},{"$i":"network-issue-title","$v":"నెట్‌వర్క్ లోపం"},{"$i":"network-issue-detail","$v":"దయచేసి మీ కనెక్షన్‌ని చెక్ చేయండి."},{"$i":"device-issue-title","$v":"ఇన్స్టాల్ చేయడంలో లోపం"},{"$i":"device-issue-detail","$v":"ఒక సమస్య సంభవించింది."},{"$i":"install-generic-error","$v":"డౌన్లోడ్ నిలిపివేయబడింది."},{"$i":"install","$v":"Install"},{"$i":"dismiss","$v":"Dismiss"},{"$i":"new-app-recommended","$v":"New App Recommended by KaiOS Store."},{"$i":"show-rich-content","$v":"Show rich content"},{"$i":"do-not-show","$v":"Do not show"},{"$i":"free","$v":"Free"},{"$i":"data-enable-short","$v":{"$o":"WiFi & Cellular"}},{"$i":"wifi-only-short","$v":"WiFi Only"},{"$i":"open-url","$v":"Open URL"},{"$i":"version","$v":"Version"},{"$i":"uninstalled-msg-with-name","$v":[{"t":"idOrVar","v":"appName"}," uninstalled."]},{"$i":"restart-phone-msg","$v":"Please restart your phone to maximize your KaiOS experience."},{"$i":"settings-and-account","$v":{"$o":"Settings & Account"}},{"$i":"like","$v":"Like"},{"$i":"unlike","$v":"Unlike"},{"$i":"unliked-an-app-msg","$v":"You unliked this app"},{"$i":"store-update-and-launch","$v":"Store update is available. Press ok to launch Store."},{"$i":"app-push-launch-action","$v":"Go"},{"$i":"app-push-launch-content","$v":["We miss you at ",{"t":"idOrVar","v":"appName"},", Come back to visit us."]}]