[{"$i":"account","$v":"Hesap"},{"$i":"sign-in","$v":"Oturum Aç"},{"$i":"NewAccount","$v":"Yeni Hesap"},{"$i":"options","$v":"Seçenekler"},{"$i":"cancel","$v":"İptal"},{"$i":"update","$v":"Güncelle"},{"$i":"back","$v":"Geri"},{"$i":"uninstall","$v":"Kaldır"},{"$i":"update-found","$v":"Güncelleme bulundu."},{"$i":"update-found-content","$v":"KaiOS Store kapatılacak ve otomatik güncelleme yapılacak. Lütfen birkaç dakika içinde tekrar gelin."},{"$i":"no-internet","$v":"İnternet erişimi yok."},{"$i":"connection-error","$v":"Bağlantı hatası."},{"$i":"enable","$v":"Etkinleştir"},{"$i":"open-service","$v":"Açık Hizmet"},{"$i":"downloading","$v":"İndiriliyor"},{"$i":"loading","$v":"Yükleniyor..."},{"$i":"CAT-recommended","$v":"Önerilen"},{"$i":"CAT-all","$v":"Tümü"},{"$i":"CAT-10","$v":"Oyunlar"},{"$i":"CAT-20","$v":"Eğlence"},{"$i":"CAT-30","$v":"Sosyal"},{"$i":"CAT-40","$v":"Alışveriş"},{"$i":"CAT-50","$v":"Haber"},{"$i":"CAT-60","$v":"Kamu Hizmetleri"},{"$i":"CAT-70","$v":"Yaşam biçimi"},{"$i":"CAT-80","$v":"Sağlık"},{"$i":"CAT-90","$v":"Spor"},{"$i":"CAT-100","$v":"Kitap ve Referanslar"},{"$i":"login-note","$v":"KaiOS Store’a hoş geldiniz. Lütfen başlamak için KaiOS hesabınıza giriş yapın."},{"$i":"ok","$v":"Tamam"},{"$i":"get","$v":"Al"},{"$i":"buy","$v":"Satın al"},{"$i":"go","$v":"GİT"},{"$i":"select","$v":"SEÇ"},{"$i":"create","$v":"Oluştur"},{"$i":"skip","$v":"Atla"},{"$i":"confirmation","$v":"Onay"},{"$i":"uninstall-msg","$v":"Bu uygulama silinsin mi?"},{"$i":"stop","$v":"Durdur"},{"$i":"store","$v":"Mağaza"},{"$i":"settings","$v":"Ayarlar"},{"$i":"privacy-policy","$v":"Gizlilik Bildirimi"},{"$i":"terms-and-services","$v":"Hizmet ve Kullanım"},{"$i":"need-help","$v":"Yardım mı Gerekiyor?"},{"$i":"auto-update","$v":"Oto. Güncelleştirme"},{"$i":"auto-update-off","$v":"Oto. güncelleştirme yapma"},{"$i":"data-enable","$v":"WiFi ve Hücresel Veri üzerinden"},{"$i":"all-connections","$v":"Tüm bağlantılar üzerinden"},{"$i":"wlan-only","$v":"Sadece WLAN üzerinden"},{"$i":"wifi-only","$v":"Sadece WiFi üzerinden"},{"$i":"not-found-header","$v":"Uygulama Bulunamadı"},{"$i":"not-found-msg","$v":"Üzgünüz, istenen uygulama Store'da bulunamadı."},{"$i":"no-price-header","$v":"Uygulama Siparişi Bulunmuyor"},{"$i":"no-price-msg","$v":"SSIM kart ya da bağlantı sorunu dolayısı ile sunucudan ücret bilgisi alınamıyor. Sipariş edilebilir uygulamalar devre dışı bırakılacak."},{"$i":"no-internet-with-tips","$v":"İnternet bağlantısı mevcut değil. WiFi veya mobil veri kullanın."},{"$i":"no-internet-with-tips-wlan","$v":"Ağ bağlantısı mevcut değil. İnternet erişimi için WLAN ya da mobil veri kullanın."},{"$i":"no-available-app","$v":"Henüz yeni uygulama bulunmuyor."},{"$i":"pin","$v":"Sabitle"},{"$i":"open","$v":"AÇ"},{"$i":"website","$v":"Web sitesi"},{"$i":"unpin","$v":"Sabitlemeyi kaldır"},{"$i":"unpin-msg","$v":"Bu yer imi kaldırılsın mı?"},{"$i":"pin-completely","$v":"Bu web sayfası Tüm Uygulamalara sabitlendi."},{"$i":"pin-bookmark-completely","$v":"Web sitesi Tüm Uygulamalara Sabitlendi"},{"$i":"unpin-bookmark-completely","$v":"Web sitesinin Tüm Uygulamalarda Sabitlenmesi Kaldırıldı"},{"$i":"fota-found-content","$v":"KaiOS güncellemesi mevcut. Yeni özellikler ve daha iyi performans için yükleyin."},{"$i":"fota-update-found","$v":"Sistem güncellemesi mevcut"},{"$i":"update-available","$v":"Güncelleme mevcut"},{"$i":"app-update-found-content","$v":[{"t":"idOrVar","v":"appName"}," için güncelleme mevcut. Yüklenmesi önerilir."]},{"$i":"app-update-found-content1","$v":[{"t":"idOrVar","v":"appName"}," güncellemesi bulunuyor. Kurulması önerilir."]},{"$i":"unpin-msg-with-name","$v":[{"t":"idOrVar","v":"appName"}," uygulama yer imi kaldırılsın mı?"]},{"$i":"uninstall-msg-with-name","$v":[{"t":"idOrVar","v":"appName"}," uygulaması kaldırılsın mı?"]},{"$i":"network-issue-title","$v":"Ağ Hatası"},{"$i":"network-issue-detail","$v":"Lütfen bağlantınızı kontrol edin."},{"$i":"device-issue-title","$v":"Kurulum Hatası"},{"$i":"device-issue-detail","$v":"Bir sorun oluştu."},{"$i":"install-generic-error","$v":"İndirme durdu."},{"$i":"install","$v":"Kur"},{"$i":"dismiss","$v":"Atla"},{"$i":"new-app-recommended","$v":"KaiOS Store Tarafından Yeni Bir Uygulama Önerildi."},{"$i":"show-rich-content","$v":"Zengin içeriği göster"},{"$i":"do-not-show","$v":"Gösterme"},{"$i":"free","$v":"Ücretsiz"},{"$i":"data-enable-short","$v":"WiFi ve Hücresel Veri"},{"$i":"wifi-only-short","$v":"Sadece WiFi"},{"$i":"open-url","$v":"URL'yi Aç"},{"$i":"version","$v":"Sürüm"},{"$i":"uninstalled-msg-with-name","$v":[{"t":"idOrVar","v":"appName"}," kaldırıldı."]},{"$i":"restart-phone-msg","$v":"KaiOS deneyiminizi tam potansiyele ulaştırmak için lütfen telefonunuzu yeniden başlatın."},{"$i":"settings-and-account","$v":{"$o":"Ayarlar & Hesap"}},{"$i":"like","$v":"Beğen"},{"$i":"unlike","$v":"Beğeniyi geri al"},{"$i":"unliked-an-app-msg","$v":"Bu uygulamanın beğenisini geri aldınız"},{"$i":"store-update-and-launch","$v":"Mağaza güncellemesi hazır. Mağazayı başlatmak için Tamam’a basın."},{"$i":"app-push-launch-action","$v":"GİT"},{"$i":"app-push-launch-content","$v":[{"t":"idOrVar","v":"appName"}," sizi özledi. Bizi tekrar ziyaret edin. "]}]