[{"$i":"account","$v":"Account"},{"$i":"sign-in","$v":"साइन इन खालाम"},{"$i":"NewAccount","$v":"गोदान एकाउन्ट"},{"$i":"options","$v":"सायख'"},{"$i":"cancel","$v":"केनचेल खालाम"},{"$i":"update","$v":"आपडेट खालाम"},{"$i":"back","$v":"बेक खालाम"},{"$i":"uninstall","$v":"आनइन्सटल खालाम"},{"$i":"update-found","$v":"फोदाननाय मोनदों।"},{"$i":"update-found-content","$v":"काइअ.एस. दोनथुमग्राया गावनो गाव बन्द आरो आपडेट जायो । दसेनि उनावनो नायफिन"},{"$i":"no-internet","$v":"जेबो इन्टारनेट गैया।"},{"$i":"connection-error","$v":"कानेक्सन जेंना"},{"$i":"enable","$v":"हानाय खालाम"},{"$i":"open-service","$v":"अपेन सारभिस"},{"$i":"downloading","$v":"डाउनलड जागासिनो"},{"$i":"loading","$v":"लड खालामदों..."},{"$i":"CAT-recommended","$v":"Recommended"},{"$i":"CAT-all","$v":"गासैबो"},{"$i":"CAT-10","$v":"गेलेनाय"},{"$i":"CAT-20","$v":"रंजानाय"},{"$i":"CAT-30","$v":"ससियेल"},{"$i":"CAT-40","$v":"सपिं"},{"$i":"CAT-50","$v":"खौरांफोर"},{"$i":"CAT-60","$v":"बाहायथाइफोर"},{"$i":"CAT-70","$v":"जिउनि साजायनाय"},{"$i":"CAT-80","$v":"देहा"},{"$i":"CAT-90","$v":"गेलेमु"},{"$i":"CAT-100","$v":"बिजाब आरो हेफाजाब लानाय बिजाब"},{"$i":"login-note","$v":"काइअ.एस. ष्टरा बरायबाय । अननानै काइअ.एस. साइन इन खालाम ।"},{"$i":"ok","$v":"अके खालाम"},{"$i":"get","$v":"मोन"},{"$i":"buy","$v":"Buy"},{"$i":"go","$v":"थां"},{"$i":"select","$v":"सायख’"},{"$i":"create","$v":"सोरजि"},{"$i":"skip","$v":"खोमा/खोमोर"},{"$i":"confirmation","$v":"थि मिथिथाइ"},{"$i":"uninstall-msg","$v":"बे एपखौ आनष्टल खालाम ?"},{"$i":"stop","$v":"थाबथाहो"},{"$i":"store","$v":"दोनथुम"},{"$i":"settings","$v":"चेटिंफोर"},{"$i":"privacy-policy","$v":"Privacy Policy"},{"$i":"terms-and-services","$v":"Terms and Services"},{"$i":"need-help","$v":"Need Help?"},{"$i":"auto-update","$v":"अट' पडेट"},{"$i":"auto-update-off","$v":"अट' पडेट खालामनाङा"},{"$i":"data-enable","$v":"वाइ-फाइ आरो सेलुलारनि गेजेरजों"},{"$i":"all-connections","$v":"Through all connections"},{"$i":"wlan-only","$v":"Only through WLAN"},{"$i":"wifi-only","$v":"वाइ-फाइनि गेजेरजोंल'"},{"$i":"not-found-header","$v":"एप मोननाय जायाखै"},{"$i":"not-found-msg","$v":"जोंखौ निमाहा हो, नागिरनाय एपखौ दोनथुमग्रायाव मोननाय जायाखै ।"},{"$i":"no-price-header","$v":"App Purchase Unavailable"},{"$i":"no-price-msg","$v":"Due to SIM card or connection issue. Unable to retrieve price info from server. Purchasable apps will be disabled."},{"$i":"no-internet-with-tips","$v":"इन्टारनेट कानेक्सन गैया । इन्टारनेट बाहायनो वाइ-फाइ एबा मबाइल डेटा बाहाय ।"},{"$i":"no-internet-with-tips-wlan","$v":"No internet connection. Use WLAN or mobile data to access the internet."},{"$i":"no-available-app","$v":"There is no application available yet."},{"$i":"pin","$v":"पिन"},{"$i":"open","$v":"खुलि"},{"$i":"website","$v":"वेबसाइट"},{"$i":"unpin","$v":"पिन दाखालामि"},{"$i":"unpin-msg","$v":"बे बुकमार्कखौ आनपिन खालाम ?"},{"$i":"pin-completely","$v":"गासैबो एपसनि थाखाय बे वेबसाइटखौ पिन खालामनाय जाबाय ।"},{"$i":"pin-bookmark-completely","$v":"Website Pinned to All Apps"},{"$i":"unpin-bookmark-completely","$v":"Website Unpinned from All Apps"},{"$i":"fota-found-content","$v":"काई ओ.एस आपडेट दं । गोदान गोदान मावथाइ आरो खामानियाव मोजां जानायनि थाखाय इन्सटल खालाम ।"},{"$i":"fota-update-found","$v":"सिसटेम आपडेट दं ।"},{"$i":"update-available","$v":"फोदाननाय दङ"},{"$i":"app-update-found-content","$v":[{"t":"idOrVar","v":"appName"}," आपडेट दं । इन्सटलमेन्ट खालामनांगोन । (इन्सटलमेन्ट-इन्सटलेसन)"]},{"$i":"app-update-found-content1","$v":[{"t":"idOrVar","v":"appName"}," update is available. Installation is recommended."]},{"$i":"unpin-msg-with-name","$v":["सुथाबै ",{"t":"idOrVar","v":"appName"}," बिजाबनि महर ?"]},{"$i":"uninstall-msg-with-name","$v":["सोयै ",{"t":"idOrVar","v":"appName"}," ?"]},{"$i":"network-issue-title","$v":"नेटवार्ट गोरोन्थि"},{"$i":"network-issue-detail","$v":"अन्नानै नोंथांनि फोनांजाबथायखौ नाय।"},{"$i":"device-issue-title","$v":"गोरोन्थि सोनाय"},{"$i":"device-issue-detail","$v":"मोनसे जेंना सोमजिबाय।"},{"$i":"install-generic-error","$v":"डाउनलडा थादबाय।"},{"$i":"install","$v":"Install"},{"$i":"dismiss","$v":"Dismiss"},{"$i":"new-app-recommended","$v":"New App Recommended by KaiOS Store."},{"$i":"show-rich-content","$v":"Show rich content"},{"$i":"do-not-show","$v":"Do not show"},{"$i":"free","$v":"Free"},{"$i":"data-enable-short","$v":{"$o":"WiFi & Cellular"}},{"$i":"wifi-only-short","$v":"WiFi Only"},{"$i":"open-url","$v":"Open URL"},{"$i":"version","$v":"Version"},{"$i":"uninstalled-msg-with-name","$v":[{"t":"idOrVar","v":"appName"}," uninstalled."]},{"$i":"restart-phone-msg","$v":"Please restart your phone to maximize your KaiOS experience."},{"$i":"settings-and-account","$v":{"$o":"Settings & Account"}},{"$i":"like","$v":"Like"},{"$i":"unlike","$v":"Unlike"},{"$i":"unliked-an-app-msg","$v":"You unliked this app"},{"$i":"store-update-and-launch","$v":"Store update is available. Press ok to launch Store."},{"$i":"app-push-launch-action","$v":"Go"},{"$i":"app-push-launch-content","$v":["We miss you at ",{"t":"idOrVar","v":"appName"},", Come back to visit us."]}]