[{"$i":"account","$v":"اکاؤنٹ"},{"$i":"sign-in","$v":"سائن ان کریں"},{"$i":"NewAccount","$v":"نیا اکاؤنٹ"},{"$i":"options","$v":"اختیارات"},{"$i":"cancel","$v":"منسوخ کریں"},{"$i":"update","$v":"تازہ معلومات"},{"$i":"back","$v":"واپس جائیں"},{"$i":"uninstall","$v":"اَن انسٹال کریں"},{"$i":"update-found","$v":"اپ ڈیٹ ملی۔"},{"$i":"update-found-content","$v":"KaiOS اسٹور بند ہوگا اور خودکارانہ طریقہ سے اپ ڈیٹ ہوگا۔ براہ کرم کچھ لمحوں میں واپس آئیں۔"},{"$i":"no-internet","$v":"انٹرنیٹ نہیں ہے۔"},{"$i":"connection-error","$v":"کنکشن کی خرابی۔"},{"$i":"enable","$v":"فعال کریں"},{"$i":"open-service","$v":"خدمت کو کھولیں"},{"$i":"downloading","$v":"ڈاؤن لوڈنگ"},{"$i":"loading","$v":"لوڈ ہو رہا ہے..."},{"$i":"CAT-recommended","$v":"تجویز کردہ"},{"$i":"CAT-all","$v":"تمام"},{"$i":"CAT-10","$v":"گیمز"},{"$i":"CAT-20","$v":"تفریح"},{"$i":"CAT-30","$v":"سماجی"},{"$i":"CAT-40","$v":"شاپنگ"},{"$i":"CAT-50","$v":"خبریں"},{"$i":"CAT-60","$v":"افادیت"},{"$i":"CAT-70","$v":"طرز زندگی"},{"$i":"CAT-80","$v":"صحت"},{"$i":"CAT-90","$v":"کھیل کود"},{"$i":"CAT-100","$v":"کتابیں اور ترجیح"},{"$i":"login-note","$v":"KaiOS اسٹور میں خوش آمدید۔ برائے مہربانی شروع کرنے کے لئے KaiOS اکاؤنٹ کو سائن ان کریں"},{"$i":"ok","$v":"ٹھیک ہے"},{"$i":"get","$v":"حاصل کریں"},{"$i":"buy","$v":"خریدنا"},{"$i":"go","$v":"جائیں"},{"$i":"select","$v":"منتخب کریں"},{"$i":"create","$v":"بنائیں"},{"$i":"skip","$v":"نظر انداز کریں"},{"$i":"confirmation","$v":"توثیق کاری"},{"$i":"uninstall-msg","$v":"ایپ ان انسٹال کریں؟"},{"$i":"stop","$v":"روکیں"},{"$i":"store","$v":"اسٹور کریں"},{"$i":"settings","$v":"ترتیبات"},{"$i":"privacy-policy","$v":"رازداری کی پالیسی"},{"$i":"terms-and-services","$v":"شرائط اور خدمات"},{"$i":"need-help","$v":"مدد چاہیے؟"},{"$i":"auto-update","$v":"خود کار اپ ڈیٹ"},{"$i":"auto-update-off","$v":"خود کار اپ ڈیٹ نہ کریں"},{"$i":"data-enable","$v":"وائی فائی اور سیلولر کے ذریعے"},{"$i":"all-connections","$v":"تمام کنکشنز کے ذریعے"},{"$i":"wlan-only","$v":"صرف بذریعہ WLAN"},{"$i":"wifi-only","$v":"صرف وائی فائی کے ذریعے"},{"$i":"not-found-header","$v":"ایپ نہیں ملا"},{"$i":"not-found-msg","$v":"ہم معذرت خواہ ہیں، اسٹور میں درخواست کردہ ایپ نہیں پایا گیا۔"},{"$i":"no-price-header","$v":"اپلی کیشن دستیاب نہیں ہے"},{"$i":"no-price-msg","$v":"سم کارڈ یا کنکشن مسئلے کی وجہ سے۔ سرور سے قیمت کی معلومات حاصل کرنے میں ناکام۔ خریداری کی اپلی کیشن کو غیر فعال کردیا جائے گا۔"},{"$i":"no-internet-with-tips","$v":"کوئی انٹرنیٹ کنکشن نہیں ہے۔ انٹرنیٹ تک رسائی کیلئے وائی۔فائی یا موبائل ڈیٹا کا استعمال کریں۔"},{"$i":"no-internet-with-tips-wlan","$v":"کوئی انٹرنیٹ کنکشن نہیں۔ انٹرنیٹ تک رسائی کے لیے WLAN یا موبائل ڈیٹا استعمال کریں۔"},{"$i":"no-available-app","$v":"ابھی تک کوئی درخواست دستیاب نہیں ہے۔"},{"$i":"pin","$v":"پن"},{"$i":"open","$v":"کھولیں"},{"$i":"website","$v":"ویب سائٹ"},{"$i":"unpin","$v":"پن ہٹائیں"},{"$i":"unpin-msg","$v":"اس بک مارک کو ان پن کریں؟"},{"$i":"pin-completely","$v":"یہ ویب سائٹ تمام ایپس کے ساتھ ٹکی گئی ہے۔"},{"$i":"pin-bookmark-completely","$v":"ویب سائٹ پر تمام ایپلی کیشنز کی فہرست"},{"$i":"unpin-bookmark-completely","$v":"تمام ایپلی کیشنز سے ویب سائٹ کو غیر منحصر کیا گیا ہے"},{"$i":"fota-found-content","$v":"کائی۔او۔ایس اپ ڈیٹ دستیاب ہے۔ بہتر کارکردگی اور نئے _x005F_x000D__x005F_x000D__x005F_x000D__x005F_x000D__x005F_x000D__x005F_x000D__x005F_x000D__x005F_x000D__x005F_x000D__x005F_x000D__x005F_x000D__x005F_x000D__x005F_x000D__x005F_x000D__x000D_"},{"$i":"fota-update-found","$v":"سسٹم اپ ڈیٹ دستیاب ہے"},{"$i":"update-available","$v":"اپ ڈیٹ دستیاب ہے"},{"$i":"app-update-found-content","$v":[{"t":"idOrVar","v":"appName"}," کا اپ ڈیٹ دستیاب ہے۔ انسٹالمنٹ کی_x005F_x000D__x005F_x000D__x005F_x000D__x005F_x000D__x005F_x000D__x005F_x000D__x005F_x000D__x005F_x000D__x005F_x000D__x005F_x000D__x005F_x000D__x005F_x000D__x005F_x000D__x005F_x000D__x000D_"]},{"$i":"app-update-found-content1","$v":[{"t":"idOrVar","v":"appName"}," اپ ڈیٹ دستیاب ہے۔ تنصیب کی سفارش کی جاتی ہے۔"]},{"$i":"unpin-msg-with-name","$v":["ان پن ",{"t":"idOrVar","v":"appName"}," بک مارک؟"]},{"$i":"uninstall-msg-with-name","$v":["ان انسٹال ",{"t":"idOrVar","v":"appName"},"؟"]},{"$i":"network-issue-title","$v":"نیٹ ورک خرابی"},{"$i":"network-issue-detail","$v":"براہ کرم اپنے کنکشن کی جانچ کریں۔"},{"$i":"device-issue-title","$v":"انسٹال میں خرابی"},{"$i":"device-issue-detail","$v":"ایک مسئلہ آ گیا ہے۔"},{"$i":"install-generic-error","$v":"ڈاؤن لوڈ رک گیا۔"},{"$i":"install","$v":"انسٹال کریں"},{"$i":"dismiss","$v":"برطرف"},{"$i":"new-app-recommended","$v":"کائے اوہ۔ایس اسٹور کی طرف سے تجویز کردہ نیا اپلی کیشن۔"},{"$i":"show-rich-content","$v":"بھرپور مواد دکھائیں"},{"$i":"do-not-show","$v":"نہیں دکھائیں"},{"$i":"free","$v":"مفت"},{"$i":"data-enable-short","$v":"وائی فائی اور سیلولر سے"},{"$i":"wifi-only-short","$v":"صرف وائی فائی سے"},{"$i":"open-url","$v":"URL کھولیں"},{"$i":"version","$v":"ورژن"},{"$i":"uninstalled-msg-with-name","$v":[{"t":"idOrVar","v":"appName"}," غیر تنصیب شدہ۔"]},{"$i":"restart-phone-msg","$v":"اپنے KaiOS کے تجربے کو بڑھانے کے لئے براہ کرم اپنے فون کو ری اسٹارٹ کریں۔"},{"$i":"settings-and-account","$v":"سیٹنگز اور اکاؤنٹ"},{"$i":"like","$v":"پسند کریں"},{"$i":"unlike","$v":"ناپسند کریں"},{"$i":"unliked-an-app-msg","$v":"آپ نے اس ایپ کو ناپسند کیا"},{"$i":"store-update-and-launch","$v":"اسٹور کی تازہ کاری دستیاب ہے۔ اسٹور کو لانچ کرنے کے لئے ٹھیک ہے دبائیں۔"},{"$i":"app-push-launch-action","$v":"جائیں"},{"$i":"app-push-launch-content","$v":["ہم آپ کو ",{"t":"idOrVar","v":"appName"}," میں یاد کریں کرتے ہیں، ہمیں وزٹ کرنے کے لئے واپس آئیں۔"]}]