[{"$i":"account","$v":"Ҳисоб"},{"$i":"sign-in","$v":"Кириш"},{"$i":"NewAccount","$v":"Янги ҳисоб"},{"$i":"options","$v":"Параметрлар"},{"$i":"cancel","$v":"Бекор қилиш"},{"$i":"update","$v":"Янгилаш"},{"$i":"back","$v":"Орқага"},{"$i":"uninstall","$v":"Ўчириш"},{"$i":"update-found","$v":"Янгиланиш чиқди."},{"$i":"update-found-content","$v":"KaiOS Маркет ёпилади ва автоматик янгиланади. Бироздан кейин келинг."},{"$i":"no-internet","$v":"Интернет йўқ."},{"$i":"connection-error","$v":"Уланишда хато."},{"$i":"enable","$v":"Ёқиш"},{"$i":"open-service","$v":"Хизматни очиш"},{"$i":"downloading","$v":"Юклаб олинмоқда"},{"$i":"loading","$v":"Юкланмоқда..."},{"$i":"CAT-recommended","$v":"Tavsiya etiladi"},{"$i":"CAT-all","$v":"Ҳаммаси"},{"$i":"CAT-10","$v":"Ўйинлар"},{"$i":"CAT-20","$v":"Ҳордиқ"},{"$i":"CAT-30","$v":"Ижтимоий"},{"$i":"CAT-40","$v":"Харидлар"},{"$i":"CAT-50","$v":"Янгиликлар"},{"$i":"CAT-60","$v":"Воситалар"},{"$i":"CAT-70","$v":"Турмуш тарзи"},{"$i":"CAT-80","$v":"Саломатлик"},{"$i":"CAT-90","$v":"Спорт"},{"$i":"CAT-100","$v":"Китоблар ва қўлланмалар"},{"$i":"login-note","$v":"KaiOS Маркетга хуш келибсиз. Бошлаш учун KaiOS ҳисобингиз билан киринг."},{"$i":"ok","$v":"ОК"},{"$i":"get","$v":"Олинг"},{"$i":"buy","$v":"Сотиб олиш"},{"$i":"go","$v":"ЎТИШ"},{"$i":"select","$v":"ТАНЛАШ"},{"$i":"create","$v":"Яратиш"},{"$i":"skip","$v":"Ўтказиб юбориш"},{"$i":"confirmation","$v":"Тасдиқлаш"},{"$i":"uninstall-msg","$v":"Бу илова ўчирилсинми?"},{"$i":"stop","$v":"Тўхтатиш"},{"$i":"store","$v":"Маркет"},{"$i":"settings","$v":"Созламалар"},{"$i":"privacy-policy","$v":"Махфийлик сиёсати"},{"$i":"terms-and-services","$v":"Шартлар ва хизматлар"},{"$i":"need-help","$v":"Ёрдам керакми?"},{"$i":"auto-update","$v":"Автоматик янгилаш"},{"$i":"auto-update-off","$v":"Автоматик янгиланмасин"},{"$i":"data-enable","$v":"Wi-Fi ва Уяли алоқа орқали"},{"$i":"all-connections","$v":"Барча уланишлар орқали"},{"$i":"wlan-only","$v":"Фақат WLAN орқали"},{"$i":"wifi-only","$v":"Фвқат Wi-Fi орқали"},{"$i":"not-found-header","$v":"Илова топилмади"},{"$i":"not-found-msg","$v":"Кечирасиз,  талаб қилинган Илова Дўкондан топилмади."},{"$i":"no-price-header","$v":"Иловани сотиб олиб бўлмайди"},{"$i":"no-price-msg","$v":"SIM карта ёки уланиш муаммоси туфайли. Сервердан нархлар ҳақидаги маълумотларни олиб бўлмайди. Сотиб олиш мумкин бўлган иловалар фаолсизлантирилади."},{"$i":"no-internet-with-tips","$v":"Интернет уланиши йўқ.  Интернетга кириш учун Wi-Fi ёки мобил маълумотлардан фойдаланинг."},{"$i":"no-internet-with-tips-wlan","$v":"Интернетга уланмагансиз. Интернетга уланиш учун WLAN ёки мобил интернет ишлатинг."},{"$i":"no-available-app","$v":"Ҳали ҳеч қандай илова мавжуд эмас."},{"$i":"pin","$v":"Бириктириб қўйиш"},{"$i":"open","$v":"ОЧИШ"},{"$i":"website","$v":"Веб-сайт"},{"$i":"unpin","$v":"Бириктиришни бекор қилиш"},{"$i":"unpin-msg","$v":"Бу хатчўпни бириктириш бекор қилинсинми?"},{"$i":"pin-completely","$v":"Бу веб-сайт Барча иловаларга бириктириб қўйилди."},{"$i":"pin-bookmark-completely","$v":"Веб-сайт Барча иловаларга бириктириб қўйилди"},{"$i":"unpin-bookmark-completely","$v":"Веб-сайт Барча иловаларга бўшатиб қўйилди"},{"$i":"fota-found-content","$v":"KaiOS янгиланиши мавжуд. Янги хусусиятларга эга бўлиш ва яхшироқ ишлаши учун ўрнатинг."},{"$i":"fota-update-found","$v":"Тизим янгиланиши мавжуд"},{"$i":"update-available","$v":"Янгиланиш мавжуд"},{"$i":"app-update-found-content","$v":[{"t":"idOrVar","v":"appName"}," янгиланиши мавжуд. Ўрнатиш тавсия қилинади."]},{"$i":"app-update-found-content1","$v":[{"t":"idOrVar","v":"appName"}," янгиланиши мавжуд. Ўрнатиш тавсия қилинади."]},{"$i":"unpin-msg-with-name","$v":[{"t":"idOrVar","v":"appName"}," хатчўпи бўшатилсинми?"]},{"$i":"uninstall-msg-with-name","$v":[{"t":"idOrVar","v":"appName"}," ўчирилсинми?"]},{"$i":"network-issue-title","$v":"Тармоқ хатоси"},{"$i":"network-issue-detail","$v":"Илтимос, уланишингизни текширинг."},{"$i":"device-issue-title","$v":"Ўрнатиш хатоси"},{"$i":"device-issue-detail","$v":"Муаммо юз берди."},{"$i":"install-generic-error","$v":"Юклаб олиш тўхтатилди."},{"$i":"install","$v":"Ўрнатиш"},{"$i":"dismiss","$v":"Рад қилиш"},{"$i":"new-app-recommended","$v":"KaiOS дўкони томонидан тавсия қилинувчи янги илова"},{"$i":"show-rich-content","$v":"Бой контент кўрсатилсин"},{"$i":"do-not-show","$v":"Кўрсатилмасин"},{"$i":"free","$v":"Bepul"},{"$i":"data-enable-short","$v":"Wi-Fi ва Уяли алоқа"},{"$i":"wifi-only-short","$v":"Фвқат Wi-Fi"},{"$i":"open-url","$v":"Open URL"},{"$i":"version","$v":"Версия"},{"$i":"uninstalled-msg-with-name","$v":[{"t":"idOrVar","v":"appName"}," uninstalled."]},{"$i":"restart-phone-msg","$v":"KaiOS тажрибангизни максималлаштириш учун телефонингизни ўчириб ёқинг."},{"$i":"settings-and-account","$v":"Созалмалар ва ҳисоб"},{"$i":"like","$v":"Ёқтириш"},{"$i":"unlike","$v":"Ёқтирмаслик"},{"$i":"unliked-an-app-msg","$v":"Сиз бу иловани ёқтирмадингиз"},{"$i":"store-update-and-launch","$v":"Store update is available. Press ok to launch Store."},{"$i":"app-push-launch-action","$v":"ЎТИШ"},{"$i":"app-push-launch-content","$v":["We miss you at ",{"t":"idOrVar","v":"appName"},", Come back to visit us."]}]