[{"$i":"account","$v":"Akhawunti"},{"$i":"sign-in","$v":"Ngena"},{"$i":"NewAccount","$v":"Entsha i-Akhawunti"},{"$i":"options","$v":"Iinketho"},{"$i":"cancel","$v":"Rhoxhisa"},{"$i":"update","$v":"Hlaziya"},{"$i":"back","$v":"Emva"},{"$i":"uninstall","$v":"Khupha"},{"$i":"update-found","$v":"Uhlazito lufunyenwe."},{"$i":"update-found-content","$v":"Ivenkile ye KaiOS  izakuvalwa kwaye izihlaziye ngokunokwayo. Nceda buyela kwakhona kwimizuzwana embalwa."},{"$i":"no-internet","$v":"Akukho Intanethi."},{"$i":"connection-error","$v":"Impzamo kuqhakamshelo error."},{"$i":"enable","$v":"Vulela"},{"$i":"open-service","$v":"Vula Inkonzo"},{"$i":"downloading","$v":"Iyakhuphela"},{"$i":"loading","$v":"Iyalayisha..."},{"$i":"CAT-recommended","$v":"Ecetyiswayo"},{"$i":"CAT-all","$v":"Zonke"},{"$i":"CAT-10","$v":"Iimidlalo"},{"$i":"CAT-20","$v":"Ezolonwabo"},{"$i":"CAT-30","$v":"Ezentlalo"},{"$i":"CAT-40","$v":"Ukuthenga"},{"$i":"CAT-50","$v":"Iindaba"},{"$i":"CAT-60","$v":"Izixhobo"},{"$i":"CAT-70","$v":"Indlela yokuphila"},{"$i":"CAT-80","$v":"Impilo"},{"$i":"CAT-90","$v":"Ezemidlalo"},{"$i":"CAT-100","$v":{"$o":"iincwadi & Nembekiselo"}},{"$i":"login-note","$v":"Wamnkelekile kwivenkile ye KaiOS. Nceda ngena kwi-akhawunti yakho ye KaiOS ukuqala."},{"$i":"ok","$v":"Kulungile"},{"$i":"get","$v":"Fumana"},{"$i":"buy","$v":"Thenga"},{"$i":"go","$v":"HAMBA"},{"$i":"select","$v":"KHETHA"},{"$i":"create","$v":"Yila"},{"$i":"skip","$v":"Dlula"},{"$i":"confirmation","$v":"Qinisekisa"},{"$i":"uninstall-msg","$v":"Yikhuphe le-app?"},{"$i":"stop","$v":"Yima"},{"$i":"store","$v":"Ivenkile"},{"$i":"settings","$v":"Iisetingi"},{"$i":"privacy-policy","$v":"Ipolisi Yabucala"},{"$i":"terms-and-services","$v":"Imimiselo Neenkonzo"},{"$i":"need-help","$v":"Ufuna Uncedo?"},{"$i":"auto-update","$v":"Hlaziya ngokuzenzekelayo"},{"$i":"auto-update-off","$v":"Musa ukuhlaziya ngokuzenzelekayo"},{"$i":"data-enable","$v":"Usebenzisa i-Wifi neCellular?"},{"$i":"all-connections","$v":"Ngazo zonke iikonekshini."},{"$i":"wlan-only","$v":"Nge-WLAN kuphela"},{"$i":"wifi-only","$v":"Nge-Wifi kuphela"},{"$i":"not-found-header","$v":"Ayifunyanwanga i-App"},{"$i":"not-found-msg","$v":"Sicela uxolo, i-App eceliweyo khange ifunyanwe kwiVenkile."},{"$i":"no-price-header","$v":"Akukho Ukuthengwa Kwe-App"},{"$i":"no-price-msg","$v":"Ngenxa yeSIM khadi okanye umba woqhagamshelo. Ayikwazi kukhupha inkcazelo yexabiso kwiseva. I-app ethengekayo iya kuyekiswa ukusebenza."},{"$i":"no-internet-with-tips","$v":"Akukho qhagamshelwano lwe intanethi. Sebenzisa i-Wi-Fi okanye i-data yefowni ukufikelela i-intanethi."},{"$i":"no-internet-with-tips-wlan","$v":"Akukho qhagamshelwano lwe-intanethi. Sebenzisa i-WLAN okanye i-mobile data ukufikelela kwi-intanethi."},{"$i":"no-available-app","$v":"Akukho lusetyenziso okwangoku."},{"$i":"pin","$v":"i-Pin"},{"$i":"open","$v":"VULA"},{"$i":"website","$v":"iWebhsayithi"},{"$i":"unpin","$v":"Khulula"},{"$i":"unpin-msg","$v":"Khulula le bhukmakhi"},{"$i":"pin-completely","$v":"Le webhsayithi ipinelwe kuzo Zonke ii-Apps."},{"$i":"pin-bookmark-completely","$v":"Iwebhsayithi Incanyathiselwe kuzo Zonke ii-App"},{"$i":"unpin-bookmark-completely","$v":"Iwebhsayithi Ayincanyathiselwanga kuzo Zonke ii-App"},{"$i":"fota-found-content","$v":"uhlaziyo lweKaiOS luyafumaneka. Fakela iifitsha ezintsha nokusebenza bhetele."},{"$i":"fota-update-found","$v":"Uhlaziyo lwesistim luyafumaneka"},{"$i":"update-available","$v":"Uhlaziyo luyafumaneka"},{"$i":"app-update-found-content","$v":[{"t":"idOrVar","v":"appName"}," uhlaziyo luyafumaneka. Kunconyelwa ukufakela."]},{"$i":"app-update-found-content1","$v":[{"t":"idOrVar","v":"appName"}," uhlaziyo lukhona. kunconyelwa ufakelo."]},{"$i":"unpin-msg-with-name","$v":["Sukuncamathisela ",{"t":"idOrVar","v":"appName"}," egciniweyo? "]},{"$i":"uninstall-msg-with-name","$v":["Khupha ",{"t":"idOrVar","v":"appName"},"?"]},{"$i":"network-issue-title","$v":"Kubekho impazamo yeNetwekhi"},{"$i":"network-issue-detail","$v":"Nceda ujonge ikonekshini yakho."},{"$i":"device-issue-title","$v":"Kubekho impazamo yokufaka"},{"$i":"device-issue-detail","$v":"Kukho ingxaki eyenzekileyo"},{"$i":"install-generic-error","$v":"Ukudawnlowda kuyikle"},{"$i":"install","$v":"Fakela"},{"$i":"dismiss","$v":"Phelisa"},{"$i":"new-app-recommended","$v":"Kunconyelwa i=App Entsha yiKaiOS Store."},{"$i":"show-rich-content","$v":"Bonakalisa umxholo wobutyebi"},{"$i":"do-not-show","$v":"Sukubonisa"},{"$i":"free","$v":"Mahala"},{"$i":"data-enable-short","$v":{"$o":"WiFi & Cellular"}},{"$i":"wifi-only-short","$v":"Wifi kuphela"},{"$i":"open-url","$v":"Vula i-URL"},{"$i":"version","$v":"Inguqulelo"},{"$i":"uninstalled-msg-with-name","$v":[{"t":"idOrVar","v":"appName"}," ikhutshiwe."]},{"$i":"restart-phone-msg","$v":"Nceda ucime uphinde ulayite ifowuni yakho ukuze ube nethuba elimnandi xa usebenzisa i-KaiOs."},{"$i":"settings-and-account","$v":"Iisetingi neAkhawunti"},{"$i":"like","$v":"Yithande"},{"$i":"unlike","$v":"Sukuyithanda"},{"$i":"unliked-an-app-msg","$v":"Uye awayithanda le app"},{"$i":"store-update-and-launch","$v":"Ukuhlaziywa kwe-Store kuyafumaneka. Cofa ku kulungile ukuze uvule i-Store."},{"$i":"app-push-launch-action","$v":"HAMBA"},{"$i":"app-push-launch-content","$v":["Siyakukhumbula kwi-",{"t":"idOrVar","v":"appName"},", Phinda uze kuthi."]}]