[{"$i":"account","$v":"帳號"},{"$i":"sign-in","$v":"登入"},{"$i":"NewAccount","$v":"新增帳號"},{"$i":"options","$v":"選項"},{"$i":"cancel","$v":"取消"},{"$i":"update","$v":"更新"},{"$i":"back","$v":"返回"},{"$i":"uninstall","$v":"解除安裝"},{"$i":"update-found","$v":"找到更新。"},{"$i":"update-found-content","$v":"KaiOS Store將會關閉並自動更新。請稍後再查看。"},{"$i":"no-internet","$v":"無互聯網。"},{"$i":"connection-error","$v":"連線錯誤。"},{"$i":"enable","$v":"啟用"},{"$i":"open-service","$v":"開啟服務"},{"$i":"downloading","$v":"正在下載"},{"$i":"loading","$v":"正在載入..."},{"$i":"CAT-recommended","$v":"推薦"},{"$i":"CAT-all","$v":"全部"},{"$i":"CAT-10","$v":"遊戲"},{"$i":"CAT-20","$v":"娛樂"},{"$i":"CAT-30","$v":"社交"},{"$i":"CAT-40","$v":"購物"},{"$i":"CAT-50","$v":"新聞"},{"$i":"CAT-60","$v":"工具"},{"$i":"CAT-70","$v":"生活方式"},{"$i":"CAT-80","$v":"健康"},{"$i":"CAT-90","$v":"運動"},{"$i":"CAT-100","$v":"書籍與參考"},{"$i":"login-note","$v":"歡迎使用KaiOS Store。請登入您的KaiOS帳號以開啟。"},{"$i":"ok","$v":"確定"},{"$i":"get","$v":"取得"},{"$i":"buy","$v":"購買"},{"$i":"go","$v":"執行"},{"$i":"select","$v":"選取"},{"$i":"create","$v":"建立"},{"$i":"skip","$v":"跳過"},{"$i":"confirmation","$v":"確認"},{"$i":"uninstall-msg","$v":"是否解除安裝此應用程式？"},{"$i":"stop","$v":"停止"},{"$i":"store","$v":"市集"},{"$i":"settings","$v":"設定"},{"$i":"privacy-policy","$v":"私隱政策"},{"$i":"terms-and-services","$v":"條款及服務"},{"$i":"need-help","$v":"需要協助 ?"},{"$i":"auto-update","$v":"自動更新"},{"$i":"auto-update-off","$v":"不要自動更新"},{"$i":"data-enable","$v":"透過 WLAN 及流動網絡"},{"$i":"all-connections","$v":"透過所有連線"},{"$i":"wlan-only","$v":"僅透過 WLAN"},{"$i":"wifi-only","$v":"僅透過 WLAN"},{"$i":"not-found-header","$v":"找不到該應用程式"},{"$i":"not-found-msg","$v":"抱歉，商店中沒有您要求的應用程式。"},{"$i":"no-price-header","$v":"目前無法購買應用程式"},{"$i":"no-price-msg","$v":"由於 SIM 卡或連線發生問題，目前無法從伺服器獲取價格。可購買的應用程式將會停用。"},{"$i":"no-internet-with-tips","$v":"無網絡連線。請使用 WLAN 或流動數據連接互聯網。"},{"$i":"no-internet-with-tips-wlan","$v":"無互聯網連線。使用 WLAN 或流動數據存取互聯網。"},{"$i":"no-available-app","$v":"目前暫無可用應用程式。"},{"$i":"pin","$v":"釘選"},{"$i":"open","$v":"開啟"},{"$i":"website","$v":"網站"},{"$i":"unpin","$v":"解除釘選"},{"$i":"unpin-msg","$v":"是否解除釘選此書籤？"},{"$i":"pin-completely","$v":"此網站已釘選到所有應用程式。"},{"$i":"pin-bookmark-completely","$v":"已將網站釘選到所有應用程式"},{"$i":"unpin-bookmark-completely","$v":"已將網站從所有應用程式取消釘選"},{"$i":"fota-found-content","$v":"KaiOS 有新的更新。安裝後可獲得新功能及提升效能。"},{"$i":"fota-update-found","$v":"有新的系統更新"},{"$i":"update-available","$v":"有新的更新"},{"$i":"app-update-found-content","$v":[{"t":"idOrVar","v":"appName"},"有新的更新。建議安裝。"]},{"$i":"app-update-found-content1","$v":["「",{"t":"idOrVar","v":"appName"},"」有可用更新，建議安裝。"]},{"$i":"unpin-msg-with-name","$v":["是否取消釘選「",{"t":"idOrVar","v":"appName"},"」書籤？"]},{"$i":"uninstall-msg-with-name","$v":["是否解除安裝「",{"t":"idOrVar","v":"appName"},"」？"]},{"$i":"network-issue-title","$v":"網絡發生錯誤"},{"$i":"network-issue-detail","$v":"請檢查網絡連線。"},{"$i":"device-issue-title","$v":"安裝發生錯誤"},{"$i":"device-issue-detail","$v":"安裝時發生問題。"},{"$i":"install-generic-error","$v":"已停止下載。"},{"$i":"install","$v":"安裝"},{"$i":"dismiss","$v":"關閉"},{"$i":"new-app-recommended","$v":"KaiOS 商店推薦的新應用程式。"},{"$i":"show-rich-content","$v":"顯示詳細內容"},{"$i":"do-not-show","$v":"不要顯示"},{"$i":"free","$v":"免費"},{"$i":"data-enable-short","$v":"WLAN 及流動網絡"},{"$i":"wifi-only-short","$v":"僅限 WLAN"},{"$i":"open-url","$v":"開啟網址"},{"$i":"version","$v":"版本"},{"$i":"uninstalled-msg-with-name","$v":[{"t":"idOrVar","v":"appName"}," 已解除安裝。"]},{"$i":"restart-phone-msg","$v":"請重新啟動手機，以最大限度提高 KaiOS 體驗。"},{"$i":"settings-and-account","$v":"設定與帳戶"},{"$i":"like","$v":"讚"},{"$i":"unlike","$v":"收回讚"},{"$i":"unliked-an-app-msg","$v":"您不喜歡這個程式"},{"$i":"store-update-and-launch","$v":"可以更新商店。請按「確定」以啟動商店。"},{"$i":"app-push-launch-action","$v":"執行"},{"$i":"app-push-launch-content","$v":["我們期待著您回來使用 ",{"t":"idOrVar","v":"appName"},"。"]}]