[{"$i":"account","$v":"帳號"},{"$i":"sign-in","$v":"登入"},{"$i":"NewAccount","$v":"新增帳號"},{"$i":"options","$v":"選項"},{"$i":"cancel","$v":"取消"},{"$i":"update","$v":"更新"},{"$i":"back","$v":"返回"},{"$i":"uninstall","$v":"解除安裝"},{"$i":"update-found","$v":"找到更新。"},{"$i":"update-found-content","$v":"KaiOS 商店將關閉並自動更新。請稍後回來。"},{"$i":"no-internet","$v":"無網際網路。"},{"$i":"connection-error","$v":"連線錯誤。"},{"$i":"enable","$v":"啟用"},{"$i":"open-service","$v":"開啟服務"},{"$i":"downloading","$v":"正在下載"},{"$i":"loading","$v":"載入中…"},{"$i":"CAT-recommended","$v":"建立"},{"$i":"CAT-all","$v":"全部"},{"$i":"CAT-10","$v":"遊戲"},{"$i":"CAT-20","$v":"娛樂"},{"$i":"CAT-30","$v":"社交"},{"$i":"CAT-40","$v":"購物"},{"$i":"CAT-50","$v":"新聞"},{"$i":"CAT-60","$v":"工具"},{"$i":"CAT-70","$v":"生活"},{"$i":"CAT-80","$v":"健康"},{"$i":"CAT-90","$v":"運動"},{"$i":"CAT-100","$v":"書籍與參考資料"},{"$i":"login-note","$v":"歡迎使用 KaiOS 商店。請登入 KaiOS 帳號以開始。"},{"$i":"ok","$v":"確認"},{"$i":"get","$v":"取得"},{"$i":"buy","$v":"購買"},{"$i":"go","$v":"開始"},{"$i":"select","$v":"選取"},{"$i":"create","$v":"建立"},{"$i":"skip","$v":"跳過"},{"$i":"confirmation","$v":"確認"},{"$i":"uninstall-msg","$v":"解除安裝此應用程式？"},{"$i":"stop","$v":"停止"},{"$i":"store","$v":"商店"},{"$i":"settings","$v":"設定"},{"$i":"privacy-policy","$v":"隱私權政策"},{"$i":"terms-and-services","$v":"條款與服務"},{"$i":"need-help","$v":"需要協助？"},{"$i":"auto-update","$v":"自動更新"},{"$i":"auto-update-off","$v":"不要自動更新"},{"$i":"data-enable","$v":"透過 WLAN 與行動網路"},{"$i":"all-connections","$v":"透過所有連線"},{"$i":"wlan-only","$v":"僅透過 Wi-Fi"},{"$i":"wifi-only","$v":"僅透過 WLAN"},{"$i":"not-found-header","$v":"找不到應用程式"},{"$i":"not-found-msg","$v":"很抱歉，商店裡找不到所要求的應用程式。"},{"$i":"no-price-header","$v":"應用程式購買不可用"},{"$i":"no-price-msg","$v":"由於 SIM 卡或連線問題。無法從伺服器擷取價格資訊。將停用可購買的應用程式。"},{"$i":"no-internet-with-tips","$v":"沒有網際網路連線，請使用 WLAN 或行動數據以存取網際網路。"},{"$i":"no-internet-with-tips-wlan","$v":"無網際網路連線。請使用 Wi-Fi 或行動數據以存取網際網路。"},{"$i":"no-available-app","$v":"尚無沒有可用的應用程式。"},{"$i":"pin","$v":"釘選"},{"$i":"open","$v":"開啟"},{"$i":"website","$v":"網站"},{"$i":"unpin","$v":"解除釘選"},{"$i":"unpin-msg","$v":"解除釘選此書籤？"},{"$i":"pin-completely","$v":"已經將此網站釘選到所有應用程式。"},{"$i":"pin-bookmark-completely","$v":"網站已釘選到所有應用程式"},{"$i":"unpin-bookmark-completely","$v":"已從所有應用程式取消釘選網站"},{"$i":"fota-found-content","$v":"KaiOS 更新可用。請安裝以獲得新功能及更好的效能。"},{"$i":"fota-update-found","$v":"系統更新可用"},{"$i":"update-available","$v":"更新可用"},{"$i":"app-update-found-content","$v":[{"t":"idOrVar","v":"appName"}," 更新可用。建議安裝。"]},{"$i":"app-update-found-content1","$v":[{"t":"idOrVar","v":"appName"}," 更新可用。建議安裝"]},{"$i":"unpin-msg-with-name","$v":["取消固定 ",{"t":"idOrVar","v":"appName"}," 書籤？"]},{"$i":"uninstall-msg-with-name","$v":["解除安裝 ",{"t":"idOrVar","v":"appName"},"？"]},{"$i":"network-issue-title","$v":"網路錯誤"},{"$i":"network-issue-detail","$v":"請檢查您的連線。"},{"$i":"device-issue-title","$v":"安裝錯誤"},{"$i":"device-issue-detail","$v":"發生問題。"},{"$i":"install-generic-error","$v":"下載已停止。"},{"$i":"install","$v":"安裝"},{"$i":"dismiss","$v":"取消"},{"$i":"new-app-recommended","$v":"KaiOS Store 建議的新應用程式。"},{"$i":"show-rich-content","$v":"顯示豐富內容"},{"$i":"do-not-show","$v":"不顯示"},{"$i":"free","$v":"免費"},{"$i":"data-enable-short","$v":"WLAN 與行動網路"},{"$i":"wifi-only-short","$v":"僅限 WLAN"},{"$i":"open-url","$v":"開啟 URL"},{"$i":"version","$v":"版本"},{"$i":"uninstalled-msg-with-name","$v":[{"t":"idOrVar","v":"appName"}," 已解除安裝。"]},{"$i":"restart-phone-msg","$v":"請重新啟動手機，讓您獲得最佳的 KaiOS 體驗。"},{"$i":"settings-and-account","$v":"設定與帳戶"},{"$i":"like","$v":"按讚"},{"$i":"unlike","$v":"取消按讚"},{"$i":"unliked-an-app-msg","$v":"您已取消按讚此應用程式"},{"$i":"store-update-and-launch","$v":"商店更新可用。按一下「確定」啟動商店。"},{"$i":"app-push-launch-action","$v":"開始"},{"$i":"app-push-launch-content","$v":[{"t":"idOrVar","v":"appName"}," 非常懷念您，請回來看我們。"]}]