[{"$i":"unitconverter","$v":"Bölmə çeviricisi"},{"$i":"unit","$v":"Vahid"},{"$i":"clear-all","$v":"Hamısını sil"},{"$i":"ok","$v":"OK"},{"$i":"select","$v":"Seç"},{"$i":"+/-","$v":"+/-"},{"$i":"area","$v":"Sahə"},{"$i":"length","$v":"Uzunluq"},{"$i":"speed","$v":"Sürət"},{"$i":"temperature","$v":"Temperatur"},{"$i":"volume","$v":"Səs səviyəsi"},{"$i":"weight","$v":"Çəki"},{"$i":"squaremillimeters","$v":"Kvadrat Millimetr"},{"$i":"squarecentimeters","$v":"Kvadrat Santimetr"},{"$i":"squaremeters","$v":"Kvadrat Metr"},{"$i":"ares","$v":"Ar"},{"$i":"hectares","$v":"Hektar"},{"$i":"squarekilometers","$v":"Kvadrat Kilometr"},{"$i":"squareinches","$v":"Kvadrat Düym"},{"$i":"squarefeet","$v":"Kvadrat ayaq"},{"$i":"squareyards","$v":"Kvadrat Yard"},{"$i":"squaremiles","$v":"Kvadrat Mil"},{"$i":"acres","$v":"Akr"},{"$i":"millimeter","$v":"Milli​metr"},{"$i":"centimeter","$v":"Santimetr"},{"$i":"meter","$v":"Metr"},{"$i":"kilometer","$v":"Kilometr"},{"$i":"inch","$v":"Düym"},{"$i":"feet","$v":"Fut"},{"$i":"yard","$v":"Yard"},{"$i":"mile","$v":"Mil"},{"$i":"meters/second","$v":"Metr/Saniyə"},{"$i":"kilometer/hour","$v":"Kilometr/Saat"},{"$i":"miles/hour","$v":"Mil/Saat"},{"$i":"feet/second","$v":"Fut/Saniyə"},{"$i":"knots","$v":"Düyün"},{"$i":"mach","$v":"Maç"},{"$i":"celsius","$v":"Selsi"},{"$i":"fahrenheit","$v":"Farenheyt"},{"$i":"kelvin","$v":"Kelvin"},{"$i":"newton","$v":"Nyuton"},{"$i":"delisle","$v":"Delisle"},{"$i":"rankine","$v":"Renkin"},{"$i":"réaumur","$v":"Reaumur"},{"$i":"cubicmillimeter","$v":"Kub Millimetr"},{"$i":"cubiccentimeter","$v":"Kub Santimetr"},{"$i":"cubicmeter","$v":"Kub Metr"},{"$i":"milliliter","$v":"Milli​litr"},{"$i":"centiliter","$v":"Santilitr"},{"$i":"liter","$v":"Litr"},{"$i":"cubicinch","$v":"Kub Düym"},{"$i":"cubicfoot","$v":"Kub Fut"},{"$i":"cubicyard","$v":"Kub Yard"},{"$i":"teaspoon,uk","$v":"BK-da ölçü vahidi"},{"$i":"tablespoon,uk","$v":"Xörək qaşığı,BB"},{"$i":"fluidounce,uk","$v":"Maye Unsiyası,BB"},{"$i":"cup,uk","$v":"Kap,BB"},{"$i":"pint,uk","$v":"Pint,BB"},{"$i":"quart,uk","$v":"Quart,BB"},{"$i":"gallon,uk","$v":"Qallon,BB"},{"$i":"barrel,uk","$v":"Barel,BB"},{"$i":"teaspoon,us","$v":"Çay qaşığı,ABŞ"},{"$i":"tablespoon,us","$v":"Xörək qaşığı,ABŞ"},{"$i":"fluidounce,us","$v":"Maye Unsiyası,ABŞ"},{"$i":"cup,us","$v":"Kap,ABŞ"},{"$i":"pint,us","$v":"Pint,ABŞ"},{"$i":"quart,us","$v":"Quart,ABŞ"},{"$i":"gallon,us","$v":"Qallon,ABŞ"},{"$i":"barrel,us","$v":"Barel,ABŞ"},{"$i":"milligrams","$v":"Milliqram"},{"$i":"grams","$v":"Qram"},{"$i":"kilograms","$v":"Kiloqram"},{"$i":"tonnes","$v":"Ton"},{"$i":"ounces","$v":"Unsiya"},{"$i":"pounds","$v":"Funt"},{"$i":"stone,uk","$v":"Stoun,BB"},{"$i":"longton,uk","$v":"Lonq Ton,BB"},{"$i":"shortton,us","$v":"Qısa Ton,ABŞ"},{"$i":"weekday-0-long","$v":"Bazar"},{"$i":"weekday-1-long","$v":"Bazar ertəsi"},{"$i":"weekday-2-long","$v":"Çərşənbə axşamı"},{"$i":"weekday-3-long","$v":"Çərşənbə"},{"$i":"weekday-4-long","$v":"Cümə axşamı"},{"$i":"weekday-5-long","$v":"Cümə"},{"$i":"weekday-6-long","$v":"Şənbə"},{"$i":"weekday-0-short","$v":"Bazar"},{"$i":"weekday-1-short","$v":"Bazar ertəsi"},{"$i":"weekday-2-short","$v":"Çərşənbə axşamı"},{"$i":"weekday-3-short","$v":"Çərşənbə"},{"$i":"weekday-4-short","$v":"Cümə axşamı"},{"$i":"weekday-5-short","$v":"Cüm"},{"$i":"weekday-6-short","$v":"Şənbə"},{"$i":"month-0-long","$v":"Yanvar"},{"$i":"month-1-long","$v":"Fevral"},{"$i":"month-2-long","$v":"Mart"},{"$i":"month-3-long","$v":"Aprel"},{"$i":"month-4-long","$v":"May"},{"$i":"month-5-long","$v":"İyun"},{"$i":"month-6-long","$v":"İyul"},{"$i":"month-7-long","$v":"Avqust"},{"$i":"month-8-long","$v":"Sentyabr"},{"$i":"month-9-long","$v":"Oktyabr"},{"$i":"month-10-long","$v":"Noyabr"},{"$i":"month-11-long","$v":"Dekabr"},{"$i":"month-0-genitive","$v":"Yanvar"},{"$i":"month-1-genitive","$v":"Fevral"},{"$i":"month-2-genitive","$v":"Mart"},{"$i":"month-3-genitive","$v":"Aprel"},{"$i":"month-4-genitive","$v":"May"},{"$i":"month-5-genitive","$v":"İyun"},{"$i":"month-6-genitive","$v":"İyul"},{"$i":"month-7-genitive","$v":"Avqust"},{"$i":"month-8-genitive","$v":"Sentyabr"},{"$i":"month-9-genitive","$v":"Oktyabr"},{"$i":"month-10-genitive","$v":"Noyabr"},{"$i":"month-11-genitive","$v":"Dekabr"},{"$i":"month-0-short","$v":"Yan"},{"$i":"month-1-short","$v":"Fev"},{"$i":"month-2-short","$v":"Mar"},{"$i":"month-3-short","$v":"Apr"},{"$i":"month-4-short","$v":"May"},{"$i":"month-5-short","$v":"İyun"},{"$i":"month-6-short","$v":"İyul"},{"$i":"month-7-short","$v":"Avq"},{"$i":"month-8-short","$v":"Sen"},{"$i":"month-9-short","$v":"Okt"},{"$i":"month-10-short","$v":"Noy"},{"$i":"month-11-short","$v":"Dek"},{"$i":"minutes-ago-long","$v":{"few":[{"t":"idOrVar","v":"value"}," dəqiqə əvvəl"],"many":[{"t":"idOrVar","v":"value"}," dəqiqə əvvəl"],"other":[{"t":"idOrVar","v":"value"}," dəqiqə əvvəl"],"two":[{"t":"idOrVar","v":"value"}," dəqiqə əvvəl"],"one":"bir dəqiqə əvvəl","zero":"indicə"},"$x":[{"t":"idOrVar","v":"plural"},"value"]},{"$i":"hours-ago-long","$v":{"few":[{"t":"idOrVar","v":"value"}," saat əvvəl"],"many":[{"t":"idOrVar","v":"value"}," saat əvvəl"],"other":[{"t":"idOrVar","v":"value"}," saat əvvəl"],"two":[{"t":"idOrVar","v":"value"}," saat əvvəl"],"one":"1 saat əvvəl","zero":"indicə"},"$x":[{"t":"idOrVar","v":"plural"},"value"]},{"$i":"days-ago-long","$v":{"few":[{"t":"idOrVar","v":"value"}," gün əvvəl"],"many":[{"t":"idOrVar","v":"value"}," gün əvvəl"],"one":"dünən","other":[{"t":"idOrVar","v":"value"}," gün əvvəl"],"two":[{"t":"idOrVar","v":"value"}," gün əvvəl"],"zero":"bu gün"},"$x":[{"t":"idOrVar","v":"plural"},"value"]},{"$i":"weeks-ago-long","$v":{"few":[{"t":"idOrVar","v":"value"}," həftə əvvəl"],"many":[{"t":"idOrVar","v":"value"}," həftə əvvəl"],"one":"sonuncu həftə","other":[{"t":"idOrVar","v":"value"}," həftə əvvəl"],"two":[{"t":"idOrVar","v":"value"}," həftə əvvəl"],"zero":"bu həftə"},"$x":[{"t":"idOrVar","v":"plural"},"value"]},{"$i":"months-ago-long","$v":{"few":[{"t":"idOrVar","v":"value"}," ay əvvəl"],"many":[{"t":"idOrVar","v":"value"}," ay əvvəl"],"one":"sonuncu ay","other":[{"t":"idOrVar","v":"value"}," ay əvvəl"],"two":[{"t":"idOrVar","v":"value"}," ay əvvəl"],"zero":"bu ay"},"$x":[{"t":"idOrVar","v":"plural"},"value"]},{"$i":"years-ago-long","$v":{"few":[{"t":"idOrVar","v":"value"}," il əvvəl"],"many":[{"t":"idOrVar","v":"value"}," il əvvəl"],"one":"sonuncu il","other":[{"t":"idOrVar","v":"value"}," il əvvəl"],"two":[{"t":"idOrVar","v":"value"}," il əvvəl"],"zero":"bu il"},"$x":[{"t":"idOrVar","v":"plural"},"value"]},{"$i":"minutes-until-long","$v":{"few":[{"t":"idOrVar","v":"value"}," dəqiqədə"],"many":[{"t":"idOrVar","v":"value"}," dəqiqədə"],"other":[{"t":"idOrVar","v":"value"}," dəqiqədə"],"two":[{"t":"idOrVar","v":"value"}," dəqiqədə"],"zero":"indi","one":"1 dəqiqədə"},"$x":[{"t":"idOrVar","v":"plural"},"value"]},{"$i":"hours-until-long","$v":{"few":[{"t":"idOrVar","v":"value"}," saatda"],"many":[{"t":"idOrVar","v":"value"}," saatda"],"other":[{"t":"idOrVar","v":"value"}," saatda"],"two":[{"t":"idOrVar","v":"value"}," saatda"],"zero":"indi","one":"1 saatda"},"$x":[{"t":"idOrVar","v":"plural"},"value"]},{"$i":"days-until-long","$v":{"few":[{"t":"idOrVar","v":"value"}," gündə"],"many":[{"t":"idOrVar","v":"value"}," gündə"],"one":"sabah","other":[{"t":"idOrVar","v":"value"}," gündə"],"two":[{"t":"idOrVar","v":"value"}," gündə"],"zero":"bu gün"},"$x":[{"t":"idOrVar","v":"plural"},"value"]},{"$i":"weeks-until-long","$v":{"few":[{"t":"idOrVar","v":"value"}," həftədə"],"many":[{"t":"idOrVar","v":"value"}," həftədə"],"one":"növbəti həftə","other":[{"t":"idOrVar","v":"value"}," həftədə"],"two":[{"t":"idOrVar","v":"value"}," həftədə"],"zero":"bu həftə"},"$x":[{"t":"idOrVar","v":"plural"},"value"]},{"$i":"months-until-long","$v":{"few":[{"t":"idOrVar","v":"value"}," ayda"],"many":[{"t":"idOrVar","v":"value"}," ayda"],"one":"növbəti ay","other":[{"t":"idOrVar","v":"value"}," ayda"],"two":[{"t":"idOrVar","v":"value"}," ayda"],"zero":"bu ay"},"$x":[{"t":"idOrVar","v":"plural"},"value"]},{"$i":"years-until-long","$v":{"few":[{"t":"idOrVar","v":"value"}," ildə"],"many":[{"t":"idOrVar","v":"value"}," ildə"],"one":"növbəti il","other":[{"t":"idOrVar","v":"value"}," ildə"],"two":[{"t":"idOrVar","v":"value"}," ildə"],"zero":"bu il"},"$x":[{"t":"idOrVar","v":"plural"},"value"]},{"$i":"minutes-ago-short","$v":{"other":[{"t":"idOrVar","v":"value"},"d əvvəl"],"zero":"indicə"},"$x":[{"t":"idOrVar","v":"plural"},"value"]},{"$i":"hours-ago-short","$v":{"other":[{"t":"idOrVar","v":"value"},"s əvvəl"],"zero":"indicə"},"$x":[{"t":"idOrVar","v":"plural"},"value"]},{"$i":"days-ago-short","$v":{"other":[{"t":"idOrVar","v":"value"},"g əvvəl"],"zero":"bu gün"},"$x":[{"t":"idOrVar","v":"plural"},"value"]},{"$i":"minutes-until-short","$v":{"other":[{"t":"idOrVar","v":"value"}," d-də"],"zero":"indi"},"$x":[{"t":"idOrVar","v":"plural"},"value"]},{"$i":"hours-until-short","$v":{"other":[{"t":"idOrVar","v":"value"}," s-da"],"zero":"indi"},"$x":[{"t":"idOrVar","v":"plural"},"value"]},{"$i":"days-until-short","$v":{"other":[{"t":"idOrVar","v":"value"}," g-də"],"zero":"bu gün"},"$x":[{"t":"idOrVar","v":"plural"},"value"]},{"$i":"incorrectDate","$v":"(yanlış tarix)"},{"$i":"dateTimeFormat_%c","$v":"%a %b %e %Y %I:%M:%S %p"},{"$i":"dateTimeFormat_%x","$v":"%m/%d/%Y"},{"$i":"dateTimeFormat_%X","$v":"%I:%M:%S %p"},{"$i":"shortTimeFormat","$v":"%I:%M %p"},{"$i":"shortTimeFormat12","$v":"%I:%M %p"},{"$i":"shortTimeFormat24","$v":"%H:%M"},{"$i":"shortDateTimeFormat","$v":"%x %I:%M %p"},{"$i":"weekStartsOnMonday","$v":"0.0"},{"$i":"firstDayOfTheWeek","$v":"1.0"},{"$i":"time_am","$v":"AM"},{"$i":"time_pm","$v":"PM"}]