[{"$i":"unitconverter","$v":"Преобразувател на единица"},{"$i":"unit","$v":"Единица"},{"$i":"clear-all","$v":"Изчист. вс."},{"$i":"ok","$v":"ОК"},{"$i":"select","$v":"Избор"},{"$i":"+/-","$v":"+/-"},{"$i":"area","$v":"Площ"},{"$i":"length","$v":"Дължина"},{"$i":"speed","$v":"Скорост"},{"$i":"temperature","$v":"Температура"},{"$i":"volume","$v":"Обем"},{"$i":"weight","$v":"Тегло"},{"$i":"squaremillimeters","$v":"Квадратен милиметър"},{"$i":"squarecentimeters","$v":"Квадратен сантиметър"},{"$i":"squaremeters","$v":"Квадратен метър"},{"$i":"ares","$v":"Ар"},{"$i":"hectares","$v":"Хектар"},{"$i":"squarekilometers","$v":"Квадратен километър"},{"$i":"squareinches","$v":"Квадратен инч"},{"$i":"squarefeet","$v":"Квадратен фут"},{"$i":"squareyards","$v":"Квадратен ярд"},{"$i":"squaremiles","$v":"Квадратна миля"},{"$i":"acres","$v":"Акър"},{"$i":"millimeter","$v":"Мм"},{"$i":"centimeter","$v":"Сантиметър"},{"$i":"meter","$v":"Метър"},{"$i":"kilometer","$v":"Километър"},{"$i":"inch","$v":"Инч"},{"$i":"feet","$v":"Фута"},{"$i":"yard","$v":"Ярд"},{"$i":"mile","$v":"Миля"},{"$i":"meters/second","$v":"Метър/секунда"},{"$i":"kilometer/hour","$v":"Км/час"},{"$i":"miles/hour","$v":"Миля/час"},{"$i":"feet/second","$v":"Фута/секунда"},{"$i":"knots","$v":"Възел"},{"$i":"mach","$v":"Мах"},{"$i":"celsius","$v":"Целзий"},{"$i":"fahrenheit","$v":"Фаренхайт"},{"$i":"kelvin","$v":"Келвин"},{"$i":"newton","$v":"Нютън"},{"$i":"delisle","$v":"Делайл"},{"$i":"rankine","$v":"Ранкин"},{"$i":"réaumur","$v":"Реомюр"},{"$i":"cubicmillimeter","$v":"Кубичен мм"},{"$i":"cubiccentimeter","$v":"Кубичен см"},{"$i":"cubicmeter","$v":"Кубичен метър"},{"$i":"milliliter","$v":"Мл"},{"$i":"centiliter","$v":"Сантилитър"},{"$i":"liter","$v":"Литър"},{"$i":"cubicinch","$v":"Кубичен инч"},{"$i":"cubicfoot","$v":"Кубичен фут"},{"$i":"cubicyard","$v":"Кубичен ярд"},{"$i":"teaspoon,uk","$v":"Чаена лъж., Великобр."},{"$i":"tablespoon,uk","$v":"Суп. лъжица, Великобр."},{"$i":"fluidounce,uk","$v":"Течна унция, Великобр."},{"$i":"cup,uk","$v":"Чаша, Великобр."},{"$i":"pint,uk","$v":"Пинта, Великобр."},{"$i":"quart,uk","$v":"Кварта, Великобр."},{"$i":"gallon,uk","$v":"Галон, Великобр."},{"$i":"barrel,uk","$v":"Барел, Великобр."},{"$i":"teaspoon,us","$v":"Чаена лъжица, САЩ"},{"$i":"tablespoon,us","$v":"Суп. лъжица, САЩ"},{"$i":"fluidounce,us","$v":"Течна унция, САЩ"},{"$i":"cup,us","$v":"Чаша, САЩ"},{"$i":"pint,us","$v":"Пинта, САЩ"},{"$i":"quart,us","$v":"Кварта, САЩ"},{"$i":"gallon,us","$v":"Галон, САЩ"},{"$i":"barrel,us","$v":"Барел, САЩ"},{"$i":"milligrams","$v":"Милиграм"},{"$i":"grams","$v":"Грам"},{"$i":"kilograms","$v":"Килограм"},{"$i":"tonnes","$v":"Тон"},{"$i":"ounces","$v":"Унция"},{"$i":"pounds","$v":"Фунт"},{"$i":"stone,uk","$v":"Стоун, Великобр."},{"$i":"longton,uk","$v":"Дълъг тон, Великобр."},{"$i":"shortton,us","$v":"Тон, САЩ"},{"$i":"weekday-0-long","$v":"Неделя"},{"$i":"weekday-1-long","$v":"Понеделник"},{"$i":"weekday-2-long","$v":"Вторник"},{"$i":"weekday-3-long","$v":"Сряда"},{"$i":"weekday-4-long","$v":"Четвъртък"},{"$i":"weekday-5-long","$v":"Петък"},{"$i":"weekday-6-long","$v":"Събота"},{"$i":"weekday-0-short","$v":"нед"},{"$i":"weekday-1-short","$v":"пон"},{"$i":"weekday-2-short","$v":"втор"},{"$i":"weekday-3-short","$v":"ср"},{"$i":"weekday-4-short","$v":"чт"},{"$i":"weekday-5-short","$v":"пет"},{"$i":"weekday-6-short","$v":"сб"},{"$i":"month-0-long","$v":"Януари"},{"$i":"month-1-long","$v":"Февруари"},{"$i":"month-2-long","$v":"Март"},{"$i":"month-3-long","$v":"Април"},{"$i":"month-4-long","$v":"май"},{"$i":"month-5-long","$v":"Юни"},{"$i":"month-6-long","$v":"Юли"},{"$i":"month-7-long","$v":"Август"},{"$i":"month-8-long","$v":"Септември"},{"$i":"month-9-long","$v":"Октомври"},{"$i":"month-10-long","$v":"Ноември"},{"$i":"month-11-long","$v":"Декември"},{"$i":"month-0-genitive","$v":"Януари"},{"$i":"month-1-genitive","$v":"Февруари"},{"$i":"month-2-genitive","$v":"Март"},{"$i":"month-3-genitive","$v":"Април"},{"$i":"month-4-genitive","$v":"май"},{"$i":"month-5-genitive","$v":"Юни"},{"$i":"month-6-genitive","$v":"Юли"},{"$i":"month-7-genitive","$v":"Август"},{"$i":"month-8-genitive","$v":"Септември"},{"$i":"month-9-genitive","$v":"Октомври"},{"$i":"month-10-genitive","$v":"Ноември"},{"$i":"month-11-genitive","$v":"Декември"},{"$i":"month-0-short","$v":"ян"},{"$i":"month-1-short","$v":"фев"},{"$i":"month-2-short","$v":"март"},{"$i":"month-3-short","$v":"апр"},{"$i":"month-4-short","$v":"май"},{"$i":"month-5-short","$v":"юни"},{"$i":"month-6-short","$v":"юли"},{"$i":"month-7-short","$v":"авг"},{"$i":"month-8-short","$v":"септ"},{"$i":"month-9-short","$v":"окт"},{"$i":"month-10-short","$v":"ноем"},{"$i":"month-11-short","$v":"дек"},{"$i":"minutes-ago-long","$v":{"few":["Преди ",{"t":"idOrVar","v":"value"}," минути"],"many":["Преди ",{"t":"idOrVar","v":"value"}," минути"],"other":["Преди ",{"t":"idOrVar","v":"value"}," минути"],"two":["Преди ",{"t":"idOrVar","v":"value"}," минути"],"one":"преди минута","zero":"точно сега"},"$x":[{"t":"idOrVar","v":"plural"},"value"]},{"$i":"hours-ago-long","$v":{"few":["Преди ",{"t":"idOrVar","v":"value"}," часа"],"many":["Преди ",{"t":"idOrVar","v":"value"}," часа"],"other":["Преди ",{"t":"idOrVar","v":"value"}," часа"],"two":["Преди ",{"t":"idOrVar","v":"value"}," часа"],"one":"преди 1 час","zero":"точно сега"},"$x":[{"t":"idOrVar","v":"plural"},"value"]},{"$i":"days-ago-long","$v":{"few":["Преди ",{"t":"idOrVar","v":"value"}," дни"],"many":["Преди ",{"t":"idOrVar","v":"value"}," дни"],"one":"вчера","other":["Преди ",{"t":"idOrVar","v":"value"}," дни"],"two":["Преди ",{"t":"idOrVar","v":"value"}," дни"],"zero":"днес"},"$x":[{"t":"idOrVar","v":"plural"},"value"]},{"$i":"weeks-ago-long","$v":{"few":["Преди ",{"t":"idOrVar","v":"value"}," седмици"],"many":["Преди ",{"t":"idOrVar","v":"value"}," седмици"],"one":"последната седмица","other":["Преди ",{"t":"idOrVar","v":"value"}," седмици"],"two":["Преди ",{"t":"idOrVar","v":"value"}," седмици"],"zero":"тази седмица"},"$x":[{"t":"idOrVar","v":"plural"},"value"]},{"$i":"months-ago-long","$v":{"few":["Преди ",{"t":"idOrVar","v":"value"}," месеца"],"many":["Преди ",{"t":"idOrVar","v":"value"}," месеца"],"one":"последния месец","other":["Преди ",{"t":"idOrVar","v":"value"}," месеца"],"two":["Преди ",{"t":"idOrVar","v":"value"}," месеца"],"zero":"този месец"},"$x":[{"t":"idOrVar","v":"plural"},"value"]},{"$i":"years-ago-long","$v":{"few":["Преди ",{"t":"idOrVar","v":"value"}," години"],"many":["Преди ",{"t":"idOrVar","v":"value"}," години"],"one":"последната година","other":["Преди ",{"t":"idOrVar","v":"value"}," години"],"two":["Преди ",{"t":"idOrVar","v":"value"}," години"],"zero":"тази година"},"$x":[{"t":"idOrVar","v":"plural"},"value"]},{"$i":"minutes-until-long","$v":{"few":["след ",{"t":"idOrVar","v":"value"}," минути"],"many":["след ",{"t":"idOrVar","v":"value"}," минути"],"other":["след ",{"t":"idOrVar","v":"value"}," минути"],"two":["след ",{"t":"idOrVar","v":"value"}," минути"],"zero":"сега","one":"след 1 минута"},"$x":[{"t":"idOrVar","v":"plural"},"value"]},{"$i":"hours-until-long","$v":{"few":["след ",{"t":"idOrVar","v":"value"}," часа"],"many":["след ",{"t":"idOrVar","v":"value"}," часа"],"other":["след ",{"t":"idOrVar","v":"value"}," часа"],"two":["след ",{"t":"idOrVar","v":"value"}," часа"],"zero":"сега","one":"след 1 час"},"$x":[{"t":"idOrVar","v":"plural"},"value"]},{"$i":"days-until-long","$v":{"few":["след ",{"t":"idOrVar","v":"value"}," дни"],"many":["след ",{"t":"idOrVar","v":"value"}," дни"],"one":"утре","other":["след ",{"t":"idOrVar","v":"value"}," дни"],"two":["след ",{"t":"idOrVar","v":"value"}," дни"],"zero":"днес"},"$x":[{"t":"idOrVar","v":"plural"},"value"]},{"$i":"weeks-until-long","$v":{"few":["след ",{"t":"idOrVar","v":"value"}," седмици"],"many":["след ",{"t":"idOrVar","v":"value"}," седмици"],"one":"следващата седмица","other":["след ",{"t":"idOrVar","v":"value"}," седмици"],"two":["след ",{"t":"idOrVar","v":"value"}," седмици"],"zero":"тази седмица"},"$x":[{"t":"idOrVar","v":"plural"},"value"]},{"$i":"months-until-long","$v":{"few":["след ",{"t":"idOrVar","v":"value"}," месеца"],"many":["след ",{"t":"idOrVar","v":"value"}," месеца"],"one":"следващия месец","other":["след ",{"t":"idOrVar","v":"value"}," месеца"],"two":["след ",{"t":"idOrVar","v":"value"}," месеца"],"zero":"този месец"},"$x":[{"t":"idOrVar","v":"plural"},"value"]},{"$i":"years-until-long","$v":{"few":["след ",{"t":"idOrVar","v":"value"}," години"],"many":["след ",{"t":"idOrVar","v":"value"}," години"],"one":"следващата година","other":["след ",{"t":"idOrVar","v":"value"}," години"],"two":["след ",{"t":"idOrVar","v":"value"}," години"],"zero":"тази година"},"$x":[{"t":"idOrVar","v":"plural"},"value"]},{"$i":"minutes-ago-short","$v":{"other":["Преди ",{"t":"idOrVar","v":"value"}," мин."],"zero":"точно сега"},"$x":[{"t":"idOrVar","v":"plural"},"value"]},{"$i":"hours-ago-short","$v":{"other":["Преди ",{"t":"idOrVar","v":"value"}," ч."],"zero":"точно сега"},"$x":[{"t":"idOrVar","v":"plural"},"value"]},{"$i":"days-ago-short","$v":{"other":["Преди ",{"t":"idOrVar","v":"value"}," дни"],"zero":"днес"},"$x":[{"t":"idOrVar","v":"plural"},"value"]},{"$i":"minutes-until-short","$v":{"other":["след ",{"t":"idOrVar","v":"value"},"м."],"zero":"сега"},"$x":[{"t":"idOrVar","v":"plural"},"value"]},{"$i":"hours-until-short","$v":{"other":["след ",{"t":"idOrVar","v":"value"},"ч."],"zero":"сега"},"$x":[{"t":"idOrVar","v":"plural"},"value"]},{"$i":"days-until-short","$v":{"other":["след ",{"t":"idOrVar","v":"value"},"д."],"zero":"днес"},"$x":[{"t":"idOrVar","v":"plural"},"value"]},{"$i":"incorrectDate","$v":"(неправилна дата)"},{"$i":"dateTimeFormat_%c","$v":"%a %b %e %Y %I:%M:%S %p"},{"$i":"dateTimeFormat_%x","$v":"%m/%d/%Y"},{"$i":"dateTimeFormat_%X","$v":"%I:%M:%S ч. %p"},{"$i":"shortTimeFormat","$v":"%I:%M %p"},{"$i":"shortTimeFormat12","$v":"%I:%M %p"},{"$i":"shortTimeFormat24","$v":"%H:%M"},{"$i":"shortDateTimeFormat","$v":"%x %I:%M %p"},{"$i":"weekStartsOnMonday","$v":"0.0"},{"$i":"firstDayOfTheWeek","$v":"1.0"},{"$i":"time_am","$v":"AM"},{"$i":"time_pm","$v":"PM"}]