[{"$i":"unitconverter","$v":"ইউনিট কনভার্টার"},{"$i":"unit","$v":"ইউনিট"},{"$i":"clear-all","$v":"সব সাফ করুন"},{"$i":"ok","$v":"ঠিক আছে"},{"$i":"select","$v":"নির্বাচন করুন"},{"$i":"+/-","$v":"+/-"},{"$i":"area","$v":"ক্ষেত্র"},{"$i":"length","$v":"দৈর্ঘ্য"},{"$i":"speed","$v":"গতি"},{"$i":"temperature","$v":"তাপমাত্রা"},{"$i":"volume","$v":"আকার"},{"$i":"weight","$v":"ওজন"},{"$i":"squaremillimeters","$v":"বর্গ মিলিমিটার"},{"$i":"squarecentimeters","$v":"বর্গ সেন্টিমিটার"},{"$i":"squaremeters","$v":"বর্গ মিটার"},{"$i":"ares","$v":"আর"},{"$i":"hectares","$v":"হেক্টর"},{"$i":"squarekilometers","$v":"বর্গ কিলোমিটার"},{"$i":"squareinches","$v":"বর্গ ইঞ্চি"},{"$i":"squarefeet","$v":"স্কয়ার ফুট"},{"$i":"squareyards","$v":"বর্গ গজ"},{"$i":"squaremiles","$v":"বর্গ মাইল"},{"$i":"acres","$v":"একর"},{"$i":"millimeter","$v":"মিলিমিটার"},{"$i":"centimeter","$v":"সেন্টিমিটার"},{"$i":"meter","$v":"মিটার"},{"$i":"kilometer","$v":"কিলোমিটার"},{"$i":"inch","$v":"ইঞ্চ"},{"$i":"feet","$v":"ফীট"},{"$i":"yard","$v":"ইয়াৰ্ড"},{"$i":"mile","$v":"মাইল"},{"$i":"meters/second","$v":"মিটার/সেকেন্ড"},{"$i":"kilometer/hour","$v":"কিলোমিটার/আওয়ার"},{"$i":"miles/hour","$v":"মাইল/ঘন্টা"},{"$i":"feet/second","$v":"ফীট/সেকেন্ড"},{"$i":"knots","$v":"নট"},{"$i":"mach","$v":"ম্যাচ"},{"$i":"celsius","$v":"সেলসিয়াস"},{"$i":"fahrenheit","$v":"ফারেনহাইট"},{"$i":"kelvin","$v":"কেল্ভিন"},{"$i":"newton","$v":"নিউটন"},{"$i":"delisle","$v":"ডেলিস্লে"},{"$i":"rankine","$v":"রেঙ্কিন"},{"$i":"réaumur","$v":"রিউমার"},{"$i":"cubicmillimeter","$v":"কিউবিক মিলিমিটার"},{"$i":"cubiccentimeter","$v":"ঘন সেন্টিমিটার"},{"$i":"cubicmeter","$v":"কিউবিক মিটার"},{"$i":"milliliter","$v":"মিলিমিটার"},{"$i":"centiliter","$v":"সেন্টিলিটার"},{"$i":"liter","$v":"লিটার"},{"$i":"cubicinch","$v":"কিউবিক ইঞ্চ"},{"$i":"cubicfoot","$v":"কিউবিক ফুট"},{"$i":"cubicyard","$v":"কিউবিক ইয়ার্ড"},{"$i":"teaspoon,uk","$v":"টী স্পুন,UK"},{"$i":"tablespoon,uk","$v":"টেবল স্পুন,UK"},{"$i":"fluidounce,uk","$v":"ফ্লুইড আউন্স ,UK"},{"$i":"cup,uk","$v":"কাপ, UK"},{"$i":"pint,uk","$v":"প্ৰিণ্ট, UK"},{"$i":"quart,uk","$v":"কোয়ার্ট ,UK"},{"$i":"gallon,uk","$v":"।গ্যালন,UK"},{"$i":"barrel,uk","$v":"ব্যারেল,UK"},{"$i":"teaspoon,us","$v":"টী স্পুন,US"},{"$i":"tablespoon,us","$v":"টেবল স্পুন,US"},{"$i":"fluidounce,us","$v":"ফ্লুইড আউন্স ,UK"},{"$i":"cup,us","$v":"কাপ, US"},{"$i":"pint,us","$v":"প্ৰিণ্ট, US"},{"$i":"quart,us","$v":"কোয়ার্ট ,US"},{"$i":"gallon,us","$v":"গ্যালন,US"},{"$i":"barrel,us","$v":"ব্যারেল,US"},{"$i":"milligrams","$v":"মিলিগ্রাম"},{"$i":"grams","$v":"গ্রাম"},{"$i":"kilograms","$v":"কিলোগ্রাম"},{"$i":"tonnes","$v":"টন"},{"$i":"ounces","$v":"ওউন্স"},{"$i":"pounds","$v":"পাউন্ড"},{"$i":"stone,uk","$v":"স্টোন, UK"},{"$i":"longton,uk","$v":"লং টন, UK"},{"$i":"shortton,us","$v":"শর্ট টন ,US"},{"$i":"weekday-0-long","$v":"রবিবার"},{"$i":"weekday-1-long","$v":"সোমবার"},{"$i":"weekday-2-long","$v":"মঙ্গলবার"},{"$i":"weekday-3-long","$v":"বুধবার"},{"$i":"weekday-4-long","$v":"বৃহস্পতিবার"},{"$i":"weekday-5-long","$v":"শুক্রবার"},{"$i":"weekday-6-long","$v":"শনিবার"},{"$i":"weekday-0-short","$v":"রবি"},{"$i":"weekday-1-short","$v":"সোম"},{"$i":"weekday-2-short","$v":"মঙ্গল"},{"$i":"weekday-3-short","$v":"বুধ"},{"$i":"weekday-4-short","$v":"বৃহস্পতি"},{"$i":"weekday-5-short","$v":"শুক্র"},{"$i":"weekday-6-short","$v":"শনি"},{"$i":"month-0-long","$v":"জানুয়ারি"},{"$i":"month-1-long","$v":"ফেব্রুয়ারি"},{"$i":"month-2-long","$v":"মার্চ"},{"$i":"month-3-long","$v":"এপ্রিল"},{"$i":"month-4-long","$v":"মে"},{"$i":"month-5-long","$v":"জুন"},{"$i":"month-6-long","$v":"জুলাই"},{"$i":"month-7-long","$v":"আগস্ট"},{"$i":"month-8-long","$v":"সেপ্টেম্বর"},{"$i":"month-9-long","$v":"অক্টোবর"},{"$i":"month-10-long","$v":"নভেম্বর"},{"$i":"month-11-long","$v":"ডিসেম্বর"},{"$i":"month-0-genitive","$v":"জানুয়ারি"},{"$i":"month-1-genitive","$v":"ফেব্রুয়ারি"},{"$i":"month-2-genitive","$v":"মার্চ"},{"$i":"month-3-genitive","$v":"এপ্রিল"},{"$i":"month-4-genitive","$v":"মে"},{"$i":"month-5-genitive","$v":"জুন"},{"$i":"month-6-genitive","$v":"জুলাই"},{"$i":"month-7-genitive","$v":"আগস্ট"},{"$i":"month-8-genitive","$v":"সেপ্টেম্বর"},{"$i":"month-9-genitive","$v":"অক্টোবর"},{"$i":"month-10-genitive","$v":"নভেম্বর"},{"$i":"month-11-genitive","$v":"ডিসেম্বর"},{"$i":"month-0-short","$v":"জানুয়ারী"},{"$i":"month-1-short","$v":"ফেব্রুয়ারি"},{"$i":"month-2-short","$v":"মার্চ"},{"$i":"month-3-short","$v":"এপ্রিল"},{"$i":"month-4-short","$v":"মে"},{"$i":"month-5-short","$v":"জুন"},{"$i":"month-6-short","$v":"জুলাই"},{"$i":"month-7-short","$v":"আগস্ট"},{"$i":"month-8-short","$v":"সেপ্টেম্বর"},{"$i":"month-9-short","$v":"অক্টোবর"},{"$i":"month-10-short","$v":"নভেম্বর"},{"$i":"month-11-short","$v":"ডিসেম্বর"},{"$i":"minutes-ago-long","$v":{"few":[{"t":"idOrVar","v":"value"}," মিনিট আগে"],"many":[{"t":"idOrVar","v":"value"}," মিনিট আগে"],"other":[{"t":"idOrVar","v":"value"}," মিনিট আগে"],"two":[{"t":"idOrVar","v":"value"}," মিনিট আগে"],"one":"এক মিনিট আগে","zero":"Just now"},"$x":[{"t":"idOrVar","v":"plural"},"value"]},{"$i":"hours-ago-long","$v":{"few":[{"t":"idOrVar","v":"value"}," ঘন্টা আগে"],"many":[{"t":"idOrVar","v":"value"}," ঘন্টা আগে"],"other":[{"t":"idOrVar","v":"value"}," ঘন্টা আগে"],"two":[{"t":"idOrVar","v":"value"}," ঘন্টা আগে"],"one":"এক ঘন্টা আগে","zero":"Just now"},"$x":[{"t":"idOrVar","v":"plural"},"value"]},{"$i":"days-ago-long","$v":{"few":[{"t":"idOrVar","v":"value"}," দিন আগে"],"many":[{"t":"idOrVar","v":"value"}," দিন আগে"],"one":"গতকাল","other":[{"t":"idOrVar","v":"value"}," দিন আগে"],"two":[{"t":"idOrVar","v":"value"}," দিন আগে"],"zero":"আজ"},"$x":[{"t":"idOrVar","v":"plural"},"value"]},{"$i":"weeks-ago-long","$v":{"few":[{"t":"idOrVar","v":"value"}," সপ্তাহ আগে"],"many":[{"t":"idOrVar","v":"value"}," সপ্তাহ আগে"],"one":"গত সপ্তাহ","other":[{"t":"idOrVar","v":"value"}," সপ্তাহ আগে"],"two":[{"t":"idOrVar","v":"value"}," সপ্তাহ আগে"],"zero":"এই সপ্তাহ"},"$x":[{"t":"idOrVar","v":"plural"},"value"]},{"$i":"months-ago-long","$v":{"few":[{"t":"idOrVar","v":"value"}," মাস আগে"],"many":[{"t":"idOrVar","v":"value"}," মাস আগে"],"one":"গত মাস","other":[{"t":"idOrVar","v":"value"}," মাস আগে"],"two":[{"t":"idOrVar","v":"value"}," মাস আগে"],"zero":"এই মাস"},"$x":[{"t":"idOrVar","v":"plural"},"value"]},{"$i":"years-ago-long","$v":{"few":[{"t":"idOrVar","v":"value"}," বছর আগে"],"many":[{"t":"idOrVar","v":"value"}," বছর আগে"],"one":"গত বছর","other":[{"t":"idOrVar","v":"value"}," বছর আগে"],"two":[{"t":"idOrVar","v":"value"}," বছর আগে"],"zero":"এই বছর"},"$x":[{"t":"idOrVar","v":"plural"},"value"]},{"$i":"minutes-until-long","$v":{"few":[{"t":"idOrVar","v":"value"}," মিনিটে"],"many":[{"t":"idOrVar","v":"value"}," মিনিটে"],"other":[{"t":"idOrVar","v":"value"}," মিনিটে"],"two":[{"t":"idOrVar","v":"value"}," মিনিটে"],"zero":"এখন","one":"এক মিনিটে"},"$x":[{"t":"idOrVar","v":"plural"},"value"]},{"$i":"hours-until-long","$v":{"few":[{"t":"idOrVar","v":"value"}," ঘন্টায়"],"many":[{"t":"idOrVar","v":"value"}," ঘন্টায়"],"other":[{"t":"idOrVar","v":"value"}," ঘন্টায়"],"two":[{"t":"idOrVar","v":"value"}," ঘন্টায়"],"zero":"এখন","one":"এক ঘন্টায়"},"$x":[{"t":"idOrVar","v":"plural"},"value"]},{"$i":"days-until-long","$v":{"few":[{"t":"idOrVar","v":"value"}," দিনে"],"many":[{"t":"idOrVar","v":"value"}," দিনে"],"one":"আগামীকাল","other":[{"t":"idOrVar","v":"value"}," দিনে"],"two":[{"t":"idOrVar","v":"value"}," দিনে"],"zero":"আজ"},"$x":[{"t":"idOrVar","v":"plural"},"value"]},{"$i":"weeks-until-long","$v":{"few":[{"t":"idOrVar","v":"value"}," সপ্তাহে"],"many":[{"t":"idOrVar","v":"value"}," সপ্তাহে"],"one":"পরের সপ্তাহ","other":[{"t":"idOrVar","v":"value"}," সপ্তাহে"],"two":[{"t":"idOrVar","v":"value"}," সপ্তাহে"],"zero":"এই সপ্তাহ"},"$x":[{"t":"idOrVar","v":"plural"},"value"]},{"$i":"months-until-long","$v":{"few":[{"t":"idOrVar","v":"value"}," মাসে"],"many":[{"t":"idOrVar","v":"value"}," মাসে"],"one":"পরের মাস","other":[{"t":"idOrVar","v":"value"}," মাসে"],"two":[{"t":"idOrVar","v":"value"}," মাসে"],"zero":"এই মাস"},"$x":[{"t":"idOrVar","v":"plural"},"value"]},{"$i":"years-until-long","$v":{"few":[{"t":"idOrVar","v":"value"}," বছরে"],"many":[{"t":"idOrVar","v":"value"}," বছরে"],"one":"পরের বছর","other":[{"t":"idOrVar","v":"value"}," বছরে"],"two":[{"t":"idOrVar","v":"value"}," বছরে"],"zero":"এই বছর"},"$x":[{"t":"idOrVar","v":"plural"},"value"]},{"$i":"minutes-ago-short","$v":{"other":[{"t":"idOrVar","v":"value"},"মিনিট আগে"],"zero":"Just now"},"$x":[{"t":"idOrVar","v":"plural"},"value"]},{"$i":"hours-ago-short","$v":{"other":[{"t":"idOrVar","v":"value"},"ঘন্টা আগে"],"zero":"Just now"},"$x":[{"t":"idOrVar","v":"plural"},"value"]},{"$i":"days-ago-short","$v":{"other":[{"t":"idOrVar","v":"value"},"দিন আগে"],"zero":"আজ"},"$x":[{"t":"idOrVar","v":"plural"},"value"]},{"$i":"minutes-until-short","$v":{"other":[{"t":"idOrVar","v":"value"},"মাসে"],"zero":"এখন"},"$x":[{"t":"idOrVar","v":"plural"},"value"]},{"$i":"hours-until-short","$v":{"other":[{"t":"idOrVar","v":"value"},"ঘন্টায়"],"zero":"এখন"},"$x":[{"t":"idOrVar","v":"plural"},"value"]},{"$i":"days-until-short","$v":{"other":[{"t":"idOrVar","v":"value"},"দিনে"],"zero":"আজ"},"$x":[{"t":"idOrVar","v":"plural"},"value"]},{"$i":"incorrectDate","$v":"(ভুল তারিখ)"},{"$i":"dateTimeFormat_%c","$v":"%a %b %e %Y %I:%M:%S %p"},{"$i":"dateTimeFormat_%x","$v":"%m/%d/%Y"},{"$i":"dateTimeFormat_%X","$v":"%I:%M:%S %p"},{"$i":"shortTimeFormat","$v":"%I:%M %p"},{"$i":"shortTimeFormat12","$v":"%I:%M %p"},{"$i":"shortTimeFormat24","$v":"%H:%M"},{"$i":"shortDateTimeFormat","$v":"%x %I:%M %p"},{"$i":"weekStartsOnMonday","$v":"0.0"},{"$i":"firstDayOfTheWeek","$v":"0.0"},{"$i":"time_am","$v":"AM"},{"$i":"time_pm","$v":"PM"}]