[{"$i":"unitconverter","$v":"Μετατροπέας μονάδων"},{"$i":"unit","$v":"Μονάδα"},{"$i":"clear-all","$v":"Εκκαθ. όλων"},{"$i":"ok","$v":"OK"},{"$i":"select","$v":"Επιλογή"},{"$i":"+/-","$v":"+/-"},{"$i":"area","$v":"Εμβαδόν"},{"$i":"length","$v":"Μήκος"},{"$i":"speed","$v":"Ταχύτητα"},{"$i":"temperature","$v":"Θερμοκρασία"},{"$i":"volume","$v":"Όγκος"},{"$i":"weight","$v":"Βάρος"},{"$i":"squaremillimeters","$v":"Τετραγωνικό χιλιοστό"},{"$i":"squarecentimeters","$v":"Τετραγωνικό εκατοστό"},{"$i":"squaremeters","$v":"Τετραγωνικό μέτρο"},{"$i":"ares","$v":"Εμβαδόν"},{"$i":"hectares","$v":"Εκτάριο"},{"$i":"squarekilometers","$v":"Τετραγωνικό χιλιόμετρο"},{"$i":"squareinches","$v":"Τετραγωνική ίντσα"},{"$i":"squarefeet","$v":"Τετραγωνικό πόδι"},{"$i":"squareyards","$v":"Τετραγωνική γιάρδα"},{"$i":"squaremiles","$v":"Τετραγωνικό μίλι"},{"$i":"acres","$v":"Ακρ"},{"$i":"millimeter","$v":"Χιλιοστό"},{"$i":"centimeter","$v":"Εκατοστό"},{"$i":"meter","$v":"Μέτρο"},{"$i":"kilometer","$v":"Χιλιόμετρο"},{"$i":"inch","$v":"Ίντσα"},{"$i":"feet","$v":"Πόδια"},{"$i":"yard","$v":"Γιάρδα"},{"$i":"mile","$v":"Μίλι"},{"$i":"meters/second","$v":"Μέτρο/Δευτερόλεπτο"},{"$i":"kilometer/hour","$v":"Χιλιόμετρα/Ώρα"},{"$i":"miles/hour","$v":"Μίλι/Ώρα"},{"$i":"feet/second","$v":"Πόδια/δευτ."},{"$i":"knots","$v":"Κόμβος"},{"$i":"mach","$v":"Μαχ"},{"$i":"celsius","$v":"Κελσίου"},{"$i":"fahrenheit","$v":"Φαρενάιτ"},{"$i":"kelvin","$v":"Κέλβιν"},{"$i":"newton","$v":"Νιούτον"},{"$i":"delisle","$v":"Ντελίλ"},{"$i":"rankine","$v":"Ράνκιν"},{"$i":"réaumur","$v":"Réaumur"},{"$i":"cubicmillimeter","$v":"Κυβικό χιλιοστό"},{"$i":"cubiccentimeter","$v":"Κυβικό εκατοστό"},{"$i":"cubicmeter","$v":"Κυβικό μέτρο"},{"$i":"milliliter","$v":"Χιλιοστόλιτρο"},{"$i":"centiliter","$v":"Εκατοστόλιτρο"},{"$i":"liter","$v":"Λίτρο"},{"$i":"cubicinch","$v":"Κυβική ίντσα"},{"$i":"cubicfoot","$v":"Κυβικό πόδι"},{"$i":"cubicyard","$v":"Κυβική γιάρδα"},{"$i":"teaspoon,uk","$v":"Tea Spoon,UK"},{"$i":"tablespoon,uk","$v":"Κουταλιά της σούπας (ΗΒ)"},{"$i":"fluidounce,uk","$v":"Ουγγιά υγρών, ΗΒ"},{"$i":"cup,uk","$v":"Κύπελλο, ΗΒ"},{"$i":"pint,uk","$v":"Πίντα (Ηνωμένο Βασίλειο)"},{"$i":"quart,uk","$v":"Γαλόνι (Ηνωμένο Βασίλειο)"},{"$i":"gallon,uk","$v":"Γαλόνι, ΗΒ"},{"$i":"barrel,uk","$v":"Βαρέλι, ΗΒ"},{"$i":"teaspoon,us","$v":"Κουταλ. του γλυκού (ΗΠΑ)"},{"$i":"tablespoon,us","$v":"Κουταλ. της σούπας (ΗΠΑ)"},{"$i":"fluidounce,us","$v":"Ουγγιά υγρών, ΗΠΑ"},{"$i":"cup,us","$v":"Κύπελλο, ΗΠΑ"},{"$i":"pint,us","$v":"Πίντα (ΗΠΑ)"},{"$i":"quart,us","$v":"Γαλόνι (ΗΠΑ)"},{"$i":"gallon,us","$v":"Γαλόνι, ΗΠΑ"},{"$i":"barrel,us","$v":"Βαρέλι, ΗΠΑ"},{"$i":"milligrams","$v":"Χιλιοστόγραμμο"},{"$i":"grams","$v":"Γραμμάριο"},{"$i":"kilograms","$v":"Χιλιόγραμμο"},{"$i":"tonnes","$v":"Τόνος"},{"$i":"ounces","$v":"Ουγγιά"},{"$i":"pounds","$v":"Λίβρα"},{"$i":"stone,uk","$v":"Στόουν (ΗΒ)"},{"$i":"longton,uk","$v":"Τόνος,ΗΒ"},{"$i":"shortton,us","$v":"Αμερ. τόνος (ΗΠΑ)"},{"$i":"weekday-0-long","$v":"Κυριακή"},{"$i":"weekday-1-long","$v":"Δευτέρα"},{"$i":"weekday-2-long","$v":"Τρίτη"},{"$i":"weekday-3-long","$v":"Τετάρτη"},{"$i":"weekday-4-long","$v":"Πέμπτη"},{"$i":"weekday-5-long","$v":"Παρασκευή"},{"$i":"weekday-6-long","$v":"Σάββατο"},{"$i":"weekday-0-short","$v":"Κυρ"},{"$i":"weekday-1-short","$v":"Δευ"},{"$i":"weekday-2-short","$v":"Τρ"},{"$i":"weekday-3-short","$v":"Τετ"},{"$i":"weekday-4-short","$v":"Πέμ"},{"$i":"weekday-5-short","$v":"Παρ"},{"$i":"weekday-6-short","$v":"Σάβ"},{"$i":"month-0-long","$v":"Ιανουάριος"},{"$i":"month-1-long","$v":"Φεβρουάριος"},{"$i":"month-2-long","$v":"Μάρτιος"},{"$i":"month-3-long","$v":"Απρίλιος"},{"$i":"month-4-long","$v":"Μάιος"},{"$i":"month-5-long","$v":"Ιούνιος"},{"$i":"month-6-long","$v":"Ιούλιος"},{"$i":"month-7-long","$v":"Αύγουστος"},{"$i":"month-8-long","$v":"Σεπτέμβριος"},{"$i":"month-9-long","$v":"Οκτώβριος"},{"$i":"month-10-long","$v":"Νοέμβριος"},{"$i":"month-11-long","$v":"Δεκέμβριος"},{"$i":"month-0-genitive","$v":"Ιανουάριος"},{"$i":"month-1-genitive","$v":"Φεβρουάριος"},{"$i":"month-2-genitive","$v":"Μάρτιος"},{"$i":"month-3-genitive","$v":"Απρίλιος"},{"$i":"month-4-genitive","$v":"Μάι"},{"$i":"month-5-genitive","$v":"Ιούνιος"},{"$i":"month-6-genitive","$v":"Ιούλιος"},{"$i":"month-7-genitive","$v":"Αύγουστος"},{"$i":"month-8-genitive","$v":"Σεπτέμβριος"},{"$i":"month-9-genitive","$v":"Οκτώβριος"},{"$i":"month-10-genitive","$v":"Νοέμβριος"},{"$i":"month-11-genitive","$v":"Δεκέμβριος"},{"$i":"month-0-short","$v":"Ιαν"},{"$i":"month-1-short","$v":"Φεβ"},{"$i":"month-2-short","$v":"Μάρ"},{"$i":"month-3-short","$v":"Απρ"},{"$i":"month-4-short","$v":"Μάι"},{"$i":"month-5-short","$v":"Ιούν"},{"$i":"month-6-short","$v":"Ιούλ"},{"$i":"month-7-short","$v":"Αύγ"},{"$i":"month-8-short","$v":"Σεπ"},{"$i":"month-9-short","$v":"Οκτ"},{"$i":"month-10-short","$v":"Νοέ"},{"$i":"month-11-short","$v":"Δεκ"},{"$i":"minutes-ago-long","$v":{"few":[{"t":"idOrVar","v":"value"}," λεπτά πριν"],"many":[{"t":"idOrVar","v":"value"}," λεπτά πριν"],"other":[{"t":"idOrVar","v":"value"}," λεπτά πριν"],"two":[{"t":"idOrVar","v":"value"}," λεπτά πριν"],"one":"ένα λεπτό πριν","zero":"μόλις τώρα"},"$x":[{"t":"idOrVar","v":"plural"},"value"]},{"$i":"hours-ago-long","$v":{"few":[{"t":"idOrVar","v":"value"}," ώρες πριν"],"many":[{"t":"idOrVar","v":"value"}," ώρες πριν"],"other":[{"t":"idOrVar","v":"value"}," ώρες πριν"],"two":[{"t":"idOrVar","v":"value"}," ώρες πριν"],"one":"Πριν από 1 ώρα","zero":"μόλις τώρα"},"$x":[{"t":"idOrVar","v":"plural"},"value"]},{"$i":"days-ago-long","$v":{"few":[{"t":"idOrVar","v":"value"}," ημέρες πριν"],"many":[{"t":"idOrVar","v":"value"}," ημέρες πριν"],"one":"χθες","other":[{"t":"idOrVar","v":"value"}," ημέρες πριν"],"two":[{"t":"idOrVar","v":"value"}," ημέρες πριν"],"zero":"σήμερα"},"$x":[{"t":"idOrVar","v":"plural"},"value"]},{"$i":"weeks-ago-long","$v":{"few":[{"t":"idOrVar","v":"value"}," εβδομάδες πριν"],"many":[{"t":"idOrVar","v":"value"}," εβδομάδες πριν"],"one":"προηγούμενη εβδομάδα","other":[{"t":"idOrVar","v":"value"}," εβδομάδες πριν"],"two":[{"t":"idOrVar","v":"value"}," εβδομάδες πριν"],"zero":"αυτήν την εβδομάδα"},"$x":[{"t":"idOrVar","v":"plural"},"value"]},{"$i":"months-ago-long","$v":{"few":[{"t":"idOrVar","v":"value"}," μήνες πριν"],"many":[{"t":"idOrVar","v":"value"}," μήνες πριν"],"one":"τελευταίος μήνας","other":[{"t":"idOrVar","v":"value"}," μήνες πριν"],"two":[{"t":"idOrVar","v":"value"}," μήνες πριν"],"zero":"αυτόν τον μήνα"},"$x":[{"t":"idOrVar","v":"plural"},"value"]},{"$i":"years-ago-long","$v":{"few":[{"t":"idOrVar","v":"value"}," έτη πριν"],"many":[{"t":"idOrVar","v":"value"}," έτη πριν"],"one":"προηγούμενο έτος","other":[{"t":"idOrVar","v":"value"}," έτη πριν"],"two":[{"t":"idOrVar","v":"value"}," έτη πριν"],"zero":"αυτό το έτος"},"$x":[{"t":"idOrVar","v":"plural"},"value"]},{"$i":"minutes-until-long","$v":{"few":["σε ",{"t":"idOrVar","v":"value"}," λεπτά"],"many":["σε ",{"t":"idOrVar","v":"value"}," λεπτά"],"other":["σε ",{"t":"idOrVar","v":"value"}," λεπτά"],"two":["σε ",{"t":"idOrVar","v":"value"}," λεπτά"],"zero":"τώρα","one":"σε 1 λεπτό"},"$x":[{"t":"idOrVar","v":"plural"},"value"]},{"$i":"hours-until-long","$v":{"few":["σε ",{"t":"idOrVar","v":"value"}," ώρες"],"many":["σε ",{"t":"idOrVar","v":"value"}," ώρες"],"other":["σε ",{"t":"idOrVar","v":"value"}," ώρες"],"two":["σε ",{"t":"idOrVar","v":"value"}," ώρες"],"zero":"τώρα","one":"σε 1 ώρα"},"$x":[{"t":"idOrVar","v":"plural"},"value"]},{"$i":"days-until-long","$v":{"few":["σε ",{"t":"idOrVar","v":"value"}," ημέρες"],"many":["σε ",{"t":"idOrVar","v":"value"}," ημέρες"],"one":"αύριο","other":["σε ",{"t":"idOrVar","v":"value"}," ημέρες"],"two":["σε ",{"t":"idOrVar","v":"value"}," ημέρες"],"zero":"σήμερα"},"$x":[{"t":"idOrVar","v":"plural"},"value"]},{"$i":"weeks-until-long","$v":{"few":["σε ",{"t":"idOrVar","v":"value"}," εβδομάδες"],"many":["σε ",{"t":"idOrVar","v":"value"}," εβδομάδες"],"one":"επόμενη εβδομάδα","other":["σε ",{"t":"idOrVar","v":"value"}," εβδομάδες"],"two":["σε ",{"t":"idOrVar","v":"value"}," εβδομάδες"],"zero":"αυτήν την εβδομάδα"},"$x":[{"t":"idOrVar","v":"plural"},"value"]},{"$i":"months-until-long","$v":{"few":["σε ",{"t":"idOrVar","v":"value"}," μήνες"],"many":["σε ",{"t":"idOrVar","v":"value"}," μήνες"],"one":"επόμενος μήνας","other":["σε ",{"t":"idOrVar","v":"value"}," μήνες"],"two":["σε ",{"t":"idOrVar","v":"value"}," μήνες"],"zero":"αυτόν τον μήνα"},"$x":[{"t":"idOrVar","v":"plural"},"value"]},{"$i":"years-until-long","$v":{"few":["σε ",{"t":"idOrVar","v":"value"}," έτη"],"many":["σε ",{"t":"idOrVar","v":"value"}," έτη"],"one":"επόμενο έτος","other":["σε ",{"t":"idOrVar","v":"value"}," έτη"],"two":["σε ",{"t":"idOrVar","v":"value"}," έτη"],"zero":"αυτό το έτος"},"$x":[{"t":"idOrVar","v":"plural"},"value"]},{"$i":"minutes-ago-short","$v":{"other":[{"t":"idOrVar","v":"value"}," μήνα πριν"],"zero":"μόλις τώρα"},"$x":[{"t":"idOrVar","v":"plural"},"value"]},{"$i":"hours-ago-short","$v":{"other":[{"t":"idOrVar","v":"value"}," ώρες πριν"],"zero":"μόλις τώρα"},"$x":[{"t":"idOrVar","v":"plural"},"value"]},{"$i":"days-ago-short","$v":{"other":[{"t":"idOrVar","v":"value"}," ημ. πριν"],"zero":"σήμερα"},"$x":[{"t":"idOrVar","v":"plural"},"value"]},{"$i":"minutes-until-short","$v":{"other":["σε ",{"t":"idOrVar","v":"value"}," λεπτ."],"zero":"τώρα"},"$x":[{"t":"idOrVar","v":"plural"},"value"]},{"$i":"hours-until-short","$v":{"other":["σε ",{"t":"idOrVar","v":"value"}," ώρ."],"zero":"τώρα"},"$x":[{"t":"idOrVar","v":"plural"},"value"]},{"$i":"days-until-short","$v":{"other":["σε ",{"t":"idOrVar","v":"value"}," ημ."],"zero":"σήμερα"},"$x":[{"t":"idOrVar","v":"plural"},"value"]},{"$i":"incorrectDate","$v":"(εσφαλμένη ημερομηνία)"},{"$i":"dateTimeFormat_%c","$v":"%a %b %e %Y %I:%M:%S %p"},{"$i":"dateTimeFormat_%x","$v":"%m/%d/%Y"},{"$i":"dateTimeFormat_%X","$v":"%I:%M:%S %p"},{"$i":"shortTimeFormat","$v":"%I:%M %p"},{"$i":"shortTimeFormat12","$v":"%I:%M %p"},{"$i":"shortTimeFormat24","$v":"%H:%M"},{"$i":"shortDateTimeFormat","$v":"%x %I:%M %p"},{"$i":"weekStartsOnMonday","$v":"0.0"},{"$i":"firstDayOfTheWeek","$v":"1.0"},{"$i":"time_am","$v":"ΠΜ"},{"$i":"time_pm","$v":"ΜΜ"}]