[{"$i":"unitconverter","$v":"مبدل واحد"},{"$i":"unit","$v":"واحد"},{"$i":"clear-all","$v":"پاک کردن همه"},{"$i":"ok","$v":"تأیید"},{"$i":"select","$v":"انتخاب"},{"$i":"+/-","$v":"+/-"},{"$i":"area","$v":"مساحت"},{"$i":"length","$v":"طول"},{"$i":"speed","$v":"سرعت"},{"$i":"temperature","$v":"دما"},{"$i":"volume","$v":"حجم"},{"$i":"weight","$v":"وزن"},{"$i":"squaremillimeters","$v":"میلی متر مربع"},{"$i":"squarecentimeters","$v":"سانتی متر مربع"},{"$i":"squaremeters","$v":"متر مربع"},{"$i":"ares","$v":"هستند"},{"$i":"hectares","$v":"هکتار"},{"$i":"squarekilometers","$v":"کیلومتر مربع"},{"$i":"squareinches","$v":"اینچ مربع"},{"$i":"squarefeet","$v":"فوت مربع"},{"$i":"squareyards","$v":"یارد مربع"},{"$i":"squaremiles","$v":"مایل مربع"},{"$i":"acres","$v":"جریب"},{"$i":"millimeter","$v":"میلی متر"},{"$i":"centimeter","$v":"سانتی متر"},{"$i":"meter","$v":"متر"},{"$i":"kilometer","$v":"کیلومتر"},{"$i":"inch","$v":"اینچ"},{"$i":"feet","$v":"فوت"},{"$i":"yard","$v":"یارد"},{"$i":"mile","$v":"مایل"},{"$i":"meters/second","$v":"متر/ثانیه"},{"$i":"kilometer/hour","$v":"کیلومتر/ساعت"},{"$i":"miles/hour","$v":"مایل/ساعت"},{"$i":"feet/second","$v":"فوت/ثانیه"},{"$i":"knots","$v":"گره"},{"$i":"mach","$v":"ماخ"},{"$i":"celsius","$v":"سلسیوس"},{"$i":"fahrenheit","$v":"فارنهایت"},{"$i":"kelvin","$v":"کلوین"},{"$i":"newton","$v":"نیوتن"},{"$i":"delisle","$v":"واحد دما (دلیزل)"},{"$i":"rankine","$v":"رانکین"},{"$i":"réaumur","$v":"رومور"},{"$i":"cubicmillimeter","$v":"میلی متر مکعب"},{"$i":"cubiccentimeter","$v":"سانتی متر مکعب"},{"$i":"cubicmeter","$v":"متر مکعب"},{"$i":"milliliter","$v":"میلی لیتر"},{"$i":"centiliter","$v":"یک سانتی متر مکعب"},{"$i":"liter","$v":"لیتر"},{"$i":"cubicinch","$v":"اینچ مکعب"},{"$i":"cubicfoot","$v":"فوت مکعب"},{"$i":"cubicyard","$v":"یارد مکعب"},{"$i":"teaspoon,uk","$v":"فاشق چایخوری، انگلیسی"},{"$i":"tablespoon,uk","$v":"قاشق سوپخوری، انگلیسی"},{"$i":"fluidounce,uk","$v":"اونس مایع، انگلیسی"},{"$i":"cup,uk","$v":"فنجان، انگلیسی"},{"$i":"pint,uk","$v":"پینت، انگلیسی"},{"$i":"quart,uk","$v":"کوارت، انگلیسی"},{"$i":"gallon,uk","$v":"گالن، انگلیسی"},{"$i":"barrel,uk","$v":"بشکه، انگلیسی"},{"$i":"teaspoon,us","$v":"فاشق چایخوری، آمریکایی"},{"$i":"tablespoon,us","$v":"قاشق سوپخوری، آمریکایی"},{"$i":"fluidounce,us","$v":"اونس مایع، آمریکایی"},{"$i":"cup,us","$v":"فنجان، آمریکایی"},{"$i":"pint,us","$v":"پینت، آمریکایی"},{"$i":"quart,us","$v":"کوارت،آمریکایی"},{"$i":"gallon,us","$v":"گالن، آمریکایی"},{"$i":"barrel,us","$v":"بشکه، آمریکایی"},{"$i":"milligrams","$v":"میلی گرم"},{"$i":"grams","$v":"گرم"},{"$i":"kilograms","$v":"کیلوگرم"},{"$i":"tonnes","$v":"تون"},{"$i":"ounces","$v":"اونس"},{"$i":"pounds","$v":"پوند"},{"$i":"stone,uk","$v":"استون، انگلیسی"},{"$i":"longton,uk","$v":"تن بزرگ، انگلیسی"},{"$i":"shortton,us","$v":"تن کوچک، آمریکایی"},{"$i":"weekday-0-long","$v":"يكشنبه"},{"$i":"weekday-1-long","$v":"دوشنبه"},{"$i":"weekday-2-long","$v":"سه شنبه"},{"$i":"weekday-3-long","$v":"چهارشنبه"},{"$i":"weekday-4-long","$v":"پنج شنبه"},{"$i":"weekday-5-long","$v":"جمعه"},{"$i":"weekday-6-long","$v":"شنبه"},{"$i":"weekday-0-short","$v":"یکشنبه"},{"$i":"weekday-1-short","$v":"دوشنبه"},{"$i":"weekday-2-short","$v":"سه شنبه"},{"$i":"weekday-3-short","$v":"چهارشنبه"},{"$i":"weekday-4-short","$v":"پنج شنبه"},{"$i":"weekday-5-short","$v":"جمعه"},{"$i":"weekday-6-short","$v":"شنبه"},{"$i":"month-0-long","$v":"ژانویه"},{"$i":"month-1-long","$v":"فوریه"},{"$i":"month-2-long","$v":"مارس"},{"$i":"month-3-long","$v":"آوریل"},{"$i":"month-4-long","$v":"مه"},{"$i":"month-5-long","$v":"ژوئن"},{"$i":"month-6-long","$v":"ژوئیه"},{"$i":"month-7-long","$v":"اوت"},{"$i":"month-8-long","$v":"سپتامبر"},{"$i":"month-9-long","$v":"اکتبر"},{"$i":"month-10-long","$v":"نوامبر"},{"$i":"month-11-long","$v":"دسامبر"},{"$i":"month-0-genitive","$v":"ژانویه"},{"$i":"month-1-genitive","$v":"فوریه"},{"$i":"month-2-genitive","$v":"مارس"},{"$i":"month-3-genitive","$v":"آوریل"},{"$i":"month-4-genitive","$v":"مه"},{"$i":"month-5-genitive","$v":"ژوئن"},{"$i":"month-6-genitive","$v":"ژوئیه"},{"$i":"month-7-genitive","$v":"اوت"},{"$i":"month-8-genitive","$v":"سپتامبر"},{"$i":"month-9-genitive","$v":"اکتبر"},{"$i":"month-10-genitive","$v":"نوامبر"},{"$i":"month-11-genitive","$v":"دسامبر"},{"$i":"month-0-short","$v":"ژانويه"},{"$i":"month-1-short","$v":"فوريه"},{"$i":"month-2-short","$v":"مارس"},{"$i":"month-3-short","$v":"آوريل"},{"$i":"month-4-short","$v":"مه"},{"$i":"month-5-short","$v":"ژوئن"},{"$i":"month-6-short","$v":"ژوئيه"},{"$i":"month-7-short","$v":"اوت"},{"$i":"month-8-short","$v":"سپتامبر"},{"$i":"month-9-short","$v":"اكتبر"},{"$i":"month-10-short","$v":"نوامبر"},{"$i":"month-11-short","$v":"دسامبر"},{"$i":"minutes-ago-long","$v":{"few":[{"t":"idOrVar","v":"value"}," دقیقه قبل"],"many":[{"t":"idOrVar","v":"value"}," دقیقه قبل"],"other":[{"t":"idOrVar","v":"value"}," دقیقه قبل"],"two":[{"t":"idOrVar","v":"value"}," دقیقه قبل"],"one":"یک دقيقه قبل","zero":"درست اکنون"},"$x":[{"t":"idOrVar","v":"plural"},"value"]},{"$i":"hours-ago-long","$v":{"few":[{"t":"idOrVar","v":"value"}," ساعت قبل"],"many":[{"t":"idOrVar","v":"value"}," ساعت قبل"],"other":[{"t":"idOrVar","v":"value"}," ساعت قبل"],"two":[{"t":"idOrVar","v":"value"}," ساعت قبل"],"one":"یک ساعت قبل","zero":"درست اکنون"},"$x":[{"t":"idOrVar","v":"plural"},"value"]},{"$i":"days-ago-long","$v":{"few":[{"t":"idOrVar","v":"value"}," روز قبل"],"many":[{"t":"idOrVar","v":"value"}," روز قبل"],"one":"دیروز","other":[{"t":"idOrVar","v":"value"}," روز قبل"],"two":[{"t":"idOrVar","v":"value"}," روز قبل"],"zero":"امروز"},"$x":[{"t":"idOrVar","v":"plural"},"value"]},{"$i":"weeks-ago-long","$v":{"few":[{"t":"idOrVar","v":"value"}," هفته قبل"],"many":[{"t":"idOrVar","v":"value"}," هفته قبل"],"one":"هفته قبل","other":[{"t":"idOrVar","v":"value"}," هفته قبل"],"two":[{"t":"idOrVar","v":"value"}," هفته قبل"],"zero":"این هفته"},"$x":[{"t":"idOrVar","v":"plural"},"value"]},{"$i":"months-ago-long","$v":{"few":[{"t":"idOrVar","v":"value"}," ماه قبل"],"many":[{"t":"idOrVar","v":"value"}," ماه قبل"],"one":"ماه قبل","other":[{"t":"idOrVar","v":"value"}," ماه قبل"],"two":[{"t":"idOrVar","v":"value"}," ماه قبل"],"zero":"این ماه"},"$x":[{"t":"idOrVar","v":"plural"},"value"]},{"$i":"years-ago-long","$v":{"few":[{"t":"idOrVar","v":"value"}," سال قبل"],"many":[{"t":"idOrVar","v":"value"}," سال قبل"],"one":"سال قبل","other":[{"t":"idOrVar","v":"value"}," سال قبل"],"two":[{"t":"idOrVar","v":"value"}," سال قبل"],"zero":"امسال"},"$x":[{"t":"idOrVar","v":"plural"},"value"]},{"$i":"minutes-until-long","$v":{"few":"در {value}} دقیقه","many":"در {value}} دقیقه","other":"در {value}} دقیقه","two":"در {value}} دقیقه","zero":"اکنون","one":"در یک دقیقه"},"$x":[{"t":"idOrVar","v":"plural"},"value"]},{"$i":"hours-until-long","$v":{"few":"در {value}} ساعت","many":"در {value}} ساعت","other":"در {value}} ساعت","two":"در {value}} ساعت","zero":"اکنون","one":"در یک ساعت"},"$x":[{"t":"idOrVar","v":"plural"},"value"]},{"$i":"days-until-long","$v":{"few":["در ",{"t":"idOrVar","v":"value"}," روز"],"many":["در ",{"t":"idOrVar","v":"value"}," روز"],"one":"فردا","other":["در ",{"t":"idOrVar","v":"value"}," روز"],"two":["در ",{"t":"idOrVar","v":"value"}," روز"],"zero":"امروز"},"$x":[{"t":"idOrVar","v":"plural"},"value"]},{"$i":"weeks-until-long","$v":{"few":["در ",{"t":"idOrVar","v":"value"}," هفته"],"many":["در ",{"t":"idOrVar","v":"value"}," هفته"],"one":"هفته بعد","other":["در ",{"t":"idOrVar","v":"value"}," هفته"],"two":["در ",{"t":"idOrVar","v":"value"}," هفته"],"zero":"این هفته"},"$x":[{"t":"idOrVar","v":"plural"},"value"]},{"$i":"months-until-long","$v":{"few":["در ",{"t":"idOrVar","v":"value"}," ماه"],"many":["در ",{"t":"idOrVar","v":"value"}," ماه"],"one":"ماه بعد","other":["در ",{"t":"idOrVar","v":"value"}," ماه"],"two":["در ",{"t":"idOrVar","v":"value"}," ماه"],"zero":"این ماه"},"$x":[{"t":"idOrVar","v":"plural"},"value"]},{"$i":"years-until-long","$v":{"few":["در ",{"t":"idOrVar","v":"value"}," سال"],"many":["در ",{"t":"idOrVar","v":"value"}," سال"],"one":"سال بعد","other":["در ",{"t":"idOrVar","v":"value"}," سال"],"two":["در ",{"t":"idOrVar","v":"value"}," سال"],"zero":"امسال"},"$x":[{"t":"idOrVar","v":"plural"},"value"]},{"$i":"minutes-ago-short","$v":{"other":[{"t":"idOrVar","v":"value"},"دقیقه قبل"],"zero":"درست اکنون"},"$x":[{"t":"idOrVar","v":"plural"},"value"]},{"$i":"hours-ago-short","$v":{"other":[{"t":"idOrVar","v":"value"}," ساعت قبل"],"zero":"درست اکنون"},"$x":[{"t":"idOrVar","v":"plural"},"value"]},{"$i":"days-ago-short","$v":{"other":[{"t":"idOrVar","v":"value"}," روز قبل"],"zero":"امروز"},"$x":[{"t":"idOrVar","v":"plural"},"value"]},{"$i":"minutes-until-short","$v":{"other":"در {value}} دقیقه","zero":"اکنون"},"$x":[{"t":"idOrVar","v":"plural"},"value"]},{"$i":"hours-until-short","$v":{"other":"در {value}} ساعت","zero":"اکنون"},"$x":[{"t":"idOrVar","v":"plural"},"value"]},{"$i":"days-until-short","$v":{"other":"در {value}} روز","zero":"امروز"},"$x":[{"t":"idOrVar","v":"plural"},"value"]},{"$i":"incorrectDate","$v":"(تاریخ نادرست)"},{"$i":"dateTimeFormat_%c","$v":"%a %b %e %Y %I:%M:%S %p"},{"$i":"dateTimeFormat_%x","$v":"%m/%d/%Y"},{"$i":"dateTimeFormat_%X","$v":"%I:%M:%S %p"},{"$i":"shortTimeFormat","$v":"%I:%M %p"},{"$i":"shortTimeFormat12","$v":"%I:%M %p"},{"$i":"shortTimeFormat24","$v":"%H:%M"},{"$i":"shortDateTimeFormat","$v":"%x %I:%M %p"},{"$i":"weekStartsOnMonday","$v":"0.0"},{"$i":"firstDayOfTheWeek","$v":"0.0"},{"$i":"time_am","$v":"ب.ظ"},{"$i":"time_pm","$v":"ق.ظ"}]