[{"$i":"unitconverter","$v":"Unit Converter"},{"$i":"unit","$v":"Unit"},{"$i":"clear-all","$v":"I-clear Lahat"},{"$i":"ok","$v":"OK"},{"$i":"select","$v":"Pumili"},{"$i":"+/-","$v":"+/-"},{"$i":"area","$v":"Lawak"},{"$i":"length","$v":"Haba"},{"$i":"speed","$v":"Bilis"},{"$i":"temperature","$v":"Temperatura"},{"$i":"volume","$v":"Volume"},{"$i":"weight","$v":"Timbang"},{"$i":"squaremillimeters","$v":"Milimetro kwadrado"},{"$i":"squarecentimeters","$v":"Sentimetro kwadrado"},{"$i":"squaremeters","$v":"Metro kwadrado"},{"$i":"ares","$v":"Lawak"},{"$i":"hectares","$v":"Ektarya"},{"$i":"squarekilometers","$v":"Kilometro kwadrado"},{"$i":"squareinches","$v":"Pulgada kwadrado"},{"$i":"squarefeet","$v":"Paa ng Parisukat"},{"$i":"squareyards","$v":"Yarda kwadrado"},{"$i":"squaremiles","$v":"Milya kwadrado"},{"$i":"acres","$v":"Akre"},{"$i":"millimeter","$v":"Millimeter"},{"$i":"centimeter","$v":"Centimeter"},{"$i":"meter","$v":"Metro"},{"$i":"kilometer","$v":"Kilometer"},{"$i":"inch","$v":"Pulgada"},{"$i":"feet","$v":"Foot"},{"$i":"yard","$v":"Yard"},{"$i":"mile","$v":"Milya"},{"$i":"meters/second","$v":"Metro/Segundo"},{"$i":"kilometer/hour","$v":"Kilometer/Hour"},{"$i":"miles/hour","$v":"Milya/Oras"},{"$i":"feet/second","$v":"Feet/Second"},{"$i":"knots","$v":"Knot"},{"$i":"mach","$v":"Mach"},{"$i":"celsius","$v":"Celsius"},{"$i":"fahrenheit","$v":"Fahrenheit"},{"$i":"kelvin","$v":"Kelvin"},{"$i":"newton","$v":"Newton"},{"$i":"delisle","$v":"Delisle"},{"$i":"rankine","$v":"Rankine"},{"$i":"réaumur","$v":"Réaumur"},{"$i":"cubicmillimeter","$v":"Cubic Millimeter"},{"$i":"cubiccentimeter","$v":"Cubic Centimeter"},{"$i":"cubicmeter","$v":"Cubic Meter"},{"$i":"milliliter","$v":"Milliliter"},{"$i":"centiliter","$v":"Centiliter"},{"$i":"liter","$v":"Litro"},{"$i":"cubicinch","$v":"Cubic Inch"},{"$i":"cubicfoot","$v":"Cubic Foot"},{"$i":"cubicyard","$v":"Cubic Yard"},{"$i":"teaspoon,uk","$v":"Tea Spoon,UK"},{"$i":"tablespoon,uk","$v":"Tablespoon,UK"},{"$i":"fluidounce,uk","$v":"Fluid Ounce,UK"},{"$i":"cup,uk","$v":"Cup,UK"},{"$i":"pint,uk","$v":"Pint,UK"},{"$i":"quart,uk","$v":"Quart,UK"},{"$i":"gallon,uk","$v":"Gallon,UK"},{"$i":"barrel,uk","$v":"Barrel,UK"},{"$i":"teaspoon,us","$v":"Teaspoon,US"},{"$i":"tablespoon,us","$v":"Tablespoon,US"},{"$i":"fluidounce,us","$v":"Fluid Ounce,US"},{"$i":"cup,us","$v":"Cup,US"},{"$i":"pint,us","$v":"Pint,US"},{"$i":"quart,us","$v":"Quart,US"},{"$i":"gallon,us","$v":"Gallon,US"},{"$i":"barrel,us","$v":"Barrel,US"},{"$i":"milligrams","$v":"Miligramo"},{"$i":"grams","$v":"Gramo"},{"$i":"kilograms","$v":"Kilogramo"},{"$i":"tonnes","$v":"Tonelada"},{"$i":"ounces","$v":"Onsa"},{"$i":"pounds","$v":"Libra"},{"$i":"stone,uk","$v":"Stone,UK"},{"$i":"longton,uk","$v":"Long Ton,UK"},{"$i":"shortton,us","$v":"Short Ton,US"},{"$i":"weekday-0-long","$v":"Linggo"},{"$i":"weekday-1-long","$v":"Lunes"},{"$i":"weekday-2-long","$v":"Martes"},{"$i":"weekday-3-long","$v":"Miyerkules"},{"$i":"weekday-4-long","$v":"Huwebes"},{"$i":"weekday-5-long","$v":"Biyernes"},{"$i":"weekday-6-long","$v":"Sabado"},{"$i":"weekday-0-short","$v":"Lin"},{"$i":"weekday-1-short","$v":"Lun"},{"$i":"weekday-2-short","$v":"Mar"},{"$i":"weekday-3-short","$v":"Miy"},{"$i":"weekday-4-short","$v":"Hwe"},{"$i":"weekday-5-short","$v":"Biy"},{"$i":"weekday-6-short","$v":"Sab"},{"$i":"month-0-long","$v":"Enero"},{"$i":"month-1-long","$v":"Pebrero"},{"$i":"month-2-long","$v":"Marso"},{"$i":"month-3-long","$v":"Abril"},{"$i":"month-4-long","$v":"Mayo"},{"$i":"month-5-long","$v":"Hunyo"},{"$i":"month-6-long","$v":"Hulyo"},{"$i":"month-7-long","$v":"Agosto"},{"$i":"month-8-long","$v":"Setyembre"},{"$i":"month-9-long","$v":"Oktubre"},{"$i":"month-10-long","$v":"Nobyembre"},{"$i":"month-11-long","$v":"Disyembre"},{"$i":"month-0-genitive","$v":"Enero"},{"$i":"month-1-genitive","$v":"Pebrero"},{"$i":"month-2-genitive","$v":"Marso"},{"$i":"month-3-genitive","$v":"Abril"},{"$i":"month-4-genitive","$v":"Mayo"},{"$i":"month-5-genitive","$v":"Hunyo"},{"$i":"month-6-genitive","$v":"Hulyo"},{"$i":"month-7-genitive","$v":"Agosto"},{"$i":"month-8-genitive","$v":"Setyembre"},{"$i":"month-9-genitive","$v":"Oktubre"},{"$i":"month-10-genitive","$v":"Nobyembre"},{"$i":"month-11-genitive","$v":"Disyembre"},{"$i":"month-0-short","$v":"Ene"},{"$i":"month-1-short","$v":"Peb"},{"$i":"month-2-short","$v":"Mar"},{"$i":"month-3-short","$v":"Abr"},{"$i":"month-4-short","$v":"Mayo"},{"$i":"month-5-short","$v":"Hun"},{"$i":"month-6-short","$v":"Hul"},{"$i":"month-7-short","$v":"Ago"},{"$i":"month-8-short","$v":"Set"},{"$i":"month-9-short","$v":"Okt"},{"$i":"month-10-short","$v":"Nob"},{"$i":"month-11-short","$v":"Dis"},{"$i":"minutes-ago-long","$v":{"few":[{"t":"idOrVar","v":"value"}," (na) minuto ang nakalipas"],"many":[{"t":"idOrVar","v":"value"}," (na) minuto ang nakalipas"],"other":[{"t":"idOrVar","v":"value"}," (na) minuto ang nakalipas"],"two":[{"t":"idOrVar","v":"value"}," (na) minuto ang nakalipas"],"one":"isang minuto ang nakalipas","zero":"ngayon lang"},"$x":[{"t":"idOrVar","v":"plural"},"value"]},{"$i":"hours-ago-long","$v":{"few":[{"t":"idOrVar","v":"value"}," (na) oras ang nakalipas"],"many":[{"t":"idOrVar","v":"value"}," (na) oras ang nakalipas"],"other":[{"t":"idOrVar","v":"value"}," (na) oras ang nakalipas"],"two":[{"t":"idOrVar","v":"value"}," (na) oras ang nakalipas"],"one":"1 Oras Ago","zero":"ngayon lang"},"$x":[{"t":"idOrVar","v":"plural"},"value"]},{"$i":"days-ago-long","$v":{"few":[{"t":"idOrVar","v":"value"}," (na) araw ang nakalipas"],"many":[{"t":"idOrVar","v":"value"}," (na) araw ang nakalipas"],"one":"kahapon","other":[{"t":"idOrVar","v":"value"}," (na) araw ang nakalipas"],"two":[{"t":"idOrVar","v":"value"}," (na) araw ang nakalipas"],"zero":"ngayon"},"$x":[{"t":"idOrVar","v":"plural"},"value"]},{"$i":"weeks-ago-long","$v":{"few":[{"t":"idOrVar","v":"value"}," (na) linggo ang nakalipas"],"many":[{"t":"idOrVar","v":"value"}," (na) linggo ang nakalipas"],"one":"nakaraang linggo","other":[{"t":"idOrVar","v":"value"}," (na) linggo ang nakalipas"],"two":[{"t":"idOrVar","v":"value"}," (na) linggo ang nakalipas"],"zero":"ngayong linggo"},"$x":[{"t":"idOrVar","v":"plural"},"value"]},{"$i":"months-ago-long","$v":{"few":[{"t":"idOrVar","v":"value"}," (na) buwan ang nakalipas"],"many":[{"t":"idOrVar","v":"value"}," (na) buwan ang nakalipas"],"one":"nakaraang buwan","other":[{"t":"idOrVar","v":"value"}," (na) buwan ang nakalipas"],"two":[{"t":"idOrVar","v":"value"}," (na) buwan ang nakalipas"],"zero":"ngayong buwan"},"$x":[{"t":"idOrVar","v":"plural"},"value"]},{"$i":"years-ago-long","$v":{"few":[{"t":"idOrVar","v":"value"}," (na) taon ang nakalipas"],"many":[{"t":"idOrVar","v":"value"}," (na) taon ang nakalipas"],"one":"nakaraang taon","other":[{"t":"idOrVar","v":"value"}," (na) taon ang nakalipas"],"two":[{"t":"idOrVar","v":"value"}," (na) taon ang nakalipas"],"zero":"ngayong taon"},"$x":[{"t":"idOrVar","v":"plural"},"value"]},{"$i":"minutes-until-long","$v":{"few":["sa loob ng ",{"t":"idOrVar","v":"value"}," (na) minuto"],"many":["sa loob ng ",{"t":"idOrVar","v":"value"}," (na) minuto"],"other":["sa loob ng ",{"t":"idOrVar","v":"value"}," (na) minuto"],"two":["sa loob ng ",{"t":"idOrVar","v":"value"}," (na) minuto"],"zero":"ngayon","one":"sa 1 minuto"},"$x":[{"t":"idOrVar","v":"plural"},"value"]},{"$i":"hours-until-long","$v":{"few":["sa loob ng ",{"t":"idOrVar","v":"value"}," (na) oras"],"many":["sa loob ng ",{"t":"idOrVar","v":"value"}," (na) oras"],"other":["sa loob ng ",{"t":"idOrVar","v":"value"}," (na) oras"],"two":["sa loob ng ",{"t":"idOrVar","v":"value"}," (na) oras"],"zero":"ngayon","one":"sa 1 oras"},"$x":[{"t":"idOrVar","v":"plural"},"value"]},{"$i":"days-until-long","$v":{"few":["sa loob ng ",{"t":"idOrVar","v":"value"}," (na) araw"],"many":["sa loob ng ",{"t":"idOrVar","v":"value"}," (na) araw"],"one":"bukas","other":["sa loob ng ",{"t":"idOrVar","v":"value"}," (na) araw"],"two":["sa loob ng ",{"t":"idOrVar","v":"value"}," (na) araw"],"zero":"ngayon"},"$x":[{"t":"idOrVar","v":"plural"},"value"]},{"$i":"weeks-until-long","$v":{"few":["sa loob ng ",{"t":"idOrVar","v":"value"}," (na) linggo"],"many":["sa loob ng ",{"t":"idOrVar","v":"value"}," (na) linggo"],"one":"susunod na linggo","other":["sa loob ng ",{"t":"idOrVar","v":"value"}," (na) linggo"],"two":["sa loob ng ",{"t":"idOrVar","v":"value"}," (na) linggo"],"zero":"ngayong linggo"},"$x":[{"t":"idOrVar","v":"plural"},"value"]},{"$i":"months-until-long","$v":{"few":["sa loob ng ",{"t":"idOrVar","v":"value"}," (na) buwan"],"many":["sa loob ng ",{"t":"idOrVar","v":"value"}," (na) buwan"],"one":"susunod na buwan","other":["sa loob ng ",{"t":"idOrVar","v":"value"}," (na) buwan"],"two":["sa loob ng ",{"t":"idOrVar","v":"value"}," (na) buwan"],"zero":"ngayong buwan"},"$x":[{"t":"idOrVar","v":"plural"},"value"]},{"$i":"years-until-long","$v":{"few":["sa loob ng ",{"t":"idOrVar","v":"value"}," (na) taon"],"many":["sa loob ng ",{"t":"idOrVar","v":"value"}," (na) taon"],"one":"susunod na taon","other":["sa loob ng ",{"t":"idOrVar","v":"value"}," (na) taon"],"two":["sa loob ng ",{"t":"idOrVar","v":"value"}," (na) taon"],"zero":"ngayong taon"},"$x":[{"t":"idOrVar","v":"plural"},"value"]},{"$i":"minutes-ago-short","$v":{"other":[{"t":"idOrVar","v":"value"},"m ang nakalipas"],"zero":"ngayon lang"},"$x":[{"t":"idOrVar","v":"plural"},"value"]},{"$i":"hours-ago-short","$v":{"other":[{"t":"idOrVar","v":"value"},"h ang nakalipas"],"zero":"ngayon lang"},"$x":[{"t":"idOrVar","v":"plural"},"value"]},{"$i":"days-ago-short","$v":{"other":[{"t":"idOrVar","v":"value"},"d ang nakalipas"],"zero":"ngayon"},"$x":[{"t":"idOrVar","v":"plural"},"value"]},{"$i":"minutes-until-short","$v":{"other":["sa loob ng ",{"t":"idOrVar","v":"value"},"m"],"zero":"ngayon"},"$x":[{"t":"idOrVar","v":"plural"},"value"]},{"$i":"hours-until-short","$v":{"other":["sa loob ng ",{"t":"idOrVar","v":"value"},"o"],"zero":"ngayon"},"$x":[{"t":"idOrVar","v":"plural"},"value"]},{"$i":"days-until-short","$v":{"other":["sa loob ng ",{"t":"idOrVar","v":"value"},"a"],"zero":"ngayon"},"$x":[{"t":"idOrVar","v":"plural"},"value"]},{"$i":"incorrectDate","$v":"(mali ang petsa)"},{"$i":"dateTimeFormat_%c","$v":"%a %b %e %Y %I:%M:%S %p"},{"$i":"dateTimeFormat_%x","$v":"%m/%d/%Y"},{"$i":"dateTimeFormat_%X","$v":"%I:%M:%S %p"},{"$i":"shortTimeFormat","$v":"%I:%M %p"},{"$i":"shortTimeFormat12","$v":"%I:%M %p"},{"$i":"shortTimeFormat24","$v":"%H:%M"},{"$i":"shortDateTimeFormat","$v":"%x %I:%M %p"},{"$i":"weekStartsOnMonday","$v":"0.0"},{"$i":"firstDayOfTheWeek","$v":"0.0"},{"$i":"time_am","$v":"AM"},{"$i":"time_pm","$v":"PM"}]