[{"$i":"unitconverter","$v":"यूनिट कनवर्टर"},{"$i":"unit","$v":"यूनिट"},{"$i":"clear-all","$v":"सब साफ़ करें"},{"$i":"ok","$v":"ठीक हैं"},{"$i":"select","$v":"चुनें"},{"$i":"+/-","$v":"+/-"},{"$i":"area","$v":"क्षेत्र"},{"$i":"length","$v":"लंबाई"},{"$i":"speed","$v":"गति"},{"$i":"temperature","$v":"तापमान"},{"$i":"volume","$v":"आयतन"},{"$i":"weight","$v":"वजन"},{"$i":"squaremillimeters","$v":"वर्ग मिलीमीटर"},{"$i":"squarecentimeters","$v":"वर्ग सेंटीमीटर"},{"$i":"squaremeters","$v":"वर्ग मीटर"},{"$i":"ares","$v":"आर"},{"$i":"hectares","$v":"हेक्टेयर"},{"$i":"squarekilometers","$v":"वर्ग किलोमीटर"},{"$i":"squareinches","$v":"वर्ग इंच"},{"$i":"squarefeet","$v":"स्क्वेर फुट"},{"$i":"squareyards","$v":"वर्ग गज"},{"$i":"squaremiles","$v":"वर्ग मील"},{"$i":"acres","$v":"एकड़"},{"$i":"millimeter","$v":"मिलीमीटर"},{"$i":"centimeter","$v":"सेंटीमीटर"},{"$i":"meter","$v":"मीटर"},{"$i":"kilometer","$v":"किलोमीटर"},{"$i":"inch","$v":"इंच"},{"$i":"feet","$v":"फ़ीट"},{"$i":"yard","$v":"यार्ड"},{"$i":"mile","$v":"माइल"},{"$i":"meters/second","$v":"मीटर/सेकंड"},{"$i":"kilometer/hour","$v":"किलोमीटर/घंटा"},{"$i":"miles/hour","$v":"मील/घंटा"},{"$i":"feet/second","$v":"फ़ीट/सेकेंड"},{"$i":"knots","$v":"नॉट"},{"$i":"mach","$v":"मॅच"},{"$i":"celsius","$v":"सेल्सियस"},{"$i":"fahrenheit","$v":"फरेनहाइट"},{"$i":"kelvin","$v":"केल्विन"},{"$i":"newton","$v":"न्यूटन"},{"$i":"delisle","$v":"देलिस्ले"},{"$i":"rankine","$v":"रंकिन"},{"$i":"réaumur","$v":"रीएमुर"},{"$i":"cubicmillimeter","$v":"क्यूबिक मिलीमीटर"},{"$i":"cubiccentimeter","$v":"क्यूबिक सेंटीमीटर"},{"$i":"cubicmeter","$v":"क्यूबिक मीटर"},{"$i":"milliliter","$v":"मिलीलीटर"},{"$i":"centiliter","$v":"सेंटिलिटर"},{"$i":"liter","$v":"लिटर"},{"$i":"cubicinch","$v":"क्यूबिक इंच"},{"$i":"cubicfoot","$v":"क्यूबिक फुट"},{"$i":"cubicyard","$v":"क्यूबिक यार्ड"},{"$i":"teaspoon,uk","$v":"टी स्पून, UK"},{"$i":"tablespoon,uk","$v":"टेबल स्पून, UK"},{"$i":"fluidounce,uk","$v":"फ्लूइड औंस,UK"},{"$i":"cup,uk","$v":"कप,UK"},{"$i":"pint,uk","$v":"पिंट,UK"},{"$i":"quart,uk","$v":"क्वार्ट, UK"},{"$i":"gallon,uk","$v":"गैलन,UK"},{"$i":"barrel,uk","$v":"बैरल,UK"},{"$i":"teaspoon,us","$v":"टी स्पून, US"},{"$i":"tablespoon,us","$v":"टेबल स्पून, US"},{"$i":"fluidounce,us","$v":"फ्लूइड औंस,US"},{"$i":"cup,us","$v":"कप,US"},{"$i":"pint,us","$v":"पिंट,US"},{"$i":"quart,us","$v":"क्वार्ट, US"},{"$i":"gallon,us","$v":"गैलन,US"},{"$i":"barrel,us","$v":"बैरल,US"},{"$i":"milligrams","$v":"मिलीग्राम"},{"$i":"grams","$v":"ग्राम"},{"$i":"kilograms","$v":"किलोग्राम"},{"$i":"tonnes","$v":"टन"},{"$i":"ounces","$v":"औंस"},{"$i":"pounds","$v":"पाउंड"},{"$i":"stone,uk","$v":"स्टोन, UK"},{"$i":"longton,uk","$v":"लॉन्ग टन,UK"},{"$i":"shortton,us","$v":"शॉर्ट टन,US"},{"$i":"weekday-0-long","$v":"रविवार"},{"$i":"weekday-1-long","$v":"सोमवार"},{"$i":"weekday-2-long","$v":"मंगलवार"},{"$i":"weekday-3-long","$v":"बुधवार"},{"$i":"weekday-4-long","$v":"गुरुवार"},{"$i":"weekday-5-long","$v":"शुक्रवार"},{"$i":"weekday-6-long","$v":"शनिवार"},{"$i":"weekday-0-short","$v":"रवि"},{"$i":"weekday-1-short","$v":"सोम"},{"$i":"weekday-2-short","$v":"मंगल"},{"$i":"weekday-3-short","$v":"बुध"},{"$i":"weekday-4-short","$v":"गुरु"},{"$i":"weekday-5-short","$v":"शुक्र"},{"$i":"weekday-6-short","$v":"शनि"},{"$i":"month-0-long","$v":"जनवरी"},{"$i":"month-1-long","$v":"फरवरी"},{"$i":"month-2-long","$v":"मार्च"},{"$i":"month-3-long","$v":"अप्रैल"},{"$i":"month-4-long","$v":"मई"},{"$i":"month-5-long","$v":"जून"},{"$i":"month-6-long","$v":"जुलाई"},{"$i":"month-7-long","$v":"अगस्त"},{"$i":"month-8-long","$v":"सितंबर"},{"$i":"month-9-long","$v":"अक्टूबर"},{"$i":"month-10-long","$v":"नवंबर"},{"$i":"month-11-long","$v":"दिसंबर"},{"$i":"month-0-genitive","$v":"जनवरी"},{"$i":"month-1-genitive","$v":"फरवरी"},{"$i":"month-2-genitive","$v":"मार्च"},{"$i":"month-3-genitive","$v":"अप्रैल"},{"$i":"month-4-genitive","$v":"मई"},{"$i":"month-5-genitive","$v":"जून"},{"$i":"month-6-genitive","$v":"जुलाई"},{"$i":"month-7-genitive","$v":"अगस्त"},{"$i":"month-8-genitive","$v":"सितंबर"},{"$i":"month-9-genitive","$v":"अक्टूबर"},{"$i":"month-10-genitive","$v":"नवंबर"},{"$i":"month-11-genitive","$v":"दिसंबर"},{"$i":"month-0-short","$v":"जनवरी"},{"$i":"month-1-short","$v":"फरवरी"},{"$i":"month-2-short","$v":"मार्च"},{"$i":"month-3-short","$v":"अप्रैल"},{"$i":"month-4-short","$v":"मई"},{"$i":"month-5-short","$v":"जून"},{"$i":"month-6-short","$v":"जुलाई"},{"$i":"month-7-short","$v":"अगस्त"},{"$i":"month-8-short","$v":"सितंबर"},{"$i":"month-9-short","$v":"अक्टूबर"},{"$i":"month-10-short","$v":"नवंबर"},{"$i":"month-11-short","$v":"दिसंबर"},{"$i":"minutes-ago-long","$v":{"few":[{"t":"idOrVar","v":"value"}," मिनट पहले"],"many":[{"t":"idOrVar","v":"value"}," मिनट पहले"],"other":[{"t":"idOrVar","v":"value"}," मिनट पहले"],"two":[{"t":"idOrVar","v":"value"}," मिनट पहले"],"one":"एक मिनट पहले","zero":"Just now"},"$x":[{"t":"idOrVar","v":"plural"},"value"]},{"$i":"hours-ago-long","$v":{"few":[{"t":"idOrVar","v":"value"}," घंटे पहले"],"many":[{"t":"idOrVar","v":"value"}," घंटे पहले"],"other":[{"t":"idOrVar","v":"value"}," घंटे पहले"],"two":[{"t":"idOrVar","v":"value"}," घंटे पहले"],"one":"एक घंटे पहले","zero":"Just now"},"$x":[{"t":"idOrVar","v":"plural"},"value"]},{"$i":"days-ago-long","$v":{"few":[{"t":"idOrVar","v":"value"}," दिनों पहले"],"many":[{"t":"idOrVar","v":"value"}," दिनों पहले"],"one":"बीता कल","other":[{"t":"idOrVar","v":"value"}," दिनों पहले"],"two":[{"t":"idOrVar","v":"value"}," दिनों पहले"],"zero":"आज"},"$x":[{"t":"idOrVar","v":"plural"},"value"]},{"$i":"weeks-ago-long","$v":{"few":[{"t":"idOrVar","v":"value"}," सप्ताह पहले"],"many":[{"t":"idOrVar","v":"value"}," सप्ताह पहले"],"one":"पिछले सप्ताह","other":[{"t":"idOrVar","v":"value"}," सप्ताह पहले"],"two":[{"t":"idOrVar","v":"value"}," सप्ताह पहले"],"zero":"इस सप्ताह"},"$x":[{"t":"idOrVar","v":"plural"},"value"]},{"$i":"months-ago-long","$v":{"few":[{"t":"idOrVar","v":"value"}," महीनों पहले"],"many":[{"t":"idOrVar","v":"value"}," महीनों पहले"],"one":"पिछले महीने","other":[{"t":"idOrVar","v":"value"}," महीनों पहले"],"two":[{"t":"idOrVar","v":"value"}," महीनों पहले"],"zero":"इस महीने"},"$x":[{"t":"idOrVar","v":"plural"},"value"]},{"$i":"years-ago-long","$v":{"few":[{"t":"idOrVar","v":"value"}," वर्ष पहले"],"many":[{"t":"idOrVar","v":"value"}," वर्ष पहले"],"one":"पिछले वर्ष","other":[{"t":"idOrVar","v":"value"}," वर्ष पहले"],"two":[{"t":"idOrVar","v":"value"}," वर्ष पहले"],"zero":"इस वर्ष"},"$x":[{"t":"idOrVar","v":"plural"},"value"]},{"$i":"minutes-until-long","$v":{"few":[{"t":"idOrVar","v":"value"}," मिनट में"],"many":[{"t":"idOrVar","v":"value"}," मिनट में"],"other":[{"t":"idOrVar","v":"value"}," मिनट में"],"two":[{"t":"idOrVar","v":"value"}," मिनट में"],"zero":"अभी","one":"एक मिनट में"},"$x":[{"t":"idOrVar","v":"plural"},"value"]},{"$i":"hours-until-long","$v":{"few":[{"t":"idOrVar","v":"value"}," घंटों में"],"many":[{"t":"idOrVar","v":"value"}," घंटों में"],"other":[{"t":"idOrVar","v":"value"}," घंटों में"],"two":[{"t":"idOrVar","v":"value"}," घंटों में"],"zero":"अभी","one":"एक घंटे में"},"$x":[{"t":"idOrVar","v":"plural"},"value"]},{"$i":"days-until-long","$v":{"few":[{"t":"idOrVar","v":"value"}," दिनों में"],"many":[{"t":"idOrVar","v":"value"}," दिनों में"],"one":"कल","other":[{"t":"idOrVar","v":"value"}," दिनों में"],"two":[{"t":"idOrVar","v":"value"}," दिनों में"],"zero":"आज"},"$x":[{"t":"idOrVar","v":"plural"},"value"]},{"$i":"weeks-until-long","$v":{"few":[{"t":"idOrVar","v":"value"}," सप्ताह में"],"many":[{"t":"idOrVar","v":"value"}," सप्ताह में"],"one":"अगले सप्ताह","other":[{"t":"idOrVar","v":"value"}," सप्ताह में"],"two":[{"t":"idOrVar","v":"value"}," सप्ताह में"],"zero":"इस सप्ताह"},"$x":[{"t":"idOrVar","v":"plural"},"value"]},{"$i":"months-until-long","$v":{"few":[{"t":"idOrVar","v":"value"}," महीनो में"],"many":[{"t":"idOrVar","v":"value"}," महीनो में"],"one":"अगले महीने","other":[{"t":"idOrVar","v":"value"}," महीनो में"],"two":[{"t":"idOrVar","v":"value"}," महीनो में"],"zero":"इस महीने"},"$x":[{"t":"idOrVar","v":"plural"},"value"]},{"$i":"years-until-long","$v":{"few":[{"t":"idOrVar","v":"value"}," वर्षों में"],"many":[{"t":"idOrVar","v":"value"}," वर्षों में"],"one":"अगले वर्ष","other":[{"t":"idOrVar","v":"value"}," वर्षों में"],"two":[{"t":"idOrVar","v":"value"}," वर्षों में"],"zero":"इस वर्ष"},"$x":[{"t":"idOrVar","v":"plural"},"value"]},{"$i":"minutes-ago-short","$v":{"other":[{"t":"idOrVar","v":"value"}," मिनट पहले"],"zero":"Just now"},"$x":[{"t":"idOrVar","v":"plural"},"value"]},{"$i":"hours-ago-short","$v":{"other":[{"t":"idOrVar","v":"value"}," घंटे पहले"],"zero":"Just now"},"$x":[{"t":"idOrVar","v":"plural"},"value"]},{"$i":"days-ago-short","$v":{"other":[{"t":"idOrVar","v":"value"}," दिनों पहले"],"zero":"आज"},"$x":[{"t":"idOrVar","v":"plural"},"value"]},{"$i":"minutes-until-short","$v":{"other":[{"t":"idOrVar","v":"value"},"मिनिट में"],"zero":"अभी"},"$x":[{"t":"idOrVar","v":"plural"},"value"]},{"$i":"hours-until-short","$v":{"other":[{"t":"idOrVar","v":"value"},"घंटे में"],"zero":"अभी"},"$x":[{"t":"idOrVar","v":"plural"},"value"]},{"$i":"days-until-short","$v":{"other":[{"t":"idOrVar","v":"value"},"दिन में"],"zero":"आज"},"$x":[{"t":"idOrVar","v":"plural"},"value"]},{"$i":"incorrectDate","$v":"(गलत दिनांक)"},{"$i":"dateTimeFormat_%c","$v":"%a %b %e %Y %I:%M:%S %p"},{"$i":"dateTimeFormat_%x","$v":"%m/%d/%Y"},{"$i":"dateTimeFormat_%X","$v":"%I:%M:%S %p"},{"$i":"shortTimeFormat","$v":"%I:%M %p"},{"$i":"shortTimeFormat12","$v":"%I:%M %p"},{"$i":"shortTimeFormat24","$v":"%H:%M"},{"$i":"shortDateTimeFormat","$v":"%x %I:%M %p"},{"$i":"weekStartsOnMonday","$v":"0.0"},{"$i":"firstDayOfTheWeek","$v":"0.0"},{"$i":"time_am","$v":"AM"},{"$i":"time_pm","$v":"PM"}]