[{"$i":"unitconverter","$v":"Pretvarač jedinica"},{"$i":"unit","$v":"Jedinica"},{"$i":"clear-all","$v":"Očisti sve"},{"$i":"ok","$v":"U redu"},{"$i":"select","$v":"Odaberi"},{"$i":"+/-","$v":"+/-"},{"$i":"area","$v":"Površina"},{"$i":"length","$v":"Duljina"},{"$i":"speed","$v":"Brzina"},{"$i":"temperature","$v":"Temperatura"},{"$i":"volume","$v":"Volumen"},{"$i":"weight","$v":"Masa"},{"$i":"squaremillimeters","$v":"kvadratni milimetar"},{"$i":"squarecentimeters","$v":"kvadratni centimetar"},{"$i":"squaremeters","$v":"kvadratni metar"},{"$i":"ares","$v":"ar"},{"$i":"hectares","$v":"hektar"},{"$i":"squarekilometers","$v":"kvadratni kilometar"},{"$i":"squareinches","$v":"kvadratni inč"},{"$i":"squarefeet","$v":"Kvadratna stopa"},{"$i":"squareyards","$v":"kvadratni jard"},{"$i":"squaremiles","$v":"kvadratna milja"},{"$i":"acres","$v":"aker"},{"$i":"millimeter","$v":"Milimetar"},{"$i":"centimeter","$v":"Centimetar"},{"$i":"meter","$v":"Metar"},{"$i":"kilometer","$v":"Kilometar"},{"$i":"inch","$v":"Inč"},{"$i":"feet","$v":"Stopa"},{"$i":"yard","$v":"Jard"},{"$i":"mile","$v":"Milja"},{"$i":"meters/second","$v":"metara u sekundi"},{"$i":"kilometer/hour","$v":"Kilometar/sat"},{"$i":"miles/hour","$v":"milja na sat"},{"$i":"feet/second","$v":"Stopa/sekunda"},{"$i":"knots","$v":"čvor"},{"$i":"mach","$v":"Mach"},{"$i":"celsius","$v":"Celzij"},{"$i":"fahrenheit","$v":"Fahrenheit"},{"$i":"kelvin","$v":"Kelvin:"},{"$i":"newton","$v":"Newton"},{"$i":"delisle","$v":"Delisle"},{"$i":"rankine","$v":"Rankine"},{"$i":"réaumur","$v":"Réaumur"},{"$i":"cubicmillimeter","$v":"Kubični milimetar"},{"$i":"cubiccentimeter","$v":"Kubični centimetar"},{"$i":"cubicmeter","$v":"Kubični metar"},{"$i":"milliliter","$v":"Mililitar"},{"$i":"centiliter","$v":"Centilitar"},{"$i":"liter","$v":"Litra"},{"$i":"cubicinch","$v":"Kubični inč"},{"$i":"cubicfoot","$v":"Kubična stopa"},{"$i":"cubicyard","$v":"Kubični jard"},{"$i":"teaspoon,uk","$v":"Tea Spoon, UK"},{"$i":"tablespoon,uk","$v":"Jušna žlica, UK"},{"$i":"fluidounce,uk","$v":"Fluidna unca, UK"},{"$i":"cup,uk","$v":"Šalica, UK"},{"$i":"pint,uk","$v":"Pinta, UK"},{"$i":"quart,uk","$v":"Quart,UK"},{"$i":"gallon,uk","$v":"Galon, UK"},{"$i":"barrel,uk","$v":"Barel, UK"},{"$i":"teaspoon,us","$v":"Čajna žličica, SAD"},{"$i":"tablespoon,us","$v":"Jušna žlica, SAD"},{"$i":"fluidounce,us","$v":"Fluidna unca, SAD"},{"$i":"cup,us","$v":"Šalica, SAD"},{"$i":"pint,us","$v":"Pinta, SAD"},{"$i":"quart,us","$v":"Quart,SAD"},{"$i":"gallon,us","$v":"Galon, SAD"},{"$i":"barrel,us","$v":"Barel, SAD"},{"$i":"milligrams","$v":"miligram"},{"$i":"grams","$v":"gram"},{"$i":"kilograms","$v":"kilogram"},{"$i":"tonnes","$v":"tona"},{"$i":"ounces","$v":"unca"},{"$i":"pounds","$v":"funta"},{"$i":"stone,uk","$v":"Stone,UK"},{"$i":"longton,uk","$v":"Duga tona,UK"},{"$i":"shortton,us","$v":"Kratka tona, SAD"},{"$i":"weekday-0-long","$v":"Nedjelja"},{"$i":"weekday-1-long","$v":"Ponedjeljak"},{"$i":"weekday-2-long","$v":"Utorak"},{"$i":"weekday-3-long","$v":"Srijeda"},{"$i":"weekday-4-long","$v":"Četvrtak"},{"$i":"weekday-5-long","$v":"Petak"},{"$i":"weekday-6-long","$v":"Subota"},{"$i":"weekday-0-short","$v":"Ned"},{"$i":"weekday-1-short","$v":"Pon"},{"$i":"weekday-2-short","$v":"Uto"},{"$i":"weekday-3-short","$v":"Sri"},{"$i":"weekday-4-short","$v":"Čet"},{"$i":"weekday-5-short","$v":"Pet"},{"$i":"weekday-6-short","$v":"Sub"},{"$i":"month-0-long","$v":"Siječanj"},{"$i":"month-1-long","$v":"Veljača"},{"$i":"month-2-long","$v":"Ožujak"},{"$i":"month-3-long","$v":"Travanj"},{"$i":"month-4-long","$v":"Svibanj"},{"$i":"month-5-long","$v":"Lipanj"},{"$i":"month-6-long","$v":"Srpanj"},{"$i":"month-7-long","$v":"Kolovoz"},{"$i":"month-8-long","$v":"Rujan"},{"$i":"month-9-long","$v":"Listopad"},{"$i":"month-10-long","$v":"Studeni"},{"$i":"month-11-long","$v":"Prosinac"},{"$i":"month-0-genitive","$v":"Siječanj"},{"$i":"month-1-genitive","$v":"Veljača"},{"$i":"month-2-genitive","$v":"Ožujak"},{"$i":"month-3-genitive","$v":"Travanj"},{"$i":"month-4-genitive","$v":"Svibanj"},{"$i":"month-5-genitive","$v":"Lipanj"},{"$i":"month-6-genitive","$v":"Srpanj"},{"$i":"month-7-genitive","$v":"Kolovoz"},{"$i":"month-8-genitive","$v":"Rujan"},{"$i":"month-9-genitive","$v":"Listopad"},{"$i":"month-10-genitive","$v":"Studeni"},{"$i":"month-11-genitive","$v":"Prosinac"},{"$i":"month-0-short","$v":"SIJEC."},{"$i":"month-1-short","$v":"VELJ."},{"$i":"month-2-short","$v":"OZUJ."},{"$i":"month-3-short","$v":"TRAV."},{"$i":"month-4-short","$v":"SVIB."},{"$i":"month-5-short","$v":"LIP."},{"$i":"month-6-short","$v":"SRP."},{"$i":"month-7-short","$v":"KOL."},{"$i":"month-8-short","$v":"RUJ."},{"$i":"month-9-short","$v":"LIST."},{"$i":"month-10-short","$v":"STUD."},{"$i":"month-11-short","$v":"PROS."},{"$i":"minutes-ago-long","$v":{"few":["Prije ",{"t":"idOrVar","v":"value"}," min"],"many":["Prije ",{"t":"idOrVar","v":"value"}," min"],"other":["Prije ",{"t":"idOrVar","v":"value"}," min"],"two":["Prije ",{"t":"idOrVar","v":"value"}," min"],"one":"prije 1 min","zero":"upravo sad"},"$x":[{"t":"idOrVar","v":"plural"},"value"]},{"$i":"hours-ago-long","$v":{"few":["Prije ",{"t":"idOrVar","v":"value"}," h"],"many":["Prije ",{"t":"idOrVar","v":"value"}," h"],"other":["Prije ",{"t":"idOrVar","v":"value"}," h"],"two":["Prije ",{"t":"idOrVar","v":"value"}," h"],"one":"prije 1 sat","zero":"upravo sad"},"$x":[{"t":"idOrVar","v":"plural"},"value"]},{"$i":"days-ago-long","$v":{"few":["Prije ",{"t":"idOrVar","v":"value"}," dana"],"many":["Prije ",{"t":"idOrVar","v":"value"}," dana"],"one":"jučer","other":["Prije ",{"t":"idOrVar","v":"value"}," dana"],"two":["Prije ",{"t":"idOrVar","v":"value"}," dana"],"zero":"danas"},"$x":[{"t":"idOrVar","v":"plural"},"value"]},{"$i":"weeks-ago-long","$v":{"few":["Prije ",{"t":"idOrVar","v":"value"}," tjed(a)na"],"many":["Prije ",{"t":"idOrVar","v":"value"}," tjed(a)na"],"one":"prošli tjedan","other":["Prije ",{"t":"idOrVar","v":"value"}," tjed(a)na"],"two":["Prije ",{"t":"idOrVar","v":"value"}," tjed(a)na"],"zero":"ovaj tjedan"},"$x":[{"t":"idOrVar","v":"plural"},"value"]},{"$i":"months-ago-long","$v":{"few":["Prije ",{"t":"idOrVar","v":"value"}," mjeseci(a)"],"many":["Prije ",{"t":"idOrVar","v":"value"}," mjeseci(a)"],"one":"prošli mjesec","other":["Prije ",{"t":"idOrVar","v":"value"}," mjeseci(a)"],"two":["Prije ",{"t":"idOrVar","v":"value"}," mjeseci(a)"],"zero":"ovaj mjesec"},"$x":[{"t":"idOrVar","v":"plural"},"value"]},{"$i":"years-ago-long","$v":{"few":["Prije ",{"t":"idOrVar","v":"value"}," godina"],"many":["Prije ",{"t":"idOrVar","v":"value"}," godina"],"one":"prošle godine","other":["Prije ",{"t":"idOrVar","v":"value"}," godina"],"two":["Prije ",{"t":"idOrVar","v":"value"}," godina"],"zero":"ova godina"},"$x":[{"t":"idOrVar","v":"plural"},"value"]},{"$i":"minutes-until-long","$v":{"few":["za ",{"t":"idOrVar","v":"value"}," min"],"many":["za ",{"t":"idOrVar","v":"value"}," min"],"other":["za ",{"t":"idOrVar","v":"value"}," min"],"two":["za ",{"t":"idOrVar","v":"value"}," min"],"zero":"sada","one":"za 1 minutu"},"$x":[{"t":"idOrVar","v":"plural"},"value"]},{"$i":"hours-until-long","$v":{"few":["za ",{"t":"idOrVar","v":"value"}," h"],"many":["za ",{"t":"idOrVar","v":"value"}," h"],"other":["za ",{"t":"idOrVar","v":"value"}," h"],"two":["za ",{"t":"idOrVar","v":"value"}," h"],"zero":"sada","one":"za 1 sat"},"$x":[{"t":"idOrVar","v":"plural"},"value"]},{"$i":"days-until-long","$v":{"few":["za ",{"t":"idOrVar","v":"value"}," dana"],"many":["za ",{"t":"idOrVar","v":"value"}," dana"],"one":"sutra","other":["za ",{"t":"idOrVar","v":"value"}," dana"],"two":["za ",{"t":"idOrVar","v":"value"}," dana"],"zero":"danas"},"$x":[{"t":"idOrVar","v":"plural"},"value"]},{"$i":"weeks-until-long","$v":{"few":["za ",{"t":"idOrVar","v":"value"}," tjed(a)na"],"many":["za ",{"t":"idOrVar","v":"value"}," tjed(a)na"],"one":"sljedećeg tjedna","other":["za ",{"t":"idOrVar","v":"value"}," tjed(a)na"],"two":["za ",{"t":"idOrVar","v":"value"}," tjed(a)na"],"zero":"ovaj tjedan"},"$x":[{"t":"idOrVar","v":"plural"},"value"]},{"$i":"months-until-long","$v":{"few":["za ",{"t":"idOrVar","v":"value"}," mjeseci(a)"],"many":["za ",{"t":"idOrVar","v":"value"}," mjeseci(a)"],"one":"sljedećeg mjeseca","other":["za ",{"t":"idOrVar","v":"value"}," mjeseci(a)"],"two":["za ",{"t":"idOrVar","v":"value"}," mjeseci(a)"],"zero":"ovaj mjesec"},"$x":[{"t":"idOrVar","v":"plural"},"value"]},{"$i":"years-until-long","$v":{"few":["za ",{"t":"idOrVar","v":"value"}," godina"],"many":["za ",{"t":"idOrVar","v":"value"}," godina"],"one":"sljedeće godine","other":["za ",{"t":"idOrVar","v":"value"}," godina"],"two":["za ",{"t":"idOrVar","v":"value"}," godina"],"zero":"ova godina"},"$x":[{"t":"idOrVar","v":"plural"},"value"]},{"$i":"minutes-ago-short","$v":{"other":["Prije ",{"t":"idOrVar","v":"value"}," min"],"zero":"upravo sad"},"$x":[{"t":"idOrVar","v":"plural"},"value"]},{"$i":"hours-ago-short","$v":{"other":["Prije ",{"t":"idOrVar","v":"value"}," h"],"zero":"upravo sad"},"$x":[{"t":"idOrVar","v":"plural"},"value"]},{"$i":"days-ago-short","$v":{"other":["Prije ",{"t":"idOrVar","v":"value"}," dana"],"zero":"danas"},"$x":[{"t":"idOrVar","v":"plural"},"value"]},{"$i":"minutes-until-short","$v":{"other":["za ",{"t":"idOrVar","v":"value"}," min"],"zero":"sada"},"$x":[{"t":"idOrVar","v":"plural"},"value"]},{"$i":"hours-until-short","$v":{"other":["za ",{"t":"idOrVar","v":"value"}," h"],"zero":"sada"},"$x":[{"t":"idOrVar","v":"plural"},"value"]},{"$i":"days-until-short","$v":{"other":["za ",{"t":"idOrVar","v":"value"}," d."],"zero":"danas"},"$x":[{"t":"idOrVar","v":"plural"},"value"]},{"$i":"incorrectDate","$v":"(netočan datum)"},{"$i":"dateTimeFormat_%c","$v":"%a %b %e %Y %I:%M:%S %p"},{"$i":"dateTimeFormat_%x","$v":"%m/%d/%Y"},{"$i":"dateTimeFormat_%X","$v":"%I.%M:%S %p"},{"$i":"shortTimeFormat","$v":"%x %I:%M %p"},{"$i":"shortTimeFormat12","$v":"%x %I:%M %p"},{"$i":"shortTimeFormat24","$v":"%H:%M"},{"$i":"shortDateTimeFormat","$v":"%x %I:%M %p"},{"$i":"weekStartsOnMonday","$v":"0.0"},{"$i":"firstDayOfTheWeek","$v":"1.0"},{"$i":"time_am","$v":"AM"},{"$i":"time_pm","$v":"PM"}]