[{"$i":"unitconverter","$v":"Միավորի փոխարկիչ"},{"$i":"unit","$v":"Բաժին"},{"$i":"clear-all","$v":"Մաքրել բլրը"},{"$i":"ok","$v":"Լավ"},{"$i":"select","$v":"Ընտրել"},{"$i":"+/-","$v":"+/-"},{"$i":"area","$v":"Մակերես"},{"$i":"length","$v":"Երկարություն"},{"$i":"speed","$v":"Արգթյն"},{"$i":"temperature","$v":"Ջերմաստիճան"},{"$i":"volume","$v":"Ծավալ"},{"$i":"weight","$v":"Կշիռ"},{"$i":"squaremillimeters","$v":"Քառակուսի միլիմետր"},{"$i":"squarecentimeters","$v":"Քառակուսի սանտիմետր"},{"$i":"squaremeters","$v":"Քառակուսի մետր"},{"$i":"ares","$v":"Արե"},{"$i":"hectares","$v":"Հեկտար"},{"$i":"squarekilometers","$v":"Քառակուսի կիլոմետր"},{"$i":"squareinches","$v":"Քառակուսի դյույմ"},{"$i":"squarefeet","$v":"Քառակուսի ոտք"},{"$i":"squareyards","$v":"Քառակուսի յարդ"},{"$i":"squaremiles","$v":"Քառակուսի մղոն"},{"$i":"acres","$v":"Ակր"},{"$i":"millimeter","$v":"Մլմետր"},{"$i":"centimeter","$v":"Սանտիմետր"},{"$i":"meter","$v":"Մետր"},{"$i":"kilometer","$v":"Կիլոմետր"},{"$i":"inch","$v":"Դյույմ"},{"$i":"feet","$v":"Ֆուտ"},{"$i":"yard","$v":"Յարդ"},{"$i":"mile","$v":"Մղոն"},{"$i":"meters/second","$v":"Մետր/վայրկյան"},{"$i":"kilometer/hour","$v":"Կիլոմետր/Ժամ"},{"$i":"miles/hour","$v":"Մղոն/ժամ"},{"$i":"feet/second","$v":"Ֆուտ/Վայրկյան"},{"$i":"knots","$v":"Հանգույց"},{"$i":"mach","$v":"Մախ"},{"$i":"celsius","$v":"Ցելսիուս"},{"$i":"fahrenheit","$v":"Ֆարենհայթ"},{"$i":"kelvin","$v":"Քելվին"},{"$i":"newton","$v":"Նյուտոն"},{"$i":"delisle","$v":"Դելիլ"},{"$i":"rankine","$v":"Rankine"},{"$i":"réaumur","$v":"Ռեոմյուր"},{"$i":"cubicmillimeter","$v":"Խորանարդ միլիմետր"},{"$i":"cubiccentimeter","$v":"Խորանարդ սանտիմետր"},{"$i":"cubicmeter","$v":"Խորանարդ մետր"},{"$i":"milliliter","$v":"Մլիտր"},{"$i":"centiliter","$v":"Սանտիլիտր"},{"$i":"liter","$v":"Լիտր"},{"$i":"cubicinch","$v":"Խորանարդ դյույմ"},{"$i":"cubicfoot","$v":"Խորանարդ ֆուտ"},{"$i":"cubicyard","$v":"Խորանարդ յարդ"},{"$i":"teaspoon,uk","$v":"Թեյի գդալ, ՄԲ"},{"$i":"tablespoon,uk","$v":"Ճաշի գդալ,ՄԲ"},{"$i":"fluidounce,uk","$v":"Հեղուկի ունցիա, ՄԲ"},{"$i":"cup,uk","$v":"Բաժակ,ՄԲ"},{"$i":"pint,uk","$v":"Փինտ,ՄԲ"},{"$i":"quart,uk","$v":"Կվարտ,ՄԲ"},{"$i":"gallon,uk","$v":"Գալոն, ՄԲ"},{"$i":"barrel,uk","$v":"Բարել, ՄԲ"},{"$i":"teaspoon,us","$v":"Թեյի գդալ, ԱՄՆ"},{"$i":"tablespoon,us","$v":"Ճաշի գդալ, ԱՄՆ"},{"$i":"fluidounce,us","$v":"Հեղուկի ունցիա, ԱՄՆ"},{"$i":"cup,us","$v":"Բաժակ,ԱՄՆ"},{"$i":"pint,us","$v":"Փինտ,ԱՄՆ"},{"$i":"quart,us","$v":"Կվարտ, ԱՄՆ"},{"$i":"gallon,us","$v":"Գալոն, ԱՄՆ"},{"$i":"barrel,us","$v":"Բարել, ԱՄՆ"},{"$i":"milligrams","$v":"Միլիգրամ"},{"$i":"grams","$v":"Գրամ"},{"$i":"kilograms","$v":"Կիլոգրամ"},{"$i":"tonnes","$v":"Տոննա"},{"$i":"ounces","$v":"Ունցիա"},{"$i":"pounds","$v":"Ֆունտ"},{"$i":"stone,uk","$v":"Սթոն,ՄԲ"},{"$i":"longton,uk","$v":"Անգլիական տոննա, ՄԲ"},{"$i":"shortton,us","$v":"Ամրկյն տոննա, ԱՄՆ"},{"$i":"weekday-0-long","$v":"Կիրակի"},{"$i":"weekday-1-long","$v":"Երկուշաբթի"},{"$i":"weekday-2-long","$v":"Երեքշաբթի"},{"$i":"weekday-3-long","$v":"Չորեքշաբթի"},{"$i":"weekday-4-long","$v":"Հինգշաբթի"},{"$i":"weekday-5-long","$v":"Ուրբաթ"},{"$i":"weekday-6-long","$v":"Շաբաթ"},{"$i":"weekday-0-short","$v":"Կիր"},{"$i":"weekday-1-short","$v":"Երկ"},{"$i":"weekday-2-short","$v":"Երք"},{"$i":"weekday-3-short","$v":"Չրք"},{"$i":"weekday-4-short","$v":"Հնգ"},{"$i":"weekday-5-short","$v":"Ուրբ"},{"$i":"weekday-6-short","$v":"Շբթ"},{"$i":"month-0-long","$v":"Հունվար"},{"$i":"month-1-long","$v":"Փետրվար"},{"$i":"month-2-long","$v":"Մարտ"},{"$i":"month-3-long","$v":"Ապրիլ"},{"$i":"month-4-long","$v":"Մյս"},{"$i":"month-5-long","$v":"Հունիս"},{"$i":"month-6-long","$v":"Հուլիս"},{"$i":"month-7-long","$v":"Օգոստոս"},{"$i":"month-8-long","$v":"Սեպտեմբեր"},{"$i":"month-9-long","$v":"Հոկտեմբեր"},{"$i":"month-10-long","$v":"Նոյեմբեր"},{"$i":"month-11-long","$v":"Դեկտեմբեր"},{"$i":"month-0-genitive","$v":"Հունվար"},{"$i":"month-1-genitive","$v":"Փետրվար"},{"$i":"month-2-genitive","$v":"Մարտ"},{"$i":"month-3-genitive","$v":"Ապրիլ"},{"$i":"month-4-genitive","$v":"Մյս"},{"$i":"month-5-genitive","$v":"Հունիս"},{"$i":"month-6-genitive","$v":"Հուլիս"},{"$i":"month-7-genitive","$v":"Օգոստոս"},{"$i":"month-8-genitive","$v":"Սեպտեմբեր"},{"$i":"month-9-genitive","$v":"Հոկտեմբեր"},{"$i":"month-10-genitive","$v":"Նոյեմբեր"},{"$i":"month-11-genitive","$v":"Դեկտեմբեր"},{"$i":"month-0-short","$v":"Հունվ"},{"$i":"month-1-short","$v":"Փետ"},{"$i":"month-2-short","$v":"Մրտ"},{"$i":"month-3-short","$v":"Ապլ"},{"$i":"month-4-short","$v":"Մյս"},{"$i":"month-5-short","$v":"Հուն"},{"$i":"month-6-short","$v":"Հուլ"},{"$i":"month-7-short","$v":"Օգս"},{"$i":"month-8-short","$v":"Սպտ"},{"$i":"month-9-short","$v":"Հոկտ"},{"$i":"month-10-short","$v":"Նոյ"},{"$i":"month-11-short","$v":"Դեկ"},{"$i":"minutes-ago-long","$v":{"few":[{"t":"idOrVar","v":"value"}," րոպե առաջ"],"many":[{"t":"idOrVar","v":"value"}," րոպե առաջ"],"other":[{"t":"idOrVar","v":"value"}," րոպե առաջ"],"two":[{"t":"idOrVar","v":"value"}," րոպե առաջ"],"one":"րոպե առաջ","zero":"հենց նոր"},"$x":[{"t":"idOrVar","v":"plural"},"value"]},{"$i":"hours-ago-long","$v":{"few":[{"t":"idOrVar","v":"value"}," ժամ առաջ"],"many":[{"t":"idOrVar","v":"value"}," ժամ առաջ"],"other":[{"t":"idOrVar","v":"value"}," ժամ առաջ"],"two":[{"t":"idOrVar","v":"value"}," ժամ առաջ"],"one":"1 ժամ առաջ","zero":"հենց նոր"},"$x":[{"t":"idOrVar","v":"plural"},"value"]},{"$i":"days-ago-long","$v":{"few":[{"t":"idOrVar","v":"value"}," օր առաջ"],"many":[{"t":"idOrVar","v":"value"}," օր առաջ"],"one":"երեկ","other":[{"t":"idOrVar","v":"value"}," օր առաջ"],"two":[{"t":"idOrVar","v":"value"}," օր առաջ"],"zero":"այսօր"},"$x":[{"t":"idOrVar","v":"plural"},"value"]},{"$i":"weeks-ago-long","$v":{"few":[{"t":"idOrVar","v":"value"}," շաբաթ առաջ"],"many":[{"t":"idOrVar","v":"value"}," շաբաթ առաջ"],"one":"անցյալ շաբաթ","other":[{"t":"idOrVar","v":"value"}," շաբաթ առաջ"],"two":[{"t":"idOrVar","v":"value"}," շաբաթ առաջ"],"zero":"այս շաբաթ"},"$x":[{"t":"idOrVar","v":"plural"},"value"]},{"$i":"months-ago-long","$v":{"few":[{"t":"idOrVar","v":"value"}," ամիս առաջ"],"many":[{"t":"idOrVar","v":"value"}," ամիս առաջ"],"one":"անցած ամիս","other":[{"t":"idOrVar","v":"value"}," ամիս առաջ"],"two":[{"t":"idOrVar","v":"value"}," ամիս առաջ"],"zero":"այս ամիս"},"$x":[{"t":"idOrVar","v":"plural"},"value"]},{"$i":"years-ago-long","$v":{"few":[{"t":"idOrVar","v":"value"}," տարի առաջ"],"many":[{"t":"idOrVar","v":"value"}," տարի առաջ"],"one":"անցյալ տարի","other":[{"t":"idOrVar","v":"value"}," տարի առաջ"],"two":[{"t":"idOrVar","v":"value"}," տարի առաջ"],"zero":"այս տարի"},"$x":[{"t":"idOrVar","v":"plural"},"value"]},{"$i":"minutes-until-long","$v":{"few":[{"t":"idOrVar","v":"value"}," րոպեից"],"many":[{"t":"idOrVar","v":"value"}," րոպեից"],"other":[{"t":"idOrVar","v":"value"}," րոպեից"],"two":[{"t":"idOrVar","v":"value"}," րոպեից"],"zero":"հիմա","one":"1 րոպեի ընթացքում"},"$x":[{"t":"idOrVar","v":"plural"},"value"]},{"$i":"hours-until-long","$v":{"few":[{"t":"idOrVar","v":"value"}," ժամից"],"many":[{"t":"idOrVar","v":"value"}," ժամից"],"other":[{"t":"idOrVar","v":"value"}," ժամից"],"two":[{"t":"idOrVar","v":"value"}," ժամից"],"zero":"հիմա","one":"1 ժամում"},"$x":[{"t":"idOrVar","v":"plural"},"value"]},{"$i":"days-until-long","$v":{"few":[{"t":"idOrVar","v":"value"}," օրից"],"many":[{"t":"idOrVar","v":"value"}," օրից"],"one":"վաղը","other":[{"t":"idOrVar","v":"value"}," օրից"],"two":[{"t":"idOrVar","v":"value"}," օրից"],"zero":"այսօր"},"$x":[{"t":"idOrVar","v":"plural"},"value"]},{"$i":"weeks-until-long","$v":{"few":[{"t":"idOrVar","v":"value"}," շաբաթից"],"many":[{"t":"idOrVar","v":"value"}," շաբաթից"],"one":"հաջորդ շաբաթ","other":[{"t":"idOrVar","v":"value"}," շաբաթից"],"two":[{"t":"idOrVar","v":"value"}," շաբաթից"],"zero":"այս շաբաթ"},"$x":[{"t":"idOrVar","v":"plural"},"value"]},{"$i":"months-until-long","$v":{"few":[{"t":"idOrVar","v":"value"}," ամսից"],"many":[{"t":"idOrVar","v":"value"}," ամսից"],"one":"հաջորդ ամիս","other":[{"t":"idOrVar","v":"value"}," ամսից"],"two":[{"t":"idOrVar","v":"value"}," ամսից"],"zero":"այս ամիս"},"$x":[{"t":"idOrVar","v":"plural"},"value"]},{"$i":"years-until-long","$v":{"few":[{"t":"idOrVar","v":"value"}," տարուց"],"many":[{"t":"idOrVar","v":"value"}," տարուց"],"one":"հաջորդ տարի","other":[{"t":"idOrVar","v":"value"}," տարուց"],"two":[{"t":"idOrVar","v":"value"}," տարուց"],"zero":"այս տարի"},"$x":[{"t":"idOrVar","v":"plural"},"value"]},{"$i":"minutes-ago-short","$v":{"other":[{"t":"idOrVar","v":"value"}," ր առաջ"],"zero":"հենց նոր"},"$x":[{"t":"idOrVar","v":"plural"},"value"]},{"$i":"hours-ago-short","$v":{"other":[{"t":"idOrVar","v":"value"}," ժ առաջ"],"zero":"հենց նոր"},"$x":[{"t":"idOrVar","v":"plural"},"value"]},{"$i":"days-ago-short","$v":{"other":[{"t":"idOrVar","v":"value"}," օր առաջ"],"zero":"այսօր"},"$x":[{"t":"idOrVar","v":"plural"},"value"]},{"$i":"minutes-until-short","$v":{"other":[{"t":"idOrVar","v":"value"}," ր-ից"],"zero":"հիմա"},"$x":[{"t":"idOrVar","v":"plural"},"value"]},{"$i":"hours-until-short","$v":{"other":[{"t":"idOrVar","v":"value"}," ժ-ից"],"zero":"հիմա"},"$x":[{"t":"idOrVar","v":"plural"},"value"]},{"$i":"days-until-short","$v":{"other":[{"t":"idOrVar","v":"value"}," օրից"],"zero":"այսօր"},"$x":[{"t":"idOrVar","v":"plural"},"value"]},{"$i":"incorrectDate","$v":"(սխալ ամսաթիվ)"},{"$i":"dateTimeFormat_%c","$v":"%a %b %e %Y %I:%M:%S %p"},{"$i":"dateTimeFormat_%x","$v":"%m/%d/%Y"},{"$i":"dateTimeFormat_%X","$v":"%I:%M:%S %p"},{"$i":"shortTimeFormat","$v":"%I:%M %p"},{"$i":"shortTimeFormat12","$v":"%I:%M %p"},{"$i":"shortTimeFormat24","$v":"%H:%M"},{"$i":"shortDateTimeFormat","$v":"%x %I:%M %p"},{"$i":"weekStartsOnMonday","$v":"0.0"},{"$i":"firstDayOfTheWeek","$v":"1.0"},{"$i":"time_am","$v":"AM"},{"$i":"time_pm","$v":"PM"}]