[{"$i":"unitconverter","$v":"ერთეულის გადამყვანი"},{"$i":"unit","$v":"ერთეული"},{"$i":"clear-all","$v":"ყველას გასუფ."},{"$i":"ok","$v":"OK"},{"$i":"select","$v":"არჩევა"},{"$i":"+/-","$v":"+/-"},{"$i":"area","$v":"ფართობი"},{"$i":"length","$v":"სიგრძე"},{"$i":"speed","$v":"სიჩქარე"},{"$i":"temperature","$v":"ტემპერატურა"},{"$i":"volume","$v":"ხმა"},{"$i":"weight","$v":"წონა"},{"$i":"squaremillimeters","$v":"კვადრატული მილიმეტრი"},{"$i":"squarecentimeters","$v":"კვადრატული სანტიმეტრი"},{"$i":"squaremeters","$v":"კვადრატული მეტრი"},{"$i":"ares","$v":"აკრი"},{"$i":"hectares","$v":"ჰექტარი"},{"$i":"squarekilometers","$v":"კვადრატული კილომეტრი"},{"$i":"squareinches","$v":"კვადრატული დუიმი"},{"$i":"squarefeet","$v":"კვადრატული ფეხი"},{"$i":"squareyards","$v":"კვადრატული იარდი"},{"$i":"squaremiles","$v":"კვადრატული მილი"},{"$i":"acres","$v":"აკრი"},{"$i":"millimeter","$v":"მილიმეტრი"},{"$i":"centimeter","$v":"სანტიმეტრი"},{"$i":"meter","$v":"მეტრი"},{"$i":"kilometer","$v":"კილომეტრი"},{"$i":"inch","$v":"დუიმი"},{"$i":"feet","$v":"ფუტი"},{"$i":"yard","$v":"იარდი"},{"$i":"mile","$v":"მილი"},{"$i":"meters/second","$v":"მეტრი/წამში"},{"$i":"kilometer/hour","$v":"კილომეტრი/საათი"},{"$i":"miles/hour","$v":"მილი/საათში"},{"$i":"feet/second","$v":"ფუტი/წამი"},{"$i":"knots","$v":"კვანძი"},{"$i":"mach","$v":"Mach"},{"$i":"celsius","$v":"ცელსიუსი"},{"$i":"fahrenheit","$v":"ფარენჰეიტი"},{"$i":"kelvin","$v":"კელვინი"},{"$i":"newton","$v":"ნიუტონი"},{"$i":"delisle","$v":"დელილი"},{"$i":"rankine","$v":"რანკინი"},{"$i":"réaumur","$v":"Réaumur"},{"$i":"cubicmillimeter","$v":"კუბური მილიმეტრი"},{"$i":"cubiccentimeter","$v":"კუბური სანტიმეტრი"},{"$i":"cubicmeter","$v":"კუბური მეტრი"},{"$i":"milliliter","$v":"მილილიტრი"},{"$i":"centiliter","$v":"ცენტილიტრი"},{"$i":"liter","$v":"ლიტრი"},{"$i":"cubicinch","$v":"კუბური დუიმი"},{"$i":"cubicfoot","$v":"კუბური ფუტი"},{"$i":"cubicyard","$v":"კუბური იარდი"},{"$i":"teaspoon,uk","$v":"ჩაის კოვზი, დბ"},{"$i":"tablespoon,uk","$v":"სუფრის კოვზი, გაერთ. სამეფო"},{"$i":"fluidounce,uk","$v":"თხევადი უნცია, გაერთიანებული სამეფო"},{"$i":"cup,uk","$v":"თასი, გაერთიანებული სამეფო"},{"$i":"pint,uk","$v":"პინტა, გაერ. სამეფო"},{"$i":"quart,uk","$v":"კვარტა, გაერ. სამეფო"},{"$i":"gallon,uk","$v":"გალონი, გაერთიანებული სამეფო"},{"$i":"barrel,uk","$v":"ბარელი, გაერთიანებული სამეფო"},{"$i":"teaspoon,us","$v":"ჩაის კოვზი, აშშ"},{"$i":"tablespoon,us","$v":"სუფრის კოვზი, აშშ"},{"$i":"fluidounce,us","$v":"თხევადი უნცია, აშშ"},{"$i":"cup,us","$v":"თასი, აშშ"},{"$i":"pint,us","$v":"პინტა, აშშ"},{"$i":"quart,us","$v":"კვარტა, აშშ"},{"$i":"gallon,us","$v":"გალონი, აშშ"},{"$i":"barrel,us","$v":"ბარელი, აშშ"},{"$i":"milligrams","$v":"მილიგრამი"},{"$i":"grams","$v":"გრამი"},{"$i":"kilograms","$v":"კილოგრამი"},{"$i":"tonnes","$v":"ტონა"},{"$i":"ounces","$v":"უნცია"},{"$i":"pounds","$v":"ფუნტი"},{"$i":"stone,uk","$v":"სტოუნი, გაერ. სამეფო"},{"$i":"longton,uk","$v":"ინგლისური ტონა, გაერთიანებული სამეფო"},{"$i":"shortton,us","$v":"მოკლე ტონი, აშშ"},{"$i":"weekday-0-long","$v":"კვირა"},{"$i":"weekday-1-long","$v":"ორშაბათი"},{"$i":"weekday-2-long","$v":"სამშაბათი"},{"$i":"weekday-3-long","$v":"ოთხშაბათი"},{"$i":"weekday-4-long","$v":"ხუთშაბათი"},{"$i":"weekday-5-long","$v":"პარასკევი"},{"$i":"weekday-6-long","$v":"შაბათი"},{"$i":"weekday-0-short","$v":"კვი"},{"$i":"weekday-1-short","$v":"ორშ"},{"$i":"weekday-2-short","$v":"სამ"},{"$i":"weekday-3-short","$v":"ოთხ"},{"$i":"weekday-4-short","$v":"ხუთ"},{"$i":"weekday-5-short","$v":"პარ"},{"$i":"weekday-6-short","$v":"შაბ"},{"$i":"month-0-long","$v":"იანვარი"},{"$i":"month-1-long","$v":"თებერვალი"},{"$i":"month-2-long","$v":"მარტი"},{"$i":"month-3-long","$v":"აპრილი"},{"$i":"month-4-long","$v":"მაისი"},{"$i":"month-5-long","$v":"ივნისი"},{"$i":"month-6-long","$v":"ივლისი"},{"$i":"month-7-long","$v":"აგვისტო"},{"$i":"month-8-long","$v":"სექტემბერი"},{"$i":"month-9-long","$v":"ოქტომბერი"},{"$i":"month-10-long","$v":"ნოემბერი"},{"$i":"month-11-long","$v":"დეკემბერი"},{"$i":"month-0-genitive","$v":"იანვარი"},{"$i":"month-1-genitive","$v":"თებერვალი"},{"$i":"month-2-genitive","$v":"მარტი"},{"$i":"month-3-genitive","$v":"აპრილი"},{"$i":"month-4-genitive","$v":"მაისი"},{"$i":"month-5-genitive","$v":"ივნისი"},{"$i":"month-6-genitive","$v":"ივლისი"},{"$i":"month-7-genitive","$v":"აგვისტო"},{"$i":"month-8-genitive","$v":"სექტემბერი"},{"$i":"month-9-genitive","$v":"ოქტომბერი"},{"$i":"month-10-genitive","$v":"ნოემბერი"},{"$i":"month-11-genitive","$v":"დეკემბერი"},{"$i":"month-0-short","$v":"იანვ"},{"$i":"month-1-short","$v":"თებ"},{"$i":"month-2-short","$v":"მარ"},{"$i":"month-3-short","$v":"აპრ"},{"$i":"month-4-short","$v":"მაისი"},{"$i":"month-5-short","$v":"ივნ"},{"$i":"month-6-short","$v":"ივლ"},{"$i":"month-7-short","$v":"აგვ"},{"$i":"month-8-short","$v":"სექ"},{"$i":"month-9-short","$v":"ოქტ"},{"$i":"month-10-short","$v":"ნოე"},{"$i":"month-11-short","$v":"დეკ"},{"$i":"minutes-ago-long","$v":{"few":[{"t":"idOrVar","v":"value"}," წუთის წინ"],"many":[{"t":"idOrVar","v":"value"}," წუთის წინ"],"other":[{"t":"idOrVar","v":"value"}," წუთის წინ"],"two":[{"t":"idOrVar","v":"value"}," წუთის წინ"],"one":"ერთი წუთის წინ","zero":"ეს-ეს არის"},"$x":[{"t":"idOrVar","v":"plural"},"value"]},{"$i":"hours-ago-long","$v":{"few":[{"t":"idOrVar","v":"value"}," საათის წინ"],"many":[{"t":"idOrVar","v":"value"}," საათის წინ"],"other":[{"t":"idOrVar","v":"value"}," საათის წინ"],"two":[{"t":"idOrVar","v":"value"}," საათის წინ"],"one":"1 საათის წინ","zero":"ეს-ეს არის"},"$x":[{"t":"idOrVar","v":"plural"},"value"]},{"$i":"days-ago-long","$v":{"few":[{"t":"idOrVar","v":"value"}," დღის წინ"],"many":[{"t":"idOrVar","v":"value"}," დღის წინ"],"one":"გუშინ","other":[{"t":"idOrVar","v":"value"}," დღის წინ"],"two":[{"t":"idOrVar","v":"value"}," დღის წინ"],"zero":"დღეს"},"$x":[{"t":"idOrVar","v":"plural"},"value"]},{"$i":"weeks-ago-long","$v":{"few":[{"t":"idOrVar","v":"value"}," კვირის წინ"],"many":[{"t":"idOrVar","v":"value"}," კვირის წინ"],"one":"გასული კვირა","other":[{"t":"idOrVar","v":"value"}," კვირის წინ"],"two":[{"t":"idOrVar","v":"value"}," კვირის წინ"],"zero":"ეს კვირა"},"$x":[{"t":"idOrVar","v":"plural"},"value"]},{"$i":"months-ago-long","$v":{"few":[{"t":"idOrVar","v":"value"}," თვის წინ"],"many":[{"t":"idOrVar","v":"value"}," თვის წინ"],"one":"გასული თვე","other":[{"t":"idOrVar","v":"value"}," თვის წინ"],"two":[{"t":"idOrVar","v":"value"}," თვის წინ"],"zero":"ეს თვე"},"$x":[{"t":"idOrVar","v":"plural"},"value"]},{"$i":"years-ago-long","$v":{"few":[{"t":"idOrVar","v":"value"}," წლის წინ"],"many":[{"t":"idOrVar","v":"value"}," წლის წინ"],"one":"გასული წელი","other":[{"t":"idOrVar","v":"value"}," წლის წინ"],"two":[{"t":"idOrVar","v":"value"}," წლის წინ"],"zero":"ეს წელი"},"$x":[{"t":"idOrVar","v":"plural"},"value"]},{"$i":"minutes-until-long","$v":{"few":[{"t":"idOrVar","v":"value"}," წუთში"],"many":[{"t":"idOrVar","v":"value"}," წუთში"],"other":[{"t":"idOrVar","v":"value"}," წუთში"],"two":[{"t":"idOrVar","v":"value"}," წუთში"],"zero":"ახლა","one":"1 წუთში"},"$x":[{"t":"idOrVar","v":"plural"},"value"]},{"$i":"hours-until-long","$v":{"few":[{"t":"idOrVar","v":"value"}," საათში"],"many":[{"t":"idOrVar","v":"value"}," საათში"],"other":[{"t":"idOrVar","v":"value"}," საათში"],"two":[{"t":"idOrVar","v":"value"}," საათში"],"zero":"ახლა","one":"1 საათში"},"$x":[{"t":"idOrVar","v":"plural"},"value"]},{"$i":"days-until-long","$v":{"few":[{"t":"idOrVar","v":"value"}," დღეში"],"many":[{"t":"idOrVar","v":"value"}," დღეში"],"one":"ხვალ","other":[{"t":"idOrVar","v":"value"}," დღეში"],"two":[{"t":"idOrVar","v":"value"}," დღეში"],"zero":"დღეს"},"$x":[{"t":"idOrVar","v":"plural"},"value"]},{"$i":"weeks-until-long","$v":{"few":[{"t":"idOrVar","v":"value"}," კვირაში"],"many":[{"t":"idOrVar","v":"value"}," კვირაში"],"one":"მომდევნო კვირა","other":[{"t":"idOrVar","v":"value"}," კვირაში"],"two":[{"t":"idOrVar","v":"value"}," კვირაში"],"zero":"ეს კვირა"},"$x":[{"t":"idOrVar","v":"plural"},"value"]},{"$i":"months-until-long","$v":{"few":[{"t":"idOrVar","v":"value"}," თვეში"],"many":[{"t":"idOrVar","v":"value"}," თვეში"],"one":"მომდევნო თვე","other":[{"t":"idOrVar","v":"value"}," თვეში"],"two":[{"t":"idOrVar","v":"value"}," თვეში"],"zero":"ეს თვე"},"$x":[{"t":"idOrVar","v":"plural"},"value"]},{"$i":"years-until-long","$v":{"few":[{"t":"idOrVar","v":"value"}," წელში"],"many":[{"t":"idOrVar","v":"value"}," წელში"],"one":"მომდევნო წელი","other":[{"t":"idOrVar","v":"value"}," წელში"],"two":[{"t":"idOrVar","v":"value"}," წელში"],"zero":"ეს წელი"},"$x":[{"t":"idOrVar","v":"plural"},"value"]},{"$i":"minutes-ago-short","$v":{"other":[{"t":"idOrVar","v":"value"},"თ წინ"],"zero":"ეს-ეს არის"},"$x":[{"t":"idOrVar","v":"plural"},"value"]},{"$i":"hours-ago-short","$v":{"other":[{"t":"idOrVar","v":"value"},"სთ წინ"],"zero":"ეს-ეს არის"},"$x":[{"t":"idOrVar","v":"plural"},"value"]},{"$i":"days-ago-short","$v":{"other":[{"t":"idOrVar","v":"value"},"დ წინ"],"zero":"დღეს"},"$x":[{"t":"idOrVar","v":"plural"},"value"]},{"$i":"minutes-until-short","$v":{"other":[{"t":"idOrVar","v":"value"},"წთ-ში"],"zero":"ახლა"},"$x":[{"t":"idOrVar","v":"plural"},"value"]},{"$i":"hours-until-short","$v":{"other":[{"t":"idOrVar","v":"value"},"სთ-ში"],"zero":"ახლა"},"$x":[{"t":"idOrVar","v":"plural"},"value"]},{"$i":"days-until-short","$v":{"other":[{"t":"idOrVar","v":"value"},"დღ-ში"],"zero":"დღეს"},"$x":[{"t":"idOrVar","v":"plural"},"value"]},{"$i":"incorrectDate","$v":"(არასწორი თარიღი)"},{"$i":"dateTimeFormat_%c","$v":"%a %b %e %Y %I:%M:%S %p"},{"$i":"dateTimeFormat_%x","$v":"%m/%d/%Y"},{"$i":"dateTimeFormat_%X","$v":"%I:%M:%S %p"},{"$i":"shortTimeFormat","$v":"%I:%M %p"},{"$i":"shortTimeFormat12","$v":"%I:%M %p"},{"$i":"shortTimeFormat24","$v":"%H:%M"},{"$i":"shortDateTimeFormat","$v":"%x %I:%M %p"},{"$i":"weekStartsOnMonday","$v":"0.0"},{"$i":"firstDayOfTheWeek","$v":"1.0"},{"$i":"time_am","$v":"AM"},{"$i":"time_pm","$v":"PM"}]