[{"$i":"unitconverter","$v":"ឧបករណ៍បំលែងឯកតា"},{"$i":"unit","$v":"ឯកតា"},{"$i":"clear-all","$v":"ជម្រះ​ទាំង​អស់"},{"$i":"ok","$v":"យល់​ព្រម"},{"$i":"select","$v":"ជ្រើស"},{"$i":"+/-","$v":"+/-"},{"$i":"area","$v":"ផ្ទៃក្រលា"},{"$i":"length","$v":"ប្រវែង"},{"$i":"speed","$v":"ល្បឿន"},{"$i":"temperature","$v":"សីតុណ្ហភាព"},{"$i":"volume","$v":"ចំណុះ"},{"$i":"weight","$v":"ទម្ងន់"},{"$i":"squaremillimeters","$v":"មីលី​ម៉ែត្រ​ការ៉េ"},{"$i":"squarecentimeters","$v":"សង់​ទីម៉ែត្រ​ការ៉េ"},{"$i":"squaremeters","$v":"ម៉ែត្រ​ការ៉េ"},{"$i":"ares","$v":"អា​"},{"$i":"hectares","$v":"ហិកតា"},{"$i":"squarekilometers","$v":"គីឡូ​ម៉ែត្រ​ការ៉េ"},{"$i":"squareinches","$v":"អ៊ិន្ឈ៍​ការ៉េ"},{"$i":"squarefeet","$v":"ជើងការ៉េ"},{"$i":"squareyards","$v":"យ៉ាដ​ការ៉េ"},{"$i":"squaremiles","$v":"ម៉ាយល៍​ការ៉េ"},{"$i":"acres","$v":"អេយ៍ខឺ"},{"$i":"millimeter","$v":"ម.ម"},{"$i":"centimeter","$v":"សង់ទី​ម៉ែត្រ"},{"$i":"meter","$v":"ម៉ែត្រ"},{"$i":"kilometer","$v":"គីឡូម៉ែត្រ"},{"$i":"inch","$v":"អ៊ិន្ឈ៍"},{"$i":"feet","$v":"ហ្វ៊ីត"},{"$i":"yard","$v":"យ៉ាដ"},{"$i":"mile","$v":"ម៉ាយល៍"},{"$i":"meters/second","$v":"ម៉ែត្រ/វិនាទី"},{"$i":"kilometer/hour","$v":"គីឡូ​ម៉ែត្រ/ម៉ោង"},{"$i":"miles/hour","$v":"ម៉ាយល៍/ម៉ោង"},{"$i":"feet/second","$v":"ហ្វ៊ីត/វិនាទី"},{"$i":"knots","$v":"ណត"},{"$i":"mach","$v":"ម៉ាច"},{"$i":"celsius","$v":"អង្សាសេ"},{"$i":"fahrenheit","$v":"អង្សា​​ហ្វារិនហាយ"},{"$i":"kelvin","$v":"អង្សា​កែលវិន"},{"$i":"newton","$v":"ញូតុន"},{"$i":"delisle","$v":"ឌីលីសល"},{"$i":"rankine","$v":"អង្សា​រ៉ង់គីន"},{"$i":"réaumur","$v":"រីអូម័រ"},{"$i":"cubicmillimeter","$v":"មីលី​ម៉ែត្រ​គូប"},{"$i":"cubiccentimeter","$v":"សង់ទី​ម៉ែត្រ​គូប"},{"$i":"cubicmeter","$v":"ម៉ែត្រ​គូប"},{"$i":"milliliter","$v":"ម.ល"},{"$i":"centiliter","$v":"សង់ទី​លីត្រ"},{"$i":"liter","$v":"លីត្រ"},{"$i":"cubicinch","$v":"អ៊ិន្ឈ៍​គូប"},{"$i":"cubicfoot","$v":"ហ្វ៊ីត​គូប"},{"$i":"cubicyard","$v":"យ៉ាដ​គូប"},{"$i":"teaspoon,uk","$v":"ស្លាបព្រា​កាហ្វេ រង្វាស់​ចក្រភព​អង់គ្លេស"},{"$i":"tablespoon,uk","$v":"សាបព្រា​បាយ UK"},{"$i":"fluidounce,uk","$v":"អោន រង្វាស់​ចក្រភព​អង់គ្លេស"},{"$i":"cup,uk","$v":"ពែង រង្វាស់​ចក្រភព​អង់គ្លេស"},{"$i":"pint,uk","$v":"ភីនត៍ UK"},{"$i":"quart,uk","$v":"ក្វាត UK"},{"$i":"gallon,uk","$v":"ហ្គាឡុង រង្វាស់​ចក្រភព​អង់គ្លេស"},{"$i":"barrel,uk","$v":"កាដុង រង្វាស់​ចក្រភព​អង់គ្លេស"},{"$i":"teaspoon,us","$v":"ស្លាបព្រា​កាហ្វេ US"},{"$i":"tablespoon,us","$v":"សាបព្រា​បាយ US"},{"$i":"fluidounce,us","$v":"អោន រង្វាស់​អាមេរិក"},{"$i":"cup,us","$v":"ពែង រង្វាស់​អាមេរិក"},{"$i":"pint,us","$v":"ភីនត៍ រង្វាស់​អាមេរិក"},{"$i":"quart,us","$v":"ក្វាត រង្វាស់​អាមេរិក"},{"$i":"gallon,us","$v":"ហ្គាឡុង រង្វាស់​អាមេរិក"},{"$i":"barrel,us","$v":"កាដុង រង្វាស់​អាមេរិក"},{"$i":"milligrams","$v":"មីលី​ក្រាម"},{"$i":"grams","$v":"ក្រាម"},{"$i":"kilograms","$v":"គីឡូ​ក្រាម"},{"$i":"tonnes","$v":"តោន"},{"$i":"ounces","$v":"អោនស៍"},{"$i":"pounds","$v":"ផោនដ៍"},{"$i":"stone,uk","$v":"ស្តូន UK"},{"$i":"longton,uk","$v":"ឡុងតុង ចក្រភព​អង់គ្លេស"},{"$i":"shortton,us","$v":"តោន​សុទ្ធ US"},{"$i":"weekday-0-long","$v":"អាទិត្យ"},{"$i":"weekday-1-long","$v":"ចន្ទ"},{"$i":"weekday-2-long","$v":"អង្គារ"},{"$i":"weekday-3-long","$v":"ពុធ"},{"$i":"weekday-4-long","$v":"ព្រហស្បតិ៍"},{"$i":"weekday-5-long","$v":"សុក្រ"},{"$i":"weekday-6-long","$v":"សៅរ៍"},{"$i":"weekday-0-short","$v":"អា"},{"$i":"weekday-1-short","$v":"ច"},{"$i":"weekday-2-short","$v":"អ"},{"$i":"weekday-3-short","$v":"ពុ"},{"$i":"weekday-4-short","$v":"ព្រ"},{"$i":"weekday-5-short","$v":"សុ"},{"$i":"weekday-6-short","$v":"ស"},{"$i":"month-0-long","$v":"មករា"},{"$i":"month-1-long","$v":"កុម្ភៈ"},{"$i":"month-2-long","$v":"មីនា"},{"$i":"month-3-long","$v":"មេសា"},{"$i":"month-4-long","$v":"ឧសភា"},{"$i":"month-5-long","$v":"មិថុនា"},{"$i":"month-6-long","$v":"កក្កដា"},{"$i":"month-7-long","$v":"សីហា"},{"$i":"month-8-long","$v":"កញ្ញា"},{"$i":"month-9-long","$v":"តុលា"},{"$i":"month-10-long","$v":"វិច្ឆិកា"},{"$i":"month-11-long","$v":"ធ្នូ"},{"$i":"month-0-genitive","$v":"មករា"},{"$i":"month-1-genitive","$v":"កុម្ភៈ"},{"$i":"month-2-genitive","$v":"មីនា"},{"$i":"month-3-genitive","$v":"មេសា"},{"$i":"month-4-genitive","$v":"ឧសភា"},{"$i":"month-5-genitive","$v":"មិថុនា"},{"$i":"month-6-genitive","$v":"កក្កដា"},{"$i":"month-7-genitive","$v":"សីហា"},{"$i":"month-8-genitive","$v":"កញ្ញា"},{"$i":"month-9-genitive","$v":"តុលា"},{"$i":"month-10-genitive","$v":"វិច្ឆិកា"},{"$i":"month-11-genitive","$v":"ធ្នូ"},{"$i":"month-0-short","$v":"មករា"},{"$i":"month-1-short","$v":"កុម្ភៈ"},{"$i":"month-2-short","$v":"មីនា"},{"$i":"month-3-short","$v":"មេសា"},{"$i":"month-4-short","$v":"ឧសភា"},{"$i":"month-5-short","$v":"មិថុនា"},{"$i":"month-6-short","$v":"កក្កដា"},{"$i":"month-7-short","$v":"សីហា"},{"$i":"month-8-short","$v":"កញ្ញា"},{"$i":"month-9-short","$v":"តុលា"},{"$i":"month-10-short","$v":"វិច្ឆិកា"},{"$i":"month-11-short","$v":"ធ្នូ"},{"$i":"minutes-ago-long","$v":{"few":[{"t":"idOrVar","v":"value"}," នាទី​មុន"],"many":[{"t":"idOrVar","v":"value"}," នាទី​មុន"],"other":[{"t":"idOrVar","v":"value"}," នាទី​មុន"],"two":[{"t":"idOrVar","v":"value"}," នាទី​មុន"],"one":"មួយ​នាទី​មុន","zero":"អម្បាញ់​មិញ"},"$x":[{"t":"idOrVar","v":"plural"},"value"]},{"$i":"hours-ago-long","$v":{"few":[{"t":"idOrVar","v":"value"}," ម៉ោង​មុន"],"many":[{"t":"idOrVar","v":"value"}," ម៉ោង​មុន"],"other":[{"t":"idOrVar","v":"value"}," ម៉ោង​មុន"],"two":[{"t":"idOrVar","v":"value"}," ម៉ោង​មុន"],"one":"1 ម៉ោងមុន","zero":"អម្បាញ់​មិញ"},"$x":[{"t":"idOrVar","v":"plural"},"value"]},{"$i":"days-ago-long","$v":{"few":[{"t":"idOrVar","v":"value"}," ថ្ងៃ​មុន"],"many":[{"t":"idOrVar","v":"value"}," ថ្ងៃ​មុន"],"one":"ម្សិល​មិញ","other":[{"t":"idOrVar","v":"value"}," ថ្ងៃ​មុន"],"two":[{"t":"idOrVar","v":"value"}," ថ្ងៃ​មុន"],"zero":"ថ្ងៃ​នេះ"},"$x":[{"t":"idOrVar","v":"plural"},"value"]},{"$i":"weeks-ago-long","$v":{"few":[{"t":"idOrVar","v":"value"}," សប្ដាហ៍​មុន"],"many":[{"t":"idOrVar","v":"value"}," សប្ដាហ៍​មុន"],"one":"សប្ដាហ៍​មុន","other":[{"t":"idOrVar","v":"value"}," សប្ដាហ៍​មុន"],"two":[{"t":"idOrVar","v":"value"}," សប្ដាហ៍​មុន"],"zero":"សប្ដាហ៍​នេះ"},"$x":[{"t":"idOrVar","v":"plural"},"value"]},{"$i":"months-ago-long","$v":{"few":[{"t":"idOrVar","v":"value"}," ខែ​មុន"],"many":[{"t":"idOrVar","v":"value"}," ខែ​មុន"],"one":"ខែ​មុន","other":[{"t":"idOrVar","v":"value"}," ខែ​មុន"],"two":[{"t":"idOrVar","v":"value"}," ខែ​មុន"],"zero":"ខែ​នេះ"},"$x":[{"t":"idOrVar","v":"plural"},"value"]},{"$i":"years-ago-long","$v":{"few":[{"t":"idOrVar","v":"value"}," ឆ្នាំ​មុន"],"many":[{"t":"idOrVar","v":"value"}," ឆ្នាំ​មុន"],"one":"ឆ្នាំ​មុន","other":[{"t":"idOrVar","v":"value"}," ឆ្នាំ​មុន"],"two":[{"t":"idOrVar","v":"value"}," ឆ្នាំ​មុន"],"zero":"ឆ្នាំ​នេះ"},"$x":[{"t":"idOrVar","v":"plural"},"value"]},{"$i":"minutes-until-long","$v":{"few":["ក្នុង​ពេល ",{"t":"idOrVar","v":"value"}," នាទី"],"many":["ក្នុង​ពេល ",{"t":"idOrVar","v":"value"}," នាទី"],"other":["ក្នុង​ពេល ",{"t":"idOrVar","v":"value"}," នាទី"],"two":["ក្នុង​ពេល ",{"t":"idOrVar","v":"value"}," នាទី"],"zero":"ឥឡូវ","one":"ក្នុង ១ នាទី"},"$x":[{"t":"idOrVar","v":"plural"},"value"]},{"$i":"hours-until-long","$v":{"few":["ក្នុង​ពេល ",{"t":"idOrVar","v":"value"}," ម៉ោង"],"many":["ក្នុង​ពេល ",{"t":"idOrVar","v":"value"}," ម៉ោង"],"other":["ក្នុង​ពេល ",{"t":"idOrVar","v":"value"}," ម៉ោង"],"two":["ក្នុង​ពេល ",{"t":"idOrVar","v":"value"}," ម៉ោង"],"zero":"ឥឡូវ","one":"ក្នុង ១ ម៉ោង"},"$x":[{"t":"idOrVar","v":"plural"},"value"]},{"$i":"days-until-long","$v":{"few":["ក្នុង​ពេល ",{"t":"idOrVar","v":"value"}," ថ្ងៃ"],"many":["ក្នុង​ពេល ",{"t":"idOrVar","v":"value"}," ថ្ងៃ"],"one":"ស្អែក","other":["ក្នុង​ពេល ",{"t":"idOrVar","v":"value"}," ថ្ងៃ"],"two":["ក្នុង​ពេល ",{"t":"idOrVar","v":"value"}," ថ្ងៃ"],"zero":"ថ្ងៃ​នេះ"},"$x":[{"t":"idOrVar","v":"plural"},"value"]},{"$i":"weeks-until-long","$v":{"few":["ក្នុង​ពេល ",{"t":"idOrVar","v":"value"}," សប្ដាហ៍"],"many":["ក្នុង​ពេល ",{"t":"idOrVar","v":"value"}," សប្ដាហ៍"],"one":"សប្ដាហ៍​ក្រោយ","other":["ក្នុង​ពេល ",{"t":"idOrVar","v":"value"}," សប្ដាហ៍"],"two":["ក្នុង​ពេល ",{"t":"idOrVar","v":"value"}," សប្ដាហ៍"],"zero":"សប្ដាហ៍​នេះ"},"$x":[{"t":"idOrVar","v":"plural"},"value"]},{"$i":"months-until-long","$v":{"few":["ក្នុង​ពេល ",{"t":"idOrVar","v":"value"}," ខែ"],"many":["ក្នុង​ពេល ",{"t":"idOrVar","v":"value"}," ខែ"],"one":"ខែ​ក្រោយ","other":["ក្នុង​ពេល ",{"t":"idOrVar","v":"value"}," ខែ"],"two":["ក្នុង​ពេល ",{"t":"idOrVar","v":"value"}," ខែ"],"zero":"ខែ​នេះ"},"$x":[{"t":"idOrVar","v":"plural"},"value"]},{"$i":"years-until-long","$v":{"few":["ក្នុង​ពេល ",{"t":"idOrVar","v":"value"}," ឆ្នាំ"],"many":["ក្នុង​ពេល ",{"t":"idOrVar","v":"value"}," ឆ្នាំ"],"one":"ឆ្នាំ​ក្រោយ","other":["ក្នុង​ពេល ",{"t":"idOrVar","v":"value"}," ឆ្នាំ"],"two":["ក្នុង​ពេល ",{"t":"idOrVar","v":"value"}," ឆ្នាំ"],"zero":"ឆ្នាំ​នេះ"},"$x":[{"t":"idOrVar","v":"plural"},"value"]},{"$i":"minutes-ago-short","$v":{"other":[{"t":"idOrVar","v":"value"}," នា. មុន"],"zero":"អម្បាញ់​មិញ"},"$x":[{"t":"idOrVar","v":"plural"},"value"]},{"$i":"hours-ago-short","$v":{"other":[{"t":"idOrVar","v":"value"}," ម៉. មុន"],"zero":"អម្បាញ់​មិញ"},"$x":[{"t":"idOrVar","v":"plural"},"value"]},{"$i":"days-ago-short","$v":{"other":[{"t":"idOrVar","v":"value"}," ថ្ងៃ​មុន"],"zero":"ថ្ងៃ​នេះ"},"$x":[{"t":"idOrVar","v":"plural"},"value"]},{"$i":"minutes-until-short","$v":{"other":["ក្នុង​ពេល ",{"t":"idOrVar","v":"value"}," នា"],"zero":"ឥឡូវ"},"$x":[{"t":"idOrVar","v":"plural"},"value"]},{"$i":"hours-until-short","$v":{"other":["ក្នុងពេល  ",{"t":"idOrVar","v":"value"}," ម៉"],"zero":"ឥឡូវ"},"$x":[{"t":"idOrVar","v":"plural"},"value"]},{"$i":"days-until-short","$v":{"other":["ក្នុង​ពេល ",{"t":"idOrVar","v":"value"}," ថ្ងៃ"],"zero":"ថ្ងៃ​នេះ"},"$x":[{"t":"idOrVar","v":"plural"},"value"]},{"$i":"incorrectDate","$v":"(កាល​បរិច្ឆេទ​ខុស)"},{"$i":"dateTimeFormat_%c","$v":"%a %b %e %Y %I:%M:%S %p"},{"$i":"dateTimeFormat_%x","$v":"%d/%m/%Y"},{"$i":"dateTimeFormat_%X","$v":"%I:%M:%S %p"},{"$i":"shortTimeFormat","$v":"%I:%M %p"},{"$i":"shortTimeFormat12","$v":"%I:%M %p"},{"$i":"shortTimeFormat24","$v":"%H:%M"},{"$i":"shortDateTimeFormat","$v":"%x %I:%M %p"},{"$i":"weekStartsOnMonday","$v":"0.0"},{"$i":"firstDayOfTheWeek","$v":"0.0"},{"$i":"time_am","$v":"ព្រឹក"},{"$i":"time_pm","$v":"រសៀល"}]