[{"$i":"unitconverter","$v":"Vieneto keitiklis"},{"$i":"unit","$v":"Įreng."},{"$i":"clear-all","$v":"Išt. vis."},{"$i":"ok","$v":"GERAI"},{"$i":"select","$v":"Rinktis"},{"$i":"+/-","$v":"+/-"},{"$i":"area","$v":"Ter."},{"$i":"length","$v":"Ilgis"},{"$i":"speed","$v":"Sparta"},{"$i":"temperature","$v":"Temperatūra"},{"$i":"volume","$v":"Garsumas"},{"$i":"weight","$v":"Svoris"},{"$i":"squaremillimeters","$v":"Kvadratinis milimetras"},{"$i":"squarecentimeters","$v":"Kvadratinis centimetras"},{"$i":"squaremeters","$v":"Kvadratinis metras"},{"$i":"ares","$v":"Aras"},{"$i":"hectares","$v":"Hektaras"},{"$i":"squarekilometers","$v":"Kvadratinis kilometras"},{"$i":"squareinches","$v":"Kvadratinis colis"},{"$i":"squarefeet","$v":"Kvadratinė pėda"},{"$i":"squareyards","$v":"Kvadratinis jardas"},{"$i":"squaremiles","$v":"Kvadratinė mylia"},{"$i":"acres","$v":"Akras"},{"$i":"millimeter","$v":"Milimetras"},{"$i":"centimeter","$v":"Centimetr."},{"$i":"meter","$v":"Metr."},{"$i":"kilometer","$v":"Kilometr."},{"$i":"inch","$v":"Col."},{"$i":"feet","$v":"Pėda"},{"$i":"yard","$v":"Jardas"},{"$i":"mile","$v":"Myl."},{"$i":"meters/second","$v":"M/sek."},{"$i":"kilometer/hour","$v":"Kilom. / val."},{"$i":"miles/hour","$v":"Myl./val."},{"$i":"feet/second","$v":"Pėd./sek."},{"$i":"knots","$v":"Mazgas"},{"$i":"mach","$v":"Mach."},{"$i":"celsius","$v":"Celsij."},{"$i":"fahrenheit","$v":"Farenheit."},{"$i":"kelvin","$v":"Kelvin."},{"$i":"newton","$v":"Niuton."},{"$i":"delisle","$v":"Delisle'as"},{"$i":"rankine","$v":"Rankinas"},{"$i":"réaumur","$v":"Reomiūr."},{"$i":"cubicmillimeter","$v":"Kub. milimetras"},{"$i":"cubiccentimeter","$v":"Kub. centimetras"},{"$i":"cubicmeter","$v":"Kub. metras"},{"$i":"milliliter","$v":"Mililitr."},{"$i":"centiliter","$v":"Centilitr."},{"$i":"liter","$v":"Litr."},{"$i":"cubicinch","$v":"Kub. colis"},{"$i":"cubicfoot","$v":"Kub. pėda"},{"$i":"cubicyard","$v":"Kub. jard."},{"$i":"teaspoon,uk","$v":"Arbatos šaukštelis, JK"},{"$i":"tablespoon,uk","$v":"Valgomasis šaukštas, JK"},{"$i":"fluidounce,uk","$v":"Skys. unc., JK"},{"$i":"cup,uk","$v":"Puod., JK"},{"$i":"pint,uk","$v":"Pinta, JK"},{"$i":"quart,uk","$v":"Kvor., JK"},{"$i":"gallon,uk","$v":"Gal., JK"},{"$i":"barrel,uk","$v":"Barel., JK"},{"$i":"teaspoon,us","$v":"Arbatinis šaukštelis, JAV"},{"$i":"tablespoon,us","$v":"Valgomasis šaukštas, JAV"},{"$i":"fluidounce,us","$v":"Skys. unc., JAV"},{"$i":"cup,us","$v":"Puod., JAV"},{"$i":"pint,us","$v":"Pinta, JAV"},{"$i":"quart,us","$v":"Kvor., JAV"},{"$i":"gallon,us","$v":"Gal., JAV"},{"$i":"barrel,us","$v":"Barel., JAV"},{"$i":"milligrams","$v":"Miligramas"},{"$i":"grams","$v":"Gramas"},{"$i":"kilograms","$v":"Kilogramas"},{"$i":"tonnes","$v":"Tona"},{"$i":"ounces","$v":"Uncija"},{"$i":"pounds","$v":"Svaras"},{"$i":"stone,uk","$v":"Stonas, JK"},{"$i":"longton,uk","$v":"Angl. t., JK"},{"$i":"shortton,us","$v":"Trumpoji tona, JAV"},{"$i":"weekday-0-long","$v":"Sekmadienis"},{"$i":"weekday-1-long","$v":"Pirmadienis"},{"$i":"weekday-2-long","$v":"Antradienis"},{"$i":"weekday-3-long","$v":"Trečiadienis"},{"$i":"weekday-4-long","$v":"Ketvirtadienis"},{"$i":"weekday-5-long","$v":"Penktadienis"},{"$i":"weekday-6-long","$v":"Šeštadienis"},{"$i":"weekday-0-short","$v":"Sk"},{"$i":"weekday-1-short","$v":"Pr"},{"$i":"weekday-2-short","$v":"An"},{"$i":"weekday-3-short","$v":"Tr"},{"$i":"weekday-4-short","$v":"Kt"},{"$i":"weekday-5-short","$v":"Pn"},{"$i":"weekday-6-short","$v":"Št"},{"$i":"month-0-long","$v":"Sausis"},{"$i":"month-1-long","$v":"Vasaris"},{"$i":"month-2-long","$v":"Kovas"},{"$i":"month-3-long","$v":"Balandis"},{"$i":"month-4-long","$v":"Gegužė"},{"$i":"month-5-long","$v":"Birželis"},{"$i":"month-6-long","$v":"Liepa"},{"$i":"month-7-long","$v":"Rugpjūtis"},{"$i":"month-8-long","$v":"Rugsėjis"},{"$i":"month-9-long","$v":"Spalis"},{"$i":"month-10-long","$v":"Lapkritis"},{"$i":"month-11-long","$v":"Gruodis"},{"$i":"month-0-genitive","$v":"Sausis"},{"$i":"month-1-genitive","$v":"Vasaris"},{"$i":"month-2-genitive","$v":"Kovas"},{"$i":"month-3-genitive","$v":"Balandis"},{"$i":"month-4-genitive","$v":"Gegužė"},{"$i":"month-5-genitive","$v":"Birželis"},{"$i":"month-6-genitive","$v":"Liepa"},{"$i":"month-7-genitive","$v":"Rugpjūtis"},{"$i":"month-8-genitive","$v":"Rugsėjis"},{"$i":"month-9-genitive","$v":"Spalis"},{"$i":"month-10-genitive","$v":"Lapkritis"},{"$i":"month-11-genitive","$v":"Gruodis"},{"$i":"month-0-short","$v":"saus."},{"$i":"month-1-short","$v":"vasar."},{"$i":"month-2-short","$v":"kov."},{"$i":"month-3-short","$v":"balan."},{"$i":"month-4-short","$v":"Geg"},{"$i":"month-5-short","$v":"birž."},{"$i":"month-6-short","$v":"liep."},{"$i":"month-7-short","$v":"rugpj."},{"$i":"month-8-short","$v":"rugs"},{"$i":"month-9-short","$v":"spal."},{"$i":"month-10-short","$v":"lapkr."},{"$i":"month-11-short","$v":"grd."},{"$i":"minutes-ago-long","$v":{"few":["Prieš ",{"t":"idOrVar","v":"value"}," min."],"many":["Prieš ",{"t":"idOrVar","v":"value"}," min."],"other":["Prieš ",{"t":"idOrVar","v":"value"}," min."],"two":["Prieš ",{"t":"idOrVar","v":"value"}," min."],"one":"prieš minutę","zero":"ką tik"},"$x":[{"t":"idOrVar","v":"plural"},"value"]},{"$i":"hours-ago-long","$v":{"few":["Prieš ",{"t":"idOrVar","v":"value"}," val."],"many":["Prieš ",{"t":"idOrVar","v":"value"}," val."],"other":["Prieš ",{"t":"idOrVar","v":"value"}," val."],"two":["Prieš ",{"t":"idOrVar","v":"value"}," val."],"one":"Prieš 1 valandą","zero":"ką tik"},"$x":[{"t":"idOrVar","v":"plural"},"value"]},{"$i":"days-ago-long","$v":{"few":["Prieš ",{"t":"idOrVar","v":"value"}," d."],"many":["Prieš ",{"t":"idOrVar","v":"value"}," d."],"one":"vakar","other":["Prieš ",{"t":"idOrVar","v":"value"}," d."],"two":["Prieš ",{"t":"idOrVar","v":"value"}," d."],"zero":"šiandien"},"$x":[{"t":"idOrVar","v":"plural"},"value"]},{"$i":"weeks-ago-long","$v":{"few":["Prieš ",{"t":"idOrVar","v":"value"}," sav."],"many":["Prieš ",{"t":"idOrVar","v":"value"}," sav."],"one":"pas. sav.","other":["Prieš ",{"t":"idOrVar","v":"value"}," sav."],"two":["Prieš ",{"t":"idOrVar","v":"value"}," sav."],"zero":"ši savaitė"},"$x":[{"t":"idOrVar","v":"plural"},"value"]},{"$i":"months-ago-long","$v":{"few":[{"t":"idOrVar","v":"value"}," mėn. po"],"many":[{"t":"idOrVar","v":"value"}," mėn. po"],"one":"pask. mėn.","other":[{"t":"idOrVar","v":"value"}," mėn. po"],"two":[{"t":"idOrVar","v":"value"}," mėn. po"],"zero":"šis mėnuo"},"$x":[{"t":"idOrVar","v":"plural"},"value"]},{"$i":"years-ago-long","$v":{"few":["Prieš ",{"t":"idOrVar","v":"value"}," met."],"many":["Prieš ",{"t":"idOrVar","v":"value"}," met."],"one":"Pas. met.","other":["Prieš ",{"t":"idOrVar","v":"value"}," met."],"two":["Prieš ",{"t":"idOrVar","v":"value"}," met."],"zero":"šie metai"},"$x":[{"t":"idOrVar","v":"plural"},"value"]},{"$i":"minutes-until-long","$v":{"few":["per ",{"t":"idOrVar","v":"value"}," min."],"many":["per ",{"t":"idOrVar","v":"value"}," min."],"other":["per ",{"t":"idOrVar","v":"value"}," min."],"two":["per ",{"t":"idOrVar","v":"value"}," min."],"zero":"dabar","one":"per 1 min"},"$x":[{"t":"idOrVar","v":"plural"},"value"]},{"$i":"hours-until-long","$v":{"few":["per ",{"t":"idOrVar","v":"value"}," val."],"many":["per ",{"t":"idOrVar","v":"value"}," val."],"other":["per ",{"t":"idOrVar","v":"value"}," val."],"two":["per ",{"t":"idOrVar","v":"value"}," val."],"zero":"dabar","one":"per 1 valandą"},"$x":[{"t":"idOrVar","v":"plural"},"value"]},{"$i":"days-until-long","$v":{"few":["per ",{"t":"idOrVar","v":"value"}," d."],"many":["per ",{"t":"idOrVar","v":"value"}," d."],"one":"rytoj","other":["per ",{"t":"idOrVar","v":"value"}," d."],"two":["per ",{"t":"idOrVar","v":"value"}," d."],"zero":"šiandien"},"$x":[{"t":"idOrVar","v":"plural"},"value"]},{"$i":"weeks-until-long","$v":{"few":["per ",{"t":"idOrVar","v":"value"}," sav."],"many":["per ",{"t":"idOrVar","v":"value"}," sav."],"one":"kita sav.","other":["per ",{"t":"idOrVar","v":"value"}," sav."],"two":["per ",{"t":"idOrVar","v":"value"}," sav."],"zero":"ši savaitė"},"$x":[{"t":"idOrVar","v":"plural"},"value"]},{"$i":"months-until-long","$v":{"few":["per ",{"t":"idOrVar","v":"value"}," mėn."],"many":["per ",{"t":"idOrVar","v":"value"}," mėn."],"one":"kit. mėn.","other":["per ",{"t":"idOrVar","v":"value"}," mėn."],"two":["per ",{"t":"idOrVar","v":"value"}," mėn."],"zero":"šis mėnuo"},"$x":[{"t":"idOrVar","v":"plural"},"value"]},{"$i":"years-until-long","$v":{"few":["per ",{"t":"idOrVar","v":"value"}," met."],"many":["per ",{"t":"idOrVar","v":"value"}," met."],"one":"kit. met.","other":["per ",{"t":"idOrVar","v":"value"}," met."],"two":["per ",{"t":"idOrVar","v":"value"}," met."],"zero":"šie metai"},"$x":[{"t":"idOrVar","v":"plural"},"value"]},{"$i":"minutes-ago-short","$v":{"other":["Prieš ",{"t":"idOrVar","v":"value"},"min."],"zero":"ką tik"},"$x":[{"t":"idOrVar","v":"plural"},"value"]},{"$i":"hours-ago-short","$v":{"other":["Prieš ",{"t":"idOrVar","v":"value"},"val."],"zero":"ką tik"},"$x":[{"t":"idOrVar","v":"plural"},"value"]},{"$i":"days-ago-short","$v":{"other":["Prieš ",{"t":"idOrVar","v":"value"},"d."],"zero":"šiandien"},"$x":[{"t":"idOrVar","v":"plural"},"value"]},{"$i":"minutes-until-short","$v":{"other":["per ",{"t":"idOrVar","v":"value"},"min."],"zero":"dabar"},"$x":[{"t":"idOrVar","v":"plural"},"value"]},{"$i":"hours-until-short","$v":{"other":["per ",{"t":"idOrVar","v":"value"},"val."],"zero":"dabar"},"$x":[{"t":"idOrVar","v":"plural"},"value"]},{"$i":"days-until-short","$v":{"other":["per ",{"t":"idOrVar","v":"value"},"d"],"zero":"šiandien"},"$x":[{"t":"idOrVar","v":"plural"},"value"]},{"$i":"incorrectDate","$v":"(neteisinga data)"},{"$i":"dateTimeFormat_%c","$v":"%a %b %e %Y %I:%M:%S %p"},{"$i":"dateTimeFormat_%x","$v":"%m/%d/%Y"},{"$i":"dateTimeFormat_%X","$v":"%I:%M:%S %p"},{"$i":"shortTimeFormat","$v":"%I:%M %p"},{"$i":"shortTimeFormat12","$v":"%I:%M %p"},{"$i":"shortTimeFormat24","$v":"%H:%M"},{"$i":"shortDateTimeFormat","$v":"%x %I:%M %p"},{"$i":"weekStartsOnMonday","$v":"0.0"},{"$i":"firstDayOfTheWeek","$v":"1.0"},{"$i":"time_am","$v":"AM"},{"$i":"time_pm","$v":"PM"}]