[{"$i":"unitconverter","$v":"Vienības pārveidotājs"},{"$i":"unit","$v":"Vienība"},{"$i":"clear-all","$v":"Notīrīt"},{"$i":"ok","$v":"LABI"},{"$i":"select","$v":"Izvēlēties"},{"$i":"+/-","$v":"+/-"},{"$i":"area","$v":"Laukums"},{"$i":"length","$v":"Garums"},{"$i":"speed","$v":"Ātrums"},{"$i":"temperature","$v":"Temperatūra"},{"$i":"volume","$v":"Tilpums"},{"$i":"weight","$v":"Svars"},{"$i":"squaremillimeters","$v":"Kvadrātmilimetrs"},{"$i":"squarecentimeters","$v":"Kvadrātcentimetrs"},{"$i":"squaremeters","$v":"Kvadrātmetrs"},{"$i":"ares","$v":"Ārs"},{"$i":"hectares","$v":"Hektārs"},{"$i":"squarekilometers","$v":"Kvadrātkilometrs"},{"$i":"squareinches","$v":"Kvadrātcolla"},{"$i":"squarefeet","$v":"Kvadrātpēda"},{"$i":"squareyards","$v":"Kvadrātjards"},{"$i":"squaremiles","$v":"Kvadrātjūdze"},{"$i":"acres","$v":"Akrs"},{"$i":"millimeter","$v":"Milimetrs"},{"$i":"centimeter","$v":"Centimetrs"},{"$i":"meter","$v":"Metrs"},{"$i":"kilometer","$v":"Kilometrs"},{"$i":"inch","$v":"Colla"},{"$i":"feet","$v":"Pēda"},{"$i":"yard","$v":"Jards"},{"$i":"mile","$v":"Jūdze"},{"$i":"meters/second","$v":"Metrs sekundē"},{"$i":"kilometer/hour","$v":"Kilometrs/stundā"},{"$i":"miles/hour","$v":"Jūdze stundā"},{"$i":"feet/second","$v":"Pēda/sekunde"},{"$i":"knots","$v":"Mezgls"},{"$i":"mach","$v":"Maha skaitlis"},{"$i":"celsius","$v":"Celsija grādi"},{"$i":"fahrenheit","$v":"Fārenheits"},{"$i":"kelvin","$v":"Kelvina"},{"$i":"newton","$v":"Ņūtona"},{"$i":"delisle","$v":"Delizla"},{"$i":"rankine","$v":"Rankins"},{"$i":"réaumur","$v":"Réaumur"},{"$i":"cubicmillimeter","$v":"Kubikmilimetrs"},{"$i":"cubiccentimeter","$v":"Kubikcentimetrs"},{"$i":"cubicmeter","$v":"Kubikmetrs"},{"$i":"milliliter","$v":"Mililitrs"},{"$i":"centiliter","$v":"Centilitrs"},{"$i":"liter","$v":"Izgaismotāks"},{"$i":"cubicinch","$v":"Kubikcolla"},{"$i":"cubicfoot","$v":"Kubikpēda"},{"$i":"cubicyard","$v":"Kubikjards"},{"$i":"teaspoon,uk","$v":"Tējas karote, Lielbritānija"},{"$i":"tablespoon,uk","$v":"Ēdamkarote, Lielbritānija"},{"$i":"fluidounce,uk","$v":"Šķidruma unce, Apvienotā Karaliste"},{"$i":"cup,uk","$v":"Tase, Lielbritānija"},{"$i":"pint,uk","$v":"Pinte, Lielbritānija"},{"$i":"quart,uk","$v":"Kvarta, Lielbritānija"},{"$i":"gallon,uk","$v":"Galons, Lielbritānija"},{"$i":"barrel,uk","$v":"Barels, Lielbritānija"},{"$i":"teaspoon,us","$v":"Tējkarote, ASV"},{"$i":"tablespoon,us","$v":"Ēdamkarote, ASV"},{"$i":"fluidounce,us","$v":"Šķidruma unce, ASV"},{"$i":"cup,us","$v":"Tase, ASV"},{"$i":"pint,us","$v":"Pinte, ASV"},{"$i":"quart,us","$v":"Kvarta, ASV"},{"$i":"gallon,us","$v":"Galons, ASV"},{"$i":"barrel,us","$v":"Barels, ASV"},{"$i":"milligrams","$v":"Miligrams"},{"$i":"grams","$v":"Grams"},{"$i":"kilograms","$v":"Kilograms"},{"$i":"tonnes","$v":"Tonna"},{"$i":"ounces","$v":"Unce"},{"$i":"pounds","$v":"Mārciņa"},{"$i":"stone,uk","$v":"Stouns, GB"},{"$i":"longton,uk","$v":"Tonna, Lielbritānija"},{"$i":"shortton,us","$v":"Tonna, ASV"},{"$i":"weekday-0-long","$v":"Svētdiena"},{"$i":"weekday-1-long","$v":"Pirmdiena"},{"$i":"weekday-2-long","$v":"Otrdiena"},{"$i":"weekday-3-long","$v":"Trešdiens"},{"$i":"weekday-4-long","$v":"Ceturtdiena"},{"$i":"weekday-5-long","$v":"Piektdiena"},{"$i":"weekday-6-long","$v":"Sestdiena"},{"$i":"weekday-0-short","$v":"Sv"},{"$i":"weekday-1-short","$v":"P"},{"$i":"weekday-2-short","$v":"O"},{"$i":"weekday-3-short","$v":"T"},{"$i":"weekday-4-short","$v":"C"},{"$i":"weekday-5-short","$v":"Pk"},{"$i":"weekday-6-short","$v":"S"},{"$i":"month-0-long","$v":"Janvāris"},{"$i":"month-1-long","$v":"Februāris"},{"$i":"month-2-long","$v":"Marts"},{"$i":"month-3-long","$v":"Aprīlis"},{"$i":"month-4-long","$v":"Maijs"},{"$i":"month-5-long","$v":"Jūnijs"},{"$i":"month-6-long","$v":"Jūlijs"},{"$i":"month-7-long","$v":"Augusts"},{"$i":"month-8-long","$v":"Septembris"},{"$i":"month-9-long","$v":"Oktobris"},{"$i":"month-10-long","$v":"Novembris"},{"$i":"month-11-long","$v":"Decembris"},{"$i":"month-0-genitive","$v":"Janvāris"},{"$i":"month-1-genitive","$v":"Februāris"},{"$i":"month-2-genitive","$v":"Marts"},{"$i":"month-3-genitive","$v":"Aprīlis"},{"$i":"month-4-genitive","$v":"Maijs"},{"$i":"month-5-genitive","$v":"Jūnijs"},{"$i":"month-6-genitive","$v":"Jūlijs"},{"$i":"month-7-genitive","$v":"Augusts"},{"$i":"month-8-genitive","$v":"Septembris"},{"$i":"month-9-genitive","$v":"Oktobris"},{"$i":"month-10-genitive","$v":"Novembris"},{"$i":"month-11-genitive","$v":"Decembris"},{"$i":"month-0-short","$v":"Jan."},{"$i":"month-1-short","$v":"Febr."},{"$i":"month-2-short","$v":"Marts"},{"$i":"month-3-short","$v":"Apr."},{"$i":"month-4-short","$v":"Maijs"},{"$i":"month-5-short","$v":"Jūn."},{"$i":"month-6-short","$v":"Jūl."},{"$i":"month-7-short","$v":"Aug."},{"$i":"month-8-short","$v":"Sept."},{"$i":"month-9-short","$v":"Okt."},{"$i":"month-10-short","$v":"Nov."},{"$i":"month-11-short","$v":"Dec."},{"$i":"minutes-ago-long","$v":{"few":["Pirms ",{"t":"idOrVar","v":"value"}," minūtēm"],"many":["Pirms ",{"t":"idOrVar","v":"value"}," minūtēm"],"other":["Pirms ",{"t":"idOrVar","v":"value"}," minūtēm"],"two":["Pirms ",{"t":"idOrVar","v":"value"}," minūtēm"],"one":"pirms minūtes","zero":"tikko"},"$x":[{"t":"idOrVar","v":"plural"},"value"]},{"$i":"hours-ago-long","$v":{"few":["Pirms ",{"t":"idOrVar","v":"value"}," stundām"],"many":["Pirms ",{"t":"idOrVar","v":"value"}," stundām"],"other":["Pirms ",{"t":"idOrVar","v":"value"}," stundām"],"two":["Pirms ",{"t":"idOrVar","v":"value"}," stundām"],"one":"1 stunda","zero":"tikko"},"$x":[{"t":"idOrVar","v":"plural"},"value"]},{"$i":"days-ago-long","$v":{"few":["Pirms ",{"t":"idOrVar","v":"value"}," dienām"],"many":["Pirms ",{"t":"idOrVar","v":"value"}," dienām"],"one":"vakar","other":["Pirms ",{"t":"idOrVar","v":"value"}," dienām"],"two":["Pirms ",{"t":"idOrVar","v":"value"}," dienām"],"zero":"šodien"},"$x":[{"t":"idOrVar","v":"plural"},"value"]},{"$i":"weeks-ago-long","$v":{"few":["Pirms ",{"t":"idOrVar","v":"value"}," nedēļām"],"many":["Pirms ",{"t":"idOrVar","v":"value"}," nedēļām"],"one":"pagājušajā nedēļā","other":["Pirms ",{"t":"idOrVar","v":"value"}," nedēļām"],"two":["Pirms ",{"t":"idOrVar","v":"value"}," nedēļām"],"zero":"šonedēļ"},"$x":[{"t":"idOrVar","v":"plural"},"value"]},{"$i":"months-ago-long","$v":{"few":["Pirms ",{"t":"idOrVar","v":"value"}," mēnešiem"],"many":["Pirms ",{"t":"idOrVar","v":"value"}," mēnešiem"],"one":"pagājušajā mēnesī","other":["Pirms ",{"t":"idOrVar","v":"value"}," mēnešiem"],"two":["Pirms ",{"t":"idOrVar","v":"value"}," mēnešiem"],"zero":"šomēnes"},"$x":[{"t":"idOrVar","v":"plural"},"value"]},{"$i":"years-ago-long","$v":{"few":["Pirms ",{"t":"idOrVar","v":"value"}," gadiem"],"many":["Pirms ",{"t":"idOrVar","v":"value"}," gadiem"],"one":"pagājušajā gadā","other":["Pirms ",{"t":"idOrVar","v":"value"}," gadiem"],"two":["Pirms ",{"t":"idOrVar","v":"value"}," gadiem"],"zero":"šogad"},"$x":[{"t":"idOrVar","v":"plural"},"value"]},{"$i":"minutes-until-long","$v":{"few":[{"t":"idOrVar","v":"value"}," minūtēs"],"many":[{"t":"idOrVar","v":"value"}," minūtēs"],"other":[{"t":"idOrVar","v":"value"}," minūtēs"],"two":[{"t":"idOrVar","v":"value"}," minūtēs"],"zero":"tūlīt","one":"pēc 1 minūtes"},"$x":[{"t":"idOrVar","v":"plural"},"value"]},{"$i":"hours-until-long","$v":{"few":[{"t":"idOrVar","v":"value"}," stundās"],"many":[{"t":"idOrVar","v":"value"}," stundās"],"other":[{"t":"idOrVar","v":"value"}," stundās"],"two":[{"t":"idOrVar","v":"value"}," stundās"],"zero":"tūlīt","one":"pēc 1 stundas"},"$x":[{"t":"idOrVar","v":"plural"},"value"]},{"$i":"days-until-long","$v":{"few":[{"t":"idOrVar","v":"value"}," dienās"],"many":[{"t":"idOrVar","v":"value"}," dienās"],"one":"rīt","other":[{"t":"idOrVar","v":"value"}," dienās"],"two":[{"t":"idOrVar","v":"value"}," dienās"],"zero":"šodien"},"$x":[{"t":"idOrVar","v":"plural"},"value"]},{"$i":"weeks-until-long","$v":{"few":[{"t":"idOrVar","v":"value"}," nedēļās"],"many":[{"t":"idOrVar","v":"value"}," nedēļās"],"one":"nākamā nedēļa","other":[{"t":"idOrVar","v":"value"}," nedēļās"],"two":[{"t":"idOrVar","v":"value"}," nedēļās"],"zero":"šonedēļ"},"$x":[{"t":"idOrVar","v":"plural"},"value"]},{"$i":"months-until-long","$v":{"few":[{"t":"idOrVar","v":"value"}," mēnešos"],"many":[{"t":"idOrVar","v":"value"}," mēnešos"],"one":"nākamais mēnesis","other":[{"t":"idOrVar","v":"value"}," mēnešos"],"two":[{"t":"idOrVar","v":"value"}," mēnešos"],"zero":"šomēnes"},"$x":[{"t":"idOrVar","v":"plural"},"value"]},{"$i":"years-until-long","$v":{"few":[{"t":"idOrVar","v":"value"}," gados"],"many":[{"t":"idOrVar","v":"value"}," gados"],"one":"nākamais gads","other":[{"t":"idOrVar","v":"value"}," gados"],"two":[{"t":"idOrVar","v":"value"}," gados"],"zero":"šogad"},"$x":[{"t":"idOrVar","v":"plural"},"value"]},{"$i":"minutes-ago-short","$v":{"other":["Pirms ",{"t":"idOrVar","v":"value"}," min."],"zero":"tikko"},"$x":[{"t":"idOrVar","v":"plural"},"value"]},{"$i":"hours-ago-short","$v":{"other":["Pirms ",{"t":"idOrVar","v":"value"}," stundām"],"zero":"tikko"},"$x":[{"t":"idOrVar","v":"plural"},"value"]},{"$i":"days-ago-short","$v":{"other":["Pirms ",{"t":"idOrVar","v":"value"}," d."],"zero":"šodien"},"$x":[{"t":"idOrVar","v":"plural"},"value"]},{"$i":"minutes-until-short","$v":{"other":[{"t":"idOrVar","v":"value"}," min."],"zero":"tūlīt"},"$x":[{"t":"idOrVar","v":"plural"},"value"]},{"$i":"hours-until-short","$v":{"other":[{"t":"idOrVar","v":"value"}," st."],"zero":"tūlīt"},"$x":[{"t":"idOrVar","v":"plural"},"value"]},{"$i":"days-until-short","$v":{"other":[{"t":"idOrVar","v":"value"}," dienās"],"zero":"šodien"},"$x":[{"t":"idOrVar","v":"plural"},"value"]},{"$i":"incorrectDate","$v":"(nepareizs datums)"},{"$i":"dateTimeFormat_%c","$v":"%a %b %e %Y %I:%M:%S %p"},{"$i":"dateTimeFormat_%x","$v":"%m/%d/%Y"},{"$i":"dateTimeFormat_%X","$v":"%I:%M (%p)"},{"$i":"shortTimeFormat","$v":"%I:%M %p"},{"$i":"shortTimeFormat12","$v":"%I:%M %p"},{"$i":"shortTimeFormat24","$v":"%H:%M"},{"$i":"shortDateTimeFormat","$v":"%x %I:%M %p"},{"$i":"weekStartsOnMonday","$v":"0.0"},{"$i":"firstDayOfTheWeek","$v":"1.0"},{"$i":"time_am","$v":"no rīta"},{"$i":"time_pm","$v":"Pēc plkst."}]