[{"$i":"unitconverter","$v":"एकाइ परिवर्तक"},{"$i":"unit","$v":"युनिट"},{"$i":"clear-all","$v":"सबै खाली गर्नुहोस्"},{"$i":"ok","$v":"ठीक छ"},{"$i":"select","$v":"चयन गर्नुहोस्"},{"$i":"+/-","$v":"+/-"},{"$i":"area","$v":"क्षेत्र"},{"$i":"length","$v":"लम्बाई"},{"$i":"speed","$v":"गति"},{"$i":"temperature","$v":"तापक्रम"},{"$i":"volume","$v":"भोल्युम"},{"$i":"weight","$v":"वजन"},{"$i":"squaremillimeters","$v":"वर्ग मिलिमिटर"},{"$i":"squarecentimeters","$v":"वर्ग सेन्टिमिटर"},{"$i":"squaremeters","$v":"वर्ग मिटर"},{"$i":"ares","$v":"एरे"},{"$i":"hectares","$v":"हेक्टर"},{"$i":"squarekilometers","$v":"वर्ग किलोमिटर"},{"$i":"squareinches","$v":"वर्ग इन्च"},{"$i":"squarefeet","$v":"स्क्वायर फिट"},{"$i":"squareyards","$v":"वर्ग यार्ड"},{"$i":"squaremiles","$v":"वर्ग माइल्स"},{"$i":"acres","$v":"एकर"},{"$i":"millimeter","$v":"मिलिमिटर"},{"$i":"centimeter","$v":"सेन्टिमिटर"},{"$i":"meter","$v":"मिटर"},{"$i":"kilometer","$v":"किलोमिटर"},{"$i":"inch","$v":"इन्च"},{"$i":"feet","$v":"फिट"},{"$i":"yard","$v":"यार्ड"},{"$i":"mile","$v":"माइल"},{"$i":"meters/second","$v":"मिटर/सेकेन्ड"},{"$i":"kilometer/hour","$v":"किलोमिटर/आवर"},{"$i":"miles/hour","$v":"माइल/घण्टा"},{"$i":"feet/second","$v":"फिट/सेकेन्ड"},{"$i":"knots","$v":"नट"},{"$i":"mach","$v":"माच"},{"$i":"celsius","$v":"सेल्सियस"},{"$i":"fahrenheit","$v":"फरेनहाइट"},{"$i":"kelvin","$v":"केल्भिन"},{"$i":"newton","$v":"न्यूटन"},{"$i":"delisle","$v":"डेलिस्ले"},{"$i":"rankine","$v":"रैंकिन"},{"$i":"réaumur","$v":"रयूमर"},{"$i":"cubicmillimeter","$v":"घन मिलिमिटर"},{"$i":"cubiccentimeter","$v":"घन सेन्टिमिटर"},{"$i":"cubicmeter","$v":"घन मिटर"},{"$i":"milliliter","$v":"मिलिलिटर"},{"$i":"centiliter","$v":"सेन्टिलाइटर"},{"$i":"liter","$v":"लिटर"},{"$i":"cubicinch","$v":"घन इन्च"},{"$i":"cubicfoot","$v":"घन फुट"},{"$i":"cubicyard","$v":"घन यार्ड"},{"$i":"teaspoon,uk","$v":"चिया स्पोन,UK"},{"$i":"tablespoon,uk","$v":"टेबल स्पोन,UK"},{"$i":"fluidounce,uk","$v":"फ्ल्युड अन्स,UK"},{"$i":"cup,uk","$v":"कप,UK"},{"$i":"pint,uk","$v":"पिन्ट,UK"},{"$i":"quart,uk","$v":"क्वार्ट,UK"},{"$i":"gallon,uk","$v":"ग्यालोन,UK"},{"$i":"barrel,uk","$v":"बरेल,UK"},{"$i":"teaspoon,us","$v":"चिया स्पोन,US"},{"$i":"tablespoon,us","$v":"टेबल स्पोन,US"},{"$i":"fluidounce,us","$v":"फ्ल्युड अन्स,US"},{"$i":"cup,us","$v":"कप,US"},{"$i":"pint,us","$v":"पिन्ट,US"},{"$i":"quart,us","$v":"क्वार्ट,US"},{"$i":"gallon,us","$v":"ग्यालोन,US"},{"$i":"barrel,us","$v":"बरेल,US"},{"$i":"milligrams","$v":"मिलिग्राम"},{"$i":"grams","$v":"ग्राम"},{"$i":"kilograms","$v":"किलोग्राम"},{"$i":"tonnes","$v":"टनी"},{"$i":"ounces","$v":"आउन्स"},{"$i":"pounds","$v":"पाउण्ड"},{"$i":"stone,uk","$v":"स्टोन,UK"},{"$i":"longton,uk","$v":"लोंग टन,UK"},{"$i":"shortton,us","$v":"शॉर्ट टन,US"},{"$i":"weekday-0-long","$v":"आइतबार"},{"$i":"weekday-1-long","$v":"सोमबार"},{"$i":"weekday-2-long","$v":"मङ्गलबार"},{"$i":"weekday-3-long","$v":"बुधबार"},{"$i":"weekday-4-long","$v":"बिहिबार"},{"$i":"weekday-5-long","$v":"शुक्रबार"},{"$i":"weekday-6-long","$v":"शनिबार"},{"$i":"weekday-0-short","$v":"सूर्य"},{"$i":"weekday-1-short","$v":"सोमबार"},{"$i":"weekday-2-short","$v":"मङ्गलबार"},{"$i":"weekday-3-short","$v":"बुधबार"},{"$i":"weekday-4-short","$v":"बिहीबार"},{"$i":"weekday-5-short","$v":"शुक्रबार"},{"$i":"weekday-6-short","$v":"शनिबार"},{"$i":"month-0-long","$v":"जनवरी"},{"$i":"month-1-long","$v":"फेब्रुअरी"},{"$i":"month-2-long","$v":"मार्च"},{"$i":"month-3-long","$v":"अप्रिल"},{"$i":"month-4-long","$v":"मे"},{"$i":"month-5-long","$v":"जुन"},{"$i":"month-6-long","$v":"जुलाइ"},{"$i":"month-7-long","$v":"अगस्ट"},{"$i":"month-8-long","$v":"सेप्टेम्बर"},{"$i":"month-9-long","$v":"अक्टुबर"},{"$i":"month-10-long","$v":"नोभेम्बर"},{"$i":"month-11-long","$v":"डिसेम्बर"},{"$i":"month-0-genitive","$v":"जनवरी"},{"$i":"month-1-genitive","$v":"फेब्रुअरी"},{"$i":"month-2-genitive","$v":"मार्च"},{"$i":"month-3-genitive","$v":"अप्रिल"},{"$i":"month-4-genitive","$v":"मे"},{"$i":"month-5-genitive","$v":"जुन"},{"$i":"month-6-genitive","$v":"जुलाइ"},{"$i":"month-7-genitive","$v":"अगस्ट"},{"$i":"month-8-genitive","$v":"सेप्टेम्बर"},{"$i":"month-9-genitive","$v":"अक्टुबर"},{"$i":"month-10-genitive","$v":"नोभेम्बर"},{"$i":"month-11-genitive","$v":"डिसेम्बर"},{"$i":"month-0-short","$v":"जनवरी"},{"$i":"month-1-short","$v":"फेब्रुअरी"},{"$i":"month-2-short","$v":"मार्च"},{"$i":"month-3-short","$v":"अप्रिल"},{"$i":"month-4-short","$v":"मे"},{"$i":"month-5-short","$v":"जुन"},{"$i":"month-6-short","$v":"जुलाई"},{"$i":"month-7-short","$v":"अगस्ट"},{"$i":"month-8-short","$v":"सेप्टेम्बर"},{"$i":"month-9-short","$v":"अक्टोबर"},{"$i":"month-10-short","$v":"नोभेम्बर"},{"$i":"month-11-short","$v":"डिसेम्बर"},{"$i":"minutes-ago-long","$v":{"few":[{"t":"idOrVar","v":"value"}," मिनेट पहिला"],"many":[{"t":"idOrVar","v":"value"}," मिनेट पहिला"],"other":[{"t":"idOrVar","v":"value"}," मिनेट पहिला"],"two":[{"t":"idOrVar","v":"value"}," मिनेट पहिला"],"one":"एक मिनेट अघि","zero":"Just now"},"$x":[{"t":"idOrVar","v":"plural"},"value"]},{"$i":"hours-ago-long","$v":{"few":[{"t":"idOrVar","v":"value"}," घण्टा पहिला"],"many":[{"t":"idOrVar","v":"value"}," घण्टा पहिला"],"other":[{"t":"idOrVar","v":"value"}," घण्टा पहिला"],"two":[{"t":"idOrVar","v":"value"}," घण्टा पहिला"],"one":"एक घण्टा अघि","zero":"Just now"},"$x":[{"t":"idOrVar","v":"plural"},"value"]},{"$i":"days-ago-long","$v":{"few":[{"t":"idOrVar","v":"value"}," दिन पहिला"],"many":[{"t":"idOrVar","v":"value"}," दिन पहिला"],"one":"हिजो","other":[{"t":"idOrVar","v":"value"}," दिन पहिला"],"two":[{"t":"idOrVar","v":"value"}," दिन पहिला"],"zero":"आज"},"$x":[{"t":"idOrVar","v":"plural"},"value"]},{"$i":"weeks-ago-long","$v":{"few":[{"t":"idOrVar","v":"value"}," हप्ता पहिला"],"many":[{"t":"idOrVar","v":"value"}," हप्ता पहिला"],"one":"गत हप्ता","other":[{"t":"idOrVar","v":"value"}," हप्ता पहिला"],"two":[{"t":"idOrVar","v":"value"}," हप्ता पहिला"],"zero":"यो हप्ता"},"$x":[{"t":"idOrVar","v":"plural"},"value"]},{"$i":"months-ago-long","$v":{"few":[{"t":"idOrVar","v":"value"}," महिना पहिला"],"many":[{"t":"idOrVar","v":"value"}," महिना पहिला"],"one":"गत महिना","other":[{"t":"idOrVar","v":"value"}," महिना पहिला"],"two":[{"t":"idOrVar","v":"value"}," महिना पहिला"],"zero":"यो महिना"},"$x":[{"t":"idOrVar","v":"plural"},"value"]},{"$i":"years-ago-long","$v":{"few":[{"t":"idOrVar","v":"value"}," वर्ष पहिला"],"many":[{"t":"idOrVar","v":"value"}," वर्ष पहिला"],"one":"गएको वर्ष","other":[{"t":"idOrVar","v":"value"}," वर्ष पहिला"],"two":[{"t":"idOrVar","v":"value"}," वर्ष पहिला"],"zero":"यो वर्ष"},"$x":[{"t":"idOrVar","v":"plural"},"value"]},{"$i":"minutes-until-long","$v":{"few":[{"t":"idOrVar","v":"value"}," मिनेटमा"],"many":[{"t":"idOrVar","v":"value"}," मिनेटमा"],"other":[{"t":"idOrVar","v":"value"}," मिनेटमा"],"two":[{"t":"idOrVar","v":"value"}," मिनेटमा"],"zero":"अहिले","one":"एक मिनेटमा"},"$x":[{"t":"idOrVar","v":"plural"},"value"]},{"$i":"hours-until-long","$v":{"few":[{"t":"idOrVar","v":"value"}," घण्टामा"],"many":[{"t":"idOrVar","v":"value"}," घण्टामा"],"other":[{"t":"idOrVar","v":"value"}," घण्टामा"],"two":[{"t":"idOrVar","v":"value"}," घण्टामा"],"zero":"अहिले","one":"एक घण्टामा"},"$x":[{"t":"idOrVar","v":"plural"},"value"]},{"$i":"days-until-long","$v":{"few":[{"t":"idOrVar","v":"value"}," दिनमा"],"many":[{"t":"idOrVar","v":"value"}," दिनमा"],"one":"भोली","other":[{"t":"idOrVar","v":"value"}," दिनमा"],"two":[{"t":"idOrVar","v":"value"}," दिनमा"],"zero":"आज"},"$x":[{"t":"idOrVar","v":"plural"},"value"]},{"$i":"weeks-until-long","$v":{"few":[{"t":"idOrVar","v":"value"}," हप्तामा"],"many":[{"t":"idOrVar","v":"value"}," हप्तामा"],"one":"अर्को हप्ता","other":[{"t":"idOrVar","v":"value"}," हप्तामा"],"two":[{"t":"idOrVar","v":"value"}," हप्तामा"],"zero":"यो हप्ता"},"$x":[{"t":"idOrVar","v":"plural"},"value"]},{"$i":"months-until-long","$v":{"few":[{"t":"idOrVar","v":"value"}," महिनामा"],"many":[{"t":"idOrVar","v":"value"}," महिनामा"],"one":"अर्को महिना","other":[{"t":"idOrVar","v":"value"}," महिनामा"],"two":[{"t":"idOrVar","v":"value"}," महिनामा"],"zero":"यो महिना"},"$x":[{"t":"idOrVar","v":"plural"},"value"]},{"$i":"years-until-long","$v":{"few":[{"t":"idOrVar","v":"value"}," वर्षमा"],"many":[{"t":"idOrVar","v":"value"}," वर्षमा"],"one":"अर्को वर्ष","other":[{"t":"idOrVar","v":"value"}," वर्षमा"],"two":[{"t":"idOrVar","v":"value"}," वर्षमा"],"zero":"यो वर्ष"},"$x":[{"t":"idOrVar","v":"plural"},"value"]},{"$i":"minutes-ago-short","$v":{"other":[{"t":"idOrVar","v":"value"}," मिनेट पहिला"],"zero":"Just now"},"$x":[{"t":"idOrVar","v":"plural"},"value"]},{"$i":"hours-ago-short","$v":{"other":[{"t":"idOrVar","v":"value"},"घण्टा पहिला"],"zero":"Just now"},"$x":[{"t":"idOrVar","v":"plural"},"value"]},{"$i":"days-ago-short","$v":{"other":[{"t":"idOrVar","v":"value"},"दिन पहिला"],"zero":"आज"},"$x":[{"t":"idOrVar","v":"plural"},"value"]},{"$i":"minutes-until-short","$v":{"other":[{"t":"idOrVar","v":"value"}," मिनेटमा"],"zero":"अहिले"},"$x":[{"t":"idOrVar","v":"plural"},"value"]},{"$i":"hours-until-short","$v":{"other":[{"t":"idOrVar","v":"value"}," घण्टामा"],"zero":"अहिले"},"$x":[{"t":"idOrVar","v":"plural"},"value"]},{"$i":"days-until-short","$v":{"other":[{"t":"idOrVar","v":"value"}," दिनमा"],"zero":"आज"},"$x":[{"t":"idOrVar","v":"plural"},"value"]},{"$i":"incorrectDate","$v":"(गलत मिति)"},{"$i":"dateTimeFormat_%c","$v":"%a %b %e %Y %I:%M:%S %p"},{"$i":"dateTimeFormat_%x","$v":"%m/%d/%Y"},{"$i":"dateTimeFormat_%X","$v":"%I:%M:%S %p"},{"$i":"shortTimeFormat","$v":"%I:%M %p"},{"$i":"shortTimeFormat12","$v":"%I:%M %p"},{"$i":"shortTimeFormat24","$v":"%H:%M"},{"$i":"shortDateTimeFormat","$v":"%x %I:%M %p"},{"$i":"weekStartsOnMonday","$v":"0.0"},{"$i":"firstDayOfTheWeek","$v":"0.0"},{"$i":"time_am","$v":"AM"},{"$i":"time_pm","$v":"PM"}]