[{"$i":"unitconverter","$v":"د واحد بدلونکي"},{"$i":"unit","$v":"واحد"},{"$i":"clear-all","$v":"ټول پاک کړئ"},{"$i":"ok","$v":"اوکی"},{"$i":"select","$v":"انتخاب کړئ"},{"$i":"+/-","$v":"+/-"},{"$i":"area","$v":"رقبہ"},{"$i":"length","$v":"اوږدوالی"},{"$i":"speed","$v":"سرعت"},{"$i":"temperature","$v":"ټمپریچر"},{"$i":"volume","$v":"والیوم"},{"$i":"weight","$v":"وزن"},{"$i":"squaremillimeters","$v":"مربع ملي میټر"},{"$i":"squarecentimeters","$v":"مربع سینټي میټر"},{"$i":"squaremeters","$v":"مربع میټر"},{"$i":"ares","$v":"دي"},{"$i":"hectares","$v":"هیکټر"},{"$i":"squarekilometers","$v":"مربع کلومیټر"},{"$i":"squareinches","$v":"مربع انچ"},{"$i":"squarefeet","$v":"مربع فوټه"},{"$i":"squareyards","$v":"مربع ګز"},{"$i":"squaremiles","$v":"مربع میل"},{"$i":"acres","$v":"ایکړ"},{"$i":"millimeter","$v":"ملي متر"},{"$i":"centimeter","$v":"سانتې متر"},{"$i":"meter","$v":"متر"},{"$i":"kilometer","$v":"کیلو متر"},{"$i":"inch","$v":"انچ"},{"$i":"feet","$v":"فوټونه"},{"$i":"yard","$v":"ګز"},{"$i":"mile","$v":"میل"},{"$i":"meters/second","$v":"میټر/ ثانیه"},{"$i":"kilometer/hour","$v":"کیلوتر /ساعت"},{"$i":"miles/hour","$v":"میل/ ساعت"},{"$i":"feet/second","$v":"فوټونه/ثانیه"},{"$i":"knots","$v":"ناټ"},{"$i":"mach","$v":"ماچ عدد"},{"$i":"celsius","$v":"سیلسیوس"},{"$i":"fahrenheit","$v":"Fahrenheit"},{"$i":"kelvin","$v":"د سانتیګراد سلمه"},{"$i":"newton","$v":"نیوټن"},{"$i":"delisle","$v":"ډیلیسل"},{"$i":"rankine","$v":"رینکین"},{"$i":"réaumur","$v":"ریومور"},{"$i":"cubicmillimeter","$v":"ملي متر مکعب"},{"$i":"cubiccentimeter","$v":"سانتي متر مکعب"},{"$i":"cubicmeter","$v":"متر مکعب"},{"$i":"milliliter","$v":"ملي متر"},{"$i":"centiliter","$v":"سانتې لیتر"},{"$i":"liter","$v":"لیتر"},{"$i":"cubicinch","$v":"انچ مکعب"},{"$i":"cubicfoot","$v":"فوټ مکعب"},{"$i":"cubicyard","$v":"یارد مکعب"},{"$i":"teaspoon,uk","$v":"د چای کاشوغه، یوکی"},{"$i":"tablespoon,uk","$v":"قاشوقه، انګلستان"},{"$i":"fluidounce,uk","$v":"مایع اونس، انګلستان"},{"$i":"cup,uk","$v":"انګلستان، کپ"},{"$i":"pint,uk","$v":"پینټ, انګلستان"},{"$i":"quart,uk","$v":"کوارټ، انګلیستان"},{"$i":"gallon,uk","$v":"ګیلن، انګلستان"},{"$i":"barrel,uk","$v":"بیرل، انګلستان"},{"$i":"teaspoon,us","$v":"د چایو کاشوغه، امریکا"},{"$i":"tablespoon,us","$v":"قاشوقه. امریکا"},{"$i":"fluidounce,us","$v":"مایع اونس، امریکا"},{"$i":"cup,us","$v":"امریکا، کپ"},{"$i":"pint,us","$v":"پینټ, امریکا"},{"$i":"quart,us","$v":"کوارټ، امریکا"},{"$i":"gallon,us","$v":"ګیلن، امریکا"},{"$i":"barrel,us","$v":"بیرل، امریکا"},{"$i":"milligrams","$v":"ملي ګرام"},{"$i":"grams","$v":"ګرام"},{"$i":"kilograms","$v":"کیلوګرام"},{"$i":"tonnes","$v":"ټن"},{"$i":"ounces","$v":"اونس"},{"$i":"pounds","$v":"پاونډ"},{"$i":"stone,uk","$v":"تیږه، انګلستان"},{"$i":"longton,uk","$v":"غټ ټن، انګلستان"},{"$i":"shortton,us","$v":"کوجنی ټن، امریکا"},{"$i":"weekday-0-long","$v":"یکشنبه"},{"$i":"weekday-1-long","$v":"دوشنبه"},{"$i":"weekday-2-long","$v":"سه شنبه"},{"$i":"weekday-3-long","$v":"چهارشنبه"},{"$i":"weekday-4-long","$v":"پنجشنبه"},{"$i":"weekday-5-long","$v":"جمعه"},{"$i":"weekday-6-long","$v":"شنبه"},{"$i":"weekday-0-short","$v":"لمر"},{"$i":"weekday-1-short","$v":"دو"},{"$i":"weekday-2-short","$v":"سه"},{"$i":"weekday-3-short","$v":"چهار"},{"$i":"weekday-4-short","$v":"پنج."},{"$i":"weekday-5-short","$v":"جمعه"},{"$i":"weekday-6-short","$v":"هفته"},{"$i":"month-0-long","$v":"جنوری"},{"$i":"month-1-long","$v":"فروری"},{"$i":"month-2-long","$v":"مارچ"},{"$i":"month-3-long","$v":"اپریل"},{"$i":"month-4-long","$v":"مئی"},{"$i":"month-5-long","$v":"جون"},{"$i":"month-6-long","$v":"جولائی"},{"$i":"month-7-long","$v":"اګست"},{"$i":"month-8-long","$v":"ستمبر"},{"$i":"month-9-long","$v":"اکتوبر"},{"$i":"month-10-long","$v":"نومبر"},{"$i":"month-11-long","$v":"دسمبر"},{"$i":"month-0-genitive","$v":"جنوری"},{"$i":"month-1-genitive","$v":"فروری"},{"$i":"month-2-genitive","$v":"مارچ"},{"$i":"month-3-genitive","$v":"اپریل"},{"$i":"month-4-genitive","$v":"مئی"},{"$i":"month-5-genitive","$v":"جون"},{"$i":"month-6-genitive","$v":"جولائی"},{"$i":"month-7-genitive","$v":"اګست"},{"$i":"month-8-genitive","$v":"ستمبر"},{"$i":"month-9-genitive","$v":"اکتوبر"},{"$i":"month-10-genitive","$v":"نومبر"},{"$i":"month-11-genitive","$v":"دسمبر"},{"$i":"month-0-short","$v":"جنوری"},{"$i":"month-1-short","$v":"فروری"},{"$i":"month-2-short","$v":"مارچ"},{"$i":"month-3-short","$v":"اپریل"},{"$i":"month-4-short","$v":"مئی"},{"$i":"month-5-short","$v":"جون"},{"$i":"month-6-short","$v":"جولائی"},{"$i":"month-7-short","$v":"اګست"},{"$i":"month-8-short","$v":"ستمبر"},{"$i":"month-9-short","$v":"اکتوبر"},{"$i":"month-10-short","$v":"نومبر"},{"$i":"month-11-short","$v":"دسمبر"},{"$i":"minutes-ago-long","$v":{"few":[{"t":"idOrVar","v":"value"}," دقی مخکې"],"many":[{"t":"idOrVar","v":"value"}," دقی مخکې"],"other":[{"t":"idOrVar","v":"value"}," دقی مخکې"],"two":[{"t":"idOrVar","v":"value"}," دقی مخکې"],"one":"یو دقیقه مخکې","zero":"همدا اوس"},"$x":[{"t":"idOrVar","v":"plural"},"value"]},{"$i":"hours-ago-long","$v":{"few":[{"t":"idOrVar","v":"value"}," ساعته مخکې"],"many":[{"t":"idOrVar","v":"value"}," ساعته مخکې"],"other":[{"t":"idOrVar","v":"value"}," ساعته مخکې"],"two":[{"t":"idOrVar","v":"value"}," ساعته مخکې"],"one":"یو ساعت وخت","zero":"همدا اوس"},"$x":[{"t":"idOrVar","v":"plural"},"value"]},{"$i":"days-ago-long","$v":{"few":[{"t":"idOrVar","v":"value"}," ورځي مخکې"],"many":[{"t":"idOrVar","v":"value"}," ورځي مخکې"],"one":"پرون","other":[{"t":"idOrVar","v":"value"}," ورځي مخکې"],"two":[{"t":"idOrVar","v":"value"}," ورځي مخکې"],"zero":"نن"},"$x":[{"t":"idOrVar","v":"plural"},"value"]},{"$i":"weeks-ago-long","$v":{"few":[{"t":"idOrVar","v":"value"}," اوونئ مخکې"],"many":[{"t":"idOrVar","v":"value"}," اوونئ مخکې"],"one":"تیره اوونۍ","other":[{"t":"idOrVar","v":"value"}," اوونئ مخکې"],"two":[{"t":"idOrVar","v":"value"}," اوونئ مخکې"],"zero":"دا اونۍ"},"$x":[{"t":"idOrVar","v":"plural"},"value"]},{"$i":"months-ago-long","$v":{"few":[{"t":"idOrVar","v":"value"}," میاشتي مخکې"],"many":[{"t":"idOrVar","v":"value"}," میاشتي مخکې"],"one":"تیره میاشت","other":[{"t":"idOrVar","v":"value"}," میاشتي مخکې"],"two":[{"t":"idOrVar","v":"value"}," میاشتي مخکې"],"zero":"دا میاشت"},"$x":[{"t":"idOrVar","v":"plural"},"value"]},{"$i":"years-ago-long","$v":{"few":[{"t":"idOrVar","v":"value"}," کاله مخکې"],"many":[{"t":"idOrVar","v":"value"}," کاله مخکې"],"one":"تیر کال","other":[{"t":"idOrVar","v":"value"}," کاله مخکې"],"two":[{"t":"idOrVar","v":"value"}," کاله مخکې"],"zero":"دا کال"},"$x":[{"t":"idOrVar","v":"plural"},"value"]},{"$i":"minutes-until-long","$v":{"few":["په ",{"t":"idOrVar","v":"value"}," دقیقو"],"many":["په ",{"t":"idOrVar","v":"value"}," دقیقو"],"other":["په ",{"t":"idOrVar","v":"value"}," دقیقو"],"two":["په ",{"t":"idOrVar","v":"value"}," دقیقو"],"zero":"اوس","one":"په 1 دقیقه کې"},"$x":[{"t":"idOrVar","v":"plural"},"value"]},{"$i":"hours-until-long","$v":{"few":["په ",{"t":"idOrVar","v":"value"}," ساعتونو"],"many":["په ",{"t":"idOrVar","v":"value"}," ساعتونو"],"other":["په ",{"t":"idOrVar","v":"value"}," ساعتونو"],"two":["په ",{"t":"idOrVar","v":"value"}," ساعتونو"],"zero":"اوس","one":"په 1 ساعت کې"},"$x":[{"t":"idOrVar","v":"plural"},"value"]},{"$i":"days-until-long","$v":{"few":["په ",{"t":"idOrVar","v":"value"}," ورځو"],"many":["په ",{"t":"idOrVar","v":"value"}," ورځو"],"one":"سبا","other":["په ",{"t":"idOrVar","v":"value"}," ورځو"],"two":["په ",{"t":"idOrVar","v":"value"}," ورځو"],"zero":"نن"},"$x":[{"t":"idOrVar","v":"plural"},"value"]},{"$i":"weeks-until-long","$v":{"few":["په ",{"t":"idOrVar","v":"value"}," اوونیو"],"many":["په ",{"t":"idOrVar","v":"value"}," اوونیو"],"one":"راتلونکې اوونۍ","other":["په ",{"t":"idOrVar","v":"value"}," اوونیو"],"two":["په ",{"t":"idOrVar","v":"value"}," اوونیو"],"zero":"دا اونۍ"},"$x":[{"t":"idOrVar","v":"plural"},"value"]},{"$i":"months-until-long","$v":{"few":["په ",{"t":"idOrVar","v":"value"}," میاشتو"],"many":["په ",{"t":"idOrVar","v":"value"}," میاشتو"],"one":"راتلونکې میاشت","other":["په ",{"t":"idOrVar","v":"value"}," میاشتو"],"two":["په ",{"t":"idOrVar","v":"value"}," میاشتو"],"zero":"دا میاشت"},"$x":[{"t":"idOrVar","v":"plural"},"value"]},{"$i":"years-until-long","$v":{"few":["په ",{"t":"idOrVar","v":"value"}," کلونو"],"many":["په ",{"t":"idOrVar","v":"value"}," کلونو"],"one":"راتلونکی کال","other":["په ",{"t":"idOrVar","v":"value"}," کلونو"],"two":["په ",{"t":"idOrVar","v":"value"}," کلونو"],"zero":"دا کال"},"$x":[{"t":"idOrVar","v":"plural"},"value"]},{"$i":"minutes-ago-short","$v":{"other":[{"t":"idOrVar","v":"value"},"دقه مخکې"],"zero":"همدا اوس"},"$x":[{"t":"idOrVar","v":"plural"},"value"]},{"$i":"hours-ago-short","$v":{"other":[{"t":"idOrVar","v":"value"},"ساعت مخکې"],"zero":"همدا اوس"},"$x":[{"t":"idOrVar","v":"plural"},"value"]},{"$i":"days-ago-short","$v":{"other":[{"t":"idOrVar","v":"value"},"ورځ مخکې"],"zero":"نن"},"$x":[{"t":"idOrVar","v":"plural"},"value"]},{"$i":"minutes-until-short","$v":{"other":["په ",{"t":"idOrVar","v":"value"}," دقیقو"],"zero":"اوس"},"$x":[{"t":"idOrVar","v":"plural"},"value"]},{"$i":"hours-until-short","$v":{"other":["په ",{"t":"idOrVar","v":"value"}," ساعتونو"],"zero":"اوس"},"$x":[{"t":"idOrVar","v":"plural"},"value"]},{"$i":"days-until-short","$v":{"other":["په ",{"t":"idOrVar","v":"value"}," ورځو"],"zero":"نن"},"$x":[{"t":"idOrVar","v":"plural"},"value"]},{"$i":"incorrectDate","$v":"(غلطه نیټه)"},{"$i":"dateTimeFormat_%c","$v":"%a %b %e %Y %I:%M:%S %p"},{"$i":"dateTimeFormat_%x","$v":"%m/%d/%Y"},{"$i":"dateTimeFormat_%X","$v":"%I:%M:%S %p"},{"$i":"shortTimeFormat","$v":"%I:%M %p"},{"$i":"shortTimeFormat12","$v":"%I:%M %p"},{"$i":"shortTimeFormat24","$v":"%H:%M"},{"$i":"shortDateTimeFormat","$v":"%x %I:%M %p"},{"$i":"weekStartsOnMonday","$v":"0.0"},{"$i":"firstDayOfTheWeek","$v":"0.0"},{"$i":"time_am","$v":"سهار"},{"$i":"time_pm","$v":"ماښام"}]