[{"$i":"unitconverter","$v":"Конвертер"},{"$i":"unit","$v":"Единица"},{"$i":"clear-all","$v":"Очистить все"},{"$i":"ok","$v":"OK"},{"$i":"select","$v":"Выбрать"},{"$i":"+/-","$v":"+/-"},{"$i":"area","$v":"Регион"},{"$i":"length","$v":"Длина"},{"$i":"speed","$v":"Скорость"},{"$i":"temperature","$v":"Температура"},{"$i":"volume","$v":"Громкость"},{"$i":"weight","$v":"Вес"},{"$i":"squaremillimeters","$v":"Квадратный миллиметр"},{"$i":"squarecentimeters","$v":"Квадратный сантиметр"},{"$i":"squaremeters","$v":"Квадратный метр"},{"$i":"ares","$v":"Ар"},{"$i":"hectares","$v":"Гектар"},{"$i":"squarekilometers","$v":"Квадратный километр"},{"$i":"squareinches","$v":"Квадратный дюйм"},{"$i":"squarefeet","$v":"Квадратный фут"},{"$i":"squareyards","$v":"Квадратный ярд"},{"$i":"squaremiles","$v":"Квадратная миля"},{"$i":"acres","$v":"Акр"},{"$i":"millimeter","$v":"Миллиметр"},{"$i":"centimeter","$v":"Сантиметр"},{"$i":"meter","$v":"Метр"},{"$i":"kilometer","$v":"Километр"},{"$i":"inch","$v":"Дюйм"},{"$i":"feet","$v":"Фут"},{"$i":"yard","$v":"Ярд"},{"$i":"mile","$v":"Миля"},{"$i":"meters/second","$v":"М/с"},{"$i":"kilometer/hour","$v":"Км/ч"},{"$i":"miles/hour","$v":"Миль/ч"},{"$i":"feet/second","$v":"Фут/с"},{"$i":"knots","$v":"Узел"},{"$i":"mach","$v":"Мах"},{"$i":"celsius","$v":"Цельсий"},{"$i":"fahrenheit","$v":"Фаренгейт"},{"$i":"kelvin","$v":"Кельвин"},{"$i":"newton","$v":"Ньютон"},{"$i":"delisle","$v":"Градус Делиля"},{"$i":"rankine","$v":"Градус Ранкина"},{"$i":"réaumur","$v":"Градус Реомюра"},{"$i":"cubicmillimeter","$v":"Кубический миллиметр"},{"$i":"cubiccentimeter","$v":"Кубический сантиметр"},{"$i":"cubicmeter","$v":"Кубический метр"},{"$i":"milliliter","$v":"Миллилитр"},{"$i":"centiliter","$v":"Сантилитр"},{"$i":"liter","$v":"Литр"},{"$i":"cubicinch","$v":"Кубический дюйм"},{"$i":"cubicfoot","$v":"Кубический фут"},{"$i":"cubicyard","$v":"Кубический ярд"},{"$i":"teaspoon,uk","$v":"Чайная ложка, Великобритания"},{"$i":"tablespoon,uk","$v":"Столовая ложка, Великобритания"},{"$i":"fluidounce,uk","$v":"Жидкая унция, Великобритания"},{"$i":"cup,uk","$v":"Стакан, Великобритания"},{"$i":"pint,uk","$v":"Пинта, Великобритания"},{"$i":"quart,uk","$v":"Кварта, Великобритания"},{"$i":"gallon,uk","$v":"Галлон,Великобритания"},{"$i":"barrel,uk","$v":"Баррель, Великобритания"},{"$i":"teaspoon,us","$v":"Чайная ложка, США"},{"$i":"tablespoon,us","$v":"Столовая ложка, США"},{"$i":"fluidounce,us","$v":"Жидкая унция, США"},{"$i":"cup,us","$v":"Стакан, США"},{"$i":"pint,us","$v":"Пинта, США"},{"$i":"quart,us","$v":"Кварта, США"},{"$i":"gallon,us","$v":"Галлон, США"},{"$i":"barrel,us","$v":"Баррель, США"},{"$i":"milligrams","$v":"Миллиграмм"},{"$i":"grams","$v":"Грамм"},{"$i":"kilograms","$v":"Килограмм"},{"$i":"tonnes","$v":"Тонна"},{"$i":"ounces","$v":"Унция"},{"$i":"pounds","$v":"Фунт"},{"$i":"stone,uk","$v":"Стоун, Великобритания"},{"$i":"longton,uk","$v":"Английская тонна, Великобритания"},{"$i":"shortton,us","$v":"Американская тонна, США"},{"$i":"weekday-0-long","$v":"Воскресенье"},{"$i":"weekday-1-long","$v":"Понедельник"},{"$i":"weekday-2-long","$v":"Вторник"},{"$i":"weekday-3-long","$v":"Среда"},{"$i":"weekday-4-long","$v":"Четверг"},{"$i":"weekday-5-long","$v":"Пятница"},{"$i":"weekday-6-long","$v":"Суббота"},{"$i":"weekday-0-short","$v":"Вс"},{"$i":"weekday-1-short","$v":"Пн"},{"$i":"weekday-2-short","$v":"Вт"},{"$i":"weekday-3-short","$v":"Ср"},{"$i":"weekday-4-short","$v":"Чт"},{"$i":"weekday-5-short","$v":"Пт"},{"$i":"weekday-6-short","$v":"Сб"},{"$i":"month-0-long","$v":"Январь"},{"$i":"month-1-long","$v":"Февраль"},{"$i":"month-2-long","$v":"Март"},{"$i":"month-3-long","$v":"Апрель"},{"$i":"month-4-long","$v":"Май"},{"$i":"month-5-long","$v":"Июнь"},{"$i":"month-6-long","$v":"Июль"},{"$i":"month-7-long","$v":"Август"},{"$i":"month-8-long","$v":"Сентябрь"},{"$i":"month-9-long","$v":"Октябрь"},{"$i":"month-10-long","$v":"Ноябрь"},{"$i":"month-11-long","$v":"Декабрь"},{"$i":"month-0-genitive","$v":"Январь"},{"$i":"month-1-genitive","$v":"Февраль"},{"$i":"month-2-genitive","$v":"Март"},{"$i":"month-3-genitive","$v":"Апрель"},{"$i":"month-4-genitive","$v":"Май"},{"$i":"month-5-genitive","$v":"Июнь"},{"$i":"month-6-genitive","$v":"Июль"},{"$i":"month-7-genitive","$v":"Август"},{"$i":"month-8-genitive","$v":"Сентябрь"},{"$i":"month-9-genitive","$v":"Октябрь"},{"$i":"month-10-genitive","$v":"Ноябрь"},{"$i":"month-11-genitive","$v":"Декабрь"},{"$i":"month-0-short","$v":"Янв"},{"$i":"month-1-short","$v":"Фев"},{"$i":"month-2-short","$v":"Мар"},{"$i":"month-3-short","$v":"Апр"},{"$i":"month-4-short","$v":"Май"},{"$i":"month-5-short","$v":"Июн"},{"$i":"month-6-short","$v":"Июл"},{"$i":"month-7-short","$v":"Авг"},{"$i":"month-8-short","$v":"Сен"},{"$i":"month-9-short","$v":"Окт"},{"$i":"month-10-short","$v":"Ноя"},{"$i":"month-11-short","$v":"Дек"},{"$i":"minutes-ago-long","$v":{"few":[{"t":"idOrVar","v":"value"}," минут назад"],"many":[{"t":"idOrVar","v":"value"}," минут назад"],"other":[{"t":"idOrVar","v":"value"}," минут назад"],"two":[{"t":"idOrVar","v":"value"}," минут назад"],"one":"минуту назад","zero":"Сейчас"},"$x":[{"t":"idOrVar","v":"plural"},"value"]},{"$i":"hours-ago-long","$v":{"few":[{"t":"idOrVar","v":"value"}," часов назад"],"many":[{"t":"idOrVar","v":"value"}," часов назад"],"other":[{"t":"idOrVar","v":"value"}," часов назад"],"two":[{"t":"idOrVar","v":"value"}," часов назад"],"one":"час назад","zero":"Сейчас"},"$x":[{"t":"idOrVar","v":"plural"},"value"]},{"$i":"days-ago-long","$v":{"few":[{"t":"idOrVar","v":"value"}," дней назад"],"many":[{"t":"idOrVar","v":"value"}," дней назад"],"one":"вчера","other":[{"t":"idOrVar","v":"value"}," дней назад"],"two":[{"t":"idOrVar","v":"value"}," дней назад"],"zero":"сегодня"},"$x":[{"t":"idOrVar","v":"plural"},"value"]},{"$i":"weeks-ago-long","$v":{"few":[{"t":"idOrVar","v":"value"}," недель назад"],"many":[{"t":"idOrVar","v":"value"}," недель назад"],"one":"последняя неделя","other":[{"t":"idOrVar","v":"value"}," недель назад"],"two":[{"t":"idOrVar","v":"value"}," недель назад"],"zero":"эта неделя"},"$x":[{"t":"idOrVar","v":"plural"},"value"]},{"$i":"months-ago-long","$v":{"few":[{"t":"idOrVar","v":"value"}," месяцев назад"],"many":[{"t":"idOrVar","v":"value"}," месяцев назад"],"one":"прошлый месяц","other":[{"t":"idOrVar","v":"value"}," месяцев назад"],"two":[{"t":"idOrVar","v":"value"}," месяцев назад"],"zero":"этот месяц"},"$x":[{"t":"idOrVar","v":"plural"},"value"]},{"$i":"years-ago-long","$v":{"few":[{"t":"idOrVar","v":"value"}," лет назад"],"many":[{"t":"idOrVar","v":"value"}," лет назад"],"one":"прошлый год","other":[{"t":"idOrVar","v":"value"}," лет назад"],"two":[{"t":"idOrVar","v":"value"}," лет назад"],"zero":"этот год"},"$x":[{"t":"idOrVar","v":"plural"},"value"]},{"$i":"minutes-until-long","$v":{"few":["через ",{"t":"idOrVar","v":"value"}," минут"],"many":["через ",{"t":"idOrVar","v":"value"}," минут"],"other":["через ",{"t":"idOrVar","v":"value"}," минут"],"two":["через ",{"t":"idOrVar","v":"value"}," минут"],"zero":"сейчас","one":"через минуту"},"$x":[{"t":"idOrVar","v":"plural"},"value"]},{"$i":"hours-until-long","$v":{"few":["через ",{"t":"idOrVar","v":"value"}," часов"],"many":["через ",{"t":"idOrVar","v":"value"}," часов"],"other":["через ",{"t":"idOrVar","v":"value"}," часов"],"two":["через ",{"t":"idOrVar","v":"value"}," часов"],"zero":"сейчас","one":"через  час"},"$x":[{"t":"idOrVar","v":"plural"},"value"]},{"$i":"days-until-long","$v":{"few":["через ",{"t":"idOrVar","v":"value"}," дней"],"many":["через ",{"t":"idOrVar","v":"value"}," дней"],"one":"завтра","other":["через ",{"t":"idOrVar","v":"value"}," дней"],"two":["через ",{"t":"idOrVar","v":"value"}," дней"],"zero":"сегодня"},"$x":[{"t":"idOrVar","v":"plural"},"value"]},{"$i":"weeks-until-long","$v":{"few":["через ",{"t":"idOrVar","v":"value"}," нед."],"many":["через ",{"t":"idOrVar","v":"value"}," нед."],"one":"следующая неделя","other":["через ",{"t":"idOrVar","v":"value"}," нед."],"two":["через ",{"t":"idOrVar","v":"value"}," нед."],"zero":"эта неделя"},"$x":[{"t":"idOrVar","v":"plural"},"value"]},{"$i":"months-until-long","$v":{"few":["через ",{"t":"idOrVar","v":"value"}," мес."],"many":["через ",{"t":"idOrVar","v":"value"}," мес."],"one":"в следующем месяце","other":["через ",{"t":"idOrVar","v":"value"}," мес."],"two":["через ",{"t":"idOrVar","v":"value"}," мес."],"zero":"этот месяц"},"$x":[{"t":"idOrVar","v":"plural"},"value"]},{"$i":"years-until-long","$v":{"few":["через ",{"t":"idOrVar","v":"value"}," лет"],"many":["через ",{"t":"idOrVar","v":"value"}," лет"],"one":"следующий год","other":["через ",{"t":"idOrVar","v":"value"}," лет"],"two":["через ",{"t":"idOrVar","v":"value"}," лет"],"zero":"этот год"},"$x":[{"t":"idOrVar","v":"plural"},"value"]},{"$i":"minutes-ago-short","$v":{"other":[{"t":"idOrVar","v":"value"}," мин назад"],"zero":"Сейчас"},"$x":[{"t":"idOrVar","v":"plural"},"value"]},{"$i":"hours-ago-short","$v":{"other":[{"t":"idOrVar","v":"value"}," ч назад"],"zero":"Сейчас"},"$x":[{"t":"idOrVar","v":"plural"},"value"]},{"$i":"days-ago-short","$v":{"other":[{"t":"idOrVar","v":"value"}," д назад"],"zero":"сегодня"},"$x":[{"t":"idOrVar","v":"plural"},"value"]},{"$i":"minutes-until-short","$v":{"other":["через ",{"t":"idOrVar","v":"value"}," мин"],"zero":"сейчас"},"$x":[{"t":"idOrVar","v":"plural"},"value"]},{"$i":"hours-until-short","$v":{"other":["через ",{"t":"idOrVar","v":"value"}," ч"],"zero":"сейчас"},"$x":[{"t":"idOrVar","v":"plural"},"value"]},{"$i":"days-until-short","$v":{"other":["через ",{"t":"idOrVar","v":"value"}," д"],"zero":"сегодня"},"$x":[{"t":"idOrVar","v":"plural"},"value"]},{"$i":"incorrectDate","$v":"(неверная дата)"},{"$i":"dateTimeFormat_%c","$v":"%a %b %e %Y %I:%M:%S %p"},{"$i":"dateTimeFormat_%x","$v":"%m/%d/%Y"},{"$i":"dateTimeFormat_%X","$v":"%I:%M:%S %p"},{"$i":"shortTimeFormat","$v":"%I:%M %p"},{"$i":"shortTimeFormat12","$v":"%I:%M %p"},{"$i":"shortTimeFormat24","$v":"%H:%M"},{"$i":"shortDateTimeFormat","$v":"%x %I:%M %p"},{"$i":"weekStartsOnMonday","$v":"0.0"},{"$i":"firstDayOfTheWeek","$v":"1.0"},{"$i":"time_am","$v":"AM"},{"$i":"time_pm","$v":"PM"}]