[{"$i":"unitconverter","$v":"Prevodník jednotiek"},{"$i":"unit","$v":"Jedn."},{"$i":"clear-all","$v":"Zmazať vš."},{"$i":"ok","$v":"OK"},{"$i":"select","$v":"Zvoliť"},{"$i":"+/-","$v":"+/-"},{"$i":"area","$v":"Plocha"},{"$i":"length","$v":"Dĺžka"},{"$i":"speed","$v":"Rýchlosť"},{"$i":"temperature","$v":"Teplota"},{"$i":"volume","$v":"Množstvo"},{"$i":"weight","$v":"Hmotnosť"},{"$i":"squaremillimeters","$v":"Štvorcový milimeter"},{"$i":"squarecentimeters","$v":"Štvorcový centimeter"},{"$i":"squaremeters","$v":"Štvorcový meter"},{"$i":"ares","$v":"Ár"},{"$i":"hectares","$v":"Hektár"},{"$i":"squarekilometers","$v":"Štvorcový kilometer"},{"$i":"squareinches","$v":"Štvorcový palec"},{"$i":"squarefeet","$v":"Stopa štvorcová"},{"$i":"squareyards","$v":"Štvorcový yard"},{"$i":"squaremiles","$v":"Štvorcová míľa"},{"$i":"acres","$v":"Aker"},{"$i":"millimeter","$v":"mm"},{"$i":"centimeter","$v":"cm"},{"$i":"meter","$v":"m"},{"$i":"kilometer","$v":"km"},{"$i":"inch","$v":"Pal."},{"$i":"feet","$v":"Stopy"},{"$i":"yard","$v":"Yard"},{"$i":"mile","$v":"Míľa"},{"$i":"meters/second","$v":"Meter/sekunda"},{"$i":"kilometer/hour","$v":"km/h"},{"$i":"miles/hour","$v":"Míľa/hodina"},{"$i":"feet/second","$v":"Stopy/s"},{"$i":"knots","$v":"Uzol"},{"$i":"mach","$v":"Mach"},{"$i":"celsius","$v":"Celzius"},{"$i":"fahrenheit","$v":"Fahrenheit"},{"$i":"kelvin","$v":"Kelvin"},{"$i":"newton","$v":"Newton"},{"$i":"delisle","$v":"Delisle"},{"$i":"rankine","$v":"Rankine"},{"$i":"réaumur","$v":"Réaumur"},{"$i":"cubicmillimeter","$v":"Milimeter kubický"},{"$i":"cubiccentimeter","$v":"Centimeter kubický"},{"$i":"cubicmeter","$v":"Meter kubický"},{"$i":"milliliter","$v":"ml"},{"$i":"centiliter","$v":"cl"},{"$i":"liter","$v":"Liter"},{"$i":"cubicinch","$v":"Palec kubický"},{"$i":"cubicfoot","$v":"Stopa kubická"},{"$i":"cubicyard","$v":"Yard kubický"},{"$i":"teaspoon,uk","$v":"Tea Spoon,UK"},{"$i":"tablespoon,uk","$v":"Pol. lyžica, VB"},{"$i":"fluidounce,uk","$v":"Unca (tek.), VB"},{"$i":"cup,uk","$v":"Hrnček, VB"},{"$i":"pint,uk","$v":"Pinta, br."},{"$i":"quart,uk","$v":"Quart, br."},{"$i":"gallon,uk","$v":"Galón,VB"},{"$i":"barrel,uk","$v":"Barel, br."},{"$i":"teaspoon,us","$v":"Čaj. lyžička, USA"},{"$i":"tablespoon,us","$v":"Pol. lyžica, USA"},{"$i":"fluidounce,us","$v":"Unca (tek.), USA"},{"$i":"cup,us","$v":"Hrnček, USA"},{"$i":"pint,us","$v":"Pinta, USA"},{"$i":"quart,us","$v":"Quart, USA"},{"$i":"gallon,us","$v":"Galón, USA"},{"$i":"barrel,us","$v":"Barel, USA"},{"$i":"milligrams","$v":"Miligram"},{"$i":"grams","$v":"Gram"},{"$i":"kilograms","$v":"Kilogram"},{"$i":"tonnes","$v":"Tona"},{"$i":"ounces","$v":"Unca"},{"$i":"pounds","$v":"Libra"},{"$i":"stone,uk","$v":"Kameň, VB"},{"$i":"longton,uk","$v":"Dlhá tona, br."},{"$i":"shortton,us","$v":"Malá tona, USA"},{"$i":"weekday-0-long","$v":"Nedeľa"},{"$i":"weekday-1-long","$v":"Pondelok"},{"$i":"weekday-2-long","$v":"Utorok"},{"$i":"weekday-3-long","$v":"Streda"},{"$i":"weekday-4-long","$v":"Štvrtok"},{"$i":"weekday-5-long","$v":"Piatok"},{"$i":"weekday-6-long","$v":"Sobota"},{"$i":"weekday-0-short","$v":"Ned"},{"$i":"weekday-1-short","$v":"Pon"},{"$i":"weekday-2-short","$v":"Uto"},{"$i":"weekday-3-short","$v":"Str"},{"$i":"weekday-4-short","$v":"Štv"},{"$i":"weekday-5-short","$v":"Pia"},{"$i":"weekday-6-short","$v":"Sob"},{"$i":"month-0-long","$v":"Január"},{"$i":"month-1-long","$v":"Február"},{"$i":"month-2-long","$v":"Marec"},{"$i":"month-3-long","$v":"Apríl"},{"$i":"month-4-long","$v":"Máj"},{"$i":"month-5-long","$v":"Jún"},{"$i":"month-6-long","$v":"Júl"},{"$i":"month-7-long","$v":"August"},{"$i":"month-8-long","$v":"September"},{"$i":"month-9-long","$v":"Október"},{"$i":"month-10-long","$v":"November"},{"$i":"month-11-long","$v":"December"},{"$i":"month-0-genitive","$v":"Január"},{"$i":"month-1-genitive","$v":"Február"},{"$i":"month-2-genitive","$v":"Marec"},{"$i":"month-3-genitive","$v":"Apríl"},{"$i":"month-4-genitive","$v":"Máj"},{"$i":"month-5-genitive","$v":"Jún"},{"$i":"month-6-genitive","$v":"Júl"},{"$i":"month-7-genitive","$v":"August"},{"$i":"month-8-genitive","$v":"September"},{"$i":"month-9-genitive","$v":"Október"},{"$i":"month-10-genitive","$v":"November"},{"$i":"month-11-genitive","$v":"December"},{"$i":"month-0-short","$v":"Jan"},{"$i":"month-1-short","$v":"Feb"},{"$i":"month-2-short","$v":"Mar"},{"$i":"month-3-short","$v":"Apr"},{"$i":"month-4-short","$v":"Máj"},{"$i":"month-5-short","$v":"Jún"},{"$i":"month-6-short","$v":"Júl"},{"$i":"month-7-short","$v":"Aug"},{"$i":"month-8-short","$v":"Sep"},{"$i":"month-9-short","$v":"Okt"},{"$i":"month-10-short","$v":"Nov"},{"$i":"month-11-short","$v":"Dec"},{"$i":"minutes-ago-long","$v":{"few":["Pred počtom min.: ",{"t":"idOrVar","v":"value"}],"many":["Pred počtom min.: ",{"t":"idOrVar","v":"value"}],"other":["Pred počtom min.: ",{"t":"idOrVar","v":"value"}],"two":["Pred počtom min.: ",{"t":"idOrVar","v":"value"}],"one":"pred 1 min.","zero":"práve teraz"},"$x":[{"t":"idOrVar","v":"plural"},"value"]},{"$i":"hours-ago-long","$v":{"few":["Pred počtom hod.: ",{"t":"idOrVar","v":"value"}],"many":["Pred počtom hod.: ",{"t":"idOrVar","v":"value"}],"other":["Pred počtom hod.: ",{"t":"idOrVar","v":"value"}],"two":["Pred počtom hod.: ",{"t":"idOrVar","v":"value"}],"one":"pred 1 hodinou","zero":"práve teraz"},"$x":[{"t":"idOrVar","v":"plural"},"value"]},{"$i":"days-ago-long","$v":{"few":["Pred počtom dní: ",{"t":"idOrVar","v":"value"}],"many":["Pred počtom dní: ",{"t":"idOrVar","v":"value"}],"one":"včera","other":["Pred počtom dní: ",{"t":"idOrVar","v":"value"}],"two":["Pred počtom dní: ",{"t":"idOrVar","v":"value"}],"zero":"dnes"},"$x":[{"t":"idOrVar","v":"plural"},"value"]},{"$i":"weeks-ago-long","$v":{"few":["Pred počtom týžd.: ",{"t":"idOrVar","v":"value"}],"many":["Pred počtom týžd.: ",{"t":"idOrVar","v":"value"}],"one":"min. týždeň","other":["Pred počtom týžd.: ",{"t":"idOrVar","v":"value"}],"two":["Pred počtom týžd.: ",{"t":"idOrVar","v":"value"}],"zero":"tento týždeň"},"$x":[{"t":"idOrVar","v":"plural"},"value"]},{"$i":"months-ago-long","$v":{"few":["Pred počtom mes.: ",{"t":"idOrVar","v":"value"}],"many":["Pred počtom mes.: ",{"t":"idOrVar","v":"value"}],"one":"min. mesiac","other":["Pred počtom mes.: ",{"t":"idOrVar","v":"value"}],"two":["Pred počtom mes.: ",{"t":"idOrVar","v":"value"}],"zero":"tento mesiac"},"$x":[{"t":"idOrVar","v":"plural"},"value"]},{"$i":"years-ago-long","$v":{"few":["Pred počtom rokov: ",{"t":"idOrVar","v":"value"}],"many":["Pred počtom rokov: ",{"t":"idOrVar","v":"value"}],"one":"min. rok","other":["Pred počtom rokov: ",{"t":"idOrVar","v":"value"}],"two":["Pred počtom rokov: ",{"t":"idOrVar","v":"value"}],"zero":"tento rok"},"$x":[{"t":"idOrVar","v":"plural"},"value"]},{"$i":"minutes-until-long","$v":{"few":["o ",{"t":"idOrVar","v":"value"}," min"],"many":["o ",{"t":"idOrVar","v":"value"}," min"],"other":["o ",{"t":"idOrVar","v":"value"}," min"],"two":["o ",{"t":"idOrVar","v":"value"}," min"],"zero":"teraz","one":"za 1 minútu"},"$x":[{"t":"idOrVar","v":"plural"},"value"]},{"$i":"hours-until-long","$v":{"few":["o ",{"t":"idOrVar","v":"value"}," hod."],"many":["o ",{"t":"idOrVar","v":"value"}," hod."],"other":["o ",{"t":"idOrVar","v":"value"}," hod."],"two":["o ",{"t":"idOrVar","v":"value"}," hod."],"zero":"teraz","one":"za 1 hodinu"},"$x":[{"t":"idOrVar","v":"plural"},"value"]},{"$i":"days-until-long","$v":{"few":["o ",{"t":"idOrVar","v":"value"}," d."],"many":["o ",{"t":"idOrVar","v":"value"}," d."],"one":"zajtra","other":["o ",{"t":"idOrVar","v":"value"}," d."],"two":["o ",{"t":"idOrVar","v":"value"}," d."],"zero":"dnes"},"$x":[{"t":"idOrVar","v":"plural"},"value"]},{"$i":"weeks-until-long","$v":{"few":["o ",{"t":"idOrVar","v":"value"}," týžd."],"many":["o ",{"t":"idOrVar","v":"value"}," týžd."],"one":"nasl. týždeň","other":["o ",{"t":"idOrVar","v":"value"}," týžd."],"two":["o ",{"t":"idOrVar","v":"value"}," týžd."],"zero":"tento týždeň"},"$x":[{"t":"idOrVar","v":"plural"},"value"]},{"$i":"months-until-long","$v":{"few":["o ",{"t":"idOrVar","v":"value"}," mes."],"many":["o ",{"t":"idOrVar","v":"value"}," mes."],"one":"nasl. mesiac","other":["o ",{"t":"idOrVar","v":"value"}," mes."],"two":["o ",{"t":"idOrVar","v":"value"}," mes."],"zero":"tento mesiac"},"$x":[{"t":"idOrVar","v":"plural"},"value"]},{"$i":"years-until-long","$v":{"few":["o ",{"t":"idOrVar","v":"value"}," rok."],"many":["o ",{"t":"idOrVar","v":"value"}," rok."],"one":"nasl. rok","other":["o ",{"t":"idOrVar","v":"value"}," rok."],"two":["o ",{"t":"idOrVar","v":"value"}," rok."],"zero":"tento rok"},"$x":[{"t":"idOrVar","v":"plural"},"value"]},{"$i":"minutes-ago-short","$v":{"other":["Pred ",{"t":"idOrVar","v":"value"}," m"],"zero":"práve teraz"},"$x":[{"t":"idOrVar","v":"plural"},"value"]},{"$i":"hours-ago-short","$v":{"other":["Pred ",{"t":"idOrVar","v":"value"}," h"],"zero":"práve teraz"},"$x":[{"t":"idOrVar","v":"plural"},"value"]},{"$i":"days-ago-short","$v":{"other":["Pred ",{"t":"idOrVar","v":"value"}," d"],"zero":"dnes"},"$x":[{"t":"idOrVar","v":"plural"},"value"]},{"$i":"minutes-until-short","$v":{"other":["o ",{"t":"idOrVar","v":"value"}," m"],"zero":"teraz"},"$x":[{"t":"idOrVar","v":"plural"},"value"]},{"$i":"hours-until-short","$v":{"other":["o ",{"t":"idOrVar","v":"value"}," h"],"zero":"teraz"},"$x":[{"t":"idOrVar","v":"plural"},"value"]},{"$i":"days-until-short","$v":{"other":["o ",{"t":"idOrVar","v":"value"}," d"],"zero":"dnes"},"$x":[{"t":"idOrVar","v":"plural"},"value"]},{"$i":"incorrectDate","$v":"(nesprávny dátum)"},{"$i":"dateTimeFormat_%c","$v":"%a %b %e %Y %I:%M:%S %p"},{"$i":"dateTimeFormat_%x","$v":"%m/%d/%Y"},{"$i":"dateTimeFormat_%X","$v":"%I:%M:%S %p"},{"$i":"shortTimeFormat","$v":"%I:%M %p"},{"$i":"shortTimeFormat12","$v":"%I:%M %p"},{"$i":"shortTimeFormat24","$v":"%H:%M"},{"$i":"shortDateTimeFormat","$v":"%x %I:%M %p"},{"$i":"weekStartsOnMonday","$v":"0.0"},{"$i":"firstDayOfTheWeek","$v":"1.0"},{"$i":"time_am","$v":"AM"},{"$i":"time_pm","$v":"PM"}]