[{"$i":"unitconverter","$v":"Pretvornik enot"},{"$i":"unit","$v":"Enota"},{"$i":"clear-all","$v":"Počisti vse"},{"$i":"ok","$v":"V redu"},{"$i":"select","$v":"Izberi"},{"$i":"+/-","$v":"+/-"},{"$i":"area","$v":"Površina"},{"$i":"length","$v":"Dolžina"},{"$i":"speed","$v":"Hitrost"},{"$i":"temperature","$v":"Temperatura"},{"$i":"volume","$v":"Glasnost"},{"$i":"weight","$v":"Teža"},{"$i":"squaremillimeters","$v":"Kvadratni milimeter"},{"$i":"squarecentimeters","$v":"Kvadratni centimeter"},{"$i":"squaremeters","$v":"Kvadratni meter"},{"$i":"ares","$v":"Ar"},{"$i":"hectares","$v":"Hektar"},{"$i":"squarekilometers","$v":"Kvadratni kilometer"},{"$i":"squareinches","$v":"Kvadratni palec"},{"$i":"squarefeet","$v":"Kvadratno stopalo"},{"$i":"squareyards","$v":"Kvadratni jard"},{"$i":"squaremiles","$v":"Kvadratna milja"},{"$i":"acres","$v":"Aker"},{"$i":"millimeter","$v":"Milimeter"},{"$i":"centimeter","$v":"Centimeter"},{"$i":"meter","$v":"Meter"},{"$i":"kilometer","$v":"Kilometer"},{"$i":"inch","$v":"Palec"},{"$i":"feet","$v":"Čevlji"},{"$i":"yard","$v":"Jard"},{"$i":"mile","$v":"Milja"},{"$i":"meters/second","$v":"Metrov/sekundo"},{"$i":"kilometer/hour","$v":"Kilometer/uro"},{"$i":"miles/hour","$v":"Milj/uro"},{"$i":"feet/second","$v":"Čevlji/sekundo"},{"$i":"knots","$v":"Vozel"},{"$i":"mach","$v":"Mach"},{"$i":"celsius","$v":"Celzij"},{"$i":"fahrenheit","$v":"Fahrenheit"},{"$i":"kelvin","$v":"Kelvin"},{"$i":"newton","$v":"Newton"},{"$i":"delisle","$v":"Delisle"},{"$i":"rankine","$v":"Rankine"},{"$i":"réaumur","$v":"Réaumur"},{"$i":"cubicmillimeter","$v":"Kubični milimeter"},{"$i":"cubiccentimeter","$v":"Kubični centimeter"},{"$i":"cubicmeter","$v":"Kubični meter"},{"$i":"milliliter","$v":"Mililiter"},{"$i":"centiliter","$v":"Centiliter"},{"$i":"liter","$v":"Liter"},{"$i":"cubicinch","$v":"Kubični palec"},{"$i":"cubicfoot","$v":"Kubični čevelj"},{"$i":"cubicyard","$v":"Kubični jard"},{"$i":"teaspoon,uk","$v":"Čajna žlička, Združeno kraljestvo"},{"$i":"tablespoon,uk","$v":"Žlica, Združeno kraljestvo"},{"$i":"fluidounce,uk","$v":"Tekočinska unča, Združeno kraljestvo"},{"$i":"cup,uk","$v":"Skodelica, Združeno kraljestvo"},{"$i":"pint,uk","$v":"Pint, Združeno kraljestvo"},{"$i":"quart,uk","$v":"Kvart, Združeno kraljestvo"},{"$i":"gallon,uk","$v":"Galona, Združeno kraljestvo"},{"$i":"barrel,uk","$v":"Sodček, Združeno kraljestvo"},{"$i":"teaspoon,us","$v":"Čajna žlička, ZDA"},{"$i":"tablespoon,us","$v":"Žlica, Združene države"},{"$i":"fluidounce,us","$v":"Tekočinska unča, Združene države"},{"$i":"cup,us","$v":"Skodelica, Združene države"},{"$i":"pint,us","$v":"Pint, Združene države"},{"$i":"quart,us","$v":"Kvart, Združene države"},{"$i":"gallon,us","$v":"Galona, Združene države"},{"$i":"barrel,us","$v":"Sodček, Združene države"},{"$i":"milligrams","$v":"Miligram"},{"$i":"grams","$v":"Gram"},{"$i":"kilograms","$v":"Kilogram"},{"$i":"tonnes","$v":"Tona"},{"$i":"ounces","$v":"Unča"},{"$i":"pounds","$v":"Funt"},{"$i":"stone,uk","$v":"Kamen, UK"},{"$i":"longton,uk","$v":"Angleška tona, Združeno kraljestvo"},{"$i":"shortton,us","$v":"Tona, Združene države"},{"$i":"weekday-0-long","$v":"Nedelja"},{"$i":"weekday-1-long","$v":"Ponedeljek"},{"$i":"weekday-2-long","$v":"Torek"},{"$i":"weekday-3-long","$v":"Sreda"},{"$i":"weekday-4-long","$v":"Četrtek"},{"$i":"weekday-5-long","$v":"Petek"},{"$i":"weekday-6-long","$v":"Sobota"},{"$i":"weekday-0-short","$v":"ned"},{"$i":"weekday-1-short","$v":"pon"},{"$i":"weekday-2-short","$v":"tor"},{"$i":"weekday-3-short","$v":"sre"},{"$i":"weekday-4-short","$v":"čet"},{"$i":"weekday-5-short","$v":"pet"},{"$i":"weekday-6-short","$v":"sob"},{"$i":"month-0-long","$v":"januar"},{"$i":"month-1-long","$v":"februar"},{"$i":"month-2-long","$v":"marec"},{"$i":"month-3-long","$v":"april"},{"$i":"month-4-long","$v":"maj"},{"$i":"month-5-long","$v":"junij"},{"$i":"month-6-long","$v":"julij"},{"$i":"month-7-long","$v":"avgust"},{"$i":"month-8-long","$v":"september"},{"$i":"month-9-long","$v":"oktober"},{"$i":"month-10-long","$v":"november"},{"$i":"month-11-long","$v":"december"},{"$i":"month-0-genitive","$v":"januar"},{"$i":"month-1-genitive","$v":"februar"},{"$i":"month-2-genitive","$v":"marec"},{"$i":"month-3-genitive","$v":"april"},{"$i":"month-4-genitive","$v":"maj"},{"$i":"month-5-genitive","$v":"junij"},{"$i":"month-6-genitive","$v":"julij"},{"$i":"month-7-genitive","$v":"avgust"},{"$i":"month-8-genitive","$v":"september"},{"$i":"month-9-genitive","$v":"oktober"},{"$i":"month-10-genitive","$v":"november"},{"$i":"month-11-genitive","$v":"december"},{"$i":"month-0-short","$v":"jan"},{"$i":"month-1-short","$v":"feb"},{"$i":"month-2-short","$v":"mar"},{"$i":"month-3-short","$v":"apr"},{"$i":"month-4-short","$v":"maj"},{"$i":"month-5-short","$v":"jun"},{"$i":"month-6-short","$v":"jul"},{"$i":"month-7-short","$v":"avg"},{"$i":"month-8-short","$v":"sep"},{"$i":"month-9-short","$v":"okt"},{"$i":"month-10-short","$v":"nov"},{"$i":"month-11-short","$v":"dec"},{"$i":"minutes-ago-long","$v":{"few":["pred ",{"t":"idOrVar","v":"value"}," minutami"],"many":["pred ",{"t":"idOrVar","v":"value"}," minutami"],"other":["pred ",{"t":"idOrVar","v":"value"}," minutami"],"two":["pred ",{"t":"idOrVar","v":"value"}," minutama"],"one":"pred minuto","zero":"pravkar"},"$x":[{"t":"idOrVar","v":"plural"},"value"]},{"$i":"hours-ago-long","$v":{"few":["pred ",{"t":"idOrVar","v":"value"}," urami"],"many":["pred ",{"t":"idOrVar","v":"value"}," urami"],"other":["pred ",{"t":"idOrVar","v":"value"}," urami"],"two":["pred ",{"t":"idOrVar","v":"value"}," urama"],"one":"Pred 1 uro","zero":"pravkar"},"$x":[{"t":"idOrVar","v":"plural"},"value"]},{"$i":"days-ago-long","$v":{"few":["pred ",{"t":"idOrVar","v":"value"}," dnevi"],"many":["pred ",{"t":"idOrVar","v":"value"}," dnevi"],"one":"včeraj","other":["pred ",{"t":"idOrVar","v":"value"}," dnevi"],"two":["pred ",{"t":"idOrVar","v":"value"}," dnevoma"],"zero":"danes"},"$x":[{"t":"idOrVar","v":"plural"},"value"]},{"$i":"weeks-ago-long","$v":{"few":["pred ",{"t":"idOrVar","v":"value"}," tedni"],"many":["pred ",{"t":"idOrVar","v":"value"}," tedni"],"one":"prejšnji teden","other":["pred ",{"t":"idOrVar","v":"value"}," tedni"],"two":["pred ",{"t":"idOrVar","v":"value"}," tednoma"],"zero":"ta teden"},"$x":[{"t":"idOrVar","v":"plural"},"value"]},{"$i":"months-ago-long","$v":{"few":["pred ",{"t":"idOrVar","v":"value"}," meseci"],"many":["pred ",{"t":"idOrVar","v":"value"}," meseci"],"one":"prejšnji mesec","other":["pred ",{"t":"idOrVar","v":"value"}," meseci"],"two":["pred ",{"t":"idOrVar","v":"value"}," mesecema"],"zero":"ta mesec"},"$x":[{"t":"idOrVar","v":"plural"},"value"]},{"$i":"years-ago-long","$v":{"few":["pred ",{"t":"idOrVar","v":"value"}," leti"],"many":["pred ",{"t":"idOrVar","v":"value"}," leti"],"one":"prejšnje leto","other":["pred ",{"t":"idOrVar","v":"value"}," leti"],"two":["pred ",{"t":"idOrVar","v":"value"}," letoma"],"zero":"to leto"},"$x":[{"t":"idOrVar","v":"plural"},"value"]},{"$i":"minutes-until-long","$v":{"few":["čez ",{"t":"idOrVar","v":"value"}," minute"],"many":["čez ",{"t":"idOrVar","v":"value"}," minut"],"other":["čez ",{"t":"idOrVar","v":"value"}," minut"],"two":["čez ",{"t":"idOrVar","v":"value"}," minuti"],"zero":"zdaj","one":"v 1 minuti"},"$x":[{"t":"idOrVar","v":"plural"},"value"]},{"$i":"hours-until-long","$v":{"few":["čez ",{"t":"idOrVar","v":"value"}," ure"],"many":["čez ",{"t":"idOrVar","v":"value"}," ur"],"other":["čez ",{"t":"idOrVar","v":"value"}," ur"],"two":["čez ",{"t":"idOrVar","v":"value"}," uri"],"zero":"zdaj","one":"čez 1 uro"},"$x":[{"t":"idOrVar","v":"plural"},"value"]},{"$i":"days-until-long","$v":{"few":["čez ",{"t":"idOrVar","v":"value"}," dni"],"many":["čez ",{"t":"idOrVar","v":"value"}," dni"],"one":"jutri","other":["čez ",{"t":"idOrVar","v":"value"}," dni"],"two":["čez ",{"t":"idOrVar","v":"value"}," dni"],"zero":"danes"},"$x":[{"t":"idOrVar","v":"plural"},"value"]},{"$i":"weeks-until-long","$v":{"few":["čez ",{"t":"idOrVar","v":"value"}," tedne"],"many":["čez ",{"t":"idOrVar","v":"value"}," tednov"],"one":"naslednji teden","other":["čez ",{"t":"idOrVar","v":"value"}," tednov"],"two":["čez ",{"t":"idOrVar","v":"value"}," tedna"],"zero":"ta teden"},"$x":[{"t":"idOrVar","v":"plural"},"value"]},{"$i":"months-until-long","$v":{"few":["čez ",{"t":"idOrVar","v":"value"}," mesece"],"many":["čez ",{"t":"idOrVar","v":"value"}," mesecev"],"one":"naslednji mesec","other":["čez ",{"t":"idOrVar","v":"value"}," mesecev"],"two":["čez ",{"t":"idOrVar","v":"value"}," meseca"],"zero":"ta mesec"},"$x":[{"t":"idOrVar","v":"plural"},"value"]},{"$i":"years-until-long","$v":{"few":["čez ",{"t":"idOrVar","v":"value"}," leta"],"many":["čez ",{"t":"idOrVar","v":"value"}," let"],"one":"naslednje leto","other":["čez ",{"t":"idOrVar","v":"value"}," let"],"two":["čez ",{"t":"idOrVar","v":"value"}," leti"],"zero":"to leto"},"$x":[{"t":"idOrVar","v":"plural"},"value"]},{"$i":"minutes-ago-short","$v":{"other":["Pred ",{"t":"idOrVar","v":"value"}," m"],"zero":"pravkar"},"$x":[{"t":"idOrVar","v":"plural"},"value"]},{"$i":"hours-ago-short","$v":{"other":["pred ",{"t":"idOrVar","v":"value"}," h"],"zero":"pravkar"},"$x":[{"t":"idOrVar","v":"plural"},"value"]},{"$i":"days-ago-short","$v":{"other":["pred ",{"t":"idOrVar","v":"value"}," d"],"zero":"danes"},"$x":[{"t":"idOrVar","v":"plural"},"value"]},{"$i":"minutes-until-short","$v":{"other":["čez ",{"t":"idOrVar","v":"value"}," m"],"zero":"zdaj"},"$x":[{"t":"idOrVar","v":"plural"},"value"]},{"$i":"hours-until-short","$v":{"other":["čez ",{"t":"idOrVar","v":"value"}," h"],"zero":"zdaj"},"$x":[{"t":"idOrVar","v":"plural"},"value"]},{"$i":"days-until-short","$v":{"other":["čez ",{"t":"idOrVar","v":"value"}," d"],"zero":"danes"},"$x":[{"t":"idOrVar","v":"plural"},"value"]},{"$i":"incorrectDate","$v":"(nepravilen datum)"},{"$i":"dateTimeFormat_%c","$v":"%a %b %e %Y %I.%M.%S %p"},{"$i":"dateTimeFormat_%x","$v":"%m/%d/%Y"},{"$i":"dateTimeFormat_%X","$v":"%I:%M:%S %p"},{"$i":"shortTimeFormat","$v":"%I.%M %p"},{"$i":"shortTimeFormat12","$v":"%I.%M %p"},{"$i":"shortTimeFormat24","$v":"%H.%M"},{"$i":"shortDateTimeFormat","$v":"%x %I.%M %p"},{"$i":"weekStartsOnMonday","$v":"0.0"},{"$i":"firstDayOfTheWeek","$v":"1.0"},{"$i":"time_am","$v":"dop."},{"$i":"time_pm","$v":"pop."}]