[{"$i":"unitconverter","$v":"Birlik konvertori"},{"$i":"unit","$v":"Қисм"},{"$i":"clear-all","$v":"Бар. тозалаш"},{"$i":"ok","$v":"OK"},{"$i":"select","$v":"Танлаш"},{"$i":"+/-","$v":"+/-"},{"$i":"area","$v":"Юза"},{"$i":"length","$v":"Узунлиги"},{"$i":"speed","$v":"Тезлик"},{"$i":"temperature","$v":"Ҳарорат"},{"$i":"volume","$v":"Хажм"},{"$i":"weight","$v":"Оғирлик"},{"$i":"squaremillimeters","$v":"Квадрат миллиметр"},{"$i":"squarecentimeters","$v":"Квадрат сантиметр"},{"$i":"squaremeters","$v":"Квадрат метр"},{"$i":"ares","$v":"Майдон"},{"$i":"hectares","$v":"Гектар"},{"$i":"squarekilometers","$v":"Квадрат километр"},{"$i":"squareinches","$v":"Квадрат дюйм"},{"$i":"squarefeet","$v":"Kvadrat oyoq"},{"$i":"squareyards","$v":"Квадрат ярд"},{"$i":"squaremiles","$v":"Квадрат мил"},{"$i":"acres","$v":"Акр"},{"$i":"millimeter","$v":"Миллиметр"},{"$i":"centimeter","$v":"Сантиметр"},{"$i":"meter","$v":"Метр"},{"$i":"kilometer","$v":"Километр"},{"$i":"inch","$v":"Дюйм"},{"$i":"feet","$v":"Фут"},{"$i":"yard","$v":"Ярд"},{"$i":"mile","$v":"Миля"},{"$i":"meters/second","$v":"Метр/сония"},{"$i":"kilometer/hour","$v":"Километр/соат"},{"$i":"miles/hour","$v":"Миля/соат"},{"$i":"feet/second","$v":"Фут/сония"},{"$i":"knots","$v":"Узел"},{"$i":"mach","$v":"Мах"},{"$i":"celsius","$v":"Цельсий"},{"$i":"fahrenheit","$v":"Фаренгейт"},{"$i":"kelvin","$v":"Кельвин"},{"$i":"newton","$v":"Ньютон"},{"$i":"delisle","$v":"Етказиш"},{"$i":"rankine","$v":"Ранкин"},{"$i":"réaumur","$v":"Реомюр"},{"$i":"cubicmillimeter","$v":"Куб мм"},{"$i":"cubiccentimeter","$v":"Куб сантиметр"},{"$i":"cubicmeter","$v":"Куб метр"},{"$i":"milliliter","$v":"Миллилитр"},{"$i":"centiliter","$v":"Сантилитр"},{"$i":"liter","$v":"Литр"},{"$i":"cubicinch","$v":"Куб дюйм"},{"$i":"cubicfoot","$v":"Куб фут"},{"$i":"cubicyard","$v":"Куб ярд"},{"$i":"teaspoon,uk","$v":"Tea Spoon,ББ"},{"$i":"tablespoon,uk","$v":"Бир қошиқ,ББ"},{"$i":"fluidounce,uk","$v":"Суюқлик унцияси,ББ"},{"$i":"cup,uk","$v":"Чашка,ББ"},{"$i":"pint,uk","$v":"Пинта,ББ"},{"$i":"quart,uk","$v":"Кварта,ББ"},{"$i":"gallon,uk","$v":"Галлон,ББ"},{"$i":"barrel,uk","$v":"Баррел,ББ"},{"$i":"teaspoon,us","$v":"Бир қошиқча,АҚШ"},{"$i":"tablespoon,us","$v":"Бир қошиқ,АҚШ"},{"$i":"fluidounce,us","$v":"Суюқлик унцияси,АҚШ"},{"$i":"cup,us","$v":"Чашка,АҚШ"},{"$i":"pint,us","$v":"Пинта,АҚШ"},{"$i":"quart,us","$v":"Кварта,АҚШ"},{"$i":"gallon,us","$v":"Галлон,АҚШ"},{"$i":"barrel,us","$v":"Баррел,АҚШ"},{"$i":"milligrams","$v":"Миллиграмм"},{"$i":"grams","$v":"Грамм"},{"$i":"kilograms","$v":"Килограмм"},{"$i":"tonnes","$v":"Тонна"},{"$i":"ounces","$v":"Унция"},{"$i":"pounds","$v":"Фунт"},{"$i":"stone,uk","$v":"Стоун,ББ"},{"$i":"longton,uk","$v":"Узун тонна,ББ"},{"$i":"shortton,us","$v":"Қисқа тонна,АҚШ"},{"$i":"weekday-0-long","$v":"Якшанба"},{"$i":"weekday-1-long","$v":"Душанба"},{"$i":"weekday-2-long","$v":"Сешанба"},{"$i":"weekday-3-long","$v":"Чоршанба"},{"$i":"weekday-4-long","$v":"Пайшанба"},{"$i":"weekday-5-long","$v":"Жума"},{"$i":"weekday-6-long","$v":"Шанба"},{"$i":"weekday-0-short","$v":"Якш"},{"$i":"weekday-1-short","$v":"Душ"},{"$i":"weekday-2-short","$v":"Сеш"},{"$i":"weekday-3-short","$v":"Чор"},{"$i":"weekday-4-short","$v":"Пай"},{"$i":"weekday-5-short","$v":"Жум"},{"$i":"weekday-6-short","$v":"Шан"},{"$i":"month-0-long","$v":"Январ"},{"$i":"month-1-long","$v":"Феврал"},{"$i":"month-2-long","$v":"Март"},{"$i":"month-3-long","$v":"Апрель"},{"$i":"month-4-long","$v":"Май"},{"$i":"month-5-long","$v":"Июн"},{"$i":"month-6-long","$v":"Июл"},{"$i":"month-7-long","$v":"Август"},{"$i":"month-8-long","$v":"Сентябр"},{"$i":"month-9-long","$v":"Октябр"},{"$i":"month-10-long","$v":"Ноябр"},{"$i":"month-11-long","$v":"Декабр"},{"$i":"month-0-genitive","$v":"Январь"},{"$i":"month-1-genitive","$v":"Февраль"},{"$i":"month-2-genitive","$v":"Март"},{"$i":"month-3-genitive","$v":"Апрель"},{"$i":"month-4-genitive","$v":"Май"},{"$i":"month-5-genitive","$v":"Июнь"},{"$i":"month-6-genitive","$v":"Июль"},{"$i":"month-7-genitive","$v":"Август"},{"$i":"month-8-genitive","$v":"Сентябрь"},{"$i":"month-9-genitive","$v":"Октябрь"},{"$i":"month-10-genitive","$v":"Ноябрь"},{"$i":"month-11-genitive","$v":"Декабрь"},{"$i":"month-0-short","$v":"Янв"},{"$i":"month-1-short","$v":"Фев"},{"$i":"month-2-short","$v":"Мар"},{"$i":"month-3-short","$v":"Апр"},{"$i":"month-4-short","$v":"Май"},{"$i":"month-5-short","$v":"Июн"},{"$i":"month-6-short","$v":"Июл"},{"$i":"month-7-short","$v":"Авг"},{"$i":"month-8-short","$v":"Сен"},{"$i":"month-9-short","$v":"Окт"},{"$i":"month-10-short","$v":"Ноя"},{"$i":"month-11-short","$v":"Дек"},{"$i":"minutes-ago-long","$v":{"few":[{"t":"idOrVar","v":"value"}," дақиқа олдин"],"many":[{"t":"idOrVar","v":"value"}," дақиқа олдин"],"other":[{"t":"idOrVar","v":"value"}," дақиқа олдин"],"two":[{"t":"idOrVar","v":"value"}," дақиқа олдин"],"one":"бир дақиқа аввал","zero":"ҳозиргина"},"$x":[{"t":"idOrVar","v":"plural"},"value"]},{"$i":"hours-ago-long","$v":{"few":[{"t":"idOrVar","v":"value"}," соат олдин"],"many":[{"t":"idOrVar","v":"value"}," соат олдин"],"other":[{"t":"idOrVar","v":"value"}," соат олдин"],"two":[{"t":"idOrVar","v":"value"}," соат олдин"],"one":"1 soat avval","zero":"ҳозиргина"},"$x":[{"t":"idOrVar","v":"plural"},"value"]},{"$i":"days-ago-long","$v":{"few":[{"t":"idOrVar","v":"value"}," кун олдин"],"many":[{"t":"idOrVar","v":"value"}," кун олдин"],"one":"кеча","other":[{"t":"idOrVar","v":"value"}," кун олдин"],"two":[{"t":"idOrVar","v":"value"}," кун олдин"],"zero":"бугун"},"$x":[{"t":"idOrVar","v":"plural"},"value"]},{"$i":"weeks-ago-long","$v":{"few":[{"t":"idOrVar","v":"value"}," ҳафта олдин"],"many":[{"t":"idOrVar","v":"value"}," ҳафта олдин"],"one":"ўтган ҳафта","other":[{"t":"idOrVar","v":"value"}," ҳафта олдин"],"two":[{"t":"idOrVar","v":"value"}," ҳафта олдин"],"zero":"шу ҳафта"},"$x":[{"t":"idOrVar","v":"plural"},"value"]},{"$i":"months-ago-long","$v":{"few":[{"t":"idOrVar","v":"value"}," ой олдин"],"many":[{"t":"idOrVar","v":"value"}," ой олдин"],"one":"ўтган ой","other":[{"t":"idOrVar","v":"value"}," ой олдин"],"two":[{"t":"idOrVar","v":"value"}," ой олдин"],"zero":"бу ой"},"$x":[{"t":"idOrVar","v":"plural"},"value"]},{"$i":"years-ago-long","$v":{"few":[{"t":"idOrVar","v":"value"}," йил олдин"],"many":[{"t":"idOrVar","v":"value"}," йил олдин"],"one":"ўтган йил","other":[{"t":"idOrVar","v":"value"}," йил олдин"],"two":[{"t":"idOrVar","v":"value"}," йил олдин"],"zero":"шу йил"},"$x":[{"t":"idOrVar","v":"plural"},"value"]},{"$i":"minutes-until-long","$v":{"few":[{"t":"idOrVar","v":"value"}," дақиқада"],"many":[{"t":"idOrVar","v":"value"}," дақиқада"],"other":[{"t":"idOrVar","v":"value"}," дақиқада"],"two":[{"t":"idOrVar","v":"value"}," дақиқада"],"zero":"ҳозир","one":"1 daqiqada"},"$x":[{"t":"idOrVar","v":"plural"},"value"]},{"$i":"hours-until-long","$v":{"few":[{"t":"idOrVar","v":"value"}," соатда"],"many":[{"t":"idOrVar","v":"value"}," соатда"],"other":[{"t":"idOrVar","v":"value"}," соатда"],"two":[{"t":"idOrVar","v":"value"}," соатда"],"zero":"ҳозир","one":"1 soat ichida"},"$x":[{"t":"idOrVar","v":"plural"},"value"]},{"$i":"days-until-long","$v":{"few":[{"t":"idOrVar","v":"value"}," кунда"],"many":[{"t":"idOrVar","v":"value"}," кунда"],"one":"эртага","other":[{"t":"idOrVar","v":"value"}," кунда"],"two":[{"t":"idOrVar","v":"value"}," кунда"],"zero":"бугун"},"$x":[{"t":"idOrVar","v":"plural"},"value"]},{"$i":"weeks-until-long","$v":{"few":[{"t":"idOrVar","v":"value"}," ҳафтада"],"many":[{"t":"idOrVar","v":"value"}," ҳафтада"],"one":"кейинги ҳафта","other":[{"t":"idOrVar","v":"value"}," ҳафтада"],"two":[{"t":"idOrVar","v":"value"}," ҳафтада"],"zero":"шу ҳафта"},"$x":[{"t":"idOrVar","v":"plural"},"value"]},{"$i":"months-until-long","$v":{"few":[{"t":"idOrVar","v":"value"}," ойда"],"many":[{"t":"idOrVar","v":"value"}," ойда"],"one":"кейинги ой","other":[{"t":"idOrVar","v":"value"}," ойда"],"two":[{"t":"idOrVar","v":"value"}," ойда"],"zero":"бу ой"},"$x":[{"t":"idOrVar","v":"plural"},"value"]},{"$i":"years-until-long","$v":{"few":[{"t":"idOrVar","v":"value"}," йилда"],"many":[{"t":"idOrVar","v":"value"}," йилда"],"one":"кейинги йил","other":[{"t":"idOrVar","v":"value"}," йилда"],"two":[{"t":"idOrVar","v":"value"}," йилда"],"zero":"шу йил"},"$x":[{"t":"idOrVar","v":"plural"},"value"]},{"$i":"minutes-ago-short","$v":{"other":[{"t":"idOrVar","v":"value"},"д олдин"],"zero":"ҳозиргина"},"$x":[{"t":"idOrVar","v":"plural"},"value"]},{"$i":"hours-ago-short","$v":{"other":[{"t":"idOrVar","v":"value"},"с олдин"],"zero":"ҳозиргина"},"$x":[{"t":"idOrVar","v":"plural"},"value"]},{"$i":"days-ago-short","$v":{"other":[{"t":"idOrVar","v":"value"},"к олдин"],"zero":"бугун"},"$x":[{"t":"idOrVar","v":"plural"},"value"]},{"$i":"minutes-until-short","$v":{"other":[{"t":"idOrVar","v":"value"},"д"],"zero":"ҳозир"},"$x":[{"t":"idOrVar","v":"plural"},"value"]},{"$i":"hours-until-short","$v":{"other":[{"t":"idOrVar","v":"value"},"с"],"zero":"ҳозир"},"$x":[{"t":"idOrVar","v":"plural"},"value"]},{"$i":"days-until-short","$v":{"other":[{"t":"idOrVar","v":"value"},"к"],"zero":"бугун"},"$x":[{"t":"idOrVar","v":"plural"},"value"]},{"$i":"incorrectDate","$v":"(сана хато)"},{"$i":"dateTimeFormat_%c","$v":"%a %b %e %Y %I:%M:%S %p"},{"$i":"dateTimeFormat_%x","$v":"%m/%d/%Y"},{"$i":"dateTimeFormat_%X","$v":"%I:%M:%S %p"},{"$i":"shortTimeFormat","$v":"%I:%M %p"},{"$i":"shortTimeFormat12","$v":"%I:%M %p"},{"$i":"shortTimeFormat24","$v":"%H:%M"},{"$i":"shortDateTimeFormat","$v":"%x %I:%M %p"},{"$i":"weekStartsOnMonday","$v":"0.0"},{"$i":"firstDayOfTheWeek","$v":"1.0"},{"$i":"time_am","$v":"ТО"},{"$i":"time_pm","$v":"ТК"}]