[{"$i":"unitconverter","$v":"Isiguquleli seyunithi"},{"$i":"unit","$v":"I-unithi"},{"$i":"clear-all","$v":"Sula konke"},{"$i":"ok","$v":"KULUNGILE"},{"$i":"select","$v":"Khetha"},{"$i":"+/-","$v":"+/-"},{"$i":"area","$v":"Indawo"},{"$i":"length","$v":"Ubude"},{"$i":"speed","$v":"Ijubane"},{"$i":"temperature","$v":"Izinga lokushisa"},{"$i":"volume","$v":"Ivolumu"},{"$i":"weight","$v":"isisindo"},{"$i":"squaremillimeters","$v":"I-Square Millimeter"},{"$i":"squarecentimeters","$v":"I-Square Centimeter"},{"$i":"squaremeters","$v":"I-Square Meter"},{"$i":"ares","$v":"I-Are"},{"$i":"hectares","$v":"I-Hectare"},{"$i":"squarekilometers","$v":"I-Square Kilometer"},{"$i":"squareinches","$v":"I-Square Inch"},{"$i":"squarefeet","$v":"I-Square Feet"},{"$i":"squareyards","$v":"I-Square Yard"},{"$i":"squaremiles","$v":"I-Square Mile"},{"$i":"acres","$v":"I-Acre"},{"$i":"millimeter","$v":"I-Millimeter"},{"$i":"centimeter","$v":"I-Centimeter"},{"$i":"meter","$v":"Imitha"},{"$i":"kilometer","$v":"Ama-Kilometer"},{"$i":"inch","$v":"I-Inch"},{"$i":"feet","$v":"I-Feet"},{"$i":"yard","$v":"Iyadi"},{"$i":"mile","$v":"Imayela"},{"$i":"meters/second","$v":"Imitha/Okwesibili"},{"$i":"kilometer/hour","$v":"I-Kilometer/Hour"},{"$i":"miles/hour","$v":"Imayela/Ihora"},{"$i":"feet/second","$v":"I-Feet/Second"},{"$i":"knots","$v":"I-Knot"},{"$i":"mach","$v":"I-Mach"},{"$i":"celsius","$v":"I-Celsius"},{"$i":"fahrenheit","$v":"I-Fahrenheit"},{"$i":"kelvin","$v":"I-Kelvin"},{"$i":"newton","$v":"I-Newton"},{"$i":"delisle","$v":"I-Delisle"},{"$i":"rankine","$v":"I-Rankine"},{"$i":"réaumur","$v":"I-Réaumur"},{"$i":"cubicmillimeter","$v":"I-Cubic Millimeter"},{"$i":"cubiccentimeter","$v":"I-Cubic Centimeter"},{"$i":"cubicmeter","$v":"I-Cubic Meter"},{"$i":"milliliter","$v":"I-Milliliter"},{"$i":"centiliter","$v":"I-Centiliter"},{"$i":"liter","$v":"I-Liter"},{"$i":"cubicinch","$v":"I-Cubic Inch"},{"$i":"cubicfoot","$v":"I-Cubic Foot"},{"$i":"cubicyard","$v":"I-Cubic Yard"},{"$i":"teaspoon,uk","$v":"I-Tea Spoon,UK"},{"$i":"tablespoon,uk","$v":"I-Table Spoon,UK"},{"$i":"fluidounce,uk","$v":"I-Fluid Ounce,UK"},{"$i":"cup,uk","$v":"I-Cup,UK"},{"$i":"pint,uk","$v":"I-Pint,UK"},{"$i":"quart,uk","$v":"I-Quart,UK"},{"$i":"gallon,uk","$v":"I-Gallon,UK"},{"$i":"barrel,uk","$v":"I-Barrel,UK"},{"$i":"teaspoon,us","$v":"I-Tea Spoon,US"},{"$i":"tablespoon,us","$v":"I-Table Spoon,US"},{"$i":"fluidounce,us","$v":"I-Fluid Ounce,US"},{"$i":"cup,us","$v":"I-Cup,US"},{"$i":"pint,us","$v":"I-Pint,US"},{"$i":"quart,us","$v":"I-Quart,US"},{"$i":"gallon,us","$v":"I-Gallon,US"},{"$i":"barrel,us","$v":"I-Barrel,US"},{"$i":"milligrams","$v":"I-Milligram"},{"$i":"grams","$v":"I-Gram"},{"$i":"kilograms","$v":"I-Kilogram"},{"$i":"tonnes","$v":"I-Tonne"},{"$i":"ounces","$v":"I-Ounce"},{"$i":"pounds","$v":"Iphawundi"},{"$i":"stone,uk","$v":"I-Stone,UK"},{"$i":"longton,uk","$v":"I-Long Ton,UK"},{"$i":"shortton,us","$v":"I-Short Ton,US"},{"$i":"weekday-0-long","$v":"ISonto"},{"$i":"weekday-1-long","$v":"UMsombuluko"},{"$i":"weekday-2-long","$v":"ULwesibili"},{"$i":"weekday-3-long","$v":"ULwesithathu"},{"$i":"weekday-4-long","$v":"ULwesine"},{"$i":"weekday-5-long","$v":"ULwesihlanu"},{"$i":"weekday-6-long","$v":"UMgqibelo"},{"$i":"weekday-0-short","$v":"Isonto"},{"$i":"weekday-1-short","$v":"Mso"},{"$i":"weekday-2-short","$v":"Lwbl"},{"$i":"weekday-3-short","$v":"Lwth"},{"$i":"weekday-4-short","$v":"Lwesn"},{"$i":"weekday-5-short","$v":"Lwshl"},{"$i":"weekday-6-short","$v":"Mgq"},{"$i":"month-0-long","$v":"Januwari"},{"$i":"month-1-long","$v":"Febhuwari"},{"$i":"month-2-long","$v":"Mashi"},{"$i":"month-3-long","$v":"Ephreli"},{"$i":"month-4-long","$v":"Meyi"},{"$i":"month-5-long","$v":"Juni"},{"$i":"month-6-long","$v":"Julayi"},{"$i":"month-7-long","$v":"Agasti"},{"$i":"month-8-long","$v":"Septhemba"},{"$i":"month-9-long","$v":"Okthoba"},{"$i":"month-10-long","$v":"Novemba"},{"$i":"month-11-long","$v":"Disemba"},{"$i":"month-0-genitive","$v":"Januwari"},{"$i":"month-1-genitive","$v":"Febhuwari"},{"$i":"month-2-genitive","$v":"Mashi"},{"$i":"month-3-genitive","$v":"Ephreli"},{"$i":"month-4-genitive","$v":"Meyi"},{"$i":"month-5-genitive","$v":"Juni"},{"$i":"month-6-genitive","$v":"Julayi"},{"$i":"month-7-genitive","$v":"Agasti"},{"$i":"month-8-genitive","$v":"Septhemba"},{"$i":"month-9-genitive","$v":"Okthoba"},{"$i":"month-10-genitive","$v":"Novemba"},{"$i":"month-11-genitive","$v":"Disemba"},{"$i":"month-0-short","$v":"Jan"},{"$i":"month-1-short","$v":"Feb"},{"$i":"month-2-short","$v":"Mas"},{"$i":"month-3-short","$v":"Ephr"},{"$i":"month-4-short","$v":"Meyi"},{"$i":"month-5-short","$v":"Jun"},{"$i":"month-6-short","$v":"Jul"},{"$i":"month-7-short","$v":"Aga"},{"$i":"month-8-short","$v":"Sep"},{"$i":"month-9-short","$v":"Okt"},{"$i":"month-10-short","$v":"Nov"},{"$i":"month-11-short","$v":"Dis"},{"$i":"minutes-ago-long","$v":{"few":[{"t":"idOrVar","v":"value"}," imizuzu edlule"],"many":[{"t":"idOrVar","v":"value"}," imizuzu edlule"],"other":[{"t":"idOrVar","v":"value"}," imizuzu edlule"],"two":[{"t":"idOrVar","v":"value"}," imizuzu edlule"],"one":"Umzuzu odlule","zero":"Manje"},"$x":[{"t":"idOrVar","v":"plural"},"value"]},{"$i":"hours-ago-long","$v":{"few":[{"t":"idOrVar","v":"value"}," amahora adlule"],"many":[{"t":"idOrVar","v":"value"}," amahora adlule"],"other":[{"t":"idOrVar","v":"value"}," amahora adlule"],"two":[{"t":"idOrVar","v":"value"}," amahora adlule"],"one":"ihora elidlule","zero":"Manje"},"$x":[{"t":"idOrVar","v":"plural"},"value"]},{"$i":"days-ago-long","$v":{"few":[{"t":"idOrVar","v":"value"}," izinsuku ezidlule"],"many":[{"t":"idOrVar","v":"value"}," izinsuku ezidlule"],"one":"izolo","other":[{"t":"idOrVar","v":"value"}," izinsuku ezidlule"],"two":[{"t":"idOrVar","v":"value"}," izinsuku ezidlule"],"zero":"namuhla"},"$x":[{"t":"idOrVar","v":"plural"},"value"]},{"$i":"weeks-ago-long","$v":{"few":[{"t":"idOrVar","v":"value"}," amaviki adlule"],"many":[{"t":"idOrVar","v":"value"}," amaviki adlule"],"one":"iviki eledlule","other":[{"t":"idOrVar","v":"value"}," amaviki adlule"],"two":[{"t":"idOrVar","v":"value"}," amaviki adlule"],"zero":"kuleli viki"},"$x":[{"t":"idOrVar","v":"plural"},"value"]},{"$i":"months-ago-long","$v":{"few":[{"t":"idOrVar","v":"value"}," izinyanga ezidlule"],"many":[{"t":"idOrVar","v":"value"}," izinyanga ezidlule"],"one":"inyanga edlule","other":[{"t":"idOrVar","v":"value"}," izinyanga ezidlule"],"two":[{"t":"idOrVar","v":"value"}," izinyanga ezidlule"],"zero":"kule nyanga"},"$x":[{"t":"idOrVar","v":"plural"},"value"]},{"$i":"years-ago-long","$v":{"few":[{"t":"idOrVar","v":"value"}," iminyaka edlule"],"many":[{"t":"idOrVar","v":"value"}," iminyaka edlule"],"one":"ngonyaka odlule","other":[{"t":"idOrVar","v":"value"}," iminyaka edlule"],"two":[{"t":"idOrVar","v":"value"}," iminyaka edlule"],"zero":"kulo nyaka"},"$x":[{"t":"idOrVar","v":"plural"},"value"]},{"$i":"minutes-until-long","$v":{"few":["emizuzwini engu ",{"t":"idOrVar","v":"value"}],"many":["emizuzwini engu ",{"t":"idOrVar","v":"value"}],"other":["emizuzwini engu ",{"t":"idOrVar","v":"value"}],"two":["emizuzwini engu ",{"t":"idOrVar","v":"value"}],"zero":"manje","one":"Ngemva komzuzu"},"$x":[{"t":"idOrVar","v":"plural"},"value"]},{"$i":"hours-until-long","$v":{"few":["emahoreni angu ",{"t":"idOrVar","v":"value"}],"many":["emahoreni angu ",{"t":"idOrVar","v":"value"}],"other":["emahoreni angu ",{"t":"idOrVar","v":"value"}],"two":["emahoreni angu ",{"t":"idOrVar","v":"value"}],"zero":"manje","one":"Ngemva kwehora"},"$x":[{"t":"idOrVar","v":"plural"},"value"]},{"$i":"days-until-long","$v":{"few":["Ezinsukwini ezingu ",{"t":"idOrVar","v":"value"}],"many":["Ezinsukwini ezingu ",{"t":"idOrVar","v":"value"}],"one":"kusasa","other":["Ezinsukwini ezingu ",{"t":"idOrVar","v":"value"}],"two":["Ezinsukwini ezingu ",{"t":"idOrVar","v":"value"}],"zero":"namuhla"},"$x":[{"t":"idOrVar","v":"plural"},"value"]},{"$i":"weeks-until-long","$v":{"few":["emavikini angu ",{"t":"idOrVar","v":"value"}],"many":["emavikini angu ",{"t":"idOrVar","v":"value"}],"one":"ngeviki elizayo","other":["emavikini angu ",{"t":"idOrVar","v":"value"}],"two":["emavikini angu ",{"t":"idOrVar","v":"value"}],"zero":"kuleli viki"},"$x":[{"t":"idOrVar","v":"plural"},"value"]},{"$i":"months-until-long","$v":{"few":["ezinyangeni ezingu ",{"t":"idOrVar","v":"value"}],"many":["ezinyangeni ezingu ",{"t":"idOrVar","v":"value"}],"one":"ngenyanga ezayo","other":["ezinyangeni ezingu ",{"t":"idOrVar","v":"value"}],"two":["ezinyangeni ezingu ",{"t":"idOrVar","v":"value"}],"zero":"kule nyanga"},"$x":[{"t":"idOrVar","v":"plural"},"value"]},{"$i":"years-until-long","$v":{"few":["eminyakeni engu ",{"t":"idOrVar","v":"value"}],"many":["eminyakeni engu ",{"t":"idOrVar","v":"value"}],"one":"ngonyaka ozayo","other":["eminyakeni engu ",{"t":"idOrVar","v":"value"}],"two":["eminyakeni engu ",{"t":"idOrVar","v":"value"}],"zero":"kulo nyaka"},"$x":[{"t":"idOrVar","v":"plural"},"value"]},{"$i":"minutes-ago-short","$v":{"other":[{"t":"idOrVar","v":"value"}," umzuzu odlule"],"zero":"Manje"},"$x":[{"t":"idOrVar","v":"plural"},"value"]},{"$i":"hours-ago-short","$v":{"other":[{"t":"idOrVar","v":"value"}," ihora elidlule"],"zero":"Manje"},"$x":[{"t":"idOrVar","v":"plural"},"value"]},{"$i":"days-ago-short","$v":{"other":[{"t":"idOrVar","v":"value"}," usuku oludlule"],"zero":"namuhla"},"$x":[{"t":"idOrVar","v":"plural"},"value"]},{"$i":"minutes-until-short","$v":{"other":["Ngemva kwemizuzu engu ",{"t":"idOrVar","v":"value"}],"zero":"manje"},"$x":[{"t":"idOrVar","v":"plural"},"value"]},{"$i":"hours-until-short","$v":{"other":["Ngehora ",{"t":"idOrVar","v":"value"}],"zero":"manje"},"$x":[{"t":"idOrVar","v":"plural"},"value"]},{"$i":"days-until-short","$v":{"other":["osukwini ",{"t":"idOrVar","v":"value"}],"zero":"namuhla"},"$x":[{"t":"idOrVar","v":"plural"},"value"]},{"$i":"incorrectDate","$v":"(Usuku olunganembile)"},{"$i":"dateTimeFormat_%c","$v":"%a %b %e %Y %I:%M:%S %p"},{"$i":"dateTimeFormat_%x","$v":"%m/%d/%Y"},{"$i":"dateTimeFormat_%X","$v":"%I:%M:%S %p"},{"$i":"shortTimeFormat","$v":"%I:%M %p"},{"$i":"shortTimeFormat12","$v":"%I:%M %p"},{"$i":"shortTimeFormat24","$v":"%H:%M"},{"$i":"shortDateTimeFormat","$v":"%x %I:%M %p"},{"$i":"weekStartsOnMonday","$v":"0.0"},{"$i":"firstDayOfTheWeek","$v":"0.0"},{"$i":"time_am","$v":"AM"},{"$i":"time_pm","$v":"PM"}]