[{"$i":"wifi","$v":"Kies 'n netwerk"},{"$i":"ssid","$v":"SSID"},{"$i":"no-wifi-found","$v":"Geen beskikbare netwerke nie"},{"$i":"wifi-searching","$v":"Soek netwerke"},{"$i":"security-open","$v":"Maak oop"},{"$i":"shortStatus-connecting","$v":"Verbind tans"},{"$i":"shortStatus-associated","$v":"Verkry tans IP-adres"},{"$i":"shortStatus-authenticating","$v":"Staaf tans"},{"$i":"shortStatus-connected","$v":"Gekoppel"},{"$i":"shortStatus-associationreject","$v":"Verbinding het misluk"},{"$i":"shortStatus-disconnected","$v":"Van lyn af"},{"$i":"shortStatus-connected-no-internet","$v":"Verbind, geen Internet nie"},{"$i":"shortStatus-dhcpfailed","$v":"IP het misluk"},{"$i":"shortStatus-authenticationfailed","$v":"Verkeerde wagwoord"},{"$i":"securityWEP","$v":"BEP"},{"$i":"securityWPA-PSK","$v":"WBT-VGS"},{"$i":"securityWPA-EAP","$v":"WBT-"},{"$i":"securityWPA2-PSK","$v":"WBT2-VGS"},{"$i":"securityWPA/WPA2-PSK","$v":"WBT/WBT2-VGS"},{"$i":"securedBy","$v":[{"t":"idOrVar","v":"capabilities"}]},{"$i":"securedByWay","$v":["Beskerm deur ",{"t":"idOrVar","v":"capabilities"}]},{"$i":"security","$v":"Sekuriteit"},{"$i":"signalStrength","$v":"Seinsterkte:"},{"$i":"signalLevel0","$v":"Baie swak"},{"$i":"signalLevel1","$v":"Swak"},{"$i":"signalLevel2","$v":"Gemiddeld"},{"$i":"signalLevel3","$v":"Goed"},{"$i":"signalLevel4","$v":"Baie goed"},{"$i":"ipAddress","$v":"IP-adres"},{"$i":"linkSpeed","$v":"Koppelspoed"},{"$i":"linkSpeedMbs","$v":[{"t":"idOrVar","v":"linkSpeed"}," Mbis/s"]},{"$i":"wifi-rescan","$v":"Skandeer weer"},{"$i":"wifi-join-fail","$v":["Nie instaat om by netwerk aan te sluit nie ",{"t":"idOrVar","v":"n"},"."]},{"$i":"wifi-connect-fail","$v":["Verkeerde wagwoord vir ",{"t":"idOrVar","v":"n"},"."]},{"$i":"wifi-connect-fail-username-or-password","$v":["Gebruikersnaam of wagwoord verkeerd vir ",{"t":"idOrVar","v":"n"},"."]},{"$i":"wifi-ip-set-fail","$v":"IP-instellings het misluk."},{"$i":"wifi-pw-length-error","$v":"Wagwoord lengte moet meer as 8 karakters wees."},{"$i":"password","$v":"Wagwoord"},{"$i":"showPassword","$v":"Wys wagwoord"},{"$i":"connect","$v":"Verbind"},{"$i":"rescanCompleted","$v":"Klaar herskandeer."},{"$i":"eap-method","$v":"EAP-metode"},{"$i":"phase-authentication","$v":"Fase 2 verifikasie"},{"$i":"server-certificate","$v":"Bedienersertifikaat"},{"$i":"username","$v":"Gebruikersnaam"},{"$i":"eap-sim","$v":"SIM"},{"$i":"eap-aka","$v":"AKA"},{"$i":"eap-peap","$v":"PEAP"},{"$i":"eap-ttls","$v":"TTLS"},{"$i":"eap-akae","$v":"AKA'"},{"$i":"sim1","$v":"SIM1"},{"$i":"sim2","$v":"SIM2"},{"$i":"auth-with","$v":"Bekragtig met"},{"$i":"sim-carrier-text","$v":["SIM",{"t":"idOrVar","v":"index"}," - ",{"t":"idOrVar","v":"carrierName"}]},{"$i":"auth-phase2-no","$v":"Nee"},{"$i":"auth-phase2-pap","$v":"PAP"},{"$i":"auth-phase2-mschap","$v":"MSCHAP"},{"$i":"auth-phase2-mschapv2","$v":"MSCHAP V2"},{"$i":"auth-phase2-gtc","$v":"GTC"},{"$i":"server-certificate-none","$v":"--"},{"$i":"failedToConnect","$v":"Kon nie verbind nie"},{"$i":"select","$v":"Kies"},{"$i":"skip","$v":"Slaan oor"},{"$i":"next","$v":"Volgende"},{"$i":"accept","$v":"Aanvaar"},{"$i":"cancel","$v":"Kanselleer"},{"$i":"ok","$v":"Goed"},{"$i":"notNow","$v":"Nie nou nie"},{"$i":"forget","$v":"Vergeet"},{"$i":"confirmation","$v":"Bevestiging"},{"$i":"forget-network","$v":"Vergeet netwerk?"},{"$i":"network-forgotten","$v":"Netwerk is vergete."},{"$i":"hfa","$v":"HFA"},{"$i":"setup-phone-verification","$v":"Foon Verifikasie"},{"$i":"phone-verification-entry-message","$v":"Stel ‘n rekening op deur jou nommer te verifieer om toegang tot die winkel en bykomende dienste te verkry."},{"$i":"phone-verification-skip-message","$v":"Jou foonverifikasie is onvoltooid. Jy kan later in Instellings>Rekening verifieer. Verfikasie is nodig om toegang tot Winkel en bykomende dienste te verkry."},{"$i":"anti-theft","$v":"Anti-diefstal"},{"$i":"anti-theft-info","$v":"Ons hoop dat jy nooit jou foon verloor nie, maar indien jy wel kan jy al jou data beskerm met ons afgeleë sluit en wis eienskappe. Gaan na Instellings om jou KaiOS-rekening op te stel sodra jy gereed is."},{"$i":"select-language","$v":"Kies taal"},{"$i":"language-current","$v":"Huidige"},{"$i":"language-readout-on","$v":"Uitlees"},{"$i":"language-readout-off","$v":"Uitlees"},{"$i":"readout-rule","$v":"Om Uitlees-modus aan te skakel, druk asseblief die linker sagtewaresleutel."},{"$i":"close-readout","$v":"Uitlees-modus is gedeaktiveer. Om Uitlees-modus aan te skakel, druk asseblief die linker sagtewaresleutel."},{"$i":"open-readout","$v":["Hardoplees-modus geaktiveer. Kies taal. ",{"t":"idOrVar","v":"selectedLang"},". Item 1 van ",{"t":"idOrVar","v":"count"},"."]},{"$i":"decline-info","$v":"Aanvaarding van die KaiOS-lisensie se Bepalings en Voorwaardes is verpligtend om hierdie toestel te gebruik."},{"$i":"kaios-license","$v":"se lisensiebepalings en privaatheidsbeleid"},{"$i":"decline","$v":"Weier"},{"$i":"privacy-confirm","$v":"As u “Aanvaar” druk, dui u aan dat u instem tot KaiOS se lisensiebepalings en privaatheidsbeleid."},{"$i":"open-url","$v":"MAAK URL OOP"},{"$i":"privacy-terms-short","$v":"As jy ingaan by die KaiOS-sagteware, -dienste en -toepassings op jou toestel en dit gebruik, aanvaar jy en stem jy in om te voldoen aan die KaiOS EULA en privaatheidbepalings wat hier gevind kan word"},{"$i":"lyf-license","$v":"LYF Lisensie Terme"},{"$i":"emergency","$v":"Nood"},{"$i":"done","$v":"Klaar"},{"$i":"about-kaios-agree","$v":"Ek wil help deur analisedata te stuur."},{"$i":"about-kaios-age","$v":"Ek is ouer as 16."},{"$i":"about-kaios-ad","$v":"Gebruik my data om my reklame-ervaring te verbeter."},{"$i":"deselect","$v":"Deselekteer"},{"$i":"selectKeyboard","$v":"Kies sleutelbord"},{"$i":"more","$v":"Meer>"},{"$i":"ellipses-char","$v":"…"},{"$i":"location-access","$v":"Liggingtoegang"},{"$i":"location-content","$v":"KaiOS gebruik data soos GPS, Wi-Fi en mobiele netwerke naby jou om jou posisie by benadering vas te stel."},{"$i":"deny","$v":"Weier"},{"$i":"allow","$v":"Laat toe"},{"$i":"always-on-voice","$v":"Altyd-aan-Stem"},{"$i":"aov-p1","$v":"Wil u “Altyd-aan stem” opstel?"},{"$i":"aov-p2","$v":["Klik ",{"t":"idOrVar","v":"proceed"}," om te begin opstel."]},{"$i":"aov-p3","$v":"Met “Altyd-aan stem” kan u die stemassistent “Hello Jio” gebruik as u ’n profiel vir u en u geliefdes skep."},{"$i":"aov-p4","$v":"Met hierdie stemprofiele kan u u foon beheer en ander funksies met stemopdragte uitvoer."},{"$i":"aov-later","$v":"Later"},{"$i":"aov-proceed","$v":"Gaan voort"},{"$i":"data-connectivity","$v":"Waarskuwingsboodskap"},{"$i":"data-message","$v":"Opstellingsassistent sal moontlik data oor mobiele netwerk gedurende aanvanklike opstelling van die slimfoon gebruik."},{"$i":"qtn-privacy-terms-welcome","$v":"Welkom"},{"$i":"qtn-privacy-policy-description-1","$v":["Dankie dat u ",{"t":"idOrVar","v":"WDM"}," gekies het."]},{"$i":"qtn-privacy-policy-description-2","$v":"Jou gebruik van HMD Global-dienste en -toepassings op jou toestel word bestuur deur die HMD Global-privaatheidsbeleid, beskikbaar by www.nokia.com/mobile-privacy."},{"$i":"qtn-privacy-policy-description-3","$v":["U gebruik van KaiOS-sagteware, -dienste en -toepassings op u toestel word bestuur deur KaiOS EULA en -privaatheidsbepalings, beskikbaar by ",{"t":"idOrVar","v":"WDM"},"."]},{"$i":"qtn-privacy-policy-description-4","$v":{"$o":"Die toestelaktiveringsinligting met eenmalige toestelligging sal saam met u unieke toestel- en netwerkinligting na KAI & HMD gestuur word."}},{"$i":"qtn-privacy-policy-description-5","$v":"Hierdie inligting stel ons in staat om beter aan die aanvraag in jou land te voldoen, om SW opdaterings te verskaf, asook kliëntediens en om dienste te aktiveer."},{"$i":"qtn-privacy-policy-description-6","$v":"Datakostes kan dalk geld."},{"$i":"qtn-privacy-policy-description-7","$v":"Privaatheid of ander kennisgewings kan dalk verskaf word wanneer jy ander kenmerke op jou toestel gebruik."},{"$i":"aov-content-readout","$v":"Wil u “Altyd-aan stem” opstel? Klik aov-later=Later"},{"$i":"software-update","$v":"Sagtewarebywerking-instellings"},{"$i":"wifi-or-mobile-data","$v":"Wi-Fi of mobiele netwerk"},{"$i":"wlan-or-mobile-data","$v":"Wi-Fi or mobiele netwerk"},{"$i":"wifi-only","$v":"Slegs Wi-Fi"},{"$i":"wlan-only","$v":"Slegs Wi-Fi"},{"$i":"software-update-tips","$v":"Bykomende heffings kan dalk geld wanneer jy oor selfoonnetwerk aflaai."}]