[{"$i":"wifi","$v":"تحديد شبكة"},{"$i":"ssid","$v":"SSID"},{"$i":"no-wifi-found","$v":"لا تتوفر شبكات"},{"$i":"wifi-searching","$v":"جار البحث عن الشبكات..."},{"$i":"security-open","$v":"فتح"},{"$i":"shortStatus-connecting","$v":"جارِ الاتصال ..."},{"$i":"shortStatus-associated","$v":"جارِ الحصول على عنوان IP ..."},{"$i":"shortStatus-authenticating","$v":"تتم الآن المصادقة..."},{"$i":"shortStatus-connected","$v":"مُتصِّل"},{"$i":"shortStatus-associationreject","$v":"فشل الاتصال"},{"$i":"shortStatus-disconnected","$v":"غير متصل ."},{"$i":"shortStatus-connected-no-internet","$v":"متصل، لا يوجد اتصال بالإنترنت"},{"$i":"shortStatus-dhcpfailed","$v":"فشل IP"},{"$i":"shortStatus-authenticationfailed","$v":"كلمة مرور غير صحيحة"},{"$i":"securityWEP","$v":"WEP"},{"$i":"securityWPA-PSK","$v":"WPA-PSK"},{"$i":"securityWPA-EAP","$v":"WPA-EAP"},{"$i":"securityWPA2-PSK","$v":"WPA2-PSK"},{"$i":"securityWPA/WPA2-PSK","$v":"WPA/WPA2-PSK"},{"$i":"securedBy","$v":[{"t":"idOrVar","v":"capabilities"}]},{"$i":"securedByWay","$v":["الشبكة مؤمنة بـ ",{"t":"idOrVar","v":"capabilities"}]},{"$i":"security","$v":"الحماية"},{"$i":"signalStrength","$v":"قوة الإشارة"},{"$i":"signalLevel0","$v":"ضعيف جداً"},{"$i":"signalLevel1","$v":"ضعيف"},{"$i":"signalLevel2","$v":"متوسط"},{"$i":"signalLevel3","$v":"جيد"},{"$i":"signalLevel4","$v":"جيد جداً"},{"$i":"ipAddress","$v":"عنوان IP"},{"$i":"linkSpeed","$v":"سرعة الاتصال"},{"$i":"linkSpeedMbs","$v":[{"t":"idOrVar","v":"linkSpeed"}," ميجابت"]},{"$i":"wifi-rescan","$v":"إعادة البحث"},{"$i":"wifi-join-fail","$v":["يتعذر الانضمام إلى الشبكة ",{"t":"idOrVar","v":"n"},"."]},{"$i":"wifi-connect-fail","$v":["كلمة المرور غير صحيحة لـ ",{"t":"idOrVar","v":"n"},"."]},{"$i":"wifi-connect-fail-username-or-password","$v":["اسم المستخدم أو كلمة المرور غير صحيحين لـ ",{"t":"idOrVar","v":"n"},"."]},{"$i":"wifi-ip-set-fail","$v":"فشلت إعدادات IP."},{"$i":"wifi-pw-length-error","$v":"يجب أن يزيد طول كلمة المرور عن 8 حروف."},{"$i":"password","$v":"كلمة السِّر"},{"$i":"showPassword","$v":"إظهار كلمة المرور"},{"$i":"connect","$v":"إتصِّل"},{"$i":"rescanCompleted","$v":"تمت إعادة الفحص."},{"$i":"eap-method","$v":"طريقة EAP"},{"$i":"phase-authentication","$v":"المرحلة الثانية للمصادقة"},{"$i":"server-certificate","$v":"شهادة الخادم"},{"$i":"username","$v":"اسم المستخدم"},{"$i":"eap-sim","$v":"SIM"},{"$i":"eap-aka","$v":"AKA"},{"$i":"eap-peap","$v":"PEAP"},{"$i":"eap-ttls","$v":"TTLS"},{"$i":"eap-akae","$v":"AKA'"},{"$i":"sim1","$v":"SIM1"},{"$i":"sim2","$v":"SIM2"},{"$i":"auth-with","$v":"مصادقة مع"},{"$i":"sim-carrier-text","$v":["SIM",{"t":"idOrVar","v":"index"}," - ",{"t":"idOrVar","v":"carrierName"}]},{"$i":"auth-phase2-no","$v":"لا"},{"$i":"auth-phase2-pap","$v":"PAP"},{"$i":"auth-phase2-mschap","$v":"MSCHAP"},{"$i":"auth-phase2-mschapv2","$v":"MSCHAP V2"},{"$i":"auth-phase2-gtc","$v":"GTC"},{"$i":"server-certificate-none","$v":"--"},{"$i":"failedToConnect","$v":"فشل الاتصال"},{"$i":"select","$v":"تحديد"},{"$i":"skip","$v":"تخطّي"},{"$i":"next","$v":"التالي"},{"$i":"accept","$v":"اقبل"},{"$i":"cancel","$v":"ألغِ"},{"$i":"ok","$v":"موافق"},{"$i":"notNow","$v":"ليس الآن"},{"$i":"forget","$v":"إلغاء الاقتران"},{"$i":"confirmation","$v":"تأكيد"},{"$i":"forget-network","$v":"نسيان الشبكة؟"},{"$i":"network-forgotten","$v":"تم نسيان الشبكة."},{"$i":"hfa","$v":"HFA"},{"$i":"setup-phone-verification","$v":"التحقق من الهاتف"},{"$i":"phone-verification-entry-message","$v":"قم بإعداد حساب عن طريق التحقق من صحة رقمك للوصول إلى المتجر والخدمات الإضافية."},{"$i":"phone-verification-skip-message","$v":"لم يكتمل التحقق من صحة رقم هاتفك. يمكنك التحقق لاحقًا من الإعدادات> الحساب. يلزم التحقق للوصول إلى المتجر والخدمات الإضافية."},{"$i":"anti-theft","$v":"الحماية من السرقة"},{"$i":"anti-theft-info","$v":"نأمل ألا تفقد هاتفك أبدًا، ولكن إذا حدث ذلك، فإنه يمكنك حماية بياناتك الخاصة من خلال ميزات القفل والمسح عن بعد. عندما تكون مستعدًا، انتقل إلى الإعدادات لإعداد حساب KaiOS الخاص بك."},{"$i":"select-language","$v":"تحديد اللغة"},{"$i":"language-current","$v":"الحالي"},{"$i":"language-readout-on","$v":"القراءة"},{"$i":"language-readout-off","$v":"القراءة"},{"$i":"readout-rule","$v":"لتشغيل وضع القراءة، يرجى الضغط على مفتاح البرنامج الأيسر."},{"$i":"close-readout","$v":"تم تعطيل وضع القراءة. لتشغيل وضع القراءة، يرجى الضغط على مفتاح البرنامج الأيسر."},{"$i":"open-readout","$v":["تم تمكين وضع القراءة. اختر اللغة. ",{"t":"idOrVar","v":"selectedLang"},". العنصر 1 من ",{"t":"idOrVar","v":"count"},"."]},{"$i":"decline-info","$v":"يلزم قبول سياسة الخصوصية وشروط ترخيص KaiOS لاستخدام هذا الجهاز."},{"$i":"kaios-license","$v":"سياسة الخصوصية وشروط ترخيص"},{"$i":"decline","$v":"رفض"},{"$i":"privacy-confirm","$v":"من خلال النقر فوق \"قبول\" فإنك توافق على شروط ترخيص نظام KaiOS وسياسة الخصوصية الخاصة به."},{"$i":"open-url","$v":"رابط URL مفتوح"},{"$i":"privacy-terms-short","$v":"من خلال الوصول إلى برنامج KaiOS وخدماته وتطبيقاته واستخدامه في جهازك، فإنك توافق على الامتثال لاتفاقية ترخيص المستخدم النهائي وشروط خصوصية KaiOS، والتي يمكن العثور عليها هنا"},{"$i":"lyf-license","$v":"شروط ترخيص LYF"},{"$i":"emergency","$v":"طوارئ"},{"$i":"done","$v":"تم"},{"$i":"about-kaios-agree","$v":"أريد المساعدة عن طريق إرسال بيانات التحليلات."},{"$i":"about-kaios-age","$v":"عمري أكبر من 16 سنة."},{"$i":"about-kaios-ad","$v":"استخدام بياناتي لتحسين تجربة الإعلانات التي تظهر لي."},{"$i":"deselect","$v":"إلغاء تحديد"},{"$i":"selectKeyboard","$v":"تحديد لوحة مفاتيح"},{"$i":"more","$v":"المزيد >"},{"$i":"ellipses-char","$v":"…"},{"$i":"location-access","$v":"الوصول إلى الموقع"},{"$i":"location-content","$v":"تستخدم KaiOS بيانات مثل GPS وWi-Fi وشبكة الهاتف المحمول القريبة منك للمساعدة في تحديد موقعك التقريبي."},{"$i":"deny","$v":"ارفض"},{"$i":"allow","$v":"سماح"},{"$i":"always-on-voice","$v":"ميزة الأوامر الصوتية دائمة التشغيل"},{"$i":"aov-p1","$v":"هل ترغب في تكوين ميزة Always On-Voice؟"},{"$i":"aov-p2","$v":["انقر فوق ",{"t":"idOrVar","v":"proceed"}," لبدء التكوين."]},{"$i":"aov-p3","$v":"تتيح لك ميزة Always On-Voice العمل مع مساعدك الصوتي \"Hello Jio\" من خلال إنشاء ملف تعريف لك وللمقربين منك."},{"$i":"aov-p4","$v":"ستتيح لك ملفات التعريف الصوتية هذه التحكم في هاتفك وأداء وظائف أخرى باستخدام الأوامر الصوتية."},{"$i":"aov-later","$v":"لاحقاً"},{"$i":"aov-proceed","$v":"متابعة"},{"$i":"data-connectivity","$v":"رسالة تحذير"},{"$i":"data-message","$v":"من الممكن أن يستخدم معالج الإعداد البيانات عبر شبكة الجوال أثناء الإعداد الأولي للهاتف الذكي."},{"$i":"qtn-privacy-terms-welcome","$v":"مرحبًا"},{"$i":"qtn-privacy-policy-description-1","$v":["شكرًا لاختيارك ",{"t":"idOrVar","v":"WDM"},"."]},{"$i":"qtn-privacy-policy-description-2","$v":"تتحكم سياسة خصوصية HMD Global المتوفرة على www.nokia.com/mobile-privacy في استخدامك لخدمات HMD Global وتطبيقاتها على جهازك."},{"$i":"qtn-privacy-policy-description-3","$v":["تحكم استخدامك لبرامج KaiOS وخدماته وتطبيقاته في جهازك اتفاقيةُ ترخيص المستخدم النهائي (EULA) لنظام KaiOS وكذلك شروط الخصوصية، المتوفرة على ",{"t":"idOrVar","v":"WDM"},"."]},{"$i":"qtn-privacy-policy-description-4","$v":{"$o":"سيتم إرسال معلومات تنشيط الجهاز مع موقع الجهاز لمرة واحدة، إلى جانب معلومات الجهاز والشبكة الفريدة إلى KAI & HMD."}},{"$i":"qtn-privacy-policy-description-5","$v":"تتيح لنا هذه المعلومات تلبية الطلب في بلدك وتوفير تحديثات البرامج ودعم العملاء وتنشيط الخدمات."},{"$i":"qtn-privacy-policy-description-6","$v":"قد يتم فرض رسوم بيانات."},{"$i":"qtn-privacy-policy-description-7","$v":"يمكن تقديم إشعارات الخصوصية أو إشعارات أخرى عند استخدام ميزات مختلفة لجهازك."},{"$i":"aov-content-readout","$v":"هل ترغب في تكوين ميزة Always On-Voice؟ انقر فوق /"},{"$i":"software-update","$v":"إعدادات تحديث البرنامج"},{"$i":"wifi-or-mobile-data","$v":"Wi-Fi أو شبكة المحمول"},{"$i":"wlan-or-mobile-data","$v":"Wi-Fi أو شبكة الهاتف المحمول"},{"$i":"wifi-only","$v":"Wi-Fi فقط"},{"$i":"wlan-only","$v":"Wi-Fi فقط"},{"$i":"software-update-tips","$v":"عند التنزيل عبر شبكة الهاتف المحمول، قد يتم فرض رسوم إضافية."}]