[{"$i":"wifi","$v":"Şəbəkəni seç"},{"$i":"ssid","$v":"SSID"},{"$i":"no-wifi-found","$v":"Heç bir mövcud şəbəkə yoxdur"},{"$i":"wifi-searching","$v":"Şəbəkələri axtarır…"},{"$i":"security-open","$v":"Aç"},{"$i":"shortStatus-connecting","$v":"Qoşulur…"},{"$i":"shortStatus-associated","$v":"IP ünv əldə edil…"},{"$i":"shortStatus-authenticating","$v":"Autentikasiya edilir…"},{"$i":"shortStatus-connected","$v":"Qoşuldu"},{"$i":"shortStatus-associationreject","$v":"Bağlantı uğursuz oldu"},{"$i":"shortStatus-disconnected","$v":"Oflayn"},{"$i":"shortStatus-connected-no-internet","$v":"Qoşulub, internet yoxdur"},{"$i":"shortStatus-dhcpfailed","$v":"IP uğursuz oldu"},{"$i":"shortStatus-authenticationfailed","$v":"Yanlış parol"},{"$i":"securityWEP","$v":"WEP"},{"$i":"securityWPA-PSK","$v":"WPA-PSK"},{"$i":"securityWPA-EAP","$v":"WPA-EAP"},{"$i":"securityWPA2-PSK","$v":"WPA2-PSK"},{"$i":"securityWPA/WPA2-PSK","$v":"WPA/WPA2-PSK"},{"$i":"securedBy","$v":[{"t":"idOrVar","v":"capabilities"}]},{"$i":"securedByWay","$v":[{"t":"idOrVar","v":"capabilities"}," tərəf təm edi"]},{"$i":"security","$v":"Təhlükəsizlik"},{"$i":"signalStrength","$v":"Siqnal gücü"},{"$i":"signalLevel0","$v":"Çox zəif"},{"$i":"signalLevel1","$v":"Zəif"},{"$i":"signalLevel2","$v":"Orta"},{"$i":"signalLevel3","$v":"Yaxşı"},{"$i":"signalLevel4","$v":"Çox yaxşı"},{"$i":"ipAddress","$v":"IP ünvanı"},{"$i":"linkSpeed","$v":"Link sürəti"},{"$i":"linkSpeedMbs","$v":[{"t":"idOrVar","v":"linkSpeed"}," Mbit/s"]},{"$i":"wifi-rescan","$v":"Təkrar skanla"},{"$i":"wifi-join-fail","$v":[{"t":"idOrVar","v":"n"}," şəbəkəsinə qoşulmaq olmur."]},{"$i":"wifi-connect-fail","$v":[{"t":"idOrVar","v":"n"}," üçün yanlış parol."]},{"$i":"wifi-connect-fail-username-or-password","$v":[{"t":"idOrVar","v":"n"}," üçün yanlış istifadəçi adı və ya parol."]},{"$i":"wifi-ip-set-fail","$v":"IP parametrləri uğursuz oldu."},{"$i":"wifi-pw-length-error","$v":"Parolun uzunl 8 simvold çox olmalıdır."},{"$i":"password","$v":"Parol"},{"$i":"showPassword","$v":"Parolu göstər"},{"$i":"connect","$v":"Qoşul"},{"$i":"rescanCompleted","$v":"Rescan tamamlandı."},{"$i":"eap-method","$v":"EAP üsulu"},{"$i":"phase-authentication","$v":"Faza 2 autentikasiya"},{"$i":"server-certificate","$v":"Server sertifikatı"},{"$i":"username","$v":"İstifadəçi adı"},{"$i":"eap-sim","$v":"SIM"},{"$i":"eap-aka","$v":"AKA"},{"$i":"eap-peap","$v":"PEAP"},{"$i":"eap-ttls","$v":"TTLS"},{"$i":"eap-akae","$v":"AKA'"},{"$i":"sim1","$v":"SIM1"},{"$i":"sim2","$v":"SIM2"},{"$i":"auth-with","$v":"Bununla əslliyini yoxlayın"},{"$i":"sim-carrier-text","$v":["SIM",{"t":"idOrVar","v":"index"}," — ",{"t":"idOrVar","v":"carrierName"}]},{"$i":"auth-phase2-no","$v":"Xeyr"},{"$i":"auth-phase2-pap","$v":"PAP"},{"$i":"auth-phase2-mschap","$v":"MSCHAP"},{"$i":"auth-phase2-mschapv2","$v":"MSCHAP V2"},{"$i":"auth-phase2-gtc","$v":"GTC"},{"$i":"server-certificate-none","$v":"--"},{"$i":"failedToConnect","$v":"Qoşulma uğursuz oldu"},{"$i":"select","$v":"Seç"},{"$i":"skip","$v":"Ötür"},{"$i":"next","$v":"Növbəti"},{"$i":"accept","$v":"Qəbul et"},{"$i":"cancel","$v":"Ləğv et"},{"$i":"ok","$v":"OK"},{"$i":"notNow","$v":"İndi deyil"},{"$i":"forget","$v":"Unut"},{"$i":"confirmation","$v":"Təsdiq"},{"$i":"forget-network","$v":"Şəbəkə unudulsun?"},{"$i":"network-forgotten","$v":"Şəbəkə unudulub."},{"$i":"hfa","$v":"HFA"},{"$i":"setup-phone-verification","$v":"Telefon yoxlaması"},{"$i":"phone-verification-entry-message","$v":"Yaddaş və əlavə xidmətlərə daxil olmaq üçün nömrənizi təsdiq etməklə, hesabı quraşdırın."},{"$i":"phone-verification-skip-message","$v":"Telefon yoxlamanız natamamdır. Daha sonra Parametrlər > Hesab bölməsindən yoxlaya bilərsiniz. Yaddaşa və əlavə xidmətlərə daxil olmaq üçün yoxlama tələb edilir."},{"$i":"anti-theft","$v":"Anti-Oğurluq"},{"$i":"anti-theft-info","$v":"Ümid edirik ki, telefonunuzu heç vaxt itirməyəcəksiniz, lakin bu baş verərsə, məlumatlarınızı bizim uzaqdan kilidlə və sil xüsusiyyətlərimiz ilə qoruya bilərsiniz. Hazır olduğunuzda, KaiOS hesabınızı qurmaq üçün Parametrləri seçin."},{"$i":"select-language","$v":"Dili seç"},{"$i":"language-current","$v":"Cari"},{"$i":"language-readout-on","$v":"Oxunuş"},{"$i":"language-readout-off","$v":"Oxunuş"},{"$i":"readout-rule","$v":"Oxu rejimini aktiv etmək üçün sol proqram təminatı düyməsinə basın."},{"$i":"close-readout","$v":"Oxu rejimi deaktiv edilib. Oxu rejimini aktiv etmək üçün sol proqram təminatı düyməsinə basın."},{"$i":"open-readout","$v":["Oxu rejimi aktiv edilib. Dil seçin. ",{"t":"idOrVar","v":"selectedLang"},". Element 1/",{"t":"idOrVar","v":"count"},"."]},{"$i":"decline-info","$v":"Bu cihazı istif. et. üçün Şərtlər və Qaydaların qəbul ed. tələb edilir."},{"$i":"kaios-license","$v":"Şərtlər və Məxfilik Siyasəti"},{"$i":"decline","$v":"Azalma"},{"$i":"privacy-confirm","$v":"Qəbul seçiminə basmaqla, KaiOS Lisenziya Şərtləri və Məxfilik Siyasəti ilə razılaşırsınız."},{"$i":"open-url","$v":"AÇIQ URL"},{"$i":"privacy-terms-short","$v":"Cihazınızdakı KaiOS proqram təminatı, xidmətləri və tətbiqlərinə daxil olmaqla və onlardan istifadə etməklə, aşağıdakı ünvanda verilmiş KaiOS EULA və Məxfilik Şərtlərini qəbul edir və onlara əməl etməyə razılaşırsınız:"},{"$i":"lyf-license","$v":"LYF Lisenziya Şərtləri"},{"$i":"emergency","$v":"Təcili"},{"$i":"done","$v":"Hazırdır"},{"$i":"about-kaios-agree","$v":"Analytics məlumatlarını göndərməklə kömək etmək istəyirəm."},{"$i":"about-kaios-age","$v":"Mən 16 yaşında oldum."},{"$i":"about-kaios-ad","$v":"Reklam təcrübəmi artırmaq üçün məlumatlarımı istifadə edin."},{"$i":"deselect","$v":"Ləğv et"},{"$i":"selectKeyboard","$v":"Klaviatura seçin"},{"$i":"more","$v":"Daha çox >"},{"$i":"ellipses-char","$v":"…"},{"$i":"location-access","$v":"Yer girişi"},{"$i":"location-content","$v":"KaiOS təqribi yerinizi müəyyənləşdirməyə kömək etmək üçün yaxınınızdakı GPS, Wi-Fi və mobil şəbəkə kimi məlumatlardan istifadə edir."},{"$i":"deny","$v":"İnkar"},{"$i":"allow","$v":"İcazə ver"},{"$i":"always-on-voice","$v":"Həmişə səsli"},{"$i":"aov-p1","$v":"Həmişə Səslə Aktivləşdirmə konfiqurasiya edilsin?"},{"$i":"aov-p2","$v":["Konfiqurasiyaya başlamaq üçün ",{"t":"idOrVar","v":"proceed"}," düyməsinə klikləyin."]},{"$i":"aov-p3","$v":"Həmişə Səslə Aktivləşdirmə siz və yaxınlarınız üçün profil yaradaraq ‘Hello Jio’ səs assistentiniz ilə işləməyə imkan verir."},{"$i":"aov-p4","$v":"Bu səs profilləri səs əmrləri telefonunuzu idarə etmək və digər funksiyaları yerinə yetirmənizə imkan verəcək."},{"$i":"aov-later","$v":"Later"},{"$i":"aov-proceed","$v":"Başlayın"},{"$i":"data-connectivity","$v":"Xəbərdarlıq mesajı"},{"$i":"data-message","$v":"Quraşdırma köməkçisi ağıllı telefonun ilkin quraşdırılması zamanı mobil şəbəkə vasitəsilə məlumatları istifadə edə bilər."},{"$i":"qtn-privacy-terms-welcome","$v":"Xoş gəlmisiniz"},{"$i":"qtn-privacy-policy-description-1","$v":[{"t":"idOrVar","v":"WDM"}," seçdiyiniz üçün sizə təşəkkür edirik."]},{"$i":"qtn-privacy-policy-description-2","$v":"Cihazınızda HMD Global Xidmətlərindən və proqramlarından  istifadə, www.nokia.com/mobile-privacy ünvanında mövcud olan, HMD Global Məxfilik Siyasəti tərəfindən idarə olunur."},{"$i":"qtn-privacy-policy-description-3","$v":["Cihazınızda KaiOS proqram təminatından, xidmətlərdən və proqramlardan istifadənizə KaiOS EULA tərəfindən nəzarət edilir, Məxfilik şərtləri ",{"t":"idOrVar","v":"WDM"}," ünvanında əlçatandır."]},{"$i":"qtn-privacy-policy-description-4","$v":{"$o":"Cihazınızın aktivasiya məlumatları unikal cihaz və şəbəkə məlmatları ilə yanaşı bir dəfəlik cihaz məlumatları ilə KAI & HMD-yə göndəriləcək."}},{"$i":"qtn-privacy-policy-description-5","$v":"Bu məlumat ölkənizdəki tələbatı daha yaxşı ödəməyə, proq yeniləm, müştəri dəstəyi təmin etməyə və xidmtlr aktivlşdirmyə imkan verir."},{"$i":"qtn-privacy-policy-description-6","$v":"Məlumat tarifləri tutula bilər."},{"$i":"qtn-privacy-policy-description-7","$v":"Məxfilik və yaxud başqa bildirişlər, siz cihazınızda müxtəlif funksiyalardan istifadə edən zaman təmin oluna bilər."},{"$i":"aov-content-readout","$v":"Həmişə Səslə Aktivləşdirmə konfiqurasiya edilsin? Buna klikləyin: aov-later=Sonra"},{"$i":"software-update","$v":"Proqram təminatı yeniləməsi parametrləri"},{"$i":"wifi-or-mobile-data","$v":"Wi-Fi və ya mobil şəbəkə"},{"$i":"wlan-or-mobile-data","$v":"Wi-Fi və ya mobil şəbəkə"},{"$i":"wifi-only","$v":"Yalnız Wi-Fi"},{"$i":"wlan-only","$v":"Yalnız Wi-Fi"},{"$i":"software-update-tips","$v":"Mobil şəbəkə vasitəsilə endirdikdə əlavə xərclər tətbiq edilə bilər."}]