[{"$i":"wifi","$v":"Выбраць сетку"},{"$i":"ssid","$v":"SSID"},{"$i":"no-wifi-found","$v":"Няма даступных сетак"},{"$i":"wifi-searching","$v":"Пошук у сетках…"},{"$i":"security-open","$v":"Адкрыць"},{"$i":"shortStatus-connecting","$v":"Падлучаецца…"},{"$i":"shortStatus-associated","$v":"Атрым. IP…"},{"$i":"shortStatus-authenticating","$v":"Аўтэнтыфікацыя…"},{"$i":"shortStatus-connected","$v":"Падлучана"},{"$i":"shortStatus-associationreject","$v":"Памылка падлучэння"},{"$i":"shortStatus-disconnected","$v":"Офлайн"},{"$i":"shortStatus-connected-no-internet","$v":"Падключана, няма інтэрнэту"},{"$i":"shortStatus-dhcpfailed","$v":"Памылка IP"},{"$i":"shortStatus-authenticationfailed","$v":"Няправільны пароль"},{"$i":"securityWEP","$v":"WEP"},{"$i":"securityWPA-PSK","$v":"WPA-PSK"},{"$i":"securityWPA-EAP","$v":"WPA-EAP"},{"$i":"securityWPA2-PSK","$v":"WPA2-PSK"},{"$i":"securityWPA/WPA2-PSK","$v":"WPA/WPA2-PSK"},{"$i":"securedBy","$v":[{"t":"idOrVar","v":"capabilities"}]},{"$i":"securedByWay","$v":["Забясп. ",{"t":"idOrVar","v":"capabilities"}]},{"$i":"security","$v":"Бяспека"},{"$i":"signalStrength","$v":"Моц сігналу"},{"$i":"signalLevel0","$v":"Вельмі слаба"},{"$i":"signalLevel1","$v":"Слабы"},{"$i":"signalLevel2","$v":"Сярэдні"},{"$i":"signalLevel3","$v":"Добра"},{"$i":"signalLevel4","$v":"Вельмі добра"},{"$i":"ipAddress","$v":"IP-адрас"},{"$i":"linkSpeed","$v":"Хуткасць сувязі"},{"$i":"linkSpeedMbs","$v":[{"t":"idOrVar","v":"linkSpeed"}," Mbit/s"]},{"$i":"wifi-rescan","$v":"Паўторна сканіраваць"},{"$i":"wifi-join-fail","$v":["Немагчыма падключыцца да сеткі ",{"t":"idOrVar","v":"n"},"."]},{"$i":"wifi-connect-fail","$v":["Няправільны пароль для ",{"t":"idOrVar","v":"n"},"."]},{"$i":"wifi-connect-fail-username-or-password","$v":["Няправільнае імя карыстальніка або пароль для ",{"t":"idOrVar","v":"n"},"."]},{"$i":"wifi-ip-set-fail","$v":"Памылка настроек IP."},{"$i":"wifi-pw-length-error","$v":"Даўж. пароля пав. перав. 8 сімв."},{"$i":"password","$v":"Пароль"},{"$i":"showPassword","$v":"Паказаць пароль"},{"$i":"connect","$v":"Падлучыць"},{"$i":"rescanCompleted","$v":"Rescan завершаны."},{"$i":"eap-method","$v":"Метад EAP"},{"$i":"phase-authentication","$v":"2 фаза аўтэнтыфікацыі"},{"$i":"server-certificate","$v":"Сертыфікат сервера"},{"$i":"username","$v":"Імя карыстальніка"},{"$i":"eap-sim","$v":"SIM-картка"},{"$i":"eap-aka","$v":"Таксама вядомы як"},{"$i":"eap-peap","$v":"PEAP"},{"$i":"eap-ttls","$v":"TTLS"},{"$i":"eap-akae","$v":"AKA'"},{"$i":"sim1","$v":"SIM1"},{"$i":"sim2","$v":"SIM2"},{"$i":"auth-with","$v":"Засведчыць"},{"$i":"sim-carrier-text","$v":["SIM",{"t":"idOrVar","v":"index"}," — ",{"t":"idOrVar","v":"carrierName"}]},{"$i":"auth-phase2-no","$v":"Не"},{"$i":"auth-phase2-pap","$v":"PAP"},{"$i":"auth-phase2-mschap","$v":"MSCHAP"},{"$i":"auth-phase2-mschapv2","$v":"MSCHAP V2"},{"$i":"auth-phase2-gtc","$v":"GTC"},{"$i":"server-certificate-none","$v":"--"},{"$i":"failedToConnect","$v":"Памылка падключэння"},{"$i":"select","$v":"Выбраць"},{"$i":"skip","$v":"прапусціць"},{"$i":"next","$v":"Далей"},{"$i":"accept","$v":"Прыняць"},{"$i":"cancel","$v":"Скасаваць"},{"$i":"ok","$v":"ОК"},{"$i":"notNow","$v":"Не цяпер"},{"$i":"forget","$v":"Забыць"},{"$i":"confirmation","$v":"Пацверджанне"},{"$i":"forget-network","$v":"Забыць сетку?"},{"$i":"network-forgotten","$v":"Сетка забытая."},{"$i":"hfa","$v":"HFA"},{"$i":"setup-phone-verification","$v":"Праверка тэлефона"},{"$i":"phone-verification-entry-message","$v":"Наладзіць уліковы запіс шляхам праверкі нумара для доступу да крамы і дадатковых сэрвісаў."},{"$i":"phone-verification-skip-message","$v":"Праверка вашага тэлефона не завершана. Можаце праверыць яго пазней, перайшоўшы ў Настройках > Уліковы запіс. Праверка патрэбна для доступу да Крамы і дадатковых сэрвісаў."},{"$i":"anti-theft","$v":"Праграма \"Антыкрадзеж"},{"$i":"anti-theft-info","$v":"Мы спадзяемся, што вы ніколі не згубіце тэлефон, але калі такое здарыцца, вы можаце абараніць свае даныя з дапамогай функцый аддаленай блакіроўкі і выдалення. Калі будзеце гатовы, перайдзіце ў Настройкі, каб стварыць уліковы запіс KaiOS."},{"$i":"select-language","$v":"Выбраць мову"},{"$i":"language-current","$v":"Бягучы"},{"$i":"language-readout-on","$v":"Счытванне даных"},{"$i":"language-readout-off","$v":"Счытванне даных"},{"$i":"readout-rule","$v":"Каб уключыць рэжым счытвання, націсніце левую клавішу ПЗ."},{"$i":"close-readout","$v":"Рэжым счытвання адключаны. Каб уключыць рэжым счытвання, націсніце левую клавішу ПЗ."},{"$i":"open-readout","$v":["Рэжым счытвання ўключаны. Выберыце мову. ",{"t":"idOrVar","v":"selectedLang"},". Элемент 1 з ",{"t":"idOrVar","v":"count"},"."]},{"$i":"decline-info","$v":"Для карыстання гэтай прыладай неабходна прыняць Умовы выкарыстання."},{"$i":"kaios-license","$v":"Умовы і палітыка прыватнасці"},{"$i":"decline","$v":"Адхіліць"},{"$i":"privacy-confirm","$v":"Націскаючы «Прыняць», вы пагаджаецеся на Умовы ліцэнзавання і Палітыку прыватнасці KaiOS."},{"$i":"open-url","$v":"АДКРЫЦЬ URL-АДРАС"},{"$i":"privacy-terms-short","$v":"Атрымліваючы доступ да праграмнага забеспячэння, сэрвісаў і праграм KaiOS і выкарыстоўваючы іх на вашай прыладзе, вы прымаеце і пагаджаецеся выконваць Ліцэнзійнае пагадненне і Умовы прыватнасці KaiOS, якія можна знайсці тут"},{"$i":"lyf-license","$v":"Умовы ліцэнзіі LYF"},{"$i":"emergency","$v":"Надзв. сітуац."},{"$i":"done","$v":"Гатова"},{"$i":"about-kaios-agree","$v":"Я хачу дапамагчы, пасылаючы аналітычныя дадзеныя."},{"$i":"about-kaios-age","$v":"Я ва ўзросце старэйшыя за 16гадоў ."},{"$i":"about-kaios-ad","$v":"Каб палепшыць выкарыстанне рэкламы, выкарыстоўвайце мае даныя."},{"$i":"deselect","$v":"Адмяніць выбар"},{"$i":"selectKeyboard","$v":"Выбар клавіятуры"},{"$i":"more","$v":"Яшчэ >"},{"$i":"ellipses-char","$v":"…"},{"$i":"location-access","$v":"Доступ да месцазнаходжання"},{"$i":"location-content","$v":"KaiOS выкарыстоўвае такія даныя, як GPS, Wi-Fi і мабільная сетка побач з вамі, каб дапамагчы вызначыць ваша прыблізнае знаходжанне."},{"$i":"deny","$v":"Адмаўляць"},{"$i":"allow","$v":"Дазволіць"},{"$i":"always-on-voice","$v":"Заўсёды на галасы"},{"$i":"aov-p1","$v":"Хочаце сканфігурыраваць праграму Always On-Voice?"},{"$i":"aov-p2","$v":["Каб пачаць канфігурацыю, націсніце на ",{"t":"idOrVar","v":"proceed"},"."]},{"$i":"aov-p3","$v":"Always On-Voice дазваляе вам працаваць з галасавым памочнікам «Hello Jio», ствараючы профіль для вас і вашых сваякоў."},{"$i":"aov-p4","$v":"Гэтыя галасавыя профілі дазволяць вам кантраляваць свой тэлефон і выконваць іншыя функцыі з дапамогай галасавых каманд."},{"$i":"aov-later","$v":"Later"},{"$i":"aov-proceed","$v":"Далей"},{"$i":"data-connectivity","$v":"Папярэджанне"},{"$i":"data-message","$v":"Майстар усталявання, магчыма, будзе карыстацца данымі па мабільнай сетцы падчас першаснай наладкі смартфона."},{"$i":"qtn-privacy-terms-welcome","$v":"Вітаем"},{"$i":"qtn-privacy-policy-description-1","$v":["Дзякуй, што выбралі ",{"t":"idOrVar","v":"WDM"},"."]},{"$i":"qtn-privacy-policy-description-2","$v":"Карыстанне паслугамі і праграмамі HMD Global на вашай прыладзе рэгламентуецца Палітыкай канфідэнцыяльнас​ці HMD Global, якая знаходзіцца па адрасе www.nokia.com/mobile-privacy."},{"$i":"qtn-privacy-policy-description-3","$v":["Карыстанне паслугамі, праграмамі і ПО KaiOS на вашай прыладзе рэгламентуецца Палітыкай канфідэнцыяльнас​ці і Ліцэнзійным пагадненнем KaiOS, якія знаходзяцца па адрасе ",{"t":"idOrVar","v":"WDM"},"."]},{"$i":"qtn-privacy-policy-description-4","$v":{"$o":"Інфармацыя аб актывацыі прылады разам з аднаразовай інфармацыяй аб месцазнаходжанні прылады і ўнікальнай інфармацыяй аб прыладзе і сетцы будзе адпраўлена KAI & HMD."}},{"$i":"qtn-privacy-policy-description-5","$v":"Гэтая інфармацыя дазваляе нам лепей задавальняць патрэбы ў вашай краіне, прапанаваць абнаўленні ПЗ, кліенцкую падтрымку і падключаць сэрвісы."},{"$i":"qtn-privacy-policy-description-6","$v":"Можа спаганяцца аплата за перадачу даных."},{"$i":"qtn-privacy-policy-description-7","$v":"Нататкі аб канфідэнцыяльнас​ці і іншыя могуць прадастаўляцца, калі вы карыстаецеся рознымі характарыстыкамі сваёй прылады."},{"$i":"aov-content-readout","$v":"Хочаце сканфігурыраваць праграму Always On-Voice? Націсніце на aov-later=Пазней"},{"$i":"software-update","$v":"Налады абнаўлення ПЗ"},{"$i":"wifi-or-mobile-data","$v":"Wi-Fi або мабільную сетку"},{"$i":"wlan-or-mobile-data","$v":"Wi-Fi або мабільная сетка"},{"$i":"wifi-only","$v":"Тольк Wi-Fi"},{"$i":"wlan-only","$v":"Толькі Wi-Fi"},{"$i":"software-update-tips","$v":"Падчас спампавання па мабільным інтэрнэце можа спаганяцца дадатковая аплата."}]