[{"$i":"wifi","$v":"Изберете мрежа"},{"$i":"ssid","$v":"SSID"},{"$i":"no-wifi-found","$v":"Няма налични мрежи"},{"$i":"wifi-searching","$v":"Търсене на мрежи…"},{"$i":"security-open","$v":"Отваряне"},{"$i":"shortStatus-connecting","$v":"Свързване…"},{"$i":"shortStatus-associated","$v":"Извличане IP u2026"},{"$i":"shortStatus-authenticating","$v":"Удостоверяване…"},{"$i":"shortStatus-connected","$v":"Свързано"},{"$i":"shortStatus-associationreject","$v":"Свързването е неуспешно"},{"$i":"shortStatus-disconnected","$v":"Офлайн"},{"$i":"shortStatus-connected-no-internet","$v":"Свързано, няма интернет"},{"$i":"shortStatus-dhcpfailed","$v":"IP неуспех"},{"$i":"shortStatus-authenticationfailed","$v":"Неправилна парола"},{"$i":"securityWEP","$v":"WEP"},{"$i":"securityWPA-PSK","$v":"WPA-PSK"},{"$i":"securityWPA-EAP","$v":"WPA-EAP"},{"$i":"securityWPA2-PSK","$v":"WPA2-PSK"},{"$i":"securityWPA/WPA2-PSK","$v":"WPA/WPA2-PSK"},{"$i":"securedBy","$v":[{"t":"idOrVar","v":"capabilities"}]},{"$i":"securedByWay","$v":["Защитено от ",{"t":"idOrVar","v":"capabilities"}]},{"$i":"security","$v":"Защита"},{"$i":"signalStrength","$v":"Сила на сигнала"},{"$i":"signalLevel0","$v":"Много слабо"},{"$i":"signalLevel1","$v":"Слабо"},{"$i":"signalLevel2","$v":"Средно"},{"$i":"signalLevel3","$v":"Добро"},{"$i":"signalLevel4","$v":"Много добро"},{"$i":"ipAddress","$v":"IP адрес"},{"$i":"linkSpeed","$v":"Скорост на свързване"},{"$i":"linkSpeedMbs","$v":[{"t":"idOrVar","v":"linkSpeed"}," Mbit/s"]},{"$i":"wifi-rescan","$v":"Повторно сканиране"},{"$i":"wifi-join-fail","$v":["Неуспешно присъединяване към мрежата ",{"t":"idOrVar","v":"n"},"."]},{"$i":"wifi-connect-fail","$v":["Неправилна парола за ",{"t":"idOrVar","v":"n"},"."]},{"$i":"wifi-connect-fail-username-or-password","$v":["Неправилно. потр. име/парола за ",{"t":"idOrVar","v":"n"},"."]},{"$i":"wifi-ip-set-fail","$v":"IP настройки са неуспешни."},{"$i":"wifi-pw-length-error","$v":"Парол. трябва да е над 8 симв."},{"$i":"password","$v":"Парола"},{"$i":"showPassword","$v":"Показване на парола"},{"$i":"connect","$v":"Свързване"},{"$i":"rescanCompleted","$v":"Rescan завършен."},{"$i":"eap-method","$v":"EAP метод"},{"$i":"phase-authentication","$v":"Удостов. фаза 2"},{"$i":"server-certificate","$v":"Сертиф. на сървър"},{"$i":"username","$v":"Потребителско име"},{"$i":"eap-sim","$v":"SIM"},{"$i":"eap-aka","$v":"AKA"},{"$i":"eap-peap","$v":"PEAP"},{"$i":"eap-ttls","$v":"TTLS"},{"$i":"eap-akae","$v":"AKA'"},{"$i":"sim1","$v":"SIM1"},{"$i":"sim2","$v":"SIM2"},{"$i":"auth-with","$v":"Удостоверяване с"},{"$i":"sim-carrier-text","$v":["SIM",{"t":"idOrVar","v":"index"}," – ",{"t":"idOrVar","v":"carrierName"}]},{"$i":"auth-phase2-no","$v":"Не"},{"$i":"auth-phase2-pap","$v":"PAP"},{"$i":"auth-phase2-mschap","$v":"MSCHAP"},{"$i":"auth-phase2-mschapv2","$v":"MSCHAP V2"},{"$i":"auth-phase2-gtc","$v":"GTC"},{"$i":"server-certificate-none","$v":"--"},{"$i":"failedToConnect","$v":"Неуспешно свързване"},{"$i":"select","$v":"Избор"},{"$i":"skip","$v":"Пропус."},{"$i":"next","$v":"Напред"},{"$i":"accept","$v":"Приемам"},{"$i":"cancel","$v":"Отмяна"},{"$i":"ok","$v":"ОК"},{"$i":"notNow","$v":"Не сега"},{"$i":"forget","$v":"Забравяне"},{"$i":"confirmation","$v":"Потвърждаване"},{"$i":"forget-network","$v":"Забравяне на мрежа?"},{"$i":"network-forgotten","$v":"Мрежата е забравена."},{"$i":"hfa","$v":"HFA"},{"$i":"setup-phone-verification","$v":"Потвърждение на телефона"},{"$i":"phone-verification-entry-message","$v":"Настройте акаунт, като потвърдите номера си, за да осъщ. достъп до магазина и доп. услуги."},{"$i":"phone-verification-skip-message","$v":"Потвърждението на телефона ви е незавършено. Можете да потвърдите по-късно в Настройки > Акаунт. Потвръждението е нужно за достъп до магазина и доп. услуги."},{"$i":"anti-theft","$v":"Антикражба"},{"$i":"anti-theft-info","$v":"Надяваме се никога да не изгубите телефона си, но ако се случи, можем да защитим данните ви с функциите ни за дистанционно заключване и изтриване. Когато сте готови, отидете в настройките, за да зададете акаунта си за KaiOS."},{"$i":"select-language","$v":"Изберете език"},{"$i":"language-current","$v":"Текущи"},{"$i":"language-readout-on","$v":"Прочитане на глас"},{"$i":"language-readout-off","$v":"Прочитане на глас"},{"$i":"readout-rule","$v":"За да включите режим на четене, моля натиснете левия софтуерен клавиш."},{"$i":"close-readout","$v":"Режим проч. на глас: дезакт. За да го вкл., натиснете левия софтуерен клавиш."},{"$i":"open-readout","$v":["Режим проч. на глас: акт. Изберете език. ",{"t":"idOrVar","v":"selectedLang"},". Елемент 1 от ",{"t":"idOrVar","v":"count"},"."]},{"$i":"decline-info","$v":"За да се използва това устройство, се изисква приемане на правилата и условията."},{"$i":"kaios-license","$v":"Условия и Политика за поверителност"},{"$i":"decline","$v":"Отклоняване"},{"$i":"privacy-confirm","$v":"С натискане на „Приемам“ приемате правилата за поверителност и лиценз. условия на KaiOS."},{"$i":"open-url","$v":"ОТВ. URL АДРЕСА"},{"$i":"privacy-terms-short","$v":"Чрез достъпа до софтуер, услуги и приложения на KaiOS на устройството вие приемате и се съгласявате с ЛСКП и условията за поверителност на KaiOS, налични тук"},{"$i":"lyf-license","$v":"Условия за лиценз на LYF"},{"$i":"emergency","$v":"Спешно повикване"},{"$i":"done","$v":"Готово"},{"$i":"about-kaios-agree","$v":"Искам да помогна, като изпратя аналитични данни."},{"$i":"about-kaios-age","$v":"Аз съм на възраст над 16 години."},{"$i":"about-kaios-ad","$v":"Използвайте данните ми за подобряване на рекламното ми преживяване."},{"$i":"deselect","$v":"Размаркиране"},{"$i":"selectKeyboard","$v":"Изберете клавиатура"},{"$i":"more","$v":"Още >"},{"$i":"ellipses-char","$v":"…"},{"$i":"location-access","$v":"Достъп до местоположение"},{"$i":"location-content","$v":"KaiOS използва данни като GPS, Wi-Fi и мобилна мрежа близо до вас, за да ви помогне да определите приблизителната си позиция."},{"$i":"deny","$v":"Отказ"},{"$i":"allow","$v":"Разрешаване"},{"$i":"always-on-voice","$v":"Винаги на глас"},{"$i":"aov-p1","$v":"Конфигуриране на Always On-Voice?"},{"$i":"aov-p2","$v":["Щрак. върху ",{"t":"idOrVar","v":"proceed"}," за започ. конф."]},{"$i":"aov-p3","$v":"Always On-Voice ви позволява да работите с глас. ас. Hello Jio, като създава профил за вас и близките ви."},{"$i":"aov-p4","$v":"Тези глас. профили ще ви позволят да контрол. тел. си, както и да изпълн. и други функции с гл. команди."},{"$i":"aov-later","$v":"Later"},{"$i":"aov-proceed","$v":"Продължаване"},{"$i":"data-connectivity","$v":"Съобщение за предупреждение"},{"$i":"data-message","$v":"Съветникът за настройка ще използва данни чрез мобилна мрежа по време на първоначалната настройка на смартфона."},{"$i":"qtn-privacy-terms-welcome","$v":"Добре дошли"},{"$i":"qtn-privacy-policy-description-1","$v":["Благодарим ви, че избрахте ",{"t":"idOrVar","v":"WDM"},"."]},{"$i":"qtn-privacy-policy-description-2","$v":"Вашето използване на услугите и приложенията на HMD Global се регулира от Правилата за поверителност на HMD Global, налични на www.nokia.com/mobile-privacy."},{"$i":"qtn-privacy-policy-description-3","$v":["Вашето използване на услугите и приложенията на KaiOS се регулира от KaiOS EULA и правилата за поверителност, налични на ",{"t":"idOrVar","v":"WDM"},"."]},{"$i":"qtn-privacy-policy-description-4","$v":{"$o":"Инф. за активиране на устройството, както и еднократна инф. за местонах., уникалната идентификация и мрежата на устройството, ще бъдат изпратени на KAI & HMD."}},{"$i":"qtn-privacy-policy-description-5","$v":"Тази информация ни помага да сме по-добре адаптирани към вашата държава, а също и да предоставяме софтуерни актуализации, клиентска поддръжка и активиране на услуги."},{"$i":"qtn-privacy-policy-description-6","$v":"Може да са прил. такси за моб. данни."},{"$i":"qtn-privacy-policy-description-7","$v":"Ще получавате известия за поверителността и други известия, когато използвате други функции на вашето устройство."},{"$i":"aov-content-readout","$v":"Конф. на Always On-Voice? Щракнете върху aov-later=По-късно"},{"$i":"software-update","$v":"Настройки на актуал. за софтуер"},{"$i":"wifi-or-mobile-data","$v":"Wi-Fi или мобилна мрежа"},{"$i":"wlan-or-mobile-data","$v":"Wi-Fi или мобилна мрежа"},{"$i":"wifi-only","$v":"Само Wi-Fi"},{"$i":"wlan-only","$v":"Само Wi-Fi"},{"$i":"software-update-tips","$v":"Когато изтегляте чрез мобилна мрежа, може да са приложими допълнителни такси."}]