[{"$i":"wifi","$v":"একটি নেটওয়ার্ক বেছে নিন"},{"$i":"ssid","$v":"SSID"},{"$i":"no-wifi-found","$v":"কোন নেটওয়ার্ক উপলব্ধ নয়"},{"$i":"wifi-searching","$v":"নেটওয়ার্ক অনুসন্ধান করা হচ্ছে..."},{"$i":"security-open","$v":"খুলুন"},{"$i":"shortStatus-connecting","$v":"সংযোগ হচ্ছে…"},{"$i":"shortStatus-associated","$v":"IP ঠিকানা প্রাপ্ত করা হচ্ছে…"},{"$i":"shortStatus-authenticating","$v":"প্রমাণীকরণ করা হচ্ছে..."},{"$i":"shortStatus-connected","$v":"সংযুক্ত"},{"$i":"shortStatus-associationreject","$v":"সংযোগ ব্যর্থ হয়েছে"},{"$i":"shortStatus-disconnected","$v":"অফলাইন"},{"$i":"shortStatus-connected-no-internet","$v":"সংযুক্ত, ইন্টারনেট নেই"},{"$i":"shortStatus-dhcpfailed","$v":"IP ব্যর্থ"},{"$i":"shortStatus-authenticationfailed","$v":"ভুল পাসওয়ার্ড"},{"$i":"securityWEP","$v":"WEP"},{"$i":"securityWPA-PSK","$v":"WPA-PSK"},{"$i":"securityWPA-EAP","$v":"WPA-EAP"},{"$i":"securityWPA2-PSK","$v":"WPA2-PSK"},{"$i":"securityWPA/WPA2-PSK","$v":"WPA/WPA2-PSK"},{"$i":"securedBy","$v":[{"t":"idOrVar","v":"capabilities"}]},{"$i":"securedByWay","$v":["এর মাধ্যমে নিরাপদ ",{"t":"idOrVar","v":"capabilities"}]},{"$i":"security","$v":"নিরাপত্তা"},{"$i":"signalStrength","$v":"সিগনালের ক্ষমতা"},{"$i":"signalLevel0","$v":"খুব দুর্বল"},{"$i":"signalLevel1","$v":"দুর্বল"},{"$i":"signalLevel2","$v":"গড়"},{"$i":"signalLevel3","$v":"ভাল"},{"$i":"signalLevel4","$v":"খুব ভালো"},{"$i":"ipAddress","$v":"IP ঠিকানা"},{"$i":"linkSpeed","$v":"লিঙ্কের গতি"},{"$i":"linkSpeedMbs","$v":[{"t":"idOrVar","v":"linkSpeed"}," Mbit/s"]},{"$i":"wifi-rescan","$v":"রিস্ক্যান"},{"$i":"wifi-join-fail","$v":["নেটওয়ার্ক যুক্ত করা যাবে না",{"t":"idOrVar","v":"n"},"।"]},{"$i":"wifi-connect-fail","$v":["-এর জন্য ভুল পাসওয়ার্ড ",{"t":"idOrVar","v":"n"},"।"]},{"$i":"wifi-connect-fail-username-or-password","$v":[{"t":"idOrVar","v":"n"},"-এর জন্য ইউজারনেম ও পাসওয়ার্ড ভুল।"]},{"$i":"wifi-ip-set-fail","$v":"IP সেটিং ব্যর্থ হয়েছে।"},{"$i":"wifi-pw-length-error","$v":"পাসওয়ার্ডের দৈঘ্য 8 অক্ষরের বেশি হওয়া আবশ্যক।"},{"$i":"password","$v":"পাসওয়ার্ড"},{"$i":"showPassword","$v":"পাসওয়ার্ড দেখান"},{"$i":"connect","$v":"সংযোগ করুন"},{"$i":"rescanCompleted","$v":"পুনরায় স্ক্যান সম্পন্ন হয়েছে।"},{"$i":"eap-method","$v":"EAP পদ্ধতি"},{"$i":"phase-authentication","$v":"ধাপ 2 প্রমাণীকরণ"},{"$i":"server-certificate","$v":"সার্ভারের শংসাপত্র"},{"$i":"username","$v":"ইউজার নেম"},{"$i":"eap-sim","$v":"সিম"},{"$i":"eap-aka","$v":"AKA"},{"$i":"eap-peap","$v":"PEAP"},{"$i":"eap-ttls","$v":"TTLS"},{"$i":"eap-akae","$v":"AKA'"},{"$i":"sim1","$v":"SIM1"},{"$i":"sim2","$v":"SIM2"},{"$i":"auth-with","$v":"এই দিয়ে যাচাই করুন"},{"$i":"sim-carrier-text","$v":["SIM",{"t":"idOrVar","v":"index"}," - ",{"t":"idOrVar","v":"carrierName"}]},{"$i":"auth-phase2-no","$v":"না"},{"$i":"auth-phase2-pap","$v":"PAP"},{"$i":"auth-phase2-mschap","$v":"MSCHAP"},{"$i":"auth-phase2-mschapv2","$v":"MSCHAP V2"},{"$i":"auth-phase2-gtc","$v":"GTC"},{"$i":"server-certificate-none","$v":"--"},{"$i":"failedToConnect","$v":"সংযোগ করা যায়নি"},{"$i":"select","$v":"নির্বাচন করুন"},{"$i":"skip","$v":"এড়িয়ে যান"},{"$i":"next","$v":"পরবর্তী"},{"$i":"accept","$v":"স্বীকার করুন"},{"$i":"cancel","$v":"বাতিল করুন"},{"$i":"ok","$v":"ঠিক আছে"},{"$i":"notNow","$v":"এখনই নয়"},{"$i":"forget","$v":"ভুলে যান"},{"$i":"confirmation","$v":"নিশ্চিতকরণ"},{"$i":"forget-network","$v":"নেটওয়ার্ক ভুলবেন?"},{"$i":"network-forgotten","$v":"নেটওয়ার্ক ভুলে যাওয়া হয়েছে।"},{"$i":"hfa","$v":"HFA"},{"$i":"setup-phone-verification","$v":"ফোন যাচাইকরণ"},{"$i":"phone-verification-entry-message","$v":"স্টোর ও অতিরিক্ত পরিষেবার প্রবেশাধিকার পাওয়ার জন্য আপনার নম্বর যাচাই করার মাধ্যমে একটি অ্যাকাউন্ট সেটআপ করুন।"},{"$i":"phone-verification-skip-message","$v":"আপনার ফোন যাচাইকরণ অসম্পূর্ণ রয়েছে। আপনি পরে সেটিংস > অ্যাকাউন্ট এ গিয়ে যাচাই করতে পারেন। স্টোর ও অতিরিক্ত পরিষেবার প্রবেশাধিকারের জন্য যাচাইকরণ প্রয়োজন।"},{"$i":"anti-theft","$v":"অ্যান্টি থেফ্ট"},{"$i":"anti-theft-info","$v":"আমরা আশা করছি আপনি কখনই আপনার ফোন হারাবেন না, কিন্তু আপনার ফোন হারিয়ে গেলে, আপনি রিমোট লক ও মোছার বৈশিষ্ট্যের মাধ্যমে আপনার ডেটা সুরক্ষিত করতে পারে। আপনি যখন প্রস্তুত থাকবেন তখন আপনার KaiOS অ্যাকউন্ট সেটআপ করতে সেটিংসে যান।"},{"$i":"select-language","$v":"ভাষা নির্বাচন করুন"},{"$i":"language-current","$v":"বর্তমান"},{"$i":"language-readout-on","$v":"জোরে জোরে পড়ুন"},{"$i":"language-readout-off","$v":"জোরে জোরে পড়ুন"},{"$i":"readout-rule","$v":"রিডআউট মোডটি চালু করতে, দয়া করে বাম সফ্টওয়্যার কী টিপুন।"},{"$i":"close-readout","$v":"রিডআউট মোড নিষ্ক্রিয় করা হয়েছে। রিডআউট মোড চালু করতে, অনুগ্রহ বামে সফ্টওয়্যার কী টিপুন।"},{"$i":"open-readout","$v":["রিডআউট মোড সক্রিয় আছে। ভাষা বেছে নিন। ",{"t":"idOrVar","v":"selectedLang"},"। ",{"t":"idOrVar","v":"count"}," টির মধ্যে 1টি আইটেম।"]},{"$i":"decline-info","$v":"এই ডিভাইস ব্যবহার করতে শর্তাবলীর সঙ্গে সম্মত হওয়া আবশ্যক।"},{"$i":"kaios-license","$v":"শর্তাদি এবং গোপনীয়তা নীতি"},{"$i":"decline","$v":"প্রত্যাখ্যান করুন"},{"$i":"privacy-confirm","$v":"‘স্বীকার করুন' টিপে আপনি KaiOS লাইসেন্সের শর্তাবলী এবং গোপনীয়তা নীতির সঙ্গে সম্মত হচ্ছেন।"},{"$i":"open-url","$v":"URL খুলুন"},{"$i":"privacy-terms-short","$v":"KaiOS সফ্টওয়্যার, পরিষেবা ও আপনার যন্ত্রের প্রয়োগসমূহে অ্যাক্সেস করে ও তা ব্যবহার করে, আপনি KaiOS EULA এবং গোপনীয়তার শর্তাবলী স্বীকার করেন এবং তা মেনে চলতে সম্মত হন, যা এখানে খুঁজে পাওয়া যাবেre"},{"$i":"lyf-license","$v":"LYF লাইসেন্সের শর্তাবলী"},{"$i":"emergency","$v":"জরুরি"},{"$i":"done","$v":"সম্পূর্ণ হয়েছে"},{"$i":"about-kaios-agree","$v":"আমি বিশ্লেষণ তথ্য পাঠিয়ে সাহায্য করতে চান।"},{"$i":"about-kaios-age","$v":"আমি 16 বছর বয়সী।"},{"$i":"about-kaios-ad","$v":"আমার বিজ্ঞাপন অভিজ্ঞতা উন্নত করতে আমার ডেটা ব্যবহার করুন।"},{"$i":"deselect","$v":"অনির্বাচন করুন"},{"$i":"selectKeyboard","$v":"কীবোর্ড নির্বাচন করুন"},{"$i":"more","$v":"আরো >"},{"$i":"ellipses-char","$v":"…"},{"$i":"location-access","$v":"অবস্থান অ্যাক্সেস"},{"$i":"location-content","$v":"KaiOS আপনাকে আপনার আনুমানিক অবস্থান নির্ধারণে সহায়তা করতে আপনার কাছাকাছি GPS, Wi-Fi এবং মোবাইল নেটওয়ার্কের মত ডেটা ব্যবহার করে।"},{"$i":"deny","$v":"অস্বীকার করুন"},{"$i":"allow","$v":"মঞ্জুর করুন"},{"$i":"always-on-voice","$v":"সর্বদা অন-ভয়েস"},{"$i":"aov-p1","$v":"আপনি কি Always On-Voice-এ কনফিগার করতে চান?"},{"$i":"aov-p2","$v":["কনফিগারেশন শুরু করতে ",{"t":"idOrVar","v":"proceed"},"-এ ক্লিক করুন।"]},{"$i":"aov-p3","$v":"আপনার ও আপনার প্রিয়জনের জন্য একটি প্রোফাইল তৈরি করে Always On-Voice আপনাকে আপনার ভয়েস অ্যাসিস্ট্যান্ট ‘Hello Jio’-এর সাথে কাজ করতে দেয়।"},{"$i":"aov-p4","$v":"এই ভয়েস প্রোফাইল আপনাকে আপনার ফোন নিয়ন্ত্রণ করার ও ভয়েস কমান্ডের সাথে অন্য ফাংশন সম্পাদনের অনুমতি দেবে।"},{"$i":"aov-later","$v":"পরে"},{"$i":"aov-proceed","$v":"এগিয়ে যান"},{"$i":"data-connectivity","$v":"বিপদ সঙ্কেত বার্তা"},{"$i":"data-message","$v":"সেটআপ উইজার্ড স্মার্টফোনের সেটআপ শুরুর সময় মোবাইল নেটওয়ার্কের ডেটা খরচ করতে পারে।"},{"$i":"qtn-privacy-terms-welcome","$v":"স্বাগতম"},{"$i":"qtn-privacy-policy-description-1","$v":[{"t":"idOrVar","v":"WDM"}," বেছে নেওয়ার জন্য ধন্যবাদ।"]},{"$i":"qtn-privacy-policy-description-2","$v":"আপনার ডিভাইসে আপনার HMD Global পরিষেবা এবং অ্যাপ্লিকেশন ব্যবহার HMD Global গোপনীয়তা নীতি দিয়ে পরিচালিত হয়, নীতিটি www.nokia.com/mobile-privacy ওয়েবসাইটে উপলব্ধ।"},{"$i":"qtn-privacy-policy-description-3","$v":["আপনার ডিভাইসে আপনার KaiOS সফ্টওয়্যার, পরিষেবা এবং অ্যাপ্লিকেশন ব্যবহার KaiOS EULA এবং গোপনীয়তা শর্তাদি দিয়ে পরিচালিত হয়, যা ",{"t":"idOrVar","v":"WDM"}," এ উপলব্ধ।"]},{"$i":"qtn-privacy-policy-description-4","$v":{"$o":"আপনার অনন্য ডিভাইস এবং নেটওয়ার্ক তথ্যের পাশাপাশি একবারের ডিভাইস অবস্থান সমেত ডিভাইস সক্রিয় করার তথ্য KAI & HMD এ পাঠানো হবে।"}},{"$i":"qtn-privacy-policy-description-5","$v":"এই তথ্য আমাদের আপনার দেশ বিশেষে প্রযোজ্য চাহিদা ভালো ভাবে পূরণ করতে, সফ্টওয়্যার আপডেট করতে, গ্রাহক সহায়তা দিতে এবং পরিষেবাগুলি চালু করতে সহায়তা করে।"},{"$i":"qtn-privacy-policy-description-6","$v":"ডেটা চার্জ প্রযোজ্য হতে পারে।"},{"$i":"qtn-privacy-policy-description-7","$v":"আপনি আপনার ডিভাইসের অন্যান্য বৈশিষ্ট্যগুলি ব্যবহারের সময়ে গোপনীয়তা বা অন্যান্য বিজ্ঞপ্তি দেওয়া হতে পারে।"},{"$i":"aov-content-readout","$v":"আপনি কি Always On-Voice-এ কনফিগার করতে চান? \\-এ ক্লিক করুন"},{"$i":"software-update","$v":"সফ্টওয়্যার আপডেটের সেটিংস"},{"$i":"wifi-or-mobile-data","$v":"Wi-Fi অথবা মোবাইল নেটওয়ার্ক"},{"$i":"wlan-or-mobile-data","$v":"Wi-Fi অথবা মোবাইল নেটওয়ার্ক"},{"$i":"wifi-only","$v":"শুধুমাত্র Wi-Fi"},{"$i":"wlan-only","$v":"শুধুমাত্র Wi-Fi"},{"$i":"software-update-tips","$v":"মোবাইল নেটওয়ার্ক ব্যবহার করে ডাউনলোড করলে অতিরিক্ত খরচ লাগতে পারে।"}]