[{"$i":"wifi","$v":"একটি নেটওয়ার্ক নির্বাচন করুন"},{"$i":"ssid","$v":"SSID"},{"$i":"no-wifi-found","$v":"কোনো নেটওয়ার্ক উপলব্ধ নেই"},{"$i":"wifi-searching","$v":"নেটওয়ার্কগুলি অনুসন্ধান করছে..."},{"$i":"security-open","$v":"খুলুন"},{"$i":"shortStatus-connecting","$v":"সংযুক্ত হচ্ছে..."},{"$i":"shortStatus-associated","$v":"একটি IP অ্যাড্রেস প্রাপ্ত হচ্ছে .."},{"$i":"shortStatus-authenticating","$v":"প্রমাণীকরণ করা হচ্ছে..."},{"$i":"shortStatus-connected","$v":"সংযুক্ত হয়েছে"},{"$i":"shortStatus-associationreject","$v":"সংযোগ ব্যর্থ হয়েছে"},{"$i":"shortStatus-disconnected","$v":"অফলাইন"},{"$i":"shortStatus-connected-no-internet","$v":"সংযুক্ত, ইন্টারনেট নেই"},{"$i":"shortStatus-dhcpfailed","$v":"IP ব্যর্থ হয়েছে"},{"$i":"shortStatus-authenticationfailed","$v":"ভুল পাসওয়ার্ড"},{"$i":"securityWEP","$v":"WEP"},{"$i":"securityWPA-PSK","$v":"WPA-PSK"},{"$i":"securityWPA-EAP","$v":"WPA-EAP"},{"$i":"securityWPA2-PSK","$v":"WPA2-PSK"},{"$i":"securityWPA/WPA2-PSK","$v":"WPA/WPA2-PSK"},{"$i":"securedBy","$v":[{"t":"idOrVar","v":"capabilities"}]},{"$i":"securedByWay","$v":[{"t":"idOrVar","v":"capabilities"}," দ্বারা সুরক্ষিত"]},{"$i":"security","$v":"সুরক্ষা"},{"$i":"signalStrength","$v":"সিগন্যাল ক্ষমতা"},{"$i":"signalLevel0","$v":"খুব দুর্বল"},{"$i":"signalLevel1","$v":"দুর্বল"},{"$i":"signalLevel2","$v":"গড়"},{"$i":"signalLevel3","$v":"ভালো"},{"$i":"signalLevel4","$v":"খুব ভালো"},{"$i":"ipAddress","$v":"IP অ্যাড্রেস"},{"$i":"linkSpeed","$v":"লিঙ্ক গতি"},{"$i":"linkSpeedMbs","$v":[{"t":"idOrVar","v":"linkSpeed"}," Mbit/s"]},{"$i":"wifi-rescan","$v":"আবার স্ক্যান করুন"},{"$i":"wifi-join-fail","$v":[{"t":"idOrVar","v":"n"}," নেটওয়ার্ক যুক্ত করা যাবে না ।"]},{"$i":"wifi-connect-fail","$v":[{"t":"idOrVar","v":"n"}," -এর জন্য ভুল পাসওয়ার্ড ।"]},{"$i":"wifi-connect-fail-username-or-password","$v":[{"t":"idOrVar","v":"n"}," -এর জন্য ভুল ব্যবহারকারীর নাম বা পাসওয়ার্ড।"]},{"$i":"wifi-ip-set-fail","$v":"IP সেটিংস ব্যর্থ হয়েছে।"},{"$i":"wifi-pw-length-error","$v":"পাসওয়ার্ডের দৈর্ঘ্য 8 অক্ষরের বেশি হতে হবে ।"},{"$i":"password","$v":"পাসওয়ার্ড"},{"$i":"showPassword","$v":"পাসওয়ার্ড দেখান"},{"$i":"connect","$v":"সংযুক্ত করুন"},{"$i":"rescanCompleted","$v":"রিস্ক্যান সম্পন্ন হয়েছে।"},{"$i":"eap-method","$v":"EAP পদ্ধতি"},{"$i":"phase-authentication","$v":"ফেজ 2 এর প্রমাণীকরণ"},{"$i":"server-certificate","$v":"সার্ভারের প্রমাণপত্র"},{"$i":"username","$v":"ইউজার নাম"},{"$i":"eap-sim","$v":"সিম"},{"$i":"eap-aka","$v":"AKA"},{"$i":"eap-peap","$v":"PEAP"},{"$i":"eap-ttls","$v":"TTLS"},{"$i":"eap-akae","$v":"এ.কে.এ'"},{"$i":"sim1","$v":"SIM1"},{"$i":"sim2","$v":"SIM2"},{"$i":"auth-with","$v":"এর সাথে প্রমাণীকরণ করুন"},{"$i":"sim-carrier-text","$v":["সিম",{"t":"idOrVar","v":"index"}," - ",{"t":"idOrVar","v":"carrierName"}]},{"$i":"auth-phase2-no","$v":"না"},{"$i":"auth-phase2-pap","$v":"PAP"},{"$i":"auth-phase2-mschap","$v":"MSCHAP"},{"$i":"auth-phase2-mschapv2","$v":"MSCHAP V2"},{"$i":"auth-phase2-gtc","$v":"GTC"},{"$i":"server-certificate-none","$v":"--"},{"$i":"failedToConnect","$v":"সংযোগ করতে ব্যর্থ"},{"$i":"select","$v":"নির্বাচন করুন"},{"$i":"skip","$v":"স্কিপ"},{"$i":"next","$v":"পরবর্তী"},{"$i":"accept","$v":"স্বীকার"},{"$i":"cancel","$v":"বাতিল করুন"},{"$i":"ok","$v":"ঠিক আছে"},{"$i":"notNow","$v":"এখন নয়"},{"$i":"forget","$v":"ভুলে যান"},{"$i":"confirmation","$v":"নিশ্চিতকরণ"},{"$i":"forget-network","$v":"নেটওয়ার্ক ভুলবেন?"},{"$i":"network-forgotten","$v":"নেটওয়ার্ক ভুলে গেছেন I"},{"$i":"hfa","$v":"HFA"},{"$i":"setup-phone-verification","$v":"ফোন যাচাইকরণ"},{"$i":"phone-verification-entry-message","$v":"স্টোর এবং অতিরিক্ত পরিষেবা অ্যাক্সেস করার জন্য আপনার নম্বর যাচাই করে একটি অ্যাকাউন্ট সেটআপ করুন I"},{"$i":"phone-verification-skip-message","$v":"আপনার ফোন যাচাই অসম্পূর্ণ রয়ে গেছে I আপনি সেটিংস> অ্যাকাউন্টে গিয়ে পরে যাচাই করতে পারবেন I স্টোর এবং অতিরিক্ত পরিষেবা অ্যাক্সেস করতে যাচাইকরণের প্রয়োজন।"},{"$i":"anti-theft","$v":"অ্যান্টি-থেফ্ট"},{"$i":"anti-theft-info","$v":"আমরা আশা করছি যে আপনি কখনই আপনার ফোন হারাবেন না কিন্তু আপনি ফোন হারালে আপনি আমাদের রিমোট লক ও মুছে দেয়ার বৈশিষ্ট্যের মাধ্যমে আপনার ডেটা সুরক্ষিত করতে পারেন। যখন আপনি প্রস্তুত থাকবেন তখন আপনার KaiOS অ্যাকাউন্ট সেটআপ করতে সেটিংসে যান ।"},{"$i":"select-language","$v":"ভাষা নির্বাচন করুন"},{"$i":"language-current","$v":"বর্তমান"},{"$i":"language-readout-on","$v":"রিডআউট"},{"$i":"language-readout-off","$v":"রিডআউট"},{"$i":"readout-rule","$v":"রিডআউট মোড চালু করতে, অনুগ্রহ করে বাম সফ্টওয়্যার কী প্রেস করুন।"},{"$i":"close-readout","$v":"রিডআউট মোড অক্ষম করা হয়েছে। রিডআউট মোড চালু করতে, অনুগ্রহ করে বাম সফ্টওয়্যার কী প্রেস করুন।"},{"$i":"open-readout","$v":["রিডআউট মোড সক্ষম করা হয়েছে। ভাষা নির্বাচন করুন। ",{"t":"idOrVar","v":"selectedLang"},". ",{"t":"idOrVar","v":"count"}," এর আইটেম 1"]},{"$i":"decline-info","$v":"এই ডিভাইসটি ব্যবহার করতে কাই.ও.এস এর লাইসেন্সের শর্তাবলী এবং গোপনীয়তা নীতি স্বীকার করা প্রয়োজন।"},{"$i":"kaios-license","$v":"কাই.ও.এস এর লাইসেন্সের শর্তাবলী এবং গোপনীয়তার নীতি"},{"$i":"decline","$v":"অস্বীকার করুন"},{"$i":"privacy-confirm","$v":"স্বীকার করছি, প্রেস করে আপনি কাই.ও.এস এর লাইসেন্সের শর্তাবলী এবং গোপনীয়তার নীতিতে সম্মত হচ্ছেন।"},{"$i":"open-url","$v":"ইউ.আর.এল খুলুন"},{"$i":"privacy-terms-short","$v":"আপনার ডিভাইসে কাই.ও.এস সফ্টওয়্যার, পরিষেবা এবং অ্যাপ্লিকেশন অ্যাক্সেস করে ও ব্যবহার করে, আপনি এখানে উল্লিখিত কাই.ও.এস ই.ইউ.এল.এ এবং গোপনীয়তা শর্তাদি মেনে চলতে সম্মত হচ্ছেন এবং স্বীকার করছেন"},{"$i":"lyf-license","$v":"LYF লাইসেন্স শর্ত"},{"$i":"emergency","$v":"জরুরী"},{"$i":"done","$v":"সম্পন্ন"},{"$i":"about-kaios-agree","$v":"আমি অ্যানালিটিক্স তথ্য পাঠিয়ে সাহায্য করতে চাই।"},{"$i":"about-kaios-age","$v":"আমার বয়স 16 বছরের অধিক ।"},{"$i":"about-kaios-ad","$v":"আমার বিজ্ঞাপন অভিজ্ঞতা উন্নত করতে আমার ডেটা ব্যবহার করুন।"},{"$i":"deselect","$v":"অনির্বাচন করুন"},{"$i":"selectKeyboard","$v":"কীবোর্ড নির্বাচন করুন"},{"$i":"more","$v":"আরও >"},{"$i":"ellipses-char","$v":"…"},{"$i":"location-access","$v":"লোকেশনের অ্যাক্সেস"},{"$i":"location-content","$v":"KaiOS uses data such as GPS, Wi-Fi and mobile network near you to help determine your approximate position."},{"$i":"deny","$v":"আস্বীকার করুন"},{"$i":"allow","$v":"অনুমতি দিন"},{"$i":"always-on-voice","$v":"অলওয়েজ-অন ভয়েস"},{"$i":"aov-p1","$v":"আপনি কি সর্বদা অন-ভয়েস কনফিগার করতে চান?"},{"$i":"aov-p2","$v":["কনফিগারেশন শুরু করতে ",{"t":"idOrVar","v":"proceed"}," এ ক্লিক করুন।"]},{"$i":"aov-p3","$v":"সর্বদা অন-ভয়েস আপনার এবং আপনার ঘনিষ্ঠদের জন্য একটি প্রোফাইল তৈরি করে, ও আপনার ভয়েস সহকারী ‘হ্যালো জিও’ এর সাথে কাজ করার সুবিধা প্রদান করে।"},{"$i":"aov-p4","$v":"এই ভয়েস প্রোফাইল আপনাকে আপনার ফোন নিয়ন্ত্রণ করতে এবং ভয়েস কমান্ড দ্বারা অন্যান্য কাজগুলি সম্পাদন করতে অনুমতি দেয়।"},{"$i":"aov-later","$v":"Later"},{"$i":"aov-proceed","$v":"এগিয়ে যান"},{"$i":"data-connectivity","$v":"সতর্কীকরণ বার্তা"},{"$i":"data-message","$v":"স্মার্ট ফোনের প্রাথমিক সেটআপের সময় সেটআপ উইজার্ড মোবাইল নেটওয়ার্কের মাধ্যমে ডাটা ব্যবহার করতে পারে।"},{"$i":"qtn-privacy-terms-welcome","$v":"স্বাগত"},{"$i":"qtn-privacy-policy-description-1","$v":[{"t":"idOrVar","v":"WDM"}," মনোনয়ন করার জন্য ধন্যবাদ।"]},{"$i":"qtn-privacy-policy-description-2","$v":"আপনার ডিভাইসে HMD Global পরিষেবা ও প্রয়োগগুলির ব্যবহার HMD Global গোপনীয়তা নীতির দ্বারা নিয়ন্ত্রিত হয়, যা www.nokia.com/mobile-privacy সাইটে উপলভ্য।"},{"$i":"qtn-privacy-policy-description-3","$v":["আপনার ডিভাইসে KaiOS সফ্টওয়্যার, পরিষেবা ও প্রয়োগগুলির ব্যবহার KaiOS EULA এবং গোপনীয়তা শর্তাবলী দ্বারা নিয়ন্ত্রিত হয়, যা ",{"t":"idOrVar","v":"WDM"}," সাইটে উপলভ্য।"]},{"$i":"qtn-privacy-policy-description-4","$v":{"$o":"এককালীন ডিভাইস অবস্থান সহ ডিভাইস সক্রিয়করণ তথ্য KAI & HMD-এ পাঠানো হবে, যার সাথে আপনার অদ্বিতীয় ডিভাইস ও নেটওয়ার্ক সম্পর্কিত তথ্যও থাকবে।"}},{"$i":"qtn-privacy-policy-description-5","$v":"এই তথ্য আপনার দেশের চাহিদা পূরণ করতে, সফ্টওয়্যার আপডেট ও গ্রাহক পরিষেবা প্রদান করতে এবং বিভিন্ন পরিষেবা সক্রিয় করতে আমাদের সক্ষম করে।"},{"$i":"qtn-privacy-policy-description-6","$v":"ডাটার শুল্ক প্রযোজ্য হতে পারে।"},{"$i":"qtn-privacy-policy-description-7","$v":"যখন আপনি আপনার ডিভাইসের বিভিন্ন বৈশিষ্ট্যগুলি ব্যবহার করবেন তখন গোপনীয়তা অথবা অন্যান্য বিষয় সংক্রান্ত বিজ্ঞপ্তিগুলি প্রদান করা হতে পারে।"},{"$i":"aov-content-readout","$v":"আপনি কি সর্বদা অন-ভয়েস কনফিগার করতে চান? এতে ক্লিক করুন aov-later=পরে"},{"$i":"software-update","$v":"সফ্টওয়্যার আপডেট সেটিংস"},{"$i":"wifi-or-mobile-data","$v":"ওয়াই-ফাই বা মোবাইল নেটওয়ার্ক"},{"$i":"wlan-or-mobile-data","$v":"Wi-Fi or mobile network"},{"$i":"wifi-only","$v":"শুধুমাত্র ওয়াই-ফাই"},{"$i":"wlan-only","$v":"Wi-Fi only"},{"$i":"software-update-tips","$v":"মোবাইল নেটওয়ার্কের মাধ্যমে ডাউনলোড করার সময়, অতিরিক্ত চার্জ প্রযোজ্য হতে পারে।"}]