[{"$i":"wifi","$v":"Vybrat síť"},{"$i":"ssid","$v":"SSID"},{"$i":"no-wifi-found","$v":"Žádné dostupné sítě"},{"$i":"wifi-searching","$v":"Hledání sítí…"},{"$i":"security-open","$v":"Otevřít"},{"$i":"shortStatus-connecting","$v":"Připojování…"},{"$i":"shortStatus-associated","$v":"Získává se IP adresa…"},{"$i":"shortStatus-authenticating","$v":"Ověřování…"},{"$i":"shortStatus-connected","$v":"Připojeno"},{"$i":"shortStatus-associationreject","$v":"Připojení se nezdařilo"},{"$i":"shortStatus-disconnected","$v":"Offline"},{"$i":"shortStatus-connected-no-internet","$v":"Připojeno, bez internetu"},{"$i":"shortStatus-dhcpfailed","$v":"Selhání IP"},{"$i":"shortStatus-authenticationfailed","$v":"Nesprávné heslo"},{"$i":"securityWEP","$v":"WEP"},{"$i":"securityWPA-PSK","$v":"WPA-PSK"},{"$i":"securityWPA-EAP","$v":"WPA-EAP"},{"$i":"securityWPA2-PSK","$v":"WPA2-PSK"},{"$i":"securityWPA/WPA2-PSK","$v":"WPA/WPA2-PSK"},{"$i":"securedBy","$v":[{"t":"idOrVar","v":"capabilities"}]},{"$i":"securedByWay","$v":["Zabezpečení poskytuje ",{"t":"idOrVar","v":"capabilities"}]},{"$i":"security","$v":"Zabezpečení"},{"$i":"signalStrength","$v":"Intenzita signálu"},{"$i":"signalLevel0","$v":"Velmi slabý"},{"$i":"signalLevel1","$v":"Slabá"},{"$i":"signalLevel2","$v":"Prům."},{"$i":"signalLevel3","$v":"Dobrá"},{"$i":"signalLevel4","$v":"Velmi dobrý"},{"$i":"ipAddress","$v":"IP adresa"},{"$i":"linkSpeed","$v":"Rychlost spojení"},{"$i":"linkSpeedMbs","$v":[{"t":"idOrVar","v":"linkSpeed"}," Mbit/s"]},{"$i":"wifi-rescan","$v":"Prohledat znovu"},{"$i":"wifi-join-fail","$v":["Nelze se připojit k síti ",{"t":"idOrVar","v":"n"},"."]},{"$i":"wifi-connect-fail","$v":["Nesprávné heslo pro ",{"t":"idOrVar","v":"n"},"."]},{"$i":"wifi-connect-fail-username-or-password","$v":["Chybné uživatelské jméno nebo heslo pro ",{"t":"idOrVar","v":"n"},"."]},{"$i":"wifi-ip-set-fail","$v":"Selhání nastavení IP."},{"$i":"wifi-pw-length-error","$v":"Heslo musí obsahovat více než 8 znaků."},{"$i":"password","$v":"Heslo"},{"$i":"showPassword","$v":"Zobrazit heslo"},{"$i":"connect","$v":"Připojit"},{"$i":"rescanCompleted","$v":"Rescan dokončen."},{"$i":"eap-method","$v":"Metoda EAP"},{"$i":"phase-authentication","$v":"Ověření fáze 2"},{"$i":"server-certificate","$v":"Certifikát serveru"},{"$i":"username","$v":"Uživatelské jméno"},{"$i":"eap-sim","$v":"SIM"},{"$i":"eap-aka","$v":"AKA"},{"$i":"eap-peap","$v":"PEAP"},{"$i":"eap-ttls","$v":"TTLS"},{"$i":"eap-akae","$v":"AKA'"},{"$i":"sim1","$v":"SIM1"},{"$i":"sim2","$v":"SIM2"},{"$i":"auth-with","$v":"Ověřit pomocí"},{"$i":"sim-carrier-text","$v":["SIM",{"t":"idOrVar","v":"index"}," – ",{"t":"idOrVar","v":"carrierName"}]},{"$i":"auth-phase2-no","$v":"Ne"},{"$i":"auth-phase2-pap","$v":"PAP"},{"$i":"auth-phase2-mschap","$v":"MSCHAP"},{"$i":"auth-phase2-mschapv2","$v":"MSCHAP v2"},{"$i":"auth-phase2-gtc","$v":"GTC"},{"$i":"server-certificate-none","$v":"--"},{"$i":"failedToConnect","$v":"Nepodařilo se připojit"},{"$i":"select","$v":"Vybrat"},{"$i":"skip","$v":"Přeskočit"},{"$i":"next","$v":"Další"},{"$i":"accept","$v":"Přijmout"},{"$i":"cancel","$v":"Zrušit"},{"$i":"ok","$v":"OK"},{"$i":"notNow","$v":"Teď ne"},{"$i":"forget","$v":"Zapomenout"},{"$i":"confirmation","$v":"Potvrzení"},{"$i":"forget-network","$v":"Zapomenout síť?"},{"$i":"network-forgotten","$v":"Síť odebrána."},{"$i":"hfa","$v":"HFA"},{"$i":"setup-phone-verification","$v":"Ověření telefonem"},{"$i":"phone-verification-entry-message","$v":"Pokud chcete získat přístup k obchodu a dalším službám, nastavte účet ověřením čísla."},{"$i":"phone-verification-skip-message","$v":"Vaše telefonické ověření není dokončeno. Ověření můžete provést později v nabídce Nastavení > Účet. Ověření je nutné pro přístup k obchodu a dalším službám."},{"$i":"anti-theft","$v":"Proti krádeži"},{"$i":"anti-theft-info","$v":"Doufáme, že svůj telefon nikdy neztratíte, pokud k tomu ale dojde, svá data můžete chránit pomocí funkcí vzdáleného zámku a vymazání. Jakmile budete připraveni, otevřete část Nastavení a vytvořte si účet KaiOS."},{"$i":"select-language","$v":"Vybrat jazyk"},{"$i":"language-current","$v":"Aktuální"},{"$i":"language-readout-on","$v":"Hlas. čtení"},{"$i":"language-readout-off","$v":"Hlas. čtení"},{"$i":"readout-rule","$v":"Chcete-li zapnout režim čtení, stiskněte levé softwarové tlačítko."},{"$i":"close-readout","$v":"Režim hlas. čtení je vypnutý. Chcete-li ho zapnout, stiskněte levé softwarové tlačítko."},{"$i":"open-readout","$v":["Režim hlas. čtení je zapnutý. Vyberte jazyk. ",{"t":"idOrVar","v":"selectedLang"},". Položka 1 z ",{"t":"idOrVar","v":"count"},"."]},{"$i":"decline-info","$v":"Abyste mohli toto zařízení používat, musíte přijmout Podmínky používání."},{"$i":"kaios-license","$v":"Podmínky a zásady ochrany osobních údajů"},{"$i":"decline","$v":"Odmítnout"},{"$i":"privacy-confirm","$v":"Stisknutím tlačítka Přijmout vyjádříte souhlas s licenčními podmínkami a zásadami ochrany osobních údajů pro KaiOS."},{"$i":"open-url","$v":"OTEVŘÍT ADRESU"},{"$i":"privacy-terms-short","$v":"Používáním softwaru, služeb a aplikací KaiOS v zařízení přijímáte licenční smlouvu s koncovým uživatelem a prohlášení o ochraně soukromí pro KaiOS a souhlasíte, že je budete dodržovat. Tyto dokumenty jsou k dispozici zde"},{"$i":"lyf-license","$v":"Licenční podmínky pro službu LYF"},{"$i":"emergency","$v":"Tísňové volání"},{"$i":"done","$v":"Hotovo"},{"$i":"about-kaios-agree","$v":"Chci vám pomoci zasláním dat o analýze."},{"$i":"about-kaios-age","$v":"Mám více než 16 let."},{"$i":"about-kaios-ad","$v":"Používat moje data ke zlepšování reklam."},{"$i":"deselect","$v":"Zrušit výběr"},{"$i":"selectKeyboard","$v":"Vybrat klávesnici"},{"$i":"more","$v":"Více >"},{"$i":"ellipses-char","$v":"…"},{"$i":"location-access","$v":"Přístup k poloze"},{"$i":"location-content","$v":"KaiOS využívá data, jako je GPS, Wi-Fi a mobilní síť ve vašem okolí, za účelem stanovení vaší přibližné polohy."},{"$i":"deny","$v":"Zamítnout"},{"$i":"allow","$v":"Povolit"},{"$i":"always-on-voice","$v":"Vždy zapnuto"},{"$i":"aov-p1","$v":"Chcete nakonfigurovat Always On-Voice?"},{"$i":"aov-p2","$v":["Kliknutím na ",{"t":"idOrVar","v":"proceed"}," spustíte konfiguraci."]},{"$i":"aov-p3","$v":"Díky funkci Always On-Voice můžete používat hlasového asistenta Hello Jio. Stačí vytvořit profil pro sebe a své blízké."},{"$i":"aov-p4","$v":"Pomocí těchto hlasových profilů budete moct ovládat telefon a provádět další funkce hlasem."},{"$i":"aov-later","$v":"Later"},{"$i":"aov-proceed","$v":"Pokračovat"},{"$i":"data-connectivity","$v":"Upozornění"},{"$i":"data-message","$v":"Průvodce nastavením bude moci během počátečního nastavení chytrého telefonu využít mobilní síť k přenosu dat."},{"$i":"qtn-privacy-terms-welcome","$v":"Vítejte"},{"$i":"qtn-privacy-policy-description-1","$v":["Děkujeme, že jste si vybrali telefon ",{"t":"idOrVar","v":"WDM"},"."]},{"$i":"qtn-privacy-policy-description-2","$v":"Využívání služeb a aplikací společnosti HMD Global ve vašem zařízení se řídí prohlášením společnosti HMD Global o ochraně soukromí, které najdete na adrese www.nokia.com/mobile-privacy."},{"$i":"qtn-privacy-policy-description-3","$v":["Využívání softwaru, služeb a aplikací společnosti KaiOS ve vašem zařízení se řídí prohlášením společnosti KaiOS o ochraně soukromí, které najdete na adrese ",{"t":"idOrVar","v":"WDM"},"."]},{"$i":"qtn-privacy-policy-description-4","$v":{"$o":"Při aktivaci zařízení budou společnosti KAI & HMD zaslány jednorázové informace o poloze zařízení společně s jedinečnými informacemi o zařízení a síti."}},{"$i":"qtn-privacy-policy-description-5","$v":"Tyto informace nám umožňují lépe plnit poptávku ve vaší zemi, nabízet aktualizace softwaru, poskytovat podporu zákazníkům a aktivovat služby."},{"$i":"qtn-privacy-policy-description-6","$v":"Mohou být účtovány poplatky za přenos dat."},{"$i":"qtn-privacy-policy-description-7","$v":"Upozornění k ochraně osobních údajů nebo jiná upozornění mohou být zobrazena, když použijete různé funkce telefonu."},{"$i":"aov-content-readout","$v":"Chcete nakonfigurovat Always On-Voice? Klikněte na aov-later=Později"},{"$i":"software-update","$v":"Nastavení aktualizace softwaru"},{"$i":"wifi-or-mobile-data","$v":"Wi-Fi nebo mobilní data"},{"$i":"wlan-or-mobile-data","$v":"Wi-Fi nebo mobilní síť"},{"$i":"wifi-only","$v":"Pouze Wi-Fi"},{"$i":"wlan-only","$v":"Pouze Wi-Fi"},{"$i":"software-update-tips","$v":"Při stahování přes mobilní síť mohou být účtovány další poplatky."}]