[{"$i":"wifi","$v":"Vælg et netværk"},{"$i":"ssid","$v":"SSID"},{"$i":"no-wifi-found","$v":"Ingen tilgængelige netværk"},{"$i":"wifi-searching","$v":"Søger efter netværk…"},{"$i":"security-open","$v":"Åbn"},{"$i":"shortStatus-connecting","$v":"Opretter forbindelse…"},{"$i":"shortStatus-associated","$v":"Henter en IP-adresse…"},{"$i":"shortStatus-authenticating","$v":"Godkender…"},{"$i":"shortStatus-connected","$v":"Tilsluttet"},{"$i":"shortStatus-associationreject","$v":"Forbindelsen mislykkedes"},{"$i":"shortStatus-disconnected","$v":"Offline"},{"$i":"shortStatus-connected-no-internet","$v":"Tilsluttet, intet internet"},{"$i":"shortStatus-dhcpfailed","$v":"IP mislykkedes"},{"$i":"shortStatus-authenticationfailed","$v":"Forkert adgangskode"},{"$i":"securityWEP","$v":"WEP"},{"$i":"securityWPA-PSK","$v":"WPA-PSK"},{"$i":"securityWPA-EAP","$v":"WPA-EAP"},{"$i":"securityWPA2-PSK","$v":"WPA2-PSK"},{"$i":"securityWPA/WPA2-PSK","$v":"WPA/WPA2-PSK"},{"$i":"securedBy","$v":[{"t":"idOrVar","v":"capabilities"}]},{"$i":"securedByWay","$v":["Sikret af ",{"t":"idOrVar","v":"capabilities"}]},{"$i":"security","$v":"Sikkerhed"},{"$i":"signalStrength","$v":"Signalstyrke"},{"$i":"signalLevel0","$v":"Meget svag"},{"$i":"signalLevel1","$v":"Svag"},{"$i":"signalLevel2","$v":"Gennemsnit"},{"$i":"signalLevel3","$v":"God"},{"$i":"signalLevel4","$v":"Meget god"},{"$i":"ipAddress","$v":"IP-adresse"},{"$i":"linkSpeed","$v":"Linkhastighed"},{"$i":"linkSpeedMbs","$v":[{"t":"idOrVar","v":"linkSpeed"}," Mbit/s"]},{"$i":"wifi-rescan","$v":"Scan igen"},{"$i":"wifi-join-fail","$v":["Kunne ikke oprette forbindelse til netværket ",{"t":"idOrVar","v":"n"},"."]},{"$i":"wifi-connect-fail","$v":["Forkert adgangskode for ",{"t":"idOrVar","v":"n"},"."]},{"$i":"wifi-connect-fail-username-or-password","$v":["Forkert brugernavn eller adgangskode for ",{"t":"idOrVar","v":"n"},"."]},{"$i":"wifi-ip-set-fail","$v":"IP-indstillinger mislykkedes."},{"$i":"wifi-pw-length-error","$v":"Adgangskoden skal være længere end 8 tegn."},{"$i":"password","$v":"Adgangskode"},{"$i":"showPassword","$v":"Vis adgangskode"},{"$i":"connect","$v":"Forbind"},{"$i":"rescanCompleted","$v":"Genanvendes igen."},{"$i":"eap-method","$v":"EAP-metode"},{"$i":"phase-authentication","$v":"Fase 2-godkendelse"},{"$i":"server-certificate","$v":"Servercertifikat"},{"$i":"username","$v":"Brugernavn"},{"$i":"eap-sim","$v":"SIM-kort"},{"$i":"eap-aka","$v":"AKA"},{"$i":"eap-peap","$v":"PEAP"},{"$i":"eap-ttls","$v":"TTLS"},{"$i":"eap-akae","$v":"AKA'"},{"$i":"sim1","$v":"SIM1"},{"$i":"sim2","$v":"SIM2"},{"$i":"auth-with","$v":"Godkend med"},{"$i":"sim-carrier-text","$v":["SIM",{"t":"idOrVar","v":"index"}," - ",{"t":"idOrVar","v":"carrierName"}]},{"$i":"auth-phase2-no","$v":"Nej"},{"$i":"auth-phase2-pap","$v":"PAP"},{"$i":"auth-phase2-mschap","$v":"MSCHAP"},{"$i":"auth-phase2-mschapv2","$v":"MSCHAP V2"},{"$i":"auth-phase2-gtc","$v":"GTC"},{"$i":"server-certificate-none","$v":"--"},{"$i":"failedToConnect","$v":"Der blev ikke oprettet forbindelse"},{"$i":"select","$v":"Vælg"},{"$i":"skip","$v":"Ignorer"},{"$i":"next","$v":"Næste"},{"$i":"accept","$v":"Acceptér"},{"$i":"cancel","$v":"Annuller"},{"$i":"ok","$v":"OK"},{"$i":"notNow","$v":"Ikke nu"},{"$i":"forget","$v":"Glem"},{"$i":"confirmation","$v":"Bekræftelse"},{"$i":"forget-network","$v":"Glem netværk?"},{"$i":"network-forgotten","$v":"Netværk glemt."},{"$i":"hfa","$v":"HFA"},{"$i":"setup-phone-verification","$v":"Godkendelse af telefon"},{"$i":"phone-verification-entry-message","$v":"Opsæt en konto ved at bekræfte dit nummer for at få adgang til butikken og yderligere tjenester."},{"$i":"phone-verification-skip-message","$v":"Godkendelsen af din telefon er ikke fuldført. Du kan godkende senere i Indstillinger > Konto. Godkendelse er påkrævet for at få adgang til butikken og yderligere tjenester."},{"$i":"anti-theft","$v":"Tyveribeskyttelse"},{"$i":"anti-theft-info","$v":"Vi håber, du aldrig mister din telefon, men hvisdet sker, kan du beskytte dine data med vores funktioner til fjernlåsning og sletning. Når du er klar, kan du gå til Indstillinger for at konfigurere din KaiOS-konto."},{"$i":"select-language","$v":"Vælg sprog"},{"$i":"language-current","$v":"Aktuel"},{"$i":"language-readout-on","$v":"Oplæsning"},{"$i":"language-readout-off","$v":"Oplæsning"},{"$i":"readout-rule","$v":"Slå oplæsningstilstanden til ved at trykke på venstre softwaretast."},{"$i":"close-readout","$v":"Oplæsningstilstand er deaktiveret. Slå oplæsningstilstanden til ved at trykke på venstre softwaretast."},{"$i":"open-readout","$v":["Oplæsningstilstand er aktiveret. Vælg sprog. ",{"t":"idOrVar","v":"selectedLang"},". Element 1 af ",{"t":"idOrVar","v":"count"},"."]},{"$i":"decline-info","$v":"Du skal acceptere Vilkår og betingelser, før du kan bruge denne enhed."},{"$i":"kaios-license","$v":"Betingelser og fortrolighedspolitik"},{"$i":"decline","$v":"Afvis"},{"$i":"privacy-confirm","$v":"Hvis du trykker på Acceptér, accepterer du KaiOS' licensvilkår og persondatapolitik."},{"$i":"open-url","$v":"ÅBN URL"},{"$i":"privacy-terms-short","$v":"Ved at åbne og bruge KaiOS-software, -tjenester og -applikationer på din enhed er du indforstået med og accepterer KaiOS' slutbrugerlicensaftale og persondatavilkår, som kan findes her"},{"$i":"lyf-license","$v":"LYF Licensvilkår"},{"$i":"emergency","$v":"Nødstilfælde"},{"$i":"done","$v":"Udført"},{"$i":"about-kaios-agree","$v":"Jeg vil gerne hjælpe med at sende analysedata."},{"$i":"about-kaios-age","$v":"Jeg er over 16 år."},{"$i":"about-kaios-ad","$v":"Brug mine data til at forbedre min annonceringsoplevelse."},{"$i":"deselect","$v":"Fravælg"},{"$i":"selectKeyboard","$v":"Vælg tastatur"},{"$i":"more","$v":"Mere >"},{"$i":"ellipses-char","$v":"…"},{"$i":"location-access","$v":"Adgang til placering"},{"$i":"location-content","$v":"KaiOS bruger data, f.eks. GPS, Wi-Fi og mobilnetværk, i nærheden af dig til at fastslå din omtrentlige position."},{"$i":"deny","$v":"Afvis"},{"$i":"allow","$v":"Tillad"},{"$i":"always-on-voice","$v":"Altid On-Voice"},{"$i":"aov-p1","$v":"Vil du konfigurere Always On-Voice?"},{"$i":"aov-p2","$v":["Klik på ",{"t":"idOrVar","v":"proceed"}," for at starte konfigurationen."]},{"$i":"aov-p3","$v":"Med Always On-Voice kan du arbejde med din taleassistent \"Hello Jio\" ved at oprette en profil til dig og dine nærmeste."},{"$i":"aov-p4","$v":"Du kan bruge disse taleprofiler til at styre din telefon og udføre andre funktioner med talekommandoer."},{"$i":"aov-later","$v":"Later"},{"$i":"aov-proceed","$v":"Fortsæt"},{"$i":"data-connectivity","$v":"Advarsel"},{"$i":"data-message","$v":"Opsætningsguiden vil muligvis bruge data over mobilnetværket under den første opsætning af smartphonen."},{"$i":"qtn-privacy-terms-welcome","$v":"Velkommen"},{"$i":"qtn-privacy-policy-description-1","$v":["Tak, fordi du har valgt ",{"t":"idOrVar","v":"WDM"},"."]},{"$i":"qtn-privacy-policy-description-2","$v":"Din brug af tjenester og applikationer fra HMD Global på din enhed er underlagt HMD Global Persondatapolitik, som kan ses på www.nokia.com/mobile-privacy."},{"$i":"qtn-privacy-policy-description-3","$v":["Din brug af software, tjenester og applikationer fra KaiOS på din enhed er underlagt KaiOS Slutbrugerlicensaftale og Persondatapolitik, som kan ses på ",{"t":"idOrVar","v":"WDM"},"."]},{"$i":"qtn-privacy-policy-description-4","$v":{"$o":"Oplysninger om enhedsaktivering med engangsplacering for enheden sendes sammen med dine entydige oplysninger om enhed og netværk til KAI & HMD."}},{"$i":"qtn-privacy-policy-description-5","$v":"Disse oplysninger giver os mulighed for bedre at imødekomme efterspørgslen i dit land, levere software­opdateringer, yde kundesupport og aktivere tjenester."},{"$i":"qtn-privacy-policy-description-6","$v":"Der kan gælde datagebyrer."},{"$i":"qtn-privacy-policy-description-7","$v":"Meddelelser om persondata eller andet kan gives, når du bruger forskellige funktioner på din enhed."},{"$i":"aov-content-readout","$v":"Vil du konfigurere Always On-Voice? Klik på aov-later=Senere"},{"$i":"software-update","$v":"Indstillinger for softwareopdateringer"},{"$i":"wifi-or-mobile-data","$v":"Wi-Fi eller mobilnetværk"},{"$i":"wlan-or-mobile-data","$v":"Wi-Fi eller mobilnetværk"},{"$i":"wifi-only","$v":"Kun Wi-Fi"},{"$i":"wlan-only","$v":"Kun Wi-Fi"},{"$i":"software-update-tips","$v":"Når du henter via mobilnetværk, kan der påløbe yderligere gebyrer."}]