[{"$i":"wifi","$v":"Select A Network"},{"$i":"ssid","$v":"SSID"},{"$i":"no-wifi-found","$v":"No available networks"},{"$i":"wifi-searching","$v":"Searching networks…"},{"$i":"security-open","$v":"Open"},{"$i":"shortStatus-connecting","$v":"Connecting…"},{"$i":"shortStatus-associated","$v":"Obtaining an IP address…"},{"$i":"shortStatus-authenticating","$v":"Authenticating…"},{"$i":"shortStatus-connected","$v":"Connected"},{"$i":"shortStatus-associationreject","$v":"Connection failed"},{"$i":"shortStatus-disconnected","$v":"Offline"},{"$i":"shortStatus-connected-no-internet","$v":"Connected, no internet"},{"$i":"shortStatus-dhcpfailed","$v":"IP failed"},{"$i":"shortStatus-authenticationfailed","$v":"Incorrect password"},{"$i":"securityWEP","$v":"WEP"},{"$i":"securityWPA-PSK","$v":"WPA-PSK"},{"$i":"securityWPA-EAP","$v":"WPA-EAP"},{"$i":"securityWPA2-PSK","$v":"WPA2-PSK"},{"$i":"securityWPA/WPA2-PSK","$v":"WPA/WPA2-PSK"},{"$i":"securedBy","$v":[{"t":"idOrVar","v":"capabilities"}]},{"$i":"securedByWay","$v":["Secured by ",{"t":"idOrVar","v":"capabilities"}]},{"$i":"security","$v":"Security"},{"$i":"signalStrength","$v":"Signal strength"},{"$i":"signalLevel0","$v":"Very weak"},{"$i":"signalLevel1","$v":"Weak"},{"$i":"signalLevel2","$v":"Average"},{"$i":"signalLevel3","$v":"Good"},{"$i":"signalLevel4","$v":"Very good"},{"$i":"ipAddress","$v":"IP address"},{"$i":"linkSpeed","$v":"Link speed"},{"$i":"linkSpeedMbs","$v":[{"t":"idOrVar","v":"linkSpeed"}," Mbit/s"]},{"$i":"wifi-rescan","$v":"Rescan"},{"$i":"wifi-join-fail","$v":["Unable to join the network ",{"t":"idOrVar","v":"n"},"."]},{"$i":"wifi-connect-fail","$v":["Incorrect password for ",{"t":"idOrVar","v":"n"},"."]},{"$i":"wifi-connect-fail-username-or-password","$v":["Incorrect username or password for ",{"t":"idOrVar","v":"n"},"."]},{"$i":"wifi-ip-set-fail","$v":"IP settings failed."},{"$i":"wifi-pw-length-error","$v":"Password length must more than 8 characters."},{"$i":"password","$v":"Password"},{"$i":"showPassword","$v":"Show Password"},{"$i":"connect","$v":"Connect"},{"$i":"rescanCompleted","$v":"Rescan completed."},{"$i":"eap-method","$v":"EAP method"},{"$i":"phase-authentication","$v":"Phase 2 authentication"},{"$i":"server-certificate","$v":"Server certificate"},{"$i":"username","$v":"User name"},{"$i":"eap-sim","$v":"SIM"},{"$i":"eap-aka","$v":"AKA"},{"$i":"eap-peap","$v":"PEAP"},{"$i":"eap-ttls","$v":"TTLS"},{"$i":"eap-akae","$v":"AKA'"},{"$i":"sim1","$v":"SIM1"},{"$i":"sim2","$v":"SIM2"},{"$i":"auth-with","$v":"Authenticate with"},{"$i":"sim-carrier-text","$v":["SIM",{"t":"idOrVar","v":"index"}," - ",{"t":"idOrVar","v":"carrierName"}]},{"$i":"auth-phase2-no","$v":"No"},{"$i":"auth-phase2-pap","$v":"PAP"},{"$i":"auth-phase2-mschap","$v":"MSCHAP"},{"$i":"auth-phase2-mschapv2","$v":"MSCHAP V2"},{"$i":"auth-phase2-gtc","$v":"GTC"},{"$i":"server-certificate-none","$v":"--"},{"$i":"failedToConnect","$v":"Failed To Connect"},{"$i":"select","$v":"Select"},{"$i":"skip","$v":"Skip"},{"$i":"next","$v":"Next"},{"$i":"accept","$v":"Accept"},{"$i":"cancel","$v":"Cancel"},{"$i":"ok","$v":"OK"},{"$i":"notNow","$v":"Not now"},{"$i":"forget","$v":"Forget"},{"$i":"confirmation","$v":"Confirmation"},{"$i":"forget-network","$v":"Forget network?"},{"$i":"network-forgotten","$v":"Network forgotten."},{"$i":"hfa","$v":"HFA"},{"$i":"setup-phone-verification","$v":"Phone Verification"},{"$i":"phone-verification-entry-message","$v":"Setup an account by verifying your number to access the store and additional services."},{"$i":"phone-verification-skip-message","$v":"Your phone verification is incomplete. You can verify later in Settings>Account. Verification is needed to access Store and additional services."},{"$i":"anti-theft","$v":"Anti-Theft"},{"$i":"anti-theft-info","$v":"We hope you never lose your phone, but if you do, you can protect your data with our remote lock and wipe features. When you're ready, head to Settings to set up your KaiOS account."},{"$i":"select-language","$v":"Select Language"},{"$i":"language-current","$v":"Current"},{"$i":"language-readout-on","$v":"Readout"},{"$i":"language-readout-off","$v":"Readout"},{"$i":"readout-rule","$v":"To turn on Readout mode, please press left software key."},{"$i":"close-readout","$v":"Readout mode disabled. To turn on Readout mode, please press left software key."},{"$i":"open-readout","$v":["Readout mode enabled. Select Language. ",{"t":"idOrVar","v":"selectedLang"},". Item 1 of ",{"t":"idOrVar","v":"count"},"."]},{"$i":"decline-info","$v":"Acceptance of the KaiOS License Terms and Privacy Policy is required to use this device."},{"$i":"kaios-license","$v":"Terms and Privacy Policy"},{"$i":"decline","$v":"Decline"},{"$i":"privacy-confirm","$v":"By pressing Accept you are agreeing to KaiOS License Terms and Privacy Policy."},{"$i":"open-url","$v":"OPEN URL"},{"$i":"privacy-terms-short","$v":"By accessing and using the KaiOS software, services, and applications in your device, you accept and agree to comply with the KaiOS EULA and Privacy Terms, which can be found here"},{"$i":"lyf-license","$v":"LYF Licence Terms"},{"$i":"emergency","$v":"Emergency"},{"$i":"done","$v":"Done"},{"$i":"about-kaios-agree","$v":"I want to help by sending analytics data."},{"$i":"about-kaios-age","$v":"I am over the age of 16."},{"$i":"about-kaios-ad","$v":"Use my data to improve my advertising experience."},{"$i":"deselect","$v":"Deselect"},{"$i":"selectKeyboard","$v":"Select Keyboard"},{"$i":"more","$v":"More >"},{"$i":"ellipses-char","$v":"…"},{"$i":"location-access","$v":"Location Access"},{"$i":"location-content","$v":"KaiOS uses data such as GPS, Wi-Fi and mobile network near you to help determine your approximate position."},{"$i":"deny","$v":"Deny"},{"$i":"allow","$v":"Allow"},{"$i":"always-on-voice","$v":"Always On-Voice"},{"$i":"aov-p1","$v":"Do you want to configure Always On-Voice?"},{"$i":"aov-p2","$v":["Click on ",{"t":"idOrVar","v":"proceed"}," to begin configuration."]},{"$i":"aov-p3","$v":"Always On-Voice lets you work with your voice assistant ‘Hello Jio’ by creating a profile for you and your close ones."},{"$i":"aov-p4","$v":"These voice profiles will allow you to control your phone and perform other functions with voice commands."},{"$i":"aov-later","$v":"Later"},{"$i":"aov-proceed","$v":"Proceed"},{"$i":"data-connectivity","$v":"Warning message"},{"$i":"data-message","$v":"Setup wizard will possibly use data over mobile network during initial setup of the smart phone."},{"$i":"qtn-privacy-terms-welcome","$v":"Welcome"},{"$i":"qtn-privacy-policy-description-1","$v":["Thank you for choosing ",{"t":"idOrVar","v":"WDM"},"."]},{"$i":"qtn-privacy-policy-description-2","$v":"Your use of HMD Global services and applications in your device is governed by the HMD Global Privacy Policy, available atwww.nokia.com/mobile-privacy. "},{"$i":"qtn-privacy-policy-description-3","$v":["Your use of KaiOS software, services, and applications in your device is governed by KaiOS EULA and Privacy Terms, available at ",{"t":"idOrVar","v":"WDM"},"."]},{"$i":"qtn-privacy-policy-description-4","$v":"The device activation information with one-time device location along with your unique device and network information will be sent to KAI. "},{"$i":"qtn-privacy-policy-description-5","$v":"This information enables us to better meet demand in your country, provide software updates, customer support, and activate services. "},{"$i":"qtn-privacy-policy-description-6","$v":"Data charges may apply."},{"$i":"qtn-privacy-policy-description-7","$v":"Privacy or other notices may be provided when you use different features of your device."},{"$i":"aov-content-readout","$v":"Do you want to configure Always On-Voice? Click on aov-later=Later"},{"$i":"software-update","$v":"Software Update Settings"},{"$i":"wifi-or-mobile-data","$v":"Wi-Fi or mobile network"},{"$i":"wlan-or-mobile-data","$v":"Wi-Fi or mobile network"},{"$i":"wifi-only","$v":"Wi-Fi only"},{"$i":"wlan-only","$v":"Wi-Fi only"},{"$i":"software-update-tips","$v":"When downloading via mobile network, additional charges may apply."}]