[{"$i":"wifi","$v":"Seleccionar una red"},{"$i":"ssid","$v":"SSID"},{"$i":"no-wifi-found","$v":"¡No se encontraron redes!"},{"$i":"wifi-searching","$v":"Buscando redes..."},{"$i":"security-open","$v":"Abrir"},{"$i":"shortStatus-connecting","$v":"Conectando…"},{"$i":"shortStatus-associated","$v":"Obteniendo dirección de IP..."},{"$i":"shortStatus-authenticating","$v":"Autenticando..."},{"$i":"shortStatus-connected","$v":"Conectado"},{"$i":"shortStatus-associationreject","$v":"Error de conexión"},{"$i":"shortStatus-disconnected","$v":"Fuera de línea"},{"$i":"shortStatus-connected-no-internet","$v":"Conectado, sin Internet"},{"$i":"shortStatus-dhcpfailed","$v":"Error de IP"},{"$i":"shortStatus-authenticationfailed","$v":"Contraseña incorrecta"},{"$i":"securityWEP","$v":"WEP"},{"$i":"securityWPA-PSK","$v":"WPA-PSK"},{"$i":"securityWPA-EAP","$v":"WPA-EAP"},{"$i":"securityWPA2-PSK","$v":"WPA2-PSK"},{"$i":"securityWPA/WPA2-PSK","$v":"WPA/WPA2-PSK"},{"$i":"securedBy","$v":[{"t":"idOrVar","v":"capabilities"}]},{"$i":"securedByWay","$v":["Garantizado por ",{"t":"idOrVar","v":"capabilities"}]},{"$i":"security","$v":"Seguridad"},{"$i":"signalStrength","$v":"Fortaleza de la señal"},{"$i":"signalLevel0","$v":"Muy débil"},{"$i":"signalLevel1","$v":"Débil"},{"$i":"signalLevel2","$v":"Promedio"},{"$i":"signalLevel3","$v":"Buena"},{"$i":"signalLevel4","$v":"Muy buena"},{"$i":"ipAddress","$v":"Dirección de IP"},{"$i":"linkSpeed","$v":"Enlace rápido"},{"$i":"linkSpeedMbs","$v":[{"t":"idOrVar","v":"linkSpeed"}," Mbit/s"]},{"$i":"wifi-rescan","$v":"Buscar"},{"$i":"wifi-join-fail","$v":["No se puede agrupar la red ",{"t":"idOrVar","v":"n"},"."]},{"$i":"wifi-connect-fail","$v":["Contraseña incorrecta para ",{"t":"idOrVar","v":"n"},"."]},{"$i":"wifi-connect-fail-username-or-password","$v":["Nombre de usuario o contraseña incorrectos para ",{"t":"idOrVar","v":"n"},"."]},{"$i":"wifi-ip-set-fail","$v":"Fallo en los ajustes de la IP"},{"$i":"wifi-pw-length-error","$v":"La longitud máxima de la contraseña es de 8 caracteres."},{"$i":"password","$v":"Contraseña"},{"$i":"showPassword","$v":"Mostrar contraseña"},{"$i":"connect","$v":"Conectar"},{"$i":"rescanCompleted","$v":"Reescaneo completado."},{"$i":"eap-method","$v":"Método EAP"},{"$i":"phase-authentication","$v":"Autenticación Frase 2"},{"$i":"server-certificate","$v":"Certificado del servidor"},{"$i":"username","$v":"Nombre de usuario"},{"$i":"eap-sim","$v":["SIM ",{"t":"idOrVar","v":"id"}]},{"$i":"eap-aka","$v":"AKA"},{"$i":"eap-peap","$v":"PEAP"},{"$i":"eap-ttls","$v":"TTLS"},{"$i":"eap-akae","$v":"AKA'"},{"$i":"sim1","$v":"SIM1"},{"$i":"sim2","$v":"SIM2"},{"$i":"auth-with","$v":"Autenticar con"},{"$i":"sim-carrier-text","$v":["SIM",{"t":"idOrVar","v":"index"}," - ",{"t":"idOrVar","v":"carrierName"}]},{"$i":"auth-phase2-no","$v":"No"},{"$i":"auth-phase2-pap","$v":"PAP"},{"$i":"auth-phase2-mschap","$v":"MSCHAP"},{"$i":"auth-phase2-mschapv2","$v":"MSCHAP V2"},{"$i":"auth-phase2-gtc","$v":"GTC"},{"$i":"server-certificate-none","$v":"--"},{"$i":"failedToConnect","$v":"No se conectó"},{"$i":"select","$v":"Selec."},{"$i":"skip","$v":"Omitir"},{"$i":"next","$v":"Siguiente"},{"$i":"accept","$v":"Aceptar"},{"$i":"cancel","$v":"Cancelar"},{"$i":"ok","$v":"OK"},{"$i":"notNow","$v":"Ahora no"},{"$i":"forget","$v":"Olvidar"},{"$i":"confirmation","$v":"Confirmación"},{"$i":"forget-network","$v":"¿Olvidar red?"},{"$i":"network-forgotten","$v":"Red olvidada"},{"$i":"hfa","$v":"HFA"},{"$i":"setup-phone-verification","$v":"Verificación del teléfono"},{"$i":"phone-verification-entry-message","$v":"Configure una cuenta verificando su número para acceder al almacenamiento y a otros servicios adicionales."},{"$i":"phone-verification-skip-message","$v":"No se ha completado la verificación del teléfono. Puede verificarlo más tarde desde Ajustes>Cuenta. La verificación es necesaria para acceder al almacenamiento y a otros servicios adicionales."},{"$i":"anti-theft","$v":"Antirrobo"},{"$i":"anti-theft-info","$v":"Esperamos que nunca pierda el teléfono, pero si esto ocurriese, puede proteger sus datos con nuestras funciones remotas de bloqueo y borrado. Cuando esté preparado, vaya a Ajustes para establecer su cuenta de KaiOS."},{"$i":"select-language","$v":"Seleccionar idioma"},{"$i":"language-current","$v":"Actual"},{"$i":"language-readout-on","$v":"Lectura"},{"$i":"language-readout-off","$v":"Lectura"},{"$i":"readout-rule","$v":"Para activar el modo de lectura, pulse la tecla de software izquierda."},{"$i":"close-readout","$v":"Modo de lectura desactivado. Para activar el modo de lectura, pulse la tecla de software izquierda."},{"$i":"open-readout","$v":["Modo lectura activado. Seleccione Idioma. ",{"t":"idOrVar","v":"selectedLang"},". Elemento 1 de ",{"t":"idOrVar","v":"count"},"."]},{"$i":"decline-info","$v":"Para utilizar este dispositivo, primero tiene que aceptar los términos de licencia y la política de privacidad de KaiOS."},{"$i":"kaios-license","$v":"Términos de licencia y política de privacidad de"},{"$i":"decline","$v":"Rechazar"},{"$i":"privacy-confirm","$v":"Al pulsar Aceptar, acepta los términos de licencia y la política de privacidad de KaiOS."},{"$i":"open-url","$v":"ABRIR URL"},{"$i":"privacy-terms-short","$v":"Si accede al software, los servicios y las aplicaciones de KaiOS en su dispositivo y los utiliza, acepta y está de acuerdo en cumplir con el EULA y las Condiciones de privacidad de KaiOS, que puede encontrar aquí"},{"$i":"lyf-license","$v":"Condiciones de licencia de LYF"},{"$i":"emergency","$v":"Solamente llamada de emergencia"},{"$i":"done","$v":"Listo"},{"$i":"about-kaios-agree","$v":"Deseo enviar datos de analíticas para ayudar."},{"$i":"about-kaios-age","$v":"Soy mayor de 16 años."},{"$i":"about-kaios-ad","$v":"Utilizar mis datos para mejorar la experiencia publicitaria."},{"$i":"deselect","$v":"Desmarcar"},{"$i":"selectKeyboard","$v":"Seleccionar teclado"},{"$i":"more","$v":"Más >"},{"$i":"ellipses-char","$v":"…"},{"$i":"location-access","$v":"Acceso a la ubicación"},{"$i":"location-content","$v":"KaiOS utiliza datos como GPS, Wi-Fi y redes móviles cerca de usted para ayudarle a determinar su posición aproximada."},{"$i":"deny","$v":"Denegar"},{"$i":"allow","$v":"Permitir"},{"$i":"always-on-voice","$v":"Voz siempre activada"},{"$i":"aov-p1","$v":"¿Quiere configurar Voz siempre activada?"},{"$i":"aov-p2","$v":["Haga clic en ",{"t":"idOrVar","v":"proceed"}," para iniciar la configuración."]},{"$i":"aov-p3","$v":"Voz siempre activada le permite trabajar con el asistente de voz \"Hello Jio\" creando un perfil para usted y para sus seres queridos."},{"$i":"aov-p4","$v":"Estos perfiles de voz le permiten controlar su teléfono y activar otras funciones con comandos de voz."},{"$i":"aov-later","$v":"Later"},{"$i":"aov-proceed","$v":"Continuar"},{"$i":"data-connectivity","$v":"Mensaje de advertencia"},{"$i":"data-message","$v":"Es posible que el asistente de configuración utilice la red móvil para transferir datos durante la configuración inicial del teléfono inteligente."},{"$i":"qtn-privacy-terms-welcome","$v":"Bienvenido"},{"$i":"qtn-privacy-policy-description-1","$v":["Gracias por elegir ",{"t":"idOrVar","v":"WDM"},"."]},{"$i":"qtn-privacy-policy-description-2","$v":"La utilización de los servicios y aplicaciones de HMD Global en su dispositivo se rige por la Política de Privacidad de HMD Global, disponible en www.nokia.com/mobile-privacy."},{"$i":"qtn-privacy-policy-description-3","$v":["El uso del software, los servicios y las aplicaciones de KaiOS se encuentran regulados por el Contrato de licencia para usuario final y los términos de privacidad de KaiOS, disponibles en ",{"t":"idOrVar","v":"WDM"},"."]},{"$i":"qtn-privacy-policy-description-4","$v":{"$o":"La información sobre la activación del dispositivo junto con la ubicación particular del dispositivo y la información exclusiva de su dispositivo y red serán enviadas a KAI & HMD."}},{"$i":"qtn-privacy-policy-description-5","$v":"Esto nos permite satisfacer mejor la demanda en su país, ofrecer actualizaciones de software, servicio al cliente y activar servicios."},{"$i":"qtn-privacy-policy-description-6","$v":"Es posible que se apliquen cargos por el uso de datos."},{"$i":"qtn-privacy-policy-description-7","$v":"Los avisos de privacidad u otros se le proveerán cuando utilice diferentes características de su dispositivo."},{"$i":"aov-content-readout","$v":"¿Quiere configurar Voz siempre activada? Haga clic en aov-later=Más tarde"},{"$i":"software-update","$v":"Ajustes de act. de software"},{"$i":"wifi-or-mobile-data","$v":"Red Wi-Fi o móvil"},{"$i":"wlan-or-mobile-data","$v":"Wi-Fi o red móvil"},{"$i":"wifi-only","$v":"Sólo Wi-Fi"},{"$i":"wlan-only","$v":"Sólo Wi-Fi"},{"$i":"software-update-tips","$v":"Al descargar contenido usando la red móvil, es posible que se apliquen costos adicionales."}]