[{"$i":"wifi","$v":"Pumili ng network"},{"$i":"ssid","$v":"SSID"},{"$i":"no-wifi-found","$v":"Walang available na network"},{"$i":"wifi-searching","$v":"Naghahanap ng mga network…"},{"$i":"security-open","$v":"Buksan"},{"$i":"shortStatus-connecting","$v":"Kumokonekta…"},{"$i":"shortStatus-associated","$v":"Kumukuha ng IP address…"},{"$i":"shortStatus-authenticating","$v":"Ino-authenticate…"},{"$i":"shortStatus-connected","$v":"Nakakonekta"},{"$i":"shortStatus-associationreject","$v":"Hindi nakakonekta"},{"$i":"shortStatus-disconnected","$v":"Offline"},{"$i":"shortStatus-connected-no-internet","$v":"Nakakoknekta, walang internet"},{"$i":"shortStatus-dhcpfailed","$v":"Hindi naisagawa ang IP"},{"$i":"shortStatus-authenticationfailed","$v":"Mali ang password"},{"$i":"securityWEP","$v":"WEP"},{"$i":"securityWPA-PSK","$v":"WPA-PSK"},{"$i":"securityWPA-EAP","$v":"WPA-EAP"},{"$i":"securityWPA2-PSK","$v":"WPA2-PSK"},{"$i":"securityWPA/WPA2-PSK","$v":"WPA/WPA2-PSK"},{"$i":"securedBy","$v":[{"t":"idOrVar","v":"capabilities"}]},{"$i":"securedByWay","$v":["Na-secure ng ",{"t":"idOrVar","v":"capabilities"}]},{"$i":"security","$v":"Seguridad"},{"$i":"signalStrength","$v":"Lakas ng signal"},{"$i":"signalLevel0","$v":"Napakahina"},{"$i":"signalLevel1","$v":"Mahina"},{"$i":"signalLevel2","$v":"Average"},{"$i":"signalLevel3","$v":"Maayos"},{"$i":"signalLevel4","$v":"Napakahusay"},{"$i":"ipAddress","$v":"IP address"},{"$i":"linkSpeed","$v":"Bilis ng pag-link"},{"$i":"linkSpeedMbs","$v":[{"t":"idOrVar","v":"linkSpeed"}," Mbit/s"]},{"$i":"wifi-rescan","$v":"I-scan muli"},{"$i":"wifi-join-fail","$v":["Hindi makasali sa network ",{"t":"idOrVar","v":"n"},"."]},{"$i":"wifi-connect-fail","$v":["Mali ang password para sa ",{"t":"idOrVar","v":"n"},"."]},{"$i":"wifi-connect-fail-username-or-password","$v":["Mali ang username o password para sa ",{"t":"idOrVar","v":"n"},"."]},{"$i":"wifi-ip-set-fail","$v":"Hindi naitakda ang mga setting ng IP."},{"$i":"wifi-pw-length-error","$v":"Dapat mahigit 8 character ang haba ng password."},{"$i":"password","$v":"Password"},{"$i":"showPassword","$v":"Ipakita ang Password"},{"$i":"connect","$v":"Kumonekta"},{"$i":"rescanCompleted","$v":"Nakumpleto ang Rescan."},{"$i":"eap-method","$v":"EAP method"},{"$i":"phase-authentication","$v":"Yugto 2 na authentication"},{"$i":"server-certificate","$v":"Server certificate"},{"$i":"username","$v":"Username"},{"$i":"eap-sim","$v":"SIM"},{"$i":"eap-aka","$v":"AKA"},{"$i":"eap-peap","$v":"PEAP"},{"$i":"eap-ttls","$v":"TTLS"},{"$i":"eap-akae","$v":"AKA'"},{"$i":"sim1","$v":"SIM1"},{"$i":"sim2","$v":"SIM2"},{"$i":"auth-with","$v":"Magpatunay gamit ang"},{"$i":"sim-carrier-text","$v":["SIM",{"t":"idOrVar","v":"index"}," - ",{"t":"idOrVar","v":"carrierName"}]},{"$i":"auth-phase2-no","$v":"Hindi"},{"$i":"auth-phase2-pap","$v":"PAP"},{"$i":"auth-phase2-mschap","$v":"MSCHAP"},{"$i":"auth-phase2-mschapv2","$v":"MSCHAP V2"},{"$i":"auth-phase2-gtc","$v":"GTC"},{"$i":"server-certificate-none","$v":"--"},{"$i":"failedToConnect","$v":"Hindi Nakakonekta"},{"$i":"select","$v":"Piliin"},{"$i":"skip","$v":"Laktawan"},{"$i":"next","$v":"Susunod"},{"$i":"accept","$v":"Tanggapin"},{"$i":"cancel","$v":"Kanselahin"},{"$i":"ok","$v":"OK"},{"$i":"notNow","$v":"Hindi muna"},{"$i":"forget","$v":"Kalimutan"},{"$i":"confirmation","$v":"Kumpirmasyon"},{"$i":"forget-network","$v":"Kalimutan ang network?"},{"$i":"network-forgotten","$v":"Nakalimutan ang network."},{"$i":"hfa","$v":"HFA"},{"$i":"setup-phone-verification","$v":"Pag-verify ng Telepono"},{"$i":"phone-verification-entry-message","$v":"Mag-set up ng account gamit ang pag-verify sa numero mo para ma-access ang store at iba pang serbisyo."},{"$i":"phone-verification-skip-message","$v":"Hindi kumpleto ang pag-verify sa telepono mo. Makakapag-verify ka sa Mga Setting > Account. Kailangang mag-verify para ma-access ang Store at iba pang serbisyo."},{"$i":"anti-theft","$v":"Anti-Theft"},{"$i":"anti-theft-info","$v":"Inaasahan naming hindi mawawala ang iyong telepono, ngunit kung mawawala ito, mapoprotektahan mo ang iyong data gamit ang aming mga feature ng malayuang pag-lock at pag-wipe. Kapag handa ka na, pumunta sa Mga Setting upang ma-set up ang iyong KaiOS account."},{"$i":"select-language","$v":"Pumili ng Wika"},{"$i":"language-current","$v":"Kasalukuyan"},{"$i":"language-readout-on","$v":"Readout"},{"$i":"language-readout-off","$v":"Readout"},{"$i":"readout-rule","$v":"Para i-on ang Readout mode, pakipindot ang kaliwang software key."},{"$i":"close-readout","$v":"Naka-disable ang Readout mode. Para i-on ang Readout mode, pakipindot ang kaliwang software key."},{"$i":"open-readout","$v":["Naka-enable ang Readout mode. Pumili ng Wika. ",{"t":"idOrVar","v":"selectedLang"},". Item 1 sa ",{"t":"idOrVar","v":"count"},"."]},{"$i":"decline-info","$v":"Kailangang tanggapin ang Mga Tuntunin at Kundisyon upang magamit ang device na ito."},{"$i":"kaios-license","$v":"Mga Tuntunin at Patakaran sa Pagkapribado"},{"$i":"decline","$v":"I-decline"},{"$i":"privacy-confirm","$v":"Sa pamamagitan ng pagpindot sa Tanggapin, sumasang-ayon ka sa Mga Tuntunin sa Lisensya at Patakaran sa Pagkapribado ng KaiOS."},{"$i":"open-url","$v":"BUKSAN ANG URL"},{"$i":"privacy-terms-short","$v":"Sa pag-access at paggamit sa software, mga serbisyo, at mga application ng KaiOS sa iyong device, tinatanggap at sinasang-ayunan mo ang pagsunod sa EULA at Mga Tuntunin sa Pagkapribado ng KaiOS, na makikita rito"},{"$i":"lyf-license","$v":"Mga Tuntunin sa Lisensya ng LYF"},{"$i":"emergency","$v":"Emergency"},{"$i":"done","$v":"Tapos na"},{"$i":"about-kaios-agree","$v":"Gusto kong tumulong sa pamamagitan ng pagpapadala ng data ng analytics."},{"$i":"about-kaios-age","$v":"Ako ay higit sa edad na 16."},{"$i":"about-kaios-ad","$v":"Gamitin ang aking data upang mapaganda ang aking karanasan sa pag-advertise."},{"$i":"deselect","$v":"Alisin ang pagkakapili"},{"$i":"selectKeyboard","$v":"Pumili ng Keyboard"},{"$i":"more","$v":"Iba pa >"},{"$i":"ellipses-char","$v":"…"},{"$i":"location-access","$v":"Pag-access sa Lokasyon"},{"$i":"location-content","$v":"Gumagamit ang KaiOS ng data gaya ng GPS, Wi-Fi, at mobile network na malapit sa iyo para makatulong sa pagtukoy sa tumpak mong posisyon."},{"$i":"deny","$v":"Tanggihan"},{"$i":"allow","$v":"Payagan"},{"$i":"always-on-voice","$v":"Laging On-Voice"},{"$i":"aov-p1","$v":"Gusto mo bang i-configure ang Always On-Voice?"},{"$i":"aov-p2","$v":["I-click ang ",{"t":"idOrVar","v":"proceed"}," para simulan ang pag-configure."]},{"$i":"aov-p3","$v":"Binibigyang-daan ka ng Always On-Voice na makipagtulungan sa iyong assistant na boses na ‘Hello Jio’ sa pamamagitan ng paggawa ng profile para sa iyo at sa mga taong malapit sa iyo."},{"$i":"aov-p4","$v":"Bibigyang-daan ka ng mga profile ng boses na ito na kontrolin ang iyong telepono at magsagawa ng iba pang function sa pamamagitan ng command gamit ang boses."},{"$i":"aov-later","$v":"Later"},{"$i":"aov-proceed","$v":"Magpatuloy"},{"$i":"data-connectivity","$v":"Babalang mensahe"},{"$i":"data-message","$v":"Posibleng gumamit ang setup wizard ng data sa mobile network sa unang pag-setup ng smart phone."},{"$i":"qtn-privacy-terms-welcome","$v":"Welcome"},{"$i":"qtn-privacy-policy-description-1","$v":["Salamat sa pagpili sa ",{"t":"idOrVar","v":"WDM"},"."]},{"$i":"qtn-privacy-policy-description-2","$v":"Pinamamahalaan ng Patakaran ng Pagkapribado ng HMD Global ang paggamit mo ng mga serbisyo at application ng HMD Global sa device mo na nasa sa www.nokia.com/mobile-privacy."},{"$i":"qtn-privacy-policy-description-3","$v":["Pinamamahalaan ng EULA at Patakaran ng Pagkapribado ng KaiOS, na nasa ",{"t":"idOrVar","v":"WDM"},", ang paggamit mo ng software, mga serbisyo at application ng KaiOS sa device mo."]},{"$i":"qtn-privacy-policy-description-4","$v":{"$o":"Ipapadala sa KAI & HMD ang impormasyon sa pagsasaaktibo ng device na may isang beses na lokasyon ng device kasama ng iyong natatanging impormasyon ng device at network."}},{"$i":"qtn-privacy-policy-description-5","$v":"Ang impormasyon na ito ay nagbibigay-daan upang mas mahusay na makamit ang demand sa iyong bansa, magbigay ng SW update, sa customer support at isaaktibo ang mga serbisyo."},{"$i":"qtn-privacy-policy-description-6","$v":"Maaaring may nalalapat na mga singilin sa data."},{"$i":"qtn-privacy-policy-description-7","$v":"Maibibigay ang pagkapribado o iba pang abiso kapag gumamit ka ng iba ibang feature ng device mo."},{"$i":"aov-content-readout","$v":"Gusto mo bang i-configure ang Always On-Voice? I-click ang aov-later=Sa ibang pagkakataon"},{"$i":"software-update","$v":"Mga Setting ng Pag-update ng Software"},{"$i":"wifi-or-mobile-data","$v":"Wi-Fi o mobile network"},{"$i":"wlan-or-mobile-data","$v":"Wi-Fi o mobile network"},{"$i":"wifi-only","$v":"Wi-Fi lang"},{"$i":"wlan-only","$v":"Wi-Fi lang"},{"$i":"software-update-tips","$v":"Kapag nagda-download sa pamamagitan ng mobile network, maaaring may nalalapat na mga karagdagang singilin."}]