[{"$i":"wifi","$v":"Sélectionner un réseau"},{"$i":"ssid","$v":"SSID"},{"$i":"no-wifi-found","$v":"Aucun réseau n'a été trouvé!"},{"$i":"wifi-searching","$v":"Recherche des réseaux..."},{"$i":"security-open","$v":"Ouvrir"},{"$i":"shortStatus-connecting","$v":"Connexion en cours..."},{"$i":"shortStatus-associated","$v":"Acquisition d'une adresse IP en cours..."},{"$i":"shortStatus-authenticating","$v":"Authentification en cours..."},{"$i":"shortStatus-connected","$v":"Connecté"},{"$i":"shortStatus-associationreject","$v":"Échec de la connexion"},{"$i":"shortStatus-disconnected","$v":"Hors ligne"},{"$i":"shortStatus-connected-no-internet","$v":"Connecté, aucune connexion Internet"},{"$i":"shortStatus-dhcpfailed","$v":"Échec IP"},{"$i":"shortStatus-authenticationfailed","$v":"Mot de passe incorrect"},{"$i":"securityWEP","$v":"WEP"},{"$i":"securityWPA-PSK","$v":"WPA-PSK"},{"$i":"securityWPA-EAP","$v":"WPA-EAP"},{"$i":"securityWPA2-PSK","$v":"WPA2-PSK"},{"$i":"securityWPA/WPA2-PSK","$v":"WPA/WPA2-PSK"},{"$i":"securedBy","$v":[{"t":"idOrVar","v":"capabilities"}]},{"$i":"securedByWay","$v":["Sécurisé par ",{"t":"idOrVar","v":"capabilities"}]},{"$i":"security","$v":"Sécurité"},{"$i":"signalStrength","$v":"Puissance du signal"},{"$i":"signalLevel0","$v":"Très faible"},{"$i":"signalLevel1","$v":"Faible"},{"$i":"signalLevel2","$v":"Moyenne"},{"$i":"signalLevel3","$v":"Bonne"},{"$i":"signalLevel4","$v":"Très bonne"},{"$i":"ipAddress","$v":"Adresse IP"},{"$i":"linkSpeed","$v":"Vitesse de conexion"},{"$i":"linkSpeedMbs","$v":[{"t":"idOrVar","v":"linkSpeed"}," Mbit/s"]},{"$i":"wifi-rescan","$v":"Actualiser"},{"$i":"wifi-join-fail","$v":["Impossible de se connecter au réseau ",{"t":"idOrVar","v":"n"},"."]},{"$i":"wifi-connect-fail","$v":["Mot de passe incorrect pour ",{"t":"idOrVar","v":"n"},"."]},{"$i":"wifi-connect-fail-username-or-password","$v":["Nom d’utilisateur ou mot de passe erroné pour ",{"t":"idOrVar","v":"n"},"."]},{"$i":"wifi-ip-set-fail","$v":"Échec des paramètres IP."},{"$i":"wifi-pw-length-error","$v":"Le mot de passe doit contenir plus de 8 caractères."},{"$i":"password","$v":"Mot de passe"},{"$i":"showPassword","$v":"Afficher le mot de passe"},{"$i":"connect","$v":"Se connecter"},{"$i":"rescanCompleted","$v":"Balayage terminé."},{"$i":"eap-method","$v":"Méthode EAP"},{"$i":"phase-authentication","$v":"Authentification de la phase 2"},{"$i":"server-certificate","$v":"Certificat du serveur"},{"$i":"username","$v":"Nom d'utilisateur"},{"$i":"eap-sim","$v":["SIM ",{"t":"idOrVar","v":"id"}]},{"$i":"eap-aka","$v":"AKA"},{"$i":"eap-peap","$v":"PEAP"},{"$i":"eap-ttls","$v":"TTLS"},{"$i":"eap-akae","$v":"AKA'"},{"$i":"sim1","$v":"SIM1"},{"$i":"sim2","$v":"SIM2"},{"$i":"auth-with","$v":"Authentifier avec"},{"$i":"sim-carrier-text","$v":["Carte SIM",{"t":"idOrVar","v":"index"}," - ",{"t":"idOrVar","v":"carrierName"}]},{"$i":"auth-phase2-no","$v":"Non"},{"$i":"auth-phase2-pap","$v":"PAP"},{"$i":"auth-phase2-mschap","$v":"MSCHAP"},{"$i":"auth-phase2-mschapv2","$v":"MSCHAP V2"},{"$i":"auth-phase2-gtc","$v":"GTC"},{"$i":"server-certificate-none","$v":"--"},{"$i":"failedToConnect","$v":"Échec de la connexion au Wi-Fi"},{"$i":"select","$v":"SÉLECT."},{"$i":"skip","$v":"Sauter"},{"$i":"next","$v":"Suivant"},{"$i":"accept","$v":"Accepter"},{"$i":"cancel","$v":"Annuler"},{"$i":"ok","$v":"OK"},{"$i":"notNow","$v":"Pas maintenant"},{"$i":"forget","$v":"Oublier"},{"$i":"confirmation","$v":"Confirmation"},{"$i":"forget-network","$v":"Oublier le réseau?"},{"$i":"network-forgotten","$v":"Réseau oublié."},{"$i":"hfa","$v":"HFA"},{"$i":"setup-phone-verification","$v":"Vérification du téléphone"},{"$i":"phone-verification-entry-message","$v":"Configurez un compte en vérifiant votre numéro pour accéder à la boutique et à d'autres services."},{"$i":"phone-verification-skip-message","$v":"La vérification de votre téléphone est incomplète.Vous pouvez reprendre la vérification plus tard sous Paramètres > Compte. La vérification est obligatoire pour accéder à la boutique et à d'autres services."},{"$i":"anti-theft","$v":"Antivol"},{"$i":"anti-theft-info","$v":"Nous espérons que vous ne perdrez jamais votre téléphone, mais si cela se produit, vous pouvez protéger vos données avec nos fonctions de verrouillage et de suppression à distance. Accédez aux paramètres pour configurer votre compte KaiOS."},{"$i":"select-language","$v":"Sélectionner la langue"},{"$i":"language-current","$v":"Actuel"},{"$i":"language-readout-on","$v":"Lecture"},{"$i":"language-readout-off","$v":"Lecture"},{"$i":"readout-rule","$v":"Pour activer le mode de lecture à haute voix, appuyez sur la touche logicielle de gauche."},{"$i":"close-readout","$v":"Mode de lecture à haute voix désactivé. Pour activer le mode de lecture à haute voix, appuyez sur la touche logicielle de gauche."},{"$i":"open-readout","$v":["Mode de lecture à haute voix activé. Sélectionnez la langue. ",{"t":"idOrVar","v":"selectedLang"},". Élément 1 sur ",{"t":"idOrVar","v":"count"},"."]},{"$i":"decline-info","$v":"Vous devez accepter la politique de confidentialité et les conditions de licence de KaiOS pour utiliser cet appareil."},{"$i":"kaios-license","$v":"Politique de confidentialité et conditions de licence de"},{"$i":"decline","$v":"Refuser"},{"$i":"privacy-confirm","$v":"En appuyant sur Accepter, vous signifiez votre accord avec la politique de confidentialité et les conditions de licence de KaiOS."},{"$i":"open-url","$v":"OUVRIR L'URL"},{"$i":"privacy-terms-short","$v":"En accédant au logiciel, aux services et aux applications de KaiOS avec votre appareil et en les utilisant, vous signifiez votre acceptation et votre accord concernant le contrat de licence d'utilisateur final et les conditions de confidentialité de KaiOS, qui peuvent être consultés ici"},{"$i":"lyf-license","$v":"Conditions de licence LYF"},{"$i":"emergency","$v":"Appel d'urgence seulement"},{"$i":"done","$v":"Terminé"},{"$i":"about-kaios-agree","$v":"Je souhaite participer en envoyant des données analytiques."},{"$i":"about-kaios-age","$v":"J'ai plus de 16 ans."},{"$i":"about-kaios-ad","$v":"Utilisez mes données pour améliorer mon expérience de la publicité."},{"$i":"deselect","$v":"Désélectionner"},{"$i":"selectKeyboard","$v":"Sélectionner le clavier"},{"$i":"more","$v":"Plus >"},{"$i":"ellipses-char","$v":"…"},{"$i":"location-access","$v":"Accès à l’emplacement"},{"$i":"location-content","$v":"KaiOS utilise les données par GPS, réseaux locaux sans fil et réseaux cellulaires près de vous pour déterminer votre position approximative."},{"$i":"deny","$v":"Nier"},{"$i":"allow","$v":"Permettre"},{"$i":"always-on-voice","$v":"Voix toujours active"},{"$i":"aov-p1","$v":"Voulez-vous configurer la fonction Voix toujours active?"},{"$i":"aov-p2","$v":["Cliquez sur ",{"t":"idOrVar","v":"proceed"}," pour commencer la configuration."]},{"$i":"aov-p3","$v":"La fonction Voix toujours active vous permet de travailler avec votre assistant vocal ‘Hello Jio' en créant un profil pour vous et vos proches."},{"$i":"aov-p4","$v":"Ces profils vocaux vous permettent de contrôler votre téléphone et d'utiliser d'autres fonctions avec des commandes vocales."},{"$i":"aov-later","$v":"Later"},{"$i":"aov-proceed","$v":"Continuer"},{"$i":"data-connectivity","$v":"Avertissement"},{"$i":"data-message","$v":"Il est possible que l’assistant de configuration utilise les données sur le réseau mobile pendant la configuration initiale du téléphone intelligent."},{"$i":"qtn-privacy-terms-welcome","$v":"Bienvenue"},{"$i":"qtn-privacy-policy-description-1","$v":["Merci d'avoir choisi ",{"t":"idOrVar","v":"WDM"},"."]},{"$i":"qtn-privacy-policy-description-2","$v":"L'utilisation des svcs et des apps HMD Global dans votre appareil est régie par la Polit. de conf. d'HMD Global, disp. à www.nokia.com/mobile-privacy."},{"$i":"qtn-privacy-policy-description-3","$v":["Votre utilisation du logiciel KaiOS, des services et des applications dans votre appareil est régie par le CLUF et les conditions de confidentialité de KaiOS, disponibles à l’adresse ",{"t":"idOrVar","v":"WDM"},"."]},{"$i":"qtn-privacy-policy-description-4","$v":{"$o":"Les renseignements d’activation de l’appareil avec une position ponctuelle de celui-ci, ainsi que les informations uniques concernant votre appareil et le réseau, seront envoyés à KAI & HMD."}},{"$i":"qtn-privacy-policy-description-5","$v":"Ces renseignements nous permettent de mieux répondre à la demande dans votre pays, d'offrir des mises à jour logicielles et une assistance et d'activer les services."},{"$i":"qtn-privacy-policy-description-6","$v":"Des frais de données peuvent s’appliquer."},{"$i":"qtn-privacy-policy-description-7","$v":"Les avis de conf. et autres peuvent s'afficher au moment d'utiliser les fonct. de l'appareil."},{"$i":"aov-content-readout","$v":"Voulez-vous configurer la fonction Voix toujours active? Cliquez sur aov-later=Plus tard"},{"$i":"software-update","$v":"Paramètres de mise à jour du logiciel"},{"$i":"wifi-or-mobile-data","$v":"Wi-Fi ou rés. Cellulaire"},{"$i":"wlan-or-mobile-data","$v":"Réseau local sans fil ou réseau cellulaire"},{"$i":"wifi-only","$v":"Wi-Fi seulement"},{"$i":"wlan-only","$v":"Réseau local sans fil seulement"},{"$i":"software-update-tips","$v":"Lors d'un téléchargement sur le réseau cellulaire, des frais supplémentaires peuvent être applicables."}]