[{"$i":"wifi","$v":"Sélectionner un réseau"},{"$i":"ssid","$v":"SSID"},{"$i":"no-wifi-found","$v":"Aucun réseau disponible"},{"$i":"wifi-searching","$v":"Recherche des réseaux…"},{"$i":"security-open","$v":"Ouvert"},{"$i":"shortStatus-connecting","$v":"Connexion…"},{"$i":"shortStatus-associated","$v":"Obtention d’une adresse IP…"},{"$i":"shortStatus-authenticating","$v":"Authentification en cours…"},{"$i":"shortStatus-connected","$v":"Actuel"},{"$i":"shortStatus-associationreject","$v":"Échec de connexion"},{"$i":"shortStatus-disconnected","$v":"Hors ligne"},{"$i":"shortStatus-connected-no-internet","$v":"Connecté mais sans Internet"},{"$i":"shortStatus-dhcpfailed","$v":"Échec IP"},{"$i":"shortStatus-authenticationfailed","$v":"Mot de passe incorrect"},{"$i":"securityWEP","$v":"WEP"},{"$i":"securityWPA-PSK","$v":"WPA-PSK"},{"$i":"securityWPA-EAP","$v":"WPA-EAP"},{"$i":"securityWPA2-PSK","$v":"WPA2-PSK"},{"$i":"securityWPA/WPA2-PSK","$v":"WPA/WPA2-PSK"},{"$i":"securedBy","$v":[{"t":"idOrVar","v":"capabilities"}]},{"$i":"securedByWay","$v":["Sécurisé par ",{"t":"idOrVar","v":"capabilities"}]},{"$i":"security","$v":"Sécurité"},{"$i":"signalStrength","$v":"Niveau de signal"},{"$i":"signalLevel0","$v":"Très faible"},{"$i":"signalLevel1","$v":"Faible"},{"$i":"signalLevel2","$v":"Moyen"},{"$i":"signalLevel3","$v":"Bon"},{"$i":"signalLevel4","$v":"Très bon"},{"$i":"ipAddress","$v":"Adresse IP"},{"$i":"linkSpeed","$v":"Vitesse connexion"},{"$i":"linkSpeedMbs","$v":[{"t":"idOrVar","v":"linkSpeed"}," Mbit/s"]},{"$i":"wifi-rescan","$v":"Actualis."},{"$i":"wifi-join-fail","$v":["Impossible de rejoindre le réseau ",{"t":"idOrVar","v":"n"},"."]},{"$i":"wifi-connect-fail","$v":["Le mot de passe est incorrect pour ",{"t":"idOrVar","v":"n"},"."]},{"$i":"wifi-connect-fail-username-or-password","$v":["Le nom d’utilisateur ou le mot de passe est incorrect pour ",{"t":"idOrVar","v":"n"},"."]},{"$i":"wifi-ip-set-fail","$v":"Les paramètres IP semblent incorrects."},{"$i":"wifi-pw-length-error","$v":"Le mot de passe doit comprendre plus de 8 caractères."},{"$i":"password","$v":"Mot de passe"},{"$i":"showPassword","$v":"Afficher le mot de passe"},{"$i":"connect","$v":"Se connec."},{"$i":"rescanCompleted","$v":"La nouvelle recherche est terminée."},{"$i":"eap-method","$v":"Méthode EAP"},{"$i":"phase-authentication","$v":"Authentification, étape 2"},{"$i":"server-certificate","$v":"Certificat du serveur"},{"$i":"username","$v":"Utilisateur"},{"$i":"eap-sim","$v":"Carte SIM"},{"$i":"eap-aka","$v":"AKA"},{"$i":"eap-peap","$v":"PEAP"},{"$i":"eap-ttls","$v":"TTLS"},{"$i":"eap-akae","$v":"AKA'"},{"$i":"sim1","$v":"SIM1"},{"$i":"sim2","$v":"SIM2"},{"$i":"auth-with","$v":"S’authentifier avec"},{"$i":"sim-carrier-text","$v":["Carte SIM",{"t":"idOrVar","v":"index"}," - ",{"t":"idOrVar","v":"carrierName"}]},{"$i":"auth-phase2-no","$v":"Non"},{"$i":"auth-phase2-pap","$v":"PAP"},{"$i":"auth-phase2-mschap","$v":"MSCHAP"},{"$i":"auth-phase2-mschapv2","$v":"MSCHAP V2"},{"$i":"auth-phase2-gtc","$v":"GTC"},{"$i":"server-certificate-none","$v":"--"},{"$i":"failedToConnect","$v":"Échec de connexion"},{"$i":"select","$v":"Sélect."},{"$i":"skip","$v":"Passer"},{"$i":"next","$v":"Suivant"},{"$i":"accept","$v":"Accepter"},{"$i":"cancel","$v":"Annuler"},{"$i":"ok","$v":"OK"},{"$i":"notNow","$v":"Plus tard"},{"$i":"forget","$v":"Oublier"},{"$i":"confirmation","$v":"Confirmation"},{"$i":"forget-network","$v":"Oublier ce réseau ?"},{"$i":"network-forgotten","$v":"Le réseau est supprimé."},{"$i":"hfa","$v":"HFA"},{"$i":"setup-phone-verification","$v":"Vérification du téléphone"},{"$i":"phone-verification-entry-message","$v":"Configurez un compte en vérifiant votre numéro pour accéder au Store et aux services complémentaires."},{"$i":"phone-verification-skip-message","$v":"La vérification de votre téléphone est incomplète. Vous pouvez le vérifier ultérieurement dans Paramètres > Compte. La vérification est obligatoire pour pouvoir accéder au Store et aux services complémentaires."},{"$i":"anti-theft","$v":"Antivol"},{"$i":"anti-theft-info","$v":"Nous espérons vivement que le cas ne se présentera jamais, mais si vous venez à perdre votre téléphone, vous pouvez protéger vos données avec nos fonctionnalités à distance de verrouillage et d’effacement des données. Lorsque vous êtes prêt, accédez à Paramètres pour configurer votre compte KaiOS."},{"$i":"select-language","$v":"Sélectionner la langue"},{"$i":"language-current","$v":"Actuel"},{"$i":"language-readout-on","$v":"Annoncer"},{"$i":"language-readout-off","$v":"Annoncer"},{"$i":"readout-rule","$v":"Pour activer le mode Lecture, appuyez sur la touche logicielle."},{"$i":"close-readout","$v":"Mode Lecture désactivé. Pour activer le mode Lecture, appuyez sur la touche logicielle."},{"$i":"open-readout","$v":["Mode Lecture activé. Sélectionnez la langue. ",{"t":"idOrVar","v":"selectedLang"},". Élément 1 sur ",{"t":"idOrVar","v":"count"},"."]},{"$i":"decline-info","$v":"L’acceptation des Conditions de licence et de la politique de confidentialité de KaiOS est obligatoire pour pouvoir utiliser cet appareil."},{"$i":"kaios-license","$v":"Conditions de licence et politique de confidentialité de"},{"$i":"decline","$v":"Refuser"},{"$i":"privacy-confirm","$v":"En appuyant sur Accepter, vous reconnaissez accepter les Conditions de licence et la Politique de confidentialité de KaiOS."},{"$i":"open-url","$v":"OUVRIR L'URL"},{"$i":"privacy-terms-short","$v":"En accédant au logiciel, aux services et aux applications KaiOS et en les utilisant sur votre appareil, vous acceptez le CLUF ainsi que les Conditions générales et la Politique de confidentialité KaiOS, accessibles ici"},{"$i":"lyf-license","$v":"Modalités de licence LYF"},{"$i":"emergency","$v":"Urgence"},{"$i":"done","$v":"Terminé"},{"$i":"about-kaios-agree","$v":"Je veux contribuer en envoyant des données d’analyse."},{"$i":"about-kaios-age","$v":"J’ai plus de 16 ans."},{"$i":"about-kaios-ad","$v":"Utilisez mes données pour améliorer les publicités que je vois."},{"$i":"deselect","$v":"DÉSÉLECT."},{"$i":"selectKeyboard","$v":"Choisir le clavier"},{"$i":"more","$v":"Plus >"},{"$i":"ellipses-char","$v":"…"},{"$i":"location-access","$v":"Accès à la localisation"},{"$i":"location-content","$v":"KaiOS fait appel à des données telles que le GPS, l’accès sans fil et le réseau mobile à proximité pour contribuer à déterminer votre position approximative."},{"$i":"deny","$v":"Refuser"},{"$i":"allow","$v":"Autoriser"},{"$i":"always-on-voice","$v":"Voix toujours active"},{"$i":"aov-p1","$v":"Voulez-vous configurer la fonction Voix toujours active ?"},{"$i":"aov-p2","$v":["Cliquez sur ",{"t":"idOrVar","v":"proceed"}," pour lancer la configuration."]},{"$i":"aov-p3","$v":"La fonction Voix toujours active vous permet d’interagir avec votre assistant vocal « Bonjour Jio » en créant un profil pour vous et vos proches."},{"$i":"aov-p4","$v":"Ces profils vocaux vous permettent de contrôler votre téléphone et d’exécuter d’autres fonctions par le biais de commandes vocales."},{"$i":"aov-later","$v":"Later"},{"$i":"aov-proceed","$v":"Continuer"},{"$i":"data-connectivity","$v":"Message d'avertissement"},{"$i":"data-message","$v":"L'assistant pourra utiliser des données sur le réseau mobile pendant la configuration initiale du smartphone."},{"$i":"qtn-privacy-terms-welcome","$v":"Bienvenue"},{"$i":"qtn-privacy-policy-description-1","$v":["Merci d'avoir choisi le ",{"t":"idOrVar","v":"WDM"},"."]},{"$i":"qtn-privacy-policy-description-2","$v":"Votre utilisation des services et applications HMD Global dans votre appareil est régie par la Politique de confidentialité de HMD Global, disponible sur le site www.nokia.com/mobile-privacy."},{"$i":"qtn-privacy-policy-description-3","$v":["L'utilisation du logiciel KaiOS, des services et des applications de votre appareil est soumise au CLUF et à la politique de confidentialité de KaiOS, disponibles à l'adresse ",{"t":"idOrVar","v":"WDM"},"."]},{"$i":"qtn-privacy-policy-description-4","$v":{"$o":"Les informations d'activation accompagnées de la position de votre appareil ainsi que des informations uniques relatives à votre appareil et au réseau seront envoyées à KAI & HMD."}},{"$i":"qtn-privacy-policy-description-5","$v":"Ces informations nous permettent de mieux répondre à la demande dans votre pays, de vous fournir des mises à jour logicielles, de faciliter les interventions du service clientèle et d'activer nos services."},{"$i":"qtn-privacy-policy-description-6","$v":"Des frais de données peuvent s'appliquer."},{"$i":"qtn-privacy-policy-description-7","$v":"D'autres avis relatifs à la confidentialité, notamment, peuvent s'afficher lorsque vous utilisez différentes fonctionnalités de votre appareil."},{"$i":"aov-content-readout","$v":"Voulez-vous configurer la fonction Voix toujours active ? Cliquez sur aov-later=Plus tard"},{"$i":"software-update","$v":"Paramètres de mise à jour du logiciel"},{"$i":"wifi-or-mobile-data","$v":"Réseau Wi-Fi ou mobile"},{"$i":"wlan-or-mobile-data","$v":"Réseau sans fil ou mobile"},{"$i":"wifi-only","$v":"Wi-Fi uniquement"},{"$i":"wlan-only","$v":"Sans fil uniquement"},{"$i":"software-update-tips","$v":"En cas de téléchargement par un réseau mobile, des frais supplémentaires peuvent s’appliquer."}]