[{"$i":"wifi","$v":"नेटवर्क चुनें"},{"$i":"ssid","$v":"SSID"},{"$i":"no-wifi-found","$v":"कोई नेटवर्क उपलब्ध नहीं हैं"},{"$i":"wifi-searching","$v":"नेटवर्क खोजे जा रहे हैं..."},{"$i":"security-open","$v":"खोलें"},{"$i":"shortStatus-connecting","$v":"कनेक्ट हो रहा हैं..."},{"$i":"shortStatus-associated","$v":"IP एड्रेस प्राप्त किया जा रहा हैं..."},{"$i":"shortStatus-authenticating","$v":"प्रमाणित हो रहा हैं ..."},{"$i":"shortStatus-connected","$v":"कनेक्ट हुआ"},{"$i":"shortStatus-associationreject","$v":"कनेक्शन विफल रहा"},{"$i":"shortStatus-disconnected","$v":"ऑफ़लाइन"},{"$i":"shortStatus-connected-no-internet","$v":"कनेक्टेड, इंटरनेट नहीं हैं"},{"$i":"shortStatus-dhcpfailed","$v":"IP विफल रहा"},{"$i":"shortStatus-authenticationfailed","$v":"गलत पासवर्ड"},{"$i":"securityWEP","$v":"WEP"},{"$i":"securityWPA-PSK","$v":"WPA-PSK"},{"$i":"securityWPA-EAP","$v":"WPA-EAP"},{"$i":"securityWPA2-PSK","$v":"WPA2-PSK"},{"$i":"securityWPA/WPA2-PSK","$v":"WPA/WPA2-PSK"},{"$i":"securedBy","$v":[{"t":"idOrVar","v":"capabilities"}]},{"$i":"securedByWay","$v":[{"t":"idOrVar","v":"capabilities"}," द्वारा सुरक्षित"]},{"$i":"security","$v":"सुरक्षा"},{"$i":"signalStrength","$v":"सिग्‍नल शक्ति"},{"$i":"signalLevel0","$v":"बहुत कमज़ोर"},{"$i":"signalLevel1","$v":"कमज़ोर"},{"$i":"signalLevel2","$v":"औसत"},{"$i":"signalLevel3","$v":"बढ़िया हैं"},{"$i":"signalLevel4","$v":"बहुत अच्छा"},{"$i":"ipAddress","$v":"IP एड्रेस"},{"$i":"linkSpeed","$v":"लिंक गति"},{"$i":"linkSpeedMbs","$v":[{"t":"idOrVar","v":"linkSpeed"}," Mbit/s"]},{"$i":"wifi-rescan","$v":"पुनः स्कैन करें"},{"$i":"wifi-join-fail","$v":[{"t":"idOrVar","v":"n"}," नेटवर्क में शामिल होने में असमर्थ।"]},{"$i":"wifi-connect-fail","$v":[{"t":"idOrVar","v":"n"}," के लिए पासवर्ड गलत हैं।"]},{"$i":"wifi-connect-fail-username-or-password","$v":[{"t":"idOrVar","v":"n"}," के लिए उपयोगकर्ता नाम या पासवर्ड गलत है।"]},{"$i":"wifi-ip-set-fail","$v":"IP ​​सेटिंगस विफल रही।"},{"$i":"wifi-pw-length-error","$v":"पासवर्ड की लंबाई 8 अक्षरों से अधिक होना चाहिए।"},{"$i":"password","$v":"पासवर्ड"},{"$i":"showPassword","$v":"पासवर्ड दिखाएं"},{"$i":"connect","$v":"कनेक्ट करें"},{"$i":"rescanCompleted","$v":"रीस्कैन पूरा हुआ।"},{"$i":"eap-method","$v":"EAP विधि"},{"$i":"phase-authentication","$v":"फेज़ 2 का प्रमाणीकरण"},{"$i":"server-certificate","$v":"सर्वर प्रमाणपत्र"},{"$i":"username","$v":"यूज़र नेम"},{"$i":"eap-sim","$v":"सिम"},{"$i":"eap-aka","$v":"AKA"},{"$i":"eap-peap","$v":"PEAP"},{"$i":"eap-ttls","$v":"TTLS"},{"$i":"eap-akae","$v":"AKA'"},{"$i":"sim1","$v":"SIM1"},{"$i":"sim2","$v":"SIM2"},{"$i":"auth-with","$v":"के साथ प्रमाणित करें"},{"$i":"sim-carrier-text","$v":["सिम",{"t":"idOrVar","v":"index"}," - ",{"t":"idOrVar","v":"carrierName"}]},{"$i":"auth-phase2-no","$v":"नहीं"},{"$i":"auth-phase2-pap","$v":"PAP"},{"$i":"auth-phase2-mschap","$v":"MSCHAP"},{"$i":"auth-phase2-mschapv2","$v":"MSCHAP V2"},{"$i":"auth-phase2-gtc","$v":"GTC"},{"$i":"server-certificate-none","$v":"--"},{"$i":"failedToConnect","$v":"कनेक्ट करने में विफल रहा"},{"$i":"select","$v":"चुनें"},{"$i":"skip","$v":"स्किप"},{"$i":"next","$v":"अगला"},{"$i":"accept","$v":"स्वीकार"},{"$i":"cancel","$v":"रद्द करें"},{"$i":"ok","$v":"ठीक हैं"},{"$i":"notNow","$v":"अभी नहीं"},{"$i":"forget","$v":"भूल जाएं"},{"$i":"confirmation","$v":"पुष्टिकरण"},{"$i":"forget-network","$v":"नेटवर्क भूल जाएं?"},{"$i":"network-forgotten","$v":"नेटवर्क भूला हुआ।"},{"$i":"hfa","$v":"HFA"},{"$i":"setup-phone-verification","$v":"फोन का सत्यापन"},{"$i":"phone-verification-entry-message","$v":"स्टोर और अतिरिक्त सेवाओं तक पहुंचने के लिए अपना नंबर सत्यापित करके खाता सेटअप करें।"},{"$i":"phone-verification-skip-message","$v":"आपका फोन सत्यापन अधूरा है आप सेटिंग्स> खाते में बाद में सत्यापित कर सकते हैं . स्टोर और अतिरिक्त सेवाओं तक पहुंचने के लिए सत्यापन की आवश्यकता है"},{"$i":"anti-theft","$v":"एंटी-थेफ्ट"},{"$i":"anti-theft-info","$v":"हम आशा करते हैं कि आप कभी भी अपना फ़ोन नहीं गुमायेंगे, लेकिन यदि ऐसा होता हैं, तो आप अपने डेटा को हमारे रिमोट लॉक और वाइप सुविधा से सुरक्षित रख सकते हैं।जब आप तैयार हों, तो अपने KaiOS अकाउंट को सेट करने के लिए सेटिंग्स पर जाएँ।"},{"$i":"select-language","$v":"भाषा चुनें"},{"$i":"language-current","$v":"वर्तमान में"},{"$i":"language-readout-on","$v":"रीडआउट"},{"$i":"language-readout-off","$v":"रीडआउट"},{"$i":"readout-rule","$v":"रीडआउट मोड ऑन करने के लिए, कृपया बाईं सॉफ्टवेयर कुंजी दबाएं।"},{"$i":"close-readout","$v":"रीडआउट मोड अक्षम किया गया है। रीडआउट मोड चालू  करने के लिए, कृपया बाईं सॉफ्टवेयर कुंजी दबाएं।"},{"$i":"open-readout","$v":["रीडआउट मोड सक्षम किया गया है। भाषा चुनें। ",{"t":"idOrVar","v":"selectedLang"},". ",{"t":"idOrVar","v":"count"}," में से आइटम 1।"]},{"$i":"decline-info","$v":"इस डिवाइस का उपयोग करने के लिए काई.ओ.एस लाइसेंस की शर्तें और गोपनीयता नीति की स्वीकृति आवश्यक है।"},{"$i":"kaios-license","$v":"काई.ओ.एस लाइसेंस की शर्तें और गोपनीयता नीति"},{"$i":"decline","$v":"अस्वीकार"},{"$i":"privacy-confirm","$v":"एक्सेप्ट दबाकर आप काई.ओ.एस लाइसेंस की शर्तों और गोपनीयता नीति से सहमत होते हैं।"},{"$i":"open-url","$v":"यू.आर.एल खोलें"},{"$i":"privacy-terms-short","$v":"अपने डिवाइस में काई.ओ.एस सॉफ्टवेयर, सेवाओं और अनुप्रयोगों का एक्सेस और उपयोग करके, आप काई.ओ.एस ई.यू.एल.ए और गोपनीयता नियमों का पालन करने के लिए स्वीकार करते हैं और सहमत होते हैं, जो यहां पाया जा सकता है"},{"$i":"lyf-license","$v":"LYF लाइसेंस की शर्तें"},{"$i":"emergency","$v":"आपातकाल"},{"$i":"done","$v":"हो गया"},{"$i":"about-kaios-agree","$v":"मैं एनालिटिक्स डेटा भेजकर मदद करना चाहता हूं।"},{"$i":"about-kaios-age","$v":"मेरी उम्र 16 वर्ष से अधिक है।"},{"$i":"about-kaios-ad","$v":"मेरे विज्ञापन अनुभव को बेहतर बनाने के लिए मेरे डेटा का उपयोग करें।"},{"$i":"deselect","$v":"चयन हटाएं"},{"$i":"selectKeyboard","$v":"कीबोर्ड चुनें"},{"$i":"more","$v":"अधिक >"},{"$i":"ellipses-char","$v":"…"},{"$i":"location-access","$v":"लोकेशन एक्सेस"},{"$i":"location-content","$v":"KaiOS uses data such as GPS, Wi-Fi and mobile network near you to help determine your approximate position."},{"$i":"deny","$v":"अस्वीकार करें"},{"$i":"allow","$v":"अनुमति दें"},{"$i":"always-on-voice","$v":"हमेशा ऑन-वॉइस"},{"$i":"aov-p1","$v":"क्या आप हमेशा ऑन-वॉइस को कॉन्फ़िगर करना चाहते हैं?"},{"$i":"aov-p2","$v":["कॉन्फ़िगरेशन शुरू करने के लिए ",{"t":"idOrVar","v":"proceed"}," पर क्लिक करें।"]},{"$i":"aov-p3","$v":"हमेशा ऑन-वॉइस से आपको अपने लिए और अपनों के लिए प्रोफ़ाइल बनाकर वॉइस असिस्टेंट 'हैलो जियो' के साथ काम करने की सुविधा मिलती है।"},{"$i":"aov-p4","$v":"ये वॉइस प्रोफ़ाइल आपको अपने फ़ोन को नियंत्रित करने और वॉइस कमांड के साथ अन्य काम करने की अनुमति देंगे।"},{"$i":"aov-later","$v":"Later"},{"$i":"aov-proceed","$v":"आगे बढ़ें"},{"$i":"data-connectivity","$v":"चेतावनी संदेश"},{"$i":"data-message","$v":"स्मार्ट फ़ोन के प्रारंभिक सेटअप के दौरान सेटअप विज़र्ड, मोबाइल नेटवर्क पर डेटा का संभवतः उपयोग करेगा।"},{"$i":"qtn-privacy-terms-welcome","$v":"स्वागत है"},{"$i":"qtn-privacy-policy-description-1","$v":[{"t":"idOrVar","v":"WDM"}," को चुनने के लिए धन्यवाद।"]},{"$i":"qtn-privacy-policy-description-2","$v":"आपके द्वारा अपने डिवाइस में HMD Global सेवाओं और एप्लिकेशन का उपयोग HMD Global गोपनीयता नीति द्वारा नियंत्रित किया जाता है, जो कि www.nokia.com/mobile-privacy पर उपलब्ध है।"},{"$i":"qtn-privacy-policy-description-3","$v":["आपके डिवाइस पर KaiOS सॉफ़्टवेयर, सेवाओं और एप्लिकेशन का आपका उपयोग, KaiOS EULA और गोपनीयता की शर्तों द्वारा नियंत्रित होता है, जो ",{"t":"idOrVar","v":"WDM"}," पर उपलब्ध है।"]},{"$i":"qtn-privacy-policy-description-4","$v":{"$o":"आपकी अद्वितीय डिवाइस और नेटवर्क जानकारी के साथ, एक-बार डिवाइस स्थान के साथ डिवाइस सक्रियण जानकारी KAI & HMD को भेजी जाएगी।"}},{"$i":"qtn-privacy-policy-description-5","$v":"इस जानकारी की सहायता से हम आपके देश में मांग को बेहतर तरीके से पूरा कर सकते हैं, SW अपडेट प्रदान कर सकते हैं, ग्राहक समर्थन और सेवाएँ सक्रिय कर सकते हैं।"},{"$i":"qtn-privacy-policy-description-6","$v":"डेटा शुल्क लागू हो सकते हैं।"},{"$i":"qtn-privacy-policy-description-7","$v":"जब आप अपने डिवाइस की विभिन्न सुविधाओं का उपयोग करते हैं, तब गोपनीयता या अन्य सूचनाएँ प्रदान की जा सकती हैं।"},{"$i":"aov-content-readout","$v":"क्या आप हमेशा ऑन-वॉइस को कॉन्फ़िगर करना चाहते हैं? इस पर क्लिक करें aov-later=बाद में"},{"$i":"software-update","$v":"सॉफ़्टवेयर अपडेट सेटिंग्स"},{"$i":"wifi-or-mobile-data","$v":"वाई-फाई या मोबाइल नेटवर्क"},{"$i":"wlan-or-mobile-data","$v":"Wi-Fi or mobile network"},{"$i":"wifi-only","$v":"केवल वाई - फाई"},{"$i":"wlan-only","$v":"Wi-Fi only"},{"$i":"software-update-tips","$v":"मोबाइल नेटवर्क के माध्यम से डाउनलोड करने पर, अतिरिक्त शुल्क लग सकता है।"}]