[{"$i":"wifi","$v":"Odabir mreže"},{"$i":"ssid","$v":"SSID"},{"$i":"no-wifi-found","$v":"Nema nijedne dostupne mreže"},{"$i":"wifi-searching","$v":"Traženje mreža..."},{"$i":"security-open","$v":"Otvori"},{"$i":"shortStatus-connecting","$v":"Povezivanje…"},{"$i":"shortStatus-associated","$v":"Prib. IP adrese..."},{"$i":"shortStatus-authenticating","$v":"Autentifikacija…"},{"$i":"shortStatus-connected","$v":"Povezano"},{"$i":"shortStatus-associationreject","$v":"Veza je prekinuta"},{"$i":"shortStatus-disconnected","$v":"Izvan mreže"},{"$i":"shortStatus-connected-no-internet","$v":"Povezano, nema interneta"},{"$i":"shortStatus-dhcpfailed","$v":"IP nije uspio."},{"$i":"shortStatus-authenticationfailed","$v":"Netočna lozinka"},{"$i":"securityWEP","$v":"WEP"},{"$i":"securityWPA-PSK","$v":"WPA-PSK"},{"$i":"securityWPA-EAP","$v":"WPA-EAP"},{"$i":"securityWPA2-PSK","$v":"WPA2-PSK"},{"$i":"securityWPA/WPA2-PSK","$v":"WPA/WPA2-PSK"},{"$i":"securedBy","$v":[{"t":"idOrVar","v":"capabilities"}]},{"$i":"securedByWay","$v":["Osigurava ",{"t":"idOrVar","v":"capabilities"}]},{"$i":"security","$v":"Sigurnost"},{"$i":"signalStrength","$v":"Jačina signala"},{"$i":"signalLevel0","$v":"Vrlo slabo"},{"$i":"signalLevel1","$v":"Slabo"},{"$i":"signalLevel2","$v":"Prosječno"},{"$i":"signalLevel3","$v":"Dobro"},{"$i":"signalLevel4","$v":"Vrlo dobro"},{"$i":"ipAddress","$v":"IP adresa"},{"$i":"linkSpeed","$v":"Brzina veze"},{"$i":"linkSpeedMbs","$v":[{"t":"idOrVar","v":"linkSpeed"}," Mbit/s"]},{"$i":"wifi-rescan","$v":"Pon. sken."},{"$i":"wifi-join-fail","$v":["Nije moguće pridruživanje mreži ",{"t":"idOrVar","v":"n"},"."]},{"$i":"wifi-connect-fail","$v":["Netočna lozinka za ",{"t":"idOrVar","v":"n"},"."]},{"$i":"wifi-connect-fail-username-or-password","$v":["Pogrešno korisničko ime ili zaporka za ",{"t":"idOrVar","v":"n"},"."]},{"$i":"wifi-ip-set-fail","$v":"Postavke IP-a nisu uspjele."},{"$i":"wifi-pw-length-error","$v":"Loz. mora biti dulja od 8 zn."},{"$i":"password","$v":"Lozinka"},{"$i":"showPassword","$v":"Prikaži lozinku"},{"$i":"connect","$v":"Spoji"},{"$i":"rescanCompleted","$v":"Rescan završen."},{"$i":"eap-method","$v":"EAP metoda"},{"$i":"phase-authentication","$v":"2. faza prov. aut."},{"$i":"server-certificate","$v":"Certifikat poslužitelja"},{"$i":"username","$v":"Korisničko ime"},{"$i":"eap-sim","$v":"SIM"},{"$i":"eap-aka","$v":"Poznati i kao"},{"$i":"eap-peap","$v":"PEAP"},{"$i":"eap-ttls","$v":"TTLS"},{"$i":"eap-akae","$v":"AKA'"},{"$i":"sim1","$v":"SIM1"},{"$i":"sim2","$v":"SIM2"},{"$i":"auth-with","$v":"Provj. aut. uz"},{"$i":"sim-carrier-text","$v":["SIM",{"t":"idOrVar","v":"index"}," - ",{"t":"idOrVar","v":"carrierName"}]},{"$i":"auth-phase2-no","$v":"Ne"},{"$i":"auth-phase2-pap","$v":"PAP"},{"$i":"auth-phase2-mschap","$v":"MSCHAP"},{"$i":"auth-phase2-mschapv2","$v":"MSCHAP V2"},{"$i":"auth-phase2-gtc","$v":"GTC"},{"$i":"server-certificate-none","$v":"--"},{"$i":"failedToConnect","$v":"Nije uspjelo povezivanje"},{"$i":"select","$v":"Odaberi"},{"$i":"skip","$v":"Preskoči"},{"$i":"next","$v":"Dalje"},{"$i":"accept","$v":"Prihvati"},{"$i":"cancel","$v":"Poništi"},{"$i":"ok","$v":"U redu"},{"$i":"notNow","$v":"Ne sada"},{"$i":"forget","$v":"Zaboravi"},{"$i":"confirmation","$v":"Potvrda"},{"$i":"forget-network","$v":"Želite li zaboraviti mrežu?"},{"$i":"network-forgotten","$v":"Mreža zabor."},{"$i":"hfa","$v":"HFA"},{"$i":"setup-phone-verification","$v":"Potvrđivanje telefona"},{"$i":"phone-verification-entry-message","$v":"Postavljanje računa potvrđivanjem vašeg broja za pristup pohrani i dodatnim uslugama."},{"$i":"phone-verification-skip-message","$v":"Potvrđivanje vašeg telefona je nepotpuno. Možete potvrditi kasnije u opcijama Postavke > Račun. Potvrđivanje je potrebno za pristup pohrani i dodatnim uslugama."},{"$i":"anti-theft","$v":"Sprječavanje krađe"},{"$i":"anti-theft-info","$v":"Nadajmo se da nikada nećete izgubiti telefon, ali ako se to dogodi, možete zaštititi podatke uz naše značajke daljinskog zaključavanja i brisanja. Kada budete spremni, otvorite Postavke i postavite račun za KaiOS."},{"$i":"select-language","$v":"Odabir jezika"},{"$i":"language-current","$v":"Trenutno"},{"$i":"language-readout-on","$v":"Čitanje"},{"$i":"language-readout-off","$v":"Čitanje"},{"$i":"readout-rule","$v":"Da biste uključili način čitanja, pritisnite lijevu softversku tipku."},{"$i":"close-readout","$v":"Način čitanja je onemogućen. Da biste uključili način čitanja, pritisnite lijevu softversku tipku."},{"$i":"open-readout","$v":["Način čitanja omogućen. Odaberite Jezik. ",{"t":"idOrVar","v":"selectedLang"},". Stavka 1 od ",{"t":"idOrVar","v":"count"},"."]},{"$i":"decline-info","$v":"Da bi se koristio ovaj uređaj, potrebno je prihvatiti Odredbe i uvjete."},{"$i":"kaios-license","$v":"Uvjeti i pravila o privatnosti"},{"$i":"decline","$v":"Odbij"},{"$i":"privacy-confirm","$v":"Pritiskom na Prihvati pristajete na licencne uvjete i pravila privatnosti sustava KaiOS."},{"$i":"open-url","$v":"OTVORI URL"},{"$i":"privacy-terms-short","$v":"Pristupanjem softveru, uslugama i aplikacijama sustava KaiOS na uređaju i njihovim korištenjem prihvaćate i slažete se da ćete poštivati licencni ugovor za krajnjeg korisnika i uvjete privatnosti sustava KaiOS, koji su dostupni ovdje"},{"$i":"lyf-license","$v":"Odredbe licence za LYF"},{"$i":"emergency","$v":"Hitni slučaj"},{"$i":"done","$v":"Dovršeno"},{"$i":"about-kaios-agree","$v":"Želim pomoći slanjem analitičkih podataka."},{"$i":"about-kaios-age","$v":"Imam više od 16 godina."},{"$i":"about-kaios-ad","$v":"Koristite moje podatke za poboljšanje iskustva oglašavanja."},{"$i":"deselect","$v":"Poništi odabir"},{"$i":"selectKeyboard","$v":"Odabir tipkovnice"},{"$i":"more","$v":"Više >"},{"$i":"ellipses-char","$v":"…"},{"$i":"location-access","$v":"Pristup lokaciji"},{"$i":"location-content","$v":"KaiOS upotrebljava podatke kao što su GPS, Wi-Fi i mobilne mreže u blizini da bi utvrdio vaš približni položaj."},{"$i":"deny","$v":"Odbij"},{"$i":"allow","$v":"Dopusti"},{"$i":"always-on-voice","$v":"Uvijek na glas"},{"$i":"aov-p1","$v":"Želite li konfigurirati Always On-Voice?"},{"$i":"aov-p2","$v":["Kliknite ",{"t":"idOrVar","v":"proceed"}," kako biste započeli konfiguriranje."]},{"$i":"aov-p3","$v":"Always On-Voice omogućuje rad s glasovnim pomoćnikom \"Hello Jio\" tako da stvorite profil za sebe i bliske vam osobe."},{"$i":"aov-p4","$v":"Ti će vam glasovni profili omogućiti upravljanje telefonom i izvršavanje drugih funkcija glasovnim naredbama."},{"$i":"aov-later","$v":"Later"},{"$i":"aov-proceed","$v":"Nastavi"},{"$i":"data-connectivity","$v":"Poruka upozorenja"},{"$i":"data-message","$v":"Čarobnjak za postavljanje možda će tijekom početnog postavljanja pametnog telefona koristiti podatke putem mobilne mreže."},{"$i":"qtn-privacy-terms-welcome","$v":"Dobro došli"},{"$i":"qtn-privacy-policy-description-1","$v":["Hvala što ste odabrali ",{"t":"idOrVar","v":"WDM"},"."]},{"$i":"qtn-privacy-policy-description-2","$v":"Na upotrebu servisa i aplikacija tvrtke HMD Global na vašem uređaju primjenjuje se pravila privatnosti te tvrtke dostupna na adresi www.nokia.com/mobile-privacy."},{"$i":"qtn-privacy-policy-description-3","$v":["Na upotrebu softvera, servisa i aplikacija KaiOS na vašem uređaju primjenjuju se licencni ugovor za krajnjeg korisnika i pravila privatnosti dostupna na adresi ",{"t":"idOrVar","v":"WDM"},"."]},{"$i":"qtn-privacy-policy-description-4","$v":{"$o":"Tvrtki KAI & HMD poslat će se informacije o aktivaciji uređaja s jednokratnom lokacijom uređaja zajedno s jedinstvenim informacijama o uređaju i mreži."}},{"$i":"qtn-privacy-policy-description-5","$v":"Te informacije omogućuju nam bolje zadovoljavanje potražnje u vašoj državi, davanje softverskih ažuriranja, korisničku podršku i aktiviranje usluga."},{"$i":"qtn-privacy-policy-description-6","$v":"Moguća je naplata naknade za podatkovni promet."},{"$i":"qtn-privacy-policy-description-7","$v":"Kada koristite razne značajke uređaja, mogli biste dobivati obavijesti o privatnosti i drugome."},{"$i":"aov-content-readout","$v":"Želite li konfigurirati Always On-Voice? Kliknite aov-later=Kasnije"},{"$i":"software-update","$v":"Postavke ažuriranja softvera"},{"$i":"wifi-or-mobile-data","$v":"Wi-Fi ili mobilna mreža"},{"$i":"wlan-or-mobile-data","$v":"Wi-Fi ili mobilna mreža"},{"$i":"wifi-only","$v":"Samo Wi-Fi"},{"$i":"wlan-only","$v":"Samo Wi-Fi"},{"$i":"software-update-tips","$v":"Pri preuzimanju putem mobilne mreže mogu se naplatiti dodatni troškovi."}]