[{"$i":"wifi","$v":"Ընտրեք ցանց"},{"$i":"ssid","$v":"SSID"},{"$i":"no-wifi-found","$v":"Հասանելի ցանցեր չկան"},{"$i":"wifi-searching","$v":"Որոնել ցանցեր..."},{"$i":"security-open","$v":"Բացել"},{"$i":"shortStatus-connecting","$v":"Միանում է..."},{"$i":"shortStatus-associated","$v":"IP հսցի ձռք բրմ…"},{"$i":"shortStatus-authenticating","$v":"Ճանաչվում է…"},{"$i":"shortStatus-connected","$v":"Միացված է"},{"$i":"shortStatus-associationreject","$v":"Միացումը ձախողվեց"},{"$i":"shortStatus-disconnected","$v":"Ցանցից դուրս"},{"$i":"shortStatus-connected-no-internet","$v":"Կապակցված է, ինտերնետ չկա"},{"$i":"shortStatus-dhcpfailed","$v":"IP-ն ձախողվեց"},{"$i":"shortStatus-authenticationfailed","$v":"Սխալ գաղտնաբառ"},{"$i":"securityWEP","$v":"WEP"},{"$i":"securityWPA-PSK","$v":"WPA-PSK"},{"$i":"securityWPA-EAP","$v":"WPA-EAP"},{"$i":"securityWPA2-PSK","$v":"WPA2-PSK"},{"$i":"securityWPA/WPA2-PSK","$v":"WPA/WPA2-PSK"},{"$i":"securedBy","$v":[{"t":"idOrVar","v":"capabilities"}]},{"$i":"securedByWay","$v":["Պշտպնվծ է ",{"t":"idOrVar","v":"capabilities"},"-ի կղմց"]},{"$i":"security","$v":"Անվտնգթյն"},{"$i":"signalStrength","$v":"Ազդանշանի ուժգնություն"},{"$i":"signalLevel0","$v":"Շատ թույլ"},{"$i":"signalLevel1","$v":"Թույլ"},{"$i":"signalLevel2","$v":"Միջին"},{"$i":"signalLevel3","$v":"Լավ"},{"$i":"signalLevel4","$v":"Շատ լավ"},{"$i":"ipAddress","$v":"IP հասցե"},{"$i":"linkSpeed","$v":"Կցման արագություն"},{"$i":"linkSpeedMbs","$v":[{"t":"idOrVar","v":"linkSpeed"}," Mbit/s"]},{"$i":"wifi-rescan","$v":"Վերասկանավորել"},{"$i":"wifi-join-fail","$v":["Հնարավոր չէ միանալ ",{"t":"idOrVar","v":"n"}," ցանցին:"]},{"$i":"wifi-connect-fail","$v":["Սխալ գաղտնաբառ ",{"t":"idOrVar","v":"n"},"-ի համար:"]},{"$i":"wifi-connect-fail-username-or-password","$v":["Սխալ օգտանուն և գաղտնաբառ ",{"t":"idOrVar","v":"n"},"-ի համար:"]},{"$i":"wifi-ip-set-fail","$v":"IP պարամետրերը ձախողվեցին:"},{"$i":"wifi-pw-length-error","$v":"Գղտնբռը պետք է լինի 8 նշց ավելի:"},{"$i":"password","$v":"Գաղտնաբառ"},{"$i":"showPassword","$v":"Ցուցադրել գաղտնաբառը"},{"$i":"connect","$v":"Միանալ"},{"$i":"rescanCompleted","$v":"Rescan- ը ավարտվեց:"},{"$i":"eap-method","$v":"EAP տարբերակ"},{"$i":"phase-authentication","$v":"2-րդ փուլի վավերացում"},{"$i":"server-certificate","$v":"Սերվերի վկայական"},{"$i":"username","$v":"Օգտանուն"},{"$i":"eap-sim","$v":"SIM"},{"$i":"eap-aka","$v":"AKA"},{"$i":"eap-peap","$v":"PEAP"},{"$i":"eap-ttls","$v":"TTLS"},{"$i":"eap-akae","$v":"AKA'"},{"$i":"sim1","$v":"SIM1"},{"$i":"sim2","$v":"SIM2"},{"$i":"auth-with","$v":"Նույնականացնել հետևյալի հետ՝"},{"$i":"sim-carrier-text","$v":["SIM",{"t":"idOrVar","v":"index"}," - ",{"t":"idOrVar","v":"carrierName"}]},{"$i":"auth-phase2-no","$v":"Ոչ"},{"$i":"auth-phase2-pap","$v":"PAP"},{"$i":"auth-phase2-mschap","$v":"MSCHAP"},{"$i":"auth-phase2-mschapv2","$v":"MSCHAP V2"},{"$i":"auth-phase2-gtc","$v":"GTC"},{"$i":"server-certificate-none","$v":"--"},{"$i":"failedToConnect","$v":"Չհաջողվեց միացնել"},{"$i":"select","$v":"Ընտրել"},{"$i":"skip","$v":"Բաց թողնել"},{"$i":"next","$v":"Հաջորդ"},{"$i":"accept","$v":"Ընդնել"},{"$i":"cancel","$v":"Չեղարկել"},{"$i":"ok","$v":"Լավ"},{"$i":"notNow","$v":"Հիմա չէ"},{"$i":"forget","$v":"Մոռանալ"},{"$i":"confirmation","$v":"Հաստատում"},{"$i":"forget-network","$v":"Մոռանա՞լ ցանցը:"},{"$i":"network-forgotten","$v":"Ցանցը մոռացվեց։"},{"$i":"hfa","$v":"HFA"},{"$i":"setup-phone-verification","$v":"Հեռախոսի հաստատում"},{"$i":"phone-verification-entry-message","$v":"Տեղակայեք ձեր հաշիվը՝ հաստատելով ձեր հեռախոսահամարը, որպեսզի մատչեք Խանութը և այլ ծառայություններ։"},{"$i":"phone-verification-skip-message","$v":"Ձեր հեռախոսի հաստատումը կիսատ է։ Կարող եք հաստատել ավելի ուշ, անցնելով՝ Պարամետրեր > Հաշիվ։ Հաստատումն անհրաժեշտ է Խանութը և այլ ծառայություններ մատչելու համար։"},{"$i":"anti-theft","$v":"Գողության կանխում"},{"$i":"anti-theft-info","$v":"Հուսանք՝ դուք երբևէ չեք կորցնի ձեր հեռախոսը, սակայն եթե կորցնեք, կարող եք պաշտպանել ձեր տվյալները հեռահար կողպման և մաքրման գործառույթներով: Երբ պատրաստ լինեք, անցեք Պարամետրեր՝ ձեր KaiOS հաշիվը տեղակայելու համար:"},{"$i":"select-language","$v":"Ընտրել լեզու"},{"$i":"language-current","$v":"Ընթացիկ"},{"$i":"language-readout-on","$v":"Բրձրձյն ընթերցել"},{"$i":"language-readout-off","$v":"Բրձրձյն ընթերցել"},{"$i":"readout-rule","$v":"Բարձրաձայն ընթերցման ռեժիմը միացնելու համար խնդրում ենք սեղմեք ստեղնաշարի ձախ ստեղնը:"},{"$i":"close-readout","$v":"Բարձրաձայն ընթերցման ռեժիմն անջատված է: Բարձրաձայն ընթերցման ռեժիմը միացնելու համար խնդրում ենք սեղմեք ստեղնաշարի ձախ ստեղնը:"},{"$i":"open-readout","$v":["Բարձրաձայն ընթերցման ռեժիմը միացված է: Ընտրեք լեզուն: ",{"t":"idOrVar","v":"selectedLang"},"։ Տարր 1՝  ",{"t":"idOrVar","v":"count"},"-ից:"]},{"$i":"decline-info","$v":"Սրքն օգտգրծլ հմր Պյմննրի և դրյթնրի ընդնմ պրտդիր է:"},{"$i":"kaios-license","$v":"Պայմաններ և գաղտնիության քաղաքականություն"},{"$i":"decline","$v":"Մերժել"},{"$i":"privacy-confirm","$v":"Սեղմելով Ընդունել՝ դուք համաձայնում եք KaiOS-ի լիցենզիայի պայմաններին և գաղտնիության քաղաքականությանը:"},{"$i":"open-url","$v":"ԲԱՑԵԼ URL-Ը"},{"$i":"privacy-terms-short","$v":"Ընդունելով և օգտագործելով KaiOS ծրագրաշարը, ծառայությունները և ձեր սարքի հավելվածները՝ դուք ընդունում և համաձայնում եք հետևել KaiOS EULA-ի և գաղտնիության կանոններին, որոնք հասանելի են այստեղ"},{"$i":"lyf-license","$v":"LYF արտոնագրերի պայմաններ"},{"$i":"emergency","$v":"Արտ իրավճ"},{"$i":"done","$v":"Արված է"},{"$i":"about-kaios-agree","$v":"Ես ուզում եմ օգնել, ուղարկելով վերլուծական տվյալներ:"},{"$i":"about-kaios-age","$v":"Ես 16 տարեկան եմ:"},{"$i":"about-kaios-ad","$v":"Օգտագործել իմ տվյալները՝ իմ գովազդային փորձառությունը բարելավելու համար:"},{"$i":"deselect","$v":"Ապընտրել"},{"$i":"selectKeyboard","$v":"Ընտրեք ստեղնաշարը"},{"$i":"more","$v":"Ավելին >"},{"$i":"ellipses-char","$v":"…"},{"$i":"location-access","$v":"Տեղանքի մուտք"},{"$i":"location-content","$v":"KaiOS-ն օգտագործում է տվյալներ, ինչպես օրինակ՝ GPS, Wi-Fi և մոտակա բջջային ցանց՝ օգնելու որոշել ձեր մոտավոր գտնվելու վայրը:"},{"$i":"deny","$v":"Մերժել"},{"$i":"allow","$v":"Թույլատրել"},{"$i":"always-on-voice","$v":"Միշտ On-Voice"},{"$i":"aov-p1","$v":"Կազմաձևե՞լ «Միշտ ձայնով» գործառույթը։"},{"$i":"aov-p2","$v":["Սեղմեք ",{"t":"idOrVar","v":"proceed"},"՝ կազմաձևումը սկսելու համար։"]},{"$i":"aov-p3","$v":"«Միշտ ձայնով» գործառույթը կօգնի ձեզ աշխատել ձեր ‘Hello Jio’ ձայնային օգնականի հետ՝ ստեղծելով պրոֆիլ ձեր և ձեր մտերիմների համար։"},{"$i":"aov-p4","$v":"Այս ձայնային պրոֆիլները կօգնեն ձեզ վերահսկել ձեր հեռախոսը և կատարել տարբեր գործողություններ ձայնային հրահանգներով։"},{"$i":"aov-later","$v":"Later"},{"$i":"aov-proceed","$v":"Շարունակել"},{"$i":"data-connectivity","$v":"Զգուշացում"},{"$i":"data-message","$v":"Սմարթֆոնի սկզբնական կարգավորման ժամանակ տեղադրման մոգը հնարավոր է կօգտագործի տվյալները բջջային ցանցի միջոցով։"},{"$i":"qtn-privacy-terms-welcome","$v":"Բարի գալուստ"},{"$i":"qtn-privacy-policy-description-1","$v":["Շնորհակալ եքն՝ ",{"t":"idOrVar","v":"WDM"}," մոդելն ընտրելու համար:"]},{"$i":"qtn-privacy-policy-description-2","$v":"HMD Global-ի ծռյթյնն և գրծդրն օգտ ձեր կղմց կրգվրվմ են HMD Global-ի Գղտնթյ քղքկնթյնով, որը հսնլ է հտևյլ հսցվ՝ www.nokia.com/mobile-privacy:"},{"$i":"qtn-privacy-policy-description-3","$v":["KaiOS ծրգրշրի, ծռյթյնն և գրծդրն օգտ ձեր կղմց կրգվրվմ են KaiOS EULA-ով և Գղտնթյ քղքկնթյնով, որն հսնլ է հտևյլ հղմվ՝ ",{"t":"idOrVar","v":"WDM"},"։"]},{"$i":"qtn-privacy-policy-description-4","$v":{"$o":"Սրքի ակտվցմ տվյլն, սրքի մեկ անգմվա տեղավայրի, սրքի եզակի և ցնցի տղկթյնների հետ մկտղ կուղարկվ KAI & HMD-ին:"}},{"$i":"qtn-privacy-policy-description-5","$v":"Այս տղկթյնն թույլ են տալիս մեզ հմպտսխնլ ձեր երկրի պհնջներին, տրմդրլ SW արդցմն, հճխրդների աջկցմ և ծռյթյնների ակտիվցմ:"},{"$i":"qtn-privacy-policy-description-6","$v":"Կարող են կիրառվել գանձումներ։"},{"$i":"qtn-privacy-policy-description-7","$v":"Սրքի այլ յրհտկթյնն օգտվ դպքմ կրղ են տրմդրվլ գղտնթյ մսն կամ այլ ծնցմնր:"},{"$i":"aov-content-readout","$v":"Կազմաձևե՞լ «Միշտ ձայնով» գործառույթը։ Սեղմեք aov-later=Ավելի ուշ"},{"$i":"software-update","$v":"Ծրագրաշարի թարմացման կարգավորումներ"},{"$i":"wifi-or-mobile-data","$v":"Wi-Fi կամ բջջային ցանց"},{"$i":"wlan-or-mobile-data","$v":"Wi-Fi կամ բջջային ցանց"},{"$i":"wifi-only","$v":"Միայն Wi-Fi"},{"$i":"wlan-only","$v":"Միայն Wi-Fi"},{"$i":"software-update-tips","$v":"Բջջային ինտերնետի միջոցով ներբեռնելիս կարող են կիրառվել լրացուցիչ գանձումներ։"}]