[{"$i":"wifi","$v":"Pilih Jaringan"},{"$i":"ssid","$v":"SSID"},{"$i":"no-wifi-found","$v":"Tidak ada jaringan"},{"$i":"wifi-searching","$v":"Mencari jaringan…"},{"$i":"security-open","$v":"Buka"},{"$i":"shortStatus-connecting","$v":"Menyambungkan…"},{"$i":"shortStatus-associated","$v":"Mendapatkan alamat IP…"},{"$i":"shortStatus-authenticating","$v":"Otentikasi…"},{"$i":"shortStatus-connected","$v":"Tersambung"},{"$i":"shortStatus-associationreject","$v":"Koneksi gagal"},{"$i":"shortStatus-disconnected","$v":"Offline"},{"$i":"shortStatus-connected-no-internet","$v":"Tersambung, tidak ada internet"},{"$i":"shortStatus-dhcpfailed","$v":"IP gagal"},{"$i":"shortStatus-authenticationfailed","$v":"Sandi salah"},{"$i":"securityWEP","$v":"WEP"},{"$i":"securityWPA-PSK","$v":"WPA-PSK"},{"$i":"securityWPA-EAP","$v":"WPA-EAP"},{"$i":"securityWPA2-PSK","$v":"WPA2-PSK"},{"$i":"securityWPA/WPA2-PSK","$v":"WPA/WPA2-PSK"},{"$i":"securedBy","$v":[{"t":"idOrVar","v":"kapabilitas"}]},{"$i":"securedByWay","$v":["Diamankan oleh ",{"t":"idOrVar","v":"capabilities"}]},{"$i":"security","$v":"Keamanan"},{"$i":"signalStrength","$v":"Kekuatan sinyal"},{"$i":"signalLevel0","$v":"Sangat lemah"},{"$i":"signalLevel1","$v":"Lemah"},{"$i":"signalLevel2","$v":"Rata-rata"},{"$i":"signalLevel3","$v":"Bagus"},{"$i":"signalLevel4","$v":"Sangat bagus"},{"$i":"ipAddress","$v":"Alamat IP"},{"$i":"linkSpeed","$v":"Kecepatan tautan"},{"$i":"linkSpeedMbs","$v":[{"t":"idOrVar","v":"linkSpeed"}," Mbit/s"]},{"$i":"wifi-rescan","$v":"Pindai ulang"},{"$i":"wifi-join-fail","$v":["Tidak dapat masuk ke jaringan ",{"t":"idOrVar","v":"n"},"."]},{"$i":"wifi-connect-fail","$v":["Sandi gagal selama ",{"t":"idOrVar","v":"n"},"."]},{"$i":"wifi-connect-fail-username-or-password","$v":["Nama pengguna atau kata sandi untuk ",{"t":"idOrVar","v":"n"}," salah."]},{"$i":"wifi-ip-set-fail","$v":"Pengaturan IP gagal."},{"$i":"wifi-pw-length-error","$v":"Panjang sandi harus lebih dari 8 karakter."},{"$i":"password","$v":"Sandi"},{"$i":"showPassword","$v":"Tampilkan Sandi"},{"$i":"connect","$v":"Sambungkan"},{"$i":"rescanCompleted","$v":"Pindai ulang selesai."},{"$i":"eap-method","$v":"Metode EAP"},{"$i":"phase-authentication","$v":"Otentikasi fase 2"},{"$i":"server-certificate","$v":"Sertifikat server"},{"$i":"username","$v":"Nama pengguna"},{"$i":"eap-sim","$v":"SIM"},{"$i":"eap-aka","$v":"AKA"},{"$i":"eap-peap","$v":"PEAP"},{"$i":"eap-ttls","$v":"TTLS"},{"$i":"eap-akae","$v":"AKA'"},{"$i":"sim1","$v":"SIM1"},{"$i":"sim2","$v":"SIM2"},{"$i":"auth-with","$v":"Autentikasi dengan"},{"$i":"sim-carrier-text","$v":["SIM",{"t":"idOrVar","v":"index"}," - ",{"t":"idOrVar","v":"carrierName"}]},{"$i":"auth-phase2-no","$v":"Tidak"},{"$i":"auth-phase2-pap","$v":"PAP"},{"$i":"auth-phase2-mschap","$v":"MSCHAP"},{"$i":"auth-phase2-mschapv2","$v":"MSCHAP V2"},{"$i":"auth-phase2-gtc","$v":"GTC"},{"$i":"server-certificate-none","$v":"--"},{"$i":"failedToConnect","$v":"Gagal Menyambung"},{"$i":"select","$v":"Pilih"},{"$i":"skip","$v":"Lewati"},{"$i":"next","$v":"Berikutnya"},{"$i":"accept","$v":"Setuju"},{"$i":"cancel","$v":"Batal"},{"$i":"ok","$v":"OK"},{"$i":"notNow","$v":"Tidak sekarang"},{"$i":"forget","$v":"Lupakan"},{"$i":"confirmation","$v":"Konfirmasi"},{"$i":"forget-network","$v":"Lupakan jaringan?"},{"$i":"network-forgotten","$v":"Jaringan terlupakan."},{"$i":"hfa","$v":"HFA"},{"$i":"setup-phone-verification","$v":"Verifikasi Ponsel"},{"$i":"phone-verification-entry-message","$v":"Tetapkan akun dengan cara memverifikasi nomor Anda untuk mengakses store dan layanan tambahan."},{"$i":"phone-verification-skip-message","$v":"Verifikasi ponsel Anda belum selesai. Anda dapat melakukan verifikasi nanti di Pengaturan>Akun. Verifikasi diperlukan untuk mengakses Store dan layanan tambahan."},{"$i":"anti-theft","$v":"Anti-Maling"},{"$i":"anti-theft-info","$v":"Kami harap Anda tidak kehilangan ponsel Anda, namun jika terjadi, Anda dapat melindungi data Anda dengan pemguncian jarak jauh dan fitur penghapusan. Saat Anda siap, masuk ke Pengaturan untuk menyetel akun KaiOS Anda."},{"$i":"select-language","$v":"Pilih Bahasa"},{"$i":"language-current","$v":"Saat ini"},{"$i":"language-readout-on","$v":"Pembaca"},{"$i":"language-readout-off","$v":"Pembaca"},{"$i":"readout-rule","$v":"Hidupkan mode Baca keras, tekan tombol perangkat lunak kiri."},{"$i":"close-readout","$v":"Mode Baca keras dinonaktifkan. Hidupkan mode Baca keras, tekan tombol perangkat lunak kiri."},{"$i":"open-readout","$v":["Mode membaca diaktifkan. Pilih Bahasa. ",{"t":"idOrVar","v":"selectedLang"},". Item 1 dari ",{"t":"idOrVar","v":"count"},"."]},{"$i":"decline-info","$v":"Anda wajib menerima Syarat Lisensi dan Kebijakan Privasi KaiOS untuk menggunakan perangkat ini."},{"$i":"kaios-license","$v":"Syarat Lisensi dan Kebijakan Privasi"},{"$i":"decline","$v":"Tolak"},{"$i":"privacy-confirm","$v":"Dengan menekan Terima, Anda setuju dengan Ketentuan Lisensi dan Kebijakan Privasi KaiOS."},{"$i":"open-url","$v":"BUKA URL"},{"$i":"privacy-terms-short","$v":"Dengan mengakses perangkat lunak, layanan, dan aplikasi KaiOS pada perangkat Anda, Anda menerima dan setuju untuk mematuhi EULA dan Kebijakan Privasi KaiOS, yang dapat dibaca di sini"},{"$i":"lyf-license","$v":"Persyaratan Lisensi LYF"},{"$i":"emergency","$v":"Darurat"},{"$i":"done","$v":"Selesai"},{"$i":"about-kaios-agree","$v":"Saya ingin membantu dengan mengirim data analitik."},{"$i":"about-kaios-age","$v":"Usia saya lebih dari 16."},{"$i":"about-kaios-ad","$v":"Gunakan data saya untuk meningkatkan pengalaman saya beriklan."},{"$i":"deselect","$v":"Hapus pilihan"},{"$i":"selectKeyboard","$v":"Pilih Papan Tik"},{"$i":"more","$v":"Lainnya >"},{"$i":"ellipses-char","$v":"…"},{"$i":"location-access","$v":"Akses Lokasi"},{"$i":"location-content","$v":"KaiOS menggunakan data seperti GPS, Wi-Fi, dan jaringan seluler di sekitar untuk membantu menentukan perkiraan posisi Anda."},{"$i":"deny","$v":"Tolak"},{"$i":"allow","$v":"Izinkan"},{"$i":"always-on-voice","$v":"Selalu On-Voice"},{"$i":"aov-p1","$v":"Ingin mengonfigurasi Selalu Suarakan?"},{"$i":"aov-p2","$v":["Klik ",{"t":"idOrVar","v":"proceed"}," untuk mulai mengonfigurasi."]},{"$i":"aov-p3","$v":"Selalu Suarakan memungkinkanmu bekerja bersama asisten suara \"Halo Jio\" dengan membuat profll untuk Anda dan orang-orang terdekat Anda."},{"$i":"aov-p4","$v":"Profil-profil suara ini memungkinkan Anda untuk mengontrol ponsel dan melakukan fungsi-fungsi lain dengan perintah suara."},{"$i":"aov-later","$v":"Later"},{"$i":"aov-proceed","$v":"Teruskan"},{"$i":"data-connectivity","$v":"Pesan peringatan"},{"$i":"data-message","$v":"Selama penyetelan awal ponsel pintar, Panduan Penyetelan dapat menggunakan data melalui jaringan mobile."},{"$i":"qtn-privacy-terms-welcome","$v":"Selamat Datang"},{"$i":"qtn-privacy-policy-description-1","$v":["Terimakasih telah memilih ",{"t":"idOrVar","v":"WDM"},"."]},{"$i":"qtn-privacy-policy-description-2","$v":"Penggunaan layanan dan aplikasi HMD Global di perangkat Anda diatur oleh Kebijakan Privasi HMD Global yang tersedia di www.nokia.com/mobile-privacy."},{"$i":"qtn-privacy-policy-description-3","$v":["Penggunaan perangkat lunak, layanan dan aplikasi KaiOS di perangkat Anda diatur melalui EULA KaiOS dan Ketentuan Privasi yang tersedia di ",{"t":"idOrVar","v":"WDM"},"."]},{"$i":"qtn-privacy-policy-description-4","$v":{"$o":"Informasi pengaktifan perangkat dengan lokasi perangkat satu-kali bersama dengan perangkat unik Anda dan informasi jaringan akan dikirim ke KAI & HMD."}},{"$i":"qtn-privacy-policy-description-5","$v":"Informasi ini membantu kami memenuhi kebutuhan di negara Anda dengan lebih baik, memberikan perbaruan perangkat lunak, dukungan pelanggan dan layanan aktivasi."},{"$i":"qtn-privacy-policy-description-6","$v":"Dapat dikenakan tarif data."},{"$i":"qtn-privacy-policy-description-7","$v":"Kebijakan Privasi atau pesan lainnya akan muncul saat Anda menggunakan fitur-fitur lain di perangkat Anda."},{"$i":"aov-content-readout","$v":"Ingin mengonfigurasi Selalu Suarakan? Klik aov-later=Nanti"},{"$i":"software-update","$v":"Pengaturan Pembaruan Perangkat Lunak"},{"$i":"wifi-or-mobile-data","$v":"Wi-Fi atau jaringan seluler"},{"$i":"wlan-or-mobile-data","$v":"Wi-Fi atau jaringan seluler"},{"$i":"wifi-only","$v":"Hanya Wi-Fi"},{"$i":"wlan-only","$v":"Wi-Fi saja"},{"$i":"software-update-tips","$v":"Saat mengunduh melalui jaringan seluler, biaya tambahan mungkin dikenakan."}]