[{"$i":"wifi","$v":"Veldu net"},{"$i":"ssid","$v":"SSID"},{"$i":"no-wifi-found","$v":"Ekkert net í boði"},{"$i":"wifi-searching","$v":"Leitar að símkerfum ..."},{"$i":"security-open","$v":"Opna"},{"$i":"shortStatus-connecting","$v":"Tengist …"},{"$i":"shortStatus-associated","$v":"Sæk. IP-tölu ..."},{"$i":"shortStatus-authenticating","$v":"Sannvottar …"},{"$i":"shortStatus-connected","$v":"Tengt"},{"$i":"shortStatus-associationreject","$v":"Tenging mistókst"},{"$i":"shortStatus-disconnected","$v":"Án tengingar"},{"$i":"shortStatus-connected-no-internet","$v":"Tengt, ekkert internet"},{"$i":"shortStatus-dhcpfailed","$v":"IP-tala mist."},{"$i":"shortStatus-authenticationfailed","$v":"Rangt aðgangsorð"},{"$i":"securityWEP","$v":"WEP"},{"$i":"securityWPA-PSK","$v":"WPA-PSK"},{"$i":"securityWPA-EAP","$v":"WPA-EAP"},{"$i":"securityWPA2-PSK","$v":"WPA2-PSK"},{"$i":"securityWPA/WPA2-PSK","$v":"WPA/WPA2-PSK"},{"$i":"securedBy","$v":[{"t":"idOrVar","v":"capabilities"}]},{"$i":"securedByWay","$v":["Tryggt með ",{"t":"idOrVar","v":"capabilities"}]},{"$i":"security","$v":"Öryggi"},{"$i":"signalStrength","$v":"Sendistyrkur"},{"$i":"signalLevel0","$v":"Mjög veikt"},{"$i":"signalLevel1","$v":"Veikt"},{"$i":"signalLevel2","$v":"Meðalt."},{"$i":"signalLevel3","$v":"Gott"},{"$i":"signalLevel4","$v":"Mjög gott"},{"$i":"ipAddress","$v":"IP-tala"},{"$i":"linkSpeed","$v":"Tengilhraði"},{"$i":"linkSpeedMbs","$v":[{"t":"idOrVar","v":"linkSpeed"}," Mbit/s"]},{"$i":"wifi-rescan","$v":"Leita aftur"},{"$i":"wifi-join-fail","$v":["Ekki hægt að tengjast netinu ",{"t":"idOrVar","v":"n"},"."]},{"$i":"wifi-connect-fail","$v":["Rangt aðgangsorð fyrir ",{"t":"idOrVar","v":"n"},"."]},{"$i":"wifi-connect-fail-username-or-password","$v":["Rangt notandanafn/aðgangsorð fyrir ",{"t":"idOrVar","v":"n"},"."]},{"$i":"wifi-ip-set-fail","$v":"IP-stillingar mist."},{"$i":"wifi-pw-length-error","$v":"Aðgangsorð verður að vera yfir 8 stafir."},{"$i":"password","$v":"Aðgangsorð"},{"$i":"showPassword","$v":"Sýna aðgangsorð"},{"$i":"connect","$v":"Tengjast"},{"$i":"rescanCompleted","$v":"Endurskanna lokið."},{"$i":"eap-method","$v":"EAP-aðferð"},{"$i":"phase-authentication","$v":"2. stigs sannvottun"},{"$i":"server-certificate","$v":"Miðlaravottorð"},{"$i":"username","$v":"Notandanafn"},{"$i":"eap-sim","$v":"SIM-kort"},{"$i":"eap-aka","$v":"AKA"},{"$i":"eap-peap","$v":"PEAP"},{"$i":"eap-ttls","$v":"TTLS"},{"$i":"eap-akae","$v":"AKA'"},{"$i":"sim1","$v":"SIM1"},{"$i":"sim2","$v":"SIM2"},{"$i":"auth-with","$v":"Sannvotta með"},{"$i":"sim-carrier-text","$v":["SIM",{"t":"idOrVar","v":"index"},"-kort – ",{"t":"idOrVar","v":"carrierName"}]},{"$i":"auth-phase2-no","$v":"Nei"},{"$i":"auth-phase2-pap","$v":"PAP"},{"$i":"auth-phase2-mschap","$v":"MSCHAP"},{"$i":"auth-phase2-mschapv2","$v":"MSCHAP V2"},{"$i":"auth-phase2-gtc","$v":"Alm. skilm."},{"$i":"server-certificate-none","$v":"--"},{"$i":"failedToConnect","$v":"Mist. að tengjast"},{"$i":"select","$v":"Velja"},{"$i":"skip","$v":"Sleppa"},{"$i":"next","$v":"Áfram"},{"$i":"accept","$v":"Samþykkja"},{"$i":"cancel","$v":"H. við"},{"$i":"ok","$v":"Í lagi"},{"$i":"notNow","$v":"Ekki núna"},{"$i":"forget","$v":"Gleyma"},{"$i":"confirmation","$v":"Staðfesting"},{"$i":"forget-network","$v":"Gleyma neti?"},{"$i":"network-forgotten","$v":"Símkerfi gleymt."},{"$i":"hfa","$v":"HFA"},{"$i":"setup-phone-verification","$v":"Staðfesting síma"},{"$i":"phone-verification-entry-message","$v":"Settu upp reikning með því að staðfesta númerið til að nota verslun og þjónustu."},{"$i":"phone-verification-skip-message","$v":"Ekki tókst að staðfesta símann. Hægt er að staðf. síðar undir Stillingar > Reikningur. Staðfestingar er krafist til að nota verslun og þjónustu."},{"$i":"anti-theft","$v":"Þjófavörn"},{"$i":"anti-theft-info","$v":"Við vonum að þú týnir aldrei símanum, en ef það gerist geturðu verndað gögnin með fjarlæs. og útþurrk.eiginl. okkar. Þegar þú ert tilbúin(n) skaltu opna still. og setja upp KaiOS-reikn."},{"$i":"select-language","$v":"Velja tungumál"},{"$i":"language-current","$v":"Núverandi"},{"$i":"language-readout-on","$v":"Lestur"},{"$i":"language-readout-off","$v":"Lestur"},{"$i":"readout-rule","$v":"Til að kveikja aftur á henni er ýtt á vinstri hugbúnaðarhnappinn."},{"$i":"close-readout","$v":"Slökkt á lestrarstillingu. Til að kveikja aftur á henni er ýtt á vinstri hugbúnaðarhnappinn."},{"$i":"open-readout","$v":["Kveikt á lestrarstillingu. Velja tungumál. ",{"t":"idOrVar","v":"selectedLang"},". Atriði 1 af ",{"t":"idOrVar","v":"count"},"."]},{"$i":"decline-info","$v":"Samþykkja þarf skilmálana til að nota þetta tæki."},{"$i":"kaios-license","$v":"Skilmálar og persónuverndarstefna"},{"$i":"decline","$v":"Hafna"},{"$i":"privacy-confirm","$v":"Með því að ýta á „Samþykkja“ samþykkirðu leyfisskilmála og persónuverndarstefnu KaiOS."},{"$i":"open-url","$v":"OPNA VEFSLÓÐ"},{"$i":"privacy-terms-short","$v":"Með því að opna og nota KaiOS-hugbúnað, -þjónustu og -forrit í þínu tæki samþykkir þú og hlítir ákvæðum notandaleyfis og persónuverndarskilmálum KaiOS, sem finna má hér"},{"$i":"lyf-license","$v":"Leyfisskilmálar LYF"},{"$i":"emergency","$v":"Neyð"},{"$i":"done","$v":"Lokið"},{"$i":"about-kaios-agree","$v":"Ég vil hjálpa með því að senda greiningarupplýsingar."},{"$i":"about-kaios-age","$v":"Ég er eldri en 16 ára."},{"$i":"about-kaios-ad","$v":"Nota gögnin mín til að bæta upplifun mína af auglýsingum."},{"$i":"deselect","$v":"Afturkalla"},{"$i":"selectKeyboard","$v":"Velja lyklaborð"},{"$i":"more","$v":"Meira >"},{"$i":"ellipses-char","$v":"…"},{"$i":"location-access","$v":"Aðgang að staðsetningu"},{"$i":"location-content","$v":"KaiOS notar gögn á borð við GPS, Wi-Fi og farsímanet nærri þér til að hjálpa til við að áætla staðsetningu þína."},{"$i":"deny","$v":"Hafna"},{"$i":"allow","$v":"Leyfa"},{"$i":"always-on-voice","$v":"Alltaf á tali"},{"$i":"aov-p1","$v":"Viltu grunnstilla Always On-Voice?"},{"$i":"aov-p2","$v":["Smelltu á ",{"t":"idOrVar","v":"proceed"}," til að hefja stillinguna."]},{"$i":"aov-p3","$v":"Með Always On-Voice getur þú notað raddaðstoðina „Hello Jio“ með því að búa til prófíl fyrir þig og þína nánustu."},{"$i":"aov-p4","$v":"Þessir raddprófílar gera þér kleift að stjórna símanum og öðrum aðgerðum með raddskipunum."},{"$i":"aov-later","$v":"Later"},{"$i":"aov-proceed","$v":"Halda áfram"},{"$i":"data-connectivity","$v":"Viðvörunarskilaboð"},{"$i":"data-message","$v":"Uppsetningarhjálp notar hugsanlega gögn í farsímakerfi við upphaflega uppsetningu snjallsímans."},{"$i":"qtn-privacy-terms-welcome","$v":"Velkomin(n)"},{"$i":"qtn-privacy-policy-description-1","$v":["Takk fyrir að velja ",{"t":"idOrVar","v":"WDM"},"."]},{"$i":"qtn-privacy-policy-description-2","$v":"Notkun þín á þjónustu HMD Global og forritum í tækinu fellur undir persónuverndar­stefnu HMD Global, sem finna má á www.nokia.com/mobile-privacy."},{"$i":"qtn-privacy-policy-description-3","$v":["Notkun þín á hugbúnaði, þjónustu og forritum frá KaiOS í tækinu fellur undir persónuverndarstefnu og notandaleyfi KaiOS, sem finna má á ",{"t":"idOrVar","v":"WDM"},"."]},{"$i":"qtn-privacy-policy-description-4","$v":{"$o":"Upplýsingar um virkjun tækisins ásamt einkvæmum upplýsingum um tækið og símkerfið verða sendar til KAI & HMD."}},{"$i":"qtn-privacy-policy-description-5","$v":"Þessar upplýsingar gera okkur kleift að bregðast betur við eftirspurn í þínu landi, afhenda hugbúnaðaruppfærslur, veita notendaþjónustu og virkja þjónustu."},{"$i":"qtn-privacy-policy-description-6","$v":"Gagnagjöld kunna að eiga við."},{"$i":"qtn-privacy-policy-description-7","$v":"Þú kannt að fá tilkynningar um persónuvernd eða annað þegar þú notar mismunandi eiginleika tækisins."},{"$i":"aov-content-readout","$v":"Viltu grunnstilla Always On-Voice? Smelltu á aov-later=Síðar"},{"$i":"software-update","$v":"Stillingar fyrir hugbúnaðaruppfærslur"},{"$i":"wifi-or-mobile-data","$v":"Wi-Fi eða farsímakerfi"},{"$i":"wlan-or-mobile-data","$v":"Wi-Fi eða farsímakerfi"},{"$i":"wifi-only","$v":"Aðeins Wi-Fi"},{"$i":"wlan-only","$v":"Aðeins Wi-Fi"},{"$i":"software-update-tips","$v":"Niðurhal um farsímakerfi kann að leiða til aukins kostnaðar."}]