[{"$i":"wifi","$v":"Seleziona una rete"},{"$i":"ssid","$v":"SSID"},{"$i":"no-wifi-found","$v":"Nessuna rete disponibile"},{"$i":"wifi-searching","$v":"Ricerca di reti in corso..."},{"$i":"security-open","$v":"Apri"},{"$i":"shortStatus-connecting","$v":"Connessione in corso..."},{"$i":"shortStatus-associated","$v":"Ottenimento di un indirizzo IP in corso..."},{"$i":"shortStatus-authenticating","$v":"Autenticazione in corso..."},{"$i":"shortStatus-connected","$v":"Connesso"},{"$i":"shortStatus-associationreject","$v":"Connessione non riuscita"},{"$i":"shortStatus-disconnected","$v":"Non in linea"},{"$i":"shortStatus-connected-no-internet","$v":"Connesso, segnale Internet assente"},{"$i":"shortStatus-dhcpfailed","$v":"IP errato"},{"$i":"shortStatus-authenticationfailed","$v":"Password errata"},{"$i":"securityWEP","$v":"WEP"},{"$i":"securityWPA-PSK","$v":"WPA-PSK"},{"$i":"securityWPA-EAP","$v":"WPA-EAP"},{"$i":"securityWPA2-PSK","$v":"WPA2-PSK"},{"$i":"securityWPA/WPA2-PSK","$v":"WPA/WPA2-PSK"},{"$i":"securedBy","$v":[{"t":"idOrVar","v":"capabilities"}]},{"$i":"securedByWay","$v":["Protetto con ",{"t":"idOrVar","v":"capabilities"}]},{"$i":"security","$v":"Sicurezza"},{"$i":"signalStrength","$v":"Forza segnale"},{"$i":"signalLevel0","$v":"Molto debole"},{"$i":"signalLevel1","$v":"Debole"},{"$i":"signalLevel2","$v":"Medio"},{"$i":"signalLevel3","$v":"Buono"},{"$i":"signalLevel4","$v":"Ottimo"},{"$i":"ipAddress","$v":"Indirizzo IP"},{"$i":"linkSpeed","$v":"Velocità link"},{"$i":"linkSpeedMbs","$v":[{"t":"idOrVar","v":"linkSpeed"}," MB/s"]},{"$i":"wifi-rescan","$v":"Ricerca"},{"$i":"wifi-join-fail","$v":["Impossibile unirsi alla rete ",{"t":"idOrVar","v":"n"},"."]},{"$i":"wifi-connect-fail","$v":["Password errata per ",{"t":"idOrVar","v":"n"},"."]},{"$i":"wifi-connect-fail-username-or-password","$v":["Nome utente o password errata per ",{"t":"idOrVar","v":"n"},"."]},{"$i":"wifi-ip-set-fail","$v":"Impostazioni IP non riuscite."},{"$i":"wifi-pw-length-error","$v":"La lunghezza della password deve essere almeno 8 caratteri."},{"$i":"password","$v":"Password"},{"$i":"showPassword","$v":"Mostra password"},{"$i":"connect","$v":"Connetti"},{"$i":"rescanCompleted","$v":"Riscansione completata."},{"$i":"eap-method","$v":"Metodo EAP"},{"$i":"phase-authentication","$v":"Autenticazione Fase 2"},{"$i":"server-certificate","$v":"Certificato server"},{"$i":"username","$v":"Nome utente"},{"$i":"eap-sim","$v":"SIM"},{"$i":"eap-aka","$v":"AKA"},{"$i":"eap-peap","$v":"PEAP"},{"$i":"eap-ttls","$v":"TTLS"},{"$i":"eap-akae","$v":"AKA'"},{"$i":"sim1","$v":"SIM1"},{"$i":"sim2","$v":"SIM2"},{"$i":"auth-with","$v":"Autenticazione con"},{"$i":"sim-carrier-text","$v":["SIM",{"t":"idOrVar","v":"index"}," - ",{"t":"idOrVar","v":"carrierName"}]},{"$i":"auth-phase2-no","$v":"No"},{"$i":"auth-phase2-pap","$v":"PAP"},{"$i":"auth-phase2-mschap","$v":"MSCHAP"},{"$i":"auth-phase2-mschapv2","$v":"MSCHAP V2"},{"$i":"auth-phase2-gtc","$v":"GTC"},{"$i":"server-certificate-none","$v":"--"},{"$i":"failedToConnect","$v":"Impossibile connettersi"},{"$i":"select","$v":"Seleziona"},{"$i":"skip","$v":"Salta"},{"$i":"next","$v":"Successivo"},{"$i":"accept","$v":"Accetta"},{"$i":"cancel","$v":"Annulla"},{"$i":"ok","$v":"OK"},{"$i":"notNow","$v":"Non ora"},{"$i":"forget","$v":"Elimina"},{"$i":"confirmation","$v":"Conferma"},{"$i":"forget-network","$v":"Eliminare la rete?"},{"$i":"network-forgotten","$v":"Rete eliminata."},{"$i":"hfa","$v":"HFA"},{"$i":"setup-phone-verification","$v":"Verifica telefono"},{"$i":"phone-verification-entry-message","$v":"Configurare un account verificando il numero per l'accesso allo store e ai servizi aggiuntivi."},{"$i":"phone-verification-skip-message","$v":"Verifica del telefono incompleta. È possibile eseguire la verifica in un secondo momento in Impostazioni>Account. La verifica è necessaria per accedere allo store e ai servizi aggiuntivi."},{"$i":"anti-theft","$v":"Antifurto"},{"$i":"anti-theft-info","$v":"Speriamo che non succeda mai di perdere il telefono, ma in caso contrario è possibile proteggere i dati con le funzioni di blocco e di cancellazione in remoto. Quando si è pronti accedere a Impostazioni per configurare l'account KaiOS."},{"$i":"select-language","$v":"Seleziona lingua"},{"$i":"language-current","$v":"Attuale"},{"$i":"language-readout-on","$v":"Lettura"},{"$i":"language-readout-off","$v":"Lettura"},{"$i":"readout-rule","$v":"Per attivare la modalità Lettura ad alta voce, premere il tasto software sinistro."},{"$i":"close-readout","$v":"Modalità di lettura ad alta voce disattivata. Per attivare la modalità Lettura ad alta voce, premere il tasto software sinistro."},{"$i":"open-readout","$v":["Modalità Lettura ad alta voce attivata. Selezionare la lingua. ",{"t":"idOrVar","v":"selectedLang"},". Elemento 1 di ",{"t":"idOrVar","v":"count"},"."]},{"$i":"decline-info","$v":"Per utilizzare questo dispositivo è necessario accettare i Termini della licenza e l'Informativa sulla privacy di KaiOS."},{"$i":"kaios-license","$v":"Termini della licenza e Informativa sulla privacy di"},{"$i":"decline","$v":"Rifiuta"},{"$i":"privacy-confirm","$v":"Premendo Accetto, l'utente accetta i Termini della licenza e l'Informativa sulla privacy di KaiOS."},{"$i":"open-url","$v":"APRI URL"},{"$i":"privacy-terms-short","$v":"Eseguendo l'accesso e utilizzando il software, i servizi e le applicazioni KaiOS presenti nel dispositivo, l'utente conferma e accetta di rispettare il Contratto di licenza con l'utente finale (EULA) di KaiOS e l'Informativa sulla privacy, consultabili qui"},{"$i":"lyf-license","$v":"Termini della licenza LYF"},{"$i":"emergency","$v":"Emergenza"},{"$i":"done","$v":"Fine"},{"$i":"about-kaios-agree","$v":"Desidero offrire il mio contributo inviando dati analitici."},{"$i":"about-kaios-age","$v":"Sono maggiore di 16 anni."},{"$i":"about-kaios-ad","$v":"Utilizza i dati personali per migliorare la mia esperienza con gli annunci pubblicitari."},{"$i":"deselect","$v":"Deseleziona"},{"$i":"selectKeyboard","$v":"Seleziona tastiera"},{"$i":"more","$v":"Altro >"},{"$i":"ellipses-char","$v":"…"},{"$i":"location-access","$v":"Accesso alla posizione"},{"$i":"location-content","$v":"KaiOS utilizza dati quali GPS, Wi-Fi e reti mobili nelle vicinanze per stabilire la posizione approssimativa dell’utente."},{"$i":"deny","$v":"Nega"},{"$i":"allow","$v":"Consenti"},{"$i":"always-on-voice","$v":"Voce sempre attiva"},{"$i":"aov-p1","$v":"Configurare Voce sempre attiva?"},{"$i":"aov-p2","$v":["Fare clic su ",{"t":"idOrVar","v":"proceed"}," per iniziare la configurazione."]},{"$i":"aov-p3","$v":"La funzione Voce sempre attiva ti consente di utilizzare l’assistente vocale “Hey Jio” creando un profilo personale per te e uno per i tuoi cari."},{"$i":"aov-p4","$v":"Tali profili consentono di controllare il telefono ed eseguire altre funzioni per mezzo di comandi vocali."},{"$i":"aov-later","$v":"Later"},{"$i":"aov-proceed","$v":"Continua"},{"$i":"data-connectivity","$v":"Messaggio di avviso"},{"$i":"data-message","$v":"Questa procedura guidata potrebbe utilizzare i dati della rete cellulare durante la configurazione iniziale dello smartphone."},{"$i":"qtn-privacy-terms-welcome","$v":"Benvenuti"},{"$i":"qtn-privacy-policy-description-1","$v":["Grazie per aver scelto ",{"t":"idOrVar","v":"WDM"},"."]},{"$i":"qtn-privacy-policy-description-2","$v":"L'uso di servizi e applicazioni di HMD Global è disciplinato dall'Informativa sulla Privacy di HMD Global, disponibile sul sito www.nokia.com/mobile-privacy."},{"$i":"qtn-privacy-policy-description-3","$v":["L'uso di software, servizi e applicazioni di KaiOS presenti nel dispositivo è disciplinato dalle Condizioni di licenza e dall'Informativa sulla Privacy di KaiOS, disponibile su ",{"t":"idOrVar","v":"WDM"},"."]},{"$i":"qtn-privacy-policy-description-4","$v":{"$o":"Le informazioni di attivazione del dispositivo, con un messaggio una tantum relativo alla posizione, e le informazioni relative al dispositivo e alla rete verranno inviate a KAI & HMD."}},{"$i":"qtn-privacy-policy-description-5","$v":"Tali informazioni consentono a HMD di fornire soluzioni più adeguate al paese di residenza dell'utente, offrire aggiornamenti software, assistenza al cliente e attivare servizi."},{"$i":"qtn-privacy-policy-description-6","$v":"Possono essere applicati addebiti per il traffico dati."},{"$i":"qtn-privacy-policy-description-7","$v":"L'uso di altre funzionalità del dispositivo potrà essere soggetto a informative o ulteriori comunicazioni."},{"$i":"aov-content-readout","$v":"Configurare Voce sempre attiva? Fare clic su aov-later=Più tardi"},{"$i":"software-update","$v":"Impostazioni di aggiornamento software"},{"$i":"wifi-or-mobile-data","$v":"Wi-Fi o rete mobile"},{"$i":"wlan-or-mobile-data","$v":"Wi-Fi o rete mobile"},{"$i":"wifi-only","$v":"Solo Wi-Fi"},{"$i":"wlan-only","$v":"Solo Wi-Fi"},{"$i":"software-update-tips","$v":"Quando si esegue il download tramite la rete mobile, potrebbero essere applicati dei costi aggiuntivi."}]