[{"$i":"wifi","$v":"ជ្រើស​បណ្ដាញ"},{"$i":"ssid","$v":"SSID"},{"$i":"no-wifi-found","$v":"គ្មាន​បណ្ដាញ​ដែល​អាច​រក​បាន"},{"$i":"wifi-searching","$v":"កំពុង​ស្វែង​រក​បណ្ដាញ…"},{"$i":"security-open","$v":"បើក"},{"$i":"shortStatus-connecting","$v":"កំពុង​ភ្ជាប់…"},{"$i":"shortStatus-associated","$v":"ទទួល​អាសយដ្ឋាន IP…"},{"$i":"shortStatus-authenticating","$v":"កំពុង​ផ្ទៀងផ្ទាត់​អត្ត​សញ្ញាណ…"},{"$i":"shortStatus-connected","$v":"បាន​ភ្ជាប់"},{"$i":"shortStatus-associationreject","$v":"ការភ្ជាប់​មិន​បាន​សម្រេច"},{"$i":"shortStatus-disconnected","$v":"ក្រៅ​បណ្តាញ"},{"$i":"shortStatus-connected-no-internet","$v":"បាន​ភ្ជាប់ គ្មាន​អ៊ីនធឺណិត"},{"$i":"shortStatus-dhcpfailed","$v":"IP មាន​បញ្ហា"},{"$i":"shortStatus-authenticationfailed","$v":"ពាក្យ​សម្ងាត់​មិន​ត្រឹមត្រូវ"},{"$i":"securityWEP","$v":"WEP"},{"$i":"securityWPA-PSK","$v":"WPA-PSK"},{"$i":"securityWPA-EAP","$v":"WPA-EAP"},{"$i":"securityWPA2-PSK","$v":"WPA2-PSK"},{"$i":"securityWPA/WPA2-PSK","$v":"WPA/WPA2-PSK"},{"$i":"securedBy","$v":[{"t":"idOrVar","v":"capabilities"}]},{"$i":"securedByWay","$v":["ការពារ​ដោយ ",{"t":"idOrVar","v":"capabilities"}]},{"$i":"security","$v":"សុវត្ថិភាព"},{"$i":"signalStrength","$v":"កម្លាំង​សញ្ញា"},{"$i":"signalLevel0","$v":"ខ្សោយ​ណាស់"},{"$i":"signalLevel1","$v":"ខ្សោយ"},{"$i":"signalLevel2","$v":"មធ្យម"},{"$i":"signalLevel3","$v":"ល្អ"},{"$i":"signalLevel4","$v":"ល្អ​ណាស់"},{"$i":"ipAddress","$v":"អាសយដ្ឋាន IP"},{"$i":"linkSpeed","$v":"ល្បឿន​ភ្ជាប់"},{"$i":"linkSpeedMbs","$v":[{"t":"idOrVar","v":"linkSpeed"}," Mbit/s"]},{"$i":"wifi-rescan","$v":"ស្កេន​ឡើង​វិញ"},{"$i":"wifi-join-fail","$v":["មិន​អាច​ចូល​រួម​បណ្ដាញ ",{"t":"idOrVar","v":"n"}," ទេ។"]},{"$i":"wifi-connect-fail","$v":["ពាក្យ​សម្ងាត់​មិន​ត្រឹមត្រូវ​សម្រាប់ ",{"t":"idOrVar","v":"n"},"។"]},{"$i":"wifi-connect-fail-username-or-password","$v":["ឈ្មោះ​អ្នក​ប្រើ ឬ​ពាក្យ​សម្ងាត់​ខុស​សម្រាប់ ",{"t":"idOrVar","v":"n"},"។"]},{"$i":"wifi-ip-set-fail","$v":"ការកំណត់ IP មាន​បញ្ហា។"},{"$i":"wifi-pw-length-error","$v":"ពាក្យ​សម្ងាត់​ត្រូវ​លើស 8 តួ។"},{"$i":"password","$v":"ពាក្យ​សម្ងាត់"},{"$i":"showPassword","$v":"បង្ហាញ​ពាក្យ​សម្ងាត់"},{"$i":"connect","$v":"ភ្ជាប់"},{"$i":"rescanCompleted","$v":"បញ្ចប់ដំណើរការឡើងវិញ។"},{"$i":"eap-method","$v":"វិធីសាស្ត្រ EAP"},{"$i":"phase-authentication","$v":"ការផ្ទៀងផ្ទាត់​អត្ត​សញ្ញាណ​ជំហាន 2"},{"$i":"server-certificate","$v":"វិញ្ញាបនបត្រ​ម៉ាស៊ីន​បម្រើ"},{"$i":"username","$v":"ឈ្មោះ​អ្នក​ប្រើ"},{"$i":"eap-sim","$v":"ស៊ីម"},{"$i":"eap-aka","$v":"AKA"},{"$i":"eap-peap","$v":"PEAP"},{"$i":"eap-ttls","$v":"TTLS"},{"$i":"eap-akae","$v":"AKA'"},{"$i":"sim1","$v":"ស៊ីម ១"},{"$i":"sim2","$v":"ស៊ីម ២"},{"$i":"auth-with","$v":"ផ្ទៀងផ្ទាត់​អត្តសញ្ញាណ​ជាមួយ"},{"$i":"sim-carrier-text","$v":["SIM",{"t":"idOrVar","v":"index"}," - ",{"t":"idOrVar","v":"carrierName"}]},{"$i":"auth-phase2-no","$v":"ទេ"},{"$i":"auth-phase2-pap","$v":"PAP"},{"$i":"auth-phase2-mschap","$v":"MSCHAP"},{"$i":"auth-phase2-mschapv2","$v":"MSCHAP V2"},{"$i":"auth-phase2-gtc","$v":"GTC"},{"$i":"server-certificate-none","$v":"--"},{"$i":"failedToConnect","$v":"ភ្ជាប់​មិន​បាន​សម្រេច"},{"$i":"select","$v":"ជ្រើស"},{"$i":"skip","$v":"រំលង"},{"$i":"next","$v":"បន្ទាប់"},{"$i":"accept","$v":"ទទួល​យក"},{"$i":"cancel","$v":"បោះ​បង់"},{"$i":"ok","$v":"យល់​ព្រម"},{"$i":"notNow","$v":"កុំ​ទាន់"},{"$i":"forget","$v":"បំភ្លេច"},{"$i":"confirmation","$v":"ការបញ្ជាក់"},{"$i":"forget-network","$v":"បំភ្លេច​បណ្ដាញ​ឬ?"},{"$i":"network-forgotten","$v":"ភ្លេច​បណ្ដាញ។"},{"$i":"hfa","$v":"HFA"},{"$i":"setup-phone-verification","$v":"ការផ្ទៀងផ្ទាត់​ទូរសព្ទ"},{"$i":"phone-verification-entry-message","$v":"បង្កើត​គណនី​មួយ​ដោយ​ផ្ទៀងផ្ទាត់​លេខ​របស់​អ្នក​ដើម្បី​ចូល​ប្រើ​ឃ្លាំង និង​សេវា​បន្ថែម​ទៀត។"},{"$i":"phone-verification-skip-message","$v":"ការផ្ទៀងផ្ទាត់​ទូរសព្ទ​របស់​អ្នក​មិន​ទាន់​ហើយ​ទេ។ អ្នក​អាច​ផ្ទៀងផ្ទាត់​ពេល​ក្រោយ​ក្នុង​ការ​កំណត់ > គណនី។ ការផ្ទៀងផ្ទាត់​គឺ​ចាំបាច់​សម្រាប់​ចូល​ប្រើ​ឃ្លាំង និង​សេវា​បន្ថែម​ទៀត។"},{"$i":"anti-theft","$v":"ការពារ​ចោរ​លួច"},{"$i":"anti-theft-info","$v":"យើង​សង្ឃឹម​ថា អ្នក​នឹង​មិន​បាត់​ទូរស័ព្ទ​ទេ ប៉ុន្តែ​បើ​រឿង​នេះ​កើត​ឡើង អ្នក​អាច​ការពារ​ទិន្នន័យ​អ្នក​ដោយ​ប្រើ​មុខងារ​ចាក់​សោ និង​លុប​ពី​ចម្ងាយ​បាន។ នៅ​ពេល​អ្នក​រួចរាល់ សូម​ទៅ​កាន់​ការកំណត់​ដើម្បី​ដំឡើង​គណនី KaiOS។"},{"$i":"select-language","$v":"ជ្រើស​ភាសា"},{"$i":"language-current","$v":"បច្ចុប្បន្ន"},{"$i":"language-readout-on","$v":"អាន​ឮ"},{"$i":"language-readout-off","$v":"អាន​ឮ"},{"$i":"readout-rule","$v":"ដើម្បីបើករបៀបអានសូមចុចគ្រាប់ចុចផ្នែកខាងឆ្វេង។"},{"$i":"close-readout","$v":"បានបិទ​ទម្រង់​អាន​ចេញ។ សូមចុច​ដើម្បី​បើក​ទម្រង់​អាន​ចេញ​គ្រាប់​ចុច​កម្មវិធី​នៅ​ខាង​ឆ្វេង​។"},{"$i":"open-readout","$v":["បានបើក​ទម្រង់​អាន​ចេញ។ ជ្រើស​យក​ភាសា ",{"t":"idOrVar","v":"selectedLang"},"។ ធាតុ 1 នៃ ",{"t":"idOrVar","v":"count"},"។"]},{"$i":"decline-info","$v":"តម្រូវ​ឱ្យ​ទទួល​យក​លក្ខខណ្ឌ​ដើម្បី​ប្រើ​ឧបករណ៍​នេះ​បាន។"},{"$i":"kaios-license","$v":"គោលការណ៍និងគោលការណ៍ភាពឯកជន"},{"$i":"decline","$v":"បដិសេធ"},{"$i":"privacy-confirm","$v":"ដោយការចុច ការទទួលយក អ្នកយល់ព្រមលើលក្ខខណ្ឌអាជ្ញាប័ណ្ណ KaiOS និងគោលការណ៍ឯកជនភាព។"},{"$i":"open-url","$v":"បើក URL"},{"$i":"privacy-terms-short","$v":"តាម​រយៈ​ការ​ចូល​ដំណើរ​ការ និង​ការ​ប្រើ​កម្មវិធី KaiOS សេវា និង​កម្មវិធី​នានា​នៅ​ក្នុង​ឧបករណ៍​របស់​អ្នក នោះ​មាន​ន័យ​ថា​អ្នក​ទទួល​យល់ និង​យល់ព្រម​គោរព​តាម​លក្ខន្តិកៈ KaiOS EULA និង​លក្ខខណ្ឌ​ភាព​ឯកជន​ដែល​មាន​នៅ​ទីនេះ។"},{"$i":"lyf-license","$v":"លក្ខខណ្ឌ​អាជ្ញាប័ណ្ណ LYF"},{"$i":"emergency","$v":"បន្ទាន់"},{"$i":"done","$v":"រួច​រាល់"},{"$i":"about-kaios-agree","$v":"ខ្ញុំចង់ជួយដោយការផ្ញើទិន្នន័យវិភាគ។"},{"$i":"about-kaios-age","$v":"ខ្ញុំមានអាយុច្រើនជាង 16 ឆ្នាំ។"},{"$i":"about-kaios-ad","$v":"ប្រើទិន្នន័យរបស់ខ្ញុំ ដើម្បីកែលម្អបទពិសោធនៃការផ្សាយពាណិជ្ជកម្មរបស់ខ្ញុំ។"},{"$i":"deselect","$v":"ដក​ការជ្រើស"},{"$i":"selectKeyboard","$v":"ជ្រើសរើស​ក្ដារ​ចុច"},{"$i":"more","$v":"ច្រើន​ទៀត >"},{"$i":"ellipses-char","$v":"…"},{"$i":"location-access","$v":"ការចូលដំណើរការទីតាំង"},{"$i":"location-content","$v":"KaiOS ប្រើ​ទិន្នន័យ​ដូចជា GPS, Wi-Fi និង​បណ្តាញ​ចល័ត​នៅ​ជិត​អ្នក ដើម្បី​ជួយ​កំណត់ការស្មាន​ទីតាំង​របស់​អ្នក។"},{"$i":"deny","$v":"បដិសេធ"},{"$i":"allow","$v":"អនុញ្ញាត"},{"$i":"always-on-voice","$v":"សម្លេងតាមជានិច្ច"},{"$i":"aov-p1","$v":"តើលោកអ្នកចង់កំណត់សម្លេង Always On-voice ជានិច្ចមែនទេ?"},{"$i":"aov-p2","$v":["ចុចបើក ",{"t":"idOrVar","v":"proceed"}," ដើម្បីចាប់ផ្តើមការកំណត់រចនាសម្ព័ន្ធ។"]},{"$i":"aov-p3","$v":"អនុញ្ញាតឱ្យលោកអ្នកអាចធ្វើការជាមួយនឹងជំនួយការសំឡេងរបស់អ្នក “សួស្តី ជីអូ” តាមការបង្កើតទម្រង់​សម្រាប់​លោកអ្នក និងអ្នកជិតស្និទ្ធរបស់អ្នក។"},{"$i":"aov-p4","$v":"ទម្រង់សម្លេងទាំងនេះនឹងធ្វើឱ្យលោកអ្នកអាចត្រួតពិនិត្យទូរសព្ទរបស់អ្នកនិងបំពេញ​មុខងារ​ផ្សេងទៀត​ជាមួយ​នឹងពាក្យ​បញ្ជា​សំឡេង​។"},{"$i":"aov-later","$v":"Later"},{"$i":"aov-proceed","$v":"បន្តដំណើការ"},{"$i":"data-connectivity","$v":"សារព្រមាន"},{"$i":"data-message","$v":"កម្មវិធីគំរូដំឡើងនឹងអាចប្រើប្រាស់ទិន្នន័យតាមបណ្តាញទូរស័ព្ទចល័តអំឡុងពេល​ការដំឡើងដំបូងនៃទូរស័ព្ទឆ្លាតវៃ។"},{"$i":"qtn-privacy-terms-welcome","$v":"ស្វាគមន៍"},{"$i":"qtn-privacy-policy-description-1","$v":["សូម​អរគុណ​ដែល​ជ្រើស​រើស ",{"t":"idOrVar","v":"WDM"},"។"]},{"$i":"qtn-privacy-policy-description-2","$v":"ការ​ប្រើប្រាស់​សេវា​កម្ម និង​កម្មវិធី HMD Global របស់​អ្នក​ក្នុង​ឧបករណ៍​របស់​អ្នក​ស្ថិត​ក្រោម​ការ​គ្រប់គ្រង​នៃ​គោលការណ៍​ឯកជន HMD Global ដែល​អាច​រក​បាន​តាម www.nokia.com/mobile-privacy។"},{"$i":"qtn-privacy-policy-description-3","$v":["ការប្រើប្រាស់ software, សេវាកម្ម និង​កម្មវិធី KaiOS ក្នុង​ឧបករណ៍​របស់​អ្នក​ស្ថិត​ក្រោម​ការគ្រប់គ្រង​នៃ EULA និង​លក្ខខណ្ឌ​ឯកជនភាព​របស់ KaiOS ដែល​អាច​រក​បាន​តាម ",{"t":"idOrVar","v":"WDM"},"។"]},{"$i":"qtn-privacy-policy-description-4","$v":{"$o":"ព័ត៌មាន​ដំណើរការ​ឧបករណ៍​ដែល​ផ្ដល់​ទីតាំង​ឧបករណ៍​តែ​ម្ដង​ រួម​ជាមួយ​ព័ត៌មាន​ឧបករណ៍ និង​បណ្តាញ​តែ​មួយ​របស់​អ្នក​នឹង​ត្រូវ​បាន​ផ្ញើ​ទៅ​កាន់ KAI & HMD ។"}},{"$i":"qtn-privacy-policy-description-5","$v":"ព័ត៌មាន​នេះ​បើក​លទ្ធភាព​ឱ្យ​យើង​បំពេញ​តាម​តម្រូវការ​កាន់​តែ​ប្រសើរ​ក្នុង​ប្រទេស​អ្នក ផ្ដល់​ការ​ធ្វើ​បច្ចុប្បន្ន​ភាព SW ការ​គាំទ្រ​អតិថិជន និង​ដំណើរការ​សេវា​កម្ម។"},{"$i":"qtn-privacy-policy-description-6","$v":"អាច​នឹង​មាន​ការគិត​ថ្លៃ​ទិន្នន័យ។"},{"$i":"qtn-privacy-policy-description-7","$v":"ភាព​ឯកជន ឬ​ការ​ជូន​ដំណឹង​ផ្សេង​ទៀត​អាច​ត្រូវ​បាន​ផ្ដល់ នៅ​ពេល​អ្នក​ប្រើប្រាស់​លក្ខណៈ​ពិសេស​ខុសៗ​គ្នា​នៃ​ឧបករណ៍​របស់​អ្នក។"},{"$i":"aov-content-readout","$v":"តើលោកអ្នកចង់កំណត់សម្លេង Always On-voice ជានិច្ចមែនទេ? សូមចុច aov-later=ពេល​ក្រោយ"},{"$i":"software-update","$v":"ការកំណត់​ធ្វើ​បច្ចុប្បន្នភាព Software"},{"$i":"wifi-or-mobile-data","$v":"Wi-Fi ឬ​បណ្ដាញ​ចល័ត"},{"$i":"wlan-or-mobile-data","$v":"Wi-Fi ឬ​បណ្ដាញ​ទូរសព្ទដៃ"},{"$i":"wifi-only","$v":"Wi-Fi ប៉ុណ្ណោះ"},{"$i":"wlan-only","$v":"Wi-Fi ប៉ុណ្ណោះ"},{"$i":"software-update-tips","$v":"នៅ​ពេល​ទាញ​យក​តាម​បណ្ដាញ​ទូរសព្ទ​ចល័ត អាច​នឹង​មាន​ការគិត​ថ្លៃ​បន្ថែម។"}]