[{"$i":"wifi","$v":"ເລືອກເຄືອຂ່າຍ"},{"$i":"ssid","$v":"SSID"},{"$i":"no-wifi-found","$v":"ບໍ່ມີເຄືອຂ່າຍທີ່ພ້ອມໃຊ້ງານ"},{"$i":"wifi-searching","$v":"ກຳລັງຄົ້ນຫາເຄືອຂ່າຍ…"},{"$i":"security-open","$v":"ເປີດ"},{"$i":"shortStatus-connecting","$v":"ກຳລັງເຊື່ອມຕໍ່…"},{"$i":"shortStatus-associated","$v":"ດ້ຮັບທີ່ຢູ່ IP..."},{"$i":"shortStatus-authenticating","$v":"ການກວດສອບສິດທິ..."},{"$i":"shortStatus-connected","$v":"ເຊື່ອມຕໍ່ແລ້ວ"},{"$i":"shortStatus-associationreject","$v":"ການເຊື່ອມຕໍ່ໄດ້ຫຼົ້ມເຫຼວແລ້ວ"},{"$i":"shortStatus-disconnected","$v":"ອອບລາຍ"},{"$i":"shortStatus-connected-no-internet","$v":"ເຊື່ອມຕໍ່ແລ້ວ, ບໍ່ມີອິນເຕີເນັດ"},{"$i":"shortStatus-dhcpfailed","$v":"IP ຫຼົ້ມເຫຼວ"},{"$i":"shortStatus-authenticationfailed","$v":"ລະຫັດຜ່ານບໍ່ຖືກຕ້ອງ"},{"$i":"securityWEP","$v":"WEP"},{"$i":"securityWPA-PSK","$v":"WPA-PSK"},{"$i":"securityWPA-EAP","$v":"WPA-EAP"},{"$i":"securityWPA2-PSK","$v":"WPA2-PSK"},{"$i":"securityWPA/WPA2-PSK","$v":"WPA/WPA2-PSK"},{"$i":"securedBy","$v":[{"t":"idOrVar","v":"capabilities"}]},{"$i":"securedByWay","$v":["ປ້ອງກັນຄວາມປອດໄພໂດຍ ",{"t":"idOrVar","v":"capabilities"}]},{"$i":"security","$v":"ຄວາມປອດໄພ"},{"$i":"signalStrength","$v":"ສັນຍານແຮງ"},{"$i":"signalLevel0","$v":"ອ່ອນຫຼາຍ"},{"$i":"signalLevel1","$v":"ອ່ອນ"},{"$i":"signalLevel2","$v":"ສະເລ່ຍ"},{"$i":"signalLevel3","$v":"ດີ"},{"$i":"signalLevel4","$v":"ດີຫຼາຍ"},{"$i":"ipAddress","$v":"ທີ່ຢູ່ IP"},{"$i":"linkSpeed","$v":"ຄວາມໄວຂອງການເຊື່ອມໂຍງ"},{"$i":"linkSpeedMbs","$v":[{"t":"idOrVar","v":"linkSpeed"}," Mbit/s"]},{"$i":"wifi-rescan","$v":"ສະແກນໃໝ່"},{"$i":"wifi-join-fail","$v":["ບໍ່ສາມາດເຂົ້າເຖິງເຄືອຂ່າຍ ເນັດເວີກໄດ້ ",{"t":"idOrVar","v":"n"},"."]},{"$i":"wifi-connect-fail","$v":["ລະຫັດຜ່ານບໍ່ຖືກຕ້ອງສຳລັບ ",{"t":"idOrVar","v":"n"},"."]},{"$i":"wifi-connect-fail-username-or-password","$v":["ຊື່ຜູ້ໃຊ້ ຫຼື ລະຫັດຜ່ານສຳລັບ ",{"t":"idOrVar","v":"n"}," ບໍ່ຖືກຕ້ອງ."]},{"$i":"wifi-ip-set-fail","$v":"ການຕັ້ງຄ່າ IP ຫຼົ້ມເຫຼວ"},{"$i":"wifi-pw-length-error","$v":"ຄວາມຍາວຂອງລະຫັດຜ່ານ ຄວນມີຫຼາຍກວ່າ 8 ຕົວອັກສອນ."},{"$i":"password","$v":"ລະຫັດຜ່ານ"},{"$i":"showPassword","$v":"ສະແດງລະຫັດຜ່ານ"},{"$i":"connect","$v":"ເຊື່ອມຕໍ່"},{"$i":"rescanCompleted","$v":"Rescan ສຳ ເລັດແລ້ວ."},{"$i":"eap-method","$v":"ເຄື່ອງມືແບບ EAP"},{"$i":"phase-authentication","$v":"ການກວດສອບໄລຍະທີ 2"},{"$i":"server-certificate","$v":"ໃບຮັບຮອງເຊີບເວີຣ໌"},{"$i":"username","$v":"ຊື່ຜູ່ໃຊ້"},{"$i":"eap-sim","$v":"SIM"},{"$i":"eap-aka","$v":"AKA"},{"$i":"eap-peap","$v":"PEAP"},{"$i":"eap-ttls","$v":"TTLS"},{"$i":"eap-akae","$v":"AKA'"},{"$i":"sim1","$v":"ຊິມ 1"},{"$i":"sim2","$v":"ຊິມ 2"},{"$i":"auth-with","$v":"ຢັ້ງຢືນດ້ວຍ"},{"$i":"sim-carrier-text","$v":["SIM",{"t":"idOrVar","v":"index"}," - ",{"t":"idOrVar","v":"carrierName"}]},{"$i":"auth-phase2-no","$v":"ບໍ່"},{"$i":"auth-phase2-pap","$v":"PAP"},{"$i":"auth-phase2-mschap","$v":"MSCHAP"},{"$i":"auth-phase2-mschapv2","$v":"MSCHAP V2"},{"$i":"auth-phase2-gtc","$v":"GTC"},{"$i":"server-certificate-none","$v":"--"},{"$i":"failedToConnect","$v":"ທຳການເຊື່ອມຕໍ່ບໍ່ຕິດ"},{"$i":"select","$v":"ເລືອກ"},{"$i":"skip","$v":"ຂ້າມຜ່ານ"},{"$i":"next","$v":"ຂ້າງໜ້າ"},{"$i":"accept","$v":"ຍອມຮັບ"},{"$i":"cancel","$v":"ຍົກເລີກ"},{"$i":"ok","$v":"ຕົກລົງ"},{"$i":"notNow","$v":"ບໍ່ແມ່ນຕອນນີ້"},{"$i":"forget","$v":"ລຶມ"},{"$i":"confirmation","$v":"ຢືນຢັນ"},{"$i":"forget-network","$v":"ລືມເຄືອຂ່າຍອອກບໍ່?"},{"$i":"network-forgotten","$v":"ລືມລະຫັດຜ່ານເຄືອຂ່າຍ."},{"$i":"hfa","$v":"HFA"},{"$i":"setup-phone-verification","$v":"ຢືນຢັນທາງໂທລະສັບ"},{"$i":"phone-verification-entry-message","$v":"ສ້າງບັນຊີໂດຍຢືນຢັນເບີເພື່ອເຂົ້າສູ່ຄັງຂໍ້ມູນ ແລະ ການາບໍລິການເສີມ."},{"$i":"phone-verification-skip-message","$v":"ການຢັ້ງຢືນໂທລະສັບຂອງທ່ານບໍ່ສຳເລັດ. ທ່ານສາມາດຢືນຢັນການຕັ້ງຄ່າພາຍຫຼັງ > ບັນຊີ. ເພື່ອເຂົ້າສູ່ຄັງຂໍ້ມູນ ແລະ ການາບໍລິການເສີມ."},{"$i":"anti-theft","$v":"ປ້ອງກັນການໂຈມຕີ"},{"$i":"anti-theft-info","$v":"ພວກເຮົາຫວັງວ່າໂທລະສັບ ຂອງທ່ານຈະບໍ່ເສຍຫາຍ, ແຕ່ຖ້າທ່ານສາມາດເຮັດໄດ້, ທ່ານຈະສາມາດປົກປ້ອງຂໍ້ມູນ ດ້ວຍການລັອກໄລຍະໄກ ແລະ ລຶບຄຸນສົມບັດຂອງຂໍ້ມູນ. ເມື່ອທ່ານພ້ອມແລ້ວ, ໃຫ້ໄປທີ່ \"ການຕັ້ງຄ່າ\" ເພື່ອຕັ້ງຄ່າບັນຊີ KaiOS ຂອງທ່ານ."},{"$i":"select-language","$v":"ເລືອກພາສາ"},{"$i":"language-current","$v":"ປະຈຸບັນ"},{"$i":"language-readout-on","$v":"ການອ່ານຂໍ້ມູນ"},{"$i":"language-readout-off","$v":"ການອ່ານຂໍ້ມູນ"},{"$i":"readout-rule","$v":"ເພື່ອເປີດໃຊ້ໂໝດດັ່ງກ່າວ, ໃຫ້ກົດປຸ່ມຊອບແວຊ້າຍ.          "},{"$i":"close-readout","$v":"ປິດການນຳໃຊ້ໂໝດ Readout ແລ້ວ. ເພື່ອເປີດໃຊ້ໂໝດດັ່ງກ່າວ, ໃຫ້ກົດປຸ່ມຊອບແວຊ້າຍ.          "},{"$i":"open-readout","$v":["ເປີດການນຳໃຊ້ໂໝດ Readout ແລ້ວ. ເລືອກພາສາ. ",{"t":"idOrVar","v":"selectedLang"},". ລາຍການທີ 1 ຈາກທັງໝົດ ",{"t":"idOrVar","v":"count"},"."]},{"$i":"decline-info","$v":"ການຍອມຮັບຂໍ້ກຳນົດ ແລະ ເງື່ອນໄຂແມ່ນມີຄວາມຈຳເປັນ ເພື່ອນຳໃຊ້ອຸປະກອນນີ້."},{"$i":"kaios-license","$v":"ເງື່ອນໄຂແລະນະໂຍບາຍຄວາມເປັນສ່ວນຕົວ"},{"$i":"decline","$v":"ປະຕິເສດ"},{"$i":"privacy-confirm","$v":"ໂດຍການກົດຕອບຮັບ, ແມ່ນຖືວ່າທ່ານເຫັນດີກັບຂໍ້ກຳນົດໃບອະນຸຍາດ ແລະ ນະໂຍບາຍຄວາມເປັນສ່ວນຕົວຂອງ KaiOS."},{"$i":"open-url","$v":"ເປີດ URL"},{"$i":"privacy-terms-short","$v":"ໂດຍການເຂົ້າເຖິງ ແລະ ການນຳໃຊ້ຊອບແວ, ບໍລິການ ແລະ ແອັບພລິເຄຊັນ KaiOS ໃນອຸປະກອນຂອງທ່ານ, ແມ່ນຖືວ່າທ່ານຍິນຍອມທີ່ຈະປະຕິບັດຕາມຂໍ້ຕົກລົງໃບອະນຸຍາດຜູ້ໃຊ້ປາຍທາງ ແລະ ຂໍ້ກຳນົດຄວາມເປັນສ່ວນຕົວຂອງ KaiOS, ເຊິ່ງສາມາດພົບໄດ້ຢູ່ບ່ອນນີ້"},{"$i":"lyf-license","$v":"ຂໍ້ກຳນົດສິດທິການໃຊ້ງານ LYF"},{"$i":"emergency","$v":"ສຸກເສີນ"},{"$i":"done","$v":"ສຳເລັດ"},{"$i":"about-kaios-agree","$v":"ຂ້ອຍຕ້ອງການຊ່ວຍເຫຼືອໂດຍການສົ່ງຂໍ້ມູນການວິເຄາະ."},{"$i":"about-kaios-age","$v":"ຂ້ອຍອາຍຸ 16 ປີ."},{"$i":"about-kaios-ad","$v":"ນຳໃຊ້ຂໍ້ມູນຂອງຂ້າພະເຈົ້າ ເພື່ອປັບປຸງປະສົບການການໂຄສະນາຂອງຂ້າພະເຈົ້າ."},{"$i":"deselect","$v":"ຍົກເລີກການເລືອກ"},{"$i":"selectKeyboard","$v":"ເລືອກແປ້ນພິມ"},{"$i":"more","$v":"ຂໍ້ຄວາມອື່ນ >"},{"$i":"ellipses-char","$v":"…"},{"$i":"location-access","$v":"ການເຂົ້າເຖິງສະຖານທີ່"},{"$i":"location-content","$v":"KaiOS ໃຊ້ຂໍ້ມູນຕ່າງໆ ເຊັ່ນ: GPS, Wi-Fi ແລະ ເຄືອຂ່າຍມືຖືໃກ້ທ່ານເພື່ອຊ່ວຍລະບຸສະຖານທີ່ໂດຍປະມານຂອງທ່ານ."},{"$i":"deny","$v":"ປະຕິເສດ"},{"$i":"allow","$v":"ອະນຸຍາດ"},{"$i":"always-on-voice","$v":"ສະເຫມີກ່ຽວກັບສຽງ"},{"$i":"aov-p1","$v":"ທ່ານຕ້ອງການຕັ້ງຄ່າການ ເປີດສຽງຕະຫຼອດ ບໍ?"},{"$i":"aov-p2","$v":["ຄລິກທີ່ ",{"t":"idOrVar","v":"proceed"}," ເພື່ອເລີ່ມການຕັ້ງຄ່າ."]},{"$i":"aov-p3","$v":"ເປີດສຽງຕະຫຼອດ ຈະເຮັດໃຫ້ທ່ານສາມາດເຮັດວຽກກັບຜູ້ຊ່ວຍສຽງ ‘Hello Jio’ ໄດ້ໂດຍການສ້າງໂປຣໄຟລ໌ສຳລັບທ່ານ ແລະ ຄົນໃກ້ຊິດຂອງທ່ານ."},{"$i":"aov-p4","$v":"ໂປຣໄຟລ໌ສຽງເຫຼົ່ານີ້ຈະເຮັດໃຫ້ທ່ານສາມາດຄວບຄຸມໂທລະສັບຂອງທ່ານ ແລະ ໃຊ້ງານຟັງຊັນອື່ນດ້ວຍຄຳສັ່ງສຽງໄດ້."},{"$i":"aov-later","$v":"Later"},{"$i":"aov-proceed","$v":"ດຳເນີນການ"},{"$i":"data-connectivity","$v":"ຂໍ້ຄວາມເຕືອນ"},{"$i":"data-message","$v":"ການຕິດຕັ້ງ wizard ຈະນຳໃຊ້ຂໍ້ມູນຜ່ານເຄືອຂ່າຍມືຖືໃນລະຫວ່າງການຕັ້ງຄ່າເລີ່ມຕົ້ນຂອງໂທລະສັບອັດສະລິຍະ."},{"$i":"qtn-privacy-terms-welcome","$v":"ຍິນດີຕ້ອນຮັບ"},{"$i":"qtn-privacy-policy-description-1","$v":["ຂໍຂອບໃຈທີ່ເລືອກ ",{"t":"idOrVar","v":"WDM"},"."]},{"$i":"qtn-privacy-policy-description-2","$v":"ການນໍາໃຊ້​ຂອງທ່ານຕໍ່ກັບ​ການບໍລິການ ແລະ ແອັບພລິເຄຊັນຂອງ HMD Global ໃນອຸປະກອນຂອງທ່ານ​ແມ່ນຖືກຄຸ້ມຄອງໂດຍ​ນະໂຍບາຍ​ຄວາມເປັນສ່ວນຕົວ​ຂອງ HMD Global, ເບິ່ງເພີ່ມເຕີມໄດ້ທີ່  www.nokia.com/mobile-privacy."},{"$i":"qtn-privacy-policy-description-3","$v":["ການໃຊ້ຊອຟແວ, ບໍລິການ ແລະ ແອັບພລິເຄຊັນ KaiOS ໃນອຸປະກອນຂອງທ່ານແມ່ນຢູ່ພາຍໃຕ້ KaiOS EULA ແລະ ຂໍ້ກຳນົດຄວາມເປັນສ່ວນຕົວ, ມີໃຫ້ບໍລິການທີ່ ",{"t":"idOrVar","v":"WDM"},"."]},{"$i":"qtn-privacy-policy-description-4","$v":{"$o":"ຂໍ້ມູນການເປີດໃຊ້ງານອຸປະກອນພ້ອມກັບຕຳແໜ່ງອຸປະກອນທີ່ໃຊ້ພຽງເທື່ອດຽວ ພ້ອມດ້ວຍອຸປະກອນສະເພາະ ແລະ ຂໍ້ມູນການເຊື່ອມຕໍ່ຂອງທ່ານຈະຖືກສົ່ງໄປທີ່ KAI & HMD."}},{"$i":"qtn-privacy-policy-description-5","$v":"ຂໍ້ມູນນີ້ໃຫ້ພວກເຮົາຕອບສະໜອງ ຄວາມຕ້ອງການໃນປະເທດຂອງ ທ່ານໃນການສະໜອງການອັບເດດ SW,ຊ່ວຍເຫືລອລູກຄ້າແລະເປີດ ໃຊ້ງານ ການບໍລິການ."},{"$i":"qtn-privacy-policy-description-6","$v":"ອາດຈະມີຄ່າບໍລິການຂໍ້ມູນ."},{"$i":"qtn-privacy-policy-description-7","$v":"ຄວາມເປັນສ່ວນຕົວ ຫຼື ແຈ້ງການອື່ນ​ໆ​ອາດມີການສະໜອງໃຫ້​ເມື່ອທ່ານນໍາໃຊ້​ຄຸນສົມບັດອື່ນ​ໆ​ທີ່ແຕກຕ່າງ​ໃນອຸປະກອນຂອງທ່ານ."},{"$i":"aov-content-readout","$v":"ທ່ານຕ້ອງການຕັ້ງຄ່າການ ເປີດສຽງຕະຫຼອດ ບໍ? ຄລິກ ທີ່aov-later=ຄັ້ງຕໍ່ມາ"},{"$i":"software-update","$v":"ການຕັ້ງຄ່າອັບເດດຊັອບແວຣ໌"},{"$i":"wifi-or-mobile-data","$v":"Wi-Fi ຫຼືເຄືອຂ່າຍໂທລະສັບ"},{"$i":"wlan-or-mobile-data","$v":"Wi-Fi ຫຼື ເຄືອຂ່າຍມືຖື"},{"$i":"wifi-only","$v":"Wi-Fi ເທົ່ານັ້ນ"},{"$i":"wlan-only","$v":"Wi-Fi ເທົ່ານັ້ນ"},{"$i":"software-update-tips","$v":"ເມື່ອດາວໂຫຼດຜ່ານເຄືອຂ່າຍມືຖື ອາດຈະມີຄ່າບໍລິການເພີ່ມຕື່ມ."}]