[{"$i":"wifi","$v":"Rinktis tinklą"},{"$i":"ssid","$v":"SSID"},{"$i":"no-wifi-found","$v":"Nėra pasiek. tinklų"},{"$i":"wifi-searching","$v":"Ieškoma tinklų..."},{"$i":"security-open","$v":"Atid."},{"$i":"shortStatus-connecting","$v":"Jungiamasi…"},{"$i":"shortStatus-associated","$v":"Gaunamas IP adresas…"},{"$i":"shortStatus-authenticating","$v":"Atpažįstama…"},{"$i":"shortStatus-connected","$v":"Prisijun."},{"$i":"shortStatus-associationreject","$v":"Prisij. nepavyko"},{"$i":"shortStatus-disconnected","$v":"Nepris."},{"$i":"shortStatus-connected-no-internet","$v":"Prisijungta, nėra interneto"},{"$i":"shortStatus-dhcpfailed","$v":"Netin. ID"},{"$i":"shortStatus-authenticationfailed","$v":"Neteis. slaptažod."},{"$i":"securityWEP","$v":"WEP"},{"$i":"securityWPA-PSK","$v":"WPA-PSK"},{"$i":"securityWPA-EAP","$v":"WPA-EAP"},{"$i":"securityWPA2-PSK","$v":"WPA2-PSK"},{"$i":"securityWPA/WPA2-PSK","$v":"WPA / WPA2-PSK"},{"$i":"securedBy","$v":[{"t":"idOrVar","v":"capabilities"}]},{"$i":"securedByWay","$v":["Apsaugota ",{"t":"idOrVar","v":"capabilities"}]},{"$i":"security","$v":"Apsauga"},{"$i":"signalStrength","$v":"Signalo stiprumas"},{"$i":"signalLevel0","$v":"Labai silpnas"},{"$i":"signalLevel1","$v":"Silpnas"},{"$i":"signalLevel2","$v":"Vidut."},{"$i":"signalLevel3","$v":"Ger."},{"$i":"signalLevel4","$v":"Labai geras"},{"$i":"ipAddress","$v":"IP adresas"},{"$i":"linkSpeed","$v":"Nuor. sprt."},{"$i":"linkSpeedMbs","$v":[{"t":"idOrVar","v":"linkSpeed"}," Mbit/s"]},{"$i":"wifi-rescan","$v":"Nusk."},{"$i":"wifi-join-fail","$v":["Nepavyko prisijungti prie tinklo ",{"t":"idOrVar","v":"n"},"."]},{"$i":"wifi-connect-fail","$v":["Neteisin. ",{"t":"idOrVar","v":"n"}," slaptažodis."]},{"$i":"wifi-connect-fail-username-or-password","$v":["Neteisingas ",{"t":"idOrVar","v":"n"}," vartotojo vardas arba slaptažodis."]},{"$i":"wifi-ip-set-fail","$v":"Netink. IP paramet."},{"$i":"wifi-pw-length-error","$v":"Slaptažodis turi būti ilgesnis nei 8 simbol."},{"$i":"password","$v":"Slaptaž."},{"$i":"showPassword","$v":"Rodyti slaptažodį"},{"$i":"connect","$v":"Prijun."},{"$i":"rescanCompleted","$v":"Atkūrimas baigtas."},{"$i":"eap-method","$v":"EAP metod."},{"$i":"phase-authentication","$v":"Atpažinimas 2 etapais"},{"$i":"server-certificate","$v":"Serverio pažyma"},{"$i":"username","$v":"Vartotojo vardas"},{"$i":"eap-sim","$v":"SIM"},{"$i":"eap-aka","$v":"AKA"},{"$i":"eap-peap","$v":"PEAP"},{"$i":"eap-ttls","$v":"TTLS"},{"$i":"eap-akae","$v":"AKA'"},{"$i":"sim1","$v":"SIM1"},{"$i":"sim2","$v":"SIM2"},{"$i":"auth-with","$v":"Autentifikuoti naudojant"},{"$i":"sim-carrier-text","$v":["SIM",{"t":"idOrVar","v":"index"}," – ",{"t":"idOrVar","v":"carrierName"}]},{"$i":"auth-phase2-no","$v":"Ne"},{"$i":"auth-phase2-pap","$v":"PAP"},{"$i":"auth-phase2-mschap","$v":"MSCHAP"},{"$i":"auth-phase2-mschapv2","$v":"MSCHAP V2"},{"$i":"auth-phase2-gtc","$v":"GTC"},{"$i":"server-certificate-none","$v":"--"},{"$i":"failedToConnect","$v":"Nepavyko prisij."},{"$i":"select","$v":"Rinktis"},{"$i":"skip","$v":"Praleisti"},{"$i":"next","$v":"Kit."},{"$i":"accept","$v":"Priimti"},{"$i":"cancel","$v":"Atš."},{"$i":"ok","$v":"GERAI"},{"$i":"notNow","$v":"Ne dabar"},{"$i":"forget","$v":"Pamir."},{"$i":"confirmation","$v":"Patvirtinim."},{"$i":"forget-network","$v":"Pamirš. tinklą?"},{"$i":"network-forgotten","$v":"Tinklas pamirštas."},{"$i":"hfa","$v":"HFA"},{"$i":"setup-phone-verification","$v":"Telefono tikrinimas"},{"$i":"phone-verification-entry-message","$v":"Nustatykite paskyrą, patvirtindami savo numerį, kad galėtumėte pasiekti parduotuvę ir papildomas paslaugas."},{"$i":"phone-verification-skip-message","$v":"Jūsų telefono patvirtinimas nebaigtas. Galite vėliau jį patvirtinti skiltyje „Parametrai“ > „Paskyra“. Patvirtinimo reikia norint naudotis parduotuve ir papildomomis paslaugomis."},{"$i":"anti-theft","$v":"Aps. nuo vag."},{"$i":"anti-theft-info","$v":"Tikimės, kad niekada neprarasite savo telefono, bet jei taip nutiktų, galite apsaugoti savo duomenis naudodami mūsų nuotolinio užrakinimo ir ištrynimo funkcijas. Kai būsite pasiruošę, eikite į skiltį „Parametrai“, kad sukonfigūruotumėte „KaiOS“ paskyrą."},{"$i":"select-language","$v":"Rinktis kalbą"},{"$i":"language-current","$v":"Dabart."},{"$i":"language-readout-on","$v":"Skaitym."},{"$i":"language-readout-off","$v":"Skaitym."},{"$i":"readout-rule","$v":"Norėdami įjungti nuskaitymo režimą, paspauskite kairįjį programinės įrangos klavišą."},{"$i":"close-readout","$v":"Nuskaitymo režimas išjungtas. Norėdami įjungti nuskaitymo režimą, paspauskite kairįjį programinės įrangos klavišą."},{"$i":"open-readout","$v":["Nuskaitymo režimas įjungtas. Pasirinkite „Kalba“. ",{"t":"idOrVar","v":"selectedLang"},". 1 elem. iš ",{"t":"idOrVar","v":"count"},"."]},{"$i":"decline-info","$v":"Norint naudoti šį prietaisą, reikia sutikti su taisyklėmis ir sąlyg."},{"$i":"kaios-license","$v":"Sąlygos ir privatumo politika"},{"$i":"decline","$v":"Atmesti"},{"$i":"privacy-confirm","$v":"Paspausdami „Priimti“, sutinkate su „KaiOS“ licencijos taisyklėmis ir privatumo taisyklėmis."},{"$i":"open-url","$v":"ATIDARYTI NUORODĄ"},{"$i":"privacy-terms-short","$v":"Pasiekdami ir naudodami „KaiOS“ programinę įrangą, paslaugas ir programas savo įrenginyje, sutinkate laikytis „KaiOS“ EULA ir privatumo sąlygų, kurias galite rasti čia"},{"$i":"lyf-license","$v":"LYF lic. sąlygos"},{"$i":"emergency","$v":"Pagalb. skamb."},{"$i":"done","$v":"Atl."},{"$i":"about-kaios-agree","$v":"Noriu padėti siunčiant analizės duomenis."},{"$i":"about-kaios-age","$v":"Aš esu vyresnis nei 16 metų."},{"$i":"about-kaios-ad","$v":"Naudoti mano duomenis, kad gaučiau geresnius rekl. pasiūlymus."},{"$i":"deselect","$v":"Atsisak."},{"$i":"selectKeyboard","$v":"Pasirinkite klaviatūrą"},{"$i":"more","$v":"Daug. >"},{"$i":"ellipses-char","$v":"…"},{"$i":"location-access","$v":"Prieiga prie vietos"},{"$i":"location-content","$v":"„KaiOS“ naudoja duomenis, pvz., GPS, Wi-Fi ir mobiliojo tinklo, esančių šalia jūsų, kad lengviau nustatytų apytikslę jūsų buvimo vietą."},{"$i":"deny","$v":"Neleis."},{"$i":"allow","$v":"Leis."},{"$i":"always-on-voice","$v":"Visada balsu"},{"$i":"aov-p1","$v":"Norite sukonfigūruoti „Always On-Voice“?"},{"$i":"aov-p2","$v":["Spust. ",{"t":"idOrVar","v":"proceed"},", kad pradėt. konfigūr."]},{"$i":"aov-p3","$v":"„Always On-Voice“ sukurs profilį jums ir artimiesiems, todėl galėsite dirbti padedami balso asistento „Hello Jio“."},{"$i":"aov-p4","$v":"Dėl balso profilių, naudodami balso komandas, galėsite valdyti telefoną ir atlikti kitas funkcijas."},{"$i":"aov-later","$v":"Later"},{"$i":"aov-proceed","$v":"Tęsti"},{"$i":"data-connectivity","$v":"Įspėjamasis pranešimas"},{"$i":"data-message","$v":"Išmaniojo tel. pradinio nustatymo metu nustatymų vediklis gali naudoti mob. tinklo duomenis."},{"$i":"qtn-privacy-terms-welcome","$v":"Sveiki!"},{"$i":"qtn-privacy-policy-description-1","$v":["Dėkojame, kad pasirinkote ",{"t":"idOrVar","v":"WDM"},"."]},{"$i":"qtn-privacy-policy-description-2","$v":"HMD Global paslaugų ir programų naudojimą jūsų prietaise nustato HMD Global privatumo taisyklės, pasiekiamos adresu www.nokia.com/mobile-privacy."},{"$i":"qtn-privacy-policy-description-3","$v":["„KaiOS“ programinės įrangos, paslaugų ir programų naudojimą jūsų prietaise nustato „KaiOS EULA“ privatumo taisyklėse, kurias galite rasti adresu ",{"t":"idOrVar","v":"WDM"},"."]},{"$i":"qtn-privacy-policy-description-4","$v":{"$o":"Prietaiso suaktyvinimo informacija kartu su vienkartine telefono vieta ir unikalia prietaiso bei tinklo informacija bus išsiųsta KAI & HMD."}},{"$i":"qtn-privacy-policy-description-5","$v":"Gavę šią informaciją, galime geriau tenkinti poreikius jūsų šalyje, teikti programinės įrangos naujinius, padėti klientams ir aktyvinti paslaugas."},{"$i":"qtn-privacy-policy-description-6","$v":"Gali būti taikomi duomenų perdavimo mokesčiai."},{"$i":"qtn-privacy-policy-description-7","$v":"Naudojant prietaiso funkcijas gali būti pateikta privatumo ir kitų pareiškimų."},{"$i":"aov-content-readout","$v":"Norite sukonfigūruoti „Always On-Voice“? Spust. aov-later=Vėl."},{"$i":"software-update","$v":"Program. įr. naujin. param."},{"$i":"wifi-or-mobile-data","$v":"„Wi-Fi“ arba mob. tinklą"},{"$i":"wlan-or-mobile-data","$v":"Wi-Fi arba mob. tinklas"},{"$i":"wifi-only","$v":"Tik „Wi-Fi“"},{"$i":"wlan-only","$v":"Tik Wi-Fi"},{"$i":"software-update-tips","$v":"Kai atsisiunčiate naudodami mob. duomenis, gali būti taikomi papildomi mokesčiai."}]