[{"$i":"wifi","$v":"Atlasiet tīklu"},{"$i":"ssid","$v":"SSID"},{"$i":"no-wifi-found","$v":"Nav pieejams neviens tīkls"},{"$i":"wifi-searching","$v":"Notiek tīklu meklēšana..."},{"$i":"security-open","$v":"Atvērt"},{"$i":"shortStatus-connecting","$v":"Notiek savienojuma izveide…"},{"$i":"shortStatus-associated","$v":"Iegūst IP adresi..."},{"$i":"shortStatus-authenticating","$v":"Notiek autentifikācija..."},{"$i":"shortStatus-connected","$v":"Savienojums izveidots"},{"$i":"shortStatus-associationreject","$v":"Savienojuma kļūme"},{"$i":"shortStatus-disconnected","$v":"Bezsaistē"},{"$i":"shortStatus-connected-no-internet","$v":"Savienojums izveidots, nav interneta"},{"$i":"shortStatus-dhcpfailed","$v":"IP neizdevās"},{"$i":"shortStatus-authenticationfailed","$v":"Nepareiza parole"},{"$i":"securityWEP","$v":"WEP"},{"$i":"securityWPA-PSK","$v":"WPA-PSK"},{"$i":"securityWPA-EAP","$v":"WPA-EAP"},{"$i":"securityWPA2-PSK","$v":"WPA2-PSK"},{"$i":"securityWPA/WPA2-PSK","$v":"WPA/WPA2-PSK"},{"$i":"securedBy","$v":[{"t":"idOrVar","v":"capabilities"}]},{"$i":"securedByWay","$v":["Nodrošina ",{"t":"idOrVar","v":"capabilities"}]},{"$i":"security","$v":"Drošība"},{"$i":"signalStrength","$v":"Signāla stiprums"},{"$i":"signalLevel0","$v":"Ļoti vājš"},{"$i":"signalLevel1","$v":"Vājš"},{"$i":"signalLevel2","$v":"Vidēja"},{"$i":"signalLevel3","$v":"Labs"},{"$i":"signalLevel4","$v":"Ļoti labs"},{"$i":"ipAddress","$v":"IP adrese"},{"$i":"linkSpeed","$v":"Saites ātrums"},{"$i":"linkSpeedMbs","$v":[{"t":"idOrVar","v":"linkSpeed"}," Mbit/s"]},{"$i":"wifi-rescan","$v":"Meklēt atkārtoti"},{"$i":"wifi-join-fail","$v":["Nevar pievienoties tīklam ",{"t":"idOrVar","v":"n"},"."]},{"$i":"wifi-connect-fail","$v":["Nepareiza ",{"t":"idOrVar","v":"n"}," parole."]},{"$i":"wifi-connect-fail-username-or-password","$v":["Nepareizs lietotājvārds vai parole šim: ",{"t":"idOrVar","v":"n"},"."]},{"$i":"wifi-ip-set-fail","$v":"IP uzstādījumi neizdevās."},{"$i":"wifi-pw-length-error","$v":"Paroles garums nedrīkst pārsniegt 8 zīmes."},{"$i":"password","$v":"Parole"},{"$i":"showPassword","$v":"Rādīt paroli"},{"$i":"connect","$v":"Savienot"},{"$i":"rescanCompleted","$v":"Skenēšana pabeigta."},{"$i":"eap-method","$v":"EAP metode"},{"$i":"phase-authentication","$v":"2. fāzes autentifikācija"},{"$i":"server-certificate","$v":"Servera sertifikāts"},{"$i":"username","$v":"Lietotājvārds"},{"$i":"eap-sim","$v":"SIM"},{"$i":"eap-aka","$v":"AKA"},{"$i":"eap-peap","$v":"PEAP"},{"$i":"eap-ttls","$v":"TTLS"},{"$i":"eap-akae","$v":"AKA'"},{"$i":"sim1","$v":"SIM1"},{"$i":"sim2","$v":"SIM2"},{"$i":"auth-with","$v":"Autentificēties ar"},{"$i":"sim-carrier-text","$v":["SIM",{"t":"idOrVar","v":"index"}," — ",{"t":"idOrVar","v":"carrierName"}]},{"$i":"auth-phase2-no","$v":"Nē"},{"$i":"auth-phase2-pap","$v":"PAP"},{"$i":"auth-phase2-mschap","$v":"MSCHAP"},{"$i":"auth-phase2-mschapv2","$v":"MSCHAP V2"},{"$i":"auth-phase2-gtc","$v":"GTC"},{"$i":"server-certificate-none","$v":"--"},{"$i":"failedToConnect","$v":"Neizdevās savienot"},{"$i":"select","$v":"Atlasīt"},{"$i":"skip","$v":"Izlaist"},{"$i":"next","$v":"Tālāk"},{"$i":"accept","$v":"Pieņemt"},{"$i":"cancel","$v":"Atcelt"},{"$i":"ok","$v":"LABI"},{"$i":"notNow","$v":"Ne tagad"},{"$i":"forget","$v":"Aizmirst"},{"$i":"confirmation","$v":"Apstiprinājums"},{"$i":"forget-network","$v":"Vai aizmirst tīklu?"},{"$i":"network-forgotten","$v":"Tīkls dzēsts."},{"$i":"hfa","$v":"HFA"},{"$i":"setup-phone-verification","$v":"Tālruņa numura apstiprināšana"},{"$i":"phone-verification-entry-message","$v":"Uzstādiet kontu, apstiprinot savu numuru, lai piekļūtu veikalam un papildu pakalpojumiem."},{"$i":"phone-verification-skip-message","$v":"Jūsu tālruņa verifikācija nav pilnīga. Varat to pārbaudīt vēlāk sadaļā Iestatījumi> Konts. Lai piekļūtu veikalam un papildu pakalpojumiem, ir nepieciešama verifikācija."},{"$i":"anti-theft","$v":"Zādzību novēršana"},{"$i":"anti-theft-info","$v":"Mēs ceram, ka jūs nekad nepazaudēsiet savu tālruni, bet, ja tas notiks, jūs varat aizsargāt savus datus, izmantojot attālās bloķēšanas un dzēšanas funkcijas. Jebkurā laikā atveriet sadaļu Uzstādījumi, lai uzstādītu savu KaiOS kontu."},{"$i":"select-language","$v":"Atlasiet valodu"},{"$i":"language-current","$v":"Pašreizējais"},{"$i":"language-readout-on","$v":"Nolasīšana"},{"$i":"language-readout-off","$v":"Nolasīšana"},{"$i":"readout-rule","$v":"Lai ieslēgtu nolasīšanas režīmu, nospiediet kreiso programmatūras taustiņu."},{"$i":"close-readout","$v":"Nolasīšanas režīms atspējots. Lai ieslēgtu nolasīšanas režīmu, nospiediet kreiso programmatūras taustiņu."},{"$i":"open-readout","$v":["Nolasīšanas režīms iespējots. Atlasiet vienumu Valoda. ",{"t":"idOrVar","v":"selectedLang"},". 1. vienums no ",{"t":"idOrVar","v":"count"},"."]},{"$i":"decline-info","$v":"Lai izmantotu šo ierīci, ir jāakceptē noteikumi un nosacījumi."},{"$i":"kaios-license","$v":"Noteikumi un privātuma politika"},{"$i":"decline","$v":"Atteikt"},{"$i":"privacy-confirm","$v":"Nospiežot vienumu Akceptēt, jūs piekrītat KaiOS licences noteikumiem un konfidencialitātes politikai."},{"$i":"open-url","$v":"ATVĒRT URL"},{"$i":"privacy-terms-short","$v":"Ierīcē piekļūstot KaiOS programmatūrai, pakalpojumiem un programmām un izmantojot tās, jūs piekrītat ievērot KaiOS galalietotāja licences līguma (EULA) nosacījumus un konfidencialitātes noteikumus, kas ir pieejami šeit"},{"$i":"lyf-license","$v":"LYF licences noteikumi"},{"$i":"emergency","$v":"Ārkārtas"},{"$i":"done","$v":"Gatavs"},{"$i":"about-kaios-agree","$v":"Es vēlos palīdzēt, nosūtot analītikas datus."},{"$i":"about-kaios-age","$v":"Es esmu vecāks par 16 gadiem."},{"$i":"about-kaios-ad","$v":"Izmantot manus datus, lai uzlabotu manu reklāmu skatīšanas pieredzi."},{"$i":"deselect","$v":"Noņemt izvēli"},{"$i":"selectKeyboard","$v":"Izvēlēties tastatūru"},{"$i":"more","$v":"Vairāk >"},{"$i":"ellipses-char","$v":"…"},{"$i":"location-access","$v":"Piekļuve atrašanās vietai"},{"$i":"location-content","$v":"Lai noteiktu aptuveno atrašanās vietu, KaiOS izmanto GPS, Wi-Fi un mobilā tīkla datus tuvumā."},{"$i":"deny","$v":"Liegt"},{"$i":"allow","$v":"Atļaut"},{"$i":"always-on-voice","$v":"Vienmēr balss"},{"$i":"aov-p1","$v":"Vai vēlaties konfigurēt funkciju Always On-Voice?"},{"$i":"aov-p2","$v":["Lai sāktu konfigurāciju, noklikšķiniet uz ",{"t":"idOrVar","v":"proceed"},"."]},{"$i":"aov-p3","$v":"Izmantojot funkciju Always On-Voice, varat pielāgot balss palīga Hello Jio darbību un izveidot profilu sev un saviem tuviniekiem."},{"$i":"aov-p4","$v":"Izveidojot balss profilus, balss komandas varat izmantot gan tālruņa vadībai, gan citām darbībām."},{"$i":"aov-later","$v":"Later"},{"$i":"aov-proceed","$v":"Turpināt"},{"$i":"data-connectivity","$v":"Brīdinājuma ziņojums"},{"$i":"data-message","$v":"Sākotnējā viedtālruņa iestatīšanas laikā iestatīšanas vednis var izmantot datus mobilajā tīklā."},{"$i":"qtn-privacy-terms-welcome","$v":"Laipni lūdzam!"},{"$i":"qtn-privacy-policy-description-1","$v":["Paldies, ka izvēlējāties ",{"t":"idOrVar","v":"WDM"},"."]},{"$i":"qtn-privacy-policy-description-2","$v":"HMD Global pakalpojumu un programmu lietošanu jūsu ierīcē regulē HMD Global konfidencialitātes politika, kas ir pieejama vietnē www.nokia.com/mobile-privacy."},{"$i":"qtn-privacy-policy-description-3","$v":["KaiOS programmatūras, pakalpojumu un programmu lietošanu jūsu ierīcē regulē KaiOS EULA un konfidencialitātes noteikumi, kas ir pieejami vietnē ",{"t":"idOrVar","v":"WDM"},"."]},{"$i":"qtn-privacy-policy-description-4","$v":{"$o":"Uzņēmumam KAI & HMD tiks nosūtīta informācija par ierīces aktivizēšanu un vienreizēja informācija par ierīces atrašanās vietu, kā arī unikālā informācija par ierīci un tīklu."}},{"$i":"qtn-privacy-policy-description-5","$v":"Šī informācija tiks izmantota, lai izprastu lietotāju prasības jūsu valstī, nodrošinātu programmatūras atjauninājumus un klientu atbalstu, kā arī aktivizētu pakalpojumus."},{"$i":"qtn-privacy-policy-description-6","$v":"Var tikt iekasēta maksa par datu lietošanu."},{"$i":"qtn-privacy-policy-description-7","$v":"Izmantojot citas funkcijas ierīcē, var tikt parādīti paziņojumi par konfidencialitāti vai citi paziņojumi."},{"$i":"aov-content-readout","$v":"Vai vēlaties konfigurēt funkciju Always On-Voice? Noklikšķiniet uz aov-later=Vēlāk"},{"$i":"software-update","$v":"Programmatūras atjaunināšanas iestatījumi"},{"$i":"wifi-or-mobile-data","$v":"Wi-Fi vai mobilo tīklu"},{"$i":"wlan-or-mobile-data","$v":"Wi-Fi vai mobilais tīkls"},{"$i":"wifi-only","$v":"Tikai Wi-Fi tīklu"},{"$i":"wlan-only","$v":"Tikai Wi-Fi"},{"$i":"software-update-tips","$v":"Lejupielādējot mobilajā tīklā, var tikt piemērotas papildmaksas."}]