[{"$i":"wifi","$v":"Selectați o rețea"},{"$i":"ssid","$v":"SSID"},{"$i":"no-wifi-found","$v":"Nicio rețea disponibilă"},{"$i":"wifi-searching","$v":"Căutare rețele…"},{"$i":"security-open","$v":"Deschis"},{"$i":"shortStatus-connecting","$v":"În curs de conectare..."},{"$i":"shortStatus-associated","$v":"Obține o adresă IP…"},{"$i":"shortStatus-authenticating","$v":"În curs de autentificare…"},{"$i":"shortStatus-connected","$v":"Conectat"},{"$i":"shortStatus-associationreject","$v":"Conectare nereușită"},{"$i":"shortStatus-disconnected","$v":"Offline"},{"$i":"shortStatus-connected-no-internet","$v":"Conectat, fără conexiune de internet"},{"$i":"shortStatus-dhcpfailed","$v":"IP nereușit"},{"$i":"shortStatus-authenticationfailed","$v":"Parolă incorectă"},{"$i":"securityWEP","$v":"WEP"},{"$i":"securityWPA-PSK","$v":"WPA-PSK"},{"$i":"securityWPA-EAP","$v":"WPA-EAP"},{"$i":"securityWPA2-PSK","$v":"WPA2-PSK"},{"$i":"securityWPA/WPA2-PSK","$v":"WPA/WPA2-PSK"},{"$i":"securedBy","$v":[{"t":"idOrVar","v":"capabilities"}]},{"$i":"securedByWay","$v":["Securizat de ",{"t":"idOrVar","v":"capabilities"}]},{"$i":"security","$v":"Siguranță"},{"$i":"signalStrength","$v":"Putere semnal"},{"$i":"signalLevel0","$v":"Foarte slab"},{"$i":"signalLevel1","$v":"Slab"},{"$i":"signalLevel2","$v":"Medie"},{"$i":"signalLevel3","$v":"Bun"},{"$i":"signalLevel4","$v":"Foarte bun"},{"$i":"ipAddress","$v":"Adresă IP"},{"$i":"linkSpeed","$v":"Viteză link"},{"$i":"linkSpeedMbs","$v":[{"t":"idOrVar","v":"linkSpeed"}," Mbit/s"]},{"$i":"wifi-rescan","$v":"Rescanare"},{"$i":"wifi-join-fail","$v":["Imposibil să vă alăturați rețelei ",{"t":"idOrVar","v":"n"},"."]},{"$i":"wifi-connect-fail","$v":["Parolă incorectă pentru ",{"t":"idOrVar","v":"n"},"."]},{"$i":"wifi-connect-fail-username-or-password","$v":["Nume de utilizator sau parolă incorectă pentru ",{"t":"idOrVar","v":"n"},"."]},{"$i":"wifi-ip-set-fail","$v":"Setări IP nereușite."},{"$i":"wifi-pw-length-error","$v":"Lung. parolei trebuie să fie de cel puțin 8 caractere."},{"$i":"password","$v":"Parolă"},{"$i":"showPassword","$v":"Afișare parolă"},{"$i":"connect","$v":"Conectare"},{"$i":"rescanCompleted","$v":"Rescan finalizat."},{"$i":"eap-method","$v":"Metoda EAP"},{"$i":"phase-authentication","$v":"Autentificare faza 2"},{"$i":"server-certificate","$v":"Certificat server"},{"$i":"username","$v":"Nume de utilizator"},{"$i":"eap-sim","$v":"SIM"},{"$i":"eap-aka","$v":"AKA"},{"$i":"eap-peap","$v":"PEAP"},{"$i":"eap-ttls","$v":"TTLS"},{"$i":"eap-akae","$v":"AKA'"},{"$i":"sim1","$v":"SIM1"},{"$i":"sim2","$v":"SIM2"},{"$i":"auth-with","$v":"Autentificare cu"},{"$i":"sim-carrier-text","$v":["SIM",{"t":"idOrVar","v":"index"}," — ",{"t":"idOrVar","v":"carrierName"}]},{"$i":"auth-phase2-no","$v":"Nu"},{"$i":"auth-phase2-pap","$v":"PAP"},{"$i":"auth-phase2-mschap","$v":"MSCHAP"},{"$i":"auth-phase2-mschapv2","$v":"MSCHAP V2"},{"$i":"auth-phase2-gtc","$v":"GTC"},{"$i":"server-certificate-none","$v":"--"},{"$i":"failedToConnect","$v":"Conectare nereușită"},{"$i":"select","$v":"Selectare"},{"$i":"skip","$v":"Ignorare"},{"$i":"next","$v":"Înainte"},{"$i":"accept","$v":"Acceptare"},{"$i":"cancel","$v":"Anulare"},{"$i":"ok","$v":"OK"},{"$i":"notNow","$v":"Nu acum"},{"$i":"forget","$v":"Uita"},{"$i":"confirmation","$v":"Confirmare"},{"$i":"forget-network","$v":"Ați uitat rețeaua?"},{"$i":"network-forgotten","$v":"Rețea uitată."},{"$i":"hfa","$v":"HFA"},{"$i":"setup-phone-verification","$v":"Verificare telefon"},{"$i":"phone-verification-entry-message","$v":"Configurați un cont verificând numărul pentru a accesa magazinul și serviciile suplimentare."},{"$i":"phone-verification-skip-message","$v":"Verificarea telefonului dvs. este incompletă. Puteți verifica mai târziu în Setări > Cont. Verificarea este necesară pentru a accesa Magazinul și serviciile suplimentare."},{"$i":"anti-theft","$v":"Anti-furt"},{"$i":"anti-theft-info","$v":"Sperăm să nu vă pierdeți niciodată telefonul, dar dacă o faceți, vă puteți proteja datele cu funcțiile de blocare și ștergere de la distanță. Când sunteți gata, accesați Setări pentru a vă configura contul KaiOS."},{"$i":"select-language","$v":"Selectați limba"},{"$i":"language-current","$v":"Actual"},{"$i":"language-readout-on","$v":"Citire"},{"$i":"language-readout-off","$v":"Citire"},{"$i":"readout-rule","$v":"Pentru a porni modul Citire, apasă tasta software din stânga."},{"$i":"close-readout","$v":"Mod Citire dezactivat. Pentru a porni modul Citire, apasă tasta software din stânga."},{"$i":"open-readout","$v":["Mod Citire activat. Selectează limba. ",{"t":"idOrVar","v":"selectedLang"},". Articolul 1 din ",{"t":"idOrVar","v":"count"},"."]},{"$i":"decline-info","$v":"Acceptarea termenilor și condițiilor este necesară pentru a utiliza acest aparat."},{"$i":"kaios-license","$v":"Termeni și Politică de confidențialitate"},{"$i":"decline","$v":"Refuz"},{"$i":"privacy-confirm","$v":"Apăsând Acceptare, ești de acord cu termenii de licență și politica privind confidențialitatea KaiOS."},{"$i":"open-url","$v":"DESCHIDERE URL"},{"$i":"privacy-terms-short","$v":"Accesând și utilizând software-ul, serviciile și aplicațiile KaiOS pe aparat, accepți și ești de acord să respecți termenii CLUF și confidențialitatea KaiOS, care se regăsesc aici"},{"$i":"lyf-license","$v":"Termeni licență LYF"},{"$i":"emergency","$v":"Urgență"},{"$i":"done","$v":"Efectuat"},{"$i":"about-kaios-agree","$v":"Vreau să vă ajut prin trimiterea datelor de analiză."},{"$i":"about-kaios-age","$v":"Sunt peste 16 ani."},{"$i":"about-kaios-ad","$v":"Utilizați datele mele pentru a-mi îmbunătăți experiența de publicitate."},{"$i":"deselect","$v":"Deselectați"},{"$i":"selectKeyboard","$v":"Selectați tastatura"},{"$i":"more","$v":"Mai multe >"},{"$i":"ellipses-char","$v":"…"},{"$i":"location-access","$v":"Acces la locație"},{"$i":"location-content","$v":"KaiOS utilizează date cum ar fi GPS, Wi-Fi și rețeaua mobilă din apropierea dvs. pentru a ajuta la determinarea poziției dvs. aproximative."},{"$i":"deny","$v":"Interzicere"},{"$i":"allow","$v":"Permitere"},{"$i":"always-on-voice","$v":"Întotdeauna pe voce"},{"$i":"aov-p1","$v":"Doriți să configurați Always On-Voice?"},{"$i":"aov-p2","$v":["Apăsați pe ",{"t":"idOrVar","v":"proceed"}," pentru a începe configurarea."]},{"$i":"aov-p3","$v":"Always On-Voice vă permite să lucrați cu asistentul dvs. vocal „Bună Jio” prin crearea unui profil pentru dvs. și apropiații dvs."},{"$i":"aov-p4","$v":"Profilurile de voce vă permit să controlați telefonul și să utilizați alte funcții prin comenzi vocale."},{"$i":"aov-later","$v":"Later"},{"$i":"aov-proceed","$v":"Începeți"},{"$i":"data-connectivity","$v":"Mesaj de avertizare"},{"$i":"data-message","$v":"Asistentul de configurare va utiliza datele din rețeaua mobilă în timpul configurării inițiale a telefonului mobil."},{"$i":"qtn-privacy-terms-welcome","$v":"Bun venit"},{"$i":"qtn-privacy-policy-description-1","$v":["Vă mulțumim că ați ales ",{"t":"idOrVar","v":"WDM"},"."]},{"$i":"qtn-privacy-policy-description-2","$v":"Utilizarea serviciilor și aplicațiilor HMD Global pe dispozitiv este reglementată de politica HMD Global privind confidențialitatea, disponibilă pe www.nokia.com/mobile-privacy."},{"$i":"qtn-privacy-policy-description-3","$v":["Utilizarea aplicației software, serviciilor și aplicațiilor KaiOS pe dispozitiv este reglementată de termenii CLUF și privind confidențialitatea KaiOS, disponibili pe ",{"t":"idOrVar","v":"WDM"},"."]},{"$i":"qtn-privacy-policy-description-4","$v":{"$o":"Informațiile privind activarea dispozitivului cu locația unică a dispozitivului împreună cu informațiile privind dispozitivul dvs. unic și rețeaua se vor trimite la KAI & HMD."}},{"$i":"qtn-privacy-policy-description-5","$v":"Aceste informații ne permit să satisfacem mai bine cererea din țara dvs., să furnizăm actualizări de software, asistență clienți și să activăm servicii."},{"$i":"qtn-privacy-policy-description-6","$v":"Se pot aplica tarife suplimentare pe date."},{"$i":"qtn-privacy-policy-description-7","$v":"Notificările privind confidențialitatea sau alte notificări pot fi furnizate când utilizați diverse funcții ale dispozitivului."},{"$i":"aov-content-readout","$v":"Doriți să configurați Always On-Voice? Apăsați pe aov-later=Mai târziu"},{"$i":"software-update","$v":"Setări actualizare software"},{"$i":"wifi-or-mobile-data","$v":"Wi-Fi sau rețea mobilă"},{"$i":"wlan-or-mobile-data","$v":"Wi-Fi sau rețea mobilă"},{"$i":"wifi-only","$v":"Numai Wi-Fi"},{"$i":"wlan-only","$v":"Numai Wi-Fi"},{"$i":"software-update-tips","$v":"Atunci când descărcați prin rețeaua mobilă, se pot aplica taxe suplimentare."}]