[{"$i":"wifi","$v":"Pilih Rangkaian"},{"$i":"ssid","$v":"SSID"},{"$i":"no-wifi-found","$v":"Tiada rangkaian tersedia"},{"$i":"wifi-searching","$v":"Mencari rangkaian…"},{"$i":"security-open","$v":"Buka"},{"$i":"shortStatus-connecting","$v":"Menyambung…"},{"$i":"shortStatus-associated","$v":"Mendapatkan alamat IP…"},{"$i":"shortStatus-authenticating","$v":"Mengesahkan…"},{"$i":"shortStatus-connected","$v":"Disambungkan"},{"$i":"shortStatus-associationreject","$v":"Sambungan gagal"},{"$i":"shortStatus-disconnected","$v":"Luar talian"},{"$i":"shortStatus-connected-no-internet","$v":"Disambungkan, tiada internet"},{"$i":"shortStatus-dhcpfailed","$v":"IP gagal"},{"$i":"shortStatus-authenticationfailed","$v":"Kata laluan salah"},{"$i":"securityWEP","$v":"WEP"},{"$i":"securityWPA-PSK","$v":"WPA-PSK"},{"$i":"securityWPA-EAP","$v":"WPA-EAP"},{"$i":"securityWPA2-PSK","$v":"WPA2-PSK"},{"$i":"securityWPA/WPA2-PSK","$v":"WPA/WPA2-PSK"},{"$i":"securedBy","$v":[{"t":"idOrVar","v":"capabilities"}]},{"$i":"securedByWay","$v":["Dijamin oleh ",{"t":"idOrVar","v":"capabilities"}]},{"$i":"security","$v":"Keselamatan"},{"$i":"signalStrength","$v":"Kekuatan isyarat"},{"$i":"signalLevel0","$v":"Sangat lemah"},{"$i":"signalLevel1","$v":"Lemah"},{"$i":"signalLevel2","$v":"Purata"},{"$i":"signalLevel3","$v":"Baik"},{"$i":"signalLevel4","$v":"Sangat baik"},{"$i":"ipAddress","$v":"Alamat IP"},{"$i":"linkSpeed","$v":"Kelajuan pautan"},{"$i":"linkSpeedMbs","$v":[{"t":"idOrVar","v":"linkSpeed"}," Mbit/s"]},{"$i":"wifi-rescan","$v":"Imbas semula"},{"$i":"wifi-join-fail","$v":["Tidak dapat menyertai rangkaian ",{"t":"idOrVar","v":"n"},"."]},{"$i":"wifi-connect-fail","$v":["Kata laluan salah untuk ",{"t":"idOrVar","v":"n"},"."]},{"$i":"wifi-connect-fail-username-or-password","$v":["Nama pengguna atau kata laluan tidak betul untuk ",{"t":"idOrVar","v":"n"},"."]},{"$i":"wifi-ip-set-fail","$v":"Tetapan IP gagal."},{"$i":"wifi-pw-length-error","$v":"Panjang kata laluan mestilah lebih daripada 8 aksara."},{"$i":"password","$v":"Kata laluan"},{"$i":"showPassword","$v":"Tunjukkan Kata Laluan"},{"$i":"connect","$v":"Sambung"},{"$i":"rescanCompleted","$v":"Imbas semula lengkap."},{"$i":"eap-method","$v":"Kaedah EAP"},{"$i":"phase-authentication","$v":"Pengesahan Fasa 2"},{"$i":"server-certificate","$v":"Sijil Pelayan"},{"$i":"username","$v":"Nama Pengguna"},{"$i":"eap-sim","$v":"SIM"},{"$i":"eap-aka","$v":"AKA"},{"$i":"eap-peap","$v":"PEAP"},{"$i":"eap-ttls","$v":"TTLS"},{"$i":"eap-akae","$v":"AKA'"},{"$i":"sim1","$v":"SIM1"},{"$i":"sim2","$v":"SIM2"},{"$i":"auth-with","$v":"Sahkan dengan"},{"$i":"sim-carrier-text","$v":["SIM",{"t":"idOrVar","v":"index"}," - ",{"t":"idOrVar","v":"carrierName"}]},{"$i":"auth-phase2-no","$v":"Tidak"},{"$i":"auth-phase2-pap","$v":"PAP"},{"$i":"auth-phase2-mschap","$v":"MSCHAP"},{"$i":"auth-phase2-mschapv2","$v":"MSCHAP V2"},{"$i":"auth-phase2-gtc","$v":"GTC"},{"$i":"server-certificate-none","$v":"--"},{"$i":"failedToConnect","$v":"Gagal Menyambung"},{"$i":"select","$v":"Pilih"},{"$i":"skip","$v":"Langkau"},{"$i":"next","$v":"Seterusnya"},{"$i":"accept","$v":"Terima"},{"$i":"cancel","$v":"Batal"},{"$i":"ok","$v":"OK"},{"$i":"notNow","$v":"Bukan sekarang"},{"$i":"forget","$v":"Lupakan"},{"$i":"confirmation","$v":"Pengesahan"},{"$i":"forget-network","$v":"Lupakan rangkaian?"},{"$i":"network-forgotten","$v":"Rangkaian dilupakan."},{"$i":"hfa","$v":"HFA"},{"$i":"setup-phone-verification","$v":"Pengesahan Telefon"},{"$i":"phone-verification-entry-message","$v":"Sediakan akaun dengan mengesahkan nombor anda untuk mengakses kedai dan perkhidmatan tambahan."},{"$i":"phone-verification-skip-message","$v":"Pengesahan telefon anda tidak lengkap. Anda boleh mengesahkan kemudian dalam Tetapan>Akaun. Pengesahan diperlukan untuk mengakses Kedai dan Perkhidmatan tambahan."},{"$i":"anti-theft","$v":"Antikecurian"},{"$i":"anti-theft-info","$v":"Kami berharap anda tidak akan pernah kehilangan telefon, tetapi jika perkara itu berlaku, anda boleh melindungi data anda menggunakan ciri kunci dan sapu secara jauh kami. Apabila anda sudah bersedia, pergi ke Tetapan dan sediakan akaun KaiOS anda."},{"$i":"select-language","$v":"Pilih Bahasa"},{"$i":"language-current","$v":"Semasa"},{"$i":"language-readout-on","$v":"Bacaan"},{"$i":"language-readout-off","$v":"Bacaan"},{"$i":"readout-rule","$v":"Untuk menghidupkan mod Pembacaan, sila tekan kekunci perisian kiri."},{"$i":"close-readout","$v":"Mod pembacaan dinyahdayakan. Untuk menghidupkan mod Pembacaan, sila tekan kekunci perisian kiri."},{"$i":"open-readout","$v":["Mod pembacaan didayakan. Pilih Bahasa. ",{"t":"idOrVar","v":"selectedLang"},". Item 1 daripada ",{"t":"idOrVar","v":"count"},"."]},{"$i":"decline-info","$v":"Penerimaan Terma Lesen dan Dasar Privasi KaiOS adalah diperlukan untuk menggunakan peranti ini."},{"$i":"kaios-license","$v":"Terma Lesen dan Dasar Privasi"},{"$i":"decline","$v":"Tolak"},{"$i":"privacy-confirm","$v":"Dengan menekan Terima anda bersetuju dengan Terma Lesen dan Dasar Privasi KaiOS."},{"$i":"open-url","$v":"BUKA URL"},{"$i":"privacy-terms-short","$v":"Dengan mengakses dan menggunakan perisian KaiOS, perkhidmatan, dan aplikasi dalam peranti anda, anda menerima dan bersetuju untuk mematuhi Terma EULA dan Privasi KaiOS, yang boleh didapati di sini"},{"$i":"lyf-license","$v":"Terma Lesen LYF"},{"$i":"emergency","$v":"Kecemasan"},{"$i":"done","$v":"Selesai"},{"$i":"about-kaios-agree","$v":"Saya mahu membantu dengan menghantar data analitik."},{"$i":"about-kaios-age","$v":"Saya berumur lebih 16 tahun."},{"$i":"about-kaios-ad","$v":"Gunakan data saya untuk meningkatkan pengalaman pengiklanan saya."},{"$i":"deselect","$v":"Nyahpilih"},{"$i":"selectKeyboard","$v":"Pilih Papan Kekunci"},{"$i":"more","$v":"Lagi >"},{"$i":"ellipses-char","$v":"…"},{"$i":"location-access","$v":"Akses Lokasi"},{"$i":"location-content","$v":"KaiOS menggunakan data seperti GPS, Wi-Fi dan rangkaian mudah alih berdekatan anda untuk membantu menentukan anggaran kedudukan anda."},{"$i":"deny","$v":"Nafi"},{"$i":"allow","$v":"Benarkan"},{"$i":"always-on-voice","$v":"Suara Sentiasa Dihidupkan"},{"$i":"aov-p1","$v":"Adakah anda mahu mengkonfigurasi Always On-Voice?"},{"$i":"aov-p2","$v":["Klik pada ",{"t":"idOrVar","v":"proceed"}," untuk memulakan konfigurasi."]},{"$i":"aov-p3","$v":"Always On-Voice membolehkan anda bekerja dengan pembantu suara anda 'Helo Jio' dengan mencipta profil untuk anda dan orang tersayang anda."},{"$i":"aov-p4","$v":"Profil suara ini akan membolehkan anda mengawal telefon dan melakukan fungsi lain dengan perintah suara."},{"$i":"aov-later","$v":"Later"},{"$i":"aov-proceed","$v":"Teruskan"},{"$i":"data-connectivity","$v":"Mesej Amaran"},{"$i":"data-message","$v":"Bestari persediaan boleh menggunakan data ke atas rangkaian mudah alih semasa persediaan awal telefon pintar."},{"$i":"qtn-privacy-terms-welcome","$v":"Selamat datang"},{"$i":"qtn-privacy-policy-description-1","$v":["Terima kasih kerana memilih ",{"t":"idOrVar","v":"WDM"},"."]},{"$i":"qtn-privacy-policy-description-2","$v":"Penggunaan perkhidmatan dan aplikasi HMD Global dalam peranti anda dikawal oleh Dasar Privasi HMD Global, yang tersedia di www.nokia.com/mobile-privacy."},{"$i":"qtn-privacy-policy-description-3","$v":["Anda menggunakan perisian, perkhidmatan dan aplikasi KaiOS dalam peranti anda yang ditentukan oleh EULA dan Terma Privasi KaiOS, boleh didapati di ",{"t":"idOrVar","v":"WDM"},"."]},{"$i":"qtn-privacy-policy-description-4","$v":{"$o":"Maklumat pengaktifan peranti dengan lokasi peranti sekali bersama dengan peranti unik dan maklumat rangkaian akan dihantar ke KAI & HMD."}},{"$i":"qtn-privacy-policy-description-5","$v":"Maklumat ini membolehkan kami memenuhi permintaan di negara anda, memberikan kemas kini SW, khidmat sokongan pelanggan dan mengaktifkan perkhidmatan dengan lebih baik."},{"$i":"qtn-privacy-policy-description-6","$v":"Caj data mungkin dikenakan."},{"$i":"qtn-privacy-policy-description-7","$v":"Privasi atau notis lain mungkin diberikan apabila anda menggunakan ciri-ciri peranti anda yang berlainan."},{"$i":"aov-content-readout","$v":"Adakah anda mahu mengkonfigurasi Always On-Voice? Klik pada aov-later=Kemudian"},{"$i":"software-update","$v":"Tetapan Kemas Kinian Perisian"},{"$i":"wifi-or-mobile-data","$v":"Wi-Fi atau rangkaian mudah alih"},{"$i":"wlan-or-mobile-data","$v":"Wi-Fi atau rangkaian mudah alih"},{"$i":"wifi-only","$v":"Wi-Fi sahaja"},{"$i":"wlan-only","$v":"Wi-Fi sahaja"},{"$i":"software-update-tips","$v":"Apabila memuat turun melalui rangkaian mudah alih, caj tambahan mungkin dikenakan."}]