[{"$i":"wifi","$v":"नेटवर्क चयन गर्नुहोस्"},{"$i":"ssid","$v":"SSID"},{"$i":"no-wifi-found","$v":"कुनै उपलब्ध नेटवर्कहरू छैनन्"},{"$i":"wifi-searching","$v":"नेटवर्कहरू खोज्दै..."},{"$i":"security-open","$v":"खोल्नुहोस्"},{"$i":"shortStatus-connecting","$v":"जडान हुँदैछ..."},{"$i":"shortStatus-associated","$v":"IP ठेगाना प्राप्त गर्दै..."},{"$i":"shortStatus-authenticating","$v":"प्रमाणित गर्दै..."},{"$i":"shortStatus-connected","$v":"जडान गरिएको"},{"$i":"shortStatus-associationreject","$v":"जडान असफल भयो"},{"$i":"shortStatus-disconnected","$v":"अफलाइन"},{"$i":"shortStatus-connected-no-internet","$v":"जडान भयो, इन्टरनेट छैन"},{"$i":"shortStatus-dhcpfailed","$v":"IP असफल भयो"},{"$i":"shortStatus-authenticationfailed","$v":"गलत पासवर्ड"},{"$i":"securityWEP","$v":"WEP"},{"$i":"securityWPA-PSK","$v":"WPA-PSK"},{"$i":"securityWPA-EAP","$v":"WPA-EAP"},{"$i":"securityWPA2-PSK","$v":"WPA2-PSK"},{"$i":"securityWPA/WPA2-PSK","$v":"WPA/WPA2-PSK"},{"$i":"securedBy","$v":[{"t":"idOrVar","v":"capabilities"}]},{"$i":"securedByWay","$v":[{"t":"idOrVar","v":"capabilities"}," द्वारा सुरक्षित"]},{"$i":"security","$v":"सुरक्षा"},{"$i":"signalStrength","$v":"सिग्नलको क्षमता"},{"$i":"signalLevel0","$v":"एकदमै कमजोर"},{"$i":"signalLevel1","$v":"कमजोर"},{"$i":"signalLevel2","$v":"औसत"},{"$i":"signalLevel3","$v":"राम्रो"},{"$i":"signalLevel4","$v":"धेरै राम्रो"},{"$i":"ipAddress","$v":"IP ठेगाना"},{"$i":"linkSpeed","$v":"लिङ्क गति"},{"$i":"linkSpeedMbs","$v":[{"t":"idOrVar","v":"linkSpeed"}," Mbit/s"]},{"$i":"wifi-rescan","$v":"पुन: स्क्यान गर्नुहोस्"},{"$i":"wifi-join-fail","$v":["नेटवर्क ",{"t":"idOrVar","v":"n"}," मा सहभागी हुन सकेन।"]},{"$i":"wifi-connect-fail","$v":[{"t":"idOrVar","v":"n"},"को लागि गलत पासवर्ड।"]},{"$i":"wifi-connect-fail-username-or-password","$v":[{"t":"idOrVar","v":"n"}," को लागि गलत प्रयोगकर्तानाम वा पासवर्ड।"]},{"$i":"wifi-ip-set-fail","$v":"IP सेटिङहरू असफल भयो।"},{"$i":"wifi-pw-length-error","$v":"पासवर्ड 8 वर्णहरूभन्दा बढीको हुन्छ।"},{"$i":"password","$v":"पासवर्ड"},{"$i":"showPassword","$v":"पासवर्ड देखाउनु"},{"$i":"connect","$v":"जडान गर्नुहोस्"},{"$i":"rescanCompleted","$v":"पुन: स्क्यान पूरा भयो।"},{"$i":"eap-method","$v":"EAP विधि"},{"$i":"phase-authentication","$v":"चरण 2 प्रमाणीकरण"},{"$i":"server-certificate","$v":"सर्भर प्रमाणपत्र"},{"$i":"username","$v":"एक-पटके पाठ सन्देश"},{"$i":"eap-sim","$v":"SIM"},{"$i":"eap-aka","$v":"AKA"},{"$i":"eap-peap","$v":"PEAP"},{"$i":"eap-ttls","$v":"TTLS"},{"$i":"eap-akae","$v":"ए.के.ए’"},{"$i":"sim1","$v":"सिम१"},{"$i":"sim2","$v":"सिम२"},{"$i":"auth-with","$v":"यससँग प्रमाणित गर्नुहोस्"},{"$i":"sim-carrier-text","$v":["सिम",{"t":"idOrVar","v":"index"}," - ",{"t":"idOrVar","v":"carrierName"}]},{"$i":"auth-phase2-no","$v":"होइन"},{"$i":"auth-phase2-pap","$v":"PAP"},{"$i":"auth-phase2-mschap","$v":"MSCHAP"},{"$i":"auth-phase2-mschapv2","$v":"MSCHAP V2"},{"$i":"auth-phase2-gtc","$v":"GTC"},{"$i":"server-certificate-none","$v":"--"},{"$i":"failedToConnect","$v":"जडान गर्न असफल भयो"},{"$i":"select","$v":"चयन गर्नुहोस्"},{"$i":"skip","$v":"छोड्नुहोस्"},{"$i":"next","$v":"अर्को"},{"$i":"accept","$v":"स्वीकार्नुहोस्"},{"$i":"cancel","$v":"रद्द गर्नुहोस्"},{"$i":"ok","$v":"ठीक छ"},{"$i":"notNow","$v":"अहिले होईन"},{"$i":"forget","$v":"बिर्सनुहोस्"},{"$i":"confirmation","$v":"पुष्टिकरण"},{"$i":"forget-network","$v":"सञ्जाललाई बिर्सिने?"},{"$i":"network-forgotten","$v":"नेटवर्क भुलियो।"},{"$i":"hfa","$v":"HFA"},{"$i":"setup-phone-verification","$v":"फोनको प्रमाणीकरण"},{"$i":"phone-verification-entry-message","$v":"पसल र थप सेवाहरूमा पहुँच गर्नको लागि आफ्नो नम्बर प्रमाणित गरेर खाता सेटअप गर्नुहोस्।"},{"$i":"phone-verification-skip-message","$v":"तपाईंको फोन नम्बर प्रमाणीकरण अपूर्ण छ। तपाईंले पछि सेटिङहरू>खातामा प्रमाणित गर्न सक्नुहुन्। पसल र थप सेवाहरूमा पहुँच गर्नको लागि प्रमाणीकरण आवश्यक हुन्छ।"},{"$i":"anti-theft","$v":"विरोधी-चोर"},{"$i":"anti-theft-info","$v":"हामी तपाईंले आफ्नो फोन कहिल्यै पनि गुमाउनुहुन्न भन्ने आशा गर्छौं तर तपाईंले गुमाउनुहुन्छ भने हाम्रो रिमोट लक तथा वाइप सुविधाहरू मार्फत आफ्नो डेटा सुरक्षित गर्न सक्नुहुन्छ। तपाईं तयार हुँदा आफ्नो KaiOS खाता सेट अप गर्नको लागि सेटिङहरू तर्फ जानुहोस्।"},{"$i":"select-language","$v":"भाषा चयन गर्नुहोस्"},{"$i":"language-current","$v":"हालको"},{"$i":"language-readout-on","$v":"रिडआउट"},{"$i":"language-readout-off","$v":"रिडआउट"},{"$i":"readout-rule","$v":"रिडआउट मोड खोल्न, कृपया बाँया सफ्टवेयर किई थिच्नुहोस्।"},{"$i":"close-readout","$v":"रिडआउट मोड निस्क्रिय भयो। रिडआउट मोड खोल्न, कृपया बाँया सफ्टवेयर किई थिच्नुहोस्।"},{"$i":"open-readout","$v":["रिडआउट मोड सक्रिय भयो। भाषा छनौट गर्नुस। ",{"t":"idOrVar","v":"selectedLang"},"। ",{"t":"idOrVar","v":"count"},"को सामग्री १।"]},{"$i":"decline-info","$v":"यो यन्त्र प्रयोग गर्नका लागि काई ओ.एस का इजाजतपत्रका सर्तहरू गोपनीयता नीतिमा स्वीकृति जनाउन आवश्यक पर्छ।"},{"$i":"kaios-license","$v":"काई ओस. इजाजतपत्रका सर्तहरू र गोपनीयता नीति"},{"$i":"decline","$v":"अस्वीकार गर्नुहोस्"},{"$i":"privacy-confirm","$v":"स्वीकार गर्नुहोस् बटनमा ट्याप गरेर तपाईं काई ओस. का सर्तहरू र गोपनीयता नीतिमा सहमति जनाउनुहुन्छ।"},{"$i":"open-url","$v":"यू.आर.एल खोल्नुहोस्"},{"$i":"privacy-terms-short","$v":"तपाईंको उपकरणमा KaiOS सफ्टवेयर, सेवाहरू, र एप्लिकेशनहरू पहुँच गरेर र प्रयोग गरेर, KaiOS EULA र गोपनीयता सर्तहरू पालन गर्न तपाईं स्वीकार तथा सहमत हुनुहुन्छ, जुन यहाँ पाउन सकिन्छ।"},{"$i":"lyf-license","$v":"LYF इजाजतपत्रका सर्तहरू"},{"$i":"emergency","$v":"आपतकालीन"},{"$i":"done","$v":"भयो"},{"$i":"about-kaios-agree","$v":"मैले विश्लेषण डाटा पठाएर मद्दत गर्न चाहन्छु।"},{"$i":"about-kaios-age","$v":"म 16 वर्ष भन्दा माथि उमेरको छु।"},{"$i":"about-kaios-ad","$v":"मेरो विज्ञापन अनुभवलाई सुधार गर्न मेरो डाटा प्रयोग गर्नुहोस्।"},{"$i":"deselect","$v":"चयन हटाउनुहोस्"},{"$i":"selectKeyboard","$v":"कुञ्जीपाटी चयन गर्नुहोस्"},{"$i":"more","$v":"थप >"},{"$i":"ellipses-char","$v":"…"},{"$i":"location-access","$v":"स्थानको पहुँच"},{"$i":"location-content","$v":"KaiOS uses data such as GPS, Wi-Fi and mobile network near you to help determine your approximate position."},{"$i":"deny","$v":"अस्वीकार गर्नुहोस्"},{"$i":"allow","$v":"अनुमति दिनुहोस्"},{"$i":"always-on-voice","$v":"सधैँ अन-भ्वाइस"},{"$i":"aov-p1","$v":"के तपाईँ सधैँ भ्वाइसमा कन्फिगर गर्न चाहनुहुन्छ?"},{"$i":"aov-p2","$v":["कन्फिगरेसन सुरु गर्न ",{"t":"idOrVar","v":"proceed"}," मा क्लिक गर्नुहोस्।"]},{"$i":"aov-p3","$v":"सधैँ भ्वाइसमाले तपाईँलाई आफू र आफ्ना नजिकका व्यक्तिहरूका लागि प्रोफाइल सिर्जना गरेर आफ्नो भ्वाइस असिस्टेन्ट 'हेल्लो जियो' सँग काम गर्न दिन्छ।"},{"$i":"aov-p4","$v":"यी भ्वाइस प्रोफाइलहरूले तपाईँलाई भ्वाइस आदेशहरूको साथमा आफ्नो फोन नियन्त्रण गर्न र अन्य प्रकार्यहरू गर्न अनुमति दिनेछ।"},{"$i":"aov-later","$v":"पछि"},{"$i":"aov-proceed","$v":"अघि बढ्नुहोस्"},{"$i":"data-connectivity","$v":"चेतावनी सन्देश"},{"$i":"data-message","$v":"सेटअप विजार्डले स्मार्टफोनको सुरुवाती सेटअपमा मोबाइल नेटवर्कको हुनसक्ने डाटा प्रयोग गर्नेछ l"},{"$i":"qtn-privacy-terms-welcome","$v":"स्वागतम"},{"$i":"qtn-privacy-policy-description-1","$v":[{"t":"idOrVar","v":"WDM"},"को छनोट गर्नुभएको धन्यवाद।"]},{"$i":"qtn-privacy-policy-description-2","$v":"तपाईको HMD Globalका सेवा र उपयोगहरुको प्रयोगहरुलाई HMD Global Privacy Policyद्वारा निर्देशित गरिएका छन्, जुन www.nokia.com/mobile-privacyमा उपलब्ध छन्।. "},{"$i":"qtn-privacy-policy-description-3","$v":"तपाईंको यन्त्रमा KaiOS सफ्टवेयर, सेवाहरू र अनुप्रयोगहरू तपाईंको प्रयोग KaiOS EULA र गोपनीयता सर्तहरू द्वारा नियन्त्रित छ,% U मा उपलब्ध।"},{"$i":"qtn-privacy-policy-description-4","$v":{"$o":"तपाईंको एक-समयको उपकरणको ठेगाना सहित तपाईंकै विशेष उपकरण र नेटवर्कका जानकारीहरु समाविष्ट गरिएका त्यस्ता जानकारीहरु, जुन तपाईंको उपकरणलाई सक्रिय बनाउँदा आउँछन्, ती KAI & HMD लाई पुर्﻿याइने छ।"}},{"$i":"qtn-privacy-policy-description-5","$v":"यो जानकारीले हामीलाई तपाईंको देशमा अझ राम्ररी माग पुरा गर्न, सफ्टवेयर अपडेटहरु पठाउन, ग्राहक सेवाहरु दिन र सेवाहरु चालु गर्न सक्षम बनाउँछ।"},{"$i":"qtn-privacy-policy-description-6","$v":"डाटा शुल्कहरु लाग्न सक्छन्।"},{"$i":"qtn-privacy-policy-description-7","$v":"यस उपकरणका विभिन्न विशेषताहरुको प्रयोग गर्नु भएको खण्डमा तपाईंलाई गोपनीयता र अरु जानकारीहरु प्रदान हुन सक्नेछ।"},{"$i":"aov-content-readout","$v":"के तपाईँ सधैँ भ्वाइसमा कन्फिगर गर्न चाहनुहुन्छ? \\ मा क्लिक गर्नुहोस्"},{"$i":"software-update","$v":"सफ्टवेयर अद्यावधिक सेटिङहरू"},{"$i":"wifi-or-mobile-data","$v":"वाइ-फाइ वा मोबाइल सञ्जाल"},{"$i":"wlan-or-mobile-data","$v":"Wi-Fi or mobile network"},{"$i":"wifi-only","$v":"वाइ-फाइ मात्र"},{"$i":"wlan-only","$v":"Wi-Fi only"},{"$i":"software-update-tips","$v":"मोबाइल नेटवर्कमार्फत डाउनलोड गर्दा, अतिरिक्त शुल्क लागू हुन सक्छ।"}]