[{"$i":"wifi","$v":"Selecteer een netwerk"},{"$i":"ssid","$v":"SSID"},{"$i":"no-wifi-found","$v":"Geen beschikbare netwerken"},{"$i":"wifi-searching","$v":"Netwerken zoeken..."},{"$i":"security-open","$v":"Openen"},{"$i":"shortStatus-connecting","$v":"Verbinding maken..."},{"$i":"shortStatus-associated","$v":"Een IP-adres ophalen..."},{"$i":"shortStatus-authenticating","$v":"Verifiëren..."},{"$i":"shortStatus-connected","$v":"Verbonden"},{"$i":"shortStatus-associationreject","$v":"Verbinding mislukt"},{"$i":"shortStatus-disconnected","$v":"Offline"},{"$i":"shortStatus-connected-no-internet","$v":"Verbonden, geen internet"},{"$i":"shortStatus-dhcpfailed","$v":"IP mislukt"},{"$i":"shortStatus-authenticationfailed","$v":"Onjuist wachtwoord"},{"$i":"securityWEP","$v":"WEP"},{"$i":"securityWPA-PSK","$v":"WPA-PSK"},{"$i":"securityWPA-EAP","$v":"WPA-EAP"},{"$i":"securityWPA2-PSK","$v":"WPA2-PSK"},{"$i":"securityWPA/WPA2-PSK","$v":"WPA/WPA2-PSK"},{"$i":"securedBy","$v":[{"t":"idOrVar","v":"capabilities"}]},{"$i":"securedByWay","$v":["Beveiligd door ",{"t":"idOrVar","v":"capabilities"}]},{"$i":"security","$v":"Beveiliging"},{"$i":"signalStrength","$v":"Signaalsterkte"},{"$i":"signalLevel0","$v":"Zeer zwak"},{"$i":"signalLevel1","$v":"Zwak"},{"$i":"signalLevel2","$v":"Gemiddeld"},{"$i":"signalLevel3","$v":"Goed"},{"$i":"signalLevel4","$v":"Heel goed"},{"$i":"ipAddress","$v":"IP-adres"},{"$i":"linkSpeed","$v":"Koppelingssnelheid"},{"$i":"linkSpeedMbs","$v":[{"t":"idOrVar","v":"linkSpeed"}," Mbit/s"]},{"$i":"wifi-rescan","$v":"Opnieuw scannen"},{"$i":"wifi-join-fail","$v":["Kon geen verbinding maken met het netwerk ",{"t":"idOrVar","v":"n"},"."]},{"$i":"wifi-connect-fail","$v":["Onjuist wachtwoord voor ",{"t":"idOrVar","v":"n"},"."]},{"$i":"wifi-connect-fail-username-or-password","$v":["Onjuiste gebruikersnaam of wachtwoord voor ",{"t":"idOrVar","v":"n"},"."]},{"$i":"wifi-ip-set-fail","$v":"IP-instellingen mislukt."},{"$i":"wifi-pw-length-error","$v":"Wachtwoord moet langer zijn dan 8 tekens."},{"$i":"password","$v":"Wachtwoord"},{"$i":"showPassword","$v":"Wachtwoord weergeven"},{"$i":"connect","$v":"Verbinding maken"},{"$i":"rescanCompleted","$v":"Opnieuw scannen voltooid."},{"$i":"eap-method","$v":"EAP-methode"},{"$i":"phase-authentication","$v":"Fase 2 verificatie"},{"$i":"server-certificate","$v":"Servercertificaat"},{"$i":"username","$v":"Gebruikersnaam"},{"$i":"eap-sim","$v":"SIM"},{"$i":"eap-aka","$v":"AKA"},{"$i":"eap-peap","$v":"PEAP"},{"$i":"eap-ttls","$v":"TTLS"},{"$i":"eap-akae","$v":"AKA'"},{"$i":"sim1","$v":"SIM1"},{"$i":"sim2","$v":"SIM2"},{"$i":"auth-with","$v":"Verifiëren met"},{"$i":"sim-carrier-text","$v":["SIM",{"t":"idOrVar","v":"index"}," - ",{"t":"idOrVar","v":"carrierName"}]},{"$i":"auth-phase2-no","$v":"Nee"},{"$i":"auth-phase2-pap","$v":"PAP"},{"$i":"auth-phase2-mschap","$v":"MSCHAP"},{"$i":"auth-phase2-mschapv2","$v":"MSCHAP V2"},{"$i":"auth-phase2-gtc","$v":"GTC"},{"$i":"server-certificate-none","$v":"--"},{"$i":"failedToConnect","$v":"Verbinding mislukt"},{"$i":"select","$v":"Selecteer"},{"$i":"skip","$v":"Overslaan"},{"$i":"next","$v":"Volgende"},{"$i":"accept","$v":"Accepteren"},{"$i":"cancel","$v":"Annuleren"},{"$i":"ok","$v":"OK"},{"$i":"notNow","$v":"Niet nu"},{"$i":"forget","$v":"Vergeten"},{"$i":"confirmation","$v":"Bevestiging"},{"$i":"forget-network","$v":"Netwerk vergeten?"},{"$i":"network-forgotten","$v":"Netwerk vergeten"},{"$i":"hfa","$v":"HFA"},{"$i":"setup-phone-verification","$v":"Telefoonverificatie"},{"$i":"phone-verification-entry-message","$v":"Stel een account in door uw nummer te verifiëren voor toegang tot de opslag en aanvullende diensten."},{"$i":"phone-verification-skip-message","$v":"Uw telefoonverificatie is onvolledig. U kunt dit later verifiëren in Instellingen>Account. Verificatie is nodig voor toegang tot de Store en aanvullende services."},{"$i":"anti-theft","$v":"Antidiefstal"},{"$i":"anti-theft-info","$v":"We hopen dat u uw telefoon nooit kwijtraakt, maar als dat toch gebeurt, kunt u uw gegevens beveiligen met onze functies voor vergrendelen op afstand en wissen. Ga naar Instellingen om uw KaiOS-account in te stellen."},{"$i":"select-language","$v":"Taal selecteren"},{"$i":"language-current","$v":"Huidig"},{"$i":"language-readout-on","$v":"Voorlezen"},{"$i":"language-readout-off","$v":"Voorlezen"},{"$i":"readout-rule","$v":"Als u de Uitlezing-modus wilt inschakelen, drukt u op de linkersoftwaretoets."},{"$i":"close-readout","$v":"Uitlezing-modus uitgeschakeld. Als u de Uitlezing-modus wilt inschakelen, drukt u op de linkersoftwaretoets."},{"$i":"open-readout","$v":["Uitlezing-modus ingeschakeld. Selecteer taal. ",{"t":"idOrVar","v":"selectedLang"},". Item 1 van ",{"t":"idOrVar","v":"count"},"."]},{"$i":"decline-info","$v":"U moet de licentievoorwaarden en het privacybeleid van KaiOS accepteren om dit apparaat te gebruiken."},{"$i":"kaios-license","$v":"Licentievoorwaarden en privacybeleid van"},{"$i":"decline","$v":"Weigeren"},{"$i":"privacy-confirm","$v":"Als u op Accepteren drukt, gaat u akkoord met de licentievoorwaarden en het privacybeleid van KaiOS."},{"$i":"open-url","$v":"URL OPENEN"},{"$i":"privacy-terms-short","$v":"Door toegang te nemen tot en gebruik te maken van de KaiOS-software, services en applicaties in uw apparaat, accepteert u en stemt u ermee in te voldoen aan de EULA- en privacyvoorwaarden van KaiOS, die u hier kunt vinden"},{"$i":"lyf-license","$v":"LYF-licentievoorwaarden"},{"$i":"emergency","$v":"Noodoproep"},{"$i":"done","$v":"Gereed"},{"$i":"about-kaios-agree","$v":"Ik wil helpen door analytische gegevens te verzenden."},{"$i":"about-kaios-age","$v":"Ik ben ouder dan 16 jaar."},{"$i":"about-kaios-ad","$v":"Gebruik mijn gegevens om mijn advertentie-ervaring te verbeteren."},{"$i":"deselect","$v":"Deselecteren"},{"$i":"selectKeyboard","$v":"Toetsenbord selecteren"},{"$i":"more","$v":"Meer >"},{"$i":"ellipses-char","$v":"…"},{"$i":"location-access","$v":"Locatietoegang"},{"$i":"location-content","$v":"KaiOS maakt gebruik van gegevens als GPS, Wi-Fi en mobiele netwerken bij u in de buurt om uw geschatte positie te helpen bepalen."},{"$i":"deny","$v":"Weigeren"},{"$i":"allow","$v":"Toestaan"},{"$i":"always-on-voice","$v":"Altijd spraakgestuurd"},{"$i":"aov-p1","$v":"Wilt u Spraakdetectie configureren?"},{"$i":"aov-p2","$v":["Klik op ",{"t":"idOrVar","v":"proceed"}," om de configuratie te starten."]},{"$i":"aov-p3","$v":"Spraakdetectie laat u met uw spraakassistent 'Hallo Jio' werken door een profiel voor u en uw dierbaren aan te maken."},{"$i":"aov-p4","$v":"Met deze spraakprofielen kunt u uw telefoon beheren en andere functies met andere spraakopdrachten uitvoeren."},{"$i":"aov-later","$v":"Later"},{"$i":"aov-proceed","$v":"Doorgaan"},{"$i":"data-connectivity","$v":"Waarschuwingsbericht"},{"$i":"data-message","$v":"Installatiewizard gebruikt mogelijk data via het mobiele netwerk tijdens de eerste installatie van de smartphone."},{"$i":"qtn-privacy-terms-welcome","$v":"Welkom"},{"$i":"qtn-privacy-policy-description-1","$v":["Bedankt dat u gekozen hebt voor ",{"t":"idOrVar","v":"WDM"},"."]},{"$i":"qtn-privacy-policy-description-2","$v":"Uw gebruik van services en toepassingen van HMD Global in uw apparaat is onderhevig aan het HMD Global-privacybeleid, beschikbaar op www.nokia.com/mobile-privacy."},{"$i":"qtn-privacy-policy-description-3","$v":["Het gebruik van de KaiOS-software, -diensten en applicaties op uw apparaat is onderhevig aan KaiOS EULA en het privacybeleid, die gevonden kunnen worden op ",{"t":"idOrVar","v":"WDM"},"."]},{"$i":"qtn-privacy-policy-description-4","$v":{"$o":"De activatie-informatie van het apparaat met eenmalige apparaatlokalisatie en netwerkinformatie zal naar KAI & HMD worden verzonden."}},{"$i":"qtn-privacy-policy-description-5","$v":"Met deze informatie kunnen wij beter tegemoetkomen aan de vraag in uw land, SW-updates en klantenservice bieden en diensten activeren."},{"$i":"qtn-privacy-policy-description-6","$v":"Dit kan leiden tot kosten voor datagebruik."},{"$i":"qtn-privacy-policy-description-7","$v":"Privacy- of andere notities worden mogelijk geboden als u functies van uw apparaat gebruikt."},{"$i":"aov-content-readout","$v":"Wilt u Spraakdetectie configureren? Klik op aov-later=Later"},{"$i":"software-update","$v":"Instellingen voor software-update"},{"$i":"wifi-or-mobile-data","$v":"Wi-Fi of mobiel netwerk"},{"$i":"wlan-or-mobile-data","$v":"Wi-Fi of mobiel netwerk"},{"$i":"wifi-only","$v":"Alleen Wi-Fi"},{"$i":"wlan-only","$v":"Alleen Wi-Fi"},{"$i":"software-update-tips","$v":"Er zijn mogelijk extra kosten van toepassing wanneer u downloadt via een mobiel netwerk."}]