[{"$i":"wifi","$v":"Wybierz sieć"},{"$i":"ssid","$v":"SSID"},{"$i":"no-wifi-found","$v":"Brak dostępnych sieci"},{"$i":"wifi-searching","$v":"Wyszukiwanie sieci…"},{"$i":"security-open","$v":"Otwarte"},{"$i":"shortStatus-connecting","$v":"Łączenie…"},{"$i":"shortStatus-associated","$v":"Uzyskiwanie adresu IP…"},{"$i":"shortStatus-authenticating","$v":"Uwierzytelnianie…"},{"$i":"shortStatus-connected","$v":"Połączono"},{"$i":"shortStatus-associationreject","$v":"Połączenie nie powiodło się"},{"$i":"shortStatus-disconnected","$v":"Offline"},{"$i":"shortStatus-connected-no-internet","$v":"Połączono, brak Internetu"},{"$i":"shortStatus-dhcpfailed","$v":"Błąd IP"},{"$i":"shortStatus-authenticationfailed","$v":"Nieprawidłowe hasło"},{"$i":"securityWEP","$v":"WEP"},{"$i":"securityWPA-PSK","$v":"WPA-PSK"},{"$i":"securityWPA-EAP","$v":"WPA-EAP"},{"$i":"securityWPA2-PSK","$v":"WPA2-PSK"},{"$i":"securityWPA/WPA2-PSK","$v":"WPA/WPA2-PSK"},{"$i":"securedBy","$v":[{"t":"idOrVar","v":"capabilities"}]},{"$i":"securedByWay","$v":["Zabezpieczone przez ",{"t":"idOrVar","v":"capabilities"}]},{"$i":"security","$v":"Zabezpieczenia"},{"$i":"signalStrength","$v":"Siła sygnału"},{"$i":"signalLevel0","$v":"Bardzo słaby"},{"$i":"signalLevel1","$v":"Słaby"},{"$i":"signalLevel2","$v":"Przeciętny"},{"$i":"signalLevel3","$v":"Silny"},{"$i":"signalLevel4","$v":"Bardzo silny"},{"$i":"ipAddress","$v":"Adres IP"},{"$i":"linkSpeed","$v":"Prędkość łącza"},{"$i":"linkSpeedMbs","$v":[{"t":"idOrVar","v":"linkSpeed"}," Mbit/s"]},{"$i":"wifi-rescan","$v":"Skanuj"},{"$i":"wifi-join-fail","$v":["Nie można połączyć się z siecią ",{"t":"idOrVar","v":"n"},"."]},{"$i":"wifi-connect-fail","$v":["Nieprawidłowe hasło do ",{"t":"idOrVar","v":"n"},"."]},{"$i":"wifi-connect-fail-username-or-password","$v":["Nieprawidłowa nazwa użytkownika lub hasło do ",{"t":"idOrVar","v":"n"},"."]},{"$i":"wifi-ip-set-fail","$v":"Nieudane wprowadzanie ustawień IP"},{"$i":"wifi-pw-length-error","$v":"Hasło musi zawierać więcej niż 8 znaków."},{"$i":"password","$v":"Hasło"},{"$i":"showPassword","$v":"Pokaż hasło"},{"$i":"connect","$v":"Połącz"},{"$i":"rescanCompleted","$v":"Ponowne skanowanie zostało zakończone."},{"$i":"eap-method","$v":"Metoda EAP"},{"$i":"phase-authentication","$v":"Uwierzytelnianie fazy 2"},{"$i":"server-certificate","$v":"Certyfikat serwera"},{"$i":"username","$v":"Nazwa użytkownika"},{"$i":"eap-sim","$v":"SIM"},{"$i":"eap-aka","$v":"AKA"},{"$i":"eap-peap","$v":"PEAP"},{"$i":"eap-ttls","$v":"TTLS"},{"$i":"eap-akae","$v":"AKA'"},{"$i":"sim1","$v":"SIM1"},{"$i":"sim2","$v":"SIM2"},{"$i":"auth-with","$v":"Uwierzytelnianie za pomocą"},{"$i":"sim-carrier-text","$v":["SIM",{"t":"idOrVar","v":"index"}," – ",{"t":"idOrVar","v":"carrierName"}]},{"$i":"auth-phase2-no","$v":"Nie"},{"$i":"auth-phase2-pap","$v":"PAP"},{"$i":"auth-phase2-mschap","$v":"MSCHAP"},{"$i":"auth-phase2-mschapv2","$v":"MSCHAP V2"},{"$i":"auth-phase2-gtc","$v":"GTC"},{"$i":"server-certificate-none","$v":"--"},{"$i":"failedToConnect","$v":"Połączenie nie powiodło się"},{"$i":"select","$v":"Wybierz"},{"$i":"skip","$v":"Pomiń"},{"$i":"next","$v":"Dalej"},{"$i":"accept","$v":"Zaakceptuj"},{"$i":"cancel","$v":"Anuluj"},{"$i":"ok","$v":"OK"},{"$i":"notNow","$v":"Nie teraz"},{"$i":"forget","$v":"Zapomnij"},{"$i":"confirmation","$v":"Potwierdzenie"},{"$i":"forget-network","$v":"Zapomnieć sieć?"},{"$i":"network-forgotten","$v":"Zapomniano sieć."},{"$i":"hfa","$v":"HFA"},{"$i":"setup-phone-verification","$v":"Weryfikacja telefonu"},{"$i":"phone-verification-entry-message","$v":"Zweryfikuj numer telefonu, aby skonfigurować konto i uzyskać dostęp do sklepu i dodatkowych usług."},{"$i":"phone-verification-skip-message","$v":"Weryfikacja telefonu nie została ukończona. Możesz dokończyć ją później w menu Ustawienia>Konto. Weryfikacja jest wymagana do korzystania ze sklepu i dodatkowych usług."},{"$i":"anti-theft","$v":"Zabezpieczenia antykradzieżowe"},{"$i":"anti-theft-info","$v":"Mamy nadzieję, że nigdy nie zgubisz Twojego telefonu; jeżeli jednak tak się stanie, ochronisz swoje dane za pomocą funkcji zdalnej blokady i usuwania danych. Konto KaiOS możesz skonfigurować w dowolnym momencie z poziomu ustawień."},{"$i":"select-language","$v":"Wybierz język"},{"$i":"language-current","$v":"Bieżący"},{"$i":"language-readout-on","$v":"Odczyt"},{"$i":"language-readout-off","$v":"Odczyt"},{"$i":"readout-rule","$v":"Aby włączyć tryb odczytu, wciśnij lewy przycisk oprogramowania."},{"$i":"close-readout","$v":"Wyłączono tryb odczytu. Aby włączyć tryb odczytu, wciśnij lewy przycisk oprogramowania."},{"$i":"open-readout","$v":["Włączono tryb odczytu. Wybierz język. ",{"t":"idOrVar","v":"selectedLang"},". Element 1 z ",{"t":"idOrVar","v":"count"},"."]},{"$i":"decline-info","$v":"Korzystanie z tego urządzenia wymaga zaakceptowania Warunków licencyjnych i Polityki prywatności KaiOS."},{"$i":"kaios-license","$v":"Warunki licencyjne i Polityka prywatności"},{"$i":"decline","$v":"Odrzuć"},{"$i":"privacy-confirm","$v":"Naciskając Akceptuję, wyrażasz zgodę na Warunki licencyjne i Politykę prywatności KaiOS."},{"$i":"open-url","$v":"OTWÓRZ URL"},{"$i":"privacy-terms-short","$v":"Uzyskując dostęp do oprogramowania, usług i aplikacji KaiOS na swoim urządzeniu oraz korzystając z nich, akceptujesz Umowę licencyjną użytkownika końcowego i Zasady ochrony prywatności firmy KaiOS, które znajdują się tutaj, oraz zgadzasz się na ich przestrzeganie."},{"$i":"lyf-license","$v":"Warunki licencyjne LYF"},{"$i":"emergency","$v":"Alarmowe"},{"$i":"done","$v":"Gotowe"},{"$i":"about-kaios-agree","$v":"Chcę pomóc, przesyłając dane analityczne."},{"$i":"about-kaios-age","$v":"Mam więcej niż 16 lat."},{"$i":"about-kaios-ad","$v":"Użyj moich danych, aby trafniej dopasować reklamy do moich preferencji."},{"$i":"deselect","$v":"Odznacz"},{"$i":"selectKeyboard","$v":"Wybierz klawiaturę"},{"$i":"more","$v":"Więcej >"},{"$i":"ellipses-char","$v":"…"},{"$i":"location-access","$v":"Dostęp do lokalizacji"},{"$i":"location-content","$v":"KaiOS wykorzystuje dane GPS, Wi-Fi i pobliskie sieci telefonii komórkowej do ustalenia Twojej przybliżonej pozycji."},{"$i":"deny","$v":"Odmów"},{"$i":"allow","$v":"Zezwól"},{"$i":"always-on-voice","$v":"Zawsze włączony głos"},{"$i":"aov-p1","$v":"Czy chcesz skonfigurować zawsze włączony głos?"},{"$i":"aov-p2","$v":["Naciśnij ",{"t":"idOrVar","v":"proceed"},", aby rozpocząć konfigurację."]},{"$i":"aov-p3","$v":"Zawsze włączony głos pozwala pracować z asystentem głosowym „Hello Jio”, tworząc profile dla Ciebie i bliskich."},{"$i":"aov-p4","$v":"Te profile głosowe pozwolą Ci na kontrolowanie telefonu i wykonywanie innych czynności za pomocą komend głosowych."},{"$i":"aov-later","$v":"Later"},{"$i":"aov-proceed","$v":"Dalej"},{"$i":"data-connectivity","$v":"Ostrzeżenie"},{"$i":"data-message","$v":"Podczas pierwszej konfiguracji smartfona kreator konfiguracji może korzystać z przesyłania danych przez sieć komórkową."},{"$i":"qtn-privacy-terms-welcome","$v":"Witamy"},{"$i":"qtn-privacy-policy-description-1","$v":["Dziękujemy za wybór urządzenia ",{"t":"idOrVar","v":"WDM"},"."]},{"$i":"qtn-privacy-policy-description-2","$v":"Korzystanie w urządzeniu z usług i aplikacji HMD Global podlega Zasadom ochrony prywatności HMD Global, z którymi można się zapoznać na stronie www.nokia.com/mobile-privacy."},{"$i":"qtn-privacy-policy-description-3","$v":["Korzystanie z oprogramowania KaiOS, usług i aplikacji na urządzeniu regulują umowa KaiOS EULA oraz Zasady prywatności dostępne na stronie ",{"t":"idOrVar","v":"WDM"},"."]},{"$i":"qtn-privacy-policy-description-4","$v":{"$o":"Informacje dot. aktywacji urządzenia, jednorazowe dane dot. jego lokalizacji oraz unikatowe informacje o urządzeniu i sieci zostaną wysłane do firmy KAI & HMD."}},{"$i":"qtn-privacy-policy-description-5","$v":"Te informacje pomogą nam spełnić oczekiwania klientów w Twoim kraju, opracować aktualizacje oprogramowania, dostarczyć lepszej jakości pomoc techniczn¹, a także aktywować usługi."},{"$i":"qtn-privacy-policy-description-6","$v":"Mogą zostać naliczone opłaty za transfer danych."},{"$i":"qtn-privacy-policy-description-7","$v":"W przypadku korzystania z innych funkcji urządzenia mogą zostać wyświetlone informacje o ochronie prywatności lub inne powiadomienia."},{"$i":"aov-content-readout","$v":"Czy chcesz skonfigurować zawsze włączony głos? Kliknij aov-later=Później"},{"$i":"software-update","$v":"Ustawienia aktualizacji oprogramowania"},{"$i":"wifi-or-mobile-data","$v":"Wi-Fi lub sieć komórkowa"},{"$i":"wlan-or-mobile-data","$v":"Wi-Fi lub sieć mobilna"},{"$i":"wifi-only","$v":"Tylko Wi-Fi"},{"$i":"wlan-only","$v":"Tylko Wi-Fi"},{"$i":"software-update-tips","$v":"Pobieranie za pośrednictwem sieci komórkowej może spowodować naliczenie dodatkowych opłat."}]