[{"$i":"wifi","$v":"یو نیټ ورک انتخاب کړئ"},{"$i":"ssid","$v":"SSID"},{"$i":"no-wifi-found","$v":"شبکه شتون نه لري."},{"$i":"wifi-searching","$v":"د شبکو لټون"},{"$i":"security-open","$v":"خلاصول"},{"$i":"shortStatus-connecting","$v":"وصلیدل"},{"$i":"shortStatus-associated","$v":"یو IP ادرس ترلاسه کول"},{"$i":"shortStatus-authenticating","$v":"تصدیق کول…"},{"$i":"shortStatus-connected","$v":"وصل شو"},{"$i":"shortStatus-associationreject","$v":"اتصال ناکام شو"},{"$i":"shortStatus-disconnected","$v":"په لین کې نشته"},{"$i":"shortStatus-connected-no-internet","$v":"وصل دی، انټرنټ نشته"},{"$i":"shortStatus-dhcpfailed","$v":"IP ناکامه شوه"},{"$i":"shortStatus-authenticationfailed","$v":"غلط پاسورډ"},{"$i":"securityWEP","$v":"WEP"},{"$i":"securityWPA-PSK","$v":"WPA-PSK"},{"$i":"securityWPA-EAP","$v":"WPA-EAP"},{"$i":"securityWPA2-PSK","$v":"WPA2-PSK"},{"$i":"securityWPA/WPA2-PSK","$v":"WPA/WPA2-PSK"},{"$i":"securedBy","$v":[{"t":"idOrVar","v":"capabilities"}]},{"$i":"securedByWay","$v":["پوسیله خوندي شو ",{"t":"idOrVar","v":"capabilities"}]},{"$i":"security","$v":"امنیت"},{"$i":"signalStrength","$v":"د سیګنل پیاوړتیا"},{"$i":"signalLevel0","$v":"ډیر کمزوری"},{"$i":"signalLevel1","$v":"کمزوری"},{"$i":"signalLevel2","$v":"اوسط"},{"$i":"signalLevel3","$v":"ښه"},{"$i":"signalLevel4","$v":"ډیر ښه"},{"$i":"ipAddress","$v":"IP ادرس"},{"$i":"linkSpeed","$v":"د اتصال سرعت"},{"$i":"linkSpeedMbs","$v":[{"t":"idOrVar","v":"linkSpeed"}," Mbit/s"]},{"$i":"wifi-rescan","$v":"دوباره سکین کول"},{"$i":"wifi-join-fail","$v":["د ",{"t":"idOrVar","v":"n"},".نیټ ورک سره وصل کیدای نشي."]},{"$i":"wifi-connect-fail","$v":["د ",{"t":"idOrVar","v":"n"}," لپاره غلط پاسورډ"]},{"$i":"wifi-connect-fail-username-or-password","$v":["د ",{"t":"idOrVar","v":"n"}," لپاره کاروونکي نوم یا پاسورډ غلط دی."]},{"$i":"wifi-ip-set-fail","$v":"د IP تنظیمات ناکام شو"},{"$i":"wifi-pw-length-error","$v":"د پاسورډ اندازه باید د 8 رقمو زیات وي."},{"$i":"password","$v":"پاسورډ"},{"$i":"showPassword","$v":"پاسورډ ښکاره کړئ"},{"$i":"connect","$v":"وصلول"},{"$i":"rescanCompleted","$v":"ریسکان بشپړ شو."},{"$i":"eap-method","$v":"EAP میتود"},{"$i":"phase-authentication","$v":"د 2 دوري تصدیق"},{"$i":"server-certificate","$v":"د سرور تصدیق"},{"$i":"username","$v":"کاري نوم"},{"$i":"eap-sim","$v":"سیم"},{"$i":"eap-aka","$v":"AKA"},{"$i":"eap-peap","$v":"PEAP"},{"$i":"eap-ttls","$v":"TTLS"},{"$i":"eap-akae","$v":"AKA'"},{"$i":"sim1","$v":"سم 1"},{"$i":"sim2","$v":"سم 2"},{"$i":"auth-with","$v":"مستند ګرځول شوی له اړخه د"},{"$i":"sim-carrier-text","$v":["SIM",{"t":"idOrVar","v":"index"}," - ",{"t":"idOrVar","v":"carrierName"}]},{"$i":"auth-phase2-no","$v":"نه"},{"$i":"auth-phase2-pap","$v":"PAP"},{"$i":"auth-phase2-mschap","$v":"MSCHAP"},{"$i":"auth-phase2-mschapv2","$v":"MSCHAP V2"},{"$i":"auth-phase2-gtc","$v":"جي ټي سي"},{"$i":"server-certificate-none","$v":"--"},{"$i":"failedToConnect","$v":"اتصال ناکام شو"},{"$i":"select","$v":"انتخال کړئ"},{"$i":"skip","$v":"پریږدئ"},{"$i":"next","$v":"Next"},{"$i":"accept","$v":"قبول"},{"$i":"cancel","$v":"کول"},{"$i":"ok","$v":"اوکی"},{"$i":"notNow","$v":"اوس نه"},{"$i":"forget","$v":"هیرول"},{"$i":"confirmation","$v":"تصدیق"},{"$i":"forget-network","$v":"شبکه هیره کړي؟"},{"$i":"network-forgotten","$v":"نیټ ورک هیر شوی."},{"$i":"hfa","$v":"HFA"},{"$i":"setup-phone-verification","$v":"تلیفوني تصدیق"},{"$i":"phone-verification-entry-message","$v":"د خپلې شمیرې په تصدیقولو سره اکاونټ جوړ کړئ چې سټور او اضافي خدمتونو ته لاس رسی ولرئ."},{"$i":"phone-verification-skip-message","$v":{"$o":"ستاسو تلیفوني تصدیق بشپړ شو. تاسو وروسته په سیټنګونو<اکاونټ کې تائیدولی شئ. سټور او اضافي خدمتونو ته د لاس رسی لپاره تصدیق ته اړتیا وي."}},{"$i":"anti-theft","$v":"د غلا-ضد"},{"$i":"anti-theft-info","$v":"مونږ هیله کوو چې تاسو خپل ټیلیفون هیڅکله ورک نکړئ، مګر که داسي وشي تاسو کول شئ د زمونږ د لرې فاصلې د کلپ او د ځانګرتیاو د پاکونکي سره خپله ډیټا خوندي کړئ. کله چې چمتو یاست د خپل KaiOS اکاونټ د ترتیب لپاره تنظیماتو ته لاړ شئ."},{"$i":"select-language","$v":"ژبه انتخاب کړئ"},{"$i":"language-current","$v":"چارج"},{"$i":"language-readout-on","$v":"لوستل"},{"$i":"language-readout-off","$v":"لوستل"},{"$i":"readout-rule","$v":"د ریډ آوټ حالت فعالولو لپاره ، مهرباني وکړئ کی ساوتري شوې ساوتری کیلي کلیک کړئ."},{"$i":"close-readout","$v":"د لوستلو طریقه ناتوانه ده. د لوستلو طریقه توانولو لپاره، مهرباني وکړی د سوفټ وییر کیڼه کلي وکیمنډی."},{"$i":"open-readout","$v":["د لوستلو طریقه توانه شوه. ژبه غوره کړی. ",{"t":"idOrVar","v":"selectedLang"},". د ",{"t":"idOrVar","v":"count"}," څخه توکی 1."]},{"$i":"decline-info","$v":"د مقراراتو او شرایطو منل اړین دی ترڅو دغه آله وکاروئ."},{"$i":"kaios-license","$v":"شرایط او د محرمیت تګلاره"},{"$i":"decline","$v":"کمول"},{"$i":"privacy-confirm","$v":"منل کیمنډلو سره تاسي د KaiOS لایسنس شرایط او محرمیت پالیسی سره موافقت لری."},{"$i":"open-url","$v":"URL پرانزئ‏"},{"$i":"privacy-terms-short","$v":"خپله آله کی د KaiOS سوفټ وییر، خدمتونو او ایپلیکشنونو ته الس رسی او کارولو په وخت، تاسي د KaiOS EULA او پالیسی شرایط ته غاړه کیږدی، کوم چی لاندي موندلی شي."},{"$i":"lyf-license","$v":"د LYF لایسنس شرایط"},{"$i":"emergency","$v":"ایمرجنسي"},{"$i":"done","$v":"وشو"},{"$i":"about-kaios-agree","$v":"زه غواړم د تحلیلاتو ډاټا استولو سره مرسته وکړم."},{"$i":"about-kaios-age","$v":"زه د 16 کلنۍ عمر نلرم."},{"$i":"about-kaios-ad","$v":"زما د خپرونې د تجربې ښه کولو لپاره زما ډیټا وکاروئ.‏"},{"$i":"deselect","$v":"غیر انتخاب کړئ"},{"$i":"selectKeyboard","$v":"کیبورډ انتخاب کړئ"},{"$i":"more","$v":"نور >"},{"$i":"ellipses-char","$v":"…"},{"$i":"location-access","$v":"ځای لاسرسی"},{"$i":"location-content","$v":"‏KaiOS ستاسي سره نژدی GPS ،Wi-Fi او موبایل شبکې په څیر ډاټا کاروي چی ستاسي نژدی موقعیت ټاکلو کی مرسته وکړي."},{"$i":"deny","$v":"ډیني"},{"$i":"allow","$v":"اجازه ورکړئ"},{"$i":"always-on-voice","$v":"تل پر غږ"},{"$i":"aov-p1","$v":"ایا تاسو غواړئ چې تل غږ تنظیم کړئ؟ "},{"$i":"aov-p2","$v":["د سازونې د پیل لپاره په ",{"t":"idOrVar","v":"proceed"}," کلیک وکړئ."]},{"$i":"aov-p3","$v":"تل آن غږ تاسو ته اجازه درکوي د خپل غږ همکار سره مرسته وکړئ \"سلام جیو\" ستاسو او ستاسو نږدې کسانو لپاره د پروفایل رامینځته کولو له لارې."},{"$i":"aov-p4","$v":"د غږ پروفایل به تاسو ته اجازه درکړي خپل فون کنټرول کړئ او د غږ حکمونو سره نورې دندې ترسره کړئ."},{"$i":"aov-later","$v":"Later"},{"$i":"aov-proceed","$v":"لاړ "},{"$i":"data-connectivity","$v":"اخطاریه پیغام"},{"$i":"data-message","$v":"د اعیارولو وزارت به د موبایل له ډاټا څخه د سمارټ فون د تنظیم لپاره کار واخلي."},{"$i":"qtn-privacy-terms-welcome","$v":"ښه راغلاست"},{"$i":"qtn-privacy-policy-description-1","$v":["د ",{"t":"idOrVar","v":"WDM"}," انتخابولو لپاره مننه."]},{"$i":"qtn-privacy-policy-description-2","$v":"ستاسو په موبایل کې د HMD Global خدمات او پروګرامونه استعمال د HMD Global محرمیت پالیسي پوسیله اداره کیږي، چي په www.nokia.com/mobile-privacy يي موندلی شئ."},{"$i":"qtn-privacy-policy-description-3","$v":["تاسو په خپله اله کې دKaiOS سافټ ویر، خدمتونو او ایپلیکیشنې استعمالوئ او دا دKaiOS EULA او محرمیت د شرایطو سره سم اداره کیږي چې په",{"t":"idOrVar","v":"WDM"}," کې موجود دي."]},{"$i":"qtn-privacy-policy-description-4","$v":{"$o":"د الې د فعاله کولو معلومات د یو وخت د الې د  موقعیت او ستاسو د ځانګړي الې او نیټ ورک د  معلوماتو سره به KAI & HMDته ولیږل شي."}},{"$i":"qtn-privacy-policy-description-5","$v":"دا معلومات مونږ سره مرسته کوي چي ستاسو په هیواد کې ستاسو تقاضا په غوره ډول پوره، SW اپډیټس درولیږو، د مشتریان خدمات او فعالیدو خدمات وړاندي کړو."},{"$i":"qtn-privacy-policy-description-6","$v":"د ډیټا لګښتونه لاګو کیدی شي."},{"$i":"qtn-privacy-policy-description-7","$v":"د محرمیت یا نوری خبرتیاوي د مختلفو کارونو په تر سره کولو سره تر لاسه کولای شئ."},{"$i":"aov-content-readout","$v":"ایا تاسو غواړئ چې تل غږ تنظیم کړئ؟ کلیک وکړه aov-later=وروسته"},{"$i":"software-update","$v":"د سافټ ویر د اپ ډیټ کولو سیټنګونه"},{"$i":"wifi-or-mobile-data","$v":"‏Wi-Fi یا موبایل نیټ ورک"},{"$i":"wlan-or-mobile-data","$v":"‏Wi-Fi یا موبایل شبکه"},{"$i":"wifi-only","$v":"یوازې Wi-Fi"},{"$i":"wlan-only","$v":"یوازی Wi-Fi "},{"$i":"software-update-tips","$v":"کله چې د موبایل نیټ ورک له لارې ډاونلوډ کوئ، اضافي لګښتونه لاګو کېدی شي."}]