[{"$i":"wifi","$v":"Selecionar uma rede"},{"$i":"ssid","$v":"SSID"},{"$i":"no-wifi-found","$v":"Sem redes disponíveis"},{"$i":"wifi-searching","$v":"Pesquisando redes…"},{"$i":"security-open","$v":"Abrir"},{"$i":"shortStatus-connecting","$v":"Conectando…"},{"$i":"shortStatus-associated","$v":"Obtendo um endereço IP…"},{"$i":"shortStatus-authenticating","$v":"Autenticando…"},{"$i":"shortStatus-connected","$v":"Conectado"},{"$i":"shortStatus-associationreject","$v":"Falha na conexão"},{"$i":"shortStatus-disconnected","$v":"Off-line"},{"$i":"shortStatus-connected-no-internet","$v":"Conectado, sem Internet"},{"$i":"shortStatus-dhcpfailed","$v":"Falha de IP"},{"$i":"shortStatus-authenticationfailed","$v":"Senha incorreta"},{"$i":"securityWEP","$v":"WEP"},{"$i":"securityWPA-PSK","$v":"WPA-PSK"},{"$i":"securityWPA-EAP","$v":"WPA-EAP"},{"$i":"securityWPA2-PSK","$v":"WPA2-PSK"},{"$i":"securityWPA/WPA2-PSK","$v":"WPA/WPA2-PSK"},{"$i":"securedBy","$v":[{"t":"idOrVar","v":"capabilities"}]},{"$i":"securedByWay","$v":["Protegido por ",{"t":"idOrVar","v":"capabilities"}]},{"$i":"security","$v":"Segurança"},{"$i":"signalStrength","$v":"Intensidade do sinal"},{"$i":"signalLevel0","$v":"Muito fraca"},{"$i":"signalLevel1","$v":"Fraca"},{"$i":"signalLevel2","$v":"Média"},{"$i":"signalLevel3","$v":"Boa"},{"$i":"signalLevel4","$v":"Muito boa"},{"$i":"ipAddress","$v":"Endereço IP"},{"$i":"linkSpeed","$v":"Velocidade do link"},{"$i":"linkSpeedMbs","$v":[{"t":"idOrVar","v":"linkSpeed"}," Mbit/s"]},{"$i":"wifi-rescan","$v":"Pesquisar novamente"},{"$i":"wifi-join-fail","$v":["Não é possível ingressar na rede ",{"t":"idOrVar","v":"n"},"."]},{"$i":"wifi-connect-fail","$v":["Senha incorreta para ",{"t":"idOrVar","v":"n"},"."]},{"$i":"wifi-connect-fail-username-or-password","$v":["Senha ou nome de usuário incorreto para ",{"t":"idOrVar","v":"n"},"."]},{"$i":"wifi-ip-set-fail","$v":"Falha nas configurações de IP."},{"$i":"wifi-pw-length-error","$v":"A senha deve ter mais de 8 caracteres."},{"$i":"password","$v":"Senha"},{"$i":"showPassword","$v":"Mostrar senha"},{"$i":"connect","$v":"Conectar"},{"$i":"rescanCompleted","$v":"Rescan concluído."},{"$i":"eap-method","$v":"Método EAP"},{"$i":"phase-authentication","$v":"Autenticação da Fase 2"},{"$i":"server-certificate","$v":"Certificado do servidor"},{"$i":"username","$v":"Nome de usuário"},{"$i":"eap-sim","$v":"SIM"},{"$i":"eap-aka","$v":"AKA"},{"$i":"eap-peap","$v":"PEAP"},{"$i":"eap-ttls","$v":"TTLS"},{"$i":"eap-akae","$v":"AKA'"},{"$i":"sim1","$v":"SIM1"},{"$i":"sim2","$v":"SIM2"},{"$i":"auth-with","$v":"Autenticar com"},{"$i":"sim-carrier-text","$v":["SIM",{"t":"idOrVar","v":"index"}," – ",{"t":"idOrVar","v":"carrierName"}]},{"$i":"auth-phase2-no","$v":"Não"},{"$i":"auth-phase2-pap","$v":"PAP"},{"$i":"auth-phase2-mschap","$v":"MSCHAP"},{"$i":"auth-phase2-mschapv2","$v":"MSCHAP V2"},{"$i":"auth-phase2-gtc","$v":"GTC"},{"$i":"server-certificate-none","$v":"--"},{"$i":"failedToConnect","$v":"Falha ao conectar"},{"$i":"select","$v":"SELEC."},{"$i":"skip","$v":"Ignorar"},{"$i":"next","$v":"Próximo"},{"$i":"accept","$v":"Aceitar"},{"$i":"cancel","$v":"Cancelar"},{"$i":"ok","$v":"OK"},{"$i":"notNow","$v":"Agora não"},{"$i":"forget","$v":"Esquecer"},{"$i":"confirmation","$v":"Confirmação"},{"$i":"forget-network","$v":"Esquecer rede?"},{"$i":"network-forgotten","$v":"Rede esquecida."},{"$i":"hfa","$v":"HFA"},{"$i":"setup-phone-verification","$v":"Verificação do telefone"},{"$i":"phone-verification-entry-message","$v":"Configure uma conta por meio de verificar o número para acessar a loja e serviços adicionais."},{"$i":"phone-verification-skip-message","$v":"A verificação de telefone está incompleta. Você pode verificar mais tarde em Configurações>Conta. A verificação é necessária para acessar a loja e serviços adicionais."},{"$i":"anti-theft","$v":"Antifurto"},{"$i":"anti-theft-info","$v":"Esperamos que você nunca perca seu telefone mas, se isso ocorrer, você pode proteger seus dados com nossos recursos de bloqueio remoto e limpeza. Quando você estiver pronto, acesse Configurações para configurar sua conta da KaiOS."},{"$i":"select-language","$v":"Selecionar idioma"},{"$i":"language-current","$v":"Atual"},{"$i":"language-readout-on","$v":"Leitura"},{"$i":"language-readout-off","$v":"Leitura"},{"$i":"readout-rule","$v":"Para ativar o modo de leitura, pressione a tecla de software à esquerda."},{"$i":"close-readout","$v":"Modo de leitura desativado. Para ativar o modo de leitura, pressione a tecla de software à esquerda."},{"$i":"open-readout","$v":["Modo de leitura ativado. Selecionar idioma. ",{"t":"idOrVar","v":"selectedLang"},". Item 1 de ",{"t":"idOrVar","v":"count"},"."]},{"$i":"decline-info","$v":"A aceitação da Política de privacidade e dos Termos de licença da KaiOS é necessária para usar este dispositivo."},{"$i":"kaios-license","$v":"Política de privacidade e Termos de licença da"},{"$i":"decline","$v":"Recusar"},{"$i":"privacy-confirm","$v":"Ao pressionar Aceitar, você estará concordando com a Política de privacidade e os Termos de licença da KaiOS."},{"$i":"open-url","$v":"ABRIR URL"},{"$i":"privacy-terms-short","$v":"Ao acessar e usar o software, serviços e aplicativos KaiOS em seu dispositivo, você aceita e concorda em cumprir com os Termos de privacidade e o EULA da KaiOS, que podem ser encontrados aqui"},{"$i":"lyf-license","$v":"Termos de licença da LYF"},{"$i":"emergency","$v":"Emergência"},{"$i":"done","$v":"Concluído"},{"$i":"about-kaios-agree","$v":"Quero ajudar enviando dados de análise."},{"$i":"about-kaios-age","$v":"Tenho mais de 16 anos."},{"$i":"about-kaios-ad","$v":"Usem meus dados para melhorar minha experiência em publicidade."},{"$i":"deselect","$v":"Desmarcar"},{"$i":"selectKeyboard","$v":"Selecionar teclado"},{"$i":"more","$v":"Mais >"},{"$i":"ellipses-char","$v":"…"},{"$i":"location-access","$v":"Acesso à localização"},{"$i":"location-content","$v":"O KaiOS usa dados como GPS, Wi-Fi e rede móvel perto de você para ajudar a determinar sua posição aproximada."},{"$i":"deny","$v":"Recusar"},{"$i":"allow","$v":"Autorizar"},{"$i":"always-on-voice","$v":"Função de voz sempre ligada"},{"$i":"aov-p1","$v":"Deseja configurar a opção Função de voz sempre ligada?"},{"$i":"aov-p2","$v":["Clique em ",{"t":"idOrVar","v":"proceed"}," para iniciar a configuração."]},{"$i":"aov-p3","$v":"A opção Função de voz sempre ligada permite utilizar o assistente de voz “Hello Jio” por meio da criação de um perfil para você e seus familiares e amigos mais próximos."},{"$i":"aov-p4","$v":"Esses perfis de voz permitirão controlar o telefone e realizar outras funções com comandos de voz."},{"$i":"aov-later","$v":"Later"},{"$i":"aov-proceed","$v":"Prosseguir"},{"$i":"data-connectivity","$v":"Mensagem de aviso"},{"$i":"data-message","$v":"O assistente de configuração possivelmente utilizará dados na rede móvel durante a configuração inicial do smartphone."},{"$i":"qtn-privacy-terms-welcome","$v":"Bem-vindo"},{"$i":"qtn-privacy-policy-description-1","$v":["Obrigado por escolher o(a) ",{"t":"idOrVar","v":"WDM"},"."]},{"$i":"qtn-privacy-policy-description-2","$v":"A utilização de serviços e aplicativos HMD Global no seu dispositivo é regido pela política de privacidade da HMD Global disponível em www.nokia.com/mobile-privacy."},{"$i":"qtn-privacy-policy-description-3","$v":["Seu uso do software KaiOS, serviços e aplicativos em seu dispositivo é regulado pelo Acordo de licença de usuário final e pelos Termos de privacidade do KaiOS, disponíveis em ",{"t":"idOrVar","v":"WDM"},"."]},{"$i":"qtn-privacy-policy-description-4","$v":{"$o":"As informações de ativação do dispositivo com localização de dispositivo única com seus dados de rede e dispositivo exclusivos serão enviados para o KAI & HMD."}},{"$i":"qtn-privacy-policy-description-5","$v":"Essas informações nos permitem atender melhor a demanda do seu país, fornecer atualizações de software, apoiar as operações de atendimento ao cliente e ativar os serviços."},{"$i":"qtn-privacy-policy-description-6","$v":"Podem haver cobranças de dados."},{"$i":"qtn-privacy-policy-description-7","$v":"Os avisos de privacidade ou outro serám fornecidos quando use diferentes características do seu dispositivo."},{"$i":"aov-content-readout","$v":"Deseja configurar a opção Função de voz sempre ligada? Clique em aov-later=Mais tarde"},{"$i":"software-update","$v":"Configurações de atualização de software"},{"$i":"wifi-or-mobile-data","$v":"Rede Wi-Fi ou rede móvel"},{"$i":"wlan-or-mobile-data","$v":"Rede Wi-Fi ou rede móvel"},{"$i":"wifi-only","$v":"Somente Wi-Fi"},{"$i":"wlan-only","$v":"Somente Wi-Fi"},{"$i":"software-update-tips","$v":"Taxas adicionais poderão ser aplicadas ao realizar o download por rede móvel."}]