[{"$i":"wifi","$v":"Selecionar uma rede"},{"$i":"ssid","$v":"SSID"},{"$i":"no-wifi-found","$v":"Nenhuma rede disponível"},{"$i":"wifi-searching","$v":"A procurar redes…"},{"$i":"security-open","$v":"Aberta"},{"$i":"shortStatus-connecting","$v":"A ligar…"},{"$i":"shortStatus-associated","$v":"A obter um endereço IP…"},{"$i":"shortStatus-authenticating","$v":"A autenticar…"},{"$i":"shortStatus-connected","$v":"Ligado"},{"$i":"shortStatus-associationreject","$v":"Falha na ligação"},{"$i":"shortStatus-disconnected","$v":"Offline"},{"$i":"shortStatus-connected-no-internet","$v":"Ligado, sem Internet"},{"$i":"shortStatus-dhcpfailed","$v":"Falha de IP"},{"$i":"shortStatus-authenticationfailed","$v":"Palavra-passe incorreta"},{"$i":"securityWEP","$v":"WEP"},{"$i":"securityWPA-PSK","$v":"WPA-PSK"},{"$i":"securityWPA-EAP","$v":"WPA-EAP"},{"$i":"securityWPA2-PSK","$v":"WPA2-PSK"},{"$i":"securityWPA/WPA2-PSK","$v":"WPA/WPA2-PSK"},{"$i":"securedBy","$v":[{"t":"idOrVar","v":"capabilities"}]},{"$i":"securedByWay","$v":["Protegido por ",{"t":"idOrVar","v":"capabilities"}]},{"$i":"security","$v":"Segurança"},{"$i":"signalStrength","$v":"Potência do sinal"},{"$i":"signalLevel0","$v":"Muito fraca"},{"$i":"signalLevel1","$v":"Fraca"},{"$i":"signalLevel2","$v":"Média"},{"$i":"signalLevel3","$v":"Boa"},{"$i":"signalLevel4","$v":"Muito boa"},{"$i":"ipAddress","$v":"Endereço IP"},{"$i":"linkSpeed","$v":"Velocidade da ligação"},{"$i":"linkSpeedMbs","$v":[{"t":"idOrVar","v":"linkSpeed"}," Mbit/s"]},{"$i":"wifi-rescan","$v":"Voltar a ler"},{"$i":"wifi-join-fail","$v":["Não foi possível aderir à rede ",{"t":"idOrVar","v":"n"},"."]},{"$i":"wifi-connect-fail","$v":["Palavra-passe incorreta para ",{"t":"idOrVar","v":"n"},"."]},{"$i":"wifi-connect-fail-username-or-password","$v":["Nome de utilizador ou palavra-passe incorretos para ",{"t":"idOrVar","v":"n"},"."]},{"$i":"wifi-ip-set-fail","$v":"Falha nas definições de IP."},{"$i":"wifi-pw-length-error","$v":"O comprimento da palavra-passe deve ter mais de 8 caracteres"},{"$i":"password","$v":"Palavra-passe"},{"$i":"showPassword","$v":"Mostrar palavra-passe"},{"$i":"connect","$v":"Ligar"},{"$i":"rescanCompleted","$v":"Nova análise concluída."},{"$i":"eap-method","$v":"Método EAP"},{"$i":"phase-authentication","$v":"Autenticação da Fase 2"},{"$i":"server-certificate","$v":"Certificado de servidor"},{"$i":"username","$v":"Nome de utilizador"},{"$i":"eap-sim","$v":"SIM"},{"$i":"eap-aka","$v":"AKA"},{"$i":"eap-peap","$v":"PEAP"},{"$i":"eap-ttls","$v":"TTLS"},{"$i":"eap-akae","$v":"AKA'"},{"$i":"sim1","$v":"SIM1"},{"$i":"sim2","$v":"SIM2"},{"$i":"auth-with","$v":"Autenticar com"},{"$i":"sim-carrier-text","$v":["SIM",{"t":"idOrVar","v":"index"}," - ",{"t":"idOrVar","v":"carrierName"}]},{"$i":"auth-phase2-no","$v":"Não"},{"$i":"auth-phase2-pap","$v":"PAP"},{"$i":"auth-phase2-mschap","$v":"MSCHAP"},{"$i":"auth-phase2-mschapv2","$v":"MSCHAP V2"},{"$i":"auth-phase2-gtc","$v":"GTC"},{"$i":"server-certificate-none","$v":"--"},{"$i":"failedToConnect","$v":"Falha ao ligar"},{"$i":"select","$v":"SELEC."},{"$i":"skip","$v":"Ignorar"},{"$i":"next","$v":"Seguinte"},{"$i":"accept","$v":"Aceitar"},{"$i":"cancel","$v":"Cancelar"},{"$i":"ok","$v":"OK"},{"$i":"notNow","$v":"Agora não"},{"$i":"forget","$v":"Esquecer"},{"$i":"confirmation","$v":"Confirmação"},{"$i":"forget-network","$v":"Esquecer a rede?"},{"$i":"network-forgotten","$v":"Rede esquecida."},{"$i":"hfa","$v":"HFA"},{"$i":"setup-phone-verification","$v":"Verificação do telefone"},{"$i":"phone-verification-entry-message","$v":"Configure uma conta verificando o seu número para aceder à loja e serviços adicionais."},{"$i":"phone-verification-skip-message","$v":"A verificação do telefone está incompleta. Pode verificar mais tarde em Definições >Conta. A verificação é necessária para aceder à Loja e para serviços adicionais."},{"$i":"anti-theft","$v":"Antirroubo"},{"$i":"anti-theft-info","$v":"Esperamos que nunca perca o seu telefone, mas, se isso acontecer, pode proteger os seus dados com as nossas funcionalidades de bloqueio remoto e limpeza. Quando estiver pronto, vá até às Definições para configurar a sua conta KaiOS."},{"$i":"select-language","$v":"Selecionar idioma"},{"$i":"language-current","$v":"Atual"},{"$i":"language-readout-on","$v":"Leitura em voz alta"},{"$i":"language-readout-off","$v":"Leitura em voz alta"},{"$i":"readout-rule","$v":"Para ativar o modo de leitura, prima a tecla de software esquerda."},{"$i":"close-readout","$v":"Modo de leitura desativado. Para ativar o modo de leitura, prima a tecla de software esquerda."},{"$i":"open-readout","$v":["Modo de leitura ativado. Selecione o idioma. ",{"t":"idOrVar","v":"selectedLang"},". Item 1 de ",{"t":"idOrVar","v":"count"},"."]},{"$i":"decline-info","$v":"A aceitação dos Termos de licença e da Política de privacidade da KaiOS é obrigatória para utilizar este dispositivo."},{"$i":"kaios-license","$v":"Termos de licença e Política de privacidade da"},{"$i":"decline","$v":"Recusar"},{"$i":"privacy-confirm","$v":"Ao premir Aceitar concorda com os Termos de licença e a Política de privacidade da KaiOS."},{"$i":"open-url","$v":"ABRIR URL"},{"$i":"privacy-terms-short","$v":"Ao aceder e utilizar o software, serviços e aplicações da KaiOS no seu dispositivo, aceita e concorda cumprir o EULA e os Termos de Privacidade da KaiOS, que podem ser encontrados aqui"},{"$i":"lyf-license","$v":"Termos da licença LYF"},{"$i":"emergency","$v":"Emergência"},{"$i":"done","$v":"Concluído"},{"$i":"about-kaios-agree","$v":"Pretendo ajudar através do envio de dados de análise."},{"$i":"about-kaios-age","$v":"Tenho mais de 16 anos."},{"$i":"about-kaios-ad","$v":"Utilizar os meus dados para melhorar a minha experiência de publicidade."},{"$i":"deselect","$v":"Desmarcar"},{"$i":"selectKeyboard","$v":"Selecionar teclado"},{"$i":"more","$v":"Mais >"},{"$i":"ellipses-char","$v":"…"},{"$i":"location-access","$v":"Acesso à localização"},{"$i":"location-content","$v":"O KaiOS utiliza dados, tais como GPS, Wi-Fi e a rede móvel próxima de si para ajudar a determinar a sua posição aproximada."},{"$i":"deny","$v":"Recusar"},{"$i":"allow","$v":"Permitir"},{"$i":"always-on-voice","$v":"Voz sempre ativa"},{"$i":"aov-p1","$v":"Pretende configurar a Voz sempre ativa?"},{"$i":"aov-p2","$v":["Clique em ",{"t":"idOrVar","v":"proceed"}," para iniciar a configuração."]},{"$i":"aov-p3","$v":"A Voz sempre ativa permite-lhe trabalhar com o seu assistente de voz \"Hello Jio\" ao criar um perfil para si e para os seus familiares."},{"$i":"aov-p4","$v":"Estes perfis de voz irão permitir-lhe controlar o telefone e efetuar outras funções com comandos de voz."},{"$i":"aov-later","$v":"Later"},{"$i":"aov-proceed","$v":"Continuar"},{"$i":"data-connectivity","$v":"Mensagem de aviso"},{"$i":"data-message","$v":"O assistente de configuração poderá usar dados da rede móvel durante a configuração inicial do smartphone."},{"$i":"qtn-privacy-terms-welcome","$v":"Bem-vindo"},{"$i":"qtn-privacy-policy-description-1","$v":["Obrigado por escolher ",{"t":"idOrVar","v":"WDM"},"."]},{"$i":"qtn-privacy-policy-description-2","$v":"A utilização dos serviços e aplicações da HMD Global no seu dispositivo é regida pela Política de privacidade da HMD Global, disponível em www.nokia.com/mobile-privacy."},{"$i":"qtn-privacy-policy-description-3","$v":["A utilização do software, serviços e aplicações KaiOS no seu dispositivo é regida pelo EULA e pelos Termos de Privacidade do KaiOS, disponíveis em ",{"t":"idOrVar","v":"WDM"},"."]},{"$i":"qtn-privacy-policy-description-4","$v":{"$o":"As informações de ativação do dispositivo com localização única do mesmo, juntamente com as informações exclusivas do dispositivo e de rede serão enviadas à KAI & HMD."}},{"$i":"qtn-privacy-policy-description-5","$v":"Esta informação permite responder melhor às suas necessidades, fornecer atualizações de SW, apoio ao cliente e ativar serviços."},{"$i":"qtn-privacy-policy-description-6","$v":"Podem aplicar-se encargos relativos a dados."},{"$i":"qtn-privacy-policy-description-7","$v":"Podem ser fornecidos avisos de privacidade e outros ao usar diferentes funcionalidades do dispositivo."},{"$i":"aov-content-readout","$v":"Pretende configurar a Voz sempre ativa? Clique em aov-later=Mais tarde"},{"$i":"software-update","$v":"Definições da atualização do software"},{"$i":"wifi-or-mobile-data","$v":"Rede Wi-Fi ou rede móvel"},{"$i":"wlan-or-mobile-data","$v":"Wi-Fi ou rede móvel"},{"$i":"wifi-only","$v":"Apenas Wi-Fi"},{"$i":"wlan-only","$v":"Apenas Wi-Fi"},{"$i":"software-update-tips","$v":"Ao transferir através da rede móvel, podem aplicar-se custos adicionais."}]