[{"$i":"wifi","$v":"Выберите Сеть"},{"$i":"ssid","$v":"SSID"},{"$i":"no-wifi-found","$v":"Нет доступных сетей"},{"$i":"wifi-searching","$v":"Поиск сетей..."},{"$i":"security-open","$v":"Открыть"},{"$i":"shortStatus-connecting","$v":"Подключение..."},{"$i":"shortStatus-associated","$v":"Получение IP-адреса..."},{"$i":"shortStatus-authenticating","$v":"Аутентификация…"},{"$i":"shortStatus-connected","$v":"Подключено"},{"$i":"shortStatus-associationreject","$v":"Ошибка подключения"},{"$i":"shortStatus-disconnected","$v":"Автономный режим"},{"$i":"shortStatus-connected-no-internet","$v":"Подключено, нет Интернета"},{"$i":"shortStatus-dhcpfailed","$v":"Ошибка IP"},{"$i":"shortStatus-authenticationfailed","$v":"Неверный пароль"},{"$i":"securityWEP","$v":"WEP"},{"$i":"securityWPA-PSK","$v":"WPA-PSK"},{"$i":"securityWPA-EAP","$v":"WPA-EAP"},{"$i":"securityWPA2-PSK","$v":"WPA2-PSK"},{"$i":"securityWPA/WPA2-PSK","$v":"WPA/WPA2-PSK"},{"$i":"securedBy","$v":[{"t":"idOrVar","v":"capabilities"}]},{"$i":"securedByWay","$v":["Защищенный с помощью ",{"t":"idOrVar","v":"capabilities"}]},{"$i":"security","$v":"Безопасность"},{"$i":"signalStrength","$v":"Качество сигнала"},{"$i":"signalLevel0","$v":"Очень слабое"},{"$i":"signalLevel1","$v":"Слабое"},{"$i":"signalLevel2","$v":"Среднее"},{"$i":"signalLevel3","$v":"Хорошее"},{"$i":"signalLevel4","$v":"Очень хорошее"},{"$i":"ipAddress","$v":"IP-адрес"},{"$i":"linkSpeed","$v":"Скорость соединения"},{"$i":"linkSpeedMbs","$v":[{"t":"idOrVar","v":"linkSpeed"}," Мбит/с"]},{"$i":"wifi-rescan","$v":"Повторное сканирование"},{"$i":"wifi-join-fail","$v":["Невозможно подключиться к сети ",{"t":"idOrVar","v":"n"},"."]},{"$i":"wifi-connect-fail","$v":["Неверный пароль для ",{"t":"idOrVar","v":"n"},"."]},{"$i":"wifi-connect-fail-username-or-password","$v":["Неверное имя пользователя или пароль для ",{"t":"idOrVar","v":"n"},"."]},{"$i":"wifi-ip-set-fail","$v":"Сбой настроек IP."},{"$i":"wifi-pw-length-error","$v":"Длина пароля должна быть более 8 символов."},{"$i":"password","$v":"Пароль"},{"$i":"showPassword","$v":"Показать Пароль"},{"$i":"connect","$v":"Подключить"},{"$i":"rescanCompleted","$v":"Сканирование завершено."},{"$i":"eap-method","$v":"Метод EAP"},{"$i":"phase-authentication","$v":"2 этап проверки подлинности"},{"$i":"server-certificate","$v":"Сертификат сервера"},{"$i":"username","$v":"Имя пользователя"},{"$i":"eap-sim","$v":"SIM"},{"$i":"eap-aka","$v":"AKA"},{"$i":"eap-peap","$v":"PEAP"},{"$i":"eap-ttls","$v":"TTLS"},{"$i":"eap-akae","$v":"AKA'"},{"$i":"sim1","$v":"SIM1"},{"$i":"sim2","$v":"SIM2"},{"$i":"auth-with","$v":"Аутентификация с помощью"},{"$i":"sim-carrier-text","$v":["SIM",{"t":"idOrVar","v":"index"}," - ",{"t":"idOrVar","v":"carrierName"}]},{"$i":"auth-phase2-no","$v":"Нет"},{"$i":"auth-phase2-pap","$v":"PAP"},{"$i":"auth-phase2-mschap","$v":"MSCHAP"},{"$i":"auth-phase2-mschapv2","$v":"MSCHAP V2"},{"$i":"auth-phase2-gtc","$v":"GTC"},{"$i":"server-certificate-none","$v":"--"},{"$i":"failedToConnect","$v":"Не удалось подключиться"},{"$i":"select","$v":"Выбрать"},{"$i":"skip","$v":"Пропустить"},{"$i":"next","$v":"Далее"},{"$i":"accept","$v":"Принять"},{"$i":"cancel","$v":"Отмена"},{"$i":"ok","$v":"OK"},{"$i":"notNow","$v":"Не сейчас"},{"$i":"forget","$v":"Забыть"},{"$i":"confirmation","$v":"Подтверждение"},{"$i":"forget-network","$v":"Забыть сеть?"},{"$i":"network-forgotten","$v":"Сеть забыта."},{"$i":"hfa","$v":"HFA"},{"$i":"setup-phone-verification","$v":"Подтверждение телефона"},{"$i":"phone-verification-entry-message","$v":"Настройте аккаунт, проверив свой номер для доступа к магазину и дополнительным услугам."},{"$i":"phone-verification-skip-message","$v":"Подтверждение телефона не окончено. Вы можете пройти подтверждение позже в разделе Настройки>Аккаунт. Подтверждение необходимо для доступа к Магазину и дополнительным услугам."},{"$i":"anti-theft","$v":"Защита от кражи"},{"$i":"anti-theft-info","$v":"Мы надеемся, что вы никогда не потеряете свой телефон, но если это произойдет, вы можете защитить ваши данные с помощью нашей функции удаленной блокировки и очистки. Когда вы будете готовы, перейдите в Настройки, чтобы настроить аккаунт KaiOS."},{"$i":"select-language","$v":"Выбор языка"},{"$i":"language-current","$v":"Текущее"},{"$i":"language-readout-on","$v":"Чтение вслух ВКЛ"},{"$i":"language-readout-off","$v":"Чтение вслух ВЫКЛ"},{"$i":"readout-rule","$v":"Чтобы включить режим Считывания, пожалуйста, нажмите левую программную клавишу."},{"$i":"close-readout","$v":"Режим Считывания отключен. Чтобы включить режим Считывания, пожалуйста, нажмите левую программную клавишу."},{"$i":"open-readout","$v":["Режим считывания включен. Выберите язык. ",{"t":"idOrVar","v":"SelectedLang"},". Элемент 1 из ",{"t":"idOrVar","v":"count"},"."]},{"$i":"decline-info","$v":"Для использования этого устройства требуется принятие условий Лицензионного соглашения и Политики конфиденциальности KaiOS."},{"$i":"kaios-license","$v":"Условия лицензионного соглашения и Политика конфиденциальности"},{"$i":"decline","$v":"Отклонить"},{"$i":"privacy-confirm","$v":"Нажимая «Принять», вы соглашаетесь с условиями лицензии и политикой конфиденциальности KaiOS."},{"$i":"open-url","$v":"ОТКРЫТЬ URL-АДРЕС"},{"$i":"privacy-terms-short","$v":"Получая доступ и используя программное обеспечение, службы и приложения KaiOS на своем устройстве, вы принимаете и соглашаетесь соблюдать Лицензионное соглашение и Условия конфиденциальности KaiOS, которые можно найти здесь"},{"$i":"lyf-license","$v":"Лицензионные условия LYF"},{"$i":"emergency","$v":"Экстренные"},{"$i":"done","$v":"Готово"},{"$i":"about-kaios-agree","$v":"Я хочу помочь, отправив аналитические данные."},{"$i":"about-kaios-age","$v":"Я старше 16 лет."},{"$i":"about-kaios-ad","$v":"Использовать мои данные для улучшения рекламного опыта."},{"$i":"deselect","$v":"Отменить выбор"},{"$i":"selectKeyboard","$v":"Выбрать клавиатуру"},{"$i":"more","$v":"Ещё >"},{"$i":"ellipses-char","$v":"…"},{"$i":"location-access","$v":"Доступ к Местоположению"},{"$i":"location-content","$v":"KaiOS использует данные GPS, Wi-Fi и мобильные сети рядом с вами, чтобы определить ваше приблизительное местоположение."},{"$i":"deny","$v":"Отклонить"},{"$i":"allow","$v":"Разрешить"},{"$i":"always-on-voice","$v":"Постоянно активный голосовой ввод"},{"$i":"aov-p1","$v":"Хотите настроить Голосовое управление?"},{"$i":"aov-p2","$v":["Нажмите ",{"t":"idOrVar","v":"proceed"},", чтобы начать настройку."]},{"$i":"aov-p3","$v":"«Голосовое управление» позволяет вам работать с голосовым помощником «Hello Jio», создав профиль для вас и ваших близких."},{"$i":"aov-p4","$v":"Эти голосовые профили позволят вам управлять своим телефоном и выполнять другие функции с помощью голосовых команд."},{"$i":"aov-later","$v":"Later"},{"$i":"aov-proceed","$v":"Продолжить"},{"$i":"data-connectivity","$v":"Сообщение с предупреждением"},{"$i":"data-message","$v":"Мастер настройки может использовать трафик мобильной сети во время начальной настройки смартфона."},{"$i":"qtn-privacy-terms-welcome","$v":"Приветствие"},{"$i":"qtn-privacy-policy-description-1","$v":["Спасибо, что выбрали ",{"t":"idOrVar","v":"WDM"},"."]},{"$i":"qtn-privacy-policy-description-2","$v":"Использование служб и приложений HMD Global на устройстве регулируется политикой конфиденциаль-ности HMD Global, доступной по ссылке www.nokia.com/mobile-privacy."},{"$i":"qtn-privacy-policy-description-3","$v":["Использование программного обеспечения KaiOS, служб и приложений на вашем устройстве регулируется лицензионным соглашением и условиями конфиденциальности KaiOS по адресу ",{"t":"idOrVar","v":"WDM"},"."]},{"$i":"qtn-privacy-policy-description-4","$v":{"$o":"Сведения об активации устройства вместе с однократными сведениями о местоположении устройства и уникальными сведениями об устройстве и сети будут отправлены в KAI & HMD."}},{"$i":"qtn-privacy-policy-description-5","$v":"Эти сведения позволяют нам лучше соответствовать требованиям в вашей стране, предоставлять обновления программного обеспечения, обеспечивать поддержку клиентов и активировать службы."},{"$i":"qtn-privacy-policy-description-6","$v":"Может взиматься плата за передачу данных."},{"$i":"qtn-privacy-policy-description-7","$v":"При использовании разных функций устройства могут появляться уведомления о конфиденциаль-ности и другие уведомления."},{"$i":"aov-content-readout","$v":"Хотите настроить Голосовое управление? Нажмите на aov-later=Позже"},{"$i":"software-update","$v":"Настройки Обновления ПО"},{"$i":"wifi-or-mobile-data","$v":"Wi-Fi или мобильная сеть"},{"$i":"wlan-or-mobile-data","$v":"Wi-Fi или мобильная сеть"},{"$i":"wifi-only","$v":"Только Wi-Fi"},{"$i":"wlan-only","$v":"Только Wi-Fi"},{"$i":"software-update-tips","$v":"При загрузке через мобильную сеть могут возникнуть дополнительные расходы."}]