[{"$i":"wifi","$v":"ජාලයක් තෝරන්න"},{"$i":"ssid","$v":"SSID"},{"$i":"no-wifi-found","$v":"කිසිදු ජාලයක් නැත"},{"$i":"wifi-searching","$v":"ජාල සොයයි…"},{"$i":"security-open","$v":"විවෘත කරන්න"},{"$i":"shortStatus-connecting","$v":"සම්බන්ධ වෙමින්…"},{"$i":"shortStatus-associated","$v":"IP ලිපිනයක් ලබා ගනිමින්..."},{"$i":"shortStatus-authenticating","$v":"සත්‍යාපනය කෙරෙමින්…"},{"$i":"shortStatus-connected","$v":"සම්බන්ධ කරන ලදි"},{"$i":"shortStatus-associationreject","$v":"සම්බන්ධතාව අසාර්ථකය"},{"$i":"shortStatus-disconnected","$v":"ඕෆ්ලයින්"},{"$i":"shortStatus-connected-no-internet","$v":"සම්බන්ධිතයි, අන්තර්ජාලය නැත"},{"$i":"shortStatus-dhcpfailed","$v":"IP අසාර්ථකයි"},{"$i":"shortStatus-authenticationfailed","$v":"වැරදි රහස් වචනයක්"},{"$i":"securityWEP","$v":"WEP"},{"$i":"securityWPA-PSK","$v":"WPA-PSK"},{"$i":"securityWPA-EAP","$v":"WPA-EAP"},{"$i":"securityWPA2-PSK","$v":"WPA2-PSK"},{"$i":"securityWPA/WPA2-PSK","$v":"WPA/WPA2-PSK"},{"$i":"securedBy","$v":[{"t":"idOrVar","v":"capabilities"}]},{"$i":"securedByWay","$v":["මගින් සුරකින ලදි ",{"t":"idOrVar","v":"capabilities"}]},{"$i":"security","$v":"ආරක්ෂාව"},{"$i":"signalStrength","$v":"සංඥා ශක්තිය"},{"$i":"signalLevel0","$v":"ඉතා දුර්වලයි"},{"$i":"signalLevel1","$v":"දුර්වලයි"},{"$i":"signalLevel2","$v":"සාමාන්‍යය"},{"$i":"signalLevel3","$v":"හොඳයි"},{"$i":"signalLevel4","$v":"ඉතා හොඳයි"},{"$i":"ipAddress","$v":"IP ලිපිනය"},{"$i":"linkSpeed","$v":"සබැඳි වේගය"},{"$i":"linkSpeedMbs","$v":[{"t":"idOrVar","v":"linkSpeed"}," Mbit/s"]},{"$i":"wifi-rescan","$v":"නැවත ස්කෑන් කරන්න"},{"$i":"wifi-join-fail","$v":["ජාලයට සම්බන්ධ කළ නොහැක ",{"t":"idOrVar","v":"n"},"."]},{"$i":"wifi-connect-fail","$v":[{"t":"idOrVar","v":"n"},"සඳහා රහස් වචනය වැරදියි."]},{"$i":"wifi-connect-fail-username-or-password","$v":[{"t":"idOrVar","v":"n"}," සඳහා වැරදි පරිශීලකනාමය හෝ මුරපදය."]},{"$i":"wifi-ip-set-fail","$v":"IP සැකසුම අසාර්ථකයි."},{"$i":"wifi-pw-length-error","$v":"රහස්වචනයේ දිග අකුරු 8ට වැඩි විය යුතුය."},{"$i":"password","$v":"රහස් වචනය"},{"$i":"showPassword","$v":"රහස්වචනය පෙන්වන්න"},{"$i":"connect","$v":"සම්බන්ධ කරන්න"},{"$i":"rescanCompleted","$v":"රෙස්කන් සම්පූර්ණයි."},{"$i":"eap-method","$v":"EAP ක්‍රමය"},{"$i":"phase-authentication","$v":"අදියර 2 සත්‍යාපනය"},{"$i":"server-certificate","$v":"සර්වර සහතිකය"},{"$i":"username","$v":"භාවිතනම"},{"$i":"eap-sim","$v":"SIM"},{"$i":"eap-aka","$v":"AKA"},{"$i":"eap-peap","$v":"PEAP"},{"$i":"eap-ttls","$v":"TTLS"},{"$i":"eap-akae","$v":"AKA'"},{"$i":"sim1","$v":"සිම් 1"},{"$i":"sim2","$v":"සිම් 2"},{"$i":"auth-with","$v":"සමග සත්‍යාපනය කරන්න"},{"$i":"sim-carrier-text","$v":["SIM",{"t":"idOrVar","v":"index"}," - ",{"t":"idOrVar","v":"carrierName"}]},{"$i":"auth-phase2-no","$v":"නැත"},{"$i":"auth-phase2-pap","$v":"PAP"},{"$i":"auth-phase2-mschap","$v":"MSCHAP"},{"$i":"auth-phase2-mschapv2","$v":"MSCHAP V2"},{"$i":"auth-phase2-gtc","$v":"GTC"},{"$i":"server-certificate-none","$v":"--"},{"$i":"failedToConnect","$v":"සම්බන්ධ වීමට නොහැකි විය"},{"$i":"select","$v":"තෝරන්න"},{"$i":"skip","$v":"මඟ හරින්න"},{"$i":"next","$v":"ඊලඟ"},{"$i":"accept","$v":"පිළිගන්න"},{"$i":"cancel","$v":"අවලංගු කරන්න"},{"$i":"ok","$v":"OK"},{"$i":"notNow","$v":"දැන් නොවේ"},{"$i":"forget","$v":"අමතක කරන්න"},{"$i":"confirmation","$v":"තහවුරු කිරීම"},{"$i":"forget-network","$v":"ජාලය අමතක කරන්නද?"},{"$i":"network-forgotten","$v":"ජාලය අමතක විය."},{"$i":"hfa","$v":"HFA"},{"$i":"setup-phone-verification","$v":"දුරකථන සත්‍යාපනය"},{"$i":"phone-verification-entry-message","$v":"ගබඩාවට හා අතිරේක සේවා වෙත ප්‍රවේශ වීමට ඔබේ අංකය තහවුරු කිරීමෙන් ගිණුමක් පිහිටුවන්න."},{"$i":"phone-verification-skip-message","$v":"ඔබේ දුරකථන සත්‍යාපනය අසම්පූර්ණයි. ඔබට පසුව පසුතල > ගිණුම වෙතින් සත්‍යාපනය කළ හැක. ගබඩාව හා අතිරේක සේවා වෙත පිවිසීමට සත්‍යාපනය අවශ්‍ය වේ."},{"$i":"anti-theft","$v":"සොරකම්-විරෝධී"},{"$i":"anti-theft-info","$v":"ඔබගේ දුරකථනය නැති නොවේවායි අපි පතමු, නමුත් එසේ නැති වුවහොත්, අපගේ දුරස්ත අගුළු සහ පිස දැමීමේ විශේෂාංග සමඟින් ඔබේ දත්ත ආරක්ෂා කර ගැනීමට ඔබට පුළුවන. ඔබ සූදානම් විට, ඔබේ KaiOS ගිණුම සකස් කර ගැනීමට පසුතල වෙත යන්න."},{"$i":"select-language","$v":"භාෂාව තෝරන්න"},{"$i":"language-current","$v":"වත්මන්"},{"$i":"language-readout-on","$v":"කියවන්න"},{"$i":"language-readout-off","$v":"කියවන්න"},{"$i":"readout-rule","$v":"කියවීම් ප්‍රකාරය සක්‍රීය කිරීමට, වම් මෘදුකාංග යතුර ඔබන්න."},{"$i":"close-readout","$v":"කියවීම් ප්‍රකාරය අබලයි. කියවීම් ප්‍රකාරය සක්‍රීය කිරීමට, වම් මෘදුකාංග යතුර ඔබන්න."},{"$i":"open-readout","$v":["කියවීම් ප්‍රකාරය සබලයි. භාෂාව තෝරන්න. ",{"t":"idOrVar","v":"selectedLang"},". අයිතම ",{"t":"idOrVar","v":"count"}," න් 1."]},{"$i":"decline-info","$v":"මෙම උපාංගය භාවිතයට නියමයන් සහ කොන්දේසි පිළිගැනීම අවශ්‍යයි."},{"$i":"kaios-license","$v":"නියමයන් සහ රහස්‍යතා ප්‍රතිපත්තිය"},{"$i":"decline","$v":"ප්‍රතික්ෂේප කරන්න"},{"$i":"privacy-confirm","$v":"‘එකඟයි’ එබීමෙන් ඔබ KaiOS බලපත්‍ර නියම සහ පෞද්ගලිකත්ව ප්‍රතිපත්තියට එකඟ වෙයි."},{"$i":"open-url","$v":"URL විවෘත කරන්න"},{"$i":"privacy-terms-short","$v":"ඔබේ උපාංගය තුළ KaiOS මෘදුකාංග, සේවා, සහ යෙදුම් වෙත ප්‍රවේශ වීමෙන් සහ ඒවා භාවිත කිරීමෙන්, ඔබ මෙහි දැක්වෙන KaiOS EULA හට සහ පෞද්ගලිකත්ව නියමවලට අනුකූල වීමට පිළිගෙන එකඟ වෙයි"},{"$i":"lyf-license","$v":"LYF බලපත්‍ර නියමයන්"},{"$i":"emergency","$v":"හදිසි"},{"$i":"done","$v":"ඉටු කළා"},{"$i":"about-kaios-agree","$v":"විශ්ලේෂණ දත්ත යැවීමෙන් මට උදව් කිරීමට අවශ්යයි."},{"$i":"about-kaios-age","$v":"වයස අවුරුදු 16 ට වැඩි."},{"$i":"about-kaios-ad","$v":"මගේ දැන්වීම්කරණ අත්දැකීම වැඩිදියුණු කිරීමට මගේ දත්ත භාවිතා කරන්න."},{"$i":"deselect","$v":"තේරීම ඉවත් කරන්න"},{"$i":"selectKeyboard","$v":"යතුරු පුවරුව තෝරන්න"},{"$i":"more","$v":"තවත් >"},{"$i":"ellipses-char","$v":"…"},{"$i":"location-access","$v":"ස්ථාන ප්‍රවේශය"},{"$i":"location-content","$v":"ඔබේ ආසන්න ස්ථානය තීරණ කිරීමට උදවු කිරීමට KaiOS ඔබ අවට ඇති GPS, Wi-Fi සහ ජංගම ජාලය වැනි දත්ත භාවිත කරයි."},{"$i":"deny","$v":"ප්‍රතික්ෂේප කරන්න"},{"$i":"allow","$v":"ඉඩ දෙන්න"},{"$i":"always-on-voice","$v":"සැමවිටම හ oice"},{"$i":"aov-p1","$v":"ඔබට සැම විට  සක්‍රීය  හඬ වින්‍යාස කිරීමට  අවශ්‍යද?"},{"$i":"aov-p2","$v":["වින්‍යාස කිරීම පටන් ගැනීමට ",{"t":"idOrVar","v":"proceed"}," ක්ලික් කරන්න."]},{"$i":"aov-p3","$v":"සැම විට  සක්‍රීය  හඬ ඔබට ඔබ වෙනුවෙන් සහ ඔබේ සමීප අය වෙනුවෙන් පැතිකඩක් සාදා ඔබේ හඬ සහකරු වන ‘Hello Jio’ සමඟ භාවිත කිරීමට ඉඩ සලසයි."},{"$i":"aov-p4","$v":"මෙම හඬ පැතිකඩ ඔබට හඬ විධාන මඟින් ඔබේ දුරකථනය පාලන කිරීමටත් වෙනත් කාර්ය ඉටු කිරීමටත් ඉඩ සලසයි."},{"$i":"aov-later","$v":"Later"},{"$i":"aov-proceed","$v":"ඉදිරියට යන්න"},{"$i":"data-connectivity","$v":"අනතුරු ඇඟවීමේ පණිවුඩය"},{"$i":"data-message","$v":"ස්මාට් දුරකථනය ප්‍රථමයෙන් සකසනු ලැබීමේ දී පිහිටුවීම් විශාරදය විසින් ජංගම ජාලය ඔස්සේ දත්ත භාවිතා කරනු ලැබීමට ඉඩ ඇත."},{"$i":"qtn-privacy-terms-welcome","$v":"සාදරයෙන් පිළිගනිමු"},{"$i":"qtn-privacy-policy-description-1","$v":[{"t":"idOrVar","v":"WDM"}," තෝරා ගැනීම පිළිබඳව ස්තූතියි."]},{"$i":"qtn-privacy-policy-description-2","$v":"ඔබ විසින් ඔබේ උපාංගයෙහි HMD Global සේවා හා යෙදුම් පරිහරණය කිරීම www.nokia.com/mobile-privacy වෙතින් ලබා ගත හැකි HMD Global රහස්‍යතා ප්‍රතිපත්තිය මගින් පාලනය වේ."},{"$i":"qtn-privacy-policy-description-3","$v":["ඔබගේ උපාංගය තුළ ඔබ KaiOS මෘදුකාංගය, සේවා සහ යෙදුම් භාවිතය ",{"t":"idOrVar","v":"WDM"}," හි ලද හැකි KaiOS EULA සහ රහස්‍යතා නියම මගින් පාලනය වේ."]},{"$i":"qtn-privacy-policy-description-4","$v":{"$o":"එක්-වරක් උපාංග පිහිටීම සමග ඔබගේ අනන්‍ය උපාංග සහ ජාල තොරතුරු සමග උපාංග සක්‍රීයකරණ තොරතුරු KAI & HMD වෙත යැවෙනු ඇත."}},{"$i":"qtn-privacy-policy-description-5","$v":"මෙම තොරතුරු මගින් අපට ඔබගේ රටෙහි අවශ්යතා හොඳන් ඉටු කිරීම සඳහා, SW යාවත්කාල කිරීම් සැපයීමට, පාරිභෝගික සහාය සහ සේවා සක්රීය කිරීම සඳහා අපට මෙම තොරතුරු වලින් හැකියාව ලැබේ."},{"$i":"qtn-privacy-policy-description-6","$v":"දත්ත ගාස්තු අදාළවීමට ඉඩ ඇත."},{"$i":"qtn-privacy-policy-description-7","$v":"ඔබ ඔබේ උපාංගයේ විවිධ විශේෂාංග පරිහරණය කිරීමේ දී රහස්‍යතාව හෝ වෙනත් දැන්වීම් සපයනු ලැබීමට ඉඩ ඇත."},{"$i":"aov-content-readout","$v":"ඔබට සැම විට  සක්‍රීය​ හඬ වින්‍යාස කිරීමට  අවශ්‍යද​? ක්ලික් කරන්න aov-later=පසුව"},{"$i":"software-update","$v":"මෘදුකාංග යාවත්කාල සැකසුම්"},{"$i":"wifi-or-mobile-data","$v":"Wi-Fi හෝ ජංගම ජාලය"},{"$i":"wlan-or-mobile-data","$v":"Wi-Fi හෝ ජංගම ජාලය"},{"$i":"wifi-only","$v":"Wi-Fi පමණි"},{"$i":"wlan-only","$v":"Wi-Fi පමණි"},{"$i":"software-update-tips","$v":"ජංගම ජාලය ඔස්සේ බාගැනීමේදී, අතිරේක ගාස්තු අදාල විය හැකිය."}]