[{"$i":"wifi","$v":"Vybrať sieť"},{"$i":"ssid","$v":"SSID"},{"$i":"no-wifi-found","$v":"Žiadne dostupné siete"},{"$i":"wifi-searching","$v":"Hľadajú sa siete..."},{"$i":"security-open","$v":"Otvoriť"},{"$i":"shortStatus-connecting","$v":"Pripájanie…"},{"$i":"shortStatus-associated","$v":"Získava sa adr. IP..."},{"$i":"shortStatus-authenticating","$v":"Autentifikuje sa..."},{"$i":"shortStatus-connected","$v":"Pripojené"},{"$i":"shortStatus-associationreject","$v":"Prippojenie neúsp."},{"$i":"shortStatus-disconnected","$v":"Offline"},{"$i":"shortStatus-connected-no-internet","$v":"Pripojené, bez internetu"},{"$i":"shortStatus-dhcpfailed","$v":"IP zlyhalo"},{"$i":"shortStatus-authenticationfailed","$v":"Nesprávne heslo"},{"$i":"securityWEP","$v":"WEP"},{"$i":"securityWPA-PSK","$v":"WPA-PSK"},{"$i":"securityWPA-EAP","$v":"WPA-EAP"},{"$i":"securityWPA2-PSK","$v":"WPA2-PSK"},{"$i":"securityWPA/WPA2-PSK","$v":"WPA/WPA2-PSK"},{"$i":"securedBy","$v":[{"t":"idOrVar","v":"capabilities"}]},{"$i":"securedByWay","$v":["Zabezp. s ",{"t":"idOrVar","v":"capabilities"}]},{"$i":"security","$v":"Zabezpečenie"},{"$i":"signalStrength","$v":"Intenzita signálu"},{"$i":"signalLevel0","$v":"Veľmi slabé"},{"$i":"signalLevel1","$v":"Slabé"},{"$i":"signalLevel2","$v":"Priemer"},{"$i":"signalLevel3","$v":"Dobré"},{"$i":"signalLevel4","$v":"Veľmi dobré"},{"$i":"ipAddress","$v":"Adresa IP"},{"$i":"linkSpeed","$v":"Rýchl. prepoj."},{"$i":"linkSpeedMbs","$v":[{"t":"idOrVar","v":"linkSpeed"}," Mbit/s"]},{"$i":"wifi-rescan","$v":"Zn. sken."},{"$i":"wifi-join-fail","$v":["Nedá sa pripojiť k sieti ",{"t":"idOrVar","v":"n"},"."]},{"$i":"wifi-connect-fail","$v":["Nesprávne heslo pre ",{"t":"idOrVar","v":"n"},"."]},{"$i":"wifi-connect-fail-username-or-password","$v":["Nesprávne používateľské meno alebo heslo pre ",{"t":"idOrVar","v":"n"},"."]},{"$i":"wifi-ip-set-fail","$v":"Nastavenia IP zlyhali."},{"$i":"wifi-pw-length-error","$v":"Min. dĺžka hesla je 8 zn.."},{"$i":"password","$v":"Heslo"},{"$i":"showPassword","$v":"Zobraziť heslo"},{"$i":"connect","$v":"Pripojiť sa"},{"$i":"rescanCompleted","$v":"Rescan bolo dokončené."},{"$i":"eap-method","$v":"Metóda EAP"},{"$i":"phase-authentication","$v":"Fáza 2 autentif."},{"$i":"server-certificate","$v":"Certifikát servera"},{"$i":"username","$v":"Používateľské meno"},{"$i":"eap-sim","$v":"SIM"},{"$i":"eap-aka","$v":"AKA"},{"$i":"eap-peap","$v":"PEAP"},{"$i":"eap-ttls","$v":"TTLS"},{"$i":"eap-akae","$v":"AKA'"},{"$i":"sim1","$v":"SIM1"},{"$i":"sim2","$v":"SIM2"},{"$i":"auth-with","$v":"Overiť pomocou"},{"$i":"sim-carrier-text","$v":["SIM",{"t":"idOrVar","v":"index"}," – ",{"t":"idOrVar","v":"carrierName"}]},{"$i":"auth-phase2-no","$v":"Nie"},{"$i":"auth-phase2-pap","$v":"PAP"},{"$i":"auth-phase2-mschap","$v":"MSCHAP"},{"$i":"auth-phase2-mschapv2","$v":"MSCHAP V2"},{"$i":"auth-phase2-gtc","$v":"GTC"},{"$i":"server-certificate-none","$v":"--"},{"$i":"failedToConnect","$v":"Pripojenie zlyhalo"},{"$i":"select","$v":"Vybrať"},{"$i":"skip","$v":"Preskočiť"},{"$i":"next","$v":"Ďalej"},{"$i":"accept","$v":"Prijať"},{"$i":"cancel","$v":"Zrušiť"},{"$i":"ok","$v":"OK"},{"$i":"notNow","$v":"Teraz nie"},{"$i":"forget","$v":"Zabudnúť"},{"$i":"confirmation","$v":"Potvrdenie"},{"$i":"forget-network","$v":"Zabudnúť sieť?"},{"$i":"network-forgotten","$v":"Sieť je zabudnutá."},{"$i":"hfa","$v":"HFA"},{"$i":"setup-phone-verification","$v":"Overenie telefónu"},{"$i":"phone-verification-entry-message","$v":"Nastavte si účet overením svojho čísla a získajte prístup k obchodu a ďalším službám."},{"$i":"phone-verification-skip-message","$v":"Overenie vášho telefónu nie je dokončené. Môžete ho vykonať aj neskôr v ponuke Nastavenia > Účet. Overenie je potrebné na prístup k obchodu a ďalším službám."},{"$i":"anti-theft","$v":"Ochr. pred krád."},{"$i":"anti-theft-info","$v":"Dúfame, že nikdy telefón nestratíte. Ak však áno, môžete chrániť svoje údaje s našimi funkciami zámku a vymazania na diaľku. Nastaviť ich môžete v Nastaveniach účtu KaiOS."},{"$i":"select-language","$v":"Vybrať jazyk"},{"$i":"language-current","$v":"Aktuálne"},{"$i":"language-readout-on","$v":"Čít. nahlas"},{"$i":"language-readout-off","$v":"Čít. nahlas"},{"$i":"readout-rule","$v":"Zapnete ho stlačením ľavého klávesu v softvéri."},{"$i":"close-readout","$v":"Režim čítania nahlas zakázaný. Zapnete ho stlačením ľavého klávesu v softvéri."},{"$i":"open-readout","$v":["Režim čítania nahlas povolený. Vyberte jazyk. ",{"t":"idOrVar","v":"selectedLang"},". Položka 1 z ",{"t":"idOrVar","v":"count"},"."]},{"$i":"decline-info","$v":"Na používanie tohto zar. sa vyžaduje prijatie Zmluvných podmienok."},{"$i":"kaios-license","$v":"Podmienky a zásady ochrany osobných údajov"},{"$i":"decline","$v":"Odmietnuť"},{"$i":"privacy-confirm","$v":"Výber „Prijať“ znamená súhlas s licenčnými podmienkami KaiOS a zásadami ochrany osobných údajov."},{"$i":"open-url","$v":"OTVORIŤ ADRESU URL"},{"$i":"privacy-terms-short","$v":"Pristupovaním k softvéru, službám a aplikáciám KaiOS a ich používaním v zariadení prijímate licenčnú dohodu s koncovým používateľom (EULA) a zásady ochrany osobných údajov pre KaiOS a súhlasíte s ich dodržiavaním. Nájdete ich tu"},{"$i":"lyf-license","$v":"Licenčné podm. LYF"},{"$i":"emergency","$v":"Núdzový hovor"},{"$i":"done","$v":"Hotovo"},{"$i":"about-kaios-agree","$v":"Chcem pomôcť odoslaním analytických údajov."},{"$i":"about-kaios-age","$v":"Som vo veku nad 16 rokov."},{"$i":"about-kaios-ad","$v":"Použiť moje údaje na zlepšenie zobrazovania reklám."},{"$i":"deselect","$v":"Zrušiť výber"},{"$i":"selectKeyboard","$v":"Vybrať klávesnicu"},{"$i":"more","$v":"Ďalšie >"},{"$i":"ellipses-char","$v":"…"},{"$i":"location-access","$v":"Prístup k polohe"},{"$i":"location-content","$v":"KaiOS využíva dáta ako GPS, Wi-Fi a mobilnú sieť vo vašom okolí na určenie vašej približnej polohy."},{"$i":"deny","$v":"Zamietnuť"},{"$i":"allow","$v":"Povoliť"},{"$i":"always-on-voice","$v":"Vždy zapnuté"},{"$i":"aov-p1","$v":"Chcete nakonfigurovať funkciu Always On-Voice?"},{"$i":"aov-p2","$v":["Kliknutím na ",{"t":"idOrVar","v":"proceed"}," spustíte konfiguráciu."]},{"$i":"aov-p3","$v":"Always On-Voice umožňuje pracovať s hlasovým asistentom Hello Jio – stačí si vytvoriť profil pre seba a vašich blízkych."},{"$i":"aov-p4","$v":"Hlasové profily umožňujú ovládať telefón a spúšťať funkcie pomocou hlasových povelov."},{"$i":"aov-later","$v":"Later"},{"$i":"aov-proceed","$v":"Pokračovať"},{"$i":"data-connectivity","$v":"Výstražná správa"},{"$i":"data-message","$v":"Sprievodca nastavením bude môcť počas úvodného nastavenia smartfónu použiť mobilnú sieť na prenos dát."},{"$i":"qtn-privacy-terms-welcome","$v":"Uvítanie"},{"$i":"qtn-privacy-policy-description-1","$v":["Ďakujeme, že ste si vybrali telefón ",{"t":"idOrVar","v":"WDM"},"."]},{"$i":"qtn-privacy-policy-description-2","$v":"Vaše používanie služieb a aplikácií HMD Global vo vašom zariadení podlieha zásadám ochrany osobných údajov spoločnosti HMD Global, ktoré sú dostupné na adrese www.nokia.com/mobile-privacy."},{"$i":"qtn-privacy-policy-description-3","$v":["Využívanie softvéru, služieb a aplikácií spoločnosti KaiOS vo vašom zariadení sa riadi licenčnou zmluvou s koncovým používateľom a prehlásením spoločnosti KaiOS o ochrane osobných údajov, ktoré nájdete na adrese ",{"t":"idOrVar","v":"WDM"},"."]},{"$i":"qtn-privacy-policy-description-4","$v":{"$o":"Pri aktivácii zariadenia budú spoločnosti KAI & HMD zaslané jednorazové informácie o polohe zariadenia spoločne s jedinečnými informáciami o zariadení a sieti."}},{"$i":"qtn-privacy-policy-description-5","$v":"Tieto informácie nám pomáhajú lepšie reagovať na dopyt vo vašej krajine, zabezpečovať aktualizácie softvérov, poskytovať podporu zákazníkom a aktivovať služby."},{"$i":"qtn-privacy-policy-description-6","$v":"Môžu byť účtované poplatky za prenos dát."},{"$i":"qtn-privacy-policy-description-7","$v":"Pri použití rôznych funkcií zariadenia sa môžu zobraziť upozornenia týkajúce sa ochrany osobných údajov alebo iné upozornenia."},{"$i":"aov-content-readout","$v":"Chcete nakonfigurovať funkciu Always On-Voice? Kliknite na aov-later=Neskôr"},{"$i":"software-update","$v":"Nastavenia aktualizácie softvéru"},{"$i":"wifi-or-mobile-data","$v":"Wi-Fi alebo mobilnú sieť"},{"$i":"wlan-or-mobile-data","$v":"Wi-Fi alebo mobilná sieť"},{"$i":"wifi-only","$v":"Len Wi-Fi"},{"$i":"wlan-only","$v":"Iba Wi-Fi"},{"$i":"software-update-tips","$v":"Pri sťahovaní cez mobilnú sieť sa môžu účtovať dodatočné poplatky."}]