[{"$i":"wifi","$v":"Izberite omrežje"},{"$i":"ssid","$v":"SSID"},{"$i":"no-wifi-found","$v":"Ni razpoložljivih omrežij"},{"$i":"wifi-searching","$v":"Iskanje omrežij ..."},{"$i":"security-open","$v":"Odpri"},{"$i":"shortStatus-connecting","$v":"Povezovanje …"},{"$i":"shortStatus-associated","$v":"Pridobivanje nasl. IP ..."},{"$i":"shortStatus-authenticating","$v":"Preverjanje pristnosti ..."},{"$i":"shortStatus-connected","$v":"Povezano"},{"$i":"shortStatus-associationreject","$v":"Povezava ni uspela"},{"$i":"shortStatus-disconnected","$v":"Brez povezave"},{"$i":"shortStatus-connected-no-internet","$v":"Povezano, ni internetne povezave"},{"$i":"shortStatus-dhcpfailed","$v":"IP ni uspel"},{"$i":"shortStatus-authenticationfailed","$v":"Nepravilno geslo"},{"$i":"securityWEP","$v":"WEP"},{"$i":"securityWPA-PSK","$v":"WPA-PSK"},{"$i":"securityWPA-EAP","$v":"WPA-EAP"},{"$i":"securityWPA2-PSK","$v":"WPA2-PSK"},{"$i":"securityWPA/WPA2-PSK","$v":"WPA/WPA2-PSK"},{"$i":"securedBy","$v":[{"t":"idOrVar","v":"capabilities"}]},{"$i":"securedByWay","$v":["Varn. zagot. ",{"t":"idOrVar","v":"capabilities"}]},{"$i":"security","$v":"Varnost"},{"$i":"signalStrength","$v":"Moč signala"},{"$i":"signalLevel0","$v":"Zelo šibek"},{"$i":"signalLevel1","$v":"Šibek"},{"$i":"signalLevel2","$v":"Povprečna"},{"$i":"signalLevel3","$v":"Dobro"},{"$i":"signalLevel4","$v":"Zelo dober"},{"$i":"ipAddress","$v":"Naslov IP"},{"$i":"linkSpeed","$v":"Hitrost povezave"},{"$i":"linkSpeedMbs","$v":[{"t":"idOrVar","v":"linkSpeed"}," Mbit/s"]},{"$i":"wifi-rescan","$v":"Preišči znova"},{"$i":"wifi-join-fail","$v":["Vzpostavitev povezave z omrežjem ",{"t":"idOrVar","v":"n"}," ni mogoča."]},{"$i":"wifi-connect-fail","$v":["Nepravilno geslo za ",{"t":"idOrVar","v":"n"},"."]},{"$i":"wifi-connect-fail-username-or-password","$v":["Napačno uporabniško ime ali geslo za ",{"t":"idOrVar","v":"n"},"."]},{"$i":"wifi-ip-set-fail","$v":"Nastavitve IP-ja niso uspele."},{"$i":"wifi-pw-length-error","$v":"Gesl. mora biti dalj. od 8 znakov."},{"$i":"password","$v":"Geslo"},{"$i":"showPassword","$v":"Pokaži geslo"},{"$i":"connect","$v":"Poveži"},{"$i":"rescanCompleted","$v":"Rescan zaključen."},{"$i":"eap-method","$v":"Način EAP"},{"$i":"phase-authentication","$v":"Prever. prist. na 2. stop."},{"$i":"server-certificate","$v":"Strežniško potrdilo"},{"$i":"username","$v":"Uporabniško ime"},{"$i":"eap-sim","$v":"SIM"},{"$i":"eap-aka","$v":"AKA"},{"$i":"eap-peap","$v":"PEAP"},{"$i":"eap-ttls","$v":"TTLS"},{"$i":"eap-akae","$v":"AKA'"},{"$i":"sim1","$v":"SIM1"},{"$i":"sim2","$v":"SIM2"},{"$i":"auth-with","$v":"Preverjanje pristnosti s/z"},{"$i":"sim-carrier-text","$v":["SIM",{"t":"idOrVar","v":"index"}," – ",{"t":"idOrVar","v":"carrierName"}]},{"$i":"auth-phase2-no","$v":"Ne"},{"$i":"auth-phase2-pap","$v":"PAP"},{"$i":"auth-phase2-mschap","$v":"MSCHAP"},{"$i":"auth-phase2-mschapv2","$v":"MSCHAP V2"},{"$i":"auth-phase2-gtc","$v":"GTC"},{"$i":"server-certificate-none","$v":"--"},{"$i":"failedToConnect","$v":"Povezava ni uspela"},{"$i":"select","$v":"Izberi"},{"$i":"skip","$v":"Preskoči"},{"$i":"next","$v":"Naprej"},{"$i":"accept","$v":"Sprejmem"},{"$i":"cancel","$v":"Prekliči"},{"$i":"ok","$v":"V redu"},{"$i":"notNow","$v":"Ne zdaj"},{"$i":"forget","$v":"Pozabi"},{"$i":"confirmation","$v":"Potrditev"},{"$i":"forget-network","$v":"Želite pozabiti omrežje?"},{"$i":"network-forgotten","$v":"Omrežje je pozabljeno."},{"$i":"hfa","$v":"HFA"},{"$i":"setup-phone-verification","$v":"Preverjanje telefona"},{"$i":"phone-verification-entry-message","$v":"Nastavite račun za dostop do trgovine in dodatnih storitev tako, da potrdite svojo številko."},{"$i":"phone-verification-skip-message","$v":"Preverjanje telefona ni dokončano. Preverite ga lahko pozneje v Nastavitve > Račun. Preveritev je potrebna za dostop do Trgovine in dodatnih storitev."},{"$i":"anti-theft","$v":"Zaščita pred krajo"},{"$i":"anti-theft-info","$v":"Upamo, da telefona ne boste nikdar izgubili. Če pa se to vseeno zgodi, lahko zaščitite svoje podatke s funkcijama zaklepanja in izbrisa na daljavo. Ko boste pripravljeni, odprite nastavitve in vzpostavite račun KaiOS."},{"$i":"select-language","$v":"Izberite jezik"},{"$i":"language-current","$v":"Trenutni"},{"$i":"language-readout-on","$v":"Branje na glas"},{"$i":"language-readout-off","$v":"Branje na glas"},{"$i":"readout-rule","$v":"Če želite vklopiti način glasnega branja, izberite levo programsko tipko."},{"$i":"close-readout","$v":"Način glasnega branja je onemogočen. Če želite vklopiti način glasnega branja, izberite levo programsko tipko."},{"$i":"open-readout","$v":["Način glasnega branja je omogočen. Izberite Jezik. ",{"t":"idOrVar","v":"selectedLang"},". Element 1 od ",{"t":"idOrVar","v":"count"},"."]},{"$i":"decline-info","$v":"Če želite uporabljati to napravo, morate sprejeti pogoje in določila."},{"$i":"kaios-license","$v":"Pogoji in politika zasebnosti"},{"$i":"decline","$v":"Zavrni"},{"$i":"privacy-confirm","$v":"Če pritisnete »Sprejmem«, se strinjate z licenčnimi pogoji in pravilnikom o zasebnosti za KaiOS."},{"$i":"open-url","$v":"ODPRI URL"},{"$i":"privacy-terms-short","$v":"Z dostopom do programske opreme KaiOS ter uporabo opreme, storitev in aplikacij v napravi sprejemate in se strinjate z licenčno pogodbo za končnega uporabnika in pogoji zasebnosti za KaiOS, ki jih najdete tukaj"},{"$i":"lyf-license","$v":"Licenčni pogoji za LYF"},{"$i":"emergency","$v":"V sili"},{"$i":"done","$v":"Dokončano"},{"$i":"about-kaios-agree","$v":"Želim vam pomagati s pošiljanjem analitičnih podatkov."},{"$i":"about-kaios-age","$v":"Sem starejša od 16 let."},{"$i":"about-kaios-ad","$v":"Uporabi moje podatke za izboljšanje moje izkušnje z oglasi."},{"$i":"deselect","$v":"Prekliči izbor"},{"$i":"selectKeyboard","$v":"Izberite tipkovnico"},{"$i":"more","$v":"Več >"},{"$i":"ellipses-char","$v":"…"},{"$i":"location-access","$v":"Dostop do lokacije"},{"$i":"location-content","$v":"KaiOS za določanje vašega približnega položaja uporablja podatke, kot so podatki o sistemu GPS, omrežju Wi-Fi in mobilnem omrežju v vaši bližini."},{"$i":"deny","$v":"Zavrni"},{"$i":"allow","$v":"Dovoli"},{"$i":"always-on-voice","$v":"Vedno na glas"},{"$i":"aov-p1","$v":"Ali želite konfigurirati funkcijo »Always On-Voice«?"},{"$i":"aov-p2","$v":["Za začetek konfiguracije kliknite ",{"t":"idOrVar","v":"proceed"},"."]},{"$i":"aov-p3","$v":"Funkcija »Always On-Voice« omogoča delo z glasovnim pomočnikom »Hello Jio« tako, da za vas in vaše bližnje ustvari profil."},{"$i":"aov-p4","$v":"Ti glasovni profili omogočajo upravljanje telefona in izvajanje drugih funkcij z glasovnimi ukazi."},{"$i":"aov-later","$v":"Later"},{"$i":"aov-proceed","$v":"Nadaljuj"},{"$i":"data-connectivity","$v":"Sporočilo opozorila"},{"$i":"data-message","$v":"Čarovnik za nastavitev bo med začetno nastavitvijo pametnega telefona morda prenašal podatke prek mobilnega omrežja."},{"$i":"qtn-privacy-terms-welcome","$v":"Pozdravljeni"},{"$i":"qtn-privacy-policy-description-1","$v":["Hvala, ker ste izbrali telefon ",{"t":"idOrVar","v":"WDM"},"."]},{"$i":"qtn-privacy-policy-description-2","$v":"Vašo uporabo storitev in aplikacij družbe HMD Global v vaši napravi ureja pravilnik o zasebnosti družbe HMD Global, ki ga lahko preberete na www.nokia.com/mobile-privacy."},{"$i":"qtn-privacy-policy-description-3","$v":["Vašo uporabo programske opreme, storitev in aplikacij KaiOS v vaši napravi urejajo licenčni pogoji za končnega uporabnika in pogoji zasebnosti, ki jih lahko preberete na ",{"t":"idOrVar","v":"WDM"},"."]},{"$i":"qtn-privacy-policy-description-4","$v":{"$o":"Informacije o aktiviranju naprave z enkratnim podatkom o lokaciji naprave ter enolični podatki o vaši napravi in omrežju bodo poslani družbi KAI & HMD."}},{"$i":"qtn-privacy-policy-description-5","$v":"Te informacije nam pomagajo zagotavljati boljše storitve v vaši državi, prenos posodobitev programske opreme, podporo za stranke in storitve aktivacije."},{"$i":"qtn-privacy-policy-description-6","$v":"Morda bodo nastali stroški prenosa podatkov."},{"$i":"qtn-privacy-policy-description-7","$v":"Med uporabo funkcij naprave se bodo morda prikazala obvestila glede zasebnosti in druga obvestila."},{"$i":"aov-content-readout","$v":"Ali želite konfigurirati funkcijo »Always On-Voice«? Kliknite aov-later=Pozneje"},{"$i":"software-update","$v":"Nastavitve posodabljanja programske opreme"},{"$i":"wifi-or-mobile-data","$v":"Wi-Fi ali mobilno omrežje"},{"$i":"wlan-or-mobile-data","$v":"Wi-Fi ali mobilno omrežje"},{"$i":"wifi-only","$v":"Samo Wi-Fi"},{"$i":"wlan-only","$v":"Samo Wi-Fi"},{"$i":"software-update-tips","$v":"Pri prenašanju prek mobilnega omrežja lahko nastanejo dodatni stroški."}]