[{"$i":"wifi","$v":"Zgjidh një rrjet"},{"$i":"ssid","$v":"SSID"},{"$i":"no-wifi-found","$v":"Nuk ka rrjete të lira"},{"$i":"wifi-searching","$v":"Po kërkohet për rrjete…"},{"$i":"security-open","$v":"Hap"},{"$i":"shortStatus-connecting","$v":"Po lidhet…"},{"$i":"shortStatus-associated","$v":"Po merret një adresë IP…"},{"$i":"shortStatus-authenticating","$v":"Po autentikohet…"},{"$i":"shortStatus-connected","$v":"Lidhur"},{"$i":"shortStatus-associationreject","$v":"Nuk u lidh dot"},{"$i":"shortStatus-disconnected","$v":"Jashtë linje"},{"$i":"shortStatus-connected-no-internet","$v":"Lidhur, nuk ka internet"},{"$i":"shortStatus-dhcpfailed","$v":"IP pa sukses"},{"$i":"shortStatus-authenticationfailed","$v":"Fjalëkalim i gabuar"},{"$i":"securityWEP","$v":"WEP"},{"$i":"securityWPA-PSK","$v":"WPA-PSK"},{"$i":"securityWPA-EAP","$v":"WPA-EAP"},{"$i":"securityWPA2-PSK","$v":"WPA2-PSK"},{"$i":"securityWPA/WPA2-PSK","$v":"WPA/WPA2-PSK"},{"$i":"securedBy","$v":[{"t":"idOrVar","v":"capabilities"}]},{"$i":"securedByWay","$v":["Sigu. nga ",{"t":"idOrVar","v":"capabilities"}]},{"$i":"security","$v":"Siguria"},{"$i":"signalStrength","$v":"Fuqia e sinjalit"},{"$i":"signalLevel0","$v":"Shumë dobët"},{"$i":"signalLevel1","$v":"I dobët"},{"$i":"signalLevel2","$v":"Mesatare"},{"$i":"signalLevel3","$v":"Mirë"},{"$i":"signalLevel4","$v":"Shumë mirë"},{"$i":"ipAddress","$v":"Adresa IP"},{"$i":"linkSpeed","$v":"Shpejtësia e lidhjes"},{"$i":"linkSpeedMbs","$v":[{"t":"idOrVar","v":"linkSpeed"}," Mbit/s"]},{"$i":"wifi-rescan","$v":"Riskano"},{"$i":"wifi-join-fail","$v":["Nuk hyn dot në rrjetin ",{"t":"idOrVar","v":"n"},"."]},{"$i":"wifi-connect-fail","$v":["Fjalëkalim i gabuar për ",{"t":"idOrVar","v":"n"},"."]},{"$i":"wifi-connect-fail-username-or-password","$v":["Emri i përdoruesit ose fjalëkalimi i pasaktë për ",{"t":"idOrVar","v":"n"},"."]},{"$i":"wifi-ip-set-fail","$v":"Cilësimet e IP pa sukses."},{"$i":"wifi-pw-length-error","$v":"Fjalëkalimi duhet të jetë mbi 8 germa."},{"$i":"password","$v":"Fjalëkalimi"},{"$i":"showPassword","$v":"Shfaq fjalëkalimin"},{"$i":"connect","$v":"Lidhu"},{"$i":"rescanCompleted","$v":"Rescan përfunduar."},{"$i":"eap-method","$v":"Metoda EAP"},{"$i":"phase-authentication","$v":"Autentikim i fazës 2"},{"$i":"server-certificate","$v":"Certifikata e serverit"},{"$i":"username","$v":"Emri i përdoruesit"},{"$i":"eap-sim","$v":"SIM"},{"$i":"eap-aka","$v":"AKA"},{"$i":"eap-peap","$v":"PEAP"},{"$i":"eap-ttls","$v":"TTLS"},{"$i":"eap-akae","$v":"AKA'"},{"$i":"sim1","$v":"SIM1"},{"$i":"sim2","$v":"SIM2"},{"$i":"auth-with","$v":"Vërteto me"},{"$i":"sim-carrier-text","$v":["SIM",{"t":"idOrVar","v":"index"}," - ",{"t":"idOrVar","v":"carrierName"}]},{"$i":"auth-phase2-no","$v":"Jo"},{"$i":"auth-phase2-pap","$v":"PAP"},{"$i":"auth-phase2-mschap","$v":"MSCHAP"},{"$i":"auth-phase2-mschapv2","$v":"MSCHAP V2"},{"$i":"auth-phase2-gtc","$v":"GTC"},{"$i":"server-certificate-none","$v":"--"},{"$i":"failedToConnect","$v":"Nuk u lidh dot"},{"$i":"select","$v":"Zgjidh"},{"$i":"skip","$v":"Anashkalo"},{"$i":"next","$v":"Tjetër"},{"$i":"accept","$v":"Prano"},{"$i":"cancel","$v":"Anulo"},{"$i":"ok","$v":"OK"},{"$i":"notNow","$v":"Jo tani"},{"$i":"forget","$v":"Harro"},{"$i":"confirmation","$v":"Konfirmimi"},{"$i":"forget-network","$v":"Të harrohet rrjeti?"},{"$i":"network-forgotten","$v":"Rrjeti u harrua."},{"$i":"hfa","$v":"HFA"},{"$i":"setup-phone-verification","$v":"Verifikimi i telefonit"},{"$i":"phone-verification-entry-message","$v":"Konfiguro një llogari duke verifikuar numrin për të hyrë te dyqani dhe shërbimet e tjera suplementare."},{"$i":"phone-verification-skip-message","$v":"Verifikimi i telefonit tënd nuk ka përfunduar. Mund ta verifikosh më vonë te \"Cilësimet > Llogaria\". Nevojitet verifikim për të hyrë në \"Store\" dhe shërbime të tjera."},{"$i":"anti-theft","$v":"Sistemi kundër vjedhjes"},{"$i":"anti-theft-info","$v":"Shpresojmë të mos e humbësh kurrë telefonin, por nëse ndodh, mund t'i mbrosh të dhënat me funksionet e kyçjes dhe të fshirjes nga distanca. Kur të jesh gati, kalo te \"Cilësimet\" për të konfiguruar llogarinë tënde në \"KaiOS\"."},{"$i":"select-language","$v":"Zgjidh gjuhën"},{"$i":"language-current","$v":"Aktual"},{"$i":"language-readout-on","$v":"Lexim me zë"},{"$i":"language-readout-off","$v":"Lexim me zë"},{"$i":"readout-rule","$v":"Për të aktivizuar Modalitetin e leximit me zë, shtyp butonin e majtë të softuerit."},{"$i":"close-readout","$v":"Modaliteti i leximit me zë është çaktivizuar. Për të aktivizuar Modalitetin e leximit me zë, shtyp butonin e majtë të softuerit."},{"$i":"open-readout","$v":["Modaliteti i leximit me zë është aktivizuar. Zgjidh gjuhën. ",{"t":"idOrVar","v":"selectedLang"},". Artikulli 1 nga ",{"t":"idOrVar","v":"count"},"."]},{"$i":"decline-info","$v":"Për të përdorur pajisjen nevojitet pranimi i kushteve."},{"$i":"kaios-license","$v":"Kushtet dhe politika e privatësisë"},{"$i":"decline","$v":"Refuzo"},{"$i":"privacy-confirm","$v":"Duke shtypur \"Prano\", ti pranon Politikën e privatësisë dhe Kushtet e licencës së KaiOS."},{"$i":"open-url","$v":"HAP URL"},{"$i":"privacy-terms-short","$v":"Duke u qasur dhe përdorur softuerët, shërbimet dhe aplikacionet e KaiOS në pajisjen tënde, ti pranon dhe bie dakord të respektosh marrëveshjen EULA dhe Kushtet e privatësisë së KaiOS, të cilat mund të gjenden këtu."},{"$i":"lyf-license","$v":"Kushtet e lejepërdorimit LYF"},{"$i":"emergency","$v":"Emergjencë"},{"$i":"done","$v":"U krye"},{"$i":"about-kaios-agree","$v":"Unë dua të ndihmoj duke dërguar të dhëna analitike."},{"$i":"about-kaios-age","$v":"Unë jam mbi moshën 16 vjeç."},{"$i":"about-kaios-ad","$v":"Përdor të dhënat e mia për të përmirësuar reklamimin."},{"$i":"deselect","$v":"Çzgjidh"},{"$i":"selectKeyboard","$v":"Zgjidh tastierë"},{"$i":"more","$v":"Më shumë >"},{"$i":"ellipses-char","$v":"…"},{"$i":"location-access","$v":"Qasja në vendndodhje"},{"$i":"location-content","$v":"KaiOS përdor të dhënat si GPS, Wi-Fi dhe rrjetin celular në afërsi me ty për të ndihmuar në përcaktimin e pozicionit tënd të përafërt."},{"$i":"deny","$v":"Refuzo"},{"$i":"allow","$v":"Lejo"},{"$i":"always-on-voice","$v":"Gjithmonë me zë"},{"$i":"aov-p1","$v":"Dëshiron të konfigurosh veçorinë Gjithmonë aktiv me zë?"},{"$i":"aov-p2","$v":["Kliko në ",{"t":"idOrVar","v":"proceed"}," për të filluar konfigurimin."]},{"$i":"aov-p3","$v":"Veçoria \"Gjithmonë aktiv me zë\" të lejon të punosh me ndihmësin e zërit \"Hello Jio\" duke krijuar një profil për ty dhe për të afërmit e tu."},{"$i":"aov-p4","$v":"Këto profile zëri do të të lejojnë të kontrollosh telefonin tënd dhe të kryesh funksione të tjera me komandat zanore."},{"$i":"aov-later","$v":"Later"},{"$i":"aov-proceed","$v":"Vazhdo"},{"$i":"data-connectivity","$v":"Mesazh paralajmërues"},{"$i":"data-message","$v":"Eksperti i konfigurimit mundëson përdorimin e të dhënave në rrjetin celular gjatë konfigurimit fillestar të telefonit inteligjent."},{"$i":"qtn-privacy-terms-welcome","$v":"Mirë se vjen"},{"$i":"qtn-privacy-policy-description-1","$v":["Faleminderit që zgjodhe ",{"t":"idOrVar","v":"WDM"},"."]},{"$i":"qtn-privacy-policy-description-2","$v":"Përdorimi i shërbimeve dhe aplikacioneve të HMD Global në pajisjen tënde rregullohet nga politika e privatësisë së HMD Global, e cila gjendet në www.nokia.com/mobile-privacy."},{"$i":"qtn-privacy-policy-description-3","$v":["Përdorimi nga ana jote i softuerit, shërbimeve dhe aplikacioneve të \"KaiOS\" në pajisjen tënde rregullohet nga marrëveshja e licencës së përdoruesit fundor (EULA) dhe kushtet e privatësisë së \"KaiOS\", të cilat gjenden në ",{"t":"idOrVar","v":"WDM"},"."]},{"$i":"qtn-privacy-policy-description-4","$v":{"$o":"Informacioni i aktivizimit të pajisjes bashkë me mesazhin e lokalizimit të pajisjes, i dërguar vetëm një herë, dhe informacioni i rrjetit dhe pajisjes tënde unike do t'i dërgohen \"KAI & HMD\"."}},{"$i":"qtn-privacy-policy-description-5","$v":"Ky informacion na mundëson që të përmbushim më mirë kërkesat në vendin tënd, të ofrojmë përditësime të softuerit, mbështetje për klientin dhe të aktivizojmë shërbime."},{"$i":"qtn-privacy-policy-description-6","$v":"Mund të ketë tarifim të dhënash."},{"$i":"qtn-privacy-policy-description-7","$v":"Kur përdor veçori të tjera të pajisjes tënde, mund të ofrohen njoftime privatësie ose të tjera."},{"$i":"aov-content-readout","$v":"Dëshiron të konfigurosh veçorinë Gjithmonë aktiv me zë? Kliko në aov-later=Më vonë"},{"$i":"software-update","$v":"Cilësimet e përditësimit të softuerit"},{"$i":"wifi-or-mobile-data","$v":"Wi-Fi\" ose rrjetit celular"},{"$i":"wlan-or-mobile-data","$v":"Wi-Fi ose rrjeti celular"},{"$i":"wifi-only","$v":"vetëm \"Wi-Fi"},{"$i":"wlan-only","$v":"Vetëm Wi-Fi"},{"$i":"software-update-tips","$v":"Kur shkarkon nëpërmjet rrjetit celular, mund të ketë tarifa shtesë."}]