[{"$i":"wifi","$v":"Odaberi mrežu"},{"$i":"ssid","$v":"SSID"},{"$i":"no-wifi-found","$v":"Nema dostupne mreže"},{"$i":"wifi-searching","$v":"Pretraga mreža…"},{"$i":"security-open","$v":"Otvori"},{"$i":"shortStatus-connecting","$v":"Povezivanje…"},{"$i":"shortStatus-associated","$v":"Dob. IP adr.…"},{"$i":"shortStatus-authenticating","$v":"Provera…"},{"$i":"shortStatus-connected","$v":"Povezano"},{"$i":"shortStatus-associationreject","$v":"Povezivanje nije uspelo"},{"$i":"shortStatus-disconnected","$v":"Van mreže"},{"$i":"shortStatus-connected-no-internet","$v":"Povezano, nema interneta"},{"$i":"shortStatus-dhcpfailed","$v":"IP adresa nije uspela"},{"$i":"shortStatus-authenticationfailed","$v":"Netačna lozinka"},{"$i":"securityWEP","$v":"WEP"},{"$i":"securityWPA-PSK","$v":"WPA-PSK"},{"$i":"securityWPA-EAP","$v":"WPA-EAP"},{"$i":"securityWPA2-PSK","$v":"WPA2-PSK"},{"$i":"securityWPA/WPA2-PSK","$v":"WPA/WPA2-PSK"},{"$i":"securedBy","$v":[{"t":"idOrVar","v":"capabilities"}]},{"$i":"securedByWay","$v":["Zašt. sa ",{"t":"idOrVar","v":"capabilities"}]},{"$i":"security","$v":"Zaštita"},{"$i":"signalStrength","$v":"Jačina signala"},{"$i":"signalLevel0","$v":"Veoma slab"},{"$i":"signalLevel1","$v":"Slab"},{"$i":"signalLevel2","$v":"Prosečno"},{"$i":"signalLevel3","$v":"Dobar"},{"$i":"signalLevel4","$v":"Veoma dobar"},{"$i":"ipAddress","$v":"IP adresa"},{"$i":"linkSpeed","$v":"Brzina veze"},{"$i":"linkSpeedMbs","$v":[{"t":"idOrVar","v":"linkSpeed"}," Mbit/s"]},{"$i":"wifi-rescan","$v":"Ponovno skeniranje"},{"$i":"wifi-join-fail","$v":["Pridruživanje mreži ",{"t":"idOrVar","v":"n"}," nije moguće."]},{"$i":"wifi-connect-fail","$v":["Netačna lozinka za ",{"t":"idOrVar","v":"n"},"."]},{"$i":"wifi-connect-fail-username-or-password","$v":["Netačno korisničko ime ili lozinka za ",{"t":"idOrVar","v":"n"},"."]},{"$i":"wifi-ip-set-fail","$v":"Podešavanje IP adrese nije uspelo."},{"$i":"wifi-pw-length-error","$v":"Loz. mora biti duža od 8 znak."},{"$i":"password","$v":"Lozinka"},{"$i":"showPassword","$v":"Prikaži lozinku"},{"$i":"connect","$v":"Poveži se"},{"$i":"rescanCompleted","$v":"Ресцан завршен."},{"$i":"eap-method","$v":"EAP metod"},{"$i":"phase-authentication","$v":"Druga faza provere"},{"$i":"server-certificate","$v":"Sertifikat servera"},{"$i":"username","$v":"Korisničko ime"},{"$i":"eap-sim","$v":"SIM"},{"$i":"eap-aka","$v":"AKA"},{"$i":"eap-peap","$v":"PEAP"},{"$i":"eap-ttls","$v":"TTLS"},{"$i":"eap-akae","$v":"AKA'"},{"$i":"sim1","$v":"СИМ1"},{"$i":"sim2","$v":"СИМ2"},{"$i":"auth-with","$v":"Proveri koristeći"},{"$i":"sim-carrier-text","$v":["SIM",{"t":"idOrVar","v":"index"}," – ",{"t":"idOrVar","v":"carrierName"}]},{"$i":"auth-phase2-no","$v":"Ne"},{"$i":"auth-phase2-pap","$v":"PAP"},{"$i":"auth-phase2-mschap","$v":"MSCHAP"},{"$i":"auth-phase2-mschapv2","$v":"MSCHAP V2"},{"$i":"auth-phase2-gtc","$v":"GTC"},{"$i":"server-certificate-none","$v":"--"},{"$i":"failedToConnect","$v":"Povezivanje nije uspelo"},{"$i":"select","$v":"Odaberi"},{"$i":"skip","$v":"Preskoči"},{"$i":"next","$v":"Sledeće"},{"$i":"accept","$v":"Prihvati"},{"$i":"cancel","$v":"Otkaži"},{"$i":"ok","$v":"OK"},{"$i":"notNow","$v":"Ne sada"},{"$i":"forget","$v":"Zaboravi"},{"$i":"confirmation","$v":"Potvrda"},{"$i":"forget-network","$v":"Zaboraviti mrežu?"},{"$i":"network-forgotten","$v":"Mreža zaboravljena."},{"$i":"hfa","$v":"HFA"},{"$i":"setup-phone-verification","$v":"Verifikacija telefona"},{"$i":"phone-verification-entry-message","$v":"Podesite nalog verifikacijom broja za pristup prodavnici i dodatnim uslugama."},{"$i":"phone-verification-skip-message","$v":"Verifikacija telefona nije potpuna. Možete verifikovati kasnije u Podešavanja > Nalog. Verifikacija je potrebna za pristup Prodavnici i dodatnim uslugama."},{"$i":"anti-theft","$v":"Zaštita od krađe"},{"$i":"anti-theft-info","$v":"Nadamo se da nikad nećete izgubiti telefon, ali ako ga izgubite, možemo da zaštitimo vaše podatke pomoću naših funkcija daljinskog zaključavanja i brisanja. Kada budete spremni, idite u Podešavanja da biste podesili svoj KaiOS nalog."},{"$i":"select-language","$v":"Odaberi jezik"},{"$i":"language-current","$v":"Trenutno"},{"$i":"language-readout-on","$v":"Čitanje"},{"$i":"language-readout-off","$v":"Čitanje"},{"$i":"readout-rule","$v":"Da biste uključili režim čitanja, pritisnite levi softverski taster."},{"$i":"close-readout","$v":"Režim čitanja je onemogućen. Da biste uključili režim čitanja, pritisnite levi softverski taster."},{"$i":"open-readout","$v":["Režim čitanja je omogućen. Izaberite jezik. ",{"t":"idOrVar","v":"selectedLang"},". Stavka 1 od ",{"t":"idOrVar","v":"count"},"."]},{"$i":"decline-info","$v":"Prihvatanje Odredbi i uslova je obavezno da bi se mogao koristiti ovaj uređaj."},{"$i":"kaios-license","$v":"Услови и политика приватности"},{"$i":"decline","$v":"Odbij"},{"$i":"privacy-confirm","$v":"Pritiskom na dugme „Prihvati“ prihvatate KaiOS uslove licenciranja i smernice za privatnost."},{"$i":"open-url","$v":"OTVORI URL ADRESU"},{"$i":"privacy-terms-short","$v":"Prihvatanjem i korišćenjem KaiOS softvera, usluga i aplikacija na uređaju, pristajete da budete usaglašeni sa KaiOS EULA ugovorom i uslovima za privatnost koji se mogu pronaći ovde"},{"$i":"lyf-license","$v":"LYF uslovi licenciranja"},{"$i":"emergency","$v":"Hitan slučaj"},{"$i":"done","$v":"Gotovo"},{"$i":"about-kaios-agree","$v":"Желим да помогнем слањем аналитичких података."},{"$i":"about-kaios-age","$v":"Имам преко 16 година."},{"$i":"about-kaios-ad","$v":"Koristi moje podatke za poboljšanje doživljaja oglašavanja."},{"$i":"deselect","$v":"Poništi izbor"},{"$i":"selectKeyboard","$v":"Izaberi tastaturu"},{"$i":"more","$v":"Još >"},{"$i":"ellipses-char","$v":"…"},{"$i":"location-access","$v":"Приступ локацији"},{"$i":"location-content","$v":"KaiOS koristi podatke kao što su GPS, Wi-Fi i mobilna mreža blizu vas da bi utvrdio vaš približni položaj."},{"$i":"deny","$v":"Odbij"},{"$i":"allow","$v":"Dozvoli"},{"$i":"always-on-voice","$v":"Увек на глас"},{"$i":"aov-p1","$v":"Želite li da podesite Always On-Voice?"},{"$i":"aov-p2","$v":["Kliknite na ",{"t":"idOrVar","v":"proceed"}," za početak podešavanja."]},{"$i":"aov-p3","$v":"Always On-Voice omogućava rad sa glasovnim pomoćnikom „Hello Jio“ pravljenjem profila za vas i vaše bližnje."},{"$i":"aov-p4","$v":"Ovi glasovni profili vam omogućavaju da kontrolišete telefon i vršite druge funkcije uz glasovne komande."},{"$i":"aov-later","$v":"Later"},{"$i":"aov-proceed","$v":"Nastavi"},{"$i":"data-connectivity","$v":"Poruka upozorenja"},{"$i":"data-message","$v":"Čarobnjak za podešavanje će možda koristiti podatke preko mobilne mreže tokom početnog podešavanja vašeg smartfona."},{"$i":"qtn-privacy-terms-welcome","$v":"Dobro došli"},{"$i":"qtn-privacy-policy-description-1","$v":["Hvala vam što ste izabrali ",{"t":"idOrVar","v":"WDM"},"."]},{"$i":"qtn-privacy-policy-description-2","$v":"Vaša upotreba HMD Global usluga i aplikacija na vašem uređaju regulisana je HMD Global Pravilima privatnosti, koja su dostupna na adresi www.nokia.com/mobile-privacy."},{"$i":"qtn-privacy-policy-description-3","$v":["Vaša upotreba KaiOS softvera, usluga i aplikacija na vašem uređaju regulisana KaiOS EULA ugovorom i uslovima privatnosti dostupnim na lokaciji ",{"t":"idOrVar","v":"WDM"},"."]},{"$i":"qtn-privacy-policy-description-4","$v":{"$o":"Informacije o aktivaciji uređaja zajedno s jednokratnom porukom o lokaciji uređaja zajedno sa informacijama koje su jedinstvene za vaš uređaj i mrežu šalju se kompaniji KAI & HMD."}},{"$i":"qtn-privacy-policy-description-5","$v":"Ove informacije nam omogućavaju da bolje zadovoljimo zahteve u vašoj zemlji, obezbedimo ažurirane verzije softvera, korisničku službu za podršku i aktivaciju usluga."},{"$i":"qtn-privacy-policy-description-6","$v":"Mogu nastati troškovi prenosa podataka."},{"$i":"qtn-privacy-policy-description-7","$v":"Obaveštenja o privatnosti ili druga obaveštenja mogu vam biti obezbeđena dok koristite različite funkcije uređaja."},{"$i":"aov-content-readout","$v":"Želite li da podesite Always On-Voice? Kliknite na aov-later=Kasnije"},{"$i":"software-update","$v":"Podešavanja za ažuriranja softvera"},{"$i":"wifi-or-mobile-data","$v":"Wi-Fi ili mobilna mreža"},{"$i":"wlan-or-mobile-data","$v":"Wi-Fi ili mobilna mreža"},{"$i":"wifi-only","$v":"Samo Wi-Fi"},{"$i":"wlan-only","$v":"Samo Wi-Fi"},{"$i":"software-update-tips","$v":"Kada preuzimate preko mobilne mreže, mogu nastati dodatni troškovi."}]