[{"$i":"wifi","$v":"Chagua Mtandao"},{"$i":"ssid","$v":"SSID"},{"$i":"no-wifi-found","$v":"Hakuna mitandao inapatikana"},{"$i":"wifi-searching","$v":"Inatafuta mitandao..."},{"$i":"security-open","$v":"Fungua"},{"$i":"shortStatus-connecting","$v":"Inaunganishwa..."},{"$i":"shortStatus-associated","$v":"Inatafuta anwani ya IP..."},{"$i":"shortStatus-authenticating","$v":"Uhalalishaji..."},{"$i":"shortStatus-connected","$v":"Imeunganishwa"},{"$i":"shortStatus-associationreject","$v":"Muunganisho haujafaulu"},{"$i":"shortStatus-disconnected","$v":"Nje ya mtandao"},{"$i":"shortStatus-connected-no-internet","$v":"Umeunganisa, hamna intaneti"},{"$i":"shortStatus-dhcpfailed","$v":"IP haijafaulu"},{"$i":"shortStatus-authenticationfailed","$v":"Nenosiri lisilo sahihi"},{"$i":"securityWEP","$v":"WEP"},{"$i":"securityWPA-PSK","$v":"WPA-PSK"},{"$i":"securityWPA-EAP","$v":"WPA-EAP"},{"$i":"securityWPA2-PSK","$v":"WPA2-PSK"},{"$i":"securityWPA/WPA2-PSK","$v":"WPA/WPA2-PSK"},{"$i":"securedBy","$v":[{"t":"idOrVar","v":"capabilities"}]},{"$i":"securedByWay","$v":["Imelindwa na ",{"t":"idOrVar","v":"capabilities"}]},{"$i":"security","$v":"Usalama"},{"$i":"signalStrength","$v":"Nguvu ya wimbi"},{"$i":"signalLevel0","$v":"Hafifu sana"},{"$i":"signalLevel1","$v":"Hafifu"},{"$i":"signalLevel2","$v":"Wastani"},{"$i":"signalLevel3","$v":"Nzuri"},{"$i":"signalLevel4","$v":"Nzuri sana"},{"$i":"ipAddress","$v":"Anwani ya IP"},{"$i":"linkSpeed","$v":"Kasi ya kiungo"},{"$i":"linkSpeedMbs","$v":["Megabiti ",{"t":"idOrVar","v":"linkSpeed"},"/sek"]},{"$i":"wifi-rescan","$v":"Tafuta"},{"$i":"wifi-join-fail","$v":["Huwezi kujiunga na mtandao ",{"t":"idOrVar","v":"n"},"."]},{"$i":"wifi-connect-fail","$v":["Nenosiri la ",{"t":"idOrVar","v":"n"}," sio sahihi."]},{"$i":"wifi-connect-fail-username-or-password","$v":["Jina la mtumiaji au nenosiri la ",{"t":"idOrVar","v":"n"}," si sahihi."]},{"$i":"wifi-ip-set-fail","$v":"Mipangilio ya IP haijafaulu."},{"$i":"wifi-pw-length-error","$v":"Lazima urefu wa nenosiri uwe zaidi ya vibambo 8."},{"$i":"password","$v":"Nenosiri"},{"$i":"showPassword","$v":"Onyesha Nenosiri"},{"$i":"connect","$v":"Unganisha"},{"$i":"rescanCompleted","$v":"Umekamilisha kuchanganua upya."},{"$i":"eap-method","$v":"Mbinu ya EAP"},{"$i":"phase-authentication","$v":"Uhalalishaji wa awamu ya 2"},{"$i":"server-certificate","$v":"Cheti cha seva"},{"$i":"username","$v":"Jina la mtumiaji"},{"$i":"eap-sim","$v":"SIM"},{"$i":"eap-aka","$v":"AKA"},{"$i":"eap-peap","$v":"PEAP"},{"$i":"eap-ttls","$v":"TTLS"},{"$i":"eap-akae","$v":"AKA'"},{"$i":"sim1","$v":"KADIWIA1"},{"$i":"sim2","$v":"KADIWIA2"},{"$i":"auth-with","$v":"Thibitisha kwa"},{"$i":"sim-carrier-text","$v":["SIM",{"t":"idOrVar","v":"index"}," - ",{"t":"idOrVar","v":"carrierName"}]},{"$i":"auth-phase2-no","$v":"Hakuna"},{"$i":"auth-phase2-pap","$v":"PAP"},{"$i":"auth-phase2-mschap","$v":"MSCHAP"},{"$i":"auth-phase2-mschapv2","$v":"MSCHAP V2"},{"$i":"auth-phase2-gtc","$v":"GTC"},{"$i":"server-certificate-none","$v":"--"},{"$i":"failedToConnect","$v":"Haijafaulu Kuunganisha"},{"$i":"select","$v":"Chagua"},{"$i":"skip","$v":"Ruka"},{"$i":"next","$v":"Inayofuata"},{"$i":"accept","$v":"Kubali"},{"$i":"cancel","$v":"Ghairi"},{"$i":"ok","$v":"SAWA"},{"$i":"notNow","$v":"Sio sasa hii"},{"$i":"forget","$v":"Sahau"},{"$i":"confirmation","$v":"Uthibitishaji"},{"$i":"forget-network","$v":"Unataka kusahau mtandao?"},{"$i":"network-forgotten","$v":"Mtandao umesahaulika."},{"$i":"hfa","$v":"HFA"},{"$i":"setup-phone-verification","$v":"Uthibitishaji wa Simu"},{"$i":"phone-verification-entry-message","$v":"Unda akaunti kwa kuthibitisha nambari yako ili ufikie duka na huduma zaidi."},{"$i":"phone-verification-skip-message","$v":"Uthibitishaji wa simu yako haujakamilika. UnAWEza kuithibitisha baadaye katika Mipangilio>Akaunti. Uthibitishaji unahitajika ili uweze kufikia Duka na huduma zaidi."},{"$i":"anti-theft","$v":"Uzuiaji wa Wizi"},{"$i":"anti-theft-info","$v":"Tunatumaini hutapoteza simu yako, lakini ukiipoteza, unaweza kulinda data yako ukitumia vipengele vya kufunga na kufuta ukiwa mbali. Ukiwa tayari, nenda kwenye Mipangilio ili uunde akaunti yako ya KaiOS."},{"$i":"select-language","$v":"Chagua Lugha"},{"$i":"language-current","$v":"Ya sasa"},{"$i":"language-readout-on","$v":"Usomaji kwa Sauti"},{"$i":"language-readout-off","$v":"Usomaji kwa Sauti"},{"$i":"readout-rule","$v":"Ili kuiwasha huduma ya Kusoma Maandishi, tafadhali bonyeza kitufe amri cha kushoto cha programu."},{"$i":"close-readout","$v":"Huduma ya kusoma maandishi imezimwa. Ili kuiwasha huduma ya Kusoma Maandishi, tafadhali bonyeza kitufe amri cha kushoto cha programu."},{"$i":"open-readout","$v":["Modi ya usomaji umewezeshwa. Chagua Lugha. ",{"t":"idOrVar","v":"selectedLang"},". Kitu 1 katika ya ",{"t":"idOrVar","v":"count"},"."]},{"$i":"decline-info","$v":"Unatakiwa kukubali Masharti ya Leseni na Sera ya Faragha ya KaiOS ili uweze kutumia kifaa hiki."},{"$i":"kaios-license","$v":"Masharti ya Leseni na Sera ya Faragha ya"},{"$i":"decline","$v":"Kataa"},{"$i":"privacy-confirm","$v":"Kwa kubonyeza Kubali unakubali Masharti ya Leseni ya KaiOS na Sera ya Faragha."},{"$i":"open-url","$v":"FUNGUA URL"},{"$i":"privacy-terms-short","$v":"Kwa kuzifikia na kutumia programu za KaiOS, huduma na apu kwenye kifaa chako, unakubali kufuata KaiOS EULA  na Masharti ya Haki za Kutoingiliwa, yanayoweza kupatikana hapa"},{"$i":"lyf-license","$v":"Sheria za Leseni ya LYF"},{"$i":"emergency","$v":"Dharura"},{"$i":"done","$v":"Gotoka"},{"$i":"about-kaios-agree","$v":"Ninataka kusaidia kwa kutuma data ya takwimu."},{"$i":"about-kaios-age","$v":"Nima umri wa zaidi ya miaka 16."},{"$i":"about-kaios-ad","$v":"Tumia data yangu kuboresha huduma ya matangazo kwangu."},{"$i":"deselect","$v":"Tengua uteuzi"},{"$i":"selectKeyboard","$v":"Chagua Kibodi"},{"$i":"more","$v":"Mengine >"},{"$i":"ellipses-char","$v":"…"},{"$i":"location-access","$v":"Ufikiaji wa Eneo"},{"$i":"location-content","$v":"KaiOS hutumia data kama vile GPS, Wi-Fi na mtandao wa simu iliyo karibu nawe ili kujua eneo lako."},{"$i":"deny","$v":"Kataa"},{"$i":"allow","$v":"Ruhusu"},{"$i":"always-on-voice","$v":"Sauti Siku zote"},{"$i":"aov-p1","$v":"Je, ungependa kuweka mipangilio ya kipengele cha Always On-Voice?"},{"$i":"aov-p2","$v":["Bofya ",{"t":"idOrVar","v":"proceed"}," ili uanze kuweka mipangilio."]},{"$i":"aov-p3","$v":"Kipengele cha Always On-Voice hukuruhusu ushirikiane na programu yako ya mratibu wa sauti ‘Hello Jio’ kwa kuunda wasifu kwa ajili yako na kwa ajili ya uwapendao."},{"$i":"aov-p4","$v":"Wasifu hizi za sauti zitakuruhusu udhibiti simu yako na utekeleze shughuli zingine kwa kutumia amri za sauti."},{"$i":"aov-later","$v":"Later"},{"$i":"aov-proceed","$v":"Endelea"},{"$i":"data-connectivity","$v":"Ujumbe wa tahadhari"},{"$i":"data-message","$v":"Kisogora cha usanidi kina uwezekano wa kutumia data yako kupitia mtandao wa simu ya mkononi wakati wa usanidi wa kwanza wa simu maizi."},{"$i":"qtn-privacy-terms-welcome","$v":"Karibu"},{"$i":"qtn-privacy-policy-description-1","$v":["Asante kwa kuchagua ",{"t":"idOrVar","v":"WDM"},"."]},{"$i":"qtn-privacy-policy-description-2","$v":"Matumizi yako ya huduma na programu za HMD Global yanalindwa na Sera ya Faragha ya HMD Global, inayopatikana katika www.nokia.com/mobile-privacy."},{"$i":"qtn-privacy-policy-description-3","$v":["Utumiaji wako wa programu, huduma na matumizi ya KaiOS kwenye kifaa chako yanaongozwa na KaiOS EULA na Masharti ya Faragha, yanapatikana katika ",{"t":"idOrVar","v":"WDM"},"."]},{"$i":"qtn-privacy-policy-description-4","$v":{"$o":"Maelezo ya kuamilisha kifaa kwa eneo la mara moja la kifaa pamoja na maelezo yako ya kipekee ya kifaa na mtandao yatatumwa kwa KAI & HMD."}},{"$i":"qtn-privacy-policy-description-5","$v":"Maelezo haya hutuwezesha kufikia bora mahitaji katika nchi yako, kutoa visasisho vya SW, auni kwa wateja na huduma za uamilisho."},{"$i":"qtn-privacy-policy-description-6","$v":"Gharama za data zinaweza kutekelezwa."},{"$i":"qtn-privacy-policy-description-7","$v":"Faragha au ilani nyingine zinaweza kutolewa unapotumia vipengele tofauti vya kifaa chako."},{"$i":"aov-content-readout","$v":"Je, ungependa kuweka mipangilio ya kipengele cha Always On-Voice? Bofya aov-later=Baadaye"},{"$i":"software-update","$v":"Mipangilio ya Usasisho wa Programu"},{"$i":"wifi-or-mobile-data","$v":"Wi-Fi au mtandao wa rununu"},{"$i":"wlan-or-mobile-data","$v":"Wi-Fi au mtandao wa simu"},{"$i":"wifi-only","$v":"Wi-Fi pekee."},{"$i":"wlan-only","$v":"Wi-Fi pekee"},{"$i":"software-update-tips","$v":"Unapopakua kupitia mtandao wa simu, huenda utatozwa ada za ziada."}]