[{"$i":"wifi","$v":"ஒரு நெட்வொர்க்கைத் தேர்ந்தெடு"},{"$i":"ssid","$v":"SSID"},{"$i":"no-wifi-found","$v":"கிடைக்கும் நெட்வொர்க்குகள் இல்லை"},{"$i":"wifi-searching","$v":"நெட்வொர்க்குகளைத் தேடுகிறது…"},{"$i":"security-open","$v":"திற"},{"$i":"shortStatus-connecting","$v":"கனெக்ட் செய்கிறது..."},{"$i":"shortStatus-associated","$v":"IP அட்ரஸ்-ஐ பெறுகிறது…"},{"$i":"shortStatus-authenticating","$v":"அங்கீகரிக்கிறது..."},{"$i":"shortStatus-connected","$v":"கனெக்ட்டெட்"},{"$i":"shortStatus-associationreject","$v":"கனெக்ஷன் தோல்வியுற்றது"},{"$i":"shortStatus-disconnected","$v":"ஆஃப்லைன்"},{"$i":"shortStatus-connected-no-internet","$v":"இணைக்கப்பட்டது, இன்டர்நெட் இல்லை"},{"$i":"shortStatus-dhcpfailed","$v":"IP தோல்வியடைந்தது"},{"$i":"shortStatus-authenticationfailed","$v":"தவறான பாஸ்வெர்ட்"},{"$i":"securityWEP","$v":"WEP"},{"$i":"securityWPA-PSK","$v":"WPA-PSK"},{"$i":"securityWPA-EAP","$v":"WPA-EAP"},{"$i":"securityWPA2-PSK","$v":"WPA2-PSK"},{"$i":"securityWPA/WPA2-PSK","$v":"WPA/WPA2-PSK"},{"$i":"securedBy","$v":[{"t":"idOrVar","v":"capabilities"}]},{"$i":"securedByWay","$v":[{"t":"idOrVar","v":"capabilities"}," மூலமாக பாதுகாக்கப்பட்டது"]},{"$i":"security","$v":"பாதுகாப்பு"},{"$i":"signalStrength","$v":"சிக்னலின் வலிமை"},{"$i":"signalLevel0","$v":"மிகவும் பலவீனம்"},{"$i":"signalLevel1","$v":"பலவீனம்"},{"$i":"signalLevel2","$v":"சராசரி"},{"$i":"signalLevel3","$v":"நன்று"},{"$i":"signalLevel4","$v":"மிகவும் நன்று"},{"$i":"ipAddress","$v":"IP அட்ரஸ்"},{"$i":"linkSpeed","$v":"லிங்க் ஸ்பீட்"},{"$i":"linkSpeedMbs","$v":[{"t":"idOrVar","v":"linkSpeed"}," Mbit/s"]},{"$i":"wifi-rescan","$v":"மீண்டும் ஸ்கேன் செய்க"},{"$i":"wifi-join-fail","$v":["நெட்வொர்க் ",{"t":"idOrVar","v":"n"}," உடன் இணைய இயலவில்லை."]},{"$i":"wifi-connect-fail","$v":[{"t":"idOrVar","v":"n"},"-க்கான பாஸ்வெர்ட் தவறானது."]},{"$i":"wifi-connect-fail-username-or-password","$v":[{"t":"idOrVar","v":"n"}," க்கான தவறான பயனர்பெயர் அல்லது பாஸ்வோர்டு."]},{"$i":"wifi-ip-set-fail","$v":"IP செட்டிங்ஸ் தோல்வியிந்தது."},{"$i":"wifi-pw-length-error","$v":"பாஸ்வெர்ட் நீளம் 8 எழுத்துக்குறிகளுக்கும் மேல் இருக்க வேண்டும்."},{"$i":"password","$v":"பாஸ்வெர்ட்"},{"$i":"showPassword","$v":"பாஸ்வெர்ட்-ஐ காட்டவும்"},{"$i":"connect","$v":"கனெக்ட்"},{"$i":"rescanCompleted","$v":"மீண்டும் ஸ்கேன் செய்வது முடிந்தது."},{"$i":"eap-method","$v":"EAP முறை"},{"$i":"phase-authentication","$v":"2 ஆம் நிலை அங்கீகரிப்பு"},{"$i":"server-certificate","$v":"சர்வர் சான்றிதழ்"},{"$i":"username","$v":"யூசர்நேம்"},{"$i":"eap-sim","$v":"சிம்"},{"$i":"eap-aka","$v":"AKA"},{"$i":"eap-peap","$v":"PEAP"},{"$i":"eap-ttls","$v":"TTLS"},{"$i":"eap-akae","$v":"ஏ.கே.ஏ'"},{"$i":"sim1","$v":"சிம் 1"},{"$i":"sim2","$v":"சிம் 2"},{"$i":"auth-with","$v":"உடன் அங்கீகரிக்கவும்"},{"$i":"sim-carrier-text","$v":["சிம்",{"t":"idOrVar","v":"index"}," - ",{"t":"idOrVar","v":"carrierName"}]},{"$i":"auth-phase2-no","$v":"அனுமதிக்கப்படவில்லை"},{"$i":"auth-phase2-pap","$v":"PAP"},{"$i":"auth-phase2-mschap","$v":"MSCHAP"},{"$i":"auth-phase2-mschapv2","$v":"MSCHAP V2"},{"$i":"auth-phase2-gtc","$v":"GTC"},{"$i":"server-certificate-none","$v":"--"},{"$i":"failedToConnect","$v":"கனெக்ட் செய்வது தோல்வியடைந்தது"},{"$i":"select","$v":"தேர்ந்தெடு"},{"$i":"skip","$v":"தவிர்"},{"$i":"next","$v":"அடுத்த"},{"$i":"accept","$v":"ஏற்கிறேன்"},{"$i":"cancel","$v":"ரத்து செய்க"},{"$i":"ok","$v":"சரி"},{"$i":"notNow","$v":"இப்போது வேண்டாம்"},{"$i":"forget","$v":"அகற்று"},{"$i":"confirmation","$v":"உறுதிப்படுத்துதல்"},{"$i":"forget-network","$v":"நெட்வொர்க்கை மறந்துவிட்டீர்களா?"},{"$i":"network-forgotten","$v":"நெட்வொர்க் மறக்கப்பட்டது."},{"$i":"hfa","$v":"HFA"},{"$i":"setup-phone-verification","$v":"ஃபோன் சரிபார்ப்பு"},{"$i":"phone-verification-entry-message","$v":"ஸ்டோர் மற்றும் கூடுதல் சர்வீஸ்-களை அக்சஸ் செய்ய உங்கள் எண்ணை சரிபார்த்து ஒரு அக்கவுண்ட்-ஐ அமைக்கவும்."},{"$i":"phone-verification-skip-message","$v":"உங்கள் போன் சரிபார்ப்பு முழுமைவில்லை. செட்டிங்ஸ்> அக்கவுண்ட்-இல் பின்னர் நீங்கள் சரிபார்க்கலாம். ஸ்டோர் மற்றும் கூடுதல் சர்வீஸ்-களை அக்சஸ் செய்ய சரிபார்ப்பு தேவை."},{"$i":"anti-theft","$v":"ஆன்டி-தெஃப்ட்"},{"$i":"anti-theft-info","$v":"நீங்கள் உங்கள் ஃபோனை தொலைத்ததில்லை என்று நாங்கள் நம்புகிறோம் ஆனால், அப்படி இருந்தால், உங்கள் டேட்டாவை எங்களின் ரிமோட் லாக் மற்றும் ஸ்வைப் அம்சங்கள் கொண்டு நீங்கள் பாதுகாக்கலாம். நீங்கள் தயாராக இருக்கும் போது செட்டிங்ஸ்-க்கு சென்று KaiOS அக்கவுண்ட்-ஐ அமைக்கவும்."},{"$i":"select-language","$v":"மொழியைத் தேர்ந்தெடு"},{"$i":"language-current","$v":"தற்போதைய"},{"$i":"language-readout-on","$v":"ரீட்அவுட்"},{"$i":"language-readout-off","$v":"ரீட்அவுட்"},{"$i":"readout-rule","$v":"ரீட்அவுட் பயன்முறையை இயக்க, இடது சாப்ட்வேர் கீயை அழுத்தவும்."},{"$i":"close-readout","$v":"ரீட்அவுட் பயன்முறை முடக்கப்பட்டது. ரீட்அவுட் பயன்முறையை இயக்க, இடது மென்பொருள் கீயை அழுத்தவும்."},{"$i":"open-readout","$v":["ரீட்அவுட் பயன்முறை இயக்கப்பட்டது. மொழியை தேர்ந்தெடுக்கவும். ",{"t":"idOrVar","v":"selectedLang"},". ",{"t":"idOrVar","v":"count"}," இன் ஐட்டம் 1."]},{"$i":"decline-info","$v":"இந்த டிவைஸை பயன்படுத்த காய்ஓ.எஸ் உரிம விதிமுறைகள் மற்றும் தனியுரிமைக் கொள்கையை ஏற்றுக்கொள்ளுதல் தேவைப்படுகிறது."},{"$i":"kaios-license","$v":"காய்ஓ.எஸ் உரிம விதிமுறைகள் மற்றும் தனியுரிமை கொள்கை"},{"$i":"decline","$v":"நிராகரி"},{"$i":"privacy-confirm","$v":"ஏற்றுக்கொள்கிறேன் என்பதை அழுத்துவதன் மூலம் நீங்கள் காய்ஓ.எஸ் உரிம விதிமுறைகள் மற்றும் தனியுரிமைக் கொள்கையை ஏற்கிறீர்கள்."},{"$i":"open-url","$v":"URL-ஐ திறக்கவும்"},{"$i":"privacy-terms-short","$v":"உங்கள் சாதனத்தில் உள்ள காய்ஓ.எஸ் சாப்ட்வேர், சேவைகள் மற்றும் அப்ளிகேஷன்களை அணுகி பயன்படுத்துவதன் மூலம், இங்கே குறிப்பிடப்பட்டுள்ள, காய்ஓ.எஸ் இ.யூ.எல்.எ மற்றும் தனியுரிமை விதிமுறைகளுக்கு இணங்க ஏற்றுக்கொண்டு ஒப்புக்கொள்கிறீர்கள்"},{"$i":"lyf-license","$v":"LYF லைசென்ஸ் விதிமுறைகள்"},{"$i":"emergency","$v":"அவசரநிலை"},{"$i":"done","$v":"முடிந்தது"},{"$i":"about-kaios-agree","$v":"அனலிடிக்ஸ் டேட்டாவை அனுப்புவதன் மூலம் நான் உதவ விரும்புகிறேன்."},{"$i":"about-kaios-age","$v":"நான் 16 வயதைக் கடந்தவன்."},{"$i":"about-kaios-ad","$v":"எனது விளம்பர அனுபவத்தை மேம்படுத்த எனது டேட்டாவை பயன்படுத்தவும்."},{"$i":"deselect","$v":"தேர்வுநீக்கு"},{"$i":"selectKeyboard","$v":"கீபோர்டை தேர்ந்தெடுக்கவும்"},{"$i":"more","$v":"மேலும் >"},{"$i":"ellipses-char","$v":"…"},{"$i":"location-access","$v":"இருப்பிட அணுகல்"},{"$i":"location-content","$v":"KaiOS uses data such as GPS, Wi-Fi and mobile network near you to help determine your approximate position."},{"$i":"deny","$v":"நிராகரி"},{"$i":"allow","$v":"اجازت"},{"$i":"always-on-voice","$v":"எப்போதும் ஆன்-வாய்ஸ்"},{"$i":"aov-p1","$v":"ஆல்வேஸ் ஆன்-வாய்ஸில் கான்ஃபிகுர் விரும்புகிறீர்களா?"},{"$i":"aov-p2","$v":["கான்ஃபிகுரேஷனை தொடங்க ",{"t":"idOrVar","v":"proceed"},"ஐ கிளிக் செய்யவும்."]},{"$i":"aov-p3","$v":"உங்களுக்கும் உங்கள் நெருங்கியவர்களுக்கும் ஒரு சுயவிவரத்தை உருவாக்குவதன் மூலம் உங்கள் வாய்ஸ் உதவியாளரான ‘ஹலோ ஜியோ’ உடன் பணிபுரிய ஆல் ஆன்-வாய்ஸ் உங்களை அனுமதிக்கிறது."},{"$i":"aov-p4","$v":"இந்த வாய்ஸ் சுயவிவரங்கள் உங்கள் போனை கட்டுப்படுத்தவும், வாய்ஸ் கட்டளைகளுடன் பிற செயல்பாடுகளை செய்யவும் உங்களை அனுமதிக்கும்."},{"$i":"aov-later","$v":"Later"},{"$i":"aov-proceed","$v":"செயல்படுத்தவும்"},{"$i":"data-connectivity","$v":"எச்சரிக்கை செய்தி"},{"$i":"data-message","$v":"ஸ்மார்ட் ஃபோனின் ஆரம்ப அமைப்பின்போது, அமைப்பு வழிகாட்டி மொபைல் நெட்வொர்க்கின் தரவைப் பயன்படுத்தும்."},{"$i":"qtn-privacy-terms-welcome","$v":"வரவேற்கிறோம்"},{"$i":"qtn-privacy-policy-description-1","$v":[{"t":"idOrVar","v":"WDM"}," தேர்வு நன்றி."]},{"$i":"qtn-privacy-policy-description-2","$v":"உங்கள் சாதனத்தில் HMD Global சேவைகள் மற்றும் பயன்பாடுகளின் உங்கள் பயன்படுத்தல் HMD Global தனியுரிமைக் கொள்கையால் நிர்வகிக்கப்​படுகிறது, இது www.nokia.com/mobile-privacy-இல் கிடைக்கிறது."},{"$i":"qtn-privacy-policy-description-3","$v":["உங்கள் சாதனத்தில் KaiOS மென்பொருள், சேவைகள் மற்றும் பயன்பாடுகளின் உங்கள் பயன்படுத்தல் KaiOS EULA மற்றும் தனியுரிமை விதிமுறைகளால் நிர்வகிக்கப்படுகிறது, இது ",{"t":"idOrVar","v":"WDM"},"-இல் கிடைக்கிறது."]},{"$i":"qtn-privacy-policy-description-4","$v":{"$o":"ஒருமுறை சாதன இருப்பிடத் தகவல் மற்றும் உங்கள் தனித்துவ சாதனம் மற்றும் நெட்வொர்க் தகவல் ஆகியவற்றைக் கொண்டுள்ள சாதன இயக்கத் தகவல் KAI & HMD-இற்கு அனுப்பப்படும்."}},{"$i":"qtn-privacy-policy-description-5","$v":"இந்த தகவல் உங்கள் நாட்டிலுள்ள தேவையைப் பூர்த்திசெய்ய, மென்பொருள் புதுப்பிப்புகள், வாடிக்கையாளர் சேவையை வழங்க மற்றும் சேவைகளை இயக்க எங்களுக்கு உதவுகிறது."},{"$i":"qtn-privacy-policy-description-6","$v":"தரவு கட்டணங்கள் பொருந்தலாம்."},{"$i":"qtn-privacy-policy-description-7","$v":"உங்கள் சாதனத்தின் வெவ்வேறு அம்சங்களை நீங்கள் பயன்படுத்தும் போது தனியுரிமை அல்லது அறிவிப்புகள் வழங்கப்படலாம்."},{"$i":"aov-content-readout","$v":"ஆல்வேஸ் ஆன்-வாய்ஸில் கான்ஃபிகுர் விரும்புகிறீர்களா? கிளிக் செய்க aov-later=பின்னர்"},{"$i":"software-update","$v":"சாப்ட்வேர் அப்டேட் செட்டிங்ஸ்"},{"$i":"wifi-or-mobile-data","$v":"வைஃபை அல்லது மொபைல் நெட்வொர்க்"},{"$i":"wlan-or-mobile-data","$v":"Wi-Fi or mobile network"},{"$i":"wifi-only","$v":"வைஃபை மட்டும்"},{"$i":"wlan-only","$v":"Wi-Fi only"},{"$i":"software-update-tips","$v":"மொபைல் நெட்வொர்க் மூலம் டவுன்லோட் செய்யும்போது, கூடுதல் கட்டணங்கள் பொருந்தலாம்."}]