[{"$i":"wifi","$v":"เลือกเครือข่าย"},{"$i":"ssid","$v":"SSID"},{"$i":"no-wifi-found","$v":"ไม่มีเครือข่ายที่ใช้ได้"},{"$i":"wifi-searching","$v":"กำลังค้นหาเครือข่าย..."},{"$i":"security-open","$v":"เปิด"},{"$i":"shortStatus-connecting","$v":"กำลังเชื่อมต่อ…"},{"$i":"shortStatus-associated","$v":"กำลังรับที่อยู่ IP..."},{"$i":"shortStatus-authenticating","$v":"กำลังยืนยันสิทธิ์……"},{"$i":"shortStatus-connected","$v":"เชื่อมต่อแล้ว"},{"$i":"shortStatus-associationreject","$v":"การเชื่อมต่อล้มเหลว"},{"$i":"shortStatus-disconnected","$v":"ออฟไลน์"},{"$i":"shortStatus-connected-no-internet","$v":"เชื่อมต่อแล้ว, ไม่มีสัญญาณอินเทอร์เน็ต"},{"$i":"shortStatus-dhcpfailed","$v":"IP ล้มเหลว"},{"$i":"shortStatus-authenticationfailed","$v":"รหัสผ่านไม่ถูกต้อง"},{"$i":"securityWEP","$v":"WEP"},{"$i":"securityWPA-PSK","$v":"WPA-PSK"},{"$i":"securityWPA-EAP","$v":"WPA-EAP"},{"$i":"securityWPA2-PSK","$v":"WPA2-PSK"},{"$i":"securityWPA/WPA2-PSK","$v":"WPA/WPA2-PSK"},{"$i":"securedBy","$v":[{"t":"idOrVar","v":"capabilities"}]},{"$i":"securedByWay","$v":["รักษาความปลอดภัยโดย ",{"t":"idOrVar","v":"capabilities"}]},{"$i":"security","$v":"ความปลอดภัย"},{"$i":"signalStrength","$v":"ความแรงสัญญาณ"},{"$i":"signalLevel0","$v":"อ่อนมาก"},{"$i":"signalLevel1","$v":"อ่อน"},{"$i":"signalLevel2","$v":"เฉลี่ย"},{"$i":"signalLevel3","$v":"ดี"},{"$i":"signalLevel4","$v":"ดีมาก"},{"$i":"ipAddress","$v":"ที่อยู่ IP"},{"$i":"linkSpeed","$v":"ความเร็วในการเชื่อมโยง"},{"$i":"linkSpeedMbs","$v":[{"t":"idOrVar","v":"linkSpeed"}," Mbit/วิ"]},{"$i":"wifi-rescan","$v":"สแกนใหม่"},{"$i":"wifi-join-fail","$v":["ไม่สามารถเข้าร่วมเครือข่าย ",{"t":"idOrVar","v":"n"}]},{"$i":"wifi-connect-fail","$v":["รหัสผ่าน ",{"t":"idOrVar","v":"n"}," ไม่ถูกต้อง"]},{"$i":"wifi-connect-fail-username-or-password","$v":["ชื่อผู้ใช้หรือรหัสผ่านสำหรับ ",{"t":"idOrVar","v":"n"}," ไม่ถูกต้อง"]},{"$i":"wifi-ip-set-fail","$v":"การตั้งค่า IP ล้มเหลว"},{"$i":"wifi-pw-length-error","$v":"รหัสผ่านจะต้องยาวเกิน 8 ตัวอักษร"},{"$i":"password","$v":"รหัสผ่าน"},{"$i":"showPassword","$v":"แสดงรหัสผ่าน"},{"$i":"connect","$v":"เชื่อมต่อ"},{"$i":"rescanCompleted","$v":"รีสแกนสำเร็จ"},{"$i":"eap-method","$v":"วิธี EAP"},{"$i":"phase-authentication","$v":"การตรวจสอบสิทธิ์ขั้นที่ 2"},{"$i":"server-certificate","$v":"ใบรับรองเซิร์ฟเวอร์"},{"$i":"username","$v":"ชื่อผู้ใช้"},{"$i":"eap-sim","$v":"ซิม"},{"$i":"eap-aka","$v":"AKA"},{"$i":"eap-peap","$v":"PEAP"},{"$i":"eap-ttls","$v":"TTLS"},{"$i":"eap-akae","$v":"AKA'"},{"$i":"sim1","$v":"SIM1"},{"$i":"sim2","$v":"SIM2"},{"$i":"auth-with","$v":"ยืนยันสิทธิ์ด้วย"},{"$i":"sim-carrier-text","$v":["ซิม ",{"t":"idOrVar","v":"index"}," - ",{"t":"idOrVar","v":"carrierName"}]},{"$i":"auth-phase2-no","$v":"ไม่ใช่"},{"$i":"auth-phase2-pap","$v":"PAP"},{"$i":"auth-phase2-mschap","$v":"MSCHAP"},{"$i":"auth-phase2-mschapv2","$v":"MSCHAP V2"},{"$i":"auth-phase2-gtc","$v":"GTC"},{"$i":"server-certificate-none","$v":"--"},{"$i":"failedToConnect","$v":"การเชื่อมต่อล้มเหลว"},{"$i":"select","$v":"เลือก"},{"$i":"skip","$v":"ข้าม"},{"$i":"next","$v":"ถัดไป"},{"$i":"accept","$v":"ยอมรับ"},{"$i":"cancel","$v":"ยกเลิก"},{"$i":"ok","$v":"ตกลง"},{"$i":"notNow","$v":"ไม่ใช่ตอนนี้"},{"$i":"forget","$v":"ลืม"},{"$i":"confirmation","$v":"การยืนยัน"},{"$i":"forget-network","$v":"ลืมเครือข่ายหรือไม่"},{"$i":"network-forgotten","$v":"ลืมเครือข่าย"},{"$i":"hfa","$v":"HFA"},{"$i":"setup-phone-verification","$v":"การยันยันโทรศัพท์"},{"$i":"phone-verification-entry-message","$v":"ตั้งค่าบัญชีโดยยืนยันหมายเลขของคุณเพื่อเข้าถึงร้านค้าและบริการอื่นๆ"},{"$i":"phone-verification-skip-message","$v":"การยืนยันของโทรศัพท์ของคุณยังไม่เสร็จสิ้น คุณสามารถยืนยันได้ภายหลังใน การตั้งค่า>บัญชี ต้องมีการยืนยันเพื่อเข้าถึงร้านค้าและบริการอื่นๆ"},{"$i":"anti-theft","$v":"โหมดป้องกันขโมย"},{"$i":"anti-theft-info","$v":{"$o":"เราหวังว่าคุณจะไม่ทำโทรศัพท์สูญหาย แต่หากโทรศัพท์สูญหาย คุณก็สามารถปกป้อง<br>ข้อมูลโดยใช้คุณสมบัติการ<br>ล็อกและลบข้อมูลระยะไกล<br>ของเราได้<br> เมื่อคุณพร้อม ให้ไปที่การตั้งค่าเพื่อตั้งค่าบัญชี KaiOS ของคุณ"}},{"$i":"select-language","$v":"เลือกภาษา"},{"$i":"language-current","$v":"ปัจจุบัน"},{"$i":"language-readout-on","$v":"การอ่านออกเสียง"},{"$i":"language-readout-off","$v":"การอ่านออกเสียง"},{"$i":"readout-rule","$v":"ในการเปิดโหมดการอ่าน โปรดกดปุ่มซอฟต์แวร์ด้านซ้าย"},{"$i":"close-readout","$v":"โหมดการอ่านถูกปิดใช้งาน ในการเปิดโหมดการอ่าน โปรดกดปุ่มซอฟต์แวร์ด้านซ้าย"},{"$i":"open-readout","$v":["เปิดใช้งานโหมดการอ่านออกเสียง เลือกภาษา ",{"t":"idOrVar","v":"selectedLang"}," รายการ 1 จาก ",{"t":"idOrVar","v":"count"}]},{"$i":"decline-info","$v":"คุณต้องตกลงต่อเงื่อนไขลิขสิทธิ์และนโยบายความเป็นส่วนตัวของ KaiOS เพื่อใช้อุปกรณ์นี้"},{"$i":"kaios-license","$v":"เงื่อนไขลิขสิทธิ์และนโยบายความเป็นส่วนตัวของ"},{"$i":"decline","$v":"ปฏิเสธ"},{"$i":"privacy-confirm","$v":"การกดยอมรับ หมายถึงคุณยอมรับเงื่อนไขการใช้งานและนโยบายความเป็นส่วนตัวของ KaiOS "},{"$i":"open-url","$v":"เปิด URL"},{"$i":"privacy-terms-short","$v":"ด้วยการเข้าถึงและใช้งานซอฟต์แวร์ บริการ และแอปพลิเคชันของ KaiOS ในอุปกรณ์ของคุณ หมายถึงคุณยอมรับและตกลงที่จะปฏิบัติตามเงื่อนไขความเป็นส่วนตัวและ EULA ของ KaiOS ซึ่งสามารถดูได้ที่นี่"},{"$i":"lyf-license","$v":"ข้อกำหนดใบอนุญาตของ LYF"},{"$i":"emergency","$v":"ฉุกเฉิน"},{"$i":"done","$v":"เสร็จสิ้น"},{"$i":"about-kaios-agree","$v":"ฉันต้องการช่วยเหลือด้วยการส่งข้อมูลเชิงวิเคราะห์"},{"$i":"about-kaios-age","$v":"ฉันอายุมากกว่า 16 ปี"},{"$i":"about-kaios-ad","$v":"ใช้ข้อมูลของฉันเพื่อปรับปรุงประสบการณ์การรับโฆษณษของฉัน"},{"$i":"deselect","$v":"ยกเลิกการเลือก"},{"$i":"selectKeyboard","$v":"เลือกคีย์บอร์ด"},{"$i":"more","$v":"อื่น ๆ >"},{"$i":"ellipses-char","$v":"…"},{"$i":"location-access","$v":"การเข้าถึงตำแหน่งที่ตั้ง"},{"$i":"location-content","$v":"ข้อมูลผู้ใช้ KaiOS เช่น GPS, Wi-Fi และเครือข่ายโทรศัพท์มือถือใกล้คุณเพื่อช่วยในการพิจารณาตำแหน่งโดยประมาณ"},{"$i":"deny","$v":"ปฏิเสธ"},{"$i":"allow","$v":"อนุญาต"},{"$i":"always-on-voice","$v":"เปิดเสียงไว้เสมอ"},{"$i":"aov-p1","$v":"ต้องการกำหนดค่า Always On-Voice หรือไม่"},{"$i":"aov-p2","$v":["คลิกที่ ",{"t":"idOrVar","v":"proceed"}," เพื่อเริ่มการกำหนดค่า"]},{"$i":"aov-p3","$v":"Always On-Voice ช่วยให้คุณสามารถทำงานกับ ‘Hello Jio’ ผู้ช่วยเสียงของคุณโดยการจัดทำโพรไฟล์ให้กับคุณและคนใกล้ชิดของคุณ"},{"$i":"aov-p4","$v":"โพรไฟล์เสียงเหล่านี้จะช่วยให้คุณสามารถควบคุมโทรศัพท์ของคุณและฟังก์ชั่นอื่น ๆ ผ่านคำสั่งเสียง"},{"$i":"aov-later","$v":"Later"},{"$i":"aov-proceed","$v":"ดำเนินการต่อ"},{"$i":"data-connectivity","$v":"ข้อความเตือน"},{"$i":"data-message","$v":"ตัวช่วยการตั้งค่าอาจใช้ข้อมูลผ่านเครือข่ายเคลื่อนที่ของคุณในการตั้งค่าโทรศัพท์เป็นครั้งแรก"},{"$i":"qtn-privacy-terms-welcome","$v":"ยินดีต้อนรับ"},{"$i":"qtn-privacy-policy-description-1","$v":["ขอขอบคุณที่เลือก ",{"t":"idOrVar","v":"WDM"}]},{"$i":"qtn-privacy-policy-description-2","$v":"การใช้งาน​บริการ HMD Global และ​แอพในอุปกรณ์คุณ​จะเป็นไปตาม​การควบคุมโดย​นโยบาย​ความเป็นส่วนตัว​ของ HMD Global ​ซึ่งดูได้ที่ ​ www.nokia.com/mobile-privacy"},{"$i":"qtn-privacy-policy-description-3","$v":["การใช้ซอฟต์แวร์ KaiOS บริการ และแอพพลิเคชั่นในอุปกรณ์ของคุณต้องเป็นไปตาม KaiOS EULA และข้อกำหนดด้านความเป็นส่วนตัวใน ",{"t":"idOrVar","v":"WDM"}]},{"$i":"qtn-privacy-policy-description-4","$v":{"$o":"ข้อมูลการเปิดใช้งานอุปกรณ์และตำแหน่งอุปกรณ์แบบใช้งานครั้งเดียวพร้อมอุปกรณ์เฉพาะและข้อมูลเครือข่ายของคุณจะถูกส่งไปให้ KAI & HMD"}},{"$i":"qtn-privacy-policy-description-5","$v":"ข้อมูลนี้​จะช่วยให้​เราทราบถึง​ความต้องการ​ในประเทศ​ของคุณ​ได้ดีขึ้น มอบอัพเดต​ซอฟต์แวร์ สนับสนุน​ด้านการ​ให้บริการลูกค้า และเปิดใช้​บริการต่างๆ"},{"$i":"qtn-privacy-policy-description-6","$v":"อาจเสียค่าบริการข้อมูล"},{"$i":"qtn-privacy-policy-description-7","$v":"อาจมี​ความเป็นส่วนตัว​และประกาศอื่นๆ ​เพิ่มเติมเมื่อคุณ​ใช้งานคุณสมบัติที่​แตกต่างกันไปใน​อุปกรณ์"},{"$i":"aov-content-readout","$v":"ต้องการกำหนดค่า Always On-Voice หรือไม่ คลิกที่ aov-later=ภายหลัง"},{"$i":"software-update","$v":"การตั้งค่าการอัปเดตซอฟต์แวร์"},{"$i":"wifi-or-mobile-data","$v":"Wi-Fi หรือเครือข่ายมือถือ"},{"$i":"wlan-or-mobile-data","$v":"Wi-Fi หรือเครือข่ายมือถือ"},{"$i":"wifi-only","$v":"เฉพาะ Wi-Fi"},{"$i":"wlan-only","$v":"เฉพาะ Wi-Fi"},{"$i":"software-update-tips","$v":"เมื่อดาวน์โหลดผ่านเครือข่ายมือถือ อาจมีค่าใช้จ่ายเพิ่มเติม"}]