[{"$i":"wifi","$v":"Bir Ağ Seçin"},{"$i":"ssid","$v":"SSID"},{"$i":"no-wifi-found","$v":"Kullanılabilir ağ yok."},{"$i":"wifi-searching","$v":"Ağlar aranıyor..."},{"$i":"security-open","$v":"Aç"},{"$i":"shortStatus-connecting","$v":"Bağlanıyor..."},{"$i":"shortStatus-associated","$v":"IP adresi alınıyor..."},{"$i":"shortStatus-authenticating","$v":"Kimlik doğrulanıyor..."},{"$i":"shortStatus-connected","$v":"Bağlandı"},{"$i":"shortStatus-associationreject","$v":"Bağlantı başarısız"},{"$i":"shortStatus-disconnected","$v":"Çevrimdışı"},{"$i":"shortStatus-connected-no-internet","$v":"Bağlandı, internet yok"},{"$i":"shortStatus-dhcpfailed","$v":"IP başarısız oldu"},{"$i":"shortStatus-authenticationfailed","$v":"Hatalı Şifre"},{"$i":"securityWEP","$v":"WEP"},{"$i":"securityWPA-PSK","$v":"WPA-PSK"},{"$i":"securityWPA-EAP","$v":"WPA-EAP"},{"$i":"securityWPA2-PSK","$v":"WPA2-PSK"},{"$i":"securityWPA/WPA2-PSK","$v":"WPA/WPA2-PSK"},{"$i":"securedBy","$v":[{"t":"idOrVar","v":"capabilities"}]},{"$i":"securedByWay","$v":[{"t":"idOrVar","v":"capabilities"}," ile güvenli"]},{"$i":"security","$v":"Güvenlik"},{"$i":"signalStrength","$v":"Sinyal gücü"},{"$i":"signalLevel0","$v":"Çok zayıf"},{"$i":"signalLevel1","$v":"Zayıf"},{"$i":"signalLevel2","$v":"Orta"},{"$i":"signalLevel3","$v":"İyi"},{"$i":"signalLevel4","$v":"Çok İyi"},{"$i":"ipAddress","$v":"IP adresi"},{"$i":"linkSpeed","$v":"Bağlantı hızı"},{"$i":"linkSpeedMbs","$v":[{"t":"idOrVar","v":"linkSpeed"}," Mbit/sn"]},{"$i":"wifi-rescan","$v":"Yeniden Tara"},{"$i":"wifi-join-fail","$v":[{"t":"idOrVar","v":"n"}," ağına bağlanılamıyor."]},{"$i":"wifi-connect-fail","$v":[{"t":"idOrVar","v":"n"}," için hatalı şifre."]},{"$i":"wifi-connect-fail-username-or-password","$v":[{"t":"idOrVar","v":"n"}," için geçersiz kullanıcı adı veya parola."]},{"$i":"wifi-ip-set-fail","$v":"IP ayarları başarısız oldu."},{"$i":"wifi-pw-length-error","$v":"Şifre 8 karakterden daha uzun olmalıdır."},{"$i":"password","$v":"Parola"},{"$i":"showPassword","$v":"Şifreyi Göster"},{"$i":"connect","$v":"Bağlan"},{"$i":"rescanCompleted","$v":"Yeniden tarama işlemi tamamlandı."},{"$i":"eap-method","$v":"EAP yöntemi"},{"$i":"phase-authentication","$v":"Aşama 2 kimlik doğrulama"},{"$i":"server-certificate","$v":"Sunucu sertifikası"},{"$i":"username","$v":"Kullanıcı adı"},{"$i":"eap-sim","$v":"SIM"},{"$i":"eap-aka","$v":"AKA"},{"$i":"eap-peap","$v":"PEAP"},{"$i":"eap-ttls","$v":"TTLS"},{"$i":"eap-akae","$v":"AKA'"},{"$i":"sim1","$v":"SIM1"},{"$i":"sim2","$v":"SIM2"},{"$i":"auth-with","$v":"Şununla doğrula:"},{"$i":"sim-carrier-text","$v":["SIM",{"t":"idOrVar","v":"index"}," - ",{"t":"idOrVar","v":"carrierName"}]},{"$i":"auth-phase2-no","$v":"Hayır"},{"$i":"auth-phase2-pap","$v":"PAP"},{"$i":"auth-phase2-mschap","$v":"MSCHAP"},{"$i":"auth-phase2-mschapv2","$v":"MSCHAP V2"},{"$i":"auth-phase2-gtc","$v":"GTC"},{"$i":"server-certificate-none","$v":"--"},{"$i":"failedToConnect","$v":"Bağlanılamadı."},{"$i":"select","$v":"Seç"},{"$i":"skip","$v":"Atla"},{"$i":"next","$v":"Sonraki"},{"$i":"accept","$v":"Kabul et"},{"$i":"cancel","$v":"İptal"},{"$i":"ok","$v":"Tamam"},{"$i":"notNow","$v":"Şimdi değil"},{"$i":"forget","$v":"Unut"},{"$i":"confirmation","$v":"Onay"},{"$i":"forget-network","$v":"Ağ unutulsun mu?"},{"$i":"network-forgotten","$v":"Ağ unutuldu."},{"$i":"hfa","$v":"HFA"},{"$i":"setup-phone-verification","$v":"Telefon Doğrulama"},{"$i":"phone-verification-entry-message","$v":"Mağazaya ve ek hizmetlere ulaşmak için numaranızı doğrulayarak bir hesap kurun."},{"$i":"phone-verification-skip-message","$v":"Telefon doğrulamanız tamamlanmadı. Ayarlar>Hesap kısmından daha sonra doğrulayabilirsiniz. Doğrulama, Mağaza'ya ve ek hizmetlere ulaşmak için gereklidir."},{"$i":"anti-theft","$v":"Hırsızlık Önleme"},{"$i":"anti-theft-info","$v":"Telefonunuzu hiçbir zaman kaybetmeyeceğinizi umuyoruz, fakat kaybederseniz uzaktan kilitleme ve silme özelliklerimizle verilerinizi koruyabilirsiniz. Hazır olduğunuz zaman, KaiOS hesabınızı oluşturmak için Ayarlar'a gidin."},{"$i":"select-language","$v":"Dili Seç"},{"$i":"language-current","$v":"Geçerli"},{"$i":"language-readout-on","$v":"Sesli Okuma"},{"$i":"language-readout-off","$v":"Sesli Okuma"},{"$i":"readout-rule","$v":"Dışarıya Okuma modunu açmak için lütfen sol yazılım tuşuna basın."},{"$i":"close-readout","$v":"Dışarıya Okuma modu devre dışı. Dışarıya Okuma modunu açmak için lütfen sol yazılım tuşuna basın."},{"$i":"open-readout","$v":["Dışarıya Okuma etkin. Dil Seçin. ",{"t":"idOrVar","v":"selectedLang"},". 1 / ",{"t":"idOrVar","v":"count"},"."]},{"$i":"decline-info","$v":"Bu cihazı kullanmak için KaiOS Lisans Koşulları ve Gizlilik İlkesinin kabul edilmesi gerekir."},{"$i":"kaios-license","$v":"Lisans Koşulları ve Gizlilik İlkesi"},{"$i":"decline","$v":"Reddet"},{"$i":"privacy-confirm","$v":"Kabul Et'e basarak KaiOS Lisans Koşulları ve Gizlilik İlkesini kabul etmiş oluyorsunuz."},{"$i":"open-url","$v":"URL'Yİ AÇ"},{"$i":"privacy-terms-short","$v":"Cihazınızdaki KaiOS yazılımına, hizmetlerine ve uygulamalarına erişerek ve bunları kullanarak, burada bulabileceğiniz KaiOS EULA ve Gizlilik Koşullarını kabul etmiş olursunuz."},{"$i":"lyf-license","$v":"LYF Lisans Koşulları"},{"$i":"emergency","$v":"Acil Durum"},{"$i":"done","$v":"Bitti"},{"$i":"about-kaios-agree","$v":"Analitik veriler göndererek yardım etmek istiyorum."},{"$i":"about-kaios-age","$v":"16 yaşından büyüğüm."},{"$i":"about-kaios-ad","$v":"Reklam deneyimimi iyileştirmek için verilerimi kullan."},{"$i":"deselect","$v":"Seçimi kaldır"},{"$i":"selectKeyboard","$v":"Klavye seçin"},{"$i":"more","$v":"Daha fazlası>"},{"$i":"ellipses-char","$v":"…"},{"$i":"location-access","$v":"Konum Erişimi"},{"$i":"location-content","$v":"KaiOS, konumunuzu yaklaşık olarak belirlemek için etrafınızdaki GPS, Wi-Fi ve mobil ağ gibi verileri kullanır."},{"$i":"deny","$v":"Reddet"},{"$i":"allow","$v":"İzin Ver"},{"$i":"always-on-voice","$v":"Always On-Voice"},{"$i":"aov-p1","$v":"Always On-Voice özelliğini yapılandırmak istiyor musunuz?"},{"$i":"aov-p2","$v":["Yapılandırmaya başlamak için ",{"t":"idOrVar","v":"proceed"}," üzerine dokunun."]},{"$i":"aov-p3","$v":"Always On-Voice özelliği, yakınlarınız ve sizin için bir profil oluşturarak sesli asistanınız ‘Hello Jio’ ile çalışmanızı sağlar."},{"$i":"aov-p4","$v":"Bu ses profilleri, sesli komutlarla telefonunuzu kontrol etmenizi ve diğer işlevleri kullanmanızı sağlar."},{"$i":"aov-later","$v":"Daha sonra"},{"$i":"aov-proceed","$v":"Devam et"},{"$i":"data-connectivity","$v":"Uyarı mesajı"},{"$i":"data-message","$v":"Kurulum sihirbazı, akıllı telefonun ilk kurulum işlemleri sırasında mobil ağ verilerini kullanabilir."},{"$i":"qtn-privacy-terms-welcome","$v":"Hoş geldiniz"},{"$i":"qtn-privacy-policy-description-1","$v":[{"t":"idOrVar","v":"WDM"}," cihazını seçtiğiniz için teşekkür ederiz."]},{"$i":"qtn-privacy-policy-description-2","$v":"HMD Global servislerini ve uygulamalarını cihazınızda kullanmanız, www.nokia.com/mobile-privacy adresinden ulaşabileceğiniz HMD Global Gizlilik Poliçesi'ne tabidir."},{"$i":"qtn-privacy-policy-description-3","$v":["Cihazınızdaki KaiOS yazılımını, hizmetlerini ve uygulamalarını kullanımınız, ",{"t":"idOrVar","v":"WDM"}," kısmında bulunan KaiOS EULA ve Gizlilik Koşullarına tabidir."]},{"$i":"qtn-privacy-policy-description-4","$v":{"$o":"Benzersiz cihaz ve ağ bilgilerinizin yanı sıra, tek seferlik cihaz konum bilgileriyle birlikte cihaz etkinleştirme bilgileri KAI & HMD’ye gönderilir."}},{"$i":"qtn-privacy-policy-description-5","$v":"Bu bilgiler ülkenizdeki talepleri daha iyi karşılamamıza, yazılım güncellemeleri sağlamamıza, müşteri hizmetleri sunmamıza ve servisleri etkinleştirmemize olanak sağlar."},{"$i":"qtn-privacy-policy-description-6","$v":"Veri ücretleri uygulanabilir."},{"$i":"qtn-privacy-policy-description-7","$v":"Cihazınızın farklı özelliklerini kullanırken gizlilik bildirimleri ve diğer bildirimler sağlanabilir."},{"$i":"aov-content-readout","$v":"Always On-Voice özelliğini yapılandırmak istiyor musunuz? / üzerine tıklayın"},{"$i":"software-update","$v":"Yazılım Güncelleme Ayarları"},{"$i":"wifi-or-mobile-data","$v":"Wi-Fi veya mobil ağ"},{"$i":"wlan-or-mobile-data","$v":"Wi-Fi veya mobil ağ"},{"$i":"wifi-only","$v":"Sadece Wi-Fi"},{"$i":"wlan-only","$v":"Sadece Wi-Fi"},{"$i":"software-update-tips","$v":"Mobil ağ üzerinden indirme yaparken ek ücretler uygulanabilir."}]