[{"$i":"wifi","$v":"نیٹ ورک منتخب کریں"},{"$i":"ssid","$v":"SSID"},{"$i":"no-wifi-found","$v":"کوئی نیٹ ورک دستیاب نہیں"},{"$i":"wifi-searching","$v":"نیٹ ورکس تلاش کررہا ہے…"},{"$i":"security-open","$v":"کھولیں"},{"$i":"shortStatus-connecting","$v":"مربوط ہو رہا ہے…"},{"$i":"shortStatus-associated","$v":"آئی پی پتہ حاصل کررہا ہے…"},{"$i":"shortStatus-authenticating","$v":"توثیق کاری ہورہی ہے…"},{"$i":"shortStatus-connected","$v":"مربوط ہو گیا"},{"$i":"shortStatus-associationreject","$v":"کنیکشن ناکام ہوگیا"},{"$i":"shortStatus-disconnected","$v":"آف لائن"},{"$i":"shortStatus-connected-no-internet","$v":"مربوط، کوئی انٹرنیٹ نہیں"},{"$i":"shortStatus-dhcpfailed","$v":"IP ناکام ہو گيا"},{"$i":"shortStatus-authenticationfailed","$v":"غلط پاس ورڈ"},{"$i":"securityWEP","$v":"WEP"},{"$i":"securityWPA-PSK","$v":"WPA-PSK"},{"$i":"securityWPA-EAP","$v":"WPA-EAP"},{"$i":"securityWPA2-PSK","$v":"WPA2-PSK"},{"$i":"securityWPA/WPA2-PSK","$v":"WPA/WPA2-PSK"},{"$i":"securedBy","$v":[{"t":"idOrVar","v":"capabilities"}]},{"$i":"securedByWay","$v":[{"t":"idOrVar","v":"capabilities"}," کے ذریعے تحفظ یافتہ"]},{"$i":"security","$v":"سیکیورٹی"},{"$i":"signalStrength","$v":"سگنل کی قوت"},{"$i":"signalLevel0","$v":"بہت کمزور"},{"$i":"signalLevel1","$v":"کمزور"},{"$i":"signalLevel2","$v":"اوسط"},{"$i":"signalLevel3","$v":"اچھا"},{"$i":"signalLevel4","$v":"بہت اچھا"},{"$i":"ipAddress","$v":"‏IP پتہ"},{"$i":"linkSpeed","$v":"لنک کی رفتار"},{"$i":"linkSpeedMbs","$v":[{"t":"idOrVar","v":"linkSpeed"}," Mbit/s"]},{"$i":"wifi-rescan","$v":"دوبارہ اسکین"},{"$i":"wifi-join-fail","$v":["نیٹ ورک ",{"t":"idOrVar","v":"n"}," شامل کرنے سے قاصر۔"]},{"$i":"wifi-connect-fail","$v":[{"t":"idOrVar","v":"n"}," کیلئے غلط پاس ورڈ۔"]},{"$i":"wifi-connect-fail-username-or-password","$v":[{"t":"idOrVar","v":"n"}," کے لئے غلط یوزر نام یا پاس ورڈ۔"]},{"$i":"wifi-ip-set-fail","$v":"IP سیٹنگز ناکام ہوگئی۔"},{"$i":"wifi-pw-length-error","$v":"پاس ورڈ کی لمبائی 8 حرف سے زائد ہونی چاہیے"},{"$i":"password","$v":"پاس ورڈ"},{"$i":"showPassword","$v":"پاس ورڈ دکھائیں"},{"$i":"connect","$v":"مربوط کریں"},{"$i":"rescanCompleted","$v":"ری اسکین مکمل ہوگیا۔"},{"$i":"eap-method","$v":"‏EAP طریقہ"},{"$i":"phase-authentication","$v":"پھیس 2 کی توثیق کاری"},{"$i":"server-certificate","$v":"سرور کی سند"},{"$i":"username","$v":"صارف نام"},{"$i":"eap-sim","$v":"سم"},{"$i":"eap-aka","$v":"AKA"},{"$i":"eap-peap","$v":"PEAP"},{"$i":"eap-ttls","$v":"TTLS"},{"$i":"eap-akae","$v":"اے۔کے۔اے'"},{"$i":"sim1","$v":"سم1"},{"$i":"sim2","$v":"سم2"},{"$i":"auth-with","$v":"کے ساتھ تصدیق کریں"},{"$i":"sim-carrier-text","$v":["سم",{"t":"idOrVar","v":"index"}," - ",{"t":"idOrVar","v":"carrierName"}]},{"$i":"auth-phase2-no","$v":"نہیں"},{"$i":"auth-phase2-pap","$v":"PAP"},{"$i":"auth-phase2-mschap","$v":"MSCHAP"},{"$i":"auth-phase2-mschapv2","$v":"MSCHAP V2"},{"$i":"auth-phase2-gtc","$v":"GTC"},{"$i":"server-certificate-none","$v":"--"},{"$i":"failedToConnect","$v":"جڑنے میں ناکام"},{"$i":"select","$v":"منتخب کریں"},{"$i":"skip","$v":"نظر انداز کریں"},{"$i":"next","$v":"اگلا"},{"$i":"accept","$v":"قبول کریں"},{"$i":"cancel","$v":"منسوخ کریں"},{"$i":"ok","$v":"ٹھیک ہے"},{"$i":"notNow","$v":"ابھی نہیں"},{"$i":"forget","$v":"بھول جائیں"},{"$i":"confirmation","$v":"توثیق کاری"},{"$i":"forget-network","$v":"نیٹ ورک بھول جائيں؟"},{"$i":"network-forgotten","$v":"نیٹ ورک بھول گیا۔"},{"$i":"hfa","$v":"HFA"},{"$i":"setup-phone-verification","$v":"فون کی تصدیق"},{"$i":"phone-verification-entry-message","$v":"اسٹور اور اضافی خدمات تک رسائی حاصل کرنے کے لئے اپنے نمبر کی تصدیق کرکے ایک اکاؤنٹ ترتیب دیں۔"},{"$i":"phone-verification-skip-message","$v":"آپ کے فون کی تصدیق نا مکمل ہے۔ آپ سیٹنگز>اکاؤنٹ میں بعد میں تصدیق کر سکتے ہیں۔ اسٹور اور اضافی خدمات تک رسائی حاصل کرنے کے لئے تصدیق کی ضرورت ہے۔"},{"$i":"anti-theft","$v":"چوری کی روک تھام"},{"$i":"anti-theft-info","$v":"ہم امید کرتے ہیں کہ آپ کا فون کبھی گم نہ ہو، لیکن اگر ایسا ہوجاتا ہے، تو آپ ہمارے ریموٹ لاک اور وائپ خصوصیات کا استعمال کرکے اپنے ڈییا کا تحفظ کر سکتے ہیں۔ جب آپ تیار ہوجائیں، تو اپنا KaiOS اکاؤنٹ سیٹ اپ کرنے کیلئے سیٹنگز پر جائيں۔"},{"$i":"select-language","$v":"زبان منتخب کریں"},{"$i":"language-current","$v":"موجودہ"},{"$i":"language-readout-on","$v":"ریڈ آؤٹ"},{"$i":"language-readout-off","$v":"ریڈ آؤٹ"},{"$i":"readout-rule","$v":"ریڈ آؤٹ وضع کو آن کرنے کیلئے، براہ کرم بائیں سافٹ ویئر کی کو دبائیں۔"},{"$i":"close-readout","$v":"ریڈ آؤٹ وضع غیر فعال ہے۔ ریڈ آؤٹ وضع کو آن کرنے کیلئے، براہ کرم بائیں سافٹ ویئر کی کو دبائیں۔"},{"$i":"open-readout","$v":["ریڈ آؤٹ وضع فعال ہے۔ زبان منتخب کریں۔ ",{"t":"idOrVar","v":"selectedLang"},"۔ ",{"t":"idOrVar","v":"count"}," میں آئٹم 1۔"]},{"$i":"decline-info","$v":"اس آلے کا استعمال کرنے کے لئے کائی۔او۔ایس لائسن شرائط اور رازداری کی پالیسی کو قبول کرنا مطلوب ہے۔"},{"$i":"kaios-license","$v":"کائی۔او۔ایس لائسن شرائط اور رازداری کی پالیسی"},{"$i":"decline","$v":"مسترد کریں"},{"$i":"privacy-confirm","$v":"قبول کرنا دبانے سے آپ کائی۔او۔ایس لائسن شرائط اور رازداری کی پالیسی سے متفق ہوتے ہے۔"},{"$i":"open-url","$v":"یو۔آر۔ایل کھولیں"},{"$i":"privacy-terms-short","$v":"اپنے آلے پر کائ.او.ایس (KaiOS) سافٹ ویئر، خدمات اور ایپلی کیشنز تک رسائی حاصل کر کے اور استعمال کر کے، آپ کائ.او.ایس ای. یو. ایل، اے (KaiOS EULA) اور رازداری کی شرائط کی تعمیل اور قبولیت کرتے ہیں، جو یہاں دیکھا جا سکتا ہے"},{"$i":"lyf-license","$v":"LYF لائسنس کی شرائط"},{"$i":"emergency","$v":"ہنگامی"},{"$i":"done","$v":"ہو گیا"},{"$i":"about-kaios-agree","$v":"میں تجزیاتی ڈیٹا بھیج کر مدد کرنا چاہتا ہوں۔"},{"$i":"about-kaios-age","$v":"میں 16 سال کی عمر سے زیادہ ہوں۔"},{"$i":"about-kaios-ad","$v":"میرے اشتہارات کے تجربے کو بہتر کرنے کے لئے میرا ڈیٹا استعمال کرین۔"},{"$i":"deselect","$v":"غیر منتخب کریں"},{"$i":"selectKeyboard","$v":"کی بورڈ منتخب کریں"},{"$i":"more","$v":"مزید >"},{"$i":"ellipses-char","$v":"…"},{"$i":"location-access","$v":"لوکیشن کی رسائی"},{"$i":"location-content","$v":"KaiOS uses data such as GPS, Wi-Fi and mobile network near you to help determine your approximate position."},{"$i":"deny","$v":"مسترد کریں"},{"$i":"allow","$v":"اجازت دیں"},{"$i":"always-on-voice","$v":"ہمیشہ آن-وائس"},{"$i":"aov-p1","$v":"کیا آپ ہمیشہ وائس پر کانفیگر کرنا چاہتے ہیں؟"},{"$i":"aov-p2","$v":["کانفیگریشن شروع کرنے کے لئے ",{"t":"idOrVar","v":"proceed"}," پر_x000D_"]},{"$i":"aov-p3","$v":"ہمیشہ آن وائس آپ کو آپکے اور آپکے قریبی لوگوں_x000D_"},{"$i":"aov-p4","$v":"یہ وائس پروفائلز آپ کو اپنے فون کو کنٹرول کرنے_x000D_"},{"$i":"aov-later","$v":"بعد میں"},{"$i":"aov-proceed","$v":"آگے بڑھیں"},{"$i":"data-connectivity","$v":"تنبیہ پیغام"},{"$i":"data-message","$v":"سمارٹ فون کے ابتدائی سیٹ اپ کے دوران سیٹ اپ وزارڈ موبائل نییٹ ورک پر ممکنہ موبائل ڈیٹا استعمال کرے گا۔"},{"$i":"qtn-privacy-terms-welcome","$v":"خوش آمدید"},{"$i":"qtn-privacy-policy-description-1","$v":[{"t":"idOrVar","v":"WDM"}," کے انتخاب کے لئے آپکا شکریہ."]},{"$i":"qtn-privacy-policy-description-2","$v":"آپ کے آلے میں HMD Global سروسز اور پروگرام کا آپ کا استعمال HMD Global رازداری پالیسی کی طرف سے رائج کردہ ہے، جوکہ www.nokia.com/mobile-privacy پر دستیاب ہے۔"},{"$i":"qtn-privacy-policy-description-3","$v":["آپ کے آلے میں KaiOS سافٹ ویئر، سروسز اور ایپلی کیشنز کا استعمال KaiOS EULA اور رازداری شرائط سے کنٹرول کیا جاتا ہے،  جو ",{"t":"idOrVar","v":"WDM"}," پر دستیاب ہیں"]},{"$i":"qtn-privacy-policy-description-4","$v":{"$o":"آلہ کی فعالیت معلومات، ایک بار آلہ محل وقوع اور آپ کی منفرد آلہ اور نیٹ ورک معلومات کے ساتھ KAI & HMD کو بھیج دی جائے گی."}},{"$i":"qtn-privacy-policy-description-5","$v":"اس کو جاری رکھنے کا مطلب یہ ہے کہ آپ HMD  کے رازداری کے بیان کو تسلیم کرتے ہیں۔ اس مشین کے اجراء ،لوکیشن کا میسیج اور آپ کے انفرادی مشین اورنیٹ ورک کی اطلاع HMD کو بھیجی جائے گی۔ایس ایم ایس یا ڈیٹا چارج ہوسکتا ہے لگے۔"},{"$i":"qtn-privacy-policy-description-6","$v":"ڈیٹا چارجز لاگو ہو سکتے ہیں."},{"$i":"qtn-privacy-policy-description-7","$v":"رازداری یا دیگر اطلاعات اس وقت فراہم کی جاسکتی ہیں جب آپ اپنے آلے کی مختلف خصوصیات استعمال کرتے ہیں۔"},{"$i":"aov-content-readout","$v":"کیا آپ ہمیشہ وائس پر کانفیگر کرنا چاہتے ہیں؟_x000D_"},{"$i":"software-update","$v":"سافٹ ویئر اپ ڈیٹ سیٹنگز"},{"$i":"wifi-or-mobile-data","$v":"وائی فائی یا موبائل نیٹ ورک"},{"$i":"wlan-or-mobile-data","$v":"Wi-Fi or mobile network"},{"$i":"wifi-only","$v":"صرف وائی فائی"},{"$i":"wlan-only","$v":"Wi-Fi only"},{"$i":"software-update-tips","$v":"موبائل نیٹ ورک کے ذریعہ ڈاؤن لوڈ کرتے وقت، اضافی اخراجات لاگو ہو سکتے ہیں۔"}]