[{"$i":"wifi","$v":"Chọn Mạng"},{"$i":"ssid","$v":"SSID"},{"$i":"no-wifi-found","$v":"Mạng không khả dụng"},{"$i":"wifi-searching","$v":"Đang tìm kiếm mạng..."},{"$i":"security-open","$v":"Mở"},{"$i":"shortStatus-connecting","$v":"Đang kết nối..."},{"$i":"shortStatus-associated","$v":"Nhận một địa chỉ IP…"},{"$i":"shortStatus-authenticating","$v":"Đang xác thực…"},{"$i":"shortStatus-connected","$v":"Đã kết nối"},{"$i":"shortStatus-associationreject","$v":"Không kết nối được"},{"$i":"shortStatus-disconnected","$v":"Ngoại tuyến"},{"$i":"shortStatus-connected-no-internet","$v":"Đã kết nối, không có internet"},{"$i":"shortStatus-dhcpfailed","$v":"Lỗi IP"},{"$i":"shortStatus-authenticationfailed","$v":"Mật khẩu sai"},{"$i":"securityWEP","$v":"WEP"},{"$i":"securityWPA-PSK","$v":"WPA-PSK"},{"$i":"securityWPA-EAP","$v":"WPA-EAP"},{"$i":"securityWPA2-PSK","$v":"WPA2-PSK"},{"$i":"securityWPA/WPA2-PSK","$v":"WPA/WPA2-PSK"},{"$i":"securedBy","$v":[{"t":"idOrVar","v":"capabilities"}]},{"$i":"securedByWay","$v":["Được bảo mật bởi ",{"t":"idOrVar","v":"capabilities"}]},{"$i":"security","$v":"An toàn"},{"$i":"signalStrength","$v":"Cường độ tín hiệu"},{"$i":"signalLevel0","$v":"Rất yếu"},{"$i":"signalLevel1","$v":"Yếu"},{"$i":"signalLevel2","$v":"Trung bình"},{"$i":"signalLevel3","$v":"Tốt"},{"$i":"signalLevel4","$v":"Rất tốt"},{"$i":"ipAddress","$v":"Địa chỉ IP"},{"$i":"linkSpeed","$v":"Tốc độ liên kết"},{"$i":"linkSpeedMbs","$v":[{"t":"idOrVar","v":"linkSpeed"}," Mbit/giây"]},{"$i":"wifi-rescan","$v":"Quét lại"},{"$i":"wifi-join-fail","$v":["Không thể nối mạng ",{"t":"idOrVar","v":"n"},"."]},{"$i":"wifi-connect-fail","$v":["Mật khẩu không chính xác trong ",{"t":"idOrVar","v":"n"},"."]},{"$i":"wifi-connect-fail-username-or-password","$v":["Tên người dùng hoặc mật khẩu cho ",{"t":"idOrVar","v":"n"}," không chính xác."]},{"$i":"wifi-ip-set-fail","$v":"Cài đặt IP không thành công."},{"$i":"wifi-pw-length-error","$v":"Mật khẩu phải dài hơn 8 ký tự."},{"$i":"password","$v":"Mật khẩu"},{"$i":"showPassword","$v":"Hiển thị Mật khẩu"},{"$i":"connect","$v":"Kết nối"},{"$i":"rescanCompleted","$v":"Đã hoàn thành quét lại."},{"$i":"eap-method","$v":"Phương pháp EAP"},{"$i":"phase-authentication","$v":"Xác thực giai đoạn 2"},{"$i":"server-certificate","$v":"Chứng chỉ máy chủ"},{"$i":"username","$v":"Tên người dùng"},{"$i":"eap-sim","$v":"SIM"},{"$i":"eap-aka","$v":"AKA"},{"$i":"eap-peap","$v":"PEAP"},{"$i":"eap-ttls","$v":"TTLS"},{"$i":"eap-akae","$v":"AKA'"},{"$i":"sim1","$v":"SIM1"},{"$i":"sim2","$v":"SIM2"},{"$i":"auth-with","$v":"Xác thực với"},{"$i":"sim-carrier-text","$v":["SIM",{"t":"idOrVar","v":"index"}," - ",{"t":"idOrVar","v":"carrierName"}]},{"$i":"auth-phase2-no","$v":"Không"},{"$i":"auth-phase2-pap","$v":"PAP"},{"$i":"auth-phase2-mschap","$v":"MSCHAP"},{"$i":"auth-phase2-mschapv2","$v":"MSCHAP V2"},{"$i":"auth-phase2-gtc","$v":"GTC"},{"$i":"server-certificate-none","$v":"--"},{"$i":"failedToConnect","$v":"Không thể Kết nối"},{"$i":"select","$v":"Chọn"},{"$i":"skip","$v":"Bỏ qua"},{"$i":"next","$v":"Tiếp"},{"$i":"accept","$v":"Chấp nhận"},{"$i":"cancel","$v":"Hủy"},{"$i":"ok","$v":"OK"},{"$i":"notNow","$v":"Không phải bây giờ"},{"$i":"forget","$v":"Quên"},{"$i":"confirmation","$v":"Xác nhận"},{"$i":"forget-network","$v":"Quên mạng?"},{"$i":"network-forgotten","$v":"Đã quên mạng."},{"$i":"hfa","$v":"HFA"},{"$i":"setup-phone-verification","$v":"Xác minh Điện thoại"},{"$i":"phone-verification-entry-message","$v":"Thiết lập tài khoản bằng cách xác minh số điện thoại của bạn để truy cập cửa hàng và các dịch vụ bổ sung."},{"$i":"phone-verification-skip-message","$v":"Chưa hoàn tất xác minh điện thoại của bạn. Bạn có thể xác minh sau trong Settings>Account (Cài đặt>Tài khoản). Việc xác minh là cần thiết để truy cập Cửa hàng và các dịch vụ bổ sung."},{"$i":"anti-theft","$v":"Chống Trộm"},{"$i":"anti-theft-info","$v":"Chúng tôi hy vọng bạn không bao giờ bị mất điện thoại, nhưng nếu trường hợp đó xảy ra, bạn có thể bảo vệ dữ liệu của bạn bằng tính năng khóa và xóa từ xa của chúng tôi. Khi bạn đã sẵn sàng, hãy tới Cài đặt để thiết lập tài khoản KaiOS của bạn."},{"$i":"select-language","$v":"Chọn Ngôn ngữ"},{"$i":"language-current","$v":"Hiện hành"},{"$i":"language-readout-on","$v":"Đọc to"},{"$i":"language-readout-off","$v":"Đọc to"},{"$i":"readout-rule","$v":"Để bật chế độ Đọc, vui lòng nhấn phím bên trái."},{"$i":"close-readout","$v":"Chế độ đọc bị vô hiệu hóa. Để bật chế độ Đọc, vui lòng nhấn phím bên trái."},{"$i":"open-readout","$v":["Chế độ đọc được kích hoạt. Chọn ngôn ngữ. ",{"t":"idOrVar","v":"selectedLang"},". Mục 1 / ",{"t":"idOrVar","v":"count"},"."]},{"$i":"decline-info","$v":"Cần chấp nhận các Điều khoản Cấp phép và Chính sách Quyền Riêng tư của KaiOS để sử dụng thiết bị này."},{"$i":"kaios-license","$v":"Các Điều khoản Cấp phép và Chính sách Quyền Riêng tư của"},{"$i":"decline","$v":"Từ chối"},{"$i":"privacy-confirm","$v":"Bằng cách nhấn Accept (Chấp nhận), bạn đồng ý với Điều khoản Giấy phép và Chính sách Quyền riêng tư của KaiOS."},{"$i":"open-url","$v":"MỞ URL"},{"$i":"privacy-terms-short","$v":"Bằng cách truy cập và sử dụng phần mềm, dịch vụ và ứng dụng của KaiOS trong thiết bị của bạn, bạn chấp nhận và đồng ý tuân thủ Thỏa thuận Giấy phép Người dùng Cuối (EULA) và Điều khoản Bảo mật của KaiOS, có thể tìm thấy ở đây"},{"$i":"lyf-license","$v":"Điều khoản của Giấy phép LYF"},{"$i":"emergency","$v":"Khẩn cấp"},{"$i":"done","$v":"Đã xong"},{"$i":"about-kaios-agree","$v":"Tôi muốn trợ giúp bằng cách gửi dữ liệu phân tích."},{"$i":"about-kaios-age","$v":"Tôi trên 16 tuổi."},{"$i":"about-kaios-ad","$v":"Sử dụng dữ liệu của tôi để cải thiện trải nghiệm quảng cáo."},{"$i":"deselect","$v":"Bỏ chọn"},{"$i":"selectKeyboard","$v":"Chọn Bàn phím"},{"$i":"more","$v":"More (Thêm) >"},{"$i":"ellipses-char","$v":"…"},{"$i":"location-access","$v":"Truy cập Vị trí"},{"$i":"location-content","$v":"KaiOS sử dụng dữ liệu như GPS, Wi-Fi và mạng di động gần bạn để giúp xác định vị trí gần đúng của bạn."},{"$i":"deny","$v":"Từ chối"},{"$i":"allow","$v":"Cho phép"},{"$i":"always-on-voice","$v":"Kích hoạt Nhận diện Giọng nói"},{"$i":"aov-p1","$v":"Bạn có muốn định cấu hình Luôn Sử Dụng Giọng Nói không?"},{"$i":"aov-p2","$v":["Nhấp vào ",{"t":"idOrVar","v":"proceed"}," để bắt đầu định cấu hình."]},{"$i":"aov-p3","$v":"Luôn Sử Dụng Giọng Nói cho phép bạn làm việc với trợ lý giọng nói ‘Hello Jio’ bằng cách tạo hồ sơ cho bạn và những người thân thiết của bạn."},{"$i":"aov-p4","$v":"Các hồ sơ giọng nói này sẽ cho phép bạn điều khiển điện thoại của mình và thực hiện các chức năng khác bằng cách ra lệnh bằng giọng nói."},{"$i":"aov-later","$v":"Later"},{"$i":"aov-proceed","$v":"Tiến hành"},{"$i":"data-connectivity","$v":"Thông báo cảnh báo"},{"$i":"data-message","$v":"Trình hướng dẫn thiết lập có thể sử dụng dữ liệu qua mạng di động trong lần đầu tiên thiết lập điện thoại thông minh."},{"$i":"qtn-privacy-terms-welcome","$v":"Chào mừng bạn"},{"$i":"qtn-privacy-policy-description-1","$v":["Cảm ơn bạn đã chọn ",{"t":"idOrVar","v":"WDM"},"."]},{"$i":"qtn-privacy-policy-description-2","$v":"Khi sử dụng các ứng dụng và dịch vụ HMD Global trong thiết bị, bạn phải tuân thủ Chính sách bảo mật của HMD Global có tại www.nokia.com/mobile-privacy."},{"$i":"qtn-privacy-policy-description-3","$v":["Việc sử dụng phần mềm KaiOS, các dịch vụ và ứng dụng trong thiết bị của bạn được điều chỉnh bởi KaiOS EULA và Điều khoản về quyền riêng tư tại ",{"t":"idOrVar","v":"WDM"},"."]},{"$i":"qtn-privacy-policy-description-4","$v":{"$o":"Thông tin kích hoạt thiết bị có vị trí thiết bị được gửi một lần cùng với thiết bị duy nhất của bạn và thông tin mạng sẽ được gửi đến KAI & HMD."}},{"$i":"qtn-privacy-policy-description-5","$v":"Thông tin này cho phép chúng tôi đáp ứng tốt hơn nhu cầu của quốc gia bạn, cung cấp cập nhật PM, hỗ trợ khách hàng và kích hoạt dịch vụ."},{"$i":"qtn-privacy-policy-description-6","$v":"Có thể áp dụng phí dữ liệu."},{"$i":"qtn-privacy-policy-description-7","$v":"Thông báo bảo mật và các thông báo khác có thể được cung cấp khi bạn sử dụng các tính năng khác nhau của thiết bị."},{"$i":"aov-content-readout","$v":"Bạn có muốn định cấu hình Luôn Sử Dụng Giọng Nói không? Nhấp vào aov-later=Để sau"},{"$i":"software-update","$v":"Cài đặt Cập nhật Phần mềm"},{"$i":"wifi-or-mobile-data","$v":"Wi-Fi hoặc mạng di động"},{"$i":"wlan-or-mobile-data","$v":"Wi-Fi hoặc mạng di động"},{"$i":"wifi-only","$v":"Chỉ dùng Wi-Fi"},{"$i":"wlan-only","$v":"Chỉ Wi-Fi"},{"$i":"software-update-tips","$v":"Khi tải xuống thông qua mạng di động, chi phí bổ sung có thể áp dụng."}]