[{"$i":"wifi","$v":"选择网络"},{"$i":"ssid","$v":"SSID"},{"$i":"no-wifi-found","$v":"网络不可用"},{"$i":"wifi-searching","$v":"搜索网络…"},{"$i":"security-open","$v":"打开"},{"$i":"shortStatus-connecting","$v":"连接中…"},{"$i":"shortStatus-associated","$v":"正在获取 IP 地址…"},{"$i":"shortStatus-authenticating","$v":"正在验证…"},{"$i":"shortStatus-connected","$v":"已连接"},{"$i":"shortStatus-associationreject","$v":"链接失败"},{"$i":"shortStatus-disconnected","$v":"离线"},{"$i":"shortStatus-connected-no-internet","$v":"已连接。无互联网接入。"},{"$i":"shortStatus-dhcpfailed","$v":"IP失败"},{"$i":"shortStatus-authenticationfailed","$v":"密码有误"},{"$i":"securityWEP","$v":"WEP"},{"$i":"securityWPA-PSK","$v":"WPA-PSK"},{"$i":"securityWPA-EAP","$v":"WPA-EAP"},{"$i":"securityWPA2-PSK","$v":"WPA2-PSK"},{"$i":"securityWPA/WPA2-PSK","$v":"WPA/WPA2-PSK"},{"$i":"securedBy","$v":[{"t":"idOrVar","v":"capabilities"}]},{"$i":"securedByWay","$v":["使用 ",{"t":"idOrVar","v":"capabilities"}," 加密"]},{"$i":"security","$v":"安全"},{"$i":"signalStrength","$v":"信号强度"},{"$i":"signalLevel0","$v":"非常弱"},{"$i":"signalLevel1","$v":"弱"},{"$i":"signalLevel2","$v":"平均"},{"$i":"signalLevel3","$v":"较强"},{"$i":"signalLevel4","$v":"非常好"},{"$i":"ipAddress","$v":"IP地址"},{"$i":"linkSpeed","$v":"连接速度"},{"$i":"linkSpeedMbs","$v":[{"t":"idOrVar","v":"linkSpeed"}," Mb/s"]},{"$i":"wifi-rescan","$v":"重新扫描"},{"$i":"wifi-join-fail","$v":["无法加入网络 ",{"t":"idOrVar","v":"n"},"。"]},{"$i":"wifi-connect-fail","$v":[{"t":"idOrVar","v":"n"}," 密码有误。"]},{"$i":"wifi-connect-fail-username-or-password","$v":[{"t":"idOrVar","v":"n"},"用户名或密码不正确。"]},{"$i":"wifi-ip-set-fail","$v":"IP 设置失败。"},{"$i":"wifi-pw-length-error","$v":"密码长度必须在 8 个字符以上。"},{"$i":"password","$v":"密码"},{"$i":"showPassword","$v":"显示密码"},{"$i":"connect","$v":"连接"},{"$i":"rescanCompleted","$v":"重新扫描完成。"},{"$i":"eap-method","$v":"EAP方法"},{"$i":"phase-authentication","$v":"阶段2身份验证"},{"$i":"server-certificate","$v":"服务器认证"},{"$i":"username","$v":"用户名"},{"$i":"eap-sim","$v":"SIM 卡"},{"$i":"eap-aka","$v":"AKA"},{"$i":"eap-peap","$v":"PEAP"},{"$i":"eap-ttls","$v":"TTLS"},{"$i":"eap-akae","$v":"AKA'"},{"$i":"sim1","$v":"SIM1"},{"$i":"sim2","$v":"SIM2"},{"$i":"auth-with","$v":"授权于"},{"$i":"sim-carrier-text","$v":["SIM",{"t":"idOrVar","v":"index"}," - ",{"t":"idOrVar","v":"carrierName"}]},{"$i":"auth-phase2-no","$v":"否"},{"$i":"auth-phase2-pap","$v":"PAP"},{"$i":"auth-phase2-mschap","$v":"MSCHAP"},{"$i":"auth-phase2-mschapv2","$v":"MSCHAP V2"},{"$i":"auth-phase2-gtc","$v":"GTC"},{"$i":"server-certificate-none","$v":"--"},{"$i":"failedToConnect","$v":"无法连接"},{"$i":"select","$v":"选择"},{"$i":"skip","$v":"跳过"},{"$i":"next","$v":"下一步"},{"$i":"accept","$v":"接受"},{"$i":"cancel","$v":"取消"},{"$i":"ok","$v":"确定"},{"$i":"notNow","$v":"暂不保存"},{"$i":"forget","$v":"取消保存"},{"$i":"confirmation","$v":"确认"},{"$i":"forget-network","$v":"放弃保存的网络？"},{"$i":"network-forgotten","$v":"忘记网络。"},{"$i":"hfa","$v":"HFA"},{"$i":"setup-phone-verification","$v":"手机验证"},{"$i":"phone-verification-entry-message","$v":"通过验证手机号设置账户，以便访问商店和其他服务。"},{"$i":"phone-verification-skip-message","$v":"手机验证未完成。稍后可在“设置”>“账户”中验证。访问商店和其他服务需进行验证。"},{"$i":"anti-theft","$v":"防盗"},{"$i":"anti-theft-info","$v":"我们希望您的手机永远不会丢失，但如果丢失，可利用远程锁定和删除功能保护您的数据。准备就绪后，前往“设置”设置您的 KaiOS 账户。该功能使用过程中会连接网络。"},{"$i":"select-language","$v":"设置语言"},{"$i":"language-current","$v":"当前"},{"$i":"language-readout-on","$v":"读出"},{"$i":"language-readout-off","$v":"读出"},{"$i":"readout-rule","$v":"要开启读出模式，请按左软键。"},{"$i":"close-readout","$v":"读出模式已禁用。按左软键开启此功能。"},{"$i":"open-readout","$v":["读出模式已启用。选择语言。",{"t":"idOrVar","v":"selectedLang"},"。选项1/",{"t":"idOrVar","v":"count"},"。"]},{"$i":"decline-info","$v":"使用本设备需要接受 KaiOS 许可条款和隐私政策。"},{"$i":"kaios-license","$v":"许可条款和隐私政策"},{"$i":"decline","$v":"拒绝"},{"$i":"privacy-confirm","$v":"点击“接受”表示您同意 KaiOS 许可条款和隐私政策。"},{"$i":"open-url","$v":"开放网址"},{"$i":"privacy-terms-short","$v":"在您的设备中访问和使用KaiOS软件、服务和应用程序即表示您接受并同意遵守KaiOS 最终用户许可协议（EULA）和隐私条款。有关KaiOS EULA和隐私条款，请访问此处："},{"$i":"lyf-license","$v":"LYF 许可条款"},{"$i":"emergency","$v":"紧急呼救"},{"$i":"done","$v":"完成"},{"$i":"about-kaios-agree","$v":"我愿意帮助发送分析数据。"},{"$i":"about-kaios-age","$v":"我已满 16 岁。"},{"$i":"about-kaios-ad","$v":"使用我的数据改善我的广告体验。"},{"$i":"deselect","$v":"取消选择"},{"$i":"selectKeyboard","$v":"选择键盘"},{"$i":"more","$v":"更多 >"},{"$i":"ellipses-char","$v":"…"},{"$i":"location-access","$v":"位置权限"},{"$i":"location-content","$v":"KaiOS使用GPS，WLAN和附近的移动网络等数据连接来帮助确定您的大致位置。"},{"$i":"deny","$v":"拒绝"},{"$i":"allow","$v":"允许"},{"$i":"always-on-voice","$v":"总是开启语音"},{"$i":"aov-p1","$v":"要配置总是开启语音功能吗？"},{"$i":"aov-p2","$v":["点击 ",{"t":"idOrVar","v":"proceed"}," 开始配置。"]},{"$i":"aov-p3","$v":"通过总是开启语音功能，您可以为您和您的亲朋好友创建配置文件，与您的语音助手\"Hello Jio\"一起工作。"},{"$i":"aov-p4","$v":"利用这些语音配置文件，您可以控制手机并使用语音命令执行其他功能。"},{"$i":"aov-later","$v":"Later"},{"$i":"aov-proceed","$v":"继续"},{"$i":"data-connectivity","$v":"警告消息"},{"$i":"data-message","$v":"设置向导可能会在智能手机的初始设置期间通过移动网络使用数据。系统升级消息的推送和系统更新过程中会连接网络。系统时间同步和WLAN连接时需要连接网络以确保服务可用。 "},{"$i":"qtn-privacy-terms-welcome","$v":"欢迎使用"},{"$i":"qtn-privacy-policy-description-1","$v":["感谢您选择",{"t":"idOrVar","v":"WDM"},"。 "]},{"$i":"qtn-privacy-policy-description-2","$v":"在设备中使用HMD Global服务和应用软件须遵守HMD Global隐私政策。您可以随时访问www.nokia.com/mobile-privacy来了解这些信息。"},{"$i":"qtn-privacy-policy-description-3","$v":["在设备上使用 KaiOS 软件、服务和应用软件受 KaiOS EULA 和隐私条款(位于 ",{"t":"idOrVar","v":"WDM"},")的约束。"]},{"$i":"qtn-privacy-policy-description-4","$v":{"$o":"设备激活信息(包含一次性设备位置及唯一设备和网络信息)将发送至 KAI&HMD。 "}},{"$i":"qtn-privacy-policy-description-5","$v":"此信息能让我们更好地满足您所在国家/地区的需求，提供软件更新、客户支持以及启动服务。"},{"$i":"qtn-privacy-policy-description-6","$v":"可能会收取数据传输费用。"},{"$i":"qtn-privacy-policy-description-7","$v":"当您使用设备的其他功能时，可能会向您提供隐私或其他通知。"},{"$i":"aov-content-readout","$v":"要配置总是开启语音功能吗？点击aov-later=稍后"},{"$i":"software-update","$v":"软件更新设置"},{"$i":"wifi-or-mobile-data","$v":"WLAN或蜂窝网络"},{"$i":"wlan-or-mobile-data","$v":"WLAN 或移动网络"},{"$i":"wifi-only","$v":"仅 WLAN"},{"$i":"wlan-only","$v":"仅 WLAN"},{"$i":"software-update-tips","$v":"当通过手机无线网络下载，可能会收取额外费用"}]