[{"$i":"wifi","$v":"選擇網絡"},{"$i":"ssid","$v":"SSID"},{"$i":"no-wifi-found","$v":"無可用網絡"},{"$i":"wifi-searching","$v":"正在搜尋網絡..."},{"$i":"security-open","$v":"開啟"},{"$i":"shortStatus-connecting","$v":"正在連接..."},{"$i":"shortStatus-associated","$v":"正在獲取IP位址..."},{"$i":"shortStatus-authenticating","$v":"正在驗證..."},{"$i":"shortStatus-connected","$v":"已連接"},{"$i":"shortStatus-associationreject","$v":"連接失敗"},{"$i":"shortStatus-disconnected","$v":"離線"},{"$i":"shortStatus-connected-no-internet","$v":"已連接，無互聯網"},{"$i":"shortStatus-dhcpfailed","$v":"IP失敗"},{"$i":"shortStatus-authenticationfailed","$v":"密碼不正確"},{"$i":"securityWEP","$v":"WEP"},{"$i":"securityWPA-PSK","$v":"WPA-PSK"},{"$i":"securityWPA-EAP","$v":"WPA-EAP"},{"$i":"securityWPA2-PSK","$v":"WPA2-PSK"},{"$i":"securityWPA/WPA2-PSK","$v":"WPA/WPA2-PSK"},{"$i":"securedBy","$v":[{"t":"idOrVar","v":"capabilities"}]},{"$i":"securedByWay","$v":["透過",{"t":"idOrVar","v":"capabilities"},"進行保護"]},{"$i":"security","$v":"安全性"},{"$i":"signalStrength","$v":"訊號強度"},{"$i":"signalLevel0","$v":"極弱"},{"$i":"signalLevel1","$v":"弱"},{"$i":"signalLevel2","$v":"平均"},{"$i":"signalLevel3","$v":"良好"},{"$i":"signalLevel4","$v":"極強"},{"$i":"ipAddress","$v":"IP位址"},{"$i":"linkSpeed","$v":"連結速度"},{"$i":"linkSpeedMbs","$v":[{"t":"idOrVar","v":"linkSpeed"}," Mbit/s"]},{"$i":"wifi-rescan","$v":"重新掃描"},{"$i":"wifi-join-fail","$v":["無法加入網絡",{"t":"idOrVar","v":"n"},"。"]},{"$i":"wifi-connect-fail","$v":[{"t":"idOrVar","v":"n"},"的密碼不正確。"]},{"$i":"wifi-connect-fail-username-or-password","$v":[{"t":"idOrVar","v":"n"},"的用戶名稱或密碼不正確。"]},{"$i":"wifi-ip-set-fail","$v":"IP設定失敗。"},{"$i":"wifi-pw-length-error","$v":"密碼長度必須超過8個字元。"},{"$i":"password","$v":"密碼"},{"$i":"showPassword","$v":"顯示密碼"},{"$i":"connect","$v":"連接"},{"$i":"rescanCompleted","$v":"重新掃描完成。"},{"$i":"eap-method","$v":"EAP方法"},{"$i":"phase-authentication","$v":"第2階段驗證"},{"$i":"server-certificate","$v":"伺服器證書"},{"$i":"username","$v":"用戶名稱"},{"$i":"eap-sim","$v":"SIM卡"},{"$i":"eap-aka","$v":"AKA"},{"$i":"eap-peap","$v":"PEAP"},{"$i":"eap-ttls","$v":"TTLS"},{"$i":"eap-akae","$v":"AKA'"},{"$i":"sim1","$v":"SIM1"},{"$i":"sim2","$v":"SIM2"},{"$i":"auth-with","$v":"認證方式"},{"$i":"sim-carrier-text","$v":["SIM卡",{"t":"idOrVar","v":"index"}," - ",{"t":"idOrVar","v":"carrierName"}]},{"$i":"auth-phase2-no","$v":"否"},{"$i":"auth-phase2-pap","$v":"PAP"},{"$i":"auth-phase2-mschap","$v":"MSCHAP"},{"$i":"auth-phase2-mschapv2","$v":"MSCHAP V2"},{"$i":"auth-phase2-gtc","$v":"GTC"},{"$i":"server-certificate-none","$v":"--"},{"$i":"failedToConnect","$v":"無法連接"},{"$i":"select","$v":"選擇"},{"$i":"skip","$v":"跳過"},{"$i":"next","$v":"下一個"},{"$i":"accept","$v":"接受"},{"$i":"cancel","$v":"取消"},{"$i":"ok","$v":"確定"},{"$i":"notNow","$v":"現在不要"},{"$i":"forget","$v":"忘記"},{"$i":"confirmation","$v":"確認"},{"$i":"forget-network","$v":"忘記網絡？"},{"$i":"network-forgotten","$v":"忘記網絡。"},{"$i":"hfa","$v":"HFA"},{"$i":"setup-phone-verification","$v":"手機驗證"},{"$i":"phone-verification-entry-message","$v":"驗證您的號碼來設定帳號，以存取商店和其他服務。"},{"$i":"phone-verification-skip-message","$v":"您的手機驗證未完成。您可以稍後在「設定」>「帳號」中驗證。需要驗證才能存取商店和其他服務。"},{"$i":"anti-theft","$v":"防竊"},{"$i":"anti-theft-info","$v":"我們希望您永遠不會遺失手機，但若遺失，您可以使用我們的遠端鎖定和清除功能來保護您的數據。準備就緒時，請前往「設定」以設定您的KaiOS帳號。"},{"$i":"select-language","$v":"選擇語言"},{"$i":"language-current","$v":"目前"},{"$i":"language-readout-on","$v":"朗讀"},{"$i":"language-readout-off","$v":"朗讀"},{"$i":"readout-rule","$v":"若要開啟朗讀模式，請按左軟件鍵。"},{"$i":"close-readout","$v":"已停用朗讀模式。若要開啟朗讀模式，請按左軟件鍵。"},{"$i":"open-readout","$v":["已啟用朗讀模式。選擇語言。",{"t":"idOrVar","v":"selectedLang"},"。",{"t":"idOrVar","v":"count"},"個項目裡的第 1 項。"]},{"$i":"decline-info","$v":"必須接受條款及細則，才可使用此裝置。"},{"$i":"kaios-license","$v":"條款和隱私政策"},{"$i":"decline","$v":"拒絕"},{"$i":"privacy-confirm","$v":"按「接受」即表示您同意KaiOS授權條款與私隱政策。"},{"$i":"open-url","$v":"開啟URL"},{"$i":"privacy-terms-short","$v":"您在裝置上接入和使用KaiOS軟件、服務和應用程式，即表示您接受和同意遵從KaiOS EULA及私隱條款，而您可以在此處了解這些條款"},{"$i":"lyf-license","$v":"LYF授權條款"},{"$i":"emergency","$v":"緊急模式"},{"$i":"done","$v":"完成"},{"$i":"about-kaios-agree","$v":"我希望通過發送分析數據來提供幫助。"},{"$i":"about-kaios-age","$v":"我已年滿16歲。"},{"$i":"about-kaios-ad","$v":"使用我的資料以改善廣告體驗。"},{"$i":"deselect","$v":"取消選擇"},{"$i":"selectKeyboard","$v":"選擇鍵盤"},{"$i":"more","$v":"更多 >"},{"$i":"ellipses-char","$v":"…"},{"$i":"location-access","$v":"位置訪問"},{"$i":"location-content","$v":"KaiOS使用數據(例如您附近的GPS、Wi-Fi和流動網絡)來協助判斷您的大致位置。"},{"$i":"deny","$v":"拒絕"},{"$i":"allow","$v":"允許"},{"$i":"always-on-voice","$v":"始終保持聲音"},{"$i":"aov-p1","$v":"您是否要設定Always On-Voice？"},{"$i":"aov-p2","$v":["請按「",{"t":"idOrVar","v":"proceed"},"」開始設定。"]},{"$i":"aov-p3","$v":"透過為您和您的親朋好友建立操作模式，Always On-Voice讓您可以使用語音助理「Hello Jio」。"},{"$i":"aov-p4","$v":"這些語音操作模式讓您可以使用語音指令控制手機或執行其他功能。"},{"$i":"aov-later","$v":"Later"},{"$i":"aov-proceed","$v":"繼續"},{"$i":"data-connectivity","$v":"警告訊息"},{"$i":"data-message","$v":"在智慧電話的初始設定期間，設定精靈將可能會使用流動網絡數據。"},{"$i":"qtn-privacy-terms-welcome","$v":"歡迎"},{"$i":"qtn-privacy-policy-description-1","$v":["感謝您選擇",{"t":"idOrVar","v":"WDM"},"。"]},{"$i":"qtn-privacy-policy-description-2","$v":"當您使用HMD Global服務和裝置上的應用程式時，需遵守HMD Global私隱政策。可從www.nokia.com/mobile-privacy了解該政策。"},{"$i":"qtn-privacy-policy-description-3","$v":["當您使用裝置上的KaiOS軟件、服務和應用程式時，需遵守KaiOS EULA以及私隱條款，可從",{"t":"idOrVar","v":"WDM"},"了解這些條款。"]},{"$i":"qtn-privacy-policy-description-4","$v":{"$o":"裝置啟動資訊(含一次性裝置定位訊息以及您唯一的裝置和網絡資訊)會發送至KAI&HMD。 "}},{"$i":"qtn-privacy-policy-description-5","$v":"此資訊令我們能夠更好地滿足您所在國家/地區的需求、提供軟件更新、客戶支援和啟動服務。"},{"$i":"qtn-privacy-policy-description-6","$v":"可能會收取數據費用。"},{"$i":"qtn-privacy-policy-description-7","$v":"當您使用裝置上的不同功能時，可能會收到私隱或其他聲明。"},{"$i":"aov-content-readout","$v":"您是否要設定Always On-Voice？請按 aov-later=稍後"},{"$i":"software-update","$v":"軟件更新設定"},{"$i":"wifi-or-mobile-data","$v":"Wi-Fi或流動網絡"},{"$i":"wlan-or-mobile-data","$v":"Wi-Fi或流動網絡"},{"$i":"wifi-only","$v":"僅Wi-Fi"},{"$i":"wlan-only","$v":"僅Wi-Fi"},{"$i":"software-update-tips","$v":"通過流動電話網絡下載時，可能會收取額外費用。"}]