[{"$i":"wifi","$v":"Khetha inethiwekhi"},{"$i":"ssid","$v":"SSID"},{"$i":"no-wifi-found","$v":"Awekho amanethiwekhi atholakalayo."},{"$i":"wifi-searching","$v":"Icinga inethiwekhi..."},{"$i":"security-open","$v":"Vula"},{"$i":"shortStatus-connecting","$v":"Iyaxhuma…"},{"$i":"shortStatus-associated","$v":"Ithola ikheli le-IP…"},{"$i":"shortStatus-authenticating","$v":"Iyaqinisekisa…"},{"$i":"shortStatus-connected","$v":"Kuxhunyiwe"},{"$i":"shortStatus-associationreject","$v":"Kuhlulekile ukuxhuma"},{"$i":"shortStatus-disconnected","$v":"Ayikho ku-inthanethi"},{"$i":"shortStatus-connected-no-internet","$v":"Kuxhunyiwe, ayikho i-inthanethi"},{"$i":"shortStatus-dhcpfailed","$v":"I-IP ihlulekile"},{"$i":"shortStatus-authenticationfailed","$v":"Iphasiwedi engalungile"},{"$i":"securityWEP","$v":"I-WEP"},{"$i":"securityWPA-PSK","$v":"I-WPA-PSK"},{"$i":"securityWPA-EAP","$v":"I-WPA-EAP"},{"$i":"securityWPA2-PSK","$v":"I-WPA2-PSK"},{"$i":"securityWPA/WPA2-PSK","$v":"I-WPA/WPA2-PSK"},{"$i":"securedBy","$v":[{"t":"idOrVar","v":"capabilities"}]},{"$i":"securedByWay","$v":["Ivikelwe yi ",{"t":"idOrVar","v":"capabilities"}]},{"$i":"security","$v":"Ukuvikeleka"},{"$i":"signalStrength","$v":"Amandla esiginali"},{"$i":"signalLevel0","$v":"Buthaka kakhulu"},{"$i":"signalLevel1","$v":"Thambile"},{"$i":"signalLevel2","$v":"Kulingene"},{"$i":"signalLevel3","$v":"Kuhle"},{"$i":"signalLevel4","$v":"Kuhle kakhulu"},{"$i":"ipAddress","$v":"Ikheli le-IP"},{"$i":"linkSpeed","$v":"Ijubane lokuxhuma"},{"$i":"linkSpeedMbs","$v":[{"t":"idOrVar","v":"linkSpeed"}," Mbit/s"]},{"$i":"wifi-rescan","$v":"Ukuhlola"},{"$i":"wifi-join-fail","$v":["Ayikwazi ukungena kunethiwekhi ",{"t":"idOrVar","v":"n"},"."]},{"$i":"wifi-connect-fail","$v":["Iphasiwedi engalungile ye ",{"t":"idOrVar","v":"n"},"."]},{"$i":"wifi-connect-fail-username-or-password","$v":["Igama lomsebenzisi okungelona noma igama lokudlula le ",{"t":"idOrVar","v":"n"},"."]},{"$i":"wifi-ip-set-fail","$v":"Amasethingi e-IP ahlulekile."},{"$i":"wifi-pw-length-error","$v":"Ubude bephasiwedi kumelwe bube ngaphezu kwezinhlamvu ezingu-8."},{"$i":"password","$v":"Iphasiwedi"},{"$i":"showPassword","$v":"Bonisa Iphasiwedi"},{"$i":"connect","$v":"Xhuma"},{"$i":"rescanCompleted","$v":"Ukuskena kabusha kuqediwe."},{"$i":"eap-method","$v":"Indlela ye-EAP"},{"$i":"phase-authentication","$v":"Ukuqinisekisa kwesigaba 2"},{"$i":"server-certificate","$v":"Isitifiketi seseva"},{"$i":"username","$v":"Igama lomsebenzisi"},{"$i":"eap-sim","$v":"I-SIM"},{"$i":"eap-aka","$v":"I-AKA"},{"$i":"eap-peap","$v":"I-PEAP"},{"$i":"eap-ttls","$v":"I-TTLS"},{"$i":"eap-akae","$v":"AKA'"},{"$i":"sim1","$v":"I-SIM1"},{"$i":"sim2","$v":"I-SIM2"},{"$i":"auth-with","$v":"Gunyaza nge-"},{"$i":"sim-carrier-text","$v":["SIM",{"t":"idOrVar","v":"index"}," - ",{"t":"idOrVar","v":"carrierName"}]},{"$i":"auth-phase2-no","$v":"Cha"},{"$i":"auth-phase2-pap","$v":"I-PAP"},{"$i":"auth-phase2-mschap","$v":"I-MSCHAP"},{"$i":"auth-phase2-mschapv2","$v":"I-MSCHAP"},{"$i":"auth-phase2-gtc","$v":"I-GTC"},{"$i":"server-certificate-none","$v":"--"},{"$i":"failedToConnect","$v":"Ihlulekile ukuxhuma"},{"$i":"select","$v":"Khetha"},{"$i":"skip","$v":"Yeqa"},{"$i":"next","$v":"Okulandelayo"},{"$i":"accept","$v":"Yamukela"},{"$i":"cancel","$v":"Khansela"},{"$i":"ok","$v":"KULUNGILE"},{"$i":"notNow","$v":"Hhayi manje"},{"$i":"forget","$v":"Khohlwa"},{"$i":"confirmation","$v":"Ukuqinisekisa"},{"$i":"forget-network","$v":"Khohlwa inethiwekhi?"},{"$i":"network-forgotten","$v":"Inethiwekhi ikhohlwakele."},{"$i":"hfa","$v":"I-HFA"},{"$i":"setup-phone-verification","$v":"Ukuqinisekisa Ifoni"},{"$i":"phone-verification-entry-message","$v":"Setha i-akhawunti ngokuqinisekisa inombolo yakho ukuze ungene esitolo nakwezinye izinkonzo."},{"$i":"phone-verification-skip-message","$v":"Ukuqinisekisa ifoni yakho kuphelile. Ungaqinisekisa kamuva kumaSethingi>I-akhawunti. Ukuqinisekisa kuyadingeka ukuze ungene Esitolo nakwezinye izinkonzo ezengeziwe."},{"$i":"anti-theft","$v":"Ivimbela Ubugebengu"},{"$i":"anti-theft-info","$v":"Sithemba ukuthi ngeke ikulahlekele ifoni yakho, kodwa uma kwenzeka ilahleka, ungavikela idatha yakho ngokuyikhiya nangokususa idatha. Lapho usukulungele, yiya kumaSethingi ukuze usethe iKaiOS akhawunti yakho."},{"$i":"select-language","$v":"Khetha ulimi"},{"$i":"language-current","$v":"Okwamanje"},{"$i":"language-readout-on","$v":"Eyokufunda ngokuzwakalayo"},{"$i":"language-readout-off","$v":"Eyokufunda ngokuzwakalayo"},{"$i":"readout-rule","$v":"Ukuvula imodi ye-Readout, sicela ucindezele ukhiye wesofthware."},{"$i":"close-readout","$v":"imodi ye-Readout ikhutshaziwe. Ukuvula imodi ye-Readout, sicela ucindezele ukhiye we-softhware."},{"$i":"open-readout","$v":["Imodi yokufunda inikwe amandla. Khetha Ulimi. ",{"t":"idOrVar","v":"selectedLang"},". Into engu-1 kwangu - ",{"t":"idOrVar","v":"count"},"."]},{"$i":"decline-info","$v":"Ukwamukela Imigomo Yelayisensi Yakwa-KaiOS kanye neNqubomgomo Yobumfihlo kuyadingeka ukuze usebenzise le divayisi"},{"$i":"kaios-license","$v":"Imigomo Yelayisensi Yakwa-kanye neNqubomgomo Yobumfihlo"},{"$i":"decline","$v":"Nqaba"},{"$i":"privacy-confirm","$v":"Ngokucindezela ku-Ngiyavuma uvumelana nemigomo yelayisense ye-KaiOS nezinqubomgomo zobumfihlo."},{"$i":"open-url","$v":"VULA I-URL"},{"$i":"privacy-terms-short","$v":"Ngokufinyelela nokusebenzisa isofthware ye-KaiOS, izinsizakalo, kanye nezinhlelo zokusebenza kwidivayisi yakho, wemukela futhi uvuma ukuthobela Imigomo ye-KaiOS EULA Nemigomo Yobumfihlo, engatholakala lapha"},{"$i":"lyf-license","$v":"KaiOS Imibandela Yelayisensi"},{"$i":"emergency","$v":"Okuphuthumayo"},{"$i":"done","$v":"Kwenziwe"},{"$i":"about-kaios-agree","$v":"Ngifuna ukusiza ngokuthumela idatha ye-analytics."},{"$i":"about-kaios-age","$v":"Sengidlulile eminyakeni engu-16."},{"$i":"about-kaios-ad","$v":"Sebenzisa idatha yami ukuze uthuthukise ulwazi lwakho lokukhangisa."},{"$i":"deselect","$v":"Yeka ukukhetha"},{"$i":"selectKeyboard","$v":"Khetha Ikhibhodi"},{"$i":"more","$v":"Okuningi >"},{"$i":"ellipses-char","$v":"…"},{"$i":"location-access","$v":"Imvume yokungena kusizinda"},{"$i":"location-content","$v":"I-KaiOS isebenzisa idatha enjenge-GPS, Wi-Fi nenethiwekhi yefoni eseduze kwakho ukuze ikusize ubone okucishe kube yindawo yakho."},{"$i":"deny","$v":"Nqaba"},{"$i":"allow","$v":"Vumela"},{"$i":"always-on-voice","$v":"Kuhlale Kuyizwi"},{"$i":"aov-p1","$v":"Ingabe ufuna ukuhlela okuthi Always On-Voice?"},{"$i":"aov-p2","$v":["Chofoza ku ",{"t":"idOrVar","v":"proceed"}," ukuze uqale ukuhlela."]},{"$i":"aov-p3","$v":"I-Always On-Voice ikuvumela usebenze nomsizi wakho wezwi u-’Hello Jio’ ngokwakhela wena iphrofayela nabaseduze nawe."},{"$i":"aov-p4","$v":"La maphrofayela ezwi azokuvumela ukuba ulawule umakhalekhukhwini wakho futhi wenze ezinye izinto ngeziqondiso zezwi."},{"$i":"aov-later","$v":"Later"},{"$i":"aov-proceed","$v":"Qhubeka"},{"$i":"data-connectivity","$v":"Umlayezo wesexwayiso"},{"$i":"data-message","$v":"Umyalo wokusetha ungasebenzisa inethiwekhi yeselula phakathi kwesethaphu yokuqala ye-smart phone."},{"$i":"qtn-privacy-terms-welcome","$v":"Siyakwamukela"},{"$i":"qtn-privacy-policy-description-1","$v":["Siyabonga ngokukhetha i-",{"t":"idOrVar","v":"WDM"},"."]},{"$i":"qtn-privacy-policy-description-2","$v":"Ukusebenzisa kwakho izinkonzo nama-app e-HMD Global emshinini wakho kulawulwa nguMthetho Wokuyimfihlo We-HMD Global, otholakala kule ngosi www.nokia.com/mobile-privacy."},{"$i":"qtn-privacy-policy-description-3","$v":["Ukusebenzisa kwakho isofthiwe ye-KaiOS, amasevisi nezinhlelo kudivayisi yakho abuswa i-KaiOS EULA nemigomo yobumfihlo, okutholakala ku-",{"t":"idOrVar","v":"WDM"},"."]},{"$i":"qtn-privacy-policy-description-4","$v":{"$o":"Ulwazi lokusebenzisa idivayisi kudivayisi yesikhathi esisodwa kanye nedivayisi yokhiye ohlukile nolwazi lwenethiwekhi kuzothunyelwa ku-KAI & HMD."}},{"$i":"qtn-privacy-policy-description-5","$v":"Lolu lwazi lusivumela ukuthi sihlangabezane kangcono nezidingo ezweni lakho, ukunikezela ngezibuyekezo ze-SW, usekelo lwamakhasimende namasevisi wokusebenzisa."},{"$i":"qtn-privacy-policy-description-6","$v":"Izindleko zedatha zingasebenza."},{"$i":"qtn-privacy-policy-description-7","$v":"Okuyimfihlo noma ezinye izaziso kungase kutholakale lapho usebenzisa ezinye izici zomshini wakho."},{"$i":"aov-content-readout","$v":"Ingabe ufuna ukuhlela okuthi Always On-Voice? Chofoza ku aov-later=Ngemva kwesikhathi"},{"$i":"software-update","$v":"Amasethingi Okuthuthukiswa Kwesofthiwe"},{"$i":"wifi-or-mobile-data","$v":"I-Wi-Fi noma inethiwekhi yemobhayili"},{"$i":"wlan-or-mobile-data","$v":"I-Wi-Fi noma inethiwekhi yefoni"},{"$i":"wifi-only","$v":"I-Wi-Fi kuphela"},{"$i":"wlan-only","$v":"I-Wi-Fi kuphela"},{"$i":"software-update-tips","$v":"Uma ilanda ngenethiwekhi yeselula, izindleko ezingeziwe zingasebenza."}]