[{"$i":"title","$v":"Sleutelbord"},{"$i":"settingsPageTitle","$v":"Ingeboude Sleutelbord"},{"$i":"ok","$v":"Goed"},{"$i":"keyboardSettings","$v":"Sleutelbord instellings"},{"$i":"cancel","$v":"Kanselleer"},{"$i":"delete","$v":"Skrap"},{"$i":"done","$v":"Klaar"},{"$i":"next","$v":[{"t":"idOrVar","v":"n"},"/",{"t":"idOrVar","v":"m"}]},{"$i":"select","$v":"Kies"},{"$i":"enter","$v":"Invoer"},{"$i":"spell","$v":"Spel"},{"$i":"symbols","$v":"Simbole"},{"$i":"emojiReady","$v":"Emoji is nou hier beskikbaar!"},{"$i":"vibration","$v":"Vibrering"},{"$i":"clickSound","$v":"Klikklank"},{"$i":"autoCorrect","$v":"Outo regstelling"},{"$i":"wordSuggestion","$v":"Woord voorstel"},{"$i":"userDictionary","$v":"Gebruikerwoordeboek"},{"$i":"handwritingKeyboard","$v":"Handskrif"},{"$i":"strokeWidth","$v":"Slagbreedte"},{"$i":"responseSpeed","$v":"Reaksiespoed"},{"$i":"wordSuggestions2","ariaLabel":"Woord voorstelle"},{"$i":"dismiss2","ariaLabel":"Kanselleer"},{"$i":"alternateLayoutKey2","ariaLabel":"Meer nommers en simbole"},{"$i":"basicLayoutKey2","ariaLabel":"letters"},{"$i":"upperCaseKey2","ariaLabel":"Shift"},{"$i":"backSpaceKey2","ariaLabel":"skrap"},{"$i":"spaceKey2","ariaLabel":"Ruimte"},{"$i":"returnKey2","ariaLabel":"Keer terug"},{"$i":"periodKey2","ariaLabel":"punt"},{"$i":"commaKey2","ariaLabel":"komma"},{"$i":"colonKey2","ariaLabel":"dubbelpunt"},{"$i":"semicolonKey2","ariaLabel":"kommapunt"},{"$i":"questionMarkKey2","ariaLabel":"vraagteken"},{"$i":"exclamationPointKey2","ariaLabel":"uitroepteken"},{"$i":"leftBracketKey2","ariaLabel":"Linker hakkie"},{"$i":"rightBracketKey2","ariaLabel":"Regter hakkie"},{"$i":"doubleQuoteKey2","ariaLabel":"Dubbel aanhaling"},{"$i":"leftDoubleAngleQuoteKey2","ariaLabel":"Linker dubbelhoek aanhaling"},{"$i":"rightDoubleAngleQuoteKey2","ariaLabel":"Regter dubbelhoek aanhaling"},{"$i":"userDictionaryNoWord","$v":"Geen woorde in die gebruikerwoordeboek."},{"$i":"userDictionaryAddNow","$v":"Voeg nou ‘n woord by."},{"$i":"userDictionaryAddButton","ariaLabel":"Voeg woord by"},{"$i":"userDictionaryAdd","$v":"Voeg woord by"},{"$i":"userDictionaryEdit","$v":"Redigeer woord"},{"$i":"userDictionarySaveButton","$v":"Stoor"},{"$i":"userDictionaryDeleteButton","$v":"Skrap"},{"$i":"userDictionaryDeletePrompt","$v":["Skrap woord “",{"t":"idOrVar","v":"word"},"”?"]}]