[{"$i":"title","$v":"Klaviatura"},{"$i":"settingsPageTitle","$v":"Daxilə Qurulmuş Klaviatura"},{"$i":"ok","$v":"OK"},{"$i":"keyboardSettings","$v":"Klaviatura parametrləri"},{"$i":"cancel","$v":"Ləğv et"},{"$i":"delete","$v":"Sil"},{"$i":"done","$v":"Hazırdır"},{"$i":"next","$v":[{"t":"idOrVar","v":"n"},"/",{"t":"idOrVar","v":"m"}]},{"$i":"select","$v":"Seç"},{"$i":"enter","$v":"Daxil et"},{"$i":"spell","$v":"Spell"},{"$i":"symbols","$v":"Rəmzlər"},{"$i":"emojiReady","$v":"Emoji artıq burada mövcuddur!"},{"$i":"vibration","$v":"Vibrasiya"},{"$i":"clickSound","$v":"Səsi klikləyin"},{"$i":"autoCorrect","$v":"Avto düzəliş"},{"$i":"wordSuggestion","$v":"Word təklifi"},{"$i":"userDictionary","$v":"İstifadəçi lüğəti"},{"$i":"handwritingKeyboard","$v":"Əlyazma"},{"$i":"strokeWidth","$v":"Təsir Eni"},{"$i":"responseSpeed","$v":"Cavab Sürəti"},{"$i":"wordSuggestions2","ariaLabel":"Word təklifləri"},{"$i":"dismiss2","ariaLabel":"Rədd et"},{"$i":"alternateLayoutKey2","ariaLabel":"daha çox nömrə və simvol"},{"$i":"basicLayoutKey2","ariaLabel":"hərflər"},{"$i":"upperCaseKey2","ariaLabel":"shift"},{"$i":"backSpaceKey2","ariaLabel":"sil"},{"$i":"spaceKey2","ariaLabel":"sahə"},{"$i":"returnKey2","ariaLabel":"qayıt"},{"$i":"periodKey2","ariaLabel":"müddət"},{"$i":"commaKey2","ariaLabel":"vergül"},{"$i":"colonKey2","ariaLabel":"iki nöqtə"},{"$i":"semicolonKey2","ariaLabel":"nöqtəli vergül"},{"$i":"questionMarkKey2","ariaLabel":"sual işarəsi"},{"$i":"exclamationPointKey2","ariaLabel":"nida işarəsi"},{"$i":"leftBracketKey2","ariaLabel":"sol mötərizə"},{"$i":"rightBracketKey2","ariaLabel":"sağ mötərizə"},{"$i":"doubleQuoteKey2","ariaLabel":"ikiqat dırnaq işarəsi"},{"$i":"leftDoubleAngleQuoteKey2","ariaLabel":"sol ikiqat bucaqlı dırnaq işarəsi"},{"$i":"rightDoubleAngleQuoteKey2","ariaLabel":"sağ ikiqat buc dırnaq iş"},{"$i":"userDictionaryNoWord","$v":"İstifadəçi lüğətində heç bir söz yoxdur."},{"$i":"userDictionaryAddNow","$v":"İndi söz əlavə et."},{"$i":"userDictionaryAddButton","ariaLabel":"söz əlavə et"},{"$i":"userDictionaryAdd","$v":"Word əlavə et"},{"$i":"userDictionaryEdit","$v":"Word redaktə et"},{"$i":"userDictionarySaveButton","$v":"Saxla"},{"$i":"userDictionaryDeleteButton","$v":"Sil"},{"$i":"userDictionaryDeletePrompt","$v":[{"t":"idOrVar","v":"word"},"\" sözü silinsin?"]}]