[{"$i":"title","$v":"Клавиатура"},{"$i":"settingsPageTitle","$v":"Вградена клавиатура"},{"$i":"ok","$v":"ОК"},{"$i":"keyboardSettings","$v":"Настройки на клавиатура"},{"$i":"cancel","$v":"Отмяна"},{"$i":"delete","$v":"Изтриване"},{"$i":"done","$v":"Готово"},{"$i":"next","$v":[{"t":"idOrVar","v":"n"},"/",{"t":"idOrVar","v":"m"}]},{"$i":"select","$v":"Избор"},{"$i":"enter","$v":"Въвеждане"},{"$i":"spell","$v":"Заклинание"},{"$i":"symbols","$v":"Символи"},{"$i":"emojiReady","$v":"Emoji е достъпен тук сега!"},{"$i":"vibration","$v":"Вибрация"},{"$i":"clickSound","$v":"Звук за щракване"},{"$i":"autoCorrect","$v":"Автоматично коригиране"},{"$i":"wordSuggestion","$v":"Предложение за дума"},{"$i":"userDictionary","$v":"Потребителски речник"},{"$i":"handwritingKeyboard","$v":"Ръкопис"},{"$i":"strokeWidth","$v":"Широчина на контура"},{"$i":"responseSpeed","$v":"Скорост на отговаряне"},{"$i":"wordSuggestions2","ariaLabel":"Предложения за дума"},{"$i":"dismiss2","ariaLabel":"Игнориране"},{"$i":"alternateLayoutKey2","ariaLabel":"още номера и символи"},{"$i":"basicLayoutKey2","ariaLabel":"букви"},{"$i":"upperCaseKey2","ariaLabel":"изместване"},{"$i":"backSpaceKey2","ariaLabel":"изтриване"},{"$i":"spaceKey2","ariaLabel":"място"},{"$i":"returnKey2","ariaLabel":"връщане"},{"$i":"periodKey2","ariaLabel":"точка"},{"$i":"commaKey2","ariaLabel":"запетая"},{"$i":"colonKey2","ariaLabel":"двоеточие"},{"$i":"semicolonKey2","ariaLabel":"точка и запетая"},{"$i":"questionMarkKey2","ariaLabel":"въпросителен знак"},{"$i":"exclamationPointKey2","ariaLabel":"удив. знак"},{"$i":"leftBracketKey2","ariaLabel":"лява скоба"},{"$i":"rightBracketKey2","ariaLabel":"дясна скоба"},{"$i":"doubleQuoteKey2","ariaLabel":"двойни кавички"},{"$i":"leftDoubleAngleQuoteKey2","ariaLabel":"леви ъглести кавички"},{"$i":"rightDoubleAngleQuoteKey2","ariaLabel":"десни ъглести кавички"},{"$i":"userDictionaryNoWord","$v":"Няма думи в потр. речник."},{"$i":"userDictionaryAddNow","$v":"Добавете дума сега."},{"$i":"userDictionaryAddButton","ariaLabel":"добавяне на дума"},{"$i":"userDictionaryAdd","$v":"Добавяне на дума"},{"$i":"userDictionaryEdit","$v":"Редактиране на дума"},{"$i":"userDictionarySaveButton","$v":"Запис"},{"$i":"userDictionaryDeleteButton","$v":"Изтриване"},{"$i":"userDictionaryDeletePrompt","$v":["Изтриване на думата “",{"t":"idOrVar","v":"word"},"”?"]}]