[{"$i":"title","$v":"Tastatura"},{"$i":"settingsPageTitle","$v":"Ugrađena tastatura"},{"$i":"ok","$v":"U redu"},{"$i":"keyboardSettings","$v":"Podešavanja tastature"},{"$i":"cancel","$v":"Otkaži"},{"$i":"delete","$v":"Izbriši"},{"$i":"done","$v":"Završeno"},{"$i":"next","$v":[{"t":"idOrVar","v":"n"},"/",{"t":"idOrVar","v":"m"}]},{"$i":"select","$v":"Izaberi"},{"$i":"enter","$v":"Unesi"},{"$i":"spell","$v":"Spell"},{"$i":"symbols","$v":"Simboli"},{"$i":"emojiReady","$v":"Emoji je sada dostupan ovdje!"},{"$i":"vibration","$v":"Vibracija"},{"$i":"clickSound","$v":"Zvuk kliktanja"},{"$i":"autoCorrect","$v":"Auto. ispravke"},{"$i":"wordSuggestion","$v":"Prijedlog riječi"},{"$i":"userDictionary","$v":"Korisnički rječnik"},{"$i":"handwritingKeyboard","$v":"Rukopis"},{"$i":"strokeWidth","$v":"Širina udara"},{"$i":"responseSpeed","$v":"Brzina odgovora"},{"$i":"wordSuggestions2","ariaLabel":"Prijedlog riječi"},{"$i":"dismiss2","ariaLabel":"Odbaci"},{"$i":"alternateLayoutKey2","ariaLabel":"više brojeva i simbola"},{"$i":"basicLayoutKey2","ariaLabel":"slova"},{"$i":"upperCaseKey2","ariaLabel":"smjena"},{"$i":"backSpaceKey2","ariaLabel":"izbriši"},{"$i":"spaceKey2","ariaLabel":"prostor"},{"$i":"returnKey2","ariaLabel":"nazad"},{"$i":"periodKey2","ariaLabel":"period"},{"$i":"commaKey2","ariaLabel":"zarez"},{"$i":"colonKey2","ariaLabel":"colon"},{"$i":"semicolonKey2","ariaLabel":"tačka sa zapetom"},{"$i":"questionMarkKey2","ariaLabel":"upitnik"},{"$i":"exclamationPointKey2","ariaLabel":"uzvičnik"},{"$i":"leftBracketKey2","ariaLabel":"lijeva zagrada"},{"$i":"rightBracketKey2","ariaLabel":"desna zagrada"},{"$i":"doubleQuoteKey2","ariaLabel":"dupli navodnici"},{"$i":"leftDoubleAngleQuoteKey2","ariaLabel":"lijevi dvostruki ugao"},{"$i":"rightDoubleAngleQuoteKey2","ariaLabel":"desni dvostruki ugao"},{"$i":"userDictionaryNoWord","$v":"Nema riječi u korisničkom rječniku."},{"$i":"userDictionaryAddNow","$v":"Dodajte riječ sada."},{"$i":"userDictionaryAddButton","ariaLabel":"dodaj riječ"},{"$i":"userDictionaryAdd","$v":"Dodaj riječ"},{"$i":"userDictionaryEdit","$v":"Uredi Word"},{"$i":"userDictionarySaveButton","$v":"Sačuvaj"},{"$i":"userDictionaryDeleteButton","$v":"Izbriši"},{"$i":"userDictionaryDeletePrompt","$v":["Izbriši riječ „",{"t":"idOrVar","v":"word"},"“?"]}]