[{"$i":"title","$v":"Klávesnice"},{"$i":"settingsPageTitle","$v":"Integr. klávesnice"},{"$i":"ok","$v":"OK"},{"$i":"keyboardSettings","$v":"Nastavení klávesnice"},{"$i":"cancel","$v":"Zrušit"},{"$i":"delete","$v":"Odstranit"},{"$i":"done","$v":"Hotovo"},{"$i":"next","$v":[{"t":"idOrVar","v":"n"},"/",{"t":"idOrVar","v":"m"}]},{"$i":"select","$v":"Vybrat"},{"$i":"enter","$v":"Zadat"},{"$i":"spell","$v":"Hláskovat"},{"$i":"symbols","$v":"Symboly"},{"$i":"emojiReady","$v":"Emoji je nyní k dispozici!"},{"$i":"vibration","$v":"Vibrace"},{"$i":"clickSound","$v":"Zvuk kliknutí"},{"$i":"autoCorrect","$v":"Autom. opravy"},{"$i":"wordSuggestion","$v":"Návrh slova"},{"$i":"userDictionary","$v":"Uživ. slovník"},{"$i":"handwritingKeyboard","$v":"Psaní rukou"},{"$i":"strokeWidth","$v":"Šířka tahu"},{"$i":"responseSpeed","$v":"Rychlost odpovědi"},{"$i":"wordSuggestions2","ariaLabel":"Návrhy slov"},{"$i":"dismiss2","ariaLabel":"Ignorovat"},{"$i":"alternateLayoutKey2","ariaLabel":"další číslice a symboly"},{"$i":"basicLayoutKey2","ariaLabel":"písmena"},{"$i":"upperCaseKey2","ariaLabel":"shift"},{"$i":"backSpaceKey2","ariaLabel":"odstranit"},{"$i":"spaceKey2","ariaLabel":"místo"},{"$i":"returnKey2","ariaLabel":"vrátit"},{"$i":"periodKey2","ariaLabel":"období"},{"$i":"commaKey2","ariaLabel":"čárka"},{"$i":"colonKey2","ariaLabel":"dvojtečka"},{"$i":"semicolonKey2","ariaLabel":"středník"},{"$i":"questionMarkKey2","ariaLabel":"otazník"},{"$i":"exclamationPointKey2","ariaLabel":"vykřičník"},{"$i":"leftBracketKey2","ariaLabel":"levá závorka"},{"$i":"rightBracketKey2","ariaLabel":"pravá závorka"},{"$i":"doubleQuoteKey2","ariaLabel":"dvojité uvozovky"},{"$i":"leftDoubleAngleQuoteKey2","ariaLabel":"dvojitá otevírací uvozovka"},{"$i":"rightDoubleAngleQuoteKey2","ariaLabel":"dvojitá uzavírací uvozovka"},{"$i":"userDictionaryNoWord","$v":"V uživ. slovníku nejsou žádná slova."},{"$i":"userDictionaryAddNow","$v":"Přidat slovo."},{"$i":"userDictionaryAddButton","ariaLabel":"přidat slovo"},{"$i":"userDictionaryAdd","$v":"Přidat slovo"},{"$i":"userDictionaryEdit","$v":"Upravit slovo"},{"$i":"userDictionarySaveButton","$v":"Uložit"},{"$i":"userDictionaryDeleteButton","$v":"Odstranit"},{"$i":"userDictionaryDeletePrompt","$v":["Odstranit slovo „",{"t":"idOrVar","v":"word"},"“?"]}]