[{"$i":"title","$v":"Teclado"},{"$i":"settingsPageTitle","$v":"Teclado incorporado"},{"$i":"ok","$v":"OK"},{"$i":"keyboardSettings","$v":"Ajustes de teclado"},{"$i":"cancel","$v":"Cancelar"},{"$i":"delete","$v":"Eliminar"},{"$i":"done","$v":"Listo"},{"$i":"next","$v":[{"t":"idOrVar","v":"n"},"/",{"t":"idOrVar","v":"m"}]},{"$i":"select","$v":"Selec."},{"$i":"enter","$v":"Ingresar"},{"$i":"spell","$v":"Ortografía"},{"$i":"symbols","$v":"Símbolos"},{"$i":"emojiReady","$v":"¡Emoji ya está disponible aquí!"},{"$i":"vibration","$v":"Vibración"},{"$i":"clickSound","$v":"Sonido de clic"},{"$i":"autoCorrect","$v":"Corrección automática"},{"$i":"wordSuggestion","$v":"Sugerencia en Word"},{"$i":"userDictionary","$v":"Diccionario del usuario"},{"$i":"handwritingKeyboard","$v":"Escritura a mano"},{"$i":"strokeWidth","$v":"Ancho de pincelada"},{"$i":"responseSpeed","$v":"Velocidad de respuesta"},{"$i":"wordSuggestions2","ariaLabel":"Sugerencias en Word"},{"$i":"dismiss2","ariaLabel":"Descartar"},{"$i":"alternateLayoutKey2","ariaLabel":"más números y símbolos"},{"$i":"basicLayoutKey2","ariaLabel":"letras"},{"$i":"upperCaseKey2","ariaLabel":"mayúscula"},{"$i":"backSpaceKey2","ariaLabel":"eliminar"},{"$i":"spaceKey2","ariaLabel":"espacio"},{"$i":"returnKey2","ariaLabel":"volver"},{"$i":"periodKey2","ariaLabel":"periodo"},{"$i":"commaKey2","ariaLabel":"coma"},{"$i":"colonKey2","ariaLabel":"dos puntos"},{"$i":"semicolonKey2","ariaLabel":"punto y coma"},{"$i":"questionMarkKey2","ariaLabel":"signo de pregunta"},{"$i":"exclamationPointKey2","ariaLabel":"signo de admiración"},{"$i":"leftBracketKey2","ariaLabel":"corchete izquierdo"},{"$i":"rightBracketKey2","ariaLabel":"corchete derecho"},{"$i":"doubleQuoteKey2","ariaLabel":"doble comillas"},{"$i":"leftDoubleAngleQuoteKey2","ariaLabel":"cita entre comillas izquierda"},{"$i":"rightDoubleAngleQuoteKey2","ariaLabel":"cita entre comillas derecha"},{"$i":"userDictionaryNoWord","$v":"No hay palabras en el diccionario del usuario."},{"$i":"userDictionaryAddNow","$v":"Añadir una palabra ahora."},{"$i":"userDictionaryAddButton","ariaLabel":"añadir palabra"},{"$i":"userDictionaryAdd","$v":"Añadir palabra"},{"$i":"userDictionaryEdit","$v":"Editar palabra"},{"$i":"userDictionarySaveButton","$v":"Guardar"},{"$i":"userDictionaryDeleteButton","$v":"Eliminar"},{"$i":"userDictionaryDeletePrompt","$v":["Eliminar palabra â€œ",{"t":"idOrVar","v":"word"},"â€?"]}]