[{"$i":"title","$v":"Klaviatuur"},{"$i":"settingsPageTitle","$v":"Integreeritud klaviatuur"},{"$i":"ok","$v":"OK"},{"$i":"keyboardSettings","$v":"Klahvistiku seaded"},{"$i":"cancel","$v":"Tühista"},{"$i":"delete","$v":"Kustuta"},{"$i":"done","$v":"Valmis"},{"$i":"next","$v":[{"t":"idOrVar","v":"n"},"/",{"t":"idOrVar","v":"m"}]},{"$i":"select","$v":"Vali"},{"$i":"enter","$v":"Sisesta"},{"$i":"spell","$v":"Õigekirja"},{"$i":"symbols","$v":"Sümbolid"},{"$i":"emojiReady","$v":"Emotikonid on siin nüüd saadaval!"},{"$i":"vibration","$v":"Värin"},{"$i":"clickSound","$v":"Klõpsuheli"},{"$i":"autoCorrect","$v":"Automaatne parandamine"},{"$i":"wordSuggestion","$v":"Sõnaettepanek"},{"$i":"userDictionary","$v":"Kasutaja sõnastik"},{"$i":"handwritingKeyboard","$v":"Käsitsikiri"},{"$i":"strokeWidth","$v":"Joone laius"},{"$i":"responseSpeed","$v":"Reageerimiskiirus"},{"$i":"wordSuggestions2","ariaLabel":"Sõnaettepanekud"},{"$i":"dismiss2","ariaLabel":"Tühista"},{"$i":"alternateLayoutKey2","ariaLabel":"veel numbreid/sümboleid"},{"$i":"basicLayoutKey2","ariaLabel":"tähed"},{"$i":"upperCaseKey2","ariaLabel":"vahetus"},{"$i":"backSpaceKey2","ariaLabel":"kustuta"},{"$i":"spaceKey2","ariaLabel":"ruum"},{"$i":"returnKey2","ariaLabel":"naasmine"},{"$i":"periodKey2","ariaLabel":"periood"},{"$i":"commaKey2","ariaLabel":"koma"},{"$i":"colonKey2","ariaLabel":"koolon"},{"$i":"semicolonKey2","ariaLabel":"semikoolon"},{"$i":"questionMarkKey2","ariaLabel":"küsimärk"},{"$i":"exclamationPointKey2","ariaLabel":"hüüumärk"},{"$i":"leftBracketKey2","ariaLabel":"vasakpoolne sulg"},{"$i":"rightBracketKey2","ariaLabel":"paremsulg"},{"$i":"doubleQuoteKey2","ariaLabel":"topeltjutumärk"},{"$i":"leftDoubleAngleQuoteKey2","ariaLabel":"vasakule suunatud kahekordne nurkjutumärk"},{"$i":"rightDoubleAngleQuoteKey2","ariaLabel":"parem. suun. kahek. nurkjutumärk"},{"$i":"userDictionaryNoWord","$v":"Kasutaja sõnastikus pole sõnu."},{"$i":"userDictionaryAddNow","$v":"Lisage sõna kohe."},{"$i":"userDictionaryAddButton","ariaLabel":"lisa sõna"},{"$i":"userDictionaryAdd","$v":"Lisa sõna"},{"$i":"userDictionaryEdit","$v":"Redigeeri sõna"},{"$i":"userDictionarySaveButton","$v":"Salvesta"},{"$i":"userDictionaryDeleteButton","$v":"Kustuta"},{"$i":"userDictionaryDeletePrompt","$v":["Kas kustutada sõna ",{"t":"idOrVar","v":"word"},"?"]}]