[{"$i":"title","$v":"صفحه کلید"},{"$i":"settingsPageTitle","$v":"صفحه کلید داخلی"},{"$i":"ok","$v":"تأیید"},{"$i":"keyboardSettings","$v":"تنظیمات صفحه کلید"},{"$i":"cancel","$v":"لغو کردن"},{"$i":"delete","$v":"حذف"},{"$i":"done","$v":"انجام شد"},{"$i":"next","$v":[{"t":"idOrVar","v":"n"},"/",{"t":"idOrVar","v":"m"}]},{"$i":"select","$v":"انتخاب"},{"$i":"enter","$v":"وارد کردن"},{"$i":"spell","$v":"هجی کردن"},{"$i":"symbols","$v":"نمادها"},{"$i":"emojiReady","$v":"ایموجی اکنون اینجا در دسترس است!"},{"$i":"vibration","$v":"لرزش"},{"$i":"clickSound","$v":"صدای کلیک"},{"$i":"autoCorrect","$v":"تصحیح خودکار"},{"$i":"wordSuggestion","$v":"پیشنهاد کلمه"},{"$i":"userDictionary","$v":"فرهنگ لغت كاربر"},{"$i":"handwritingKeyboard","$v":"دستخط"},{"$i":"strokeWidth","$v":"سرعت ضربه"},{"$i":"responseSpeed","$v":"سرعت پاسخ"},{"$i":"wordSuggestions2","ariaLabel":"پیشنهادهای کلمه"},{"$i":"dismiss2","ariaLabel":"رد کردن"},{"$i":"alternateLayoutKey2","ariaLabel":"شماره ها و نمادهای بیشتر"},{"$i":"basicLayoutKey2","ariaLabel":"حروف"},{"$i":"upperCaseKey2","ariaLabel":"تغییر"},{"$i":"backSpaceKey2","ariaLabel":"حذف"},{"$i":"spaceKey2","ariaLabel":"فاصله"},{"$i":"returnKey2","ariaLabel":"برگشت"},{"$i":"periodKey2","ariaLabel":"نقطه"},{"$i":"commaKey2","ariaLabel":"کاما"},{"$i":"colonKey2","ariaLabel":"دو نقطه"},{"$i":"semicolonKey2","ariaLabel":"نقطه ویرگول"},{"$i":"questionMarkKey2","ariaLabel":"علامت سؤال"},{"$i":"exclamationPointKey2","ariaLabel":"علامت تعجب"},{"$i":"leftBracketKey2","ariaLabel":"براکت چپ"},{"$i":"rightBracketKey2","ariaLabel":"براکت راست"},{"$i":"doubleQuoteKey2","ariaLabel":"علامت نقل قول"},{"$i":"leftDoubleAngleQuoteKey2","ariaLabel":"نقل قول دوگانه چپ"},{"$i":"rightDoubleAngleQuoteKey2","ariaLabel":"نقل قول دوگانه راست"},{"$i":"userDictionaryNoWord","$v":"کلمه ای در فرهنگ لغت کاربر وجود ندارد."},{"$i":"userDictionaryAddNow","$v":"اکنون یک کلمه اضافه کنید."},{"$i":"userDictionaryAddButton","ariaLabel":"افزودن کلمه"},{"$i":"userDictionaryAdd","$v":"افزودن کلمه"},{"$i":"userDictionaryEdit","$v":"ویرایش کلمه"},{"$i":"userDictionarySaveButton","$v":"ذخيره"},{"$i":"userDictionaryDeleteButton","$v":"حذف"},{"$i":"userDictionaryDeletePrompt","$v":["حذف کلمه \"",{"t":"idOrVar","v":"word"},"\"؟"]}]