[{"$i":"title","$v":"Keyboard"},{"$i":"settingsPageTitle","$v":"Built-in na Keyboard"},{"$i":"ok","$v":"OK"},{"$i":"keyboardSettings","$v":"Mga setting ng keyboard"},{"$i":"cancel","$v":"Kanselahin"},{"$i":"delete","$v":"I-delete"},{"$i":"done","$v":"Tapos na"},{"$i":"next","$v":[{"t":"idOrVar","v":"n"},"/",{"t":"idOrVar","v":"m"}]},{"$i":"select","$v":"Pumili"},{"$i":"enter","$v":"Ipasok"},{"$i":"spell","$v":"Spell"},{"$i":"symbols","$v":"Mga Simbolo"},{"$i":"emojiReady","$v":"Magagamit na ngayon si Emoji!"},{"$i":"vibration","$v":"Vibration"},{"$i":"clickSound","$v":"Tunog ng pag-click"},{"$i":"autoCorrect","$v":"Awtomatikong pagwawasto"},{"$i":"wordSuggestion","$v":"Suhestyong salita"},{"$i":"userDictionary","$v":"Diksyunaryo ng user"},{"$i":"handwritingKeyboard","$v":"Handwriting"},{"$i":"strokeWidth","$v":"Kapal ng Stroke"},{"$i":"responseSpeed","$v":"Bilis ng Pagtugon"},{"$i":"wordSuggestions2","ariaLabel":"Mga suhestyong salita"},{"$i":"dismiss2","ariaLabel":"I-dismiss"},{"$i":"alternateLayoutKey2","ariaLabel":"higit pang numero at simbolo"},{"$i":"basicLayoutKey2","ariaLabel":"mga titik"},{"$i":"upperCaseKey2","ariaLabel":"lumipat"},{"$i":"backSpaceKey2","ariaLabel":"i-delete"},{"$i":"spaceKey2","ariaLabel":"espasyo"},{"$i":"returnKey2","ariaLabel":"bumalik"},{"$i":"periodKey2","ariaLabel":"tuldok"},{"$i":"commaKey2","ariaLabel":"kuwit"},{"$i":"colonKey2","ariaLabel":"tutuldok"},{"$i":"semicolonKey2","ariaLabel":"tutuldok-kuwit"},{"$i":"questionMarkKey2","ariaLabel":"tandang pananong"},{"$i":"exclamationPointKey2","ariaLabel":"Tandang padamdam"},{"$i":"leftBracketKey2","ariaLabel":"kaliwang bracket"},{"$i":"rightBracketKey2","ariaLabel":"kanang bracket"},{"$i":"doubleQuoteKey2","ariaLabel":"double quote"},{"$i":"leftDoubleAngleQuoteKey2","ariaLabel":"kaliwang double angle quote"},{"$i":"rightDoubleAngleQuoteKey2","ariaLabel":"kanang double angle quote"},{"$i":"userDictionaryNoWord","$v":"Walang salita sa diksyunaryo ng user."},{"$i":"userDictionaryAddNow","$v":"Magdagdag na ng salita."},{"$i":"userDictionaryAddButton","ariaLabel":"magdagdag ng salita"},{"$i":"userDictionaryAdd","$v":"Magdagdag ng Salita"},{"$i":"userDictionaryEdit","$v":"I-edit ang Salita"},{"$i":"userDictionarySaveButton","$v":"I-save"},{"$i":"userDictionaryDeleteButton","$v":"I-delete"},{"$i":"userDictionaryDeletePrompt","$v":["I-delete ang salitang “",{"t":"idOrVar","v":"word"},"”?"]}]