[{"$i":"title","$v":"Clavier"},{"$i":"settingsPageTitle","$v":"Clavier intégré"},{"$i":"ok","$v":"OK"},{"$i":"keyboardSettings","$v":"Paramètres du clavier"},{"$i":"cancel","$v":"Annuler"},{"$i":"delete","$v":"Supprimer"},{"$i":"done","$v":"Terminé"},{"$i":"next","$v":[{"t":"idOrVar","v":"n"},"/",{"t":"idOrVar","v":"m"}]},{"$i":"select","$v":"Sélect"},{"$i":"enter","$v":"Saisir"},{"$i":"spell","$v":"Orthographe"},{"$i":"symbols","$v":"Symboles"},{"$i":"emojiReady","$v":"Les emoji sont désormais disponibles !"},{"$i":"vibration","$v":"Vibreur"},{"$i":"clickSound","$v":"Son de clic"},{"$i":"autoCorrect","$v":"Correction automatique"},{"$i":"wordSuggestion","$v":"Suggestion de mots"},{"$i":"userDictionary","$v":"Dictionnaire personnel"},{"$i":"handwritingKeyboard","$v":"Écriture manuscrite"},{"$i":"strokeWidth","$v":"Largeur de trait"},{"$i":"responseSpeed","$v":"Vitesse de réponse"},{"$i":"wordSuggestions2","ariaLabel":"Suggestions de mots"},{"$i":"dismiss2","ariaLabel":"Ignorer"},{"$i":"alternateLayoutKey2","ariaLabel":"autres chiffres et symboles"},{"$i":"basicLayoutKey2","ariaLabel":"lettres"},{"$i":"upperCaseKey2","ariaLabel":"maj"},{"$i":"backSpaceKey2","ariaLabel":"supprimer"},{"$i":"spaceKey2","ariaLabel":"espace"},{"$i":"returnKey2","ariaLabel":"retour"},{"$i":"periodKey2","ariaLabel":"point"},{"$i":"commaKey2","ariaLabel":"virgule"},{"$i":"colonKey2","ariaLabel":"deux-points"},{"$i":"semicolonKey2","ariaLabel":"point-virgule"},{"$i":"questionMarkKey2","ariaLabel":"point d’interrogation"},{"$i":"exclamationPointKey2","ariaLabel":"point d’exclamation"},{"$i":"leftBracketKey2","ariaLabel":"crochet ouvrant"},{"$i":"rightBracketKey2","ariaLabel":"crochet fermant"},{"$i":"doubleQuoteKey2","ariaLabel":"guillemets doubles"},{"$i":"leftDoubleAngleQuoteKey2","ariaLabel":"chevrons doubles ouvrants"},{"$i":"rightDoubleAngleQuoteKey2","ariaLabel":"chevrons doubles fermants"},{"$i":"userDictionaryNoWord","$v":"Aucun mot n'est présent dans le dictionnaire personnel."},{"$i":"userDictionaryAddNow","$v":"Ajoutez un mot."},{"$i":"userDictionaryAddButton","ariaLabel":"ajouter un mot"},{"$i":"userDictionaryAdd","$v":"Ajouter un mot"},{"$i":"userDictionaryEdit","$v":"Modifier le mot"},{"$i":"userDictionarySaveButton","$v":"Enregistrer"},{"$i":"userDictionaryDeleteButton","$v":"Supprimer"},{"$i":"userDictionaryDeletePrompt","$v":["Supprimer le mot « ",{"t":"idOrVar","v":"word"}," » ?"]}]