[{"$i":"title","$v":"מקלדת"},{"$i":"settingsPageTitle","$v":"מקלדת מובנית"},{"$i":"ok","$v":"OK"},{"$i":"keyboardSettings","$v":"הגדרות מקלדת"},{"$i":"cancel","$v":"בטל"},{"$i":"delete","$v":"מחק"},{"$i":"done","$v":"בוצע"},{"$i":"next","$v":[{"t":"idOrVar","v":"n"},"/",{"t":"idOrVar","v":"m"}]},{"$i":"select","$v":"בחירה"},{"$i":"enter","$v":"הזן"},{"$i":"spell","$v":"איות"},{"$i":"symbols","$v":"סמלים"},{"$i":"emojiReady","$v":"אמוג'י זמין כאן עכשיו!"},{"$i":"vibration","$v":"ריטוט"},{"$i":"clickSound","$v":"צליל קליק"},{"$i":"autoCorrect","$v":"תיקון אוטומטי"},{"$i":"wordSuggestion","$v":"הצעת מילה"},{"$i":"userDictionary","$v":"מילון משתמש"},{"$i":"handwritingKeyboard","$v":"כתב יד"},{"$i":"strokeWidth","$v":"רוחב מהלך"},{"$i":"responseSpeed","$v":"מהירות תגובה"},{"$i":"wordSuggestions2","ariaLabel":"הצעות מילה"},{"$i":"dismiss2","ariaLabel":"התעלם"},{"$i":"alternateLayoutKey2","ariaLabel":"מספרים וסמלים נוספים"},{"$i":"basicLayoutKey2","ariaLabel":"אותיות"},{"$i":"upperCaseKey2","ariaLabel":"SHIFT"},{"$i":"backSpaceKey2","ariaLabel":"מחק"},{"$i":"spaceKey2","ariaLabel":"רווח"},{"$i":"returnKey2","ariaLabel":"חזור"},{"$i":"periodKey2","ariaLabel":"תקופה"},{"$i":"commaKey2","ariaLabel":"פסיק"},{"$i":"colonKey2","ariaLabel":"נקודתיים"},{"$i":"semicolonKey2","ariaLabel":"נקודה-פסיק"},{"$i":"questionMarkKey2","ariaLabel":"סימן שאלה"},{"$i":"exclamationPointKey2","ariaLabel":"סימן קריאה"},{"$i":"leftBracketKey2","ariaLabel":"סוגר שמאלי"},{"$i":"rightBracketKey2","ariaLabel":"סוגר מרובע ימני"},{"$i":"doubleQuoteKey2","ariaLabel":"גרשיים"},{"$i":"leftDoubleAngleQuoteKey2","ariaLabel":"גרש זווית כפול שמאלי"},{"$i":"rightDoubleAngleQuoteKey2","ariaLabel":"גרש זווית כפול ימני"},{"$i":"userDictionaryNoWord","$v":"אין מילים במילון המשתמש."},{"$i":"userDictionaryAddNow","$v":"הוסף מילה כעת."},{"$i":"userDictionaryAddButton","ariaLabel":"הוסף מילה"},{"$i":"userDictionaryAdd","$v":"הוסף מילה"},{"$i":"userDictionaryEdit","$v":"ערוך מילה"},{"$i":"userDictionarySaveButton","$v":"שמור"},{"$i":"userDictionaryDeleteButton","$v":"מחק"},{"$i":"userDictionaryDeletePrompt","$v":["מחק את המילה “",{"t":"idOrVar","v":"word"},"”?"]}]