[{"$i":"title","$v":"Tipkovnica"},{"$i":"settingsPageTitle","$v":"Ugrađena tipkovnica"},{"$i":"ok","$v":"U redu"},{"$i":"keyboardSettings","$v":"Postavke tipkovnice"},{"$i":"cancel","$v":"Poništi"},{"$i":"delete","$v":"Izbriši"},{"$i":"done","$v":"Dovršeno"},{"$i":"next","$v":[{"t":"idOrVar","v":"n"},"/",{"t":"idOrVar","v":"m"}]},{"$i":"select","$v":"Odaberi"},{"$i":"enter","$v":"Unos"},{"$i":"spell","$v":"Čarolija"},{"$i":"symbols","$v":"simboli"},{"$i":"emojiReady","$v":"Emoji je sada dostupan ovdje!"},{"$i":"vibration","$v":"Vibracija"},{"$i":"clickSound","$v":"Zvuk škljocaja"},{"$i":"autoCorrect","$v":"Automatski ispravak"},{"$i":"wordSuggestion","$v":"Prijedlog riječi"},{"$i":"userDictionary","$v":"Korisnički rječnik"},{"$i":"handwritingKeyboard","$v":"Rukopis"},{"$i":"strokeWidth","$v":"Širina poteza"},{"$i":"responseSpeed","$v":"Brzina odgovora"},{"$i":"wordSuggestions2","ariaLabel":"Prijedlozi riječi"},{"$i":"dismiss2","ariaLabel":"Odbaci"},{"$i":"alternateLayoutKey2","ariaLabel":"više brojeva i simbola"},{"$i":"basicLayoutKey2","ariaLabel":"slova"},{"$i":"upperCaseKey2","ariaLabel":"shift"},{"$i":"backSpaceKey2","ariaLabel":"izbriši"},{"$i":"spaceKey2","ariaLabel":"prostor"},{"$i":"returnKey2","ariaLabel":"vrati"},{"$i":"periodKey2","ariaLabel":"razdoblje"},{"$i":"commaKey2","ariaLabel":"zarez"},{"$i":"colonKey2","ariaLabel":"dvotočje"},{"$i":"semicolonKey2","ariaLabel":"točka-zarez"},{"$i":"questionMarkKey2","ariaLabel":"upitnik"},{"$i":"exclamationPointKey2","ariaLabel":"uskličnik"},{"$i":"leftBracketKey2","ariaLabel":"lijeva zagrada"},{"$i":"rightBracketKey2","ariaLabel":"desna zagrada"},{"$i":"doubleQuoteKey2","ariaLabel":"dvostruki navodnici"},{"$i":"leftDoubleAngleQuoteKey2","ariaLabel":"lijevi dupli uglati navodnik"},{"$i":"rightDoubleAngleQuoteKey2","ariaLabel":"desni dupli uglati navodnik"},{"$i":"userDictionaryNoWord","$v":"Nema riječi u korisničkom rječniku."},{"$i":"userDictionaryAddNow","$v":"Sada dodajte neku riječ."},{"$i":"userDictionaryAddButton","ariaLabel":"dodajte riječ"},{"$i":"userDictionaryAdd","$v":"Dodajte riječ"},{"$i":"userDictionaryEdit","$v":"Uređivanje riječi"},{"$i":"userDictionarySaveButton","$v":"Spremi"},{"$i":"userDictionaryDeleteButton","$v":"Izbriši"},{"$i":"userDictionaryDeletePrompt","$v":["Želite li izbrisati riječ \"",{"t":"idOrVar","v":"word"},"\"?"]}]