[{"$i":"title","$v":"Billentyűzet"},{"$i":"settingsPageTitle","$v":"Beépített billentyűzet"},{"$i":"ok","$v":"OK"},{"$i":"keyboardSettings","$v":"Billentyűzet beállítások"},{"$i":"cancel","$v":"Mégse"},{"$i":"delete","$v":"Törlés"},{"$i":"done","$v":"Kész"},{"$i":"next","$v":[{"t":"idOrVar","v":"n"},"/",{"t":"idOrVar","v":"m"}]},{"$i":"select","$v":"Kiválasztás"},{"$i":"enter","$v":"Adja meg"},{"$i":"spell","$v":"Helyesírás"},{"$i":"symbols","$v":"Szimbólumok"},{"$i":"emojiReady","$v":"A hangulatjelek most elérhetők itt!"},{"$i":"vibration","$v":"Rezgés"},{"$i":"clickSound","$v":"Kattanás hang"},{"$i":"autoCorrect","$v":"Automatikus javítás"},{"$i":"wordSuggestion","$v":"Szójavaslat"},{"$i":"userDictionary","$v":"Felhasználói szótár"},{"$i":"handwritingKeyboard","$v":"Kézírás"},{"$i":"strokeWidth","$v":"Vonal szélesség"},{"$i":"responseSpeed","$v":"Reakciósebesség"},{"$i":"wordSuggestions2","ariaLabel":"Szóajánlások"},{"$i":"dismiss2","ariaLabel":"Elutasítás"},{"$i":"alternateLayoutKey2","ariaLabel":"további számok és szimbólumok"},{"$i":"basicLayoutKey2","ariaLabel":"betűk"},{"$i":"upperCaseKey2","ariaLabel":"shift billentyű"},{"$i":"backSpaceKey2","ariaLabel":"Törlés"},{"$i":"spaceKey2","ariaLabel":"szóköz"},{"$i":"returnKey2","ariaLabel":"Vissza"},{"$i":"periodKey2","ariaLabel":"pont"},{"$i":"commaKey2","ariaLabel":"vessző"},{"$i":"colonKey2","ariaLabel":"kettőspont"},{"$i":"semicolonKey2","ariaLabel":"pontosvessző"},{"$i":"questionMarkKey2","ariaLabel":"kérdőjel"},{"$i":"exclamationPointKey2","ariaLabel":"felkiáltójel"},{"$i":"leftBracketKey2","ariaLabel":"bal oldali zárójel"},{"$i":"rightBracketKey2","ariaLabel":"jobb oldali zárójel"},{"$i":"doubleQuoteKey2","ariaLabel":"idézőjel"},{"$i":"leftDoubleAngleQuoteKey2","ariaLabel":"balra mutató csúcsos dupla idézőjel"},{"$i":"rightDoubleAngleQuoteKey2","ariaLabel":"jobbra mutató csúcsos dupla idézőjel"},{"$i":"userDictionaryNoWord","$v":"Nincs szó a felhasználói szótárban."},{"$i":"userDictionaryAddNow","$v":"Adjon hozzá egy szót most."},{"$i":"userDictionaryAddButton","ariaLabel":"Szó hozzáadása"},{"$i":"userDictionaryAdd","$v":"Szó hozzáadása"},{"$i":"userDictionaryEdit","$v":"Szó szerkesztése"},{"$i":"userDictionarySaveButton","$v":"Mentés"},{"$i":"userDictionaryDeleteButton","$v":"Törlés"},{"$i":"userDictionaryDeletePrompt","$v":["Törli ezt a szót: “",{"t":"idOrVar","v":"word"},"”?"]}]