[{"$i":"title","$v":"Lyklaborð"},{"$i":"settingsPageTitle","$v":"Innbyggt lyklaborð"},{"$i":"ok","$v":"Í lagi"},{"$i":"keyboardSettings","$v":"Lykilborðsstill."},{"$i":"cancel","$v":"H. við"},{"$i":"delete","$v":"Eyða"},{"$i":"done","$v":"Lokið"},{"$i":"next","$v":[{"t":"idOrVar","v":"n"},"/",{"t":"idOrVar","v":"m"}]},{"$i":"select","$v":"Velja"},{"$i":"enter","$v":"Slá inn"},{"$i":"spell","$v":"Stafa"},{"$i":"symbols","$v":"Tákn"},{"$i":"emojiReady","$v":"Emoji er fáanlegur hér núna!"},{"$i":"vibration","$v":"Titringur"},{"$i":"clickSound","$v":"Smellhljóð"},{"$i":"autoCorrect","$v":"Sjv. leiðrétt."},{"$i":"wordSuggestion","$v":"Orðatillaga"},{"$i":"userDictionary","$v":"Orðabók notanda"},{"$i":"handwritingKeyboard","$v":"Handskrift"},{"$i":"strokeWidth","$v":"Breidd stroku"},{"$i":"responseSpeed","$v":"Viðbragðshraði"},{"$i":"wordSuggestions2","ariaLabel":"Orðatillögur"},{"$i":"dismiss2","ariaLabel":"Hunsa"},{"$i":"alternateLayoutKey2","ariaLabel":"fleiri númer og tákn"},{"$i":"basicLayoutKey2","ariaLabel":"bókstafir"},{"$i":"upperCaseKey2","ariaLabel":"shift"},{"$i":"backSpaceKey2","ariaLabel":"eyða"},{"$i":"spaceKey2","ariaLabel":"svæði"},{"$i":"returnKey2","ariaLabel":"fara til baka"},{"$i":"periodKey2","ariaLabel":"tímabil"},{"$i":"commaKey2","ariaLabel":"komma"},{"$i":"colonKey2","ariaLabel":"tvípunktur"},{"$i":"semicolonKey2","ariaLabel":"semíkomma"},{"$i":"questionMarkKey2","ariaLabel":"spurningarmerki"},{"$i":"exclamationPointKey2","ariaLabel":"upphrópm."},{"$i":"leftBracketKey2","ariaLabel":"vinstri hornklofi"},{"$i":"rightBracketKey2","ariaLabel":"hægri hornklofi"},{"$i":"doubleQuoteKey2","ariaLabel":"tvöfaldar gæsalappir"},{"$i":"leftDoubleAngleQuoteKey2","ariaLabel":"tvöfaldur vinstri oddklofi"},{"$i":"rightDoubleAngleQuoteKey2","ariaLabel":"tvöfaldur hægri oddklofi"},{"$i":"userDictionaryNoWord","$v":"Engin orð eru í orðabók notanda."},{"$i":"userDictionaryAddNow","$v":"Bæta við orði núna."},{"$i":"userDictionaryAddButton","ariaLabel":"bæta við orði"},{"$i":"userDictionaryAdd","$v":"Bæta við orði"},{"$i":"userDictionaryEdit","$v":"Breyta orði"},{"$i":"userDictionarySaveButton","$v":"Vista"},{"$i":"userDictionaryDeleteButton","$v":"Eyða"},{"$i":"userDictionaryDeletePrompt","$v":["Eyða orðinu „",{"t":"idOrVar","v":"word"},"“?"]}]