[{"$i":"title","$v":"Tastiera"},{"$i":"settingsPageTitle","$v":"Tastiera integrata"},{"$i":"ok","$v":"OK"},{"$i":"keyboardSettings","$v":"Impostazioni tastiera"},{"$i":"cancel","$v":"Annulla"},{"$i":"delete","$v":"Elimina"},{"$i":"done","$v":"Fine"},{"$i":"next","$v":[{"t":"idOrVar","v":"n"},"/",{"t":"idOrVar","v":"m"}]},{"$i":"select","$v":"Seleziona"},{"$i":"enter","$v":"Invio"},{"$i":"spell","$v":"Ortografia"},{"$i":"symbols","$v":"Simboli"},{"$i":"emojiReady","$v":"L'emoji è disponibile qui e ora!"},{"$i":"vibration","$v":"Vibrazione"},{"$i":"clickSound","$v":"Suono clic"},{"$i":"autoCorrect","$v":"Correzione automatica"},{"$i":"wordSuggestion","$v":"Suggerimento parola"},{"$i":"userDictionary","$v":"Dizionario utente"},{"$i":"handwritingKeyboard","$v":"Scrittura a mano"},{"$i":"strokeWidth","$v":"Larghezza tratto"},{"$i":"responseSpeed","$v":"Velocità di risposta"},{"$i":"wordSuggestions2","ariaLabel":"Suggerimenti parole"},{"$i":"dismiss2","ariaLabel":"Ignora"},{"$i":"alternateLayoutKey2","ariaLabel":"altri numeri e simboli"},{"$i":"basicLayoutKey2","ariaLabel":"lettere"},{"$i":"upperCaseKey2","ariaLabel":"maiusc"},{"$i":"backSpaceKey2","ariaLabel":"elimina"},{"$i":"spaceKey2","ariaLabel":"spazio"},{"$i":"returnKey2","ariaLabel":"indietro"},{"$i":"periodKey2","ariaLabel":"punto"},{"$i":"commaKey2","ariaLabel":"virgola"},{"$i":"colonKey2","ariaLabel":"due punti"},{"$i":"semicolonKey2","ariaLabel":"punto e virgola"},{"$i":"questionMarkKey2","ariaLabel":"punto di domanda"},{"$i":"exclamationPointKey2","ariaLabel":"punto esclamativo"},{"$i":"leftBracketKey2","ariaLabel":"parentesi sinistra"},{"$i":"rightBracketKey2","ariaLabel":"parentesi destra"},{"$i":"doubleQuoteKey2","ariaLabel":"virgolette doppie"},{"$i":"leftDoubleAngleQuoteKey2","ariaLabel":"doppie virgolette basse a sinistra"},{"$i":"rightDoubleAngleQuoteKey2","ariaLabel":"doppie virgolette basse a destra"},{"$i":"userDictionaryNoWord","$v":"Nessuna parola nel dizionario dell'utente."},{"$i":"userDictionaryAddNow","$v":"Aggiungere una parola ora."},{"$i":"userDictionaryAddButton","ariaLabel":"aggiungi parola"},{"$i":"userDictionaryAdd","$v":"Aggiungi parola"},{"$i":"userDictionaryEdit","$v":"Modifica parola"},{"$i":"userDictionarySaveButton","$v":"Salva"},{"$i":"userDictionaryDeleteButton","$v":"Elimina"},{"$i":"userDictionaryDeletePrompt","$v":["Eliminare la parola \"",{"t":"idOrVar","v":"word"},"\"?"]}]