[{"$i":"title","$v":"კლავიატურა"},{"$i":"settingsPageTitle","$v":"შიდა კლავიატურა"},{"$i":"ok","$v":"OK"},{"$i":"keyboardSettings","$v":"კლავიატურის პარამეტრები"},{"$i":"cancel","$v":"გაუქმება"},{"$i":"delete","$v":"წაშლა"},{"$i":"done","$v":"დას."},{"$i":"next","$v":[{"t":"idOrVar","v":"n"},"/",{"t":"idOrVar","v":"m"}]},{"$i":"select","$v":"არჩევა"},{"$i":"enter","$v":"შესვლა"},{"$i":"spell","$v":"სიტყვიერად"},{"$i":"symbols","$v":"სიმბოლოები"},{"$i":"emojiReady","$v":"Emoji აქ არის შესაძლებელი!"},{"$i":"vibration","$v":"ვიბრირება"},{"$i":"clickSound","$v":"დაწკაპუნების ხმა"},{"$i":"autoCorrect","$v":"ავტომატური კორექცია"},{"$i":"wordSuggestion","$v":"Word-ის შემოთავაზება"},{"$i":"userDictionary","$v":"მომხმ. ლექსიკონი"},{"$i":"handwritingKeyboard","$v":"ხელწერა"},{"$i":"strokeWidth","$v":"შტრიხის სიგანე"},{"$i":"responseSpeed","$v":"პასუხის სიჩქარე"},{"$i":"wordSuggestions2","ariaLabel":"Word-ის შემოთავაზებები"},{"$i":"dismiss2","ariaLabel":"გაუქმება"},{"$i":"alternateLayoutKey2","ariaLabel":"მეტი ციფრი და სიმბოლო"},{"$i":"basicLayoutKey2","ariaLabel":"წერილები"},{"$i":"upperCaseKey2","ariaLabel":"შეცვლა"},{"$i":"backSpaceKey2","ariaLabel":"წაშლა"},{"$i":"spaceKey2","ariaLabel":"სივრცე"},{"$i":"returnKey2","ariaLabel":"დაბრუნება"},{"$i":"periodKey2","ariaLabel":"პერიოდი"},{"$i":"commaKey2","ariaLabel":"მძიმე"},{"$i":"colonKey2","ariaLabel":"ორწერტილი"},{"$i":"semicolonKey2","ariaLabel":"წერტილმძიმე"},{"$i":"questionMarkKey2","ariaLabel":"კითხვის ნიშანი"},{"$i":"exclamationPointKey2","ariaLabel":"ძახილის ნიშანი"},{"$i":"leftBracketKey2","ariaLabel":"მარცხენა ფრჩხილი"},{"$i":"rightBracketKey2","ariaLabel":"მარჯვენა ფრჩხილი"},{"$i":"doubleQuoteKey2","ariaLabel":"ორმაგი ბრჭყალები"},{"$i":"leftDoubleAngleQuoteKey2","ariaLabel":"მარცხენა ორმაგი კუთხის ბრჭყალები"},{"$i":"rightDoubleAngleQuoteKey2","ariaLabel":"მარჯ. ორმაგი კუთხური ბრჭყალი"},{"$i":"userDictionaryNoWord","$v":"მომხმარებლის ლექსიკონში სიტყვები არ არის."},{"$i":"userDictionaryAddNow","$v":"დაამატეთ სიტყვა ახლა."},{"$i":"userDictionaryAddButton","ariaLabel":"სიტყვის დამატება"},{"$i":"userDictionaryAdd","$v":"სიტყვის დამატება"},{"$i":"userDictionaryEdit","$v":"სიტყვის რედაქტირება"},{"$i":"userDictionarySaveButton","$v":"შენახვა"},{"$i":"userDictionaryDeleteButton","$v":"წაშლა"},{"$i":"userDictionaryDeletePrompt","$v":["წავშალო სიტყვა “",{"t":"idOrVar","v":"word"},"”?"]}]