[{"$i":"title","$v":"Papan kekunci"},{"$i":"settingsPageTitle","$v":"Papan Kekunci Terbina Dalam"},{"$i":"ok","$v":"OK"},{"$i":"keyboardSettings","$v":"Tetapan papan kekunci"},{"$i":"cancel","$v":"Batal"},{"$i":"delete","$v":"Padam"},{"$i":"done","$v":"Selesai"},{"$i":"next","$v":[{"t":"idOrVar","v":"n"},"/",{"t":"idOrVar","v":"m"}]},{"$i":"select","$v":"Pilih"},{"$i":"enter","$v":"Masuk"},{"$i":"spell","$v":"Eja"},{"$i":"symbols","$v":"Simbol"},{"$i":"emojiReady","$v":"Emoji tersedia di sini sekarang!"},{"$i":"vibration","$v":"Getaran"},{"$i":"clickSound","$v":"Bunyi klik"},{"$i":"autoCorrect","$v":"Pembetulan auto"},{"$i":"wordSuggestion","$v":"Cadangan perkataan"},{"$i":"userDictionary","$v":"Kamus pengguna"},{"$i":"handwritingKeyboard","$v":"Tulisan tangan"},{"$i":"strokeWidth","$v":"Lebar Strok"},{"$i":"responseSpeed","$v":"Kelajuan Respons"},{"$i":"wordSuggestions2","ariaLabel":"Cadangan perkataan"},{"$i":"dismiss2","ariaLabel":"Abaikan"},{"$i":"alternateLayoutKey2","ariaLabel":"lebih banyak nombor dan simbol"},{"$i":"basicLayoutKey2","ariaLabel":"huruf"},{"$i":"upperCaseKey2","ariaLabel":"anjak"},{"$i":"backSpaceKey2","ariaLabel":"padam"},{"$i":"spaceKey2","ariaLabel":"ruang"},{"$i":"returnKey2","ariaLabel":"kembali"},{"$i":"periodKey2","ariaLabel":"noktah"},{"$i":"commaKey2","ariaLabel":"koma"},{"$i":"colonKey2","ariaLabel":"titik bertindih"},{"$i":"semicolonKey2","ariaLabel":"koma bertitik"},{"$i":"questionMarkKey2","ariaLabel":"tanda soal"},{"$i":"exclamationPointKey2","ariaLabel":"tanda seru"},{"$i":"leftBracketKey2","ariaLabel":"tanda kurung kiri"},{"$i":"rightBracketKey2","ariaLabel":"tanda kurung kanan"},{"$i":"doubleQuoteKey2","ariaLabel":"petikan berganda"},{"$i":"leftDoubleAngleQuoteKey2","ariaLabel":"tanda kurung sudut berganda kiri"},{"$i":"rightDoubleAngleQuoteKey2","ariaLabel":"tanda kurung sudut berganda kanan"},{"$i":"userDictionaryNoWord","$v":"Tiada perkataan dalam kamus pengguna."},{"$i":"userDictionaryAddNow","$v":"Tambah perkataan sekarang."},{"$i":"userDictionaryAddButton","ariaLabel":"tambah perkataan"},{"$i":"userDictionaryAdd","$v":"Tambah Perkataan"},{"$i":"userDictionaryEdit","$v":"Edit Perkataan"},{"$i":"userDictionarySaveButton","$v":"Simpan"},{"$i":"userDictionaryDeleteButton","$v":"Padam"},{"$i":"userDictionaryDeletePrompt","$v":["Padam perkataan “",{"t":"idOrVar","v":"word"},"”?"]}]