[{"$i":"title","$v":"Tastatur"},{"$i":"settingsPageTitle","$v":"Innebygd tastatur"},{"$i":"ok","$v":"OK"},{"$i":"keyboardSettings","$v":"Tastaturinnstillinger"},{"$i":"cancel","$v":"Avbryt"},{"$i":"delete","$v":"Slett"},{"$i":"done","$v":"Fullført"},{"$i":"next","$v":[{"t":"idOrVar","v":"n"},"/",{"t":"idOrVar","v":"m"}]},{"$i":"select","$v":"Velg"},{"$i":"enter","$v":"Angi"},{"$i":"spell","$v":"Stave"},{"$i":"symbols","$v":"Symboler"},{"$i":"emojiReady","$v":"Emoji er tilgjengelig her nå!"},{"$i":"vibration","$v":"Vibrering"},{"$i":"clickSound","$v":"Klikkelyd"},{"$i":"autoCorrect","$v":"Autokorrigering"},{"$i":"wordSuggestion","$v":"Ordforslag"},{"$i":"userDictionary","$v":"Brukerordliste"},{"$i":"handwritingKeyboard","$v":"Håndskrift"},{"$i":"strokeWidth","$v":"Strekbredde"},{"$i":"responseSpeed","$v":"Responshastighet"},{"$i":"wordSuggestions2","ariaLabel":"Ordforslag"},{"$i":"dismiss2","ariaLabel":"Avvis"},{"$i":"alternateLayoutKey2","ariaLabel":"flere tall og symboler"},{"$i":"basicLayoutKey2","ariaLabel":"bokstaver"},{"$i":"upperCaseKey2","ariaLabel":"skift"},{"$i":"backSpaceKey2","ariaLabel":"slett"},{"$i":"spaceKey2","ariaLabel":"mellomrom"},{"$i":"returnKey2","ariaLabel":"gå tilbake"},{"$i":"periodKey2","ariaLabel":"periode"},{"$i":"commaKey2","ariaLabel":"komma"},{"$i":"colonKey2","ariaLabel":"kolon"},{"$i":"semicolonKey2","ariaLabel":"semikolon"},{"$i":"questionMarkKey2","ariaLabel":"spørsmålstegn"},{"$i":"exclamationPointKey2","ariaLabel":"utropstegn"},{"$i":"leftBracketKey2","ariaLabel":"venstre parentes"},{"$i":"rightBracketKey2","ariaLabel":"høyre parentes"},{"$i":"doubleQuoteKey2","ariaLabel":"dobbel apostrof"},{"$i":"leftDoubleAngleQuoteKey2","ariaLabel":"venstre dobbelt anførselstegn"},{"$i":"rightDoubleAngleQuoteKey2","ariaLabel":"høyre dobbelt anførselst."},{"$i":"userDictionaryNoWord","$v":"Ingen ord i brukerordlisten."},{"$i":"userDictionaryAddNow","$v":"Legg til et ord nå."},{"$i":"userDictionaryAddButton","ariaLabel":"legg til ord"},{"$i":"userDictionaryAdd","$v":"Legg til ord"},{"$i":"userDictionaryEdit","$v":"Rediger ord"},{"$i":"userDictionarySaveButton","$v":"Lagre"},{"$i":"userDictionaryDeleteButton","$v":"Slett"},{"$i":"userDictionaryDeletePrompt","$v":["Slette ordet «",{"t":"idOrVar","v":"word"},"»?"]}]