[{"$i":"title","$v":"Klawiatura"},{"$i":"settingsPageTitle","$v":"Wbudowana klawiatura"},{"$i":"ok","$v":"OK"},{"$i":"keyboardSettings","$v":"Ustawienia klawiatury"},{"$i":"cancel","$v":"Anuluj"},{"$i":"delete","$v":"Usuń"},{"$i":"done","$v":"Gotowe"},{"$i":"next","$v":[{"t":"idOrVar","v":"n"},"/",{"t":"idOrVar","v":"m"}]},{"$i":"select","$v":"Wybierz"},{"$i":"enter","$v":"Wprowadź"},{"$i":"spell","$v":"Pisownia"},{"$i":"symbols","$v":"Symbole"},{"$i":"emojiReady","$v":"Emoji są już dostępne!"},{"$i":"vibration","$v":"Wibracje"},{"$i":"clickSound","$v":"Dźwięk kliknięcia"},{"$i":"autoCorrect","$v":"Automatyczna korekta"},{"$i":"wordSuggestion","$v":"Sugerowane słowo"},{"$i":"userDictionary","$v":"Słownik użytkownika"},{"$i":"handwritingKeyboard","$v":"Pismo ręczne"},{"$i":"strokeWidth","$v":"Szerokość kreski"},{"$i":"responseSpeed","$v":"Czas reakcji"},{"$i":"wordSuggestions2","ariaLabel":"Sugerowane słowa"},{"$i":"dismiss2","ariaLabel":"Odrzuć"},{"$i":"alternateLayoutKey2","ariaLabel":"więcej cyfr i symboli"},{"$i":"basicLayoutKey2","ariaLabel":"litery"},{"$i":"upperCaseKey2","ariaLabel":"shift"},{"$i":"backSpaceKey2","ariaLabel":"usuń"},{"$i":"spaceKey2","ariaLabel":"spacja"},{"$i":"returnKey2","ariaLabel":"powrót"},{"$i":"periodKey2","ariaLabel":"kropka"},{"$i":"commaKey2","ariaLabel":"przecinek"},{"$i":"colonKey2","ariaLabel":"dwukropek"},{"$i":"semicolonKey2","ariaLabel":"średnik"},{"$i":"questionMarkKey2","ariaLabel":"znak zapytania"},{"$i":"exclamationPointKey2","ariaLabel":"wykrzyknik"},{"$i":"leftBracketKey2","ariaLabel":"lewy nawias"},{"$i":"rightBracketKey2","ariaLabel":"prawy nawias"},{"$i":"doubleQuoteKey2","ariaLabel":"podwójny cudzysłów"},{"$i":"leftDoubleAngleQuoteKey2","ariaLabel":"lewy podwójny cudzysłów kątowy"},{"$i":"rightDoubleAngleQuoteKey2","ariaLabel":"prawy podwójny cudzysłów kątowy"},{"$i":"userDictionaryNoWord","$v":"Brak słów w słowniku użytkownika."},{"$i":"userDictionaryAddNow","$v":"Dodaj słowo teraz."},{"$i":"userDictionaryAddButton","ariaLabel":"dodaj słowo"},{"$i":"userDictionaryAdd","$v":"Dodaj słowo"},{"$i":"userDictionaryEdit","$v":"Edytuj słowo"},{"$i":"userDictionarySaveButton","$v":"Zapisz"},{"$i":"userDictionaryDeleteButton","$v":"Usuń"},{"$i":"userDictionaryDeletePrompt","$v":["Usunąć wyraz „",{"t":"idOrVar","v":"word"},"”?"]}]