[{"$i":"title","$v":"کیبورډ"},{"$i":"settingsPageTitle","$v":"داخلي کیبورډ"},{"$i":"ok","$v":"اوکی"},{"$i":"keyboardSettings","$v":"د کیبورډ تنظیمات"},{"$i":"cancel","$v":"کول"},{"$i":"delete","$v":"لرې کول"},{"$i":"done","$v":"وشو"},{"$i":"next","$v":[{"t":"idOrVar","v":"n"},"/",{"t":"idOrVar","v":"m"}]},{"$i":"select","$v":"انتخاب کړئ"},{"$i":"enter","$v":"داخل کړئ"},{"$i":"spell","$v":"وياله"},{"$i":"symbols","$v":"سمبولونه"},{"$i":"emojiReady","$v":"ایموجي اوس دلته شتون لري!"},{"$i":"vibration","$v":"لرزه"},{"$i":"clickSound","$v":"کلک اواز"},{"$i":"autoCorrect","$v":"اتومات اصلاح"},{"$i":"wordSuggestion","$v":"د لغت وړاندیز"},{"$i":"userDictionary","$v":"قاموس کارونکي"},{"$i":"handwritingKeyboard","$v":"خط"},{"$i":"strokeWidth","$v":"د ضربې پراخوالی"},{"$i":"responseSpeed","$v":"د غبرګون سرعت"},{"$i":"wordSuggestions2","ariaLabel":"د لغت وړاندیزونه"},{"$i":"dismiss2","ariaLabel":"لغوه"},{"$i":"alternateLayoutKey2","ariaLabel":"نورې شمیرې او سیمبولونه"},{"$i":"basicLayoutKey2","ariaLabel":"توري"},{"$i":"upperCaseKey2","ariaLabel":"انتقال"},{"$i":"backSpaceKey2","ariaLabel":"لرې کول"},{"$i":"spaceKey2","ariaLabel":"خالي ځای"},{"$i":"returnKey2","ariaLabel":"واپس کړئ"},{"$i":"periodKey2","ariaLabel":"موده"},{"$i":"commaKey2","ariaLabel":"کامه"},{"$i":"colonKey2","ariaLabel":"کلولن"},{"$i":"semicolonKey2","ariaLabel":"سیمې کولن"},{"$i":"questionMarkKey2","ariaLabel":"سوالیه"},{"$i":"exclamationPointKey2","ariaLabel":"د ندا علامه"},{"$i":"leftBracketKey2","ariaLabel":"چپ قوس"},{"$i":"rightBracketKey2","ariaLabel":"راسته قوس"},{"$i":"doubleQuoteKey2","ariaLabel":"ډبل کوټ"},{"$i":"leftDoubleAngleQuoteKey2","ariaLabel":"دوه زاویي چې قوسونه"},{"$i":"rightDoubleAngleQuoteKey2","ariaLabel":"دوه زاویي راسته قوسونه"},{"$i":"userDictionaryNoWord","$v":"د کارونکې په قاموس کې لغتونه نشته"},{"$i":"userDictionaryAddNow","$v":"یو لغت زیات کړئ."},{"$i":"userDictionaryAddButton","ariaLabel":"لغت اضافه کړئ"},{"$i":"userDictionaryAdd","$v":"لغت اضافه کړئ"},{"$i":"userDictionaryEdit","$v":"لغت اصلاح کړئ"},{"$i":"userDictionarySaveButton","$v":"محفوظ کړئ"},{"$i":"userDictionaryDeleteButton","$v":"لرې کول"},{"$i":"userDictionaryDeletePrompt","$v":["“",{"t":"idOrVar","v":"word"},"” کلیمه لرې کړي؟"]}]