[{"$i":"title","$v":"Tipkovnica"},{"$i":"settingsPageTitle","$v":"Vgrajena tipkovnica"},{"$i":"ok","$v":"V redu"},{"$i":"keyboardSettings","$v":"Nastavitve tipkovnice"},{"$i":"cancel","$v":"Prekliči"},{"$i":"delete","$v":"Brisanje"},{"$i":"done","$v":"Dokončano"},{"$i":"next","$v":[{"t":"idOrVar","v":"n"},"/",{"t":"idOrVar","v":"m"}]},{"$i":"select","$v":"Izberi"},{"$i":"enter","$v":"Enter"},{"$i":"spell","$v":"Črkuj"},{"$i":"symbols","$v":"Simboli"},{"$i":"emojiReady","$v":"Emoji je na voljo tukaj že zdaj!"},{"$i":"vibration","$v":"Vibriranje"},{"$i":"clickSound","$v":"Zvok klika"},{"$i":"autoCorrect","$v":"Samodejno popravljanje"},{"$i":"wordSuggestion","$v":"Predlog besede"},{"$i":"userDictionary","$v":"Uporabniški slovar"},{"$i":"handwritingKeyboard","$v":"Rokopis"},{"$i":"strokeWidth","$v":"Širina poteze"},{"$i":"responseSpeed","$v":"Hitrost odziva"},{"$i":"wordSuggestions2","ariaLabel":"Predlogi besed"},{"$i":"dismiss2","ariaLabel":"Opusti"},{"$i":"alternateLayoutKey2","ariaLabel":"več številk in simbolov"},{"$i":"basicLayoutKey2","ariaLabel":"črke"},{"$i":"upperCaseKey2","ariaLabel":"shift"},{"$i":"backSpaceKey2","ariaLabel":"brisanje"},{"$i":"spaceKey2","ariaLabel":"preslednica"},{"$i":"returnKey2","ariaLabel":"vračalka"},{"$i":"periodKey2","ariaLabel":"vejica"},{"$i":"commaKey2","ariaLabel":"vejica"},{"$i":"colonKey2","ariaLabel":"dvopičje"},{"$i":"semicolonKey2","ariaLabel":"podpičje"},{"$i":"questionMarkKey2","ariaLabel":"vprašaj"},{"$i":"exclamationPointKey2","ariaLabel":"klicaj"},{"$i":"leftBracketKey2","ariaLabel":"oklepaj"},{"$i":"rightBracketKey2","ariaLabel":"zaklepaj"},{"$i":"doubleQuoteKey2","ariaLabel":"dvojni narekovaj"},{"$i":"leftDoubleAngleQuoteKey2","ariaLabel":"levi dvojni sredinski narekovaj"},{"$i":"rightDoubleAngleQuoteKey2","ariaLabel":"des. dvoj. sredin. narek."},{"$i":"userDictionaryNoWord","$v":"V uporabniškem slovarju ni besed."},{"$i":"userDictionaryAddNow","$v":"Dodajte besedo."},{"$i":"userDictionaryAddButton","ariaLabel":"dodaj besedo"},{"$i":"userDictionaryAdd","$v":"Dodaj besedo"},{"$i":"userDictionaryEdit","$v":"Uredi besedo"},{"$i":"userDictionarySaveButton","$v":"Shrani"},{"$i":"userDictionaryDeleteButton","$v":"Brisanje"},{"$i":"userDictionaryDeletePrompt","$v":["Želite izbrisati besedo »",{"t":"idOrVar","v":"word"},"«?"]}]