[{"$i":"title","$v":"Tangentbord"},{"$i":"settingsPageTitle","$v":"Inbyggt tangentbord"},{"$i":"ok","$v":"OK"},{"$i":"keyboardSettings","$v":"Tangentbordsinställningar"},{"$i":"cancel","$v":"Avbryt"},{"$i":"delete","$v":"Ta bort"},{"$i":"done","$v":"Klar"},{"$i":"next","$v":[{"t":"idOrVar","v":"n"},"/",{"t":"idOrVar","v":"m"}]},{"$i":"select","$v":"Markera"},{"$i":"enter","$v":"Ange"},{"$i":"spell","$v":"Stava"},{"$i":"symbols","$v":"symboler"},{"$i":"emojiReady","$v":"Emoji är tillgänglig här nu!"},{"$i":"vibration","$v":"Vibration"},{"$i":"clickSound","$v":"Klickljud"},{"$i":"autoCorrect","$v":"Automatisk korrigering"},{"$i":"wordSuggestion","$v":"Ordförslag"},{"$i":"userDictionary","$v":"Egen ordlista"},{"$i":"handwritingKeyboard","$v":"Handskrift"},{"$i":"strokeWidth","$v":"Linjebredd"},{"$i":"responseSpeed","$v":"Svarshastighet"},{"$i":"wordSuggestions2","ariaLabel":"Ordförslag"},{"$i":"dismiss2","ariaLabel":"Avvisa"},{"$i":"alternateLayoutKey2","ariaLabel":"fler nummer och symboler"},{"$i":"basicLayoutKey2","ariaLabel":"bokstäver"},{"$i":"upperCaseKey2","ariaLabel":"skift"},{"$i":"backSpaceKey2","ariaLabel":"ta bort"},{"$i":"spaceKey2","ariaLabel":"utrymme"},{"$i":"returnKey2","ariaLabel":"tillbaka"},{"$i":"periodKey2","ariaLabel":"period"},{"$i":"commaKey2","ariaLabel":"komma"},{"$i":"colonKey2","ariaLabel":"kolon"},{"$i":"semicolonKey2","ariaLabel":"semikolon"},{"$i":"questionMarkKey2","ariaLabel":"frågetecken"},{"$i":"exclamationPointKey2","ariaLabel":"utropstecken"},{"$i":"leftBracketKey2","ariaLabel":"vänster hakparentes"},{"$i":"rightBracketKey2","ariaLabel":"höger hakparentes"},{"$i":"doubleQuoteKey2","ariaLabel":"dubbelt citattecken"},{"$i":"leftDoubleAngleQuoteKey2","ariaLabel":"vänster dubbelvinkelcitat"},{"$i":"rightDoubleAngleQuoteKey2","ariaLabel":"höger dubbelvinkelcitat"},{"$i":"userDictionaryNoWord","$v":"Inga ord hittas i den egna ordlistan."},{"$i":"userDictionaryAddNow","$v":"Lägg till ett nytt ord nu."},{"$i":"userDictionaryAddButton","ariaLabel":"lägg till ord"},{"$i":"userDictionaryAdd","$v":"Lägg till Word"},{"$i":"userDictionaryEdit","$v":"Redigera ord"},{"$i":"userDictionarySaveButton","$v":"Spara"},{"$i":"userDictionaryDeleteButton","$v":"Ta bort"},{"$i":"userDictionaryDeletePrompt","$v":["Ta bort ord “",{"t":"idOrVar","v":"word"},"”?"]}]