[{"$i":"title","$v":"Kibodi"},{"$i":"settingsPageTitle","$v":"Kibodi ya Ndani"},{"$i":"ok","$v":"SAWA"},{"$i":"keyboardSettings","$v":"Mipangilio ya kibodi"},{"$i":"cancel","$v":"Ghairi"},{"$i":"delete","$v":"Futa"},{"$i":"done","$v":"Gotoka"},{"$i":"next","$v":[{"t":"idOrVar","v":"n"},"/",{"t":"idOrVar","v":"m"}]},{"$i":"select","$v":"Chagua"},{"$i":"enter","$v":"Ingiza"},{"$i":"spell","$v":"Endeleza"},{"$i":"symbols","$v":"Herufi"},{"$i":"emojiReady","$v":"Emoji zinapatikana hapa sasa!"},{"$i":"vibration","$v":"Mtetemeko"},{"$i":"clickSound","$v":"Mlio wa mbofyo"},{"$i":"autoCorrect","$v":"Usahihishaji otomatiki"},{"$i":"wordSuggestion","$v":"Pendekezo la neno"},{"$i":"userDictionary","$v":"Kamusi ya mtumiaji"},{"$i":"handwritingKeyboard","$v":"Mwandiko"},{"$i":"strokeWidth","$v":"Upana wa Mkwaju"},{"$i":"responseSpeed","$v":"Kasi ya Kujibu"},{"$i":"wordSuggestions2","ariaLabel":"Mapendekezo ya neno"},{"$i":"dismiss2","ariaLabel":"Ondoa"},{"$i":"alternateLayoutKey2","ariaLabel":"Nambari na alama zaidi"},{"$i":"basicLayoutKey2","ariaLabel":"herufi"},{"$i":"upperCaseKey2","ariaLabel":"shifti"},{"$i":"backSpaceKey2","ariaLabel":"futa"},{"$i":"spaceKey2","ariaLabel":"nafasi"},{"$i":"returnKey2","ariaLabel":"rudi"},{"$i":"periodKey2","ariaLabel":"nukta"},{"$i":"commaKey2","ariaLabel":"koma"},{"$i":"colonKey2","ariaLabel":"koloni"},{"$i":"semicolonKey2","ariaLabel":"alama ya nuktamkato"},{"$i":"questionMarkKey2","ariaLabel":"alama ya swali"},{"$i":"exclamationPointKey2","ariaLabel":"alama ya mshangao"},{"$i":"leftBracketKey2","ariaLabel":"kifungo cha kushoto"},{"$i":"rightBracketKey2","ariaLabel":"kifungo cha kulia"},{"$i":"doubleQuoteKey2","ariaLabel":"dondoo mbili"},{"$i":"leftDoubleAngleQuoteKey2","ariaLabel":"dondoo ya kushoto yenye pembe mbili"},{"$i":"rightDoubleAngleQuoteKey2","ariaLabel":"dondoo ya kulia yenye pembe mbili"},{"$i":"userDictionaryNoWord","$v":"Hakuna maneno katika kamusi ya mtumiaji."},{"$i":"userDictionaryAddNow","$v":"Ongeza neno sasa hivi."},{"$i":"userDictionaryAddButton","ariaLabel":"Ongeza neno"},{"$i":"userDictionaryAdd","$v":"Ongeza Neno"},{"$i":"userDictionaryEdit","$v":"Hariri Neno"},{"$i":"userDictionarySaveButton","$v":"Hifadhi"},{"$i":"userDictionaryDeleteButton","$v":"Futa"},{"$i":"userDictionaryDeletePrompt","$v":["Unataka kufuta neno “",{"t":"idOrVar","v":"word"},"”?"]}]