[{"$i":"title","$v":"แป้นพิมพ์"},{"$i":"settingsPageTitle","$v":"คีย์บอร์ดในตัว"},{"$i":"ok","$v":"ตกลง"},{"$i":"keyboardSettings","$v":"การตั้งค่าแป้นพิมพ์"},{"$i":"cancel","$v":"ยกเลิก"},{"$i":"delete","$v":"ลบ"},{"$i":"done","$v":"เสร็จสิ้น"},{"$i":"next","$v":[{"t":"idOrVar","v":"n"},"/",{"t":"idOrVar","v":"m"}]},{"$i":"select","$v":"เลือก"},{"$i":"enter","$v":"ป้อน"},{"$i":"spell","$v":"สะกด"},{"$i":"symbols","$v":"สัญลักษณ์"},{"$i":"emojiReady","$v":"อิโมจิพร้อมใช้งานที่นี่แล้วในตอนนี้!"},{"$i":"vibration","$v":"สั่น"},{"$i":"clickSound","$v":"เสียงคลิก"},{"$i":"autoCorrect","$v":"การแก้ไขอัตโนมัติ"},{"$i":"wordSuggestion","$v":"การแนะนำคำ"},{"$i":"userDictionary","$v":"พจนานุกรมของผู้ใช้"},{"$i":"handwritingKeyboard","$v":"ลายมือ"},{"$i":"strokeWidth","$v":"ความกว้างของลายเส้น"},{"$i":"responseSpeed","$v":"ความเร็วตอบสนอง"},{"$i":"wordSuggestions2","ariaLabel":"การแนะนำคำ"},{"$i":"dismiss2","ariaLabel":"ยกเลิก"},{"$i":"alternateLayoutKey2","ariaLabel":"หมายเลขและสัญลักษณ์เพิ่มเติม"},{"$i":"basicLayoutKey2","ariaLabel":"ตัวอักษร"},{"$i":"upperCaseKey2","ariaLabel":"Shift"},{"$i":"backSpaceKey2","ariaLabel":"ลบ"},{"$i":"spaceKey2","ariaLabel":"เว้นวรรค"},{"$i":"returnKey2","ariaLabel":"ย้อนกลับ"},{"$i":"periodKey2","ariaLabel":"มหัพภาค"},{"$i":"commaKey2","ariaLabel":"จุลภาค"},{"$i":"colonKey2","ariaLabel":"อัฒภาค"},{"$i":"semicolonKey2","ariaLabel":"เครื่องหมายทวิภาค"},{"$i":"questionMarkKey2","ariaLabel":"เครื่องหมายคำถาม"},{"$i":"exclamationPointKey2","ariaLabel":"เครื่องหมายอัศเจรีย์"},{"$i":"leftBracketKey2","ariaLabel":"เครื่องหมาย left bracket"},{"$i":"rightBracketKey2","ariaLabel":"เครื่องหมาย right bracket"},{"$i":"doubleQuoteKey2","ariaLabel":"เครื่องหมายคำพูดซ้อน"},{"$i":"leftDoubleAngleQuoteKey2","ariaLabel":"เครื่องหมาย left double angle quote"},{"$i":"rightDoubleAngleQuoteKey2","ariaLabel":"เครื่องหมาย right double angle quote"},{"$i":"userDictionaryNoWord","$v":"ไม่มีคำในพจนานุกรมผู้ใช้"},{"$i":"userDictionaryAddNow","$v":"เพิ่มคำตอนนี้"},{"$i":"userDictionaryAddButton","ariaLabel":"เพิ่มคำ"},{"$i":"userDictionaryAdd","$v":"เพิ่มคำ"},{"$i":"userDictionaryEdit","$v":"แก้ไขคำ"},{"$i":"userDictionarySaveButton","$v":"บันทึก"},{"$i":"userDictionaryDeleteButton","$v":"ลบ"},{"$i":"userDictionaryDeletePrompt","$v":["ลบคำ “",{"t":"idOrVar","v":"word"},"” หรือไม่"]}]