[{"$i":"title","$v":"Ikhibhodi"},{"$i":"settingsPageTitle","$v":"Ikhibhodi Eyakhelweyo"},{"$i":"ok","$v":"Kulungile"},{"$i":"keyboardSettings","$v":"Iisetingi zekhibhodi"},{"$i":"cancel","$v":"Rhoxisa"},{"$i":"delete","$v":"Cima"},{"$i":"done","$v":"Igqibile"},{"$i":"next","$v":[{"t":"idOrVar","v":"n"},"/",{"t":"idOrVar","v":"m"}]},{"$i":"select","$v":"Khetha"},{"$i":"enter","$v":"Faka"},{"$i":"spell","$v":"Bhala"},{"$i":"symbols","$v":"Iimpawu"},{"$i":"emojiReady","$v":"I-Emoji iyafumaneka apha ngoku!"},{"$i":"vibration","$v":"Ivayibreshini"},{"$i":"clickSound","$v":"Cofa isandi"},{"$i":"autoCorrect","$v":"Ukulungisa ngokuzenzekelayo"},{"$i":"wordSuggestion","$v":"Icebiso legama"},{"$i":"userDictionary","$v":"Isichazi-magama somsebenzisi"},{"$i":"handwritingKeyboard","$v":"Umbhalo wesandla"},{"$i":"strokeWidth","$v":"Ububanzi Besitrowku"},{"$i":"responseSpeed","$v":"Ukukhawuleza Kwempendulo"},{"$i":"wordSuggestions2","ariaLabel":"Amacebiso amagama"},{"$i":"dismiss2","ariaLabel":"Phelisa"},{"$i":"alternateLayoutKey2","ariaLabel":"Amanani neesimboli ezingakumbi"},{"$i":"basicLayoutKey2","ariaLabel":"iileta"},{"$i":"upperCaseKey2","ariaLabel":"Shifta"},{"$i":"backSpaceKey2","ariaLabel":"cima"},{"$i":"spaceKey2","ariaLabel":"indawo"},{"$i":"returnKey2","ariaLabel":"buyela ku"},{"$i":"periodKey2","ariaLabel":"ixesha"},{"$i":"commaKey2","ariaLabel":"ikoma"},{"$i":"colonKey2","ariaLabel":"ikolon"},{"$i":"semicolonKey2","ariaLabel":"isemikholoni"},{"$i":"questionMarkKey2","ariaLabel":"Uphawu lombuzo"},{"$i":"exclamationPointKey2","ariaLabel":"Ukwalatha kophawu"},{"$i":"leftBracketKey2","ariaLabel":"Ibhrakethi esekhohlo"},{"$i":"rightBracketKey2","ariaLabel":"ibhrakethi yasekunene"},{"$i":"doubleQuoteKey2","ariaLabel":"ukukowuta kabini"},{"$i":"leftDoubleAngleQuoteKey2","ariaLabel":"Ikowuti yasekhohlo enamacala amabini"},{"$i":"rightDoubleAngleQuoteKey2","ariaLabel":"Ikowuti yasekunene enamacala amabini"},{"$i":"userDictionaryNoWord","$v":"Akukho magama kwisichazi-magama somsebenzisi."},{"$i":"userDictionaryAddNow","$v":"Yongeza ibinzana ngoku."},{"$i":"userDictionaryAddButton","ariaLabel":"yongeza ibinzana"},{"$i":"userDictionaryAdd","$v":"Yongeza Ibinzana"},{"$i":"userDictionaryEdit","$v":"Hlela Igama"},{"$i":"userDictionarySaveButton","$v":"Gcina"},{"$i":"userDictionaryDeleteButton","$v":"Cima"},{"$i":"userDictionaryDeletePrompt","$v":["Licinywe ibinzana “",{"t":"idOrVar","v":"word"},"”?"]}]