[{"$i":"title","$v":"鍵盤"},{"$i":"settingsPageTitle","$v":"內置鍵盤"},{"$i":"ok","$v":"確認"},{"$i":"keyboardSettings","$v":"鍵盤設定"},{"$i":"cancel","$v":"取消"},{"$i":"delete","$v":"刪除"},{"$i":"done","$v":"已完成"},{"$i":"next","$v":[{"t":"idOrVar","v":"n"},"/",{"t":"idOrVar","v":"m"}]},{"$i":"select","$v":"選取"},{"$i":"enter","$v":"輸入"},{"$i":"spell","$v":"拼寫"},{"$i":"symbols","$v":"符號"},{"$i":"emojiReady","$v":"表情符號現在可以在這裡使用！"},{"$i":"vibration","$v":"震動"},{"$i":"clickSound","$v":"按一下聲音"},{"$i":"autoCorrect","$v":"自動更正"},{"$i":"wordSuggestion","$v":"單字建議"},{"$i":"userDictionary","$v":"使用者辭典"},{"$i":"handwritingKeyboard","$v":"手寫"},{"$i":"strokeWidth","$v":"筆劃寬度"},{"$i":"responseSpeed","$v":"回應速度"},{"$i":"wordSuggestions2","ariaLabel":"單字建議"},{"$i":"dismiss2","ariaLabel":"解除"},{"$i":"alternateLayoutKey2","ariaLabel":"更多號碼和符號"},{"$i":"basicLayoutKey2","ariaLabel":"字母"},{"$i":"upperCaseKey2","ariaLabel":"shift"},{"$i":"backSpaceKey2","ariaLabel":"刪除"},{"$i":"spaceKey2","ariaLabel":"空間"},{"$i":"returnKey2","ariaLabel":"返回"},{"$i":"periodKey2","ariaLabel":"時限"},{"$i":"commaKey2","ariaLabel":"逗號"},{"$i":"colonKey2","ariaLabel":"冒號"},{"$i":"semicolonKey2","ariaLabel":"分號"},{"$i":"questionMarkKey2","ariaLabel":"問號"},{"$i":"exclamationPointKey2","ariaLabel":"驚嘆號"},{"$i":"leftBracketKey2","ariaLabel":"左括弧"},{"$i":"rightBracketKey2","ariaLabel":"右括弧"},{"$i":"doubleQuoteKey2","ariaLabel":"雙引號"},{"$i":"leftDoubleAngleQuoteKey2","ariaLabel":"左雙尖括弧"},{"$i":"rightDoubleAngleQuoteKey2","ariaLabel":"右雙尖括弧"},{"$i":"userDictionaryNoWord","$v":"使用者辭典中沒有單字。"},{"$i":"userDictionaryAddNow","$v":"立即增加單字。"},{"$i":"userDictionaryAddButton","ariaLabel":"增加單字"},{"$i":"userDictionaryAdd","$v":"增加單字"},{"$i":"userDictionaryEdit","$v":"編輯單字"},{"$i":"userDictionarySaveButton","$v":"儲存"},{"$i":"userDictionaryDeleteButton","$v":"刪除"},{"$i":"userDictionaryDeletePrompt","$v":["刪除單字「",{"t":"idOrVar","v":"word"},"」？"]}]