[{"$i":"app-header","$v":"Teken in op rekening"},{"$i":"login-successful-info","$v":"Die rekening sal deur die onderstaande toeps gebruik word. Jy kan dit verander in Instellings > Rekening."},{"$i":"login-successful-info-low-memory","$v":"Hierdie rekening sal deur die onderstaande toepassing gebruik word. Jy kan dit verander in Instellings > Rekening."},{"$i":"calendar","$v":"Kalender"},{"$i":"contacts","$v":"Kontakte"},{"$i":"email","$v":"E-pos"},{"$i":"next","$v":"Volgende"},{"$i":"syncing-intervals-info","$v":"Elke miniprogram het verskillende verstek sinkroniseerintervalle – kyk die miniprogram se instellings."},{"$i":"syncing-intervals-info-low-memory","$v":"Kontroleer asseblief die toepassing-instellings vir verstek sinchronisasie-intervalle."}]