[{"$i":"app-header","$v":"кошт увайсці"},{"$i":"login-successful-info","$v":"Гэты ўлік. запіс будзе выкар. прагр. ніжэй. Можна змян. Гэта ў Наладах > Улік. запіс."},{"$i":"login-successful-info-low-memory","$v":"Гэты ўліковы запіс будзе выкарыстоўвацца ніжэй прыкладання. Вы можаце змяніць гэта ў наладах> Уліковы запіс."},{"$i":"calendar","$v":"Каляндар"},{"$i":"contacts","$v":"Кантакты"},{"$i":"email","$v":"Электронная пошта"},{"$i":"next","$v":"Далей"},{"$i":"syncing-intervals-info","$v":"У кожнай праграмы розныя інтэрвалы сінхранізацыі, праверце настройкі праграмы."},{"$i":"syncing-intervals-info-low-memory","$v":"Калі ласка, праверце налады прыкладання для інтэрвалаў сінхранізацыі па змаўчанні."}]