[{"$i":"app-header","$v":"Влизане в акаунта"},{"$i":"login-successful-info","$v":"Този акаунт ще бъде използван от долупосочените приложения. Можете да промените това в Настройки > Акаунт."},{"$i":"login-successful-info-low-memory","$v":"Този профил ще бъде използван от по-долу приложение. Можете да промените това в Настройки> Акаунт."},{"$i":"calendar","$v":"Календар"},{"$i":"contacts","$v":"Контакти"},{"$i":"email","$v":"Имейл"},{"$i":"next","$v":"Напред"},{"$i":"syncing-intervals-info","$v":"Всяко прил. има разл. интер. за синхр. по подр., проверете настр. в прил."},{"$i":"syncing-intervals-info-low-memory","$v":"Моля, проверете настройките на приложенията за интервали за синхронизиране по подразбиране."}]