[{"$i":"app-header","$v":"অ্যাকাউন্টে লগইন"},{"$i":"login-successful-info","$v":"নিচের অ্যাপগুলো এই অ্যাকাউন্টটি ব্যবহার করবে। আপনি সেটিংস > অ্যাকাউন্টে এটি পরিবর্তন করতে পারবে।"},{"$i":"login-successful-info-low-memory","$v":"এই অ্যাকাউন্টটি নীচের অ্যাপ্লিকেশন দ্বারা ব্যবহার করা হবে। আপনি সেটিংস> অ্যাকাউন্টে এটি পরিবর্তন করতে পারেন।"},{"$i":"calendar","$v":"ক্যালেন্ডার"},{"$i":"contacts","$v":"পরিচিতি"},{"$i":"email","$v":"ইমেল"},{"$i":"next","$v":"পরবর্তী"},{"$i":"syncing-intervals-info","$v":"প্রতিটি অ্যাপের ডিফল্টভাবে সিঙ্ক হওয়ার বিরতি ভিন্ন, অনুগ্রহ করে অ্যাপ সেটিংসে চেক করুন।"},{"$i":"syncing-intervals-info-low-memory","$v":"ডিফল্ট সিঙ্কিং অন্তর জন্য অ্যাপ্লিকেশন সেটিংস চেক করুন।"}]