[{"$i":"app-header","$v":"অ্যাকাউন্টে লগ ইন"},{"$i":"login-successful-info","$v":"এই অ্যাকাউন্টটি নীচের অ্যাপ দ্বারা ব্যবহার করা হবে। আপনি এটি সেটিংস> অ্যাকাউন্টে পরিবর্তন করতে পারেন।"},{"$i":"login-successful-info-low-memory","$v":"এই অ্যাকাউন্টটি নীচের অ্যাপ দ্বারা ব্যবহার করা হবে।আপনি এটি সেটিংস > অ্যাকাউন্টে গিয়ে পরিবর্তন করতে পারবেন।"},{"$i":"calendar","$v":"ক্যালেন্ডার"},{"$i":"contacts","$v":"পরিচিতি"},{"$i":"email","$v":"ইমেল"},{"$i":"next","$v":"পরবর্তী"},{"$i":"syncing-intervals-info","$v":"প্রতিটি অ্যাপের আলাদা ডিফল্ট সিঙ্ক বিরতি রয়েছে, অনুগ্রহ করে অ্যাপ সেটিংসে চেক করুন।"},{"$i":"syncing-intervals-info-low-memory","$v":"অনুগ্রহ করে ডিফল্ট সিঙ্কিং ইন্টারভালের জন্য অ্যাপ সেটিংস চেক করুন।"}]