[{"$i":"app-header","$v":"Přihlášení k účtu"},{"$i":"login-successful-info","$v":"Účet bude používán níže uvedenými aplikacemi. Změnu lze provést v nabídce Nastavení > Účet."},{"$i":"login-successful-info-low-memory","$v":"Tento účet bude používat níže uvedená aplikace. Můžete to změnit v Nastavení> Účet."},{"$i":"calendar","$v":"Kalendář"},{"$i":"contacts","$v":"Kontakty"},{"$i":"email","$v":"E-mail"},{"$i":"next","$v":"Další"},{"$i":"syncing-intervals-info","$v":"Každá aplikace má jiné intervaly synchronizace. Naleznete je v nastaveních."},{"$i":"syncing-intervals-info-low-memory","$v":"Zkontrolujte výchozí nastavení synchronizace."}]