[{"$i":"app-header","$v":"Είσοδος σε λογαριασμό"},{"$i":"login-successful-info","$v":"Αυτός ο λογαριασμός θα χρησιμοποιηθεί από τις παρακάτω εφαρμογές. Μπορείτε να το αλλάξετε στις Ρυθμίσεις > Λογαριασμός."},{"$i":"login-successful-info-low-memory","$v":"Αυτός ο λογαριασμός θα χρησιμοποιηθεί από την παρακάτω εφαρμογή. Μπορείτε να το αλλάξετε σε Ρυθμίσεις> Λογαριασμός."},{"$i":"calendar","$v":"Ημερολόγιο"},{"$i":"contacts","$v":"Επαφές"},{"$i":"email","$v":"Email"},{"$i":"next","$v":"Επόμενο"},{"$i":"syncing-intervals-info","$v":"Κάθε εφαρμογή διαθέτει διαφορετικά προεπιλεγμένα διαστήματα συγχρονισμού. Ανατρέξτε στις ρυθμίσεις εφαρμογής."},{"$i":"syncing-intervals-info-low-memory","$v":"Ελέγξτε τις ρυθμίσεις της εφαρμογής για προεπιλεγμένα διαστήματα συγχρονισμού."}]