[{"$i":"app-header","$v":"Inicio de sesión en la cuenta"},{"$i":"login-successful-info","$v":"Esta cuenta se usará con las aplicaciones siguientes. Puede modificarlo en Ajustes > Cuenta."},{"$i":"login-successful-info-low-memory","$v":"Esta cuenta la utilizará la aplicación indicada abajo. Puede cambiarla en Ajustes > Cuenta."},{"$i":"calendar","$v":"Calendario"},{"$i":"contacts","$v":"Contactos"},{"$i":"email","$v":"Correo electrónico"},{"$i":"next","$v":"Siguiente"},{"$i":"syncing-intervals-info","$v":"Cada aplicación tiene intervalos de sincronización diferentes; compruebe los ajustes de cada una."},{"$i":"syncing-intervals-info-low-memory","$v":"Compruebe los ajustes de la aplicación para intervalos de sincronización predeterminados."}]