[{"$i":"app-header","$v":"Konto sisselogimine"},{"$i":"login-successful-info","$v":"Seda kontot kasutatakse alltoodud rakenduste korral. Saate seda muuta menüüs Seaded > Konto."},{"$i":"login-successful-info-low-memory","$v":"Seda kontot kasutab allpool olev app. Seda saab muuta menüüs Seaded> Konto."},{"$i":"calendar","$v":"Kalender"},{"$i":"contacts","$v":"Kontaktid"},{"$i":"email","$v":"E-post"},{"$i":"next","$v":"Edasi"},{"$i":"syncing-intervals-info","$v":"Rakenduste sünkroonimisintervallid erinevad, kontrollige rakenduse seadeid."},{"$i":"syncing-intervals-info-low-memory","$v":"Palun kontrollige vaikesünkroonimisintervallide rakenduse seadeid."}]