[{"$i":"app-header","$v":"ورود به حساب"},{"$i":"login-successful-info","$v":"این حساب توسط برنامه های زیر استفاده خواهد شد. می توانيد اين را از تنظيمات > حساب تغيير دهيد."},{"$i":"login-successful-info-low-memory","$v":"این حساب توسط برنامه زیر استفاده خواهد شد. می توانيد اين را از تنظيمات > حساب تغيير دهيد."},{"$i":"calendar","$v":"تقويم"},{"$i":"contacts","$v":"مخاطبین"},{"$i":"email","$v":"ایمیل"},{"$i":"next","$v":"بعد"},{"$i":"syncing-intervals-info","$v":"هر برنامه فواصل زمانی همگام سازی پیش فرض متفاوتی دارد، لطفاً در تنظیمات برنامه بررسی کنید."},{"$i":"syncing-intervals-info-low-memory","$v":"لطفاً تنظیمات برنامه را برای فواصل زمانی همگام سازی پیش فرض بررسی کنید."}]