[{"$i":"app-header","$v":"खाते में लॉगइन"},{"$i":"login-successful-info","$v":"इस खाते का उपयोग नीचे दिए गए ऐप द्वारा किया जाएगा। आप इसे सेटिंग्स > खाते में बदल सकते हैं।"},{"$i":"login-successful-info-low-memory","$v":"नीचे दिए गए ऐप द्वारा इस अकाउंट का उपयोग किया जाएगा।आप इसे सेटिंग्स> अकाउंट में बदल सकते हैं।"},{"$i":"calendar","$v":"कैलेंडर"},{"$i":"contacts","$v":"संपर्क"},{"$i":"email","$v":"ईमेल"},{"$i":"next","$v":"अगला"},{"$i":"syncing-intervals-info","$v":"प्रत्येक ऐप के लिए अलग-अलग डिफ़ॉल्‍ट सिंक अंतराल हैं, कृपया ऐप सेटिंग्स में जाकर जांचें।"},{"$i":"syncing-intervals-info-low-memory","$v":"डिफ़ॉल्ट सिंकिंग अंतराल के लिए कृपया  ऐप सेटिंग्स की जांच करें।"}]