[{"$i":"app-header","$v":"Prijava na račun"},{"$i":"login-successful-info","$v":"Taj će račun koristiti aplikacije u nastavku. To možete promijeniti u opciji Postavke > Račun."},{"$i":"login-successful-info-low-memory","$v":"Ovaj će se račun koristiti u nastavku aplikacije. To možete promijeniti u Postavke> Račun."},{"$i":"calendar","$v":"Kalendar"},{"$i":"contacts","$v":"Kontakti"},{"$i":"email","$v":"E-pošta"},{"$i":"next","$v":"Dalje"},{"$i":"syncing-intervals-info","$v":"Svaka aplikacija ima drukčije zadane intervale sinkroniziranja, provjerite u postavkama aplikacije."},{"$i":"syncing-intervals-info-low-memory","$v":"Provjerite postavke aplikacije za zadane intervale sinkronizacije."}]