[{"$i":"app-header","$v":"Fiókba való bejelentkezés"},{"$i":"login-successful-info","$v":"A fiókot az alábbi alkalmazások fogják használni. Ezt később módosíthatja a Beállítások > Fiók menüpontban."},{"$i":"login-successful-info-low-memory","$v":"Ezt a fiókot az alábbi alkalmazás fogja használni. Ezt a Beállítások > Fiók menüpontban módosíthatja."},{"$i":"calendar","$v":"Naptár"},{"$i":"contacts","$v":"Telefonkönyv"},{"$i":"email","$v":"E-mail"},{"$i":"next","$v":"Következő"},{"$i":"syncing-intervals-info","$v":"Minden alkalmazás eltérő alapértelmezett szinkronizálási intervallummal rendelkezik. Ellenőrizze az alkalmazás beállításaiban."},{"$i":"syncing-intervals-info-low-memory","$v":"Ellenőrizze az alkalmazás beállításait az alapértelmezett szinkronizálási intervallumokért."}]