[{"$i":"app-header","$v":"Login ke Akun"},{"$i":"login-successful-info","$v":"Akun ini akan digunakan oleh apl berikut. Anda dapat mengubah ini di Pengaturan|> Akun."},{"$i":"login-successful-info-low-memory","$v":"Akun ini akan digunakan oleh apl berikut. Anda dapat mengubah ini di Pengaturan > Akun."},{"$i":"calendar","$v":"Kalender"},{"$i":"contacts","$v":"Kontak"},{"$i":"email","$v":"Email"},{"$i":"next","$v":"Berikutnya"},{"$i":"syncing-intervals-info","$v":"Masing-masing app memiliki interval penyinkronan default yang berbeda-beda. Silakan periksa di pengaturan app."},{"$i":"syncing-intervals-info-low-memory","$v":"Periksa pengaturan apl untuk interval sinkronisasi default."}]