[{"$i":"app-header","$v":"ចូលគណនី"},{"$i":"login-successful-info","$v":"គណនី​នេះ​នឹង​ត្រូវ​បាន​ប្រើ​ដោយ​កម្មវិធី​ខាង​ក្រោម។ អ្នក​អាច​ផ្លាស់ប្ដូរ​វា​នៅ​ក្នុង​ការកំណត់ > គណនី។"},{"$i":"login-successful-info-low-memory","$v":"គណនីនេះនឹងត្រូវបានប្រើដោយកម្មវិធីខាងក្រោម។ អ្នកអាចប្តូរវានៅក្នុងការកំណត់> គណនី។"},{"$i":"calendar","$v":"ប្រតិទិន"},{"$i":"contacts","$v":"ទំនាក់ទំនង"},{"$i":"email","$v":"អ៊ីមែល"},{"$i":"next","$v":"បន្ទាប់"},{"$i":"syncing-intervals-info","$v":"កម្មវិធីនីមួយៗមានចន្លោះពេលដែលធ្វើសមកាលកម្មលំនាំដើមខុសៗគ្នា សូមពិនិត្យមើលនៅក្នុងការកំណត់របស់កម្មវិធី។"},{"$i":"syncing-intervals-info-low-memory","$v":"សូមពិនិត្យមើលការកំណត់កម្មវិធីសម្រាប់ចន្លោះពេលសមកាលកម្មលំនាំដើម។"}]