[{"$i":"app-header","$v":"Konta pieteikšanās"},{"$i":"login-successful-info","$v":"Šo kontu izmantos tālāk norādītās programmas. To var mainīt sadaļā Iestatījumi > Konts."},{"$i":"login-successful-info-low-memory","$v":"Šis konts tiks izmantots zemāk lietotnē. To var mainīt sadaļā Iestatījumi> Konts."},{"$i":"calendar","$v":"Kalendārs"},{"$i":"contacts","$v":"Kontakti"},{"$i":"email","$v":"E-pasts"},{"$i":"next","$v":"Tālāk"},{"$i":"syncing-intervals-info","$v":"Katrai programmai ir atšķirīgi noklusējuma sinhronizācijas intervāli. Skatiet attiecīgās programmas uzstādījumus."},{"$i":"syncing-intervals-info-low-memory","$v":"Lūdzu, pārbaudiet lietotņu iestatījumus noklusējuma sinhronizācijas intervāliem."}]