[{"$i":"app-header","$v":"Conectare la cont"},{"$i":"login-successful-info","$v":"Acest cont va fi utilizat de aplicațiile de mai jos. Puteți modifica acest lucru din Setări > Cont."},{"$i":"login-successful-info-low-memory","$v":"Acest cont va fi utilizat de aplicația de mai jos. Puteți schimba acest lucru în Setări> Cont."},{"$i":"calendar","$v":"Calendar"},{"$i":"contacts","$v":"Contacte"},{"$i":"email","$v":"E-mail"},{"$i":"next","$v":"Înainte"},{"$i":"syncing-intervals-info","$v":"Fiecare aplicație are intervale implicite diferite de sincronizare; verificați setările aplicației."},{"$i":"syncing-intervals-info-low-memory","$v":"Verificați setările aplicației pentru intervalele de sincronizare prestabilite."}]