[{"$i":"app-header","$v":"Log Masuk Akaun"},{"$i":"login-successful-info","$v":"Akaun ini akan digunakan oleh apl di bawah. Anda boleh mengubah ini dalam Tetapan > Akaun."},{"$i":"login-successful-info-low-memory","$v":"Akaun ini akan digunakan oleh aplikasi di bawah. Anda boleh mengubahnya dalam Tetapan > Akaun."},{"$i":"calendar","$v":"Kalendar"},{"$i":"contacts","$v":"Kenalan"},{"$i":"email","$v":"E-mel"},{"$i":"next","$v":"Seterusnya"},{"$i":"syncing-intervals-info","$v":"Setiap aplikasi mempunyai selang penyegerakan lalai yang berbeza, sila semak dalam tetapan aplikasi."},{"$i":"syncing-intervals-info-low-memory","$v":"Sila semak tetapan aplikasi untuk selang penyegerakan lalai."}]