[{"$i":"app-header","$v":"Kontoinnlogging"},{"$i":"login-successful-info","$v":"Denne kontoen vil bli brukt av appene under. Du kan endre dette i Innstillinger > Konto."},{"$i":"login-successful-info-low-memory","$v":"Denne kontoen vil bli brukt av under appen. Du kan endre dette i Innstillinger> Konto."},{"$i":"calendar","$v":"Kalender"},{"$i":"contacts","$v":"Kontakter"},{"$i":"email","$v":"E-post"},{"$i":"next","$v":"Neste"},{"$i":"syncing-intervals-info","$v":"Hver app har forskjellige standardsynkroniseringsintervaller. Kontroller i appinnstillinger."},{"$i":"syncing-intervals-info-low-memory","$v":"Vennligst sjekk appinnstillingene for standardsynkroniseringsintervaller."}]