[{"$i":"app-header","$v":"Accountaanmelding"},{"$i":"login-successful-info","$v":"Dit account wordt gebruikt door de onderstaande apps. U kunt dit wijzigen in Instellingen > Account."},{"$i":"login-successful-info-low-memory","$v":"Dit account wordt gebruikt door de onderstaande app. U kunt dit wijzigen in Instellingen>Account."},{"$i":"calendar","$v":"Agenda"},{"$i":"contacts","$v":"Contacten"},{"$i":"email","$v":"E-mail"},{"$i":"next","$v":"Volgende"},{"$i":"syncing-intervals-info","$v":"Elke app heeft andere standaard synchronisatie-intervallen, controleer de app-instellingen."},{"$i":"syncing-intervals-info-low-memory","$v":"Controleer de app-instellingen voor de standaardintervals voor synchroniseren."}]