[{"$i":"app-header","$v":"د کارن ننوتل"},{"$i":"login-successful-info","$v":"دا حساب به د لاندې خپرونو په وسیله وکارول شي. تاسو کولی شئ دا په تنظیماتو> حساب کې بدل کړئ."},{"$i":"login-successful-info-low-memory","$v":"دا حساب به د لاندې برخې لخوا کارول کیږي. تاسو کولی شئ دا په ترتیباتو> حساب کې بدل کړئ."},{"$i":"calendar","$v":"کیلنډر"},{"$i":"contacts","$v":"تماسونه"},{"$i":"email","$v":"اي میل"},{"$i":"next","$v":"راتلونکۍ"},{"$i":"syncing-intervals-info","$v":"هر ایپ مختلف ټاکلی هممهالي وقفې لري ، مهرباني وکړئ د ایپ  په سیټنګونو کې چیک کړئ."},{"$i":"syncing-intervals-info-low-memory","$v":"لطفا د افتتاحي موافقت کونکو وقفو لپاره د ایپ امستنې وګورئ."}]