[{"$i":"app-header","$v":"Conectare la cont"},{"$i":"login-successful-info","$v":"Acest cont va fi utilizat de aplicațiile de mai jos. Puteți modifica această setare din Setări > Cont."},{"$i":"login-successful-info-low-memory","$v":"Acest cont va fi utilizat de aplicația de mai jos. Puteți modifica această setare din Setări > Cont."},{"$i":"calendar","$v":"Calendar"},{"$i":"contacts","$v":"Agendă"},{"$i":"email","$v":"E-mail"},{"$i":"next","$v":"Înainte"},{"$i":"syncing-intervals-info","$v":"Fiecare aplicație are un interval de sincronizare implicit diferit. Verificați setările aplicației."},{"$i":"syncing-intervals-info-low-memory","$v":"Verificați setările aplicației pentru intervalele implicite de sincronizare."}]