[{"$i":"app-header","$v":"ගිණුම් ලොග්"},{"$i":"login-successful-info","$v":"මෙම ගිණුම පහත යෙදුම් විසින් භාවිතා කරනු ඇත. ඔබට පසුතල > ගිණුම තුළ මෙය වෙනස් කළ හැකිය."},{"$i":"login-successful-info-low-memory","$v":"පහත යෙදුම මඟින් මෙම ගිණුම භාවිතා කරනු ඇත. ඔබට මෙය සැකසීම්> ගිණුමෙන් වෙනස් කළ හැකිය."},{"$i":"calendar","$v":"දින දර්."},{"$i":"contacts","$v":"සබඳතා"},{"$i":"email","$v":"ඊමේල්"},{"$i":"next","$v":"ඊලඟ"},{"$i":"syncing-intervals-info","$v":"සෑම යෙදුමකටම වෙනත් පෙරනිමි සමමුහූර්ත විරාම ඇත, යෙදුම් සැකසීම් තුළ පරීක්‍ෂා කරන්න."},{"$i":"syncing-intervals-info-low-memory","$v":"පෙරනිමි සමමුහුර්ත කාල පරතරයන් සඳහා කරුණාකර යෙදුම් සැකසුම් පරීක්ෂා කරන්න."}]