[{"$i":"app-header","$v":"Identifikimi i llogarisë"},{"$i":"login-successful-info","$v":"Kjo llogari do të përdoret nga aplikacionet e mëposhtme. Mund ta ndryshosh këtë te \"Cilësimet\" > \"Llogaria\"."},{"$i":"login-successful-info-low-memory","$v":"Kjo llogari do të përdoret nga aplikacioni më poshtë. Këtë mund ta ndryshoni në Settings> Account."},{"$i":"calendar","$v":"Kalendari"},{"$i":"contacts","$v":"Kontaktet"},{"$i":"email","$v":"Emaili"},{"$i":"next","$v":"Vijues"},{"$i":"syncing-intervals-info","$v":"Çdo aplikacion ka intervale të ndryshme standarde sinkronizimi. Kontrollo në cilësimet e aplikacionit."},{"$i":"syncing-intervals-info-low-memory","$v":"Ju lutemi kontrolloni cilësimet e aplikacioneve për intervale sinkronizimi të paracaktuar."}]