[{"$i":"app-header","$v":"Kuingia katika Akaunti"},{"$i":"login-successful-info","$v":"Akaunti hii itatumiwa na programu zilizo hapa chini. Unaweza kubadilisha hali hii katika Mipangilio > Akaunti."},{"$i":"login-successful-info-low-memory","$v":"Akaunti hii itatumiwa na apu iliyo hapa chini. Unaweza kubadilisha hili kwenye Mipangilio > Akaunti."},{"$i":"calendar","$v":"Kalenda"},{"$i":"contacts","$v":"Anwani"},{"$i":"email","$v":"Barua pepe"},{"$i":"next","$v":"Inayofuata"},{"$i":"syncing-intervals-info","$v":"Kila programu ina vipindi tofauti chaguomsingi vya usawazishaji, tafadhali angalia kwenye mipangilio ya programu."},{"$i":"syncing-intervals-info-low-memory","$v":"Tafadhali angalia mipangilio ya apu ili kupata njia za msingi za kupatanisha."}]