[{"$i":"app-header","$v":"ลงชื่อเข้าใช้บัญชี"},{"$i":"login-successful-info","$v":"บัญชีนี้จะถูกใช้โดยแอปด้านล่าง คุณสามารถเปลี่ยนได้ในการตั้งค่า > บัญชี"},{"$i":"login-successful-info-low-memory","$v":"จะมีการใช้งานบัญชีนี้โดยแอปด้านล่าง คุณสามารถเปลี่ยนรายการนี้ได้ใน การตั้งค่า > บัญชี"},{"$i":"calendar","$v":"ปฏิทิน"},{"$i":"contacts","$v":"รายชื่อ"},{"$i":"email","$v":"อีเมล"},{"$i":"next","$v":"ถัดไป"},{"$i":"syncing-intervals-info","$v":"แอพแต่ละตัวจะมีช่วงการซิงค์ค่าเริ่มต้นต่าง ๆ กัน กรุณาตรวจสอบค่าปรับตั้งของแอพ"},{"$i":"syncing-intervals-info-low-memory","$v":"โปรดตรวจสอบการตั้งค่าแอปสำหรับช่วงการซิงค์ค่าเริ่มต้น"}]