[{"$i":"app-header","$v":"Hesapla Giriş"},{"$i":"login-successful-info","$v":"Bu hesap aşağıdaki uygulamalar tarafından kullanılacak. Bunu Ayarlar > Hesap seçeneğinden değiştirebilirsiniz."},{"$i":"login-successful-info-low-memory","$v":"Bu hesap aşağıdaki uygulama tarafından kullanılacaktır. Bunu Ayarlar > Hesap bölümünden değiştirebilirsiniz."},{"$i":"calendar","$v":"Takvim"},{"$i":"contacts","$v":"Kişiler"},{"$i":"email","$v":"E-posta"},{"$i":"next","$v":"Sonraki"},{"$i":"syncing-intervals-info","$v":"Her uygulama farklı varsayılan senkronizasyon aralıklarına sahip, lütfen uygulama ayarlarını kontrol edin."},{"$i":"syncing-intervals-info-low-memory","$v":"Geçerli senkronizasyon aralıkları için lütfen uygulama ayarlarını kontrol edin."}]