[{"$i":"app-header","$v":"Вхід до облікового запису"},{"$i":"login-successful-info","$v":"Цей обліковий запис використовуватимуть програми, перелічені нижче. Це можна змінити в меню \"Настройки > Обліковий запис\"."},{"$i":"login-successful-info-low-memory","$v":"Цей обліковий запис буде використано нижче програми. Ви можете змінити це в меню Налаштування> Обліковий запис."},{"$i":"calendar","$v":"Календар"},{"$i":"contacts","$v":"Контакти"},{"$i":"email","$v":"Адреса електронної пошти"},{"$i":"next","$v":"Далі"},{"$i":"syncing-intervals-info","$v":"Усі програми мають різні стандартні інтервали синхр., перегляньте їх у настройках."},{"$i":"syncing-intervals-info-low-memory","$v":"Перевірте налаштування програми для інтервалів синхронізації за замовчуванням."}]