[{"$i":"app-header","$v":"اکاؤنٹ لاگ ان"},{"$i":"login-successful-info","$v":"یہ اکاؤنٹ مندرجہ ذیل اپلی کیشنز کے لئے استعمال کیا جائے گا۔ آپ یہ سیٹنگز > اکاؤنٹ میں تبدیل کر سکتے ہے۔"},{"$i":"login-successful-info-low-memory","$v":"یہ اکاؤنٹ ذیل ایپ کے ذریعے استعمال کیا جائے گا۔ آپ یہ ترتیبات > اکاؤنٹ میں تبدیل کر سکتے ہیں۔"},{"$i":"calendar","$v":"کیلنڈر"},{"$i":"contacts","$v":"رابطے"},{"$i":"email","$v":"ای میل"},{"$i":"next","$v":"اگلا"},{"$i":"syncing-intervals-info","$v":"ہر ایپ میں مختلف مطابقت پذیری کے وقفے ہوتے_x000D__x000D_"},{"$i":"syncing-intervals-info-low-memory","$v":"ڈیفالٹ سنکنگ مراحل کے لئے ایپ کی ترتیبات چیک کریں۔"}]