[{"$i":"app-header","$v":"Hisob qaydnomasi"},{"$i":"login-successful-info","$v":"Қуйидаги иловалар бу ҳисобдан фойдаланади. Буни Созламалар > Ҳисоб рукнида ўзгартиришингиз мумкин."},{"$i":"login-successful-info-low-memory","$v":"Ushbu hisob quyidagi ilovadan foydalaniladi. Buni Sozlamalar> Hisob-da o'zgartirishingiz mumkin."},{"$i":"calendar","$v":"Тақвим"},{"$i":"contacts","$v":"Контактлар"},{"$i":"email","$v":"Э-почта"},{"$i":"next","$v":"Кейингиси"},{"$i":"syncing-intervals-info","$v":"Ҳар бир иловада алоҳида одатий синхронлаш вақти белгиланган, илова созламаларида текширинг."},{"$i":"syncing-intervals-info-low-memory","$v":"Стандарт созламаларни синхронлаш учун илова созламаларини текширинг."}]