[{"$i":"app-header","$v":"Đăng nhập Tài khoản"},{"$i":"login-successful-info","$v":"Tài khoản này sẽ được những ứng dụng dưới đây sử dụng. Bạn có thể thay đổi điều này trong Cài đặt > Tài khoản."},{"$i":"login-successful-info-low-memory","$v":"Tài khoản này sẽ được sử dụng bởi ứng dụng dưới đây. Bạn có thể thay đổi trong Settings (Cài đặt) > Account (Tài khoản)."},{"$i":"calendar","$v":"Lịch"},{"$i":"contacts","$v":"Danh bạ"},{"$i":"email","$v":"Email"},{"$i":"next","$v":"Tiếp"},{"$i":"syncing-intervals-info","$v":"Mỗi ứng dụng có khoảng thời gian đồng bộ hóa mặc định khác nhau, vui lòng kiểm tra cài đặt ứng dụng."},{"$i":"syncing-intervals-info-low-memory","$v":"Vui lòng kiểm tra cài đặt ứng dụng cho các khoảng thời gian đồng bộ hóa mặc định."}]