[{"$i":"app-header","$v":"Account Login"},{"$i":"login-successful-info","$v":"This account will be used by below apps. You can change this in Settings > Account."},{"$i":"login-successful-info-low-memory","$v":"Le akhawunti iza kusetyenziswa yi-app engezantsi. Ungakutshintsha koku kwiiSetingi > iAkhawunti."},{"$i":"calendar","$v":"Ikhalenda"},{"$i":"contacts","$v":"Abaqhagamshelwa"},{"$i":"email","$v":"I-imeyile"},{"$i":"next","$v":"Okulandelayo"},{"$i":"syncing-intervals-info","$v":"I-app nganye inamaxesha ayo okwenza i-syncing, nceda ujonge kwiisetingi ze-app"},{"$i":"syncing-intervals-info-low-memory","$v":"Nceda ujonge iisetingi ze-app ukuze ubone amaxasha okudibanisa."}]