[{"$i":"app-header","$v":"Ukungena kwe-akhawunti"},{"$i":"login-successful-info","$v":"Le akhawunti izosetshenziswa izinhlelo ezingezansi. Ungashintsha lokhu kokuthi Amasethingi > I-akhawunti."},{"$i":"login-successful-info-low-memory","$v":"Le akhawunti izosetshenziswa yi-app engezansi. Ungakushintsha lokhu ku-Izilungiselelo> i-Akhawunti."},{"$i":"calendar","$v":"Ikhalenda"},{"$i":"contacts","$v":"Engixhumana nabo"},{"$i":"email","$v":"I-imeyili"},{"$i":"next","$v":"Okulandelayo"},{"$i":"syncing-intervals-info","$v":"I-app ngayinye inezikhathi ezihlukene zokuhambisa, sicela uhlole amasethingi e-app."},{"$i":"syncing-intervals-info-low-memory","$v":"Sicela ubheke izilungiselelo ze-app zokuvumelanisa okuzenzakalelayo."}]