[{"$i":"weekday-0-long","$v":"Bazar"},{"$i":"weekday-1-long","$v":"Bazar ertəsi"},{"$i":"weekday-2-long","$v":"Çərşənbə axşamı"},{"$i":"weekday-3-long","$v":"Çərşənbə"},{"$i":"weekday-4-long","$v":"Cümə axşamı"},{"$i":"weekday-5-long","$v":"Cümə"},{"$i":"weekday-6-long","$v":"Şənbə"},{"$i":"weekday-0-short","$v":"Bazar"},{"$i":"weekday-1-short","$v":"Bazar ertəsi"},{"$i":"weekday-2-short","$v":"Çərşənbə axşamı"},{"$i":"weekday-3-short","$v":"Çərşənbə"},{"$i":"weekday-4-short","$v":"Cümə axşamı"},{"$i":"weekday-5-short","$v":"Cüm"},{"$i":"weekday-6-short","$v":"Şənbə"},{"$i":"month-0-long","$v":"Yanvar"},{"$i":"month-1-long","$v":"Fevral"},{"$i":"month-2-long","$v":"Mart"},{"$i":"month-3-long","$v":"Aprel"},{"$i":"month-4-long","$v":"May"},{"$i":"month-5-long","$v":"İyun"},{"$i":"month-6-long","$v":"İyul"},{"$i":"month-7-long","$v":"Avqust"},{"$i":"month-8-long","$v":"Sentyabr"},{"$i":"month-9-long","$v":"Oktyabr"},{"$i":"month-10-long","$v":"Noyabr"},{"$i":"month-11-long","$v":"Dekabr"},{"$i":"month-0-genitive","$v":"Yanvar"},{"$i":"month-1-genitive","$v":"Fevral"},{"$i":"month-2-genitive","$v":"Mart"},{"$i":"month-3-genitive","$v":"Aprel"},{"$i":"month-4-genitive","$v":"May"},{"$i":"month-5-genitive","$v":"İyun"},{"$i":"month-6-genitive","$v":"İyul"},{"$i":"month-7-genitive","$v":"Avqust"},{"$i":"month-8-genitive","$v":"Sentyabr"},{"$i":"month-9-genitive","$v":"Oktyabr"},{"$i":"month-10-genitive","$v":"Noyabr"},{"$i":"month-11-genitive","$v":"Dekabr"},{"$i":"month-0-short","$v":"Yan"},{"$i":"month-1-short","$v":"Fev"},{"$i":"month-2-short","$v":"Mar"},{"$i":"month-3-short","$v":"Apr"},{"$i":"month-4-short","$v":"May"},{"$i":"month-5-short","$v":"İyun"},{"$i":"month-6-short","$v":"İyul"},{"$i":"month-7-short","$v":"Avq"},{"$i":"month-8-short","$v":"Sen"},{"$i":"month-9-short","$v":"Okt"},{"$i":"month-10-short","$v":"Noy"},{"$i":"month-11-short","$v":"Dek"},{"$i":"minutes-ago-long","$v":{"few":[{"t":"idOrVar","v":"value"}," dəqiqə əvvəl"],"many":[{"t":"idOrVar","v":"value"}," dəqiqə əvvəl"],"other":[{"t":"idOrVar","v":"value"}," dəqiqə əvvəl"],"two":[{"t":"idOrVar","v":"value"}," dəqiqə əvvəl"],"one":"bir dəqiqə əvvəl","zero":"indicə"},"$x":[{"t":"idOrVar","v":"plural"},"value"]},{"$i":"hours-ago-long","$v":{"few":[{"t":"idOrVar","v":"value"}," saat əvvəl"],"many":[{"t":"idOrVar","v":"value"}," saat əvvəl"],"other":[{"t":"idOrVar","v":"value"}," saat əvvəl"],"two":[{"t":"idOrVar","v":"value"}," saat əvvəl"],"one":"1 saat əvvəl","zero":"indicə"},"$x":[{"t":"idOrVar","v":"plural"},"value"]},{"$i":"days-ago-long","$v":{"few":[{"t":"idOrVar","v":"value"}," gün əvvəl"],"many":[{"t":"idOrVar","v":"value"}," gün əvvəl"],"one":"dünən","other":[{"t":"idOrVar","v":"value"}," gün əvvəl"],"two":[{"t":"idOrVar","v":"value"}," gün əvvəl"],"zero":"bu gün"},"$x":[{"t":"idOrVar","v":"plural"},"value"]},{"$i":"weeks-ago-long","$v":{"few":[{"t":"idOrVar","v":"value"}," həftə əvvəl"],"many":[{"t":"idOrVar","v":"value"}," həftə əvvəl"],"one":"sonuncu həftə","other":[{"t":"idOrVar","v":"value"}," həftə əvvəl"],"two":[{"t":"idOrVar","v":"value"}," həftə əvvəl"],"zero":"bu həftə"},"$x":[{"t":"idOrVar","v":"plural"},"value"]},{"$i":"months-ago-long","$v":{"few":[{"t":"idOrVar","v":"value"}," ay əvvəl"],"many":[{"t":"idOrVar","v":"value"}," ay əvvəl"],"one":"sonuncu ay","other":[{"t":"idOrVar","v":"value"}," ay əvvəl"],"two":[{"t":"idOrVar","v":"value"}," ay əvvəl"],"zero":"bu ay"},"$x":[{"t":"idOrVar","v":"plural"},"value"]},{"$i":"years-ago-long","$v":{"few":[{"t":"idOrVar","v":"value"}," il əvvəl"],"many":[{"t":"idOrVar","v":"value"}," il əvvəl"],"one":"sonuncu il","other":[{"t":"idOrVar","v":"value"}," il əvvəl"],"two":[{"t":"idOrVar","v":"value"}," il əvvəl"],"zero":"bu il"},"$x":[{"t":"idOrVar","v":"plural"},"value"]},{"$i":"minutes-until-long","$v":{"few":[{"t":"idOrVar","v":"value"}," dəqiqədə"],"many":[{"t":"idOrVar","v":"value"}," dəqiqədə"],"other":[{"t":"idOrVar","v":"value"}," dəqiqədə"],"two":[{"t":"idOrVar","v":"value"}," dəqiqədə"],"zero":"indi","one":"1 dəqiqədə"},"$x":[{"t":"idOrVar","v":"plural"},"value"]},{"$i":"hours-until-long","$v":{"few":[{"t":"idOrVar","v":"value"}," saatda"],"many":[{"t":"idOrVar","v":"value"}," saatda"],"other":[{"t":"idOrVar","v":"value"}," saatda"],"two":[{"t":"idOrVar","v":"value"}," saatda"],"zero":"indi","one":"1 saatda"},"$x":[{"t":"idOrVar","v":"plural"},"value"]},{"$i":"days-until-long","$v":{"few":[{"t":"idOrVar","v":"value"}," gündə"],"many":[{"t":"idOrVar","v":"value"}," gündə"],"one":"sabah","other":[{"t":"idOrVar","v":"value"}," gündə"],"two":[{"t":"idOrVar","v":"value"}," gündə"],"zero":"bu gün"},"$x":[{"t":"idOrVar","v":"plural"},"value"]},{"$i":"weeks-until-long","$v":{"few":[{"t":"idOrVar","v":"value"}," həftədə"],"many":[{"t":"idOrVar","v":"value"}," həftədə"],"one":"növbəti həftə","other":[{"t":"idOrVar","v":"value"}," həftədə"],"two":[{"t":"idOrVar","v":"value"}," həftədə"],"zero":"bu həftə"},"$x":[{"t":"idOrVar","v":"plural"},"value"]},{"$i":"months-until-long","$v":{"few":[{"t":"idOrVar","v":"value"}," ayda"],"many":[{"t":"idOrVar","v":"value"}," ayda"],"one":"növbəti ay","other":[{"t":"idOrVar","v":"value"}," ayda"],"two":[{"t":"idOrVar","v":"value"}," ayda"],"zero":"bu ay"},"$x":[{"t":"idOrVar","v":"plural"},"value"]},{"$i":"years-until-long","$v":{"few":[{"t":"idOrVar","v":"value"}," ildə"],"many":[{"t":"idOrVar","v":"value"}," ildə"],"one":"növbəti il","other":[{"t":"idOrVar","v":"value"}," ildə"],"two":[{"t":"idOrVar","v":"value"}," ildə"],"zero":"bu il"},"$x":[{"t":"idOrVar","v":"plural"},"value"]},{"$i":"minutes-ago-short","$v":{"other":[{"t":"idOrVar","v":"value"},"d əvvəl"],"zero":"indicə"},"$x":[{"t":"idOrVar","v":"plural"},"value"]},{"$i":"hours-ago-short","$v":{"other":[{"t":"idOrVar","v":"value"},"s əvvəl"],"zero":"indicə"},"$x":[{"t":"idOrVar","v":"plural"},"value"]},{"$i":"days-ago-short","$v":{"other":[{"t":"idOrVar","v":"value"},"g əvvəl"],"zero":"bu gün"},"$x":[{"t":"idOrVar","v":"plural"},"value"]},{"$i":"minutes-until-short","$v":{"other":[{"t":"idOrVar","v":"value"}," d-də"],"zero":"indi"},"$x":[{"t":"idOrVar","v":"plural"},"value"]},{"$i":"hours-until-short","$v":{"other":[{"t":"idOrVar","v":"value"}," s-da"],"zero":"indi"},"$x":[{"t":"idOrVar","v":"plural"},"value"]},{"$i":"days-until-short","$v":{"other":[{"t":"idOrVar","v":"value"}," g-də"],"zero":"bu gün"},"$x":[{"t":"idOrVar","v":"plural"},"value"]},{"$i":"incorrectDate","$v":"(yanlış tarix)"},{"$i":"dateTimeFormat_%c","$v":"%a %b %e %Y %I:%M:%S %p"},{"$i":"dateTimeFormat_%x","$v":"%m/%d/%Y"},{"$i":"dateTimeFormat_%X","$v":"%I:%M:%S %p"},{"$i":"shortTimeFormat","$v":"%I:%M %p"},{"$i":"shortTimeFormat12","$v":"%I:%M %p"},{"$i":"shortTimeFormat24","$v":"%H:%M"},{"$i":"shortDateTimeFormat","$v":"%x %I:%M %p"},{"$i":"weekStartsOnMonday","$v":"0.0"},{"$i":"firstDayOfTheWeek","$v":"1.0"},{"$i":"time_am","$v":"AM"},{"$i":"time_pm","$v":"PM"},{"$i":"softkey-options","$v":"Seçimlər"},{"$i":"reset","$v":"Sıfırla"},{"$i":"start","$v":"Başla"},{"$i":"stop","$v":"Dayandır"},{"$i":"cancel","$v":"Ləğv et"},{"$i":"hour","$v":"Saat"},{"$i":"hours","$v":"Saatlar"},{"$i":"minute","$v":"Dəqiqə"},{"$i":"minutes","$v":"Dəqiqə"},{"$i":"second","$v":"Saniyə"},{"$i":"alarm","$v":"Siqnal"},{"$i":"alarm-name","placeholder":"Siqnal"},{"$i":"timer","$v":"Taymer"},{"$i":"stopwatch","$v":"Saniyəölçən"},{"$i":"alarmName","$v":"Siqnal adı"},{"$i":"newAlarm","$v":"Yeni siqnal"},{"$i":"editAlarm","$v":"Siqnalı redaktə et"},{"$i":"kaiSettings","$v":"Parametrlər"},{"$i":"clock-settings","$v":"Saat Parametrləri"},{"$i":"alarms-maximum","$v":"Siz siqnalların maksimum sayına çatdınız"},{"$i":"laps-maximum","$v":"Siz dövrələrin maksimum sayına çatdınız"},{"$i":"changes-saved","$v":"Dəyişikliklər saxlandı."},{"$i":"pause","$v":"Pauza"},{"$i":"resume","$v":"Davam et"},{"$i":"lap","$v":"Dövrə"},{"$i":"lap-number","$v":["Dövrə ",{"t":"idOrVar","v":"n"}]},{"$i":"timer-hour","$v":"saat"},{"$i":"timer-min","$v":"dəqiqə"},{"$i":"timer-sec","$v":"saniyə"},{"$i":"delete","$v":"Sil"},{"$i":"time","$v":"Vaxt"},{"$i":"snooze-label","$v":"Ertələ"},{"$i":"snooze-button","$v":"Ertələ"},{"$i":"repeat","$v":"Təkrar et"},{"$i":"vibrate","$v":"Vibrasiya"},{"$i":"close","$v":"Bağla"},{"$i":"save","$v":"Saxla"},{"$i":"done","$v":"Hazırdır"},{"$i":"kai-select-time","$v":"Vaxtı seç"},{"$i":"closeButton","ariaLabel":"Bağla"},{"$i":"newAlarmButton","ariaLabel":"Yeni siqnal"},{"$i":"alarm-volume-label","$v":"Sistem Siqnalı Yüksəkliyi"},{"$i":"kai-volume","$v":"Həcmi:"},{"$i":"volume-level-display","$v":[{"t":"idOrVar","v":"n"}," / ",{"t":"idOrVar","v":"c"}]},{"$i":"sound","$v":"Səs"},{"$i":"noSound","$v":"Heç bir Səs yoxdur"},{"$i":"kai-ringtones","$v":"Zəng tonları"},{"$i":"everyday","$v":"Hər gün"},{"$i":"weekdays","$v":"Həftənin günləri"},{"$i":"weekends","$v":"Həftə sonları"},{"$i":"never","$v":"Heç vaxt"},{"$i":"vibrateOn","$v":"Açıq"},{"$i":"vibrateOff","$v":"Bağlı"},{"$i":"kai-on","$v":"Açıq"},{"$i":"kai-off","$v":"Bağlı"},{"$i":"plusMinute","$v":"+1 Dəq"},{"$i":"dateFormat","$v":"%A, %B %e"},{"$i":"countdown-lessThanAnHour","$v":["Siqnal indidən ",{"t":"idOrVar","v":"minutes"}," üçün qurulub."]},{"$i":"countdown-moreThanAnHour","$v":["Siqnal indidən ",{"t":"idOrVar","v":"hours"}," ",{"t":"idOrVar","v":"minutes"}," üçün qurulub."]},{"$i":"countdown-moreThanADay","$v":["Siqnal indidən ",{"t":"idOrVar","v":"days"}," ",{"t":"idOrVar","v":"hours"}," üçün qurulub."]},{"$i":"kai-alarm-off","$v":"Siqnal söndü."},{"$i":"kai-alarm-deleted","$v":"Siqnal silindi."},{"$i":"alarm-delete-all","$v":"Bütün həyəcan siqnalları silindi."},{"$i":"nMinutes","$v":{"few":[{"t":"idOrVar","v":"n"}," dəqiqə"],"many":[{"t":"idOrVar","v":"n"}," dəqiqə"],"one":"bir dəqiqə","other":[{"t":"idOrVar","v":"n"}," dəqiqə"],"two":[{"t":"idOrVar","v":"n"}," dəqiqə"],"zero":"bir dəqiqədən az"},"$x":[{"t":"idOrVar","v":"plural"},"n"]},{"$i":"nHours","$v":{"few":[{"t":"idOrVar","v":"n"}," saat"],"many":[{"t":"idOrVar","v":"n"}," saat"],"one":[{"t":"idOrVar","v":"n"}," saat"],"other":[{"t":"idOrVar","v":"n"}," saat"],"two":[{"t":"idOrVar","v":"n"}," saat"]},"$x":[{"t":"idOrVar","v":"plural"},"n"]},{"$i":"nAndRemainHours","$v":{"few":["və ",{"t":"idOrVar","v":"n"}," saat"],"many":["və ",{"t":"idOrVar","v":"n"}," saat"],"one":["və ",{"t":"idOrVar","v":"n"}," saat"],"other":["və ",{"t":"idOrVar","v":"n"}," saat"],"two":["və ",{"t":"idOrVar","v":"n"}," saat"]},"$x":[{"t":"idOrVar","v":"plural"},"n"]},{"$i":"nRemainDays","$v":{"few":[{"t":"idOrVar","v":"n"}," gün"],"many":[{"t":"idOrVar","v":"n"}," gün"],"one":[{"t":"idOrVar","v":"n"}," gün"],"other":[{"t":"idOrVar","v":"n"}," gün"],"two":[{"t":"idOrVar","v":"n"}," gün"]},"$x":[{"t":"idOrVar","v":"plural"},"n"]},{"$i":"nRemainMinutes","$v":{"few":["və ",{"t":"idOrVar","v":"n"}," dəqiqə"],"many":["və ",{"t":"idOrVar","v":"n"}," dəqiqə"],"one":["və ",{"t":"idOrVar","v":"n"}," dəqiqə"],"other":["və ",{"t":"idOrVar","v":"n"}," dəqiqə"],"two":["və ",{"t":"idOrVar","v":"n"}," dəqiqə"]},"$x":[{"t":"idOrVar","v":"plural"},"n"]},{"$i":"nSpinnerSeconds","$v":{"few":[{"t":"idOrVar","v":"n"}," saniyə"],"many":[{"t":"idOrVar","v":"n"}," saniyə"],"one":"bir saniyə","other":[{"t":"idOrVar","v":"n"}," saniyə"],"two":[{"t":"idOrVar","v":"n"}," saniyə"],"zero":"sıfır saniyə"},"$x":[{"t":"idOrVar","v":"plural"},"n"]},{"$i":"nSpinnerMinutes","$v":{"few":[{"t":"idOrVar","v":"n"}," dəqiqə"],"many":[{"t":"idOrVar","v":"n"}," dəqiqə"],"one":"bir dəqiqə","other":[{"t":"idOrVar","v":"n"}," dəqiqə"],"two":[{"t":"idOrVar","v":"n"}," dəqiqə"],"zero":"sıfır dəqiqə"},"$x":[{"t":"idOrVar","v":"plural"},"n"]},{"$i":"nSpinnerHours","$v":{"few":[{"t":"idOrVar","v":"n"}," saat"],"many":[{"t":"idOrVar","v":"n"}," saat"],"one":[{"t":"idOrVar","v":"n"}," saat"],"other":[{"t":"idOrVar","v":"n"}," saat"],"two":[{"t":"idOrVar","v":"n"}," saat"],"zero":"sıfır saat"},"$x":[{"t":"idOrVar","v":"plural"},"n"]},{"$i":"kai-stop","$v":"Dayandır"},{"$i":"kai-snooze","$v":"Ertələ"},{"$i":"ac_africa_ogg","$v":"Afrika"},{"$i":"ac_amazon_ogg","$v":"Amazon"},{"$i":"ac_disco_ogg","$v":"Disko"},{"$i":"ac_fairy_tales_ogg","$v":"Sehrli nağıllar"},{"$i":"ac_fresh_ogg","$v":"Təzə"},{"$i":"ac_galaxy_ogg","$v":"Qalaktika"},{"$i":"ac_kai_ogg","$v":"Kai"},{"$i":"ac_techno_ogg","$v":"Texno"},{"$i":"ac_woody_ogg","$v":"Vudi"},{"$i":"ac_awake_opus","$v":"Awake"},{"$i":"ac_crystalize_opus","$v":"Crystallise"},{"$i":"ac_cycle_opus","$v":"Cycle"},{"$i":"ac_digicloud_opus","$v":"Digicloud"},{"$i":"ac_humming_waves_opus","$v":"Humming Waves"},{"$i":"ac_into_the_void_opus","$v":"Into the Void"},{"$i":"ac_lightly_opus","$v":"Lightly"},{"$i":"ac_mobile_opus","$v":"Mobile"},{"$i":"ac_pinger_opus","$v":"Pinger"},{"$i":"ac_skip_opus","$v":"Skip"},{"$i":"ac_tri_opus","$v":"Tri"},{"$i":"ac_universal_opus","$v":"Universal"},{"$i":"kai-options","$v":"Seçimlər"},{"$i":"kai-clock-title","$v":"Saat"},{"$i":"alarm-title","$v":"Siqnal"},{"$i":"no-alarms-body","$v":"Heç bir siqnal qurulmadı. "},{"$i":"press-new","$v":"Başlamaq üçün Yeni düyməsini basın."},{"$i":"kai-new-alarm","$v":"Yeni kontakt"},{"$i":"kai-settings","$v":"Parametrlər"},{"$i":"kai-cancel","$v":"Ləğv et"},{"$i":"kai-save","$v":"Saxla"},{"$i":"turnOn","$v":"Aç"},{"$i":"turnOff","$v":"Bağla"},{"$i":"edit","$v":"Redaktə et"},{"$i":"select","$v":"Seç"},{"$i":"kai-delete","$v":"Sil"},{"$i":"delete-all","$v":"Hamısını sil"},{"$i":"kai-selected-alarm","$v":"Seçilmiş həyəcan"},{"$i":"set","$v":"Qur"},{"$i":"kai-start","$v":"Başla"},{"$i":"kai-reset","$v":"Sıfırla"},{"$i":"kai-min-plus","$v":"+1 Dəq"},{"$i":"kai-resume","$v":"Davam et"},{"$i":"kai-lap","$v":"Dövrə"},{"$i":"play","$v":"Səsləndir"},{"$i":"kai-no-repeat","$v":"Təkrar yoxdur"},{"$i":"kai-confirm-title","$v":"Təsdiq"},{"$i":"kai-confirm-delete-body","$v":"Seçilmiş həyəcan silinsin?"},{"$i":"confirm-delete-all-body","$v":"Bütün həyəcan siqnalları silinsin?"},{"$i":"kai-confirm-end-key-body","$v":{"$o":"Tətbiq data itkisi ilə qapadılacaq. <br></br> Redaktə etmək üçün geri getmək istəyirsiniz?"}},{"$i":"kai-confirm-exit-button","$v":"Çıx"},{"$i":"kai-confirm-return-button","$v":"qayıt"}]