[{"$i":"weekday-0-long","$v":"রবিবার"},{"$i":"weekday-1-long","$v":"সোমবার"},{"$i":"weekday-2-long","$v":"মঙ্গলবার"},{"$i":"weekday-3-long","$v":"বুধবার"},{"$i":"weekday-4-long","$v":"বৃহস্পতিবার"},{"$i":"weekday-5-long","$v":"শুক্রবার"},{"$i":"weekday-6-long","$v":"শনিবার"},{"$i":"weekday-0-short","$v":"রবি"},{"$i":"weekday-1-short","$v":"সোম"},{"$i":"weekday-2-short","$v":"মঙ্গল"},{"$i":"weekday-3-short","$v":"বুধ"},{"$i":"weekday-4-short","$v":"বৃহ"},{"$i":"weekday-5-short","$v":"শুক্র"},{"$i":"weekday-6-short","$v":"শনি"},{"$i":"month-0-long","$v":"জানুয়ারী"},{"$i":"month-1-long","$v":"ফেব্রুয়ারী"},{"$i":"month-2-long","$v":"মার্চ"},{"$i":"month-3-long","$v":"এপ্রিল"},{"$i":"month-4-long","$v":"মে"},{"$i":"month-5-long","$v":"জুন"},{"$i":"month-6-long","$v":"জুলাই"},{"$i":"month-7-long","$v":"আগস্ট"},{"$i":"month-8-long","$v":"সেপ্টেম্বর"},{"$i":"month-9-long","$v":"অক্টোবর"},{"$i":"month-10-long","$v":"নভেম্বর"},{"$i":"month-11-long","$v":"ডিসেম্বর"},{"$i":"month-0-genitive","$v":"জানুয়ারী"},{"$i":"month-1-genitive","$v":"ফেব্রুয়ারী"},{"$i":"month-2-genitive","$v":"মার্চ"},{"$i":"month-3-genitive","$v":"এপ্রিল"},{"$i":"month-4-genitive","$v":"মে"},{"$i":"month-5-genitive","$v":"জুন"},{"$i":"month-6-genitive","$v":"জুলাই"},{"$i":"month-7-genitive","$v":"আগস্ট"},{"$i":"month-8-genitive","$v":"সেপ্টেম্বর"},{"$i":"month-9-genitive","$v":"অক্টোবর"},{"$i":"month-10-genitive","$v":"নভেম্বর"},{"$i":"month-11-genitive","$v":"ডিসেম্বর"},{"$i":"month-0-short","$v":"জানু"},{"$i":"month-1-short","$v":"ফেব্রু"},{"$i":"month-2-short","$v":"মার্চ"},{"$i":"month-3-short","$v":"এপ্রি"},{"$i":"month-4-short","$v":"মে"},{"$i":"month-5-short","$v":"জুন"},{"$i":"month-6-short","$v":"জুলা"},{"$i":"month-7-short","$v":"আগ"},{"$i":"month-8-short","$v":"সেপ্টে"},{"$i":"month-9-short","$v":"অক্টো"},{"$i":"month-10-short","$v":"নভে"},{"$i":"month-11-short","$v":"ডিসে"},{"$i":"minutes-ago-long","$v":{"few":[{"t":"idOrVar","v":"value"}," মিনিট আগে"],"many":[{"t":"idOrVar","v":"value"}," মিনিট আগে"],"other":[{"t":"idOrVar","v":"value"}," মিনিট আগে"],"two":[{"t":"idOrVar","v":"value"}," মিনিট আগে"],"one":"এক মিনিট আগে","zero":"এখনই"},"$x":[{"t":"idOrVar","v":"plural"},"value"]},{"$i":"hours-ago-long","$v":{"few":[{"t":"idOrVar","v":"value"}," ঘন্টা আগে"],"many":[{"t":"idOrVar","v":"value"}," ঘন্টা আগে"],"other":[{"t":"idOrVar","v":"value"}," ঘন্টা আগে"],"two":[{"t":"idOrVar","v":"value"}," ঘন্টা আগে"],"one":"1 ঘন্টা আগে","zero":"এখনই"},"$x":[{"t":"idOrVar","v":"plural"},"value"]},{"$i":"days-ago-long","$v":{"few":[{"t":"idOrVar","v":"value"}," দিন আগে"],"many":[{"t":"idOrVar","v":"value"}," দিন আগে"],"one":"গতকাল","other":[{"t":"idOrVar","v":"value"}," দিন আগে"],"two":[{"t":"idOrVar","v":"value"}," দিন আগে"],"zero":"আজ"},"$x":[{"t":"idOrVar","v":"plural"},"value"]},{"$i":"weeks-ago-long","$v":{"few":[{"t":"idOrVar","v":"value"}," সপ্তাহ আগে"],"many":[{"t":"idOrVar","v":"value"}," সপ্তাহ আগে"],"one":"গত সপ্তাহ","other":[{"t":"idOrVar","v":"value"}," সপ্তাহ আগে"],"two":[{"t":"idOrVar","v":"value"}," সপ্তাহ আগে"],"zero":"এই সপ্তাহ"},"$x":[{"t":"idOrVar","v":"plural"},"value"]},{"$i":"months-ago-long","$v":{"few":[{"t":"idOrVar","v":"value"}," মাস আগে"],"many":[{"t":"idOrVar","v":"value"}," মাস আগে"],"one":"গত মাস","other":[{"t":"idOrVar","v":"value"}," মাস আগে"],"two":[{"t":"idOrVar","v":"value"}," মাস আগে"],"zero":"এই মাস"},"$x":[{"t":"idOrVar","v":"plural"},"value"]},{"$i":"years-ago-long","$v":{"few":[{"t":"idOrVar","v":"value"}," বছর আগে"],"many":[{"t":"idOrVar","v":"value"}," বছর আগে"],"one":"গত বছর","other":[{"t":"idOrVar","v":"value"}," বছর আগে"],"two":[{"t":"idOrVar","v":"value"}," বছর আগে"],"zero":"এই বছর"},"$x":[{"t":"idOrVar","v":"plural"},"value"]},{"$i":"minutes-until-long","$v":{"few":["মিনিটে ",{"t":"idOrVar","v":"value"}],"many":["মিনিটে ",{"t":"idOrVar","v":"value"}],"other":["মিনিটে ",{"t":"idOrVar","v":"value"}],"two":["মিনিটে ",{"t":"idOrVar","v":"value"}],"zero":"এখনই","one":"1 মিনিটে"},"$x":[{"t":"idOrVar","v":"plural"},"value"]},{"$i":"hours-until-long","$v":{"few":["ঘন্টায় ",{"t":"idOrVar","v":"value"}],"many":["ঘন্টায় ",{"t":"idOrVar","v":"value"}],"other":["ঘন্টায় ",{"t":"idOrVar","v":"value"}],"two":["ঘন্টায় ",{"t":"idOrVar","v":"value"}],"zero":"এখনই","one":"1 ঘন্টা"},"$x":[{"t":"idOrVar","v":"plural"},"value"]},{"$i":"days-until-long","$v":{"few":["দিনে ",{"t":"idOrVar","v":"value"}],"many":["দিনে ",{"t":"idOrVar","v":"value"}],"one":"আগামীকাল","other":["দিনে ",{"t":"idOrVar","v":"value"}],"two":["দিনে ",{"t":"idOrVar","v":"value"}],"zero":"আজ"},"$x":[{"t":"idOrVar","v":"plural"},"value"]},{"$i":"weeks-until-long","$v":{"few":["সপ্তাহে ",{"t":"idOrVar","v":"value"}],"many":["সপ্তাহে ",{"t":"idOrVar","v":"value"}],"one":"পরের সপ্তাহ","other":["সপ্তাহে ",{"t":"idOrVar","v":"value"}],"two":["সপ্তাহে ",{"t":"idOrVar","v":"value"}],"zero":"এই সপ্তাহ"},"$x":[{"t":"idOrVar","v":"plural"},"value"]},{"$i":"months-until-long","$v":{"few":["মাসে ",{"t":"idOrVar","v":"value"}],"many":["মাসে ",{"t":"idOrVar","v":"value"}],"one":"পরের মাস","other":["মাসে ",{"t":"idOrVar","v":"value"}],"two":["মাসে ",{"t":"idOrVar","v":"value"}],"zero":"এই মাস"},"$x":[{"t":"idOrVar","v":"plural"},"value"]},{"$i":"years-until-long","$v":{"few":["বছরে ",{"t":"idOrVar","v":"value"}],"many":["বছরে ",{"t":"idOrVar","v":"value"}],"one":"পরের বছর","other":["বছরে ",{"t":"idOrVar","v":"value"}],"two":["বছরে ",{"t":"idOrVar","v":"value"}],"zero":"এই বছর"},"$x":[{"t":"idOrVar","v":"plural"},"value"]},{"$i":"minutes-ago-short","$v":{"other":[{"t":"idOrVar","v":"value"},"মিঃ আগে"],"zero":"এখনই"},"$x":[{"t":"idOrVar","v":"plural"},"value"]},{"$i":"hours-ago-short","$v":{"other":[{"t":"idOrVar","v":"value"},"ঘঃ আগে"],"zero":"এখনই"},"$x":[{"t":"idOrVar","v":"plural"},"value"]},{"$i":"days-ago-short","$v":{"other":[{"t":"idOrVar","v":"value"},"দিন আগে"],"zero":"আজ"},"$x":[{"t":"idOrVar","v":"plural"},"value"]},{"$i":"minutes-until-short","$v":{"other":["m ",{"t":"idOrVar","v":"value"}],"zero":"এখনই"},"$x":[{"t":"idOrVar","v":"plural"},"value"]},{"$i":"hours-until-short","$v":{"other":["h ",{"t":"idOrVar","v":"value"}],"zero":"এখনই"},"$x":[{"t":"idOrVar","v":"plural"},"value"]},{"$i":"days-until-short","$v":{"other":["d ",{"t":"idOrVar","v":"value"}],"zero":"আজ"},"$x":[{"t":"idOrVar","v":"plural"},"value"]},{"$i":"incorrectDate","$v":"(ভুল তারিখ)"},{"$i":"dateTimeFormat_%c","$v":"%a %b %e %Y %I:%M:%S %p"},{"$i":"dateTimeFormat_%x","$v":"%m/%d/%Y"},{"$i":"dateTimeFormat_%X","$v":"%I:%M:%S %p"},{"$i":"shortTimeFormat","$v":"%I:%M %p"},{"$i":"shortTimeFormat12","$v":"%I:%M %p"},{"$i":"shortTimeFormat24","$v":"%H:%M"},{"$i":"shortDateTimeFormat","$v":"%x %I:%M %p"},{"$i":"weekStartsOnMonday","$v":"0.0"},{"$i":"firstDayOfTheWeek","$v":"0.0"},{"$i":"time_am","$v":"AM"},{"$i":"time_pm","$v":"PM"},{"$i":"softkey-options","$v":"বিকল্প"},{"$i":"reset","$v":"রিসেট"},{"$i":"start","$v":"শুরু করুন"},{"$i":"stop","$v":"থামুন"},{"$i":"cancel","$v":"বাতিল করুন"},{"$i":"hour","$v":"ঘণ্টা"},{"$i":"hours","$v":"ঘন্টা"},{"$i":"minute","$v":"মিনিট"},{"$i":"minutes","$v":"মিনিট"},{"$i":"second","$v":"সেকেন্ড"},{"$i":"alarm","$v":"অ্যালার্ম"},{"$i":"alarm-name","placeholder":"অ্যালার্ম"},{"$i":"timer","$v":"টাইমার"},{"$i":"stopwatch","$v":"স্টপওয়াচ"},{"$i":"alarmName","$v":"অ্যালার্মের নাম"},{"$i":"newAlarm","$v":"নতুন অ্যালার্ম"},{"$i":"editAlarm","$v":"অ্যালার্ম সম্পাদনা করুন"},{"$i":"kaiSettings","$v":"সেটিং"},{"$i":"clock-settings","$v":"ঘড়ির সেটিংস"},{"$i":"alarms-maximum","$v":"আপনি অ্যালার্মের সর্বোচ্চ সীমায় পৌঁছে গেছেন"},{"$i":"laps-maximum","$v":"আপনি ল্যাপ্সের সর্বোচ্চ সীমায় পৌঁছে গেছেন"},{"$i":"changes-saved","$v":"পরিবর্তনগুলি সংরক্ষণ করা হয়েছে।"},{"$i":"pause","$v":"বিরাম দিন"},{"$i":"resume","$v":"আবার শুরু করুন"},{"$i":"lap","$v":"কোল"},{"$i":"lap-number","$v":["কোল ",{"t":"idOrVar","v":"n"}]},{"$i":"timer-hour","$v":"ঘণ্টা"},{"$i":"timer-min","$v":"মিনিট"},{"$i":"timer-sec","$v":"সেকেন্ড"},{"$i":"delete","$v":"মুছুন"},{"$i":"time","$v":"সময়"},{"$i":"snooze-label","$v":"স্নূজ"},{"$i":"snooze-button","$v":"স্নূজ"},{"$i":"repeat","$v":"পুনরাবৃত্তি করুন"},{"$i":"vibrate","$v":"কম্পন"},{"$i":"close","$v":"বন্ধ করুন"},{"$i":"save","$v":"সংরক্ষণ করুন"},{"$i":"done","$v":"সম্পূর্ণ হয়েছে"},{"$i":"kai-select-time","$v":"সময় নির্বাচন করুন"},{"$i":"closeButton","ariaLabel":"বন্ধ করুন"},{"$i":"newAlarmButton","ariaLabel":"নতুন অ্যালার্ম"},{"$i":"alarm-volume-label","$v":"সিস্টেমের সতর্কতার ভলিউম"},{"$i":"kai-volume","$v":"ভলিউম:"},{"$i":"volume-level-display","$v":[{"t":"idOrVar","v":"n"}," / ",{"t":"idOrVar","v":"c"}]},{"$i":"sound","$v":"শব্দ"},{"$i":"noSound","$v":"কোন শব্দ নেই"},{"$i":"kai-ringtones","$v":"রিংটোন"},{"$i":"everyday","$v":"প্রতিদিন"},{"$i":"weekdays","$v":"কাজের দিন"},{"$i":"weekends","$v":"সপ্তাহান্ত"},{"$i":"never","$v":"কখনো নয়"},{"$i":"vibrateOn","$v":"চালু"},{"$i":"vibrateOff","$v":"বন্ধ"},{"$i":"kai-on","$v":"চালু"},{"$i":"kai-off","$v":"বন্ধ"},{"$i":"plusMinute","$v":"+1 মিনিট"},{"$i":"dateFormat","$v":"%A, %B %e"},{"$i":"countdown-lessThanAnHour","$v":["অ্যালার্ম এখন থেকে ",{"t":"idOrVar","v":"minutes"}," -এর জন্য সেট করা হয়েছে।"]},{"$i":"countdown-moreThanAnHour","$v":["অ্যালার্ম এখন থেকে ",{"t":"idOrVar","v":"hours"}," ",{"t":"idOrVar","v":"minutes"}," -এর জন্য সেট করা হয়েছে।"]},{"$i":"countdown-moreThanADay","$v":["অ্যালার্ম এখন থেকে ",{"t":"idOrVar","v":"days"}," ",{"t":"idOrVar","v":"hours"}," -এর জন্য সেট করা হয়েছে।"]},{"$i":"kai-alarm-off","$v":"অ্যালার্ম বন্ধ হয়ে গেছে।"},{"$i":"kai-alarm-deleted","$v":"অ্যালার্ম মোছা হয়েছে।"},{"$i":"alarm-delete-all","$v":"সমস্ত এলার্ম মুছে ফেলা হয়েছে।"},{"$i":"nMinutes","$v":{"few":[{"t":"idOrVar","v":"n"}," মিনিট"],"many":[{"t":"idOrVar","v":"n"}," মিনিট"],"one":"এক মিনিট","other":[{"t":"idOrVar","v":"n"}," মিনিট"],"two":[{"t":"idOrVar","v":"n"}," মিনিট"],"zero":"এক মিনিটের কম সময়ে"},"$x":[{"t":"idOrVar","v":"plural"},"n"]},{"$i":"nHours","$v":{"few":[{"t":"idOrVar","v":"n"}," ঘন্টা"],"many":[{"t":"idOrVar","v":"n"}," ঘন্টা"],"one":[{"t":"idOrVar","v":"n"}," ঘন্টা"],"other":[{"t":"idOrVar","v":"n"}," ঘন্টা"],"two":[{"t":"idOrVar","v":"n"}," ঘন্টা"]},"$x":[{"t":"idOrVar","v":"plural"},"n"]},{"$i":"nAndRemainHours","$v":{"few":["এবং ",{"t":"idOrVar","v":"n"}," ঘন্টা"],"many":["এবং ",{"t":"idOrVar","v":"n"}," ঘন্টা"],"one":["এবং ",{"t":"idOrVar","v":"n"}," ঘন্টা"],"other":["এবং ",{"t":"idOrVar","v":"n"}," ঘন্টা"],"two":["এবং ",{"t":"idOrVar","v":"n"}," ঘন্টা"]},"$x":[{"t":"idOrVar","v":"plural"},"n"]},{"$i":"nRemainDays","$v":{"few":[{"t":"idOrVar","v":"n"}," দিন"],"many":[{"t":"idOrVar","v":"n"}," দিন"],"one":[{"t":"idOrVar","v":"n"}," দিন"],"other":[{"t":"idOrVar","v":"n"}," দিন"],"two":[{"t":"idOrVar","v":"n"}," দিন"]},"$x":[{"t":"idOrVar","v":"plural"},"n"]},{"$i":"nRemainMinutes","$v":{"few":["এবং ",{"t":"idOrVar","v":"n"}," মিনিট"],"many":["এবং ",{"t":"idOrVar","v":"n"}," মিনিট"],"one":["এবং ",{"t":"idOrVar","v":"n"}," মিনিট"],"other":["এবং ",{"t":"idOrVar","v":"n"}," মিনিট"],"two":["এবং ",{"t":"idOrVar","v":"n"}," মিনিট"]},"$x":[{"t":"idOrVar","v":"plural"},"n"]},{"$i":"nSpinnerSeconds","$v":{"few":[{"t":"idOrVar","v":"n"}," সেকেন্ড"],"many":[{"t":"idOrVar","v":"n"}," সেকেন্ড"],"one":"এক সেকেন্ড","other":[{"t":"idOrVar","v":"n"}," সেকেন্ড"],"two":[{"t":"idOrVar","v":"n"}," সেকেন্ড"],"zero":"শূন্য সেকেন্ড"},"$x":[{"t":"idOrVar","v":"plural"},"n"]},{"$i":"nSpinnerMinutes","$v":{"few":[{"t":"idOrVar","v":"n"}," মিনিট"],"many":[{"t":"idOrVar","v":"n"}," মিনিট"],"one":"এক মিনিট","other":[{"t":"idOrVar","v":"n"}," মিনিট"],"two":[{"t":"idOrVar","v":"n"}," মিনিট"],"zero":"শূন্য মিনিট"},"$x":[{"t":"idOrVar","v":"plural"},"n"]},{"$i":"nSpinnerHours","$v":{"few":[{"t":"idOrVar","v":"n"}," ঘন্টা"],"many":[{"t":"idOrVar","v":"n"}," ঘন্টা"],"one":[{"t":"idOrVar","v":"n"}," ঘন্টা"],"other":[{"t":"idOrVar","v":"n"}," ঘন্টা"],"two":[{"t":"idOrVar","v":"n"}," ঘন্টা"],"zero":"শূন্য ঘন্টা"},"$x":[{"t":"idOrVar","v":"plural"},"n"]},{"$i":"kai-stop","$v":"থামুন"},{"$i":"kai-snooze","$v":"স্নূজ"},{"$i":"ac_africa_ogg","$v":"আফ্রিকা"},{"$i":"ac_amazon_ogg","$v":"আমাজন"},{"$i":"ac_disco_ogg","$v":"ডিসকো"},{"$i":"ac_fairy_tales_ogg","$v":"ফেয়ারি টেলস"},{"$i":"ac_fresh_ogg","$v":"সতেজ"},{"$i":"ac_galaxy_ogg","$v":"গ্যালাক্সি"},{"$i":"ac_kai_ogg","$v":"কাই"},{"$i":"ac_techno_ogg","$v":"টেকনো"},{"$i":"ac_woody_ogg","$v":"উডি"},{"$i":"ac_awake_opus","$v":"Awake"},{"$i":"ac_crystalize_opus","$v":"Crystallise"},{"$i":"ac_cycle_opus","$v":"Cycle"},{"$i":"ac_digicloud_opus","$v":"Digicloud"},{"$i":"ac_humming_waves_opus","$v":"Humming Waves"},{"$i":"ac_into_the_void_opus","$v":"Into the Void"},{"$i":"ac_lightly_opus","$v":"Lightly"},{"$i":"ac_mobile_opus","$v":"Mobile"},{"$i":"ac_pinger_opus","$v":"Pinger"},{"$i":"ac_skip_opus","$v":"Skip"},{"$i":"ac_tri_opus","$v":"Tri"},{"$i":"ac_universal_opus","$v":"Universal"},{"$i":"kai-options","$v":"বিকল্প"},{"$i":"kai-clock-title","$v":"ঘড়ি"},{"$i":"alarm-title","$v":"অ্যালার্ম"},{"$i":"no-alarms-body","$v":"কোনও অ্যালার্ম সেট করা হয়নি।"},{"$i":"press-new","$v":"শুরু করতে নতুন টিপুন।"},{"$i":"kai-new-alarm","$v":"নতুন পরিচিতি"},{"$i":"kai-settings","$v":"সেটিং"},{"$i":"kai-cancel","$v":"বাতিল করুন"},{"$i":"kai-save","$v":"সংরক্ষণ করুন"},{"$i":"turnOn","$v":"চালু করুন"},{"$i":"turnOff","$v":"বন্ধ করুন"},{"$i":"edit","$v":"সম্পাদনা করুন"},{"$i":"select","$v":"নির্বাচন করুন"},{"$i":"kai-delete","$v":"মুছুন"},{"$i":"delete-all","$v":"সবগুলি মুছে দিন"},{"$i":"kai-selected-alarm","$v":"নির্বাচিত এলার্ম"},{"$i":"set","$v":"সেট করুন"},{"$i":"kai-start","$v":"শুরু করুন"},{"$i":"kai-reset","$v":"রিসেট"},{"$i":"kai-min-plus","$v":"+1 মিনিট"},{"$i":"kai-resume","$v":"আবার শুরু করুন"},{"$i":"kai-lap","$v":"কোল"},{"$i":"play","$v":"প্লে করুন"},{"$i":"kai-no-repeat","$v":"কোন পুনরাবৃত্তি"},{"$i":"kai-confirm-title","$v":"নিশ্চিতকরণ"},{"$i":"kai-confirm-delete-body","$v":"নির্বাচিত অ্যালার্ম মুছবেন?"},{"$i":"confirm-delete-all-body","$v":"0.0"},{"$i":"kai-confirm-end-key-body","$v":{"$o":"ডেটা হারানোর সাথে অ্যাপ বন্ধ হবে। <br><br> আপনি কি আবার সম্পাদনাতে ফিরে যেতে চান?"}},{"$i":"kai-confirm-exit-button","$v":"প্রস্থান করুন"},{"$i":"kai-confirm-return-button","$v":"ফেরান"}]