[{"$i":"weekday-0-long","$v":"রবিবার"},{"$i":"weekday-1-long","$v":"সোমবার"},{"$i":"weekday-2-long","$v":"মঙ্গলবার"},{"$i":"weekday-3-long","$v":"বুধবার"},{"$i":"weekday-4-long","$v":"বৃহস্পতিবার"},{"$i":"weekday-5-long","$v":"শুক্রবার"},{"$i":"weekday-6-long","$v":"শনিবার"},{"$i":"weekday-0-short","$v":"রবি"},{"$i":"weekday-1-short","$v":"সোম"},{"$i":"weekday-2-short","$v":"মঙ্গল"},{"$i":"weekday-3-short","$v":"বুধ"},{"$i":"weekday-4-short","$v":"বৃহস্পতি"},{"$i":"weekday-5-short","$v":"শুক্র"},{"$i":"weekday-6-short","$v":"শনি"},{"$i":"month-0-long","$v":"জানুয়ারি"},{"$i":"month-1-long","$v":"ফেব্রুয়ারি"},{"$i":"month-2-long","$v":"মার্চ"},{"$i":"month-3-long","$v":"এপ্রিল"},{"$i":"month-4-long","$v":"মে"},{"$i":"month-5-long","$v":"জুন"},{"$i":"month-6-long","$v":"জুলাই"},{"$i":"month-7-long","$v":"আগস্ট"},{"$i":"month-8-long","$v":"সেপ্টেম্বর"},{"$i":"month-9-long","$v":"অক্টোবর"},{"$i":"month-10-long","$v":"নভেম্বর"},{"$i":"month-11-long","$v":"ডিসেম্বর"},{"$i":"month-0-genitive","$v":"জানুয়ারি"},{"$i":"month-1-genitive","$v":"ফেব্রুয়ারি"},{"$i":"month-2-genitive","$v":"মার্চ"},{"$i":"month-3-genitive","$v":"এপ্রিল"},{"$i":"month-4-genitive","$v":"মে"},{"$i":"month-5-genitive","$v":"জুন"},{"$i":"month-6-genitive","$v":"জুলাই"},{"$i":"month-7-genitive","$v":"আগস্ট"},{"$i":"month-8-genitive","$v":"সেপ্টেম্বর"},{"$i":"month-9-genitive","$v":"অক্টোবর"},{"$i":"month-10-genitive","$v":"নভেম্বর"},{"$i":"month-11-genitive","$v":"ডিসেম্বর"},{"$i":"month-0-short","$v":"জানুয়ারী"},{"$i":"month-1-short","$v":"ফেব্রুয়ারি"},{"$i":"month-2-short","$v":"মার্চ"},{"$i":"month-3-short","$v":"এপ্রিল"},{"$i":"month-4-short","$v":"মে"},{"$i":"month-5-short","$v":"জুন"},{"$i":"month-6-short","$v":"জুলাই"},{"$i":"month-7-short","$v":"আগস্ট"},{"$i":"month-8-short","$v":"সেপ্টেম্বর"},{"$i":"month-9-short","$v":"অক্টোবর"},{"$i":"month-10-short","$v":"নভেম্বর"},{"$i":"month-11-short","$v":"ডিসেম্বর"},{"$i":"minutes-ago-long","$v":{"few":[{"t":"idOrVar","v":"value"}," মিনিট আগে"],"many":[{"t":"idOrVar","v":"value"}," মিনিট আগে"],"other":[{"t":"idOrVar","v":"value"}," মিনিট আগে"],"two":[{"t":"idOrVar","v":"value"}," মিনিট আগে"],"one":"এক মিনিট আগে","zero":"Just now"},"$x":[{"t":"idOrVar","v":"plural"},"value"]},{"$i":"hours-ago-long","$v":{"few":[{"t":"idOrVar","v":"value"}," ঘন্টা আগে"],"many":[{"t":"idOrVar","v":"value"}," ঘন্টা আগে"],"other":[{"t":"idOrVar","v":"value"}," ঘন্টা আগে"],"two":[{"t":"idOrVar","v":"value"}," ঘন্টা আগে"],"one":"এক ঘন্টা আগে","zero":"Just now"},"$x":[{"t":"idOrVar","v":"plural"},"value"]},{"$i":"days-ago-long","$v":{"few":[{"t":"idOrVar","v":"value"}," দিন আগে"],"many":[{"t":"idOrVar","v":"value"}," দিন আগে"],"one":"গতকাল","other":[{"t":"idOrVar","v":"value"}," দিন আগে"],"two":[{"t":"idOrVar","v":"value"}," দিন আগে"],"zero":"আজ"},"$x":[{"t":"idOrVar","v":"plural"},"value"]},{"$i":"weeks-ago-long","$v":{"few":[{"t":"idOrVar","v":"value"}," সপ্তাহ আগে"],"many":[{"t":"idOrVar","v":"value"}," সপ্তাহ আগে"],"one":"গত সপ্তাহ","other":[{"t":"idOrVar","v":"value"}," সপ্তাহ আগে"],"two":[{"t":"idOrVar","v":"value"}," সপ্তাহ আগে"],"zero":"এই সপ্তাহ"},"$x":[{"t":"idOrVar","v":"plural"},"value"]},{"$i":"months-ago-long","$v":{"few":[{"t":"idOrVar","v":"value"}," মাস আগে"],"many":[{"t":"idOrVar","v":"value"}," মাস আগে"],"one":"গত মাস","other":[{"t":"idOrVar","v":"value"}," মাস আগে"],"two":[{"t":"idOrVar","v":"value"}," মাস আগে"],"zero":"এই মাস"},"$x":[{"t":"idOrVar","v":"plural"},"value"]},{"$i":"years-ago-long","$v":{"few":[{"t":"idOrVar","v":"value"}," বছর আগে"],"many":[{"t":"idOrVar","v":"value"}," বছর আগে"],"one":"গত বছর","other":[{"t":"idOrVar","v":"value"}," বছর আগে"],"two":[{"t":"idOrVar","v":"value"}," বছর আগে"],"zero":"এই বছর"},"$x":[{"t":"idOrVar","v":"plural"},"value"]},{"$i":"minutes-until-long","$v":{"few":[{"t":"idOrVar","v":"value"}," মিনিটে"],"many":[{"t":"idOrVar","v":"value"}," মিনিটে"],"other":[{"t":"idOrVar","v":"value"}," মিনিটে"],"two":[{"t":"idOrVar","v":"value"}," মিনিটে"],"zero":"এখন","one":"এক মিনিটে"},"$x":[{"t":"idOrVar","v":"plural"},"value"]},{"$i":"hours-until-long","$v":{"few":[{"t":"idOrVar","v":"value"}," ঘন্টায়"],"many":[{"t":"idOrVar","v":"value"}," ঘন্টায়"],"other":[{"t":"idOrVar","v":"value"}," ঘন্টায়"],"two":[{"t":"idOrVar","v":"value"}," ঘন্টায়"],"zero":"এখন","one":"এক ঘন্টায়"},"$x":[{"t":"idOrVar","v":"plural"},"value"]},{"$i":"days-until-long","$v":{"few":[{"t":"idOrVar","v":"value"}," দিনে"],"many":[{"t":"idOrVar","v":"value"}," দিনে"],"one":"আগামীকাল","other":[{"t":"idOrVar","v":"value"}," দিনে"],"two":[{"t":"idOrVar","v":"value"}," দিনে"],"zero":"আজ"},"$x":[{"t":"idOrVar","v":"plural"},"value"]},{"$i":"weeks-until-long","$v":{"few":[{"t":"idOrVar","v":"value"}," সপ্তাহে"],"many":[{"t":"idOrVar","v":"value"}," সপ্তাহে"],"one":"পরের সপ্তাহ","other":[{"t":"idOrVar","v":"value"}," সপ্তাহে"],"two":[{"t":"idOrVar","v":"value"}," সপ্তাহে"],"zero":"এই সপ্তাহ"},"$x":[{"t":"idOrVar","v":"plural"},"value"]},{"$i":"months-until-long","$v":{"few":[{"t":"idOrVar","v":"value"}," মাসে"],"many":[{"t":"idOrVar","v":"value"}," মাসে"],"one":"পরের মাস","other":[{"t":"idOrVar","v":"value"}," মাসে"],"two":[{"t":"idOrVar","v":"value"}," মাসে"],"zero":"এই মাস"},"$x":[{"t":"idOrVar","v":"plural"},"value"]},{"$i":"years-until-long","$v":{"few":[{"t":"idOrVar","v":"value"}," বছরে"],"many":[{"t":"idOrVar","v":"value"}," বছরে"],"one":"পরের বছর","other":[{"t":"idOrVar","v":"value"}," বছরে"],"two":[{"t":"idOrVar","v":"value"}," বছরে"],"zero":"এই বছর"},"$x":[{"t":"idOrVar","v":"plural"},"value"]},{"$i":"minutes-ago-short","$v":{"other":[{"t":"idOrVar","v":"value"},"মিনিট আগে"],"zero":"Just now"},"$x":[{"t":"idOrVar","v":"plural"},"value"]},{"$i":"hours-ago-short","$v":{"other":[{"t":"idOrVar","v":"value"},"ঘন্টা আগে"],"zero":"Just now"},"$x":[{"t":"idOrVar","v":"plural"},"value"]},{"$i":"days-ago-short","$v":{"other":[{"t":"idOrVar","v":"value"},"দিন আগে"],"zero":"আজ"},"$x":[{"t":"idOrVar","v":"plural"},"value"]},{"$i":"minutes-until-short","$v":{"other":[{"t":"idOrVar","v":"value"},"মাসে"],"zero":"এখন"},"$x":[{"t":"idOrVar","v":"plural"},"value"]},{"$i":"hours-until-short","$v":{"other":[{"t":"idOrVar","v":"value"},"ঘন্টায়"],"zero":"এখন"},"$x":[{"t":"idOrVar","v":"plural"},"value"]},{"$i":"days-until-short","$v":{"other":[{"t":"idOrVar","v":"value"},"দিনে"],"zero":"আজ"},"$x":[{"t":"idOrVar","v":"plural"},"value"]},{"$i":"incorrectDate","$v":"(ভুল তারিখ)"},{"$i":"dateTimeFormat_%c","$v":"%a %b %e %Y %I:%M:%S %p"},{"$i":"dateTimeFormat_%x","$v":"%m/%d/%Y"},{"$i":"dateTimeFormat_%X","$v":"%I:%M:%S %p"},{"$i":"shortTimeFormat","$v":"%I:%M %p"},{"$i":"shortTimeFormat12","$v":"%I:%M %p"},{"$i":"shortTimeFormat24","$v":"%H:%M"},{"$i":"shortDateTimeFormat","$v":"%x %I:%M %p"},{"$i":"weekStartsOnMonday","$v":"0.0"},{"$i":"firstDayOfTheWeek","$v":"0.0"},{"$i":"time_am","$v":"AM"},{"$i":"time_pm","$v":"PM"},{"$i":"softkey-options","$v":"বিকল্পগুলি"},{"$i":"reset","$v":"পুনঃসেট করুন"},{"$i":"start","$v":"আরম্ভ"},{"$i":"stop","$v":"বন্ধ"},{"$i":"cancel","$v":"বাতিল করুন"},{"$i":"hour","$v":"ঘন্টা"},{"$i":"hours","$v":"ঘন্টা"},{"$i":"minute","$v":"মিনিট"},{"$i":"minutes","$v":"মিনিট"},{"$i":"second","$v":"সেকেন্ড"},{"$i":"alarm","$v":"অ্যালার্ম"},{"$i":"alarm-name","placeholder":"অ্যালার্ম"},{"$i":"timer","$v":"টাইমার"},{"$i":"stopwatch","$v":"স্টপওয়াচ"},{"$i":"alarmName","$v":"অ্যালার্মের নাম"},{"$i":"newAlarm","$v":"নতুন অ্যালার্ম"},{"$i":"editAlarm","$v":"এলার্ম সম্পাদনা করুন"},{"$i":"kaiSettings","$v":"সেটিংস"},{"$i":"clock-settings","$v":"ঘড়ির সেটিংস"},{"$i":"alarms-maximum","$v":"আপনি অ্যালার্মের সর্বোচ্চ সংখ্যায় পৌঁছে গেছেন"},{"$i":"laps-maximum","$v":"আপনি ল্যাপ্সের সর্বোচ্চ সংখ্যায় পৌঁছে গেছেন"},{"$i":"changes-saved","$v":"পরিবর্তনগুলি সেভ করা হয়েছে।"},{"$i":"pause","$v":"বিরাম দিন"},{"$i":"resume","$v":"পুনঃআরম্ভ"},{"$i":"lap","$v":"ল্যাপ"},{"$i":"lap-number","$v":["ল্যাপ ",{"t":"idOrVar","v":"n"}]},{"$i":"timer-hour","$v":"ঘন্টা"},{"$i":"timer-min","$v":"মিনিট"},{"$i":"timer-sec","$v":"সেকেন্ড"},{"$i":"delete","$v":"মুছুন"},{"$i":"time","$v":"সময়"},{"$i":"snooze-label","$v":"স্নুজ করুন"},{"$i":"snooze-button","$v":"স্নুজ করুন"},{"$i":"repeat","$v":"রিপিট করুন"},{"$i":"vibrate","$v":"কম্পন"},{"$i":"close","$v":"বন্ধ করুন"},{"$i":"save","$v":"সেভ করুন"},{"$i":"done","$v":"সম্পন্ন"},{"$i":"kai-select-time","$v":"সময় নির্বাচন করুন"},{"$i":"closeButton","ariaLabel":"বন্ধ করুন"},{"$i":"newAlarmButton","ariaLabel":"নতুন অ্যালার্ম"},{"$i":"alarm-volume-label","$v":"সিস্টেম অ্যালার্মের ভলিউম"},{"$i":"kai-volume","$v":"ভলিউম:"},{"$i":"volume-level-display","$v":[{"t":"idOrVar","v":"n"}," / ",{"t":"idOrVar","v":"c"}]},{"$i":"sound","$v":"ধ্বনি"},{"$i":"noSound","$v":"কোনো শব্দ নেই"},{"$i":"kai-ringtones","$v":"রিংটোন্স"},{"$i":"everyday","$v":"প্রতিদিন"},{"$i":"weekdays","$v":"সপ্তাহের দিন"},{"$i":"weekends","$v":"সপ্তাহান্ত"},{"$i":"never","$v":"কখনও নয়"},{"$i":"vibrateOn","$v":"অন"},{"$i":"vibrateOff","$v":"অফ"},{"$i":"kai-on","$v":"অন"},{"$i":"kai-off","$v":"অফ"},{"$i":"plusMinute","$v":"+1 মিনিট"},{"$i":"dateFormat","$v":"%A, %B %e"},{"$i":"countdown-lessThanAnHour","$v":["অ্যালার্ম এখন থেকে ",{"t":"idOrVar","v":"minutes"}," -এর জন্য সেট করা হয়েছে।"]},{"$i":"countdown-moreThanAnHour","$v":["অ্যালার্ম এখন থেকে ",{"t":"idOrVar","v":"hours"}," ",{"t":"idOrVar","v":"minutes"}," -এর জন্য সেট করা হয়েছে।"]},{"$i":"countdown-moreThanADay","$v":["অ্যালার্মটি এখন থেকে ",{"t":"idOrVar","v":"days"}," ",{"t":"idOrVar","v":"hours"},"-এর জন্য সেট করা হয়েছে।"]},{"$i":"kai-alarm-off","$v":"অ্যালার্ম অফ করা হয়েছে"},{"$i":"kai-alarm-deleted","$v":"অ্যালার্ম মোছা হয়েছে I"},{"$i":"alarm-delete-all","$v":"সমস্ত অ্যালার্ম মোছা হয়েছে I"},{"$i":"nMinutes","$v":{"few":[{"t":"idOrVar","v":"n"}," মিনিট"],"many":[{"t":"idOrVar","v":"n"}," মিনিট"],"one":"এক মিনিট","other":[{"t":"idOrVar","v":"n"}," মিনিট"],"two":[{"t":"idOrVar","v":"n"}," মিনিট"],"zero":"এক মিনিটের কম সময়ে"},"$x":[{"t":"idOrVar","v":"plural"},"n"]},{"$i":"nHours","$v":{"few":[{"t":"idOrVar","v":"n"}," ঘন্টা"],"many":[{"t":"idOrVar","v":"n"}," ঘন্টা"],"one":[{"t":"idOrVar","v":"n"}," ঘন্টা"],"other":[{"t":"idOrVar","v":"n"}," ঘন্টা"],"two":[{"t":"idOrVar","v":"n"}," ঘন্টা"]},"$x":[{"t":"idOrVar","v":"plural"},"n"]},{"$i":"nAndRemainHours","$v":{"few":["এবং ",{"t":"idOrVar","v":"n"}," ঘন্টা"],"many":["এবং ",{"t":"idOrVar","v":"n"}," ঘন্টা"],"one":["এবং ",{"t":"idOrVar","v":"n"}," ঘন্টা"],"other":["এবং ",{"t":"idOrVar","v":"n"}," ঘন্টা"],"two":["এবং ",{"t":"idOrVar","v":"n"}," ঘন্টা"]},"$x":[{"t":"idOrVar","v":"plural"},"n"]},{"$i":"nRemainDays","$v":{"few":[{"t":"idOrVar","v":"n"}," দিন"],"many":[{"t":"idOrVar","v":"n"}," দিন"],"one":[{"t":"idOrVar","v":"n"}," দিন"],"other":[{"t":"idOrVar","v":"n"}," দিন"],"two":[{"t":"idOrVar","v":"n"}," দিন"]},"$x":[{"t":"idOrVar","v":"plural"},"n"]},{"$i":"nRemainMinutes","$v":{"few":["এবং ",{"t":"idOrVar","v":"n"}," মিনিট"],"many":["এবং ",{"t":"idOrVar","v":"n"}," মিনিট"],"one":["এবং ",{"t":"idOrVar","v":"n"}," মিনিট"],"other":["এবং ",{"t":"idOrVar","v":"n"}," মিনিট"],"two":["এবং ",{"t":"idOrVar","v":"n"}," মিনিট"]},"$x":[{"t":"idOrVar","v":"plural"},"n"]},{"$i":"nSpinnerSeconds","$v":{"few":[{"t":"idOrVar","v":"n"}," সেকেন্ড"],"many":[{"t":"idOrVar","v":"n"}," সেকেন্ড"],"one":"এক সেকেন্ড","other":[{"t":"idOrVar","v":"n"}," সেকেন্ড"],"two":[{"t":"idOrVar","v":"n"}," সেকেন্ড"],"zero":"শূন্য সেকেন্ড"},"$x":[{"t":"idOrVar","v":"plural"},"n"]},{"$i":"nSpinnerMinutes","$v":{"few":[{"t":"idOrVar","v":"n"}," মিনিট"],"many":[{"t":"idOrVar","v":"n"}," মিনিট"],"one":"এক মিনিট","other":[{"t":"idOrVar","v":"n"}," মিনিট"],"two":[{"t":"idOrVar","v":"n"}," মিনিট"],"zero":"শূন্য মিনিট"},"$x":[{"t":"idOrVar","v":"plural"},"n"]},{"$i":"nSpinnerHours","$v":{"few":[{"t":"idOrVar","v":"n"}," ঘন্টা"],"many":[{"t":"idOrVar","v":"n"}," ঘন্টা"],"one":[{"t":"idOrVar","v":"n"}," ঘন্টা"],"other":[{"t":"idOrVar","v":"n"}," ঘন্টা"],"two":[{"t":"idOrVar","v":"n"}," ঘন্টা"],"zero":"শূন্য ঘন্টা"},"$x":[{"t":"idOrVar","v":"plural"},"n"]},{"$i":"kai-stop","$v":"বন্ধ"},{"$i":"kai-snooze","$v":"স্নুজ করুন"},{"$i":"ac_africa_ogg","$v":"আফ্রিকা"},{"$i":"ac_amazon_ogg","$v":"অ্যামাজন"},{"$i":"ac_disco_ogg","$v":"ডিস্কো"},{"$i":"ac_fairy_tales_ogg","$v":"রূপকথা"},{"$i":"ac_fresh_ogg","$v":"ফ্রেশ"},{"$i":"ac_galaxy_ogg","$v":"গ্যালাক্সি"},{"$i":"ac_kai_ogg","$v":"কাই"},{"$i":"ac_techno_ogg","$v":"টেক্নো"},{"$i":"ac_woody_ogg","$v":"উডী"},{"$i":"ac_awake_opus","$v":"অ্যাওয়েক"},{"$i":"ac_crystalize_opus","$v":"ক্রিস্টালাইজ করুন"},{"$i":"ac_cycle_opus","$v":"সাইকেল"},{"$i":"ac_digicloud_opus","$v":"ডিজিক্লাউড"},{"$i":"ac_humming_waves_opus","$v":"গোঙানির তরঙ্গ"},{"$i":"ac_into_the_void_opus","$v":"ইনটু দ্য ভয়েড"},{"$i":"ac_lightly_opus","$v":"হালকাভাবে"},{"$i":"ac_mobile_opus","$v":"মোবাইল"},{"$i":"ac_pinger_opus","$v":"পিংগার"},{"$i":"ac_skip_opus","$v":"স্কিপ"},{"$i":"ac_tri_opus","$v":"ট্রি"},{"$i":"ac_universal_opus","$v":"ইউনিভার্সাল"},{"$i":"kai-options","$v":"বিকল্পগুলি"},{"$i":"kai-clock-title","$v":"ঘড়ি"},{"$i":"alarm-title","$v":"অ্যালার্ম"},{"$i":"no-alarms-body","$v":"அலாரங்கள் அமைக்கப்படவில்லை."},{"$i":"press-new","$v":"শুরু করতে নতুন এ প্রেস করুন।"},{"$i":"kai-new-alarm","$v":"নতুন"},{"$i":"kai-settings","$v":"সেটিংস"},{"$i":"kai-cancel","$v":"বাতিল করুন"},{"$i":"kai-save","$v":"সেভ করুন"},{"$i":"turnOn","$v":"অন করুন"},{"$i":"turnOff","$v":"অফ করুন"},{"$i":"edit","$v":"সম্পাদনা করুন"},{"$i":"select","$v":"নির্বাচন করুন"},{"$i":"kai-delete","$v":"মুছুন"},{"$i":"delete-all","$v":"সমস্ত মুছে ফেলুন"},{"$i":"kai-selected-alarm","$v":"নির্বাচিত অ্যালার্ম"},{"$i":"set","$v":"সেট করুন"},{"$i":"kai-start","$v":"আরম্ভ"},{"$i":"kai-reset","$v":"পুনঃসেট করুন"},{"$i":"kai-min-plus","$v":"+1 মিনিট"},{"$i":"kai-resume","$v":"পুনঃআরম্ভ"},{"$i":"kai-lap","$v":"ল্যাপ"},{"$i":"play","$v":"বাজান"},{"$i":"kai-no-repeat","$v":"কোনো পুনরাবৃত্তি নেই"},{"$i":"kai-confirm-title","$v":"নিশ্চিতকরণ"},{"$i":"kai-confirm-delete-body","$v":"নির্বাচিত অ্যালার্ম মুছুন ?"},{"$i":"confirm-delete-all-body","$v":"সমস্ত অ্যালার্ম মুছতে চান?"},{"$i":"kai-confirm-end-key-body","$v":{"$o":"ডেটা লস সহ অ্যাপ্লিকেশন অফ করা হবে। <br><br> আপনি কি সম্পাদনায় ফিরে যেতে চান ?"}},{"$i":"kai-confirm-exit-button","$v":"প্রস্থান করুন"},{"$i":"kai-confirm-return-button","$v":"ফেরত আসুন"}]