[{"$i":"weekday-0-long","$v":"Sunday"},{"$i":"weekday-1-long","$v":"Monday"},{"$i":"weekday-2-long","$v":"Tuesday"},{"$i":"weekday-3-long","$v":"Wednesday"},{"$i":"weekday-4-long","$v":"Thursday"},{"$i":"weekday-5-long","$v":"Friday"},{"$i":"weekday-6-long","$v":"Saturday"},{"$i":"weekday-0-short","$v":"Sun"},{"$i":"weekday-1-short","$v":"Mon"},{"$i":"weekday-2-short","$v":"Tue"},{"$i":"weekday-3-short","$v":"Wed"},{"$i":"weekday-4-short","$v":"Thu"},{"$i":"weekday-5-short","$v":"Fri"},{"$i":"weekday-6-short","$v":"Sat"},{"$i":"month-0-long","$v":"January"},{"$i":"month-1-long","$v":"February"},{"$i":"month-2-long","$v":"March"},{"$i":"month-3-long","$v":"April"},{"$i":"month-4-long","$v":"May"},{"$i":"month-5-long","$v":"June"},{"$i":"month-6-long","$v":"July"},{"$i":"month-7-long","$v":"August"},{"$i":"month-8-long","$v":"September"},{"$i":"month-9-long","$v":"October"},{"$i":"month-10-long","$v":"November"},{"$i":"month-11-long","$v":"December"},{"$i":"month-0-genitive","$v":"January"},{"$i":"month-1-genitive","$v":"February"},{"$i":"month-2-genitive","$v":"March"},{"$i":"month-3-genitive","$v":"April"},{"$i":"month-4-genitive","$v":"May"},{"$i":"month-5-genitive","$v":"June"},{"$i":"month-6-genitive","$v":"July"},{"$i":"month-7-genitive","$v":"August"},{"$i":"month-8-genitive","$v":"September"},{"$i":"month-9-genitive","$v":"October"},{"$i":"month-10-genitive","$v":"November"},{"$i":"month-11-genitive","$v":"December"},{"$i":"month-0-short","$v":"Jan"},{"$i":"month-1-short","$v":"Feb"},{"$i":"month-2-short","$v":"Mar"},{"$i":"month-3-short","$v":"Apr"},{"$i":"month-4-short","$v":"May"},{"$i":"month-5-short","$v":"Jun"},{"$i":"month-6-short","$v":"Jul"},{"$i":"month-7-short","$v":"Aug"},{"$i":"month-8-short","$v":"Sep"},{"$i":"month-9-short","$v":"Oct"},{"$i":"month-10-short","$v":"Nov"},{"$i":"month-11-short","$v":"Dec"},{"$i":"minutes-ago-long","$v":{"few":[{"t":"idOrVar","v":"value"}," minutes ago"],"many":[{"t":"idOrVar","v":"value"}," minutes ago"],"other":[{"t":"idOrVar","v":"value"}," minutes ago"],"two":[{"t":"idOrVar","v":"value"}," minutes ago"],"one":"1 minute ago","zero":"Just now"},"$x":[{"t":"idOrVar","v":"plural"},"value"]},{"$i":"hours-ago-long","$v":{"few":[{"t":"idOrVar","v":"value"}," hours ago"],"many":[{"t":"idOrVar","v":"value"}," hours ago"],"other":[{"t":"idOrVar","v":"value"}," hours ago"],"two":[{"t":"idOrVar","v":"value"}," hours ago"],"one":"1 hour ago","zero":"Just now"},"$x":[{"t":"idOrVar","v":"plural"},"value"]},{"$i":"days-ago-long","$v":{"few":[{"t":"idOrVar","v":"value"}," days ago"],"many":[{"t":"idOrVar","v":"value"}," days ago"],"one":"yesterday","other":[{"t":"idOrVar","v":"value"}," days ago"],"two":[{"t":"idOrVar","v":"value"}," days ago"],"zero":"today"},"$x":[{"t":"idOrVar","v":"plural"},"value"]},{"$i":"weeks-ago-long","$v":{"few":[{"t":"idOrVar","v":"value"}," weeks ago"],"many":[{"t":"idOrVar","v":"value"}," weeks ago"],"one":"last week","other":[{"t":"idOrVar","v":"value"}," weeks ago"],"two":[{"t":"idOrVar","v":"value"}," weeks ago"],"zero":"this week"},"$x":[{"t":"idOrVar","v":"plural"},"value"]},{"$i":"months-ago-long","$v":{"few":[{"t":"idOrVar","v":"value"}," months ago"],"many":[{"t":"idOrVar","v":"value"}," months ago"],"one":"last month","other":[{"t":"idOrVar","v":"value"}," months ago"],"two":[{"t":"idOrVar","v":"value"}," months ago"],"zero":"this month"},"$x":[{"t":"idOrVar","v":"plural"},"value"]},{"$i":"years-ago-long","$v":{"few":[{"t":"idOrVar","v":"value"}," years ago"],"many":[{"t":"idOrVar","v":"value"}," years ago"],"one":"last year","other":[{"t":"idOrVar","v":"value"}," years ago"],"two":[{"t":"idOrVar","v":"value"}," years ago"],"zero":"this year"},"$x":[{"t":"idOrVar","v":"plural"},"value"]},{"$i":"minutes-until-long","$v":{"few":["in ",{"t":"idOrVar","v":"value"}," minutes"],"many":["in ",{"t":"idOrVar","v":"value"}," minutes"],"other":["in ",{"t":"idOrVar","v":"value"}," minutes"],"two":["in ",{"t":"idOrVar","v":"value"}," minutes"],"zero":"now","one":"in 1 minute"},"$x":[{"t":"idOrVar","v":"plural"},"value"]},{"$i":"hours-until-long","$v":{"few":["in ",{"t":"idOrVar","v":"value"}," hours"],"many":["in ",{"t":"idOrVar","v":"value"}," hours"],"other":["in ",{"t":"idOrVar","v":"value"}," hours"],"two":["in ",{"t":"idOrVar","v":"value"}," hours"],"zero":"now","one":"in 1 hour"},"$x":[{"t":"idOrVar","v":"plural"},"value"]},{"$i":"days-until-long","$v":{"few":["in ",{"t":"idOrVar","v":"value"}," days"],"many":["in ",{"t":"idOrVar","v":"value"}," days"],"one":"tomorrow","other":["in ",{"t":"idOrVar","v":"value"}," days"],"two":["in ",{"t":"idOrVar","v":"value"}," days"],"zero":"today"},"$x":[{"t":"idOrVar","v":"plural"},"value"]},{"$i":"weeks-until-long","$v":{"few":["in ",{"t":"idOrVar","v":"value"}," weeks"],"many":["in ",{"t":"idOrVar","v":"value"}," weeks"],"one":"next week","other":["in ",{"t":"idOrVar","v":"value"}," weeks"],"two":["in ",{"t":"idOrVar","v":"value"}," weeks"],"zero":"this week"},"$x":[{"t":"idOrVar","v":"plural"},"value"]},{"$i":"months-until-long","$v":{"few":["in ",{"t":"idOrVar","v":"value"}," months"],"many":["in ",{"t":"idOrVar","v":"value"}," months"],"one":"next month","other":["in ",{"t":"idOrVar","v":"value"}," months"],"two":["in ",{"t":"idOrVar","v":"value"}," months"],"zero":"this month"},"$x":[{"t":"idOrVar","v":"plural"},"value"]},{"$i":"years-until-long","$v":{"few":["in ",{"t":"idOrVar","v":"value"}," years"],"many":["in ",{"t":"idOrVar","v":"value"}," years"],"one":"next year","other":["in ",{"t":"idOrVar","v":"value"}," years"],"two":["in ",{"t":"idOrVar","v":"value"}," years"],"zero":"this year"},"$x":[{"t":"idOrVar","v":"plural"},"value"]},{"$i":"minutes-ago-short","$v":{"other":[{"t":"idOrVar","v":"value"},"m ago"],"zero":"Just now"},"$x":[{"t":"idOrVar","v":"plural"},"value"]},{"$i":"hours-ago-short","$v":{"other":[{"t":"idOrVar","v":"value"},"h ago"],"zero":"Just now"},"$x":[{"t":"idOrVar","v":"plural"},"value"]},{"$i":"days-ago-short","$v":{"other":[{"t":"idOrVar","v":"value"},"d ago"],"zero":"today"},"$x":[{"t":"idOrVar","v":"plural"},"value"]},{"$i":"minutes-until-short","$v":{"other":["in ",{"t":"idOrVar","v":"value"},"m"],"zero":"now"},"$x":[{"t":"idOrVar","v":"plural"},"value"]},{"$i":"hours-until-short","$v":{"other":["in ",{"t":"idOrVar","v":"value"},"h"],"zero":"now"},"$x":[{"t":"idOrVar","v":"plural"},"value"]},{"$i":"days-until-short","$v":{"other":["in ",{"t":"idOrVar","v":"value"},"d"],"zero":"today"},"$x":[{"t":"idOrVar","v":"plural"},"value"]},{"$i":"incorrectDate","$v":"(incorrect date)"},{"$i":"dateTimeFormat_%c","$v":"%a %b %e %Y %I:%M:%S %p"},{"$i":"dateTimeFormat_%x","$v":"%m/%d/%Y"},{"$i":"dateTimeFormat_%X","$v":"%I:%M:%S %p"},{"$i":"shortTimeFormat","$v":"%I:%M %p"},{"$i":"shortTimeFormat12","$v":"%I:%M %p"},{"$i":"shortTimeFormat24","$v":"%H:%M"},{"$i":"shortDateTimeFormat","$v":"%x %I:%M %p"},{"$i":"weekStartsOnMonday","$v":"0.0"},{"$i":"firstDayOfTheWeek","$v":"0.0"},{"$i":"time_am","$v":"AM"},{"$i":"time_pm","$v":"PM"},{"$i":"softkey-options","$v":"Options"},{"$i":"reset","$v":"Reset"},{"$i":"start","$v":"Start"},{"$i":"stop","$v":"Stop"},{"$i":"cancel","$v":"Cancel"},{"$i":"hour","$v":"Hour"},{"$i":"hours","$v":"Hours"},{"$i":"minute","$v":"Minute"},{"$i":"minutes","$v":"Minutes"},{"$i":"second","$v":"Second"},{"$i":"alarm","$v":"Alarm"},{"$i":"alarm-name","placeholder":"Alarm"},{"$i":"timer","$v":"Timer"},{"$i":"stopwatch","$v":"Stopwatch"},{"$i":"alarmName","$v":"Alarm name"},{"$i":"newAlarm","$v":"New alarm"},{"$i":"editAlarm","$v":"Edit alarm"},{"$i":"kaiSettings","$v":"Settings"},{"$i":"clock-settings","$v":"Clock Settings"},{"$i":"alarms-maximum","$v":"You have reached the maximum number of alarms"},{"$i":"laps-maximum","$v":"You have reached the maximum number of laps"},{"$i":"changes-saved","$v":"Changes saved."},{"$i":"pause","$v":"Pause"},{"$i":"resume","$v":"Resume"},{"$i":"lap","$v":"Lap"},{"$i":"lap-number","$v":["Lap ",{"t":"idOrVar","v":"n"}]},{"$i":"timer-hour","$v":"hour"},{"$i":"timer-min","$v":"minute"},{"$i":"timer-sec","$v":"second"},{"$i":"delete","$v":"Delete"},{"$i":"time","$v":"Time"},{"$i":"snooze-label","$v":"Snooze"},{"$i":"snooze-button","$v":"Snooze"},{"$i":"repeat","$v":"Repeat"},{"$i":"vibrate","$v":"Vibrate"},{"$i":"close","$v":"Close"},{"$i":"save","$v":"Save"},{"$i":"done","$v":"Done"},{"$i":"kai-select-time","$v":"Select time"},{"$i":"closeButton","ariaLabel":"Close"},{"$i":"newAlarmButton","ariaLabel":"New alarm"},{"$i":"alarm-volume-label","$v":"System Alarm Volume"},{"$i":"kai-volume","$v":"Volume:"},{"$i":"volume-level-display","$v":[{"t":"idOrVar","v":"n"}," / ",{"t":"idOrVar","v":"c"}]},{"$i":"sound","$v":"Sound"},{"$i":"noSound","$v":"No Sound"},{"$i":"kai-ringtones","$v":"Ringtones"},{"$i":"everyday","$v":"Every day"},{"$i":"weekdays","$v":"Weekdays"},{"$i":"weekends","$v":"Weekends"},{"$i":"never","$v":"Never"},{"$i":"vibrateOn","$v":"On"},{"$i":"vibrateOff","$v":"Off"},{"$i":"kai-on","$v":"On"},{"$i":"kai-off","$v":"Off"},{"$i":"plusMinute","$v":"+1 Min"},{"$i":"dateFormat","$v":"%A, %B %e"},{"$i":"countdown-lessThanAnHour","$v":["The alarm is set for ",{"t":"idOrVar","v":"minutes"}," from now."]},{"$i":"countdown-moreThanAnHour","$v":["The alarm is set for ",{"t":"idOrVar","v":"hours"}," ",{"t":"idOrVar","v":"minutes"}," from now."]},{"$i":"countdown-moreThanADay","$v":["The alarm is set for ",{"t":"idOrVar","v":"days"}," ",{"t":"idOrVar","v":"hours"}," from now."]},{"$i":"kai-alarm-off","$v":"Alarm turned off."},{"$i":"kai-alarm-deleted","$v":"Alarm deleted."},{"$i":"alarm-delete-all","$v":"All alarms deleted."},{"$i":"nMinutes","$v":{"few":[{"t":"idOrVar","v":"n"}," minutes"],"many":[{"t":"idOrVar","v":"n"}," minutes"],"one":"one minute","other":[{"t":"idOrVar","v":"n"}," minutes"],"two":[{"t":"idOrVar","v":"n"}," minutes"],"zero":"less than a minute"},"$x":[{"t":"idOrVar","v":"plural"},"n"]},{"$i":"nHours","$v":{"few":[{"t":"idOrVar","v":"n"}," hours"],"many":[{"t":"idOrVar","v":"n"}," hours"],"one":[{"t":"idOrVar","v":"n"}," hour"],"other":[{"t":"idOrVar","v":"n"}," hours"],"two":[{"t":"idOrVar","v":"n"}," hours"],"zero":""},"$x":[{"t":"idOrVar","v":"plural"},"n"]},{"$i":"nAndRemainHours","$v":{"few":["and ",{"t":"idOrVar","v":"n"}," hours"],"many":["and ",{"t":"idOrVar","v":"n"}," hours"],"one":["and ",{"t":"idOrVar","v":"n"}," hour"],"other":["and ",{"t":"idOrVar","v":"n"}," hours"],"two":["and ",{"t":"idOrVar","v":"n"}," hours"],"zero":""},"$x":[{"t":"idOrVar","v":"plural"},"n"]},{"$i":"nRemainDays","$v":{"few":[{"t":"idOrVar","v":"n"}," days"],"many":[{"t":"idOrVar","v":"n"}," days"],"one":[{"t":"idOrVar","v":"n"}," day"],"other":[{"t":"idOrVar","v":"n"}," days"],"two":[{"t":"idOrVar","v":"n"}," days"],"zero":""},"$x":[{"t":"idOrVar","v":"plural"},"n"]},{"$i":"nRemainMinutes","$v":{"few":["and ",{"t":"idOrVar","v":"n"}," minutes"],"many":["and ",{"t":"idOrVar","v":"n"}," minutes"],"one":["and ",{"t":"idOrVar","v":"n"}," minute"],"other":["and ",{"t":"idOrVar","v":"n"}," minutes"],"two":["and ",{"t":"idOrVar","v":"n"}," minutes"],"zero":""},"$x":[{"t":"idOrVar","v":"plural"},"n"]},{"$i":"nSpinnerSeconds","$v":{"few":[{"t":"idOrVar","v":"n"}," seconds"],"many":[{"t":"idOrVar","v":"n"}," seconds"],"one":"one second","other":[{"t":"idOrVar","v":"n"}," seconds"],"two":[{"t":"idOrVar","v":"n"}," seconds"],"zero":"zero seconds"},"$x":[{"t":"idOrVar","v":"plural"},"n"]},{"$i":"nSpinnerMinutes","$v":{"few":[{"t":"idOrVar","v":"n"}," minutes"],"many":[{"t":"idOrVar","v":"n"}," minutes"],"one":"one minute","other":[{"t":"idOrVar","v":"n"}," minutes"],"two":[{"t":"idOrVar","v":"n"}," minutes"],"zero":"zero minutes"},"$x":[{"t":"idOrVar","v":"plural"},"n"]},{"$i":"nSpinnerHours","$v":{"few":[{"t":"idOrVar","v":"n"}," hours"],"many":[{"t":"idOrVar","v":"n"}," hours"],"one":[{"t":"idOrVar","v":"n"}," hour"],"other":[{"t":"idOrVar","v":"n"}," hours"],"two":[{"t":"idOrVar","v":"n"}," hours"],"zero":"zero hours"},"$x":[{"t":"idOrVar","v":"plural"},"n"]},{"$i":"kai-stop","$v":"Stop"},{"$i":"kai-snooze","$v":"Snooze"},{"$i":"ac_africa_ogg","$v":"Africa"},{"$i":"ac_amazon_ogg","$v":"Amazon"},{"$i":"ac_disco_ogg","$v":"Disco"},{"$i":"ac_fairy_tales_ogg","$v":"Fairy tales"},{"$i":"ac_fresh_ogg","$v":"Fresh"},{"$i":"ac_galaxy_ogg","$v":"Galaxy"},{"$i":"ac_kai_ogg","$v":"Kai"},{"$i":"ac_techno_ogg","$v":"Techno"},{"$i":"ac_woody_ogg","$v":"Woody"},{"$i":"ac_awake_opus","$v":"Awake"},{"$i":"ac_crystalize_opus","$v":"Crystalize"},{"$i":"ac_cycle_opus","$v":"Cycle"},{"$i":"ac_digicloud_opus","$v":"Digicloud"},{"$i":"ac_humming_waves_opus","$v":"Humming Waves"},{"$i":"ac_into_the_void_opus","$v":"Into the Void"},{"$i":"ac_lightly_opus","$v":"Lightly"},{"$i":"ac_mobile_opus","$v":"Mobile"},{"$i":"ac_pinger_opus","$v":"Pinger"},{"$i":"ac_skip_opus","$v":"Skip"},{"$i":"ac_tri_opus","$v":"Tri"},{"$i":"ac_universal_opus","$v":"Universal"},{"$i":"kai-options","$v":"Options"},{"$i":"kai-clock-title","$v":"Clock"},{"$i":"alarm-title","$v":"Alarm"},{"$i":"no-alarms-body","$v":"No alarms have been set."},{"$i":"press-new","$v":"Press New to get started."},{"$i":"kai-new-alarm","$v":"New"},{"$i":"kai-settings","$v":"Settings"},{"$i":"kai-cancel","$v":"Cancel"},{"$i":"kai-save","$v":"Save"},{"$i":"turnOn","$v":"Turn On"},{"$i":"turnOff","$v":"Turn Off"},{"$i":"edit","$v":"Edit"},{"$i":"select","$v":"Select"},{"$i":"kai-delete","$v":"Delete"},{"$i":"delete-all","$v":"Delete all"},{"$i":"kai-selected-alarm","$v":"Selected alarm"},{"$i":"set","$v":"Set"},{"$i":"kai-start","$v":"Start"},{"$i":"kai-reset","$v":"Reset"},{"$i":"kai-min-plus","$v":"+1 Min"},{"$i":"kai-resume","$v":"Resume"},{"$i":"kai-lap","$v":"Lap"},{"$i":"play","$v":"Play"},{"$i":"kai-no-repeat","$v":"No repeat"},{"$i":"kai-confirm-title","$v":"Confirmation"},{"$i":"kai-confirm-delete-body","$v":"Delete selected alarm?"},{"$i":"confirm-delete-all-body","$v":"Delete all alarms?"},{"$i":"kai-confirm-end-key-body","$v":{"$o":"Application will be closed with data loss. <br><br> Would you like return back to editing?"}},{"$i":"kai-confirm-exit-button","$v":"Exit"},{"$i":"kai-confirm-return-button","$v":"Return"}]