[{"$i":"weekday-0-long","$v":"Sunday"},{"$i":"weekday-1-long","$v":"Monday"},{"$i":"weekday-2-long","$v":"Tuesday"},{"$i":"weekday-3-long","$v":"Wednesday"},{"$i":"weekday-4-long","$v":"Thursday"},{"$i":"weekday-5-long","$v":"Friday"},{"$i":"weekday-6-long","$v":"Saturday"},{"$i":"weekday-0-short","$v":"Sun"},{"$i":"weekday-1-short","$v":"Mon"},{"$i":"weekday-2-short","$v":"Tue"},{"$i":"weekday-3-short","$v":"Wed"},{"$i":"weekday-4-short","$v":"Thu"},{"$i":"weekday-5-short","$v":"Fri"},{"$i":"weekday-6-short","$v":"Sat"},{"$i":"month-0-long","$v":"January"},{"$i":"month-1-long","$v":"February"},{"$i":"month-2-long","$v":"March"},{"$i":"month-3-long","$v":"April"},{"$i":"month-4-long","$v":"May"},{"$i":"month-5-long","$v":"June"},{"$i":"month-6-long","$v":"July"},{"$i":"month-7-long","$v":"August"},{"$i":"month-8-long","$v":"September"},{"$i":"month-9-long","$v":"October"},{"$i":"month-10-long","$v":"November"},{"$i":"month-11-long","$v":"December"},{"$i":"month-0-genitive","$v":"January"},{"$i":"month-1-genitive","$v":"February"},{"$i":"month-2-genitive","$v":"March"},{"$i":"month-3-genitive","$v":"April"},{"$i":"month-4-genitive","$v":"May"},{"$i":"month-5-genitive","$v":"June"},{"$i":"month-6-genitive","$v":"July"},{"$i":"month-7-genitive","$v":"August"},{"$i":"month-8-genitive","$v":"September"},{"$i":"month-9-genitive","$v":"October"},{"$i":"month-10-genitive","$v":"November"},{"$i":"month-11-genitive","$v":"December"},{"$i":"month-0-short","$v":"Jan"},{"$i":"month-1-short","$v":"Feb"},{"$i":"month-2-short","$v":"Mar"},{"$i":"month-3-short","$v":"Apr"},{"$i":"month-4-short","$v":"May"},{"$i":"month-5-short","$v":"Jun"},{"$i":"month-6-short","$v":"Jul"},{"$i":"month-7-short","$v":"Aug"},{"$i":"month-8-short","$v":"Sep"},{"$i":"month-9-short","$v":"Oct"},{"$i":"month-10-short","$v":"Nov"},{"$i":"month-11-short","$v":"Dec"},{"$i":"minutes-ago-long","$v":{"zero":"Just now","one":"1 minute ago","two":[{"t":"idOrVar","v":"value"}," minutes ago"],"few":[{"t":"idOrVar","v":"value"}," minutes ago"],"many":[{"t":"idOrVar","v":"value"}," minutes ago"],"other":[{"t":"idOrVar","v":"value"}," minutes ago"]},"$x":[{"t":"idOrVar","v":"plural"},"value"]},{"$i":"hours-ago-long","$v":{"zero":"Just now","one":"1 hour ago","two":[{"t":"idOrVar","v":"value"}," hours ago"],"few":[{"t":"idOrVar","v":"value"}," hours ago"],"many":[{"t":"idOrVar","v":"value"}," hours ago"],"other":[{"t":"idOrVar","v":"value"}," hours ago"]},"$x":[{"t":"idOrVar","v":"plural"},"value"]},{"$i":"days-ago-long","$v":{"zero":"today","one":"yesterday","two":[{"t":"idOrVar","v":"value"}," days ago"],"few":[{"t":"idOrVar","v":"value"}," days ago"],"many":[{"t":"idOrVar","v":"value"}," days ago"],"other":[{"t":"idOrVar","v":"value"}," days ago"]},"$x":[{"t":"idOrVar","v":"plural"},"value"]},{"$i":"weeks-ago-long","$v":{"zero":"this week","one":"last week","two":[{"t":"idOrVar","v":"value"}," weeks ago"],"few":[{"t":"idOrVar","v":"value"}," weeks ago"],"many":[{"t":"idOrVar","v":"value"}," weeks ago"],"other":[{"t":"idOrVar","v":"value"}," weeks ago"]},"$x":[{"t":"idOrVar","v":"plural"},"value"]},{"$i":"months-ago-long","$v":{"zero":"this month","one":"last month","two":[{"t":"idOrVar","v":"value"}," months ago"],"few":[{"t":"idOrVar","v":"value"}," months ago"],"many":[{"t":"idOrVar","v":"value"}," months ago"],"other":[{"t":"idOrVar","v":"value"}," months ago"]},"$x":[{"t":"idOrVar","v":"plural"},"value"]},{"$i":"years-ago-long","$v":{"zero":"this year","one":"last year","two":[{"t":"idOrVar","v":"value"}," years ago"],"few":[{"t":"idOrVar","v":"value"}," years ago"],"many":[{"t":"idOrVar","v":"value"}," years ago"],"other":[{"t":"idOrVar","v":"value"}," years ago"]},"$x":[{"t":"idOrVar","v":"plural"},"value"]},{"$i":"minutes-until-long","$v":{"zero":"now","one":"in 1 minute","two":["in ",{"t":"idOrVar","v":"value"}," minutes"],"few":["in ",{"t":"idOrVar","v":"value"}," minutes"],"many":["in ",{"t":"idOrVar","v":"value"}," minutes"],"other":["in ",{"t":"idOrVar","v":"value"}," minutes"]},"$x":[{"t":"idOrVar","v":"plural"},"value"]},{"$i":"hours-until-long","$v":{"zero":"now","one":"in 1 hour","two":["in ",{"t":"idOrVar","v":"value"}," hours"],"few":["in ",{"t":"idOrVar","v":"value"}," hours"],"many":["in ",{"t":"idOrVar","v":"value"}," hours"],"other":["in ",{"t":"idOrVar","v":"value"}," hours"]},"$x":[{"t":"idOrVar","v":"plural"},"value"]},{"$i":"days-until-long","$v":{"zero":"today","one":"tomorrow","two":["in ",{"t":"idOrVar","v":"value"}," days"],"few":["in ",{"t":"idOrVar","v":"value"}," days"],"many":["in ",{"t":"idOrVar","v":"value"}," days"],"other":["in ",{"t":"idOrVar","v":"value"}," days"]},"$x":[{"t":"idOrVar","v":"plural"},"value"]},{"$i":"weeks-until-long","$v":{"zero":"this week","one":"next week","two":["in ",{"t":"idOrVar","v":"value"}," weeks"],"few":["in ",{"t":"idOrVar","v":"value"}," weeks"],"many":["in ",{"t":"idOrVar","v":"value"}," weeks"],"other":["in ",{"t":"idOrVar","v":"value"}," weeks"]},"$x":[{"t":"idOrVar","v":"plural"},"value"]},{"$i":"months-until-long","$v":{"zero":"this month","one":"next month","two":["in ",{"t":"idOrVar","v":"value"}," months"],"few":["in ",{"t":"idOrVar","v":"value"}," months"],"many":["in ",{"t":"idOrVar","v":"value"}," months"],"other":["in ",{"t":"idOrVar","v":"value"}," months"]},"$x":[{"t":"idOrVar","v":"plural"},"value"]},{"$i":"years-until-long","$v":{"zero":"this year","one":"next year","two":["in ",{"t":"idOrVar","v":"value"}," years"],"few":["in ",{"t":"idOrVar","v":"value"}," years"],"many":["in ",{"t":"idOrVar","v":"value"}," years"],"other":["in ",{"t":"idOrVar","v":"value"}," years"]},"$x":[{"t":"idOrVar","v":"plural"},"value"]},{"$i":"minutes-ago-short","$v":{"zero":"Just now","other":[{"t":"idOrVar","v":"value"},"m ago"]},"$x":[{"t":"idOrVar","v":"plural"},"value"]},{"$i":"hours-ago-short","$v":{"zero":"Just now","other":[{"t":"idOrVar","v":"value"},"h ago"]},"$x":[{"t":"idOrVar","v":"plural"},"value"]},{"$i":"days-ago-short","$v":{"zero":"today","other":[{"t":"idOrVar","v":"value"},"d ago"]},"$x":[{"t":"idOrVar","v":"plural"},"value"]},{"$i":"minutes-until-short","$v":{"zero":"now","other":["in ",{"t":"idOrVar","v":"value"},"m"]},"$x":[{"t":"idOrVar","v":"plural"},"value"]},{"$i":"hours-until-short","$v":{"zero":"now","other":["in ",{"t":"idOrVar","v":"value"},"h"]},"$x":[{"t":"idOrVar","v":"plural"},"value"]},{"$i":"days-until-short","$v":{"zero":"today","other":["in ",{"t":"idOrVar","v":"value"},"d"]},"$x":[{"t":"idOrVar","v":"plural"},"value"]},{"$i":"incorrectDate","$v":"(incorrect date)"},{"$i":"dateTimeFormat_%c","$v":"%a %b %e %Y %I:%M:%S %p"},{"$i":"dateTimeFormat_%x","$v":"%m/%d/%Y"},{"$i":"dateTimeFormat_%X","$v":"%I:%M:%S %p"},{"$i":"shortTimeFormat","$v":"%I:%M %p"},{"$i":"shortTimeFormat12","$v":"%I:%M %p"},{"$i":"shortTimeFormat24","$v":"%H:%M"},{"$i":"shortDateTimeFormat","$v":"%x %I:%M %p"},{"$i":"weekStartsOnMonday","$v":"0"},{"$i":"firstDayOfTheWeek","$v":"0"},{"$i":"time_am","$v":"AM"},{"$i":"time_pm","$v":"PM"},{"$i":"softkey-options","$v":"Options"},{"$i":"reset","$v":"Reset"},{"$i":"start","$v":"Start"},{"$i":"stop","$v":"Stop"},{"$i":"cancel","$v":"Cancel"},{"$i":"hour","$v":"Hour"},{"$i":"hours","$v":"Hours"},{"$i":"minute","$v":"Minute"},{"$i":"minutes","$v":"Minutes"},{"$i":"second","$v":"Second"},{"$i":"alarm","$v":"Alarm"},{"$i":"alarm-name","placeholder":"Alarm"},{"$i":"timer","$v":"Timer"},{"$i":"stopwatch","$v":"Stopwatch"},{"$i":"alarmName","$v":"Alarm Name"},{"$i":"newAlarm","$v":"New Alarm"},{"$i":"editAlarm","$v":"Edit Alarm"},{"$i":"kaiSettings","$v":"Settings"},{"$i":"clock-settings","$v":"Clock Settings"},{"$i":"alarms-maximum","$v":"You have reached the maximum number of alarms"},{"$i":"laps-maximum","$v":"You have reached the maximum number of laps"},{"$i":"changes-saved","$v":"Changes saved."},{"$i":"pause","$v":"Pause"},{"$i":"resume","$v":"Resume"},{"$i":"lap","$v":"Lap"},{"$i":"lap-number","$v":["Lap ",{"t":"idOrVar","v":"n"}]},{"$i":"timer-hour","$v":"hour"},{"$i":"timer-min","$v":"minute"},{"$i":"timer-sec","$v":"second"},{"$i":"delete","$v":"Delete"},{"$i":"time","$v":"Time"},{"$i":"snooze-label","$v":"Snooze"},{"$i":"snooze-button","$v":"Snooze"},{"$i":"repeat","$v":"Repeat"},{"$i":"vibrate","$v":"Vibrate"},{"$i":"close","$v":"Close"},{"$i":"save","$v":"Save"},{"$i":"done","$v":"Done"},{"$i":"kai-select-time","$v":"Select time"},{"$i":"closeButton","ariaLabel":"Close"},{"$i":"newAlarmButton","ariaLabel":"New alarm"},{"$i":"alarm-volume-label","$v":"System Alarm Volume"},{"$i":"kai-volume","$v":"Volume:"},{"$i":"volume-level-display","$v":[{"t":"idOrVar","v":"n"}," / ",{"t":"idOrVar","v":"c"}]},{"$i":"sound","$v":"Sound"},{"$i":"noSound","$v":"No Sound"},{"$i":"kai-ringtones","$v":"Ringtones"},{"$i":"everyday","$v":"Every day"},{"$i":"weekdays","$v":"Weekdays"},{"$i":"weekends","$v":"Weekends"},{"$i":"never","$v":"Never"},{"$i":"vibrateOn","$v":"On"},{"$i":"vibrateOff","$v":"Off"},{"$i":"kai-on","$v":"On"},{"$i":"kai-off","$v":"Off"},{"$i":"plusMinute","$v":"+1 Min"},{"$i":"dateFormat","$v":"%A, %B %e"},{"$i":"countdown-lessThanAnHour","$v":["The alarm is set for ",{"t":"idOrVar","v":"minutes"}," from now."]},{"$i":"countdown-moreThanAnHour","$v":["The alarm is set for ",{"t":"idOrVar","v":"hours"}," ",{"t":"idOrVar","v":"minutes"}," from now."]},{"$i":"countdown-moreThanADay","$v":["The alarm is set for ",{"t":"idOrVar","v":"days"}," ",{"t":"idOrVar","v":"hours"}," from now."]},{"$i":"kai-alarm-off","$v":"Alarm turned off."},{"$i":"kai-alarm-deleted","$v":"Alarm deleted."},{"$i":"alarm-delete-all","$v":"All alarms deleted."},{"$i":"nMinutes","$v":{"zero":"less than a minute","one":"one minute","two":[{"t":"idOrVar","v":"n"}," minutes"],"few":[{"t":"idOrVar","v":"n"}," minutes"],"many":[{"t":"idOrVar","v":"n"}," minutes"],"other":[{"t":"idOrVar","v":"n"}," minutes"]},"$x":[{"t":"idOrVar","v":"plural"},"n"]},{"$i":"nHours","$v":{"zero":"","one":[{"t":"idOrVar","v":"n"}," hour"],"two":[{"t":"idOrVar","v":"n"}," hours"],"few":[{"t":"idOrVar","v":"n"}," hours"],"many":[{"t":"idOrVar","v":"n"}," hours"],"other":[{"t":"idOrVar","v":"n"}," hours"]},"$x":[{"t":"idOrVar","v":"plural"},"n"]},{"$i":"nAndRemainHours","$v":{"zero":"","one":["and ",{"t":"idOrVar","v":"n"}," hour"],"two":["and ",{"t":"idOrVar","v":"n"}," hours"],"few":["and ",{"t":"idOrVar","v":"n"}," hours"],"many":["and ",{"t":"idOrVar","v":"n"}," hours"],"other":["and ",{"t":"idOrVar","v":"n"}," hours"]},"$x":[{"t":"idOrVar","v":"plural"},"n"]},{"$i":"nRemainDays","$v":{"zero":"","one":[{"t":"idOrVar","v":"n"}," day"],"two":[{"t":"idOrVar","v":"n"}," days"],"few":[{"t":"idOrVar","v":"n"}," days"],"many":[{"t":"idOrVar","v":"n"}," days"],"other":[{"t":"idOrVar","v":"n"}," days"]},"$x":[{"t":"idOrVar","v":"plural"},"n"]},{"$i":"nRemainMinutes","$v":{"zero":"","one":["and ",{"t":"idOrVar","v":"n"}," minute"],"two":["and ",{"t":"idOrVar","v":"n"}," minutes"],"few":["and ",{"t":"idOrVar","v":"n"}," minutes"],"many":["and ",{"t":"idOrVar","v":"n"}," minutes"],"other":["and ",{"t":"idOrVar","v":"n"}," minutes"]},"$x":[{"t":"idOrVar","v":"plural"},"n"]},{"$i":"nSpinnerSeconds","$v":{"zero":"zero seconds","one":"one second","two":[{"t":"idOrVar","v":"n"}," seconds"],"few":[{"t":"idOrVar","v":"n"}," seconds"],"many":[{"t":"idOrVar","v":"n"}," seconds"],"other":[{"t":"idOrVar","v":"n"}," seconds"]},"$x":[{"t":"idOrVar","v":"plural"},"n"]},{"$i":"nSpinnerMinutes","$v":{"zero":"zero minutes","one":"one minute","two":[{"t":"idOrVar","v":"n"}," minutes"],"few":[{"t":"idOrVar","v":"n"}," minutes"],"many":[{"t":"idOrVar","v":"n"}," minutes"],"other":[{"t":"idOrVar","v":"n"}," minutes"]},"$x":[{"t":"idOrVar","v":"plural"},"n"]},{"$i":"nSpinnerHours","$v":{"zero":"zero hours","one":[{"t":"idOrVar","v":"n"}," hour"],"two":[{"t":"idOrVar","v":"n"}," hours"],"few":[{"t":"idOrVar","v":"n"}," hours"],"many":[{"t":"idOrVar","v":"n"}," hours"],"other":[{"t":"idOrVar","v":"n"}," hours"]},"$x":[{"t":"idOrVar","v":"plural"},"n"]},{"$i":"kai-stop","$v":"Stop"},{"$i":"kai-snooze","$v":"Snooze"},{"$i":"ac_africa_ogg","$v":"Africa"},{"$i":"ac_amazon_ogg","$v":"Amazon"},{"$i":"ac_disco_ogg","$v":"Disco"},{"$i":"ac_fairy_tales_ogg","$v":"Fairy tales"},{"$i":"ac_fresh_ogg","$v":"Fresh"},{"$i":"ac_galaxy_ogg","$v":"Galaxy"},{"$i":"ac_kai_ogg","$v":"Kai"},{"$i":"ac_techno_ogg","$v":"Techno"},{"$i":"ac_woody_ogg","$v":"Woody"},{"$i":"ac_awake_opus","$v":"Awake"},{"$i":"ac_crystalize_opus","$v":"Crystalize"},{"$i":"ac_cycle_opus","$v":"Cycle"},{"$i":"ac_digicloud_opus","$v":"Digicloud"},{"$i":"ac_humming_waves_opus","$v":"Humming Waves"},{"$i":"ac_into_the_void_opus","$v":"Into the Void"},{"$i":"ac_lightly_opus","$v":"Lightly"},{"$i":"ac_mobile_opus","$v":"Mobile"},{"$i":"ac_pinger_opus","$v":"Pinger"},{"$i":"ac_skip_opus","$v":"Skip"},{"$i":"ac_tri_opus","$v":"Tri"},{"$i":"ac_universal_opus","$v":"Universal"},{"$i":"kai-options","$v":"Options"},{"$i":"kai-clock-title","$v":"Clock"},{"$i":"alarm-title","$v":"Alarm"},{"$i":"no-alarms-body","$v":"No alarms have been set."},{"$i":"press-new","$v":"Press New to get started."},{"$i":"kai-new-alarm","$v":"New"},{"$i":"kai-settings","$v":"Settings"},{"$i":"kai-cancel","$v":"Cancel"},{"$i":"kai-save","$v":"Save"},{"$i":"turnOn","$v":"Turn On"},{"$i":"turnOff","$v":"Turn Off"},{"$i":"edit","$v":"Edit"},{"$i":"select","$v":"Select"},{"$i":"kai-delete","$v":"Delete"},{"$i":"delete-all","$v":"Delete all"},{"$i":"kai-selected-alarm","$v":"Selected alarm"},{"$i":"set","$v":"Set"},{"$i":"kai-start","$v":"Start"},{"$i":"kai-reset","$v":"Reset"},{"$i":"kai-min-plus","$v":"+1 Min"},{"$i":"kai-resume","$v":"Resume"},{"$i":"kai-lap","$v":"Lap"},{"$i":"play","$v":"Play"},{"$i":"kai-no-repeat","$v":"No repeat"},{"$i":"kai-confirm-title","$v":"Confirmation"},{"$i":"kai-confirm-delete-body","$v":"Delete selected alarm?"},{"$i":"confirm-delete-all-body","$v":"Delete all alarms?"},{"$i":"kai-confirm-end-key-body","$v":{"$o":"Application will be closed with data loss. <br><br> Would you like return back to editing?"}},{"$i":"kai-confirm-exit-button","$v":"Exit"},{"$i":"kai-confirm-return-button","$v":"Return"}]