[{"$i":"weekday-0-long","$v":"يكشنبه"},{"$i":"weekday-1-long","$v":"دوشنبه"},{"$i":"weekday-2-long","$v":"سه شنبه"},{"$i":"weekday-3-long","$v":"چهارشنبه"},{"$i":"weekday-4-long","$v":"پنج شنبه"},{"$i":"weekday-5-long","$v":"جمعه"},{"$i":"weekday-6-long","$v":"شنبه"},{"$i":"weekday-0-short","$v":"یکشنبه"},{"$i":"weekday-1-short","$v":"دوشنبه"},{"$i":"weekday-2-short","$v":"سه شنبه"},{"$i":"weekday-3-short","$v":"چهارشنبه"},{"$i":"weekday-4-short","$v":"پنج شنبه"},{"$i":"weekday-5-short","$v":"جمعه"},{"$i":"weekday-6-short","$v":"شنبه"},{"$i":"month-0-long","$v":"ژانویه"},{"$i":"month-1-long","$v":"فوریه"},{"$i":"month-2-long","$v":"مارس"},{"$i":"month-3-long","$v":"آوریل"},{"$i":"month-4-long","$v":"مه"},{"$i":"month-5-long","$v":"ژوئن"},{"$i":"month-6-long","$v":"ژوئیه"},{"$i":"month-7-long","$v":"اوت"},{"$i":"month-8-long","$v":"سپتامبر"},{"$i":"month-9-long","$v":"اکتبر"},{"$i":"month-10-long","$v":"نوامبر"},{"$i":"month-11-long","$v":"دسامبر"},{"$i":"month-0-genitive","$v":"ژانویه"},{"$i":"month-1-genitive","$v":"فوریه"},{"$i":"month-2-genitive","$v":"مارس"},{"$i":"month-3-genitive","$v":"آوریل"},{"$i":"month-4-genitive","$v":"مه"},{"$i":"month-5-genitive","$v":"ژوئن"},{"$i":"month-6-genitive","$v":"ژوئیه"},{"$i":"month-7-genitive","$v":"اوت"},{"$i":"month-8-genitive","$v":"سپتامبر"},{"$i":"month-9-genitive","$v":"اکتبر"},{"$i":"month-10-genitive","$v":"نوامبر"},{"$i":"month-11-genitive","$v":"دسامبر"},{"$i":"month-0-short","$v":"ژانويه"},{"$i":"month-1-short","$v":"فوريه"},{"$i":"month-2-short","$v":"مارس"},{"$i":"month-3-short","$v":"آوريل"},{"$i":"month-4-short","$v":"مه"},{"$i":"month-5-short","$v":"ژوئن"},{"$i":"month-6-short","$v":"ژوئيه"},{"$i":"month-7-short","$v":"اوت"},{"$i":"month-8-short","$v":"سپتامبر"},{"$i":"month-9-short","$v":"اكتبر"},{"$i":"month-10-short","$v":"نوامبر"},{"$i":"month-11-short","$v":"دسامبر"},{"$i":"minutes-ago-long","$v":{"few":[{"t":"idOrVar","v":"value"}," دقیقه قبل"],"many":[{"t":"idOrVar","v":"value"}," دقیقه قبل"],"other":[{"t":"idOrVar","v":"value"}," دقیقه قبل"],"two":[{"t":"idOrVar","v":"value"}," دقیقه قبل"],"one":"یک دقيقه قبل","zero":"درست اکنون"},"$x":[{"t":"idOrVar","v":"plural"},"value"]},{"$i":"hours-ago-long","$v":{"few":[{"t":"idOrVar","v":"value"}," ساعت قبل"],"many":[{"t":"idOrVar","v":"value"}," ساعت قبل"],"other":[{"t":"idOrVar","v":"value"}," ساعت قبل"],"two":[{"t":"idOrVar","v":"value"}," ساعت قبل"],"one":"یک ساعت قبل","zero":"درست اکنون"},"$x":[{"t":"idOrVar","v":"plural"},"value"]},{"$i":"days-ago-long","$v":{"few":[{"t":"idOrVar","v":"value"}," روز قبل"],"many":[{"t":"idOrVar","v":"value"}," روز قبل"],"one":"دیروز","other":[{"t":"idOrVar","v":"value"}," روز قبل"],"two":[{"t":"idOrVar","v":"value"}," روز قبل"],"zero":"امروز"},"$x":[{"t":"idOrVar","v":"plural"},"value"]},{"$i":"weeks-ago-long","$v":{"few":[{"t":"idOrVar","v":"value"}," هفته قبل"],"many":[{"t":"idOrVar","v":"value"}," هفته قبل"],"one":"هفته قبل","other":[{"t":"idOrVar","v":"value"}," هفته قبل"],"two":[{"t":"idOrVar","v":"value"}," هفته قبل"],"zero":"این هفته"},"$x":[{"t":"idOrVar","v":"plural"},"value"]},{"$i":"months-ago-long","$v":{"few":[{"t":"idOrVar","v":"value"}," ماه قبل"],"many":[{"t":"idOrVar","v":"value"}," ماه قبل"],"one":"ماه قبل","other":[{"t":"idOrVar","v":"value"}," ماه قبل"],"two":[{"t":"idOrVar","v":"value"}," ماه قبل"],"zero":"این ماه"},"$x":[{"t":"idOrVar","v":"plural"},"value"]},{"$i":"years-ago-long","$v":{"few":[{"t":"idOrVar","v":"value"}," سال قبل"],"many":[{"t":"idOrVar","v":"value"}," سال قبل"],"one":"سال قبل","other":[{"t":"idOrVar","v":"value"}," سال قبل"],"two":[{"t":"idOrVar","v":"value"}," سال قبل"],"zero":"امسال"},"$x":[{"t":"idOrVar","v":"plural"},"value"]},{"$i":"minutes-until-long","$v":{"few":"در {value}} دقیقه","many":"در {value}} دقیقه","other":"در {value}} دقیقه","two":"در {value}} دقیقه","zero":"اکنون","one":"در یک دقیقه"},"$x":[{"t":"idOrVar","v":"plural"},"value"]},{"$i":"hours-until-long","$v":{"few":"در {value}} ساعت","many":"در {value}} ساعت","other":"در {value}} ساعت","two":"در {value}} ساعت","zero":"اکنون","one":"در یک ساعت"},"$x":[{"t":"idOrVar","v":"plural"},"value"]},{"$i":"days-until-long","$v":{"few":["در ",{"t":"idOrVar","v":"value"}," روز"],"many":["در ",{"t":"idOrVar","v":"value"}," روز"],"one":"فردا","other":["در ",{"t":"idOrVar","v":"value"}," روز"],"two":["در ",{"t":"idOrVar","v":"value"}," روز"],"zero":"امروز"},"$x":[{"t":"idOrVar","v":"plural"},"value"]},{"$i":"weeks-until-long","$v":{"few":["در ",{"t":"idOrVar","v":"value"}," هفته"],"many":["در ",{"t":"idOrVar","v":"value"}," هفته"],"one":"هفته بعد","other":["در ",{"t":"idOrVar","v":"value"}," هفته"],"two":["در ",{"t":"idOrVar","v":"value"}," هفته"],"zero":"این هفته"},"$x":[{"t":"idOrVar","v":"plural"},"value"]},{"$i":"months-until-long","$v":{"few":["در ",{"t":"idOrVar","v":"value"}," ماه"],"many":["در ",{"t":"idOrVar","v":"value"}," ماه"],"one":"ماه بعد","other":["در ",{"t":"idOrVar","v":"value"}," ماه"],"two":["در ",{"t":"idOrVar","v":"value"}," ماه"],"zero":"این ماه"},"$x":[{"t":"idOrVar","v":"plural"},"value"]},{"$i":"years-until-long","$v":{"few":["در ",{"t":"idOrVar","v":"value"}," سال"],"many":["در ",{"t":"idOrVar","v":"value"}," سال"],"one":"سال بعد","other":["در ",{"t":"idOrVar","v":"value"}," سال"],"two":["در ",{"t":"idOrVar","v":"value"}," سال"],"zero":"امسال"},"$x":[{"t":"idOrVar","v":"plural"},"value"]},{"$i":"minutes-ago-short","$v":{"other":[{"t":"idOrVar","v":"value"},"دقیقه قبل"],"zero":"درست اکنون"},"$x":[{"t":"idOrVar","v":"plural"},"value"]},{"$i":"hours-ago-short","$v":{"other":[{"t":"idOrVar","v":"value"}," ساعت قبل"],"zero":"درست اکنون"},"$x":[{"t":"idOrVar","v":"plural"},"value"]},{"$i":"days-ago-short","$v":{"other":[{"t":"idOrVar","v":"value"}," روز قبل"],"zero":"امروز"},"$x":[{"t":"idOrVar","v":"plural"},"value"]},{"$i":"minutes-until-short","$v":{"other":"در {value}} دقیقه","zero":"اکنون"},"$x":[{"t":"idOrVar","v":"plural"},"value"]},{"$i":"hours-until-short","$v":{"other":"در {value}} ساعت","zero":"اکنون"},"$x":[{"t":"idOrVar","v":"plural"},"value"]},{"$i":"days-until-short","$v":{"other":"در {value}} روز","zero":"امروز"},"$x":[{"t":"idOrVar","v":"plural"},"value"]},{"$i":"incorrectDate","$v":"(تاریخ نادرست)"},{"$i":"dateTimeFormat_%c","$v":"%a %b %e %Y %I:%M:%S %p"},{"$i":"dateTimeFormat_%x","$v":"%m/%d/%Y"},{"$i":"dateTimeFormat_%X","$v":"%I:%M:%S %p"},{"$i":"shortTimeFormat","$v":"%I:%M %p"},{"$i":"shortTimeFormat12","$v":"%I:%M %p"},{"$i":"shortTimeFormat24","$v":"%H:%M"},{"$i":"shortDateTimeFormat","$v":"%x %I:%M %p"},{"$i":"weekStartsOnMonday","$v":"0.0"},{"$i":"firstDayOfTheWeek","$v":"0.0"},{"$i":"time_am","$v":"ب.ظ"},{"$i":"time_pm","$v":"ق.ظ"},{"$i":"softkey-options","$v":"گزینه ها"},{"$i":"reset","$v":"بازنشانی"},{"$i":"start","$v":"شروع"},{"$i":"stop","$v":"توقف"},{"$i":"cancel","$v":"لغو کردن"},{"$i":"hour","$v":"ساعت"},{"$i":"hours","$v":"ساعت ها"},{"$i":"minute","$v":"دقيقه"},{"$i":"minutes","$v":"دقیقه"},{"$i":"second","$v":"ثانيه"},{"$i":"alarm","$v":"هشدار"},{"$i":"alarm-name","placeholder":"هشدار"},{"$i":"timer","$v":"تايمر"},{"$i":"stopwatch","$v":"کرونومتر"},{"$i":"alarmName","$v":"نام هشدار"},{"$i":"newAlarm","$v":"هشدار جدید"},{"$i":"editAlarm","$v":"ويرايش هشدار"},{"$i":"kaiSettings","$v":"تنظیمات"},{"$i":"clock-settings","$v":"تنظیمات ساعت"},{"$i":"alarms-maximum","$v":"به حداکثر تعداد هشدارها رسیده اید"},{"$i":"laps-maximum","$v":"به حداکثر تعداد دورها رسیده اید"},{"$i":"changes-saved","$v":"تغییرات ذخیره شد."},{"$i":"pause","$v":"توقف موقت"},{"$i":"resume","$v":"ازسرگیری"},{"$i":"lap","$v":"دور"},{"$i":"lap-number","$v":["دور ",{"t":"idOrVar","v":"n"}]},{"$i":"timer-hour","$v":"ساعت"},{"$i":"timer-min","$v":"دقيقه"},{"$i":"timer-sec","$v":"ثانیه"},{"$i":"delete","$v":"حذف"},{"$i":"time","$v":"زمان"},{"$i":"snooze-label","$v":"تعويق"},{"$i":"snooze-button","$v":"تعويق"},{"$i":"repeat","$v":"تكرار"},{"$i":"vibrate","$v":"لرزش"},{"$i":"close","$v":"بستن"},{"$i":"save","$v":"ذخيره"},{"$i":"done","$v":"انجام شد"},{"$i":"kai-select-time","$v":"انتخاب زمان"},{"$i":"closeButton","ariaLabel":"بستن"},{"$i":"newAlarmButton","ariaLabel":"هشدار جدید"},{"$i":"alarm-volume-label","$v":"x/15  صدای هشدار سیستم"},{"$i":"kai-volume","$v":"میزان صدا:"},{"$i":"volume-level-display","$v":[{"t":"idOrVar","v":"n"}," / ",{"t":"idOrVar","v":"c"}]},{"$i":"sound","$v":"صدا"},{"$i":"noSound","$v":"بدون صدا"},{"$i":"kai-ringtones","$v":"آهنگ های زنگ"},{"$i":"everyday","$v":"هر روز"},{"$i":"weekdays","$v":"روزهای هفته"},{"$i":"weekends","$v":"آخر هفته ها"},{"$i":"never","$v":"هرگز"},{"$i":"vibrateOn","$v":"روشن"},{"$i":"vibrateOff","$v":"خاموش"},{"$i":"kai-on","$v":"روشن"},{"$i":"kai-off","$v":"خاموش"},{"$i":"plusMinute","$v":"1+ دقیقه"},{"$i":"dateFormat","$v":"%A، %B %e"},{"$i":"countdown-lessThanAnHour","$v":["اين هشدار براي ",{"t":"idOrVar","v":"minutes"}," از هم اكنون تنظيم مي شود."]},{"$i":"countdown-moreThanAnHour","$v":["اين هشدار براي ",{"t":"idOrVar","v":"hours"}," ",{"t":"idOrVar","v":"minutes"}," از هم اكنون تنظيم مي شود."]},{"$i":"countdown-moreThanADay","$v":["اين هشدار براي ",{"t":"idOrVar","v":"days"}," ",{"t":"idOrVar","v":"hours"}," از هم اكنون تنظيم مي شود."]},{"$i":"kai-alarm-off","$v":"هشدار خاموش است."},{"$i":"kai-alarm-deleted","$v":"هشدار حذف شد."},{"$i":"alarm-delete-all","$v":"همه هشدارها حذف شد."},{"$i":"nMinutes","$v":{"few":[{"t":"idOrVar","v":"n"}," دقیقه"],"many":[{"t":"idOrVar","v":"n"}," دقیقه"],"one":"یک دقیقه","other":[{"t":"idOrVar","v":"n"}," دقیقه"],"two":[{"t":"idOrVar","v":"n"}," دقیقه"],"zero":"کمتر از يک دقيقه"},"$x":[{"t":"idOrVar","v":"plural"},"n"]},{"$i":"nHours","$v":{"few":[{"t":"idOrVar","v":"n"}," ساعت"],"many":[{"t":"idOrVar","v":"n"}," ساعت"],"one":[{"t":"idOrVar","v":"n"}," ساعت"],"other":[{"t":"idOrVar","v":"n"}," ساعت"],"two":[{"t":"idOrVar","v":"n"}," ساعت"]},"$x":[{"t":"idOrVar","v":"plural"},"n"]},{"$i":"nAndRemainHours","$v":{"few":["و ",{"t":"idOrVar","v":"n"}," ساعت"],"many":["و ",{"t":"idOrVar","v":"n"}," ساعت"],"one":["و ",{"t":"idOrVar","v":"n"}," ساعت"],"other":["و ",{"t":"idOrVar","v":"n"}," ساعت"],"two":["و ",{"t":"idOrVar","v":"n"}," ساعت"]},"$x":[{"t":"idOrVar","v":"plural"},"n"]},{"$i":"nRemainDays","$v":{"few":[{"t":"idOrVar","v":"n"}," روز"],"many":[{"t":"idOrVar","v":"n"}," روز"],"one":[{"t":"idOrVar","v":"n"}," روز"],"other":[{"t":"idOrVar","v":"n"}," روز"],"two":[{"t":"idOrVar","v":"n"}," روز"]},"$x":[{"t":"idOrVar","v":"plural"},"n"]},{"$i":"nRemainMinutes","$v":{"few":["و ",{"t":"idOrVar","v":"n"}," دقیقه"],"many":["و ",{"t":"idOrVar","v":"n"}," دقیقه"],"one":["و ",{"t":"idOrVar","v":"n"}," دقیقه"],"other":["و ",{"t":"idOrVar","v":"n"}," دقیقه"],"two":["و ",{"t":"idOrVar","v":"n"}," دقیقه"]},"$x":[{"t":"idOrVar","v":"plural"},"n"]},{"$i":"nSpinnerSeconds","$v":{"few":[{"t":"idOrVar","v":"n"}," ثانیه"],"many":[{"t":"idOrVar","v":"n"}," ثانیه"],"one":"یک ثانیه","other":[{"t":"idOrVar","v":"n"}," ثانیه"],"two":[{"t":"idOrVar","v":"n"}," ثانیه"],"zero":"صفر ثانیه"},"$x":[{"t":"idOrVar","v":"plural"},"n"]},{"$i":"nSpinnerMinutes","$v":{"few":[{"t":"idOrVar","v":"n"}," دقیقه"],"many":[{"t":"idOrVar","v":"n"}," دقیقه"],"one":"یک دقیقه","other":[{"t":"idOrVar","v":"n"}," دقیقه"],"two":[{"t":"idOrVar","v":"n"}," دقیقه"],"zero":"صفر دقیقه"},"$x":[{"t":"idOrVar","v":"plural"},"n"]},{"$i":"nSpinnerHours","$v":{"few":[{"t":"idOrVar","v":"n"}," ساعت"],"many":[{"t":"idOrVar","v":"n"}," ساعت"],"one":[{"t":"idOrVar","v":"n"}," ساعت"],"other":[{"t":"idOrVar","v":"n"}," ساعت"],"two":[{"t":"idOrVar","v":"n"}," ساعت"],"zero":"صفر ساعت"},"$x":[{"t":"idOrVar","v":"plural"},"n"]},{"$i":"kai-stop","$v":"توقف"},{"$i":"kai-snooze","$v":"تعويق"},{"$i":"ac_africa_ogg","$v":"آفریقا"},{"$i":"ac_amazon_ogg","$v":"Amazon"},{"$i":"ac_disco_ogg","$v":"Disco"},{"$i":"ac_fairy_tales_ogg","$v":"Fairy tales"},{"$i":"ac_fresh_ogg","$v":"تازه"},{"$i":"ac_galaxy_ogg","$v":"Galaxy"},{"$i":"ac_kai_ogg","$v":"Kai"},{"$i":"ac_techno_ogg","$v":"Techno"},{"$i":"ac_woody_ogg","$v":"Woody"},{"$i":"ac_awake_opus","$v":"بيدارباش"},{"$i":"ac_crystalize_opus","$v":"Crystalize"},{"$i":"ac_cycle_opus","$v":"صدای زنگ هشدار"},{"$i":"ac_digicloud_opus","$v":"Digicloud"},{"$i":"ac_humming_waves_opus","$v":"Humming Waves"},{"$i":"ac_into_the_void_opus","$v":"Into the Void"},{"$i":"ac_lightly_opus","$v":"به آرامی"},{"$i":"ac_mobile_opus","$v":"تلفن همراه"},{"$i":"ac_pinger_opus","$v":"پینگر"},{"$i":"ac_skip_opus","$v":"رد شدن"},{"$i":"ac_tri_opus","$v":"Tri"},{"$i":"ac_universal_opus","$v":"جهانی"},{"$i":"kai-options","$v":"گزینه ها"},{"$i":"kai-clock-title","$v":"ساعت"},{"$i":"alarm-title","$v":"هشدار"},{"$i":"no-alarms-body","$v":"هیچ هشداری تنظیم نشده است."},{"$i":"press-new","$v":"برای شروع به کار، New (جدید) را فشار دهید."},{"$i":"kai-new-alarm","$v":"جديد"},{"$i":"kai-settings","$v":"تنظیمات"},{"$i":"kai-cancel","$v":"لغو کردن"},{"$i":"kai-save","$v":"ذخيره"},{"$i":"turnOn","$v":"روشن کردن"},{"$i":"turnOff","$v":"خاموش کردن"},{"$i":"edit","$v":"ویرایش"},{"$i":"select","$v":"انتخاب"},{"$i":"kai-delete","$v":"حذف"},{"$i":"delete-all","$v":"حذف همه"},{"$i":"kai-selected-alarm","$v":"هشدار انتخابی"},{"$i":"set","$v":"تنظيم"},{"$i":"kai-start","$v":"شروع"},{"$i":"kai-reset","$v":"بازنشانی"},{"$i":"kai-min-plus","$v":"1+ دقیقه"},{"$i":"kai-resume","$v":"ازسرگیری"},{"$i":"kai-lap","$v":"دور"},{"$i":"play","$v":"پخش"},{"$i":"kai-no-repeat","$v":"بدون تکرار"},{"$i":"kai-confirm-title","$v":"تأييد"},{"$i":"kai-confirm-delete-body","$v":"حذف هشدار انتخابی؟"},{"$i":"confirm-delete-all-body","$v":"همه هشدارها حذف شود؟"},{"$i":"kai-confirm-end-key-body","$v":{"$o":"برنامه با از دست دادن داده بسته می شود. <br><br> می خواهید به ویرایش برگردید؟"}},{"$i":"kai-confirm-exit-button","$v":"خروج"},{"$i":"kai-confirm-return-button","$v":"برگشت"}]