[{"$i":"weekday-0-long","$v":"Nedjelja"},{"$i":"weekday-1-long","$v":"Ponedjeljak"},{"$i":"weekday-2-long","$v":"Utorak"},{"$i":"weekday-3-long","$v":"Srijeda"},{"$i":"weekday-4-long","$v":"Četvrtak"},{"$i":"weekday-5-long","$v":"Petak"},{"$i":"weekday-6-long","$v":"Subota"},{"$i":"weekday-0-short","$v":"Ned"},{"$i":"weekday-1-short","$v":"Pon"},{"$i":"weekday-2-short","$v":"Uto"},{"$i":"weekday-3-short","$v":"Sri"},{"$i":"weekday-4-short","$v":"Čet"},{"$i":"weekday-5-short","$v":"Pet"},{"$i":"weekday-6-short","$v":"Sub"},{"$i":"month-0-long","$v":"Siječanj"},{"$i":"month-1-long","$v":"Veljača"},{"$i":"month-2-long","$v":"Ožujak"},{"$i":"month-3-long","$v":"Travanj"},{"$i":"month-4-long","$v":"Svibanj"},{"$i":"month-5-long","$v":"Lipanj"},{"$i":"month-6-long","$v":"Srpanj"},{"$i":"month-7-long","$v":"Kolovoz"},{"$i":"month-8-long","$v":"Rujan"},{"$i":"month-9-long","$v":"Listopad"},{"$i":"month-10-long","$v":"Studeni"},{"$i":"month-11-long","$v":"Prosinac"},{"$i":"month-0-genitive","$v":"Siječanj"},{"$i":"month-1-genitive","$v":"Veljača"},{"$i":"month-2-genitive","$v":"Ožujak"},{"$i":"month-3-genitive","$v":"Travanj"},{"$i":"month-4-genitive","$v":"Svibanj"},{"$i":"month-5-genitive","$v":"Lipanj"},{"$i":"month-6-genitive","$v":"Srpanj"},{"$i":"month-7-genitive","$v":"Kolovoz"},{"$i":"month-8-genitive","$v":"Rujan"},{"$i":"month-9-genitive","$v":"Listopad"},{"$i":"month-10-genitive","$v":"Studeni"},{"$i":"month-11-genitive","$v":"Prosinac"},{"$i":"month-0-short","$v":"SIJEC."},{"$i":"month-1-short","$v":"VELJ."},{"$i":"month-2-short","$v":"OZUJ."},{"$i":"month-3-short","$v":"TRAV."},{"$i":"month-4-short","$v":"SVIB."},{"$i":"month-5-short","$v":"LIP."},{"$i":"month-6-short","$v":"SRP."},{"$i":"month-7-short","$v":"KOL."},{"$i":"month-8-short","$v":"RUJ."},{"$i":"month-9-short","$v":"LIST."},{"$i":"month-10-short","$v":"STUD."},{"$i":"month-11-short","$v":"PROS."},{"$i":"minutes-ago-long","$v":{"few":["Prije ",{"t":"idOrVar","v":"value"}," min"],"many":["Prije ",{"t":"idOrVar","v":"value"}," min"],"other":["Prije ",{"t":"idOrVar","v":"value"}," min"],"two":["Prije ",{"t":"idOrVar","v":"value"}," min"],"one":"prije 1 min","zero":"upravo sad"},"$x":[{"t":"idOrVar","v":"plural"},"value"]},{"$i":"hours-ago-long","$v":{"few":["Prije ",{"t":"idOrVar","v":"value"}," h"],"many":["Prije ",{"t":"idOrVar","v":"value"}," h"],"other":["Prije ",{"t":"idOrVar","v":"value"}," h"],"two":["Prije ",{"t":"idOrVar","v":"value"}," h"],"one":"prije 1 sat","zero":"upravo sad"},"$x":[{"t":"idOrVar","v":"plural"},"value"]},{"$i":"days-ago-long","$v":{"few":["Prije ",{"t":"idOrVar","v":"value"}," dana"],"many":["Prije ",{"t":"idOrVar","v":"value"}," dana"],"one":"jučer","other":["Prije ",{"t":"idOrVar","v":"value"}," dana"],"two":["Prije ",{"t":"idOrVar","v":"value"}," dana"],"zero":"danas"},"$x":[{"t":"idOrVar","v":"plural"},"value"]},{"$i":"weeks-ago-long","$v":{"few":["Prije ",{"t":"idOrVar","v":"value"}," tjed(a)na"],"many":["Prije ",{"t":"idOrVar","v":"value"}," tjed(a)na"],"one":"prošli tjedan","other":["Prije ",{"t":"idOrVar","v":"value"}," tjed(a)na"],"two":["Prije ",{"t":"idOrVar","v":"value"}," tjed(a)na"],"zero":"ovaj tjedan"},"$x":[{"t":"idOrVar","v":"plural"},"value"]},{"$i":"months-ago-long","$v":{"few":["Prije ",{"t":"idOrVar","v":"value"}," mjeseci(a)"],"many":["Prije ",{"t":"idOrVar","v":"value"}," mjeseci(a)"],"one":"prošli mjesec","other":["Prije ",{"t":"idOrVar","v":"value"}," mjeseci(a)"],"two":["Prije ",{"t":"idOrVar","v":"value"}," mjeseci(a)"],"zero":"ovaj mjesec"},"$x":[{"t":"idOrVar","v":"plural"},"value"]},{"$i":"years-ago-long","$v":{"few":["Prije ",{"t":"idOrVar","v":"value"}," godina"],"many":["Prije ",{"t":"idOrVar","v":"value"}," godina"],"one":"prošle godine","other":["Prije ",{"t":"idOrVar","v":"value"}," godina"],"two":["Prije ",{"t":"idOrVar","v":"value"}," godina"],"zero":"ova godina"},"$x":[{"t":"idOrVar","v":"plural"},"value"]},{"$i":"minutes-until-long","$v":{"few":["za ",{"t":"idOrVar","v":"value"}," min"],"many":["za ",{"t":"idOrVar","v":"value"}," min"],"other":["za ",{"t":"idOrVar","v":"value"}," min"],"two":["za ",{"t":"idOrVar","v":"value"}," min"],"zero":"sada","one":"za 1 minutu"},"$x":[{"t":"idOrVar","v":"plural"},"value"]},{"$i":"hours-until-long","$v":{"few":["za ",{"t":"idOrVar","v":"value"}," h"],"many":["za ",{"t":"idOrVar","v":"value"}," h"],"other":["za ",{"t":"idOrVar","v":"value"}," h"],"two":["za ",{"t":"idOrVar","v":"value"}," h"],"zero":"sada","one":"za 1 sat"},"$x":[{"t":"idOrVar","v":"plural"},"value"]},{"$i":"days-until-long","$v":{"few":["za ",{"t":"idOrVar","v":"value"}," dana"],"many":["za ",{"t":"idOrVar","v":"value"}," dana"],"one":"sutra","other":["za ",{"t":"idOrVar","v":"value"}," dana"],"two":["za ",{"t":"idOrVar","v":"value"}," dana"],"zero":"danas"},"$x":[{"t":"idOrVar","v":"plural"},"value"]},{"$i":"weeks-until-long","$v":{"few":["za ",{"t":"idOrVar","v":"value"}," tjed(a)na"],"many":["za ",{"t":"idOrVar","v":"value"}," tjed(a)na"],"one":"sljedećeg tjedna","other":["za ",{"t":"idOrVar","v":"value"}," tjed(a)na"],"two":["za ",{"t":"idOrVar","v":"value"}," tjed(a)na"],"zero":"ovaj tjedan"},"$x":[{"t":"idOrVar","v":"plural"},"value"]},{"$i":"months-until-long","$v":{"few":["za ",{"t":"idOrVar","v":"value"}," mjeseci(a)"],"many":["za ",{"t":"idOrVar","v":"value"}," mjeseci(a)"],"one":"sljedećeg mjeseca","other":["za ",{"t":"idOrVar","v":"value"}," mjeseci(a)"],"two":["za ",{"t":"idOrVar","v":"value"}," mjeseci(a)"],"zero":"ovaj mjesec"},"$x":[{"t":"idOrVar","v":"plural"},"value"]},{"$i":"years-until-long","$v":{"few":["za ",{"t":"idOrVar","v":"value"}," godina"],"many":["za ",{"t":"idOrVar","v":"value"}," godina"],"one":"sljedeće godine","other":["za ",{"t":"idOrVar","v":"value"}," godina"],"two":["za ",{"t":"idOrVar","v":"value"}," godina"],"zero":"ova godina"},"$x":[{"t":"idOrVar","v":"plural"},"value"]},{"$i":"minutes-ago-short","$v":{"other":["Prije ",{"t":"idOrVar","v":"value"}," min"],"zero":"upravo sad"},"$x":[{"t":"idOrVar","v":"plural"},"value"]},{"$i":"hours-ago-short","$v":{"other":["Prije ",{"t":"idOrVar","v":"value"}," h"],"zero":"upravo sad"},"$x":[{"t":"idOrVar","v":"plural"},"value"]},{"$i":"days-ago-short","$v":{"other":["Prije ",{"t":"idOrVar","v":"value"}," dana"],"zero":"danas"},"$x":[{"t":"idOrVar","v":"plural"},"value"]},{"$i":"minutes-until-short","$v":{"other":["za ",{"t":"idOrVar","v":"value"}," min"],"zero":"sada"},"$x":[{"t":"idOrVar","v":"plural"},"value"]},{"$i":"hours-until-short","$v":{"other":["za ",{"t":"idOrVar","v":"value"}," h"],"zero":"sada"},"$x":[{"t":"idOrVar","v":"plural"},"value"]},{"$i":"days-until-short","$v":{"other":["za ",{"t":"idOrVar","v":"value"}," d."],"zero":"danas"},"$x":[{"t":"idOrVar","v":"plural"},"value"]},{"$i":"incorrectDate","$v":"(netočan datum)"},{"$i":"dateTimeFormat_%c","$v":"%a %b %e %Y %I:%M:%S %p"},{"$i":"dateTimeFormat_%x","$v":"%m/%d/%Y"},{"$i":"dateTimeFormat_%X","$v":"%I.%M:%S %p"},{"$i":"shortTimeFormat","$v":"%x %I:%M %p"},{"$i":"shortTimeFormat12","$v":"%x %I:%M %p"},{"$i":"shortTimeFormat24","$v":"%H:%M"},{"$i":"shortDateTimeFormat","$v":"%x %I:%M %p"},{"$i":"weekStartsOnMonday","$v":"0.0"},{"$i":"firstDayOfTheWeek","$v":"1.0"},{"$i":"time_am","$v":"AM"},{"$i":"time_pm","$v":"PM"},{"$i":"softkey-options","$v":"Opcije"},{"$i":"reset","$v":"Ponovno postavi"},{"$i":"start","$v":"Početak"},{"$i":"stop","$v":"Zaustavi"},{"$i":"cancel","$v":"Poništi"},{"$i":"hour","$v":"Sat"},{"$i":"hours","$v":"Sati"},{"$i":"minute","$v":"Minuta"},{"$i":"minutes","$v":"Minute"},{"$i":"second","$v":"Sekunda"},{"$i":"alarm","$v":"Alarm"},{"$i":"alarm-name","placeholder":"Alarm"},{"$i":"timer","$v":"Brojač"},{"$i":"stopwatch","$v":"Štoperica"},{"$i":"alarmName","$v":"Naziv alarma"},{"$i":"newAlarm","$v":"Novi alarm"},{"$i":"editAlarm","$v":"Uređivanje alarma"},{"$i":"kaiSettings","$v":"Postavke"},{"$i":"clock-settings","$v":"Postavke sata"},{"$i":"alarms-maximum","$v":"Dosegnuli ste najveći dopušteni broj alarma"},{"$i":"laps-maximum","$v":"Dosegnuli ste najveći dopušteni broj krugova"},{"$i":"changes-saved","$v":"Promjene su spremljene."},{"$i":"pause","$v":"Stanka"},{"$i":"resume","$v":"Nastavi"},{"$i":"lap","$v":"Krug"},{"$i":"lap-number","$v":["Krug ",{"t":"idOrVar","v":"n"}]},{"$i":"timer-hour","$v":"h"},{"$i":"timer-min","$v":"minuta"},{"$i":"timer-sec","$v":"sekunda"},{"$i":"delete","$v":"Izbriši"},{"$i":"time","$v":"Vrijeme"},{"$i":"snooze-label","$v":"Odgodi"},{"$i":"snooze-button","$v":"Odgodi"},{"$i":"repeat","$v":"Ponovi"},{"$i":"vibrate","$v":"Vibracija"},{"$i":"close","$v":"Zatvori"},{"$i":"save","$v":"Spremi"},{"$i":"done","$v":"Dovršeno"},{"$i":"kai-select-time","$v":"Odabir vremena"},{"$i":"closeButton","ariaLabel":"Zatvori"},{"$i":"newAlarmButton","ariaLabel":"Novi alarm"},{"$i":"alarm-volume-label","$v":"Glasnoća sist. alarma"},{"$i":"kai-volume","$v":"Volumen:"},{"$i":"volume-level-display","$v":[{"t":"idOrVar","v":"n"}," / ",{"t":"idOrVar","v":"c"}]},{"$i":"sound","$v":"Zvuk"},{"$i":"noSound","$v":"Nema zvuka"},{"$i":"kai-ringtones","$v":"Melodije zvona"},{"$i":"everyday","$v":"Svakog dana"},{"$i":"weekdays","$v":"Rad. danom"},{"$i":"weekends","$v":"Vikend."},{"$i":"never","$v":"Nikad"},{"$i":"vibrateOn","$v":"Uključeno"},{"$i":"vibrateOff","$v":"Isključeno"},{"$i":"kai-on","$v":"Uključeno"},{"$i":"kai-off","$v":"Isključeno"},{"$i":"plusMinute","$v":"+1 min"},{"$i":"dateFormat","$v":"%A, %B %e"},{"$i":"countdown-lessThanAnHour","$v":["Alarm je postavljen za  ",{"t":"idOrVar","v":"minutes"}," od sada."]},{"$i":"countdown-moreThanAnHour","$v":["Alarm je postavljen za ",{"t":"idOrVar","v":"hours"}," ",{"t":"idOrVar","v":"minutes"}," od sada."]},{"$i":"countdown-moreThanADay","$v":["Alarm je postavljen za ",{"t":"idOrVar","v":"days"}," ",{"t":"idOrVar","v":"hours"}," od sada."]},{"$i":"kai-alarm-off","$v":"Alarm je isključen."},{"$i":"kai-alarm-deleted","$v":"Alarm je izbrisan"},{"$i":"alarm-delete-all","$v":"Svi su alarmi izbrisani."},{"$i":"nMinutes","$v":{"few":["Minuta: ",{"t":"idOrVar","v":"n"}],"many":["Minuta: ",{"t":"idOrVar","v":"n"}],"one":"jedna minuta","other":["Minuta: ",{"t":"idOrVar","v":"n"}],"two":["Minuta: ",{"t":"idOrVar","v":"n"}],"zero":"manje od minute"},"$x":[{"t":"idOrVar","v":"plural"},"n"]},{"$i":"nHours","$v":{"few":[{"t":"idOrVar","v":"n"}," h"],"many":[{"t":"idOrVar","v":"n"}," h"],"one":[{"t":"idOrVar","v":"n"}," h"],"other":[{"t":"idOrVar","v":"n"}," h"],"two":[{"t":"idOrVar","v":"n"}," h"]},"$x":[{"t":"idOrVar","v":"plural"},"n"]},{"$i":"nAndRemainHours","$v":{"few":["i ovoliko sati: ",{"t":"idOrVar","v":"n"}],"many":["i ovoliko sati: ",{"t":"idOrVar","v":"n"}],"one":["i ",{"t":"idOrVar","v":"n"}," sat"],"other":["i ovoliko sati: ",{"t":"idOrVar","v":"n"}],"two":["i ovoliko sati: ",{"t":"idOrVar","v":"n"}]},"$x":[{"t":"idOrVar","v":"plural"},"n"]},{"$i":"nRemainDays","$v":{"few":[{"t":"idOrVar","v":"n"}," dana"],"many":[{"t":"idOrVar","v":"n"}," dana"],"one":[{"t":"idOrVar","v":"n"}," dan"],"other":[{"t":"idOrVar","v":"n"}," dana"],"two":[{"t":"idOrVar","v":"n"}," dana"]},"$x":[{"t":"idOrVar","v":"plural"},"n"]},{"$i":"nRemainMinutes","$v":{"few":["i ovoliko minuta: ",{"t":"idOrVar","v":"n"}],"many":["i ovoliko minuta: ",{"t":"idOrVar","v":"n"}],"one":["i ",{"t":"idOrVar","v":"n"}," minuta"],"other":["i ovoliko minuta: ",{"t":"idOrVar","v":"n"}],"two":["i ovoliko minuta: ",{"t":"idOrVar","v":"n"}]},"$x":[{"t":"idOrVar","v":"plural"},"n"]},{"$i":"nSpinnerSeconds","$v":{"few":[{"t":"idOrVar","v":"n"}," s"],"many":[{"t":"idOrVar","v":"n"}," s"],"one":"jedna sekunda","other":[{"t":"idOrVar","v":"n"}," s"],"two":[{"t":"idOrVar","v":"n"}," s"],"zero":"nula sekundi"},"$x":[{"t":"idOrVar","v":"plural"},"n"]},{"$i":"nSpinnerMinutes","$v":{"few":["Minuta: ",{"t":"idOrVar","v":"n"}],"many":["Minuta: ",{"t":"idOrVar","v":"n"}],"one":"jedna minuta","other":["Minuta: ",{"t":"idOrVar","v":"n"}],"two":["Minuta: ",{"t":"idOrVar","v":"n"}],"zero":"nula minuta"},"$x":[{"t":"idOrVar","v":"plural"},"n"]},{"$i":"nSpinnerHours","$v":{"few":[{"t":"idOrVar","v":"n"}," h"],"many":[{"t":"idOrVar","v":"n"}," h"],"one":[{"t":"idOrVar","v":"n"}," h"],"other":[{"t":"idOrVar","v":"n"}," h"],"two":[{"t":"idOrVar","v":"n"}," h"],"zero":"nula sati"},"$x":[{"t":"idOrVar","v":"plural"},"n"]},{"$i":"kai-stop","$v":"Zaustavi"},{"$i":"kai-snooze","$v":"Odgodi"},{"$i":"ac_africa_ogg","$v":"Afrika"},{"$i":"ac_amazon_ogg","$v":"Amazona"},{"$i":"ac_disco_ogg","$v":"Disko"},{"$i":"ac_fairy_tales_ogg","$v":"Bajke"},{"$i":"ac_fresh_ogg","$v":"Svježe"},{"$i":"ac_galaxy_ogg","$v":"Galaksija"},{"$i":"ac_kai_ogg","$v":"Kai"},{"$i":"ac_techno_ogg","$v":"Tehno"},{"$i":"ac_woody_ogg","$v":"Šumovito"},{"$i":"ac_awake_opus","$v":"Awake"},{"$i":"ac_crystalize_opus","$v":"Crystallise"},{"$i":"ac_cycle_opus","$v":"Cycle"},{"$i":"ac_digicloud_opus","$v":"Digicloud"},{"$i":"ac_humming_waves_opus","$v":"Humming Waves"},{"$i":"ac_into_the_void_opus","$v":"Into the Void"},{"$i":"ac_lightly_opus","$v":"Lightly"},{"$i":"ac_mobile_opus","$v":"Mobile"},{"$i":"ac_pinger_opus","$v":"Pinger"},{"$i":"ac_skip_opus","$v":"Skip"},{"$i":"ac_tri_opus","$v":"Tri"},{"$i":"ac_universal_opus","$v":"Universal"},{"$i":"kai-options","$v":"Opcije"},{"$i":"kai-clock-title","$v":"Sat"},{"$i":"alarm-title","$v":"Alarm"},{"$i":"no-alarms-body","$v":"Nijedan alarm nije postavljen. "},{"$i":"press-new","$v":"Pritisnite Novo za početak."},{"$i":"kai-new-alarm","$v":"Novi kontakt"},{"$i":"kai-settings","$v":"Postavke"},{"$i":"kai-cancel","$v":"Poništi"},{"$i":"kai-save","$v":"Spremi"},{"$i":"turnOn","$v":"Uključi"},{"$i":"turnOff","$v":"Isključi"},{"$i":"edit","$v":"Uredi"},{"$i":"select","$v":"Odaberi"},{"$i":"kai-delete","$v":"Izbriši"},{"$i":"delete-all","$v":"Izbriši sve"},{"$i":"kai-selected-alarm","$v":"Odabrani alarm"},{"$i":"set","$v":"Postavi"},{"$i":"kai-start","$v":"Početak"},{"$i":"kai-reset","$v":"Ponovno postavi"},{"$i":"kai-min-plus","$v":"+1 min"},{"$i":"kai-resume","$v":"Nastavi"},{"$i":"kai-lap","$v":"Krug"},{"$i":"play","$v":"Reproduciraj"},{"$i":"kai-no-repeat","$v":"Nema ponavljanja"},{"$i":"kai-confirm-title","$v":"Potvrda"},{"$i":"kai-confirm-delete-body","$v":"Izbrisati odabrani alarm?"},{"$i":"confirm-delete-all-body","$v":"Izbrisati sve alarme?"},{"$i":"kai-confirm-end-key-body","$v":{"$o":"Aplikacija će se zatvoriti uz gubitak podataka. <br><br> Želite li se vratiti na uređivanje?"}},{"$i":"kai-confirm-exit-button","$v":"Izađi"},{"$i":"kai-confirm-return-button","$v":"vrati"}]