[{"$i":"weekday-0-long","$v":"Կիրակի"},{"$i":"weekday-1-long","$v":"Երկուշաբթի"},{"$i":"weekday-2-long","$v":"Երեքշաբթի"},{"$i":"weekday-3-long","$v":"Չորեքշաբթի"},{"$i":"weekday-4-long","$v":"Հինգշաբթի"},{"$i":"weekday-5-long","$v":"Ուրբաթ"},{"$i":"weekday-6-long","$v":"Շաբաթ"},{"$i":"weekday-0-short","$v":"Կիր"},{"$i":"weekday-1-short","$v":"Երկ"},{"$i":"weekday-2-short","$v":"Երք"},{"$i":"weekday-3-short","$v":"Չրք"},{"$i":"weekday-4-short","$v":"Հնգ"},{"$i":"weekday-5-short","$v":"Ուրբ"},{"$i":"weekday-6-short","$v":"Շբթ"},{"$i":"month-0-long","$v":"Հունվար"},{"$i":"month-1-long","$v":"Փետրվար"},{"$i":"month-2-long","$v":"Մարտ"},{"$i":"month-3-long","$v":"Ապրիլ"},{"$i":"month-4-long","$v":"Մյս"},{"$i":"month-5-long","$v":"Հունիս"},{"$i":"month-6-long","$v":"Հուլիս"},{"$i":"month-7-long","$v":"Օգոստոս"},{"$i":"month-8-long","$v":"Սեպտեմբեր"},{"$i":"month-9-long","$v":"Հոկտեմբեր"},{"$i":"month-10-long","$v":"Նոյեմբեր"},{"$i":"month-11-long","$v":"Դեկտեմբեր"},{"$i":"month-0-genitive","$v":"Հունվար"},{"$i":"month-1-genitive","$v":"Փետրվար"},{"$i":"month-2-genitive","$v":"Մարտ"},{"$i":"month-3-genitive","$v":"Ապրիլ"},{"$i":"month-4-genitive","$v":"Մյս"},{"$i":"month-5-genitive","$v":"Հունիս"},{"$i":"month-6-genitive","$v":"Հուլիս"},{"$i":"month-7-genitive","$v":"Օգոստոս"},{"$i":"month-8-genitive","$v":"Սեպտեմբեր"},{"$i":"month-9-genitive","$v":"Հոկտեմբեր"},{"$i":"month-10-genitive","$v":"Նոյեմբեր"},{"$i":"month-11-genitive","$v":"Դեկտեմբեր"},{"$i":"month-0-short","$v":"Հունվ"},{"$i":"month-1-short","$v":"Փետ"},{"$i":"month-2-short","$v":"Մրտ"},{"$i":"month-3-short","$v":"Ապլ"},{"$i":"month-4-short","$v":"Մյս"},{"$i":"month-5-short","$v":"Հուն"},{"$i":"month-6-short","$v":"Հուլ"},{"$i":"month-7-short","$v":"Օգս"},{"$i":"month-8-short","$v":"Սպտ"},{"$i":"month-9-short","$v":"Հոկտ"},{"$i":"month-10-short","$v":"Նոյ"},{"$i":"month-11-short","$v":"Դեկ"},{"$i":"minutes-ago-long","$v":{"few":[{"t":"idOrVar","v":"value"}," րոպե առաջ"],"many":[{"t":"idOrVar","v":"value"}," րոպե առաջ"],"other":[{"t":"idOrVar","v":"value"}," րոպե առաջ"],"two":[{"t":"idOrVar","v":"value"}," րոպե առաջ"],"one":"րոպե առաջ","zero":"հենց նոր"},"$x":[{"t":"idOrVar","v":"plural"},"value"]},{"$i":"hours-ago-long","$v":{"few":[{"t":"idOrVar","v":"value"}," ժամ առաջ"],"many":[{"t":"idOrVar","v":"value"}," ժամ առաջ"],"other":[{"t":"idOrVar","v":"value"}," ժամ առաջ"],"two":[{"t":"idOrVar","v":"value"}," ժամ առաջ"],"one":"1 ժամ առաջ","zero":"հենց նոր"},"$x":[{"t":"idOrVar","v":"plural"},"value"]},{"$i":"days-ago-long","$v":{"few":[{"t":"idOrVar","v":"value"}," օր առաջ"],"many":[{"t":"idOrVar","v":"value"}," օր առաջ"],"one":"երեկ","other":[{"t":"idOrVar","v":"value"}," օր առաջ"],"two":[{"t":"idOrVar","v":"value"}," օր առաջ"],"zero":"այսօր"},"$x":[{"t":"idOrVar","v":"plural"},"value"]},{"$i":"weeks-ago-long","$v":{"few":[{"t":"idOrVar","v":"value"}," շաբաթ առաջ"],"many":[{"t":"idOrVar","v":"value"}," շաբաթ առաջ"],"one":"անցյալ շաբաթ","other":[{"t":"idOrVar","v":"value"}," շաբաթ առաջ"],"two":[{"t":"idOrVar","v":"value"}," շաբաթ առաջ"],"zero":"այս շաբաթ"},"$x":[{"t":"idOrVar","v":"plural"},"value"]},{"$i":"months-ago-long","$v":{"few":[{"t":"idOrVar","v":"value"}," ամիս առաջ"],"many":[{"t":"idOrVar","v":"value"}," ամիս առաջ"],"one":"անցած ամիս","other":[{"t":"idOrVar","v":"value"}," ամիս առաջ"],"two":[{"t":"idOrVar","v":"value"}," ամիս առաջ"],"zero":"այս ամիս"},"$x":[{"t":"idOrVar","v":"plural"},"value"]},{"$i":"years-ago-long","$v":{"few":[{"t":"idOrVar","v":"value"}," տարի առաջ"],"many":[{"t":"idOrVar","v":"value"}," տարի առաջ"],"one":"անցյալ տարի","other":[{"t":"idOrVar","v":"value"}," տարի առաջ"],"two":[{"t":"idOrVar","v":"value"}," տարի առաջ"],"zero":"այս տարի"},"$x":[{"t":"idOrVar","v":"plural"},"value"]},{"$i":"minutes-until-long","$v":{"few":[{"t":"idOrVar","v":"value"}," րոպեից"],"many":[{"t":"idOrVar","v":"value"}," րոպեից"],"other":[{"t":"idOrVar","v":"value"}," րոպեից"],"two":[{"t":"idOrVar","v":"value"}," րոպեից"],"zero":"հիմա","one":"1 րոպեի ընթացքում"},"$x":[{"t":"idOrVar","v":"plural"},"value"]},{"$i":"hours-until-long","$v":{"few":[{"t":"idOrVar","v":"value"}," ժամից"],"many":[{"t":"idOrVar","v":"value"}," ժամից"],"other":[{"t":"idOrVar","v":"value"}," ժամից"],"two":[{"t":"idOrVar","v":"value"}," ժամից"],"zero":"հիմա","one":"1 ժամում"},"$x":[{"t":"idOrVar","v":"plural"},"value"]},{"$i":"days-until-long","$v":{"few":[{"t":"idOrVar","v":"value"}," օրից"],"many":[{"t":"idOrVar","v":"value"}," օրից"],"one":"վաղը","other":[{"t":"idOrVar","v":"value"}," օրից"],"two":[{"t":"idOrVar","v":"value"}," օրից"],"zero":"այսօր"},"$x":[{"t":"idOrVar","v":"plural"},"value"]},{"$i":"weeks-until-long","$v":{"few":[{"t":"idOrVar","v":"value"}," շաբաթից"],"many":[{"t":"idOrVar","v":"value"}," շաբաթից"],"one":"հաջորդ շաբաթ","other":[{"t":"idOrVar","v":"value"}," շաբաթից"],"two":[{"t":"idOrVar","v":"value"}," շաբաթից"],"zero":"այս շաբաթ"},"$x":[{"t":"idOrVar","v":"plural"},"value"]},{"$i":"months-until-long","$v":{"few":[{"t":"idOrVar","v":"value"}," ամսից"],"many":[{"t":"idOrVar","v":"value"}," ամսից"],"one":"հաջորդ ամիս","other":[{"t":"idOrVar","v":"value"}," ամսից"],"two":[{"t":"idOrVar","v":"value"}," ամսից"],"zero":"այս ամիս"},"$x":[{"t":"idOrVar","v":"plural"},"value"]},{"$i":"years-until-long","$v":{"few":[{"t":"idOrVar","v":"value"}," տարուց"],"many":[{"t":"idOrVar","v":"value"}," տարուց"],"one":"հաջորդ տարի","other":[{"t":"idOrVar","v":"value"}," տարուց"],"two":[{"t":"idOrVar","v":"value"}," տարուց"],"zero":"այս տարի"},"$x":[{"t":"idOrVar","v":"plural"},"value"]},{"$i":"minutes-ago-short","$v":{"other":[{"t":"idOrVar","v":"value"}," ր առաջ"],"zero":"հենց նոր"},"$x":[{"t":"idOrVar","v":"plural"},"value"]},{"$i":"hours-ago-short","$v":{"other":[{"t":"idOrVar","v":"value"}," ժ առաջ"],"zero":"հենց նոր"},"$x":[{"t":"idOrVar","v":"plural"},"value"]},{"$i":"days-ago-short","$v":{"other":[{"t":"idOrVar","v":"value"}," օր առաջ"],"zero":"այսօր"},"$x":[{"t":"idOrVar","v":"plural"},"value"]},{"$i":"minutes-until-short","$v":{"other":[{"t":"idOrVar","v":"value"}," ր-ից"],"zero":"հիմա"},"$x":[{"t":"idOrVar","v":"plural"},"value"]},{"$i":"hours-until-short","$v":{"other":[{"t":"idOrVar","v":"value"}," ժ-ից"],"zero":"հիմա"},"$x":[{"t":"idOrVar","v":"plural"},"value"]},{"$i":"days-until-short","$v":{"other":[{"t":"idOrVar","v":"value"}," օրից"],"zero":"այսօր"},"$x":[{"t":"idOrVar","v":"plural"},"value"]},{"$i":"incorrectDate","$v":"(սխալ ամսաթիվ)"},{"$i":"dateTimeFormat_%c","$v":"%a %b %e %Y %I:%M:%S %p"},{"$i":"dateTimeFormat_%x","$v":"%m/%d/%Y"},{"$i":"dateTimeFormat_%X","$v":"%I:%M:%S %p"},{"$i":"shortTimeFormat","$v":"%I:%M %p"},{"$i":"shortTimeFormat12","$v":"%I:%M %p"},{"$i":"shortTimeFormat24","$v":"%H:%M"},{"$i":"shortDateTimeFormat","$v":"%x %I:%M %p"},{"$i":"weekStartsOnMonday","$v":"0.0"},{"$i":"firstDayOfTheWeek","$v":"1.0"},{"$i":"time_am","$v":"AM"},{"$i":"time_pm","$v":"PM"},{"$i":"softkey-options","$v":"Ընտրանքներ"},{"$i":"reset","$v":"Վերակայել"},{"$i":"start","$v":"Սկսել"},{"$i":"stop","$v":"Դադարեցնել"},{"$i":"cancel","$v":"Չեղարկել"},{"$i":"hour","$v":"Ժամ"},{"$i":"hours","$v":"Ժամեր"},{"$i":"minute","$v":"Րպ"},{"$i":"minutes","$v":"Րոպեներ"},{"$i":"second","$v":"Վայրկյան"},{"$i":"alarm","$v":"Ազդանշան"},{"$i":"alarm-name","placeholder":"Ազդանշան"},{"$i":"timer","$v":"Ժամաչափ"},{"$i":"stopwatch","$v":"Վայրկենաչափ"},{"$i":"alarmName","$v":"Ազդնշնի անուն"},{"$i":"newAlarm","$v":"Նոր զրթցչ"},{"$i":"editAlarm","$v":"Խմբգրլ ազդնշանը"},{"$i":"kaiSettings","$v":"Պարամետրեր"},{"$i":"clock-settings","$v":"Ժմացույցի պարամետրեր"},{"$i":"alarms-maximum","$v":"Դուք հասել եք ազդանշանների առավելագույն թվին"},{"$i":"laps-maximum","$v":"Դուք հասել եք ժամանակամիջոցների առավելագույն թվին"},{"$i":"changes-saved","$v":"Փոփոխությունները պահվեցին:"},{"$i":"pause","$v":"Դադարեցնել"},{"$i":"resume","$v":"Վերականգնել"},{"$i":"lap","$v":"Շրջան"},{"$i":"lap-number","$v":[{"t":"idOrVar","v":"n"}," շրջան"]},{"$i":"timer-hour","$v":"ժամ"},{"$i":"timer-min","$v":"րոպե"},{"$i":"timer-sec","$v":"վայրկյան"},{"$i":"delete","$v":"Ջնջել"},{"$i":"time","$v":"Ժմնկ"},{"$i":"snooze-label","$v":"Նիրհց"},{"$i":"snooze-button","$v":"Նիրհց"},{"$i":"repeat","$v":"Կրկնել"},{"$i":"vibrate","$v":"Թրթռալ"},{"$i":"close","$v":"Փակել"},{"$i":"save","$v":"Պահել"},{"$i":"done","$v":"Արված է"},{"$i":"kai-select-time","$v":"Ընտրել ժամ"},{"$i":"closeButton","ariaLabel":"Փակել"},{"$i":"newAlarmButton","ariaLabel":"Նոր զրթցչ"},{"$i":"alarm-volume-label","$v":"Հմկրգի ազդնշնի ձյն"},{"$i":"kai-volume","$v":"Ծավալը:"},{"$i":"volume-level-display","$v":[{"t":"idOrVar","v":"n"}," / ",{"t":"idOrVar","v":"c"}]},{"$i":"sound","$v":"Ձայնահոլովակ"},{"$i":"noSound","$v":"Ձայն չկա"},{"$i":"kai-ringtones","$v":"Զանգի հնչերանգներ"},{"$i":"everyday","$v":"Ամեն օր"},{"$i":"weekdays","$v":"Աշխտնքյն օրեր"},{"$i":"weekends","$v":"Հնգստյն օրեր"},{"$i":"never","$v":"Երբեք"},{"$i":"vibrateOn","$v":"Միացված է"},{"$i":"vibrateOff","$v":"Անջատված է"},{"$i":"kai-on","$v":"Միացված է"},{"$i":"kai-off","$v":"Անջատված է"},{"$i":"plusMinute","$v":"+1 րպե"},{"$i":"dateFormat","$v":"%A, %B %e"},{"$i":"countdown-lessThanAnHour","$v":["Ազդանշանը տեղակայված է այս պահից ",{"t":"idOrVar","v":"minutes"},"-ի համար:"]},{"$i":"countdown-moreThanAnHour","$v":["Ազդանշանը տեղակայված է այս պահից ",{"t":"idOrVar","v":"hours"}," ",{"t":"idOrVar","v":"minutes"},"-ի համար:"]},{"$i":"countdown-moreThanADay","$v":["Ազդանշանը տեղակայված է այս պահից ",{"t":"idOrVar","v":"days"}," ",{"t":"idOrVar","v":"hours"},"-ի համար:"]},{"$i":"kai-alarm-off","$v":"Զարթուցիչն անջատված է:"},{"$i":"kai-alarm-deleted","$v":"Զարթուցիչը ջնջվեց:"},{"$i":"alarm-delete-all","$v":"Բոլոր ահազանգերը ջնջվել են:"},{"$i":"nMinutes","$v":{"few":[{"t":"idOrVar","v":"n"}," րոպե"],"many":[{"t":"idOrVar","v":"n"}," րոպե"],"one":"մեկ րոպե","other":[{"t":"idOrVar","v":"n"}," րոպե"],"two":[{"t":"idOrVar","v":"n"}," րոպե"],"zero":"ավելի քիչ, քան մեկ րոպե"},"$x":[{"t":"idOrVar","v":"plural"},"n"]},{"$i":"nHours","$v":{"few":[{"t":"idOrVar","v":"n"}," ժամ"],"many":[{"t":"idOrVar","v":"n"}," ժամ"],"one":[{"t":"idOrVar","v":"n"}," ժամ"],"other":[{"t":"idOrVar","v":"n"}," ժամ"],"two":[{"t":"idOrVar","v":"n"}," ժամ"]},"$x":[{"t":"idOrVar","v":"plural"},"n"]},{"$i":"nAndRemainHours","$v":{"few":["և ",{"t":"idOrVar","v":"n"}," ժամ"],"many":["և ",{"t":"idOrVar","v":"n"}," ժամ"],"one":["և ",{"t":"idOrVar","v":"n"}," ժամ"],"other":["և ",{"t":"idOrVar","v":"n"}," ժամ"],"two":["և ",{"t":"idOrVar","v":"n"}," ժամ"]},"$x":[{"t":"idOrVar","v":"plural"},"n"]},{"$i":"nRemainDays","$v":{"few":[{"t":"idOrVar","v":"n"}," օր"],"many":[{"t":"idOrVar","v":"n"}," օր"],"one":[{"t":"idOrVar","v":"n"}," օր"],"other":[{"t":"idOrVar","v":"n"}," օր"],"two":[{"t":"idOrVar","v":"n"}," օր"]},"$x":[{"t":"idOrVar","v":"plural"},"n"]},{"$i":"nRemainMinutes","$v":{"few":["և ",{"t":"idOrVar","v":"n"}," րոպե"],"many":["և ",{"t":"idOrVar","v":"n"}," րոպե"],"one":["և ",{"t":"idOrVar","v":"n"}," րոպե"],"other":["և ",{"t":"idOrVar","v":"n"}," րոպե"],"two":["և ",{"t":"idOrVar","v":"n"}," րոպե"]},"$x":[{"t":"idOrVar","v":"plural"},"n"]},{"$i":"nSpinnerSeconds","$v":{"few":[{"t":"idOrVar","v":"n"}," վայրկյան"],"many":[{"t":"idOrVar","v":"n"}," վայրկյան"],"one":"մեկ վայրկյան","other":[{"t":"idOrVar","v":"n"}," վայրկյան"],"two":[{"t":"idOrVar","v":"n"}," վայրկյան"],"zero":"զրո վայրկյան"},"$x":[{"t":"idOrVar","v":"plural"},"n"]},{"$i":"nSpinnerMinutes","$v":{"few":[{"t":"idOrVar","v":"n"}," րոպե"],"many":[{"t":"idOrVar","v":"n"}," րոպե"],"one":"մեկ րոպե","other":[{"t":"idOrVar","v":"n"}," րոպե"],"two":[{"t":"idOrVar","v":"n"}," րոպե"],"zero":"զրո րոպե"},"$x":[{"t":"idOrVar","v":"plural"},"n"]},{"$i":"nSpinnerHours","$v":{"few":[{"t":"idOrVar","v":"n"}," ժամ"],"many":[{"t":"idOrVar","v":"n"}," ժամ"],"one":[{"t":"idOrVar","v":"n"}," ժամ"],"other":[{"t":"idOrVar","v":"n"}," ժամ"],"two":[{"t":"idOrVar","v":"n"}," ժամ"],"zero":"զրո ժամ"},"$x":[{"t":"idOrVar","v":"plural"},"n"]},{"$i":"kai-stop","$v":"Դադարեցնել"},{"$i":"kai-snooze","$v":"Նիրհց"},{"$i":"ac_africa_ogg","$v":"Աֆրիկա"},{"$i":"ac_amazon_ogg","$v":"Ամազոն"},{"$i":"ac_disco_ogg","$v":"Դիսկո"},{"$i":"ac_fairy_tales_ogg","$v":"Հեքիաթներ"},{"$i":"ac_fresh_ogg","$v":"Թարմ"},{"$i":"ac_galaxy_ogg","$v":"Գալակտիկա"},{"$i":"ac_kai_ogg","$v":"Kai"},{"$i":"ac_techno_ogg","$v":"Տեխնո"},{"$i":"ac_woody_ogg","$v":"Փայտյա"},{"$i":"ac_awake_opus","$v":"Awake"},{"$i":"ac_crystalize_opus","$v":"Crystallise"},{"$i":"ac_cycle_opus","$v":"Cycle"},{"$i":"ac_digicloud_opus","$v":"Digicloud"},{"$i":"ac_humming_waves_opus","$v":"Humming Waves"},{"$i":"ac_into_the_void_opus","$v":"Into the Void"},{"$i":"ac_lightly_opus","$v":"Lightly"},{"$i":"ac_mobile_opus","$v":"Mobile"},{"$i":"ac_pinger_opus","$v":"Pinger"},{"$i":"ac_skip_opus","$v":"Skip"},{"$i":"ac_tri_opus","$v":"Tri"},{"$i":"ac_universal_opus","$v":"Universal"},{"$i":"kai-options","$v":"Ընտրանքներ"},{"$i":"kai-clock-title","$v":"Ժամացույց"},{"$i":"alarm-title","$v":"Ազդանշան"},{"$i":"no-alarms-body","$v":"Ազդնշննր չեն տեղակայվել: "},{"$i":"press-new","$v":"Սկսելու համար սեղմեք Նոր:"},{"$i":"kai-new-alarm","$v":"Նոր կոնտակտ"},{"$i":"kai-settings","$v":"Պարամետրեր"},{"$i":"kai-cancel","$v":"Չեղարկել"},{"$i":"kai-save","$v":"Պահել"},{"$i":"turnOn","$v":"Միացնել"},{"$i":"turnOff","$v":"Անջատել"},{"$i":"edit","$v":"Խմբգրլ"},{"$i":"select","$v":"Ընտրել"},{"$i":"kai-delete","$v":"Ջնջել"},{"$i":"delete-all","$v":"Ջնջել բոլորը"},{"$i":"kai-selected-alarm","$v":"Ընտրված ահազանգ"},{"$i":"set","$v":"Տղկյլ"},{"$i":"kai-start","$v":"Սկսել"},{"$i":"kai-reset","$v":"Վերակայել"},{"$i":"kai-min-plus","$v":"+1 րպե"},{"$i":"kai-resume","$v":"Վերականգնել"},{"$i":"kai-lap","$v":"Շրջան"},{"$i":"play","$v":"Նվագարկել"},{"$i":"kai-no-repeat","$v":"Ոչ մի կրկնում"},{"$i":"kai-confirm-title","$v":"Հաստատում"},{"$i":"kai-confirm-delete-body","$v":"Deleteնջե՞լ ընտրված տագնապը:"},{"$i":"confirm-delete-all-body","$v":"Ջնջել բոլոր ահազանգերը:"},{"$i":"kai-confirm-end-key-body","$v":{"$o":"Հավելվածը կփակվի տվայլների կորստով: <br><br> Ուզո՞ւմ եք վերադառնալ փոփոխմանը:"}},{"$i":"kai-confirm-exit-button","$v":"Դուրս գալ"},{"$i":"kai-confirm-return-button","$v":"վերադառնալ"}]