[{"$i":"weekday-0-long","$v":"Жексенбі"},{"$i":"weekday-1-long","$v":"Дүйсенбі"},{"$i":"weekday-2-long","$v":"Сейсенбі"},{"$i":"weekday-3-long","$v":"Сәрсенбі"},{"$i":"weekday-4-long","$v":"Бейсенбі"},{"$i":"weekday-5-long","$v":"Жұма"},{"$i":"weekday-6-long","$v":"Сенбі"},{"$i":"weekday-0-short","$v":"Жс"},{"$i":"weekday-1-short","$v":"Дс"},{"$i":"weekday-2-short","$v":"Сс"},{"$i":"weekday-3-short","$v":"Ср"},{"$i":"weekday-4-short","$v":"Бс"},{"$i":"weekday-5-short","$v":"Жм"},{"$i":"weekday-6-short","$v":"Сб"},{"$i":"month-0-long","$v":"Қаңтар"},{"$i":"month-1-long","$v":"Ақпан"},{"$i":"month-2-long","$v":"Наурыз"},{"$i":"month-3-long","$v":"Сәуір"},{"$i":"month-4-long","$v":"Мамыр"},{"$i":"month-5-long","$v":"Маусым"},{"$i":"month-6-long","$v":"Шілде"},{"$i":"month-7-long","$v":"Тамыз"},{"$i":"month-8-long","$v":"Қыркүйек"},{"$i":"month-9-long","$v":"Қазан"},{"$i":"month-10-long","$v":"Қараша"},{"$i":"month-11-long","$v":"Желтоқсан"},{"$i":"month-0-genitive","$v":"Қаңтар"},{"$i":"month-1-genitive","$v":"Ақпан"},{"$i":"month-2-genitive","$v":"Наурыз"},{"$i":"month-3-genitive","$v":"Сәуір"},{"$i":"month-4-genitive","$v":"Мам"},{"$i":"month-5-genitive","$v":"Маусым"},{"$i":"month-6-genitive","$v":"Шілде"},{"$i":"month-7-genitive","$v":"Тамыз"},{"$i":"month-8-genitive","$v":"Қыркүйек"},{"$i":"month-9-genitive","$v":"Қазан"},{"$i":"month-10-genitive","$v":"Қараша"},{"$i":"month-11-genitive","$v":"Желтоқсан"},{"$i":"month-0-short","$v":"Қаң"},{"$i":"month-1-short","$v":"Ақп"},{"$i":"month-2-short","$v":"Нау"},{"$i":"month-3-short","$v":"Сәу"},{"$i":"month-4-short","$v":"Мам"},{"$i":"month-5-short","$v":"Мау"},{"$i":"month-6-short","$v":"Шілде"},{"$i":"month-7-short","$v":"Там"},{"$i":"month-8-short","$v":"Қыр"},{"$i":"month-9-short","$v":"Қаз"},{"$i":"month-10-short","$v":"Қар"},{"$i":"month-11-short","$v":"Жел"},{"$i":"minutes-ago-long","$v":{"few":[{"t":"idOrVar","v":"value"}," минут бұрын"],"many":[{"t":"idOrVar","v":"value"}," минут бұрын"],"other":[{"t":"idOrVar","v":"value"}," минут бұрын"],"two":[{"t":"idOrVar","v":"value"}," минут бұрын"],"one":"бір минут бұрын","zero":"қазір ғана"},"$x":[{"t":"idOrVar","v":"plural"},"value"]},{"$i":"hours-ago-long","$v":{"few":[{"t":"idOrVar","v":"value"}," сағат бұрын"],"many":[{"t":"idOrVar","v":"value"}," сағат бұрын"],"other":[{"t":"idOrVar","v":"value"}," сағат бұрын"],"two":[{"t":"idOrVar","v":"value"}," сағат бұрын"],"one":"1 сағат бұрын","zero":"қазір ғана"},"$x":[{"t":"idOrVar","v":"plural"},"value"]},{"$i":"days-ago-long","$v":{"few":[{"t":"idOrVar","v":"value"}," күн бұрын"],"many":[{"t":"idOrVar","v":"value"}," күн бұрын"],"one":"кеше","other":[{"t":"idOrVar","v":"value"}," күн бұрын"],"two":[{"t":"idOrVar","v":"value"}," күн бұрын"],"zero":"бүгін"},"$x":[{"t":"idOrVar","v":"plural"},"value"]},{"$i":"weeks-ago-long","$v":{"few":[{"t":"idOrVar","v":"value"}," апта бұрын"],"many":[{"t":"idOrVar","v":"value"}," апта бұрын"],"one":"өткен апта","other":[{"t":"idOrVar","v":"value"}," апта бұрын"],"two":[{"t":"idOrVar","v":"value"}," апта бұрын"],"zero":"осы апта"},"$x":[{"t":"idOrVar","v":"plural"},"value"]},{"$i":"months-ago-long","$v":{"few":[{"t":"idOrVar","v":"value"}," ай бұрын"],"many":[{"t":"idOrVar","v":"value"}," ай бұрын"],"one":"өткен ай","other":[{"t":"idOrVar","v":"value"}," ай бұрын"],"two":[{"t":"idOrVar","v":"value"}," ай бұрын"],"zero":"осы ай"},"$x":[{"t":"idOrVar","v":"plural"},"value"]},{"$i":"years-ago-long","$v":{"few":[{"t":"idOrVar","v":"value"}," жыл бұрын"],"many":[{"t":"idOrVar","v":"value"}," жыл бұрын"],"one":"өткен жыл","other":[{"t":"idOrVar","v":"value"}," жыл бұрын"],"two":[{"t":"idOrVar","v":"value"}," жыл бұрын"],"zero":"осы жыл"},"$x":[{"t":"idOrVar","v":"plural"},"value"]},{"$i":"minutes-until-long","$v":{"few":[{"t":"idOrVar","v":"value"}," минутта"],"many":[{"t":"idOrVar","v":"value"}," минутта"],"other":[{"t":"idOrVar","v":"value"}," минутта"],"two":[{"t":"idOrVar","v":"value"}," минутта"],"zero":"қазір","one":"1 минут ішінде"},"$x":[{"t":"idOrVar","v":"plural"},"value"]},{"$i":"hours-until-long","$v":{"few":[{"t":"idOrVar","v":"value"}," сағатта"],"many":[{"t":"idOrVar","v":"value"}," сағатта"],"other":[{"t":"idOrVar","v":"value"}," сағатта"],"two":[{"t":"idOrVar","v":"value"}," сағатта"],"zero":"қазір","one":"1 сағатта"},"$x":[{"t":"idOrVar","v":"plural"},"value"]},{"$i":"days-until-long","$v":{"few":[{"t":"idOrVar","v":"value"}," күнде"],"many":[{"t":"idOrVar","v":"value"}," күнде"],"one":"ертең","other":[{"t":"idOrVar","v":"value"}," күнде"],"two":[{"t":"idOrVar","v":"value"}," күнде"],"zero":"бүгін"},"$x":[{"t":"idOrVar","v":"plural"},"value"]},{"$i":"weeks-until-long","$v":{"few":[{"t":"idOrVar","v":"value"}," аптада"],"many":[{"t":"idOrVar","v":"value"}," аптада"],"one":"келесі апта","other":[{"t":"idOrVar","v":"value"}," аптада"],"two":[{"t":"idOrVar","v":"value"}," аптада"],"zero":"осы апта"},"$x":[{"t":"idOrVar","v":"plural"},"value"]},{"$i":"months-until-long","$v":{"few":[{"t":"idOrVar","v":"value"}," айда"],"many":[{"t":"idOrVar","v":"value"}," айда"],"one":"келесі ай","other":[{"t":"idOrVar","v":"value"}," айда"],"two":[{"t":"idOrVar","v":"value"}," айда"],"zero":"осы ай"},"$x":[{"t":"idOrVar","v":"plural"},"value"]},{"$i":"years-until-long","$v":{"few":[{"t":"idOrVar","v":"value"}," жылда"],"many":[{"t":"idOrVar","v":"value"}," жылда"],"one":"келесі жыл","other":[{"t":"idOrVar","v":"value"}," жылда"],"two":[{"t":"idOrVar","v":"value"}," жылда"],"zero":"осы жыл"},"$x":[{"t":"idOrVar","v":"plural"},"value"]},{"$i":"minutes-ago-short","$v":{"other":[{"t":"idOrVar","v":"value"}," минут бұрын"],"zero":"қазір ғана"},"$x":[{"t":"idOrVar","v":"plural"},"value"]},{"$i":"hours-ago-short","$v":{"other":[{"t":"idOrVar","v":"value"}," сағат бұрын"],"zero":"қазір ғана"},"$x":[{"t":"idOrVar","v":"plural"},"value"]},{"$i":"days-ago-short","$v":{"other":[{"t":"idOrVar","v":"value"}," күн бұрын"],"zero":"бүгін"},"$x":[{"t":"idOrVar","v":"plural"},"value"]},{"$i":"minutes-until-short","$v":{"other":[{"t":"idOrVar","v":"value"}," минутта"],"zero":"қазір"},"$x":[{"t":"idOrVar","v":"plural"},"value"]},{"$i":"hours-until-short","$v":{"other":[{"t":"idOrVar","v":"value"}," сағатта"],"zero":"қазір"},"$x":[{"t":"idOrVar","v":"plural"},"value"]},{"$i":"days-until-short","$v":{"other":[{"t":"idOrVar","v":"value"}," күнде"],"zero":"бүгін"},"$x":[{"t":"idOrVar","v":"plural"},"value"]},{"$i":"incorrectDate","$v":"(дұрыс емес күн)"},{"$i":"dateTimeFormat_%c","$v":"%a %b %e %Y %I:%M:%S %p"},{"$i":"dateTimeFormat_%x","$v":"%m/%d/%Y"},{"$i":"dateTimeFormat_%X","$v":"%I:%M:%S %p"},{"$i":"shortTimeFormat","$v":"%I:%M %p"},{"$i":"shortTimeFormat12","$v":"%I:%M %p"},{"$i":"shortTimeFormat24","$v":"%H:%M"},{"$i":"shortDateTimeFormat","$v":"%x %I:%M %p"},{"$i":"weekStartsOnMonday","$v":"0.0"},{"$i":"firstDayOfTheWeek","$v":"1.0"},{"$i":"time_am","$v":"ТД"},{"$i":"time_pm","$v":"түстен кейін"},{"$i":"softkey-options","$v":"Опциялар"},{"$i":"reset","$v":"Қайта орнату"},{"$i":"start","$v":"Бастау"},{"$i":"stop","$v":"Тоқтату"},{"$i":"cancel","$v":"Бас тарту"},{"$i":"hour","$v":"Сағ"},{"$i":"hours","$v":"Сағат"},{"$i":"minute","$v":"Мин"},{"$i":"minutes","$v":"Минут"},{"$i":"second","$v":"Секунд"},{"$i":"alarm","$v":"Дабыл"},{"$i":"alarm-name","placeholder":"Дабыл"},{"$i":"timer","$v":"Таймер"},{"$i":"stopwatch","$v":"Секундомер"},{"$i":"alarmName","$v":"Дабыл аты"},{"$i":"newAlarm","$v":"Жаңа дабыл"},{"$i":"editAlarm","$v":"Дабылды өзгерту"},{"$i":"kaiSettings","$v":"Параметрлер"},{"$i":"clock-settings","$v":"Сағат параметрлері"},{"$i":"alarms-maximum","$v":"Дабылдардың максималды санына жеттіңіз"},{"$i":"laps-maximum","$v":"Айналымдардың максималды санына жеттіңіз"},{"$i":"changes-saved","$v":"Өзгерістер сақталды."},{"$i":"pause","$v":"Кідірту"},{"$i":"resume","$v":"Жалғастыру"},{"$i":"lap","$v":"Айналым"},{"$i":"lap-number","$v":["Айналым ",{"t":"idOrVar","v":"n"}]},{"$i":"timer-hour","$v":"сағат"},{"$i":"timer-min","$v":"минут"},{"$i":"timer-sec","$v":"секунд"},{"$i":"delete","$v":"Жою"},{"$i":"time","$v":"Уақыт"},{"$i":"snooze-label","$v":"Кейінге қалдыру"},{"$i":"snooze-button","$v":"Кейінге қалдыру"},{"$i":"repeat","$v":"Қайталау"},{"$i":"vibrate","$v":"Дірілдеу"},{"$i":"close","$v":"Жабу"},{"$i":"save","$v":"Сақтау"},{"$i":"done","$v":"Болды"},{"$i":"kai-select-time","$v":"Уақытты таңдау"},{"$i":"closeButton","ariaLabel":"Жабу"},{"$i":"newAlarmButton","ariaLabel":"Жаңа дабыл"},{"$i":"alarm-volume-label","$v":"Жүйе дабыл. дыбыс деңг."},{"$i":"kai-volume","$v":"Көлемі:"},{"$i":"volume-level-display","$v":[{"t":"idOrVar","v":"n"}," / ",{"t":"idOrVar","v":"c"}]},{"$i":"sound","$v":"Дыбыс"},{"$i":"noSound","$v":"Дыбыс жоқ"},{"$i":"kai-ringtones","$v":"Қоңырау үндері"},{"$i":"everyday","$v":"Күн сайын"},{"$i":"weekdays","$v":"Жұмыс"},{"$i":"weekends","$v":"Демалыс"},{"$i":"never","$v":"Ешқашан"},{"$i":"vibrateOn","$v":"Қосулы"},{"$i":"vibrateOff","$v":"Өшірулі"},{"$i":"kai-on","$v":"Қосулы"},{"$i":"kai-off","$v":"Өшірулі"},{"$i":"plusMinute","$v":"+1 мин"},{"$i":"dateFormat","$v":"%A, %B %e"},{"$i":"countdown-lessThanAnHour","$v":["Дабыл осы кезден бастап ",{"t":"idOrVar","v":"minutes"}," етіп орнатылды."]},{"$i":"countdown-moreThanAnHour","$v":["Дабыл осы кезден бастап ",{"t":"idOrVar","v":"hours"}," ",{"t":"idOrVar","v":"minutes"}," етіп орнатылды."]},{"$i":"countdown-moreThanADay","$v":["Дабыл осы кезден бастап ",{"t":"idOrVar","v":"days"}," ",{"t":"idOrVar","v":"hours"}," етіп орнатылды."]},{"$i":"kai-alarm-off","$v":"Дабыл өшірілді."},{"$i":"kai-alarm-deleted","$v":"Дабыл жойылды."},{"$i":"alarm-delete-all","$v":"Барлық дабылдар жойылды."},{"$i":"nMinutes","$v":{"few":[{"t":"idOrVar","v":"n"}," минут"],"many":[{"t":"idOrVar","v":"n"}," минут"],"one":"бір минут","other":[{"t":"idOrVar","v":"n"}," минут"],"two":[{"t":"idOrVar","v":"n"}," минут"],"zero":"бір минуттан аз"},"$x":[{"t":"idOrVar","v":"plural"},"n"]},{"$i":"nHours","$v":{"few":[{"t":"idOrVar","v":"n"}," сағат"],"many":[{"t":"idOrVar","v":"n"}," сағат"],"one":[{"t":"idOrVar","v":"n"}," сағат"],"other":[{"t":"idOrVar","v":"n"}," сағат"],"two":[{"t":"idOrVar","v":"n"}," сағат"]},"$x":[{"t":"idOrVar","v":"plural"},"n"]},{"$i":"nAndRemainHours","$v":{"few":["және ",{"t":"idOrVar","v":"n"}," сағат"],"many":["және ",{"t":"idOrVar","v":"n"}," сағат"],"one":["және ",{"t":"idOrVar","v":"n"}," сағат"],"other":["және ",{"t":"idOrVar","v":"n"}," сағат"],"two":["және ",{"t":"idOrVar","v":"n"}," сағат"]},"$x":[{"t":"idOrVar","v":"plural"},"n"]},{"$i":"nRemainDays","$v":{"few":[{"t":"idOrVar","v":"n"}," күн"],"many":[{"t":"idOrVar","v":"n"}," күн"],"one":[{"t":"idOrVar","v":"n"}," күн"],"other":[{"t":"idOrVar","v":"n"}," күн"],"two":[{"t":"idOrVar","v":"n"}," күн"]},"$x":[{"t":"idOrVar","v":"plural"},"n"]},{"$i":"nRemainMinutes","$v":{"few":["және ",{"t":"idOrVar","v":"n"}," минут"],"many":["және ",{"t":"idOrVar","v":"n"}," минут"],"one":["және ",{"t":"idOrVar","v":"n"}," минут"],"other":["және ",{"t":"idOrVar","v":"n"}," минут"],"two":["және ",{"t":"idOrVar","v":"n"}," минут"]},"$x":[{"t":"idOrVar","v":"plural"},"n"]},{"$i":"nSpinnerSeconds","$v":{"few":[{"t":"idOrVar","v":"n"}," секунд"],"many":[{"t":"idOrVar","v":"n"}," секунд"],"one":"бір секунд","other":[{"t":"idOrVar","v":"n"}," секунд"],"two":[{"t":"idOrVar","v":"n"}," секунд"],"zero":"нөл секунд"},"$x":[{"t":"idOrVar","v":"plural"},"n"]},{"$i":"nSpinnerMinutes","$v":{"few":[{"t":"idOrVar","v":"n"}," минут"],"many":[{"t":"idOrVar","v":"n"}," минут"],"one":"бір минут","other":[{"t":"idOrVar","v":"n"}," минут"],"two":[{"t":"idOrVar","v":"n"}," минут"],"zero":"нөл минут"},"$x":[{"t":"idOrVar","v":"plural"},"n"]},{"$i":"nSpinnerHours","$v":{"few":[{"t":"idOrVar","v":"n"}," сағат"],"many":[{"t":"idOrVar","v":"n"}," сағат"],"one":[{"t":"idOrVar","v":"n"}," сағат"],"other":[{"t":"idOrVar","v":"n"}," сағат"],"two":[{"t":"idOrVar","v":"n"}," сағат"],"zero":"нөл сағат"},"$x":[{"t":"idOrVar","v":"plural"},"n"]},{"$i":"kai-stop","$v":"Тоқтату"},{"$i":"kai-snooze","$v":"Кейінге қалдыру"},{"$i":"ac_africa_ogg","$v":"Африка"},{"$i":"ac_amazon_ogg","$v":"Амазон"},{"$i":"ac_disco_ogg","$v":"Диско"},{"$i":"ac_fairy_tales_ogg","$v":"Ертегілер"},{"$i":"ac_fresh_ogg","$v":"Жаңа"},{"$i":"ac_galaxy_ogg","$v":"Галактика"},{"$i":"ac_kai_ogg","$v":"Kai"},{"$i":"ac_techno_ogg","$v":"Техно"},{"$i":"ac_woody_ogg","$v":"Ағаш"},{"$i":"ac_awake_opus","$v":"Awake"},{"$i":"ac_crystalize_opus","$v":"Crystallise"},{"$i":"ac_cycle_opus","$v":"Cycle"},{"$i":"ac_digicloud_opus","$v":"Digicloud"},{"$i":"ac_humming_waves_opus","$v":"Humming Waves"},{"$i":"ac_into_the_void_opus","$v":"Into the Void"},{"$i":"ac_lightly_opus","$v":"Lightly"},{"$i":"ac_mobile_opus","$v":"Mobile"},{"$i":"ac_pinger_opus","$v":"Pinger"},{"$i":"ac_skip_opus","$v":"Skip"},{"$i":"ac_tri_opus","$v":"Tri"},{"$i":"ac_universal_opus","$v":"Universal"},{"$i":"kai-options","$v":"Опциялар"},{"$i":"kai-clock-title","$v":"Сағат"},{"$i":"alarm-title","$v":"Дабыл"},{"$i":"no-alarms-body","$v":"Дабылдар орнатылмады. "},{"$i":"press-new","$v":"Бастау үшін Жаңа түймесін басыңыз."},{"$i":"kai-new-alarm","$v":"Жаңа контакт"},{"$i":"kai-settings","$v":"Параметрлер"},{"$i":"kai-cancel","$v":"Бас тарту"},{"$i":"kai-save","$v":"Сақтау"},{"$i":"turnOn","$v":"Қосу"},{"$i":"turnOff","$v":"Өшіру"},{"$i":"edit","$v":"Өзгерту"},{"$i":"select","$v":"Таңдау"},{"$i":"kai-delete","$v":"Жою"},{"$i":"delete-all","$v":"Барлығын жою"},{"$i":"kai-selected-alarm","$v":"Таңдалған дабыл"},{"$i":"set","$v":"Орнату"},{"$i":"kai-start","$v":"Бастау"},{"$i":"kai-reset","$v":"Қайта орнату"},{"$i":"kai-min-plus","$v":"+1 мин"},{"$i":"kai-resume","$v":"Жалғастыру"},{"$i":"kai-lap","$v":"Айналым"},{"$i":"play","$v":"Ойнату"},{"$i":"kai-no-repeat","$v":"Қайталанбайды"},{"$i":"kai-confirm-title","$v":"Растау"},{"$i":"kai-confirm-delete-body","$v":"Таңдалған дабылды жою керек пе?"},{"$i":"confirm-delete-all-body","$v":"Барлық дабылдарды жою керек пе?"},{"$i":"kai-confirm-end-key-body","$v":{"$o":"Қолданба жабылып, деректер жоғалады. <br><br> Өңдеуге оралу керек пе?"}},{"$i":"kai-confirm-exit-button","$v":"Шығу"},{"$i":"kai-confirm-return-button","$v":"қайтару"}]