[{"$i":"weekday-0-long","$v":"ວັນອາທິດ"},{"$i":"weekday-1-long","$v":"ວັນ​ຈັນ"},{"$i":"weekday-2-long","$v":"ວັນຄານ"},{"$i":"weekday-3-long","$v":"ວັນ​ພຸດ"},{"$i":"weekday-4-long","$v":"ວັນພະຫັດ"},{"$i":"weekday-5-long","$v":"ວັນ​ສຸກ"},{"$i":"weekday-6-long","$v":"ວັນ​ເສົາ"},{"$i":"weekday-0-short","$v":"ອາທິດ"},{"$i":"weekday-1-short","$v":"ຈັນ"},{"$i":"weekday-2-short","$v":"ຄານ"},{"$i":"weekday-3-short","$v":"ພຸດ"},{"$i":"weekday-4-short","$v":"ພະຫັດ"},{"$i":"weekday-5-short","$v":"ສຸກ"},{"$i":"weekday-6-short","$v":"ເສົາ"},{"$i":"month-0-long","$v":"ມັງ​ກອນ"},{"$i":"month-1-long","$v":"ມ​ພາ"},{"$i":"month-2-long","$v":"ມີ​ນາ"},{"$i":"month-3-long","$v":"ເມ​ສາ"},{"$i":"month-4-long","$v":"ພຶດ​ສະ​ພາ"},{"$i":"month-5-long","$v":"ມິ​ຖຸ​ນາ"},{"$i":"month-6-long","$v":"ກໍ​ລະ​ກົດ"},{"$i":"month-7-long","$v":"ສິງຫາ"},{"$i":"month-8-long","$v":"ກັນ​ຍາ"},{"$i":"month-9-long","$v":"ຕຸ​ລາ"},{"$i":"month-10-long","$v":"ພະ​ຈິກ"},{"$i":"month-11-long","$v":"ທັນ​ວາ"},{"$i":"month-0-genitive","$v":"ມັງ​ກອນ"},{"$i":"month-1-genitive","$v":"ມ​ພາ"},{"$i":"month-2-genitive","$v":"ມີ​ນາ"},{"$i":"month-3-genitive","$v":"ເມ​ສາ"},{"$i":"month-4-genitive","$v":"ພຶດ​ສະ​ພາ"},{"$i":"month-5-genitive","$v":"ມິ​ຖຸ​ນາ"},{"$i":"month-6-genitive","$v":"ກໍ​ລະ​ກົດ"},{"$i":"month-7-genitive","$v":"ສິງຫາ"},{"$i":"month-8-genitive","$v":"ກັນ​ຍາ"},{"$i":"month-9-genitive","$v":"ຕຸ​ລາ"},{"$i":"month-10-genitive","$v":"ພະ​ຈິກ"},{"$i":"month-11-genitive","$v":"ທັນ​ວາ"},{"$i":"month-0-short","$v":"ມັງ​ກອນ"},{"$i":"month-1-short","$v":"ກຸມພາ"},{"$i":"month-2-short","$v":"ມີ​ນາ"},{"$i":"month-3-short","$v":"ເມ​ສາ"},{"$i":"month-4-short","$v":"ພຶດ​ສະ​ພາ"},{"$i":"month-5-short","$v":"ມິ​ຖຸ​ນາ"},{"$i":"month-6-short","$v":"ກໍ​​ລະ​​ກົດ"},{"$i":"month-7-short","$v":"ສິງຫາ"},{"$i":"month-8-short","$v":"ກັນຍາ"},{"$i":"month-9-short","$v":"ຕຸ​ລາ"},{"$i":"month-10-short","$v":"ພະ​ຈິກ"},{"$i":"month-11-short","$v":"ທັນ​ວາ"},{"$i":"minutes-ago-long","$v":{"few":[{"t":"idOrVar","v":"value"}," ນາທີກ່ອນ"],"many":[{"t":"idOrVar","v":"value"}," ນາທີກ່ອນ"],"other":[{"t":"idOrVar","v":"value"}," ນາທີກ່ອນ"],"two":[{"t":"idOrVar","v":"value"}," ນາທີກ່ອນ"],"one":"ໜຶ່ງນາທີຜ່ານມາ","zero":"ຕອນນີ້"},"$x":[{"t":"idOrVar","v":"plural"},"value"]},{"$i":"hours-ago-long","$v":{"few":[{"t":"idOrVar","v":"value"}," ຊົ່ວໂມງກ່ອນ"],"many":[{"t":"idOrVar","v":"value"}," ຊົ່ວໂມງກ່ອນ"],"other":[{"t":"idOrVar","v":"value"}," ຊົ່ວໂມງກ່ອນ"],"two":[{"t":"idOrVar","v":"value"}," ຊົ່ວໂມງກ່ອນ"],"one":"1 ຊົ່ວໂມງກ່ອນຫນ້ານີ້","zero":"ຕອນນີ້"},"$x":[{"t":"idOrVar","v":"plural"},"value"]},{"$i":"days-ago-long","$v":{"few":[{"t":"idOrVar","v":"value"}," ມື້ກ່ອນ"],"many":[{"t":"idOrVar","v":"value"}," ມື້ກ່ອນ"],"one":"ມື້ວານ","other":[{"t":"idOrVar","v":"value"}," ມື້ກ່ອນ"],"two":[{"t":"idOrVar","v":"value"}," ມື້ກ່ອນ"],"zero":"ມື້ນີ້"},"$x":[{"t":"idOrVar","v":"plural"},"value"]},{"$i":"weeks-ago-long","$v":{"few":[{"t":"idOrVar","v":"value"}," ເດືອນກ່ອນໜ້າ"],"many":[{"t":"idOrVar","v":"value"}," ເດືອນກ່ອນໜ້າ"],"one":"ອາທິດຜ່ານມາ","other":[{"t":"idOrVar","v":"value"}," ເດືອນກ່ອນໜ້າ"],"two":[{"t":"idOrVar","v":"value"}," ເດືອນກ່ອນໜ້າ"],"zero":"ທິດນີ້"},"$x":[{"t":"idOrVar","v":"plural"},"value"]},{"$i":"months-ago-long","$v":{"few":[{"t":"idOrVar","v":"value"}," ເດືອນກ່ອນ"],"many":[{"t":"idOrVar","v":"value"}," ເດືອນກ່ອນ"],"one":"ເດືອນກ່ອນນີ້","other":[{"t":"idOrVar","v":"value"}," ເດືອນກ່ອນ"],"two":[{"t":"idOrVar","v":"value"}," ເດືອນກ່ອນ"],"zero":"ເດືອນນີ້"},"$x":[{"t":"idOrVar","v":"plural"},"value"]},{"$i":"years-ago-long","$v":{"few":[{"t":"idOrVar","v":"value"}," ປີຕໍ່ໄປ"],"many":[{"t":"idOrVar","v":"value"}," ປີຕໍ່ໄປ"],"one":"ປີກາຍນີ້","other":[{"t":"idOrVar","v":"value"}," ປີຕໍ່ໄປ"],"two":[{"t":"idOrVar","v":"value"}," ປີຕໍ່ໄປ"],"zero":"ປີນີ້"},"$x":[{"t":"idOrVar","v":"plural"},"value"]},{"$i":"minutes-until-long","$v":{"few":["ໃນ ",{"t":"idOrVar","v":"value"}," ຫຼາຍນາທີ"],"many":["ໃນ ",{"t":"idOrVar","v":"value"}," ຫຼາຍນາທີ"],"other":["ໃນ ",{"t":"idOrVar","v":"value"}," ຫຼາຍນາທີ"],"two":["ໃນ ",{"t":"idOrVar","v":"value"}," ຫຼາຍນາທີ"],"zero":"ຕອນນີ້","one":"ໃນ 1 ນາທີ"},"$x":[{"t":"idOrVar","v":"plural"},"value"]},{"$i":"hours-until-long","$v":{"few":["ໃນ ",{"t":"idOrVar","v":"value"}," ຫຼາຍຊົ່ວໂມງ"],"many":["ໃນ ",{"t":"idOrVar","v":"value"}," ຫຼາຍຊົ່ວໂມງ"],"other":["ໃນ ",{"t":"idOrVar","v":"value"}," ຫຼາຍຊົ່ວໂມງ"],"two":["ໃນ ",{"t":"idOrVar","v":"value"}," ຫຼາຍຊົ່ວໂມງ"],"zero":"ຕອນນີ້","one":"ໃນ 1 ຊົ່ວໂມງ"},"$x":[{"t":"idOrVar","v":"plural"},"value"]},{"$i":"days-until-long","$v":{"few":["ໃນ ",{"t":"idOrVar","v":"value"}," ຫຼາຍວັນ"],"many":["ໃນ ",{"t":"idOrVar","v":"value"}," ຫຼາຍວັນ"],"one":"ມື້ອື່ນ","other":["ໃນ ",{"t":"idOrVar","v":"value"}," ຫຼາຍວັນ"],"two":["ໃນ ",{"t":"idOrVar","v":"value"}," ຫຼາຍວັນ"],"zero":"ມື້ນີ້"},"$x":[{"t":"idOrVar","v":"plural"},"value"]},{"$i":"weeks-until-long","$v":{"few":["ໃນ ",{"t":"idOrVar","v":"value"}," ຫຼາຍອາທິດ"],"many":["ໃນ ",{"t":"idOrVar","v":"value"}," ຫຼາຍອາທິດ"],"one":"ອາທິດໜ້າ","other":["ໃນ ",{"t":"idOrVar","v":"value"}," ຫຼາຍອາທິດ"],"two":["ໃນ ",{"t":"idOrVar","v":"value"}," ຫຼາຍອາທິດ"],"zero":"ທິດນີ້"},"$x":[{"t":"idOrVar","v":"plural"},"value"]},{"$i":"months-until-long","$v":{"few":["ໃນ ",{"t":"idOrVar","v":"value"}," ຫຼາຍເດືອນ"],"many":["ໃນ ",{"t":"idOrVar","v":"value"}," ຫຼາຍເດືອນ"],"one":"ເດືອນໜ້າ","other":["ໃນ ",{"t":"idOrVar","v":"value"}," ຫຼາຍເດືອນ"],"two":["ໃນ ",{"t":"idOrVar","v":"value"}," ຫຼາຍເດືອນ"],"zero":"ເດືອນນີ້"},"$x":[{"t":"idOrVar","v":"plural"},"value"]},{"$i":"years-until-long","$v":{"few":["ໃນ ",{"t":"idOrVar","v":"value"}," ຫຼາຍປີ"],"many":["ໃນ ",{"t":"idOrVar","v":"value"}," ຫຼາຍປີ"],"one":"ປີໜ້າ","other":["ໃນ ",{"t":"idOrVar","v":"value"}," ຫຼາຍປີ"],"two":["ໃນ ",{"t":"idOrVar","v":"value"}," ຫຼາຍປີ"],"zero":"ປີນີ້"},"$x":[{"t":"idOrVar","v":"plural"},"value"]},{"$i":"minutes-ago-short","$v":{"other":[{"t":"idOrVar","v":"value"},"ນ ກ່ອນ"],"zero":"ຕອນນີ້"},"$x":[{"t":"idOrVar","v":"plural"},"value"]},{"$i":"hours-ago-short","$v":{"other":[{"t":"idOrVar","v":"value"},"ມ ກ່ອນ"],"zero":"ຕອນນີ້"},"$x":[{"t":"idOrVar","v":"plural"},"value"]},{"$i":"days-ago-short","$v":{"other":[{"t":"idOrVar","v":"value"},"ມື້ກ່ອນ"],"zero":"ມື້ນີ້"},"$x":[{"t":"idOrVar","v":"plural"},"value"]},{"$i":"minutes-until-short","$v":{"other":["ໃນ ",{"t":"idOrVar","v":"value"},"ດ"],"zero":"ຕອນນີ້"},"$x":[{"t":"idOrVar","v":"plural"},"value"]},{"$i":"hours-until-short","$v":{"other":["ໃນ ",{"t":"idOrVar","v":"value"},"ຊ.ມ"],"zero":"ຕອນນີ້"},"$x":[{"t":"idOrVar","v":"plural"},"value"]},{"$i":"days-until-short","$v":{"other":["ໃນ ",{"t":"idOrVar","v":"value"},"ວ"],"zero":"ມື້ນີ້"},"$x":[{"t":"idOrVar","v":"plural"},"value"]},{"$i":"incorrectDate","$v":"(ວັນທີບໍ່ຖືກຕ້ອງ)"},{"$i":"dateTimeFormat_%c","$v":"%a %b %e %Y %I:%M:%S %p"},{"$i":"dateTimeFormat_%x","$v":"%m/%d/%Y"},{"$i":"dateTimeFormat_%X","$v":"%I:%M:%S %p"},{"$i":"shortTimeFormat","$v":"%I:%M %p"},{"$i":"shortTimeFormat12","$v":"%I:%M %p"},{"$i":"shortTimeFormat24","$v":"%H:%M"},{"$i":"shortDateTimeFormat","$v":"%x %I:%M %p"},{"$i":"weekStartsOnMonday","$v":"0.0"},{"$i":"firstDayOfTheWeek","$v":"0.0"},{"$i":"time_am","$v":"AM"},{"$i":"time_pm","$v":"ຕອນເຊົ້າ"},{"$i":"softkey-options","$v":"ຕົວເລືອກ"},{"$i":"reset","$v":"ການຕັ້ງຄືນໃໝ່"},{"$i":"start","$v":"ເລີ່ມຕົ້ນ"},{"$i":"stop","$v":"ຢຸດ"},{"$i":"cancel","$v":"ຍົກເລີກ"},{"$i":"hour","$v":"ຊົ່ວໂມງ"},{"$i":"hours","$v":"ຫຼາຍຊົ່ວໂມງ"},{"$i":"minute","$v":"ນາທີ"},{"$i":"minutes","$v":"ຫຼາຍນາທີ"},{"$i":"second","$v":"ຄັ້ງທີສອງ"},{"$i":"alarm","$v":"ການແຈ້ງເຕືອນ"},{"$i":"alarm-name","placeholder":"ການແຈ້ງເຕືອນ"},{"$i":"timer","$v":"ເຄື່ອງຈັບເວລາ"},{"$i":"stopwatch","$v":"ໂມງ​ຈັບ​ເວ​ລາ"},{"$i":"alarmName","$v":"ຊື່ການເຕືອນ"},{"$i":"newAlarm","$v":"ການເຕືອນໃໝ່"},{"$i":"editAlarm","$v":"ແກ້ໄຂແຈ້ງເຕືອນ"},{"$i":"kaiSettings","$v":"ການຕັ້ງຄ່າ"},{"$i":"clock-settings","$v":"ການຕັ້ງຄ່າໂມງ"},{"$i":"alarms-maximum","$v":"ທ່ານມີຈຳນວນການເຕືອນເຖິງຂີດສູງສຸດແລ້ວ"},{"$i":"laps-maximum","$v":"ທ່ານມີຈຳນວນຮອບເຖິງຂີດສູງສຸດແລ້ວ"},{"$i":"changes-saved","$v":"ບັນທຶກການປ່ຽນແປງແລ້ວ."},{"$i":"pause","$v":"ຢຸດຊົ່ວຄາວ"},{"$i":"resume","$v":"ປະຫວັດ"},{"$i":"lap","$v":"ທົດລອງ"},{"$i":"lap-number","$v":["ທົດລອງ ",{"t":"idOrVar","v":"n"}]},{"$i":"timer-hour","$v":"ຊົ່ວໂມງ"},{"$i":"timer-min","$v":"ນາທີ"},{"$i":"timer-sec","$v":"ຄັ້ງທີສອງ"},{"$i":"delete","$v":"ລຶບ"},{"$i":"time","$v":"ເວລາ"},{"$i":"snooze-label","$v":"ນອນ"},{"$i":"snooze-button","$v":"ນອນ"},{"$i":"repeat","$v":"ເຮັດຊໍ້າຄືນ"},{"$i":"vibrate","$v":"ສັ່ນ"},{"$i":"close","$v":"ປິດ"},{"$i":"save","$v":"ບັນທຶກໄວ້"},{"$i":"done","$v":"ສຳເລັດ"},{"$i":"kai-select-time","$v":"ເລືອກເວລາ"},{"$i":"closeButton","ariaLabel":"ປິດ"},{"$i":"newAlarmButton","ariaLabel":"ການເຕືອນໃໝ່"},{"$i":"alarm-volume-label","$v":"ລະບົບສຽງການແຈ້ງເຕືອນ"},{"$i":"kai-volume","$v":"ປະລິມານ:"},{"$i":"volume-level-display","$v":[{"t":"idOrVar","v":"n"}," / ",{"t":"idOrVar","v":"c"}]},{"$i":"sound","$v":"ສຽງ"},{"$i":"noSound","$v":"ບໍ່ມີສຽງ"},{"$i":"kai-ringtones","$v":"ສຽງເອີ້ນເຂົ້າ"},{"$i":"everyday","$v":"ທຸກມື້"},{"$i":"weekdays","$v":"ມື້ວຽກ"},{"$i":"weekends","$v":"ທ້າຍອາທິດ"},{"$i":"never","$v":"ບໍ່ຊ້ຳ"},{"$i":"vibrateOn","$v":"ເປີດ"},{"$i":"vibrateOff","$v":"ປິດ"},{"$i":"kai-on","$v":"ເປີດ"},{"$i":"kai-off","$v":"ປິດ"},{"$i":"plusMinute","$v":"+1 ນາທີ"},{"$i":"dateFormat","$v":"%A, %B %e"},{"$i":"countdown-lessThanAnHour","$v":["ການແຈ້ງເຕືອນຕັ້ງໄວ້ ",{"t":"idOrVar","v":"minutes"}," ໃນເວລານີ້."]},{"$i":"countdown-moreThanAnHour","$v":["ການແຈ້ງເຕືອນຕັ້ງໄວ້ ",{"t":"idOrVar","v":"hours"}," ",{"t":"idOrVar","v":"minutes"}," ໃນເວລານີ້."]},{"$i":"countdown-moreThanADay","$v":["ການແຈ້ງເຕືອນຕັ້ງໄວ້ ",{"t":"idOrVar","v":"days"}," ",{"t":"idOrVar","v":"hours"}," ໃນເວລານີ້."]},{"$i":"kai-alarm-off","$v":"ການແຈ້ງເຕືອນໄດ້ປິດ."},{"$i":"kai-alarm-deleted","$v":"ການແຈ້ງເຕືອນຖືກລຶບແລ້ວ."},{"$i":"alarm-delete-all","$v":"ເຕືອນທັງຫມົດຖືກລຶບ."},{"$i":"nMinutes","$v":{"few":[{"t":"idOrVar","v":"n"}," ນາທີ"],"many":[{"t":"idOrVar","v":"n"}," ນາທີ"],"one":"ໜຶ່ງນາທີ","other":[{"t":"idOrVar","v":"n"}," ນາທີ"],"two":[{"t":"idOrVar","v":"n"}," ນາທີ"],"zero":"ໜ້ອຍກວ່າໜຶ່ງນາທີ"},"$x":[{"t":"idOrVar","v":"plural"},"n"]},{"$i":"nHours","$v":{"few":[{"t":"idOrVar","v":"n"}," ຊົ່ວໂມງ"],"many":[{"t":"idOrVar","v":"n"}," ຊົ່ວໂມງ"],"one":[{"t":"idOrVar","v":"n"}," ຊົ່ວໂມງ"],"other":[{"t":"idOrVar","v":"n"}," ຊົ່ວໂມງ"],"two":[{"t":"idOrVar","v":"n"}," ຊົ່ວໂມງ"]},"$x":[{"t":"idOrVar","v":"plural"},"n"]},{"$i":"nAndRemainHours","$v":{"few":["ແລະ ",{"t":"idOrVar","v":"n"}," ຊົ່ວໂມງ"],"many":["ແລະ ",{"t":"idOrVar","v":"n"}," ຊົ່ວໂມງ"],"one":["ແລະ ",{"t":"idOrVar","v":"n"}," ຊົ່ວໂມງ"],"other":["ແລະ ",{"t":"idOrVar","v":"n"}," ຊົ່ວໂມງ"],"two":["ແລະ ",{"t":"idOrVar","v":"n"}," ຊົ່ວໂມງ"]},"$x":[{"t":"idOrVar","v":"plural"},"n"]},{"$i":"nRemainDays","$v":{"few":[{"t":"idOrVar","v":"n"}," ມື້"],"many":[{"t":"idOrVar","v":"n"}," ມື້"],"one":[{"t":"idOrVar","v":"n"}," ມື້"],"other":[{"t":"idOrVar","v":"n"}," ມື້"],"two":[{"t":"idOrVar","v":"n"}," ມື້"]},"$x":[{"t":"idOrVar","v":"plural"},"n"]},{"$i":"nRemainMinutes","$v":{"few":["ແລະ ",{"t":"idOrVar","v":"n"}," ນາທີ"],"many":["ແລະ ",{"t":"idOrVar","v":"n"}," ນາທີ"],"one":["ແລະ ",{"t":"idOrVar","v":"n"}," ນາທີ"],"other":["ແລະ ",{"t":"idOrVar","v":"n"}," ນາທີ"],"two":["ແລະ ",{"t":"idOrVar","v":"n"}," ນາທີ"]},"$x":[{"t":"idOrVar","v":"plural"},"n"]},{"$i":"nSpinnerSeconds","$v":{"few":[{"t":"idOrVar","v":"n"}," ວິນາທີ"],"many":[{"t":"idOrVar","v":"n"}," ວິນາທີ"],"one":"ໜຶ່ງວິນາທີ","other":[{"t":"idOrVar","v":"n"}," ວິນາທີ"],"two":[{"t":"idOrVar","v":"n"}," ວິນາທີ"],"zero":"ສູນວິນາທີ"},"$x":[{"t":"idOrVar","v":"plural"},"n"]},{"$i":"nSpinnerMinutes","$v":{"few":[{"t":"idOrVar","v":"n"}," ນາທີ"],"many":[{"t":"idOrVar","v":"n"}," ນາທີ"],"one":"ໜຶ່ງນາທີ","other":[{"t":"idOrVar","v":"n"}," ນາທີ"],"two":[{"t":"idOrVar","v":"n"}," ນາທີ"],"zero":"ສູນນາທີ"},"$x":[{"t":"idOrVar","v":"plural"},"n"]},{"$i":"nSpinnerHours","$v":{"few":[{"t":"idOrVar","v":"n"}," ຊົ່ວໂມງ"],"many":[{"t":"idOrVar","v":"n"}," ຊົ່ວໂມງ"],"one":[{"t":"idOrVar","v":"n"}," ຊົ່ວໂມງ"],"other":[{"t":"idOrVar","v":"n"}," ຊົ່ວໂມງ"],"two":[{"t":"idOrVar","v":"n"}," ຊົ່ວໂມງ"],"zero":"ສູນຊົ່ວໂມງ"},"$x":[{"t":"idOrVar","v":"plural"},"n"]},{"$i":"kai-stop","$v":"ຢຸດ"},{"$i":"kai-snooze","$v":"ນອນ"},{"$i":"ac_africa_ogg","$v":"ອາຟຣິກາ"},{"$i":"ac_amazon_ogg","$v":"ອາເມຊອນ"},{"$i":"ac_disco_ogg","$v":"ດິສໂກ"},{"$i":"ac_fairy_tales_ogg","$v":"ເທບນິຍາຍ"},{"$i":"ac_fresh_ogg","$v":"ສົດຊື່ນ"},{"$i":"ac_galaxy_ogg","$v":"ກາແລັກຊີ"},{"$i":"ac_kai_ogg","$v":"ໄກ"},{"$i":"ac_techno_ogg","$v":"ເທັກໂນ"},{"$i":"ac_woody_ogg","$v":"ວູດດີ"},{"$i":"ac_awake_opus","$v":"Awake"},{"$i":"ac_crystalize_opus","$v":"Crystallise"},{"$i":"ac_cycle_opus","$v":"Cycle"},{"$i":"ac_digicloud_opus","$v":"Digicloud"},{"$i":"ac_humming_waves_opus","$v":"Humming Waves"},{"$i":"ac_into_the_void_opus","$v":"Into the Void"},{"$i":"ac_lightly_opus","$v":"Lightly"},{"$i":"ac_mobile_opus","$v":"Mobile"},{"$i":"ac_pinger_opus","$v":"Pinger"},{"$i":"ac_skip_opus","$v":"Skip"},{"$i":"ac_tri_opus","$v":"Tri"},{"$i":"ac_universal_opus","$v":"Universal"},{"$i":"kai-options","$v":"ຕົວເລືອກ"},{"$i":"kai-clock-title","$v":"ໂມງ"},{"$i":"alarm-title","$v":"ການແຈ້ງເຕືອນ"},{"$i":"no-alarms-body","$v":"ບໍ່ມີການຕັ້ງຄ່າສັນຍານ ເຕືອນ. "},{"$i":"press-new","$v":"ກົດ New ເພື່ອເລີ່ມຕົ້ນ."},{"$i":"kai-new-alarm","$v":"ລາຍຊື່ຜູ່ຕິດຕໍ່ໃໝ່"},{"$i":"kai-settings","$v":"ການຕັ້ງຄ່າ"},{"$i":"kai-cancel","$v":"ຍົກເລີກ"},{"$i":"kai-save","$v":"ບັນທຶກໄວ້"},{"$i":"turnOn","$v":"ເປີດ"},{"$i":"turnOff","$v":"ປິດ"},{"$i":"edit","$v":"ແກ້ໄຂ"},{"$i":"select","$v":"ເລືອກ"},{"$i":"kai-delete","$v":"ລຶບ"},{"$i":"delete-all","$v":"ລຶບທັງໝົດ"},{"$i":"kai-selected-alarm","$v":"ການແຈ້ງເຕືອນທີ່ເລືອກ"},{"$i":"set","$v":"ຕັ້ງຄ່າ"},{"$i":"kai-start","$v":"ເລີ່ມຕົ້ນ"},{"$i":"kai-reset","$v":"ການຕັ້ງຄືນໃໝ່"},{"$i":"kai-min-plus","$v":"+1 ນາທີ"},{"$i":"kai-resume","$v":"ປະຫວັດ"},{"$i":"kai-lap","$v":"ທົດລອງ"},{"$i":"play","$v":"ຫຼິ້ນ"},{"$i":"kai-no-repeat","$v":"ບໍ່ເຮັດຊ້ ຳ ອີກ"},{"$i":"kai-confirm-title","$v":"ຢືນຢັນ"},{"$i":"kai-confirm-delete-body","$v":"ລຶບໂມງປຸກທີ່ເລືອກ?"},{"$i":"confirm-delete-all-body","$v":"ລຶບເຕືອນທັງຫມົດ?"},{"$i":"kai-confirm-end-key-body","$v":{"$o":"ແອັບພລິເຄຊັນຈະຖືກປິດໂດຍມີການສູນເສຍຂໍ້ມູນ. <br><br> ທ່ານຕ້ອງການກັບໄປຫາການແກ້ໄຂບໍ່?"}},{"$i":"kai-confirm-exit-button","$v":"ອອກ"},{"$i":"kai-confirm-return-button","$v":"ຢ້ອນກັບຄືນ"}]