[{"$i":"weekday-0-long","$v":"Søndag"},{"$i":"weekday-1-long","$v":"Mandag"},{"$i":"weekday-2-long","$v":"Tirsdag"},{"$i":"weekday-3-long","$v":"Onsdag"},{"$i":"weekday-4-long","$v":"Torsdag"},{"$i":"weekday-5-long","$v":"Fredag"},{"$i":"weekday-6-long","$v":"Lørdag"},{"$i":"weekday-0-short","$v":"Sø."},{"$i":"weekday-1-short","$v":"Ma."},{"$i":"weekday-2-short","$v":"Ti."},{"$i":"weekday-3-short","$v":"On."},{"$i":"weekday-4-short","$v":"To."},{"$i":"weekday-5-short","$v":"Fr."},{"$i":"weekday-6-short","$v":"Lø."},{"$i":"month-0-long","$v":"Januar"},{"$i":"month-1-long","$v":"Februar"},{"$i":"month-2-long","$v":"Mars"},{"$i":"month-3-long","$v":"April"},{"$i":"month-4-long","$v":"Mai"},{"$i":"month-5-long","$v":"Juni"},{"$i":"month-6-long","$v":"Juli"},{"$i":"month-7-long","$v":"August"},{"$i":"month-8-long","$v":"September"},{"$i":"month-9-long","$v":"Oktober"},{"$i":"month-10-long","$v":"November"},{"$i":"month-11-long","$v":"Desember"},{"$i":"month-0-genitive","$v":"Januar"},{"$i":"month-1-genitive","$v":"Februar"},{"$i":"month-2-genitive","$v":"Mars"},{"$i":"month-3-genitive","$v":"April"},{"$i":"month-4-genitive","$v":"Mai"},{"$i":"month-5-genitive","$v":"Juni"},{"$i":"month-6-genitive","$v":"Juli"},{"$i":"month-7-genitive","$v":"August"},{"$i":"month-8-genitive","$v":"September"},{"$i":"month-9-genitive","$v":"Oktober"},{"$i":"month-10-genitive","$v":"November"},{"$i":"month-11-genitive","$v":"Desember"},{"$i":"month-0-short","$v":"Jan."},{"$i":"month-1-short","$v":"Feb."},{"$i":"month-2-short","$v":"Mars"},{"$i":"month-3-short","$v":"Apr."},{"$i":"month-4-short","$v":"Mai"},{"$i":"month-5-short","$v":"Juni"},{"$i":"month-6-short","$v":"Juli"},{"$i":"month-7-short","$v":"Aug."},{"$i":"month-8-short","$v":"Sep."},{"$i":"month-9-short","$v":"Okt."},{"$i":"month-10-short","$v":"Nov."},{"$i":"month-11-short","$v":"Des."},{"$i":"minutes-ago-long","$v":{"few":[{"t":"idOrVar","v":"value"}," minutter siden"],"many":[{"t":"idOrVar","v":"value"}," minutter siden"],"other":[{"t":"idOrVar","v":"value"}," minutter siden"],"two":[{"t":"idOrVar","v":"value"}," minutter siden"],"one":"et minutt siden","zero":"akkurat nå"},"$x":[{"t":"idOrVar","v":"plural"},"value"]},{"$i":"hours-ago-long","$v":{"few":[{"t":"idOrVar","v":"value"}," timer siden"],"many":[{"t":"idOrVar","v":"value"}," timer siden"],"other":[{"t":"idOrVar","v":"value"}," timer siden"],"two":[{"t":"idOrVar","v":"value"}," timer siden"],"one":"1 time siden","zero":"akkurat nå"},"$x":[{"t":"idOrVar","v":"plural"},"value"]},{"$i":"days-ago-long","$v":{"few":[{"t":"idOrVar","v":"value"}," dager siden"],"many":[{"t":"idOrVar","v":"value"}," dager siden"],"one":"i går","other":[{"t":"idOrVar","v":"value"}," dager siden"],"two":[{"t":"idOrVar","v":"value"}," dager siden"],"zero":"i dag"},"$x":[{"t":"idOrVar","v":"plural"},"value"]},{"$i":"weeks-ago-long","$v":{"few":[{"t":"idOrVar","v":"value"}," uker siden"],"many":[{"t":"idOrVar","v":"value"}," uker siden"],"one":"sist uke","other":[{"t":"idOrVar","v":"value"}," uker siden"],"two":[{"t":"idOrVar","v":"value"}," uker siden"],"zero":"denne uken"},"$x":[{"t":"idOrVar","v":"plural"},"value"]},{"$i":"months-ago-long","$v":{"few":[{"t":"idOrVar","v":"value"}," måneder siden"],"many":[{"t":"idOrVar","v":"value"}," måneder siden"],"one":"sist måned","other":[{"t":"idOrVar","v":"value"}," måneder siden"],"two":[{"t":"idOrVar","v":"value"}," måneder siden"],"zero":"denne måneden"},"$x":[{"t":"idOrVar","v":"plural"},"value"]},{"$i":"years-ago-long","$v":{"few":[{"t":"idOrVar","v":"value"}," år siden"],"many":[{"t":"idOrVar","v":"value"}," år siden"],"one":"i fjor","other":[{"t":"idOrVar","v":"value"}," år siden"],"two":[{"t":"idOrVar","v":"value"}," år siden"],"zero":"i år"},"$x":[{"t":"idOrVar","v":"plural"},"value"]},{"$i":"minutes-until-long","$v":{"few":["om ",{"t":"idOrVar","v":"value"}," minutter"],"many":["om ",{"t":"idOrVar","v":"value"}," minutter"],"other":["om ",{"t":"idOrVar","v":"value"}," minutter"],"two":["om ",{"t":"idOrVar","v":"value"}," minutter"],"zero":"nå","one":"om 1 minutt"},"$x":[{"t":"idOrVar","v":"plural"},"value"]},{"$i":"hours-until-long","$v":{"few":["om ",{"t":"idOrVar","v":"value"}," timer"],"many":["om ",{"t":"idOrVar","v":"value"}," timer"],"other":["om ",{"t":"idOrVar","v":"value"}," timer"],"two":["om ",{"t":"idOrVar","v":"value"}," timer"],"zero":"nå","one":"om 1 time"},"$x":[{"t":"idOrVar","v":"plural"},"value"]},{"$i":"days-until-long","$v":{"few":["om ",{"t":"idOrVar","v":"value"}," dager"],"many":["om ",{"t":"idOrVar","v":"value"}," dager"],"one":"i morgen","other":["om ",{"t":"idOrVar","v":"value"}," dager"],"two":["om ",{"t":"idOrVar","v":"value"}," dager"],"zero":"i dag"},"$x":[{"t":"idOrVar","v":"plural"},"value"]},{"$i":"weeks-until-long","$v":{"few":["om ",{"t":"idOrVar","v":"value"}," uker"],"many":["om ",{"t":"idOrVar","v":"value"}," uker"],"one":"neste uke","other":["om ",{"t":"idOrVar","v":"value"}," uker"],"two":["om ",{"t":"idOrVar","v":"value"}," uker"],"zero":"denne uken"},"$x":[{"t":"idOrVar","v":"plural"},"value"]},{"$i":"months-until-long","$v":{"few":["om ",{"t":"idOrVar","v":"value"}," måneder"],"many":["om ",{"t":"idOrVar","v":"value"}," måneder"],"one":"neste måned","other":["om ",{"t":"idOrVar","v":"value"}," måneder"],"two":["om ",{"t":"idOrVar","v":"value"}," måneder"],"zero":"denne måneden"},"$x":[{"t":"idOrVar","v":"plural"},"value"]},{"$i":"years-until-long","$v":{"few":["om ",{"t":"idOrVar","v":"value"}," år"],"many":["om ",{"t":"idOrVar","v":"value"}," år"],"one":"neste år","other":["om ",{"t":"idOrVar","v":"value"}," år"],"two":["om ",{"t":"idOrVar","v":"value"}," år"],"zero":"i år"},"$x":[{"t":"idOrVar","v":"plural"},"value"]},{"$i":"minutes-ago-short","$v":{"other":[{"t":"idOrVar","v":"value"}," m siden"],"zero":"akkurat nå"},"$x":[{"t":"idOrVar","v":"plural"},"value"]},{"$i":"hours-ago-short","$v":{"other":[{"t":"idOrVar","v":"value"}," t siden"],"zero":"akkurat nå"},"$x":[{"t":"idOrVar","v":"plural"},"value"]},{"$i":"days-ago-short","$v":{"other":[{"t":"idOrVar","v":"value"}," d siden"],"zero":"i dag"},"$x":[{"t":"idOrVar","v":"plural"},"value"]},{"$i":"minutes-until-short","$v":{"other":["om ",{"t":"idOrVar","v":"value"},"m"],"zero":"nå"},"$x":[{"t":"idOrVar","v":"plural"},"value"]},{"$i":"hours-until-short","$v":{"other":["om ",{"t":"idOrVar","v":"value"},"t"],"zero":"nå"},"$x":[{"t":"idOrVar","v":"plural"},"value"]},{"$i":"days-until-short","$v":{"other":["om ",{"t":"idOrVar","v":"value"},"d"],"zero":"i dag"},"$x":[{"t":"idOrVar","v":"plural"},"value"]},{"$i":"incorrectDate","$v":"(feil dato)"},{"$i":"dateTimeFormat_%c","$v":"%a %b %e %Y %I:%M:%S %p"},{"$i":"dateTimeFormat_%x","$v":"%m/%d/%Y"},{"$i":"dateTimeFormat_%X","$v":"%I:%M:%S %p"},{"$i":"shortTimeFormat","$v":"%I:%M %p"},{"$i":"shortTimeFormat12","$v":"%I:%M %p"},{"$i":"shortTimeFormat24","$v":"%H:%M"},{"$i":"shortDateTimeFormat","$v":"%x %I:%M %p"},{"$i":"weekStartsOnMonday","$v":"0.0"},{"$i":"firstDayOfTheWeek","$v":"1.0"},{"$i":"time_am","$v":"AM"},{"$i":"time_pm","$v":"PM"},{"$i":"softkey-options","$v":"Valg"},{"$i":"reset","$v":"Tilbakestill"},{"$i":"start","$v":"Start"},{"$i":"stop","$v":"Stopp"},{"$i":"cancel","$v":"Avbryt"},{"$i":"hour","$v":"Time"},{"$i":"hours","$v":"Timer"},{"$i":"minute","$v":"Minutt"},{"$i":"minutes","$v":"Minutter"},{"$i":"second","$v":"Sekund"},{"$i":"alarm","$v":"Alarm"},{"$i":"alarm-name","placeholder":"Alarm"},{"$i":"timer","$v":"Tidtaker"},{"$i":"stopwatch","$v":"Stoppeklokke"},{"$i":"alarmName","$v":"Alarmnavn"},{"$i":"newAlarm","$v":"Ny alarm"},{"$i":"editAlarm","$v":"Rediger alarm"},{"$i":"kaiSettings","$v":"Innstillinger"},{"$i":"clock-settings","$v":"Klokkeinnstillinger"},{"$i":"alarms-maximum","$v":"Du har nådd maksimalantallet for alarmer."},{"$i":"laps-maximum","$v":"Du har nådd maksimalantallet for runder."},{"$i":"changes-saved","$v":"Endringer lagret."},{"$i":"pause","$v":"Pause"},{"$i":"resume","$v":"Fortsett"},{"$i":"lap","$v":"Runde"},{"$i":"lap-number","$v":["Runde ",{"t":"idOrVar","v":"n"}]},{"$i":"timer-hour","$v":"time"},{"$i":"timer-min","$v":"minutt"},{"$i":"timer-sec","$v":"andre"},{"$i":"delete","$v":"Slett"},{"$i":"time","$v":"Tid"},{"$i":"snooze-label","$v":"Slumre"},{"$i":"snooze-button","$v":"Slumre"},{"$i":"repeat","$v":"Gjenta"},{"$i":"vibrate","$v":"Vibrer"},{"$i":"close","$v":"Lukk"},{"$i":"save","$v":"Lagre"},{"$i":"done","$v":"Fullført"},{"$i":"kai-select-time","$v":"Velg tid"},{"$i":"closeButton","ariaLabel":"Lukk"},{"$i":"newAlarmButton","ariaLabel":"Ny alarm"},{"$i":"alarm-volume-label","$v":"System Alarmvolum"},{"$i":"kai-volume","$v":"Volum:"},{"$i":"volume-level-display","$v":[{"t":"idOrVar","v":"n"}," / ",{"t":"idOrVar","v":"c"}]},{"$i":"sound","$v":"Lyd"},{"$i":"noSound","$v":"Ingen lyd"},{"$i":"kai-ringtones","$v":"Ringetoner"},{"$i":"everyday","$v":"Hver dag"},{"$i":"weekdays","$v":"Ukedager"},{"$i":"weekends","$v":"Helger"},{"$i":"never","$v":"Aldri"},{"$i":"vibrateOn","$v":"På"},{"$i":"vibrateOff","$v":"Av"},{"$i":"kai-on","$v":"På"},{"$i":"kai-off","$v":"Av"},{"$i":"plusMinute","$v":"+1 min"},{"$i":"dateFormat","$v":"%A, %B %e"},{"$i":"countdown-lessThanAnHour","$v":["Alarmen er satt for  ",{"t":"idOrVar","v":"minutes"}," fra nå."]},{"$i":"countdown-moreThanAnHour","$v":["Alarmen er satt for ",{"t":"idOrVar","v":"hours"}," ",{"t":"idOrVar","v":"minutes"}," fra nå."]},{"$i":"countdown-moreThanADay","$v":["Alarmen er satt for ",{"t":"idOrVar","v":"days"}," ",{"t":"idOrVar","v":"hours"}," fra nå."]},{"$i":"kai-alarm-off","$v":"Alarmen er slått av."},{"$i":"kai-alarm-deleted","$v":"Alarmen er slettet."},{"$i":"alarm-delete-all","$v":"Alle alarmer er slettet."},{"$i":"nMinutes","$v":{"few":[{"t":"idOrVar","v":"n"}," minutter"],"many":[{"t":"idOrVar","v":"n"}," minutter"],"one":"ett minutt","other":[{"t":"idOrVar","v":"n"}," minutter"],"two":[{"t":"idOrVar","v":"n"}," minutter"],"zero":"mindre enn ett minutt"},"$x":[{"t":"idOrVar","v":"plural"},"n"]},{"$i":"nHours","$v":{"few":[{"t":"idOrVar","v":"n"}," timer"],"many":[{"t":"idOrVar","v":"n"}," timer"],"one":[{"t":"idOrVar","v":"n"}," time"],"other":[{"t":"idOrVar","v":"n"}," timer"],"two":[{"t":"idOrVar","v":"n"}," timer"]},"$x":[{"t":"idOrVar","v":"plural"},"n"]},{"$i":"nAndRemainHours","$v":{"few":["og ",{"t":"idOrVar","v":"n"}," timer"],"many":["og ",{"t":"idOrVar","v":"n"}," timer"],"one":["og ",{"t":"idOrVar","v":"n"}," time"],"other":["og ",{"t":"idOrVar","v":"n"}," timer"],"two":["og ",{"t":"idOrVar","v":"n"}," timer"]},"$x":[{"t":"idOrVar","v":"plural"},"n"]},{"$i":"nRemainDays","$v":{"few":[{"t":"idOrVar","v":"n"}," dager"],"many":[{"t":"idOrVar","v":"n"}," dager"],"one":[{"t":"idOrVar","v":"n"}," dag"],"other":[{"t":"idOrVar","v":"n"}," dager"],"two":[{"t":"idOrVar","v":"n"}," dager"]},"$x":[{"t":"idOrVar","v":"plural"},"n"]},{"$i":"nRemainMinutes","$v":{"few":["og ",{"t":"idOrVar","v":"n"}," minutter"],"many":["og ",{"t":"idOrVar","v":"n"}," minutter"],"one":["og ",{"t":"idOrVar","v":"n"}," minutt"],"other":["og ",{"t":"idOrVar","v":"n"}," minutter"],"two":["og ",{"t":"idOrVar","v":"n"}," minutter"]},"$x":[{"t":"idOrVar","v":"plural"},"n"]},{"$i":"nSpinnerSeconds","$v":{"few":[{"t":"idOrVar","v":"n"}," sekunder"],"many":[{"t":"idOrVar","v":"n"}," sekunder"],"one":"ett sekund","other":[{"t":"idOrVar","v":"n"}," sekunder"],"two":[{"t":"idOrVar","v":"n"}," sekunder"],"zero":"null sekunder"},"$x":[{"t":"idOrVar","v":"plural"},"n"]},{"$i":"nSpinnerMinutes","$v":{"few":[{"t":"idOrVar","v":"n"}," minutter"],"many":[{"t":"idOrVar","v":"n"}," minutter"],"one":"ett minutt","other":[{"t":"idOrVar","v":"n"}," minutter"],"two":[{"t":"idOrVar","v":"n"}," minutter"],"zero":"null minutter"},"$x":[{"t":"idOrVar","v":"plural"},"n"]},{"$i":"nSpinnerHours","$v":{"few":[{"t":"idOrVar","v":"n"}," timer"],"many":[{"t":"idOrVar","v":"n"}," timer"],"one":[{"t":"idOrVar","v":"n"}," time"],"other":[{"t":"idOrVar","v":"n"}," timer"],"two":[{"t":"idOrVar","v":"n"}," timer"],"zero":"null timer"},"$x":[{"t":"idOrVar","v":"plural"},"n"]},{"$i":"kai-stop","$v":"Stopp"},{"$i":"kai-snooze","$v":"Slumre"},{"$i":"ac_africa_ogg","$v":"Afrika"},{"$i":"ac_amazon_ogg","$v":"Amasonas"},{"$i":"ac_disco_ogg","$v":"Disko"},{"$i":"ac_fairy_tales_ogg","$v":"Eventyr"},{"$i":"ac_fresh_ogg","$v":"Frisk"},{"$i":"ac_galaxy_ogg","$v":"Galakse"},{"$i":"ac_kai_ogg","$v":"Kai"},{"$i":"ac_techno_ogg","$v":"Tekno"},{"$i":"ac_woody_ogg","$v":"Treaktig"},{"$i":"ac_awake_opus","$v":"Awake"},{"$i":"ac_crystalize_opus","$v":"Crystallise"},{"$i":"ac_cycle_opus","$v":"Cycle"},{"$i":"ac_digicloud_opus","$v":"Digicloud"},{"$i":"ac_humming_waves_opus","$v":"Humming Waves"},{"$i":"ac_into_the_void_opus","$v":"Into the Void"},{"$i":"ac_lightly_opus","$v":"Lightly"},{"$i":"ac_mobile_opus","$v":"Mobile"},{"$i":"ac_pinger_opus","$v":"Pinger"},{"$i":"ac_skip_opus","$v":"Skip"},{"$i":"ac_tri_opus","$v":"Tri"},{"$i":"ac_universal_opus","$v":"Universal"},{"$i":"kai-options","$v":"Valg"},{"$i":"kai-clock-title","$v":"Klokke"},{"$i":"alarm-title","$v":"Alarm"},{"$i":"no-alarms-body","$v":"Ingen alarmer er innstilt."},{"$i":"press-new","$v":"Trykk på Ny for å komme i gang."},{"$i":"kai-new-alarm","$v":"Ny kontakt"},{"$i":"kai-settings","$v":"Innstillinger"},{"$i":"kai-cancel","$v":"Avbryt"},{"$i":"kai-save","$v":"Lagre"},{"$i":"turnOn","$v":"Slå på"},{"$i":"turnOff","$v":"Slå av"},{"$i":"edit","$v":"Rediger"},{"$i":"select","$v":"Velg"},{"$i":"kai-delete","$v":"Slett"},{"$i":"delete-all","$v":"Slett alle"},{"$i":"kai-selected-alarm","$v":"Valgt alarm"},{"$i":"set","$v":"Angi"},{"$i":"kai-start","$v":"Start"},{"$i":"kai-reset","$v":"Tilbakestill"},{"$i":"kai-min-plus","$v":"+1 min"},{"$i":"kai-resume","$v":"Fortsett"},{"$i":"kai-lap","$v":"Runde"},{"$i":"play","$v":"Spill"},{"$i":"kai-no-repeat","$v":"Ingen gjentagelse"},{"$i":"kai-confirm-title","$v":"Bekreftelse"},{"$i":"kai-confirm-delete-body","$v":"Vil du slette valgt alarm?"},{"$i":"confirm-delete-all-body","$v":"Slett alle alarmer?"},{"$i":"kai-confirm-end-key-body","$v":{"$o":"Appen blir lukket med datatap. <br><br> Vil du gå tilbake til redigering?"}},{"$i":"kai-confirm-exit-button","$v":"Avslutt"},{"$i":"kai-confirm-return-button","$v":"gå tilbake"}]