[{"$i":"weekday-0-long","$v":"Niedziela"},{"$i":"weekday-1-long","$v":"Poniedziałek"},{"$i":"weekday-2-long","$v":"Wtorek"},{"$i":"weekday-3-long","$v":"Środa"},{"$i":"weekday-4-long","$v":"Czwartek"},{"$i":"weekday-5-long","$v":"Piątek"},{"$i":"weekday-6-long","$v":"Sobota"},{"$i":"weekday-0-short","$v":"Nd"},{"$i":"weekday-1-short","$v":"Pn"},{"$i":"weekday-2-short","$v":"Wt"},{"$i":"weekday-3-short","$v":"Śr"},{"$i":"weekday-4-short","$v":"Czw"},{"$i":"weekday-5-short","$v":"Pt"},{"$i":"weekday-6-short","$v":"Sob"},{"$i":"month-0-long","$v":"Styczeń"},{"$i":"month-1-long","$v":"Luty"},{"$i":"month-2-long","$v":"Marzec"},{"$i":"month-3-long","$v":"Kwiecień"},{"$i":"month-4-long","$v":"Maj"},{"$i":"month-5-long","$v":"Czerwiec"},{"$i":"month-6-long","$v":"Lipiec"},{"$i":"month-7-long","$v":"Sierpień"},{"$i":"month-8-long","$v":"Wrzesień"},{"$i":"month-9-long","$v":"Październik"},{"$i":"month-10-long","$v":"Listopad"},{"$i":"month-11-long","$v":"Grudzień"},{"$i":"month-0-genitive","$v":"Styczeń"},{"$i":"month-1-genitive","$v":"Luty"},{"$i":"month-2-genitive","$v":"Marzec"},{"$i":"month-3-genitive","$v":"Kwiecień"},{"$i":"month-4-genitive","$v":"Maj"},{"$i":"month-5-genitive","$v":"Czerwiec"},{"$i":"month-6-genitive","$v":"Lipiec"},{"$i":"month-7-genitive","$v":"Sierpień"},{"$i":"month-8-genitive","$v":"Wrzesień"},{"$i":"month-9-genitive","$v":"Październik"},{"$i":"month-10-genitive","$v":"Listopad"},{"$i":"month-11-genitive","$v":"Grudzień"},{"$i":"month-0-short","$v":"Sty"},{"$i":"month-1-short","$v":"Lut"},{"$i":"month-2-short","$v":"Mar"},{"$i":"month-3-short","$v":"Kwi"},{"$i":"month-4-short","$v":"Maj"},{"$i":"month-5-short","$v":"Cze"},{"$i":"month-6-short","$v":"Lip"},{"$i":"month-7-short","$v":"Sie"},{"$i":"month-8-short","$v":"Wrz"},{"$i":"month-9-short","$v":"Paź"},{"$i":"month-10-short","$v":"Lis"},{"$i":"month-11-short","$v":"Gru"},{"$i":"minutes-ago-long","$v":{"few":[{"t":"idOrVar","v":"value"}," minut(y) temu"],"many":[{"t":"idOrVar","v":"value"}," minut(y) temu"],"other":[{"t":"idOrVar","v":"value"}," minut"],"two":[{"t":"idOrVar","v":"value"}," minut(y) temu"],"one":"minutę temu","zero":"Przed chwilą"},"$x":[{"t":"idOrVar","v":"plural"},"value"]},{"$i":"hours-ago-long","$v":{"few":[{"t":"idOrVar","v":"value"}," godzin(y) temu"],"many":[{"t":"idOrVar","v":"value"}," godzin(y) temu"],"other":[{"t":"idOrVar","v":"value"}," godzin(y) temu"],"two":[{"t":"idOrVar","v":"value"}," godzin(y) temu"],"one":"godzinę temu","zero":"Przed chwilą"},"$x":[{"t":"idOrVar","v":"plural"},"value"]},{"$i":"days-ago-long","$v":{"few":[{"t":"idOrVar","v":"value"}," dni temu"],"many":[{"t":"idOrVar","v":"value"}," dni temu"],"one":"wczoraj","other":[{"t":"idOrVar","v":"value"}," dni temu"],"two":[{"t":"idOrVar","v":"value"}," dni temu"],"zero":"dzisiaj"},"$x":[{"t":"idOrVar","v":"plural"},"value"]},{"$i":"weeks-ago-long","$v":{"few":[{"t":"idOrVar","v":"value"}," tygodni(e) temu"],"many":[{"t":"idOrVar","v":"value"}," tygodni(e) temu"],"one":"w zeszłym tygodniu","other":[{"t":"idOrVar","v":"value"}," tygodni(e) temu"],"two":[{"t":"idOrVar","v":"value"}," tygodni(e) temu"],"zero":"w tym tygodniu"},"$x":[{"t":"idOrVar","v":"plural"},"value"]},{"$i":"months-ago-long","$v":{"few":[{"t":"idOrVar","v":"value"}," miesiące/miesięcy temu"],"many":[{"t":"idOrVar","v":"value"}," miesiące/miesięcy temu"],"one":"w zeszłym miesiącu","other":[{"t":"idOrVar","v":"value"}," miesiące/miesięcy temu"],"two":[{"t":"idOrVar","v":"value"}," miesiące/miesięcy temu"],"zero":"w tym miesiącu"},"$x":[{"t":"idOrVar","v":"plural"},"value"]},{"$i":"years-ago-long","$v":{"few":[{"t":"idOrVar","v":"value"}," lat(a) temu"],"many":[{"t":"idOrVar","v":"value"}," lat(a) temu"],"one":"w zeszłym roku","other":[{"t":"idOrVar","v":"value"}," lat(a) temu"],"two":[{"t":"idOrVar","v":"value"}," lat(a) temu"],"zero":"w tym roku"},"$x":[{"t":"idOrVar","v":"plural"},"value"]},{"$i":"minutes-until-long","$v":{"few":["za ",{"t":"idOrVar","v":"value"}," minut(y)"],"many":["za ",{"t":"idOrVar","v":"value"}," minut(y)"],"other":["za ",{"t":"idOrVar","v":"value"}," minut"],"two":["za ",{"t":"idOrVar","v":"value"}," minut(y)"],"zero":"teraz","one":"za minutę"},"$x":[{"t":"idOrVar","v":"plural"},"value"]},{"$i":"hours-until-long","$v":{"few":["za ",{"t":"idOrVar","v":"value"}," godzin(y)"],"many":["za ",{"t":"idOrVar","v":"value"}," godzin(y)"],"other":["za ",{"t":"idOrVar","v":"value"}," godzin"],"two":["za ",{"t":"idOrVar","v":"value"}," godzin(y)"],"zero":"teraz","one":"za godzinę"},"$x":[{"t":"idOrVar","v":"plural"},"value"]},{"$i":"days-until-long","$v":{"few":["za ",{"t":"idOrVar","v":"value"}," dni"],"many":["za ",{"t":"idOrVar","v":"value"}," dni"],"one":"jutro","other":["za ",{"t":"idOrVar","v":"value"}," dni"],"two":["za ",{"t":"idOrVar","v":"value"}," dni"],"zero":"dzisiaj"},"$x":[{"t":"idOrVar","v":"plural"},"value"]},{"$i":"weeks-until-long","$v":{"few":["za ",{"t":"idOrVar","v":"value"}," tygodni(e)"],"many":["za ",{"t":"idOrVar","v":"value"}," tygodni(e)"],"one":"w następnym tygodniu","other":["za ",{"t":"idOrVar","v":"value"}," tygodni(e)"],"two":["za ",{"t":"idOrVar","v":"value"}," tygodni(e)"],"zero":"w tym tygodniu"},"$x":[{"t":"idOrVar","v":"plural"},"value"]},{"$i":"months-until-long","$v":{"few":["za ",{"t":"idOrVar","v":"value"}," miesiące/miesięcy"],"many":["za ",{"t":"idOrVar","v":"value"}," miesiące/miesięcy"],"one":"w następnym miesiącu","other":["za ",{"t":"idOrVar","v":"value"}," miesiące/miesięcy"],"two":["za ",{"t":"idOrVar","v":"value"}," miesiące/miesięcy"],"zero":"w tym miesiącu"},"$x":[{"t":"idOrVar","v":"plural"},"value"]},{"$i":"years-until-long","$v":{"few":["za ",{"t":"idOrVar","v":"value"}," lat(a)"],"many":["za ",{"t":"idOrVar","v":"value"}," lat(a)"],"one":"w następnym roku","other":["za ",{"t":"idOrVar","v":"value"}," lat(a)"],"two":["za ",{"t":"idOrVar","v":"value"}," lat(a)"],"zero":"w tym roku"},"$x":[{"t":"idOrVar","v":"plural"},"value"]},{"$i":"minutes-ago-short","$v":{"other":[{"t":"idOrVar","v":"value"}," m temu"],"zero":"Przed chwilą"},"$x":[{"t":"idOrVar","v":"plural"},"value"]},{"$i":"hours-ago-short","$v":{"other":[{"t":"idOrVar","v":"value"}," g temu"],"zero":"Przed chwilą"},"$x":[{"t":"idOrVar","v":"plural"},"value"]},{"$i":"days-ago-short","$v":{"other":[{"t":"idOrVar","v":"value"}," d temu"],"zero":"dzisiaj"},"$x":[{"t":"idOrVar","v":"plural"},"value"]},{"$i":"minutes-until-short","$v":{"other":["za ",{"t":"idOrVar","v":"value"}," m"],"zero":"teraz"},"$x":[{"t":"idOrVar","v":"plural"},"value"]},{"$i":"hours-until-short","$v":{"other":["za ",{"t":"idOrVar","v":"value"}," g"],"zero":"teraz"},"$x":[{"t":"idOrVar","v":"plural"},"value"]},{"$i":"days-until-short","$v":{"other":["za ",{"t":"idOrVar","v":"value"}," d"],"zero":"dzisiaj"},"$x":[{"t":"idOrVar","v":"plural"},"value"]},{"$i":"incorrectDate","$v":"(nieprawidłowa data)"},{"$i":"dateTimeFormat_%c","$v":"%a %b %e %Y %I:%M:%S %p"},{"$i":"dateTimeFormat_%x","$v":"%m/%d/%Y"},{"$i":"dateTimeFormat_%X","$v":"%I:%M:%S %p"},{"$i":"shortTimeFormat","$v":"%I:%M %p"},{"$i":"shortTimeFormat12","$v":"%I:%M %p"},{"$i":"shortTimeFormat24","$v":"%H:%M"},{"$i":"shortDateTimeFormat","$v":"%x %I:%M %p"},{"$i":"weekStartsOnMonday","$v":"0.0"},{"$i":"firstDayOfTheWeek","$v":"1.0"},{"$i":"time_am","$v":"AM"},{"$i":"time_pm","$v":"PM"},{"$i":"softkey-options","$v":"Opcje"},{"$i":"reset","$v":"Zresetuj"},{"$i":"start","$v":"Rozpocznij"},{"$i":"stop","$v":"Zakończ"},{"$i":"cancel","$v":"Anuluj"},{"$i":"hour","$v":"Godz."},{"$i":"hours","$v":"Godz."},{"$i":"minute","$v":"Min"},{"$i":"minutes","$v":"Min"},{"$i":"second","$v":"Sekunda"},{"$i":"alarm","$v":"Alarm"},{"$i":"alarm-name","placeholder":"Alarm"},{"$i":"timer","$v":"Minutnik"},{"$i":"stopwatch","$v":"Stoper"},{"$i":"alarmName","$v":"Nazwa alarmu"},{"$i":"newAlarm","$v":"Nowy alarm"},{"$i":"editAlarm","$v":"Edytuj alarm"},{"$i":"kaiSettings","$v":"Ustawienia"},{"$i":"clock-settings","$v":"Ustawienia zegara"},{"$i":"alarms-maximum","$v":"Osiągnięto maksymalną liczbę alarmów"},{"$i":"laps-maximum","$v":"Osiągnięto maksymalną liczbę okrążeń"},{"$i":"changes-saved","$v":"Zapisano zmiany."},{"$i":"pause","$v":"Wstrzymaj"},{"$i":"resume","$v":"Wznów"},{"$i":"lap","$v":"Okrążenie"},{"$i":"lap-number","$v":["Okrążenie ",{"t":"idOrVar","v":"n"}]},{"$i":"timer-hour","$v":"godz."},{"$i":"timer-min","$v":"min"},{"$i":"timer-sec","$v":"s"},{"$i":"delete","$v":"Usuń"},{"$i":"time","$v":"Czas"},{"$i":"snooze-label","$v":"Drzemka"},{"$i":"snooze-button","$v":"Drzemka"},{"$i":"repeat","$v":"Powtarzaj"},{"$i":"vibrate","$v":"Wibracje"},{"$i":"close","$v":"Zamknij"},{"$i":"save","$v":"Zapisz"},{"$i":"done","$v":"Gotowe"},{"$i":"kai-select-time","$v":"Wybierz czas"},{"$i":"closeButton","ariaLabel":"Zamknij"},{"$i":"newAlarmButton","ariaLabel":"Nowy alarm"},{"$i":"alarm-volume-label","$v":"Głośność alarmu systemowego"},{"$i":"kai-volume","$v":"Głośność:"},{"$i":"volume-level-display","$v":[{"t":"idOrVar","v":"n"}," / ",{"t":"idOrVar","v":"c"}]},{"$i":"sound","$v":"Dźwięk"},{"$i":"noSound","$v":"Brak dźwięku"},{"$i":"kai-ringtones","$v":"Dzwonki"},{"$i":"everyday","$v":"Codziennie"},{"$i":"weekdays","$v":"Dni robocze"},{"$i":"weekends","$v":"Weekendy"},{"$i":"never","$v":"Nigdy"},{"$i":"vibrateOn","$v":"Wł."},{"$i":"vibrateOff","$v":"Wył."},{"$i":"kai-on","$v":"Wł."},{"$i":"kai-off","$v":"Wył."},{"$i":"plusMinute","$v":"+1 min"},{"$i":"dateFormat","$v":"%A, %B %e"},{"$i":"countdown-lessThanAnHour","$v":["Alarm włączy się za ",{"t":"idOrVar","v":"minutes"},"."]},{"$i":"countdown-moreThanAnHour","$v":["Alarm włączy się za ",{"t":"idOrVar","v":"hours"}," ",{"t":"idOrVar","v":"minutes"},"."]},{"$i":"countdown-moreThanADay","$v":["Alarm włączy się za ",{"t":"idOrVar","v":"days"}," ",{"t":"idOrVar","v":"hours"},"."]},{"$i":"kai-alarm-off","$v":"Wyłączono alarm."},{"$i":"kai-alarm-deleted","$v":"Usunięto alarm."},{"$i":"alarm-delete-all","$v":"Usunięto wszystkie alarmy."},{"$i":"nMinutes","$v":{"few":[{"t":"idOrVar","v":"n"}," min"],"many":[{"t":"idOrVar","v":"n"}," min"],"one":"jedna minuta","other":[{"t":"idOrVar","v":"n"}," min"],"two":[{"t":"idOrVar","v":"n"}," min"],"zero":"mniej niż minuta"},"$x":[{"t":"idOrVar","v":"plural"},"n"]},{"$i":"nHours","$v":{"few":[{"t":"idOrVar","v":"n"}," godz."],"many":[{"t":"idOrVar","v":"n"}," godz."],"one":[{"t":"idOrVar","v":"n"}," godzina"],"other":[{"t":"idOrVar","v":"n"}," godz."],"two":[{"t":"idOrVar","v":"n"}," godz."]},"$x":[{"t":"idOrVar","v":"plural"},"n"]},{"$i":"nAndRemainHours","$v":{"few":["i ",{"t":"idOrVar","v":"n"}," godz."],"many":["i ",{"t":"idOrVar","v":"n"}," godz."],"one":["i ",{"t":"idOrVar","v":"n"}," godzinę"],"other":["i ",{"t":"idOrVar","v":"n"}," godz."],"two":["i ",{"t":"idOrVar","v":"n"}," godz."]},"$x":[{"t":"idOrVar","v":"plural"},"n"]},{"$i":"nRemainDays","$v":{"few":[{"t":"idOrVar","v":"n"}," dni"],"many":[{"t":"idOrVar","v":"n"}," dni"],"one":[{"t":"idOrVar","v":"n"}," dzień"],"other":[{"t":"idOrVar","v":"n"}," dni"],"two":[{"t":"idOrVar","v":"n"}," dni"]},"$x":[{"t":"idOrVar","v":"plural"},"n"]},{"$i":"nRemainMinutes","$v":{"few":["i ",{"t":"idOrVar","v":"n"}," min"],"many":["i ",{"t":"idOrVar","v":"n"}," min"],"one":["i ",{"t":"idOrVar","v":"n"}," min"],"other":["i ",{"t":"idOrVar","v":"n"}," min"],"two":["i ",{"t":"idOrVar","v":"n"}," min"]},"$x":[{"t":"idOrVar","v":"plural"},"n"]},{"$i":"nSpinnerSeconds","$v":{"few":[{"t":"idOrVar","v":"n"}," s"],"many":[{"t":"idOrVar","v":"n"}," s"],"one":"jedna sekunda","other":[{"t":"idOrVar","v":"n"}," s"],"two":[{"t":"idOrVar","v":"n"}," s"],"zero":"zero sekund"},"$x":[{"t":"idOrVar","v":"plural"},"n"]},{"$i":"nSpinnerMinutes","$v":{"few":[{"t":"idOrVar","v":"n"}," min"],"many":[{"t":"idOrVar","v":"n"}," min"],"one":"jedna minuta","other":[{"t":"idOrVar","v":"n"}," min"],"two":[{"t":"idOrVar","v":"n"}," min"],"zero":"zero minut"},"$x":[{"t":"idOrVar","v":"plural"},"n"]},{"$i":"nSpinnerHours","$v":{"few":[{"t":"idOrVar","v":"n"}," godz."],"many":[{"t":"idOrVar","v":"n"}," godz."],"one":[{"t":"idOrVar","v":"n"}," godzina"],"other":[{"t":"idOrVar","v":"n"}," godz."],"two":[{"t":"idOrVar","v":"n"}," godz."],"zero":"zero godzin"},"$x":[{"t":"idOrVar","v":"plural"},"n"]},{"$i":"kai-stop","$v":"Zakończ"},{"$i":"kai-snooze","$v":"Drzemka"},{"$i":"ac_africa_ogg","$v":"Afryka"},{"$i":"ac_amazon_ogg","$v":"Amazon"},{"$i":"ac_disco_ogg","$v":"Disco"},{"$i":"ac_fairy_tales_ogg","$v":"Fairy tales"},{"$i":"ac_fresh_ogg","$v":"Fresh"},{"$i":"ac_galaxy_ogg","$v":"Galaxy"},{"$i":"ac_kai_ogg","$v":"Kai"},{"$i":"ac_techno_ogg","$v":"Techno"},{"$i":"ac_woody_ogg","$v":"Woody"},{"$i":"ac_awake_opus","$v":"Awake"},{"$i":"ac_crystalize_opus","$v":"Crystalize"},{"$i":"ac_cycle_opus","$v":"Cycle"},{"$i":"ac_digicloud_opus","$v":"Digicloud"},{"$i":"ac_humming_waves_opus","$v":"Humming Waves"},{"$i":"ac_into_the_void_opus","$v":"Into the Void"},{"$i":"ac_lightly_opus","$v":"Lightly"},{"$i":"ac_mobile_opus","$v":"Komórkowy"},{"$i":"ac_pinger_opus","$v":"Pinger"},{"$i":"ac_skip_opus","$v":"Pomiń"},{"$i":"ac_tri_opus","$v":"Tri"},{"$i":"ac_universal_opus","$v":"Universal"},{"$i":"kai-options","$v":"Opcje"},{"$i":"kai-clock-title","$v":"Zegar"},{"$i":"alarm-title","$v":"Alarm"},{"$i":"no-alarms-body","$v":"Nie ustawiono żadnych alarmów."},{"$i":"press-new","$v":"Naciśnij przycisk Nowa, aby rozpocząć."},{"$i":"kai-new-alarm","$v":"Nowe"},{"$i":"kai-settings","$v":"Ustawienia"},{"$i":"kai-cancel","$v":"Anuluj"},{"$i":"kai-save","$v":"Zapisz"},{"$i":"turnOn","$v":"Włącz"},{"$i":"turnOff","$v":"Wyłącz"},{"$i":"edit","$v":"Edytuj"},{"$i":"select","$v":"Wybierz"},{"$i":"kai-delete","$v":"Usuń"},{"$i":"delete-all","$v":"Usuń wszystkie"},{"$i":"kai-selected-alarm","$v":"Wybrany alarm"},{"$i":"set","$v":"Ustaw"},{"$i":"kai-start","$v":"Rozpocznij"},{"$i":"kai-reset","$v":"Zresetuj"},{"$i":"kai-min-plus","$v":"+1 min"},{"$i":"kai-resume","$v":"Wznów"},{"$i":"kai-lap","$v":"Okrążenie"},{"$i":"play","$v":"Odtwórz"},{"$i":"kai-no-repeat","$v":"Nie powtarzaj"},{"$i":"kai-confirm-title","$v":"Potwierdzenie"},{"$i":"kai-confirm-delete-body","$v":"Usunąć wybrany alarm?"},{"$i":"confirm-delete-all-body","$v":"Usunąć wszystkie alarmy?"},{"$i":"kai-confirm-end-key-body","$v":{"$o":"Aplikacja zostanie zamknięta i nastąpi utrata danych. <br><br> Czy chcesz powrócić do edycji?"}},{"$i":"kai-confirm-exit-button","$v":"Wyjdź"},{"$i":"kai-confirm-return-button","$v":"Powrót"}]