[{"$i":"weekday-0-long","$v":"Воскресенье"},{"$i":"weekday-1-long","$v":"Понедельник"},{"$i":"weekday-2-long","$v":"Вторник"},{"$i":"weekday-3-long","$v":"Среда"},{"$i":"weekday-4-long","$v":"Четверг"},{"$i":"weekday-5-long","$v":"Пятница"},{"$i":"weekday-6-long","$v":"Суббота"},{"$i":"weekday-0-short","$v":"Вс"},{"$i":"weekday-1-short","$v":"Пн"},{"$i":"weekday-2-short","$v":"Вт"},{"$i":"weekday-3-short","$v":"Ср"},{"$i":"weekday-4-short","$v":"Чт"},{"$i":"weekday-5-short","$v":"Пт"},{"$i":"weekday-6-short","$v":"Сб"},{"$i":"month-0-long","$v":"Январь"},{"$i":"month-1-long","$v":"Февраль"},{"$i":"month-2-long","$v":"Март"},{"$i":"month-3-long","$v":"Апрель"},{"$i":"month-4-long","$v":"Май"},{"$i":"month-5-long","$v":"Июнь"},{"$i":"month-6-long","$v":"Июль"},{"$i":"month-7-long","$v":"Август"},{"$i":"month-8-long","$v":"Сентябрь"},{"$i":"month-9-long","$v":"Октябрь"},{"$i":"month-10-long","$v":"Ноябрь"},{"$i":"month-11-long","$v":"Декабрь"},{"$i":"month-0-genitive","$v":"Январь"},{"$i":"month-1-genitive","$v":"Февраль"},{"$i":"month-2-genitive","$v":"Март"},{"$i":"month-3-genitive","$v":"Апрель"},{"$i":"month-4-genitive","$v":"Май"},{"$i":"month-5-genitive","$v":"Июнь"},{"$i":"month-6-genitive","$v":"Июль"},{"$i":"month-7-genitive","$v":"Август"},{"$i":"month-8-genitive","$v":"Сентябрь"},{"$i":"month-9-genitive","$v":"Октябрь"},{"$i":"month-10-genitive","$v":"Ноябрь"},{"$i":"month-11-genitive","$v":"Декабрь"},{"$i":"month-0-short","$v":"Янв"},{"$i":"month-1-short","$v":"Фев"},{"$i":"month-2-short","$v":"Мар"},{"$i":"month-3-short","$v":"Апр"},{"$i":"month-4-short","$v":"Май"},{"$i":"month-5-short","$v":"Июн"},{"$i":"month-6-short","$v":"Июл"},{"$i":"month-7-short","$v":"Авг"},{"$i":"month-8-short","$v":"Сен"},{"$i":"month-9-short","$v":"Окт"},{"$i":"month-10-short","$v":"Ноя"},{"$i":"month-11-short","$v":"Дек"},{"$i":"minutes-ago-long","$v":{"few":[{"t":"idOrVar","v":"value"}," минут назад"],"many":[{"t":"idOrVar","v":"value"}," минут назад"],"other":[{"t":"idOrVar","v":"value"}," минут назад"],"two":[{"t":"idOrVar","v":"value"}," минут назад"],"one":"минуту назад","zero":"Сейчас"},"$x":[{"t":"idOrVar","v":"plural"},"value"]},{"$i":"hours-ago-long","$v":{"few":[{"t":"idOrVar","v":"value"}," часов назад"],"many":[{"t":"idOrVar","v":"value"}," часов назад"],"other":[{"t":"idOrVar","v":"value"}," часов назад"],"two":[{"t":"idOrVar","v":"value"}," часов назад"],"one":"час назад","zero":"Сейчас"},"$x":[{"t":"idOrVar","v":"plural"},"value"]},{"$i":"days-ago-long","$v":{"few":[{"t":"idOrVar","v":"value"}," дней назад"],"many":[{"t":"idOrVar","v":"value"}," дней назад"],"one":"вчера","other":[{"t":"idOrVar","v":"value"}," дней назад"],"two":[{"t":"idOrVar","v":"value"}," дней назад"],"zero":"сегодня"},"$x":[{"t":"idOrVar","v":"plural"},"value"]},{"$i":"weeks-ago-long","$v":{"few":[{"t":"idOrVar","v":"value"}," недель назад"],"many":[{"t":"idOrVar","v":"value"}," недель назад"],"one":"последняя неделя","other":[{"t":"idOrVar","v":"value"}," недель назад"],"two":[{"t":"idOrVar","v":"value"}," недель назад"],"zero":"эта неделя"},"$x":[{"t":"idOrVar","v":"plural"},"value"]},{"$i":"months-ago-long","$v":{"few":[{"t":"idOrVar","v":"value"}," месяцев назад"],"many":[{"t":"idOrVar","v":"value"}," месяцев назад"],"one":"прошлый месяц","other":[{"t":"idOrVar","v":"value"}," месяцев назад"],"two":[{"t":"idOrVar","v":"value"}," месяцев назад"],"zero":"этот месяц"},"$x":[{"t":"idOrVar","v":"plural"},"value"]},{"$i":"years-ago-long","$v":{"few":[{"t":"idOrVar","v":"value"}," лет назад"],"many":[{"t":"idOrVar","v":"value"}," лет назад"],"one":"прошлый год","other":[{"t":"idOrVar","v":"value"}," лет назад"],"two":[{"t":"idOrVar","v":"value"}," лет назад"],"zero":"этот год"},"$x":[{"t":"idOrVar","v":"plural"},"value"]},{"$i":"minutes-until-long","$v":{"few":["через ",{"t":"idOrVar","v":"value"}," минут"],"many":["через ",{"t":"idOrVar","v":"value"}," минут"],"other":["через ",{"t":"idOrVar","v":"value"}," минут"],"two":["через ",{"t":"idOrVar","v":"value"}," минут"],"zero":"сейчас","one":"через минуту"},"$x":[{"t":"idOrVar","v":"plural"},"value"]},{"$i":"hours-until-long","$v":{"few":["через ",{"t":"idOrVar","v":"value"}," часов"],"many":["через ",{"t":"idOrVar","v":"value"}," часов"],"other":["через ",{"t":"idOrVar","v":"value"}," часов"],"two":["через ",{"t":"idOrVar","v":"value"}," часов"],"zero":"сейчас","one":"через  час"},"$x":[{"t":"idOrVar","v":"plural"},"value"]},{"$i":"days-until-long","$v":{"few":["через ",{"t":"idOrVar","v":"value"}," дней"],"many":["через ",{"t":"idOrVar","v":"value"}," дней"],"one":"завтра","other":["через ",{"t":"idOrVar","v":"value"}," дней"],"two":["через ",{"t":"idOrVar","v":"value"}," дней"],"zero":"сегодня"},"$x":[{"t":"idOrVar","v":"plural"},"value"]},{"$i":"weeks-until-long","$v":{"few":["через ",{"t":"idOrVar","v":"value"}," нед."],"many":["через ",{"t":"idOrVar","v":"value"}," нед."],"one":"следующая неделя","other":["через ",{"t":"idOrVar","v":"value"}," нед."],"two":["через ",{"t":"idOrVar","v":"value"}," нед."],"zero":"эта неделя"},"$x":[{"t":"idOrVar","v":"plural"},"value"]},{"$i":"months-until-long","$v":{"few":["через ",{"t":"idOrVar","v":"value"}," мес."],"many":["через ",{"t":"idOrVar","v":"value"}," мес."],"one":"в следующем месяце","other":["через ",{"t":"idOrVar","v":"value"}," мес."],"two":["через ",{"t":"idOrVar","v":"value"}," мес."],"zero":"этот месяц"},"$x":[{"t":"idOrVar","v":"plural"},"value"]},{"$i":"years-until-long","$v":{"few":["через ",{"t":"idOrVar","v":"value"}," лет"],"many":["через ",{"t":"idOrVar","v":"value"}," лет"],"one":"следующий год","other":["через ",{"t":"idOrVar","v":"value"}," лет"],"two":["через ",{"t":"idOrVar","v":"value"}," лет"],"zero":"этот год"},"$x":[{"t":"idOrVar","v":"plural"},"value"]},{"$i":"minutes-ago-short","$v":{"other":[{"t":"idOrVar","v":"value"}," мин назад"],"zero":"Сейчас"},"$x":[{"t":"idOrVar","v":"plural"},"value"]},{"$i":"hours-ago-short","$v":{"other":[{"t":"idOrVar","v":"value"}," ч назад"],"zero":"Сейчас"},"$x":[{"t":"idOrVar","v":"plural"},"value"]},{"$i":"days-ago-short","$v":{"other":[{"t":"idOrVar","v":"value"}," д назад"],"zero":"сегодня"},"$x":[{"t":"idOrVar","v":"plural"},"value"]},{"$i":"minutes-until-short","$v":{"other":["через ",{"t":"idOrVar","v":"value"}," мин"],"zero":"сейчас"},"$x":[{"t":"idOrVar","v":"plural"},"value"]},{"$i":"hours-until-short","$v":{"other":["через ",{"t":"idOrVar","v":"value"}," ч"],"zero":"сейчас"},"$x":[{"t":"idOrVar","v":"plural"},"value"]},{"$i":"days-until-short","$v":{"other":["через ",{"t":"idOrVar","v":"value"}," д"],"zero":"сегодня"},"$x":[{"t":"idOrVar","v":"plural"},"value"]},{"$i":"incorrectDate","$v":"(неверная дата)"},{"$i":"dateTimeFormat_%c","$v":"%a %b %e %Y %I:%M:%S %p"},{"$i":"dateTimeFormat_%x","$v":"%m/%d/%Y"},{"$i":"dateTimeFormat_%X","$v":"%I:%M:%S %p"},{"$i":"shortTimeFormat","$v":"%I:%M %p"},{"$i":"shortTimeFormat12","$v":"%I:%M %p"},{"$i":"shortTimeFormat24","$v":"%H:%M"},{"$i":"shortDateTimeFormat","$v":"%x %I:%M %p"},{"$i":"weekStartsOnMonday","$v":"0.0"},{"$i":"firstDayOfTheWeek","$v":"1.0"},{"$i":"time_am","$v":"AM"},{"$i":"time_pm","$v":"PM"},{"$i":"softkey-options","$v":"Опции"},{"$i":"reset","$v":"Сбросить"},{"$i":"start","$v":"Начать"},{"$i":"stop","$v":"Остановить"},{"$i":"cancel","$v":"Отмена"},{"$i":"hour","$v":"Час"},{"$i":"hours","$v":"Часы"},{"$i":"minute","$v":"Минута"},{"$i":"minutes","$v":"Минуты"},{"$i":"second","$v":"Секунды"},{"$i":"alarm","$v":"Будильник"},{"$i":"alarm-name","placeholder":"Будильник"},{"$i":"timer","$v":"Таймер"},{"$i":"stopwatch","$v":"Секундомер"},{"$i":"alarmName","$v":"Имя Будильника"},{"$i":"newAlarm","$v":"Новый будильник"},{"$i":"editAlarm","$v":"Изменить будильник"},{"$i":"kaiSettings","$v":"Настройки"},{"$i":"clock-settings","$v":"Настройки Часов"},{"$i":"alarms-maximum","$v":"Вы достигли максимального количества будильников."},{"$i":"laps-maximum","$v":"Вы достигли максимального количества кругов."},{"$i":"changes-saved","$v":"Изменения сохранены."},{"$i":"pause","$v":"Пауза"},{"$i":"resume","$v":"Возобновить"},{"$i":"lap","$v":"Круг"},{"$i":"lap-number","$v":["Круг ",{"t":"idOrVar","v":"n"}]},{"$i":"timer-hour","$v":"час"},{"$i":"timer-min","$v":"мин"},{"$i":"timer-sec","$v":"с"},{"$i":"delete","$v":"Удалить"},{"$i":"time","$v":"Часы"},{"$i":"snooze-label","$v":"Отложить"},{"$i":"snooze-button","$v":"Отложить"},{"$i":"repeat","$v":"Повторить"},{"$i":"vibrate","$v":"Вибросигнал"},{"$i":"close","$v":"Закрыть"},{"$i":"save","$v":"Сохранить"},{"$i":"done","$v":"Готово"},{"$i":"kai-select-time","$v":"Выбрать"},{"$i":"closeButton","ariaLabel":"Закрыть"},{"$i":"newAlarmButton","ariaLabel":"Новый будильник"},{"$i":"alarm-volume-label","$v":"Системная Громкость Будильника"},{"$i":"kai-volume","$v":"Громкость:"},{"$i":"volume-level-display","$v":[{"t":"idOrVar","v":"n"}," / ",{"t":"idOrVar","v":"c"}]},{"$i":"sound","$v":"Звук"},{"$i":"noSound","$v":"Без звука"},{"$i":"kai-ringtones","$v":"Мелодии"},{"$i":"everyday","$v":"Ежедневно"},{"$i":"weekdays","$v":"Будние дни"},{"$i":"weekends","$v":"Выходные дни"},{"$i":"never","$v":"Никогда"},{"$i":"vibrateOn","$v":"Вкл"},{"$i":"vibrateOff","$v":"Выкл"},{"$i":"kai-on","$v":"Вкл"},{"$i":"kai-off","$v":"Выкл"},{"$i":"plusMinute","$v":"+1 минут"},{"$i":"dateFormat","$v":"%A, %B %e"},{"$i":"countdown-lessThanAnHour","$v":["Будильник сработает через ",{"t":"idOrVar","v":"minutes"},"."]},{"$i":"countdown-moreThanAnHour","$v":["Будильник сработает через ",{"t":"idOrVar","v":"hours"}," ",{"t":"idOrVar","v":"minutes"},"."]},{"$i":"countdown-moreThanADay","$v":["Будильник сработает через ",{"t":"idOrVar","v":"days"}," ",{"t":"idOrVar","v":"hours"},"."]},{"$i":"kai-alarm-off","$v":"Будильник выключен."},{"$i":"kai-alarm-deleted","$v":"Будильник удалён."},{"$i":"alarm-delete-all","$v":"Все будильники удалены."},{"$i":"nMinutes","$v":{"few":[{"t":"idOrVar","v":"n"}," мин."],"many":[{"t":"idOrVar","v":"n"}," мин."],"one":"одна мин.","other":[{"t":"idOrVar","v":"n"}," мин."],"two":[{"t":"idOrVar","v":"n"}," мин."],"zero":"осталось меньше минуты"},"$x":[{"t":"idOrVar","v":"plural"},"n"]},{"$i":"nHours","$v":{"few":[{"t":"idOrVar","v":"n"}," ч."],"many":[{"t":"idOrVar","v":"n"}," ч."],"one":[{"t":"idOrVar","v":"n"}," ч."],"other":[{"t":"idOrVar","v":"n"}," ч."],"two":[{"t":"idOrVar","v":"n"}," ч."]},"$x":[{"t":"idOrVar","v":"plural"},"n"]},{"$i":"nAndRemainHours","$v":{"few":["и  ",{"t":"idOrVar","v":"n"}," ч."],"many":["и  ",{"t":"idOrVar","v":"n"}," ч."],"one":["и  ",{"t":"idOrVar","v":"n"}," ч."],"other":["и  ",{"t":"idOrVar","v":"n"}," ч."],"two":["и  ",{"t":"idOrVar","v":"n"}," ч."]},"$x":[{"t":"idOrVar","v":"plural"},"n"]},{"$i":"nRemainDays","$v":{"few":[{"t":"idOrVar","v":"n"}," дней"],"many":[{"t":"idOrVar","v":"n"}," дней"],"one":[{"t":"idOrVar","v":"n"}," день"],"other":[{"t":"idOrVar","v":"n"}," дней"],"two":[{"t":"idOrVar","v":"n"}," дней"]},"$x":[{"t":"idOrVar","v":"plural"},"n"]},{"$i":"nRemainMinutes","$v":{"few":["и  ",{"t":"idOrVar","v":"n"}," мин."],"many":["и  ",{"t":"idOrVar","v":"n"}," мин."],"one":["и  ",{"t":"idOrVar","v":"n"}," мин."],"other":["и  ",{"t":"idOrVar","v":"n"}," мин."],"two":["и  ",{"t":"idOrVar","v":"n"}," мин."]},"$x":[{"t":"idOrVar","v":"plural"},"n"]},{"$i":"nSpinnerSeconds","$v":{"few":[{"t":"idOrVar","v":"n"}," с."],"many":[{"t":"idOrVar","v":"n"}," с."],"one":"одна секунда","other":[{"t":"idOrVar","v":"n"}," с."],"two":[{"t":"idOrVar","v":"n"}," с."],"zero":"ноль секунд"},"$x":[{"t":"idOrVar","v":"plural"},"n"]},{"$i":"nSpinnerMinutes","$v":{"few":[{"t":"idOrVar","v":"n"}," мин."],"many":[{"t":"idOrVar","v":"n"}," мин."],"one":"одна мин.","other":[{"t":"idOrVar","v":"n"}," мин."],"two":[{"t":"idOrVar","v":"n"}," мин."],"zero":"ноль мин."},"$x":[{"t":"idOrVar","v":"plural"},"n"]},{"$i":"nSpinnerHours","$v":{"few":[{"t":"idOrVar","v":"n"}," ч."],"many":[{"t":"idOrVar","v":"n"}," ч."],"one":[{"t":"idOrVar","v":"n"}," ч."],"other":[{"t":"idOrVar","v":"n"}," ч."],"two":[{"t":"idOrVar","v":"n"}," ч."],"zero":"ноль часов"},"$x":[{"t":"idOrVar","v":"plural"},"n"]},{"$i":"kai-stop","$v":"Остановить"},{"$i":"kai-snooze","$v":"Отложить"},{"$i":"ac_africa_ogg","$v":"Африка"},{"$i":"ac_amazon_ogg","$v":"Amazon"},{"$i":"ac_disco_ogg","$v":"Disco"},{"$i":"ac_fairy_tales_ogg","$v":"Fairy tales"},{"$i":"ac_fresh_ogg","$v":"Fresh"},{"$i":"ac_galaxy_ogg","$v":"Galaxy"},{"$i":"ac_kai_ogg","$v":"Kai"},{"$i":"ac_techno_ogg","$v":"Techno"},{"$i":"ac_woody_ogg","$v":"Woody"},{"$i":"ac_awake_opus","$v":"Бодрствование"},{"$i":"ac_crystalize_opus","$v":"Crystalize"},{"$i":"ac_cycle_opus","$v":"Cycle"},{"$i":"ac_digicloud_opus","$v":"Digicloud"},{"$i":"ac_humming_waves_opus","$v":"Humming Waves"},{"$i":"ac_into_the_void_opus","$v":"Into the Void"},{"$i":"ac_lightly_opus","$v":"Легко"},{"$i":"ac_mobile_opus","$v":"Мобильный"},{"$i":"ac_pinger_opus","$v":"Pinger"},{"$i":"ac_skip_opus","$v":"Пропустить"},{"$i":"ac_tri_opus","$v":"Tri"},{"$i":"ac_universal_opus","$v":"Универсальный"},{"$i":"kai-options","$v":"Опции"},{"$i":"kai-clock-title","$v":"Часы"},{"$i":"alarm-title","$v":"Будильник"},{"$i":"no-alarms-body","$v":"Будильники не установлены."},{"$i":"press-new","$v":"Нажмите Новый, чтобы начать."},{"$i":"kai-new-alarm","$v":"Новые"},{"$i":"kai-settings","$v":"Настройки"},{"$i":"kai-cancel","$v":"Отмена"},{"$i":"kai-save","$v":"Сохранить"},{"$i":"turnOn","$v":"Включить"},{"$i":"turnOff","$v":"Выключить"},{"$i":"edit","$v":"Изменить"},{"$i":"select","$v":"Выбрать"},{"$i":"kai-delete","$v":"Удалить"},{"$i":"delete-all","$v":"Удалить все"},{"$i":"kai-selected-alarm","$v":"Выбрать будильник"},{"$i":"set","$v":"Установить"},{"$i":"kai-start","$v":"Начать"},{"$i":"kai-reset","$v":"Сбросить"},{"$i":"kai-min-plus","$v":"+1 минут"},{"$i":"kai-resume","$v":"Возобновить"},{"$i":"kai-lap","$v":"Круг"},{"$i":"play","$v":"Воспроизведение"},{"$i":"kai-no-repeat","$v":"Без повторов"},{"$i":"kai-confirm-title","$v":"Подтверждение"},{"$i":"kai-confirm-delete-body","$v":"Удалить выбранный будильник?"},{"$i":"confirm-delete-all-body","$v":"Удалить все будильники?"},{"$i":"kai-confirm-end-key-body","$v":{"$o":"Приложение будет закрыто с потерей данных. <br><br> Хотите вернуться к редактированию?"}},{"$i":"kai-confirm-exit-button","$v":"Выход"},{"$i":"kai-confirm-return-button","$v":"Вернуться"}]