[{"$i":"weekday-0-long","$v":"ඉරිදා"},{"$i":"weekday-1-long","$v":"සඳුදා"},{"$i":"weekday-2-long","$v":"අඟහරුවාදා"},{"$i":"weekday-3-long","$v":"බදාදා"},{"$i":"weekday-4-long","$v":"බ්‍රහස්පතින්දා"},{"$i":"weekday-5-long","$v":"සිකුරාදා"},{"$i":"weekday-6-long","$v":"සෙනසුරාදා"},{"$i":"weekday-0-short","$v":"ඉරිදා"},{"$i":"weekday-1-short","$v":"සඳු"},{"$i":"weekday-2-short","$v":"අඟ"},{"$i":"weekday-3-short","$v":"බදා"},{"$i":"weekday-4-short","$v":"බ්‍රහස්"},{"$i":"weekday-5-short","$v":"සිකු"},{"$i":"weekday-6-short","$v":"සෙන"},{"$i":"month-0-long","$v":"ජනවාරි"},{"$i":"month-1-long","$v":"පෙබරවාරි"},{"$i":"month-2-long","$v":"මාර්තු"},{"$i":"month-3-long","$v":"අප්‍රේල්"},{"$i":"month-4-long","$v":"මැයි"},{"$i":"month-5-long","$v":"ජුනි"},{"$i":"month-6-long","$v":"ජූලි"},{"$i":"month-7-long","$v":"අගෝස්තු"},{"$i":"month-8-long","$v":"සැප්තැම්බර්"},{"$i":"month-9-long","$v":"ඔක්තෝබර්"},{"$i":"month-10-long","$v":"නොවැම්බර්"},{"$i":"month-11-long","$v":"දෙසැම්බර්"},{"$i":"month-0-genitive","$v":"ජනවාරි"},{"$i":"month-1-genitive","$v":"පෙබරවාරි"},{"$i":"month-2-genitive","$v":"මාර්තු"},{"$i":"month-3-genitive","$v":"අප්‍රේල්"},{"$i":"month-4-genitive","$v":"මැයි"},{"$i":"month-5-genitive","$v":"ජූනි"},{"$i":"month-6-genitive","$v":"ජුලි"},{"$i":"month-7-genitive","$v":"අගෝස්තු"},{"$i":"month-8-genitive","$v":"සැප්තැම්බර්"},{"$i":"month-9-genitive","$v":"ඔක්තෝබර්"},{"$i":"month-10-genitive","$v":"නොවැම්බර්"},{"$i":"month-11-genitive","$v":"දෙසැම්බර්"},{"$i":"month-0-short","$v":"ජන"},{"$i":"month-1-short","$v":"පෙබ"},{"$i":"month-2-short","$v":"මාර්."},{"$i":"month-3-short","$v":"අප්‍රේ"},{"$i":"month-4-short","$v":"මැයි"},{"$i":"month-5-short","$v":"ජූනි"},{"$i":"month-6-short","$v":"ජූලි"},{"$i":"month-7-short","$v":"අගෝ"},{"$i":"month-8-short","$v":"සැප්"},{"$i":"month-9-short","$v":"ඔක්"},{"$i":"month-10-short","$v":"නොවැ"},{"$i":"month-11-short","$v":"දෙසැ"},{"$i":"minutes-ago-long","$v":{"few":[{"t":"idOrVar","v":"value"}," මිනිත්තුවකට පෙර"],"many":[{"t":"idOrVar","v":"value"}," මිනිත්තුවකට පෙර"],"other":[{"t":"idOrVar","v":"value"}," මිනිත්තුවකට පෙර"],"two":[{"t":"idOrVar","v":"value"}," මිනිත්තුවකට පෙර"],"one":"මිනිත්තුවකට පෙර","zero":"මේ දැන්"},"$x":[{"t":"idOrVar","v":"plural"},"value"]},{"$i":"hours-ago-long","$v":{"few":[{"t":"idOrVar","v":"value"}," පැයකට ඉහත"],"many":[{"t":"idOrVar","v":"value"}," පැයකට ඉහත"],"other":[{"t":"idOrVar","v":"value"}," පැයකට ඉහත"],"two":[{"t":"idOrVar","v":"value"}," පැයකට ඉහත"],"one":"පැය 1 කට පෙර","zero":"මේ දැන්"},"$x":[{"t":"idOrVar","v":"plural"},"value"]},{"$i":"days-ago-long","$v":{"few":[{"t":"idOrVar","v":"value"}," දවසකට ඉහත"],"many":[{"t":"idOrVar","v":"value"}," දවසකට ඉහත"],"one":"ඊයේ","other":[{"t":"idOrVar","v":"value"}," දවසකට ඉහත"],"two":[{"t":"idOrVar","v":"value"}," දවසකට ඉහත"],"zero":"අද"},"$x":[{"t":"idOrVar","v":"plural"},"value"]},{"$i":"weeks-ago-long","$v":{"few":[{"t":"idOrVar","v":"value"}," සතියකට ඉහත"],"many":[{"t":"idOrVar","v":"value"}," සතියකට ඉහත"],"one":"පසුගිය සතිය","other":[{"t":"idOrVar","v":"value"}," සතියකට ඉහත"],"two":[{"t":"idOrVar","v":"value"}," සතියකට ඉහත"],"zero":"මේ සතිය"},"$x":[{"t":"idOrVar","v":"plural"},"value"]},{"$i":"months-ago-long","$v":{"few":[{"t":"idOrVar","v":"value"}," මසකට ඉහත"],"many":[{"t":"idOrVar","v":"value"}," මසකට ඉහත"],"one":"අවසන් මාසය","other":[{"t":"idOrVar","v":"value"}," මසකට ඉහත"],"two":[{"t":"idOrVar","v":"value"}," මසකට ඉහත"],"zero":"මේ මාසය"},"$x":[{"t":"idOrVar","v":"plural"},"value"]},{"$i":"years-ago-long","$v":{"few":[{"t":"idOrVar","v":"value"}," වසරකට ඉහත"],"many":[{"t":"idOrVar","v":"value"}," වසරකට ඉහත"],"one":"පසුගිය වසර","other":[{"t":"idOrVar","v":"value"}," වසරකට ඉහත"],"two":[{"t":"idOrVar","v":"value"}," වසරකට ඉහත"],"zero":"මෙම වසර"},"$x":[{"t":"idOrVar","v":"plural"},"value"]},{"$i":"minutes-until-long","$v":{"few":["මිනිත්තු",{"t":"idOrVar","v":"value"}," කින්"],"many":["මිනිත්තු",{"t":"idOrVar","v":"value"}," කින්"],"other":["මිනිත්තු",{"t":"idOrVar","v":"value"}," කින්"],"two":["මිනිත්තු",{"t":"idOrVar","v":"value"}," කින්"],"zero":"දැන්","one":"මිනිත්තු 1 කින්"},"$x":[{"t":"idOrVar","v":"plural"},"value"]},{"$i":"hours-until-long","$v":{"few":["පැය ",{"t":"idOrVar","v":"value"}," කින්"],"many":["පැය ",{"t":"idOrVar","v":"value"}," කින්"],"other":["පැය ",{"t":"idOrVar","v":"value"}," කින්"],"two":["පැය ",{"t":"idOrVar","v":"value"}," කින්"],"zero":"දැන්","one":"පැය 1 කින්"},"$x":[{"t":"idOrVar","v":"plural"},"value"]},{"$i":"days-until-long","$v":{"few":["දින ",{"t":"idOrVar","v":"value"}," කින්"],"many":["දින ",{"t":"idOrVar","v":"value"}," කින්"],"one":"හෙට","other":["දින ",{"t":"idOrVar","v":"value"}," කින්"],"two":["දින ",{"t":"idOrVar","v":"value"}," කින්"],"zero":"අද"},"$x":[{"t":"idOrVar","v":"plural"},"value"]},{"$i":"weeks-until-long","$v":{"few":["සති ",{"t":"idOrVar","v":"value"}," කින්"],"many":["සති ",{"t":"idOrVar","v":"value"}," කින්"],"one":"ඊළඟ සතිය","other":["සති ",{"t":"idOrVar","v":"value"}," කින්"],"two":["සති ",{"t":"idOrVar","v":"value"}," කින්"],"zero":"මේ සතිය"},"$x":[{"t":"idOrVar","v":"plural"},"value"]},{"$i":"months-until-long","$v":{"few":["මාස ",{"t":"idOrVar","v":"value"}," කින්"],"many":["මාස ",{"t":"idOrVar","v":"value"}," කින්"],"one":"ඊළඟ මාසය","other":["මාස ",{"t":"idOrVar","v":"value"}," කින්"],"two":["මාස ",{"t":"idOrVar","v":"value"}," කින්"],"zero":"මේ මාසය"},"$x":[{"t":"idOrVar","v":"plural"},"value"]},{"$i":"years-until-long","$v":{"few":["වසර ",{"t":"idOrVar","v":"value"}," කින්"],"many":["වසර ",{"t":"idOrVar","v":"value"}," කින්"],"one":"ඊළඟ වසර","other":["වසර ",{"t":"idOrVar","v":"value"}," කින්"],"two":["වසර ",{"t":"idOrVar","v":"value"}," කින්"],"zero":"මෙම වසර"},"$x":[{"t":"idOrVar","v":"plural"},"value"]},{"$i":"minutes-ago-short","$v":{"other":[{"t":"idOrVar","v":"value"},"මි. පෙර"],"zero":"මේ දැන්"},"$x":[{"t":"idOrVar","v":"plural"},"value"]},{"$i":"hours-ago-short","$v":{"other":[{"t":"idOrVar","v":"value"},"පැ. පෙර"],"zero":"මේ දැන්"},"$x":[{"t":"idOrVar","v":"plural"},"value"]},{"$i":"days-ago-short","$v":{"other":[{"t":"idOrVar","v":"value"},"දි. පෙර"],"zero":"අද"},"$x":[{"t":"idOrVar","v":"plural"},"value"]},{"$i":"minutes-until-short","$v":{"other":["මාස ",{"t":"idOrVar","v":"value"},"කින්"],"zero":"දැන්"},"$x":[{"t":"idOrVar","v":"plural"},"value"]},{"$i":"hours-until-short","$v":{"other":["පැය ",{"t":"idOrVar","v":"value"},"කින්"],"zero":"දැන්"},"$x":[{"t":"idOrVar","v":"plural"},"value"]},{"$i":"days-until-short","$v":{"other":["දින ",{"t":"idOrVar","v":"value"},"කින්"],"zero":"අද"},"$x":[{"t":"idOrVar","v":"plural"},"value"]},{"$i":"incorrectDate","$v":"(වැරදිදිනය)"},{"$i":"dateTimeFormat_%c","$v":"%a %b %e %Y %I:%M:%S %p"},{"$i":"dateTimeFormat_%x","$v":"%m/%d/%Y"},{"$i":"dateTimeFormat_%X","$v":"%I:%M:%S %p"},{"$i":"shortTimeFormat","$v":"%I:%M %p"},{"$i":"shortTimeFormat12","$v":"%I:%M %p"},{"$i":"shortTimeFormat24","$v":"%H:%M"},{"$i":"shortDateTimeFormat","$v":"%x %I:%M %p"},{"$i":"weekStartsOnMonday","$v":"0.0"},{"$i":"firstDayOfTheWeek","$v":"0.0"},{"$i":"time_am","$v":"AM"},{"$i":"time_pm","$v":"PM"},{"$i":"softkey-options","$v":"විකල්ප"},{"$i":"reset","$v":"නැවත සකසන්න"},{"$i":"start","$v":"ආරම්භ කරන්න"},{"$i":"stop","$v":"නවත්වන්න"},{"$i":"cancel","$v":"අවලංගු කරන්න"},{"$i":"hour","$v":"පැය"},{"$i":"hours","$v":"පැය"},{"$i":"minute","$v":"විනාඩිය"},{"$i":"minutes","$v":"විනාඩි"},{"$i":"second","$v":"තත්පර"},{"$i":"alarm","$v":"එලාමය"},{"$i":"alarm-name","placeholder":"එලාමය"},{"$i":"timer","$v":"ටයිමරය"},{"$i":"stopwatch","$v":"ස්ටොප් වොච්"},{"$i":"alarmName","$v":"එලාම් නම"},{"$i":"newAlarm","$v":"නව එලාම්"},{"$i":"editAlarm","$v":"එලාමය වෙනස් කරන්න"},{"$i":"kaiSettings","$v":"පසුතල"},{"$i":"clock-settings","$v":"ඔරලෝසු පසුතල"},{"$i":"alarms-maximum","$v":"ඔබ උපරිම එලාම් සංඛ්‍යාව වෙත ළඟා වී තිබේ"},{"$i":"laps-maximum","$v":"ඔබ උපරිම වට ගණන වෙත ළඟා වී තිබේ"},{"$i":"changes-saved","$v":"වෙනස්කම් සුරකින ලදි."},{"$i":"pause","$v":"මදකට නවතින්න"},{"$i":"resume","$v":"නැවත ආරම්භ කරන්න"},{"$i":"lap","$v":"උකුළ"},{"$i":"lap-number","$v":["උකුළ ",{"t":"idOrVar","v":"n"}]},{"$i":"timer-hour","$v":"පැය"},{"$i":"timer-min","$v":"විනාඩිය"},{"$i":"timer-sec","$v":"දෙවන"},{"$i":"delete","$v":"මකන්න"},{"$i":"time","$v":"කාලය"},{"$i":"snooze-label","$v":"මද. නි"},{"$i":"snooze-button","$v":"මද. නි"},{"$i":"repeat","$v":"නැවත කරන්න"},{"$i":"vibrate","$v":"කම්පනය"},{"$i":"close","$v":"වසන්න"},{"$i":"save","$v":"සුරකින්න"},{"$i":"done","$v":"ඉටු කළා"},{"$i":"kai-select-time","$v":"වේලාව තෝරන්න"},{"$i":"closeButton","ariaLabel":"වසන්න"},{"$i":"newAlarmButton","ariaLabel":"නව එලාම්"},{"$i":"alarm-volume-label","$v":"පද්ධති අවදි හඬ"},{"$i":"kai-volume","$v":"වෙළුම:"},{"$i":"volume-level-display","$v":[{"t":"idOrVar","v":"n"}," / ",{"t":"idOrVar","v":"c"}]},{"$i":"sound","$v":"ශබ්දය"},{"$i":"noSound","$v":"ශබ්ද නොමැත"},{"$i":"kai-ringtones","$v":"නාද රටාව"},{"$i":"everyday","$v":"දෛනික"},{"$i":"weekdays","$v":"සතියේ දිනවල"},{"$i":"weekends","$v":"සති අන්ත"},{"$i":"never","$v":"කිසිවිට නැත"},{"$i":"vibrateOn","$v":"ඔන් කරන්න"},{"$i":"vibrateOff","$v":"ඕෆ්"},{"$i":"kai-on","$v":"ඔන් කරන්න"},{"$i":"kai-off","$v":"ඕෆ්"},{"$i":"plusMinute","$v":"+1 මිනි."},{"$i":"dateFormat","$v":"%A, %B %e"},{"$i":"countdown-lessThanAnHour","$v":["එලාමය දැන් සිට ",{"t":"idOrVar","v":"minutes"}," සඳහා තබා තිබේ."]},{"$i":"countdown-moreThanAnHour","$v":["එලාමය දැන් සිට ",{"t":"idOrVar","v":"hours"}," ",{"t":"idOrVar","v":"minutes"}," සඳහා තබා තිබේ."]},{"$i":"countdown-moreThanADay","$v":["එලාමය දැන් සිට ",{"t":"idOrVar","v":"days"}," ",{"t":"idOrVar","v":"hours"}," සඳහා තබා තිබේ."]},{"$i":"kai-alarm-off","$v":"එලාම් එක නිවා දැමුවා."},{"$i":"kai-alarm-deleted","$v":"අනතුරු ඇඟවීම මකා දමන ලදි."},{"$i":"alarm-delete-all","$v":"සියළු අනතුරු ඇඟවීම් මකාදමා ඇත."},{"$i":"nMinutes","$v":{"few":[{"t":"idOrVar","v":"n"}," මිනිත්තු"],"many":[{"t":"idOrVar","v":"n"}," මිනිත්තු"],"one":"විනාඩි එකයි","other":[{"t":"idOrVar","v":"n"}," මිනිත්තු"],"two":[{"t":"idOrVar","v":"n"}," මිනිත්තු"],"zero":"විනාඩියකට වඩා අඩුවෙන්"},"$x":[{"t":"idOrVar","v":"plural"},"n"]},{"$i":"nHours","$v":{"few":[{"t":"idOrVar","v":"n"}," පැය"],"many":[{"t":"idOrVar","v":"n"}," පැය"],"one":[{"t":"idOrVar","v":"n"}," පැය"],"other":[{"t":"idOrVar","v":"n"}," පැය"],"two":[{"t":"idOrVar","v":"n"}," පැය"]},"$x":[{"t":"idOrVar","v":"plural"},"n"]},{"$i":"nAndRemainHours","$v":{"few":["සහ ",{"t":"idOrVar","v":"n"}," පැය"],"many":["සහ ",{"t":"idOrVar","v":"n"}," පැය"],"one":["සහ ",{"t":"idOrVar","v":"n"}," පැය"],"other":["සහ ",{"t":"idOrVar","v":"n"}," පැය"],"two":["සහ ",{"t":"idOrVar","v":"n"}," පැය"]},"$x":[{"t":"idOrVar","v":"plural"},"n"]},{"$i":"nRemainDays","$v":{"few":[{"t":"idOrVar","v":"n"}," දවස්"],"many":[{"t":"idOrVar","v":"n"}," දවස්"],"one":[{"t":"idOrVar","v":"n"}," දවස"],"other":[{"t":"idOrVar","v":"n"}," දවස්"],"two":[{"t":"idOrVar","v":"n"}," දවස්"]},"$x":[{"t":"idOrVar","v":"plural"},"n"]},{"$i":"nRemainMinutes","$v":{"few":["සහ ",{"t":"idOrVar","v":"n"}," විනාඩි"],"many":["සහ ",{"t":"idOrVar","v":"n"}," විනාඩි"],"one":["සහ ",{"t":"idOrVar","v":"n"}," විනාඩි"],"other":["සහ ",{"t":"idOrVar","v":"n"}," විනාඩි"],"two":["සහ ",{"t":"idOrVar","v":"n"}," විනාඩි"]},"$x":[{"t":"idOrVar","v":"plural"},"n"]},{"$i":"nSpinnerSeconds","$v":{"few":[{"t":"idOrVar","v":"n"}," තප්පර"],"many":[{"t":"idOrVar","v":"n"}," තප්පර"],"one":"තත්පර එකයි","other":[{"t":"idOrVar","v":"n"}," තප්පර"],"two":[{"t":"idOrVar","v":"n"}," තප්පර"],"zero":"තත්පර ශූන්‍යයි"},"$x":[{"t":"idOrVar","v":"plural"},"n"]},{"$i":"nSpinnerMinutes","$v":{"few":[{"t":"idOrVar","v":"n"}," මිනිත්තු"],"many":[{"t":"idOrVar","v":"n"}," මිනිත්තු"],"one":"විනාඩි එකයි","other":[{"t":"idOrVar","v":"n"}," මිනිත්තු"],"two":[{"t":"idOrVar","v":"n"}," මිනිත්තු"],"zero":"විනාඩි ශූන්‍යයි"},"$x":[{"t":"idOrVar","v":"plural"},"n"]},{"$i":"nSpinnerHours","$v":{"few":[{"t":"idOrVar","v":"n"}," පැය"],"many":[{"t":"idOrVar","v":"n"}," පැය"],"one":[{"t":"idOrVar","v":"n"}," පැය"],"other":[{"t":"idOrVar","v":"n"}," පැය"],"two":[{"t":"idOrVar","v":"n"}," පැය"],"zero":"පැය ශූන්‍යයි"},"$x":[{"t":"idOrVar","v":"plural"},"n"]},{"$i":"kai-stop","$v":"නවත්වන්න"},{"$i":"kai-snooze","$v":"මද. නි"},{"$i":"ac_africa_ogg","$v":"අප්‍රිකාව"},{"$i":"ac_amazon_ogg","$v":"ඇමසෝන්"},{"$i":"ac_disco_ogg","$v":"ඩිස්කො"},{"$i":"ac_fairy_tales_ogg","$v":"සුරංගනා කතා"},{"$i":"ac_fresh_ogg","$v":"නැවුම්"},{"$i":"ac_galaxy_ogg","$v":"ගැලැක්සි"},{"$i":"ac_kai_ogg","$v":"කී"},{"$i":"ac_techno_ogg","$v":"ටෙක්නෝ"},{"$i":"ac_woody_ogg","$v":"වූඩි"},{"$i":"ac_awake_opus","$v":"Awake"},{"$i":"ac_crystalize_opus","$v":"Crystallise"},{"$i":"ac_cycle_opus","$v":"Cycle"},{"$i":"ac_digicloud_opus","$v":"Digicloud"},{"$i":"ac_humming_waves_opus","$v":"Humming Waves"},{"$i":"ac_into_the_void_opus","$v":"Into the Void"},{"$i":"ac_lightly_opus","$v":"Lightly"},{"$i":"ac_mobile_opus","$v":"Mobile"},{"$i":"ac_pinger_opus","$v":"Pinger"},{"$i":"ac_skip_opus","$v":"Skip"},{"$i":"ac_tri_opus","$v":"Tri"},{"$i":"ac_universal_opus","$v":"Universal"},{"$i":"kai-options","$v":"විකල්ප"},{"$i":"kai-clock-title","$v":"ඔරලෝසුව"},{"$i":"alarm-title","$v":"එලාමය"},{"$i":"no-alarms-body","$v":"එලාම් සකස් වී නොමැත. "},{"$i":"press-new","$v":"ආරම්භ කිරීමට නව ඔබන්න."},{"$i":"kai-new-alarm","$v":"නව සබඳතාව"},{"$i":"kai-settings","$v":"පසුතල"},{"$i":"kai-cancel","$v":"අවලංගු කරන්න"},{"$i":"kai-save","$v":"සුරකින්න"},{"$i":"turnOn","$v":"සක්‍රීය කරන්න"},{"$i":"turnOff","$v":"අක්‍රීය කරන්න"},{"$i":"edit","$v":"සංස්කරණය කරන්න"},{"$i":"select","$v":"තෝරන්න"},{"$i":"kai-delete","$v":"මකන්න"},{"$i":"delete-all","$v":"සියල්ල මකන්න"},{"$i":"kai-selected-alarm","$v":"තෝරාගත් එලාම්"},{"$i":"set","$v":"සකසන්න"},{"$i":"kai-start","$v":"ආරම්භ කරන්න"},{"$i":"kai-reset","$v":"නැවත සකසන්න"},{"$i":"kai-min-plus","$v":"+1 මිනි."},{"$i":"kai-resume","$v":"නැවත ආරම්භ කරන්න"},{"$i":"kai-lap","$v":"උකුළ"},{"$i":"play","$v":"වාදනය කරන්න"},{"$i":"kai-no-repeat","$v":"පුනරාවර්තනයක් නැත"},{"$i":"kai-confirm-title","$v":"තහවුරු කිරීම"},{"$i":"kai-confirm-delete-body","$v":"තෝරාගත් එලාම් මකන්නද?"},{"$i":"confirm-delete-all-body","$v":"සියළු අනතුරු ඇඟවීම් මකන්නද?"},{"$i":"kai-confirm-end-key-body","$v":{"$o":"යෙදුම දත්ත අහිමි වීම සමඟ වසනු ලැබේ. <br><br> ඔබ සංස්කරණය වෙත ආපසු යාමට කැමතිද?"}},{"$i":"kai-confirm-exit-button","$v":"පිටවීම"},{"$i":"kai-confirm-return-button","$v":"නැවත පැමිණීම"}]