[{"$i":"weekday-0-long","$v":"Nedeľa"},{"$i":"weekday-1-long","$v":"Pondelok"},{"$i":"weekday-2-long","$v":"Utorok"},{"$i":"weekday-3-long","$v":"Streda"},{"$i":"weekday-4-long","$v":"Štvrtok"},{"$i":"weekday-5-long","$v":"Piatok"},{"$i":"weekday-6-long","$v":"Sobota"},{"$i":"weekday-0-short","$v":"Ned"},{"$i":"weekday-1-short","$v":"Pon"},{"$i":"weekday-2-short","$v":"Uto"},{"$i":"weekday-3-short","$v":"Str"},{"$i":"weekday-4-short","$v":"Štv"},{"$i":"weekday-5-short","$v":"Pia"},{"$i":"weekday-6-short","$v":"Sob"},{"$i":"month-0-long","$v":"Január"},{"$i":"month-1-long","$v":"Február"},{"$i":"month-2-long","$v":"Marec"},{"$i":"month-3-long","$v":"Apríl"},{"$i":"month-4-long","$v":"Máj"},{"$i":"month-5-long","$v":"Jún"},{"$i":"month-6-long","$v":"Júl"},{"$i":"month-7-long","$v":"August"},{"$i":"month-8-long","$v":"September"},{"$i":"month-9-long","$v":"Október"},{"$i":"month-10-long","$v":"November"},{"$i":"month-11-long","$v":"December"},{"$i":"month-0-genitive","$v":"Január"},{"$i":"month-1-genitive","$v":"Február"},{"$i":"month-2-genitive","$v":"Marec"},{"$i":"month-3-genitive","$v":"Apríl"},{"$i":"month-4-genitive","$v":"Máj"},{"$i":"month-5-genitive","$v":"Jún"},{"$i":"month-6-genitive","$v":"Júl"},{"$i":"month-7-genitive","$v":"August"},{"$i":"month-8-genitive","$v":"September"},{"$i":"month-9-genitive","$v":"Október"},{"$i":"month-10-genitive","$v":"November"},{"$i":"month-11-genitive","$v":"December"},{"$i":"month-0-short","$v":"Jan"},{"$i":"month-1-short","$v":"Feb"},{"$i":"month-2-short","$v":"Mar"},{"$i":"month-3-short","$v":"Apr"},{"$i":"month-4-short","$v":"Máj"},{"$i":"month-5-short","$v":"Jún"},{"$i":"month-6-short","$v":"Júl"},{"$i":"month-7-short","$v":"Aug"},{"$i":"month-8-short","$v":"Sep"},{"$i":"month-9-short","$v":"Okt"},{"$i":"month-10-short","$v":"Nov"},{"$i":"month-11-short","$v":"Dec"},{"$i":"minutes-ago-long","$v":{"few":["Pred počtom min.: ",{"t":"idOrVar","v":"value"}],"many":["Pred počtom min.: ",{"t":"idOrVar","v":"value"}],"other":["Pred počtom min.: ",{"t":"idOrVar","v":"value"}],"two":["Pred počtom min.: ",{"t":"idOrVar","v":"value"}],"one":"pred 1 min.","zero":"práve teraz"},"$x":[{"t":"idOrVar","v":"plural"},"value"]},{"$i":"hours-ago-long","$v":{"few":["Pred počtom hod.: ",{"t":"idOrVar","v":"value"}],"many":["Pred počtom hod.: ",{"t":"idOrVar","v":"value"}],"other":["Pred počtom hod.: ",{"t":"idOrVar","v":"value"}],"two":["Pred počtom hod.: ",{"t":"idOrVar","v":"value"}],"one":"pred 1 hodinou","zero":"práve teraz"},"$x":[{"t":"idOrVar","v":"plural"},"value"]},{"$i":"days-ago-long","$v":{"few":["Pred počtom dní: ",{"t":"idOrVar","v":"value"}],"many":["Pred počtom dní: ",{"t":"idOrVar","v":"value"}],"one":"včera","other":["Pred počtom dní: ",{"t":"idOrVar","v":"value"}],"two":["Pred počtom dní: ",{"t":"idOrVar","v":"value"}],"zero":"dnes"},"$x":[{"t":"idOrVar","v":"plural"},"value"]},{"$i":"weeks-ago-long","$v":{"few":["Pred počtom týžd.: ",{"t":"idOrVar","v":"value"}],"many":["Pred počtom týžd.: ",{"t":"idOrVar","v":"value"}],"one":"min. týždeň","other":["Pred počtom týžd.: ",{"t":"idOrVar","v":"value"}],"two":["Pred počtom týžd.: ",{"t":"idOrVar","v":"value"}],"zero":"tento týždeň"},"$x":[{"t":"idOrVar","v":"plural"},"value"]},{"$i":"months-ago-long","$v":{"few":["Pred počtom mes.: ",{"t":"idOrVar","v":"value"}],"many":["Pred počtom mes.: ",{"t":"idOrVar","v":"value"}],"one":"min. mesiac","other":["Pred počtom mes.: ",{"t":"idOrVar","v":"value"}],"two":["Pred počtom mes.: ",{"t":"idOrVar","v":"value"}],"zero":"tento mesiac"},"$x":[{"t":"idOrVar","v":"plural"},"value"]},{"$i":"years-ago-long","$v":{"few":["Pred počtom rokov: ",{"t":"idOrVar","v":"value"}],"many":["Pred počtom rokov: ",{"t":"idOrVar","v":"value"}],"one":"min. rok","other":["Pred počtom rokov: ",{"t":"idOrVar","v":"value"}],"two":["Pred počtom rokov: ",{"t":"idOrVar","v":"value"}],"zero":"tento rok"},"$x":[{"t":"idOrVar","v":"plural"},"value"]},{"$i":"minutes-until-long","$v":{"few":["o ",{"t":"idOrVar","v":"value"}," min"],"many":["o ",{"t":"idOrVar","v":"value"}," min"],"other":["o ",{"t":"idOrVar","v":"value"}," min"],"two":["o ",{"t":"idOrVar","v":"value"}," min"],"zero":"teraz","one":"za 1 minútu"},"$x":[{"t":"idOrVar","v":"plural"},"value"]},{"$i":"hours-until-long","$v":{"few":["o ",{"t":"idOrVar","v":"value"}," hod."],"many":["o ",{"t":"idOrVar","v":"value"}," hod."],"other":["o ",{"t":"idOrVar","v":"value"}," hod."],"two":["o ",{"t":"idOrVar","v":"value"}," hod."],"zero":"teraz","one":"za 1 hodinu"},"$x":[{"t":"idOrVar","v":"plural"},"value"]},{"$i":"days-until-long","$v":{"few":["o ",{"t":"idOrVar","v":"value"}," d."],"many":["o ",{"t":"idOrVar","v":"value"}," d."],"one":"zajtra","other":["o ",{"t":"idOrVar","v":"value"}," d."],"two":["o ",{"t":"idOrVar","v":"value"}," d."],"zero":"dnes"},"$x":[{"t":"idOrVar","v":"plural"},"value"]},{"$i":"weeks-until-long","$v":{"few":["o ",{"t":"idOrVar","v":"value"}," týžd."],"many":["o ",{"t":"idOrVar","v":"value"}," týžd."],"one":"nasl. týždeň","other":["o ",{"t":"idOrVar","v":"value"}," týžd."],"two":["o ",{"t":"idOrVar","v":"value"}," týžd."],"zero":"tento týždeň"},"$x":[{"t":"idOrVar","v":"plural"},"value"]},{"$i":"months-until-long","$v":{"few":["o ",{"t":"idOrVar","v":"value"}," mes."],"many":["o ",{"t":"idOrVar","v":"value"}," mes."],"one":"nasl. mesiac","other":["o ",{"t":"idOrVar","v":"value"}," mes."],"two":["o ",{"t":"idOrVar","v":"value"}," mes."],"zero":"tento mesiac"},"$x":[{"t":"idOrVar","v":"plural"},"value"]},{"$i":"years-until-long","$v":{"few":["o ",{"t":"idOrVar","v":"value"}," rok."],"many":["o ",{"t":"idOrVar","v":"value"}," rok."],"one":"nasl. rok","other":["o ",{"t":"idOrVar","v":"value"}," rok."],"two":["o ",{"t":"idOrVar","v":"value"}," rok."],"zero":"tento rok"},"$x":[{"t":"idOrVar","v":"plural"},"value"]},{"$i":"minutes-ago-short","$v":{"other":["Pred ",{"t":"idOrVar","v":"value"}," m"],"zero":"práve teraz"},"$x":[{"t":"idOrVar","v":"plural"},"value"]},{"$i":"hours-ago-short","$v":{"other":["Pred ",{"t":"idOrVar","v":"value"}," h"],"zero":"práve teraz"},"$x":[{"t":"idOrVar","v":"plural"},"value"]},{"$i":"days-ago-short","$v":{"other":["Pred ",{"t":"idOrVar","v":"value"}," d"],"zero":"dnes"},"$x":[{"t":"idOrVar","v":"plural"},"value"]},{"$i":"minutes-until-short","$v":{"other":["o ",{"t":"idOrVar","v":"value"}," m"],"zero":"teraz"},"$x":[{"t":"idOrVar","v":"plural"},"value"]},{"$i":"hours-until-short","$v":{"other":["o ",{"t":"idOrVar","v":"value"}," h"],"zero":"teraz"},"$x":[{"t":"idOrVar","v":"plural"},"value"]},{"$i":"days-until-short","$v":{"other":["o ",{"t":"idOrVar","v":"value"}," d"],"zero":"dnes"},"$x":[{"t":"idOrVar","v":"plural"},"value"]},{"$i":"incorrectDate","$v":"(nesprávny dátum)"},{"$i":"dateTimeFormat_%c","$v":"%a %b %e %Y %I:%M:%S %p"},{"$i":"dateTimeFormat_%x","$v":"%m/%d/%Y"},{"$i":"dateTimeFormat_%X","$v":"%I:%M:%S %p"},{"$i":"shortTimeFormat","$v":"%I:%M %p"},{"$i":"shortTimeFormat12","$v":"%I:%M %p"},{"$i":"shortTimeFormat24","$v":"%H:%M"},{"$i":"shortDateTimeFormat","$v":"%x %I:%M %p"},{"$i":"weekStartsOnMonday","$v":"0.0"},{"$i":"firstDayOfTheWeek","$v":"1.0"},{"$i":"time_am","$v":"AM"},{"$i":"time_pm","$v":"PM"},{"$i":"softkey-options","$v":"Voľby"},{"$i":"reset","$v":"Obnov."},{"$i":"start","$v":"Štart"},{"$i":"stop","$v":"Stop"},{"$i":"cancel","$v":"Zrušiť"},{"$i":"hour","$v":"Hod."},{"$i":"hours","$v":"Hod."},{"$i":"minute","$v":"Min."},{"$i":"minutes","$v":"Min."},{"$i":"second","$v":"Sekunda"},{"$i":"alarm","$v":"Alarm"},{"$i":"alarm-name","placeholder":"Alarm"},{"$i":"timer","$v":"Časovač"},{"$i":"stopwatch","$v":"Stopky"},{"$i":"alarmName","$v":"Názov alarmu"},{"$i":"newAlarm","$v":"Nový alarm"},{"$i":"editAlarm","$v":"Upraviť budík"},{"$i":"kaiSettings","$v":"Nastavenia"},{"$i":"clock-settings","$v":"Nast. hodín"},{"$i":"alarms-maximum","$v":"Dosiahli ste max. počet budíkov"},{"$i":"laps-maximum","$v":"Dosiahli ste max. počet kôl"},{"$i":"changes-saved","$v":"Zmeny uložené."},{"$i":"pause","$v":"Preruš."},{"$i":"resume","$v":"Obnoviť"},{"$i":"lap","$v":"Okr."},{"$i":"lap-number","$v":["Okr. ",{"t":"idOrVar","v":"n"}]},{"$i":"timer-hour","$v":"hod."},{"$i":"timer-min","$v":"min."},{"$i":"timer-sec","$v":"sekunda"},{"$i":"delete","$v":"Vymazať"},{"$i":"time","$v":"Čas"},{"$i":"snooze-label","$v":"Odložiť"},{"$i":"snooze-button","$v":"Odložiť"},{"$i":"repeat","$v":"Opakovať"},{"$i":"vibrate","$v":"Vibrovať"},{"$i":"close","$v":"Zavrieť"},{"$i":"save","$v":"Uložiť"},{"$i":"done","$v":"Hotovo"},{"$i":"kai-select-time","$v":"Vybrať čas"},{"$i":"closeButton","ariaLabel":"Zavrieť"},{"$i":"newAlarmButton","ariaLabel":"Nový alarm"},{"$i":"alarm-volume-label","$v":"Hlasitosť syst. budíka"},{"$i":"kai-volume","$v":"objem:"},{"$i":"volume-level-display","$v":[{"t":"idOrVar","v":"n"}," / ",{"t":"idOrVar","v":"c"}]},{"$i":"sound","$v":"Zvuk"},{"$i":"noSound","$v":"Bez zvuku"},{"$i":"kai-ringtones","$v":"Zvonenia"},{"$i":"everyday","$v":"Každý deň"},{"$i":"weekdays","$v":"Prac. dni"},{"$i":"weekends","$v":"Víkendy"},{"$i":"never","$v":"Nikdy"},{"$i":"vibrateOn","$v":"Zap."},{"$i":"vibrateOff","$v":"Vyp."},{"$i":"kai-on","$v":"Zap."},{"$i":"kai-off","$v":"Vyp."},{"$i":"plusMinute","$v":"+1 min."},{"$i":"dateFormat","$v":"%A, %B %e"},{"$i":"countdown-lessThanAnHour","$v":["Budík je nastavený o ",{"t":"idOrVar","v":"minutes"}," odteraz."]},{"$i":"countdown-moreThanAnHour","$v":["Budík je nastavený o ",{"t":"idOrVar","v":"hours"}," ",{"t":"idOrVar","v":"minutes"}," odteraz."]},{"$i":"countdown-moreThanADay","$v":["Budík je nastavený o ",{"t":"idOrVar","v":"days"}," ",{"t":"idOrVar","v":"hours"}," odteraz."]},{"$i":"kai-alarm-off","$v":"Budík bol vypnutý."},{"$i":"kai-alarm-deleted","$v":"Budík bol odstránený."},{"$i":"alarm-delete-all","$v":"Všetky alarmy boli vymazané."},{"$i":"nMinutes","$v":{"few":[{"t":"idOrVar","v":"n"}," min."],"many":[{"t":"idOrVar","v":"n"}," min."],"one":"1 minúta","other":[{"t":"idOrVar","v":"n"}," min."],"two":[{"t":"idOrVar","v":"n"}," min."],"zero":"menej než minúta"},"$x":[{"t":"idOrVar","v":"plural"},"n"]},{"$i":"nHours","$v":{"few":[{"t":"idOrVar","v":"n"}," hod."],"many":[{"t":"idOrVar","v":"n"}," hod."],"one":[{"t":"idOrVar","v":"n"}," hod."],"other":[{"t":"idOrVar","v":"n"}," hod."],"two":[{"t":"idOrVar","v":"n"}," hod."]},"$x":[{"t":"idOrVar","v":"plural"},"n"]},{"$i":"nAndRemainHours","$v":{"few":["a ",{"t":"idOrVar","v":"n"}," hod."],"many":["a ",{"t":"idOrVar","v":"n"}," hod."],"one":["a ",{"t":"idOrVar","v":"n"}," hod."],"other":["a ",{"t":"idOrVar","v":"n"}," hod."],"two":["a ",{"t":"idOrVar","v":"n"}," hod."]},"$x":[{"t":"idOrVar","v":"plural"},"n"]},{"$i":"nRemainDays","$v":{"few":["Dni: ",{"t":"idOrVar","v":"n"}],"many":["Dni: ",{"t":"idOrVar","v":"n"}],"one":["Deň: ",{"t":"idOrVar","v":"n"}],"other":["Dni: ",{"t":"idOrVar","v":"n"}],"two":["Dni: ",{"t":"idOrVar","v":"n"}]},"$x":[{"t":"idOrVar","v":"plural"},"n"]},{"$i":"nRemainMinutes","$v":{"few":["a ",{"t":"idOrVar","v":"n"}," min"],"many":["a ",{"t":"idOrVar","v":"n"}," min"],"one":["a ",{"t":"idOrVar","v":"n"}," min"],"other":["a ",{"t":"idOrVar","v":"n"}," min"],"two":["a ",{"t":"idOrVar","v":"n"}," min"]},"$x":[{"t":"idOrVar","v":"plural"},"n"]},{"$i":"nSpinnerSeconds","$v":{"few":[{"t":"idOrVar","v":"n"}," s"],"many":[{"t":"idOrVar","v":"n"}," s"],"one":"1 sekunda","other":[{"t":"idOrVar","v":"n"}," s"],"two":[{"t":"idOrVar","v":"n"}," s"],"zero":"nula sekúnd"},"$x":[{"t":"idOrVar","v":"plural"},"n"]},{"$i":"nSpinnerMinutes","$v":{"few":[{"t":"idOrVar","v":"n"}," min."],"many":[{"t":"idOrVar","v":"n"}," min."],"one":"1 minúta","other":[{"t":"idOrVar","v":"n"}," min."],"two":[{"t":"idOrVar","v":"n"}," min."],"zero":"nula minút"},"$x":[{"t":"idOrVar","v":"plural"},"n"]},{"$i":"nSpinnerHours","$v":{"few":[{"t":"idOrVar","v":"n"}," hod."],"many":[{"t":"idOrVar","v":"n"}," hod."],"one":[{"t":"idOrVar","v":"n"}," hod."],"other":[{"t":"idOrVar","v":"n"}," hod."],"two":[{"t":"idOrVar","v":"n"}," hod."],"zero":"nula hodín"},"$x":[{"t":"idOrVar","v":"plural"},"n"]},{"$i":"kai-stop","$v":"Stop"},{"$i":"kai-snooze","$v":"Odložiť"},{"$i":"ac_africa_ogg","$v":"Afrika"},{"$i":"ac_amazon_ogg","$v":"Amazónia"},{"$i":"ac_disco_ogg","$v":"Disko"},{"$i":"ac_fairy_tales_ogg","$v":"Rozprávky"},{"$i":"ac_fresh_ogg","$v":"Svieži"},{"$i":"ac_galaxy_ogg","$v":"Galaxia"},{"$i":"ac_kai_ogg","$v":"Kai"},{"$i":"ac_techno_ogg","$v":"Techno"},{"$i":"ac_woody_ogg","$v":"Les"},{"$i":"ac_awake_opus","$v":"Awake"},{"$i":"ac_crystalize_opus","$v":"Crystallise"},{"$i":"ac_cycle_opus","$v":"Cycle"},{"$i":"ac_digicloud_opus","$v":"Digicloud"},{"$i":"ac_humming_waves_opus","$v":"Humming Waves"},{"$i":"ac_into_the_void_opus","$v":"Into the Void"},{"$i":"ac_lightly_opus","$v":"Lightly"},{"$i":"ac_mobile_opus","$v":"Mobile"},{"$i":"ac_pinger_opus","$v":"Pinger"},{"$i":"ac_skip_opus","$v":"Skip"},{"$i":"ac_tri_opus","$v":"Tri"},{"$i":"ac_universal_opus","$v":"Universal"},{"$i":"kai-options","$v":"Možnosti"},{"$i":"kai-clock-title","$v":"hodiny"},{"$i":"alarm-title","$v":"Alarm"},{"$i":"no-alarms-body","$v":"Žiadne nastavené alarmy."},{"$i":"press-new","$v":"Začnite stlačením tlačidla Nový."},{"$i":"kai-new-alarm","$v":"Nový kontakt"},{"$i":"kai-settings","$v":"Nastavenia"},{"$i":"kai-cancel","$v":"Zrušiť"},{"$i":"kai-save","$v":"Uložiť"},{"$i":"turnOn","$v":"Zapnúť"},{"$i":"turnOff","$v":"Vypnúť"},{"$i":"edit","$v":"Upraviť"},{"$i":"select","$v":"Vybrať"},{"$i":"kai-delete","$v":"Vymazať"},{"$i":"delete-all","$v":"Vymazať všetko"},{"$i":"kai-selected-alarm","$v":"Vybraný alarm"},{"$i":"set","$v":"Nastaviť"},{"$i":"kai-start","$v":"Štart"},{"$i":"kai-reset","$v":"Obnov."},{"$i":"kai-min-plus","$v":"+1 min."},{"$i":"kai-resume","$v":"Obnoviť"},{"$i":"kai-lap","$v":"Okr."},{"$i":"play","$v":"Prehrať"},{"$i":"kai-no-repeat","$v":"Žiadne opakovanie"},{"$i":"kai-confirm-title","$v":"Potvrdenie"},{"$i":"kai-confirm-delete-body","$v":"Odstrániť vybratý budík?"},{"$i":"confirm-delete-all-body","$v":"Vymazať všetky alarmy?"},{"$i":"kai-confirm-end-key-body","$v":{"$o":"Aplikácia sa zatvorí a stratia sa údaje. <br><br> Chcete sa vrátiť späť k úpravám?"}},{"$i":"kai-confirm-exit-button","$v":"Ukončiť"},{"$i":"kai-confirm-return-button","$v":"späť"}]