[{"$i":"weekday-0-long","$v":"Nedelja"},{"$i":"weekday-1-long","$v":"Ponedeljek"},{"$i":"weekday-2-long","$v":"Torek"},{"$i":"weekday-3-long","$v":"Sreda"},{"$i":"weekday-4-long","$v":"Četrtek"},{"$i":"weekday-5-long","$v":"Petek"},{"$i":"weekday-6-long","$v":"Sobota"},{"$i":"weekday-0-short","$v":"ned"},{"$i":"weekday-1-short","$v":"pon"},{"$i":"weekday-2-short","$v":"tor"},{"$i":"weekday-3-short","$v":"sre"},{"$i":"weekday-4-short","$v":"čet"},{"$i":"weekday-5-short","$v":"pet"},{"$i":"weekday-6-short","$v":"sob"},{"$i":"month-0-long","$v":"januar"},{"$i":"month-1-long","$v":"februar"},{"$i":"month-2-long","$v":"marec"},{"$i":"month-3-long","$v":"april"},{"$i":"month-4-long","$v":"maj"},{"$i":"month-5-long","$v":"junij"},{"$i":"month-6-long","$v":"julij"},{"$i":"month-7-long","$v":"avgust"},{"$i":"month-8-long","$v":"september"},{"$i":"month-9-long","$v":"oktober"},{"$i":"month-10-long","$v":"november"},{"$i":"month-11-long","$v":"december"},{"$i":"month-0-genitive","$v":"januar"},{"$i":"month-1-genitive","$v":"februar"},{"$i":"month-2-genitive","$v":"marec"},{"$i":"month-3-genitive","$v":"april"},{"$i":"month-4-genitive","$v":"maj"},{"$i":"month-5-genitive","$v":"junij"},{"$i":"month-6-genitive","$v":"julij"},{"$i":"month-7-genitive","$v":"avgust"},{"$i":"month-8-genitive","$v":"september"},{"$i":"month-9-genitive","$v":"oktober"},{"$i":"month-10-genitive","$v":"november"},{"$i":"month-11-genitive","$v":"december"},{"$i":"month-0-short","$v":"jan"},{"$i":"month-1-short","$v":"feb"},{"$i":"month-2-short","$v":"mar"},{"$i":"month-3-short","$v":"apr"},{"$i":"month-4-short","$v":"maj"},{"$i":"month-5-short","$v":"jun"},{"$i":"month-6-short","$v":"jul"},{"$i":"month-7-short","$v":"avg"},{"$i":"month-8-short","$v":"sep"},{"$i":"month-9-short","$v":"okt"},{"$i":"month-10-short","$v":"nov"},{"$i":"month-11-short","$v":"dec"},{"$i":"minutes-ago-long","$v":{"few":["pred ",{"t":"idOrVar","v":"value"}," minutami"],"many":["pred ",{"t":"idOrVar","v":"value"}," minutami"],"other":["pred ",{"t":"idOrVar","v":"value"}," minutami"],"two":["pred ",{"t":"idOrVar","v":"value"}," minutama"],"one":"pred minuto","zero":"pravkar"},"$x":[{"t":"idOrVar","v":"plural"},"value"]},{"$i":"hours-ago-long","$v":{"few":["pred ",{"t":"idOrVar","v":"value"}," urami"],"many":["pred ",{"t":"idOrVar","v":"value"}," urami"],"other":["pred ",{"t":"idOrVar","v":"value"}," urami"],"two":["pred ",{"t":"idOrVar","v":"value"}," urama"],"one":"Pred 1 uro","zero":"pravkar"},"$x":[{"t":"idOrVar","v":"plural"},"value"]},{"$i":"days-ago-long","$v":{"few":["pred ",{"t":"idOrVar","v":"value"}," dnevi"],"many":["pred ",{"t":"idOrVar","v":"value"}," dnevi"],"one":"včeraj","other":["pred ",{"t":"idOrVar","v":"value"}," dnevi"],"two":["pred ",{"t":"idOrVar","v":"value"}," dnevoma"],"zero":"danes"},"$x":[{"t":"idOrVar","v":"plural"},"value"]},{"$i":"weeks-ago-long","$v":{"few":["pred ",{"t":"idOrVar","v":"value"}," tedni"],"many":["pred ",{"t":"idOrVar","v":"value"}," tedni"],"one":"prejšnji teden","other":["pred ",{"t":"idOrVar","v":"value"}," tedni"],"two":["pred ",{"t":"idOrVar","v":"value"}," tednoma"],"zero":"ta teden"},"$x":[{"t":"idOrVar","v":"plural"},"value"]},{"$i":"months-ago-long","$v":{"few":["pred ",{"t":"idOrVar","v":"value"}," meseci"],"many":["pred ",{"t":"idOrVar","v":"value"}," meseci"],"one":"prejšnji mesec","other":["pred ",{"t":"idOrVar","v":"value"}," meseci"],"two":["pred ",{"t":"idOrVar","v":"value"}," mesecema"],"zero":"ta mesec"},"$x":[{"t":"idOrVar","v":"plural"},"value"]},{"$i":"years-ago-long","$v":{"few":["pred ",{"t":"idOrVar","v":"value"}," leti"],"many":["pred ",{"t":"idOrVar","v":"value"}," leti"],"one":"prejšnje leto","other":["pred ",{"t":"idOrVar","v":"value"}," leti"],"two":["pred ",{"t":"idOrVar","v":"value"}," letoma"],"zero":"to leto"},"$x":[{"t":"idOrVar","v":"plural"},"value"]},{"$i":"minutes-until-long","$v":{"few":["čez ",{"t":"idOrVar","v":"value"}," minute"],"many":["čez ",{"t":"idOrVar","v":"value"}," minut"],"other":["čez ",{"t":"idOrVar","v":"value"}," minut"],"two":["čez ",{"t":"idOrVar","v":"value"}," minuti"],"zero":"zdaj","one":"v 1 minuti"},"$x":[{"t":"idOrVar","v":"plural"},"value"]},{"$i":"hours-until-long","$v":{"few":["čez ",{"t":"idOrVar","v":"value"}," ure"],"many":["čez ",{"t":"idOrVar","v":"value"}," ur"],"other":["čez ",{"t":"idOrVar","v":"value"}," ur"],"two":["čez ",{"t":"idOrVar","v":"value"}," uri"],"zero":"zdaj","one":"čez 1 uro"},"$x":[{"t":"idOrVar","v":"plural"},"value"]},{"$i":"days-until-long","$v":{"few":["čez ",{"t":"idOrVar","v":"value"}," dni"],"many":["čez ",{"t":"idOrVar","v":"value"}," dni"],"one":"jutri","other":["čez ",{"t":"idOrVar","v":"value"}," dni"],"two":["čez ",{"t":"idOrVar","v":"value"}," dni"],"zero":"danes"},"$x":[{"t":"idOrVar","v":"plural"},"value"]},{"$i":"weeks-until-long","$v":{"few":["čez ",{"t":"idOrVar","v":"value"}," tedne"],"many":["čez ",{"t":"idOrVar","v":"value"}," tednov"],"one":"naslednji teden","other":["čez ",{"t":"idOrVar","v":"value"}," tednov"],"two":["čez ",{"t":"idOrVar","v":"value"}," tedna"],"zero":"ta teden"},"$x":[{"t":"idOrVar","v":"plural"},"value"]},{"$i":"months-until-long","$v":{"few":["čez ",{"t":"idOrVar","v":"value"}," mesece"],"many":["čez ",{"t":"idOrVar","v":"value"}," mesecev"],"one":"naslednji mesec","other":["čez ",{"t":"idOrVar","v":"value"}," mesecev"],"two":["čez ",{"t":"idOrVar","v":"value"}," meseca"],"zero":"ta mesec"},"$x":[{"t":"idOrVar","v":"plural"},"value"]},{"$i":"years-until-long","$v":{"few":["čez ",{"t":"idOrVar","v":"value"}," leta"],"many":["čez ",{"t":"idOrVar","v":"value"}," let"],"one":"naslednje leto","other":["čez ",{"t":"idOrVar","v":"value"}," let"],"two":["čez ",{"t":"idOrVar","v":"value"}," leti"],"zero":"to leto"},"$x":[{"t":"idOrVar","v":"plural"},"value"]},{"$i":"minutes-ago-short","$v":{"other":["Pred ",{"t":"idOrVar","v":"value"}," m"],"zero":"pravkar"},"$x":[{"t":"idOrVar","v":"plural"},"value"]},{"$i":"hours-ago-short","$v":{"other":["pred ",{"t":"idOrVar","v":"value"}," h"],"zero":"pravkar"},"$x":[{"t":"idOrVar","v":"plural"},"value"]},{"$i":"days-ago-short","$v":{"other":["pred ",{"t":"idOrVar","v":"value"}," d"],"zero":"danes"},"$x":[{"t":"idOrVar","v":"plural"},"value"]},{"$i":"minutes-until-short","$v":{"other":["čez ",{"t":"idOrVar","v":"value"}," m"],"zero":"zdaj"},"$x":[{"t":"idOrVar","v":"plural"},"value"]},{"$i":"hours-until-short","$v":{"other":["čez ",{"t":"idOrVar","v":"value"}," h"],"zero":"zdaj"},"$x":[{"t":"idOrVar","v":"plural"},"value"]},{"$i":"days-until-short","$v":{"other":["čez ",{"t":"idOrVar","v":"value"}," d"],"zero":"danes"},"$x":[{"t":"idOrVar","v":"plural"},"value"]},{"$i":"incorrectDate","$v":"(nepravilen datum)"},{"$i":"dateTimeFormat_%c","$v":"%a %b %e %Y %I.%M.%S %p"},{"$i":"dateTimeFormat_%x","$v":"%m/%d/%Y"},{"$i":"dateTimeFormat_%X","$v":"%I:%M:%S %p"},{"$i":"shortTimeFormat","$v":"%I.%M %p"},{"$i":"shortTimeFormat12","$v":"%I.%M %p"},{"$i":"shortTimeFormat24","$v":"%H.%M"},{"$i":"shortDateTimeFormat","$v":"%x %I.%M %p"},{"$i":"weekStartsOnMonday","$v":"0.0"},{"$i":"firstDayOfTheWeek","$v":"1.0"},{"$i":"time_am","$v":"dop."},{"$i":"time_pm","$v":"pop."},{"$i":"softkey-options","$v":"Možnosti"},{"$i":"reset","$v":"Ponastavi"},{"$i":"start","$v":"Začetek"},{"$i":"stop","$v":"Ustavi"},{"$i":"cancel","$v":"Prekliči"},{"$i":"hour","$v":"Ura"},{"$i":"hours","$v":"Ure"},{"$i":"minute","$v":"Minuta"},{"$i":"minutes","$v":"Minute"},{"$i":"second","$v":"Sekunda"},{"$i":"alarm","$v":"Alarm"},{"$i":"alarm-name","placeholder":"Alarm"},{"$i":"timer","$v":"Časovnik"},{"$i":"stopwatch","$v":"Štoparica"},{"$i":"alarmName","$v":"Ime alarma"},{"$i":"newAlarm","$v":"Nov alarm"},{"$i":"editAlarm","$v":"Uredi alarm"},{"$i":"kaiSettings","$v":"Nastavitve"},{"$i":"clock-settings","$v":"Nastavitve ure"},{"$i":"alarms-maximum","$v":"Dosegli ste največje dovoljeno število alarmov"},{"$i":"laps-maximum","$v":"Dosegli ste največje dovoljeno število krogov"},{"$i":"changes-saved","$v":"Spremembe so shranjene."},{"$i":"pause","$v":"Premor"},{"$i":"resume","$v":"Nadaljuj"},{"$i":"lap","$v":"Krog"},{"$i":"lap-number","$v":["Krog ",{"t":"idOrVar","v":"n"}]},{"$i":"timer-hour","$v":"ura"},{"$i":"timer-min","$v":"minuta"},{"$i":"timer-sec","$v":"sekunda"},{"$i":"delete","$v":"Brisanje"},{"$i":"time","$v":"Čas"},{"$i":"snooze-label","$v":"Dremež"},{"$i":"snooze-button","$v":"Dremež"},{"$i":"repeat","$v":"Ponovi"},{"$i":"vibrate","$v":"Vibriranje"},{"$i":"close","$v":"Zapri"},{"$i":"save","$v":"Shrani"},{"$i":"done","$v":"Dokončano"},{"$i":"kai-select-time","$v":"Izberite čas"},{"$i":"closeButton","ariaLabel":"Zapri"},{"$i":"newAlarmButton","ariaLabel":"Nov alarm"},{"$i":"alarm-volume-label","$v":"Glasnost sist. alarma"},{"$i":"kai-volume","$v":"Obseg:"},{"$i":"volume-level-display","$v":[{"t":"idOrVar","v":"n"}," / ",{"t":"idOrVar","v":"c"}]},{"$i":"sound","$v":"Zvok"},{"$i":"noSound","$v":"Ni zvoka"},{"$i":"kai-ringtones","$v":"Toni zvonjenja"},{"$i":"everyday","$v":"Vsak dan"},{"$i":"weekdays","$v":"Delavniki"},{"$i":"weekends","$v":"Konci tedna"},{"$i":"never","$v":"Nikoli"},{"$i":"vibrateOn","$v":"Vklop"},{"$i":"vibrateOff","$v":"Izklop"},{"$i":"kai-on","$v":"Vklop"},{"$i":"kai-off","$v":"Izklopljen"},{"$i":"plusMinute","$v":"+1 min"},{"$i":"dateFormat","$v":"%A, %B %e"},{"$i":"countdown-lessThanAnHour","$v":["Alarm je nastavljen za ",{"t":"idOrVar","v":"minutes"}," od tega trenutka."]},{"$i":"countdown-moreThanAnHour","$v":["Alarm je nastavljen za ",{"t":"idOrVar","v":"hours"}," ",{"t":"idOrVar","v":"minutes"}," od tega trenutka."]},{"$i":"countdown-moreThanADay","$v":["Alarm je nastavljen na ",{"t":"idOrVar","v":"days"}," ",{"t":"idOrVar","v":"hours"}," od zdaj."]},{"$i":"kai-alarm-off","$v":"Alarm je izklopljen."},{"$i":"kai-alarm-deleted","$v":"Alarm izbrisan"},{"$i":"alarm-delete-all","$v":"Vsi alarmi so bili izbrisani."},{"$i":"nMinutes","$v":{"few":[{"t":"idOrVar","v":"n"}," minute"],"many":[{"t":"idOrVar","v":"n"}," minut"],"one":"ena minuta","other":[{"t":"idOrVar","v":"n"}," minut"],"two":[{"t":"idOrVar","v":"n"}," minuti"],"zero":"manj kot minuta"},"$x":[{"t":"idOrVar","v":"plural"},"n"]},{"$i":"nHours","$v":{"few":[{"t":"idOrVar","v":"n"}," ure"],"many":[{"t":"idOrVar","v":"n"}," ur"],"one":[{"t":"idOrVar","v":"n"}," ura"],"other":[{"t":"idOrVar","v":"n"}," ur"],"two":[{"t":"idOrVar","v":"n"}," uri"]},"$x":[{"t":"idOrVar","v":"plural"},"n"]},{"$i":"nAndRemainHours","$v":{"few":["in ",{"t":"idOrVar","v":"n"}," ure"],"many":["in ",{"t":"idOrVar","v":"n"}," ur"],"one":["in ",{"t":"idOrVar","v":"n"}," ura"],"other":["in ",{"t":"idOrVar","v":"n"}," ur"],"two":["in ",{"t":"idOrVar","v":"n"}," uri"]},"$x":[{"t":"idOrVar","v":"plural"},"n"]},{"$i":"nRemainDays","$v":{"few":[{"t":"idOrVar","v":"n"}," dnevi"],"many":[{"t":"idOrVar","v":"n"}," dni"],"one":[{"t":"idOrVar","v":"n"}," dan"],"other":[{"t":"idOrVar","v":"n"}," dni"],"two":[{"t":"idOrVar","v":"n"}," dneva"]},"$x":[{"t":"idOrVar","v":"plural"},"n"]},{"$i":"nRemainMinutes","$v":{"few":["in ",{"t":"idOrVar","v":"n"}," minute"],"many":["in ",{"t":"idOrVar","v":"n"}," minut"],"one":["in ",{"t":"idOrVar","v":"n"}," minuta"],"other":["in ",{"t":"idOrVar","v":"n"}," minut"],"two":["in ",{"t":"idOrVar","v":"n"}," minuti"]},"$x":[{"t":"idOrVar","v":"plural"},"n"]},{"$i":"nSpinnerSeconds","$v":{"few":[{"t":"idOrVar","v":"n"}," sekunde"],"many":[{"t":"idOrVar","v":"n"}," sekund"],"one":"ena sekunda","other":[{"t":"idOrVar","v":"n"}," sekund"],"two":[{"t":"idOrVar","v":"n"}," sekundi"],"zero":"nič sekund"},"$x":[{"t":"idOrVar","v":"plural"},"n"]},{"$i":"nSpinnerMinutes","$v":{"few":[{"t":"idOrVar","v":"n"}," minute"],"many":[{"t":"idOrVar","v":"n"}," minut"],"one":"ena minuta","other":[{"t":"idOrVar","v":"n"}," minut"],"two":[{"t":"idOrVar","v":"n"}," minuti"],"zero":"nič minut"},"$x":[{"t":"idOrVar","v":"plural"},"n"]},{"$i":"nSpinnerHours","$v":{"few":[{"t":"idOrVar","v":"n"}," ure"],"many":[{"t":"idOrVar","v":"n"}," ur"],"one":[{"t":"idOrVar","v":"n"}," ura"],"other":[{"t":"idOrVar","v":"n"}," ur"],"two":[{"t":"idOrVar","v":"n"}," uri"],"zero":"nič ur"},"$x":[{"t":"idOrVar","v":"plural"},"n"]},{"$i":"kai-stop","$v":"Ustavi"},{"$i":"kai-snooze","$v":"Dremež"},{"$i":"ac_africa_ogg","$v":"Afrika"},{"$i":"ac_amazon_ogg","$v":"Amazonka"},{"$i":"ac_disco_ogg","$v":"Disko"},{"$i":"ac_fairy_tales_ogg","$v":"Pravljice"},{"$i":"ac_fresh_ogg","$v":"Sveže"},{"$i":"ac_galaxy_ogg","$v":"Galaksija"},{"$i":"ac_kai_ogg","$v":"Kai"},{"$i":"ac_techno_ogg","$v":"Tehno"},{"$i":"ac_woody_ogg","$v":"Leseno"},{"$i":"ac_awake_opus","$v":"Awake"},{"$i":"ac_crystalize_opus","$v":"Crystallise"},{"$i":"ac_cycle_opus","$v":"Cycle"},{"$i":"ac_digicloud_opus","$v":"Digicloud"},{"$i":"ac_humming_waves_opus","$v":"Humming Waves"},{"$i":"ac_into_the_void_opus","$v":"Into the Void"},{"$i":"ac_lightly_opus","$v":"Lightly"},{"$i":"ac_mobile_opus","$v":"Mobile"},{"$i":"ac_pinger_opus","$v":"Pinger"},{"$i":"ac_skip_opus","$v":"Skip"},{"$i":"ac_tri_opus","$v":"Tri"},{"$i":"ac_universal_opus","$v":"Universal"},{"$i":"kai-options","$v":"Možnosti"},{"$i":"kai-clock-title","$v":"Ura"},{"$i":"alarm-title","$v":"Alarm"},{"$i":"no-alarms-body","$v":"Ni nastavljenih alarmov. "},{"$i":"press-new","$v":"Za začetek pritisnite Novo."},{"$i":"kai-new-alarm","$v":"Nov stik"},{"$i":"kai-settings","$v":"Nastavitve"},{"$i":"kai-cancel","$v":"Prekliči"},{"$i":"kai-save","$v":"Shrani"},{"$i":"turnOn","$v":"Vklopi"},{"$i":"turnOff","$v":"Izklopi"},{"$i":"edit","$v":"Uredi"},{"$i":"select","$v":"Izberi"},{"$i":"kai-delete","$v":"Brisanje"},{"$i":"delete-all","$v":"Izbriši vse"},{"$i":"kai-selected-alarm","$v":"Izbrani alarm"},{"$i":"set","$v":"Nastavi"},{"$i":"kai-start","$v":"Začetek"},{"$i":"kai-reset","$v":"Ponastavi"},{"$i":"kai-min-plus","$v":"+1 min"},{"$i":"kai-resume","$v":"Nadaljuj"},{"$i":"kai-lap","$v":"Krog"},{"$i":"play","$v":"Predvajaj"},{"$i":"kai-no-repeat","$v":"Brez ponovitve"},{"$i":"kai-confirm-title","$v":"Potrditev"},{"$i":"kai-confirm-delete-body","$v":"Želite izbrisati izbrani alarm?"},{"$i":"confirm-delete-all-body","$v":"Ali želite izbrisati vse opozorila?"},{"$i":"kai-confirm-end-key-body","$v":{"$o":"Aplikacija se bo zaprla in podatki bodo izgubljeni. <br><br> Se želite vrniti na urejanje?"}},{"$i":"kai-confirm-exit-button","$v":"Izhod"},{"$i":"kai-confirm-return-button","$v":"vračalka"}]