[{"$i":"weekday-0-long","$v":"Nedelja"},{"$i":"weekday-1-long","$v":"Ponedeljak"},{"$i":"weekday-2-long","$v":"Utorak"},{"$i":"weekday-3-long","$v":"Sreda"},{"$i":"weekday-4-long","$v":"Četvrtak"},{"$i":"weekday-5-long","$v":"Petak"},{"$i":"weekday-6-long","$v":"Subota"},{"$i":"weekday-0-short","$v":"Ned"},{"$i":"weekday-1-short","$v":"Pon"},{"$i":"weekday-2-short","$v":"Uto"},{"$i":"weekday-3-short","$v":"Sre"},{"$i":"weekday-4-short","$v":"Čet"},{"$i":"weekday-5-short","$v":"Pet"},{"$i":"weekday-6-short","$v":"Sub"},{"$i":"month-0-long","$v":"Januar"},{"$i":"month-1-long","$v":"Februar"},{"$i":"month-2-long","$v":"Mart"},{"$i":"month-3-long","$v":"April"},{"$i":"month-4-long","$v":"Maj"},{"$i":"month-5-long","$v":"Jun"},{"$i":"month-6-long","$v":"Jul"},{"$i":"month-7-long","$v":"Avgust"},{"$i":"month-8-long","$v":"Septembar"},{"$i":"month-9-long","$v":"Oktobar"},{"$i":"month-10-long","$v":"Novembar"},{"$i":"month-11-long","$v":"Decembar"},{"$i":"month-0-genitive","$v":"Januar"},{"$i":"month-1-genitive","$v":"Februar"},{"$i":"month-2-genitive","$v":"Mart"},{"$i":"month-3-genitive","$v":"April"},{"$i":"month-4-genitive","$v":"Maj"},{"$i":"month-5-genitive","$v":"Jun"},{"$i":"month-6-genitive","$v":"Jul"},{"$i":"month-7-genitive","$v":"Avgust"},{"$i":"month-8-genitive","$v":"Septembar"},{"$i":"month-9-genitive","$v":"Oktobar"},{"$i":"month-10-genitive","$v":"Novembar"},{"$i":"month-11-genitive","$v":"Decembar"},{"$i":"month-0-short","$v":"Jan"},{"$i":"month-1-short","$v":"Feb"},{"$i":"month-2-short","$v":"Mar"},{"$i":"month-3-short","$v":"Apr"},{"$i":"month-4-short","$v":"Maj"},{"$i":"month-5-short","$v":"Jun"},{"$i":"month-6-short","$v":"Jul"},{"$i":"month-7-short","$v":"Avg"},{"$i":"month-8-short","$v":"Sep"},{"$i":"month-9-short","$v":"Okt"},{"$i":"month-10-short","$v":"Nov"},{"$i":"month-11-short","$v":"Dec"},{"$i":"minutes-ago-long","$v":{"few":["Pre ",{"t":"idOrVar","v":"value"}," minuta"],"many":["Pre ",{"t":"idOrVar","v":"value"}," minuta"],"other":["Pre ",{"t":"idOrVar","v":"value"}," minuta"],"two":["Pre ",{"t":"idOrVar","v":"value"}," minuta"],"one":"pre jednog minuta","zero":"malopre"},"$x":[{"t":"idOrVar","v":"plural"},"value"]},{"$i":"hours-ago-long","$v":{"few":["Pre ovoliko sati: ",{"t":"idOrVar","v":"value"}],"many":["Pre ovoliko sati: ",{"t":"idOrVar","v":"value"}],"other":["Pre ovoliko sati: ",{"t":"idOrVar","v":"value"}],"two":["Pre ovoliko sati: ",{"t":"idOrVar","v":"value"}],"one":"пре 1 сат","zero":"malopre"},"$x":[{"t":"idOrVar","v":"plural"},"value"]},{"$i":"days-ago-long","$v":{"few":["Pre ",{"t":"idOrVar","v":"value"}," dana"],"many":["Pre ",{"t":"idOrVar","v":"value"}," dana"],"one":"juče","other":["Pre ",{"t":"idOrVar","v":"value"}," dana"],"two":["Pre ",{"t":"idOrVar","v":"value"}," dana"],"zero":"danas"},"$x":[{"t":"idOrVar","v":"plural"},"value"]},{"$i":"weeks-ago-long","$v":{"few":["Pre ovoliko nedelja: ",{"t":"idOrVar","v":"value"}],"many":["Pre ovoliko nedelja: ",{"t":"idOrVar","v":"value"}],"one":"prošle nedelje","other":["Pre ovoliko nedelja: ",{"t":"idOrVar","v":"value"}],"two":["Pre ovoliko nedelja: ",{"t":"idOrVar","v":"value"}],"zero":"ove nedelje"},"$x":[{"t":"idOrVar","v":"plural"},"value"]},{"$i":"months-ago-long","$v":{"few":["Pre ovoliko meseci: ",{"t":"idOrVar","v":"value"}],"many":["Pre ovoliko meseci: ",{"t":"idOrVar","v":"value"}],"one":"prošli mesec","other":["Pre ovoliko meseci: ",{"t":"idOrVar","v":"value"}],"two":["Pre ovoliko meseci: ",{"t":"idOrVar","v":"value"}],"zero":"ovog meseca"},"$x":[{"t":"idOrVar","v":"plural"},"value"]},{"$i":"years-ago-long","$v":{"few":["Pre ovoliko godina: ",{"t":"idOrVar","v":"value"}],"many":["Pre ovoliko godina: ",{"t":"idOrVar","v":"value"}],"one":"prošle godine","other":["Pre ovoliko godina: ",{"t":"idOrVar","v":"value"}],"two":["Pre ovoliko godina: ",{"t":"idOrVar","v":"value"}],"zero":"ove godine"},"$x":[{"t":"idOrVar","v":"plural"},"value"]},{"$i":"minutes-until-long","$v":{"few":["za ",{"t":"idOrVar","v":"value"}," minuta"],"many":["za ",{"t":"idOrVar","v":"value"}," minuta"],"other":["za ",{"t":"idOrVar","v":"value"}," minuta"],"two":["za ",{"t":"idOrVar","v":"value"}," minuta"],"zero":"sada","one":"за 1 минут"},"$x":[{"t":"idOrVar","v":"plural"},"value"]},{"$i":"hours-until-long","$v":{"few":["za ",{"t":"idOrVar","v":"value"}," sata/i"],"many":["za ",{"t":"idOrVar","v":"value"}," sata/i"],"other":["za ",{"t":"idOrVar","v":"value"}," sata/i"],"two":["za ",{"t":"idOrVar","v":"value"}," sata/i"],"zero":"sada","one":"за 1 сат"},"$x":[{"t":"idOrVar","v":"plural"},"value"]},{"$i":"days-until-long","$v":{"few":["za ",{"t":"idOrVar","v":"value"}," dana"],"many":["za ",{"t":"idOrVar","v":"value"}," dana"],"one":"sutra","other":["za ",{"t":"idOrVar","v":"value"}," dana"],"two":["za ",{"t":"idOrVar","v":"value"}," dana"],"zero":"danas"},"$x":[{"t":"idOrVar","v":"plural"},"value"]},{"$i":"weeks-until-long","$v":{"few":["za ",{"t":"idOrVar","v":"value"}," nedelje/a"],"many":["za ",{"t":"idOrVar","v":"value"}," nedelje/a"],"one":"sledeća nedelja","other":["za ",{"t":"idOrVar","v":"value"}," nedelje/a"],"two":["za ",{"t":"idOrVar","v":"value"}," nedelje/a"],"zero":"ove nedelje"},"$x":[{"t":"idOrVar","v":"plural"},"value"]},{"$i":"months-until-long","$v":{"few":["za ",{"t":"idOrVar","v":"value"}," meseca/i"],"many":["za ",{"t":"idOrVar","v":"value"}," meseca/i"],"one":"sledeći mesec","other":["za ",{"t":"idOrVar","v":"value"}," meseca/i"],"two":["za ",{"t":"idOrVar","v":"value"}," meseca/i"],"zero":"ovog meseca"},"$x":[{"t":"idOrVar","v":"plural"},"value"]},{"$i":"years-until-long","$v":{"few":["za ",{"t":"idOrVar","v":"value"}," godine/a"],"many":["za ",{"t":"idOrVar","v":"value"}," godine/a"],"one":"sledeća godina","other":["za ",{"t":"idOrVar","v":"value"}," godine/a"],"two":["za ",{"t":"idOrVar","v":"value"}," godine/a"],"zero":"ove godine"},"$x":[{"t":"idOrVar","v":"plural"},"value"]},{"$i":"minutes-ago-short","$v":{"other":["Pre ",{"t":"idOrVar","v":"value"}," m"],"zero":"malopre"},"$x":[{"t":"idOrVar","v":"plural"},"value"]},{"$i":"hours-ago-short","$v":{"other":["Pre ",{"t":"idOrVar","v":"value"}," h"],"zero":"malopre"},"$x":[{"t":"idOrVar","v":"plural"},"value"]},{"$i":"days-ago-short","$v":{"other":["Pre ",{"t":"idOrVar","v":"value"}," d"],"zero":"danas"},"$x":[{"t":"idOrVar","v":"plural"},"value"]},{"$i":"minutes-until-short","$v":{"other":["za ",{"t":"idOrVar","v":"value"}," m"],"zero":"sada"},"$x":[{"t":"idOrVar","v":"plural"},"value"]},{"$i":"hours-until-short","$v":{"other":["za ",{"t":"idOrVar","v":"value"}," h"],"zero":"sada"},"$x":[{"t":"idOrVar","v":"plural"},"value"]},{"$i":"days-until-short","$v":{"other":["za ",{"t":"idOrVar","v":"value"}," d"],"zero":"danas"},"$x":[{"t":"idOrVar","v":"plural"},"value"]},{"$i":"incorrectDate","$v":"(netačan datum)"},{"$i":"dateTimeFormat_%c","$v":"%a %b %e %Y %I:%M:%S %p"},{"$i":"dateTimeFormat_%x","$v":"%m/%d/%Y"},{"$i":"dateTimeFormat_%X","$v":"%I:%M:%S %p"},{"$i":"shortTimeFormat","$v":"%I:%M %p"},{"$i":"shortTimeFormat12","$v":"%I:%M %p"},{"$i":"shortTimeFormat24","$v":"%H:%M"},{"$i":"shortDateTimeFormat","$v":"%x %I:%M %p"},{"$i":"weekStartsOnMonday","$v":"0.0"},{"$i":"firstDayOfTheWeek","$v":"1.0"},{"$i":"time_am","$v":"AM"},{"$i":"time_pm","$v":"Posle podne"},{"$i":"softkey-options","$v":"Opcije"},{"$i":"reset","$v":"Resetovanje"},{"$i":"start","$v":"Pokretanje"},{"$i":"stop","$v":"Zaustavi"},{"$i":"cancel","$v":"Otkaži"},{"$i":"hour","$v":"Sat"},{"$i":"hours","$v":"Sati"},{"$i":"minute","$v":"Minut"},{"$i":"minutes","$v":"minuti"},{"$i":"second","$v":"Sekunda"},{"$i":"alarm","$v":"Alarm"},{"$i":"alarm-name","placeholder":"Alarm"},{"$i":"timer","$v":"Tajmer"},{"$i":"stopwatch","$v":"Štoperica"},{"$i":"alarmName","$v":"Ime alarma"},{"$i":"newAlarm","$v":"Novi alarm"},{"$i":"editAlarm","$v":"Uredi alarm"},{"$i":"kaiSettings","$v":"Podešavanja"},{"$i":"clock-settings","$v":"Podešavanja sata"},{"$i":"alarms-maximum","$v":"Dostigli ste maksimalni broj alarma."},{"$i":"laps-maximum","$v":"Dostigli ste maksimalni broj krugova."},{"$i":"changes-saved","$v":"Promene su sačuvane."},{"$i":"pause","$v":"Pauziraj"},{"$i":"resume","$v":"Nastavi"},{"$i":"lap","$v":"Krug"},{"$i":"lap-number","$v":["Krug ",{"t":"idOrVar","v":"n"}]},{"$i":"timer-hour","$v":"sat"},{"$i":"timer-min","$v":"minut"},{"$i":"timer-sec","$v":"sekunda"},{"$i":"delete","$v":"Izbriši"},{"$i":"time","$v":"Vreme"},{"$i":"snooze-label","$v":"Odloži"},{"$i":"snooze-button","$v":"Odloži"},{"$i":"repeat","$v":"Ponavljanje"},{"$i":"vibrate","$v":"Vibracija"},{"$i":"close","$v":"Zatvori"},{"$i":"save","$v":"Sačuvaj"},{"$i":"done","$v":"Gotovo"},{"$i":"kai-select-time","$v":"Odaberi vreme"},{"$i":"closeButton","ariaLabel":"Zatvori"},{"$i":"newAlarmButton","ariaLabel":"Novi alarm"},{"$i":"alarm-volume-label","$v":"Jač. zvuka sist. alarma"},{"$i":"kai-volume","$v":"Волуме:"},{"$i":"volume-level-display","$v":[{"t":"idOrVar","v":"n"}," / ",{"t":"idOrVar","v":"c"}]},{"$i":"sound","$v":"Zvuk"},{"$i":"noSound","$v":"Nema zvuka"},{"$i":"kai-ringtones","$v":"Tonovi zvona"},{"$i":"everyday","$v":"Svaki dan"},{"$i":"weekdays","$v":"RadDan"},{"$i":"weekends","$v":"Viken."},{"$i":"never","$v":"Nikada"},{"$i":"vibrateOn","$v":"Uključeno"},{"$i":"vibrateOff","$v":"Isključeno"},{"$i":"kai-on","$v":"Uključeno"},{"$i":"kai-off","$v":"Isključeno"},{"$i":"plusMinute","$v":"+1 min."},{"$i":"dateFormat","$v":"%A, %B %e"},{"$i":"countdown-lessThanAnHour","$v":["Alarm je namešten za ",{"t":"idOrVar","v":"minutes"},"."]},{"$i":"countdown-moreThanAnHour","$v":["Alarm je namešten za ",{"t":"idOrVar","v":"hours"},", ",{"t":"idOrVar","v":"minutes"},"."]},{"$i":"countdown-moreThanADay","$v":["Alarm je namešten za ",{"t":"idOrVar","v":"days"},", ",{"t":"idOrVar","v":"hours"},"."]},{"$i":"kai-alarm-off","$v":"Аларм је искључен"},{"$i":"kai-alarm-deleted","$v":"Аларм је избрисан"},{"$i":"alarm-delete-all","$v":"Сви аларми су избрисани."},{"$i":"nMinutes","$v":{"few":[{"t":"idOrVar","v":"n"}," minuta"],"many":[{"t":"idOrVar","v":"n"}," minuta"],"one":"jedan minut","other":[{"t":"idOrVar","v":"n"}," minuta"],"two":[{"t":"idOrVar","v":"n"}," minuta"],"zero":"manje od minuta"},"$x":[{"t":"idOrVar","v":"plural"},"n"]},{"$i":"nHours","$v":{"few":[{"t":"idOrVar","v":"n"}," sata"],"many":[{"t":"idOrVar","v":"n"}," sati"],"one":[{"t":"idOrVar","v":"n"}," sat"],"other":[{"t":"idOrVar","v":"n"}," sati"],"two":[{"t":"idOrVar","v":"n"}," sata"]},"$x":[{"t":"idOrVar","v":"plural"},"n"]},{"$i":"nAndRemainHours","$v":{"few":["i ",{"t":"idOrVar","v":"n"}," sata"],"many":["i ",{"t":"idOrVar","v":"n"}," sata"],"one":[{"t":"idOrVar","v":"n"}," sat"],"other":["i ",{"t":"idOrVar","v":"n"}," sata"],"two":["i ",{"t":"idOrVar","v":"n"}," sata"]},"$x":[{"t":"idOrVar","v":"plural"},"n"]},{"$i":"nRemainDays","$v":{"few":[{"t":"idOrVar","v":"n"}," dana"],"many":[{"t":"idOrVar","v":"n"}," dana"],"one":[{"t":"idOrVar","v":"n"}," dan"],"other":[{"t":"idOrVar","v":"n"}," dana"],"two":[{"t":"idOrVar","v":"n"}," dana"]},"$x":[{"t":"idOrVar","v":"plural"},"n"]},{"$i":"nRemainMinutes","$v":{"few":["i ",{"t":"idOrVar","v":"n"}," minuta"],"many":["i ",{"t":"idOrVar","v":"n"}," minuta"],"one":["i ",{"t":"idOrVar","v":"n"}," minut"],"other":["i ",{"t":"idOrVar","v":"n"}," minuta"],"two":["i ",{"t":"idOrVar","v":"n"}," minuta"]},"$x":[{"t":"idOrVar","v":"plural"},"n"]},{"$i":"nSpinnerSeconds","$v":{"few":[{"t":"idOrVar","v":"n"}," sekunde"],"many":[{"t":"idOrVar","v":"n"}," sekundi"],"one":"sekund","other":[{"t":"idOrVar","v":"n"}," sekundi"],"two":[{"t":"idOrVar","v":"n"}," sekunde"],"zero":"nula sekundi"},"$x":[{"t":"idOrVar","v":"plural"},"n"]},{"$i":"nSpinnerMinutes","$v":{"few":[{"t":"idOrVar","v":"n"}," minuta"],"many":[{"t":"idOrVar","v":"n"}," minuta"],"one":"jedan minut","other":[{"t":"idOrVar","v":"n"}," minuta"],"two":[{"t":"idOrVar","v":"n"}," minuta"],"zero":"nula minuta"},"$x":[{"t":"idOrVar","v":"plural"},"n"]},{"$i":"nSpinnerHours","$v":{"few":[{"t":"idOrVar","v":"n"}," sata"],"many":[{"t":"idOrVar","v":"n"}," sati"],"one":[{"t":"idOrVar","v":"n"}," sat"],"other":[{"t":"idOrVar","v":"n"}," sati"],"two":[{"t":"idOrVar","v":"n"}," sata"],"zero":"nula sati"},"$x":[{"t":"idOrVar","v":"plural"},"n"]},{"$i":"kai-stop","$v":"Zaustavi"},{"$i":"kai-snooze","$v":"Odloži"},{"$i":"ac_africa_ogg","$v":"Afrika"},{"$i":"ac_amazon_ogg","$v":"Amazon"},{"$i":"ac_disco_ogg","$v":"Disko"},{"$i":"ac_fairy_tales_ogg","$v":"Bajke"},{"$i":"ac_fresh_ogg","$v":"Svežina"},{"$i":"ac_galaxy_ogg","$v":"Galaksija"},{"$i":"ac_kai_ogg","$v":"Kai"},{"$i":"ac_techno_ogg","$v":"Tehno"},{"$i":"ac_woody_ogg","$v":"Drveni"},{"$i":"ac_awake_opus","$v":"Awake"},{"$i":"ac_crystalize_opus","$v":"Crystallise"},{"$i":"ac_cycle_opus","$v":"Cycle"},{"$i":"ac_digicloud_opus","$v":"Digicloud"},{"$i":"ac_humming_waves_opus","$v":"Humming Waves"},{"$i":"ac_into_the_void_opus","$v":"Into the Void"},{"$i":"ac_lightly_opus","$v":"Lightly"},{"$i":"ac_mobile_opus","$v":"Mobile"},{"$i":"ac_pinger_opus","$v":"Pinger"},{"$i":"ac_skip_opus","$v":"Skip"},{"$i":"ac_tri_opus","$v":"Tri"},{"$i":"ac_universal_opus","$v":"Universal"},{"$i":"kai-options","$v":"Opcije"},{"$i":"kai-clock-title","$v":"Сат"},{"$i":"alarm-title","$v":"Alarm"},{"$i":"no-alarms-body","$v":"Alarmi nisu podešeni. "},{"$i":"press-new","$v":"Притисните Ново да бисте започели."},{"$i":"kai-new-alarm","$v":"Novi kontakt"},{"$i":"kai-settings","$v":"Podešavanja"},{"$i":"kai-cancel","$v":"Otkaži"},{"$i":"kai-save","$v":"Sačuvaj"},{"$i":"turnOn","$v":"Uključi"},{"$i":"turnOff","$v":"Isključi"},{"$i":"edit","$v":"Uređivanje"},{"$i":"select","$v":"Odaberi"},{"$i":"kai-delete","$v":"Izbriši"},{"$i":"delete-all","$v":"Izbriši sve"},{"$i":"kai-selected-alarm","$v":"Изабрани аларм"},{"$i":"set","$v":"Podesi"},{"$i":"kai-start","$v":"Pokretanje"},{"$i":"kai-reset","$v":"Resetovanje"},{"$i":"kai-min-plus","$v":"+1 min."},{"$i":"kai-resume","$v":"Nastavi"},{"$i":"kai-lap","$v":"Krug"},{"$i":"play","$v":"Reprodukuj"},{"$i":"kai-no-repeat","$v":"Нема понављања"},{"$i":"kai-confirm-title","$v":"Potvrda"},{"$i":"kai-confirm-delete-body","$v":"Избрисати изабрани аларм?"},{"$i":"confirm-delete-all-body","$v":"Избрисати све аларме?"},{"$i":"kai-confirm-end-key-body","$v":{"$o":"Aplikacija će biti zatvorena i podaci će biti izgubljeni. <br><br> Želite li da se vratite na uređivanje?"}},{"$i":"kai-confirm-exit-button","$v":"Izađi"},{"$i":"kai-confirm-return-button","$v":"nazad"}]