[{"$i":"weekday-0-long","$v":"Söndag"},{"$i":"weekday-1-long","$v":"Måndag"},{"$i":"weekday-2-long","$v":"Tisdag"},{"$i":"weekday-3-long","$v":"Onsdag"},{"$i":"weekday-4-long","$v":"Torsdag"},{"$i":"weekday-5-long","$v":"Fredag"},{"$i":"weekday-6-long","$v":"Lördag"},{"$i":"weekday-0-short","$v":"Sön"},{"$i":"weekday-1-short","$v":"Mån"},{"$i":"weekday-2-short","$v":"Tis"},{"$i":"weekday-3-short","$v":"Ons"},{"$i":"weekday-4-short","$v":"Tor"},{"$i":"weekday-5-short","$v":"Fre"},{"$i":"weekday-6-short","$v":"Lör"},{"$i":"month-0-long","$v":"Januari"},{"$i":"month-1-long","$v":"Februari"},{"$i":"month-2-long","$v":"Mars"},{"$i":"month-3-long","$v":"April"},{"$i":"month-4-long","$v":"Maj"},{"$i":"month-5-long","$v":"Juni"},{"$i":"month-6-long","$v":"Juli"},{"$i":"month-7-long","$v":"Augusti"},{"$i":"month-8-long","$v":"September"},{"$i":"month-9-long","$v":"Oktober"},{"$i":"month-10-long","$v":"November"},{"$i":"month-11-long","$v":"December"},{"$i":"month-0-genitive","$v":"Januari"},{"$i":"month-1-genitive","$v":"Februari"},{"$i":"month-2-genitive","$v":"Mars"},{"$i":"month-3-genitive","$v":"April"},{"$i":"month-4-genitive","$v":"Maj"},{"$i":"month-5-genitive","$v":"Juni"},{"$i":"month-6-genitive","$v":"Juli"},{"$i":"month-7-genitive","$v":"Augusti"},{"$i":"month-8-genitive","$v":"September"},{"$i":"month-9-genitive","$v":"Oktober"},{"$i":"month-10-genitive","$v":"November"},{"$i":"month-11-genitive","$v":"December"},{"$i":"month-0-short","$v":"Jan"},{"$i":"month-1-short","$v":"Feb"},{"$i":"month-2-short","$v":"Mar"},{"$i":"month-3-short","$v":"Apr"},{"$i":"month-4-short","$v":"Maj"},{"$i":"month-5-short","$v":"Jun"},{"$i":"month-6-short","$v":"Jul"},{"$i":"month-7-short","$v":"Aug"},{"$i":"month-8-short","$v":"Sep"},{"$i":"month-9-short","$v":"Okt"},{"$i":"month-10-short","$v":"Nov"},{"$i":"month-11-short","$v":"Dec"},{"$i":"minutes-ago-long","$v":{"few":[{"t":"idOrVar","v":"value"}," minuter sedan"],"many":[{"t":"idOrVar","v":"value"}," minuter sedan"],"other":[{"t":"idOrVar","v":"value"}," minuter sedan"],"two":[{"t":"idOrVar","v":"value"}," minuter sedan"],"one":"en minut sedan","zero":"just nu"},"$x":[{"t":"idOrVar","v":"plural"},"value"]},{"$i":"hours-ago-long","$v":{"few":[{"t":"idOrVar","v":"value"}," timmar sedan"],"many":[{"t":"idOrVar","v":"value"}," timmar sedan"],"other":[{"t":"idOrVar","v":"value"}," timmar sedan"],"two":[{"t":"idOrVar","v":"value"}," timmar sedan"],"one":"1 timme sedan","zero":"just nu"},"$x":[{"t":"idOrVar","v":"plural"},"value"]},{"$i":"days-ago-long","$v":{"few":[{"t":"idOrVar","v":"value"}," dagar sedan"],"many":[{"t":"idOrVar","v":"value"}," dagar sedan"],"one":"igår","other":[{"t":"idOrVar","v":"value"}," dagar sedan"],"two":[{"t":"idOrVar","v":"value"}," dagar sedan"],"zero":"idag"},"$x":[{"t":"idOrVar","v":"plural"},"value"]},{"$i":"weeks-ago-long","$v":{"few":[{"t":"idOrVar","v":"value"}," veckor sedan"],"many":[{"t":"idOrVar","v":"value"}," veckor sedan"],"one":"förra veckan","other":[{"t":"idOrVar","v":"value"}," veckor sedan"],"two":[{"t":"idOrVar","v":"value"}," veckor sedan"],"zero":"den här veckan"},"$x":[{"t":"idOrVar","v":"plural"},"value"]},{"$i":"months-ago-long","$v":{"few":[{"t":"idOrVar","v":"value"}," månader sedan"],"many":[{"t":"idOrVar","v":"value"}," månader sedan"],"one":"förra månaden","other":[{"t":"idOrVar","v":"value"}," månader sedan"],"two":[{"t":"idOrVar","v":"value"}," månader sedan"],"zero":"den här månaden"},"$x":[{"t":"idOrVar","v":"plural"},"value"]},{"$i":"years-ago-long","$v":{"few":[{"t":"idOrVar","v":"value"}," år sedan"],"many":[{"t":"idOrVar","v":"value"}," år sedan"],"one":"förra året","other":[{"t":"idOrVar","v":"value"}," år sedan"],"two":[{"t":"idOrVar","v":"value"}," år sedan"],"zero":"det här året"},"$x":[{"t":"idOrVar","v":"plural"},"value"]},{"$i":"minutes-until-long","$v":{"few":["om ",{"t":"idOrVar","v":"value"}," minuter"],"many":["om ",{"t":"idOrVar","v":"value"}," minuter"],"other":["om ",{"t":"idOrVar","v":"value"}," minuter"],"two":["om ",{"t":"idOrVar","v":"value"}," minuter"],"zero":"nu","one":"på 1 minut"},"$x":[{"t":"idOrVar","v":"plural"},"value"]},{"$i":"hours-until-long","$v":{"few":["om ",{"t":"idOrVar","v":"value"}," timmar"],"many":["om ",{"t":"idOrVar","v":"value"}," timmar"],"other":["om ",{"t":"idOrVar","v":"value"}," timmar"],"two":["om ",{"t":"idOrVar","v":"value"}," timmar"],"zero":"nu","one":"om 1 timme"},"$x":[{"t":"idOrVar","v":"plural"},"value"]},{"$i":"days-until-long","$v":{"few":["om ",{"t":"idOrVar","v":"value"}," dagar"],"many":["om ",{"t":"idOrVar","v":"value"}," dagar"],"one":"imorgon","other":["om ",{"t":"idOrVar","v":"value"}," dagar"],"two":["om ",{"t":"idOrVar","v":"value"}," dagar"],"zero":"idag"},"$x":[{"t":"idOrVar","v":"plural"},"value"]},{"$i":"weeks-until-long","$v":{"few":["om ",{"t":"idOrVar","v":"value"}," veckor"],"many":["om ",{"t":"idOrVar","v":"value"}," veckor"],"one":"nästa vecka","other":["om ",{"t":"idOrVar","v":"value"}," veckor"],"two":["om ",{"t":"idOrVar","v":"value"}," veckor"],"zero":"den här veckan"},"$x":[{"t":"idOrVar","v":"plural"},"value"]},{"$i":"months-until-long","$v":{"few":["om ",{"t":"idOrVar","v":"value"}," månader"],"many":["om ",{"t":"idOrVar","v":"value"}," månader"],"one":"nästa månad","other":["om ",{"t":"idOrVar","v":"value"}," månader"],"two":["om ",{"t":"idOrVar","v":"value"}," månader"],"zero":"den här månaden"},"$x":[{"t":"idOrVar","v":"plural"},"value"]},{"$i":"years-until-long","$v":{"few":["om ",{"t":"idOrVar","v":"value"}," år"],"many":["om ",{"t":"idOrVar","v":"value"}," år"],"one":"nästa år","other":["om ",{"t":"idOrVar","v":"value"}," år"],"two":["om ",{"t":"idOrVar","v":"value"}," år"],"zero":"det här året"},"$x":[{"t":"idOrVar","v":"plural"},"value"]},{"$i":"minutes-ago-short","$v":{"other":[{"t":"idOrVar","v":"value"}," m sedan"],"zero":"just nu"},"$x":[{"t":"idOrVar","v":"plural"},"value"]},{"$i":"hours-ago-short","$v":{"other":[{"t":"idOrVar","v":"value"}," tim. sedan"],"zero":"just nu"},"$x":[{"t":"idOrVar","v":"plural"},"value"]},{"$i":"days-ago-short","$v":{"other":[{"t":"idOrVar","v":"value"}," d sedan"],"zero":"idag"},"$x":[{"t":"idOrVar","v":"plural"},"value"]},{"$i":"minutes-until-short","$v":{"other":["om ",{"t":"idOrVar","v":"value"}," min."],"zero":"nu"},"$x":[{"t":"idOrVar","v":"plural"},"value"]},{"$i":"hours-until-short","$v":{"other":["om ",{"t":"idOrVar","v":"value"}," tim."],"zero":"nu"},"$x":[{"t":"idOrVar","v":"plural"},"value"]},{"$i":"days-until-short","$v":{"other":["om ",{"t":"idOrVar","v":"value"}," dag"],"zero":"idag"},"$x":[{"t":"idOrVar","v":"plural"},"value"]},{"$i":"incorrectDate","$v":"(fel datum)"},{"$i":"dateTimeFormat_%c","$v":"%a %b %e %Y %I:%M:%S %p"},{"$i":"dateTimeFormat_%x","$v":"%m/%d/%Y"},{"$i":"dateTimeFormat_%X","$v":"%I:%M:%S %p"},{"$i":"shortTimeFormat","$v":"%I:%M %p"},{"$i":"shortTimeFormat12","$v":"%I:%M %p"},{"$i":"shortTimeFormat24","$v":"%H:%M"},{"$i":"shortDateTimeFormat","$v":"%x %I:%M %p"},{"$i":"weekStartsOnMonday","$v":"0.0"},{"$i":"firstDayOfTheWeek","$v":"1.0"},{"$i":"time_am","$v":"am"},{"$i":"time_pm","$v":"PM"},{"$i":"softkey-options","$v":"Alternativ"},{"$i":"reset","$v":"Återställ"},{"$i":"start","$v":"Start"},{"$i":"stop","$v":"Stopp"},{"$i":"cancel","$v":"Avbryt"},{"$i":"hour","$v":"Tim."},{"$i":"hours","$v":"Timmar"},{"$i":"minute","$v":"Minut"},{"$i":"minutes","$v":"Min."},{"$i":"second","$v":"Sekund"},{"$i":"alarm","$v":"Alarm"},{"$i":"alarm-name","placeholder":"Alarm"},{"$i":"timer","$v":"Timer"},{"$i":"stopwatch","$v":"Stoppur"},{"$i":"alarmName","$v":"Alarmnamn"},{"$i":"newAlarm","$v":"Nytt alarm"},{"$i":"editAlarm","$v":"Redigera alarm"},{"$i":"kaiSettings","$v":"Inställningar"},{"$i":"clock-settings","$v":"Klockinställningar"},{"$i":"alarms-maximum","$v":"Du har nått det maximala antalet alarm"},{"$i":"laps-maximum","$v":"Du har nått det maximala antalet varv"},{"$i":"changes-saved","$v":"Ändringar sparade."},{"$i":"pause","$v":"Paus"},{"$i":"resume","$v":"Återuppta"},{"$i":"lap","$v":"Varv"},{"$i":"lap-number","$v":["Varv ",{"t":"idOrVar","v":"n"}]},{"$i":"timer-hour","$v":"timme"},{"$i":"timer-min","$v":"minut"},{"$i":"timer-sec","$v":"sekund"},{"$i":"delete","$v":"Ta bort"},{"$i":"time","$v":"Tid"},{"$i":"snooze-label","$v":"Snooze"},{"$i":"snooze-button","$v":"Snooze"},{"$i":"repeat","$v":"Upprepa"},{"$i":"vibrate","$v":"Vibration"},{"$i":"close","$v":"Stäng"},{"$i":"save","$v":"Spara"},{"$i":"done","$v":"Klar"},{"$i":"kai-select-time","$v":"Välj tid"},{"$i":"closeButton","ariaLabel":"Stäng"},{"$i":"newAlarmButton","ariaLabel":"Nytt alarm"},{"$i":"alarm-volume-label","$v":"Systemalarmvolym"},{"$i":"kai-volume","$v":"Volym:"},{"$i":"volume-level-display","$v":[{"t":"idOrVar","v":"n"}," / ",{"t":"idOrVar","v":"c"}]},{"$i":"sound","$v":"Ljud"},{"$i":"noSound","$v":"Inget ljud"},{"$i":"kai-ringtones","$v":"Ringtoner"},{"$i":"everyday","$v":"Varje dag"},{"$i":"weekdays","$v":"Vard."},{"$i":"weekends","$v":"Helger"},{"$i":"never","$v":"Aldrig"},{"$i":"vibrateOn","$v":"På"},{"$i":"vibrateOff","$v":"Av"},{"$i":"kai-on","$v":"På"},{"$i":"kai-off","$v":"Av"},{"$i":"plusMinute","$v":"+1 min."},{"$i":"dateFormat","$v":"%A, %B %e"},{"$i":"countdown-lessThanAnHour","$v":["Larmet är inställt till  ",{"t":"idOrVar","v":"minutes"}," från nu."]},{"$i":"countdown-moreThanAnHour","$v":["Larmet är inställt till ",{"t":"idOrVar","v":"hours"}," ",{"t":"idOrVar","v":"minutes"}," från nu."]},{"$i":"countdown-moreThanADay","$v":["Larmet är inställt till ",{"t":"idOrVar","v":"days"}," ",{"t":"idOrVar","v":"hours"}," från nu."]},{"$i":"kai-alarm-off","$v":"Larmet stängs av."},{"$i":"kai-alarm-deleted","$v":"Larmet raderat."},{"$i":"alarm-delete-all","$v":"Alla larm har raderats."},{"$i":"nMinutes","$v":{"few":[{"t":"idOrVar","v":"n"}," minuter"],"many":[{"t":"idOrVar","v":"n"}," minuter"],"one":"en minut","other":[{"t":"idOrVar","v":"n"}," minuter"],"two":[{"t":"idOrVar","v":"n"}," minuter"],"zero":"mindre än en minut"},"$x":[{"t":"idOrVar","v":"plural"},"n"]},{"$i":"nHours","$v":{"few":[{"t":"idOrVar","v":"n"}," timmar"],"many":[{"t":"idOrVar","v":"n"}," timmar"],"one":[{"t":"idOrVar","v":"n"}," timme"],"other":[{"t":"idOrVar","v":"n"}," timmar"],"two":[{"t":"idOrVar","v":"n"}," timmar"]},"$x":[{"t":"idOrVar","v":"plural"},"n"]},{"$i":"nAndRemainHours","$v":{"few":["och ",{"t":"idOrVar","v":"n"}," timmar"],"many":["och ",{"t":"idOrVar","v":"n"}," timmar"],"one":["och ",{"t":"idOrVar","v":"n"}," timme"],"other":["och ",{"t":"idOrVar","v":"n"}," timmar"],"two":["och ",{"t":"idOrVar","v":"n"}," timmar"]},"$x":[{"t":"idOrVar","v":"plural"},"n"]},{"$i":"nRemainDays","$v":{"few":[{"t":"idOrVar","v":"n"}," dagar"],"many":[{"t":"idOrVar","v":"n"}," dagar"],"one":[{"t":"idOrVar","v":"n"}," dag"],"other":[{"t":"idOrVar","v":"n"}," dagar"],"two":[{"t":"idOrVar","v":"n"}," dagar"]},"$x":[{"t":"idOrVar","v":"plural"},"n"]},{"$i":"nRemainMinutes","$v":{"few":["och ",{"t":"idOrVar","v":"n"}," minuter"],"many":["och ",{"t":"idOrVar","v":"n"}," minuter"],"one":["och ",{"t":"idOrVar","v":"n"}," minut"],"other":["och ",{"t":"idOrVar","v":"n"}," minuter"],"two":["och ",{"t":"idOrVar","v":"n"}," minuter"]},"$x":[{"t":"idOrVar","v":"plural"},"n"]},{"$i":"nSpinnerSeconds","$v":{"few":[{"t":"idOrVar","v":"n"}," sekunder"],"many":[{"t":"idOrVar","v":"n"}," sekunder"],"one":"en sekund","other":[{"t":"idOrVar","v":"n"}," sekunder"],"two":[{"t":"idOrVar","v":"n"}," sekunder"],"zero":"noll sekunder"},"$x":[{"t":"idOrVar","v":"plural"},"n"]},{"$i":"nSpinnerMinutes","$v":{"few":[{"t":"idOrVar","v":"n"}," minuter"],"many":[{"t":"idOrVar","v":"n"}," minuter"],"one":"en minut","other":[{"t":"idOrVar","v":"n"}," minuter"],"two":[{"t":"idOrVar","v":"n"}," minuter"],"zero":"noll minuter"},"$x":[{"t":"idOrVar","v":"plural"},"n"]},{"$i":"nSpinnerHours","$v":{"few":[{"t":"idOrVar","v":"n"}," timmar"],"many":[{"t":"idOrVar","v":"n"}," timmar"],"one":[{"t":"idOrVar","v":"n"}," timme"],"other":[{"t":"idOrVar","v":"n"}," timmar"],"two":[{"t":"idOrVar","v":"n"}," timmar"],"zero":"noll timmar"},"$x":[{"t":"idOrVar","v":"plural"},"n"]},{"$i":"kai-stop","$v":"Stopp"},{"$i":"kai-snooze","$v":"Snooze"},{"$i":"ac_africa_ogg","$v":"Afrika"},{"$i":"ac_amazon_ogg","$v":"Amazon"},{"$i":"ac_disco_ogg","$v":"Disco"},{"$i":"ac_fairy_tales_ogg","$v":"Sagor"},{"$i":"ac_fresh_ogg","$v":"Fresh"},{"$i":"ac_galaxy_ogg","$v":"Galaxy"},{"$i":"ac_kai_ogg","$v":"Kai"},{"$i":"ac_techno_ogg","$v":"Techno"},{"$i":"ac_woody_ogg","$v":"Woody"},{"$i":"ac_awake_opus","$v":"Awake"},{"$i":"ac_crystalize_opus","$v":"Crystallise"},{"$i":"ac_cycle_opus","$v":"Cycle"},{"$i":"ac_digicloud_opus","$v":"Digicloud"},{"$i":"ac_humming_waves_opus","$v":"Humming Waves"},{"$i":"ac_into_the_void_opus","$v":"Into the Void"},{"$i":"ac_lightly_opus","$v":"Lightly"},{"$i":"ac_mobile_opus","$v":"Mobile"},{"$i":"ac_pinger_opus","$v":"Pinger"},{"$i":"ac_skip_opus","$v":"Skip"},{"$i":"ac_tri_opus","$v":"Tri"},{"$i":"ac_universal_opus","$v":"Universal"},{"$i":"kai-options","$v":"Alternativ"},{"$i":"kai-clock-title","$v":"Klocka"},{"$i":"alarm-title","$v":"Alarm"},{"$i":"no-alarms-body","$v":"Inga alarm har ställts in."},{"$i":"press-new","$v":"Tryck på Ny för att komma igång."},{"$i":"kai-new-alarm","$v":"Ny kontakt"},{"$i":"kai-settings","$v":"Inställningar"},{"$i":"kai-cancel","$v":"Avbryt"},{"$i":"kai-save","$v":"Spara"},{"$i":"turnOn","$v":"Sätt på"},{"$i":"turnOff","$v":"Stäng av"},{"$i":"edit","$v":"Redigera"},{"$i":"select","$v":"Välj"},{"$i":"kai-delete","$v":"Ta bort"},{"$i":"delete-all","$v":"Ta bort alla"},{"$i":"kai-selected-alarm","$v":"Valt larm"},{"$i":"set","$v":"Ställ in"},{"$i":"kai-start","$v":"Start"},{"$i":"kai-reset","$v":"Återställ"},{"$i":"kai-min-plus","$v":"+1 min."},{"$i":"kai-resume","$v":"Återuppta"},{"$i":"kai-lap","$v":"Varv"},{"$i":"play","$v":"Spela upp"},{"$i":"kai-no-repeat","$v":"Ingen upprepning"},{"$i":"kai-confirm-title","$v":"Bekräftelse"},{"$i":"kai-confirm-delete-body","$v":"Radera valt larm?"},{"$i":"confirm-delete-all-body","$v":"Radera alla larm?"},{"$i":"kai-confirm-end-key-body","$v":{"$o":"Programmet kommer att stängas och data går förlorade. <br></br> Återgå till redigeringen?"}},{"$i":"kai-confirm-exit-button","$v":"Avsluta"},{"$i":"kai-confirm-return-button","$v":"tillbaka"}]