[{"$i":"weekday-0-long","$v":"Неділя"},{"$i":"weekday-1-long","$v":"Понеділок"},{"$i":"weekday-2-long","$v":"Вівторок"},{"$i":"weekday-3-long","$v":"Середа"},{"$i":"weekday-4-long","$v":"Четвер"},{"$i":"weekday-5-long","$v":"П’ятниця"},{"$i":"weekday-6-long","$v":"Субота"},{"$i":"weekday-0-short","$v":"Нд"},{"$i":"weekday-1-short","$v":"Пн"},{"$i":"weekday-2-short","$v":"Вт"},{"$i":"weekday-3-short","$v":"Ср"},{"$i":"weekday-4-short","$v":"Чт"},{"$i":"weekday-5-short","$v":"Пт"},{"$i":"weekday-6-short","$v":"Сб"},{"$i":"month-0-long","$v":"Січень"},{"$i":"month-1-long","$v":"Лютий"},{"$i":"month-2-long","$v":"Березень"},{"$i":"month-3-long","$v":"Квітень"},{"$i":"month-4-long","$v":"Травень"},{"$i":"month-5-long","$v":"Червень"},{"$i":"month-6-long","$v":"Липень"},{"$i":"month-7-long","$v":"Серпень"},{"$i":"month-8-long","$v":"Вересень"},{"$i":"month-9-long","$v":"Жовтень"},{"$i":"month-10-long","$v":"Листопад"},{"$i":"month-11-long","$v":"Грудень"},{"$i":"month-0-genitive","$v":"січня"},{"$i":"month-1-genitive","$v":"лютого"},{"$i":"month-2-genitive","$v":"березня"},{"$i":"month-3-genitive","$v":"квітня"},{"$i":"month-4-genitive","$v":"травня"},{"$i":"month-5-genitive","$v":"червня"},{"$i":"month-6-genitive","$v":"липня"},{"$i":"month-7-genitive","$v":"серпня"},{"$i":"month-8-genitive","$v":"вересня"},{"$i":"month-9-genitive","$v":"жовтня"},{"$i":"month-10-genitive","$v":"листопада"},{"$i":"month-11-genitive","$v":"грудня"},{"$i":"month-0-short","$v":"Січ"},{"$i":"month-1-short","$v":"Лют"},{"$i":"month-2-short","$v":"Бер"},{"$i":"month-3-short","$v":"Кві"},{"$i":"month-4-short","$v":"Тра"},{"$i":"month-5-short","$v":"Чер"},{"$i":"month-6-short","$v":"Лип"},{"$i":"month-7-short","$v":"Сер"},{"$i":"month-8-short","$v":"Вер"},{"$i":"month-9-short","$v":"Жов"},{"$i":"month-10-short","$v":"Лис"},{"$i":"month-11-short","$v":"Гру"},{"$i":"minutes-ago-long","$v":{"few":[{"t":"idOrVar","v":"value"}," хвилини тому"],"many":[{"t":"idOrVar","v":"value"}," хвилин тому"],"other":[{"t":"idOrVar","v":"value"}," хвилини тому"],"two":[{"t":"idOrVar","v":"value"}," хвилини тому"],"one":"Хвилину тому","zero":"просто зараз"},"$x":[{"t":"idOrVar","v":"plural"},"value"]},{"$i":"hours-ago-long","$v":{"few":[{"t":"idOrVar","v":"value"}," години тому"],"many":[{"t":"idOrVar","v":"value"}," годин тому"],"other":[{"t":"idOrVar","v":"value"}," години тому"],"two":[{"t":"idOrVar","v":"value"}," години тому"],"one":"1 год","zero":"просто зараз"},"$x":[{"t":"idOrVar","v":"plural"},"value"]},{"$i":"days-ago-long","$v":{"few":[{"t":"idOrVar","v":"value"}," дні тому"],"many":[{"t":"idOrVar","v":"value"}," днів тому"],"one":"учора","other":[{"t":"idOrVar","v":"value"}," дня тому"],"two":[{"t":"idOrVar","v":"value"}," дні тому"],"zero":"сьогодні"},"$x":[{"t":"idOrVar","v":"plural"},"value"]},{"$i":"weeks-ago-long","$v":{"few":[{"t":"idOrVar","v":"value"}," тижні тому"],"many":[{"t":"idOrVar","v":"value"}," тижнів тому"],"one":"минулий тиждень","other":[{"t":"idOrVar","v":"value"}," тижня тому"],"two":[{"t":"idOrVar","v":"value"}," тижні тому"],"zero":"цього тижня"},"$x":[{"t":"idOrVar","v":"plural"},"value"]},{"$i":"months-ago-long","$v":{"few":[{"t":"idOrVar","v":"value"}," місяці тому"],"many":[{"t":"idOrVar","v":"value"}," місяців тому"],"one":"минулий місяць","other":[{"t":"idOrVar","v":"value"}," місяця тому"],"two":[{"t":"idOrVar","v":"value"}," місяці тому"],"zero":"цього місяця"},"$x":[{"t":"idOrVar","v":"plural"},"value"]},{"$i":"years-ago-long","$v":{"few":[{"t":"idOrVar","v":"value"}," роки тому"],"many":[{"t":"idOrVar","v":"value"}," років тому"],"one":"минулий рік","other":[{"t":"idOrVar","v":"value"}," року тому"],"two":[{"t":"idOrVar","v":"value"}," роки тому"],"zero":"цього року"},"$x":[{"t":"idOrVar","v":"plural"},"value"]},{"$i":"minutes-until-long","$v":{"few":["через ",{"t":"idOrVar","v":"value"}," хв."],"many":["через ",{"t":"idOrVar","v":"value"}," хв."],"other":["через ",{"t":"idOrVar","v":"value"}," хв."],"two":["через ",{"t":"idOrVar","v":"value"}," хв."],"zero":"зараз","one":"за 1 хвилину"},"$x":[{"t":"idOrVar","v":"plural"},"value"]},{"$i":"hours-until-long","$v":{"few":["через ",{"t":"idOrVar","v":"value"}," год."],"many":["через ",{"t":"idOrVar","v":"value"}," год."],"other":["через ",{"t":"idOrVar","v":"value"}," год."],"two":["через ",{"t":"idOrVar","v":"value"}," год."],"zero":"зараз","one":"через 1 годину"},"$x":[{"t":"idOrVar","v":"plural"},"value"]},{"$i":"days-until-long","$v":{"few":["через ",{"t":"idOrVar","v":"value"}," дн."],"many":["через ",{"t":"idOrVar","v":"value"}," дн."],"one":"завтра","other":["через ",{"t":"idOrVar","v":"value"}," дн."],"two":["через ",{"t":"idOrVar","v":"value"}," дн."],"zero":"сьогодні"},"$x":[{"t":"idOrVar","v":"plural"},"value"]},{"$i":"weeks-until-long","$v":{"few":["через ",{"t":"idOrVar","v":"value"}," тиж."],"many":["через ",{"t":"idOrVar","v":"value"}," тиж."],"one":"наступного тижня","other":["через ",{"t":"idOrVar","v":"value"}," тиж."],"two":["через ",{"t":"idOrVar","v":"value"}," тиж."],"zero":"цього тижня"},"$x":[{"t":"idOrVar","v":"plural"},"value"]},{"$i":"months-until-long","$v":{"few":["через ",{"t":"idOrVar","v":"value"}," міс."],"many":["через ",{"t":"idOrVar","v":"value"}," міс."],"one":"наступного місяця","other":["через ",{"t":"idOrVar","v":"value"}," міс."],"two":["через ",{"t":"idOrVar","v":"value"}," міс."],"zero":"цього місяця"},"$x":[{"t":"idOrVar","v":"plural"},"value"]},{"$i":"years-until-long","$v":{"few":["через ",{"t":"idOrVar","v":"value"}," р."],"many":["через ",{"t":"idOrVar","v":"value"}," р."],"one":"наступного року","other":["через ",{"t":"idOrVar","v":"value"}," р."],"two":["через ",{"t":"idOrVar","v":"value"}," р."],"zero":"цього року"},"$x":[{"t":"idOrVar","v":"plural"},"value"]},{"$i":"minutes-ago-short","$v":{"other":[{"t":"idOrVar","v":"value"}," хвилини тому"],"zero":"просто зараз"},"$x":[{"t":"idOrVar","v":"plural"},"value"]},{"$i":"hours-ago-short","$v":{"other":[{"t":"idOrVar","v":"value"}," години тому"],"zero":"просто зараз"},"$x":[{"t":"idOrVar","v":"plural"},"value"]},{"$i":"days-ago-short","$v":{"other":[{"t":"idOrVar","v":"value"}," дня тому"],"zero":"сьогодні"},"$x":[{"t":"idOrVar","v":"plural"},"value"]},{"$i":"minutes-until-short","$v":{"other":["через ",{"t":"idOrVar","v":"value"}," хв."],"zero":"зараз"},"$x":[{"t":"idOrVar","v":"plural"},"value"]},{"$i":"hours-until-short","$v":{"other":["через ",{"t":"idOrVar","v":"value"}," год."],"zero":"зараз"},"$x":[{"t":"idOrVar","v":"plural"},"value"]},{"$i":"days-until-short","$v":{"other":["через ",{"t":"idOrVar","v":"value"}," дн."],"zero":"сьогодні"},"$x":[{"t":"idOrVar","v":"plural"},"value"]},{"$i":"incorrectDate","$v":"(неправильна дата)"},{"$i":"dateTimeFormat_%c","$v":"%a %b %e %Y %I:%M:%S %p"},{"$i":"dateTimeFormat_%x","$v":"%m/%d/%Y"},{"$i":"dateTimeFormat_%X","$v":"%I:%M:%S %p"},{"$i":"shortTimeFormat","$v":"%I:%M %p"},{"$i":"shortTimeFormat12","$v":"%I:%M %p"},{"$i":"shortTimeFormat24","$v":"%H:%M"},{"$i":"shortDateTimeFormat","$v":"%x %I:%M %p"},{"$i":"weekStartsOnMonday","$v":"0.0"},{"$i":"firstDayOfTheWeek","$v":"1.0"},{"$i":"time_am","$v":"ДП"},{"$i":"time_pm","$v":"ПП"},{"$i":"softkey-options","$v":"Опції"},{"$i":"reset","$v":"Скинути"},{"$i":"start","$v":"Запуск"},{"$i":"stop","$v":"Зупинити"},{"$i":"cancel","$v":"Скасувати"},{"$i":"hour","$v":"Година"},{"$i":"hours","$v":"Год."},{"$i":"minute","$v":"Хвилина"},{"$i":"minutes","$v":"Хвилини"},{"$i":"second","$v":"Секунда"},{"$i":"alarm","$v":"Сигнал"},{"$i":"alarm-name","placeholder":"Сигнал"},{"$i":"timer","$v":"Таймер"},{"$i":"stopwatch","$v":"Секундомір"},{"$i":"alarmName","$v":"Назва сигналу"},{"$i":"newAlarm","$v":"Новий сигнал"},{"$i":"editAlarm","$v":"Редагувати будильник"},{"$i":"kaiSettings","$v":"Настройки"},{"$i":"clock-settings","$v":"Настройки годинника"},{"$i":"alarms-maximum","$v":"Досягнуто максимальної кількості будильників."},{"$i":"laps-maximum","$v":"Досягнуто максимальної кількості кіл."},{"$i":"changes-saved","$v":"Зміни збережено."},{"$i":"pause","$v":"Пауза"},{"$i":"resume","$v":"Відновити"},{"$i":"lap","$v":"Коло"},{"$i":"lap-number","$v":["Коло ",{"t":"idOrVar","v":"n"}]},{"$i":"timer-hour","$v":"година"},{"$i":"timer-min","$v":"хвилина"},{"$i":"timer-sec","$v":"секунда"},{"$i":"delete","$v":"Видалити"},{"$i":"time","$v":"Час"},{"$i":"snooze-label","$v":"Затримати"},{"$i":"snooze-button","$v":"Затримати"},{"$i":"repeat","$v":"Повторити"},{"$i":"vibrate","$v":"Вібрувати"},{"$i":"close","$v":"Закрити"},{"$i":"save","$v":"Зберегти"},{"$i":"done","$v":"Готово"},{"$i":"kai-select-time","$v":"Вибрати час"},{"$i":"closeButton","ariaLabel":"Закрити"},{"$i":"newAlarmButton","ariaLabel":"Новий сигнал"},{"$i":"alarm-volume-label","$v":"Гучність сигналу системи"},{"$i":"kai-volume","$v":"Обсяг:"},{"$i":"volume-level-display","$v":[{"t":"idOrVar","v":"n"}," / ",{"t":"idOrVar","v":"c"}]},{"$i":"sound","$v":"Звук"},{"$i":"noSound","$v":"Без звуку"},{"$i":"kai-ringtones","$v":"Тони дзвінка"},{"$i":"everyday","$v":"Щодня"},{"$i":"weekdays","$v":"Дні тижня"},{"$i":"weekends","$v":"Вихідні дні"},{"$i":"never","$v":"Ніколи"},{"$i":"vibrateOn","$v":"Увімкнено"},{"$i":"vibrateOff","$v":"Вимкнено"},{"$i":"kai-on","$v":"Увімкнено"},{"$i":"kai-off","$v":"Вимкнено"},{"$i":"plusMinute","$v":"Ще 1 хвилина"},{"$i":"dateFormat","$v":"%A, %B %e"},{"$i":"countdown-lessThanAnHour","$v":["Будильник спрацює через ",{"t":"idOrVar","v":"minutes"},"."]},{"$i":"countdown-moreThanAnHour","$v":["Будильник спрацює через ",{"t":"idOrVar","v":"hours"}," ",{"t":"idOrVar","v":"minutes"},"."]},{"$i":"countdown-moreThanADay","$v":["Будильник спрацює через ",{"t":"idOrVar","v":"days"}," ",{"t":"idOrVar","v":"hours"},"."]},{"$i":"kai-alarm-off","$v":"Сигналізація вимкнена."},{"$i":"kai-alarm-deleted","$v":"Попередження видалено."},{"$i":"alarm-delete-all","$v":"Усі нагадування видалено."},{"$i":"nMinutes","$v":{"few":[{"t":"idOrVar","v":"n"}," хвилини"],"many":[{"t":"idOrVar","v":"n"}," хвилин"],"one":"одна хвилина","other":[{"t":"idOrVar","v":"n"}," хвилини"],"two":[{"t":"idOrVar","v":"n"}," хвилини"],"zero":"менше хвилини"},"$x":[{"t":"idOrVar","v":"plural"},"n"]},{"$i":"nHours","$v":{"few":[{"t":"idOrVar","v":"n"}," години"],"many":[{"t":"idOrVar","v":"n"}," годин"],"one":[{"t":"idOrVar","v":"n"}," година"],"other":[{"t":"idOrVar","v":"n"}," години"],"two":[{"t":"idOrVar","v":"n"}," години"]},"$x":[{"t":"idOrVar","v":"plural"},"n"]},{"$i":"nAndRemainHours","$v":{"few":["і ",{"t":"idOrVar","v":"n"}," год."],"many":["і ",{"t":"idOrVar","v":"n"}," год."],"one":["і ",{"t":"idOrVar","v":"n"}," година"],"other":["і ",{"t":"idOrVar","v":"n"}," год."],"two":["і ",{"t":"idOrVar","v":"n"}," год."]},"$x":[{"t":"idOrVar","v":"plural"},"n"]},{"$i":"nRemainDays","$v":{"few":[{"t":"idOrVar","v":"n"}," дні"],"many":[{"t":"idOrVar","v":"n"}," днів"],"one":[{"t":"idOrVar","v":"n"}," день"],"other":[{"t":"idOrVar","v":"n"}," дня"],"two":[{"t":"idOrVar","v":"n"}," дні"]},"$x":[{"t":"idOrVar","v":"plural"},"n"]},{"$i":"nRemainMinutes","$v":{"few":["і ",{"t":"idOrVar","v":"n"}," хв."],"many":["і ",{"t":"idOrVar","v":"n"}," хв."],"one":["і ",{"t":"idOrVar","v":"n"}," хвилина"],"other":["і ",{"t":"idOrVar","v":"n"}," хв."],"two":["і ",{"t":"idOrVar","v":"n"}," хв."]},"$x":[{"t":"idOrVar","v":"plural"},"n"]},{"$i":"nSpinnerSeconds","$v":{"few":[{"t":"idOrVar","v":"n"}," секунди"],"many":[{"t":"idOrVar","v":"n"}," секунд"],"one":"одна секунда","other":[{"t":"idOrVar","v":"n"}," секунди"],"two":[{"t":"idOrVar","v":"n"}," секунди"],"zero":"нуль секунд"},"$x":[{"t":"idOrVar","v":"plural"},"n"]},{"$i":"nSpinnerMinutes","$v":{"few":[{"t":"idOrVar","v":"n"}," хвилини"],"many":[{"t":"idOrVar","v":"n"}," хвилин"],"one":"одна хвилина","other":[{"t":"idOrVar","v":"n"}," хвилини"],"two":[{"t":"idOrVar","v":"n"}," хвилини"],"zero":"нуль хвилин"},"$x":[{"t":"idOrVar","v":"plural"},"n"]},{"$i":"nSpinnerHours","$v":{"few":[{"t":"idOrVar","v":"n"}," години"],"many":[{"t":"idOrVar","v":"n"}," годин"],"one":[{"t":"idOrVar","v":"n"}," година"],"other":[{"t":"idOrVar","v":"n"}," години"],"two":[{"t":"idOrVar","v":"n"}," години"],"zero":"нуль годин"},"$x":[{"t":"idOrVar","v":"plural"},"n"]},{"$i":"kai-stop","$v":"Зупинити"},{"$i":"kai-snooze","$v":"Затримати"},{"$i":"ac_africa_ogg","$v":"Африка"},{"$i":"ac_amazon_ogg","$v":"Амазонія"},{"$i":"ac_disco_ogg","$v":"Диско"},{"$i":"ac_fairy_tales_ogg","$v":"Казки"},{"$i":"ac_fresh_ogg","$v":"Прохолода"},{"$i":"ac_galaxy_ogg","$v":"Галактика"},{"$i":"ac_kai_ogg","$v":"Kai"},{"$i":"ac_techno_ogg","$v":"Техно"},{"$i":"ac_woody_ogg","$v":"Дерев’яний"},{"$i":"ac_awake_opus","$v":"Awake"},{"$i":"ac_crystalize_opus","$v":"Crystallise"},{"$i":"ac_cycle_opus","$v":"Cycle"},{"$i":"ac_digicloud_opus","$v":"Digicloud"},{"$i":"ac_humming_waves_opus","$v":"Humming Waves"},{"$i":"ac_into_the_void_opus","$v":"Into the Void"},{"$i":"ac_lightly_opus","$v":"Lightly"},{"$i":"ac_mobile_opus","$v":"Mobile"},{"$i":"ac_pinger_opus","$v":"Pinger"},{"$i":"ac_skip_opus","$v":"Skip"},{"$i":"ac_tri_opus","$v":"Tri"},{"$i":"ac_universal_opus","$v":"Universal"},{"$i":"kai-options","$v":"Опції"},{"$i":"kai-clock-title","$v":"Годинник"},{"$i":"alarm-title","$v":"Будильник"},{"$i":"no-alarms-body","$v":"Будильники не встановлено. "},{"$i":"press-new","$v":"Натисніть кнопку New, щоб розпочати роботу."},{"$i":"kai-new-alarm","$v":"Новий контакт"},{"$i":"kai-settings","$v":"Настройки"},{"$i":"kai-cancel","$v":"Скасувати"},{"$i":"kai-save","$v":"Зберегти"},{"$i":"turnOn","$v":"Увімкнути"},{"$i":"turnOff","$v":"Вимкнути"},{"$i":"edit","$v":"Редагувати"},{"$i":"select","$v":"Вибрати"},{"$i":"kai-delete","$v":"Видалити"},{"$i":"delete-all","$v":"Видалити все"},{"$i":"kai-selected-alarm","$v":"Вибрана тривога"},{"$i":"set","$v":"Установити"},{"$i":"kai-start","$v":"Запуск"},{"$i":"kai-reset","$v":"Скинути"},{"$i":"kai-min-plus","$v":"Ще 1 хвилина"},{"$i":"kai-resume","$v":"Відновити"},{"$i":"kai-lap","$v":"Коло"},{"$i":"play","$v":"Відтворити"},{"$i":"kai-no-repeat","$v":"Ніяких повторів"},{"$i":"kai-confirm-title","$v":"Підтвердження"},{"$i":"kai-confirm-delete-body","$v":"Видалити вибраний сигнал?"},{"$i":"confirm-delete-all-body","$v":"Видалити всі нагадування?"},{"$i":"kai-confirm-end-key-body","$v":{"$o":"Програму буде закрито, а дані – втрачено. <br><br> Повернутися до редагування?"}},{"$i":"kai-confirm-exit-button","$v":"Вихід"},{"$i":"kai-confirm-return-button","$v":"повернути"}]