[{"$i":"weekday-0-long","$v":"周日"},{"$i":"weekday-1-long","$v":"周一"},{"$i":"weekday-2-long","$v":"周二"},{"$i":"weekday-3-long","$v":"周三"},{"$i":"weekday-4-long","$v":"周四"},{"$i":"weekday-5-long","$v":"周五"},{"$i":"weekday-6-long","$v":"周六"},{"$i":"weekday-0-short","$v":"周日"},{"$i":"weekday-1-short","$v":"周一"},{"$i":"weekday-2-short","$v":"周二"},{"$i":"weekday-3-short","$v":"周三"},{"$i":"weekday-4-short","$v":"周四"},{"$i":"weekday-5-short","$v":"周五"},{"$i":"weekday-6-short","$v":"周六"},{"$i":"month-0-long","$v":"一月"},{"$i":"month-1-long","$v":"二月"},{"$i":"month-2-long","$v":"三月"},{"$i":"month-3-long","$v":"四月"},{"$i":"month-4-long","$v":"五月"},{"$i":"month-5-long","$v":"六月"},{"$i":"month-6-long","$v":"七月"},{"$i":"month-7-long","$v":"八月"},{"$i":"month-8-long","$v":"九月"},{"$i":"month-9-long","$v":"十月"},{"$i":"month-10-long","$v":"十一月"},{"$i":"month-11-long","$v":"十二月"},{"$i":"month-0-genitive","$v":"一月"},{"$i":"month-1-genitive","$v":"二月"},{"$i":"month-2-genitive","$v":"三月"},{"$i":"month-3-genitive","$v":"四月"},{"$i":"month-4-genitive","$v":"五月"},{"$i":"month-5-genitive","$v":"六月"},{"$i":"month-6-genitive","$v":"七月"},{"$i":"month-7-genitive","$v":"八月"},{"$i":"month-8-genitive","$v":"九月"},{"$i":"month-9-genitive","$v":"十月"},{"$i":"month-10-genitive","$v":"十一月"},{"$i":"month-11-genitive","$v":"十二月"},{"$i":"month-0-short","$v":"1 月"},{"$i":"month-1-short","$v":"2 月"},{"$i":"month-2-short","$v":"3 月"},{"$i":"month-3-short","$v":"4 月"},{"$i":"month-4-short","$v":"5 月"},{"$i":"month-5-short","$v":"6 月"},{"$i":"month-6-short","$v":"7 月"},{"$i":"month-7-short","$v":"8 月"},{"$i":"month-8-short","$v":"9 月"},{"$i":"month-9-short","$v":"10 月"},{"$i":"month-10-short","$v":"11 月"},{"$i":"month-11-short","$v":"12 月"},{"$i":"minutes-ago-long","$v":{"few":[{"t":"idOrVar","v":"value"}," 分钟前"],"many":[{"t":"idOrVar","v":"value"}," 分钟前"],"other":[{"t":"idOrVar","v":"value"}," 分钟前"],"two":[{"t":"idOrVar","v":"value"}," 分钟前"],"one":"1 分钟前","zero":"刚才"},"$x":[{"t":"idOrVar","v":"plural"},"value"]},{"$i":"hours-ago-long","$v":{"few":[{"t":"idOrVar","v":"value"}," 小时前"],"many":[{"t":"idOrVar","v":"value"}," 小时前"],"other":[{"t":"idOrVar","v":"value"}," 小时前"],"two":[{"t":"idOrVar","v":"value"}," 小时前"],"one":"1 小时前","zero":"刚才"},"$x":[{"t":"idOrVar","v":"plural"},"value"]},{"$i":"days-ago-long","$v":{"few":[{"t":"idOrVar","v":"value"}," 天前"],"many":[{"t":"idOrVar","v":"value"}," 天前"],"one":"昨天","other":[{"t":"idOrVar","v":"value"}," 天前"],"two":[{"t":"idOrVar","v":"value"}," 天前"],"zero":"今天"},"$x":[{"t":"idOrVar","v":"plural"},"value"]},{"$i":"weeks-ago-long","$v":{"few":[{"t":"idOrVar","v":"value"}," 周前"],"many":[{"t":"idOrVar","v":"value"}," 周前"],"one":"最近一周","other":[{"t":"idOrVar","v":"value"}," 周前"],"two":[{"t":"idOrVar","v":"value"}," 周前"],"zero":"本周"},"$x":[{"t":"idOrVar","v":"plural"},"value"]},{"$i":"months-ago-long","$v":{"few":[{"t":"idOrVar","v":"value"}," 月前"],"many":[{"t":"idOrVar","v":"value"}," 月前"],"one":"上月","other":[{"t":"idOrVar","v":"value"}," 月前"],"two":[{"t":"idOrVar","v":"value"}," 月前"],"zero":"本月"},"$x":[{"t":"idOrVar","v":"plural"},"value"]},{"$i":"years-ago-long","$v":{"few":[{"t":"idOrVar","v":"value"}," 年前"],"many":[{"t":"idOrVar","v":"value"}," 年前"],"one":"去年","other":[{"t":"idOrVar","v":"value"}," 年前"],"two":[{"t":"idOrVar","v":"value"}," 年前"],"zero":"今年"},"$x":[{"t":"idOrVar","v":"plural"},"value"]},{"$i":"minutes-until-long","$v":{"few":[{"t":"idOrVar","v":"value"}," 分钟内"],"many":[{"t":"idOrVar","v":"value"}," 分钟内"],"other":[{"t":"idOrVar","v":"value"}," 分钟内"],"two":[{"t":"idOrVar","v":"value"}," 分钟内"],"zero":"現在","one":"1 分钟内"},"$x":[{"t":"idOrVar","v":"plural"},"value"]},{"$i":"hours-until-long","$v":{"few":[{"t":"idOrVar","v":"value"}," 小时内"],"many":[{"t":"idOrVar","v":"value"}," 小时内"],"other":[{"t":"idOrVar","v":"value"}," 小时内"],"two":[{"t":"idOrVar","v":"value"}," 小时内"],"zero":"現在","one":"1 小时内"},"$x":[{"t":"idOrVar","v":"plural"},"value"]},{"$i":"days-until-long","$v":{"few":[{"t":"idOrVar","v":"value"}," 天内"],"many":[{"t":"idOrVar","v":"value"}," 天内"],"one":"明天","other":[{"t":"idOrVar","v":"value"}," 天内"],"two":[{"t":"idOrVar","v":"value"}," 天内"],"zero":"今天"},"$x":[{"t":"idOrVar","v":"plural"},"value"]},{"$i":"weeks-until-long","$v":{"few":[{"t":"idOrVar","v":"value"}," 周内"],"many":[{"t":"idOrVar","v":"value"}," 周内"],"one":"下周","other":[{"t":"idOrVar","v":"value"}," 周内"],"two":[{"t":"idOrVar","v":"value"}," 周内"],"zero":"本周"},"$x":[{"t":"idOrVar","v":"plural"},"value"]},{"$i":"months-until-long","$v":{"few":[{"t":"idOrVar","v":"value"}," 个月内"],"many":[{"t":"idOrVar","v":"value"}," 个月内"],"one":"下个月","other":[{"t":"idOrVar","v":"value"}," 个月内"],"two":[{"t":"idOrVar","v":"value"}," 个月内"],"zero":"本月"},"$x":[{"t":"idOrVar","v":"plural"},"value"]},{"$i":"years-until-long","$v":{"few":[{"t":"idOrVar","v":"value"}," 年内"],"many":[{"t":"idOrVar","v":"value"}," 年内"],"one":"明年","other":[{"t":"idOrVar","v":"value"}," 年内"],"two":[{"t":"idOrVar","v":"value"}," 年内"],"zero":"今年"},"$x":[{"t":"idOrVar","v":"plural"},"value"]},{"$i":"minutes-ago-short","$v":{"other":[{"t":"idOrVar","v":"value"}," 分钟前"],"zero":"刚才"},"$x":[{"t":"idOrVar","v":"plural"},"value"]},{"$i":"hours-ago-short","$v":{"other":[{"t":"idOrVar","v":"value"}," 小时前"],"zero":"刚才"},"$x":[{"t":"idOrVar","v":"plural"},"value"]},{"$i":"days-ago-short","$v":{"other":[{"t":"idOrVar","v":"value"}," 天前"],"zero":"今天"},"$x":[{"t":"idOrVar","v":"plural"},"value"]},{"$i":"minutes-until-short","$v":{"other":[{"t":"idOrVar","v":"value"}," 分内"],"zero":"現在"},"$x":[{"t":"idOrVar","v":"plural"},"value"]},{"$i":"hours-until-short","$v":{"other":[{"t":"idOrVar","v":"value"}," 小时内"],"zero":"現在"},"$x":[{"t":"idOrVar","v":"plural"},"value"]},{"$i":"days-until-short","$v":{"other":[{"t":"idOrVar","v":"value"}," 天内"],"zero":"今天"},"$x":[{"t":"idOrVar","v":"plural"},"value"]},{"$i":"incorrectDate","$v":"（日期有误）"},{"$i":"dateTimeFormat_%c","$v":"%Y年%b%d日 %a %p %I:%M:%S"},{"$i":"dateTimeFormat_%x","$v":"%Y/%m/%d"},{"$i":"dateTimeFormat_%X","$v":"%I:%M:%S %p"},{"$i":"shortTimeFormat","$v":"%p %I:%M"},{"$i":"shortTimeFormat12","$v":"%p %I:%M"},{"$i":"shortTimeFormat24","$v":"%H:%M"},{"$i":"shortDateTimeFormat","$v":"%p %x %I:%M"},{"$i":"weekStartsOnMonday","$v":"0.0"},{"$i":"firstDayOfTheWeek","$v":"0.0"},{"$i":"time_am","$v":"上午"},{"$i":"time_pm","$v":"下午"},{"$i":"softkey-options","$v":"选项"},{"$i":"reset","$v":"重置"},{"$i":"start","$v":"开始"},{"$i":"stop","$v":"停止"},{"$i":"cancel","$v":"取消"},{"$i":"hour","$v":"小时"},{"$i":"hours","$v":"小时"},{"$i":"minute","$v":"分钟"},{"$i":"minutes","$v":"分钟"},{"$i":"second","$v":"秒"},{"$i":"alarm","$v":"闹钟"},{"$i":"alarm-name","placeholder":"闹钟"},{"$i":"timer","$v":"计时器"},{"$i":"stopwatch","$v":"秒表"},{"$i":"alarmName","$v":"闹钟名称"},{"$i":"newAlarm","$v":"新建闹钟"},{"$i":"editAlarm","$v":"修改闹钟设置"},{"$i":"kaiSettings","$v":"设置"},{"$i":"clock-settings","$v":"时钟设置"},{"$i":"alarms-maximum","$v":"已达到最大闹钟个数"},{"$i":"laps-maximum","$v":"已达到最大圈数"},{"$i":"changes-saved","$v":"更改已保存。"},{"$i":"pause","$v":"暂停"},{"$i":"resume","$v":"恢复"},{"$i":"lap","$v":"计次"},{"$i":"lap-number","$v":[{"t":"idOrVar","v":"n"}," 次"]},{"$i":"timer-hour","$v":"小时"},{"$i":"timer-min","$v":"分钟"},{"$i":"timer-sec","$v":"秒"},{"$i":"delete","$v":"删除"},{"$i":"time","$v":"时间"},{"$i":"snooze-label","$v":"暂停再响"},{"$i":"snooze-button","$v":"暂停再响"},{"$i":"repeat","$v":"重复"},{"$i":"vibrate","$v":"振动"},{"$i":"close","$v":"关闭"},{"$i":"save","$v":"保存"},{"$i":"done","$v":"完成"},{"$i":"kai-select-time","$v":"选择时间"},{"$i":"closeButton","ariaLabel":"关闭"},{"$i":"newAlarmButton","ariaLabel":"新建闹钟"},{"$i":"alarm-volume-label","$v":"系统闹钟音量"},{"$i":"kai-volume","$v":"音量："},{"$i":"volume-level-display","$v":[{"t":"idOrVar","v":"n"}," / ",{"t":"idOrVar","v":"c"}]},{"$i":"sound","$v":"提示音"},{"$i":"noSound","$v":"无声音"},{"$i":"kai-ringtones","$v":"铃声"},{"$i":"everyday","$v":"每天"},{"$i":"weekdays","$v":"工作日"},{"$i":"weekends","$v":"周末"},{"$i":"never","$v":"永不"},{"$i":"vibrateOn","$v":"开启"},{"$i":"vibrateOff","$v":"关闭"},{"$i":"kai-on","$v":"开启"},{"$i":"kai-off","$v":"关闭"},{"$i":"plusMinute","$v":"+1 分钟"},{"$i":"dateFormat","$v":"%A, %B %e"},{"$i":"countdown-lessThanAnHour","$v":["闹钟将在 ",{"t":"idOrVar","v":"minutes"},"后提醒。"]},{"$i":"countdown-moreThanAnHour","$v":["闹钟将在 ",{"t":"idOrVar","v":"hours"},{"t":"idOrVar","v":"minutes"},"后提醒。"]},{"$i":"countdown-moreThanADay","$v":["闹钟将在 ",{"t":"idOrVar","v":"days"},{"t":"idOrVar","v":"hours"},"后提醒。"]},{"$i":"kai-alarm-off","$v":"闹钟已关闭。"},{"$i":"kai-alarm-deleted","$v":"闹钟已删除。"},{"$i":"alarm-delete-all","$v":"已删除所有闹钟。"},{"$i":"nMinutes","$v":{"few":[{"t":"idOrVar","v":"n"}," 分钟"],"many":[{"t":"idOrVar","v":"n"}," 分钟"],"one":"1 分钟","other":[{"t":"idOrVar","v":"n"}," 分钟"],"two":[{"t":"idOrVar","v":"n"}," 分钟"],"zero":"不到1分钟"},"$x":[{"t":"idOrVar","v":"plural"},"n"]},{"$i":"nHours","$v":{"few":[{"t":"idOrVar","v":"n"}," 小时"],"many":[{"t":"idOrVar","v":"n"}," 小时"],"one":[{"t":"idOrVar","v":"n"}," 小时"],"other":[{"t":"idOrVar","v":"n"}," 小时"],"two":[{"t":"idOrVar","v":"n"}," 小时"]},"$x":[{"t":"idOrVar","v":"plural"},"n"]},{"$i":"nAndRemainHours","$v":{"few":[{"t":"idOrVar","v":"n"}," 小时"],"many":[{"t":"idOrVar","v":"n"}," 小时"],"one":[{"t":"idOrVar","v":"n"}," 小时"],"other":[{"t":"idOrVar","v":"n"}," 小时"],"two":[{"t":"idOrVar","v":"n"}," 小时"]},"$x":[{"t":"idOrVar","v":"plural"},"n"]},{"$i":"nRemainDays","$v":{"few":[{"t":"idOrVar","v":"n"}," 天"],"many":[{"t":"idOrVar","v":"n"}," 天"],"one":[{"t":"idOrVar","v":"n"}," 天"],"other":[{"t":"idOrVar","v":"n"}," 天"],"two":[{"t":"idOrVar","v":"n"}," 天"]},"$x":[{"t":"idOrVar","v":"plural"},"n"]},{"$i":"nRemainMinutes","$v":{"few":[{"t":"idOrVar","v":"n"}," 分钟"],"many":[{"t":"idOrVar","v":"n"}," 分钟"],"one":[{"t":"idOrVar","v":"n"}," 分钟"],"other":["和 ",{"t":"idOrVar","v":"n"}," 分钟"],"two":["和 ",{"t":"idOrVar","v":"n"}," 分钟"]},"$x":[{"t":"idOrVar","v":"plural"},"n"]},{"$i":"nSpinnerSeconds","$v":{"few":[{"t":"idOrVar","v":"n"}," 秒"],"many":[{"t":"idOrVar","v":"n"}," 秒"],"one":"1秒","other":[{"t":"idOrVar","v":"n"}," 秒"],"two":[{"t":"idOrVar","v":"n"}," 秒"],"zero":"0秒"},"$x":[{"t":"idOrVar","v":"plural"},"n"]},{"$i":"nSpinnerMinutes","$v":{"few":[{"t":"idOrVar","v":"n"}," 分钟"],"many":[{"t":"idOrVar","v":"n"}," 分钟"],"one":"1 分钟","other":[{"t":"idOrVar","v":"n"}," 分钟"],"two":[{"t":"idOrVar","v":"n"}," 分钟"],"zero":"0 分钟"},"$x":[{"t":"idOrVar","v":"plural"},"n"]},{"$i":"nSpinnerHours","$v":{"few":[{"t":"idOrVar","v":"n"}," 小时"],"many":[{"t":"idOrVar","v":"n"}," 小时"],"one":[{"t":"idOrVar","v":"n"}," 小时"],"other":[{"t":"idOrVar","v":"n"}," 小时"],"two":[{"t":"idOrVar","v":"n"}," 小时"],"zero":"0 小时"},"$x":[{"t":"idOrVar","v":"plural"},"n"]},{"$i":"kai-stop","$v":"停止"},{"$i":"kai-snooze","$v":"暂停再响"},{"$i":"ac_africa_ogg","$v":"非洲"},{"$i":"ac_amazon_ogg","$v":"Amazon"},{"$i":"ac_disco_ogg","$v":"Disco"},{"$i":"ac_fairy_tales_ogg","$v":"Fairy tales"},{"$i":"ac_fresh_ogg","$v":"清新"},{"$i":"ac_galaxy_ogg","$v":"Galaxy"},{"$i":"ac_kai_ogg","$v":"Kai"},{"$i":"ac_techno_ogg","$v":"Techno"},{"$i":"ac_woody_ogg","$v":"Woody"},{"$i":"ac_awake_opus","$v":"Awake"},{"$i":"ac_crystalize_opus","$v":"Crystalize"},{"$i":"ac_cycle_opus","$v":"Cycle"},{"$i":"ac_digicloud_opus","$v":"Digicloud"},{"$i":"ac_humming_waves_opus","$v":"Humming Waves"},{"$i":"ac_into_the_void_opus","$v":"Into the Void"},{"$i":"ac_lightly_opus","$v":"Lightly"},{"$i":"ac_mobile_opus","$v":"Mobile"},{"$i":"ac_pinger_opus","$v":"Pinger"},{"$i":"ac_skip_opus","$v":"Skip"},{"$i":"ac_tri_opus","$v":"Tri"},{"$i":"ac_universal_opus","$v":"Universal"},{"$i":"kai-options","$v":"选项"},{"$i":"kai-clock-title","$v":"时钟"},{"$i":"alarm-title","$v":"闹钟"},{"$i":"no-alarms-body","$v":"尚未设置闹钟。"},{"$i":"press-new","$v":"按“新建闹钟”开始。"},{"$i":"kai-new-alarm","$v":"新建闹钟"},{"$i":"kai-settings","$v":"设置"},{"$i":"kai-cancel","$v":"取消"},{"$i":"kai-save","$v":"保存"},{"$i":"turnOn","$v":"开启"},{"$i":"turnOff","$v":"关闭"},{"$i":"edit","$v":"编辑"},{"$i":"select","$v":"选择"},{"$i":"kai-delete","$v":"删除"},{"$i":"delete-all","$v":"全部删除"},{"$i":"kai-selected-alarm","$v":"已选闹钟"},{"$i":"set","$v":"设置"},{"$i":"kai-start","$v":"开始"},{"$i":"kai-reset","$v":"重置"},{"$i":"kai-min-plus","$v":"+1 分钟"},{"$i":"kai-resume","$v":"恢复"},{"$i":"kai-lap","$v":"计次"},{"$i":"play","$v":"播放"},{"$i":"kai-no-repeat","$v":"无重复"},{"$i":"kai-confirm-title","$v":"确认"},{"$i":"kai-confirm-delete-body","$v":"要删除所选闹钟吗？"},{"$i":"confirm-delete-all-body","$v":"删除所有闹钟？"},{"$i":"kai-confirm-end-key-body","$v":{"$o":"应用将被关闭，并有数据丢失。<br><br>是否希望返回编辑？"}},{"$i":"kai-confirm-exit-button","$v":"退出"},{"$i":"kai-confirm-return-button","$v":"返回"}]