[{"$i":"weekday-0-long","$v":"星期日"},{"$i":"weekday-1-long","$v":"星期一"},{"$i":"weekday-2-long","$v":"星期二"},{"$i":"weekday-3-long","$v":"星期三"},{"$i":"weekday-4-long","$v":"星期四"},{"$i":"weekday-5-long","$v":"星期五"},{"$i":"weekday-6-long","$v":"星期六"},{"$i":"weekday-0-short","$v":"周日"},{"$i":"weekday-1-short","$v":"周一"},{"$i":"weekday-2-short","$v":"周二"},{"$i":"weekday-3-short","$v":"周三"},{"$i":"weekday-4-short","$v":"周四"},{"$i":"weekday-5-short","$v":"周五"},{"$i":"weekday-6-short","$v":"周六"},{"$i":"month-0-long","$v":"一月"},{"$i":"month-1-long","$v":"二月"},{"$i":"month-2-long","$v":"三月"},{"$i":"month-3-long","$v":"四月"},{"$i":"month-4-long","$v":"五月"},{"$i":"month-5-long","$v":"六月"},{"$i":"month-6-long","$v":"七月"},{"$i":"month-7-long","$v":"八月"},{"$i":"month-8-long","$v":"九月"},{"$i":"month-9-long","$v":"十月"},{"$i":"month-10-long","$v":"十一月"},{"$i":"month-11-long","$v":"十二月"},{"$i":"month-0-genitive","$v":"一月"},{"$i":"month-1-genitive","$v":"二月"},{"$i":"month-2-genitive","$v":"三月"},{"$i":"month-3-genitive","$v":"四月"},{"$i":"month-4-genitive","$v":"五月"},{"$i":"month-5-genitive","$v":"六月"},{"$i":"month-6-genitive","$v":"七月"},{"$i":"month-7-genitive","$v":"八月"},{"$i":"month-8-genitive","$v":"九月"},{"$i":"month-9-genitive","$v":"十月"},{"$i":"month-10-genitive","$v":"十一月"},{"$i":"month-11-genitive","$v":"十二月"},{"$i":"month-0-short","$v":"1月"},{"$i":"month-1-short","$v":"2月"},{"$i":"month-2-short","$v":"3月"},{"$i":"month-3-short","$v":"4月"},{"$i":"month-4-short","$v":"5月"},{"$i":"month-5-short","$v":"6月"},{"$i":"month-6-short","$v":"7月"},{"$i":"month-7-short","$v":"8月"},{"$i":"month-8-short","$v":"9月"},{"$i":"month-9-short","$v":"10月"},{"$i":"month-10-short","$v":"11月"},{"$i":"month-11-short","$v":"12月"},{"$i":"minutes-ago-long","$v":{"few":[{"t":"idOrVar","v":"value"},"分鐘前"],"many":[{"t":"idOrVar","v":"value"},"分鐘前"],"other":[{"t":"idOrVar","v":"value"},"分鐘前"],"two":[{"t":"idOrVar","v":"value"},"分鐘前"],"one":"一分鐘前","zero":"現在"},"$x":[{"t":"idOrVar","v":"plural"},"value"]},{"$i":"hours-ago-long","$v":{"few":[{"t":"idOrVar","v":"value"},"小時前"],"many":[{"t":"idOrVar","v":"value"},"小時前"],"other":[{"t":"idOrVar","v":"value"},"小時前"],"two":[{"t":"idOrVar","v":"value"},"小時前"],"one":"1小時前","zero":"現在"},"$x":[{"t":"idOrVar","v":"plural"},"value"]},{"$i":"days-ago-long","$v":{"few":[{"t":"idOrVar","v":"value"},"天前"],"many":[{"t":"idOrVar","v":"value"},"天前"],"one":"昨天","other":[{"t":"idOrVar","v":"value"},"天前"],"two":[{"t":"idOrVar","v":"value"},"天前"],"zero":"今天"},"$x":[{"t":"idOrVar","v":"plural"},"value"]},{"$i":"weeks-ago-long","$v":{"few":[{"t":"idOrVar","v":"value"},"星期前"],"many":[{"t":"idOrVar","v":"value"},"星期前"],"one":"上週","other":[{"t":"idOrVar","v":"value"},"星期前"],"two":[{"t":"idOrVar","v":"value"},"星期前"],"zero":"本週"},"$x":[{"t":"idOrVar","v":"plural"},"value"]},{"$i":"months-ago-long","$v":{"few":[{"t":"idOrVar","v":"value"},"個月前"],"many":[{"t":"idOrVar","v":"value"},"個月前"],"one":"上個月","other":[{"t":"idOrVar","v":"value"},"個月前"],"two":[{"t":"idOrVar","v":"value"},"個月前"],"zero":"本月"},"$x":[{"t":"idOrVar","v":"plural"},"value"]},{"$i":"years-ago-long","$v":{"few":[{"t":"idOrVar","v":"value"},"年前"],"many":[{"t":"idOrVar","v":"value"},"年前"],"one":"上一年","other":[{"t":"idOrVar","v":"value"},"年前"],"two":[{"t":"idOrVar","v":"value"},"年前"],"zero":"今年"},"$x":[{"t":"idOrVar","v":"plural"},"value"]},{"$i":"minutes-until-long","$v":{"few":["在",{"t":"idOrVar","v":"value"},"分鐘後"],"many":["在",{"t":"idOrVar","v":"value"},"分鐘後"],"other":["在",{"t":"idOrVar","v":"value"},"分鐘後"],"two":["在",{"t":"idOrVar","v":"value"},"分鐘後"],"zero":"現在","one":"1分鐘內"},"$x":[{"t":"idOrVar","v":"plural"},"value"]},{"$i":"hours-until-long","$v":{"few":["在",{"t":"idOrVar","v":"value"},"小時後"],"many":["在",{"t":"idOrVar","v":"value"},"小時後"],"other":["在",{"t":"idOrVar","v":"value"},"小時後"],"two":[{"t":"idOrVar","v":"value"},"小時"],"zero":"現在","one":"1小時內"},"$x":[{"t":"idOrVar","v":"plural"},"value"]},{"$i":"days-until-long","$v":{"few":["在",{"t":"idOrVar","v":"value"},"天後"],"many":["在",{"t":"idOrVar","v":"value"},"天後"],"one":"明天","other":["在",{"t":"idOrVar","v":"value"},"天後"],"two":["在",{"t":"idOrVar","v":"value"},"天後"],"zero":"今天"},"$x":[{"t":"idOrVar","v":"plural"},"value"]},{"$i":"weeks-until-long","$v":{"few":["在",{"t":"idOrVar","v":"value"},"週後"],"many":["在",{"t":"idOrVar","v":"value"},"週後"],"one":"下週","other":["在",{"t":"idOrVar","v":"value"},"週後"],"two":["在",{"t":"idOrVar","v":"value"},"週後"],"zero":"本週"},"$x":[{"t":"idOrVar","v":"plural"},"value"]},{"$i":"months-until-long","$v":{"few":["在",{"t":"idOrVar","v":"value"},"個月後"],"many":["在",{"t":"idOrVar","v":"value"},"個月後"],"one":"下個月","other":["在",{"t":"idOrVar","v":"value"},"個月後"],"two":["在",{"t":"idOrVar","v":"value"},"個月後"],"zero":"本月"},"$x":[{"t":"idOrVar","v":"plural"},"value"]},{"$i":"years-until-long","$v":{"few":["在",{"t":"idOrVar","v":"value"},"年後"],"many":["在",{"t":"idOrVar","v":"value"},"年後"],"one":"明年","other":["在",{"t":"idOrVar","v":"value"},"年後"],"two":["在",{"t":"idOrVar","v":"value"},"年後"],"zero":"今年"},"$x":[{"t":"idOrVar","v":"plural"},"value"]},{"$i":"minutes-ago-short","$v":{"other":[{"t":"idOrVar","v":"value"},"分鐘前"],"zero":"現在"},"$x":[{"t":"idOrVar","v":"plural"},"value"]},{"$i":"hours-ago-short","$v":{"other":[{"t":"idOrVar","v":"value"},"小時前"],"zero":"現在"},"$x":[{"t":"idOrVar","v":"plural"},"value"]},{"$i":"days-ago-short","$v":{"other":[{"t":"idOrVar","v":"value"},"天前"],"zero":"今天"},"$x":[{"t":"idOrVar","v":"plural"},"value"]},{"$i":"minutes-until-short","$v":{"other":["在",{"t":"idOrVar","v":"value"},"分鐘後"],"zero":"現在"},"$x":[{"t":"idOrVar","v":"plural"},"value"]},{"$i":"hours-until-short","$v":{"other":["在",{"t":"idOrVar","v":"value"},"小時後"],"zero":"現在"},"$x":[{"t":"idOrVar","v":"plural"},"value"]},{"$i":"days-until-short","$v":{"other":["在",{"t":"idOrVar","v":"value"},"天後"],"zero":"今天"},"$x":[{"t":"idOrVar","v":"plural"},"value"]},{"$i":"incorrectDate","$v":"(日期不正確)"},{"$i":"dateTimeFormat_%c","$v":"%a %b %e %Y %I:%M:%S %p"},{"$i":"dateTimeFormat_%x","$v":"%m/%d/%Y"},{"$i":"dateTimeFormat_%X","$v":"%p %I:%M:%S"},{"$i":"shortTimeFormat","$v":"%I:%M %p"},{"$i":"shortTimeFormat12","$v":"%I:%M %p"},{"$i":"shortTimeFormat24","$v":"%H:%M"},{"$i":"shortDateTimeFormat","$v":"%x %I:%M %p"},{"$i":"weekStartsOnMonday","$v":"0.0"},{"$i":"firstDayOfTheWeek","$v":"0.0"},{"$i":"time_am","$v":"上午"},{"$i":"time_pm","$v":"下午"},{"$i":"softkey-options","$v":"選項"},{"$i":"reset","$v":"重設"},{"$i":"start","$v":"開始"},{"$i":"stop","$v":"停止"},{"$i":"cancel","$v":"取消"},{"$i":"hour","$v":"小時"},{"$i":"hours","$v":"小時"},{"$i":"minute","$v":"分鐘"},{"$i":"minutes","$v":"分鐘"},{"$i":"second","$v":"秒"},{"$i":"alarm","$v":"鬧鐘"},{"$i":"alarm-name","placeholder":"鬧鐘"},{"$i":"timer","$v":"計時器"},{"$i":"stopwatch","$v":"碼錶"},{"$i":"alarmName","$v":"鬧鐘名稱"},{"$i":"newAlarm","$v":"新增鬧鐘"},{"$i":"editAlarm","$v":"編輯鬧鐘"},{"$i":"kaiSettings","$v":"設定"},{"$i":"clock-settings","$v":"時鐘設定"},{"$i":"alarms-maximum","$v":"已達鬧鐘數目上限"},{"$i":"laps-maximum","$v":"已達圈數上限"},{"$i":"changes-saved","$v":"變更已儲存。"},{"$i":"pause","$v":"暫停"},{"$i":"resume","$v":"恢復"},{"$i":"lap","$v":"以圈計"},{"$i":"lap-number","$v":["以圈計",{"t":"idOrVar","v":"n"}]},{"$i":"timer-hour","$v":"小時"},{"$i":"timer-min","$v":"分鐘"},{"$i":"timer-sec","$v":"秒"},{"$i":"delete","$v":"刪除"},{"$i":"time","$v":"時間"},{"$i":"snooze-label","$v":"重響"},{"$i":"snooze-button","$v":"重響"},{"$i":"repeat","$v":"重複"},{"$i":"vibrate","$v":"震動"},{"$i":"close","$v":"關閉"},{"$i":"save","$v":"儲存"},{"$i":"done","$v":"已完成"},{"$i":"kai-select-time","$v":"選取時間"},{"$i":"closeButton","ariaLabel":"關閉"},{"$i":"newAlarmButton","ariaLabel":"新增鬧鐘"},{"$i":"alarm-volume-label","$v":"系統鬧鐘音量"},{"$i":"kai-volume","$v":"卷："},{"$i":"volume-level-display","$v":[{"t":"idOrVar","v":"n"}," / ",{"t":"idOrVar","v":"c"}]},{"$i":"sound","$v":"聲音"},{"$i":"noSound","$v":"無聲音"},{"$i":"kai-ringtones","$v":"鈴聲"},{"$i":"everyday","$v":"每天"},{"$i":"weekdays","$v":"工作天"},{"$i":"weekends","$v":"週末"},{"$i":"never","$v":"不必重複"},{"$i":"vibrateOn","$v":"開啟"},{"$i":"vibrateOff","$v":"關閉"},{"$i":"kai-on","$v":"開啟"},{"$i":"kai-off","$v":"關閉"},{"$i":"plusMinute","$v":"+1分鐘"},{"$i":"dateFormat","$v":"%A, %B %e"},{"$i":"countdown-lessThanAnHour","$v":["鬧鐘設定為從現在開始的",{"t":"idOrVar","v":"minutes"},"。"]},{"$i":"countdown-moreThanAnHour","$v":["鬧鐘設定為從現在開始的",{"t":"idOrVar","v":"hours"}," ",{"t":"idOrVar","v":"minutes"},"。"]},{"$i":"countdown-moreThanADay","$v":["鬧鐘設定為從現在開始的",{"t":"idOrVar","v":"days"}," ",{"t":"idOrVar","v":"hours"},"。"]},{"$i":"kai-alarm-off","$v":"鬧鐘已關閉。"},{"$i":"kai-alarm-deleted","$v":"警報已刪除。"},{"$i":"alarm-delete-all","$v":"已刪除所有鬧鐘。"},{"$i":"nMinutes","$v":{"few":[{"t":"idOrVar","v":"n"},"分鐘"],"many":[{"t":"idOrVar","v":"n"},"分鐘"],"one":"1分鐘","other":[{"t":"idOrVar","v":"n"},"分鐘"],"two":[{"t":"idOrVar","v":"n"},"分鐘"],"zero":"小於1分鐘"},"$x":[{"t":"idOrVar","v":"plural"},"n"]},{"$i":"nHours","$v":{"few":[{"t":"idOrVar","v":"n"},"小時"],"many":[{"t":"idOrVar","v":"n"},"小時"],"one":[{"t":"idOrVar","v":"n"},"小時"],"other":[{"t":"idOrVar","v":"n"},"小時"],"two":[{"t":"idOrVar","v":"n"},"小時"],"zero":""},"$x":[{"t":"idOrVar","v":"plural"},"n"]},{"$i":"nAndRemainHours","$v":{"few":["和",{"t":"idOrVar","v":"n"},"小時"],"many":["和",{"t":"idOrVar","v":"n"},"小時"],"one":["和",{"t":"idOrVar","v":"n"},"小時"],"other":["和",{"t":"idOrVar","v":"n"},"小時"],"two":["和",{"t":"idOrVar","v":"n"},"小時"],"zero":""},"$x":[{"t":"idOrVar","v":"plural"},"n"]},{"$i":"nRemainDays","$v":{"few":[{"t":"idOrVar","v":"n"},"天"],"many":[{"t":"idOrVar","v":"n"},"天"],"one":[{"t":"idOrVar","v":"n"},"天"],"other":[{"t":"idOrVar","v":"n"},"天"],"two":[{"t":"idOrVar","v":"n"},"天"],"zero":""},"$x":[{"t":"idOrVar","v":"plural"},"n"]},{"$i":"nRemainMinutes","$v":{"few":["和",{"t":"idOrVar","v":"n"},"分鐘"],"many":["和",{"t":"idOrVar","v":"n"},"分鐘"],"one":["和",{"t":"idOrVar","v":"n"},"分鐘"],"other":["和",{"t":"idOrVar","v":"n"},"分鐘"],"two":["和",{"t":"idOrVar","v":"n"},"分鐘"],"zero":""},"$x":[{"t":"idOrVar","v":"plural"},"n"]},{"$i":"nSpinnerSeconds","$v":{"few":[{"t":"idOrVar","v":"n"},"秒"],"many":[{"t":"idOrVar","v":"n"},"秒"],"one":"1秒","other":[{"t":"idOrVar","v":"n"},"秒"],"two":[{"t":"idOrVar","v":"n"},"秒"],"zero":"零秒"},"$x":[{"t":"idOrVar","v":"plural"},"n"]},{"$i":"nSpinnerMinutes","$v":{"few":[{"t":"idOrVar","v":"n"},"分鐘"],"many":[{"t":"idOrVar","v":"n"},"分鐘"],"one":"1分鐘","other":[{"t":"idOrVar","v":"n"},"分鐘"],"two":[{"t":"idOrVar","v":"n"},"分鐘"],"zero":"零分鐘"},"$x":[{"t":"idOrVar","v":"plural"},"n"]},{"$i":"nSpinnerHours","$v":{"few":[{"t":"idOrVar","v":"n"},"小時"],"many":[{"t":"idOrVar","v":"n"},"小時"],"one":[{"t":"idOrVar","v":"n"},"小時"],"other":[{"t":"idOrVar","v":"n"},"小時"],"two":[{"t":"idOrVar","v":"n"},"小時"],"zero":"零小時"},"$x":[{"t":"idOrVar","v":"plural"},"n"]},{"$i":"kai-stop","$v":"停止"},{"$i":"kai-snooze","$v":"重響"},{"$i":"ac_africa_ogg","$v":"非洲"},{"$i":"ac_amazon_ogg","$v":"亞馬遜"},{"$i":"ac_disco_ogg","$v":"迪斯可"},{"$i":"ac_fairy_tales_ogg","$v":"童話故事"},{"$i":"ac_fresh_ogg","$v":"新鮮"},{"$i":"ac_galaxy_ogg","$v":"星系"},{"$i":"ac_kai_ogg","$v":"凱"},{"$i":"ac_techno_ogg","$v":"技術"},{"$i":"ac_woody_ogg","$v":"木頭"},{"$i":"ac_awake_opus","$v":"Awake"},{"$i":"ac_crystalize_opus","$v":"Crystallise"},{"$i":"ac_cycle_opus","$v":"Cycle"},{"$i":"ac_digicloud_opus","$v":"Digicloud"},{"$i":"ac_humming_waves_opus","$v":"Humming Waves"},{"$i":"ac_into_the_void_opus","$v":"Into the Void"},{"$i":"ac_lightly_opus","$v":"Lightly"},{"$i":"ac_mobile_opus","$v":"Mobile"},{"$i":"ac_pinger_opus","$v":"Pinger"},{"$i":"ac_skip_opus","$v":"Skip"},{"$i":"ac_tri_opus","$v":"Tri"},{"$i":"ac_universal_opus","$v":"Universal"},{"$i":"kai-options","$v":"選項"},{"$i":"kai-clock-title","$v":"時鐘"},{"$i":"alarm-title","$v":"鬧鐘"},{"$i":"no-alarms-body","$v":"未設定鬧鐘。"},{"$i":"press-new","$v":"按“新增鬧鐘”開始。"},{"$i":"kai-new-alarm","$v":"新增鬧鐘"},{"$i":"kai-settings","$v":"設定"},{"$i":"kai-cancel","$v":"取消"},{"$i":"kai-save","$v":"儲存"},{"$i":"turnOn","$v":"開啟"},{"$i":"turnOff","$v":"關閉"},{"$i":"edit","$v":"編輯"},{"$i":"select","$v":"選取"},{"$i":"kai-delete","$v":"刪除"},{"$i":"delete-all","$v":"全部刪除"},{"$i":"kai-selected-alarm","$v":"選定的警報"},{"$i":"set","$v":"設定"},{"$i":"kai-start","$v":"開始"},{"$i":"kai-reset","$v":"重設"},{"$i":"kai-min-plus","$v":"+1分鐘"},{"$i":"kai-resume","$v":"恢復"},{"$i":"kai-lap","$v":"以圈計"},{"$i":"play","$v":"播放"},{"$i":"kai-no-repeat","$v":"不再重複"},{"$i":"kai-confirm-title","$v":"確認"},{"$i":"kai-confirm-delete-body","$v":"刪除所選鬧鐘？"},{"$i":"confirm-delete-all-body","$v":"刪除所有鬧鐘？"},{"$i":"kai-confirm-end-key-body","$v":{"$o":"應用程式將會關閉且資料遺失。<br></br>是否要返回進行編輯？"}},{"$i":"kai-confirm-exit-button","$v":"退出"},{"$i":"kai-confirm-return-button","$v":"返回"}]