[{"$i":"select-wallpaper","$v":"إختيار خلفية الشاشة"},{"$i":"cancel","$v":"ألغِ"},{"$i":"set-wallpaper","$v":"ضبط"},{"$i":"save","$v":"حفظ"},{"$i":"kai-wallpaper-set","$v":"تم تعيين الخلفية"},{"$i":"wallpaper-not-changed","$v":"لا يمكن تغيير الخلفية"},{"$i":"dialog-title-action-disabled","$v":"غير مسموح بهذا الإجراء."},{"$i":"dialog-body-action-disabled","$v":"هذا الإجراء معطل. لاكتشاف المزيد، اتصل بمسؤول المؤسسة."},{"$i":"dialog-button-ok","$v":"موافق"}]