[{"$i":"select-wallpaper","$v":"Divar kağızını seç"},{"$i":"cancel","$v":"Ləğv et"},{"$i":"set-wallpaper","$v":"Qur"},{"$i":"save","$v":"Saxla"},{"$i":"kai-wallpaper-set","$v":"Divar kağızı dəsti"},{"$i":"wallpaper-not-changed","$v":"Divar kağızı dəyişdirilə bilməz"},{"$i":"dialog-title-action-disabled","$v":"Fəaliyyətə icazə verilmir"},{"$i":"dialog-body-action-disabled","$v":"Bu əməliyyat deaktivdir. Ətraflı məlumat üçün təşkilatınızın administratoru ilə əlaqə saxlayın."},{"$i":"dialog-button-ok","$v":"OK"}]