[{"$i":"select-wallpaper","$v":"Выбраць шпалеры"},{"$i":"cancel","$v":"Скасаваць"},{"$i":"set-wallpaper","$v":"Настроіць"},{"$i":"save","$v":"Захаваць"},{"$i":"kai-wallpaper-set","$v":"Набор шпалер"},{"$i":"wallpaper-not-changed","$v":"Шпалеры немагчыма змяніць"},{"$i":"dialog-title-action-disabled","$v":"Дзеянне не дазволена"},{"$i":"dialog-body-action-disabled","$v":"Гэта дзеянне адключана. Каб даведацца больш, звярніцеся да адміністратара сваёй арганізацыі."},{"$i":"dialog-button-ok","$v":"ОК"}]