[{"$i":"select-wallpaper","$v":"Изберете тапет"},{"$i":"cancel","$v":"Отмяна"},{"$i":"set-wallpaper","$v":"Задаване"},{"$i":"save","$v":"Запис"},{"$i":"kai-wallpaper-set","$v":"Комплект тапети"},{"$i":"wallpaper-not-changed","$v":"Тапетът не може да бъде променен"},{"$i":"dialog-title-action-disabled","$v":"Действието не е позволено"},{"$i":"dialog-body-action-disabled","$v":"Действието е дезакт. Свържете се с админ. на организацията, за да научите повече."},{"$i":"dialog-button-ok","$v":"ОК"}]