[{"$i":"select-wallpaper","$v":"একটি ওয়ালপেপার বেছে নিন"},{"$i":"cancel","$v":"বাতিল করুন"},{"$i":"set-wallpaper","$v":"সেট করুন"},{"$i":"save","$v":"সংরক্ষণ করুন"},{"$i":"kai-wallpaper-set","$v":"ওয়ালপেপার সেট"},{"$i":"wallpaper-not-changed","$v":"ওয়ালপেপার পরিবর্তন করা যায় না"},{"$i":"dialog-title-action-disabled","$v":"ক্রিয়াকলাপ অনুমোদিত নয়"},{"$i":"dialog-body-action-disabled","$v":"এই কার্যকলাপটি নিষ্ক্রিয় করা আছে। আরও খুঁজতে, আপনার সংস্থার অ্যাডমিনের সাথে যোগযোগ করুন।"},{"$i":"dialog-button-ok","$v":"ঠিক আছে"}]