[{"$i":"select-wallpaper","$v":"Odaberi sliku pozadine"},{"$i":"cancel","$v":"Otkaži"},{"$i":"set-wallpaper","$v":"Postavi"},{"$i":"save","$v":"Sačuvaj"},{"$i":"kai-wallpaper-set","$v":"Set tapeta"},{"$i":"wallpaper-not-changed","$v":"Pozadina se ne može mijenjati"},{"$i":"dialog-title-action-disabled","$v":"Akcija nije dozvoljena"},{"$i":"dialog-body-action-disabled","$v":"Radnja je onemogućena. Obratite se administratoru organizacije kako biste saznali više."},{"$i":"dialog-button-ok","$v":"U redu"}]