[{"$i":"select-wallpaper","$v":"Vælg en baggrund"},{"$i":"cancel","$v":"Annuller"},{"$i":"set-wallpaper","$v":"Angiv"},{"$i":"save","$v":"Gem"},{"$i":"kai-wallpaper-set","$v":"Baggrundssæt"},{"$i":"wallpaper-not-changed","$v":"Tapet kan ikke ændres"},{"$i":"dialog-title-action-disabled","$v":"Handling ikke tilladt"},{"$i":"dialog-body-action-disabled","$v":"Denne handling er deaktiveret. Du kan få flere oplysninger ved at kontakte organisationens administrator."},{"$i":"dialog-button-ok","$v":"OK"}]