[{"$i":"select-wallpaper","$v":"Hintergrund auswählen"},{"$i":"cancel","$v":"Abbrechen"},{"$i":"set-wallpaper","$v":"Festlegen"},{"$i":"save","$v":"Speichern"},{"$i":"kai-wallpaper-set","$v":"Hintergrund eingerichtet"},{"$i":"wallpaper-not-changed","$v":"Hintergrundbild kann nicht geändert werden."},{"$i":"dialog-title-action-disabled","$v":"Aktion nicht zulässig"},{"$i":"dialog-body-action-disabled","$v":"Diese Aktion ist deaktiviert. Wenden Sie sich an den Administrator in Ihrem Unternehmen, um mehr zu erfahren."},{"$i":"dialog-button-ok","$v":"OK"}]