[{"$i":"select-wallpaper","$v":"Επιλέξτε ταπετσαρία"},{"$i":"cancel","$v":"Ακύρωση"},{"$i":"set-wallpaper","$v":"Ορισμός"},{"$i":"save","$v":"Αποθήκευση"},{"$i":"kai-wallpaper-set","$v":"Σετ ταπετσαρίας"},{"$i":"wallpaper-not-changed","$v":"Δεν είναι δυνατή η αλλαγή της ταπετσαρίας"},{"$i":"dialog-title-action-disabled","$v":"Η ενέργεια δεν επιτρέπεται"},{"$i":"dialog-body-action-disabled","$v":"Αυτή η ενέργεια απενεργοποιήθηκε. Για να μάθετε περισσότερα, επικοινωνήστε με το διαχειριστή του οργανισμού σας."},{"$i":"dialog-button-ok","$v":"OK"}]