[{"$i":"select-wallpaper","$v":"Seleccionar fondo de pantalla"},{"$i":"cancel","$v":"Cancelar"},{"$i":"set-wallpaper","$v":"Definir"},{"$i":"save","$v":"Guardar"},{"$i":"kai-wallpaper-set","$v":"Fondo de pantalla establecido"},{"$i":"wallpaper-not-changed","$v":"No se puede cambiar el fondo de pantalla"},{"$i":"dialog-title-action-disabled","$v":"Acción no permitida"},{"$i":"dialog-body-action-disabled","$v":"Esta acción está deshabilitada. Para obtener más información, póngase en contacto con el administrador de su organización."},{"$i":"dialog-button-ok","$v":"Aceptar"}]