[{"$i":"select-wallpaper","$v":"Valige taustpilt"},{"$i":"cancel","$v":"Tühista"},{"$i":"set-wallpaper","$v":"Määra"},{"$i":"save","$v":"Salvesta"},{"$i":"kai-wallpaper-set","$v":"Tapeedikomplekt"},{"$i":"wallpaper-not-changed","$v":"Taustapilti ei saa muuta"},{"$i":"dialog-title-action-disabled","$v":"Toiming pole lubatud"},{"$i":"dialog-body-action-disabled","$v":"See toiming on keelatud. Lisateabe saamiseks võtke ühendust oma organisatsiooni administraatoriga."},{"$i":"dialog-button-ok","$v":"OK"}]