[{"$i":"select-wallpaper","$v":"Valitse taustakuva"},{"$i":"cancel","$v":"Peruuta"},{"$i":"set-wallpaper","$v":"Aseta"},{"$i":"save","$v":"Tallenna"},{"$i":"kai-wallpaper-set","$v":"Taustakuva asetettu"},{"$i":"wallpaper-not-changed","$v":"Taustakuvaa ei voi vaihtaa"},{"$i":"dialog-title-action-disabled","$v":"Toiminto ei ole sallittu"},{"$i":"dialog-body-action-disabled","$v":"Toiminto on poistettu käytöstä. Saat lisätietoja ottamalla yhteyttä organisaatiosi järjestelmänvalvojaan."},{"$i":"dialog-button-ok","$v":"OK"}]