[{"$i":"select-wallpaper","$v":"Pumili ng Wallpaper"},{"$i":"cancel","$v":"Kanselahin"},{"$i":"set-wallpaper","$v":"Itakda"},{"$i":"save","$v":"I-save"},{"$i":"kai-wallpaper-set","$v":"Set ng wallpaper"},{"$i":"wallpaper-not-changed","$v":"Hindi mababago ang wallpaper"},{"$i":"dialog-title-action-disabled","$v":"Hindi pinapayagan ang aksyon"},{"$i":"dialog-body-action-disabled","$v":"Naka-disable ang pagkilos na ito. Para matuto pa, makipag-ugnayan sa admin ng iyong organisasyon."},{"$i":"dialog-button-ok","$v":"OK"}]