[{"$i":"select-wallpaper","$v":"Odabir pozadine"},{"$i":"cancel","$v":"Poništi"},{"$i":"set-wallpaper","$v":"Postavi"},{"$i":"save","$v":"Spremi"},{"$i":"kai-wallpaper-set","$v":"Set tapeta"},{"$i":"wallpaper-not-changed","$v":"Pozadina se ne može mijenjati"},{"$i":"dialog-title-action-disabled","$v":"Radnja nije dopuštena"},{"$i":"dialog-body-action-disabled","$v":"Ta je akcija onemogućena. Da biste saznali više, obratite se administratoru tvrtke ili ustanove."},{"$i":"dialog-button-ok","$v":"U redu"}]