[{"$i":"select-wallpaper","$v":"Válasszon háttérképet"},{"$i":"cancel","$v":"Mégse"},{"$i":"set-wallpaper","$v":"Beállítás"},{"$i":"save","$v":"Mentés"},{"$i":"kai-wallpaper-set","$v":"Háttérkép beállítva"},{"$i":"wallpaper-not-changed","$v":"A háttérkép nem módosítható"},{"$i":"dialog-title-action-disabled","$v":"A művelet nem engedélyezett"},{"$i":"dialog-body-action-disabled","$v":"Ez a művelet le van tiltva. További információért vegye fel a kapcsolatot a szervezet rendszergazdájával."},{"$i":"dialog-button-ok","$v":"OK"}]