[{"$i":"select-wallpaper","$v":"Ընտրեք պաստառ"},{"$i":"cancel","$v":"Չեղարկել"},{"$i":"set-wallpaper","$v":"Տղկյլ"},{"$i":"save","$v":"Պահել"},{"$i":"kai-wallpaper-set","$v":"Պաստառների հավաքածու"},{"$i":"wallpaper-not-changed","$v":"Պաստառը հնարավոր չէ փոխել"},{"$i":"dialog-title-action-disabled","$v":"Գործողությունը թույլատրված չէ"},{"$i":"dialog-body-action-disabled","$v":"Այս գործողությունն անջատված է: Ավելին իմանալու համար դիմեք ձեր կազմակերպության ադմինիստրատորին:"},{"$i":"dialog-button-ok","$v":"Լավ"}]