[{"$i":"select-wallpaper","$v":"Pilih sebuah Wallpaper"},{"$i":"cancel","$v":"Batal"},{"$i":"set-wallpaper","$v":"Tetapkan"},{"$i":"save","$v":"Simpan"},{"$i":"kai-wallpaper-set","$v":"Wallpaper ditetapkan"},{"$i":"wallpaper-not-changed","$v":"Wallpaper tidak dapat diganti"},{"$i":"dialog-title-action-disabled","$v":"Tindakan tidak diperbolehkan"},{"$i":"dialog-body-action-disabled","$v":"Tindakan ini dinonaktifkan. Untuk mengetahui lebih lanjut, hubungi admin organisasimu."},{"$i":"dialog-button-ok","$v":"OK"}]