[{"$i":"select-wallpaper","$v":"Veldu veggfóður"},{"$i":"cancel","$v":"H. við"},{"$i":"set-wallpaper","$v":"Stilla"},{"$i":"save","$v":"Vista"},{"$i":"kai-wallpaper-set","$v":"Veggfóður sett"},{"$i":"wallpaper-not-changed","$v":"Ekki er hægt að breyta veggfóðri"},{"$i":"dialog-title-action-disabled","$v":"Aðgerð ekki leyfð"},{"$i":"dialog-body-action-disabled","$v":"Slökkt er á þessari aðgerð. Fáðu upplýsingar hjá kerfisstjóra þíns fyrirtækis."},{"$i":"dialog-button-ok","$v":"Í lagi"}]