[{"$i":"select-wallpaper","$v":"Тұсқағаз таңдау"},{"$i":"cancel","$v":"Бас тарту"},{"$i":"set-wallpaper","$v":"Орнату"},{"$i":"save","$v":"Сақтау"},{"$i":"kai-wallpaper-set","$v":"Түсқағаздар жиынтығы"},{"$i":"wallpaper-not-changed","$v":"Түсқағазды өзгерту мүмкін емес"},{"$i":"dialog-title-action-disabled","$v":"Әрекетке рұқсат берілмеген"},{"$i":"dialog-body-action-disabled","$v":"Бұл әрекет өшірілген. Қосымша ақпарат алу үшін ұйымның әкімшісіне хабарласыңыз."},{"$i":"dialog-button-ok","$v":"OK"}]