[{"$i":"select-wallpaper","$v":"ជ្រើស​រូប​ផ្ទៃ​អេក្រង់"},{"$i":"cancel","$v":"បោះ​បង់"},{"$i":"set-wallpaper","$v":"កំណត់"},{"$i":"save","$v":"រក្សា​ទុក"},{"$i":"kai-wallpaper-set","$v":"ឈុតផ្ទាំងរូបភាព"},{"$i":"wallpaper-not-changed","$v":"ផ្ទាំងរូបភាពមិនអាចប្តូរបានទេ"},{"$i":"dialog-title-action-disabled","$v":"សកម្មភាពមិនត្រូវបានអនុញ្ញាត"},{"$i":"dialog-body-action-disabled","$v":"បាន​បិទ​សកម្មភាព​នេះ។ ដើម្បី​ស្វែង​យល់​បន្ថែម សូម​ទាក់​ទង​អ្នក​គ្រប់​គ្រង​អង្គភាព​របស់​អ្នក។"},{"$i":"dialog-button-ok","$v":"យល់​ព្រម"}]