[{"$i":"select-wallpaper","$v":"ເລືອກວອລ໌ເປເປີ"},{"$i":"cancel","$v":"ຍົກເລີກ"},{"$i":"set-wallpaper","$v":"ຕັ້ງຄ່າ"},{"$i":"save","$v":"ບັນທຶກໄວ້"},{"$i":"kai-wallpaper-set","$v":"ຊຸດພາບພື້ນຫຼັງ"},{"$i":"wallpaper-not-changed","$v":"ພາບພື້ນບໍ່ສາມາດປ່ຽນແປງໄດ້"},{"$i":"dialog-title-action-disabled","$v":"ການປະຕິບັດງານບໍ່ໄດ້ຮັບອະນຸຍາດ"},{"$i":"dialog-body-action-disabled","$v":"ຄຳສັ່ງນີ້ຖືກປິດການນຳໃຊ້ໄວ້. ເພື່ອສຶກສາເພີ່ມເຕີມ, ກະລຸນາຕິດຕໍ່ຜູ້ເບິ່ງແຍງອົງການຂອງທ່ານ."},{"$i":"dialog-button-ok","$v":"ຕົກລົງ"}]