[{"$i":"select-wallpaper","$v":"Rinktis fono paveikslėlį"},{"$i":"cancel","$v":"Atš."},{"$i":"set-wallpaper","$v":"Nustatyti"},{"$i":"save","$v":"Išsg."},{"$i":"kai-wallpaper-set","$v":"Tapetų rinkinys"},{"$i":"wallpaper-not-changed","$v":"Fono paveikslėlio pakeisti negalima"},{"$i":"dialog-title-action-disabled","$v":"Veiksmas neleidžiamas"},{"$i":"dialog-body-action-disabled","$v":"Šis veiksmas išjungtas. Jei norite sužinoti daugiau, kreipkitės į organizacijos administratorių."},{"$i":"dialog-button-ok","$v":"GERAI"}]