[{"$i":"select-wallpaper","$v":"Selectați o imagine de fundal"},{"$i":"cancel","$v":"Anulare"},{"$i":"set-wallpaper","$v":"Setare"},{"$i":"save","$v":"Salvare"},{"$i":"kai-wallpaper-set","$v":"Set tapet"},{"$i":"wallpaper-not-changed","$v":"Tapetul nu poate fi schimbat"},{"$i":"dialog-title-action-disabled","$v":"Acțiunea nu este permisă"},{"$i":"dialog-body-action-disabled","$v":"Această acțiune este dezactivată. Pentru a afla mai multe, contactează administratorul organizației tale."},{"$i":"dialog-button-ok","$v":"OK"}]