[{"$i":"select-wallpaper","$v":"Pilih Kertas Dinding"},{"$i":"cancel","$v":"Batal"},{"$i":"set-wallpaper","$v":"Tetapkan"},{"$i":"save","$v":"Simpan"},{"$i":"kai-wallpaper-set","$v":"Kertas dinding ditetapkan"},{"$i":"wallpaper-not-changed","$v":"Kertas dinding tidak boleh diubah"},{"$i":"dialog-title-action-disabled","$v":"Tindakan tidak dibenarkan"},{"$i":"dialog-body-action-disabled","$v":"Tindakan ini dinyahdayakan. Untuk mengetahui lebih lanjut, hubungi pentadbir organisasi anda."},{"$i":"dialog-button-ok","$v":"OK"}]