[{"$i":"select-wallpaper","$v":"Een Achtergrond selecteren"},{"$i":"cancel","$v":"Annuleren"},{"$i":"set-wallpaper","$v":"Instellen"},{"$i":"save","$v":"Opslaan"},{"$i":"kai-wallpaper-set","$v":"Achtergrond ingesteld"},{"$i":"wallpaper-not-changed","$v":"Achtergrond kan niet worden gewijzigd"},{"$i":"dialog-title-action-disabled","$v":"Actie niet toegestaan"},{"$i":"dialog-body-action-disabled","$v":"Deze actie is uitgeschakeld. Voor meer informatie kunt u contact opnemen met de beheerder van uw organisatie."},{"$i":"dialog-button-ok","$v":"OK"}]