[{"$i":"select-wallpaper","$v":"Wybierz tapetę"},{"$i":"cancel","$v":"Anuluj"},{"$i":"set-wallpaper","$v":"Ustaw"},{"$i":"save","$v":"Zapisz"},{"$i":"kai-wallpaper-set","$v":"Ustawiono tapetę"},{"$i":"wallpaper-not-changed","$v":"Nie można zmienić tapety"},{"$i":"dialog-title-action-disabled","$v":"Niedozwolona operacja"},{"$i":"dialog-body-action-disabled","$v":"Ta operacja została wyłączona. Aby dowiedzieć się więcej, skontaktuj się ze swoim administratorem."},{"$i":"dialog-button-ok","$v":"OK"}]