[{"$i":"select-wallpaper","$v":"یو وال پیپر انتخاب کړئ"},{"$i":"cancel","$v":"کول"},{"$i":"set-wallpaper","$v":"انتخاب کړئ"},{"$i":"save","$v":"محفوظ کړئ"},{"$i":"kai-wallpaper-set","$v":"والپيپر سيټ"},{"$i":"wallpaper-not-changed","$v":"وال پیپر بدلولی نشي"},{"$i":"dialog-title-action-disabled","$v":"عمل ته اجازه نشته"},{"$i":"dialog-body-action-disabled","$v":"دا عمل ناتوان شوي دی. نور څه لټون لپاره د خپل سازمان اداره کوونکي سره تماس ونیسی."},{"$i":"dialog-button-ok","$v":"اوکی"}]