[{"$i":"select-wallpaper","$v":"Selecionar um fundo de ecrã"},{"$i":"cancel","$v":"Cancelar"},{"$i":"set-wallpaper","$v":"Definir"},{"$i":"save","$v":"Guardar"},{"$i":"kai-wallpaper-set","$v":"Fundo de ecrã definido"},{"$i":"wallpaper-not-changed","$v":"Não é possível alterar o fundo de ecrã"},{"$i":"dialog-title-action-disabled","$v":"Ação não permitida"},{"$i":"dialog-body-action-disabled","$v":"Esta ação está desativada. Para saber mais, contacte o administrador da organização."},{"$i":"dialog-button-ok","$v":"OK"}]