[{"$i":"select-wallpaper","$v":"Selectați o imagine de fundal"},{"$i":"cancel","$v":"Anulare"},{"$i":"set-wallpaper","$v":"Setare"},{"$i":"save","$v":"Salvare"},{"$i":"kai-wallpaper-set","$v":"Imaginea de fundal a fost configurată"},{"$i":"wallpaper-not-changed","$v":"Imaginea de fundal nu poate fi schimbată"},{"$i":"dialog-title-action-disabled","$v":"Acțiune nepermisă"},{"$i":"dialog-body-action-disabled","$v":"Această acțiune este dezactivată. Pentru a afla mai multe informații, contactați administratorul organizației dvs."},{"$i":"dialog-button-ok","$v":"OK"}]