[{"$i":"select-wallpaper","$v":"Выбрать Обои"},{"$i":"cancel","$v":"Отмена"},{"$i":"set-wallpaper","$v":"Установить"},{"$i":"save","$v":"Сохранить"},{"$i":"kai-wallpaper-set","$v":"Установка обоев"},{"$i":"wallpaper-not-changed","$v":"Невозможно изменить обои"},{"$i":"dialog-title-action-disabled","$v":"Действие не допускается"},{"$i":"dialog-body-action-disabled","$v":"Это действие отключено. Для получения дополнительной информации, свяжитесь с администратором вашей организации."},{"$i":"dialog-button-ok","$v":"OK"}]