[{"$i":"select-wallpaper","$v":"වෝල්පේපරයක් තෝරන්න"},{"$i":"cancel","$v":"අවලංගු කරන්න"},{"$i":"set-wallpaper","$v":"සකසන්න"},{"$i":"save","$v":"සුරකින්න"},{"$i":"kai-wallpaper-set","$v":"බිතුපත් කට්ටලය"},{"$i":"wallpaper-not-changed","$v":"බිතුපත වෙනස් කළ නොහැක"},{"$i":"dialog-title-action-disabled","$v":"ක්‍රියාවට අවසර නැත"},{"$i":"dialog-body-action-disabled","$v":"මෙම ක්‍රියාව අබල කර ඇත. වැඩිදුර සොයා ගැනීමට, ඔබේ ආයතනයේ පරිපාලකයා සම්බන්ධ කර ගන්න."},{"$i":"dialog-button-ok","$v":"OK"}]