[{"$i":"select-wallpaper","$v":"Izberite ozadje"},{"$i":"cancel","$v":"Prekliči"},{"$i":"set-wallpaper","$v":"Nastavi"},{"$i":"save","$v":"Shrani"},{"$i":"kai-wallpaper-set","$v":"Set za ozadje"},{"$i":"wallpaper-not-changed","$v":"Ozadja ni mogoče spremeniti"},{"$i":"dialog-title-action-disabled","$v":"Ukrep ni dovoljen"},{"$i":"dialog-body-action-disabled","$v":"To dejanje je onemogočeno. Če želite izvedeti več, se obrnite na skrbnika v organizaciji."},{"$i":"dialog-button-ok","$v":"V redu"}]