[{"$i":"select-wallpaper","$v":"Zgjidh një sfond"},{"$i":"cancel","$v":"Anulo"},{"$i":"set-wallpaper","$v":"Cakto"},{"$i":"save","$v":"Ruaj"},{"$i":"kai-wallpaper-set","$v":"Set i letër-muri"},{"$i":"wallpaper-not-changed","$v":"Wallpaper nuk mund të ndryshohet"},{"$i":"dialog-title-action-disabled","$v":"Aksioni nuk lejohet"},{"$i":"dialog-body-action-disabled","$v":"Ky veprim është çaktivizuar. Për të mësuar më shumë, kontakto me administratorin e organizatës sate.        "},{"$i":"dialog-button-ok","$v":"OK"}]