[{"$i":"select-wallpaper","$v":"Välj en bakgrund"},{"$i":"cancel","$v":"Avbryt"},{"$i":"set-wallpaper","$v":"Ställ in"},{"$i":"save","$v":"Spara"},{"$i":"kai-wallpaper-set","$v":"Bakgrundsuppsättning"},{"$i":"wallpaper-not-changed","$v":"Bakgrund kan inte ändras"},{"$i":"dialog-title-action-disabled","$v":"Åtgärd inte tillåten"},{"$i":"dialog-body-action-disabled","$v":"Denna åtgärd är inaktiverad. Kontakta din organisations administratör för att få mer information."},{"$i":"dialog-button-ok","$v":"OK"}]