[{"$i":"select-wallpaper","$v":"ஒரு வால்பேப்பரைத் தேர்ந்தெடு"},{"$i":"cancel","$v":"ரத்து செய்க"},{"$i":"set-wallpaper","$v":"அமை"},{"$i":"save","$v":"சேமி"},{"$i":"kai-wallpaper-set","$v":"வால்பேப்பர் அமைப்பு"},{"$i":"wallpaper-not-changed","$v":"வால்பேப்பரை மாற்ற முடியாது"},{"$i":"dialog-title-action-disabled","$v":"செயல் அனுமதிக்கப்படவில்லை"},{"$i":"dialog-body-action-disabled","$v":"இந்த செயல் முடக்கப்பட்டுள்ளது. மேலும் அறிய, உங்கள் நிறுவனத்தின் நிர்வாகியை தொடர்பு கொள்ளுங்கள்."},{"$i":"dialog-button-ok","$v":"சரி"}]