[{"$i":"select-wallpaper","$v":"Duvar Kağıdı Seç"},{"$i":"cancel","$v":"İptal"},{"$i":"set-wallpaper","$v":"Ayarla"},{"$i":"save","$v":"Kaydet"},{"$i":"kai-wallpaper-set","$v":"Duvar kağıdı ayarlandı"},{"$i":"wallpaper-not-changed","$v":"Duvar kağıdı değiştirilemez"},{"$i":"dialog-title-action-disabled","$v":"Eyleme izin verilmiyor"},{"$i":"dialog-body-action-disabled","$v":"Bu eylem devre dışı. Daha fazla bilgi edinmek için kuruluşunuzun yöneticisiyle iletişime geçin."},{"$i":"dialog-button-ok","$v":"Tamam"}]