[{"$i":"select-wallpaper","$v":"Вибрати шпалери"},{"$i":"cancel","$v":"Скасувати"},{"$i":"set-wallpaper","$v":"Установити"},{"$i":"save","$v":"Зберегти"},{"$i":"kai-wallpaper-set","$v":"Набір шпалер"},{"$i":"wallpaper-not-changed","$v":"Не можна змінити шпалери"},{"$i":"dialog-title-action-disabled","$v":"Дія не дозволена"},{"$i":"dialog-body-action-disabled","$v":"Цю дію вимкнено. Щоб дізнатися більше, зверніться до адміністратора вашої організації."},{"$i":"dialog-button-ok","$v":"OK"}]