[{"$i":"select-wallpaper","$v":"Chọn một Hình nền"},{"$i":"cancel","$v":"Hủy"},{"$i":"set-wallpaper","$v":"Đặt"},{"$i":"save","$v":"Lưu"},{"$i":"kai-wallpaper-set","$v":"Đặt hình nền"},{"$i":"wallpaper-not-changed","$v":"Không thể thay đổi hình nền"},{"$i":"dialog-title-action-disabled","$v":"Hành động không được cho phép"},{"$i":"dialog-body-action-disabled","$v":"Hành động này bị vô hiệu hóa. Để tìm hiểu thêm, vui lòng liên hệ quản trị viên tổ chức của bạn."},{"$i":"dialog-button-ok","$v":"OK"}]