[{"$i":"select-wallpaper","$v":"Khetha i-Wallpaper"},{"$i":"cancel","$v":"Rhoxisa"},{"$i":"set-wallpaper","$v":"Seta"},{"$i":"save","$v":"Gcina"},{"$i":"kai-wallpaper-set","$v":"Iphepha lodonga lisetiwe"},{"$i":"wallpaper-not-changed","$v":"Ayinakutshintshwa i-Wallpaper"},{"$i":"dialog-title-action-disabled","$v":"Isenzo asivumelekanga"},{"$i":"dialog-body-action-disabled","$v":"Esi senzo senziwe asasebenza. Ukuze wazi okungakumbi, qhagamshela ne-admin yenkampani yakho."},{"$i":"dialog-button-ok","$v":"Kulungile"}]