[{"$i":"select-wallpaper","$v":"Khetha iphephadonga"},{"$i":"cancel","$v":"Khansela"},{"$i":"set-wallpaper","$v":"Setha"},{"$i":"save","$v":"Londoloza"},{"$i":"kai-wallpaper-set","$v":"Iphephadonga lisethiwe."},{"$i":"wallpaper-not-changed","$v":"Iphepha lokunamathisela odongeni lungeshintshwe"},{"$i":"dialog-title-action-disabled","$v":"isenzo asivunyelwe"},{"$i":"dialog-body-action-disabled","$v":"Lesi senzo sikhusthaziwe. ukuthola kabanzi, thintana nomqondisi wenhlangano yakho."},{"$i":"dialog-button-ok","$v":"KULUNGILE"}]