﻿<loc>


	<language lang="en">
		<buyfull>Buy the game</buyfull>
		<playdemo>Play demo</playdemo>
		<billinginit>LOADING...</billinginit>
		<billingok>OK</billingok>
		<billingcancel>CANCEL</billingcancel>
		<bilingnotavailable>There was a problem with your billing. \nPlease check your SIM card.</bilingnotavailable>
		<buynow>Get it now</buynow>
		<billingtnc>Terms and Conditions</billingtnc>
		<billinginprocess>Please wait... Purchase in progress</billinginprocess>
		<billingsuccess>Purchase successful. Enjoy the game!</billingsuccess>
		<billingfailed>Transaction failed. \nDo you want to try again?</billingfailed>
		<playgame>Play the game</playgame>
		<tryagain>Try again</tryagain>
		<purchasecode>Purchase code</purchasecode>
		<purchasecodetitle>Enter purchase code:</purchasecodetitle>
		<unlockcodefailed>Invalid purchase code</unlockcodefailed>
		<playdemocontent>You can play the demo for 3 levels. You have unlimited trials.\n\nInfo and customer care:\nWWW.GAMELOFT.COM \nSUPPORT.GAMELOFT.COM</playdemocontent>
		<endleveldemocontent>Did you like the game?</endleveldemocontent>
		<mainmenu>Main menu</mainmenu>
		<doubleconfirmtext>(PRICE) plus the cost of one standard-rate SMS will be charged to your mobile phone bill or deducted from your prepaid credit.
By selecting "Buy Now" you confirm that you are over the age of 16 and have the bill payer's permission to make this purchase.</doubleconfirmtext>
		<buynowconfirm>Buy Now</buynowconfirm>
		<txt_share>Share your score now: </txt_share>
		<txt_score>Total Score: </txt_score>
		<description>Siberian Strike is a retro-style aerial combat game where you face challenging bosses in massive aircrafts. With lots of action, exciting combat and cool upgrades to make your planes stronger, the game will test your skills and provide tons of fun.</description>
		<skip_level>Do you want to skip this level?</skip_level>
		<main_hello>Hello [username]</main_hello>
		<load_success>Save successfully loaded</load_success>
		<load>Loading...</load>
		<save>Saving...</save>
		<saved>Game saved</saved>
		<main_login>Log in to save game</main_login>
		<logout_popup>Do you want to log out of Facebook?</logout_popup>
		<login_popup>Please log into Facebook to save your progress.</login_popup>
		<fail_popup>Unable to connect because of a network or server issue. Please check your Internet connection and try again later.</fail_popup>
		<upgrade_item01>GUN POWER</upgrade_item01>
		<upgrade_item02>ARMOR</upgrade_item02>
		<upgrade_item03>FIRE RATE</upgrade_item03>
		<upgrade_item04>BONUS</upgrade_item04>
		<upgrade_stage>STAGE </upgrade_stage>
		<upgrade_credit>CREDIT</upgrade_credit>
		<upgrade_confirm>DO YOU WANT TO BUY THIS UPGRADE?</upgrade_confirm>
		<upgrade_nomoney>NOT ENOUGH MONEY</upgrade_nomoney>
		<upgrade_max>MAX</upgrade_max>
		<result_01>Shot Down:</result_01>
		<result_02>Kill Rate:</result_02>
		<result_extra_01>100% Killed:</result_extra_01>
		<result_extra_02>No Damage:</result_extra_02>
		<result_reward>Reward:</result_reward>
		<unlock>YOU HAVE UNLOCKED:</unlock>
		<story_set_1>A new threat has appeared upon our seas. Get there and engage the hostiles!</story_set_1>
		<story_set_2>Our enemy has raised a naval fleet to stop us. Destroy every one of them!</story_set_2>
		<story_set_3>We are now in their territory. Intelligence reports a new heavy war machine developed in this area. Be careful, pilot!</story_set_3>
		<story_set_4>The enemy is building another infernal war machine. Find it and destroy it before it reaches our lands!</story_set_4>
		<story_set_5>After many years, our space program is now fully operational. It is time for great discov--
Aw, hell!
What is this?!</story_set_5>
		<story_set_6>You made the aliens very angry up there. They are now attacking our planet... and everyone on it!
For the last time, my friend: TO BATTLE!!!</story_set_6>
		<popup_noupgrademedal>TO GET THIS MEDAL, MAX OUT ALL UPGRADES &#38; UNLOCK ALL LEVELS FOR THIS PLANE!</popup_noupgrademedal>
		<popup_confirmmedal>CAREFUL; THIS WILL RESET YOUR UPGRADES AND LEVELS FOR THIS PLANE. DO YOU WANT TO GET THIS MEDAL?</popup_confirmmedal>
		<internetrequirement>Please activate your Internet connection in order to continue.</internetrequirement>
		<credits>Gameloft
SAI Studio HTML5 Creation Team

Studio Manager
Phùng Việt Hưng

Producers
Nguyễn Việt Cường
Nguyễn Hoài Nam

Game Designers
Nguyễn Quốc Đông
Frédéric Leger

Artists
Elisio Lima Da Costa
Maxime Bondoux
Trần Duy Cường

Programmers
Nguyễn Nguyên Vũ
Đào Ngọc Hoàng

QA
Nguyễn Minh Tâm
Dương Quốc Huy
Nguyễn Duy Chinh
Trần Minh Trí

Akashi Font
Copyright © 2007-2013 Ten by Twenty.
This Font Software is licensed under the SIL Open Font License, Version 1.1.
This license is available with an FAQ at: http://scripts.sil.org/OFL</credits>
	<str_exitgame>EXIT GAME?</str_exitgame>
	</language>
	
	<language lang="vi">
		<buyfull>Mua trò chơi</buyfull>
		<playdemo>Chơi thử</playdemo>
		<billinginit>Xin đợi...</billinginit>
		<billingok>OK</billingok>
		<billingcancel>Hủy</billingcancel>
		<bilingnotavailable>Quá trình thanh toán của bạn gặp vấn đề. Xin kiểm tra thẻ SIM của bạn.</bilingnotavailable>
		<buynow>Lấy ngay</buynow>
		<billingtnc>Điều khoản và Điều kiện</billingtnc>
		<billinginprocess>Xin đợi... Hàng mua đang xử lý.</billinginprocess>
		<billingsuccess>Mua thành công. Hãy thưởng thức trò chơi!</billingsuccess>
		<billingfailed>Giao dịch thất bại. Bạn có muốn thử lại?</billingfailed>
		<playgame>Chơi trò chơi</playgame>
		<tryagain>Thử lại</tryagain>
		<purchasecode>Mã mua hàng</purchasecode>
		<purchasecodetitle>Nhập mã mua hàng:</purchasecodetitle>
		<unlockcodefailed>Mã mua hàng không hợp lệ</unlockcodefailed>
		<playdemocontent>Bạn có thể chơi phiên bản chơi thử trong 3 màn. Bạn có bản chơi thử không giới hạn.\n\nThông tin và Chăm sóc Khách hàng:\nWWW.GAMELOFT.COM \nSUPPORT.GAMELOFT.COM</playdemocontent>
		<endleveldemocontent>Bạn có thích trò chơi không?</endleveldemocontent>
		<mainmenu>Menu Chính</mainmenu>
		<doubleconfirmtext>(PRICE) cộng với giá của một tin SMS loại tiêu chuẩn sẽ được tính trong hóa đơn điện thoại di động hoặc trừ vào số tiền trả trước của bạn.
Bằng cách chọn "Mua ngay", đồng nghĩa với việc bạn xác nhận là bạn trên 16 tuổi và có sự cho phép của người trả hóa đơn để mua món đồ này.</doubleconfirmtext>
		<buynowconfirm>Mua ngay</buynowconfirm>
		<txt_share>Chia sẻ điểm số ngay:</txt_share>
		<txt_score>Tổng điểm: </txt_score>
		<description>"Siberian Strike là trò chơi chiến đấu trên không hơi hướng hoài cổ cho bạn bắn tẹt ga những tên trùm lì lợm trong các siêu chiến cơ. Với hành động ngập mặt, trận chiến máu lửa, đồ nâng cấp cực chất, chiến cơ của bạn như hổ thêm cánh. Trò chơi sẽ thách thức kĩ năng của bạn và đem lại hàng giờ chơi vui vẻ.

Điều khiển: Chạm và giữ ngón tay trên màn hình để điều khiển máy bay. Bắn hạ phi cơ địch và né đạn. Diệt trùm để qua màn."</description>
		<skip_level>Bạn có muốn bỏ qua màn này?</skip_level>
		<main_hello>Chào [username]</main_hello>
		<load_success>Tải bản lưu thành công</load_success>
		<load>Đang tải...</load>
		<save>Đang lưu...</save>
		<saved>Trò chơi đã lưu</saved>
		<main_login>Đăng nhập để lưu trò chơi</main_login>
		<logout_popup>Bạn có muốn thoát Facebook?</logout_popup>
		<login_popup>Xin đăng nhập Facebook để lưu tiến trình chơi.</login_popup>
		<fail_popup>Không thể kết nối do lỗi mạng hoặc máy chủ. Xin kiểm tra kết nối Internet của bạn và thử lại sau.</fail_popup>
		<upgrade_item01>HỎA LỰC</upgrade_item01>
		<upgrade_item02>GIÁP</upgrade_item02>
		<upgrade_item03>TẦN SUẤT BẮN</upgrade_item03>
		<upgrade_item04>BONUS</upgrade_item04>
		<upgrade_stage>CẤP </upgrade_stage>
		<upgrade_credit>TIỀN</upgrade_credit>
		<upgrade_confirm>BẠN CÓ MUỐN MUA MÓN NÂNG CẤP NÀY?</upgrade_confirm>
		<upgrade_nomoney>KHÔNG ĐỦ TIỀN</upgrade_nomoney>
		<upgrade_max>TỐI ĐA</upgrade_max>
		<result_01>Bắn hạ:</result_01>
		<result_02>Tần suất diệt:</result_02>
		<result_extra_01>Diệt 100%:</result_extra_01>
		<result_extra_02>Không tổn hại:</result_extra_02>
		<result_reward>Thưởng:</result_reward>
		<unlock>BẠN ĐÃ MỞ KHÓA:</unlock>
		<story_set_1>Một hiểm họa mới đã xuất hiện trên các vùng biển. Hãy đến đó chiến đấu với địch!</story_set_1>
		<story_set_2>Địch đã xây dựng hải quân để ngăn cản chúng ta. Hãy tiêu diệt tất cả!</story_set_2>
		<story_set_3>Chúng ta đang ở trên lãnh thổ của chúng. Tình báo báo cáo có một cỗ máy chiến tranh hạng nặng mới được phát triển trong khu vực này. Hãy cẩn thận, phi công!</story_set_3>
		<story_set_4>Địch đang chế tạo một cỗ máy chiến tranh khốc liệt khác. Hãy tìm và phá hủy nó trước khi nó đổ bộ lên lãnh thổ của chúng ta!</story_set_4>
		<story_set_5>Sau nhiều năm, chương trình không gian của chúng ta giờ có thể đưa vào hoạt động. Đã đến lúc khám phá-- 
A, trời đất!
Cái quái gì đây?!</story_set_5>
		<story_set_6>Bạn đã chọc giận người ngoài hành tinh. Chúng giờ đang tấn công hành tinh của chúng ta... và mọi người đang đối phó!
Nhắc nhở bạn lần cuối: CHIẾN ĐẤU!!!</story_set_6>
		<popup_noupgrademedal>ĐỂ LẤY MỀ ĐAY NÀY, TỐI ĐA HÓA TẤT CẢ ĐỒ NÂNG CẤP VÀ MỞ KHÓA TOÀN BỘ CẤP CỦA MÁY BAY NÀY!</popup_noupgrademedal>
		<popup_confirmmedal>CẨN THẬN! ĐỒ NÂNG CẤP VÀ MÀN CHƠI CỦA HÀNH TINH NÀY SẼ BỊ CÀI LẠI. BẠN CÓ MUỐN LẤY MỀ ĐAY NÀY?</popup_confirmmedal>
		<internetrequirement>Vui lòng kích hoạt kết nối Internet để tiếp tục.</internetrequirement>
		<credits>Gameloft
Nhóm sáng tạo HTML5 Studio SAI

Giám đốc studio
Phùng Việt Hưng

Sản xuất
Nguyễn Việt Cường
Nguyễn Hoài Nam

Thiết kế trò chơi
Nguyễn Quốc Đông
Frédéric Leger

Đồ họa
Elisio Lima Da Costa
Maxime Bondoux
Trần Duy Cường

Lập trình
Nguyễn Nguyên Vũ
Đào Ngọc Hoàng

KĐCL
Nguyễn Minh Tâm
Dương Quốc Huy
Nguyễn Duy Chinh
Trần Minh Trí

Phông chữ Akashi
Copyright © 2007-2013 Ten by Twenty.
This Font Software is licensed under the SIL Open Font License, Version 1.1.
This license is available with an FAQ at: http://scripts.sil.org/OFL</credits>
	<str_exitgame>THOÁT TRÒ CHƠI?</str_exitgame>
	</language>
	
	<language lang="fr">
		<buyfull>Acheter le jeu</buyfull>
		<playdemo>Jouer à la démo</playdemo>
		<billinginit>CHARGEMENT...</billinginit>
		<billingok>OK</billingok>
		<billingcancel>Annuler</billingcancel>
		<bilingnotavailable>Un problème est survenu avec votre facture. Veuillez vérifier votre carte SIM.</bilingnotavailable>
		<buynow>Télécharger</buynow>
		<billingtnc>Conditions générales</billingtnc>
		<billinginprocess>Veuillez patienter... Achat en cours</billinginprocess>
		<billingsuccess>Achat réussi. Amusez-vous bien !</billingsuccess>
		<billingfailed>Échec de la transaction. Voulez-vous réessayer ?</billingfailed>
		<playgame>Jouer au jeu</playgame>
		<tryagain>Réessayer</tryagain>
		<purchasecode>Code d'achat</purchasecode>
		<purchasecodetitle>Entrez le code d'achat :</purchasecodetitle>
		<unlockcodefailed>Code d'achat invalide</unlockcodefailed>
		<playdemocontent>Vous pouvez jouer à la démo sur 3 niveaux. Vous disposez d'essais illimités.\n\nInfo et Service Client :\nWWW.GAMELOFT.COM \nSUPPORT.GAMELOFT.COM</playdemocontent>
		<endleveldemocontent>Vous avez aimé ce jeu ?</endleveldemocontent>
		<mainmenu>Menu principal</mainmenu>
		<doubleconfirmtext>(PRICE) plus le prix d'un SMS standard seront ajoutés à votre facture de téléphone mobile ou déduits de votre crédit prépayé.
En sélectionnant "Acheter", vous déclarez avoir plus de 16 ans et l'autorisation du débiteur pour effectuer cet achat.</doubleconfirmtext>
		<buynowconfirm>Acheter</buynowconfirm>
		<txt_share>Partagez votre score maintenant :</txt_share>
		<txt_score>Score total : </txt_score>
		<description>Siberian Strike est un jeu de combat aérien de style rétro vous mettant face à des boss retors dans des aéronefs monstrueux. Bourré d'action, de combats palpitants et de super améliorations pour renforcer vos avions, le jeu mettra vos talents à rude épreuve tout en vous amusant.

Commandes : touchez et maintenez votre doigt sur l'écran pour contrôler l'avion. Abattez les aéronefs ennemis et évitez leurs balles. Battez les boss pour terminer les niveaux.</description>
		<skip_level>Voulez-vous passer ce niveau ?</skip_level>
		<main_hello>Bonjour, [username]</main_hello>
		<load_success>Sauvegarde chargée</load_success>
		<load>Chargement...</load>
		<save>Sauvegarde...</save>
		<saved>Partie sauvegardée</saved>
		<main_login>Connectez-vous pour sauvegarder la partie</main_login>
		<logout_popup>Se déconnecter de Facebook ?</logout_popup>
		<login_popup>Merci de vous connecter à Facebook pour sauvegarder votre progression.</login_popup>
		<fail_popup>Connexion impossible en raison d'un problème de serveur. Merci de vérifier votre connexion Internet et de réessayer plus tard.</fail_popup>
		<upgrade_item01>PUISSANCE ARME</upgrade_item01>
		<upgrade_item02>ARMURE</upgrade_item02>
		<upgrade_item03>CADENCE DE TIR</upgrade_item03>
		<upgrade_item04>BONUS</upgrade_item04>
		<upgrade_stage>NIVEAU </upgrade_stage>
		<upgrade_credit>CRÉDITS</upgrade_credit>
		<upgrade_confirm>ACHETER CETTE AMÉLIORATION ?</upgrade_confirm>
		<upgrade_nomoney>PAS ASSEZ D'ARGENT</upgrade_nomoney>
		<upgrade_max>MAX.</upgrade_max>
		<result_01>Abattus :</result_01>
		<result_02>Efficacité :</result_02>
		<result_extra_01>100 % abattus :</result_extra_01>
		<result_extra_02>Aucun dégât :</result_extra_02>
		<result_reward>Récompense :</result_reward>
		<unlock>VOUS AVEZ DÉBLOQUÉ :</unlock>
		<story_set_1>Une nouvelle menace s'est dressée au-dessus de nos mers. L'heure du combat a sonné !</story_set_1>
		<story_set_2>L'ennemi a rassemblé une flotte pour nous arrêter. Détruisez chacun de ses navires !</story_set_2>
		<story_set_3>Nous avons atteint leur territoire. On nous signale une nouvelle machine de guerre lourdement armée fabriquée dans ce secteur. Prudence, pilote !</story_set_3>
		<story_set_4>L'ennemi construit une autre machine de guerre infernale. Trouvez-la et détruisez-la avant qu'elle n'atteigne notre territoire.</story_set_4>
		<story_set_5>Après plusieurs années, notre programme spatial est enfin opérationnel. L'heure des grandes découvertes a enfin son-- 
Quoi encore ?
Qu'est-ce que c'est ?!</story_set_5>
		<story_set_6>Vous avez mis les extraterrestres en colère. Ils attaquent notre planète... et tous ses habitants !
Pour la dernière fois, mon ami : À L'ATTAQUE !</story_set_6>
		<popup_noupgrademedal>POUR OBTENIR CETTE MÉDAILLE, ATTEIGNEZ LE NIVEAU MAX. DE TOUTES LES AMÉLIORATIONS ET DÉBLOQUEZ TOUS LES NIVEAUX POUR CET AVION !</popup_noupgrademedal>
		<popup_confirmmedal>ATTENTION ! LES AMÉLIORATIONS ET LES NIVEAUX DE CET AVION SERONT RÉINITIALISÉS. OBTENIR CETTE MÉDAILLE ?</popup_confirmmedal>
		<internetrequirement>Veuillez activer votre connexion Internet pour continuer.</internetrequirement>
		<credits>Gameloft
Équipe de création HTML5 studio SAI

Manager Studio
Phùng Việt Hưng

Producteurs
Nguyễn Việt Cường
Nguyễn Hoài Nam

Game Design
Nguyễn Quốc Đông
Frédéric Leger

Graphistes
Elisio Lima Da Costa
Maxime Bondoux
Trần Duy Cường

Programmeurs
Nguyễn Nguyên Vũ
Đào Ngọc Hoàng

CQ
Nguyễn Minh Tâm
Dương Quốc Huy
Nguyễn Duy Chinh
Trần Minh Trí

Police de caractères Akashi
Copyright © 2007-2013 Ten by Twenty.
Cette police de caractères est sous licence SIL Open Font, version 1.1.
Cette licence est disponible avec une FAQ à :
http://scripts.sil.org/OFL</credits>
	<str_exitgame>QUITTER LE JEU ?</str_exitgame>
	</language>
	
	<language lang="de">
		<buyfull>Spiel kaufen</buyfull>
		<playdemo>Demoversion spielen</playdemo>
		<billinginit>LÄDT...</billinginit>
		<billingok>OK</billingok>
		<billingcancel>Abbrechen</billingcancel>
		<bilingnotavailable>Bei deiner Abrechnung ist ein Fehler aufgetreten. Überprüfe bitte deine SIM-Karte.</bilingnotavailable>
		<buynow>Jetzt holen</buynow>
		<billingtnc>Verkaufsbedingungen</billingtnc>
		<billinginprocess>Bitte warten... Dein Kauf wird getätigt</billinginprocess>
		<billingsuccess>Einkauf erfolgreich abgeschlossen. Viel Spaß beim Spielen!</billingsuccess>
		<billingfailed>Transaktion fehlgeschlagen. Willst du es erneut versuchen?</billingfailed>
		<playgame>Jetzt spielen</playgame>
		<tryagain>Erneuter Versuch</tryagain>
		<purchasecode>Einkaufscode</purchasecode>
		<purchasecodetitle>Gib deinen Code ein:</purchasecodetitle>
		<unlockcodefailed>Ungültiger Einkaufscode</unlockcodefailed>
		<playdemocontent>Du kannst mit der Demoversion 3 Level spielen. Du hast unbegrenzte Versuche.\n\nInfo und Kundenbetreuung:\nWWW.GAMELOFT.COM \nSUPPORT.GAMELOFT.COM</playdemocontent>
		<endleveldemocontent>Hat dir das Spiel gefallen?</endleveldemocontent>
		<mainmenu>Hauptmenü</mainmenu>
		<doubleconfirmtext>DER PREIS FUR DIE VOLLVERSION DIESES SPIELS BETRAGT (PRICE) + GEBUHREN FUR 1 SMS (JE NACH TARIF)</doubleconfirmtext>
		<buynowconfirm>ZAHLUNGSPFLICHTIG BESTELLEN</buynowconfirm>
		<txt_share>Teile dein Ergebnis jetzt:</txt_share>
		<txt_score>Gesamtergebnis: </txt_score>
		<description>"Siberian Strike ist ein Luftschlachtspiel im Retrostil, in dem du schwer zu schlagenden Bossen in riesigen Flugzeugen entgegentrittst. Das Spiel wird deine Fähigkeiten mit viel Action, spannenden Gefechten und coolen Upgrades, die deine Flugzeuge verstärken, auf die Probe stellen und dir massenhaft Spaß bieten.

Steuerung: Berühre und halte den Bildschirm, um das Flugzeug zu steuern. Schieße feindliche Flieger ab und weiche ihren Kugeln aus. Besiege die Bosse, um im Level aufzusteigen."</description>
		<skip_level>Möchtest du diesen Level überspringen?</skip_level>
		<main_hello>Hallo, [username]</main_hello>
		<load_success>Speicherspiel erfolgreich geladen</load_success>
		<load>Lädt…</load>
		<save>Speichert…</save>
		<saved>Spiel gespeichert</saved>
		<main_login>Melde dich an, um das Spiel zu speichern.</main_login>
		<logout_popup>Willst du dich bei Facebook abmelden?</logout_popup>
		<login_popup>Melde dich bitte bei Facebook an, um deinen Fortschritt zu speichern.</login_popup>
		<fail_popup>Verbindung konnte aufgrund eines Netzwerk- oder Server-Problems nicht hergestellt werden. Überprüfe bitte deine Internetverbindung und versuche es später erneut.</fail_popup>
		<upgrade_item01>FEUERKRAFT</upgrade_item01>
		<upgrade_item02>PANZERUNG</upgrade_item02>
		<upgrade_item03>FEUERRATE</upgrade_item03>
		<upgrade_item04>BONUS</upgrade_item04>
		<upgrade_stage>STUFE </upgrade_stage>
		<upgrade_credit>CREDIT</upgrade_credit>
		<upgrade_confirm>MÖCHTEST DU DIESES UPGRADE KAUFEN?</upgrade_confirm>
		<upgrade_nomoney>NICHT GENUG GELD</upgrade_nomoney>
		<upgrade_max>MAX.</upgrade_max>
		<result_01>Abgeschossen:</result_01>
		<result_02>Killrate:</result_02>
		<result_extra_01>100% vernichtet:</result_extra_01>
		<result_extra_02>Kein Schaden:</result_extra_02>
		<result_reward>Belohnung:</result_reward>
		<unlock>DU HAST DIES AKTIVIERT:</unlock>
		<story_set_1>Eine neue Bedrohung ist auf unseren Meeren aufgetaucht. Begib dich dorthin und greife die Gegner an!</story_set_1>
		<story_set_2>Unser Feind hat eine Seeflotte aufgeboten, um uns aufzuhalten. Zerstöre jedes einzelne Schiff!</story_set_2>
		<story_set_3>Wir sind jetzt in ihrem Gebiet. Der Geheimdienst berichtet, dass eine neue schwere Kriegsmaschine in diesem Gebiet entwickelt wurde. Sei vorsichtig, Pilot!</story_set_3>
		<story_set_4>Der Feind baut eine weitere höllische Kriegsmaschine. Finde und zerstöre sie, bevor sie unser Land erreicht!</story_set_4>
		<story_set_5>Nach vielen Jahren ist unser Raumfahrtprogramm nun voll einsatzbereit. Es ist Zeit für große Entdeck--
Verdammt!
Was ist das?!</story_set_5>
		<story_set_6>Du hast die Aliens sehr wütend gemacht. Sie greifen jetzt unseren Planeten... und alles darauf an! 
Auf zum letzten KAMPF, mein Freund!!!</story_set_6>
		<popup_noupgrademedal>AKTIVIERE ALLE UPGRADES UND ALLE LEVEL DIESES FLUGZEUGS, UM DIESE MEDAILLE ZU ERHALTEN!</popup_noupgrademedal>
		<popup_confirmmedal>SEI VORSICHTIG. DEINE UPGRADES UND LEVELS FÜR DIESES FLUGZEUG WERDEN ZURÜCKGESETZT. WILLST DU DIESE MEDAILLE?</popup_confirmmedal>
		<internetrequirement>Aktiviere bitte deine Internetverbindung, um fortzufahren.</internetrequirement>
		<credits>Gameloft
Team Creation HTML5 - Studio SAI

Studio Manager
Phùng Việt Hưng

Produktion
Nguyễn Việt Cường
Nguyễn Hoài Nam

Spieldesign
Nguyễn Quốc Đông
Frédéric Leger

Grafik
Elisio Lima Da Costa
Maxime Bondoux
Trần Duy Cường

Programmierung
Nguyễn Nguyên Vũ
Đào Ngọc Hoàng

QS
Nguyễn Minh Tâm
Dương Quốc Huy
Nguyễn Duy Chinh
Trần Minh Trí

Schriftart Akashi
Copyright © 2007-2013 Ten by Twenty.
Diese Schrift-Software ist unter der SIL-Open Font Lizenz der Version 1.1. lizenziert. 
Diese Lizenz ist mit einer FAQ hier erhältlich: http://scripts.sil.org/OFL</credits>
	<str_exitgame>SPIEL BEENDEN?</str_exitgame>
	</language>
	
	<language lang="es">
		<buyfull>Comprar el juego</buyfull>
		<playdemo>Jugar demo</playdemo>
		<billinginit>CARGANDO...</billinginit>
		<billingok>Acep.</billingok>
		<billingcancel>Cancelar</billingcancel>
		<bilingnotavailable>Ha habido un problema con la facturación. Por favor, revisa tu tarjeta SIM.</bilingnotavailable>
		<buynow>Comprar ahora</buynow>
		<billingtnc>Términos y condiciones</billingtnc>
		<billinginprocess>Por favor, espera... Compra en curso</billinginprocess>
		<billingsuccess>Compra realizada. ¡Disfruta del juego!</billingsuccess>
		<billingfailed>La transacción no se ha completado. ¿Quieres intentarlo de nuevo?</billingfailed>
		<playgame>Jugar</playgame>
		<tryagain>Intentarlo de nuevo</tryagain>
		<purchasecode>Código de compra</purchasecode>
		<purchasecodetitle>Introducir código:</purchasecodetitle>
		<unlockcodefailed>Código de compra no válido</unlockcodefailed>
		<playdemocontent>Puedes jugar tres niveles en esta versión de prueba. Tienes infinitas pruebas.\n\nInformación y atención al cliente:\nWWW.GAMELOFT.COM \nSUPPORT.GAMELOFT.COM</playdemocontent>
		<endleveldemocontent>¿Te gusta el juego?</endleveldemocontent>
		<mainmenu>Menú principal</mainmenu>
		<doubleconfirmtext>Se cargarán (PRICE) más el coste de un SMS estándar a tu factura de teléfono móvil o se deducirán de tu saldo prepago.
Al elegir Comprar ahora confirmas que eres mayor de 16 años y que tienes la autorización del pagador de la factura telefónica para realizar esta compra.</doubleconfirmtext>
		<buynowconfirm>Comprar ahora</buynowconfirm>
		<txt_share>Comparte tu puntuación:</txt_share>
		<txt_score>Puntuación total: </txt_score>
		<description>Siberian Strike es un juego de combate aéreo de estilo retro en el que te enfrentarás a jefes desafiantes en aviones gigantescos. El juego, que ofrece acción, combates emocionantes y mejoras fantásticas, pondrá a prueba tus habilidades mientras te lo pasas en grande.</description>
		<skip_level>¿Quieres omitir este nivel?</skip_level>
		<main_hello>¡Hola, [username]!</main_hello>
		<load_success>Se ha cargado la partida guardada</load_success>
		<load>Cargando...</load>
		<save>Guardando...</save>
		<saved>Partida guardada</saved>
		<main_login>Inicia sesión para guardar la partida</main_login>
		<logout_popup>¿Quieres cerrar sesión en Facebook?</logout_popup>
		<login_popup>Por favor, inicia sesión en Facebook para guardar tu progreso.</login_popup>
		<fail_popup>Conexión imposible debido a un problema de la red o del servidor. Por favor, comprueba tu conexión a Internet y vuelve a intentarlo más tarde.</fail_popup>
		<upgrade_item01>POTENCIA</upgrade_item01>
		<upgrade_item02>DEFENSA</upgrade_item02>
		<upgrade_item03>CADENCIA</upgrade_item03>
		<upgrade_item04>BONUS</upgrade_item04>
		<upgrade_stage>FASE </upgrade_stage>
		<upgrade_credit>CRÉDITOS</upgrade_credit>
		<upgrade_confirm>¿QUIERES COMPRAR ESTA MEJORA?</upgrade_confirm>
		<upgrade_nomoney>NO TIENES SUFICIENTE DINERO</upgrade_nomoney>
		<upgrade_max>MÁX.</upgrade_max>
		<result_01>Derribados:</result_01>
		<result_02>Acierto:</result_02>
		<result_extra_01>100% de derribos:</result_extra_01>
		<result_extra_02>Sin daños:</result_extra_02>
		<result_reward>Recompensa:</result_reward>
		<unlock>HAS DESBLOQUEADO:</unlock>
		<story_set_1>Ha surgido una nueva amenaza en nuestras aguas. ¡Ponte en marcha y enfréntate a los enemigos!</story_set_1>
		<story_set_2>Nuestro enemigo ha reunido una flota naval para detenernos. ¡Destruye todos sus barcos!</story_set_2>
		<story_set_3>Nos encontramos en su territorio. Sabemos que tienen una nueva máquina de guerra pesada por esta zona. ¡Ten cuidado, piloto!</story_set_3>
		<story_set_4>El enemigo está construyendo otra máquina de guerra infernal. ¡Encuéntrala y destrúyela antes de que llegue a nuestro territorio!</story_set_4>
		<story_set_5>Tras muchos años, nuestro programa espacial está en pleno funcionamiento. Es hora de desc-- 
¡¿Pero qué demonios es esto?!</story_set_5>
		<story_set_6>Has enfadado mucho a los alienígenas. Ahora están atacando nuestro planeta... ¡y a los que lo habitan!
Por última vez, amigo mío: ¡¡¡A LA BATALLA!!!</story_set_6>
		<popup_noupgrademedal>PARA OBTENER ESTA MEDALLA, MEJÓRALO TODO AL MÁXIMO Y DESBLOQUEA TODOS LOS NIVELES DE ESTE AVIÓN.</popup_noupgrademedal>
		<popup_confirmmedal>ATENCIÓN: ESTO REINICIARÁ LAS MEJORAS Y NIVELES DE ESTE AVIÓN. ¿QUIERES OBTENER LA MEDALLA?</popup_confirmmedal>
		<internetrequirement>Activa tu conexión a internet para continuar.</internetrequirement>
		<credits>Gameloft
Equipo de creación HTML5, estudio SAI

Mánager del estudio
Phùng Việt Hưng

Producción
Nguyễn Việt Cường
Nguyễn Hoài Nam

Diseño del juego
Nguyễn Quốc Đông
Frédéric Leger

Arte
Elisio Lima Da Costa
Maxime Bondoux
Trần Duy Cường

Programación
Nguyễn Nguyên Vũ
Đào Ngọc Hoàng

Gestión de calidad
Nguyễn Minh Tâm
Dương Quốc Huy
Nguyễn Duy Chinh
Trần Minh Trí

Fuente Akashi
Copyright © 2007-2013 Ten by Twenty.
Esta fuente está licenciada bajo la SIL Open Font License, versión 1.1.
La licencia está disponible junto a preguntas frecuentes en: http://scripts.sil.org/OFL</credits>
	<str_exitgame>¿SALIR DEL JUEGO?</str_exitgame>
	</language>
	
	<language lang="it">
		<buyfull>Compra il gioco</buyfull>
		<playdemo>Gioca alla demo</playdemo>
		<billinginit>CARICAMENTO...</billinginit>
		<billingok>OK</billingok>
		<billingcancel>Annulla</billingcancel>
		<bilingnotavailable>Si è verificato un problema con la fatturazione. Controlla la tua scheda SIM.</bilingnotavailable>
		<buynow>Compra il gioco</buynow>
		<billingtnc>Termini e condizioni</billingtnc>
		<billinginprocess>Attendi...  Acquisto in corso</billinginprocess>
		<billingsuccess>Acquisto riuscito. Buon divertimento!</billingsuccess>
		<billingfailed>Transazione fallita. Vuoi riprovare?</billingfailed>
		<playgame>Gioca</playgame>
		<tryagain>Riprova</tryagain>
		<purchasecode>Codice d'acquisto</purchasecode>
		<purchasecodetitle>Inserisci codice acquisto:</purchasecodetitle>
		<unlockcodefailed>Codice d'acquisto non valido</unlockcodefailed>
		<playdemocontent>Puoi giocare alla demo per 3 livelli. Hai prove illimitate.\n\nInfo e servizio clienti:\nWWW.GAMELOFT.COM \nSUPPORT.GAMELOFT.COM</playdemocontent>
		<endleveldemocontent>Ti è piaciuto il gioco?</endleveldemocontent>
		<mainmenu>Menu principale</mainmenu>
		<doubleconfirmtext>(PRICE) più il costo di un SMS verranno addebitati sulla tua bolletta o verranno dedotti dal tuo credito prepagato.
Selezionando "Compra" confermi di aver compiuto 16 anni e di avere il permesso del titolare della bolletta per effettuare l'acquisto.</doubleconfirmtext>
		<buynowconfirm>Compra</buynowconfirm>
		<txt_share>Condividi subito il tuo punteggio:</txt_share>
		<txt_score>Punti totali: </txt_score>
		<description>Siberian Strike è un gioco di battaglie aeree in stile rétro in cui affronti tostissimi boss in enormi velivoli. Ricco d'azione, battaglie emozionanti e fantastici potenziamenti per rendere più forti i tuoi aerei, questo divertentissimo gioco metterà alla prova le tue capacità.</description>
		<skip_level>Vuoi saltare questo livello?</skip_level>
		<main_hello>Salve, [username]</main_hello>
		<load_success>Salvataggio caricato</load_success>
		<load>Caricamento...</load>
		<save>Salvataggio...</save>
		<saved>Partita salvata</saved>
		<main_login>Accedi per salvare la partita</main_login>
		<logout_popup>Vuoi uscire da Facebook?</logout_popup>
		<login_popup>Accedi a Facebook per salvare i progressi.</login_popup>
		<fail_popup>Impossibile connettersi a causa di un errore con il server o con la rete. Verifica la tua connessione a internet e riprova.</fail_popup>
		<upgrade_item01>POTENZA DI FUOCO</upgrade_item01>
		<upgrade_item02>PROTEZIONE</upgrade_item02>
		<upgrade_item03>CADENZA DI FUOCO</upgrade_item03>
		<upgrade_item04>BONUS</upgrade_item04>
		<upgrade_stage>LIVELLO </upgrade_stage>
		<upgrade_credit>SALDO</upgrade_credit>
		<upgrade_confirm>VUOI COMPRARE QUESTO POTENZIAMENTO?</upgrade_confirm>
		<upgrade_nomoney>SOLDI INSUFFICIENTI</upgrade_nomoney>
		<upgrade_max>MAX</upgrade_max>
		<result_01>Eliminati:</result_01>
		<result_02>Perc. eliminati:</result_02>
		<result_extra_01>100% eliminati:</result_extra_01>
		<result_extra_02>Nessun danno:</result_extra_02>
		<result_reward>Premio:</result_reward>
		<unlock>HAI SBLOCCATO:</unlock>
		<story_set_1>Una nuova minaccia è apparsa sui nostri mari. Recati lì e affronta i nemici!</story_set_1>
		<story_set_2>Il nemico ha radunato una flotta per fermarci. Distruggila!</story_set_2>
		<story_set_3>Ora siamo nel loro territorio. I nostri informatori segnalano una nuova e potente macchina da guerra in questa zona. Fai attenzione, pilota!</story_set_3>
		<story_set_4>Il nemico sta costruendo un'altra macchina da guerra infernale. Trovala e distruggila prima che raggiunga il nostro territorio!</story_set_4>
		<story_set_5>Dopo molti anni, il nostro programma spaziale è ora totalmente operativo. Ci aspettano grandi scoperte... 
Oh, accidenti! 
Cos'è questo?!</story_set_5>
		<story_set_6>Hai fatto arrabbiare molto gli alieni lassù. Ora stanno attaccando il nostro pianeta... e tutti quelli che lo abitano! 
Per l'ultima volta: COMBATTI!</story_set_6>
		<popup_noupgrademedal>PER OTTENERE QUESTA MEDAGLIA, PORTA AL MASSIMO TUTTI I POTENZIAMENTI E SBLOCCA TUTTI I LIVELLI PER QUESTO AEREO!</popup_noupgrademedal>
		<popup_confirmmedal>ATTENZIONE; QUESTO AZZERERÀ I POTENZIAMENTI E I LIVELLI DI QUESTO AEREO. VUOI OTTENERE QUESTA MEDAGLIA?</popup_confirmmedal>
		<internetrequirement>Attiva la connessione a internet per proseguire.</internetrequirement>
		<credits>Gameloft
Squadra creazioni HTML5 studio Saigon

Esponsabile studio
Phùng Việt Hưng

Produttori
Nguyễn Việt Cường
Nguyễn Hoài Nam

Design gioco
Nguyễn Quốc Đông
Frédéric Leger

Grafica
Elisio Lima Da Costa
Maxime Bondoux
Trần Duy Cường

Programmazione
Nguyễn Nguyên Vũ
Đào Ngọc Hoàng

CQ
Nguyễn Minh Tâm
Dương Quốc Huy
Nguyễn Duy Chinh
Trần Minh Trí

Carattere Akashi
Copyright © 2007-2013 Ten by Twenty.
Questo carattere è usato secondo la licenza SIL Open Font, versione 1.1.
La licenza e le relative domande frequenti si possono trovare all'indirizzo: http://scripts.sil.org/OFL</credits>
	<str_exitgame>VUOI USCIRE?</str_exitgame>
	</language>
	
	<language lang="br">
		<buyfull>Comprar o jogo</buyfull>
		<playdemo>Jogar demo</playdemo>
		<billinginit>CARREGANDO...</billinginit>
		<billingok>OK</billingok>
		<billingcancel>Cancelar</billingcancel>
		<bilingnotavailable>Houve um problema com sua cobrança. Por favor, verifique seu SIM card.</bilingnotavailable>
		<buynow>Baixe agora</buynow>
		<billingtnc>Termos e condições</billingtnc>
		<billinginprocess>Aguarde por favor... Compra sendo processada</billinginprocess>
		<billingsuccess>Compra realizada. Divirta-se com o jogo!</billingsuccess>
		<billingfailed>Falha na transação. Deseja tentar novamente?</billingfailed>
		<playgame>Jogar</playgame>
		<tryagain>Tentar novamente</tryagain>
		<purchasecode>Código de compra</purchasecode>
		<purchasecodetitle>Insira o código:</purchasecodetitle>
		<unlockcodefailed>Código de compra inválido</unlockcodefailed>
		<playdemocontent>Você pode jogar o demo por 3 níveis. Você pode jogar quantas vezes quiser.\n\nInformação e Atendimento ao Cliente:\nWWW.GAMELOFT.COM \nSUPPORT.GAMELOFT.COM</playdemocontent>
		<endleveldemocontent>Gostou do jogo?</endleveldemocontent>
		<mainmenu>Menu principal</mainmenu>
		<doubleconfirmtext>O valor (PRICE) mais o custo padrão de 1 SMS será cobrado em sua  conta de telefonia ou debitado do seu saldo pré-pago.
Ao selecionar "comprar agora", você confirma ter mais de 16 anos de idade e a permissão da pessoa que paga a conta para fazer esta compra.</doubleconfirmtext>
		<buynowconfirm>comprar agora</buynowconfirm>
		<txt_share>Compartilhe sua pontuação agora:</txt_share>
		<txt_score>Pontuação: </txt_score>
		<description>Siberian Strike é um jogo de combate aéreo estilo retrô no qual você enfrenta chefes desafiadores em aeronaves enormes. Muita ação, combates insanos e melhorias incríveis para fazer seus aviões mais fortes. Um jogo que testará suas habilidades e proporcionará muita diversão.</description>
		<skip_level>Deseja pular esta fase?</skip_level>
		<main_hello>Olá, [username]</main_hello>
		<load_success>Jogo salvo carregado</load_success>
		<load>Carregando...</load>
		<save>Salvando...</save>
		<saved>Jogo salvo</saved>
		<main_login>Conecte-se para salvar o jogo</main_login>
		<logout_popup>Quer se desconectar do Facebook?</logout_popup>
		<login_popup>Conecte-se ao Facebook para salvar seu progresso.</login_popup>
		<fail_popup>Não foi possível se conectar devido a um problema no servidor ou na rede. Verifique sua conexão à internet e tente novamente mais tarde.</fail_popup>
		<upgrade_item01>POTÊNCIA</upgrade_item01>
		<upgrade_item02>BLINDAGEM</upgrade_item02>
		<upgrade_item03>CADÊNCIA DE TIRO</upgrade_item03>
		<upgrade_item04>BÔNUS</upgrade_item04>
		<upgrade_stage>FASE </upgrade_stage>
		<upgrade_credit>CRÉDITO</upgrade_credit>
		<upgrade_confirm>QUER COMPRAR ESTA MELHORIA?</upgrade_confirm>
		<upgrade_nomoney>SEM DINHEIRO SUFICIENTE</upgrade_nomoney>
		<upgrade_max>MÁX.</upgrade_max>
		<result_01>Derrubou:</result_01>
		<result_02>Eficácia:</result_02>
		<result_extra_01>100% de Baixas:</result_extra_01>
		<result_extra_02>Sem Dano:</result_extra_02>
		<result_reward>Recompensa:</result_reward>
		<unlock>VOCÊ DESBLOQUEOU:</unlock>
		<story_set_1>Uma nova ameaça apareceu em nossos mares. Vá até lá e enfrente os inimigos!</story_set_1>
		<story_set_2>Nossos inimigos reuniram uma frota naval para nos deter. Destrua cada um deles!</story_set_2>
		<story_set_3>Estamos agora no território deles. A inteligência relata uma nova e pesada máquina de guerra desenvolvida nesta área. Tenha cuidado, piloto!</story_set_3>
		<story_set_4>O inimigo está construindo outra máquina de guerra infernal. Você deve encontrá-la e destruí-la antes que chegue às nossas terras!</story_set_4>
		<story_set_5>Depois de muitos anos, nosso programa espacial agora está em pleno funcionamento. É hora de grandes descober... 
Ah, inferno! 
O que é isso?!</story_set_5>
		<story_set_6>Você deixou os alienígenas furiosos. Agora eles estão atacando nosso planeta... E todos que estão nele!
Pela última vez: À BATALHA!</story_set_6>
		<popup_noupgrademedal>PARA OBTER ESTA MEDALHA, FAÇA TODAS AS MELHORIAS E DESBLOQUEIE TODOS OS NÍVEIS PARA ESSE AVIÃO!</popup_noupgrademedal>
		<popup_confirmmedal>CUIDADO! ISSO VAI REDEFINIR SUAS MELHORIAS E NÍVEIS PARA ESTE AVIÃO. QUER OBTER ESTA MEDALHA?</popup_confirmmedal>
		<internetrequirement>Favor ativar sua conexão à internet para continuar.</internetrequirement>
		<credits>Gameloft
Equipe de Criação HTML5 - Estúdio SAI

Gerência do estúdio
Phùng Việt Hưng

Produção
Nguyễn Việt Cường
Nguyễn Hoài Nam

Design de jogo
Nguyễn Quốc Đông
Frédéric Leger

Arte
Elisio Lima Da Costa
Maxime Bondoux
Trần Duy Cường

Programação
Nguyễn Nguyên Vũ
Đào Ngọc Hoàng

Controle de qualidade
Nguyễn Minh Tâm
Dương Quốc Huy
Nguyễn Duy Chinh
Trần Minh Trí

Akashi Font
Copyright © 2007-2013 Ten by Twenty.
This Font Software is licensed under the SIL Open Font License, Version 1.1.
This license is available with an FAQ at: http://scripts.sil.org/OFL</credits>
	<str_exitgame>SAIR DO JOGO?</str_exitgame>
	</language>
	
	<language lang="tr">
		<buyfull>Oyunu satın al</buyfull>
		<playdemo>Demoyu oyna</playdemo>
		<billinginit>YÜKLÜYOR...</billinginit>
		<billingok>Tamam</billingok>
		<billingcancel>İptal</billingcancel>
		<bilingnotavailable>Faturalandırmanızla ilgili bir sorun oluştu. Lütfen SIM kartınızı kontrol edin.</bilingnotavailable>
		<buynow>ŞİMDİ SATIN AL</buynow>
		<billingtnc>Kullanım Koşulları</billingtnc>
		<billinginprocess>Lütfen bekleyin... Satın alma işlemi yapılıyor</billinginprocess>
		<billingsuccess>Satın alma başarılı. Güle güle oynayın!</billingsuccess>
		<billingfailed>İşlem başarısız oldu. Tekrar denemek istiyor musunuz?</billingfailed>
		<playgame>Oyunu oyna</playgame>
		<tryagain>Tekrar dene</tryagain>
		<purchasecode>Satın alma kodu</purchasecode>
		<purchasecodetitle>Satın alma kodunu girin:</purchasecodetitle>
		<unlockcodefailed>Geçersiz satın alma kodu</unlockcodefailed>
		<playdemocontent>Demoyu 3 seviye boyunca oynayabilirsin. Sınırsız deneme hakkın var.\n\nBilgi ve Müşteri Hizmetleri:\nWWW.GAMELOFT.COM \nSUPPORT.GAMELOFT.COM</playdemocontent>
		<endleveldemocontent>Oyunu sevdiniz mi?</endleveldemocontent>
		<mainmenu>Ana Menü</mainmenu>
		<doubleconfirmtext>(PRICE) ve bir standart SMS ücreti mobil telefon faturasında alınacak ya da ön ödemeli kredilerden düşülecek. "Şimdi Al" seçeneğini seçerek 16 yaş üstü olduğunuzu ve bu satın alımı gerçekleştirmek için fatura sahibinin iznini aldığınızı onaylamış olursunuz.</doubleconfirmtext>
		<buynowconfirm>Şimdi Al</buynowconfirm>
		<txt_share>Şimdi skorunu paylaş: </txt_share>
		<txt_score>Toplam Skor: </txt_score>
		<description>Siberian Strike, büyük hava araçlarında zorlu patronlarla karşı karşıya geleceğin eski tarz bir hava muharebesi oyunudur. Aksiyon, heyecan verici çatışmalar ve uçaklarını güçlendirecek harika yükseltmelerle dolu bu oyun, becerilerini sınayacak ve bol bol eğlence sunacak.</description>
		<skip_level>Bu seviyeyi geçmek istiyor musun?</skip_level>
		<main_hello>Merhaba [username]</main_hello>
		<load_success>Kayıt başarıyla yüklendi</load_success>
		<load>Yükleniyor...</load>
		<save>Kaydediliyor...</save>
		<saved>Oyun kaydedildi</saved>
		<main_login>Oyunu kaydetmek için giriş yap</main_login>
		<logout_popup>Facebook'tan çıkış yapmak istiyor musun?</logout_popup>
		<login_popup>İlerlemeni kaydetmek için lütfen Facebook'a giriş yap.</login_popup>
		<fail_popup>Bir ağ ya da sunucu sorunu nedeniyle bağlanılamıyor. Lütfen internet bağlantını kontrol edip sonra tekrar dene.</fail_popup>
		<upgrade_item01>SİLAH GÜCÜ</upgrade_item01>
		<upgrade_item02>ZIRH</upgrade_item02>
		<upgrade_item03>ATIŞ HIZI</upgrade_item03>
		<upgrade_item04>BONUS</upgrade_item04>
		<upgrade_stage>. AŞAMA</upgrade_stage>
		<upgrade_credit>KREDİ</upgrade_credit>
		<upgrade_confirm>BU YÜKSELTMEYİ SATIN ALMAK İSTİYOR MUSUN?</upgrade_confirm>
		<upgrade_nomoney>PARAN YETERSİZ</upgrade_nomoney>
		<upgrade_max>MAKS</upgrade_max>
		<result_01>Düşürülen:</result_01>
		<result_02>Öldürme Oranı:</result_02>
		<result_extra_01>%100 Öldürme:</result_extra_01>
		<result_extra_02>Sıfır Hasar:</result_extra_02>
		<result_reward>Ödül:</result_reward>
		<unlock>ŞUNUN KİLİDİNİ AÇTIN:</unlock>
		<story_set_1>Denizlerimizde yeni bir tehdit belirdi. Hemen oraya gidip düşman güçlerine saldır!</story_set_1>
		<story_set_2>Düşmanımız bizi durdurmak için koca bir filo gönderdi. Tüm filoyu yok et!</story_set_2>
		<story_set_3>Artık düşman hava hattındayız. Aldığımız istihbarata göre bu bölgede yeni bir ağır savaş makinesi üretilmekte. Dikkatli ol, pilot!</story_set_3>
		<story_set_4>Düşman, şeytani bir savaş makinesi daha üretmekte. Makine topraklarımıza ulaşmadan onu bulup yok et!</story_set_4>
		<story_set_5>Yıllar süren çalışmalar neticesinde nihayet uzay programımız devrede. Yeni ufukları keşfetmenin tam- 
Anam! Bu da nesi?!</story_set_5>
		<story_set_6>Uzaylıları çok kızdırdın. Gezegenimize... ve gezegendeki herkese saldırmaya başladılar! 
Bu defa canımız pahasına HAYDİ SAVAŞA!!!</story_set_6>
		<popup_noupgrademedal>BU MADALYA İÇİN UÇAĞIN YÜKSELTMELERİNİ MAKSİMUMA ÇIKAR VE TÜM SEVİYELERİNİ AÇ!</popup_noupgrademedal>
		<popup_confirmmedal>DİKKATLİ OL; BU UÇAK İÇİN YÜKSELTMELERİN VE SEVİYELERİN SIFIRLANACAK. BU MADALYAYI ALMAK İSTİYOR MUSUN?</popup_confirmmedal>
		<internetrequirement>Lütfen devam etmek için internet bağlantısını etkinleştir.</internetrequirement>
		<credits>Gameloft
Saygon Stüdyosu HTML5 Kreasyon Ekibi

Stüdyo Yöneticisi
Phùng Việt Hưng

Yapımcılar
Nguyễn Việt Cường
Nguyễn Hoài Nam

Oyun Tasarımı
Nguyễn Quốc Đông
Frédéric Leger

Çizim
Elisio Lima Da Costa
Maxime Bondoux
Trần Duy Cường

Programlama
Nguyễn Nguyên Vũ
Đào Ngọc Hoàng

Kalite Güvencesi
Nguyễn Minh Tâm
Dương Quốc Huy
Nguyễn Duy Chinh
Trần Minh Trí

Akashi Yazı Tipi
Telif Hakkı © 2007-2013 Ten by Twenty.
Bu yazı tipi SIL Open Font License lisansı altındadır, Sürüm 1.1.
Bu lisans bir SSS ile birlikte şurada bulunabilir: http://scripts.sil.org/OFL</credits>
	<str_exitgame>OYUNDAN ÇIK?</str_exitgame>
	</language>
	
	<language lang="ru">
		<buyfull>Купить игру</buyfull>
		<playdemo>Сыграть в демо-версию</playdemo>
		<billinginit>ЗАГРУЗКА...</billinginit>
		<billingok>ОК</billingok>
		<billingcancel>Отмена</billingcancel>
		<bilingnotavailable>Возникла проблема со снятием средств. Проверьте свою SIM-карту.</bilingnotavailable>
		<buynow>Купите сейчас</buynow>
		<billingtnc>Пользовательское соглашение</billingtnc>
		<billinginprocess>Пожалуйста, подождите... Осуществление покупки.</billinginprocess>
		<billingsuccess>Покупка выполнена. Приятной игры!</billingsuccess>
		<billingfailed>Не удалось совершить транзакцию. Повторить попытку?</billingfailed>
		<playgame>Играть в игру</playgame>
		<tryagain>Повторить попытку</tryagain>
		<purchasecode>Код покупки</purchasecode>
		<purchasecodetitle>Ввести код покупки:</purchasecodetitle>
		<unlockcodefailed>Неверный код покупки</unlockcodefailed>
		<playdemocontent>В демо-версии доступны только 3 уровня. Вы можете использовать демо-версию без ограничений.\n\nИнформация и поддержка пользователей:\nWWW.GAMELOFT.COM \nSUPPORT.GAMELOFT.COM</playdemocontent>
		<endleveldemocontent>Понравилась эта игра?</endleveldemocontent>
		<mainmenu>Главное меню</mainmenu>
		<doubleconfirmtext>С вашего баланса будет снята сумма (PRICE)  плюс стоимость обычного СМС согласно вашему тарифному плану.
Нажав "Купить", вы подтверждаете, что вам уже исполнилось 16 лет и что вы имеете право совершать покупки с помощью этого устройства.</doubleconfirmtext>
		<buynowconfirm>Купить</buynowconfirm>
		<txt_share>Опубликуйте счет:</txt_share>
		<txt_score>Общий счет: </txt_score>
		<description>Siberian Strike - это игра в стиле ретро, где вам предстоит сразиться с боссами на огромных самолетах. Вас ждет куча экшена, напряженных воздушных сражений и крутых обновлений для ваших самолетов. Эта игра проверит ваши способности и гарантирует массу удовольствия.</description>
		<skip_level>Желаете пропустить этот уровень?</skip_level>
		<main_hello>Приветствуем, [username]</main_hello>
		<load_success>Сохраненные данные загружены</load_success>
		<load>Загрузка…</load>
		<save>Сохранение...</save>
		<saved>Игра сохранена</saved>
		<main_login>Подключитесь, чтобы сохранить игру</main_login>
		<logout_popup>Хотите войти в Facebook?</logout_popup>
		<login_popup>Пожалуйста, войдите в Facebook, чтобы сохранить прогресс.</login_popup>
		<fail_popup>Не удалось подключиться из-за проблем с сетью или сервером. Пожалуйста, удостоверьтесь, что вы подключены к Интернету и повторите попытку.</fail_popup>
		<upgrade_item01>ОГОНЬ</upgrade_item01>
		<upgrade_item02>БРОНЯ</upgrade_item02>
		<upgrade_item03>СТРЕЛЬБА</upgrade_item03>
		<upgrade_item04>БОНУС</upgrade_item04>
		<upgrade_stage>УР. </upgrade_stage>
		<upgrade_credit>КРЕДИТЫ</upgrade_credit>
		<upgrade_confirm>КУПИТЬ ЭТО УЛУЧШЕНИЕ?</upgrade_confirm>
		<upgrade_nomoney>НЕ ХВАТАЕТ ДЕНЕГ</upgrade_nomoney>
		<upgrade_max>МАКС.</upgrade_max>
		<result_01>Сбитые боссы:</result_01>
		<result_02>Пораженные цели:</result_02>
		<result_extra_01>100% уничтожение:</result_extra_01>
		<result_extra_02>Без повреждений:</result_extra_02>
		<result_reward>Награда:</result_reward>
		<unlock>ВЫ ОТКРЫЛИ:</unlock>
		<story_set_1>Над морем обнаружена новая угроза. Отправляйся туда и уничтожь силы противника!</story_set_1>
		<story_set_2>Враг отправил против нас военно-морской флот. Уничтожь его!</story_set_2>
		<story_set_3>Мы над вражеской территорией. По данным разведки, здесь ведется разработка новой боевой машины. Будь осторожен, пилот!</story_set_3>
		<story_set_4>Противник ведет разработку адской военной машины. Найди ее и уничтожь, пока она еще не представляет для нас угрозу!</story_set_4>
		<story_set_5>Наконец-то наша космическая программа заработала. Настало время удивительных откры… 
Черт! Что это?!</story_set_5>
		<story_set_6>Пришельцы разбушевались. Похоже, они решили напасть на нашу планету…
В последний раз, друг мой: В БОЙ!!!</story_set_6>
		<popup_noupgrademedal>ЧТОБЫ ПОЛУЧИТЬ МЕДАЛЬ, ПРОКАЧАЙ ВСЕ УЛУЧШЕНИЯ И ОТКРОЙ ВСЕ УРОВНИ ДЛЯ ЭТОГО САМОЛЕТА!</popup_noupgrademedal>
		<popup_confirmmedal>ВНИМАНИЕ! ТЫ ПОТЕРЯЕШЬ НАГРАДЫ, А УРОВЕНЬ САМОЛЕТА БУДЕТ ОБНУЛЕН. ПОЛУЧИТЬ ЭТУ МЕДАЛЬ?</popup_confirmmedal>
		<internetrequirement>Активируйте интернет-соединение и продолжите.</internetrequirement>
		<credits>Gameloft
Сайгон, разработчики HTML5

менеджер студии
Phùng Việt Hưng

продюсеры
Nguyễn Việt Cường
Nguyễn Hoài Nam

гейм-дизайнеры
Nguyễn Quốc Đông
Frédéric Leger

художники
Elisio Lima Da Costa
Maxime Bondoux
Trần Duy Cường

программисты
Nguyễn Nguyên Vũ
Đào Ngọc Hoàng

вед. спец-ты тестирования
Nguyễn Minh Tâm
Dương Quốc Huy
Nguyễn Duy Chinh
Trần Minh Trí

Akashi Font
Copyright © 2007-2013 Ten by Twenty.
This Font Software is licensed under the SIL Open Font License, Version 1.1.
This license is available with an FAQ at: http://scripts.sil.org/OFL</credits>
	<str_exitgame>ВЫЙТИ?</str_exitgame>
	</language>
	
	<language lang="id">
		<buyfull>Beli gamenya</buyfull>
		<playdemo>Mainkan demo</playdemo>
		<billinginit>MEMUAT...</billinginit>
		<billingok>OKE</billingok>
		<billingcancel>Batal</billingcancel>
		<bilingnotavailable>Ada permasalahan pada tagihan Anda. Mohon periksa kartu SIM Anda.</bilingnotavailable>
		<buynow>Dapatkan sekarang juga</buynow>
		<billingtnc>Syarat dan Ketentuan</billingtnc>
		<billinginprocess>Mohon menunggu... Pembelian sedang diproses</billinginprocess>
		<billingsuccess>Pembelian berhasil. Selamat menikmati game ini!</billingsuccess>
		<billingfailed>Transaksi gagal. Apakah Anda ingin mencoba lagi?</billingfailed>
		<playgame>Mainkan game</playgame>
		<tryagain>Coba lagi</tryagain>
		<purchasecode>Kode pembelian</purchasecode>
		<purchasecodetitle>Masukkan kode pembelian:</purchasecodetitle>
		<unlockcodefailed>Kode pembelian tidak valid</unlockcodefailed>
		<playdemocontent>Kamu dapat memainkan demo selama 3 level. Kamu memiliki masa percobaan tidak terbatas.\n\nInfo dan Layanan Pelanggan:\nWWW.GAMELOFT.COM \nSUPPORT.GAMELOFT.COM</playdemocontent>
		<endleveldemocontent>Apakah kamu menyukai game ini?</endleveldemocontent>
		<mainmenu>Menu Utama</mainmenu>
		<doubleconfirmtext>(PRICE) ditambah biaya satu SMS bertarif standar akan dibebankan ke tagihan ponsel atau dipotong dari pulsa prabayar.\nDengan memilih "Beli Sekarang", kamu mengonfirmasikan telah berusia lebih dari 16 tahun dan memiliki izin dari pembayar tagihan untuk melakukan pembelian ini.</doubleconfirmtext>
		<buynowconfirm>Beli Sekarang</buynowconfirm>
		<txt_share>Bagikan skormu sekarang:</txt_share>
		<txt_score>Skor Total: </txt_score>
		<description>Siberian Strike adalah game pertempuran udara bergaya retro. Kamu akan menghadapi bos yang menantang dalam pesawat masif. Dengan beragam aksi, pertempuran menarik, dan peningkatan keren untuk menjadikan pesawatmu lebih kuat, game ini akan menguji keahlianmu dan memberikan keseruan yang berlimpah.</description>
		<skip_level>Apakah kamu ingin melewati level ini?</skip_level>
		<main_hello>Halo, [username]</main_hello>
		<load_success>Game Tersimpan berhasil dimuat</load_success>
		<load>Memuat...</load>
		<save>Menyimpan...</save>
		<saved>Game disimpan</saved>
		<main_login>Log in untuk menyimpan game</main_login>
		<logout_popup>Apakah kamu ingin log out dari Facebook?</logout_popup>
		<login_popup>Silakan log in ke Facebook untuk menyimpan progresmu.</login_popup>
		<fail_popup>Tidak dapat menghubungkan karena masalah jaringan atau server. Silakan periksa koneksi Internetmu dan coba lagi nanti.</fail_popup>
		<upgrade_item01>KEKUATAN SENJATA</upgrade_item01>
		<upgrade_item02>ARMOR</upgrade_item02>
		<upgrade_item03>LAJU TEMBAKAN</upgrade_item03>
		<upgrade_item04>BONUS</upgrade_item04>
		<upgrade_stage>TAHAP </upgrade_stage>
		<upgrade_credit>KREDIT</upgrade_credit>
		<upgrade_confirm>APA KAMU INGIN MEMBELI UPGRADE INI?</upgrade_confirm>
		<upgrade_nomoney>UANG TIDAK CUKUP</upgrade_nomoney>
		<upgrade_max>MAKS</upgrade_max>
		<result_01>Tembak Jatuh:</result_01>
		<result_02>Rasio Bunuh:</result_02>
		<result_extra_01>100% Terbunuh:</result_extra_01>
		<result_extra_02>Tanpa Damage:</result_extra_02>
		<result_reward>Hadiah:</result_reward>
		<unlock>KAMU TELAH MEMBUKA:</unlock>
		<story_set_1>Ancaman baru telah muncul di perairan kita. Pergilah ke sana dan serang musuh!</story_set_1>
		<story_set_2>Musuh telah mengerahkan armada laut untuk menghentikan kita. Hancurkan seluruh kapal mereka!</story_set_2>
		<story_set_3>Sekarang kita berada di teritori mereka. Kabarnya mesin perang baru tengah dikembangkan di area ini. Waspadalah, pilot!</story_set_3>
		<story_set_4>Musuh sedang membangun mesin perang lainnya. Temukan dan hancurkan sebelum musuh mencapai wilayah kita!</story_set_4>
		<story_set_5>Setelah bertahun-tahun, program luar angkasa kita akhirnya beroperasi secara penuh. Saatnya untuk penemu-- 
Astaga! Apa-apaan ini?!</story_set_5>
		<story_set_6>Kamu telah membuat para alien itu murka. Kini mereka menyerang planet kita … dan semua yang ada di dalamnya! 
Untuk kali terakhirnya, sahabatku: BERTEMPUR!!!</story_set_6>
		<popup_noupgrademedal>JADILAH LEBIH KUAT UNTUK MENDAPATKAN MEDALI INI!</popup_noupgrademedal>
		<popup_confirmmedal>TINDAKAN INI AKAN MENGATUR ULANG UPGRADE &#38; LEVEL PESAWAT. APA KAMU INGIN MERAIH MEDALI?</popup_confirmmedal>
		<internetrequirement>Aktifkan sambungan internet untuk melanjutkan.</internetrequirement>
		<credits>Gameloft
Tim Creation HTML5 Studio SAI

Manajer studio
Phùng Việt Hưng

Produser
Nguyễn Việt Cường
Nguyễn Hoài Nam

Perancang game
Nguyễn Quốc Đông
Frédéric Leger

Artis
Elisio Lima Da Costa
Maxime Bondoux
Trần Duy Cường

Programer
Nguyễn Nguyên Vũ
Đào Ngọc Hoàng

Penjamin mutu
Nguyễn Minh Tâm
Dương Quốc Huy
Nguyễn Duy Chinh
Trần Minh Trí

Akashi Font
Hak Cipta © 2007-2013 Ten oleh Twenty.
Perangkat Lunak Font terdaftar di bawah SIL Open Font License, Versi 1.1.
Lisensi tersedia dengan FAQ di: http://scripts.sil.org/OFL</credits>
	<str_exitgame>KELUAR DARI GAME?</str_exitgame>
	</language>
	
	<language lang="th">
		<buyfull>ซื้อเกม</buyfull>
		<playdemo>ลองเล่นเดโม</playdemo>
		<billinginit>กำลังโหลด...</billinginit>
		<billingok>ตกลง</billingok>
		<billingcancel>ยกเลิก</billingcancel>
		<bilingnotavailable>เกิดปัญหาในการเรียกเก็บค่าบริการ โปรดตรวจสอบซิมการ์ดของคุณ</bilingnotavailable>
		<buynow>รับทันที</buynow>
		<billingtnc>ข้อตกลงและเงื่อนไข</billingtnc>
		<billinginprocess>กรุณารอสักครู่... กำลังดำเนินการซื้ออยู่</billinginprocess>
		<billingsuccess>การซื้อประสบความสำเร็จ ขอให้สนุกกับการเล่นเกม!</billingsuccess>
		<billingfailed>ทำรายการไม่สำเร็จ ต้องการลองอีกครั้งหรือไม่</billingfailed>
		<playgame>เล่นเกม</playgame>
		<tryagain>ลองอีกครั้ง</tryagain>
		<purchasecode>รหัสการซื้อ</purchasecode>
		<purchasecodetitle>ใส่รหัสการซื้อ</purchasecodetitle>
		<unlockcodefailed>รหัสการซื้อไม่ถูกต้อง</unlockcodefailed>
		<playdemocontent>คุณสามารถเล่นเดโมได้ 3 เลเวล. คุณสามารถลองได้ไม่จำกัดครั้ง. \n\nข้อมูลและฝ่ายบริการลูกค้า:\nWWW.GAMELOFT.COM \nSUPPORT.GAMELOFT.COM</playdemocontent>
		<endleveldemocontent>คุณชอบเกมนี้หรือเปล่า</endleveldemocontent>
		<mainmenu>เมนูหลัก</mainmenu>
		<doubleconfirmtext>ค่าใช้จ่ายราคา (PRICE) และค่า SMS ในราคาปกติหนึ่งข้อความจะถูกคิดบนใบแจ้งหนี้ค่าโทรศัพท์ของคุณหรือถูกหักออกจากเครดิตที่คุณเติมไว้ล่วงหน้า
โดยการเลือก "ซื้อทันที" คุณได้ยืนยันว่าคุณมีอายุมากกว่า 16 ปีและได้รับอนุญาตจากผู้ชำระใบแจ้งหนี้ในการดำเนินการสั่งซื้อนี้แล้ว</doubleconfirmtext>
		<buynowconfirm>ซื้อทันที</buynowconfirm>
		<txt_share>แชร์คะแนนของคุณเลย:</txt_share>
		<txt_score>คะแนนรวม:  </txt_score>
		<description>Siberian Strike คือเกมต่อสู้ทางอากาศแนวย้อนยุคที่ให้คุณได้เผชิญหน้ากับบอสตัวฉกาจมากมายในอากาศยานขนาดมหึมา ด้วยแอ็คชั่นจัดเต็ม การต่อสู้สุดเร้าใจ และอัพเกรดเจ๋ง ๆ ที่จะทำให้เครื่องบินของคุณแข็งแกร่งขึ้น เกมนี้จะทดสอบทักษะของคุณ พร้อมมอบความสนุกสุดเหวี่ยง</description>
		<skip_level>คุณต้องการข้ามเลเวลนี้หรือไม่</skip_level>
		<main_hello>สวัสดี [username]</main_hello>
		<load_success>โหลดบันทึกสำเร็จ</load_success>
		<load>กำลังโหลด...</load>
		<save>กำลังบันทึก...</save>
		<saved>บันทึกเกมแล้ว</saved>
		<main_login>ล็อกอินเพื่อบันทึกเกม</main_login>
		<logout_popup>
คุณต้องการล็อกเอาท์ออกจาก Facebook หรือไม่</logout_popup>
		<login_popup>
โปรดล็อกอินเข้าสู่ Facebook เพื่อบันทึกความคืบหน้าของคุณ</login_popup>
		<fail_popup>
ไม่สามารถเชื่อมต่อได้เนื่องจากปัญหาทางเครือข่ายหรือ|เซิร์ฟเวอร์ โปรดตรวจสอบการเชื่อมต่ออินเทอร์เน็ตของ|คุณ และลองใหม่อีกครั้งในภายหลัง</fail_popup>
		<upgrade_item01>พลังปืน</upgrade_item01>
		<upgrade_item02>เกราะ</upgrade_item02>
		<upgrade_item03>อัตราการยิง</upgrade_item03>
		<upgrade_item04>โบนัส</upgrade_item04>
		<upgrade_stage>ระดับ </upgrade_stage>
		<upgrade_credit>เครดิต</upgrade_credit>
		<upgrade_confirm>
ต้องการซื้ออัพเกรดนี้หรือไม่</upgrade_confirm>
		<upgrade_nomoney>
มีเงินไม่พอ</upgrade_nomoney>
		<upgrade_max>สูงสุด</upgrade_max>
		<result_01>ยิงร่วง:</result_01>
		<result_02>อัตราสังหาร:</result_02>
		<result_extra_01>สังหาร 100%:</result_extra_01>
		<result_extra_02>ไม่เสียหาย:</result_extra_02>
		<result_reward>รางวัล:</result_reward>
		<unlock>
คุณได้ปลดล็อค:</unlock>
		<story_set_1>ภัยคุกคามใหม่ปรากฏขึ้นในน่านน้ำของเรา ออกไปจัดการศัตรูพวกนั้นเลย!</story_set_1>
		<story_set_2>ศัตรูตั้งกองเรือรบขึ้นมาหยุดเรา ทำลายพวกมันให้สิ้นซากเลย!</story_set_2>
		<story_set_3>ตอนนี้เราอยู่ในเขตแดนของพวกมันแล้ว 
หน่วยข่าวกรองรายงานว่าศัตรูพัฒน
าเครื่องจักรสงครามหนักในบริเวณนี้
ระวังตัวด้วยนะนักบิน!</story_set_3>
		<story_set_4>ศัตรูกำลังสร้างเครื่องจักรสงครามอันโหดเหี้ยม
ขึ้นอีกลำ ค้นหาและทำลายมันให้ได้ก่อนที่
มันจะมาถึงดินแดนของเรา!</story_set_4>
		<story_set_5>หลังจากใช้เวลาหลายปี โครงการอวกาศของ
เราก็ทำงานได้เต็มระบบแล้ว ได้เวลาสำหรับ
การค้นพบครั้งให-- 
โอ๊ย บ้าเอ๊ย! นี่มันอะไรเนี่ย?!</story_set_5>
		<story_set_6>คุณทำให้พวกเอเลี่ยนโกรธมาก ตอนนี้พวกมันกำลังโจมตีโลกของเรา... และทุกคนบนโลกด้วย! 
ออกรบครั้งสุดท้ายเลยสหาย!!!</story_set_6>
		<popup_noupgrademedal>
อัพเกรดทุกอย่างให้สูงสุด และปลดล็อคภารกิจทุกภารกิจสำหรับเครื่องบินลำนี้ เพื่อรับเหรียญนี้!</popup_noupgrademedal>
		<popup_confirmmedal>
โปรดระวัง คำสั่งนี้จะรีเซ็ตอัพเกรดและเลเวลของเครื่องบินลำนี้ คุณต้องการรับเหรียญนี้หรือไม่</popup_confirmmedal>
		<internetrequirement>โปรดเปิดใช้การเชื่อมต่ออินเทอร์เน็ต เพื่อดำเนินการต่อ</internetrequirement>
		<credits>Gameloft
ทีมสร้างเกม HTML5 สตูดิโอ SAI

ผู้จัดการสตูดิโอ
Phùng Việt Hưng

โปรดิวเซอร์
Nguyễn Việt Cường
Nguyễn Hoài Nam

ฝ่ายออกแบบเกม
Nguyễn Quốc Đông
Frédéric Leger

ฝ่ายศิลป์
Elisio Lima Da Costa
Maxime Bondoux
Trần Duy Cường

โปรแกรมเมอร์
Nguyễn Nguyên Vũ
Đào Ngọc Hoàng

ฝ่ายรับรองคุณภาพ
Nguyễn Minh Tâm
Dương Quốc Huy
Nguyễn Duy Chinh
Trần Minh Trí

ฟอนต์ Akashi
ลิขสิทธิ์ © 2007-2013 Ten by Twenty
ซอฟต์แวร์ฟอนต์นี้ได้รับอนุญาตภายใต้ SIL Open Font License เวอร์ชั่น 1.1 
สามารถดูสัญญาอนุญาตพร้อมคำถามที่พบบ่อยได้ที่: http://scripts.sil.org/OFL</credits>
	<str_exitgame>ออก|จาก|เกม|หรือไม่</str_exitgame>
	</language>
	
	<language lang="tw">
		<buyfull>購買遊戲</buyfull>
		<playdemo>體驗試玩版</playdemo>
		<billinginit>載入中...</billinginit>
		<billingok>確定</billingok>
		<billingcancel>取消</billingcancel>
		<bilingnotavailable>結帳時發生錯誤。請檢查您的SIM卡。</bilingnotavailable>
		<buynow>立即獲得</buynow>
		<billingtnc>條款和條件</billingtnc>
		<billinginprocess>請稍候... 購買處理中</billinginprocess>
		<billingsuccess>購買成功。 盡情享受遊戲！</billingsuccess>
		<billingfailed>交易失敗。您想再試一次嗎？</billingfailed>
		<playgame>開始遊戲</playgame>
		<tryagain>再試一次</tryagain>
		<purchasecode>購買碼</purchasecode>
		<purchasecodetitle>輸入購買代碼:</purchasecodetitle>
		<unlockcodefailed>無效的購買碼</unlockcodefailed>
		<playdemocontent>您可以在試玩版 中試玩3個關卡。 您可以無限試玩。\n\n資訊與客戶服務：\nWWW.GAMELOFT.COM \nSUPPORT.GAMELOFT.COM</playdemocontent>
		<endleveldemocontent>您喜歡此遊戲嗎？</endleveldemocontent>
		<mainmenu>主選單</mainmenu>
		<doubleconfirmtext>(PRICE) plus the cost of one standard-rate SMS will be charged to your mobile phone bill or deducted from your prepaid credit.
By selecting "Buy Now" you confirm that you are over the age of 16 and have the bill payer's permission to make this purchase.</doubleconfirmtext>
		<buynowconfirm>Buy Now</buynowconfirm>
		<txt_share>立即分享分數：</txt_share>
		<txt_score>總分： </txt_score>
		<description>《冷地空襲》是一款復古的空中戰鬥遊戲，駕駛巨大飛行器的敵人將迎面而來，使盡全力應戰吧！你還可以升級以讓飛機更加強大，趕快來考驗自己的飛行技術，刺激十足的挑戰絕對讓你玩到欲罷不能！</description>
		<skip_level>你想跳過此關卡嗎？</skip_level>
		<main_hello>你好，[username]！</main_hello>
		<load_success>已成功載入存檔</load_success>
		<load>載入中...</load>
		<save>儲存中...</save>
		<saved>遊戲已存檔</saved>
		<main_login>登入以儲存遊戲進度</main_login>
		<logout_popup>你想要登出Facebook嗎？</logout_popup>
		<login_popup>請登入Facebook以儲存你的進度</login_popup>
		<fail_popup>因發生網路或伺服器問題而無法連線|請檢查你的網路連線並稍後再試</fail_popup>
		<upgrade_item01>火力</upgrade_item01>
		<upgrade_item02>防護</upgrade_item02>
		<upgrade_item03>射速</upgrade_item03>
		<upgrade_item04>加成</upgrade_item04>
		<upgrade_stage>等級</upgrade_stage>
		<upgrade_credit>額度</upgrade_credit>
		<upgrade_confirm>你想要購買這項升級嗎？</upgrade_confirm>
		<upgrade_nomoney>額度不足</upgrade_nomoney>
		<upgrade_max>最高級</upgrade_max>
		<result_01>擊落數：</result_01>
		<result_02>擊殺率：</result_02>
		<result_extra_01>全數殲滅：</result_extra_01>
		<result_extra_02>無損害：</result_extra_02>
		<result_reward>獎勵:</result_reward>
		<unlock>你解鎖了：</unlock>
		<story_set_1>我們的海岸出現了新的威脅。
立即前往對抗敵人！</story_set_1>
		<story_set_2>敵人派出了海軍戰艦來攻擊我們。
將它們通通摧毀！</story_set_2>
		<story_set_3>我們現在進入了敵方領地。
情報顯示這裡已開發出強大的戰爭機器。
飛行員，請多加小心！</story_set_3>
		<story_set_4>敵人正在建造另一台可怕的戰爭機器。
找到它並進行破壞，
以免它登陸我方領土！</story_set_4>
		<story_set_5>在歷經多年規劃，我們終於可以執行我們
的太空計畫了。是時候來場大冒...
噢，天啊！這是什麼？！</story_set_5>
		<story_set_6>你把那些外星人惹火了。
他們即將攻擊我們的星球...和所有人類！
朋友啊，準備拼死一戰吧！</story_set_6>
		<popup_noupgrademedal>將這架飛機的所有升級提升至最高級
並解鎖其所有關卡以獲得此勳章！</popup_noupgrademedal>
		<popup_confirmmedal>
此動作會重置這架飛機的
升級項目與等級
你仍想入手此勳章嗎？</popup_confirmmedal>
		<internetrequirement>請啟動您的網際網路連線以繼續。</internetrequirement>
		<credits>Gameloft
西貢工作室HTML5創意團隊

工作室經理
Phùng Việt Hưng

製作人
Nguyễn Việt Cường
Nguyễn Hoài Nam

遊戲企劃小組
Nguyễn Quốc Đông
Frédéric Leger

美術小組
Elisio Lima Da Costa
Maxime Bondoux
Trần Duy Cường

程式設計小組
Nguyễn Nguyên Vũ
Đào Ngọc Hoàng

品保小組
Nguyễn Minh Tâm
Dương Quốc Huy
Nguyễn Duy Chinh
Trần Minh Trí

Akashi 字型
版權所有 © 2007-2013 Ten by Twenty.
此字型軟體經 SIL Open Font License 1.1 版授權。
該授權資訊及常見問題可於下列網址查看：
http://scripts.sil.org/OFL</credits>
	<str_exitgame>退出遊戲？</str_exitgame>
	</language>
	
	<language lang="cn">
		<buyfull>购买游戏</buyfull>
		<playdemo>玩试玩版</playdemo>
		<billinginit>正在载入...</billinginit>
		<billingok>确定</billingok>
		<billingcancel>取消</billingcancel>
		<bilingnotavailable>付款时出现问题。请检查您的SIM卡。</bilingnotavailable>
		<buynow>立即获得</buynow>
		<billingtnc>条款和条件</billingtnc>
		<billinginprocess>请稍候... 购买处理中</billinginprocess>
		<billingsuccess>购买成功。 祝您游戏愉快！</billingsuccess>
		<billingfailed>交易失败。是否重试？</billingfailed>
		<playgame>开始游戏</playgame>
		<tryagain>重试</tryagain>
		<purchasecode>购买码</purchasecode>
		<purchasecodetitle>输入购买代码:</purchasecodetitle>
		<unlockcodefailed>购买码无效</unlockcodefailed>
		<playdemocontent>您可以试玩3个关卡。 您拥有无限的试玩次数。\n\n信息与客户服务：\nWWW.GAMELOFT.COM \nSUPPORT.GAMELOFT.COM</playdemocontent>
		<endleveldemocontent>您喜欢此游戏吗？</endleveldemocontent>
		<mainmenu>主菜单</mainmenu>
		<doubleconfirmtext>(PRICE) plus the cost of one standard-rate SMS will be charged to your mobile phone bill or deducted from your prepaid credit.
By selecting "Buy Now" you confirm that you are over the age of 16 and have the bill payer's permission to make this purchase.</doubleconfirmtext>
		<buynowconfirm>Buy Now</buynowconfirm>
		<txt_share>立即分享您的分数:</txt_share>
		<txt_score>总分： </txt_score>
		<description>Siberian Strike是一款复古风的空战游戏，在这款游戏中您要挑战驾驶各种飞行器的众多敌人。你可以畅享高密度操作、精彩刺激的战斗带来的乐趣，还可以利用酷炫的升级让你的飞机变得更强大。这款游戏不仅挑战你的技术，还为你带来无限乐趣。</description>
		<skip_level>确定要跳过该关卡吗？</skip_level>
		<main_hello>你好，[username]</main_hello>
		<load_success>存档已成功载入</load_success>
		<load>正在加载……</load>
		<save>正在保存……</save>
		<saved>游戏已保存</saved>
		<main_login>登录以保存游戏</main_login>
		<logout_popup>你想要注销Facebook吗？</logout_popup>
		<login_popup>请登录Facebook，以保存你的进度。</login_popup>
		<fail_popup>由于网络或服务器问题，无法连接。|请检查你的网络连接，并稍后重试。</fail_popup>
		<upgrade_item01>火力</upgrade_item01>
		<upgrade_item02>装甲</upgrade_item02>
		<upgrade_item03>射速</upgrade_item03>
		<upgrade_item04>额外奖励</upgrade_item04>
		<upgrade_stage>等级 </upgrade_stage>
		<upgrade_credit>赏金</upgrade_credit>
		<upgrade_confirm>您要购买这项升级吗？</upgrade_confirm>
		<upgrade_nomoney>赏金不足</upgrade_nomoney>
		<upgrade_max>最高级</upgrade_max>
		<result_01>击毁：</result_01>
		<result_02>击毁率：</result_02>
		<result_extra_01>全歼：</result_extra_01>
		<result_extra_02>无伤：</result_extra_02>
		<result_reward>奖励:</result_reward>
		<unlock>您已解锁：</unlock>
		<story_set_1>新的威胁出现在我们的领海上空。立即前去迎击敌人！</story_set_1>
		<story_set_2>敌人派遣了一只海军舰队来阻止我们。破坏所有舰船！</story_set_2>
		<story_set_3>我们已经进入他们的域内。情报显示该区域内正在进行一台重型战争机器的开发。小心了，飞行员！</story_set_3>
		<story_set_4>敌人正在制造另一台可怕的战争机器。找到它，并在它踏上我们的领土前摧毁它！</story_set_4>
		<story_set_5>经过了这么多年，我们的航天工程现在终于完工了。现在就让我们去探索……
哇，天啊！这是什么？！</story_set_5>
		<story_set_6>你让外星人大为光火。它们开始攻打我们了……保护地球，人人有责！
那么，我的朋友，最终决战就在眼前：战斗吧！</story_set_6>
		<popup_noupgrademedal>如要获得这块奖牌，你需要将所有可升级项升至最高级，并且解锁这架飞机的所有关卡！</popup_noupgrademedal>
		<popup_confirmmedal>小心；这会让你失去对这架飞机进行的提升和升级。你确定要获取这块奖牌吗？</popup_confirmmedal>
		<internetrequirement>请启用您的网络连接以继续。</internetrequirement>
		<credits>Gameloft
西贡工作室HTML5创作团队

工作室经理
Phùng Việt Hưng

制作人
Nguyễn Việt Cường
Nguyễn Hoài Nam

游戏策划
Nguyễn Quốc Đông
Frédéric Leger

美术
Elisio Lima Da Costa
Maxime Bondoux
Trần Duy Cường

程序
Nguyễn Nguyên Vũ
Đào Ngọc Hoàng

测试
Nguyễn Minh Tâm
Dương Quốc Huy
Nguyễn Duy Chinh
Trần Minh Trí

Akashi字体
Copyright © 2007-2013 Ten by Twenty.
该字体软件遵照SIL开源字体许可1.1版许可授权。
该许可及常见问题详见：
http://scripts.sil.org/OFL</credits>
	<str_exitgame>退出游戏？</str_exitgame>
	</language>
	
	<!--update 08/09/2017-->
	
</loc>