{
	"TryAndBuyMenu_LO" : {
		"default": "btnBuyFullVersion",		
		"btnBuyFullVersion" : {"up": "", "down": "btnPlayDemo", "left": "btnLanguage", "right": ""},
		"btnLanguage" : {"up": "", "down": "btnSound", "left": "", "right": "btnBuyFullVersion"},
		"btnSound" : {"up": "btnLanguage", "down": "btnCC", "left": "", "right": "btnPlayDemo"},
		"btnCC" : {"up": "btnSound", "down": "", "left": "", "right": "btnPlayDemo"},
		"btnPlayDemo" : {"up": "btnBuyFullVersion", "down": "btnUnlockCode", "left": "btnSound", "right": ""},
		"btnUnlockCode" : {"up": "btnPlayDemo", "down": "", "left": "", "right": ""},
		"btnDialogPositive" : {"up": "", "down": "btnDialogNegative", "left": "", "right": ""},
		"btnDialogNegative" : {"up": "btnDialogPositive", "down": "", "left": "", "right": ""},
		"btnCheckCode" : {"up": "tbUnlockCode", "down": "", "left": "", "right": ""},
		"tbUnlockCode" : {"up": "", "down": "btnCheckCode", "left": "", "right": ""}
	}
}