﻿<loc>
	<language lang="en">
		<buyfull>Buy the game</buyfull>
		<playdemo>Play demo</playdemo>
		<billinginit>LOADING...</billinginit>
		<billingok>OK</billingok>
		<billingcancel>CANCEL</billingcancel>
		<bilingnotavailable>There was a problem with your billing. \nPlease check your SIM card.</bilingnotavailable>
		<buynow>Get it now</buynow>
		<billingtnc>Terms and Conditions</billingtnc>
		<billinginprocess>Please wait... Purchase in progress</billinginprocess>
		<billingsuccess>Purchase successful. Enjoy the game!</billingsuccess>
		<billingfailed>Transaction failed. \nDo you want to try again?</billingfailed>
		<playgame>Play the game</playgame>
		<tryagain>Try again</tryagain>
		<purchasecode>Purchase code</purchasecode>
		<purchasecodetitle>Enter purchase code:</purchasecodetitle>
		<unlockcodefailed>Invalid purchase code</unlockcodefailed>
		<playdemocontent>You can play the demo for 3 levels. You have unlimited trials.\n\nInfo and customer care:\nWWW.GAMELOFT.COM \nSUPPORT.GAMELOFT.COM</playdemocontent>
		<endleveldemocontent>Did you like the game?</endleveldemocontent>
		<mainmenu>Main menu</mainmenu>
		<doubleconfirmtext>(PRICE) plus the cost of one standard-rate SMS will be charged to your mobile phone bill or deducted from your prepaid credit.
By selecting "Buy Now" you confirm that you are over the age of 16 and have the bill payer's permission to make this purchase.</doubleconfirmtext>
		<doubleconfirmtext_en>(PRICE) plus the cost of one standard-rate SMS will be charged to your mobile phone bill or deducted from your prepaid credit.
By selecting "Buy Now" you confirm that you are over the age of 16 and have the bill payer's permission to make this purchase.</doubleconfirmtext_en>
		<doubleconfirmtext_de>DER PREIS FUR DIE VOLLVERSION DIESES SPIELS BETRAGT (PRICE) + GEBUHREN FUR 1 SMS (JE NACH TARIF)</doubleconfirmtext_de>
		<buynowconfirm>Buy Now</buynowconfirm>
		<buynowconfirm_en>Buy Now</buynowconfirm_en>
		<buynowconfirm_de>ZAHLUNGSPFLICHTIG BESTELLEN</buynowconfirm_de>
		<exit>EXIT</exit>
		<trial_expired_notice>We are sorry, but you reached the trial limit for this demo. Buy the game to enjoy without restrictions!</trial_expired_notice>
		<internetrequirement>Please activate your Internet connection in order to continue.</internetrequirement>
	</language>
	
	<language lang="vi">
		<buyfull>Mua trò chơi</buyfull>
		<playdemo>Chơi thử</playdemo>
		<billinginit>Xin đợi...</billinginit>
		<billingok>OK</billingok>
		<billingcancel>Hủy</billingcancel>
		<bilingnotavailable>Quá trình thanh toán của bạn gặp vấn đề. Xin kiểm tra thẻ SIM của bạn.</bilingnotavailable>
		<buynow>Lấy ngay</buynow>
		<billingtnc>Điều khoản và Điều kiện</billingtnc>
		<billinginprocess>Xin đợi... Hàng mua đang xử lý.</billinginprocess>
		<billingsuccess>Mua thành công. Hãy thưởng thức trò chơi!</billingsuccess>
		<billingfailed>Giao dịch thất bại. Bạn có muốn thử lại?</billingfailed>
		<playgame>Chơi trò chơi</playgame>
		<tryagain>Thử lại</tryagain>
		<purchasecode>Mã mua hàng</purchasecode>
		<purchasecodetitle>Nhập mã mua hàng:</purchasecodetitle>
		<unlockcodefailed>Mã mua hàng không hợp lệ</unlockcodefailed>
		<playdemocontent>Bạn có thể chơi phiên bản chơi thử trong 3 màn. Bạn có bản chơi thử không giới hạn.\n\nThông tin và Chăm sóc Khách hàng:\nWWW.GAMELOFT.COM \nSUPPORT.GAMELOFT.COM</playdemocontent>
		<endleveldemocontent>Bạn có thích trò chơi không?</endleveldemocontent>
		<mainmenu>Menu Chính</mainmenu>
		<doubleconfirmtext>(PRICE) cộng với giá của một tin SMS loại tiêu chuẩn sẽ được tính trong hóa đơn điện thoại di động hoặc trừ vào số tiền trả trước của bạn.
Bằng cách chọn "Mua ngay", đồng nghĩa với việc bạn xác nhận là bạn trên 16 tuổi và có sự cho phép của người trả hóa đơn để mua món đồ này.</doubleconfirmtext>
		<doubleconfirmtext_en>(PRICE) plus the cost of one standard-rate SMS will be charged to your mobile phone bill or deducted from your prepaid credit.
By selecting "Buy Now" you confirm that you are over the age of 16 and have the bill payer's permission to make this purchase.</doubleconfirmtext_en>
		<doubleconfirmtext_de>DER PREIS FUR DIE VOLLVERSION DIESES SPIELS BETRAGT (PRICE) + GEBUHREN FUR 1 SMS (JE NACH TARIF)</doubleconfirmtext_de>
		<buynowconfirm>Mua ngay</buynowconfirm>
		<buynowconfirm_en>Buy Now</buynowconfirm_en>
		<buynowconfirm_de>ZAHLUNGSPFLICHTIG BESTELLEN</buynowconfirm_de>
		<exit>EXIT</exit>
		<trial_expired_notice>We are sorry, but you reached the trial limit for this demo. Buy the game to enjoy without restrictions!</trial_expired_notice>
		<internetrequirement>Vui lòng kích hoạt kết nối Internet để tiếp tục.</internetrequirement>
	</language>
	<language lang="fr">
		<buyfull>Acheter le jeu</buyfull>
		<playdemo>Jouer à la démo</playdemo>
		<billinginit>CHARGEMENT...</billinginit>
		<billingok>OK</billingok>
		<billingcancel>Annuler</billingcancel>
		<bilingnotavailable>Un problème est survenu avec votre facture. Veuillez vérifier votre carte SIM.</bilingnotavailable>
		<buynow>Télécharger</buynow>
		<billingtnc>Conditions générales</billingtnc>
		<billinginprocess>Veuillez patienter... Achat en cours</billinginprocess>
		<billingsuccess>Achat réussi. Amusez-vous bien !</billingsuccess>
		<billingfailed>Échec de la transaction. Voulez-vous réessayer ?</billingfailed>
		<playgame>Jouer au jeu</playgame>
		<tryagain>Réessayer</tryagain>
		<purchasecode>Code d'achat</purchasecode>
		<purchasecodetitle>Entrez le code d'achat:</purchasecodetitle>
		<unlockcodefailed>Code d'achat invalide</unlockcodefailed>
		<playdemocontent>Vous pouvez jouer à la démo sur 3 niveaux. Vous disposez 'essais illimités.\n\nInfo et Service Client:\nWWW.GAMELOFT.COM \nSUPPORT.GAMELOFT.COM</playdemocontent>
		<endleveldemocontent>Vous avez aimé ce jeu ?</endleveldemocontent>
		<mainmenu>Menu principal</mainmenu>
		<doubleconfirmtext>(PRICE) plus le prix d'un SMS standard seront ajoutés à votre facture de téléphone mobile ou déduits de votre crédit prépayé.
En sélectionnant "Acheter", vous déclarez avoir plus de 16 ans et l'autorisation du débiteur pour effectuer cet achat.</doubleconfirmtext>
		<doubleconfirmtext_en>(PRICE) plus the cost of one standard-rate SMS will be charged to your mobile phone bill or deducted from your prepaid credit.
By selecting "Buy Now" you confirm that you are over the age of 16 and have the bill payer's permission to make this purchase.</doubleconfirmtext_en>
		<doubleconfirmtext_de>DER PREIS FUR DIE VOLLVERSION DIESES SPIELS BETRAGT (PRICE) + GEBUHREN FUR 1 SMS (JE NACH TARIF)</doubleconfirmtext_de>
		<buynowconfirm>Acheter</buynowconfirm>
		<buynowconfirm_en>Buy Now</buynowconfirm_en>
		<buynowconfirm_de>ZAHLUNGSPFLICHTIG BESTELLEN</buynowconfirm_de>
		<exit>EXIT</exit>
		<trial_expired_notice>We are sorry, but you reached the trial limit for this demo. Buy the game to enjoy without restrictions!</trial_expired_notice>
		<internetrequirement>Veuillez activer votre connexion Internet pour continuer.</internetrequirement>
	</language>
	
	<language lang="de">
		<buyfull>Spiel kaufen</buyfull>
		<playdemo>Demoversion spielen</playdemo>
		<billinginit>LÄDT...</billinginit>
		<billingok>OK</billingok>
		<billingcancel>Abbrechen</billingcancel>
		<bilingnotavailable>Bei deiner Abrechnung ist ein Fehler aufgetreten. Überprüfe bitte deine SIM-Karte.</bilingnotavailable>
		<buynow>Jetzt holen</buynow>
		<billingtnc>Verkaufsbedingungen</billingtnc>
		<billinginprocess>Bitte warten... Dein Kauf wird getätigt</billinginprocess>
		<billingsuccess>Einkauf erfolgreich abgeschlossen. Viel Spaß beim Spielen!</billingsuccess>
		<billingfailed>Transaktion fehlgeschlagen. Willst du es erneut versuchen?</billingfailed>
		<playgame>Jetzt spielen</playgame>
		<tryagain>Erneuter Versuch</tryagain>
		<purchasecode>Einkaufscode</purchasecode>
		<purchasecodetitle>Gib deinen Code ein:</purchasecodetitle>
		<unlockcodefailed>Ungültiger Einkaufscode</unlockcodefailed>
		<playdemocontent>Du kannst mit der Demoversion 3 Level spielen. Du hast unbegrenzte Versuche.\n\nInfo und Kundenbetreuung:\nWWW.GAMELOFT.COM \nSUPPORT.GAMELOFT.COM</playdemocontent>
		<endleveldemocontent>Hat dir das Spiel gefallen?</endleveldemocontent>
		<mainmenu>Hauptmenü</mainmenu>
		<doubleconfirmtext>DER PREIS FUR DIE VOLLVERSION DIESES SPIELS BETRAGT (PRICE) + GEBUHREN FUR 1 SMS (JE NACH TARIF)</doubleconfirmtext>
		<doubleconfirmtext_en>(PRICE) plus the cost of one standard-rate SMS will be charged to your mobile phone bill or deducted from your prepaid credit.
By selecting "Buy Now" you confirm that you are over the age of 16 and have the bill payer's permission to make this purchase.</doubleconfirmtext_en>
		<doubleconfirmtext_de>DER PREIS FUR DIE VOLLVERSION DIESES SPIELS BETRAGT (PRICE) + GEBUHREN FUR 1 SMS (JE NACH TARIF)</doubleconfirmtext_de>
		<buynowconfirm>ZAHLUNGSPFLICHTIG BESTELLEN</buynowconfirm>
		<buynowconfirm_en>Buy Now</buynowconfirm_en>
		<buynowconfirm_de>ZAHLUNGSPFLICHTIG BESTELLEN</buynowconfirm_de>
		<exit>EXIT</exit>
		<trial_expired_notice>We are sorry, but you reached the trial limit for this demo. Buy the game to enjoy without restrictions!</trial_expired_notice>
		<internetrequirement>Aktiviere bitte deine Internetverbindung, um fortzufahren.</internetrequirement>
	</language>
	
	<language lang="es">
		<buyfull>Comprar el juego</buyfull>
		<playdemo>Jugar demo</playdemo>
		<billinginit>CARGANDO...</billinginit>
		<billingok>Acep.</billingok>
		<billingcancel>Cancelar</billingcancel>
		<bilingnotavailable>Ha habido un problema con la facturación. Por favor, revisa tu tarjeta SIM.</bilingnotavailable>
		<buynow>Comprar ahora</buynow>
		<billingtnc>Términos y condiciones</billingtnc>
		<billinginprocess>Por favor, espera... Compra en curso</billinginprocess>
		<billingsuccess>Compra realizada. ¡Disfruta del juego!</billingsuccess>
		<billingfailed>La transacción no se ha completado. ¿Quieres intentarlo de nuevo?</billingfailed>
		<playgame>Jugar</playgame>
		<tryagain>Intentarlo de nuevo</tryagain>
		<purchasecode>Código de compra</purchasecode>
		<purchasecodetitle>Introducir código:</purchasecodetitle>
		<unlockcodefailed>Código de compra no válido</unlockcodefailed>
		<playdemocontent>Puedes jugar tres niveles en esta versión de prueba. Tienes infinitas pruebas.\n\nInformación y atención al cliente:\nWWW.GAMELOFT.COM \nSUPPORT.GAMELOFT.COM</playdemocontent>
		<endleveldemocontent>¿Te gusta el juego?</endleveldemocontent>
		<mainmenu>Menú principal</mainmenu>
		<doubleconfirmtext>Se cargarán (PRICE) más el coste de un SMS estándar a tu factura de teléfono móvil o se deducirán de tu saldo prepago.
Al elegir Comprar ahora confirmas que eres mayor de 16 años y que tienes la autorización del pagador de la factura telefónica para realizar esta compra.</doubleconfirmtext>
		<doubleconfirmtext_en>(PRICE) plus the cost of one standard-rate SMS will be charged to your mobile phone bill or deducted from your prepaid credit.
By selecting "Buy Now" you confirm that you are over the age of 16 and have the bill payer's permission to make this purchase.</doubleconfirmtext_en>
		<doubleconfirmtext_de>DER PREIS FUR DIE VOLLVERSION DIESES SPIELS BETRAGT (PRICE) + GEBUHREN FUR 1 SMS (JE NACH TARIF)</doubleconfirmtext_de>
		<buynowconfirm>Comprar ahora</buynowconfirm>
		<buynowconfirm_en>Buy Now</buynowconfirm_en>
		<buynowconfirm_de>ZAHLUNGSPFLICHTIG BESTELLEN</buynowconfirm_de>
		<exit>EXIT</exit>
		<trial_expired_notice>We are sorry, but you reached the trial limit for this demo. Buy the game to enjoy without restrictions!</trial_expired_notice>
		<internetrequirement>Activa tu conexión a internet para continuar.</internetrequirement>
	</language>
	
	<language lang="it">
		<buyfull>Compra il gioco</buyfull>
		<playdemo>Gioca alla demo</playdemo>
		<billinginit>CARICAMENTO...</billinginit>
		<billingok>OK</billingok>
		<billingcancel>Annulla</billingcancel>
		<bilingnotavailable>Si è verificato un problema con la fatturazione. Controlla la tua scheda SIM.</bilingnotavailable>
		<buynow>Compra il gioco</buynow>
		<billingtnc>Termini e condizioni</billingtnc>
		<billinginprocess>Attendi...  Acquisto in corso</billinginprocess>
		<billingsuccess>Acquisto riuscito. Buon divertimento!</billingsuccess>
		<billingfailed>Transazione fallita. Vuoi riprovare?</billingfailed>
		<playgame>Gioca</playgame>
		<tryagain>Riprova</tryagain>
		<purchasecode>Codice d'acquisto</purchasecode>
		<purchasecodetitle>Inserisci codice acquisto:</purchasecodetitle>
		<unlockcodefailed>Codice d'acquisto non valido</unlockcodefailed>
		<playdemocontent>Puoi giocare alla demo per 3 livelli. Hai prove illimitate.\n\nInfo e servizio clienti:\nWWW.GAMELOFT.COM \nSUPPORT.GAMELOFT.COM</playdemocontent>
		<endleveldemocontent>Ti è piaciuto il gioco?</endleveldemocontent>
		<mainmenu>Menu principale</mainmenu>
		<doubleconfirmtext>(PRICE) più il costo di un SMS verranno addebitati sulla tua bolletta o verranno dedotti dal tuo credito prepagato.
Selezionando "Compra" confermi di aver compiuto 16 anni e di avere il permesso del titolare della bolletta per effettuare l'acquisto.</doubleconfirmtext>
		<doubleconfirmtext_en>(PRICE) plus the cost of one standard-rate SMS will be charged to your mobile phone bill or deducted from your prepaid credit.
By selecting "Buy Now" you confirm that you are over the age of 16 and have the bill payer's permission to make this purchase.</doubleconfirmtext_en>
		<doubleconfirmtext_de>DER PREIS FUR DIE VOLLVERSION DIESES SPIELS BETRAGT (PRICE) + GEBUHREN FUR 1 SMS (JE NACH TARIF)</doubleconfirmtext_de>
		<buynowconfirm>Compra</buynowconfirm>
		<buynowconfirm_en>Buy Now</buynowconfirm_en>
		<buynowconfirm_de>ZAHLUNGSPFLICHTIG BESTELLEN</buynowconfirm_de>
		<exit>EXIT</exit>
		<trial_expired_notice>We are sorry, but you reached the trial limit for this demo. Buy the game to enjoy without restrictions!</trial_expired_notice>
		<internetrequirement>Attiva la connessione a internet per proseguire.</internetrequirement>
	</language>
	
	<language lang="br">
		<buyfull>Comprar o jogo</buyfull>
		<playdemo>Jogar demo</playdemo>
		<billinginit>CARREGANDO...</billinginit>
		<billingok>OK</billingok>
		<billingcancel>Cancelar</billingcancel>
		<bilingnotavailable>Houve um problema com sua cobrança. Por favor, verifique seu SIM card.</bilingnotavailable>
		<buynow>Baixe agora</buynow>
		<billingtnc>Termos e condições</billingtnc>
		<billinginprocess>Aguarde por favor... Compra sendo processada</billinginprocess>
		<billingsuccess>Compra realizada. Divirta-se com o jogo!</billingsuccess>
		<billingfailed>Falha na transação. Deseja tentar novamente?</billingfailed>
		<playgame>Jogar</playgame>
		<tryagain>Tentar novamente</tryagain>
		<purchasecode>Código de compra</purchasecode>
		<purchasecodetitle>Insira o código:</purchasecodetitle>
		<unlockcodefailed>Código de compra inválido</unlockcodefailed>
		<playdemocontent>Você pode jogar o demo por 3 níveis. Você pode jogar quantas vezes quiser.\n\nInformação e Atendimento ao Cliente:\nWWW.GAMELOFT.COM \nSUPPORT.GAMELOFT.COM</playdemocontent>
		<endleveldemocontent>Gostou do jogo?</endleveldemocontent>
		<mainmenu>Menu principal</mainmenu>
		<doubleconfirmtext>O valor (PRICE) mais o custo padrão de 1 SMS será cobrado em sua  conta de telefonia ou debitado do seu saldo pré-pago.
Ao selecionar "comprar agora", você confirma ter mais de 16 anos de idade e a permissão da pessoa que paga a conta para fazer esta compra.</doubleconfirmtext>
		<doubleconfirmtext_en>(PRICE) plus the cost of one standard-rate SMS will be charged to your mobile phone bill or deducted from your prepaid credit.
By selecting "Buy Now" you confirm that you are over the age of 16 and have the bill payer's permission to make this purchase.</doubleconfirmtext_en>
		<doubleconfirmtext_de>DER PREIS FUR DIE VOLLVERSION DIESES SPIELS BETRAGT (PRICE) + GEBUHREN FUR 1 SMS (JE NACH TARIF)</doubleconfirmtext_de>
		<buynowconfirm>Comprar agora</buynowconfirm>
		<buynowconfirm_en>Buy Now</buynowconfirm_en>
		<buynowconfirm_de>ZAHLUNGSPFLICHTIG BESTELLEN</buynowconfirm_de>
		<exit>EXIT</exit>
		<trial_expired_notice>We are sorry, but you reached the trial limit for this demo. Buy the game to enjoy without restrictions!</trial_expired_notice>
		<internetrequirement>Favor ativar sua conexão à internet para continuar.</internetrequirement>
	</language>
	
	<language lang="tr">
		<buyfull>Oyunu satın al</buyfull>
		<playdemo>Demoyu oyna</playdemo>
		<billinginit>YÜKLÜYOR...</billinginit>
		<billingok>Tamam</billingok>
		<billingcancel>İptal</billingcancel>
		<bilingnotavailable>Faturalandırmanızla ilgili bir sorun oluştu. Lütfen SIM kartınızı kontrol edin.</bilingnotavailable>
		<buynow>ŞİMDİ SATIN AL</buynow>
		<billingtnc>Kullanım Koşulları</billingtnc>
		<billinginprocess>Lütfen bekleyin... Satın alma işlemi yapılıyor</billinginprocess>
		<billingsuccess>Satın alma başarılı. Güle güle oynayın!</billingsuccess>
		<billingfailed>İşlem başarısız oldu. Tekrar denemek istiyor musunuz?</billingfailed>
		<playgame>Oyunu oyna</playgame>
		<tryagain>Tekrar dene</tryagain>
		<purchasecode>Satın alma kodu</purchasecode>
		<purchasecodetitle>Satın alma kodunu girin:</purchasecodetitle>
		<unlockcodefailed>Geçersiz satın alma kodu</unlockcodefailed>
		<playdemocontent>Demoyu 3 seviye boyunca oynayabilirsin. Sınırsız deneme hakkın var.\n\nBilgi ve Müşteri Hizmetleri:\nWWW.GAMELOFT.COM \nSUPPORT.GAMELOFT.COM</playdemocontent>
		<endleveldemocontent>Oyunu sevdiniz mi?</endleveldemocontent>
		<mainmenu>Ana Menü</mainmenu>
		<doubleconfirmtext>(PRICE) ve bir standart SMS ücreti mobil telefon faturasında alınacak ya da ön ödemeli kredilerden düşülecek. "Şimdi Al" seçeneğini seçerek 16 yaş üstü olduğunuzu ve bu satın alımı gerçekleştirmek için fatura sahibinin iznini aldığınızı onaylamış olursunuz.</doubleconfirmtext>
		<doubleconfirmtext_en>(PRICE) plus the cost of one standard-rate SMS will be charged to your mobile phone bill or deducted from your prepaid credit.
By selecting "Buy Now" you confirm that you are over the age of 16 and have the bill payer's permission to make this purchase.</doubleconfirmtext_en>
		<doubleconfirmtext_de>DER PREIS FUR DIE VOLLVERSION DIESES SPIELS BETRAGT (PRICE) + GEBUHREN FUR 1 SMS (JE NACH TARIF)</doubleconfirmtext_de>
		<buynowconfirm>Şimdi Al</buynowconfirm>
		<buynowconfirm_en>Buy Now</buynowconfirm_en>
		<buynowconfirm_de>ZAHLUNGSPFLICHTIG BESTELLEN</buynowconfirm_de>
		<exit>EXIT</exit>
		<trial_expired_notice>We are sorry, but you reached the trial limit for this demo. Buy the game to enjoy without restrictions!</trial_expired_notice>
		<internetrequirement>Lütfen devam etmek için internet bağlantısını etkinleştir.</internetrequirement>
	</language>
	
	<language lang="ru">
		<buyfull>Купить игру</buyfull>
		<playdemo>Сыграть в демо-версию</playdemo>
		<billinginit>ЗАГРУЗКА...</billinginit>
		<billingok>ОК</billingok>
		<billingcancel>Отмена</billingcancel>
		<bilingnotavailable>Возникла проблема со снятием средств. Проверьте свою SIM-карту.</bilingnotavailable>
		<buynow>Купите сейчас</buynow>
		<billingtnc>Пользовательское соглашение</billingtnc>
		<billinginprocess>Пожалуйста, подождите... Осуществление покупки.</billinginprocess>
		<billingsuccess>Покупка выполнена. Приятной игры!</billingsuccess>
		<billingfailed>Не удалось совершить транзакцию. Повторить попытку?</billingfailed>
		<playgame>Играть в игру</playgame>
		<tryagain>Повторить попытку</tryagain>
		<purchasecode>Код покупки</purchasecode>
		<purchasecodetitle>Ввести код покупки:</purchasecodetitle>
		<unlockcodefailed>Неверный код покупки</unlockcodefailed>
		<playdemocontent>В демо-версии доступны только 3 уровня. Вы можете использовать демо-версию без ограничений.\n\nИнформация и поддержка пользователей:\nWWW.GAMELOFT.COM \nSUPPORT.GAMELOFT.COM</playdemocontent>
		<endleveldemocontent>Понравилась эта игра?</endleveldemocontent>
		<mainmenu>Главное меню</mainmenu>
		<doubleconfirmtext>С вашего баланса будет снята сумма (PRICE)  плюс стоимость обычного СМС согласно вашему тарифному плану.
Нажав "Купить", вы подтверждаете, что вам уже исполнилось 16 лет и что вы имеете право совершать покупки с помощью этого устройства.</doubleconfirmtext>
		<doubleconfirmtext_en>(PRICE) plus the cost of one standard-rate SMS will be charged to your mobile phone bill or deducted from your prepaid credit.
By selecting "Buy Now" you confirm that you are over the age of 16 and have the bill payer's permission to make this purchase.</doubleconfirmtext_en>
		<doubleconfirmtext_de>DER PREIS FUR DIE VOLLVERSION DIESES SPIELS BETRAGT (PRICE) + GEBUHREN FUR 1 SMS (JE NACH TARIF)</doubleconfirmtext_de>
		<buynowconfirm>Купить</buynowconfirm>
		<buynowconfirm_en>Buy Now</buynowconfirm_en>
		<buynowconfirm_de>ZAHLUNGSPFLICHTIG BESTELLEN</buynowconfirm_de>
		<exit>EXIT</exit>
		<trial_expired_notice>We are sorry, but you reached the trial limit for this demo. Buy the game to enjoy without restrictions!</trial_expired_notice>
		<internetrequirement>Активируйте интернет-соединение и продолжите.</internetrequirement>
	</language>
	
	<language lang="id">
		<buyfull>Beli gamenya</buyfull>
		<playdemo>Mainkan demo</playdemo>
		<billinginit>MEMUAT...</billinginit>
		<billingok>OKE</billingok>
		<billingcancel>Batal</billingcancel>
		<bilingnotavailable>Ada permasalahan pada tagihan Anda. Mohon periksa kartu SIM Anda.</bilingnotavailable>
		<buynow>Dapatkan sekarang juga</buynow>
		<billingtnc>Syarat dan Ketentuan</billingtnc>
		<billinginprocess>Mohon menunggu... Pembelian sedang diproses</billinginprocess>
		<billingsuccess>Pembelian berhasil. Selamat menikmati game ini!</billingsuccess>
		<billingfailed>Transaksi gagal. Apakah Anda ingin mencoba lagi?</billingfailed>
		<playgame>Mainkan game</playgame>
		<tryagain>Coba lagi</tryagain>
		<purchasecode>Kode pembelian</purchasecode>
		<purchasecodetitle>Masukkan kode pembelian:</purchasecodetitle>
		<unlockcodefailed>Kode pembelian tidak valid</unlockcodefailed>
		<playdemocontent>Kamu dapat memainkan demo selama 3 level. Kamu memiliki masa percobaan tidak terbatas.\n\nInfo dan Layanan Pelanggan:\nWWW.GAMELOFT.COM \nSUPPORT.GAMELOFT.COM</playdemocontent>
		<endleveldemocontent>Apakah kamu menyukai game ini?</endleveldemocontent>
		<mainmenu>Menu Utama</mainmenu>
		<doubleconfirmtext>(PRICE) ditambah biaya satu SMS bertarif standar akan dibebankan ke tagihan ponsel atau dipotong dari pulsa prabayar.\nDengan memilih "Beli Sekarang", kamu mengonfirmasikan telah berusia lebih dari 16 tahun dan memiliki izin dari pembayar tagihan untuk melakukan pembelian ini.</doubleconfirmtext>
		<doubleconfirmtext_en>(PRICE) plus the cost of one standard-rate SMS will be charged to your mobile phone bill or deducted from your prepaid credit.
By selecting "Buy Now" you confirm that you are over the age of 16 and have the bill payer's permission to make this purchase.</doubleconfirmtext_en>
		<doubleconfirmtext_de>DER PREIS FUR DIE VOLLVERSION DIESES SPIELS BETRAGT (PRICE) + GEBUHREN FUR 1 SMS (JE NACH TARIF)</doubleconfirmtext_de>
		<buynowconfirm>Beli Sekarang</buynowconfirm>
		<buynowconfirm_en>Buy Now</buynowconfirm_en>
		<buynowconfirm_de>ZAHLUNGSPFLICHTIG BESTELLEN</buynowconfirm_de>
		<exit>EXIT</exit>
		<trial_expired_notice>We are sorry, but you reached the trial limit for this demo. Buy the game to enjoy without restrictions!</trial_expired_notice>
		<internetrequirement>Aktifkan sambungan internet untuk melanjutkan.</internetrequirement>
	</language>
	
	<language lang="th">
		<buyfull>ซื้อเกม</buyfull>
		<playdemo>ลองเล่นเดโม</playdemo>
		<billinginit>กำลังโหลด...</billinginit>
		<billingok>ตกลง</billingok>
		<billingcancel>ยกเลิก</billingcancel>
		<bilingnotavailable>เกิด|ปัญหา|ใน|การเรียกเก็บ|ค่าบริการ |โปรดตรวจสอบ|ซิมการ์ด|ของคุณ</bilingnotavailable>
		<buynow>รับทันที</buynow>
		<billingtnc>ข้อตกลงและเงื่อนไข</billingtnc>
		<billinginprocess>กรุณารอสักครู่... กำลังดำเนินการซื้ออยู่</billinginprocess>
		<billingsuccess>การซื้อประสบความสำเร็จ ขอให้สนุกกับการเล่นเกม!</billingsuccess>
		<billingfailed>ทำรายการ|ไม่สำเร็จ |ต้องการ|ลองอีกครั้ง|หรือไม่</billingfailed>
		<playgame>เล่นเกม</playgame>
		<tryagain>ลองอีกครั้ง</tryagain>
		<purchasecode>รหัสการซื้อ</purchasecode>
		<purchasecodetitle>ใส่รหัสการซื้อ</purchasecodetitle>
		<unlockcodefailed>รหัสการซื้อ|ไม่ถูกต้อง</unlockcodefailed>
		<playdemocontent>คุณสามารถเล่นเดโมได้ 3 เลเวล. คุณสามารถลองได้ไม่จำกัดครั้ง. \n\nข้อมูลและฝ่ายบริการลูกค้า:\nWWW.GAMELOFT.COM \nSUPPORT.GAMELOFT.COM</playdemocontent>
		<endleveldemocontent>คุณชอบเกมนี้หรือเปล่า</endleveldemocontent>
		<mainmenu>เมนูหลัก</mainmenu>
		<doubleconfirmtext>ค่าใช้จ่ายราคา (PRICE) และค่า SMS ในราคาปกติหนึ่งข้อความจะถูกคิดบนใบแจ้งหนี้ค่าโทรศัพท์ของคุณหรือถูกหักออกจากเครดิตที่คุณเติมไว้ล่วงหน้า
โดยการเลือก "ซื้อทันที" คุณได้ยืนยันว่าคุณมีอายุมากกว่า 16 ปีและได้รับอนุญาตจากผู้ชำระใบแจ้งหนี้ในการดำเนินการสั่งซื้อนี้แล้ว</doubleconfirmtext>
		<doubleconfirmtext_en>(PRICE) plus the cost of one standard-rate SMS will be charged to your mobile phone bill or deducted from your prepaid credit.
By selecting "Buy Now" you confirm that you are over the age of 16 and have the bill payer's permission to make this purchase.</doubleconfirmtext_en>
		<doubleconfirmtext_de>DER PREIS FUR DIE VOLLVERSION DIESES SPIELS BETRAGT (PRICE) + GEBUHREN FUR 1 SMS (JE NACH TARIF)</doubleconfirmtext_de>
		<buynowconfirm>ซื้อทันที</buynowconfirm>
		<buynowconfirm_en>Buy Now</buynowconfirm_en>
		<buynowconfirm_de>ZAHLUNGSPFLICHTIG BESTELLEN</buynowconfirm_de>
		<exit>EXIT</exit>
		<trial_expired_notice>We are sorry, but you reached the trial limit for this demo. Buy the game to enjoy without restrictions!</trial_expired_notice>
		<internetrequirement>โปรดเปิดใช้การเชื่อมต่ออินเทอร์เน็ตเพื่อดำเนินการต่อ</internetrequirement>
	</language>
	
	<language lang="tw">
		<buyfull>購買遊戲</buyfull>
		<playdemo>體驗試玩版</playdemo>
		<billinginit>載入中...</billinginit>
		<billingok>確定</billingok>
		<billingcancel>取消</billingcancel>
		<bilingnotavailable>結帳時發生錯誤。請檢查您的SIM卡。</bilingnotavailable>
		<buynow>立即獲得</buynow>
		<billingtnc>條款和條件</billingtnc>
		<billinginprocess>請稍候... 購買處理中</billinginprocess>
		<billingsuccess>購買成功。 盡情享受遊戲！</billingsuccess>
		<billingfailed>交易失敗。您想再試一次嗎？</billingfailed>
		<playgame>開始遊戲</playgame>
		<tryagain>再試一次</tryagain>
		<purchasecode>購買碼</purchasecode>
		<purchasecodetitle>輸入購買代碼:</purchasecodetitle>
		<unlockcodefailed>無效的購買碼</unlockcodefailed>
		<playdemocontent>您可以在試玩版 中試玩3個關卡。 您可以無限試玩。\n\n資訊與客戶服務：\nWWW.GAMELOFT.COM \nSUPPORT.GAMELOFT.COM</playdemocontent>
		<endleveldemocontent>您喜歡此遊戲嗎？</endleveldemocontent>
		<mainmenu>主選單</mainmenu>
		<doubleconfirmtext>(PRICE) plus the cost of one standard-rate SMS will be charged to your mobile phone bill or deducted from your prepaid credit.
By selecting "Buy Now" you confirm that you are over the age of 16 and have the bill payer's permission to make this purchase.</doubleconfirmtext>
		<doubleconfirmtext_en>(PRICE) plus the cost of one standard-rate SMS will be charged to your mobile phone bill or deducted from your prepaid credit.
By selecting "Buy Now" you confirm that you are over the age of 16 and have the bill payer's permission to make this purchase.</doubleconfirmtext_en>
		<doubleconfirmtext_de>DER PREIS FUR DIE VOLLVERSION DIESES SPIELS BETRAGT (PRICE) + GEBUHREN FUR 1 SMS (JE NACH TARIF)</doubleconfirmtext_de>
		<buynowconfirm>Buy Now</buynowconfirm>
		<buynowconfirm_en>Buy Now</buynowconfirm_en>
		<buynowconfirm_de>ZAHLUNGSPFLICHTIG BESTELLEN</buynowconfirm_de>
		<exit>EXIT</exit>
		<trial_expired_notice>We are sorry, but you reached the trial limit for this demo. Buy the game to enjoy without restrictions!</trial_expired_notice>
		<internetrequirement>請啟動您的網際網路連線以繼續。</internetrequirement>
	</language>
	
	<language lang="cn">
		<buyfull>购买游戏</buyfull>
		<playdemo>玩试玩版</playdemo>
		<billinginit>正在载入...</billinginit>
		<billingok>确定</billingok>
		<billingcancel>取消</billingcancel>
		<bilingnotavailable>付款时出现问题。请检查您的SIM卡。</bilingnotavailable>
		<buynow>立即获得</buynow>
		<billingtnc>条款和条件</billingtnc>
		<billinginprocess>请稍候... 购买处理中</billinginprocess>
		<billingsuccess>购买成功。 祝您游戏愉快！</billingsuccess>
		<billingfailed>交易失败。是否重试？</billingfailed>
		<playgame>开始游戏</playgame>
		<tryagain>重试</tryagain>
		<purchasecode>购买码</purchasecode>
		<purchasecodetitle>输入购买代码:</purchasecodetitle>
		<unlockcodefailed>购买码无效</unlockcodefailed>
		<playdemocontent>您可以试玩3个关卡。 您拥有无限的试玩次数。\n\n信息与客户服务：\nWWW.GAMELOFT.COM \nSUPPORT.GAMELOFT.COM</playdemocontent>
		<endleveldemocontent>您喜欢此游戏吗？</endleveldemocontent>
		<mainmenu>主菜单</mainmenu>
		<doubleconfirmtext>(PRICE) plus the cost of one standard-rate SMS will be charged to your mobile phone bill or deducted from your prepaid credit.
By selecting "Buy Now" you confirm that you are over the age of 16 and have the bill payer's permission to make this purchase.</doubleconfirmtext>
		<doubleconfirmtext_en>(PRICE) plus the cost of one standard-rate SMS will be charged to your mobile phone bill or deducted from your prepaid credit.
By selecting "Buy Now" you confirm that you are over the age of 16 and have the bill payer's permission to make this purchase.</doubleconfirmtext_en>
		<doubleconfirmtext_de>DER PREIS FUR DIE VOLLVERSION DIESES SPIELS BETRAGT (PRICE) + GEBUHREN FUR 1 SMS (JE NACH TARIF)</doubleconfirmtext_de>
		<buynowconfirm>Buy Now</buynowconfirm>
		<buynowconfirm_en>Buy Now</buynowconfirm_en>
		<buynowconfirm_de>ZAHLUNGSPFLICHTIG BESTELLEN</buynowconfirm_de>
		<exit>EXIT</exit>
		<trial_expired_notice>We are sorry, but you reached the trial limit for this demo. Buy the game to enjoy without restrictions!</trial_expired_notice>
		<internetrequirement>请启用您的网络连接以继续。</internetrequirement>
	</language>
	<!--update 15/05/2017-->
</loc>