[{"$i":"search-or-enter-address","placeholder":"Шукаць або ўвесці адрас"},{"$i":"delete-title","$v":["Выдаліць ",{"t":"idOrVar","v":"name"}]},{"$i":"delete-body","$v":[{"t":"idOrVar","v":"name"}," і ўсе даныя гэтага кантакту будуць выдалены."]},{"$i":"delete","$v":"Выдаліць"},{"$i":"cancel","$v":"Скасаваць"},{"$i":"apps","$v":"Праграмы"},{"$i":"menu","$v":"Меню"},{"$i":"notifications","$v":"Заўвагі"},{"$i":"speed-dial","$v":"Хуткі набор"},{"$i":"select","$v":"Выбраць"},{"$i":"move","$v":"Перамясціць"},{"$i":"ok","$v":"ОК"},{"$i":"set","$v":"Настроіць"},{"$i":"edit","$v":"Рэдагаваць"},{"$i":"call","$v":"Выклік"},{"$i":"message","$v":"Паведамленне"},{"$i":"options","$v":"Опцыі"},{"$i":"assign","$v":"Прызначыць"},{"$i":"remove","$v":"Выдаліць"},{"$i":"replace","$v":"Замяніць"},{"$i":"more","$v":"Яшчэ"},{"$i":"settings","$v":"Настройкі"},{"$i":"contacts","$v":"Кантакты"},{"$i":"list-view","$v":"Прагляд спісам"},{"$i":"grid-view","$v":"Прагляд сеткі"},{"$i":"single-view","$v":"Прагляд па адным"},{"$i":"skip","$v":"Прапусціць"},{"$i":"shortcuts","$v":"Спалуч. клавіш"},{"$i":"next","$v":"Далей"},{"$i":"back","$v":"Назад"},{"$i":"memory-cleaner","$v":"Ачышчальнік памяці"},{"$i":"open","$v":"Адкрыць"},{"$i":"voicemail","$v":"Галасавая пошта"},{"$i":"speed-dial-not-empty","ariaLabel":[{"t":"idOrVar","v":"order"},", ",{"t":"idOrVar","v":"name"}]},{"$i":"speed-dial-empty","ariaLabel":[{"t":"idOrVar","v":"order"},", пуста"]},{"$i":"remove-speed-dial","$v":["Напэўна хочаце выдаліць ",{"t":"idOrVar","v":"name"}," з хуткага набору?"]},{"$i":"replace-speed-dial","$v":["Напэўна хочаце замяніць ",{"t":"idOrVar","v":"name"}," назвай ",{"t":"idOrVar","v":"subName"}," ?"]},{"$i":"assign-speed-dial","$v":["Кантакт не быў дададзены на кнопку хуткага набору ",{"t":"idOrVar","v":"n"},". Прызначыць?"]},{"$i":"assign-voicemail","$v":"Нумар галасавой пошты не быў настроены."},{"$i":"alert-for-contacts-without-number","$v":"Няма наяўных кантактаў з нумарам тэлефона."},{"$i":"option-remove","$v":"Выдаліць з хуткага набору"},{"$i":"option-replace","$v":"Замяніць"},{"$i":"all-apps","$v":"Усе праграмы"},{"$i":"uninstall","$v":"Выдаліць"},{"$i":"confirm-to-uninstall-app","$v":["Выдаліць праграму ",{"t":"idOrVar","v":"appName"},"?"]},{"$i":"confirm-to-unpin-bookmark","$v":"Адмацаваць вэб-сайт?"},{"$i":"unpin","$v":"Адмацаваць"},{"$i":"rename","$v":"Перайменаваць"},{"$i":"title","$v":"Назва"},{"$i":"add-to-existing-contact","$v":"Дад. да існ. кант."},{"$i":"create-new-contact","$v":"Ствар. новы кант."},{"$i":"sending","$v":"Калі ласка пачакай…"},{"$i":"video-call","$v":"Відэавыклік"},{"$i":"rtt-call","$v":"Выклік RTT"},{"$i":"callAirplaneModeTitle","$v":"Рэжым \"У самалёце\" уключаны"},{"$i":"callAirplaneModeMessage","$v":"Каб зрабіць выклік, трэба адключыць рэжым \"У самалёце\" у настройках."},{"$i":"emergencyDialogTitle","$v":"Няма падключэння да сеткі"},{"$i":"emergencyDialogBodyBadNumber","$v":"Каб зрабіць выклік, тэлефон павінен быць падключаны да сеткі."},{"$i":"emergencyDialogBodyDeviceNotAccepted","$v":"Экстраныя выклікі не дазволены сеткай."},{"$i":"invalidNumberToDialTitle","$v":"Няправільны нумар тэлефона"},{"$i":"invalidNumberToDialMessage","$v":"Нумар тэлефона, па якім вы званіце, несапраўдны."},{"$i":"emergency-call-only","$v":"Толькі экстраны выклік"},{"$i":"emergency-call-error","$v":["Нумар ",{"t":"idOrVar","v":"number"}," не з'яўляецца экстраным."]},{"$i":"numberIsBusyTitle","$v":"Нумар заняты"},{"$i":"numberIsBusyMessage","$v":"Номер зараз заняты. Паўтарыце спробу пазней."},{"$i":"fdnIsActiveTitle","$v":"FDN актыўна"},{"$i":"fdnIsActiveMessage","$v":["Функцыя FDN (фіксаваны набор нумароў) уключана, і наступны нумар не знаходзіцца ў вашым спісе FDN: ",{"t":"idOrVar","v":"number"}]},{"$i":"otherConnectionInUseTitle","$v":"Выкар. іншае падкл."},{"$i":"otherConnectionInUseMessage","$v":"У вас актыўны выклік на іншым падлучэнні. Адначасова можна карыстацца толькі адным падлучэннем."},{"$i":"GenericFailure","$v":"Агульны збой"},{"$i":"CallFailed","$v":"Памылка выкліку"},{"$i":"scCallBarring","$v":"Забарона выкліку"},{"$i":"scCallForwarding","$v":"Перанакіраванне выкліку"},{"$i":"scClip","$v":"Ідэнтыфікатар уваходзячага абанента"},{"$i":"scClir","$v":"Ідэнтыф. вых. абанента"},{"$i":"scPwd","$v":"Змена пароля"},{"$i":"scCallWaiting","$v":"Чаканне выкліку"},{"$i":"scPin","$v":"Змена PIN"},{"$i":"scPin2","$v":"Змена PIN2"},{"$i":"scPuk","$v":"Разблакаваць PIN"},{"$i":"scPuk2","$v":"Разблакаваць PIN2"},{"$i":"scImei","$v":"IMEI"},{"$i":"scMeid","$v":"Ідэнтыфікатар мабільнага абсталявання (MEID)"},{"$i":"scUssd","$v":"USSD"},{"$i":"deviceIsUnlocked","$v":"Прылада заблакаваная"},{"$i":"simUnlockCodeAccepted","$v":"Код разблакіроўкі SIM-карты прыняты"},{"$i":"simUnlockCodeFailed","$v":"Памылка разблакіроўкі SIM-карты"},{"$i":"personal","$v":"Персанальны"},{"$i":"mobile","$v":"Мабільны"},{"$i":"home","$v":"Хатні"},{"$i":"work","$v":"Праца"},{"$i":"fax-home","$v":"Хатні факс"},{"$i":"fax-office","$v":"Офісны факс"},{"$i":"fax-other","$v":"Іншы факс"},{"$i":"noSimCard","$v":"Няма SIM-карткі"},{"$i":"noService","$v":"Не абслугоўваецца"},{"$i":"lockedSim","$v":"Заблакаваная SIM-карта"},{"$i":"airplaneMode","$v":"Рэжым самалёта"},{"$i":"wifi-calling","$v":"Выклікі па Wi-Fi"},{"$i":"homescreen-settings","$v":"Настройкі хатняга экрана"},{"$i":"change-wallpaper","$v":"Змяніць шпалеры"},{"$i":"add-smart-collections","$v":"Дадаць Smart-калекцыі"},{"$i":"edit-mode","$v":"Рэдагаваць"},{"$i":"edit-done","$v":"Гатова"},{"$i":"tutorial-for-side-menu-1","$v":["Каб атрымаць доступ да праграм злева, націсніце клавішу ",{"t":"idOrVar","v":"left"},"."]},{"$i":"tutorial-for-instant-settings-1","$v":["Каб убачыць звычайныя налады, націсніце клавішу ",{"t":"idOrVar","v":"up"},"."]},{"$i":"tutorial-for-notices","$v":"Каб бачыць новыя нататкі, націсніце клавішу УПРАВА."},{"$i":"tutorial-for-google-assistant-1","$v":["Каб гаварыць, націсніце і ўтрымлівайце клавішу ",{"t":"idOrVar","v":"microphone"},"."]},{"$i":"tutorial-for-voice-input-1","$v":["Націсніце і ўтрымлівайце клавішу ",{"t":"idOrVar","v":"microphone"},", каб гаварыць у тэкставым полі."]},{"$i":"tutorial-for-find-kaistore-2","$v":"Знайдзіце прыкладанне KaiStore на першай старонцы меню прыкладанняў."},{"$i":"tutorial-for-left","$v":"Засталося"},{"$i":"tutorial-for-up","$v":"Уверх"},{"$i":"stop-download-title","$v":["Спыніць ",{"t":"idOrVar","v":"name"}]},{"$i":"stop-download-body","$v":"Хочаце спыніць спампаванне, што яшчэ ідзе?"},{"$i":"stop-download-action","$v":"Спыніць"},{"$i":"resume-download-title","$v":"Зноў пачаць спамп."},{"$i":"resume-download-body","$v":["Хочаце спампаваць ",{"t":"idOrVar","v":"name"},"?"]},{"$i":"resume-download-action","$v":"Спампаваць"},{"$i":"edit-group-header","$v":"Рэдагаваць групу"},{"$i":"gaia-shortcut-app-updated","$v":"Праграма абноўлена"},{"$i":"clocks-updated","$v":"Гадзіннікі абноўлены"},{"$i":"longDateFormat","$v":"%A, %B %e"},{"$i":"app-title","$v":"Мае праграмы"},{"$i":"app-uninstall","$v":[{"t":"idOrVar","v":"name"}," выдалены"]},{"$i":"confirmation","$v":"Пацверджанне"},{"$i":"clockDateFormat","$v":"%a, %e %b"},{"$i":"apn-sim1","$v":"Настройкі APN — SIM1"},{"$i":"apn-sim2","$v":"Настройкі APN — SIM2"},{"$i":"apnDefaultConfig","$v":"APN Default Config"},{"$i":"apn-defaultconfig-message","$v":"Наладзьце, які тып APN выкарыстоўваць"},{"$i":"apnConfigPostpay","$v":"Postpay APN"},{"$i":"apnConfigPrepay","$v":"Prepay APN"},{"$i":"offline-toaster-message","$v":"Тэлефон у аўтаномным рэжыме."},{"$i":"dialog-title-new-card","$v":"Новая карта"},{"$i":"dialog-text-new-card-show","$v":"Вы атрымалі новую карту: Пошук у Інтэрнэце."},{"$i":"not-connect-internet-text","$v":"У вас няма падлучэння да Інтэрнэту. Падключыцца да Інтэрнэту зараз?"},{"$i":"not-connect-internet-up-button","$v":"Уключыце сотавыя дадзеныя"},{"$i":"not-connect-internet-down-button","$v":"Што такое сотавыя дадзеныя"},{"$i":"not-data-plan-text","$v":"Выглядае, што вы не маеце тарыфнага плану для падключэння да інтэрнэту. Вось варыянты выбару."},{"$i":"not-data-plan-down-button","$v":"Карыстайцеся Wi-Fi"},{"$i":"connect-internet-title","$v":"Вы падлучаныя"},{"$i":"connect-internet-text","$v":"Праверце такія прыкладання, як крама, навіны, надвор'е і інтэрнэт-браўзэр."},{"$i":"utilities","$v":"Utilities"},{"$i":"games","$v":"Гульні"},{"$i":"toast-app-downloaded-to-folder","$v":["Праграма «",{"t":"idOrVar","v":"appName"},"» спампавана ў папку «",{"t":"idOrVar","v":"folderName"},"»."]},{"$i":"toast-need-update-app","$v":"Абнавіце прыкладанне да апошняй версіі, каб працягнуць прыкладанне JioStore."},{"$i":"notices-reminder-header","$v":"Напамінак"},{"$i":"notices-reminder-content","$v":"У вас ёсць непрачытаныя апавяшчэнні. Праверце, калі вы прапусцілі што-небудзь важнае."},{"$i":"instant-settings","$v":"instant settings"},{"$i":"flashlight","$v":"Flashlight"},{"$i":"brightness","$v":"Brightness"},{"$i":"volume","$v":"Volume"},{"$i":"camera","$v":"Камера"},{"$i":"calculator","$v":"Calculator"},{"$i":"airplane-mode","$v":"Airplane Mode"},{"$i":"wifi","$v":"Wi-Fi"},{"$i":"bluetooth","$v":"Bluetooth"},{"$i":"cellular-data","$v":"Cellular Data"},{"$i":"on","$v":"On"},{"$i":"off","$v":"Off"},{"$i":"percentage-number","$v":[{"t":"idOrVar","v":"number"},"%"]},{"$i":"eccOnly","$v":"Толькі экстраныя выклікі"},{"$i":"emergencyCallsOnly","$v":"Толькі экстраныя выклікі"},{"$i":"searching","$v":"Ідзе пошук"},{"$i":"nocard-eccOnly","$v":"Няма толькі SIM-карты"},{"$i":"unusablecard-eccOnly","$v":"Непрыдатныя SIM-карты - экстраныя званкі"},{"$i":"nocard-noservice","$v":"Няма SIM-карткі-Не абслугоўваецца"},{"$i":"sim-with-index-and-carrier","$v":["SIM ",{"t":"idOrVar","v":"index"}," - ",{"t":"idOrVar","v":"carrier"}]},{"$i":"sim-without-carrier","$v":["SIM ",{"t":"idOrVar","v":"index"}]},{"$i":"call-forwarding-async","$v":["Дэсінхранізаваны: ",{"t":"idOrVar","v":"async"}]},{"$i":"call-forwarding-data","$v":["Даныя: ",{"t":"idOrVar","v":"data"}]},{"$i":"call-forwarding-error","$v":"Падчас атрымання стану перанакіравання выкліку адбылася памылка"},{"$i":"call-forwarding-fax","$v":["ФАКС: ",{"t":"idOrVar","v":"fax"}]},{"$i":"call-forwarding-inactive","$v":"Неактыўны"},{"$i":"call-forwarding-packet","$v":["Пакет: ",{"t":"idOrVar","v":"packet"}]},{"$i":"call-forwarding-pad","$v":["PAD: ",{"t":"idOrVar","v":"pad"}]},{"$i":"call-forwarding-sms","$v":["SMS: ",{"t":"idOrVar","v":"sms"}]},{"$i":"call-forwarding-status","$v":"Статус перанакіравання выкліку"},{"$i":"call-forwarding-sync","$v":["Сінхронна: ",{"t":"idOrVar","v":"sync"}]},{"$i":"call-forwarding-voice","$v":["Голас: ",{"t":"idOrVar","v":"voice"}]},{"$i":"call-forwarding-voice-after-seconds","$v":["Голас: ",{"t":"idOrVar","v":"voice"}," праз ",{"t":"idOrVar","v":"timeSeconds"}," с"]},{"$i":"call-forwarding-reason","$v":["Reason: ",{"t":"idOrVar","v":"reason"}]},{"$i":"serviceClassVoice","$v":"Галасавыя"},{"$i":"serviceClassData","$v":"Даныя"},{"$i":"serviceClassFax","$v":"ФАКС"},{"$i":"serviceClassSms","$v":"SMS"},{"$i":"serviceClassDataSync","$v":"Сінхранізацыя"},{"$i":"serviceClassDataAsync","$v":"Дэсінхранізацыя"},{"$i":"serviceClassPacket","$v":"Пакет"},{"$i":"serviceClassPad","$v":"PAD"},{"$i":"smServiceEnabled","$v":"Сэрвіс уключаны"},{"$i":"smServiceDisabled","$v":"Сэрвіс адключаны"},{"$i":"smServiceRegistered","$v":"Рэгістрацыя паспяховая"},{"$i":"smServiceErased","$v":"Паспяхова выдалена"},{"$i":"smServiceInterrogated","$v":"Запыт паспяховы"},{"$i":"smServiceNotProvisioned","$v":"Сэрвіс не аказваецца"},{"$i":"smClirPermanent","$v":"Вы не можаце мяняць настройкі ідэнтыфікатара абанента"},{"$i":"smClirDefaultOnNextCallOn","$v":"Станд. ідэнт. абан. абмеж. Наст. вык: абмеж."},{"$i":"smClirDefaultOnNextCallOff","$v":"Стандартны ідэнтыфікатар абанента абмежаваны. Наступны выклік: не абмежаваны"},{"$i":"smClirDefaultOffNextCallOn","$v":"Стандартны ідэнтыфікатар абанента не абмежаваны. Наступны выклік: абмежаваны"},{"$i":"smClirDefaultOffNextCallOff","$v":"Стандартны ідэнтыфікатар абанента не абмежаваны. Наступны выклік: не абмежаваны"},{"$i":"smServiceEnabledFor","$v":"Сэрвіс уключаны для:"},{"$i":"smPinChanged","$v":"PIN паспяхова зменены"},{"$i":"smPinUnblocked","$v":"PIN паспяхова разблак."},{"$i":"smPin2Changed","$v":"PIN2 паспяхова зменены"},{"$i":"smPin2Unblocked","$v":"PIN2 паспяхова разблак."},{"$i":"ServiceIsEnabled","$v":"Сэрвіс уключаны"},{"$i":"ServiceIsDisabled","$v":"Сэрвіс адключаны"},{"$i":"ServiceIsEnabledFor","$v":"Сэрвіс уключаны для:"},{"$i":"emMmiError","$v":"Праблема падлучэння або няправільны код MMI"},{"$i":"emMmiErrorPasswordIncorrect","$v":"Няправільны пароль"},{"$i":"emMmiErrorNotSupported","$v":"Код MMI няправільны або не падтрымліваецца"},{"$i":"emMmiErrorInvalidAction","$v":"Несапраўднае дзеянне"},{"$i":"emMmiErrorInvalidScCode","$v":"Няправільны сэрвісны код"},{"$i":"emMmiErrorBadPuk","$v":"Уведзены PUK няправільны"},{"$i":"emMmiErrorBadPin","$v":"Стары PIN, які вы ўвялі, няправільны."},{"$i":"emMmiErrorNeedPuk2","$v":"Увядзіце PUK2, каб разблакаваць SIM-карту"},{"$i":"emMmiErrorMismatchPin","$v":"PIN-коды, якія вы ўвялі, не супадаюць"},{"$i":"emMmiErrorInvalidPin","$v":"Увесці PIN з 4 або 8 лічбаў"},{"$i":"emMmiErrorNeedsPuk","$v":"Ваша SIM-картка заблакіравана PUK-кодам"},{"$i":"emMmiErrorEnablePin","$v":"Беспаспяхова. Уключыць блакіраванне SIM/RUIM LOCK"},{"$i":"emMmiErrorMmiFdn","$v":"Апер. дазв. толькі для нум. фікс. наб."},{"$i":"emMmiErrorStkCcUssdDial","$v":"Запыт USSD зменены на запыт DIAL"},{"$i":"emMmiErrorStkCcUssdSs","$v":"Запыт USSD зменены на запыт SS"},{"$i":"emMmiErrorStkCcUssdUssd","$v":"Запыт USSD зменены на новы запыт USSD"},{"$i":"emMmiErrorStkCcSsDial","$v":"Запыт SS зменены на запыт НАБОРА"},{"$i":"emMmiErrorStkCcSsUssd","$v":"Зап. SS змен. на зап. USSD"},{"$i":"emMmiErrorStkCcSsSs","$v":"Запыт SS зменены на новы запыт SS"},{"$i":"emMmiErrorPinPukAttempts","$v":{"few":["Засталося паўторных спроб: ",{"t":"idOrVar","v":"n"}],"many":["Засталося паўторных спроб: ",{"t":"idOrVar","v":"n"}],"one":["Заст. толькі ",{"t":"idOrVar","v":"n"}," спр."],"other":["Засталося паўторных спроб: ",{"t":"idOrVar","v":"n"}],"two":["Засталося паўторных спроб: ",{"t":"idOrVar","v":"n"}]},"$x":[{"t":"idOrVar","v":"plural"},"n"]},{"$i":"emMmiErrorSimBlocked","$v":"Перавышана максімальная колькасць паўторных спроб. SIM-картка заблакавана"},{"$i":"RadioNotAvailable","$v":"Radio not available"},{"$i":"PasswordIncorrect","$v":"Няправільны пароль"},{"$i":"SimPin2","$v":"Код PIN2 SIM-карткі"},{"$i":"SimPuk2","$v":"Код PUK2 SIM-карткі"},{"$i":"RequestNotSupported","$v":"Справаздача не падтрымліваецца"},{"$i":"OpNotAllowedDuringVoiceCall","$v":"Апер. не дазв. у гал. выкл."},{"$i":"SmsSendFailRetry","$v":"SMS send fail retry"},{"$i":"SimAbsent","$v":"SIM-карткі няма"},{"$i":"SubscriptionNotAvailable","$v":"Падпіска недаступна"},{"$i":"ModeNotSupported","$v":"Рэжым не падтрымліваецца"},{"$i":"FdnCheckFailure","$v":"Памылка праверкі FDN"},{"$i":"IllegalSimOrMe","$v":"Нелегальная SIM або ME"},{"$i":"DialModifiedToUssd","$v":"Dial modified to USSD"},{"$i":"DialModifiedToSs","$v":"Dial modified to SS"},{"$i":"DialModifiedToDial","$v":"Dial modified to dial"},{"$i":"UssdModifiedToDial","$v":"USSD зменены на набор"},{"$i":"UssdModifiedToSs","$v":"USSD зменены на SS"},{"$i":"UssdModifiedToUssd","$v":"USSD зменены на USSD"},{"$i":"SsModifiedToDial","$v":"SS зменена на набор"},{"$i":"SsModifiedToUssd","$v":"SS зменена на USSD"},{"$i":"SsModifiedToSs","$v":"SS зменена на SS"},{"$i":"SubscriptionNotSupported","$v":"Падпіска не падтрымліваецца"},{"$i":"InvalidParameter","$v":"Няправільны параметр"},{"$i":"RejectedByRemote","$v":"Адхілена аддал.карыст."},{"$i":"GetEmptyUssdPrompt","$v":"Null атрыманы адказ."},{"$i":"LimitBlockNumber","$v":"Гэты нумар заблакаваны. Вы можаце спытаць у бацькоў дазволу."},{"$i":"IncorrectPassword","$v":"Няправільны пароль."},{"$i":"Cancelled","$v":"Адменены."},{"$i":"OpNotAllowedBeforeRegToNw","$v":"Аперацыя забаронена да рэгістрацыі ў сетцы"},{"$i":"MissingResource","$v":"Адсутнічае рэсурс."},{"$i":"UnspecifiedError","$v":"Невызначаная памылка."},{"$i":"label","$v":"Метка"},{"$i":"faxHome","$v":"Хатні факс"},{"$i":"faxOffice","$v":"Працоўны факс"},{"$i":"faxOther","$v":"Іншы факс"},{"$i":"another","$v":"Іншы(-ая)"},{"$i":"other","$v":"Іншае"},{"$i":"customTag","$v":"Карыстальніцкая ўкладка","placeholder":"Карыстальніцкая ўкладка"},{"$i":"current","$v":"Бягучы"},{"$i":"itemWithLabel","$v":[{"t":"idOrVar","v":"label"},", ",{"t":"idOrVar","v":"item"}]},{"$i":"weekday-0-long","$v":"Нядзеля"},{"$i":"weekday-1-long","$v":"Панядзелак"},{"$i":"weekday-2-long","$v":"Аўторак"},{"$i":"weekday-3-long","$v":"Серада"},{"$i":"weekday-4-long","$v":"Чацвер"},{"$i":"weekday-5-long","$v":"Пятніца"},{"$i":"weekday-6-long","$v":"Субота"},{"$i":"weekday-0-short","$v":"Нядз"},{"$i":"weekday-1-short","$v":"Пан"},{"$i":"weekday-2-short","$v":"Аўт"},{"$i":"weekday-3-short","$v":"Сер"},{"$i":"weekday-4-short","$v":"Чацв"},{"$i":"weekday-5-short","$v":"Пят"},{"$i":"weekday-6-short","$v":"Суб"},{"$i":"month-0-long","$v":"Студзень"},{"$i":"month-1-long","$v":"Люты"},{"$i":"month-2-long","$v":"Сакавік"},{"$i":"month-3-long","$v":"Красавік"},{"$i":"month-4-long","$v":"Май"},{"$i":"month-5-long","$v":"Чэрвень"},{"$i":"month-6-long","$v":"Ліпень"},{"$i":"month-7-long","$v":"Жнівень"},{"$i":"month-8-long","$v":"Верасень"},{"$i":"month-9-long","$v":"Кастрычнік"},{"$i":"month-10-long","$v":"Лістапад"},{"$i":"month-11-long","$v":"Снежань"},{"$i":"month-0-genitive","$v":"Студзень"},{"$i":"month-1-genitive","$v":"Люты"},{"$i":"month-2-genitive","$v":"Сакавік"},{"$i":"month-3-genitive","$v":"Красавік"},{"$i":"month-4-genitive","$v":"Май"},{"$i":"month-5-genitive","$v":"Чэрвень"},{"$i":"month-6-genitive","$v":"Ліпень"},{"$i":"month-7-genitive","$v":"Жнівень"},{"$i":"month-8-genitive","$v":"Верасень"},{"$i":"month-9-genitive","$v":"Кастрычнік"},{"$i":"month-10-genitive","$v":"Лістапад"},{"$i":"month-11-genitive","$v":"Снежань"},{"$i":"month-0-short","$v":"Сту"},{"$i":"month-1-short","$v":"Лют"},{"$i":"month-2-short","$v":"Сак"},{"$i":"month-3-short","$v":"Кра"},{"$i":"month-4-short","$v":"Май"},{"$i":"month-5-short","$v":"Чэр"},{"$i":"month-6-short","$v":"Ліп"},{"$i":"month-7-short","$v":"Жні"},{"$i":"month-8-short","$v":"Вер"},{"$i":"month-9-short","$v":"Кас"},{"$i":"month-10-short","$v":"Ліс"},{"$i":"month-11-short","$v":"Снж"},{"$i":"minutes-ago-long","$v":{"few":["Хвілін таму: ",{"t":"idOrVar","v":"value"}],"many":["Хвілін таму: ",{"t":"idOrVar","v":"value"}],"other":["Хвілін таму: ",{"t":"idOrVar","v":"value"}],"two":["Хвілін таму: ",{"t":"idOrVar","v":"value"}],"one":"хвіліну таму","zero":"толькі цяпер"},"$x":[{"t":"idOrVar","v":"plural"},"n"]},{"$i":"hours-ago-long","$v":{"few":["Гадзін таму: ",{"t":"idOrVar","v":"value"}],"many":["Гадзін таму: ",{"t":"idOrVar","v":"value"}],"other":["Гадзін таму: ",{"t":"idOrVar","v":"value"}],"two":["Гадзін таму: ",{"t":"idOrVar","v":"value"}],"one":"1 час назад","zero":"толькі цяпер"},"$x":[{"t":"idOrVar","v":"plural"},"n"]},{"$i":"days-ago-long","$v":{"few":["Дзён таму: ",{"t":"idOrVar","v":"value"}],"many":["Дзён таму: ",{"t":"idOrVar","v":"value"}],"one":"учора","other":["Дзён таму: ",{"t":"idOrVar","v":"value"}],"two":["Дзён таму: ",{"t":"idOrVar","v":"value"}],"zero":"сёння"},"$x":[{"t":"idOrVar","v":"plural"},"n"]},{"$i":"weeks-ago-long","$v":{"few":["Тыдняў таму: ",{"t":"idOrVar","v":"value"}],"many":["Тыдняў таму: ",{"t":"idOrVar","v":"value"}],"one":"на мінулым тыдні","other":["Тыдняў таму: ",{"t":"idOrVar","v":"value"}],"two":["Тыдняў таму: ",{"t":"idOrVar","v":"value"}],"zero":"на гэтым тыдні"},"$x":[{"t":"idOrVar","v":"plural"},"n"]},{"$i":"months-ago-long","$v":{"few":["Месяцаў таму: ",{"t":"idOrVar","v":"value"}],"many":["Месяцаў таму: ",{"t":"idOrVar","v":"value"}],"one":"у мінулым месяцы","other":["Месяцаў таму: ",{"t":"idOrVar","v":"value"}],"two":["Месяцаў таму: ",{"t":"idOrVar","v":"value"}],"zero":"у гэтым месяцы"},"$x":[{"t":"idOrVar","v":"plural"},"n"]},{"$i":"years-ago-long","$v":{"few":["Гадоў таму: ",{"t":"idOrVar","v":"value"}],"many":["Гадоў таму: ",{"t":"idOrVar","v":"value"}],"one":"у мінулым годзе","other":["Гадоў таму: ",{"t":"idOrVar","v":"value"}],"two":["Гадоў таму: ",{"t":"idOrVar","v":"value"}],"zero":"у гэтым годзе"},"$x":[{"t":"idOrVar","v":"plural"},"n"]},{"$i":"minutes-until-long","$v":{"few":["праз ",{"t":"idOrVar","v":"value"}," хвілін(-ы)"],"many":["праз ",{"t":"idOrVar","v":"value"}," хвілін(-ы)"],"other":["праз ",{"t":"idOrVar","v":"value"}," хвілін(-ы)"],"two":["праз ",{"t":"idOrVar","v":"value"}," хвілін(-ы)"],"zero":"цяпер","one":"праз 1 хвіліну"},"$x":[{"t":"idOrVar","v":"plural"},"n"]},{"$i":"hours-until-long","$v":{"few":["праз ",{"t":"idOrVar","v":"value"}," гадзін(-ы)"],"many":["праз ",{"t":"idOrVar","v":"value"}," гадзін(-ы)"],"other":["праз ",{"t":"idOrVar","v":"value"}," гадзін(-ы)"],"two":["праз ",{"t":"idOrVar","v":"value"}," гадзін(-ы)"],"zero":"цяпер","one":"праз 1 гадзіну"},"$x":[{"t":"idOrVar","v":"plural"},"n"]},{"$i":"days-until-long","$v":{"few":["праз ",{"t":"idOrVar","v":"value"}," дні(дзён)"],"many":["праз ",{"t":"idOrVar","v":"value"}," дні(дзён)"],"one":"заўтра","other":["праз ",{"t":"idOrVar","v":"value"}," дні(дзён)"],"two":["праз ",{"t":"idOrVar","v":"value"}," дні(дзён)"],"zero":"сёння"},"$x":[{"t":"idOrVar","v":"plural"},"n"]},{"$i":"weeks-until-long","$v":{"few":["праз ",{"t":"idOrVar","v":"value"}," тыдні(-яў)"],"many":["праз ",{"t":"idOrVar","v":"value"}," тыдні(-яў)"],"one":"на наступным тыдні","other":["праз ",{"t":"idOrVar","v":"value"}," тыдні(-яў)"],"two":["праз ",{"t":"idOrVar","v":"value"}," тыдні(-яў)"],"zero":"на гэтым тыдні"},"$x":[{"t":"idOrVar","v":"plural"},"n"]},{"$i":"months-until-long","$v":{"few":["праз ",{"t":"idOrVar","v":"value"}," месяц(-аў)"],"many":["праз ",{"t":"idOrVar","v":"value"}," месяц(-аў)"],"one":"у наступным месяцы","other":["праз ",{"t":"idOrVar","v":"value"}," месяц(-аў)"],"two":["праз ",{"t":"idOrVar","v":"value"}," месяц(-аў)"],"zero":"у гэтым месяцы"},"$x":[{"t":"idOrVar","v":"plural"},"n"]},{"$i":"years-until-long","$v":{"few":["праз ",{"t":"idOrVar","v":"value"}," гады (год)"],"many":["праз ",{"t":"idOrVar","v":"value"}," гады (год)"],"one":"у наступным годзе","other":["праз ",{"t":"idOrVar","v":"value"}," гады (год)"],"two":["праз ",{"t":"idOrVar","v":"value"}," гады (год)"],"zero":"у гэтым годзе"},"$x":[{"t":"idOrVar","v":"plural"},"n"]},{"$i":"minutes-ago-short","$v":{"other":[{"t":"idOrVar","v":"value"},"хв таму"],"zero":"толькі цяпер"},"$x":[{"t":"idOrVar","v":"plural"},"n"]},{"$i":"hours-ago-short","$v":{"other":[{"t":"idOrVar","v":"value"},"гадз таму"],"zero":"толькі цяпер"},"$x":[{"t":"idOrVar","v":"plural"},"n"]},{"$i":"days-ago-short","$v":{"other":[{"t":"idOrVar","v":"value"},"д таму"],"zero":"сёння"},"$x":[{"t":"idOrVar","v":"plural"},"n"]},{"$i":"minutes-until-short","$v":{"other":["праз ",{"t":"idOrVar","v":"value"},"хв"],"zero":"цяпер"},"$x":[{"t":"idOrVar","v":"plural"},"n"]},{"$i":"hours-until-short","$v":{"other":["праз ",{"t":"idOrVar","v":"value"},"гадз"],"zero":"цяпер"},"$x":[{"t":"idOrVar","v":"plural"},"n"]},{"$i":"days-until-short","$v":{"other":["праз ",{"t":"idOrVar","v":"value"},"д"],"zero":"сёння"},"$x":[{"t":"idOrVar","v":"plural"},"n"]},{"$i":"incorrectDate","$v":"(няправільная дата)"},{"$i":"dateTimeFormat_%c","$v":"%a %b %e %Y %I:%M:%S %p"},{"$i":"dateTimeFormat_%x","$v":"%m/%d/%Y"},{"$i":"dateTimeFormat_%X","$v":"%I:%M:%S %p"},{"$i":"shortTimeFormat","$v":"%I:%M %p"},{"$i":"shortTimeFormat12","$v":"%I:%M %p"},{"$i":"shortTimeFormat24","$v":"%H:%M"},{"$i":"shortDateTimeFormat","$v":"%x %I:%M %p"},{"$i":"weekStartsOnMonday","$v":"0.0"},{"$i":"firstDayOfTheWeek","$v":"1.0"},{"$i":"time_am","$v":"Ран."},{"$i":"time_pm","$v":"PM"}]