[{"$i":"search-or-enter-address","placeholder":"ঠিকানা অনুসন্ধান করুন বা লিখুন"},{"$i":"delete-title","$v":[{"t":"idOrVar","v":"name"}," মুছুন"]},{"$i":"delete-body","$v":[{"t":"idOrVar","v":"name"}," এবং এর সমস্ত ডেটা মোছা হবে।"]},{"$i":"delete","$v":"মুছুন"},{"$i":"cancel","$v":"বাতিল করুন"},{"$i":"apps","$v":"অ্যাপ্স"},{"$i":"menu","$v":"মেন্যু"},{"$i":"notifications","$v":"নোটিশ"},{"$i":"speed-dial","$v":"স্পীড ডায়াল"},{"$i":"select","$v":"নির্বাচন করুন"},{"$i":"move","$v":"স্থানান্তরিত করুন"},{"$i":"ok","$v":"ঠিক আছে"},{"$i":"set","$v":"সেট করুন"},{"$i":"edit","$v":"সম্পাদনা করুন"},{"$i":"call","$v":"কল"},{"$i":"message","$v":"বার্তা"},{"$i":"options","$v":"বিকল্পগুলি"},{"$i":"assign","$v":"অ্যাসাইন করুন"},{"$i":"remove","$v":"সরান"},{"$i":"replace","$v":"বদল করুন"},{"$i":"more","$v":"অধিক"},{"$i":"settings","$v":"সেটিংস"},{"$i":"contacts","$v":"পরিচিতি"},{"$i":"list-view","$v":"তালিকা দেখুন"},{"$i":"grid-view","$v":"গ্রিড ভিউ"},{"$i":"single-view","$v":"একক দেখুন"},{"$i":"skip","$v":"স্কিপ"},{"$i":"shortcuts","$v":"শর্টকাটস"},{"$i":"next","$v":"পরবর্তী"},{"$i":"back","$v":"ফিরে যান"},{"$i":"memory-cleaner","$v":"মেমরি ক্লিনার"},{"$i":"open","$v":"খুলুন"},{"$i":"voicemail","$v":"ভয়েসমেল"},{"$i":"speed-dial-not-empty","ariaLabel":[{"t":"idOrVar","v":"order"},", ",{"t":"idOrVar","v":"name"}]},{"$i":"speed-dial-empty","ariaLabel":[{"t":"idOrVar","v":"order"},", খালি"]},{"$i":"remove-speed-dial","$v":["আপনি কি স্পীড ডায়াল থেকে ",{"t":"idOrVar","v":"name"},"-কে সরাতে চান ?"]},{"$i":"replace-speed-dial","$v":["আপনি কি ",{"t":"idOrVar","v":"name"},"-কে ",{"t":"idOrVar","v":"subName"},"-এর সাথে বদল করতে চান?"]},{"$i":"assign-speed-dial","$v":[{"t":"idOrVar","v":"n"}," বটনে একটি স্পীড ডায়াল হিসেবে পরিচিতি যোগ করা যায় নি। এখনই অ্যাসাইন করবেন ?"]},{"$i":"assign-voicemail","$v":"ভয়েস মেল নম্বর সেট করা হয়নি।"},{"$i":"alert-for-contacts-without-number","$v":"কোনো কন্টাক্টের সাথে ফোন নম্বর উপলব্ধ নয় I"},{"$i":"option-remove","$v":"স্পীড ডায়াল থেকে সরান"},{"$i":"option-replace","$v":"বদল করুন"},{"$i":"all-apps","$v":"সব-অ্যাপ"},{"$i":"uninstall","$v":"আনইনস্টল করুন"},{"$i":"confirm-to-uninstall-app","$v":[{"t":"idOrVar","v":"appName"}," অ্যাপ আনইনস্টল করবেন ?"]},{"$i":"confirm-to-unpin-bookmark","$v":"ওয়েবসাইটটি আনপিন করবেন ?"},{"$i":"unpin","$v":"আনপিন"},{"$i":"rename","$v":"পুনঃনামকরণ"},{"$i":"title","$v":"শিরোনাম"},{"$i":"add-to-existing-contact","$v":"বিদ্যমান পরিচিতিতে যোগ করুন"},{"$i":"create-new-contact","$v":"নতুন পরিচিতি তৈরি করুন"},{"$i":"sending","$v":"অনুগ্রহ করে অপেক্ষা করুন..."},{"$i":"video-call","$v":"ভিডিও কল"},{"$i":"rtt-call","$v":"আর.টি.টি কল"},{"$i":"callAirplaneModeTitle","$v":"এয়ারপ্লেন মোড সক্রিয় করা হয়েছে"},{"$i":"callAirplaneModeMessage","$v":"ফোন করতে আপনাকে সেটিংসে এয়ারপ্লেন মোড অক্ষম করতে হবে।"},{"$i":"emergencyDialogTitle","$v":"নেটওয়ার্ক সংযোগ নেই"},{"$i":"emergencyDialogBodyBadNumber","$v":"ফোন করতে ফোন অবশ্যই নেটওয়ার্কের সঙ্গে ফোন সংযুক্ত থাকতে হবে।"},{"$i":"emergencyDialogBodyDeviceNotAccepted","$v":"জরুরি কলগুলি নেটওয়ার্ক দ্বারা অনুমোদিত নয়।"},{"$i":"invalidNumberToDialTitle","$v":"অবৈধ ফোন নম্বর"},{"$i":"invalidNumberToDialMessage","$v":"আপনি যে ফোন নম্বরে কল করছেন সেটি বৈধ নয়।"},{"$i":"emergency-call-only","$v":"শুধুমাত্র জরুরি কল"},{"$i":"emergency-call-error","$v":[{"t":"idOrVar","v":"number"}," জরুরি নম্বর নয়।"]},{"$i":"numberIsBusyTitle","$v":"নম্বর ব্যস্ত আছে"},{"$i":"numberIsBusyMessage","$v":"নম্বরটি এখন ব্যস্ত আছে। পরে আবার চেষ্টা করুন।"},{"$i":"fdnIsActiveTitle","$v":"এফ.ডি.এন সক্রিয় আছে"},{"$i":"fdnIsActiveMessage","$v":["FDN(ফিক্সড ডায়ালিং নম্বর) সক্রিয় করা হয়েছে এবং নিম্নলিখিত নম্বরটি আপনার FDN তালিকায় নেই: ",{"t":"idOrVar","v":"number"}]},{"$i":"otherConnectionInUseTitle","$v":"অন্য সংযোগ ব্যবহার করা হচ্ছে"},{"$i":"otherConnectionInUseMessage","$v":"আপনি অন্য সংযোগে কল সক্রিয় করতে পারেন। আপনি একবারে একটি সংযোগ ব্যবহার করতে পারেন।"},{"$i":"GenericFailure","$v":"প্রাথমিক ভাবে ব্যর্থতা"},{"$i":"CallFailed","$v":"কল ব্যর্থ হয়েছে"},{"$i":"scCallBarring","$v":"কল নিষিদ্ধ"},{"$i":"scCallForwarding","$v":"কল ফরোয়ার্ডিং"},{"$i":"scClip","$v":"ইনকামিং কলার ID"},{"$i":"scClir","$v":"আউটগোয়িং কলার ID"},{"$i":"scPwd","$v":"পাসওয়ার্ড পরিবর্তন"},{"$i":"scCallWaiting","$v":"কল অপেক্ষমান"},{"$i":"scPin","$v":"পিন পরিবর্তন"},{"$i":"scPin2","$v":"পিন2 পরিবর্তন"},{"$i":"scPuk","$v":"পিন আনব্লক করুন"},{"$i":"scPuk2","$v":"পিন2 আনব্লক করুন"},{"$i":"scImei","$v":"IMEI"},{"$i":"scMeid","$v":"MEID"},{"$i":"scUssd","$v":"USSD"},{"$i":"deviceIsUnlocked","$v":"ডিভাইসটি আনলক করা আছে"},{"$i":"simUnlockCodeAccepted","$v":"সিম আনলক কোড গৃহীত হয়েছে"},{"$i":"simUnlockCodeFailed","$v":"সিম আনলক করতে অসফল"},{"$i":"personal","$v":"ব্যক্তিগত"},{"$i":"mobile","$v":"মোবাইল"},{"$i":"home","$v":"হোম"},{"$i":"work","$v":"ওয়ার্ক"},{"$i":"fax-home","$v":"Fax হোম"},{"$i":"fax-office","$v":"Fax অফিস"},{"$i":"fax-other","$v":"Fax অন্যান্য"},{"$i":"noSimCard","$v":"কোনো সিম কার্ড নেই"},{"$i":"noService","$v":"কোন পরিষেবা নেই"},{"$i":"lockedSim","$v":"সিম লক হয়ে গেছে"},{"$i":"airplaneMode","$v":"এয়ারপ্লেন মোড"},{"$i":"wifi-calling","$v":"WiFi কলিং"},{"$i":"homescreen-settings","$v":"হোমস্ক্রীন সেটিংস"},{"$i":"change-wallpaper","$v":"ওয়ালপেপার পরিবর্তন করুন"},{"$i":"add-smart-collections","$v":"স্মার্ট সংগ্রহগুলি যোগ করুন"},{"$i":"edit-mode","$v":"সম্পাদনা করুন"},{"$i":"edit-done","$v":"সম্পন্ন"},{"$i":"tutorial-for-side-menu-1","$v":["বামদিকে অ্যাপ্লিকেশন অ্যাক্সেস করতে ",{"t":"idOrVar","v":"left"}," কী টিপুন।"]},{"$i":"tutorial-for-instant-settings-1","$v":["সাধারণত ব্যবহৃত সেটিংসের জন্য ",{"t":"idOrVar","v":"up"}," কী টিপুন।"]},{"$i":"tutorial-for-notices","$v":"নতুন নোটিশ দেখতে ডান কী টিপুন।"},{"$i":"tutorial-for-google-assistant-1","$v":["কথা বলতে ",{"t":"idOrVar","v":"microphone"}," এর উপর দীর্ঘ সময়ের জন্য টিপুন।"]},{"$i":"tutorial-for-voice-input-1","$v":["টেক্সট ফিল্ডে কথা বলতে ",{"t":"idOrVar","v":"microphone"}," এর উপর দীর্ঘ সময়ের জন্য টিপুন।"]},{"$i":"tutorial-for-find-kaistore-2","$v":"অ্যাপস মেনুর প্রথম পেজে কাইস্টোর অ্যাপটি সন্ধান করুন।"},{"$i":"tutorial-for-left","$v":"বাম"},{"$i":"tutorial-for-up","$v":"উপরে"},{"$i":"stop-download-title","$v":[{"t":"idOrVar","v":"name"}," বন্ধ করুন"]},{"$i":"stop-download-body","$v":"আপনি কি চলতে থাকা ডাউনলোডটি থামাতে চান?"},{"$i":"stop-download-action","$v":"বন্ধ"},{"$i":"resume-download-title","$v":"ডাউনলোড পুনঃআরম্ভ করুন"},{"$i":"resume-download-body","$v":["আপনি কি ",{"t":"idOrVar","v":"name"}," ডাউনলোড করতে চান?"]},{"$i":"resume-download-action","$v":"ডাউনলোড"},{"$i":"edit-group-header","$v":"গ্রুপ সম্পাদনা করুন"},{"$i":"gaia-shortcut-app-updated","$v":"অ্যাপ আপডেট করা হয়েছে"},{"$i":"clocks-updated","$v":"ঘড়িগুলি আপডেট করা হয়েছে"},{"$i":"longDateFormat","$v":"%A, %B %e"},{"$i":"app-title","$v":"আমার অ্যাপ"},{"$i":"app-uninstall","$v":[{"t":"idOrVar","v":"name"}," আনইনস্টল করা হয়েছে"]},{"$i":"confirmation","$v":"নিশ্চিতকরণ"},{"$i":"clockDateFormat","$v":"%a, %e %b"},{"$i":"apn-sim1","$v":"SIM1 - এ.পি.এন সেটিংস"},{"$i":"apn-sim2","$v":"SIM2 - এ.পি.এন সেটিংস"},{"$i":"apnDefaultConfig","$v":"APN Default Config"},{"$i":"apn-defaultconfig-message","$v":"কোন প্রকারের apn ব্যবহার করবেন তা সেট করুন"},{"$i":"apnConfigPostpay","$v":"Postpay APN"},{"$i":"apnConfigPrepay","$v":"Prepay APN"},{"$i":"offline-toaster-message","$v":"ফোনটি অফলাইন।"},{"$i":"dialog-title-new-card","$v":"নতুন কার্ড"},{"$i":"dialog-text-new-card-show","$v":"আপনি একটি নতুন কার্ড পেয়েছেন: ইন্টারনেট অনুসন্ধান করুন।"},{"$i":"not-connect-internet-text","$v":"আপনার কাছে ইন্টারনেট সংযোগ নেই। এখন ইন্টারনেটের সাথে সংযোগ করবেন?"},{"$i":"not-connect-internet-up-button","$v":"সেলুলার ডেটা চালু করুন"},{"$i":"not-connect-internet-down-button","$v":"সেলুলার ডেটা কি"},{"$i":"not-data-plan-text","$v":"মনে হচ্ছে ইন্টারনেটের সাথে সংযোগ করার জন্য আপনার কাছে কোনো ডেটা প্ল্যান নেই। আপনার জন্য এখানে বিকল্প রইল।"},{"$i":"not-data-plan-down-button","$v":"ওয়াই-ফাই ব্যবহার করুন"},{"$i":"connect-internet-title","$v":"আপনি সংযুক্ত আছেন"},{"$i":"connect-internet-text","$v":"স্টোর, সংবাদ, আবহাওয়া এবং ইন্টারনেট ব্রাউজারের মতো অ্যাপগুলি চেক করুন।"},{"$i":"utilities","$v":"উপযোগিতাসমূহ"},{"$i":"games","$v":"গেমস"},{"$i":"toast-app-downloaded-to-folder","$v":[{"t":"idOrVar","v":"folderName"},"ফোল্ডারে ",{"t":"idOrVar","v":"appName"}," ডাউনলোড করা হয়েছে।"]},{"$i":"toast-need-update-app","$v":"অনুগ্রহ করে অ্যাপ ব্যবহার চালিয়ে যেতে জিওস্টোর অ্যাপ থেকে সর্বশেষ সংস্করণ আপডেট করান"},{"$i":"notices-reminder-header","$v":"রিমাইন্ডার"},{"$i":"notices-reminder-content","$v":"আপনি অপঠিত বিজ্ঞপ্তি আছে। বিজ্ঞপ্তি চেক করুন এবং আপনি গুরুত্বপূর্ণ কিছু মিস করবেন না।"},{"$i":"instant-settings","$v":"instant settings"},{"$i":"flashlight","$v":"Flashlight"},{"$i":"brightness","$v":"Brightness"},{"$i":"volume","$v":"Volume"},{"$i":"camera","$v":"ক্যামেরা"},{"$i":"calculator","$v":"Calculator"},{"$i":"airplane-mode","$v":"Airplane Mode"},{"$i":"wifi","$v":"Wi-Fi"},{"$i":"bluetooth","$v":"Bluetooth"},{"$i":"cellular-data","$v":"Cellular Data"},{"$i":"on","$v":"On"},{"$i":"off","$v":"Off"},{"$i":"percentage-number","$v":[{"t":"idOrVar","v":"number"},"%"]},{"$i":"eccOnly","$v":"শুধুমাত্র জরুরি কল"},{"$i":"emergencyCallsOnly","$v":"শুধুমাত্র জরুরি কল"},{"$i":"searching","$v":"অনুসন্ধান করছে"},{"$i":"nocard-eccOnly","$v":"কোনও সিম কার্ড-জরুরী কল নেই"},{"$i":"unusablecard-eccOnly","$v":"অপ্রয়োজনীয় সিম কার্ড-জরুরী কল"},{"$i":"nocard-noservice","$v":"কোনো সিম কার্ড নেই-কোন পরিষেবা নেই"},{"$i":"sim-with-index-and-carrier","$v":["SIM ",{"t":"idOrVar","v":"index"}," - ",{"t":"idOrVar","v":"carrier"}]},{"$i":"sim-without-carrier","$v":["SIM ",{"t":"idOrVar","v":"index"}]},{"$i":"call-forwarding-async","$v":["অ্যাসিন্ক্রোনাস: ",{"t":"idOrVar","v":"async"}]},{"$i":"call-forwarding-data","$v":["তথ্য: ",{"t":"idOrVar","v":"data"}]},{"$i":"call-forwarding-error","$v":"কল ফরোয়ার্ড স্থিতি পুনরুদ্ধার করার সময় একটি ত্রুটি হয়েছে"},{"$i":"call-forwarding-fax","$v":["FAX: ",{"t":"idOrVar","v":"fax"}]},{"$i":"call-forwarding-inactive","$v":"নিষ্ক্রিয়"},{"$i":"call-forwarding-packet","$v":["প্যাকেট: ",{"t":"idOrVar","v":"packet"}]},{"$i":"call-forwarding-pad","$v":["PAD: ",{"t":"idOrVar","v":"pad"}]},{"$i":"call-forwarding-sms","$v":["SMS: ",{"t":"idOrVar","v":"sms"}]},{"$i":"call-forwarding-status","$v":"কল ফরোয়ার্ডিং স্থিতি"},{"$i":"call-forwarding-sync","$v":["সমকালীন: ",{"t":"idOrVar","v":"sync"}]},{"$i":"call-forwarding-voice","$v":["ভয়েস: ",{"t":"idOrVar","v":"voice"}]},{"$i":"call-forwarding-voice-after-seconds","$v":["ভয়েস: ",{"t":"idOrVar","v":"voice"}," পরবর্তী ",{"t":"idOrVar","v":"timeSeconds"}," সেকেন্ডস"]},{"$i":"call-forwarding-reason","$v":["Reason: ",{"t":"idOrVar","v":"reason"}]},{"$i":"serviceClassVoice","$v":"ভয়েস"},{"$i":"serviceClassData","$v":"ডেটা"},{"$i":"serviceClassFax","$v":"FAX"},{"$i":"serviceClassSms","$v":"SMS"},{"$i":"serviceClassDataSync","$v":"সিঙ্ক"},{"$i":"serviceClassDataAsync","$v":"অ্যাসিং"},{"$i":"serviceClassPacket","$v":"প্যাকেট"},{"$i":"serviceClassPad","$v":"PAD"},{"$i":"smServiceEnabled","$v":"পরিষেবা সক্ষম আছে"},{"$i":"smServiceDisabled","$v":"পরিষেবা অক্ষম করা হয়েছে"},{"$i":"smServiceRegistered","$v":"নিবন্ধন সফল হয়েছে"},{"$i":"smServiceErased","$v":"মুছে ফেলা সফল হয়েছে"},{"$i":"smServiceInterrogated","$v":"অনুরোধ সফল হয়েছে"},{"$i":"smServiceNotProvisioned","$v":"পরিষেবার প্রস্তুত করা হয় নি"},{"$i":"smClirPermanent","$v":"আপনি কলার ID সেটিংস পরিবর্তন করতে পারবেন না"},{"$i":"smClirDefaultOnNextCallOn","$v":"কলার ID ডিফল্ট হিসাবে সীমাবদ্ধ নয়। পরবর্তী কল: সীমাবদ্ধ"},{"$i":"smClirDefaultOnNextCallOff","$v":"কলার ID ডিফল্ট হিসাবে সীমাবদ্ধ নয়। পরবর্তী কল: সীমাবদ্ধ নয়"},{"$i":"smClirDefaultOffNextCallOn","$v":"কলার ID ডিফল্ট হিসাবে সীমাবদ্ধ নয়। পরবর্তী কল: সীমাবদ্ধ"},{"$i":"smClirDefaultOffNextCallOff","$v":"কলার ID ডিফল্ট হিসাবে সীমাবদ্ধ নয়। পরবর্তী কল: সীমাবদ্ধ নয়"},{"$i":"smServiceEnabledFor","$v":"এর জন্য পরিষেবার সক্ষম করা ছিল:"},{"$i":"smPinChanged","$v":"পিন সফলভাবে পরিবর্তন করা হয়েছে"},{"$i":"smPinUnblocked","$v":"পিন সফলভাবে আনলক করা হয়েছে"},{"$i":"smPin2Changed","$v":"পিন2 সফলভাবে পরিবর্তন করা হয়েছে"},{"$i":"smPin2Unblocked","$v":"পিন2 সফলভাবে অবরোধ মুক্ত করা হয়েছে"},{"$i":"ServiceIsEnabled","$v":"পরিষেবা সক্ষম আছে"},{"$i":"ServiceIsDisabled","$v":"পরিষেবা অক্ষম আছে"},{"$i":"ServiceIsEnabledFor","$v":"এর জন্য পরিষেবা সক্ষম আছে:"},{"$i":"emMmiError","$v":"সংযোগের সমস্যা বা অবৈধ MMI কোড"},{"$i":"emMmiErrorPasswordIncorrect","$v":"ভুল পাসওয়ার্ড"},{"$i":"emMmiErrorNotSupported","$v":"অবৈধ বা অসমর্থিত MMI কোড"},{"$i":"emMmiErrorInvalidAction","$v":"অবৈধ অ্যাক্সন"},{"$i":"emMmiErrorInvalidScCode","$v":"অবৈধ পরিষেবা কোড"},{"$i":"emMmiErrorBadPuk","$v":"আপনার টাইপ করা PUKটি ভুল"},{"$i":"emMmiErrorBadPin","$v":"আপনার টাইপ করা পুরানো পিনটি ঠিক নয়।"},{"$i":"emMmiErrorNeedPuk2","$v":"সিম কার্ড আনব্লক করতে PUK2 টাইপ করুন"},{"$i":"emMmiErrorMismatchPin","$v":"আপনি যে পিন টাইপ করেছেন সেটি মেলেনি"},{"$i":"emMmiErrorInvalidPin","$v":"একটি 4 থেকে 8 সংখ্যার পিন টাইপ করুন।"},{"$i":"emMmiErrorNeedsPuk","$v":"আপনার সিম কার্ডটি PUK-লকযুক্ত"},{"$i":"emMmiErrorEnablePin","$v":"অসফল. SIM/RUIM লক সক্ষম করুন"},{"$i":"emMmiErrorMmiFdn","$v":"অপারেশন শুধুমাত্র স্থায়ী ডায়াল করার নম্বরগুলিতে সীমাবদ্ধ"},{"$i":"emMmiErrorStkCcUssdDial","$v":"USSD অনুরোধটিকে ডায়াল অনুরোধে পরিবর্তন করা হয়েছে৷"},{"$i":"emMmiErrorStkCcUssdSs","$v":"USSD অনুরোধটিকে SS অনুরোধে পরিবর্তন করা হয়েছে৷"},{"$i":"emMmiErrorStkCcUssdUssd","$v":"USSD অনুরোধটিকে নতুন USSD অনুরোধে পরিবর্তন করা হয়েছে৷"},{"$i":"emMmiErrorStkCcSsDial","$v":"SS অনুরোধ ডায়াল অনুরোধে পরিবর্তন করা হয়েছে"},{"$i":"emMmiErrorStkCcSsUssd","$v":"SS অনুরোধটিকে নতুন USSD অনুরোধে পরিবর্তন করা হয়েছে"},{"$i":"emMmiErrorStkCcSsSs","$v":"SS অনুরোধ নতুন SS অনুরোধে পরিবর্তন করা হয়েছে"},{"$i":"emMmiErrorPinPukAttempts","$v":{"few":[{"t":"idOrVar","v":"n"},"টি পুনঃপ্রয়াস অবশিষ্ট আছে"],"many":[{"t":"idOrVar","v":"n"},"টি পুনঃপ্রয়াস অবশিষ্ট আছে"],"one":["আর মাত্র ",{"t":"idOrVar","v":"n"},"টি প্রচেষ্টা অবশিষ্ট"],"other":[{"t":"idOrVar","v":"n"},"টি পুনঃপ্রয়াস অবশিষ্ট আছে"],"two":[{"t":"idOrVar","v":"n"},"টি পুনঃপ্রয়াস অবশিষ্ট আছে"]},"$x":[{"t":"idOrVar","v":"plural"},"n"]},{"$i":"emMmiErrorSimBlocked","$v":"পুনপ্রচেষ্টার সর্বোচ্চ নম্বর পেরিয়ে গেছে। সিম অবরুদ্ধ করা হয়েছে"},{"$i":"RadioNotAvailable","$v":"রেডিও উপলব্ধ নয়"},{"$i":"PasswordIncorrect","$v":"পাসওয়ার্ড ভুল"},{"$i":"SimPin2","$v":"সিম পিন2"},{"$i":"SimPuk2","$v":"সিম PUK2"},{"$i":"RequestNotSupported","$v":"অনুরোধ সমর্থিত নয়"},{"$i":"OpNotAllowedDuringVoiceCall","$v":"ভয়েস কলের সময় অপারেশন অনুমোদিত নয়"},{"$i":"SmsSendFailRetry","$v":"SMS পাঠানো ব্যর্থ আবার চেষ্টা করুন"},{"$i":"SimAbsent","$v":"সিম অনুপস্থিত"},{"$i":"SubscriptionNotAvailable","$v":"সদস্যতা উপলব্ধ নয়"},{"$i":"ModeNotSupported","$v":"মোড সমর্থিত নয়"},{"$i":"FdnCheckFailure","$v":"Fdn ব্যর্থতা পরীক্ষা করুন"},{"$i":"IllegalSimOrMe","$v":"অবৈধ সিম বা ME"},{"$i":"DialModifiedToUssd","$v":"ডায়াল USSD-এ পরিবর্তন করা হয়েছে"},{"$i":"DialModifiedToSs","$v":"ডায়াল SS-এ পরিবর্তন করা হয়েছে"},{"$i":"DialModifiedToDial","$v":"ডায়াল ডায়ালে পরিবর্তন করা হয়েছে"},{"$i":"UssdModifiedToDial","$v":"USSD, ডায়ালে পরিবর্তন করা হয়েছে"},{"$i":"UssdModifiedToSs","$v":"SS, USSD তে পরিবর্তন করা হয়েছে"},{"$i":"UssdModifiedToUssd","$v":"USSD, USSD তে পরিবর্তন করা হয়েছে"},{"$i":"SsModifiedToDial","$v":"SS, ডায়ালে পরিবর্তন করা হয়েছে"},{"$i":"SsModifiedToUssd","$v":"SS, USSDতে পরিবর্তন করা হয়েছে"},{"$i":"SsModifiedToSs","$v":"SS, SSতে পরিবর্তন করা হয়েছে"},{"$i":"SubscriptionNotSupported","$v":"সদস্যতা সমর্থিত নয়"},{"$i":"InvalidParameter","$v":"অবৈধ প্যারামিটার"},{"$i":"RejectedByRemote","$v":"রিমোট দ্বারা প্রত্যাখাত"},{"$i":"GetEmptyUssdPrompt","$v":"খালি রিপ্লাই প্রাপ্ত হয়েছে I"},{"$i":"LimitBlockNumber","$v":"এই নম্বরটি ব্লক করা হয়েছে।আপনি অনুমতির জন্য আপনার পিতা-মাতা কে জিজ্ঞাসা করতে পারেন।"},{"$i":"IncorrectPassword","$v":"ভুল পাসওয়ার্ড।"},{"$i":"Cancelled","$v":"বাতিল করা হয়েছে।"},{"$i":"OpNotAllowedBeforeRegToNw","$v":"নেটওয়ার্কে রেজিস্টার  করার পূর্বে অপারেশনের অনুমতি নেই"},{"$i":"MissingResource","$v":"অনুপলব্ধ রিসোর্স।"},{"$i":"UnspecifiedError","$v":"অনির্দিষ্ট ত্রুটি।"},{"$i":"label","$v":"লেবেল"},{"$i":"faxHome","$v":"Fax হোম"},{"$i":"faxOffice","$v":"Fax অফিস"},{"$i":"faxOther","$v":"Fax অন্যান্য"},{"$i":"another","$v":"অন্য"},{"$i":"other","$v":"অন্যান্য"},{"$i":"customTag","$v":"কাস্টম ট্যাগ","placeholder":"কাস্টম ট্যাগ"},{"$i":"current","$v":"বর্তমান"},{"$i":"itemWithLabel","$v":[{"t":"idOrVar","v":"label"},", ",{"t":"idOrVar","v":"item"}]},{"$i":"weekday-0-long","$v":"রবিবার"},{"$i":"weekday-1-long","$v":"সোমবার"},{"$i":"weekday-2-long","$v":"মঙ্গলবার"},{"$i":"weekday-3-long","$v":"বুধবার"},{"$i":"weekday-4-long","$v":"বৃহস্পতিবার"},{"$i":"weekday-5-long","$v":"শুক্রবার"},{"$i":"weekday-6-long","$v":"শনিবার"},{"$i":"weekday-0-short","$v":"রবি"},{"$i":"weekday-1-short","$v":"সোম"},{"$i":"weekday-2-short","$v":"মঙ্গল"},{"$i":"weekday-3-short","$v":"বুধ"},{"$i":"weekday-4-short","$v":"বৃহস্পতি"},{"$i":"weekday-5-short","$v":"শুক্র"},{"$i":"weekday-6-short","$v":"শনি"},{"$i":"month-0-long","$v":"জানুয়ারি"},{"$i":"month-1-long","$v":"ফেব্রুয়ারি"},{"$i":"month-2-long","$v":"মার্চ"},{"$i":"month-3-long","$v":"এপ্রিল"},{"$i":"month-4-long","$v":"মে"},{"$i":"month-5-long","$v":"জুন"},{"$i":"month-6-long","$v":"জুলাই"},{"$i":"month-7-long","$v":"আগস্ট"},{"$i":"month-8-long","$v":"সেপ্টেম্বর"},{"$i":"month-9-long","$v":"অক্টোবর"},{"$i":"month-10-long","$v":"নভেম্বর"},{"$i":"month-11-long","$v":"ডিসেম্বর"},{"$i":"month-0-genitive","$v":"জানুয়ারি"},{"$i":"month-1-genitive","$v":"ফেব্রুয়ারি"},{"$i":"month-2-genitive","$v":"মার্চ"},{"$i":"month-3-genitive","$v":"এপ্রিল"},{"$i":"month-4-genitive","$v":"মে"},{"$i":"month-5-genitive","$v":"জুন"},{"$i":"month-6-genitive","$v":"জুলাই"},{"$i":"month-7-genitive","$v":"আগস্ট"},{"$i":"month-8-genitive","$v":"সেপ্টেম্বর"},{"$i":"month-9-genitive","$v":"অক্টোবর"},{"$i":"month-10-genitive","$v":"নভেম্বর"},{"$i":"month-11-genitive","$v":"ডিসেম্বর"},{"$i":"month-0-short","$v":"জানুয়ারী"},{"$i":"month-1-short","$v":"ফেব্রুয়ারি"},{"$i":"month-2-short","$v":"মার্চ"},{"$i":"month-3-short","$v":"এপ্রিল"},{"$i":"month-4-short","$v":"মে"},{"$i":"month-5-short","$v":"জুন"},{"$i":"month-6-short","$v":"জুলাই"},{"$i":"month-7-short","$v":"আগস্ট"},{"$i":"month-8-short","$v":"সেপ্টেম্বর"},{"$i":"month-9-short","$v":"অক্টোবর"},{"$i":"month-10-short","$v":"নভেম্বর"},{"$i":"month-11-short","$v":"ডিসেম্বর"},{"$i":"minutes-ago-long","$v":{"few":[{"t":"idOrVar","v":"value"}," মিনিট আগে"],"many":[{"t":"idOrVar","v":"value"}," মিনিট আগে"],"other":[{"t":"idOrVar","v":"value"}," মিনিট আগে"],"two":[{"t":"idOrVar","v":"value"}," মিনিট আগে"],"one":"এক মিনিট আগে","zero":"Just now"},"$x":[{"t":"idOrVar","v":"plural"},"value"]},{"$i":"hours-ago-long","$v":{"few":[{"t":"idOrVar","v":"value"}," ঘন্টা আগে"],"many":[{"t":"idOrVar","v":"value"}," ঘন্টা আগে"],"other":[{"t":"idOrVar","v":"value"}," ঘন্টা আগে"],"two":[{"t":"idOrVar","v":"value"}," ঘন্টা আগে"],"one":"এক ঘন্টা আগে","zero":"Just now"},"$x":[{"t":"idOrVar","v":"plural"},"value"]},{"$i":"days-ago-long","$v":{"few":[{"t":"idOrVar","v":"value"}," দিন আগে"],"many":[{"t":"idOrVar","v":"value"}," দিন আগে"],"one":"গতকাল","other":[{"t":"idOrVar","v":"value"}," দিন আগে"],"two":[{"t":"idOrVar","v":"value"}," দিন আগে"],"zero":"আজ"},"$x":[{"t":"idOrVar","v":"plural"},"value"]},{"$i":"weeks-ago-long","$v":{"few":[{"t":"idOrVar","v":"value"}," সপ্তাহ আগে"],"many":[{"t":"idOrVar","v":"value"}," সপ্তাহ আগে"],"one":"গত সপ্তাহ","other":[{"t":"idOrVar","v":"value"}," সপ্তাহ আগে"],"two":[{"t":"idOrVar","v":"value"}," সপ্তাহ আগে"],"zero":"এই সপ্তাহ"},"$x":[{"t":"idOrVar","v":"plural"},"value"]},{"$i":"months-ago-long","$v":{"few":[{"t":"idOrVar","v":"value"}," মাস আগে"],"many":[{"t":"idOrVar","v":"value"}," মাস আগে"],"one":"গত মাস","other":[{"t":"idOrVar","v":"value"}," মাস আগে"],"two":[{"t":"idOrVar","v":"value"}," মাস আগে"],"zero":"এই মাস"},"$x":[{"t":"idOrVar","v":"plural"},"value"]},{"$i":"years-ago-long","$v":{"few":[{"t":"idOrVar","v":"value"}," বছর আগে"],"many":[{"t":"idOrVar","v":"value"}," বছর আগে"],"one":"গত বছর","other":[{"t":"idOrVar","v":"value"}," বছর আগে"],"two":[{"t":"idOrVar","v":"value"}," বছর আগে"],"zero":"এই বছর"},"$x":[{"t":"idOrVar","v":"plural"},"value"]},{"$i":"minutes-until-long","$v":{"few":[{"t":"idOrVar","v":"value"}," মিনিটে"],"many":[{"t":"idOrVar","v":"value"}," মিনিটে"],"other":[{"t":"idOrVar","v":"value"}," মিনিটে"],"two":[{"t":"idOrVar","v":"value"}," মিনিটে"],"zero":"এখন","one":"এক মিনিটে"},"$x":[{"t":"idOrVar","v":"plural"},"value"]},{"$i":"hours-until-long","$v":{"few":[{"t":"idOrVar","v":"value"}," ঘন্টায়"],"many":[{"t":"idOrVar","v":"value"}," ঘন্টায়"],"other":[{"t":"idOrVar","v":"value"}," ঘন্টায়"],"two":[{"t":"idOrVar","v":"value"}," ঘন্টায়"],"zero":"এখন","one":"এক ঘন্টায়"},"$x":[{"t":"idOrVar","v":"plural"},"value"]},{"$i":"days-until-long","$v":{"few":[{"t":"idOrVar","v":"value"}," দিনে"],"many":[{"t":"idOrVar","v":"value"}," দিনে"],"one":"আগামীকাল","other":[{"t":"idOrVar","v":"value"}," দিনে"],"two":[{"t":"idOrVar","v":"value"}," দিনে"],"zero":"আজ"},"$x":[{"t":"idOrVar","v":"plural"},"value"]},{"$i":"weeks-until-long","$v":{"few":[{"t":"idOrVar","v":"value"}," সপ্তাহে"],"many":[{"t":"idOrVar","v":"value"}," সপ্তাহে"],"one":"পরের সপ্তাহ","other":[{"t":"idOrVar","v":"value"}," সপ্তাহে"],"two":[{"t":"idOrVar","v":"value"}," সপ্তাহে"],"zero":"এই সপ্তাহ"},"$x":[{"t":"idOrVar","v":"plural"},"value"]},{"$i":"months-until-long","$v":{"few":[{"t":"idOrVar","v":"value"}," মাসে"],"many":[{"t":"idOrVar","v":"value"}," মাসে"],"one":"পরের মাস","other":[{"t":"idOrVar","v":"value"}," মাসে"],"two":[{"t":"idOrVar","v":"value"}," মাসে"],"zero":"এই মাস"},"$x":[{"t":"idOrVar","v":"plural"},"value"]},{"$i":"years-until-long","$v":{"few":[{"t":"idOrVar","v":"value"}," বছরে"],"many":[{"t":"idOrVar","v":"value"}," বছরে"],"one":"পরের বছর","other":[{"t":"idOrVar","v":"value"}," বছরে"],"two":[{"t":"idOrVar","v":"value"}," বছরে"],"zero":"এই বছর"},"$x":[{"t":"idOrVar","v":"plural"},"value"]},{"$i":"minutes-ago-short","$v":{"other":[{"t":"idOrVar","v":"value"},"মিনিট আগে"],"zero":"Just now"},"$x":[{"t":"idOrVar","v":"plural"},"value"]},{"$i":"hours-ago-short","$v":{"other":[{"t":"idOrVar","v":"value"},"ঘন্টা আগে"],"zero":"Just now"},"$x":[{"t":"idOrVar","v":"plural"},"value"]},{"$i":"days-ago-short","$v":{"other":[{"t":"idOrVar","v":"value"},"দিন আগে"],"zero":"আজ"},"$x":[{"t":"idOrVar","v":"plural"},"value"]},{"$i":"minutes-until-short","$v":{"other":[{"t":"idOrVar","v":"value"},"মাসে"],"zero":"এখন"},"$x":[{"t":"idOrVar","v":"plural"},"value"]},{"$i":"hours-until-short","$v":{"other":[{"t":"idOrVar","v":"value"},"ঘন্টায়"],"zero":"এখন"},"$x":[{"t":"idOrVar","v":"plural"},"value"]},{"$i":"days-until-short","$v":{"other":[{"t":"idOrVar","v":"value"},"দিনে"],"zero":"আজ"},"$x":[{"t":"idOrVar","v":"plural"},"value"]},{"$i":"incorrectDate","$v":"(ভুল তারিখ)"},{"$i":"dateTimeFormat_%c","$v":"%a %b %e %Y %I:%M:%S %p"},{"$i":"dateTimeFormat_%x","$v":"%m/%d/%Y"},{"$i":"dateTimeFormat_%X","$v":"%I:%M:%S %p"},{"$i":"shortTimeFormat","$v":"%I:%M %p"},{"$i":"shortTimeFormat12","$v":"%I:%M %p"},{"$i":"shortTimeFormat24","$v":"%H:%M"},{"$i":"shortDateTimeFormat","$v":"%x %I:%M %p"},{"$i":"weekStartsOnMonday","$v":"0.0"},{"$i":"firstDayOfTheWeek","$v":"0.0"},{"$i":"time_am","$v":"AM"},{"$i":"time_pm","$v":"PM"}]