[{"$i":"search-or-enter-address","placeholder":"Aadressi ots./sisest."},{"$i":"delete-title","$v":["Kustuta ",{"t":"idOrVar","v":"name"}]},{"$i":"delete-body","$v":[{"t":"idOrVar","v":"name"}," ja kõik selle andmed kustutatakse."]},{"$i":"delete","$v":"Kustuta"},{"$i":"cancel","$v":"Tühista"},{"$i":"apps","$v":"Rakendused"},{"$i":"menu","$v":"Menüü"},{"$i":"notifications","$v":"Teated"},{"$i":"speed-dial","$v":"Kiirvalimine"},{"$i":"select","$v":"Vali"},{"$i":"move","$v":"Teisalda"},{"$i":"ok","$v":"OK"},{"$i":"set","$v":"Määra"},{"$i":"edit","$v":"Redigeeri"},{"$i":"call","$v":"Helistamine"},{"$i":"message","$v":"Sõnum"},{"$i":"options","$v":"Valikud"},{"$i":"assign","$v":"Määra"},{"$i":"remove","$v":"Eemalda"},{"$i":"replace","$v":"Asenda"},{"$i":"more","$v":"Veel"},{"$i":"settings","$v":"Seaded"},{"$i":"contacts","$v":"Kontaktid"},{"$i":"list-view","$v":"Loendivaade"},{"$i":"grid-view","$v":"Pildivaade"},{"$i":"single-view","$v":"Ühes vaates"},{"$i":"skip","$v":"Jäta vahele"},{"$i":"shortcuts","$v":"Otseteed"},{"$i":"next","$v":"Edasi"},{"$i":"back","$v":"Tagasi"},{"$i":"memory-cleaner","$v":"Mälu puhastaja"},{"$i":"open","$v":"Ava"},{"$i":"voicemail","$v":"Tavakõneteade"},{"$i":"speed-dial-not-empty","ariaLabel":[{"t":"idOrVar","v":"order"},", ",{"t":"idOrVar","v":"name"}]},{"$i":"speed-dial-empty","ariaLabel":[{"t":"idOrVar","v":"order"},", tühi"]},{"$i":"remove-speed-dial","$v":["Kas soovite kontakti ",{"t":"idOrVar","v":"name"}," kindlasti kiirvalimisest eemaldada?"]},{"$i":"replace-speed-dial","$v":["Kas soovite kindlasti kontakti ",{"t":"idOrVar","v":"name"}," kontaktiga ",{"t":"idOrVar","v":"subName"}," asendada?"]},{"$i":"assign-speed-dial","$v":["Kontakti ei lisatud kiirvalikuna nupule ",{"t":"idOrVar","v":"n"},". Kas määrata nüüd?"]},{"$i":"assign-voicemail","$v":"Tavakõneposti number pole määratud."},{"$i":"alert-for-contacts-without-number","$v":"Telefoninumbriga kontakte pole saadaval."},{"$i":"option-remove","$v":"Eemalda kiirvalimisest"},{"$i":"option-replace","$v":"Asenda"},{"$i":"all-apps","$v":"Kõigi rakenduste"},{"$i":"uninstall","$v":"Desinstalli"},{"$i":"confirm-to-uninstall-app","$v":["Kas desinstallida rakendus ",{"t":"idOrVar","v":"appName"},"?"]},{"$i":"confirm-to-unpin-bookmark","$v":"Kas soovite veebisaidi eemaldada?"},{"$i":"unpin","$v":"Vabasta"},{"$i":"rename","$v":"Muuda nime"},{"$i":"title","$v":"Pealkiri"},{"$i":"add-to-existing-contact","$v":"Lisa olemasolevasse kontakti"},{"$i":"create-new-contact","$v":"Looge uus kontakt"},{"$i":"sending","$v":"Palun oota…"},{"$i":"video-call","$v":"Videokõne"},{"$i":"rtt-call","$v":"RTT-kõne"},{"$i":"callAirplaneModeTitle","$v":"Lennurežiim on aktiveeritud"},{"$i":"callAirplaneModeMessage","$v":"Helistamiseks peate seadistustes lennurežiimi keelama."},{"$i":"emergencyDialogTitle","$v":"Võrguühendust pole"},{"$i":"emergencyDialogBodyBadNumber","$v":"Helistamiseks peab telefon olema võrku ühendatud."},{"$i":"emergencyDialogBodyDeviceNotAccepted","$v":"Hädaabikõned pole võrgus lubatud."},{"$i":"invalidNumberToDialTitle","$v":"Vale telefoninumber"},{"$i":"invalidNumberToDialMessage","$v":"Telefoninumber, millele helistate, ei ole kehtiv."},{"$i":"emergency-call-only","$v":"Ainult hädaabikõne"},{"$i":"emergency-call-error","$v":[{"t":"idOrVar","v":"number"}," ei ole hädaabinumber."]},{"$i":"numberIsBusyTitle","$v":"Number on hõivatud"},{"$i":"numberIsBusyMessage","$v":"Number on hetkel hõivatud. Proovige hiljem uuesti."},{"$i":"fdnIsActiveTitle","$v":"FDN on aktiivne"},{"$i":"fdnIsActiveMessage","$v":["FDN (määratud numbrid) on aktiveeritud ja järgmist numbrit pole teie FDN-i nimekirjas: ",{"t":"idOrVar","v":"number"}]},{"$i":"otherConnectionInUseTitle","$v":"Kasutatav muu ühendus"},{"$i":"otherConnectionInUseMessage","$v":"Teil on aktiivne kõne teisel ühendusel. Saate kasutada ainult ühte ühendust korraga."},{"$i":"GenericFailure","$v":"Üldine rike"},{"$i":"CallFailed","$v":"Kõne nurjus"},{"$i":"scCallBarring","$v":"Kõnepiirang"},{"$i":"scCallForwarding","$v":"Kõne suunamine"},{"$i":"scClip","$v":"Sissehelistaja ID"},{"$i":"scClir","$v":"Väljahelistaja ID"},{"$i":"scPwd","$v":"Parooli muutmine"},{"$i":"scCallWaiting","$v":"Koputus"},{"$i":"scPin","$v":"PIN-koodi muutmine"},{"$i":"scPin2","$v":"PIN2 muutmine"},{"$i":"scPuk","$v":"PIN-koodi blokeeringu tühistamine"},{"$i":"scPuk2","$v":"PIN2-koodi blokeeringu tühistamine"},{"$i":"scImei","$v":"IMEI"},{"$i":"scMeid","$v":"MEID"},{"$i":"scUssd","$v":"USSD"},{"$i":"deviceIsUnlocked","$v":"Seade on lukustamata"},{"$i":"simUnlockCodeAccepted","$v":"SIM-i avamise kood vastu võetud"},{"$i":"simUnlockCodeFailed","$v":"SIM-i avamine nurjus"},{"$i":"personal","$v":"Isiklik"},{"$i":"mobile","$v":"Mobiil"},{"$i":"home","$v":"Kodu"},{"$i":"work","$v":"Tööl"},{"$i":"fax-home","$v":"Kodufaks"},{"$i":"fax-office","$v":"Kontori faks"},{"$i":"fax-other","$v":"Muu faks"},{"$i":"noSimCard","$v":"SIM-kaarti pole"},{"$i":"noService","$v":"Teenus puudub"},{"$i":"lockedSim","$v":"Lukustatud SIM"},{"$i":"airplaneMode","$v":"Lennukirežiim"},{"$i":"wifi-calling","$v":"Wi-Fi helistamine"},{"$i":"homescreen-settings","$v":"Avakuva seaded"},{"$i":"change-wallpaper","$v":"Taustpildi muutmine"},{"$i":"add-smart-collections","$v":"Lisa arukad kogud"},{"$i":"edit-mode","$v":"Redigeeri"},{"$i":"edit-done","$v":"Valmis"},{"$i":"tutorial-for-side-menu-1","$v":["Vasakpoolsete rakenduste avamiseks vajutage klahvi ",{"t":"idOrVar","v":"left"},"."]},{"$i":"tutorial-for-instant-settings-1","$v":["Sageli kasutatavate seadete avamiseks vajutage klahvi ",{"t":"idOrVar","v":"up"},"."]},{"$i":"tutorial-for-notices","$v":"Uute teadete vaatamiseks vajutage PAREMKLAHVI."},{"$i":"tutorial-for-google-assistant-1","$v":["Vajutage rääkimiseks pikalt klahvi ",{"t":"idOrVar","v":"microphone"},"."]},{"$i":"tutorial-for-voice-input-1","$v":["Tekstiväljal rääkimiseks vajutage pikalt klahvi ",{"t":"idOrVar","v":"microphone"},"."]},{"$i":"tutorial-for-find-kaistore-2","$v":"Menüü Rakendused avalehel leiate rakenduse KaiStore."},{"$i":"tutorial-for-left","$v":"Vaba"},{"$i":"tutorial-for-up","$v":"ÜLES"},{"$i":"stop-download-title","$v":["Peata ",{"t":"idOrVar","v":"name"}]},{"$i":"stop-download-body","$v":"Kas soovite poolelioleva allalaadimise peatada?"},{"$i":"stop-download-action","$v":"Peata"},{"$i":"resume-download-title","$v":"Taaskäiv. allalaad."},{"$i":"resume-download-body","$v":["Kas soovite laadida alla rakenduse ",{"t":"idOrVar","v":"name"},"?"]},{"$i":"resume-download-action","$v":"Allalaadimine"},{"$i":"edit-group-header","$v":"Redigeeri rühma"},{"$i":"gaia-shortcut-app-updated","$v":"Rakendus on värskendatud"},{"$i":"clocks-updated","$v":"Kellad on värskendatud"},{"$i":"longDateFormat","$v":"%A, %B %e"},{"$i":"app-title","$v":"Minu rakendused"},{"$i":"app-uninstall","$v":[{"t":"idOrVar","v":"name"}," desinstalliti"]},{"$i":"confirmation","$v":"Kinnitus"},{"$i":"clockDateFormat","$v":"%a, %e %b"},{"$i":"apn-sim1","$v":"APN-seaded – SIM1"},{"$i":"apn-sim2","$v":"APN-seaded – SIM2"},{"$i":"apnDefaultConfig","$v":"APN Default Config"},{"$i":"apn-defaultconfig-message","$v":"Määrake kasutatav APN-i tüüp"},{"$i":"apnConfigPostpay","$v":"Postpay APN"},{"$i":"apnConfigPrepay","$v":"Prepay APN"},{"$i":"offline-toaster-message","$v":"Telefon on ühenduseta."},{"$i":"dialog-title-new-card","$v":"Uus kaart"},{"$i":"dialog-text-new-card-show","$v":"Olete saanud uue kaardi: otsige Internetist."},{"$i":"not-connect-internet-text","$v":"Teil pole Interneti-ühendust. Kas soovite nüüd Interneti-ühenduse luua?"},{"$i":"not-connect-internet-up-button","$v":"Lülitage mobiilsideandmed sisse"},{"$i":"not-connect-internet-down-button","$v":"Mis on rakuandmed"},{"$i":"not-data-plan-text","$v":"Näib, et teil pole Interneti-ühenduse loomiseks andmesidepaketti. Saate valida järgmistest."},{"$i":"not-data-plan-down-button","$v":"Kasutage WiFi-d"},{"$i":"connect-internet-title","$v":"Olete ühendatud"},{"$i":"connect-internet-text","$v":"Vaadake selliseid rakendusi nagu pood, uudised, ilm ja Interneti-brauser."},{"$i":"utilities","$v":"Utiliidid"},{"$i":"games","$v":"Mängud"},{"$i":"toast-app-downloaded-to-folder","$v":[{"t":"idOrVar","v":"appName"}," on alla laaditud kausta ",{"t":"idOrVar","v":"folderName"},"."]},{"$i":"toast-need-update-app","$v":"JioStore'i rakendusest jätkamiseks värskendage rakendus uusimale versioonile."},{"$i":"notices-reminder-header","$v":"Meeldetuletus"},{"$i":"notices-reminder-content","$v":"Teil on lugemata teateid. Kontrollige, kas teil pole millestki olulisest puudu."},{"$i":"instant-settings","$v":"instant settings"},{"$i":"flashlight","$v":"Flashlight"},{"$i":"brightness","$v":"Brightness"},{"$i":"volume","$v":"Volume"},{"$i":"camera","$v":"Kaamera"},{"$i":"calculator","$v":"Calculator"},{"$i":"airplane-mode","$v":"Airplane Mode"},{"$i":"wifi","$v":"Wi-Fi"},{"$i":"bluetooth","$v":"Bluetooth"},{"$i":"cellular-data","$v":"Cellular Data"},{"$i":"on","$v":"On"},{"$i":"off","$v":"Off"},{"$i":"percentage-number","$v":[{"t":"idOrVar","v":"number"},"%"]},{"$i":"eccOnly","$v":"Ainult hädaabikõned"},{"$i":"emergencyCallsOnly","$v":"Ainult hädaabikõned"},{"$i":"searching","$v":"Otsimine"},{"$i":"nocard-eccOnly","$v":"Pole SIM-kaarti - ainult hädaabikõned"},{"$i":"unusablecard-eccOnly","$v":"Kasutamatu SIM-kaart - ainult hädaabikõned"},{"$i":"nocard-noservice","$v":"SIM-kaarti pole-Teenus puudub"},{"$i":"sim-with-index-and-carrier","$v":["SIM ",{"t":"idOrVar","v":"index"}," - ",{"t":"idOrVar","v":"carrier"}]},{"$i":"sim-without-carrier","$v":["SIM ",{"t":"idOrVar","v":"index"}]},{"$i":"call-forwarding-async","$v":["Asünkroonne: ",{"t":"idOrVar","v":"async"}]},{"$i":"call-forwarding-data","$v":["Andmed: ",{"t":"idOrVar","v":"data"}]},{"$i":"call-forwarding-error","$v":"Kõne suunamise oleku toomisel ilmnes viga"},{"$i":"call-forwarding-fax","$v":["FAKS: ",{"t":"idOrVar","v":"fax"}]},{"$i":"call-forwarding-inactive","$v":"Passiivne"},{"$i":"call-forwarding-packet","$v":["Pakett: ",{"t":"idOrVar","v":"packet"}]},{"$i":"call-forwarding-pad","$v":["PAD: ",{"t":"idOrVar","v":"pad"}]},{"$i":"call-forwarding-sms","$v":["SMS: ",{"t":"idOrVar","v":"sms"}]},{"$i":"call-forwarding-status","$v":"Kõne suunamise olek"},{"$i":"call-forwarding-sync","$v":["Sünkroonne: ",{"t":"idOrVar","v":"sync"}]},{"$i":"call-forwarding-voice","$v":["Hääl: ",{"t":"idOrVar","v":"voice"}]},{"$i":"call-forwarding-voice-after-seconds","$v":["Häälkõne: ",{"t":"idOrVar","v":"voice"}," pärast ",{"t":"idOrVar","v":"timeSeconds"}," sekundit"]},{"$i":"call-forwarding-reason","$v":["Reason: ",{"t":"idOrVar","v":"reason"}]},{"$i":"serviceClassVoice","$v":"Helisalvestised"},{"$i":"serviceClassData","$v":"Andmed"},{"$i":"serviceClassFax","$v":"FAKS"},{"$i":"serviceClassSms","$v":"SMS"},{"$i":"serviceClassDataSync","$v":"Sünkrooni"},{"$i":"serviceClassDataAsync","$v":"Async"},{"$i":"serviceClassPacket","$v":"Pakett"},{"$i":"serviceClassPad","$v":"PAD"},{"$i":"smServiceEnabled","$v":"Teenus oli lubatud"},{"$i":"smServiceDisabled","$v":"Teenus on keelatud"},{"$i":"smServiceRegistered","$v":"Registreerimine oli edukas"},{"$i":"smServiceErased","$v":"Kustutamine õnnestus"},{"$i":"smServiceInterrogated","$v":"Taotlus oli edukas"},{"$i":"smServiceNotProvisioned","$v":"Teenust ei ole ette nähtud"},{"$i":"smClirPermanent","$v":"Te ei saa helistaja ID seadet muuta"},{"$i":"smClirDefaultOnNextCallOn","$v":"Helistaja ID vaikev. piiratud. Järgm. kõne: piiratud"},{"$i":"smClirDefaultOnNextCallOff","$v":"Helistaja ID vaikeväärtus on piiratud. Järgmine kõne: piiramata"},{"$i":"smClirDefaultOffNextCallOn","$v":"Helistaja ID vaikeväärtus on piiramata. Järgmine kõne: piiratud"},{"$i":"smClirDefaultOffNextCallOff","$v":"Helistaja ID vaikeväärtus on piiramata. Järgmine kõne: piiramata"},{"$i":"smServiceEnabledFor","$v":"Teenus oli lubatud järgmisele:"},{"$i":"smPinChanged","$v":"PIN edukalt muudetud"},{"$i":"smPinUnblocked","$v":"PIN-i blok. tühistatud"},{"$i":"smPin2Changed","$v":"PIN2 on edukalt muudetud"},{"$i":"smPin2Unblocked","$v":"PIN2 blok. tühistatud"},{"$i":"ServiceIsEnabled","$v":"Teenus on lubatud"},{"$i":"ServiceIsDisabled","$v":"Teenus on keelatud"},{"$i":"ServiceIsEnabledFor","$v":"Teenus on lubatud:"},{"$i":"emMmiError","$v":"Ühenduse probleem või vale MMI-kood"},{"$i":"emMmiErrorPasswordIncorrect","$v":"Vale parool"},{"$i":"emMmiErrorNotSupported","$v":"Vale või toetuseta MMI-kood"},{"$i":"emMmiErrorInvalidAction","$v":"Vale toiming"},{"$i":"emMmiErrorInvalidScCode","$v":"Vale teenusekood"},{"$i":"emMmiErrorBadPuk","$v":"Sisestatud PUK-kood on vale"},{"$i":"emMmiErrorBadPin","$v":"Sisestatud vana PIN on vale."},{"$i":"emMmiErrorNeedPuk2","$v":"Sisestage SIM-kaardi blokeeringu eemaldamiseks PUK2-kood"},{"$i":"emMmiErrorMismatchPin","$v":"Sisestatud PIN-koodid ei ühti"},{"$i":"emMmiErrorInvalidPin","$v":"Sisestage 4–8-kohaline PIN-kood"},{"$i":"emMmiErrorNeedsPuk","$v":"Teie SIM-kaart on PUK-lukustatud"},{"$i":"emMmiErrorEnablePin","$v":"Ebaõnnestus. Luba SIM/RUIM LUKK"},{"$i":"emMmiErrorMmiFdn","$v":"Toiming on piiratud ainult lubatud valiknr-ga"},{"$i":"emMmiErrorStkCcUssdDial","$v":"USSD-päring on muudetud DIAL-päringuks"},{"$i":"emMmiErrorStkCcUssdSs","$v":"USSD-päring on muudetud SS-päringuks"},{"$i":"emMmiErrorStkCcUssdUssd","$v":"USSD-päring on muudetud uueks USSD-päringuks"},{"$i":"emMmiErrorStkCcSsDial","$v":"SS-päring on muudetud DIAL-päringuks"},{"$i":"emMmiErrorStkCcSsUssd","$v":"SS-päring muud. USSD-päringuks"},{"$i":"emMmiErrorStkCcSsSs","$v":"SS-päring muud. uueks SS-päringuks"},{"$i":"emMmiErrorPinPukAttempts","$v":{"few":[{"t":"idOrVar","v":"n"}," katset järel"],"many":[{"t":"idOrVar","v":"n"}," katset järel"],"one":["Ainult ",{"t":"idOrVar","v":"n"}," katse veel"],"other":[{"t":"idOrVar","v":"n"}," katset järel"],"two":[{"t":"idOrVar","v":"n"}," katset järel"]},"$x":[{"t":"idOrVar","v":"plural"},"n"]},{"$i":"emMmiErrorSimBlocked","$v":"Maksimaalne katsete arv on ületatud. SIM-kaart on blokeeritud"},{"$i":"RadioNotAvailable","$v":"Radio not available"},{"$i":"PasswordIncorrect","$v":"Parool on vale"},{"$i":"SimPin2","$v":"SIM-i PIN2"},{"$i":"SimPuk2","$v":"SIM-i PUK2"},{"$i":"RequestNotSupported","$v":"Taotlust ei toetata"},{"$i":"OpNotAllowedDuringVoiceCall","$v":"Tavakõne ajal ei ole toiming lubatud"},{"$i":"SmsSendFailRetry","$v":"SMSi saatm. nurj. proov. uuesti"},{"$i":"SimAbsent","$v":"SIM puudub"},{"$i":"SubscriptionNotAvailable","$v":"Tellimus pole saadaval"},{"$i":"ModeNotSupported","$v":"Režiimi ei toetata"},{"$i":"FdnCheckFailure","$v":"FDNi kontrollimise nurjumine"},{"$i":"IllegalSimOrMe","$v":"Ebaseaduslik SIM või ME"},{"$i":"DialModifiedToUssd","$v":"Dial modified to USSD"},{"$i":"DialModifiedToSs","$v":"Dial modified to SS"},{"$i":"DialModifiedToDial","$v":"Dial modified to dial"},{"$i":"UssdModifiedToDial","$v":"USSD muud. nr. valima"},{"$i":"UssdModifiedToSs","$v":"USSD muudetud SS-iks"},{"$i":"UssdModifiedToUssd","$v":"USSD muudetud USSD-ks"},{"$i":"SsModifiedToDial","$v":"SS muudetud numbrit valima"},{"$i":"SsModifiedToUssd","$v":"SS muudetud USSD-ks"},{"$i":"SsModifiedToSs","$v":"SS muudetud SS-iks"},{"$i":"SubscriptionNotSupported","$v":"Tellimust ei toetata"},{"$i":"InvalidParameter","$v":"Vale parameeter"},{"$i":"RejectedByRemote","$v":"Puldiga tagasi lük."},{"$i":"GetEmptyUssdPrompt","$v":"Saadud vastus oli tühi."},{"$i":"LimitBlockNumber","$v":"See number on blokeeritud. Võite vanematelt luba küsida."},{"$i":"IncorrectPassword","$v":"Vale salasõna."},{"$i":"Cancelled","$v":"Tühistatud."},{"$i":"OpNotAllowedBeforeRegToNw","$v":"Toiming pole enne võrguga registreerimist lubatud"},{"$i":"MissingResource","$v":"Puudub ressurss."},{"$i":"UnspecifiedError","$v":"Täpsustamata viga."},{"$i":"label","$v":"Silt"},{"$i":"faxHome","$v":"Kodufaks"},{"$i":"faxOffice","$v":"Kontorifaks"},{"$i":"faxOther","$v":"Muu faks"},{"$i":"another","$v":"Teine"},{"$i":"other","$v":"Muu"},{"$i":"customTag","$v":"Kohandatud silt","placeholder":"Kohandatud silt"},{"$i":"current","$v":"Praegune"},{"$i":"itemWithLabel","$v":[{"t":"idOrVar","v":"label"},", ",{"t":"idOrVar","v":"item"}]},{"$i":"weekday-0-long","$v":"Pühapäev"},{"$i":"weekday-1-long","$v":"Esmaspäev"},{"$i":"weekday-2-long","$v":"Teisipäev"},{"$i":"weekday-3-long","$v":"Kolmapäev"},{"$i":"weekday-4-long","$v":"Neljapäev"},{"$i":"weekday-5-long","$v":"Reede"},{"$i":"weekday-6-long","$v":"Laupäev"},{"$i":"weekday-0-short","$v":"P"},{"$i":"weekday-1-short","$v":"E"},{"$i":"weekday-2-short","$v":"T"},{"$i":"weekday-3-short","$v":"K"},{"$i":"weekday-4-short","$v":"N"},{"$i":"weekday-5-short","$v":"R"},{"$i":"weekday-6-short","$v":"L"},{"$i":"month-0-long","$v":"Jaanuar"},{"$i":"month-1-long","$v":"Veebruar"},{"$i":"month-2-long","$v":"Märts"},{"$i":"month-3-long","$v":"Aprill"},{"$i":"month-4-long","$v":"Mai"},{"$i":"month-5-long","$v":"Juuni"},{"$i":"month-6-long","$v":"Juuli"},{"$i":"month-7-long","$v":"August"},{"$i":"month-8-long","$v":"September"},{"$i":"month-9-long","$v":"Oktoober"},{"$i":"month-10-long","$v":"November"},{"$i":"month-11-long","$v":"Detsember"},{"$i":"month-0-genitive","$v":"Jaanuar"},{"$i":"month-1-genitive","$v":"Veebruar"},{"$i":"month-2-genitive","$v":"Märts"},{"$i":"month-3-genitive","$v":"Aprill"},{"$i":"month-4-genitive","$v":"Mai"},{"$i":"month-5-genitive","$v":"Juuni"},{"$i":"month-6-genitive","$v":"Juuli"},{"$i":"month-7-genitive","$v":"August"},{"$i":"month-8-genitive","$v":"September"},{"$i":"month-9-genitive","$v":"Oktoober"},{"$i":"month-10-genitive","$v":"November"},{"$i":"month-11-genitive","$v":"Detsember"},{"$i":"month-0-short","$v":"jaan"},{"$i":"month-1-short","$v":"veebr"},{"$i":"month-2-short","$v":"märts"},{"$i":"month-3-short","$v":"apr"},{"$i":"month-4-short","$v":"Mai"},{"$i":"month-5-short","$v":"juuni"},{"$i":"month-6-short","$v":"juuli"},{"$i":"month-7-short","$v":"aug"},{"$i":"month-8-short","$v":"sept"},{"$i":"month-9-short","$v":"okt"},{"$i":"month-10-short","$v":"nov"},{"$i":"month-11-short","$v":"dets"},{"$i":"minutes-ago-long","$v":{"few":[{"t":"idOrVar","v":"value"}," minutit tagasi"],"many":[{"t":"idOrVar","v":"value"}," minutit tagasi"],"other":[{"t":"idOrVar","v":"value"}," minutit tagasi"],"two":[{"t":"idOrVar","v":"value"}," minutit tagasi"],"one":"üks minut tagasi","zero":"just nüüd"},"$x":[{"t":"idOrVar","v":"plural"},"value"]},{"$i":"hours-ago-long","$v":{"few":[{"t":"idOrVar","v":"value"}," tundi tagasi"],"many":[{"t":"idOrVar","v":"value"}," tundi tagasi"],"other":[{"t":"idOrVar","v":"value"}," tundi tagasi"],"two":[{"t":"idOrVar","v":"value"}," tundi tagasi"],"one":"1 tund tagasi","zero":"just nüüd"},"$x":[{"t":"idOrVar","v":"plural"},"value"]},{"$i":"days-ago-long","$v":{"few":[{"t":"idOrVar","v":"value"}," päeva tagasi"],"many":[{"t":"idOrVar","v":"value"}," päeva tagasi"],"one":"eile","other":[{"t":"idOrVar","v":"value"}," päeva tagasi"],"two":[{"t":"idOrVar","v":"value"}," päeva tagasi"],"zero":"täna"},"$x":[{"t":"idOrVar","v":"plural"},"value"]},{"$i":"weeks-ago-long","$v":{"few":[{"t":"idOrVar","v":"value"}," nädalat tagasi"],"many":[{"t":"idOrVar","v":"value"}," nädalat tagasi"],"one":"eelmine nädal","other":[{"t":"idOrVar","v":"value"}," nädalat tagasi"],"two":[{"t":"idOrVar","v":"value"}," nädalat tagasi"],"zero":"sel nädalal"},"$x":[{"t":"idOrVar","v":"plural"},"value"]},{"$i":"months-ago-long","$v":{"few":[{"t":"idOrVar","v":"value"}," kuud tagasi"],"many":[{"t":"idOrVar","v":"value"}," kuud tagasi"],"one":"eelmine kuu","other":[{"t":"idOrVar","v":"value"}," kuud tagasi"],"two":[{"t":"idOrVar","v":"value"}," kuud tagasi"],"zero":"see kuu"},"$x":[{"t":"idOrVar","v":"plural"},"value"]},{"$i":"years-ago-long","$v":{"few":[{"t":"idOrVar","v":"value"}," aastat tagasi"],"many":[{"t":"idOrVar","v":"value"}," aastat tagasi"],"one":"eelmine aasta","other":[{"t":"idOrVar","v":"value"}," aastat tagasi"],"two":[{"t":"idOrVar","v":"value"}," aastat tagasi"],"zero":"see aasta"},"$x":[{"t":"idOrVar","v":"plural"},"value"]},{"$i":"minutes-until-long","$v":{"few":[{"t":"idOrVar","v":"value"}," minuti pärast"],"many":[{"t":"idOrVar","v":"value"}," minuti pärast"],"other":[{"t":"idOrVar","v":"value"}," minuti pärast"],"two":[{"t":"idOrVar","v":"value"}," minuti pärast"],"zero":"kohe","one":"1 minutiga"},"$x":[{"t":"idOrVar","v":"plural"},"value"]},{"$i":"hours-until-long","$v":{"few":[{"t":"idOrVar","v":"value"}," tunni pärast"],"many":[{"t":"idOrVar","v":"value"}," tunni pärast"],"other":[{"t":"idOrVar","v":"value"}," tunni pärast"],"two":[{"t":"idOrVar","v":"value"}," tunni pärast"],"zero":"kohe","one":"1 tunni pärast"},"$x":[{"t":"idOrVar","v":"plural"},"value"]},{"$i":"days-until-long","$v":{"few":[{"t":"idOrVar","v":"value"}," päeva pärast"],"many":[{"t":"idOrVar","v":"value"}," päeva pärast"],"one":"homme","other":[{"t":"idOrVar","v":"value"}," päeva pärast"],"two":[{"t":"idOrVar","v":"value"}," päeva pärast"],"zero":"täna"},"$x":[{"t":"idOrVar","v":"plural"},"value"]},{"$i":"weeks-until-long","$v":{"few":[{"t":"idOrVar","v":"value"}," nädala pärast"],"many":[{"t":"idOrVar","v":"value"}," nädala pärast"],"one":"järgmine nädal","other":[{"t":"idOrVar","v":"value"}," nädala pärast"],"two":[{"t":"idOrVar","v":"value"}," nädala pärast"],"zero":"sel nädalal"},"$x":[{"t":"idOrVar","v":"plural"},"value"]},{"$i":"months-until-long","$v":{"few":[{"t":"idOrVar","v":"value"}," kuu pärast"],"many":[{"t":"idOrVar","v":"value"}," kuu pärast"],"one":"järgmine kuu","other":[{"t":"idOrVar","v":"value"}," kuu pärast"],"two":[{"t":"idOrVar","v":"value"}," kuu pärast"],"zero":"see kuu"},"$x":[{"t":"idOrVar","v":"plural"},"value"]},{"$i":"years-until-long","$v":{"few":[{"t":"idOrVar","v":"value"}," aasta pärast"],"many":[{"t":"idOrVar","v":"value"}," aasta pärast"],"one":"järgmine aasta","other":[{"t":"idOrVar","v":"value"}," aasta pärast"],"two":[{"t":"idOrVar","v":"value"}," aasta pärast"],"zero":"see aasta"},"$x":[{"t":"idOrVar","v":"plural"},"value"]},{"$i":"minutes-ago-short","$v":{"other":[{"t":"idOrVar","v":"value"}," m tagasi"],"zero":"just nüüd"},"$x":[{"t":"idOrVar","v":"plural"},"value"]},{"$i":"hours-ago-short","$v":{"other":[{"t":"idOrVar","v":"value"}," h tagasi"],"zero":"just nüüd"},"$x":[{"t":"idOrVar","v":"plural"},"value"]},{"$i":"days-ago-short","$v":{"other":[{"t":"idOrVar","v":"value"}," p tagasi"],"zero":"täna"},"$x":[{"t":"idOrVar","v":"plural"},"value"]},{"$i":"minutes-until-short","$v":{"other":[{"t":"idOrVar","v":"value"}," min pärast"],"zero":"kohe"},"$x":[{"t":"idOrVar","v":"plural"},"value"]},{"$i":"hours-until-short","$v":{"other":[{"t":"idOrVar","v":"value"},"h pärast"],"zero":"kohe"},"$x":[{"t":"idOrVar","v":"plural"},"value"]},{"$i":"days-until-short","$v":{"other":[{"t":"idOrVar","v":"value"},"p pärast"],"zero":"täna"},"$x":[{"t":"idOrVar","v":"plural"},"value"]},{"$i":"incorrectDate","$v":"(vale kuupäev)"},{"$i":"dateTimeFormat_%c","$v":"%a %b %e %Y %I:%M:%S %p"},{"$i":"dateTimeFormat_%x","$v":"%m/%d/%Y"},{"$i":"dateTimeFormat_%X","$v":"%I:%M:%S %p"},{"$i":"shortTimeFormat","$v":"%I:%M %p"},{"$i":"shortTimeFormat12","$v":"%I:%M %p"},{"$i":"shortTimeFormat24","$v":"%H:%M"},{"$i":"shortDateTimeFormat","$v":"%x %I:%M %p"},{"$i":"weekStartsOnMonday","$v":"0.0"},{"$i":"firstDayOfTheWeek","$v":"1.0"},{"$i":"time_am","$v":"AM"},{"$i":"time_pm","$v":"PM"}]