[{"$i":"search-or-enter-address","placeholder":"Potraži ili unesi adresu"},{"$i":"delete-title","$v":["Izbriši ",{"t":"idOrVar","v":"name"}]},{"$i":"delete-body","$v":[{"t":"idOrVar","v":"name"}," i svi povezani podaci bit će izbrisani."]},{"$i":"delete","$v":"Izbriši"},{"$i":"cancel","$v":"Poništi"},{"$i":"apps","$v":"Aplikacije"},{"$i":"menu","$v":"Izbornik"},{"$i":"notifications","$v":"Obavijesti"},{"$i":"speed-dial","$v":"Brzo biranje"},{"$i":"select","$v":"Odaberi"},{"$i":"move","$v":"Premjesti"},{"$i":"ok","$v":"U redu"},{"$i":"set","$v":"Postavi"},{"$i":"edit","$v":"Uredi"},{"$i":"call","$v":"Poziv"},{"$i":"message","$v":"Poruka"},{"$i":"options","$v":"Opcije"},{"$i":"assign","$v":"Dodijeli"},{"$i":"remove","$v":"Ukloni"},{"$i":"replace","$v":"Zamijeni"},{"$i":"more","$v":"Više"},{"$i":"settings","$v":"Postavke"},{"$i":"contacts","$v":"Kontakti"},{"$i":"list-view","$v":"Prikaz popisa"},{"$i":"grid-view","$v":"Prikaz rešetke"},{"$i":"single-view","$v":"Jedan prikaz"},{"$i":"skip","$v":"Preskoči"},{"$i":"shortcuts","$v":"Kratice"},{"$i":"next","$v":"Dalje"},{"$i":"back","$v":"Natrag"},{"$i":"memory-cleaner","$v":"Čistač pamćenja"},{"$i":"open","$v":"Otvori"},{"$i":"voicemail","$v":"Glasovna pošta"},{"$i":"speed-dial-not-empty","ariaLabel":[{"t":"idOrVar","v":"order"},", ",{"t":"idOrVar","v":"name"}]},{"$i":"speed-dial-empty","ariaLabel":[{"t":"idOrVar","v":"order"},", prazno"]},{"$i":"remove-speed-dial","$v":["Jeste li sigurni da želite ukloniti kontakt ",{"t":"idOrVar","v":"name"}," s popisa za brzo biranje?"]},{"$i":"replace-speed-dial","$v":["Jeste li sigurni da se želite zamijeniti ",{"t":"idOrVar","v":"name"}," za ",{"t":"idOrVar","v":"subName"},"?"]},{"$i":"assign-speed-dial","$v":["Kontakt nije dodan za brzo biranje na gumb ",{"t":"idOrVar","v":"n"},".Želite li ga sada dodijeliti?"]},{"$i":"assign-voicemail","$v":"Nije postavljen broj glasovne pošte."},{"$i":"alert-for-contacts-without-number","$v":"Nema dostupnih kontakata s tim brojem telefona."},{"$i":"option-remove","$v":"Ukloni iz brzog biranja"},{"$i":"option-replace","$v":"Zamijeni"},{"$i":"all-apps","$v":"Sve aplikacije"},{"$i":"uninstall","$v":"Deinstaliraj"},{"$i":"confirm-to-uninstall-app","$v":["Želite li deinstalirati aplikaciju ",{"t":"idOrVar","v":"appName"},"?"]},{"$i":"confirm-to-unpin-bookmark","$v":"Želite li otkvačiti web-mjesto?"},{"$i":"unpin","$v":"Otkvači"},{"$i":"rename","$v":"Preimenuj"},{"$i":"title","$v":"Naslov"},{"$i":"add-to-existing-contact","$v":"Dodaj u postojeći kontakt"},{"$i":"create-new-contact","$v":"Izradi novi kontakt"},{"$i":"sending","$v":"Molimo pričekajte ..."},{"$i":"video-call","$v":"Videopoziv"},{"$i":"rtt-call","$v":"RTT poziv"},{"$i":"callAirplaneModeTitle","$v":"Aktiviran je zrakoplovni način"},{"$i":"callAirplaneModeMessage","$v":"Za uspostavu poziva morate u postavkama onemogućiti način rada u zrakoplovu."},{"$i":"emergencyDialogTitle","$v":"Nema mrežne veze"},{"$i":"emergencyDialogBodyBadNumber","$v":"Za uspostavu poziva telefon mora biti povezan s mrežom."},{"$i":"emergencyDialogBodyDeviceNotAccepted","$v":"Mreža ne dopušta hitne pozive."},{"$i":"invalidNumberToDialTitle","$v":"Telefonski broj nije valjan"},{"$i":"invalidNumberToDialMessage","$v":"Telefonski broj koji zovete nije valjan."},{"$i":"emergency-call-only","$v":"Samo hitni poziv"},{"$i":"emergency-call-error","$v":[{"t":"idOrVar","v":"number"}," nije hitni broj."]},{"$i":"numberIsBusyTitle","$v":"Broj je zauzet"},{"$i":"numberIsBusyMessage","$v":"Broj je trenutno zauzet. Pokušajte ponovno poslije."},{"$i":"fdnIsActiveTitle","$v":"FDN je aktivan"},{"$i":"fdnIsActiveMessage","$v":["FDN (fiksni brojevi za biranje) aktivirani su, a sljedeći broj nije na vašem popisu FDN: ",{"t":"idOrVar","v":"number"}]},{"$i":"otherConnectionInUseTitle","$v":"Druge veze koje se koriste"},{"$i":"otherConnectionInUseMessage","$v":"Imate aktivan poziv na drugoj vezi. Ne možete koristiti više veza odjednom."},{"$i":"GenericFailure","$v":"Generički kvar"},{"$i":"CallFailed","$v":"Poziv nije uspio"},{"$i":"scCallBarring","$v":"Zabrana poziva"},{"$i":"scCallForwarding","$v":"Preusmjeravanje poziva"},{"$i":"scClip","$v":"ID dolaznog pozivatelja"},{"$i":"scClir","$v":"ID odlaznog pozivi"},{"$i":"scPwd","$v":"Promjena lozinke."},{"$i":"scCallWaiting","$v":"Čekanje poziva"},{"$i":"scPin","$v":"Promjena PIN-a"},{"$i":"scPin2","$v":"Promjena PIN-a 2"},{"$i":"scPuk","$v":"Deblokiraj PIN"},{"$i":"scPuk2","$v":"Deblokiraj PIN2"},{"$i":"scImei","$v":"IMEI"},{"$i":"scMeid","$v":"MEID"},{"$i":"scUssd","$v":"USSD"},{"$i":"deviceIsUnlocked","$v":"Uređaj je otključan"},{"$i":"simUnlockCodeAccepted","$v":"SIM kod za otklj. je prihvaćen"},{"$i":"simUnlockCodeFailed","$v":"Otklj. SIM-a neuspješno"},{"$i":"personal","$v":"Osobno"},{"$i":"mobile","$v":"Mobitel"},{"$i":"home","$v":"Kod kuće"},{"$i":"work","$v":"Posao"},{"$i":"fax-home","$v":"Kućni faks"},{"$i":"fax-office","$v":"Uredski faks"},{"$i":"fax-other","$v":"Drugi faks"},{"$i":"noSimCard","$v":"Nema SIM kartice"},{"$i":"noService","$v":"Nema usluge"},{"$i":"lockedSim","$v":"Zaključani SIM"},{"$i":"airplaneMode","$v":"Zrakoplovni način"},{"$i":"wifi-calling","$v":"Wi-Fi poziv:"},{"$i":"homescreen-settings","$v":"Postavke početnog zaslona"},{"$i":"change-wallpaper","$v":"Promjena podloge"},{"$i":"add-smart-collections","$v":"Dodavanje pametnih zbirki"},{"$i":"edit-mode","$v":"Uredi"},{"$i":"edit-done","$v":"Dovršeno"},{"$i":"tutorial-for-side-menu-1","$v":["Pritisnite tipku ",{"t":"idOrVar","v":"left"}," za pristup aplikacijama na lijevoj strani."]},{"$i":"tutorial-for-instant-settings-1","$v":["Pritisnite tipku ",{"t":"idOrVar","v":"up"}," za najčešće korištene postavke."]},{"$i":"tutorial-for-notices","$v":"Pritisnite tipku DESNO za prikaz novih obavijesti."},{"$i":"tutorial-for-google-assistant-1","$v":["Dugo pritisnite tipku ",{"t":"idOrVar","v":"microphone"}," za govor."]},{"$i":"tutorial-for-voice-input-1","$v":["Dugo pritisnite tipku ",{"t":"idOrVar","v":"microphone"}," za govor u tekstnom polju."]},{"$i":"tutorial-for-find-kaistore-2","$v":"Pronađite KaiStore aplikaciju na prvoj stranici izbornika Apps."},{"$i":"tutorial-for-left","$v":"Preostalo prostora"},{"$i":"tutorial-for-up","$v":"UP"},{"$i":"stop-download-title","$v":["Zaustavi ",{"t":"idOrVar","v":"name"}]},{"$i":"stop-download-body","$v":"Želite li prekinuti preuzimanje u tijeku?"},{"$i":"stop-download-action","$v":"Zaustavi"},{"$i":"resume-download-title","$v":"Pon. pokr. preuzimanje"},{"$i":"resume-download-body","$v":["Želite li preuzeti ",{"t":"idOrVar","v":"name"},"?"]},{"$i":"resume-download-action","$v":"Preuzimanje"},{"$i":"edit-group-header","$v":"Uređivanje grupe"},{"$i":"gaia-shortcut-app-updated","$v":"Aplikacija ažurirana"},{"$i":"clocks-updated","$v":"Ažurirani satovi"},{"$i":"longDateFormat","$v":"%A, %B %e"},{"$i":"app-title","$v":"Moje aplikacije"},{"$i":"app-uninstall","$v":[{"t":"idOrVar","v":"name"}," je deinstaliran."]},{"$i":"confirmation","$v":"Potvrda"},{"$i":"clockDateFormat","$v":"%a, %e %b"},{"$i":"apn-sim1","$v":"Postavke APN-a – SIM1"},{"$i":"apn-sim2","$v":"Postavke APN-a – SIM2"},{"$i":"apnDefaultConfig","$v":"APN Default Config"},{"$i":"apn-defaultconfig-message","$v":"Postavite vrstu APN-a koju želite koristiti"},{"$i":"apnConfigPostpay","$v":"Postpay APN"},{"$i":"apnConfigPrepay","$v":"Prepay APN"},{"$i":"offline-toaster-message","$v":"Telefon je offline."},{"$i":"dialog-title-new-card","$v":"Nova kartica"},{"$i":"dialog-text-new-card-show","$v":"Dobili ste novu karticu: Pretražite Internet."},{"$i":"not-connect-internet-text","$v":"Nemate internetsku vezu. Sada se spojite na Internet?"},{"$i":"not-connect-internet-up-button","$v":"Uključite mobilne podatke"},{"$i":"not-connect-internet-down-button","$v":"Što su stanični podaci"},{"$i":"not-data-plan-text","$v":"Čini se da nemate podatkovnu tarifu za povezivanje s internetom. Ovo su vaše mogućnosti."},{"$i":"not-data-plan-down-button","$v":"Koristite Wi-Fi"},{"$i":"connect-internet-title","$v":"Povezani ste"},{"$i":"connect-internet-text","$v":"Pogledajte aplikacije kao što su trgovina, vijesti, vrijeme i internetski preglednik."},{"$i":"utilities","$v":"Alati"},{"$i":"games","$v":"Igre"},{"$i":"toast-app-downloaded-to-folder","$v":["Aplikacija ",{"t":"idOrVar","v":"appName"}," preuzeta je u mapu ",{"t":"idOrVar","v":"folderName"},"."]},{"$i":"toast-need-update-app","$v":"Ažurirajte aplikaciju na najnoviju verziju da biste nastavili s aplikacijom JioStore."},{"$i":"notices-reminder-header","$v":"Podsjetnik"},{"$i":"notices-reminder-content","$v":"Imate nepročitane obavijesti. Provjerite jeste li propustili nešto važno."},{"$i":"instant-settings","$v":"instant settings"},{"$i":"flashlight","$v":"Flashlight"},{"$i":"brightness","$v":"Brightness"},{"$i":"volume","$v":"Volume"},{"$i":"camera","$v":"Fotoaparat"},{"$i":"calculator","$v":"Calculator"},{"$i":"airplane-mode","$v":"Airplane Mode"},{"$i":"wifi","$v":"Wi-Fi"},{"$i":"bluetooth","$v":"Bluetooth"},{"$i":"cellular-data","$v":"Cellular Data"},{"$i":"on","$v":"On"},{"$i":"off","$v":"Off"},{"$i":"percentage-number","$v":[{"t":"idOrVar","v":"number"},"%"]},{"$i":"eccOnly","$v":"Samo žurni pozivi"},{"$i":"emergencyCallsOnly","$v":"Samo žurni pozivi"},{"$i":"searching","$v":"Pretraživanje"},{"$i":"nocard-eccOnly","$v":"Nema samo SIM kartice - hitni pozivi"},{"$i":"unusablecard-eccOnly","$v":"SIM kartica ne može se koristiti samo u hitnim slučajevima"},{"$i":"nocard-noservice","$v":"Nema SIM kartice-Nema usluge"},{"$i":"sim-with-index-and-carrier","$v":["SIM ",{"t":"idOrVar","v":"index"}," - ",{"t":"idOrVar","v":"carrier"}]},{"$i":"sim-without-carrier","$v":["SIM ",{"t":"idOrVar","v":"index"}]},{"$i":"call-forwarding-async","$v":["Asinkrono: ",{"t":"idOrVar","v":"async"}]},{"$i":"call-forwarding-data","$v":["Podaci: ",{"t":"idOrVar","v":"data"}]},{"$i":"call-forwarding-error","$v":"Tijekom dohvaćanja statusa prosljeđivanja poziva došlo je do pogreške"},{"$i":"call-forwarding-fax","$v":["FAKS: ",{"t":"idOrVar","v":"fax"}]},{"$i":"call-forwarding-inactive","$v":"Neaktivni"},{"$i":"call-forwarding-packet","$v":["Paket: ",{"t":"idOrVar","v":"packet"}]},{"$i":"call-forwarding-pad","$v":["PAD: ",{"t":"idOrVar","v":"pad"}]},{"$i":"call-forwarding-sms","$v":["SMS: ",{"t":"idOrVar","v":"sms"}]},{"$i":"call-forwarding-status","$v":"Status preusmjeravanja poziva"},{"$i":"call-forwarding-sync","$v":["Sinkrono: ",{"t":"idOrVar","v":"sync"}]},{"$i":"call-forwarding-voice","$v":["Glas: ",{"t":"idOrVar","v":"voice"}]},{"$i":"call-forwarding-voice-after-seconds","$v":["Glas: ",{"t":"idOrVar","v":"voice"}," nakon ",{"t":"idOrVar","v":"timeSeconds"}," s"]},{"$i":"call-forwarding-reason","$v":["Reason: ",{"t":"idOrVar","v":"reason"}]},{"$i":"serviceClassVoice","$v":"Glasovne snimke"},{"$i":"serviceClassData","$v":"Podaci"},{"$i":"serviceClassFax","$v":"FAKS"},{"$i":"serviceClassSms","$v":"SMS"},{"$i":"serviceClassDataSync","$v":"Sinkroniziraj"},{"$i":"serviceClassDataAsync","$v":"Asinkrono"},{"$i":"serviceClassPacket","$v":"Paket"},{"$i":"serviceClassPad","$v":"PAD"},{"$i":"smServiceEnabled","$v":"Servis je omogućen"},{"$i":"smServiceDisabled","$v":"Servis je onemogućen"},{"$i":"smServiceRegistered","$v":"Registracija je uspjela"},{"$i":"smServiceErased","$v":"Brisanje je bilo uspješno"},{"$i":"smServiceInterrogated","$v":"Zahtjev je uspio"},{"$i":"smServiceNotProvisioned","$v":"Servis nije dodijeljen"},{"$i":"smClirPermanent","$v":"Ne možete mijenjati postavke ID-a pozivatelja"},{"$i":"smClirDefaultOnNextCallOn","$v":"ID poz. po zadanom je zabran Sljed. poz.: zabran."},{"$i":"smClirDefaultOnNextCallOff","$v":"ID pozivatelja po zadanom je zabranjen. Sljedeći poziv: nije zabranjeno"},{"$i":"smClirDefaultOffNextCallOn","$v":"ID pozivatelja po zadanom nije zabranjen. Sljedeći poziv: zabranjeno"},{"$i":"smClirDefaultOffNextCallOff","$v":"ID pozivatelja po zadanom nije zabranjen. Sljedeći poziv: nije zabranjeno"},{"$i":"smServiceEnabledFor","$v":"Servis je omogućen za:"},{"$i":"smPinChanged","$v":"PIN uspješno promijenjen"},{"$i":"smPinUnblocked","$v":"PIN uspješno deblokiran"},{"$i":"smPin2Changed","$v":"PIN2 uspješno promijenjen"},{"$i":"smPin2Unblocked","$v":"PIN2 uspješno deblokiran"},{"$i":"ServiceIsEnabled","$v":"Servis je omogućen"},{"$i":"ServiceIsDisabled","$v":"Servis je onemogućen"},{"$i":"ServiceIsEnabledFor","$v":"Servis je omogućen za:"},{"$i":"emMmiError","$v":"Problem s vezom ili nevaljan MMI kod"},{"$i":"emMmiErrorPasswordIncorrect","$v":"Netočna lozinka"},{"$i":"emMmiErrorNotSupported","$v":"MMI kod nije valjan ili podržan"},{"$i":"emMmiErrorInvalidAction","$v":"Akcija nije valjana"},{"$i":"emMmiErrorInvalidScCode","$v":"Servisni kod nije valjan"},{"$i":"emMmiErrorBadPuk","$v":"Upisani PUK nije točan"},{"$i":"emMmiErrorBadPin","$v":"Uneseni stari PIN nije točan."},{"$i":"emMmiErrorNeedPuk2","$v":"Unesite PUK2 da biste deblokirali SIM karticu"},{"$i":"emMmiErrorMismatchPin","$v":"Uneseni PIN-ovi se ne podudaraju"},{"$i":"emMmiErrorInvalidPin","$v":"Unesite PIN koji sadrži 4 do 8 brojeva"},{"$i":"emMmiErrorNeedsPuk","$v":"Vaša je SIM kartica zaključana PUK-om"},{"$i":"emMmiErrorEnablePin","$v":"Nije uspjelo. Omogućite SIM/RUIM LOCK"},{"$i":"emMmiErrorMmiFdn","$v":"Post. je ogran. samo na fiks. br. za biranje"},{"$i":"emMmiErrorStkCcUssdDial","$v":"USSD zahtjev je izmijenjen u DIAL zahtjev"},{"$i":"emMmiErrorStkCcUssdSs","$v":"USSD zahtjev je izmijenjen u SS zahtjev"},{"$i":"emMmiErrorStkCcUssdUssd","$v":"USSD zahtjev je izmijenjen u novi USSD zahtjev"},{"$i":"emMmiErrorStkCcSsDial","$v":"SS zahtjev je izmijenjen u DIAL zahtjev"},{"$i":"emMmiErrorStkCcSsUssd","$v":"SS zaht. izmijenjen u USSD zaht."},{"$i":"emMmiErrorStkCcSsSs","$v":"SS zahtjev je izmijenjen u novi SS zahtjev"},{"$i":"emMmiErrorPinPukAttempts","$v":{"few":["Preostalo pokušaja: ",{"t":"idOrVar","v":"n"}],"many":["Preostalo pokušaja: ",{"t":"idOrVar","v":"n"}],"one":["Preost. pok.: ",{"t":"idOrVar","v":"n"}],"other":["Preostalo pokušaja: ",{"t":"idOrVar","v":"n"}],"two":["Preostalo pokušaja: ",{"t":"idOrVar","v":"n"}]},"$x":[{"t":"idOrVar","v":"plural"},"n"]},{"$i":"emMmiErrorSimBlocked","$v":"Prekoračen je maksimalni broj ponovnih pokušaja. SIM je blokiran"},{"$i":"RadioNotAvailable","$v":"Radio not available"},{"$i":"PasswordIncorrect","$v":"Lozinka nije točna"},{"$i":"SimPin2","$v":"PIN2 za SIM"},{"$i":"SimPuk2","$v":"PUK2 za SIM"},{"$i":"RequestNotSupported","$v":"Zahtjev nije podržan"},{"$i":"OpNotAllowedDuringVoiceCall","$v":"Post. nije dop. tijekom glas. poziva"},{"$i":"SmsSendFailRetry","$v":"Slanje SMS-a nije uspj. ponov."},{"$i":"SimAbsent","$v":"SIM-a nema"},{"$i":"SubscriptionNotAvailable","$v":"Pretplata nije dostupna"},{"$i":"ModeNotSupported","$v":"Način rada nije podržan"},{"$i":"FdnCheckFailure","$v":"Provjera FDN-a nije uspjela"},{"$i":"IllegalSimOrMe","$v":"Ilegalni SIM ili ME"},{"$i":"DialModifiedToUssd","$v":"Dial modified to USSD"},{"$i":"DialModifiedToSs","$v":"Dial modified to SS"},{"$i":"DialModifiedToDial","$v":"Dial modified to dial"},{"$i":"UssdModifiedToDial","$v":"USSD izmijenjeno u biranje"},{"$i":"UssdModifiedToSs","$v":"USSD izmijenjeno u SS"},{"$i":"UssdModifiedToUssd","$v":"USSD izmijenjeno u USSD"},{"$i":"SsModifiedToDial","$v":"SS izmijenjeno u biranje"},{"$i":"SsModifiedToUssd","$v":"SS izmijenjeno u USSD"},{"$i":"SsModifiedToSs","$v":"SS izmijenjeno u SS"},{"$i":"SubscriptionNotSupported","$v":"Pretplata nije podržana"},{"$i":"InvalidParameter","$v":"Parametar nije valjan"},{"$i":"RejectedByRemote","$v":"Odbačeno daljinski"},{"$i":"GetEmptyUssdPrompt","$v":"Primljen je niži odgovor."},{"$i":"LimitBlockNumber","$v":"Ovaj je broj blokiran. Možete zatražiti od roditelja dopuštenje."},{"$i":"IncorrectPassword","$v":"Netočna lozinka."},{"$i":"Cancelled","$v":"Otkazano."},{"$i":"OpNotAllowedBeforeRegToNw","$v":"Rad nije dopušten prije registracije na mrežu"},{"$i":"MissingResource","$v":"Nedostaje resurs."},{"$i":"UnspecifiedError","$v":"Nespecifična pogreška."},{"$i":"label","$v":"Oznaka"},{"$i":"faxHome","$v":"Faks kod kuće"},{"$i":"faxOffice","$v":"Faks u uredu"},{"$i":"faxOther","$v":"Faks drugdje"},{"$i":"another","$v":"Nešto drugo"},{"$i":"other","$v":"Drugo"},{"$i":"customTag","$v":"Prilagođena oznaka","placeholder":"Prilagođena oznaka"},{"$i":"current","$v":"Trenutno"},{"$i":"itemWithLabel","$v":[{"t":"idOrVar","v":"label"},", ",{"t":"idOrVar","v":"item"}]},{"$i":"weekday-0-long","$v":"Nedjelja"},{"$i":"weekday-1-long","$v":"Ponedjeljak"},{"$i":"weekday-2-long","$v":"Utorak"},{"$i":"weekday-3-long","$v":"Srijeda"},{"$i":"weekday-4-long","$v":"Četvrtak"},{"$i":"weekday-5-long","$v":"Petak"},{"$i":"weekday-6-long","$v":"Subota"},{"$i":"weekday-0-short","$v":"Ned"},{"$i":"weekday-1-short","$v":"Pon"},{"$i":"weekday-2-short","$v":"Uto"},{"$i":"weekday-3-short","$v":"Sri"},{"$i":"weekday-4-short","$v":"Čet"},{"$i":"weekday-5-short","$v":"Pet"},{"$i":"weekday-6-short","$v":"Sub"},{"$i":"month-0-long","$v":"Siječanj"},{"$i":"month-1-long","$v":"Veljača"},{"$i":"month-2-long","$v":"Ožujak"},{"$i":"month-3-long","$v":"Travanj"},{"$i":"month-4-long","$v":"Svibanj"},{"$i":"month-5-long","$v":"Lipanj"},{"$i":"month-6-long","$v":"Srpanj"},{"$i":"month-7-long","$v":"Kolovoz"},{"$i":"month-8-long","$v":"Rujan"},{"$i":"month-9-long","$v":"Listopad"},{"$i":"month-10-long","$v":"Studeni"},{"$i":"month-11-long","$v":"Prosinac"},{"$i":"month-0-genitive","$v":"Siječanj"},{"$i":"month-1-genitive","$v":"Veljača"},{"$i":"month-2-genitive","$v":"Ožujak"},{"$i":"month-3-genitive","$v":"Travanj"},{"$i":"month-4-genitive","$v":"Svibanj"},{"$i":"month-5-genitive","$v":"Lipanj"},{"$i":"month-6-genitive","$v":"Srpanj"},{"$i":"month-7-genitive","$v":"Kolovoz"},{"$i":"month-8-genitive","$v":"Rujan"},{"$i":"month-9-genitive","$v":"Listopad"},{"$i":"month-10-genitive","$v":"Studeni"},{"$i":"month-11-genitive","$v":"Prosinac"},{"$i":"month-0-short","$v":"SIJEC."},{"$i":"month-1-short","$v":"VELJ."},{"$i":"month-2-short","$v":"OZUJ."},{"$i":"month-3-short","$v":"TRAV."},{"$i":"month-4-short","$v":"SVIB."},{"$i":"month-5-short","$v":"LIP."},{"$i":"month-6-short","$v":"SRP."},{"$i":"month-7-short","$v":"KOL."},{"$i":"month-8-short","$v":"RUJ."},{"$i":"month-9-short","$v":"LIST."},{"$i":"month-10-short","$v":"STUD."},{"$i":"month-11-short","$v":"PROS."},{"$i":"minutes-ago-long","$v":{"few":["Prije ",{"t":"idOrVar","v":"value"}," min"],"many":["Prije ",{"t":"idOrVar","v":"value"}," min"],"other":["Prije ",{"t":"idOrVar","v":"value"}," min"],"two":["Prije ",{"t":"idOrVar","v":"value"}," min"],"one":"prije 1 min","zero":"upravo sad"},"$x":[{"t":"idOrVar","v":"plural"},"value"]},{"$i":"hours-ago-long","$v":{"few":["Prije ",{"t":"idOrVar","v":"value"}," h"],"many":["Prije ",{"t":"idOrVar","v":"value"}," h"],"other":["Prije ",{"t":"idOrVar","v":"value"}," h"],"two":["Prije ",{"t":"idOrVar","v":"value"}," h"],"one":"prije 1 sat","zero":"upravo sad"},"$x":[{"t":"idOrVar","v":"plural"},"value"]},{"$i":"days-ago-long","$v":{"few":["Prije ",{"t":"idOrVar","v":"value"}," dana"],"many":["Prije ",{"t":"idOrVar","v":"value"}," dana"],"one":"jučer","other":["Prije ",{"t":"idOrVar","v":"value"}," dana"],"two":["Prije ",{"t":"idOrVar","v":"value"}," dana"],"zero":"danas"},"$x":[{"t":"idOrVar","v":"plural"},"value"]},{"$i":"weeks-ago-long","$v":{"few":["Prije ",{"t":"idOrVar","v":"value"}," tjed(a)na"],"many":["Prije ",{"t":"idOrVar","v":"value"}," tjed(a)na"],"one":"prošli tjedan","other":["Prije ",{"t":"idOrVar","v":"value"}," tjed(a)na"],"two":["Prije ",{"t":"idOrVar","v":"value"}," tjed(a)na"],"zero":"ovaj tjedan"},"$x":[{"t":"idOrVar","v":"plural"},"value"]},{"$i":"months-ago-long","$v":{"few":["Prije ",{"t":"idOrVar","v":"value"}," mjeseci(a)"],"many":["Prije ",{"t":"idOrVar","v":"value"}," mjeseci(a)"],"one":"prošli mjesec","other":["Prije ",{"t":"idOrVar","v":"value"}," mjeseci(a)"],"two":["Prije ",{"t":"idOrVar","v":"value"}," mjeseci(a)"],"zero":"ovaj mjesec"},"$x":[{"t":"idOrVar","v":"plural"},"value"]},{"$i":"years-ago-long","$v":{"few":["Prije ",{"t":"idOrVar","v":"value"}," godina"],"many":["Prije ",{"t":"idOrVar","v":"value"}," godina"],"one":"prošle godine","other":["Prije ",{"t":"idOrVar","v":"value"}," godina"],"two":["Prije ",{"t":"idOrVar","v":"value"}," godina"],"zero":"ova godina"},"$x":[{"t":"idOrVar","v":"plural"},"value"]},{"$i":"minutes-until-long","$v":{"few":["za ",{"t":"idOrVar","v":"value"}," min"],"many":["za ",{"t":"idOrVar","v":"value"}," min"],"other":["za ",{"t":"idOrVar","v":"value"}," min"],"two":["za ",{"t":"idOrVar","v":"value"}," min"],"zero":"sada","one":"za 1 minutu"},"$x":[{"t":"idOrVar","v":"plural"},"value"]},{"$i":"hours-until-long","$v":{"few":["za ",{"t":"idOrVar","v":"value"}," h"],"many":["za ",{"t":"idOrVar","v":"value"}," h"],"other":["za ",{"t":"idOrVar","v":"value"}," h"],"two":["za ",{"t":"idOrVar","v":"value"}," h"],"zero":"sada","one":"za 1 sat"},"$x":[{"t":"idOrVar","v":"plural"},"value"]},{"$i":"days-until-long","$v":{"few":["za ",{"t":"idOrVar","v":"value"}," dana"],"many":["za ",{"t":"idOrVar","v":"value"}," dana"],"one":"sutra","other":["za ",{"t":"idOrVar","v":"value"}," dana"],"two":["za ",{"t":"idOrVar","v":"value"}," dana"],"zero":"danas"},"$x":[{"t":"idOrVar","v":"plural"},"value"]},{"$i":"weeks-until-long","$v":{"few":["za ",{"t":"idOrVar","v":"value"}," tjed(a)na"],"many":["za ",{"t":"idOrVar","v":"value"}," tjed(a)na"],"one":"sljedećeg tjedna","other":["za ",{"t":"idOrVar","v":"value"}," tjed(a)na"],"two":["za ",{"t":"idOrVar","v":"value"}," tjed(a)na"],"zero":"ovaj tjedan"},"$x":[{"t":"idOrVar","v":"plural"},"value"]},{"$i":"months-until-long","$v":{"few":["za ",{"t":"idOrVar","v":"value"}," mjeseci(a)"],"many":["za ",{"t":"idOrVar","v":"value"}," mjeseci(a)"],"one":"sljedećeg mjeseca","other":["za ",{"t":"idOrVar","v":"value"}," mjeseci(a)"],"two":["za ",{"t":"idOrVar","v":"value"}," mjeseci(a)"],"zero":"ovaj mjesec"},"$x":[{"t":"idOrVar","v":"plural"},"value"]},{"$i":"years-until-long","$v":{"few":["za ",{"t":"idOrVar","v":"value"}," godina"],"many":["za ",{"t":"idOrVar","v":"value"}," godina"],"one":"sljedeće godine","other":["za ",{"t":"idOrVar","v":"value"}," godina"],"two":["za ",{"t":"idOrVar","v":"value"}," godina"],"zero":"ova godina"},"$x":[{"t":"idOrVar","v":"plural"},"value"]},{"$i":"minutes-ago-short","$v":{"other":["Prije ",{"t":"idOrVar","v":"value"}," min"],"zero":"upravo sad"},"$x":[{"t":"idOrVar","v":"plural"},"value"]},{"$i":"hours-ago-short","$v":{"other":["Prije ",{"t":"idOrVar","v":"value"}," h"],"zero":"upravo sad"},"$x":[{"t":"idOrVar","v":"plural"},"value"]},{"$i":"days-ago-short","$v":{"other":["Prije ",{"t":"idOrVar","v":"value"}," dana"],"zero":"danas"},"$x":[{"t":"idOrVar","v":"plural"},"value"]},{"$i":"minutes-until-short","$v":{"other":["za ",{"t":"idOrVar","v":"value"}," min"],"zero":"sada"},"$x":[{"t":"idOrVar","v":"plural"},"value"]},{"$i":"hours-until-short","$v":{"other":["za ",{"t":"idOrVar","v":"value"}," h"],"zero":"sada"},"$x":[{"t":"idOrVar","v":"plural"},"value"]},{"$i":"days-until-short","$v":{"other":["za ",{"t":"idOrVar","v":"value"}," d."],"zero":"danas"},"$x":[{"t":"idOrVar","v":"plural"},"value"]},{"$i":"incorrectDate","$v":"(netočan datum)"},{"$i":"dateTimeFormat_%c","$v":"%a %b %e %Y %I:%M:%S %p"},{"$i":"dateTimeFormat_%x","$v":"%m/%d/%Y"},{"$i":"dateTimeFormat_%X","$v":"%I.%M:%S %p"},{"$i":"shortTimeFormat","$v":"%x %I:%M %p"},{"$i":"shortTimeFormat12","$v":"%x %I:%M %p"},{"$i":"shortTimeFormat24","$v":"%H:%M"},{"$i":"shortDateTimeFormat","$v":"%x %I:%M %p"},{"$i":"weekStartsOnMonday","$v":"0.0"},{"$i":"firstDayOfTheWeek","$v":"1.0"},{"$i":"time_am","$v":"AM"},{"$i":"time_pm","$v":"PM"}]