[{"$i":"search-or-enter-address","placeholder":"Cím keresése vagy megadása"},{"$i":"delete-title","$v":[{"t":"idOrVar","v":"name"}," törlése"]},{"$i":"delete-body","$v":[{"t":"idOrVar","v":"name"}," és minden adata törlésre kerül."]},{"$i":"delete","$v":"Törlés"},{"$i":"cancel","$v":"Mégse"},{"$i":"apps","$v":"Alkalmazások"},{"$i":"menu","$v":"Menü"},{"$i":"notifications","$v":"Értesítések"},{"$i":"speed-dial","$v":"Gyorstárcsázás"},{"$i":"select","$v":"Kiválasztás"},{"$i":"move","$v":"Áthelyezés"},{"$i":"ok","$v":"OK"},{"$i":"set","$v":"Beállítás"},{"$i":"edit","$v":"Szerkesztés"},{"$i":"call","$v":"Hívás"},{"$i":"message","$v":"Üzenet"},{"$i":"options","$v":"Opciók"},{"$i":"assign","$v":"Hozzárendelés"},{"$i":"remove","$v":"Eltávolítás"},{"$i":"replace","$v":"Csere"},{"$i":"more","$v":"Továbbiak"},{"$i":"settings","$v":"Beállítások"},{"$i":"contacts","$v":"Telefonkönyv"},{"$i":"list-view","$v":"Lista nézet"},{"$i":"grid-view","$v":"Rács nézet"},{"$i":"single-view","$v":"Egyetlen nézet"},{"$i":"skip","$v":"Skip"},{"$i":"shortcuts","$v":"Parancsikonok"},{"$i":"next","$v":"Következő"},{"$i":"back","$v":"Vissza"},{"$i":"memory-cleaner","$v":"Memóriatisztító"},{"$i":"open","$v":"MEGNYITÁS"},{"$i":"voicemail","$v":"Hangposta"},{"$i":"speed-dial-not-empty","ariaLabel":[{"t":"idOrVar","v":"order"},", ",{"t":"idOrVar","v":"name"}]},{"$i":"speed-dial-empty","ariaLabel":[{"t":"idOrVar","v":"order"},", üres"]},{"$i":"remove-speed-dial","$v":["Biztosan el kívánja távolítani a Gyorstárcsázóból a következőt: ",{"t":"idOrVar","v":"name"},"?"]},{"$i":"replace-speed-dial","$v":["Biztosan ki kívánja cserélni ezt: ",{"t":"idOrVar","v":"name"}," ezzel: ",{"t":"idOrVar","v":"subName"},"?"]},{"$i":"assign-speed-dial","$v":["A névjegy nem került hozzárendelésre gyorshívó számként a ",{"t":"idOrVar","v":"n"}," gombhoz. Hozzárendeli most?"]},{"$i":"assign-voicemail","$v":"A Hangpostaszám nem lett beállítva."},{"$i":"alert-for-contacts-without-number","$v":"Nincsenek telefonszámmal rendelkező, elérhető névjegyek."},{"$i":"option-remove","$v":"Eltávolítás a gyorstárcsázóból"},{"$i":"option-replace","$v":"Csere"},{"$i":"all-apps","$v":"Összes alkalmazás"},{"$i":"uninstall","$v":"Eltávolítás"},{"$i":"confirm-to-uninstall-app","$v":["Eltávolítja a(z) ",{"t":"idOrVar","v":"appName"}," alkalmazást?"]},{"$i":"confirm-to-unpin-bookmark","$v":"Feloldja a weboldal rögzítését."},{"$i":"unpin","$v":"Rögzítés feloldása"},{"$i":"rename","$v":"Átnevezés"},{"$i":"title","$v":"Cím"},{"$i":"add-to-existing-contact","$v":"Hozzáadás egy meglévő névjegyhez"},{"$i":"create-new-contact","$v":"Új névjegy létrehozása"},{"$i":"sending","$v":"Várjon…"},{"$i":"video-call","$v":"Videohívás"},{"$i":"rtt-call","$v":"RTT-hívás"},{"$i":"callAirplaneModeTitle","$v":"Repülőgép üzemmód aktiválva"},{"$i":"callAirplaneModeMessage","$v":"Híváshoz ki kell kapcsolni a repülőgép üzemmódot a beállításokban."},{"$i":"emergencyDialogTitle","$v":"Nincs hálózati kapcsolat"},{"$i":"emergencyDialogBodyBadNumber","$v":"Hívás indításához a telefonnak csatlakoznia kell egy hálózathoz."},{"$i":"emergencyDialogBodyDeviceNotAccepted","$v":"A hálózat nem engedélyezi a segélyhívásokat."},{"$i":"invalidNumberToDialTitle","$v":"Érvénytelen telefonszám"},{"$i":"invalidNumberToDialMessage","$v":"A hívott szám nem érvényes."},{"$i":"emergency-call-only","$v":"Csak segélyhívás"},{"$i":"emergency-call-error","$v":["A ",{"t":"idOrVar","v":"number"}," nem segélyhívószám."]},{"$i":"numberIsBusyTitle","$v":"A szám foglalt"},{"$i":"numberIsBusyMessage","$v":"A szám jelenleg foglalt. Próbálja újra később."},{"$i":"fdnIsActiveTitle","$v":"Fix hívószámok (FDN) mód aktív"},{"$i":"fdnIsActiveMessage","$v":["A fix hívószámok (FDN) mód be van kapcsolva, és ez a szám nincs rajta a fix hívószámok (FDN) listáján: ",{"t":"idOrVar","v":"number"}]},{"$i":"otherConnectionInUseTitle","$v":"A használatban lévő másik kapcsolat"},{"$i":"otherConnectionInUseMessage","$v":"Egy folyamatban lévő hívása van egy másik kapcsolaton keresztül. Egyszerre csak egy kapcsolatot használhat."},{"$i":"GenericFailure","$v":"Általános hiba"},{"$i":"CallFailed","$v":"A hívás megszakadt."},{"$i":"scCallBarring","$v":"Híváskorlátozás"},{"$i":"scCallForwarding","$v":"Hívásátirányítás"},{"$i":"scClip","$v":"Bejövő hívóazonosító"},{"$i":"scClir","$v":"Kimenő hívóazonosító"},{"$i":"scPwd","$v":"Jelszóváltoztatás"},{"$i":"scCallWaiting","$v":"Hívásvárakoztatás"},{"$i":"scPin","$v":"PIN-kód módosítása"},{"$i":"scPin2","$v":"PIN2-kód módosítása"},{"$i":"scPuk","$v":"PIN-kód letiltásának feloldása"},{"$i":"scPuk2","$v":"PIN2-kód letiltásának feloldása"},{"$i":"scImei","$v":"IMEI-kód"},{"$i":"scMeid","$v":"MEID"},{"$i":"scUssd","$v":"USSD"},{"$i":"deviceIsUnlocked","$v":"Készülékzár feloldva."},{"$i":"simUnlockCodeAccepted","$v":"A SIM feloldó kódja elfogadva"},{"$i":"simUnlockCodeFailed","$v":"A SIM zárolása sikertelen"},{"$i":"personal","$v":"Személyes"},{"$i":"mobile","$v":"Mobil"},{"$i":"home","$v":"Kezdőképernyő"},{"$i":"work","$v":"Munkahelyi"},{"$i":"fax-home","$v":"Otthoni fax"},{"$i":"fax-office","$v":"Munkahelyi fax"},{"$i":"fax-other","$v":"Egyéb fax"},{"$i":"noSimCard","$v":"Nincs SIM-kártya"},{"$i":"noService","$v":"Nincs térerő"},{"$i":"lockedSim","$v":"Zárolt SIM-kártya"},{"$i":"airplaneMode","$v":"Repülőgép üzemmód"},{"$i":"wifi-calling","$v":"Wi-Fi hívás"},{"$i":"homescreen-settings","$v":"Kezdőképernyő beállítások"},{"$i":"change-wallpaper","$v":"Háttérkép módosítása"},{"$i":"add-smart-collections","$v":"Intelligens gyűjtemények hozzáadása"},{"$i":"edit-mode","$v":"Szerkesztés"},{"$i":"edit-done","$v":"Kész"},{"$i":"tutorial-for-side-menu-1","$v":["Nyomja meg a ",{"t":"idOrVar","v":"left"}," gombot a bal oldali alkalmazások eléréséhez."]},{"$i":"tutorial-for-instant-settings-1","$v":["Nyomja meg a ",{"t":"idOrVar","v":"up"}," gombot a gyakran használt beállításokért."]},{"$i":"tutorial-for-notices","$v":"Nyomja meg a JOBB nyilat az új értesítések megtekintéséhez."},{"$i":"tutorial-for-google-assistant-1","$v":["Tartsa lenyomva a ",{"t":"idOrVar","v":"microphone"}," ikont a beszédhez."]},{"$i":"tutorial-for-voice-input-1","$v":["Tartsa lenyomva a ",{"t":"idOrVar","v":"microphone"}," ikont a beszéd szövegmezőbe való beírásához."]},{"$i":"tutorial-for-find-kaistore-2","$v":"Keresse meg a KaiStore alkalmazást az Alkalmazások menü első oldalán."},{"$i":"tutorial-for-left","$v":"BALRA"},{"$i":"tutorial-for-up","$v":"FELFELÉ"},{"$i":"stop-download-title","$v":[{"t":"idOrVar","v":"name"}," leállítása"]},{"$i":"stop-download-body","$v":"Meg kívánja szakítani a folyamatban lévő letöltést?"},{"$i":"stop-download-action","$v":"Leállítás"},{"$i":"resume-download-title","$v":"Letöltés újraindítása"},{"$i":"resume-download-body","$v":["Le kívánja tölteni ezt: ",{"t":"idOrVar","v":"name"},"?"]},{"$i":"resume-download-action","$v":"Letöltés"},{"$i":"edit-group-header","$v":"Csoport szerkesztése"},{"$i":"gaia-shortcut-app-updated","$v":"Alkalmazás frissítve"},{"$i":"clocks-updated","$v":"Órák frissítve"},{"$i":"longDateFormat","$v":"%A, %B %e"},{"$i":"app-title","$v":"Saját alkalmazások"},{"$i":"app-uninstall","$v":[{"t":"idOrVar","v":"name"}," eltávolításra került."]},{"$i":"confirmation","$v":"Megerősítés"},{"$i":"clockDateFormat","$v":"%a, %e %b"},{"$i":"apn-sim1","$v":"APN beállítások – SIM1"},{"$i":"apn-sim2","$v":"APN beállítások – SIM2"},{"$i":"apnDefaultConfig","$v":"APN Default Config"},{"$i":"apn-defaultconfig-message","$v":"Állítsa be a használni kívánt apn típusát"},{"$i":"apnConfigPostpay","$v":"Postpay APN"},{"$i":"apnConfigPrepay","$v":"Prepay APN"},{"$i":"offline-toaster-message","$v":"A telefon off-line."},{"$i":"dialog-title-new-card","$v":"Új kártya"},{"$i":"dialog-text-new-card-show","$v":"Új kártyát kapott: Keressen az interneten."},{"$i":"not-connect-internet-text","$v":"Nem rendelkezik internetkapcsolattal. Csatlakozik az internethez most?"},{"$i":"not-connect-internet-up-button","$v":"Mobil adatkapcsolat bekapcsolása"},{"$i":"not-connect-internet-down-button","$v":"Mit takar a mobil adatkapcsolat kifejezés"},{"$i":"not-data-plan-text","$v":"Úgy tűnik nem rendelkezik az internethez való csatlakozáshoz szükséges adatcsomaggal. Íme a rendelkezésére álló opciók."},{"$i":"not-data-plan-down-button","$v":"Wi-Fi használata"},{"$i":"connect-internet-title","$v":"A kapcsolat létrejött"},{"$i":"connect-internet-text","$v":"Tekintsen meg olyan alkalmazásokat, mint az Áruház, Hírek, Időjárás vagy Böngésző."},{"$i":"utilities","$v":"Közszolgáltatások"},{"$i":"games","$v":"Játékok"},{"$i":"toast-app-downloaded-to-folder","$v":[{"t":"idOrVar","v":"appName"}," letöltve a(z) ",{"t":"idOrVar","v":"folderName"}," mappába."]},{"$i":"toast-need-update-app","$v":"A JioStore alkalmazásból való folytatáshoz frissítse az alkalmazást a legújabb verzióra."},{"$i":"notices-reminder-header","$v":"Emlékeztető"},{"$i":"notices-reminder-content","$v":"Olvasatlan értesítései vannak. Ellenőrizze, hogy lemaradt-e valami fontosról."},{"$i":"instant-settings","$v":"instant settings"},{"$i":"flashlight","$v":"Flashlight"},{"$i":"brightness","$v":"Brightness"},{"$i":"volume","$v":"Volume"},{"$i":"camera","$v":"Kamera"},{"$i":"calculator","$v":"Calculator"},{"$i":"airplane-mode","$v":"Airplane Mode"},{"$i":"wifi","$v":"Wi-Fi"},{"$i":"bluetooth","$v":"Bluetooth"},{"$i":"cellular-data","$v":"Cellular Data"},{"$i":"on","$v":"On"},{"$i":"off","$v":"Off"},{"$i":"percentage-number","$v":[{"t":"idOrVar","v":"number"},"%"]},{"$i":"eccOnly","$v":"Kizárólag segélyhívások"},{"$i":"emergencyCallsOnly","$v":"Kizárólag segélyhívások"},{"$i":"searching","$v":"Keresés"},{"$i":"nocard-eccOnly","$v":"Nincs SIM-kártya - csak segélyhívások"},{"$i":"unusablecard-eccOnly","$v":"Nem használható SIM-kártya - Csak segélyhívások"},{"$i":"nocard-noservice","$v":"Nincs SIM-kártya-Nincs térerő"},{"$i":"sim-with-index-and-carrier","$v":["SIM ",{"t":"idOrVar","v":"index"}," - ",{"t":"idOrVar","v":"carrier"}]},{"$i":"sim-without-carrier","$v":["SIM ",{"t":"idOrVar","v":"index"}]},{"$i":"call-forwarding-async","$v":["Aszinkron: ",{"t":"idOrVar","v":"async"}]},{"$i":"call-forwarding-data","$v":["Adatok: ",{"t":"idOrVar","v":"data"}]},{"$i":"call-forwarding-error","$v":"Hiba lépett fel a hívásátirányítás állapotának lekérése közben"},{"$i":"call-forwarding-fax","$v":["FAX: ",{"t":"idOrVar","v":"fax"}]},{"$i":"call-forwarding-inactive","$v":"Inaktív"},{"$i":"call-forwarding-packet","$v":["Csomag: ",{"t":"idOrVar","v":"packet"},"\\n"]},{"$i":"call-forwarding-pad","$v":["PAD: ",{"t":"idOrVar","v":"pad"}]},{"$i":"call-forwarding-sms","$v":["SMS: ",{"t":"idOrVar","v":"sms"}]},{"$i":"call-forwarding-status","$v":"Hívásátirányítás állapota"},{"$i":"call-forwarding-sync","$v":["Szinkron: ",{"t":"idOrVar","v":"sync"}]},{"$i":"call-forwarding-voice","$v":["Hang: ",{"t":"idOrVar","v":"voice"}]},{"$i":"call-forwarding-voice-after-seconds","$v":["Hanghívás: ",{"t":"idOrVar","v":"voice"}," ",{"t":"idOrVar","v":"timeSeconds"}," másodperc múlva"]},{"$i":"call-forwarding-reason","$v":["Reason: ",{"t":"idOrVar","v":"reason"}]},{"$i":"serviceClassVoice","$v":"Hang"},{"$i":"serviceClassData","$v":"Adatkapcsolat"},{"$i":"serviceClassFax","$v":"FAX"},{"$i":"serviceClassSms","$v":"SMS"},{"$i":"serviceClassDataSync","$v":"Szinkronizálás"},{"$i":"serviceClassDataAsync","$v":"Aszinkron"},{"$i":"serviceClassPacket","$v":"Csomag"},{"$i":"serviceClassPad","$v":"PAD"},{"$i":"smServiceEnabled","$v":"A szolgáltatás engedélyezésre került."},{"$i":"smServiceDisabled","$v":"A szolgáltatás letiltásra került"},{"$i":"smServiceRegistered","$v":"A regisztráció sikerült"},{"$i":"smServiceErased","$v":"A törlés sikerült"},{"$i":"smServiceInterrogated","$v":"A kérelem sikerült"},{"$i":"smServiceNotProvisioned","$v":"Szolgáltatás nincs biztosítva"},{"$i":"smClirPermanent","$v":"Nem módosíthatja a hívóazonosító beállítást"},{"$i":"smClirDefaultOnNextCallOn","$v":"Hívóazonosítók átállítva korlátozottra. Következő hívás: korlátozott"},{"$i":"smClirDefaultOnNextCallOff","$v":"Hívóazonosítók átállítva korlátozottra. Következő hívás: korlátozatlan"},{"$i":"smClirDefaultOffNextCallOn","$v":"Hívóazonosítók átállítva korlátozatlanra. Következő hívás: korlátozott"},{"$i":"smClirDefaultOffNextCallOff","$v":"Hívóazonosítók átállítva korlátozatlanra. Következő hívás: korlátozatlan"},{"$i":"smServiceEnabledFor","$v":"A szolgáltatás engedélyezése megtörtént a következő számára:"},{"$i":"smPinChanged","$v":"A PIN módosítása sikerült"},{"$i":"smPinUnblocked","$v":"PIN blokkolás feloldva"},{"$i":"smPin2Changed","$v":"A PIN2 módosítása sikerült"},{"$i":"smPin2Unblocked","$v":"PIN2 blokkolás feloldva"},{"$i":"ServiceIsEnabled","$v":"A szolgáltatás aktív"},{"$i":"ServiceIsDisabled","$v":"A szolgáltatás le van tiltva"},{"$i":"ServiceIsEnabledFor","$v":"Szolgáltatás bekapcsolva:"},{"$i":"emMmiError","$v":"Csatlakozási probléma vagy érvénytelen MMI kód"},{"$i":"emMmiErrorPasswordIncorrect","$v":"Helytelen jelszó"},{"$i":"emMmiErrorNotSupported","$v":"Érvénytelen vagy nem támogatott MMI kód"},{"$i":"emMmiErrorInvalidAction","$v":"Érvénytelen művelet"},{"$i":"emMmiErrorInvalidScCode","$v":"Érvénytelen szolgáltatáskód"},{"$i":"emMmiErrorBadPuk","$v":"A megadott PUK-kód helytelen."},{"$i":"emMmiErrorBadPin","$v":"A megadott régi PIN-kód helytelen."},{"$i":"emMmiErrorNeedPuk2","$v":"Írja be a PUK2-kódot a SIM-kártya letiltásának feloldásához"},{"$i":"emMmiErrorMismatchPin","$v":"A beírt PIN-kódok nem egyeznek"},{"$i":"emMmiErrorInvalidPin","$v":"Adjon meg egy 4-8 számjegyből álló PIN-kódot"},{"$i":"emMmiErrorNeedsPuk","$v":"PUK-kóddal zárolt SIM-kártya"},{"$i":"emMmiErrorEnablePin","$v":"Sikertelen. Engedélyezze a SIM/RUIM zárat."},{"$i":"emMmiErrorMmiFdn","$v":"A művelet kizárólag fix hívószámokra van korlátozva"},{"$i":"emMmiErrorStkCcUssdDial","$v":"Az USSD-kérelem módosítva tárcsázási kérelemre"},{"$i":"emMmiErrorStkCcUssdSs","$v":"Az USSD-kérelem módosítva SS-kérelemre"},{"$i":"emMmiErrorStkCcUssdUssd","$v":"Az USSD-kérelem módosítva új USSD-kérelemre"},{"$i":"emMmiErrorStkCcSsDial","$v":"Az SS-kérelem módosítva tárcsázási kérelemre"},{"$i":"emMmiErrorStkCcSsUssd","$v":"Az SS-kérelem módosítva USSD-kérelemre"},{"$i":"emMmiErrorStkCcSsSs","$v":"Az SS-kérelem módosítva új SS-kérelemre"},{"$i":"emMmiErrorPinPukAttempts","$v":{"few":[{"t":"idOrVar","v":"n"}," újrapróbálkozási lehetősége maradt"],"many":[{"t":"idOrVar","v":"n"}," újrapróbálkozási lehetősége maradt"],"one":["Csak ",{"t":"idOrVar","v":"n"}," újrapróbálkozási lehetősége maradt"],"other":[{"t":"idOrVar","v":"n"}," újrapróbálkozási lehetősége maradt"],"two":[{"t":"idOrVar","v":"n"}," újrapróbálkozási lehetősége maradt"]},"$x":[{"t":"idOrVar","v":"plural"},"n"]},{"$i":"emMmiErrorSimBlocked","$v":"Elérte az újrapróbálkozási lehetőségek maximális számát. A SIM blokkolásra került."},{"$i":"RadioNotAvailable","$v":"Radio not available"},{"$i":"PasswordIncorrect","$v":"A jelszó helytelen"},{"$i":"SimPin2","$v":"SIM-kártya PIN2 kódja"},{"$i":"SimPuk2","$v":"SIM-kártya PUK2-kódja"},{"$i":"RequestNotSupported","$v":"A kérelem nem támogatott"},{"$i":"OpNotAllowedDuringVoiceCall","$v":"A művelet nem engedélyezett hanghívás közben"},{"$i":"SmsSendFailRetry","$v":"SMS küldési hiba, újrapróbálkozás"},{"$i":"SimAbsent","$v":"Hiányzó SIM-kártya"},{"$i":"SubscriptionNotAvailable","$v":"Az előfizetés nem elérhető"},{"$i":"ModeNotSupported","$v":"Nem támogatott mód"},{"$i":"FdnCheckFailure","$v":"A fix hívószámok ellenőrzése sikertelen"},{"$i":"IllegalSimOrMe","$v":"Nem engedélyezett SIM vagy ME"},{"$i":"DialModifiedToUssd","$v":"Dial modified to USSD"},{"$i":"DialModifiedToSs","$v":"Dial modified to SS"},{"$i":"DialModifiedToDial","$v":"Dial modified to dial"},{"$i":"UssdModifiedToDial","$v":"USSD tárcsázásra módosítva"},{"$i":"UssdModifiedToSs","$v":"USSD SS-re módosítva"},{"$i":"UssdModifiedToUssd","$v":"USSD USSD-re módosítva"},{"$i":"SsModifiedToDial","$v":"SS tárcsázásra módosítva"},{"$i":"SsModifiedToUssd","$v":"SS USSD-re módosítva"},{"$i":"SsModifiedToSs","$v":"SS SS-re módosítva"},{"$i":"SubscriptionNotSupported","$v":"Az előfizetés nem támogatott"},{"$i":"InvalidParameter","$v":"Érvénytelen paraméter"},{"$i":"RejectedByRemote","$v":"A távoli fél visszautasította"},{"$i":"GetEmptyUssdPrompt","$v":"Nem érkezett válasz."},{"$i":"LimitBlockNumber","$v":"Ez a telefonszám le van tiltva. Kérj engedélyt a szüleidtől."},{"$i":"IncorrectPassword","$v":"Helytelen jelszó."},{"$i":"Cancelled","$v":"Elvetve."},{"$i":"OpNotAllowedBeforeRegToNw","$v":"A művelet a hálózatra való regisztrálás előtt nem engedélyezett"},{"$i":"MissingResource","$v":"Hiányzó erőforrás."},{"$i":"UnspecifiedError","$v":"Meghatározatlan hiba."},{"$i":"label","$v":"címke"},{"$i":"faxHome","$v":"Otthoni fax"},{"$i":"faxOffice","$v":"Munkahelyi fax"},{"$i":"faxOther","$v":"Egyéb fax"},{"$i":"another","$v":"Másik"},{"$i":"other","$v":"Egyéb"},{"$i":"customTag","$v":"Egyéni címke","placeholder":"Egyéni címke"},{"$i":"current","$v":"Jelenlegi állapot"},{"$i":"itemWithLabel","$v":[{"t":"idOrVar","v":"label"},", ",{"t":"idOrVar","v":"item"}]},{"$i":"weekday-0-long","$v":"Vasárnap"},{"$i":"weekday-1-long","$v":"Hétfő"},{"$i":"weekday-2-long","$v":"Kedd"},{"$i":"weekday-3-long","$v":"Szerda"},{"$i":"weekday-4-long","$v":"Csütörtök"},{"$i":"weekday-5-long","$v":"Péntek"},{"$i":"weekday-6-long","$v":"Szombat"},{"$i":"weekday-0-short","$v":"Vas"},{"$i":"weekday-1-short","$v":"Hé."},{"$i":"weekday-2-short","$v":"Ke."},{"$i":"weekday-3-short","$v":"Sze."},{"$i":"weekday-4-short","$v":"Csü."},{"$i":"weekday-5-short","$v":"Pé."},{"$i":"weekday-6-short","$v":"Szo."},{"$i":"month-0-long","$v":"JANUÁR"},{"$i":"month-1-long","$v":"FEBRUÁR"},{"$i":"month-2-long","$v":"MÁRCIUS"},{"$i":"month-3-long","$v":"ÁPRILIS"},{"$i":"month-4-long","$v":"MÁJUS"},{"$i":"month-5-long","$v":"JÚNIUS"},{"$i":"month-6-long","$v":"JÚLIUS"},{"$i":"month-7-long","$v":"AUGUSZTUS"},{"$i":"month-8-long","$v":"SZEPTEMBER"},{"$i":"month-9-long","$v":"OKTÓBER"},{"$i":"month-10-long","$v":"NOVEMBER"},{"$i":"month-11-long","$v":"DECEMBER"},{"$i":"month-0-genitive","$v":"JANUÁR"},{"$i":"month-1-genitive","$v":"FEBRUÁR"},{"$i":"month-2-genitive","$v":"MÁRCIUS"},{"$i":"month-3-genitive","$v":"ÁPRILIS"},{"$i":"month-4-genitive","$v":"MÁJUS"},{"$i":"month-5-genitive","$v":"JÚNIUS"},{"$i":"month-6-genitive","$v":"JÚLIUS"},{"$i":"month-7-genitive","$v":"AUGUSZTUS"},{"$i":"month-8-genitive","$v":"SZEPTEMBER"},{"$i":"month-9-genitive","$v":"OKTÓBER"},{"$i":"month-10-genitive","$v":"NOVEMBER"},{"$i":"month-11-genitive","$v":"DECEMBER"},{"$i":"month-0-short","$v":"Jan."},{"$i":"month-1-short","$v":"Feb."},{"$i":"month-2-short","$v":"Már."},{"$i":"month-3-short","$v":"Ápr."},{"$i":"month-4-short","$v":"MÁJUS"},{"$i":"month-5-short","$v":"Jún."},{"$i":"month-6-short","$v":"Júl."},{"$i":"month-7-short","$v":"Aug."},{"$i":"month-8-short","$v":"Szep."},{"$i":"month-9-short","$v":"Okt."},{"$i":"month-10-short","$v":"Nov."},{"$i":"month-11-short","$v":"Dec."},{"$i":"minutes-ago-long","$v":{"few":[{"t":"idOrVar","v":"value"}," perccel ezelőtt"],"many":[{"t":"idOrVar","v":"value"}," perccel ezelőtt"],"other":[{"t":"idOrVar","v":"value"}," perccel ezelőtt"],"two":[{"t":"idOrVar","v":"value"}," perccel ezelőtt"],"one":"egy perccel ezelőtt","zero":"Éppen most"},"$x":[{"t":"idOrVar","v":"plural"},"value"]},{"$i":"hours-ago-long","$v":{"few":[{"t":"idOrVar","v":"value"}," órával ezelőtt"],"many":[{"t":"idOrVar","v":"value"}," órával ezelőtt"],"other":[{"t":"idOrVar","v":"value"}," órával ezelőtt"],"two":[{"t":"idOrVar","v":"value"}," órával ezelőtt"],"one":"egy órája","zero":"Éppen most"},"$x":[{"t":"idOrVar","v":"plural"},"value"]},{"$i":"days-ago-long","$v":{"few":[{"t":"idOrVar","v":"value"}," nappal ezelőtt"],"many":[{"t":"idOrVar","v":"value"}," nappal ezelőtt"],"one":"Tegnap","other":[{"t":"idOrVar","v":"value"}," nappal ezelőtt"],"two":[{"t":"idOrVar","v":"value"}," nappal ezelőtt"],"zero":"Ma"},"$x":[{"t":"idOrVar","v":"plural"},"value"]},{"$i":"weeks-ago-long","$v":{"few":[{"t":"idOrVar","v":"value"}," héttel ezelőtt"],"many":[{"t":"idOrVar","v":"value"}," héttel ezelőtt"],"one":"múlt héten","other":[{"t":"idOrVar","v":"value"}," héttel ezelőtt"],"two":[{"t":"idOrVar","v":"value"}," héttel ezelőtt"],"zero":"ezen a héten"},"$x":[{"t":"idOrVar","v":"plural"},"value"]},{"$i":"months-ago-long","$v":{"few":[{"t":"idOrVar","v":"value"}," hónappal ezelőtt"],"many":[{"t":"idOrVar","v":"value"}," hónappal ezelőtt"],"one":"Múlt hónapban","other":[{"t":"idOrVar","v":"value"}," hónappal ezelőtt"],"two":[{"t":"idOrVar","v":"value"}," hónappal ezelőtt"],"zero":"EBBEN A HÓNAPBAN"},"$x":[{"t":"idOrVar","v":"plural"},"value"]},{"$i":"years-ago-long","$v":{"few":[{"t":"idOrVar","v":"value"}," évvel ezelőtt"],"many":[{"t":"idOrVar","v":"value"}," évvel ezelőtt"],"one":"tavaly","other":[{"t":"idOrVar","v":"value"}," évvel ezelőtt"],"two":[{"t":"idOrVar","v":"value"}," évvel ezelőtt"],"zero":"idén"},"$x":[{"t":"idOrVar","v":"plural"},"value"]},{"$i":"minutes-until-long","$v":{"few":[{"t":"idOrVar","v":"value"}," perc múlva"],"many":[{"t":"idOrVar","v":"value"}," perc múlva"],"other":[{"t":"idOrVar","v":"value"}," perc múlva"],"two":[{"t":"idOrVar","v":"value"}," perc múlva"],"zero":"most","one":"egy perc múlva"},"$x":[{"t":"idOrVar","v":"plural"},"value"]},{"$i":"hours-until-long","$v":{"few":[{"t":"idOrVar","v":"value"}," óra múlva"],"many":[{"t":"idOrVar","v":"value"}," óra múlva"],"other":[{"t":"idOrVar","v":"value"}," óra múlva"],"two":[{"t":"idOrVar","v":"value"}," óra múlva"],"zero":"most","one":"egy órán múlva"},"$x":[{"t":"idOrVar","v":"plural"},"value"]},{"$i":"days-until-long","$v":{"few":[{"t":"idOrVar","v":"value"}," nap múlva"],"many":[{"t":"idOrVar","v":"value"}," nap múlva"],"one":"holnap","other":[{"t":"idOrVar","v":"value"}," nap múlva"],"two":[{"t":"idOrVar","v":"value"}," nap múlva"],"zero":"Ma"},"$x":[{"t":"idOrVar","v":"plural"},"value"]},{"$i":"weeks-until-long","$v":{"few":[{"t":"idOrVar","v":"value"}," hét múlva"],"many":[{"t":"idOrVar","v":"value"}," hét múlva"],"one":"jövő héten","other":[{"t":"idOrVar","v":"value"}," hét múlva"],"two":[{"t":"idOrVar","v":"value"}," hét múlva"],"zero":"ezen a héten"},"$x":[{"t":"idOrVar","v":"plural"},"value"]},{"$i":"months-until-long","$v":{"few":[{"t":"idOrVar","v":"value"}," hónap múlva"],"many":[{"t":"idOrVar","v":"value"}," hónap múlva"],"one":"következő hónapban","other":[{"t":"idOrVar","v":"value"}," hónap múlva"],"two":[{"t":"idOrVar","v":"value"}," hónap múlva"],"zero":"EBBEN A HÓNAPBAN"},"$x":[{"t":"idOrVar","v":"plural"},"value"]},{"$i":"years-until-long","$v":{"few":[{"t":"idOrVar","v":"value"}," év múlva"],"many":[{"t":"idOrVar","v":"value"}," év múlva"],"one":"jövő évben","other":[{"t":"idOrVar","v":"value"}," év múlva"],"two":[{"t":"idOrVar","v":"value"}," év múlva"],"zero":"idén"},"$x":[{"t":"idOrVar","v":"plural"},"value"]},{"$i":"minutes-ago-short","$v":{"other":[{"t":"idOrVar","v":"value"}," perccel ezelőtt"],"zero":"Éppen most"},"$x":[{"t":"idOrVar","v":"plural"},"value"]},{"$i":"hours-ago-short","$v":{"other":[{"t":"idOrVar","v":"value"}," órával ezelőtt"],"zero":"Éppen most"},"$x":[{"t":"idOrVar","v":"plural"},"value"]},{"$i":"days-ago-short","$v":{"other":[{"t":"idOrVar","v":"value"},"n ezelőtt"],"zero":"Ma"},"$x":[{"t":"idOrVar","v":"plural"},"value"]},{"$i":"minutes-until-short","$v":{"other":[{"t":"idOrVar","v":"value"}," percen belül"],"zero":"most"},"$x":[{"t":"idOrVar","v":"plural"},"value"]},{"$i":"hours-until-short","$v":{"other":[{"t":"idOrVar","v":"value"}," óra múlva"],"zero":"most"},"$x":[{"t":"idOrVar","v":"plural"},"value"]},{"$i":"days-until-short","$v":{"other":[{"t":"idOrVar","v":"value"}," nap múlva"],"zero":"Ma"},"$x":[{"t":"idOrVar","v":"plural"},"value"]},{"$i":"incorrectDate","$v":"(helytelen dátum)"},{"$i":"dateTimeFormat_%c","$v":"%a %b %e %Y %I:%M:%S %p"},{"$i":"dateTimeFormat_%x","$v":"%d/%m/%Y"},{"$i":"dateTimeFormat_%X","$v":"%I:%M:%S %p"},{"$i":"shortTimeFormat","$v":"%I:%M %p"},{"$i":"shortTimeFormat12","$v":"%I:%M %p"},{"$i":"shortTimeFormat24","$v":"%H:%M"},{"$i":"shortDateTimeFormat","$v":"%x %I:%M %p"},{"$i":"weekStartsOnMonday","$v":"0.0"},{"$i":"firstDayOfTheWeek","$v":"1.0"},{"$i":"time_am","$v":"de."},{"$i":"time_pm","$v":"du."}]