[{"$i":"search-or-enter-address","placeholder":"Мекенж. іздеу не енгізу"},{"$i":"delete-title","$v":[{"t":"idOrVar","v":"name"}," жою"]},{"$i":"delete-body","$v":[{"t":"idOrVar","v":"name"}," және оның барлық деректері жойылады."]},{"$i":"delete","$v":"Жою"},{"$i":"cancel","$v":"Бас тарту"},{"$i":"apps","$v":"Қолданбалар"},{"$i":"menu","$v":"Мәзір"},{"$i":"notifications","$v":"Хабарламалар"},{"$i":"speed-dial","$v":"Тез терілетін нөмір"},{"$i":"select","$v":"Таңдау"},{"$i":"move","$v":"Жылжыту"},{"$i":"ok","$v":"OK"},{"$i":"set","$v":"Орнату"},{"$i":"edit","$v":"Өзгерту"},{"$i":"call","$v":"Қоңырау"},{"$i":"message","$v":"Хабар"},{"$i":"options","$v":"Опциялар"},{"$i":"assign","$v":"Белгілеу"},{"$i":"remove","$v":"Жою"},{"$i":"replace","$v":"Ауыстыру"},{"$i":"more","$v":"Қосымша"},{"$i":"settings","$v":"Параметрлер"},{"$i":"contacts","$v":"Контактілер"},{"$i":"list-view","$v":"Тізім көрінісі"},{"$i":"grid-view","$v":"Тор көрінісі"},{"$i":"single-view","$v":"Бір көрініс"},{"$i":"skip","$v":"Өткізіп жіберу"},{"$i":"shortcuts","$v":"Пернетақ. тірк."},{"$i":"next","$v":"Келесі"},{"$i":"back","$v":"Артқа"},{"$i":"memory-cleaner","$v":"Жад тазартқыш"},{"$i":"open","$v":"Ашу"},{"$i":"voicemail","$v":"Дауыс хаты"},{"$i":"speed-dial-not-empty","ariaLabel":[{"t":"idOrVar","v":"order"},", ",{"t":"idOrVar","v":"name"}]},{"$i":"speed-dial-empty","ariaLabel":[{"t":"idOrVar","v":"order"},", бос"]},{"$i":"remove-speed-dial","$v":[{"t":"idOrVar","v":"name"}," контактісін тез терілетін нөмірлерден жою керек пе?"]},{"$i":"replace-speed-dial","$v":[{"t":"idOrVar","v":"name"}," ",{"t":"idOrVar","v":"subName"}," етіп өзгерту керек пе?"]},{"$i":"assign-speed-dial","$v":["Контакт ",{"t":"idOrVar","v":"n"}," түймесіне тез терілетін нөмір ретінде қосылмады. Қазір тағайындау керек пе?"]},{"$i":"assign-voicemail","$v":"Дауыс поштасының нөмірі орнатылмаған."},{"$i":"alert-for-contacts-without-number","$v":"Қолжетімді телефон нөмірі бар контактілер жоқ."},{"$i":"option-remove","$v":"Тез теруден шығару"},{"$i":"option-replace","$v":"Ауыстыру"},{"$i":"all-apps","$v":"Барлық қолданбалар"},{"$i":"uninstall","$v":"Жою"},{"$i":"confirm-to-uninstall-app","$v":[{"t":"idOrVar","v":"appName"}," қолданбасын жою керек пе?"]},{"$i":"confirm-to-unpin-bookmark","$v":"Веб-сайтты алып тастау керек пе?"},{"$i":"unpin","$v":"Алып тастау"},{"$i":"rename","$v":"Атын өзгерту"},{"$i":"title","$v":"Тақырып"},{"$i":"add-to-existing-contact","$v":"Бар контактіге қосу"},{"$i":"create-new-contact","$v":"Жаңа конт. жасау"},{"$i":"sending","$v":"Өтінемін күте тұрыңыз…"},{"$i":"video-call","$v":"Бейне қоңырау"},{"$i":"rtt-call","$v":"RTT қоңырауы"},{"$i":"callAirplaneModeTitle","$v":"Ұшақ режимі қосылды"},{"$i":"callAirplaneModeMessage","$v":"Қоңырау шалу үшін параметрлерде ұшақ режимін ажырату қажет."},{"$i":"emergencyDialogTitle","$v":"Желі байланысы жоқ"},{"$i":"emergencyDialogBodyBadNumber","$v":"Қоңырау шалу үшін телефон желіге қосылуы тиіс."},{"$i":"emergencyDialogBodyDeviceNotAccepted","$v":"Желіде төтенше қоңырауларға рұқсат жоқ."},{"$i":"invalidNumberToDialTitle","$v":"Жарамсыз телефон нөмірі"},{"$i":"invalidNumberToDialMessage","$v":"Сіз қоңырау шалып жатқан телефон нөмірі жарамсыз."},{"$i":"emergency-call-only","$v":"Жедел қоңырау ғана"},{"$i":"emergency-call-error","$v":[{"t":"idOrVar","v":"number"}," төтенше жағдайларда қоңырау шалуға арналған телефон нөмірі емес."]},{"$i":"numberIsBusyTitle","$v":"Нөмір бос емес"},{"$i":"numberIsBusyMessage","$v":"Нөмір қазір бос емес. Кейінірек қайталап көріңіз."},{"$i":"fdnIsActiveTitle","$v":"FDN белсенді"},{"$i":"fdnIsActiveMessage","$v":["FDN (Бекітілген терілетін нөмірлер) функциясы белсенді және сіздің FDN тізіміңізде келесі нөмір жоқ: ",{"t":"idOrVar","v":"number"}]},{"$i":"otherConnectionInUseTitle","$v":"Пайд. басқа байланыс"},{"$i":"otherConnectionInUseMessage","$v":"Басқа қосылымда белсенді қоңырау бар. Бір уақытта тек бір қосылымды пайдалана аласыз."},{"$i":"GenericFailure","$v":"Негізгі ақаулық"},{"$i":"CallFailed","$v":"Қоңырау орындалмады"},{"$i":"scCallBarring","$v":"Қоңырауға тыйым салу"},{"$i":"scCallForwarding","$v":"Коңырауды бұру"},{"$i":"scClip","$v":"Қоңырау шалушының идентификаторы"},{"$i":"scClir","$v":"Шығыс қоң. шалушы ид."},{"$i":"scPwd","$v":"Кілтсөзді өзгерту"},{"$i":"scCallWaiting","$v":"Қоңырау күтуде"},{"$i":"scPin","$v":"PIN өзгерту"},{"$i":"scPin2","$v":"PIN2 өзгерту"},{"$i":"scPuk","$v":"PIN кодын блоктан шығару"},{"$i":"scPuk2","$v":"PIN2 кодын блоктан шығару"},{"$i":"scImei","$v":"IMEI"},{"$i":"scMeid","$v":"MEID"},{"$i":"scUssd","$v":"USSD"},{"$i":"deviceIsUnlocked","$v":"Құрылғының құлпы ашылды"},{"$i":"simUnlockCodeAccepted","$v":"SIM құлпын ашу коды қабылданды"},{"$i":"simUnlockCodeFailed","$v":"SIM құлпын ашу сәтсіз"},{"$i":"personal","$v":"Жеке"},{"$i":"mobile","$v":"Мобильді"},{"$i":"home","$v":"Үй"},{"$i":"work","$v":"Жұмыс"},{"$i":"fax-home","$v":"Үй факсы"},{"$i":"fax-office","$v":"Кеңсе факсы"},{"$i":"fax-other","$v":"Басқа факс"},{"$i":"noSimCard","$v":"SIM картасы жоқ"},{"$i":"noService","$v":"Қызмет жоқ"},{"$i":"lockedSim","$v":"Құлыпталған SIM"},{"$i":"airplaneMode","$v":"Ұшақ режимі"},{"$i":"wifi-calling","$v":"Wi-Fi қоңырауы"},{"$i":"homescreen-settings","$v":"Бастапқы экран параметрлері"},{"$i":"change-wallpaper","$v":"Тұсқағазды өзгерту"},{"$i":"add-smart-collections","$v":"Смарт топтамаларын қосу"},{"$i":"edit-mode","$v":"Өзгерту"},{"$i":"edit-done","$v":"Болды"},{"$i":"tutorial-for-side-menu-1","$v":["Сол жақтағы қолданбаларға қатынасу үшін ",{"t":"idOrVar","v":"left"}," пернесін басыңыз."]},{"$i":"tutorial-for-instant-settings-1","$v":["Жиі пайдаланылатын параметрлер үшін ",{"t":"idOrVar","v":"up"}," пернесін басыңыз."]},{"$i":"tutorial-for-notices","$v":"Жаңа хабарламаларды көру үшін ОҢ пернесін басыңыз."},{"$i":"tutorial-for-google-assistant-1","$v":["Сөйлеу үшін ",{"t":"idOrVar","v":"microphone"}," пернесін ұзақ басыңыз."]},{"$i":"tutorial-for-voice-input-1","$v":["Мәтіндік өрісте сөйлеу үшін ",{"t":"idOrVar","v":"microphone"}," пернесін ұзақ басыңыз."]},{"$i":"tutorial-for-find-kaistore-2","$v":"KaiStore қолданбасын Қолданбалар мәзірінің бірінші бетінен табыңыз."},{"$i":"tutorial-for-left","$v":"Қалған"},{"$i":"tutorial-for-up","$v":"UP"},{"$i":"stop-download-title","$v":[{"t":"idOrVar","v":"name"}," тоқтату"]},{"$i":"stop-download-body","$v":"Орындалып жатқан жүктелімді тоқтату керек пе?"},{"$i":"stop-download-action","$v":"Тоқтату"},{"$i":"resume-download-title","$v":"Жүктеуді қайта баст."},{"$i":"resume-download-body","$v":[{"t":"idOrVar","v":"name"}," жүктеп алу керек пе?"]},{"$i":"resume-download-action","$v":"Жүктеп алу"},{"$i":"edit-group-header","$v":"Топты өзгерту"},{"$i":"gaia-shortcut-app-updated","$v":"Қолданба жаңартылды"},{"$i":"clocks-updated","$v":"Сағаттар жаңартылды"},{"$i":"longDateFormat","$v":"%A, %B %e"},{"$i":"app-title","$v":"Қолданбаларым"},{"$i":"app-uninstall","$v":[{"t":"idOrVar","v":"name"}," жойылды"]},{"$i":"confirmation","$v":"Растау"},{"$i":"clockDateFormat","$v":"%a, %e %b"},{"$i":"apn-sim1","$v":"APN параметрлері — SIM1"},{"$i":"apn-sim2","$v":"APN параметрлері — SIM2"},{"$i":"apnDefaultConfig","$v":"APN Default Config"},{"$i":"apn-defaultconfig-message","$v":"Қай APN түрі пайдаланылатынын орнату"},{"$i":"apnConfigPostpay","$v":"Postpay APN"},{"$i":"apnConfigPrepay","$v":"Prepay APN"},{"$i":"offline-toaster-message","$v":"Телефон желіден тыс."},{"$i":"dialog-title-new-card","$v":"Жаңа карта"},{"$i":"dialog-text-new-card-show","$v":"Сіз жаңа карточканы алдыңыз: Интернеттен іздеу."},{"$i":"not-connect-internet-text","$v":"Сізде Интернет байланысы жоқ. Қазір Интернетке қосыласыз ба?"},{"$i":"not-connect-internet-up-button","$v":"Ұялы деректерді қосыңыз"},{"$i":"not-connect-internet-down-button","$v":"Ұялы деректер дегеніміз не"},{"$i":"not-data-plan-text","$v":"Интернетке қосылу үшін тарифтік жоспарыңыз жоқ сияқты. Мұнда сізде бар таңдаулар берілген."},{"$i":"not-data-plan-down-button","$v":"Wi-Fi қолданыңыз"},{"$i":"connect-internet-title","$v":"Сіз қосылдыңыз"},{"$i":"connect-internet-text","$v":"Дүкен, жаңалықтар, ауа-райы және интернет-шолғыш сияқты бағдарламаларды қарап шығыңыз."},{"$i":"utilities","$v":"Қызм."},{"$i":"games","$v":"Ойындар"},{"$i":"toast-app-downloaded-to-folder","$v":[{"t":"idOrVar","v":"appName"}," қолданбасы ",{"t":"idOrVar","v":"folderName"}," қалтасына жүктеп алынды."]},{"$i":"toast-need-update-app","$v":"JioStore бағдарламасынан жалғастыру үшін қолданбаны ең соңғы нұсқаға жаңартыңыз."},{"$i":"notices-reminder-header","$v":"Еске салғыш"},{"$i":"notices-reminder-content","$v":"Сізде оқылмаған ескертпелер бар. Маңызды бір нәрсені өткізіп алмағаныңызды тексеріңіз."},{"$i":"instant-settings","$v":"instant settings"},{"$i":"flashlight","$v":"Flashlight"},{"$i":"brightness","$v":"Brightness"},{"$i":"volume","$v":"Volume"},{"$i":"camera","$v":"Камера"},{"$i":"calculator","$v":"Calculator"},{"$i":"airplane-mode","$v":"Airplane Mode"},{"$i":"wifi","$v":"Wi-Fi"},{"$i":"bluetooth","$v":"Bluetooth"},{"$i":"cellular-data","$v":"Cellular Data"},{"$i":"on","$v":"On"},{"$i":"off","$v":"Off"},{"$i":"percentage-number","$v":[{"t":"idOrVar","v":"number"},"%"]},{"$i":"eccOnly","$v":"Тек төтенше жағдайдағы қоңыраулар"},{"$i":"emergencyCallsOnly","$v":"Тек төтенше жағдайдағы қоңыраулар"},{"$i":"searching","$v":"Іздеу"},{"$i":"nocard-eccOnly","$v":"SIM картасы жоқ - Төтенше қоңыраулар"},{"$i":"unusablecard-eccOnly","$v":"Пайдалануға болмайтын SIM картасы - Төтенше қоңыраулар"},{"$i":"nocard-noservice","$v":"SIM картасы жоқ-Қызмет жоқ"},{"$i":"sim-with-index-and-carrier","$v":["SIM ",{"t":"idOrVar","v":"index"}," - ",{"t":"idOrVar","v":"carrier"}]},{"$i":"sim-without-carrier","$v":["SIM ",{"t":"idOrVar","v":"index"}]},{"$i":"call-forwarding-async","$v":["Асинхронды: ",{"t":"idOrVar","v":"async"}]},{"$i":"call-forwarding-data","$v":["Деректер: ",{"t":"idOrVar","v":"data"}]},{"$i":"call-forwarding-error","$v":"Қоңырауды бұру күйін алу кезінде қате пайда болды"},{"$i":"call-forwarding-fax","$v":["ФАКС: ",{"t":"idOrVar","v":"fax"}]},{"$i":"call-forwarding-inactive","$v":"Белсенді емес"},{"$i":"call-forwarding-packet","$v":["Пакет: ",{"t":"idOrVar","v":"packet"}]},{"$i":"call-forwarding-pad","$v":["ТАҚТА: ",{"t":"idOrVar","v":"pad"}]},{"$i":"call-forwarding-sms","$v":["SMS: ",{"t":"idOrVar","v":"sms"}]},{"$i":"call-forwarding-status","$v":"Коңырауды бұру күйі"},{"$i":"call-forwarding-sync","$v":["Синхрондалған: ",{"t":"idOrVar","v":"sync"}]},{"$i":"call-forwarding-voice","$v":["Дауыс: ",{"t":"idOrVar","v":"voice"}]},{"$i":"call-forwarding-voice-after-seconds","$v":["Дауыс: ",{"t":"idOrVar","v":"voice"}," ",{"t":"idOrVar","v":"timeSeconds"}," секундтан кейін"]},{"$i":"call-forwarding-reason","$v":["Reason: ",{"t":"idOrVar","v":"reason"}]},{"$i":"serviceClassVoice","$v":"Дауыс"},{"$i":"serviceClassData","$v":"Деректер"},{"$i":"serviceClassFax","$v":"ФАКС"},{"$i":"serviceClassSms","$v":"SMS"},{"$i":"serviceClassDataSync","$v":"Синхрондау"},{"$i":"serviceClassDataAsync","$v":"Асинхронды"},{"$i":"serviceClassPacket","$v":"Пакет"},{"$i":"serviceClassPad","$v":"ТАҚТА"},{"$i":"smServiceEnabled","$v":"Қызмет қосылды"},{"$i":"smServiceDisabled","$v":"Қызмет ажыратылды"},{"$i":"smServiceRegistered","$v":"Сәтті тіркелді"},{"$i":"smServiceErased","$v":"Өшіру сәтті болды"},{"$i":"smServiceInterrogated","$v":"Сұрау сәтті болды"},{"$i":"smServiceNotProvisioned","$v":"Қызмет көрсетілмеді"},{"$i":"smClirPermanent","$v":"Қоңырау шалушы идентификаторы параметрін өзгерте алмайсыз"},{"$i":"smClirDefaultOnNextCallOn","$v":"Ид. шект. Келесі: шект."},{"$i":"smClirDefaultOnNextCallOff","$v":"Әдепкі бойынша қоңырау шалушының идентификаторы шектелген. Келесі қоңырау: шектелмеген"},{"$i":"smClirDefaultOffNextCallOn","$v":"Әдепкі бойынша қоңырау шалушының идентификаторы шектелмеген. Келесі қоңырау: шектелген"},{"$i":"smClirDefaultOffNextCallOff","$v":"Әдепкі бойынша қоңырау шалушының идентификаторы шектелмеген. Келесі қоңырау: шектелмеген"},{"$i":"smServiceEnabledFor","$v":"Қызмет қосылды:"},{"$i":"smPinChanged","$v":"PIN сәтті өзгертілді"},{"$i":"smPinUnblocked","$v":"PIN блоктан шығарылды"},{"$i":"smPin2Changed","$v":"PIN2 сәтті өзгертілді"},{"$i":"smPin2Unblocked","$v":"PIN2 блоктан шығарылды"},{"$i":"ServiceIsEnabled","$v":"Қызмет қосылған"},{"$i":"ServiceIsDisabled","$v":"Қызмет ажыратылған"},{"$i":"ServiceIsEnabledFor","$v":"Қызмет қосылады:"},{"$i":"emMmiError","$v":"Қосылым проблемасы немесе MMI коды жарамсыз"},{"$i":"emMmiErrorPasswordIncorrect","$v":"Дұрыс емес кілтсөз"},{"$i":"emMmiErrorNotSupported","$v":"Жарамсыз немесе қолдау көрсетілмейтін MMI коды"},{"$i":"emMmiErrorInvalidAction","$v":"Жарамсыз әрекет"},{"$i":"emMmiErrorInvalidScCode","$v":"Жарамсыз қызмет коды"},{"$i":"emMmiErrorBadPuk","$v":"Енгізілген PUK дұрыс емес"},{"$i":"emMmiErrorBadPin","$v":"Енгізілген ескі PIN коды дұрыс емес."},{"$i":"emMmiErrorNeedPuk2","$v":"SIM картасының құлпын ашу үшін PUK2 кодын енгізіңіз"},{"$i":"emMmiErrorMismatchPin","$v":"Енгізілген PIN кодтары сәйкес келмейді"},{"$i":"emMmiErrorInvalidPin","$v":"4–8 сан аралығындағы PIN кодын енгізіңіз"},{"$i":"emMmiErrorNeedsPuk","$v":"SIM картасы PUK арқылы құлыпталды"},{"$i":"emMmiErrorEnablePin","$v":"Сәтсіз. SIM/RUIM ҚҰЛЫПТАУЫН қосу"},{"$i":"emMmiErrorMmiFdn","$v":"Бек. нөм. терумен шект."},{"$i":"emMmiErrorStkCcUssdDial","$v":"USSD сұрауы НӨМІР ТЕРУ сұрауына өзгертілді"},{"$i":"emMmiErrorStkCcUssdSs","$v":"USSD сұрауы SS сұрауына өзгертілді"},{"$i":"emMmiErrorStkCcUssdUssd","$v":"USSD сұрауы жаңа USSD сұрауына өзгертілді"},{"$i":"emMmiErrorStkCcSsDial","$v":"SS сұрауы НӨМІР ТЕРУ сұрауына өзгертілді"},{"$i":"emMmiErrorStkCcSsUssd","$v":"SS USSD сұрауына өзг."},{"$i":"emMmiErrorStkCcSsSs","$v":"SS сұрауы жаңа SS сұрауына өзгертілді"},{"$i":"emMmiErrorPinPukAttempts","$v":{"few":[{"t":"idOrVar","v":"n"}," қайталау қалды"],"many":[{"t":"idOrVar","v":"n"}," қайталау қалды"],"one":[{"t":"idOrVar","v":"n"}," қайталау"],"other":[{"t":"idOrVar","v":"n"}," қайталау қалды"],"two":[{"t":"idOrVar","v":"n"}," қайталау қалды"]},"$x":[{"t":"idOrVar","v":"plural"},"n"]},{"$i":"emMmiErrorSimBlocked","$v":"Қайталаудың максималды санына жетті. SIM блокталды"},{"$i":"RadioNotAvailable","$v":"Radio not available"},{"$i":"PasswordIncorrect","$v":"Кілтсөз дұрыс емес"},{"$i":"SimPin2","$v":"SIM PIN2"},{"$i":"SimPuk2","$v":"SIM PUK2"},{"$i":"RequestNotSupported","$v":"Есепке қолдау көрсетілмейді"},{"$i":"OpNotAllowedDuringVoiceCall","$v":"Дауыс қоң. кезінде жоқ"},{"$i":"SmsSendFailRetry","$v":"SMS send fail retry"},{"$i":"SimAbsent","$v":"SIM жоқ"},{"$i":"SubscriptionNotAvailable","$v":"Жазылым қолжетімді емес"},{"$i":"ModeNotSupported","$v":"Режим қолданылмайды"},{"$i":"FdnCheckFailure","$v":"Fdn тексеру ақаулығы"},{"$i":"IllegalSimOrMe","$v":"Заңсыз SIM немесе ME"},{"$i":"DialModifiedToUssd","$v":"Dial modified to USSD"},{"$i":"DialModifiedToSs","$v":"Dial modified to SS"},{"$i":"DialModifiedToDial","$v":"Dial modified to dial"},{"$i":"UssdModifiedToDial","$v":"USSD теру етіп өзгертілді"},{"$i":"UssdModifiedToSs","$v":"USSD SS етіп өзгертілді"},{"$i":"UssdModifiedToUssd","$v":"USSD USSD етіп өзгертілді"},{"$i":"SsModifiedToDial","$v":"SS теру етіп өзгертілді"},{"$i":"SsModifiedToUssd","$v":"SS USSD етіп өзгертілді"},{"$i":"SsModifiedToSs","$v":"SS SS етіп өзгертілді"},{"$i":"SubscriptionNotSupported","$v":"Жазылымға қолдау көрсетілмейді"},{"$i":"InvalidParameter","$v":"Жарамсыз параметр"},{"$i":"RejectedByRemote","$v":"Қашықтан бас тартылды"},{"$i":"GetEmptyUssdPrompt","$v":"Бос жауап алынды."},{"$i":"LimitBlockNumber","$v":"Бұл нөмір бұғатталған. Сіз ата-анаңыздан рұқсат сұрай аласыз."},{"$i":"IncorrectPassword","$v":"Қате құпиясөз."},{"$i":"Cancelled","$v":"Бас тартылды."},{"$i":"OpNotAllowedBeforeRegToNw","$v":"Желіге тіркелгенге дейін әрекетке рұқсат етілмеген"},{"$i":"MissingResource","$v":"Ресурс жоқ."},{"$i":"UnspecifiedError","$v":"Анықталмаған қате."},{"$i":"label","$v":"Белгі"},{"$i":"faxHome","$v":"Үйдегі факс"},{"$i":"faxOffice","$v":"Кеңседегі факс"},{"$i":"faxOther","$v":"Басқа факс"},{"$i":"another","$v":"Басқа"},{"$i":"other","$v":"Басқа"},{"$i":"customTag","$v":"Реттелетін тег","placeholder":"Реттелетін тег"},{"$i":"current","$v":"Ағымдағы"},{"$i":"itemWithLabel","$v":[{"t":"idOrVar","v":"label"},", ",{"t":"idOrVar","v":"item"}]},{"$i":"weekday-0-long","$v":"Жексенбі"},{"$i":"weekday-1-long","$v":"Дүйсенбі"},{"$i":"weekday-2-long","$v":"Сейсенбі"},{"$i":"weekday-3-long","$v":"Сәрсенбі"},{"$i":"weekday-4-long","$v":"Бейсенбі"},{"$i":"weekday-5-long","$v":"Жұма"},{"$i":"weekday-6-long","$v":"Сенбі"},{"$i":"weekday-0-short","$v":"Жс"},{"$i":"weekday-1-short","$v":"Дс"},{"$i":"weekday-2-short","$v":"Сс"},{"$i":"weekday-3-short","$v":"Ср"},{"$i":"weekday-4-short","$v":"Бс"},{"$i":"weekday-5-short","$v":"Жм"},{"$i":"weekday-6-short","$v":"Сб"},{"$i":"month-0-long","$v":"Қаңтар"},{"$i":"month-1-long","$v":"Ақпан"},{"$i":"month-2-long","$v":"Наурыз"},{"$i":"month-3-long","$v":"Сәуір"},{"$i":"month-4-long","$v":"Мамыр"},{"$i":"month-5-long","$v":"Маусым"},{"$i":"month-6-long","$v":"Шілде"},{"$i":"month-7-long","$v":"Тамыз"},{"$i":"month-8-long","$v":"Қыркүйек"},{"$i":"month-9-long","$v":"Қазан"},{"$i":"month-10-long","$v":"Қараша"},{"$i":"month-11-long","$v":"Желтоқсан"},{"$i":"month-0-genitive","$v":"Қаңтар"},{"$i":"month-1-genitive","$v":"Ақпан"},{"$i":"month-2-genitive","$v":"Наурыз"},{"$i":"month-3-genitive","$v":"Сәуір"},{"$i":"month-4-genitive","$v":"Мам"},{"$i":"month-5-genitive","$v":"Маусым"},{"$i":"month-6-genitive","$v":"Шілде"},{"$i":"month-7-genitive","$v":"Тамыз"},{"$i":"month-8-genitive","$v":"Қыркүйек"},{"$i":"month-9-genitive","$v":"Қазан"},{"$i":"month-10-genitive","$v":"Қараша"},{"$i":"month-11-genitive","$v":"Желтоқсан"},{"$i":"month-0-short","$v":"Қаң"},{"$i":"month-1-short","$v":"Ақп"},{"$i":"month-2-short","$v":"Нау"},{"$i":"month-3-short","$v":"Сәу"},{"$i":"month-4-short","$v":"Мам"},{"$i":"month-5-short","$v":"Мау"},{"$i":"month-6-short","$v":"Шілде"},{"$i":"month-7-short","$v":"Там"},{"$i":"month-8-short","$v":"Қыр"},{"$i":"month-9-short","$v":"Қаз"},{"$i":"month-10-short","$v":"Қар"},{"$i":"month-11-short","$v":"Жел"},{"$i":"minutes-ago-long","$v":{"few":[{"t":"idOrVar","v":"value"}," минут бұрын"],"many":[{"t":"idOrVar","v":"value"}," минут бұрын"],"other":[{"t":"idOrVar","v":"value"}," минут бұрын"],"two":[{"t":"idOrVar","v":"value"}," минут бұрын"],"one":"бір минут бұрын","zero":"қазір ғана"},"$x":[{"t":"idOrVar","v":"plural"},"value"]},{"$i":"hours-ago-long","$v":{"few":[{"t":"idOrVar","v":"value"}," сағат бұрын"],"many":[{"t":"idOrVar","v":"value"}," сағат бұрын"],"other":[{"t":"idOrVar","v":"value"}," сағат бұрын"],"two":[{"t":"idOrVar","v":"value"}," сағат бұрын"],"one":"1 сағат бұрын","zero":"қазір ғана"},"$x":[{"t":"idOrVar","v":"plural"},"value"]},{"$i":"days-ago-long","$v":{"few":[{"t":"idOrVar","v":"value"}," күн бұрын"],"many":[{"t":"idOrVar","v":"value"}," күн бұрын"],"one":"кеше","other":[{"t":"idOrVar","v":"value"}," күн бұрын"],"two":[{"t":"idOrVar","v":"value"}," күн бұрын"],"zero":"бүгін"},"$x":[{"t":"idOrVar","v":"plural"},"value"]},{"$i":"weeks-ago-long","$v":{"few":[{"t":"idOrVar","v":"value"}," апта бұрын"],"many":[{"t":"idOrVar","v":"value"}," апта бұрын"],"one":"өткен апта","other":[{"t":"idOrVar","v":"value"}," апта бұрын"],"two":[{"t":"idOrVar","v":"value"}," апта бұрын"],"zero":"осы апта"},"$x":[{"t":"idOrVar","v":"plural"},"value"]},{"$i":"months-ago-long","$v":{"few":[{"t":"idOrVar","v":"value"}," ай бұрын"],"many":[{"t":"idOrVar","v":"value"}," ай бұрын"],"one":"өткен ай","other":[{"t":"idOrVar","v":"value"}," ай бұрын"],"two":[{"t":"idOrVar","v":"value"}," ай бұрын"],"zero":"осы ай"},"$x":[{"t":"idOrVar","v":"plural"},"value"]},{"$i":"years-ago-long","$v":{"few":[{"t":"idOrVar","v":"value"}," жыл бұрын"],"many":[{"t":"idOrVar","v":"value"}," жыл бұрын"],"one":"өткен жыл","other":[{"t":"idOrVar","v":"value"}," жыл бұрын"],"two":[{"t":"idOrVar","v":"value"}," жыл бұрын"],"zero":"осы жыл"},"$x":[{"t":"idOrVar","v":"plural"},"value"]},{"$i":"minutes-until-long","$v":{"few":[{"t":"idOrVar","v":"value"}," минутта"],"many":[{"t":"idOrVar","v":"value"}," минутта"],"other":[{"t":"idOrVar","v":"value"}," минутта"],"two":[{"t":"idOrVar","v":"value"}," минутта"],"zero":"қазір","one":"1 минут ішінде"},"$x":[{"t":"idOrVar","v":"plural"},"value"]},{"$i":"hours-until-long","$v":{"few":[{"t":"idOrVar","v":"value"}," сағатта"],"many":[{"t":"idOrVar","v":"value"}," сағатта"],"other":[{"t":"idOrVar","v":"value"}," сағатта"],"two":[{"t":"idOrVar","v":"value"}," сағатта"],"zero":"қазір","one":"1 сағатта"},"$x":[{"t":"idOrVar","v":"plural"},"value"]},{"$i":"days-until-long","$v":{"few":[{"t":"idOrVar","v":"value"}," күнде"],"many":[{"t":"idOrVar","v":"value"}," күнде"],"one":"ертең","other":[{"t":"idOrVar","v":"value"}," күнде"],"two":[{"t":"idOrVar","v":"value"}," күнде"],"zero":"бүгін"},"$x":[{"t":"idOrVar","v":"plural"},"value"]},{"$i":"weeks-until-long","$v":{"few":[{"t":"idOrVar","v":"value"}," аптада"],"many":[{"t":"idOrVar","v":"value"}," аптада"],"one":"келесі апта","other":[{"t":"idOrVar","v":"value"}," аптада"],"two":[{"t":"idOrVar","v":"value"}," аптада"],"zero":"осы апта"},"$x":[{"t":"idOrVar","v":"plural"},"value"]},{"$i":"months-until-long","$v":{"few":[{"t":"idOrVar","v":"value"}," айда"],"many":[{"t":"idOrVar","v":"value"}," айда"],"one":"келесі ай","other":[{"t":"idOrVar","v":"value"}," айда"],"two":[{"t":"idOrVar","v":"value"}," айда"],"zero":"осы ай"},"$x":[{"t":"idOrVar","v":"plural"},"value"]},{"$i":"years-until-long","$v":{"few":[{"t":"idOrVar","v":"value"}," жылда"],"many":[{"t":"idOrVar","v":"value"}," жылда"],"one":"келесі жыл","other":[{"t":"idOrVar","v":"value"}," жылда"],"two":[{"t":"idOrVar","v":"value"}," жылда"],"zero":"осы жыл"},"$x":[{"t":"idOrVar","v":"plural"},"value"]},{"$i":"minutes-ago-short","$v":{"other":[{"t":"idOrVar","v":"value"}," минут бұрын"],"zero":"қазір ғана"},"$x":[{"t":"idOrVar","v":"plural"},"value"]},{"$i":"hours-ago-short","$v":{"other":[{"t":"idOrVar","v":"value"}," сағат бұрын"],"zero":"қазір ғана"},"$x":[{"t":"idOrVar","v":"plural"},"value"]},{"$i":"days-ago-short","$v":{"other":[{"t":"idOrVar","v":"value"}," күн бұрын"],"zero":"бүгін"},"$x":[{"t":"idOrVar","v":"plural"},"value"]},{"$i":"minutes-until-short","$v":{"other":[{"t":"idOrVar","v":"value"}," минутта"],"zero":"қазір"},"$x":[{"t":"idOrVar","v":"plural"},"value"]},{"$i":"hours-until-short","$v":{"other":[{"t":"idOrVar","v":"value"}," сағатта"],"zero":"қазір"},"$x":[{"t":"idOrVar","v":"plural"},"value"]},{"$i":"days-until-short","$v":{"other":[{"t":"idOrVar","v":"value"}," күнде"],"zero":"бүгін"},"$x":[{"t":"idOrVar","v":"plural"},"value"]},{"$i":"incorrectDate","$v":"(дұрыс емес күн)"},{"$i":"dateTimeFormat_%c","$v":"%a %b %e %Y %I:%M:%S %p"},{"$i":"dateTimeFormat_%x","$v":"%m/%d/%Y"},{"$i":"dateTimeFormat_%X","$v":"%I:%M:%S %p"},{"$i":"shortTimeFormat","$v":"%I:%M %p"},{"$i":"shortTimeFormat12","$v":"%I:%M %p"},{"$i":"shortTimeFormat24","$v":"%H:%M"},{"$i":"shortDateTimeFormat","$v":"%x %I:%M %p"},{"$i":"weekStartsOnMonday","$v":"0.0"},{"$i":"firstDayOfTheWeek","$v":"1.0"},{"$i":"time_am","$v":"ТД"},{"$i":"time_pm","$v":"түстен кейін"}]