[{"$i":"search-or-enter-address","placeholder":"Meklēt vai ievadīt adresi"},{"$i":"delete-title","$v":["Dzēst ",{"t":"idOrVar","v":"name"}]},{"$i":"delete-body","$v":[{"t":"idOrVar","v":"name"}," un visi tā dati tiks dzēsti."]},{"$i":"delete","$v":"Dzēst"},{"$i":"cancel","$v":"Atcelt"},{"$i":"apps","$v":"Programmas"},{"$i":"menu","$v":"Izvēlne"},{"$i":"notifications","$v":"Paziņojumi"},{"$i":"speed-dial","$v":"Ātrais zvans"},{"$i":"select","$v":"Atlasīt"},{"$i":"move","$v":"Pārvietošana"},{"$i":"ok","$v":"Labi"},{"$i":"set","$v":"Kopa"},{"$i":"edit","$v":"Rediģēt"},{"$i":"call","$v":"Zvans"},{"$i":"message","$v":"Ziņa"},{"$i":"options","$v":"Iespējas"},{"$i":"assign","$v":"Piešķirt"},{"$i":"remove","$v":"Noņemt"},{"$i":"replace","$v":"Aizstāt"},{"$i":"more","$v":"Vairāk"},{"$i":"settings","$v":"Uzstādījumi"},{"$i":"contacts","$v":"Kontakti"},{"$i":"list-view","$v":"Saraksta skats"},{"$i":"grid-view","$v":"Režģa skatījums"},{"$i":"single-view","$v":"Vienotais skats"},{"$i":"skip","$v":"Izlaist"},{"$i":"shortcuts","$v":"Īsceļi"},{"$i":"next","$v":"Tālāk"},{"$i":"back","$v":"Atpakaļ"},{"$i":"memory-cleaner","$v":"Atmiņas tīrītājs"},{"$i":"open","$v":"Atvērt"},{"$i":"voicemail","$v":"Balss pasts"},{"$i":"speed-dial-not-empty","ariaLabel":[{"t":"idOrVar","v":"order"},", ",{"t":"idOrVar","v":"name"}]},{"$i":"speed-dial-empty","ariaLabel":[{"t":"idOrVar","v":"order"},", tukšs"]},{"$i":"remove-speed-dial","$v":["Vai tiešām vēlaties noņemt ",{"t":"idOrVar","v":"name"}," no ātrā zvana?"]},{"$i":"replace-speed-dial","$v":["Vai tiešām vēlaties aizstāt ",{"t":"idOrVar","v":"name"}," ar ",{"t":"idOrVar","v":"subName"},"?"]},{"$i":"assign-speed-dial","$v":["Kontakts netika pievienots kā ātrais zvans pogai ",{"t":"idOrVar","v":"n"},". Vai piešķirt tagad?"]},{"$i":"assign-voicemail","$v":"Balss pasta numurs nav iestatīts."},{"$i":"alert-for-contacts-without-number","$v":"Nav pieejams neviens kontakts ar tālruņa numuru."},{"$i":"option-remove","$v":"Noņemt no ātro zvana"},{"$i":"option-replace","$v":"Aizstāt"},{"$i":"all-apps","$v":"Visas programmas"},{"$i":"uninstall","$v":"Atinstalēt"},{"$i":"confirm-to-uninstall-app","$v":["Vai atinstalēt programmu ",{"t":"idOrVar","v":"appName"},"?"]},{"$i":"confirm-to-unpin-bookmark","$v":"Vai atspraust vietni?"},{"$i":"unpin","$v":"Atspraust"},{"$i":"rename","$v":"Pārdēvēt"},{"$i":"title","$v":"Virsraksts"},{"$i":"add-to-existing-contact","$v":"Pievienot esošai kontaktpersonai"},{"$i":"create-new-contact","$v":"Izv. jaunu kontaktu"},{"$i":"sending","$v":"Lūdzu uzgaidiet…"},{"$i":"video-call","$v":"Videozvans"},{"$i":"rtt-call","$v":"RTT zvans"},{"$i":"callAirplaneModeTitle","$v":"Aktivizēts lidmašīnas režīms"},{"$i":"callAirplaneModeMessage","$v":"Lai veiktu zvanu, sadaļā Uzstādījumi nepieciešams deaktivizēt lidmašīnas režīmu."},{"$i":"emergencyDialogTitle","$v":"Nav tīkla savienojuma"},{"$i":"emergencyDialogBodyBadNumber","$v":"Lai veiktu zvanu, tālrunim jābūt savienotam ar tīklu."},{"$i":"emergencyDialogBodyDeviceNotAccepted","$v":"Tīklā ārkārtas zvani nav atļauti."},{"$i":"invalidNumberToDialTitle","$v":"Nederīgs tālruņa numurs"},{"$i":"invalidNumberToDialMessage","$v":"Jūsu izsauktais tālruņa numurs nav derīgs."},{"$i":"emergency-call-only","$v":"Tikai ārkārtas zvans"},{"$i":"emergency-call-error","$v":[{"t":"idOrVar","v":"number"}," nav ārkārtas numurs."]},{"$i":"numberIsBusyTitle","$v":"Numurs ir aizņemts"},{"$i":"numberIsBusyMessage","$v":"Pašlaik šis numurs ir aizņemts. Vēlāk mēģiniet vēlreiz."},{"$i":"fdnIsActiveTitle","$v":"FDN aktīvs"},{"$i":"fdnIsActiveMessage","$v":["FDN (Fixed Dialling Numbers — fiksēto zvanu numuri) ir aktivizēti, bet šis numurs nav iekļauts jūsu FDN sarakstā: ",{"t":"idOrVar","v":"number"}]},{"$i":"otherConnectionInUseTitle","$v":"Izmanto citu savienojumu"},{"$i":"otherConnectionInUseMessage","$v":"Jums ir aktīvs zvans citā savienojumā. Vienlaikus varat izmantot tikai vienu savienojumu."},{"$i":"GenericFailure","$v":"Vispārēja kļūme"},{"$i":"CallFailed","$v":"Zvans neizdevās"},{"$i":"scCallBarring","$v":"Zvanu liegums"},{"$i":"scCallForwarding","$v":"Zvanu pāradresācija"},{"$i":"scClip","$v":"Ienākošā zvanītāja ID"},{"$i":"scClir","$v":"Izejošais zvanītāja ID"},{"$i":"scPwd","$v":"Paroles maiņa"},{"$i":"scCallWaiting","$v":"Zvanu gaidīšana"},{"$i":"scPin","$v":"PIN koda maiņa"},{"$i":"scPin2","$v":"PIN2 koda maiņa"},{"$i":"scPuk","$v":"Atbloķēt PIN"},{"$i":"scPuk2","$v":"Atbloķēt PIN2"},{"$i":"scImei","$v":"IMEI"},{"$i":"scMeid","$v":"MEID"},{"$i":"scUssd","$v":"USSD"},{"$i":"deviceIsUnlocked","$v":"Ierīce ir atbloķēta"},{"$i":"simUnlockCodeAccepted","$v":"SIM kartes atbloķēšanas kods ir akceptēts"},{"$i":"simUnlockCodeFailed","$v":"SIM kartes atbloķēšana neizdevās"},{"$i":"personal","$v":"Personiski"},{"$i":"mobile","$v":"Mobilais tālrunis"},{"$i":"home","$v":"Mājas"},{"$i":"work","$v":"Darbs"},{"$i":"fax-home","$v":"Mājas fakss"},{"$i":"fax-office","$v":"Biroja fakss"},{"$i":"fax-other","$v":"Cits fakss"},{"$i":"noSimCard","$v":"Nav SIM kartes"},{"$i":"noService","$v":"Nav pakalpojuma"},{"$i":"lockedSim","$v":"Bloķēta SIM karte"},{"$i":"airplaneMode","$v":"Lidmašīnas režīms"},{"$i":"wifi-calling","$v":"Wi-Fi zvans"},{"$i":"homescreen-settings","$v":"Sākuma ekrāna uzstādījumi"},{"$i":"change-wallpaper","$v":"Mainīt fona attēlu"},{"$i":"add-smart-collections","$v":"Pievienot viedās kolekcijas"},{"$i":"edit-mode","$v":"Rediģēt"},{"$i":"edit-done","$v":"Gatavs"},{"$i":"tutorial-for-side-menu-1","$v":["Nospiediet taustiņu ",{"t":"idOrVar","v":"left"},", lai piekļūtu programmām kreisajā pusē."]},{"$i":"tutorial-for-instant-settings-1","$v":["Nospiediet taustiņu ",{"t":"idOrVar","v":"up"},", lai skatītu bieži izmantotos uzstādījumus."]},{"$i":"tutorial-for-notices","$v":"Nospiediet LABO taustiņu, lai skatītu jaunus paziņojumus."},{"$i":"tutorial-for-google-assistant-1","$v":["Nospiediet un turiet taustiņu ",{"t":"idOrVar","v":"microphone"},", lai runātu."]},{"$i":"tutorial-for-voice-input-1","$v":["Nospiediet un turiet taustiņu ",{"t":"idOrVar","v":"microphone"},", lai teksta laukā ierunātu tekstu."]},{"$i":"tutorial-for-find-kaistore-2","$v":"Lietotņu izvēlnes pirmajā lapā atrodiet lietotni KaiStore."},{"$i":"tutorial-for-left","$v":"Atlikusī vieta"},{"$i":"tutorial-for-up","$v":"UZ AUGŠU"},{"$i":"stop-download-title","$v":["Pārtraukt ",{"t":"idOrVar","v":"name"}]},{"$i":"stop-download-body","$v":"Vai vēlaties pārtraukt lejupielādi?"},{"$i":"stop-download-action","$v":"Pārtraukt"},{"$i":"resume-download-title","$v":"Restartēt lejupielādi"},{"$i":"resume-download-body","$v":["Vai vēlaties lejupielādēt ",{"t":"idOrVar","v":"name"},"?"]},{"$i":"resume-download-action","$v":"Lejupielāde"},{"$i":"edit-group-header","$v":"Rediģēt grupu"},{"$i":"gaia-shortcut-app-updated","$v":"Programma atjaunināta"},{"$i":"clocks-updated","$v":"Pulksteņi atjaunināti"},{"$i":"longDateFormat","$v":"%A, %B %e"},{"$i":"app-title","$v":"Manas programmas"},{"$i":"app-uninstall","$v":[{"t":"idOrVar","v":"name"}," tika atinstalēts"]},{"$i":"confirmation","$v":"Apstiprinājums"},{"$i":"clockDateFormat","$v":"%a, %e %b"},{"$i":"apn-sim1","$v":"APN uzstādījumi — SIM1"},{"$i":"apn-sim2","$v":"APN uzstādījumi — SIM2"},{"$i":"apnDefaultConfig","$v":"APN Default Config"},{"$i":"apn-defaultconfig-message","$v":"Iestatiet, kuru APN tipu izmantot"},{"$i":"apnConfigPostpay","$v":"Postpay APN"},{"$i":"apnConfigPrepay","$v":"Prepay APN"},{"$i":"offline-toaster-message","$v":"Tālrunis ir bezsaistē."},{"$i":"dialog-title-new-card","$v":"Jauna karte"},{"$i":"dialog-text-new-card-show","$v":"Jūs esat saņēmis jaunu karti: meklējiet internetā."},{"$i":"not-connect-internet-text","$v":"Jums nav interneta savienojuma. Vai tagad izveidot savienojumu ar internetu?"},{"$i":"not-connect-internet-up-button","$v":"Ieslēdziet mobilos datus"},{"$i":"not-connect-internet-down-button","$v":"Kas ir šūnu dati"},{"$i":"not-data-plan-text","$v":"Šķiet, interneta savienojuma izveidei neizmantojat datu plānu. Apskatiet pieejamās iespējas tālāk."},{"$i":"not-data-plan-down-button","$v":"Izmantojiet Wi-Fi"},{"$i":"connect-internet-title","$v":"Jūs esat savienots"},{"$i":"connect-internet-text","$v":"Iepazīstieties ar tādām lietotnēm kā Store, News, Weather un interneta pārlūks."},{"$i":"utilities","$v":"Utilītprogrammas"},{"$i":"games","$v":"Spēles"},{"$i":"toast-app-downloaded-to-folder","$v":["Programma ",{"t":"idOrVar","v":"appName"}," ir lejupielādēta mapē ",{"t":"idOrVar","v":"folderName"},"."]},{"$i":"toast-need-update-app","$v":"Lūdzu, atjauniniet lietotni uz jaunāko versiju, lai turpinātu lietotni JioStore."},{"$i":"notices-reminder-header","$v":"Atgādinājums"},{"$i":"notices-reminder-content","$v":"Jums ir nelasīti paziņojumi. Pārbaudiet, vai esat palaidis garām kaut ko svarīgu."},{"$i":"instant-settings","$v":"instant settings"},{"$i":"flashlight","$v":"Flashlight"},{"$i":"brightness","$v":"Brightness"},{"$i":"volume","$v":"Volume"},{"$i":"camera","$v":"Kamera"},{"$i":"calculator","$v":"Calculator"},{"$i":"airplane-mode","$v":"Airplane Mode"},{"$i":"wifi","$v":"Wi-Fi"},{"$i":"bluetooth","$v":"Bluetooth"},{"$i":"cellular-data","$v":"Cellular Data"},{"$i":"on","$v":"On"},{"$i":"off","$v":"Off"},{"$i":"percentage-number","$v":[{"t":"idOrVar","v":"number"},"%"]},{"$i":"eccOnly","$v":"Tikai ārkārtas zvani"},{"$i":"emergencyCallsOnly","$v":"Tikai ārkārtas zvani"},{"$i":"searching","$v":"Meklē"},{"$i":"nocard-eccOnly","$v":"Nav SIM kartes - tikai ārkārtas zvani"},{"$i":"unusablecard-eccOnly","$v":"Neizmantojama SIM karte - tikai ārkārtas zvani"},{"$i":"nocard-noservice","$v":"Nav SIM kartes-Nav pakalpojuma"},{"$i":"sim-with-index-and-carrier","$v":["SIM ",{"t":"idOrVar","v":"index"}," - ",{"t":"idOrVar","v":"carrier"}]},{"$i":"sim-without-carrier","$v":["SIM ",{"t":"idOrVar","v":"index"}]},{"$i":"call-forwarding-async","$v":["Asinhrons: ",{"t":"idOrVar","v":"async"}]},{"$i":"call-forwarding-data","$v":["Dati: ",{"t":"idOrVar","v":"data"}]},{"$i":"call-forwarding-error","$v":"Ielādējot zvanu pāradresācijas statusu, radās kļūda"},{"$i":"call-forwarding-fax","$v":["FAKSS: ",{"t":"idOrVar","v":"fax"}]},{"$i":"call-forwarding-inactive","$v":"Neaktīvs"},{"$i":"call-forwarding-packet","$v":["Pakete: ",{"t":"idOrVar","v":"packet"}]},{"$i":"call-forwarding-pad","$v":["PAD: ",{"t":"idOrVar","v":"pad"}]},{"$i":"call-forwarding-sms","$v":["Īsziņa: ",{"t":"idOrVar","v":"sms"}]},{"$i":"call-forwarding-status","$v":"Zvanu pāradresācijas statuss"},{"$i":"call-forwarding-sync","$v":["Sinhrons: ",{"t":"idOrVar","v":"sync"}]},{"$i":"call-forwarding-voice","$v":["Balss: ",{"t":"idOrVar","v":"voice"}]},{"$i":"call-forwarding-voice-after-seconds","$v":["Balss režīms: ",{"t":"idOrVar","v":"voice"}," pēc ",{"t":"idOrVar","v":"timeSeconds"}," sekundēm"]},{"$i":"call-forwarding-reason","$v":["Reason: ",{"t":"idOrVar","v":"reason"}]},{"$i":"serviceClassVoice","$v":"Balss"},{"$i":"serviceClassData","$v":"Dati"},{"$i":"serviceClassFax","$v":"FAKSS"},{"$i":"serviceClassSms","$v":"Īsziņa"},{"$i":"serviceClassDataSync","$v":"Sinhronizēt"},{"$i":"serviceClassDataAsync","$v":"Asinhrons"},{"$i":"serviceClassPacket","$v":"Pakete"},{"$i":"serviceClassPad","$v":"PAD"},{"$i":"smServiceEnabled","$v":"Pakalp. tika aktivizēts"},{"$i":"smServiceDisabled","$v":"Pakalpojums ir deaktivizēts"},{"$i":"smServiceRegistered","$v":"Reģistrācija bija veiksmīga"},{"$i":"smServiceErased","$v":"Dzēšana bija veiksmīga"},{"$i":"smServiceInterrogated","$v":"Pieprasījums ir veiksmīgs"},{"$i":"smServiceNotProvisioned","$v":"Pakalp. netiek nodrošināts"},{"$i":"smClirPermanent","$v":"Jūs nevarat mainīt zvanītāja ID uzstādījumu"},{"$i":"smClirDefaultOnNextCallOn","$v":"Zvanītāja ID noklus.: ierobežots. Nākamais zvans: ierobežots"},{"$i":"smClirDefaultOnNextCallOff","$v":"Zvanītāja ID noklusējums ir ierobežots. Nākamais zvans: nav ierobežots"},{"$i":"smClirDefaultOffNextCallOn","$v":"Zvanītāja ID noklusējums nav ierobežots. Nākamais zvans: ierobežots"},{"$i":"smClirDefaultOffNextCallOff","$v":"Zvanītāja ID noklusējums nav ierobežots. Nākamais zvans: nav ierobežots"},{"$i":"smServiceEnabledFor","$v":"Pakalp. tika aktivizēts:"},{"$i":"smPinChanged","$v":"PIN kods veiksmīgi mainīts"},{"$i":"smPinUnblocked","$v":"PIN veiksmīgi atbloķēts"},{"$i":"smPin2Changed","$v":"PIN2 kods veiksmīgi mainīts"},{"$i":"smPin2Unblocked","$v":"PIN2 veiksmīgi atbloķēts"},{"$i":"ServiceIsEnabled","$v":"Pakalpojums ir aktivizēts"},{"$i":"ServiceIsDisabled","$v":"Pakalpojums ir deaktivizēts"},{"$i":"ServiceIsEnabledFor","$v":"Pakalpojums ir aktivizēts:"},{"$i":"emMmiError","$v":"Savienojuma problēma vai nederīgs MMI kods"},{"$i":"emMmiErrorPasswordIncorrect","$v":"Nepareiza parole"},{"$i":"emMmiErrorNotSupported","$v":"Nederīgs vai neatbalstīts MMI kods"},{"$i":"emMmiErrorInvalidAction","$v":"Nederīga darbība"},{"$i":"emMmiErrorInvalidScCode","$v":"Nederīgs pakalpojuma kods"},{"$i":"emMmiErrorBadPuk","$v":"Jūsu ievadītais PUK kods ir nepareizs"},{"$i":"emMmiErrorBadPin","$v":"Ievadītais vecais PIN kods nav pareizs."},{"$i":"emMmiErrorNeedPuk2","$v":"Lai atbloķētu SIM karti, ievadiet PUK2 kodu"},{"$i":"emMmiErrorMismatchPin","$v":"Ievadītie PIN kodi nesakrīt."},{"$i":"emMmiErrorInvalidPin","$v":"Ievadiet PIN kodu, kas sastāv no 4 līdz 8 cipariem"},{"$i":"emMmiErrorNeedsPuk","$v":"Jūsu SIM karte ir bloķēta, un ir jāievada PUK kods"},{"$i":"emMmiErrorEnablePin","$v":"Neveiksmīgi. Aktivizēt SIM/RUIM BLOĶĒŠANU"},{"$i":"emMmiErrorMmiFdn","$v":"Darbība ir ierob. tikai fiksēto numuru sast."},{"$i":"emMmiErrorStkCcUssdDial","$v":"USSD pieprasījums ir modificēts par DIAL pieprasījumu"},{"$i":"emMmiErrorStkCcUssdSs","$v":"USSD pieprasījums ir modificēts par SS pieprasījumu"},{"$i":"emMmiErrorStkCcUssdUssd","$v":"USSD pieprasījums ir modificēts par jaunu USSD pieprasījumu"},{"$i":"emMmiErrorStkCcSsDial","$v":"SS pieprasījums ir modificēts par DIAL pieprasījumu"},{"$i":"emMmiErrorStkCcSsUssd","$v":"SS piepras. modificēts par USSD piepras."},{"$i":"emMmiErrorStkCcSsSs","$v":"SS pieprasījums ir modificēts par jaunu SS pieprasījumu"},{"$i":"emMmiErrorPinPukAttempts","$v":{"few":["Atlikuši ",{"t":"idOrVar","v":"n"}," mēģinājumi"],"many":["Atlikuši ",{"t":"idOrVar","v":"n"}," mēģinājumi"],"one":["Vēl ",{"t":"idOrVar","v":"n"},"  mēģinājumi"],"other":["Atlikuši ",{"t":"idOrVar","v":"n"}," mēģinājumi"],"two":["Atlikuši ",{"t":"idOrVar","v":"n"}," mēģinājumi"]},"$x":[{"t":"idOrVar","v":"plural"},"n"]},{"$i":"emMmiErrorSimBlocked","$v":"Pārsniegts maksimālais mēģinājumu skaits. SIM karte bloķēta"},{"$i":"RadioNotAvailable","$v":"Radio not available"},{"$i":"PasswordIncorrect","$v":"Nepareiza parole"},{"$i":"SimPin2","$v":"SIM kartes PIN2"},{"$i":"SimPuk2","$v":"SIM kartes PUK2"},{"$i":"RequestNotSupported","$v":"Pieprasījums nav atbalstīts"},{"$i":"OpNotAllowedDuringVoiceCall","$v":"Nav atļauts balss zvana laikā"},{"$i":"SmsSendFailRetry","$v":"Neizdevās atkārt. nosūtīt SMS"},{"$i":"SimAbsent","$v":"Nav SIM kartes"},{"$i":"SubscriptionNotAvailable","$v":"Abonements nav pieejams"},{"$i":"ModeNotSupported","$v":"Režīms netiek atbalstīts"},{"$i":"FdnCheckFailure","$v":"Fdn pārbaudes kļūda"},{"$i":"IllegalSimOrMe","$v":"Nelegāla SIM karte vai ME"},{"$i":"DialModifiedToUssd","$v":"Dial modified to USSD"},{"$i":"DialModifiedToSs","$v":"Dial modified to SS"},{"$i":"DialModifiedToDial","$v":"Dial modified to dial"},{"$i":"UssdModifiedToDial","$v":"USSD modif. zvaniem"},{"$i":"UssdModifiedToSs","$v":"USSD modificēts par SS"},{"$i":"UssdModifiedToUssd","$v":"USSD modificēts par USSD"},{"$i":"SsModifiedToDial","$v":"SS modificēts, lai zvanītu"},{"$i":"SsModifiedToUssd","$v":"SS modificēts par USSD"},{"$i":"SsModifiedToSs","$v":"SS modificēts par SS"},{"$i":"SubscriptionNotSupported","$v":"Abonements netiek atbalstīts"},{"$i":"InvalidParameter","$v":"Nederīgs parametrs"},{"$i":"RejectedByRemote","$v":"Noraidīts ar tālvad."},{"$i":"GetEmptyUssdPrompt","$v":"Saņemta null atbilde."},{"$i":"LimitBlockNumber","$v":"Šis numurs ir bloķēts. Jūs varat lūgt vecāku atļauju."},{"$i":"IncorrectPassword","$v":"Nepareiza parole."},{"$i":"Cancelled","$v":"Atcelts."},{"$i":"OpNotAllowedBeforeRegToNw","$v":"Darbība nav atļauta pirms reģistrēšanās tīklā"},{"$i":"MissingResource","$v":"Trūkst resursa."},{"$i":"UnspecifiedError","$v":"Neprecizēta kļūda."},{"$i":"label","$v":"Etiķete"},{"$i":"faxHome","$v":"Fakss mājās"},{"$i":"faxOffice","$v":"Faksa birojā"},{"$i":"faxOther","$v":"Fakss cits"},{"$i":"another","$v":"Cita"},{"$i":"other","$v":"Cits"},{"$i":"customTag","$v":"Pielāgots tags","placeholder":"Pielāgots tags"},{"$i":"current","$v":"Pašreizējais"},{"$i":"itemWithLabel","$v":[{"t":"idOrVar","v":"label"},", ",{"t":"idOrVar","v":"item"}]},{"$i":"weekday-0-long","$v":"Svētdiena"},{"$i":"weekday-1-long","$v":"Pirmdiena"},{"$i":"weekday-2-long","$v":"Otrdiena"},{"$i":"weekday-3-long","$v":"Trešdiens"},{"$i":"weekday-4-long","$v":"Ceturtdiena"},{"$i":"weekday-5-long","$v":"Piektdiena"},{"$i":"weekday-6-long","$v":"Sestdiena"},{"$i":"weekday-0-short","$v":"Sv"},{"$i":"weekday-1-short","$v":"P"},{"$i":"weekday-2-short","$v":"O"},{"$i":"weekday-3-short","$v":"T"},{"$i":"weekday-4-short","$v":"C"},{"$i":"weekday-5-short","$v":"Pk"},{"$i":"weekday-6-short","$v":"S"},{"$i":"month-0-long","$v":"Janvāris"},{"$i":"month-1-long","$v":"Februāris"},{"$i":"month-2-long","$v":"Marts"},{"$i":"month-3-long","$v":"Aprīlis"},{"$i":"month-4-long","$v":"Maijs"},{"$i":"month-5-long","$v":"Jūnijs"},{"$i":"month-6-long","$v":"Jūlijs"},{"$i":"month-7-long","$v":"Augusts"},{"$i":"month-8-long","$v":"Septembris"},{"$i":"month-9-long","$v":"Oktobris"},{"$i":"month-10-long","$v":"Novembris"},{"$i":"month-11-long","$v":"Decembris"},{"$i":"month-0-genitive","$v":"Janvāris"},{"$i":"month-1-genitive","$v":"Februāris"},{"$i":"month-2-genitive","$v":"Marts"},{"$i":"month-3-genitive","$v":"Aprīlis"},{"$i":"month-4-genitive","$v":"Maijs"},{"$i":"month-5-genitive","$v":"Jūnijs"},{"$i":"month-6-genitive","$v":"Jūlijs"},{"$i":"month-7-genitive","$v":"Augusts"},{"$i":"month-8-genitive","$v":"Septembris"},{"$i":"month-9-genitive","$v":"Oktobris"},{"$i":"month-10-genitive","$v":"Novembris"},{"$i":"month-11-genitive","$v":"Decembris"},{"$i":"month-0-short","$v":"Jan."},{"$i":"month-1-short","$v":"Febr."},{"$i":"month-2-short","$v":"Marts"},{"$i":"month-3-short","$v":"Apr."},{"$i":"month-4-short","$v":"Maijs"},{"$i":"month-5-short","$v":"Jūn."},{"$i":"month-6-short","$v":"Jūl."},{"$i":"month-7-short","$v":"Aug."},{"$i":"month-8-short","$v":"Sept."},{"$i":"month-9-short","$v":"Okt."},{"$i":"month-10-short","$v":"Nov."},{"$i":"month-11-short","$v":"Dec."},{"$i":"minutes-ago-long","$v":{"few":["Pirms ",{"t":"idOrVar","v":"value"}," minūtēm"],"many":["Pirms ",{"t":"idOrVar","v":"value"}," minūtēm"],"other":["Pirms ",{"t":"idOrVar","v":"value"}," minūtēm"],"two":["Pirms ",{"t":"idOrVar","v":"value"}," minūtēm"],"one":"pirms minūtes","zero":"tikko"},"$x":[{"t":"idOrVar","v":"plural"},"value"]},{"$i":"hours-ago-long","$v":{"few":["Pirms ",{"t":"idOrVar","v":"value"}," stundām"],"many":["Pirms ",{"t":"idOrVar","v":"value"}," stundām"],"other":["Pirms ",{"t":"idOrVar","v":"value"}," stundām"],"two":["Pirms ",{"t":"idOrVar","v":"value"}," stundām"],"one":"1 stunda","zero":"tikko"},"$x":[{"t":"idOrVar","v":"plural"},"value"]},{"$i":"days-ago-long","$v":{"few":["Pirms ",{"t":"idOrVar","v":"value"}," dienām"],"many":["Pirms ",{"t":"idOrVar","v":"value"}," dienām"],"one":"vakar","other":["Pirms ",{"t":"idOrVar","v":"value"}," dienām"],"two":["Pirms ",{"t":"idOrVar","v":"value"}," dienām"],"zero":"šodien"},"$x":[{"t":"idOrVar","v":"plural"},"value"]},{"$i":"weeks-ago-long","$v":{"few":["Pirms ",{"t":"idOrVar","v":"value"}," nedēļām"],"many":["Pirms ",{"t":"idOrVar","v":"value"}," nedēļām"],"one":"pagājušajā nedēļā","other":["Pirms ",{"t":"idOrVar","v":"value"}," nedēļām"],"two":["Pirms ",{"t":"idOrVar","v":"value"}," nedēļām"],"zero":"šonedēļ"},"$x":[{"t":"idOrVar","v":"plural"},"value"]},{"$i":"months-ago-long","$v":{"few":["Pirms ",{"t":"idOrVar","v":"value"}," mēnešiem"],"many":["Pirms ",{"t":"idOrVar","v":"value"}," mēnešiem"],"one":"pagājušajā mēnesī","other":["Pirms ",{"t":"idOrVar","v":"value"}," mēnešiem"],"two":["Pirms ",{"t":"idOrVar","v":"value"}," mēnešiem"],"zero":"šomēnes"},"$x":[{"t":"idOrVar","v":"plural"},"value"]},{"$i":"years-ago-long","$v":{"few":["Pirms ",{"t":"idOrVar","v":"value"}," gadiem"],"many":["Pirms ",{"t":"idOrVar","v":"value"}," gadiem"],"one":"pagājušajā gadā","other":["Pirms ",{"t":"idOrVar","v":"value"}," gadiem"],"two":["Pirms ",{"t":"idOrVar","v":"value"}," gadiem"],"zero":"šogad"},"$x":[{"t":"idOrVar","v":"plural"},"value"]},{"$i":"minutes-until-long","$v":{"few":[{"t":"idOrVar","v":"value"}," minūtēs"],"many":[{"t":"idOrVar","v":"value"}," minūtēs"],"other":[{"t":"idOrVar","v":"value"}," minūtēs"],"two":[{"t":"idOrVar","v":"value"}," minūtēs"],"zero":"tūlīt","one":"pēc 1 minūtes"},"$x":[{"t":"idOrVar","v":"plural"},"value"]},{"$i":"hours-until-long","$v":{"few":[{"t":"idOrVar","v":"value"}," stundās"],"many":[{"t":"idOrVar","v":"value"}," stundās"],"other":[{"t":"idOrVar","v":"value"}," stundās"],"two":[{"t":"idOrVar","v":"value"}," stundās"],"zero":"tūlīt","one":"pēc 1 stundas"},"$x":[{"t":"idOrVar","v":"plural"},"value"]},{"$i":"days-until-long","$v":{"few":[{"t":"idOrVar","v":"value"}," dienās"],"many":[{"t":"idOrVar","v":"value"}," dienās"],"one":"rīt","other":[{"t":"idOrVar","v":"value"}," dienās"],"two":[{"t":"idOrVar","v":"value"}," dienās"],"zero":"šodien"},"$x":[{"t":"idOrVar","v":"plural"},"value"]},{"$i":"weeks-until-long","$v":{"few":[{"t":"idOrVar","v":"value"}," nedēļās"],"many":[{"t":"idOrVar","v":"value"}," nedēļās"],"one":"nākamā nedēļa","other":[{"t":"idOrVar","v":"value"}," nedēļās"],"two":[{"t":"idOrVar","v":"value"}," nedēļās"],"zero":"šonedēļ"},"$x":[{"t":"idOrVar","v":"plural"},"value"]},{"$i":"months-until-long","$v":{"few":[{"t":"idOrVar","v":"value"}," mēnešos"],"many":[{"t":"idOrVar","v":"value"}," mēnešos"],"one":"nākamais mēnesis","other":[{"t":"idOrVar","v":"value"}," mēnešos"],"two":[{"t":"idOrVar","v":"value"}," mēnešos"],"zero":"šomēnes"},"$x":[{"t":"idOrVar","v":"plural"},"value"]},{"$i":"years-until-long","$v":{"few":[{"t":"idOrVar","v":"value"}," gados"],"many":[{"t":"idOrVar","v":"value"}," gados"],"one":"nākamais gads","other":[{"t":"idOrVar","v":"value"}," gados"],"two":[{"t":"idOrVar","v":"value"}," gados"],"zero":"šogad"},"$x":[{"t":"idOrVar","v":"plural"},"value"]},{"$i":"minutes-ago-short","$v":{"other":["Pirms ",{"t":"idOrVar","v":"value"}," min."],"zero":"tikko"},"$x":[{"t":"idOrVar","v":"plural"},"value"]},{"$i":"hours-ago-short","$v":{"other":["Pirms ",{"t":"idOrVar","v":"value"}," stundām"],"zero":"tikko"},"$x":[{"t":"idOrVar","v":"plural"},"value"]},{"$i":"days-ago-short","$v":{"other":["Pirms ",{"t":"idOrVar","v":"value"}," d."],"zero":"šodien"},"$x":[{"t":"idOrVar","v":"plural"},"value"]},{"$i":"minutes-until-short","$v":{"other":[{"t":"idOrVar","v":"value"}," min."],"zero":"tūlīt"},"$x":[{"t":"idOrVar","v":"plural"},"value"]},{"$i":"hours-until-short","$v":{"other":[{"t":"idOrVar","v":"value"}," st."],"zero":"tūlīt"},"$x":[{"t":"idOrVar","v":"plural"},"value"]},{"$i":"days-until-short","$v":{"other":[{"t":"idOrVar","v":"value"}," dienās"],"zero":"šodien"},"$x":[{"t":"idOrVar","v":"plural"},"value"]},{"$i":"incorrectDate","$v":"(nepareizs datums)"},{"$i":"dateTimeFormat_%c","$v":"%a %b %e %Y %I:%M:%S %p"},{"$i":"dateTimeFormat_%x","$v":"%m/%d/%Y"},{"$i":"dateTimeFormat_%X","$v":"%I:%M (%p)"},{"$i":"shortTimeFormat","$v":"%I:%M %p"},{"$i":"shortTimeFormat12","$v":"%I:%M %p"},{"$i":"shortTimeFormat24","$v":"%H:%M"},{"$i":"shortDateTimeFormat","$v":"%x %I:%M %p"},{"$i":"weekStartsOnMonday","$v":"0.0"},{"$i":"firstDayOfTheWeek","$v":"1.0"},{"$i":"time_am","$v":"no rīta"},{"$i":"time_pm","$v":"Pēc plkst."}]