[{"$i":"search-or-enter-address","placeholder":"Søk eller angi adresse"},{"$i":"delete-title","$v":["Slett ",{"t":"idOrVar","v":"name"}]},{"$i":"delete-body","$v":[{"t":"idOrVar","v":"name"}," og alle dens data blir slettet."]},{"$i":"delete","$v":"Slett"},{"$i":"cancel","$v":"Avbryt"},{"$i":"apps","$v":"Apper"},{"$i":"menu","$v":"Meny"},{"$i":"notifications","$v":"Merknader"},{"$i":"speed-dial","$v":"Hurtigvalg"},{"$i":"select","$v":"Velg"},{"$i":"move","$v":"Flytt"},{"$i":"ok","$v":"OK"},{"$i":"set","$v":"Angi"},{"$i":"edit","$v":"Rediger"},{"$i":"call","$v":"Ring"},{"$i":"message","$v":"Melding"},{"$i":"options","$v":"Valg"},{"$i":"assign","$v":"Tildel"},{"$i":"remove","$v":"Fjern"},{"$i":"replace","$v":"Bytt ut"},{"$i":"more","$v":"Mer"},{"$i":"settings","$v":"Innstillinger"},{"$i":"contacts","$v":"Kontakter"},{"$i":"list-view","$v":"Listevisning"},{"$i":"grid-view","$v":"Rutenettvisning"},{"$i":"single-view","$v":"Enkeltvisning"},{"$i":"skip","$v":"Hopp over"},{"$i":"shortcuts","$v":"Snarveier"},{"$i":"next","$v":"Neste"},{"$i":"back","$v":"Tilbake"},{"$i":"memory-cleaner","$v":"Memory Cleaner"},{"$i":"open","$v":"Åpne"},{"$i":"voicemail","$v":"Talemelding"},{"$i":"speed-dial-not-empty","ariaLabel":[{"t":"idOrVar","v":"order"},", ",{"t":"idOrVar","v":"name"}]},{"$i":"speed-dial-empty","ariaLabel":[{"t":"idOrVar","v":"order"},", tom"]},{"$i":"remove-speed-dial","$v":["Er du sikker på at du vil fjerne ",{"t":"idOrVar","v":"name"}," fra hurtigvalg?"]},{"$i":"replace-speed-dial","$v":["Er du sikker på at du vil bytte ut ",{"t":"idOrVar","v":"name"}," med ",{"t":"idOrVar","v":"subName"},"?"]},{"$i":"assign-speed-dial","$v":["Kontakt ble ikke lagt til som hurtigvalg på knappen ",{"t":"idOrVar","v":"n"},". Tilordne nå?"]},{"$i":"assign-voicemail","$v":"Talepostnummeret er ikke konfigurert."},{"$i":"alert-for-contacts-without-number","$v":"Det finnes ingen kontakter med telefonnummer."},{"$i":"option-remove","$v":"Fjern fra hurtigvalg"},{"$i":"option-replace","$v":"Bytt ut"},{"$i":"all-apps","$v":"Alle apper"},{"$i":"uninstall","$v":"Avinstaller"},{"$i":"confirm-to-uninstall-app","$v":["Avinstallere appen ",{"t":"idOrVar","v":"appName"},"?"]},{"$i":"confirm-to-unpin-bookmark","$v":"Fjerne feste av nettsted?"},{"$i":"unpin","$v":"Fjern merking"},{"$i":"rename","$v":"Bytt navn"},{"$i":"title","$v":"Tittel"},{"$i":"add-to-existing-contact","$v":"Legg til eksisterende kontakt"},{"$i":"create-new-contact","$v":"Opprett ny kontakt"},{"$i":"sending","$v":"Vennligst vent…"},{"$i":"video-call","$v":"Videoanrop"},{"$i":"rtt-call","$v":"RTT-anrop"},{"$i":"callAirplaneModeTitle","$v":"Flymodus aktivert"},{"$i":"callAirplaneModeMessage","$v":"For å foreta et anrop må du deaktivere flymodus i innstillinger."},{"$i":"emergencyDialogTitle","$v":"Ingen nettverkstilkobling"},{"$i":"emergencyDialogBodyBadNumber","$v":"For å foreta et anrop på telefonen være tilkoblet et nettverk."},{"$i":"emergencyDialogBodyDeviceNotAccepted","$v":"Nødanrop er ikke tillatt av nettverket."},{"$i":"invalidNumberToDialTitle","$v":"Ugyldig telefonnummer"},{"$i":"invalidNumberToDialMessage","$v":"Telefonnummeret du ringer er ugyldig."},{"$i":"emergency-call-only","$v":"Bare nødanrop"},{"$i":"emergency-call-error","$v":[{"t":"idOrVar","v":"number"}," er ikke et nødnummer."]},{"$i":"numberIsBusyTitle","$v":"Nummer er opptatt"},{"$i":"numberIsBusyMessage","$v":"Nummeret er opptatt. Prøv igjen senere."},{"$i":"fdnIsActiveTitle","$v":"FDN aktiv"},{"$i":"fdnIsActiveMessage","$v":["FDN (Fixed Dialling Numbers) er aktivert og følgende nummer er ikke i FDN-listen din: ",{"t":"idOrVar","v":"number"}]},{"$i":"otherConnectionInUseTitle","$v":"Annen tilkobling i bruk"},{"$i":"otherConnectionInUseMessage","$v":"Du har en annen aktiv samtale i en annen forbindelse. Du kan bare bruke én tilkobling om gangen."},{"$i":"GenericFailure","$v":"Generell feil"},{"$i":"CallFailed","$v":"Anrop mislyktes"},{"$i":"scCallBarring","$v":"Anropssperring"},{"$i":"scCallForwarding","$v":"Viderekobling"},{"$i":"scClip","$v":"Innkommende anrops-ID"},{"$i":"scClir","$v":"Utgående anrops-ID"},{"$i":"scPwd","$v":"Passordendring"},{"$i":"scCallWaiting","$v":"Samtale venter"},{"$i":"scPin","$v":"PIN-endring"},{"$i":"scPin2","$v":"PIN2-endring"},{"$i":"scPuk","$v":"Opphev blokkering av PIN-kode"},{"$i":"scPuk2","$v":"Opphev blokkering av PIN2"},{"$i":"scImei","$v":"IMEI"},{"$i":"scMeid","$v":"MEID"},{"$i":"scUssd","$v":"USSD"},{"$i":"deviceIsUnlocked","$v":"Enhet er låst opp"},{"$i":"simUnlockCodeAccepted","$v":"SIM-opplåsningskode godtatt"},{"$i":"simUnlockCodeFailed","$v":"SIM-opplåsning mislyktes"},{"$i":"personal","$v":"Personlig"},{"$i":"mobile","$v":"Mobile"},{"$i":"home","$v":"Hjem"},{"$i":"work","$v":"Arbeid"},{"$i":"fax-home","$v":"Hjemmefaks"},{"$i":"fax-office","$v":"Kontorfaks"},{"$i":"fax-other","$v":"Annet faksnummer"},{"$i":"noSimCard","$v":"Ingen SIM-kort"},{"$i":"noService","$v":"Ingen dekning"},{"$i":"lockedSim","$v":"Låst SIM"},{"$i":"airplaneMode","$v":"Flymodus"},{"$i":"wifi-calling","$v":"Wi-Fi-oppkall"},{"$i":"homescreen-settings","$v":"Innstillinger for startskjerm"},{"$i":"change-wallpaper","$v":"Endre bakgrunn"},{"$i":"add-smart-collections","$v":"Legg til smarte samlinger"},{"$i":"edit-mode","$v":"Rediger"},{"$i":"edit-done","$v":"Fullført"},{"$i":"tutorial-for-side-menu-1","$v":["Trykk på ",{"t":"idOrVar","v":"left"},"-tasten for å få tilgang til apper til venstre."]},{"$i":"tutorial-for-instant-settings-1","$v":["Trykk på ",{"t":"idOrVar","v":"up"},"-tasten for de mest brukte innstillingene."]},{"$i":"tutorial-for-notices","$v":"Trykk HØYRE-tasten for å vise nye meldinger."},{"$i":"tutorial-for-google-assistant-1","$v":["Trykk lenge på ",{"t":"idOrVar","v":"microphone"},"-tasten for å snakke."]},{"$i":"tutorial-for-voice-input-1","$v":["Trykk lenge på ",{"t":"idOrVar","v":"microphone"},"-tasten for å snakke i tekstfelt."]},{"$i":"tutorial-for-find-kaistore-2","$v":"Finn KaiStore-appen på den første siden i Apps Menu."},{"$i":"tutorial-for-left","$v":"Venstre"},{"$i":"tutorial-for-up","$v":"OPP"},{"$i":"stop-download-title","$v":["Stopp ",{"t":"idOrVar","v":"name"}]},{"$i":"stop-download-body","$v":"Vil du stoppe den aktive nedlastingen?"},{"$i":"stop-download-action","$v":"Stopp"},{"$i":"resume-download-title","$v":"Start nedlasting på nytt"},{"$i":"resume-download-body","$v":["Vil du laste ned ",{"t":"idOrVar","v":"name"},"?"]},{"$i":"resume-download-action","$v":"Last ned"},{"$i":"edit-group-header","$v":"Rediger gruppe"},{"$i":"gaia-shortcut-app-updated","$v":"App oppdatert"},{"$i":"clocks-updated","$v":"Klokker oppdatert"},{"$i":"longDateFormat","$v":"%A, %B %e"},{"$i":"app-title","$v":"Mine apper"},{"$i":"app-uninstall","$v":[{"t":"idOrVar","v":"name"}," ble avinstallert"]},{"$i":"confirmation","$v":"Bekreftelse"},{"$i":"clockDateFormat","$v":"%a, %e %b"},{"$i":"apn-sim1","$v":"APN-innstillinger – SIM1"},{"$i":"apn-sim2","$v":"APN-innstillinger – SIM2"},{"$i":"apnDefaultConfig","$v":"APN Default Config"},{"$i":"apn-defaultconfig-message","$v":"Angi hvilken APN-type som skal brukes"},{"$i":"apnConfigPostpay","$v":"Postpay APN"},{"$i":"apnConfigPrepay","$v":"Prepay APN"},{"$i":"offline-toaster-message","$v":"Telefonen er frakoblet."},{"$i":"dialog-title-new-card","$v":"Nytt kort"},{"$i":"dialog-text-new-card-show","$v":"Du har fått et nytt kort: Søk på Internett."},{"$i":"not-connect-internet-text","$v":"Du har ikke Internett-tilkobling. Vil du koble til Internett nå?"},{"$i":"not-connect-internet-up-button","$v":"Slå på mobildata"},{"$i":"not-connect-internet-down-button","$v":"Hva er mobildata"},{"$i":"not-data-plan-text","$v":"Det ser ut til at du ikke har dataabonnement for å koble til internett. Her er valgene dine."},{"$i":"not-data-plan-down-button","$v":"Bruk Wi-Fi"},{"$i":"connect-internet-title","$v":"Du er tilkoblet"},{"$i":"connect-internet-text","$v":"Sjekk apper som Butikk, Nyheter, Vær og nettleser."},{"$i":"utilities","$v":"Utilities"},{"$i":"games","$v":"Games"},{"$i":"toast-app-downloaded-to-folder","$v":[{"t":"idOrVar","v":"appName"}," er lastet ned til mappen ",{"t":"idOrVar","v":"folderName"},"."]},{"$i":"toast-need-update-app","$v":"Oppdater appen til den nyeste versjonen for å fortsette fra JioStore-appen."},{"$i":"notices-reminder-header","$v":"Påminnelse"},{"$i":"notices-reminder-content","$v":"Du har uleste merknader. Sjekk om du gikk glipp av noe viktig."},{"$i":"instant-settings","$v":"instant settings"},{"$i":"flashlight","$v":"Flashlight"},{"$i":"brightness","$v":"Brightness"},{"$i":"volume","$v":"Volume"},{"$i":"camera","$v":"Kamera"},{"$i":"calculator","$v":"Calculator"},{"$i":"airplane-mode","$v":"Airplane Mode"},{"$i":"wifi","$v":"Wi-Fi"},{"$i":"bluetooth","$v":"Bluetooth"},{"$i":"cellular-data","$v":"Cellular Data"},{"$i":"on","$v":"On"},{"$i":"off","$v":"Off"},{"$i":"percentage-number","$v":[{"t":"idOrVar","v":"number"},"%"]},{"$i":"eccOnly","$v":"Kun nødanrop"},{"$i":"emergencyCallsOnly","$v":"Kun nødanrop"},{"$i":"searching","$v":"Søker"},{"$i":"nocard-eccOnly","$v":"Ingen SIM-kort - bare nødanrop"},{"$i":"unusablecard-eccOnly","$v":"Ubrukelig SIM-kort - bare nødanrop"},{"$i":"nocard-noservice","$v":"Ingen SIM-kort-Ingen dekning"},{"$i":"sim-with-index-and-carrier","$v":["SIM ",{"t":"idOrVar","v":"index"}," - ",{"t":"idOrVar","v":"carrier"}]},{"$i":"sim-without-carrier","$v":["SIM ",{"t":"idOrVar","v":"index"}]},{"$i":"call-forwarding-async","$v":["Asynkron: ",{"t":"idOrVar","v":"async"}]},{"$i":"call-forwarding-data","$v":["Data: ",{"t":"idOrVar","v":"data"}]},{"$i":"call-forwarding-error","$v":"Det oppstod en feil under henting av statusen for viderekobling av anrop"},{"$i":"call-forwarding-fax","$v":["FAKS: ",{"t":"idOrVar","v":"fax"}]},{"$i":"call-forwarding-inactive","$v":"Inaktiv"},{"$i":"call-forwarding-packet","$v":["Pakke: ",{"t":"idOrVar","v":"packet"}]},{"$i":"call-forwarding-pad","$v":["PAD: ",{"t":"idOrVar","v":"pad"}]},{"$i":"call-forwarding-sms","$v":["SMS: ",{"t":"idOrVar","v":"sms"}]},{"$i":"call-forwarding-status","$v":"Viderekoblingsstatus"},{"$i":"call-forwarding-sync","$v":["Synkron: ",{"t":"idOrVar","v":"sync"}]},{"$i":"call-forwarding-voice","$v":["Tale: ",{"t":"idOrVar","v":"voice"}]},{"$i":"call-forwarding-voice-after-seconds","$v":["Tale: ",{"t":"idOrVar","v":"voice"}," etter ",{"t":"idOrVar","v":"timeSeconds"}," sekunder"]},{"$i":"call-forwarding-reason","$v":["Reason: ",{"t":"idOrVar","v":"reason"}]},{"$i":"serviceClassVoice","$v":"Tale"},{"$i":"serviceClassData","$v":"Data"},{"$i":"serviceClassFax","$v":"FAKS"},{"$i":"serviceClassSms","$v":"SMS"},{"$i":"serviceClassDataSync","$v":"Synkroniser"},{"$i":"serviceClassDataAsync","$v":"Asynkron"},{"$i":"serviceClassPacket","$v":"Pakke"},{"$i":"serviceClassPad","$v":"PAD"},{"$i":"smServiceEnabled","$v":"Tjenesten ble aktivert"},{"$i":"smServiceDisabled","$v":"Tjenesten er deaktivert"},{"$i":"smServiceRegistered","$v":"Registrering fullført"},{"$i":"smServiceErased","$v":"Sletting var vellykket"},{"$i":"smServiceInterrogated","$v":"Forespørsel var vellykket"},{"$i":"smServiceNotProvisioned","$v":"Tjenesten er ikke klargjort"},{"$i":"smClirPermanent","$v":"Du kan ikke endre innstillingen for anrops-ID"},{"$i":"smClirDefaultOnNextCallOn","$v":"Anrops-ID går automatisk til begrenset. Neste anrop: Begrenset"},{"$i":"smClirDefaultOnNextCallOff","$v":"Anrops-ID går automatisk til begrenset. Neste anrop: Ikke begrenset"},{"$i":"smClirDefaultOffNextCallOn","$v":"Anrops-ID går automatisk til ikke begrenset. Neste anrop: Begrenset"},{"$i":"smClirDefaultOffNextCallOff","$v":"Anrops-ID går automatisk til ikke begrenset. Neste anrop: Ikke begrenset"},{"$i":"smServiceEnabledFor","$v":"Tjenesten aktivert for:"},{"$i":"smPinChanged","$v":"PIN ble endret"},{"$i":"smPinUnblocked","$v":"PIN ble avblokkert"},{"$i":"smPin2Changed","$v":"PIN2 ble endret"},{"$i":"smPin2Unblocked","$v":"PIN2 ble avblokkert"},{"$i":"ServiceIsEnabled","$v":"Tjenesten er aktivert"},{"$i":"ServiceIsDisabled","$v":"Tjenesten er deaktivert"},{"$i":"ServiceIsEnabledFor","$v":"Tjenesten er aktivert for:"},{"$i":"emMmiError","$v":"Tilkoblingsproblem eller ugyldig MMI-kode"},{"$i":"emMmiErrorPasswordIncorrect","$v":"Feil passord"},{"$i":"emMmiErrorNotSupported","$v":"Ugyldig eller ikke støttet MMI-kode"},{"$i":"emMmiErrorInvalidAction","$v":"Ugyldig handling"},{"$i":"emMmiErrorInvalidScCode","$v":"Ugyldig tjenestekode"},{"$i":"emMmiErrorBadPuk","$v":"PUK-koden du oppga er feil"},{"$i":"emMmiErrorBadPin","$v":"Den gamle PIN-koden du oppga er feil."},{"$i":"emMmiErrorNeedPuk2","$v":"Angi PUK2 for å oppheve blokkeringen av SIM-kortet"},{"$i":"emMmiErrorMismatchPin","$v":"De angitte PIN-koden stemmer ikke overens"},{"$i":"emMmiErrorInvalidPin","$v":"Angi en PIN som er på 4 – 8 tall"},{"$i":"emMmiErrorNeedsPuk","$v":"SIM-kortet er PUK-låst"},{"$i":"emMmiErrorEnablePin","$v":"Mislykket. Aktiver SIM/RUIM LOCK"},{"$i":"emMmiErrorMmiFdn","$v":"Operasjonen er begrenset til bare tillatte numre"},{"$i":"emMmiErrorStkCcUssdDial","$v":"USSD-forespørsel er endret til DIAL-forespørsel"},{"$i":"emMmiErrorStkCcUssdSs","$v":"USSD-forespørsel er endret til SS-forespørsel"},{"$i":"emMmiErrorStkCcUssdUssd","$v":"USSD-forespørsel er endret til ny USSD-forespørsel"},{"$i":"emMmiErrorStkCcSsDial","$v":"SS-forespørsel er endret til DIAL-forespørsel"},{"$i":"emMmiErrorStkCcSsUssd","$v":"SS-foresp. endret til USSD-foresp."},{"$i":"emMmiErrorStkCcSsSs","$v":"SS-foresp. endret til ny SS-foresp."},{"$i":"emMmiErrorPinPukAttempts","$v":{"few":[{"t":"idOrVar","v":"n"}," forsøk igjen"],"many":[{"t":"idOrVar","v":"n"}," forsøk igjen"],"one":["Bare ",{"t":"idOrVar","v":"n"}," gjenstående forsøk"],"other":[{"t":"idOrVar","v":"n"}," forsøk igjen"],"two":[{"t":"idOrVar","v":"n"}," forsøk igjen"]},"$x":[{"t":"idOrVar","v":"plural"},"n"]},{"$i":"emMmiErrorSimBlocked","$v":"Maksimalt antall forsøk nådd. SIM blokkert"},{"$i":"RadioNotAvailable","$v":"Radio not available"},{"$i":"PasswordIncorrect","$v":"Passord feil"},{"$i":"SimPin2","$v":"SIM PIN2"},{"$i":"SimPuk2","$v":"SIM PUK2"},{"$i":"RequestNotSupported","$v":"Forespørsel støttes ikke"},{"$i":"OpNotAllowedDuringVoiceCall","$v":"Operasj. ikke tillatt under taleanrop"},{"$i":"SmsSendFailRetry","$v":"SMS-sendefeil prøv igjen"},{"$i":"SimAbsent","$v":"SIM mangler"},{"$i":"SubscriptionNotAvailable","$v":"Abonnement er ikke tilgjengelig"},{"$i":"ModeNotSupported","$v":"Modus støttes ikke"},{"$i":"FdnCheckFailure","$v":"Fdn-kontrollfeil"},{"$i":"IllegalSimOrMe","$v":"Ulovlig SIM eller ME"},{"$i":"DialModifiedToUssd","$v":"Dial modified to USSD"},{"$i":"DialModifiedToSs","$v":"Dial modified to SS"},{"$i":"DialModifiedToDial","$v":"Dial modified to dial"},{"$i":"UssdModifiedToDial","$v":"USSD endret til oppringing"},{"$i":"UssdModifiedToSs","$v":"USSD endret til SS"},{"$i":"UssdModifiedToUssd","$v":"USSD endret til USSD"},{"$i":"SsModifiedToDial","$v":"SS endret til oppringing"},{"$i":"SsModifiedToUssd","$v":"SS endret til USSD"},{"$i":"SsModifiedToSs","$v":"SS endret til SS"},{"$i":"SubscriptionNotSupported","$v":"Abonnement støttes ikke"},{"$i":"InvalidParameter","$v":"Ugyldig parameter"},{"$i":"RejectedByRemote","$v":"Avvist av ekstern"},{"$i":"GetEmptyUssdPrompt","$v":"Null svar mottatt."},{"$i":"LimitBlockNumber","$v":"Dette nummeret er blokkert. Du kan be foreldrene dine om tillatelse."},{"$i":"IncorrectPassword","$v":"Feil passord."},{"$i":"Cancelled","$v":"Avbrutt."},{"$i":"OpNotAllowedBeforeRegToNw","$v":"Operasjon ikke tillatt før registrert til nettverk"},{"$i":"MissingResource","$v":"Mangler ressurs."},{"$i":"UnspecifiedError","$v":"Uspesifisert error."},{"$i":"label","$v":"Etikett"},{"$i":"faxHome","$v":"Hjemmefaks"},{"$i":"faxOffice","$v":"Kontorfaks"},{"$i":"faxOther","$v":"Annen faks"},{"$i":"another","$v":"En annen"},{"$i":"other","$v":"Annet"},{"$i":"customTag","$v":"Egendefinert tagg","placeholder":"Egendefinert tagg"},{"$i":"current","$v":"Nåværende"},{"$i":"itemWithLabel","$v":[{"t":"idOrVar","v":"label"},", ",{"t":"idOrVar","v":"item"}]},{"$i":"weekday-0-long","$v":"Søndag"},{"$i":"weekday-1-long","$v":"Mandag"},{"$i":"weekday-2-long","$v":"Tirsdag"},{"$i":"weekday-3-long","$v":"Onsdag"},{"$i":"weekday-4-long","$v":"Torsdag"},{"$i":"weekday-5-long","$v":"Fredag"},{"$i":"weekday-6-long","$v":"Lørdag"},{"$i":"weekday-0-short","$v":"Sø."},{"$i":"weekday-1-short","$v":"Ma."},{"$i":"weekday-2-short","$v":"Ti."},{"$i":"weekday-3-short","$v":"On."},{"$i":"weekday-4-short","$v":"To."},{"$i":"weekday-5-short","$v":"Fr."},{"$i":"weekday-6-short","$v":"Lø."},{"$i":"month-0-long","$v":"Januar"},{"$i":"month-1-long","$v":"Februar"},{"$i":"month-2-long","$v":"Mars"},{"$i":"month-3-long","$v":"April"},{"$i":"month-4-long","$v":"Mai"},{"$i":"month-5-long","$v":"Juni"},{"$i":"month-6-long","$v":"Juli"},{"$i":"month-7-long","$v":"August"},{"$i":"month-8-long","$v":"September"},{"$i":"month-9-long","$v":"Oktober"},{"$i":"month-10-long","$v":"November"},{"$i":"month-11-long","$v":"Desember"},{"$i":"month-0-genitive","$v":"Januar"},{"$i":"month-1-genitive","$v":"Februar"},{"$i":"month-2-genitive","$v":"Mars"},{"$i":"month-3-genitive","$v":"April"},{"$i":"month-4-genitive","$v":"Mai"},{"$i":"month-5-genitive","$v":"Juni"},{"$i":"month-6-genitive","$v":"Juli"},{"$i":"month-7-genitive","$v":"August"},{"$i":"month-8-genitive","$v":"September"},{"$i":"month-9-genitive","$v":"Oktober"},{"$i":"month-10-genitive","$v":"November"},{"$i":"month-11-genitive","$v":"Desember"},{"$i":"month-0-short","$v":"Jan."},{"$i":"month-1-short","$v":"Feb."},{"$i":"month-2-short","$v":"Mars"},{"$i":"month-3-short","$v":"Apr."},{"$i":"month-4-short","$v":"Mai"},{"$i":"month-5-short","$v":"Juni"},{"$i":"month-6-short","$v":"Juli"},{"$i":"month-7-short","$v":"Aug."},{"$i":"month-8-short","$v":"Sep."},{"$i":"month-9-short","$v":"Okt."},{"$i":"month-10-short","$v":"Nov."},{"$i":"month-11-short","$v":"Des."},{"$i":"minutes-ago-long","$v":{"few":[{"t":"idOrVar","v":"value"}," minutter siden"],"many":[{"t":"idOrVar","v":"value"}," minutter siden"],"other":[{"t":"idOrVar","v":"value"}," minutter siden"],"two":[{"t":"idOrVar","v":"value"}," minutter siden"],"one":"et minutt siden","zero":"akkurat nå"},"$x":[{"t":"idOrVar","v":"plural"},"value"]},{"$i":"hours-ago-long","$v":{"few":[{"t":"idOrVar","v":"value"}," timer siden"],"many":[{"t":"idOrVar","v":"value"}," timer siden"],"other":[{"t":"idOrVar","v":"value"}," timer siden"],"two":[{"t":"idOrVar","v":"value"}," timer siden"],"one":"1 time siden","zero":"akkurat nå"},"$x":[{"t":"idOrVar","v":"plural"},"value"]},{"$i":"days-ago-long","$v":{"few":[{"t":"idOrVar","v":"value"}," dager siden"],"many":[{"t":"idOrVar","v":"value"}," dager siden"],"one":"i går","other":[{"t":"idOrVar","v":"value"}," dager siden"],"two":[{"t":"idOrVar","v":"value"}," dager siden"],"zero":"i dag"},"$x":[{"t":"idOrVar","v":"plural"},"value"]},{"$i":"weeks-ago-long","$v":{"few":[{"t":"idOrVar","v":"value"}," uker siden"],"many":[{"t":"idOrVar","v":"value"}," uker siden"],"one":"sist uke","other":[{"t":"idOrVar","v":"value"}," uker siden"],"two":[{"t":"idOrVar","v":"value"}," uker siden"],"zero":"denne uken"},"$x":[{"t":"idOrVar","v":"plural"},"value"]},{"$i":"months-ago-long","$v":{"few":[{"t":"idOrVar","v":"value"}," måneder siden"],"many":[{"t":"idOrVar","v":"value"}," måneder siden"],"one":"sist måned","other":[{"t":"idOrVar","v":"value"}," måneder siden"],"two":[{"t":"idOrVar","v":"value"}," måneder siden"],"zero":"denne måneden"},"$x":[{"t":"idOrVar","v":"plural"},"value"]},{"$i":"years-ago-long","$v":{"few":[{"t":"idOrVar","v":"value"}," år siden"],"many":[{"t":"idOrVar","v":"value"}," år siden"],"one":"i fjor","other":[{"t":"idOrVar","v":"value"}," år siden"],"two":[{"t":"idOrVar","v":"value"}," år siden"],"zero":"i år"},"$x":[{"t":"idOrVar","v":"plural"},"value"]},{"$i":"minutes-until-long","$v":{"few":["om ",{"t":"idOrVar","v":"value"}," minutter"],"many":["om ",{"t":"idOrVar","v":"value"}," minutter"],"other":["om ",{"t":"idOrVar","v":"value"}," minutter"],"two":["om ",{"t":"idOrVar","v":"value"}," minutter"],"zero":"nå","one":"om 1 minutt"},"$x":[{"t":"idOrVar","v":"plural"},"value"]},{"$i":"hours-until-long","$v":{"few":["om ",{"t":"idOrVar","v":"value"}," timer"],"many":["om ",{"t":"idOrVar","v":"value"}," timer"],"other":["om ",{"t":"idOrVar","v":"value"}," timer"],"two":["om ",{"t":"idOrVar","v":"value"}," timer"],"zero":"nå","one":"om 1 time"},"$x":[{"t":"idOrVar","v":"plural"},"value"]},{"$i":"days-until-long","$v":{"few":["om ",{"t":"idOrVar","v":"value"}," dager"],"many":["om ",{"t":"idOrVar","v":"value"}," dager"],"one":"i morgen","other":["om ",{"t":"idOrVar","v":"value"}," dager"],"two":["om ",{"t":"idOrVar","v":"value"}," dager"],"zero":"i dag"},"$x":[{"t":"idOrVar","v":"plural"},"value"]},{"$i":"weeks-until-long","$v":{"few":["om ",{"t":"idOrVar","v":"value"}," uker"],"many":["om ",{"t":"idOrVar","v":"value"}," uker"],"one":"neste uke","other":["om ",{"t":"idOrVar","v":"value"}," uker"],"two":["om ",{"t":"idOrVar","v":"value"}," uker"],"zero":"denne uken"},"$x":[{"t":"idOrVar","v":"plural"},"value"]},{"$i":"months-until-long","$v":{"few":["om ",{"t":"idOrVar","v":"value"}," måneder"],"many":["om ",{"t":"idOrVar","v":"value"}," måneder"],"one":"neste måned","other":["om ",{"t":"idOrVar","v":"value"}," måneder"],"two":["om ",{"t":"idOrVar","v":"value"}," måneder"],"zero":"denne måneden"},"$x":[{"t":"idOrVar","v":"plural"},"value"]},{"$i":"years-until-long","$v":{"few":["om ",{"t":"idOrVar","v":"value"}," år"],"many":["om ",{"t":"idOrVar","v":"value"}," år"],"one":"neste år","other":["om ",{"t":"idOrVar","v":"value"}," år"],"two":["om ",{"t":"idOrVar","v":"value"}," år"],"zero":"i år"},"$x":[{"t":"idOrVar","v":"plural"},"value"]},{"$i":"minutes-ago-short","$v":{"other":[{"t":"idOrVar","v":"value"}," m siden"],"zero":"akkurat nå"},"$x":[{"t":"idOrVar","v":"plural"},"value"]},{"$i":"hours-ago-short","$v":{"other":[{"t":"idOrVar","v":"value"}," t siden"],"zero":"akkurat nå"},"$x":[{"t":"idOrVar","v":"plural"},"value"]},{"$i":"days-ago-short","$v":{"other":[{"t":"idOrVar","v":"value"}," d siden"],"zero":"i dag"},"$x":[{"t":"idOrVar","v":"plural"},"value"]},{"$i":"minutes-until-short","$v":{"other":["om ",{"t":"idOrVar","v":"value"},"m"],"zero":"nå"},"$x":[{"t":"idOrVar","v":"plural"},"value"]},{"$i":"hours-until-short","$v":{"other":["om ",{"t":"idOrVar","v":"value"},"t"],"zero":"nå"},"$x":[{"t":"idOrVar","v":"plural"},"value"]},{"$i":"days-until-short","$v":{"other":["om ",{"t":"idOrVar","v":"value"},"d"],"zero":"i dag"},"$x":[{"t":"idOrVar","v":"plural"},"value"]},{"$i":"incorrectDate","$v":"(feil dato)"},{"$i":"dateTimeFormat_%c","$v":"%a %b %e %Y %I:%M:%S %p"},{"$i":"dateTimeFormat_%x","$v":"%m/%d/%Y"},{"$i":"dateTimeFormat_%X","$v":"%I:%M:%S %p"},{"$i":"shortTimeFormat","$v":"%I:%M %p"},{"$i":"shortTimeFormat12","$v":"%I:%M %p"},{"$i":"shortTimeFormat24","$v":"%H:%M"},{"$i":"shortDateTimeFormat","$v":"%x %I:%M %p"},{"$i":"weekStartsOnMonday","$v":"0.0"},{"$i":"firstDayOfTheWeek","$v":"1.0"},{"$i":"time_am","$v":"AM"},{"$i":"time_pm","$v":"PM"}]