[{"$i":"search-or-enter-address","placeholder":"Wyszukaj lub wprowadź adres"},{"$i":"delete-title","$v":["Usuń ",{"t":"idOrVar","v":"name"}]},{"$i":"delete-body","$v":[{"t":"idOrVar","v":"name"}," i wszystkie powiązane dane zostaną usunięte."]},{"$i":"delete","$v":"Usuń"},{"$i":"cancel","$v":"Anuluj"},{"$i":"apps","$v":"Aplikacje"},{"$i":"menu","$v":"Menu"},{"$i":"notifications","$v":"Powiadomienia"},{"$i":"speed-dial","$v":"Szybkie wybieranie"},{"$i":"select","$v":"Wybierz"},{"$i":"move","$v":"Przenieś"},{"$i":"ok","$v":"OK"},{"$i":"set","$v":"Ustaw"},{"$i":"edit","$v":"Edytuj"},{"$i":"call","$v":"Połączenie"},{"$i":"message","$v":"Wiadomość"},{"$i":"options","$v":"Opcje"},{"$i":"assign","$v":"Przypisz"},{"$i":"remove","$v":"Usuń"},{"$i":"replace","$v":"Zastąp"},{"$i":"more","$v":"Więcej"},{"$i":"settings","$v":"Ustawienia"},{"$i":"contacts","$v":"Kontakty"},{"$i":"list-view","$v":"Widok listy"},{"$i":"grid-view","$v":"Widok siatki"},{"$i":"single-view","$v":"Widok pojedynczy"},{"$i":"skip","$v":"Pomiń"},{"$i":"shortcuts","$v":"Skróty"},{"$i":"next","$v":"Dalej"},{"$i":"back","$v":"Wstecz"},{"$i":"memory-cleaner","$v":"Oczyszczanie pamięci"},{"$i":"open","$v":"OTWÓRZ"},{"$i":"voicemail","$v":"Poczta głosowa"},{"$i":"speed-dial-not-empty","ariaLabel":[{"t":"idOrVar","v":"order"},", ",{"t":"idOrVar","v":"name"}]},{"$i":"speed-dial-empty","ariaLabel":[{"t":"idOrVar","v":"order"},", puste"]},{"$i":"remove-speed-dial","$v":["Czy na pewno chcesz usunąć kontakt ",{"t":"idOrVar","v":"name"}," z szybkiego wybierania?"]},{"$i":"replace-speed-dial","$v":["Czy na pewno chcesz wybrać ",{"t":"idOrVar","v":"subName"}," zamiast ",{"t":"idOrVar","v":"name"},"?"]},{"$i":"assign-speed-dial","$v":["Kontakt nie został dodany do przycisku szybkiego wybierania „",{"t":"idOrVar","v":"n"},"”. Przypisać teraz?"]},{"$i":"assign-voicemail","$v":"Nie ustawiono numeru poczty głosowej."},{"$i":"alert-for-contacts-without-number","$v":"Brak dostępnych kontaktów z numerem telefonu."},{"$i":"option-remove","$v":"Usuń z szybkiego wybierania"},{"$i":"option-replace","$v":"Zastąp"},{"$i":"all-apps","$v":"Wszystkie aplikacje"},{"$i":"uninstall","$v":"Odinstaluj"},{"$i":"confirm-to-uninstall-app","$v":["Odinstalować aplikację ",{"t":"idOrVar","v":"appName"},"?"]},{"$i":"confirm-to-unpin-bookmark","$v":"Odpiąć tę witrynę?"},{"$i":"unpin","$v":"Odepnij"},{"$i":"rename","$v":"Zmień nazwę"},{"$i":"title","$v":"Tytuł"},{"$i":"add-to-existing-contact","$v":"Dodaj do istniejącego kontaktu"},{"$i":"create-new-contact","$v":"Utwórz nowy kontakt"},{"$i":"sending","$v":"Czekaj..."},{"$i":"video-call","$v":"Połączenie wideo"},{"$i":"rtt-call","$v":"Połączenie RTT"},{"$i":"callAirplaneModeTitle","$v":"Włączono tryb samolotowy"},{"$i":"callAirplaneModeMessage","$v":"Aby móc wykonać połączenie, musisz wyłączyć tryb samolotowy w ustawieniach."},{"$i":"emergencyDialogTitle","$v":"Brak połączenia z siecią"},{"$i":"emergencyDialogBodyBadNumber","$v":"Aby możliwe było wykonywanie połączeń, telefon musi być połączony z siecią."},{"$i":"emergencyDialogBodyDeviceNotAccepted","$v":"Sieć nie zezwala na połączenia alarmowe."},{"$i":"invalidNumberToDialTitle","$v":"Nieprawidłowy numer telefonu"},{"$i":"invalidNumberToDialMessage","$v":"Wybrany numer telefonu nie jest prawidłowy."},{"$i":"emergency-call-only","$v":"Tylko połączenia alarmowe"},{"$i":"emergency-call-error","$v":[{"t":"idOrVar","v":"number"}," nie jest numerem alarmowym."]},{"$i":"numberIsBusyTitle","$v":"Numer jest zajęty"},{"$i":"numberIsBusyMessage","$v":"Numer jest aktualnie zajęty. Spróbuj ponownie później."},{"$i":"fdnIsActiveTitle","$v":"Usługa FDN jest włączona"},{"$i":"fdnIsActiveMessage","$v":["Usługa FDN (ustalone numery) jest włączona, a następujący numer nie znajduje się na liście FDN: ",{"t":"idOrVar","v":"number"}]},{"$i":"otherConnectionInUseTitle","$v":"Inne łącze w użyciu"},{"$i":"otherConnectionInUseMessage","$v":"Masz aktywne połączenie na innym łączu. Nie możesz używać więcej niż jednego łącza."},{"$i":"GenericFailure","$v":"Błąd ogólny"},{"$i":"CallFailed","$v":"Błąd połączenia"},{"$i":"scCallBarring","$v":"Blokada połączeń"},{"$i":"scCallForwarding","$v":"Przekierowanie połączeń"},{"$i":"scClip","$v":"Identyfikator połączenia przychodzącego"},{"$i":"scClir","$v":"Identyfikator połączenia wychodzącego"},{"$i":"scPwd","$v":"Zmiana hasła"},{"$i":"scCallWaiting","$v":"Połączenia oczekujące"},{"$i":"scPin","$v":"Zmiana kodu PIN"},{"$i":"scPin2","$v":"Zmiana kodu PIN2"},{"$i":"scPuk","$v":"Odblokuj PIN"},{"$i":"scPuk2","$v":"Odblokuj PIN2"},{"$i":"scImei","$v":"IMEI"},{"$i":"scMeid","$v":"MEID"},{"$i":"scUssd","$v":"USSD"},{"$i":"deviceIsUnlocked","$v":"Urządzenie jest odblokowane"},{"$i":"simUnlockCodeAccepted","$v":"Kod odblokowujący kartę SIM został zaakceptowany"},{"$i":"simUnlockCodeFailed","$v":"Usunięcie blokady z karty SIM nieudane"},{"$i":"personal","$v":"Osobiste"},{"$i":"mobile","$v":"Komórkowy"},{"$i":"home","$v":"Dom"},{"$i":"work","$v":"Praca"},{"$i":"fax-home","$v":"Faks domowy"},{"$i":"fax-office","$v":"Faks służbowy"},{"$i":"fax-other","$v":"Inny faks"},{"$i":"noSimCard","$v":"Brak karty SIM"},{"$i":"noService","$v":"Brak usługi"},{"$i":"lockedSim","$v":"Karta SIM została zablokowana"},{"$i":"airplaneMode","$v":"Tryb samolotowy"},{"$i":"wifi-calling","$v":"Rozmowy Wi-Fi"},{"$i":"homescreen-settings","$v":"Ustawienia ekranu głównego"},{"$i":"change-wallpaper","$v":"Zmień tapetę"},{"$i":"add-smart-collections","$v":"Dodaj inteligentne kolekcje"},{"$i":"edit-mode","$v":"Edytuj"},{"$i":"edit-done","$v":"Gotowe"},{"$i":"tutorial-for-side-menu-1","$v":["Naciśnij przycisk ",{"t":"idOrVar","v":"left"},", aby uzyskać dostęp do aplikacji po lewej stronie."]},{"$i":"tutorial-for-instant-settings-1","$v":["Naciśnij przycisk ",{"t":"idOrVar","v":"up"},", aby uzyskać dostęp do najczęściej używanych ustawień."]},{"$i":"tutorial-for-notices","$v":"Naciśnij PRAWY przycisk, aby wyświetlić nowe powiadomienia."},{"$i":"tutorial-for-google-assistant-1","$v":["Naciśnij i przytrzymaj ",{"t":"idOrVar","v":"microphone"},", aby mówić."]},{"$i":"tutorial-for-voice-input-1","$v":["Naciśnij i przytrzymaj ",{"t":"idOrVar","v":"microphone"},", aby wypowiedzieć treść, która pojawi się w polu tekstowym."]},{"$i":"tutorial-for-find-kaistore-2","$v":"Znajdź aplikację KaiStore na pierwszej stronie menu aplikacji."},{"$i":"tutorial-for-left","$v":"W LEWO"},{"$i":"tutorial-for-up","$v":"DO GÓRY"},{"$i":"stop-download-title","$v":["Zatrzymaj ",{"t":"idOrVar","v":"name"}]},{"$i":"stop-download-body","$v":"Czy chcesz zatrzymać trwające pobieranie?"},{"$i":"stop-download-action","$v":"Zakończ"},{"$i":"resume-download-title","$v":"Ponownie rozpocznij pobieranie"},{"$i":"resume-download-body","$v":["Czy chcesz pobrać ",{"t":"idOrVar","v":"name"},"?"]},{"$i":"resume-download-action","$v":"Pobierz"},{"$i":"edit-group-header","$v":"Edytuj grupę"},{"$i":"gaia-shortcut-app-updated","$v":"Zaktualizowano aplikację"},{"$i":"clocks-updated","$v":"Zaktualizowano zegary"},{"$i":"longDateFormat","$v":"%A, %B %e"},{"$i":"app-title","$v":"Moje aplikacje"},{"$i":"app-uninstall","$v":["Odinstalowano ",{"t":"idOrVar","v":"name"}]},{"$i":"confirmation","$v":"Potwierdzenie"},{"$i":"clockDateFormat","$v":"%a, %e %b"},{"$i":"apn-sim1","$v":"Resetowanie ustawień APN – SIM1"},{"$i":"apn-sim2","$v":"Resetowanie ustawień APN – SIM2"},{"$i":"apnDefaultConfig","$v":"APN Default Config"},{"$i":"apn-defaultconfig-message","$v":"Ustaw używany typ apn"},{"$i":"apnConfigPostpay","$v":"Postpay APN"},{"$i":"apnConfigPrepay","$v":"Prepay APN"},{"$i":"offline-toaster-message","$v":"Telefon jest w trybie offline."},{"$i":"dialog-title-new-card","$v":"Nowa karta"},{"$i":"dialog-text-new-card-show","$v":"Otrzymano nową kartę: Wyszukaj w Internecie."},{"$i":"not-connect-internet-text","$v":"Brak połączenia z Internetem. Połączyć z Internetem?"},{"$i":"not-connect-internet-up-button","$v":"Włącz dane komórkowe"},{"$i":"not-connect-internet-down-button","$v":"Czym są dane komórkowe"},{"$i":"not-data-plan-text","$v":"Wygląda na to, że nie posiadasz planu danych do połączenia z Internetem. Oto dostępne opcje."},{"$i":"not-data-plan-down-button","$v":"Użyj Wi-Fi"},{"$i":"connect-internet-title","$v":"Połączono"},{"$i":"connect-internet-text","$v":"Sprawdź aplikacje takie jak Sklep, Wiadomości, Pogoda i przeglądarka internetowa."},{"$i":"utilities","$v":"Media"},{"$i":"games","$v":"Gry"},{"$i":"toast-app-downloaded-to-folder","$v":["Aplikacja ",{"t":"idOrVar","v":"appName"}," została pobrana do folderu ",{"t":"idOrVar","v":"folderName"},"."]},{"$i":"toast-need-update-app","$v":"Zaktualizuj aplikację do najnowszej wersji, aby móc korzystać z aplikacji JioStore."},{"$i":"notices-reminder-header","$v":"Przypomnienie"},{"$i":"notices-reminder-content","$v":"Masz nieprzeczytane powiadomienia. Sprawdź, czy nie przegapiłeś czegoś ważnego."},{"$i":"instant-settings","$v":"instant settings"},{"$i":"flashlight","$v":"Flashlight"},{"$i":"brightness","$v":"Brightness"},{"$i":"volume","$v":"Volume"},{"$i":"camera","$v":"Aparat"},{"$i":"calculator","$v":"Calculator"},{"$i":"airplane-mode","$v":"Airplane Mode"},{"$i":"wifi","$v":"Wi-Fi"},{"$i":"bluetooth","$v":"Bluetooth"},{"$i":"cellular-data","$v":"Cellular Data"},{"$i":"on","$v":"On"},{"$i":"off","$v":"Off"},{"$i":"percentage-number","$v":[{"t":"idOrVar","v":"number"},"%"]},{"$i":"eccOnly","$v":"Tylko połączenia alarmowe"},{"$i":"emergencyCallsOnly","$v":"Tylko połączenia alarmowe"},{"$i":"searching","$v":"Wyszukiwanie"},{"$i":"nocard-eccOnly","$v":"Brak karty SIM - tylko połączenia alarmowe"},{"$i":"unusablecard-eccOnly","$v":"Karta SIM bez możliwości użycia - tylko połączenia alarmowe"},{"$i":"nocard-noservice","$v":"Brak karty SIM-Brak usługi"},{"$i":"sim-with-index-and-carrier","$v":["SIM ",{"t":"idOrVar","v":"index"}," - ",{"t":"idOrVar","v":"carrier"}]},{"$i":"sim-without-carrier","$v":["SIM ",{"t":"idOrVar","v":"index"}]},{"$i":"call-forwarding-async","$v":["Asynchr.: ",{"t":"idOrVar","v":"async"}]},{"$i":"call-forwarding-data","$v":["Dane: ",{"t":"idOrVar","v":"data"}]},{"$i":"call-forwarding-error","$v":"Podczas pobierania stanu przekierowania połączeń wystąpił błąd"},{"$i":"call-forwarding-fax","$v":["FAKS: ",{"t":"idOrVar","v":"fax"}]},{"$i":"call-forwarding-inactive","$v":"Nieaktywne"},{"$i":"call-forwarding-packet","$v":["Pakiet: ",{"t":"idOrVar","v":"packet"}]},{"$i":"call-forwarding-pad","$v":["PAD: ",{"t":"idOrVar","v":"pad"}]},{"$i":"call-forwarding-sms","$v":["SMS: ",{"t":"idOrVar","v":"sms"}]},{"$i":"call-forwarding-status","$v":"Status przekierowania połączeń"},{"$i":"call-forwarding-sync","$v":["Synchr.: ",{"t":"idOrVar","v":"sync"}]},{"$i":"call-forwarding-voice","$v":["Głos: ",{"t":"idOrVar","v":"voice"}]},{"$i":"call-forwarding-voice-after-seconds","$v":["Głos: ",{"t":"idOrVar","v":"voice"}," po upływie ",{"t":"idOrVar","v":"timeSeconds"}," sekund"]},{"$i":"call-forwarding-reason","$v":["Reason: ",{"t":"idOrVar","v":"reason"}]},{"$i":"serviceClassVoice","$v":"Głos"},{"$i":"serviceClassData","$v":"Dane"},{"$i":"serviceClassFax","$v":"FAKS"},{"$i":"serviceClassSms","$v":"SMS"},{"$i":"serviceClassDataSync","$v":"Synchr."},{"$i":"serviceClassDataAsync","$v":"Asynchr."},{"$i":"serviceClassPacket","$v":"Pakiet"},{"$i":"serviceClassPad","$v":"PAD"},{"$i":"smServiceEnabled","$v":"Usługa została włączona"},{"$i":"smServiceDisabled","$v":"Usługa została wyłączona"},{"$i":"smServiceRegistered","$v":"Rejestracja zakończona powodzeniem"},{"$i":"smServiceErased","$v":"Kasowanie zakończone powodzeniem"},{"$i":"smServiceInterrogated","$v":"Żądanie zakończone powodzeniem"},{"$i":"smServiceNotProvisioned","$v":"Usługa nie jest dostarczana"},{"$i":"smClirPermanent","$v":"Nie możesz zmienić ustawienia identyfikatora rozmówcy"},{"$i":"smClirDefaultOnNextCallOn","$v":"Identyfikator rozmówcy ustawiony jest domyślnie na „zastrzeżony”. Następne połączenie: zastrzeżony"},{"$i":"smClirDefaultOnNextCallOff","$v":"Identyfikator rozmówcy ustawiony jest domyślnie na „zastrzeżony”. Następne połączenie: nie zastrzeżony"},{"$i":"smClirDefaultOffNextCallOn","$v":"Identyfikator rozmówcy ustawiony jest domyślnie na „nie zastrzeżony”. Następne połączenie: zastrzeżony"},{"$i":"smClirDefaultOffNextCallOff","$v":"Identyfikator rozmówcy ustawiony jest domyślnie na „nie zastrzeżony”. Następne połączenie: nie zastrzeżony"},{"$i":"smServiceEnabledFor","$v":"Usługa została włączona dla:"},{"$i":"smPinChanged","$v":"Pomyślnie zmieniono PIN"},{"$i":"smPinUnblocked","$v":"Pomyślnie odblokowano PIN"},{"$i":"smPin2Changed","$v":"Pomyślnie zmieniono PIN2"},{"$i":"smPin2Unblocked","$v":"Pomyślnie odblokowano PIN2"},{"$i":"ServiceIsEnabled","$v":"Usługa włączona"},{"$i":"ServiceIsDisabled","$v":"Usługa wyłączona"},{"$i":"ServiceIsEnabledFor","$v":"Usługa jest włączona dla:"},{"$i":"emMmiError","$v":"Problem z połączeniem lub nieprawidłowy kod MMI"},{"$i":"emMmiErrorPasswordIncorrect","$v":"Nieprawidłowe hasło"},{"$i":"emMmiErrorNotSupported","$v":"Nieprawidłowy lub nieobsługiwany kod MMI"},{"$i":"emMmiErrorInvalidAction","$v":"Nieprawidłowa czynność"},{"$i":"emMmiErrorInvalidScCode","$v":"Nieprawidłowy kod usługi"},{"$i":"emMmiErrorBadPuk","$v":"Wpisany PUK jest nieprawidłowy"},{"$i":"emMmiErrorBadPin","$v":"Wpisany stary PIN jest nieprawidłowy."},{"$i":"emMmiErrorNeedPuk2","$v":"Wprowadź kod PUK2, aby odblokować kartę SIM"},{"$i":"emMmiErrorMismatchPin","$v":"Wprowadzone kody PIN nie są zgodne"},{"$i":"emMmiErrorInvalidPin","$v":"Wpisz PIN składający się z od 4 do 8 cyfr"},{"$i":"emMmiErrorNeedsPuk","$v":"Karta SIM jest zablokowana kodem PUK"},{"$i":"emMmiErrorEnablePin","$v":"Niepowodzenie. Włącz blokadę SIM/RUIM"},{"$i":"emMmiErrorMmiFdn","$v":"Tę operację można wykonać wyłącznie w przypadku ustalonych numerów"},{"$i":"emMmiErrorStkCcUssdDial","$v":"Żądanie USSD zostało zmienione na żądanie DIAL"},{"$i":"emMmiErrorStkCcUssdSs","$v":"Żądanie USSD zostało zmienione na żądanie SS"},{"$i":"emMmiErrorStkCcUssdUssd","$v":"Żądanie USSD zostało zmienione na nowe żądanie USSD"},{"$i":"emMmiErrorStkCcSsDial","$v":"Żądanie SS zostało zmienione na żądanie DIAL"},{"$i":"emMmiErrorStkCcSsUssd","$v":"Żądanie SS zostało zmienione na żądanie USSD"},{"$i":"emMmiErrorStkCcSsSs","$v":"Żądanie SS zostało zmienione na nowe żądanie SS"},{"$i":"emMmiErrorPinPukAttempts","$v":{"few":["Pozostało prób: ",{"t":"idOrVar","v":"n"}],"many":["Pozostało prób: ",{"t":"idOrVar","v":"n"}],"one":["Pozostała tylko ",{"t":"idOrVar","v":"n"}," próba"],"other":["Pozostało prób: ",{"t":"idOrVar","v":"n"}],"two":["Pozostało prób: ",{"t":"idOrVar","v":"n"}]},"$x":[{"t":"idOrVar","v":"plural"},"n"]},{"$i":"emMmiErrorSimBlocked","$v":"Przekroczono maksymalną liczbę prób. Karta SIM jest zablokowana"},{"$i":"RadioNotAvailable","$v":"Radio not available"},{"$i":"PasswordIncorrect","$v":"Nieprawidłowe hasło"},{"$i":"SimPin2","$v":"Kod PIN2 karty SIM"},{"$i":"SimPuk2","$v":"Kod PUK2 karty SIM"},{"$i":"RequestNotSupported","$v":"Nieobsługiwane żądanie"},{"$i":"OpNotAllowedDuringVoiceCall","$v":"Ta operacja nie jest dozwolona podczas połączenia głosowego"},{"$i":"SmsSendFailRetry","$v":"Błąd wysyłania SMS, ponowna próba"},{"$i":"SimAbsent","$v":"Brak karty SIM"},{"$i":"SubscriptionNotAvailable","$v":"Subskrypcja niedostępna"},{"$i":"ModeNotSupported","$v":"Tryb nie jest obsługiwany"},{"$i":"FdnCheckFailure","$v":"Błąd kontroli FDN"},{"$i":"IllegalSimOrMe","$v":"Niedozwolone SIM lub ME"},{"$i":"DialModifiedToUssd","$v":"DIAL zostało zmodyfikowane na USSD"},{"$i":"DialModifiedToSs","$v":"DIAL zostało zmodyfikowane na SS"},{"$i":"DialModifiedToDial","$v":"DIAL zostało zmodyfikowane na DIAL"},{"$i":"UssdModifiedToDial","$v":"USSD zostało zmodyfikowane na DIAL"},{"$i":"UssdModifiedToSs","$v":"USSD zostało zmodyfikowane na SS"},{"$i":"UssdModifiedToUssd","$v":"USSD zostało zmodyfikowane na USSD"},{"$i":"SsModifiedToDial","$v":"SS zostało zmodyfikowane na DIAL"},{"$i":"SsModifiedToUssd","$v":"SS zostało zmodyfikowane na USSD"},{"$i":"SsModifiedToSs","$v":"SS zostało zmodyfikowane na SS"},{"$i":"SubscriptionNotSupported","$v":"Subskrypcja nieobsługiwana"},{"$i":"InvalidParameter","$v":"Nieprawidłowy parametr"},{"$i":"RejectedByRemote","$v":"Odrzucono zdalnie"},{"$i":"GetEmptyUssdPrompt","$v":"Otrzymano odpowiedź o wartości zerowej."},{"$i":"LimitBlockNumber","$v":"Numer jest zablokowany. Możesz poprosić rodziców o przydzielenie uprawnień."},{"$i":"IncorrectPassword","$v":"Nieprawidłowe hasło."},{"$i":"Cancelled","$v":"Anulowano."},{"$i":"OpNotAllowedBeforeRegToNw","$v":"Operacja dozwolona po zarejestrowaniu w sieci"},{"$i":"MissingResource","$v":"Brakujący zasób."},{"$i":"UnspecifiedError","$v":"Nieokreślony błąd."},{"$i":"label","$v":"Etykieta"},{"$i":"faxHome","$v":"Faks domowy"},{"$i":"faxOffice","$v":"Faks służbowy"},{"$i":"faxOther","$v":"Inny faks"},{"$i":"another","$v":"Inny"},{"$i":"other","$v":"Inny"},{"$i":"customTag","$v":"Niestandardowe oznaczenie","placeholder":"Niestandardowe oznaczenie"},{"$i":"current","$v":"Bieżący"},{"$i":"itemWithLabel","$v":[{"t":"idOrVar","v":"label"},", ",{"t":"idOrVar","v":"item"}]},{"$i":"weekday-0-long","$v":"Niedziela"},{"$i":"weekday-1-long","$v":"Poniedziałek"},{"$i":"weekday-2-long","$v":"Wtorek"},{"$i":"weekday-3-long","$v":"Środa"},{"$i":"weekday-4-long","$v":"Czwartek"},{"$i":"weekday-5-long","$v":"Piątek"},{"$i":"weekday-6-long","$v":"Sobota"},{"$i":"weekday-0-short","$v":"Nd"},{"$i":"weekday-1-short","$v":"Pn"},{"$i":"weekday-2-short","$v":"Wt"},{"$i":"weekday-3-short","$v":"Śr"},{"$i":"weekday-4-short","$v":"Czw"},{"$i":"weekday-5-short","$v":"Pt"},{"$i":"weekday-6-short","$v":"Sob"},{"$i":"month-0-long","$v":"Styczeń"},{"$i":"month-1-long","$v":"Luty"},{"$i":"month-2-long","$v":"Marzec"},{"$i":"month-3-long","$v":"Kwiecień"},{"$i":"month-4-long","$v":"Maj"},{"$i":"month-5-long","$v":"Czerwiec"},{"$i":"month-6-long","$v":"Lipiec"},{"$i":"month-7-long","$v":"Sierpień"},{"$i":"month-8-long","$v":"Wrzesień"},{"$i":"month-9-long","$v":"Październik"},{"$i":"month-10-long","$v":"Listopad"},{"$i":"month-11-long","$v":"Grudzień"},{"$i":"month-0-genitive","$v":"Styczeń"},{"$i":"month-1-genitive","$v":"Luty"},{"$i":"month-2-genitive","$v":"Marzec"},{"$i":"month-3-genitive","$v":"Kwiecień"},{"$i":"month-4-genitive","$v":"Maj"},{"$i":"month-5-genitive","$v":"Czerwiec"},{"$i":"month-6-genitive","$v":"Lipiec"},{"$i":"month-7-genitive","$v":"Sierpień"},{"$i":"month-8-genitive","$v":"Wrzesień"},{"$i":"month-9-genitive","$v":"Październik"},{"$i":"month-10-genitive","$v":"Listopad"},{"$i":"month-11-genitive","$v":"Grudzień"},{"$i":"month-0-short","$v":"Sty"},{"$i":"month-1-short","$v":"Lut"},{"$i":"month-2-short","$v":"Mar"},{"$i":"month-3-short","$v":"Kwi"},{"$i":"month-4-short","$v":"Maj"},{"$i":"month-5-short","$v":"Cze"},{"$i":"month-6-short","$v":"Lip"},{"$i":"month-7-short","$v":"Sie"},{"$i":"month-8-short","$v":"Wrz"},{"$i":"month-9-short","$v":"Paź"},{"$i":"month-10-short","$v":"Lis"},{"$i":"month-11-short","$v":"Gru"},{"$i":"minutes-ago-long","$v":{"few":[{"t":"idOrVar","v":"value"}," minut(y) temu"],"many":[{"t":"idOrVar","v":"value"}," minut(y) temu"],"other":[{"t":"idOrVar","v":"value"}," minut"],"two":[{"t":"idOrVar","v":"value"}," minut(y) temu"],"one":"minutę temu","zero":"Przed chwilą"},"$x":[{"t":"idOrVar","v":"plural"},"value"]},{"$i":"hours-ago-long","$v":{"few":[{"t":"idOrVar","v":"value"}," godzin(y) temu"],"many":[{"t":"idOrVar","v":"value"}," godzin(y) temu"],"other":[{"t":"idOrVar","v":"value"}," godzin(y) temu"],"two":[{"t":"idOrVar","v":"value"}," godzin(y) temu"],"one":"godzinę temu","zero":"Przed chwilą"},"$x":[{"t":"idOrVar","v":"plural"},"value"]},{"$i":"days-ago-long","$v":{"few":[{"t":"idOrVar","v":"value"}," dni temu"],"many":[{"t":"idOrVar","v":"value"}," dni temu"],"one":"wczoraj","other":[{"t":"idOrVar","v":"value"}," dni temu"],"two":[{"t":"idOrVar","v":"value"}," dni temu"],"zero":"dzisiaj"},"$x":[{"t":"idOrVar","v":"plural"},"value"]},{"$i":"weeks-ago-long","$v":{"few":[{"t":"idOrVar","v":"value"}," tygodni(e) temu"],"many":[{"t":"idOrVar","v":"value"}," tygodni(e) temu"],"one":"w zeszłym tygodniu","other":[{"t":"idOrVar","v":"value"}," tygodni(e) temu"],"two":[{"t":"idOrVar","v":"value"}," tygodni(e) temu"],"zero":"w tym tygodniu"},"$x":[{"t":"idOrVar","v":"plural"},"value"]},{"$i":"months-ago-long","$v":{"few":[{"t":"idOrVar","v":"value"}," miesiące/miesięcy temu"],"many":[{"t":"idOrVar","v":"value"}," miesiące/miesięcy temu"],"one":"w zeszłym miesiącu","other":[{"t":"idOrVar","v":"value"}," miesiące/miesięcy temu"],"two":[{"t":"idOrVar","v":"value"}," miesiące/miesięcy temu"],"zero":"w tym miesiącu"},"$x":[{"t":"idOrVar","v":"plural"},"value"]},{"$i":"years-ago-long","$v":{"few":[{"t":"idOrVar","v":"value"}," lat(a) temu"],"many":[{"t":"idOrVar","v":"value"}," lat(a) temu"],"one":"w zeszłym roku","other":[{"t":"idOrVar","v":"value"}," lat(a) temu"],"two":[{"t":"idOrVar","v":"value"}," lat(a) temu"],"zero":"w tym roku"},"$x":[{"t":"idOrVar","v":"plural"},"value"]},{"$i":"minutes-until-long","$v":{"few":["za ",{"t":"idOrVar","v":"value"}," minut(y)"],"many":["za ",{"t":"idOrVar","v":"value"}," minut(y)"],"other":["za ",{"t":"idOrVar","v":"value"}," minut"],"two":["za ",{"t":"idOrVar","v":"value"}," minut(y)"],"zero":"teraz","one":"za minutę"},"$x":[{"t":"idOrVar","v":"plural"},"value"]},{"$i":"hours-until-long","$v":{"few":["za ",{"t":"idOrVar","v":"value"}," godzin(y)"],"many":["za ",{"t":"idOrVar","v":"value"}," godzin(y)"],"other":["za ",{"t":"idOrVar","v":"value"}," godzin"],"two":["za ",{"t":"idOrVar","v":"value"}," godzin(y)"],"zero":"teraz","one":"za godzinę"},"$x":[{"t":"idOrVar","v":"plural"},"value"]},{"$i":"days-until-long","$v":{"few":["za ",{"t":"idOrVar","v":"value"}," dni"],"many":["za ",{"t":"idOrVar","v":"value"}," dni"],"one":"jutro","other":["za ",{"t":"idOrVar","v":"value"}," dni"],"two":["za ",{"t":"idOrVar","v":"value"}," dni"],"zero":"dzisiaj"},"$x":[{"t":"idOrVar","v":"plural"},"value"]},{"$i":"weeks-until-long","$v":{"few":["za ",{"t":"idOrVar","v":"value"}," tygodni(e)"],"many":["za ",{"t":"idOrVar","v":"value"}," tygodni(e)"],"one":"w następnym tygodniu","other":["za ",{"t":"idOrVar","v":"value"}," tygodni(e)"],"two":["za ",{"t":"idOrVar","v":"value"}," tygodni(e)"],"zero":"w tym tygodniu"},"$x":[{"t":"idOrVar","v":"plural"},"value"]},{"$i":"months-until-long","$v":{"few":["za ",{"t":"idOrVar","v":"value"}," miesiące/miesięcy"],"many":["za ",{"t":"idOrVar","v":"value"}," miesiące/miesięcy"],"one":"w następnym miesiącu","other":["za ",{"t":"idOrVar","v":"value"}," miesiące/miesięcy"],"two":["za ",{"t":"idOrVar","v":"value"}," miesiące/miesięcy"],"zero":"w tym miesiącu"},"$x":[{"t":"idOrVar","v":"plural"},"value"]},{"$i":"years-until-long","$v":{"few":["za ",{"t":"idOrVar","v":"value"}," lat(a)"],"many":["za ",{"t":"idOrVar","v":"value"}," lat(a)"],"one":"w następnym roku","other":["za ",{"t":"idOrVar","v":"value"}," lat(a)"],"two":["za ",{"t":"idOrVar","v":"value"}," lat(a)"],"zero":"w tym roku"},"$x":[{"t":"idOrVar","v":"plural"},"value"]},{"$i":"minutes-ago-short","$v":{"other":[{"t":"idOrVar","v":"value"}," m temu"],"zero":"Przed chwilą"},"$x":[{"t":"idOrVar","v":"plural"},"value"]},{"$i":"hours-ago-short","$v":{"other":[{"t":"idOrVar","v":"value"}," g temu"],"zero":"Przed chwilą"},"$x":[{"t":"idOrVar","v":"plural"},"value"]},{"$i":"days-ago-short","$v":{"other":[{"t":"idOrVar","v":"value"}," d temu"],"zero":"dzisiaj"},"$x":[{"t":"idOrVar","v":"plural"},"value"]},{"$i":"minutes-until-short","$v":{"other":["za ",{"t":"idOrVar","v":"value"}," m"],"zero":"teraz"},"$x":[{"t":"idOrVar","v":"plural"},"value"]},{"$i":"hours-until-short","$v":{"other":["za ",{"t":"idOrVar","v":"value"}," g"],"zero":"teraz"},"$x":[{"t":"idOrVar","v":"plural"},"value"]},{"$i":"days-until-short","$v":{"other":["za ",{"t":"idOrVar","v":"value"}," d"],"zero":"dzisiaj"},"$x":[{"t":"idOrVar","v":"plural"},"value"]},{"$i":"incorrectDate","$v":"(nieprawidłowa data)"},{"$i":"dateTimeFormat_%c","$v":"%a %b %e %Y %I:%M:%S %p"},{"$i":"dateTimeFormat_%x","$v":"%m/%d/%Y"},{"$i":"dateTimeFormat_%X","$v":"%I:%M:%S %p"},{"$i":"shortTimeFormat","$v":"%I:%M %p"},{"$i":"shortTimeFormat12","$v":"%I:%M %p"},{"$i":"shortTimeFormat24","$v":"%H:%M"},{"$i":"shortDateTimeFormat","$v":"%x %I:%M %p"},{"$i":"weekStartsOnMonday","$v":"0.0"},{"$i":"firstDayOfTheWeek","$v":"1.0"},{"$i":"time_am","$v":"AM"},{"$i":"time_pm","$v":"PM"}]