[{"$i":"search-or-enter-address","placeholder":"Pesquisar ou digitar endereço"},{"$i":"delete-title","$v":["Excluir ",{"t":"idOrVar","v":"name"}]},{"$i":"delete-body","$v":[{"t":"idOrVar","v":"name"}," e todos os seus dados serão excluídos."]},{"$i":"delete","$v":"Excluir"},{"$i":"cancel","$v":"Cancelar"},{"$i":"apps","$v":"Aplicativos"},{"$i":"menu","$v":"Menu"},{"$i":"notifications","$v":"Avisos"},{"$i":"speed-dial","$v":"Discagem rápida"},{"$i":"select","$v":"Selecionar"},{"$i":"move","$v":"Mover"},{"$i":"ok","$v":"OK"},{"$i":"set","$v":"Definir"},{"$i":"edit","$v":"Editar"},{"$i":"call","$v":"Chamada"},{"$i":"message","$v":"Mensagem"},{"$i":"options","$v":"Opções"},{"$i":"assign","$v":"Designar"},{"$i":"remove","$v":"Remover"},{"$i":"replace","$v":"Substituir"},{"$i":"more","$v":"Mais"},{"$i":"settings","$v":"Configurações"},{"$i":"contacts","$v":"Contatos"},{"$i":"list-view","$v":"Exibição de lista"},{"$i":"grid-view","$v":"Exibição em grade"},{"$i":"single-view","$v":"Modo de exibição único"},{"$i":"skip","$v":"Ignorar"},{"$i":"shortcuts","$v":"Atalhos"},{"$i":"next","$v":"Avançar"},{"$i":"back","$v":"Voltar"},{"$i":"memory-cleaner","$v":"Limpador de memória"},{"$i":"open","$v":"OPEN"},{"$i":"voicemail","$v":"Correio de voz"},{"$i":"speed-dial-not-empty","ariaLabel":[{"t":"idOrVar","v":"order"},", ",{"t":"idOrVar","v":"name"}]},{"$i":"speed-dial-empty","ariaLabel":[{"t":"idOrVar","v":"order"},", vazio"]},{"$i":"remove-speed-dial","$v":["Tem certeza de que deseja remover ",{"t":"idOrVar","v":"name"}," da discagem rápida?"]},{"$i":"replace-speed-dial","$v":["Tem certeza de que deseja substituir ",{"t":"idOrVar","v":"name"}," por ",{"t":"idOrVar","v":"subName"},"?"]},{"$i":"assign-speed-dial","$v":["O contato não foi adicionado como discagem rápida no botão ",{"t":"idOrVar","v":"n"},". Designar agora?"]},{"$i":"assign-voicemail","$v":"O número de correio de voz não foi definido."},{"$i":"alert-for-contacts-without-number","$v":"Não há contatos com número de telefone disponíveis."},{"$i":"option-remove","$v":"Remover da discagem rápida"},{"$i":"option-replace","$v":"Substituir"},{"$i":"all-apps","$v":"Todos os aplicativos"},{"$i":"uninstall","$v":"Desinstalar"},{"$i":"confirm-to-uninstall-app","$v":["Desinstalar o aplicativo ",{"t":"idOrVar","v":"appName"},"?"]},{"$i":"confirm-to-unpin-bookmark","$v":"Desafixar o site?"},{"$i":"unpin","$v":"Desanexar"},{"$i":"rename","$v":"Renomear"},{"$i":"title","$v":"Título"},{"$i":"add-to-existing-contact","$v":"Adicionar a contato existente"},{"$i":"create-new-contact","$v":"Criar novo contato"},{"$i":"sending","$v":"Aguarde…"},{"$i":"video-call","$v":"Chamada de vídeo"},{"$i":"rtt-call","$v":"Chamada RTT"},{"$i":"callAirplaneModeTitle","$v":"Modo avião ativado"},{"$i":"callAirplaneModeMessage","$v":"Para fazer uma chamada, você precisa desativar o modo avião em Configurações."},{"$i":"emergencyDialogTitle","$v":"Sem conexão de rede"},{"$i":"emergencyDialogBodyBadNumber","$v":"Para fazer uma chamada, o telefone deve estar conectado a uma rede."},{"$i":"emergencyDialogBodyDeviceNotAccepted","$v":"Não são permitidas chamadas de emergência pela rede."},{"$i":"invalidNumberToDialTitle","$v":"N.º de telefone inválido"},{"$i":"invalidNumberToDialMessage","$v":"O número de telefone que você está chamando não é válido."},{"$i":"emergency-call-only","$v":"Apenas chamadas de emergência"},{"$i":"emergency-call-error","$v":[{"t":"idOrVar","v":"number"}," não é um número de emergência."]},{"$i":"numberIsBusyTitle","$v":"O número está ocupado"},{"$i":"numberIsBusyMessage","$v":"O número está ocupado no momento. Tente novamente mais tarde."},{"$i":"fdnIsActiveTitle","$v":"FDN ativo"},{"$i":"fdnIsActiveMessage","$v":["FDN (números de discagem fixa) está ativado e o número a seguir não está em sua lista de FDN: ",{"t":"idOrVar","v":"number"}]},{"$i":"otherConnectionInUseTitle","$v":"Outra conexão em uso"},{"$i":"otherConnectionInUseMessage","$v":"Você tem uma chamada ativa em outra conexão. Você só pode usar uma conexão por vez."},{"$i":"GenericFailure","$v":"Falha genérica"},{"$i":"CallFailed","$v":"Falha na chamada"},{"$i":"scCallBarring","$v":"Bloqueio de chamadas"},{"$i":"scCallForwarding","$v":"Encaminhamento de chamadas"},{"$i":"scClip","$v":"ID do originador da chamada recebida"},{"$i":"scClir","$v":"ID do originador"},{"$i":"scPwd","$v":"Alteração da senha"},{"$i":"scCallWaiting","$v":"Chamada em espera"},{"$i":"scPin","$v":"Alteração de PIN"},{"$i":"scPin2","$v":"Alteração de PIN2"},{"$i":"scPuk","$v":"Desbloquear PIN"},{"$i":"scPuk2","$v":"Desbloquear PIN2"},{"$i":"scImei","$v":"IMEI"},{"$i":"scMeid","$v":"MEID"},{"$i":"scUssd","$v":"USSD"},{"$i":"deviceIsUnlocked","$v":"Dispositivo desbloqueado"},{"$i":"simUnlockCodeAccepted","$v":"Código de desbloqueio do SIM aceito"},{"$i":"simUnlockCodeFailed","$v":"Desbloqueio do SIM sem sucesso."},{"$i":"personal","$v":"Pessoal"},{"$i":"mobile","$v":"Mobile"},{"$i":"home","$v":"Casa"},{"$i":"work","$v":"Trabalho"},{"$i":"fax-home","$v":"Enviar fax para casa"},{"$i":"fax-office","$v":"Enviar fax para o escritório"},{"$i":"fax-other","$v":"Enviar fax para outro"},{"$i":"noSimCard","$v":"Sem SIM"},{"$i":"noService","$v":"Sem serviço"},{"$i":"lockedSim","$v":"SIM bloqueado"},{"$i":"airplaneMode","$v":"Modo avião"},{"$i":"wifi-calling","$v":"Chamadas Wi-Fi"},{"$i":"homescreen-settings","$v":"Configurações da tela inicial"},{"$i":"change-wallpaper","$v":"Alterar papel de parede"},{"$i":"add-smart-collections","$v":"Adicionar coleções inteligentes"},{"$i":"edit-mode","$v":"Editar"},{"$i":"edit-done","$v":"Concluído"},{"$i":"tutorial-for-side-menu-1","$v":["Pressione a tecla ",{"t":"idOrVar","v":"left"}," para acessar aplicativos à esquerda."]},{"$i":"tutorial-for-instant-settings-1","$v":["Pressione a tecla ",{"t":"idOrVar","v":"up"}," para as configurações usadas comumente."]},{"$i":"tutorial-for-notices","$v":"Pressione a tecla para a direita, para exibir avisos novos."},{"$i":"tutorial-for-google-assistant-1","$v":["Mantenha pressionado ",{"t":"idOrVar","v":"microphone"}," para falar."]},{"$i":"tutorial-for-voice-input-1","$v":["Mantenha pressionado ",{"t":"idOrVar","v":"microphone"}," para falar no campo de texto."]},{"$i":"tutorial-for-find-kaistore-2","$v":"Encontre o aplicativo KaiStore na primeira página do menu de aplicativos."},{"$i":"tutorial-for-left","$v":"ESQUERDA"},{"$i":"tutorial-for-up","$v":"CIMA"},{"$i":"stop-download-title","$v":["Interromper ",{"t":"idOrVar","v":"name"}]},{"$i":"stop-download-body","$v":"Deseja interromper o download em andamento?"},{"$i":"stop-download-action","$v":"Parar"},{"$i":"resume-download-title","$v":"Reiniciar download"},{"$i":"resume-download-body","$v":["Deseja baixar ",{"t":"idOrVar","v":"name"},"?"]},{"$i":"resume-download-action","$v":"Download"},{"$i":"edit-group-header","$v":"Editar grupo"},{"$i":"gaia-shortcut-app-updated","$v":"Aplicativo atualizado"},{"$i":"clocks-updated","$v":"Relógios atualizados"},{"$i":"longDateFormat","$v":"%A, %B %e"},{"$i":"app-title","$v":"Meus aplicativos"},{"$i":"app-uninstall","$v":[{"t":"idOrVar","v":"name"}," foi desinstalado"]},{"$i":"confirmation","$v":"Confirmação"},{"$i":"clockDateFormat","$v":"%a, %e %b"},{"$i":"apn-sim1","$v":"Configurações de APN – SIM1"},{"$i":"apn-sim2","$v":"Configurações de APN – SIM2"},{"$i":"apnDefaultConfig","$v":"APN Default Config"},{"$i":"apn-defaultconfig-message","$v":"Defina qual tipo de apn usar"},{"$i":"apnConfigPostpay","$v":"Postpay APN"},{"$i":"apnConfigPrepay","$v":"Prepay APN"},{"$i":"offline-toaster-message","$v":"O telefone está desligado."},{"$i":"dialog-title-new-card","$v":"Novo cartão"},{"$i":"dialog-text-new-card-show","$v":"Você recebeu um novo cartão: pesquise na Internet."},{"$i":"not-connect-internet-text","$v":"Você não possui uma conexão à Internet. Pretende se conectar à Internet agora?"},{"$i":"not-connect-internet-up-button","$v":"Ativar dados da rede celular"},{"$i":"not-connect-internet-down-button","$v":"O que são dados da rede celular"},{"$i":"not-data-plan-text","$v":"Parece que você não tem um plano de dados para se conectar à Internet. Estas são suas opções."},{"$i":"not-data-plan-down-button","$v":"Usar Wi-Fi"},{"$i":"connect-internet-title","$v":"Você está conectado"},{"$i":"connect-internet-text","$v":"Confira aplicativos como Store, News, Weather e o navegador de Internet."},{"$i":"utilities","$v":"Utilitários"},{"$i":"games","$v":"Jogos"},{"$i":"toast-app-downloaded-to-folder","$v":[{"t":"idOrVar","v":"appName"}," é baixado para a pasta ",{"t":"idOrVar","v":"folderName"},"."]},{"$i":"toast-need-update-app","$v":"Atualize o aplicativo para a versão mais recente para continuar no aplicativo JioStore."},{"$i":"notices-reminder-header","$v":"Lembrete"},{"$i":"notices-reminder-content","$v":"Você tem avisos não lidos. Verifique se você perdeu alguma coisa importante."},{"$i":"instant-settings","$v":"instant settings"},{"$i":"flashlight","$v":"Flashlight"},{"$i":"brightness","$v":"Brightness"},{"$i":"volume","$v":"Volume"},{"$i":"camera","$v":"Câmera"},{"$i":"calculator","$v":"Calculator"},{"$i":"airplane-mode","$v":"Airplane Mode"},{"$i":"wifi","$v":"Wi-Fi"},{"$i":"bluetooth","$v":"Bluetooth"},{"$i":"cellular-data","$v":"Cellular Data"},{"$i":"on","$v":"On"},{"$i":"off","$v":"Off"},{"$i":"percentage-number","$v":[{"t":"idOrVar","v":"number"},"%"]},{"$i":"eccOnly","$v":"Apenas chamadas de emergência"},{"$i":"emergencyCallsOnly","$v":"Apenas chamadas de emergência"},{"$i":"searching","$v":"Pesquisando"},{"$i":"nocard-eccOnly","$v":"Sem cartão SIM - apenas chamadas de emergência"},{"$i":"unusablecard-eccOnly","$v":"Cartão SIM inutilizável - apenas chamadas de emergência"},{"$i":"nocard-noservice","$v":"Sem SIM-Sem serviço"},{"$i":"sim-with-index-and-carrier","$v":["SIM ",{"t":"idOrVar","v":"index"}," - ",{"t":"idOrVar","v":"carrier"}]},{"$i":"sim-without-carrier","$v":["SIM ",{"t":"idOrVar","v":"index"}]},{"$i":"call-forwarding-async","$v":["Assíncrona: ",{"t":"idOrVar","v":"async"}]},{"$i":"call-forwarding-data","$v":["Dados: ",{"t":"idOrVar","v":"data"}]},{"$i":"call-forwarding-error","$v":"Ocorreu um erro ao recuperar o status de encaminhamento de chamadas"},{"$i":"call-forwarding-fax","$v":["FAX: ",{"t":"idOrVar","v":"fax"}]},{"$i":"call-forwarding-inactive","$v":"Inativo"},{"$i":"call-forwarding-packet","$v":["Pacote: ",{"t":"idOrVar","v":"packet"}]},{"$i":"call-forwarding-pad","$v":["PAD: ",{"t":"idOrVar","v":"pad"}]},{"$i":"call-forwarding-sms","$v":["SMS: ",{"t":"idOrVar","v":"sms"}]},{"$i":"call-forwarding-status","$v":"Estado de encaminhamento de chamadas"},{"$i":"call-forwarding-sync","$v":["Síncrono: ",{"t":"idOrVar","v":"sync"}]},{"$i":"call-forwarding-voice","$v":["Voz: ",{"t":"idOrVar","v":"voice"}]},{"$i":"call-forwarding-voice-after-seconds","$v":["Voz: ",{"t":"idOrVar","v":"voice"}," após ",{"t":"idOrVar","v":"timeSeconds"}," segundos"]},{"$i":"call-forwarding-reason","$v":["Reason: ",{"t":"idOrVar","v":"reason"}]},{"$i":"serviceClassVoice","$v":"Voz"},{"$i":"serviceClassData","$v":"Dados"},{"$i":"serviceClassFax","$v":"FAX"},{"$i":"serviceClassSms","$v":"SMS"},{"$i":"serviceClassDataSync","$v":"Síncrono"},{"$i":"serviceClassDataAsync","$v":"Assíncrono"},{"$i":"serviceClassPacket","$v":"Pacote"},{"$i":"serviceClassPad","$v":"PAD"},{"$i":"smServiceEnabled","$v":"O serviço foi ativado"},{"$i":"smServiceDisabled","$v":"O serviço foi desativado"},{"$i":"smServiceRegistered","$v":"Registro bem-sucedido"},{"$i":"smServiceErased","$v":"Exclusão bem-sucedida"},{"$i":"smServiceInterrogated","$v":"Solicitação bem-sucedida"},{"$i":"smServiceNotProvisioned","$v":"Serviço não fornecido"},{"$i":"smClirPermanent","$v":"Não é possível alterar a configuração do ID do originador"},{"$i":"smClirDefaultOnNextCallOn","$v":"O ID do originador assume o padrão de restrito. Próxima chamada: Restrita"},{"$i":"smClirDefaultOnNextCallOff","$v":"O ID do originador assume o padrão de restrito. Próxima chamada: Não restrita"},{"$i":"smClirDefaultOffNextCallOn","$v":"O ID do originador assume o padrão de não restrito. Próxima chamada: Restrita"},{"$i":"smClirDefaultOffNextCallOff","$v":"O ID do originador assume o padrão de não restrito. Próxima chamada: Não restrita"},{"$i":"smServiceEnabledFor","$v":"O serviço foi ativado para:"},{"$i":"smPinChanged","$v":"PIN alterado com sucesso"},{"$i":"smPinUnblocked","$v":"PIN desbloqueado com sucesso"},{"$i":"smPin2Changed","$v":"PIN2 alterado com sucesso"},{"$i":"smPin2Unblocked","$v":"PIN2 desbloqueado com sucesso"},{"$i":"ServiceIsEnabled","$v":"Serviço ativado"},{"$i":"ServiceIsDisabled","$v":"Serviço desativado"},{"$i":"ServiceIsEnabledFor","$v":"Serviço ativado para:"},{"$i":"emMmiError","$v":"Problema de conexão ou código MMI inválido"},{"$i":"emMmiErrorPasswordIncorrect","$v":"Senha incorreta"},{"$i":"emMmiErrorNotSupported","$v":"Código MMI inválido ou incompatível"},{"$i":"emMmiErrorInvalidAction","$v":"Ação inválida"},{"$i":"emMmiErrorInvalidScCode","$v":"Código de serviço inválido"},{"$i":"emMmiErrorBadPuk","$v":"O PUK digitado não está correto"},{"$i":"emMmiErrorBadPin","$v":"O PIN antigo digitado não está correto."},{"$i":"emMmiErrorNeedPuk2","$v":"Digitar PUK2 para desbloquear cartão SIM"},{"$i":"emMmiErrorMismatchPin","$v":"Os PINs digitados não correspondem"},{"$i":"emMmiErrorInvalidPin","$v":"Digitar um PIN com 4 a 8 números"},{"$i":"emMmiErrorNeedsPuk","$v":"Seu cartão SIM está bloqueado por um PUK"},{"$i":"emMmiErrorEnablePin","$v":"Sem sucesso. Ativar SIM/RUIM LOCK"},{"$i":"emMmiErrorMmiFdn","$v":"Operação restrita somente a números de discagem fixa"},{"$i":"emMmiErrorStkCcUssdDial","$v":"Solicitação USSD modificada para solicitação DIAL"},{"$i":"emMmiErrorStkCcUssdSs","$v":"Solicitação USSD modificada para solicitação SS"},{"$i":"emMmiErrorStkCcUssdUssd","$v":"Solicitação USSD modificada para nova solicitação USSD"},{"$i":"emMmiErrorStkCcSsDial","$v":"Solicitação SS modificada para solicitação DIAL"},{"$i":"emMmiErrorStkCcSsUssd","$v":"Solicitação SS modificada para solicitação USSD"},{"$i":"emMmiErrorStkCcSsSs","$v":"Solicitação SS modificada para nova solicitação SS"},{"$i":"emMmiErrorPinPukAttempts","$v":{"few":[{"t":"idOrVar","v":"n"}," tentativas restantes"],"many":[{"t":"idOrVar","v":"n"}," tentativas restantes"],"one":["Somente ",{"t":"idOrVar","v":"n"}," tentativas restantes"],"other":[{"t":"idOrVar","v":"n"}," tentativas restantes"],"two":[{"t":"idOrVar","v":"n"}," tentativas restantes"]},"$x":[{"t":"idOrVar","v":"plural"},"n"]},{"$i":"emMmiErrorSimBlocked","$v":"Número máximo de tentativas excedido. Cartão SIM bloqueado"},{"$i":"RadioNotAvailable","$v":"Rádio não disponível"},{"$i":"PasswordIncorrect","$v":"Senha incorreta"},{"$i":"SimPin2","$v":"SIM PIN2"},{"$i":"SimPuk2","$v":"SIM PUK2"},{"$i":"RequestNotSupported","$v":"Solicitação não compatível"},{"$i":"OpNotAllowedDuringVoiceCall","$v":"A operação não é permitida durante uma chamada de voz"},{"$i":"SmsSendFailRetry","$v":"Falha ao tentar reenviar SMS"},{"$i":"SimAbsent","$v":"SIM ausente"},{"$i":"SubscriptionNotAvailable","$v":"Assinatura não disponível"},{"$i":"ModeNotSupported","$v":"Modo não compatível"},{"$i":"FdnCheckFailure","$v":"Falha ao verificar Fdn"},{"$i":"IllegalSimOrMe","$v":"SIM ou ME ilegal"},{"$i":"DialModifiedToUssd","$v":"Dial modified to USSD"},{"$i":"DialModifiedToSs","$v":"Dial modified to SS"},{"$i":"DialModifiedToDial","$v":"Dial modified to dial"},{"$i":"UssdModifiedToDial","$v":"USSD modified to dial"},{"$i":"UssdModifiedToSs","$v":"USSD modified to SS"},{"$i":"UssdModifiedToUssd","$v":"USSD modified to USSD"},{"$i":"SsModifiedToDial","$v":"SS modified to dial"},{"$i":"SsModifiedToUssd","$v":"SS modified to USSD"},{"$i":"SsModifiedToSs","$v":"SS modified to SS"},{"$i":"SubscriptionNotSupported","$v":"Assinatura não compatível"},{"$i":"InvalidParameter","$v":"Parâmetro inválido"},{"$i":"RejectedByRemote","$v":"Rejeitado pelo controle remoto"},{"$i":"GetEmptyUssdPrompt","$v":"Resposta nula recebida."},{"$i":"LimitBlockNumber","$v":"Este número está bloqueado. Você pode pedir permissão a seus pais."},{"$i":"IncorrectPassword","$v":"Senha incorreta."},{"$i":"Cancelled","$v":"Cancelado."},{"$i":"OpNotAllowedBeforeRegToNw","$v":"Operação não permitida antes de registro na rede"},{"$i":"MissingResource","$v":"Recurso em falta."},{"$i":"UnspecifiedError","$v":"Erro não especificado."},{"$i":"label","$v":"Rótulo"},{"$i":"faxHome","$v":"Enviar fax para casa"},{"$i":"faxOffice","$v":"Enviar fax para o escritório"},{"$i":"faxOther","$v":"Enviar fax para outro"},{"$i":"another","$v":"Outro"},{"$i":"other","$v":"Outras"},{"$i":"customTag","$v":"Marca personalizada","placeholder":"Marca personalizada"},{"$i":"current","$v":"Atual"},{"$i":"itemWithLabel","$v":[{"t":"idOrVar","v":"label"},", ",{"t":"idOrVar","v":"item"}]},{"$i":"weekday-0-long","$v":"Domingo"},{"$i":"weekday-1-long","$v":"Segunda-feira"},{"$i":"weekday-2-long","$v":"Terça-feira"},{"$i":"weekday-3-long","$v":"Quarta-feira"},{"$i":"weekday-4-long","$v":"Quinta-feira"},{"$i":"weekday-5-long","$v":"Sexta-feira"},{"$i":"weekday-6-long","$v":"Sábado"},{"$i":"weekday-0-short","$v":"Dom"},{"$i":"weekday-1-short","$v":"Seg"},{"$i":"weekday-2-short","$v":"Ter"},{"$i":"weekday-3-short","$v":"Qua"},{"$i":"weekday-4-short","$v":"Qui"},{"$i":"weekday-5-short","$v":"Sex"},{"$i":"weekday-6-short","$v":"Sáb"},{"$i":"month-0-long","$v":"Janeiro"},{"$i":"month-1-long","$v":"Fevereiro"},{"$i":"month-2-long","$v":"Março"},{"$i":"month-3-long","$v":"Abril"},{"$i":"month-4-long","$v":"Mai"},{"$i":"month-5-long","$v":"Junho"},{"$i":"month-6-long","$v":"Julho"},{"$i":"month-7-long","$v":"Agosto"},{"$i":"month-8-long","$v":"Setembro"},{"$i":"month-9-long","$v":"Outubro"},{"$i":"month-10-long","$v":"Novembro"},{"$i":"month-11-long","$v":"Dezembro"},{"$i":"month-0-genitive","$v":"Janeiro"},{"$i":"month-1-genitive","$v":"Fevereiro"},{"$i":"month-2-genitive","$v":"Março"},{"$i":"month-3-genitive","$v":"Abril"},{"$i":"month-4-genitive","$v":"Mai"},{"$i":"month-5-genitive","$v":"Junho"},{"$i":"month-6-genitive","$v":"Julho"},{"$i":"month-7-genitive","$v":"Agosto"},{"$i":"month-8-genitive","$v":"Setembro"},{"$i":"month-9-genitive","$v":"Outubro"},{"$i":"month-10-genitive","$v":"Novembro"},{"$i":"month-11-genitive","$v":"Dezembro"},{"$i":"month-0-short","$v":"Jan"},{"$i":"month-1-short","$v":"Fev"},{"$i":"month-2-short","$v":"Mar"},{"$i":"month-3-short","$v":"Abr"},{"$i":"month-4-short","$v":"Mai"},{"$i":"month-5-short","$v":"Jun"},{"$i":"month-6-short","$v":"Jul"},{"$i":"month-7-short","$v":"Ago"},{"$i":"month-8-short","$v":"Set"},{"$i":"month-9-short","$v":"Out"},{"$i":"month-10-short","$v":"Nov"},{"$i":"month-11-short","$v":"Dez"},{"$i":"minutes-ago-long","$v":{"few":[{"t":"idOrVar","v":"value"}," minutos atrás"],"many":[{"t":"idOrVar","v":"value"}," minutos atrás"],"other":[{"t":"idOrVar","v":"value"}," minutos atrás"],"two":[{"t":"idOrVar","v":"value"}," minutos atrás"],"one":"um minuto atrás","zero":"Agora mesmo"},"$x":[{"t":"idOrVar","v":"plural"},"value"]},{"$i":"hours-ago-long","$v":{"few":["horas ",{"t":"idOrVar","v":"value"}," atrás"],"many":["horas ",{"t":"idOrVar","v":"value"}," atrás"],"other":["horas ",{"t":"idOrVar","v":"value"}," atrás"],"two":["horas ",{"t":"idOrVar","v":"value"}," atrás"],"one":"uma hora atrás","zero":"Agora mesmo"},"$x":[{"t":"idOrVar","v":"plural"},"value"]},{"$i":"days-ago-long","$v":{"few":[{"t":"idOrVar","v":"value"}," dias antes"],"many":[{"t":"idOrVar","v":"value"}," dias antes"],"one":"ontem","other":[{"t":"idOrVar","v":"value"}," dias antes"],"two":[{"t":"idOrVar","v":"value"}," dias antes"],"zero":"hoje"},"$x":[{"t":"idOrVar","v":"plural"},"value"]},{"$i":"weeks-ago-long","$v":{"few":[{"t":"idOrVar","v":"value"}," semanas antes"],"many":[{"t":"idOrVar","v":"value"}," semanas antes"],"one":"semana passada","other":[{"t":"idOrVar","v":"value"}," semanas antes"],"two":[{"t":"idOrVar","v":"value"}," semanas antes"],"zero":"esta semana"},"$x":[{"t":"idOrVar","v":"plural"},"value"]},{"$i":"months-ago-long","$v":{"few":[{"t":"idOrVar","v":"value"}," meses antes"],"many":[{"t":"idOrVar","v":"value"}," meses antes"],"one":"no mês passado","other":[{"t":"idOrVar","v":"value"}," meses antes"],"two":[{"t":"idOrVar","v":"value"}," meses antes"],"zero":"este mês"},"$x":[{"t":"idOrVar","v":"plural"},"value"]},{"$i":"years-ago-long","$v":{"few":[{"t":"idOrVar","v":"value"}," anos antes"],"many":[{"t":"idOrVar","v":"value"}," anos antes"],"one":"ano passado","other":[{"t":"idOrVar","v":"value"}," anos antes"],"two":[{"t":"idOrVar","v":"value"}," anos antes"],"zero":"este ano"},"$x":[{"t":"idOrVar","v":"plural"},"value"]},{"$i":"minutes-until-long","$v":{"few":["em ",{"t":"idOrVar","v":"value"}," minutos"],"many":["em ",{"t":"idOrVar","v":"value"}," minutos"],"other":["em ",{"t":"idOrVar","v":"value"}," minutos"],"two":["em ",{"t":"idOrVar","v":"value"}," minutos"],"zero":"agora","one":"em um minuto"},"$x":[{"t":"idOrVar","v":"plural"},"value"]},{"$i":"hours-until-long","$v":{"few":["em ",{"t":"idOrVar","v":"value"}," horas"],"many":["em ",{"t":"idOrVar","v":"value"}," horas"],"other":["em ",{"t":"idOrVar","v":"value"}," horas"],"two":["em ",{"t":"idOrVar","v":"value"}," horas"],"zero":"agora","one":"em uma hora"},"$x":[{"t":"idOrVar","v":"plural"},"value"]},{"$i":"days-until-long","$v":{"few":["em ",{"t":"idOrVar","v":"value"}," dias"],"many":["em ",{"t":"idOrVar","v":"value"}," dias"],"one":"amanhã","other":["em ",{"t":"idOrVar","v":"value"}," dias"],"two":["em ",{"t":"idOrVar","v":"value"}," dias"],"zero":"hoje"},"$x":[{"t":"idOrVar","v":"plural"},"value"]},{"$i":"weeks-until-long","$v":{"few":["em ",{"t":"idOrVar","v":"value"}," semanas"],"many":["em ",{"t":"idOrVar","v":"value"}," semanas"],"one":"próxima semana","other":["em ",{"t":"idOrVar","v":"value"}," semanas"],"two":["em ",{"t":"idOrVar","v":"value"}," semanas"],"zero":"esta semana"},"$x":[{"t":"idOrVar","v":"plural"},"value"]},{"$i":"months-until-long","$v":{"few":["em ",{"t":"idOrVar","v":"value"}," meses"],"many":["em ",{"t":"idOrVar","v":"value"}," meses"],"one":"próximo mês","other":["em ",{"t":"idOrVar","v":"value"}," meses"],"two":["em ",{"t":"idOrVar","v":"value"}," meses"],"zero":"este mês"},"$x":[{"t":"idOrVar","v":"plural"},"value"]},{"$i":"years-until-long","$v":{"few":["em ",{"t":"idOrVar","v":"value"}," anos"],"many":["em ",{"t":"idOrVar","v":"value"}," anos"],"one":"próximo ano","other":["em ",{"t":"idOrVar","v":"value"}," anos"],"two":["em ",{"t":"idOrVar","v":"value"}," anos"],"zero":"este ano"},"$x":[{"t":"idOrVar","v":"plural"},"value"]},{"$i":"minutes-ago-short","$v":{"other":[{"t":"idOrVar","v":"value"},"m atrás"],"zero":"Agora mesmo"},"$x":[{"t":"idOrVar","v":"plural"},"value"]},{"$i":"hours-ago-short","$v":{"other":[{"t":"idOrVar","v":"value"},"h atrás"],"zero":"Agora mesmo"},"$x":[{"t":"idOrVar","v":"plural"},"value"]},{"$i":"days-ago-short","$v":{"other":[{"t":"idOrVar","v":"value"},"d antes"],"zero":"hoje"},"$x":[{"t":"idOrVar","v":"plural"},"value"]},{"$i":"minutes-until-short","$v":{"other":["em ",{"t":"idOrVar","v":"value"},"m"],"zero":"agora"},"$x":[{"t":"idOrVar","v":"plural"},"value"]},{"$i":"hours-until-short","$v":{"other":["em ",{"t":"idOrVar","v":"value"},"h"],"zero":"agora"},"$x":[{"t":"idOrVar","v":"plural"},"value"]},{"$i":"days-until-short","$v":{"other":["em ",{"t":"idOrVar","v":"value"},"d"],"zero":"hoje"},"$x":[{"t":"idOrVar","v":"plural"},"value"]},{"$i":"incorrectDate","$v":"(data incorreta)"},{"$i":"dateTimeFormat_%c","$v":"%a %b %e %Y %I:%M:%S %p"},{"$i":"dateTimeFormat_%x","$v":"%d/%m/%Y"},{"$i":"dateTimeFormat_%X","$v":"%I:%M:%S %p"},{"$i":"shortTimeFormat","$v":"%I:%M %p"},{"$i":"shortTimeFormat12","$v":"%I:%M %p"},{"$i":"shortTimeFormat24","$v":"%H:%M"},{"$i":"shortDateTimeFormat","$v":"%x %I:%M %p"},{"$i":"weekStartsOnMonday","$v":"0.0"},{"$i":"firstDayOfTheWeek","$v":"0.0"},{"$i":"time_am","$v":"AM"},{"$i":"time_pm","$v":"PM"}]