[{"$i":"search-or-enter-address","placeholder":"Введите запрос или адрес"},{"$i":"delete-title","$v":["Удалить ",{"t":"idOrVar","v":"name"}]},{"$i":"delete-body","$v":[{"t":"idOrVar","v":"name"}," и все его данные будут удалены."]},{"$i":"delete","$v":"Удалить"},{"$i":"cancel","$v":"Отмена"},{"$i":"apps","$v":"Приложения"},{"$i":"menu","$v":"Меню"},{"$i":"notifications","$v":"Уведомления"},{"$i":"speed-dial","$v":"Быстрый набор"},{"$i":"select","$v":"Выбрать"},{"$i":"move","$v":"Переместить"},{"$i":"ok","$v":"OK"},{"$i":"set","$v":"Установить"},{"$i":"edit","$v":"Изменить"},{"$i":"call","$v":"Вызов"},{"$i":"message","$v":"Сообщение"},{"$i":"options","$v":"Опции"},{"$i":"assign","$v":"Назначить"},{"$i":"remove","$v":"Удалить"},{"$i":"replace","$v":"Заменить"},{"$i":"more","$v":"Ещё"},{"$i":"settings","$v":"Настройки"},{"$i":"contacts","$v":"Контакты"},{"$i":"list-view","$v":"Список"},{"$i":"grid-view","$v":"Сетка"},{"$i":"single-view","$v":"Одиночный снимок"},{"$i":"skip","$v":"Пропустить"},{"$i":"shortcuts","$v":"Ярлыки"},{"$i":"next","$v":"Далее"},{"$i":"back","$v":"Назад"},{"$i":"memory-cleaner","$v":"Средство очистки памяти"},{"$i":"open","$v":"ОТКРЫТЬ"},{"$i":"voicemail","$v":"Голосовая почта"},{"$i":"speed-dial-not-empty","ariaLabel":[{"t":"idOrVar","v":"order"},", ",{"t":"idOrVar","v":"name"}]},{"$i":"speed-dial-empty","ariaLabel":[{"t":"idOrVar","v":"order"},", пустой"]},{"$i":"remove-speed-dial","$v":["Вы хотите удалить ",{"t":"idOrVar","v":"name"}," из Быстрого набора ?"]},{"$i":"replace-speed-dial","$v":["Хотите заменить ",{"t":"idOrVar","v":"name"}," на ",{"t":"idOrVar","v":"subName"}," ?"]},{"$i":"assign-speed-dial","$v":["Контакт не был добавлен для Быстрого набора на кнопку ",{"t":"idOrVar","v":"n"},". Назначить сейчас?"]},{"$i":"assign-voicemail","$v":"Номер Голосовой почты не установлен."},{"$i":"alert-for-contacts-without-number","$v":"Контакты с номером телефона отсутствуют."},{"$i":"option-remove","$v":"Удалить  из Быстрого набора"},{"$i":"option-replace","$v":"Заменить"},{"$i":"all-apps","$v":"Все приложения"},{"$i":"uninstall","$v":"Удалить"},{"$i":"confirm-to-uninstall-app","$v":["Удалить приложение ",{"t":"idOrVar","v":"appName"},"?"]},{"$i":"confirm-to-unpin-bookmark","$v":"Открепить сайт?"},{"$i":"unpin","$v":"Открепить"},{"$i":"rename","$v":"Переименовать"},{"$i":"title","$v":"Название"},{"$i":"add-to-existing-contact","$v":"Добавить к Существующему Контакту"},{"$i":"create-new-contact","$v":"Создать Новый Контакт"},{"$i":"sending","$v":"Пожалуйста, подождите..."},{"$i":"video-call","$v":"Видеовызов"},{"$i":"rtt-call","$v":"RTT вызов"},{"$i":"callAirplaneModeTitle","$v":"Активирован режим «В самолёте»"},{"$i":"callAirplaneModeMessage","$v":"Чтобы сделать вызов, вам необходимо отключить в настройках режим «В самолёте»."},{"$i":"emergencyDialogTitle","$v":"Отсутствует подключение к сети"},{"$i":"emergencyDialogBodyBadNumber","$v":"Чтобы сделать вызов, телефон должен быть подключен к сети."},{"$i":"emergencyDialogBodyDeviceNotAccepted","$v":"Экстренные вызовы не поддерживаются сетью."},{"$i":"invalidNumberToDialTitle","$v":"Недействительный номер телефона"},{"$i":"invalidNumberToDialMessage","$v":"Номер телефона, который вы вызываете, недействителен."},{"$i":"emergency-call-only","$v":"Только Экстренные вызовы"},{"$i":"emergency-call-error","$v":[{"t":"idOrVar","v":"number"}," не является номером службы экстренной помощи."]},{"$i":"numberIsBusyTitle","$v":"Абонент занят"},{"$i":"numberIsBusyMessage","$v":"Абонент в данный момент занят. Пожалуйста, повторите попытку позже."},{"$i":"fdnIsActiveTitle","$v":"FDN активно"},{"$i":"fdnIsActiveMessage","$v":["Активирован FDN (Фиксированный набор). Следующий номер не указан в вашем списке разрешённых номеров: ",{"t":"idOrVar","v":"number"}]},{"$i":"otherConnectionInUseTitle","$v":"Используется другое подключение"},{"$i":"otherConnectionInUseMessage","$v":"У вас есть активный вызов на другом подключении. Одновременно можно использовать только одно подключение."},{"$i":"GenericFailure","$v":"Общий сбой"},{"$i":"CallFailed","$v":"Ошибка вызова"},{"$i":"scCallBarring","$v":"Запрет вызовов"},{"$i":"scCallForwarding","$v":"Переадресация"},{"$i":"scClip","$v":"Номер вызывающего абонента"},{"$i":"scClir","$v":"Номер вызываемого абонента"},{"$i":"scPwd","$v":"Изменение пароля"},{"$i":"scCallWaiting","$v":"Ожидание вызова"},{"$i":"scPin","$v":"Изменение PIN-кода"},{"$i":"scPin2","$v":"Изменение PIN2"},{"$i":"scPuk","$v":"Разблокировать PIN-код"},{"$i":"scPuk2","$v":"Разблокировать код PIN2"},{"$i":"scImei","$v":"IMEI"},{"$i":"scMeid","$v":"MEID"},{"$i":"scUssd","$v":"USSD"},{"$i":"deviceIsUnlocked","$v":"Устройство разблокировано"},{"$i":"simUnlockCodeAccepted","$v":"Код разблокировки SIM-карты принят"},{"$i":"simUnlockCodeFailed","$v":"Ошибка разблокировки SIM-карты"},{"$i":"personal","$v":"Личные"},{"$i":"mobile","$v":"Мобильный"},{"$i":"home","$v":"Дом"},{"$i":"work","$v":"Работа"},{"$i":"fax-home","$v":"Домашний факс"},{"$i":"fax-office","$v":"Рабочий факс"},{"$i":"fax-other","$v":"Дополнительный факс"},{"$i":"noSimCard","$v":"Нет SIM-карты"},{"$i":"noService","$v":"Сервис недоступен"},{"$i":"lockedSim","$v":"Заблокированная SIM-карта"},{"$i":"airplaneMode","$v":"Режим «В самолёте»"},{"$i":"wifi-calling","$v":"Wi-Fi-вызовы"},{"$i":"homescreen-settings","$v":"Настройки главного экрана"},{"$i":"change-wallpaper","$v":"Изменить Обои"},{"$i":"add-smart-collections","$v":"Добавить Интеллектуальные Коллекции"},{"$i":"edit-mode","$v":"Изменить"},{"$i":"edit-done","$v":"Готово"},{"$i":"tutorial-for-side-menu-1","$v":["Нажмите клавишу ",{"t":"idOrVar","v":"left"}," для доступа к приложениям слева."]},{"$i":"tutorial-for-instant-settings-1","$v":["Нажмите клавишу ",{"t":"idOrVar","v":"up"}," для часто используемых настроек."]},{"$i":"tutorial-for-notices","$v":"Нажмите ПРАВУЮ клавишу, чтобы просмотреть новые уведомления."},{"$i":"tutorial-for-google-assistant-1","$v":["Длительно нажмите ",{"t":"idOrVar","v":"microphone"}," для записи речи."]},{"$i":"tutorial-for-voice-input-1","$v":["Длительно нажмите ",{"t":"idOrVar","v":"microphone"}," для записи речи в текстовом поле."]},{"$i":"tutorial-for-find-kaistore-2","$v":"Найдите приложение KaiStore на первой странице меню Приложения."},{"$i":"tutorial-for-left","$v":"ОСТАЛОСЬ"},{"$i":"tutorial-for-up","$v":"ВВЕРХ"},{"$i":"stop-download-title","$v":["Остановить ",{"t":"idOrVar","v":"name"}]},{"$i":"stop-download-body","$v":"Остановить процесс загрузки?"},{"$i":"stop-download-action","$v":"Остановить"},{"$i":"resume-download-title","$v":"Перезапустить Загрузку"},{"$i":"resume-download-body","$v":["Хотите загрузить ",{"t":"idOrVar","v":"name"},"?"]},{"$i":"resume-download-action","$v":"Загрузить"},{"$i":"edit-group-header","$v":"Изменить группу"},{"$i":"gaia-shortcut-app-updated","$v":"Приложение Обновлено"},{"$i":"clocks-updated","$v":"Часы обновлены"},{"$i":"longDateFormat","$v":"%A, %B %e"},{"$i":"app-title","$v":"Мои приложения"},{"$i":"app-uninstall","$v":[{"t":"idOrVar","v":"name"}," было установлено"]},{"$i":"confirmation","$v":"Подтверждение"},{"$i":"clockDateFormat","$v":"%a, %e %b"},{"$i":"apn-sim1","$v":"Настройки APN-SIM1"},{"$i":"apn-sim2","$v":"Настройки APN-SIM2"},{"$i":"apnDefaultConfig","$v":"APN Default Config"},{"$i":"apn-defaultconfig-message","$v":"Установите, какой тип APN использовать"},{"$i":"apnConfigPostpay","$v":"Postpay APN"},{"$i":"apnConfigPrepay","$v":"Prepay APN"},{"$i":"offline-toaster-message","$v":"Телефон не в сети."},{"$i":"dialog-title-new-card","$v":"Новая карта"},{"$i":"dialog-text-new-card-show","$v":"Вы получили новую карту: Поиск в Интернете."},{"$i":"not-connect-internet-text","$v":"Нет подключения к Интернету. Подключиться к Интернету сейчас?"},{"$i":"not-connect-internet-up-button","$v":"Включить Передачу данных (мобильная сеть)"},{"$i":"not-connect-internet-down-button","$v":"Что такое Передача данных (мобильная сеть)"},{"$i":"not-data-plan-text","$v":"Кажется, ваш тарифный план не поддерживает подключение к Интернету. Ваш выбор."},{"$i":"not-data-plan-down-button","$v":"Использовать Wi-Fi"},{"$i":"connect-internet-title","$v":"Вы подключены"},{"$i":"connect-internet-text","$v":"Проверьте приложения, такие как Магазин, Новости, Погода и Интернет-браузер."},{"$i":"utilities","$v":"Коммунальные услуги"},{"$i":"games","$v":"Игры"},{"$i":"toast-app-downloaded-to-folder","$v":[{"t":"idOrVar","v":"appName"}," загружено в папку ",{"t":"idOrVar","v":"folderName"},"."]},{"$i":"toast-need-update-app","$v":"Пожалуйста, обновите приложение до последней версии, чтобы продолжить работу с приложением JioStore."},{"$i":"notices-reminder-header","$v":"Напоминание"},{"$i":"notices-reminder-content","$v":"У вас есть непрочитанные уведомления. Проверьте, пропустили ли вы что-нибудь важное."},{"$i":"instant-settings","$v":"instant settings"},{"$i":"flashlight","$v":"Flashlight"},{"$i":"brightness","$v":"Brightness"},{"$i":"volume","$v":"Volume"},{"$i":"camera","$v":"Камера"},{"$i":"calculator","$v":"Calculator"},{"$i":"airplane-mode","$v":"Airplane Mode"},{"$i":"wifi","$v":"Wi-Fi"},{"$i":"bluetooth","$v":"Bluetooth"},{"$i":"cellular-data","$v":"Cellular Data"},{"$i":"on","$v":"On"},{"$i":"off","$v":"Off"},{"$i":"percentage-number","$v":[{"t":"idOrVar","v":"number"},"%"]},{"$i":"eccOnly","$v":"Только экстренные вызовы"},{"$i":"emergencyCallsOnly","$v":"Только экстренные вызовы"},{"$i":"searching","$v":"Поиск"},{"$i":"nocard-eccOnly","$v":"Нет SIM-карты - только экстренные вызовы"},{"$i":"unusablecard-eccOnly","$v":"Неиспользуемая SIM-карта - только экстренные вызовы"},{"$i":"nocard-noservice","$v":"Нет SIM-карты-Сервис недоступен"},{"$i":"sim-with-index-and-carrier","$v":["SIM ",{"t":"idOrVar","v":"index"}," - ",{"t":"idOrVar","v":"carrier"}]},{"$i":"sim-without-carrier","$v":["SIM ",{"t":"idOrVar","v":"index"}]},{"$i":"call-forwarding-async","$v":["Асинхронный: ",{"t":"idOrVar","v":"async"}]},{"$i":"call-forwarding-data","$v":["Данные: ",{"t":"idOrVar","v":"data"}]},{"$i":"call-forwarding-error","$v":"Произошла ошибка при получении состояния переадресации вызовов"},{"$i":"call-forwarding-fax","$v":["ФАКС: ",{"t":"idOrVar","v":"fax"}]},{"$i":"call-forwarding-inactive","$v":"Неактивный"},{"$i":"call-forwarding-packet","$v":["Пакет: ",{"t":"idOrVar","v":"packet"}]},{"$i":"call-forwarding-pad","$v":["PAD: ",{"t":"idOrVar","v":"pad"}]},{"$i":"call-forwarding-sms","$v":["SMS: ",{"t":"idOrVar","v":"sms"}]},{"$i":"call-forwarding-status","$v":"Состояние переадресации вызовов"},{"$i":"call-forwarding-sync","$v":["Синхронный: ",{"t":"idOrVar","v":"sync"}]},{"$i":"call-forwarding-voice","$v":["Голосовой вызов: ",{"t":"idOrVar","v":"voice"}]},{"$i":"call-forwarding-voice-after-seconds","$v":["Голосовой вызов: ",{"t":"idOrVar","v":"voice"}," через ",{"t":"idOrVar","v":"timeSeconds"}," с"]},{"$i":"call-forwarding-reason","$v":["Reason: ",{"t":"idOrVar","v":"reason"}]},{"$i":"serviceClassVoice","$v":"Голосовые вызовы"},{"$i":"serviceClassData","$v":"Передача данных"},{"$i":"serviceClassFax","$v":"ФАКС"},{"$i":"serviceClassSms","$v":"SMS"},{"$i":"serviceClassDataSync","$v":"Синхронизация"},{"$i":"serviceClassDataAsync","$v":"Асинхронный"},{"$i":"serviceClassPacket","$v":"Пакет"},{"$i":"serviceClassPad","$v":"PAD"},{"$i":"smServiceEnabled","$v":"Служба включена"},{"$i":"smServiceDisabled","$v":"Служба отключена"},{"$i":"smServiceRegistered","$v":"Регистрация прошла успешно"},{"$i":"smServiceErased","$v":"Успешно удалено"},{"$i":"smServiceInterrogated","$v":"Запрос прошел успешно"},{"$i":"smServiceNotProvisioned","$v":"Услуга не предоставляется"},{"$i":"smClirPermanent","$v":"Невозможно изменить параметр идентификатора вызывающего абонента"},{"$i":"smClirDefaultOnNextCallOn","$v":"Отображение номера запрещено по умолчанию. Следующий вызов: номер не будет отображаться"},{"$i":"smClirDefaultOnNextCallOff","$v":"Отображение номера запрещено по умолчанию. Следующий вызов: номер будет отображаться"},{"$i":"smClirDefaultOffNextCallOn","$v":"Отображение номера разрешено по умолчанию. Следующий вызов: номер не будет отображаться"},{"$i":"smClirDefaultOffNextCallOff","$v":"Отображение номера разрешено по умолчанию. Следующий вызов: номер будет отображаться"},{"$i":"smServiceEnabledFor","$v":"Сервис подключён для:"},{"$i":"smPinChanged","$v":"PIN успешно изменен"},{"$i":"smPinUnblocked","$v":"PIN успешно разблокирован"},{"$i":"smPin2Changed","$v":"PIN2 успешно изменен"},{"$i":"smPin2Unblocked","$v":"PIN2 успешно разблокирован"},{"$i":"ServiceIsEnabled","$v":"Сервис включен"},{"$i":"ServiceIsDisabled","$v":"Сервис отключен"},{"$i":"ServiceIsEnabledFor","$v":"Сервис подключён для:"},{"$i":"emMmiError","$v":"Некорректная USSD-команда или ошибка подключения"},{"$i":"emMmiErrorPasswordIncorrect","$v":"Неверный Пароль"},{"$i":"emMmiErrorNotSupported","$v":"Недействительный или Неподдерживаемый код MMI"},{"$i":"emMmiErrorInvalidAction","$v":"Недопустимое действие"},{"$i":"emMmiErrorInvalidScCode","$v":"Недопустимый код службы"},{"$i":"emMmiErrorBadPuk","$v":"Введён некорректный PUK-код"},{"$i":"emMmiErrorBadPin","$v":"Введён неверный старый PIN-код."},{"$i":"emMmiErrorNeedPuk2","$v":"Для разблокировки SIM-карты введите код PUK2"},{"$i":"emMmiErrorMismatchPin","$v":"Введенные PIN-коды не совпадают"},{"$i":"emMmiErrorInvalidPin","$v":"Введите PIN-код от 4 до 8 цифр"},{"$i":"emMmiErrorNeedsPuk","$v":"Ваша SIM-карта заблокирована с помощью PUK-кода"},{"$i":"emMmiErrorEnablePin","$v":"Неудачно. Включите БЛОКИРОВКУ SIM/RUIM"},{"$i":"emMmiErrorMmiFdn","$v":"Операция возможна только для разрешенных номеров"},{"$i":"emMmiErrorStkCcUssdDial","$v":"Запрос USSD изменен на запрос DIAL"},{"$i":"emMmiErrorStkCcUssdSs","$v":"Запрос USSD изменен на запрос SS"},{"$i":"emMmiErrorStkCcUssdUssd","$v":"Запрос USSD изменен на новый запрос USSD"},{"$i":"emMmiErrorStkCcSsDial","$v":"Запрос SS изменен на запрос DIAL"},{"$i":"emMmiErrorStkCcSsUssd","$v":"Запрос SS изменен на запрос USSD"},{"$i":"emMmiErrorStkCcSsSs","$v":"Запрос SS изменен на новый запрос SS"},{"$i":"emMmiErrorPinPukAttempts","$v":{"few":[{"t":"idOrVar","v":"n"}," повторных попыток"],"many":[{"t":"idOrVar","v":"n"}," повторных попыток"],"one":["Только ",{"t":"idOrVar","v":"n"}," повторная попытка"],"other":[{"t":"idOrVar","v":"n"}," повторных попыток"],"two":[{"t":"idOrVar","v":"n"}," повторных попыток"]},"$x":[{"t":"idOrVar","v":"plural"},"n"]},{"$i":"emMmiErrorSimBlocked","$v":"Превышено максимальное количество попыток. SIM-карта заблокирована"},{"$i":"RadioNotAvailable","$v":"Радио недоступно"},{"$i":"PasswordIncorrect","$v":"Неверный пароль"},{"$i":"SimPin2","$v":"SIM PIN2"},{"$i":"SimPuk2","$v":"SIM PUK2"},{"$i":"RequestNotSupported","$v":"Запрос не поддерживается"},{"$i":"OpNotAllowedDuringVoiceCall","$v":"Действие не разрешено во время голосового вызова"},{"$i":"SmsSendFailRetry","$v":"Неудачная попытка отправки SMS"},{"$i":"SimAbsent","$v":"SIM-карта отсутствует"},{"$i":"SubscriptionNotAvailable","$v":"Подписка недоступна"},{"$i":"ModeNotSupported","$v":"Режим не поддерживается"},{"$i":"FdnCheckFailure","$v":"Сбой проверки Fdn"},{"$i":"IllegalSimOrMe","$v":"Недопустимая SIM-карта или ME"},{"$i":"DialModifiedToUssd","$v":"Dial изменен на USSВ"},{"$i":"DialModifiedToSs","$v":"Dial изменен на SS"},{"$i":"DialModifiedToDial","$v":"Dial изменен на Dial"},{"$i":"UssdModifiedToDial","$v":"USSD изменен на dial"},{"$i":"UssdModifiedToSs","$v":"USSD изменен на SS"},{"$i":"UssdModifiedToUssd","$v":"USSD изменен на USSD"},{"$i":"SsModifiedToDial","$v":"SS изменен на dial"},{"$i":"SsModifiedToUssd","$v":"SS изменен на USSD"},{"$i":"SsModifiedToSs","$v":"SS изменен на SS"},{"$i":"SubscriptionNotSupported","$v":"Подписка не поддерживается"},{"$i":"InvalidParameter","$v":"Неверный параметр"},{"$i":"RejectedByRemote","$v":"Отклонено удаленно"},{"$i":"GetEmptyUssdPrompt","$v":"Получен нулевой ответ."},{"$i":"LimitBlockNumber","$v":"Этот номер заблокирован. Вы можете попросить разрешения у родителей."},{"$i":"IncorrectPassword","$v":"Неверный пароль."},{"$i":"Cancelled","$v":"Отменено."},{"$i":"OpNotAllowedBeforeRegToNw","$v":"Работа не разрешена до регистрации в сети"},{"$i":"MissingResource","$v":"Отсутствующий ресурс."},{"$i":"UnspecifiedError","$v":"Неопределенная ошибка."},{"$i":"label","$v":"Ярлык"},{"$i":"faxHome","$v":"Домашний факс"},{"$i":"faxOffice","$v":"Рабочий факс"},{"$i":"faxOther","$v":"Дополнительный факс"},{"$i":"another","$v":"Другой"},{"$i":"other","$v":"Другой"},{"$i":"customTag","$v":"Пользовательский тег","placeholder":"Пользовательский тег"},{"$i":"current","$v":"Текущее"},{"$i":"itemWithLabel","$v":[{"t":"idOrVar","v":"label"},", ",{"t":"idOrVar","v":"item"}]},{"$i":"weekday-0-long","$v":"Воскресенье"},{"$i":"weekday-1-long","$v":"Понедельник"},{"$i":"weekday-2-long","$v":"Вторник"},{"$i":"weekday-3-long","$v":"Среда"},{"$i":"weekday-4-long","$v":"Четверг"},{"$i":"weekday-5-long","$v":"Пятница"},{"$i":"weekday-6-long","$v":"Суббота"},{"$i":"weekday-0-short","$v":"Вс"},{"$i":"weekday-1-short","$v":"Пн"},{"$i":"weekday-2-short","$v":"Вт"},{"$i":"weekday-3-short","$v":"Ср"},{"$i":"weekday-4-short","$v":"Чт"},{"$i":"weekday-5-short","$v":"Пт"},{"$i":"weekday-6-short","$v":"Сб"},{"$i":"month-0-long","$v":"Январь"},{"$i":"month-1-long","$v":"Февраль"},{"$i":"month-2-long","$v":"Март"},{"$i":"month-3-long","$v":"Апрель"},{"$i":"month-4-long","$v":"Май"},{"$i":"month-5-long","$v":"Июнь"},{"$i":"month-6-long","$v":"Июль"},{"$i":"month-7-long","$v":"Август"},{"$i":"month-8-long","$v":"Сентябрь"},{"$i":"month-9-long","$v":"Октябрь"},{"$i":"month-10-long","$v":"Ноябрь"},{"$i":"month-11-long","$v":"Декабрь"},{"$i":"month-0-genitive","$v":"Январь"},{"$i":"month-1-genitive","$v":"Февраль"},{"$i":"month-2-genitive","$v":"Март"},{"$i":"month-3-genitive","$v":"Апрель"},{"$i":"month-4-genitive","$v":"Май"},{"$i":"month-5-genitive","$v":"Июнь"},{"$i":"month-6-genitive","$v":"Июль"},{"$i":"month-7-genitive","$v":"Август"},{"$i":"month-8-genitive","$v":"Сентябрь"},{"$i":"month-9-genitive","$v":"Октябрь"},{"$i":"month-10-genitive","$v":"Ноябрь"},{"$i":"month-11-genitive","$v":"Декабрь"},{"$i":"month-0-short","$v":"Янв"},{"$i":"month-1-short","$v":"Фев"},{"$i":"month-2-short","$v":"Мар"},{"$i":"month-3-short","$v":"Апр"},{"$i":"month-4-short","$v":"Май"},{"$i":"month-5-short","$v":"Июн"},{"$i":"month-6-short","$v":"Июл"},{"$i":"month-7-short","$v":"Авг"},{"$i":"month-8-short","$v":"Сен"},{"$i":"month-9-short","$v":"Окт"},{"$i":"month-10-short","$v":"Ноя"},{"$i":"month-11-short","$v":"Дек"},{"$i":"minutes-ago-long","$v":{"few":[{"t":"idOrVar","v":"value"}," минут назад"],"many":[{"t":"idOrVar","v":"value"}," минут назад"],"other":[{"t":"idOrVar","v":"value"}," минут назад"],"two":[{"t":"idOrVar","v":"value"}," минут назад"],"one":"минуту назад","zero":"Сейчас"},"$x":[{"t":"idOrVar","v":"plural"},"value"]},{"$i":"hours-ago-long","$v":{"few":[{"t":"idOrVar","v":"value"}," часов назад"],"many":[{"t":"idOrVar","v":"value"}," часов назад"],"other":[{"t":"idOrVar","v":"value"}," часов назад"],"two":[{"t":"idOrVar","v":"value"}," часов назад"],"one":"час назад","zero":"Сейчас"},"$x":[{"t":"idOrVar","v":"plural"},"value"]},{"$i":"days-ago-long","$v":{"few":[{"t":"idOrVar","v":"value"}," дней назад"],"many":[{"t":"idOrVar","v":"value"}," дней назад"],"one":"вчера","other":[{"t":"idOrVar","v":"value"}," дней назад"],"two":[{"t":"idOrVar","v":"value"}," дней назад"],"zero":"сегодня"},"$x":[{"t":"idOrVar","v":"plural"},"value"]},{"$i":"weeks-ago-long","$v":{"few":[{"t":"idOrVar","v":"value"}," недель назад"],"many":[{"t":"idOrVar","v":"value"}," недель назад"],"one":"последняя неделя","other":[{"t":"idOrVar","v":"value"}," недель назад"],"two":[{"t":"idOrVar","v":"value"}," недель назад"],"zero":"эта неделя"},"$x":[{"t":"idOrVar","v":"plural"},"value"]},{"$i":"months-ago-long","$v":{"few":[{"t":"idOrVar","v":"value"}," месяцев назад"],"many":[{"t":"idOrVar","v":"value"}," месяцев назад"],"one":"прошлый месяц","other":[{"t":"idOrVar","v":"value"}," месяцев назад"],"two":[{"t":"idOrVar","v":"value"}," месяцев назад"],"zero":"этот месяц"},"$x":[{"t":"idOrVar","v":"plural"},"value"]},{"$i":"years-ago-long","$v":{"few":[{"t":"idOrVar","v":"value"}," лет назад"],"many":[{"t":"idOrVar","v":"value"}," лет назад"],"one":"прошлый год","other":[{"t":"idOrVar","v":"value"}," лет назад"],"two":[{"t":"idOrVar","v":"value"}," лет назад"],"zero":"этот год"},"$x":[{"t":"idOrVar","v":"plural"},"value"]},{"$i":"minutes-until-long","$v":{"few":["через ",{"t":"idOrVar","v":"value"}," минут"],"many":["через ",{"t":"idOrVar","v":"value"}," минут"],"other":["через ",{"t":"idOrVar","v":"value"}," минут"],"two":["через ",{"t":"idOrVar","v":"value"}," минут"],"zero":"сейчас","one":"через минуту"},"$x":[{"t":"idOrVar","v":"plural"},"value"]},{"$i":"hours-until-long","$v":{"few":["через ",{"t":"idOrVar","v":"value"}," часов"],"many":["через ",{"t":"idOrVar","v":"value"}," часов"],"other":["через ",{"t":"idOrVar","v":"value"}," часов"],"two":["через ",{"t":"idOrVar","v":"value"}," часов"],"zero":"сейчас","one":"через  час"},"$x":[{"t":"idOrVar","v":"plural"},"value"]},{"$i":"days-until-long","$v":{"few":["через ",{"t":"idOrVar","v":"value"}," дней"],"many":["через ",{"t":"idOrVar","v":"value"}," дней"],"one":"завтра","other":["через ",{"t":"idOrVar","v":"value"}," дней"],"two":["через ",{"t":"idOrVar","v":"value"}," дней"],"zero":"сегодня"},"$x":[{"t":"idOrVar","v":"plural"},"value"]},{"$i":"weeks-until-long","$v":{"few":["через ",{"t":"idOrVar","v":"value"}," нед."],"many":["через ",{"t":"idOrVar","v":"value"}," нед."],"one":"следующая неделя","other":["через ",{"t":"idOrVar","v":"value"}," нед."],"two":["через ",{"t":"idOrVar","v":"value"}," нед."],"zero":"эта неделя"},"$x":[{"t":"idOrVar","v":"plural"},"value"]},{"$i":"months-until-long","$v":{"few":["через ",{"t":"idOrVar","v":"value"}," мес."],"many":["через ",{"t":"idOrVar","v":"value"}," мес."],"one":"в следующем месяце","other":["через ",{"t":"idOrVar","v":"value"}," мес."],"two":["через ",{"t":"idOrVar","v":"value"}," мес."],"zero":"этот месяц"},"$x":[{"t":"idOrVar","v":"plural"},"value"]},{"$i":"years-until-long","$v":{"few":["через ",{"t":"idOrVar","v":"value"}," лет"],"many":["через ",{"t":"idOrVar","v":"value"}," лет"],"one":"следующий год","other":["через ",{"t":"idOrVar","v":"value"}," лет"],"two":["через ",{"t":"idOrVar","v":"value"}," лет"],"zero":"этот год"},"$x":[{"t":"idOrVar","v":"plural"},"value"]},{"$i":"minutes-ago-short","$v":{"other":[{"t":"idOrVar","v":"value"}," мин назад"],"zero":"Сейчас"},"$x":[{"t":"idOrVar","v":"plural"},"value"]},{"$i":"hours-ago-short","$v":{"other":[{"t":"idOrVar","v":"value"}," ч назад"],"zero":"Сейчас"},"$x":[{"t":"idOrVar","v":"plural"},"value"]},{"$i":"days-ago-short","$v":{"other":[{"t":"idOrVar","v":"value"}," д назад"],"zero":"сегодня"},"$x":[{"t":"idOrVar","v":"plural"},"value"]},{"$i":"minutes-until-short","$v":{"other":["через ",{"t":"idOrVar","v":"value"}," мин"],"zero":"сейчас"},"$x":[{"t":"idOrVar","v":"plural"},"value"]},{"$i":"hours-until-short","$v":{"other":["через ",{"t":"idOrVar","v":"value"}," ч"],"zero":"сейчас"},"$x":[{"t":"idOrVar","v":"plural"},"value"]},{"$i":"days-until-short","$v":{"other":["через ",{"t":"idOrVar","v":"value"}," д"],"zero":"сегодня"},"$x":[{"t":"idOrVar","v":"plural"},"value"]},{"$i":"incorrectDate","$v":"(неверная дата)"},{"$i":"dateTimeFormat_%c","$v":"%a %b %e %Y %I:%M:%S %p"},{"$i":"dateTimeFormat_%x","$v":"%m/%d/%Y"},{"$i":"dateTimeFormat_%X","$v":"%I:%M:%S %p"},{"$i":"shortTimeFormat","$v":"%I:%M %p"},{"$i":"shortTimeFormat12","$v":"%I:%M %p"},{"$i":"shortTimeFormat24","$v":"%H:%M"},{"$i":"shortDateTimeFormat","$v":"%x %I:%M %p"},{"$i":"weekStartsOnMonday","$v":"0.0"},{"$i":"firstDayOfTheWeek","$v":"1.0"},{"$i":"time_am","$v":"AM"},{"$i":"time_pm","$v":"PM"}]