[{"$i":"search-or-enter-address","placeholder":"Kërko ose jep adresën"},{"$i":"delete-title","$v":["Fshi ",{"t":"idOrVar","v":"name"}]},{"$i":"delete-body","$v":[{"t":"idOrVar","v":"name"}," dhe të gjitha të dhënat përkatëse do të fshihen."]},{"$i":"delete","$v":"Fshi"},{"$i":"cancel","$v":"Anulo"},{"$i":"apps","$v":"Aplikacionet"},{"$i":"menu","$v":"menyja"},{"$i":"notifications","$v":"Njoftime"},{"$i":"speed-dial","$v":"Telefonimi i shpejtë"},{"$i":"select","$v":"Zgjidh"},{"$i":"move","$v":"Lëviz"},{"$i":"ok","$v":"OK"},{"$i":"set","$v":"Cakto"},{"$i":"edit","$v":"Modifiko"},{"$i":"call","$v":"Telefonatë"},{"$i":"message","$v":"Mesazh"},{"$i":"options","$v":"Opsionet"},{"$i":"assign","$v":"Cakto"},{"$i":"remove","$v":"Hiq"},{"$i":"replace","$v":"Zëvendëso"},{"$i":"more","$v":"Më shumë"},{"$i":"settings","$v":"Cilësimet"},{"$i":"contacts","$v":"Kontaktet"},{"$i":"list-view","$v":"Pamja listë"},{"$i":"grid-view","$v":"Pamja rrjetë"},{"$i":"single-view","$v":"Pamja njëshe"},{"$i":"skip","$v":"Anashkalo"},{"$i":"shortcuts","$v":"Shkurtoret"},{"$i":"next","$v":"Vijues"},{"$i":"back","$v":"Prapa"},{"$i":"memory-cleaner","$v":"Pastrues kujtese"},{"$i":"open","$v":"Hap"},{"$i":"voicemail","$v":"Posta zanore"},{"$i":"speed-dial-not-empty","ariaLabel":[{"t":"idOrVar","v":"order"},", ",{"t":"idOrVar","v":"name"}]},{"$i":"speed-dial-empty","ariaLabel":[{"t":"idOrVar","v":"order"},", bosh"]},{"$i":"remove-speed-dial","$v":["Je i sigurt për heqjen e ",{"t":"idOrVar","v":"name"}," nga numëratori i shpejtë?"]},{"$i":"replace-speed-dial","$v":["Je i sigurt për zëvendësimin e ",{"t":"idOrVar","v":"name"}," me ",{"t":"idOrVar","v":"subName"},"?"]},{"$i":"assign-speed-dial","$v":["Kontakti nuk është shtuar për telefonim në numëratorin e shpejtë në butonin ",{"t":"idOrVar","v":"n"},". Të caktohet tani?"]},{"$i":"assign-voicemail","$v":"Numri i postës zanore nuk është caktuar."},{"$i":"alert-for-contacts-without-number","$v":"Nuk ka kontakte me numër të lirë telefoni."},{"$i":"option-remove","$v":"Hiqe nga numëratori i shpejtë"},{"$i":"option-replace","$v":"Zëvendëso"},{"$i":"all-apps","$v":"Të gjitha aplikacionet"},{"$i":"uninstall","$v":"Çinstalo"},{"$i":"confirm-to-uninstall-app","$v":["Të çinstalohet aplikacioni ",{"t":"idOrVar","v":"appName"},"?"]},{"$i":"confirm-to-unpin-bookmark","$v":"Të zhvendoset faqja e internetit?"},{"$i":"unpin","$v":"Hiq ngulitjen"},{"$i":"rename","$v":"Riemërto"},{"$i":"title","$v":"Titulli"},{"$i":"add-to-existing-contact","$v":"Shtoja kontaktit ekzistues"},{"$i":"create-new-contact","$v":"Krijo kontakt të ri"},{"$i":"sending","$v":"Te lutem prit…"},{"$i":"video-call","$v":"Videotelefonatë"},{"$i":"rtt-call","$v":"Thirrje RTT"},{"$i":"callAirplaneModeTitle","$v":"Modaliteti i fluturimit u aktivizua"},{"$i":"callAirplaneModeMessage","$v":"Për të kryer telefonatë duhet të çaktivizosh modalitetin e fluturimit te cilësimet."},{"$i":"emergencyDialogTitle","$v":"Nuk ka lidhje rrjeti"},{"$i":"emergencyDialogBodyBadNumber","$v":"Për të kryer telefonatë, telefoni duhet të jetë i lidhur me një rrjet."},{"$i":"emergencyDialogBodyDeviceNotAccepted","$v":"Telefonatat e emergjencës nuk lejohen nga rrjeti."},{"$i":"invalidNumberToDialTitle","$v":"Numër i pavlefshëm telefoni"},{"$i":"invalidNumberToDialMessage","$v":"Numri i telefonit që formove nuk është i vlefshëm."},{"$i":"emergency-call-only","$v":"Vetëm telefonata emergjence"},{"$i":"emergency-call-error","$v":[{"t":"idOrVar","v":"number"}," nuk është numër emergjence."]},{"$i":"numberIsBusyTitle","$v":"Numri është i zënë"},{"$i":"numberIsBusyMessage","$v":"Numri është i zënë për momentin. Provo sërish më vonë."},{"$i":"fdnIsActiveTitle","$v":"FDN aktive"},{"$i":"fdnIsActiveMessage","$v":["FDN (numra të caktuar telefoni) është aktive dhe numri i mëposhtëm nuk është në listën FDN: ",{"t":"idOrVar","v":"number"}]},{"$i":"otherConnectionInUseTitle","$v":"Lidhje tjetër në përdorim"},{"$i":"otherConnectionInUseMessage","$v":"Ke një telefonatë aktive në lidhjen tjetër. Mund të përdorësh vetëm një lidhje për rast."},{"$i":"GenericFailure","$v":"Defekt i përgjithshëm"},{"$i":"CallFailed","$v":"Telefonata nuk u krye"},{"$i":"scCallBarring","$v":"Bllokimi i telefonatave"},{"$i":"scCallForwarding","$v":"Devijimi i telefonatave"},{"$i":"scClip","$v":"ID e telefonuesit në hyrje"},{"$i":"scClir","$v":"ID e telefonuesit në dalje"},{"$i":"scPwd","$v":"Ndryshim fjalëkalimi"},{"$i":"scCallWaiting","$v":"Pritja e telefonatave"},{"$i":"scPin","$v":"Ndryshimi i PIN"},{"$i":"scPin2","$v":"Ndryshimi i PIN2"},{"$i":"scPuk","$v":"Shkyç PIN"},{"$i":"scPuk2","$v":"Shkyç PIN2"},{"$i":"scImei","$v":"IMEI"},{"$i":"scMeid","$v":"MEID"},{"$i":"scUssd","$v":"USSD"},{"$i":"deviceIsUnlocked","$v":"Pajisja është shkyçur"},{"$i":"simUnlockCodeAccepted","$v":"Kodi i shkyçjes së SIM u pranua"},{"$i":"simUnlockCodeFailed","$v":"Shkyçja e SIM pa sukses"},{"$i":"personal","$v":"Personal"},{"$i":"mobile","$v":"Celular"},{"$i":"home","$v":"Shtëpi"},{"$i":"work","$v":"Puna"},{"$i":"fax-home","$v":"Faksi i shtëpisë"},{"$i":"fax-office","$v":"Faksi i zyrës"},{"$i":"fax-other","$v":"Faks tjetër"},{"$i":"noSimCard","$v":"Nuk ka kartë SIM"},{"$i":"noService","$v":"S’ka shërbim"},{"$i":"lockedSim","$v":"SIM i kyçur"},{"$i":"airplaneMode","$v":"Gjendje e airoplanit"},{"$i":"wifi-calling","$v":"Telefonatë me \"Wi-Fi"},{"$i":"homescreen-settings","$v":"Cilësimet e ekranit kryesor"},{"$i":"change-wallpaper","$v":"Ndrysho sfondin"},{"$i":"add-smart-collections","$v":"Shto koleksione \"Smart"},{"$i":"edit-mode","$v":"Modifiko"},{"$i":"edit-done","$v":"U krye"},{"$i":"tutorial-for-side-menu-1","$v":["Shtyp tastin ",{"t":"idOrVar","v":"left"}," për të hapur aplikacionet në të majtë."]},{"$i":"tutorial-for-instant-settings-1","$v":["Shtyp tastin ",{"t":"idOrVar","v":"up"}," për cilësimet e përdorura shpesh."]},{"$i":"tutorial-for-notices","$v":"Shtyp tastin DJATHTAS për të parë njoftime të reja."},{"$i":"tutorial-for-google-assistant-1","$v":["Mbaj shtypur tastin ",{"t":"idOrVar","v":"microphone"}," për të folur."]},{"$i":"tutorial-for-voice-input-1","$v":["Mbaj shtypur tastin ",{"t":"idOrVar","v":"microphone"}," për të folur në fushën e tekstit."]},{"$i":"tutorial-for-find-kaistore-2","$v":"Gjeni aplikacionin KaiStore në faqen e parë të menusë së aplikacioneve."},{"$i":"tutorial-for-left","$v":"I mbetur"},{"$i":"tutorial-for-up","$v":"UP"},{"$i":"stop-download-title","$v":["Ndalo ",{"t":"idOrVar","v":"name"}]},{"$i":"stop-download-body","$v":"Të ndalohet shkarkimi në ecuri e sipër?"},{"$i":"stop-download-action","$v":"Ndalo"},{"$i":"resume-download-title","$v":"Rifillo shkarkimin"},{"$i":"resume-download-body","$v":["Të shkarkohet ",{"t":"idOrVar","v":"name"},"?"]},{"$i":"resume-download-action","$v":"Shkarko"},{"$i":"edit-group-header","$v":"Modifiko grupin"},{"$i":"gaia-shortcut-app-updated","$v":"Aplikacioni u përditësua"},{"$i":"clocks-updated","$v":"Orët u përditësuan"},{"$i":"longDateFormat","$v":"%A, %B %e"},{"$i":"app-title","$v":"Aplikacionet e mia"},{"$i":"app-uninstall","$v":[{"t":"idOrVar","v":"name"}," u çinstalua"]},{"$i":"confirmation","$v":"Konfirmimi"},{"$i":"clockDateFormat","$v":"%a, %e %b"},{"$i":"apn-sim1","$v":"Cilësimet e APN - SIM1"},{"$i":"apn-sim2","$v":"Cilësimet e APN - SIM2"},{"$i":"apnDefaultConfig","$v":"APN Default Config"},{"$i":"apn-defaultconfig-message","$v":"Cakto llojin e APN-së që do të përdoret        "},{"$i":"apnConfigPostpay","$v":"Postpay APN"},{"$i":"apnConfigPrepay","$v":"Prepay APN"},{"$i":"offline-toaster-message","$v":"Telefoni është jashtë linje."},{"$i":"dialog-title-new-card","$v":"Kartelë e re"},{"$i":"dialog-text-new-card-show","$v":"Ju keni marrë një kartë të re: Kërkoni në Internet."},{"$i":"not-connect-internet-text","$v":"Ju nuk keni lidhje interneti. Lidhu me internet tani?"},{"$i":"not-connect-internet-up-button","$v":"Aktivizoni të dhënat celulare"},{"$i":"not-connect-internet-down-button","$v":"Farë është e dhëna celulare"},{"$i":"not-data-plan-text","$v":"Me sa duket nuk ke një plan të dhënash për t'u lidhur me internetin. Këto janë zgjedhjet e tua.        "},{"$i":"not-data-plan-down-button","$v":"Përdorni Wi-Fi"},{"$i":"connect-internet-title","$v":"Ju jeni të lidhur"},{"$i":"connect-internet-text","$v":"Shikoni aplikacione të tilla si Dyqani, Lajmet, Moti dhe shfletuesi i Internetit."},{"$i":"utilities","$v":"Mjetet"},{"$i":"games","$v":"Lojërat"},{"$i":"toast-app-downloaded-to-folder","$v":[{"t":"idOrVar","v":"appName"}," është shkarkuar te dosja ",{"t":"idOrVar","v":"folderName"},"."]},{"$i":"toast-need-update-app","$v":"Ju lutemi azhurnoni aplikacionin në versionin e fundit për të vazhduar nga aplikacioni JioStore."},{"$i":"notices-reminder-header","$v":"Rikujtesë"},{"$i":"notices-reminder-content","$v":"Ju keni njoftime të palexuara. Kontrolloni nëse keni humbur ndonjë gjë të rëndësishme."},{"$i":"instant-settings","$v":"instant settings"},{"$i":"flashlight","$v":"Flashlight"},{"$i":"brightness","$v":"Brightness"},{"$i":"volume","$v":"Volume"},{"$i":"camera","$v":"Kamera"},{"$i":"calculator","$v":"Calculator"},{"$i":"airplane-mode","$v":"Airplane Mode"},{"$i":"wifi","$v":"Wi-Fi"},{"$i":"bluetooth","$v":"Bluetooth"},{"$i":"cellular-data","$v":"Cellular Data"},{"$i":"on","$v":"On"},{"$i":"off","$v":"Off"},{"$i":"percentage-number","$v":[{"t":"idOrVar","v":"number"},"%"]},{"$i":"eccOnly","$v":"Vetëm telefonata emergjence"},{"$i":"emergencyCallsOnly","$v":"Vetëm telefonata emergjence"},{"$i":"searching","$v":"Po kërkohet"},{"$i":"nocard-eccOnly","$v":"Asnjë kartë SIM-Vetëm thirrje urgjente"},{"$i":"unusablecard-eccOnly","$v":"Kartë SIM e papërdorshme-Vetëm thirrje urgjente"},{"$i":"nocard-noservice","$v":"Nuk ka kartë SIM-S’ka shërbim"},{"$i":"sim-with-index-and-carrier","$v":["SIM ",{"t":"idOrVar","v":"index"}," - ",{"t":"idOrVar","v":"carrier"}]},{"$i":"sim-without-carrier","$v":["SIM ",{"t":"idOrVar","v":"index"}]},{"$i":"call-forwarding-async","$v":["Asinkron: ",{"t":"idOrVar","v":"async"}]},{"$i":"call-forwarding-data","$v":["Të dhëna: ",{"t":"idOrVar","v":"data"}]},{"$i":"call-forwarding-error","$v":"Ndodhi një gabim gjatë leximit të gjendjes së devijimit të telefonatave"},{"$i":"call-forwarding-fax","$v":["FAKS: ",{"t":"idOrVar","v":"fax"}]},{"$i":"call-forwarding-inactive","$v":"Joaktiv"},{"$i":"call-forwarding-packet","$v":["Paketa: ",{"t":"idOrVar","v":"packet"}]},{"$i":"call-forwarding-pad","$v":["PAD: ",{"t":"idOrVar","v":"pad"}]},{"$i":"call-forwarding-sms","$v":["SMS: ",{"t":"idOrVar","v":"sms"}]},{"$i":"call-forwarding-status","$v":"Gjendja e devijimit të telefonatave"},{"$i":"call-forwarding-sync","$v":["Sinkron: ",{"t":"idOrVar","v":"sync"}]},{"$i":"call-forwarding-voice","$v":["Zëri: ",{"t":"idOrVar","v":"voice"}]},{"$i":"call-forwarding-voice-after-seconds","$v":["Zëri: ",{"t":"idOrVar","v":"voice"}," pas ",{"t":"idOrVar","v":"timeSeconds"}," sekondash"]},{"$i":"call-forwarding-reason","$v":["Reason: ",{"t":"idOrVar","v":"reason"}]},{"$i":"serviceClassVoice","$v":"Zëri"},{"$i":"serviceClassData","$v":"Të dhëna"},{"$i":"serviceClassFax","$v":"FAKS"},{"$i":"serviceClassSms","$v":"SMS"},{"$i":"serviceClassDataSync","$v":"Sinkronizim"},{"$i":"serviceClassDataAsync","$v":"Asinkr."},{"$i":"serviceClassPacket","$v":"Paketë"},{"$i":"serviceClassPad","$v":"PAD"},{"$i":"smServiceEnabled","$v":"Shërbimi u aktivizua"},{"$i":"smServiceDisabled","$v":"Shërbimi është çaktivizuar"},{"$i":"smServiceRegistered","$v":"Regjistrimi u krye me sukses"},{"$i":"smServiceErased","$v":"Fshirja ishte e suksesshme"},{"$i":"smServiceInterrogated","$v":"Kërkesa rezultoi me sukses"},{"$i":"smServiceNotProvisioned","$v":"Shërbimi nuk ofrohet"},{"$i":"smClirPermanent","$v":"Nuk e ndryshon dot cilësimin e ID së telefonuesit"},{"$i":"smClirDefaultOnNextCallOn","$v":"Vlerat e ID së tel. me kufizime. Tel. tjetër: Me kufizime"},{"$i":"smClirDefaultOnNextCallOff","$v":"Vlerat standarde të ID së telefonuesit me kufizime. Në telefonatën tjetër: Pa kufizime"},{"$i":"smClirDefaultOffNextCallOn","$v":"Vlerat standarde të ID së telefonuesit pa kufizime. Në telefonatën tjetër: Me kufizime"},{"$i":"smClirDefaultOffNextCallOff","$v":"Vlerat standarde të ID së telefonuesit pa kufizime. Në telefonatën tjetër: Pa kufizime"},{"$i":"smServiceEnabledFor","$v":"Shërb. u aktivizua për:"},{"$i":"smPinChanged","$v":"PIN u ndërrua me sukses"},{"$i":"smPinUnblocked","$v":"PIN u zhbllokua me sukses"},{"$i":"smPin2Changed","$v":"PIN2 u ndërrua me sukses"},{"$i":"smPin2Unblocked","$v":"PIN2 u zhbllokua me sukses"},{"$i":"ServiceIsEnabled","$v":"Shërbimi është aktiv"},{"$i":"ServiceIsDisabled","$v":"Shërbimi u çaktivizua"},{"$i":"ServiceIsEnabledFor","$v":"Shërbimi është aktiv për:"},{"$i":"emMmiError","$v":"Problem me lidhjen ose kod i pavlefshëm MMI"},{"$i":"emMmiErrorPasswordIncorrect","$v":"Fjalëkalim i gabuar"},{"$i":"emMmiErrorNotSupported","$v":"Kod MMI i pavlefshëm ose i pambështetur"},{"$i":"emMmiErrorInvalidAction","$v":"Veprim i pavlefshëm"},{"$i":"emMmiErrorInvalidScCode","$v":"Kod i pavlefshëm shërbimi"},{"$i":"emMmiErrorBadPuk","$v":"Kodi PUK që dhe nuk është i saktë"},{"$i":"emMmiErrorBadPin","$v":"Kodi i vjetër PIN që dhe nuk është i saktë."},{"$i":"emMmiErrorNeedPuk2","$v":"Për të zhbllokuar kartën SIM jep kodin PUK2"},{"$i":"emMmiErrorMismatchPin","$v":"Kodet PIN që dhe nuk përputhen"},{"$i":"emMmiErrorInvalidPin","$v":"Jep një PIN me 4 deri në 8 shifra"},{"$i":"emMmiErrorNeedsPuk","$v":"Karta SIM është e kyçur me PUK"},{"$i":"emMmiErrorEnablePin","$v":"Pa suskes. Aktivizo SIM/RUIM LOCK"},{"$i":"emMmiErrorMmiFdn","$v":"Veprimi kufiz. vetëm në numra të caktuar telefo. (FDN)"},{"$i":"emMmiErrorStkCcUssdDial","$v":"Kërkesa USSD u modifikua në kërkesë DIAL"},{"$i":"emMmiErrorStkCcUssdSs","$v":"Kërkesa USSD u modifikua në kërkesë SS"},{"$i":"emMmiErrorStkCcUssdUssd","$v":"Kërkesa USSD u modifikua në kërkesë të re USSD"},{"$i":"emMmiErrorStkCcSsDial","$v":"Kërkesa SS u modifikua në kërkesë DIAL"},{"$i":"emMmiErrorStkCcSsUssd","$v":"Kërkesa SS u modifikua në kërkesë USSD"},{"$i":"emMmiErrorStkCcSsSs","$v":"Kërkesa SS u modifikua në kërkesë SS"},{"$i":"emMmiErrorPinPukAttempts","$v":{"few":[{"t":"idOrVar","v":"n"}," ritentativa të mbetura"],"many":[{"t":"idOrVar","v":"n"}," ritentativa të mbetura"],"one":["Kanë mbetur vetëm ",{"t":"idOrVar","v":"n"}," prova"],"other":[{"t":"idOrVar","v":"n"}," ritentativa të mbetura"],"two":[{"t":"idOrVar","v":"n"}," ritentativa të mbetura"]},"$x":[{"t":"idOrVar","v":"plural"},"n"]},{"$i":"emMmiErrorSimBlocked","$v":"U tejkalua numri maksimal i provave. SIM u bllokua."},{"$i":"RadioNotAvailable","$v":"Radio not available"},{"$i":"PasswordIncorrect","$v":"Fjalëkalim i gabuar"},{"$i":"SimPin2","$v":"PIN2 i SIM"},{"$i":"SimPuk2","$v":"PUK2 i SIM"},{"$i":"RequestNotSupported","$v":"Kërkesa nuk mbështetet"},{"$i":"OpNotAllowedDuringVoiceCall","$v":"Veprimi nuk lejohet gjatë telefo. zan."},{"$i":"SmsSendFailRetry","$v":"SMS send fail retry"},{"$i":"SimAbsent","$v":"Mungon SIM"},{"$i":"SubscriptionNotAvailable","$v":"Nuk ka abonim"},{"$i":"ModeNotSupported","$v":"Modaliteti nuk mbështetet"},{"$i":"FdnCheckFailure","$v":"FDN nuk u kontrollua dot"},{"$i":"IllegalSimOrMe","$v":"SIM ose ME e palejuar"},{"$i":"DialModifiedToUssd","$v":"Dial modified to USSD"},{"$i":"DialModifiedToSs","$v":"Dial modified to SS"},{"$i":"DialModifiedToDial","$v":"Dial modified to dial"},{"$i":"UssdModifiedToDial","$v":"USSD u mod. për telefo."},{"$i":"UssdModifiedToSs","$v":"USSD u modifikua për SS"},{"$i":"UssdModifiedToUssd","$v":"USSD u modifi. për USSD"},{"$i":"SsModifiedToDial","$v":"SS u modifikua për telefonim"},{"$i":"SsModifiedToUssd","$v":"SS u modifikua në USSD"},{"$i":"SsModifiedToSs","$v":"SS u modifikua në SS"},{"$i":"SubscriptionNotSupported","$v":"Nuk mbështetet abonim"},{"$i":"InvalidParameter","$v":"Parametër i pavlefshëm"},{"$i":"RejectedByRemote","$v":"Refuzuar nga telekomanda"},{"$i":"GetEmptyUssdPrompt","$v":"Përgjigja nuk u mor."},{"$i":"LimitBlockNumber","$v":"Ky numër është i bllokuar. Ju mund t'i kërkoni prindërit tuaj leje."},{"$i":"IncorrectPassword","$v":"Fjalëkalim i pasaktë."},{"$i":"Cancelled","$v":"Anuluar."},{"$i":"OpNotAllowedBeforeRegToNw","$v":"Operacioni nuk lejohet përpara se të regjistrohej në rrjet"},{"$i":"MissingResource","$v":"Burimi i munguar."},{"$i":"UnspecifiedError","$v":"Gabim i paspecifikuar."},{"$i":"label","$v":"Etiketë"},{"$i":"faxHome","$v":"Faksi i shtëpisë"},{"$i":"faxOffice","$v":"Faksi i zyrës"},{"$i":"faxOther","$v":"Faks tjetër"},{"$i":"another","$v":"Një tjetër"},{"$i":"other","$v":"Tjetër"},{"$i":"customTag","$v":"Etiketë e personalizuar","placeholder":"Etiketë e personalizuar"},{"$i":"current","$v":"Aktual"},{"$i":"itemWithLabel","$v":[{"t":"idOrVar","v":"label"},", ",{"t":"idOrVar","v":"item"}]},{"$i":"weekday-0-long","$v":"E diel"},{"$i":"weekday-1-long","$v":"E hënë"},{"$i":"weekday-2-long","$v":"E martë"},{"$i":"weekday-3-long","$v":"E mërkurë"},{"$i":"weekday-4-long","$v":"E enjte"},{"$i":"weekday-5-long","$v":"E premte"},{"$i":"weekday-6-long","$v":"E shtunë"},{"$i":"weekday-0-short","$v":"Die"},{"$i":"weekday-1-short","$v":"Hën"},{"$i":"weekday-2-short","$v":"Mar"},{"$i":"weekday-3-short","$v":"Mër"},{"$i":"weekday-4-short","$v":"Enj"},{"$i":"weekday-5-short","$v":"Pre"},{"$i":"weekday-6-short","$v":"Sht"},{"$i":"month-0-long","$v":"Janar"},{"$i":"month-1-long","$v":"Shkurt"},{"$i":"month-2-long","$v":"Mars"},{"$i":"month-3-long","$v":"Prill"},{"$i":"month-4-long","$v":"Maj"},{"$i":"month-5-long","$v":"Qershor"},{"$i":"month-6-long","$v":"Korrik"},{"$i":"month-7-long","$v":"Gusht"},{"$i":"month-8-long","$v":"Shtator"},{"$i":"month-9-long","$v":"Tetor"},{"$i":"month-10-long","$v":"Nëntor"},{"$i":"month-11-long","$v":"Dhjetor"},{"$i":"month-0-genitive","$v":"Janar"},{"$i":"month-1-genitive","$v":"Shkurt"},{"$i":"month-2-genitive","$v":"Mars"},{"$i":"month-3-genitive","$v":"Prill"},{"$i":"month-4-genitive","$v":"Maj"},{"$i":"month-5-genitive","$v":"Qershor"},{"$i":"month-6-genitive","$v":"Korrik"},{"$i":"month-7-genitive","$v":"Gusht"},{"$i":"month-8-genitive","$v":"Shtator"},{"$i":"month-9-genitive","$v":"Tetor"},{"$i":"month-10-genitive","$v":"Nëntor"},{"$i":"month-11-genitive","$v":"Dhjetor"},{"$i":"month-0-short","$v":"Jan"},{"$i":"month-1-short","$v":"Shku"},{"$i":"month-2-short","$v":"Mar"},{"$i":"month-3-short","$v":"Pri"},{"$i":"month-4-short","$v":"Maj"},{"$i":"month-5-short","$v":"Qer"},{"$i":"month-6-short","$v":"Korr"},{"$i":"month-7-short","$v":"Gush"},{"$i":"month-8-short","$v":"Shta"},{"$i":"month-9-short","$v":"Tet"},{"$i":"month-10-short","$v":"Nën"},{"$i":"month-11-short","$v":"Dhj"},{"$i":"minutes-ago-long","$v":{"few":[{"t":"idOrVar","v":"value"}," minuta më parë"],"many":[{"t":"idOrVar","v":"value"}," minuta më parë"],"other":[{"t":"idOrVar","v":"value"}," minuta më parë"],"two":[{"t":"idOrVar","v":"value"}," minuta më parë"],"one":"një minutë më parë","zero":"sapo"},"$x":[{"t":"idOrVar","v":"plural"},"value"]},{"$i":"hours-ago-long","$v":{"few":[{"t":"idOrVar","v":"value"}," orë më parë"],"many":[{"t":"idOrVar","v":"value"}," orë më parë"],"other":[{"t":"idOrVar","v":"value"}," orë më parë"],"two":[{"t":"idOrVar","v":"value"}," orë më parë"],"one":"1 orë më parë","zero":"sapo"},"$x":[{"t":"idOrVar","v":"plural"},"value"]},{"$i":"days-ago-long","$v":{"few":[{"t":"idOrVar","v":"value"}," ditë më parë"],"many":[{"t":"idOrVar","v":"value"}," ditë më parë"],"one":"dje","other":[{"t":"idOrVar","v":"value"}," ditë më parë"],"two":[{"t":"idOrVar","v":"value"}," ditë më parë"],"zero":"sot"},"$x":[{"t":"idOrVar","v":"plural"},"value"]},{"$i":"weeks-ago-long","$v":{"few":[{"t":"idOrVar","v":"value"}," javë më parë"],"many":[{"t":"idOrVar","v":"value"}," javë më parë"],"one":"javën e kaluar","other":[{"t":"idOrVar","v":"value"}," javë më parë"],"two":[{"t":"idOrVar","v":"value"}," javë më parë"],"zero":"këtë javë"},"$x":[{"t":"idOrVar","v":"plural"},"value"]},{"$i":"months-ago-long","$v":{"few":[{"t":"idOrVar","v":"value"}," muaj më parë"],"many":[{"t":"idOrVar","v":"value"}," muaj më parë"],"one":"muajin e kaluar","other":[{"t":"idOrVar","v":"value"}," muaj më parë"],"two":[{"t":"idOrVar","v":"value"}," muaj më parë"],"zero":"këtë muaj"},"$x":[{"t":"idOrVar","v":"plural"},"value"]},{"$i":"years-ago-long","$v":{"few":[{"t":"idOrVar","v":"value"}," vite më parë"],"many":[{"t":"idOrVar","v":"value"}," vite më parë"],"one":"vitin e kaluar","other":[{"t":"idOrVar","v":"value"}," vite më parë"],"two":[{"t":"idOrVar","v":"value"}," vite më parë"],"zero":"këtë vit"},"$x":[{"t":"idOrVar","v":"plural"},"value"]},{"$i":"minutes-until-long","$v":{"few":["për ",{"t":"idOrVar","v":"value"}," minuta"],"many":["për ",{"t":"idOrVar","v":"value"}," minuta"],"other":["për ",{"t":"idOrVar","v":"value"}," minuta"],"two":["për ",{"t":"idOrVar","v":"value"}," minuta"],"zero":"tani","one":"në 1 minutë"},"$x":[{"t":"idOrVar","v":"plural"},"value"]},{"$i":"hours-until-long","$v":{"few":["për ",{"t":"idOrVar","v":"value"}," orë"],"many":["për ",{"t":"idOrVar","v":"value"}," orë"],"other":["për ",{"t":"idOrVar","v":"value"}," orë"],"two":["për ",{"t":"idOrVar","v":"value"}," orë"],"zero":"tani","one":"në 1 orë"},"$x":[{"t":"idOrVar","v":"plural"},"value"]},{"$i":"days-until-long","$v":{"few":["për ",{"t":"idOrVar","v":"value"}," ditë"],"many":["për ",{"t":"idOrVar","v":"value"}," ditë"],"one":"nesër","other":["për ",{"t":"idOrVar","v":"value"}," ditë"],"two":["për ",{"t":"idOrVar","v":"value"}," ditë"],"zero":"sot"},"$x":[{"t":"idOrVar","v":"plural"},"value"]},{"$i":"weeks-until-long","$v":{"few":["për ",{"t":"idOrVar","v":"value"}," javë"],"many":["për ",{"t":"idOrVar","v":"value"}," javë"],"one":"javën tjetër","other":["për ",{"t":"idOrVar","v":"value"}," javë"],"two":["për ",{"t":"idOrVar","v":"value"}," javë"],"zero":"këtë javë"},"$x":[{"t":"idOrVar","v":"plural"},"value"]},{"$i":"months-until-long","$v":{"few":["për ",{"t":"idOrVar","v":"value"}," muaj"],"many":["për ",{"t":"idOrVar","v":"value"}," muaj"],"one":"muajin tjetër","other":["për ",{"t":"idOrVar","v":"value"}," muaj"],"two":["për ",{"t":"idOrVar","v":"value"}," muaj"],"zero":"këtë muaj"},"$x":[{"t":"idOrVar","v":"plural"},"value"]},{"$i":"years-until-long","$v":{"few":["për ",{"t":"idOrVar","v":"value"}," vjet"],"many":["për ",{"t":"idOrVar","v":"value"}," vjet"],"one":"vitin tjetër","other":["për ",{"t":"idOrVar","v":"value"}," vjet"],"two":["për ",{"t":"idOrVar","v":"value"}," vjet"],"zero":"këtë vit"},"$x":[{"t":"idOrVar","v":"plural"},"value"]},{"$i":"minutes-ago-short","$v":{"other":[{"t":"idOrVar","v":"value"}," min më parë"],"zero":"sapo"},"$x":[{"t":"idOrVar","v":"plural"},"value"]},{"$i":"hours-ago-short","$v":{"other":[{"t":"idOrVar","v":"value"}," orë më parë"],"zero":"sapo"},"$x":[{"t":"idOrVar","v":"plural"},"value"]},{"$i":"days-ago-short","$v":{"other":[{"t":"idOrVar","v":"value"}," ditë më parë"],"zero":"sot"},"$x":[{"t":"idOrVar","v":"plural"},"value"]},{"$i":"minutes-until-short","$v":{"other":["për ",{"t":"idOrVar","v":"value"}," min"],"zero":"tani"},"$x":[{"t":"idOrVar","v":"plural"},"value"]},{"$i":"hours-until-short","$v":{"other":["për ",{"t":"idOrVar","v":"value"}," orë"],"zero":"tani"},"$x":[{"t":"idOrVar","v":"plural"},"value"]},{"$i":"days-until-short","$v":{"other":["për ",{"t":"idOrVar","v":"value"}," ditë"],"zero":"sot"},"$x":[{"t":"idOrVar","v":"plural"},"value"]},{"$i":"incorrectDate","$v":"(datë e pasaktë)"},{"$i":"dateTimeFormat_%c","$v":"%a %b %e %Y %I:%M:%S %p"},{"$i":"dateTimeFormat_%x","$v":"%m/%d/%Y"},{"$i":"dateTimeFormat_%X","$v":"%I:%M:%S %p"},{"$i":"shortTimeFormat","$v":"%I:%M %p"},{"$i":"shortTimeFormat12","$v":"%I:%M %p"},{"$i":"shortTimeFormat24","$v":"%H:%M"},{"$i":"shortDateTimeFormat","$v":"%x %I:%M %p"},{"$i":"weekStartsOnMonday","$v":"0.0"},{"$i":"firstDayOfTheWeek","$v":"1.0"},{"$i":"time_am","$v":"p.d."},{"$i":"time_pm","$v":"m.d."}]