[{"$i":"search-or-enter-address","placeholder":"Pretr. ili unes. adr."},{"$i":"delete-title","$v":["Brisanje ",{"t":"idOrVar","v":"name"}]},{"$i":"delete-body","$v":[{"t":"idOrVar","v":"name"}," i svi njegovi podaci biće izbrisani."]},{"$i":"delete","$v":"Izbriši"},{"$i":"cancel","$v":"Otkaži"},{"$i":"apps","$v":"Aplikacije"},{"$i":"menu","$v":"Meni"},{"$i":"notifications","$v":"Obaveštenja"},{"$i":"speed-dial","$v":"Brzo biranje"},{"$i":"select","$v":"Odaberi"},{"$i":"move","$v":"Premesti"},{"$i":"ok","$v":"OK"},{"$i":"set","$v":"Podesi"},{"$i":"edit","$v":"Uređivanje"},{"$i":"call","$v":"Poziv"},{"$i":"message","$v":"Poruka"},{"$i":"options","$v":"Opcije"},{"$i":"assign","$v":"Dodeli"},{"$i":"remove","$v":"Ukloni"},{"$i":"replace","$v":"Zameni"},{"$i":"more","$v":"Još"},{"$i":"settings","$v":"Podešavanja"},{"$i":"contacts","$v":"Kontakti"},{"$i":"list-view","$v":"Prikaz liste"},{"$i":"grid-view","$v":"Prikaz mreže"},{"$i":"single-view","$v":"Prikaz jednog"},{"$i":"skip","$v":"Preskoči"},{"$i":"shortcuts","$v":"Prečice"},{"$i":"next","$v":"Sledeće"},{"$i":"back","$v":"Nazad"},{"$i":"memory-cleaner","$v":"Мемори Цлеанер"},{"$i":"open","$v":"Otvori"},{"$i":"voicemail","$v":"Govorna pošta"},{"$i":"speed-dial-not-empty","ariaLabel":[{"t":"idOrVar","v":"order"},", ",{"t":"idOrVar","v":"name"}]},{"$i":"speed-dial-empty","ariaLabel":[{"t":"idOrVar","v":"order"},", prazno"]},{"$i":"remove-speed-dial","$v":["Želite li sigurno da uklonite ",{"t":"idOrVar","v":"name"}," sa brzog biranja?"]},{"$i":"replace-speed-dial","$v":["Želite li sigurno da ",{"t":"idOrVar","v":"name"}," zamenite ",{"t":"idOrVar","v":"subName"},"?"]},{"$i":"assign-speed-dial","$v":["Kontakt nije dodat na dugme ",{"t":"idOrVar","v":"n"}," za brzo biranje. Dodeliti sada?"]},{"$i":"assign-voicemail","$v":"Broj govorne pošte nije podešen."},{"$i":"alert-for-contacts-without-number","$v":"Nema dostupnih kontakata sa brojem telefona."},{"$i":"option-remove","$v":"Ukloni sa brzog biranja"},{"$i":"option-replace","$v":"Zameni"},{"$i":"all-apps","$v":"Sve aplikacije"},{"$i":"uninstall","$v":"Deinstaliraj"},{"$i":"confirm-to-uninstall-app","$v":["Deinstalirati apl. ",{"t":"idOrVar","v":"appName"},"?"]},{"$i":"confirm-to-unpin-bookmark","$v":"Želite da otkačite veb lokaciju?"},{"$i":"unpin","$v":"Otkači"},{"$i":"rename","$v":"Preimenuj"},{"$i":"title","$v":"Naslov"},{"$i":"add-to-existing-contact","$v":"Dodaj postojećem kontaktu"},{"$i":"create-new-contact","$v":"Kreiraj novi kontakt"},{"$i":"sending","$v":"Сачекајте…"},{"$i":"video-call","$v":"Video poziv"},{"$i":"rtt-call","$v":"RTT poziv"},{"$i":"callAirplaneModeTitle","$v":"Režim rada u avionu je aktiviran"},{"$i":"callAirplaneModeMessage","$v":"Da biste obavili poziv, morate onemogućiti režim rada u avionu u podešavanjima."},{"$i":"emergencyDialogTitle","$v":"Nema mrežne veze"},{"$i":"emergencyDialogBodyBadNumber","$v":"Da biste obavili poziv, telefon mora biti povezan na mrežu."},{"$i":"emergencyDialogBodyDeviceNotAccepted","$v":"Mreža ne dozvoljava hitne pozive."},{"$i":"invalidNumberToDialTitle","$v":"Nevažeći broj telefona"},{"$i":"invalidNumberToDialMessage","$v":"Broj koji pokušavate da pozovete nije važeći."},{"$i":"emergency-call-only","$v":"Samo hitni pozivi"},{"$i":"emergency-call-error","$v":[{"t":"idOrVar","v":"number"}," nije broj za hitne pozive."]},{"$i":"numberIsBusyTitle","$v":"Broj je zauzet"},{"$i":"numberIsBusyMessage","$v":"Broj je trenutno zauzet. Pokušajte ponovo kasnije."},{"$i":"fdnIsActiveTitle","$v":"Opcija FDN je aktivirana"},{"$i":"fdnIsActiveMessage","$v":["Opcija FDN (brojevi fiksnog biranja) je aktivirana i sledeći broj se ne nalazi na vašoj FDN listi: ",{"t":"idOrVar","v":"number"}]},{"$i":"otherConnectionInUseTitle","$v":"Koristi se druga veza"},{"$i":"otherConnectionInUseMessage","$v":"Imate aktivan poziv na drugoj vezi. Ne možete koristiti više veza istovremeno."},{"$i":"GenericFailure","$v":"Generička greška"},{"$i":"CallFailed","$v":"Poziv nije uspeo"},{"$i":"scCallBarring","$v":"Zabrana poziva"},{"$i":"scCallForwarding","$v":"Preusmeravanje poziva"},{"$i":"scClip","$v":"ID pozivaoca dolaznog poziva"},{"$i":"scClir","$v":"ID poziv. odl. poziva"},{"$i":"scPwd","$v":"Promena lozinke"},{"$i":"scCallWaiting","$v":"Poziv na čekanju"},{"$i":"scPin","$v":"Promena PIN koda"},{"$i":"scPin2","$v":"Promena PIN2 koda"},{"$i":"scPuk","$v":"Odblokiraj PIN kod"},{"$i":"scPuk2","$v":"Odblokiraj PIN2 kod"},{"$i":"scImei","$v":"IMEI"},{"$i":"scMeid","$v":"MEID"},{"$i":"scUssd","$v":"USSD"},{"$i":"deviceIsUnlocked","$v":"Uređaj je otključan"},{"$i":"simUnlockCodeAccepted","$v":"Šifra za otključavanje SIM-a prihvaćena"},{"$i":"simUnlockCodeFailed","$v":"Otključavanje SIM-a nije uspelo"},{"$i":"personal","$v":"Lično"},{"$i":"mobile","$v":"Mobilni"},{"$i":"home","$v":"Kuća"},{"$i":"work","$v":"Posao"},{"$i":"fax-home","$v":"Faks kod kuće"},{"$i":"fax-office","$v":"Faks na poslu"},{"$i":"fax-other","$v":"Drugi faks"},{"$i":"noSimCard","$v":"Nema SIM kartice"},{"$i":"noService","$v":"Nema usluge"},{"$i":"lockedSim","$v":"Zaključani SIM"},{"$i":"airplaneMode","$v":"Аирплане Моде"},{"$i":"wifi-calling","$v":"Wi-Fi pozivanje"},{"$i":"homescreen-settings","$v":"Podešavanja početnog ekrana"},{"$i":"change-wallpaper","$v":"Promeni pozadinu"},{"$i":"add-smart-collections","$v":"Dodaj pametne kolekcije"},{"$i":"edit-mode","$v":"Uređivanje"},{"$i":"edit-done","$v":"Gotovo"},{"$i":"tutorial-for-side-menu-1","$v":["Pritisnite taster ",{"t":"idOrVar","v":"left"}," za pristup aplikacijama sa leve strane."]},{"$i":"tutorial-for-instant-settings-1","$v":["Pritisnite taster ",{"t":"idOrVar","v":"up"}," za često korišćena podešavanja."]},{"$i":"tutorial-for-notices","$v":"Pritisnite DESNI taster da biste videli nova obaveštenja."},{"$i":"tutorial-for-google-assistant-1","$v":["Dugo pritisnite taster ",{"t":"idOrVar","v":"microphone"}," da biste govorili."]},{"$i":"tutorial-for-voice-input-1","$v":["Dugo pritisnite taster ",{"t":"idOrVar","v":"microphone"}," za glasovni unos u tekstualno polje."]},{"$i":"tutorial-for-find-kaistore-2","$v":"Пронађите апликацију КаиСторе на првој страници менија апликација."},{"$i":"tutorial-for-left","$v":"Preostalo"},{"$i":"tutorial-for-up","$v":"УП"},{"$i":"stop-download-title","$v":["Zaustavi ",{"t":"idOrVar","v":"name"}]},{"$i":"stop-download-body","$v":"Želite li da zaustavite preuzimanje koje je u toku?"},{"$i":"stop-download-action","$v":"Zaustavi"},{"$i":"resume-download-title","$v":"Pon. pokr. preuz."},{"$i":"resume-download-body","$v":["Želite li da preuzmete ",{"t":"idOrVar","v":"name"},"?"]},{"$i":"resume-download-action","$v":"Preuzimanje"},{"$i":"edit-group-header","$v":"Uredi grupu"},{"$i":"gaia-shortcut-app-updated","$v":"Aplikacija je ažurirana"},{"$i":"clocks-updated","$v":"Satovi su ažurirani"},{"$i":"longDateFormat","$v":"%A, %B %e"},{"$i":"app-title","$v":"Moje aplikacije"},{"$i":"app-uninstall","$v":[{"t":"idOrVar","v":"name"}," je deinstalirana"]},{"$i":"confirmation","$v":"Potvrda"},{"$i":"clockDateFormat","$v":"%a, %e %b"},{"$i":"apn-sim1","$v":"APN podešavanja – SIM1"},{"$i":"apn-sim2","$v":"APN podešavanja – SIM2"},{"$i":"apnDefaultConfig","$v":"APN Default Config"},{"$i":"apn-defaultconfig-message","$v":"Podesite koji tip APN-a treba koristiti"},{"$i":"apnConfigPostpay","$v":"Postpay APN"},{"$i":"apnConfigPrepay","$v":"Prepay APN"},{"$i":"offline-toaster-message","$v":"Телефон је оффлине."},{"$i":"dialog-title-new-card","$v":"Нова картица"},{"$i":"dialog-text-new-card-show","$v":"Добили сте нову картицу: Претражите Интернет."},{"$i":"not-connect-internet-text","$v":"Немате интернетску везу. Да ли се сада повезујете на Интернет?"},{"$i":"not-connect-internet-up-button","$v":"Укључите мобилне податке"},{"$i":"not-connect-internet-down-button","$v":"Шта су ћелијски подаци"},{"$i":"not-data-plan-text","$v":"Izgleda da nemate tarifni plan za povezivanje sa internetom. Ovo su opcije koje su vam dostupne."},{"$i":"not-data-plan-down-button","$v":"Користите Ви-Фи"},{"$i":"connect-internet-title","$v":"Повезани сте"},{"$i":"connect-internet-text","$v":"Погледајте апликације као што су продавница, вести, време и Интернет претраживач."},{"$i":"utilities","$v":"Utilities"},{"$i":"games","$v":"Games"},{"$i":"toast-app-downloaded-to-folder","$v":[{"t":"idOrVar","v":"appName"}," se preuzima u fasciklu ",{"t":"idOrVar","v":"folderName"},"."]},{"$i":"toast-need-update-app","$v":"Ажурирајте апликацију на најновију верзију да бисте наставили са апликацијом ЈиоСторе."},{"$i":"notices-reminder-header","$v":"Podsetnik"},{"$i":"notices-reminder-content","$v":"Имате непрочитане обавештења. Проверите да ли сте пропустили нешто важно."},{"$i":"instant-settings","$v":"instant settings"},{"$i":"flashlight","$v":"Flashlight"},{"$i":"brightness","$v":"Brightness"},{"$i":"volume","$v":"Volume"},{"$i":"camera","$v":"Fotoaparat"},{"$i":"calculator","$v":"Calculator"},{"$i":"airplane-mode","$v":"Airplane Mode"},{"$i":"wifi","$v":"Wi-Fi"},{"$i":"bluetooth","$v":"Bluetooth"},{"$i":"cellular-data","$v":"Cellular Data"},{"$i":"on","$v":"On"},{"$i":"off","$v":"Off"},{"$i":"percentage-number","$v":[{"t":"idOrVar","v":"number"},"%"]},{"$i":"eccOnly","$v":"Samo hitni pozivi"},{"$i":"emergencyCallsOnly","$v":"Samo hitni pozivi"},{"$i":"searching","$v":"Pretraga"},{"$i":"nocard-eccOnly","$v":"Нема СИМ картице само позиви за хитне случајеве"},{"$i":"unusablecard-eccOnly","$v":"Некоришћена СИМ картица - само хитни позиви"},{"$i":"nocard-noservice","$v":"Nema SIM kartice-Nema usluge"},{"$i":"sim-with-index-and-carrier","$v":["SIM ",{"t":"idOrVar","v":"index"}," - ",{"t":"idOrVar","v":"carrier"}]},{"$i":"sim-without-carrier","$v":["SIM ",{"t":"idOrVar","v":"index"}]},{"$i":"call-forwarding-async","$v":["Asinhrono: ",{"t":"idOrVar","v":"async"}]},{"$i":"call-forwarding-data","$v":["Podaci: ",{"t":"idOrVar","v":"data"}]},{"$i":"call-forwarding-error","$v":"Došlo je do greške pri preuzimanja statusa preusmeravanja poziva"},{"$i":"call-forwarding-fax","$v":["FAKS: ",{"t":"idOrVar","v":"fax"}]},{"$i":"call-forwarding-inactive","$v":"Neaktivno"},{"$i":"call-forwarding-packet","$v":["Paket: ",{"t":"idOrVar","v":"packet"}]},{"$i":"call-forwarding-pad","$v":["PAD: ",{"t":"idOrVar","v":"pad"}]},{"$i":"call-forwarding-sms","$v":["SMS: ",{"t":"idOrVar","v":"sms"}]},{"$i":"call-forwarding-status","$v":"Status preusmeravanja poziva"},{"$i":"call-forwarding-sync","$v":["Sinhronizovano: ",{"t":"idOrVar","v":"sync"}]},{"$i":"call-forwarding-voice","$v":["Glas: ",{"t":"idOrVar","v":"voice"}]},{"$i":"call-forwarding-voice-after-seconds","$v":["Glas: ",{"t":"idOrVar","v":"voice"}," posle ovoliko sekundi: ",{"t":"idOrVar","v":"timeSeconds"}]},{"$i":"call-forwarding-reason","$v":["Reason: ",{"t":"idOrVar","v":"reason"}]},{"$i":"serviceClassVoice","$v":"Glas"},{"$i":"serviceClassData","$v":"Podaci"},{"$i":"serviceClassFax","$v":"FAKS"},{"$i":"serviceClassSms","$v":"SMS"},{"$i":"serviceClassDataSync","$v":"Sinhronizacija"},{"$i":"serviceClassDataAsync","$v":"Asinh."},{"$i":"serviceClassPacket","$v":"Paket"},{"$i":"serviceClassPad","$v":"PAD"},{"$i":"smServiceEnabled","$v":"Usluga je omogućena"},{"$i":"smServiceDisabled","$v":"Usluga je onemogućena"},{"$i":"smServiceRegistered","$v":"Uspešno ste se registrovali"},{"$i":"smServiceErased","$v":"Brisanje je uspelo"},{"$i":"smServiceInterrogated","$v":"Zahtev je uspešan"},{"$i":"smServiceNotProvisioned","$v":"Usluga nije obezbeđena"},{"$i":"smClirPermanent","$v":"Ne možete da promenite podešavanja ID-a pozivaoca"},{"$i":"smClirDefaultOnNextCallOn","$v":"Podr. ID poz. nije dost. Sled. poziv: nije dost."},{"$i":"smClirDefaultOnNextCallOff","$v":"Podrazumevani ID pozivaoca nije dostupan. Sledeći poziv: dostupan"},{"$i":"smClirDefaultOffNextCallOn","$v":"Podrazumevani ID pozivaoca je dostupan. Sledeći poziv: nije dostupan"},{"$i":"smClirDefaultOffNextCallOff","$v":"Podrazumevani ID pozivaoca je dostupan. Sledeći poziv: dostupan"},{"$i":"smServiceEnabledFor","$v":"Usluga je omog. za:"},{"$i":"smPinChanged","$v":"PIN uspešno prom."},{"$i":"smPinUnblocked","$v":"PIN uspešno debl."},{"$i":"smPin2Changed","$v":"PIN2 kod je uspešno promenjen"},{"$i":"smPin2Unblocked","$v":"PIN2 uspešno debl."},{"$i":"ServiceIsEnabled","$v":"Usluga je omogućena"},{"$i":"ServiceIsDisabled","$v":"Usluga je onemogućena"},{"$i":"ServiceIsEnabledFor","$v":"Usluga je omogućena za:"},{"$i":"emMmiError","$v":"Problem sa povezivanjem ili MMI šifrom"},{"$i":"emMmiErrorPasswordIncorrect","$v":"Netačna lozinka"},{"$i":"emMmiErrorNotSupported","$v":"Nevažeći ili nepodržani MMI kod"},{"$i":"emMmiErrorInvalidAction","$v":"Nevažeća radnja"},{"$i":"emMmiErrorInvalidScCode","$v":"Nevažeći servisni kod"},{"$i":"emMmiErrorBadPuk","$v":"PUK kod koji ste uneli je netačan"},{"$i":"emMmiErrorBadPin","$v":"Stari PIN kod koji ste uneli je netačan."},{"$i":"emMmiErrorNeedPuk2","$v":"Unesite PUK2 kod da biste deblokirali SIM karticu"},{"$i":"emMmiErrorMismatchPin","$v":"PIN kodovi koje ste uneli se ne podudaraju"},{"$i":"emMmiErrorInvalidPin","$v":"Unesite PIN kod koji se sastoji od 4 do 8 brojeva"},{"$i":"emMmiErrorNeedsPuk","$v":"Vaša SIM kartica je zaključana PUK kodom"},{"$i":"emMmiErrorEnablePin","$v":"Neuspešno. Omogući SIM/RUIM BLOKADU"},{"$i":"emMmiErrorMmiFdn","$v":"Oper. je ogr. isključivo na br. fiks. bir."},{"$i":"emMmiErrorStkCcUssdDial","$v":"USSD zahtev je promenjen u DIAL zahtev"},{"$i":"emMmiErrorStkCcUssdSs","$v":"USSD zahtev je promenjen u SS zahtev"},{"$i":"emMmiErrorStkCcUssdUssd","$v":"USSD zahtev je promenjen u novi USSD zahtev"},{"$i":"emMmiErrorStkCcSsDial","$v":"SS zahtev je promenjen u zahtev za biranje"},{"$i":"emMmiErrorStkCcSsUssd","$v":"SS zaht. je prom. u USSD zaht."},{"$i":"emMmiErrorStkCcSsSs","$v":"SS zahtev je promenjen u novi SS zahtev"},{"$i":"emMmiErrorPinPukAttempts","$v":{"few":[{"t":"idOrVar","v":"n"}," pokušaja preostala"],"many":[{"t":"idOrVar","v":"n"}," pokušaja preostalo"],"one":["Ost.samo ",{"t":"idOrVar","v":"n"}," pok."],"other":[{"t":"idOrVar","v":"n"}," pokušaja preostalo"],"two":[{"t":"idOrVar","v":"n"}," pokušaja preostala"]},"$x":[{"t":"idOrVar","v":"plural"},"n"]},{"$i":"emMmiErrorSimBlocked","$v":"Maksimalni broj ponovnih pokušaja prekoračen. SIM kartica blokirana"},{"$i":"RadioNotAvailable","$v":"Radio not available"},{"$i":"PasswordIncorrect","$v":"Lozinka nije tačna"},{"$i":"SimPin2","$v":"PIN2 kod za SIM karticu"},{"$i":"SimPuk2","$v":"PUK2 kod za SIM karticu"},{"$i":"RequestNotSupported","$v":"Zahtev nije podržan"},{"$i":"OpNotAllowedDuringVoiceCall","$v":"Oper. nije dozv. tokom gov. poz."},{"$i":"SmsSendFailRetry","$v":"SMS send fail retry"},{"$i":"SimAbsent","$v":"Nema SIM kartice"},{"$i":"SubscriptionNotAvailable","$v":"Pretplata nije dostupna"},{"$i":"ModeNotSupported","$v":"Režim nije podržan"},{"$i":"FdnCheckFailure","$v":"Provera Fdn nije uspela"},{"$i":"IllegalSimOrMe","$v":"Nevažeća SIM kartica ili ME"},{"$i":"DialModifiedToUssd","$v":"Dial modified to USSD"},{"$i":"DialModifiedToSs","$v":"Dial modified to SS"},{"$i":"DialModifiedToDial","$v":"Dial modified to dial"},{"$i":"UssdModifiedToDial","$v":"USSD prilagođen biranju"},{"$i":"UssdModifiedToSs","$v":"USSD prilagođen SS-u"},{"$i":"UssdModifiedToUssd","$v":"USSD prilagođen USSD-u"},{"$i":"SsModifiedToDial","$v":"SS prilagođen biranju"},{"$i":"SsModifiedToUssd","$v":"SS prilagođen USSD-u"},{"$i":"SsModifiedToSs","$v":"SS prilagođen SS-u"},{"$i":"SubscriptionNotSupported","$v":"Pretplata nije podržana"},{"$i":"InvalidParameter","$v":"Nevažeći parametar"},{"$i":"RejectedByRemote","$v":"Daljinski odbijeno"},{"$i":"GetEmptyUssdPrompt","$v":"Примљен је нулти одговор."},{"$i":"LimitBlockNumber","$v":"Овај број је блокиран. Можете питати родитеље за дозволу."},{"$i":"IncorrectPassword","$v":"Погрешна лозинка."},{"$i":"Cancelled","$v":"Отказано."},{"$i":"OpNotAllowedBeforeRegToNw","$v":"Рад није дозвољен пре него што се региструје на мрежу"},{"$i":"MissingResource","$v":"Недостаје ресурс."},{"$i":"UnspecifiedError","$v":"Неназначена грешка."},{"$i":"label","$v":"Oznaka"},{"$i":"faxHome","$v":"Faks kod kuće"},{"$i":"faxOffice","$v":"Faks u kancelariji"},{"$i":"faxOther","$v":"Faks - drugo"},{"$i":"another","$v":"Drugo"},{"$i":"other","$v":"Drugo"},{"$i":"customTag","$v":"Prilagođena oznaka","placeholder":"Prilagođena oznaka"},{"$i":"current","$v":"Trenutno"},{"$i":"itemWithLabel","$v":[{"t":"idOrVar","v":"label"},", ",{"t":"idOrVar","v":"item"}]},{"$i":"weekday-0-long","$v":"Nedelja"},{"$i":"weekday-1-long","$v":"Ponedeljak"},{"$i":"weekday-2-long","$v":"Utorak"},{"$i":"weekday-3-long","$v":"Sreda"},{"$i":"weekday-4-long","$v":"Četvrtak"},{"$i":"weekday-5-long","$v":"Petak"},{"$i":"weekday-6-long","$v":"Subota"},{"$i":"weekday-0-short","$v":"Ned"},{"$i":"weekday-1-short","$v":"Pon"},{"$i":"weekday-2-short","$v":"Uto"},{"$i":"weekday-3-short","$v":"Sre"},{"$i":"weekday-4-short","$v":"Čet"},{"$i":"weekday-5-short","$v":"Pet"},{"$i":"weekday-6-short","$v":"Sub"},{"$i":"month-0-long","$v":"Januar"},{"$i":"month-1-long","$v":"Februar"},{"$i":"month-2-long","$v":"Mart"},{"$i":"month-3-long","$v":"April"},{"$i":"month-4-long","$v":"Maj"},{"$i":"month-5-long","$v":"Jun"},{"$i":"month-6-long","$v":"Jul"},{"$i":"month-7-long","$v":"Avgust"},{"$i":"month-8-long","$v":"Septembar"},{"$i":"month-9-long","$v":"Oktobar"},{"$i":"month-10-long","$v":"Novembar"},{"$i":"month-11-long","$v":"Decembar"},{"$i":"month-0-genitive","$v":"Januar"},{"$i":"month-1-genitive","$v":"Februar"},{"$i":"month-2-genitive","$v":"Mart"},{"$i":"month-3-genitive","$v":"April"},{"$i":"month-4-genitive","$v":"Maj"},{"$i":"month-5-genitive","$v":"Jun"},{"$i":"month-6-genitive","$v":"Jul"},{"$i":"month-7-genitive","$v":"Avgust"},{"$i":"month-8-genitive","$v":"Septembar"},{"$i":"month-9-genitive","$v":"Oktobar"},{"$i":"month-10-genitive","$v":"Novembar"},{"$i":"month-11-genitive","$v":"Decembar"},{"$i":"month-0-short","$v":"Jan"},{"$i":"month-1-short","$v":"Feb"},{"$i":"month-2-short","$v":"Mar"},{"$i":"month-3-short","$v":"Apr"},{"$i":"month-4-short","$v":"Maj"},{"$i":"month-5-short","$v":"Jun"},{"$i":"month-6-short","$v":"Jul"},{"$i":"month-7-short","$v":"Avg"},{"$i":"month-8-short","$v":"Sep"},{"$i":"month-9-short","$v":"Okt"},{"$i":"month-10-short","$v":"Nov"},{"$i":"month-11-short","$v":"Dec"},{"$i":"minutes-ago-long","$v":{"few":["Pre ",{"t":"idOrVar","v":"value"}," minuta"],"many":["Pre ",{"t":"idOrVar","v":"value"}," minuta"],"other":["Pre ",{"t":"idOrVar","v":"value"}," minuta"],"two":["Pre ",{"t":"idOrVar","v":"value"}," minuta"],"one":"pre jednog minuta","zero":"malopre"},"$x":[{"t":"idOrVar","v":"plural"},"value"]},{"$i":"hours-ago-long","$v":{"few":["Pre ovoliko sati: ",{"t":"idOrVar","v":"value"}],"many":["Pre ovoliko sati: ",{"t":"idOrVar","v":"value"}],"other":["Pre ovoliko sati: ",{"t":"idOrVar","v":"value"}],"two":["Pre ovoliko sati: ",{"t":"idOrVar","v":"value"}],"one":"пре 1 сат","zero":"malopre"},"$x":[{"t":"idOrVar","v":"plural"},"value"]},{"$i":"days-ago-long","$v":{"few":["Pre ",{"t":"idOrVar","v":"value"}," dana"],"many":["Pre ",{"t":"idOrVar","v":"value"}," dana"],"one":"juče","other":["Pre ",{"t":"idOrVar","v":"value"}," dana"],"two":["Pre ",{"t":"idOrVar","v":"value"}," dana"],"zero":"danas"},"$x":[{"t":"idOrVar","v":"plural"},"value"]},{"$i":"weeks-ago-long","$v":{"few":["Pre ovoliko nedelja: ",{"t":"idOrVar","v":"value"}],"many":["Pre ovoliko nedelja: ",{"t":"idOrVar","v":"value"}],"one":"prošle nedelje","other":["Pre ovoliko nedelja: ",{"t":"idOrVar","v":"value"}],"two":["Pre ovoliko nedelja: ",{"t":"idOrVar","v":"value"}],"zero":"ove nedelje"},"$x":[{"t":"idOrVar","v":"plural"},"value"]},{"$i":"months-ago-long","$v":{"few":["Pre ovoliko meseci: ",{"t":"idOrVar","v":"value"}],"many":["Pre ovoliko meseci: ",{"t":"idOrVar","v":"value"}],"one":"prošli mesec","other":["Pre ovoliko meseci: ",{"t":"idOrVar","v":"value"}],"two":["Pre ovoliko meseci: ",{"t":"idOrVar","v":"value"}],"zero":"ovog meseca"},"$x":[{"t":"idOrVar","v":"plural"},"value"]},{"$i":"years-ago-long","$v":{"few":["Pre ovoliko godina: ",{"t":"idOrVar","v":"value"}],"many":["Pre ovoliko godina: ",{"t":"idOrVar","v":"value"}],"one":"prošle godine","other":["Pre ovoliko godina: ",{"t":"idOrVar","v":"value"}],"two":["Pre ovoliko godina: ",{"t":"idOrVar","v":"value"}],"zero":"ove godine"},"$x":[{"t":"idOrVar","v":"plural"},"value"]},{"$i":"minutes-until-long","$v":{"few":["za ",{"t":"idOrVar","v":"value"}," minuta"],"many":["za ",{"t":"idOrVar","v":"value"}," minuta"],"other":["za ",{"t":"idOrVar","v":"value"}," minuta"],"two":["za ",{"t":"idOrVar","v":"value"}," minuta"],"zero":"sada","one":"за 1 минут"},"$x":[{"t":"idOrVar","v":"plural"},"value"]},{"$i":"hours-until-long","$v":{"few":["za ",{"t":"idOrVar","v":"value"}," sata/i"],"many":["za ",{"t":"idOrVar","v":"value"}," sata/i"],"other":["za ",{"t":"idOrVar","v":"value"}," sata/i"],"two":["za ",{"t":"idOrVar","v":"value"}," sata/i"],"zero":"sada","one":"за 1 сат"},"$x":[{"t":"idOrVar","v":"plural"},"value"]},{"$i":"days-until-long","$v":{"few":["za ",{"t":"idOrVar","v":"value"}," dana"],"many":["za ",{"t":"idOrVar","v":"value"}," dana"],"one":"sutra","other":["za ",{"t":"idOrVar","v":"value"}," dana"],"two":["za ",{"t":"idOrVar","v":"value"}," dana"],"zero":"danas"},"$x":[{"t":"idOrVar","v":"plural"},"value"]},{"$i":"weeks-until-long","$v":{"few":["za ",{"t":"idOrVar","v":"value"}," nedelje/a"],"many":["za ",{"t":"idOrVar","v":"value"}," nedelje/a"],"one":"sledeća nedelja","other":["za ",{"t":"idOrVar","v":"value"}," nedelje/a"],"two":["za ",{"t":"idOrVar","v":"value"}," nedelje/a"],"zero":"ove nedelje"},"$x":[{"t":"idOrVar","v":"plural"},"value"]},{"$i":"months-until-long","$v":{"few":["za ",{"t":"idOrVar","v":"value"}," meseca/i"],"many":["za ",{"t":"idOrVar","v":"value"}," meseca/i"],"one":"sledeći mesec","other":["za ",{"t":"idOrVar","v":"value"}," meseca/i"],"two":["za ",{"t":"idOrVar","v":"value"}," meseca/i"],"zero":"ovog meseca"},"$x":[{"t":"idOrVar","v":"plural"},"value"]},{"$i":"years-until-long","$v":{"few":["za ",{"t":"idOrVar","v":"value"}," godine/a"],"many":["za ",{"t":"idOrVar","v":"value"}," godine/a"],"one":"sledeća godina","other":["za ",{"t":"idOrVar","v":"value"}," godine/a"],"two":["za ",{"t":"idOrVar","v":"value"}," godine/a"],"zero":"ove godine"},"$x":[{"t":"idOrVar","v":"plural"},"value"]},{"$i":"minutes-ago-short","$v":{"other":["Pre ",{"t":"idOrVar","v":"value"}," m"],"zero":"malopre"},"$x":[{"t":"idOrVar","v":"plural"},"value"]},{"$i":"hours-ago-short","$v":{"other":["Pre ",{"t":"idOrVar","v":"value"}," h"],"zero":"malopre"},"$x":[{"t":"idOrVar","v":"plural"},"value"]},{"$i":"days-ago-short","$v":{"other":["Pre ",{"t":"idOrVar","v":"value"}," d"],"zero":"danas"},"$x":[{"t":"idOrVar","v":"plural"},"value"]},{"$i":"minutes-until-short","$v":{"other":["za ",{"t":"idOrVar","v":"value"}," m"],"zero":"sada"},"$x":[{"t":"idOrVar","v":"plural"},"value"]},{"$i":"hours-until-short","$v":{"other":["za ",{"t":"idOrVar","v":"value"}," h"],"zero":"sada"},"$x":[{"t":"idOrVar","v":"plural"},"value"]},{"$i":"days-until-short","$v":{"other":["za ",{"t":"idOrVar","v":"value"}," d"],"zero":"danas"},"$x":[{"t":"idOrVar","v":"plural"},"value"]},{"$i":"incorrectDate","$v":"(netačan datum)"},{"$i":"dateTimeFormat_%c","$v":"%a %b %e %Y %I:%M:%S %p"},{"$i":"dateTimeFormat_%x","$v":"%m/%d/%Y"},{"$i":"dateTimeFormat_%X","$v":"%I:%M:%S %p"},{"$i":"shortTimeFormat","$v":"%I:%M %p"},{"$i":"shortTimeFormat12","$v":"%I:%M %p"},{"$i":"shortTimeFormat24","$v":"%H:%M"},{"$i":"shortDateTimeFormat","$v":"%x %I:%M %p"},{"$i":"weekStartsOnMonday","$v":"0.0"},{"$i":"firstDayOfTheWeek","$v":"1.0"},{"$i":"time_am","$v":"AM"},{"$i":"time_pm","$v":"Posle podne"}]