[{"$i":"search-or-enter-address","placeholder":"Sök eller ange adress"},{"$i":"delete-title","$v":["Ta bort ",{"t":"idOrVar","v":"name"}]},{"$i":"delete-body","$v":[{"t":"idOrVar","v":"name"}," och alla dess data kommer att tas bort."]},{"$i":"delete","$v":"Ta bort"},{"$i":"cancel","$v":"Avbryt"},{"$i":"apps","$v":"Appar"},{"$i":"menu","$v":"Meny"},{"$i":"notifications","$v":"Meddelanden"},{"$i":"speed-dial","$v":"Snabbuppringning"},{"$i":"select","$v":"Välj"},{"$i":"move","$v":"Flytta"},{"$i":"ok","$v":"OK"},{"$i":"set","$v":"Ställ in"},{"$i":"edit","$v":"Redigera"},{"$i":"call","$v":"Samtal"},{"$i":"message","$v":"Meddelande"},{"$i":"options","$v":"Alternativ"},{"$i":"assign","$v":"Tilldela"},{"$i":"remove","$v":"Ta bort"},{"$i":"replace","$v":"Ersätt"},{"$i":"more","$v":"Mer"},{"$i":"settings","$v":"Inställningar"},{"$i":"contacts","$v":"Kontakter"},{"$i":"list-view","$v":"Listvy"},{"$i":"grid-view","$v":"Ikonvy"},{"$i":"single-view","$v":"Enkel visning"},{"$i":"skip","$v":"Hoppa över"},{"$i":"shortcuts","$v":"Genvägar"},{"$i":"next","$v":"Nästa"},{"$i":"back","$v":"Tillbaka"},{"$i":"memory-cleaner","$v":"Memory Cleaner"},{"$i":"open","$v":"Öppna"},{"$i":"voicemail","$v":"Röstmeddelande"},{"$i":"speed-dial-not-empty","ariaLabel":[{"t":"idOrVar","v":"order"},", ",{"t":"idOrVar","v":"name"}]},{"$i":"speed-dial-empty","ariaLabel":[{"t":"idOrVar","v":"order"},", tom"]},{"$i":"remove-speed-dial","$v":["Är du säker på att du vill ta bort  ",{"t":"idOrVar","v":"name"}," från snabbuppringning ?"]},{"$i":"replace-speed-dial","$v":["Är du säker på att du vill byta ut ",{"t":"idOrVar","v":"name"}," mot ",{"t":"idOrVar","v":"subName"}," ?"]},{"$i":"assign-speed-dial","$v":["Kontakten har inte lagts till som snabbuppringning på knappen ",{"t":"idOrVar","v":"n"},". Tilldela nu?"]},{"$i":"assign-voicemail","$v":"Nummer till röstbrevlåda har inte ställts in."},{"$i":"alert-for-contacts-without-number","$v":"Det finns inga tillgängliga kontakter med telefonnumret."},{"$i":"option-remove","$v":"Ta bort från snabbuppringn."},{"$i":"option-replace","$v":"Ersätt"},{"$i":"all-apps","$v":"Alla appar"},{"$i":"uninstall","$v":"Avinstallera"},{"$i":"confirm-to-uninstall-app","$v":["Avinstallera appen ",{"t":"idOrVar","v":"appName"},"?"]},{"$i":"confirm-to-unpin-bookmark","$v":"Vill du ta bort webbplatsen?"},{"$i":"unpin","$v":"Ta bort"},{"$i":"rename","$v":"Byt namn"},{"$i":"title","$v":"Titel"},{"$i":"add-to-existing-contact","$v":"Lägg till i befintlig kontakt"},{"$i":"create-new-contact","$v":"Skapa ny kontakt"},{"$i":"sending","$v":"Vänta…"},{"$i":"video-call","$v":"Videosamtal"},{"$i":"rtt-call","$v":"RTT-samtal"},{"$i":"callAirplaneModeTitle","$v":"Flygläge aktiverat"},{"$i":"callAirplaneModeMessage","$v":"Du måste inaktivera flygläge i inställningar för att kunna ringa ett samtal."},{"$i":"emergencyDialogTitle","$v":"Ingen nätverksanslutning"},{"$i":"emergencyDialogBodyBadNumber","$v":"Du måste vara ansluten till ett nätverk för att kunna ringa ett samtal."},{"$i":"emergencyDialogBodyDeviceNotAccepted","$v":"Nödsamtal tillåts inte av nätverket."},{"$i":"invalidNumberToDialTitle","$v":"Ogiltigt telefonnummer"},{"$i":"invalidNumberToDialMessage","$v":"Telefonnumret du ringer är inte giltigt."},{"$i":"emergency-call-only","$v":"Endast nödsamtal"},{"$i":"emergency-call-error","$v":[{"t":"idOrVar","v":"number"}," är inte ett nödsituationsnummer."]},{"$i":"numberIsBusyTitle","$v":"Numret är upptaget"},{"$i":"numberIsBusyMessage","$v":"Numret är upptaget. Försök igen senare."},{"$i":"fdnIsActiveTitle","$v":"FDN aktiv"},{"$i":"fdnIsActiveMessage","$v":["FDN (nummerbegräsningsnr.) är aktivt och följande nr. finns i FDN-listan: ",{"t":"idOrVar","v":"number"}]},{"$i":"otherConnectionInUseTitle","$v":"Annan anslutning används"},{"$i":"otherConnectionInUseMessage","$v":"Du har ett aktivt samtal på en annan anslutning. Du kan bara använda en anslutning åt gången."},{"$i":"GenericFailure","$v":"Allmänt fel"},{"$i":"CallFailed","$v":"Samtalet misslyckades"},{"$i":"scCallBarring","$v":"Samtalsspärr"},{"$i":"scCallForwarding","$v":"Vidarekoppling av samtal"},{"$i":"scClip","$v":"Inkommande nummerpresentation"},{"$i":"scClir","$v":"Utg. nr.presentation"},{"$i":"scPwd","$v":"Lösenordsändring"},{"$i":"scCallWaiting","$v":"Samtal väntar"},{"$i":"scPin","$v":"Ändra PIN"},{"$i":"scPin2","$v":"Ändra PIN2"},{"$i":"scPuk","$v":"Upplåsnings-PIN"},{"$i":"scPuk2","$v":"Upplåsnings-PIN2"},{"$i":"scImei","$v":"IMEI"},{"$i":"scMeid","$v":"MEID"},{"$i":"scUssd","$v":"USSD"},{"$i":"deviceIsUnlocked","$v":"Enheten är upplåst"},{"$i":"simUnlockCodeAccepted","$v":"SIM-upplåsningskoden accepterad"},{"$i":"simUnlockCodeFailed","$v":"SIM-upplåsning misslyckades"},{"$i":"personal","$v":"Privat"},{"$i":"mobile","$v":"Mobil"},{"$i":"home","$v":"Hem"},{"$i":"work","$v":"Arbete"},{"$i":"fax-home","$v":"Fax hem"},{"$i":"fax-office","$v":"Kontorsfax"},{"$i":"fax-other","$v":"Annan fax"},{"$i":"noSimCard","$v":"Inget SIM-kort"},{"$i":"noService","$v":"Ingen service"},{"$i":"lockedSim","$v":"Låst SIM"},{"$i":"airplaneMode","$v":"Flygplansläge"},{"$i":"wifi-calling","$v":"Wi-Fi-uppringning"},{"$i":"homescreen-settings","$v":"Inställningar för startsida"},{"$i":"change-wallpaper","$v":"Ändra bakgrund"},{"$i":"add-smart-collections","$v":"Lägg till smarta samlingar"},{"$i":"edit-mode","$v":"Redigera"},{"$i":"edit-done","$v":"Klar"},{"$i":"tutorial-for-side-menu-1","$v":["Tryck på knappen ",{"t":"idOrVar","v":"left"}," för att få åtkomst till apparna till vänster."]},{"$i":"tutorial-for-instant-settings-1","$v":["Tryck på knappen ",{"t":"idOrVar","v":"up"}," för ofta använda inställningar."]},{"$i":"tutorial-for-notices","$v":"Tryck HÖGER tangent för att visa nya meddelanden."},{"$i":"tutorial-for-google-assistant-1","$v":["Tryck in och håll ner knappen ",{"t":"idOrVar","v":"microphone"}," för att prata."]},{"$i":"tutorial-for-voice-input-1","$v":["Tryck in och håll ner knappen ",{"t":"idOrVar","v":"microphone"}," för att tala i textfältet."]},{"$i":"tutorial-for-find-kaistore-2","$v":"Hitta KaiStore-appen på den första sidan i Apps Menu."},{"$i":"tutorial-for-left","$v":"Återstår"},{"$i":"tutorial-for-up","$v":"UPP"},{"$i":"stop-download-title","$v":["Stopp ",{"t":"idOrVar","v":"name"}]},{"$i":"stop-download-body","$v":"Vill du stoppa den pågående nedladdningen?"},{"$i":"stop-download-action","$v":"Stopp"},{"$i":"resume-download-title","$v":"Starta om nedladdning"},{"$i":"resume-download-body","$v":["Vill du ladda ned ",{"t":"idOrVar","v":"name"},"?"]},{"$i":"resume-download-action","$v":"Nedladdning"},{"$i":"edit-group-header","$v":"Redigera grupp"},{"$i":"gaia-shortcut-app-updated","$v":"App uppdaterad"},{"$i":"clocks-updated","$v":"Klockor uppdaterade"},{"$i":"longDateFormat","$v":"%A, %B %e"},{"$i":"app-title","$v":"Mina appar"},{"$i":"app-uninstall","$v":[{"t":"idOrVar","v":"name"}," har avinstallerats"]},{"$i":"confirmation","$v":"Bekräftelse"},{"$i":"clockDateFormat","$v":"%a, %e %b"},{"$i":"apn-sim1","$v":"APN-inställningar – SIM1"},{"$i":"apn-sim2","$v":"APN-inställningar – SIM2"},{"$i":"apnDefaultConfig","$v":"APN Default Config"},{"$i":"apn-defaultconfig-message","$v":"Ställ in vilken typ av apn som ska användas"},{"$i":"apnConfigPostpay","$v":"Postpay APN"},{"$i":"apnConfigPrepay","$v":"Prepay APN"},{"$i":"offline-toaster-message","$v":"Telefonen är offline."},{"$i":"dialog-title-new-card","$v":"Nytt kort"},{"$i":"dialog-text-new-card-show","$v":"Du har fått ett nytt kort: Sök på Internet."},{"$i":"not-connect-internet-text","$v":"Du har inte internetuppkoppling. Ansluta till Internet nu?"},{"$i":"not-connect-internet-up-button","$v":"Slå på mobildata"},{"$i":"not-connect-internet-down-button","$v":"Vad är mobildata"},{"$i":"not-data-plan-text","$v":"Du verkar inte ha något dataabonnemang för att ansluta till internet. Här har du dina alternativ."},{"$i":"not-data-plan-down-button","$v":"Använd Wi-Fi"},{"$i":"connect-internet-title","$v":"Du är uppkopplad"},{"$i":"connect-internet-text","$v":"Kolla in appar som Butik, Nyheter, Väder och webbläsare."},{"$i":"utilities","$v":"Utilities"},{"$i":"games","$v":"Games"},{"$i":"toast-app-downloaded-to-folder","$v":[{"t":"idOrVar","v":"appName"}," hämtas och placeras i mappen ",{"t":"idOrVar","v":"folderName"},"."]},{"$i":"toast-need-update-app","$v":"Uppdatera appen till den senaste versionen för att fortsätta från JioStore-appen."},{"$i":"notices-reminder-header","$v":"Påminnelse"},{"$i":"notices-reminder-content","$v":"Du har olästa meddelanden. Kontrollera om du missat något viktigt."},{"$i":"instant-settings","$v":"instant settings"},{"$i":"flashlight","$v":"Flashlight"},{"$i":"brightness","$v":"Brightness"},{"$i":"volume","$v":"Volume"},{"$i":"camera","$v":"Kamera"},{"$i":"calculator","$v":"Calculator"},{"$i":"airplane-mode","$v":"Airplane Mode"},{"$i":"wifi","$v":"Wi-Fi"},{"$i":"bluetooth","$v":"Bluetooth"},{"$i":"cellular-data","$v":"Cellular Data"},{"$i":"on","$v":"On"},{"$i":"off","$v":"Off"},{"$i":"percentage-number","$v":[{"t":"idOrVar","v":"number"},"%"]},{"$i":"eccOnly","$v":"Endast nödsamtal"},{"$i":"emergencyCallsOnly","$v":"Endast nödsamtal"},{"$i":"searching","$v":"Söker "},{"$i":"nocard-eccOnly","$v":"Inga SIM-kort endast - Nödsamtal"},{"$i":"unusablecard-eccOnly","$v":"Oanvändbara SIM-kort - endast nödsamtal"},{"$i":"nocard-noservice","$v":"Inget SIM-kort-Ingen service"},{"$i":"sim-with-index-and-carrier","$v":["SIM ",{"t":"idOrVar","v":"index"}," - ",{"t":"idOrVar","v":"carrier"}]},{"$i":"sim-without-carrier","$v":["SIM ",{"t":"idOrVar","v":"index"}]},{"$i":"call-forwarding-async","$v":["Asynkron: ",{"t":"idOrVar","v":"async"}]},{"$i":"call-forwarding-data","$v":["Data: ",{"t":"idOrVar","v":"data"}]},{"$i":"call-forwarding-error","$v":"Ett fel uppstod när statusen vidarebefordra samtal skulle hämtas"},{"$i":"call-forwarding-fax","$v":["FAX: ",{"t":"idOrVar","v":"fax"}]},{"$i":"call-forwarding-inactive","$v":"Inaktivt"},{"$i":"call-forwarding-packet","$v":["Paket: ",{"t":"idOrVar","v":"packet"}]},{"$i":"call-forwarding-pad","$v":["PAD: ",{"t":"idOrVar","v":"pad"}]},{"$i":"call-forwarding-sms","$v":["SMS: ",{"t":"idOrVar","v":"sms"}]},{"$i":"call-forwarding-status","$v":"Status för vidarekoppl. av samtal"},{"$i":"call-forwarding-sync","$v":["Synkron: ",{"t":"idOrVar","v":"sync"}]},{"$i":"call-forwarding-voice","$v":["Röst: ",{"t":"idOrVar","v":"voice"}]},{"$i":"call-forwarding-voice-after-seconds","$v":["Röst: ",{"t":"idOrVar","v":"voice"}," efter ",{"t":"idOrVar","v":"timeSeconds"}," sekunder"]},{"$i":"call-forwarding-reason","$v":["Reason: ",{"t":"idOrVar","v":"reason"}]},{"$i":"serviceClassVoice","$v":"Röst"},{"$i":"serviceClassData","$v":"Data"},{"$i":"serviceClassFax","$v":"FAX"},{"$i":"serviceClassSms","$v":"SMS"},{"$i":"serviceClassDataSync","$v":"Synkr."},{"$i":"serviceClassDataAsync","$v":"Async"},{"$i":"serviceClassPacket","$v":"Paket"},{"$i":"serviceClassPad","$v":"PAD"},{"$i":"smServiceEnabled","$v":"Tjänsten aktiverad"},{"$i":"smServiceDisabled","$v":"Tjänsten har inaktiverats"},{"$i":"smServiceRegistered","$v":"Registrering genomförd"},{"$i":"smServiceErased","$v":"Erasure lyckades"},{"$i":"smServiceInterrogated","$v":"Begäran genomförd"},{"$i":"smServiceNotProvisioned","$v":"Tjänsten tillhandahålls ej"},{"$i":"smClirPermanent","$v":"Du kan inte ändra inställningen för nummerpresentation"},{"$i":"smClirDefaultOnNextCallOn","$v":"Nr.presentation är som standard begr. Nästa samtal: begr."},{"$i":"smClirDefaultOnNextCallOff","$v":"Nummerpresentation är som standard begränsad. Nästa samtal: ej begränsat"},{"$i":"smClirDefaultOffNextCallOn","$v":"Nummerpresentation har som standard ingen begränsning. Nästa samtal: begränsat"},{"$i":"smClirDefaultOffNextCallOff","$v":"Nummerpresentation har som standard ingen begränsning. Nästa samtal: ej begränsat"},{"$i":"smServiceEnabledFor","$v":"Tjänsten aktiverad för:"},{"$i":"smPinChanged","$v":"PIN-koden har ändrats"},{"$i":"smPinUnblocked","$v":"PIN-koden har låsts upp"},{"$i":"smPin2Changed","$v":"PIN2-koden har ändrats"},{"$i":"smPin2Unblocked","$v":"PIN2-koden har låsts upp"},{"$i":"ServiceIsEnabled","$v":"Tjänsten är aktiverad"},{"$i":"ServiceIsDisabled","$v":"Tjänsten är inaktiverad"},{"$i":"ServiceIsEnabledFor","$v":"Tjänsten är aktiverad för:"},{"$i":"emMmiError","$v":"Anslutningsproblem eller ogiltig MMI-kod"},{"$i":"emMmiErrorPasswordIncorrect","$v":"Fel lösenord"},{"$i":"emMmiErrorNotSupported","$v":"Ogiltig eller ej stödd MMI-kod"},{"$i":"emMmiErrorInvalidAction","$v":"Ogiltig åtgärd"},{"$i":"emMmiErrorInvalidScCode","$v":"Ogiltig tjänstekod"},{"$i":"emMmiErrorBadPuk","$v":"Den angivna PUK-koden är felaktig"},{"$i":"emMmiErrorBadPin","$v":"Den angivna gamla PIN-koden är fel."},{"$i":"emMmiErrorNeedPuk2","$v":"Ange PUK2 för att låsa upp SIM-kortet"},{"$i":"emMmiErrorMismatchPin","$v":"De PIN-koder du angivit överensstämmer inte"},{"$i":"emMmiErrorInvalidPin","$v":"Ange en PIN-kod som är 4-8 siffror"},{"$i":"emMmiErrorNeedsPuk","$v":"Ditt SIM-kort är PUK-låst"},{"$i":"emMmiErrorEnablePin","$v":"Misslyckades. Aktivera SIM/RUIM LOCK"},{"$i":"emMmiErrorMmiFdn","$v":"Åtgärd begränsad till enbart nr.begr.nr."},{"$i":"emMmiErrorStkCcUssdDial","$v":"USSD-begäran ändrad till DIAL-begäran"},{"$i":"emMmiErrorStkCcUssdSs","$v":"USSD-begäran ändrad till SS-begäran"},{"$i":"emMmiErrorStkCcUssdUssd","$v":"USSD-begäran ändrad till ny USSD-begäran"},{"$i":"emMmiErrorStkCcSsDial","$v":"SS-begäran ändrad till DIAL-begäran"},{"$i":"emMmiErrorStkCcSsUssd","$v":"SS-begäran ändr. till USSD-begäran"},{"$i":"emMmiErrorStkCcSsSs","$v":"SS-begäran ändr. till ny SS-begäran"},{"$i":"emMmiErrorPinPukAttempts","$v":{"few":[{"t":"idOrVar","v":"n"}," försök kvar"],"many":[{"t":"idOrVar","v":"n"}," försök kvar"],"one":[{"t":"idOrVar","v":"n"}," försök kvar"],"other":[{"t":"idOrVar","v":"n"}," försök kvar"],"two":[{"t":"idOrVar","v":"n"}," försök kvar"]},"$x":[{"t":"idOrVar","v":"plural"},"n"]},{"$i":"emMmiErrorSimBlocked","$v":"Max antal omförsök har överskidits. SIM-kort spärrat"},{"$i":"RadioNotAvailable","$v":"Radio not available"},{"$i":"PasswordIncorrect","$v":"Fel lösenord"},{"$i":"SimPin2","$v":"SIM PIN2"},{"$i":"SimPuk2","$v":"SIM PUK2"},{"$i":"RequestNotSupported","$v":"Begäran stöds inte"},{"$i":"OpNotAllowedDuringVoiceCall","$v":"Otillåten åtgärd under röstsamtal"},{"$i":"SmsSendFailRetry","$v":"SMS misslyckades, försök igen"},{"$i":"SimAbsent","$v":"SIM saknas"},{"$i":"SubscriptionNotAvailable","$v":"Abonnemanget är ej tillgängligt"},{"$i":"ModeNotSupported","$v":"Läget stöds ej"},{"$i":"FdnCheckFailure","$v":"Fdn-kontroll misslyckades"},{"$i":"IllegalSimOrMe","$v":"Otillåtet SIM eller ME"},{"$i":"DialModifiedToUssd","$v":"Dial modified to USSD"},{"$i":"DialModifiedToSs","$v":"Dial modified to SS"},{"$i":"DialModifiedToDial","$v":"Dial modified to dial"},{"$i":"UssdModifiedToDial","$v":"USSD ändrad till uppringn."},{"$i":"UssdModifiedToSs","$v":"USSD ändrad till SS"},{"$i":"UssdModifiedToUssd","$v":"USSD ändrad till USSD"},{"$i":"SsModifiedToDial","$v":"SS ändrad till uppringning"},{"$i":"SsModifiedToUssd","$v":"SS ändrad till USSD"},{"$i":"SsModifiedToSs","$v":"SS ändrad till SS"},{"$i":"SubscriptionNotSupported","$v":"Abonnemanget stöds ej"},{"$i":"InvalidParameter","$v":"Ogiltig parameter"},{"$i":"RejectedByRemote","$v":"Avvisad av fjärrstyrning"},{"$i":"GetEmptyUssdPrompt","$v":"Null svar mottaget."},{"$i":"LimitBlockNumber","$v":"Detta nummer är blockerat. Du kan be dina föräldrar om tillåtelse."},{"$i":"IncorrectPassword","$v":"Fel lösenord."},{"$i":"Cancelled","$v":"Inställt."},{"$i":"OpNotAllowedBeforeRegToNw","$v":"Funktion inte tillåten innan registrerat till nätverket"},{"$i":"MissingResource","$v":"Resurs saknas."},{"$i":"UnspecifiedError","$v":"Ospecificerat fel."},{"$i":"label","$v":"Etikett"},{"$i":"faxHome","$v":"Fax hem"},{"$i":"faxOffice","$v":"Fax kontor"},{"$i":"faxOther","$v":"Fax annan"},{"$i":"another","$v":"En annan"},{"$i":"other","$v":"Annat"},{"$i":"customTag","$v":"Anpassad tagg","placeholder":"Anpassad tagg"},{"$i":"current","$v":"Nuvarande"},{"$i":"itemWithLabel","$v":[{"t":"idOrVar","v":"label"},", ",{"t":"idOrVar","v":"item"}]},{"$i":"weekday-0-long","$v":"Söndag"},{"$i":"weekday-1-long","$v":"Måndag"},{"$i":"weekday-2-long","$v":"Tisdag"},{"$i":"weekday-3-long","$v":"Onsdag"},{"$i":"weekday-4-long","$v":"Torsdag"},{"$i":"weekday-5-long","$v":"Fredag"},{"$i":"weekday-6-long","$v":"Lördag"},{"$i":"weekday-0-short","$v":"Sön"},{"$i":"weekday-1-short","$v":"Mån"},{"$i":"weekday-2-short","$v":"Tis"},{"$i":"weekday-3-short","$v":"Ons"},{"$i":"weekday-4-short","$v":"Tor"},{"$i":"weekday-5-short","$v":"Fre"},{"$i":"weekday-6-short","$v":"Lör"},{"$i":"month-0-long","$v":"Januari"},{"$i":"month-1-long","$v":"Februari"},{"$i":"month-2-long","$v":"Mars"},{"$i":"month-3-long","$v":"April"},{"$i":"month-4-long","$v":"Maj"},{"$i":"month-5-long","$v":"Juni"},{"$i":"month-6-long","$v":"Juli"},{"$i":"month-7-long","$v":"Augusti"},{"$i":"month-8-long","$v":"September"},{"$i":"month-9-long","$v":"Oktober"},{"$i":"month-10-long","$v":"November"},{"$i":"month-11-long","$v":"December"},{"$i":"month-0-genitive","$v":"Januari"},{"$i":"month-1-genitive","$v":"Februari"},{"$i":"month-2-genitive","$v":"Mars"},{"$i":"month-3-genitive","$v":"April"},{"$i":"month-4-genitive","$v":"Maj"},{"$i":"month-5-genitive","$v":"Juni"},{"$i":"month-6-genitive","$v":"Juli"},{"$i":"month-7-genitive","$v":"Augusti"},{"$i":"month-8-genitive","$v":"September"},{"$i":"month-9-genitive","$v":"Oktober"},{"$i":"month-10-genitive","$v":"November"},{"$i":"month-11-genitive","$v":"December"},{"$i":"month-0-short","$v":"Jan"},{"$i":"month-1-short","$v":"Feb"},{"$i":"month-2-short","$v":"Mar"},{"$i":"month-3-short","$v":"Apr"},{"$i":"month-4-short","$v":"Maj"},{"$i":"month-5-short","$v":"Jun"},{"$i":"month-6-short","$v":"Jul"},{"$i":"month-7-short","$v":"Aug"},{"$i":"month-8-short","$v":"Sep"},{"$i":"month-9-short","$v":"Okt"},{"$i":"month-10-short","$v":"Nov"},{"$i":"month-11-short","$v":"Dec"},{"$i":"minutes-ago-long","$v":{"few":[{"t":"idOrVar","v":"value"}," minuter sedan"],"many":[{"t":"idOrVar","v":"value"}," minuter sedan"],"other":[{"t":"idOrVar","v":"value"}," minuter sedan"],"two":[{"t":"idOrVar","v":"value"}," minuter sedan"],"one":"en minut sedan","zero":"just nu"},"$x":[{"t":"idOrVar","v":"plural"},"value"]},{"$i":"hours-ago-long","$v":{"few":[{"t":"idOrVar","v":"value"}," timmar sedan"],"many":[{"t":"idOrVar","v":"value"}," timmar sedan"],"other":[{"t":"idOrVar","v":"value"}," timmar sedan"],"two":[{"t":"idOrVar","v":"value"}," timmar sedan"],"one":"1 timme sedan","zero":"just nu"},"$x":[{"t":"idOrVar","v":"plural"},"value"]},{"$i":"days-ago-long","$v":{"few":[{"t":"idOrVar","v":"value"}," dagar sedan"],"many":[{"t":"idOrVar","v":"value"}," dagar sedan"],"one":"igår","other":[{"t":"idOrVar","v":"value"}," dagar sedan"],"two":[{"t":"idOrVar","v":"value"}," dagar sedan"],"zero":"idag"},"$x":[{"t":"idOrVar","v":"plural"},"value"]},{"$i":"weeks-ago-long","$v":{"few":[{"t":"idOrVar","v":"value"}," veckor sedan"],"many":[{"t":"idOrVar","v":"value"}," veckor sedan"],"one":"förra veckan","other":[{"t":"idOrVar","v":"value"}," veckor sedan"],"two":[{"t":"idOrVar","v":"value"}," veckor sedan"],"zero":"den här veckan"},"$x":[{"t":"idOrVar","v":"plural"},"value"]},{"$i":"months-ago-long","$v":{"few":[{"t":"idOrVar","v":"value"}," månader sedan"],"many":[{"t":"idOrVar","v":"value"}," månader sedan"],"one":"förra månaden","other":[{"t":"idOrVar","v":"value"}," månader sedan"],"two":[{"t":"idOrVar","v":"value"}," månader sedan"],"zero":"den här månaden"},"$x":[{"t":"idOrVar","v":"plural"},"value"]},{"$i":"years-ago-long","$v":{"few":[{"t":"idOrVar","v":"value"}," år sedan"],"many":[{"t":"idOrVar","v":"value"}," år sedan"],"one":"förra året","other":[{"t":"idOrVar","v":"value"}," år sedan"],"two":[{"t":"idOrVar","v":"value"}," år sedan"],"zero":"det här året"},"$x":[{"t":"idOrVar","v":"plural"},"value"]},{"$i":"minutes-until-long","$v":{"few":["om ",{"t":"idOrVar","v":"value"}," minuter"],"many":["om ",{"t":"idOrVar","v":"value"}," minuter"],"other":["om ",{"t":"idOrVar","v":"value"}," minuter"],"two":["om ",{"t":"idOrVar","v":"value"}," minuter"],"zero":"nu","one":"på 1 minut"},"$x":[{"t":"idOrVar","v":"plural"},"value"]},{"$i":"hours-until-long","$v":{"few":["om ",{"t":"idOrVar","v":"value"}," timmar"],"many":["om ",{"t":"idOrVar","v":"value"}," timmar"],"other":["om ",{"t":"idOrVar","v":"value"}," timmar"],"two":["om ",{"t":"idOrVar","v":"value"}," timmar"],"zero":"nu","one":"om 1 timme"},"$x":[{"t":"idOrVar","v":"plural"},"value"]},{"$i":"days-until-long","$v":{"few":["om ",{"t":"idOrVar","v":"value"}," dagar"],"many":["om ",{"t":"idOrVar","v":"value"}," dagar"],"one":"imorgon","other":["om ",{"t":"idOrVar","v":"value"}," dagar"],"two":["om ",{"t":"idOrVar","v":"value"}," dagar"],"zero":"idag"},"$x":[{"t":"idOrVar","v":"plural"},"value"]},{"$i":"weeks-until-long","$v":{"few":["om ",{"t":"idOrVar","v":"value"}," veckor"],"many":["om ",{"t":"idOrVar","v":"value"}," veckor"],"one":"nästa vecka","other":["om ",{"t":"idOrVar","v":"value"}," veckor"],"two":["om ",{"t":"idOrVar","v":"value"}," veckor"],"zero":"den här veckan"},"$x":[{"t":"idOrVar","v":"plural"},"value"]},{"$i":"months-until-long","$v":{"few":["om ",{"t":"idOrVar","v":"value"}," månader"],"many":["om ",{"t":"idOrVar","v":"value"}," månader"],"one":"nästa månad","other":["om ",{"t":"idOrVar","v":"value"}," månader"],"two":["om ",{"t":"idOrVar","v":"value"}," månader"],"zero":"den här månaden"},"$x":[{"t":"idOrVar","v":"plural"},"value"]},{"$i":"years-until-long","$v":{"few":["om ",{"t":"idOrVar","v":"value"}," år"],"many":["om ",{"t":"idOrVar","v":"value"}," år"],"one":"nästa år","other":["om ",{"t":"idOrVar","v":"value"}," år"],"two":["om ",{"t":"idOrVar","v":"value"}," år"],"zero":"det här året"},"$x":[{"t":"idOrVar","v":"plural"},"value"]},{"$i":"minutes-ago-short","$v":{"other":[{"t":"idOrVar","v":"value"}," m sedan"],"zero":"just nu"},"$x":[{"t":"idOrVar","v":"plural"},"value"]},{"$i":"hours-ago-short","$v":{"other":[{"t":"idOrVar","v":"value"}," tim. sedan"],"zero":"just nu"},"$x":[{"t":"idOrVar","v":"plural"},"value"]},{"$i":"days-ago-short","$v":{"other":[{"t":"idOrVar","v":"value"}," d sedan"],"zero":"idag"},"$x":[{"t":"idOrVar","v":"plural"},"value"]},{"$i":"minutes-until-short","$v":{"other":["om ",{"t":"idOrVar","v":"value"}," min."],"zero":"nu"},"$x":[{"t":"idOrVar","v":"plural"},"value"]},{"$i":"hours-until-short","$v":{"other":["om ",{"t":"idOrVar","v":"value"}," tim."],"zero":"nu"},"$x":[{"t":"idOrVar","v":"plural"},"value"]},{"$i":"days-until-short","$v":{"other":["om ",{"t":"idOrVar","v":"value"}," dag"],"zero":"idag"},"$x":[{"t":"idOrVar","v":"plural"},"value"]},{"$i":"incorrectDate","$v":"(fel datum)"},{"$i":"dateTimeFormat_%c","$v":"%a %b %e %Y %I:%M:%S %p"},{"$i":"dateTimeFormat_%x","$v":"%m/%d/%Y"},{"$i":"dateTimeFormat_%X","$v":"%I:%M:%S %p"},{"$i":"shortTimeFormat","$v":"%I:%M %p"},{"$i":"shortTimeFormat12","$v":"%I:%M %p"},{"$i":"shortTimeFormat24","$v":"%H:%M"},{"$i":"shortDateTimeFormat","$v":"%x %I:%M %p"},{"$i":"weekStartsOnMonday","$v":"0.0"},{"$i":"firstDayOfTheWeek","$v":"1.0"},{"$i":"time_am","$v":"am"},{"$i":"time_pm","$v":"PM"}]