[{"$i":"search-or-enter-address","placeholder":"தேடுக அல்லது முகவரியைத் உள்ளிடுக"},{"$i":"delete-title","$v":[{"t":"idOrVar","v":"name"},"-ஐ நீக்கு"]},{"$i":"delete-body","$v":[{"t":"idOrVar","v":"name"}," மற்றும் அதன் டேட்டா நீக்கப்படும்."]},{"$i":"delete","$v":"நீக்கு"},{"$i":"cancel","$v":"ரத்து செய்க"},{"$i":"apps","$v":"ஆப்-கள்"},{"$i":"menu","$v":"மெனு"},{"$i":"notifications","$v":"நோட்டீஸ்கள் இல்லை"},{"$i":"speed-dial","$v":"ஸ்பீட் டயல்"},{"$i":"select","$v":"தேர்ந்தெடு"},{"$i":"move","$v":"நகர்த்தவும்"},{"$i":"ok","$v":"சரி"},{"$i":"set","$v":"அமை"},{"$i":"edit","$v":"திருத்து"},{"$i":"call","$v":"கால்"},{"$i":"message","$v":"செய்தி"},{"$i":"options","$v":"விருப்பங்கள்"},{"$i":"assign","$v":"ஒதுக்கு"},{"$i":"remove","$v":"அகற்று"},{"$i":"replace","$v":"மாற்றவும்"},{"$i":"more","$v":"மேலும்"},{"$i":"settings","$v":"செட்டிங்ஸ்"},{"$i":"contacts","$v":"தொடர்புகள்"},{"$i":"list-view","$v":"பட்டியல் காட்சி"},{"$i":"grid-view","$v":"கிரிட் வியூ"},{"$i":"single-view","$v":"ஒற்றை காட்சி"},{"$i":"skip","$v":"தவிர்"},{"$i":"shortcuts","$v":"ஷாட்கட்ஸ்"},{"$i":"next","$v":"அடுத்த"},{"$i":"back","$v":"பின் செல்"},{"$i":"memory-cleaner","$v":"மெமரி கிளீனர்"},{"$i":"open","$v":"திறக்கவும்"},{"$i":"voicemail","$v":"வாய்ஸ்மெயில்"},{"$i":"speed-dial-not-empty","ariaLabel":[{"t":"idOrVar","v":"order"},", ",{"t":"idOrVar","v":"name"}]},{"$i":"speed-dial-empty","ariaLabel":[{"t":"idOrVar","v":"order"},", காலியாக உள்ளது"]},{"$i":"remove-speed-dial","$v":["நீங்கள் நிச்சியமாக ஸ்பீட் டயலிலிருந்து ",{"t":"idOrVar","v":"name"},"-ஐ அகற்ற விரும்புகிறீர்களா ?"]},{"$i":"replace-speed-dial","$v":["நீங்கள் நிச்சியமாக ",{"t":"idOrVar","v":"name"},"-ஐ ",{"t":"idOrVar","v":"subName"}," மூலம் மாற்ற விரும்புகிறீர்களா?"]},{"$i":"assign-speed-dial","$v":[{"t":"idOrVar","v":"n"}," பட்டனில் தொடர்பு ஸ்பீட் டயலாகச் சேர்க்கப்படவில்லை . இப்போதே ஒதுக்கவா?"]},{"$i":"assign-voicemail","$v":"வாய்ஸ் மெயில் எண் அமைக்கப்படவில்லை."},{"$i":"alert-for-contacts-without-number","$v":"ஃபோன் எண்ணுடன் எந்த தொடர்பும் இல்லை."},{"$i":"option-remove","$v":"ஸ்பீட் டயலில் இருந்து அகற்று"},{"$i":"option-replace","$v":"மாற்றவும்"},{"$i":"all-apps","$v":"எல்லாம் ஆப்-கள்"},{"$i":"uninstall","$v":"அன்இன்ஸ்டால்"},{"$i":"confirm-to-uninstall-app","$v":[{"t":"idOrVar","v":"appName"}," ஆப்-ஐ அன்இன்ஸ்டால் செய்யவா?"]},{"$i":"confirm-to-unpin-bookmark","$v":"இணையதளத்தை பின் நீக்கம் செய்யவா?"},{"$i":"unpin","$v":"அன்பின்"},{"$i":"rename","$v":"மறுபெயரிடு"},{"$i":"title","$v":"தலைப்பு"},{"$i":"add-to-existing-contact","$v":"ஏற்கனவே உள்ள தொடர்பில் சேர்"},{"$i":"create-new-contact","$v":"புதிய தொடர்பை உருவாக்கு"},{"$i":"sending","$v":"தயவுசெய்து காத்திருக்கவும்…"},{"$i":"video-call","$v":"வீடியோ கால்"},{"$i":"rtt-call","$v":"ஆர்.டி.டி அழைப்பு"},{"$i":"callAirplaneModeTitle","$v":"ஏரோப்ளைன் மோட் செயல்படுத்தப்பட்டது"},{"$i":"callAirplaneModeMessage","$v":"கால் செய்ய நீங்கள் செட்டிஙஸ்-இல் ஏரோப்ளைன் மோட்-ஐ முடக்க வேண்டும்."},{"$i":"emergencyDialogTitle","$v":"நெட்வொர்க் கனெக்ஷன் இல்லை"},{"$i":"emergencyDialogBodyBadNumber","$v":"கால் செய்ய, ஃபோன் நெட்வொர்க்குடன் கனெக்ட் செய்திருக்க வேண்டும்."},{"$i":"emergencyDialogBodyDeviceNotAccepted","$v":"நெட்வொர்க்கால் அவசர கால்-கள் அனுமதிக்கப்படவில்லை."},{"$i":"invalidNumberToDialTitle","$v":"செல்லாத ஃபோன் எண்"},{"$i":"invalidNumberToDialMessage","$v":"நீங்கள் கால் செய்யும் ஃபோன் எண் சரியானது அல்ல."},{"$i":"emergency-call-only","$v":"அவசர கால் மட்டும்"},{"$i":"emergency-call-error","$v":[{"t":"idOrVar","v":"number"}," அவசரநிலை எண் இல்லை."]},{"$i":"numberIsBusyTitle","$v":"எண் பிஸியாக உள்ளது"},{"$i":"numberIsBusyMessage","$v":"எண் தற்போது பிஸியாக உள்ளது. தயவுசெய்து மீண்டும் முயலவும்."},{"$i":"fdnIsActiveTitle","$v":"எஃப்.டி.என் செயலில் உள்ளது"},{"$i":"fdnIsActiveMessage","$v":["FDN (ஃபிக்ஸ்ட் டயலிங் நம்பர்ஸ்) செயல்படுத்தப்பட்டது, பின்வரும் எண்கள் உங்கள் FDN பட்டியலில் இல்லை: ",{"t":"idOrVar","v":"number"}]},{"$i":"otherConnectionInUseTitle","$v":"வேறொரு கனெக்ஷன் பயன்பாட்டில் உள்ளது"},{"$i":"otherConnectionInUseMessage","$v":"உங்களுக்கு மற்றொரு கனெக்ஷனில் செயலில் உள்ள கால் உள்ளது. ஒரே நேரத்தில் ஒரு கனெக்ஷனை மட்டுமே நீங்கள் பயன்படுத்தலாம்."},{"$i":"GenericFailure","$v":"பொதுவான செயலிழப்பு"},{"$i":"CallFailed","$v":"கால் தோல்வியடைந்தது"},{"$i":"scCallBarring","$v":"கால் தடுப்பு"},{"$i":"scCallForwarding","$v":"கால் பார்வேர்ட்ங்"},{"$i":"scClip","$v":"இன்கமிங் காலர் ID"},{"$i":"scClir","$v":"அவுட்கோயிங் காலர் ID"},{"$i":"scPwd","$v":"பாஸ்வெர்ட்-ஐ மாற்று"},{"$i":"scCallWaiting","$v":"கால் காத்திருப்பு"},{"$i":"scPin","$v":"பின்னை மாற்று"},{"$i":"scPin2","$v":"பின்2-ஐ மாற்று"},{"$i":"scPuk","$v":"பின்னின் தடையை நீக்கவும்"},{"$i":"scPuk2","$v":"பின்2 -இன் தடையை நீக்கவும்"},{"$i":"scImei","$v":"IMEI"},{"$i":"scMeid","$v":"MEID"},{"$i":"scUssd","$v":"USSD"},{"$i":"deviceIsUnlocked","$v":"டிவைஸ் அன்லாக் செய்யப்பட்டது"},{"$i":"simUnlockCodeAccepted","$v":"சிம் அன்லாக் கோட் ஏற்றுக்கொள்ளப்பட்டது"},{"$i":"simUnlockCodeFailed","$v":"சிம் அன்லாக் வெற்றியடையவில்லை"},{"$i":"personal","$v":"தனிப்பட்டவை"},{"$i":"mobile","$v":"மொபைல்"},{"$i":"home","$v":"ஹோம்"},{"$i":"work","$v":"அலுவலகம்"},{"$i":"fax-home","$v":"Fax ஹோம்"},{"$i":"fax-office","$v":"Fax ஆப்பீஸ்"},{"$i":"fax-other","$v":"மற்றவருக்கு Fax"},{"$i":"noSimCard","$v":"சிம் கார்டு இல்லை"},{"$i":"noService","$v":"சர்வீஸ் இல்லை"},{"$i":"lockedSim","$v":"லாக் செய்யப்பட்ட சிம்"},{"$i":"airplaneMode","$v":"ஏரோப்ளைன் மோட்"},{"$i":"wifi-calling","$v":"Wi-Fi காலிங்"},{"$i":"homescreen-settings","$v":"ஹோம்ஸ்கிரீன் செட்டிங்ஸ்"},{"$i":"change-wallpaper","$v":"வால்பேப்பர் மாற்றம்"},{"$i":"add-smart-collections","$v":"ஸ்மார்ட் சேகரிப்புகளை சேர்"},{"$i":"edit-mode","$v":"திருத்து"},{"$i":"edit-done","$v":"முடிந்தது"},{"$i":"tutorial-for-side-menu-1","$v":["இடதுபுறத்தில் பயன்பாடுகளை அணுக ",{"t":"idOrVar","v":"left"}," விசையை அழுத்தவும்."]},{"$i":"tutorial-for-instant-settings-1","$v":["பொதுவாக பயன்படுத்தப்படும் அமைப்புகளுக்கு ",{"t":"idOrVar","v":"up"}," விசையை அழுத்தவும்."]},{"$i":"tutorial-for-notices","$v":"புதிய நோட்டீஸ்களை காண வலதுபக்க கீயை அழுத்தவும்."},{"$i":"tutorial-for-google-assistant-1","$v":["உரையாடுவதற்கு ",{"t":"idOrVar","v":"microphone"},"-ஐ நீண்ட நேரம் அழுத்தவும்."]},{"$i":"tutorial-for-voice-input-1","$v":["உரை புலத்தில் உரையாடுவதற்கு ",{"t":"idOrVar","v":"microphone"},"-ஐ நீண்ட நேரம் அழுத்தவும்."]},{"$i":"tutorial-for-find-kaistore-2","$v":"ஆப்கள் மெனுவின் முதல் பக்கத்தில் காய்ஸ்டோர் ஆப்பை கண்டறியவும்."},{"$i":"tutorial-for-left","$v":"இடது"},{"$i":"tutorial-for-up","$v":"யூ.பி"},{"$i":"stop-download-title","$v":[{"t":"idOrVar","v":"name"}," நிறுத்து"]},{"$i":"stop-download-body","$v":"டவுன்லோட் ஆகுவதை நிறுத்த விரும்புகிறீர்களா?"},{"$i":"stop-download-action","$v":"நிறுத்து"},{"$i":"resume-download-title","$v":"டவுன்லோட்-ஐ மறுதொடக்கம் செய்க"},{"$i":"resume-download-body","$v":["நீங்கள் ",{"t":"idOrVar","v":"name"},"-ஐ டவுன்லோட் செய்ய விரும்புகிறீர்களா?"]},{"$i":"resume-download-action","$v":"டவுன்லோட்"},{"$i":"edit-group-header","$v":"குழுவைத் திருத்து"},{"$i":"gaia-shortcut-app-updated","$v":"ஆப் அப்டேட் செய்யப்பட்டது"},{"$i":"clocks-updated","$v":"கடிகாரங்கள் அப்டேட் செய்யப்பட்டது"},{"$i":"longDateFormat","$v":"%A, %B %e"},{"$i":"app-title","$v":"எனது ஆப்-கள்"},{"$i":"app-uninstall","$v":[{"t":"idOrVar","v":"name"}," அன்இன்ஸ்டால் செய்யப்பட்டது"]},{"$i":"confirmation","$v":"உறுதிப்படுத்துதல்"},{"$i":"clockDateFormat","$v":"%a, %e %b"},{"$i":"apn-sim1","$v":"எ.பி.என் செட்டிங்ஸ் - SIM1"},{"$i":"apn-sim2","$v":"எ.பி.என் செட்டிங்ஸ் - SIM2"},{"$i":"apnDefaultConfig","$v":"APN Default Config"},{"$i":"apn-defaultconfig-message","$v":"எந்த வகை apn ஐப் பயன்படுத்த வேண்டும் என்பதை அமைக்கவும்"},{"$i":"apnConfigPostpay","$v":"Postpay APN"},{"$i":"apnConfigPrepay","$v":"Prepay APN"},{"$i":"offline-toaster-message","$v":"தொலைபேசி ஆஃப்லைனில் உள்ளது."},{"$i":"dialog-title-new-card","$v":"புதிய கார்டு"},{"$i":"dialog-text-new-card-show","$v":"புதிய கார்டை நீங்கள் பெற்றுள்ளீர்கள்: இன்டர்நெட்டை தேடவும்"},{"$i":"not-connect-internet-text","$v":"உங்களிடம் இன்டர்நெட் இணைப்பு இல்லை. இப்போது இன்டர்நெட்டை இணைக்கவா?"},{"$i":"not-connect-internet-up-button","$v":"செல்லுலார் டேட்டாவை ஆன் செய்யவும்"},{"$i":"not-connect-internet-down-button","$v":"செல்லுலார் டேட்டா என்றால் என்ன"},{"$i":"not-data-plan-text","$v":"இன்டர்நெட்டுடன் இணைக்க உங்களிடம் டேட்டா திட்டம் இல்லை என்று தெரிகிறது. உங்கள் தேர்வுகள் இங்கே உள்ளன."},{"$i":"not-data-plan-down-button","$v":"வை-ஃபையை பயன்படுத்தவும்"},{"$i":"connect-internet-title","$v":"நீங்கள் இணைக்கப்பட்டுள்ளீர்கள்"},{"$i":"connect-internet-text","$v":"ஸ்டோர், செய்தி, வானிலை மற்றும் இன்டர்நெட் பிரவுசர் போன்ற பயன்பாடுகளை சரிபார்க்கவும்."},{"$i":"utilities","$v":"பயன்பாடுகள்"},{"$i":"games","$v":"கேம்கள்"},{"$i":"toast-app-downloaded-to-folder","$v":[{"t":"idOrVar","v":"folderName"}," ஃபோல்டரில் ",{"t":"idOrVar","v":"appName"}," பதிவிறக்கம் செய்யப்பட்டது."]},{"$i":"toast-need-update-app","$v":"ஜியோஸ்டோர் ஆப்பிலிருந்து தொடர தயவுசெய்து ஆப்பை சமீபத்திய பதிப்பிற்கு புதுப்பிக்கவும்."},{"$i":"notices-reminder-header","$v":"ரிமைண்டர்"},{"$i":"notices-reminder-content","$v":"உங்களிடம் படிக்காத அறிவிப்புகள் உள்ளன. அறிவிப்புகளைச் சரிபார்க்கவும், முக்கியமான எதையும் நீங்கள் இழக்க மாட்டீர்கள்."},{"$i":"instant-settings","$v":"instant settings"},{"$i":"flashlight","$v":"Flashlight"},{"$i":"brightness","$v":"Brightness"},{"$i":"volume","$v":"Volume"},{"$i":"camera","$v":"கேமரா"},{"$i":"calculator","$v":"Calculator"},{"$i":"airplane-mode","$v":"Airplane Mode"},{"$i":"wifi","$v":"Wi-Fi"},{"$i":"bluetooth","$v":"Bluetooth"},{"$i":"cellular-data","$v":"Cellular Data"},{"$i":"on","$v":"On"},{"$i":"off","$v":"Off"},{"$i":"percentage-number","$v":[{"t":"idOrVar","v":"number"},"%"]},{"$i":"eccOnly","$v":"அவசர கால்-கள் மட்டும்"},{"$i":"emergencyCallsOnly","$v":"அவசர கால்-கள் மட்டும்"},{"$i":"searching","$v":"தேடுகிறது"},{"$i":"nocard-eccOnly","$v":"சிம் கார்டு-அவசர அழைப்புகள் மட்டும் இல்லை"},{"$i":"unusablecard-eccOnly","$v":"பயன்படுத்த முடியாத சிம் கார்டு-அவசர அழைப்புகள் மட்டுமே"},{"$i":"nocard-noservice","$v":"சிம் கார்டு இல்லை-சர்வீஸ் இல்லை"},{"$i":"sim-with-index-and-carrier","$v":["SIM ",{"t":"idOrVar","v":"index"}," - ",{"t":"idOrVar","v":"carrier"}]},{"$i":"sim-without-carrier","$v":["SIM ",{"t":"idOrVar","v":"index"}]},{"$i":"call-forwarding-async","$v":["அசின்க்ரோனஸ்: ",{"t":"idOrVar","v":"async"}]},{"$i":"call-forwarding-data","$v":["டேட்டா: ",{"t":"idOrVar","v":"data"}]},{"$i":"call-forwarding-error","$v":"கால் ஃபார்வர்டிங் நிலையை மீட்டெடுக்கும் போது ஒரு பிழை ஏற்பட்டது"},{"$i":"call-forwarding-fax","$v":["FAX: ",{"t":"idOrVar","v":"fax"}]},{"$i":"call-forwarding-inactive","$v":"செயல்படாதது"},{"$i":"call-forwarding-packet","$v":["பாக்கெட்: ",{"t":"idOrVar","v":"packet"}]},{"$i":"call-forwarding-pad","$v":["PAD: ",{"t":"idOrVar","v":"pad"}]},{"$i":"call-forwarding-sms","$v":["SMS: ",{"t":"idOrVar","v":"sms"}]},{"$i":"call-forwarding-status","$v":"கால் பார்வேர்ட்ங் நிலை"},{"$i":"call-forwarding-sync","$v":["ஒத்தியங்கு: ",{"t":"idOrVar","v":"sync"}]},{"$i":"call-forwarding-voice","$v":["வாய்ஸ்: ",{"t":"idOrVar","v":"voice"}]},{"$i":"call-forwarding-voice-after-seconds","$v":["குரல்: ",{"t":"idOrVar","v":"voice"}," ",{"t":"idOrVar","v":"timeSeconds"}," விநாடிகளுக்குப் பிறகு"]},{"$i":"call-forwarding-reason","$v":["Reason: ",{"t":"idOrVar","v":"reason"}]},{"$i":"serviceClassVoice","$v":"வாய்ஸ்"},{"$i":"serviceClassData","$v":"டேட்டா"},{"$i":"serviceClassFax","$v":"FAX"},{"$i":"serviceClassSms","$v":"SMS"},{"$i":"serviceClassDataSync","$v":"சின்க்"},{"$i":"serviceClassDataAsync","$v":"அசின்க்"},{"$i":"serviceClassPacket","$v":"பேக்கெட்"},{"$i":"serviceClassPad","$v":"PAD"},{"$i":"smServiceEnabled","$v":"சேவை செயல்படுத்தப்பட்டது"},{"$i":"smServiceDisabled","$v":"சேவை முடக்கப்பட்டுள்ளது"},{"$i":"smServiceRegistered","$v":"வெற்றிகரமாகப் பதிவுசெய்யப்பட்டது"},{"$i":"smServiceErased","$v":"அழிப்பு வெற்றியடைந்தது"},{"$i":"smServiceInterrogated","$v":"கோரிக்கை வெற்றியடைந்தது"},{"$i":"smServiceNotProvisioned","$v":"சேவை ஒதுக்கீடு செய்யப்படவில்லை"},{"$i":"smClirPermanent","$v":"அழைப்பாளர் ID அமைப்பை நீங்கள் மாற்ற முடியாது"},{"$i":"smClirDefaultOnNextCallOn","$v":"காலர் ID டீஃபால்ட்ஸ் கட்டுப்படுத்தப்பட்டுள்ளது. அடுத்த கால்: கட்டுப்படுத்தப்பட்டுள்ளது"},{"$i":"smClirDefaultOnNextCallOff","$v":"காலர் ID டீஃபால்ட்ஸ் கட்டுப்படுத்தப்பட்டுள்ளது. அடுத்த கால்: கட்டுப்படுத்தப்படவில்லை"},{"$i":"smClirDefaultOffNextCallOn","$v":"காலர் ID டீஃபால்ட்ஸ் கட்டுப்படுத்தப்படவில்லை. அடுத்த கால்: கட்டுப்படுத்தப்பட்டுள்ளது"},{"$i":"smClirDefaultOffNextCallOff","$v":"காலர் ID டீஃபால்ட்ஸ் கட்டுப்படுத்தப்படவில்லை. அடுத்த கால்: கட்டுப்படுத்தப்படவில்லை"},{"$i":"smServiceEnabledFor","$v":"இதற்காக சேவை செயல்படுத்தப்பட்டது:"},{"$i":"smPinChanged","$v":"பின் வெற்றிகரமாக மாற்றப்பட்டது"},{"$i":"smPinUnblocked","$v":"பின் வெற்றிகரமாக தடைநீக்கப்பட்டது"},{"$i":"smPin2Changed","$v":"பின்2 வெற்றிகரமாக மாற்றப்பட்டது"},{"$i":"smPin2Unblocked","$v":"பின்2 வெற்றிகரமாக தடைநீக்கப்பட்டது"},{"$i":"ServiceIsEnabled","$v":"சேவை செயல்படுத்தப்பட்டுள்ளது"},{"$i":"ServiceIsDisabled","$v":"சேவை முடக்கப்பட்டது"},{"$i":"ServiceIsEnabledFor","$v":"இதற்காக சேவை செயல்படுத்தப்பட்டுள்ளது:"},{"$i":"emMmiError","$v":"கனெக்ஷன் சிக்கல் அல்லது செல்லாத MMI கோட்"},{"$i":"emMmiErrorPasswordIncorrect","$v":"தவறான பாஸ்வெர்ட்"},{"$i":"emMmiErrorNotSupported","$v":"செல்லாத அல்லது ஆதரிக்கப்படாத MMI கோட்"},{"$i":"emMmiErrorInvalidAction","$v":"செல்லாத  செயல்"},{"$i":"emMmiErrorInvalidScCode","$v":"செல்லாத சேவைக் கோட்"},{"$i":"emMmiErrorBadPuk","$v":"நீங்கள் டைப் செய்த PUK சரியானது இல்லை"},{"$i":"emMmiErrorBadPin","$v":"நீங்கள் டைப் செய்த பழைய பின் சரியானது இல்லை."},{"$i":"emMmiErrorNeedPuk2","$v":"சிம் கார்டு தடையை நீக்க PUK2 என்று டைப் செய்யவும்"},{"$i":"emMmiErrorMismatchPin","$v":"நீங்கள் டைப் செய்த பின்கள் பொருந்தவில்லை"},{"$i":"emMmiErrorInvalidPin","$v":"4 முதல் 8 எண்களை கொண்டுள்ள பின்னை டைப் செய்யவும்"},{"$i":"emMmiErrorNeedsPuk","$v":"உங்கள் சிம் கார்டு PUK லாக்  செய்யப்பட்டுள்ளது"},{"$i":"emMmiErrorEnablePin","$v":"வெற்றியடையவில்லை. SIM/RUIM லாக்-ஐ செயல்படுத்தவும்"},{"$i":"emMmiErrorMmiFdn","$v":"ஃபிக்ஸ்ட் டயலிங் எண்களுக்கு மட்டும் ஆபரேஷன் தடுக்கப்பட்டுள்ளது"},{"$i":"emMmiErrorStkCcUssdDial","$v":"USSD கோரிக்கையானது டயல் கோரிக்கைக்கு மாற்றப்பட்டது"},{"$i":"emMmiErrorStkCcUssdSs","$v":"USSD கோரிக்கையானது SS கோரிக்கைக்கு மாற்றப்பட்டது"},{"$i":"emMmiErrorStkCcUssdUssd","$v":"USSD கோரிக்கையானது புதிய USSD கோரிக்கைக்கு மாற்றப்பட்டது"},{"$i":"emMmiErrorStkCcSsDial","$v":"டயல் கோரிக்கைக்கு SS கோரிக்கை திருத்தப்பட்டது"},{"$i":"emMmiErrorStkCcSsUssd","$v":"USSD கோரிக்கைக்கு SS கோரிக்கை திருத்தப்பட்டது"},{"$i":"emMmiErrorStkCcSsSs","$v":"புதிய SS கோரிக்கைக்கு SS கோரிக்கை திருத்தப்பட்டது"},{"$i":"emMmiErrorPinPukAttempts","$v":{"few":["மீண்டும் முயற்சித்தல் ",{"t":"idOrVar","v":"n"}," மீதமுள்ளன"],"many":["மீண்டும் முயற்சித்தல் ",{"t":"idOrVar","v":"n"}," மீதமுள்ளன"],"one":[{"t":"idOrVar","v":"n"}," முயற்சிகள் மட்டுமே மீதமுள்ளது"],"other":["மீண்டும் முயற்சித்தல் ",{"t":"idOrVar","v":"n"}," மீதமுள்ளன"],"two":["மீண்டும் முயற்சித்தல் ",{"t":"idOrVar","v":"n"}," மீதமுள்ளன"]},"$x":[{"t":"idOrVar","v":"plural"},"n"]},{"$i":"emMmiErrorSimBlocked","$v":"உள்ளீடுகளின் அதிகபட்ச எண்ணிக்கையைத் தாண்டியது. சிம் தடுக்கப்பட்டது"},{"$i":"RadioNotAvailable","$v":"ரேடியோ கிடைக்கவில்லை"},{"$i":"PasswordIncorrect","$v":"பாஸ்வெர்ட் தவறானது"},{"$i":"SimPin2","$v":"சிம் பின்2"},{"$i":"SimPuk2","$v":"சிம் PUK2"},{"$i":"RequestNotSupported","$v":"கோரிக்கை ஆதரிக்கப்படவில்லை"},{"$i":"OpNotAllowedDuringVoiceCall","$v":"வாய்ஸ் கால்-இன் போது ஆபரேஷன் அனுமதிக்கப்படவில்லை"},{"$i":"SmsSendFailRetry","$v":"SMS அனுப்பியது தோல்வியுற்றது மீண்டும் முயலவும்"},{"$i":"SimAbsent","$v":"சிம் இல்லை"},{"$i":"SubscriptionNotAvailable","$v":"சந்தா கிடைக்கவில்லை"},{"$i":"ModeNotSupported","$v":"மோட் ஆதரிக்கப்படவில்லை"},{"$i":"FdnCheckFailure","$v":"FDN சோதனை தோல்வி"},{"$i":"IllegalSimOrMe","$v":"சட்டவிரோத சிம் அல்லது ME"},{"$i":"DialModifiedToUssd","$v":"USSD-க்கு டயல் மாற்றப்பட்டது"},{"$i":"DialModifiedToSs","$v":"SS-க்கு டயல் மாற்றப்பட்டது"},{"$i":"DialModifiedToDial","$v":"டயலுக்கு டயல் மாற்றப்பட்டது"},{"$i":"UssdModifiedToDial","$v":"USSD, டயல் ஆக திருத்தப்பட்டது"},{"$i":"UssdModifiedToSs","$v":"USSD, SS ஆக திருத்தப்பட்டது"},{"$i":"UssdModifiedToUssd","$v":"USSD, USSD ஆக திருத்தப்பட்டது"},{"$i":"SsModifiedToDial","$v":"SS, டயலுக்கு திருத்தப்பட்டது"},{"$i":"SsModifiedToUssd","$v":"SS, USSD-க்கு திருத்தப்பட்டது"},{"$i":"SsModifiedToSs","$v":"SS, SS-க்கு திருத்தப்பட்டது"},{"$i":"SubscriptionNotSupported","$v":"சந்தா ஆதரிக்கப்படவில்லை"},{"$i":"InvalidParameter","$v":"செல்லாத பேராமீட்டர்"},{"$i":"RejectedByRemote","$v":"ரிமோட்டால், நிராகரிக்கப்பட்டது"},{"$i":"GetEmptyUssdPrompt","$v":"பதில் எதுவும் பெறப்படவில்லை."},{"$i":"LimitBlockNumber","$v":"இந்த எண் தடுக்கப்பட்டுள்ளது.நீங்கள் உங்கள் பெற்றோரிடம் அனுமதி கேட்கலாம்."},{"$i":"IncorrectPassword","$v":"தவறான பாஸ்வோர்டு."},{"$i":"Cancelled","$v":"ரத்து செய்யப்பட்டது."},{"$i":"OpNotAllowedBeforeRegToNw","$v":"நெட்வொர்க்கில் பதிவுசெய்யப்படுவதற்கு முன் ஆபரேஷன் அனுமதிக்கப்படாது"},{"$i":"MissingResource","$v":"தவறும் ரிசோர்ஸ்."},{"$i":"UnspecifiedError","$v":"குறிப்பிடப்படாத பிழை."},{"$i":"label","$v":"லேபில்"},{"$i":"faxHome","$v":"Fax ஹோம்"},{"$i":"faxOffice","$v":"Fax ஆப்பீஸ்"},{"$i":"faxOther","$v":"மற்றவருக்கு Fax"},{"$i":"another","$v":"வேறொரு"},{"$i":"other","$v":"மற்ற"},{"$i":"customTag","$v":"கஸ்டம் டேக்","placeholder":"கஸ்டம் டேக்"},{"$i":"current","$v":"தற்போதைய"},{"$i":"itemWithLabel","$v":[{"t":"idOrVar","v":"label"},", ",{"t":"idOrVar","v":"item"}]},{"$i":"weekday-0-long","$v":"ஞாயிறுக்கிழமை"},{"$i":"weekday-1-long","$v":"திங்கள்"},{"$i":"weekday-2-long","$v":"செவ்வாய்க்கிழமை"},{"$i":"weekday-3-long","$v":"புதன்கிழமை"},{"$i":"weekday-4-long","$v":"வியாழக்கிழமை"},{"$i":"weekday-5-long","$v":"வெள்ளி"},{"$i":"weekday-6-long","$v":"சனிக்கிழமை"},{"$i":"weekday-0-short","$v":"ஞாயிறுக்கிழமை"},{"$i":"weekday-1-short","$v":"திங்கள்"},{"$i":"weekday-2-short","$v":"செவ்வாய்க்கிழமை"},{"$i":"weekday-3-short","$v":"புதன்கிழமை"},{"$i":"weekday-4-short","$v":"வியாழன்"},{"$i":"weekday-5-short","$v":"வெள்ளி"},{"$i":"weekday-6-short","$v":"சனிக்கிழமை"},{"$i":"month-0-long","$v":"ஜனவரி"},{"$i":"month-1-long","$v":"பிப்ரவரி"},{"$i":"month-2-long","$v":"மார்ச்"},{"$i":"month-3-long","$v":"ஏப்ரல்"},{"$i":"month-4-long","$v":"மே"},{"$i":"month-5-long","$v":"ஜூன்"},{"$i":"month-6-long","$v":"ஜூலை"},{"$i":"month-7-long","$v":"ஆகஸ்ட்"},{"$i":"month-8-long","$v":"செப்டம்பர்"},{"$i":"month-9-long","$v":"அக்டோபர்"},{"$i":"month-10-long","$v":"நவம்பர்"},{"$i":"month-11-long","$v":"டிசம்பர்"},{"$i":"month-0-genitive","$v":"ஜனவரி"},{"$i":"month-1-genitive","$v":"பிப்ரவரி"},{"$i":"month-2-genitive","$v":"மார்ச்"},{"$i":"month-3-genitive","$v":"ஏப்ரல்"},{"$i":"month-4-genitive","$v":"மே"},{"$i":"month-5-genitive","$v":"ஜூன்"},{"$i":"month-6-genitive","$v":"ஜூலை"},{"$i":"month-7-genitive","$v":"ஆகஸ்ட்"},{"$i":"month-8-genitive","$v":"செப்டம்பர்"},{"$i":"month-9-genitive","$v":"அக்டோபர்"},{"$i":"month-10-genitive","$v":"நவம்பர்"},{"$i":"month-11-genitive","$v":"டிசம்பர்"},{"$i":"month-0-short","$v":"ஜனவரி"},{"$i":"month-1-short","$v":"பிப்ரவரி"},{"$i":"month-2-short","$v":"மார்ச்"},{"$i":"month-3-short","$v":"ஏப்ரல்"},{"$i":"month-4-short","$v":"மே"},{"$i":"month-5-short","$v":"ஜூன்"},{"$i":"month-6-short","$v":"ஜூலை"},{"$i":"month-7-short","$v":"ஆகஸ்ட்"},{"$i":"month-8-short","$v":"செப்டம்பர்"},{"$i":"month-9-short","$v":"அக்டோபர்"},{"$i":"month-10-short","$v":"நவம்பர்"},{"$i":"month-11-short","$v":"டிசம்பர்"},{"$i":"minutes-ago-long","$v":{"few":[{"t":"idOrVar","v":"value"}," நிமிடங்களுக்கு முன்பு"],"many":[{"t":"idOrVar","v":"value"}," நிமிடங்களுக்கு முன்பு"],"other":[{"t":"idOrVar","v":"value"}," நிமிடங்களுக்கு முன்பு"],"two":[{"t":"idOrVar","v":"value"}," நிமிடங்களுக்கு முன்பு"],"one":"ஒரு நிமிடம் முன்பாக","zero":"Just now"},"$x":[{"t":"idOrVar","v":"plural"},"value"]},{"$i":"hours-ago-long","$v":{"few":[{"t":"idOrVar","v":"value"}," மணிநேரங்களுக்கு முன்பு"],"many":[{"t":"idOrVar","v":"value"}," மணிநேரங்களுக்கு முன்பு"],"other":[{"t":"idOrVar","v":"value"}," மணிநேரங்களுக்கு முன்பு"],"two":[{"t":"idOrVar","v":"value"}," மணிநேரங்களுக்கு முன்பு"],"one":"ஒரு மணிநேரம் முன்பாக","zero":"Just now"},"$x":[{"t":"idOrVar","v":"plural"},"value"]},{"$i":"days-ago-long","$v":{"few":[{"t":"idOrVar","v":"value"}," நாட்களுக்கு முன்பு"],"many":[{"t":"idOrVar","v":"value"}," நாட்களுக்கு முன்பு"],"one":"நேற்று","other":[{"t":"idOrVar","v":"value"}," நாட்களுக்கு முன்பு"],"two":[{"t":"idOrVar","v":"value"}," நாட்களுக்கு முன்பு"],"zero":"இன்று"},"$x":[{"t":"idOrVar","v":"plural"},"value"]},{"$i":"weeks-ago-long","$v":{"few":[{"t":"idOrVar","v":"value"}," வாரங்களுக்கு முன்பு"],"many":[{"t":"idOrVar","v":"value"}," வாரங்களுக்கு முன்பு"],"one":"கடந்த வாரம்","other":[{"t":"idOrVar","v":"value"}," வாரங்களுக்கு முன்பு"],"two":[{"t":"idOrVar","v":"value"}," வாரங்களுக்கு முன்பு"],"zero":"இந்த வாரம்"},"$x":[{"t":"idOrVar","v":"plural"},"value"]},{"$i":"months-ago-long","$v":{"few":[{"t":"idOrVar","v":"value"}," மாதங்களுக்கு முன்பு"],"many":[{"t":"idOrVar","v":"value"}," மாதங்களுக்கு முன்பு"],"one":"கடந்த மாதம்","other":[{"t":"idOrVar","v":"value"}," மாதங்களுக்கு முன்பு"],"two":[{"t":"idOrVar","v":"value"}," மாதங்களுக்கு முன்பு"],"zero":"இந்த மாதம்"},"$x":[{"t":"idOrVar","v":"plural"},"value"]},{"$i":"years-ago-long","$v":{"few":[{"t":"idOrVar","v":"value"}," வருடங்களுக்கு முன்பு"],"many":[{"t":"idOrVar","v":"value"}," வருடங்களுக்கு முன்பு"],"one":"கடந்த வருடம்","other":[{"t":"idOrVar","v":"value"}," வருடங்களுக்கு முன்பு"],"two":[{"t":"idOrVar","v":"value"}," வருடங்களுக்கு முன்பு"],"zero":"இந்த வருடம்"},"$x":[{"t":"idOrVar","v":"plural"},"value"]},{"$i":"minutes-until-long","$v":{"few":[{"t":"idOrVar","v":"value"}," நிமிடங்களில்"],"many":[{"t":"idOrVar","v":"value"}," நிமிடங்களில்"],"other":[{"t":"idOrVar","v":"value"}," நிமிடங்களில்"],"two":[{"t":"idOrVar","v":"value"}," நிமிடங்களில்"],"zero":"இப்போதே","one":"ஒரு நிமிடத்தில்"},"$x":[{"t":"idOrVar","v":"plural"},"value"]},{"$i":"hours-until-long","$v":{"few":[{"t":"idOrVar","v":"value"}," மணிநேரங்களில்"],"many":[{"t":"idOrVar","v":"value"}," மணிநேரங்களில்"],"other":[{"t":"idOrVar","v":"value"}," மணிநேரங்களில்"],"two":[{"t":"idOrVar","v":"value"}," மணிநேரங்களில்"],"zero":"இப்போதே","one":"ஒரு மணிநேரத்தில்"},"$x":[{"t":"idOrVar","v":"plural"},"value"]},{"$i":"days-until-long","$v":{"few":[{"t":"idOrVar","v":"value"}," நாட்களில்"],"many":[{"t":"idOrVar","v":"value"}," நாட்களில்"],"one":"நாளை","other":[{"t":"idOrVar","v":"value"}," நாட்களில்"],"two":[{"t":"idOrVar","v":"value"}," நாட்களில்"],"zero":"இன்று"},"$x":[{"t":"idOrVar","v":"plural"},"value"]},{"$i":"weeks-until-long","$v":{"few":[{"t":"idOrVar","v":"value"}," வாரங்களில்"],"many":[{"t":"idOrVar","v":"value"}," வாரங்களில்"],"one":"அடுத்த வாரம்","other":[{"t":"idOrVar","v":"value"}," வாரங்களில்"],"two":[{"t":"idOrVar","v":"value"}," வாரங்களில்"],"zero":"இந்த வாரம்"},"$x":[{"t":"idOrVar","v":"plural"},"value"]},{"$i":"months-until-long","$v":{"few":[{"t":"idOrVar","v":"value"}," மாதங்களில்"],"many":[{"t":"idOrVar","v":"value"}," மாதங்களில்"],"one":"அடுத்த மாதம்","other":[{"t":"idOrVar","v":"value"}," மாதங்களில்"],"two":[{"t":"idOrVar","v":"value"}," மாதங்களில்"],"zero":"இந்த மாதம்"},"$x":[{"t":"idOrVar","v":"plural"},"value"]},{"$i":"years-until-long","$v":{"few":[{"t":"idOrVar","v":"value"}," வருடங்களில்"],"many":[{"t":"idOrVar","v":"value"}," வருடங்களில்"],"one":"அடுத்த ஆண்டு","other":[{"t":"idOrVar","v":"value"}," வருடங்களில்"],"two":[{"t":"idOrVar","v":"value"}," வருடங்களில்"],"zero":"இந்த வருடம்"},"$x":[{"t":"idOrVar","v":"plural"},"value"]},{"$i":"minutes-ago-short","$v":{"other":[{"t":"idOrVar","v":"value"},"நிமிடம் முன்பு"],"zero":"Just now"},"$x":[{"t":"idOrVar","v":"plural"},"value"]},{"$i":"hours-ago-short","$v":{"other":[{"t":"idOrVar","v":"value"},"மணிநேரம் முன்பு"],"zero":"Just now"},"$x":[{"t":"idOrVar","v":"plural"},"value"]},{"$i":"days-ago-short","$v":{"other":[{"t":"idOrVar","v":"value"},"நாள் முன்பு"],"zero":"இன்று"},"$x":[{"t":"idOrVar","v":"plural"},"value"]},{"$i":"minutes-until-short","$v":{"other":[{"t":"idOrVar","v":"value"},"நிமிடத்தில்"],"zero":"இப்போதே"},"$x":[{"t":"idOrVar","v":"plural"},"value"]},{"$i":"hours-until-short","$v":{"other":[{"t":"idOrVar","v":"value"},"மணிநேரத்தில்"],"zero":"இப்போதே"},"$x":[{"t":"idOrVar","v":"plural"},"value"]},{"$i":"days-until-short","$v":{"other":[{"t":"idOrVar","v":"value"},"நாள் இல்"],"zero":"இன்று"},"$x":[{"t":"idOrVar","v":"plural"},"value"]},{"$i":"incorrectDate","$v":"(தவறான தேதி)"},{"$i":"dateTimeFormat_%c","$v":"%a %b %e %Y %I:%M:%S %p"},{"$i":"dateTimeFormat_%x","$v":"%m/%d/%Y"},{"$i":"dateTimeFormat_%X","$v":"%I:%M:%S %p"},{"$i":"shortTimeFormat","$v":"%I:%M %p"},{"$i":"shortTimeFormat12","$v":"%I:%M %p"},{"$i":"shortTimeFormat24","$v":"%H:%M"},{"$i":"shortDateTimeFormat","$v":"%x %I:%M %p"},{"$i":"weekStartsOnMonday","$v":"0.0"},{"$i":"firstDayOfTheWeek","$v":"0.0"},{"$i":"time_am","$v":"AM"},{"$i":"time_pm","$v":"PM"}]