[{"$i":"search-or-enter-address","placeholder":"Tìm kiếm hoặc nhập địa chỉ"},{"$i":"delete-title","$v":["Xóa ",{"t":"idOrVar","v":"name"}]},{"$i":"delete-body","$v":[{"t":"idOrVar","v":"name"}," và tất cả dữ liệu của nó sẽ bị xóa."]},{"$i":"delete","$v":"Xóa"},{"$i":"cancel","$v":"Hủy"},{"$i":"apps","$v":"Ứng dụng"},{"$i":"menu","$v":"Menu"},{"$i":"notifications","$v":"Thông báo"},{"$i":"speed-dial","$v":"Quay số Nhanh"},{"$i":"select","$v":"Chọn"},{"$i":"move","$v":"Di chuyển"},{"$i":"ok","$v":"OK"},{"$i":"set","$v":"Đặt"},{"$i":"edit","$v":"Chỉnh sửa"},{"$i":"call","$v":"Gọi"},{"$i":"message","$v":"Tin nhắn"},{"$i":"options","$v":"Tùy chọn"},{"$i":"assign","$v":"Gán"},{"$i":"remove","$v":"Xóa"},{"$i":"replace","$v":"Thay thế"},{"$i":"more","$v":"Thêm"},{"$i":"settings","$v":"Cài đặt"},{"$i":"contacts","$v":"Danh bạ"},{"$i":"list-view","$v":"Chế độ xem Danh sách"},{"$i":"grid-view","$v":"Xem dạng Lưới"},{"$i":"single-view","$v":"Chế độ Xem Đơn"},{"$i":"skip","$v":"Bỏ qua"},{"$i":"shortcuts","$v":"Lối tắt"},{"$i":"next","$v":"Tiếp"},{"$i":"back","$v":"Quay lại"},{"$i":"memory-cleaner","$v":"Trình dọn dẹp Bộ nhớ (Memory Cleaner)"},{"$i":"open","$v":"MỞ"},{"$i":"voicemail","$v":"Thư thoại"},{"$i":"speed-dial-not-empty","ariaLabel":[{"t":"idOrVar","v":"order"},", ",{"t":"idOrVar","v":"name"}]},{"$i":"speed-dial-empty","ariaLabel":[{"t":"idOrVar","v":"order"},", trống"]},{"$i":"remove-speed-dial","$v":["Bạn có chắc muốn xóa ",{"t":"idOrVar","v":"name"}," khỏi danh sách Quay số Nhanh không?"]},{"$i":"replace-speed-dial","$v":["Bạn có chắc chắn muốn thay thế ",{"t":"idOrVar","v":"name"}," bằng ",{"t":"idOrVar","v":"subName"}," ?"]},{"$i":"assign-speed-dial","$v":["Liên hệ không được thêm vào danh sách quay số nhanh cho nút ",{"t":"idOrVar","v":"n"},". Gán bây giờ ?"]},{"$i":"assign-voicemail","$v":"Chưa đặt số Thư Thoại."},{"$i":"alert-for-contacts-without-number","$v":"Không có liên hệ nào có số điện thoại."},{"$i":"option-remove","$v":"Xóa khỏi danh sách Quay số nhanh"},{"$i":"option-replace","$v":"Thay thế"},{"$i":"all-apps","$v":"Tất cả các ứng dụng"},{"$i":"uninstall","$v":"Gỡ cài đặt"},{"$i":"confirm-to-uninstall-app","$v":["Gỡ bỏ ứng dụng ",{"t":"idOrVar","v":"appName"},"?"]},{"$i":"confirm-to-unpin-bookmark","$v":"Bỏ ghim trang web?"},{"$i":"unpin","$v":"Bỏ ghim"},{"$i":"rename","$v":"Đổi tên"},{"$i":"title","$v":"Tiêu đề"},{"$i":"add-to-existing-contact","$v":"Thêm vào Liên hệ Hiện tại"},{"$i":"create-new-contact","$v":"Tạo Liên hệ Mới"},{"$i":"sending","$v":"Vui lòng chờ…"},{"$i":"video-call","$v":"Cuộc gọi video"},{"$i":"rtt-call","$v":"Cuộc gọi RTT"},{"$i":"callAirplaneModeTitle","$v":"Chế độ máy bay được kích hoạt"},{"$i":"callAirplaneModeMessage","$v":"Để thực hiện cuộc gọi, bạn cần tắt chế độ máy bay trong cài đặt."},{"$i":"emergencyDialogTitle","$v":"Không có kết nối mạng"},{"$i":"emergencyDialogBodyBadNumber","$v":"Để thực hiện một cuộc gọi, phải kết nối điện thoại với mạng."},{"$i":"emergencyDialogBodyDeviceNotAccepted","$v":"Mạng không cho phép các cuộc gọi khẩn cấp."},{"$i":"invalidNumberToDialTitle","$v":"Số điện thoại không hợp lệ"},{"$i":"invalidNumberToDialMessage","$v":"Số điện thoại bạn đang gọi không hợp lệ."},{"$i":"emergency-call-only","$v":"Chỉ Cuộc gọi Khẩn cấp"},{"$i":"emergency-call-error","$v":[{"t":"idOrVar","v":"number"}," không phải là số khẩn cấp."]},{"$i":"numberIsBusyTitle","$v":"Số điện thoại đang bận"},{"$i":"numberIsBusyMessage","$v":"Số điện thoại hiện đang bận. Vui lòng gọi lại sau."},{"$i":"fdnIsActiveTitle","$v":"FDN Hoạt động"},{"$i":"fdnIsActiveMessage","$v":["FDN (Số Quay số Cố định) được kích hoạt và số sau đây không nằm trong danh sách FDN của bạn: ",{"t":"idOrVar","v":"number"}]},{"$i":"otherConnectionInUseTitle","$v":"Đang sử dụng kết nối khác"},{"$i":"otherConnectionInUseMessage","$v":"Bạn đang có một cuộc gọi trên một kết nối khác. Bạn chỉ có thể sử dụng một kết nối một lần."},{"$i":"GenericFailure","$v":"Hỏng hóc chung"},{"$i":"CallFailed","$v":"Cuộc gọi không thành công"},{"$i":"scCallBarring","$v":"Chặn cuộc gọi"},{"$i":"scCallForwarding","$v":"Chuyển hướng cuộc gọi"},{"$i":"scClip","$v":"ID Số gọi Đến"},{"$i":"scClir","$v":"ID Số gọi Đi"},{"$i":"scPwd","$v":"Thay đổi mật khẩu"},{"$i":"scCallWaiting","$v":"Chờ cuộc gọi"},{"$i":"scPin","$v":"Thay đổi mã PIN"},{"$i":"scPin2","$v":"Thay đổi mã PIN2"},{"$i":"scPuk","$v":"Mở khóa mã PIN"},{"$i":"scPuk2","$v":"Mở khóa mã PIN2"},{"$i":"scImei","$v":"IMEI"},{"$i":"scMeid","$v":"MEID"},{"$i":"scUssd","$v":"USSD"},{"$i":"deviceIsUnlocked","$v":"Thiết bị được mở khóa"},{"$i":"simUnlockCodeAccepted","$v":"Mã mở khóa SIM được chấp nhận"},{"$i":"simUnlockCodeFailed","$v":"Mở khóa SIM không thành công"},{"$i":"personal","$v":"Cá nhân"},{"$i":"mobile","$v":"Di động"},{"$i":"home","$v":"Màn hình chính"},{"$i":"work","$v":"Công việc"},{"$i":"fax-home","$v":"Số fax nhà riêng"},{"$i":"fax-office","$v":"Số fax văn phòng"},{"$i":"fax-other","$v":"Số fax khác"},{"$i":"noSimCard","$v":"Không có Thẻ SIM"},{"$i":"noService","$v":"Không có Dịch vụ"},{"$i":"lockedSim","$v":"Đã khóa SIM"},{"$i":"airplaneMode","$v":"Chế độ Máy bay"},{"$i":"wifi-calling","$v":"Gọi Wi-Fi"},{"$i":"homescreen-settings","$v":"Cài đặt Màn hình chính"},{"$i":"change-wallpaper","$v":"Thay đổi Hình nền"},{"$i":"add-smart-collections","$v":"Thêm Bộ sưu tập Thông minh"},{"$i":"edit-mode","$v":"Chỉnh sửa"},{"$i":"edit-done","$v":"Đã xong"},{"$i":"tutorial-for-side-menu-1","$v":["Nhấn phím ",{"t":"idOrVar","v":"left"}," để truy cập các ứng dụng ở bên trái."]},{"$i":"tutorial-for-instant-settings-1","$v":["Nhấn phím ",{"t":"idOrVar","v":"up"}," để biết các cài đặt thường được sử dụng."]},{"$i":"tutorial-for-notices","$v":"Nhấn phím RIGHT (PHẢI) để xem các thông báo mới."},{"$i":"tutorial-for-google-assistant-1","$v":["Nhấn giữ ",{"t":"idOrVar","v":"microphone"}," để nói."]},{"$i":"tutorial-for-voice-input-1","$v":["Nhấn giữ ",{"t":"idOrVar","v":"microphone"}," để nói vào trường văn bản."]},{"$i":"tutorial-for-find-kaistore-2","$v":"Tìm ứng dụng KaiStore trên trang đầu tiên của Menu Ứng dụng."},{"$i":"tutorial-for-left","$v":"BÊN TRÁI"},{"$i":"tutorial-for-up","$v":"BÊN TRÊN"},{"$i":"stop-download-title","$v":["Dừng ",{"t":"idOrVar","v":"name"}]},{"$i":"stop-download-body","$v":"Bạn có muốn hủy tiến trình tải xuống không?"},{"$i":"stop-download-action","$v":"Dừng"},{"$i":"resume-download-title","$v":"Khởi động lại tiến trình Tải xuống"},{"$i":"resume-download-body","$v":["Bạn có muốn tải xuống ",{"t":"idOrVar","v":"name"}," không?"]},{"$i":"resume-download-action","$v":"Tải xuống"},{"$i":"edit-group-header","$v":"Chỉnh sửa nhóm"},{"$i":"gaia-shortcut-app-updated","$v":"Đã cập nhật Ứng dụng"},{"$i":"clocks-updated","$v":"Đã cập nhật đồng hồ"},{"$i":"longDateFormat","$v":"%A, %B %e"},{"$i":"app-title","$v":"Ứng dụng của Tôi"},{"$i":"app-uninstall","$v":[{"t":"idOrVar","v":"name"}," đã được gỡ bỏ"]},{"$i":"confirmation","$v":"Xác nhận"},{"$i":"clockDateFormat","$v":"%a %e %b"},{"$i":"apn-sim1","$v":"Cài đặt APN - SIM1"},{"$i":"apn-sim2","$v":"Cài đặt APN - SIM2"},{"$i":"apnDefaultConfig","$v":"APN Default Config"},{"$i":"apn-defaultconfig-message","$v":"Đặt loại apn được sử dụng"},{"$i":"apnConfigPostpay","$v":"Postpay APN"},{"$i":"apnConfigPrepay","$v":"Prepay APN"},{"$i":"offline-toaster-message","$v":"Điện thoại đang ngoại tuyến."},{"$i":"dialog-title-new-card","$v":"Thẻ Mới"},{"$i":"dialog-text-new-card-show","$v":"Bạn đã nhận được một thẻ mới: Tìm kiếm trên Internet."},{"$i":"not-connect-internet-text","$v":"Bạn không có kết nối Internet. Kết nối Internet ngay bây giờ?"},{"$i":"not-connect-internet-up-button","$v":"Bật Dữ liệu Di động"},{"$i":"not-connect-internet-down-button","$v":"Dữ liệu Di động là gì"},{"$i":"not-data-plan-text","$v":"Có vẻ như bạn không có gói dữ liệu để kết nối với Internet. Dưới đây là những lựa chọn của bạn."},{"$i":"not-data-plan-down-button","$v":"Sử dụng Wi-Fi"},{"$i":"connect-internet-title","$v":"Bạn được kết nối"},{"$i":"connect-internet-text","$v":"Kiểm tra các ứng dụng như Cửa hàng, Tin tức, Thời tiết và trình duyệt Internet."},{"$i":"utilities","$v":"Tiện ích"},{"$i":"games","$v":"Trò chơi"},{"$i":"toast-app-downloaded-to-folder","$v":[{"t":"idOrVar","v":"appName"}," được tải xuống thư mục ",{"t":"idOrVar","v":"folderName"},"."]},{"$i":"toast-need-update-app","$v":"Vui lòng cập nhật ứng dụng lên phiên bản mới nhất để tiếp tục từ ứng dụng JioStore."},{"$i":"notices-reminder-header","$v":"Nhắc nhở"},{"$i":"notices-reminder-content","$v":"Bạn có thông báo chưa đọc. Kiểm tra nếu bạn bỏ lỡ bất cứ điều gì quan trọng."},{"$i":"instant-settings","$v":"instant settings"},{"$i":"flashlight","$v":"Flashlight"},{"$i":"brightness","$v":"Brightness"},{"$i":"volume","$v":"Volume"},{"$i":"camera","$v":"Camera"},{"$i":"calculator","$v":"Calculator"},{"$i":"airplane-mode","$v":"Airplane Mode"},{"$i":"wifi","$v":"Wi-Fi"},{"$i":"bluetooth","$v":"Bluetooth"},{"$i":"cellular-data","$v":"Cellular Data"},{"$i":"on","$v":"On"},{"$i":"off","$v":"Off"},{"$i":"percentage-number","$v":[{"t":"idOrVar","v":"number"},"%"]},{"$i":"eccOnly","$v":"Chỉ cuộc gọi khẩn cấp"},{"$i":"emergencyCallsOnly","$v":"Chỉ cuộc gọi khẩn cấp"},{"$i":"searching","$v":"Đang tìm kiếm"},{"$i":"nocard-eccOnly","$v":"Không có thẻ SIM-Chỉ cuộc gọi khẩn cấp"},{"$i":"unusablecard-eccOnly","$v":"Thẻ SIM không sử dụng được-Chỉ cuộc gọi khẩn cấp"},{"$i":"nocard-noservice","$v":"Không có Thẻ SIM-Không có Dịch vụ"},{"$i":"sim-with-index-and-carrier","$v":["SIM ",{"t":"idOrVar","v":"index"}," - ",{"t":"idOrVar","v":"carrier"}]},{"$i":"sim-without-carrier","$v":["SIM ",{"t":"idOrVar","v":"index"}]},{"$i":"call-forwarding-async","$v":["Không đồng bộ: ",{"t":"idOrVar","v":"async"}]},{"$i":"call-forwarding-data","$v":["Dữ liệu: ",{"t":"idOrVar","v":"data"}]},{"$i":"call-forwarding-error","$v":"Đã xảy ra lỗi trong khi truy xuất trạng thái chuyển hướng cuộc gọi"},{"$i":"call-forwarding-fax","$v":["FAX: ",{"t":"idOrVar","v":"fax"}]},{"$i":"call-forwarding-inactive","$v":"Không hoạt động"},{"$i":"call-forwarding-packet","$v":["Gói: ",{"t":"idOrVar","v":"packet"}]},{"$i":"call-forwarding-pad","$v":["PAD: ",{"t":"idOrVar","v":"pad"}]},{"$i":"call-forwarding-sms","$v":["SMS: ",{"t":"idOrVar","v":"sms"}]},{"$i":"call-forwarding-status","$v":"Trạng thái chuyển hướng cuộc gọi"},{"$i":"call-forwarding-sync","$v":["Đồng bộ hóa: ",{"t":"idOrVar","v":"sync"}]},{"$i":"call-forwarding-voice","$v":["Thoại: ",{"t":"idOrVar","v":"voice"}]},{"$i":"call-forwarding-voice-after-seconds","$v":["Gọi thoại: ",{"t":"idOrVar","v":"voice"}," sau ",{"t":"idOrVar","v":"timeSeconds"}," giây"]},{"$i":"call-forwarding-reason","$v":["Reason: ",{"t":"idOrVar","v":"reason"}]},{"$i":"serviceClassVoice","$v":"Thoại"},{"$i":"serviceClassData","$v":"Dữ liệu"},{"$i":"serviceClassFax","$v":"FAX"},{"$i":"serviceClassSms","$v":"SMS"},{"$i":"serviceClassDataSync","$v":"Đồng bộ"},{"$i":"serviceClassDataAsync","$v":"Không đồng bộ"},{"$i":"serviceClassPacket","$v":"Gói"},{"$i":"serviceClassPad","$v":"PAD"},{"$i":"smServiceEnabled","$v":"Đã kích hoạt dịch vụ"},{"$i":"smServiceDisabled","$v":"Đã vô hiệu hóa dịch vụ"},{"$i":"smServiceRegistered","$v":"Đã đăng ký thành công"},{"$i":"smServiceErased","$v":"Đã xóa thành công"},{"$i":"smServiceInterrogated","$v":"Đã yêu cầu thành công"},{"$i":"smServiceNotProvisioned","$v":"Dịch vụ không được cung cấp"},{"$i":"smClirPermanent","$v":"Bạn không thể thay đổi cài đặt ID người gọi"},{"$i":"smClirDefaultOnNextCallOn","$v":"ID người gọi mặc định bị giới hạn. Cuộc gọi tiếp theo: Bị giới hạn"},{"$i":"smClirDefaultOnNextCallOff","$v":"ID người gọi mặc định bị giới hạn. Cuộc gọi tiếp theo: Không bị giới hạn"},{"$i":"smClirDefaultOffNextCallOn","$v":"ID Số gọi đến mặc định không bị giới hạn. Cuộc gọi tiếp theo: Bị giới hạn"},{"$i":"smClirDefaultOffNextCallOff","$v":"ID Số gọi đến mặc định không bị giới hạn. Cuộc gọi tiếp theo: Không bị giới hạn"},{"$i":"smServiceEnabledFor","$v":"Đã kích hoạt dịch vụ cho:"},{"$i":"smPinChanged","$v":"Thay đổi mã PIN thành công"},{"$i":"smPinUnblocked","$v":"Bỏ chặn mã PIN thành công"},{"$i":"smPin2Changed","$v":"Thay đổi mã PIN2 thành công"},{"$i":"smPin2Unblocked","$v":"Bỏ chặn mã PIN2 thành công"},{"$i":"ServiceIsEnabled","$v":"Kích hoạt Dịch vụ"},{"$i":"ServiceIsDisabled","$v":"Vô hiệu hóa Dịch vụ"},{"$i":"ServiceIsEnabledFor","$v":"Kích hoạt dịch vụ cho:"},{"$i":"emMmiError","$v":"Sự cố kết nối hoặc mã MMI không hợp lệ"},{"$i":"emMmiErrorPasswordIncorrect","$v":"Mật khẩu Sai"},{"$i":"emMmiErrorNotSupported","$v":"Mã MMI Không hợp lệ hoặc Không được hỗ trợ"},{"$i":"emMmiErrorInvalidAction","$v":"Thao tác không hợp lệ"},{"$i":"emMmiErrorInvalidScCode","$v":"Mã dịch vụ không hợp lệ"},{"$i":"emMmiErrorBadPuk","$v":"Mã PUK bạn đã nhập không chính xác"},{"$i":"emMmiErrorBadPin","$v":"Mã PIN cũ bạn đã nhập không chính xác."},{"$i":"emMmiErrorNeedPuk2","$v":"Nhập PUK2 để bỏ chặn thẻ SIM"},{"$i":"emMmiErrorMismatchPin","$v":"Mã PIN bạn đã nhập không khớp"},{"$i":"emMmiErrorInvalidPin","$v":"Nhập mã PIN gồm 4 đến 8 chữ số"},{"$i":"emMmiErrorNeedsPuk","$v":"Thẻ SIM được khóa bằng mã PUK"},{"$i":"emMmiErrorEnablePin","$v":"Không thành công. Kích hoạt khóa SIM/RUIM"},{"$i":"emMmiErrorMmiFdn","$v":"Chỉ hạn chế thao tác đối với số quay số định sẵn"},{"$i":"emMmiErrorStkCcUssdDial","$v":"Yêu cầu USSD bị đổi thành yêu cầu QUAY SỐ"},{"$i":"emMmiErrorStkCcUssdSs","$v":"Yêu cầu USSD bị đổi thành yêu cầu SS"},{"$i":"emMmiErrorStkCcUssdUssd","$v":"Yêu cầu USSD bị đổi thành yêu cầu USSD mới"},{"$i":"emMmiErrorStkCcSsDial","$v":"Yêu cầu SS bị đổi thành yêu cầu QUAY SỐ"},{"$i":"emMmiErrorStkCcSsUssd","$v":"Yêu cầu SS bị đổi thành yêu cầu USSD"},{"$i":"emMmiErrorStkCcSsSs","$v":"Yêu cầu SS bị đổi thành yêu cầu SS mới"},{"$i":"emMmiErrorPinPukAttempts","$v":{"few":[{"t":"idOrVar","v":"n"}," lần thử còn lại"],"many":[{"t":"idOrVar","v":"n"}," lần thử còn lại"],"one":["Chỉ ",{"t":"idOrVar","v":"n"}," lần thử còn lại"],"other":[{"t":"idOrVar","v":"n"}," lần thử còn lại"],"two":[{"t":"idOrVar","v":"n"}," lần thử còn lại"]},"$x":[{"t":"idOrVar","v":"plural"},"n"]},{"$i":"emMmiErrorSimBlocked","$v":"Đã vượt quá số lượng lần thử tối đa. SIM đã bị chặn"},{"$i":"RadioNotAvailable","$v":"Radio not available"},{"$i":"PasswordIncorrect","$v":"Mật khẩu không đúng"},{"$i":"SimPin2","$v":"Mã PIN2 của SIM"},{"$i":"SimPuk2","$v":"Mã PUK2 của SIM"},{"$i":"RequestNotSupported","$v":"Yêu cầu không được hỗ trợ"},{"$i":"OpNotAllowedDuringVoiceCall","$v":"Không cho phép hoạt động trong thư thoại"},{"$i":"SmsSendFailRetry","$v":"Thử gửi lại SMS thất bại"},{"$i":"SimAbsent","$v":"Không có SIM"},{"$i":"SubscriptionNotAvailable","$v":"Đăng ký không khả dụng"},{"$i":"ModeNotSupported","$v":"không hỗ trợ chế độ"},{"$i":"FdnCheckFailure","$v":"Kiểm tra Fdn không thành công"},{"$i":"IllegalSimOrMe","$v":"ME hoặc SIM không hợp lệ"},{"$i":"DialModifiedToUssd","$v":"Đổi quay số thành USSD"},{"$i":"DialModifiedToSs","$v":"Đổi quay số thành SS"},{"$i":"DialModifiedToDial","$v":"Đổi quay số thành quay số"},{"$i":"UssdModifiedToDial","$v":"Đổi USSD thành quay số"},{"$i":"UssdModifiedToSs","$v":"Đổi USSD thành SS"},{"$i":"UssdModifiedToUssd","$v":"Đổi USSD thành USSD"},{"$i":"SsModifiedToDial","$v":"Đổi SS thành quay số"},{"$i":"SsModifiedToUssd","$v":"Đổi SS thành USSD"},{"$i":"SsModifiedToSs","$v":"Đổi SS thành SS"},{"$i":"SubscriptionNotSupported","$v":"Đăng ký không được hỗ trợ"},{"$i":"InvalidParameter","$v":"Thông số không hợp lệ"},{"$i":"RejectedByRemote","$v":"Bị từ chối từ xa"},{"$i":"GetEmptyUssdPrompt","$v":"Không nhận được phản hồi nào."},{"$i":"LimitBlockNumber","$v":"Số này bị chăn. Bạn có thể yêu cầu phụ huynh để được cho phép."},{"$i":"IncorrectPassword","$v":"Mật khẩu không chính xác."},{"$i":"Cancelled","$v":"Đã hủy."},{"$i":"OpNotAllowedBeforeRegToNw","$v":"Không được phép thực hiện thao tác trước khi đăng ký với mạng"},{"$i":"MissingResource","$v":"Thiếu tài nguyên."},{"$i":"UnspecifiedError","$v":"Lỗi không xác định."},{"$i":"label","$v":"Nhãn"},{"$i":"faxHome","$v":"Số fax nhà riêng"},{"$i":"faxOffice","$v":"Số fax văn phòng"},{"$i":"faxOther","$v":"Số fax khác"},{"$i":"another","$v":"Khác"},{"$i":"other","$v":"Khác"},{"$i":"customTag","$v":"Thẻ tùy chỉnh","placeholder":"Thẻ tùy chỉnh"},{"$i":"current","$v":"Hiện hành"},{"$i":"itemWithLabel","$v":[{"t":"idOrVar","v":"label"},", ",{"t":"idOrVar","v":"item"}]},{"$i":"weekday-0-long","$v":"Chủ nhật"},{"$i":"weekday-1-long","$v":"Thứ Hai"},{"$i":"weekday-2-long","$v":"Thứ Ba"},{"$i":"weekday-3-long","$v":"Thứ Tư"},{"$i":"weekday-4-long","$v":"Thứ Năm"},{"$i":"weekday-5-long","$v":"Thứ Sáu"},{"$i":"weekday-6-long","$v":"Thứ Bảy"},{"$i":"weekday-0-short","$v":"CN"},{"$i":"weekday-1-short","$v":"Thứ 2"},{"$i":"weekday-2-short","$v":"Thứ 3"},{"$i":"weekday-3-short","$v":"Thứ 4"},{"$i":"weekday-4-short","$v":"Thứ 5"},{"$i":"weekday-5-short","$v":"Thứ 6"},{"$i":"weekday-6-short","$v":"Thứ 7"},{"$i":"month-0-long","$v":"Tháng 1"},{"$i":"month-1-long","$v":"Tháng 2"},{"$i":"month-2-long","$v":"Tháng 3"},{"$i":"month-3-long","$v":"Tháng 4"},{"$i":"month-4-long","$v":"Tháng 5"},{"$i":"month-5-long","$v":"Tháng 6"},{"$i":"month-6-long","$v":"Tháng 7"},{"$i":"month-7-long","$v":"Tháng 8"},{"$i":"month-8-long","$v":"Tháng 9"},{"$i":"month-9-long","$v":"Tháng 10"},{"$i":"month-10-long","$v":"Tháng 11"},{"$i":"month-11-long","$v":"Tháng 12"},{"$i":"month-0-genitive","$v":"Tháng 1"},{"$i":"month-1-genitive","$v":"Tháng 2"},{"$i":"month-2-genitive","$v":"Tháng 3"},{"$i":"month-3-genitive","$v":"Tháng 4"},{"$i":"month-4-genitive","$v":"Tháng 5"},{"$i":"month-5-genitive","$v":"Tháng 6"},{"$i":"month-6-genitive","$v":"Tháng 7"},{"$i":"month-7-genitive","$v":"Tháng 8"},{"$i":"month-8-genitive","$v":"Tháng 9"},{"$i":"month-9-genitive","$v":"Tháng 10"},{"$i":"month-10-genitive","$v":"Tháng 11"},{"$i":"month-11-genitive","$v":"Tháng 12"},{"$i":"month-0-short","$v":"Tháng 1"},{"$i":"month-1-short","$v":"Tháng 2"},{"$i":"month-2-short","$v":"Tháng 3"},{"$i":"month-3-short","$v":"Tháng 4"},{"$i":"month-4-short","$v":"Tháng 5"},{"$i":"month-5-short","$v":"Tháng 6"},{"$i":"month-6-short","$v":"Tháng 7"},{"$i":"month-7-short","$v":"Tháng 8"},{"$i":"month-8-short","$v":"Tháng 9"},{"$i":"month-9-short","$v":"Tháng 10"},{"$i":"month-10-short","$v":"Tháng 11"},{"$i":"month-11-short","$v":"Tháng 12"},{"$i":"minutes-ago-long","$v":{"few":[{"t":"idOrVar","v":"value"}," phút trước"],"many":[{"t":"idOrVar","v":"value"}," phút trước"],"other":[{"t":"idOrVar","v":"value"}," phút trước"],"two":[{"t":"idOrVar","v":"value"}," phút trước"],"one":"một phút trước","zero":"Vừa Rồi"},"$x":[{"t":"idOrVar","v":"plural"},"value"]},{"$i":"hours-ago-long","$v":{"few":[{"t":"idOrVar","v":"value"}," giờ trước"],"many":[{"t":"idOrVar","v":"value"}," giờ trước"],"other":[{"t":"idOrVar","v":"value"}," giờ trước"],"two":[{"t":"idOrVar","v":"value"}," giờ trước"],"one":"giờ trước","zero":"Vừa Rồi"},"$x":[{"t":"idOrVar","v":"plural"},"value"]},{"$i":"days-ago-long","$v":{"few":[{"t":"idOrVar","v":"value"}," ngày trước"],"many":[{"t":"idOrVar","v":"value"}," ngày trước"],"one":"hôm qua","other":[{"t":"idOrVar","v":"value"}," ngày trước"],"two":[{"t":"idOrVar","v":"value"}," ngày trước"],"zero":"hôm nay"},"$x":[{"t":"idOrVar","v":"plural"},"value"]},{"$i":"weeks-ago-long","$v":{"few":[{"t":"idOrVar","v":"value"}," tuần trước"],"many":[{"t":"idOrVar","v":"value"}," tuần trước"],"one":"tuần trước","other":[{"t":"idOrVar","v":"value"}," tuần trước"],"two":[{"t":"idOrVar","v":"value"}," tuần trước"],"zero":"tuần này"},"$x":[{"t":"idOrVar","v":"plural"},"value"]},{"$i":"months-ago-long","$v":{"few":[{"t":"idOrVar","v":"value"}," tháng trước"],"many":[{"t":"idOrVar","v":"value"}," tháng trước"],"one":"tháng trước","other":[{"t":"idOrVar","v":"value"}," tháng trước"],"two":[{"t":"idOrVar","v":"value"}," tháng trước"],"zero":"tháng này"},"$x":[{"t":"idOrVar","v":"plural"},"value"]},{"$i":"years-ago-long","$v":{"few":[{"t":"idOrVar","v":"value"}," năm trước"],"many":[{"t":"idOrVar","v":"value"}," năm trước"],"one":"năm ngoái","other":[{"t":"idOrVar","v":"value"}," năm trước"],"two":[{"t":"idOrVar","v":"value"}," năm trước"],"zero":"năm nay"},"$x":[{"t":"idOrVar","v":"plural"},"value"]},{"$i":"minutes-until-long","$v":{"few":["trong ",{"t":"idOrVar","v":"value"}," phút"],"many":["trong ",{"t":"idOrVar","v":"value"}," phút"],"other":["trong ",{"t":"idOrVar","v":"value"}," phút"],"two":["trong ",{"t":"idOrVar","v":"value"}," phút"],"zero":"hiện tại","one":"trong một phút"},"$x":[{"t":"idOrVar","v":"plural"},"value"]},{"$i":"hours-until-long","$v":{"few":["trong ",{"t":"idOrVar","v":"value"}," giờ"],"many":["trong ",{"t":"idOrVar","v":"value"}," giờ"],"other":["trong ",{"t":"idOrVar","v":"value"}," giờ"],"two":["trong ",{"t":"idOrVar","v":"value"}," giờ"],"zero":"hiện tại","one":"trong một giờ"},"$x":[{"t":"idOrVar","v":"plural"},"value"]},{"$i":"days-until-long","$v":{"few":["trong ",{"t":"idOrVar","v":"value"}," ngày"],"many":["trong ",{"t":"idOrVar","v":"value"}," ngày"],"one":"ngày mai","other":["trong ",{"t":"idOrVar","v":"value"}," ngày"],"two":["trong ",{"t":"idOrVar","v":"value"}," ngày"],"zero":"hôm nay"},"$x":[{"t":"idOrVar","v":"plural"},"value"]},{"$i":"weeks-until-long","$v":{"few":["trong ",{"t":"idOrVar","v":"value"}," tuần"],"many":["trong ",{"t":"idOrVar","v":"value"}," tuần"],"one":"tuần tới","other":["trong ",{"t":"idOrVar","v":"value"}," tuần"],"two":["trong ",{"t":"idOrVar","v":"value"}," tuần"],"zero":"tuần này"},"$x":[{"t":"idOrVar","v":"plural"},"value"]},{"$i":"months-until-long","$v":{"few":["trong ",{"t":"idOrVar","v":"value"}," tháng"],"many":["trong ",{"t":"idOrVar","v":"value"}," tháng"],"one":"tháng tiếp theo","other":["trong ",{"t":"idOrVar","v":"value"}," tháng"],"two":["trong ",{"t":"idOrVar","v":"value"}," tháng"],"zero":"tháng này"},"$x":[{"t":"idOrVar","v":"plural"},"value"]},{"$i":"years-until-long","$v":{"few":["trong ",{"t":"idOrVar","v":"value"}," năm"],"many":["trong ",{"t":"idOrVar","v":"value"}," năm"],"one":"năm tới","other":["trong ",{"t":"idOrVar","v":"value"}," năm"],"two":["trong ",{"t":"idOrVar","v":"value"}," năm"],"zero":"năm nay"},"$x":[{"t":"idOrVar","v":"plural"},"value"]},{"$i":"minutes-ago-short","$v":{"other":[{"t":"idOrVar","v":"value"}," tháng trước"],"zero":"Vừa Rồi"},"$x":[{"t":"idOrVar","v":"plural"},"value"]},{"$i":"hours-ago-short","$v":{"other":[{"t":"idOrVar","v":"value"}," giờ trước"],"zero":"Vừa Rồi"},"$x":[{"t":"idOrVar","v":"plural"},"value"]},{"$i":"days-ago-short","$v":{"other":[{"t":"idOrVar","v":"value"}," ngày trước"],"zero":"hôm nay"},"$x":[{"t":"idOrVar","v":"plural"},"value"]},{"$i":"minutes-until-short","$v":{"other":["trong ",{"t":"idOrVar","v":"value"},"m"],"zero":"hiện tại"},"$x":[{"t":"idOrVar","v":"plural"},"value"]},{"$i":"hours-until-short","$v":{"other":["trong ",{"t":"idOrVar","v":"value"}],"zero":"hiện tại"},"$x":[{"t":"idOrVar","v":"plural"},"value"]},{"$i":"days-until-short","$v":{"other":["in ",{"t":"idOrVar","v":"value"},"d"],"zero":"hôm nay"},"$x":[{"t":"idOrVar","v":"plural"},"value"]},{"$i":"incorrectDate","$v":"(ngày không chính xác)"},{"$i":"dateTimeFormat_%c","$v":"%a %b %e %Y %I:%M:%S %p"},{"$i":"dateTimeFormat_%x","$v":"%m/%d/%Y"},{"$i":"dateTimeFormat_%X","$v":"%I:%M:%S %p"},{"$i":"shortTimeFormat","$v":"%I:%M %p"},{"$i":"shortTimeFormat12","$v":"%I:%M %p"},{"$i":"shortTimeFormat24","$v":"%H:%M"},{"$i":"shortDateTimeFormat","$v":"%x %I:%M %p"},{"$i":"weekStartsOnMonday","$v":"0.0"},{"$i":"firstDayOfTheWeek","$v":"0.0"},{"$i":"time_am","$v":"AM"},{"$i":"time_pm","$v":"PM"}]