[{"$i":"search-or-enter-address","placeholder":"Khangela okanye ufake idilesi"},{"$i":"delete-title","$v":["Cima {{name}?}"]},{"$i":"delete-body","$v":[{"t":"idOrVar","v":"name"}," nazo zonke inkcazelo zazo ziza kucinywa."]},{"$i":"delete","$v":"Cima"},{"$i":"cancel","$v":"Rhoxisa"},{"$i":"apps","$v":"Ii-aphu"},{"$i":"menu","$v":"Imenyu"},{"$i":"notifications","$v":"Izaziso"},{"$i":"speed-dial","$v":"Utsalelo Olukhawulezayo"},{"$i":"select","$v":"Khetha"},{"$i":"move","$v":"Thutha"},{"$i":"ok","$v":"Kulungile"},{"$i":"set","$v":"Seta"},{"$i":"edit","$v":"Hlela"},{"$i":"call","$v":"Umnxeba"},{"$i":"message","$v":"Umyalezo"},{"$i":"options","$v":"Ukhetho"},{"$i":"assign","$v":"Yabela"},{"$i":"remove","$v":"Shenxisa"},{"$i":"replace","$v":"Thathel’ indawo"},{"$i":"more","$v":"Ngaphezulu"},{"$i":"settings","$v":"Iisetingi"},{"$i":"contacts","$v":"Abaqhagamshelwa"},{"$i":"list-view","$v":"Uhlolo Loluhlu"},{"$i":"grid-view","$v":"Uhlolo Lwegridi"},{"$i":"single-view","$v":"Uhlolo Olunye"},{"$i":"skip","$v":"Tsiba"},{"$i":"shortcuts","$v":"Unqumlelo"},{"$i":"next","$v":"Okulandelayo"},{"$i":"back","$v":"Emva"},{"$i":"memory-cleaner","$v":"Isicoci se-Memory"},{"$i":"open","$v":"VULA"},{"$i":"voicemail","$v":"Imeyile yelizwi"},{"$i":"speed-dial-not-empty","ariaLabel":[{"t":"idOrVar","v":"order"},", ",{"t":"idOrVar","v":"name"}]},{"$i":"speed-dial-empty","ariaLabel":[{"t":"idOrVar","v":"order"},", awunanto"]},{"$i":"remove-speed-dial","$v":["Ngaba uqinisekile uyafuna ukususa ",{"t":"idOrVar","v":"name"}," Kutsalelo Olukhawulezileyo?"]},{"$i":"replace-speed-dial","$v":["Ngaba uqinisekile ufuna endaweni ye- ",{"t":"idOrVar","v":"name"}," ufake i- ",{"t":"idOrVar","v":"subName"}," ?"]},{"$i":"assign-speed-dial","$v":["Umqhagamshelwa akongezwanga njengotsalelo olukhawulezileyo kwiqhosha {{n}\"}. Yabele ngoku?"]},{"$i":"assign-voicemail","$v":"Inombolo yeMeyile yeLizwi ayisetwanga."},{"$i":"alert-for-contacts-without-number","$v":"Abekho abaqhagamshelwa abanale nombolo yefowuni ikhoyo."},{"$i":"option-remove","$v":"Yisuse Kutsalelo Olukhawulezileyo"},{"$i":"option-replace","$v":"Thathel’ indawo"},{"$i":"all-apps","$v":"Zonke ii-aphu"},{"$i":"uninstall","$v":"Khupha ufakelo"},{"$i":"confirm-to-uninstall-app","$v":["Ikhuphe ufakelo ",{"t":"idOrVar","v":"appName"}," lwe-aphu?"]},{"$i":"confirm-to-unpin-bookmark","$v":"Unpin the website?"},{"$i":"unpin","$v":"Sikhulule"},{"$i":"rename","$v":"Thiya Ngokutsha"},{"$i":"title","$v":"Umxholo"},{"$i":"add-to-existing-contact","$v":"Yongeza kuqhagamshelwa osele ekhona"},{"$i":"create-new-contact","$v":"Yila umqhagamshelwa omtsha"},{"$i":"sending","$v":"Iyathumela..."},{"$i":"video-call","$v":"Umnxeba wevidiyo"},{"$i":"rtt-call","$v":"RTT call"},{"$i":"callAirplaneModeTitle","$v":"Imowudi yenqwelo-moya ivulelwe"},{"$i":"callAirplaneModeMessage","$v":"Ukuze utsalele umnxeba kufuneka uvalele imowudi yenqwelo-moya kwiisetingi."},{"$i":"emergencyDialogTitle","$v":"Alukho uqhagamshelo lwenethwekhi"},{"$i":"emergencyDialogBodyBadNumber","$v":"Ukuze utsalele umnxeba, ifowuni imele ixokonyezelwe kwinethwekhi."},{"$i":"emergencyDialogBodyDeviceNotAccepted","$v":"Iminxeba yongxamiseko ayivunyelwa yinethwekhi."},{"$i":"invalidNumberToDialTitle","$v":"Inombolo yefowuni ayisebenzi"},{"$i":"invalidNumberToDialMessage","$v":"Inombolo yefowuni otsalela kuyo umnxeba ayisebenzi."},{"$i":"emergency-call-only","$v":"Iminxeba Yongxamiseko Kuphela"},{"$i":"emergency-call-error","$v":[{"t":"idOrVar","v":"number"}," ayiyiyo inombolo yongxamiseko."]},{"$i":"numberIsBusyTitle","$v":"Inombolo ixakekile"},{"$i":"numberIsBusyMessage","$v":"Le nombolo isaxakekile okwangoku. Nceda uzame kwakhona kamva."},{"$i":"fdnIsActiveTitle","$v":"i-FDN ivulelwe"},{"$i":"fdnIsActiveMessage","$v":["i-FDN (Fixed Dialing Numbers) ivulelwe yaye le nombolo ilandelayo ayikho kuluhlu lwakho lwe-FDN: ",{"t":"idOrVar","v":"number"}]},{"$i":"otherConnectionInUseTitle","$v":"Olunye Uqhagamshelo olusetyenziswayo"},{"$i":"otherConnectionInUseMessage","$v":"Unomnxeba osebenzayo kolunye uqhagamshelo. Ungasebenzisa kuphela uqhagamshelo lube lunye ngexesha."},{"$i":"GenericFailure","$v":"Ukusilela kwejeneriki"},{"$i":"CallFailed","$v":"Umnxeba usilele"},{"$i":"scCallBarring","$v":"Ibheringi yomnxeba"},{"$i":"scCallForwarding","$v":"Ukudlulisela umnxeba"},{"$i":"scClip","$v":"I-ID Yomfowuni Engenayo"},{"$i":"scClir","$v":"I-ID Yomfowuni Ephumayo"},{"$i":"scPwd","$v":"Utshintsho Lwepaswedi"},{"$i":"scCallWaiting","$v":"Umnxeba ulindile"},{"$i":"scPin","$v":"Utshintsho LwePIN"},{"$i":"scPin2","$v":"Ukutshintshwa kwe-PIN2"},{"$i":"scPuk","$v":"Vula uthintelo lwe-PIN"},{"$i":"scPuk2","$v":"Vula thintelo lwe-PIN2"},{"$i":"scImei","$v":"IMEI"},{"$i":"scMeid","$v":"MEID"},{"$i":"scUssd","$v":"i-USSD"},{"$i":"deviceIsUnlocked","$v":"Isixhobo asitshixwanga"},{"$i":"simUnlockCodeAccepted","$v":"Ikhowudi yokuvula i-SIM yamkelwe"},{"$i":"simUnlockCodeFailed","$v":"Ikhowudi yokuvula i-SIM ayiphumelelanga"},{"$i":"personal","$v":"Eyobuqu"},{"$i":"mobile","$v":"Imobhayile"},{"$i":"home","$v":"Ekhaya"},{"$i":"work","$v":"Emsebenzini"},{"$i":"fax-home","$v":"Ifeksi yasekhaya"},{"$i":"fax-office","$v":"Ifeksi yaseofisi"},{"$i":"fax-other","$v":"Ifeksi enye"},{"$i":"noSimCard","$v":"Akukho Khadi le SIM"},{"$i":"noService","$v":"Akukho Sevisi"},{"$i":"lockedSim","$v":"I-SIM Itshixiwe"},{"$i":"airplaneMode","$v":"Imowudi Yenqwelo-moya"},{"$i":"wifi-calling","$v":"Ukufowuna usebenzisa i-Wi-Fi"},{"$i":"homescreen-settings","$v":"Iisetingi Zesikrini Sasekhaya"},{"$i":"change-wallpaper","$v":"Tshintsha Iphepha Lodonga"},{"$i":"add-smart-collections","$v":"Yongeza Iingqokelela ze-Smart"},{"$i":"edit-mode","$v":"Hlela"},{"$i":"edit-done","$v":"Igqibile"},{"$i":"tutorial-for-side-menu-1","$v":["Cofa iqhosha ",{"t":"idOrVar","v":"left"}," lokufikelela kwii-app ezingasekhohlo."]},{"$i":"tutorial-for-instant-settings-1","$v":["Cofa iqhosha ",{"t":"idOrVar","v":"up"}," ukuze ufikelele kwiisetingi ezisetyenziswa kakhulu."]},{"$i":"tutorial-for-notices","$v":"Press RIGHT key to view new notices."},{"$i":"tutorial-for-google-assistant-1","$v":["Hlala ucofe iqhosha ",{"t":"idOrVar","v":"microphone"}," ukuze uthethe kule ndawo."]},{"$i":"tutorial-for-voice-input-1","$v":["Hlala ucofe iqhosha ",{"t":"idOrVar","v":"microphone"}," ukuze uthethe kule ndawo yokubhala amagama."]},{"$i":"tutorial-for-find-kaistore-2","$v":"Fumana i-app ye-KaiStore kwiphepha lokuqala leMenyu ye-Apps."},{"$i":"tutorial-for-left","$v":"EKHOHLO"},{"$i":"tutorial-for-up","$v":"PHEZULU"},{"$i":"stop-download-title","$v":["Misa ",{"t":"idOrVar","v":"name"}]},{"$i":"stop-download-body","$v":"Ngaba uyafuna ukuluyekisa udawnlowudo oluqhubekayo?"},{"$i":"stop-download-action","$v":"Misa"},{"$i":"resume-download-title","$v":"Phinda uqale Udawnlowudo"},{"$i":"resume-download-body","$v":["Ngaba uyafuna ukudawnlowuda ",{"t":"idOrVar","v":"name"},"?"]},{"$i":"resume-download-action","$v":"Dawnlowuda"},{"$i":"edit-group-header","$v":"Hlela iqela"},{"$i":"gaia-shortcut-app-updated","$v":"Iaphu Ihlaziyiwe"},{"$i":"clocks-updated","$v":"Iiwotshi zihlaziyiwe"},{"$i":"longDateFormat","$v":"%A, %B %e"},{"$i":"app-title","$v":"Ii-aphu Zam"},{"$i":"app-uninstall","$v":[{"t":"idOrVar","v":"name"}," iye yakhutshwa"]},{"$i":"confirmation","$v":"IsiQinisekiso"},{"$i":"clockDateFormat","$v":"%a, %e %b"},{"$i":"apn-sim1","$v":"Iisetingi ze-APN - SIM1"},{"$i":"apn-sim2","$v":"Iisetingi ze-APN - SIM2"},{"$i":"apnDefaultConfig","$v":"APN Default Config"},{"$i":"apn-defaultconfig-message","$v":"Cwangcisa ukuba loluphi uhlobo lweapn olusetyenzisiweyo"},{"$i":"apnConfigPostpay","$v":"Postpay APN"},{"$i":"apnConfigPrepay","$v":"Prepay APN"},{"$i":"offline-toaster-message","$v":"Ifowuni ayinanetwekhi."},{"$i":"dialog-title-new-card","$v":"Ikhadi Elitsha."},{"$i":"dialog-text-new-card-show","$v":"Ufumene ikhadi elitsha: Khangela kwi-intanethi."},{"$i":"not-connect-internet-text","$v":"Awuqhagamshelanga kwi-intanethi. Qhagamshela kwi-intanethi ngoku?"},{"$i":"not-connect-internet-up-button","$v":"Vula iDatha yeSelula"},{"$i":"not-connect-internet-down-button","$v":"Yintoni iDatha yeSelula"},{"$i":"not-data-plan-text","$v":"Kubonakala ngathi awunayo iplani yedatha  ukuze uqhagamshele kwi-intanethi. Naku ongakukhetha."},{"$i":"not-data-plan-down-button","$v":"Sebenzisa i-Wi-Fi"},{"$i":"connect-internet-title","$v":"Uqhagamshelwe"},{"$i":"connect-internet-text","$v":"Jonga ii-app ezifana neVenkile, Iindaba, Imozulu, kunye nebrawuza ye-intanethi."},{"$i":"utilities","$v":"Iindawo Zangasese"},{"$i":"games","$v":"Imidlalo"},{"$i":"toast-app-downloaded-to-folder","$v":[{"t":"idOrVar","v":"appName"}," idawunlowudelwe kweifolda ye-",{"t":"idOrVar","v":"folderName"},"."]},{"$i":"toast-need-update-app","$v":"Nceda uhlaziyele i-app kwinguqulelo yakutshanje ukuze uqhubeke ukususela kwi-JioStore app."},{"$i":"notices-reminder-header","$v":"Isikhumbuzo"},{"$i":"notices-reminder-content","$v":"Unezaziso ezingafundwanga. Jonga ukuba uphose nantoni na ebalulekileyo."},{"$i":"instant-settings","$v":"instant settings"},{"$i":"flashlight","$v":"Flashlight"},{"$i":"brightness","$v":"Brightness"},{"$i":"volume","$v":"Volume"},{"$i":"camera","$v":"Ikhamera"},{"$i":"calculator","$v":"Calculator"},{"$i":"airplane-mode","$v":"Airplane Mode"},{"$i":"wifi","$v":"Wi-Fi"},{"$i":"bluetooth","$v":"Bluetooth"},{"$i":"cellular-data","$v":"Cellular Data"},{"$i":"on","$v":"On"},{"$i":"off","$v":"Off"},{"$i":"percentage-number","$v":[{"t":"idOrVar","v":"number"},"%"]},{"$i":"eccOnly","$v":"Iminxeba yongxamiseko kuphela"},{"$i":"emergencyCallsOnly","$v":"Iminxeba yongxamiseko kuphela"},{"$i":"searching","$v":"Iyahangela"},{"$i":"nocard-eccOnly","$v":"Akukho SIM khadi-Imeko yexesha likaxakeka kuphela"},{"$i":"unusablecard-eccOnly","$v":"I-SIM khadi engasebenzisekiyo-Iminxeba engxamisekileyo kuphela"},{"$i":"nocard-noservice","$v":"Akukho Khadi le SIM-Akukho Sevisi"},{"$i":"sim-with-index-and-carrier","$v":["SIM ",{"t":"idOrVar","v":"index"}," - ",{"t":"idOrVar","v":"carrier"}]},{"$i":"sim-without-carrier","$v":["SIM ",{"t":"idOrVar","v":"index"}]},{"$i":"call-forwarding-async","$v":["Ayidibani: ",{"t":"idOrVar","v":"async"}]},{"$i":"call-forwarding-data","$v":["Idatha: ",{"t":"idOrVar","v":"data"}]},{"$i":"call-forwarding-error","$v":"Kwenzeke impazamo ngoxa bekubuyiselwa imo yomnxeba odluliselwayo"},{"$i":"call-forwarding-fax","$v":["IFEKSI: ",{"t":"idOrVar","v":"fax"}]},{"$i":"call-forwarding-inactive","$v":"Ayisebenzi"},{"$i":"call-forwarding-packet","$v":["Ipakethi: ",{"t":"idOrVar","v":"packet"}]},{"$i":"call-forwarding-pad","$v":["PAD: ",{"t":"idOrVar","v":"pad"}]},{"$i":"call-forwarding-sms","$v":["i-SMS: ",{"t":"idOrVar","v":"sms"}]},{"$i":"call-forwarding-status","$v":"Imo yokudlulisela umnxeba"},{"$i":"call-forwarding-sync","$v":["Ezidibanayo: ",{"t":"idOrVar","v":"sync"}]},{"$i":"call-forwarding-voice","$v":["Ilizwi: ",{"t":"idOrVar","v":"voice"}]},{"$i":"call-forwarding-voice-after-seconds","$v":["Voice: ",{"t":"idOrVar","v":"voice"}," after ",{"t":"idOrVar","v":"timeSeconds"}," seconds"]},{"$i":"call-forwarding-reason","$v":["Reason: ",{"t":"idOrVar","v":"reason"}]},{"$i":"serviceClassVoice","$v":"Ilizwi"},{"$i":"serviceClassData","$v":"Idatha"},{"$i":"serviceClassFax","$v":"IFEKSI"},{"$i":"serviceClassSms","$v":"i-SMS"},{"$i":"serviceClassDataSync","$v":"Dibanisa"},{"$i":"serviceClassDataAsync","$v":"Ayidibani"},{"$i":"serviceClassPacket","$v":"Ipakethi"},{"$i":"serviceClassPad","$v":"PAD"},{"$i":"smServiceEnabled","$v":"Inkonzo iye yavulwa."},{"$i":"smServiceDisabled","$v":"Inkonzo iyekisiwe."},{"$i":"smServiceRegistered","$v":"Ubhaliso lube yimpumelelo."},{"$i":"smServiceErased","$v":"Ukucima kube yimpumelelo."},{"$i":"smServiceInterrogated","$v":"Isicelo siphumelelel"},{"$i":"smServiceNotProvisioned","$v":"Inkonzo ayilungiselelwanga."},{"$i":"smClirPermanent","$v":"Awukwazi kutshintsha isetingi ye-ID yomfowuni"},{"$i":"smClirDefaultOnNextCallOn","$v":"I-ID yomfowuni yeedifolti ukuya kwethintelweyo. Umnxeba olandelayo: Ilinganiselwe"},{"$i":"smClirDefaultOnNextCallOff","$v":"I-ID yomfowuni yeedifolti ukuya kwethintelweyo. Umnxeba olandelayo: Ayithintelwanga"},{"$i":"smClirDefaultOffNextCallOn","$v":"I-ID yomfowuni yeedifolti ukungayi kwethintelweyo. Umnxeba olandelayo: Ilinganiselwe"},{"$i":"smClirDefaultOffNextCallOff","$v":"I-ID yomfowuni yeedifolti ukungayi kwethintelweyo. Umnxeba olandelayo: Ayithintelwanga"},{"$i":"smServiceEnabledFor","$v":"Inkonzo ivulelwe:."},{"$i":"smPinChanged","$v":"I-PIN itshintshwe ngempumelelo"},{"$i":"smPinUnblocked","$v":"I-PIN ivulwe ngempumelelo"},{"$i":"smPin2Changed","$v":"I-PIN2 itshintshwe ngempumelelo"},{"$i":"smPin2Unblocked","$v":"I-PIN2 ivulwe ngempumelelo"},{"$i":"ServiceIsEnabled","$v":"Inkonzo ivuliwe."},{"$i":"ServiceIsDisabled","$v":"Inkonzo iyekisiwe"},{"$i":"ServiceIsEnabledFor","$v":"Inkonzo ivulelwe:."},{"$i":"emMmiError","$v":"Ingxaki kuxokomezelo okanye ikhowudi MMI ayisebenzi."},{"$i":"emMmiErrorPasswordIncorrect","$v":"Iphaswedi Ayichananga."},{"$i":"emMmiErrorNotSupported","$v":"Ikhowudi ye-MMI Engasebenziyo okanye Engaxhaswayo"},{"$i":"emMmiErrorInvalidAction","$v":"Isenzo esingasebenziyo"},{"$i":"emMmiErrorInvalidScCode","$v":"Ikhowudi yenkonzo ayisebenzi"},{"$i":"emMmiErrorBadPuk","$v":"Le PUK uyitayiphileyo ayichananga."},{"$i":"emMmiErrorBadPin","$v":"i-PIN endala etayiphileyo ayichananga."},{"$i":"emMmiErrorNeedPuk2","$v":"Tayipha i-PUK2 ukuze uvule ukuthintelwa kwe-SIM khadi"},{"$i":"emMmiErrorMismatchPin","$v":"Ezi PIN uzitayiphileyo azihambelani."},{"$i":"emMmiErrorInvalidPin","$v":"Tayipa i-PIN eneenombolo ezi-4 ukuya kwezi-8"},{"$i":"emMmiErrorNeedsPuk","$v":"ISIM khadi yakho itshixwe ngePUK"},{"$i":"emMmiErrorEnablePin","$v":"Isilele. Vumela i-SIM/RUIM LOCK"},{"$i":"emMmiErrorMmiFdn","$v":"Umsebenzi upheleliselwe kwiinombolo ezithile onokuzidayala kuphela."},{"$i":"emMmiErrorStkCcUssdDial","$v":"Isicelo se-USSD siphuculelwe kwisicelo se-DIAL"},{"$i":"emMmiErrorStkCcUssdSs","$v":"Isicelo se-USSD siphuculelwe kwisicelo se-SS"},{"$i":"emMmiErrorStkCcUssdUssd","$v":"Isicelo se-USSD siphuculelwe kwisicelo esitsha se-USSD"},{"$i":"emMmiErrorStkCcSsDial","$v":"Isicelo se-SS siphuculelwe kwisicelo se-DIAL"},{"$i":"emMmiErrorStkCcSsUssd","$v":"Isicelo se-SS siphuculelwe kwisicelo se-USSD"},{"$i":"emMmiErrorStkCcSsSs","$v":"Isicelo se-SS siphuculelwe kwisicelo esitsha se-SS"},{"$i":"emMmiErrorPinPukAttempts","$v":{"few":[{"t":"idOrVar","v":"n"}," imizamo eseleyo"],"many":[{"t":"idOrVar","v":"n"}," imizamo eseleyo"],"one":["Ngumzamo o- ",{"t":"idOrVar","v":"n"}," kuphela oseleyo"],"other":[{"t":"idOrVar","v":"n"}," imizamo eseleyo"],"two":[{"t":"idOrVar","v":"n"}," imizamo eseleyo"]},"$x":[{"t":"idOrVar","v":"plural"},"n"]},{"$i":"emMmiErrorSimBlocked","$v":"Elona nani liphezulu lokuzama kwakhona lidluliwe. I-SIM ibhlokiwe"},{"$i":"RadioNotAvailable","$v":"Irediyo ayifumaneki"},{"$i":"PasswordIncorrect","$v":"Iphaswedi ayichananga"},{"$i":"SimPin2","$v":"i-SIM PIN2"},{"$i":"SimPuk2","$v":"i-SIM PUK2"},{"$i":"RequestNotSupported","$v":"Isicelo asixhaswa"},{"$i":"OpNotAllowedDuringVoiceCall","$v":"Umsebenzi awuvumelekanga ebudeni bomnxeba welizi"},{"$i":"SmsSendFailRetry","$v":"Ukuthunyelwa kwe-SMS kusilele zama kwakhona"},{"$i":"SimAbsent","$v":"i-SIM ayikho"},{"$i":"SubscriptionNotAvailable","$v":"Umrhumo awukho"},{"$i":"ModeNotSupported","$v":"Imowudi ayixhaswa"},{"$i":"FdnCheckFailure","$v":"Ukusilela kohlolo lwe-Fdn"},{"$i":"IllegalSimOrMe","$v":"i-SIM okanye i-ME engekho semthethweni"},{"$i":"DialModifiedToUssd","$v":"Ukutsalela kuphuculelwe kwi-USSD"},{"$i":"DialModifiedToSs","$v":"Ukutsalela kuphuculelwe kwi-SS"},{"$i":"DialModifiedToDial","$v":"Ukutsalela kuphuculelwe ukutsalela"},{"$i":"UssdModifiedToDial","$v":"i-USSD iphuculelwe ukutsalela"},{"$i":"UssdModifiedToSs","$v":"i-USSD iphuculelwe kwi-SS"},{"$i":"UssdModifiedToUssd","$v":"i-USSD iphuculelwe kwi-USSD"},{"$i":"SsModifiedToDial","$v":"i-SS iphuculelwe ukutsalela"},{"$i":"SsModifiedToUssd","$v":"i-SS iphuculelwe kwi-USSD"},{"$i":"SsModifiedToSs","$v":"i-SS iphuculelwe kwi-SS"},{"$i":"SubscriptionNotSupported","$v":"Umrhumo awuxhaswa"},{"$i":"InvalidParameter","$v":"Ipharamitha ayisebenzi"},{"$i":"RejectedByRemote","$v":"Ikhatywe kude"},{"$i":"GetEmptyUssdPrompt","$v":"Null reply received."},{"$i":"LimitBlockNumber","$v":"Le nombolo ivaliwe. Ungacela imvume kubazali bakho."},{"$i":"IncorrectPassword","$v":"Iphasiwedi engachananga."},{"$i":"Cancelled","$v":"Irhoxisiwe."},{"$i":"OpNotAllowedBeforeRegToNw","$v":"Awunakuyisebenzisa ngaphambi kokubhalisa kwinethiwekhi"},{"$i":"MissingResource","$v":"Isixhobo esingekhoyo."},{"$i":"UnspecifiedError","$v":"Ingxaki echazwanga."},{"$i":"label","$v":"Ilabel"},{"$i":"faxHome","$v":"Ifeksi yasekhaya"},{"$i":"faxOffice","$v":"Ifeksi yaseofisi"},{"$i":"faxOther","$v":"Ifeksi enye"},{"$i":"another","$v":"Olunye"},{"$i":"other","$v":"Ezinye"},{"$i":"customTag","$v":"Icustom tag","placeholder":"Icustom tag"},{"$i":"current","$v":"Yangoku"},{"$i":"itemWithLabel","$v":[{"t":"idOrVar","v":"label"},", ",{"t":"idOrVar","v":"item"}]},{"$i":"weekday-0-long","$v":"Cawa"},{"$i":"weekday-1-long","$v":"Mvulo"},{"$i":"weekday-2-long","$v":"Lwesibini"},{"$i":"weekday-3-long","$v":"Lwesithathu"},{"$i":"weekday-4-long","$v":"Lwesine"},{"$i":"weekday-5-long","$v":"Lwesihlanu"},{"$i":"weekday-6-long","$v":"Mgqibelo"},{"$i":"weekday-0-short","$v":"NgeCawe"},{"$i":"weekday-1-short","$v":"NgoMvulo"},{"$i":"weekday-2-short","$v":"NgoLwesibini"},{"$i":"weekday-3-short","$v":"NgoLwesithathu"},{"$i":"weekday-4-short","$v":"NgoLwesine"},{"$i":"weekday-5-short","$v":"NgoLwesihlanu"},{"$i":"weekday-6-short","$v":"NgoMgqibelo"},{"$i":"month-0-long","$v":"UJanyuwari"},{"$i":"month-1-long","$v":"UFebhruwari"},{"$i":"month-2-long","$v":"UMatshi"},{"$i":"month-3-long","$v":"UApreli"},{"$i":"month-4-long","$v":"UMeyi"},{"$i":"month-5-long","$v":"UJuni"},{"$i":"month-6-long","$v":"UJulayi"},{"$i":"month-7-long","$v":"UAgasti"},{"$i":"month-8-long","$v":"USeptembha"},{"$i":"month-9-long","$v":"UOktobha"},{"$i":"month-10-long","$v":"UNovembha"},{"$i":"month-11-long","$v":"UDisembha"},{"$i":"month-0-genitive","$v":"UJanyuwari"},{"$i":"month-1-genitive","$v":"UFebhruwari"},{"$i":"month-2-genitive","$v":"UMatshi"},{"$i":"month-3-genitive","$v":"UApreli"},{"$i":"month-4-genitive","$v":"UMeyi"},{"$i":"month-5-genitive","$v":"UJuni"},{"$i":"month-6-genitive","$v":"UJulayi"},{"$i":"month-7-genitive","$v":"UAgasti"},{"$i":"month-8-genitive","$v":"USeptembha"},{"$i":"month-9-genitive","$v":"UOktobha"},{"$i":"month-10-genitive","$v":"UNovembha"},{"$i":"month-11-genitive","$v":"UDisembha"},{"$i":"month-0-short","$v":"UJanyuwari"},{"$i":"month-1-short","$v":"UFebhruwari"},{"$i":"month-2-short","$v":"UMatshi"},{"$i":"month-3-short","$v":"UApreli"},{"$i":"month-4-short","$v":"UMeyi"},{"$i":"month-5-short","$v":"UJuni"},{"$i":"month-6-short","$v":"UJulayi"},{"$i":"month-7-short","$v":"UAgasti"},{"$i":"month-8-short","$v":"USeptembha"},{"$i":"month-9-short","$v":"UOktobha"},{"$i":"month-10-short","$v":"UNovembha"},{"$i":"month-11-short","$v":"UDisembha"},{"$i":"minutes-ago-long","$v":{"few":[{"t":"idOrVar","v":"value"}," kwimizuzu edlulileyo"],"many":[{"t":"idOrVar","v":"value"}," kwimizuzu edlulileyo"],"other":[{"t":"idOrVar","v":"value"}," kwimizuzu edlulileyo"],"two":[{"t":"idOrVar","v":"value"}," kwimizuzu edlulileyo"],"one":"Kumzuzu odlulileyo","zero":"Ngoku nje"},"$x":[{"t":"idOrVar","v":"plural"},"value"]},{"$i":"hours-ago-long","$v":{"few":[{"t":"idOrVar","v":"value"}," kwiiyure ezidlulileyo"],"many":[{"t":"idOrVar","v":"value"}," kwiiyure ezidlulileyo"],"other":[{"t":"idOrVar","v":"value"}," kwiiyure ezidlulileyo"],"two":[{"t":"idOrVar","v":"value"}," kwiiyure ezidlulileyo"],"one":"Kwiyure enye edlulileyo","zero":"Ngoku nje"},"$x":[{"t":"idOrVar","v":"plural"},"value"]},{"$i":"days-ago-long","$v":{"few":[{"t":"idOrVar","v":"value"}," kwiimini ezidlulileyo"],"many":[{"t":"idOrVar","v":"value"}," kwiimini ezidlulileyo"],"one":"Izolo","other":[{"t":"idOrVar","v":"value"}," kwiimini ezidlulileyo"],"two":[{"t":"idOrVar","v":"value"}," kwiimini ezidlulileyo"],"zero":"Namhlanje"},"$x":[{"t":"idOrVar","v":"plural"},"value"]},{"$i":"weeks-ago-long","$v":{"few":[{"t":"idOrVar","v":"value"}," ngeeveki ezadlulayo"],"many":[{"t":"idOrVar","v":"value"}," ngeeveki ezadlulayo"],"one":"Kwiveki edlulileyo","other":[{"t":"idOrVar","v":"value"}," ngeeveki ezadlulayo"],"two":[{"t":"idOrVar","v":"value"}," ngeeveki ezadlulayo"],"zero":"Kule veki"},"$x":[{"t":"idOrVar","v":"plural"},"value"]},{"$i":"months-ago-long","$v":{"few":[{"t":"idOrVar","v":"value"}," kwiinyanga ezadlulayo"],"many":[{"t":"idOrVar","v":"value"}," kwiinyanga ezadlulayo"],"one":"Kwinyanga enye edlulileyo","other":[{"t":"idOrVar","v":"value"}," kwiinyanga ezadlulayo"],"two":[{"t":"idOrVar","v":"value"}," kwiinyanga ezadlulayo"],"zero":"Kule nyanga"},"$x":[{"t":"idOrVar","v":"plural"},"value"]},{"$i":"years-ago-long","$v":{"few":[{"t":"idOrVar","v":"value"}," kwiminyaka eyadlulayo"],"many":[{"t":"idOrVar","v":"value"}," kwiminyaka eyadlulayo"],"one":"Kunyaka ophelileyo","other":[{"t":"idOrVar","v":"value"}," kwiminyaka eyadlulayo"],"two":[{"t":"idOrVar","v":"value"}," kwiminyaka eyadlulayo"],"zero":"Kulo nyaka"},"$x":[{"t":"idOrVar","v":"plural"},"value"]},{"$i":"minutes-until-long","$v":{"few":["Ngaphakathi ",{"t":"idOrVar","v":"value"}," imizuzu"],"many":["Ngaphakathi ",{"t":"idOrVar","v":"value"}," imizuzu"],"other":["Ngaphakathi ",{"t":"idOrVar","v":"value"}," imizuzu"],"two":["Ngaphakathi ",{"t":"idOrVar","v":"value"}," imizuzu"],"zero":"Ngoku","one":"Ngomzuzu olandelayo"},"$x":[{"t":"idOrVar","v":"plural"},"value"]},{"$i":"hours-until-long","$v":{"few":["Ngaphakathi ",{"t":"idOrVar","v":"value"}," iiyure"],"many":["Ngaphakathi ",{"t":"idOrVar","v":"value"}," iiyure"],"other":["Ngaphakathi ",{"t":"idOrVar","v":"value"}," iiyure"],"two":["Ngaphakathi ",{"t":"idOrVar","v":"value"}," iiyure"],"zero":"Ngoku","one":"Kwiyure enye ezayo"},"$x":[{"t":"idOrVar","v":"plural"},"value"]},{"$i":"days-until-long","$v":{"few":["Ngaphakathi ",{"t":"idOrVar","v":"value"}," iimini"],"many":["Ngaphakathi ",{"t":"idOrVar","v":"value"}," iimini"],"one":"Ngomso","other":["Ngaphakathi ",{"t":"idOrVar","v":"value"}," iimini"],"two":["Ngaphakathi ",{"t":"idOrVar","v":"value"}," iimini"],"zero":"Namhlanje"},"$x":[{"t":"idOrVar","v":"plural"},"value"]},{"$i":"weeks-until-long","$v":{"few":["Ngaphakathi ",{"t":"idOrVar","v":"value"}," iiveki"],"many":["Ngaphakathi ",{"t":"idOrVar","v":"value"}," iiveki"],"one":"Kwiveki ezayo","other":["Ngaphakathi ",{"t":"idOrVar","v":"value"}," iiveki"],"two":["Ngaphakathi ",{"t":"idOrVar","v":"value"}," iiveki"],"zero":"Kule veki"},"$x":[{"t":"idOrVar","v":"plural"},"value"]},{"$i":"months-until-long","$v":{"few":["Ngaphakathi ",{"t":"idOrVar","v":"value"}," iinyanga"],"many":["Ngaphakathi ",{"t":"idOrVar","v":"value"}," iinyanga"],"one":"Kwinyanga elandelayo","other":["Ngaphakathi ",{"t":"idOrVar","v":"value"}," iinyanga"],"two":["Ngaphakathi ",{"t":"idOrVar","v":"value"}," iinyanga"],"zero":"Kule nyanga"},"$x":[{"t":"idOrVar","v":"plural"},"value"]},{"$i":"years-until-long","$v":{"few":["Ngaphakathi ",{"t":"idOrVar","v":"value"}," iminyaka"],"many":["Ngaphakathi ",{"t":"idOrVar","v":"value"}," iminyaka"],"one":"Kunyaka ozayo","other":["Ngaphakathi ",{"t":"idOrVar","v":"value"}," iminyaka"],"two":["Ngaphakathi ",{"t":"idOrVar","v":"value"}," iminyaka"],"zero":"Kulo nyaka"},"$x":[{"t":"idOrVar","v":"plural"},"value"]},{"$i":"minutes-ago-short","$v":{"other":[{"t":"idOrVar","v":"value"}," kwimizuzu edlulileyo"],"zero":"Ngoku nje"},"$x":[{"t":"idOrVar","v":"plural"},"value"]},{"$i":"hours-ago-short","$v":{"other":[{"t":"idOrVar","v":"value"}," kwiiyure ezidlulileyo"],"zero":"Ngoku nje"},"$x":[{"t":"idOrVar","v":"plural"},"value"]},{"$i":"days-ago-short","$v":{"other":[{"t":"idOrVar","v":"value"}," kwiimini ezidlulileyo"],"zero":"Namhlanje"},"$x":[{"t":"idOrVar","v":"plural"},"value"]},{"$i":"minutes-until-short","$v":{"other":["Ngaphakathi ",{"t":"idOrVar","v":"value"}," imizuzu"],"zero":"Ngoku"},"$x":[{"t":"idOrVar","v":"plural"},"value"]},{"$i":"hours-until-short","$v":{"other":["Ngaphakathi ",{"t":"idOrVar","v":"value"}," iiyure"],"zero":"Ngoku"},"$x":[{"t":"idOrVar","v":"plural"},"value"]},{"$i":"days-until-short","$v":{"other":["Ngaphakathi ",{"t":"idOrVar","v":"value"}," iimini"],"zero":"Namhlanje"},"$x":[{"t":"idOrVar","v":"plural"},"value"]},{"$i":"incorrectDate","$v":"(umhla awuchananga)"},{"$i":"dateTimeFormat_%c","$v":"%a %b %e %Y %I:%M:%S %p"},{"$i":"dateTimeFormat_%x","$v":"%I:%M:%S %p"},{"$i":"dateTimeFormat_%X","$v":"%I:%M:%S %p"},{"$i":"shortTimeFormat","$v":"%I:%M %p"},{"$i":"shortTimeFormat12","$v":"%I:%M %p"},{"$i":"shortTimeFormat24","$v":"%H:%M"},{"$i":"shortDateTimeFormat","$v":"%x %I:%M %p"},{"$i":"weekStartsOnMonday","$v":"0.0"},{"$i":"firstDayOfTheWeek","$v":"0.0"},{"$i":"time_am","$v":"AM"},{"$i":"time_pm","$v":"PM"}]