[{"$i":"messages","$v":"Съобщение"},{"$i":"deleteMessages-title","$v":"Избор"},{"$i":"selectThreads-title","$v":"Избор"},{"$i":"edit","$v":"Редактиране"},{"$i":"back","$v":"Назад"},{"$i":"cancel","$v":"Отмяна"},{"$i":"delete","$v":"Изтриване"},{"$i":"deleting-messages","$v":"Изтриване…"},{"$i":"deselect","$v":"РАЗМАРК."},{"$i":"selected-threads","$v":{"few":[{"t":"idOrVar","v":"n"}," избрани"],"many":[{"t":"idOrVar","v":"n"}," избрани"],"one":[{"t":"idOrVar","v":"n"}," избрани"],"other":[{"t":"idOrVar","v":"n"}," избрани"],"two":[{"t":"idOrVar","v":"n"}," избрани"],"zero":"0 избрани"},"$x":[{"t":"idOrVar","v":"plural"},"n"]},{"$i":"selected-messages","$v":{"few":[{"t":"idOrVar","v":"n"}," избрани"],"many":[{"t":"idOrVar","v":"n"}," избрани"],"one":[{"t":"idOrVar","v":"n"}," избрани"],"other":[{"t":"idOrVar","v":"n"}," избрани"],"two":[{"t":"idOrVar","v":"n"}," избрани"],"zero":"0 избрани"},"$x":[{"t":"idOrVar","v":"plural"},"n"]},{"$i":"selectThreads-label","$v":"Изберете нишки"},{"$i":"selectMessages-label","$v":"Изберете съобщения"},{"$i":"new-message","$v":"Ново съобщ."},{"$i":"delete-thread","$v":"Изтриване на разговор"},{"$i":"create-new-contact","$v":"Създ. нов контакт"},{"$i":"add-to-contact","$v":"Добавяне към същ. контакт"},{"$i":"select-thread","$v":"Изберете разговор"},{"$i":"settings","$v":"Настройки"},{"$i":"select-all","$v":"Изберете всички"},{"$i":"deselect-all","$v":"Размаркиране на всички"},{"$i":"select","$v":"Избор"},{"$i":"sk-save-as-draft","$v":"Запамет. като чернова"},{"$i":"next","$v":"Напред"},{"$i":"send","$v":"Изпращане"},{"$i":"add-contact","$v":"Добавяне на контакт"},{"$i":"add-suggestion","$v":"Избор"},{"$i":"add-subject","$v":"Добавяне на тема"},{"$i":"remove-subject","$v":"Премахване на обект"},{"$i":"add-attachment","$v":"Добавяне на прик. файл"},{"$i":"remove-attachment","$v":"Премахване на прикач. файл"},{"$i":"replace-attachment","$v":"Подмяна на прик. файл"},{"$i":"select-messages","$v":"Изберете съобщения"},{"$i":"call","$v":"Повикване"},{"$i":"forward","$v":"Препращане"},{"$i":"view-message-report","$v":"Вж. дет. за съобщ."},{"$i":"cancel-view-report","$v":"Отмяна"},{"$i":"ok","$v":"ОК"},{"$i":"enter","$v":"Въвеждане"},{"$i":"open","$v":"Отваряне"},{"$i":"to","$v":"До"},{"$i":"new","$v":"Нов"},{"$i":"message","$v":"Съобщение"},{"$i":"messagesInput_placeholder","$v":"Съобщение"},{"$i":"messagesSubjectInput_placeholder","$v":"Тема"},{"$i":"subjectComposerInput_placeholder","$v":"Тема"},{"$i":"converted-to-mms","$v":"Конвертиране в мултимедийно съобщение."},{"$i":"converted-to-sms","$v":"Конвертиране в текстово съобщение."},{"$i":"messages-max-length-text","$v":"Достигнали сте максималната дължина."},{"$i":"messages-max-subject-length-text","$v":"Достигната е макс. дължина на обект."},{"$i":"multimedia-message-exceeded-max-length","$v":["Това съобщение надвишава ограничението за размер на ",{"t":"idOrVar","v":"mmsSize"}," на MB за едно мултимедийно съобщение."]},{"$i":"newMessage","$v":"Ново съобщ."},{"$i":"sendMessage","$v":"Изпрати съобщен."},{"$i":"sendMMSToEmail","$v":"Изпр. мултимед. съобщение"},{"$i":"no-recipient","$v":"(Без получател)"},{"$i":"recipient","$v":{"few":[{"t":"idOrVar","v":"n"}," получатели"],"many":[{"t":"idOrVar","v":"n"}," получатели"],"one":[{"t":"idOrVar","v":"n"}," получател"],"other":[{"t":"idOrVar","v":"n"}," получатели"],"two":[{"t":"idOrVar","v":"n"}," получатели"]},"$x":[{"t":"idOrVar","v":"plural"},"n"]},{"$i":"attachmentSizeB","$v":[{"t":"idOrVar","v":"n"}," B"]},{"$i":"attachmentSizeKB","$v":[{"t":"idOrVar","v":"n"}," KB"]},{"$i":"attachmentSizeMB","$v":[{"t":"idOrVar","v":"n"}," MB"]},{"$i":"attachmentOpenError","$v":"Няма приложение, което е налично да отвори този тип файл."},{"$i":"attachmentNotFile","$v":"Този файл не е намерен."},{"$i":"remove","$v":"Премахване"},{"$i":"participant","$v":{"few":[{"t":"idOrVar","v":"n"}," участници"],"many":[{"t":"idOrVar","v":"n"}," участници"],"one":[{"t":"idOrVar","v":"n"}," участник"],"other":[{"t":"idOrVar","v":"n"}," участници"],"two":[{"t":"idOrVar","v":"n"}," участници"]},"$x":[{"t":"idOrVar","v":"plural"},"n"]},{"$i":"message-report","$v":"Доклад за съобщение"},{"$i":"message-type-sms","$v":"Текстово съобщение (SMS)"},{"$i":"message-type-mms","$v":"Мултимедийно съобщение (MMS)"},{"$i":"sms-report-description","$v":["Вашето текстово съобщение (SMS) беше изпратено на ",{"t":"idOrVar","v":"datetime"}]},{"$i":"mms-report-description","$v":["Вашето мултимедийно съобщение (MMS) с тема ",{"t":"idOrVar","v":"subject"}," беше изпратено на ",{"t":"idOrVar","v":"datetime"}]},{"$i":"mms-no-subject-report-description","$v":["Вашето мултимедийно съобщение (MMS) беше изпратено на ",{"t":"idOrVar","v":"datetime"}]},{"$i":"message-subject","$v":"Тема:"},{"$i":"report-status-error","$v":"Съобщението не може да се изпрати"},{"$i":"report-status-not-downloaded","$v":"не е изтегл."},{"$i":"report-status-delivered","$v":"Доставено:"},{"$i":"report-status-read","$v":"Прочитане:"},{"$i":"report-status-pending","$v":"Докладът е заявен"},{"$i":"report-status-rejected","$v":"Съобщението е отказано"},{"$i":"message-size-was","$v":"Размер на съобщение:"},{"$i":"report-to-title","$v":"До"},{"$i":"report-from-title","$v":"От"},{"$i":"message-sent","$v":"Изпратено:"},{"$i":"message-sending","$v":[{"t":"idOrVar","v":"message-delivery-status-sending"}]},{"$i":"message-received","$v":"Получени:"},{"$i":"message-via","$v":"Чрез:"},{"$i":"message-resend","$v":"Повторно изпр."},{"$i":"search","$v":"Търсене"},{"$i":"unknown-contact-title","$v":"Непознат контакт"},{"$i":"phone-type-separator","$v":", "},{"$i":"phone-carrier-separator","$v":" "},{"$i":"thread-participant-separator","$v":", "},{"$i":"replace-draft","$v":"Подмяна на същ. чернова"},{"$i":"save-as-draft","$v":"Запис"},{"$i":"discard-message","$v":"Отхвърляне"},{"$i":"discard-sms","$v":"Наистина ли искате да отхвърлите това съобщение?"},{"$i":"discard-new-message","$v":"Отхвърляне на съобщението, което пишете, и отваряне на новото?"},{"$i":"resend-confirmation","$v":"Съобщението не може да бъде изпратено. Ще опитате ли пак?"},{"$i":"resend-message","$v":"Повт. изпр. това съобщ."},{"$i":"deleteMessage-confirmation","$v":"Изтриване на избраното съобщение?"},{"$i":"deleteMessages-confirmation","$v":"Изтриване на избраните съобщения?"},{"$i":"deleteThreads-confirmation2","$v":{"one":"Изтриване на избраната нишка със съобщения?","other":"Изтриване на избраните нишки със съобщения?"},"$x":[{"t":"idOrVar","v":"plural"},"n"]},{"$i":"new-message-notice-text","$v":"Ново съобщ. от"},{"$i":"new-message-notice-a-text","$v":"Прочетете го"},{"$i":"noMessages-title","$v":"Няма съобщения"},{"$i":"noMessages-text","$v":"Натиснете „Ново“, за да започнете да общувате."},{"$i":"sendDefaultErrorTitle","$v":"Изпращане на неизправност"},{"$i":"sendDefaultErrorBody","$v":"Имаше проблем с изпращането на съобщението. Опитайте отново."},{"$i":"sendDefaultErrorBtnOk","$v":"ОК"},{"$i":"sendMissingSimCardTitle","$v":"Изпращане на неизправност"},{"$i":"sendMissingSimCardBody","$v":"Поставете валидна SIM карта, за да продължите."},{"$i":"sendMissingSimCardBtnOk","$v":"ОК"},{"$i":"sendFlightModeTitle","$v":"Изпращане на неизправност"},{"$i":"sendFlightModeBody","$v":"Изк. сам. рж., из. съоб."},{"$i":"sendFlightModeBtnOk","$v":"ОК"},{"$i":"radioDisabledToDownloadTitle","$v":"Изтеглете неизправност"},{"$i":"radioDisabledToDownloadBody","$v":"Изключете самолетния режим, за да изтегляте прикачени файлове."},{"$i":"radioDisabledToDownloadBtnOk","$v":[{"t":"idOrVar","v":"sendFlightModeBtnOk"}]},{"$i":"downloadDefaultErrorTitle","$v":"Изтеглете неизправност"},{"$i":"downloadDefaultErrorBody","$v":"Възникна проблем при изтеглянето на съобщението. Моля, опитайте отново."},{"$i":"downloadDefaultErrorBtnOk","$v":[{"t":"idOrVar","v":"sendDefaultErrorBtnOk"}]},{"$i":"fdnErrorTitle","$v":"Изпращане на неизправност"},{"$i":"needConnectWifiBody","$v":["Няма достъпна мрежа за мобилни данни. Свържете се с налична ",{"t":"idOrVar","v":"Wi-Fi"}," мрежа, за да използвате съобщения."]},{"$i":"needConnectWifiTitle","$v":"Съобщението не е изпратено"},{"$i":"mmsChanelUsedBody","$v":"Има MMS, който се изпраща чрез съб, който не е DDS, изчакайте, докато изпращането завърши."},{"$i":"mmsChanelUsedTitle","$v":"MMS каналът се изп."},{"$i":"sms-counter-notice-label","$v":["Редактиране на SMS ",{"t":"idOrVar","v":"number"}]},{"$i":"fdnErrorBody","$v":{"few":"FDN (фиксирани номера за набиране) се активират. Уверете се, че SMS центърът и следните получатели са в списъка ви с FDN.","many":"FDN (фиксирани номера за набиране) се активират. Уверете се, че SMS центърът и следните получатели са в списъка ви с FDN.","one":"FDN (фиксирани номера за набиране) се активират. Уверете се, че SMS центърът и следният получател е в списъка ви с FDN.","other":"FDN (фиксирани номера за набиране) се активират. Уверете се, че SMS центърът и следните получатели са в списъка ви с FDN.","two":"FDN (фиксирани номера за набиране) се активират. Уверете се, че SMS центърът и следните получатели са в списъка ви с FDN."},"$x":[{"t":"idOrVar","v":"plural"},"n"]},{"$i":"fdnErrorBtnOk","$v":"ОК"},{"$i":"sendNoSignalErrorTitle","$v":"Изпращане на неизправност"},{"$i":"sendNoSignalErrorBody","$v":"Без мобилен сигнал, моля опитайте отново."},{"$i":"sendNoSignalErrorBtnOk","$v":"ОК"},{"$i":"sendNotFoundErrorTitle","$v":"Изпращане на неизправност"},{"$i":"sendNotFoundErrorBody","$v":"Съобщението, което търсите, вече не е налично."},{"$i":"sendNotFoundErrorBtnOk","$v":"ОК"},{"$i":"sendInvalidAddressErrorTitle","$v":"Изпращане на неизправност"},{"$i":"sendInvalidAddressErrorBody","$v":"Уверете се, че мобилният номер, към който изпращате, е валиден."},{"$i":"sendInvalidAddressErrorBtnOk","$v":"ОК"},{"$i":"simNotMatchedErrorTitle","$v":"Неуспешно изтегляне"},{"$i":"simNotMatchedErrorBody","$v":"Уверете се, че поставената SIM карта е тази, получила съобщението."},{"$i":"simNotMatchedErrorBtnOk","$v":"ОК"},{"$i":"netWorkErrorTitle","$v":"Грешка в мрежата"},{"$i":"netWorkErrorBody","$v":"Мрежова грешка. Моля, проверете вашата мрежова връзка."},{"$i":"netWorkErrorBtnOk","$v":"ОК"},{"$i":"deleted-sms","$v":"Това съобщение вече е изтрито."},{"$i":"view-attachment-image","$v":"Преглед"},{"$i":"view-attachment-audio","$v":"Слушане"},{"$i":"view-attachment-video","$v":"Преглед"},{"$i":"view-attachment-other","$v":"Преглед"},{"$i":"remove-attachment-image","$v":"Премах. на изображение"},{"$i":"remove-attachment-audio","$v":"Премахване на аудио"},{"$i":"remove-attachment-video","$v":"Премахване на видео"},{"$i":"remove-attachment-other","$v":"Премахване на прикач. файл"},{"$i":"replace-attachment-image","$v":"Подмяна на изображение"},{"$i":"replace-attachment-audio","$v":"Подмяна на аудио"},{"$i":"replace-attachment-video","$v":"Подмяна на видео"},{"$i":"replace-attachment-other","$v":"Подмяна на прик. файл"},{"$i":"unsent-message-title","$v":"Неизпрано съобщение"},{"$i":"unsent-message-description","$v":"Предишното ви съобщение не е изпратено. Искате да редактирате неизпратеното съобщение, или да го отхвърлите и да продължите?"},{"$i":"unsent-message-option-edit","$v":"Редактиране"},{"$i":"unsent-message-option-discard","$v":"Отхвърляне"},{"$i":"message-options","$v":"Опции за съобщение"},{"$i":"select-text","$v":"Изберете текст"},{"$i":"mobile","$v":"Мобилен"},{"$i":"home","$v":"Домашен"},{"$i":"work","$v":"Служебен"},{"$i":"personal","$v":"Лични"},{"$i":"faxHome","$v":"Факс в дома"},{"$i":"faxOffice","$v":"Факс в офиса"},{"$i":"faxOther","$v":"Факс др."},{"$i":"another","$v":"Друг"},{"$i":"other","$v":"Друго"},{"$i":"today","$v":"Днес"},{"$i":"yesterday","$v":"Вчера"},{"$i":"incorrectDate","$v":"(неправилна дата)"},{"$i":"addToExistingContact","$v":"Доб. към същ. конт."},{"$i":"createNewContact","$v":"Създаване на нов контакт"},{"$i":"viewContact","$v":"Преглед на контакт"},{"$i":"sendEmail","$v":"Изпращане на имейл"},{"$i":"mms-message","$v":"MMS съобщение"},{"$i":"notDownloaded-title","$v":"Съобщението още не е изтеглено."},{"$i":"tobedownloaded-attachment","$v":["Получихте мултимедийно съобщение, натиснете „Изтегляне“, за да извлечете съдържанието му преди ",{"t":"idOrVar","v":"date"},"."]},{"$i":"expired-attachment","$v":["Съобщението е изтекло на ",{"t":"idOrVar","v":"date"}," и не може да се изтегли."]},{"$i":"download-attachment","$v":"Изтегляне"},{"$i":"downloading-attachment","$v":"Изтегляне…"},{"$i":"download-complete","$v":"Изтеглянето е завършено"},{"$i":"unnamed-attachment","$v":"без име"},{"$i":"mms-label","$v":"MMS"},{"$i":"not-download-label","$v":"Получихте мултимедийно съобщение. Изтеглете го, за да извлечете съдържанието му, преди"},{"$i":"attachment-label","$v":"Прикач. файл"},{"$i":"attached-files-too-large","$v":{"few":["Тези съобщения надвишават ограничението от ",{"t":"idOrVar","v":"mmsSize"}," MB за едно мултимедийно съобщение."],"many":["Тези съобщения надвишават ограничението от ",{"t":"idOrVar","v":"mmsSize"}," MB за едно мултимедийно съобщение."],"one":["Това съобщение надвишава ограничението от ",{"t":"idOrVar","v":"mmsSize"}," МБ за едно мултимедийно съобщение."],"other":["Тези съобщения надвишават ограничението от ",{"t":"idOrVar","v":"mmsSize"}," MB за едно мултимедийно съобщение."],"two":["Тези съобщения надвишават ограничението от ",{"t":"idOrVar","v":"mmsSize"}," MB за едно мултимедийно съобщение."],"zero":["Тези съобщения надвишават ограничението от ",{"t":"idOrVar","v":"mmsSize"}," MB за едно мултимедийно съобщение."]},"$x":[{"t":"idOrVar","v":"plural"},"n"]},{"$i":"resize-image","$v":"Преоразм. на прикач. изобр."},{"$i":"no-attachment-text","$v":"Има проблем с прикачения файл и не може да бъде изтеглен."},{"$i":"message-draft-saved","$v":"Съобщението е запаметено като чернова"},{"$i":"sim-id-label","$v":["SIM ",{"t":"idOrVar","v":"id"}]},{"$i":"sim-detail","$v":["SIM ",{"t":"idOrVar","v":"id"},", ",{"t":"idOrVar","v":"detailString"}]},{"$i":"dsds-notification-title-with-sim","$v":["(",{"t":"idOrVar","v":"sim"},") ",{"t":"idOrVar","v":"sender"}]},{"$i":"send-button","ariaLabel":"Изпращане"},{"$i":"send-button-sim-indication","$v":[{"t":"idOrVar","v":"n"}],"ariaLabel":["използва SIM ",{"t":"idOrVar","v":"n"}]},{"$i":"expiry-date-format","$v":"%A, %b %e"},{"$i":"attach-button","ariaLabel":"Добавяне прик. файл"},{"$i":"contact-photo","ariaLabel":"Снимка на контакт"},{"$i":"unread-thread","ariaLabel":"Непрочетено"},{"$i":"has-draft","ariaLabel":"Има чернова"},{"$i":"is-draft","ariaLabel":"Чернова"},{"$i":"message-delivery-status-sending","$v":"Изпращане…"},{"$i":"message-delivery-status-delivered","$v":"Доставено"},{"$i":"message-delivery-status-read","ariaLabel":"Прочитане"},{"$i":"message-delivery-status-error","ariaLabel":"Грешка"},{"$i":"modal-dialog-ok-button","$v":"ОК"},{"$i":"modal-dialog-cancel-button","$v":"Отмяна"},{"$i":"modal-dialog-default-title","$v":"Съобщения"},{"$i":"delete-message","$v":"Съобщението е изтрито"},{"$i":"message-converted-to-toast","$v":["Съобщението е конвертирано в ",{"t":"idOrVar","v":"type"}]},{"$i":"message-sent-toast","$v":"Съобщението е изпратено"},{"$i":"deleteMessage-confirmation2","$v":"Изтриване на избраната нишка със съобщения?"},{"$i":"deleted-message","$v":{"few":[{"t":"idOrVar","v":"n"}," съобщения са изтрити"],"many":[{"t":"idOrVar","v":"n"}," съобщения са изтрити"],"one":[{"t":"idOrVar","v":"n"}," съобщение е изтрито"],"other":[{"t":"idOrVar","v":"n"}," съобщения са изтрити"],"two":[{"t":"idOrVar","v":"n"}," съобщения са изтрити"],"zero":"0 съобщения са изтрити"},"$x":[{"t":"idOrVar","v":"plural"},"n"]},{"$i":"deleted-threads","$v":{"few":[{"t":"idOrVar","v":"n"}," съобщения в нишка са изтрити"],"many":[{"t":"idOrVar","v":"n"}," съобщения в нишка са изтрити"],"one":"Нишката е изтрита","other":[{"t":"idOrVar","v":"n"}," съобщения в нишка са изтрити"],"two":[{"t":"idOrVar","v":"n"}," съобщения в нишка са изтрити"],"zero":"0 нишки са изтрити"},"$x":[{"t":"idOrVar","v":"plural"},"n"]},{"$i":"wapPushMessages","$v":"WAP насоч. съобщения"},{"$i":"auto-retrieve-messages","$v":"Автоматично извличане на съобщения"},{"$i":"auto-retrieve-messages-title","$v":"Автоматично извличане на съобщения"},{"$i":"auto-roaming-retrieve","$v":"Вкл. с роуминг"},{"$i":"auto-no-roaming-retrieve","$v":"Вкл. без роуминг"},{"$i":"mmsTitle","$v":"Мултимедийни съобщения (MMS)"},{"$i":"message-delivery-reports","$v":"Доклади за доставяне"},{"$i":"message-delivery-reports-title","$v":"Доклади за доставяне"},{"$i":"messageReport-title","$v":"Подробности за съобщение"},{"$i":"sms-label","$v":"SMS"},{"$i":"messaging-settings","$v":"Настр. за съобщение"},{"$i":"messagingSettings-header","$v":[{"t":"idOrVar","v":"messaging-settings"}]},{"$i":"confirmation-title","$v":"Потвърждаване"},{"$i":"draft-save-content","$v":"Запамет. като чернова?"},{"$i":"draft-discard-content","$v":"Съобщението е отхвърлено"},{"$i":"switch-on","$v":"Включено"},{"$i":"switch-off","$v":"Изкл."},{"$i":"auto-retrieve-desc","$v":"Автоматично извличане на съобщения"},{"$i":"confirm-dialog-ok","$v":"ОК"},{"$i":"yes","$v":"Да"},{"$i":"no","$v":"Не"},{"$i":"delete-current-thread?","$v":"Изтриване на избраната нишка със съобщения?"},{"$i":"attention","$v":"Внимание"},{"$i":"delivery-title","$v":"Текстови съобщения (SMS)"},{"$i":"send-failed","$v":"Изпратеното не бе успешно."},{"$i":"subject-removed","$v":"Темата е премахната."},{"$i":"data-storage-limit-alert-title","$v":"Паметта на телефона е пълна."},{"$i":"data-storage-limit-send-body","$v":"Неуспешно изпращане на MMS. Изтрийте съобщения или отидете в настройките, за да освободите място."},{"$i":"data-storage-limit-download-body","$v":"Неуспешно изтегляне на MMS. Изтрийте съобщения или отидете в настройките, за да освободите място."},{"$i":"data-storage-limit-attachment-body","$v":"Не мога да добавя прикачен файл. Изтрийте съобщението или освоб. място от „Настройки“."},{"$i":"data-storage-limit-alert-cancel","$v":"Отказ"},{"$i":"data-storage-limit-alert-setting","$v":"Настройки"},{"$i":"recipient-repeat","$v":"Дублиращ получател."},{"$i":"email","$v":"ИМЕЙЛ"},{"$i":"options","$v":"Опции"},{"$i":"emergency-alert-title","$v":"Спешни сигнали"},{"$i":"emergency-alert","$v":"Спешни сигнали"},{"$i":"wappushNormal","$v":"WAP насоч."},{"$i":"wappushSIM1","$v":"WAP насоч. – SIM 1"},{"$i":"wappushSIM2","$v":"WAP насоч. – SIM 2"},{"$i":"not-assigned","$v":"Не е назначено"},{"$i":"switchSIMDataSendAlertTitle","$v":"Неуспешно изпращане на MMS."},{"$i":"switchSIMDataSendAlertBody","$v":["За да изпращате MMS, трябва да промените SIM картата за данни към SIM ",{"t":"idOrVar","v":"nonActiveSimId"}," в настройките на SIM мениджъра."]},{"$i":"switchSIMDataSendAlertDesc","$v":"Отидете в приложението за настройки, за да актуализирате настройките."},{"$i":"switchSIMDataReceiveAlertTitle","$v":"Неуспешно получаване на MMS."},{"$i":"switchSIMDataReceiveAlertBody","$v":["За да получавате MMS, трябва да промените SIM картата за данни към SIM ",{"t":"idOrVar","v":"nonActiveSimId"}," в настройките на SIM мениджъра."]},{"$i":"switchSIMDataReceiveAlertDesc","$v":"Отидете в приложението за настройки, за да актуализирате настройките."},{"$i":"group-message","$v":"Групово съобщение"},{"$i":"individual-message","$v":"Индивидуално съобщение"},{"$i":"group-message-alert-title","$v":"Групово съобщение"},{"$i":"group-message-alert-body","$v":"Създаване на групово съобщение? (Груповото съобщение ще бъде изпратено чрез MMS и ще доведе до допълнителни такси, които вашият доставчик на безжични услуги ще начисли в зависимост от абонаментния ви план.)"},{"$i":"group-message-individual","$v":"Не"},{"$i":"group-message-setting","$v":"Създаване"},{"$i":"new-message-individual","$v":"Ново съобщ. (индивидуално)"},{"$i":"new-message-group","$v":"Ново съобщ. (групово)"},{"$i":"device-phone-number","$v":"Моят телефонен номер"},{"$i":"group-message-phone","$v":"Групови съобщения"},{"$i":"my-phone-number-SIM1","$v":"Моят тел. номер – SIM 1"},{"$i":"my-phone-number-SIM2","$v":"Моят тел. номер – SIM 2"},{"$i":"delivery-notification","$v":"Съобщението е доставено"},{"$i":"wait","$v":"изчаква"},{"$i":"isTextTooLongAlert","$v":"Максималната дължина за съобщения е превишена."},{"$i":"video-call","$v":"Видеоразговор"},{"$i":"normal-call","$v":"Повикване"},{"$i":"attachment","$v":"Прикач. файл"},{"$i":"limit-MMS-recipients","$v":"Едно MMS съобщение може да има до 20 получатели."},{"$i":"block-contact","$v":"Блокиране на контакта"},{"$i":"blocked","$v":"Блокиране"},{"$i":"unblocked","$v":"Отблокиране"},{"$i":"rtt-call","$v":"RTT обаждане"},{"$i":"remove-all-attachments","$v":"Премахване на всички прикачени файлове"},{"$i":"block-confirmation","$v":"Няма да получавате телефонни обаждания и съобщения от хората в списъка с блокирани."},{"$i":"space-low-not-save","$v":"Паметта е пълна, неуспешно записване на черновата."},{"$i":"creation-mode-messages","$v":"Режим на създаване"},{"$i":"creation-mode-restricted","$v":"Ограничено"},{"$i":"creation-mode-warning","$v":"Предупреждение"},{"$i":"creation-mode-free","$v":"Безплатно"},{"$i":"creationMode_restricted_title","$v":"огр. на режим на създаване"},{"$i":"creationMode_restricted_alert","$v":"Режимът на създ. е ограничен, не можете да доб. прик. файл, който не е в домейна на осн. съд. на MM."},{"$i":"creationMode_warning_title","$v":"предуп. на режим на създаване"},{"$i":"creationMode_warning_alert","$v":"Потвърждавате ли доб. на прик. файл, който не е в домейна на осн. съд. на MM?"},{"$i":"withoutDataTitle","$v":"Няма връзка с данни"},{"$i":"withoutDataBody","$v":"Моля, активирайте връзка с данни в Настройки, за да изпращате или изтегляте MMS съобщения."},{"$i":"withoutDataBtnOk","$v":"ОК"},{"$i":"withoutDataBtnSettings","$v":"Настройки"},{"$i":"FTUTitle","$v":"Добре дошли в Съобщения."},{"$i":"FTUBody","$v":"Трябва да предоставите своя телефонен номер, за да използвате групови съобщения."},{"$i":"myNumber","$v":"Моят телефонен номер"},{"$i":"myNumber-SIM1","$v":"Моят тел. номер – SIM 1"},{"$i":"myNumber-SIM2","$v":"Моят тел. номер – SIM 2"},{"$i":"save-number","$v":"Запис"},{"$i":"input-alert-show","$v":"Това е вашият телефонен номер."},{"$i":"input-alert-reInput","$v":"Трябва да предоставите своя телефонен номер, за да използвате групови съобщения."},{"$i":"multiple-recipients-flag","$v":",..."},{"$i":"parent-control-text","$v":"Този номер е блокиран. Можете да попитате родителите си за разрешение."},{"$i":"groupNumberInputOne-placeholder","$v":"Моят тел. номер – SIM 1"},{"$i":"groupNumberInputOne","$v":"Моят телефонен номер"},{"$i":"groupNumberInputTwo-placeholder","$v":"Моят тел. номер – SIM 2"},{"$i":"groupNumberInputTwo","$v":"Моят телефонен номер"},{"$i":"custom-message-sent","$v":["Отговор до ",{"t":"idOrVar","v":"name"}]},{"$i":"colon","$v":":"},{"$i":"sms-encoding-mode","$v":"Sms кодиране"},{"$i":"sms-reduced-format","$v":"Намален формат"},{"$i":"sms-full-format","$v":"Пълен формат"},{"$i":"smscNormal","$v":"Сервизен център"},{"$i":"smscSIM1","$v":"Сервизен център SIM1"},{"$i":"smscSIM2","$v":"Сервизен център SIM2"},{"$i":"weekday-0-long","$v":"Неделя"},{"$i":"weekday-1-long","$v":"Понеделник"},{"$i":"weekday-2-long","$v":"Вторник"},{"$i":"weekday-3-long","$v":"Сряда"},{"$i":"weekday-4-long","$v":"Четвъртък"},{"$i":"weekday-5-long","$v":"Петък"},{"$i":"weekday-6-long","$v":"Събота"},{"$i":"weekday-0-short","$v":"нед"},{"$i":"weekday-1-short","$v":"пон"},{"$i":"weekday-2-short","$v":"втор"},{"$i":"weekday-3-short","$v":"ср"},{"$i":"weekday-4-short","$v":"чт"},{"$i":"weekday-5-short","$v":"пет"},{"$i":"weekday-6-short","$v":"сб"},{"$i":"month-0-long","$v":"Януари"},{"$i":"month-1-long","$v":"Февруари"},{"$i":"month-2-long","$v":"Март"},{"$i":"month-3-long","$v":"Април"},{"$i":"month-4-long","$v":"май"},{"$i":"month-5-long","$v":"Юни"},{"$i":"month-6-long","$v":"Юли"},{"$i":"month-7-long","$v":"Август"},{"$i":"month-8-long","$v":"Септември"},{"$i":"month-9-long","$v":"Октомври"},{"$i":"month-10-long","$v":"Ноември"},{"$i":"month-11-long","$v":"Декември"},{"$i":"month-0-genitive","$v":"Януари"},{"$i":"month-1-genitive","$v":"Февруари"},{"$i":"month-2-genitive","$v":"Март"},{"$i":"month-3-genitive","$v":"Април"},{"$i":"month-4-genitive","$v":"май"},{"$i":"month-5-genitive","$v":"Юни"},{"$i":"month-6-genitive","$v":"Юли"},{"$i":"month-7-genitive","$v":"Август"},{"$i":"month-8-genitive","$v":"Септември"},{"$i":"month-9-genitive","$v":"Октомври"},{"$i":"month-10-genitive","$v":"Ноември"},{"$i":"month-11-genitive","$v":"Декември"},{"$i":"month-0-short","$v":"ян"},{"$i":"month-1-short","$v":"фев"},{"$i":"month-2-short","$v":"март"},{"$i":"month-3-short","$v":"апр"},{"$i":"month-4-short","$v":"май"},{"$i":"month-5-short","$v":"юни"},{"$i":"month-6-short","$v":"юли"},{"$i":"month-7-short","$v":"авг"},{"$i":"month-8-short","$v":"септ"},{"$i":"month-9-short","$v":"окт"},{"$i":"month-10-short","$v":"ноем"},{"$i":"month-11-short","$v":"дек"},{"$i":"minutes-ago-long","$v":{"few":["Преди ",{"t":"idOrVar","v":"value"}," минути"],"many":["Преди ",{"t":"idOrVar","v":"value"}," минути"],"other":["Преди ",{"t":"idOrVar","v":"value"}," минути"],"two":["Преди ",{"t":"idOrVar","v":"value"}," минути"],"one":"преди минута","zero":"точно сега"},"$x":[{"t":"idOrVar","v":"plural"},"value"]},{"$i":"hours-ago-long","$v":{"few":["Преди ",{"t":"idOrVar","v":"value"}," часа"],"many":["Преди ",{"t":"idOrVar","v":"value"}," часа"],"other":["Преди ",{"t":"idOrVar","v":"value"}," часа"],"two":["Преди ",{"t":"idOrVar","v":"value"}," часа"],"one":"преди 1 час","zero":"точно сега"},"$x":[{"t":"idOrVar","v":"plural"},"value"]},{"$i":"days-ago-long","$v":{"few":["Преди ",{"t":"idOrVar","v":"value"}," дни"],"many":["Преди ",{"t":"idOrVar","v":"value"}," дни"],"one":"вчера","other":["Преди ",{"t":"idOrVar","v":"value"}," дни"],"two":["Преди ",{"t":"idOrVar","v":"value"}," дни"],"zero":"днес"},"$x":[{"t":"idOrVar","v":"plural"},"value"]},{"$i":"weeks-ago-long","$v":{"few":["Преди ",{"t":"idOrVar","v":"value"}," седмици"],"many":["Преди ",{"t":"idOrVar","v":"value"}," седмици"],"one":"последната седмица","other":["Преди ",{"t":"idOrVar","v":"value"}," седмици"],"two":["Преди ",{"t":"idOrVar","v":"value"}," седмици"],"zero":"тази седмица"},"$x":[{"t":"idOrVar","v":"plural"},"value"]},{"$i":"months-ago-long","$v":{"few":["Преди ",{"t":"idOrVar","v":"value"}," месеца"],"many":["Преди ",{"t":"idOrVar","v":"value"}," месеца"],"one":"последния месец","other":["Преди ",{"t":"idOrVar","v":"value"}," месеца"],"two":["Преди ",{"t":"idOrVar","v":"value"}," месеца"],"zero":"този месец"},"$x":[{"t":"idOrVar","v":"plural"},"value"]},{"$i":"years-ago-long","$v":{"few":["Преди ",{"t":"idOrVar","v":"value"}," години"],"many":["Преди ",{"t":"idOrVar","v":"value"}," години"],"one":"последната година","other":["Преди ",{"t":"idOrVar","v":"value"}," години"],"two":["Преди ",{"t":"idOrVar","v":"value"}," години"],"zero":"тази година"},"$x":[{"t":"idOrVar","v":"plural"},"value"]},{"$i":"minutes-until-long","$v":{"few":["след ",{"t":"idOrVar","v":"value"}," минути"],"many":["след ",{"t":"idOrVar","v":"value"}," минути"],"other":["след ",{"t":"idOrVar","v":"value"}," минути"],"two":["след ",{"t":"idOrVar","v":"value"}," минути"],"zero":"сега","one":"след 1 минута"},"$x":[{"t":"idOrVar","v":"plural"},"value"]},{"$i":"hours-until-long","$v":{"few":["след ",{"t":"idOrVar","v":"value"}," часа"],"many":["след ",{"t":"idOrVar","v":"value"}," часа"],"other":["след ",{"t":"idOrVar","v":"value"}," часа"],"two":["след ",{"t":"idOrVar","v":"value"}," часа"],"zero":"сега","one":"след 1 час"},"$x":[{"t":"idOrVar","v":"plural"},"value"]},{"$i":"days-until-long","$v":{"few":["след ",{"t":"idOrVar","v":"value"}," дни"],"many":["след ",{"t":"idOrVar","v":"value"}," дни"],"one":"утре","other":["след ",{"t":"idOrVar","v":"value"}," дни"],"two":["след ",{"t":"idOrVar","v":"value"}," дни"],"zero":"днес"},"$x":[{"t":"idOrVar","v":"plural"},"value"]},{"$i":"weeks-until-long","$v":{"few":["след ",{"t":"idOrVar","v":"value"}," седмици"],"many":["след ",{"t":"idOrVar","v":"value"}," седмици"],"one":"следващата седмица","other":["след ",{"t":"idOrVar","v":"value"}," седмици"],"two":["след ",{"t":"idOrVar","v":"value"}," седмици"],"zero":"тази седмица"},"$x":[{"t":"idOrVar","v":"plural"},"value"]},{"$i":"months-until-long","$v":{"few":["след ",{"t":"idOrVar","v":"value"}," месеца"],"many":["след ",{"t":"idOrVar","v":"value"}," месеца"],"one":"следващия месец","other":["след ",{"t":"idOrVar","v":"value"}," месеца"],"two":["след ",{"t":"idOrVar","v":"value"}," месеца"],"zero":"този месец"},"$x":[{"t":"idOrVar","v":"plural"},"value"]},{"$i":"years-until-long","$v":{"few":["след ",{"t":"idOrVar","v":"value"}," години"],"many":["след ",{"t":"idOrVar","v":"value"}," години"],"one":"следващата година","other":["след ",{"t":"idOrVar","v":"value"}," години"],"two":["след ",{"t":"idOrVar","v":"value"}," години"],"zero":"тази година"},"$x":[{"t":"idOrVar","v":"plural"},"value"]},{"$i":"minutes-ago-short","$v":{"other":["Преди ",{"t":"idOrVar","v":"value"}," мин."],"zero":"точно сега"},"$x":[{"t":"idOrVar","v":"plural"},"value"]},{"$i":"hours-ago-short","$v":{"other":["Преди ",{"t":"idOrVar","v":"value"}," ч."],"zero":"точно сега"},"$x":[{"t":"idOrVar","v":"plural"},"value"]},{"$i":"days-ago-short","$v":{"other":["Преди ",{"t":"idOrVar","v":"value"}," дни"],"zero":"днес"},"$x":[{"t":"idOrVar","v":"plural"},"value"]},{"$i":"minutes-until-short","$v":{"other":["след ",{"t":"idOrVar","v":"value"},"м."],"zero":"сега"},"$x":[{"t":"idOrVar","v":"plural"},"value"]},{"$i":"hours-until-short","$v":{"other":["след ",{"t":"idOrVar","v":"value"},"ч."],"zero":"сега"},"$x":[{"t":"idOrVar","v":"plural"},"value"]},{"$i":"days-until-short","$v":{"other":["след ",{"t":"idOrVar","v":"value"},"д."],"zero":"днес"},"$x":[{"t":"idOrVar","v":"plural"},"value"]},{"$i":"dateTimeFormat_%c","$v":"%a %b %e %Y %I:%M:%S %p"},{"$i":"dateTimeFormat_%x","$v":"%m/%d/%Y"},{"$i":"dateTimeFormat_%X","$v":"%I:%M:%S ч. %p"},{"$i":"shortTimeFormat","$v":"%I:%M %p"},{"$i":"shortTimeFormat12","$v":"%I:%M %p"},{"$i":"shortTimeFormat24","$v":"%H:%M"},{"$i":"shortDateTimeFormat","$v":"%x %I:%M %p"},{"$i":"weekStartsOnMonday","$v":"0.0"},{"$i":"firstDayOfTheWeek","$v":"1.0"},{"$i":"time_am","$v":"AM"},{"$i":"time_pm","$v":"PM"},{"$i":"softkey-options","$v":"Опции"},{"$i":"emergencyNumber","$v":"Спешен номер"},{"$i":"callAirplaneModeMessage","$v":"За да се обадите, трябва да дезактивирате режима за самолет в настройките."},{"$i":"callAirplaneModeBtnOk","$v":"OK"},{"$i":"callAirplaneModeTitle","$v":"Режимът за самолет е акт."},{"$i":"numberIsBusyTitle","$v":"Номерът е зает"},{"$i":"numberIsBusyMessage","$v":"Номерът в момента е зает. Опитайте отново по-късно."},{"$i":"fdnIsActiveTitle","$v":"Активни FDN"},{"$i":"fdnIsActiveMessage","$v":["FDN (фиксирани номера за набиране) се активират и следният номер не е в списъка ви с FDN: ",{"t":"idOrVar","v":"number"}]},{"$i":"emergencyDialogBodyBadNumber","$v":"За да се обадите, телефонът трябва да е свързан с мрежа."},{"$i":"emergencyDialogBodyDeviceNotAccepted","$v":"Спешните повиквания не са разрешени от мрежата."},{"$i":"emergencyDialogBtnOk","$v":"OK"},{"$i":"emergencyDialogTitle","$v":"Няма връзка с мрежа"},{"$i":"invalidNumberToDialTitle","$v":"Невалиден тел. номер"},{"$i":"invalidNumberToDialMessage","$v":"Телефонният номер, който набирате, не е валиден."},{"$i":"unableToCallTitle","$v":"Не може да се осъществи повикване. "},{"$i":"unableToCallMessage","$v":"В момента не можете да се обадите."},{"$i":"otherConnectionInUseTitle","$v":"Изп. друга връзка"},{"$i":"otherConnectionInUseMessage","$v":"Имате активно повикване на друга връзка. По едно и също време можете да използвате само една връзка."},{"$i":"connectingEllipsis","$v":"Свързване..."}]