[{"$i":"messages","$v":"Mitteilungen"},{"$i":"deleteMessages-title","$v":"Auswählen"},{"$i":"selectThreads-title","$v":"Auswählen"},{"$i":"edit","$v":"Bearbeiten"},{"$i":"back","$v":"Zurück"},{"$i":"cancel","$v":"Abbrechen"},{"$i":"delete","$v":"Löschen"},{"$i":"deleting-messages","$v":"Wird gelöscht..."},{"$i":"deselect","$v":"ABWÄHLEN"},{"$i":"selected-threads","$v":{"few":[{"t":"idOrVar","v":"n"}," ausgewählt"],"many":[{"t":"idOrVar","v":"n"}," ausgewählt"],"one":[{"t":"idOrVar","v":"n"}," ausgewählt"],"other":[{"t":"idOrVar","v":"n"}," ausgewählt"],"two":[{"t":"idOrVar","v":"n"}," ausgewählt"],"zero":"0 ausgewählt"},"$x":[{"t":"idOrVar","v":"plural"},"n"]},{"$i":"selected-messages","$v":{"few":[{"t":"idOrVar","v":"n"}," ausgewählt"],"many":[{"t":"idOrVar","v":"n"}," ausgewählt"],"one":[{"t":"idOrVar","v":"n"}," ausgewählt"],"other":[{"t":"idOrVar","v":"n"}," ausgewählt"],"two":[{"t":"idOrVar","v":"n"}," ausgewählt"],"zero":"0 ausgewählt"},"$x":[{"t":"idOrVar","v":"plural"},"n"]},{"$i":"selectThreads-label","$v":"Threads auswählen"},{"$i":"selectMessages-label","$v":"Mitteilungen auswählen"},{"$i":"new-message","$v":"Neu"},{"$i":"delete-thread","$v":"Thread löschen"},{"$i":"create-new-contact","$v":"Neuen Kontakt erstellen"},{"$i":"add-to-contact","$v":"Zu vorhandenem Kontakt hinzufügen"},{"$i":"select-thread","$v":"Thread auswählen"},{"$i":"settings","$v":"Einstellungen"},{"$i":"select-all","$v":"Alle"},{"$i":"deselect-all","$v":"Keiner"},{"$i":"select","$v":"Auswählen"},{"$i":"sk-save-as-draft","$v":"Als Entwurf speichern"},{"$i":"next","$v":"Weiter"},{"$i":"send","$v":"Senden"},{"$i":"add-contact","$v":"Hinzufügen"},{"$i":"add-suggestion","$v":"Auswählen"},{"$i":"add-subject","$v":"Betreff hinzufügen"},{"$i":"remove-subject","$v":"Betreff entfernen"},{"$i":"add-attachment","$v":"Anhang hinzufügen"},{"$i":"remove-attachment","$v":"Anhang entfernen"},{"$i":"replace-attachment","$v":"Anhang ersetzen"},{"$i":"select-messages","$v":"Mitteilungen auswählen"},{"$i":"call","$v":"Anruf"},{"$i":"forward","$v":"Weiterleiten"},{"$i":"view-message-report","$v":"Mitteilungsdetails anzeigen"},{"$i":"cancel-view-report","$v":"Abbrechen"},{"$i":"ok","$v":"OK"},{"$i":"enter","$v":"Eingeben"},{"$i":"open","$v":"Öffnen"},{"$i":"to","$v":"An"},{"$i":"new","$v":"Neu"},{"$i":"message","$v":"Mitteilung"},{"$i":"messagesInput_placeholder","$v":"Mitteilung"},{"$i":"messagesSubjectInput_placeholder","$v":"Betreff"},{"$i":"subjectComposerInput_placeholder","$v":"Betreff"},{"$i":"converted-to-mms","$v":"In MMS konvertieren."},{"$i":"converted-to-sms","$v":"In SMS konvertieren."},{"$i":"messages-max-length-text","$v":"Sie haben die maximale Länge erreicht."},{"$i":"messages-max-subject-length-text","$v":"Maximale Länge für „Betreff“ erreicht"},{"$i":"multimedia-message-exceeded-max-length","$v":["Diese Mitteilung überschreitet die Größenbeschränkung von ",{"t":"idOrVar","v":"mmsSize"}," MB für eine einzelne Multimedia-Mitteilung."]},{"$i":"newMessage","$v":"Neue Mitteilung"},{"$i":"sendMessage","$v":"Mitteilung senden"},{"$i":"sendMMSToEmail","$v":"MMS senden"},{"$i":"no-recipient","$v":"(Empfänger Leer)"},{"$i":"recipient","$v":{"few":[{"t":"idOrVar","v":"n"}," Empfänger"],"many":[{"t":"idOrVar","v":"n"}," Empfänger"],"one":[{"t":"idOrVar","v":"n"}," Empfänger"],"other":[{"t":"idOrVar","v":"n"}," Empfänger"],"two":[{"t":"idOrVar","v":"n"}," Empfänger"]},"$x":[{"t":"idOrVar","v":"plural"},"n"]},{"$i":"attachmentSizeB","$v":[{"t":"idOrVar","v":"n"}," B"]},{"$i":"attachmentSizeKB","$v":[{"t":"idOrVar","v":"n"}," KB"]},{"$i":"attachmentSizeMB","$v":[{"t":"idOrVar","v":"n"}," MB"]},{"$i":"attachmentOpenError","$v":"Keine Anwendung zum Öffnen dieses Dateityps verfügbar."},{"$i":"attachmentNotFile","$v":"Diese Datei konnte nicht gefunden werden."},{"$i":"remove","$v":"Entfernen"},{"$i":"participant","$v":{"few":[{"t":"idOrVar","v":"n"}," Teilnehmer"],"many":[{"t":"idOrVar","v":"n"}," Teilnehmer"],"one":[{"t":"idOrVar","v":"n"}," Teilnehmer"],"other":[{"t":"idOrVar","v":"n"}," Teilnehmer"],"two":[{"t":"idOrVar","v":"n"}," Teilnehmer"]},"$x":[{"t":"idOrVar","v":"plural"},"n"]},{"$i":"message-report","$v":"Mitteilungsbericht"},{"$i":"message-type-sms","$v":"Textnachricht (SMS)"},{"$i":"message-type-mms","$v":"Multimedia Message (MMS)"},{"$i":"sms-report-description","$v":["Ihre Textnachricht (SMS) wurde am ",{"t":"idOrVar","v":"datetime"}," gesendet"]},{"$i":"mms-report-description","$v":["Ihre Multimedia Message (MMS) mit dem Betreff ",{"t":"idOrVar","v":"subject"}," wurde am ",{"t":"idOrVar","v":"datetime"}," gesendet"]},{"$i":"mms-no-subject-report-description","$v":["Ihre Multimedia Message (MMS) wurde am ",{"t":"idOrVar","v":"datetime"}," gesendet"]},{"$i":"message-subject","$v":"Betreff:"},{"$i":"report-status-error","$v":"Mitteilung kann nicht gesendet werden"},{"$i":"report-status-not-downloaded","$v":"nicht heruntergeladen"},{"$i":"report-status-delivered","$v":"Zugestellt:"},{"$i":"report-status-read","$v":"Lesen:"},{"$i":"report-status-pending","$v":"Bericht angefordert"},{"$i":"report-status-rejected","$v":"Mitteilung abgelehnt"},{"$i":"message-size-was","$v":"Mitteilungsgröße:"},{"$i":"report-to-title","$v":"An"},{"$i":"report-from-title","$v":"Von"},{"$i":"message-sent","$v":"Gesendet:"},{"$i":"message-sending","$v":[{"t":"idOrVar","v":"message-delivery-status-sending"}]},{"$i":"message-received","$v":"Empfangen:"},{"$i":"message-via","$v":"Via:"},{"$i":"message-resend","$v":"Erneut senden"},{"$i":"search","$v":"Suchen"},{"$i":"unknown-contact-title","$v":"Unbekannter Kontakt"},{"$i":"phone-type-separator","$v":", "},{"$i":"phone-carrier-separator","$v":" "},{"$i":"thread-participant-separator","$v":", "},{"$i":"replace-draft","$v":"Bestehenden Entwurf ersetzen"},{"$i":"save-as-draft","$v":"Speichern"},{"$i":"discard-message","$v":"Verwerfen"},{"$i":"discard-sms","$v":"Möchten Sie diese Mitteilung wirklich verwerfen?"},{"$i":"discard-new-message","$v":"Möchten Sie die aktuelle Mitteilung schließen und eine neue Mitteilung öffnen?"},{"$i":"resend-confirmation","$v":"Die Mitteilung kann nicht gesendet werden.Erneut versuchen?"},{"$i":"resend-message","$v":"Mitteilung erneut senden"},{"$i":"deleteMessage-confirmation","$v":"Ausgewählte Mitteilung löschen?"},{"$i":"deleteMessages-confirmation","$v":"Ausgewählte Mitteilungen löschen?"},{"$i":"deleteThreads-confirmation2","$v":{"one":"Ausgewählten Mitteilungsthread löschen?","other":"Ausgewählte Mitteilungsthreads löschen?"},"$x":[{"t":"idOrVar","v":"plural"},"n"]},{"$i":"new-message-notice-text","$v":"Neue Mitteilung von"},{"$i":"new-message-notice-a-text","$v":"Lesen"},{"$i":"noMessages-title","$v":"Keine Mitteilungen"},{"$i":"noMessages-text","$v":"„Neu“ berühren: Kommunikation beginnen"},{"$i":"sendDefaultErrorTitle","$v":"Fehler senden"},{"$i":"sendDefaultErrorBody","$v":"Beim Senden der Mitteilung ist ein Problem aufgetreten. Bitte versuchen Sie es erneut."},{"$i":"sendDefaultErrorBtnOk","$v":"OK"},{"$i":"sendMissingSimCardTitle","$v":"Fehler senden"},{"$i":"sendMissingSimCardBody","$v":"Legen Sie zum Fortfahren eine gültige SIM-Karte ein."},{"$i":"sendMissingSimCardBtnOk","$v":"OK"},{"$i":"sendFlightModeTitle","$v":"Fehler senden"},{"$i":"sendFlightModeBody","$v":"Deaktivieren Sie den Flugmodus, um Mitteilungen zu senden."},{"$i":"sendFlightModeBtnOk","$v":"OK"},{"$i":"radioDisabledToDownloadTitle","$v":"Herunterladen fehlgeschlagen"},{"$i":"radioDisabledToDownloadBody","$v":"Deaktivieren Sie den Flugmodus, um Anhänge herunterzuladen."},{"$i":"radioDisabledToDownloadBtnOk","$v":[{"t":"idOrVar","v":"sendFlightModeBtnOk"}]},{"$i":"downloadDefaultErrorTitle","$v":"Herunterladen fehlgeschlagen"},{"$i":"downloadDefaultErrorBody","$v":"Beim Herunterladen der Mitteilung ist ein Problem aufgetreten. Versuchen Sie es erneut."},{"$i":"downloadDefaultErrorBtnOk","$v":[{"t":"idOrVar","v":"sendDefaultErrorBtnOk"}]},{"$i":"fdnErrorTitle","$v":"Fehler senden"},{"$i":"needConnectWifiBody","$v":["Keine Mobilfunknetze verfügbar. Zum Senden von Mitteilungen Verbindung zu verfügbarem ",{"t":"idOrVar","v":"Wi-Fi"},"-Netzwerk herstellen."]},{"$i":"needConnectWifiTitle","$v":"Mitteilung nicht gesendet"},{"$i":"mmsChanelUsedBody","$v":"MMS-Versand durch Nicht-DDS-Unterelement. Bitte warten Sie, bis der Sendevorgang abgeschlossen ist."},{"$i":"mmsChanelUsedTitle","$v":"MMS-Kanal verwendet"},{"$i":"sms-counter-notice-label","$v":["SMS ",{"t":"idOrVar","v":"number"}," bearbeiten"]},{"$i":"fdnErrorBody","$v":{"few":"Rufnummernbeschränkung (Fixed Dialing Numbers, FDN) ist aktiviert. Vergewissern Sie sich, dass die SMS-Zentrale und folgende Empfänger in Ihrer FDN-Liste enthalten sind:","many":"Rufnummernbeschränkung (Fixed Dialing Numbers, FDN) ist aktiviert. Vergewissern Sie sich, dass die SMS-Zentrale und folgende Empfänger in Ihrer FDN-Liste enthalten sind:","one":"Rufnummernbeschränkung (Fixed Dialing Numbers, FDN) ist aktiviert. Vergewissern Sie sich, dass die SMS-Zentrale und der folgende Empfänger in Ihrer FDN-Liste enthalten sind:","other":"Rufnummernbeschränkung (Fixed Dialing Numbers, FDN) ist aktiviert. Vergewissern Sie sich, dass die SMS-Zentrale und folgende Empfänger in Ihrer FDN-Liste enthalten sind:","two":"Rufnummernbeschränkung (Fixed Dialing Numbers, FDN) ist aktiviert. Vergewissern Sie sich, dass die SMS-Zentrale und folgende Empfänger in Ihrer FDN-Liste enthalten sind:"},"$x":[{"t":"idOrVar","v":"plural"},"n"]},{"$i":"fdnErrorBtnOk","$v":"OK"},{"$i":"sendNoSignalErrorTitle","$v":"Fehler senden"},{"$i":"sendNoSignalErrorBody","$v":"Kein Mobilfunksignal. Bitte versuchen Sie es erneut."},{"$i":"sendNoSignalErrorBtnOk","$v":"OK"},{"$i":"sendNotFoundErrorTitle","$v":"Fehler senden"},{"$i":"sendNotFoundErrorBody","$v":"Die von Ihnen gesuchte Mitteilung ist nicht mehr vorhanden."},{"$i":"sendNotFoundErrorBtnOk","$v":"OK"},{"$i":"sendInvalidAddressErrorTitle","$v":"Fehler senden"},{"$i":"sendInvalidAddressErrorBody","$v":"Vergewissern Sie sich, dass die von Ihnen gesendete Mobilfunknummer gültig ist."},{"$i":"sendInvalidAddressErrorBtnOk","$v":"OK"},{"$i":"simNotMatchedErrorTitle","$v":"Download nicht möglich"},{"$i":"simNotMatchedErrorBody","$v":"Bitte vergewissern Sie sich, dass die eingelegte SIM-Karte diejenige ist, die zum Empfangen dieser Mitteilung verwendet wurde."},{"$i":"simNotMatchedErrorBtnOk","$v":"OK"},{"$i":"netWorkErrorTitle","$v":"Netzwerkfehler"},{"$i":"netWorkErrorBody","$v":"Netzwerkfehler. Überprüfen Sie die Netzwerkverbindung."},{"$i":"netWorkErrorBtnOk","$v":"OK"},{"$i":"deleted-sms","$v":"Diese Mitteilung wurde bereits gelöscht."},{"$i":"view-attachment-image","$v":"Anzeigen"},{"$i":"view-attachment-audio","$v":"Anhören"},{"$i":"view-attachment-video","$v":"Anzeigen"},{"$i":"view-attachment-other","$v":"Anzeigen"},{"$i":"remove-attachment-image","$v":"Bild entfernen"},{"$i":"remove-attachment-audio","$v":"Audio entfernen"},{"$i":"remove-attachment-video","$v":"Video entfernen"},{"$i":"remove-attachment-other","$v":"Anhang entfernen"},{"$i":"replace-attachment-image","$v":"Bild ersetzen"},{"$i":"replace-attachment-audio","$v":"Audiodatei ersetzen"},{"$i":"replace-attachment-video","$v":"Video ersetzen"},{"$i":"replace-attachment-other","$v":"Anhang ersetzen"},{"$i":"unsent-message-title","$v":"Nicht gesendete Mitteilung"},{"$i":"unsent-message-description","$v":"Ihre vorherige Mitteilung wurde nicht gesendet. Möchten Sie die nicht gesendete Mitteilung bearbeiten oder diese verwerfen und fortfahren?"},{"$i":"unsent-message-option-edit","$v":"Bearbeiten"},{"$i":"unsent-message-option-discard","$v":"Verwerfen"},{"$i":"message-options","$v":"Mitteilungsoptionen"},{"$i":"select-text","$v":"Text auswählen"},{"$i":"mobile","$v":"Mobile"},{"$i":"home","$v":"Privat"},{"$i":"work","$v":"Geschäftlich"},{"$i":"personal","$v":"Persönlich"},{"$i":"faxHome","$v":"Fax (privat)"},{"$i":"faxOffice","$v":"Fax (geschäftlich)"},{"$i":"faxOther","$v":"Weiteres Fax"},{"$i":"another","$v":"Weitere"},{"$i":"other","$v":"Andere"},{"$i":"today","$v":"Heute"},{"$i":"yesterday","$v":"Gestern"},{"$i":"incorrectDate","$v":"(falsches Datum)"},{"$i":"addToExistingContact","$v":"Zu vorhandenem Kontakt hinzufügen"},{"$i":"createNewContact","$v":"Neuen Kontakt erstellen"},{"$i":"viewContact","$v":"Kontakt anzeigen"},{"$i":"sendEmail","$v":"E-Mail senden"},{"$i":"mms-message","$v":"MMS-Mitteilung"},{"$i":"notDownloaded-title","$v":"Mitteilung wurde noch nicht heruntergeladen."},{"$i":"tobedownloaded-attachment","$v":["Sie haben eine MMS erhalten. Berühren Sie die Option „Download“, um den Inhalt vor dem ",{"t":"idOrVar","v":"date"}," abzurufen."]},{"$i":"expired-attachment","$v":["Entschuldigung! Die Mitteilung ist am ",{"t":"idOrVar","v":"date"}," abgelaufen und kann nicht heruntergeladen werden."]},{"$i":"download-attachment","$v":"Download"},{"$i":"downloading-attachment","$v":"Wird heruntergeladen..."},{"$i":"download-complete","$v":"Download abgeschlossen"},{"$i":"unnamed-attachment","$v":"unbenannt"},{"$i":"mms-label","$v":"MMS"},{"$i":"not-download-label","$v":"Sie haben eine Multimedia-Nachricht erhalten. Laden Sie sie herunter, um den Inhalt abzurufen, bevor"},{"$i":"attachment-label","$v":"Anhang"},{"$i":"attached-files-too-large","$v":{"few":["Diese Mitteilungen überschreiten die Größenbeschränkung von ",{"t":"idOrVar","v":"mmsSize"}," MB für eine einzelne Multimedia-Mitteilung."],"many":["Diese Mitteilungen überschreiten die Größenbeschränkung von ",{"t":"idOrVar","v":"mmsSize"}," MB für eine einzelne Multimedia-Mitteilung."],"one":["Diese Mitteilung überschreitet die Größenbeschränkung von ",{"t":"idOrVar","v":"mmsSize"}," MB für eine einzelne Multimedia-Mitteilung."],"other":["Diese Mitteilungen überschreiten die Größenbeschränkung von ",{"t":"idOrVar","v":"mmsSize"}," MB für eine einzelne Multimedia-Mitteilung."],"two":["Diese Mitteilungen überschreiten die Größenbeschränkung von ",{"t":"idOrVar","v":"mmsSize"}," MB für eine einzelne Multimedia-Mitteilung."],"zero":["Diese Mitteilungen überschreiten die Größenbeschränkung von ",{"t":"idOrVar","v":"mmsSize"}," MB für eine einzelne Multimedia-Mitteilung."]},"$x":[{"t":"idOrVar","v":"plural"},"n"]},{"$i":"resize-image","$v":"Größe des angehängten Bildes wird angepasst..."},{"$i":"no-attachment-text","$v":"Es liegt ein Problem mit der angehängten Datei vor. Die Datei kann nicht heruntergeladen werden."},{"$i":"message-draft-saved","$v":"Mitteilung als Entwurf gespeichert"},{"$i":"sim-id-label","$v":["SIM ",{"t":"idOrVar","v":"id"}]},{"$i":"sim-detail","$v":["SIM ",{"t":"idOrVar","v":"id"},", ",{"t":"idOrVar","v":"detailString"}]},{"$i":"dsds-notification-title-with-sim","$v":["(",{"t":"idOrVar","v":"sim"},") ",{"t":"idOrVar","v":"title"}]},{"$i":"send-button","ariaLabel":"Senden"},{"$i":"send-button-sim-indication","$v":[{"t":"idOrVar","v":"n"}],"ariaLabel":["SIM ",{"t":"idOrVar","v":"n"}," wird verwendet"]},{"$i":"expiry-date-format","$v":"%A, %b %e"},{"$i":"attach-button","ariaLabel":"Anhang hinzufügen"},{"$i":"contact-photo","ariaLabel":"Kontaktbild"},{"$i":"unread-thread","ariaLabel":"Ungelesen"},{"$i":"has-draft","ariaLabel":"Enthält Entwurf"},{"$i":"is-draft","ariaLabel":"Entwurf"},{"$i":"message-delivery-status-sending","$v":"Wird gesendet..."},{"$i":"message-delivery-status-delivered","$v":"Zugestellt"},{"$i":"message-delivery-status-read","ariaLabel":"Lesen"},{"$i":"message-delivery-status-error","ariaLabel":"Fehler"},{"$i":"modal-dialog-ok-button","$v":"OK"},{"$i":"modal-dialog-cancel-button","$v":"Abbrechen"},{"$i":"modal-dialog-default-title","$v":"Mitteilungen"},{"$i":"delete-message","$v":"Nachricht gelöscht"},{"$i":"message-converted-to-toast","$v":["Mitteilung konvertiert in ",{"t":"idOrVar","v":"type"}]},{"$i":"message-sent-toast","$v":"Mitteilung gesendet"},{"$i":"deleteMessage-confirmation2","$v":"Ausgewählten Mitteilungsthread löschen?"},{"$i":"deleted-message","$v":{"few":[{"t":"idOrVar","v":"n"}," Mitteilungen gelöscht"],"many":[{"t":"idOrVar","v":"n"}," Mitteilungen gelöscht"],"one":[{"t":"idOrVar","v":"n"}," Mitteilung gelöscht"],"other":[{"t":"idOrVar","v":"n"}," Mitteilungen gelöscht"],"two":[{"t":"idOrVar","v":"n"}," Mitteilungen gelöscht"],"zero":"0 Mitteilungen gelöscht"},"$x":[{"t":"idOrVar","v":"plural"},"n"]},{"$i":"deleted-threads","$v":{"few":[{"t":"idOrVar","v":"n"}," Mitteilungsthreads gelöscht"],"many":[{"t":"idOrVar","v":"n"}," Mitteilungsthreads gelöscht"],"one":"Thread gelöscht","other":[{"t":"idOrVar","v":"n"}," Mitteilungsthreads gelöscht"],"two":[{"t":"idOrVar","v":"n"}," Mitteilungsthreads gelöscht"],"zero":"0 Threads gelöscht"},"$x":[{"t":"idOrVar","v":"plural"},"n"]},{"$i":"wapPushMessages","$v":"WAP-Push-Mitteilungen"},{"$i":"auto-retrieve-messages","$v":"Mitteilungen automatisch abrufen"},{"$i":"auto-retrieve-messages-title","$v":"Mitteilungen automatisch abrufen"},{"$i":"auto-roaming-retrieve","$v":"Einschalten mit Roaming"},{"$i":"auto-no-roaming-retrieve","$v":"Einschalten ohne Roaming"},{"$i":"mmsTitle","$v":"Multimedia Messaging (MMS)"},{"$i":"message-delivery-reports","$v":"Zustellberichte"},{"$i":"message-delivery-reports-title","$v":"Zustellberichte"},{"$i":"messageReport-title","$v":"Mitteilungsdetails"},{"$i":"sms-label","$v":"SMS"},{"$i":"messaging-settings","$v":"Messaging-Einstellungen"},{"$i":"messagingSettings-header","$v":[{"t":"idOrVar","v":"messaging-settings"}]},{"$i":"confirmation-title","$v":"Bestätigung"},{"$i":"draft-save-content","$v":"Als Entwurf speichern?"},{"$i":"draft-discard-content","$v":"Mitteilung verworfen"},{"$i":"switch-on","$v":"Ein"},{"$i":"switch-off","$v":"Aus"},{"$i":"auto-retrieve-desc","$v":"Mitteilungen automatisch abrufen"},{"$i":"confirm-dialog-ok","$v":"OK"},{"$i":"yes","$v":"Ja"},{"$i":"no","$v":"Nein"},{"$i":"delete-current-thread?","$v":"Ausgewählten Mitteilungsthread löschen?"},{"$i":"attention","$v":"Vorsicht"},{"$i":"delivery-title","$v":"Textnachrichten (SMS)"},{"$i":"send-failed","$v":"Senden fehlgeschlagen."},{"$i":"subject-removed","$v":"Betreff entfernt."},{"$i":"data-storage-limit-alert-title","$v":"Telefonspeicher voll"},{"$i":"data-storage-limit-send-body","$v":"MMS kann nicht gesendet werden. Löschen Sie Mitteilungen oder wählen Sie „Einstellungen“, um Speicherplatz freizugeben."},{"$i":"data-storage-limit-download-body","$v":"MMS-Download nicht möglich. Löschen Sie Mitteilungen oder wählen Sie „Einstellungen“, um Speicherplatz freizugeben."},{"$i":"data-storage-limit-attachment-body","$v":"Der Anhang konnte nicht hinzugefügt werden. Löschen Sie eine Mitteilung oder wählen Sie „Einstellungen“, um Speicherplatz freizugeben."},{"$i":"data-storage-limit-alert-cancel","$v":"Abbrechen"},{"$i":"data-storage-limit-alert-setting","$v":"Einstellungen"},{"$i":"recipient-repeat","$v":"Doppelter Kontakt."},{"$i":"email","$v":"E-Mail"},{"$i":"options","$v":"Optionen"},{"$i":"emergency-alert-title","$v":"Drahtlose Notfallbenachrichtigungen"},{"$i":"emergency-alert","$v":"Drahtlose Notfallbenachrichtigungen"},{"$i":"wappushNormal","$v":"WAP Push"},{"$i":"wappushSIM1","$v":"WAP Push – SIM 1"},{"$i":"wappushSIM2","$v":"WAP Push – SIM 2"},{"$i":"not-assigned","$v":"Nicht zugewiesen"},{"$i":"switchSIMDataSendAlertTitle","$v":"MMS konnte nicht gesendet werden"},{"$i":"switchSIMDataSendAlertBody","$v":["Um MMS senden zu können, müssen Sie in den SIM-Managereinstellungen SIM ",{"t":"idOrVar","v":"nonActiveSimId"}," für die SIM-Karte festlegen."]},{"$i":"switchSIMDataSendAlertDesc","$v":"Aktualisieren Sie die Einstellungen in der Einstellungsapp."},{"$i":"switchSIMDataReceiveAlertTitle","$v":"MMS konnte nicht abgerufen werden."},{"$i":"switchSIMDataReceiveAlertBody","$v":["Um MMS empfangen zu können, müssen Sie in den SIM-Managereinstellungen SIM ",{"t":"idOrVar","v":"nonActiveSimId"}," für die SIM-Karte festlegen."]},{"$i":"switchSIMDataReceiveAlertDesc","$v":"Aktualisieren Sie die Einstellungen in der Einstellungsapp."},{"$i":"group-message","$v":"Gruppenmitteilung"},{"$i":"individual-message","$v":"Einzelne Mitteilung"},{"$i":"group-message-alert-title","$v":"Gruppenmitteilung"},{"$i":"group-message-alert-body","$v":"Gruppenmitteilung erstellen? (Gruppenmitteilungen werden als MMS versendet. Je nach Mobilfunkvertrag stellt Ihr Mobilfunkanbieter möglicherweise zusätzliche Kosten in Rechnung.)"},{"$i":"group-message-individual","$v":"Nein"},{"$i":"group-message-setting","$v":"Erstellen"},{"$i":"new-message-individual","$v":"Neue Mitteilung (einzeln)"},{"$i":"new-message-group","$v":"Neue Mitteilung (Gruppe)"},{"$i":"device-phone-number","$v":"Meine Telefonnummer"},{"$i":"group-message-phone","$v":"Gruppenmitteilungen"},{"$i":"my-phone-number-SIM1","$v":"Meine Telefonnummer – SIM1"},{"$i":"my-phone-number-SIM2","$v":"Meine Telefonnummer – SIM2"},{"$i":"delivery-notification","$v":"Die Mitteilung wurde zugestellt."},{"$i":"wait","$v":"Warten..."},{"$i":"isTextTooLongAlert","$v":"Maximale Mitteilungslänge überschritten."},{"$i":"video-call","$v":"Videoanruf"},{"$i":"normal-call","$v":"Anruf"},{"$i":"attachment","$v":"Anhang"},{"$i":"limit-MMS-recipients","$v":"Eine MMS kann an maximal 20 Empfänger gesendet werden."},{"$i":"block-contact","$v":"Kontakt blockieren"},{"$i":"blocked","$v":"Blockieren"},{"$i":"unblocked","$v":"Blockierung aufheben"},{"$i":"rtt-call","$v":"RTT-Anruf"},{"$i":"remove-all-attachments","$v":"Alle Anhänge entfernen"},{"$i":"block-confirmation","$v":"Sie erhalten keine Telefonanrufe und Mitteilungen von Kontakten, die in der Blockierungsliste enthalten sind."},{"$i":"space-low-not-save","$v":"Der Speicher ist voll. Der Entwurf kann nicht gespeichert werden."},{"$i":"creation-mode-messages","$v":"Erstellungsmodus"},{"$i":"creation-mode-restricted","$v":"Beschränkt"},{"$i":"creation-mode-warning","$v":"Warnung"},{"$i":"creation-mode-free","$v":"Kostenlos"},{"$i":"creationMode_restricted_title","$v":"Erstellungsmodus – Limit"},{"$i":"creationMode_restricted_alert","$v":"Der Erstellungsmodus ist beschränkt. Sie können keine Anhänge hinzufügen, die nicht zentraler Inhalt der MM-Domäne sind."},{"$i":"creationMode_warning_title","$v":"Warnung für Erstellungsmodus"},{"$i":"creationMode_warning_alert","$v":"Möchten Sie den Anhang, der nicht zentraler Inhalt der MM-Domäne ist, wirklich hinzufügen?"},{"$i":"withoutDataTitle","$v":"Keine Datenverbindung"},{"$i":"withoutDataBody","$v":"Aktivieren Sie die Datenverbindung in den Einstellungen, um MMS zu versenden oder herunterzuladen."},{"$i":"withoutDataBtnOk","$v":"OK"},{"$i":"withoutDataBtnSettings","$v":"Einstellungen"},{"$i":"FTUTitle","$v":"Willkommen bei den Mitteilungen!"},{"$i":"FTUBody","$v":"Zur Verwendung von Gruppenmitteilungen müssen Sie Ihre Telefonnummer angeben."},{"$i":"myNumber","$v":"Meine Telefonnummer"},{"$i":"myNumber-SIM1","$v":"Meine Telefonnummer – SIM1"},{"$i":"myNumber-SIM2","$v":"Meine Telefonnummer – SIM2"},{"$i":"save-number","$v":"Speichern"},{"$i":"input-alert-show","$v":"Das ist Ihre Telefonnummer."},{"$i":"input-alert-reInput","$v":"Zur Verwendung von Gruppenmitteilungen müssen Sie Ihre Telefonnummer angeben."},{"$i":"multiple-recipients-flag","$v":",..."},{"$i":"parent-control-text","$v":"Diese Nummer ist blockiert. Du benötigst das Einverständnis deiner Eltern."},{"$i":"groupNumberInputOne-placeholder","$v":"Meine Telefonnummer – SIM1"},{"$i":"groupNumberInputOne","$v":"Meine Telefonnummer"},{"$i":"groupNumberInputTwo-placeholder","$v":"Meine Telefonnummer – SIM2"},{"$i":"groupNumberInputTwo","$v":"Meine Telefonnummer"},{"$i":"custom-message-sent","$v":[{"t":"idOrVar","v":"name"}," geantwortet"]},{"$i":"colon","$v":":"},{"$i":"sms-encoding-mode","$v":"SMS-Codierung"},{"$i":"sms-reduced-format","$v":"Kurzformat"},{"$i":"sms-full-format","$v":"Vollformat"},{"$i":"smscNormal","$v":"Servicecenter"},{"$i":"smscSIM1","$v":"Servicecenter SIM1"},{"$i":"smscSIM2","$v":"Servicecenter SIM2"},{"$i":"weekday-0-long","$v":"Sonntag"},{"$i":"weekday-1-long","$v":"Montag"},{"$i":"weekday-2-long","$v":"Dienstag"},{"$i":"weekday-3-long","$v":"Mittwoch"},{"$i":"weekday-4-long","$v":"Donnerstag"},{"$i":"weekday-5-long","$v":"Freitag"},{"$i":"weekday-6-long","$v":"Samstag"},{"$i":"weekday-0-short","$v":"So"},{"$i":"weekday-1-short","$v":"Mo"},{"$i":"weekday-2-short","$v":"Di"},{"$i":"weekday-3-short","$v":"Mi"},{"$i":"weekday-4-short","$v":"Do"},{"$i":"weekday-5-short","$v":"Fr"},{"$i":"weekday-6-short","$v":"Sa"},{"$i":"month-0-long","$v":"Januar"},{"$i":"month-1-long","$v":"Februar"},{"$i":"month-2-long","$v":"März"},{"$i":"month-3-long","$v":"April"},{"$i":"month-4-long","$v":"Mai"},{"$i":"month-5-long","$v":"Juni"},{"$i":"month-6-long","$v":"Juli"},{"$i":"month-7-long","$v":"August"},{"$i":"month-8-long","$v":"September"},{"$i":"month-9-long","$v":"Oktober"},{"$i":"month-10-long","$v":"November"},{"$i":"month-11-long","$v":"Dezember"},{"$i":"month-0-genitive","$v":"Januar"},{"$i":"month-1-genitive","$v":"Februar"},{"$i":"month-2-genitive","$v":"März"},{"$i":"month-3-genitive","$v":"April"},{"$i":"month-4-genitive","$v":"Mai"},{"$i":"month-5-genitive","$v":"Juni"},{"$i":"month-6-genitive","$v":"Juli"},{"$i":"month-7-genitive","$v":"August"},{"$i":"month-8-genitive","$v":"September"},{"$i":"month-9-genitive","$v":"Oktober"},{"$i":"month-10-genitive","$v":"November"},{"$i":"month-11-genitive","$v":"Dezember"},{"$i":"month-0-short","$v":"Jan"},{"$i":"month-1-short","$v":"Feb"},{"$i":"month-2-short","$v":"Mär"},{"$i":"month-3-short","$v":"Apr"},{"$i":"month-4-short","$v":"Mai"},{"$i":"month-5-short","$v":"Jun"},{"$i":"month-6-short","$v":"Jul"},{"$i":"month-7-short","$v":"Aug"},{"$i":"month-8-short","$v":"Sep"},{"$i":"month-9-short","$v":"Okt"},{"$i":"month-10-short","$v":"Nov"},{"$i":"month-11-short","$v":"Dez"},{"$i":"minutes-ago-long","$v":{"few":["vor ",{"t":"idOrVar","v":"value"}," Minuten"],"many":["vor ",{"t":"idOrVar","v":"value"}," Minuten"],"other":["vor ",{"t":"idOrVar","v":"value"}," Minuten"],"two":["vor ",{"t":"idOrVar","v":"value"}," Minuten"],"one":"vor einer Minute","zero":"Genau jetzt"},"$x":[{"t":"idOrVar","v":"plural"},"value"]},{"$i":"hours-ago-long","$v":{"few":["vor ",{"t":"idOrVar","v":"value"}," Stunden"],"many":["vor ",{"t":"idOrVar","v":"value"}," Stunden"],"other":["vor ",{"t":"idOrVar","v":"value"}," Stunden"],"two":["vor ",{"t":"idOrVar","v":"value"}," Stunden"],"one":"vor einer Stunde","zero":"Genau jetzt"},"$x":[{"t":"idOrVar","v":"plural"},"value"]},{"$i":"days-ago-long","$v":{"few":["vor ",{"t":"idOrVar","v":"value"}," Tagen"],"many":["vor ",{"t":"idOrVar","v":"value"}," Tagen"],"one":"gestern","other":["vor ",{"t":"idOrVar","v":"value"}," Tagen"],"two":["vor ",{"t":"idOrVar","v":"value"}," Tagen"],"zero":"heute"},"$x":[{"t":"idOrVar","v":"plural"},"value"]},{"$i":"weeks-ago-long","$v":{"few":["vor ",{"t":"idOrVar","v":"value"}," Wochen"],"many":["vor ",{"t":"idOrVar","v":"value"}," Wochen"],"one":"letzte Woche","other":["vor ",{"t":"idOrVar","v":"value"}," Wochen"],"two":["vor ",{"t":"idOrVar","v":"value"}," Wochen"],"zero":"diese Woche"},"$x":[{"t":"idOrVar","v":"plural"},"value"]},{"$i":"months-ago-long","$v":{"few":["vor ",{"t":"idOrVar","v":"value"}," Monaten"],"many":["vor ",{"t":"idOrVar","v":"value"}," Monaten"],"one":"letzter Monat","other":["vor ",{"t":"idOrVar","v":"value"}," Monaten"],"two":["vor ",{"t":"idOrVar","v":"value"}," Monaten"],"zero":"diesen Monat"},"$x":[{"t":"idOrVar","v":"plural"},"value"]},{"$i":"years-ago-long","$v":{"few":["vor ",{"t":"idOrVar","v":"value"}," Jahren"],"many":["vor ",{"t":"idOrVar","v":"value"}," Jahren"],"one":"letztes Jahr","other":["vor ",{"t":"idOrVar","v":"value"}," Jahren"],"two":["vor ",{"t":"idOrVar","v":"value"}," Jahren"],"zero":"dieses Jahr"},"$x":[{"t":"idOrVar","v":"plural"},"value"]},{"$i":"minutes-until-long","$v":{"few":["in ",{"t":"idOrVar","v":"value"}," Minuten"],"many":["in ",{"t":"idOrVar","v":"value"}," Minuten"],"other":["in ",{"t":"idOrVar","v":"value"}," Minuten"],"two":["in ",{"t":"idOrVar","v":"value"}," Minuten"],"zero":"jetzt","one":"in einer Minute"},"$x":[{"t":"idOrVar","v":"plural"},"value"]},{"$i":"hours-until-long","$v":{"few":["in ",{"t":"idOrVar","v":"value"}," Stunden"],"many":["in ",{"t":"idOrVar","v":"value"}," Stunden"],"other":["in ",{"t":"idOrVar","v":"value"}," Stunden"],"two":["in ",{"t":"idOrVar","v":"value"}," Stunden"],"zero":"jetzt","one":"in einer Stunde"},"$x":[{"t":"idOrVar","v":"plural"},"value"]},{"$i":"days-until-long","$v":{"few":["in ",{"t":"idOrVar","v":"value"}," Tagen"],"many":["in ",{"t":"idOrVar","v":"value"}," Tagen"],"one":"morgen","other":["in ",{"t":"idOrVar","v":"value"}," Tagen"],"two":["in ",{"t":"idOrVar","v":"value"}," Tagen"],"zero":"heute"},"$x":[{"t":"idOrVar","v":"plural"},"value"]},{"$i":"weeks-until-long","$v":{"few":["in ",{"t":"idOrVar","v":"value"}," Wochen"],"many":["in ",{"t":"idOrVar","v":"value"}," Wochen"],"one":"nächste Woche","other":["in ",{"t":"idOrVar","v":"value"}," Wochen"],"two":["in ",{"t":"idOrVar","v":"value"}," Wochen"],"zero":"diese Woche"},"$x":[{"t":"idOrVar","v":"plural"},"value"]},{"$i":"months-until-long","$v":{"few":["in ",{"t":"idOrVar","v":"value"}," Monaten"],"many":["in ",{"t":"idOrVar","v":"value"}," Monaten"],"one":"im nächsten Monat","other":["in ",{"t":"idOrVar","v":"value"}," Monaten"],"two":["in ",{"t":"idOrVar","v":"value"}," Monaten"],"zero":"diesen Monat"},"$x":[{"t":"idOrVar","v":"plural"},"value"]},{"$i":"years-until-long","$v":{"few":["in ",{"t":"idOrVar","v":"value"}," Jahren"],"many":["in ",{"t":"idOrVar","v":"value"}," Jahren"],"one":"nächstes Jahr","other":["in ",{"t":"idOrVar","v":"value"}," Jahren"],"two":["in ",{"t":"idOrVar","v":"value"}," Jahren"],"zero":"dieses Jahr"},"$x":[{"t":"idOrVar","v":"plural"},"value"]},{"$i":"minutes-ago-short","$v":{"other":["vor ",{"t":"idOrVar","v":"value"}," Std."],"zero":"Genau jetzt"},"$x":[{"t":"idOrVar","v":"plural"},"value"]},{"$i":"hours-ago-short","$v":{"other":["vor ",{"t":"idOrVar","v":"value"}," Std."],"zero":"Genau jetzt"},"$x":[{"t":"idOrVar","v":"plural"},"value"]},{"$i":"days-ago-short","$v":{"other":["vor ",{"t":"idOrVar","v":"value"}," Tag"],"zero":"heute"},"$x":[{"t":"idOrVar","v":"plural"},"value"]},{"$i":"minutes-until-short","$v":{"other":["in ",{"t":"idOrVar","v":"value"}," Min."],"zero":"jetzt"},"$x":[{"t":"idOrVar","v":"plural"},"value"]},{"$i":"hours-until-short","$v":{"other":["in ",{"t":"idOrVar","v":"value"}," Std."],"zero":"jetzt"},"$x":[{"t":"idOrVar","v":"plural"},"value"]},{"$i":"days-until-short","$v":{"other":["in ",{"t":"idOrVar","v":"value"}," Tag"],"zero":"heute"},"$x":[{"t":"idOrVar","v":"plural"},"value"]},{"$i":"dateTimeFormat_%c","$v":"%a %b %e %Y %I:%M:%S %p"},{"$i":"dateTimeFormat_%x","$v":"%m/%d/%Y"},{"$i":"dateTimeFormat_%X","$v":"%I:%M:%S %p"},{"$i":"shortTimeFormat","$v":"%I:%M %p"},{"$i":"shortTimeFormat12","$v":"%I:%M %p"},{"$i":"shortTimeFormat24","$v":"%H:%M"},{"$i":"shortDateTimeFormat","$v":"%x %I:%M %p"},{"$i":"weekStartsOnMonday","$v":"0.0"},{"$i":"firstDayOfTheWeek","$v":"1.0"},{"$i":"time_am","$v":"AM"},{"$i":"time_pm","$v":"PM"},{"$i":"softkey-options","$v":"Optionen"},{"$i":"emergencyNumber","$v":"Notrufnummer"},{"$i":"callAirplaneModeMessage","$v":"Um einen Anruf zu tätigen, müssen Sie den Flugmodus unter „Einstellungen“ deaktivieren."},{"$i":"callAirplaneModeBtnOk","$v":"OK"},{"$i":"callAirplaneModeTitle","$v":"Flugmodus aktiviert"},{"$i":"numberIsBusyTitle","$v":"Rufnummer ist besetzt"},{"$i":"numberIsBusyMessage","$v":"Die gewählte Rufnummer ist momentan besetzt. Versuchen Sie es später erneut."},{"$i":"fdnIsActiveTitle","$v":"Rufnummernbeschränkung aktiv"},{"$i":"fdnIsActiveMessage","$v":["Rufnummernbeschränkung (Fixed Dialing Numbers, FDN) ist aktiviert und folgende Nummer ist nicht in Ihrer FDN-Liste enthalten: ",{"t":"idOrVar","v":"number"}]},{"$i":"emergencyDialogBodyBadNumber","$v":"Um einen Anruf zu tätigen, muss das Telefon mit einem Netzwerk verbunden sein."},{"$i":"emergencyDialogBodyDeviceNotAccepted","$v":"Notrufe werden vom Netzwerk nicht gestattet."},{"$i":"emergencyDialogBtnOk","$v":"OK"},{"$i":"emergencyDialogTitle","$v":"Keine Netzwerkverbindung"},{"$i":"invalidNumberToDialTitle","$v":"Ungültige Telefonnummer"},{"$i":"invalidNumberToDialMessage","$v":"Die von Ihnen gewählte Telefonnummer ist ungültig."},{"$i":"unableToCallTitle","$v":"Anrufen nicht möglich"},{"$i":"unableToCallMessage","$v":"Es kann derzeit kein Telefonanruf getätigt werden."},{"$i":"otherConnectionInUseTitle","$v":"Andere Verbindung aktiv"},{"$i":"otherConnectionInUseMessage","$v":"Sie haben einen aktiven Anruf auf einer anderen Verbindung. Sie können nur eine Verbindung zur Zeit verwenden."},{"$i":"connectingEllipsis","$v":"Verbindung wird hergestellt..."}]