[{"$i":"messages","$v":"Mensajes"},{"$i":"deleteMessages-title","$v":"Selec."},{"$i":"selectThreads-title","$v":"Selec."},{"$i":"edit","$v":"Editar"},{"$i":"back","$v":"Volver"},{"$i":"cancel","$v":"Cancelar"},{"$i":"delete","$v":"Eliminar"},{"$i":"deleting-messages","$v":"Eliminando..."},{"$i":"deselect","$v":"Desmarcar"},{"$i":"selected-threads","$v":{"few":[{"t":"idOrVar","v":"n"}," seleccionados"],"many":[{"t":"idOrVar","v":"n"}," seleccionados"],"one":[{"t":"idOrVar","v":"n"}," seleccionados"],"other":[{"t":"idOrVar","v":"n"}," seleccionados"],"two":[{"t":"idOrVar","v":"n"}," seleccionados"],"zero":"0 seleccionados"},"$x":[{"t":"idOrVar","v":"plural"},"n"]},{"$i":"selected-messages","$v":{"few":[{"t":"idOrVar","v":"n"}," Seleccionado"],"many":[{"t":"idOrVar","v":"n"}," Seleccionado"],"one":[{"t":"idOrVar","v":"n"}," Seleccionado"],"other":[{"t":"idOrVar","v":"n"}," Seleccionado"],"two":[{"t":"idOrVar","v":"n"}," Seleccionado"],"zero":"0 seleccionado"},"$x":[{"t":"idOrVar","v":"plural"},"n"]},{"$i":"selectThreads-label","$v":"Seleccionar hilos"},{"$i":"selectMessages-label","$v":"Seleccionar mensajes"},{"$i":"new-message","$v":"Nuevo"},{"$i":"delete-thread","$v":"Eliminar hilo"},{"$i":"create-new-contact","$v":"Crear contacto nuevo"},{"$i":"add-to-contact","$v":"Añadir a contacto existente"},{"$i":"select-thread","$v":"Seleccionar hilo"},{"$i":"settings","$v":"Ajustes"},{"$i":"select-all","$v":"Todas"},{"$i":"deselect-all","$v":"Ninguno"},{"$i":"select","$v":"Selec."},{"$i":"sk-save-as-draft","$v":"Guardar como borrador"},{"$i":"next","$v":"Siguiente"},{"$i":"send","$v":"Enviar"},{"$i":"add-contact","$v":"Añadir"},{"$i":"add-suggestion","$v":"Selec."},{"$i":"add-subject","$v":"Añadir asunto"},{"$i":"remove-subject","$v":"Eliminar asunto"},{"$i":"add-attachment","$v":"Añadir adjunto"},{"$i":"remove-attachment","$v":"Remover adjunto"},{"$i":"replace-attachment","$v":"Reemplazar adjunto"},{"$i":"select-messages","$v":"Seleccionar mensajes"},{"$i":"call","$v":"Llamar"},{"$i":"forward","$v":"Adelante"},{"$i":"view-message-report","$v":"Ver detalles del mensaje"},{"$i":"cancel-view-report","$v":"Cancelar"},{"$i":"ok","$v":"OK"},{"$i":"enter","$v":"Ingresar"},{"$i":"open","$v":"Abrir"},{"$i":"to","$v":"Para"},{"$i":"new","$v":"Nuevo"},{"$i":"message","$v":"Mensaje"},{"$i":"messagesInput_placeholder","$v":"Mensaje"},{"$i":"messagesSubjectInput_placeholder","$v":"Asunto"},{"$i":"subjectComposerInput_placeholder","$v":"Asunto"},{"$i":"converted-to-mms","$v":"Convertir a mensaje multimedia."},{"$i":"converted-to-sms","$v":"Convertir a mensaje de texto"},{"$i":"messages-max-length-text","$v":"Ha alcanzado el largo máximo."},{"$i":"messages-max-subject-length-text","$v":"Se ha alcanzado el largo máximo del asunto."},{"$i":"multimedia-message-exceeded-max-length","$v":["Este mensaje sobrepasa el límite de tamaño de ",{"t":"idOrVar","v":"mmsSize"}," MB para un mensaje multimedia."]},{"$i":"newMessage","$v":"Mensaje nuevo"},{"$i":"sendMessage","$v":"Enviar mensaje"},{"$i":"sendMMSToEmail","$v":"Enviar mensaje multimedio"},{"$i":"no-recipient","$v":"(Sin receptor)"},{"$i":"recipient","$v":{"few":[{"t":"idOrVar","v":"n"}," receptores"],"many":[{"t":"idOrVar","v":"n"}," receptores"],"one":[{"t":"idOrVar","v":"n"}," receptor"],"other":[{"t":"idOrVar","v":"n"}," receptores"],"two":[{"t":"idOrVar","v":"n"}," receptores"]},"$x":[{"t":"idOrVar","v":"plural"},"n"]},{"$i":"attachmentSizeB","$v":[{"t":"idOrVar","v":"n"}," B"]},{"$i":"attachmentSizeKB","$v":[{"t":"idOrVar","v":"n"}," KB"]},{"$i":"attachmentSizeMB","$v":[{"t":"idOrVar","v":"n"}," MB"]},{"$i":"attachmentOpenError","$v":"No hay una aplicación disponible para abrir este tipo de archivo."},{"$i":"attachmentNotFile","$v":"No se ha encontrado este archivo."},{"$i":"remove","$v":"Quitar"},{"$i":"participant","$v":{"few":[{"t":"idOrVar","v":"n"}," participantes"],"many":[{"t":"idOrVar","v":"n"}," participantes"],"one":[{"t":"idOrVar","v":"n"}," participante"],"other":[{"t":"idOrVar","v":"n"}," participantes"],"two":[{"t":"idOrVar","v":"n"}," participantes"]},"$x":[{"t":"idOrVar","v":"plural"},"n"]},{"$i":"message-report","$v":"Informe de mensaje"},{"$i":"message-type-sms","$v":"Mensaje de texto (SMS)"},{"$i":"message-type-mms","$v":"Mensaje multimedia (MMS)"},{"$i":"sms-report-description","$v":["Su Mensaje de texto (SMS), se envió el ",{"t":"idOrVar","v":"datetime"}]},{"$i":"mms-report-description","$v":["Su Mensaje multimedio (MMS), asunto ",{"t":"idOrVar","v":"subject"},", se envió el ",{"t":"idOrVar","v":"datetime"}]},{"$i":"mms-no-subject-report-description","$v":["Su Mensaje multimedio (MMS), se envió el ",{"t":"idOrVar","v":"datetime"}]},{"$i":"message-subject","$v":"Asunto:"},{"$i":"report-status-error","$v":"No se pudo enviar el mensaje"},{"$i":"report-status-not-downloaded","$v":"no descargado"},{"$i":"report-status-delivered","$v":"Entregado:"},{"$i":"report-status-read","$v":"Leer:"},{"$i":"report-status-pending","$v":"Informe solicitado"},{"$i":"report-status-rejected","$v":"Mensaje rechazado"},{"$i":"message-size-was","$v":"Tamaño del mensaje:"},{"$i":"report-to-title","$v":"Para"},{"$i":"report-from-title","$v":"Desde"},{"$i":"message-sent","$v":"Enviado:"},{"$i":"message-sending","$v":[{"t":"idOrVar","v":"message-delivery-status-sending"}]},{"$i":"message-received","$v":"Recibido:"},{"$i":"message-via","$v":"Por medio de:"},{"$i":"message-resend","$v":"Volver a enviar"},{"$i":"search","$v":"Buscar"},{"$i":"unknown-contact-title","$v":"Contacto desconocido"},{"$i":"phone-type-separator","$v":", "},{"$i":"phone-carrier-separator","$v":" "},{"$i":"thread-participant-separator","$v":", "},{"$i":"replace-draft","$v":"Reemplazar borrador existente"},{"$i":"save-as-draft","$v":"Guardar"},{"$i":"discard-message","$v":"Descartar"},{"$i":"discard-sms","$v":"¿Está seguro que desea descartar este mensaje?"},{"$i":"discard-new-message","$v":"¿Descartar el mensaje que está redactando y abrir el mensaje nuevo?"},{"$i":"resend-confirmation","$v":"No se pudo enviar el mensaje ¿Intentar de nuevo?"},{"$i":"resend-message","$v":"Volver a enviar este mensaje"},{"$i":"deleteMessage-confirmation","$v":"¿Eliminar el mensaje seleccionado?"},{"$i":"deleteMessages-confirmation","$v":"¿Eliminar los mensajes seleccionados?"},{"$i":"deleteThreads-confirmation2","$v":{"one":"¿Eliminar el hilo de mensaje?","other":"¿Eliminar los hilos de mensaje seleccionado?"},"$x":[{"t":"idOrVar","v":"plural"},"n"]},{"$i":"new-message-notice-text","$v":"Mensaje nuevo desde"},{"$i":"new-message-notice-a-text","$v":"Leerlo"},{"$i":"noMessages-title","$v":"Sin mensajes"},{"$i":"noMessages-text","$v":"Pulse Nuevo para iniciar la comunicación."},{"$i":"sendDefaultErrorTitle","$v":"Mensaje no encontrado"},{"$i":"sendDefaultErrorBody","$v":"Hubo un problema al enviar el mensaje. Inténtelo de nuevo."},{"$i":"sendDefaultErrorBtnOk","$v":"OK"},{"$i":"sendMissingSimCardTitle","$v":"Mensaje no encontrado"},{"$i":"sendMissingSimCardBody","$v":"Insertar una tarjeta SIM válida para continuar."},{"$i":"sendMissingSimCardBtnOk","$v":"OK"},{"$i":"sendFlightModeTitle","$v":"Mensaje no encontrado"},{"$i":"sendFlightModeBody","$v":"Apagar el Modo de avión para enviar mensajes."},{"$i":"sendFlightModeBtnOk","$v":"OK"},{"$i":"radioDisabledToDownloadTitle","$v":"Error de descarga"},{"$i":"radioDisabledToDownloadBody","$v":"Apagar el Modo de avión para descargar adjuntos."},{"$i":"radioDisabledToDownloadBtnOk","$v":[{"t":"idOrVar","v":"sendFlightModeBtnOk"}]},{"$i":"downloadDefaultErrorTitle","$v":"Error de descarga"},{"$i":"downloadDefaultErrorBody","$v":"Se ha producido un problema al descargar el mensaje. Inténtelo de nuevo."},{"$i":"downloadDefaultErrorBtnOk","$v":[{"t":"idOrVar","v":"sendDefaultErrorBtnOk"}]},{"$i":"fdnErrorTitle","$v":"Mensaje no encontrado"},{"$i":"needConnectWifiBody","$v":["No hay red móvil disponible. Conéctese a una red ",{"t":"idOrVar","v":"Wi-Fi"}," disponible para enviar mensajes."]},{"$i":"needConnectWifiTitle","$v":"Mensaje no enviado"},{"$i":"mmsChanelUsedBody","$v":"Se está enviando un mensaje MMS a través de un “non-DDS sub”, espere a que se complete el proceso de envío."},{"$i":"mmsChanelUsedTitle","$v":"Canal MMS utilizado"},{"$i":"sms-counter-notice-label","$v":["Editando SMS ",{"t":"idOrVar","v":"number"}]},{"$i":"fdnErrorBody","$v":{"one":"FDN (Fixed Dialing Numbers) is activated. Make sure the SMS center and the following recipient are in your FDN list.","two":"FDN (Fixed Dialing Numbers) is activated. Make sure the SMS center and the following recipients are in your FDN list.","few":"FDN (Fixed Dialing Numbers) is activated. Make sure the SMS center and the following recipients are in your FDN list.","many":"FDN (Fixed Dialing Numbers) is activated. Make sure the SMS center and the following recipients are in your FDN list.","other":"FDN (Fixed Dialing Numbers) is activated. Make sure the SMS center and the following recipients are in your FDN list."},"$x":[{"t":"idOrVar","v":"plural"},"n"]},{"$i":"fdnErrorBtnOk","$v":"OK"},{"$i":"sendNoSignalErrorTitle","$v":"Mensaje no encontrado"},{"$i":"sendNoSignalErrorBody","$v":"No hay señal móvil, inténtelo de nuevo."},{"$i":"sendNoSignalErrorBtnOk","$v":"OK"},{"$i":"sendNotFoundErrorTitle","$v":"Mensaje no encontrado"},{"$i":"sendNotFoundErrorBody","$v":"El mensaje que está buscando ya no está disponible."},{"$i":"sendNotFoundErrorBtnOk","$v":"OK"},{"$i":"sendInvalidAddressErrorTitle","$v":"Mensaje no encontrado"},{"$i":"sendInvalidAddressErrorBody","$v":"Asegúrese de que el número móvil que está enviando sea válido."},{"$i":"sendInvalidAddressErrorBtnOk","$v":"OK"},{"$i":"simNotMatchedErrorTitle","$v":"No se puede descargar"},{"$i":"simNotMatchedErrorBody","$v":"Asegúrese de que la tarjeta SIM insertada es la que usó para recibir este mensaje."},{"$i":"simNotMatchedErrorBtnOk","$v":"OK"},{"$i":"netWorkErrorTitle","$v":"Fallo de red"},{"$i":"netWorkErrorBody","$v":"Error de red. Compruebe su conexión de red."},{"$i":"netWorkErrorBtnOk","$v":"OK"},{"$i":"deleted-sms","$v":"Este mensaje ya se ha eliminado."},{"$i":"view-attachment-image","$v":"Ver"},{"$i":"view-attachment-audio","$v":"Escuchar"},{"$i":"view-attachment-video","$v":"Ver"},{"$i":"view-attachment-other","$v":"Ver"},{"$i":"remove-attachment-image","$v":"Remover imagen"},{"$i":"remove-attachment-audio","$v":"Remover audio"},{"$i":"remove-attachment-video","$v":"Remover video"},{"$i":"remove-attachment-other","$v":"Remover adjunto"},{"$i":"replace-attachment-image","$v":"Reemplazar imagen"},{"$i":"replace-attachment-audio","$v":"Reemplazar audio"},{"$i":"replace-attachment-video","$v":"Reemplazar video"},{"$i":"replace-attachment-other","$v":"Reemplazar adjunto"},{"$i":"unsent-message-title","$v":"Mensaje no enviado"},{"$i":"unsent-message-description","$v":"No se envió su mensaje anterior. ¿Desea editar el mensaje no enviado o descartarlo y continuar?"},{"$i":"unsent-message-option-edit","$v":"Editar"},{"$i":"unsent-message-option-discard","$v":"Descartar"},{"$i":"message-options","$v":"Opciones de mensaje"},{"$i":"select-text","$v":"Seleccionar texto"},{"$i":"mobile","$v":"Móvil"},{"$i":"home","$v":"Casa"},{"$i":"work","$v":"Trabajo"},{"$i":"personal","$v":"Personal"},{"$i":"faxHome","$v":"Fax de casa"},{"$i":"faxOffice","$v":"Fax de la oficina"},{"$i":"faxOther","$v":"Otro fax"},{"$i":"another","$v":"Otro"},{"$i":"other","$v":"Otros"},{"$i":"today","$v":"Hoy"},{"$i":"yesterday","$v":"Ayer"},{"$i":"incorrectDate","$v":"(fecha incorrecta)"},{"$i":"addToExistingContact","$v":"Añadir a Contacto existente"},{"$i":"createNewContact","$v":"Crear Contacto nuevo"},{"$i":"viewContact","$v":"Ver contacto"},{"$i":"sendEmail","$v":"Enviar correo electrónico"},{"$i":"mms-message","$v":"Mensaje MMS"},{"$i":"notDownloaded-title","$v":"El mensaje no se está descargando aún."},{"$i":"tobedownloaded-attachment","$v":["Recibió un mensaje multimedia. Presione Descargar para descargar el contenido antes del ",{"t":"idOrVar","v":"date"},"."]},{"$i":"expired-attachment","$v":["El mensaje venció el ",{"t":"idOrVar","v":"date"},"  y no puede descargarse."]},{"$i":"download-attachment","$v":"Descargar"},{"$i":"downloading-attachment","$v":"Descargando..."},{"$i":"download-complete","$v":"Descarga completa"},{"$i":"unnamed-attachment","$v":"sin título"},{"$i":"mms-label","$v":"MMS"},{"$i":"not-download-label","$v":"Ha recibido un mensaje multimedia; descárguelo para recuperar su contenido antes"},{"$i":"attachment-label","$v":"Adjuntos"},{"$i":"attached-files-too-large","$v":{"few":["Estos mensajes superan el tamaño de ",{"t":"idOrVar","v":"mmsSize"}," MB para un sólo mensaje multimedia."],"many":["Estos mensajes superan el tamaño de ",{"t":"idOrVar","v":"mmsSize"}," MB para un sólo mensaje multimedia."],"one":["Este mensaje sobrepasa el límite de tamaño de ",{"t":"idOrVar","v":"mmsSize"}," MB para un mensaje multimedia."],"other":["Estos mensajes superan el tamaño de ",{"t":"idOrVar","v":"mmsSize"}," MB para un sólo mensaje multimedia."],"two":["Estos mensajes superan el tamaño de ",{"t":"idOrVar","v":"mmsSize"}," MB para un sólo mensaje multimedia."],"zero":["Estos mensajes superan el tamaño de ",{"t":"idOrVar","v":"mmsSize"}," MB para un sólo mensaje multimedia."]},"$x":[{"t":"idOrVar","v":"plural"},"n"]},{"$i":"resize-image","$v":"Dimensionando la imagen adjunta"},{"$i":"no-attachment-text","$v":"Existe un problema con el archivo adjunto y no puede descargarse."},{"$i":"message-draft-saved","$v":"Mensaje guardado como borrador"},{"$i":"sim-id-label","$v":[{"t":"idOrVar","v":"id"}," de la SIM"]},{"$i":"sim-detail","$v":["SIM ",{"t":"idOrVar","v":"id"},", ",{"t":"idOrVar","v":"detailString"}]},{"$i":"dsds-notification-title-with-sim","$v":["(",{"t":"idOrVar","v":"sim"},") ",{"t":"idOrVar","v":"sender"}]},{"$i":"send-button","ariaLabel":"Enviar"},{"$i":"send-button-sim-indication","$v":[{"t":"idOrVar","v":"n"}],"ariaLabel":["utilizando el SIM ",{"t":"idOrVar","v":"n"}]},{"$i":"expiry-date-format","$v":"%A, %b %e"},{"$i":"attach-button","ariaLabel":"Añadir adjunto"},{"$i":"contact-photo","ariaLabel":"Fotografía de contacto"},{"$i":"unread-thread","ariaLabel":"No leído"},{"$i":"has-draft","ariaLabel":"Tiene borrador"},{"$i":"is-draft","ariaLabel":"Borrador"},{"$i":"message-delivery-status-sending","$v":"Enviando..."},{"$i":"message-delivery-status-delivered","$v":"Delivered"},{"$i":"message-delivery-status-read","ariaLabel":"Leer"},{"$i":"message-delivery-status-error","ariaLabel":"Error"},{"$i":"modal-dialog-ok-button","$v":"OK"},{"$i":"modal-dialog-cancel-button","$v":"Cancelar"},{"$i":"modal-dialog-default-title","$v":"Mensajes"},{"$i":"delete-message","$v":"Mensaje eliminado"},{"$i":"message-converted-to-toast","$v":["Mensaje convertido a ",{"t":"idOrVar","v":"type"}]},{"$i":"message-sent-toast","$v":"Mensaje enviado"},{"$i":"deleteMessage-confirmation2","$v":"¿Eliminar el hilo de mensaje?"},{"$i":"deleted-message","$v":{"few":[{"t":"idOrVar","v":"n"}," mensajes eliminados"],"many":[{"t":"idOrVar","v":"n"}," mensajes eliminados"],"one":[{"t":"idOrVar","v":"n"}," mensaje eliminado"],"other":[{"t":"idOrVar","v":"n"}," mensajes eliminados"],"two":[{"t":"idOrVar","v":"n"}," mensajes eliminados"],"zero":"0 mensaje eliminado"},"$x":[{"t":"idOrVar","v":"plural"},"n"]},{"$i":"deleted-threads","$v":{"few":[{"t":"idOrVar","v":"n"}," hilos de mensajes eliminados"],"many":[{"t":"idOrVar","v":"n"}," hilos de mensajes eliminados"],"one":"Hilo eliminado","other":[{"t":"idOrVar","v":"n"}," hilos de mensajes eliminados"],"two":[{"t":"idOrVar","v":"n"}," hilos de mensajes eliminados"],"zero":"0 Hilo eliminado"},"$x":[{"t":"idOrVar","v":"plural"},"n"]},{"$i":"wapPushMessages","$v":"Mensajes de reenvío WAP"},{"$i":"auto-retrieve-messages","$v":"Recuperación de mensajes automática"},{"$i":"auto-retrieve-messages-title","$v":"Recuperar mensajes automáticamente"},{"$i":"auto-roaming-retrieve","$v":"Encendido con itinerancia"},{"$i":"auto-no-roaming-retrieve","$v":"Encendido sin itinerancia"},{"$i":"mmsTitle","$v":"Mensajes multimedia (MMS)"},{"$i":"message-delivery-reports","$v":"Informe de entrega"},{"$i":"message-delivery-reports-title","$v":"Informe de entrega"},{"$i":"messageReport-title","$v":"Detalles del mensaje"},{"$i":"sms-label","$v":"SMS"},{"$i":"messaging-settings","$v":"Ajustes de mensajería"},{"$i":"messagingSettings-header","$v":[{"t":"idOrVar","v":"messaging-settings"}]},{"$i":"confirmation-title","$v":"Confirmación"},{"$i":"draft-save-content","$v":"¿Desea guardarlo como borrador?"},{"$i":"draft-discard-content","$v":"Mensaje descartado"},{"$i":"switch-on","$v":"Encendido"},{"$i":"switch-off","$v":"Apagado"},{"$i":"auto-retrieve-desc","$v":"Recuperar mensajes automáticamente"},{"$i":"confirm-dialog-ok","$v":"OK"},{"$i":"yes","$v":"Sí"},{"$i":"no","$v":"No"},{"$i":"delete-current-thread?","$v":"¿Eliminar el hilo de mensaje?"},{"$i":"attention","$v":"Atención"},{"$i":"delivery-title","$v":"Mensajes de texto (SMS)"},{"$i":"send-failed","$v":"Error de envío."},{"$i":"subject-removed","$v":"Asunto eliminado."},{"$i":"data-storage-limit-alert-title","$v":"Almacenamiento del teléfono lleno"},{"$i":"data-storage-limit-send-body","$v":"No se ha podido enviar el MMS. Elimine mensajes o acceda a Ajustes para liberar espacio."},{"$i":"data-storage-limit-download-body","$v":"No se ha podido descargar el MMS. Elimine mensajes o acceda a Ajustes para liberar espacio."},{"$i":"data-storage-limit-attachment-body","$v":"No se ha podido añadir archivo adjunto. Elimine el mensaje o ingrese a los ajustes para liberar espacio."},{"$i":"data-storage-limit-alert-cancel","$v":"Cancelar"},{"$i":"data-storage-limit-alert-setting","$v":"Ajustes"},{"$i":"recipient-repeat","$v":"Duplicar contacto."},{"$i":"email","$v":"Correo electrónico"},{"$i":"options","$v":"Opciones"},{"$i":"emergency-alert-title","$v":"Alertas de emergencia inalámbricas"},{"$i":"emergency-alert","$v":"Alertas de emergencia inalámbricas"},{"$i":"wappushNormal","$v":"Mensajes de difusión"},{"$i":"wappushSIM1","$v":"Mensajes de difusión - SIM 1"},{"$i":"wappushSIM2","$v":"Mensajes de difusión - SIM 2"},{"$i":"not-assigned","$v":"No asignado"},{"$i":"switchSIMDataSendAlertTitle","$v":"No se ha podido enviar el MMS."},{"$i":"switchSIMDataSendAlertBody","$v":["Para poder enviar MMS, deberá cambiar la tarjeta SIM para datos a la SIM ",{"t":"idOrVar","v":"nonActiveSimId"}," en los ajustes del gestor de la SIM."]},{"$i":"switchSIMDataSendAlertDesc","$v":"Para actualizar los ajustes, ingrese a la aplicación Ajustes."},{"$i":"switchSIMDataReceiveAlertTitle","$v":"No se ha podido recibir el MMS."},{"$i":"switchSIMDataReceiveAlertBody","$v":["Para poder recibir MMS, deberá cambiar la tarjeta SIM para datos a la SIM ",{"t":"idOrVar","v":"nonActiveSimId"}," en los ajustes del gestor de la SIM."]},{"$i":"switchSIMDataReceiveAlertDesc","$v":"Para actualizar los ajustes, ingrese a la aplicación Ajustes."},{"$i":"group-message","$v":"Mensaje de grupo"},{"$i":"individual-message","$v":"Mensaje individual"},{"$i":"group-message-alert-title","$v":"Mensaje de grupo"},{"$i":"group-message-alert-body","$v":"¿Desea crear un mensaje de grupo? (El mensaje de grupo se enviará a través de MMS y comportará cargos adicionales del proveedor de servicios inalámbricos según el plan de servicios)."},{"$i":"group-message-individual","$v":"No"},{"$i":"group-message-setting","$v":"Crear"},{"$i":"new-message-individual","$v":"Nuevo mensaje (individual)"},{"$i":"new-message-group","$v":"Nuevo mensaje (grupo)"},{"$i":"device-phone-number","$v":"Mi número de teléfono"},{"$i":"group-message-phone","$v":"Mensajes de grupo"},{"$i":"my-phone-number-SIM1","$v":"Mi número de teléfono: SIM 1"},{"$i":"my-phone-number-SIM2","$v":"Mi número de teléfono: SIM 2"},{"$i":"delivery-notification","$v":"Mensaje entregado"},{"$i":"wait","$v":"esperando"},{"$i":"isTextTooLongAlert","$v":"Se ha superado la longitud máxima del mensaje."},{"$i":"video-call","$v":"Videollamada"},{"$i":"normal-call","$v":"Llamada"},{"$i":"attachment","$v":"Adjuntos"},{"$i":"limit-MMS-recipients","$v":"Sólo se puede enviar un MMS a 20 destinatarios a la vez."},{"$i":"block-contact","$v":"Bloquear contacto"},{"$i":"blocked","$v":"Bloquear"},{"$i":"unblocked","$v":"Desbloquear"},{"$i":"rtt-call","$v":"Llamada RTT"},{"$i":"remove-all-attachments","$v":"Eliminar todos los adjuntos"},{"$i":"block-confirmation","$v":"No recibirá llamadas ni mensajes de las personas que se encuentren en la lista de bloqueos."},{"$i":"space-low-not-save","$v":"Memoria llena; no se puede guardar el borrador."},{"$i":"creation-mode-messages","$v":"Modo de creación"},{"$i":"creation-mode-restricted","$v":"Restringido"},{"$i":"creation-mode-warning","$v":"Advertencia"},{"$i":"creation-mode-free","$v":"Libre"},{"$i":"creationMode_restricted_title","$v":"límite de modo de creación"},{"$i":"creationMode_restricted_alert","$v":"El modo de creación está restringido: no puede agregar el adjunto que no pertenece al dominio Core MM Content Domain."},{"$i":"creationMode_warning_title","$v":"advertencia de modo de creación"},{"$i":"creationMode_warning_alert","$v":"¿Confirma que desea añadir el adjunto que no pertenece al domino Core MM Content Domain?"},{"$i":"withoutDataTitle","$v":"No hay conexión de datos"},{"$i":"withoutDataBody","$v":"Active la Conexión de datos en Ajustes para enviar o descargar MMS"},{"$i":"withoutDataBtnOk","$v":"OK"},{"$i":"withoutDataBtnSettings","$v":"Ajustes"},{"$i":"FTUTitle","$v":"Le damos la bienvenida a Mensajes."},{"$i":"FTUBody","$v":"Debe proporcionar el número de teléfono para usar mensajes de grupo."},{"$i":"myNumber","$v":"Mi número de teléfono"},{"$i":"myNumber-SIM1","$v":"Mi número de teléfono: SIM 1"},{"$i":"myNumber-SIM2","$v":"Mi número de teléfono: SIM 2"},{"$i":"save-number","$v":"Guardar"},{"$i":"input-alert-show","$v":"Este es su número de teléfono."},{"$i":"input-alert-reInput","$v":"Debe proporcionar el número de teléfono para usar mensajes de grupo."},{"$i":"multiple-recipients-flag","$v":",..."},{"$i":"parent-control-text","$v":"El número está bloqueado. Puede pedir permiso a sus padres."},{"$i":"groupNumberInputOne-placeholder","$v":"Mi número de teléfono: SIM 1"},{"$i":"groupNumberInputOne","$v":"Mi número de teléfono"},{"$i":"groupNumberInputTwo-placeholder","$v":"Mi número de teléfono: SIM 2"},{"$i":"groupNumberInputTwo","$v":"Mi número de teléfono"},{"$i":"custom-message-sent","$v":["Se ha respondido a ",{"t":"idOrVar","v":"name"}]},{"$i":"colon","$v":":"},{"$i":"sms-encoding-mode","$v":"Codificación Sms"},{"$i":"sms-reduced-format","$v":"Formato reducido"},{"$i":"sms-full-format","$v":"Formato completo"},{"$i":"smscNormal","$v":"Centro de servicio"},{"$i":"smscSIM1","$v":"Centro de servicio SIM1"},{"$i":"smscSIM2","$v":"Centro de servicio SIM2"},{"$i":"weekday-0-long","$v":"Domingo"},{"$i":"weekday-1-long","$v":"Lunes"},{"$i":"weekday-2-long","$v":"Martes"},{"$i":"weekday-3-long","$v":"Miércoles"},{"$i":"weekday-4-long","$v":"Jueves"},{"$i":"weekday-5-long","$v":"Viernes"},{"$i":"weekday-6-long","$v":"Sábado"},{"$i":"weekday-0-short","$v":"dom."},{"$i":"weekday-1-short","$v":"lun."},{"$i":"weekday-2-short","$v":"mar."},{"$i":"weekday-3-short","$v":"mié."},{"$i":"weekday-4-short","$v":"jue."},{"$i":"weekday-5-short","$v":"vie."},{"$i":"weekday-6-short","$v":"sáb."},{"$i":"month-0-long","$v":"Enero"},{"$i":"month-1-long","$v":"Febrero"},{"$i":"month-2-long","$v":"Marzo"},{"$i":"month-3-long","$v":"Abril"},{"$i":"month-4-long","$v":"May"},{"$i":"month-5-long","$v":"Junio"},{"$i":"month-6-long","$v":"Julio"},{"$i":"month-7-long","$v":"Agosto"},{"$i":"month-8-long","$v":"Septiembre"},{"$i":"month-9-long","$v":"Octubre"},{"$i":"month-10-long","$v":"Noviembre"},{"$i":"month-11-long","$v":"Diciembre"},{"$i":"month-0-genitive","$v":"Enero"},{"$i":"month-1-genitive","$v":"Febrero"},{"$i":"month-2-genitive","$v":"Marzo"},{"$i":"month-3-genitive","$v":"Abril"},{"$i":"month-4-genitive","$v":"May"},{"$i":"month-5-genitive","$v":"Junio"},{"$i":"month-6-genitive","$v":"Julio"},{"$i":"month-7-genitive","$v":"Agosto"},{"$i":"month-8-genitive","$v":"Septiembre"},{"$i":"month-9-genitive","$v":"Octubre"},{"$i":"month-10-genitive","$v":"Noviembre"},{"$i":"month-11-genitive","$v":"Diciembre"},{"$i":"month-0-short","$v":"Ene"},{"$i":"month-1-short","$v":"Feb"},{"$i":"month-2-short","$v":"Mar"},{"$i":"month-3-short","$v":"Abr"},{"$i":"month-4-short","$v":"May"},{"$i":"month-5-short","$v":"Jun"},{"$i":"month-6-short","$v":"Jul"},{"$i":"month-7-short","$v":"Ago"},{"$i":"month-8-short","$v":"Sep"},{"$i":"month-9-short","$v":"Oct"},{"$i":"month-10-short","$v":"Nov"},{"$i":"month-11-short","$v":"Dec"},{"$i":"minutes-ago-long","$v":{"few":["hace ",{"t":"idOrVar","v":"value"}," minutos"],"many":["hace ",{"t":"idOrVar","v":"value"}," minutos"],"other":["hace ",{"t":"idOrVar","v":"value"}," minutos"],"two":["hace ",{"t":"idOrVar","v":"value"}," minutos"],"one":"hace un minuto","zero":"Justo ahora"},"$x":[{"t":"idOrVar","v":"plural"},"value"]},{"$i":"hours-ago-long","$v":{"few":["hace ",{"t":"idOrVar","v":"value"}," horas"],"many":["hace ",{"t":"idOrVar","v":"value"}," horas"],"other":["hace ",{"t":"idOrVar","v":"value"}," horas"],"two":["hace ",{"t":"idOrVar","v":"value"}," horas"],"one":"hace una hora","zero":"Justo ahora"},"$x":[{"t":"idOrVar","v":"plural"},"value"]},{"$i":"days-ago-long","$v":{"few":["hace ",{"t":"idOrVar","v":"value"}," días"],"many":["hace ",{"t":"idOrVar","v":"value"}," días"],"one":"ayer","other":["hace ",{"t":"idOrVar","v":"value"}," días"],"two":["hace ",{"t":"idOrVar","v":"value"}," días"],"zero":"hoy"},"$x":[{"t":"idOrVar","v":"plural"},"value"]},{"$i":"weeks-ago-long","$v":{"few":["hace ",{"t":"idOrVar","v":"value"}," semanas"],"many":["hace ",{"t":"idOrVar","v":"value"}," semanas"],"one":"la semana pasada","other":["hace ",{"t":"idOrVar","v":"value"}," semanas"],"two":["hace ",{"t":"idOrVar","v":"value"}," semanas"],"zero":"esta semana"},"$x":[{"t":"idOrVar","v":"plural"},"value"]},{"$i":"months-ago-long","$v":{"few":["hace ",{"t":"idOrVar","v":"value"}," meses"],"many":["hace ",{"t":"idOrVar","v":"value"}," meses"],"one":"el último mes","other":["hace ",{"t":"idOrVar","v":"value"}," meses"],"two":["hace ",{"t":"idOrVar","v":"value"}," meses"],"zero":"este mes"},"$x":[{"t":"idOrVar","v":"plural"},"value"]},{"$i":"years-ago-long","$v":{"few":["hace ",{"t":"idOrVar","v":"value"}," años"],"many":["hace ",{"t":"idOrVar","v":"value"}," años"],"one":"el año pasado","other":["hace ",{"t":"idOrVar","v":"value"}," años"],"two":["hace ",{"t":"idOrVar","v":"value"}," años"],"zero":"este año"},"$x":[{"t":"idOrVar","v":"plural"},"value"]},{"$i":"minutes-until-long","$v":{"few":["en ",{"t":"idOrVar","v":"value"}," minutos"],"many":["en ",{"t":"idOrVar","v":"value"}," minutos"],"other":["en ",{"t":"idOrVar","v":"value"}," minutos"],"two":["en ",{"t":"idOrVar","v":"value"}," minutos"],"zero":"ahora","one":"en un minuto"},"$x":[{"t":"idOrVar","v":"plural"},"value"]},{"$i":"hours-until-long","$v":{"few":["en ",{"t":"idOrVar","v":"value"}," horas"],"many":["en ",{"t":"idOrVar","v":"value"}," horas"],"other":["en ",{"t":"idOrVar","v":"value"}," horas"],"two":["en ",{"t":"idOrVar","v":"value"}," horas"],"zero":"ahora","one":"en una hora"},"$x":[{"t":"idOrVar","v":"plural"},"value"]},{"$i":"days-until-long","$v":{"few":["en ",{"t":"idOrVar","v":"value"}," días"],"many":["en ",{"t":"idOrVar","v":"value"}," días"],"one":"mañana","other":["en ",{"t":"idOrVar","v":"value"}," días"],"two":["en ",{"t":"idOrVar","v":"value"}," días"],"zero":"hoy"},"$x":[{"t":"idOrVar","v":"plural"},"value"]},{"$i":"weeks-until-long","$v":{"few":["en ",{"t":"idOrVar","v":"value"}," semanas"],"many":["en ",{"t":"idOrVar","v":"value"}," semanas"],"one":"la semana que viene","other":["en ",{"t":"idOrVar","v":"value"}," semanas"],"two":["en ",{"t":"idOrVar","v":"value"}," semanas"],"zero":"esta semana"},"$x":[{"t":"idOrVar","v":"plural"},"value"]},{"$i":"months-until-long","$v":{"few":["en ",{"t":"idOrVar","v":"value"}," meses"],"many":["en ",{"t":"idOrVar","v":"value"}," meses"],"one":"el próximo mes","other":["en ",{"t":"idOrVar","v":"value"}," meses"],"two":["en ",{"t":"idOrVar","v":"value"}," meses"],"zero":"este mes"},"$x":[{"t":"idOrVar","v":"plural"},"value"]},{"$i":"years-until-long","$v":{"few":["en ",{"t":"idOrVar","v":"value"}," años"],"many":["en ",{"t":"idOrVar","v":"value"}," años"],"one":"el próximo año","other":["en ",{"t":"idOrVar","v":"value"}," años"],"two":["en ",{"t":"idOrVar","v":"value"}," años"],"zero":"este año"},"$x":[{"t":"idOrVar","v":"plural"},"value"]},{"$i":"minutes-ago-short","$v":{"other":["hace ",{"t":"idOrVar","v":"value"},"m"],"zero":"Justo ahora"},"$x":[{"t":"idOrVar","v":"plural"},"value"]},{"$i":"hours-ago-short","$v":{"other":["hace ",{"t":"idOrVar","v":"value"},"h"],"zero":"Justo ahora"},"$x":[{"t":"idOrVar","v":"plural"},"value"]},{"$i":"days-ago-short","$v":{"other":["hace ",{"t":"idOrVar","v":"value"},"d"],"zero":"hoy"},"$x":[{"t":"idOrVar","v":"plural"},"value"]},{"$i":"minutes-until-short","$v":{"other":["en ",{"t":"idOrVar","v":"value"},"m"],"zero":"ahora"},"$x":[{"t":"idOrVar","v":"plural"},"value"]},{"$i":"hours-until-short","$v":{"other":["en ",{"t":"idOrVar","v":"value"},"h"],"zero":"ahora"},"$x":[{"t":"idOrVar","v":"plural"},"value"]},{"$i":"days-until-short","$v":{"other":["en ",{"t":"idOrVar","v":"value"},"d"],"zero":"hoy"},"$x":[{"t":"idOrVar","v":"plural"},"value"]},{"$i":"dateTimeFormat_%c","$v":"%a %b %e %Y %I:%M:%S %p"},{"$i":"dateTimeFormat_%x","$v":"%d/%m/%Y"},{"$i":"dateTimeFormat_%X","$v":"%I:%M:%S %p"},{"$i":"shortTimeFormat","$v":"%I:%M %p"},{"$i":"shortTimeFormat12","$v":"%I:%M %p"},{"$i":"shortTimeFormat24","$v":"%H:%M"},{"$i":"shortDateTimeFormat","$v":"%x %I:%M %p"},{"$i":"weekStartsOnMonday","$v":"0.0"},{"$i":"firstDayOfTheWeek","$v":"0.0"},{"$i":"time_am","$v":"AM"},{"$i":"time_pm","$v":"PM"},{"$i":"softkey-options","$v":"Opciones"},{"$i":"emergencyNumber","$v":"Número de emergencia"},{"$i":"callAirplaneModeMessage","$v":"Para realizar una llamada deberá desactivar el modo vuelo en Ajustes."},{"$i":"callAirplaneModeBtnOk","$v":"OK"},{"$i":"callAirplaneModeTitle","$v":"Modo vuelo activado"},{"$i":"numberIsBusyTitle","$v":"El número está ocupado"},{"$i":"numberIsBusyMessage","$v":"El número está ocupado en estos momentos. Inténtelo de nuevo más tarde."},{"$i":"fdnIsActiveTitle","$v":"FDN activo"},{"$i":"fdnIsActiveMessage","$v":["FDN (números de marcación fija) está activado y el siguiente número no aparece en su lista de FDN: ",{"t":"idOrVar","v":"number"}]},{"$i":"emergencyDialogBodyBadNumber","$v":"Para realizar una llamada, el teléfono debe estar conectado a una red."},{"$i":"emergencyDialogBodyDeviceNotAccepted","$v":"La red no permite las llamadas de emergencia."},{"$i":"emergencyDialogBtnOk","$v":"OK"},{"$i":"emergencyDialogTitle","$v":"No hay conexión de red"},{"$i":"invalidNumberToDialTitle","$v":"Número de teléfono no válido"},{"$i":"invalidNumberToDialMessage","$v":"El número de teléfono al que llama no es válido."},{"$i":"unableToCallTitle","$v":"No se puede realizar una llamada."},{"$i":"unableToCallMessage","$v":"No se puede realizar la llamada de teléfono ahora."},{"$i":"otherConnectionInUseTitle","$v":"Otra conexión en uso"},{"$i":"otherConnectionInUseMessage","$v":"Puede realizar una llamada activa en otra conexión. Solamente puede usar una conexión cada vez."},{"$i":"connectingEllipsis","$v":"Conectando..."}]