[{"$i":"messages","$v":"Sõnum"},{"$i":"deleteMessages-title","$v":"Vali"},{"$i":"selectThreads-title","$v":"Vali"},{"$i":"edit","$v":"Redigeeri"},{"$i":"back","$v":"Tagasi"},{"$i":"cancel","$v":"Tühista"},{"$i":"delete","$v":"Kustuta"},{"$i":"deleting-messages","$v":"Kustutamine…"},{"$i":"deselect","$v":"Tühista valik"},{"$i":"selected-threads","$v":{"few":[{"t":"idOrVar","v":"n"}," valitud"],"many":[{"t":"idOrVar","v":"n"}," valitud"],"one":[{"t":"idOrVar","v":"n"}," valitud"],"other":[{"t":"idOrVar","v":"n"}," valitud"],"two":[{"t":"idOrVar","v":"n"}," valitud"],"zero":"0 valitud"},"$x":[{"t":"idOrVar","v":"plural"},"n"]},{"$i":"selected-messages","$v":{"few":[{"t":"idOrVar","v":"n"}," valitud"],"many":[{"t":"idOrVar","v":"n"}," valitud"],"one":[{"t":"idOrVar","v":"n"}," valitud"],"other":[{"t":"idOrVar","v":"n"}," valitud"],"two":[{"t":"idOrVar","v":"n"}," valitud"],"zero":"0 valitud"},"$x":[{"t":"idOrVar","v":"plural"},"n"]},{"$i":"selectThreads-label","$v":"Valige lõimed"},{"$i":"selectMessages-label","$v":"Valige sõnumid"},{"$i":"new-message","$v":"Uus sõnum"},{"$i":"delete-thread","$v":"Kustuta voog"},{"$i":"create-new-contact","$v":"Looge uus kontakt"},{"$i":"add-to-contact","$v":"Lisa: Olemasolev kontakt"},{"$i":"select-thread","$v":"Valige lõim"},{"$i":"settings","$v":"Seaded"},{"$i":"select-all","$v":"Valige kõik"},{"$i":"deselect-all","$v":"Eemalda kõigilt valik"},{"$i":"select","$v":"Vali"},{"$i":"sk-save-as-draft","$v":"Salvesta mustandina"},{"$i":"next","$v":"Edasi"},{"$i":"send","$v":"Saada"},{"$i":"add-contact","$v":"Lisa kontakt"},{"$i":"add-suggestion","$v":"Vali"},{"$i":"add-subject","$v":"Lisa teema"},{"$i":"remove-subject","$v":"Eemalda teema"},{"$i":"add-attachment","$v":"Lisa manus"},{"$i":"remove-attachment","$v":"Eemalda manus"},{"$i":"replace-attachment","$v":"Asenda manus"},{"$i":"select-messages","$v":"Valige sõnumid"},{"$i":"call","$v":"Helistamine"},{"$i":"forward","$v":"Suuna"},{"$i":"view-message-report","$v":"Kuva sõnumi andmed"},{"$i":"cancel-view-report","$v":"Tühista"},{"$i":"ok","$v":"OK"},{"$i":"enter","$v":"Sisesta"},{"$i":"open","$v":"Ava"},{"$i":"to","$v":"Selleks,"},{"$i":"new","$v":"Uus"},{"$i":"message","$v":"Sõnum"},{"$i":"messagesInput_placeholder","$v":"Sõnum"},{"$i":"messagesSubjectInput_placeholder","$v":"Teema"},{"$i":"subjectComposerInput_placeholder","$v":"Teema"},{"$i":"converted-to-mms","$v":"Teisendamine MMS-sõnumiks."},{"$i":"converted-to-sms","$v":"Teisendamine lühisõnumiks."},{"$i":"messages-max-length-text","$v":"Maksimaalne pikkus on saavutatud."},{"$i":"messages-max-subject-length-text","$v":"Objekti maksimaalne pikkus on saavutatud."},{"$i":"multimedia-message-exceeded-max-length","$v":["See sõnum ületab MMS-sõnumi ",{"t":"idOrVar","v":"mmsSize"}," MB piirangu."]},{"$i":"newMessage","$v":"Uus sõnum"},{"$i":"sendMessage","$v":"Saada sõnum"},{"$i":"sendMMSToEmail","$v":"Saada MMS-sõnum"},{"$i":"no-recipient","$v":"(Saaja puudub)"},{"$i":"recipient","$v":{"few":[{"t":"idOrVar","v":"n"}," adressaati"],"many":[{"t":"idOrVar","v":"n"}," adressaati"],"one":[{"t":"idOrVar","v":"n"}," adressaat"],"other":[{"t":"idOrVar","v":"n"}," adressaati"],"two":[{"t":"idOrVar","v":"n"}," adressaati"]},"$x":[{"t":"idOrVar","v":"plural"},"n"]},{"$i":"attachmentSizeB","$v":[{"t":"idOrVar","v":"n"}," B"]},{"$i":"attachmentSizeKB","$v":[{"t":"idOrVar","v":"n"}," KB"]},{"$i":"attachmentSizeMB","$v":[{"t":"idOrVar","v":"n"}," MB"]},{"$i":"attachmentOpenError","$v":"Selle failitüübi avamiseks puudub rakendus."},{"$i":"attachmentNotFile","$v":"Seda faili ei leitud."},{"$i":"remove","$v":"Eemalda"},{"$i":"participant","$v":{"few":[{"t":"idOrVar","v":"n"}," osalejat"],"many":[{"t":"idOrVar","v":"n"}," osalejat"],"one":[{"t":"idOrVar","v":"n"}," osaleja"],"other":[{"t":"idOrVar","v":"n"}," osalejat"],"two":[{"t":"idOrVar","v":"n"}," osalejat"]},"$x":[{"t":"idOrVar","v":"plural"},"n"]},{"$i":"message-report","$v":"Sõnumiraport"},{"$i":"message-type-sms","$v":"Lühisõnumid (SMS)"},{"$i":"message-type-mms","$v":"Multimeediasõnum (MMS)"},{"$i":"sms-report-description","$v":["Teie lühisõnum (SMS) saadeti ajal ",{"t":"idOrVar","v":"datetime"}]},{"$i":"mms-report-description","$v":["Teie MMS-sõnum, teemaga ",{"t":"idOrVar","v":"subject"},", saadeti ajal ",{"t":"idOrVar","v":"datetime"}]},{"$i":"mms-no-subject-report-description","$v":["Teie MMS-sõnum saadeti ajal ",{"t":"idOrVar","v":"datetime"}]},{"$i":"message-subject","$v":"Teema:"},{"$i":"report-status-error","$v":"Sõnumit ei saanud saata"},{"$i":"report-status-not-downloaded","$v":"pole alla laaditud"},{"$i":"report-status-delivered","$v":"Kohale toimetatud:"},{"$i":"report-status-read","$v":"Lugemine:"},{"$i":"report-status-pending","$v":"Taotletud aruanne"},{"$i":"report-status-rejected","$v":"Sõnum lükati tagasi"},{"$i":"message-size-was","$v":"Sõnumi suurus:"},{"$i":"report-to-title","$v":"Selleks,"},{"$i":"report-from-title","$v":"Saatja:"},{"$i":"message-sent","$v":"Saadetud:"},{"$i":"message-sending","$v":[{"t":"idOrVar","v":"message-delivery-status-sending"}]},{"$i":"message-received","$v":"Vastu võetud:"},{"$i":"message-via","$v":"Kaudu:"},{"$i":"message-resend","$v":"Saada uuesti"},{"$i":"search","$v":"Otsing"},{"$i":"unknown-contact-title","$v":"Tundmatu kontakt"},{"$i":"phone-type-separator","$v":", "},{"$i":"phone-carrier-separator","$v":" "},{"$i":"thread-participant-separator","$v":", "},{"$i":"replace-draft","$v":"Asenda olemasolev mustand"},{"$i":"save-as-draft","$v":"Salvesta"},{"$i":"discard-message","$v":"Loobu"},{"$i":"discard-sms","$v":"Kas soovite kindlasti selle sõnumi tühistada?"},{"$i":"discard-new-message","$v":"Kas loobuda kirjutatavast sõnumist ja avada uus sõnum?"},{"$i":"resend-confirmation","$v":"Sõnumit ei õnnestunud saata. Kas proovida uuesti?"},{"$i":"resend-message","$v":"Saada see sõnum uuesti"},{"$i":"deleteMessage-confirmation","$v":"Kas kustutada valitud sõnum?"},{"$i":"deleteMessages-confirmation","$v":"Kas kustutada valitud sõnumid?"},{"$i":"deleteThreads-confirmation2","$v":{"one":"Kas kustutada valitud sõnumivoog?","other":"Kas kustutada valitud sõnumivood?"},"$x":[{"t":"idOrVar","v":"plural"},"n"]},{"$i":"new-message-notice-text","$v":"Uus sõnum kasutajalt"},{"$i":"new-message-notice-a-text","$v":"Lugege seda"},{"$i":"noMessages-title","$v":"Sõnumeid pole"},{"$i":"noMessages-text","$v":"Suhtlemiseks vajut. nuppu Uus."},{"$i":"sendDefaultErrorTitle","$v":"Saada tõrge"},{"$i":"sendDefaultErrorBody","$v":"Sõnumi saatmisel tekkis probleem. Proovige uuesti."},{"$i":"sendDefaultErrorBtnOk","$v":"OK"},{"$i":"sendMissingSimCardTitle","$v":"Saada tõrge"},{"$i":"sendMissingSimCardBody","$v":"Jätkamiseks sisestage kehtiv SIM-kaart."},{"$i":"sendMissingSimCardBtnOk","$v":"OK"},{"$i":"sendFlightModeTitle","$v":"Saada tõrge"},{"$i":"sendFlightModeBody","$v":"Sõnumite saatmiseks lülit. lennurež. välja."},{"$i":"sendFlightModeBtnOk","$v":"OK"},{"$i":"radioDisabledToDownloadTitle","$v":"Allalaadimine ei õnnestu"},{"$i":"radioDisabledToDownloadBody","$v":"Manuste allalaadimiseks lülitage lennurežiim välja."},{"$i":"radioDisabledToDownloadBtnOk","$v":[{"t":"idOrVar","v":"sendFlightModeBtnOk"}]},{"$i":"downloadDefaultErrorTitle","$v":"Allalaadimine ei õnnestu"},{"$i":"downloadDefaultErrorBody","$v":"Sõnumi allalaadimisel ilmnes probleem. Palun proovi uuesti."},{"$i":"downloadDefaultErrorBtnOk","$v":[{"t":"idOrVar","v":"sendDefaultErrorBtnOk"}]},{"$i":"fdnErrorTitle","$v":"Saada tõrge"},{"$i":"needConnectWifiBody","$v":["Andmesidevõrk ei ole saadaval. Looge sõnumside kasutamiseks ühendus olemasoleva ",{"t":"idOrVar","v":"Wi-Fi"},"-võrguga."]},{"$i":"needConnectWifiTitle","$v":"Sõnumit ei saadetud"},{"$i":"mmsChanelUsedBody","$v":"Mitte-DDS-alam saadab MMS-sõnumit, oodake saatmise lõppemist."},{"$i":"mmsChanelUsedTitle","$v":"Kas. MMS-kanal"},{"$i":"sms-counter-notice-label","$v":["SMSi ",{"t":"idOrVar","v":"number"}," redigeerimine"]},{"$i":"fdnErrorBody","$v":{"few":"FDN (määratud numbrid) on aktiveeritud. Veenduge, et SMSide keskus ja järgmised adressaadid on teie FDNi nimekirjas:","many":"FDN (määratud numbrid) on aktiveeritud. Veenduge, et SMSide keskus ja järgmised adressaadid on teie FDNi nimekirjas:","one":"FDN (määratud numbrid) on aktiveeritud. Veenduge, et SMSide keskus ja järgmine adressaat on teie FDNi nimekirjas:","other":"FDN (määratud numbrid) on aktiveeritud. Veenduge, et SMSide keskus ja järgmised adressaadid on teie FDNi nimekirjas:","two":"FDN (määratud numbrid) on aktiveeritud. Veenduge, et SMSide keskus ja järgmised adressaadid on teie FDNi nimekirjas:"},"$x":[{"t":"idOrVar","v":"plural"},"n"]},{"$i":"fdnErrorBtnOk","$v":"OK"},{"$i":"sendNoSignalErrorTitle","$v":"Saada tõrge"},{"$i":"sendNoSignalErrorBody","$v":"Mobiilsignaali pole, proovige uuesti."},{"$i":"sendNoSignalErrorBtnOk","$v":"OK"},{"$i":"sendNotFoundErrorTitle","$v":"Saada tõrge"},{"$i":"sendNotFoundErrorBody","$v":"Teie soovitud sõnum pole enam saadaval."},{"$i":"sendNotFoundErrorBtnOk","$v":"OK"},{"$i":"sendInvalidAddressErrorTitle","$v":"Saada tõrge"},{"$i":"sendInvalidAddressErrorBody","$v":"Veenduge, et teie saadetav mobiiltelefoninumber oleks kehtiv."},{"$i":"sendInvalidAddressErrorBtnOk","$v":"OK"},{"$i":"simNotMatchedErrorTitle","$v":"Allalaadimine pole võimalik"},{"$i":"simNotMatchedErrorBody","$v":"Veenduge, et sisestatud SIM-kaarti kasutatakse selle sõnumi vastuvõtmiseks."},{"$i":"simNotMatchedErrorBtnOk","$v":"OK"},{"$i":"netWorkErrorTitle","$v":"Võrgutõrge"},{"$i":"netWorkErrorBody","$v":"Võrgu viga. Kontrollige oma võrguühendust."},{"$i":"netWorkErrorBtnOk","$v":"OK"},{"$i":"deleted-sms","$v":"Sõnum on juba kustutatud."},{"$i":"view-attachment-image","$v":"Vaade"},{"$i":"view-attachment-audio","$v":"Kuula"},{"$i":"view-attachment-video","$v":"Vaade"},{"$i":"view-attachment-other","$v":"Vaade"},{"$i":"remove-attachment-image","$v":"Eemalda pilt"},{"$i":"remove-attachment-audio","$v":"Eemalda heli"},{"$i":"remove-attachment-video","$v":"Eemalda video"},{"$i":"remove-attachment-other","$v":"Eemalda manus"},{"$i":"replace-attachment-image","$v":"Asenda pilt"},{"$i":"replace-attachment-audio","$v":"Heli vahetamine"},{"$i":"replace-attachment-video","$v":"Asenda video"},{"$i":"replace-attachment-other","$v":"Kinnituse vahetamine"},{"$i":"unsent-message-title","$v":"Saatmata sõnum"},{"$i":"unsent-message-description","$v":"Teie eelmist sõnumit ei saadetud. Kas soovite saatmata sõnumit muuta või selle tühistada ja jätkata?"},{"$i":"unsent-message-option-edit","$v":"Redigeeri"},{"$i":"unsent-message-option-discard","$v":"Loobu"},{"$i":"message-options","$v":"Sõnumivalikud"},{"$i":"select-text","$v":"Valige tekst"},{"$i":"mobile","$v":"Mobiil"},{"$i":"home","$v":"Kodu"},{"$i":"work","$v":"Tööl"},{"$i":"personal","$v":"Isiklik"},{"$i":"faxHome","$v":"Kodufaks"},{"$i":"faxOffice","$v":"Kontorifaks"},{"$i":"faxOther","$v":"Muu faks"},{"$i":"another","$v":"Teine"},{"$i":"other","$v":"Muu"},{"$i":"today","$v":"Täna"},{"$i":"yesterday","$v":"eile"},{"$i":"incorrectDate","$v":"(vale kuupäev)"},{"$i":"addToExistingContact","$v":"Lisa olemasolevasse kontakti"},{"$i":"createNewContact","$v":"Looge uus kontakt"},{"$i":"viewContact","$v":"Kuva kontakt"},{"$i":"sendEmail","$v":"Saada e-kiri"},{"$i":"mms-message","$v":"MMS-sõnum"},{"$i":"notDownloaded-title","$v":"Sõnumit pole veel alla laaditud."},{"$i":"tobedownloaded-attachment","$v":["Teile saadeti MMS-sõnum, selle sisu nägemiseks vajutage allalaadimise nupul enne ",{"t":"idOrVar","v":"date"},"."]},{"$i":"expired-attachment","$v":["Kahjuks aegus sõnum ",{"t":"idOrVar","v":"date"}," ja seda ei saa alla laadida."]},{"$i":"download-attachment","$v":"Allalaadimine"},{"$i":"downloading-attachment","$v":"Allalaadimine…"},{"$i":"download-complete","$v":"Allalaadimine on lõppenud"},{"$i":"unnamed-attachment","$v":"nimetu"},{"$i":"mms-label","$v":"MMS"},{"$i":"not-download-label","$v":"Teile saadeti MMS-sõnum, selle sisu nägemiseks laadige see alla"},{"$i":"attachment-label","$v":"Manus"},{"$i":"attached-files-too-large","$v":{"few":["Need sõnumid ületavad MMS-sõnumi ",{"t":"idOrVar","v":"mmsSize"}," MB piirangu."],"many":["Need sõnumid ületavad MMS-sõnumi ",{"t":"idOrVar","v":"mmsSize"}," MB piirangu."],"one":["See sõnum ületab MMS-sõnumi ",{"t":"idOrVar","v":"mmsSize"}," MB piirangu."],"other":["Need sõnumid ületavad MMS-sõnumi ",{"t":"idOrVar","v":"mmsSize"}," MB piirangu."],"two":["Need sõnumid ületavad MMS-sõnumi ",{"t":"idOrVar","v":"mmsSize"}," MB piirangu."],"zero":["Need sõnumid ületavad MMS-sõnumi ",{"t":"idOrVar","v":"mmsSize"}," MB piirangu."]},"$x":[{"t":"idOrVar","v":"plural"},"n"]},{"$i":"resize-image","$v":"Lisatud pildi suuruse muut."},{"$i":"no-attachment-text","$v":"Lisatud failiga ilmnes probleem ja seda ei saa alla laadida."},{"$i":"message-draft-saved","$v":"Sõnum salvestati mustandina"},{"$i":"sim-id-label","$v":["SIM ",{"t":"idOrVar","v":"id"}]},{"$i":"sim-detail","$v":["SIM ",{"t":"idOrVar","v":"id"},", ",{"t":"idOrVar","v":"detailString"}]},{"$i":"dsds-notification-title-with-sim","$v":["(",{"t":"idOrVar","v":"sim"},") ",{"t":"idOrVar","v":"sender"}]},{"$i":"send-button","ariaLabel":"Saada"},{"$i":"send-button-sim-indication","$v":[{"t":"idOrVar","v":"n"}],"ariaLabel":["kasutab SIM-kaarti ",{"t":"idOrVar","v":"n"}]},{"$i":"expiry-date-format","$v":"%A, %b %e"},{"$i":"attach-button","ariaLabel":"Lisa manus"},{"$i":"contact-photo","ariaLabel":"Kontakti foto"},{"$i":"unread-thread","ariaLabel":"Lugemata"},{"$i":"has-draft","ariaLabel":"On mustandiga"},{"$i":"is-draft","ariaLabel":"Mustand"},{"$i":"message-delivery-status-sending","$v":"Saatm. …"},{"$i":"message-delivery-status-delivered","$v":"Kohale toimetatud"},{"$i":"message-delivery-status-read","ariaLabel":"Loe"},{"$i":"message-delivery-status-error","ariaLabel":"Viga"},{"$i":"modal-dialog-ok-button","$v":"OK"},{"$i":"modal-dialog-cancel-button","$v":"Tühista"},{"$i":"modal-dialog-default-title","$v":"Sõnumid"},{"$i":"delete-message","$v":"Sõnum on kustutatud"},{"$i":"message-converted-to-toast","$v":["Sõnum teisendati tüübiks ",{"t":"idOrVar","v":"type"}]},{"$i":"message-sent-toast","$v":"Sõnum on saadetud."},{"$i":"deleteMessage-confirmation2","$v":"Kas kustutada valitud sõnumivoog?"},{"$i":"deleted-message","$v":{"few":[{"t":"idOrVar","v":"n"}," sõnumit kustutatud"],"many":[{"t":"idOrVar","v":"n"}," sõnumit kustutatud"],"one":[{"t":"idOrVar","v":"n"}," sõnum kustutatud"],"other":[{"t":"idOrVar","v":"n"}," sõnumit kustutatud"],"two":[{"t":"idOrVar","v":"n"}," sõnumit kustutatud"],"zero":"0 sõnumit kustutatud"},"$x":[{"t":"idOrVar","v":"plural"},"n"]},{"$i":"deleted-threads","$v":{"few":[{"t":"idOrVar","v":"n"}," sõnumivoogu kustutatud"],"many":[{"t":"idOrVar","v":"n"}," sõnumivoogu kustutatud"],"one":"Lõim kustut.","other":[{"t":"idOrVar","v":"n"}," sõnumivoogu kustutatud"],"two":[{"t":"idOrVar","v":"n"}," sõnumivoogu kustutatud"],"zero":"0 voog kustutatud"},"$x":[{"t":"idOrVar","v":"plural"},"n"]},{"$i":"wapPushMessages","$v":"WAP-tõuketeated"},{"$i":"auto-retrieve-messages","$v":"Sõnumite automaatne toomine"},{"$i":"auto-retrieve-messages-title","$v":"Sõnumite automaatne toomine"},{"$i":"auto-roaming-retrieve","$v":"Rändlusega edasi"},{"$i":"auto-no-roaming-retrieve","$v":"Sees ilma rändluseta"},{"$i":"mmsTitle","$v":"Multimeediasõnumside (MMS)"},{"$i":"message-delivery-reports","$v":"Saamisteated"},{"$i":"message-delivery-reports-title","$v":"Saamisteated"},{"$i":"messageReport-title","$v":"Sõnumi andmed"},{"$i":"sms-label","$v":"SMS"},{"$i":"messaging-settings","$v":"Sõnumside seaded"},{"$i":"messagingSettings-header","$v":[{"t":"idOrVar","v":"messaging-settings"}]},{"$i":"confirmation-title","$v":"Kinnitus"},{"$i":"draft-save-content","$v":"Salv. mustandina?"},{"$i":"draft-discard-content","$v":"Sõnum on tühistatud"},{"$i":"switch-on","$v":"Sees"},{"$i":"switch-off","$v":"Väljas"},{"$i":"auto-retrieve-desc","$v":"Sõnumite automaatne toomine"},{"$i":"confirm-dialog-ok","$v":"OK"},{"$i":"yes","$v":"Jah"},{"$i":"no","$v":"Ei"},{"$i":"delete-current-thread?","$v":"Kas kustutada valitud sõnumivoog?"},{"$i":"attention","$v":"Tähelepanu"},{"$i":"delivery-title","$v":"Lühisõnumid (SMS)"},{"$i":"send-failed","$v":"Saadetud nurjus."},{"$i":"subject-removed","$v":"Teema on eemaldatud."},{"$i":"data-storage-limit-alert-title","$v":"Telefoni salvestusruum on täis."},{"$i":"data-storage-limit-send-body","$v":"Ei saa MMS-i saata. Mäluruumi vabastamiseks kustutage sõnumeid või avage Seaded."},{"$i":"data-storage-limit-download-body","$v":"Ei saa MMS-i alla laadida. Mäluruumi vabastamiseks kustutage sõnumeid või avage Seaded."},{"$i":"data-storage-limit-attachment-body","$v":"Manust ei saa lisada. Ruumi vabastamiseks kustutage sõnum või minge jaotisse Seaded."},{"$i":"data-storage-limit-alert-cancel","$v":"Tühista"},{"$i":"data-storage-limit-alert-setting","$v":"Seaded"},{"$i":"recipient-repeat","$v":"Kopeeri saaja."},{"$i":"email","$v":"E-KIRI"},{"$i":"options","$v":"Valikud"},{"$i":"emergency-alert-title","$v":"Hädaolukorra märguanded"},{"$i":"emergency-alert","$v":"Hädaolukorra märguanded"},{"$i":"wappushNormal","$v":"WAP-tõuge"},{"$i":"wappushSIM1","$v":"WAP-tõuge – SIM 1"},{"$i":"wappushSIM2","$v":"WAP-tõuge – SIM 2"},{"$i":"not-assigned","$v":"Pole määratud"},{"$i":"switchSIMDataSendAlertTitle","$v":"MMS-i saat. nurjus."},{"$i":"switchSIMDataSendAlertBody","$v":["MMS-sõnumi saatmiseks valige SIM-halduri seadetes mobiilandmeside SIM-kaardi asemel SIM ",{"t":"idOrVar","v":"nonActiveSimId"},"."]},{"$i":"switchSIMDataSendAlertDesc","$v":"Seadete värskendamiseks avage rakendus Seaded."},{"$i":"switchSIMDataReceiveAlertTitle","$v":"MMS-i saamine nurjus."},{"$i":"switchSIMDataReceiveAlertBody","$v":["MMS-sõnumi saamiseks valige SIM-halduri seadetes mobiilandmeside SIM-kaardi asemel SIM ",{"t":"idOrVar","v":"nonActiveSimId"},"."]},{"$i":"switchSIMDataReceiveAlertDesc","$v":"Seadete värskendamiseks avage rakendus Seaded."},{"$i":"group-message","$v":"Rühmasõnum"},{"$i":"individual-message","$v":"Üksik sõnum"},{"$i":"group-message-alert-title","$v":"Rühmasõnum"},{"$i":"group-message-alert-body","$v":"Kas luua rühmasõnum? (Rühmasõnumi saatmisel MMS-ina kaasnevad olenevalt teenusepaketist traadita ühenduse teenusepakkuja lisatasud.)"},{"$i":"group-message-individual","$v":"Ei"},{"$i":"group-message-setting","$v":"Loo"},{"$i":"new-message-individual","$v":"Uus sõnum (üksik)"},{"$i":"new-message-group","$v":"Uus sõnum (rühm)"},{"$i":"device-phone-number","$v":"Minu telefoninumber"},{"$i":"group-message-phone","$v":"Rühmasõnumid"},{"$i":"my-phone-number-SIM1","$v":"Minu telefoninumber – SIM 1"},{"$i":"my-phone-number-SIM2","$v":"Minu telefoninumber – SIM 2"},{"$i":"delivery-notification","$v":"Sõnum edastatud"},{"$i":"wait","$v":"ootel"},{"$i":"isTextTooLongAlert","$v":"Sõnumi max pikkus on ületatud."},{"$i":"video-call","$v":"Videokõne"},{"$i":"normal-call","$v":"Helista"},{"$i":"attachment","$v":"Manus"},{"$i":"limit-MMS-recipients","$v":"MMS-i saab saata korraga kuni 20 saajale."},{"$i":"block-contact","$v":"Blokeeri kontakt"},{"$i":"blocked","$v":"Blokeeri"},{"$i":"unblocked","$v":"Avage blokeerimine"},{"$i":"rtt-call","$v":"RTT-kõne"},{"$i":"remove-all-attachments","$v":"Eemalda kõik manused"},{"$i":"block-confirmation","$v":"Te ei saa telefonikõnesid ega sõnumeid blokeeritute loendis olevatelt inimestelt."},{"$i":"space-low-not-save","$v":"Mäluruum on täis, mustandit ei saa salvestada."},{"$i":"creation-mode-messages","$v":"Loomisrežiim"},{"$i":"creation-mode-restricted","$v":"Piiratud"},{"$i":"creation-mode-warning","$v":"Hoiatus!"},{"$i":"creation-mode-free","$v":"Tasuta"},{"$i":"creationMode_restricted_title","$v":"loomisrežiimi limiit"},{"$i":"creationMode_restricted_alert","$v":"Loomisrežiim on piiratud, kuna pole võimalik lisada manust, mis pole MM-sisu tuumdomeen."},{"$i":"creationMode_warning_title","$v":"loomisrežiimi hoiatus"},{"$i":"creationMode_warning_alert","$v":"Kas kinnitate lisamiseks manuse, mis pole MM-sisu tuumdomeen?"},{"$i":"withoutDataTitle","$v":"Andmesideühendus puudub"},{"$i":"withoutDataBody","$v":"MMS-sõnumite saatmiseks või allalaadimiseks lubage seadetes Andmeühendus."},{"$i":"withoutDataBtnOk","$v":"OK"},{"$i":"withoutDataBtnSettings","$v":"Seaded"},{"$i":"FTUTitle","$v":"Tere tulemast rakendusse Messages."},{"$i":"FTUBody","$v":"Grupisõnumite kasutamiseks peate sisestama oma telefoninumbri."},{"$i":"myNumber","$v":"Minu telefoninumber"},{"$i":"myNumber-SIM1","$v":"Minu telefoninumber – SIM 1"},{"$i":"myNumber-SIM2","$v":"Minu telefoninumber – SIM 2"},{"$i":"save-number","$v":"Salvesta"},{"$i":"input-alert-show","$v":"See on teie telefoninumber."},{"$i":"input-alert-reInput","$v":"Grupisõnumite kasutamiseks peate sisestama oma telefoninumbri."},{"$i":"multiple-recipients-flag","$v":",..."},{"$i":"parent-control-text","$v":"See number on blokeeritud. Võite vanematelt luba küsida."},{"$i":"groupNumberInputOne-placeholder","$v":"Minu telefoninumber – SIM 1"},{"$i":"groupNumberInputOne","$v":"Minu telefoninumber"},{"$i":"groupNumberInputTwo-placeholder","$v":"Minu telefoninumber – SIM 2"},{"$i":"groupNumberInputTwo","$v":"Minu telefoninumber"},{"$i":"custom-message-sent","$v":["Vastatud kasutajale ",{"t":"idOrVar","v":"name"}]},{"$i":"colon","$v":":"},{"$i":"sms-encoding-mode","$v":"SMS-kodeerimine"},{"$i":"sms-reduced-format","$v":"Vähend. vorm."},{"$i":"sms-full-format","$v":"Täisvorming"},{"$i":"smscNormal","$v":"Teeninduskeskus"},{"$i":"smscSIM1","$v":"Teeninduskeskus SIM1"},{"$i":"smscSIM2","$v":"Teeninduskeskus SIM2"},{"$i":"weekday-0-long","$v":"Pühapäev"},{"$i":"weekday-1-long","$v":"Esmaspäev"},{"$i":"weekday-2-long","$v":"Teisipäev"},{"$i":"weekday-3-long","$v":"Kolmapäev"},{"$i":"weekday-4-long","$v":"Neljapäev"},{"$i":"weekday-5-long","$v":"Reede"},{"$i":"weekday-6-long","$v":"Laupäev"},{"$i":"weekday-0-short","$v":"P"},{"$i":"weekday-1-short","$v":"E"},{"$i":"weekday-2-short","$v":"T"},{"$i":"weekday-3-short","$v":"K"},{"$i":"weekday-4-short","$v":"N"},{"$i":"weekday-5-short","$v":"R"},{"$i":"weekday-6-short","$v":"L"},{"$i":"month-0-long","$v":"Jaanuar"},{"$i":"month-1-long","$v":"Veebruar"},{"$i":"month-2-long","$v":"Märts"},{"$i":"month-3-long","$v":"Aprill"},{"$i":"month-4-long","$v":"Mai"},{"$i":"month-5-long","$v":"Juuni"},{"$i":"month-6-long","$v":"Juuli"},{"$i":"month-7-long","$v":"August"},{"$i":"month-8-long","$v":"September"},{"$i":"month-9-long","$v":"Oktoober"},{"$i":"month-10-long","$v":"November"},{"$i":"month-11-long","$v":"Detsember"},{"$i":"month-0-genitive","$v":"Jaanuar"},{"$i":"month-1-genitive","$v":"Veebruar"},{"$i":"month-2-genitive","$v":"Märts"},{"$i":"month-3-genitive","$v":"Aprill"},{"$i":"month-4-genitive","$v":"Mai"},{"$i":"month-5-genitive","$v":"Juuni"},{"$i":"month-6-genitive","$v":"Juuli"},{"$i":"month-7-genitive","$v":"August"},{"$i":"month-8-genitive","$v":"September"},{"$i":"month-9-genitive","$v":"Oktoober"},{"$i":"month-10-genitive","$v":"November"},{"$i":"month-11-genitive","$v":"Detsember"},{"$i":"month-0-short","$v":"jaan"},{"$i":"month-1-short","$v":"veebr"},{"$i":"month-2-short","$v":"märts"},{"$i":"month-3-short","$v":"apr"},{"$i":"month-4-short","$v":"Mai"},{"$i":"month-5-short","$v":"juuni"},{"$i":"month-6-short","$v":"juuli"},{"$i":"month-7-short","$v":"aug"},{"$i":"month-8-short","$v":"sept"},{"$i":"month-9-short","$v":"okt"},{"$i":"month-10-short","$v":"nov"},{"$i":"month-11-short","$v":"dets"},{"$i":"minutes-ago-long","$v":{"few":[{"t":"idOrVar","v":"value"}," minutit tagasi"],"many":[{"t":"idOrVar","v":"value"}," minutit tagasi"],"other":[{"t":"idOrVar","v":"value"}," minutit tagasi"],"two":[{"t":"idOrVar","v":"value"}," minutit tagasi"],"one":"üks minut tagasi","zero":"just nüüd"},"$x":[{"t":"idOrVar","v":"plural"},"value"]},{"$i":"hours-ago-long","$v":{"few":[{"t":"idOrVar","v":"value"}," tundi tagasi"],"many":[{"t":"idOrVar","v":"value"}," tundi tagasi"],"other":[{"t":"idOrVar","v":"value"}," tundi tagasi"],"two":[{"t":"idOrVar","v":"value"}," tundi tagasi"],"one":"1 tund tagasi","zero":"just nüüd"},"$x":[{"t":"idOrVar","v":"plural"},"value"]},{"$i":"days-ago-long","$v":{"few":[{"t":"idOrVar","v":"value"}," päeva tagasi"],"many":[{"t":"idOrVar","v":"value"}," päeva tagasi"],"one":"eile","other":[{"t":"idOrVar","v":"value"}," päeva tagasi"],"two":[{"t":"idOrVar","v":"value"}," päeva tagasi"],"zero":"täna"},"$x":[{"t":"idOrVar","v":"plural"},"value"]},{"$i":"weeks-ago-long","$v":{"few":[{"t":"idOrVar","v":"value"}," nädalat tagasi"],"many":[{"t":"idOrVar","v":"value"}," nädalat tagasi"],"one":"eelmine nädal","other":[{"t":"idOrVar","v":"value"}," nädalat tagasi"],"two":[{"t":"idOrVar","v":"value"}," nädalat tagasi"],"zero":"sel nädalal"},"$x":[{"t":"idOrVar","v":"plural"},"value"]},{"$i":"months-ago-long","$v":{"few":[{"t":"idOrVar","v":"value"}," kuud tagasi"],"many":[{"t":"idOrVar","v":"value"}," kuud tagasi"],"one":"eelmine kuu","other":[{"t":"idOrVar","v":"value"}," kuud tagasi"],"two":[{"t":"idOrVar","v":"value"}," kuud tagasi"],"zero":"see kuu"},"$x":[{"t":"idOrVar","v":"plural"},"value"]},{"$i":"years-ago-long","$v":{"few":[{"t":"idOrVar","v":"value"}," aastat tagasi"],"many":[{"t":"idOrVar","v":"value"}," aastat tagasi"],"one":"eelmine aasta","other":[{"t":"idOrVar","v":"value"}," aastat tagasi"],"two":[{"t":"idOrVar","v":"value"}," aastat tagasi"],"zero":"see aasta"},"$x":[{"t":"idOrVar","v":"plural"},"value"]},{"$i":"minutes-until-long","$v":{"few":[{"t":"idOrVar","v":"value"}," minuti pärast"],"many":[{"t":"idOrVar","v":"value"}," minuti pärast"],"other":[{"t":"idOrVar","v":"value"}," minuti pärast"],"two":[{"t":"idOrVar","v":"value"}," minuti pärast"],"zero":"kohe","one":"1 minutiga"},"$x":[{"t":"idOrVar","v":"plural"},"value"]},{"$i":"hours-until-long","$v":{"few":[{"t":"idOrVar","v":"value"}," tunni pärast"],"many":[{"t":"idOrVar","v":"value"}," tunni pärast"],"other":[{"t":"idOrVar","v":"value"}," tunni pärast"],"two":[{"t":"idOrVar","v":"value"}," tunni pärast"],"zero":"kohe","one":"1 tunni pärast"},"$x":[{"t":"idOrVar","v":"plural"},"value"]},{"$i":"days-until-long","$v":{"few":[{"t":"idOrVar","v":"value"}," päeva pärast"],"many":[{"t":"idOrVar","v":"value"}," päeva pärast"],"one":"homme","other":[{"t":"idOrVar","v":"value"}," päeva pärast"],"two":[{"t":"idOrVar","v":"value"}," päeva pärast"],"zero":"täna"},"$x":[{"t":"idOrVar","v":"plural"},"value"]},{"$i":"weeks-until-long","$v":{"few":[{"t":"idOrVar","v":"value"}," nädala pärast"],"many":[{"t":"idOrVar","v":"value"}," nädala pärast"],"one":"järgmine nädal","other":[{"t":"idOrVar","v":"value"}," nädala pärast"],"two":[{"t":"idOrVar","v":"value"}," nädala pärast"],"zero":"sel nädalal"},"$x":[{"t":"idOrVar","v":"plural"},"value"]},{"$i":"months-until-long","$v":{"few":[{"t":"idOrVar","v":"value"}," kuu pärast"],"many":[{"t":"idOrVar","v":"value"}," kuu pärast"],"one":"järgmine kuu","other":[{"t":"idOrVar","v":"value"}," kuu pärast"],"two":[{"t":"idOrVar","v":"value"}," kuu pärast"],"zero":"see kuu"},"$x":[{"t":"idOrVar","v":"plural"},"value"]},{"$i":"years-until-long","$v":{"few":[{"t":"idOrVar","v":"value"}," aasta pärast"],"many":[{"t":"idOrVar","v":"value"}," aasta pärast"],"one":"järgmine aasta","other":[{"t":"idOrVar","v":"value"}," aasta pärast"],"two":[{"t":"idOrVar","v":"value"}," aasta pärast"],"zero":"see aasta"},"$x":[{"t":"idOrVar","v":"plural"},"value"]},{"$i":"minutes-ago-short","$v":{"other":[{"t":"idOrVar","v":"value"}," m tagasi"],"zero":"just nüüd"},"$x":[{"t":"idOrVar","v":"plural"},"value"]},{"$i":"hours-ago-short","$v":{"other":[{"t":"idOrVar","v":"value"}," h tagasi"],"zero":"just nüüd"},"$x":[{"t":"idOrVar","v":"plural"},"value"]},{"$i":"days-ago-short","$v":{"other":[{"t":"idOrVar","v":"value"}," p tagasi"],"zero":"täna"},"$x":[{"t":"idOrVar","v":"plural"},"value"]},{"$i":"minutes-until-short","$v":{"other":[{"t":"idOrVar","v":"value"}," min pärast"],"zero":"kohe"},"$x":[{"t":"idOrVar","v":"plural"},"value"]},{"$i":"hours-until-short","$v":{"other":[{"t":"idOrVar","v":"value"},"h pärast"],"zero":"kohe"},"$x":[{"t":"idOrVar","v":"plural"},"value"]},{"$i":"days-until-short","$v":{"other":[{"t":"idOrVar","v":"value"},"p pärast"],"zero":"täna"},"$x":[{"t":"idOrVar","v":"plural"},"value"]},{"$i":"dateTimeFormat_%c","$v":"%a %b %e %Y %I:%M:%S %p"},{"$i":"dateTimeFormat_%x","$v":"%m/%d/%Y"},{"$i":"dateTimeFormat_%X","$v":"%I:%M:%S %p"},{"$i":"shortTimeFormat","$v":"%I:%M %p"},{"$i":"shortTimeFormat12","$v":"%I:%M %p"},{"$i":"shortTimeFormat24","$v":"%H:%M"},{"$i":"shortDateTimeFormat","$v":"%x %I:%M %p"},{"$i":"weekStartsOnMonday","$v":"0.0"},{"$i":"firstDayOfTheWeek","$v":"1.0"},{"$i":"time_am","$v":"AM"},{"$i":"time_pm","$v":"PM"},{"$i":"softkey-options","$v":"Valikud"},{"$i":"emergencyNumber","$v":"Hädaabinumber"},{"$i":"callAirplaneModeMessage","$v":"Helistamiseks peate seadetes lennurežiimi keelama."},{"$i":"callAirplaneModeBtnOk","$v":"OK"},{"$i":"callAirplaneModeTitle","$v":"Lennurežiim on aktiveeritud"},{"$i":"numberIsBusyTitle","$v":"Number on hõivatud"},{"$i":"numberIsBusyMessage","$v":"Number on hetkel hõivatud. Proovige hiljem uuesti."},{"$i":"fdnIsActiveTitle","$v":"FDN on aktiivne"},{"$i":"fdnIsActiveMessage","$v":["FDN (määratud numbrid) on aktiveeritud ja järgmist numbrit pole teie FDN-i nimekirjas: ",{"t":"idOrVar","v":"number"}]},{"$i":"emergencyDialogBodyBadNumber","$v":"Helistamiseks peab telefon olema võrku ühendatud."},{"$i":"emergencyDialogBodyDeviceNotAccepted","$v":"Hädaabikõned pole võrgus lubatud."},{"$i":"emergencyDialogBtnOk","$v":"OK"},{"$i":"emergencyDialogTitle","$v":"Võrguühendust pole"},{"$i":"invalidNumberToDialTitle","$v":"Kehtetu telefoninumber"},{"$i":"invalidNumberToDialMessage","$v":"Telefoninumber, millele helistate, ei ole kehtiv."},{"$i":"unableToCallTitle","$v":"Ei saa helistada. "},{"$i":"unableToCallMessage","$v":"Helistamine pole praegu võimalik"},{"$i":"otherConnectionInUseTitle","$v":"Kasutatav muu ühendus"},{"$i":"otherConnectionInUseMessage","$v":"Teil on aktiivne kõne teisel ühendusel. Saate kasutada ainult ühte ühendust korraga."},{"$i":"connectingEllipsis","$v":"Ühendamine ..."}]