[{"$i":"messages","$v":"Viesti"},{"$i":"deleteMessages-title","$v":"Valitse"},{"$i":"selectThreads-title","$v":"Valitse"},{"$i":"edit","$v":"Muokkaa"},{"$i":"back","$v":"Takaisin"},{"$i":"cancel","$v":"Peruuta"},{"$i":"delete","$v":"Poista"},{"$i":"deleting-messages","$v":"Poistetaan…"},{"$i":"deselect","$v":"Poista valinta"},{"$i":"selected-threads","$v":{"few":[{"t":"idOrVar","v":"n"}," valittu"],"many":[{"t":"idOrVar","v":"n"}," valittu"],"one":[{"t":"idOrVar","v":"n"}," valittu"],"other":[{"t":"idOrVar","v":"n"}," valittu"],"two":[{"t":"idOrVar","v":"n"}," valittu"],"zero":"0 valittu"},"$x":[{"t":"idOrVar","v":"plural"},"n"]},{"$i":"selected-messages","$v":{"few":[{"t":"idOrVar","v":"n"}," valittu"],"many":[{"t":"idOrVar","v":"n"}," valittu"],"one":[{"t":"idOrVar","v":"n"}," valittu"],"other":[{"t":"idOrVar","v":"n"}," valittu"],"two":[{"t":"idOrVar","v":"n"}," valittu"],"zero":"0 valittu"},"$x":[{"t":"idOrVar","v":"plural"},"n"]},{"$i":"selectThreads-label","$v":"Valitse ketjut"},{"$i":"selectMessages-label","$v":"Valitse viestit"},{"$i":"new-message","$v":"Uusi viesti"},{"$i":"delete-thread","$v":"Poista ketju"},{"$i":"create-new-contact","$v":"Luo uusi yht.tieto"},{"$i":"add-to-contact","$v":"Lisää nykyiseen yhteystietoon"},{"$i":"select-thread","$v":"Valitse ketju"},{"$i":"settings","$v":"Asetukset"},{"$i":"select-all","$v":"Valitse kaikki"},{"$i":"deselect-all","$v":"Poista valinta kaikista"},{"$i":"select","$v":"Valitse"},{"$i":"sk-save-as-draft","$v":"Tallenna luonnoksena"},{"$i":"next","$v":"Seuraava"},{"$i":"send","$v":"Lähetä"},{"$i":"add-contact","$v":"Lisää yhteystieto"},{"$i":"add-suggestion","$v":"Valitse"},{"$i":"add-subject","$v":"Lisää aihe"},{"$i":"remove-subject","$v":"Poista aihe"},{"$i":"add-attachment","$v":"Lisää liite"},{"$i":"remove-attachment","$v":"Poista liite"},{"$i":"replace-attachment","$v":"Korvaa liite"},{"$i":"select-messages","$v":"Valitse viestit"},{"$i":"call","$v":"Puhelu"},{"$i":"forward","$v":"Soitonsiirto"},{"$i":"view-message-report","$v":"Näytä viestitiedot"},{"$i":"cancel-view-report","$v":"Peruuta"},{"$i":"ok","$v":"OK"},{"$i":"enter","$v":"Syötä"},{"$i":"open","$v":"Avaa"},{"$i":"to","$v":"kohteeseen"},{"$i":"new","$v":"Uusi"},{"$i":"message","$v":"Viesti"},{"$i":"messagesInput_placeholder","$v":"Viesti"},{"$i":"messagesSubjectInput_placeholder","$v":"Aihe"},{"$i":"subjectComposerInput_placeholder","$v":"Aihe"},{"$i":"converted-to-mms","$v":"Muunnetaan multimediaviestiksi."},{"$i":"converted-to-sms","$v":"Muunnetaan tekstiviestiksi."},{"$i":"messages-max-length-text","$v":"Olet saavuttanut suuriman sallitun pituuden."},{"$i":"messages-max-subject-length-text","$v":"Aiheen enimmäispituus saavutettu."},{"$i":"multimedia-message-exceeded-max-length","$v":["Tämä viesti ylittää yhden multimediaviestin ",{"t":"idOrVar","v":"mmsSize"}," MB: n kokorajan."]},{"$i":"newMessage","$v":"Uusi viesti"},{"$i":"sendMessage","$v":"Lähetä viesti"},{"$i":"sendMMSToEmail","$v":"Lähetä multimediaviesti"},{"$i":"no-recipient","$v":"(Ei vastaanottajaa)"},{"$i":"recipient","$v":{"few":[{"t":"idOrVar","v":"n"}," vastaanottajaa"],"many":[{"t":"idOrVar","v":"n"}," vastaanottajaa"],"one":[{"t":"idOrVar","v":"n"}," vastaanottaja"],"other":[{"t":"idOrVar","v":"n"}," vastaanottajaa"],"two":[{"t":"idOrVar","v":"n"}," vastaanottajaa"]},"$x":[{"t":"idOrVar","v":"plural"},"n"]},{"$i":"attachmentSizeB","$v":[{"t":"idOrVar","v":"n"}," t"]},{"$i":"attachmentSizeKB","$v":[{"t":"idOrVar","v":"n"}," kt"]},{"$i":"attachmentSizeMB","$v":[{"t":"idOrVar","v":"n"}," Mt"]},{"$i":"attachmentOpenError","$v":"Tämän tiedostotyypin avaamiseen ei ole käytettävissä mitään sovellusta."},{"$i":"attachmentNotFile","$v":"Tätä tiedostoa ei löydy."},{"$i":"remove","$v":"Poista"},{"$i":"participant","$v":{"few":[{"t":"idOrVar","v":"n"}," osallistujaa"],"many":[{"t":"idOrVar","v":"n"}," osallistujaa"],"one":[{"t":"idOrVar","v":"n"}," osallistuja"],"other":[{"t":"idOrVar","v":"n"}," osallistujaa"],"two":[{"t":"idOrVar","v":"n"}," osallistujaa"]},"$x":[{"t":"idOrVar","v":"plural"},"n"]},{"$i":"message-report","$v":"Viestiraportti"},{"$i":"message-type-sms","$v":"Tekstiviesti (SMS)"},{"$i":"message-type-mms","$v":"Multimediaviesti (MMS)"},{"$i":"sms-report-description","$v":["Tekstiviestisi (SMS) lähetettiin ajankohtana ",{"t":"idOrVar","v":"datetime"}]},{"$i":"mms-report-description","$v":["Multimediaviestisi, aihe ",{"t":"idOrVar","v":"subject"},", lähetettiin ajankohtana ",{"t":"idOrVar","v":"datetime"}]},{"$i":"mms-no-subject-report-description","$v":["Multimediaviestisi (MMS) lähetettiin ajankohtana ",{"t":"idOrVar","v":"datetime"}]},{"$i":"message-subject","$v":"Aihe:"},{"$i":"report-status-error","$v":"Viestiä ei voitu lähettää"},{"$i":"report-status-not-downloaded","$v":"ei ladattu"},{"$i":"report-status-delivered","$v":"Toimitettu:"},{"$i":"report-status-read","$v":"Lue:"},{"$i":"report-status-pending","$v":"Raporttia pyydetty"},{"$i":"report-status-rejected","$v":"Viesti hylätty"},{"$i":"message-size-was","$v":"Viestin koko:"},{"$i":"report-to-title","$v":"Vastaanottaja"},{"$i":"report-from-title","$v":"Lähtöisin"},{"$i":"message-sent","$v":"Lähetetty:"},{"$i":"message-sending","$v":[{"t":"idOrVar","v":"message-delivery-status-sending"}]},{"$i":"message-received","$v":"Vastaanotettu:"},{"$i":"message-via","$v":"Kautta:"},{"$i":"message-resend","$v":"Lähetä uudelleen"},{"$i":"search","$v":"Hae"},{"$i":"unknown-contact-title","$v":"Tuntematon yhteystieto"},{"$i":"phone-type-separator","$v":", "},{"$i":"phone-carrier-separator","$v":" "},{"$i":"thread-participant-separator","$v":", "},{"$i":"replace-draft","$v":"Korvaa nykyinen luonnos"},{"$i":"save-as-draft","$v":"Tallenna"},{"$i":"discard-message","$v":"Hylkää"},{"$i":"discard-sms","$v":"Haluatko varmasti ohittaa tämän viestin?"},{"$i":"discard-new-message","$v":"Hylätäänkö kirjoittamasi viesti ja avataanko uusi viesti?"},{"$i":"resend-confirmation","$v":"Viestiä ei voitu lähettää. Yritetäänkö uudestaan?"},{"$i":"resend-message","$v":"Lähetä tämä viesti uudelleen"},{"$i":"deleteMessage-confirmation","$v":"Poistetaanko valittu viesti?"},{"$i":"deleteMessages-confirmation","$v":"Poistetaanko valitut viestit?"},{"$i":"deleteThreads-confirmation2","$v":{"one":"Poistetaanko valittu viestiketju?","other":"Poistetaanko valitut viestiketjut?"},"$x":[{"t":"idOrVar","v":"plural"},"n"]},{"$i":"new-message-notice-text","$v":"Uusi viesti lähettäjältä"},{"$i":"new-message-notice-a-text","$v":"Lue se"},{"$i":"noMessages-title","$v":"Ei viestejä"},{"$i":"noMessages-text","$v":"Paina Uusi lähettääksesi viestin."},{"$i":"sendDefaultErrorTitle","$v":"Lähetä virhe"},{"$i":"sendDefaultErrorBody","$v":"Viestin lähettämisessä tapahtui virhe. Yritä uudelleen."},{"$i":"sendDefaultErrorBtnOk","$v":"OK"},{"$i":"sendMissingSimCardTitle","$v":"Lähetä virhe"},{"$i":"sendMissingSimCardBody","$v":"Syötä hyväksyttävä SIM-kortti, jotta voit jatkaa."},{"$i":"sendMissingSimCardBtnOk","$v":"OK"},{"$i":"sendFlightModeTitle","$v":"Lähetä virhe"},{"$i":"sendFlightModeBody","$v":"Poista lentotila käytöstä, jotta voit lähettää viestejä."},{"$i":"sendFlightModeBtnOk","$v":"OK"},{"$i":"radioDisabledToDownloadTitle","$v":"Lataus epäonnistui"},{"$i":"radioDisabledToDownloadBody","$v":"Poista lentotila käytöstä, jotta voit ladata liitteitä."},{"$i":"radioDisabledToDownloadBtnOk","$v":[{"t":"idOrVar","v":"sendFlightModeBtnOk"}]},{"$i":"downloadDefaultErrorTitle","$v":"Lataus epäonnistui"},{"$i":"downloadDefaultErrorBody","$v":"Ongelma tekstin lataamisessa. Yritä uudelleen."},{"$i":"downloadDefaultErrorBtnOk","$v":[{"t":"idOrVar","v":"sendDefaultErrorBtnOk"}]},{"$i":"fdnErrorTitle","$v":"Lähetä virhe"},{"$i":"needConnectWifiBody","$v":["Matkapuhelinverkko ei ole käytettävissä. Yhdistä käytettävissä olevaan ",{"t":"idOrVar","v":"Wi-Fi"},"-verkkoon viestejä varten."]},{"$i":"needConnectWifiTitle","$v":"Viestiä ei lähetetty"},{"$i":"mmsChanelUsedBody","$v":"MMS-viestiä lähetetään muulla kuin DDS sub -yhteydellä. Odota, kunnes lähetys on valmis."},{"$i":"mmsChanelUsedTitle","$v":"Käytetty MMS-kanava"},{"$i":"sms-counter-notice-label","$v":["Muokataan tekstiviestiä ",{"t":"idOrVar","v":"number"}]},{"$i":"fdnErrorBody","$v":{"few":"FDN (sallitut numerot) on käytössä. Varmista, että SMS-keskus ja seuraavat vastaanottajat ovat FDN-listallasi.","many":"FDN (sallitut numerot) on käytössä. Varmista, että SMS-keskus ja seuraavat vastaanottajat ovat FDN-listallasi.","one":"FDN (sallitut numerot) on käytössä. Varmista, että SMS-keskus ja seuraava vastaanottaja ovat FDN-listallasi.","other":"FDN (sallitut numerot) on käytössä. Varmista, että SMS-keskus ja seuraavat vastaanottajat ovat FDN-listallasi.","two":"FDN (sallitut numerot) on käytössä. Varmista, että SMS-keskus ja seuraavat vastaanottajat ovat FDN-listallasi."},"$x":[{"t":"idOrVar","v":"plural"},"n"]},{"$i":"fdnErrorBtnOk","$v":"OK"},{"$i":"sendNoSignalErrorTitle","$v":"Lähetä virhe"},{"$i":"sendNoSignalErrorBody","$v":"Ei mobiilisignaalia, yritä uudelleen."},{"$i":"sendNoSignalErrorBtnOk","$v":"OK"},{"$i":"sendNotFoundErrorTitle","$v":"Lähetä virhe"},{"$i":"sendNotFoundErrorBody","$v":"Etsimäsi viesti ei ole enää saatavilla."},{"$i":"sendNotFoundErrorBtnOk","$v":"OK"},{"$i":"sendInvalidAddressErrorTitle","$v":"Lähetä virhe"},{"$i":"sendInvalidAddressErrorBody","$v":"Varmista, että yrität lähettää kelvolliseen matkapuhelinosoitteeseen."},{"$i":"sendInvalidAddressErrorBtnOk","$v":"OK"},{"$i":"simNotMatchedErrorTitle","$v":"Lataus ei onnistu"},{"$i":"simNotMatchedErrorBody","$v":"Varmista, että asennettua SIM-korttia on määrä käyttää tämän viestin vastaanottamiseen."},{"$i":"simNotMatchedErrorBtnOk","$v":"OK"},{"$i":"netWorkErrorTitle","$v":"Verkkovirhe"},{"$i":"netWorkErrorBody","$v":"Verkkovirhe. Tarkista verkkoyhteytesi."},{"$i":"netWorkErrorBtnOk","$v":"OK"},{"$i":"deleted-sms","$v":"Tämä viesti on jo poistettu."},{"$i":"view-attachment-image","$v":"Näytä"},{"$i":"view-attachment-audio","$v":"Kuuntele"},{"$i":"view-attachment-video","$v":"Näytä"},{"$i":"view-attachment-other","$v":"Näytä"},{"$i":"remove-attachment-image","$v":"Poista kuva"},{"$i":"remove-attachment-audio","$v":"Poista audio"},{"$i":"remove-attachment-video","$v":"Poista video"},{"$i":"remove-attachment-other","$v":"Poista liite"},{"$i":"replace-attachment-image","$v":"Korvaa kuva"},{"$i":"replace-attachment-audio","$v":"Vaihda audio"},{"$i":"replace-attachment-video","$v":"Korvaa video"},{"$i":"replace-attachment-other","$v":"Vaihda liite"},{"$i":"unsent-message-title","$v":"Lähettämätön viesti"},{"$i":"unsent-message-description","$v":"Edellistä viestiäsi ei lähetetty. Haluatko muokata lähettämätöntä viestiä vai hylätä sen ja jatkaa?"},{"$i":"unsent-message-option-edit","$v":"Muokkaa"},{"$i":"unsent-message-option-discard","$v":"Hylkää"},{"$i":"message-options","$v":"Viestiasetukset"},{"$i":"select-text","$v":"Valitse teksti"},{"$i":"mobile","$v":"Matkapuhelin"},{"$i":"home","$v":"Koti"},{"$i":"work","$v":"Työ"},{"$i":"personal","$v":"Henkilökohtainen"},{"$i":"faxHome","$v":"Kotifaksi"},{"$i":"faxOffice","$v":"Työfaksi"},{"$i":"faxOther","$v":"Muu faksi"},{"$i":"another","$v":"Muu"},{"$i":"other","$v":"Muu"},{"$i":"today","$v":"Tänään"},{"$i":"yesterday","$v":"Eilen"},{"$i":"incorrectDate","$v":"(virheellinen päivämäärä)"},{"$i":"addToExistingContact","$v":"Lisää nyk. yhteystietoon"},{"$i":"createNewContact","$v":"Luo uusi yht.tieto"},{"$i":"viewContact","$v":"Näytä tiedot"},{"$i":"sendEmail","$v":"Lähetä sähköposti"},{"$i":"mms-message","$v":"MMS-viesti"},{"$i":"notDownloaded-title","$v":"Viestiä ei vielä ladattu."},{"$i":"tobedownloaded-attachment","$v":["Olet saanut multimediaviestin. Paina Lataa noutaaksesi sen sisällön viimeistään ",{"t":"idOrVar","v":"date"},"."]},{"$i":"expired-attachment","$v":["Valitettavasti viesti erääntyi ",{"t":"idOrVar","v":"date"},", eikä sitä voida ladata."]},{"$i":"download-attachment","$v":"Lataa"},{"$i":"downloading-attachment","$v":"Ladataan…"},{"$i":"download-complete","$v":"Lataus valmis"},{"$i":"unnamed-attachment","$v":"nimetön"},{"$i":"mms-label","$v":"MMS"},{"$i":"not-download-label","$v":"Olet saanut multimediaviestin. Lataa sen sisältö viimeistään"},{"$i":"attachment-label","$v":"Liite"},{"$i":"attached-files-too-large","$v":{"few":["Nämä viestit ylittävät yksittäisen multimediaviestin ",{"t":"idOrVar","v":"mmsSize"}," Mt:n kokorajan."],"many":["Nämä viestit ylittävät yksittäisen multimediaviestin ",{"t":"idOrVar","v":"mmsSize"}," Mt:n kokorajan."],"one":["Tämä viesti ylittää yksittäisen multimediaviestin ",{"t":"idOrVar","v":"mmsSize"}," Mt -kokorajan."],"other":["Nämä viestit ylittävät yksittäisen multimediaviestin ",{"t":"idOrVar","v":"mmsSize"}," Mt:n kokorajan."],"two":["Nämä viestit ylittävät yksittäisen multimediaviestin ",{"t":"idOrVar","v":"mmsSize"}," Mt:n kokorajan."],"zero":["Nämä viestit ylittävät yksittäisen multimediaviestin ",{"t":"idOrVar","v":"mmsSize"}," Mt:n kokorajan."]},"$x":[{"t":"idOrVar","v":"plural"},"n"]},{"$i":"resize-image","$v":"Muutetaan liitetyn kuvan kokoa"},{"$i":"no-attachment-text","$v":"Liitetyssä viestissä on ongelma, eikä sitä voitu ladata."},{"$i":"message-draft-saved","$v":"Viesti tallennettu luonnoksena"},{"$i":"sim-id-label","$v":["SIM ",{"t":"idOrVar","v":"id"}]},{"$i":"sim-detail","$v":["SIM ",{"t":"idOrVar","v":"id"},", ",{"t":"idOrVar","v":"detailString"}]},{"$i":"dsds-notification-title-with-sim","$v":["(",{"t":"idOrVar","v":"sim"},") ",{"t":"idOrVar","v":"sender"}]},{"$i":"send-button","ariaLabel":"Lähetä"},{"$i":"send-button-sim-indication","$v":[{"t":"idOrVar","v":"n"}],"ariaLabel":["käytetään SIM-korttia ",{"t":"idOrVar","v":"n"}]},{"$i":"expiry-date-format","$v":"%A, %b %e"},{"$i":"attach-button","ariaLabel":"Lisää liite"},{"$i":"contact-photo","ariaLabel":"Yhteystiedon valokuva"},{"$i":"unread-thread","ariaLabel":"Lukematon"},{"$i":"has-draft","ariaLabel":"On luonnos"},{"$i":"is-draft","ariaLabel":"Luonnos"},{"$i":"message-delivery-status-sending","$v":"Lähetetään…"},{"$i":"message-delivery-status-delivered","$v":"Toimitettu"},{"$i":"message-delivery-status-read","ariaLabel":"Lue"},{"$i":"message-delivery-status-error","ariaLabel":"Virhe"},{"$i":"modal-dialog-ok-button","$v":"OK"},{"$i":"modal-dialog-cancel-button","$v":"Peruuta"},{"$i":"modal-dialog-default-title","$v":"Viestit"},{"$i":"delete-message","$v":"Viesti poistettu"},{"$i":"message-converted-to-toast","$v":["Viesti muunnettu tyyppiin ",{"t":"idOrVar","v":"type"}]},{"$i":"message-sent-toast","$v":"Viesti lähetetty"},{"$i":"deleteMessage-confirmation2","$v":"Poistetaanko valittu viestiketju?"},{"$i":"deleted-message","$v":{"few":[{"t":"idOrVar","v":"n"}," viestiä poistettu"],"many":[{"t":"idOrVar","v":"n"}," viestiä poistettu"],"one":[{"t":"idOrVar","v":"n"}," viesti poistettu"],"other":[{"t":"idOrVar","v":"n"}," viestiä poistettu"],"two":[{"t":"idOrVar","v":"n"}," viestiä poistettu"],"zero":"0 viestiä poistettu"},"$x":[{"t":"idOrVar","v":"plural"},"n"]},{"$i":"deleted-threads","$v":{"few":[{"t":"idOrVar","v":"n"}," viestiketjua poistettu"],"many":[{"t":"idOrVar","v":"n"}," viestiketjua poistettu"],"one":"Viestiketju poistettu","other":[{"t":"idOrVar","v":"n"}," viestiketjua poistettu"],"two":[{"t":"idOrVar","v":"n"}," viestiketjua poistettu"],"zero":"0 ketjua poistettu"},"$x":[{"t":"idOrVar","v":"plural"},"n"]},{"$i":"wapPushMessages","$v":"WAP Push -viestit"},{"$i":"auto-retrieve-messages","$v":"Nouda viestit automaattisesti"},{"$i":"auto-retrieve-messages-title","$v":"Nouda viestit automaattisesti"},{"$i":"auto-roaming-retrieve","$v":"Päällä verkkovierailtaessa"},{"$i":"auto-no-roaming-retrieve","$v":"Käytössä ilman verkkovierailua"},{"$i":"mmsTitle","$v":"Multimediaviestit (MMS)"},{"$i":"message-delivery-reports","$v":"Välitystiedot"},{"$i":"message-delivery-reports-title","$v":"Välitystiedot"},{"$i":"messageReport-title","$v":"Viestin yksityiskohdat"},{"$i":"sms-label","$v":"SMS"},{"$i":"messaging-settings","$v":"Viestiasetukset"},{"$i":"messagingSettings-header","$v":[{"t":"idOrVar","v":"messaging-settings"}]},{"$i":"confirmation-title","$v":"Vahvistus"},{"$i":"draft-save-content","$v":"Tallennetaanko luonnoksena?"},{"$i":"draft-discard-content","$v":"Viesti hylätty"},{"$i":"switch-on","$v":"Käytössä"},{"$i":"switch-off","$v":"Ei käytössä"},{"$i":"auto-retrieve-desc","$v":"Nouda viestit automaattisesti"},{"$i":"confirm-dialog-ok","$v":"OK"},{"$i":"yes","$v":"Kyllä"},{"$i":"no","$v":"Ei"},{"$i":"delete-current-thread?","$v":"Poistetaanko valittu viestiketju?"},{"$i":"attention","$v":"Huomio"},{"$i":"delivery-title","$v":"Tekstiviestit (SMS)"},{"$i":"send-failed","$v":"Lähetetty epäonnistui."},{"$i":"subject-removed","$v":"Aihe poistettu."},{"$i":"data-storage-limit-alert-title","$v":"Puhelimen tallennustila täynnä."},{"$i":"data-storage-limit-send-body","$v":"Multimediaviestin lähettäminen ei onnistu. Vapauta tilaa poistamalla viestejä tai siirtymällä asetuksiin."},{"$i":"data-storage-limit-download-body","$v":"Multimediaviestin lataaminen ei onnistu. Vapauta tilaa poistamalla viestejä tai siirtymällä asetuksiin."},{"$i":"data-storage-limit-attachment-body","$v":"Liitettä ei voi lisätä. Vapauta tilaa poistamalla viesti tai siirtymällä asetuksiin."},{"$i":"data-storage-limit-alert-cancel","$v":"Peruuta"},{"$i":"data-storage-limit-alert-setting","$v":"Asetukset"},{"$i":"recipient-repeat","$v":"Kopioi vastaanottaja."},{"$i":"email","$v":"SÄHKÖPOSTI"},{"$i":"options","$v":"Valinnat"},{"$i":"emergency-alert-title","$v":"Hätähälytykset"},{"$i":"emergency-alert","$v":"Hätähälytykset"},{"$i":"wappushNormal","$v":"Wap push"},{"$i":"wappushSIM1","$v":"WAP push - SIM 1"},{"$i":"wappushSIM2","$v":"WAP push - SIM 2"},{"$i":"not-assigned","$v":"Ei määritetty"},{"$i":"switchSIMDataSendAlertTitle","$v":"MMS:n lähetys ei onnistunut."},{"$i":"switchSIMDataSendAlertBody","$v":["Lähettääksesi MMS-viestejä, muuta dataan käytettäväksi SIM-kortiksesi SIM ",{"t":"idOrVar","v":"nonActiveSimId"}," SIM-hallinnan asetuksissa."]},{"$i":"switchSIMDataSendAlertDesc","$v":"Siirry Asetukset-sovellukseen päivittääksesi asetukset."},{"$i":"switchSIMDataReceiveAlertTitle","$v":"MMS:n vastaanotto ei onnistunut."},{"$i":"switchSIMDataReceiveAlertBody","$v":["Saadaksesi MMS-viestejä, muuta dataan käytettäväksi SIM-kortiksesi SIM ",{"t":"idOrVar","v":"nonActiveSimId"}," SIM-hallinnan asetuksissa."]},{"$i":"switchSIMDataReceiveAlertDesc","$v":"Siirry Asetukset-sovellukseen päivittääksesi asetukset."},{"$i":"group-message","$v":"Ryhmäviesti"},{"$i":"individual-message","$v":"Yksittäinen viesti"},{"$i":"group-message-alert-title","$v":"Ryhmäviesti"},{"$i":"group-message-alert-body","$v":"Luodaanko ryhmäviesti? (Multimediaviestinä lähetettävä ryhmäviesti aiheuttaa lisäkustannuksia langattoman yhteyden palveluntarjoajan sopimuksen mukaisesti.)"},{"$i":"group-message-individual","$v":"Ei"},{"$i":"group-message-setting","$v":"Luo"},{"$i":"new-message-individual","$v":"Uusi viesti (Yksittäinen)"},{"$i":"new-message-group","$v":"Uusi viesti (Ryhmä)"},{"$i":"device-phone-number","$v":"Oma puhelinnumeroni"},{"$i":"group-message-phone","$v":"Ryhmäviestit"},{"$i":"my-phone-number-SIM1","$v":"Oma puhelinnumero – SIM 1"},{"$i":"my-phone-number-SIM2","$v":"Oma puhelinnumero – SIM 2"},{"$i":"delivery-notification","$v":"Viesti toimitettu"},{"$i":"wait","$v":"odottaa"},{"$i":"isTextTooLongAlert","$v":"Viestin maksimipituus ylitetty."},{"$i":"video-call","$v":"Videopuhelu"},{"$i":"normal-call","$v":"Puhelu"},{"$i":"attachment","$v":"Liite"},{"$i":"limit-MMS-recipients","$v":"Voidaan lähettää enintään 20 vastaanottajalle MMS-viestiä kohti."},{"$i":"block-contact","$v":"Estä yhteystieto"},{"$i":"blocked","$v":"Estä"},{"$i":"unblocked","$v":"Esto"},{"$i":"rtt-call","$v":"RTT-puhelu"},{"$i":"remove-all-attachments","$v":"Poista kaikki liitteet"},{"$i":"block-confirmation","$v":"Et saa puheluita tai viestejä estolistalla olevilta ihmisiltä."},{"$i":"space-low-not-save","$v":"Tallennustila on täynnä, joten luonnoksen tallentaminen ei onnistu."},{"$i":"creation-mode-messages","$v":"Luomistila"},{"$i":"creation-mode-restricted","$v":"Rajoitettu"},{"$i":"creation-mode-warning","$v":"Varoitus"},{"$i":"creation-mode-free","$v":"Vapaa"},{"$i":"creationMode_restricted_title","$v":"luomistilaraja"},{"$i":"creationMode_restricted_alert","$v":"Luomistila on rajoitettu. Et voi lisätä liitettä, joka on muu kuin Core MM Content -toimialue."},{"$i":"creationMode_warning_title","$v":"luomistilavaroitus"},{"$i":"creationMode_warning_alert","$v":"Vahvistatko sellaisen liitteen lisäämisen, joka on muu kuin Core MM Content -toimialue."},{"$i":"withoutDataTitle","$v":"Ei datayhteyttä"},{"$i":"withoutDataBody","$v":"Ota käyttöön Datayhteys Asetuksissa, jos haluat lähettää tai ladata multimediaviestejä."},{"$i":"withoutDataBtnOk","$v":"OK"},{"$i":"withoutDataBtnSettings","$v":"Asetukset"},{"$i":"FTUTitle","$v":"Tervetuloa viesteihin."},{"$i":"FTUBody","$v":"Sinun on annettava puhelinnumerosi ryhmäviestien käyttämistä varten."},{"$i":"myNumber","$v":"Oma puhelinnumeroni"},{"$i":"myNumber-SIM1","$v":"Oma puhelinnumero – SIM 1"},{"$i":"myNumber-SIM2","$v":"Oma puhelinnumero – SIM 2"},{"$i":"save-number","$v":"Tallenna"},{"$i":"input-alert-show","$v":"Tämä on puhelinnumerosi."},{"$i":"input-alert-reInput","$v":"Sinun on annettava puhelinnumerosi ryhmäviestien käyttämistä varten."},{"$i":"multiple-recipients-flag","$v":",..."},{"$i":"parent-control-text","$v":"Tämä numero on estetty. Voit pyytää vanhemmiltasi lupaa."},{"$i":"groupNumberInputOne-placeholder","$v":"Oma puhelinnumero – SIM 1"},{"$i":"groupNumberInputOne","$v":"Oma puhelinnumeroni"},{"$i":"groupNumberInputTwo-placeholder","$v":"Oma puhelinnumero – SIM 2"},{"$i":"groupNumberInputTwo","$v":"Oma puhelinnumeroni"},{"$i":"custom-message-sent","$v":["Vastattu henkilölle ",{"t":"idOrVar","v":"name"}]},{"$i":"colon","$v":":"},{"$i":"sms-encoding-mode","$v":"SMS-koodaus"},{"$i":"sms-reduced-format","$v":"Suppea muoto"},{"$i":"sms-full-format","$v":"Täydellinen muoto"},{"$i":"smscNormal","$v":"Palvelukeskus"},{"$i":"smscSIM1","$v":"Palvelukeskus SIM1"},{"$i":"smscSIM2","$v":"Palvelukeskus SIM2"},{"$i":"weekday-0-long","$v":"Sunnuntai"},{"$i":"weekday-1-long","$v":"Maanantai"},{"$i":"weekday-2-long","$v":"Tiistai"},{"$i":"weekday-3-long","$v":"Keskiviikko"},{"$i":"weekday-4-long","$v":"Torstai"},{"$i":"weekday-5-long","$v":"Perjantai"},{"$i":"weekday-6-long","$v":"Lauantai"},{"$i":"weekday-0-short","$v":"Su"},{"$i":"weekday-1-short","$v":"Ma"},{"$i":"weekday-2-short","$v":"Ti"},{"$i":"weekday-3-short","$v":"Ke"},{"$i":"weekday-4-short","$v":"To"},{"$i":"weekday-5-short","$v":"Pe"},{"$i":"weekday-6-short","$v":"La"},{"$i":"month-0-long","$v":"Tammikuu"},{"$i":"month-1-long","$v":"Helmikuu"},{"$i":"month-2-long","$v":"Maaliskuu"},{"$i":"month-3-long","$v":"Huhtikuu"},{"$i":"month-4-long","$v":"Toukokuu"},{"$i":"month-5-long","$v":"Kesäkuu"},{"$i":"month-6-long","$v":"Heinäkuu"},{"$i":"month-7-long","$v":"Elokuu"},{"$i":"month-8-long","$v":"Syyskuu"},{"$i":"month-9-long","$v":"Lokakuu"},{"$i":"month-10-long","$v":"Marraskuu"},{"$i":"month-11-long","$v":"Joulukuu"},{"$i":"month-0-genitive","$v":"Tammikuu"},{"$i":"month-1-genitive","$v":"Helmikuu"},{"$i":"month-2-genitive","$v":"Maaliskuu"},{"$i":"month-3-genitive","$v":"Huhtikuu"},{"$i":"month-4-genitive","$v":"Toukokuu"},{"$i":"month-5-genitive","$v":"Kesäkuu"},{"$i":"month-6-genitive","$v":"Heinäkuu"},{"$i":"month-7-genitive","$v":"Elokuu"},{"$i":"month-8-genitive","$v":"Syyskuu"},{"$i":"month-9-genitive","$v":"Lokakuu"},{"$i":"month-10-genitive","$v":"Marraskuu"},{"$i":"month-11-genitive","$v":"Joulukuu"},{"$i":"month-0-short","$v":"tam"},{"$i":"month-1-short","$v":"hel"},{"$i":"month-2-short","$v":"maa"},{"$i":"month-3-short","$v":"huh"},{"$i":"month-4-short","$v":"tou"},{"$i":"month-5-short","$v":"kes"},{"$i":"month-6-short","$v":"hei"},{"$i":"month-7-short","$v":"elo"},{"$i":"month-8-short","$v":"syy"},{"$i":"month-9-short","$v":"lok"},{"$i":"month-10-short","$v":"mar"},{"$i":"month-11-short","$v":"jou"},{"$i":"minutes-ago-long","$v":{"few":[{"t":"idOrVar","v":"value"}," minuuttia sitten"],"many":[{"t":"idOrVar","v":"value"}," minuuttia sitten"],"other":[{"t":"idOrVar","v":"value"}," minuuttia sitten"],"two":[{"t":"idOrVar","v":"value"}," minuuttia sitten"],"one":"minuutti sitten","zero":"juuri nyt"},"$x":[{"t":"idOrVar","v":"plural"},"value"]},{"$i":"hours-ago-long","$v":{"few":[{"t":"idOrVar","v":"value"}," tuntia sitten"],"many":[{"t":"idOrVar","v":"value"}," tuntia sitten"],"other":[{"t":"idOrVar","v":"value"}," tuntia sitten"],"two":[{"t":"idOrVar","v":"value"}," tuntia sitten"],"one":"1 tunti sitten","zero":"juuri nyt"},"$x":[{"t":"idOrVar","v":"plural"},"value"]},{"$i":"days-ago-long","$v":{"few":[{"t":"idOrVar","v":"value"}," päivää sitten"],"many":[{"t":"idOrVar","v":"value"}," päivää sitten"],"one":"eilen","other":[{"t":"idOrVar","v":"value"}," päivää sitten"],"two":[{"t":"idOrVar","v":"value"}," päivää sitten"],"zero":"tänään"},"$x":[{"t":"idOrVar","v":"plural"},"value"]},{"$i":"weeks-ago-long","$v":{"few":[{"t":"idOrVar","v":"value"}," viikkoa sitten"],"many":[{"t":"idOrVar","v":"value"}," viikkoa sitten"],"one":"viime viikolla","other":[{"t":"idOrVar","v":"value"}," viikkoa sitten"],"two":[{"t":"idOrVar","v":"value"}," viikkoa sitten"],"zero":"tällä viikolla"},"$x":[{"t":"idOrVar","v":"plural"},"value"]},{"$i":"months-ago-long","$v":{"few":[{"t":"idOrVar","v":"value"}," kuukautta sitten"],"many":[{"t":"idOrVar","v":"value"}," kuukautta sitten"],"one":"viimeinen kuukausi","other":[{"t":"idOrVar","v":"value"}," kuukautta sitten"],"two":[{"t":"idOrVar","v":"value"}," kuukautta sitten"],"zero":"tässä kuussa"},"$x":[{"t":"idOrVar","v":"plural"},"value"]},{"$i":"years-ago-long","$v":{"few":[{"t":"idOrVar","v":"value"}," vuotta sitten"],"many":[{"t":"idOrVar","v":"value"}," vuotta sitten"],"one":"viime vuonna","other":[{"t":"idOrVar","v":"value"}," vuotta sitten"],"two":[{"t":"idOrVar","v":"value"}," vuotta sitten"],"zero":"tänä vuonna"},"$x":[{"t":"idOrVar","v":"plural"},"value"]},{"$i":"minutes-until-long","$v":{"few":[{"t":"idOrVar","v":"value"}," minuutin kuluttua"],"many":[{"t":"idOrVar","v":"value"}," minuutin kuluttua"],"other":[{"t":"idOrVar","v":"value"}," minuutin kuluttua"],"two":[{"t":"idOrVar","v":"value"}," minuutin kuluttua"],"zero":"nyt","one":"1 minuutissa"},"$x":[{"t":"idOrVar","v":"plural"},"value"]},{"$i":"hours-until-long","$v":{"few":[{"t":"idOrVar","v":"value"}," tunnin kuluttua"],"many":[{"t":"idOrVar","v":"value"}," tunnin kuluttua"],"other":[{"t":"idOrVar","v":"value"}," tunnin kuluttua"],"two":[{"t":"idOrVar","v":"value"}," tunnin kuluttua"],"zero":"nyt","one":"1 tunnissa"},"$x":[{"t":"idOrVar","v":"plural"},"value"]},{"$i":"days-until-long","$v":{"few":[{"t":"idOrVar","v":"value"}," päivän kuluttua"],"many":[{"t":"idOrVar","v":"value"}," päivän kuluttua"],"one":"huomenna","other":[{"t":"idOrVar","v":"value"}," päivän kuluttua"],"two":[{"t":"idOrVar","v":"value"}," päivän kuluttua"],"zero":"tänään"},"$x":[{"t":"idOrVar","v":"plural"},"value"]},{"$i":"weeks-until-long","$v":{"few":[{"t":"idOrVar","v":"value"}," viikon kuluttua"],"many":[{"t":"idOrVar","v":"value"}," viikon kuluttua"],"one":"seuraava viikko","other":[{"t":"idOrVar","v":"value"}," viikon kuluttua"],"two":[{"t":"idOrVar","v":"value"}," viikon kuluttua"],"zero":"tällä viikolla"},"$x":[{"t":"idOrVar","v":"plural"},"value"]},{"$i":"months-until-long","$v":{"few":[{"t":"idOrVar","v":"value"}," kuukauden kuluttua"],"many":[{"t":"idOrVar","v":"value"}," kuukauden kuluttua"],"one":"seuraava kuukausi","other":[{"t":"idOrVar","v":"value"}," kuukauden kuluttua"],"two":[{"t":"idOrVar","v":"value"}," kuukauden kuluttua"],"zero":"tässä kuussa"},"$x":[{"t":"idOrVar","v":"plural"},"value"]},{"$i":"years-until-long","$v":{"few":[{"t":"idOrVar","v":"value"}," vuoden kuluttua"],"many":[{"t":"idOrVar","v":"value"}," vuoden kuluttua"],"one":"seuraava vuosi","other":[{"t":"idOrVar","v":"value"}," vuoden kuluttua"],"two":[{"t":"idOrVar","v":"value"}," vuoden kuluttua"],"zero":"tänä vuonna"},"$x":[{"t":"idOrVar","v":"plural"},"value"]},{"$i":"minutes-ago-short","$v":{"other":[{"t":"idOrVar","v":"value"}," m sitten"],"zero":"juuri nyt"},"$x":[{"t":"idOrVar","v":"plural"},"value"]},{"$i":"hours-ago-short","$v":{"other":[{"t":"idOrVar","v":"value"}," h sitten"],"zero":"juuri nyt"},"$x":[{"t":"idOrVar","v":"plural"},"value"]},{"$i":"days-ago-short","$v":{"other":[{"t":"idOrVar","v":"value"}," pvää sitten"],"zero":"tänään"},"$x":[{"t":"idOrVar","v":"plural"},"value"]},{"$i":"minutes-until-short","$v":{"other":[{"t":"idOrVar","v":"value"}," m kuluttua"],"zero":"nyt"},"$x":[{"t":"idOrVar","v":"plural"},"value"]},{"$i":"hours-until-short","$v":{"other":[{"t":"idOrVar","v":"value"}," h kuluttua"],"zero":"nyt"},"$x":[{"t":"idOrVar","v":"plural"},"value"]},{"$i":"days-until-short","$v":{"other":[{"t":"idOrVar","v":"value"}," pvän kuluttua"],"zero":"tänään"},"$x":[{"t":"idOrVar","v":"plural"},"value"]},{"$i":"dateTimeFormat_%c","$v":"%a %b %e %Y %I:%M:%S %p"},{"$i":"dateTimeFormat_%x","$v":"%m/%d/%Y"},{"$i":"dateTimeFormat_%X","$v":"%I:%M:%S %p"},{"$i":"shortTimeFormat","$v":"%I:%M %p"},{"$i":"shortTimeFormat12","$v":"%I:%M %p"},{"$i":"shortTimeFormat24","$v":"%H:%M"},{"$i":"shortDateTimeFormat","$v":"%x %I:%M %p"},{"$i":"weekStartsOnMonday","$v":"0.0"},{"$i":"firstDayOfTheWeek","$v":"1.0"},{"$i":"time_am","$v":"AM"},{"$i":"time_pm","$v":"PM"},{"$i":"softkey-options","$v":"Valinnat"},{"$i":"emergencyNumber","$v":"Hätänumero"},{"$i":"callAirplaneModeMessage","$v":"Sinun on otettava lentotila pois käytöstä asetuksissa, jotta voit soittaa puhelun."},{"$i":"callAirplaneModeBtnOk","$v":"OK"},{"$i":"callAirplaneModeTitle","$v":"Lentotila aktivoitu"},{"$i":"numberIsBusyTitle","$v":"Numero on varattu"},{"$i":"numberIsBusyMessage","$v":"Numero on tällä hetkellä varattu. Yritä uudelleen myöhemmin."},{"$i":"fdnIsActiveTitle","$v":"FDN aktiivinen"},{"$i":"fdnIsActiveMessage","$v":["FDN (sallitut numerot) on otettu käyttöön, eikä seuraava numero ole FDN-listallasi: ",{"t":"idOrVar","v":"number"}]},{"$i":"emergencyDialogBodyBadNumber","$v":"Puhelin on kytkettävä verkkoon, jotta voit soittaa puhelun."},{"$i":"emergencyDialogBodyDeviceNotAccepted","$v":"Verkko ei salli hätäpuheluja."},{"$i":"emergencyDialogBtnOk","$v":"OK"},{"$i":"emergencyDialogTitle","$v":"Ei verkkoyhteyttä"},{"$i":"invalidNumberToDialTitle","$v":"Puhelinnumero ei kelpaa"},{"$i":"invalidNumberToDialMessage","$v":"Soitat puhelinnumeroon, joka ei ole kelvollinen."},{"$i":"unableToCallTitle","$v":"Puhelua ei voi soittaa. "},{"$i":"unableToCallMessage","$v":"Puhelua ei voi nyt soittaa"},{"$i":"otherConnectionInUseTitle","$v":"Toinen yhteys käytössä"},{"$i":"otherConnectionInUseMessage","$v":"Toisessa yhteydessä on aktiivinen puhelu. Voit käyttää vain yhtä yhteyttä kerrallaan."},{"$i":"connectingEllipsis","$v":"Yhdistetään..."}]