[{"$i":"messages","$v":"Messages"},{"$i":"deleteMessages-title","$v":"Sélectionner"},{"$i":"selectThreads-title","$v":"Sélectionner"},{"$i":"edit","$v":"Modifier"},{"$i":"back","$v":"Arrière"},{"$i":"cancel","$v":"Annuler"},{"$i":"delete","$v":"Supprimer"},{"$i":"deleting-messages","$v":"Annulation en cours..."},{"$i":"deselect","$v":"Désélectionner"},{"$i":"selected-threads","$v":{"few":[{"t":"idOrVar","v":"n"}," sélectionnés"],"many":[{"t":"idOrVar","v":"n"}," sélectionnés"],"one":[{"t":"idOrVar","v":"n"}," sélectionnés"],"other":[{"t":"idOrVar","v":"n"}," sélectionnés"],"two":[{"t":"idOrVar","v":"n"}," sélectionnés"],"zero":"0 sélectionné"},"$x":[{"t":"idOrVar","v":"plural"},"n"]},{"$i":"selected-messages","$v":{"few":[{"t":"idOrVar","v":"n"}," sélectionnés"],"many":[{"t":"idOrVar","v":"n"}," sélectionnés"],"one":[{"t":"idOrVar","v":"n"}," sélectionnés"],"other":[{"t":"idOrVar","v":"n"}," sélectionnés"],"two":[{"t":"idOrVar","v":"n"}," sélectionnés"],"zero":"0 sélectionné"},"$x":[{"t":"idOrVar","v":"plural"},"n"]},{"$i":"selectThreads-label","$v":"Sélectionner le fil"},{"$i":"selectMessages-label","$v":"Sélectionner les messages"},{"$i":"new-message","$v":"Nouveau"},{"$i":"delete-thread","$v":"Supprimer le fil"},{"$i":"create-new-contact","$v":"Créer un nouveau contact"},{"$i":"add-to-contact","$v":"Ajouter à un contact existant"},{"$i":"select-thread","$v":"Sélectionner le fil"},{"$i":"settings","$v":"Réglages"},{"$i":"select-all","$v":"Tout"},{"$i":"deselect-all","$v":"Aucun"},{"$i":"select","$v":"Sélectionner"},{"$i":"sk-save-as-draft","$v":"Enregistrer le brouillon"},{"$i":"next","$v":"Suivant"},{"$i":"send","$v":"Envoyer"},{"$i":"add-contact","$v":"Ajouter"},{"$i":"add-suggestion","$v":"Sélectionner"},{"$i":"add-subject","$v":"Ajouter l'objet"},{"$i":"remove-subject","$v":"Retirer l'objet"},{"$i":"add-attachment","$v":"Ajouter une pièce jointe"},{"$i":"remove-attachment","$v":"Retirer la pièce jointe"},{"$i":"replace-attachment","$v":"Remplacer la pièce jointe"},{"$i":"select-messages","$v":"Sélectionner les messages"},{"$i":"call","$v":"Appeler"},{"$i":"forward","$v":"Transférer"},{"$i":"view-message-report","$v":"Voir rapport du message"},{"$i":"cancel-view-report","$v":"Annuler"},{"$i":"ok","$v":"OK"},{"$i":"enter","$v":"Saisir"},{"$i":"open","$v":"Ouvrir"},{"$i":"to","$v":"À"},{"$i":"new","$v":"Nouveau"},{"$i":"message","$v":"Message"},{"$i":"messagesInput_placeholder","$v":"Message"},{"$i":"messagesSubjectInput_placeholder","$v":"Objet"},{"$i":"subjectComposerInput_placeholder","$v":"Objet"},{"$i":"converted-to-mms","$v":"Conversion en message multimédia"},{"$i":"converted-to-sms","$v":"Conversion en message texte"},{"$i":"messages-max-length-text","$v":"Vous avez atteint la longueur maximale."},{"$i":"messages-max-subject-length-text","$v":"La longueur maximale de l'objet est atteinte."},{"$i":"multimedia-message-exceeded-max-length","$v":["Ce message dépasse la taille maximale de ",{"t":"idOrVar","v":"mmsSize"}," Mo pour un message multimédia."]},{"$i":"newMessage","$v":"Nouveau message"},{"$i":"sendMessage","$v":"Envoyer le message"},{"$i":"sendMMSToEmail","$v":"Envoyer message multimédia"},{"$i":"no-recipient","$v":"(Pas de destinataire)"},{"$i":"recipient","$v":{"few":[{"t":"idOrVar","v":"n"}," destinataires"],"many":[{"t":"idOrVar","v":"n"}," destinataires"],"one":[{"t":"idOrVar","v":"n"}," destinataire"],"other":[{"t":"idOrVar","v":"n"}," destinataires"],"two":[{"t":"idOrVar","v":"n"}," destinataires"]},"$x":[{"t":"idOrVar","v":"plural"},"n"]},{"$i":"attachmentSizeB","$v":[{"t":"idOrVar","v":"n"}," o"]},{"$i":"attachmentSizeKB","$v":[{"t":"idOrVar","v":"n"}," Ko"]},{"$i":"attachmentSizeMB","$v":[{"t":"idOrVar","v":"n"}," Mo"]},{"$i":"attachmentOpenError","$v":"Aucune application n'est disponible pour ouvrir ce type de fichier."},{"$i":"attachmentNotFile","$v":"Fichier non trouvé."},{"$i":"remove","$v":"Supprimer"},{"$i":"participant","$v":{"few":[{"t":"idOrVar","v":"n"}," participants"],"many":[{"t":"idOrVar","v":"n"}," participants"],"one":[{"t":"idOrVar","v":"n"}," participant"],"other":[{"t":"idOrVar","v":"n"}," participants"],"two":[{"t":"idOrVar","v":"n"}," participants"]},"$x":[{"t":"idOrVar","v":"plural"},"n"]},{"$i":"message-report","$v":"Rapport du message"},{"$i":"message-type-sms","$v":"Message texte (SMS)"},{"$i":"message-type-mms","$v":"Message multimédia (MMS)"},{"$i":"sms-report-description","$v":["Votre message texte (SMS) a été envoyé le ",{"t":"idOrVar","v":"datetime"},"."]},{"$i":"mms-report-description","$v":["Votre message multimédia (MMS), objet ",{"t":"idOrVar","v":"subject"},", a été envoyé le ",{"t":"idOrVar","v":"datetime"},"."]},{"$i":"mms-no-subject-report-description","$v":["Votre message multimédia (MMS) a été envoyé le ",{"t":"idOrVar","v":"datetime"},"."]},{"$i":"message-subject","$v":"Objet :"},{"$i":"report-status-error","$v":"Le message n'a pas été envoyé."},{"$i":"report-status-not-downloaded","$v":"pas téléchargé"},{"$i":"report-status-delivered","$v":"Livré :"},{"$i":"report-status-read","$v":"Lu :"},{"$i":"report-status-pending","$v":"Rapport demandé"},{"$i":"report-status-rejected","$v":"Message rejeté"},{"$i":"message-size-was","$v":"Taille du message :"},{"$i":"report-to-title","$v":"À"},{"$i":"report-from-title","$v":"DE"},{"$i":"message-sent","$v":"Envoyé :"},{"$i":"message-sending","$v":[{"t":"idOrVar","v":"message-delivery-status-sending"}]},{"$i":"message-received","$v":"Reçu :"},{"$i":"message-via","$v":"Via :"},{"$i":"message-resend","$v":"Renvoyer"},{"$i":"search","$v":"Chercher"},{"$i":"unknown-contact-title","$v":"Contact inconnu"},{"$i":"phone-type-separator","$v":", "},{"$i":"phone-carrier-separator","$v":" "},{"$i":"thread-participant-separator","$v":", "},{"$i":"replace-draft","$v":"Remplacer le brouillon existant"},{"$i":"save-as-draft","$v":"Enregistrer"},{"$i":"discard-message","$v":"Ignorer"},{"$i":"discard-sms","$v":"Êtes-vous certain de vouloir rejeter ce message?"},{"$i":"discard-new-message","$v":"Rejeter le message que vous êtes en train de rédiger et ouvrir le nouveau message?"},{"$i":"resend-confirmation","$v":"Le message n'a pas été envoyé. Réessayez?"},{"$i":"resend-message","$v":"Renvoyer ce message"},{"$i":"deleteMessage-confirmation","$v":"Supprimer le message sélectionné?"},{"$i":"deleteMessages-confirmation","$v":"Supprimer les messages sélectionnés?"},{"$i":"deleteThreads-confirmation2","$v":{"one":"Supprimer le fil de message?","other":"Supprimer les fils de message sélectionné?"},"$x":[{"t":"idOrVar","v":"plural"},"n"]},{"$i":"new-message-notice-text","$v":"Nouveau message de"},{"$i":"new-message-notice-a-text","$v":"Le lire"},{"$i":"noMessages-title","$v":"Pas de message"},{"$i":"noMessages-text","$v":"Pour commencer à communiquer, appuyez sur Nouveau."},{"$i":"sendDefaultErrorTitle","$v":"Message non trouvé"},{"$i":"sendDefaultErrorBody","$v":"Un problème est survenu en envoyant le message. Veuillez réessayer."},{"$i":"sendDefaultErrorBtnOk","$v":"OK"},{"$i":"sendMissingSimCardTitle","$v":"Message non trouvé"},{"$i":"sendMissingSimCardBody","$v":"Insérez une carte SIM valide pour poursuivre."},{"$i":"sendMissingSimCardBtnOk","$v":"OK"},{"$i":"sendFlightModeTitle","$v":"Message non trouvé"},{"$i":"sendFlightModeBody","$v":"Désactivez le mode avion pour envoyer des messages."},{"$i":"sendFlightModeBtnOk","$v":"OK"},{"$i":"radioDisabledToDownloadTitle","$v":"Échec de téléchargement"},{"$i":"radioDisabledToDownloadBody","$v":"Désactivez le mode avion pour télécharger des pièces jointes."},{"$i":"radioDisabledToDownloadBtnOk","$v":[{"t":"idOrVar","v":"sendFlightModeBtnOk"}]},{"$i":"downloadDefaultErrorTitle","$v":"Échec de téléchargement"},{"$i":"downloadDefaultErrorBody","$v":"Problème de téléchargement du message. Veuillez réessayer."},{"$i":"downloadDefaultErrorBtnOk","$v":[{"t":"idOrVar","v":"sendDefaultErrorBtnOk"}]},{"$i":"fdnErrorTitle","$v":"Message non trouvé"},{"$i":"needConnectWifiBody","$v":["Aucun réseau cellulaire disponible. Connectez-vous à un réseau ",{"t":"idOrVar","v":"Wi-Fi"}," disponible pour la messagerie."]},{"$i":"needConnectWifiTitle","$v":"Message non envoyé"},{"$i":"mmsChanelUsedBody","$v":"Un MMS est en cours d'envoi par un sous-processus non-DDS, veuillez patienter."},{"$i":"mmsChanelUsedTitle","$v":"Canal de message multimédia utilisé"},{"$i":"sms-counter-notice-label","$v":["Modification du SMS ",{"t":"idOrVar","v":"number"}]},{"$i":"fdnErrorBody","$v":{"one":"FDN (Fixed Dialing Numbers) is activated. Make sure the SMS center and the following recipient are in your FDN list.","two":"FDN (Fixed Dialing Numbers) is activated. Make sure the SMS center and the following recipients are in your FDN list.","few":"FDN (Fixed Dialing Numbers) is activated. Make sure the SMS center and the following recipients are in your FDN list.","many":"FDN (Fixed Dialing Numbers) is activated. Make sure the SMS center and the following recipients are in your FDN list.","other":"FDN (Fixed Dialing Numbers) is activated. Make sure the SMS center and the following recipients are in your FDN list."},"$x":[{"t":"idOrVar","v":"plural"},"n"]},{"$i":"fdnErrorBtnOk","$v":"OK"},{"$i":"sendNoSignalErrorTitle","$v":"Message non trouvé"},{"$i":"sendNoSignalErrorBody","$v":"Aucun signal cellulaire, veuillez réessayer."},{"$i":"sendNoSignalErrorBtnOk","$v":"OK"},{"$i":"sendNotFoundErrorTitle","$v":"Message non trouvé"},{"$i":"sendNotFoundErrorBody","$v":"Le message que vous cherchez n'est plus disponible."},{"$i":"sendNotFoundErrorBtnOk","$v":"OK"},{"$i":"sendInvalidAddressErrorTitle","$v":"Message non trouvé"},{"$i":"sendInvalidAddressErrorBody","$v":"Assurez-vous que le numéro composé est valide."},{"$i":"sendInvalidAddressErrorBtnOk","$v":"OK"},{"$i":"simNotMatchedErrorTitle","$v":"Ne peut pas télécharger"},{"$i":"simNotMatchedErrorBody","$v":"Veuillez vous assurer que la carte SIM inséré est celle utilisée pour recevoir ce message."},{"$i":"simNotMatchedErrorBtnOk","$v":"OK"},{"$i":"netWorkErrorTitle","$v":"Panne de réseau"},{"$i":"netWorkErrorBody","$v":"Erreur de réseau. Vérifiez votre connexion au réseau."},{"$i":"netWorkErrorBtnOk","$v":"OK"},{"$i":"deleted-sms","$v":"Ce message est déjà supprimé."},{"$i":"view-attachment-image","$v":"Visionner"},{"$i":"view-attachment-audio","$v":"Écouter"},{"$i":"view-attachment-video","$v":"Visionner"},{"$i":"view-attachment-other","$v":"Visionner"},{"$i":"remove-attachment-image","$v":"Retirer l'image"},{"$i":"remove-attachment-audio","$v":"Retirer l'audio"},{"$i":"remove-attachment-video","$v":"Retirer la vidéo"},{"$i":"remove-attachment-other","$v":"Retirer la pièce jointe"},{"$i":"replace-attachment-image","$v":"Remplacer l'image"},{"$i":"replace-attachment-audio","$v":"Remplacer l'audio"},{"$i":"replace-attachment-video","$v":"Remplacer la vidéo"},{"$i":"replace-attachment-other","$v":"Remplacer la pièce jointe"},{"$i":"unsent-message-title","$v":"Message non envoyé"},{"$i":"unsent-message-description","$v":"Votre message précédent n'a pas été envoyé. Voulez-vous modifier le message non envoyé ou le rejeter et poursuivre?"},{"$i":"unsent-message-option-edit","$v":"Modifier"},{"$i":"unsent-message-option-discard","$v":"Ignorer"},{"$i":"message-options","$v":"Options du message"},{"$i":"select-text","$v":"Sélectionner le texte"},{"$i":"mobile","$v":"Cellulaire"},{"$i":"home","$v":"Domicile"},{"$i":"work","$v":"Travail"},{"$i":"personal","$v":"Personnel"},{"$i":"faxHome","$v":"Télécopieur à la maison"},{"$i":"faxOffice","$v":"Télécopieur au travail"},{"$i":"faxOther","$v":"Télécopieur - autre"},{"$i":"another","$v":"Un autre"},{"$i":"other","$v":"Autre"},{"$i":"today","$v":"Aujourd'hui"},{"$i":"yesterday","$v":"Hier"},{"$i":"incorrectDate","$v":"(date erronée)"},{"$i":"addToExistingContact","$v":"Ajouter à un contact existant"},{"$i":"createNewContact","$v":"Créer un nouveau contact"},{"$i":"viewContact","$v":"Visualiser le contact"},{"$i":"sendEmail","$v":"Envoyer le courriel"},{"$i":"mms-message","$v":"Message MMS"},{"$i":"notDownloaded-title","$v":"Le message n'est pas encore téléchargé."},{"$i":"tobedownloaded-attachment","$v":["Vous avez reçu un message multimédia. Vous pouvez utiliser le lien ci-dessous pour télécharger son contenu jusqu'au ",{"t":"idOrVar","v":"date"},"."]},{"$i":"expired-attachment","$v":["Désolé, le message a expiré le ",{"t":"idOrVar","v":"date"}," et ne peut pas être téléchargé."]},{"$i":"download-attachment","$v":"Télécharger"},{"$i":"downloading-attachment","$v":"Téléchargement en cours..."},{"$i":"download-complete","$v":"Téléchargement complété"},{"$i":"unnamed-attachment","$v":"sans titre"},{"$i":"mms-label","$v":"MMS"},{"$i":"not-download-label","$v":"Vous avez reçu un message multimédia; téléchargez-le pour récupérer le contenu avant"},{"$i":"attachment-label","$v":"Pièces jointes"},{"$i":"attached-files-too-large","$v":{"few":["Ces messages dépassent la limite de taille d'un seul message multimédia (",{"t":"idOrVar","v":"mmsSize"}," Mo)."],"many":["Ces messages dépassent la limite de taille d'un seul message multimédia (",{"t":"idOrVar","v":"mmsSize"}," Mo)."],"one":["Ce message dépasse la taille maximale de ",{"t":"idOrVar","v":"mmsSize"}," Mo pour un message multimédia."],"other":["Ces messages dépassent la limite de taille d'un seul message multimédia (",{"t":"idOrVar","v":"mmsSize"}," Mo)."],"two":["Ces messages dépassent la limite de taille d'un seul message multimédia (",{"t":"idOrVar","v":"mmsSize"}," Mo)."],"zero":["Ces messages dépassent la limite de taille d'un seul message multimédia (",{"t":"idOrVar","v":"mmsSize"}," Mo)."]},"$x":[{"t":"idOrVar","v":"plural"},"n"]},{"$i":"resize-image","$v":"Redimensionnement de l'image jointe"},{"$i":"no-attachment-text","$v":"Un problème avec la pièce jointe s'est produit et il ne peut pas être téléchargé."},{"$i":"message-draft-saved","$v":"Le message est enregistré comme brouillon."},{"$i":"sim-id-label","$v":["Carte SIM ",{"t":"idOrVar","v":"id"}]},{"$i":"sim-detail","$v":["SIM ",{"t":"idOrVar","v":"id"},", ",{"t":"idOrVar","v":"detailString"}]},{"$i":"dsds-notification-title-with-sim","$v":["(",{"t":"idOrVar","v":"sim"},") ",{"t":"idOrVar","v":"sender"}]},{"$i":"send-button","ariaLabel":"Envoyer"},{"$i":"send-button-sim-indication","$v":[{"t":"idOrVar","v":"n"}],"ariaLabel":["utilisation de la SIM ",{"t":"idOrVar","v":"n"}]},{"$i":"expiry-date-format","$v":"%A %e %b"},{"$i":"attach-button","ariaLabel":"Ajouter une pièce jointe"},{"$i":"contact-photo","ariaLabel":"Photo du contact"},{"$i":"unread-thread","ariaLabel":"Non lu"},{"$i":"has-draft","ariaLabel":"A un brouillon"},{"$i":"is-draft","ariaLabel":"Brouillon"},{"$i":"message-delivery-status-sending","$v":"Envoi en cours..."},{"$i":"message-delivery-status-delivered","$v":"Delivered"},{"$i":"message-delivery-status-read","ariaLabel":"Lu"},{"$i":"message-delivery-status-error","ariaLabel":"Erreur"},{"$i":"modal-dialog-ok-button","$v":"OK"},{"$i":"modal-dialog-cancel-button","$v":"Annuler"},{"$i":"modal-dialog-default-title","$v":"Messages"},{"$i":"delete-message","$v":"Message supprimé"},{"$i":"message-converted-to-toast","$v":["Message converti en ",{"t":"idOrVar","v":"type"}]},{"$i":"message-sent-toast","$v":"Message envoyé"},{"$i":"deleteMessage-confirmation2","$v":"Supprimer le fil de message?"},{"$i":"deleted-message","$v":{"few":[{"t":"idOrVar","v":"n"}," messages supprimés"],"many":[{"t":"idOrVar","v":"n"}," messages supprimés"],"one":[{"t":"idOrVar","v":"n"}," message supprimé"],"other":[{"t":"idOrVar","v":"n"}," messages supprimés"],"two":[{"t":"idOrVar","v":"n"}," messages supprimés"],"zero":"0 message supprimé"},"$x":[{"t":"idOrVar","v":"plural"},"n"]},{"$i":"deleted-threads","$v":{"few":[{"t":"idOrVar","v":"n"}," fils de messages supprimés"],"many":[{"t":"idOrVar","v":"n"}," fils de messages supprimés"],"one":"Fil supprimé","other":[{"t":"idOrVar","v":"n"}," fils de messages supprimés"],"two":[{"t":"idOrVar","v":"n"}," fils de messages supprimés"],"zero":"0 fil supprimé"},"$x":[{"t":"idOrVar","v":"plural"},"n"]},{"$i":"wapPushMessages","$v":"Message de pousser WAP"},{"$i":"auto-retrieve-messages","$v":"Récupération auto des messages"},{"$i":"auto-retrieve-messages-title","$v":"Extraction automatique des messages"},{"$i":"auto-roaming-retrieve","$v":"Activé avec itinérance"},{"$i":"auto-no-roaming-retrieve","$v":"Activé sans itinérance"},{"$i":"mmsTitle","$v":"Messagerie multimédia (MMS)"},{"$i":"message-delivery-reports","$v":"Accusés de réception"},{"$i":"message-delivery-reports-title","$v":"Accusés de réception"},{"$i":"messageReport-title","$v":"Rapport du message"},{"$i":"sms-label","$v":"SMS"},{"$i":"messaging-settings","$v":"Réglages de la messagerie"},{"$i":"messagingSettings-header","$v":[{"t":"idOrVar","v":"messaging-settings"}]},{"$i":"confirmation-title","$v":"Confirmation"},{"$i":"draft-save-content","$v":"Enregistrer comme brouillon?"},{"$i":"draft-discard-content","$v":"Message rejeté"},{"$i":"switch-on","$v":"Activé"},{"$i":"switch-off","$v":"Désactivé"},{"$i":"auto-retrieve-desc","$v":"Extraire les messages automatiquement"},{"$i":"confirm-dialog-ok","$v":"OK"},{"$i":"yes","$v":"Oui"},{"$i":"no","$v":"Non"},{"$i":"delete-current-thread?","$v":"Supprimer le fil de message?"},{"$i":"attention","$v":"Attention"},{"$i":"delivery-title","$v":"Messagerie texte (SMS)"},{"$i":"send-failed","$v":"Échec de l'envoi."},{"$i":"subject-removed","$v":"Objet supprimé."},{"$i":"data-storage-limit-alert-title","$v":"Stockage du téléphone plein"},{"$i":"data-storage-limit-send-body","$v":"Échec d'envoi du message multimédia. Supprimer des messages ou aller aux Paramètres pour libérer de l'espace."},{"$i":"data-storage-limit-download-body","$v":"Échec de téléchargement du message multimédia. Supprimer des messages ou aller aux Paramètres pour libérer de l'espace."},{"$i":"data-storage-limit-attachment-body","$v":"Échec d'ajout de pièce jointe. Supprimez le message ou ouvrez Paramètres pour libérer de l'espace."},{"$i":"data-storage-limit-alert-cancel","$v":"Annuler"},{"$i":"data-storage-limit-alert-setting","$v":"Réglages"},{"$i":"recipient-repeat","$v":"Contact en double."},{"$i":"email","$v":"Courriel"},{"$i":"options","$v":"Options"},{"$i":"emergency-alert-title","$v":"Alertes d'urgence sans fil"},{"$i":"emergency-alert","$v":"Alertes d'urgence sans fil"},{"$i":"wappushNormal","$v":"Alertes WAP"},{"$i":"wappushSIM1","$v":"Alertes WAP - SIM 1"},{"$i":"wappushSIM2","$v":"Alertes WAP - SIM 2"},{"$i":"not-assigned","$v":"Non attribué"},{"$i":"switchSIMDataSendAlertTitle","$v":"Échec d'envoi du message multimédia."},{"$i":"switchSIMDataSendAlertBody","$v":["Pour envoyer des MMS, vous devez changer la carte SIM de données à la carte SIM ",{"t":"idOrVar","v":"nonActiveSimId"}," dans les paramètres Gestionnaire SIM."]},{"$i":"switchSIMDataSendAlertDesc","$v":"Accédez à l'application Paramètres pour changer les réglages."},{"$i":"switchSIMDataReceiveAlertTitle","$v":"Échec de réception du message multimédia."},{"$i":"switchSIMDataReceiveAlertBody","$v":["Pour recevoir des MMS, vous devez changer la carte SIM de données à la carte SIM ",{"t":"idOrVar","v":"nonActiveSimId"}," dans les paramètres Gestionnaire SIM."]},{"$i":"switchSIMDataReceiveAlertDesc","$v":"Accédez à l'application Paramètres pour changer les réglages."},{"$i":"group-message","$v":"Message de groupe"},{"$i":"individual-message","$v":"Message individuel"},{"$i":"group-message-alert-title","$v":"Message de groupe"},{"$i":"group-message-alert-body","$v":"Créer un message de groupe? (Les messages de groupe envoyés par messagerie multimédia peuvent occasionner des frais supplémentaires du fournisseur de service sans fil, en fonction de votre forfait.)"},{"$i":"group-message-individual","$v":"Non"},{"$i":"group-message-setting","$v":"Créer"},{"$i":"new-message-individual","$v":"Nouveau message (individuel)"},{"$i":"new-message-group","$v":"Nouveau message (groupe)"},{"$i":"device-phone-number","$v":"Mon numéro de téléphone"},{"$i":"group-message-phone","$v":"Messages de groupe"},{"$i":"my-phone-number-SIM1","$v":"Mon numéro de téléphone - SIM 1"},{"$i":"my-phone-number-SIM2","$v":"Mon numéro de téléphone - SIM 2"},{"$i":"delivery-notification","$v":"Message livré"},{"$i":"wait","$v":"en attente"},{"$i":"isTextTooLongAlert","$v":"Longueur maximale de message dépassée."},{"$i":"video-call","$v":"Appel vidéo"},{"$i":"normal-call","$v":"Appeler"},{"$i":"attachment","$v":"Pièces jointes"},{"$i":"limit-MMS-recipients","$v":"Envoi à un maximum de 20 destinataires par MMS."},{"$i":"block-contact","$v":"Bloquer le contact"},{"$i":"blocked","$v":"Bloquer"},{"$i":"unblocked","$v":"Débloquer"},{"$i":"rtt-call","$v":"Appel TTR"},{"$i":"remove-all-attachments","$v":"Retirer toutes les pièces jointes"},{"$i":"block-confirmation","$v":"Vous ne recevrez pas d'appels téléphoniques ni de messages des personnes sur la liste de blocage."},{"$i":"space-low-not-save","$v":"Le stockage est plein, échec d'enregistrement du brouillon."},{"$i":"creation-mode-messages","$v":"Mode de création"},{"$i":"creation-mode-restricted","$v":"Restreint"},{"$i":"creation-mode-warning","$v":"Avertissement"},{"$i":"creation-mode-free","$v":"Libre"},{"$i":"creationMode_restricted_title","$v":"limite du mode de création"},{"$i":"creationMode_restricted_alert","$v":"Le mode de création est restreint, vous ne pouvez pas ajouter la pièce jointe qui n'est pas d'un domaine de contenu multimédia de base."},{"$i":"creationMode_warning_title","$v":"avertissement de mode de création"},{"$i":"creationMode_warning_alert","$v":"Confirmez-vous l'ajout de la pièce jointe, qui n'est pas d'un domaine de contenu multimédia de base?"},{"$i":"withoutDataTitle","$v":"Aucune connexion de données"},{"$i":"withoutDataBody","$v":"Veuillez activer Connexion de données dans Paramètres pour envoyer ou télécharger des messages multimédias."},{"$i":"withoutDataBtnOk","$v":"OK"},{"$i":"withoutDataBtnSettings","$v":"Réglages"},{"$i":"FTUTitle","$v":"Bienvenue à Messages."},{"$i":"FTUBody","$v":"Vous devez fournir votre numéro de téléphone pour utiliser les messages de groupe."},{"$i":"myNumber","$v":"Mon numéro de téléphone"},{"$i":"myNumber-SIM1","$v":"Mon numéro de téléphone - SIM 1"},{"$i":"myNumber-SIM2","$v":"Mon numéro de téléphone - SIM 2"},{"$i":"save-number","$v":"Enregistrer"},{"$i":"input-alert-show","$v":"Ceci est votre numéro de téléphone."},{"$i":"input-alert-reInput","$v":"Vous devez fournir votre numéro de téléphone pour utiliser les messages de groupe."},{"$i":"multiple-recipients-flag","$v":",..."},{"$i":"parent-control-text","$v":"Ce numéro est bloqué. Demande la permission à un de tes parents."},{"$i":"groupNumberInputOne-placeholder","$v":"Mon numéro de téléphone - SIM 1"},{"$i":"groupNumberInputOne","$v":"Mon numéro de téléphone"},{"$i":"groupNumberInputTwo-placeholder","$v":"Mon numéro de téléphone - SIM 2"},{"$i":"groupNumberInputTwo","$v":"Mon numéro de téléphone"},{"$i":"custom-message-sent","$v":["Réponse envoyée à ",{"t":"idOrVar","v":"name"}]},{"$i":"colon","$v":":"},{"$i":"sms-encoding-mode","$v":"Codage SMS"},{"$i":"sms-reduced-format","$v":"Format réduit"},{"$i":"sms-full-format","$v":"Grand format"},{"$i":"smscNormal","$v":"Centre de service"},{"$i":"smscSIM1","$v":"Centre de service SIM1"},{"$i":"smscSIM2","$v":"Centre de service SIM2"},{"$i":"weekday-0-long","$v":"Dimanche"},{"$i":"weekday-1-long","$v":"Lundi"},{"$i":"weekday-2-long","$v":"Mardi"},{"$i":"weekday-3-long","$v":"Mercredi"},{"$i":"weekday-4-long","$v":"Jeudi"},{"$i":"weekday-5-long","$v":"Vendredi"},{"$i":"weekday-6-long","$v":"Samedi"},{"$i":"weekday-0-short","$v":"Dim"},{"$i":"weekday-1-short","$v":"Lun"},{"$i":"weekday-2-short","$v":"Mar"},{"$i":"weekday-3-short","$v":"Mer"},{"$i":"weekday-4-short","$v":"Jeu"},{"$i":"weekday-5-short","$v":"Ven"},{"$i":"weekday-6-short","$v":"Sam"},{"$i":"month-0-long","$v":"Janvier"},{"$i":"month-1-long","$v":"Février"},{"$i":"month-2-long","$v":"Mars"},{"$i":"month-3-long","$v":"Avril"},{"$i":"month-4-long","$v":"Mai"},{"$i":"month-5-long","$v":"Juin"},{"$i":"month-6-long","$v":"Juillet"},{"$i":"month-7-long","$v":"Août"},{"$i":"month-8-long","$v":"Septembre"},{"$i":"month-9-long","$v":"Octobre"},{"$i":"month-10-long","$v":"Novembre"},{"$i":"month-11-long","$v":"Décembre"},{"$i":"month-0-genitive","$v":"Janvier"},{"$i":"month-1-genitive","$v":"Février"},{"$i":"month-2-genitive","$v":"Mars"},{"$i":"month-3-genitive","$v":"Avril"},{"$i":"month-4-genitive","$v":"Mai"},{"$i":"month-5-genitive","$v":"Juin"},{"$i":"month-6-genitive","$v":"Juillet"},{"$i":"month-7-genitive","$v":"Août"},{"$i":"month-8-genitive","$v":"Septembre"},{"$i":"month-9-genitive","$v":"Octobre"},{"$i":"month-10-genitive","$v":"Novembre"},{"$i":"month-11-genitive","$v":"Décembre"},{"$i":"month-0-short","$v":"Jan"},{"$i":"month-1-short","$v":"Fév"},{"$i":"month-2-short","$v":"Mar"},{"$i":"month-3-short","$v":"Avr"},{"$i":"month-4-short","$v":"Mai"},{"$i":"month-5-short","$v":"Jun"},{"$i":"month-6-short","$v":"Jul"},{"$i":"month-7-short","$v":"Aoû"},{"$i":"month-8-short","$v":"Sep"},{"$i":"month-9-short","$v":"Oct"},{"$i":"month-10-short","$v":"Nov"},{"$i":"month-11-short","$v":"Déc"},{"$i":"minutes-ago-long","$v":{"few":["il y a ",{"t":"idOrVar","v":"value"}," minutes"],"many":["il y a ",{"t":"idOrVar","v":"value"}," minutes"],"other":["il y a ",{"t":"idOrVar","v":"value"}," minutes"],"two":["il y a ",{"t":"idOrVar","v":"value"}," minutes"],"one":"il y a une minute","zero":"À l'instant"},"$x":[{"t":"idOrVar","v":"plural"},"value"]},{"$i":"hours-ago-long","$v":{"few":["il y a ",{"t":"idOrVar","v":"value"}," heures"],"many":["il y a ",{"t":"idOrVar","v":"value"}," heures"],"other":["il y a ",{"t":"idOrVar","v":"value"}," heures"],"two":["il y a ",{"t":"idOrVar","v":"value"}," heures"],"one":"il y a une heure","zero":"À l'instant"},"$x":[{"t":"idOrVar","v":"plural"},"value"]},{"$i":"days-ago-long","$v":{"few":["il y a ",{"t":"idOrVar","v":"value"}," jours"],"many":["il y a ",{"t":"idOrVar","v":"value"}," jours"],"one":"hier","other":["il y a ",{"t":"idOrVar","v":"value"}," jours"],"two":["il y a ",{"t":"idOrVar","v":"value"}," jours"],"zero":"aujourd'hui"},"$x":[{"t":"idOrVar","v":"plural"},"value"]},{"$i":"weeks-ago-long","$v":{"few":["il y a ",{"t":"idOrVar","v":"value"}," semaines"],"many":["il y a ",{"t":"idOrVar","v":"value"}," semaines"],"one":"la semaine dernière","other":["il y a ",{"t":"idOrVar","v":"value"}," semaines"],"two":["il y a ",{"t":"idOrVar","v":"value"}," semaines"],"zero":"cette semaine"},"$x":[{"t":"idOrVar","v":"plural"},"value"]},{"$i":"months-ago-long","$v":{"few":["il y a ",{"t":"idOrVar","v":"value"}," mois"],"many":["il y a ",{"t":"idOrVar","v":"value"}," mois"],"one":"le mois dernier","other":["il y a ",{"t":"idOrVar","v":"value"}," mois"],"two":["il y a ",{"t":"idOrVar","v":"value"}," mois"],"zero":"ce mois"},"$x":[{"t":"idOrVar","v":"plural"},"value"]},{"$i":"years-ago-long","$v":{"few":["il y a ",{"t":"idOrVar","v":"value"}," années"],"many":["il y a ",{"t":"idOrVar","v":"value"}," années"],"one":"l'année dernière","other":["il y a ",{"t":"idOrVar","v":"value"}," années"],"two":["il y a ",{"t":"idOrVar","v":"value"}," années"],"zero":"cette année"},"$x":[{"t":"idOrVar","v":"plural"},"value"]},{"$i":"minutes-until-long","$v":{"few":["dans ",{"t":"idOrVar","v":"value"}," minutes"],"many":["dans ",{"t":"idOrVar","v":"value"}," minutes"],"other":["dans ",{"t":"idOrVar","v":"value"}," minutes"],"two":["dans ",{"t":"idOrVar","v":"value"}," minutes"],"zero":"maintenant","one":"dans une minute"},"$x":[{"t":"idOrVar","v":"plural"},"value"]},{"$i":"hours-until-long","$v":{"few":["dans ",{"t":"idOrVar","v":"value"}," heures"],"many":["dans ",{"t":"idOrVar","v":"value"}," heures"],"other":["dans ",{"t":"idOrVar","v":"value"}," heures"],"two":["dans ",{"t":"idOrVar","v":"value"}," heures"],"zero":"maintenant","one":"dans une heure"},"$x":[{"t":"idOrVar","v":"plural"},"value"]},{"$i":"days-until-long","$v":{"few":["dans ",{"t":"idOrVar","v":"value"}," jours"],"many":["dans ",{"t":"idOrVar","v":"value"}," jours"],"one":"demain","other":["dans ",{"t":"idOrVar","v":"value"}," jours"],"two":["dans ",{"t":"idOrVar","v":"value"}," jours"],"zero":"aujourd'hui"},"$x":[{"t":"idOrVar","v":"plural"},"value"]},{"$i":"weeks-until-long","$v":{"few":["dans ",{"t":"idOrVar","v":"value"}," semaines"],"many":["dans ",{"t":"idOrVar","v":"value"}," semaines"],"one":"la semaine prochaine","other":["dans ",{"t":"idOrVar","v":"value"}," semaines"],"two":["dans ",{"t":"idOrVar","v":"value"}," semaines"],"zero":"cette semaine"},"$x":[{"t":"idOrVar","v":"plural"},"value"]},{"$i":"months-until-long","$v":{"few":["dans ",{"t":"idOrVar","v":"value"}," mois"],"many":["dans ",{"t":"idOrVar","v":"value"}," mois"],"one":"le mois prochain","other":["dans ",{"t":"idOrVar","v":"value"}," mois"],"two":["dans ",{"t":"idOrVar","v":"value"}," mois"],"zero":"ce mois"},"$x":[{"t":"idOrVar","v":"plural"},"value"]},{"$i":"years-until-long","$v":{"few":["dans ",{"t":"idOrVar","v":"value"}," années"],"many":["dans ",{"t":"idOrVar","v":"value"}," années"],"one":"l'année prochaine","other":["dans ",{"t":"idOrVar","v":"value"}," années"],"two":["dans ",{"t":"idOrVar","v":"value"}," années"],"zero":"cette année"},"$x":[{"t":"idOrVar","v":"plural"},"value"]},{"$i":"minutes-ago-short","$v":{"other":["il y a ",{"t":"idOrVar","v":"value"}," m"],"zero":"À l'instant"},"$x":[{"t":"idOrVar","v":"plural"},"value"]},{"$i":"hours-ago-short","$v":{"other":["il y a ",{"t":"idOrVar","v":"value"}," h"],"zero":"À l'instant"},"$x":[{"t":"idOrVar","v":"plural"},"value"]},{"$i":"days-ago-short","$v":{"other":["il y a ",{"t":"idOrVar","v":"value"}," j"],"zero":"aujourd'hui"},"$x":[{"t":"idOrVar","v":"plural"},"value"]},{"$i":"minutes-until-short","$v":{"other":["dans ",{"t":"idOrVar","v":"value"}," m"],"zero":"maintenant"},"$x":[{"t":"idOrVar","v":"plural"},"value"]},{"$i":"hours-until-short","$v":{"other":["dans ",{"t":"idOrVar","v":"value"}," h"],"zero":"maintenant"},"$x":[{"t":"idOrVar","v":"plural"},"value"]},{"$i":"days-until-short","$v":{"other":["dans ",{"t":"idOrVar","v":"value"}," j"],"zero":"aujourd'hui"},"$x":[{"t":"idOrVar","v":"plural"},"value"]},{"$i":"dateTimeFormat_%c","$v":"%a %b %e %Y %I:%M:%S %p"},{"$i":"dateTimeFormat_%x","$v":"%m/%d/%Y"},{"$i":"dateTimeFormat_%X","$v":"%I:%M:%S %p"},{"$i":"shortTimeFormat","$v":"%I:%M %p"},{"$i":"shortTimeFormat12","$v":"%I:%M %p"},{"$i":"shortTimeFormat24","$v":"%H:%M"},{"$i":"shortDateTimeFormat","$v":"%x %I:%M %p"},{"$i":"weekStartsOnMonday","$v":"0.0"},{"$i":"firstDayOfTheWeek","$v":"0.0"},{"$i":"time_am","$v":"AM"},{"$i":"time_pm","$v":"PM"},{"$i":"softkey-options","$v":"Options"},{"$i":"emergencyNumber","$v":"Numéro d'urgence"},{"$i":"callAirplaneModeMessage","$v":"Pour faire un appel, vous devez désactiver le mode Avion dans les paramètres."},{"$i":"callAirplaneModeBtnOk","$v":"OK"},{"$i":"callAirplaneModeTitle","$v":"Mode Avion activé"},{"$i":"numberIsBusyTitle","$v":"La ligne est occupée"},{"$i":"numberIsBusyMessage","$v":"Le numéro est occupé. Réessayez plus tard."},{"$i":"fdnIsActiveTitle","$v":"Liste de numéros autorisés activée"},{"$i":"fdnIsActiveMessage","$v":["La liste de numéros autorisés est active et le numéro suivant n'est pas dans la liste de numéros autorisés : ",{"t":"idOrVar","v":"number"}]},{"$i":"emergencyDialogBodyBadNumber","$v":"Pour faire un appel, le téléphone doit être connecté à un réseau."},{"$i":"emergencyDialogBodyDeviceNotAccepted","$v":"Les appels d'urgence ne sont pas permis par le réseau."},{"$i":"emergencyDialogBtnOk","$v":"OK"},{"$i":"emergencyDialogTitle","$v":"Aucune connexion réseau"},{"$i":"invalidNumberToDialTitle","$v":"Numéro de téléphone non valide"},{"$i":"invalidNumberToDialMessage","$v":"Le numéro de téléphone composé n'est pas valide."},{"$i":"unableToCallTitle","$v":"Impossible de faire un appel"},{"$i":"unableToCallMessage","$v":"Impossible de faire un appel actuellement."},{"$i":"otherConnectionInUseTitle","$v":"Autre connexion active"},{"$i":"otherConnectionInUseMessage","$v":"Un appel est actif sur une autre connexion. Vous pouvez utiliser une seule connexion à la fois."},{"$i":"connectingEllipsis","$v":"Connexion en cours..."}]