[{"$i":"messages","$v":"Messages"},{"$i":"deleteMessages-title","$v":"Sélectionner"},{"$i":"selectThreads-title","$v":"Sélectionner"},{"$i":"edit","$v":"Modifier"},{"$i":"back","$v":"Retour"},{"$i":"cancel","$v":"Annuler"},{"$i":"delete","$v":"Suppr."},{"$i":"deleting-messages","$v":"Suppression des messages…"},{"$i":"deselect","$v":"Désélect."},{"$i":"selected-threads","$v":{"few":["Sélection : ",{"t":"idOrVar","v":"n"}],"many":["Sélection : ",{"t":"idOrVar","v":"n"}],"one":["Sélection : ",{"t":"idOrVar","v":"n"}],"other":["Sélection : ",{"t":"idOrVar","v":"n"}],"two":["Sélection : ",{"t":"idOrVar","v":"n"}],"zero":"Aucune sélection"},"$x":[{"t":"idOrVar","v":"plural"},"n"]},{"$i":"selected-messages","$v":{"few":["Sélection : ",{"t":"idOrVar","v":"n"}],"many":["Sélection : ",{"t":"idOrVar","v":"n"}],"one":["Sélection : ",{"t":"idOrVar","v":"n"}],"other":["Sélection : ",{"t":"idOrVar","v":"n"}],"two":["Sélection : ",{"t":"idOrVar","v":"n"}],"zero":"Aucune sélection"},"$x":[{"t":"idOrVar","v":"plural"},"n"]},{"$i":"selectThreads-label","$v":"Sélectionner les fils"},{"$i":"selectMessages-label","$v":"Sélectionner les messages"},{"$i":"new-message","$v":"Nouv."},{"$i":"delete-thread","$v":"Suppr. le fil de discussion"},{"$i":"create-new-contact","$v":"Créer nouv. Contact"},{"$i":"add-to-contact","$v":"Aj. à un contact existant"},{"$i":"select-thread","$v":"Sélect. fil de discussion"},{"$i":"settings","$v":"Paramètres"},{"$i":"select-all","$v":"Tout"},{"$i":"deselect-all","$v":"Jamais"},{"$i":"select","$v":"Sélect."},{"$i":"sk-save-as-draft","$v":"Enregistrer comme brouillon"},{"$i":"next","$v":"Suivant"},{"$i":"send","$v":"Envoyer"},{"$i":"add-contact","$v":"Ajouter"},{"$i":"add-suggestion","$v":"Sélectionner"},{"$i":"add-subject","$v":"Ajouter un objet"},{"$i":"remove-subject","$v":"Supprimer l’objet"},{"$i":"add-attachment","$v":"Aj. une pièce jointe"},{"$i":"remove-attachment","$v":"Supprimer la pièce jointe"},{"$i":"replace-attachment","$v":"Remplacer la pièce jointe"},{"$i":"select-messages","$v":"Sélectionner les messages"},{"$i":"call","$v":"Appeler"},{"$i":"forward","$v":"Transférer"},{"$i":"view-message-report","$v":"Voir le rapport du message"},{"$i":"cancel-view-report","$v":"Annuler"},{"$i":"ok","$v":"OK"},{"$i":"enter","$v":"Saisir"},{"$i":"open","$v":"Ouvrir"},{"$i":"to","$v":"À :"},{"$i":"new","$v":"Nouveau"},{"$i":"message","$v":"Message"},{"$i":"messagesInput_placeholder","$v":"Message"},{"$i":"messagesSubjectInput_placeholder","$v":"Objet"},{"$i":"subjectComposerInput_placeholder","$v":"Objet"},{"$i":"converted-to-mms","$v":"Conversion en message multimédia."},{"$i":"converted-to-sms","$v":"Conversion en message texte."},{"$i":"messages-max-length-text","$v":"Vous avez atteint la longueur maximale."},{"$i":"messages-max-subject-length-text","$v":"Longueur maximale de l’objet atteinte."},{"$i":"multimedia-message-exceeded-max-length","$v":["Le fichier dépasse la limite de ",{"t":"idOrVar","v":"mmsSize"}," Mo par MMS."]},{"$i":"newMessage","$v":"Nouv. message"},{"$i":"sendMessage","$v":"Envoyer un message"},{"$i":"sendMMSToEmail","$v":"Envoyer un MMS"},{"$i":"no-recipient","$v":"(Aucun destinataire)"},{"$i":"recipient","$v":{"few":[{"t":"idOrVar","v":"n"}," destinataires"],"many":[{"t":"idOrVar","v":"n"}," destinataires"],"one":[{"t":"idOrVar","v":"n"}," destinataire"],"other":[{"t":"idOrVar","v":"n"}," destinataires"],"two":[{"t":"idOrVar","v":"n"}," destinataires"]},"$x":[{"t":"idOrVar","v":"plural"},"n"]},{"$i":"attachmentSizeB","$v":[{"t":"idOrVar","v":"n"}," o"]},{"$i":"attachmentSizeKB","$v":[{"t":"idOrVar","v":"n"}," Ko"]},{"$i":"attachmentSizeMB","$v":[{"t":"idOrVar","v":"n"}," Mo"]},{"$i":"attachmentOpenError","$v":"Aucune application ne sait ouvrir ce type de fichier."},{"$i":"attachmentNotFile","$v":"Fichier introuvable."},{"$i":"remove","$v":"Supprimer"},{"$i":"participant","$v":{"few":[{"t":"idOrVar","v":"n"}," participants"],"many":[{"t":"idOrVar","v":"n"}," participants"],"one":[{"t":"idOrVar","v":"n"}," participant"],"other":[{"t":"idOrVar","v":"n"}," participants"],"two":[{"t":"idOrVar","v":"n"}," participants"]},"$x":[{"t":"idOrVar","v":"plural"},"n"]},{"$i":"message-report","$v":"Rapport du message"},{"$i":"message-type-sms","$v":"Message texte (SMS)"},{"$i":"message-type-mms","$v":"Message multimédia (MMS)"},{"$i":"sms-report-description","$v":["Votre message texte (SMS), a été envoyé le ",{"t":"idOrVar","v":"datetime"}]},{"$i":"mms-report-description","$v":["Votre message multimédia (MMS), avec l’objet ",{"t":"idOrVar","v":"subject"},", a été envoyé le ",{"t":"idOrVar","v":"datetime"}]},{"$i":"mms-no-subject-report-description","$v":["Votre message multimédia (MMS), a été envoyé le ",{"t":"idOrVar","v":"datetime"}]},{"$i":"message-subject","$v":"Objet :"},{"$i":"report-status-error","$v":"Envoi du message impossible"},{"$i":"report-status-not-downloaded","$v":"non téléchargé"},{"$i":"report-status-delivered","$v":"Remis :"},{"$i":"report-status-read","$v":"Lu :"},{"$i":"report-status-pending","$v":"Rapport demandé"},{"$i":"report-status-rejected","$v":"Message refusé"},{"$i":"message-size-was","$v":"Taille du message :"},{"$i":"report-to-title","$v":"À :"},{"$i":"report-from-title","$v":"De"},{"$i":"message-sent","$v":"Envoyé le :"},{"$i":"message-sending","$v":[{"t":"idOrVar","v":"message-delivery-status-sending"}]},{"$i":"message-received","$v":"Reçu le :"},{"$i":"message-via","$v":"Via :"},{"$i":"message-resend","$v":"Renvoyer"},{"$i":"search","$v":"Rechercher"},{"$i":"unknown-contact-title","$v":"Contact inconnu"},{"$i":"phone-type-separator","$v":", "},{"$i":"phone-carrier-separator","$v":" "},{"$i":"thread-participant-separator","$v":", "},{"$i":"replace-draft","$v":"Remplacer le brouillon existant"},{"$i":"save-as-draft","$v":"Enreg."},{"$i":"discard-message","$v":"Ignorer"},{"$i":"discard-sms","$v":"Voulez-vous vraiment effacer ce message ?"},{"$i":"discard-new-message","$v":"Effacer le message en cours de rédaction et ouvrir le nouveau message ?"},{"$i":"resend-confirmation","$v":"Votre message n’a pas pu être envoyé. Voulez-vous le renvoyer ?"},{"$i":"resend-message","$v":"Renvoyer ce message"},{"$i":"deleteMessage-confirmation","$v":"Supprimer le message sélectionné ?"},{"$i":"deleteMessages-confirmation","$v":"Supprimer les messages sélectionnés ?"},{"$i":"deleteThreads-confirmation2","$v":{"one":"Supprimer le fil de messages sélectionné ?","other":"Supprimer les fils de messages sélectionnés ?"},"$x":[{"t":"idOrVar","v":"plural"},"n"]},{"$i":"new-message-notice-text","$v":"Nouveau message de"},{"$i":"new-message-notice-a-text","$v":"Le consulter"},{"$i":"noMessages-title","$v":"Aucun message"},{"$i":"noMessages-text","$v":"Appuyez sur Nouveau pour commencer à communiquer."},{"$i":"sendDefaultErrorTitle","$v":"Message introuvable"},{"$i":"sendDefaultErrorBody","$v":"Il y a eu un problème lors de l’envoi du message. Veuillez réessayer."},{"$i":"sendDefaultErrorBtnOk","$v":"OK"},{"$i":"sendMissingSimCardTitle","$v":"Message introuvable"},{"$i":"sendMissingSimCardBody","$v":"Veuillez insérer une carte SIM valide pour continuer."},{"$i":"sendMissingSimCardBtnOk","$v":"OK"},{"$i":"sendFlightModeTitle","$v":"Message introuvable"},{"$i":"sendFlightModeBody","$v":"Pour envoyer des messages, désactivez le mode avion."},{"$i":"sendFlightModeBtnOk","$v":"OK"},{"$i":"radioDisabledToDownloadTitle","$v":"Échec du téléchargement"},{"$i":"radioDisabledToDownloadBody","$v":"Activez le mode Avion pour télécharger les pièces jointes."},{"$i":"radioDisabledToDownloadBtnOk","$v":[{"t":"idOrVar","v":"sendFlightModeBtnOk"}]},{"$i":"downloadDefaultErrorTitle","$v":"Échec du téléchargement"},{"$i":"downloadDefaultErrorBody","$v":"Un problème est survenu lors du téléchargement du message. Réessayez plus tard."},{"$i":"downloadDefaultErrorBtnOk","$v":[{"t":"idOrVar","v":"sendDefaultErrorBtnOk"}]},{"$i":"fdnErrorTitle","$v":"Message introuvable"},{"$i":"needConnectWifiBody","$v":["Aucun réseau mobile disponible. Connectez-vous à un réseau ",{"t":"idOrVar","v":"Wi-Fi"}," disponible pour envoyer et recevoir des messages."]},{"$i":"needConnectWifiTitle","$v":"Message non envoyé"},{"$i":"mmsChanelUsedBody","$v":"Veuillez patienter, car un MMS est en cours d’envoi par un sous-ensemble non-DDS."},{"$i":"mmsChanelUsedTitle","$v":"Canal MMS utilisé"},{"$i":"sms-counter-notice-label","$v":["Modification du SMS ",{"t":"idOrVar","v":"number"}]},{"$i":"fdnErrorBody","$v":{"few":"La liste de numéros autorisés (NF) est activée. Assurez-vous que le centre SMS et les destinataires suivants sont repris dans la liste des numéros autorisés.","many":"La liste de numéros autorisés (NF) est activée. Assurez-vous que le centre SMS et les destinataires suivants sont repris dans la liste des numéros autorisés.","one":"La liste de numéros autorisés (NF) est activée. Assurez-vous que le centre SMS et le destinataire suivant est repris dans la liste des numéros autorisés.","other":"La liste de numéros autorisés (NF) est activée. Assurez-vous que le centre SMS et les destinataires suivants sont repris dans la liste des numéros autorisés.","two":"La liste de numéros autorisés (NF) est activée. Assurez-vous que le centre SMS et les destinataires suivants sont repris dans la liste des numéros autorisés."},"$x":[{"t":"idOrVar","v":"plural"},"n"]},{"$i":"fdnErrorBtnOk","$v":"OK"},{"$i":"sendNoSignalErrorTitle","$v":"Message introuvable"},{"$i":"sendNoSignalErrorBody","$v":"Aucun signal mobile. Veuillez réessayer."},{"$i":"sendNoSignalErrorBtnOk","$v":"OK"},{"$i":"sendNotFoundErrorTitle","$v":"Message introuvable"},{"$i":"sendNotFoundErrorBody","$v":"Le message que vous recherchez n’est plus disponible."},{"$i":"sendNotFoundErrorBtnOk","$v":"OK"},{"$i":"sendInvalidAddressErrorTitle","$v":"Message introuvable"},{"$i":"sendInvalidAddressErrorBody","$v":"Assurez-vous que le numéro de téléphone portable de votre destinataire est correct."},{"$i":"sendInvalidAddressErrorBtnOk","$v":"OK"},{"$i":"simNotMatchedErrorTitle","$v":"Téléchargement impossible"},{"$i":"simNotMatchedErrorBody","$v":"Assurez-vous que la carte SIM insérée est celle utilisée pour recevoir ce message."},{"$i":"simNotMatchedErrorBtnOk","$v":"OK"},{"$i":"netWorkErrorTitle","$v":"Défaillance réseau"},{"$i":"netWorkErrorBody","$v":"Erreur de réseau. Veuillez vérifier votre connexion réseau."},{"$i":"netWorkErrorBtnOk","$v":"OK"},{"$i":"deleted-sms","$v":"Ce message a déjà été supprimé."},{"$i":"view-attachment-image","$v":"Voir"},{"$i":"view-attachment-audio","$v":"Écouter"},{"$i":"view-attachment-video","$v":"Voir"},{"$i":"view-attachment-other","$v":"Voir"},{"$i":"remove-attachment-image","$v":"Supprimer l’image"},{"$i":"remove-attachment-audio","$v":"Supprimer l’audio"},{"$i":"remove-attachment-video","$v":"Supprimer la vidéo"},{"$i":"remove-attachment-other","$v":"Supprimer la pièce jointe"},{"$i":"replace-attachment-image","$v":"Remplacer l’image"},{"$i":"replace-attachment-audio","$v":"Remplacer l’audio"},{"$i":"replace-attachment-video","$v":"Remplacer la vidéo"},{"$i":"replace-attachment-other","$v":"Remplacer la pièce jointe"},{"$i":"unsent-message-title","$v":"Message non envoyé"},{"$i":"unsent-message-description","$v":"Votre message précédent n’a pas été envoyé. Voulez-vous modifier le message non envoyé ou le supprimer et continuer ?"},{"$i":"unsent-message-option-edit","$v":"Modifier"},{"$i":"unsent-message-option-discard","$v":"Ignorer"},{"$i":"message-options","$v":"Options du message"},{"$i":"select-text","$v":"Sélectionner le texte"},{"$i":"mobile","$v":"Mobile"},{"$i":"home","$v":"Domicile"},{"$i":"work","$v":"Professionnel"},{"$i":"personal","$v":"Personnel"},{"$i":"faxHome","$v":"Fax (domicile)"},{"$i":"faxOffice","$v":"Fax (bureau)"},{"$i":"faxOther","$v":"Fax (autre)"},{"$i":"another","$v":"Autre"},{"$i":"other","$v":"Autre"},{"$i":"today","$v":"Aujoud'hui"},{"$i":"yesterday","$v":"Hier"},{"$i":"incorrectDate","$v":"(date incorrecte)"},{"$i":"addToExistingContact","$v":"Ajouter à un contact existant"},{"$i":"createNewContact","$v":"Créer un contact"},{"$i":"viewContact","$v":"Voir le contact"},{"$i":"sendEmail","$v":"Envoyer un courriel"},{"$i":"mms-message","$v":"Message MMS"},{"$i":"notDownloaded-title","$v":"Le message n’a pas encore été téléchargé."},{"$i":"tobedownloaded-attachment","$v":["Vous avez reçu un MMS. Appuyez sur Télécharger pour récupérer son contenu avant le ",{"t":"idOrVar","v":"date"},"."]},{"$i":"expired-attachment","$v":["Le message a expiré le ",{"t":"idOrVar","v":"date"}," et ne peut pas être téléchargé."]},{"$i":"download-attachment","$v":"Télécharger"},{"$i":"downloading-attachment","$v":"Téléchargement…"},{"$i":"download-complete","$v":"Téléchargement terminé"},{"$i":"unnamed-attachment","$v":"sans_titre"},{"$i":"mms-label","$v":"MMS"},{"$i":"not-download-label","$v":"Vous avez reçu un MMS. Téléchargez-le pour en récupérer le contenu avant"},{"$i":"attachment-label","$v":"Pièce jointe"},{"$i":"attached-files-too-large","$v":{"few":["Ces messages dépassent la limite de ",{"t":"idOrVar","v":"mmsSize"}," Mo par MMS."],"many":["Ces messages dépassent la limite de ",{"t":"idOrVar","v":"mmsSize"}," Mo par MMS."],"one":["Le fichier dépasse la limite de ",{"t":"idOrVar","v":"mmsSize"}," Mo par MMS."],"other":["Ces messages dépassent la limite de ",{"t":"idOrVar","v":"mmsSize"}," Mo par MMS."],"two":["Ces messages dépassent la limite de ",{"t":"idOrVar","v":"mmsSize"}," Mo par MMS."],"zero":["Ces messages dépassent la limite de ",{"t":"idOrVar","v":"mmsSize"}," Mo par MMS."]},"$x":[{"t":"idOrVar","v":"plural"},"n"]},{"$i":"resize-image","$v":"Redimensionnement de l’image en pièce jointe"},{"$i":"no-attachment-text","$v":"Il y a un problème avec la pièce jointe, impossible de la télécharger."},{"$i":"message-draft-saved","$v":"Message enregistré en tant que brouillon"},{"$i":"sim-id-label","$v":["Carte SIM ",{"t":"idOrVar","v":"id"}]},{"$i":"sim-detail","$v":["Carte SIM ",{"t":"idOrVar","v":"id"},", ",{"t":"idOrVar","v":"detailString"}]},{"$i":"dsds-notification-title-with-sim","$v":["(",{"t":"idOrVar","v":"sim"},") ",{"t":"idOrVar","v":"sender"}]},{"$i":"send-button","ariaLabel":"Envoyer"},{"$i":"send-button-sim-indication","$v":[{"t":"idOrVar","v":"n"}],"ariaLabel":["carte SIM utilisée ",{"t":"idOrVar","v":"n"}]},{"$i":"expiry-date-format","$v":"%A %e %b"},{"$i":"attach-button","ariaLabel":"Ajouter un fichier"},{"$i":"contact-photo","ariaLabel":"Photo du contact"},{"$i":"unread-thread","ariaLabel":"Non lu"},{"$i":"has-draft","ariaLabel":"Inclut un brouillon"},{"$i":"is-draft","ariaLabel":"Brouillon"},{"$i":"message-delivery-status-sending","$v":"Envoi en cours…"},{"$i":"message-delivery-status-delivered","$v":"Remis"},{"$i":"message-delivery-status-read","ariaLabel":"Lu"},{"$i":"message-delivery-status-error","ariaLabel":"Erreur"},{"$i":"modal-dialog-ok-button","$v":"OK"},{"$i":"modal-dialog-cancel-button","$v":"Annuler"},{"$i":"modal-dialog-default-title","$v":"Messages"},{"$i":"delete-message","$v":"Message supprimé"},{"$i":"message-converted-to-toast","$v":["Message converti en ",{"t":"idOrVar","v":"type"}]},{"$i":"message-sent-toast","$v":"Message envoyé"},{"$i":"deleteMessage-confirmation2","$v":"Supprimer le fil de messages sélectionné ?"},{"$i":"deleted-message","$v":{"few":[{"t":"idOrVar","v":"n"}," messages supprimés"],"many":[{"t":"idOrVar","v":"n"}," messages supprimés"],"one":[{"t":"idOrVar","v":"n"}," message supprimé"],"other":[{"t":"idOrVar","v":"n"}," messages supprimés"],"two":[{"t":"idOrVar","v":"n"}," messages supprimés"],"zero":"0 message supprimé"},"$x":[{"t":"idOrVar","v":"plural"},"n"]},{"$i":"deleted-threads","$v":{"few":[{"t":"idOrVar","v":"n"}," fils de discussion supprimés"],"many":[{"t":"idOrVar","v":"n"}," fils de discussion supprimés"],"one":"Fil supprimé","other":[{"t":"idOrVar","v":"n"}," fils de discussion supprimés"],"two":[{"t":"idOrVar","v":"n"}," fils de discussion supprimés"],"zero":"0 fil supprimé"},"$x":[{"t":"idOrVar","v":"plural"},"n"]},{"$i":"wapPushMessages","$v":"Alertes WAP"},{"$i":"auto-retrieve-messages","$v":"Relève automatique des messages"},{"$i":"auto-retrieve-messages-title","$v":"Récupération auto. des messages"},{"$i":"auto-roaming-retrieve","$v":"Toujours activé"},{"$i":"auto-no-roaming-retrieve","$v":"Activé sauf en itinérance"},{"$i":"mmsTitle","$v":"MMS (messagerie multimédia)"},{"$i":"message-delivery-reports","$v":"Accusés de réception"},{"$i":"message-delivery-reports-title","$v":"Accusés de réception"},{"$i":"messageReport-title","$v":"Détails du message"},{"$i":"sms-label","$v":"SMS"},{"$i":"messaging-settings","$v":"Paramètres de SMS/MMS"},{"$i":"messagingSettings-header","$v":[{"t":"idOrVar","v":"messaging-settings"}]},{"$i":"confirmation-title","$v":"Confirmation"},{"$i":"draft-save-content","$v":"Enregistrer en tant que brouillon ?"},{"$i":"draft-discard-content","$v":"Message supprimé"},{"$i":"switch-on","$v":"Activé"},{"$i":"switch-off","$v":"Désactivé"},{"$i":"auto-retrieve-desc","$v":"Récupérer automatiquement les messages"},{"$i":"confirm-dialog-ok","$v":"OK"},{"$i":"yes","$v":"Oui"},{"$i":"no","$v":"Non"},{"$i":"delete-current-thread?","$v":"Supprimer le fil de messages sélectionné ?"},{"$i":"attention","$v":"Avertissement"},{"$i":"delivery-title","$v":"SMS"},{"$i":"send-failed","$v":"Échec de l’envoi."},{"$i":"subject-removed","$v":"L’objet est supprimé."},{"$i":"data-storage-limit-alert-title","$v":"Mémoire de stockage interne pleine"},{"$i":"data-storage-limit-send-body","$v":"Impossible d’envoyer le MMS. Supprimez des messages ou accédez à Paramètres pour libérer de l’espace."},{"$i":"data-storage-limit-download-body","$v":"Impossible de télécharger le MMS. Supprimez des messages ou accédez à Paramètres pour libérer de l’espace."},{"$i":"data-storage-limit-attachment-body","$v":"L’ajout de la pièce jointe est impossible. Supprimez le message ou accédez à Paramètres pour libérer de l’espace."},{"$i":"data-storage-limit-alert-cancel","$v":"Annuler"},{"$i":"data-storage-limit-alert-setting","$v":"Paramètres"},{"$i":"recipient-repeat","$v":"Contact en double."},{"$i":"email","$v":"E-mail"},{"$i":"options","$v":"Options"},{"$i":"emergency-alert-title","$v":"Alertes d’urgence sans fil"},{"$i":"emergency-alert","$v":"Alertes d’urgence sans fil"},{"$i":"wappushNormal","$v":"Alertes WAP"},{"$i":"wappushSIM1","$v":"Alertes WAP - Carte SIM 1"},{"$i":"wappushSIM2","$v":"Alertes WAP - Carte SIM 2"},{"$i":"not-assigned","$v":"Non associé"},{"$i":"switchSIMDataSendAlertTitle","$v":"L’envoi du MMS a échoué."},{"$i":"switchSIMDataSendAlertBody","$v":["Afin de pouvoir envoyer les MMS, vous devez activer la carte SIM des données ",{"t":"idOrVar","v":"nonActiveSimId"}," dans les paramètres du gestionnaire de cartes SIM."]},{"$i":"switchSIMDataSendAlertDesc","$v":"Accédez à l’application Paramètres pour modifier les paramètres."},{"$i":"switchSIMDataReceiveAlertTitle","$v":"La réception du MMS a échoué."},{"$i":"switchSIMDataReceiveAlertBody","$v":["Afin de pouvoir recevoir les MMS, vous devez activer la carte SIM des données ",{"t":"idOrVar","v":"nonActiveSimId"}," dans les paramètres du gestionnaire de cartes SIM."]},{"$i":"switchSIMDataReceiveAlertDesc","$v":"Accédez à l’application Paramètres pour modifier les paramètres."},{"$i":"group-message","$v":"Message de groupe"},{"$i":"individual-message","$v":"Message individuel"},{"$i":"group-message-alert-title","$v":"Message de groupe"},{"$i":"group-message-alert-body","$v":"Créer un message de groupe ? (Un MMS sera envoyé au groupe et sera facturé par votre fournisseur sans fil selon les modalités de votre forfait.)"},{"$i":"group-message-individual","$v":"Non"},{"$i":"group-message-setting","$v":"Créer"},{"$i":"new-message-individual","$v":"Nouveau message (individuel)"},{"$i":"new-message-group","$v":"Nouveau message (en groupe)"},{"$i":"device-phone-number","$v":"Mon numéro de téléphone"},{"$i":"group-message-phone","$v":"Messages de groupe"},{"$i":"my-phone-number-SIM1","$v":"Mon numéro de téléphone – Carte SIM 1"},{"$i":"my-phone-number-SIM2","$v":"Mon numéro de téléphone – Carte SIM 2"},{"$i":"delivery-notification","$v":"Message remis"},{"$i":"wait","$v":"en attente"},{"$i":"isTextTooLongAlert","$v":"La longueur maximale du message est dépassée."},{"$i":"video-call","$v":"Appel visio"},{"$i":"normal-call","$v":"Appeler"},{"$i":"attachment","$v":"Pièce jointe"},{"$i":"limit-MMS-recipients","$v":"Vous ne pouvez envoyer qu’à 20 destinataires maximum par MMS."},{"$i":"block-contact","$v":"Bloquer le contact"},{"$i":"blocked","$v":"Bloquer"},{"$i":"unblocked","$v":"Débloquer"},{"$i":"rtt-call","$v":"Appel TTR"},{"$i":"remove-all-attachments","$v":"Supprimer tous les pièces jointes"},{"$i":"block-confirmation","$v":"Vous ne recevrez aucun appel téléphonique ou message des personnes inscrites en liste noire."},{"$i":"space-low-not-save","$v":"La mémoire est pleine. L’enregistrement du brouillon est impossible."},{"$i":"creation-mode-messages","$v":"Mode Création"},{"$i":"creation-mode-restricted","$v":"Restreint"},{"$i":"creation-mode-warning","$v":"Avertissement"},{"$i":"creation-mode-free","$v":"Libre"},{"$i":"creationMode_restricted_title","$v":"limite du mode création"},{"$i":"creationMode_restricted_alert","$v":"Le mode Création est restreint. Vous ne pouvez pas ajouter la pièce jointe si elle n’est pas du domaine de contenu multimédia principal (Core MM Content Domain)."},{"$i":"creationMode_warning_title","$v":"avertissement du mode création"},{"$i":"creationMode_warning_alert","$v":"Voulez-vous ajouter la pièce jointe qui n’est pas du domaine de contenu multimédia principal (Core MM Content Domain) ?"},{"$i":"withoutDataTitle","$v":"Sans connexion de données"},{"$i":"withoutDataBody","$v":"Activer la connexion données dans Paramètres pour envoyer ou télécharger les MMS"},{"$i":"withoutDataBtnOk","$v":"OK"},{"$i":"withoutDataBtnSettings","$v":"Paramètres"},{"$i":"FTUTitle","$v":"Bienvenue dans Messages."},{"$i":"FTUBody","$v":"Vous devez indiquer votre numéro de téléphone pour utiliser les messages en groupe."},{"$i":"myNumber","$v":"Mon numéro de téléphone"},{"$i":"myNumber-SIM1","$v":"Mon numéro de téléphone – Carte SIM 1"},{"$i":"myNumber-SIM2","$v":"Mon numéro de téléphone – Carte SIM 2"},{"$i":"save-number","$v":"Enreg."},{"$i":"input-alert-show","$v":"Voici votre numéro de téléphone."},{"$i":"input-alert-reInput","$v":"Vous devez indiquer votre numéro de téléphone pour utiliser les messages en groupe."},{"$i":"multiple-recipients-flag","$v":",..."},{"$i":"parent-control-text","$v":"Ce numéro est bloqué. Il est nécessaire de demander la permission aux parents."},{"$i":"groupNumberInputOne-placeholder","$v":"Mon numéro de téléphone – Carte SIM 1"},{"$i":"groupNumberInputOne","$v":"Mon numéro de téléphone"},{"$i":"groupNumberInputTwo-placeholder","$v":"Mon numéro de téléphone – Carte SIM 2"},{"$i":"groupNumberInputTwo","$v":"Mon numéro de téléphone"},{"$i":"custom-message-sent","$v":["Réponse à ",{"t":"idOrVar","v":"name"}]},{"$i":"colon","$v":":"},{"$i":"sms-encoding-mode","$v":"Codage SMS"},{"$i":"sms-reduced-format","$v":"Format réduit"},{"$i":"sms-full-format","$v":"Grand format"},{"$i":"smscNormal","$v":"Centre de services"},{"$i":"smscSIM1","$v":"Centre de services de la carte SIM1"},{"$i":"smscSIM2","$v":"Centre de services de la carte SIM2"},{"$i":"weekday-0-long","$v":"Dimanche"},{"$i":"weekday-1-long","$v":"Lundi"},{"$i":"weekday-2-long","$v":"Mardi"},{"$i":"weekday-3-long","$v":"Mercredi"},{"$i":"weekday-4-long","$v":"Jeudi"},{"$i":"weekday-5-long","$v":"Vendredi"},{"$i":"weekday-6-long","$v":"Samedi"},{"$i":"weekday-0-short","$v":"dim"},{"$i":"weekday-1-short","$v":"lun"},{"$i":"weekday-2-short","$v":"mar"},{"$i":"weekday-3-short","$v":"mer"},{"$i":"weekday-4-short","$v":"jeu"},{"$i":"weekday-5-short","$v":"ven"},{"$i":"weekday-6-short","$v":"sam"},{"$i":"month-0-long","$v":"Janvier"},{"$i":"month-1-long","$v":"Février"},{"$i":"month-2-long","$v":"Mars"},{"$i":"month-3-long","$v":"Avril"},{"$i":"month-4-long","$v":"mai"},{"$i":"month-5-long","$v":"Juin"},{"$i":"month-6-long","$v":"Juillet"},{"$i":"month-7-long","$v":"Août"},{"$i":"month-8-long","$v":"Septembre"},{"$i":"month-9-long","$v":"Octobre"},{"$i":"month-10-long","$v":"Novembre"},{"$i":"month-11-long","$v":"Décembre"},{"$i":"month-0-genitive","$v":"Janvier"},{"$i":"month-1-genitive","$v":"Février"},{"$i":"month-2-genitive","$v":"Mars"},{"$i":"month-3-genitive","$v":"Avril"},{"$i":"month-4-genitive","$v":"mai"},{"$i":"month-5-genitive","$v":"Juin"},{"$i":"month-6-genitive","$v":"Juillet"},{"$i":"month-7-genitive","$v":"Août"},{"$i":"month-8-genitive","$v":"Septembre"},{"$i":"month-9-genitive","$v":"Octobre"},{"$i":"month-10-genitive","$v":"Novembre"},{"$i":"month-11-genitive","$v":"Décembre"},{"$i":"month-0-short","$v":"jan."},{"$i":"month-1-short","$v":"fév."},{"$i":"month-2-short","$v":"mars"},{"$i":"month-3-short","$v":"avr."},{"$i":"month-4-short","$v":"mai"},{"$i":"month-5-short","$v":"juin"},{"$i":"month-6-short","$v":"juil."},{"$i":"month-7-short","$v":"août"},{"$i":"month-8-short","$v":"sep."},{"$i":"month-9-short","$v":"oct."},{"$i":"month-10-short","$v":"nov."},{"$i":"month-11-short","$v":"déc."},{"$i":"minutes-ago-long","$v":{"few":["il y a ",{"t":"idOrVar","v":"value"}," minutes"],"many":["Il y a ",{"t":"idOrVar","v":"value"}," minutes"],"other":["il y a ",{"t":"idOrVar","v":"value"}," minutes"],"two":["il y a ",{"t":"idOrVar","v":"value"}," minutes"],"one":"Il y a 1 minute","zero":"À l’instant"},"$x":[{"t":"idOrVar","v":"plural"},"value"]},{"$i":"hours-ago-long","$v":{"few":["il y a ",{"t":"idOrVar","v":"value"}," heures"],"many":["Il y a ",{"t":"idOrVar","v":"value"}," heures"],"other":["il y a ",{"t":"idOrVar","v":"value"}," heures"],"two":["il y a ",{"t":"idOrVar","v":"value"}," heures"],"one":"Il y a 1 heure","zero":"À l’instant"},"$x":[{"t":"idOrVar","v":"plural"},"value"]},{"$i":"days-ago-long","$v":{"few":["il y a ",{"t":"idOrVar","v":"value"}," jours"],"many":["il y a ",{"t":"idOrVar","v":"value"}," jours"],"one":"hier","other":["il y a ",{"t":"idOrVar","v":"value"}," jours"],"two":["il y a ",{"t":"idOrVar","v":"value"}," jours"],"zero":"aujourd’hui"},"$x":[{"t":"idOrVar","v":"plural"},"value"]},{"$i":"weeks-ago-long","$v":{"few":["il y a ",{"t":"idOrVar","v":"value"}," semaines"],"many":["il y a ",{"t":"idOrVar","v":"value"}," semaines"],"one":"la semaine dernière","other":["il y a ",{"t":"idOrVar","v":"value"}," semaines"],"two":["il y a ",{"t":"idOrVar","v":"value"}," semaines"],"zero":"cette semaine"},"$x":[{"t":"idOrVar","v":"plural"},"value"]},{"$i":"months-ago-long","$v":{"few":["il y a ",{"t":"idOrVar","v":"value"}," mois"],"many":["il y a ",{"t":"idOrVar","v":"value"}," mois"],"one":"le mois dernier","other":["il y a ",{"t":"idOrVar","v":"value"}," mois"],"two":["il y a ",{"t":"idOrVar","v":"value"}," mois"],"zero":"ce mois-ci"},"$x":[{"t":"idOrVar","v":"plural"},"value"]},{"$i":"years-ago-long","$v":{"few":["il y a ",{"t":"idOrVar","v":"value"}," ans"],"many":["il y a ",{"t":"idOrVar","v":"value"}," ans"],"one":"l’année dernière","other":["il y a ",{"t":"idOrVar","v":"value"}," ans"],"two":["il y a ",{"t":"idOrVar","v":"value"}," ans"],"zero":"cette année"},"$x":[{"t":"idOrVar","v":"plural"},"value"]},{"$i":"minutes-until-long","$v":{"few":["dans ",{"t":"idOrVar","v":"value"}," minutes"],"many":["dans ",{"t":"idOrVar","v":"value"}," minutes"],"other":["dans ",{"t":"idOrVar","v":"value"}," minutes"],"two":["dans ",{"t":"idOrVar","v":"value"}," minutes"],"zero":"maintenant","one":["dans ",{"t":"idOrVar","v":"value"}," minute"]},"$x":[{"t":"idOrVar","v":"plural"},"value"]},{"$i":"hours-until-long","$v":{"few":["dans ",{"t":"idOrVar","v":"value"}," heures"],"many":["dans ",{"t":"idOrVar","v":"value"}," heures"],"other":["dans ",{"t":"idOrVar","v":"value"}," heures"],"two":["dans ",{"t":"idOrVar","v":"value"}," heures"],"zero":"maintenant","one":["dans ",{"t":"idOrVar","v":"value"}," heure"]},"$x":[{"t":"idOrVar","v":"plural"},"value"]},{"$i":"days-until-long","$v":{"few":["dans ",{"t":"idOrVar","v":"value"}," jours"],"many":["dans ",{"t":"idOrVar","v":"value"}," jours"],"one":"demain","other":["dans ",{"t":"idOrVar","v":"value"}," jours"],"two":["dans ",{"t":"idOrVar","v":"value"}," jours"],"zero":"aujourd’hui"},"$x":[{"t":"idOrVar","v":"plural"},"value"]},{"$i":"weeks-until-long","$v":{"few":["dans ",{"t":"idOrVar","v":"value"}," semaines"],"many":["dans ",{"t":"idOrVar","v":"value"}," semaines"],"one":"la semaine prochaine","other":["dans ",{"t":"idOrVar","v":"value"}," semaines"],"two":["dans ",{"t":"idOrVar","v":"value"}," semaines"],"zero":"cette semaine"},"$x":[{"t":"idOrVar","v":"plural"},"value"]},{"$i":"months-until-long","$v":{"few":["dans ",{"t":"idOrVar","v":"value"}," mois"],"many":["dans ",{"t":"idOrVar","v":"value"}," mois"],"one":"le mois prochain","other":["dans ",{"t":"idOrVar","v":"value"}," mois"],"two":["dans ",{"t":"idOrVar","v":"value"}," mois"],"zero":"ce mois-ci"},"$x":[{"t":"idOrVar","v":"plural"},"value"]},{"$i":"years-until-long","$v":{"few":["dans ",{"t":"idOrVar","v":"value"}," ans"],"many":["dans ",{"t":"idOrVar","v":"value"}," ans"],"one":"l’année prochaine","other":["dans ",{"t":"idOrVar","v":"value"}," ans"],"two":["dans ",{"t":"idOrVar","v":"value"}," ans"],"zero":"cette année"},"$x":[{"t":"idOrVar","v":"plural"},"value"]},{"$i":"minutes-ago-short","$v":{"other":["il y a ",{"t":"idOrVar","v":"value"}," min"],"zero":"À l’instant"},"$x":[{"t":"idOrVar","v":"plural"},"value"]},{"$i":"hours-ago-short","$v":{"other":["il y a ",{"t":"idOrVar","v":"value"},"h"],"zero":"À l’instant"},"$x":[{"t":"idOrVar","v":"plural"},"value"]},{"$i":"days-ago-short","$v":{"other":["il y a ",{"t":"idOrVar","v":"value"},"j"],"zero":"aujourd’hui"},"$x":[{"t":"idOrVar","v":"plural"},"value"]},{"$i":"minutes-until-short","$v":{"other":["dans ",{"t":"idOrVar","v":"value"},"m"],"zero":"maintenant"},"$x":[{"t":"idOrVar","v":"plural"},"value"]},{"$i":"hours-until-short","$v":{"other":["dans ",{"t":"idOrVar","v":"value"},"h"],"zero":"maintenant"},"$x":[{"t":"idOrVar","v":"plural"},"value"]},{"$i":"days-until-short","$v":{"other":["dans ",{"t":"idOrVar","v":"value"},"j"],"zero":"aujourd’hui"},"$x":[{"t":"idOrVar","v":"plural"},"value"]},{"$i":"dateTimeFormat_%c","$v":"%a %e %b %Y %H:%M:%S"},{"$i":"dateTimeFormat_%x","$v":"%d/%m/%Y"},{"$i":"dateTimeFormat_%X","$v":"%I:%M:%S %p"},{"$i":"shortTimeFormat","$v":"%I:%M %p"},{"$i":"shortTimeFormat12","$v":"%I:%M %p"},{"$i":"shortTimeFormat24","$v":"%H:%M"},{"$i":"shortDateTimeFormat","$v":"%x %H:%M"},{"$i":"weekStartsOnMonday","$v":"0.0"},{"$i":"firstDayOfTheWeek","$v":"1.0"},{"$i":"time_am","$v":"AM"},{"$i":"time_pm","$v":"PM"},{"$i":"softkey-options","$v":"Options"},{"$i":"emergencyNumber","$v":"Numéro d’urgence"},{"$i":"callAirplaneModeMessage","$v":"Afin de passer un appel vous devez désactiver le mode avion dans les paramètres."},{"$i":"callAirplaneModeBtnOk","$v":"OK"},{"$i":"callAirplaneModeTitle","$v":"Mode avion activé"},{"$i":"numberIsBusyTitle","$v":"Numéro occupé"},{"$i":"numberIsBusyMessage","$v":"Le numéro est actuellement occupé. Veuillez réessayer plus tard."},{"$i":"fdnIsActiveTitle","$v":"Numéros autorisés activés"},{"$i":"fdnIsActiveMessage","$v":["Les numéros autorisés (ou NF pour numéros fixes) sont activés et le numéro suivant ne fait pas partie de votre liste NF : ",{"t":"idOrVar","v":"number"}]},{"$i":"emergencyDialogBodyBadNumber","$v":"Afin d’appeler, vous devez d’abord avoir une couverture réseau."},{"$i":"emergencyDialogBodyDeviceNotAccepted","$v":"Appels d’urgence non autorisés par le réseau."},{"$i":"emergencyDialogBtnOk","$v":"OK"},{"$i":"emergencyDialogTitle","$v":"Pas de réseau"},{"$i":"invalidNumberToDialTitle","$v":"Numéro de téléphone non valide"},{"$i":"invalidNumberToDialMessage","$v":"Le numéro de téléphone que vous essayez de joindre n’est pas valide."},{"$i":"unableToCallTitle","$v":"Appel impossible"},{"$i":"unableToCallMessage","$v":"Passer un appel est impossible pour le moment."},{"$i":"otherConnectionInUseTitle","$v":"Autre ligne active"},{"$i":"otherConnectionInUseMessage","$v":"Un appel est déjà en cours sur une autre ligne. Vous ne pouvez utiliser qu’une ligne à la fois."},{"$i":"connectingEllipsis","$v":"Connexion en cours…"}]