[{"$i":"messages","$v":"הודעה"},{"$i":"deleteMessages-title","$v":"בחר"},{"$i":"selectThreads-title","$v":"בחר"},{"$i":"edit","$v":"ערוך"},{"$i":"back","$v":"חזרה"},{"$i":"cancel","$v":"בטל"},{"$i":"delete","$v":"מחק"},{"$i":"deleting-messages","$v":"מוחק…"},{"$i":"deselect","$v":"בטל בחירה"},{"$i":"selected-threads","$v":{"few":[{"t":"idOrVar","v":"n"}," נבחרו"],"many":[{"t":"idOrVar","v":"n"}," נבחרו"],"one":[{"t":"idOrVar","v":"n"}," נבחרו"],"other":[{"t":"idOrVar","v":"n"}," נבחרו"],"two":[{"t":"idOrVar","v":"n"}," נבחרו"],"zero":"0 נבחרו"},"$x":[{"t":"idOrVar","v":"plural"},"n"]},{"$i":"selected-messages","$v":{"few":[{"t":"idOrVar","v":"n"}," נבחרו"],"many":[{"t":"idOrVar","v":"n"}," נבחרו"],"one":[{"t":"idOrVar","v":"n"}," נבחרו"],"other":[{"t":"idOrVar","v":"n"}," נבחרו"],"two":[{"t":"idOrVar","v":"n"}," נבחרו"],"zero":"0 נבחרו"},"$x":[{"t":"idOrVar","v":"plural"},"n"]},{"$i":"selectThreads-label","$v":"בחר שירשורים"},{"$i":"selectMessages-label","$v":"בחר הודעות"},{"$i":"new-message","$v":"הודעה חדשה"},{"$i":"delete-thread","$v":"מחק שירשור"},{"$i":"create-new-contact","$v":"צור איש קשר חדש"},{"$i":"add-to-contact","$v":"הוסף לאיש קשר קיים"},{"$i":"select-thread","$v":"בחר שירשור"},{"$i":"settings","$v":"הגדרות"},{"$i":"select-all","$v":"בחר הכול"},{"$i":"deselect-all","$v":"בחר בחירת הכול"},{"$i":"select","$v":"בחר"},{"$i":"sk-save-as-draft","$v":"שמור בתור טיוטה"},{"$i":"next","$v":"הבא"},{"$i":"send","$v":"שלח"},{"$i":"add-contact","$v":"הוסף איש קשר"},{"$i":"add-suggestion","$v":"בחר"},{"$i":"add-subject","$v":"הוסף נושא"},{"$i":"remove-subject","$v":"הסר את הנושא"},{"$i":"add-attachment","$v":"הוסף צרופה"},{"$i":"remove-attachment","$v":"הסר קובץ מצורף"},{"$i":"replace-attachment","$v":"החלף קובץ מצורף"},{"$i":"select-messages","$v":"בחר הודעות"},{"$i":"call","$v":"שיחה"},{"$i":"forward","$v":"העבר"},{"$i":"view-message-report","$v":"הצג פרטי הודעה"},{"$i":"cancel-view-report","$v":"בטל"},{"$i":"ok","$v":"OK"},{"$i":"enter","$v":"הזן"},{"$i":"open","$v":"פתח"},{"$i":"to","$v":"אל"},{"$i":"new","$v":"חדש"},{"$i":"message","$v":"הודעה"},{"$i":"messagesInput_placeholder","$v":"הודעה"},{"$i":"messagesSubjectInput_placeholder","$v":"נושא"},{"$i":"subjectComposerInput_placeholder","$v":"נושא"},{"$i":"converted-to-mms","$v":"ממיר להודעת מולטימדיה."},{"$i":"converted-to-sms","$v":"ממיר להודעת טקסט."},{"$i":"messages-max-length-text","$v":"הגעת לאורך המרבי."},{"$i":"messages-max-subject-length-text","$v":"הגעת לאורך נושא מרבי."},{"$i":"multimedia-message-exceeded-max-length","$v":["הודעה זו חורגת ממגבלת הגודל של ‎",{"t":"idOrVar","v":"mmsSize"}," MB עבור הודעת מולטימדיה בודדת."]},{"$i":"newMessage","$v":"הודעה חדשה"},{"$i":"sendMessage","$v":"שלח הודעה"},{"$i":"sendMMSToEmail","$v":"שלח הודעת MMS"},{"$i":"no-recipient","$v":"(אין נמען)"},{"$i":"recipient","$v":{"few":[{"t":"idOrVar","v":"n"}," נמענים"],"many":[{"t":"idOrVar","v":"n"}," נמענים"],"one":[{"t":"idOrVar","v":"n"}," נמען"],"other":[{"t":"idOrVar","v":"n"}," נמענים"],"two":[{"t":"idOrVar","v":"n"}," נמענים"]},"$x":[{"t":"idOrVar","v":"plural"},"n"]},{"$i":"attachmentSizeB","$v":[{"t":"idOrVar","v":"n"}," B"]},{"$i":"attachmentSizeKB","$v":[{"t":"idOrVar","v":"n"}," ק\"ב"]},{"$i":"attachmentSizeMB","$v":[{"t":"idOrVar","v":"n"}," מ\"ב"]},{"$i":"attachmentOpenError","$v":"אין יישום שמסוגל לפתוח את סוג הקובץ הזה."},{"$i":"attachmentNotFile","$v":"קובץ זה לא נמצא."},{"$i":"remove","$v":"הסר"},{"$i":"participant","$v":{"few":[{"t":"idOrVar","v":"n"}," משתתפים"],"many":[{"t":"idOrVar","v":"n"}," משתתפים"],"one":[{"t":"idOrVar","v":"n"}," משתתף"],"other":[{"t":"idOrVar","v":"n"}," משתתפים"],"two":[{"t":"idOrVar","v":"n"}," משתתפים"]},"$x":[{"t":"idOrVar","v":"plural"},"n"]},{"$i":"message-report","$v":"דוח הודעות"},{"$i":"message-type-sms","$v":"הודעת טקסט (SMS)"},{"$i":"message-type-mms","$v":"Multimedia Message (MMS)"},{"$i":"sms-report-description","$v":["הודעת שטקסט שלך (SMS), נשלחה במועד ",{"t":"idOrVar","v":"datetime"}]},{"$i":"mms-report-description","$v":["הודעת המולטימדיה שלך (MMS), נושא ",{"t":"idOrVar","v":"subject"},", נשלחה במועד ",{"t":"idOrVar","v":"datetime"}]},{"$i":"mms-no-subject-report-description","$v":["הודעת המולטימדיה שלך (MMS) נשלחה במועד ",{"t":"idOrVar","v":"datetime"}]},{"$i":"message-subject","$v":"נושא:"},{"$i":"report-status-error","$v":"לא ניתן היה לשלוח את ההודעה"},{"$i":"report-status-not-downloaded","$v":"לא מורד"},{"$i":"report-status-delivered","$v":"נמסרה:"},{"$i":"report-status-read","$v":"קרא:"},{"$i":"report-status-pending","$v":"דוח נדרש"},{"$i":"report-status-rejected","$v":"ההודעה נדחתה"},{"$i":"message-size-was","$v":"גודל הודעה:"},{"$i":"report-to-title","$v":"אל"},{"$i":"report-from-title","$v":"מאת"},{"$i":"message-sent","$v":"נשלח:"},{"$i":"message-sending","$v":[{"t":"idOrVar","v":"message-delivery-status-sending"}]},{"$i":"message-received","$v":"התקבל:"},{"$i":"message-via","$v":"דרך:"},{"$i":"message-resend","$v":"שלח מחדש"},{"$i":"search","$v":"חפש"},{"$i":"unknown-contact-title","$v":"איש קשר בלתי ידוע"},{"$i":"phone-type-separator","$v":", "},{"$i":"phone-carrier-separator","$v":" "},{"$i":"thread-participant-separator","$v":", "},{"$i":"replace-draft","$v":"החלף טיוטה קיימת"},{"$i":"save-as-draft","$v":"שמור"},{"$i":"discard-message","$v":"מחק"},{"$i":"discard-sms","$v":"האם אתה בטוח שברצונך למחוק הודעה זו?"},{"$i":"discard-new-message","$v":"מחק את ההודעה שאתה מחבר ופתח את ההודעה החדשה?"},{"$i":"resend-confirmation","$v":"לא ניתן לשלוח את ההודעה. לנסות שוב?"},{"$i":"resend-message","$v":"שלח את ההודעה הזאת שוב"},{"$i":"deleteMessage-confirmation","$v":"למחוק את ההודעה שנבחרה?"},{"$i":"deleteMessages-confirmation","$v":"למחוק את ההודעות שנבחרו?"},{"$i":"deleteThreads-confirmation2","$v":{"one":"למחוק את שירשור ההודעות שנבחר?","other":"למחוק את שירשורי ההודעות שנבחרו?"},"$x":[{"t":"idOrVar","v":"plural"},"n"]},{"$i":"new-message-notice-text","$v":"הודעה חדשה מאת"},{"$i":"new-message-notice-a-text","$v":"קרא זאת"},{"$i":"noMessages-title","$v":"אין הודעות"},{"$i":"noMessages-text","$v":"לחץ על הודעה חדשה כדי להתחיל לתקשר"},{"$i":"sendDefaultErrorTitle","$v":"שלח את הכישלון"},{"$i":"sendDefaultErrorBody","$v":"אירעה בעיה בשליחת ההודעה. נא לנסות שוב."},{"$i":"sendDefaultErrorBtnOk","$v":"OK"},{"$i":"sendMissingSimCardTitle","$v":"שלח את הכישלון"},{"$i":"sendMissingSimCardBody","$v":"הכנס כרטיס SIM חוקי כדי להמשיך."},{"$i":"sendMissingSimCardBtnOk","$v":"OK"},{"$i":"sendFlightModeTitle","$v":"שלח את הכישלון"},{"$i":"sendFlightModeBody","$v":"כבה מצב טיסה כדי לשלוח הודעות."},{"$i":"sendFlightModeBtnOk","$v":"OK"},{"$i":"radioDisabledToDownloadTitle","$v":"הורד את כשל"},{"$i":"radioDisabledToDownloadBody","$v":"כבה מצב טיסה כדי להוריד קבצים מצורפים."},{"$i":"radioDisabledToDownloadBtnOk","$v":[{"t":"idOrVar","v":"sendFlightModeBtnOk"}]},{"$i":"downloadDefaultErrorTitle","$v":"הורד את כשל"},{"$i":"downloadDefaultErrorBody","$v":"אירעה בעיה בהורדת ההודעה. בבקשה נסה שוב."},{"$i":"downloadDefaultErrorBtnOk","$v":[{"t":"idOrVar","v":"sendDefaultErrorBtnOk"}]},{"$i":"fdnErrorTitle","$v":"שלח את הכישלון"},{"$i":"needConnectWifiBody","$v":["אין רשת סלולרית זמינה. התחבר לרשת ",{"t":"idOrVar","v":"Wi-Fi"}," זמינה להעברת הודעות."]},{"$i":"needConnectWifiTitle","$v":"ההודעה לא נמצאה"},{"$i":"mmsChanelUsedBody","$v":"ישנו MMS בתהליך שליחה על ידי תהליך משנה שאינו DDS. המתן להשלמת תהליך השליחה."},{"$i":"mmsChanelUsedTitle","$v":"נעשה שימוש בערוץ MMS"},{"$i":"sms-counter-notice-label","$v":["ערוך SMS ",{"t":"idOrVar","v":"number"}]},{"$i":"fdnErrorBody","$v":{"few":"‏FDN (מספרי חיוג קבועים) מופעל. ודא שהמרכז של SMS והנמענים הבאים נמצאים ברשימת FDN שלך.","many":"‏FDN (מספרי חיוג קבועים) מופעל. ודא שהמרכז של SMS והנמענים הבאים נמצאים ברשימת FDN שלך.","one":"‏FDN (מספרי חיוג קבועים) מופעל. ודא שהמרכז של SMS והנמענים הבאים נמצאים ברשימת FDN שלך.","other":"‏FDN (מספרי חיוג קבועים) מופעל. ודא שהמרכז של SMS והנמענים הבאים נמצאים ברשימת FDN שלך.","two":"‏FDN (מספרי חיוג קבועים) מופעל. ודא שהמרכז של SMS והנמענים הבאים נמצאים ברשימת FDN שלך."},"$x":[{"t":"idOrVar","v":"plural"},"n"]},{"$i":"fdnErrorBtnOk","$v":"OK"},{"$i":"sendNoSignalErrorTitle","$v":"שלח את הכישלון"},{"$i":"sendNoSignalErrorBody","$v":"אין איתות לנייד, אנא נסה שוב."},{"$i":"sendNoSignalErrorBtnOk","$v":"OK"},{"$i":"sendNotFoundErrorTitle","$v":"שלח את הכישלון"},{"$i":"sendNotFoundErrorBody","$v":"ההודעה שאתה מחפש אינה זמינה עוד."},{"$i":"sendNotFoundErrorBtnOk","$v":"OK"},{"$i":"sendInvalidAddressErrorTitle","$v":"שלח את הכישלון"},{"$i":"sendInvalidAddressErrorBody","$v":"ודא שמספר הטלפון הנייד שאתה שולח אליו חוקי."},{"$i":"sendInvalidAddressErrorBtnOk","$v":"OK"},{"$i":"simNotMatchedErrorTitle","$v":"איני מסוגל להוריד"},{"$i":"simNotMatchedErrorBody","$v":"נא ודא שהכרטיס SIM שהוכנס הוא זה שמקבל את ההודעה הזאת."},{"$i":"simNotMatchedErrorBtnOk","$v":"OK"},{"$i":"netWorkErrorTitle","$v":"תקלה ברשת"},{"$i":"netWorkErrorBody","$v":"בעיה ברשת. אנא בדוק את חיבור הרשת שלך."},{"$i":"netWorkErrorBtnOk","$v":"אישור"},{"$i":"deleted-sms","$v":"ההודעה הזאת נמחקה כבר."},{"$i":"view-attachment-image","$v":"הצג"},{"$i":"view-attachment-audio","$v":"הקשב"},{"$i":"view-attachment-video","$v":"הצג"},{"$i":"view-attachment-other","$v":"הצג"},{"$i":"remove-attachment-image","$v":"הסר תמונה"},{"$i":"remove-attachment-audio","$v":"הסר אודיו"},{"$i":"remove-attachment-video","$v":"הסר הסרטון"},{"$i":"remove-attachment-other","$v":"הסר קובץ מצורף"},{"$i":"replace-attachment-image","$v":"החלף תמונה"},{"$i":"replace-attachment-audio","$v":"החלף אודיו"},{"$i":"replace-attachment-video","$v":"החלף סרטון"},{"$i":"replace-attachment-other","$v":"החלף קובץ מצורף"},{"$i":"unsent-message-title","$v":"הודעה שלא נשלחה"},{"$i":"unsent-message-description","$v":"ההודעה הקודמת שלך לא נשלחה. האם ברצונך לערוך את ההודעה שלא נשלחה או למחוק אותה ולהמשיך?"},{"$i":"unsent-message-option-edit","$v":"ערוך"},{"$i":"unsent-message-option-discard","$v":"מחק"},{"$i":"message-options","$v":"אפשרויות הודעה"},{"$i":"select-text","$v":"בחר טקסט"},{"$i":"mobile","$v":"נייד"},{"$i":"home","$v":"בית"},{"$i":"work","$v":"עבודה"},{"$i":"personal","$v":"אישי"},{"$i":"faxHome","$v":"פקס בית"},{"$i":"faxOffice","$v":"פקס משרד"},{"$i":"faxOther","$v":"פקס אחר"},{"$i":"another","$v":"אחר"},{"$i":"other","$v":"אחר"},{"$i":"today","$v":"היום"},{"$i":"yesterday","$v":"אתמול"},{"$i":"incorrectDate","$v":"(תאריך שגוי)"},{"$i":"addToExistingContact","$v":"הוסף לאיש קשר קיים"},{"$i":"createNewContact","$v":"צור איש קשר חדש"},{"$i":"viewContact","$v":"הצג איש קשר"},{"$i":"sendEmail","$v":"שלח דוא\"ל"},{"$i":"mms-message","$v":"הודעת MMS"},{"$i":"notDownloaded-title","$v":"ההודעה טרם הורדה."},{"$i":"tobedownloaded-attachment","$v":["קיבלת הודעת מולטימדיה, לחץ על הורד כדי לאחזר את התוכן שלה לפני ",{"t":"idOrVar","v":"date"},"."]},{"$i":"expired-attachment","$v":["מצטערים, ההודעה פקעה ביום ",{"t":"idOrVar","v":"date"}," ואינה ניתנת להורדה."]},{"$i":"download-attachment","$v":"הורד"},{"$i":"downloading-attachment","$v":"מוריד…"},{"$i":"download-complete","$v":"ההורדה הושלמה"},{"$i":"unnamed-attachment","$v":"ללא כותרת"},{"$i":"mms-label","$v":"MMS"},{"$i":"not-download-label","$v":"קיבלת הודעת מולטימדיה. הורד כדי לאחזר את התוכן שלה לפני"},{"$i":"attachment-label","$v":"קובץ מצורף"},{"$i":"attached-files-too-large","$v":{"few":["הודעות אלו חורגות ממגבלת הגודל של ‎",{"t":"idOrVar","v":"mmsSize"}," MB עבור הודעת מולטימדיה בודדת."],"many":["הודעות אלו חורגות ממגבלת הגודל של ‎",{"t":"idOrVar","v":"mmsSize"}," MB עבור הודעת מולטימדיה בודדת."],"one":["הודעה זו חורגת ממגבלת הגודל של ‎",{"t":"idOrVar","v":"mmsSize"}," MB עבור הודעת מולטימדיה בודדת."],"other":["הודעות אלו חורגות ממגבלת הגודל של ‎",{"t":"idOrVar","v":"mmsSize"}," MB עבור הודעת מולטימדיה בודדת."],"two":["הודעות אלו חורגות ממגבלת הגודל של ‎",{"t":"idOrVar","v":"mmsSize"}," MB עבור הודעת מולטימדיה בודדת."],"zero":["הודעות אלו חורגות ממגבלת הגודל של ‎",{"t":"idOrVar","v":"mmsSize"}," MB עבור הודעת מולטימדיה בודדת."]},"$x":[{"t":"idOrVar","v":"plural"},"n"]},{"$i":"resize-image","$v":"משנה דוגל תמונה מצורפת"},{"$i":"no-attachment-text","$v":"יש בעיה עם הקובץ המצורף ולא ניתן להוריד אותו."},{"$i":"message-draft-saved","$v":"ההודעה נשמרה כטיוטה"},{"$i":"sim-id-label","$v":["SIM ",{"t":"idOrVar","v":"id"}]},{"$i":"sim-detail","$v":["SIM ",{"t":"idOrVar","v":"id"},", ",{"t":"idOrVar","v":"detailString"}]},{"$i":"dsds-notification-title-with-sim","$v":["(",{"t":"idOrVar","v":"sim"},") ",{"t":"idOrVar","v":"sender"}]},{"$i":"send-button","ariaLabel":"שלח"},{"$i":"send-button-sim-indication","$v":[{"t":"idOrVar","v":"n"}],"ariaLabel":["משתמש בכרטיס SIM ",{"t":"idOrVar","v":"n"}]},{"$i":"expiry-date-format","$v":"%A, %b %e"},{"$i":"attach-button","ariaLabel":"הוסף צרופה"},{"$i":"contact-photo","ariaLabel":"תמונת איש הקשר"},{"$i":"unread-thread","ariaLabel":"בטל מצב נקראה"},{"$i":"has-draft","ariaLabel":"יש לו טיוטה"},{"$i":"is-draft","ariaLabel":"טיוטה"},{"$i":"message-delivery-status-sending","$v":"שולח..."},{"$i":"message-delivery-status-delivered","$v":"נמסרה"},{"$i":"message-delivery-status-read","ariaLabel":"קרא"},{"$i":"message-delivery-status-error","ariaLabel":"שגיאה"},{"$i":"modal-dialog-ok-button","$v":"OK"},{"$i":"modal-dialog-cancel-button","$v":"בטל"},{"$i":"modal-dialog-default-title","$v":"הודעות"},{"$i":"delete-message","$v":"ההודעה נמחקה"},{"$i":"message-converted-to-toast","$v":["ההודעה הומרה לסוג ",{"t":"idOrVar","v":"type"}]},{"$i":"message-sent-toast","$v":"ההודעה נשלחה"},{"$i":"deleteMessage-confirmation2","$v":"למחוק את שירשור ההודעות שנבחר?"},{"$i":"deleted-message","$v":{"few":[{"t":"idOrVar","v":"n"}," הודעות נמחקו"],"many":[{"t":"idOrVar","v":"n"}," הודעות נמחקו"],"one":"הודעה אחת נמחקה","other":[{"t":"idOrVar","v":"n"}," הודעות נמחקו"],"two":[{"t":"idOrVar","v":"n"}," הודעות נמחקו"],"zero":"0 הודעות שנמחקו"},"$x":[{"t":"idOrVar","v":"plural"},"n"]},{"$i":"deleted-threads","$v":{"few":[{"t":"idOrVar","v":"n"}," שירשורי הודעות נמחקו"],"many":[{"t":"idOrVar","v":"n"}," שירשורי הודעות נמחקו"],"one":"שרשור הודעות נמחק","other":[{"t":"idOrVar","v":"n"}," שירשורי הודעות נמחקו"],"two":[{"t":"idOrVar","v":"n"}," שירשורי הודעות נמחקו"],"zero":"0 שרשורי הודעות נמחקו"},"$x":[{"t":"idOrVar","v":"plural"},"n"]},{"$i":"wapPushMessages","$v":"הודעות דחיפת WAP"},{"$i":"auto-retrieve-messages","$v":"אחזר הודעות אוטומטית"},{"$i":"auto-retrieve-messages-title","$v":"אחזר הודעות אוטומטית"},{"$i":"auto-roaming-retrieve","$v":"מופעל עם נדידה"},{"$i":"auto-no-roaming-retrieve","$v":"מופעל ללא נדידה"},{"$i":"mmsTitle","$v":"Multimedia Message (MMS)"},{"$i":"message-delivery-reports","$v":"דוחות מסירה"},{"$i":"message-delivery-reports-title","$v":"דוחות מסירה"},{"$i":"messageReport-title","$v":"פרטי הודעה"},{"$i":"sms-label","$v":"SMS"},{"$i":"messaging-settings","$v":"הגדרות מערכת הודעות"},{"$i":"messagingSettings-header","$v":[{"t":"idOrVar","v":"messaging-settings"}]},{"$i":"confirmation-title","$v":"אישור"},{"$i":"draft-save-content","$v":"לשמור בתור טיוטה?"},{"$i":"draft-discard-content","$v":"ההודעה נמחקה"},{"$i":"switch-on","$v":"מופעל"},{"$i":"switch-off","$v":"כבוי"},{"$i":"auto-retrieve-desc","$v":"אחזר הודעות אוטומטית"},{"$i":"confirm-dialog-ok","$v":"אישור"},{"$i":"yes","$v":"כן"},{"$i":"no","$v":"לא"},{"$i":"delete-current-thread?","$v":"למחוק את שירשור ההודעות שנבחר?"},{"$i":"attention","$v":"שים לב"},{"$i":"delivery-title","$v":"הודעות טקסט (SMS)"},{"$i":"send-failed","$v":"השליחה נכשלה."},{"$i":"subject-removed","$v":"הנושא הוסר."},{"$i":"data-storage-limit-alert-title","$v":"אחסון הטלפון מלא."},{"$i":"data-storage-limit-send-body","$v":"לא ניתן לשלוח MMS. מחק הודעות או עבור אל 'הגדרות' כדי לפנות שטח אחסון."},{"$i":"data-storage-limit-download-body","$v":"לא ניתן להוריד MMS. מחק הודעות או עבור אל 'הגדרות' כדי לפנות שטח אחסון."},{"$i":"data-storage-limit-attachment-body","$v":"לא ניתן להוסיף קובץ מצורף. מחיקת הודעות או עבור להגדרות כדי לפנות מקום."},{"$i":"data-storage-limit-alert-cancel","$v":"ביטול"},{"$i":"data-storage-limit-alert-setting","$v":"הגדרות"},{"$i":"recipient-repeat","$v":"מקבל כפול."},{"$i":"email","$v":"דואר אלקטרוני"},{"$i":"options","$v":"אפשרויות"},{"$i":"emergency-alert-title","$v":"התרעות חירום"},{"$i":"emergency-alert","$v":"התרעות חירום"},{"$i":"wappushNormal","$v":"דחיפת WAP"},{"$i":"wappushSIM1","$v":"דחיפת WAP‏ - SIM 1"},{"$i":"wappushSIM2","$v":"דחיפת WAP‏ - SIM 2"},{"$i":"not-assigned","$v":"לא מוקצה"},{"$i":"switchSIMDataSendAlertTitle","$v":"שליחת MMS נכשלה."},{"$i":"switchSIMDataSendAlertBody","$v":["על מנת לשלוח MMS, עליך לשנות את כרטיס ה-SIM לנתונים ל-SIM",{"t":"idOrVar","v":"nonActiveSimId"}," בהגדרות מנהל ה-SIM."]},{"$i":"switchSIMDataSendAlertDesc","$v":"עבור אל אפליקציית ההגדרות כדי לעדכן את ההגדרות."},{"$i":"switchSIMDataReceiveAlertTitle","$v":"קבלת MMS נכשלה."},{"$i":"switchSIMDataReceiveAlertBody","$v":["על מנת לקבל MMS, עליך לשנות את כרטיס ה-SIM לנתונים ל-SIM",{"t":"idOrVar","v":"nonActiveSimId"}," בהגדרות מנהל ה-SIM."]},{"$i":"switchSIMDataReceiveAlertDesc","$v":"עבור אל אפליקציית ההגדרות כדי לעדכן את ההגדרות."},{"$i":"group-message","$v":"הודעה קבוצתית"},{"$i":"individual-message","$v":"הודעה נפרדת"},{"$i":"group-message-alert-title","$v":"הודעה קבוצתית"},{"$i":"group-message-alert-body","$v":"האם ליצור הודעה קבוצתית? (הודעה קבוצתית שתישלח דרך MMS ותגרום לחיובים נוספים מהספק האלחוטי, בהתאם לתוכנית השירות.)"},{"$i":"group-message-individual","$v":"לא"},{"$i":"group-message-setting","$v":"צור"},{"$i":"new-message-individual","$v":"הודעה חדשה (נפרדת)"},{"$i":"new-message-group","$v":"הודעה חדשה (קבוצתית)"},{"$i":"device-phone-number","$v":"מספר הטלפון שלי"},{"$i":"group-message-phone","$v":"הודעות קבוצתיות"},{"$i":"my-phone-number-SIM1","$v":"מספר הטלפון שלי - SIM 1"},{"$i":"my-phone-number-SIM2","$v":"מספר הטלפון שלי - SIM 2"},{"$i":"delivery-notification","$v":"הודעה נמסרה"},{"$i":"wait","$v":"ממתינה"},{"$i":"isTextTooLongAlert","$v":"חריגה מאורך ההודעה המרבי."},{"$i":"video-call","$v":"שיחת וידאו"},{"$i":"normal-call","$v":"התקשר"},{"$i":"attachment","$v":"קובץ מצורף"},{"$i":"limit-MMS-recipients","$v":"ניתן לשלוח כל MMS אל עד 20 נמענים."},{"$i":"block-contact","$v":"חסום איש קשר"},{"$i":"blocked","$v":"חסום"},{"$i":"unblocked","$v":"בטל חסימה"},{"$i":"rtt-call","$v":"שיחת RTT"},{"$i":"remove-all-attachments","$v":"הסר את כל הקבצים המצורפים"},{"$i":"block-confirmation","$v":"לא תקבל שיחות טלפון והודעות מאנשים ברשימת החסומים."},{"$i":"space-low-not-save","$v":"האחסון מלא. לא ניתן לשמור טיוטה."},{"$i":"creation-mode-messages","$v":"מצב יצירה"},{"$i":"creation-mode-restricted","$v":"מוגבל"},{"$i":"creation-mode-warning","$v":"אזהרה"},{"$i":"creation-mode-free","$v":"חופשי"},{"$i":"creationMode_restricted_title","$v":"מגבלת מצב יצירה"},{"$i":"creationMode_restricted_alert","$v":"מצב יצירה מוגבל. לא ניתן להוסיף את הקובץ המצורף שאינו תחום תוכן MM עיקרי."},{"$i":"creationMode_warning_title","$v":"אזהרת מצב יצירה"},{"$i":"creationMode_warning_alert","$v":"האם אתה מאשר להוסיף את הקובץ המצורף שאינו תחום תוכן MM עיקרי?"},{"$i":"withoutDataTitle","$v":"אין חיבור נתונים"},{"$i":"withoutDataBody","$v":"אנא אפשר חיבור נתונים בהגדרות לשלוח או להוריד הודעות MMS."},{"$i":"withoutDataBtnOk","$v":"אישור"},{"$i":"withoutDataBtnSettings","$v":"הגדרות"},{"$i":"FTUTitle","$v":"ברוך הבא להודעות."},{"$i":"FTUBody","$v":"עליך לספק את מספר הטלפון שלך כדי להשתמש בהודעות קבוצתיות."},{"$i":"myNumber","$v":"מספר הטלפון שלי"},{"$i":"myNumber-SIM1","$v":"מספר הטלפון שלי - SIM 1"},{"$i":"myNumber-SIM2","$v":"מספר הטלפון שלי - SIM 2"},{"$i":"save-number","$v":"שמור"},{"$i":"input-alert-show","$v":"זה מספר הטלפון שלך."},{"$i":"input-alert-reInput","$v":"עליך לספק את מספר הטלפון שלך כדי להשתמש בהודעות קבוצתיות."},{"$i":"multiple-recipients-flag","$v":",..."},{"$i":"parent-control-text","$v":"המספר הזה חסום. אתה יכול לבקש מההורים שלך רשות."},{"$i":"groupNumberInputOne-placeholder","$v":"מספר הטלפון שלי - SIM 1"},{"$i":"groupNumberInputOne","$v":"מספר הטלפון שלי"},{"$i":"groupNumberInputTwo-placeholder","$v":"מספר הטלפון שלי - SIM 2"},{"$i":"groupNumberInputTwo","$v":"מספר הטלפון שלי"},{"$i":"custom-message-sent","$v":["השיב ל",{"t":"idOrVar","v":"name"}]},{"$i":"colon","$v":":"},{"$i":"sms-encoding-mode","$v":"‏SMS הצפנת"},{"$i":"sms-reduced-format","$v":"פירמוט מופחת"},{"$i":"sms-full-format","$v":"פירמוט מלא"},{"$i":"smscNormal","$v":"מרכז שירות"},{"$i":"smscSIM1","$v":"מרכז שירות SIM1"},{"$i":"smscSIM2","$v":"מרכז שירות SIM2"},{"$i":"weekday-0-long","$v":"ראשון"},{"$i":"weekday-1-long","$v":"שני"},{"$i":"weekday-2-long","$v":"שלישי"},{"$i":"weekday-3-long","$v":"רביעי"},{"$i":"weekday-4-long","$v":"חמישי"},{"$i":"weekday-5-long","$v":"שישי"},{"$i":"weekday-6-long","$v":"שבת"},{"$i":"weekday-0-short","$v":"א'"},{"$i":"weekday-1-short","$v":"ב'"},{"$i":"weekday-2-short","$v":"ג'"},{"$i":"weekday-3-short","$v":"ד'"},{"$i":"weekday-4-short","$v":"ה'"},{"$i":"weekday-5-short","$v":"ו'"},{"$i":"weekday-6-short","$v":"ש'"},{"$i":"month-0-long","$v":"ינואר"},{"$i":"month-1-long","$v":"פברואר"},{"$i":"month-2-long","$v":"מרץ"},{"$i":"month-3-long","$v":"אפריל"},{"$i":"month-4-long","$v":"מאי"},{"$i":"month-5-long","$v":"יוני"},{"$i":"month-6-long","$v":"יולי"},{"$i":"month-7-long","$v":"אוגוסט"},{"$i":"month-8-long","$v":"ספטמבר"},{"$i":"month-9-long","$v":"אוקטובר"},{"$i":"month-10-long","$v":"נובמבר"},{"$i":"month-11-long","$v":"דצמבר"},{"$i":"month-0-genitive","$v":"ינואר"},{"$i":"month-1-genitive","$v":"פברואר"},{"$i":"month-2-genitive","$v":"מרץ"},{"$i":"month-3-genitive","$v":"אפריל"},{"$i":"month-4-genitive","$v":"מאי"},{"$i":"month-5-genitive","$v":"יוני"},{"$i":"month-6-genitive","$v":"יולי"},{"$i":"month-7-genitive","$v":"אוגוסט"},{"$i":"month-8-genitive","$v":"ספטמבר"},{"$i":"month-9-genitive","$v":"אוקטובר"},{"$i":"month-10-genitive","$v":"נובמבר"},{"$i":"month-11-genitive","$v":"דצמבר"},{"$i":"month-0-short","$v":"ינו"},{"$i":"month-1-short","$v":"פבר"},{"$i":"month-2-short","$v":"מרץ"},{"$i":"month-3-short","$v":"אפר"},{"$i":"month-4-short","$v":"מאי"},{"$i":"month-5-short","$v":"יונ"},{"$i":"month-6-short","$v":"יול"},{"$i":"month-7-short","$v":"אוג"},{"$i":"month-8-short","$v":"ספט"},{"$i":"month-9-short","$v":"אוק"},{"$i":"month-10-short","$v":"נוב"},{"$i":"month-11-short","$v":"דצמ"},{"$i":"minutes-ago-long","$v":{"few":["לפני ",{"t":"idOrVar","v":"value"}," דקות"],"many":["לפני ",{"t":"idOrVar","v":"value"}," דקות"],"other":["לפני ",{"t":"idOrVar","v":"value"}," דקות"],"two":["לפני ",{"t":"idOrVar","v":"value"}," דקות"],"one":"לפני דקה","zero":"בדיוק כעת"},"$x":[{"t":"idOrVar","v":"plural"},"value"]},{"$i":"hours-ago-long","$v":{"few":["לפני ",{"t":"idOrVar","v":"value"}," שעות"],"many":["לפני ",{"t":"idOrVar","v":"value"}," שעות"],"other":["לפני ",{"t":"idOrVar","v":"value"}," שעות"],"two":["לפני ",{"t":"idOrVar","v":"value"}," שעות"],"one":"לפני 1 שעה","zero":"בדיוק כעת"},"$x":[{"t":"idOrVar","v":"plural"},"value"]},{"$i":"days-ago-long","$v":{"few":["לפני ",{"t":"idOrVar","v":"value"}," ימים"],"many":["לפני ",{"t":"idOrVar","v":"value"}," ימים"],"one":"אתמול","other":["לפני ",{"t":"idOrVar","v":"value"}," ימים"],"two":["לפני ",{"t":"idOrVar","v":"value"}," ימים"],"zero":"היום"},"$x":[{"t":"idOrVar","v":"plural"},"value"]},{"$i":"weeks-ago-long","$v":{"few":["לפני ",{"t":"idOrVar","v":"value"}," שבועות"],"many":["לפני ",{"t":"idOrVar","v":"value"}," שבועות"],"one":"השבוע שעבר","other":["לפני ",{"t":"idOrVar","v":"value"}," שבועות"],"two":["לפני ",{"t":"idOrVar","v":"value"}," שבועות"],"zero":"השבוע"},"$x":[{"t":"idOrVar","v":"plural"},"value"]},{"$i":"months-ago-long","$v":{"few":["לפני ",{"t":"idOrVar","v":"value"}," חודשים"],"many":["לפני ",{"t":"idOrVar","v":"value"}," חודשים"],"one":"חודש האחרון","other":["לפני ",{"t":"idOrVar","v":"value"}," חודשים"],"two":["לפני ",{"t":"idOrVar","v":"value"}," חודשים"],"zero":"החודש"},"$x":[{"t":"idOrVar","v":"plural"},"value"]},{"$i":"years-ago-long","$v":{"few":["לפני ",{"t":"idOrVar","v":"value"}," שנים"],"many":["לפני ",{"t":"idOrVar","v":"value"}," שנים"],"one":"השנה שעברה","other":["לפני ",{"t":"idOrVar","v":"value"}," שנים"],"two":["לפני ",{"t":"idOrVar","v":"value"}," שנים"],"zero":"השנה"},"$x":[{"t":"idOrVar","v":"plural"},"value"]},{"$i":"minutes-until-long","$v":{"few":["בתוך ",{"t":"idOrVar","v":"value"}," דקות"],"many":["בתוך ",{"t":"idOrVar","v":"value"}," דקות"],"other":["בתוך ",{"t":"idOrVar","v":"value"}," דקות"],"two":["בתוך ",{"t":"idOrVar","v":"value"}," דקות"],"zero":"כעת","one":"תוך דקה"},"$x":[{"t":"idOrVar","v":"plural"},"value"]},{"$i":"hours-until-long","$v":{"few":["בתוך ",{"t":"idOrVar","v":"value"}," שעות"],"many":["בתוך ",{"t":"idOrVar","v":"value"}," שעות"],"other":["בתוך ",{"t":"idOrVar","v":"value"}," שעות"],"two":["בתוך ",{"t":"idOrVar","v":"value"}," שעות"],"zero":"כעת","one":"תוך שעה"},"$x":[{"t":"idOrVar","v":"plural"},"value"]},{"$i":"days-until-long","$v":{"few":["בתוך ",{"t":"idOrVar","v":"value"}," ימים"],"many":["בתוך ",{"t":"idOrVar","v":"value"}," ימים"],"one":"מחר","other":["בתוך ",{"t":"idOrVar","v":"value"}," ימים"],"two":["בתוך ",{"t":"idOrVar","v":"value"}," ימים"],"zero":"היום"},"$x":[{"t":"idOrVar","v":"plural"},"value"]},{"$i":"weeks-until-long","$v":{"few":["בתוך ",{"t":"idOrVar","v":"value"}," שבועות"],"many":["בתוך ",{"t":"idOrVar","v":"value"}," שבועות"],"one":"השבוע הבא","other":["בתוך ",{"t":"idOrVar","v":"value"}," שבועות"],"two":["בתוך ",{"t":"idOrVar","v":"value"}," שבועות"],"zero":"השבוע"},"$x":[{"t":"idOrVar","v":"plural"},"value"]},{"$i":"months-until-long","$v":{"few":["בתוך ",{"t":"idOrVar","v":"value"}," חודשים"],"many":["בתוך ",{"t":"idOrVar","v":"value"}," חודשים"],"one":"החודש הבא","other":["בתוך ",{"t":"idOrVar","v":"value"}," חודשים"],"two":["בתוך ",{"t":"idOrVar","v":"value"}," חודשים"],"zero":"החודש"},"$x":[{"t":"idOrVar","v":"plural"},"value"]},{"$i":"years-until-long","$v":{"few":["בתוך ",{"t":"idOrVar","v":"value"}," שנים"],"many":["בתוך ",{"t":"idOrVar","v":"value"}," שנים"],"one":"השנה הבאה","other":["בתוך ",{"t":"idOrVar","v":"value"}," שנים"],"two":["בתוך ",{"t":"idOrVar","v":"value"}," שנים"],"zero":"השנה"},"$x":[{"t":"idOrVar","v":"plural"},"value"]},{"$i":"minutes-ago-short","$v":{"other":[{"t":"idOrVar","v":"value"}," דק' לפני"],"zero":"בדיוק כעת"},"$x":[{"t":"idOrVar","v":"plural"},"value"]},{"$i":"hours-ago-short","$v":{"other":[{"t":"idOrVar","v":"value"}," שע' לפני"],"zero":"בדיוק כעת"},"$x":[{"t":"idOrVar","v":"plural"},"value"]},{"$i":"days-ago-short","$v":{"other":[{"t":"idOrVar","v":"value"}," ימים לפני"],"zero":"היום"},"$x":[{"t":"idOrVar","v":"plural"},"value"]},{"$i":"minutes-until-short","$v":{"other":["בתוך ",{"t":"idOrVar","v":"value"},"דקות"],"zero":"כעת"},"$x":[{"t":"idOrVar","v":"plural"},"value"]},{"$i":"hours-until-short","$v":{"other":["בתוך ",{"t":"idOrVar","v":"value"},"שעות"],"zero":"כעת"},"$x":[{"t":"idOrVar","v":"plural"},"value"]},{"$i":"days-until-short","$v":{"other":["בתוך ",{"t":"idOrVar","v":"value"},"ימים"],"zero":"היום"},"$x":[{"t":"idOrVar","v":"plural"},"value"]},{"$i":"dateTimeFormat_%c","$v":"%a %b %e %Y %I:%M:%S %p"},{"$i":"dateTimeFormat_%x","$v":"%m/%d/%Y"},{"$i":"dateTimeFormat_%X","$v":"%I:%M:%S ‏%p"},{"$i":"shortTimeFormat","$v":"%I:%M %p"},{"$i":"shortTimeFormat12","$v":"%I:%M %p"},{"$i":"shortTimeFormat24","$v":"%H:%M"},{"$i":"shortDateTimeFormat","$v":"%x %I:%M %p"},{"$i":"weekStartsOnMonday","$v":"0.0"},{"$i":"firstDayOfTheWeek","$v":"0.0"},{"$i":"time_am","$v":"בבוקר"},{"$i":"time_pm","$v":"אחר הצהריים"},{"$i":"softkey-options","$v":"אפשרויות"},{"$i":"emergencyNumber","$v":"מספר חירום"},{"$i":"callAirplaneModeMessage","$v":"כדי לבצע שיחה עליך לבטל את מצב הטיסה בהגדרות."},{"$i":"callAirplaneModeBtnOk","$v":"אישור"},{"$i":"callAirplaneModeTitle","$v":"מצב טיסה מופעל"},{"$i":"numberIsBusyTitle","$v":"המספר תפוס"},{"$i":"numberIsBusyMessage","$v":"המספר תפוס כרגע. נא לנסות שוב מאוחר יותר."},{"$i":"fdnIsActiveTitle","$v":"‏FDN פעיל"},{"$i":"fdnIsActiveMessage","$v":["‏FDN (מספרי חיוג קבועים) מופעל והמספר הבא אינו ברשימת FDN שלך: ",{"t":"idOrVar","v":"number"}]},{"$i":"emergencyDialogBodyBadNumber","$v":"כדי לבצע שיחה, הטלפון חייב להיות מחובר לרשת כלשהי."},{"$i":"emergencyDialogBodyDeviceNotAccepted","$v":"שיחות חירום אינן מותרות על ידי הרשת."},{"$i":"emergencyDialogBtnOk","$v":"אישור"},{"$i":"emergencyDialogTitle","$v":"אין חיבור רשת"},{"$i":"invalidNumberToDialTitle","$v":"מספר טלפון בלתי חוקי"},{"$i":"invalidNumberToDialMessage","$v":"מספר הטלפון שאליו אתה מתקשר אינו חוקי."},{"$i":"unableToCallTitle","$v":"לא ניתן לבצע שיחה. "},{"$i":"unableToCallMessage","$v":"אין אפשרות לבצע כעת שיחת טלפון"},{"$i":"otherConnectionInUseTitle","$v":"חיבורים אחרים שבשימוש"},{"$i":"otherConnectionInUseMessage","$v":"יש לך שיחה פעילה בחיבור אחר. ניתן להשתמש רק בחיבור אחד בכל פעם."},{"$i":"connectingEllipsis","$v":"מתחבר…"}]