[{"$i":"messages","$v":"Üzenetek"},{"$i":"deleteMessages-title","$v":"Kiválasztás"},{"$i":"selectThreads-title","$v":"Kiválasztás"},{"$i":"edit","$v":"Szerkesztés"},{"$i":"back","$v":"Vissza"},{"$i":"cancel","$v":"Mégse"},{"$i":"delete","$v":"Törlés"},{"$i":"deleting-messages","$v":"Törlés..."},{"$i":"deselect","$v":"Kijelölés törlése"},{"$i":"selected-threads","$v":{"few":[{"t":"idOrVar","v":"n"}," kiválasztva"],"many":[{"t":"idOrVar","v":"n"}," kiválasztva"],"one":[{"t":"idOrVar","v":"n"}," kiválasztva"],"other":[{"t":"idOrVar","v":"n"}," kiválasztva"],"two":[{"t":"idOrVar","v":"n"}," kiválasztva"],"zero":"0 kiválasztva"},"$x":[{"t":"idOrVar","v":"plural"},"n"]},{"$i":"selected-messages","$v":{"few":[{"t":"idOrVar","v":"n"}," kiválasztva"],"many":[{"t":"idOrVar","v":"n"}," kiválasztva"],"one":[{"t":"idOrVar","v":"n"}," kiválasztva"],"other":[{"t":"idOrVar","v":"n"}," kiválasztva"],"two":[{"t":"idOrVar","v":"n"}," kiválasztva"],"zero":"0 kiválasztva"},"$x":[{"t":"idOrVar","v":"plural"},"n"]},{"$i":"selectThreads-label","$v":"Üzenetláncok kiválasztása"},{"$i":"selectMessages-label","$v":"Üzenetek kiválasztása"},{"$i":"new-message","$v":"Új"},{"$i":"delete-thread","$v":"Lánc törlése"},{"$i":"create-new-contact","$v":"Új névjegy létrehozása"},{"$i":"add-to-contact","$v":"Hozzáadás egy meglévő névjegyhez"},{"$i":"select-thread","$v":"Üzenetlánc kiválasztása"},{"$i":"settings","$v":"Beállítások"},{"$i":"select-all","$v":"Összes"},{"$i":"deselect-all","$v":"Nincs"},{"$i":"select","$v":"Kiválasztás"},{"$i":"sk-save-as-draft","$v":"Mentés piszkozatként"},{"$i":"next","$v":"Következő"},{"$i":"send","$v":"Küldés"},{"$i":"add-contact","$v":"Hozzáadás"},{"$i":"add-suggestion","$v":"Kiválasztás"},{"$i":"add-subject","$v":"Tárgy megadása"},{"$i":"remove-subject","$v":"Tárgy eltávolítása"},{"$i":"add-attachment","$v":"Csatolmány hozzáadása"},{"$i":"remove-attachment","$v":"Csatolmány eltávolítása"},{"$i":"replace-attachment","$v":"Csatolmány cseréje"},{"$i":"select-messages","$v":"Üzenetek kiválasztása"},{"$i":"call","$v":"Hívás"},{"$i":"forward","$v":"Továbbítás"},{"$i":"view-message-report","$v":"Üzenet részletek megtekint."},{"$i":"cancel-view-report","$v":"Mégse"},{"$i":"ok","$v":"OK"},{"$i":"enter","$v":"Adja meg"},{"$i":"open","$v":"Megnyitás"},{"$i":"to","$v":"Címzett"},{"$i":"new","$v":"Új"},{"$i":"message","$v":"Üzenet"},{"$i":"messagesInput_placeholder","$v":"Üzenet"},{"$i":"messagesSubjectInput_placeholder","$v":"Tárgy"},{"$i":"subjectComposerInput_placeholder","$v":"Tárgy"},{"$i":"converted-to-mms","$v":"Átalakítás multimédiás üzenetté."},{"$i":"converted-to-sms","$v":"Átalakítás szöveges üzenetté."},{"$i":"messages-max-length-text","$v":"Elérte a maximális hosszt."},{"$i":"messages-max-subject-length-text","$v":"A tárgy hossza elérte a maximális értéket."},{"$i":"multimedia-message-exceeded-max-length","$v":["Az üzenet mérete meghaladja az egy multimédiás üzenetre vonatkozó ",{"t":"idOrVar","v":"mmsSize"}," MB-os mérethatárt."]},{"$i":"newMessage","$v":"Új üzenet"},{"$i":"sendMessage","$v":"Üzenet küldése"},{"$i":"sendMMSToEmail","$v":"Multimédiás üzenet küldése"},{"$i":"no-recipient","$v":"(Nincs címzett)"},{"$i":"recipient","$v":{"few":[{"t":"idOrVar","v":"n"}," címzett"],"many":[{"t":"idOrVar","v":"n"}," címzett"],"one":[{"t":"idOrVar","v":"n"}," címzett"],"other":[{"t":"idOrVar","v":"n"}," címzett"],"two":[{"t":"idOrVar","v":"n"}," címzett"]},"$x":[{"t":"idOrVar","v":"plural"},"n"]},{"$i":"attachmentSizeB","$v":[{"t":"idOrVar","v":"n"}," B"]},{"$i":"attachmentSizeKB","$v":[{"t":"idOrVar","v":"n"}," KB"]},{"$i":"attachmentSizeMB","$v":[{"t":"idOrVar","v":"n"}," MB"]},{"$i":"attachmentOpenError","$v":"Nincs alkalmazás a fájltípus megnyitásához."},{"$i":"attachmentNotFile","$v":"Ez a fájl nem található."},{"$i":"remove","$v":"Eltávolítás"},{"$i":"participant","$v":{"few":[{"t":"idOrVar","v":"n"}," résztvevő"],"many":[{"t":"idOrVar","v":"n"}," résztvevő"],"one":[{"t":"idOrVar","v":"n"}," résztvevő"],"other":[{"t":"idOrVar","v":"n"}," résztvevő"],"two":[{"t":"idOrVar","v":"n"}," résztvevő"]},"$x":[{"t":"idOrVar","v":"plural"},"n"]},{"$i":"message-report","$v":"Üzenet jelentés"},{"$i":"message-type-sms","$v":"Szöveges üzenet (SMS)"},{"$i":"message-type-mms","$v":"Multimédiás üzenet (MMS)"},{"$i":"sms-report-description","$v":["A szöveges üzenet (SMS) ekkor került elküldésre: ",{"t":"idOrVar","v":"datetime"}]},{"$i":"mms-report-description","$v":["A ",{"t":"idOrVar","v":"subject"}," tárgyú multimédiás üzenet (MMS) ekkor került elküldésre: ",{"t":"idOrVar","v":"datetime"}]},{"$i":"mms-no-subject-report-description","$v":["A multimédiás üzenet (MMS) ekkor került elküldésre: ",{"t":"idOrVar","v":"datetime"}]},{"$i":"message-subject","$v":"Tárgy:"},{"$i":"report-status-error","$v":"Az üzenetet nem sikerült elküldeni"},{"$i":"report-status-not-downloaded","$v":"nem letöltött"},{"$i":"report-status-delivered","$v":"Kézbesítve:"},{"$i":"report-status-read","$v":"Elolvasva:"},{"$i":"report-status-pending","$v":"Jelentés kérve"},{"$i":"report-status-rejected","$v":"Üzenet elutasítva"},{"$i":"message-size-was","$v":"Üzenet mérete:"},{"$i":"report-to-title","$v":"Címzett"},{"$i":"report-from-title","$v":"Feladó"},{"$i":"message-sent","$v":"Elküldve:"},{"$i":"message-sending","$v":[{"t":"idOrVar","v":"message-delivery-status-sending"}]},{"$i":"message-received","$v":"Fogadva:"},{"$i":"message-via","$v":"Ezen keresztül:"},{"$i":"message-resend","$v":"Újraküldés"},{"$i":"search","$v":"keresés"},{"$i":"unknown-contact-title","$v":"Ismeretlen névjegy"},{"$i":"phone-type-separator","$v":", "},{"$i":"phone-carrier-separator","$v":" "},{"$i":"thread-participant-separator","$v":", "},{"$i":"replace-draft","$v":"Meglévő piszkozat cseréje"},{"$i":"save-as-draft","$v":"Mentés"},{"$i":"discard-message","$v":"Elvetés"},{"$i":"discard-sms","$v":"Biztosan el kívánja vetni ezt az üzenetet?"},{"$i":"discard-new-message","$v":"Elveti az éppen írt üzenetet, és megnyitja az új üzenetet?"},{"$i":"resend-confirmation","$v":"Az üzenet nem küldhető el. Újrapróbálja?"},{"$i":"resend-message","$v":"Üzenet újraküldése"},{"$i":"deleteMessage-confirmation","$v":"Törli a kijelölt üzenetet?"},{"$i":"deleteMessages-confirmation","$v":"Törli a kijelölt üzeneteket?"},{"$i":"deleteThreads-confirmation2","$v":{"one":"Törli a kijelölt üzenetláncot?","other":"Törli a kijelölt üzenetláncokat?"},"$x":[{"t":"idOrVar","v":"plural"},"n"]},{"$i":"new-message-notice-text","$v":"Új üzenet a következőtől:"},{"$i":"new-message-notice-a-text","$v":"Elolvasás"},{"$i":"noMessages-title","$v":"Nincsenek üzenetek"},{"$i":"noMessages-text","$v":"Érintse meg az Új lehetőséget a kommunikáció elkezdéséhez."},{"$i":"sendDefaultErrorTitle","$v":"Küldési hiba"},{"$i":"sendDefaultErrorBody","$v":"Hiba történt az üzenet küldésekor. Próbálja újra."},{"$i":"sendDefaultErrorBtnOk","$v":"OK"},{"$i":"sendMissingSimCardTitle","$v":"Küldési hiba"},{"$i":"sendMissingSimCardBody","$v":"Helyezzen be működő SIM-kártyát a folytatáshoz."},{"$i":"sendMissingSimCardBtnOk","$v":"OK"},{"$i":"sendFlightModeTitle","$v":"Küldési hiba"},{"$i":"sendFlightModeBody","$v":"Kapcsolja ki a repülőgép üzemmódot az üzenet küldéséhez."},{"$i":"sendFlightModeBtnOk","$v":"OK"},{"$i":"radioDisabledToDownloadTitle","$v":"A letöltés sikertelen"},{"$i":"radioDisabledToDownloadBody","$v":"Kapcsolja ki a repülőgép üzemmódot a csatolmányok letöltéséhez."},{"$i":"radioDisabledToDownloadBtnOk","$v":[{"t":"idOrVar","v":"sendFlightModeBtnOk"}]},{"$i":"downloadDefaultErrorTitle","$v":"A letöltés sikertelen"},{"$i":"downloadDefaultErrorBody","$v":"Hiba történt az üzenet letöltésekor. Próbálja újra."},{"$i":"downloadDefaultErrorBtnOk","$v":[{"t":"idOrVar","v":"sendDefaultErrorBtnOk"}]},{"$i":"fdnErrorTitle","$v":"Küldési hiba"},{"$i":"needConnectWifiBody","$v":["Nincs elérhető mobilhálózat. Csatlakozzon egy elérhető ",{"t":"idOrVar","v":"Wi-Fi"}," hálózatra üzenetek küldése érdekében."]},{"$i":"needConnectWifiTitle","$v":"Az üzenet nincs elküldve"},{"$i":"mmsChanelUsedBody","$v":"MMS küldése folyamatban DDS-től eltérő szolgáltatáson keresztül. Várjon a küldési folyamat befejezésééig."},{"$i":"mmsChanelUsedTitle","$v":"Használt MMS-csatorna"},{"$i":"sms-counter-notice-label","$v":["SMS szerkesztése ",{"t":"idOrVar","v":"number"}]},{"$i":"fdnErrorBody","$v":{"few":"A fix hívószámok (FDN) szolgáltatás aktiválásra került. Győződjön meg arról, hogy az SMS központ és a következő címzettek rajta vannak a fix hívószámok listáján.","many":"A fix hívószámok (FDN) szolgáltatás aktiválásra került. Győződjön meg arról, hogy az SMS központ és a következő címzettek rajta vannak a fix hívószámok listáján.","one":"A fix hívószámok (FDN) szolgáltatás aktiválásra került. Győződjön meg arról, hogy az SMS központ és a következő címzett rajta van a fix hívószámok listáján.","other":"A fix hívószámok (FDN) szolgáltatás aktiválásra került. Győződjön meg arról, hogy az SMS központ és a következő címzettek rajta vannak a fix hívószámok listáján.","two":"A fix hívószámok (FDN) szolgáltatás aktiválásra került. Győződjön meg arról, hogy az SMS központ és a következő címzettek rajta vannak a fix hívószámok listáján."},"$x":[{"t":"idOrVar","v":"plural"},"n"]},{"$i":"fdnErrorBtnOk","$v":"OK"},{"$i":"sendNoSignalErrorTitle","$v":"Küldési hiba"},{"$i":"sendNoSignalErrorBody","$v":"Nincs térerő. Próbálja meg újra."},{"$i":"sendNoSignalErrorBtnOk","$v":"OK"},{"$i":"sendNotFoundErrorTitle","$v":"Küldési hiba"},{"$i":"sendNotFoundErrorBody","$v":"A keresett üzenet már nem elérhető."},{"$i":"sendNotFoundErrorBtnOk","$v":"OK"},{"$i":"sendInvalidAddressErrorTitle","$v":"Küldési hiba"},{"$i":"sendInvalidAddressErrorBody","$v":"Győződjön meg a címzett telefonszámának érvényességéről."},{"$i":"sendInvalidAddressErrorBtnOk","$v":"OK"},{"$i":"simNotMatchedErrorTitle","$v":"A letöltés sikertelen"},{"$i":"simNotMatchedErrorBody","$v":"Győződjön meg arról, hogy a behelyezett SIM-kártya az, amely be van állítva ennek az üzenetnek a fogadására."},{"$i":"simNotMatchedErrorBtnOk","$v":"OK"},{"$i":"netWorkErrorTitle","$v":"Hálózati hiba"},{"$i":"netWorkErrorBody","$v":"Hálózati hiba. Ellenőrizze a hálózati kapcsolatot."},{"$i":"netWorkErrorBtnOk","$v":"OK"},{"$i":"deleted-sms","$v":"Ez az üzenet már törölve lett."},{"$i":"view-attachment-image","$v":"Megtekintés"},{"$i":"view-attachment-audio","$v":"Meghallgatás"},{"$i":"view-attachment-video","$v":"Megtekintés"},{"$i":"view-attachment-other","$v":"Megtekintés"},{"$i":"remove-attachment-image","$v":"Kép eltávolítása"},{"$i":"remove-attachment-audio","$v":"Hang eltávolítása"},{"$i":"remove-attachment-video","$v":"Videó eltávolítása"},{"$i":"remove-attachment-other","$v":"Csatolmány eltávolítása"},{"$i":"replace-attachment-image","$v":"Kép cseréje"},{"$i":"replace-attachment-audio","$v":"Hangfájl cseréje"},{"$i":"replace-attachment-video","$v":"Videó cseréje"},{"$i":"replace-attachment-other","$v":"Csatolmány cseréje"},{"$i":"unsent-message-title","$v":"Elküldetlen üzenet"},{"$i":"unsent-message-description","$v":"Az előző üzenet nem került elküldésre. Kívánja szerkeszteni az elküldetlen üzenetet, vagy elveti és folytatja?"},{"$i":"unsent-message-option-edit","$v":"Szerkesztés"},{"$i":"unsent-message-option-discard","$v":"Elvetés"},{"$i":"message-options","$v":"Üzenetbeállítások"},{"$i":"select-text","$v":"Szöveg kijelölése"},{"$i":"mobile","$v":"Mobil"},{"$i":"home","$v":"Kezdőképernyő"},{"$i":"work","$v":"Munkahelyi"},{"$i":"personal","$v":"Személyes"},{"$i":"faxHome","$v":"Otthoni fax"},{"$i":"faxOffice","$v":"Munkahelyi fax"},{"$i":"faxOther","$v":"Egyéb fax"},{"$i":"another","$v":"Másik"},{"$i":"other","$v":"Egyéb"},{"$i":"today","$v":"Ma"},{"$i":"yesterday","$v":"Tegnap"},{"$i":"incorrectDate","$v":"(helytelen dátum)"},{"$i":"addToExistingContact","$v":"Hozzáadás egy meglévő névjegyhez"},{"$i":"createNewContact","$v":"Új névjegy létrehozása"},{"$i":"viewContact","$v":"Névjegy megtekintése"},{"$i":"sendEmail","$v":"E-mail küldése"},{"$i":"mms-message","$v":"MMS üzenet"},{"$i":"notDownloaded-title","$v":"Az üzenet még nincs letöltve."},{"$i":"tobedownloaded-attachment","$v":["Egy multimédiás üzenete érkezett, nyomja meg a Letöltés gombot a tartalma letöltéséhez a következő dátum előtt: ",{"t":"idOrVar","v":"date"},"."]},{"$i":"expired-attachment","$v":["Sajnáljuk, a(z) ",{"t":"idOrVar","v":"date"}," dátumon lejárt, és nem tölthető le."]},{"$i":"download-attachment","$v":"Letöltés"},{"$i":"downloading-attachment","$v":"Letöltés..."},{"$i":"download-complete","$v":"Letöltés befejezve"},{"$i":"unnamed-attachment","$v":"Névtelen"},{"$i":"mms-label","$v":"MMS"},{"$i":"not-download-label","$v":"Egy multimédiás üzenete érkezett, töltse le a tartalma lekéréséhez a következő előtt:"},{"$i":"attachment-label","$v":"Csatolmány"},{"$i":"attached-files-too-large","$v":{"few":["Ezek az üzenetek meghaladják egy egyetlen multimédiás üzenetre vonatkozó ",{"t":"idOrVar","v":"mmsSize"}," MB-os méretkorlátot."],"many":["Ezek az üzenetek meghaladják egy egyetlen multimédiás üzenetre vonatkozó ",{"t":"idOrVar","v":"mmsSize"}," MB-os méretkorlátot."],"one":["Az üzenet mérete meghaladja az egy multimédiás üzenetre vonatkozó ",{"t":"idOrVar","v":"mmsSize"}," MB-os mérethatárt."],"other":["Ezek az üzenetek meghaladják egy egyetlen multimédiás üzenetre vonatkozó ",{"t":"idOrVar","v":"mmsSize"}," MB-os méretkorlátot."],"two":["Ezek az üzenetek meghaladják egy egyetlen multimédiás üzenetre vonatkozó ",{"t":"idOrVar","v":"mmsSize"}," MB-os méretkorlátot."],"zero":["Ezek az üzenetek meghaladják egy egyetlen multimédiás üzenetre vonatkozó ",{"t":"idOrVar","v":"mmsSize"}," MB-os méretkorlátot."]},"$x":[{"t":"idOrVar","v":"plural"},"n"]},{"$i":"resize-image","$v":"A csatolt kép átméretezése"},{"$i":"no-attachment-text","$v":"Hiba történt a csatolt fájllal, emiatt az nem tölthető le."},{"$i":"message-draft-saved","$v":"Üzenet piszkozatként elmentve"},{"$i":"sim-id-label","$v":["SIM ",{"t":"idOrVar","v":"id"}]},{"$i":"sim-detail","$v":["SIM ",{"t":"idOrVar","v":"id"},", ",{"t":"idOrVar","v":"detailString"}]},{"$i":"dsds-notification-title-with-sim","$v":["(",{"t":"idOrVar","v":"sim"},") ",{"t":"idOrVar","v":"sender"}]},{"$i":"send-button","ariaLabel":"Küldés"},{"$i":"send-button-sim-indication","$v":[{"t":"idOrVar","v":"n"}],"ariaLabel":["SIM ",{"t":"idOrVar","v":"n"}," használata"]},{"$i":"expiry-date-format","$v":"%A, %B %e"},{"$i":"attach-button","ariaLabel":"Csatolmány hozzáadása"},{"$i":"contact-photo","ariaLabel":"Névjegy képe"},{"$i":"unread-thread","ariaLabel":"Olvasatlan"},{"$i":"has-draft","ariaLabel":"Rendelkezik piszkozattal"},{"$i":"is-draft","ariaLabel":"Piszkozat"},{"$i":"message-delivery-status-sending","$v":"Küldés…"},{"$i":"message-delivery-status-delivered","$v":"Kézbesítve"},{"$i":"message-delivery-status-read","ariaLabel":"Olvasás"},{"$i":"message-delivery-status-error","ariaLabel":"Hiba"},{"$i":"modal-dialog-ok-button","$v":"OK"},{"$i":"modal-dialog-cancel-button","$v":"Mégse"},{"$i":"modal-dialog-default-title","$v":"Üzenetek"},{"$i":"delete-message","$v":"Üzenet törölve"},{"$i":"message-converted-to-toast","$v":["Üzenet átalakítva a következőre: ",{"t":"idOrVar","v":"type"}]},{"$i":"message-sent-toast","$v":"Az üzenet sikeresen elküldve"},{"$i":"deleteMessage-confirmation2","$v":"Törli a kijelölt üzenetláncot?"},{"$i":"deleted-message","$v":{"few":[{"t":"idOrVar","v":"n"}," üzenet törölve"],"many":[{"t":"idOrVar","v":"n"}," üzenet törölve"],"one":[{"t":"idOrVar","v":"n"}," üzenet törölve"],"other":[{"t":"idOrVar","v":"n"}," üzenet törölve"],"two":[{"t":"idOrVar","v":"n"}," üzenet törölve"],"zero":"0 üzenet törölve"},"$x":[{"t":"idOrVar","v":"plural"},"n"]},{"$i":"deleted-threads","$v":{"few":[{"t":"idOrVar","v":"n"}," üzenetlánc törölve"],"many":[{"t":"idOrVar","v":"n"}," üzenetlánc törölve"],"one":"Üzenetlánc törölve","other":[{"t":"idOrVar","v":"n"}," üzenetlánc törölve"],"two":[{"t":"idOrVar","v":"n"}," üzenetlánc törölve"],"zero":"0 üzenetlánc törölve"},"$x":[{"t":"idOrVar","v":"plural"},"n"]},{"$i":"wapPushMessages","$v":"WAP push-üzenetek"},{"$i":"auto-retrieve-messages","$v":"Automatikus üzenetletöltés"},{"$i":"auto-retrieve-messages-title","$v":"Üzenetek automatikus letöltése"},{"$i":"auto-roaming-retrieve","$v":"On with roaming"},{"$i":"auto-no-roaming-retrieve","$v":"On without roaming"},{"$i":"mmsTitle","$v":"Multimédiás üzenet (MMS)"},{"$i":"message-delivery-reports","$v":"Kézbesítési jelentések"},{"$i":"message-delivery-reports-title","$v":"Kézbesítési jelentések"},{"$i":"messageReport-title","$v":"Üzenet részletei"},{"$i":"sms-label","$v":"SMS"},{"$i":"messaging-settings","$v":"Üzenet beállítások"},{"$i":"messagingSettings-header","$v":[{"t":"idOrVar","v":"messaging-settings"}]},{"$i":"confirmation-title","$v":"Megerősítés"},{"$i":"draft-save-content","$v":"Menti piszkozatként?"},{"$i":"draft-discard-content","$v":"Üzenet elvetve"},{"$i":"switch-on","$v":"Be"},{"$i":"switch-off","$v":"Ki"},{"$i":"auto-retrieve-desc","$v":"Üzenetek automatikus letöltése"},{"$i":"confirm-dialog-ok","$v":"OK"},{"$i":"yes","$v":"Igen"},{"$i":"no","$v":"Nem"},{"$i":"delete-current-thread?","$v":"Törli a kijelölt üzenetláncot?"},{"$i":"attention","$v":"Figyelem"},{"$i":"delivery-title","$v":"Szöveges üzenetek (SMS)"},{"$i":"send-failed","$v":"A küldés sikertelen."},{"$i":"subject-removed","$v":"Tárgy eltávolítva."},{"$i":"data-storage-limit-alert-title","$v":"A telefon memóriája megtelt."},{"$i":"data-storage-limit-send-body","$v":"MMS küldése sikertelen. Töröljön üzeneteket vagy lépjen a Beállítások menüpontba a tárhely felszabadítása érdekében."},{"$i":"data-storage-limit-download-body","$v":"MMS letöltése sikertelen. Töröljön üzeneteket vagy lépjen a Beállítások menüpontba a tárhely felszabadítása érdekében."},{"$i":"data-storage-limit-attachment-body","$v":"A csatolmány hozzáadása sikertelen. Törölje az üzenetet vagy lépjen a Beállítások menüpontba a tárhely felszabadítása érdekében."},{"$i":"data-storage-limit-alert-cancel","$v":"Mégse"},{"$i":"data-storage-limit-alert-setting","$v":"Beállítások"},{"$i":"recipient-repeat","$v":"Duplikált névjegy."},{"$i":"email","$v":"E-mail"},{"$i":"options","$v":"Opciók"},{"$i":"emergency-alert-title","$v":"Vezeték nélküli vészjelzések"},{"$i":"emergency-alert","$v":"Vezeték nélküli sürgősségi riasztások"},{"$i":"wappushNormal","$v":"WAP push"},{"$i":"wappushSIM1","$v":"WAP push – SIM1"},{"$i":"wappushSIM2","$v":"WAP push – SIM2"},{"$i":"not-assigned","$v":"Nincs hozzárendelve"},{"$i":"switchSIMDataSendAlertTitle","$v":"Az MMS küldése sikertelen."},{"$i":"switchSIMDataSendAlertBody","$v":["MMS üzenet küldéséhez az adatkapcsolathoz használt SIM-kártyát módosítsa a SIM",{"t":"idOrVar","v":"nonActiveSimId"},"-kártyára a SIM-kártyakezelő beállításainál."]},{"$i":"switchSIMDataSendAlertDesc","$v":"A beállítások frissítése érdekében lépjen a Beállítások alkalmazásba."},{"$i":"switchSIMDataReceiveAlertTitle","$v":"Az MMS fogadása sikertelen."},{"$i":"switchSIMDataReceiveAlertBody","$v":["MMS üzenet fogadásához az adatkapcsolathoz használt SIM-kártyát módosítsa a SIM",{"t":"idOrVar","v":"nonActiveSimId"},"-kártyára a SIM-kártyakezelő beállításainál."]},{"$i":"switchSIMDataReceiveAlertDesc","$v":"A beállítások frissítése érdekében lépjen a Beállítások alkalmazásba."},{"$i":"group-message","$v":"Csoportüzenet"},{"$i":"individual-message","$v":"Egyéni üzenet"},{"$i":"group-message-alert-title","$v":"Csoportüzenet"},{"$i":"group-message-alert-body","$v":"Létrehoz egy csoportüzenetet? (A csoportüzenet MMS szolgáltatáson keresztül kerül elküldésre, amely esetében a vezeték nélküli szolgáltatója többletköltségeket számolhat fel a díjcsomagjától függően.)"},{"$i":"group-message-individual","$v":"Nem"},{"$i":"group-message-setting","$v":"Létrehozás"},{"$i":"new-message-individual","$v":"Új üzenet (egyéni)"},{"$i":"new-message-group","$v":"Új üzenet (csoportos)"},{"$i":"device-phone-number","$v":"Saját telefonszám"},{"$i":"group-message-phone","$v":"Csoportüzenetek"},{"$i":"my-phone-number-SIM1","$v":"Saját telefonszám – SIM1"},{"$i":"my-phone-number-SIM2","$v":"Saját telefonszám – SIM2"},{"$i":"delivery-notification","$v":"Üzenet kézbesítve"},{"$i":"wait","$v":"várakozás"},{"$i":"isTextTooLongAlert","$v":"Az üzenet hossza átlépte a maximális értéket."},{"$i":"video-call","$v":"Videohívás"},{"$i":"normal-call","$v":"Hívás"},{"$i":"attachment","$v":"Csatolmány"},{"$i":"limit-MMS-recipients","$v":"Legfeljebb 20 címzettnek küldhető egy MMS."},{"$i":"block-contact","$v":"Névjegy letiltása"},{"$i":"blocked","$v":"Letiltás"},{"$i":"unblocked","$v":"Feloldás"},{"$i":"rtt-call","$v":"RTT-hívás"},{"$i":"remove-all-attachments","$v":"Összes csatolmány eltávolítása"},{"$i":"block-confirmation","$v":"A letiltási listán található személyektől nem fog hívásokat vagy üzeneteket kapni."},{"$i":"space-low-not-save","$v":"A tárhely megtelt, a piszkozat mentése sikertelen."},{"$i":"creation-mode-messages","$v":"Létrehozási mód"},{"$i":"creation-mode-restricted","$v":"Korlátozott"},{"$i":"creation-mode-warning","$v":"Figyelmeztetés"},{"$i":"creation-mode-free","$v":"Ingyenes"},{"$i":"creationMode_restricted_title","$v":"létrehozási módra vonatkozó korlátozás"},{"$i":"creationMode_restricted_alert","$v":"A létrehozási mód korlátozott. Nem adhat hozzá olyan csatolmányt, amely egy magon kívüli MM tartalmi tartomány."},{"$i":"creationMode_warning_title","$v":"létrehozási módra vonatkozó figyelmeztetés"},{"$i":"creationMode_warning_alert","$v":"Megerősíti a csatolmány hozzáadását, amely egy magon kívüli MM tartalmi tartomány?"},{"$i":"withoutDataTitle","$v":"Nincs adatkapcsolat"},{"$i":"withoutDataBody","$v":"Engedélyezze az adatkapcsolatot a Beállítások menüben MMS küldéséhez vagy letöltéséhez"},{"$i":"withoutDataBtnOk","$v":"OK"},{"$i":"withoutDataBtnSettings","$v":"Beállítások"},{"$i":"FTUTitle","$v":"Üdvözöljük az Üzenetekben!"},{"$i":"FTUBody","$v":"Meg kell adnia a telefonszámát a csoportos üzenetek használatához."},{"$i":"myNumber","$v":"Saját telefonszám"},{"$i":"myNumber-SIM1","$v":"Saját telefonszám – SIM1"},{"$i":"myNumber-SIM2","$v":"Saját telefonszám – SIM2"},{"$i":"save-number","$v":"Mentés"},{"$i":"input-alert-show","$v":"Ez az Ön telefonszáma."},{"$i":"input-alert-reInput","$v":"Meg kell adnia a telefonszámát a csoportos üzenetek használatához."},{"$i":"multiple-recipients-flag","$v":",..."},{"$i":"parent-control-text","$v":"Ez a telefonszám le van tiltva. Kérj engedélyt a szüleidtől."},{"$i":"groupNumberInputOne-placeholder","$v":"Saját telefonszám – SIM1"},{"$i":"groupNumberInputOne","$v":"Saját telefonszám"},{"$i":"groupNumberInputTwo-placeholder","$v":"Saját telefonszám – SIM2"},{"$i":"groupNumberInputTwo","$v":"Saját telefonszám"},{"$i":"custom-message-sent","$v":["Válasz elküldve a következőnek: ",{"t":"idOrVar","v":"name"}]},{"$i":"colon","$v":":"},{"$i":"sms-encoding-mode","$v":"SMS-kódolás"},{"$i":"sms-reduced-format","$v":"Csökkentett formátum"},{"$i":"sms-full-format","$v":"Teljes formátum"},{"$i":"smscNormal","$v":"Szolgáltatóközpont"},{"$i":"smscSIM1","$v":"SIM1 szolgáltatóközpont"},{"$i":"smscSIM2","$v":"SIM2 szolgáltatóközpont"},{"$i":"weekday-0-long","$v":"Vasárnap"},{"$i":"weekday-1-long","$v":"Hétfő"},{"$i":"weekday-2-long","$v":"Kedd"},{"$i":"weekday-3-long","$v":"Szerda"},{"$i":"weekday-4-long","$v":"Csütörtök"},{"$i":"weekday-5-long","$v":"Péntek"},{"$i":"weekday-6-long","$v":"Szombat"},{"$i":"weekday-0-short","$v":"Vas"},{"$i":"weekday-1-short","$v":"Hé."},{"$i":"weekday-2-short","$v":"Ke."},{"$i":"weekday-3-short","$v":"Sze."},{"$i":"weekday-4-short","$v":"Csü."},{"$i":"weekday-5-short","$v":"Pé."},{"$i":"weekday-6-short","$v":"Szo."},{"$i":"month-0-long","$v":"JANUÁR"},{"$i":"month-1-long","$v":"FEBRUÁR"},{"$i":"month-2-long","$v":"MÁRCIUS"},{"$i":"month-3-long","$v":"ÁPRILIS"},{"$i":"month-4-long","$v":"MÁJUS"},{"$i":"month-5-long","$v":"JÚNIUS"},{"$i":"month-6-long","$v":"JÚLIUS"},{"$i":"month-7-long","$v":"AUGUSZTUS"},{"$i":"month-8-long","$v":"SZEPTEMBER"},{"$i":"month-9-long","$v":"OKTÓBER"},{"$i":"month-10-long","$v":"NOVEMBER"},{"$i":"month-11-long","$v":"DECEMBER"},{"$i":"month-0-genitive","$v":"JANUÁR"},{"$i":"month-1-genitive","$v":"FEBRUÁR"},{"$i":"month-2-genitive","$v":"MÁRCIUS"},{"$i":"month-3-genitive","$v":"ÁPRILIS"},{"$i":"month-4-genitive","$v":"MÁJUS"},{"$i":"month-5-genitive","$v":"JÚNIUS"},{"$i":"month-6-genitive","$v":"JÚLIUS"},{"$i":"month-7-genitive","$v":"AUGUSZTUS"},{"$i":"month-8-genitive","$v":"SZEPTEMBER"},{"$i":"month-9-genitive","$v":"OKTÓBER"},{"$i":"month-10-genitive","$v":"NOVEMBER"},{"$i":"month-11-genitive","$v":"DECEMBER"},{"$i":"month-0-short","$v":"Jan."},{"$i":"month-1-short","$v":"Feb."},{"$i":"month-2-short","$v":"Már."},{"$i":"month-3-short","$v":"Ápr."},{"$i":"month-4-short","$v":"MÁJUS"},{"$i":"month-5-short","$v":"Jún."},{"$i":"month-6-short","$v":"Júl."},{"$i":"month-7-short","$v":"Aug."},{"$i":"month-8-short","$v":"Szep."},{"$i":"month-9-short","$v":"Okt."},{"$i":"month-10-short","$v":"Nov."},{"$i":"month-11-short","$v":"Dec."},{"$i":"minutes-ago-long","$v":{"few":[{"t":"idOrVar","v":"value"}," perccel ezelőtt"],"many":[{"t":"idOrVar","v":"value"}," perccel ezelőtt"],"other":[{"t":"idOrVar","v":"value"}," perccel ezelőtt"],"two":[{"t":"idOrVar","v":"value"}," perccel ezelőtt"],"one":"egy perccel ezelőtt","zero":"Éppen most"},"$x":[{"t":"idOrVar","v":"plural"},"value"]},{"$i":"hours-ago-long","$v":{"few":[{"t":"idOrVar","v":"value"}," órával ezelőtt"],"many":[{"t":"idOrVar","v":"value"}," órával ezelőtt"],"other":[{"t":"idOrVar","v":"value"}," órával ezelőtt"],"two":[{"t":"idOrVar","v":"value"}," órával ezelőtt"],"one":"egy órája","zero":"Éppen most"},"$x":[{"t":"idOrVar","v":"plural"},"value"]},{"$i":"days-ago-long","$v":{"few":[{"t":"idOrVar","v":"value"}," nappal ezelőtt"],"many":[{"t":"idOrVar","v":"value"}," nappal ezelőtt"],"one":"Tegnap","other":[{"t":"idOrVar","v":"value"}," nappal ezelőtt"],"two":[{"t":"idOrVar","v":"value"}," nappal ezelőtt"],"zero":"Ma"},"$x":[{"t":"idOrVar","v":"plural"},"value"]},{"$i":"weeks-ago-long","$v":{"few":[{"t":"idOrVar","v":"value"}," héttel ezelőtt"],"many":[{"t":"idOrVar","v":"value"}," héttel ezelőtt"],"one":"múlt héten","other":[{"t":"idOrVar","v":"value"}," héttel ezelőtt"],"two":[{"t":"idOrVar","v":"value"}," héttel ezelőtt"],"zero":"ezen a héten"},"$x":[{"t":"idOrVar","v":"plural"},"value"]},{"$i":"months-ago-long","$v":{"few":[{"t":"idOrVar","v":"value"}," hónappal ezelőtt"],"many":[{"t":"idOrVar","v":"value"}," hónappal ezelőtt"],"one":"Múlt hónapban","other":[{"t":"idOrVar","v":"value"}," hónappal ezelőtt"],"two":[{"t":"idOrVar","v":"value"}," hónappal ezelőtt"],"zero":"EBBEN A HÓNAPBAN"},"$x":[{"t":"idOrVar","v":"plural"},"value"]},{"$i":"years-ago-long","$v":{"few":[{"t":"idOrVar","v":"value"}," évvel ezelőtt"],"many":[{"t":"idOrVar","v":"value"}," évvel ezelőtt"],"one":"tavaly","other":[{"t":"idOrVar","v":"value"}," évvel ezelőtt"],"two":[{"t":"idOrVar","v":"value"}," évvel ezelőtt"],"zero":"idén"},"$x":[{"t":"idOrVar","v":"plural"},"value"]},{"$i":"minutes-until-long","$v":{"few":[{"t":"idOrVar","v":"value"}," perc múlva"],"many":[{"t":"idOrVar","v":"value"}," perc múlva"],"other":[{"t":"idOrVar","v":"value"}," perc múlva"],"two":[{"t":"idOrVar","v":"value"}," perc múlva"],"zero":"most","one":"egy perc múlva"},"$x":[{"t":"idOrVar","v":"plural"},"value"]},{"$i":"hours-until-long","$v":{"few":[{"t":"idOrVar","v":"value"}," óra múlva"],"many":[{"t":"idOrVar","v":"value"}," óra múlva"],"other":[{"t":"idOrVar","v":"value"}," óra múlva"],"two":[{"t":"idOrVar","v":"value"}," óra múlva"],"zero":"most","one":"egy órán múlva"},"$x":[{"t":"idOrVar","v":"plural"},"value"]},{"$i":"days-until-long","$v":{"few":[{"t":"idOrVar","v":"value"}," nap múlva"],"many":[{"t":"idOrVar","v":"value"}," nap múlva"],"one":"holnap","other":[{"t":"idOrVar","v":"value"}," nap múlva"],"two":[{"t":"idOrVar","v":"value"}," nap múlva"],"zero":"Ma"},"$x":[{"t":"idOrVar","v":"plural"},"value"]},{"$i":"weeks-until-long","$v":{"few":[{"t":"idOrVar","v":"value"}," hét múlva"],"many":[{"t":"idOrVar","v":"value"}," hét múlva"],"one":"jövő héten","other":[{"t":"idOrVar","v":"value"}," hét múlva"],"two":[{"t":"idOrVar","v":"value"}," hét múlva"],"zero":"ezen a héten"},"$x":[{"t":"idOrVar","v":"plural"},"value"]},{"$i":"months-until-long","$v":{"few":[{"t":"idOrVar","v":"value"}," hónap múlva"],"many":[{"t":"idOrVar","v":"value"}," hónap múlva"],"one":"következő hónapban","other":[{"t":"idOrVar","v":"value"}," hónap múlva"],"two":[{"t":"idOrVar","v":"value"}," hónap múlva"],"zero":"EBBEN A HÓNAPBAN"},"$x":[{"t":"idOrVar","v":"plural"},"value"]},{"$i":"years-until-long","$v":{"few":[{"t":"idOrVar","v":"value"}," év múlva"],"many":[{"t":"idOrVar","v":"value"}," év múlva"],"one":"jövő évben","other":[{"t":"idOrVar","v":"value"}," év múlva"],"two":[{"t":"idOrVar","v":"value"}," év múlva"],"zero":"idén"},"$x":[{"t":"idOrVar","v":"plural"},"value"]},{"$i":"minutes-ago-short","$v":{"other":[{"t":"idOrVar","v":"value"}," perccel ezelőtt"],"zero":"Éppen most"},"$x":[{"t":"idOrVar","v":"plural"},"value"]},{"$i":"hours-ago-short","$v":{"other":[{"t":"idOrVar","v":"value"}," órával ezelőtt"],"zero":"Éppen most"},"$x":[{"t":"idOrVar","v":"plural"},"value"]},{"$i":"days-ago-short","$v":{"other":[{"t":"idOrVar","v":"value"},"n ezelőtt"],"zero":"Ma"},"$x":[{"t":"idOrVar","v":"plural"},"value"]},{"$i":"minutes-until-short","$v":{"other":[{"t":"idOrVar","v":"value"}," percen belül"],"zero":"most"},"$x":[{"t":"idOrVar","v":"plural"},"value"]},{"$i":"hours-until-short","$v":{"other":[{"t":"idOrVar","v":"value"}," óra múlva"],"zero":"most"},"$x":[{"t":"idOrVar","v":"plural"},"value"]},{"$i":"days-until-short","$v":{"other":[{"t":"idOrVar","v":"value"}," nap múlva"],"zero":"Ma"},"$x":[{"t":"idOrVar","v":"plural"},"value"]},{"$i":"dateTimeFormat_%c","$v":"%a %b %e %Y %I:%M:%S %p"},{"$i":"dateTimeFormat_%x","$v":"%d/%m/%Y"},{"$i":"dateTimeFormat_%X","$v":"%I:%M:%S %p"},{"$i":"shortTimeFormat","$v":"%I:%M %p"},{"$i":"shortTimeFormat12","$v":"%I:%M %p"},{"$i":"shortTimeFormat24","$v":"%H:%M"},{"$i":"shortDateTimeFormat","$v":"%x %I:%M %p"},{"$i":"weekStartsOnMonday","$v":"0.0"},{"$i":"firstDayOfTheWeek","$v":"1.0"},{"$i":"time_am","$v":"de."},{"$i":"time_pm","$v":"du."},{"$i":"softkey-options","$v":"Opciók"},{"$i":"emergencyNumber","$v":"Sürgősségi telefonszám"},{"$i":"callAirplaneModeMessage","$v":"Híváshoz ki kell kapcsolni a repülőgép üzemmódot a beállításokban."},{"$i":"callAirplaneModeBtnOk","$v":"OK"},{"$i":"callAirplaneModeTitle","$v":"Repülőgép üzemmód aktiválva"},{"$i":"numberIsBusyTitle","$v":"A szám foglalt"},{"$i":"numberIsBusyMessage","$v":"A szám jelenleg foglalt. Próbálja újra később."},{"$i":"fdnIsActiveTitle","$v":"Fix hívószámok (FDN) mód aktív"},{"$i":"fdnIsActiveMessage","$v":["A fix hívószámok (FDN) mód be van kapcsolva, és ez a szám nincs rajta a fix hívószámok (FDN) listáján: ",{"t":"idOrVar","v":"number"}]},{"$i":"emergencyDialogBodyBadNumber","$v":"Hívás indításához a telefonnak csatlakoznia kell egy hálózathoz."},{"$i":"emergencyDialogBodyDeviceNotAccepted","$v":"A hálózat nem engedélyezi a segélyhívásokat."},{"$i":"emergencyDialogBtnOk","$v":"OK"},{"$i":"emergencyDialogTitle","$v":"Nincs hálózati kapcsolat"},{"$i":"invalidNumberToDialTitle","$v":"Érvénytelen telefonszám"},{"$i":"invalidNumberToDialMessage","$v":"A hívott szám nem érvényes."},{"$i":"unableToCallTitle","$v":"Nem kezdeményezhetők hívások"},{"$i":"unableToCallMessage","$v":"Pillanatnyilag nem indítható telefonhívás."},{"$i":"otherConnectionInUseTitle","$v":"A használatban lévő másik kapcsolat"},{"$i":"otherConnectionInUseMessage","$v":"Egy folyamatban lévő hívása van egy másik kapcsolaton keresztül. Egyszerre csak egy kapcsolatot használhat."},{"$i":"connectingEllipsis","$v":"Csatlakozás..."}]