[{"$i":"messages","$v":"Skilaboð"},{"$i":"deleteMessages-title","$v":"Velja"},{"$i":"selectThreads-title","$v":"Velja"},{"$i":"edit","$v":"Br."},{"$i":"back","$v":"Til baka"},{"$i":"cancel","$v":"Hætta við"},{"$i":"delete","$v":"Eyða"},{"$i":"deleting-messages","$v":"Eyðir …"},{"$i":"deselect","$v":"Afturkalla"},{"$i":"selected-threads","$v":{"few":[{"t":"idOrVar","v":"n"}," valdir"],"many":[{"t":"idOrVar","v":"n"}," valdir"],"one":[{"t":"idOrVar","v":"n"}," Valinn"],"other":[{"t":"idOrVar","v":"n"}," valdir"],"two":[{"t":"idOrVar","v":"n"}," valdir"],"zero":"0 valinn"},"$x":[{"t":"idOrVar","v":"plural"},"n"]},{"$i":"selected-messages","$v":{"few":[{"t":"idOrVar","v":"n"}," valin"],"many":[{"t":"idOrVar","v":"n"}," valin"],"one":[{"t":"idOrVar","v":"n"}," valin"],"other":[{"t":"idOrVar","v":"n"}," valin"],"two":[{"t":"idOrVar","v":"n"}," valin"],"zero":"0 valin"},"$x":[{"t":"idOrVar","v":"plural"},"n"]},{"$i":"selectThreads-label","$v":"Velja þræði"},{"$i":"selectMessages-label","$v":"Velja skilaboð"},{"$i":"new-message","$v":"Ný skilaboð"},{"$i":"delete-thread","$v":"Eyða þræði"},{"$i":"create-new-contact","$v":"Búa til nýjan tengil."},{"$i":"add-to-contact","$v":"Bæta við fyrirl. tengilið"},{"$i":"select-thread","$v":"Velja þráð"},{"$i":"settings","$v":"Still."},{"$i":"select-all","$v":"Velja allt"},{"$i":"deselect-all","$v":"Ekkert"},{"$i":"select","$v":"Velja"},{"$i":"sk-save-as-draft","$v":"Vista sem drög"},{"$i":"next","$v":"Áfram"},{"$i":"send","$v":"Senda"},{"$i":"add-contact","$v":"B. v. tenglið"},{"$i":"add-suggestion","$v":"Velja"},{"$i":"add-subject","$v":"Bæta við efni"},{"$i":"remove-subject","$v":"Fjarlægja efni"},{"$i":"add-attachment","$v":"Bæta við viðhengi"},{"$i":"remove-attachment","$v":"Fjarl. viðhengi"},{"$i":"replace-attachment","$v":"Skipta út viðhengi"},{"$i":"select-messages","$v":"Velja skilaboð"},{"$i":"call","$v":"Hringja"},{"$i":"forward","$v":"Framsenda"},{"$i":"view-message-report","$v":"Skoða uppl. um skilab."},{"$i":"cancel-view-report","$v":"H. við"},{"$i":"ok","$v":"Í lagi"},{"$i":"enter","$v":"VENDA"},{"$i":"open","$v":"Opna"},{"$i":"to","$v":"Til"},{"$i":"new","$v":"Nýtt"},{"$i":"message","$v":"Skilaboð"},{"$i":"messagesInput_placeholder","$v":"Skilaboð"},{"$i":"messagesSubjectInput_placeholder","$v":"Efni"},{"$i":"subjectComposerInput_placeholder","$v":"Efni"},{"$i":"converted-to-mms","$v":"Umbreytir í margmiðlunarskilab."},{"$i":"converted-to-sms","$v":"Umbreytt í textaskilaboð."},{"$i":"messages-max-length-text","$v":"Þú hefur náð hámarkslengdinni."},{"$i":"messages-max-subject-length-text","$v":"Hámarkslengd efnis náð."},{"$i":"multimedia-message-exceeded-max-length","$v":["Þessi skilaboð eru stærri en ",{"t":"idOrVar","v":"mmsSize"}," MB stærðartakm. f. stök margmiðlskilaboð."]},{"$i":"newMessage","$v":"Ný skilaboð"},{"$i":"sendMessage","$v":"Senda skilaboð"},{"$i":"sendMMSToEmail","$v":"Sen. margmskilab."},{"$i":"no-recipient","$v":"(Eng. viðtakandi)"},{"$i":"recipient","$v":{"few":[{"t":"idOrVar","v":"n"}," viðtakendur"],"many":[{"t":"idOrVar","v":"n"}," viðtakendur"],"one":[{"t":"idOrVar","v":"n"}," viðtakandi"],"other":[{"t":"idOrVar","v":"n"}," viðtakendur"],"two":[{"t":"idOrVar","v":"n"}," viðtakendur"]},"$x":[{"t":"idOrVar","v":"plural"},"n"]},{"$i":"attachmentSizeB","$v":[{"t":"idOrVar","v":"n"}," B"]},{"$i":"attachmentSizeKB","$v":[{"t":"idOrVar","v":"n"}," KB"]},{"$i":"attachmentSizeMB","$v":[{"t":"idOrVar","v":"n"}," MB"]},{"$i":"attachmentOpenError","$v":"Ekkert forrit getur opnað þessa skráargerð."},{"$i":"attachmentNotFile","$v":"Þessi skrá finnst ekki."},{"$i":"remove","$v":"Fjarlægja"},{"$i":"participant","$v":{"few":[{"t":"idOrVar","v":"n"}," þátttakendur"],"many":[{"t":"idOrVar","v":"n"}," þátttakendur"],"one":[{"t":"idOrVar","v":"n"}," þátttakandi"],"other":[{"t":"idOrVar","v":"n"}," þátttakendur"],"two":[{"t":"idOrVar","v":"n"}," þátttakendur"]},"$x":[{"t":"idOrVar","v":"plural"},"n"]},{"$i":"message-report","$v":"Tilkynna skilaboð"},{"$i":"message-type-sms","$v":"Textaskilaboð (SMS)"},{"$i":"message-type-mms","$v":"Margmiðlunarskilaboð (MMS)"},{"$i":"sms-report-description","$v":["Textaskilaboðin (SMS) þín voru send ",{"t":"idOrVar","v":"datetime"}]},{"$i":"mms-report-description","$v":["Margmiðlunarskilaboðin (MMS) þín, efni ",{"t":"idOrVar","v":"subject"},", voru send ",{"t":"idOrVar","v":"datetime"}]},{"$i":"mms-no-subject-report-description","$v":["Margmiðlunarskilaboðin (MMS) þín voru send ",{"t":"idOrVar","v":"datetime"}]},{"$i":"message-subject","$v":"Efni:"},{"$i":"report-status-error","$v":"Ekki tókst að senda skilab."},{"$i":"report-status-not-downloaded","$v":"ekki sótt"},{"$i":"report-status-delivered","$v":"Afhent:"},{"$i":"report-status-read","$v":"Lesa:"},{"$i":"report-status-pending","$v":"Beðið um skrá"},{"$i":"report-status-rejected","$v":"Skilaboðum hafnað"},{"$i":"message-size-was","$v":"Stærð skilab.:"},{"$i":"report-to-title","$v":"Til"},{"$i":"report-from-title","$v":"Frá"},{"$i":"message-sent","$v":"Sent:"},{"$i":"message-sending","$v":[{"t":"idOrVar","v":"message-delivery-status-sending"}]},{"$i":"message-received","$v":"Móttekið:"},{"$i":"message-via","$v":"Um:"},{"$i":"message-resend","$v":"Senda aftur"},{"$i":"search","$v":"Leita"},{"$i":"unknown-contact-title","$v":"Óþekktur tengil."},{"$i":"phone-type-separator","$v":", "},{"$i":"phone-carrier-separator","$v":" "},{"$i":"thread-participant-separator","$v":", "},{"$i":"replace-draft","$v":"Skipta út eldri drögum"},{"$i":"save-as-draft","$v":"Vista"},{"$i":"discard-message","$v":"Fleygja"},{"$i":"discard-sms","$v":"Viltu örugglega fleygja þessum skilaboðum?"},{"$i":"discard-new-message","$v":"Á að henda skilab. sem þú ert að skrifa og opna nýju skilab.?"},{"$i":"resend-confirmation","$v":"Ekki tókst að senda skilaboðin. Reyna aftur?"},{"$i":"resend-message","$v":"Senda skilab. aft."},{"$i":"deleteMessage-confirmation","$v":"Eyða völdum skilaboðum?"},{"$i":"deleteMessages-confirmation","$v":"Viltu eyða völdum skilaboðum?"},{"$i":"deleteThreads-confirmation2","$v":{"one":"Eyða völdum skilaboðaþræði?","other":"Eyða völdum skilaboðaþráðum?"},"$x":[{"t":"idOrVar","v":"plural"},"n"]},{"$i":"new-message-notice-text","$v":"Ný skilaboð frá"},{"$i":"new-message-notice-a-text","$v":"Lesa þau"},{"$i":"noMessages-title","$v":"Engin skilaboð"},{"$i":"noMessages-text","$v":"Ýttu á Ný Skilaboð til að hefja samskipti."},{"$i":"sendDefaultErrorTitle","$v":"Senda mistök"},{"$i":"sendDefaultErrorBody","$v":"Ekki tókst að senda skilaboðin. Reyndu aftur."},{"$i":"sendDefaultErrorBtnOk","$v":"Í lagi"},{"$i":"sendMissingSimCardTitle","$v":"Senda mistök"},{"$i":"sendMissingSimCardBody","$v":"Settu gilt SIM-kort í til að halda áfram."},{"$i":"sendMissingSimCardBtnOk","$v":"Í lagi"},{"$i":"sendFlightModeTitle","$v":"Senda mistök"},{"$i":"sendFlightModeBody","$v":"Sl. á flugst. til að senda skilab."},{"$i":"sendFlightModeBtnOk","$v":"Í lagi"},{"$i":"radioDisabledToDownloadTitle","$v":"Sækja skrá af fjarlægri tölvu"},{"$i":"radioDisabledToDownloadBody","$v":"Slökktu á flugstillingu til að sækja viðhengi."},{"$i":"radioDisabledToDownloadBtnOk","$v":[{"t":"idOrVar","v":"sendFlightModeBtnOk"}]},{"$i":"downloadDefaultErrorTitle","$v":"Sækja skrá af fjarlægri tölvu"},{"$i":"downloadDefaultErrorBody","$v":"Vandamál kom upp við að hlaða niður skilaboðunum. Vinsamlegast reyndu aftur."},{"$i":"downloadDefaultErrorBtnOk","$v":[{"t":"idOrVar","v":"sendDefaultErrorBtnOk"}]},{"$i":"fdnErrorTitle","$v":"Senda mistök"},{"$i":"needConnectWifiBody","$v":["Ekkert farsímakerfi í boði. Tengstu tiltæku ",{"t":"idOrVar","v":"Wi-Fi"},"-neti til að senda skilaboð."]},{"$i":"needConnectWifiTitle","$v":"Skilaboð ekki send"},{"$i":"mmsChanelUsedBody","$v":"Verið er að senda MMS með undirmiðstöð sem er ekki DDS. Bíddu eftir að sendingarferlinu ljúki."},{"$i":"mmsChanelUsedTitle","$v":"MMS-rás notuð"},{"$i":"sms-counter-notice-label","$v":["Br. SMS ",{"t":"idOrVar","v":"number"}]},{"$i":"fdnErrorBody","$v":{"few":"Fast númeraval (FDN) er virkt. Gættu þess að SMS-miðstöðin og eftirfarandi viðtakendur séu á lista yfir fast númeraval.","many":"Fast númeraval (FDN) er virkt. Gættu þess að SMS-miðstöðin og eftirfarandi viðtakendur séu á lista yfir fast númeraval.","one":"Fast númeraval (FDN) er virkt. Gættu þess að SMS-miðstöðin og eftirfarandi viðtakandi séu á lista yfir fast númeraval.","other":"Fast númeraval (FDN) er virkt. Gættu þess að SMS-miðstöðin og eftirfarandi viðtakendur séu á lista yfir fast númeraval.","two":"Fast númeraval (FDN) er virkt. Gættu þess að SMS-miðstöðin og eftirfarandi viðtakendur séu á lista yfir fast númeraval."},"$x":[{"t":"idOrVar","v":"plural"},"n"]},{"$i":"fdnErrorBtnOk","$v":"Í lagi"},{"$i":"sendNoSignalErrorTitle","$v":"Senda mistök"},{"$i":"sendNoSignalErrorBody","$v":"Engin farsímamerki, vinsamlegast reyndu aftur."},{"$i":"sendNoSignalErrorBtnOk","$v":"Í lagi"},{"$i":"sendNotFoundErrorTitle","$v":"Senda mistök"},{"$i":"sendNotFoundErrorBody","$v":"Skilaboðin sem þú leitar að eru ekki lengur tiltæk."},{"$i":"sendNotFoundErrorBtnOk","$v":"Í lagi"},{"$i":"sendInvalidAddressErrorTitle","$v":"Senda mistök"},{"$i":"sendInvalidAddressErrorBody","$v":"Gakktu úr skugga um að farsímanr. sem þú sendir í sé gilt."},{"$i":"sendInvalidAddressErrorBtnOk","$v":"Í lagi"},{"$i":"simNotMatchedErrorTitle","$v":"Ekki hægt að sækja"},{"$i":"simNotMatchedErrorBody","$v":"Gakktu úr skugga um að SIM-kortið sem er í sé kortið sem notað er til að taka við skilab."},{"$i":"simNotMatchedErrorBtnOk","$v":"Í lagi"},{"$i":"netWorkErrorTitle","$v":"Villa í netkerfi"},{"$i":"netWorkErrorBody","$v":"Net villa. Vinsamlegast athugaðu nettenginguna þína."},{"$i":"netWorkErrorBtnOk","$v":"Í lagi"},{"$i":"deleted-sms","$v":"Þessum skilab. þegar eytt."},{"$i":"view-attachment-image","$v":"Skoða"},{"$i":"view-attachment-audio","$v":"Hlusta"},{"$i":"view-attachment-video","$v":"Skoða"},{"$i":"view-attachment-other","$v":"Skoða"},{"$i":"remove-attachment-image","$v":"Fjarl. mynd"},{"$i":"remove-attachment-audio","$v":"Fjarl. hljóð"},{"$i":"remove-attachment-video","$v":"Fjarl. myndb."},{"$i":"remove-attachment-other","$v":"Fjarl. viðhengi"},{"$i":"replace-attachment-image","$v":"Skipta út mynd"},{"$i":"replace-attachment-audio","$v":"Skipta út hljóði"},{"$i":"replace-attachment-video","$v":"Skipta út myndb."},{"$i":"replace-attachment-other","$v":"Skipta út viðhengi"},{"$i":"unsent-message-title","$v":"Ósend skilaboð"},{"$i":"unsent-message-description","$v":"Fyrri skilaboðin voru ekki send. Viltu breyta ósendu skilaboðunum eða henda þeim og halda áfram?"},{"$i":"unsent-message-option-edit","$v":"Br."},{"$i":"unsent-message-option-discard","$v":"Fleygja"},{"$i":"message-options","$v":"Valk. skilaboða"},{"$i":"select-text","$v":"Velja texta"},{"$i":"mobile","$v":"Farsími"},{"$i":"home","$v":"Heima"},{"$i":"work","$v":"Vinna"},{"$i":"personal","$v":"Persónulegt"},{"$i":"faxHome","$v":"Fax (heima)"},{"$i":"faxOffice","$v":"Fax (skrifst.)"},{"$i":"faxOther","$v":"Fax (annað)"},{"$i":"another","$v":"Annað"},{"$i":"other","$v":"Annað"},{"$i":"today","$v":"Í dag"},{"$i":"yesterday","$v":"Í gær"},{"$i":"incorrectDate","$v":"(röng dags.)"},{"$i":"addToExistingContact","$v":"Bæta við fyrirl. tengilið"},{"$i":"createNewContact","$v":"Búa til nýjan tengil."},{"$i":"viewContact","$v":"Skoða tengilið"},{"$i":"sendEmail","$v":"Senda tölvupóst"},{"$i":"mms-message","$v":"MMS-skilaboð"},{"$i":"notDownloaded-title","$v":"Skilaboð eru ekki enn sótt."},{"$i":"tobedownloaded-attachment","$v":["Þú fékkst send margmiðlunarskilaboð, ýttu á „Sækja“ til að sækja efni þeirra fyrir ",{"t":"idOrVar","v":"date"},"."]},{"$i":"expired-attachment","$v":["Því miður runnu skilab. út ",{"t":"idOrVar","v":"date"}," og ekki er hægt að sækja þau."]},{"$i":"download-attachment","$v":"Niðurhal"},{"$i":"downloading-attachment","$v":"Sækir …"},{"$i":"download-complete","$v":"Niðurhali lokið"},{"$i":"unnamed-attachment","$v":"ónefnt"},{"$i":"mms-label","$v":"MMS"},{"$i":"not-download-label","$v":"Þú fékkst send margmiðlunarskilaboð, sæktu skilaboðin til að fá aðgang að innihaldi þeirra fyrir"},{"$i":"attachment-label","$v":"Viðhengi"},{"$i":"attached-files-too-large","$v":{"few":["Þessi skilaboð eru stærri en ",{"t":"idOrVar","v":"mmsSize"}," MB stærðartakmörkin fyrir stök margmiðlunarskilaboð."],"many":["Þessi skilaboð eru stærri en ",{"t":"idOrVar","v":"mmsSize"}," MB stærðartakmörkin fyrir stök margmiðlunarskilaboð."],"one":["Þessi skilaboð eru stærri en ",{"t":"idOrVar","v":"mmsSize"}," MB stærðartakm. f. stök margmiðlskilaboð."],"other":["Þessi skilaboð eru stærri en ",{"t":"idOrVar","v":"mmsSize"}," MB stærðartakmörkin fyrir stök margmiðlunarskilaboð."],"two":["Þessi skilaboð eru stærri en ",{"t":"idOrVar","v":"mmsSize"}," MB stærðartakmörkin fyrir stök margmiðlunarskilaboð."],"zero":["Þessi skilaboð eru stærri en ",{"t":"idOrVar","v":"mmsSize"}," MB stærðartakmörkin fyrir stök margmiðlunarskilaboð."]},"$x":[{"t":"idOrVar","v":"plural"},"n"]},{"$i":"resize-image","$v":"Stæ. viðh. myndar br."},{"$i":"no-attachment-text","$v":"Vandamál kom upp með viðhengdu skrána og ekki er hægt að sækja hana."},{"$i":"message-draft-saved","$v":"Skilaboð vistuð sem drög"},{"$i":"sim-id-label","$v":["SIM-kort ",{"t":"idOrVar","v":"id"}]},{"$i":"sim-detail","$v":["SIM-kort ",{"t":"idOrVar","v":"id"},", ",{"t":"idOrVar","v":"detailString"}]},{"$i":"dsds-notification-title-with-sim","$v":["(",{"t":"idOrVar","v":"sim"},") ",{"t":"idOrVar","v":"sender"}]},{"$i":"send-button","ariaLabel":"Senda"},{"$i":"send-button-sim-indication","$v":[{"t":"idOrVar","v":"n"}],"ariaLabel":["nota SIM-kort ",{"t":"idOrVar","v":"n"}]},{"$i":"expiry-date-format","$v":"%A, %b %e"},{"$i":"attach-button","ariaLabel":"Bæta við viðhengi"},{"$i":"contact-photo","ariaLabel":"Mynd tengil."},{"$i":"unread-thread","ariaLabel":"Ólesið"},{"$i":"has-draft","ariaLabel":"Er með drög"},{"$i":"is-draft","ariaLabel":"Drög"},{"$i":"message-delivery-status-sending","$v":"Sendir …"},{"$i":"message-delivery-status-delivered","$v":"Afhent"},{"$i":"message-delivery-status-read","ariaLabel":"Lesa"},{"$i":"message-delivery-status-error","ariaLabel":"Villa"},{"$i":"modal-dialog-ok-button","$v":"Í lagi"},{"$i":"modal-dialog-cancel-button","$v":"H. við"},{"$i":"modal-dialog-default-title","$v":"Skilaboð"},{"$i":"delete-message","$v":"Skilaboðum eytt"},{"$i":"message-converted-to-toast","$v":["Skilaboðum breytt í ",{"t":"idOrVar","v":"type"}]},{"$i":"message-sent-toast","$v":"Skilaboð send"},{"$i":"deleteMessage-confirmation2","$v":"Eyða völdum skilaboðaþræði?"},{"$i":"deleted-message","$v":{"few":[{"t":"idOrVar","v":"n"}," skilaboðum eytt"],"many":[{"t":"idOrVar","v":"n"}," skilaboðum eytt"],"one":[{"t":"idOrVar","v":"n"}," skilaboðum eytt"],"other":[{"t":"idOrVar","v":"n"}," skilaboðum eytt"],"two":[{"t":"idOrVar","v":"n"}," skilaboðum eytt"],"zero":"0 skilaboðum eytt"},"$x":[{"t":"idOrVar","v":"plural"},"n"]},{"$i":"deleted-threads","$v":{"few":[{"t":"idOrVar","v":"n"}," skilaboðaþráðum eytt"],"many":[{"t":"idOrVar","v":"n"}," skilaboðaþráðum eytt"],"one":"Þræði Eytt","other":[{"t":"idOrVar","v":"n"}," skilaboðaþráðum eytt"],"two":[{"t":"idOrVar","v":"n"}," skilaboðaþræði eytt"],"zero":"0 þræði eytt"},"$x":[{"t":"idOrVar","v":"plural"},"n"]},{"$i":"wapPushMessages","$v":"WAP-vöktunarskilaboð"},{"$i":"auto-retrieve-messages","$v":"Sæ. skilaboð sjálfkr."},{"$i":"auto-retrieve-messages-title","$v":"Sæ. skilaboð sjálfkr."},{"$i":"auto-roaming-retrieve","$v":"Kv. í reiki"},{"$i":"auto-no-roaming-retrieve","$v":"Kv. ekki í reiki"},{"$i":"mmsTitle","$v":"Margmiðlunarskilaboð (MMS)"},{"$i":"message-delivery-reports","$v":"Tilkynningar um skil"},{"$i":"message-delivery-reports-title","$v":"Skilatilkynn."},{"$i":"messageReport-title","$v":"Uppl. um skilaboð"},{"$i":"sms-label","$v":"SMS"},{"$i":"messaging-settings","$v":"Skilaboðastill."},{"$i":"messagingSettings-header","$v":[{"t":"idOrVar","v":"messaging-settings"}]},{"$i":"confirmation-title","$v":"Staðfesting"},{"$i":"draft-save-content","$v":"Vista sem drög?"},{"$i":"draft-discard-content","$v":"Skilaboðum fleygt"},{"$i":"switch-on","$v":"Kv."},{"$i":"switch-off","$v":"Slökkt"},{"$i":"auto-retrieve-desc","$v":"Sækja skilaboð sjálfkrafa"},{"$i":"confirm-dialog-ok","$v":"Í lagi"},{"$i":"yes","$v":"Já"},{"$i":"no","$v":"Nei"},{"$i":"delete-current-thread?","$v":"Eyða völdum skilaboðaþræði?"},{"$i":"attention","$v":"Athugið"},{"$i":"delivery-title","$v":"Textaskilaboð (SMS)"},{"$i":"send-failed","$v":"Sent mistókst."},{"$i":"subject-removed","$v":"Efni fjarlægt."},{"$i":"data-storage-limit-alert-title","$v":"Símageymsla full."},{"$i":"data-storage-limit-send-body","$v":"Ekki tókst að senda MMS. Eyddu skilaboðum eða farðu í Stillingar til að losa um pláss."},{"$i":"data-storage-limit-download-body","$v":"Ekki tókst að sækja MMS. Eyddu skilaboðum eða farðu í Stillingar til að losa um pláss."},{"$i":"data-storage-limit-attachment-body","$v":"Ekki er hægt að bæta við viðhengi. Eyddu skilaboðunum eða farðu í Stillingar til að losa um pláss."},{"$i":"data-storage-limit-alert-cancel","$v":"Hætta við"},{"$i":"data-storage-limit-alert-setting","$v":"Stillingar"},{"$i":"recipient-repeat","$v":"Afrit viðtakanda."},{"$i":"email","$v":"PÓSTUR"},{"$i":"options","$v":"Valkostir"},{"$i":"emergency-alert-title","$v":"Neyðarviðvaranir"},{"$i":"emergency-alert","$v":"Neyðarviðvaranir"},{"$i":"wappushNormal","$v":"WAP-vöktun"},{"$i":"wappushSIM1","$v":"WAP-vöktun – SIM 1"},{"$i":"wappushSIM2","$v":"WAP-vöktun – SIM 2"},{"$i":"not-assigned","$v":"Ekki úthlutað"},{"$i":"switchSIMDataSendAlertTitle","$v":"Ekki tókst að senda MMS."},{"$i":"switchSIMDataSendAlertBody","$v":["Til að senda MMS-skilaboðum verður þú að breyta gagnastillingum SIM-kortsins í SIM ",{"t":"idOrVar","v":"nonActiveSimId"}," í stillingum SIM-stjórnunar."]},{"$i":"switchSIMDataSendAlertDesc","$v":"Farðu í stillingaforritið til að uppfæra stillingarnar."},{"$i":"switchSIMDataReceiveAlertTitle","$v":"Ekki tókst að taka á móti MMS."},{"$i":"switchSIMDataReceiveAlertBody","$v":["Til að taka við MMS-skilaboðum verður þú að breyta gagnastillingum SIM-kortsins í SIM ",{"t":"idOrVar","v":"nonActiveSimId"}," í stillingum SIM-stjórnunar."]},{"$i":"switchSIMDataReceiveAlertDesc","$v":"Farðu í stillingaforritið til að uppfæra stillingarnar."},{"$i":"group-message","$v":"Hópskilaboð"},{"$i":"individual-message","$v":"Einkaskilaboð"},{"$i":"group-message-alert-title","$v":"Hópskilaboð"},{"$i":"group-message-alert-body","$v":"Búa til hópskilaboð? (Hópskilaboð eru send með MMS og SMS og geta leitt af sér aukakostnað frá netþjónustu, allt eftir þjónustusamningi.)"},{"$i":"group-message-individual","$v":"Nei"},{"$i":"group-message-setting","$v":"Búa til"},{"$i":"new-message-individual","$v":"Ný skilab. (einka)"},{"$i":"new-message-group","$v":"Ný skilab. (hópur)"},{"$i":"device-phone-number","$v":"Mitt símanr."},{"$i":"group-message-phone","$v":"Hópskilaboð"},{"$i":"my-phone-number-SIM1","$v":"Símanúmerið mitt - SIM 1"},{"$i":"my-phone-number-SIM2","$v":"Símanúmerið mitt - SIM 2"},{"$i":"delivery-notification","$v":"Skilaboð send"},{"$i":"wait","$v":"bíður"},{"$i":"isTextTooLongAlert","$v":"Farið yfir hámarkslengd skilaboða."},{"$i":"video-call","$v":"Myndsímtal"},{"$i":"normal-call","$v":"Hringja"},{"$i":"attachment","$v":"Viðhengi"},{"$i":"limit-MMS-recipients","$v":"Aðeins er hægt að senda allt að 20 viðtakendum MMS-skilaboð."},{"$i":"block-contact","$v":"Útiloka tengilið"},{"$i":"blocked","$v":"Útiloka"},{"$i":"unblocked","$v":"Aflæsa"},{"$i":"rtt-call","$v":"RTT-símtal"},{"$i":"remove-all-attachments","$v":"Fjarlægja öll viðhengi"},{"$i":"block-confirmation","$v":"Þú færð ekki símtöl eða skilaboð frá einstaklingum sem búið er að útiloka."},{"$i":"space-low-not-save","$v":"Geymslan er full. Ekki var hægt að vista drög."},{"$i":"creation-mode-messages","$v":"Skrifstilling"},{"$i":"creation-mode-restricted","$v":"Takmörkuð"},{"$i":"creation-mode-warning","$v":"Viðvörun"},{"$i":"creation-mode-free","$v":"Frjáls"},{"$i":"creationMode_restricted_title","$v":"takmörkun skrifstillingar"},{"$i":"creationMode_restricted_alert","$v":"Skrifstillingin er takmörkuð, ekki er hægt að bæta við viðhengi sem er ekki frá kjarnaefnisléni fyrir margmiðlunarskilaboð (e. Core MM Content Domain)."},{"$i":"creationMode_warning_title","$v":"viðvörun skrifstillingar"},{"$i":"creationMode_warning_alert","$v":"Staðfestir þú viðbót viðhengis sem er ekki frá kjarnaefnisléni fyrir margmiðlunarskilaboð (e. Core MM Content Domain)?"},{"$i":"withoutDataTitle","$v":"Engin gagnatenging"},{"$i":"withoutDataBody","$v":"Vinsamlegast virkjaðu gagnatengingu í Stillingum til að senda eða hlaða niður MMS skilaboðum."},{"$i":"withoutDataBtnOk","$v":"Í lagi"},{"$i":"withoutDataBtnSettings","$v":"Stillingar"},{"$i":"FTUTitle","$v":"Verið velkomin í Skilaboð."},{"$i":"FTUBody","$v":"Þú verður að gefa upp símanúmerið þitt til að nota hópskilaboð."},{"$i":"myNumber","$v":"Mitt símanr."},{"$i":"myNumber-SIM1","$v":"Símanúmerið mitt - SIM 1"},{"$i":"myNumber-SIM2","$v":"Símanúmerið mitt - SIM 2"},{"$i":"save-number","$v":"Vista"},{"$i":"input-alert-show","$v":"Þetta er símanúmerið þitt."},{"$i":"input-alert-reInput","$v":"Þú verður að gefa upp símanúmerið þitt til að nota hópskilaboð."},{"$i":"multiple-recipients-flag","$v":",..."},{"$i":"parent-control-text","$v":"Þetta númer er læst. Þú getur beðið foreldra þína um leyfi."},{"$i":"groupNumberInputOne-placeholder","$v":"Símanúmerið mitt - SIM 1"},{"$i":"groupNumberInputOne","$v":"Mitt símanr."},{"$i":"groupNumberInputTwo-placeholder","$v":"Símanúmerið mitt - SIM 2"},{"$i":"groupNumberInputTwo","$v":"Mitt símanr."},{"$i":"custom-message-sent","$v":["Sendi svar til ",{"t":"idOrVar","v":"name"}]},{"$i":"colon","$v":":"},{"$i":"sms-encoding-mode","$v":"SMS-kóðun"},{"$i":"sms-reduced-format","$v":"Minnkað snið"},{"$i":"sms-full-format","$v":"Fullt snið"},{"$i":"smscNormal","$v":"Þjónustumiðstöð"},{"$i":"smscSIM1","$v":"SIM1-kort þjónustumiðst."},{"$i":"smscSIM2","$v":"SIM2-kort þjónustumiðst."},{"$i":"weekday-0-long","$v":"Sunnudagur"},{"$i":"weekday-1-long","$v":"Mánudagur"},{"$i":"weekday-2-long","$v":"Þriðjudagur"},{"$i":"weekday-3-long","$v":"Miðvikudagur"},{"$i":"weekday-4-long","$v":"Fimmtudagur"},{"$i":"weekday-5-long","$v":"Föstudagur"},{"$i":"weekday-6-long","$v":"Laugardagur"},{"$i":"weekday-0-short","$v":"Sun."},{"$i":"weekday-1-short","$v":"Mán."},{"$i":"weekday-2-short","$v":"Þri."},{"$i":"weekday-3-short","$v":"Mið."},{"$i":"weekday-4-short","$v":"Fim."},{"$i":"weekday-5-short","$v":"Fös."},{"$i":"weekday-6-short","$v":"Lau."},{"$i":"month-0-long","$v":"Janúar"},{"$i":"month-1-long","$v":"Febrúar"},{"$i":"month-2-long","$v":"Mars"},{"$i":"month-3-long","$v":"Apríl"},{"$i":"month-4-long","$v":"Maí"},{"$i":"month-5-long","$v":"Júní"},{"$i":"month-6-long","$v":"Júlí"},{"$i":"month-7-long","$v":"Ágúst"},{"$i":"month-8-long","$v":"September"},{"$i":"month-9-long","$v":"Október"},{"$i":"month-10-long","$v":"Nóvember"},{"$i":"month-11-long","$v":"Desember"},{"$i":"month-0-genitive","$v":"Janúar"},{"$i":"month-1-genitive","$v":"Febrúar"},{"$i":"month-2-genitive","$v":"Mars"},{"$i":"month-3-genitive","$v":"Apríl"},{"$i":"month-4-genitive","$v":"Maí"},{"$i":"month-5-genitive","$v":"Júní"},{"$i":"month-6-genitive","$v":"Júlí"},{"$i":"month-7-genitive","$v":"Ágúst"},{"$i":"month-8-genitive","$v":"September"},{"$i":"month-9-genitive","$v":"Október"},{"$i":"month-10-genitive","$v":"Nóvember"},{"$i":"month-11-genitive","$v":"Desember"},{"$i":"month-0-short","$v":"Jan."},{"$i":"month-1-short","$v":"Feb."},{"$i":"month-2-short","$v":"Mar."},{"$i":"month-3-short","$v":"Apr."},{"$i":"month-4-short","$v":"Maí"},{"$i":"month-5-short","$v":"Jún."},{"$i":"month-6-short","$v":"Júl."},{"$i":"month-7-short","$v":"Ágú."},{"$i":"month-8-short","$v":"Sep."},{"$i":"month-9-short","$v":"Okt."},{"$i":"month-10-short","$v":"Nóv."},{"$i":"month-11-short","$v":"Des."},{"$i":"minutes-ago-long","$v":{"few":["Fyrir ",{"t":"idOrVar","v":"value"}," mín."],"many":["Fyrir ",{"t":"idOrVar","v":"value"}," mín."],"other":["Fyrir ",{"t":"idOrVar","v":"value"}," mín."],"two":["Fyrir ",{"t":"idOrVar","v":"value"}," mín."],"one":"fyrir mínútu","zero":"rétt í þessu"},"$x":[{"t":"idOrVar","v":"plural"},"value"]},{"$i":"hours-ago-long","$v":{"few":["Fyrir ",{"t":"idOrVar","v":"value"}," klst."],"many":["Fyrir ",{"t":"idOrVar","v":"value"}," klst."],"other":["Fyrir ",{"t":"idOrVar","v":"value"}," klst."],"two":["Fyrir ",{"t":"idOrVar","v":"value"}," klst."],"one":"1 klst","zero":"rétt í þessu"},"$x":[{"t":"idOrVar","v":"plural"},"value"]},{"$i":"days-ago-long","$v":{"few":["Fyrir ",{"t":"idOrVar","v":"value"}," dögum"],"many":["Fyrir ",{"t":"idOrVar","v":"value"}," dögum"],"one":"í gær","other":["Fyrir ",{"t":"idOrVar","v":"value"}," dögum"],"two":["Fyrir ",{"t":"idOrVar","v":"value"}," dögum"],"zero":"í dag"},"$x":[{"t":"idOrVar","v":"plural"},"value"]},{"$i":"weeks-ago-long","$v":{"few":["Fyrir ",{"t":"idOrVar","v":"value"}," vikum"],"many":["Fyrir ",{"t":"idOrVar","v":"value"}," vikum"],"one":"í síð. viku","other":["Fyrir ",{"t":"idOrVar","v":"value"}," vikum"],"two":["Fyrir ",{"t":"idOrVar","v":"value"}," vikum"],"zero":"í þessari viku"},"$x":[{"t":"idOrVar","v":"plural"},"value"]},{"$i":"months-ago-long","$v":{"few":["Fyrir ",{"t":"idOrVar","v":"value"}," mánuðum"],"many":["Fyrir ",{"t":"idOrVar","v":"value"}," mánuðum"],"one":"í síð. mán.","other":["Fyrir ",{"t":"idOrVar","v":"value"}," mánuðum"],"two":["Fyrir ",{"t":"idOrVar","v":"value"}," mánuðum"],"zero":"í þessum mán."},"$x":[{"t":"idOrVar","v":"plural"},"value"]},{"$i":"years-ago-long","$v":{"few":["Fyrir ",{"t":"idOrVar","v":"value"}," árum"],"many":["Fyrir ",{"t":"idOrVar","v":"value"}," árum"],"one":"á síð. ári","other":["Fyrir ",{"t":"idOrVar","v":"value"}," árum"],"two":["Fyrir ",{"t":"idOrVar","v":"value"}," árum"],"zero":"á þessu ári"},"$x":[{"t":"idOrVar","v":"plural"},"value"]},{"$i":"minutes-until-long","$v":{"few":["eftir ",{"t":"idOrVar","v":"value"}," mín."],"many":["eftir ",{"t":"idOrVar","v":"value"}," mín."],"other":["eftir ",{"t":"idOrVar","v":"value"}," mín."],"two":["eftir ",{"t":"idOrVar","v":"value"}," mín."],"zero":"núna","one":"eftir 1 mínútu"},"$x":[{"t":"idOrVar","v":"plural"},"value"]},{"$i":"hours-until-long","$v":{"few":["eftir ",{"t":"idOrVar","v":"value"}," klst."],"many":["eftir ",{"t":"idOrVar","v":"value"}," klst."],"other":["eftir ",{"t":"idOrVar","v":"value"}," klst."],"two":["eftir ",{"t":"idOrVar","v":"value"}," klst."],"zero":"núna","one":"eftir 1 klukkustund"},"$x":[{"t":"idOrVar","v":"plural"},"value"]},{"$i":"days-until-long","$v":{"few":["eftir ",{"t":"idOrVar","v":"value"}," daga"],"many":["eftir ",{"t":"idOrVar","v":"value"}," daga"],"one":"á morgun","other":["eftir ",{"t":"idOrVar","v":"value"}," daga"],"two":["eftir ",{"t":"idOrVar","v":"value"}," daga"],"zero":"í dag"},"$x":[{"t":"idOrVar","v":"plural"},"value"]},{"$i":"weeks-until-long","$v":{"few":["eftir ",{"t":"idOrVar","v":"value"}," vikur"],"many":["eftir ",{"t":"idOrVar","v":"value"}," vikur"],"one":"í næstu viku","other":["eftir ",{"t":"idOrVar","v":"value"}," vikur"],"two":["eftir ",{"t":"idOrVar","v":"value"}," vikur"],"zero":"í þessari viku"},"$x":[{"t":"idOrVar","v":"plural"},"value"]},{"$i":"months-until-long","$v":{"few":["eftir ",{"t":"idOrVar","v":"value"}," mán."],"many":["eftir ",{"t":"idOrVar","v":"value"}," mán."],"one":"í næsta mán.","other":["eftir ",{"t":"idOrVar","v":"value"}," mán."],"two":["eftir ",{"t":"idOrVar","v":"value"}," mán."],"zero":"í þessum mán."},"$x":[{"t":"idOrVar","v":"plural"},"value"]},{"$i":"years-until-long","$v":{"few":["eftir ",{"t":"idOrVar","v":"value"}," ár"],"many":["eftir ",{"t":"idOrVar","v":"value"}," ár"],"one":"á næsta ári","other":["eftir ",{"t":"idOrVar","v":"value"}," ár"],"two":["eftir ",{"t":"idOrVar","v":"value"}," ár"],"zero":"á þessu ári"},"$x":[{"t":"idOrVar","v":"plural"},"value"]},{"$i":"minutes-ago-short","$v":{"other":["Fyrir ",{"t":"idOrVar","v":"value"}," m."],"zero":"rétt í þessu"},"$x":[{"t":"idOrVar","v":"plural"},"value"]},{"$i":"hours-ago-short","$v":{"other":["Fyrir ",{"t":"idOrVar","v":"value"}," k."],"zero":"rétt í þessu"},"$x":[{"t":"idOrVar","v":"plural"},"value"]},{"$i":"days-ago-short","$v":{"other":["Fyrir ",{"t":"idOrVar","v":"value"}," d."],"zero":"í dag"},"$x":[{"t":"idOrVar","v":"plural"},"value"]},{"$i":"minutes-until-short","$v":{"other":["eftir ",{"t":"idOrVar","v":"value"}," m"],"zero":"núna"},"$x":[{"t":"idOrVar","v":"plural"},"value"]},{"$i":"hours-until-short","$v":{"other":["eftir ",{"t":"idOrVar","v":"value"}," k"],"zero":"núna"},"$x":[{"t":"idOrVar","v":"plural"},"value"]},{"$i":"days-until-short","$v":{"other":["eftir ",{"t":"idOrVar","v":"value"}," d"],"zero":"í dag"},"$x":[{"t":"idOrVar","v":"plural"},"value"]},{"$i":"dateTimeFormat_%c","$v":"%a %b %e %Y %I:%M:%S %p"},{"$i":"dateTimeFormat_%x","$v":"%m/%d/%Y"},{"$i":"dateTimeFormat_%X","$v":"%I:%M:%S %p"},{"$i":"shortTimeFormat","$v":"%I:%M %p"},{"$i":"shortTimeFormat12","$v":"%I:%M %p"},{"$i":"shortTimeFormat24","$v":"%H:%M"},{"$i":"shortDateTimeFormat","$v":"%x %I:%M %p"},{"$i":"weekStartsOnMonday","$v":"0.0"},{"$i":"firstDayOfTheWeek","$v":"1.0"},{"$i":"time_am","$v":"f.h."},{"$i":"time_pm","$v":"e.h."},{"$i":"softkey-options","$v":"Valkostir"},{"$i":"emergencyNumber","$v":"Neyðarnúmer"},{"$i":"callAirplaneModeMessage","$v":"Til að hringja þarftu að slökkva á flugstillingu í stillingum."},{"$i":"callAirplaneModeBtnOk","$v":"Í lagi"},{"$i":"callAirplaneModeTitle","$v":"Flugstilling virkjuð"},{"$i":"numberIsBusyTitle","$v":"Númerið er á tali"},{"$i":"numberIsBusyMessage","$v":"Símanúmerið er á tali. Reyndu aftur síðar."},{"$i":"fdnIsActiveTitle","$v":"Fast númeraval virkt"},{"$i":"fdnIsActiveMessage","$v":["Fast númeraval (FDN) er virkt og eftirfarandi númer er ekki á lista yfir fast númeraval: ",{"t":"idOrVar","v":"number"}]},{"$i":"emergencyDialogBodyBadNumber","$v":"Til að hringja þarf síminn að vera nettengdur."},{"$i":"emergencyDialogBodyDeviceNotAccepted","$v":"Símkerfið leyfir ekki neyðarsímtöl."},{"$i":"emergencyDialogBtnOk","$v":"Í lagi"},{"$i":"emergencyDialogTitle","$v":"Engin nettenging"},{"$i":"invalidNumberToDialTitle","$v":"Ógilt símanúmer"},{"$i":"invalidNumberToDialMessage","$v":"Símanúmerið sem þú hringir í er ekki gilt."},{"$i":"unableToCallTitle","$v":"Ekki hægt að hringja. "},{"$i":"unableToCallMessage","$v":"Ekki er hægt að hringja núna"},{"$i":"otherConnectionInUseTitle","$v":"Önnur tenging í notkun"},{"$i":"otherConnectionInUseMessage","$v":"Þú ert með símtal í gangi á annarri tengingu. Þú getur aðeins notað eina tengingu í einu."},{"$i":"connectingEllipsis","$v":"Tengist ..."}]