[{"$i":"messages","$v":"Messaggi"},{"$i":"deleteMessages-title","$v":"Seleziona"},{"$i":"selectThreads-title","$v":"Seleziona"},{"$i":"edit","$v":"Modifica"},{"$i":"back","$v":"Indietro"},{"$i":"cancel","$v":"Annulla"},{"$i":"delete","$v":"Elimina"},{"$i":"deleting-messages","$v":"Eliminazione in corso..."},{"$i":"deselect","$v":"Deseleziona"},{"$i":"selected-threads","$v":{"few":[{"t":"idOrVar","v":"n"}," selezionati"],"many":[{"t":"idOrVar","v":"n"}," selezionati"],"one":[{"t":"idOrVar","v":"n"}," selezionati"],"other":[{"t":"idOrVar","v":"n"}," selezionati"],"two":[{"t":"idOrVar","v":"n"}," selezionati"],"zero":"0 selezionati"},"$x":[{"t":"idOrVar","v":"plural"},"n"]},{"$i":"selected-messages","$v":{"few":[{"t":"idOrVar","v":"n"}," selezionati"],"many":[{"t":"idOrVar","v":"n"}," selezionati"],"one":[{"t":"idOrVar","v":"n"}," selezionati"],"other":[{"t":"idOrVar","v":"n"}," selezionati"],"two":[{"t":"idOrVar","v":"n"}," selezionati"],"zero":"0 selezionati"},"$x":[{"t":"idOrVar","v":"plural"},"n"]},{"$i":"selectThreads-label","$v":"Seleziona thread"},{"$i":"selectMessages-label","$v":"Seleziona messaggi"},{"$i":"new-message","$v":"Nuovo"},{"$i":"delete-thread","$v":"Elimina thread"},{"$i":"create-new-contact","$v":"Crea nuovo contatto"},{"$i":"add-to-contact","$v":"Aggiungi a contatto esistente"},{"$i":"select-thread","$v":"Seleziona thread"},{"$i":"settings","$v":"Impostazioni"},{"$i":"select-all","$v":"Tutto"},{"$i":"deselect-all","$v":"Nessuno"},{"$i":"select","$v":"Seleziona"},{"$i":"sk-save-as-draft","$v":"Salva come bozza"},{"$i":"next","$v":"Successivo"},{"$i":"send","$v":"Invia"},{"$i":"add-contact","$v":"Aggiungi"},{"$i":"add-suggestion","$v":"Seleziona"},{"$i":"add-subject","$v":"Aggiungi oggetto"},{"$i":"remove-subject","$v":"Rimuovi oggetto"},{"$i":"add-attachment","$v":"Aggiungi allegato"},{"$i":"remove-attachment","$v":"Rimuovi allegato"},{"$i":"replace-attachment","$v":"Sostituisci allegato"},{"$i":"select-messages","$v":"Seleziona messaggi"},{"$i":"call","$v":"Chiama"},{"$i":"forward","$v":"Inoltra"},{"$i":"view-message-report","$v":"Visualizza dettagli messaggio"},{"$i":"cancel-view-report","$v":"Annulla"},{"$i":"ok","$v":"OK"},{"$i":"enter","$v":"Invio"},{"$i":"open","$v":"Apri"},{"$i":"to","$v":"A"},{"$i":"new","$v":"Nuovo"},{"$i":"message","$v":"Messaggio"},{"$i":"messagesInput_placeholder","$v":"Messaggio"},{"$i":"messagesSubjectInput_placeholder","$v":"Oggetto"},{"$i":"subjectComposerInput_placeholder","$v":"Oggetto"},{"$i":"converted-to-mms","$v":"Conversione in messaggio multimediale in corso."},{"$i":"converted-to-sms","$v":"Conversione in messaggio di testo in corso."},{"$i":"messages-max-length-text","$v":"Lunghezza massima raggiunta."},{"$i":"messages-max-subject-length-text","$v":"Lunghezza massima dell'oggetto raggiunta."},{"$i":"multimedia-message-exceeded-max-length","$v":["Il messaggio supera il limite delle dimensioni di ",{"t":"idOrVar","v":"mmsSize"}," MB per un unico messaggio multimediale."]},{"$i":"newMessage","$v":"Nuovo messaggio"},{"$i":"sendMessage","$v":"Invia messaggio"},{"$i":"sendMMSToEmail","$v":"Invia messaggio multimediale"},{"$i":"no-recipient","$v":"(Nessun destinatario)"},{"$i":"recipient","$v":{"few":[{"t":"idOrVar","v":"n"}," destinatari"],"many":[{"t":"idOrVar","v":"n"}," destinatari"],"one":[{"t":"idOrVar","v":"n"}," destinatario"],"other":[{"t":"idOrVar","v":"n"}," destinatari"],"two":[{"t":"idOrVar","v":"n"}," destinatari"]},"$x":[{"t":"idOrVar","v":"plural"},"n"]},{"$i":"attachmentSizeB","$v":[{"t":"idOrVar","v":"n"}," B"]},{"$i":"attachmentSizeKB","$v":[{"t":"idOrVar","v":"n"}," KB"]},{"$i":"attachmentSizeMB","$v":[{"t":"idOrVar","v":"n"}," MB"]},{"$i":"attachmentOpenError","$v":"Nessuna applicazione disponibile per aprire questo tipo di file."},{"$i":"attachmentNotFile","$v":"File non trovato."},{"$i":"remove","$v":"Rimuovi"},{"$i":"participant","$v":{"few":[{"t":"idOrVar","v":"n"}," partecipanti"],"many":[{"t":"idOrVar","v":"n"}," partecipanti"],"one":[{"t":"idOrVar","v":"n"}," partecipante"],"other":[{"t":"idOrVar","v":"n"}," partecipanti"],"two":[{"t":"idOrVar","v":"n"}," partecipanti"]},"$x":[{"t":"idOrVar","v":"plural"},"n"]},{"$i":"message-report","$v":"Rapporto messaggio"},{"$i":"message-type-sms","$v":"Messaggio di testo (SMS)"},{"$i":"message-type-mms","$v":"Messaggio multimediale (MMS)"},{"$i":"sms-report-description","$v":["Il messaggio di testo (SMS) è stato inviato il ",{"t":"idOrVar","v":"datetime"}]},{"$i":"mms-report-description","$v":["Il messaggio multimediale (MMS), oggetto ",{"t":"idOrVar","v":"subject"},", è stato inviato il ",{"t":"idOrVar","v":"datetime"}]},{"$i":"mms-no-subject-report-description","$v":["Il messaggio multimediale (MMS) è stato inviato il ",{"t":"idOrVar","v":"datetime"}]},{"$i":"message-subject","$v":"Oggetto:"},{"$i":"report-status-error","$v":"Impossibile inviare il messaggio"},{"$i":"report-status-not-downloaded","$v":"non scaricato"},{"$i":"report-status-delivered","$v":"Consegnato:"},{"$i":"report-status-read","$v":"Letto:"},{"$i":"report-status-pending","$v":"Rapporto richiesto"},{"$i":"report-status-rejected","$v":"Messaggio rifiutato"},{"$i":"message-size-was","$v":"Dimensioni messaggio:"},{"$i":"report-to-title","$v":"A"},{"$i":"report-from-title","$v":"Da"},{"$i":"message-sent","$v":"Inviato:"},{"$i":"message-sending","$v":[{"t":"idOrVar","v":"message-delivery-status-sending"}]},{"$i":"message-received","$v":"Ricevuto:"},{"$i":"message-via","$v":"Tramite:"},{"$i":"message-resend","$v":"Reinvia"},{"$i":"search","$v":"Cerca"},{"$i":"unknown-contact-title","$v":"Contatto sconosciuto"},{"$i":"phone-type-separator","$v":", "},{"$i":"phone-carrier-separator","$v":" "},{"$i":"thread-participant-separator","$v":", "},{"$i":"replace-draft","$v":"Sostituisci bozza esistente"},{"$i":"save-as-draft","$v":"Salva"},{"$i":"discard-message","$v":"Ignora"},{"$i":"discard-sms","$v":"Ignorare questo messaggio?"},{"$i":"discard-new-message","$v":"Ignorare il messaggio che si sta componendo e aprire il nuovo messaggio?"},{"$i":"resend-confirmation","$v":"Impossibile inviare il messaggio. Riprovare?"},{"$i":"resend-message","$v":"Reinvia questo messaggio"},{"$i":"deleteMessage-confirmation","$v":"Eliminare il messaggio selezionato?"},{"$i":"deleteMessages-confirmation","$v":"Eliminare i messaggi selezionati?"},{"$i":"deleteThreads-confirmation2","$v":{"one":"Eliminare il thread di messaggi selezionato?","other":"Eliminare i thread di messaggi selezionati?"},"$x":[{"t":"idOrVar","v":"plural"},"n"]},{"$i":"new-message-notice-text","$v":"Nuovo messaggio da"},{"$i":"new-message-notice-a-text","$v":"Leggilo"},{"$i":"noMessages-title","$v":"Nessun messaggio"},{"$i":"noMessages-text","$v":"Premere Nuovo per iniziare la comunicazione."},{"$i":"sendDefaultErrorTitle","$v":"Errore di invio"},{"$i":"sendDefaultErrorBody","$v":"Si è verificato un problema durante l'invio del messaggio. Riprovare."},{"$i":"sendDefaultErrorBtnOk","$v":"OK"},{"$i":"sendMissingSimCardTitle","$v":"Errore di invio"},{"$i":"sendMissingSimCardBody","$v":"Inserire una scheda SIM valida per continuare."},{"$i":"sendMissingSimCardBtnOk","$v":"OK"},{"$i":"sendFlightModeTitle","$v":"Errore di invio"},{"$i":"sendFlightModeBody","$v":"Disattivare la modalità aereo per inviare messaggi."},{"$i":"sendFlightModeBtnOk","$v":"OK"},{"$i":"radioDisabledToDownloadTitle","$v":"Errore di download"},{"$i":"radioDisabledToDownloadBody","$v":"Disattivare la modalità aereo per scaricare allegati."},{"$i":"radioDisabledToDownloadBtnOk","$v":[{"t":"idOrVar","v":"sendFlightModeBtnOk"}]},{"$i":"downloadDefaultErrorTitle","$v":"Errore di download"},{"$i":"downloadDefaultErrorBody","$v":"Si è verificato un problema durante il download del messaggio. Riprovare."},{"$i":"downloadDefaultErrorBtnOk","$v":[{"t":"idOrVar","v":"sendDefaultErrorBtnOk"}]},{"$i":"fdnErrorTitle","$v":"Errore di invio"},{"$i":"needConnectWifiBody","$v":["Nessuna rete cellulare disponibile. Connettersi a una rete ",{"t":"idOrVar","v":"Wi-Fi"}," disponibile per inviare e ricevere messaggi."]},{"$i":"needConnectWifiTitle","$v":"Messaggio non inviato"},{"$i":"mmsChanelUsedBody","$v":"Invio di MMS in corso con sub non DDS. Attendere il completamento del processo di invio."},{"$i":"mmsChanelUsedTitle","$v":"Canale MMS utilizzato"},{"$i":"sms-counter-notice-label","$v":["Modifica di SMS ",{"t":"idOrVar","v":"number"}," in corso"]},{"$i":"fdnErrorBody","$v":{"few":"Numeri selezione fissa (FDN) attivi. Assicurarsi che il centro SMS e i seguenti destinatari siano nell'elenco FDN:","many":"Numeri selezione fissa (FDN) attivi. Assicurarsi che il centro SMS e i seguenti destinatari siano nell'elenco FDN:","one":"Numeri selezione fissa (FDN) attivi. Assicurarsi che il centro SMS e il seguente destinatario siano nell'elenco FDN:","other":"Numeri selezione fissa (FDN) attivi. Assicurarsi che il centro SMS e i seguenti destinatari siano nell'elenco FDN:","two":"Numeri selezione fissa (FDN) attivi. Assicurarsi che il centro SMS e i seguenti destinatari siano nell'elenco FDN:"},"$x":[{"t":"idOrVar","v":"plural"},"n"]},{"$i":"fdnErrorBtnOk","$v":"OK"},{"$i":"sendNoSignalErrorTitle","$v":"Errore di invio"},{"$i":"sendNoSignalErrorBody","$v":"Nessun segnale di rete mobile, riprovare."},{"$i":"sendNoSignalErrorBtnOk","$v":"OK"},{"$i":"sendNotFoundErrorTitle","$v":"Errore di invio"},{"$i":"sendNotFoundErrorBody","$v":"Il messaggio che si sta cercando non è più disponibile."},{"$i":"sendNotFoundErrorBtnOk","$v":"OK"},{"$i":"sendInvalidAddressErrorTitle","$v":"Errore di invio"},{"$i":"sendInvalidAddressErrorBody","$v":"Assicurarsi che il numero di cellulare a cui si invia sia valido."},{"$i":"sendInvalidAddressErrorBtnOk","$v":"OK"},{"$i":"simNotMatchedErrorTitle","$v":"Impossibile scaricare"},{"$i":"simNotMatchedErrorBody","$v":"Assicurarsi che la scheda SIM inserita sia quella usata per ricevere il messaggio."},{"$i":"simNotMatchedErrorBtnOk","$v":"OK"},{"$i":"netWorkErrorTitle","$v":"Errore di rete"},{"$i":"netWorkErrorBody","$v":"Errore di rete. Verificare la connessione di rete."},{"$i":"netWorkErrorBtnOk","$v":"OK"},{"$i":"deleted-sms","$v":"Questo messaggio è già stato eliminato."},{"$i":"view-attachment-image","$v":"Visualizza"},{"$i":"view-attachment-audio","$v":"Ascolta"},{"$i":"view-attachment-video","$v":"Visualizza"},{"$i":"view-attachment-other","$v":"Visualizza"},{"$i":"remove-attachment-image","$v":"Rimuovi immagine"},{"$i":"remove-attachment-audio","$v":"Rimuovi audio"},{"$i":"remove-attachment-video","$v":"Rimuovi video"},{"$i":"remove-attachment-other","$v":"Rimuovi allegato"},{"$i":"replace-attachment-image","$v":"Sostituisci immagine"},{"$i":"replace-attachment-audio","$v":"Sostituisci audio"},{"$i":"replace-attachment-video","$v":"Sostituisci video"},{"$i":"replace-attachment-other","$v":"Sostituisci allegato"},{"$i":"unsent-message-title","$v":"Messaggio non inviato"},{"$i":"unsent-message-description","$v":"Il messaggio precedente non è stato inviato. Modificare il messaggio non inviato o ignorarlo e continuare?"},{"$i":"unsent-message-option-edit","$v":"Modifica"},{"$i":"unsent-message-option-discard","$v":"Ignora"},{"$i":"message-options","$v":"Opzioni messaggio"},{"$i":"select-text","$v":"Seleziona testo"},{"$i":"mobile","$v":"Mobile"},{"$i":"home","$v":"Casa"},{"$i":"work","$v":"Lavoro"},{"$i":"personal","$v":"Personale"},{"$i":"faxHome","$v":"Fax casa"},{"$i":"faxOffice","$v":"Fax ufficio"},{"$i":"faxOther","$v":"Altro fax"},{"$i":"another","$v":"Altro"},{"$i":"other","$v":"Altro"},{"$i":"today","$v":"Oggi"},{"$i":"yesterday","$v":"Ieri"},{"$i":"incorrectDate","$v":"(data errata)"},{"$i":"addToExistingContact","$v":"Aggiungi a contatto esistente"},{"$i":"createNewContact","$v":"Crea nuovo contatto"},{"$i":"viewContact","$v":"Visualizza contatto"},{"$i":"sendEmail","$v":"Invia messaggio e-mail"},{"$i":"mms-message","$v":"Messaggio MMS"},{"$i":"notDownloaded-title","$v":"Messaggio non ancora scaricato."},{"$i":"tobedownloaded-attachment","$v":["È stato ricevuto un messaggio multimediale. Premere Scarica per recuperarne il contenuto prima del ",{"t":"idOrVar","v":"date"},"."]},{"$i":"expired-attachment","$v":["Spiacente, il messaggio è scaduto il ",{"t":"idOrVar","v":"date"}," ed è impossibile scaricarlo."]},{"$i":"download-attachment","$v":"Scarica"},{"$i":"downloading-attachment","$v":"Download in corso..."},{"$i":"download-complete","$v":"Download completato"},{"$i":"unnamed-attachment","$v":"senza titolo"},{"$i":"mms-label","$v":"MMS"},{"$i":"not-download-label","$v":"Hai ricevuto un messaggio multimediale, prima scaricalo per recuperarne il contenuto"},{"$i":"attachment-label","$v":"Allegato"},{"$i":"attached-files-too-large","$v":{"few":["Questi messaggi superano il limite di dimensioni di ",{"t":"idOrVar","v":"mmsSize"}," MB di un unico messaggio multimediale."],"many":["Questi messaggi superano il limite di dimensioni di ",{"t":"idOrVar","v":"mmsSize"}," MB di un unico messaggio multimediale."],"one":["Il messaggio supera il limite delle dimensioni di ",{"t":"idOrVar","v":"mmsSize"}," MB per un unico messaggio multimediale."],"other":["Questi messaggi superano il limite di dimensioni di ",{"t":"idOrVar","v":"mmsSize"}," MB di un unico messaggio multimediale."],"two":["Questi messaggi superano il limite di dimensioni di ",{"t":"idOrVar","v":"mmsSize"}," MB di un unico messaggio multimediale."],"zero":["Questi messaggi superano il limite di dimensioni di ",{"t":"idOrVar","v":"mmsSize"}," MB di un unico messaggio multimediale."]},"$x":[{"t":"idOrVar","v":"plural"},"n"]},{"$i":"resize-image","$v":"Ridimensionamento dell'immagine allegata in corso"},{"$i":"no-attachment-text","$v":"Si è verificato un problema con il file allegato ed è impossibile scaricarlo."},{"$i":"message-draft-saved","$v":"Messaggio salvato come bozza"},{"$i":"sim-id-label","$v":["SIM ",{"t":"idOrVar","v":"id"}]},{"$i":"sim-detail","$v":["SIM ",{"t":"idOrVar","v":"id"},", ",{"t":"idOrVar","v":"detailString"}]},{"$i":"dsds-notification-title-with-sim","$v":["(",{"t":"idOrVar","v":"sim"},") ",{"t":"idOrVar","v":"sender"}]},{"$i":"send-button","ariaLabel":"Invia"},{"$i":"send-button-sim-indication","$v":[{"t":"idOrVar","v":"n"}],"ariaLabel":["usando la SIM ",{"t":"idOrVar","v":"n"}]},{"$i":"expiry-date-format","$v":"%A, %b %e"},{"$i":"attach-button","ariaLabel":"Aggiungi allegato"},{"$i":"contact-photo","ariaLabel":"Foto contatto"},{"$i":"unread-thread","ariaLabel":"Da leggere"},{"$i":"has-draft","ariaLabel":"Ha una bozza"},{"$i":"is-draft","ariaLabel":"Bozza"},{"$i":"message-delivery-status-sending","$v":"Invio in corso..."},{"$i":"message-delivery-status-delivered","$v":"Consegnato"},{"$i":"message-delivery-status-read","ariaLabel":"Letto"},{"$i":"message-delivery-status-error","ariaLabel":"Errore"},{"$i":"modal-dialog-ok-button","$v":"OK"},{"$i":"modal-dialog-cancel-button","$v":"Annulla"},{"$i":"modal-dialog-default-title","$v":"Messaggi"},{"$i":"delete-message","$v":"Messaggio eliminato"},{"$i":"message-converted-to-toast","$v":["Messaggio convertito in ",{"t":"idOrVar","v":"type"}]},{"$i":"message-sent-toast","$v":"Messaggio inviato"},{"$i":"deleteMessage-confirmation2","$v":"Eliminare il thread di messaggi selezionato?"},{"$i":"deleted-message","$v":{"few":[{"t":"idOrVar","v":"n"}," messaggi eliminati"],"many":[{"t":"idOrVar","v":"n"}," messaggi eliminati"],"one":[{"t":"idOrVar","v":"n"}," messaggio eliminato"],"other":[{"t":"idOrVar","v":"n"}," messaggi eliminati"],"two":[{"t":"idOrVar","v":"n"}," messaggi eliminati"],"zero":"0 messaggi eliminati"},"$x":[{"t":"idOrVar","v":"plural"},"n"]},{"$i":"deleted-threads","$v":{"few":[{"t":"idOrVar","v":"n"}," thread di messaggi eliminati"],"many":[{"t":"idOrVar","v":"n"}," thread di messaggi eliminati"],"one":"Thread eliminato","other":[{"t":"idOrVar","v":"n"}," thread di messaggi eliminati"],"two":[{"t":"idOrVar","v":"n"}," thread di messaggi eliminati"],"zero":"0 thread eliminati"},"$x":[{"t":"idOrVar","v":"plural"},"n"]},{"$i":"wapPushMessages","$v":"Messaggi WAP Push"},{"$i":"auto-retrieve-messages","$v":"Recupera automaticamente messaggi"},{"$i":"auto-retrieve-messages-title","$v":"Recupera automaticamente messaggi"},{"$i":"auto-roaming-retrieve","$v":"On with roaming"},{"$i":"auto-no-roaming-retrieve","$v":"Attivo senza roaming"},{"$i":"mmsTitle","$v":"Messaggi multimediali (MMS)"},{"$i":"message-delivery-reports","$v":"Rapporti di consegna"},{"$i":"message-delivery-reports-title","$v":"Rapporti di consegna"},{"$i":"messageReport-title","$v":"Dettagli messaggio"},{"$i":"sms-label","$v":"SMS"},{"$i":"messaging-settings","$v":"Impostazioni messaggi"},{"$i":"messagingSettings-header","$v":[{"t":"idOrVar","v":"messaging-settings"}]},{"$i":"confirmation-title","$v":"Conferma"},{"$i":"draft-save-content","$v":"Salvare come bozza?"},{"$i":"draft-discard-content","$v":"Messaggio ignorato"},{"$i":"switch-on","$v":"Attivato"},{"$i":"switch-off","$v":"Disattivato"},{"$i":"auto-retrieve-desc","$v":"Recupera automaticamente i messaggi"},{"$i":"confirm-dialog-ok","$v":"OK"},{"$i":"yes","$v":"Sì"},{"$i":"no","$v":"No"},{"$i":"delete-current-thread?","$v":"Eliminare il thread di messaggi selezionato?"},{"$i":"attention","$v":"Attenzione"},{"$i":"delivery-title","$v":"Messaggi di testo (SMS)"},{"$i":"send-failed","$v":"Invio non riuscito."},{"$i":"subject-removed","$v":"Oggetto rimosso."},{"$i":"data-storage-limit-alert-title","$v":"Risorsa di archiviazione del telefono quasi esaurita"},{"$i":"data-storage-limit-send-body","$v":"Impossibile inviare l'MMS. Eliminare alcuni messaggi o accedere alle Impostazioni per liberare dello spazio."},{"$i":"data-storage-limit-download-body","$v":"Impossibile scaricare l'MMS. Eliminare alcuni messaggi o accedere alle Impostazioni per liberare dello spazio."},{"$i":"data-storage-limit-attachment-body","$v":"Impossibile aggiungere l'allegato. Eliminare il messaggio o accedere alle Impostazioni per liberare dello spazio."},{"$i":"data-storage-limit-alert-cancel","$v":"Annulla"},{"$i":"data-storage-limit-alert-setting","$v":"Impostazioni"},{"$i":"recipient-repeat","$v":"Duplicare il contatto."},{"$i":"email","$v":"Email"},{"$i":"options","$v":"Opzioni"},{"$i":"emergency-alert-title","$v":"Allarmi Pubblici"},{"$i":"emergency-alert","$v":"Allarmi Pubblici"},{"$i":"wappushNormal","$v":"WAP Push"},{"$i":"wappushSIM1","$v":"WAP Push - SIM 1"},{"$i":"wappushSIM2","$v":"WAP Push - SIM 2"},{"$i":"not-assigned","$v":"Non assegnato"},{"$i":"switchSIMDataSendAlertTitle","$v":"Impossibile inviare l’MMS."},{"$i":"switchSIMDataSendAlertBody","$v":["Per inviare MMS, è necessario modificare la scheda SIM per i dati impostando SIM ",{"t":"idOrVar","v":"nonActiveSimId"}," nelle impostazioni Gestore SIM."]},{"$i":"switchSIMDataSendAlertDesc","$v":"Aprire l’applicazione Impostazioni per aggiornare le impostazioni."},{"$i":"switchSIMDataReceiveAlertTitle","$v":"Impossibile ricevere l’MMS."},{"$i":"switchSIMDataReceiveAlertBody","$v":["Per ricevere MMS, è necessario modificare la scheda SIM per i dati impostando SIM ",{"t":"idOrVar","v":"nonActiveSimId"}," nelle impostazioni Gestore SIM."]},{"$i":"switchSIMDataReceiveAlertDesc","$v":"Aprire l’applicazione Impostazioni per aggiornare le impostazioni."},{"$i":"group-message","$v":"Messaggio di gruppo"},{"$i":"individual-message","$v":"Messaggio individuale"},{"$i":"group-message-alert-title","$v":"Messaggio di gruppo"},{"$i":"group-message-alert-body","$v":"Creare un messaggio di gruppo? (Il messaggio di gruppo verrà inviato tramite MMS e provocherà costi aggiuntivi addebitati dal provider wireless in base al piano tariffario.)"},{"$i":"group-message-individual","$v":"No"},{"$i":"group-message-setting","$v":"Crea"},{"$i":"new-message-individual","$v":"Nuovo messaggio (individuale)"},{"$i":"new-message-group","$v":"Nuovo messaggio (gruppo)"},{"$i":"device-phone-number","$v":"Numero di telefono personale"},{"$i":"group-message-phone","$v":"Messaggi di gruppo"},{"$i":"my-phone-number-SIM1","$v":"Numero di telefono personale - SIM 1"},{"$i":"my-phone-number-SIM2","$v":"Numero di telefono personale - SIM 2"},{"$i":"delivery-notification","$v":"Messaggio consegnato"},{"$i":"wait","$v":"in attesa"},{"$i":"isTextTooLongAlert","$v":"Lunghezza massima del messaggio superata."},{"$i":"video-call","$v":"Videochiamata"},{"$i":"normal-call","$v":"Chiama"},{"$i":"attachment","$v":"Allegato"},{"$i":"limit-MMS-recipients","$v":"È possibile inviare un MMS soltanto a 20 destinatari max."},{"$i":"block-contact","$v":"Blocca contatto"},{"$i":"blocked","$v":"Blocca"},{"$i":"unblocked","$v":"Sblocca"},{"$i":"rtt-call","$v":"Chiamata RTT"},{"$i":"remove-all-attachments","$v":"Rimuovi tutti gli allegati"},{"$i":"block-confirmation","$v":"Non si riceveranno chiamate né messaggi dalle persone nell’elenco di blocco."},{"$i":"space-low-not-save","$v":"La memoria è piena, impossibile salvare la bozza."},{"$i":"creation-mode-messages","$v":"Modalità di creazione"},{"$i":"creation-mode-restricted","$v":"Limitata"},{"$i":"creation-mode-warning","$v":"Attenzione"},{"$i":"creation-mode-free","$v":"Libera"},{"$i":"creationMode_restricted_title","$v":"limite modalità di creazione"},{"$i":"creationMode_restricted_alert","$v":"La modalità di creazione è limitata, non è possibile aggiungere l'allegato che non appartiene al dominio esclusivo dei contenuti multimediali."},{"$i":"creationMode_warning_title","$v":"avviso modalità di creazione"},{"$i":"creationMode_warning_alert","$v":"Aggiungere l'allegato che non appartiene al dominio esclusivo dei contenuti multimediali?"},{"$i":"withoutDataTitle","$v":"Nessuna connessione dati"},{"$i":"withoutDataBody","$v":"Per inviare o scaricare l'MMS, attivare la Connessione dati nelle Impostazioni"},{"$i":"withoutDataBtnOk","$v":"OK"},{"$i":"withoutDataBtnSettings","$v":"Impostazioni"},{"$i":"FTUTitle","$v":"Benvenuto in Messaggi."},{"$i":"FTUBody","$v":"È necessario fornire il proprio numero di telefono per utilizzare i messaggi di gruppo."},{"$i":"myNumber","$v":"Numero di telefono personale"},{"$i":"myNumber-SIM1","$v":"Numero di telefono personale - SIM 1"},{"$i":"myNumber-SIM2","$v":"Numero di telefono personale - SIM 2"},{"$i":"save-number","$v":"Salva"},{"$i":"input-alert-show","$v":"Questo è il tuo numero di telefono."},{"$i":"input-alert-reInput","$v":"È necessario fornire il proprio numero di telefono per utilizzare i messaggi di gruppo."},{"$i":"multiple-recipients-flag","$v":",..."},{"$i":"parent-control-text","$v":"Questo numero è bloccato. Puoi chiedere l'autorizzazione ai tuoi genitori."},{"$i":"groupNumberInputOne-placeholder","$v":"Numero di telefono personale - SIM 1"},{"$i":"groupNumberInputOne","$v":"Numero di telefono personale"},{"$i":"groupNumberInputTwo-placeholder","$v":"Numero di telefono personale - SIM 2"},{"$i":"groupNumberInputTwo","$v":"Numero di telefono personale"},{"$i":"custom-message-sent","$v":["Risposta a ",{"t":"idOrVar","v":"name"}]},{"$i":"colon","$v":":"},{"$i":"sms-encoding-mode","$v":"Codifica SMS"},{"$i":"sms-reduced-format","$v":"Format Tereduksi"},{"$i":"sms-full-format","$v":"Formato completo"},{"$i":"smscNormal","$v":"Centro servizi"},{"$i":"smscSIM1","$v":"Centro servizi SIM1"},{"$i":"smscSIM2","$v":"Centro servizi SIM2"},{"$i":"weekday-0-long","$v":"Domenica"},{"$i":"weekday-1-long","$v":"Lunedì"},{"$i":"weekday-2-long","$v":"Martedì"},{"$i":"weekday-3-long","$v":"Mercoledì"},{"$i":"weekday-4-long","$v":"Giovedì"},{"$i":"weekday-5-long","$v":"Venerdì"},{"$i":"weekday-6-long","$v":"Sabato"},{"$i":"weekday-0-short","$v":"Dom"},{"$i":"weekday-1-short","$v":"Lun"},{"$i":"weekday-2-short","$v":"Mar"},{"$i":"weekday-3-short","$v":"Mer"},{"$i":"weekday-4-short","$v":"Gio"},{"$i":"weekday-5-short","$v":"Ven"},{"$i":"weekday-6-short","$v":"Sab"},{"$i":"month-0-long","$v":"Gennaio"},{"$i":"month-1-long","$v":"Febbraio"},{"$i":"month-2-long","$v":"Marzo"},{"$i":"month-3-long","$v":"Aprile"},{"$i":"month-4-long","$v":"Mag"},{"$i":"month-5-long","$v":"Giugno"},{"$i":"month-6-long","$v":"Luglio"},{"$i":"month-7-long","$v":"Agosto"},{"$i":"month-8-long","$v":"Settembre"},{"$i":"month-9-long","$v":"Ottobre"},{"$i":"month-10-long","$v":"Novembre"},{"$i":"month-11-long","$v":"Dicembre"},{"$i":"month-0-genitive","$v":"Gennaio"},{"$i":"month-1-genitive","$v":"Febbraio"},{"$i":"month-2-genitive","$v":"Marzo"},{"$i":"month-3-genitive","$v":"Aprile"},{"$i":"month-4-genitive","$v":"Mag"},{"$i":"month-5-genitive","$v":"Giugno"},{"$i":"month-6-genitive","$v":"Luglio"},{"$i":"month-7-genitive","$v":"Agosto"},{"$i":"month-8-genitive","$v":"Settembre"},{"$i":"month-9-genitive","$v":"Ottobre"},{"$i":"month-10-genitive","$v":"Novembre"},{"$i":"month-11-genitive","$v":"Dicembre"},{"$i":"month-0-short","$v":"Gen"},{"$i":"month-1-short","$v":"Feb"},{"$i":"month-2-short","$v":"Mar"},{"$i":"month-3-short","$v":"Apr"},{"$i":"month-4-short","$v":"Mag"},{"$i":"month-5-short","$v":"Giu"},{"$i":"month-6-short","$v":"Lug"},{"$i":"month-7-short","$v":"Ago"},{"$i":"month-8-short","$v":"Set"},{"$i":"month-9-short","$v":"Ott"},{"$i":"month-10-short","$v":"Nov"},{"$i":"month-11-short","$v":"Dic"},{"$i":"minutes-ago-long","$v":{"few":[{"t":"idOrVar","v":"value"}," minuti fa"],"many":[{"t":"idOrVar","v":"value"}," minuti fa"],"other":[{"t":"idOrVar","v":"value"}," minuti fa"],"two":[{"t":"idOrVar","v":"value"}," minuti fa"],"one":"un minuto fa","zero":"Proprio adesso"},"$x":[{"t":"idOrVar","v":"plural"},"value"]},{"$i":"hours-ago-long","$v":{"few":[{"t":"idOrVar","v":"value"}," ore fa"],"many":[{"t":"idOrVar","v":"value"}," ore fa"],"other":[{"t":"idOrVar","v":"value"}," ore fa"],"two":[{"t":"idOrVar","v":"value"}," ore fa"],"one":"un'ora fa","zero":"Proprio adesso"},"$x":[{"t":"idOrVar","v":"plural"},"value"]},{"$i":"days-ago-long","$v":{"few":[{"t":"idOrVar","v":"value"}," giorni fa"],"many":[{"t":"idOrVar","v":"value"}," giorni fa"],"one":"ieri","other":[{"t":"idOrVar","v":"value"}," giorni fa"],"two":[{"t":"idOrVar","v":"value"}," giorni fa"],"zero":"oggi"},"$x":[{"t":"idOrVar","v":"plural"},"value"]},{"$i":"weeks-ago-long","$v":{"few":[{"t":"idOrVar","v":"value"}," settimane fa"],"many":[{"t":"idOrVar","v":"value"}," settimane fa"],"one":"una settimana fa","other":[{"t":"idOrVar","v":"value"}," settimane fa"],"two":[{"t":"idOrVar","v":"value"}," settimane fa"],"zero":"questa settimana"},"$x":[{"t":"idOrVar","v":"plural"},"value"]},{"$i":"months-ago-long","$v":{"few":[{"t":"idOrVar","v":"value"}," mesi fa"],"many":[{"t":"idOrVar","v":"value"}," mesi fa"],"one":"un mese fa","other":[{"t":"idOrVar","v":"value"}," mesi fa"],"two":[{"t":"idOrVar","v":"value"}," mesi fa"],"zero":"questo mese"},"$x":[{"t":"idOrVar","v":"plural"},"value"]},{"$i":"years-ago-long","$v":{"few":[{"t":"idOrVar","v":"value"}," anni fa"],"many":[{"t":"idOrVar","v":"value"}," anni fa"],"one":"un anno fa","other":[{"t":"idOrVar","v":"value"}," anni fa"],"two":[{"t":"idOrVar","v":"value"}," anni fa"],"zero":"quest'anno"},"$x":[{"t":"idOrVar","v":"plural"},"value"]},{"$i":"minutes-until-long","$v":{"few":["tra ",{"t":"idOrVar","v":"value"}," minuti"],"many":["tra ",{"t":"idOrVar","v":"value"}," minuti"],"other":["tra ",{"t":"idOrVar","v":"value"}," minuti"],"two":["tra ",{"t":"idOrVar","v":"value"}," minuti"],"zero":"ora","one":"tra un minuto"},"$x":[{"t":"idOrVar","v":"plural"},"value"]},{"$i":"hours-until-long","$v":{"few":["tra ",{"t":"idOrVar","v":"value"}," ore"],"many":["tra ",{"t":"idOrVar","v":"value"}," ore"],"other":["tra ",{"t":"idOrVar","v":"value"}," ore"],"two":["tra ",{"t":"idOrVar","v":"value"}," ore"],"zero":"ora","one":"tra un'ora"},"$x":[{"t":"idOrVar","v":"plural"},"value"]},{"$i":"days-until-long","$v":{"few":["tra ",{"t":"idOrVar","v":"value"}," giorni"],"many":["tra ",{"t":"idOrVar","v":"value"}," giorni"],"one":"domani","other":["tra ",{"t":"idOrVar","v":"value"}," giorni"],"two":["tra ",{"t":"idOrVar","v":"value"}," giorni"],"zero":"oggi"},"$x":[{"t":"idOrVar","v":"plural"},"value"]},{"$i":"weeks-until-long","$v":{"few":["tra ",{"t":"idOrVar","v":"value"}," settimane"],"many":["tra ",{"t":"idOrVar","v":"value"}," settimane"],"one":"tra una settimana","other":["tra ",{"t":"idOrVar","v":"value"}," settimane"],"two":["tra ",{"t":"idOrVar","v":"value"}," settimane"],"zero":"questa settimana"},"$x":[{"t":"idOrVar","v":"plural"},"value"]},{"$i":"months-until-long","$v":{"few":["tra ",{"t":"idOrVar","v":"value"}," mesi"],"many":["tra ",{"t":"idOrVar","v":"value"}," mesi"],"one":"tra un mese","other":["tra ",{"t":"idOrVar","v":"value"}," mesi"],"two":["tra ",{"t":"idOrVar","v":"value"}," mesi"],"zero":"questo mese"},"$x":[{"t":"idOrVar","v":"plural"},"value"]},{"$i":"years-until-long","$v":{"few":["tra ",{"t":"idOrVar","v":"value"}," anni"],"many":["tra ",{"t":"idOrVar","v":"value"}," anni"],"one":"tra un anno","other":["tra ",{"t":"idOrVar","v":"value"}," anni"],"two":["tra ",{"t":"idOrVar","v":"value"}," anni"],"zero":"quest'anno"},"$x":[{"t":"idOrVar","v":"plural"},"value"]},{"$i":"minutes-ago-short","$v":{"other":[{"t":"idOrVar","v":"value"}," m fa"],"zero":"Proprio adesso"},"$x":[{"t":"idOrVar","v":"plural"},"value"]},{"$i":"hours-ago-short","$v":{"other":[{"t":"idOrVar","v":"value"}," h fa"],"zero":"Proprio adesso"},"$x":[{"t":"idOrVar","v":"plural"},"value"]},{"$i":"days-ago-short","$v":{"other":[{"t":"idOrVar","v":"value"}," g fa"],"zero":"oggi"},"$x":[{"t":"idOrVar","v":"plural"},"value"]},{"$i":"minutes-until-short","$v":{"other":["tra ",{"t":"idOrVar","v":"value"}," m"],"zero":"ora"},"$x":[{"t":"idOrVar","v":"plural"},"value"]},{"$i":"hours-until-short","$v":{"other":["tra ",{"t":"idOrVar","v":"value"}," h"],"zero":"ora"},"$x":[{"t":"idOrVar","v":"plural"},"value"]},{"$i":"days-until-short","$v":{"other":["tra ",{"t":"idOrVar","v":"value"}," g"],"zero":"oggi"},"$x":[{"t":"idOrVar","v":"plural"},"value"]},{"$i":"dateTimeFormat_%c","$v":"%a %b %e %Y %I:%M:%S %p"},{"$i":"dateTimeFormat_%x","$v":"%m/%d/%Y"},{"$i":"dateTimeFormat_%X","$v":"%I:%M:%S %p"},{"$i":"shortTimeFormat","$v":"%I:%M %p"},{"$i":"shortTimeFormat12","$v":"%I:%M %p"},{"$i":"shortTimeFormat24","$v":"%H:%M"},{"$i":"shortDateTimeFormat","$v":"%x %I:%M %p"},{"$i":"weekStartsOnMonday","$v":"0.0"},{"$i":"firstDayOfTheWeek","$v":"1.0"},{"$i":"time_am","$v":"AM"},{"$i":"time_pm","$v":"PM"},{"$i":"softkey-options","$v":"Opzioni"},{"$i":"emergencyNumber","$v":"Numero di emergenza"},{"$i":"callAirplaneModeMessage","$v":"Per effettuare una chiamata, è necessario disattivare la modalità aereo nelle impostazioni."},{"$i":"callAirplaneModeBtnOk","$v":"OK"},{"$i":"callAirplaneModeTitle","$v":"Modalità aereo attivata"},{"$i":"numberIsBusyTitle","$v":"Numero occupato"},{"$i":"numberIsBusyMessage","$v":"Numero attualmente occupato. Riprovare più tardi."},{"$i":"fdnIsActiveTitle","$v":"Funzione FDN attivata"},{"$i":"fdnIsActiveMessage","$v":["Funzione Numeri selezione fissa (FDN) attivata. Il seguente numero non è nell'elenco FDN: ",{"t":"idOrVar","v":"number"}]},{"$i":"emergencyDialogBodyBadNumber","$v":"Per effettuare una chiamata, è necessario che il telefono sia connesso a una rete."},{"$i":"emergencyDialogBodyDeviceNotAccepted","$v":"Chiamate di emergenza non consentite dalla rete."},{"$i":"emergencyDialogBtnOk","$v":"OK"},{"$i":"emergencyDialogTitle","$v":"Nessuna connessione di rete"},{"$i":"invalidNumberToDialTitle","$v":"Numero di telefono non valido"},{"$i":"invalidNumberToDialMessage","$v":"Il numero di telefono che si sta chiamando non è valido."},{"$i":"unableToCallTitle","$v":"Impossibile effettuare una chiamata"},{"$i":"unableToCallMessage","$v":"Impossibile effettuare una chiamata ora."},{"$i":"otherConnectionInUseTitle","$v":"Altra connessione in uso"},{"$i":"otherConnectionInUseMessage","$v":"Chiamata attiva su un'altra connessione. È possibile usare una sola connessione alla volta."},{"$i":"connectingEllipsis","$v":"Connessione in corso..."}]