[{"$i":"messages","$v":"ຂໍ້ຄວາມ"},{"$i":"deleteMessages-title","$v":"ເລືອກ"},{"$i":"selectThreads-title","$v":"ເລືອກ"},{"$i":"edit","$v":"ແກ້ໄຂ"},{"$i":"back","$v":"ກັບຄືນ"},{"$i":"cancel","$v":"ຍົກເລີກ"},{"$i":"delete","$v":"ລຶບ"},{"$i":"deleting-messages","$v":"ກຳລັງລຶບ…"},{"$i":"deselect","$v":"ຍົກເລີກການເລືອກ"},{"$i":"selected-threads","$v":{"few":[{"t":"idOrVar","v":"n"}," ລາຍການທີ່ເລືອກ"],"many":[{"t":"idOrVar","v":"n"}," ລາຍການທີ່ເລືອກ"],"one":[{"t":"idOrVar","v":"n"}," ລາຍການທີ່ເລືອກ"],"other":[{"t":"idOrVar","v":"n"}," ລາຍການທີ່ເລືອກ"],"two":[{"t":"idOrVar","v":"n"}," ລາຍການທີ່ເລືອກ"],"zero":"0 ລາຍການທີ່ເລືອກ"},"$x":[{"t":"idOrVar","v":"plural"},"n"]},{"$i":"selected-messages","$v":{"few":[{"t":"idOrVar","v":"n"}," ລາຍການທີ່ເລືອກ"],"many":[{"t":"idOrVar","v":"n"}," ລາຍການທີ່ເລືອກ"],"one":[{"t":"idOrVar","v":"n"}," ລາຍການທີ່ເລືອກ"],"other":[{"t":"idOrVar","v":"n"}," ລາຍການທີ່ເລືອກ"],"two":[{"t":"idOrVar","v":"n"}," ລາຍການທີ່ເລືອກ"],"zero":"0 ລາຍການທີ່ເລືອກ"},"$x":[{"t":"idOrVar","v":"plural"},"n"]},{"$i":"selectThreads-label","$v":"ເລືອກກະທູ້"},{"$i":"selectMessages-label","$v":"ເລືອກຂໍ້ຄວາມ"},{"$i":"new-message","$v":"ຂໍ້ຄວາມໃໝ່"},{"$i":"delete-thread","$v":"ລຶບບົດສົນທະນາ"},{"$i":"create-new-contact","$v":"ສ້າງລາຍຊື່ຜູ່ຕິດຕໍ່ໃໝ່"},{"$i":"add-to-contact","$v":"ເພີ່ມເຂົ້າຊື່ຕິດຕໍ່ທີ່ມີຢູ່ແລ້ວ"},{"$i":"select-thread","$v":"ເລືອກກະທູ້"},{"$i":"settings","$v":"ການຕັ້ງຄ່າ"},{"$i":"select-all","$v":"ເລືອກທັງໝົດ"},{"$i":"deselect-all","$v":"ຍົກເລີກທັງໝົດທີ່ໄດ້ເລືອກໄວ້"},{"$i":"select","$v":"ເລືອກ"},{"$i":"sk-save-as-draft","$v":"ບັນທຶກເປັນຮ່າງ"},{"$i":"next","$v":"ຕໍ່ໄປ"},{"$i":"send","$v":"ສົ່ງ"},{"$i":"add-contact","$v":"ເພີ່ມຊື່ຕິດຕໍ່"},{"$i":"add-suggestion","$v":"ເລືອກ"},{"$i":"add-subject","$v":"ເພີ່ມຫົວເລື່ອງ"},{"$i":"remove-subject","$v":"ລຶບຂໍ້ມູນ"},{"$i":"add-attachment","$v":"ເພີ່ມໄຟລ໌ແນບ"},{"$i":"remove-attachment","$v":"ລຶບໄຟລ໌ແນບ"},{"$i":"replace-attachment","$v":"ແທນທີ່ໄຟລ໌ແນບ"},{"$i":"select-messages","$v":"ເລືອກຂໍ້ຄວາມ"},{"$i":"call","$v":"ການໂທ"},{"$i":"forward","$v":"ສົ່ງຕໍ່"},{"$i":"view-message-report","$v":"ເບິ່ງລາຍລະອຽດຂອງຂໍ້ຄວາມ"},{"$i":"cancel-view-report","$v":"ຍົກເລີກ"},{"$i":"ok","$v":"ຕົກລົງ"},{"$i":"enter","$v":"ໃສ່ຂໍ້ມູນ"},{"$i":"open","$v":"ເປີດ"},{"$i":"to","$v":"ເຖິງ"},{"$i":"new","$v":"ໃໝ່"},{"$i":"message","$v":"ຂໍ້ຄວາມ"},{"$i":"messagesInput_placeholder","$v":"ຂໍ້ຄວາມ"},{"$i":"messagesSubjectInput_placeholder","$v":"ຫົວຂໍ້"},{"$i":"subjectComposerInput_placeholder","$v":"ຫົວຂໍ້"},{"$i":"converted-to-mms","$v":"ການປ່ຽນເປັນຂໍ້ຄວາມມັນຕີ ມີເດຍ."},{"$i":"converted-to-sms","$v":"ກຳລັງປ່ຽນເປັນຂໍ້ຄວາມ."},{"$i":"messages-max-length-text","$v":"ທ່ານໄດ້ບັນລຸຄວາມຍາວສູງ ສຸດ."},{"$i":"messages-max-subject-length-text","$v":"ຄວາມຍາວເຖິງຈຸດສູງສຸດ ແລ້ວ."},{"$i":"multimedia-message-exceeded-max-length","$v":["ຂໍ້ຄວາມນີ້ເກີນຂະໜາດຈຳກັດ ",{"t":"idOrVar","v":"mmsSize"}," MB ຂອງຂໍ້ຄວາມມັນຕິມີເດຍດ່ຽວ."]},{"$i":"newMessage","$v":"ຂໍ້ຄວາມໃໝ່"},{"$i":"sendMessage","$v":"ສົ່ງ​ຂໍ້​ຄວາມ"},{"$i":"sendMMSToEmail","$v":"ສົ່ງຂໍ້ຄວາມມັນຕິມີເດຍ"},{"$i":"no-recipient","$v":"(ບໍ່ມີຜູ່ຮັບ)"},{"$i":"recipient","$v":{"few":[{"t":"idOrVar","v":"n"}," ຜູ່ຮັບ"],"many":[{"t":"idOrVar","v":"n"}," ຜູ່ຮັບ"],"one":[{"t":"idOrVar","v":"n"}," ຜູ່ຮັບ"],"other":[{"t":"idOrVar","v":"n"}," ຜູ່ຮັບ"],"two":[{"t":"idOrVar","v":"n"}," ຜູ່ຮັບ"]},"$x":[{"t":"idOrVar","v":"plural"},"n"]},{"$i":"attachmentSizeB","$v":[{"t":"idOrVar","v":"n"}," B"]},{"$i":"attachmentSizeKB","$v":[{"t":"idOrVar","v":"n"}," KB"]},{"$i":"attachmentSizeMB","$v":[{"t":"idOrVar","v":"n"}," MB"]},{"$i":"attachmentOpenError","$v":"ບໍ່ມີໂປແກຼມ ເພື່ອເປີດປະເພດໄຟລ໌ນີ້ໄດ້."},{"$i":"attachmentNotFile","$v":"ບໍ່ພົບເອກະສານນີ້."},{"$i":"remove","$v":"ລຶບອອກ"},{"$i":"participant","$v":{"few":[{"t":"idOrVar","v":"n"}," ຜູ່ເຂົ້າຮ່ວມ"],"many":[{"t":"idOrVar","v":"n"}," ຜູ່ເຂົ້າຮ່ວມ"],"one":[{"t":"idOrVar","v":"n"}," ຜູ່ເຂົ້າຮ່ວມ"],"other":[{"t":"idOrVar","v":"n"}," ຜູ່ເຂົ້າຮ່ວມ"],"two":[{"t":"idOrVar","v":"n"}," ຜູ່ເຂົ້າຮ່ວມ"]},"$x":[{"t":"idOrVar","v":"plural"},"n"]},{"$i":"message-report","$v":"ລາຍງານຂໍ້ຄວາມ"},{"$i":"message-type-sms","$v":"ຂຽນຂໍ້ຄວາມ (SMS)"},{"$i":"message-type-mms","$v":"ຂໍ້ຄວາມມັນຕີມີເດຍ(MMS)"},{"$i":"sms-report-description","$v":["ຂໍ້ຄວາມຂໍ້ຄວາມຂອງທ່ານ (SMS), ຖືກສົ່ງໄປທີ່ ",{"t":"idOrVar","v":"datetime"}]},{"$i":"mms-report-description","$v":["ຂໍ້ຄວາມມັນຕິມີເດຍຂອງທ່ານ (MMS), ເລື່ອງ ",{"t":"idOrVar","v":"subject"},", ຖືກສົ່ງໄປທີ່ ",{"t":"idOrVar","v":"datetime"}]},{"$i":"mms-no-subject-report-description","$v":["ຂໍ້ຄວາມມັນຕິມີເດຍຂອງທ່ານ (MMS), ຖືກສົ່ງໄປທີ່",{"t":"idOrVar","v":"datetime"}]},{"$i":"message-subject","$v":"ຫົວເລື່ອງ:"},{"$i":"report-status-error","$v":"ບໍ່ສາມາດສົ່ງຂໍ້ຄວາມໄດ້"},{"$i":"report-status-not-downloaded","$v":"ຍັງບໍ່ມີການດາວໂຫຼດແລ້ວ"},{"$i":"report-status-delivered","$v":"ໄດ້ນຳສົ່ງສຳເລັດ:"},{"$i":"report-status-read","$v":"ກະລຸນາອ່ານເບິ່ງ:"},{"$i":"report-status-pending","$v":"ໄດ້ສົ່ງຄໍາຂໍລາຍງານແລ້ວ"},{"$i":"report-status-rejected","$v":"ປະຕິເສດຂໍ້ຄວາມ"},{"$i":"message-size-was","$v":"ຂະໜາດຂໍ້ຄວາມ:"},{"$i":"report-to-title","$v":"ເຖິງ"},{"$i":"report-from-title","$v":"ຈາກ"},{"$i":"message-sent","$v":"ສົ່ງ:"},{"$i":"message-sending","$v":[{"t":"idOrVar","v":"message-delivery-status-sending"}]},{"$i":"message-received","$v":"ໄດ້ຮັບແລ້ວ:"},{"$i":"message-via","$v":"ຜ່ານທາງ:"},{"$i":"message-resend","$v":"ສົ່ງໃໝ່"},{"$i":"search","$v":"ຄົ້ນຫາ"},{"$i":"unknown-contact-title","$v":"ລາຍຊື່ທີ່ບໍ່ຮູ້ຈັກ"},{"$i":"phone-type-separator","$v":", "},{"$i":"phone-carrier-separator","$v":" "},{"$i":"thread-participant-separator","$v":", "},{"$i":"replace-draft","$v":"ແທນທີ່ Draft ທີ່ມີຢູ່"},{"$i":"save-as-draft","$v":"ບັນທຶກໄວ້"},{"$i":"discard-message","$v":"ບົກເລີກ"},{"$i":"discard-sms","$v":"ທ່ານໝັ້ນໃຈຫຼືບໍ່ວ່າທ່ານຕ້ອງ ການຍົກເລີກຂໍ້ຄວາມນີ້?"},{"$i":"discard-new-message","$v":"ຕ້ອງການຍົກເລີກຂໍ້ຄວາມ ທີ່ທ່ານໄດ້ຂຽນໄວ້ ແລ້ວເປີດຂໍ້ຄວາມໃໝ່ບໍ່?"},{"$i":"resend-confirmation","$v":"ຂໍ້ຄວາມບໍ່ສາມາດສົ່ງໄດ້. ລອງໃໝ່ບໍ?"},{"$i":"resend-message","$v":"ສົ່ງຂໍ້ຄວາມນີ້ໃໝ່"},{"$i":"deleteMessage-confirmation","$v":"ໃຫ້ລຶບຂໍ້ຄວມນີ້ບໍ່?"},{"$i":"deleteMessages-confirmation","$v":"ລຶບຂໍ້ຄວາມທີ່ເລືອກບໍ?"},{"$i":"deleteThreads-confirmation2","$v":{"one":"ໃຫ້ລຶບຂໍ້ຄວາມສົນທະນານີ້ບໍ່?","other":"ໃຫ້ລຶບຂໍ້ຄວາມ ໃນບັນດາບົດສົນທະນານີ້ບໍ່?"},"$x":[{"t":"idOrVar","v":"plural"},"n"]},{"$i":"new-message-notice-text","$v":"ຂໍ້ຄວາມໃໝ່ຈາກ"},{"$i":"new-message-notice-a-text","$v":"ກະລຸນາອ່ານເບິ່ງຄືນ"},{"$i":"noMessages-title","$v":"ບໍ່ມີຂໍ້ຄວາມ"},{"$i":"noMessages-text","$v":"ກົດ ໃໝ່ ເພື່ອເລີ່ມຕົ້ນການຕິດຕໍ່."},{"$i":"sendDefaultErrorTitle","$v":"ສົ່ງຄວາມລົ້ມເຫລວ"},{"$i":"sendDefaultErrorBody","$v":"ມີບັນຫາໃນການສົ່ງຂໍ້ ຄວາມ. ກະລຸນາລອງອີກຄັ້ງ"},{"$i":"sendDefaultErrorBtnOk","$v":"ຕົກລົງ"},{"$i":"sendMissingSimCardTitle","$v":"ສົ່ງຄວາມລົ້ມເຫລວ"},{"$i":"sendMissingSimCardBody","$v":"ໃສ່ເບີຊິມທີ່ຖືກຕ້ອງ ເພື່ອດຳເນີນການຕໍ່."},{"$i":"sendMissingSimCardBtnOk","$v":"ຕົກລົງ"},{"$i":"sendFlightModeTitle","$v":"ສົ່ງຄວາມລົ້ມເຫລວ"},{"$i":"sendFlightModeBody","$v":"ປິດໂໝດເຄື່ອງບິນເພື່ອສົ່ງຂໍ້ຄວາມ."},{"$i":"sendFlightModeBtnOk","$v":"ຕົກລົງ"},{"$i":"radioDisabledToDownloadTitle","$v":"Download Failure"},{"$i":"radioDisabledToDownloadBody","$v":"ປິດໂໝດເຄື່ອງບິນເພື່ອດາວໂຫຼດ ໄຟລ໌ແນບ."},{"$i":"radioDisabledToDownloadBtnOk","$v":[{"t":"idOrVar","v":"sendFlightModeBtnOk"}]},{"$i":"downloadDefaultErrorTitle","$v":"Download Failure"},{"$i":"downloadDefaultErrorBody","$v":"ມີບັນຫາການດາວໂຫລດຂໍ້ຄວາມ. ກະລຸນາລອງອີກຄັ້ງ."},{"$i":"downloadDefaultErrorBtnOk","$v":[{"t":"idOrVar","v":"sendDefaultErrorBtnOk"}]},{"$i":"fdnErrorTitle","$v":"ສົ່ງຄວາມລົ້ມເຫລວ"},{"$i":"needConnectWifiBody","$v":["ບໍ່ສາມາດໃຊ້ເຄືອຂ່າຍມືຖືໄດ້. ກະລຸນາເຊື່ອມຕໍ່ຫາເຄືອຂ່າຍ ",{"t":"idOrVar","v":"Wi-Fi"}," ທີ່ສາມາດໃຊ້ໄດ້ເພື່ອຮັບສົ່ງຂໍ້ຄວາມ."]},{"$i":"needConnectWifiTitle","$v":"ບໍ່ໄດ້ສົ່ງຂໍ້ຄວາມ"},{"$i":"mmsChanelUsedBody","$v":"ມີການສົ່ງ MMS ໂດຍບໍ່ແມ່ນ DDS, ກະລຸນາລໍຖ້າໃຫ້ຂັ້ນຕອນການສົ່ງສຳເລັດສົມບູນ."},{"$i":"mmsChanelUsedTitle","$v":"ນຳໃຊ້ຊ່ອງທາງ MMS"},{"$i":"sms-counter-notice-label","$v":["ການແກ້ໄຂຂໍ້ຄວາມສັ້ນ ",{"t":"idOrVar","v":"number"}]},{"$i":"fdnErrorBody","$v":{"few":"FDN (ເລກໝາຍໂທລະສັບຄົງທີ່) ຖືກເປີດໃຊ້ງານແລ້ວ. ກວດເບິ່ງວ່າສູນ SMS ແລະ ຜູ້ຮັບຕໍ່ໄປນີ້ຢູ່ໃນລາຍການ FDN ຂອງທ່ານຫຼືບໍ່.","many":"FDN (ເລກໝາຍໂທລະສັບຄົງທີ່) ຖືກເປີດໃຊ້ງານແລ້ວ. ກວດເບິ່ງວ່າສູນ SMS ແລະ ຜູ້ຮັບຕໍ່ໄປນີ້ຢູ່ໃນລາຍການ FDN ຂອງທ່ານຫຼືບໍ່.","one":"FDN (ເລກໝາຍໂທລະສັບຄົງທີ່) ຖືກເປີດໃຊ້ງານແລ້ວ. ກວດເບິ່ງວ່າສູນ SMS ແລະ ຜູ້ຮັບຕໍ່ໄປນີ້ຢູ່ໃນລາຍການ FDN ຂອງທ່ານຫຼືບໍ່.","other":"FDN (ເລກໝາຍໂທລະສັບຄົງທີ່) ຖືກເປີດໃຊ້ງານແລ້ວ. ກວດເບິ່ງວ່າສູນ SMS ແລະ ຜູ້ຮັບຕໍ່ໄປນີ້ຢູ່ໃນລາຍການ FDN ຂອງທ່ານຫຼືບໍ່.","two":"FDN (ເລກໝາຍໂທລະສັບຄົງທີ່) ຖືກເປີດໃຊ້ງານແລ້ວ. ກວດເບິ່ງວ່າສູນ SMS ແລະ ຜູ້ຮັບຕໍ່ໄປນີ້ຢູ່ໃນລາຍການ FDN ຂອງທ່ານຫຼືບໍ່."},"$x":[{"t":"idOrVar","v":"plural"},"n"]},{"$i":"fdnErrorBtnOk","$v":"ຕົກລົງ"},{"$i":"sendNoSignalErrorTitle","$v":"ສົ່ງຄວາມລົ້ມເຫລວ"},{"$i":"sendNoSignalErrorBody","$v":"ບໍ່ມີສັນຍານມືຖື, ກະລຸນາລອງ ໃໝ່ ອີກຄັ້ງ."},{"$i":"sendNoSignalErrorBtnOk","$v":"ຕົກລົງ"},{"$i":"sendNotFoundErrorTitle","$v":"ສົ່ງຄວາມລົ້ມເຫລວ"},{"$i":"sendNotFoundErrorBody","$v":"ຂໍ້ຄວາມທີ່ທ່ານກຳລັງຊອກ ຫາບໍ່ມີແລ້ວ."},{"$i":"sendNotFoundErrorBtnOk","$v":"ຕົກລົງ"},{"$i":"sendInvalidAddressErrorTitle","$v":"ສົ່ງຄວາມລົ້ມເຫລວ"},{"$i":"sendInvalidAddressErrorBody","$v":"ຈົ່ງກວດສອບເບິ່ງວ່າໝາຍ ເລກໂທລະສັບມືຖືທີ່ທ່ານ ສົ່ງອອກນັ້ນຖືກຕ້ອງຫຼືບໍ່."},{"$i":"sendInvalidAddressErrorBtnOk","$v":"ຕົກລົງ"},{"$i":"simNotMatchedErrorTitle","$v":"ບໍ່ສາມາດດາວໂຫຼດຂໍ້ມູນໄດ້"},{"$i":"simNotMatchedErrorBody","$v":"ກະລຸນາກວດກາໃຫ້ແນ່ໃຈ ວ່າ ຊິມໂທລະສັບທີ່ໃສ່ ແມ່ນຊິມທີ່ເຄີຍໄດ້ຮັບ ຂໍ້ຄວາມນີ້."},{"$i":"simNotMatchedErrorBtnOk","$v":"ຕົກລົງ"},{"$i":"netWorkErrorTitle","$v":"ເຄືອຂ່າຍລົ້ມເຫຼວ"},{"$i":"netWorkErrorBody","$v":"ເຄືອຂ່າຍຜິດພາດ. ກະລຸນາກວດເບິ່ງການເຊື່ອມຕໍ່ເຄືອຂ່າຍຂອງທ່ານ."},{"$i":"netWorkErrorBtnOk","$v":"ຕົກລົງ"},{"$i":"deleted-sms","$v":"ຂໍ້ຄວາມນີ້ໄດ້ຖືກລົບແລ້ວ."},{"$i":"view-attachment-image","$v":"ເບິ່ງ"},{"$i":"view-attachment-audio","$v":"ຟັງ"},{"$i":"view-attachment-video","$v":"ເບິ່ງ"},{"$i":"view-attachment-other","$v":"ເບິ່ງ"},{"$i":"remove-attachment-image","$v":"ລຶບຮູບພາບ"},{"$i":"remove-attachment-audio","$v":"ລຶບສຽງ"},{"$i":"remove-attachment-video","$v":"ລຶບວີດີໂອ"},{"$i":"remove-attachment-other","$v":"ລຶບໄຟລ໌ແນບ"},{"$i":"replace-attachment-image","$v":"ແທນທີ່ຮູບພາບ"},{"$i":"replace-attachment-audio","$v":"ປ່ຽນເຄື່ອງສຽງໃໝ່"},{"$i":"replace-attachment-video","$v":"ແທນທີ່ວີດີໂອ"},{"$i":"replace-attachment-other","$v":"ແທນທີ່ໄຟລ໌ແນບ"},{"$i":"unsent-message-title","$v":"ຂໍ້ຄວາມທີ່ບໍ່ທັນໄດ້ສົ່ງ"},{"$i":"unsent-message-description","$v":"ຂໍ້ຄວາມກ່ອນໜ້ານີ້ຂອງ ທ່ານບໍ່ໄດ້ຖືກສົ່ງ. ທ່ານຕ້ອງການແກ້ໄຂຂໍ້ ຄວາມທີ່ຍັງບໍ່ທັນສົ່ງ ຫຼື ຍົກເລີກ ແລະ ສືບຕໍ່ບໍ່?"},{"$i":"unsent-message-option-edit","$v":"ແກ້ໄຂ"},{"$i":"unsent-message-option-discard","$v":"ບົກເລີກ"},{"$i":"message-options","$v":"ຕົວເລືອກຂໍ້ຄວາມ"},{"$i":"select-text","$v":"ເລືອກຂໍ້ຄວາມ"},{"$i":"mobile","$v":"ມືຖື"},{"$i":"home","$v":"ບ້ານ"},{"$i":"work","$v":"ວຽກງານ"},{"$i":"personal","$v":"ຄວາມເປັນສ່ວນຕົວ"},{"$i":"faxHome","$v":"ໂທລະສານບ້ານ"},{"$i":"faxOffice","$v":"ໂທລະຫານຫ້ອງການ"},{"$i":"faxOther","$v":"ໂທລະສານອື່ນໆ"},{"$i":"another","$v":"ອື່ນໆ"},{"$i":"other","$v":"ອື່ນ"},{"$i":"today","$v":"ມື້ນີ້"},{"$i":"yesterday","$v":"ມື້ວານ"},{"$i":"incorrectDate","$v":"(ວັນທີບໍ່ຖືກຕ້ອງ)"},{"$i":"addToExistingContact","$v":"ເພີ່ມເຂົ້າຊື່ຕິດຕໍ່ທີ່ມີຢູ່ແລ້ວ"},{"$i":"createNewContact","$v":"ສ້າງລາຍຊື່ຜູ່ຕິດຕໍ່ໃໝ່"},{"$i":"viewContact","$v":"ເບິ່ງຜູ່ຕິດຕໍ່"},{"$i":"sendEmail","$v":"ສົ່ງອີເມວ"},{"$i":"mms-message","$v":"ຂໍ້ຄວາມ MMS"},{"$i":"notDownloaded-title","$v":"ຍັງບໍ່ໄດ້ດາວໂຫຼດຂໍ້ຄວາມ."},{"$i":"tobedownloaded-attachment","$v":["ທ່ານໄດ້ຮັບຂໍ້ຄວາມມັນຕິ ມີເດຍ, ແລ້ວກົດດາວໂຫລດ ເພື່ອດຶງເອົາເນື້ອຫາຂອງມັນ ກ່ອນ ",{"t":"idOrVar","v":"date"},"."]},{"$i":"expired-attachment","$v":["ຂໍອະໄພ, ຂໍ້ຄວາມໝົດກຳນົດ ",{"t":"idOrVar","v":"date"}," ແລະບໍ່ສາມາດດາວໂຫຼດໄດ້."]},{"$i":"download-attachment","$v":"ດາວໂຫຼດ"},{"$i":"downloading-attachment","$v":"ກຳລັງດາວໂຫຼດ…"},{"$i":"download-complete","$v":"ສຳເລັດການດາວໂຫຼດ"},{"$i":"unnamed-attachment","$v":"ຍັງບໍ່ໄດ້ຕັ້ງຊື່ແລ້ວ"},{"$i":"mms-label","$v":"MMS"},{"$i":"not-download-label","$v":"ທ່ານໄດ້ຮັບຂໍ້ຄວາມ MMS, ກະລຸນາດາວໂຫຼດເພື່ອດຶງເນື້ອຫາຂອງມັນກ່ອນ          "},{"$i":"attachment-label","$v":"ການແນບໄຟລ໌"},{"$i":"attached-files-too-large","$v":{"few":["ຂໍ້ຄວາມເຫຼົ່ານີ້ໄດ້ເກີນຂະໜາດຈຳກັດ ",{"t":"idOrVar","v":"mmsSize"}," MB ຂອງຂະໜາດຂໍ້ຄວາມມັນຕິມີເດຍດ່ຽວ."],"many":["ຂໍ້ຄວາມເຫຼົ່ານີ້ໄດ້ເກີນຂະໜາດຈຳກັດ ",{"t":"idOrVar","v":"mmsSize"}," MB ຂອງຂະໜາດຂໍ້ຄວາມມັນຕິມີເດຍດ່ຽວ."],"one":["ຂໍ້ຄວາມນີ້ເກີນຂະໜາດຈຳກັດ ",{"t":"idOrVar","v":"mmsSize"}," MB ຂອງຂໍ້ຄວາມມັນຕິມີເດຍດ່ຽວ."],"other":["ຂໍ້ຄວາມເຫຼົ່ານີ້ໄດ້ເກີນຂະໜາດຈຳກັດ ",{"t":"idOrVar","v":"mmsSize"}," MB ຂອງຂະໜາດຂໍ້ຄວາມມັນຕິມີເດຍດ່ຽວ."],"two":["ຂໍ້ຄວາມເຫຼົ່ານີ້ໄດ້ເກີນຂະໜາດຈຳກັດ ",{"t":"idOrVar","v":"mmsSize"}," MB ຂອງຂະໜາດຂໍ້ຄວາມມັນຕິມີເດຍດ່ຽວ."],"zero":["ຂໍ້ຄວາມເຫຼົ່ານີ້ໄດ້ເກີນຂະໜາດຈຳກັດ ",{"t":"idOrVar","v":"mmsSize"}," MB ຂອງຂະໜາດຂໍ້ຄວາມມັນຕິມີເດຍດ່ຽວ."]},"$x":[{"t":"idOrVar","v":"plural"},"n"]},{"$i":"resize-image","$v":"ປັບຂະໜາດຮູບທີ່ແນບມາ"},{"$i":"no-attachment-text","$v":"ມີບັນຫາກັບໄຟລ໌ທີ່ຄັດຕິດມາ ແລະມັນບໍ່ສາມາດດາວໂຫຼດໄດ້."},{"$i":"message-draft-saved","$v":"ຂໍ້ຄວາມບັນທຶກເປັນຮ່າງ"},{"$i":"sim-id-label","$v":["SIM ",{"t":"idOrVar","v":"id"}]},{"$i":"sim-detail","$v":["SIM ",{"t":"idOrVar","v":"id"},", ",{"t":"idOrVar","v":"detailString"}]},{"$i":"dsds-notification-title-with-sim","$v":["(",{"t":"idOrVar","v":"sim"},") ",{"t":"idOrVar","v":"sender"}]},{"$i":"send-button","ariaLabel":"ສົ່ງ"},{"$i":"send-button-sim-indication","$v":[{"t":"idOrVar","v":"n"}],"ariaLabel":["ການໃຊ້ SIM ",{"t":"idOrVar","v":"n"}]},{"$i":"expiry-date-format","$v":"%A, %b %e"},{"$i":"attach-button","ariaLabel":"ເພີ່ມໄຟລ໌ແນບ"},{"$i":"contact-photo","ariaLabel":"ຮູບພາບຜູ່ຕິດຕໍ່"},{"$i":"unread-thread","ariaLabel":"ບໍ່ໄດ້ອ່ານ"},{"$i":"has-draft","ariaLabel":"ມີແບບຮ່າງ"},{"$i":"is-draft","ariaLabel":"ຮ່າງ"},{"$i":"message-delivery-status-sending","$v":"ກຳລັງສົ່ງ…"},{"$i":"message-delivery-status-delivered","$v":"ໄດ້ນຳສົ່ງສຳເລັດແລ້ວ"},{"$i":"message-delivery-status-read","ariaLabel":"ອ່ານ"},{"$i":"message-delivery-status-error","ariaLabel":"ຕິດຂັດ"},{"$i":"modal-dialog-ok-button","$v":"ຕົກລົງ"},{"$i":"modal-dialog-cancel-button","$v":"ຍົກເລີກ"},{"$i":"modal-dialog-default-title","$v":"ຂໍ້ຄວາມ"},{"$i":"delete-message","$v":"ຂໍ້ຄວາມຖືກລຶບແລ້ວ"},{"$i":"message-converted-to-toast","$v":["ປ່ຽນຂໍ້ຄວາມໄປຫາ ",{"t":"idOrVar","v":"type"}]},{"$i":"message-sent-toast","$v":"ສົ່ງຂໍ້ຄວາມແລ້ວ"},{"$i":"deleteMessage-confirmation2","$v":"ໃຫ້ລຶບຂໍ້ຄວາມສົນທະນານີ້ບໍ່?"},{"$i":"deleted-message","$v":{"few":[{"t":"idOrVar","v":"n"}," ຂໍ້ຄວາມໄດ້ຖືກລຶບແລ້ວ"],"many":[{"t":"idOrVar","v":"n"}," ຂໍ້ຄວາມໄດ້ຖືກລຶບແລ້ວ"],"one":[{"t":"idOrVar","v":"n"}," ຂໍ້ຄວາມໄດ້ຖືກລຶບແລ້ວ"],"other":[{"t":"idOrVar","v":"n"}," ຂໍ້ຄວາມໄດ້ຖືກລຶບແລ້ວ"],"two":[{"t":"idOrVar","v":"n"}," ຂໍ້ຄວາມໄດ້ຖືກລຶບແລ້ວ"],"zero":"0 ຂໍ້ຄວາມໄດ້ຖືກລຶບ"},"$x":[{"t":"idOrVar","v":"plural"},"n"]},{"$i":"deleted-threads","$v":{"few":[{"t":"idOrVar","v":"n"}," ຂໍ້ຄວາມໄດ້ຖືກລຶບແລ້ວ"],"many":[{"t":"idOrVar","v":"n"}," ຂໍ້ຄວາມໄດ້ຖືກລຶບແລ້ວ"],"one":"ກະທູ້ຖືກລົບແລ້ວ","other":[{"t":"idOrVar","v":"n"}," ຂໍ້ຄວາມໄດ້ຖືກລຶບແລ້ວ"],"two":[{"t":"idOrVar","v":"n"}," ຂໍ້ຄວາມໄດ້ຖືກລຶບແລ້ວ"],"zero":"0 ລາຍການທີ່ຖືກລຶບ"},"$x":[{"t":"idOrVar","v":"plural"},"n"]},{"$i":"wapPushMessages","$v":"ຂໍ້ຄວາມ WAP Push"},{"$i":"auto-retrieve-messages","$v":"ຮຽກຄືນຂໍ້ຄວາມອັດຕະໂນມັດ"},{"$i":"auto-retrieve-messages-title","$v":"ຮຽກຄືນຂໍ້ຄວາມອັດຕະໂນມັດ"},{"$i":"auto-roaming-retrieve","$v":"ເປີດໂດຍມີການໂຣມມິງ"},{"$i":"auto-no-roaming-retrieve","$v":"ເປີດໂດຍບໍ່ມີການໂຣມມິງ"},{"$i":"mmsTitle","$v":"ການສ້າງຂໍ້ຄວາມມັນຕີ ມີເດຍ(MMS)"},{"$i":"message-delivery-reports","$v":"ລາຍ​ງານ​ການ​ສົ່ງ"},{"$i":"message-delivery-reports-title","$v":"ລາຍງານການສົ່ງ"},{"$i":"messageReport-title","$v":"ລາຍລະອຽດຂໍ້ຄວາມ"},{"$i":"sms-label","$v":"SMS"},{"$i":"messaging-settings","$v":"ການຕັ້ງຄ່າການສົ່ງຂໍ້ຄວາມ"},{"$i":"messagingSettings-header","$v":[{"t":"idOrVar","v":"messaging-settings"}]},{"$i":"confirmation-title","$v":"ຢືນຢັນ"},{"$i":"draft-save-content","$v":"ບັນທຶກ ເປັນຮ່າງ ຫຼືບໍ່?"},{"$i":"draft-discard-content","$v":"ຂໍ້ຄວາມໄດ້ຖືກຍົກເລີກແລ້ວ"},{"$i":"switch-on","$v":"ເປີດ"},{"$i":"switch-off","$v":"ປິດ"},{"$i":"auto-retrieve-desc","$v":"ນຳເຂົ້າຂໍ້ຄວາມແບບອັດຕະ ໂນມັດ"},{"$i":"confirm-dialog-ok","$v":"ຕົກລົງ"},{"$i":"yes","$v":"ແມ່ນແລ້ວ"},{"$i":"no","$v":"ບໍ່"},{"$i":"delete-current-thread?","$v":"ໃຫ້ລຶບຂໍ້ຄວາມສົນທະນານີ້ບໍ່?"},{"$i":"attention","$v":"ເອົາໃຈໃສ່"},{"$i":"delivery-title","$v":"ພິມຂໍ້ຄວາມ (SMS)"},{"$i":"send-failed","$v":"ການສົ່ງລົ້ມເຫລວ."},{"$i":"subject-removed","$v":"ລົບຫົວເລື່ອງອອກ."},{"$i":"data-storage-limit-alert-title","$v":"ບ່ອນເກັບຂໍ້ມູນໂທລະສັບເຕັມ."},{"$i":"data-storage-limit-send-body","$v":"ບໍ່ສາມາດສົ່ງ MMS ໄດ້. ໃຫ້ລຶບຂໍ້ຄວາມ ຫຼື ໄປທີ່ການຕັ້ງຄ່າເພື່ອເພີ່ມພື້ນທີ່ຫວ່າງ."},{"$i":"data-storage-limit-download-body","$v":"ບໍ່ສາມາດດາວໂຫລດ MMS ໄດ້. ໃຫ້ລຶບຂໍ້ຄວາມ ຫຼື ໄປທີ່ການຕັ້ງຄ່າເພື່ອເພີ່ມພື້ນທີ່ຫວ່າງ."},{"$i":"data-storage-limit-attachment-body","$v":"ບໍ່ສາມາດເພີ່ມໄຟລ໌ແນບໄດ້. ໃຫ້ລຶບຂໍ້ຄວາມ ຫຼື ໄປທີ່ການຕັ້ງຄ່າເພື່ອສ້າງພື້ນທີ່ຫວ່າງ."},{"$i":"data-storage-limit-alert-cancel","$v":"ຍົກເລີກ"},{"$i":"data-storage-limit-alert-setting","$v":"ການຕັ້ງຄ່າ"},{"$i":"recipient-repeat","$v":"ຜູ້ຮັບຊໍ້າຊ້ອນ."},{"$i":"email","$v":"ອີເມວ"},{"$i":"options","$v":"ຕົວເລືອກ"},{"$i":"emergency-alert-title","$v":"ການແຈ້ງເຕືອນສຸກເສີນ"},{"$i":"emergency-alert","$v":"ການແຈ້ງເຕືອນສຸກເສີນ"},{"$i":"wappushNormal","$v":"Wap push"},{"$i":"wappushSIM1","$v":"WAP push - SIM 1"},{"$i":"wappushSIM2","$v":"WAP push - SIM 2"},{"$i":"not-assigned","$v":"ບໍ່ໄດ້ມອບໝາຍ"},{"$i":"switchSIMDataSendAlertTitle","$v":"ການສົ່ງ MMS ບໍ່ສໍາເລັດ."},{"$i":"switchSIMDataSendAlertBody","$v":["ເພື່ອຈະສົ່ງ MMS, ທ່ານຕ້ອງປ່ຽນແຜນ SIM ສຳລັບຂໍ້ມູນເປັນ SIM ",{"t":"idOrVar","v":"nonActiveSimId"}," ໃນການຕັ້ງຄ່າ ການຈັດການ SIM."]},{"$i":"switchSIMDataSendAlertDesc","$v":"ກະລຸນາໄປທີ່ແອັບຯການຕັ້ງຄ່າ ເພື່ອອັບເດດການຕັ້ງຄ່າ."},{"$i":"switchSIMDataReceiveAlertTitle","$v":"ການຮັບ MMS ບໍ່ສໍາເລັດ."},{"$i":"switchSIMDataReceiveAlertBody","$v":["ເພື່ອຈະຮັບ MMS, ທ່ານຕ້ອງປ່ຽນແຜ່ນ SIM ສຳລັບຂໍ້ມູນເປັນ SIM ",{"t":"idOrVar","v":"nonActiveSimId"}," ໃນການຕັ້ງຄ່າ ການຈັດການ SIM."]},{"$i":"switchSIMDataReceiveAlertDesc","$v":"ກະລຸນາໄປທີ່ແອັບຯການຕັ້ງຄ່າ ເພື່ອອັບເດດການຕັ້ງຄ່າ."},{"$i":"group-message","$v":"ຂໍ້ຄວາມກຸ່ມ"},{"$i":"individual-message","$v":"ຂໍ້ຄວາມສ່ວນບຸກຄົນ"},{"$i":"group-message-alert-title","$v":"ຂໍ້ຄວາມກຸ່ມ"},{"$i":"group-message-alert-body","$v":"ສ້າງຂໍ້ຄວາມກຸ່ມບໍ? (ຂໍ້ຄວາມກຸ່ມຈະຖືກສົ່ງຜ່ານ MMS ແລະ ຈະເສຍເງິນເພີ່ມຈາກຜູ້ໃຫ້ບໍລິການໄຮ້ສາຍຂຶ້ນກັບແພັກເກດບໍລິການ).          "},{"$i":"group-message-individual","$v":"ບໍ່"},{"$i":"group-message-setting","$v":"ສ້າງ"},{"$i":"new-message-individual","$v":"ຂໍ້ຄວາມໃໝ່ (ສ່ວນບຸກຄົນ)"},{"$i":"new-message-group","$v":"ຂໍ້ຄວາມໃໝ່ (ກຸ່ມ)"},{"$i":"device-phone-number","$v":"ເລກໝາຍໂທລະສັບຂອງຂ້ອຍ"},{"$i":"group-message-phone","$v":"ຂໍ້ຄວາມກຸ່ມ"},{"$i":"my-phone-number-SIM1","$v":"ເບີໂທລະສັບຂອງຂ້ອຍ - SIM 1"},{"$i":"my-phone-number-SIM2","$v":"ເບີໂທລະສັບຂອງຂ້ອຍ - SIM 2"},{"$i":"delivery-notification","$v":"ສົ່ງຂໍ້ຄວາມແລ້ວ"},{"$i":"wait","$v":"ລໍຖ້າ"},{"$i":"isTextTooLongAlert","$v":"ໄດ້ເຖິງຂີດຈຳກັດຄວາມຍາວສູງສຸດຂອງຂໍ້ຄວາມແລ້ວ."},{"$i":"video-call","$v":"ໂທວິດີໂອ"},{"$i":"normal-call","$v":"ໂທ"},{"$i":"attachment","$v":"ການແນບໄຟລ໌"},{"$i":"limit-MMS-recipients","$v":"ສາມາດສົ່ງໄດ້ສູງສຸດ 20 ຄົນຕໍ່ MMS ເທົ່ານັ້ນ."},{"$i":"block-contact","$v":"ປິດກັ້ນຊື່ຕິດຕໍ່"},{"$i":"blocked","$v":"ປິດກັ້ນ"},{"$i":"unblocked","$v":"Unblock"},{"$i":"rtt-call","$v":"ການໂທ RTT"},{"$i":"remove-all-attachments","$v":"ລຶບສິ່ງທີ່ແນບມາທັງໝົດອອກ"},{"$i":"block-confirmation","$v":"ທ່ານຈະບໍ່ໄດ້ຮັບສາຍ, ຂໍ້ຄວາມຈາກຄົນທີ່ຢູ່ໃນລາຍການປິດກັ້ນ."},{"$i":"space-low-not-save","$v":"ບ່ອນເກັບຂໍ້ມູນເຕັມ, ບໍ່ສາມາດບັນທຶກຮ່າງ."},{"$i":"creation-mode-messages","$v":"ໂໝດການສ້າງ"},{"$i":"creation-mode-restricted","$v":"ຖືກຈຳກັດ"},{"$i":"creation-mode-warning","$v":"ຄຳເຕືອນ"},{"$i":"creation-mode-free","$v":"ຟຣີ"},{"$i":"creationMode_restricted_title","$v":"ຂີດຈຳກັດໂໝດການສ້າງ"},{"$i":"creationMode_restricted_alert","$v":"ໂໝດການສ້າງຖືກຈຳກັດ, ທ່ານບໍ່ສາມາດເພີ່ມໄຟລ໌ແນບທີ່ບໍ່ແມ່ນໂດເມນເນື້ອຫາ MM ຫຼັກ."},{"$i":"creationMode_warning_title","$v":"ຄຳເຕືອນໂໝດການສ້າງ"},{"$i":"creationMode_warning_alert","$v":"ທ່ານຢືນຢັນທີ່ຈະເພີ່ມໄຟລ໌ແນບທີ່ບໍ່ແມ່ນໂດເມນເນື້ອຫາ MM ຫຼັກ ຫຼືບໍ່?"},{"$i":"withoutDataTitle","$v":"ບໍ່ມີການເຊື່ອມຕໍ່ຂໍ້ມູນ"},{"$i":"withoutDataBody","$v":"ກະລຸນາເຮັດໃຫ້ການເຊື່ອມຕໍ່ຂໍ້ມູນໃນການຕັ້ງຄ່າສົ່ງຫລືດາວໂຫລດຂໍ້ຄວາມ MMS."},{"$i":"withoutDataBtnOk","$v":"ຕົກລົງ"},{"$i":"withoutDataBtnSettings","$v":"ການຕັ້ງຄ່າ"},{"$i":"FTUTitle","$v":"ຍິນດີຕ້ອນຮັບສູ່ຂໍ້ຄວາມ."},{"$i":"FTUBody","$v":"ທ່ານຕ້ອງໃຫ້ເບີໂທລະສັບຂອງທ່ານເພື່ອໃຊ້ຂໍ້ຄວາມກຸ່ມ."},{"$i":"myNumber","$v":"ເລກໝາຍໂທລະສັບຂອງຂ້ອຍ"},{"$i":"myNumber-SIM1","$v":"ເບີໂທລະສັບຂອງຂ້ອຍ - SIM 1"},{"$i":"myNumber-SIM2","$v":"ເບີໂທລະສັບຂອງຂ້ອຍ - SIM 2"},{"$i":"save-number","$v":"ບັນທຶກໄວ້"},{"$i":"input-alert-show","$v":"ນີ້ແມ່ນເບີໂທລະສັບຂອງທ່ານ."},{"$i":"input-alert-reInput","$v":"ທ່ານຕ້ອງໃຫ້ເບີໂທລະສັບຂອງທ່ານເພື່ອໃຊ້ຂໍ້ຄວາມກຸ່ມ."},{"$i":"multiple-recipients-flag","$v":",..."},{"$i":"parent-control-text","$v":"ໝາຍ ເລກນີ້ຖືກບລັອກ. ທ່ານສາມາດຂໍອະນຸຍາດຈາກພໍ່ແມ່ຂອງທ່ານ."},{"$i":"groupNumberInputOne-placeholder","$v":"ເບີໂທລະສັບຂອງຂ້ອຍ - SIM 1"},{"$i":"groupNumberInputOne","$v":"ເລກໝາຍໂທລະສັບຂອງຂ້ອຍ"},{"$i":"groupNumberInputTwo-placeholder","$v":"ເບີໂທລະສັບຂອງຂ້ອຍ - SIM 2"},{"$i":"groupNumberInputTwo","$v":"ເລກໝາຍໂທລະສັບຂອງຂ້ອຍ"},{"$i":"custom-message-sent","$v":["ຕອບກັບຫາ ",{"t":"idOrVar","v":"name"}," ແລ້ວ"]},{"$i":"colon","$v":":"},{"$i":"sms-encoding-mode","$v":"ການເຂົ້າລະຫັດ Sms"},{"$i":"sms-reduced-format","$v":"ຫຼຸດຮູບແບບ"},{"$i":"sms-full-format","$v":"ຮູບແບບເຕັມ"},{"$i":"smscNormal","$v":"ສູນບໍລິການ"},{"$i":"smscSIM1","$v":"ສູນບໍລິການ SIM1"},{"$i":"smscSIM2","$v":"ສູນບໍລິການ SIM2"},{"$i":"weekday-0-long","$v":"ວັນອາທິດ"},{"$i":"weekday-1-long","$v":"ວັນ​ຈັນ"},{"$i":"weekday-2-long","$v":"ວັນຄານ"},{"$i":"weekday-3-long","$v":"ວັນ​ພຸດ"},{"$i":"weekday-4-long","$v":"ວັນພະຫັດ"},{"$i":"weekday-5-long","$v":"ວັນ​ສຸກ"},{"$i":"weekday-6-long","$v":"ວັນ​ເສົາ"},{"$i":"weekday-0-short","$v":"ອາທິດ"},{"$i":"weekday-1-short","$v":"ຈັນ"},{"$i":"weekday-2-short","$v":"ຄານ"},{"$i":"weekday-3-short","$v":"ພຸດ"},{"$i":"weekday-4-short","$v":"ພະຫັດ"},{"$i":"weekday-5-short","$v":"ສຸກ"},{"$i":"weekday-6-short","$v":"ເສົາ"},{"$i":"month-0-long","$v":"ມັງ​ກອນ"},{"$i":"month-1-long","$v":"ມ​ພາ"},{"$i":"month-2-long","$v":"ມີ​ນາ"},{"$i":"month-3-long","$v":"ເມ​ສາ"},{"$i":"month-4-long","$v":"ພຶດ​ສະ​ພາ"},{"$i":"month-5-long","$v":"ມິ​ຖຸ​ນາ"},{"$i":"month-6-long","$v":"ກໍ​ລະ​ກົດ"},{"$i":"month-7-long","$v":"ສິງຫາ"},{"$i":"month-8-long","$v":"ກັນ​ຍາ"},{"$i":"month-9-long","$v":"ຕຸ​ລາ"},{"$i":"month-10-long","$v":"ພະ​ຈິກ"},{"$i":"month-11-long","$v":"ທັນ​ວາ"},{"$i":"month-0-genitive","$v":"ມັງ​ກອນ"},{"$i":"month-1-genitive","$v":"ມ​ພາ"},{"$i":"month-2-genitive","$v":"ມີ​ນາ"},{"$i":"month-3-genitive","$v":"ເມ​ສາ"},{"$i":"month-4-genitive","$v":"ພຶດ​ສະ​ພາ"},{"$i":"month-5-genitive","$v":"ມິ​ຖຸ​ນາ"},{"$i":"month-6-genitive","$v":"ກໍ​ລະ​ກົດ"},{"$i":"month-7-genitive","$v":"ສິງຫາ"},{"$i":"month-8-genitive","$v":"ກັນ​ຍາ"},{"$i":"month-9-genitive","$v":"ຕຸ​ລາ"},{"$i":"month-10-genitive","$v":"ພະ​ຈິກ"},{"$i":"month-11-genitive","$v":"ທັນ​ວາ"},{"$i":"month-0-short","$v":"ມັງ​ກອນ"},{"$i":"month-1-short","$v":"ກຸມພາ"},{"$i":"month-2-short","$v":"ມີ​ນາ"},{"$i":"month-3-short","$v":"ເມ​ສາ"},{"$i":"month-4-short","$v":"ພຶດ​ສະ​ພາ"},{"$i":"month-5-short","$v":"ມິ​ຖຸ​ນາ"},{"$i":"month-6-short","$v":"ກໍ​​ລະ​​ກົດ"},{"$i":"month-7-short","$v":"ສິງຫາ"},{"$i":"month-8-short","$v":"ກັນຍາ"},{"$i":"month-9-short","$v":"ຕຸ​ລາ"},{"$i":"month-10-short","$v":"ພະ​ຈິກ"},{"$i":"month-11-short","$v":"ທັນ​ວາ"},{"$i":"minutes-ago-long","$v":{"few":[{"t":"idOrVar","v":"value"}," ນາທີກ່ອນ"],"many":[{"t":"idOrVar","v":"value"}," ນາທີກ່ອນ"],"other":[{"t":"idOrVar","v":"value"}," ນາທີກ່ອນ"],"two":[{"t":"idOrVar","v":"value"}," ນາທີກ່ອນ"],"one":"ໜຶ່ງນາທີຜ່ານມາ","zero":"ຕອນນີ້"},"$x":[{"t":"idOrVar","v":"plural"},"value"]},{"$i":"hours-ago-long","$v":{"few":[{"t":"idOrVar","v":"value"}," ຊົ່ວໂມງກ່ອນ"],"many":[{"t":"idOrVar","v":"value"}," ຊົ່ວໂມງກ່ອນ"],"other":[{"t":"idOrVar","v":"value"}," ຊົ່ວໂມງກ່ອນ"],"two":[{"t":"idOrVar","v":"value"}," ຊົ່ວໂມງກ່ອນ"],"one":"1 ຊົ່ວໂມງກ່ອນຫນ້ານີ້","zero":"ຕອນນີ້"},"$x":[{"t":"idOrVar","v":"plural"},"value"]},{"$i":"days-ago-long","$v":{"few":[{"t":"idOrVar","v":"value"}," ມື້ກ່ອນ"],"many":[{"t":"idOrVar","v":"value"}," ມື້ກ່ອນ"],"one":"ມື້ວານ","other":[{"t":"idOrVar","v":"value"}," ມື້ກ່ອນ"],"two":[{"t":"idOrVar","v":"value"}," ມື້ກ່ອນ"],"zero":"ມື້ນີ້"},"$x":[{"t":"idOrVar","v":"plural"},"value"]},{"$i":"weeks-ago-long","$v":{"few":[{"t":"idOrVar","v":"value"}," ເດືອນກ່ອນໜ້າ"],"many":[{"t":"idOrVar","v":"value"}," ເດືອນກ່ອນໜ້າ"],"one":"ອາທິດຜ່ານມາ","other":[{"t":"idOrVar","v":"value"}," ເດືອນກ່ອນໜ້າ"],"two":[{"t":"idOrVar","v":"value"}," ເດືອນກ່ອນໜ້າ"],"zero":"ທິດນີ້"},"$x":[{"t":"idOrVar","v":"plural"},"value"]},{"$i":"months-ago-long","$v":{"few":[{"t":"idOrVar","v":"value"}," ເດືອນກ່ອນ"],"many":[{"t":"idOrVar","v":"value"}," ເດືອນກ່ອນ"],"one":"ເດືອນກ່ອນນີ້","other":[{"t":"idOrVar","v":"value"}," ເດືອນກ່ອນ"],"two":[{"t":"idOrVar","v":"value"}," ເດືອນກ່ອນ"],"zero":"ເດືອນນີ້"},"$x":[{"t":"idOrVar","v":"plural"},"value"]},{"$i":"years-ago-long","$v":{"few":[{"t":"idOrVar","v":"value"}," ປີຕໍ່ໄປ"],"many":[{"t":"idOrVar","v":"value"}," ປີຕໍ່ໄປ"],"one":"ປີກາຍນີ້","other":[{"t":"idOrVar","v":"value"}," ປີຕໍ່ໄປ"],"two":[{"t":"idOrVar","v":"value"}," ປີຕໍ່ໄປ"],"zero":"ປີນີ້"},"$x":[{"t":"idOrVar","v":"plural"},"value"]},{"$i":"minutes-until-long","$v":{"few":["ໃນ ",{"t":"idOrVar","v":"value"}," ຫຼາຍນາທີ"],"many":["ໃນ ",{"t":"idOrVar","v":"value"}," ຫຼາຍນາທີ"],"other":["ໃນ ",{"t":"idOrVar","v":"value"}," ຫຼາຍນາທີ"],"two":["ໃນ ",{"t":"idOrVar","v":"value"}," ຫຼາຍນາທີ"],"zero":"ຕອນນີ້","one":"ໃນ 1 ນາທີ"},"$x":[{"t":"idOrVar","v":"plural"},"value"]},{"$i":"hours-until-long","$v":{"few":["ໃນ ",{"t":"idOrVar","v":"value"}," ຫຼາຍຊົ່ວໂມງ"],"many":["ໃນ ",{"t":"idOrVar","v":"value"}," ຫຼາຍຊົ່ວໂມງ"],"other":["ໃນ ",{"t":"idOrVar","v":"value"}," ຫຼາຍຊົ່ວໂມງ"],"two":["ໃນ ",{"t":"idOrVar","v":"value"}," ຫຼາຍຊົ່ວໂມງ"],"zero":"ຕອນນີ້","one":"ໃນ 1 ຊົ່ວໂມງ"},"$x":[{"t":"idOrVar","v":"plural"},"value"]},{"$i":"days-until-long","$v":{"few":["ໃນ ",{"t":"idOrVar","v":"value"}," ຫຼາຍວັນ"],"many":["ໃນ ",{"t":"idOrVar","v":"value"}," ຫຼາຍວັນ"],"one":"ມື້ອື່ນ","other":["ໃນ ",{"t":"idOrVar","v":"value"}," ຫຼາຍວັນ"],"two":["ໃນ ",{"t":"idOrVar","v":"value"}," ຫຼາຍວັນ"],"zero":"ມື້ນີ້"},"$x":[{"t":"idOrVar","v":"plural"},"value"]},{"$i":"weeks-until-long","$v":{"few":["ໃນ ",{"t":"idOrVar","v":"value"}," ຫຼາຍອາທິດ"],"many":["ໃນ ",{"t":"idOrVar","v":"value"}," ຫຼາຍອາທິດ"],"one":"ອາທິດໜ້າ","other":["ໃນ ",{"t":"idOrVar","v":"value"}," ຫຼາຍອາທິດ"],"two":["ໃນ ",{"t":"idOrVar","v":"value"}," ຫຼາຍອາທິດ"],"zero":"ທິດນີ້"},"$x":[{"t":"idOrVar","v":"plural"},"value"]},{"$i":"months-until-long","$v":{"few":["ໃນ ",{"t":"idOrVar","v":"value"}," ຫຼາຍເດືອນ"],"many":["ໃນ ",{"t":"idOrVar","v":"value"}," ຫຼາຍເດືອນ"],"one":"ເດືອນໜ້າ","other":["ໃນ ",{"t":"idOrVar","v":"value"}," ຫຼາຍເດືອນ"],"two":["ໃນ ",{"t":"idOrVar","v":"value"}," ຫຼາຍເດືອນ"],"zero":"ເດືອນນີ້"},"$x":[{"t":"idOrVar","v":"plural"},"value"]},{"$i":"years-until-long","$v":{"few":["ໃນ ",{"t":"idOrVar","v":"value"}," ຫຼາຍປີ"],"many":["ໃນ ",{"t":"idOrVar","v":"value"}," ຫຼາຍປີ"],"one":"ປີໜ້າ","other":["ໃນ ",{"t":"idOrVar","v":"value"}," ຫຼາຍປີ"],"two":["ໃນ ",{"t":"idOrVar","v":"value"}," ຫຼາຍປີ"],"zero":"ປີນີ້"},"$x":[{"t":"idOrVar","v":"plural"},"value"]},{"$i":"minutes-ago-short","$v":{"other":[{"t":"idOrVar","v":"value"},"ນ ກ່ອນ"],"zero":"ຕອນນີ້"},"$x":[{"t":"idOrVar","v":"plural"},"value"]},{"$i":"hours-ago-short","$v":{"other":[{"t":"idOrVar","v":"value"},"ມ ກ່ອນ"],"zero":"ຕອນນີ້"},"$x":[{"t":"idOrVar","v":"plural"},"value"]},{"$i":"days-ago-short","$v":{"other":[{"t":"idOrVar","v":"value"},"ມື້ກ່ອນ"],"zero":"ມື້ນີ້"},"$x":[{"t":"idOrVar","v":"plural"},"value"]},{"$i":"minutes-until-short","$v":{"other":["ໃນ ",{"t":"idOrVar","v":"value"},"ດ"],"zero":"ຕອນນີ້"},"$x":[{"t":"idOrVar","v":"plural"},"value"]},{"$i":"hours-until-short","$v":{"other":["ໃນ ",{"t":"idOrVar","v":"value"},"ຊ.ມ"],"zero":"ຕອນນີ້"},"$x":[{"t":"idOrVar","v":"plural"},"value"]},{"$i":"days-until-short","$v":{"other":["ໃນ ",{"t":"idOrVar","v":"value"},"ວ"],"zero":"ມື້ນີ້"},"$x":[{"t":"idOrVar","v":"plural"},"value"]},{"$i":"dateTimeFormat_%c","$v":"%a %b %e %Y %I:%M:%S %p"},{"$i":"dateTimeFormat_%x","$v":"%m/%d/%Y"},{"$i":"dateTimeFormat_%X","$v":"%I:%M:%S %p"},{"$i":"shortTimeFormat","$v":"%I:%M %p"},{"$i":"shortTimeFormat12","$v":"%I:%M %p"},{"$i":"shortTimeFormat24","$v":"%H:%M"},{"$i":"shortDateTimeFormat","$v":"%x %I:%M %p"},{"$i":"weekStartsOnMonday","$v":"0.0"},{"$i":"firstDayOfTheWeek","$v":"0.0"},{"$i":"time_am","$v":"AM"},{"$i":"time_pm","$v":"ຕອນເຊົ້າ"},{"$i":"softkey-options","$v":"ຕົວເລືອກ"},{"$i":"emergencyNumber","$v":"ເບີໂທສຸກເສີນ"},{"$i":"callAirplaneModeMessage","$v":"ເພື່ອຈະໂທ ທ່ານຕ້ອງປິດໂໝດເຄື່ອງບິນໃນການຕັ້ງຄ່າ."},{"$i":"callAirplaneModeBtnOk","$v":"ຕົກລົງ"},{"$i":"callAirplaneModeTitle","$v":"ໂໝດເຄື່ອງບິນເປີດໃຊ້ງານແລ້ວ"},{"$i":"numberIsBusyTitle","$v":"ເລກໝາຍຍັງບໍ່ວ່າງ"},{"$i":"numberIsBusyMessage","$v":"ເລກໝາຍທີ່ກຳລັງໂທໃນຂະນະນີ້ຍັງບໍ່ວ່າງ. ກະລຸນາໂທໃໝ່ພາຍຫຼັງ."},{"$i":"fdnIsActiveTitle","$v":"FDN ຖືກນຳໃຊ້ຢູ່"},{"$i":"fdnIsActiveMessage","$v":["FDN (ເບີກຳນົດແທນເບີໂທ) ໄດ້ຖືກເປີດນຳໃຊ້ ແລະເບີດັ່ງຕໍ່ໄປນີ້ ແມ່ນບໍ່ຢູ່ໃນ ລາຍການ FDN ຂອງທ່ານ: ",{"t":"idOrVar","v":"number"}]},{"$i":"emergencyDialogBodyBadNumber","$v":"ເມື່ອຕ້ອງການໂທ, ໂທລະສັບຕ້ອງເຊື່ອມຕໍ່ກັບເຄືອຂ່າຍ."},{"$i":"emergencyDialogBodyDeviceNotAccepted","$v":"ການໂທສຸກເສີນບໍ່ໄດ້ຮັບອະນຸຍາດຈາກເຄືອຂ່າຍ"},{"$i":"emergencyDialogBtnOk","$v":"ຕົກລົງ"},{"$i":"emergencyDialogTitle","$v":"ເຄືອຂ່າຍບໍ່ເຊື່ອມຕໍ່"},{"$i":"invalidNumberToDialTitle","$v":"ເລກໝາຍໂທລະສັບບໍ່ຖືກຕ້ອງ"},{"$i":"invalidNumberToDialMessage","$v":"ເລກໝາຍໂທລະສັບທີ່ທ່ານກຳລັງໂທບໍ່ຖືກຕ້ອງ."},{"$i":"unableToCallTitle","$v":"ບໍ່ສາມາດໂທອອກໄດ້. "},{"$i":"unableToCallMessage","$v":"ຂະນະນີ້ບໍ່ສາມາດໂທອອກໄດ້"},{"$i":"otherConnectionInUseTitle","$v":"ການເຊື່ອມຕໍ່ອື່ນກຳລັງໃຊ້ງານ"},{"$i":"otherConnectionInUseMessage","$v":"ທ່ານກຳລັງໂທໃນການເຊື່ອມຕໍ່ອື່ນ. ທ່ານສາມາດໃຊ້ການເຊື່ອມຕໍ່ດຽວຕໍ່ຄັ້ງເທົ່ານັ້ນ"},{"$i":"connectingEllipsis","$v":"ກໍາລັງເຊື່ອມຕໍ່..."}]