[{"$i":"messages","$v":"Mesaj"},{"$i":"deleteMessages-title","$v":"Selectare"},{"$i":"selectThreads-title","$v":"Selectare"},{"$i":"edit","$v":"Editare"},{"$i":"back","$v":"Înapoi"},{"$i":"cancel","$v":"Anulare"},{"$i":"delete","$v":"Ștergere"},{"$i":"deleting-messages","$v":"În curs de ștergere..."},{"$i":"deselect","$v":"Deselectați"},{"$i":"selected-threads","$v":{"few":[{"t":"idOrVar","v":"n"}," Selectat"],"many":[{"t":"idOrVar","v":"n"}," Selectat"],"one":[{"t":"idOrVar","v":"n"}," Selectat"],"other":[{"t":"idOrVar","v":"n"}," Selectat"],"two":[{"t":"idOrVar","v":"n"}," Selectat"],"zero":"0 selectat"},"$x":[{"t":"idOrVar","v":"plural"},"n"]},{"$i":"selected-messages","$v":{"few":[{"t":"idOrVar","v":"n"}," Selectat"],"many":[{"t":"idOrVar","v":"n"}," Selectat"],"one":[{"t":"idOrVar","v":"n"}," Selectat"],"other":[{"t":"idOrVar","v":"n"}," Selectat"],"two":[{"t":"idOrVar","v":"n"}," Selectat"],"zero":"0 selectat"},"$x":[{"t":"idOrVar","v":"plural"},"n"]},{"$i":"selectThreads-label","$v":"Selectați fire de execuție"},{"$i":"selectMessages-label","$v":"Selectați mesajele"},{"$i":"new-message","$v":"Mesaj nou"},{"$i":"delete-thread","$v":"Ștergeți fir de execuție"},{"$i":"create-new-contact","$v":"Creați contact nou"},{"$i":"add-to-contact","$v":"Ad. la un contact existent"},{"$i":"select-thread","$v":"Selectați fir de execuție"},{"$i":"settings","$v":"Setări"},{"$i":"select-all","$v":"Sel. tot."},{"$i":"deselect-all","$v":"Deselectați toate"},{"$i":"select","$v":"Selectare"},{"$i":"sk-save-as-draft","$v":"Salvare ca schiță"},{"$i":"next","$v":"Înainte"},{"$i":"send","$v":"Trimitere"},{"$i":"add-contact","$v":"Adăugați contact"},{"$i":"add-suggestion","$v":"Selectare"},{"$i":"add-subject","$v":"Adăugați Subiect"},{"$i":"remove-subject","$v":"Eliminați Subiectul"},{"$i":"add-attachment","$v":"Adăugați anexă"},{"$i":"remove-attachment","$v":"Eliminați anexă"},{"$i":"replace-attachment","$v":"Înlocuiți anexă"},{"$i":"select-messages","$v":"Selectați mesajele"},{"$i":"call","$v":"Apel"},{"$i":"forward","$v":"Redirecționare"},{"$i":"view-message-report","$v":"Vizualiz. detaliile mesajului"},{"$i":"cancel-view-report","$v":"Anulare"},{"$i":"ok","$v":"OK"},{"$i":"enter","$v":"Inserare"},{"$i":"open","$v":"Deschis"},{"$i":"to","$v":"Către"},{"$i":"new","$v":"Nou"},{"$i":"message","$v":"Mesaj"},{"$i":"messagesInput_placeholder","$v":"Mesaj"},{"$i":"messagesSubjectInput_placeholder","$v":"Subiect"},{"$i":"subjectComposerInput_placeholder","$v":"Subiect"},{"$i":"converted-to-mms","$v":"Convertire la mesaj multimedia."},{"$i":"converted-to-sms","$v":"Convertire la mesaj text."},{"$i":"messages-max-length-text","$v":"Ați atins lungimea maximă."},{"$i":"messages-max-subject-length-text","$v":"Lungimea maximă a subiectului a fost atinsă."},{"$i":"multimedia-message-exceeded-max-length","$v":["Acest mesaj depășește limita de dimensiune de ",{"t":"idOrVar","v":"mmsSize"}," MB a unui mesaj multimedia individual."]},{"$i":"newMessage","$v":"Mesaj nou"},{"$i":"sendMessage","$v":"Trimitere mesaj"},{"$i":"sendMMSToEmail","$v":"Trimitere mesaj multimedia"},{"$i":"no-recipient","$v":"(Destinatar inexistent)"},{"$i":"recipient","$v":{"few":[{"t":"idOrVar","v":"n"}," destinatari"],"many":[{"t":"idOrVar","v":"n"}," destinatari"],"one":[{"t":"idOrVar","v":"n"}," destinatar"],"other":[{"t":"idOrVar","v":"n"}," destinatari"],"two":[{"t":"idOrVar","v":"n"}," destinatari"]},"$x":[{"t":"idOrVar","v":"plural"},"n"]},{"$i":"attachmentSizeB","$v":[{"t":"idOrVar","v":"n"}," B"]},{"$i":"attachmentSizeKB","$v":[{"t":"idOrVar","v":"n"}," KB"]},{"$i":"attachmentSizeMB","$v":[{"t":"idOrVar","v":"n"}," MB"]},{"$i":"attachmentOpenError","$v":"Nu există nicio aplicație disponibilă pentru a deschide acest tip de fișier."},{"$i":"attachmentNotFile","$v":"Acest fișier nu este găsit."},{"$i":"remove","$v":"Îndepărtare"},{"$i":"participant","$v":{"few":[{"t":"idOrVar","v":"n"}," participanți"],"many":[{"t":"idOrVar","v":"n"}," participanți"],"one":[{"t":"idOrVar","v":"n"}," participant"],"other":[{"t":"idOrVar","v":"n"}," participanți"],"two":[{"t":"idOrVar","v":"n"}," participanți"]},"$x":[{"t":"idOrVar","v":"plural"},"n"]},{"$i":"message-report","$v":"Raport mesaj"},{"$i":"message-type-sms","$v":"Mesaj text (SMS)"},{"$i":"message-type-mms","$v":"Mesaj multimedia (MMS)"},{"$i":"sms-report-description","$v":["Mesajul dvs. text (SMS) a fost trimis la ",{"t":"idOrVar","v":"datetime"}]},{"$i":"mms-report-description","$v":["Mesajul dvs. multimedia (MMS), cu subiectul ",{"t":"idOrVar","v":"subject"},", a fost trimis la ",{"t":"idOrVar","v":"datetime"}]},{"$i":"mms-no-subject-report-description","$v":["Mesajul dvs. multimedia (MMS) a fost trimis la ",{"t":"idOrVar","v":"datetime"}]},{"$i":"message-subject","$v":"Subiect:"},{"$i":"report-status-error","$v":"Mesajul nu a putut fi trimis"},{"$i":"report-status-not-downloaded","$v":"nedescărcat"},{"$i":"report-status-delivered","$v":"Livrat:"},{"$i":"report-status-read","$v":"Citire:"},{"$i":"report-status-pending","$v":"Raport solicitat"},{"$i":"report-status-rejected","$v":"Mesaj respins"},{"$i":"message-size-was","$v":"Dimensiune mesaj:"},{"$i":"report-to-title","$v":"Către"},{"$i":"report-from-title","$v":"De la"},{"$i":"message-sent","$v":"Trimis:"},{"$i":"message-sending","$v":[{"t":"idOrVar","v":"message-delivery-status-sending"}]},{"$i":"message-received","$v":"Primit:"},{"$i":"message-via","$v":"Prin:"},{"$i":"message-resend","$v":"Retrimitere"},{"$i":"search","$v":"Căutare"},{"$i":"unknown-contact-title","$v":"Contact necunoscut"},{"$i":"phone-type-separator","$v":", "},{"$i":"phone-carrier-separator","$v":" "},{"$i":"thread-participant-separator","$v":", "},{"$i":"replace-draft","$v":"Înlocuiți schița existentă"},{"$i":"save-as-draft","$v":"Salvare"},{"$i":"discard-message","$v":"Renunțare"},{"$i":"discard-sms","$v":"Sunteți sigur că doriți să eliminați acest mesaj?"},{"$i":"discard-new-message","$v":"Renunțați la mesajul pe care îl compuneți și deschideți un mesaj nou?"},{"$i":"resend-confirmation","$v":"Mesajul nu a putut fi trimis. Încercați din nou?"},{"$i":"resend-message","$v":"Retrimiteți acest mesaj"},{"$i":"deleteMessage-confirmation","$v":"Ștergeți mesajul selectat?"},{"$i":"deleteMessages-confirmation","$v":"Ștergeți mesajele selectate?"},{"$i":"deleteThreads-confirmation2","$v":{"one":"Ștergeți firul de execuție al mesajului selectat?","other":"Ștergeți firele de execuție ale mesajului selectat?"},"$x":[{"t":"idOrVar","v":"plural"},"n"]},{"$i":"new-message-notice-text","$v":"Mesaj nou de la"},{"$i":"new-message-notice-a-text","$v":"Citește"},{"$i":"noMessages-title","$v":"Niciun mesaj"},{"$i":"noMessages-text","$v":"Apăsați Nou pentru a începe comunicarea."},{"$i":"sendDefaultErrorTitle","$v":"Trimiteți eșecul"},{"$i":"sendDefaultErrorBody","$v":"A apărut o problemă la trimiterea mesajului. Încercați din nou."},{"$i":"sendDefaultErrorBtnOk","$v":"OK"},{"$i":"sendMissingSimCardTitle","$v":"Trimiteți eșecul"},{"$i":"sendMissingSimCardBody","$v":"Introduceți o cartelă SIM validă pentru a continua."},{"$i":"sendMissingSimCardBtnOk","$v":"OK"},{"$i":"sendFlightModeTitle","$v":"Trimiteți eșecul"},{"$i":"sendFlightModeBody","$v":"Opriți modul avion pt. a trimite mesaje."},{"$i":"sendFlightModeBtnOk","$v":"OK"},{"$i":"radioDisabledToDownloadTitle","$v":"0.0"},{"$i":"radioDisabledToDownloadBody","$v":"Opriți modul avion pentru a descărca anexele."},{"$i":"radioDisabledToDownloadBtnOk","$v":[{"t":"idOrVar","v":"sendFlightModeBtnOk"}]},{"$i":"downloadDefaultErrorTitle","$v":"0.0"},{"$i":"downloadDefaultErrorBody","$v":"0.0"},{"$i":"downloadDefaultErrorBtnOk","$v":[{"t":"idOrVar","v":"sendDefaultErrorBtnOk"}]},{"$i":"fdnErrorTitle","$v":"Trimiteți eșecul"},{"$i":"needConnectWifiBody","$v":["Nicio rețea celulară disponibilă. Conectați-vă la o rețea ",{"t":"idOrVar","v":"Wi-Fi"}," disponibilă pentru mesagerie."]},{"$i":"needConnectWifiTitle","$v":"Mesaj netrimis"},{"$i":"mmsChanelUsedBody","$v":"MMS-ul este trimis de substația non-DDS, așteptați finalizarea procesului de trimitere."},{"$i":"mmsChanelUsedTitle","$v":"Canal MMS utilizat"},{"$i":"sms-counter-notice-label","$v":["Editare SMS ",{"t":"idOrVar","v":"number"}]},{"$i":"fdnErrorBody","$v":{"few":"Funcția FDN (Restricționarea numerelor apelate) este activată. Asigurați-vă că centrul SMS și următorii destinatari se regăsesc pe lista dvs. FDN.","many":"Funcția FDN (Restricționarea numerelor apelate) este activată. Asigurați-vă că centrul SMS și următorii destinatari se regăsesc pe lista dvs. FDN.","one":"Funcția FDN (Restricționarea numerelor apelate) este activată. Asigurați-vă că centrul SMS și următorul destinatar se regăsesc pe lista dvs. FDN.","other":"Funcția FDN (Restricționarea numerelor apelate) este activată. Asigurați-vă că centrul SMS și următorii destinatari se regăsesc pe lista dvs. FDN.","two":"Funcția FDN (Restricționarea numerelor apelate) este activată. Asigurați-vă că centrul SMS și următorii destinatari se regăsesc pe lista dvs. FDN."},"$x":[{"t":"idOrVar","v":"plural"},"n"]},{"$i":"fdnErrorBtnOk","$v":"OK"},{"$i":"sendNoSignalErrorTitle","$v":"Trimiteți eșecul"},{"$i":"sendNoSignalErrorBody","$v":"Nu există semnal mobil, încercați din nou."},{"$i":"sendNoSignalErrorBtnOk","$v":"OK"},{"$i":"sendNotFoundErrorTitle","$v":"Trimiteți eșecul"},{"$i":"sendNotFoundErrorBody","$v":"Mesajul pe care îl căutați nu mai este disponibil."},{"$i":"sendNotFoundErrorBtnOk","$v":"OK"},{"$i":"sendInvalidAddressErrorTitle","$v":"Trimiteți eșecul"},{"$i":"sendInvalidAddressErrorBody","$v":"Asigurați-vă că numărul mobil pe care îl trimiteți este valid."},{"$i":"sendInvalidAddressErrorBtnOk","$v":"OK"},{"$i":"simNotMatchedErrorTitle","$v":"Imposibil de descărcat"},{"$i":"simNotMatchedErrorBody","$v":"Asigurați-vă că SIM-ul introdus este cel utilizat pentru a primi acest mesaj."},{"$i":"simNotMatchedErrorBtnOk","$v":"OK"},{"$i":"netWorkErrorTitle","$v":"Defecțiune rețea"},{"$i":"netWorkErrorBody","$v":"Eroare de rețea. Verificați conexiunea la rețea."},{"$i":"netWorkErrorBtnOk","$v":"OK"},{"$i":"deleted-sms","$v":"Acest mesaj a fost șters deja."},{"$i":"view-attachment-image","$v":"Vizualizare"},{"$i":"view-attachment-audio","$v":"Ascultă"},{"$i":"view-attachment-video","$v":"Vizualizare"},{"$i":"view-attachment-other","$v":"Vizualizare"},{"$i":"remove-attachment-image","$v":"Eliminați imaginea"},{"$i":"remove-attachment-audio","$v":"Eliminați sunet"},{"$i":"remove-attachment-video","$v":"Eliminați video"},{"$i":"remove-attachment-other","$v":"Eliminați anexă"},{"$i":"replace-attachment-image","$v":"Înlocuiți imaginea"},{"$i":"replace-attachment-audio","$v":"Înlocuire sunet"},{"$i":"replace-attachment-video","$v":"Înlocuiți video"},{"$i":"replace-attachment-other","$v":"Înlocuire anexă"},{"$i":"unsent-message-title","$v":"Mesaj netrimis"},{"$i":"unsent-message-description","$v":"Mesajul dvs. anterior nu a fost trimis. Doriți să editați mesajul netrimis sau să-l eliminați și să continuați?"},{"$i":"unsent-message-option-edit","$v":"Editare"},{"$i":"unsent-message-option-discard","$v":"Renunțare"},{"$i":"message-options","$v":"Opțiuni mesaj"},{"$i":"select-text","$v":"Selectați text"},{"$i":"mobile","$v":"Mobil"},{"$i":"home","$v":"Acasă"},{"$i":"work","$v":"Birou"},{"$i":"personal","$v":"Personal"},{"$i":"faxHome","$v":"Fax acasă"},{"$i":"faxOffice","$v":"Fax birou"},{"$i":"faxOther","$v":"Fax altele"},{"$i":"another","$v":"Alta"},{"$i":"other","$v":"Altele"},{"$i":"today","$v":"Azi"},{"$i":"yesterday","$v":"Ieri"},{"$i":"incorrectDate","$v":"(dată incorectă)"},{"$i":"addToExistingContact","$v":"Ad. la un contact existent"},{"$i":"createNewContact","$v":"Creați contact nou"},{"$i":"viewContact","$v":"Vizualizați contactul"},{"$i":"sendEmail","$v":"Trimitere e-mail"},{"$i":"mms-message","$v":"Mesaj MMS"},{"$i":"notDownloaded-title","$v":"Mesajul nu a fost descărcat încă."},{"$i":"tobedownloaded-attachment","$v":["Ați primit un mesaj multimedia, apăsați Descărcare pentru a prelua conținutul acestuia înainte de ",{"t":"idOrVar","v":"date"},"."]},{"$i":"expired-attachment","$v":["Ne pare rău, mesajul a expirat la ",{"t":"idOrVar","v":"date"}," și nu poate fi descărcat."]},{"$i":"download-attachment","$v":"Descărcare"},{"$i":"downloading-attachment","$v":"Descărcare..."},{"$i":"download-complete","$v":"Descărcare finalizată"},{"$i":"unnamed-attachment","$v":"fără titlu"},{"$i":"mms-label","$v":"MMS"},{"$i":"not-download-label","$v":"Ai primit un mesaj multimedia, descarcă pentru a prelua conținutul acestuia înainte de"},{"$i":"attachment-label","$v":"Anexă"},{"$i":"attached-files-too-large","$v":{"few":["Aceste mesaje depășesc limita de dimensiune de ",{"t":"idOrVar","v":"mmsSize"}," MB a unui mesaj multimedia individual."],"many":["Aceste mesaje depășesc limita de dimensiune de ",{"t":"idOrVar","v":"mmsSize"}," MB a unui mesaj multimedia individual."],"one":["Acest mesaj depășește limita de dimensiune de ",{"t":"idOrVar","v":"mmsSize"}," MB a unui mesaj multimedia individual."],"other":["Aceste mesaje depășesc limita de dimensiune de ",{"t":"idOrVar","v":"mmsSize"}," MB a unui mesaj multimedia individual."],"two":["Aceste mesaje depășesc limita de dimensiune de ",{"t":"idOrVar","v":"mmsSize"}," MB a unui mesaj multimedia individual."],"zero":["Aceste mesaje depășesc limita de dimensiune de ",{"t":"idOrVar","v":"mmsSize"}," MB a unui mesaj multimedia individual."]},"$x":[{"t":"idOrVar","v":"plural"},"n"]},{"$i":"resize-image","$v":"Redimens. imag. atașată"},{"$i":"no-attachment-text","$v":"Există o problemă cu fișierul atașat, iar acesta nu poate fi descărcat."},{"$i":"message-draft-saved","$v":"Mesaj salvat ca schiță"},{"$i":"sim-id-label","$v":["SIM ",{"t":"idOrVar","v":"id"}]},{"$i":"sim-detail","$v":["SIM ",{"t":"idOrVar","v":"id"},", ",{"t":"idOrVar","v":"detailString"}]},{"$i":"dsds-notification-title-with-sim","$v":["(",{"t":"idOrVar","v":"sim"},") ",{"t":"idOrVar","v":"sender"}]},{"$i":"send-button","ariaLabel":"Trimitere"},{"$i":"send-button-sim-indication","$v":[{"t":"idOrVar","v":"n"}],"ariaLabel":["utilizare SIM ",{"t":"idOrVar","v":"n"}]},{"$i":"expiry-date-format","$v":"%A, %b %e"},{"$i":"attach-button","ariaLabel":"Adăugați anexă"},{"$i":"contact-photo","ariaLabel":"Fotografie contact"},{"$i":"unread-thread","ariaLabel":"Necitit"},{"$i":"has-draft","ariaLabel":"Are schiță"},{"$i":"is-draft","ariaLabel":"Schiță"},{"$i":"message-delivery-status-sending","$v":"Trimitere..."},{"$i":"message-delivery-status-delivered","$v":"Livrat"},{"$i":"message-delivery-status-read","ariaLabel":"Citire"},{"$i":"message-delivery-status-error","ariaLabel":"Eroare"},{"$i":"modal-dialog-ok-button","$v":"OK"},{"$i":"modal-dialog-cancel-button","$v":"Anulare"},{"$i":"modal-dialog-default-title","$v":"Mesaje"},{"$i":"delete-message","$v":"Mesaje șters"},{"$i":"message-converted-to-toast","$v":["Mesaj convertit în ",{"t":"idOrVar","v":"type"}]},{"$i":"message-sent-toast","$v":"Mesaj trimis"},{"$i":"deleteMessage-confirmation2","$v":"Ștergeți firul de execuție al mesajului selectat?"},{"$i":"deleted-message","$v":{"few":[{"t":"idOrVar","v":"n"}," mesaje șterse"],"many":[{"t":"idOrVar","v":"n"}," mesaje șterse"],"one":[{"t":"idOrVar","v":"n"}," mesaj șters"],"other":[{"t":"idOrVar","v":"n"}," mesaje șterse"],"two":[{"t":"idOrVar","v":"n"}," mesaje șterse"],"zero":"0 mesaj șters"},"$x":[{"t":"idOrVar","v":"plural"},"n"]},{"$i":"deleted-threads","$v":{"few":[{"t":"idOrVar","v":"n"}," fire de execuție mesaj șterse"],"many":[{"t":"idOrVar","v":"n"}," fire de execuție mesaj șterse"],"one":"Fir de execuție șters","other":[{"t":"idOrVar","v":"n"}," fire de execuție mesaj șterse"],"two":[{"t":"idOrVar","v":"n"}," fire de execuție mesaj șterse"],"zero":"0 fir de execuție șters"},"$x":[{"t":"idOrVar","v":"plural"},"n"]},{"$i":"wapPushMessages","$v":"Mesaje trimitere de tip push WAP"},{"$i":"auto-retrieve-messages","$v":"Preluare automată mesaje"},{"$i":"auto-retrieve-messages-title","$v":"Preluare automată mesaje"},{"$i":"auto-roaming-retrieve","$v":"Pornit cu roaming"},{"$i":"auto-no-roaming-retrieve","$v":"Pornit fără roaming"},{"$i":"mmsTitle","$v":"Mesageria multimedia (MMS)"},{"$i":"message-delivery-reports","$v":"Rapoarte de livrare"},{"$i":"message-delivery-reports-title","$v":"Rapoarte de livrare"},{"$i":"messageReport-title","$v":"Detalii mesaj"},{"$i":"sms-label","$v":"SMS"},{"$i":"messaging-settings","$v":"Setări mesagerie"},{"$i":"messagingSettings-header","$v":[{"t":"idOrVar","v":"messaging-settings"}]},{"$i":"confirmation-title","$v":"Confirmare"},{"$i":"draft-save-content","$v":"Salvare ca schiță?"},{"$i":"draft-discard-content","$v":"Mesaj eliminat"},{"$i":"switch-on","$v":"Pornit"},{"$i":"switch-off","$v":"Oprit"},{"$i":"auto-retrieve-desc","$v":"Preluare automată mesaje"},{"$i":"confirm-dialog-ok","$v":"OK"},{"$i":"yes","$v":"Da"},{"$i":"no","$v":"Nu"},{"$i":"delete-current-thread?","$v":"Ștergeți firul de execuție al mesajului selectat?"},{"$i":"attention","$v":"Atenție"},{"$i":"delivery-title","$v":"Mesaj text (SMS)"},{"$i":"send-failed","$v":"Trimis eșuat."},{"$i":"subject-removed","$v":"Subiect eliminat."},{"$i":"data-storage-limit-alert-title","$v":"Memorie telefon plină."},{"$i":"data-storage-limit-send-body","$v":"MMS nu poate fi trimis. Ștergeți mesaje sau accesați Setări pentru a elibera spațiu."},{"$i":"data-storage-limit-download-body","$v":"MMS nu poate fi descărcat. Ștergeți mesaje sau accesați Setări pentru a elibera spațiu."},{"$i":"data-storage-limit-attachment-body","$v":"Imposibil de adăugat anexa. Șterge mesajul sau accesează Setări pentru a elibera spațiu."},{"$i":"data-storage-limit-alert-cancel","$v":"Anulare"},{"$i":"data-storage-limit-alert-setting","$v":"Setări"},{"$i":"recipient-repeat","$v":"Destinatar duplicat."},{"$i":"email","$v":"E-MAIL"},{"$i":"options","$v":"Opțiuni"},{"$i":"emergency-alert-title","$v":"Alerte urgență"},{"$i":"emergency-alert","$v":"Alerte urgență"},{"$i":"wappushNormal","$v":"Trimitere de tip push WAP"},{"$i":"wappushSIM1","$v":"Trimitere de tip push WAP — SIM 1"},{"$i":"wappushSIM2","$v":"Trimitere de tip push WAP — SIM 2"},{"$i":"not-assigned","$v":"Neatribuit"},{"$i":"switchSIMDataSendAlertTitle","$v":"Nu s-a trimis MMS-ul."},{"$i":"switchSIMDataSendAlertBody","$v":["Pentru a trimite MMS-ul, trebuie să schimbați cartela SIM pentru date la SIM ",{"t":"idOrVar","v":"nonActiveSimId"}," din setările Manager SIM."]},{"$i":"switchSIMDataSendAlertDesc","$v":"Accesați aplicația Setări pentru a actualiza setările."},{"$i":"switchSIMDataReceiveAlertTitle","$v":"Nu s-a primit MMS-ul."},{"$i":"switchSIMDataReceiveAlertBody","$v":["Pentru a primi MMS-ul, trebuie să schimbați cartela SIM pentru date la SIM ",{"t":"idOrVar","v":"nonActiveSimId"}," din setările Manager SIM."]},{"$i":"switchSIMDataReceiveAlertDesc","$v":"Accesați aplicația Setări pentru a actualiza setările."},{"$i":"group-message","$v":"Mesaj de grup"},{"$i":"individual-message","$v":"Mesaj individual"},{"$i":"group-message-alert-title","$v":"Mesaj de grup"},{"$i":"group-message-alert-body","$v":"Dorești să creezi un mesaj de grup? (Mesajul de grup se va trimite prin MMS și se vor aplica tarife suplimentare de către furnizorul mobil în funcție de planul de servicii.)"},{"$i":"group-message-individual","$v":"Nu"},{"$i":"group-message-setting","$v":"Creare"},{"$i":"new-message-individual","$v":"Mesaj nou (Individual)"},{"$i":"new-message-group","$v":"Mesaj nou (Grup)"},{"$i":"device-phone-number","$v":"Numărul meu de telefon"},{"$i":"group-message-phone","$v":"Mesaje de grup"},{"$i":"my-phone-number-SIM1","$v":"Numărul meu de telefon – SIM 1"},{"$i":"my-phone-number-SIM2","$v":"Numărul meu de telefon – SIM 2"},{"$i":"delivery-notification","$v":"Mesaj trimis"},{"$i":"wait","$v":"în așteptare"},{"$i":"isTextTooLongAlert","$v":"Lungime max. a mesajului depășită."},{"$i":"video-call","$v":"Apel video"},{"$i":"normal-call","$v":"Apel"},{"$i":"attachment","$v":"Anexă"},{"$i":"limit-MMS-recipients","$v":"Puteți trimite numai la max. 20 destinatari per MMS."},{"$i":"block-contact","$v":"Blocare contact"},{"$i":"blocked","$v":"Blocare"},{"$i":"unblocked","$v":"deblocaţi"},{"$i":"rtt-call","$v":"Apel RTT"},{"$i":"remove-all-attachments","$v":"Îndepărtați toate anexele"},{"$i":"block-confirmation","$v":"Nu veți primi apeluri telefonice, mesaje de la persoane din lista cu contacte blocate."},{"$i":"space-low-not-save","$v":"Memoria este plină, ciorna nu poate fi salvată."},{"$i":"creation-mode-messages","$v":"Mod creare"},{"$i":"creation-mode-restricted","$v":"Restricționat"},{"$i":"creation-mode-warning","$v":"Avertisment"},{"$i":"creation-mode-free","$v":"Liber"},{"$i":"creationMode_restricted_title","$v":"limită mod creare"},{"$i":"creationMode_restricted_alert","$v":"Modul de creare este restricționat; nu puteți adăuga anexa care nu are domeniu de conținut Core MM."},{"$i":"creationMode_warning_title","$v":"avertisment mod creare"},{"$i":"creationMode_warning_alert","$v":"Confirmați adăugarea anexei care nu are domeniul de conținut Core MM?"},{"$i":"withoutDataTitle","$v":"Fără conexiune de date"},{"$i":"withoutDataBody","$v":"Vă rugăm să activați Conexiunea de date din Setări pentru a trimite sau descărca mesaje MMS."},{"$i":"withoutDataBtnOk","$v":"OK"},{"$i":"withoutDataBtnSettings","$v":"Setări"},{"$i":"FTUTitle","$v":"Bine ați venit la Mesaje."},{"$i":"FTUBody","$v":"Trebuie să furnizați numărul dvs. de telefon pentru a utiliza mesaje de grup."},{"$i":"myNumber","$v":"Numărul meu de telefon"},{"$i":"myNumber-SIM1","$v":"Numărul meu de telefon – SIM 1"},{"$i":"myNumber-SIM2","$v":"Numărul meu de telefon – SIM 2"},{"$i":"save-number","$v":"Salvare"},{"$i":"input-alert-show","$v":"Acesta este numărul tău de telefon."},{"$i":"input-alert-reInput","$v":"Trebuie să furnizați numărul dvs. de telefon pentru a utiliza mesaje de grup."},{"$i":"multiple-recipients-flag","$v":",..."},{"$i":"parent-control-text","$v":"Acest număr este blocat. Puteți cere permisiunea părinților."},{"$i":"groupNumberInputOne-placeholder","$v":"Numărul meu de telefon – SIM 1"},{"$i":"groupNumberInputOne","$v":"Numărul meu de telefon"},{"$i":"groupNumberInputTwo-placeholder","$v":"Numărul meu de telefon – SIM 2"},{"$i":"groupNumberInputTwo","$v":"Numărul meu de telefon"},{"$i":"custom-message-sent","$v":["Răspuns la ",{"t":"idOrVar","v":"name"}]},{"$i":"colon","$v":":"},{"$i":"sms-encoding-mode","$v":"Codare Sms"},{"$i":"sms-reduced-format","$v":"Format redus"},{"$i":"sms-full-format","$v":"Format întreg"},{"$i":"smscNormal","$v":"Centru de service"},{"$i":"smscSIM1","$v":"Centru de service SIM1"},{"$i":"smscSIM2","$v":"Centru de service SIM2"},{"$i":"weekday-0-long","$v":"Duminică"},{"$i":"weekday-1-long","$v":"Luni"},{"$i":"weekday-2-long","$v":"Marți"},{"$i":"weekday-3-long","$v":"Miercuri"},{"$i":"weekday-4-long","$v":"Joi"},{"$i":"weekday-5-long","$v":"Vineri"},{"$i":"weekday-6-long","$v":"Sâmbătă"},{"$i":"weekday-0-short","$v":"Dum"},{"$i":"weekday-1-short","$v":"Lun"},{"$i":"weekday-2-short","$v":"Ma"},{"$i":"weekday-3-short","$v":"Mie"},{"$i":"weekday-4-short","$v":"Joi"},{"$i":"weekday-5-short","$v":"Vi"},{"$i":"weekday-6-short","$v":"Sâm"},{"$i":"month-0-long","$v":"Ianuarie"},{"$i":"month-1-long","$v":"Februarie"},{"$i":"month-2-long","$v":"Martie"},{"$i":"month-3-long","$v":"Aprilie"},{"$i":"month-4-long","$v":"Mai"},{"$i":"month-5-long","$v":"Iunie"},{"$i":"month-6-long","$v":"Iulie"},{"$i":"month-7-long","$v":"August"},{"$i":"month-8-long","$v":"Septembrie"},{"$i":"month-9-long","$v":"Octombrie"},{"$i":"month-10-long","$v":"Noiembrie"},{"$i":"month-11-long","$v":"Decembrie"},{"$i":"month-0-genitive","$v":"Ianuarie"},{"$i":"month-1-genitive","$v":"Februarie"},{"$i":"month-2-genitive","$v":"Martie"},{"$i":"month-3-genitive","$v":"Aprilie"},{"$i":"month-4-genitive","$v":"Mai"},{"$i":"month-5-genitive","$v":"Iunie"},{"$i":"month-6-genitive","$v":"Iulie"},{"$i":"month-7-genitive","$v":"August"},{"$i":"month-8-genitive","$v":"Septembrie"},{"$i":"month-9-genitive","$v":"Octombrie"},{"$i":"month-10-genitive","$v":"Noiembrie"},{"$i":"month-11-genitive","$v":"Decembrie"},{"$i":"month-0-short","$v":"Ian"},{"$i":"month-1-short","$v":"Feb"},{"$i":"month-2-short","$v":"Mar"},{"$i":"month-3-short","$v":"Apr"},{"$i":"month-4-short","$v":"Mai"},{"$i":"month-5-short","$v":"Iun"},{"$i":"month-6-short","$v":"Iul"},{"$i":"month-7-short","$v":"Aug"},{"$i":"month-8-short","$v":"Sep"},{"$i":"month-9-short","$v":"Oct"},{"$i":"month-10-short","$v":"Nov"},{"$i":"month-11-short","$v":"Dec"},{"$i":"minutes-ago-long","$v":{"few":[{"t":"idOrVar","v":"value"}," minute în urmă"],"many":[{"t":"idOrVar","v":"value"}," minute în urmă"],"other":[{"t":"idOrVar","v":"value"}," minute în urmă"],"two":[{"t":"idOrVar","v":"value"}," minute în urmă"],"one":"un minut în urmă","zero":"chiar acum"},"$x":[{"t":"idOrVar","v":"plural"},"value"]},{"$i":"hours-ago-long","$v":{"few":[{"t":"idOrVar","v":"value"}," ore în urmă"],"many":[{"t":"idOrVar","v":"value"}," ore în urmă"],"other":[{"t":"idOrVar","v":"value"}," ore în urmă"],"two":[{"t":"idOrVar","v":"value"}," ore în urmă"],"one":"1 oră în urmă","zero":"chiar acum"},"$x":[{"t":"idOrVar","v":"plural"},"value"]},{"$i":"days-ago-long","$v":{"few":[{"t":"idOrVar","v":"value"}," zile în urmă"],"many":[{"t":"idOrVar","v":"value"}," zile în urmă"],"one":"ieri","other":[{"t":"idOrVar","v":"value"}," zile în urmă"],"two":[{"t":"idOrVar","v":"value"}," zile în urmă"],"zero":"azi"},"$x":[{"t":"idOrVar","v":"plural"},"value"]},{"$i":"weeks-ago-long","$v":{"few":[{"t":"idOrVar","v":"value"}," săptămâni în urmă"],"many":[{"t":"idOrVar","v":"value"}," săptămâni în urmă"],"one":"ultima săptămână","other":[{"t":"idOrVar","v":"value"}," săptămâni în urmă"],"two":[{"t":"idOrVar","v":"value"}," săptămâni în urmă"],"zero":"această săptămână"},"$x":[{"t":"idOrVar","v":"plural"},"value"]},{"$i":"months-ago-long","$v":{"few":[{"t":"idOrVar","v":"value"}," luni în urmă"],"many":[{"t":"idOrVar","v":"value"}," luni în urmă"],"one":"ultima lună","other":[{"t":"idOrVar","v":"value"}," luni în urmă"],"two":[{"t":"idOrVar","v":"value"}," luni în urmă"],"zero":"această lună"},"$x":[{"t":"idOrVar","v":"plural"},"value"]},{"$i":"years-ago-long","$v":{"few":[{"t":"idOrVar","v":"value"}," ani în urmă"],"many":[{"t":"idOrVar","v":"value"}," ani în urmă"],"one":"ultimul an","other":[{"t":"idOrVar","v":"value"}," ani în urmă"],"two":[{"t":"idOrVar","v":"value"}," ani în urmă"],"zero":"acest an"},"$x":[{"t":"idOrVar","v":"plural"},"value"]},{"$i":"minutes-until-long","$v":{"few":["în ",{"t":"idOrVar","v":"value"}," minute"],"many":["în ",{"t":"idOrVar","v":"value"}," minute"],"other":["în ",{"t":"idOrVar","v":"value"}," minute"],"two":["în ",{"t":"idOrVar","v":"value"}," minute"],"zero":"acum","one":"în 1 minut"},"$x":[{"t":"idOrVar","v":"plural"},"value"]},{"$i":"hours-until-long","$v":{"few":["în ",{"t":"idOrVar","v":"value"}," ore"],"many":["în ",{"t":"idOrVar","v":"value"}," ore"],"other":["în ",{"t":"idOrVar","v":"value"}," ore"],"two":["în ",{"t":"idOrVar","v":"value"}," ore"],"zero":"acum","one":"în 1 oră"},"$x":[{"t":"idOrVar","v":"plural"},"value"]},{"$i":"days-until-long","$v":{"few":["în ",{"t":"idOrVar","v":"value"}," zile"],"many":["în ",{"t":"idOrVar","v":"value"}," zile"],"one":"mâine","other":["în ",{"t":"idOrVar","v":"value"}," zile"],"two":["în ",{"t":"idOrVar","v":"value"}," zile"],"zero":"azi"},"$x":[{"t":"idOrVar","v":"plural"},"value"]},{"$i":"weeks-until-long","$v":{"few":["în ",{"t":"idOrVar","v":"value"}," săptămâni"],"many":["în ",{"t":"idOrVar","v":"value"}," săptămâni"],"one":"săptămâna viitoare","other":["în ",{"t":"idOrVar","v":"value"}," săptămâni"],"two":["în ",{"t":"idOrVar","v":"value"}," săptămâni"],"zero":"această săptămână"},"$x":[{"t":"idOrVar","v":"plural"},"value"]},{"$i":"months-until-long","$v":{"few":["în ",{"t":"idOrVar","v":"value"}," luni"],"many":["în ",{"t":"idOrVar","v":"value"}," luni"],"one":"luna viitoare","other":["în ",{"t":"idOrVar","v":"value"}," luni"],"two":["în ",{"t":"idOrVar","v":"value"}," luni"],"zero":"această lună"},"$x":[{"t":"idOrVar","v":"plural"},"value"]},{"$i":"years-until-long","$v":{"few":["în ",{"t":"idOrVar","v":"value"}," ani"],"many":["în ",{"t":"idOrVar","v":"value"}," ani"],"one":"anul viitor","other":["în ",{"t":"idOrVar","v":"value"}," ani"],"two":["în ",{"t":"idOrVar","v":"value"}," ani"],"zero":"acest an"},"$x":[{"t":"idOrVar","v":"plural"},"value"]},{"$i":"minutes-ago-short","$v":{"other":[{"t":"idOrVar","v":"value"},"m în urmă"],"zero":"chiar acum"},"$x":[{"t":"idOrVar","v":"plural"},"value"]},{"$i":"hours-ago-short","$v":{"other":[{"t":"idOrVar","v":"value"},"h în urmă"],"zero":"chiar acum"},"$x":[{"t":"idOrVar","v":"plural"},"value"]},{"$i":"days-ago-short","$v":{"other":[{"t":"idOrVar","v":"value"},"z în urmă"],"zero":"azi"},"$x":[{"t":"idOrVar","v":"plural"},"value"]},{"$i":"minutes-until-short","$v":{"other":["în ",{"t":"idOrVar","v":"value"},"m"],"zero":"acum"},"$x":[{"t":"idOrVar","v":"plural"},"value"]},{"$i":"hours-until-short","$v":{"other":["în ",{"t":"idOrVar","v":"value"},"h"],"zero":"acum"},"$x":[{"t":"idOrVar","v":"plural"},"value"]},{"$i":"days-until-short","$v":{"other":["în ",{"t":"idOrVar","v":"value"},"z"],"zero":"azi"},"$x":[{"t":"idOrVar","v":"plural"},"value"]},{"$i":"dateTimeFormat_%c","$v":"%a %b %e %Y %I:%M:%S %p"},{"$i":"dateTimeFormat_%x","$v":"%m/%d/%Y"},{"$i":"dateTimeFormat_%X","$v":"%I:%M:%S %p"},{"$i":"shortTimeFormat","$v":"%I:%M %p"},{"$i":"shortTimeFormat12","$v":"%I:%M %p"},{"$i":"shortTimeFormat24","$v":"%H:%M"},{"$i":"shortDateTimeFormat","$v":"%x %I:%M %p"},{"$i":"weekStartsOnMonday","$v":"0.0"},{"$i":"firstDayOfTheWeek","$v":"1.0"},{"$i":"time_am","$v":"AM"},{"$i":"time_pm","$v":"PM"},{"$i":"softkey-options","$v":"Opțiuni"},{"$i":"emergencyNumber","$v":"Număr de urgență"},{"$i":"callAirplaneModeMessage","$v":"Pentru a efectua un apel, trebuie să dezactivați modul avion din setări."},{"$i":"callAirplaneModeBtnOk","$v":"OK"},{"$i":"callAirplaneModeTitle","$v":"Mod avion activat"},{"$i":"numberIsBusyTitle","$v":"Numărul este ocupat"},{"$i":"numberIsBusyMessage","$v":"Numărul este ocupat momentan. Încercați din nou mai târziu."},{"$i":"fdnIsActiveTitle","$v":"FDN activ"},{"$i":"fdnIsActiveMessage","$v":["FDN (Numere pentru apelare permise) este activat și următorul număr nu se află în lista dvs. FDN: ",{"t":"idOrVar","v":"number"}]},{"$i":"emergencyDialogBodyBadNumber","$v":"Pentru a efectua un apel, telefonul trebuie să fie conectat la o rețea."},{"$i":"emergencyDialogBodyDeviceNotAccepted","$v":"Apelurile de urgență nu sunt permise de rețea."},{"$i":"emergencyDialogBtnOk","$v":"OK"},{"$i":"emergencyDialogTitle","$v":"Nicio conexiune de rețea"},{"$i":"invalidNumberToDialTitle","$v":"Număr de telefon nevalid"},{"$i":"invalidNumberToDialMessage","$v":"Numărul de telefon pe care îl apelați nu este valabil."},{"$i":"unableToCallTitle","$v":"Imposibil de efectuat un apel. "},{"$i":"unableToCallMessage","$v":"Imposibil să efectuați un apel acum"},{"$i":"otherConnectionInUseTitle","$v":"Altă conexiune utilizată"},{"$i":"otherConnectionInUseMessage","$v":"Aveți un apel activ pe altă conexiune. Puteți utiliza o singură conexiune o dată."},{"$i":"connectingEllipsis","$v":"În curs de conectare..."}]