[{"$i":"messages","$v":"Wiadomości"},{"$i":"deleteMessages-title","$v":"Wybierz"},{"$i":"selectThreads-title","$v":"Wybierz"},{"$i":"edit","$v":"Edytuj"},{"$i":"back","$v":"Wstecz"},{"$i":"cancel","$v":"Anuluj"},{"$i":"delete","$v":"Usuń"},{"$i":"deleting-messages","$v":"Usuwanie…"},{"$i":"deselect","$v":"Odznacz"},{"$i":"selected-threads","$v":{"few":["Wybrano ",{"t":"idOrVar","v":"n"}],"many":["Wybrano ",{"t":"idOrVar","v":"n"}],"one":["Wybrano ",{"t":"idOrVar","v":"n"}],"other":["Wybrano ",{"t":"idOrVar","v":"n"}],"two":["Wybrano ",{"t":"idOrVar","v":"n"}],"zero":"Wybrano 0"},"$x":[{"t":"idOrVar","v":"plural"},"n"]},{"$i":"selected-messages","$v":{"few":["Wybrano ",{"t":"idOrVar","v":"n"}],"many":["Wybrano ",{"t":"idOrVar","v":"n"}],"one":["Wybrano ",{"t":"idOrVar","v":"n"}],"other":["Wybrano ",{"t":"idOrVar","v":"n"}],"two":["Wybrano ",{"t":"idOrVar","v":"n"}],"zero":"Wybrano 0"},"$x":[{"t":"idOrVar","v":"plural"},"n"]},{"$i":"selectThreads-label","$v":"Wybierz wątki"},{"$i":"selectMessages-label","$v":"Wybierz wiadomości"},{"$i":"new-message","$v":"Nowe"},{"$i":"delete-thread","$v":"Usuń wątek"},{"$i":"create-new-contact","$v":"Utwórz nowy kontakt"},{"$i":"add-to-contact","$v":"Dodaj do istniejącego kontaktu"},{"$i":"select-thread","$v":"Wybierz wątek"},{"$i":"settings","$v":"Ustawienia"},{"$i":"select-all","$v":"Wszystko"},{"$i":"deselect-all","$v":"Brak"},{"$i":"select","$v":"Wybierz"},{"$i":"sk-save-as-draft","$v":"Zapisz jako wersję roboczą"},{"$i":"next","$v":"Dalej"},{"$i":"send","$v":"Wyślij"},{"$i":"add-contact","$v":"Dodaj"},{"$i":"add-suggestion","$v":"Wybierz"},{"$i":"add-subject","$v":"Dodaj temat"},{"$i":"remove-subject","$v":"Usuń temat"},{"$i":"add-attachment","$v":"Dodaj załącznik"},{"$i":"remove-attachment","$v":"Usuń załącznik"},{"$i":"replace-attachment","$v":"Zamień załącznik"},{"$i":"select-messages","$v":"Wybierz wiadomości"},{"$i":"call","$v":"Połączenie"},{"$i":"forward","$v":"Dalej"},{"$i":"view-message-report","$v":"Pokaż szczegóły wiadomości"},{"$i":"cancel-view-report","$v":"Anuluj"},{"$i":"ok","$v":"OK"},{"$i":"enter","$v":"Wprowadź"},{"$i":"open","$v":"Otwarte"},{"$i":"to","$v":"Do"},{"$i":"new","$v":"Nowe"},{"$i":"message","$v":"Wiadomość"},{"$i":"messagesInput_placeholder","$v":"Wiadomość"},{"$i":"messagesSubjectInput_placeholder","$v":"Temat"},{"$i":"subjectComposerInput_placeholder","$v":"Temat"},{"$i":"converted-to-mms","$v":"Konwertowanie na wiadomość multimedialną."},{"$i":"converted-to-sms","$v":"Konwertowanie na wiadomość tekstową."},{"$i":"messages-max-length-text","$v":"Osiągnięto maksymalną długość."},{"$i":"messages-max-subject-length-text","$v":"Osiągnięto maksymalną długość tematu."},{"$i":"multimedia-message-exceeded-max-length","$v":["Ta wiadomość przekracza limit rozmiaru pojedynczej wiadomości multimedialnej: ",{"t":"idOrVar","v":"mmsSize"}," MB."]},{"$i":"newMessage","$v":"Nowa wiadomość"},{"$i":"sendMessage","$v":"Wyślij wiadomość"},{"$i":"sendMMSToEmail","$v":"Wyślij MMS"},{"$i":"no-recipient","$v":"(Brak odbiorcy)"},{"$i":"recipient","$v":{"few":["Odbiorców: ",{"t":"idOrVar","v":"n"}],"many":["Odbiorców: ",{"t":"idOrVar","v":"n"}],"one":[{"t":"idOrVar","v":"n"}," odbiorca"],"other":["Odbiorców: ",{"t":"idOrVar","v":"n"}],"two":["Odbiorców: ",{"t":"idOrVar","v":"n"}]},"$x":[{"t":"idOrVar","v":"plural"},"n"]},{"$i":"attachmentSizeB","$v":[{"t":"idOrVar","v":"n"}," B"]},{"$i":"attachmentSizeKB","$v":[{"t":"idOrVar","v":"n"}," KB"]},{"$i":"attachmentSizeMB","$v":[{"t":"idOrVar","v":"n"}," MB"]},{"$i":"attachmentOpenError","$v":"Brak aplikacji umożliwiającej otwarcie tego typu pliku."},{"$i":"attachmentNotFile","$v":"Nie znaleziono tego pliku."},{"$i":"remove","$v":"Usuń"},{"$i":"participant","$v":{"few":["Uczestników: ",{"t":"idOrVar","v":"n"}],"many":["Uczestników: ",{"t":"idOrVar","v":"n"}],"one":[{"t":"idOrVar","v":"n"}," uczestnik"],"other":["Uczestników: ",{"t":"idOrVar","v":"n"}],"two":["Uczestników: ",{"t":"idOrVar","v":"n"}]},"$x":[{"t":"idOrVar","v":"plural"},"n"]},{"$i":"message-report","$v":"Raport wiadomości"},{"$i":"message-type-sms","$v":"Wiadomość tekstowa (SMS)"},{"$i":"message-type-mms","$v":"Wiadomość multimedialna (MMS)"},{"$i":"sms-report-description","$v":["Twoja wiadomość tekstowa (MMS) została wysłana w terminie ",{"t":"idOrVar","v":"datetime"}]},{"$i":"mms-report-description","$v":["Twoja wiadomość multimedialna (MMS) o temacie ",{"t":"idOrVar","v":"subject"}," została wysłana w terminie ",{"t":"idOrVar","v":"datetime"}]},{"$i":"mms-no-subject-report-description","$v":["Twoja wiadomość multimedialna (MMS) została wysłana w terminie ",{"t":"idOrVar","v":"datetime"}]},{"$i":"message-subject","$v":"Temat:"},{"$i":"report-status-error","$v":"Nie można wysłać wiadomości"},{"$i":"report-status-not-downloaded","$v":"nie pobrano"},{"$i":"report-status-delivered","$v":"Dostarczono:"},{"$i":"report-status-read","$v":"Przeczytano:"},{"$i":"report-status-pending","$v":"Żądanie raportu"},{"$i":"report-status-rejected","$v":"Wiadomość została odrzucona"},{"$i":"message-size-was","$v":"Rozmiar wiadomości:"},{"$i":"report-to-title","$v":"Do"},{"$i":"report-from-title","$v":"Od"},{"$i":"message-sent","$v":"Wysłano:"},{"$i":"message-sending","$v":[{"t":"idOrVar","v":"message-delivery-status-sending"}]},{"$i":"message-received","$v":"Odebrano:"},{"$i":"message-via","$v":"Przez:"},{"$i":"message-resend","$v":"Wyślij ponownie"},{"$i":"search","$v":"Szukaj"},{"$i":"unknown-contact-title","$v":"Nieznany kontakt"},{"$i":"phone-type-separator","$v":", "},{"$i":"phone-carrier-separator","$v":" "},{"$i":"thread-participant-separator","$v":", "},{"$i":"replace-draft","$v":"Zamień istniejącą wersję roboczą"},{"$i":"save-as-draft","$v":"Zapisz"},{"$i":"discard-message","$v":"Odrzuć"},{"$i":"discard-sms","$v":"Czy na pewno chcesz usunąć tę wiadomość?"},{"$i":"discard-new-message","$v":"Odrzucić tworzoną wiadomość i otworzyć nową wiadomość?"},{"$i":"resend-confirmation","$v":"Nie można wysłać wiadomości. Spróbować ponownie?"},{"$i":"resend-message","$v":"Ponownie wyślij tę wiadomość"},{"$i":"deleteMessage-confirmation","$v":"Usunąć wybraną wiadomość?"},{"$i":"deleteMessages-confirmation","$v":"Usunąć wybrane wiadomości?"},{"$i":"deleteThreads-confirmation2","$v":{"one":"Usunąć wybrany wątek wiadomości?","other":"Usunąć wybrane wątki wiadomości?"},"$x":[{"t":"idOrVar","v":"plural"},"n"]},{"$i":"new-message-notice-text","$v":"Nowa wiadomość od"},{"$i":"new-message-notice-a-text","$v":"Odczytaj"},{"$i":"noMessages-title","$v":"Brak wiadomości"},{"$i":"noMessages-text","$v":"Naciśnij przycisk „Nowy”, aby rozpocząć komunikację."},{"$i":"sendDefaultErrorTitle","$v":"Błąd wysyłania"},{"$i":"sendDefaultErrorBody","$v":"Podczas wysyłania wiadomości wystąpił błąd. Spróbuj ponownie."},{"$i":"sendDefaultErrorBtnOk","$v":"OK"},{"$i":"sendMissingSimCardTitle","$v":"Błąd wysyłania"},{"$i":"sendMissingSimCardBody","$v":"Włóż prawidłową kartę SIM, aby kontynuować."},{"$i":"sendMissingSimCardBtnOk","$v":"OK"},{"$i":"sendFlightModeTitle","$v":"Błąd wysyłania"},{"$i":"sendFlightModeBody","$v":"Wyłącz tryb samolotowy, aby móc wysyłać wiadomości."},{"$i":"sendFlightModeBtnOk","$v":"OK"},{"$i":"radioDisabledToDownloadTitle","$v":"Nieudane pobieranie"},{"$i":"radioDisabledToDownloadBody","$v":"Wyłącz tryb samolotowy, aby pobrać załączniki."},{"$i":"radioDisabledToDownloadBtnOk","$v":[{"t":"idOrVar","v":"sendFlightModeBtnOk"}]},{"$i":"downloadDefaultErrorTitle","$v":"Nieudane pobieranie"},{"$i":"downloadDefaultErrorBody","$v":"Podczas pobierania wiadomości wystąpił problem. Spróbuj ponownie."},{"$i":"downloadDefaultErrorBtnOk","$v":[{"t":"idOrVar","v":"sendDefaultErrorBtnOk"}]},{"$i":"fdnErrorTitle","$v":"Błąd wysyłania"},{"$i":"needConnectWifiBody","$v":["Brak dostępnych sieci komórkowych. Połącz z dostępną siecią ",{"t":"idOrVar","v":"Wi-Fi"},", aby wysyłać wiadomości."]},{"$i":"needConnectWifiTitle","$v":"Wiadomość nie została wysłana"},{"$i":"mmsChanelUsedBody","$v":"Trwa wysyłanie wiadomości MMS przez sieć podrzędną bez DDS, zaczekaj na zakończenie wysyłania."},{"$i":"mmsChanelUsedTitle","$v":"Wykorzystywany jest kanał MMS"},{"$i":"sms-counter-notice-label","$v":["Edytowanie wiadomości SMS ",{"t":"idOrVar","v":"number"}]},{"$i":"fdnErrorBody","$v":{"few":"Usługa FDN (ustalone numery) jest aktywna. Upewnij się, że numer centrum SMS i następujący odbiorcy znajdują się na liście numerów ustalonych.","many":"Usługa FDN (ustalone numery) jest aktywna. Upewnij się, że numer centrum SMS i następujący odbiorcy znajdują się na liście numerów ustalonych.","one":"Usługa FDN (ustalone numery) jest aktywna. Upewnij się, że numer centrum SMS i następujący odbiorca znajdują się na liście numerów ustalonych.","other":"Usługa FDN (ustalone numery) jest aktywna. Upewnij się, że numer centrum SMS i następujący odbiorcy znajdują się na liście numerów ustalonych.","two":"Usługa FDN (ustalone numery) jest aktywna. Upewnij się, że numer centrum SMS i następujący odbiorcy znajdują się na liście numerów ustalonych."},"$x":[{"t":"idOrVar","v":"plural"},"n"]},{"$i":"fdnErrorBtnOk","$v":"OK"},{"$i":"sendNoSignalErrorTitle","$v":"Błąd wysyłania"},{"$i":"sendNoSignalErrorBody","$v":"Brak sygnału sieci komórkowej, spróbuj ponownie."},{"$i":"sendNoSignalErrorBtnOk","$v":"OK"},{"$i":"sendNotFoundErrorTitle","$v":"Błąd wysyłania"},{"$i":"sendNotFoundErrorBody","$v":"Wiadomość, której szukasz, nie jest już dostępna."},{"$i":"sendNotFoundErrorBtnOk","$v":"OK"},{"$i":"sendInvalidAddressErrorTitle","$v":"Błąd wysyłania"},{"$i":"sendInvalidAddressErrorBody","$v":"Upewnij się, że wysyłasz wiadomość na prawidłowy numer."},{"$i":"sendInvalidAddressErrorBtnOk","$v":"OK"},{"$i":"simNotMatchedErrorTitle","$v":"Nie można pobrać"},{"$i":"simNotMatchedErrorBody","$v":"Upewnij się, że włożono odpowiednią kartę SIM umożliwiającą odebranie tej wiadomości."},{"$i":"simNotMatchedErrorBtnOk","$v":"OK"},{"$i":"netWorkErrorTitle","$v":"Awaria sieci"},{"$i":"netWorkErrorBody","$v":"Błąd sieci. Sprawdź stan połączenia."},{"$i":"netWorkErrorBtnOk","$v":"OK"},{"$i":"deleted-sms","$v":"Ta wiadomość została już usunięta."},{"$i":"view-attachment-image","$v":"Wyświetl"},{"$i":"view-attachment-audio","$v":"Odsłuchaj"},{"$i":"view-attachment-video","$v":"Wyświetl"},{"$i":"view-attachment-other","$v":"Wyświetl"},{"$i":"remove-attachment-image","$v":"Usuń obraz"},{"$i":"remove-attachment-audio","$v":"Usuń dźwięk"},{"$i":"remove-attachment-video","$v":"Usuń wideo"},{"$i":"remove-attachment-other","$v":"Usuń załącznik"},{"$i":"replace-attachment-image","$v":"Zamień obraz"},{"$i":"replace-attachment-audio","$v":"Zamień nagranie audio"},{"$i":"replace-attachment-video","$v":"Zamień nagranie wideo"},{"$i":"replace-attachment-other","$v":"Zamień załącznik"},{"$i":"unsent-message-title","$v":"Niewysłana wiadomość"},{"$i":"unsent-message-description","$v":"Poprzednia wiadomość nie została wysłana. Czy chcesz edytować niewysłaną wiadomość, czy odrzucić ją i kontynuować?"},{"$i":"unsent-message-option-edit","$v":"Edytuj"},{"$i":"unsent-message-option-discard","$v":"Odrzuć"},{"$i":"message-options","$v":"Opcje wiadomości"},{"$i":"select-text","$v":"Zaznacz tekst"},{"$i":"mobile","$v":"Komórkowy"},{"$i":"home","$v":"Dom"},{"$i":"work","$v":"Praca"},{"$i":"personal","$v":"Osobiste"},{"$i":"faxHome","$v":"Faks domowy"},{"$i":"faxOffice","$v":"Faks służbowy"},{"$i":"faxOther","$v":"Inny faks"},{"$i":"another","$v":"Inny"},{"$i":"other","$v":"Inny"},{"$i":"today","$v":"Dzisiaj"},{"$i":"yesterday","$v":"Wczoraj"},{"$i":"incorrectDate","$v":"(nieprawidłowa data)"},{"$i":"addToExistingContact","$v":"Dodaj do istniejącego kontaktu"},{"$i":"createNewContact","$v":"Utwórz nowy kontakt"},{"$i":"viewContact","$v":"Podgląd kontaktu"},{"$i":"sendEmail","$v":"Wyślij e-mail"},{"$i":"mms-message","$v":"Wiadomość MMS"},{"$i":"notDownloaded-title","$v":"Wiadomość nie została jeszcze pobrana."},{"$i":"tobedownloaded-attachment","$v":["Odebrano wiadomość multimedialną, naciśnij przycisk „Pobierz”, aby pobrać jej zawartość przed ",{"t":"idOrVar","v":"date"},"."]},{"$i":"expired-attachment","$v":["Przepraszamy, ta wiadomość wygasła w dniu ",{"t":"idOrVar","v":"date"}," i nie można jej pobrać."]},{"$i":"download-attachment","$v":"Pobierz"},{"$i":"downloading-attachment","$v":"Pobieranie…"},{"$i":"download-complete","$v":"Pobieranie zakończone"},{"$i":"unnamed-attachment","$v":"bez nazwy"},{"$i":"mms-label","$v":"MMS"},{"$i":"not-download-label","$v":"Masz wiadomość multimedialną, pobierz jej zawartość do"},{"$i":"attachment-label","$v":"Załącznik"},{"$i":"attached-files-too-large","$v":{"few":["Te wiadomości przekraczają limit rozmiaru pojedynczej wiadomości multimedialnej: ",{"t":"idOrVar","v":"mmsSize"}," MB."],"many":["Te wiadomości przekraczają limit rozmiaru pojedynczej wiadomości multimedialnej: ",{"t":"idOrVar","v":"mmsSize"}," MB."],"one":["Ta wiadomość przekracza limit rozmiaru pojedynczej wiadomości multimedialnej: ",{"t":"idOrVar","v":"mmsSize"}," MB."],"other":["Te wiadomości przekraczają limit rozmiaru pojedynczej wiadomości multimedialnej: ",{"t":"idOrVar","v":"mmsSize"}," MB."],"two":["Te wiadomości przekraczają limit rozmiaru pojedynczej wiadomości multimedialnej: ",{"t":"idOrVar","v":"mmsSize"}," MB."],"zero":["Te wiadomości przekraczają limit rozmiaru pojedynczej wiadomości multimedialnej: ",{"t":"idOrVar","v":"mmsSize"}," MB."]},"$x":[{"t":"idOrVar","v":"plural"},"n"]},{"$i":"resize-image","$v":"Zmiana wielkości załączonego obrazu"},{"$i":"no-attachment-text","$v":"Wystąpił problem z załączonym plikiem. Plik nie może zostać pobrany."},{"$i":"message-draft-saved","$v":"Wiadomość została zapisana jako wersja robocza"},{"$i":"sim-id-label","$v":["SIM ",{"t":"idOrVar","v":"id"}]},{"$i":"sim-detail","$v":["SIM ",{"t":"idOrVar","v":"id"},", ",{"t":"idOrVar","v":"detailString"}]},{"$i":"dsds-notification-title-with-sim","$v":["(",{"t":"idOrVar","v":"sim"},") ",{"t":"idOrVar","v":"sender"}]},{"$i":"send-button","ariaLabel":"Wyślij"},{"$i":"send-button-sim-indication","$v":[{"t":"idOrVar","v":"n"}],"ariaLabel":["SIM ",{"t":"idOrVar","v":"n"}," w użyciu"]},{"$i":"expiry-date-format","$v":"%A, %b %e"},{"$i":"attach-button","ariaLabel":"Dodaj załącznik"},{"$i":"contact-photo","ariaLabel":"Zdjęcie kontaktu"},{"$i":"unread-thread","ariaLabel":"Nieprzeczytane"},{"$i":"has-draft","ariaLabel":"Z wersją roboczą"},{"$i":"is-draft","ariaLabel":"Wersja robocza"},{"$i":"message-delivery-status-sending","$v":"Wysyłanie…"},{"$i":"message-delivery-status-delivered","$v":"Dostarczono"},{"$i":"message-delivery-status-read","ariaLabel":"Odczytano"},{"$i":"message-delivery-status-error","ariaLabel":"Błąd"},{"$i":"modal-dialog-ok-button","$v":"OK"},{"$i":"modal-dialog-cancel-button","$v":"Anuluj"},{"$i":"modal-dialog-default-title","$v":"Wiadomości"},{"$i":"delete-message","$v":"Wiadomość usunięta"},{"$i":"message-converted-to-toast","$v":["Wiadomość skonwertowano na ",{"t":"idOrVar","v":"type"}]},{"$i":"message-sent-toast","$v":"Wiadomość wysłana"},{"$i":"deleteMessage-confirmation2","$v":"Usunąć wybrany wątek wiadomości?"},{"$i":"deleted-message","$v":{"few":["Usunięto ",{"t":"idOrVar","v":"n"}," wiadomości"],"many":["Usunięto ",{"t":"idOrVar","v":"n"}," wiadomości"],"one":["Usunięto ",{"t":"idOrVar","v":"n"}," wiadomość"],"other":["Usunięto ",{"t":"idOrVar","v":"n"}," wiadomości"],"two":["Usunięto ",{"t":"idOrVar","v":"n"}," wiadomości"],"zero":"Usunięto 0 wiadomości"},"$x":[{"t":"idOrVar","v":"plural"},"n"]},{"$i":"deleted-threads","$v":{"few":["Usunięto wątki wiadomości (",{"t":"idOrVar","v":"n"},")"],"many":["Usunięto wątki wiadomości (",{"t":"idOrVar","v":"n"},")"],"one":"Usunięto wątek","other":["Usunięto wątki wiadomości (",{"t":"idOrVar","v":"n"},")"],"two":["Usunięto wątki wiadomości (",{"t":"idOrVar","v":"n"},")"],"zero":"Usunięto 0 wątków"},"$x":[{"t":"idOrVar","v":"plural"},"n"]},{"$i":"wapPushMessages","$v":"Wiadomości WAP Push"},{"$i":"auto-retrieve-messages","$v":"Automatyczne odbieranie wiadomości"},{"$i":"auto-retrieve-messages-title","$v":"Autoodbieranie wiadomości"},{"$i":"auto-roaming-retrieve","$v":"Wł. w roamingu"},{"$i":"auto-no-roaming-retrieve","$v":"Bez roamingu"},{"$i":"mmsTitle","$v":"Wiadomości multimedialne (MMS)"},{"$i":"message-delivery-reports","$v":"Raporty dostarczenia"},{"$i":"message-delivery-reports-title","$v":"Raporty dostarczenia"},{"$i":"messageReport-title","$v":"Szczegóły wiadomości"},{"$i":"sms-label","$v":"SMS"},{"$i":"messaging-settings","$v":"Ustawienia przesyłania wiadomości"},{"$i":"messagingSettings-header","$v":[{"t":"idOrVar","v":"messaging-settings"}]},{"$i":"confirmation-title","$v":"Potwierdzenie"},{"$i":"draft-save-content","$v":"Zapisać jako wersję roboczą?"},{"$i":"draft-discard-content","$v":"Odrzucono wiadomość"},{"$i":"switch-on","$v":"Wł."},{"$i":"switch-off","$v":"Wył."},{"$i":"auto-retrieve-desc","$v":"Automatycznie odbieraj wiadomości"},{"$i":"confirm-dialog-ok","$v":"OK"},{"$i":"yes","$v":"Tak"},{"$i":"no","$v":"Nie"},{"$i":"delete-current-thread?","$v":"Usunąć wybrany wątek wiadomości?"},{"$i":"attention","$v":"Uwaga"},{"$i":"delivery-title","$v":"Wiadomości tekstowe (SMS)"},{"$i":"send-failed","$v":"Wysyłanie nie powiodło się."},{"$i":"subject-removed","$v":"Usunięto temat."},{"$i":"data-storage-limit-alert-title","$v":"Pamięć telefonu jest pełna"},{"$i":"data-storage-limit-send-body","$v":"Nie udało się wysłać wiadomości MMS. Usuń wiadomości lub przejdź do ustawień, aby zwolnić miejsce."},{"$i":"data-storage-limit-download-body","$v":"Nie udało się pobrać wiadomości MMS. Usuń wiadomości lub przejdź do ustawień, aby zwolnić miejsce."},{"$i":"data-storage-limit-attachment-body","$v":"Nie można dodać załącznika. Usuń wiadomość lub przejdź do Ustawień, aby zwolnić miejsce."},{"$i":"data-storage-limit-alert-cancel","$v":"Anuluj"},{"$i":"data-storage-limit-alert-setting","$v":"Ustawienia"},{"$i":"recipient-repeat","$v":"Zduplikowany kontakt."},{"$i":"email","$v":"E-mail"},{"$i":"options","$v":"Opcje"},{"$i":"emergency-alert-title","$v":"Bezprzewodowe alerty o zagrożeniu"},{"$i":"emergency-alert","$v":"Bezprzewodowe alerty o zagrożeniu"},{"$i":"wappushNormal","$v":"Wap push"},{"$i":"wappushSIM1","$v":"WAP push – SIM 1"},{"$i":"wappushSIM2","$v":"WAP push – SIM 2"},{"$i":"not-assigned","$v":"Nie przypisano"},{"$i":"switchSIMDataSendAlertTitle","$v":"Wysyłanie wiadomości MMS nie powiodło się."},{"$i":"switchSIMDataSendAlertBody","$v":["Aby wysłać wiadomość MMS, musisz zmienić kartę SIM do przechowywania danych na SIM ",{"t":"idOrVar","v":"nonActiveSimId"}," w ustawieniach Menedżera kart SIM."]},{"$i":"switchSIMDataSendAlertDesc","$v":"Przejdź do aplikacji Ustawienia, aby zaktualizować ustawienia."},{"$i":"switchSIMDataReceiveAlertTitle","$v":"Odbieranie wiadomości MMS nie powiodło się."},{"$i":"switchSIMDataReceiveAlertBody","$v":["Aby otrzymać wiadomość MMS, musisz zmienić kartę SIM do przechowywania danych na SIM ",{"t":"idOrVar","v":"nonActiveSimId"}," w ustawieniach Menedżera kart SIM."]},{"$i":"switchSIMDataReceiveAlertDesc","$v":"Przejdź do aplikacji Ustawienia, aby zaktualizować ustawienia."},{"$i":"group-message","$v":"Wiadomość grupowa"},{"$i":"individual-message","$v":"Wiadomość pojedyncza"},{"$i":"group-message-alert-title","$v":"Wiadomość grupowa"},{"$i":"group-message-alert-body","$v":"Utworzyć wiadomość do grupy? (Wiadomość do grupy zostanie wysłana jako MMS i spowoduje naliczenie dodatkowych opłat przez dostawcę sieci bezprzewodowej, w wysokości zależnej od planu taryfowego)."},{"$i":"group-message-individual","$v":"Nie"},{"$i":"group-message-setting","$v":"Utwórz"},{"$i":"new-message-individual","$v":"Nowa wiadomość (pojedyncza)"},{"$i":"new-message-group","$v":"Nowa wiadomość (grupowa)"},{"$i":"device-phone-number","$v":"Mój numer telefonu"},{"$i":"group-message-phone","$v":"Wiadomości grupowe"},{"$i":"my-phone-number-SIM1","$v":"Mój numer telefonu – SIM 1"},{"$i":"my-phone-number-SIM2","$v":"Mój numer telefonu – SIM 2"},{"$i":"delivery-notification","$v":"Wiadomość została doręczona"},{"$i":"wait","$v":"oczekiwanie"},{"$i":"isTextTooLongAlert","$v":"Przekroczono maksymalną długość wiadomości."},{"$i":"video-call","$v":"Połączenie wideo"},{"$i":"normal-call","$v":"Połączenie"},{"$i":"attachment","$v":"Załącznik"},{"$i":"limit-MMS-recipients","$v":"MMS można wysłać do maks. 20 odbiorców."},{"$i":"block-contact","$v":"Zablokuj kontakt"},{"$i":"blocked","$v":"Zablokuj"},{"$i":"unblocked","$v":"Odblokuj"},{"$i":"rtt-call","$v":"Połączenie RTT"},{"$i":"remove-all-attachments","$v":"Usuń wszystkie załączniki"},{"$i":"block-confirmation","$v":"Nie będziesz otrzymywać połączeń ani wiadomości od osób znajdujących się na liście zablokowanych."},{"$i":"space-low-not-save","$v":"Pamięć jest pełna, nie udało się zapisać kopii roboczej."},{"$i":"creation-mode-messages","$v":"Tryb tworzenia"},{"$i":"creation-mode-restricted","$v":"Ograniczono"},{"$i":"creation-mode-warning","$v":"Ostrzeżenie"},{"$i":"creation-mode-free","$v":"Darmowy"},{"$i":"creationMode_restricted_title","$v":"limit trybu tworzenia"},{"$i":"creationMode_restricted_alert","$v":"Tryb tworzenia posiada ograniczenia, nie można dodać załącznika nienależącego do głównej domeny zawartości multimedialnej."},{"$i":"creationMode_warning_title","$v":"ostrzeżenie trybu tworzenia"},{"$i":"creationMode_warning_alert","$v":"Czy potwierdzasz, że chcesz dodać załącznik nienależący do głównej domeny zawartości multimedialnej?"},{"$i":"withoutDataTitle","$v":"Brak połączenia danych"},{"$i":"withoutDataBody","$v":"Aby wysyłać lub pobierać wiadomości MMS, włącz połączenie transmisji danych"},{"$i":"withoutDataBtnOk","$v":"OK"},{"$i":"withoutDataBtnSettings","$v":"Ustawienia"},{"$i":"FTUTitle","$v":"Witaj w Wiadomościach."},{"$i":"FTUBody","$v":"Podaj numer telefonu, aby korzystać z funkcji wiadomości do grupy."},{"$i":"myNumber","$v":"Mój numer telefonu"},{"$i":"myNumber-SIM1","$v":"Mój numer telefonu – SIM 1"},{"$i":"myNumber-SIM2","$v":"Mój numer telefonu – SIM 2"},{"$i":"save-number","$v":"Zapisz"},{"$i":"input-alert-show","$v":"To jest Twój numer telefonu."},{"$i":"input-alert-reInput","$v":"Podaj numer telefonu, aby korzystać z funkcji wiadomości do grupy."},{"$i":"multiple-recipients-flag","$v":",..."},{"$i":"parent-control-text","$v":"Numer jest zablokowany. Możesz poprosić rodziców o przydzielenie uprawnień."},{"$i":"groupNumberInputOne-placeholder","$v":"Mój numer telefonu – SIM 1"},{"$i":"groupNumberInputOne","$v":"Mój numer telefonu"},{"$i":"groupNumberInputTwo-placeholder","$v":"Mój numer telefonu – SIM 2"},{"$i":"groupNumberInputTwo","$v":"Mój numer telefonu"},{"$i":"custom-message-sent","$v":["Wysłano odpowiedź do ",{"t":"idOrVar","v":"name"}]},{"$i":"colon","$v":":"},{"$i":"sms-encoding-mode","$v":"Kodowanie SMS"},{"$i":"sms-reduced-format","$v":"Ograniczony format"},{"$i":"sms-full-format","$v":"Pełny format"},{"$i":"smscNormal","$v":"Centrum usług"},{"$i":"smscSIM1","$v":"Centrum usług SIM1"},{"$i":"smscSIM2","$v":"Centrum usług SIM2"},{"$i":"weekday-0-long","$v":"Niedziela"},{"$i":"weekday-1-long","$v":"Poniedziałek"},{"$i":"weekday-2-long","$v":"Wtorek"},{"$i":"weekday-3-long","$v":"Środa"},{"$i":"weekday-4-long","$v":"Czwartek"},{"$i":"weekday-5-long","$v":"Piątek"},{"$i":"weekday-6-long","$v":"Sobota"},{"$i":"weekday-0-short","$v":"Nd"},{"$i":"weekday-1-short","$v":"Pn"},{"$i":"weekday-2-short","$v":"Wt"},{"$i":"weekday-3-short","$v":"Śr"},{"$i":"weekday-4-short","$v":"Czw"},{"$i":"weekday-5-short","$v":"Pt"},{"$i":"weekday-6-short","$v":"Sob"},{"$i":"month-0-long","$v":"Styczeń"},{"$i":"month-1-long","$v":"Luty"},{"$i":"month-2-long","$v":"Marzec"},{"$i":"month-3-long","$v":"Kwiecień"},{"$i":"month-4-long","$v":"Maj"},{"$i":"month-5-long","$v":"Czerwiec"},{"$i":"month-6-long","$v":"Lipiec"},{"$i":"month-7-long","$v":"Sierpień"},{"$i":"month-8-long","$v":"Wrzesień"},{"$i":"month-9-long","$v":"Październik"},{"$i":"month-10-long","$v":"Listopad"},{"$i":"month-11-long","$v":"Grudzień"},{"$i":"month-0-genitive","$v":"Styczeń"},{"$i":"month-1-genitive","$v":"Luty"},{"$i":"month-2-genitive","$v":"Marzec"},{"$i":"month-3-genitive","$v":"Kwiecień"},{"$i":"month-4-genitive","$v":"Maj"},{"$i":"month-5-genitive","$v":"Czerwiec"},{"$i":"month-6-genitive","$v":"Lipiec"},{"$i":"month-7-genitive","$v":"Sierpień"},{"$i":"month-8-genitive","$v":"Wrzesień"},{"$i":"month-9-genitive","$v":"Październik"},{"$i":"month-10-genitive","$v":"Listopad"},{"$i":"month-11-genitive","$v":"Grudzień"},{"$i":"month-0-short","$v":"Sty"},{"$i":"month-1-short","$v":"Lut"},{"$i":"month-2-short","$v":"Mar"},{"$i":"month-3-short","$v":"Kwi"},{"$i":"month-4-short","$v":"Maj"},{"$i":"month-5-short","$v":"Cze"},{"$i":"month-6-short","$v":"Lip"},{"$i":"month-7-short","$v":"Sie"},{"$i":"month-8-short","$v":"Wrz"},{"$i":"month-9-short","$v":"Paź"},{"$i":"month-10-short","$v":"Lis"},{"$i":"month-11-short","$v":"Gru"},{"$i":"minutes-ago-long","$v":{"few":[{"t":"idOrVar","v":"value"}," minut(y) temu"],"many":[{"t":"idOrVar","v":"value"}," minut(y) temu"],"other":[{"t":"idOrVar","v":"value"}," minut"],"two":[{"t":"idOrVar","v":"value"}," minut(y) temu"],"one":"minutę temu","zero":"Przed chwilą"},"$x":[{"t":"idOrVar","v":"plural"},"value"]},{"$i":"hours-ago-long","$v":{"few":[{"t":"idOrVar","v":"value"}," godzin(y) temu"],"many":[{"t":"idOrVar","v":"value"}," godzin(y) temu"],"other":[{"t":"idOrVar","v":"value"}," godzin(y) temu"],"two":[{"t":"idOrVar","v":"value"}," godzin(y) temu"],"one":"godzinę temu","zero":"Przed chwilą"},"$x":[{"t":"idOrVar","v":"plural"},"value"]},{"$i":"days-ago-long","$v":{"few":[{"t":"idOrVar","v":"value"}," dni temu"],"many":[{"t":"idOrVar","v":"value"}," dni temu"],"one":"wczoraj","other":[{"t":"idOrVar","v":"value"}," dni temu"],"two":[{"t":"idOrVar","v":"value"}," dni temu"],"zero":"dzisiaj"},"$x":[{"t":"idOrVar","v":"plural"},"value"]},{"$i":"weeks-ago-long","$v":{"few":[{"t":"idOrVar","v":"value"}," tygodni(e) temu"],"many":[{"t":"idOrVar","v":"value"}," tygodni(e) temu"],"one":"w zeszłym tygodniu","other":[{"t":"idOrVar","v":"value"}," tygodni(e) temu"],"two":[{"t":"idOrVar","v":"value"}," tygodni(e) temu"],"zero":"w tym tygodniu"},"$x":[{"t":"idOrVar","v":"plural"},"value"]},{"$i":"months-ago-long","$v":{"few":[{"t":"idOrVar","v":"value"}," miesiące/miesięcy temu"],"many":[{"t":"idOrVar","v":"value"}," miesiące/miesięcy temu"],"one":"w zeszłym miesiącu","other":[{"t":"idOrVar","v":"value"}," miesiące/miesięcy temu"],"two":[{"t":"idOrVar","v":"value"}," miesiące/miesięcy temu"],"zero":"w tym miesiącu"},"$x":[{"t":"idOrVar","v":"plural"},"value"]},{"$i":"years-ago-long","$v":{"few":[{"t":"idOrVar","v":"value"}," lat(a) temu"],"many":[{"t":"idOrVar","v":"value"}," lat(a) temu"],"one":"w zeszłym roku","other":[{"t":"idOrVar","v":"value"}," lat(a) temu"],"two":[{"t":"idOrVar","v":"value"}," lat(a) temu"],"zero":"w tym roku"},"$x":[{"t":"idOrVar","v":"plural"},"value"]},{"$i":"minutes-until-long","$v":{"few":["za ",{"t":"idOrVar","v":"value"}," minut(y)"],"many":["za ",{"t":"idOrVar","v":"value"}," minut(y)"],"other":["za ",{"t":"idOrVar","v":"value"}," minut"],"two":["za ",{"t":"idOrVar","v":"value"}," minut(y)"],"zero":"teraz","one":"za minutę"},"$x":[{"t":"idOrVar","v":"plural"},"value"]},{"$i":"hours-until-long","$v":{"few":["za ",{"t":"idOrVar","v":"value"}," godzin(y)"],"many":["za ",{"t":"idOrVar","v":"value"}," godzin(y)"],"other":["za ",{"t":"idOrVar","v":"value"}," godzin"],"two":["za ",{"t":"idOrVar","v":"value"}," godzin(y)"],"zero":"teraz","one":"za godzinę"},"$x":[{"t":"idOrVar","v":"plural"},"value"]},{"$i":"days-until-long","$v":{"few":["za ",{"t":"idOrVar","v":"value"}," dni"],"many":["za ",{"t":"idOrVar","v":"value"}," dni"],"one":"jutro","other":["za ",{"t":"idOrVar","v":"value"}," dni"],"two":["za ",{"t":"idOrVar","v":"value"}," dni"],"zero":"dzisiaj"},"$x":[{"t":"idOrVar","v":"plural"},"value"]},{"$i":"weeks-until-long","$v":{"few":["za ",{"t":"idOrVar","v":"value"}," tygodni(e)"],"many":["za ",{"t":"idOrVar","v":"value"}," tygodni(e)"],"one":"w następnym tygodniu","other":["za ",{"t":"idOrVar","v":"value"}," tygodni(e)"],"two":["za ",{"t":"idOrVar","v":"value"}," tygodni(e)"],"zero":"w tym tygodniu"},"$x":[{"t":"idOrVar","v":"plural"},"value"]},{"$i":"months-until-long","$v":{"few":["za ",{"t":"idOrVar","v":"value"}," miesiące/miesięcy"],"many":["za ",{"t":"idOrVar","v":"value"}," miesiące/miesięcy"],"one":"w następnym miesiącu","other":["za ",{"t":"idOrVar","v":"value"}," miesiące/miesięcy"],"two":["za ",{"t":"idOrVar","v":"value"}," miesiące/miesięcy"],"zero":"w tym miesiącu"},"$x":[{"t":"idOrVar","v":"plural"},"value"]},{"$i":"years-until-long","$v":{"few":["za ",{"t":"idOrVar","v":"value"}," lat(a)"],"many":["za ",{"t":"idOrVar","v":"value"}," lat(a)"],"one":"w następnym roku","other":["za ",{"t":"idOrVar","v":"value"}," lat(a)"],"two":["za ",{"t":"idOrVar","v":"value"}," lat(a)"],"zero":"w tym roku"},"$x":[{"t":"idOrVar","v":"plural"},"value"]},{"$i":"minutes-ago-short","$v":{"other":[{"t":"idOrVar","v":"value"}," m temu"],"zero":"Przed chwilą"},"$x":[{"t":"idOrVar","v":"plural"},"value"]},{"$i":"hours-ago-short","$v":{"other":[{"t":"idOrVar","v":"value"}," g temu"],"zero":"Przed chwilą"},"$x":[{"t":"idOrVar","v":"plural"},"value"]},{"$i":"days-ago-short","$v":{"other":[{"t":"idOrVar","v":"value"}," d temu"],"zero":"dzisiaj"},"$x":[{"t":"idOrVar","v":"plural"},"value"]},{"$i":"minutes-until-short","$v":{"other":["za ",{"t":"idOrVar","v":"value"}," m"],"zero":"teraz"},"$x":[{"t":"idOrVar","v":"plural"},"value"]},{"$i":"hours-until-short","$v":{"other":["za ",{"t":"idOrVar","v":"value"}," g"],"zero":"teraz"},"$x":[{"t":"idOrVar","v":"plural"},"value"]},{"$i":"days-until-short","$v":{"other":["za ",{"t":"idOrVar","v":"value"}," d"],"zero":"dzisiaj"},"$x":[{"t":"idOrVar","v":"plural"},"value"]},{"$i":"dateTimeFormat_%c","$v":"%a %b %e %Y %I:%M:%S %p"},{"$i":"dateTimeFormat_%x","$v":"%m/%d/%Y"},{"$i":"dateTimeFormat_%X","$v":"%I:%M:%S %p"},{"$i":"shortTimeFormat","$v":"%I:%M %p"},{"$i":"shortTimeFormat12","$v":"%I:%M %p"},{"$i":"shortTimeFormat24","$v":"%H:%M"},{"$i":"shortDateTimeFormat","$v":"%x %I:%M %p"},{"$i":"weekStartsOnMonday","$v":"0.0"},{"$i":"firstDayOfTheWeek","$v":"1.0"},{"$i":"time_am","$v":"AM"},{"$i":"time_pm","$v":"PM"},{"$i":"softkey-options","$v":"Opcje"},{"$i":"emergencyNumber","$v":"Numer alarmowy"},{"$i":"callAirplaneModeMessage","$v":"Aby móc wykonać połączenie, musisz wyłączyć tryb samolotowy w ustawieniach."},{"$i":"callAirplaneModeBtnOk","$v":"OK"},{"$i":"callAirplaneModeTitle","$v":"Włączono tryb samolotowy"},{"$i":"numberIsBusyTitle","$v":"Numer jest zajęty"},{"$i":"numberIsBusyMessage","$v":"Numer jest aktualnie zajęty. Spróbuj ponownie później."},{"$i":"fdnIsActiveTitle","$v":"Usługa FDN jest włączona"},{"$i":"fdnIsActiveMessage","$v":["Usługa FDN (ustalone numery) jest włączona, a następujący numer nie znajduje się na liście FDN: ",{"t":"idOrVar","v":"number"}]},{"$i":"emergencyDialogBodyBadNumber","$v":"Aby możliwe było wykonywanie połączeń, telefon musi być połączony z siecią."},{"$i":"emergencyDialogBodyDeviceNotAccepted","$v":"Sieć nie zezwala na połączenia alarmowe."},{"$i":"emergencyDialogBtnOk","$v":"OK"},{"$i":"emergencyDialogTitle","$v":"Brak połączenia z siecią"},{"$i":"invalidNumberToDialTitle","$v":"Nieprawidłowy numer telefonu"},{"$i":"invalidNumberToDialMessage","$v":"Wybrany numer telefonu nie jest prawidłowy."},{"$i":"unableToCallTitle","$v":"Nie można wykonać połączenia"},{"$i":"unableToCallMessage","$v":"Aktualnie nie można nawiązać połączenia głosowego."},{"$i":"otherConnectionInUseTitle","$v":"Inne łącze w użyciu"},{"$i":"otherConnectionInUseMessage","$v":"Masz aktywne połączenie na innym łączu. Nie możesz używać więcej niż jednego łącza."},{"$i":"connectingEllipsis","$v":"Łączenie..."}]