[{"$i":"messages","$v":"Mesaje"},{"$i":"deleteMessages-title","$v":"Selectare"},{"$i":"selectThreads-title","$v":"Selectare"},{"$i":"edit","$v":"Modificare"},{"$i":"back","$v":"Înapoi"},{"$i":"cancel","$v":"Anulare"},{"$i":"delete","$v":"Ștergere"},{"$i":"deleting-messages","$v":"Se șterge..."},{"$i":"deselect","$v":"Deselectare"},{"$i":"selected-threads","$v":{"few":[{"t":"idOrVar","v":"n"}," selectat(e)"],"many":[{"t":"idOrVar","v":"n"}," selectat(e)"],"one":[{"t":"idOrVar","v":"n"}," selectat(e)"],"other":[{"t":"idOrVar","v":"n"}," selectat(e)"],"two":[{"t":"idOrVar","v":"n"}," selectat(e)"],"zero":"0 selectate"},"$x":[{"t":"idOrVar","v":"plural"},"n"]},{"$i":"selected-messages","$v":{"few":[{"t":"idOrVar","v":"n"}," selectat(e)"],"many":[{"t":"idOrVar","v":"n"}," selectat(e)"],"one":[{"t":"idOrVar","v":"n"}," selectat(e)"],"other":[{"t":"idOrVar","v":"n"}," selectat(e)"],"two":[{"t":"idOrVar","v":"n"}," selectat(e)"],"zero":"0 selectate"},"$x":[{"t":"idOrVar","v":"plural"},"n"]},{"$i":"selectThreads-label","$v":"Selectare fire de conversație"},{"$i":"selectMessages-label","$v":"Selectare mesaje"},{"$i":"new-message","$v":"Nou"},{"$i":"delete-thread","$v":"Ștergere fir de conversație"},{"$i":"create-new-contact","$v":"Creați un contact nou"},{"$i":"add-to-contact","$v":"Adăugare la un contact existent"},{"$i":"select-thread","$v":"Selectare fir de conversație"},{"$i":"settings","$v":"Setări"},{"$i":"select-all","$v":"Toate"},{"$i":"deselect-all","$v":"Nimic"},{"$i":"select","$v":"Selectare"},{"$i":"sk-save-as-draft","$v":"Salvare ca ciornă"},{"$i":"next","$v":"Înainte"},{"$i":"send","$v":"Trimitere"},{"$i":"add-contact","$v":"Adăugare"},{"$i":"add-suggestion","$v":"Selectare"},{"$i":"add-subject","$v":"Adăugare subiect"},{"$i":"remove-subject","$v":"Eliminare subiect"},{"$i":"add-attachment","$v":"Anexare fișier"},{"$i":"remove-attachment","$v":"Eliminare fișier anexat"},{"$i":"replace-attachment","$v":"Înlocuire fișier anexat"},{"$i":"select-messages","$v":"Selectare mesaje"},{"$i":"call","$v":"Apel"},{"$i":"forward","$v":"Redirecționare"},{"$i":"view-message-report","$v":"Afișare detalii mesaj"},{"$i":"cancel-view-report","$v":"Anulare"},{"$i":"ok","$v":"OK"},{"$i":"enter","$v":"Introducere"},{"$i":"open","$v":"Deschidere"},{"$i":"to","$v":"Către"},{"$i":"new","$v":"Nou"},{"$i":"message","$v":"Mesaj"},{"$i":"messagesInput_placeholder","$v":"Mesaj"},{"$i":"messagesSubjectInput_placeholder","$v":"Subiect"},{"$i":"subjectComposerInput_placeholder","$v":"Subiect"},{"$i":"converted-to-mms","$v":"Se convertește în mesaj multimedia."},{"$i":"converted-to-sms","$v":"Se convertește în mesaj text."},{"$i":"messages-max-length-text","$v":"Ați atins lungimea maximă."},{"$i":"messages-max-subject-length-text","$v":"Lungimea maximă a subiectului a fost atinsă."},{"$i":"multimedia-message-exceeded-max-length","$v":["Acest mesaj depășește limita dimensiunii de ",{"t":"idOrVar","v":"mmsSize"}," MB a unui singur mesaj multimedia."]},{"$i":"newMessage","$v":"Mesaj nou"},{"$i":"sendMessage","$v":"Trimitere mesaj"},{"$i":"sendMMSToEmail","$v":"Trimitere mesaj multimedia"},{"$i":"no-recipient","$v":"(Niciun destinatar)"},{"$i":"recipient","$v":{"few":[{"t":"idOrVar","v":"n"}," destinatari"],"many":[{"t":"idOrVar","v":"n"}," destinatari"],"one":[{"t":"idOrVar","v":"n"}," destinatar"],"other":[{"t":"idOrVar","v":"n"}," destinatari"],"two":[{"t":"idOrVar","v":"n"}," destinatari"]},"$x":[{"t":"idOrVar","v":"plural"},"n"]},{"$i":"attachmentSizeB","$v":[{"t":"idOrVar","v":"n"}," B"]},{"$i":"attachmentSizeKB","$v":[{"t":"idOrVar","v":"n"}," KB"]},{"$i":"attachmentSizeMB","$v":[{"t":"idOrVar","v":"n"}," MB"]},{"$i":"attachmentOpenError","$v":"Nu există nicio aplicație disponibilă pentru a deschide acest tip de fișier."},{"$i":"attachmentNotFile","$v":"Acest fișier nu a fost găsit."},{"$i":"remove","$v":"Eliminare"},{"$i":"participant","$v":{"few":[{"t":"idOrVar","v":"n"}," participanți"],"many":[{"t":"idOrVar","v":"n"}," participanți"],"one":[{"t":"idOrVar","v":"n"}," participant"],"other":[{"t":"idOrVar","v":"n"}," participanți"],"two":[{"t":"idOrVar","v":"n"}," participanți"]},"$x":[{"t":"idOrVar","v":"plural"},"n"]},{"$i":"message-report","$v":"Raport mesaj"},{"$i":"message-type-sms","$v":"Mesaj text (SMS)"},{"$i":"message-type-mms","$v":"Mesaj multimedia (MMS)"},{"$i":"sms-report-description","$v":["Mesajul dvs. text (SMS) a fost trimis în ",{"t":"idOrVar","v":"datetime"}]},{"$i":"mms-report-description","$v":["Mesajul dvs. multimedia (MMS), cu subiectul ",{"t":"idOrVar","v":"subject"},", a fost trimis în ",{"t":"idOrVar","v":"datetime"}]},{"$i":"mms-no-subject-report-description","$v":["Mesajul dvs. multimedia (MMS) a fost trimis în ",{"t":"idOrVar","v":"datetime"}]},{"$i":"message-subject","$v":"Subiect:"},{"$i":"report-status-error","$v":"Mesajul nu a putut fi trimis."},{"$i":"report-status-not-downloaded","$v":"nu s-a descărcat"},{"$i":"report-status-delivered","$v":"Livrat:"},{"$i":"report-status-read","$v":"Citit:"},{"$i":"report-status-pending","$v":"Raport solicitat"},{"$i":"report-status-rejected","$v":"Mesaj respins"},{"$i":"message-size-was","$v":"Dimensiune mesaj:"},{"$i":"report-to-title","$v":"Către"},{"$i":"report-from-title","$v":"De la"},{"$i":"message-sent","$v":"Trimis:"},{"$i":"message-sending","$v":[{"t":"idOrVar","v":"message-delivery-status-sending"}]},{"$i":"message-received","$v":"Primit:"},{"$i":"message-via","$v":"Prin:"},{"$i":"message-resend","$v":"Retrimitere"},{"$i":"search","$v":"Căutare"},{"$i":"unknown-contact-title","$v":"Contact necunoscut"},{"$i":"phone-type-separator","$v":", "},{"$i":"phone-carrier-separator","$v":" "},{"$i":"thread-participant-separator","$v":", "},{"$i":"replace-draft","$v":"Înlocuire ciornă existentă"},{"$i":"save-as-draft","$v":"Salvare"},{"$i":"discard-message","$v":"Anulare"},{"$i":"discard-sms","$v":"Sigur doriți să anulați acest mesaj?"},{"$i":"discard-new-message","$v":"Anulați mesajul pe care îl scrieți și deschideți mesajul nou?"},{"$i":"resend-confirmation","$v":"Mesajul nu a putut fi trimis. Încercați din nou?"},{"$i":"resend-message","$v":"Retrimiteți acest mesaj"},{"$i":"deleteMessage-confirmation","$v":"Ștergeți mesajul selectat?"},{"$i":"deleteMessages-confirmation","$v":"Ștergeți mesajele selectate?"},{"$i":"deleteThreads-confirmation2","$v":{"one":"Ștergeți firul de conversație selectat?","other":"Ștergeți firele de conversație selectate?"},"$x":[{"t":"idOrVar","v":"plural"},"n"]},{"$i":"new-message-notice-text","$v":"Mesaj nou de la"},{"$i":"new-message-notice-a-text","$v":"Citiți-l"},{"$i":"noMessages-title","$v":"Nu există mesaje"},{"$i":"noMessages-text","$v":"Atingeți opțiunea Nou pentru a începe comunicația."},{"$i":"sendDefaultErrorTitle","$v":"Trimitere nereușită"},{"$i":"sendDefaultErrorBody","$v":"A apărut o problemă la trimiterea mesajului. Încercați din nou."},{"$i":"sendDefaultErrorBtnOk","$v":"OK"},{"$i":"sendMissingSimCardTitle","$v":"Trimitere nereușită"},{"$i":"sendMissingSimCardBody","$v":"Introduceți o cartelă SIM corectă pentru a continua."},{"$i":"sendMissingSimCardBtnOk","$v":"OK"},{"$i":"sendFlightModeTitle","$v":"Trimitere nereușită"},{"$i":"sendFlightModeBody","$v":"Pentru a trimite mesaje, dezactivați modul avion."},{"$i":"sendFlightModeBtnOk","$v":"OK"},{"$i":"radioDisabledToDownloadTitle","$v":"Eroare la descărcare"},{"$i":"radioDisabledToDownloadBody","$v":"Pentru a descărca fișiere anexate, dezactivați modul avion."},{"$i":"radioDisabledToDownloadBtnOk","$v":[{"t":"idOrVar","v":"sendFlightModeBtnOk"}]},{"$i":"downloadDefaultErrorTitle","$v":"Eroare la descărcare"},{"$i":"downloadDefaultErrorBody","$v":"A apărut o problemă la descărcarea mesajului. Încercați din nou."},{"$i":"downloadDefaultErrorBtnOk","$v":[{"t":"idOrVar","v":"sendDefaultErrorBtnOk"}]},{"$i":"fdnErrorTitle","$v":"Trimitere nereușită"},{"$i":"needConnectWifiBody","$v":["Nu există rețele mobile disponibile. Pentru a trimite mesaje, conectați-vă la o rețea ",{"t":"idOrVar","v":"Wi-Fi"}," disponibilă."]},{"$i":"needConnectWifiTitle","$v":"Mesajul nu a fost trimis"},{"$i":"mmsChanelUsedBody","$v":"Mesajul MMS se trimite printr-un alt serviciu și nu DDS. Așteptați încheierea procesului de trimitere."},{"$i":"mmsChanelUsedTitle","$v":"Canal MMS utilizat"},{"$i":"sms-counter-notice-label","$v":["Se modifică mesajul SMS ",{"t":"idOrVar","v":"number"}]},{"$i":"fdnErrorBody","$v":{"few":"Funcția FDN (Fixe Dialing Numbers - Numere de apelare fixă) este activată. Asigurați-vă că centrul SMS și următorii destinatari se află în lista FDN.","many":"Funcția FDN (Fixe Dialing Numbers - Numere de apelare fixă) este activată. Asigurați-vă că centrul SMS și următorii destinatari se află în lista FDN.","one":"Funcția FDN (Fixe Dialing Numbers - Numere de apelare fixă) este activată. Asigurați-vă că centrul SMS și următorul destinatar se află în lista FDN.","other":"Funcția FDN (Fixe Dialing Numbers - Numere de apelare fixă) este activată. Asigurați-vă că centrul SMS și următorii destinatari se află în lista FDN.","two":"Funcția FDN (Fixe Dialing Numbers - Numere de apelare fixă) este activată. Asigurați-vă că centrul SMS și următorii destinatari se află în lista FDN."},"$x":[{"t":"idOrVar","v":"plural"},"n"]},{"$i":"fdnErrorBtnOk","$v":"OK"},{"$i":"sendNoSignalErrorTitle","$v":"Trimitere nereușită"},{"$i":"sendNoSignalErrorBody","$v":"Nu există semnal mobil. Încercați din nou."},{"$i":"sendNoSignalErrorBtnOk","$v":"OK"},{"$i":"sendNotFoundErrorTitle","$v":"Trimitere nereușită"},{"$i":"sendNotFoundErrorBody","$v":"Mesajul pe care îl căutați nu mai este disponibil."},{"$i":"sendNotFoundErrorBtnOk","$v":"OK"},{"$i":"sendInvalidAddressErrorTitle","$v":"Trimitere nereușită"},{"$i":"sendInvalidAddressErrorBody","$v":"Asigurați-vă că numărul de mobil la care trimiteți este corect."},{"$i":"sendInvalidAddressErrorBtnOk","$v":"OK"},{"$i":"simNotMatchedErrorTitle","$v":"Imposibil de descărcat"},{"$i":"simNotMatchedErrorBody","$v":"Asigurați-vă că SIM-ul introdus este cel utilizat pentru a primi acest mesaj."},{"$i":"simNotMatchedErrorBtnOk","$v":"OK"},{"$i":"netWorkErrorTitle","$v":"Eroare rețea"},{"$i":"netWorkErrorBody","$v":"Eroare de rețea. Verificați conexiunea la rețea."},{"$i":"netWorkErrorBtnOk","$v":"OK"},{"$i":"deleted-sms","$v":"Acest mesaj a fost deja șters."},{"$i":"view-attachment-image","$v":"Afișare"},{"$i":"view-attachment-audio","$v":"Ascultare"},{"$i":"view-attachment-video","$v":"Afișare"},{"$i":"view-attachment-other","$v":"Afișare"},{"$i":"remove-attachment-image","$v":"Eliminare imagine"},{"$i":"remove-attachment-audio","$v":"Eliminare fișier audio"},{"$i":"remove-attachment-video","$v":"Eliminare videoclip"},{"$i":"remove-attachment-other","$v":"Eliminare fișier anexat"},{"$i":"replace-attachment-image","$v":"Înlocuire imagine"},{"$i":"replace-attachment-audio","$v":"Înlocuire fișier audio"},{"$i":"replace-attachment-video","$v":"Înlocuire videoclip"},{"$i":"replace-attachment-other","$v":"Înlocuire fișier anexat"},{"$i":"unsent-message-title","$v":"Mesaj netrimis"},{"$i":"unsent-message-description","$v":"Mesajul dvs. anterior nu a fost trimis. Doriți să modificați mesajul netrimis sau să-l anulați și să continuați?"},{"$i":"unsent-message-option-edit","$v":"Modificare"},{"$i":"unsent-message-option-discard","$v":"Anulare"},{"$i":"message-options","$v":"Opțiuni mesaj"},{"$i":"select-text","$v":"Selectare text"},{"$i":"mobile","$v":"Mobile"},{"$i":"home","$v":"Domiciliu"},{"$i":"work","$v":"Serviciu"},{"$i":"personal","$v":"Personal"},{"$i":"faxHome","$v":"Fax acasă"},{"$i":"faxOffice","$v":"Fax birou"},{"$i":"faxOther","$v":"Fax altele"},{"$i":"another","$v":"Altul/Alta"},{"$i":"other","$v":"Altele"},{"$i":"today","$v":"Astăzi"},{"$i":"yesterday","$v":"Ieri"},{"$i":"incorrectDate","$v":"(dată incorectă)"},{"$i":"addToExistingContact","$v":"Adăugare la un contact existent"},{"$i":"createNewContact","$v":"Creați un contact nou"},{"$i":"viewContact","$v":"Afișare contact"},{"$i":"sendEmail","$v":"Trimitere e-mail"},{"$i":"mms-message","$v":"Mesaj MMS"},{"$i":"notDownloaded-title","$v":"Mesajul nu este descărcat încă."},{"$i":"tobedownloaded-attachment","$v":["Ați primit un mesaj multimedia. Apăsați Descărcare pentru a recupera conținutul acestuia până la ",{"t":"idOrVar","v":"date"},"."]},{"$i":"expired-attachment","$v":["Ne pare rău, dar mesajul a expirat la ",{"t":"idOrVar","v":"date"}," și nu poate fi descărcat."]},{"$i":"download-attachment","$v":"Descărcare"},{"$i":"downloading-attachment","$v":"Se descarcă..."},{"$i":"download-complete","$v":"Descărcare finalizată"},{"$i":"unnamed-attachment","$v":"fără titlu"},{"$i":"mms-label","$v":"MMS"},{"$i":"not-download-label","$v":"Ați primit un mesaj multimedia. Descărcați-l pentru a obține conținutul acestuia înainte de"},{"$i":"attachment-label","$v":"Fișier anexat"},{"$i":"attached-files-too-large","$v":{"few":["Aceste mesaje depășesc limita dimensiunii de ",{"t":"idOrVar","v":"mmsSize"}," MB a unui singur mesaj multimedia."],"many":["Aceste mesaje depășesc limita dimensiunii de ",{"t":"idOrVar","v":"mmsSize"}," MB a unui singur mesaj multimedia."],"one":["Acest mesaj depășește limita dimensiunii de ",{"t":"idOrVar","v":"mmsSize"}," MB a unui singur mesaj multimedia."],"other":["Aceste mesaje depășesc limita dimensiunii de ",{"t":"idOrVar","v":"mmsSize"}," MB a unui singur mesaj multimedia."],"two":["Aceste mesaje depășesc limita dimensiunii de ",{"t":"idOrVar","v":"mmsSize"}," MB a unui singur mesaj multimedia."],"zero":["Aceste mesaje depășesc limita dimensiunii de ",{"t":"idOrVar","v":"mmsSize"}," MB a unui singur mesaj multimedia."]},"$x":[{"t":"idOrVar","v":"plural"},"n"]},{"$i":"resize-image","$v":"Se redimensionează imaginea anexată"},{"$i":"no-attachment-text","$v":"Există o problemă cu fișierul anexat și acesta nu poate fi descărcat."},{"$i":"message-draft-saved","$v":"Mesaj salvat ca ciornă"},{"$i":"sim-id-label","$v":["SIM ",{"t":"idOrVar","v":"id"}]},{"$i":"sim-detail","$v":["SIM ",{"t":"idOrVar","v":"id"},", ",{"t":"idOrVar","v":"detailString"}]},{"$i":"dsds-notification-title-with-sim","$v":["(",{"t":"idOrVar","v":"sim"},") ",{"t":"idOrVar","v":"sender"}]},{"$i":"send-button","ariaLabel":"Trimitere"},{"$i":"send-button-sim-indication","$v":[{"t":"idOrVar","v":"n"}],"ariaLabel":["utilizând cartela SIM ",{"t":"idOrVar","v":"n"}]},{"$i":"expiry-date-format","$v":"%A, %b %e"},{"$i":"attach-button","ariaLabel":"Anexare fișier"},{"$i":"contact-photo","ariaLabel":"Fotografie contact"},{"$i":"unread-thread","ariaLabel":"Necitit"},{"$i":"has-draft","ariaLabel":"Are o ciornă"},{"$i":"is-draft","ariaLabel":"Ciornă"},{"$i":"message-delivery-status-sending","$v":"Se trimite…"},{"$i":"message-delivery-status-delivered","$v":"Livrat"},{"$i":"message-delivery-status-read","ariaLabel":"Citit"},{"$i":"message-delivery-status-error","ariaLabel":"Eroare"},{"$i":"modal-dialog-ok-button","$v":"OK"},{"$i":"modal-dialog-cancel-button","$v":"Anulare"},{"$i":"modal-dialog-default-title","$v":"Mesaje"},{"$i":"delete-message","$v":"Mesaj șters"},{"$i":"message-converted-to-toast","$v":["Mesaj convertit în ",{"t":"idOrVar","v":"type"}]},{"$i":"message-sent-toast","$v":"Mesajul a fost trimis"},{"$i":"deleteMessage-confirmation2","$v":"Ștergeți firul de conversație selectat?"},{"$i":"deleted-message","$v":{"few":[{"t":"idOrVar","v":"n"}," mesaje șterse"],"many":[{"t":"idOrVar","v":"n"}," mesaje șterse"],"one":[{"t":"idOrVar","v":"n"}," mesaj șters"],"other":[{"t":"idOrVar","v":"n"}," mesaje șterse"],"two":[{"t":"idOrVar","v":"n"}," mesaje șterse"],"zero":"0 mesaje șterse"},"$x":[{"t":"idOrVar","v":"plural"},"n"]},{"$i":"deleted-threads","$v":{"few":[{"t":"idOrVar","v":"n"}," fire de conversație șterse"],"many":[{"t":"idOrVar","v":"n"}," fire de conversație șterse"],"one":"Fir de conversație șters","other":[{"t":"idOrVar","v":"n"}," fire de conversație șterse"],"two":[{"t":"idOrVar","v":"n"}," fire de conversație șterse"],"zero":"0 fire de conversație șterse"},"$x":[{"t":"idOrVar","v":"plural"},"n"]},{"$i":"wapPushMessages","$v":"Mesaje WAP Push"},{"$i":"auto-retrieve-messages","$v":"Recuperare automată a mesajelor"},{"$i":"auto-retrieve-messages-title","$v":"Recuperare automată a mesajelor"},{"$i":"auto-roaming-retrieve","$v":"On with roaming"},{"$i":"auto-no-roaming-retrieve","$v":"On without roaming"},{"$i":"mmsTitle","$v":"Mesaje multimedia (MMS)"},{"$i":"message-delivery-reports","$v":"Rapoarte de livrare"},{"$i":"message-delivery-reports-title","$v":"Rapoarte de livrare"},{"$i":"messageReport-title","$v":"Detalii mesaj"},{"$i":"sms-label","$v":"SMS"},{"$i":"messaging-settings","$v":"Setări mesagerie"},{"$i":"messagingSettings-header","$v":[{"t":"idOrVar","v":"messaging-settings"}]},{"$i":"confirmation-title","$v":"Confirmare"},{"$i":"draft-save-content","$v":"Salvați ca schiță?"},{"$i":"draft-discard-content","$v":"Mesaj anulat"},{"$i":"switch-on","$v":"Activat"},{"$i":"switch-off","$v":"Dezactivat"},{"$i":"auto-retrieve-desc","$v":"Recuperare automată a mesajelor"},{"$i":"confirm-dialog-ok","$v":"OK"},{"$i":"yes","$v":"Da"},{"$i":"no","$v":"Nu"},{"$i":"delete-current-thread?","$v":"Ștergeți firul de conversație selectat?"},{"$i":"attention","$v":"Atenție"},{"$i":"delivery-title","$v":"Mesaje text (SMS)"},{"$i":"send-failed","$v":"Trimitere nereușită."},{"$i":"subject-removed","$v":"Subiectul a fost șters."},{"$i":"data-storage-limit-alert-title","$v":"Memoria telefonului este plină"},{"$i":"data-storage-limit-send-body","$v":"Mesajul MMS nu poate fi trimis. Ștergeți mesajele sau accesați Setările pentru a elibera spațiu."},{"$i":"data-storage-limit-download-body","$v":"Mesajul MMS nu poate fi descărcat. Ștergeți mesajele sau accesați Setările pentru a elibera spațiu."},{"$i":"data-storage-limit-attachment-body","$v":"Obiectul nu poate fi anexat. Ștergeți mesajul sau accesați meniul Setări pentru a elibera spațiu."},{"$i":"data-storage-limit-alert-cancel","$v":"Anulare"},{"$i":"data-storage-limit-alert-setting","$v":"Setări"},{"$i":"recipient-repeat","$v":"Contact duplicat."},{"$i":"email","$v":"E-mail"},{"$i":"options","$v":"Opțiuni"},{"$i":"emergency-alert-title","$v":"Alerte de urgență wireless"},{"$i":"emergency-alert","$v":"Alerte de urgență wireless"},{"$i":"wappushNormal","$v":"WAP Push"},{"$i":"wappushSIM1","$v":"WAP Push - SIM 1"},{"$i":"wappushSIM2","$v":"WAP Push - SIM 2"},{"$i":"not-assigned","$v":"Element neatribuit"},{"$i":"switchSIMDataSendAlertTitle","$v":"Eroare la trimiterea mesajului MMS."},{"$i":"switchSIMDataSendAlertBody","$v":["Pentru a putea primi mesaje MMS, trebuie să schimbați cartela SIM pentru date, trecând la SIM ",{"t":"idOrVar","v":"nonActiveSimId"}," în setările Manager SIM."]},{"$i":"switchSIMDataSendAlertDesc","$v":"Accesați aplicația Setări pentru a actualiza setările."},{"$i":"switchSIMDataReceiveAlertTitle","$v":"Eroare la primirea mesajului MMS."},{"$i":"switchSIMDataReceiveAlertBody","$v":["Pentru a putea primi mesaje MMS, trebuie să schimbați cartela SIM pentru date, trecând la SIM ",{"t":"idOrVar","v":"nonActiveSimId"}," în setările Manager SIM."]},{"$i":"switchSIMDataReceiveAlertDesc","$v":"Accesați aplicația Setări pentru a actualiza setările."},{"$i":"group-message","$v":"Mesaj de grup"},{"$i":"individual-message","$v":"Mesaj individual"},{"$i":"group-message-alert-title","$v":"Mesaj de grup"},{"$i":"group-message-alert-body","$v":"Creați un mesaj de grup? (Mesajul de grup va fi trimis prin MMS și se vor percepe taxe suplimentare de către furnizorul wireless, în funcție de abonamentul de servicii.)"},{"$i":"group-message-individual","$v":"Nu"},{"$i":"group-message-setting","$v":"Creați"},{"$i":"new-message-individual","$v":"Mesaj nou (individual)"},{"$i":"new-message-group","$v":"Mesaj nou (grup)"},{"$i":"device-phone-number","$v":"Numărul meu de telefon"},{"$i":"group-message-phone","$v":"Mesaje de grup"},{"$i":"my-phone-number-SIM1","$v":"Numărul meu de telefon - SIM 1"},{"$i":"my-phone-number-SIM2","$v":"Numărul meu de telefon - SIM 2"},{"$i":"delivery-notification","$v":"Mesaj livrat"},{"$i":"wait","$v":"se așteaptă"},{"$i":"isTextTooLongAlert","$v":"Ați depășit lungimea maximă a mesajului."},{"$i":"video-call","$v":"Apel video"},{"$i":"normal-call","$v":"Apel"},{"$i":"attachment","$v":"Fișier anexat"},{"$i":"limit-MMS-recipients","$v":"Un mesaj MMS poate fi trimis la maximum 20 de destinatari."},{"$i":"block-contact","$v":"Blocați contactul"},{"$i":"blocked","$v":"Blocare"},{"$i":"unblocked","$v":"Deblocare"},{"$i":"rtt-call","$v":"Apel RTT"},{"$i":"remove-all-attachments","$v":"Eliminați toate fișierele anexate"},{"$i":"block-confirmation","$v":"Nu veți primi apeluri și mesaje de la persoanele din lista de blocare."},{"$i":"space-low-not-save","$v":"Spațiul de stocare este plin. Schița nu a putut fi salvată."},{"$i":"creation-mode-messages","$v":"Mod de creare"},{"$i":"creation-mode-restricted","$v":"Restricționat"},{"$i":"creation-mode-warning","$v":"Avertisment"},{"$i":"creation-mode-free","$v":"Gratuit"},{"$i":"creationMode_restricted_title","$v":"limită mod de creare"},{"$i":"creationMode_restricted_alert","$v":"Modul de creare este restricționat. Nu puteți adăuga obiectul anexat care este un domeniu cu conținut MM necentral."},{"$i":"creationMode_warning_title","$v":"avertisment mod de creare"},{"$i":"creationMode_warning_alert","$v":"Confirmați adăugarea obiectului anexat care este un domeniu de conținut MM necentral?"},{"$i":"withoutDataTitle","$v":"Nu există conexiune de date"},{"$i":"withoutDataBody","$v":"Pentru a trimite sau descărca mesaje MMS activați conexiunea de date din meniul Setări."},{"$i":"withoutDataBtnOk","$v":"OK"},{"$i":"withoutDataBtnSettings","$v":"Setări"},{"$i":"FTUTitle","$v":"Bun venit la Mesaje!"},{"$i":"FTUBody","$v":"Pentru a utiliza mesajele de grup, trebuie să furnizați numărul dvs. de telefon."},{"$i":"myNumber","$v":"Numărul meu de telefon"},{"$i":"myNumber-SIM1","$v":"Numărul meu de telefon - SIM 1"},{"$i":"myNumber-SIM2","$v":"Numărul meu de telefon - SIM 2"},{"$i":"save-number","$v":"Salvare"},{"$i":"input-alert-show","$v":"Acesta este numărul dvs. de telefon."},{"$i":"input-alert-reInput","$v":"Pentru a utiliza mesajele de grup, trebuie să furnizați numărul dvs. de telefon."},{"$i":"multiple-recipients-flag","$v":",..."},{"$i":"parent-control-text","$v":"Acest număr este blocat. Poți solicita permisiunea părinților."},{"$i":"groupNumberInputOne-placeholder","$v":"Numărul meu de telefon - SIM 1"},{"$i":"groupNumberInputOne","$v":"Numărul meu de telefon"},{"$i":"groupNumberInputTwo-placeholder","$v":"Numărul meu de telefon - SIM 2"},{"$i":"groupNumberInputTwo","$v":"Numărul meu de telefon"},{"$i":"custom-message-sent","$v":["Ați răspuns următoarei persoane: ",{"t":"idOrVar","v":"name"}]},{"$i":"colon","$v":":"},{"$i":"sms-encoding-mode","$v":"Codificare SMS"},{"$i":"sms-reduced-format","$v":"Format redus"},{"$i":"sms-full-format","$v":"Format complet"},{"$i":"smscNormal","$v":"Centrul de servicii"},{"$i":"smscSIM1","$v":"Centrul de servicii SIM1"},{"$i":"smscSIM2","$v":"Centrul de servicii SIM2"},{"$i":"weekday-0-long","$v":"Duminică"},{"$i":"weekday-1-long","$v":"Luni"},{"$i":"weekday-2-long","$v":"Marți"},{"$i":"weekday-3-long","$v":"Miercuri"},{"$i":"weekday-4-long","$v":"Joi"},{"$i":"weekday-5-long","$v":"Vineri"},{"$i":"weekday-6-long","$v":"Sâmbătă"},{"$i":"weekday-0-short","$v":"Dum"},{"$i":"weekday-1-short","$v":"Lun"},{"$i":"weekday-2-short","$v":"Mar"},{"$i":"weekday-3-short","$v":"Mie"},{"$i":"weekday-4-short","$v":"Joi"},{"$i":"weekday-5-short","$v":"Vin"},{"$i":"weekday-6-short","$v":"Sâm"},{"$i":"month-0-long","$v":"Ianuarie"},{"$i":"month-1-long","$v":"Februarie"},{"$i":"month-2-long","$v":"Martie"},{"$i":"month-3-long","$v":"Aprilie"},{"$i":"month-4-long","$v":"Mai"},{"$i":"month-5-long","$v":"Iunie"},{"$i":"month-6-long","$v":"Iulie"},{"$i":"month-7-long","$v":"August"},{"$i":"month-8-long","$v":"Septembrie"},{"$i":"month-9-long","$v":"Octombrie"},{"$i":"month-10-long","$v":"Noiembrie"},{"$i":"month-11-long","$v":"Decembrie"},{"$i":"month-0-genitive","$v":"Ianuarie"},{"$i":"month-1-genitive","$v":"Februarie"},{"$i":"month-2-genitive","$v":"Martie"},{"$i":"month-3-genitive","$v":"Aprilie"},{"$i":"month-4-genitive","$v":"Mai"},{"$i":"month-5-genitive","$v":"Iunie"},{"$i":"month-6-genitive","$v":"Iulie"},{"$i":"month-7-genitive","$v":"August"},{"$i":"month-8-genitive","$v":"Septembrie"},{"$i":"month-9-genitive","$v":"Octombrie"},{"$i":"month-10-genitive","$v":"Noiembrie"},{"$i":"month-11-genitive","$v":"Decembrie"},{"$i":"month-0-short","$v":"Ian"},{"$i":"month-1-short","$v":"Feb"},{"$i":"month-2-short","$v":"Mar"},{"$i":"month-3-short","$v":"Apr"},{"$i":"month-4-short","$v":"Mai"},{"$i":"month-5-short","$v":"Iun"},{"$i":"month-6-short","$v":"Iul"},{"$i":"month-7-short","$v":"Aug"},{"$i":"month-8-short","$v":"Sep"},{"$i":"month-9-short","$v":"Oct"},{"$i":"month-10-short","$v":"Nov"},{"$i":"month-11-short","$v":"Dec"},{"$i":"minutes-ago-long","$v":{"few":["în urmă cu ",{"t":"idOrVar","v":"value"}," minute"],"many":["în urmă cu ",{"t":"idOrVar","v":"value"}," minute"],"other":["în urmă cu ",{"t":"idOrVar","v":"value"}," minute"],"two":["în urmă cu ",{"t":"idOrVar","v":"value"}," minute"],"one":"în urmă cu un minut","zero":"Chiar acum"},"$x":[{"t":"idOrVar","v":"plural"},"value"]},{"$i":"hours-ago-long","$v":{"few":["în urmă cu ",{"t":"idOrVar","v":"value"}," ore"],"many":["în urmă cu ",{"t":"idOrVar","v":"value"}," ore"],"other":["în urmă cu ",{"t":"idOrVar","v":"value"}," ore"],"two":["în urmă cu ",{"t":"idOrVar","v":"value"}," ore"],"one":"în urmă cu o oră","zero":"Chiar acum"},"$x":[{"t":"idOrVar","v":"plural"},"value"]},{"$i":"days-ago-long","$v":{"few":["În urmă cu ",{"t":"idOrVar","v":"value"}," zile"],"many":["În urmă cu ",{"t":"idOrVar","v":"value"}," zile"],"one":"ieri","other":["În urmă cu ",{"t":"idOrVar","v":"value"}," zile"],"two":["În urmă cu ",{"t":"idOrVar","v":"value"}," zile"],"zero":"astăzi"},"$x":[{"t":"idOrVar","v":"plural"},"value"]},{"$i":"weeks-ago-long","$v":{"few":["în urmă cu ",{"t":"idOrVar","v":"value"}," săptămâni"],"many":["în urmă cu ",{"t":"idOrVar","v":"value"}," săptămâni"],"one":"săptămâna trecută","other":["în urmă cu ",{"t":"idOrVar","v":"value"}," săptămâni"],"two":["în urmă cu ",{"t":"idOrVar","v":"value"}," săptămâni"],"zero":"săptămâna aceasta"},"$x":[{"t":"idOrVar","v":"plural"},"value"]},{"$i":"months-ago-long","$v":{"few":["în urmă cu ",{"t":"idOrVar","v":"value"}," luni"],"many":["în urmă cu ",{"t":"idOrVar","v":"value"}," luni"],"one":"luna trecută","other":["în urmă cu ",{"t":"idOrVar","v":"value"}," luni"],"two":["în urmă cu ",{"t":"idOrVar","v":"value"}," luni"],"zero":"această lună"},"$x":[{"t":"idOrVar","v":"plural"},"value"]},{"$i":"years-ago-long","$v":{"few":["în urmă cu ",{"t":"idOrVar","v":"value"}," ani"],"many":["în urmă cu ",{"t":"idOrVar","v":"value"}," ani"],"one":"anul trecut","other":["în urmă cu ",{"t":"idOrVar","v":"value"}," ani"],"two":["în urmă cu ",{"t":"idOrVar","v":"value"}," ani"],"zero":"anul acesta"},"$x":[{"t":"idOrVar","v":"plural"},"value"]},{"$i":"minutes-until-long","$v":{"few":["peste ",{"t":"idOrVar","v":"value"}," minute"],"many":["peste ",{"t":"idOrVar","v":"value"}," minute"],"other":["peste ",{"t":"idOrVar","v":"value"}," minute"],"two":["peste ",{"t":"idOrVar","v":"value"}," minute"],"zero":"acum","one":"peste un minut"},"$x":[{"t":"idOrVar","v":"plural"},"value"]},{"$i":"hours-until-long","$v":{"few":["peste ",{"t":"idOrVar","v":"value"}," ore"],"many":["peste ",{"t":"idOrVar","v":"value"}," ore"],"other":["peste ",{"t":"idOrVar","v":"value"}," ore"],"two":["peste ",{"t":"idOrVar","v":"value"}," ore"],"zero":"acum","one":"peste o oră"},"$x":[{"t":"idOrVar","v":"plural"},"value"]},{"$i":"days-until-long","$v":{"few":["peste ",{"t":"idOrVar","v":"value"}," zile"],"many":["peste ",{"t":"idOrVar","v":"value"}," zile"],"one":"mâine","other":["peste ",{"t":"idOrVar","v":"value"}," zile"],"two":["peste ",{"t":"idOrVar","v":"value"}," zile"],"zero":"astăzi"},"$x":[{"t":"idOrVar","v":"plural"},"value"]},{"$i":"weeks-until-long","$v":{"few":["peste ",{"t":"idOrVar","v":"value"}," săptămâni"],"many":["peste ",{"t":"idOrVar","v":"value"}," săptămâni"],"one":"săptămâna viitoare","other":["peste ",{"t":"idOrVar","v":"value"}," săptămâni"],"two":["peste ",{"t":"idOrVar","v":"value"}," săptămâni"],"zero":"săptămâna aceasta"},"$x":[{"t":"idOrVar","v":"plural"},"value"]},{"$i":"months-until-long","$v":{"few":["peste ",{"t":"idOrVar","v":"value"}," luni"],"many":["peste ",{"t":"idOrVar","v":"value"}," luni"],"one":"luna următoare","other":["peste ",{"t":"idOrVar","v":"value"}," luni"],"two":["peste ",{"t":"idOrVar","v":"value"}," luni"],"zero":"această lună"},"$x":[{"t":"idOrVar","v":"plural"},"value"]},{"$i":"years-until-long","$v":{"few":["peste ",{"t":"idOrVar","v":"value"}," ani"],"many":["peste ",{"t":"idOrVar","v":"value"}," ani"],"one":"anul viitor","other":["peste ",{"t":"idOrVar","v":"value"}," ani"],"two":["peste ",{"t":"idOrVar","v":"value"}," ani"],"zero":"anul acesta"},"$x":[{"t":"idOrVar","v":"plural"},"value"]},{"$i":"minutes-ago-short","$v":{"other":["în urmă cu ",{"t":"idOrVar","v":"value"}," m"],"zero":"Chiar acum"},"$x":[{"t":"idOrVar","v":"plural"},"value"]},{"$i":"hours-ago-short","$v":{"other":["în urmă cu ",{"t":"idOrVar","v":"value"}," h"],"zero":"Chiar acum"},"$x":[{"t":"idOrVar","v":"plural"},"value"]},{"$i":"days-ago-short","$v":{"other":["În urmă cu ",{"t":"idOrVar","v":"value"}," z"],"zero":"astăzi"},"$x":[{"t":"idOrVar","v":"plural"},"value"]},{"$i":"minutes-until-short","$v":{"other":["peste ",{"t":"idOrVar","v":"value"}," m"],"zero":"acum"},"$x":[{"t":"idOrVar","v":"plural"},"value"]},{"$i":"hours-until-short","$v":{"other":["peste ",{"t":"idOrVar","v":"value"}," h"],"zero":"acum"},"$x":[{"t":"idOrVar","v":"plural"},"value"]},{"$i":"days-until-short","$v":{"other":["peste ",{"t":"idOrVar","v":"value"}," z"],"zero":"astăzi"},"$x":[{"t":"idOrVar","v":"plural"},"value"]},{"$i":"dateTimeFormat_%c","$v":"%a %b %e %Y %I:%M:%S %p"},{"$i":"dateTimeFormat_%x","$v":"%m/%d/%Y"},{"$i":"dateTimeFormat_%X","$v":"%I:%M:%S %p"},{"$i":"shortTimeFormat","$v":"%I:%M %p"},{"$i":"shortTimeFormat12","$v":"%I:%M %p"},{"$i":"shortTimeFormat24","$v":"%H:%M"},{"$i":"shortDateTimeFormat","$v":"%x %I:%M %p"},{"$i":"weekStartsOnMonday","$v":"0.0"},{"$i":"firstDayOfTheWeek","$v":"1.0"},{"$i":"time_am","$v":"AM"},{"$i":"time_pm","$v":"PM"},{"$i":"softkey-options","$v":"Opțiuni"},{"$i":"emergencyNumber","$v":"Număr de urgență"},{"$i":"callAirplaneModeMessage","$v":"Pentru a efectua un apel, trebuie să dezactivați modul avion, din Setări."},{"$i":"callAirplaneModeBtnOk","$v":"OK"},{"$i":"callAirplaneModeTitle","$v":"Mod avion activat"},{"$i":"numberIsBusyTitle","$v":"Numărul este ocupat"},{"$i":"numberIsBusyMessage","$v":"Numărul este momentan ocupat. Încercați din nou mai târziu."},{"$i":"fdnIsActiveTitle","$v":"Funcție FDN activă"},{"$i":"fdnIsActiveMessage","$v":["Funcția FDN (Fixed Dialing Numbers - Numere de apelare fixă) este activată, iar numărul următor nu se află pe lista FDN: ",{"t":"idOrVar","v":"number"}]},{"$i":"emergencyDialogBodyBadNumber","$v":"Pentru a efectua un apel, telefonul trebuie să fie conectat la o rețea."},{"$i":"emergencyDialogBodyDeviceNotAccepted","$v":"Apelurile de urgență nu sunt permise de rețea."},{"$i":"emergencyDialogBtnOk","$v":"OK"},{"$i":"emergencyDialogTitle","$v":"Nu există conexiune la rețea"},{"$i":"invalidNumberToDialTitle","$v":"Număr de telefon incorect"},{"$i":"invalidNumberToDialMessage","$v":"Numărul de telefon pe care îl apelați nu este corect."},{"$i":"unableToCallTitle","$v":"Nu se pot efectua apeluri"},{"$i":"unableToCallMessage","$v":"Nu este posibilă efectuarea unui apel acum."},{"$i":"otherConnectionInUseTitle","$v":"Altă conexiune este în curs de utilizare"},{"$i":"otherConnectionInUseMessage","$v":"Aveți un apel activ într-o altă conexiune. Puteți utiliza o singură conexiune odată."},{"$i":"connectingEllipsis","$v":"Se conectează..."}]