[{"$i":"messages","$v":"Сообщения"},{"$i":"deleteMessages-title","$v":"Выбрать"},{"$i":"selectThreads-title","$v":"Выбрать"},{"$i":"edit","$v":"Изменить"},{"$i":"back","$v":"Назад"},{"$i":"cancel","$v":"Отмена"},{"$i":"delete","$v":"Удалить"},{"$i":"deleting-messages","$v":"Удаление..."},{"$i":"deselect","$v":"СНЯТЬ"},{"$i":"selected-threads","$v":{"few":[{"t":"idOrVar","v":"n"}," Выбрано"],"many":[{"t":"idOrVar","v":"n"}," Выбрано"],"one":[{"t":"idOrVar","v":"n"}," Выбрано"],"other":[{"t":"idOrVar","v":"n"}," Выбрано"],"two":[{"t":"idOrVar","v":"n"}," Выбрано"],"zero":"0 выбрано"},"$x":[{"t":"idOrVar","v":"plural"},"n"]},{"$i":"selected-messages","$v":{"few":[{"t":"idOrVar","v":"n"}," Выбрано"],"many":[{"t":"idOrVar","v":"n"}," Выбрано"],"one":[{"t":"idOrVar","v":"n"}," Выбрано"],"other":[{"t":"idOrVar","v":"n"}," Выбрано"],"two":[{"t":"idOrVar","v":"n"}," Выбрано"],"zero":"0 выбрано"},"$x":[{"t":"idOrVar","v":"plural"},"n"]},{"$i":"selectThreads-label","$v":"Выбрать Цепочки"},{"$i":"selectMessages-label","$v":"Выбрать Сообщения"},{"$i":"new-message","$v":"Новое"},{"$i":"delete-thread","$v":"Удалить переписку"},{"$i":"create-new-contact","$v":"Создать Новый Контакт"},{"$i":"add-to-contact","$v":"Добавить к существующему контакту"},{"$i":"select-thread","$v":"Выбрать цепочку"},{"$i":"settings","$v":"Настройки"},{"$i":"select-all","$v":"Все"},{"$i":"deselect-all","$v":"Сброс"},{"$i":"select","$v":"Выбрать"},{"$i":"sk-save-as-draft","$v":"Сохранить как черновик"},{"$i":"next","$v":"Далее"},{"$i":"send","$v":"Отправить"},{"$i":"add-contact","$v":"Добавить"},{"$i":"add-suggestion","$v":"Выбрать"},{"$i":"add-subject","$v":"Добавить тему"},{"$i":"remove-subject","$v":"Удалить тему"},{"$i":"add-attachment","$v":"Добавить вложение"},{"$i":"remove-attachment","$v":"Удалить вложение"},{"$i":"replace-attachment","$v":"Заменить вложения"},{"$i":"select-messages","$v":"Выбрать сообщения"},{"$i":"call","$v":"Вызов"},{"$i":"forward","$v":"Переслать"},{"$i":"view-message-report","$v":"Просмотр сведений о сообщении"},{"$i":"cancel-view-report","$v":"Отмена"},{"$i":"ok","$v":"OK"},{"$i":"enter","$v":"Ввод"},{"$i":"open","$v":"Открыть"},{"$i":"to","$v":"Кому"},{"$i":"new","$v":"Новое"},{"$i":"message","$v":"Сообщение"},{"$i":"messagesInput_placeholder","$v":"Сообщение"},{"$i":"messagesSubjectInput_placeholder","$v":"Тема"},{"$i":"subjectComposerInput_placeholder","$v":"Тема"},{"$i":"converted-to-mms","$v":"Преобразование в сообщение MMS."},{"$i":"converted-to-sms","$v":"Преобразование в сообщение SMS."},{"$i":"messages-max-length-text","$v":"Достигнута максимально допустимая длина."},{"$i":"messages-max-subject-length-text","$v":"Достигнута максимальная длина темы."},{"$i":"multimedia-message-exceeded-max-length","$v":["Это сообщение превышает ограничение размера ",{"t":"idOrVar","v":"mmsSize"}," МБ для одного мультимедийного сообщения."]},{"$i":"newMessage","$v":"Новое сообщение"},{"$i":"sendMessage","$v":"Отправить сообщение"},{"$i":"sendMMSToEmail","$v":"Отправить MMS"},{"$i":"no-recipient","$v":"(Нет получателя)"},{"$i":"recipient","$v":{"few":[{"t":"idOrVar","v":"n"}," получателей"],"many":[{"t":"idOrVar","v":"n"}," получателей"],"one":[{"t":"idOrVar","v":"n"}," получатель"],"other":[{"t":"idOrVar","v":"n"}," получателей"],"two":[{"t":"idOrVar","v":"n"}," получателей"]},"$x":[{"t":"idOrVar","v":"plural"},"n"]},{"$i":"attachmentSizeB","$v":[{"t":"idOrVar","v":"n"}," Б"]},{"$i":"attachmentSizeKB","$v":[{"t":"idOrVar","v":"n"}," КБ"]},{"$i":"attachmentSizeMB","$v":[{"t":"idOrVar","v":"n"}," МБ"]},{"$i":"attachmentOpenError","$v":"Нет приложения для открытия этого типа файла."},{"$i":"attachmentNotFile","$v":"Этот файл не найден."},{"$i":"remove","$v":"Удалить"},{"$i":"participant","$v":{"few":[{"t":"idOrVar","v":"n"}," получателей"],"many":[{"t":"idOrVar","v":"n"}," получателей"],"one":[{"t":"idOrVar","v":"n"}," получатель"],"other":[{"t":"idOrVar","v":"n"}," получателей"],"two":[{"t":"idOrVar","v":"n"}," получателей"]},"$x":[{"t":"idOrVar","v":"plural"},"n"]},{"$i":"message-report","$v":"Отчет о сообщении"},{"$i":"message-type-sms","$v":"Текстовое сообщение (SMS)"},{"$i":"message-type-mms","$v":"Мультимедийное сообщение (MMS)"},{"$i":"sms-report-description","$v":["Ваше Текстовое сообщение (SMS) было отправлено ",{"t":"idOrVar","v":"datetime"}]},{"$i":"mms-report-description","$v":["Ваше Мультимедийное сообщение (MMS), с темой ",{"t":"idOrVar","v":"subject"},", было отправлено ",{"t":"idOrVar","v":"datetime"}]},{"$i":"mms-no-subject-report-description","$v":["Ваше Мультимедийное сообщение (MMS) было отправлено ",{"t":"idOrVar","v":"datetime"}]},{"$i":"message-subject","$v":"Тема:"},{"$i":"report-status-error","$v":"Сообщение не может быть отправлено"},{"$i":"report-status-not-downloaded","$v":"(не загружено)"},{"$i":"report-status-delivered","$v":"Доставлено:"},{"$i":"report-status-read","$v":"Прочитано:"},{"$i":"report-status-pending","$v":"Запрошенный отчет"},{"$i":"report-status-rejected","$v":"Сообщение отклонено"},{"$i":"message-size-was","$v":"Размер сообщения:"},{"$i":"report-to-title","$v":"Кому"},{"$i":"report-from-title","$v":"От"},{"$i":"message-sent","$v":"Отправлено:"},{"$i":"message-sending","$v":[{"t":"idOrVar","v":"message-delivery-status-sending"}]},{"$i":"message-received","$v":"Получено:"},{"$i":"message-via","$v":"С помощью:"},{"$i":"message-resend","$v":"Повторить"},{"$i":"search","$v":"Поиск"},{"$i":"unknown-contact-title","$v":"Неизвестный Контакт"},{"$i":"phone-type-separator","$v":", "},{"$i":"phone-carrier-separator","$v":" "},{"$i":"thread-participant-separator","$v":", "},{"$i":"replace-draft","$v":"Заменить существующий Черновик"},{"$i":"save-as-draft","$v":"Сохранить"},{"$i":"discard-message","$v":"Нет"},{"$i":"discard-sms","$v":"Вы уверены, что хотите отменить создание этого сообщения?"},{"$i":"discard-new-message","$v":"Отменить создаваемое сообщение и открыть новое сообщение?"},{"$i":"resend-confirmation","$v":"Сообщение не может быть отправлено. Попробуй еще раз?"},{"$i":"resend-message","$v":"Повторная отправка этого сообщения"},{"$i":"deleteMessage-confirmation","$v":"Удалить выбранное сообщение?"},{"$i":"deleteMessages-confirmation","$v":"Удалить выбранные сообщения?"},{"$i":"deleteThreads-confirmation2","$v":{"one":"Удалить выбранную цепочку сообщений?","other":"Удалить выбранные цепочки сообщений?"},"$x":[{"t":"idOrVar","v":"plural"},"n"]},{"$i":"new-message-notice-text","$v":"Новое сообщение от"},{"$i":"new-message-notice-a-text","$v":"Прочитать"},{"$i":"noMessages-title","$v":"Нет сообщений"},{"$i":"noMessages-text","$v":"Нажмите «Новое сообщение», чтобы начать общение."},{"$i":"sendDefaultErrorTitle","$v":"Ошибка отправления"},{"$i":"sendDefaultErrorBody","$v":"Возникла проблема с отправкой сообщения. Пожалуйста, попробуйте ещё раз."},{"$i":"sendDefaultErrorBtnOk","$v":"OK"},{"$i":"sendMissingSimCardTitle","$v":"Ошибка отправления"},{"$i":"sendMissingSimCardBody","$v":"Вставить действующую SIM-карту для продолжения."},{"$i":"sendMissingSimCardBtnOk","$v":"OK"},{"$i":"sendFlightModeTitle","$v":"Ошибка отправления"},{"$i":"sendFlightModeBody","$v":"Выключите режим «В самолёте», чтобы отправить сообщения."},{"$i":"sendFlightModeBtnOk","$v":"OK"},{"$i":"radioDisabledToDownloadTitle","$v":"Ошибка Загрузки"},{"$i":"radioDisabledToDownloadBody","$v":"Выключите режим «В самолёте», чтобы загрузить вложения."},{"$i":"radioDisabledToDownloadBtnOk","$v":[{"t":"idOrVar","v":"sendFlightModeBtnOk"}]},{"$i":"downloadDefaultErrorTitle","$v":"Ошибка Загрузки"},{"$i":"downloadDefaultErrorBody","$v":"При загрузке сообщения возникла проблема. Попробуйте ещё раз."},{"$i":"downloadDefaultErrorBtnOk","$v":[{"t":"idOrVar","v":"sendDefaultErrorBtnOk"}]},{"$i":"fdnErrorTitle","$v":"Ошибка отправления"},{"$i":"needConnectWifiBody","$v":["Cотовая сеть недоступна. Подключитесь к доступной сети ",{"t":"idOrVar","v":"Wi-Fi"}," для обмена сообщениями."]},{"$i":"needConnectWifiTitle","$v":"Сообщение не отправлено"},{"$i":"mmsChanelUsedBody","$v":"Отправка MMS не-DDS sub, пожалуйста, подождите, пока процесс отправки будет завершен."},{"$i":"mmsChanelUsedTitle","$v":"Используемый канал MMS"},{"$i":"sms-counter-notice-label","$v":["Редактирование SMS ",{"t":"idOrVar","v":"number"}]},{"$i":"fdnErrorBody","$v":{"few":"Фиксированный набор активирован. Убедитесь, что SMS-центр и следующий получатель находятся в вашем списке разрешенных номеров.","many":"Фиксированный набор активирован. Убедитесь, что SMS-центр и следующий получатель находятся в вашем списке разрешенных номеров.","one":"Фиксированный набор активирован. Убедитесь, что SMS-центр и следующий получатель находятся в вашем списке разрешенных номеров.","other":"Фиксированный набор активирован. Убедитесь, что SMS-центр и следующий получатель находятся в вашем списке разрешенных номеров.","two":"Фиксированный набор активирован. Убедитесь, что SMS-центр и следующий получатель находятся в вашем списке разрешенных номеров."},"$x":[{"t":"idOrVar","v":"plural"},"n"]},{"$i":"fdnErrorBtnOk","$v":"OK"},{"$i":"sendNoSignalErrorTitle","$v":"Ошибка отправления"},{"$i":"sendNoSignalErrorBody","$v":"Нет сигнала мобильной сети, пожалуйста, попробуйте ещё раз."},{"$i":"sendNoSignalErrorBtnOk","$v":"OK"},{"$i":"sendNotFoundErrorTitle","$v":"Ошибка отправления"},{"$i":"sendNotFoundErrorBody","$v":"Сообщение, которое вы ищете, больше не доступно."},{"$i":"sendNotFoundErrorBtnOk","$v":"OK"},{"$i":"sendInvalidAddressErrorTitle","$v":"Ошибка отправления"},{"$i":"sendInvalidAddressErrorBody","$v":"Убедитесь, что номер мобильного телефона, на который вы отправляете сообщение, действующий."},{"$i":"sendInvalidAddressErrorBtnOk","$v":"OK"},{"$i":"simNotMatchedErrorTitle","$v":"Не удается загрузить"},{"$i":"simNotMatchedErrorBody","$v":"Убедитесь, что установлена SIM-карта, используемая для получения этого сообщения."},{"$i":"simNotMatchedErrorBtnOk","$v":"OK"},{"$i":"netWorkErrorTitle","$v":"Ошибка сети"},{"$i":"netWorkErrorBody","$v":"Ошибка сети. Пожалуйста, проверьте ваше сетевое подключение."},{"$i":"netWorkErrorBtnOk","$v":"OK"},{"$i":"deleted-sms","$v":"Это сообщение уже удалено."},{"$i":"view-attachment-image","$v":"Просмотр"},{"$i":"view-attachment-audio","$v":"Слушать"},{"$i":"view-attachment-video","$v":"Просмотр"},{"$i":"view-attachment-other","$v":"Просмотр"},{"$i":"remove-attachment-image","$v":"Удалить изображение"},{"$i":"remove-attachment-audio","$v":"Удалить звуковую дорожку"},{"$i":"remove-attachment-video","$v":"Удалить видео"},{"$i":"remove-attachment-other","$v":"Удалить вложение"},{"$i":"replace-attachment-image","$v":"Заменить изображение"},{"$i":"replace-attachment-audio","$v":"Заменить аудио"},{"$i":"replace-attachment-video","$v":"Заменить видео"},{"$i":"replace-attachment-other","$v":"Заменить вложения"},{"$i":"unsent-message-title","$v":"Неотправленное сообщение"},{"$i":"unsent-message-description","$v":"Ваше предыдущее сообщение не было отправлено. Вы хотите отредактировать неотправленное сообщение или отменить его создание и продолжить?"},{"$i":"unsent-message-option-edit","$v":"Изменить"},{"$i":"unsent-message-option-discard","$v":"Отменить"},{"$i":"message-options","$v":"Параметры сообщения"},{"$i":"select-text","$v":"Выбрать текст"},{"$i":"mobile","$v":"Мобильный"},{"$i":"home","$v":"Дом"},{"$i":"work","$v":"Работа"},{"$i":"personal","$v":"Личные"},{"$i":"faxHome","$v":"Домашний факс"},{"$i":"faxOffice","$v":"Рабочий факс"},{"$i":"faxOther","$v":"Дополнительный факс"},{"$i":"another","$v":"Другой"},{"$i":"other","$v":"Другой"},{"$i":"today","$v":"Сегодня"},{"$i":"yesterday","$v":"Вчера"},{"$i":"incorrectDate","$v":"(неверная дата)"},{"$i":"addToExistingContact","$v":"Добавить к существующему контакту"},{"$i":"createNewContact","$v":"Создать Новый Контакт"},{"$i":"viewContact","$v":"Просмотр контакта"},{"$i":"sendEmail","$v":"Отправить Email"},{"$i":"mms-message","$v":"Сообщение MMS"},{"$i":"notDownloaded-title","$v":"Сообщение ещё не загружено."},{"$i":"tobedownloaded-attachment","$v":["Вы получили мультимедийное сообщение, нажмите «Загрузить», чтобы получить его содержимое до ",{"t":"idOrVar","v":"date"},"."]},{"$i":"expired-attachment","$v":["К сожалению, срок доставки сообщения истек ",{"t":"idOrVar","v":"date"}," и оно не может быть загружено."]},{"$i":"download-attachment","$v":"Загрузить"},{"$i":"downloading-attachment","$v":"Загрузка..."},{"$i":"download-complete","$v":"Загрузка завершена"},{"$i":"unnamed-attachment","$v":"без названия"},{"$i":"mms-label","$v":"MMS"},{"$i":"not-download-label","$v":"Вы получили мультимедийное сообщение, загрузите, чтобы получить его содержимое, прежде чем"},{"$i":"attachment-label","$v":"Вложение"},{"$i":"attached-files-too-large","$v":{"few":["Эти сообщения превышают ограничение размера ",{"t":"idOrVar","v":"mmsSize"}," МБ для одного мультимедийного сообщения."],"many":["Эти сообщения превышают ограничение размера ",{"t":"idOrVar","v":"mmsSize"}," МБ для одного мультимедийного сообщения."],"one":["Это сообщение превышает ограничение размера ",{"t":"idOrVar","v":"mmsSize"}," МБ для одного мультимедийного сообщения."],"other":["Эти сообщения превышают ограничение размера ",{"t":"idOrVar","v":"mmsSize"}," МБ для одного мультимедийного сообщения."],"two":["Эти сообщения превышают ограничение размера ",{"t":"idOrVar","v":"mmsSize"}," МБ для одного мультимедийного сообщения."],"zero":["Эти сообщения превышают ограничение размера ",{"t":"idOrVar","v":"mmsSize"}," МБ для одного мультимедийного сообщения."]},"$x":[{"t":"idOrVar","v":"plural"},"n"]},{"$i":"resize-image","$v":"Изменение размера прикрепленного изображения"},{"$i":"no-attachment-text","$v":"Проблема с прикрепленным файлом, он не может быть загружен."},{"$i":"message-draft-saved","$v":"Черновик сообщения сохранён"},{"$i":"sim-id-label","$v":["SIM ",{"t":"idOrVar","v":"id"}]},{"$i":"sim-detail","$v":["SIM ",{"t":"idOrVar","v":"id"},", ",{"t":"idOrVar","v":"detailString"}]},{"$i":"dsds-notification-title-with-sim","$v":["(",{"t":"idOrVar","v":"sim"},") ",{"t":"idOrVar","v":"sender"}]},{"$i":"send-button","ariaLabel":"Отправить"},{"$i":"send-button-sim-indication","$v":[{"t":"idOrVar","v":"n"}],"ariaLabel":["использование SIM ",{"t":"idOrVar","v":"n"}]},{"$i":"expiry-date-format","$v":"%A, %b %e"},{"$i":"attach-button","ariaLabel":"Добавить вложение"},{"$i":"contact-photo","ariaLabel":"Фото контакта"},{"$i":"unread-thread","ariaLabel":"Непрочитанные"},{"$i":"has-draft","ariaLabel":"Имеется черновик"},{"$i":"is-draft","ariaLabel":"Черновик"},{"$i":"message-delivery-status-sending","$v":"Отправка…"},{"$i":"message-delivery-status-delivered","$v":"Доставлено"},{"$i":"message-delivery-status-read","ariaLabel":"Прочитано"},{"$i":"message-delivery-status-error","ariaLabel":"Ошибка"},{"$i":"modal-dialog-ok-button","$v":"OK"},{"$i":"modal-dialog-cancel-button","$v":"Отмена"},{"$i":"modal-dialog-default-title","$v":"Сообщения"},{"$i":"delete-message","$v":"Сообщение удалено"},{"$i":"message-converted-to-toast","$v":["Сообщение преобразовано в ",{"t":"idOrVar","v":"type"}]},{"$i":"message-sent-toast","$v":"Сообщение отправлено"},{"$i":"deleteMessage-confirmation2","$v":"Удалить выбранную цепочку сообщений?"},{"$i":"deleted-message","$v":{"few":[{"t":"idOrVar","v":"n"}," сообщений удалено"],"many":[{"t":"idOrVar","v":"n"}," сообщений удалено"],"one":[{"t":"idOrVar","v":"n"}," сообщение удалено"],"other":[{"t":"idOrVar","v":"n"}," сообщений удалено"],"two":[{"t":"idOrVar","v":"n"}," сообщений удалено"],"zero":"0 сообщений удалено"},"$x":[{"t":"idOrVar","v":"plural"},"n"]},{"$i":"deleted-threads","$v":{"few":[{"t":"idOrVar","v":"n"}," цепочек сообщений удалено"],"many":[{"t":"idOrVar","v":"n"}," цепочек сообщений удалено"],"one":"Цепочка удалена","other":[{"t":"idOrVar","v":"n"}," цепочек сообщений удалено"],"two":[{"t":"idOrVar","v":"n"}," цепочек сообщений удалено"],"zero":"0 цепочек удалено"},"$x":[{"t":"idOrVar","v":"plural"},"n"]},{"$i":"wapPushMessages","$v":"Сообщения WAP PUSH"},{"$i":"auto-retrieve-messages","$v":"Автоматическое получение сообщений"},{"$i":"auto-retrieve-messages-title","$v":"Автоматическое Получение Сообщений"},{"$i":"auto-roaming-retrieve","$v":"Вкл без роуминга"},{"$i":"auto-no-roaming-retrieve","$v":"Вкл без роуминга"},{"$i":"mmsTitle","$v":"Мультимедийное сообщение (MMS)"},{"$i":"message-delivery-reports","$v":"Отчёты о доставке"},{"$i":"message-delivery-reports-title","$v":"Отчёты о доставке"},{"$i":"messageReport-title","$v":"Информация о сообщении"},{"$i":"sms-label","$v":"SMS"},{"$i":"messaging-settings","$v":"Настройки Сообщений"},{"$i":"messagingSettings-header","$v":[{"t":"idOrVar","v":"messaging-settings"}]},{"$i":"confirmation-title","$v":"Подтверждение"},{"$i":"draft-save-content","$v":"Сохранить как черновик?"},{"$i":"draft-discard-content","$v":"Сообщение удалено"},{"$i":"switch-on","$v":"Вкл"},{"$i":"switch-off","$v":"Выкл"},{"$i":"auto-retrieve-desc","$v":"Автоматическое получение сообщений"},{"$i":"confirm-dialog-ok","$v":"OK"},{"$i":"yes","$v":"Да"},{"$i":"no","$v":"Нет"},{"$i":"delete-current-thread?","$v":"Удалить выбранную цепочку сообщений?"},{"$i":"attention","$v":"Внимание"},{"$i":"delivery-title","$v":"Текстовые сообщения (SMS)"},{"$i":"send-failed","$v":"Отправить не удалось."},{"$i":"subject-removed","$v":"Тема удалена."},{"$i":"data-storage-limit-alert-title","$v":"Память Телефона Заполнена"},{"$i":"data-storage-limit-send-body","$v":"Невозможно отправить MMS. Удалите сообщения или перейдите в Настройки, чтобы освободить место."},{"$i":"data-storage-limit-download-body","$v":"Невозможно загрузить MMS. Удалите сообщения или перейдите в Настройки, чтобы освободить место."},{"$i":"data-storage-limit-attachment-body","$v":"Невозможно добавить вложение. Удалите сообщение или перейдите в Настройки, чтобы освободить место."},{"$i":"data-storage-limit-alert-cancel","$v":"Отмена"},{"$i":"data-storage-limit-alert-setting","$v":"Настройки"},{"$i":"recipient-repeat","$v":"Дубликат контакта."},{"$i":"email","$v":"Email"},{"$i":"options","$v":"Опции"},{"$i":"emergency-alert-title","$v":"Беспроводные Экстренные Оповещения"},{"$i":"emergency-alert","$v":"Беспроводные экстренные оповещения"},{"$i":"wappushNormal","$v":"WAP PUSH"},{"$i":"wappushSIM1","$v":"WAP PUSH - SIM 1"},{"$i":"wappushSIM2","$v":"WAP PUSH - SIM 2"},{"$i":"not-assigned","$v":"Не Назначено"},{"$i":"switchSIMDataSendAlertTitle","$v":"Не удалось отправить MMS."},{"$i":"switchSIMDataSendAlertBody","$v":["Чтобы отправлять MMS, вам необходимо изменить SIM-карту для данных на SIM ",{"t":"idOrVar","v":"nonActiveSimId"}," в настройках Управление SIM."]},{"$i":"switchSIMDataSendAlertDesc","$v":"Перейдите в приложение «Настройки», чтобы обновить настройки."},{"$i":"switchSIMDataReceiveAlertTitle","$v":"Не удалось получить MMS."},{"$i":"switchSIMDataReceiveAlertBody","$v":["Чтобы получать MMS, вам необходимо изменить SIM-карту для данных на SIM ",{"t":"idOrVar","v":"nonActiveSimId"}," в настройках Управление SIM."]},{"$i":"switchSIMDataReceiveAlertDesc","$v":"Перейдите в приложение «Настройки», чтобы обновить настройки."},{"$i":"group-message","$v":"Групповое Сообщение"},{"$i":"individual-message","$v":"Персональное сообщение"},{"$i":"group-message-alert-title","$v":"Групповое Сообщение"},{"$i":"group-message-alert-body","$v":"Создать групповое сообщение? (Групповое сообщение будет отправлено через MMS и может повлечь за собой дополнительные расходы от поставщика услуг беспроводной связи в зависимости от вашего тарифного плана.)"},{"$i":"group-message-individual","$v":"Нет"},{"$i":"group-message-setting","$v":"Создать"},{"$i":"new-message-individual","$v":"Новое сообщение (Персональное)"},{"$i":"new-message-group","$v":"Новое сообщение (Групповое)"},{"$i":"device-phone-number","$v":"Мой номер телефона"},{"$i":"group-message-phone","$v":"Групповые Сообщения"},{"$i":"my-phone-number-SIM1","$v":"Мой номер телефона - SIM 1"},{"$i":"my-phone-number-SIM2","$v":"Мой номер телефона - SIM 2"},{"$i":"delivery-notification","$v":"Сообщение доставлено"},{"$i":"wait","$v":"ожидание"},{"$i":"isTextTooLongAlert","$v":"Превышена максимальная длина сообщения."},{"$i":"video-call","$v":"Видеовызов"},{"$i":"normal-call","$v":"Вызов"},{"$i":"attachment","$v":"Вложение"},{"$i":"limit-MMS-recipients","$v":"MMS можно отправить только 20 получателям."},{"$i":"block-contact","$v":"Заблокировать контакт"},{"$i":"blocked","$v":"Блокировать"},{"$i":"unblocked","$v":"Разблокировать"},{"$i":"rtt-call","$v":"RTT вызов"},{"$i":"remove-all-attachments","$v":"Удалить все вложения"},{"$i":"block-confirmation","$v":"Вы не будете получать телефонные вызовы, сообщения от людей из черного списка."},{"$i":"space-low-not-save","$v":"Память заполнена, невозможно сохранить черновик."},{"$i":"creation-mode-messages","$v":"Режим создания"},{"$i":"creation-mode-restricted","$v":"Ограниченный"},{"$i":"creation-mode-warning","$v":"Предупреждение"},{"$i":"creation-mode-free","$v":"Свободный"},{"$i":"creationMode_restricted_title","$v":"ограничение режима создания"},{"$i":"creationMode_restricted_alert","$v":"Режим создания ограничен, вы не можете добавить вложение, которое не является основным доменом контента MM."},{"$i":"creationMode_warning_title","$v":"предупреждение режима создания"},{"$i":"creationMode_warning_alert","$v":"Подтверждаете ли вы добавление вложения, не являющееся основным доменом контента MM?"},{"$i":"withoutDataTitle","$v":"Нет подключения для передачи данных"},{"$i":"withoutDataBody","$v":"Включите в настройках Передачу данных в мобильной сети для отправки или загрузки MMS"},{"$i":"withoutDataBtnOk","$v":"OK"},{"$i":"withoutDataBtnSettings","$v":"Настройки"},{"$i":"FTUTitle","$v":"Добро пожаловать в Сообщения."},{"$i":"FTUBody","$v":"Вы должны предоставить свой номер телефона, чтобы использовать групповые сообщения."},{"$i":"myNumber","$v":"Мой номер телефона"},{"$i":"myNumber-SIM1","$v":"Мой Номер Телефона - SIM 1"},{"$i":"myNumber-SIM2","$v":"Мой Номер Телефона - SIM 2"},{"$i":"save-number","$v":"Сохранить"},{"$i":"input-alert-show","$v":"Это ваш номер телефона."},{"$i":"input-alert-reInput","$v":"Вы должны предоставить свой номер телефона, чтобы использовать групповые сообщения."},{"$i":"multiple-recipients-flag","$v":",..."},{"$i":"parent-control-text","$v":"Этот номер заблокирован. Вы можете попросить разрешения у родителей."},{"$i":"groupNumberInputOne-placeholder","$v":"Мой Номер Телефона - SIM 1"},{"$i":"groupNumberInputOne","$v":"Мой номер телефона"},{"$i":"groupNumberInputTwo-placeholder","$v":"Мой Номер Телефона - SIM 2"},{"$i":"groupNumberInputTwo","$v":"Мой номер телефона"},{"$i":"custom-message-sent","$v":["Ответили ",{"t":"idOrVar","v":"name"}]},{"$i":"colon","$v":":"},{"$i":"sms-encoding-mode","$v":"Кодировка SMS"},{"$i":"sms-reduced-format","$v":"Сокращенные"},{"$i":"sms-full-format","$v":"Полные"},{"$i":"smscNormal","$v":"Сервисный центр"},{"$i":"smscSIM1","$v":"Сервисный Центр SIM1"},{"$i":"smscSIM2","$v":"Сервисный Центр SIM2"},{"$i":"weekday-0-long","$v":"Воскресенье"},{"$i":"weekday-1-long","$v":"Понедельник"},{"$i":"weekday-2-long","$v":"Вторник"},{"$i":"weekday-3-long","$v":"Среда"},{"$i":"weekday-4-long","$v":"Четверг"},{"$i":"weekday-5-long","$v":"Пятница"},{"$i":"weekday-6-long","$v":"Суббота"},{"$i":"weekday-0-short","$v":"Вс"},{"$i":"weekday-1-short","$v":"Пн"},{"$i":"weekday-2-short","$v":"Вт"},{"$i":"weekday-3-short","$v":"Ср"},{"$i":"weekday-4-short","$v":"Чт"},{"$i":"weekday-5-short","$v":"Пт"},{"$i":"weekday-6-short","$v":"Сб"},{"$i":"month-0-long","$v":"Январь"},{"$i":"month-1-long","$v":"Февраль"},{"$i":"month-2-long","$v":"Март"},{"$i":"month-3-long","$v":"Апрель"},{"$i":"month-4-long","$v":"Май"},{"$i":"month-5-long","$v":"Июнь"},{"$i":"month-6-long","$v":"Июль"},{"$i":"month-7-long","$v":"Август"},{"$i":"month-8-long","$v":"Сентябрь"},{"$i":"month-9-long","$v":"Октябрь"},{"$i":"month-10-long","$v":"Ноябрь"},{"$i":"month-11-long","$v":"Декабрь"},{"$i":"month-0-genitive","$v":"Январь"},{"$i":"month-1-genitive","$v":"Февраль"},{"$i":"month-2-genitive","$v":"Март"},{"$i":"month-3-genitive","$v":"Апрель"},{"$i":"month-4-genitive","$v":"Май"},{"$i":"month-5-genitive","$v":"Июнь"},{"$i":"month-6-genitive","$v":"Июль"},{"$i":"month-7-genitive","$v":"Август"},{"$i":"month-8-genitive","$v":"Сентябрь"},{"$i":"month-9-genitive","$v":"Октябрь"},{"$i":"month-10-genitive","$v":"Ноябрь"},{"$i":"month-11-genitive","$v":"Декабрь"},{"$i":"month-0-short","$v":"Янв"},{"$i":"month-1-short","$v":"Фев"},{"$i":"month-2-short","$v":"Мар"},{"$i":"month-3-short","$v":"Апр"},{"$i":"month-4-short","$v":"Май"},{"$i":"month-5-short","$v":"Июн"},{"$i":"month-6-short","$v":"Июл"},{"$i":"month-7-short","$v":"Авг"},{"$i":"month-8-short","$v":"Сен"},{"$i":"month-9-short","$v":"Окт"},{"$i":"month-10-short","$v":"Ноя"},{"$i":"month-11-short","$v":"Дек"},{"$i":"minutes-ago-long","$v":{"few":[{"t":"idOrVar","v":"value"}," минут назад"],"many":[{"t":"idOrVar","v":"value"}," минут назад"],"other":[{"t":"idOrVar","v":"value"}," минут назад"],"two":[{"t":"idOrVar","v":"value"}," минут назад"],"one":"минуту назад","zero":"Сейчас"},"$x":[{"t":"idOrVar","v":"plural"},"value"]},{"$i":"hours-ago-long","$v":{"few":[{"t":"idOrVar","v":"value"}," часов назад"],"many":[{"t":"idOrVar","v":"value"}," часов назад"],"other":[{"t":"idOrVar","v":"value"}," часов назад"],"two":[{"t":"idOrVar","v":"value"}," часов назад"],"one":"час назад","zero":"Сейчас"},"$x":[{"t":"idOrVar","v":"plural"},"value"]},{"$i":"days-ago-long","$v":{"few":[{"t":"idOrVar","v":"value"}," дней назад"],"many":[{"t":"idOrVar","v":"value"}," дней назад"],"one":"вчера","other":[{"t":"idOrVar","v":"value"}," дней назад"],"two":[{"t":"idOrVar","v":"value"}," дней назад"],"zero":"сегодня"},"$x":[{"t":"idOrVar","v":"plural"},"value"]},{"$i":"weeks-ago-long","$v":{"few":[{"t":"idOrVar","v":"value"}," недель назад"],"many":[{"t":"idOrVar","v":"value"}," недель назад"],"one":"последняя неделя","other":[{"t":"idOrVar","v":"value"}," недель назад"],"two":[{"t":"idOrVar","v":"value"}," недель назад"],"zero":"эта неделя"},"$x":[{"t":"idOrVar","v":"plural"},"value"]},{"$i":"months-ago-long","$v":{"few":[{"t":"idOrVar","v":"value"}," месяцев назад"],"many":[{"t":"idOrVar","v":"value"}," месяцев назад"],"one":"прошлый месяц","other":[{"t":"idOrVar","v":"value"}," месяцев назад"],"two":[{"t":"idOrVar","v":"value"}," месяцев назад"],"zero":"этот месяц"},"$x":[{"t":"idOrVar","v":"plural"},"value"]},{"$i":"years-ago-long","$v":{"few":[{"t":"idOrVar","v":"value"}," лет назад"],"many":[{"t":"idOrVar","v":"value"}," лет назад"],"one":"прошлый год","other":[{"t":"idOrVar","v":"value"}," лет назад"],"two":[{"t":"idOrVar","v":"value"}," лет назад"],"zero":"этот год"},"$x":[{"t":"idOrVar","v":"plural"},"value"]},{"$i":"minutes-until-long","$v":{"few":["через ",{"t":"idOrVar","v":"value"}," минут"],"many":["через ",{"t":"idOrVar","v":"value"}," минут"],"other":["через ",{"t":"idOrVar","v":"value"}," минут"],"two":["через ",{"t":"idOrVar","v":"value"}," минут"],"zero":"сейчас","one":"через минуту"},"$x":[{"t":"idOrVar","v":"plural"},"value"]},{"$i":"hours-until-long","$v":{"few":["через ",{"t":"idOrVar","v":"value"}," часов"],"many":["через ",{"t":"idOrVar","v":"value"}," часов"],"other":["через ",{"t":"idOrVar","v":"value"}," часов"],"two":["через ",{"t":"idOrVar","v":"value"}," часов"],"zero":"сейчас","one":"через  час"},"$x":[{"t":"idOrVar","v":"plural"},"value"]},{"$i":"days-until-long","$v":{"few":["через ",{"t":"idOrVar","v":"value"}," дней"],"many":["через ",{"t":"idOrVar","v":"value"}," дней"],"one":"завтра","other":["через ",{"t":"idOrVar","v":"value"}," дней"],"two":["через ",{"t":"idOrVar","v":"value"}," дней"],"zero":"сегодня"},"$x":[{"t":"idOrVar","v":"plural"},"value"]},{"$i":"weeks-until-long","$v":{"few":["через ",{"t":"idOrVar","v":"value"}," нед."],"many":["через ",{"t":"idOrVar","v":"value"}," нед."],"one":"следующая неделя","other":["через ",{"t":"idOrVar","v":"value"}," нед."],"two":["через ",{"t":"idOrVar","v":"value"}," нед."],"zero":"эта неделя"},"$x":[{"t":"idOrVar","v":"plural"},"value"]},{"$i":"months-until-long","$v":{"few":["через ",{"t":"idOrVar","v":"value"}," мес."],"many":["через ",{"t":"idOrVar","v":"value"}," мес."],"one":"в следующем месяце","other":["через ",{"t":"idOrVar","v":"value"}," мес."],"two":["через ",{"t":"idOrVar","v":"value"}," мес."],"zero":"этот месяц"},"$x":[{"t":"idOrVar","v":"plural"},"value"]},{"$i":"years-until-long","$v":{"few":["через ",{"t":"idOrVar","v":"value"}," лет"],"many":["через ",{"t":"idOrVar","v":"value"}," лет"],"one":"следующий год","other":["через ",{"t":"idOrVar","v":"value"}," лет"],"two":["через ",{"t":"idOrVar","v":"value"}," лет"],"zero":"этот год"},"$x":[{"t":"idOrVar","v":"plural"},"value"]},{"$i":"minutes-ago-short","$v":{"other":[{"t":"idOrVar","v":"value"}," мин назад"],"zero":"Сейчас"},"$x":[{"t":"idOrVar","v":"plural"},"value"]},{"$i":"hours-ago-short","$v":{"other":[{"t":"idOrVar","v":"value"}," ч назад"],"zero":"Сейчас"},"$x":[{"t":"idOrVar","v":"plural"},"value"]},{"$i":"days-ago-short","$v":{"other":[{"t":"idOrVar","v":"value"}," д назад"],"zero":"сегодня"},"$x":[{"t":"idOrVar","v":"plural"},"value"]},{"$i":"minutes-until-short","$v":{"other":["через ",{"t":"idOrVar","v":"value"}," мин"],"zero":"сейчас"},"$x":[{"t":"idOrVar","v":"plural"},"value"]},{"$i":"hours-until-short","$v":{"other":["через ",{"t":"idOrVar","v":"value"}," ч"],"zero":"сейчас"},"$x":[{"t":"idOrVar","v":"plural"},"value"]},{"$i":"days-until-short","$v":{"other":["через ",{"t":"idOrVar","v":"value"}," д"],"zero":"сегодня"},"$x":[{"t":"idOrVar","v":"plural"},"value"]},{"$i":"dateTimeFormat_%c","$v":"%a %b %e %Y %I:%M:%S %p"},{"$i":"dateTimeFormat_%x","$v":"%m/%d/%Y"},{"$i":"dateTimeFormat_%X","$v":"%I:%M:%S %p"},{"$i":"shortTimeFormat","$v":"%I:%M %p"},{"$i":"shortTimeFormat12","$v":"%I:%M %p"},{"$i":"shortTimeFormat24","$v":"%H:%M"},{"$i":"shortDateTimeFormat","$v":"%x %I:%M %p"},{"$i":"weekStartsOnMonday","$v":"0.0"},{"$i":"firstDayOfTheWeek","$v":"1.0"},{"$i":"time_am","$v":"AM"},{"$i":"time_pm","$v":"PM"},{"$i":"softkey-options","$v":"Опции"},{"$i":"emergencyNumber","$v":"Экстренный номер"},{"$i":"callAirplaneModeMessage","$v":"Чтобы сделать вызов, вам необходимо отключить в настройках режим «В самолёте»."},{"$i":"callAirplaneModeBtnOk","$v":"OK"},{"$i":"callAirplaneModeTitle","$v":"Активирован режим «В самолёте»"},{"$i":"numberIsBusyTitle","$v":"Абонент занят"},{"$i":"numberIsBusyMessage","$v":"Абонент в данный момент занят. Пожалуйста, повторите попытку позже."},{"$i":"fdnIsActiveTitle","$v":"FDN активен"},{"$i":"fdnIsActiveMessage","$v":["Активирован FDN (Фиксированный набор). Следующий номер не указан в вашем списке разрешённых номеров: ",{"t":"idOrVar","v":"number"}]},{"$i":"emergencyDialogBodyBadNumber","$v":"Чтобы сделать вызов, телефон должен быть подключен к сети."},{"$i":"emergencyDialogBodyDeviceNotAccepted","$v":"Экстренные вызовы не поддерживаются сетью."},{"$i":"emergencyDialogBtnOk","$v":"OK"},{"$i":"emergencyDialogTitle","$v":"Отсутствует подключение к сети"},{"$i":"invalidNumberToDialTitle","$v":"Недействительный номер телефона"},{"$i":"invalidNumberToDialMessage","$v":"Номер телефона, который вы вызываете, недействителен."},{"$i":"unableToCallTitle","$v":"Невозможно сделать вызов"},{"$i":"unableToCallMessage","$v":"В настоящее время невозможно выполнить вызов."},{"$i":"otherConnectionInUseTitle","$v":"Используется другое подключение"},{"$i":"otherConnectionInUseMessage","$v":"У вас есть активный вызов на другом подключении. Одновременно можно использовать только одно подключение."},{"$i":"connectingEllipsis","$v":"Подключение..."}]