[{"$i":"messages","$v":"පණිවුඩය"},{"$i":"deleteMessages-title","$v":"තෝරන්න"},{"$i":"selectThreads-title","$v":"තෝරන්න"},{"$i":"edit","$v":"සංස්කරණය කරන්න"},{"$i":"back","$v":"ආපසු"},{"$i":"cancel","$v":"අවලංගු කරන්න"},{"$i":"delete","$v":"මකන්න"},{"$i":"deleting-messages","$v":"මකමින්…"},{"$i":"deselect","$v":"තේරීම ඉවත් කරන්න"},{"$i":"selected-threads","$v":{"few":[{"t":"idOrVar","v":"n"}," තෝරා ගැණිනි"],"many":[{"t":"idOrVar","v":"n"}," තෝරා ගැණිනි"],"one":[{"t":"idOrVar","v":"n"}," තෝරා ගැණිනි"],"other":[{"t":"idOrVar","v":"n"}," තෝරා ගැණිනි"],"two":[{"t":"idOrVar","v":"n"}," තෝරා ගැණිනි"],"zero":"0 තෝරා ගැණිනි"},"$x":[{"t":"idOrVar","v":"plural"},"n"]},{"$i":"selected-messages","$v":{"few":[{"t":"idOrVar","v":"n"}," තෝරා ගැණිනි"],"many":[{"t":"idOrVar","v":"n"}," තෝරා ගැණිනි"],"one":[{"t":"idOrVar","v":"n"}," තෝරා ගැණිනි"],"other":[{"t":"idOrVar","v":"n"}," තෝරා ගැණිනි"],"two":[{"t":"idOrVar","v":"n"}," තෝරා ගැණිනි"],"zero":"0 තෝරා ගැණිනි"},"$x":[{"t":"idOrVar","v":"plural"},"n"]},{"$i":"selectThreads-label","$v":"හුයවල් තෝරන්න"},{"$i":"selectMessages-label","$v":"පණිවුඩය තෝරන්න"},{"$i":"new-message","$v":"නව පණිවුඩය"},{"$i":"delete-thread","$v":"හුය මකන්න"},{"$i":"create-new-contact","$v":"නව සබඳතාව සාදන්න"},{"$i":"add-to-contact","$v":"පවතින සබඳතාවකට එක්කරන්න"},{"$i":"select-thread","$v":"හුය තෝරන්න"},{"$i":"settings","$v":"පසුතල"},{"$i":"select-all","$v":"සියල්ල තෝරන්න"},{"$i":"deselect-all","$v":"සියල්ල නොතෝරන්න"},{"$i":"select","$v":"තෝරන්න"},{"$i":"sk-save-as-draft","$v":"දළ පිටපත ලෙස සුරකින්න"},{"$i":"next","$v":"ඊලඟ"},{"$i":"send","$v":"යවන්න"},{"$i":"add-contact","$v":"සබඳතාව එක්කරන්න"},{"$i":"add-suggestion","$v":"තෝරන්න"},{"$i":"add-subject","$v":"විෂයය එක්කරන්න"},{"$i":"remove-subject","$v":"විෂයය ඉවත් කරන්න"},{"$i":"add-attachment","$v":"ඇමුණුම එක්කරන්න"},{"$i":"remove-attachment","$v":"ඇමුණුම ඉවත් කරන්න"},{"$i":"replace-attachment","$v":"ඇමුණුම ප්‍රතිස්ථාපනය කරන්න"},{"$i":"select-messages","$v":"පණිවුඩය තෝරන්න"},{"$i":"call","$v":"අමතන්න"},{"$i":"forward","$v":"යොමු කරන්න"},{"$i":"view-message-report","$v":"පණිවුඩ විස්තර පෙන්වන්න"},{"$i":"cancel-view-report","$v":"අවලංගු කරන්න"},{"$i":"ok","$v":"OK"},{"$i":"enter","$v":"ඇතුළු කරන්න"},{"$i":"open","$v":"විවෘත කරන්න"},{"$i":"to","$v":"වෙත"},{"$i":"new","$v":"නව"},{"$i":"message","$v":"පණිවුඩය"},{"$i":"messagesInput_placeholder","$v":"පණිවුඩය"},{"$i":"messagesSubjectInput_placeholder","$v":"විෂය"},{"$i":"subjectComposerInput_placeholder","$v":"මාතෘකාව"},{"$i":"converted-to-mms","$v":"බහුමාධ්‍ය පණිවුඩය පරිවර්තනය කෙරෙමින්."},{"$i":"converted-to-sms","$v":"වදන් පණිවුඩයකට පරිවර්තනය කෙරෙමින්."},{"$i":"messages-max-length-text","$v":"ඔබ උපරිම දිග වෙත එළඹ තිබේ."},{"$i":"messages-max-subject-length-text","$v":"මාතෘකාවේ උපරිම දිග වෙත ළඟා විය."},{"$i":"multimedia-message-exceeded-max-length","$v":["මෙම පණිවුඩය තනි බහුමාධ්‍ය පණිවුඩයක ප්‍රමාණයේ සීමාව වන ",{"t":"idOrVar","v":"mmsSize"}," MB ඉක්මවයි."]},{"$i":"newMessage","$v":"නව පණිවුඩය"},{"$i":"sendMessage","$v":"පණිවුඩය යවන්න"},{"$i":"sendMMSToEmail","$v":"බහුමාධ්‍ය පණිවුඩය යවන්න"},{"$i":"no-recipient","$v":"(ලබන්නා නැත)"},{"$i":"recipient","$v":{"few":[{"t":"idOrVar","v":"n"}," ලබන්නන්"],"many":[{"t":"idOrVar","v":"n"}," ලබන්නන්"],"one":[{"t":"idOrVar","v":"n"}," (ලබන්නා නැත)"],"other":[{"t":"idOrVar","v":"n"}," ලබන්නන්"],"two":[{"t":"idOrVar","v":"n"}," ලබන්නන්"]},"$x":[{"t":"idOrVar","v":"plural"},"n"]},{"$i":"attachmentSizeB","$v":[{"t":"idOrVar","v":"n"}," B"]},{"$i":"attachmentSizeKB","$v":[{"t":"idOrVar","v":"n"}," කි.බ."]},{"$i":"attachmentSizeMB","$v":[{"t":"idOrVar","v":"n"}," මෙ.බ."]},{"$i":"attachmentOpenError","$v":"මෙම ගොනු වර්ගය විවෘත කිරීමට යෙදුමක් නොමැත."},{"$i":"attachmentNotFile","$v":"මෙම ගොනුව හමු නොවේ."},{"$i":"remove","$v":"ඉවත් කරන්න"},{"$i":"participant","$v":{"few":[{"t":"idOrVar","v":"n"}," සහභාගිවන්නන්"],"many":[{"t":"idOrVar","v":"n"}," සහභාගිවන්නන්"],"one":[{"t":"idOrVar","v":"n"}," සහභාගිවන්නා"],"other":[{"t":"idOrVar","v":"n"}," සහභාගිවන්නන්"],"two":[{"t":"idOrVar","v":"n"}," සහභාගිවන්නන්"]},"$x":[{"t":"idOrVar","v":"plural"},"n"]},{"$i":"message-report","$v":"පණිවුඩ වාර්තාව"},{"$i":"message-type-sms","$v":"වදන් පණිවුඩය (SMS)"},{"$i":"message-type-mms","$v":"බහුමාධ්‍ය පණිවුඩය (MMS)"},{"$i":"sms-report-description","$v":["ඔබේ වදන් පණිවුඩය (SMS), ",{"t":"idOrVar","v":"datetime"},"යවන ලදි"]},{"$i":"mms-report-description","$v":["ඔබේ බහුමාධ්‍ය පණිවුඩය (MMS), මාතෘකාව ",{"t":"idOrVar","v":"subject"},", ",{"t":"idOrVar","v":"datetime"},"යවන ලදි"]},{"$i":"mms-no-subject-report-description","$v":["ඔබේ බහුමාධ්‍ය පණිවුඩය (MMS), ",{"t":"idOrVar","v":"datetime"},"යවන ලදි"]},{"$i":"message-subject","$v":"මාතෘකාව:"},{"$i":"report-status-error","$v":"පණිවුඩය යැවිය නොහැකි විය"},{"$i":"report-status-not-downloaded","$v":"බාගත කර නැත"},{"$i":"report-status-delivered","$v":"භාර දෙන ලදි:"},{"$i":"report-status-read","$v":"කියවන්න:"},{"$i":"report-status-pending","$v":"වාර්තාව ඉල්ලා සිටින ලදි"},{"$i":"report-status-rejected","$v":"පණිවුඩය ප්‍රතික්ෂේප කරන ලදි"},{"$i":"message-size-was","$v":"පණිවුඩයේ විශාලත්වය:"},{"$i":"report-to-title","$v":"වෙත"},{"$i":"report-from-title","$v":"සිට"},{"$i":"message-sent","$v":"යවන ලදි:"},{"$i":"message-sending","$v":[{"t":"idOrVar","v":"message-delivery-status-sending"}]},{"$i":"message-received","$v":"ලැබුණා:"},{"$i":"message-via","$v":"හරහා:"},{"$i":"message-resend","$v":"නැවත යවන්න"},{"$i":"search","$v":"සොයන්න"},{"$i":"unknown-contact-title","$v":"නොදන්නා සබඳතාව"},{"$i":"phone-type-separator","$v":", "},{"$i":"phone-carrier-separator","$v":" "},{"$i":"thread-participant-separator","$v":", "},{"$i":"replace-draft","$v":"දැනට ඇති දළ පිටපත ප්‍රතිස්ථාපනය කරන්න"},{"$i":"save-as-draft","$v":"සුරකින්න"},{"$i":"discard-message","$v":"ඉවත් කරන්න"},{"$i":"discard-sms","$v":"මෙම පණිවුඩය බැහැර කිරීමට අවශ්‍ය බව ඔබට සහතිකද?"},{"$i":"discard-new-message","$v":"ඔබ සාදන පණිවුඩය බැහැර කර නව පණිවුඩයක් විවෘත කරන්නද?"},{"$i":"resend-confirmation","$v":"පණිවුඩය යැවිය නොහැකි විය. නැවත උත්සාහ කරන්න?"},{"$i":"resend-message","$v":"මෙම පණිවුඩය නැවත යවන්න"},{"$i":"deleteMessage-confirmation","$v":"තේරූ පණිවුඩය මකන්නද?"},{"$i":"deleteMessages-confirmation","$v":"තෝරන ලද පණිවුඩ මකන්නද?"},{"$i":"deleteThreads-confirmation2","$v":{"one":"තේරූ පණිවුඩ ජාලය මකන්නද?","other":"තේරූ පණිවුඩ ජාල මකන්නද?"},"$x":[{"t":"idOrVar","v":"plural"},"n"]},{"$i":"new-message-notice-text","$v":"වෙතින් නව පණිවුඩය"},{"$i":"new-message-notice-a-text","$v":"එය කියවන්න"},{"$i":"noMessages-title","$v":"පණිවුඩ නැත"},{"$i":"noMessages-text","$v":"සන්නිවේදනය ආරම්භ කිරිමට නව ඔබන්න."},{"$i":"sendDefaultErrorTitle","$v":"අසමත් වීම යවන්න"},{"$i":"sendDefaultErrorBody","$v":"පණිවුඩය යැවීමේදී ගැටළුවක් ඇති විය. කරුණාකර නැවත උත්සාහ කරන්න."},{"$i":"sendDefaultErrorBtnOk","$v":"OK"},{"$i":"sendMissingSimCardTitle","$v":"අසමත් වීම යවන්න"},{"$i":"sendMissingSimCardBody","$v":"ඉදිරියට යාමට වලංගු SIM කාඩ්පතක් ඇතුළු කරන්න."},{"$i":"sendMissingSimCardBtnOk","$v":"OK"},{"$i":"sendFlightModeTitle","$v":"අසමත් වීම යවන්න"},{"$i":"sendFlightModeBody","$v":"පණිවුඩය යැවීමට ගුවන්යානා මාදිලිය අක්‍රීය කරන්න."},{"$i":"sendFlightModeBtnOk","$v":"OK"},{"$i":"radioDisabledToDownloadTitle","$v":"බාගත කිරීම අසාර්ථකයි"},{"$i":"radioDisabledToDownloadBody","$v":"ඇමුණුම් බාගැනීමට ගුවන්යානා මාදිලිය අක්‍රීය කරන්න."},{"$i":"radioDisabledToDownloadBtnOk","$v":[{"t":"idOrVar","v":"sendFlightModeBtnOk"}]},{"$i":"downloadDefaultErrorTitle","$v":"බාගත කිරීම අසාර්ථකයි"},{"$i":"downloadDefaultErrorBody","$v":"පණිවිඩය බාගත කිරීමේදී ගැටළුවක් ඇති විය. කරුණාකර නැවත උත්සාහ කරන්න."},{"$i":"downloadDefaultErrorBtnOk","$v":[{"t":"idOrVar","v":"sendDefaultErrorBtnOk"}]},{"$i":"fdnErrorTitle","$v":"අසමත් වීම යවන්න"},{"$i":"needConnectWifiBody","$v":["කිසිදු ජංගම දත්ත සම්බන්ධතාවයක් නොමැත. පණිවුඩකරණය සඳහා තිබෙන ",{"t":"idOrVar","v":"Wi-Fi"}," ජාලයකට සම්බන්ධ කරන්න."]},{"$i":"needConnectWifiTitle","$v":"පණිවුඩය නොයවන ලදි"},{"$i":"mmsChanelUsedBody","$v":"DDS-නොවන උප විසින් යැවෙන MMS ඇත, කරුණාකර යැවීමේ ක්‍රියාවලිය සම්පූර්ණ වන තෙක් රැඳී සිටින්න."},{"$i":"mmsChanelUsedTitle","$v":"භාවිතා කරන ලද MMS නාලිකාව"},{"$i":"sms-counter-notice-label","$v":["SMS වෙනස් කෙරෙමින් ",{"t":"idOrVar","v":"number"}]},{"$i":"fdnErrorBody","$v":{"few":"FDN (ස්ථාවර ඩයල් කිරීමේ අංක) සක්‍රීය කර ඇත. SMS මධ්‍යස්ථානය හා පහත ප්‍රතිග්‍රාහකයන් ඔබගේ FDN ලැයිස්තුවේ ඇති බවට තහවුරු කරගන්න.","many":"FDN (ස්ථාවර ඩයල් කිරීමේ අංක) සක්‍රීය කර ඇත. SMS මධ්‍යස්ථානය හා පහත ප්‍රතිග්‍රාහකයන් ඔබගේ FDN ලැයිස්තුවේ ඇති බවට තහවුරු කරගන්න.","one":"FDN (ස්ථාවර ඩයල් කිරීමේ අංක) සක්‍රීය කර ඇත. SMS මධ්‍යස්ථානය හා පහත ප්‍රතිග්‍රාහකයන් ඔබගේ FDN ලැයිස්තුවේ ඇති බවට තහවුරු කරගන්න.","other":"FDN (ස්ථාවර ඩයල් කිරීමේ අංක) සක්‍රීය කර ඇත. SMS මධ්‍යස්ථානය හා පහත ප්‍රතිග්‍රාහකයන් ඔබගේ FDN ලැයිස්තුවේ ඇති බවට තහවුරු කරගන්න.","two":"FDN (ස්ථාවර ඩයල් කිරීමේ අංක) සක්‍රීය කර ඇත. SMS මධ්‍යස්ථානය හා පහත ප්‍රතිග්‍රාහකයන් ඔබගේ FDN ලැයිස්තුවේ ඇති බවට තහවුරු කරගන්න."},"$x":[{"t":"idOrVar","v":"plural"},"n"]},{"$i":"fdnErrorBtnOk","$v":"OK"},{"$i":"sendNoSignalErrorTitle","$v":"අසමත් වීම යවන්න"},{"$i":"sendNoSignalErrorBody","$v":"ජංගම සං signal ාවක් නැත, කරුණාකර නැවත උත්සාහ කරන්න."},{"$i":"sendNoSignalErrorBtnOk","$v":"OK"},{"$i":"sendNotFoundErrorTitle","$v":"අසමත් වීම යවන්න"},{"$i":"sendNotFoundErrorBody","$v":"ඔබ අපේක්ෂා කරන පණිවුඩය තවදුරටත් ලද නොහැක."},{"$i":"sendNotFoundErrorBtnOk","$v":"OK"},{"$i":"sendInvalidAddressErrorTitle","$v":"අසමත් වීම යවන්න"},{"$i":"sendInvalidAddressErrorBody","$v":"ඔබ යවන ජංගම අංක වලංගු ඒවා බවට තහවුරු කර ගන්න."},{"$i":"sendInvalidAddressErrorBtnOk","$v":"OK"},{"$i":"simNotMatchedErrorTitle","$v":"බාගත නොහැක"},{"$i":"simNotMatchedErrorBody","$v":"ඇතුළු කර ඇති SIM කාඩ්පත මෙම පණිවුඩය ලබා ගැනීමට භාවිතා කර ඇති එක බවට වග බලා ගන්න."},{"$i":"simNotMatchedErrorBtnOk","$v":"OK"},{"$i":"netWorkErrorTitle","$v":"ජාලයේ දෝෂයක්"},{"$i":"netWorkErrorBody","$v":"ජාල දෝෂය. කරුණාකර ඔබේ ජාල සම්බන්ධතාවය පරීක්ෂා කරන්න."},{"$i":"netWorkErrorBtnOk","$v":"OK"},{"$i":"deleted-sms","$v":"මෙම පණිවුඩය දැනටමත් මකා තිබේ."},{"$i":"view-attachment-image","$v":"පෙන්වන්න"},{"$i":"view-attachment-audio","$v":"සවන් දෙන්න"},{"$i":"view-attachment-video","$v":"පෙන්වන්න"},{"$i":"view-attachment-other","$v":"පෙන්වන්න"},{"$i":"remove-attachment-image","$v":"රූපය ඉවත් කරන්න"},{"$i":"remove-attachment-audio","$v":"ශ්‍රවණය ඉවත් කරන්න"},{"$i":"remove-attachment-video","$v":"වීඩියෝ ඉවත් කරන්න"},{"$i":"remove-attachment-other","$v":"ඇමුණුම ඉවත් කරන්න"},{"$i":"replace-attachment-image","$v":"රූපය ප්‍රතිස්ථාපනය කරන්න"},{"$i":"replace-attachment-audio","$v":"ශ්‍රව්‍ය ප්‍රතිස්ථාපනය කරන්න"},{"$i":"replace-attachment-video","$v":"වීඩියෝව ප්‍රතිස්ථාපනය කරන්න"},{"$i":"replace-attachment-other","$v":"ඇමුණුම ප්‍රතිස්ථාපනය කරන්න"},{"$i":"unsent-message-title","$v":"නොයැවූ පණිවුඩය"},{"$i":"unsent-message-description","$v":"ඔබගේ කළින් පණිවුඩය නොයවන ලදි. නොයවන ලද පණිවුඩය සංස්කරණය කර හෝ එය බැහැර කර ඉදිරියට යාමට ඔබට අවශ්‍යද?"},{"$i":"unsent-message-option-edit","$v":"සංස්කරණය කරන්න"},{"$i":"unsent-message-option-discard","$v":"ඉවත් කරන්න"},{"$i":"message-options","$v":"පණිවුඩ විකල්ප"},{"$i":"select-text","$v":"වදන් තෝරන්න"},{"$i":"mobile","$v":"ජංගම"},{"$i":"home","$v":"ගෙදර"},{"$i":"work","$v":"වැඩ"},{"$i":"personal","$v":"පෞද්ගලික"},{"$i":"faxHome","$v":"නිවසේ ෆැක්ස්"},{"$i":"faxOffice","$v":"කාර්යාලයේ ෆැක්ස්"},{"$i":"faxOther","$v":"වෙනත් ෆැක්ස්"},{"$i":"another","$v":"වෙනත්"},{"$i":"other","$v":"වෙනත්"},{"$i":"today","$v":"අද"},{"$i":"yesterday","$v":"ඊයේ"},{"$i":"incorrectDate","$v":"(වැරදිදිනය)"},{"$i":"addToExistingContact","$v":"පවතින සබඳතාවකට එක්කරන්න"},{"$i":"createNewContact","$v":"නව සබඳතාව සාදන්න"},{"$i":"viewContact","$v":"සබඳතා බලන්න"},{"$i":"sendEmail","$v":"ඊමේල් යවන්න"},{"$i":"mms-message","$v":"MMS පණිවුඩය"},{"$i":"notDownloaded-title","$v":"පණිවුඩය තවම බා ගෙන නැත."},{"$i":"tobedownloaded-attachment","$v":["ඔබට බහුමාධ්‍ය පණිවුඩයක් ලැබුණි, ",{"t":"idOrVar","v":"date"},"ට පෙර එහි අන්තර්ගත ලබා ගැනීමට බාගැනීම ඔබන්න."]},{"$i":"expired-attachment","$v":["කණගාටුයි, පණිවුඩය ",{"t":"idOrVar","v":"date"}," දින කල්ඉකුත් වූ අතර බාගත නොහැක."]},{"$i":"download-attachment","$v":"බාගන්න"},{"$i":"downloading-attachment","$v":"බාගැනෙමින් …"},{"$i":"download-complete","$v":"බාගැනීම සම්පූර්ණයි"},{"$i":"unnamed-attachment","$v":"මාතෘකා රහිත"},{"$i":"mms-label","$v":"MMS"},{"$i":"not-download-label","$v":"ඔබට බහුමාධ්‍ය පණිවුඩයක් ලැබී ඇත, කලින් එහි අන්තර්ගතය ලබා ගැනීමට බාගන්න"},{"$i":"attachment-label","$v":"ඇමුණුම"},{"$i":"attached-files-too-large","$v":{"few":["මෙම පණිවුඩ තනි බහුමාධ්‍ය පණිවුඩයක ප්‍රමාණයේ සීමාව වන ",{"t":"idOrVar","v":"mmsSize"}," MB ඉක්මවයි."],"many":["මෙම පණිවුඩ තනි බහුමාධ්‍ය පණිවුඩයක ප්‍රමාණයේ සීමාව වන ",{"t":"idOrVar","v":"mmsSize"}," MB ඉක්මවයි."],"one":["මෙම පණිවුඩය තනි බහුමාධ්‍ය පණිවුඩයක ප්‍රමාණයේ සීමාව වන ",{"t":"idOrVar","v":"mmsSize"}," MB ඉක්මවයි."],"other":["මෙම පණිවුඩ තනි බහුමාධ්‍ය පණිවුඩයක ප්‍රමාණයේ සීමාව වන ",{"t":"idOrVar","v":"mmsSize"}," MB ඉක්මවයි."],"two":["මෙම පණිවුඩ තනි බහුමාධ්‍ය පණිවුඩයක ප්‍රමාණයේ සීමාව වන ",{"t":"idOrVar","v":"mmsSize"}," MB ඉක්මවයි."],"zero":["මෙම පණිවුඩ තනි බහුමාධ්‍ය පණිවුඩයක ප්‍රමාණයේ සීමාව වන ",{"t":"idOrVar","v":"mmsSize"}," MB ඉක්මවයි."]},"$x":[{"t":"idOrVar","v":"plural"},"n"]},{"$i":"resize-image","$v":"ඇමිණූ රූපය නැවත ප්‍රමාණගත කරයි"},{"$i":"no-attachment-text","$v":"අමුණා ඇති ගොනුව හා අදාළව ගැටළුවක් තිබෙන අතර බාගත කළ නොහැක."},{"$i":"message-draft-saved","$v":"පණිවුඩය කෙටුම්පතක් ලෙස සුරැකී ඇත"},{"$i":"sim-id-label","$v":["SIM ",{"t":"idOrVar","v":"id"}]},{"$i":"sim-detail","$v":["SIM ",{"t":"idOrVar","v":"id"},", ",{"t":"idOrVar","v":"detailString"}]},{"$i":"dsds-notification-title-with-sim","$v":["(",{"t":"idOrVar","v":"sim"},") ",{"t":"idOrVar","v":"sender"}]},{"$i":"send-button","ariaLabel":"යවන්න"},{"$i":"send-button-sim-indication","$v":[{"t":"idOrVar","v":"n"}],"ariaLabel":["SIM භාවිතා කරමින් ",{"t":"idOrVar","v":"n"}]},{"$i":"expiry-date-format","$v":"%A, %b %e"},{"$i":"attach-button","ariaLabel":"ඇමුණුම එක්කරන්න"},{"$i":"contact-photo","ariaLabel":"සබඳතා ඡායාරූපය"},{"$i":"unread-thread","ariaLabel":"නොකියවූ"},{"$i":"has-draft","ariaLabel":"හැස් කෙටුම්පත"},{"$i":"is-draft","ariaLabel":"කෙටු."},{"$i":"message-delivery-status-sending","$v":"යවමින්…"},{"$i":"message-delivery-status-delivered","$v":"භාර දෙන ලදි"},{"$i":"message-delivery-status-read","ariaLabel":"කියවන්න"},{"$i":"message-delivery-status-error","ariaLabel":"දෝෂය"},{"$i":"modal-dialog-ok-button","$v":"OK"},{"$i":"modal-dialog-cancel-button","$v":"අවලංගු කරන්න"},{"$i":"modal-dialog-default-title","$v":"පණිවුඩ"},{"$i":"delete-message","$v":"පණිවුඩය මකන ලදි"},{"$i":"message-converted-to-toast","$v":["පණිවුඩය ",{"t":"idOrVar","v":"type"}," වෙතට වෙනස් කරන ලදි"]},{"$i":"message-sent-toast","$v":"පණිවුඩය යවන ලදි"},{"$i":"deleteMessage-confirmation2","$v":"තේරූ පණිවුඩ ජාලය මකන්නද?"},{"$i":"deleted-message","$v":{"few":[{"t":"idOrVar","v":"n"}," පණිවිඩ මකා දැමීය"],"many":[{"t":"idOrVar","v":"n"}," පණිවිඩ මකා දැමීය"],"one":[{"t":"idOrVar","v":"n"}," පණිවිඩ මකා දැමීය"],"other":[{"t":"idOrVar","v":"n"}," පණිවිඩ මකා දැමීය"],"two":[{"t":"idOrVar","v":"n"}," පණිවිඩ මකා දැමීය"],"zero":"0 පණිවිඩ මකා දැමීය"},"$x":[{"t":"idOrVar","v":"plural"},"n"]},{"$i":"deleted-threads","$v":{"few":[{"t":"idOrVar","v":"n"}," පණිවිඩ සම්බන්ධක මකා දැමීය"],"many":[{"t":"idOrVar","v":"n"}," පණිවිඩ සම්බන්ධක මකා දැමීය"],"one":"හුය මකන ලදි","other":[{"t":"idOrVar","v":"n"}," පණිවිඩ සම්බන්ධක මකා දැමීය"],"two":[{"t":"idOrVar","v":"n"}," පණිවිඩ සම්බන්ධක මකා දැමීය"],"zero":"0 සම්බන්ධකය මකා දැමීය"},"$x":[{"t":"idOrVar","v":"plural"},"n"]},{"$i":"wapPushMessages","$v":"WAP තල්ලු පණිවුඩ"},{"$i":"auto-retrieve-messages","$v":"ස්වයං නැවත ලබා ගැනීමේ පණිවුඩ"},{"$i":"auto-retrieve-messages-title","$v":"ස්වයං නැවත ලබා ගැනීමේ පණිවුඩ"},{"$i":"auto-roaming-retrieve","$v":"සැරිසැරීම සහිතව සක්‍රීය කරන්න"},{"$i":"auto-no-roaming-retrieve","$v":"සැරිසැරීම රහිතව සක්‍රීය කරන්න"},{"$i":"mmsTitle","$v":"බහුමාධ්‍ය පණිවුඩකරණය (MMS)"},{"$i":"message-delivery-reports","$v":"බෙදාහැරීම් වාර්තා"},{"$i":"message-delivery-reports-title","$v":"බෙදාහැරීම් වාර්තා"},{"$i":"messageReport-title","$v":"පණිවුඩයේ විස්තර"},{"$i":"sms-label","$v":"SMS"},{"$i":"messaging-settings","$v":"පණිවුඩකරණ පසුතල"},{"$i":"messagingSettings-header","$v":[{"t":"idOrVar","v":"messaging-settings"}]},{"$i":"confirmation-title","$v":"තහවුරු කිරීම"},{"$i":"draft-save-content","$v":"දළ පිටපත ලෙස සුරකින්නද?"},{"$i":"draft-discard-content","$v":"පණිවුඩය ඉවත් කරන ලදි"},{"$i":"switch-on","$v":"ඔන් කරන්න"},{"$i":"switch-off","$v":"ඕෆ්"},{"$i":"auto-retrieve-desc","$v":"පණිවුඩ ස්වයංක්‍රීයව ලබා ගන්න"},{"$i":"confirm-dialog-ok","$v":"OK"},{"$i":"yes","$v":"ඔව්"},{"$i":"no","$v":"නැත"},{"$i":"delete-current-thread?","$v":"තේරූ පණිවුඩ ජාලය මකන්නද?"},{"$i":"attention","$v":"අවධානය"},{"$i":"delivery-title","$v":"පෙළ පණිවුඩකරණය (SMS)"},{"$i":"send-failed","$v":"යවා ඇත."},{"$i":"subject-removed","$v":"මාතෘකාව ඉවත් කරන ලදි."},{"$i":"data-storage-limit-alert-title","$v":"දුරකථන ගබඩාව පිරී ඇත."},{"$i":"data-storage-limit-send-body","$v":"MMS යැවිය නොහැක. ඉඩ හිස් කර ගැනීම සඳහා පණිවුඩ මකන්න; නැතහොත් පසුතල වෙත යන්න."},{"$i":"data-storage-limit-download-body","$v":"MMS බාගත නොහැක. ඉඩ හිස් කර ගැනීම සඳහා පණිවුඩ මකන්න; නැතහොත් පසුතල වෙත යන්න."},{"$i":"data-storage-limit-attachment-body","$v":"ඇමුණම එක් කළ නොහැක. පණිවුඩය මකන්න, නැති නම් ඉඩකඩ නිදහස් කිරීමට සැකසීම් වෙත යන්න."},{"$i":"data-storage-limit-alert-cancel","$v":"අවලංගු කරන්න"},{"$i":"data-storage-limit-alert-setting","$v":"පසුතල"},{"$i":"recipient-repeat","$v":"අනුපිටපත් ලබන්නා."},{"$i":"email","$v":"ඊමේල්"},{"$i":"options","$v":"විකල්ප"},{"$i":"emergency-alert-title","$v":"හදිසි අවස්ථා විපරම්"},{"$i":"emergency-alert","$v":"හදිසි අවස්ථා විපරම්"},{"$i":"wappushNormal","$v":"Wap එබුම"},{"$i":"wappushSIM1","$v":"WAP එබුම - SIM 1"},{"$i":"wappushSIM2","$v":"WAP එබුම - SIM 2"},{"$i":"not-assigned","$v":"අනුයුක්ත කර නොමැත"},{"$i":"switchSIMDataSendAlertTitle","$v":"MMS යැවීමට නොහැකි විය."},{"$i":"switchSIMDataSendAlertBody","$v":["MMS යැවීමට, ඔබ SIM කළමනාකරණ පසුතල තුළ දත්ත සඳහා SIM කාඩ්පත SIM ",{"t":"idOrVar","v":"nonActiveSimId"}," වෙත වෙනස් කිරීමට අවශ්‍ය වේ."]},{"$i":"switchSIMDataSendAlertDesc","$v":"පසුතල යාවත් කිරීමට කරුණාකර පසුතල යෙදුම වෙත යන්න."},{"$i":"switchSIMDataReceiveAlertTitle","$v":"MMS ලැබීමට අසමත් විය."},{"$i":"switchSIMDataReceiveAlertBody","$v":["MMS ලැබීමට, ඔබ SIM කළමනාකරණ පසුතල තුළ දත්ත සඳහා SIM කාඩ්පත SIM ",{"t":"idOrVar","v":"nonActiveSimId"}," වෙත වෙනස් කිරීමට අවශ්‍ය වේ."]},{"$i":"switchSIMDataReceiveAlertDesc","$v":"පසුතල යාවත් කිරීමට කරුණාකර පසුතල යෙදුම වෙත යන්න."},{"$i":"group-message","$v":"කණ්ඩායම් පණිවුඩය"},{"$i":"individual-message","$v":"තනි පණිවුඩය"},{"$i":"group-message-alert-title","$v":"කණ්ඩායම් පණිවුඩය"},{"$i":"group-message-alert-body","$v":"කණ්ඩායම් පණිවුඩයක් සාදන්නේද? (කණ්ඩායම් පණිවුඩය MMS හරහා යවනු ලබන අතර සේවා සැලැස්මට අනුව නොරැහැන් සපයන්නා විසින් අමතර ගාස්තු අය කරනු ලැබේ.)"},{"$i":"group-message-individual","$v":"නැත"},{"$i":"group-message-setting","$v":"සාදන්න"},{"$i":"new-message-individual","$v":"නව පණිවුඩය (තනි)"},{"$i":"new-message-group","$v":"නව පණිවුඩය (කණ්ඩායම)"},{"$i":"device-phone-number","$v":"මගේ දුරකථන අංකය"},{"$i":"group-message-phone","$v":"කණ්ඩායම් පණිවුඩ"},{"$i":"my-phone-number-SIM1","$v":"මගේ දුරකථන අංකය - SIM 1"},{"$i":"my-phone-number-SIM2","$v":"මගේ දුරකථන අංකය - SIM 2"},{"$i":"delivery-notification","$v":"පණිවුඩය බෙදාහරින ලදී"},{"$i":"wait","$v":"රැඳී සිටීම"},{"$i":"isTextTooLongAlert","$v":"පණිවුඩයේ උපරිම දිග ඉක්මවීය."},{"$i":"video-call","$v":"වීඩියෝ ඇමතුම"},{"$i":"normal-call","$v":"අමතන්න"},{"$i":"attachment","$v":"ඇමුණුම"},{"$i":"limit-MMS-recipients","$v":"MMS එකකට ලබන්නන් 20 ක් පමණක් යැවිය හැකිය."},{"$i":"block-contact","$v":"සබඳතාව අවහිර කරන්න"},{"$i":"blocked","$v":"අවහිර කරන්න"},{"$i":"unblocked","$v":"වාරණය කරන්න"},{"$i":"rtt-call","$v":"RTT ඇමතුම"},{"$i":"remove-all-attachments","$v":"සියලු ඇමුණුම් ඉවත් කරන්න"},{"$i":"block-confirmation","$v":"ඔබට අවහිර ලැයිස්තුවේ සිටින පුද්ගලයන්ගෙන් දුරකථන ඇමතුම්, පණිවුඩ නොලැබෙනු ඇත."},{"$i":"space-low-not-save","$v":"ආචයනය පිරී ඇත, කෙටුම්පත සුරැකිය නොහැක."},{"$i":"creation-mode-messages","$v":"නිර්මාණය කිරීමේ ප්‍රකාරය"},{"$i":"creation-mode-restricted","$v":"සීමා කෙරිණි"},{"$i":"creation-mode-warning","$v":"අනතුරු ඇඟවීම"},{"$i":"creation-mode-free","$v":"නිදහස්"},{"$i":"creationMode_restricted_title","$v":"නිර්මාණය කිරීමේ ප්‍රකාර සීමාව"},{"$i":"creationMode_restricted_alert","$v":"නිර්මාණය කිරීමේ ප්‍රකාරය සීමා කර ඇත, ඔබට Core MM අන්තර්ගත වසම නොවන ඇමුණුම එක් කිරීමට නොහැක."},{"$i":"creationMode_warning_title","$v":"නිර්මාණය කිරීමේ ප්‍රකාර අනතුරු ඇඟවීම"},{"$i":"creationMode_warning_alert","$v":"ඔබ Core MM අන්තර්ගත වසම නොවන ඇමුණුම එක් කිරීම තහවුරු කරන්නේ ද?"},{"$i":"withoutDataTitle","$v":"දත්ත සම්බන්ධතාවයක් නොමැත"},{"$i":"withoutDataBody","$v":"MMS පණිවිඩ යැවීමට හෝ බාගැනීමට කරුණාකර සැකසුම් තුළ දත්ත සම්බන්ධතාවය සක්‍රීය කරන්න."},{"$i":"withoutDataBtnOk","$v":"OK"},{"$i":"withoutDataBtnSettings","$v":"පසුතල"},{"$i":"FTUTitle","$v":"පණිවිඩ වෙත සාදරයෙන් පිළිගනිමු."},{"$i":"FTUBody","$v":"කණ්ඩායම් පණිවිඩ භාවිතා කිරීම සඳහා ඔබේ දුරකථන අංකය ලබා දිය යුතුය."},{"$i":"myNumber","$v":"මගේ දුරකථන අංකය"},{"$i":"myNumber-SIM1","$v":"මගේ දුරකථන අංකය - SIM 1"},{"$i":"myNumber-SIM2","$v":"මගේ දුරකථන අංකය - SIM 2"},{"$i":"save-number","$v":"සුරකින්න"},{"$i":"input-alert-show","$v":"මෙය ඔබගේ දුරකථන අංකයයි."},{"$i":"input-alert-reInput","$v":"කණ්ඩායම් පණිවිඩ භාවිතා කිරීම සඳහා ඔබේ දුරකථන අංකය ලබා දිය යුතුය."},{"$i":"multiple-recipients-flag","$v":",..."},{"$i":"parent-control-text","$v":"මෙම අංකය අවහිර කර ඇත. ඔබට ඔබේ දෙමාපියන්ගෙන් අවසර ඉල්ලිය හැකිය."},{"$i":"groupNumberInputOne-placeholder","$v":"මගේ දුරකථන අංකය - SIM 1"},{"$i":"groupNumberInputOne","$v":"මගේ දුරකථන අංකය"},{"$i":"groupNumberInputTwo-placeholder","$v":"මගේ දුරකථන අංකය - SIM 2"},{"$i":"groupNumberInputTwo","$v":"මගේ දුරකථන අංකය"},{"$i":"custom-message-sent","$v":[{"t":"idOrVar","v":"name"}," වෙත පිළිතුරු දුන්නා"]},{"$i":"colon","$v":":"},{"$i":"sms-encoding-mode","$v":"Sms සංකේතනය"},{"$i":"sms-reduced-format","$v":"අඩු කළ ආකෘතිය"},{"$i":"sms-full-format","$v":"සම්පූර්ණ ආකෘතිය"},{"$i":"smscNormal","$v":"සේවා මධ්‍යස්ථානය"},{"$i":"smscSIM1","$v":"සේවා මධ්‍යස්ථාන SIM1"},{"$i":"smscSIM2","$v":"සේවා මධ්‍යස්ථාන SIM2"},{"$i":"weekday-0-long","$v":"ඉරිදා"},{"$i":"weekday-1-long","$v":"සඳුදා"},{"$i":"weekday-2-long","$v":"අඟහරුවාදා"},{"$i":"weekday-3-long","$v":"බදාදා"},{"$i":"weekday-4-long","$v":"බ්‍රහස්පතින්දා"},{"$i":"weekday-5-long","$v":"සිකුරාදා"},{"$i":"weekday-6-long","$v":"සෙනසුරාදා"},{"$i":"weekday-0-short","$v":"ඉරිදා"},{"$i":"weekday-1-short","$v":"සඳු"},{"$i":"weekday-2-short","$v":"අඟ"},{"$i":"weekday-3-short","$v":"බදා"},{"$i":"weekday-4-short","$v":"බ්‍රහස්"},{"$i":"weekday-5-short","$v":"සිකු"},{"$i":"weekday-6-short","$v":"සෙන"},{"$i":"month-0-long","$v":"ජනවාරි"},{"$i":"month-1-long","$v":"පෙබරවාරි"},{"$i":"month-2-long","$v":"මාර්තු"},{"$i":"month-3-long","$v":"අප්‍රේල්"},{"$i":"month-4-long","$v":"මැයි"},{"$i":"month-5-long","$v":"ජුනි"},{"$i":"month-6-long","$v":"ජූලි"},{"$i":"month-7-long","$v":"අගෝස්තු"},{"$i":"month-8-long","$v":"සැප්තැම්බර්"},{"$i":"month-9-long","$v":"ඔක්තෝබර්"},{"$i":"month-10-long","$v":"නොවැම්බර්"},{"$i":"month-11-long","$v":"දෙසැම්බර්"},{"$i":"month-0-genitive","$v":"ජනවාරි"},{"$i":"month-1-genitive","$v":"පෙබරවාරි"},{"$i":"month-2-genitive","$v":"මාර්තු"},{"$i":"month-3-genitive","$v":"අප්‍රේල්"},{"$i":"month-4-genitive","$v":"මැයි"},{"$i":"month-5-genitive","$v":"ජූනි"},{"$i":"month-6-genitive","$v":"ජුලි"},{"$i":"month-7-genitive","$v":"අගෝස්තු"},{"$i":"month-8-genitive","$v":"සැප්තැම්බර්"},{"$i":"month-9-genitive","$v":"ඔක්තෝබර්"},{"$i":"month-10-genitive","$v":"නොවැම්බර්"},{"$i":"month-11-genitive","$v":"දෙසැම්බර්"},{"$i":"month-0-short","$v":"ජන"},{"$i":"month-1-short","$v":"පෙබ"},{"$i":"month-2-short","$v":"මාර්."},{"$i":"month-3-short","$v":"අප්‍රේ"},{"$i":"month-4-short","$v":"මැයි"},{"$i":"month-5-short","$v":"ජූනි"},{"$i":"month-6-short","$v":"ජූලි"},{"$i":"month-7-short","$v":"අගෝ"},{"$i":"month-8-short","$v":"සැප්"},{"$i":"month-9-short","$v":"ඔක්"},{"$i":"month-10-short","$v":"නොවැ"},{"$i":"month-11-short","$v":"දෙසැ"},{"$i":"minutes-ago-long","$v":{"few":[{"t":"idOrVar","v":"value"}," මිනිත්තුවකට පෙර"],"many":[{"t":"idOrVar","v":"value"}," මිනිත්තුවකට පෙර"],"other":[{"t":"idOrVar","v":"value"}," මිනිත්තුවකට පෙර"],"two":[{"t":"idOrVar","v":"value"}," මිනිත්තුවකට පෙර"],"one":"මිනිත්තුවකට පෙර","zero":"මේ දැන්"},"$x":[{"t":"idOrVar","v":"plural"},"value"]},{"$i":"hours-ago-long","$v":{"few":[{"t":"idOrVar","v":"value"}," පැයකට ඉහත"],"many":[{"t":"idOrVar","v":"value"}," පැයකට ඉහත"],"other":[{"t":"idOrVar","v":"value"}," පැයකට ඉහත"],"two":[{"t":"idOrVar","v":"value"}," පැයකට ඉහත"],"one":"පැය 1 කට පෙර","zero":"මේ දැන්"},"$x":[{"t":"idOrVar","v":"plural"},"value"]},{"$i":"days-ago-long","$v":{"few":[{"t":"idOrVar","v":"value"}," දවසකට ඉහත"],"many":[{"t":"idOrVar","v":"value"}," දවසකට ඉහත"],"one":"ඊයේ","other":[{"t":"idOrVar","v":"value"}," දවසකට ඉහත"],"two":[{"t":"idOrVar","v":"value"}," දවසකට ඉහත"],"zero":"අද"},"$x":[{"t":"idOrVar","v":"plural"},"value"]},{"$i":"weeks-ago-long","$v":{"few":[{"t":"idOrVar","v":"value"}," සතියකට ඉහත"],"many":[{"t":"idOrVar","v":"value"}," සතියකට ඉහත"],"one":"පසුගිය සතිය","other":[{"t":"idOrVar","v":"value"}," සතියකට ඉහත"],"two":[{"t":"idOrVar","v":"value"}," සතියකට ඉහත"],"zero":"මේ සතිය"},"$x":[{"t":"idOrVar","v":"plural"},"value"]},{"$i":"months-ago-long","$v":{"few":[{"t":"idOrVar","v":"value"}," මසකට ඉහත"],"many":[{"t":"idOrVar","v":"value"}," මසකට ඉහත"],"one":"අවසන් මාසය","other":[{"t":"idOrVar","v":"value"}," මසකට ඉහත"],"two":[{"t":"idOrVar","v":"value"}," මසකට ඉහත"],"zero":"මේ මාසය"},"$x":[{"t":"idOrVar","v":"plural"},"value"]},{"$i":"years-ago-long","$v":{"few":[{"t":"idOrVar","v":"value"}," වසරකට ඉහත"],"many":[{"t":"idOrVar","v":"value"}," වසරකට ඉහත"],"one":"පසුගිය වසර","other":[{"t":"idOrVar","v":"value"}," වසරකට ඉහත"],"two":[{"t":"idOrVar","v":"value"}," වසරකට ඉහත"],"zero":"මෙම වසර"},"$x":[{"t":"idOrVar","v":"plural"},"value"]},{"$i":"minutes-until-long","$v":{"few":["මිනිත්තු",{"t":"idOrVar","v":"value"}," කින්"],"many":["මිනිත්තු",{"t":"idOrVar","v":"value"}," කින්"],"other":["මිනිත්තු",{"t":"idOrVar","v":"value"}," කින්"],"two":["මිනිත්තු",{"t":"idOrVar","v":"value"}," කින්"],"zero":"දැන්","one":"මිනිත්තු 1 කින්"},"$x":[{"t":"idOrVar","v":"plural"},"value"]},{"$i":"hours-until-long","$v":{"few":["පැය ",{"t":"idOrVar","v":"value"}," කින්"],"many":["පැය ",{"t":"idOrVar","v":"value"}," කින්"],"other":["පැය ",{"t":"idOrVar","v":"value"}," කින්"],"two":["පැය ",{"t":"idOrVar","v":"value"}," කින්"],"zero":"දැන්","one":"පැය 1 කින්"},"$x":[{"t":"idOrVar","v":"plural"},"value"]},{"$i":"days-until-long","$v":{"few":["දින ",{"t":"idOrVar","v":"value"}," කින්"],"many":["දින ",{"t":"idOrVar","v":"value"}," කින්"],"one":"හෙට","other":["දින ",{"t":"idOrVar","v":"value"}," කින්"],"two":["දින ",{"t":"idOrVar","v":"value"}," කින්"],"zero":"අද"},"$x":[{"t":"idOrVar","v":"plural"},"value"]},{"$i":"weeks-until-long","$v":{"few":["සති ",{"t":"idOrVar","v":"value"}," කින්"],"many":["සති ",{"t":"idOrVar","v":"value"}," කින්"],"one":"ඊළඟ සතිය","other":["සති ",{"t":"idOrVar","v":"value"}," කින්"],"two":["සති ",{"t":"idOrVar","v":"value"}," කින්"],"zero":"මේ සතිය"},"$x":[{"t":"idOrVar","v":"plural"},"value"]},{"$i":"months-until-long","$v":{"few":["මාස ",{"t":"idOrVar","v":"value"}," කින්"],"many":["මාස ",{"t":"idOrVar","v":"value"}," කින්"],"one":"ඊළඟ මාසය","other":["මාස ",{"t":"idOrVar","v":"value"}," කින්"],"two":["මාස ",{"t":"idOrVar","v":"value"}," කින්"],"zero":"මේ මාසය"},"$x":[{"t":"idOrVar","v":"plural"},"value"]},{"$i":"years-until-long","$v":{"few":["වසර ",{"t":"idOrVar","v":"value"}," කින්"],"many":["වසර ",{"t":"idOrVar","v":"value"}," කින්"],"one":"ඊළඟ වසර","other":["වසර ",{"t":"idOrVar","v":"value"}," කින්"],"two":["වසර ",{"t":"idOrVar","v":"value"}," කින්"],"zero":"මෙම වසර"},"$x":[{"t":"idOrVar","v":"plural"},"value"]},{"$i":"minutes-ago-short","$v":{"other":[{"t":"idOrVar","v":"value"},"මි. පෙර"],"zero":"මේ දැන්"},"$x":[{"t":"idOrVar","v":"plural"},"value"]},{"$i":"hours-ago-short","$v":{"other":[{"t":"idOrVar","v":"value"},"පැ. පෙර"],"zero":"මේ දැන්"},"$x":[{"t":"idOrVar","v":"plural"},"value"]},{"$i":"days-ago-short","$v":{"other":[{"t":"idOrVar","v":"value"},"දි. පෙර"],"zero":"අද"},"$x":[{"t":"idOrVar","v":"plural"},"value"]},{"$i":"minutes-until-short","$v":{"other":["මාස ",{"t":"idOrVar","v":"value"},"කින්"],"zero":"දැන්"},"$x":[{"t":"idOrVar","v":"plural"},"value"]},{"$i":"hours-until-short","$v":{"other":["පැය ",{"t":"idOrVar","v":"value"},"කින්"],"zero":"දැන්"},"$x":[{"t":"idOrVar","v":"plural"},"value"]},{"$i":"days-until-short","$v":{"other":["දින ",{"t":"idOrVar","v":"value"},"කින්"],"zero":"අද"},"$x":[{"t":"idOrVar","v":"plural"},"value"]},{"$i":"dateTimeFormat_%c","$v":"%a %b %e %Y %I:%M:%S %p"},{"$i":"dateTimeFormat_%x","$v":"%m/%d/%Y"},{"$i":"dateTimeFormat_%X","$v":"%I:%M:%S %p"},{"$i":"shortTimeFormat","$v":"%I:%M %p"},{"$i":"shortTimeFormat12","$v":"%I:%M %p"},{"$i":"shortTimeFormat24","$v":"%H:%M"},{"$i":"shortDateTimeFormat","$v":"%x %I:%M %p"},{"$i":"weekStartsOnMonday","$v":"0.0"},{"$i":"firstDayOfTheWeek","$v":"0.0"},{"$i":"time_am","$v":"AM"},{"$i":"time_pm","$v":"PM"},{"$i":"softkey-options","$v":"විකල්ප"},{"$i":"emergencyNumber","$v":"හදිසි අවස්ථා අංකය"},{"$i":"callAirplaneModeMessage","$v":"ඇමතුමක් ලබා ගැනීමට ඔබ ගුවන්යානා මාදිලිය පසුතලහිදී අක්‍රීය කළ යුතුය."},{"$i":"callAirplaneModeBtnOk","$v":"හරි"},{"$i":"callAirplaneModeTitle","$v":"ගුවන් යානා මාදිලිය සක්‍රීයයි"},{"$i":"numberIsBusyTitle","$v":"අංකය කාර්ය බහුලයි"},{"$i":"numberIsBusyMessage","$v":"අංකය මේ මොහොතේ කාර්යබහුලයි. කරුණාකර පසුව නැවත උත්සාහ කරන්න."},{"$i":"fdnIsActiveTitle","$v":"FDN සක්‍රියයි"},{"$i":"fdnIsActiveMessage","$v":["FDN (ස්ථිර ඩයල් කිරීමේ අංක) සක්‍රිය කර ඇති අතර පහත දැක්වෙන අංකය ඔබේ FDN ලැයිස්තුවේ නැත: ",{"t":"idOrVar","v":"number"}]},{"$i":"emergencyDialogBodyBadNumber","$v":"ඇමතුමක් ලබා ගැනීමට, දුරකථනය ජාලයකට සම්බන්ධ කර තිබිය යුතුය."},{"$i":"emergencyDialogBodyDeviceNotAccepted","$v":"ජාලයෙන් හදිසි අවස්ථා ඇමතුම්වලට ඉඩ නොලැබේ."},{"$i":"emergencyDialogBtnOk","$v":"හරි"},{"$i":"emergencyDialogTitle","$v":"ජාල සම්බන්ධතාවයක් නැත"},{"$i":"invalidNumberToDialTitle","$v":"වලංගු නැති දුරකථන අංකය"},{"$i":"invalidNumberToDialMessage","$v":"ඔබ අමතන දුරකථන අංකය වලංගු එකක් නොවේ."},{"$i":"unableToCallTitle","$v":"ඇමතුමක් ගත නොහැක. "},{"$i":"unableToCallMessage","$v":"දැන් ඇමතුමක් ලබා දිය නොහැකිය"},{"$i":"otherConnectionInUseTitle","$v":"භාවිතා වන අනෙක් සම්බන්ධතාව"},{"$i":"otherConnectionInUseMessage","$v":"ඔබට වෙනත් සම්බන්ධතාවයක සක්‍රීය ඇමතුමක් තිබේ. ඔබට එක් අවස්ථාවක භාවිතා කළ හැක්කේ එක් සම්බන්ධතාවයක් පමණි."},{"$i":"connectingEllipsis","$v":"සම්බන්ධ වෙමින්..."}]