[{"$i":"messages","$v":"Správa"},{"$i":"deleteMessages-title","$v":"Vybrať"},{"$i":"selectThreads-title","$v":"Vybrať"},{"$i":"edit","$v":"Upraviť"},{"$i":"back","$v":"Späť"},{"$i":"cancel","$v":"Zrušiť"},{"$i":"delete","$v":"Vymazať"},{"$i":"deleting-messages","$v":"Vymazávanie…"},{"$i":"deselect","$v":"Zrušiť výber"},{"$i":"selected-threads","$v":{"few":["Vybraté: ",{"t":"idOrVar","v":"n"}],"many":["Vybraté: ",{"t":"idOrVar","v":"n"}],"one":["Vybraté: ",{"t":"idOrVar","v":"n"}],"other":["Vybraté: ",{"t":"idOrVar","v":"n"}],"two":["Vybraté: ",{"t":"idOrVar","v":"n"}],"zero":"Vybraté: 0"},"$x":[{"t":"idOrVar","v":"plural"},"n"]},{"$i":"selected-messages","$v":{"few":["Vybraté: ",{"t":"idOrVar","v":"n"}],"many":["Vybraté: ",{"t":"idOrVar","v":"n"}],"one":["Vybraté: ",{"t":"idOrVar","v":"n"}],"other":["Vybraté: ",{"t":"idOrVar","v":"n"}],"two":["Vybraté: ",{"t":"idOrVar","v":"n"}],"zero":"Vybraté: 0"},"$x":[{"t":"idOrVar","v":"plural"},"n"]},{"$i":"selectThreads-label","$v":"Vybrať vlákna"},{"$i":"selectMessages-label","$v":"Vybrať správy"},{"$i":"new-message","$v":"Nová správa"},{"$i":"delete-thread","$v":"Vymazať vlákno"},{"$i":"create-new-contact","$v":"Vytvoriť nový účet"},{"$i":"add-to-contact","$v":"Pridať k exist. kontaktu"},{"$i":"select-thread","$v":"Vybrať vlákno"},{"$i":"settings","$v":"Nastavenia"},{"$i":"select-all","$v":"Označiť všetko"},{"$i":"deselect-all","$v":"Zrušiť výber vš."},{"$i":"select","$v":"Vybrať"},{"$i":"sk-save-as-draft","$v":"Uložiť ako koncept"},{"$i":"next","$v":"Ďalej"},{"$i":"send","$v":"Poslať"},{"$i":"add-contact","$v":"Pridať kontakt"},{"$i":"add-suggestion","$v":"Vybrať"},{"$i":"add-subject","$v":"Pridať predmet"},{"$i":"remove-subject","$v":"Odstrániť predmet"},{"$i":"add-attachment","$v":"Pridať prílohu"},{"$i":"remove-attachment","$v":"Odstrániť prílohu"},{"$i":"replace-attachment","$v":"Nahradiť prílohu"},{"$i":"select-messages","$v":"Vybrať správy"},{"$i":"call","$v":"Volať"},{"$i":"forward","$v":"Presmerovať"},{"$i":"view-message-report","$v":"Zobraziť detaily správy"},{"$i":"cancel-view-report","$v":"Zrušiť"},{"$i":"ok","$v":"OK"},{"$i":"enter","$v":"Zadať"},{"$i":"open","$v":"Otvoriť"},{"$i":"to","$v":"Komu"},{"$i":"new","$v":"Nové"},{"$i":"message","$v":"Správa"},{"$i":"messagesInput_placeholder","$v":"Správa"},{"$i":"messagesSubjectInput_placeholder","$v":"Predmet"},{"$i":"subjectComposerInput_placeholder","$v":"Predmet"},{"$i":"converted-to-mms","$v":"Konvertovanie na multimed. správu."},{"$i":"converted-to-sms","$v":"Konvertovanie na textovú správu."},{"$i":"messages-max-length-text","$v":"Dosiahli ste max. dĺžku."},{"$i":"messages-max-subject-length-text","$v":"Bola dosiahn. max. dĺžka predmetu."},{"$i":"multimedia-message-exceeded-max-length","$v":["Táto správa prekračuje limit veľkosti ",{"t":"idOrVar","v":"mmsSize"}," MB pre 1 multimed. správu."]},{"$i":"newMessage","$v":"Nová správa"},{"$i":"sendMessage","$v":"Poslať správu"},{"$i":"sendMMSToEmail","$v":"Poslať multimed. správu"},{"$i":"no-recipient","$v":"(žiadny príjemca)"},{"$i":"recipient","$v":{"few":["Príjemcovia: ",{"t":"idOrVar","v":"n"}],"many":["Príjemcovia: ",{"t":"idOrVar","v":"n"}],"one":["Príjemca: ",{"t":"idOrVar","v":"n"}],"other":["Príjemcovia: ",{"t":"idOrVar","v":"n"}],"two":["Príjemcovia: ",{"t":"idOrVar","v":"n"}]},"$x":[{"t":"idOrVar","v":"plural"},"n"]},{"$i":"attachmentSizeB","$v":[{"t":"idOrVar","v":"n"}," B"]},{"$i":"attachmentSizeKB","$v":[{"t":"idOrVar","v":"n"}," kB"]},{"$i":"attachmentSizeMB","$v":[{"t":"idOrVar","v":"n"}," MB"]},{"$i":"attachmentOpenError","$v":"Nemáte žiadnu aplikáciu na otvorenie tohto typu súboru."},{"$i":"attachmentNotFile","$v":"Tento súbor sa nenašiel."},{"$i":"remove","$v":"Odobrať"},{"$i":"participant","$v":{"few":["Účastníci: ",{"t":"idOrVar","v":"n"}],"many":["Účastníci: ",{"t":"idOrVar","v":"n"}],"one":["Účastník: ",{"t":"idOrVar","v":"n"}],"other":["Účastníci: ",{"t":"idOrVar","v":"n"}],"two":["Účastníci: ",{"t":"idOrVar","v":"n"}]},"$x":[{"t":"idOrVar","v":"plural"},"n"]},{"$i":"message-report","$v":"Hlásenie o správe"},{"$i":"message-type-sms","$v":"Textová správa (SMS)"},{"$i":"message-type-mms","$v":"Multimed. správa (MMS)"},{"$i":"sms-report-description","$v":["Vaša textová správa (SMS), bola odoslaná ",{"t":"idOrVar","v":"datetime"}]},{"$i":"mms-report-description","$v":["Vaša multimediálna správa (MMS), predmet ",{"t":"idOrVar","v":"subject"},", bola odoslaná ",{"t":"idOrVar","v":"datetime"}]},{"$i":"mms-no-subject-report-description","$v":["Vaša multimediálna správa (MMS), bola odoslaná ",{"t":"idOrVar","v":"datetime"}]},{"$i":"message-subject","$v":"Predmet:"},{"$i":"report-status-error","$v":"Správu nemožno odoslať"},{"$i":"report-status-not-downloaded","$v":"nestiahnuté"},{"$i":"report-status-delivered","$v":"Doručené:"},{"$i":"report-status-read","$v":"Čítať:"},{"$i":"report-status-pending","$v":"Správa vyžiadaná"},{"$i":"report-status-rejected","$v":"Správa zamietnutá"},{"$i":"message-size-was","$v":"Veľkosť správy:"},{"$i":"report-to-title","$v":"Komu"},{"$i":"report-from-title","$v":"Od"},{"$i":"message-sent","$v":"Poslané:"},{"$i":"message-sending","$v":[{"t":"idOrVar","v":"message-delivery-status-sending"}]},{"$i":"message-received","$v":"Prijaté:"},{"$i":"message-via","$v":"Cez:"},{"$i":"message-resend","$v":"Zn. odoslať"},{"$i":"search","$v":"Vyhľadať"},{"$i":"unknown-contact-title","$v":"Neznámy kontakt"},{"$i":"phone-type-separator","$v":", "},{"$i":"phone-carrier-separator","$v":" "},{"$i":"thread-participant-separator","$v":", "},{"$i":"replace-draft","$v":"Nahradiť exist. konc."},{"$i":"save-as-draft","$v":"Uložiť"},{"$i":"discard-message","$v":"Zahodiť"},{"$i":"discard-sms","$v":"Naozaj chcete zahodiť túto správu?"},{"$i":"discard-new-message","$v":"Zahodiť rozpísanú správu a otvoriť novú správu?"},{"$i":"resend-confirmation","$v":"Správu sa nepodarilo odoslať. Skúsiť znova?"},{"$i":"resend-message","$v":"Zn. poslať túto správu"},{"$i":"deleteMessage-confirmation","$v":"Vymazať zvolenú správu?"},{"$i":"deleteMessages-confirmation","$v":"Vymazať zvolené správy?"},{"$i":"deleteThreads-confirmation2","$v":{"one":"Vymazať zvolené vlákno správy?","other":"Vymazať zvolené vlákna správ?"},"$x":[{"t":"idOrVar","v":"plural"},"n"]},{"$i":"new-message-notice-text","$v":"Nová správa od"},{"$i":"new-message-notice-a-text","$v":"Prečítať"},{"$i":"noMessages-title","$v":"Žiadne správy"},{"$i":"noMessages-text","$v":"Začnite komunik. stlač. tl. Nové."},{"$i":"sendDefaultErrorTitle","$v":"Odoslať zlyhanie"},{"$i":"sendDefaultErrorBody","$v":"Nastal problém s odosielaním správy. Skúste to znova."},{"$i":"sendDefaultErrorBtnOk","$v":"OK"},{"$i":"sendMissingSimCardTitle","$v":"Odoslať zlyhanie"},{"$i":"sendMissingSimCardBody","$v":"Pre pokrač. vložte platnú SIM kartu."},{"$i":"sendMissingSimCardBtnOk","$v":"OK"},{"$i":"sendFlightModeTitle","$v":"Odoslať zlyhanie"},{"$i":"sendFlightModeBody","$v":"Vypn. let. režim pre odosielanie správ."},{"$i":"sendFlightModeBtnOk","$v":"OK"},{"$i":"radioDisabledToDownloadTitle","$v":"Stiahnuť chybu"},{"$i":"radioDisabledToDownloadBody","$v":"Vypn. let. režim pre stiahnutie príloh."},{"$i":"radioDisabledToDownloadBtnOk","$v":[{"t":"idOrVar","v":"sendFlightModeBtnOk"}]},{"$i":"downloadDefaultErrorTitle","$v":"Stiahnuť chybu"},{"$i":"downloadDefaultErrorBody","$v":"Pri preberaní správy sa vyskytol problém. Prosím skúste znova."},{"$i":"downloadDefaultErrorBtnOk","$v":[{"t":"idOrVar","v":"sendDefaultErrorBtnOk"}]},{"$i":"fdnErrorTitle","$v":"Odoslať zlyhanie"},{"$i":"needConnectWifiBody","$v":["Žiadna dostupná mobilná sieť. Na odosielanie správ sa pripojte sa k dostupnej sieti ",{"t":"idOrVar","v":"Wi-Fi"},"."]},{"$i":"needConnectWifiTitle","$v":"Správa neodoslaná"},{"$i":"mmsChanelUsedBody","$v":"Prebieha odosielanie MMS cez člena, ktorý nie je v DDS. Počkajte, kým sa proces odosielania dokončí."},{"$i":"mmsChanelUsedTitle","$v":"Kanál MMS sa využíva"},{"$i":"sms-counter-notice-label","$v":["Úprava SMS ",{"t":"idOrVar","v":"number"}]},{"$i":"fdnErrorBody","$v":{"few":"Povolené čísla (FDN) sú aktivované. Skontrolujte, že SMS centrum a títo príjemcovia sú v zozname FDN:","many":"Povolené čísla (FDN) sú aktivované. Skontrolujte, že SMS centrum a títo príjemcovia sú v zozname FDN:","one":"Povolené čísla (FDN) sú aktivované. Skontrolujte, že SMS centrum a tento príjemca sú v zozname FDN:","other":"Povolené čísla (FDN) sú aktivované. Skontrolujte, že SMS centrum a títo príjemcovia sú v zozname FDN:","two":"Povolené čísla (FDN) sú aktivované. Skontrolujte, že SMS centrum a títo príjemcovia sú v zozname FDN:"},"$x":[{"t":"idOrVar","v":"plural"},"n"]},{"$i":"fdnErrorBtnOk","$v":"OK"},{"$i":"sendNoSignalErrorTitle","$v":"Odoslať zlyhanie"},{"$i":"sendNoSignalErrorBody","$v":"Žiadny mobilný signál, skúste to znova."},{"$i":"sendNoSignalErrorBtnOk","$v":"OK"},{"$i":"sendNotFoundErrorTitle","$v":"Odoslať zlyhanie"},{"$i":"sendNotFoundErrorBody","$v":"Hľadaná správa už nie je dostupná."},{"$i":"sendNotFoundErrorBtnOk","$v":"OK"},{"$i":"sendInvalidAddressErrorTitle","$v":"Odoslať zlyhanie"},{"$i":"sendInvalidAddressErrorBody","$v":"Skontrolujte platnosť mob. čísla adresáta."},{"$i":"sendInvalidAddressErrorBtnOk","$v":"OK"},{"$i":"simNotMatchedErrorTitle","$v":"Nedá sa stiahnuť"},{"$i":"simNotMatchedErrorBody","$v":"Uistite sa, že vložená SIM karta je tá, ktorá sa použila na prijatie tejto správy."},{"$i":"simNotMatchedErrorBtnOk","$v":"OK"},{"$i":"netWorkErrorTitle","$v":"Chyba siete"},{"$i":"netWorkErrorBody","$v":"Chyba siete. Skontrolujte sieťové pripojenie."},{"$i":"netWorkErrorBtnOk","$v":"OK"},{"$i":"deleted-sms","$v":"Táto správa už bola zmaz."},{"$i":"view-attachment-image","$v":"Zobraziť"},{"$i":"view-attachment-audio","$v":"Počúvať"},{"$i":"view-attachment-video","$v":"Zobraziť"},{"$i":"view-attachment-other","$v":"Zobraziť"},{"$i":"remove-attachment-image","$v":"Odstrániť sním."},{"$i":"remove-attachment-audio","$v":"Odstrániť zvuk"},{"$i":"remove-attachment-video","$v":"Odstrániť video"},{"$i":"remove-attachment-other","$v":"Odstrániť prílohu"},{"$i":"replace-attachment-image","$v":"Nahradiť sním."},{"$i":"replace-attachment-audio","$v":"Nahradiť zvuk"},{"$i":"replace-attachment-video","$v":"Nahradiť video"},{"$i":"replace-attachment-other","$v":"Nahradiť prílohu"},{"$i":"unsent-message-title","$v":"Neodoslaná správa"},{"$i":"unsent-message-description","$v":"Vaša predchádzajúca správa sa neodoslala. Chcete upraviť neodoslanú správu alebo ju zahodiť a pokračovať?"},{"$i":"unsent-message-option-edit","$v":"Upraviť"},{"$i":"unsent-message-option-discard","$v":"Zahodiť"},{"$i":"message-options","$v":"Možnosti správy"},{"$i":"select-text","$v":"Vybrať text"},{"$i":"mobile","$v":"Mobilný"},{"$i":"home","$v":"Domov"},{"$i":"work","$v":"Práca"},{"$i":"personal","$v":"Osobné"},{"$i":"faxHome","$v":"Fax domov"},{"$i":"faxOffice","$v":"Fax (práca)"},{"$i":"faxOther","$v":"Fax (iné)"},{"$i":"another","$v":"Iné"},{"$i":"other","$v":"Iné"},{"$i":"today","$v":"Dnes"},{"$i":"yesterday","$v":"Včera"},{"$i":"incorrectDate","$v":"(nesprávny dátum)"},{"$i":"addToExistingContact","$v":"Pridať k exist. kontaktu"},{"$i":"createNewContact","$v":"Vytvoriť nový účet"},{"$i":"viewContact","$v":"Zobraziť kontakt"},{"$i":"sendEmail","$v":"Poslať e-mail"},{"$i":"mms-message","$v":"Správa MMS"},{"$i":"notDownloaded-title","$v":"Správa sa ešte nestiahla."},{"$i":"tobedownloaded-attachment","$v":["Prijali ste multimediálnu správu. Stlačte Stiahnuť pre načítanie jej obsahu do ",{"t":"idOrVar","v":"date"},"."]},{"$i":"expired-attachment","$v":["Ľutujeme, platnosť správy vypršala ",{"t":"idOrVar","v":"date"}," a nie je možné ju stiahnuť."]},{"$i":"download-attachment","$v":"Stiahnuť"},{"$i":"downloading-attachment","$v":"Sťahovanie…"},{"$i":"download-complete","$v":"Sťahovanie dokončené"},{"$i":"unnamed-attachment","$v":"bez názvu"},{"$i":"mms-label","$v":"MMS"},{"$i":"not-download-label","$v":"Dostali ste multimediálnu správu, stiahnite ju, aby sa načítal jej obsah predtým, ako"},{"$i":"attachment-label","$v":"Príloha"},{"$i":"attached-files-too-large","$v":{"few":["Tieto správy prekračujú limit veľkosti ",{"t":"idOrVar","v":"mmsSize"}," MB pre 1 multimed. správu."],"many":["Tieto správy prekračujú limit veľkosti ",{"t":"idOrVar","v":"mmsSize"}," MB pre 1 multimed. správu."],"one":["Táto správa prekračuje limit veľkosti ",{"t":"idOrVar","v":"mmsSize"}," MB pre 1 multimed. správu."],"other":["Tieto správy prekračujú limit veľkosti ",{"t":"idOrVar","v":"mmsSize"}," MB pre 1 multimed. správu."],"two":["Tieto správy prekračujú limit veľkosti ",{"t":"idOrVar","v":"mmsSize"}," MB pre 1 multimed. správu."],"zero":["Tieto správy prekračujú limit veľkosti ",{"t":"idOrVar","v":"mmsSize"}," MB pre 1 multimed. správu."]},"$x":[{"t":"idOrVar","v":"plural"},"n"]},{"$i":"resize-image","$v":"Zmena veľk. pripoj. sním."},{"$i":"no-attachment-text","$v":"Problém s pripojeným súborom. Súbor nie je možné stiahnuť."},{"$i":"message-draft-saved","$v":"Správa sa ulož. ako koncept"},{"$i":"sim-id-label","$v":["SIM ",{"t":"idOrVar","v":"id"}]},{"$i":"sim-detail","$v":["SIM ",{"t":"idOrVar","v":"id"},", ",{"t":"idOrVar","v":"detailString"}]},{"$i":"dsds-notification-title-with-sim","$v":["(",{"t":"idOrVar","v":"sim"},") ",{"t":"idOrVar","v":"sender"}]},{"$i":"send-button","ariaLabel":"Poslať"},{"$i":"send-button-sim-indication","$v":[{"t":"idOrVar","v":"n"}],"ariaLabel":["používa SIM ",{"t":"idOrVar","v":"n"}]},{"$i":"expiry-date-format","$v":"%A, %b %e"},{"$i":"attach-button","ariaLabel":"Pridať prílohu"},{"$i":"contact-photo","ariaLabel":"Fot. kontaktu"},{"$i":"unread-thread","ariaLabel":"Nastaviť ako neprečít."},{"$i":"has-draft","ariaLabel":"Má koncept"},{"$i":"is-draft","ariaLabel":"Koncept"},{"$i":"message-delivery-status-sending","$v":"Posiela sa..."},{"$i":"message-delivery-status-delivered","$v":"Doručené"},{"$i":"message-delivery-status-read","ariaLabel":"Čítať"},{"$i":"message-delivery-status-error","ariaLabel":"Chyba"},{"$i":"modal-dialog-ok-button","$v":"OK"},{"$i":"modal-dialog-cancel-button","$v":"Zrušiť"},{"$i":"modal-dialog-default-title","$v":"Správy"},{"$i":"delete-message","$v":"Správa vymazaná"},{"$i":"message-converted-to-toast","$v":["Správa skonvert. na ",{"t":"idOrVar","v":"type"}]},{"$i":"message-sent-toast","$v":"Správa poslaná"},{"$i":"deleteMessage-confirmation2","$v":"Vymazať zvolené vlákno správy?"},{"$i":"deleted-message","$v":{"few":["Vymazané správy: ",{"t":"idOrVar","v":"n"}],"many":["Vymazané správy: ",{"t":"idOrVar","v":"n"}],"one":["Vymazaná správa: ",{"t":"idOrVar","v":"n"}],"other":["Vymazané správy: ",{"t":"idOrVar","v":"n"}],"two":["Vymazané správy: ",{"t":"idOrVar","v":"n"}],"zero":"0 správ vymazaných"},"$x":[{"t":"idOrVar","v":"plural"},"n"]},{"$i":"deleted-threads","$v":{"few":["Vymazané vlákna správ: ",{"t":"idOrVar","v":"n"}],"many":["Vymazané vlákna správ: ",{"t":"idOrVar","v":"n"}],"one":"Vlákno vymaz.","other":["Vymazané vlákna správ: ",{"t":"idOrVar","v":"n"}],"two":["Vymazané vlákna správ: ",{"t":"idOrVar","v":"n"}],"zero":"0 vláken vymazaných"},"$x":[{"t":"idOrVar","v":"plural"},"n"]},{"$i":"wapPushMessages","$v":"Push správy WAP"},{"$i":"auto-retrieve-messages","$v":"Aut. načítanie správ"},{"$i":"auto-retrieve-messages-title","$v":"Aut. načítanie správ"},{"$i":"auto-roaming-retrieve","$v":"Zap. s roamingom"},{"$i":"auto-no-roaming-retrieve","$v":"Zap. bez roamingu"},{"$i":"mmsTitle","$v":"Multimed. správy (MMS)"},{"$i":"message-delivery-reports","$v":"Výpisy o doručení"},{"$i":"message-delivery-reports-title","$v":"Výpisy o doručení"},{"$i":"messageReport-title","$v":"Detaily správy"},{"$i":"sms-label","$v":"SMS"},{"$i":"messaging-settings","$v":"Nastav. správ"},{"$i":"messagingSettings-header","$v":[{"t":"idOrVar","v":"messaging-settings"}]},{"$i":"confirmation-title","$v":"Potvrdenie"},{"$i":"draft-save-content","$v":"Uložiť ako koncept?"},{"$i":"draft-discard-content","$v":"Správa zahodená"},{"$i":"switch-on","$v":"Zap."},{"$i":"switch-off","$v":"Vyp."},{"$i":"auto-retrieve-desc","$v":"Aut. načítanie správ"},{"$i":"confirm-dialog-ok","$v":"OK"},{"$i":"yes","$v":"Áno"},{"$i":"no","$v":"Nie"},{"$i":"delete-current-thread?","$v":"Vymazať zvolené vlákno správy?"},{"$i":"attention","$v":"Pozor"},{"$i":"delivery-title","$v":"Textové správy (SMS)"},{"$i":"send-failed","$v":"Odoslané zlyhalo."},{"$i":"subject-removed","$v":"Predmet odstránený."},{"$i":"data-storage-limit-alert-title","$v":"Úložisko tel. je plné."},{"$i":"data-storage-limit-send-body","$v":"MMS sa nedá odoslať. Vymažte správy alebo prejdite do nastavení a uvoľnite miesto."},{"$i":"data-storage-limit-download-body","$v":"MMS sa nedá stiahnuť. Vymažte správy alebo prejdite do nastavení a uvoľnite miesto."},{"$i":"data-storage-limit-attachment-body","$v":"Nemožno pridať prílohu. Vymažte správu alebo prejdite do ponuky Nastavenia a uvoľnite miesto."},{"$i":"data-storage-limit-alert-cancel","$v":"Zrušiť"},{"$i":"data-storage-limit-alert-setting","$v":"Nastavenia"},{"$i":"recipient-repeat","$v":"Duplikát príjemcu."},{"$i":"email","$v":"E-MAIL"},{"$i":"options","$v":"Voľby"},{"$i":"emergency-alert-title","$v":"Núdzové upozornenia"},{"$i":"emergency-alert","$v":"Núdzové upozornenia"},{"$i":"wappushNormal","$v":"Push správa WAP"},{"$i":"wappushSIM1","$v":"Push správa WAP – SIM 1"},{"$i":"wappushSIM2","$v":"Push správa WAP – SIM 2"},{"$i":"not-assigned","$v":"Nepriradené"},{"$i":"switchSIMDataSendAlertTitle","$v":"MMS sa nepodarilo odoslať."},{"$i":"switchSIMDataSendAlertBody","$v":["Odoslanie správy MMS vyžaduje, aby ste v nastaveniach Správca SIM zmenil kartu SIM pre dáta na kartu SIM ",{"t":"idOrVar","v":"nonActiveSimId"},"."]},{"$i":"switchSIMDataSendAlertDesc","$v":"Nastavenie je možné zmeniť v aplikácii Nastavenia."},{"$i":"switchSIMDataReceiveAlertTitle","$v":"MMS sa nepodarilo prijať."},{"$i":"switchSIMDataReceiveAlertBody","$v":["Príjem správy MMS vyžaduje, aby ste v nastaveniach Správca SIM zmenil kartu SIM pre dáta na kartu SIM ",{"t":"idOrVar","v":"nonActiveSimId"},"."]},{"$i":"switchSIMDataReceiveAlertDesc","$v":"Nastavenie je možné zmeniť v aplikácii Nastavenia."},{"$i":"group-message","$v":"Skup. správa"},{"$i":"individual-message","$v":"Samost. správa"},{"$i":"group-message-alert-title","$v":"Skup. správa"},{"$i":"group-message-alert-body","$v":"Chcete vytvoriť skupinovú správu? (Odošle sa cez MMS za dodatočný poplatok pre poskytovateľa bezdrôtového pripojenia v závislosti od balíka služieb.)"},{"$i":"group-message-individual","$v":"Nie"},{"$i":"group-message-setting","$v":"Vytvoriť"},{"$i":"new-message-individual","$v":"Nová správa (samost.)"},{"$i":"new-message-group","$v":"Nová správa (skup.)"},{"$i":"device-phone-number","$v":"Moje tel. č."},{"$i":"group-message-phone","$v":"Skup. správy"},{"$i":"my-phone-number-SIM1","$v":"Moje telefónne číslo – SIM 1"},{"$i":"my-phone-number-SIM2","$v":"Moje telefónne číslo – SIM 2"},{"$i":"delivery-notification","$v":"Správa doručená"},{"$i":"wait","$v":"čaká"},{"$i":"isTextTooLongAlert","$v":"Bola prekročená maximálna dĺžka správy."},{"$i":"video-call","$v":"Videohovor"},{"$i":"normal-call","$v":"Hovor"},{"$i":"attachment","$v":"Príloha"},{"$i":"limit-MMS-recipients","$v":"Pre správu MMS možno nastaviť maximálne 20 príjemcov."},{"$i":"block-contact","$v":"Zablokovať kontakt"},{"$i":"blocked","$v":"Zablokovať"},{"$i":"unblocked","$v":"odblokovať"},{"$i":"rtt-call","$v":"Volanie RTT"},{"$i":"remove-all-attachments","$v":"Odstrániť všetky prílohy"},{"$i":"block-confirmation","$v":"Zablokovaní ľudia vám nebudú môcť volať ani posielať správy."},{"$i":"space-low-not-save","$v":"Úložisko je plné. Koncept sa nedá uložiť."},{"$i":"creation-mode-messages","$v":"Režim tvorby"},{"$i":"creation-mode-restricted","$v":"Obmedzený"},{"$i":"creation-mode-warning","$v":"Výstraha"},{"$i":"creation-mode-free","$v":"zadarmo"},{"$i":"creationMode_restricted_title","$v":"limit režimu tvorby"},{"$i":"creationMode_restricted_alert","$v":"Režim tvorby je obmedzený, nemôžete pridať prílohu, ktorá nie je typu domény obsahu Core MM."},{"$i":"creationMode_warning_title","$v":"upozornenie režimu tvorby"},{"$i":"creationMode_warning_alert","$v":"Potvrdzujete prijatie prílohy, ktorá nie je typu domény obsahu Core MM?"},{"$i":"withoutDataTitle","$v":"Žiadne dátové pripojenie"},{"$i":"withoutDataBody","$v":"Ak chcete odosielať alebo sťahovať správy MMS, povoľte v Nastaveniach dátové pripojenie."},{"$i":"withoutDataBtnOk","$v":"OK"},{"$i":"withoutDataBtnSettings","$v":"Nastavenia"},{"$i":"FTUTitle","$v":"Vitajte v správach."},{"$i":"FTUBody","$v":"Ak chcete používať skupinové správy, musíte zadať svoje telefónne číslo."},{"$i":"myNumber","$v":"Moje tel. č."},{"$i":"myNumber-SIM1","$v":"Moje telefónne číslo – SIM 1"},{"$i":"myNumber-SIM2","$v":"Moje telefónne číslo – SIM 2"},{"$i":"save-number","$v":"Uložiť"},{"$i":"input-alert-show","$v":"Toto je vaše telefónne číslo."},{"$i":"input-alert-reInput","$v":"Ak chcete používať skupinové správy, musíte zadať svoje telefónne číslo."},{"$i":"multiple-recipients-flag","$v":",..."},{"$i":"parent-control-text","$v":"Toto číslo je zablokované. Môžete požiadať svojich rodičov o povolenie."},{"$i":"groupNumberInputOne-placeholder","$v":"Moje telefónne číslo – SIM 1"},{"$i":"groupNumberInputOne","$v":"Moje tel. č."},{"$i":"groupNumberInputTwo-placeholder","$v":"Moje telefónne číslo – SIM 2"},{"$i":"groupNumberInputTwo","$v":"Moje tel. č."},{"$i":"custom-message-sent","$v":["Odoslané používateľovi: ",{"t":"idOrVar","v":"name"}]},{"$i":"colon","$v":":"},{"$i":"sms-encoding-mode","$v":"Šifrovanie správ SMS"},{"$i":"sms-reduced-format","$v":"Obmedzený formát"},{"$i":"sms-full-format","$v":"Celý formát"},{"$i":"smscNormal","$v":"Servisné centrum"},{"$i":"smscSIM1","$v":"Servisné centrum SIM1"},{"$i":"smscSIM2","$v":"Servisné centrum SIM2"},{"$i":"weekday-0-long","$v":"Nedeľa"},{"$i":"weekday-1-long","$v":"Pondelok"},{"$i":"weekday-2-long","$v":"Utorok"},{"$i":"weekday-3-long","$v":"Streda"},{"$i":"weekday-4-long","$v":"Štvrtok"},{"$i":"weekday-5-long","$v":"Piatok"},{"$i":"weekday-6-long","$v":"Sobota"},{"$i":"weekday-0-short","$v":"Ned"},{"$i":"weekday-1-short","$v":"Pon"},{"$i":"weekday-2-short","$v":"Uto"},{"$i":"weekday-3-short","$v":"Str"},{"$i":"weekday-4-short","$v":"Štv"},{"$i":"weekday-5-short","$v":"Pia"},{"$i":"weekday-6-short","$v":"Sob"},{"$i":"month-0-long","$v":"Január"},{"$i":"month-1-long","$v":"Február"},{"$i":"month-2-long","$v":"Marec"},{"$i":"month-3-long","$v":"Apríl"},{"$i":"month-4-long","$v":"Máj"},{"$i":"month-5-long","$v":"Jún"},{"$i":"month-6-long","$v":"Júl"},{"$i":"month-7-long","$v":"August"},{"$i":"month-8-long","$v":"September"},{"$i":"month-9-long","$v":"Október"},{"$i":"month-10-long","$v":"November"},{"$i":"month-11-long","$v":"December"},{"$i":"month-0-genitive","$v":"Január"},{"$i":"month-1-genitive","$v":"Február"},{"$i":"month-2-genitive","$v":"Marec"},{"$i":"month-3-genitive","$v":"Apríl"},{"$i":"month-4-genitive","$v":"Máj"},{"$i":"month-5-genitive","$v":"Jún"},{"$i":"month-6-genitive","$v":"Júl"},{"$i":"month-7-genitive","$v":"August"},{"$i":"month-8-genitive","$v":"September"},{"$i":"month-9-genitive","$v":"Október"},{"$i":"month-10-genitive","$v":"November"},{"$i":"month-11-genitive","$v":"December"},{"$i":"month-0-short","$v":"Jan"},{"$i":"month-1-short","$v":"Feb"},{"$i":"month-2-short","$v":"Mar"},{"$i":"month-3-short","$v":"Apr"},{"$i":"month-4-short","$v":"Máj"},{"$i":"month-5-short","$v":"Jún"},{"$i":"month-6-short","$v":"Júl"},{"$i":"month-7-short","$v":"Aug"},{"$i":"month-8-short","$v":"Sep"},{"$i":"month-9-short","$v":"Okt"},{"$i":"month-10-short","$v":"Nov"},{"$i":"month-11-short","$v":"Dec"},{"$i":"minutes-ago-long","$v":{"few":["Pred počtom min.: ",{"t":"idOrVar","v":"value"}],"many":["Pred počtom min.: ",{"t":"idOrVar","v":"value"}],"other":["Pred počtom min.: ",{"t":"idOrVar","v":"value"}],"two":["Pred počtom min.: ",{"t":"idOrVar","v":"value"}],"one":"pred 1 min.","zero":"práve teraz"},"$x":[{"t":"idOrVar","v":"plural"},"value"]},{"$i":"hours-ago-long","$v":{"few":["Pred počtom hod.: ",{"t":"idOrVar","v":"value"}],"many":["Pred počtom hod.: ",{"t":"idOrVar","v":"value"}],"other":["Pred počtom hod.: ",{"t":"idOrVar","v":"value"}],"two":["Pred počtom hod.: ",{"t":"idOrVar","v":"value"}],"one":"pred 1 hodinou","zero":"práve teraz"},"$x":[{"t":"idOrVar","v":"plural"},"value"]},{"$i":"days-ago-long","$v":{"few":["Pred počtom dní: ",{"t":"idOrVar","v":"value"}],"many":["Pred počtom dní: ",{"t":"idOrVar","v":"value"}],"one":"včera","other":["Pred počtom dní: ",{"t":"idOrVar","v":"value"}],"two":["Pred počtom dní: ",{"t":"idOrVar","v":"value"}],"zero":"dnes"},"$x":[{"t":"idOrVar","v":"plural"},"value"]},{"$i":"weeks-ago-long","$v":{"few":["Pred počtom týžd.: ",{"t":"idOrVar","v":"value"}],"many":["Pred počtom týžd.: ",{"t":"idOrVar","v":"value"}],"one":"min. týždeň","other":["Pred počtom týžd.: ",{"t":"idOrVar","v":"value"}],"two":["Pred počtom týžd.: ",{"t":"idOrVar","v":"value"}],"zero":"tento týždeň"},"$x":[{"t":"idOrVar","v":"plural"},"value"]},{"$i":"months-ago-long","$v":{"few":["Pred počtom mes.: ",{"t":"idOrVar","v":"value"}],"many":["Pred počtom mes.: ",{"t":"idOrVar","v":"value"}],"one":"min. mesiac","other":["Pred počtom mes.: ",{"t":"idOrVar","v":"value"}],"two":["Pred počtom mes.: ",{"t":"idOrVar","v":"value"}],"zero":"tento mesiac"},"$x":[{"t":"idOrVar","v":"plural"},"value"]},{"$i":"years-ago-long","$v":{"few":["Pred počtom rokov: ",{"t":"idOrVar","v":"value"}],"many":["Pred počtom rokov: ",{"t":"idOrVar","v":"value"}],"one":"min. rok","other":["Pred počtom rokov: ",{"t":"idOrVar","v":"value"}],"two":["Pred počtom rokov: ",{"t":"idOrVar","v":"value"}],"zero":"tento rok"},"$x":[{"t":"idOrVar","v":"plural"},"value"]},{"$i":"minutes-until-long","$v":{"few":["o ",{"t":"idOrVar","v":"value"}," min"],"many":["o ",{"t":"idOrVar","v":"value"}," min"],"other":["o ",{"t":"idOrVar","v":"value"}," min"],"two":["o ",{"t":"idOrVar","v":"value"}," min"],"zero":"teraz","one":"za 1 minútu"},"$x":[{"t":"idOrVar","v":"plural"},"value"]},{"$i":"hours-until-long","$v":{"few":["o ",{"t":"idOrVar","v":"value"}," hod."],"many":["o ",{"t":"idOrVar","v":"value"}," hod."],"other":["o ",{"t":"idOrVar","v":"value"}," hod."],"two":["o ",{"t":"idOrVar","v":"value"}," hod."],"zero":"teraz","one":"za 1 hodinu"},"$x":[{"t":"idOrVar","v":"plural"},"value"]},{"$i":"days-until-long","$v":{"few":["o ",{"t":"idOrVar","v":"value"}," d."],"many":["o ",{"t":"idOrVar","v":"value"}," d."],"one":"zajtra","other":["o ",{"t":"idOrVar","v":"value"}," d."],"two":["o ",{"t":"idOrVar","v":"value"}," d."],"zero":"dnes"},"$x":[{"t":"idOrVar","v":"plural"},"value"]},{"$i":"weeks-until-long","$v":{"few":["o ",{"t":"idOrVar","v":"value"}," týžd."],"many":["o ",{"t":"idOrVar","v":"value"}," týžd."],"one":"nasl. týždeň","other":["o ",{"t":"idOrVar","v":"value"}," týžd."],"two":["o ",{"t":"idOrVar","v":"value"}," týžd."],"zero":"tento týždeň"},"$x":[{"t":"idOrVar","v":"plural"},"value"]},{"$i":"months-until-long","$v":{"few":["o ",{"t":"idOrVar","v":"value"}," mes."],"many":["o ",{"t":"idOrVar","v":"value"}," mes."],"one":"nasl. mesiac","other":["o ",{"t":"idOrVar","v":"value"}," mes."],"two":["o ",{"t":"idOrVar","v":"value"}," mes."],"zero":"tento mesiac"},"$x":[{"t":"idOrVar","v":"plural"},"value"]},{"$i":"years-until-long","$v":{"few":["o ",{"t":"idOrVar","v":"value"}," rok."],"many":["o ",{"t":"idOrVar","v":"value"}," rok."],"one":"nasl. rok","other":["o ",{"t":"idOrVar","v":"value"}," rok."],"two":["o ",{"t":"idOrVar","v":"value"}," rok."],"zero":"tento rok"},"$x":[{"t":"idOrVar","v":"plural"},"value"]},{"$i":"minutes-ago-short","$v":{"other":["Pred ",{"t":"idOrVar","v":"value"}," m"],"zero":"práve teraz"},"$x":[{"t":"idOrVar","v":"plural"},"value"]},{"$i":"hours-ago-short","$v":{"other":["Pred ",{"t":"idOrVar","v":"value"}," h"],"zero":"práve teraz"},"$x":[{"t":"idOrVar","v":"plural"},"value"]},{"$i":"days-ago-short","$v":{"other":["Pred ",{"t":"idOrVar","v":"value"}," d"],"zero":"dnes"},"$x":[{"t":"idOrVar","v":"plural"},"value"]},{"$i":"minutes-until-short","$v":{"other":["o ",{"t":"idOrVar","v":"value"}," m"],"zero":"teraz"},"$x":[{"t":"idOrVar","v":"plural"},"value"]},{"$i":"hours-until-short","$v":{"other":["o ",{"t":"idOrVar","v":"value"}," h"],"zero":"teraz"},"$x":[{"t":"idOrVar","v":"plural"},"value"]},{"$i":"days-until-short","$v":{"other":["o ",{"t":"idOrVar","v":"value"}," d"],"zero":"dnes"},"$x":[{"t":"idOrVar","v":"plural"},"value"]},{"$i":"dateTimeFormat_%c","$v":"%a %b %e %Y %I:%M:%S %p"},{"$i":"dateTimeFormat_%x","$v":"%m/%d/%Y"},{"$i":"dateTimeFormat_%X","$v":"%I:%M:%S %p"},{"$i":"shortTimeFormat","$v":"%I:%M %p"},{"$i":"shortTimeFormat12","$v":"%I:%M %p"},{"$i":"shortTimeFormat24","$v":"%H:%M"},{"$i":"shortDateTimeFormat","$v":"%x %I:%M %p"},{"$i":"weekStartsOnMonday","$v":"0.0"},{"$i":"firstDayOfTheWeek","$v":"1.0"},{"$i":"time_am","$v":"AM"},{"$i":"time_pm","$v":"PM"},{"$i":"softkey-options","$v":"Voľby"},{"$i":"emergencyNumber","$v":"Núdzové číslo"},{"$i":"callAirplaneModeMessage","$v":"Ak chcete uskutočniť hovor, vypnite režim Lietadlo v nastaveniach."},{"$i":"callAirplaneModeBtnOk","$v":"OK"},{"$i":"callAirplaneModeTitle","$v":"Režim Lietadlo zapnutý"},{"$i":"numberIsBusyTitle","$v":"Číslo je obsadené"},{"$i":"numberIsBusyMessage","$v":"Číslo je obsadené. Skúste to znova neskôr."},{"$i":"fdnIsActiveTitle","$v":"FDN aktívne"},{"$i":"fdnIsActiveMessage","$v":["Povolené čísla (FDN) sú aktiv. a nasled. číslo nie je v zozname FDN: ",{"t":"idOrVar","v":"number"}]},{"$i":"emergencyDialogBodyBadNumber","$v":"Ak chcete uskutočniť hovor, telefón musí byť pripojený k sieti."},{"$i":"emergencyDialogBodyDeviceNotAccepted","$v":"Sieť nepovoľuje núdzové volania."},{"$i":"emergencyDialogBtnOk","$v":"OK"},{"$i":"emergencyDialogTitle","$v":"Žiad. sieťové pripojenie"},{"$i":"invalidNumberToDialTitle","$v":"Nepl. tel. číslo"},{"$i":"invalidNumberToDialMessage","$v":"Telefónne číslo, na ktoré voláte, je neplatné."},{"$i":"unableToCallTitle","$v":"Nemožno uskut. "},{"$i":"unableToCallMessage","$v":"Teraz sa nedá uskutočniť hovor"},{"$i":"otherConnectionInUseTitle","$v":"Používa sa iné spojenie"},{"$i":"otherConnectionInUseMessage","$v":"Na inom spojení máte aktívny hovor. Môžete používať len 1 spojenie súčasne."},{"$i":"connectingEllipsis","$v":"Pripájanie…"}]