[{"$i":"messages","$v":"Sporočilo"},{"$i":"deleteMessages-title","$v":"Izberi"},{"$i":"selectThreads-title","$v":"Izberi"},{"$i":"edit","$v":"Uredi"},{"$i":"back","$v":"Nazaj"},{"$i":"cancel","$v":"Prekliči"},{"$i":"delete","$v":"Brisanje"},{"$i":"deleting-messages","$v":"Brisanje …"},{"$i":"deselect","$v":"Prekliči izbor"},{"$i":"selected-threads","$v":{"few":[{"t":"idOrVar","v":"n"}," izbrane"],"many":["Izbrano: ",{"t":"idOrVar","v":"n"}],"one":[{"t":"idOrVar","v":"n"}," izbrana"],"other":["Izbrano: ",{"t":"idOrVar","v":"n"}],"two":[{"t":"idOrVar","v":"n"}," izbrani"],"zero":"0 izbranih"},"$x":[{"t":"idOrVar","v":"plural"},"n"]},{"$i":"selected-messages","$v":{"few":[{"t":"idOrVar","v":"n"}," izbrana"],"many":[{"t":"idOrVar","v":"n"}," izbranih"],"one":[{"t":"idOrVar","v":"n"}," izbrano"],"other":[{"t":"idOrVar","v":"n"}," izbranih"],"two":[{"t":"idOrVar","v":"n"}," izbrani"],"zero":"0 izbranih"},"$x":[{"t":"idOrVar","v":"plural"},"n"]},{"$i":"selectThreads-label","$v":"Izberite niti"},{"$i":"selectMessages-label","$v":"Izberite sporočila"},{"$i":"new-message","$v":"Novo sporočilo"},{"$i":"delete-thread","$v":"Izbriši nit"},{"$i":"create-new-contact","$v":"Ustvari nov stik"},{"$i":"add-to-contact","$v":"Dodaj k obstoječemu stiku"},{"$i":"select-thread","$v":"Izberite nit"},{"$i":"settings","$v":"Nastavitve"},{"$i":"select-all","$v":"Izberi vse"},{"$i":"deselect-all","$v":"Prekliči izbor vseh"},{"$i":"select","$v":"Izberi"},{"$i":"sk-save-as-draft","$v":"Shrani kot osnutek"},{"$i":"next","$v":"Naprej"},{"$i":"send","$v":"Pošlji"},{"$i":"add-contact","$v":"Dodaj stik"},{"$i":"add-suggestion","$v":"Izberi"},{"$i":"add-subject","$v":"Dodaj zadevo"},{"$i":"remove-subject","$v":"Odstrani zadevo"},{"$i":"add-attachment","$v":"Dodaj prilogo"},{"$i":"remove-attachment","$v":"Odstrani prilogo"},{"$i":"replace-attachment","$v":"Zamenjaj prilogo"},{"$i":"select-messages","$v":"Izberite sporočila"},{"$i":"call","$v":"Klic"},{"$i":"forward","$v":"Naprej"},{"$i":"view-message-report","$v":"Prikaži podrobn. sporoč."},{"$i":"cancel-view-report","$v":"Prekliči"},{"$i":"ok","$v":"V redu"},{"$i":"enter","$v":"Vnos"},{"$i":"open","$v":"Odpri"},{"$i":"to","$v":"Za"},{"$i":"new","$v":"Novo"},{"$i":"message","$v":"Sporočilo"},{"$i":"messagesInput_placeholder","$v":"Sporočilo"},{"$i":"messagesSubjectInput_placeholder","$v":"Zadeva"},{"$i":"subjectComposerInput_placeholder","$v":"Zadeva"},{"$i":"converted-to-mms","$v":"Pretvarjanje v večpredstavnostno sporočilo."},{"$i":"converted-to-sms","$v":"Pretvarjanje v besedilno sporočilo."},{"$i":"messages-max-length-text","$v":"Dosegli ste največjo dovoljeno dolžino."},{"$i":"messages-max-subject-length-text","$v":"Dosežena je omejitev dolžine zadeve."},{"$i":"multimedia-message-exceeded-max-length","$v":["To sporočilo presega omejitev velikosti za posamezno večpredstavnostno sporočilo, ki znaša ",{"t":"idOrVar","v":"mmsSize"}," MB."]},{"$i":"newMessage","$v":"Novo sporočilo"},{"$i":"sendMessage","$v":"Pošlji sporočilo"},{"$i":"sendMMSToEmail","$v":"Pošlji večpredst. sporočilo"},{"$i":"no-recipient","$v":"(Ni prejemnika)"},{"$i":"recipient","$v":{"few":[{"t":"idOrVar","v":"n"}," prejemniki"],"many":[{"t":"idOrVar","v":"n"}," prejemnikov"],"one":[{"t":"idOrVar","v":"n"}," prejemnik"],"other":[{"t":"idOrVar","v":"n"}," prejemnikov"],"two":[{"t":"idOrVar","v":"n"}," prejemnika"]},"$x":[{"t":"idOrVar","v":"plural"},"n"]},{"$i":"attachmentSizeB","$v":[{"t":"idOrVar","v":"n"}," B"]},{"$i":"attachmentSizeKB","$v":[{"t":"idOrVar","v":"n"}," KB"]},{"$i":"attachmentSizeMB","$v":[{"t":"idOrVar","v":"n"}," MB"]},{"$i":"attachmentOpenError","$v":"Na voljo ni nobena aplikacija, ki bi lahko odprla to vrsto datoteke."},{"$i":"attachmentNotFile","$v":"Te datoteke ni mogoče najti."},{"$i":"remove","$v":"Odstrani"},{"$i":"participant","$v":{"few":[{"t":"idOrVar","v":"n"}," udeleženci"],"many":[{"t":"idOrVar","v":"n"}," udeležencev"],"one":[{"t":"idOrVar","v":"n"}," udeleženec"],"other":[{"t":"idOrVar","v":"n"}," udeležencev"],"two":[{"t":"idOrVar","v":"n"}," udeleženca"]},"$x":[{"t":"idOrVar","v":"plural"},"n"]},{"$i":"message-report","$v":"Poročilo o sporočilu"},{"$i":"message-type-sms","$v":"Besedilno sporočilo (SMS)"},{"$i":"message-type-mms","$v":"Večpredstavnostno sporočilo (MMS)"},{"$i":"sms-report-description","$v":["Vaše besedilno sporočilo (SMS) je bilo poslano ",{"t":"idOrVar","v":"datetime"}]},{"$i":"mms-report-description","$v":["Vaše večpredstavnostno sporočilo (MMS) z zadevo ",{"t":"idOrVar","v":"subject"}," je bilo poslano ",{"t":"idOrVar","v":"datetime"},"."]},{"$i":"mms-no-subject-report-description","$v":["Vaše večpredstavnostno sporočilo (MMS) je bilo poslano ",{"t":"idOrVar","v":"datetime"},"."]},{"$i":"message-subject","$v":"Zadeva:"},{"$i":"report-status-error","$v":"Sporočila ni bilo mogoče poslati"},{"$i":"report-status-not-downloaded","$v":"ni preneseno"},{"$i":"report-status-delivered","$v":"Dostavljeno:"},{"$i":"report-status-read","$v":"Prebrano:"},{"$i":"report-status-pending","$v":"Poročilo je zahtevano"},{"$i":"report-status-rejected","$v":"Sporočilo je zavrnjeno"},{"$i":"message-size-was","$v":"Velikost sporočila:"},{"$i":"report-to-title","$v":"Za"},{"$i":"report-from-title","$v":"Od"},{"$i":"message-sent","$v":"Poslano:"},{"$i":"message-sending","$v":[{"t":"idOrVar","v":"message-delivery-status-sending"}]},{"$i":"message-received","$v":"Prejeto:"},{"$i":"message-via","$v":"Prek:"},{"$i":"message-resend","$v":"Pošlji znova"},{"$i":"search","$v":"Iščite"},{"$i":"unknown-contact-title","$v":"Neznan stik"},{"$i":"phone-type-separator","$v":", "},{"$i":"phone-carrier-separator","$v":" "},{"$i":"thread-participant-separator","$v":", "},{"$i":"replace-draft","$v":"Zamenjaj obstoječi osnutek"},{"$i":"save-as-draft","$v":"Shrani"},{"$i":"discard-message","$v":"Zavrzi"},{"$i":"discard-sms","$v":"Ali ste prepričani, da želite zavreči to sporočilo?"},{"$i":"discard-new-message","$v":"Želite zavreči sporočilo, ki ga pišete, in odpreti novo sporočilo?"},{"$i":"resend-confirmation","$v":"Sporočila ni bilo mogoče poslati. Želite poskusiti znova?"},{"$i":"resend-message","$v":"Znova pošlji to sporočilo"},{"$i":"deleteMessage-confirmation","$v":"Želite izbrisati izbrano sporočilo?"},{"$i":"deleteMessages-confirmation","$v":"Želite izbrisati izbrana sporočila?"},{"$i":"deleteThreads-confirmation2","$v":{"one":"Želite izbrisati izbrano nit sporočil?","other":"Želite izbrisati izbrane niti sporočil?"},"$x":[{"t":"idOrVar","v":"plural"},"n"]},{"$i":"new-message-notice-text","$v":"Novo sporočilo od"},{"$i":"new-message-notice-a-text","$v":"Preberi"},{"$i":"noMessages-title","$v":"Ni sporočil"},{"$i":"noMessages-text","$v":"Za začetek pogovora pritisnite »Novo«."},{"$i":"sendDefaultErrorTitle","$v":"Pošlji napako"},{"$i":"sendDefaultErrorBody","$v":"Pri pošiljanju sporočila je prišlo do težav. Poskusite znova."},{"$i":"sendDefaultErrorBtnOk","$v":"V redu"},{"$i":"sendMissingSimCardTitle","$v":"Pošlji napako"},{"$i":"sendMissingSimCardBody","$v":"Za nadaljevanje vstavite veljavno kartico SIM."},{"$i":"sendMissingSimCardBtnOk","$v":"V redu"},{"$i":"sendFlightModeTitle","$v":"Pošlji napako"},{"$i":"sendFlightModeBody","$v":"Za pošilj. sporoč. izklopite nač. za letalo."},{"$i":"sendFlightModeBtnOk","$v":"V redu"},{"$i":"radioDisabledToDownloadTitle","$v":"Prenesi neuspeh"},{"$i":"radioDisabledToDownloadBody","$v":"Če želite prenesti priloge, izklopite način za letalo."},{"$i":"radioDisabledToDownloadBtnOk","$v":[{"t":"idOrVar","v":"sendFlightModeBtnOk"}]},{"$i":"downloadDefaultErrorTitle","$v":"Prenesi neuspeh"},{"$i":"downloadDefaultErrorBody","$v":"Pri prenosu sporočila je prišlo do težave. Prosim poskusite ponovno."},{"$i":"downloadDefaultErrorBtnOk","$v":[{"t":"idOrVar","v":"sendDefaultErrorBtnOk"}]},{"$i":"fdnErrorTitle","$v":"Pošlji napako"},{"$i":"needConnectWifiBody","$v":["Na voljo ni nobeno mobilno podatkovno omrežje. Če želite uporabljati sporočanje, vzpostavite povezavo z razpoložljivim omrežjem ",{"t":"idOrVar","v":"Wi-Fi"},"."]},{"$i":"needConnectWifiTitle","$v":"Sporočilo ni poslano"},{"$i":"mmsChanelUsedBody","$v":"Proces, ki ni vrste DDS, pošilja sporočilo MMS. Počakajte, da bo pošiljanje končano."},{"$i":"mmsChanelUsedTitle","$v":"Uporabljeni kanal MMS"},{"$i":"sms-counter-notice-label","$v":["Urejanje SMS ",{"t":"idOrVar","v":"number"}]},{"$i":"fdnErrorBody","$v":{"few":"Omejeno klicanje (FDN) je aktivirano. Prepričajte se, da so centrala za sporočila SMS in ti prejemniki na vašem seznamu za omejeno klicanje.","many":"Omejeno klicanje (FDN) je aktivirano. Prepričajte se, da so centrala za sporočila SMS in ti prejemniki na vašem seznamu za omejeno klicanje.","one":"Omejeno klicanje (FDN) je aktivirano. Prepričajte se, da sta centrala za sporočila SMS in ta prejemnik na vašem seznamu za omejeno klicanje.","other":"Omejeno klicanje (FDN) je aktivirano. Prepričajte se, da so centrala za sporočila SMS in ti prejemniki na vašem seznamu za omejeno klicanje.","two":"Omejeno klicanje (FDN) je aktivirano. Prepričajte se, da so centrala za sporočila SMS in ta prejemnika na vašem seznamu za omejeno klicanje."},"$x":[{"t":"idOrVar","v":"plural"},"n"]},{"$i":"fdnErrorBtnOk","$v":"V redu"},{"$i":"sendNoSignalErrorTitle","$v":"Pošlji napako"},{"$i":"sendNoSignalErrorBody","$v":"Brez mobilnega signala, poskusite znova."},{"$i":"sendNoSignalErrorBtnOk","$v":"V redu"},{"$i":"sendNotFoundErrorTitle","$v":"Pošlji napako"},{"$i":"sendNotFoundErrorBody","$v":"Sporočilo, ki ga iščete, ni več na voljo."},{"$i":"sendNotFoundErrorBtnOk","$v":"V redu"},{"$i":"sendInvalidAddressErrorTitle","$v":"Pošlji napako"},{"$i":"sendInvalidAddressErrorBody","$v":"Preverite veljavnost mobilne številke, na katero pošiljate."},{"$i":"sendInvalidAddressErrorBtnOk","$v":"V redu"},{"$i":"simNotMatchedErrorTitle","$v":"Prenos ni mogoč"},{"$i":"simNotMatchedErrorBody","$v":"Prepričajte se, da je vstavljena kartica SIM, ki je bila uporabljena za prejem tega sporočila."},{"$i":"simNotMatchedErrorBtnOk","$v":"V redu"},{"$i":"netWorkErrorTitle","$v":"Napaka omrežja"},{"$i":"netWorkErrorBody","$v":"Omrežna napaka. Preverite omrežno povezavo."},{"$i":"netWorkErrorBtnOk","$v":"V redu"},{"$i":"deleted-sms","$v":"To sporoč. je že izbrisano."},{"$i":"view-attachment-image","$v":"Prikaži"},{"$i":"view-attachment-audio","$v":"Poslušajte"},{"$i":"view-attachment-video","$v":"Prikaži"},{"$i":"view-attachment-other","$v":"Prikaži"},{"$i":"remove-attachment-image","$v":"Odstrani sliko"},{"$i":"remove-attachment-audio","$v":"Odstrani zvok"},{"$i":"remove-attachment-video","$v":"Odstrani video"},{"$i":"remove-attachment-other","$v":"Odstrani prilogo"},{"$i":"replace-attachment-image","$v":"Zamenjaj sliko"},{"$i":"replace-attachment-audio","$v":"Zamenjaj zvok"},{"$i":"replace-attachment-video","$v":"Zamenjaj video"},{"$i":"replace-attachment-other","$v":"Zamenjaj prilogo"},{"$i":"unsent-message-title","$v":"Neposlano sporočilo"},{"$i":"unsent-message-description","$v":"Vaše prejšnje sporočilo ni bilo poslano. Želite urediti neposlano sporočilo ali ga želite zavreči in nadaljevati?"},{"$i":"unsent-message-option-edit","$v":"Uredi"},{"$i":"unsent-message-option-discard","$v":"Zavrzi"},{"$i":"message-options","$v":"Možnosti sporočila"},{"$i":"select-text","$v":"Izberite besedilo"},{"$i":"mobile","$v":"Mobilno"},{"$i":"home","$v":"Dom"},{"$i":"work","$v":"Služba"},{"$i":"personal","$v":"Osebno"},{"$i":"faxHome","$v":"Faks – doma"},{"$i":"faxOffice","$v":"Faks – služba"},{"$i":"faxOther","$v":"Faks – drugo"},{"$i":"another","$v":"Druga"},{"$i":"other","$v":"Drugo"},{"$i":"today","$v":"Danes"},{"$i":"yesterday","$v":"Včeraj"},{"$i":"incorrectDate","$v":"(nepravilen datum)"},{"$i":"addToExistingContact","$v":"Dodaj k obstoječemu stiku"},{"$i":"createNewContact","$v":"Ustvari nov stik"},{"$i":"viewContact","$v":"Prikaži stik"},{"$i":"sendEmail","$v":"Pošlji e-pošto"},{"$i":"mms-message","$v":"Sporočilo MMS"},{"$i":"notDownloaded-title","$v":"Sporočilo še ni preneseno."},{"$i":"tobedownloaded-attachment","$v":["Prejeli ste večpredstavnostno sporočilo. Pritisnite »Prenos«, da pridobite vsebino sporočila. To morate storiti do ",{"t":"idOrVar","v":"date"},"."]},{"$i":"expired-attachment","$v":["Sporočilo je poteklo ",{"t":"idOrVar","v":"date"}," in ga žal ni mogoče prenesti."]},{"$i":"download-attachment","$v":"Prenesi"},{"$i":"downloading-attachment","$v":"Prenašanje …"},{"$i":"download-complete","$v":"Prenos je dokončan"},{"$i":"unnamed-attachment","$v":"neimenovan"},{"$i":"mms-label","$v":"MMS"},{"$i":"not-download-label","$v":"Prejeli ste večpredstavnostno sporočilo. Če želite dobiti vsebino sporočila, ga prenesite do"},{"$i":"attachment-label","$v":"Priloga"},{"$i":"attached-files-too-large","$v":{"few":["Ta sporočila presegajo omejitev velikosti za posamezno večpredstavnostno sporočilo, ki znaša ",{"t":"idOrVar","v":"mmsSize"}," MB."],"many":["Ta sporočila presegajo omejitev velikosti za posamezno večpredstavnostno sporočilo, ki znaša ",{"t":"idOrVar","v":"mmsSize"}," MB."],"one":["To sporočilo presega omejitev velikosti za posamezno večpredstavnostno sporočilo, ki znaša ",{"t":"idOrVar","v":"mmsSize"}," MB."],"other":["Ta sporočila presegajo omejitev velikosti za posamezno večpredstavnostno sporočilo, ki znaša ",{"t":"idOrVar","v":"mmsSize"}," MB."],"two":["Ti sporočili presegata omejitev velikosti za posamezno večpredstavnostno sporočilo, ki znaša ",{"t":"idOrVar","v":"mmsSize"}," MB."],"zero":["Ta sporočila presegajo omejitev velikosti za posamezno večpredstavnostno sporočilo, ki znaša ",{"t":"idOrVar","v":"mmsSize"}," MB."]},"$x":[{"t":"idOrVar","v":"plural"},"n"]},{"$i":"resize-image","$v":"Spremin. velik. prilož. slike"},{"$i":"no-attachment-text","$v":"Prišlo je do težave s priloženo datoteko in je ni mogoče prenesti."},{"$i":"message-draft-saved","$v":"Sporočilo je shranjeno kot osnutek"},{"$i":"sim-id-label","$v":["SIM ",{"t":"idOrVar","v":"id"}]},{"$i":"sim-detail","$v":["SIM ",{"t":"idOrVar","v":"id"},", ",{"t":"idOrVar","v":"detailString"}]},{"$i":"dsds-notification-title-with-sim","$v":["(",{"t":"idOrVar","v":"sim"},") ",{"t":"idOrVar","v":"sender"}]},{"$i":"send-button","ariaLabel":"Pošlji"},{"$i":"send-button-sim-indication","$v":[{"t":"idOrVar","v":"n"}],"ariaLabel":["prek kartice SIM ",{"t":"idOrVar","v":"n"}]},{"$i":"expiry-date-format","$v":"%A, %b %e"},{"$i":"attach-button","ariaLabel":"Dodaj prilogo"},{"$i":"contact-photo","ariaLabel":"Fotografija stika"},{"$i":"unread-thread","ariaLabel":"Označi kot neprebrano"},{"$i":"has-draft","ariaLabel":"Ima osnutek"},{"$i":"is-draft","ariaLabel":"Osnutek"},{"$i":"message-delivery-status-sending","$v":"Pošiljanje ..."},{"$i":"message-delivery-status-delivered","$v":"Dostavljeno"},{"$i":"message-delivery-status-read","ariaLabel":"Prebrano"},{"$i":"message-delivery-status-error","ariaLabel":"Napaka"},{"$i":"modal-dialog-ok-button","$v":"V redu"},{"$i":"modal-dialog-cancel-button","$v":"Prekliči"},{"$i":"modal-dialog-default-title","$v":"Sporočila"},{"$i":"delete-message","$v":"Sporočilo je izbrisano"},{"$i":"message-converted-to-toast","$v":["Sporočilo je pretvorjeno v ",{"t":"idOrVar","v":"type"}]},{"$i":"message-sent-toast","$v":"Sporočilo je poslano"},{"$i":"deleteMessage-confirmation2","$v":"Želite izbrisati izbrano nit sporočil?"},{"$i":"deleted-message","$v":{"few":[{"t":"idOrVar","v":"n"}," sporočila so izbrisana"],"many":[{"t":"idOrVar","v":"n"}," sporočil je izbrisanih"],"one":[{"t":"idOrVar","v":"n"}," sporočilo je izbrisano"],"other":[{"t":"idOrVar","v":"n"}," sporočil je izbrisanih"],"two":[{"t":"idOrVar","v":"n"}," sporočili sta izbrisani"],"zero":"0 sporočil je izbrisanih"},"$x":[{"t":"idOrVar","v":"plural"},"n"]},{"$i":"deleted-threads","$v":{"few":[{"t":"idOrVar","v":"n"}," niti sporočil so izbrisane"],"many":[{"t":"idOrVar","v":"n"}," niti sporočil je izbrisanih"],"one":"Nit izbrisana","other":[{"t":"idOrVar","v":"n"}," niti sporočil je izbrisanih"],"two":[{"t":"idOrVar","v":"n"}," niti sporočil sta izbrisani"],"zero":"0 niti izbrisanih"},"$x":[{"t":"idOrVar","v":"plural"},"n"]},{"$i":"wapPushMessages","$v":"Potisna sporočila WAP"},{"$i":"auto-retrieve-messages","$v":"Samodejno pridobi sporočila"},{"$i":"auto-retrieve-messages-title","$v":"Samodejno pridobi sporočila"},{"$i":"auto-roaming-retrieve","$v":"Vklopljeno z gostovanjem"},{"$i":"auto-no-roaming-retrieve","$v":"Vklopljeno brez gostovanja"},{"$i":"mmsTitle","$v":"Večpredstavnostno sporočanje (MMS)"},{"$i":"message-delivery-reports","$v":"Poročila o dostavi"},{"$i":"message-delivery-reports-title","$v":"Poročila o dostavi"},{"$i":"messageReport-title","$v":"Podrobnosti sporočila"},{"$i":"sms-label","$v":"SMS"},{"$i":"messaging-settings","$v":"Nastavitve sporočanja"},{"$i":"messagingSettings-header","$v":[{"t":"idOrVar","v":"messaging-settings"}]},{"$i":"confirmation-title","$v":"Potrditev"},{"$i":"draft-save-content","$v":"Želite shraniti kot osnutek?"},{"$i":"draft-discard-content","$v":"Sporočilo je zavrženo"},{"$i":"switch-on","$v":"Vklop"},{"$i":"switch-off","$v":"Izklopljen"},{"$i":"auto-retrieve-desc","$v":"Samodejno pridobi sporočila"},{"$i":"confirm-dialog-ok","$v":"V redu"},{"$i":"yes","$v":"Da"},{"$i":"no","$v":"Ne"},{"$i":"delete-current-thread?","$v":"Želite izbrisati izbrano nit sporočil?"},{"$i":"attention","$v":"Pozor"},{"$i":"delivery-title","$v":"Besedilna sporočila (SMS)"},{"$i":"send-failed","$v":"Poslano ni uspelo."},{"$i":"subject-removed","$v":"Zadeva je odstranjena."},{"$i":"data-storage-limit-alert-title","$v":"Shramba telefona je polna."},{"$i":"data-storage-limit-send-body","$v":"Sporočila MMS ni mogoče poslati. Izbrišite sporočila ali pa odprite nastavitve, da sprostite prostor."},{"$i":"data-storage-limit-download-body","$v":"Sporočila MMS ni mogoče prenesti. Izbrišite sporočila ali pa odprite nastavitve, da sprostite prostor."},{"$i":"data-storage-limit-attachment-body","$v":"Ni mogoče dodati priloge. Izbrišite sporočilo ali pa izberite Nastavitve in sprostite prostor za shranjevanje."},{"$i":"data-storage-limit-alert-cancel","$v":"Prekliči"},{"$i":"data-storage-limit-alert-setting","$v":"Nastavitve"},{"$i":"recipient-repeat","$v":"Podvojen prejemnik."},{"$i":"email","$v":"E-POŠTA"},{"$i":"options","$v":"Možnosti"},{"$i":"emergency-alert-title","$v":"Opozorila v sili"},{"$i":"emergency-alert","$v":"Opozorila v sili"},{"$i":"wappushNormal","$v":"Potisno sporočilo WAP"},{"$i":"wappushSIM1","$v":"Potisno sporočilo WAP – SIM 1"},{"$i":"wappushSIM2","$v":"Potisno sporočilo WAP – SIM 2"},{"$i":"not-assigned","$v":"Ni dodeljeno"},{"$i":"switchSIMDataSendAlertTitle","$v":"Pošiljanje sporočila MMS ni uspelo."},{"$i":"switchSIMDataSendAlertBody","$v":["Če želite poslati sporočilo MMS, v nastavitvah Upravitelja kartic SIM nastavite kartico SIM za prenos podatkov na ",{"t":"idOrVar","v":"nonActiveSimId"},"."]},{"$i":"switchSIMDataSendAlertDesc","$v":"Odprite aplikacijo Nastavitve in spremenite nastavitve."},{"$i":"switchSIMDataReceiveAlertTitle","$v":"Prejemanje sporočila MMS ni uspelo."},{"$i":"switchSIMDataReceiveAlertBody","$v":["Če želite prejeti sporočilo MMS, v nastavitvah Upravitelja kartic SIM nastavite kartico SIM za prenos podatkov na SIM ",{"t":"idOrVar","v":"nonActiveSimId"},"."]},{"$i":"switchSIMDataReceiveAlertDesc","$v":"Odprite aplikacijo Nastavitve in spremenite nastavitve."},{"$i":"group-message","$v":"Skupinsko sporočilo"},{"$i":"individual-message","$v":"Posamezno sporočilo"},{"$i":"group-message-alert-title","$v":"Skupinsko sporočilo"},{"$i":"group-message-alert-body","$v":"Želite ustvariti skupinsko sporočilo? (Skupinska sporočila bodo poslana kot sporočila MMS ter bodo glede na vaš naročniški paket morda povzročila dodatne stroške pri vašem ponudniku brezžičnega prenosa.)"},{"$i":"group-message-individual","$v":"Ne"},{"$i":"group-message-setting","$v":"Ustvari"},{"$i":"new-message-individual","$v":"Novo sporočilo (posamezno)"},{"$i":"new-message-group","$v":"Novo sporočilo (skupinsko)"},{"$i":"device-phone-number","$v":"Moja telefonska številka"},{"$i":"group-message-phone","$v":"Skupinska sporočila"},{"$i":"my-phone-number-SIM1","$v":"Moja telefonska številka – SIM 1"},{"$i":"my-phone-number-SIM2","$v":"Moja telefonska številka – SIM 2"},{"$i":"delivery-notification","$v":"Sporočilo je dostavljeno"},{"$i":"wait","$v":"čakanje"},{"$i":"isTextTooLongAlert","$v":"Sporočilo presega omejitev dolžine."},{"$i":"video-call","$v":"Videoklic"},{"$i":"normal-call","$v":"Klic"},{"$i":"attachment","$v":"Priloga"},{"$i":"limit-MMS-recipients","$v":"Sporočilo MMS lahko pošljete do 20 prejemnikom."},{"$i":"block-contact","$v":"Blokiraj stik"},{"$i":"blocked","$v":"Blokiraj"},{"$i":"unblocked","$v":"Odblokiraj"},{"$i":"rtt-call","$v":"Klic RTT"},{"$i":"remove-all-attachments","$v":"Odstrani vse priloge"},{"$i":"block-confirmation","$v":"Od oseb, ki so na seznamu blokiranih, ne boste prejemali telefonskih klicev in sporočil."},{"$i":"space-low-not-save","$v":"Pomnilnik je poln, zato osnutka ni mogoče shraniti."},{"$i":"creation-mode-messages","$v":"Način ustvarjanja"},{"$i":"creation-mode-restricted","$v":"Omejeno"},{"$i":"creation-mode-warning","$v":"Opozorilo"},{"$i":"creation-mode-free","$v":"prost"},{"$i":"creationMode_restricted_title","$v":"omejitev načina ustvarjanja"},{"$i":"creationMode_restricted_alert","$v":"Način ustvarjanja je omejen. Ne morete dodati priloge, ki ni v domeni Core MM Content."},{"$i":"creationMode_warning_title","$v":"opozorilo načina ustvarjanja"},{"$i":"creationMode_warning_alert","$v":"Potrjujete dodajanje priloge, ki ni v domeni Core MM Content?"},{"$i":"withoutDataTitle","$v":"Ni podatkovne povezave"},{"$i":"withoutDataBody","$v":"Za pošiljanje ali nalaganje MMS sporočil omogočite podatkovno povezavo v nastavitvah."},{"$i":"withoutDataBtnOk","$v":"V redu"},{"$i":"withoutDataBtnSettings","$v":"Nastavitve"},{"$i":"FTUTitle","$v":"Dobrodošli v Sporočilih."},{"$i":"FTUBody","$v":"Če želite uporabljati skupinska sporočila, morate navesti svojo telefonsko številko."},{"$i":"myNumber","$v":"Moja telefonska številka"},{"$i":"myNumber-SIM1","$v":"Moja telefonska številka – SIM 1"},{"$i":"myNumber-SIM2","$v":"Moja telefonska številka – SIM 2"},{"$i":"save-number","$v":"Shrani"},{"$i":"input-alert-show","$v":"To je vaša telefonska številka."},{"$i":"input-alert-reInput","$v":"Če želite uporabljati skupinska sporočila, morate navesti svojo telefonsko številko."},{"$i":"multiple-recipients-flag","$v":",..."},{"$i":"parent-control-text","$v":"Ta številka je blokirana. Za dovoljenje lahko vprašate starše."},{"$i":"groupNumberInputOne-placeholder","$v":"Moja telefonska številka – SIM 1"},{"$i":"groupNumberInputOne","$v":"Moja telefonska številka"},{"$i":"groupNumberInputTwo-placeholder","$v":"Moja telefonska številka – SIM 2"},{"$i":"groupNumberInputTwo","$v":"Moja telefonska številka"},{"$i":"custom-message-sent","$v":["Odgovor osebi ",{"t":"idOrVar","v":"name"}]},{"$i":"colon","$v":":"},{"$i":"sms-encoding-mode","$v":"Kodiranje SMS"},{"$i":"sms-reduced-format","$v":"Skrčena oblika"},{"$i":"sms-full-format","$v":"Polna oblika"},{"$i":"smscNormal","$v":"Storitveni center"},{"$i":"smscSIM1","$v":"Storitveni center za SIM1"},{"$i":"smscSIM2","$v":"Storitveni center za SIM2"},{"$i":"weekday-0-long","$v":"Nedelja"},{"$i":"weekday-1-long","$v":"Ponedeljek"},{"$i":"weekday-2-long","$v":"Torek"},{"$i":"weekday-3-long","$v":"Sreda"},{"$i":"weekday-4-long","$v":"Četrtek"},{"$i":"weekday-5-long","$v":"Petek"},{"$i":"weekday-6-long","$v":"Sobota"},{"$i":"weekday-0-short","$v":"ned"},{"$i":"weekday-1-short","$v":"pon"},{"$i":"weekday-2-short","$v":"tor"},{"$i":"weekday-3-short","$v":"sre"},{"$i":"weekday-4-short","$v":"čet"},{"$i":"weekday-5-short","$v":"pet"},{"$i":"weekday-6-short","$v":"sob"},{"$i":"month-0-long","$v":"januar"},{"$i":"month-1-long","$v":"februar"},{"$i":"month-2-long","$v":"marec"},{"$i":"month-3-long","$v":"april"},{"$i":"month-4-long","$v":"maj"},{"$i":"month-5-long","$v":"junij"},{"$i":"month-6-long","$v":"julij"},{"$i":"month-7-long","$v":"avgust"},{"$i":"month-8-long","$v":"september"},{"$i":"month-9-long","$v":"oktober"},{"$i":"month-10-long","$v":"november"},{"$i":"month-11-long","$v":"december"},{"$i":"month-0-genitive","$v":"januar"},{"$i":"month-1-genitive","$v":"februar"},{"$i":"month-2-genitive","$v":"marec"},{"$i":"month-3-genitive","$v":"april"},{"$i":"month-4-genitive","$v":"maj"},{"$i":"month-5-genitive","$v":"junij"},{"$i":"month-6-genitive","$v":"julij"},{"$i":"month-7-genitive","$v":"avgust"},{"$i":"month-8-genitive","$v":"september"},{"$i":"month-9-genitive","$v":"oktober"},{"$i":"month-10-genitive","$v":"november"},{"$i":"month-11-genitive","$v":"december"},{"$i":"month-0-short","$v":"jan"},{"$i":"month-1-short","$v":"feb"},{"$i":"month-2-short","$v":"mar"},{"$i":"month-3-short","$v":"apr"},{"$i":"month-4-short","$v":"maj"},{"$i":"month-5-short","$v":"jun"},{"$i":"month-6-short","$v":"jul"},{"$i":"month-7-short","$v":"avg"},{"$i":"month-8-short","$v":"sep"},{"$i":"month-9-short","$v":"okt"},{"$i":"month-10-short","$v":"nov"},{"$i":"month-11-short","$v":"dec"},{"$i":"minutes-ago-long","$v":{"few":["pred ",{"t":"idOrVar","v":"value"}," minutami"],"many":["pred ",{"t":"idOrVar","v":"value"}," minutami"],"other":["pred ",{"t":"idOrVar","v":"value"}," minutami"],"two":["pred ",{"t":"idOrVar","v":"value"}," minutama"],"one":"pred minuto","zero":"pravkar"},"$x":[{"t":"idOrVar","v":"plural"},"value"]},{"$i":"hours-ago-long","$v":{"few":["pred ",{"t":"idOrVar","v":"value"}," urami"],"many":["pred ",{"t":"idOrVar","v":"value"}," urami"],"other":["pred ",{"t":"idOrVar","v":"value"}," urami"],"two":["pred ",{"t":"idOrVar","v":"value"}," urama"],"one":"Pred 1 uro","zero":"pravkar"},"$x":[{"t":"idOrVar","v":"plural"},"value"]},{"$i":"days-ago-long","$v":{"few":["pred ",{"t":"idOrVar","v":"value"}," dnevi"],"many":["pred ",{"t":"idOrVar","v":"value"}," dnevi"],"one":"včeraj","other":["pred ",{"t":"idOrVar","v":"value"}," dnevi"],"two":["pred ",{"t":"idOrVar","v":"value"}," dnevoma"],"zero":"danes"},"$x":[{"t":"idOrVar","v":"plural"},"value"]},{"$i":"weeks-ago-long","$v":{"few":["pred ",{"t":"idOrVar","v":"value"}," tedni"],"many":["pred ",{"t":"idOrVar","v":"value"}," tedni"],"one":"prejšnji teden","other":["pred ",{"t":"idOrVar","v":"value"}," tedni"],"two":["pred ",{"t":"idOrVar","v":"value"}," tednoma"],"zero":"ta teden"},"$x":[{"t":"idOrVar","v":"plural"},"value"]},{"$i":"months-ago-long","$v":{"few":["pred ",{"t":"idOrVar","v":"value"}," meseci"],"many":["pred ",{"t":"idOrVar","v":"value"}," meseci"],"one":"prejšnji mesec","other":["pred ",{"t":"idOrVar","v":"value"}," meseci"],"two":["pred ",{"t":"idOrVar","v":"value"}," mesecema"],"zero":"ta mesec"},"$x":[{"t":"idOrVar","v":"plural"},"value"]},{"$i":"years-ago-long","$v":{"few":["pred ",{"t":"idOrVar","v":"value"}," leti"],"many":["pred ",{"t":"idOrVar","v":"value"}," leti"],"one":"prejšnje leto","other":["pred ",{"t":"idOrVar","v":"value"}," leti"],"two":["pred ",{"t":"idOrVar","v":"value"}," letoma"],"zero":"to leto"},"$x":[{"t":"idOrVar","v":"plural"},"value"]},{"$i":"minutes-until-long","$v":{"few":["čez ",{"t":"idOrVar","v":"value"}," minute"],"many":["čez ",{"t":"idOrVar","v":"value"}," minut"],"other":["čez ",{"t":"idOrVar","v":"value"}," minut"],"two":["čez ",{"t":"idOrVar","v":"value"}," minuti"],"zero":"zdaj","one":"v 1 minuti"},"$x":[{"t":"idOrVar","v":"plural"},"value"]},{"$i":"hours-until-long","$v":{"few":["čez ",{"t":"idOrVar","v":"value"}," ure"],"many":["čez ",{"t":"idOrVar","v":"value"}," ur"],"other":["čez ",{"t":"idOrVar","v":"value"}," ur"],"two":["čez ",{"t":"idOrVar","v":"value"}," uri"],"zero":"zdaj","one":"čez 1 uro"},"$x":[{"t":"idOrVar","v":"plural"},"value"]},{"$i":"days-until-long","$v":{"few":["čez ",{"t":"idOrVar","v":"value"}," dni"],"many":["čez ",{"t":"idOrVar","v":"value"}," dni"],"one":"jutri","other":["čez ",{"t":"idOrVar","v":"value"}," dni"],"two":["čez ",{"t":"idOrVar","v":"value"}," dni"],"zero":"danes"},"$x":[{"t":"idOrVar","v":"plural"},"value"]},{"$i":"weeks-until-long","$v":{"few":["čez ",{"t":"idOrVar","v":"value"}," tedne"],"many":["čez ",{"t":"idOrVar","v":"value"}," tednov"],"one":"naslednji teden","other":["čez ",{"t":"idOrVar","v":"value"}," tednov"],"two":["čez ",{"t":"idOrVar","v":"value"}," tedna"],"zero":"ta teden"},"$x":[{"t":"idOrVar","v":"plural"},"value"]},{"$i":"months-until-long","$v":{"few":["čez ",{"t":"idOrVar","v":"value"}," mesece"],"many":["čez ",{"t":"idOrVar","v":"value"}," mesecev"],"one":"naslednji mesec","other":["čez ",{"t":"idOrVar","v":"value"}," mesecev"],"two":["čez ",{"t":"idOrVar","v":"value"}," meseca"],"zero":"ta mesec"},"$x":[{"t":"idOrVar","v":"plural"},"value"]},{"$i":"years-until-long","$v":{"few":["čez ",{"t":"idOrVar","v":"value"}," leta"],"many":["čez ",{"t":"idOrVar","v":"value"}," let"],"one":"naslednje leto","other":["čez ",{"t":"idOrVar","v":"value"}," let"],"two":["čez ",{"t":"idOrVar","v":"value"}," leti"],"zero":"to leto"},"$x":[{"t":"idOrVar","v":"plural"},"value"]},{"$i":"minutes-ago-short","$v":{"other":["Pred ",{"t":"idOrVar","v":"value"}," m"],"zero":"pravkar"},"$x":[{"t":"idOrVar","v":"plural"},"value"]},{"$i":"hours-ago-short","$v":{"other":["pred ",{"t":"idOrVar","v":"value"}," h"],"zero":"pravkar"},"$x":[{"t":"idOrVar","v":"plural"},"value"]},{"$i":"days-ago-short","$v":{"other":["pred ",{"t":"idOrVar","v":"value"}," d"],"zero":"danes"},"$x":[{"t":"idOrVar","v":"plural"},"value"]},{"$i":"minutes-until-short","$v":{"other":["čez ",{"t":"idOrVar","v":"value"}," m"],"zero":"zdaj"},"$x":[{"t":"idOrVar","v":"plural"},"value"]},{"$i":"hours-until-short","$v":{"other":["čez ",{"t":"idOrVar","v":"value"}," h"],"zero":"zdaj"},"$x":[{"t":"idOrVar","v":"plural"},"value"]},{"$i":"days-until-short","$v":{"other":["čez ",{"t":"idOrVar","v":"value"}," d"],"zero":"danes"},"$x":[{"t":"idOrVar","v":"plural"},"value"]},{"$i":"dateTimeFormat_%c","$v":"%a %b %e %Y %I.%M.%S %p"},{"$i":"dateTimeFormat_%x","$v":"%m/%d/%Y"},{"$i":"dateTimeFormat_%X","$v":"%I:%M:%S %p"},{"$i":"shortTimeFormat","$v":"%I.%M %p"},{"$i":"shortTimeFormat12","$v":"%I.%M %p"},{"$i":"shortTimeFormat24","$v":"%H.%M"},{"$i":"shortDateTimeFormat","$v":"%x %I.%M %p"},{"$i":"weekStartsOnMonday","$v":"0.0"},{"$i":"firstDayOfTheWeek","$v":"1.0"},{"$i":"time_am","$v":"dop."},{"$i":"time_pm","$v":"pop."},{"$i":"softkey-options","$v":"Možnosti"},{"$i":"emergencyNumber","$v":"Številka za klic v sili"},{"$i":"callAirplaneModeMessage","$v":"Če želite opraviti klic, v nastavitvah izklopite način za letalo."},{"$i":"callAirplaneModeBtnOk","$v":"V redu"},{"$i":"callAirplaneModeTitle","$v":"Način za letalo je aktiviran"},{"$i":"numberIsBusyTitle","$v":"Številka je zasedena"},{"$i":"numberIsBusyMessage","$v":"Številka je trenutno zasedena. Poskusite znova pozneje."},{"$i":"fdnIsActiveTitle","$v":"Omejeno klicanje je aktivno"},{"$i":"fdnIsActiveMessage","$v":["Omejeno klicanje (FDN) je aktivirano in te številke ni na vašem seznamu za omejeno klicanje: ",{"t":"idOrVar","v":"number"}]},{"$i":"emergencyDialogBodyBadNumber","$v":"Če želite opraviti klic, mora biti telefon povezan v omrežje."},{"$i":"emergencyDialogBodyDeviceNotAccepted","$v":"Omrežje ne dovoljuje klicev v sili."},{"$i":"emergencyDialogBtnOk","$v":"V redu"},{"$i":"emergencyDialogTitle","$v":"Ni omrežne povezave"},{"$i":"invalidNumberToDialTitle","$v":"Neveljavna telefonska številka"},{"$i":"invalidNumberToDialMessage","$v":"Telefonska številka, ki jo kličete, ni veljavna."},{"$i":"unableToCallTitle","$v":"Ni mogoče opraviti klica. "},{"$i":"unableToCallMessage","$v":"Trenutno ni mogoče opraviti telefonskega klica"},{"$i":"otherConnectionInUseTitle","$v":"Druga povezava v uporabi"},{"$i":"otherConnectionInUseMessage","$v":"Imate aktiven klic prek druge povezave. Uporabljate lahko le eno povezavo naenkrat."},{"$i":"connectingEllipsis","$v":"Povezovanje …"}]