[{"$i":"messages","$v":"Poruka"},{"$i":"deleteMessages-title","$v":"Odaberi"},{"$i":"selectThreads-title","$v":"Odaberi"},{"$i":"edit","$v":"Uređivanje"},{"$i":"back","$v":"Nazad"},{"$i":"cancel","$v":"Otkaži"},{"$i":"delete","$v":"Izbriši"},{"$i":"deleting-messages","$v":"Brisanje…"},{"$i":"deselect","$v":"Poništi izbor"},{"$i":"selected-threads","$v":{"few":[{"t":"idOrVar","v":"n"}," odabrana"],"many":[{"t":"idOrVar","v":"n"}," odabrano"],"one":[{"t":"idOrVar","v":"n"}," odabran"],"other":[{"t":"idOrVar","v":"n"}," odabrano"],"two":[{"t":"idOrVar","v":"n"}," odabrana"],"zero":"0 odabrano"},"$x":[{"t":"idOrVar","v":"plural"},"n"]},{"$i":"selected-messages","$v":{"few":[{"t":"idOrVar","v":"n"}," odabrane"],"many":[{"t":"idOrVar","v":"n"}," odabrano"],"one":[{"t":"idOrVar","v":"n"}," odabrana"],"other":[{"t":"idOrVar","v":"n"}," odabrano"],"two":[{"t":"idOrVar","v":"n"}," odabrane"],"zero":"0 odabrano"},"$x":[{"t":"idOrVar","v":"plural"},"n"]},{"$i":"selectThreads-label","$v":"Odaberi razgovore"},{"$i":"selectMessages-label","$v":"Odaberi poruke"},{"$i":"new-message","$v":"Nova poruka"},{"$i":"delete-thread","$v":"Izbriši razgovor"},{"$i":"create-new-contact","$v":"Kreiraj novi kontakt"},{"$i":"add-to-contact","$v":"Dodaj post.kont."},{"$i":"select-thread","$v":"Odaberi razgovor"},{"$i":"settings","$v":"Podešavanja"},{"$i":"select-all","$v":"Odaberi sve"},{"$i":"deselect-all","$v":"Opozovi izbor svega"},{"$i":"select","$v":"Odaberi"},{"$i":"sk-save-as-draft","$v":"Sačuvaj kao nacrt"},{"$i":"next","$v":"Sledeće"},{"$i":"send","$v":"Pošalji"},{"$i":"add-contact","$v":"Dodaj kontakt"},{"$i":"add-suggestion","$v":"Odaberi"},{"$i":"add-subject","$v":"Dodaj temu"},{"$i":"remove-subject","$v":"Ukloni temu"},{"$i":"add-attachment","$v":"Dodaj prilog"},{"$i":"remove-attachment","$v":"Ukloni prilog"},{"$i":"replace-attachment","$v":"Zameni prilog"},{"$i":"select-messages","$v":"Odaberi poruke"},{"$i":"call","$v":"Poziv"},{"$i":"forward","$v":"Preusmeri"},{"$i":"view-message-report","$v":"Prikaži detalje poruke"},{"$i":"cancel-view-report","$v":"Otkaži"},{"$i":"ok","$v":"OK"},{"$i":"enter","$v":"Unesi"},{"$i":"open","$v":"Otvori"},{"$i":"to","$v":"Za"},{"$i":"new","$v":"Novo"},{"$i":"message","$v":"Poruka"},{"$i":"messagesInput_placeholder","$v":"Poruka"},{"$i":"messagesSubjectInput_placeholder","$v":"Naslov"},{"$i":"subjectComposerInput_placeholder","$v":"Tema"},{"$i":"converted-to-mms","$v":"Konvertuje se u multimedijalnu poruku."},{"$i":"converted-to-sms","$v":"Konvertuje se u tekstualnu poruku."},{"$i":"messages-max-length-text","$v":"Dostigli ste maksimalnu dužinu."},{"$i":"messages-max-subject-length-text","$v":"Maksimalna dužina teme dostignuta."},{"$i":"multimedia-message-exceeded-max-length","$v":["Ova poruka premašuje ograničenje veličine od ",{"t":"idOrVar","v":"mmsSize"}," MB za jednu multimedijalnu poruku."]},{"$i":"newMessage","$v":"Nova poruka"},{"$i":"sendMessage","$v":"Pošalji poruku"},{"$i":"sendMMSToEmail","$v":"Pošalji multimed. por."},{"$i":"no-recipient","$v":"(nema primaoca)"},{"$i":"recipient","$v":{"few":[{"t":"idOrVar","v":"n"}," primaoca"],"many":[{"t":"idOrVar","v":"n"}," primaoca"],"one":[{"t":"idOrVar","v":"n"}," primalac"],"other":[{"t":"idOrVar","v":"n"}," primalaca"],"two":[{"t":"idOrVar","v":"n"}," primaoca"]},"$x":[{"t":"idOrVar","v":"plural"},"n"]},{"$i":"attachmentSizeB","$v":[{"t":"idOrVar","v":"n"}," B"]},{"$i":"attachmentSizeKB","$v":[{"t":"idOrVar","v":"n"}," KB"]},{"$i":"attachmentSizeMB","$v":[{"t":"idOrVar","v":"n"}," MB"]},{"$i":"attachmentOpenError","$v":"Nije dostupna aplikacija koja može da otvori ovaj tip datoteke."},{"$i":"attachmentNotFile","$v":"Ова датотека није пронађена."},{"$i":"remove","$v":"Ukloni"},{"$i":"participant","$v":{"few":[{"t":"idOrVar","v":"n"}," učesnika"],"many":[{"t":"idOrVar","v":"n"}," učesnika"],"one":[{"t":"idOrVar","v":"n"}," učesnik"],"other":[{"t":"idOrVar","v":"n"}," učesnika"],"two":[{"t":"idOrVar","v":"n"}," učesnika"]},"$x":[{"t":"idOrVar","v":"plural"},"n"]},{"$i":"message-report","$v":"Izveštaj poruke"},{"$i":"message-type-sms","$v":"Tekstualna poruka (SMS)"},{"$i":"message-type-mms","$v":"Multimedijalna poruka (MMS)"},{"$i":"sms-report-description","$v":["Vaša tekstualna poruka (SMS), poslata je ",{"t":"idOrVar","v":"datetime"}]},{"$i":"mms-report-description","$v":["Vaša multimedijalna poruka (MMS), s temom ",{"t":"idOrVar","v":"subject"},", poslata je ",{"t":"idOrVar","v":"datetime"}]},{"$i":"mms-no-subject-report-description","$v":["Vaša multimedijalna poruka (MMS), poslata je ",{"t":"idOrVar","v":"datetime"}]},{"$i":"message-subject","$v":"Naslov:"},{"$i":"report-status-error","$v":"Poruku nije moguće poslati"},{"$i":"report-status-not-downloaded","$v":"Nije preuzeto"},{"$i":"report-status-delivered","$v":"Isporučeno:"},{"$i":"report-status-read","$v":"Pročitano:"},{"$i":"report-status-pending","$v":"Poslat je zahtev za izveštaj"},{"$i":"report-status-rejected","$v":"Poruka odbijena"},{"$i":"message-size-was","$v":"Veličina poruke:"},{"$i":"report-to-title","$v":"Za"},{"$i":"report-from-title","$v":"Od"},{"$i":"message-sent","$v":"Poslato:"},{"$i":"message-sending","$v":[{"t":"idOrVar","v":"message-delivery-status-sending"}]},{"$i":"message-received","$v":"Primljeno:"},{"$i":"message-via","$v":"Preko:"},{"$i":"message-resend","$v":"Pošalji ponovo"},{"$i":"search","$v":"Traži"},{"$i":"unknown-contact-title","$v":"Nepoznati kontakt"},{"$i":"phone-type-separator","$v":", "},{"$i":"phone-carrier-separator","$v":" "},{"$i":"thread-participant-separator","$v":", "},{"$i":"replace-draft","$v":"Zameni postojeći nacrt"},{"$i":"save-as-draft","$v":"Sačuvaj"},{"$i":"discard-message","$v":"Odbaci"},{"$i":"discard-sms","$v":"Želite li sigurno da odbacite ovu poruku?"},{"$i":"discard-new-message","$v":"Odbaciti trenutnu poruku i otvoriti novu poruku?"},{"$i":"resend-confirmation","$v":"Nije moguće poslati poruku. Pokušati ponovo?"},{"$i":"resend-message","$v":"Pon.poš.ovu por."},{"$i":"deleteMessage-confirmation","$v":"Izbrisati odabranu poruku?"},{"$i":"deleteMessages-confirmation","$v":"Izbrisati odabrane poruke?"},{"$i":"deleteThreads-confirmation2","$v":{"one":"Izbrisati odabrani razgovor?","other":"Izbrisati odabrane razgovore?"},"$x":[{"t":"idOrVar","v":"plural"},"n"]},{"$i":"new-message-notice-text","$v":"Nova poruka od"},{"$i":"new-message-notice-a-text","$v":"Pročitaj"},{"$i":"noMessages-title","$v":"Nema poruka"},{"$i":"noMessages-text","$v":"Pritisnite Nova poruka za poč. komunik."},{"$i":"sendDefaultErrorTitle","$v":"Сенд Фаилуре"},{"$i":"sendDefaultErrorBody","$v":"Došlo je do problema prilikom slanja poruke. Pokušajte ponovo."},{"$i":"sendDefaultErrorBtnOk","$v":"OK"},{"$i":"sendMissingSimCardTitle","$v":"Сенд Фаилуре"},{"$i":"sendMissingSimCardBody","$v":"Ubacite važeću SIM karticu da biste nastavili."},{"$i":"sendMissingSimCardBtnOk","$v":"OK"},{"$i":"sendFlightModeTitle","$v":"Сенд Фаилуре"},{"$i":"sendFlightModeBody","$v":"Isklj. rež. rada u avionu za slanje por."},{"$i":"sendFlightModeBtnOk","$v":"OK"},{"$i":"radioDisabledToDownloadTitle","$v":"Довнлоад Фаилуре"},{"$i":"radioDisabledToDownloadBody","$v":"Isključite režim rada u avionu da biste preuzeli priloge."},{"$i":"radioDisabledToDownloadBtnOk","$v":[{"t":"idOrVar","v":"sendFlightModeBtnOk"}]},{"$i":"downloadDefaultErrorTitle","$v":"Довнлоад Фаилуре"},{"$i":"downloadDefaultErrorBody","$v":"Дошло је до проблема при преузимању поруке. Молим вас, покушајте поново."},{"$i":"downloadDefaultErrorBtnOk","$v":[{"t":"idOrVar","v":"sendDefaultErrorBtnOk"}]},{"$i":"fdnErrorTitle","$v":"Сенд Фаилуре"},{"$i":"needConnectWifiBody","$v":["Mobilna mreža nije dostupna. Povežite se sa dostupnom ",{"t":"idOrVar","v":"Wi-Fi"}," mrežom za razmenu poruka."]},{"$i":"needConnectWifiTitle","$v":"Poruka nije poslata"},{"$i":"mmsChanelUsedBody","$v":"MMS poruka se šalje. Sačekajte dok se proces slanja ne završi."},{"$i":"mmsChanelUsedTitle","$v":"MMS kanal iskorišćen"},{"$i":"sms-counter-notice-label","$v":["Uređivanje SMS-a ",{"t":"idOrVar","v":"number"}]},{"$i":"fdnErrorBody","$v":{"few":"Opcija FDN (brojevi fiksnog biranja) je aktivirana. Proverite da li su SMS centar i sledeći primaoci na vašoj FDN listi:","many":"Opcija FDN (brojevi fiksnog biranja) je aktivirana. Proverite da li su SMS centar i sledeći primaoci na vašoj FDN listi:","one":"Opcija FDN (brojevi fiksnog biranja) je aktivirana. Proverite da li su SMS centar i sledeći primalac na vašoj FDN listi:","other":"Opcija FDN (brojevi fiksnog biranja) je aktivirana. Proverite da li su SMS centar i sledeći primaoci na vašoj FDN listi:","two":"Opcija FDN (brojevi fiksnog biranja) je aktivirana. Proverite da li su SMS centar i sledeći primaoci na vašoj FDN listi:"},"$x":[{"t":"idOrVar","v":"plural"},"n"]},{"$i":"fdnErrorBtnOk","$v":"OK"},{"$i":"sendNoSignalErrorTitle","$v":"Сенд Фаилуре"},{"$i":"sendNoSignalErrorBody","$v":"Нема мобилног сигнала, покушајте поново."},{"$i":"sendNoSignalErrorBtnOk","$v":"OK"},{"$i":"sendNotFoundErrorTitle","$v":"Сенд Фаилуре"},{"$i":"sendNotFoundErrorBody","$v":"Poruka koju tražite više nije dostupna."},{"$i":"sendNotFoundErrorBtnOk","$v":"OK"},{"$i":"sendInvalidAddressErrorTitle","$v":"Сенд Фаилуре"},{"$i":"sendInvalidAddressErrorBody","$v":"Proverite da li je broj mobilnog telefona na koji šaljete validan."},{"$i":"sendInvalidAddressErrorBtnOk","$v":"OK"},{"$i":"simNotMatchedErrorTitle","$v":"Preuzimanje nije moguće"},{"$i":"simNotMatchedErrorBody","$v":"Proverite da li je ubačena SIM kartica ista ona koja je korišćena za prijem ove poruke."},{"$i":"simNotMatchedErrorBtnOk","$v":"OK"},{"$i":"netWorkErrorTitle","$v":"Otkazivanje mreže"},{"$i":"netWorkErrorBody","$v":"Грешка у мрежи. Проверите мрежну везу."},{"$i":"netWorkErrorBtnOk","$v":"OK"},{"$i":"deleted-sms","$v":"Ova por. je već izbr."},{"$i":"view-attachment-image","$v":"Prikaži"},{"$i":"view-attachment-audio","$v":"Slušaj"},{"$i":"view-attachment-video","$v":"Prikaži"},{"$i":"view-attachment-other","$v":"Prikaži"},{"$i":"remove-attachment-image","$v":"Ukloni sliku"},{"$i":"remove-attachment-audio","$v":"Ukloni audio"},{"$i":"remove-attachment-video","$v":"Ukloni video snimak"},{"$i":"remove-attachment-other","$v":"Ukloni prilog"},{"$i":"replace-attachment-image","$v":"Zameni sliku"},{"$i":"replace-attachment-audio","$v":"Zameni audio"},{"$i":"replace-attachment-video","$v":"Zameni video snimak"},{"$i":"replace-attachment-other","$v":"Zameni prilog"},{"$i":"unsent-message-title","$v":"Neposlata poruka"},{"$i":"unsent-message-description","$v":"Vaša prethodna poruka nije poslata. Želite li da uredite neposlatu poruku ili je odbacite i nastavite?"},{"$i":"unsent-message-option-edit","$v":"Uređivanje"},{"$i":"unsent-message-option-discard","$v":"Odbaci"},{"$i":"message-options","$v":"Opcije poruke"},{"$i":"select-text","$v":"Odaberi tekst"},{"$i":"mobile","$v":"Mobilni"},{"$i":"home","$v":"Kuća"},{"$i":"work","$v":"Posao"},{"$i":"personal","$v":"Lično"},{"$i":"faxHome","$v":"Faks kod kuće"},{"$i":"faxOffice","$v":"Faks u kancelariji"},{"$i":"faxOther","$v":"Faks - drugo"},{"$i":"another","$v":"Drugo"},{"$i":"other","$v":"Drugo"},{"$i":"today","$v":"Danas"},{"$i":"yesterday","$v":"Juče"},{"$i":"incorrectDate","$v":"(netačan datum)"},{"$i":"addToExistingContact","$v":"Dodaj postoj. kontaktu"},{"$i":"createNewContact","$v":"Kreiraj novi kontakt"},{"$i":"viewContact","$v":"Prikaži kontakt"},{"$i":"sendEmail","$v":"Pošalji poštu"},{"$i":"mms-message","$v":"MMS poruka"},{"$i":"notDownloaded-title","$v":"Poruka još nije preuzeta."},{"$i":"tobedownloaded-attachment","$v":["Primili ste multimedijalnu poruku, pritisnite dugme Preuzmi da biste preuzeli njen sadržaj pre ",{"t":"idOrVar","v":"date"},"."]},{"$i":"expired-attachment","$v":["Nažalost, poruka je istekla ",{"t":"idOrVar","v":"date"}," i ne možete je preuzeti."]},{"$i":"download-attachment","$v":"Preuzimanje"},{"$i":"downloading-attachment","$v":"Preuzimanje…"},{"$i":"download-complete","$v":"Preuzimanje je završeno"},{"$i":"unnamed-attachment","$v":"bez naslova"},{"$i":"mms-label","$v":"MMS"},{"$i":"not-download-label","$v":"Primili ste multimedijalnu poruku, pritisnite dugme Preuzmi da biste preuzeli njen sadržaj pre"},{"$i":"attachment-label","$v":"Prilog"},{"$i":"attached-files-too-large","$v":{"few":["Ove poruke premašuju ograničenje veličine od ",{"t":"idOrVar","v":"mmsSize"}," MB za jednu multimedijalnu poruku."],"many":["Ove poruke premašuju ograničenje veličine od ",{"t":"idOrVar","v":"mmsSize"}," MB za jednu multimedijalnu poruku."],"one":["Datoteka koju ste odabrali zauzima više od ",{"t":"idOrVar","v":"mmsSize"}," KB, koliko dozvoljava jedna multimedijalna poruka."],"other":["Ove poruke premašuju ograničenje veličine od ",{"t":"idOrVar","v":"mmsSize"}," MB za jednu multimedijalnu poruku."],"two":["Ove poruke premašuju ograničenje veličine od ",{"t":"idOrVar","v":"mmsSize"}," MB za jednu multimedijalnu poruku."],"zero":["Ove poruke premašuju ograničenje veličine od ",{"t":"idOrVar","v":"mmsSize"}," MB za jednu multimedijalnu poruku."]},"$x":[{"t":"idOrVar","v":"plural"},"n"]},{"$i":"resize-image","$v":"Prom. vel. pril. slike"},{"$i":"no-attachment-text","$v":"Postoji problem sa priloženom datotekom i nije je moguće preuzeti."},{"$i":"message-draft-saved","$v":"Poruka je sačuvana kao nacrt"},{"$i":"sim-id-label","$v":["SIM ",{"t":"idOrVar","v":"id"}]},{"$i":"sim-detail","$v":["SIM ",{"t":"idOrVar","v":"id"},", ",{"t":"idOrVar","v":"detailString"}]},{"$i":"dsds-notification-title-with-sim","$v":["(",{"t":"idOrVar","v":"sim"},") ",{"t":"idOrVar","v":"sender"}]},{"$i":"send-button","ariaLabel":"Pošalji"},{"$i":"send-button-sim-indication","$v":[{"t":"idOrVar","v":"n"}],"ariaLabel":["koristi se SIM ",{"t":"idOrVar","v":"n"}]},{"$i":"expiry-date-format","$v":"%A, %b %e"},{"$i":"attach-button","ariaLabel":"Dodaj prilog"},{"$i":"contact-photo","ariaLabel":"Fotogr. kont."},{"$i":"unread-thread","ariaLabel":"Nepročitano"},{"$i":"has-draft","ariaLabel":"Ima nacrt"},{"$i":"is-draft","ariaLabel":"Nacrt"},{"$i":"message-delivery-status-sending","$v":"Slanje…"},{"$i":"message-delivery-status-delivered","$v":"Isporučeno"},{"$i":"message-delivery-status-read","ariaLabel":"Čitaj"},{"$i":"message-delivery-status-error","ariaLabel":"Greška"},{"$i":"modal-dialog-ok-button","$v":"OK"},{"$i":"modal-dialog-cancel-button","$v":"Otkaži"},{"$i":"modal-dialog-default-title","$v":"Poruke"},{"$i":"delete-message","$v":"Poruka izbrisana"},{"$i":"message-converted-to-toast","$v":["Poruka konvertovana u ",{"t":"idOrVar","v":"type"}]},{"$i":"message-sent-toast","$v":"Poruka poslata"},{"$i":"deleteMessage-confirmation2","$v":"Izbrisati odabrani razgovor?"},{"$i":"deleted-message","$v":{"few":[{"t":"idOrVar","v":"n"}," poruke izbrisane"],"many":[{"t":"idOrVar","v":"n"}," poruka izbrisano"],"one":[{"t":"idOrVar","v":"n"}," poruka izbrisana"],"other":[{"t":"idOrVar","v":"n"}," poruka izbrisano"],"two":[{"t":"idOrVar","v":"n"}," poruke izbrisane"],"zero":"0 poruka izbrisano"},"$x":[{"t":"idOrVar","v":"plural"},"n"]},{"$i":"deleted-threads","$v":{"few":[{"t":"idOrVar","v":"n"}," razgovora izbrisana"],"many":[{"t":"idOrVar","v":"n"}," razgovora izbrisano"],"one":"Razg. izbr.","other":[{"t":"idOrVar","v":"n"}," razgovora izbrisano"],"two":[{"t":"idOrVar","v":"n"}," razgovora izbrisana"],"zero":"0 razgovora izbrisano"},"$x":[{"t":"idOrVar","v":"plural"},"n"]},{"$i":"wapPushMessages","$v":"WAP push poruke"},{"$i":"auto-retrieve-messages","$v":"Autom. preuzimanje poruka"},{"$i":"auto-retrieve-messages-title","$v":"Autom. preuzimanje poruka"},{"$i":"auto-roaming-retrieve","$v":"Uklj. sa roamingom"},{"$i":"auto-no-roaming-retrieve","$v":"Uklj. bez roaminga"},{"$i":"mmsTitle","$v":"Multimedijalne poruke (MMS)"},{"$i":"message-delivery-reports","$v":"Izveštaji o isporuci"},{"$i":"message-delivery-reports-title","$v":"Izveštaj o dostavi"},{"$i":"messageReport-title","$v":"Detalji poruke"},{"$i":"sms-label","$v":"SMS"},{"$i":"messaging-settings","$v":"Podešavanja poruke"},{"$i":"messagingSettings-header","$v":[{"t":"idOrVar","v":"messaging-settings"}]},{"$i":"confirmation-title","$v":"Potvrda"},{"$i":"draft-save-content","$v":"Sačuvati kao nacrt?"},{"$i":"draft-discard-content","$v":"Poruka odbačena"},{"$i":"switch-on","$v":"Uključeno"},{"$i":"switch-off","$v":"Isključeno"},{"$i":"auto-retrieve-desc","$v":"Automatsko preuzimanje poruka"},{"$i":"confirm-dialog-ok","$v":"OK"},{"$i":"yes","$v":"Da"},{"$i":"no","$v":"Ne"},{"$i":"delete-current-thread?","$v":"Izbrisati odabrani razgovor?"},{"$i":"attention","$v":"Pažnja"},{"$i":"delivery-title","$v":"Tekstualne poruke (SMS)"},{"$i":"send-failed","$v":"Послано није успело."},{"$i":"subject-removed","$v":"Naslov je uklonjen."},{"$i":"data-storage-limit-alert-title","$v":"Skladište telefona je puno."},{"$i":"data-storage-limit-send-body","$v":"Nije moguće poslati MMS. Izbrišite poruke ili idite u podešavanja da biste oslobodili prostor."},{"$i":"data-storage-limit-download-body","$v":"Nije moguće preuzeti MMS. Izbrišite poruke ili idite u podešavanja da biste oslobodili prostor."},{"$i":"data-storage-limit-attachment-body","$v":"Nije moguće dodati prilog. Izbrišite poruku ili idite u Podešavanja da biste oslobodili prostor."},{"$i":"data-storage-limit-alert-cancel","$v":"Otkaži"},{"$i":"data-storage-limit-alert-setting","$v":"Podešavanja"},{"$i":"recipient-repeat","$v":"Дупликат примаоца."},{"$i":"email","$v":"POŠTA"},{"$i":"options","$v":"Opcije"},{"$i":"emergency-alert-title","$v":"Hitna upozorenja"},{"$i":"emergency-alert","$v":"Hitna upozorenja"},{"$i":"wappushNormal","$v":"WAP komanda"},{"$i":"wappushSIM1","$v":"WAP komanda - SIM 1"},{"$i":"wappushSIM2","$v":"WAP komanda - SIM 2"},{"$i":"not-assigned","$v":"Nije dodeljeno"},{"$i":"switchSIMDataSendAlertTitle","$v":"Neuspelo slanje MMS poruke."},{"$i":"switchSIMDataSendAlertBody","$v":["Da biste slali MMS, promenite SIM karticu za podatke u SIM ",{"t":"idOrVar","v":"nonActiveSimId"}," u okviru podešavanja u SIM menadžeru."]},{"$i":"switchSIMDataSendAlertDesc","$v":"Idite u aplikaciju Podešavanja da biste ažurirali podešavanja."},{"$i":"switchSIMDataReceiveAlertTitle","$v":"Neuspelo primanje MMS poruke."},{"$i":"switchSIMDataReceiveAlertBody","$v":["Da biste primali MMS, promenite SIM karticu za podatke u SIM ",{"t":"idOrVar","v":"nonActiveSimId"}," u okviru podešavanja u SIM menadžeru."]},{"$i":"switchSIMDataReceiveAlertDesc","$v":"Idite u aplikaciju Podešavanja da biste ažurirali podešavanja."},{"$i":"group-message","$v":"Grupna poruka"},{"$i":"individual-message","$v":"Pojedinačna poruka"},{"$i":"group-message-alert-title","$v":"Grupna poruka"},{"$i":"group-message-alert-body","$v":"Kreirati grupnu poruku? (Grupne poruke će se slati putem MMS-a i SMS-a i dovešće do dodatnih troškova kod dobavljača bežične veze u zavisnosti od plana usluge.)"},{"$i":"group-message-individual","$v":"Ne"},{"$i":"group-message-setting","$v":"Kreiraj"},{"$i":"new-message-individual","$v":"Nova poruka (Pojedinačna)"},{"$i":"new-message-group","$v":"Nova poruka (Grupna)"},{"$i":"device-phone-number","$v":"Moj broj telefona"},{"$i":"group-message-phone","$v":"Grupne poruke"},{"$i":"my-phone-number-SIM1","$v":"Moj broj telefona – SIM 1"},{"$i":"my-phone-number-SIM2","$v":"Moj broj telefona – SIM 2"},{"$i":"delivery-notification","$v":"Poruka isporučena"},{"$i":"wait","$v":"čeka"},{"$i":"isTextTooLongAlert","$v":"Prekoračena je maksimalna dužina poruke."},{"$i":"video-call","$v":"Video poziv"},{"$i":"normal-call","$v":"Pozovi"},{"$i":"attachment","$v":"Prilog"},{"$i":"limit-MMS-recipients","$v":"Slanje je moguće za najviše 20 primaoca po MMS-u."},{"$i":"block-contact","$v":"Blokiraj kontakt"},{"$i":"blocked","$v":"Blokiraj"},{"$i":"unblocked","$v":"Деблокирај"},{"$i":"rtt-call","$v":"RTT poziv"},{"$i":"remove-all-attachments","$v":"Ukloni sve priloge"},{"$i":"block-confirmation","$v":"Nećete primati telefonske pozive ni poruke od ljudi sa liste blokiranih."},{"$i":"space-low-not-save","$v":"Skladište je puno, nije moguće sačuvati nacrt."},{"$i":"creation-mode-messages","$v":"Režim kreiranja"},{"$i":"creation-mode-restricted","$v":"Ograničeno"},{"$i":"creation-mode-warning","$v":"Upozorenje"},{"$i":"creation-mode-free","$v":"бесплатно"},{"$i":"creationMode_restricted_title","$v":"ograničenje režima kreiranja"},{"$i":"creationMode_restricted_alert","$v":"Režim kreiranja je ograničen, ne možete da dodate prilog koji nije osnovni domen multimedijalnog sadržaja."},{"$i":"creationMode_warning_title","$v":"upozorenje za režim kreiranja"},{"$i":"creationMode_warning_alert","$v":"Da li potvrđujete dodavanje priloga koji nije osnovni domen multimedijalnog sadržaja?"},{"$i":"withoutDataTitle","$v":"Нема конекције података"},{"$i":"withoutDataBody","$v":"Молимо омогућите везу са подацима у подешавањима да бисте слали или преузимали ММС поруке."},{"$i":"withoutDataBtnOk","$v":"OK"},{"$i":"withoutDataBtnSettings","$v":"Podešavanja"},{"$i":"FTUTitle","$v":"Добродошли у Поруке."},{"$i":"FTUBody","$v":"Да бисте користили групне поруке, морате да наведете свој телефонски број."},{"$i":"myNumber","$v":"Moj broj telefona"},{"$i":"myNumber-SIM1","$v":"Moj broj telefona – SIM 1"},{"$i":"myNumber-SIM2","$v":"Moj broj telefona – SIM 2"},{"$i":"save-number","$v":"Sačuvaj"},{"$i":"input-alert-show","$v":"Ово је ваш број телефона."},{"$i":"input-alert-reInput","$v":"Да бисте користили групне поруке, морате да наведете свој телефонски број."},{"$i":"multiple-recipients-flag","$v":",..."},{"$i":"parent-control-text","$v":"Овај број је блокиран. Можете питати родитеље за дозволу."},{"$i":"groupNumberInputOne-placeholder","$v":"Moj broj telefona – SIM 1"},{"$i":"groupNumberInputOne","$v":"Moj broj telefona"},{"$i":"groupNumberInputTwo-placeholder","$v":"Moj broj telefona – SIM 2"},{"$i":"groupNumberInputTwo","$v":"Moj broj telefona"},{"$i":"custom-message-sent","$v":["Odgovoreno osobi ",{"t":"idOrVar","v":"name"}]},{"$i":"colon","$v":":"},{"$i":"sms-encoding-mode","$v":"SMS kodiranje"},{"$i":"sms-reduced-format","$v":"Skraćeni oblik"},{"$i":"sms-full-format","$v":"Puni oblik"},{"$i":"smscNormal","$v":"Servisni centar"},{"$i":"smscSIM1","$v":"Servisni centar SIM1"},{"$i":"smscSIM2","$v":"Servisni centar SIM2"},{"$i":"weekday-0-long","$v":"Nedelja"},{"$i":"weekday-1-long","$v":"Ponedeljak"},{"$i":"weekday-2-long","$v":"Utorak"},{"$i":"weekday-3-long","$v":"Sreda"},{"$i":"weekday-4-long","$v":"Četvrtak"},{"$i":"weekday-5-long","$v":"Petak"},{"$i":"weekday-6-long","$v":"Subota"},{"$i":"weekday-0-short","$v":"Ned"},{"$i":"weekday-1-short","$v":"Pon"},{"$i":"weekday-2-short","$v":"Uto"},{"$i":"weekday-3-short","$v":"Sre"},{"$i":"weekday-4-short","$v":"Čet"},{"$i":"weekday-5-short","$v":"Pet"},{"$i":"weekday-6-short","$v":"Sub"},{"$i":"month-0-long","$v":"Januar"},{"$i":"month-1-long","$v":"Februar"},{"$i":"month-2-long","$v":"Mart"},{"$i":"month-3-long","$v":"April"},{"$i":"month-4-long","$v":"Maj"},{"$i":"month-5-long","$v":"Jun"},{"$i":"month-6-long","$v":"Jul"},{"$i":"month-7-long","$v":"Avgust"},{"$i":"month-8-long","$v":"Septembar"},{"$i":"month-9-long","$v":"Oktobar"},{"$i":"month-10-long","$v":"Novembar"},{"$i":"month-11-long","$v":"Decembar"},{"$i":"month-0-genitive","$v":"Januar"},{"$i":"month-1-genitive","$v":"Februar"},{"$i":"month-2-genitive","$v":"Mart"},{"$i":"month-3-genitive","$v":"April"},{"$i":"month-4-genitive","$v":"Maj"},{"$i":"month-5-genitive","$v":"Jun"},{"$i":"month-6-genitive","$v":"Jul"},{"$i":"month-7-genitive","$v":"Avgust"},{"$i":"month-8-genitive","$v":"Septembar"},{"$i":"month-9-genitive","$v":"Oktobar"},{"$i":"month-10-genitive","$v":"Novembar"},{"$i":"month-11-genitive","$v":"Decembar"},{"$i":"month-0-short","$v":"Jan"},{"$i":"month-1-short","$v":"Feb"},{"$i":"month-2-short","$v":"Mar"},{"$i":"month-3-short","$v":"Apr"},{"$i":"month-4-short","$v":"Maj"},{"$i":"month-5-short","$v":"Jun"},{"$i":"month-6-short","$v":"Jul"},{"$i":"month-7-short","$v":"Avg"},{"$i":"month-8-short","$v":"Sep"},{"$i":"month-9-short","$v":"Okt"},{"$i":"month-10-short","$v":"Nov"},{"$i":"month-11-short","$v":"Dec"},{"$i":"minutes-ago-long","$v":{"few":["Pre ",{"t":"idOrVar","v":"value"}," minuta"],"many":["Pre ",{"t":"idOrVar","v":"value"}," minuta"],"other":["Pre ",{"t":"idOrVar","v":"value"}," minuta"],"two":["Pre ",{"t":"idOrVar","v":"value"}," minuta"],"one":"pre jednog minuta","zero":"malopre"},"$x":[{"t":"idOrVar","v":"plural"},"value"]},{"$i":"hours-ago-long","$v":{"few":["Pre ovoliko sati: ",{"t":"idOrVar","v":"value"}],"many":["Pre ovoliko sati: ",{"t":"idOrVar","v":"value"}],"other":["Pre ovoliko sati: ",{"t":"idOrVar","v":"value"}],"two":["Pre ovoliko sati: ",{"t":"idOrVar","v":"value"}],"one":"пре 1 сат","zero":"malopre"},"$x":[{"t":"idOrVar","v":"plural"},"value"]},{"$i":"days-ago-long","$v":{"few":["Pre ",{"t":"idOrVar","v":"value"}," dana"],"many":["Pre ",{"t":"idOrVar","v":"value"}," dana"],"one":"juče","other":["Pre ",{"t":"idOrVar","v":"value"}," dana"],"two":["Pre ",{"t":"idOrVar","v":"value"}," dana"],"zero":"danas"},"$x":[{"t":"idOrVar","v":"plural"},"value"]},{"$i":"weeks-ago-long","$v":{"few":["Pre ovoliko nedelja: ",{"t":"idOrVar","v":"value"}],"many":["Pre ovoliko nedelja: ",{"t":"idOrVar","v":"value"}],"one":"prošle nedelje","other":["Pre ovoliko nedelja: ",{"t":"idOrVar","v":"value"}],"two":["Pre ovoliko nedelja: ",{"t":"idOrVar","v":"value"}],"zero":"ove nedelje"},"$x":[{"t":"idOrVar","v":"plural"},"value"]},{"$i":"months-ago-long","$v":{"few":["Pre ovoliko meseci: ",{"t":"idOrVar","v":"value"}],"many":["Pre ovoliko meseci: ",{"t":"idOrVar","v":"value"}],"one":"prošli mesec","other":["Pre ovoliko meseci: ",{"t":"idOrVar","v":"value"}],"two":["Pre ovoliko meseci: ",{"t":"idOrVar","v":"value"}],"zero":"ovog meseca"},"$x":[{"t":"idOrVar","v":"plural"},"value"]},{"$i":"years-ago-long","$v":{"few":["Pre ovoliko godina: ",{"t":"idOrVar","v":"value"}],"many":["Pre ovoliko godina: ",{"t":"idOrVar","v":"value"}],"one":"prošle godine","other":["Pre ovoliko godina: ",{"t":"idOrVar","v":"value"}],"two":["Pre ovoliko godina: ",{"t":"idOrVar","v":"value"}],"zero":"ove godine"},"$x":[{"t":"idOrVar","v":"plural"},"value"]},{"$i":"minutes-until-long","$v":{"few":["za ",{"t":"idOrVar","v":"value"}," minuta"],"many":["za ",{"t":"idOrVar","v":"value"}," minuta"],"other":["za ",{"t":"idOrVar","v":"value"}," minuta"],"two":["za ",{"t":"idOrVar","v":"value"}," minuta"],"zero":"sada","one":"за 1 минут"},"$x":[{"t":"idOrVar","v":"plural"},"value"]},{"$i":"hours-until-long","$v":{"few":["za ",{"t":"idOrVar","v":"value"}," sata/i"],"many":["za ",{"t":"idOrVar","v":"value"}," sata/i"],"other":["za ",{"t":"idOrVar","v":"value"}," sata/i"],"two":["za ",{"t":"idOrVar","v":"value"}," sata/i"],"zero":"sada","one":"за 1 сат"},"$x":[{"t":"idOrVar","v":"plural"},"value"]},{"$i":"days-until-long","$v":{"few":["za ",{"t":"idOrVar","v":"value"}," dana"],"many":["za ",{"t":"idOrVar","v":"value"}," dana"],"one":"sutra","other":["za ",{"t":"idOrVar","v":"value"}," dana"],"two":["za ",{"t":"idOrVar","v":"value"}," dana"],"zero":"danas"},"$x":[{"t":"idOrVar","v":"plural"},"value"]},{"$i":"weeks-until-long","$v":{"few":["za ",{"t":"idOrVar","v":"value"}," nedelje/a"],"many":["za ",{"t":"idOrVar","v":"value"}," nedelje/a"],"one":"sledeća nedelja","other":["za ",{"t":"idOrVar","v":"value"}," nedelje/a"],"two":["za ",{"t":"idOrVar","v":"value"}," nedelje/a"],"zero":"ove nedelje"},"$x":[{"t":"idOrVar","v":"plural"},"value"]},{"$i":"months-until-long","$v":{"few":["za ",{"t":"idOrVar","v":"value"}," meseca/i"],"many":["za ",{"t":"idOrVar","v":"value"}," meseca/i"],"one":"sledeći mesec","other":["za ",{"t":"idOrVar","v":"value"}," meseca/i"],"two":["za ",{"t":"idOrVar","v":"value"}," meseca/i"],"zero":"ovog meseca"},"$x":[{"t":"idOrVar","v":"plural"},"value"]},{"$i":"years-until-long","$v":{"few":["za ",{"t":"idOrVar","v":"value"}," godine/a"],"many":["za ",{"t":"idOrVar","v":"value"}," godine/a"],"one":"sledeća godina","other":["za ",{"t":"idOrVar","v":"value"}," godine/a"],"two":["za ",{"t":"idOrVar","v":"value"}," godine/a"],"zero":"ove godine"},"$x":[{"t":"idOrVar","v":"plural"},"value"]},{"$i":"minutes-ago-short","$v":{"other":["Pre ",{"t":"idOrVar","v":"value"}," m"],"zero":"malopre"},"$x":[{"t":"idOrVar","v":"plural"},"value"]},{"$i":"hours-ago-short","$v":{"other":["Pre ",{"t":"idOrVar","v":"value"}," h"],"zero":"malopre"},"$x":[{"t":"idOrVar","v":"plural"},"value"]},{"$i":"days-ago-short","$v":{"other":["Pre ",{"t":"idOrVar","v":"value"}," d"],"zero":"danas"},"$x":[{"t":"idOrVar","v":"plural"},"value"]},{"$i":"minutes-until-short","$v":{"other":["za ",{"t":"idOrVar","v":"value"}," m"],"zero":"sada"},"$x":[{"t":"idOrVar","v":"plural"},"value"]},{"$i":"hours-until-short","$v":{"other":["za ",{"t":"idOrVar","v":"value"}," h"],"zero":"sada"},"$x":[{"t":"idOrVar","v":"plural"},"value"]},{"$i":"days-until-short","$v":{"other":["za ",{"t":"idOrVar","v":"value"}," d"],"zero":"danas"},"$x":[{"t":"idOrVar","v":"plural"},"value"]},{"$i":"dateTimeFormat_%c","$v":"%a %b %e %Y %I:%M:%S %p"},{"$i":"dateTimeFormat_%x","$v":"%m/%d/%Y"},{"$i":"dateTimeFormat_%X","$v":"%I:%M:%S %p"},{"$i":"shortTimeFormat","$v":"%I:%M %p"},{"$i":"shortTimeFormat12","$v":"%I:%M %p"},{"$i":"shortTimeFormat24","$v":"%H:%M"},{"$i":"shortDateTimeFormat","$v":"%x %I:%M %p"},{"$i":"weekStartsOnMonday","$v":"0.0"},{"$i":"firstDayOfTheWeek","$v":"1.0"},{"$i":"time_am","$v":"AM"},{"$i":"time_pm","$v":"Posle podne"},{"$i":"softkey-options","$v":"Opcije"},{"$i":"emergencyNumber","$v":"Broj u hitnom slučaju"},{"$i":"callAirplaneModeMessage","$v":"Da biste obavili poziv, morate onemogućiti režim rada u avionu u podešavanjima."},{"$i":"callAirplaneModeBtnOk","$v":"OK"},{"$i":"callAirplaneModeTitle","$v":"Režim rada u avionu je aktiviran"},{"$i":"numberIsBusyTitle","$v":"Broj je zauzet"},{"$i":"numberIsBusyMessage","$v":"Broj je trenutno zauzet. Pokušajte ponovo kasnije."},{"$i":"fdnIsActiveTitle","$v":"Opcija FDN je aktivirana"},{"$i":"fdnIsActiveMessage","$v":["Opcija FDN (brojevi fiksnog biranja) je aktivirana i sledeći broj se ne nalazi na vašoj FDN listi: ",{"t":"idOrVar","v":"number"}]},{"$i":"emergencyDialogBodyBadNumber","$v":"Da biste obavili poziv, telefon mora biti povezan na mrežu."},{"$i":"emergencyDialogBodyDeviceNotAccepted","$v":"Mreža ne dozvoljava hitne pozive."},{"$i":"emergencyDialogBtnOk","$v":"OK"},{"$i":"emergencyDialogTitle","$v":"Nema mrežne veze"},{"$i":"invalidNumberToDialTitle","$v":"Nevažeći broj telefona"},{"$i":"invalidNumberToDialMessage","$v":"Broj koji pokušavate da pozovete nije važeći."},{"$i":"unableToCallTitle","$v":"Nije moguće obaviti poziv."},{"$i":"unableToCallMessage","$v":"Trenutno nije moguće obaviti telefonski poziv"},{"$i":"otherConnectionInUseTitle","$v":"Koristi se druga veza"},{"$i":"otherConnectionInUseMessage","$v":"Imate aktivan poziv na drugoj vezi. Ne možete koristiti više veza istovremeno."},{"$i":"connectingEllipsis","$v":"Povezivanje..."}]