[{"$i":"messages","$v":"செய்திகள்"},{"$i":"deleteMessages-title","$v":"தேர்ந்தெடு"},{"$i":"selectThreads-title","$v":"தேர்ந்தெடு"},{"$i":"edit","$v":"திருத்து"},{"$i":"back","$v":"பின் செல்"},{"$i":"cancel","$v":"ரத்து செய்க"},{"$i":"delete","$v":"நீக்கு"},{"$i":"deleting-messages","$v":"நீக்குகிறது…"},{"$i":"deselect","$v":"தேர்வுநீக்கு"},{"$i":"selected-threads","$v":{"few":[{"t":"idOrVar","v":"n"}," தேர்ந்தெடுக்கப்பட்டது"],"many":[{"t":"idOrVar","v":"n"}," தேர்ந்தெடுக்கப்பட்டது"],"one":[{"t":"idOrVar","v":"n"}," தேர்ந்தெடுக்கப்பட்டது"],"other":[{"t":"idOrVar","v":"n"}," தேர்ந்தெடுக்கப்பட்டது"],"two":[{"t":"idOrVar","v":"n"}," தேர்ந்தெடுக்கப்பட்டது"],"zero":"0 தேர்ந்தெடுக்கப்பட்டது"},"$x":[{"t":"idOrVar","v":"plural"},"n"]},{"$i":"selected-messages","$v":{"few":[{"t":"idOrVar","v":"n"}," தேர்ந்தெடுக்கப்பட்டது"],"many":[{"t":"idOrVar","v":"n"}," தேர்ந்தெடுக்கப்பட்டது"],"one":[{"t":"idOrVar","v":"n"}," தேர்ந்தெடுக்கப்பட்டது"],"other":[{"t":"idOrVar","v":"n"}," தேர்ந்தெடுக்கப்பட்டது"],"two":[{"t":"idOrVar","v":"n"}," தேர்ந்தெடுக்கப்பட்டது"],"zero":"0 தேர்ந்தெடுக்கப்பட்டது"},"$x":[{"t":"idOrVar","v":"plural"},"n"]},{"$i":"selectThreads-label","$v":"த்ரெட்களைத் தேர்ந்தெடு"},{"$i":"selectMessages-label","$v":"செய்திகளைத் தேர்ந்தெடு"},{"$i":"new-message","$v":"புதிய"},{"$i":"delete-thread","$v":"த்ரெட்-ஐ நீக்கு"},{"$i":"create-new-contact","$v":"புதிய தொடர்பை உருவாக்கு"},{"$i":"add-to-contact","$v":"ஏற்கனவே உள்ள ஓர் தொடர்பில் சேர்"},{"$i":"select-thread","$v":"த்ரெட்டைத் தேர்ந்தெடு"},{"$i":"settings","$v":"செட்டிங்ஸ்"},{"$i":"select-all","$v":"எல்லாம்"},{"$i":"deselect-all","$v":"எதுவுமில்லை"},{"$i":"select","$v":"தேர்ந்தெடு"},{"$i":"sk-save-as-draft","$v":"ட்ராப்டாக சேமிக்கவும்"},{"$i":"next","$v":"அடுத்த"},{"$i":"send","$v":"அனுப்பு"},{"$i":"add-contact","$v":"சேர்க்கவும்"},{"$i":"add-suggestion","$v":"தேர்ந்தெடு"},{"$i":"add-subject","$v":"பொருளை சேர்"},{"$i":"remove-subject","$v":"பொருளை அகற்று"},{"$i":"add-attachment","$v":"அட்டாச்மெண்ட்-ஐ சேர்"},{"$i":"remove-attachment","$v":"அட்டாச்மெண்ட்-ஐ அகற்று"},{"$i":"replace-attachment","$v":"அட்டாச்மெண்ட்-ஐ மாற்றவும்"},{"$i":"select-messages","$v":"செய்திகளைத் தேர்ந்தெடு"},{"$i":"call","$v":"கால்"},{"$i":"forward","$v":"ஃபார்வர்டு"},{"$i":"view-message-report","$v":"செய்தி விவரங்களை காட்டவும்"},{"$i":"cancel-view-report","$v":"ரத்து செய்க"},{"$i":"ok","$v":"சரி"},{"$i":"enter","$v":"உள்ளிடு"},{"$i":"open","$v":"திற"},{"$i":"to","$v":"பெறுநர்"},{"$i":"new","$v":"புதிய"},{"$i":"message","$v":"செய்தி"},{"$i":"messagesInput_placeholder","$v":"செய்தி"},{"$i":"messagesSubjectInput_placeholder","$v":"பொருள்"},{"$i":"subjectComposerInput_placeholder","$v":"பொருள்"},{"$i":"converted-to-mms","$v":"மல்டிமீடியா செய்தியாக மாற்றுகிறது."},{"$i":"converted-to-sms","$v":"டெக்ஸ்ட் செய்தியாக மாற்றுகிறது."},{"$i":"messages-max-length-text","$v":"அதிகபட்ச நீளத்தை நீங்கள் அடைந்துவிட்டீர்கள்."},{"$i":"messages-max-subject-length-text","$v":"பொருளின் அதிகபட்ச நீளத்தை அடைந்தது."},{"$i":"multimedia-message-exceeded-max-length","$v":["இந்த செய்திகள் ஒரு மல்டிமீடியா செய்தியின் ",{"t":"idOrVar","v":"mmsSize"}," MB அளவு வரம்பை மீறுகிறது."]},{"$i":"newMessage","$v":"புதிய செய்தி"},{"$i":"sendMessage","$v":"செய்தியை அனுப்புக"},{"$i":"sendMMSToEmail","$v":"மல்டிமீடியா செய்தியை -ஐ அனுப்புக"},{"$i":"no-recipient","$v":"(பெறுநர் இல்லை)"},{"$i":"recipient","$v":{"few":[{"t":"idOrVar","v":"n"}," பெறுநர்கள்"],"many":[{"t":"idOrVar","v":"n"}," பெறுநர்கள்"],"one":[{"t":"idOrVar","v":"n"}," பெறுநர்"],"other":[{"t":"idOrVar","v":"n"}," பெறுநர்கள்"],"two":[{"t":"idOrVar","v":"n"}," பெறுநர்கள்"]},"$x":[{"t":"idOrVar","v":"plural"},"n"]},{"$i":"attachmentSizeB","$v":[{"t":"idOrVar","v":"n"}," B"]},{"$i":"attachmentSizeKB","$v":[{"t":"idOrVar","v":"n"}," KB"]},{"$i":"attachmentSizeMB","$v":[{"t":"idOrVar","v":"n"}," MB"]},{"$i":"attachmentOpenError","$v":"இந்த ஃபைலல் வகையை திறக்க எந்த அப்ளிகேஷன்களும் கிடைக்கவில்லை."},{"$i":"attachmentNotFile","$v":"இந்த ஃபைல் கிடைக்கவில்லை."},{"$i":"remove","$v":"அகற்று"},{"$i":"participant","$v":{"few":[{"t":"idOrVar","v":"n"}," பங்கேற்பாளர்கள்"],"many":[{"t":"idOrVar","v":"n"}," பங்கேற்பாளர்கள்"],"one":[{"t":"idOrVar","v":"n"}," பங்கேற்பாளர்"],"other":[{"t":"idOrVar","v":"n"}," பங்கேற்பாளர்கள்"],"two":[{"t":"idOrVar","v":"n"}," பங்கேற்பாளர்கள்"]},"$x":[{"t":"idOrVar","v":"plural"},"n"]},{"$i":"message-report","$v":"செய்தி அறிக்கை"},{"$i":"message-type-sms","$v":"டெக்ஸ்ட் செய்தி (SMS)"},{"$i":"message-type-mms","$v":"மல்டிமீடியா செய்தி (MMS)"},{"$i":"sms-report-description","$v":["உங்கள் டெக்ஸ்ட் செய்தி (SMS), ",{"t":"idOrVar","v":"datetime"}," இல் அனுப்பப்பட்டது"]},{"$i":"mms-report-description","$v":["உங்கள் மல்டிமீடியா செய்தி (MMS), பொருள் ",{"t":"idOrVar","v":"subject"},",",{"t":"idOrVar","v":"datetime"}," இல் அனுப்பப்பட்டது"]},{"$i":"mms-no-subject-report-description","$v":["உங்கள் மல்டிமீடியா செய்தி (MMS), ",{"t":"idOrVar","v":"datetime"}," இல் அனுப்பப்பட்டது"]},{"$i":"message-subject","$v":"பொருள்:"},{"$i":"report-status-error","$v":"செய்தியை அனுப்ப முடியவில்லை"},{"$i":"report-status-not-downloaded","$v":"டவுன்லோட் செய்யப்படவில்லை"},{"$i":"report-status-delivered","$v":"விநியோகம் செய்யப்பட்டது:"},{"$i":"report-status-read","$v":"படித்த:"},{"$i":"report-status-pending","$v":"அறிக்கை கோரப்பட்டது"},{"$i":"report-status-rejected","$v":"செய்தி நிராகரிக்கப்பட்டது"},{"$i":"message-size-was","$v":"செய்தி அளவு:"},{"$i":"report-to-title","$v":"பெறுநர்"},{"$i":"report-from-title","$v":"அனுப்புநர்"},{"$i":"message-sent","$v":"அனுப்பியது:"},{"$i":"message-sending","$v":[{"t":"idOrVar","v":"message-delivery-status-sending"}]},{"$i":"message-received","$v":"பெறப்பட்டவை:"},{"$i":"message-via","$v":"வழியாக:"},{"$i":"message-resend","$v":"மீண்டும் அனுப்பு"},{"$i":"search","$v":"தேடு"},{"$i":"unknown-contact-title","$v":"தெரியாத தொடர்பு"},{"$i":"phone-type-separator","$v":", "},{"$i":"phone-carrier-separator","$v":" "},{"$i":"thread-participant-separator","$v":", "},{"$i":"replace-draft","$v":"இருக்கும் டிராப்ட்-ஐ மாற்றவும்"},{"$i":"save-as-draft","$v":"சேமி"},{"$i":"discard-message","$v":"நிராகரி"},{"$i":"discard-sms","$v":"நீங்கள் நிச்சியமாக இந்தச் செய்தியை நிராகரிக்க விரும்புகிறீர்களா?"},{"$i":"discard-new-message","$v":"நீங்கள் உருவாக்கும் செய்தியை நிராகரித்து, புதிய செய்தியைத் திறக்கவா?"},{"$i":"resend-confirmation","$v":"செய்தியை அனுப்ப முடியவில்லை. மீண்டும் முயலவா?"},{"$i":"resend-message","$v":"இந்த செய்தியை மீண்டும் அனுப்பவும்"},{"$i":"deleteMessage-confirmation","$v":"தேர்ந்தெடுத்த செய்திகளை நீக்கவா"},{"$i":"deleteMessages-confirmation","$v":"தேர்ந்தெடுத்த செய்திகளை நீக்கவா?"},{"$i":"deleteThreads-confirmation2","$v":{"one":"தேர்ந்தெடுத்த செய்தித் த்ரெட்ஸ்-ஐ நீக்கவா","other":"தேர்ந்தெடுத்த செய்தித் த்ரெட்டுகளை நீக்கவா?"},"$x":[{"t":"idOrVar","v":"plural"},"n"]},{"$i":"new-message-notice-text","$v":"இவரிடமிருந்து புதிய செய்தி"},{"$i":"new-message-notice-a-text","$v":"அதை படி"},{"$i":"noMessages-title","$v":"செய்திகள் இல்லை"},{"$i":"noMessages-text","$v":"தொடர்பு கொள்ள தொடங்க, புதியது என்பதை அழுத்தவும்."},{"$i":"sendDefaultErrorTitle","$v":"அனுப்பியது தோல்வியடைந்தது"},{"$i":"sendDefaultErrorBody","$v":"செய்தியை அனுப்புவதில் சிக்கல் ஏற்பட்டது. தயவுசெய்து மீண்டும் முயலவும்."},{"$i":"sendDefaultErrorBtnOk","$v":"சரி"},{"$i":"sendMissingSimCardTitle","$v":"அனுப்பியது தோல்வியடைந்தது"},{"$i":"sendMissingSimCardBody","$v":"தொடர, சரியான சிம் கார்டைச் செருகவும்."},{"$i":"sendMissingSimCardBtnOk","$v":"சரி"},{"$i":"sendFlightModeTitle","$v":"அனுப்பியது தோல்வியடைந்தது"},{"$i":"sendFlightModeBody","$v":"செய்திகளை அனுப்ப ஏரோப்ளைன் மோட்-ஐ ஆஃப் செய்யவும்."},{"$i":"sendFlightModeBtnOk","$v":"சரி"},{"$i":"radioDisabledToDownloadTitle","$v":"டவுன்லோடு செய்வது தோல்வியடைந்தது"},{"$i":"radioDisabledToDownloadBody","$v":"அட்டாச்மெண்ட்-களை டவுன்லோட் செய்ய ஏரோப்ளைன் மோட்-ஐ ஆஃப் செய்யவும்."},{"$i":"radioDisabledToDownloadBtnOk","$v":[{"t":"idOrVar","v":"sendFlightModeBtnOk"}]},{"$i":"downloadDefaultErrorTitle","$v":"டவுன்லோடு செய்வது தோல்வியடைந்தது"},{"$i":"downloadDefaultErrorBody","$v":"செய்தியைப் டவுன்லோடு செய்வதில் சிக்கல் ஏற்பட்டது. தயவுசெய்து மீண்டும் முயற்சிக்கவும்."},{"$i":"downloadDefaultErrorBtnOk","$v":[{"t":"idOrVar","v":"sendDefaultErrorBtnOk"}]},{"$i":"fdnErrorTitle","$v":"அனுப்பியது தோல்வியடைந்தது"},{"$i":"needConnectWifiBody","$v":["No cellular network available. Connect to an available ",{"t":"idOrVar","v":"Wi-Fi"}," network for messaging."]},{"$i":"needConnectWifiTitle","$v":"செய்தி அனுப்பப்படவில்லை"},{"$i":"mmsChanelUsedBody","$v":"டி.டி.எஸ் அல்லாத சப் மூலம் எம்.எம்.எஸ் அனுப்பப்படுகிறது, அனுப்புதல் செயல்முறை முடிவடையும் வரை தயவுசெய்து காத்திருக்கவும்."},{"$i":"mmsChanelUsedTitle","$v":"எம்.எம்.எஸ் சேனல் பயன்படுத்தப்பட்டது"},{"$i":"sms-counter-notice-label","$v":["SMS ",{"t":"idOrVar","v":"number"},"-ஐத் திருத்துதல்"]},{"$i":"fdnErrorBody","$v":{"few":"எஃப்.டி.என் (ஃபிக்ஸ்ட் டயலிங் எண்கள்) செயல்படுத்தப்பட்டது. எஸ்.எம்.எஸ் மையம் மற்றும் பின்வரும் பெறுநர்கள், உங்கள் எஃப்.டி.என் பட்டியலில் உள்ளதை உறுதிசெய்து கொள்ளுங்கள்.","many":"எஃப்.டி.என் (ஃபிக்ஸ்ட் டயலிங் எண்கள்) செயல்படுத்தப்பட்டது. எஸ்.எம்.எஸ் மையம் மற்றும் பின்வரும் பெறுநர்கள், உங்கள் எஃப்.டி.என் பட்டியலில் உள்ளதை உறுதிசெய்து கொள்ளுங்கள்.","one":"எஃப்.டி.என் (ஃபிக்ஸ்ட் டயலிங் எண்கள்) செயல்படுத்தப்பட்டது. எஸ்.எம்.எஸ் மையம் மற்றும் பின்வரும் பெறுநர்கள், உங்கள் எஃப்.டி.என் பட்டியலில் உள்ளதை உறுதிசெய்து கொள்ளுங்கள்.","other":"எஃப்.டி.என் (ஃபிக்ஸ்ட் டயலிங் எண்கள்) செயல்படுத்தப்பட்டது. எஸ்.எம்.எஸ் மையம் மற்றும் பின்வரும் பெறுநர்கள், உங்கள் எஃப்.டி.என் பட்டியலில் உள்ளதை உறுதிசெய்து கொள்ளுங்கள்.","two":"எஃப்.டி.என் (ஃபிக்ஸ்ட் டயலிங் எண்கள்) செயல்படுத்தப்பட்டது. எஸ்.எம்.எஸ் மையம் மற்றும் பின்வரும் பெறுநர்கள், உங்கள் எஃப்.டி.என் பட்டியலில் உள்ளதை உறுதிசெய்து கொள்ளுங்கள்."},"$x":[{"t":"idOrVar","v":"plural"},"n"]},{"$i":"fdnErrorBtnOk","$v":"சரி"},{"$i":"sendNoSignalErrorTitle","$v":"அனுப்பியது தோல்வியடைந்தது"},{"$i":"sendNoSignalErrorBody","$v":"மொபைல் சிக்னல் இருப்பதை உறுதிசெய்து, மீண்டும் முயலவும்."},{"$i":"sendNoSignalErrorBtnOk","$v":"சரி"},{"$i":"sendNotFoundErrorTitle","$v":"அனுப்பியது தோல்வியடைந்தது"},{"$i":"sendNotFoundErrorBody","$v":"நீங்கள் எதிர்பார்க்கும் செய்தி இனி எப்போதும் கிடைக்காது."},{"$i":"sendNotFoundErrorBtnOk","$v":"சரி"},{"$i":"sendInvalidAddressErrorTitle","$v":"அனுப்பியது தோல்வியடைந்தது"},{"$i":"sendInvalidAddressErrorBody","$v":"நீங்கள் அனுப்பும் மொபைல் எண் சரியானதுதான் என்பதை உறுதிசெய்துகொள்ளவும்."},{"$i":"sendInvalidAddressErrorBtnOk","$v":"சரி"},{"$i":"simNotMatchedErrorTitle","$v":"டவுன்லோட் செய்ய இயலவில்லை"},{"$i":"simNotMatchedErrorBody","$v":"இந்த செய்தியைப் பெற பயன்படுத்தப்படும் அதே சிம் கார்டு செருகப்பட்டுள்ளதை தயவுசெய்து உறுதிசெய்துகொள்ளவும்."},{"$i":"simNotMatchedErrorBtnOk","$v":"சரி"},{"$i":"netWorkErrorTitle","$v":"நெட்வொர்க் தோல்வியடைந்தது"},{"$i":"netWorkErrorBody","$v":"நெட்வொர்க்கில் சில சிக்கல்கள் உள்ளது, முதலில் அதை சரிபார்க்கவும்."},{"$i":"netWorkErrorBtnOk","$v":"சரி"},{"$i":"deleted-sms","$v":"இந்த செய்தி ஏற்கனவே நீக்கப்பட்டுள்ளது."},{"$i":"view-attachment-image","$v":"காட்டு"},{"$i":"view-attachment-audio","$v":"கவனி"},{"$i":"view-attachment-video","$v":"காட்டு"},{"$i":"view-attachment-other","$v":"காட்டு"},{"$i":"remove-attachment-image","$v":"படத்தை அகற்று"},{"$i":"remove-attachment-audio","$v":"ஆடியோவை அகற்று"},{"$i":"remove-attachment-video","$v":"வீடியோவை அகற்று"},{"$i":"remove-attachment-other","$v":"அட்டாச்மெண்ட்-ஐ அகற்று"},{"$i":"replace-attachment-image","$v":"படத்தை மாற்றவும்"},{"$i":"replace-attachment-audio","$v":"ஒலியை மாற்றவும்"},{"$i":"replace-attachment-video","$v":"வீடியோவை மாற்றவும்"},{"$i":"replace-attachment-other","$v":"அட்டாச்மெண்ட்-ஐ மாற்றவும்"},{"$i":"unsent-message-title","$v":"அனுப்பப்படாத செய்தி"},{"$i":"unsent-message-description","$v":"உங்களின் முந்தைய செய்தி அனுப்பப்படவில்லை. அனுப்படாத செய்தியை திருத்த விரும்புகிறீர்களா அல்லது அதை அகற்றி விட்டு தொடர விரும்புகிறீர்களா?"},{"$i":"unsent-message-option-edit","$v":"திருத்து"},{"$i":"unsent-message-option-discard","$v":"நிராகரி"},{"$i":"message-options","$v":"செய்தி விருப்பங்கள்"},{"$i":"select-text","$v":"டெக்ஸ்ட்-ஐ தேர்ந்தெடு"},{"$i":"mobile","$v":"மொபைல்"},{"$i":"home","$v":"ஹோம்"},{"$i":"work","$v":"அலுவலகம்"},{"$i":"personal","$v":"தனிப்பட்டவை"},{"$i":"faxHome","$v":"Fax ஹோம்"},{"$i":"faxOffice","$v":"Fax ஆப்பீஸ்"},{"$i":"faxOther","$v":"மற்றவருக்கு Fax"},{"$i":"another","$v":"வேறொரு"},{"$i":"other","$v":"மற்ற"},{"$i":"today","$v":"இன்று"},{"$i":"yesterday","$v":"நேற்று"},{"$i":"incorrectDate","$v":"(தவறான தேதி)"},{"$i":"addToExistingContact","$v":"ஏற்கனவே உள்ள ஓர் தொடர்பில் சேர்"},{"$i":"createNewContact","$v":"புதிய தொடர்பை உருவாக்கு"},{"$i":"viewContact","$v":"தொடர்பை காட்டவும்"},{"$i":"sendEmail","$v":"இமெயில்-ஐ அனுப்புக"},{"$i":"mms-message","$v":"MMS செய்தி"},{"$i":"notDownloaded-title","$v":"செய்தி இன்னும் டவுன்லோட் செய்யப்படவில்லை."},{"$i":"tobedownloaded-attachment","$v":["நீங்கள் ஒரு மல்டிமீடியா செய்தியைப் பெற்றுள்ளீர்கள், அதன் கன்டென்ட்-ஐ ",{"t":"idOrVar","v":"date"}," க்கு முன்பு மீட்டெடுப்பதற்கு டவுன்லோட்-ஐ  அழுத்துங்கள்."]},{"$i":"expired-attachment","$v":["மன்னிக்கவும், ",{"t":"idOrVar","v":"date"}," இல் செய்தி காலாவதியானது டவுன்லோட் செய்ய முடியாது."]},{"$i":"download-attachment","$v":"டவுன்லோட்"},{"$i":"downloading-attachment","$v":"டவுன்லோட் ஆகுகிறது…"},{"$i":"download-complete","$v":"டவுன்லோட் நிறைவடைந்தது"},{"$i":"unnamed-attachment","$v":"பெயரிடப்படாதது"},{"$i":"mms-label","$v":"MMS"},{"$i":"not-download-label","$v":"நீங்கள் ஒரு மல்டிமீடியா செய்தியை பெறுவதற்கு முன்பு, அதன் உள்ளடக்கங்களை மீட்டெடுக்க அதை பதிவிறக்கவும்"},{"$i":"attachment-label","$v":"அட்டாச்மெண்ட்"},{"$i":"attached-files-too-large","$v":{"few":["இந்த செய்திகள் ஒரு மல்டிமீடியா செய்தியின் ",{"t":"idOrVar","v":"mmsSize"}," MB அளவு வரம்பை மீறுகிறது."],"many":["இந்த செய்திகள் ஒரு மல்டிமீடியா செய்தியின் ",{"t":"idOrVar","v":"mmsSize"}," MB அளவு வரம்பை மீறுகிறது."],"one":["இந்த செய்திகள் ஒரு மல்டிமீடியா செய்தியின் ",{"t":"idOrVar","v":"mmsSize"}," MB அளவு வரம்பை மீறுகிறது."],"other":["இந்த செய்திகள் ஒரு மல்டிமீடியா செய்தியின் ",{"t":"idOrVar","v":"mmsSize"}," MB அளவு வரம்பை மீறுகிறது."],"two":["இந்த செய்திகள் ஒரு மல்டிமீடியா செய்தியின் ",{"t":"idOrVar","v":"mmsSize"}," MB அளவு வரம்பை மீறுகிறது."],"zero":["இந்த செய்திகள் ஒரு மல்டிமீடியா செய்தியின் ",{"t":"idOrVar","v":"mmsSize"}," MB அளவு வரம்பை மீறுகிறது."]},"$x":[{"t":"idOrVar","v":"plural"},"n"]},{"$i":"resize-image","$v":"அட்டாச் செய்யப்பட்ட படத்தை மறுஅளவிடுகிறது"},{"$i":"no-attachment-text","$v":"அட்டாச் செய்யப்பட்ட ஃபைலில் அதை டவுன்லோட் செய்ய முடியாது."},{"$i":"message-draft-saved","$v":"செய்தி டிராப்டாக சேமிக்கப்பட்டது"},{"$i":"sim-id-label","$v":["சிம் ",{"t":"idOrVar","v":"id"}]},{"$i":"sim-detail","$v":["சிம் ",{"t":"idOrVar","v":"id"},", ",{"t":"idOrVar","v":"detailString"}]},{"$i":"dsds-notification-title-with-sim","$v":["(",{"t":"idOrVar","v":"sim"},") ",{"t":"idOrVar","v":"sender"}]},{"$i":"send-button","ariaLabel":"அனுப்பு"},{"$i":"send-button-sim-indication","$v":[{"t":"idOrVar","v":"n"}],"ariaLabel":["சிம் ",{"t":"idOrVar","v":"n"}," ஐ பயன்படுத்துகிறது"]},{"$i":"expiry-date-format","$v":"%A, %B %e"},{"$i":"attach-button","ariaLabel":"அட்டாச்மெண்ட்-ஐ சேர்"},{"$i":"contact-photo","ariaLabel":"தொடர்பு போட்டோ"},{"$i":"unread-thread","ariaLabel":"படிக்கப்படாதவை"},{"$i":"has-draft","ariaLabel":"டிராப்ட் உள்ளது"},{"$i":"is-draft","ariaLabel":"டிராப்ட்"},{"$i":"message-delivery-status-sending","$v":"அனுப்புகிறது…"},{"$i":"message-delivery-status-delivered","$v":"டெலிவரி செய்யப்பட்டது"},{"$i":"message-delivery-status-read","ariaLabel":"படி"},{"$i":"message-delivery-status-error","ariaLabel":"பிழை"},{"$i":"modal-dialog-ok-button","$v":"சரி"},{"$i":"modal-dialog-cancel-button","$v":"ரத்து செய்க"},{"$i":"modal-dialog-default-title","$v":"செய்திகள்"},{"$i":"delete-message","$v":"செய்தி நீக்கப்பட்டது"},{"$i":"message-converted-to-toast","$v":["செய்தி, ",{"t":"idOrVar","v":"type"},"-க்கு மாற்றப்பட்டது"]},{"$i":"message-sent-toast","$v":"செய்தி அனுப்பப்பட்டது"},{"$i":"deleteMessage-confirmation2","$v":"தேர்ந்தெடுத்த செய்தித் த்ரெட்ஸ்-ஐ நீக்கவா"},{"$i":"deleted-message","$v":{"few":[{"t":"idOrVar","v":"n"}," செய்திகள் நீக்கப்பட்டன"],"many":[{"t":"idOrVar","v":"n"}," செய்திகள் நீக்கப்பட்டன"],"one":[{"t":"idOrVar","v":"n"}," செய்திகள் நீக்கப்பட்டன"],"other":[{"t":"idOrVar","v":"n"}," செய்திகள் நீக்கப்பட்டன"],"two":[{"t":"idOrVar","v":"n"}," செய்திகள் நீக்கப்பட்டன"],"zero":"0 செய்தி நீக்கப்பட்டது"},"$x":[{"t":"idOrVar","v":"plural"},"n"]},{"$i":"deleted-threads","$v":{"few":[{"t":"idOrVar","v":"n"}," செய்தி த்ரெட்டுகள் நீக்கப்பட்டன"],"many":[{"t":"idOrVar","v":"n"}," செய்தி த்ரெட்டுகள் நீக்கப்பட்டன"],"one":"த்ரெட் நீக்கப்பட்டது","other":[{"t":"idOrVar","v":"n"}," செய்தி த்ரெட்டுகள் நீக்கப்பட்டன"],"two":[{"t":"idOrVar","v":"n"}," செய்தி த்ரெட்டுகள் நீக்கப்பட்டன"],"zero":"0 த்ரெட் நீக்கப்பட்டது"},"$x":[{"t":"idOrVar","v":"plural"},"n"]},{"$i":"wapPushMessages","$v":"WAP புஷ் செய்திகள்"},{"$i":"auto-retrieve-messages","$v":"செய்திகளைத் தானாக மீட்டமை"},{"$i":"auto-retrieve-messages-title","$v":"செய்திகளைத் தானாக மீட்டமை"},{"$i":"auto-roaming-retrieve","$v":"ரோமிங்கின் போது"},{"$i":"auto-no-roaming-retrieve","$v":"ரோமிங் இல்லாமல்"},{"$i":"mmsTitle","$v":"மல்டிமீடியா செய்தி (MMS)"},{"$i":"message-delivery-reports","$v":"டெலிவரி அறிக்கை"},{"$i":"message-delivery-reports-title","$v":"டெலிவரி அறிக்கை"},{"$i":"messageReport-title","$v":"செய்தி விவரங்கள்"},{"$i":"sms-label","$v":"SMS"},{"$i":"messaging-settings","$v":"செய்தி செட்டிங்"},{"$i":"messagingSettings-header","$v":[{"t":"idOrVar","v":"messaging-settings"}]},{"$i":"confirmation-title","$v":"உறுதிப்படுத்துதல்"},{"$i":"draft-save-content","$v":"ட்ராப்டாக சேமிக்கவா?"},{"$i":"draft-discard-content","$v":"செய்தி நிராகரிக்கப்பட்டது"},{"$i":"switch-on","$v":"ஆன்"},{"$i":"switch-off","$v":"ஆஃப்"},{"$i":"auto-retrieve-desc","$v":"செய்திகளை தானியங்காக மீட்டமை"},{"$i":"confirm-dialog-ok","$v":"சரி"},{"$i":"yes","$v":"ஆம்"},{"$i":"no","$v":"அனுமதிக்கப்படவில்லை"},{"$i":"delete-current-thread?","$v":"தேர்ந்தெடுத்த செய்தித் த்ரெட்ஸ்-ஐ நீக்கவா"},{"$i":"attention","$v":"கவனத்திற்கு"},{"$i":"delivery-title","$v":"டெக்ஸ்ட் செய்தி (எஸ்.எம்.எஸ்)"},{"$i":"send-failed","$v":"அனுப்பியது தோல்வியுற்றது."},{"$i":"subject-removed","$v":"பொருள் அகற்றப்பட்டது."},{"$i":"data-storage-limit-alert-title","$v":"போன் சேமிப்பிடம் நிரம்பியது."},{"$i":"data-storage-limit-send-body","$v":"எம்.எம்.எஸ் -ஐ அனுப்ப முடியவில்லை. இடத்தைக் காலியாக்க, செய்திகளை நீக்கவும் அல்லது அமைப்புகளுக்குச் செல்லவும்."},{"$i":"data-storage-limit-download-body","$v":"எம்.எம்.எஸ் -ஐப் பதிவிறக்க முடியவில்லை. இடத்தைக் காலியாக்க, செய்திகளை நீக்கவும் அல்லது அமைப்புகளுக்குச் செல்லவும்."},{"$i":"data-storage-limit-attachment-body","$v":"இணைப்பை சேர்க்க முடியவில்லை. இடத்தை ஏற்படுத்தித்தர செட்டிங்ஸ்களுக்கு செல்லவும் அல்லது செய்திகளை நீக்கவும்."},{"$i":"data-storage-limit-alert-cancel","$v":"ரத்து செய்க"},{"$i":"data-storage-limit-alert-setting","$v":"செட்டிங்ஸ்"},{"$i":"recipient-repeat","$v":"நகல் தொடர்பு."},{"$i":"email","$v":"இமெயில்"},{"$i":"options","$v":"விருப்பங்கள்"},{"$i":"emergency-alert-title","$v":"வயர்லெஸ் அவசர அலர்ட்கள்"},{"$i":"emergency-alert","$v":"வயர்லெஸ் அவசர அலர்ட்கள்"},{"$i":"wappushNormal","$v":"WAP புஷ்"},{"$i":"wappushSIM1","$v":"டபிள்யூ.எ.பி புஷ்-சிம் 1"},{"$i":"wappushSIM2","$v":"டபிள்யூ.எ.பி புஷ்-சிம் 2"},{"$i":"not-assigned","$v":"நியமிக்கப்படவில்லை"},{"$i":"switchSIMDataSendAlertTitle","$v":"எம்.எம்.எஸ் அனுப்புவது தோல்வியடைந்தது."},{"$i":"switchSIMDataSendAlertBody","$v":["எம்.எம்.எஸ் -ஐ அனுப்ப, நீங்கள் சிம் மேனேஜர் செட்டிங்ஸில் சிம் கார்டை டேட்டாவில் இருந்து சிம் ",{"t":"idOrVar","v":"nonActiveSimId"}," -க்கு மாற்ற வேண்டும்."]},{"$i":"switchSIMDataSendAlertDesc","$v":"செட்டிங்ஸை புதுப்பிக்க, தயவுசெய்து செட்டிங்ஸ் ஆப்பிற்கு செல்லவும்."},{"$i":"switchSIMDataReceiveAlertTitle","$v":"எம்.எம்.எஸ் பெறுவது தோல்வியடைந்தது."},{"$i":"switchSIMDataReceiveAlertBody","$v":["எம்.எம்.எஸ் -ஐ பெற, நீங்கள் சிம் மேனேஜர் செட்டிங்ஸில் சிம் கார்டை டேட்டாவில் இருந்து சிம் ",{"t":"idOrVar","v":"nonActiveSimId"}," -க்கு மாற்ற வேண்டும்."]},{"$i":"switchSIMDataReceiveAlertDesc","$v":"செட்டிங்ஸை புதுப்பிக்க, தயவுசெய்து செட்டிங்ஸ் ஆப்பிற்கு செல்லவும்."},{"$i":"group-message","$v":"குழு செய்தி"},{"$i":"individual-message","$v":"தனிப்பட்ட செய்தி"},{"$i":"group-message-alert-title","$v":"குழு செய்தி"},{"$i":"group-message-alert-body","$v":"ஒரு குரூப் செய்தியை உருவாக்கவா?(குரூப் செய்தியானது எம்.எம்.எஸ் வழியாக அனுப்பப்படும் மற்றும் சேவைத் திட்டத்தைப் பொறுத்து வயர்லெஸ் வழங்குநரிடமிருந்து கூடுதல் கட்டணங்கள் வசூலிக்கப்படும்.)"},{"$i":"group-message-individual","$v":"அனுமதிக்கப்படவில்லை"},{"$i":"group-message-setting","$v":"உருவாக்கு"},{"$i":"new-message-individual","$v":"புதிய செய்தி (தனிப்பட்ட)"},{"$i":"new-message-group","$v":"புதிய செய்தி (குழு)"},{"$i":"device-phone-number","$v":"எனது போன் எண்"},{"$i":"group-message-phone","$v":"குழு செய்திகள்"},{"$i":"my-phone-number-SIM1","$v":"எனது தொலைபேசி எண் - சிம் 1"},{"$i":"my-phone-number-SIM2","$v":"எனது தொலைபேசி எண் - சிம் 2"},{"$i":"delivery-notification","$v":"செய்தி வழங்கப்பட்டது"},{"$i":"wait","$v":"காத்திருக்கிறது"},{"$i":"isTextTooLongAlert","$v":"செய்தியின் அதிகபட்ச நீளம் மீறிவிட்டது."},{"$i":"video-call","$v":"வீடியோ கால்"},{"$i":"normal-call","$v":"கால்"},{"$i":"attachment","$v":"அட்டாச்மெண்ட்"},{"$i":"limit-MMS-recipients","$v":"ஒரு எம்.எம்.எஸ் -க்கு 20 பெறுநர்களை மட்டுமே அனுப்ப முடியும்."},{"$i":"block-contact","$v":"தொடர்பைத் தடு"},{"$i":"blocked","$v":"பிளாக்"},{"$i":"unblocked","$v":"அன்பிளாக்"},{"$i":"rtt-call","$v":"ஆர்.டி.டி அழைப்பு"},{"$i":"remove-all-attachments","$v":"அனைத்து இணைப்புகளையும் அகற்று"},{"$i":"block-confirmation","$v":"பிளாக் பட்டியலில் உள்ள நபர்களிடமிருந்து போன் கால்கள், செய்திகளைப் நீங்கள் பெற மாட்டீர்கள்."},{"$i":"space-low-not-save","$v":"சேமிப்பகம் நிறைந்தது, வரைவைச் சேமிக்க முடியவில்லை."},{"$i":"creation-mode-messages","$v":"உருவாக்க மோடு"},{"$i":"creation-mode-restricted","$v":"தடைசெய்யப்பட்டது"},{"$i":"creation-mode-warning","$v":"எச்சரிக்கை"},{"$i":"creation-mode-free","$v":"ஃப்ரீ"},{"$i":"creationMode_restricted_title","$v":"உருவாக்க மோடு வரம்பு"},{"$i":"creationMode_restricted_alert","$v":"உருவாக்க மோடு தடைசெய்யப்பட்டுள்ளது, நான் கோர் எம்.எம் கன்டென்ட் டொமைனாக உள்ள இணைப்பை நீங்கள் சேர்க்க முடியாது."},{"$i":"creationMode_warning_title","$v":"உருவாக்க மோடு எச்சரிக்கை"},{"$i":"creationMode_warning_alert","$v":"நான் கோர் எம்.எம் கன்டென்ட் டொமைனாக உள்ள இணைப்பைச் சேர்க்க உறுதிசெய்கிறீர்களா?"},{"$i":"withoutDataTitle","$v":"தரவு இணைப்பு இல்லை"},{"$i":"withoutDataBody","$v":"எம்.எம்.எஸ் ஐ அனுப்ப அல்லது டவுன்லோடு செய்ய, செட்டிங்ஸில் டேட்டா இணைப்பை தயவுசெய்து எனபிள் செய்யவும்"},{"$i":"withoutDataBtnOk","$v":"சரி"},{"$i":"withoutDataBtnSettings","$v":"செட்டிங்ஸ்"},{"$i":"FTUTitle","$v":"செய்திகளுக்கு வரவேற்கிறோம்."},{"$i":"FTUBody","$v":"குரூப் செய்திகளைப் பயன்படுத்த உங்கள் தொலைபேசி எண்ணை வழங்க வேண்டும்."},{"$i":"myNumber","$v":"எனது தொலைபேசி எண்"},{"$i":"myNumber-SIM1","$v":"எனது தொலைபேசி எண் - சிம் 1"},{"$i":"myNumber-SIM2","$v":"எனது தொலைபேசி எண் - சிம் 2"},{"$i":"save-number","$v":"சேமி"},{"$i":"input-alert-show","$v":"இது உங்கள் தொலைபேசி எண்."},{"$i":"input-alert-reInput","$v":"குரூப் செய்திகளைப் பயன்படுத்த உங்கள் தொலைபேசி எண்ணை வழங்க வேண்டும்."},{"$i":"multiple-recipients-flag","$v":",..."},{"$i":"parent-control-text","$v":"இந்த எண் தடுக்கப்பட்டுள்ளது.நீங்கள் உங்கள் பெற்றோரிடம் அனுமதி கேட்கலாம்."},{"$i":"groupNumberInputOne-placeholder","$v":"எனது தொலைபேசி எண் - சிம் 1"},{"$i":"groupNumberInputOne","$v":"எனது தொலைபேசி எண்"},{"$i":"groupNumberInputTwo-placeholder","$v":"எனது தொலைபேசி எண் - சிம் 2"},{"$i":"groupNumberInputTwo","$v":"எனது தொலைபேசி எண்"},{"$i":"custom-message-sent","$v":[{"t":"idOrVar","v":"name"}," க்கு பதிலளிக்கப்பட்டது"]},{"$i":"colon","$v":":"},{"$i":"sms-encoding-mode","$v":"Sms குறியாக்கம்"},{"$i":"sms-reduced-format","$v":"குறைந்த வடிவமைப்பு"},{"$i":"sms-full-format","$v":"முழு வடிவமைப்பு"},{"$i":"smscNormal","$v":"சேவை மையம்"},{"$i":"smscSIM1","$v":"சிம்1 இன் சேவை மையம்"},{"$i":"smscSIM2","$v":"சிம்2 இன் சேவை மையம்"},{"$i":"weekday-0-long","$v":"ஞாயிறுக்கிழமை"},{"$i":"weekday-1-long","$v":"திங்கள்"},{"$i":"weekday-2-long","$v":"செவ்வாய்க்கிழமை"},{"$i":"weekday-3-long","$v":"புதன்கிழமை"},{"$i":"weekday-4-long","$v":"வியாழக்கிழமை"},{"$i":"weekday-5-long","$v":"வெள்ளி"},{"$i":"weekday-6-long","$v":"சனிக்கிழமை"},{"$i":"weekday-0-short","$v":"ஞாயிறுக்கிழமை"},{"$i":"weekday-1-short","$v":"திங்கள்"},{"$i":"weekday-2-short","$v":"செவ்வாய்க்கிழமை"},{"$i":"weekday-3-short","$v":"புதன்கிழமை"},{"$i":"weekday-4-short","$v":"வியாழன்"},{"$i":"weekday-5-short","$v":"வெள்ளி"},{"$i":"weekday-6-short","$v":"சனிக்கிழமை"},{"$i":"month-0-long","$v":"ஜனவரி"},{"$i":"month-1-long","$v":"பிப்ரவரி"},{"$i":"month-2-long","$v":"மார்ச்"},{"$i":"month-3-long","$v":"ஏப்ரல்"},{"$i":"month-4-long","$v":"மே"},{"$i":"month-5-long","$v":"ஜூன்"},{"$i":"month-6-long","$v":"ஜூலை"},{"$i":"month-7-long","$v":"ஆகஸ்ட்"},{"$i":"month-8-long","$v":"செப்டம்பர்"},{"$i":"month-9-long","$v":"அக்டோபர்"},{"$i":"month-10-long","$v":"நவம்பர்"},{"$i":"month-11-long","$v":"டிசம்பர்"},{"$i":"month-0-genitive","$v":"ஜனவரி"},{"$i":"month-1-genitive","$v":"பிப்ரவரி"},{"$i":"month-2-genitive","$v":"மார்ச்"},{"$i":"month-3-genitive","$v":"ஏப்ரல்"},{"$i":"month-4-genitive","$v":"மே"},{"$i":"month-5-genitive","$v":"ஜூன்"},{"$i":"month-6-genitive","$v":"ஜூலை"},{"$i":"month-7-genitive","$v":"ஆகஸ்ட்"},{"$i":"month-8-genitive","$v":"செப்டம்பர்"},{"$i":"month-9-genitive","$v":"அக்டோபர்"},{"$i":"month-10-genitive","$v":"நவம்பர்"},{"$i":"month-11-genitive","$v":"டிசம்பர்"},{"$i":"month-0-short","$v":"ஜனவரி"},{"$i":"month-1-short","$v":"பிப்ரவரி"},{"$i":"month-2-short","$v":"மார்ச்"},{"$i":"month-3-short","$v":"ஏப்ரல்"},{"$i":"month-4-short","$v":"மே"},{"$i":"month-5-short","$v":"ஜூன்"},{"$i":"month-6-short","$v":"ஜூலை"},{"$i":"month-7-short","$v":"ஆகஸ்ட்"},{"$i":"month-8-short","$v":"செப்டம்பர்"},{"$i":"month-9-short","$v":"அக்டோபர்"},{"$i":"month-10-short","$v":"நவம்பர்"},{"$i":"month-11-short","$v":"டிசம்பர்"},{"$i":"minutes-ago-long","$v":{"few":[{"t":"idOrVar","v":"value"}," நிமிடங்களுக்கு முன்பு"],"many":[{"t":"idOrVar","v":"value"}," நிமிடங்களுக்கு முன்பு"],"other":[{"t":"idOrVar","v":"value"}," நிமிடங்களுக்கு முன்பு"],"two":[{"t":"idOrVar","v":"value"}," நிமிடங்களுக்கு முன்பு"],"one":"ஒரு நிமிடம் முன்பாக","zero":"Just now"},"$x":[{"t":"idOrVar","v":"plural"},"value"]},{"$i":"hours-ago-long","$v":{"few":[{"t":"idOrVar","v":"value"}," மணிநேரங்களுக்கு முன்பு"],"many":[{"t":"idOrVar","v":"value"}," மணிநேரங்களுக்கு முன்பு"],"other":[{"t":"idOrVar","v":"value"}," மணிநேரங்களுக்கு முன்பு"],"two":[{"t":"idOrVar","v":"value"}," மணிநேரங்களுக்கு முன்பு"],"one":"ஒரு மணிநேரம் முன்பாக","zero":"Just now"},"$x":[{"t":"idOrVar","v":"plural"},"value"]},{"$i":"days-ago-long","$v":{"few":[{"t":"idOrVar","v":"value"}," நாட்களுக்கு முன்பு"],"many":[{"t":"idOrVar","v":"value"}," நாட்களுக்கு முன்பு"],"one":"நேற்று","other":[{"t":"idOrVar","v":"value"}," நாட்களுக்கு முன்பு"],"two":[{"t":"idOrVar","v":"value"}," நாட்களுக்கு முன்பு"],"zero":"இன்று"},"$x":[{"t":"idOrVar","v":"plural"},"value"]},{"$i":"weeks-ago-long","$v":{"few":[{"t":"idOrVar","v":"value"}," வாரங்களுக்கு முன்பு"],"many":[{"t":"idOrVar","v":"value"}," வாரங்களுக்கு முன்பு"],"one":"கடந்த வாரம்","other":[{"t":"idOrVar","v":"value"}," வாரங்களுக்கு முன்பு"],"two":[{"t":"idOrVar","v":"value"}," வாரங்களுக்கு முன்பு"],"zero":"இந்த வாரம்"},"$x":[{"t":"idOrVar","v":"plural"},"value"]},{"$i":"months-ago-long","$v":{"few":[{"t":"idOrVar","v":"value"}," மாதங்களுக்கு முன்பு"],"many":[{"t":"idOrVar","v":"value"}," மாதங்களுக்கு முன்பு"],"one":"கடந்த மாதம்","other":[{"t":"idOrVar","v":"value"}," மாதங்களுக்கு முன்பு"],"two":[{"t":"idOrVar","v":"value"}," மாதங்களுக்கு முன்பு"],"zero":"இந்த மாதம்"},"$x":[{"t":"idOrVar","v":"plural"},"value"]},{"$i":"years-ago-long","$v":{"few":[{"t":"idOrVar","v":"value"}," வருடங்களுக்கு முன்பு"],"many":[{"t":"idOrVar","v":"value"}," வருடங்களுக்கு முன்பு"],"one":"கடந்த வருடம்","other":[{"t":"idOrVar","v":"value"}," வருடங்களுக்கு முன்பு"],"two":[{"t":"idOrVar","v":"value"}," வருடங்களுக்கு முன்பு"],"zero":"இந்த வருடம்"},"$x":[{"t":"idOrVar","v":"plural"},"value"]},{"$i":"minutes-until-long","$v":{"few":[{"t":"idOrVar","v":"value"}," நிமிடங்களில்"],"many":[{"t":"idOrVar","v":"value"}," நிமிடங்களில்"],"other":[{"t":"idOrVar","v":"value"}," நிமிடங்களில்"],"two":[{"t":"idOrVar","v":"value"}," நிமிடங்களில்"],"zero":"இப்போதே","one":"ஒரு நிமிடத்தில்"},"$x":[{"t":"idOrVar","v":"plural"},"value"]},{"$i":"hours-until-long","$v":{"few":[{"t":"idOrVar","v":"value"}," மணிநேரங்களில்"],"many":[{"t":"idOrVar","v":"value"}," மணிநேரங்களில்"],"other":[{"t":"idOrVar","v":"value"}," மணிநேரங்களில்"],"two":[{"t":"idOrVar","v":"value"}," மணிநேரங்களில்"],"zero":"இப்போதே","one":"ஒரு மணிநேரத்தில்"},"$x":[{"t":"idOrVar","v":"plural"},"value"]},{"$i":"days-until-long","$v":{"few":[{"t":"idOrVar","v":"value"}," நாட்களில்"],"many":[{"t":"idOrVar","v":"value"}," நாட்களில்"],"one":"நாளை","other":[{"t":"idOrVar","v":"value"}," நாட்களில்"],"two":[{"t":"idOrVar","v":"value"}," நாட்களில்"],"zero":"இன்று"},"$x":[{"t":"idOrVar","v":"plural"},"value"]},{"$i":"weeks-until-long","$v":{"few":[{"t":"idOrVar","v":"value"}," வாரங்களில்"],"many":[{"t":"idOrVar","v":"value"}," வாரங்களில்"],"one":"அடுத்த வாரம்","other":[{"t":"idOrVar","v":"value"}," வாரங்களில்"],"two":[{"t":"idOrVar","v":"value"}," வாரங்களில்"],"zero":"இந்த வாரம்"},"$x":[{"t":"idOrVar","v":"plural"},"value"]},{"$i":"months-until-long","$v":{"few":[{"t":"idOrVar","v":"value"}," மாதங்களில்"],"many":[{"t":"idOrVar","v":"value"}," மாதங்களில்"],"one":"அடுத்த மாதம்","other":[{"t":"idOrVar","v":"value"}," மாதங்களில்"],"two":[{"t":"idOrVar","v":"value"}," மாதங்களில்"],"zero":"இந்த மாதம்"},"$x":[{"t":"idOrVar","v":"plural"},"value"]},{"$i":"years-until-long","$v":{"few":[{"t":"idOrVar","v":"value"}," வருடங்களில்"],"many":[{"t":"idOrVar","v":"value"}," வருடங்களில்"],"one":"அடுத்த ஆண்டு","other":[{"t":"idOrVar","v":"value"}," வருடங்களில்"],"two":[{"t":"idOrVar","v":"value"}," வருடங்களில்"],"zero":"இந்த வருடம்"},"$x":[{"t":"idOrVar","v":"plural"},"value"]},{"$i":"minutes-ago-short","$v":{"other":[{"t":"idOrVar","v":"value"},"நிமிடம் முன்பு"],"zero":"Just now"},"$x":[{"t":"idOrVar","v":"plural"},"value"]},{"$i":"hours-ago-short","$v":{"other":[{"t":"idOrVar","v":"value"},"மணிநேரம் முன்பு"],"zero":"Just now"},"$x":[{"t":"idOrVar","v":"plural"},"value"]},{"$i":"days-ago-short","$v":{"other":[{"t":"idOrVar","v":"value"},"நாள் முன்பு"],"zero":"இன்று"},"$x":[{"t":"idOrVar","v":"plural"},"value"]},{"$i":"minutes-until-short","$v":{"other":[{"t":"idOrVar","v":"value"},"நிமிடத்தில்"],"zero":"இப்போதே"},"$x":[{"t":"idOrVar","v":"plural"},"value"]},{"$i":"hours-until-short","$v":{"other":[{"t":"idOrVar","v":"value"},"மணிநேரத்தில்"],"zero":"இப்போதே"},"$x":[{"t":"idOrVar","v":"plural"},"value"]},{"$i":"days-until-short","$v":{"other":[{"t":"idOrVar","v":"value"},"நாள் இல்"],"zero":"இன்று"},"$x":[{"t":"idOrVar","v":"plural"},"value"]},{"$i":"dateTimeFormat_%c","$v":"%a %b %e %Y %I:%M:%S %p"},{"$i":"dateTimeFormat_%x","$v":"%m/%d/%Y"},{"$i":"dateTimeFormat_%X","$v":"%I:%M:%S %p"},{"$i":"shortTimeFormat","$v":"%I:%M %p"},{"$i":"shortTimeFormat12","$v":"%I:%M %p"},{"$i":"shortTimeFormat24","$v":"%H:%M"},{"$i":"shortDateTimeFormat","$v":"%x %I:%M %p"},{"$i":"weekStartsOnMonday","$v":"0.0"},{"$i":"firstDayOfTheWeek","$v":"0.0"},{"$i":"time_am","$v":"AM"},{"$i":"time_pm","$v":"PM"},{"$i":"softkey-options","$v":"விருப்பங்கள்"},{"$i":"emergencyNumber","$v":"அவசர எண்"},{"$i":"callAirplaneModeMessage","$v":"கால் செய்ய நீங்கள் செட்டிஙஸ்-இல் ஏரோப்ளைன் மோட்-ஐ முடக்க வேண்டும்."},{"$i":"callAirplaneModeBtnOk","$v":"சரி"},{"$i":"callAirplaneModeTitle","$v":"ஏரோப்ளைன் மோட் செயல்படுத்தப்பட்டது"},{"$i":"numberIsBusyTitle","$v":"எண் பிஸியாக உள்ளது"},{"$i":"numberIsBusyMessage","$v":"எண் தற்போது பிஸியாக உள்ளது. தயவுசெய்து மீண்டும் முயலவும்."},{"$i":"fdnIsActiveTitle","$v":"FDN செயலில் உள்ளது"},{"$i":"fdnIsActiveMessage","$v":["FDN (ஃபிக்ஸ்ட் டயலிங் நம்பர்ஸ்) செயல்படுத்தப்பட்டது, பின்வரும் எண்கள் உங்கள் FDN பட்டியலில் இல்லை: ",{"t":"idOrVar","v":"number"}]},{"$i":"emergencyDialogBodyBadNumber","$v":"கால் செய்ய, ஃபோன் நெட்வொர்க்குடன் கனெக்ட் செய்திருக்க வேண்டும்."},{"$i":"emergencyDialogBodyDeviceNotAccepted","$v":"நெட்வொர்க்கால் அவசர கால்-கள் அனுமதிக்கப்படவில்லை."},{"$i":"emergencyDialogBtnOk","$v":"சரி"},{"$i":"emergencyDialogTitle","$v":"நெட்வொர்க் கனெக்ஷன் இல்லை"},{"$i":"invalidNumberToDialTitle","$v":"செல்லாத ஃபோன் எண்"},{"$i":"invalidNumberToDialMessage","$v":"நீங்கள் கால் செய்யும் ஃபோன் எண் சரியானது அல்ல."},{"$i":"unableToCallTitle","$v":"கால் செய்ய முடியாது"},{"$i":"unableToCallMessage","$v":"இப்போது ஒரு ஃபோன் கால் செய்ய இயலவில்லை."},{"$i":"otherConnectionInUseTitle","$v":"வேறொரு கனெக்ஷன் பயன்பாட்டில் உள்ளது"},{"$i":"otherConnectionInUseMessage","$v":"உங்களுக்கு மற்றொரு கனெக்ஷனில் செயலில் உள்ள கால் உள்ளது. ஒரே நேரத்தில் ஒரு கனெக்ஷனை மட்டுமே நீங்கள் பயன்படுத்தலாம்."},{"$i":"connectingEllipsis","$v":"கனெக்ட் செய்கிறது..."}]