[{"$i":"messages","$v":"پیغامات"},{"$i":"deleteMessages-title","$v":"منتخب کریں"},{"$i":"selectThreads-title","$v":"منتخب کریں"},{"$i":"edit","$v":"ترمیم کریں"},{"$i":"back","$v":"واپس جائیں"},{"$i":"cancel","$v":"منسوخ کریں"},{"$i":"delete","$v":"حذف کریں"},{"$i":"deleting-messages","$v":"حذف ہورہا ہے…"},{"$i":"deselect","$v":"غیر منتخب کریں"},{"$i":"selected-threads","$v":{"few":[{"t":"idOrVar","v":"n"}," منتخب شدہ"],"many":[{"t":"idOrVar","v":"n"}," منتخب شدہ"],"one":[{"t":"idOrVar","v":"n"}," منتخب شدہ"],"other":[{"t":"idOrVar","v":"n"}," منتخب شدہ"],"two":[{"t":"idOrVar","v":"n"}," منتخب شدہ"],"zero":"0 منتخب شدہ"},"$x":[{"t":"idOrVar","v":"plural"},"n"]},{"$i":"selected-messages","$v":{"few":[{"t":"idOrVar","v":"n"}," منتخب شدہ"],"many":[{"t":"idOrVar","v":"n"}," منتخب شدہ"],"one":[{"t":"idOrVar","v":"n"}," منتخب شدہ"],"other":[{"t":"idOrVar","v":"n"}," منتخب شدہ"],"two":[{"t":"idOrVar","v":"n"}," منتخب شدہ"],"zero":"0 منتخب شدہ"},"$x":[{"t":"idOrVar","v":"plural"},"n"]},{"$i":"selectThreads-label","$v":"خطرات منتخب کریں"},{"$i":"selectMessages-label","$v":"پیغامات منتخب کریں"},{"$i":"new-message","$v":"نیا"},{"$i":"delete-thread","$v":"خطرہ حذف کریں"},{"$i":"create-new-contact","$v":"نیا اکاؤںٹ بنائیں"},{"$i":"add-to-contact","$v":"کسی موجودہ رابطہ پر شامل کریں"},{"$i":"select-thread","$v":"خطرہ منتخب کریں"},{"$i":"settings","$v":"ترتیبات"},{"$i":"select-all","$v":"تمام"},{"$i":"deselect-all","$v":"کوئی نہیں"},{"$i":"select","$v":"منتخب کریں"},{"$i":"sk-save-as-draft","$v":"ڈرافٹ کے طور پر محفوظ کریں"},{"$i":"next","$v":"اگلا"},{"$i":"send","$v":"بھیجیں"},{"$i":"add-contact","$v":"شامل کریں"},{"$i":"add-suggestion","$v":"منتخب کریں"},{"$i":"add-subject","$v":"موضوع شامل کریں"},{"$i":"remove-subject","$v":"عنوان نکالیں"},{"$i":"add-attachment","$v":"منسلکہ شامل کریں"},{"$i":"remove-attachment","$v":"منسلکہ ہٹائیں"},{"$i":"replace-attachment","$v":"منسلکہ کو بدلیں"},{"$i":"select-messages","$v":"پیغامات منتخب کریں"},{"$i":"call","$v":"کال کریں"},{"$i":"forward","$v":"فارورڈ کریں"},{"$i":"view-message-report","$v":"پیغام کی تفصیلات دیکھیں"},{"$i":"cancel-view-report","$v":"منسوخ کریں"},{"$i":"ok","$v":"ٹھیک ہے"},{"$i":"enter","$v":"داخل کریں"},{"$i":"open","$v":"کھولیں"},{"$i":"to","$v":"بنام"},{"$i":"new","$v":"نیا"},{"$i":"message","$v":"پیغام"},{"$i":"messagesInput_placeholder","$v":"پیغام"},{"$i":"messagesSubjectInput_placeholder","$v":"موضوع"},{"$i":"subjectComposerInput_placeholder","$v":"موضوع"},{"$i":"converted-to-mms","$v":"ملٹی میڈیا پیغام میں تبدیل کرنا۔"},{"$i":"converted-to-sms","$v":"متن میڈیا پیغام میں تبدیل کرنا۔"},{"$i":"messages-max-length-text","$v":"آپ زیادہ سے زیادہ لمبائی تک پہنچ گئے ہیں۔"},{"$i":"messages-max-subject-length-text","$v":"عنوان کی زیادہ سے زیادہ لمبائی تک پہنچ گئی۔"},{"$i":"multimedia-message-exceeded-max-length","$v":["اس پیغام نے ایک ملٹی میڈیا پیغام کے سائز کی حد ",{"t":"idOrVar","v":"mmsSize"}," ایم۔پی سے تجاوز کر لیا ہے۔"]},{"$i":"newMessage","$v":"نیا پیغام"},{"$i":"sendMessage","$v":"پیغام بھیجیں"},{"$i":"sendMMSToEmail","$v":"ملٹی میڈیا پیغام بھیجیں"},{"$i":"no-recipient","$v":"(کوئی وصول کنندہ نہیں)"},{"$i":"recipient","$v":{"few":[{"t":"idOrVar","v":"n"}," وصول کنندگان"],"many":[{"t":"idOrVar","v":"n"}," وصول کنندگان"],"one":[{"t":"idOrVar","v":"n"}," وصول کنندہ"],"other":[{"t":"idOrVar","v":"n"}," وصول کنندگان"],"two":[{"t":"idOrVar","v":"n"}," وصول کنندگان"]},"$x":[{"t":"idOrVar","v":"plural"},"n"]},{"$i":"attachmentSizeB","$v":[{"t":"idOrVar","v":"n"}," B"]},{"$i":"attachmentSizeKB","$v":[{"t":"idOrVar","v":"n"}," KB"]},{"$i":"attachmentSizeMB","$v":[{"t":"idOrVar","v":"n"}," MB"]},{"$i":"attachmentOpenError","$v":"اس قسم کی فائل کو کھولنے کیلئے کوئی ایپلیکشن دستیاب نہیں ہے۔"},{"$i":"attachmentNotFile","$v":"یہ فائل نہیں ملی ہے۔"},{"$i":"remove","$v":"ہٹائیں"},{"$i":"participant","$v":{"few":[{"t":"idOrVar","v":"n"}," شرکاء"],"many":[{"t":"idOrVar","v":"n"}," شرکاء"],"one":[{"t":"idOrVar","v":"n"}," شریک"],"other":[{"t":"idOrVar","v":"n"}," شرکاء"],"two":[{"t":"idOrVar","v":"n"}," شرکاء"]},"$x":[{"t":"idOrVar","v":"plural"},"n"]},{"$i":"message-report","$v":"پیغام کی رپورٹ"},{"$i":"message-type-sms","$v":"متن پیغام (SMS)"},{"$i":"message-type-mms","$v":"ملٹی میڈیا (MMS) پیغامات"},{"$i":"sms-report-description","$v":["آپ کا متن پیغام (SMS)، ",{"t":"idOrVar","v":"datetime"}," کو بھیجا گیا تھا"]},{"$i":"mms-report-description","$v":["آپ کا ملٹی میڈیا پیغام (MMS)، عنوان ",{"t":"idOrVar","v":"subject"},"، ",{"t":"idOrVar","v":"datetime"}," کو بھیجا گیا تھا"]},{"$i":"mms-no-subject-report-description","$v":["آپ کا ملٹی میڈیا پیغام (MMS)، ",{"t":"idOrVar","v":"datetime"}," کو بھیجا گیا تھا"]},{"$i":"message-subject","$v":"موضوع:"},{"$i":"report-status-error","$v":"پیغام بھیجا نہیں جا سکا"},{"$i":"report-status-not-downloaded","$v":"ڈاؤن لوڈ نہیں کیا گیا"},{"$i":"report-status-delivered","$v":"ارسال شدہ:"},{"$i":"report-status-read","$v":"پڑھیں:"},{"$i":"report-status-pending","$v":"رپورٹ کی درخواست کی گئی"},{"$i":"report-status-rejected","$v":"پیغام مسترد کیا گیا"},{"$i":"message-size-was","$v":"پیغام کا سائز:"},{"$i":"report-to-title","$v":"بنام"},{"$i":"report-from-title","$v":"سے"},{"$i":"message-sent","$v":"ارسال کردہ:"},{"$i":"message-sending","$v":[{"t":"idOrVar","v":"message-delivery-status-sending"}]},{"$i":"message-received","$v":"موصول کردہ:"},{"$i":"message-via","$v":"بذریعہ:"},{"$i":"message-resend","$v":"دوبارہ بھیجیں"},{"$i":"search","$v":"تلاش"},{"$i":"unknown-contact-title","$v":"نامعلوم رابطہ"},{"$i":"phone-type-separator","$v":", "},{"$i":"phone-carrier-separator","$v":" "},{"$i":"thread-participant-separator","$v":", "},{"$i":"replace-draft","$v":"موجودہ ڈرافٹ کو بدلیں"},{"$i":"save-as-draft","$v":"محفوظ کریں"},{"$i":"discard-message","$v":"رد کریں"},{"$i":"discard-sms","$v":"کیا آپ یقیناً اس پیغام کو رد کرنا چاہتے ہیں؟"},{"$i":"discard-new-message","$v":"آپ جو پیغام کمپوز کررہے ہیں اسے رد کریں اور نیا پیغام کھولیں؟"},{"$i":"resend-confirmation","$v":"پیغام بھیجا نہیں جاسکا۔ دوبارہ کوشش کریں؟"},{"$i":"resend-message","$v":"اس پیغام کو دوبارہ بھیجیں"},{"$i":"deleteMessage-confirmation","$v":"منتخبہ پیغامات کو حذف کریں"},{"$i":"deleteMessages-confirmation","$v":"منتخبہ پیغامات کو حذف کریں؟"},{"$i":"deleteThreads-confirmation2","$v":{"one":"منتخبہ پیغام تھریڈز کو حذف کریں","other":"منتخبہ پیغام تھریڈز کو حذف کریں؟"},"$x":[{"t":"idOrVar","v":"plural"},"n"]},{"$i":"new-message-notice-text","$v":"نیا پیغام منجانب"},{"$i":"new-message-notice-a-text","$v":"اسے پڑھیں"},{"$i":"noMessages-title","$v":"کوئی پیغامات نہیں"},{"$i":"noMessages-text","$v":"مواصلت شروع کرنے کیلئے نئے کو دبائیں۔"},{"$i":"sendDefaultErrorTitle","$v":"بھیجنے میں ناکامی"},{"$i":"sendDefaultErrorBody","$v":"پیغام بھیجنے میں کچھ مسئلہ تھا۔ براہ کرم دوبارہ کوشش کریں۔"},{"$i":"sendDefaultErrorBtnOk","$v":"ٹھیک ہے"},{"$i":"sendMissingSimCardTitle","$v":"بھیجنے میں ناکامی"},{"$i":"sendMissingSimCardBody","$v":"جاری رکھنے کیلئے ایک مجاز سم کارڈ داخل کریں۔"},{"$i":"sendMissingSimCardBtnOk","$v":"ٹھیک ہے"},{"$i":"sendFlightModeTitle","$v":"بھیجنے میں ناکامی"},{"$i":"sendFlightModeBody","$v":"پیغامات بھیجنے کیلئے ایئر پلین موڈ آف کریں۔"},{"$i":"sendFlightModeBtnOk","$v":"ٹھیک ہے"},{"$i":"radioDisabledToDownloadTitle","$v":"ڈاؤن لوڈ کی ناکامی"},{"$i":"radioDisabledToDownloadBody","$v":"منسلکات ڈاؤن لوڈ کرنے کیلئے ایئر پلین موڈ آف کریں۔"},{"$i":"radioDisabledToDownloadBtnOk","$v":[{"t":"idOrVar","v":"sendFlightModeBtnOk"}]},{"$i":"downloadDefaultErrorTitle","$v":"ڈاؤن لوڈ کی ناکامی"},{"$i":"downloadDefaultErrorBody","$v":"پیغام کو ڈاؤن لوڈ کرنے میں ایک مسئلہ تھا۔ براہ کرم دوبارہ کوشش کریں۔"},{"$i":"downloadDefaultErrorBtnOk","$v":[{"t":"idOrVar","v":"sendDefaultErrorBtnOk"}]},{"$i":"fdnErrorTitle","$v":"بھیجنے میں ناکامی"},{"$i":"needConnectWifiBody","$v":["No cellular network available. Connect to an available ",{"t":"idOrVar","v":"Wi-Fi"}," network for messaging."]},{"$i":"needConnectWifiTitle","$v":"پیغام نہیں بھیجا گیا"},{"$i":"mmsChanelUsedBody","$v":"غیر-ڈی۔ڈی۔ایس کے ذریعہ ایم۔ایم۔ایس کو بھیجا جا رہا ہے، براہ کرم بھیجنے کے عمل کے مکمل ہونے تک انتظار کریں۔"},{"$i":"mmsChanelUsedTitle","$v":"ایم۔ایم۔ایس چینل کا استعمال کیا گیا"},{"$i":"sms-counter-notice-label","$v":["ایس. ایم. ایس ",{"t":"idOrVar","v":"number"}," کی تدوین کرنا"]},{"$i":"fdnErrorBody","$v":{"few":"ایف۔ڈی۔این (فکسڈ ڈائلنگ نمبرز) فعال شدہ ہے۔ یقینی بنائيں کہ ایس۔ایم۔ایس سینٹر اور مندرجہ ذیل وصول کنندگان آپ کی ایف۔ڈی۔این فہرست میں ہیں:","many":"ایف۔ڈی۔این (فکسڈ ڈائلنگ نمبرز) فعال شدہ ہے۔ یقینی بنائيں کہ ایس۔ایم۔ایس سینٹر اور مندرجہ ذیل وصول کنندگان آپ کی ایف۔ڈی۔این فہرست میں ہیں:","one":"ایف۔ڈی۔این (فکسڈ ڈائلنگ نمبرز) فعال شدہ ہے۔ یقینی بنائيں کہ ایس۔ایم۔ایس سینٹر اور مندرجہ ذیل وصول کنندگان آپ کی ایف۔ڈی۔این فہرست میں ہیں۔","other":"ایف۔ڈی۔این (فکسڈ ڈائلنگ نمبرز) فعال شدہ ہے۔ یقینی بنائيں کہ ایس۔ایم۔ایس سینٹر اور مندرجہ ذیل وصول کنندگان آپ کی ایف۔ڈی۔این فہرست میں ہیں:","two":"ایف۔ڈی۔این (فکسڈ ڈائلنگ نمبرز) فعال شدہ ہے۔ یقینی بنائيں کہ ایس۔ایم۔ایس سینٹر اور مندرجہ ذیل وصول کنندگان آپ کی ایف۔ڈی۔این فہرست میں ہیں:"},"$x":[{"t":"idOrVar","v":"plural"},"n"]},{"$i":"fdnErrorBtnOk","$v":"ٹھیک ہے"},{"$i":"sendNoSignalErrorTitle","$v":"بھیجنے میں ناکامی"},{"$i":"sendNoSignalErrorBody","$v":"یقینی بنائيں کہ آپ کے پاس موبائل سگنل ہے اور دوبارہ کوشش کریں۔"},{"$i":"sendNoSignalErrorBtnOk","$v":"ٹھیک ہے"},{"$i":"sendNotFoundErrorTitle","$v":"بھیجنے میں ناکامی"},{"$i":"sendNotFoundErrorBody","$v":"جس پیغام کو آپ تلاش کر رہے ہیں وہ اب دستیاب نہیں ہے۔"},{"$i":"sendNotFoundErrorBtnOk","$v":"ٹھیک ہے"},{"$i":"sendInvalidAddressErrorTitle","$v":"بھیجنے میں ناکامی"},{"$i":"sendInvalidAddressErrorBody","$v":"یقینی بنائيں کہ جو موبائل نمبر آپ بھیج رہے ہیں وہ درست ہے۔"},{"$i":"sendInvalidAddressErrorBtnOk","$v":"ٹھیک ہے"},{"$i":"simNotMatchedErrorTitle","$v":"ڈاؤن لوڈ کرنے سے قاصر"},{"$i":"simNotMatchedErrorBody","$v":"براہ کرم یقینی بنائيں کہ داخل کردہ سم کارڈ اس پیغام کو موصول کرنے کے لیے استعمال ہوتا ہے۔"},{"$i":"simNotMatchedErrorBtnOk","$v":"ٹھیک ہے"},{"$i":"netWorkErrorTitle","$v":"نیٹ ورک کی ناکامی"},{"$i":"netWorkErrorBody","$v":"نیٹ ورک کی پریشانی ہے، براہ کرم پہلے اس کی جانچ کر لیں۔"},{"$i":"netWorkErrorBtnOk","$v":"ٹھیک ہے"},{"$i":"deleted-sms","$v":"اس پیغام کو پہلے ہی حذف کردیا گیا ہے۔"},{"$i":"view-attachment-image","$v":"دیکھیں"},{"$i":"view-attachment-audio","$v":"سنیں"},{"$i":"view-attachment-video","$v":"دیکھیں"},{"$i":"view-attachment-other","$v":"دیکھیں"},{"$i":"remove-attachment-image","$v":"تصویر ہٹائيں"},{"$i":"remove-attachment-audio","$v":"آڈیو نکالیں"},{"$i":"remove-attachment-video","$v":"ویڈیو نکالیں"},{"$i":"remove-attachment-other","$v":"منسلکہ ہٹائیں"},{"$i":"replace-attachment-image","$v":"تصویر بدلیں"},{"$i":"replace-attachment-audio","$v":"آڈیو بدلیں"},{"$i":"replace-attachment-video","$v":"ویڈو بدلیں"},{"$i":"replace-attachment-other","$v":"منسلکہ کو بدلیں"},{"$i":"unsent-message-title","$v":"نہ بھیجا گیا پیغام"},{"$i":"unsent-message-description","$v":"آپ کا پچھلا پیغام نہیں بھیجا گیا تھا۔ کیا آپ نہ بھیجے گئے پیغام کی تدوین کرنا چاہتے ہیں یا اسے رد کرکے جاری رکھنا چاہتے ہیں؟"},{"$i":"unsent-message-option-edit","$v":"ترمیم کریں"},{"$i":"unsent-message-option-discard","$v":"رد کریں"},{"$i":"message-options","$v":"پیغام کے اختیارات"},{"$i":"select-text","$v":"متن منتخب کریں"},{"$i":"mobile","$v":"موبائل"},{"$i":"home","$v":"گھر"},{"$i":"work","$v":"دفتر"},{"$i":"personal","$v":"ذاتی"},{"$i":"faxHome","$v":"فیکس ہوم"},{"$i":"faxOffice","$v":"فیکس آفیس"},{"$i":"faxOther","$v":"فیکس دیگر"},{"$i":"another","$v":"دیگر"},{"$i":"other","$v":"دیگر"},{"$i":"today","$v":"آج"},{"$i":"yesterday","$v":"گزشتہ کل"},{"$i":"incorrectDate","$v":"(غلط تاریخ)"},{"$i":"addToExistingContact","$v":"کسی موجودہ رابطہ پر شامل کریں"},{"$i":"createNewContact","$v":"نیا اکاؤںٹ بنائیں"},{"$i":"viewContact","$v":"رابطہ دیکھیں"},{"$i":"sendEmail","$v":"ای میل بھیجیں"},{"$i":"mms-message","$v":"MMS پیغام"},{"$i":"notDownloaded-title","$v":"پیغام اب تک ڈاؤن لوڈ نہیں کیا گیا۔"},{"$i":"tobedownloaded-attachment","$v":["آپ کو ایک ملٹی میڈیا پیغام موصول ہوا ہے، ",{"t":"idOrVar","v":"date"}," سے قبل اس کے مواد بازیافت کرنے کیلئے ڈاؤن لوڈ کو دبائيں۔"]},{"$i":"expired-attachment","$v":["معذرت، ",{"t":"idOrVar","v":"date"}," کو پیغام کی مدت ختم ہوگئی اور ڈاؤن لوڈ نہیں کی جاسکتی۔"]},{"$i":"download-attachment","$v":"ڈاؤن لوڈ کریں"},{"$i":"downloading-attachment","$v":"ڈاؤن لوڈ ہو رہا ہے…"},{"$i":"download-complete","$v":"ڈاؤن لوڈ مکمل"},{"$i":"unnamed-attachment","$v":"بلا عنوان"},{"$i":"mms-label","$v":"MMS"},{"$i":"not-download-label","$v":"آپ کو ایک ملٹی میڈیا پیغام موصول ہوا، اس کی مشمولات کو بازیافت کرنے کے لئے پہلے اسے ڈاؤن لوڈ کریں"},{"$i":"attachment-label","$v":"منسلکہ"},{"$i":"attached-files-too-large","$v":{"few":["اس پیغام نے ایک ملٹی میڈیا پیغام کے سائز کی حد ",{"t":"idOrVar","v":"mmsSize"}," ایم۔بی سے تجاوز کر لیا ہے۔"],"many":["اس پیغام نے ایک ملٹی میڈیا پیغام کے سائز کی حد ",{"t":"idOrVar","v":"mmsSize"}," ایم۔بی سے تجاوز کر لیا ہے۔"],"one":["اس پیغام نے ایک ملٹی میڈیا پیغام کے سائز کی حد ",{"t":"idOrVar","v":"mmsSize"}," ایم۔پی سے تجاوز کر لیا ہے۔"],"other":["اس پیغام نے ایک ملٹی میڈیا پیغام کے سائز کی حد ",{"t":"idOrVar","v":"mmsSize"}," ایم۔بی سے تجاوز کر لیا ہے۔"],"two":["اس پیغام نے ایک ملٹی میڈیا پیغام کے سائز کی حد ",{"t":"idOrVar","v":"mmsSize"}," ایم۔بی سے تجاوز کر لیا ہے۔"],"zero":["اس پیغام نے ایک ملٹی میڈیا پیغام کے سائز کی حد ",{"t":"idOrVar","v":"mmsSize"}," ایم۔بی سے تجاوز کر لیا ہے۔"]},"$x":[{"t":"idOrVar","v":"plural"},"n"]},{"$i":"resize-image","$v":"منسلکہ تصویر کا سائز تبدیل کرنا"},{"$i":"no-attachment-text","$v":"منسلکہ فائل کے میں کوئی خرابی ہے اور یہ ڈاؤن لوڈ نہیں کی جاسکتی۔"},{"$i":"message-draft-saved","$v":"پیغام بطور ڈرافٹ محفوظ ہوگیا"},{"$i":"sim-id-label","$v":["سم ",{"t":"idOrVar","v":"id"}]},{"$i":"sim-detail","$v":["سم ",{"t":"idOrVar","v":"id"},", ",{"t":"idOrVar","v":"detailString"}]},{"$i":"dsds-notification-title-with-sim","$v":["(",{"t":"idOrVar","v":"sim"},") ",{"t":"idOrVar","v":"sender"}]},{"$i":"send-button","ariaLabel":"بھیجیں"},{"$i":"send-button-sim-indication","$v":[{"t":"idOrVar","v":"n"}],"ariaLabel":["سم ",{"t":"idOrVar","v":"n"}," استعمال کرنا"]},{"$i":"expiry-date-format","$v":"%A, %B %e"},{"$i":"attach-button","ariaLabel":"منسلکہ شامل کریں"},{"$i":"contact-photo","ariaLabel":"رابطہ کی تصویر"},{"$i":"unread-thread","ariaLabel":"ناخواندہ"},{"$i":"has-draft","ariaLabel":"ہیش ڈرافٹ"},{"$i":"is-draft","ariaLabel":"مسودہ"},{"$i":"message-delivery-status-sending","$v":"بھیج رہا ہے…"},{"$i":"message-delivery-status-delivered","$v":"ڈیلیور ہو گیا"},{"$i":"message-delivery-status-read","ariaLabel":"خواندہ"},{"$i":"message-delivery-status-error","ariaLabel":"خرابی"},{"$i":"modal-dialog-ok-button","$v":"ٹھیک ہے"},{"$i":"modal-dialog-cancel-button","$v":"منسوخ کریں"},{"$i":"modal-dialog-default-title","$v":"پیغامات"},{"$i":"delete-message","$v":"پیغام حذف کیا گيا"},{"$i":"message-converted-to-toast","$v":["پیغام کو ",{"t":"idOrVar","v":"type"}," پر تبدیل کردیا گيا"]},{"$i":"message-sent-toast","$v":"پیغام بھیج دیا گیا"},{"$i":"deleteMessage-confirmation2","$v":"منتخبہ پیغام تھریڈز کو حذف کریں"},{"$i":"deleted-message","$v":{"few":[{"t":"idOrVar","v":"n"}," پیغامات حذف کیے گئے"],"many":[{"t":"idOrVar","v":"n"}," پیغامات حذف کیے گئے"],"one":[{"t":"idOrVar","v":"n"}," پیغام حذف کیے گئے"],"other":[{"t":"idOrVar","v":"n"}," پیغامات حذف کیے گئے"],"two":[{"t":"idOrVar","v":"n"}," پیغامات حذف کیے گئے"],"zero":"0 پیغام حذف کیے گئے"},"$x":[{"t":"idOrVar","v":"plural"},"n"]},{"$i":"deleted-threads","$v":{"few":[{"t":"idOrVar","v":"n"}," خطرات حذف کیے گئے"],"many":[{"t":"idOrVar","v":"n"}," خطرات حذف کیے گئے"],"one":"خطرہ حذف کیا گیا","other":[{"t":"idOrVar","v":"n"}," خطرات حذف کیے گئے"],"two":[{"t":"idOrVar","v":"n"}," خطرات حذف کیے گئے"],"zero":"0 خطرات حذف کیے گئے"},"$x":[{"t":"idOrVar","v":"plural"},"n"]},{"$i":"wapPushMessages","$v":"WAP پش پیغامات"},{"$i":"auto-retrieve-messages","$v":"خودکار پیغامات بازیافت"},{"$i":"auto-retrieve-messages-title","$v":"خودکار پیغامات بازیافت"},{"$i":"auto-roaming-retrieve","$v":"رومنگ کے ساتھ آن"},{"$i":"auto-no-roaming-retrieve","$v":"رومنگ کے بغیر آن"},{"$i":"mmsTitle","$v":"ملٹی میڈیا (MMS) پیغام رسانی"},{"$i":"message-delivery-reports","$v":"ارسال کی رپورٹ"},{"$i":"message-delivery-reports-title","$v":"ارسال کی رپورٹ"},{"$i":"messageReport-title","$v":"پیغام کی تفصیلات"},{"$i":"sms-label","$v":"SMS"},{"$i":"messaging-settings","$v":"پیغام رسانی کی سیٹنگز"},{"$i":"messagingSettings-header","$v":[{"t":"idOrVar","v":"messaging-settings"}]},{"$i":"confirmation-title","$v":"توثیق کاری"},{"$i":"draft-save-content","$v":"ڈرافٹ کے طور پر محفوظ کریں؟"},{"$i":"draft-discard-content","$v":"پیغام مسترد کردیا گیا"},{"$i":"switch-on","$v":"آن"},{"$i":"switch-off","$v":"آف"},{"$i":"auto-retrieve-desc","$v":"پیغامات خودکار طور پر بازیافت کریں"},{"$i":"confirm-dialog-ok","$v":"ٹھیک ہے"},{"$i":"yes","$v":"ہاں"},{"$i":"no","$v":"نہیں"},{"$i":"delete-current-thread?","$v":"منتخبہ پیغام تھریڈز کو حذف کریں"},{"$i":"attention","$v":"توجہ دیں"},{"$i":"delivery-title","$v":"متن پیغام (ایس۔ایم۔ایس)"},{"$i":"send-failed","$v":"بھیجنا ناکام۔"},{"$i":"subject-removed","$v":"عنوان نکال دیا گیا۔"},{"$i":"data-storage-limit-alert-title","$v":"فون اسٹوریج مکمل"},{"$i":"data-storage-limit-send-body","$v":"ایم۔ایم۔ایس بھیجنے میں ناکام۔ جگہ خالی کرنے کے لئے میسجز حذف کریں یا سیٹنگز میں جائے۔"},{"$i":"data-storage-limit-download-body","$v":"ایم۔ایم۔ایس ڈاؤن لوڈ کرنے میں ناکام۔ جگہ خالی کرنے کے لئے میسجز حذف کریں یا سیٹنگز میں جائے۔"},{"$i":"data-storage-limit-attachment-body","$v":"اٹیچمنٹ شامل کرنے سے قاصر۔ جگہ کو خالی کرنے کے لئے پیغام کو حذف کریں یا ترتیبات پر جائیں۔"},{"$i":"data-storage-limit-alert-cancel","$v":"منسوخ کریں"},{"$i":"data-storage-limit-alert-setting","$v":"ترتیبات"},{"$i":"recipient-repeat","$v":"جعلی رابطہ۔"},{"$i":"email","$v":"ای میل"},{"$i":"options","$v":"اختیارات"},{"$i":"emergency-alert-title","$v":"وائرلیس ایمرجنسی الرٹ"},{"$i":"emergency-alert","$v":"وائرلیس ایمرجنسی انتباہات"},{"$i":"wappushNormal","$v":"WAP پش"},{"$i":"wappushSIM1","$v":"ڈبلیو۔اے۔پی - سم 1"},{"$i":"wappushSIM2","$v":"ڈبلیو۔اے۔پی - سم 2"},{"$i":"not-assigned","$v":"تفویض نہیں کیا گیا"},{"$i":"switchSIMDataSendAlertTitle","$v":"ایم۔ایم۔ایس بھیجنے میں ناکام ہوگیا۔"},{"$i":"switchSIMDataSendAlertBody","$v":["ایم۔ایم۔ایس بھیجنے کے لئے، آپ کو سم مینیجر سیٹنگز میں سم کارڈ کو کو ڈیٹا سے سم ",{"t":"idOrVar","v":"nonActiveSimId"}," کے لئے تبدیل کرنے کی ضرورت ہے۔"]},{"$i":"switchSIMDataSendAlertDesc","$v":"براہ کرم سیٹنگز کو اپ ڈیٹ کرنے کے لئے سیٹنگز ایپ میں جائیں۔"},{"$i":"switchSIMDataReceiveAlertTitle","$v":"ایم۔ایم۔ایس موصول ہونے میں ناکام ہوگیا۔"},{"$i":"switchSIMDataReceiveAlertBody","$v":["ایم۔ایم۔ایس موصول کرنے کے لئے، آپ کو سم مینیجر سیٹنگز میں سم کارڈ کو کو ڈیٹا سے سم ",{"t":"idOrVar","v":"nonActiveSimId"}," کے لئے تبدیل کرنے کی ضرورت ہے۔"]},{"$i":"switchSIMDataReceiveAlertDesc","$v":"براہ کرم سیٹنگز کو اپ ڈیٹ کرنے کے لئے سیٹنگز ایپ میں جائیں۔"},{"$i":"group-message","$v":"گروپ پیغام"},{"$i":"individual-message","$v":"منفرد پیغام"},{"$i":"group-message-alert-title","$v":"گروپ پیغام"},{"$i":"group-message-alert-body","$v":"ایک گروپ پیغام کو تکمیل دیں؟ ﴿گروپ پیغام ایم۔ایم۔ایس کے ذریعے بھیجا جائے گا اور آپ کے سروس پلان پر منحصر وائرلیس فراہم کنندہ کی طرف سے اضافی خرچے لگ سکتے ہیں۔﴾"},{"$i":"group-message-individual","$v":"نہیں"},{"$i":"group-message-setting","$v":"بنائیں"},{"$i":"new-message-individual","$v":"نیا پیغام (انفرادی)"},{"$i":"new-message-group","$v":"نیا پیغام (گروپ)"},{"$i":"device-phone-number","$v":"میرا فون نمبر"},{"$i":"group-message-phone","$v":"گروپ پیغامات"},{"$i":"my-phone-number-SIM1","$v":"میرا فون نمبر - سم1"},{"$i":"my-phone-number-SIM2","$v":"میرا فون نمبر - سم2"},{"$i":"delivery-notification","$v":"پیغام سپرد کر دیا گیا"},{"$i":"wait","$v":"انتظار کر رہا ہے"},{"$i":"isTextTooLongAlert","$v":"میسج کی زیادہ سے زیادہ لمبائی تجاوز ہوئی۔"},{"$i":"video-call","$v":"ویڈیو کال"},{"$i":"normal-call","$v":"کال کریں"},{"$i":"attachment","$v":"منسلکہ"},{"$i":"limit-MMS-recipients","$v":"فی ایم۔ایم۔ایس صرف 20 وصول کنندگان کو بھیجا جا سکتا ہے۔"},{"$i":"block-contact","$v":"رابطہ بلاک کریں"},{"$i":"blocked","$v":"بلاک کریں"},{"$i":"unblocked","$v":"ان بلاک کریں"},{"$i":"rtt-call","$v":"آر۔ٹی۔ٹی کال"},{"$i":"remove-all-attachments","$v":"تمام اٹیچمنٹس ہٹا دیں"},{"$i":"block-confirmation","$v":"آپ کو بلاک فہسرت پر لوگوں کی طرف سے فون کالز، پیغامات موصول نہیں ہوں گے۔"},{"$i":"space-low-not-save","$v":"اسٹوریج بھرا ہوا ہے، ڈرافٹ محفوظ کرنے کے قابل نہیں۔"},{"$i":"creation-mode-messages","$v":"تکمیلی موڈ"},{"$i":"creation-mode-restricted","$v":"محدود"},{"$i":"creation-mode-warning","$v":"تنبیہ"},{"$i":"creation-mode-free","$v":"مفت"},{"$i":"creationMode_restricted_title","$v":"تکمیلی موڈ کی حد"},{"$i":"creationMode_restricted_alert","$v":"تکمیلی موڈ محدود ہے۔ آپ ایک نان کور ایم۔ایم کنٹنٹ ڈومین کی اٹیچمنٹ کو شامل نہیں کر سکتے۔"},{"$i":"creationMode_warning_title","$v":"تکمیلی موڈ کی تنبیہ"},{"$i":"creationMode_warning_alert","$v":"کیا آپ تصدیق کرتے ہیں ایک نان کور ایم۔ایم کنٹنٹ ڈومین کی اٹیچمنٹ کو شامل کرنا؟"},{"$i":"withoutDataTitle","$v":"کوئی ڈاٹا اتصال نہیں"},{"$i":"withoutDataBody","$v":"براہ کرم ایم۔ایم۔ایس بھیجنے یا ڈاؤن لوڈ کرنے کے لئے سیٹنگز میں ڈیٹا کنکشن کو فعال کریں"},{"$i":"withoutDataBtnOk","$v":"ٹھیک ہے"},{"$i":"withoutDataBtnSettings","$v":"ترتیبات"},{"$i":"FTUTitle","$v":"پیغامات میں خوش آمدید۔"},{"$i":"FTUBody","$v":"گروپ پیغامات کا استعمال کرنے کے لئے آپ کو اپنا فون نمبر فراہم کرنا ہوگا۔"},{"$i":"myNumber","$v":"میرا فون نمبر"},{"$i":"myNumber-SIM1","$v":"میرا فون نمبر - سم1"},{"$i":"myNumber-SIM2","$v":"میرا فون نمبر - سم2"},{"$i":"save-number","$v":"محفوظ کریں"},{"$i":"input-alert-show","$v":"یہ آپ کا فون نمبر ہے۔"},{"$i":"input-alert-reInput","$v":"گروپ پیغامات کا استعمال کرنے کے لئے آپ کو اپنا فون نمبر فراہم کرنا ہوگا۔"},{"$i":"multiple-recipients-flag","$v":",..."},{"$i":"parent-control-text","$v":"یہ نمبر بلاک ہے۔ آپ اپنے والدین سے اجازت مانگ سکتے ہیں۔"},{"$i":"groupNumberInputOne-placeholder","$v":"میرا فون نمبر - سم1"},{"$i":"groupNumberInputOne","$v":"میرا فون نمبر"},{"$i":"groupNumberInputTwo-placeholder","$v":"میرا فون نمبر - سم2"},{"$i":"groupNumberInputTwo","$v":"میرا فون نمبر"},{"$i":"custom-message-sent","$v":[{"t":"idOrVar","v":"name"}," کو جواب دیا"]},{"$i":"colon","$v":":"},{"$i":"sms-encoding-mode","$v":"‏Sms انکوڈنگ"},{"$i":"sms-reduced-format","$v":"کم کیا گیا فارمیٹ"},{"$i":"sms-full-format","$v":"مکمل فارمیٹ"},{"$i":"smscNormal","$v":"سروس سینٹر"},{"$i":"smscSIM1","$v":"سروس سینٹر سم1"},{"$i":"smscSIM2","$v":"سروس سینٹر سم2"},{"$i":"weekday-0-long","$v":"اتوار"},{"$i":"weekday-1-long","$v":"پیر"},{"$i":"weekday-2-long","$v":"منگل"},{"$i":"weekday-3-long","$v":"بدھ"},{"$i":"weekday-4-long","$v":"جمعرات"},{"$i":"weekday-5-long","$v":"جمعہ"},{"$i":"weekday-6-long","$v":"سنیچر"},{"$i":"weekday-0-short","$v":"اتوار"},{"$i":"weekday-1-short","$v":"پیر"},{"$i":"weekday-2-short","$v":"منگل"},{"$i":"weekday-3-short","$v":"بدھ"},{"$i":"weekday-4-short","$v":"جمعرات"},{"$i":"weekday-5-short","$v":"جمعہ"},{"$i":"weekday-6-short","$v":"ہفتہ"},{"$i":"month-0-long","$v":"جنوری"},{"$i":"month-1-long","$v":"فروری"},{"$i":"month-2-long","$v":"مارچ"},{"$i":"month-3-long","$v":"اپریل"},{"$i":"month-4-long","$v":"مئی"},{"$i":"month-5-long","$v":"جون"},{"$i":"month-6-long","$v":"جولائی"},{"$i":"month-7-long","$v":"اگست"},{"$i":"month-8-long","$v":"ستمبر"},{"$i":"month-9-long","$v":"اکتوبر"},{"$i":"month-10-long","$v":"نومبر"},{"$i":"month-11-long","$v":"دسمبر"},{"$i":"month-0-genitive","$v":"جنوری"},{"$i":"month-1-genitive","$v":"فروری"},{"$i":"month-2-genitive","$v":"مارچ"},{"$i":"month-3-genitive","$v":"اپریل"},{"$i":"month-4-genitive","$v":"مئی"},{"$i":"month-5-genitive","$v":"جون"},{"$i":"month-6-genitive","$v":"جولائی"},{"$i":"month-7-genitive","$v":"اگست"},{"$i":"month-8-genitive","$v":"ستمبر"},{"$i":"month-9-genitive","$v":"اکتوبر"},{"$i":"month-10-genitive","$v":"نومبر"},{"$i":"month-11-genitive","$v":"دسمبر"},{"$i":"month-0-short","$v":"جنوری"},{"$i":"month-1-short","$v":"فروری"},{"$i":"month-2-short","$v":"مارچ"},{"$i":"month-3-short","$v":"اپریل"},{"$i":"month-4-short","$v":"مئی"},{"$i":"month-5-short","$v":"جون"},{"$i":"month-6-short","$v":"جولائی"},{"$i":"month-7-short","$v":"اگست"},{"$i":"month-8-short","$v":"ستمبر"},{"$i":"month-9-short","$v":"اکتوبر"},{"$i":"month-10-short","$v":"نومبر"},{"$i":"month-11-short","$v":"دسمبر"},{"$i":"minutes-ago-long","$v":{"few":[{"t":"idOrVar","v":"value"}," منٹس قبل"],"many":[{"t":"idOrVar","v":"value"}," منٹس قبل"],"other":[{"t":"idOrVar","v":"value"}," منٹس قبل"],"two":[{"t":"idOrVar","v":"value"}," منٹس قبل"],"one":"ایک منٹ قبل","zero":"Just now"},"$x":[{"t":"idOrVar","v":"plural"},"value"]},{"$i":"hours-ago-long","$v":{"few":[{"t":"idOrVar","v":"value"}," گھنٹوں قبل"],"many":[{"t":"idOrVar","v":"value"}," گھنٹوں قبل"],"other":[{"t":"idOrVar","v":"value"}," گھنٹوں قبل"],"two":[{"t":"idOrVar","v":"value"}," گھنٹوں قبل"],"one":"ایک گھنٹہ قبل","zero":"Just now"},"$x":[{"t":"idOrVar","v":"plural"},"value"]},{"$i":"days-ago-long","$v":{"few":[{"t":"idOrVar","v":"value"}," دن قبل"],"many":[{"t":"idOrVar","v":"value"}," دن قبل"],"one":"گزشتہ کل","other":[{"t":"idOrVar","v":"value"}," دن قبل"],"two":[{"t":"idOrVar","v":"value"}," دن قبل"],"zero":"آج"},"$x":[{"t":"idOrVar","v":"plural"},"value"]},{"$i":"weeks-ago-long","$v":{"few":[{"t":"idOrVar","v":"value"}," ہفتے قبل"],"many":[{"t":"idOrVar","v":"value"}," ہفتے قبل"],"one":"آخری ہفتہ","other":[{"t":"idOrVar","v":"value"}," ہفتے قبل"],"two":[{"t":"idOrVar","v":"value"}," ہفتے قبل"],"zero":"اس ہفتہ"},"$x":[{"t":"idOrVar","v":"plural"},"value"]},{"$i":"months-ago-long","$v":{"few":[{"t":"idOrVar","v":"value"}," مہینہ قبل"],"many":[{"t":"idOrVar","v":"value"}," مہینہ قبل"],"one":"آخری مہینہ","other":[{"t":"idOrVar","v":"value"}," مہینہ قبل"],"two":[{"t":"idOrVar","v":"value"}," مہینہ قبل"],"zero":"اس ماہ"},"$x":[{"t":"idOrVar","v":"plural"},"value"]},{"$i":"years-ago-long","$v":{"few":[{"t":"idOrVar","v":"value"}," سال قبل"],"many":[{"t":"idOrVar","v":"value"}," سال قبل"],"one":"آخری سال","other":[{"t":"idOrVar","v":"value"}," سال قبل"],"two":[{"t":"idOrVar","v":"value"}," سال قبل"],"zero":"اس سال"},"$x":[{"t":"idOrVar","v":"plural"},"value"]},{"$i":"minutes-until-long","$v":{"few":[{"t":"idOrVar","v":"value"}," منٹوں میں"],"many":[{"t":"idOrVar","v":"value"}," منٹوں میں"],"other":[{"t":"idOrVar","v":"value"}," منٹوں میں"],"two":[{"t":"idOrVar","v":"value"}," منٹوں میں"],"zero":"ابھی","one":"ایک منٹ میں"},"$x":[{"t":"idOrVar","v":"plural"},"value"]},{"$i":"hours-until-long","$v":{"few":[{"t":"idOrVar","v":"value"}," گھنٹوں میں"],"many":[{"t":"idOrVar","v":"value"}," گھنٹوں میں"],"other":[{"t":"idOrVar","v":"value"}," گھنٹوں میں"],"two":[{"t":"idOrVar","v":"value"}," گھنٹوں میں"],"zero":"ابھی","one":"ایک گھٹے میں"},"$x":[{"t":"idOrVar","v":"plural"},"value"]},{"$i":"days-until-long","$v":{"few":[{"t":"idOrVar","v":"value"}," دنوں میں"],"many":[{"t":"idOrVar","v":"value"}," دنوں میں"],"one":"tomorrow","other":[{"t":"idOrVar","v":"value"}," دنوں میں"],"two":[{"t":"idOrVar","v":"value"}," دنوں میں"],"zero":"آج"},"$x":[{"t":"idOrVar","v":"plural"},"value"]},{"$i":"weeks-until-long","$v":{"few":[{"t":"idOrVar","v":"value"}," ہفتوں میں"],"many":[{"t":"idOrVar","v":"value"}," ہفتوں میں"],"one":"اگلے ہفتے","other":[{"t":"idOrVar","v":"value"}," ہفتوں میں"],"two":[{"t":"idOrVar","v":"value"}," ہفتوں میں"],"zero":"اس ہفتہ"},"$x":[{"t":"idOrVar","v":"plural"},"value"]},{"$i":"months-until-long","$v":{"few":[{"t":"idOrVar","v":"value"}," مہینوں میں"],"many":[{"t":"idOrVar","v":"value"}," مہینوں میں"],"one":"اگلے ماہ","other":[{"t":"idOrVar","v":"value"}," مہینوں میں"],"two":[{"t":"idOrVar","v":"value"}," مہینوں میں"],"zero":"اس ماہ"},"$x":[{"t":"idOrVar","v":"plural"},"value"]},{"$i":"years-until-long","$v":{"few":[{"t":"idOrVar","v":"value"}," سالوں میں"],"many":[{"t":"idOrVar","v":"value"}," سالوں میں"],"one":"اگلے سال","other":[{"t":"idOrVar","v":"value"}," سالوں میں"],"two":[{"t":"idOrVar","v":"value"}," سالوں میں"],"zero":"اس سال"},"$x":[{"t":"idOrVar","v":"plural"},"value"]},{"$i":"minutes-ago-short","$v":{"other":[{"t":"idOrVar","v":"value"}," منٹ قبل"],"zero":"Just now"},"$x":[{"t":"idOrVar","v":"plural"},"value"]},{"$i":"hours-ago-short","$v":{"other":[{"t":"idOrVar","v":"value"}," گھنٹہ قبل"],"zero":"Just now"},"$x":[{"t":"idOrVar","v":"plural"},"value"]},{"$i":"days-ago-short","$v":{"other":[{"t":"idOrVar","v":"value"}," دن قبل"],"zero":"آج"},"$x":[{"t":"idOrVar","v":"plural"},"value"]},{"$i":"minutes-until-short","$v":{"other":[{"t":"idOrVar","v":"value"}," منٹ میں"],"zero":"ابھی"},"$x":[{"t":"idOrVar","v":"plural"},"value"]},{"$i":"hours-until-short","$v":{"other":[{"t":"idOrVar","v":"value"}," گھنٹے میں"],"zero":"ابھی"},"$x":[{"t":"idOrVar","v":"plural"},"value"]},{"$i":"days-until-short","$v":{"other":[{"t":"idOrVar","v":"value"}," دن میں"],"zero":"آج"},"$x":[{"t":"idOrVar","v":"plural"},"value"]},{"$i":"dateTimeFormat_%c","$v":"%a %b %e %Y %I:%M:%S %p"},{"$i":"dateTimeFormat_%x","$v":"%m/%d/%Y"},{"$i":"dateTimeFormat_%X","$v":"%I:%M:%S %p"},{"$i":"shortTimeFormat","$v":"%I:%M %p"},{"$i":"shortTimeFormat12","$v":"%I:%M %p"},{"$i":"shortTimeFormat24","$v":"%H:%M"},{"$i":"shortDateTimeFormat","$v":"%x %I:%M %p"},{"$i":"weekStartsOnMonday","$v":"0.0"},{"$i":"firstDayOfTheWeek","$v":"0.0"},{"$i":"time_am","$v":"AM"},{"$i":"time_pm","$v":"PM"},{"$i":"softkey-options","$v":"اختیارات"},{"$i":"emergencyNumber","$v":"ہنگامی نمبر"},{"$i":"callAirplaneModeMessage","$v":"کال کرنے کیلئے آپ کو سیٹنگز میں ہوائی جہاز موڈ غیر فعال کرنے کی ضرورت ہوگی۔"},{"$i":"callAirplaneModeBtnOk","$v":"ٹھیک ہے"},{"$i":"callAirplaneModeTitle","$v":"ایئر پلین موڈ فعال شدہ"},{"$i":"numberIsBusyTitle","$v":"نمبر مصروف ہے"},{"$i":"numberIsBusyMessage","$v":"نمبر فی الحال مصروف ہے۔ براہ کرم بعد ازاں دوبارہ کوشش کریں۔"},{"$i":"fdnIsActiveTitle","$v":"FDN فعال"},{"$i":"fdnIsActiveMessage","$v":["FDN (فکسڈ ڈائلنگ نمبرز) فعال شدہ ہے اور مندرجہ ذیل نمبر آپ کی FDN فہرست میں نہیں ہے: ",{"t":"idOrVar","v":"number"}]},{"$i":"emergencyDialogBodyBadNumber","$v":"کال کرنے کیلئے، فون کو نیٹ ورک سے جڑا ہونا ضروری ہے۔"},{"$i":"emergencyDialogBodyDeviceNotAccepted","$v":"ہنگامی کالز نیٹ ورک کے ذریعے اجازت یافتہ نہیں ہے۔"},{"$i":"emergencyDialogBtnOk","$v":"ٹھیک ہے"},{"$i":"emergencyDialogTitle","$v":"کوئی نیٹ ورک کنکشن نہیں"},{"$i":"invalidNumberToDialTitle","$v":"غیر مجاز فون نمبر"},{"$i":"invalidNumberToDialMessage","$v":"آپ جس نمبر پر کال کررہے ہیں وہ غلط ہے۔"},{"$i":"unableToCallTitle","$v":"کال نہیں کیا جاسکتا"},{"$i":"unableToCallMessage","$v":"ابھی فون کال کرنے سے قاصر۔"},{"$i":"otherConnectionInUseTitle","$v":"دوسرا کنیکشن زیر استعمال ہے"},{"$i":"otherConnectionInUseMessage","$v":"دیگر کنیکشن پر آپ کا کوئی فعال کال ہے۔ آپ ایک وقت میں صرف ایک کنیکشن استعمال کر سکتے ہیں۔"},{"$i":"connectingEllipsis","$v":"مربوط کیا جا رہا ہے..."}]