[{"$i":"messages","$v":"Imiyalezo"},{"$i":"deleteMessages-title","$v":"Khetha"},{"$i":"selectThreads-title","$v":"Khetha"},{"$i":"edit","$v":"Hlela"},{"$i":"back","$v":"Emva"},{"$i":"cancel","$v":"Rhoxisa"},{"$i":"delete","$v":"Cima"},{"$i":"deleting-messages","$v":"Iyacima..."},{"$i":"deselect","$v":"Yekisa ukhetho"},{"$i":"selected-threads","$v":{"few":[{"t":"idOrVar","v":"n"}," Ezikhethiweyo"],"many":[{"t":"idOrVar","v":"n"}," Ezikhethiweyo"],"one":[{"t":"idOrVar","v":"n"}," Ezikhethiweyo"],"other":[{"t":"idOrVar","v":"n"}," Ezikhethiweyo"],"two":[{"t":"idOrVar","v":"n"}," Ezikhethiweyo"],"zero":"0 Ezikhethiweyo"},"$x":[{"t":"idOrVar","v":"plural"},"n"]},{"$i":"selected-messages","$v":{"few":[{"t":"idOrVar","v":"n"}," Ezikhethiweyo"],"many":[{"t":"idOrVar","v":"n"}," Ezikhethiweyo"],"one":[{"t":"idOrVar","v":"n"}," Ezikhethiweyo"],"other":[{"t":"idOrVar","v":"n"}," Ezikhethiweyo"],"two":[{"t":"idOrVar","v":"n"}," Ezikhethiweyo"],"zero":"0 Ezikhethiweyo"},"$x":[{"t":"idOrVar","v":"plural"},"n"]},{"$i":"selectThreads-label","$v":"Khetha Imizila"},{"$i":"selectMessages-label","$v":"Khetha imiyalezo"},{"$i":"new-message","$v":"Entsha"},{"$i":"delete-thread","$v":"Cima umzila"},{"$i":"create-new-contact","$v":"Yila umqhagamshelwa omtsha"},{"$i":"add-to-contact","$v":"Yongeza kuqhagamshelwa osele ekhona"},{"$i":"select-thread","$v":"Khetha umzila"},{"$i":"settings","$v":"Iisetingi"},{"$i":"select-all","$v":"Zonke"},{"$i":"deselect-all","$v":"Akukho nto"},{"$i":"select","$v":"Khetha"},{"$i":"sk-save-as-draft","$v":"Yigcine njengedrafti"},{"$i":"next","$v":"Okulandelayo"},{"$i":"send","$v":"Thumela"},{"$i":"add-contact","$v":"Yongeza"},{"$i":"add-suggestion","$v":"Khetha"},{"$i":"add-subject","$v":"Yongeza Umntu"},{"$i":"remove-subject","$v":"Susa umba"},{"$i":"add-attachment","$v":"Yongeza eqhotyoshelwayo"},{"$i":"remove-attachment","$v":"Susa isiqhotyoshelwa"},{"$i":"replace-attachment","$v":"Thathel’ indawo Okuqhotyoshelweyo"},{"$i":"select-messages","$v":"Khetha imiyalezo"},{"$i":"call","$v":"Umnxeba"},{"$i":"forward","$v":"Dlulisela"},{"$i":"view-message-report","$v":"Jonga iinkcukacha zomyalezo"},{"$i":"cancel-view-report","$v":"Rhoxisa"},{"$i":"ok","$v":"Kulungile"},{"$i":"enter","$v":"Faka"},{"$i":"open","$v":"Vula"},{"$i":"to","$v":"Ukuya"},{"$i":"new","$v":"Entsha"},{"$i":"message","$v":"Umyalezo"},{"$i":"messagesInput_placeholder","$v":"Umyalezo"},{"$i":"messagesSubjectInput_placeholder","$v":"Umba"},{"$i":"subjectComposerInput_placeholder","$v":"Subject"},{"$i":"converted-to-mms","$v":"Ukuguqukela kumyalezo wemalthimidiya."},{"$i":"converted-to-sms","$v":"Ukuguqukela kumyalezo obhalwayo."},{"$i":"messages-max-length-text","$v":"Ubufikelele obona bude buphezulu."},{"$i":"messages-max-subject-length-text","$v":"Obona bude buphezulu bomba ofikelelweyo."},{"$i":"multimedia-message-exceeded-max-length","$v":["Lo myalezo uyawudlula umda wesayizi oyi- ",{"t":"idOrVar","v":"mmsSize"}," MB womyalezo wemalthimidiya omnye."]},{"$i":"newMessage","$v":"UMyalezo omtsha"},{"$i":"sendMessage","$v":"Thumela umyalezo"},{"$i":"sendMMSToEmail","$v":"Thumela umyalezo wemalthimidiya"},{"$i":"no-recipient","$v":"(Akukho mqhagamshelwa)"},{"$i":"recipient","$v":{"few":[{"t":"idOrVar","v":"n"}," abaqhagamshelwa"],"many":[{"t":"idOrVar","v":"n"}," abaqhagamshelwa"],"one":[{"t":"idOrVar","v":"n"}," umqhagamshelwa"],"other":[{"t":"idOrVar","v":"n"}," abaqhagamshelwa"],"two":[{"t":"idOrVar","v":"n"}," abaqhagamshelwa"]},"$x":[{"t":"idOrVar","v":"plural"},"n"]},{"$i":"attachmentSizeB","$v":[{"t":"idOrVar","v":"n"}," B"]},{"$i":"attachmentSizeKB","$v":[{"t":"idOrVar","v":"n"}," KB"]},{"$i":"attachmentSizeMB","$v":[{"t":"idOrVar","v":"n"}," MB"]},{"$i":"attachmentOpenError","$v":"Akukho aphu ikhoyo yokuvula olu hlobo lwefayile."},{"$i":"attachmentNotFile","$v":"Le fayile ayifunyanwanga."},{"$i":"remove","$v":"Shenxisa"},{"$i":"participant","$v":{"few":[{"t":"idOrVar","v":"n"}," abathathi nxaxheba"],"many":[{"t":"idOrVar","v":"n"}," abathathi nxaxheba"],"one":[{"t":"idOrVar","v":"n"}," umthathi nxaxheba"],"other":[{"t":"idOrVar","v":"n"}," abathathi nxaxheba"],"two":[{"t":"idOrVar","v":"n"}," abathathi nxaxheba"]},"$x":[{"t":"idOrVar","v":"plural"},"n"]},{"$i":"message-report","$v":"Ingxelo yomyalezo"},{"$i":"message-type-sms","$v":"Umyalezo Obhaliweyo (SMS)"},{"$i":"message-type-mms","$v":"Umyalezo Wemalthimidiya (MMS)"},{"$i":"sms-report-description","$v":["IText Message (SMS) yakho, ithunyelwe ku ",{"t":"idOrVar","v":"datetime"}]},{"$i":"mms-report-description","$v":["Isihloko seMultimedia Message (MMS), ",{"t":"idOrVar","v":"subject"},", sithunyelwe ku ",{"t":"idOrVar","v":"datetime"}]},{"$i":"mms-no-subject-report-description","$v":["IMultimedia Message (MMS) yakho, ithunyelwe ku ",{"t":"idOrVar","v":"datetime"}]},{"$i":"message-subject","$v":"Umba:"},{"$i":"report-status-error","$v":"Umyalezo awukwazanga kuthunyelwa"},{"$i":"report-status-not-downloaded","$v":"ayidawnlowudwanga"},{"$i":"report-status-delivered","$v":"Ifikile:"},{"$i":"report-status-read","$v":"Funda:"},{"$i":"report-status-pending","$v":"Ingxelo iceliwe"},{"$i":"report-status-rejected","$v":"Umyalezo ukhatyiwe"},{"$i":"message-size-was","$v":"Isayizi yoMyalezo:"},{"$i":"report-to-title","$v":"Ukuya"},{"$i":"report-from-title","$v":"Ukusuka"},{"$i":"message-sent","$v":"Ithunyelwe:"},{"$i":"message-sending","$v":[{"t":"idOrVar","v":"message-delivery-status-sending"}]},{"$i":"message-received","$v":"Ezifunyenweyo:"},{"$i":"message-via","$v":"Ngokusuka:"},{"$i":"message-resend","$v":"Phinda uthumele"},{"$i":"search","$v":"Khangela"},{"$i":"unknown-contact-title","$v":"Umqhagamshelwa Akaziwa"},{"$i":"phone-type-separator","$v":", "},{"$i":"phone-carrier-separator","$v":" "},{"$i":"thread-participant-separator","$v":", "},{"$i":"replace-draft","$v":"Thathel’ indawo Idrafti ekhoyo"},{"$i":"save-as-draft","$v":"Gcina"},{"$i":"discard-message","$v":"Yilahle"},{"$i":"discard-sms","$v":"Ngaba uqinisekile uyafuna ukuwulahla lo myalezo?"},{"$i":"discard-new-message","$v":"Iwulahle lo myalezo uwubhalayo ize ivule umyalezo omtsha?"},{"$i":"resend-confirmation","$v":"Umyalezo awukwazanga kuthunyelwa Izame kwakhona?"},{"$i":"resend-message","$v":"Phinda uthummele lo myalezo"},{"$i":"deleteMessage-confirmation","$v":"Ucinywe lo myalezo ukhethiweyo?"},{"$i":"deleteMessages-confirmation","$v":"Icinywe le miyalezo ikhethiweyo?"},{"$i":"deleteThreads-confirmation2","$v":{"one":"Ucinywe lo mzila womyalezo ukhethiweyo?","other":"Icinywe le mizila yemiyalezo ikhethiweyo?"},"$x":[{"t":"idOrVar","v":"plural"},"n"]},{"$i":"new-message-notice-text","$v":"UMyalezo omtsha osuka"},{"$i":"new-message-notice-a-text","$v":"Yifunde"},{"$i":"noMessages-title","$v":"Ayikho imiyalezo"},{"$i":"noMessages-text","$v":"Cofa Omtsha ukuze uqale unxibelelwano."},{"$i":"sendDefaultErrorTitle","$v":"Ukuthumela Okusileleyo"},{"$i":"sendDefaultErrorBody","$v":"Kuye kwakho ingxaki ekuthunyelweni komyalezo. Nceda uphinde uzame."},{"$i":"sendDefaultErrorBtnOk","$v":"Kulungile"},{"$i":"sendMissingSimCardTitle","$v":"Ukuthumela Okusileleyo"},{"$i":"sendMissingSimCardBody","$v":"Faka i-SIM khadi esebenzayo ukuze uqhubeke."},{"$i":"sendMissingSimCardBtnOk","$v":"Kulungile"},{"$i":"sendFlightModeTitle","$v":"Ukuthumela Okusileleyo"},{"$i":"sendFlightModeBody","$v":"Cima imowudi yenqwelo-moya ukuze uthumele imiyalezo."},{"$i":"sendFlightModeBtnOk","$v":"Kulungile"},{"$i":"radioDisabledToDownloadTitle","$v":"Ayikwazanga ukungena"},{"$i":"radioDisabledToDownloadBody","$v":"Cima imowudi yenqwelo-moya ukuze udawnlowude eziqhotyoshelweyo."},{"$i":"radioDisabledToDownloadBtnOk","$v":[{"t":"idOrVar","v":"sendFlightModeBtnOk"}]},{"$i":"downloadDefaultErrorTitle","$v":"Ayingenaga"},{"$i":"downloadDefaultErrorBody","$v":"Bekukho ingxaki ekufakeni lo myalezo. Sicela uphinde uzame"},{"$i":"downloadDefaultErrorBtnOk","$v":[{"t":"idOrVar","v":"sendDefaultErrorBtnOk"}]},{"$i":"fdnErrorTitle","$v":"Ukuthumela Okusileleyo"},{"$i":"needConnectWifiBody","$v":["Inethiwekhi yeselula ayikho. Xhuma kwinethiwekhi ekhoyo ",{"t":"idOrVar","v":"Wi-Fi"},"  ukuze uthumele imiyalezo."]},{"$i":"needConnectWifiTitle","$v":"Umyalezo awuthunyelwanga"},{"$i":"mmsChanelUsedBody","$v":"Kukho ukuthunyelwa kwe-MMS yisabhu engeyo DDS, nceda ulindele inkqubo yokuba ukuthunyelwa kugqityiwe."},{"$i":"mmsChanelUsedTitle","$v":"i-MMS Chanel Esetyenzisiweyo"},{"$i":"sms-counter-notice-label","$v":["Ukuhlela i-SMS ",{"t":"idOrVar","v":"number"}]},{"$i":"fdnErrorBody","$v":{"few":"i-FDN (Fixed Dialing Numbers) ivulelwe. Qiniseka ukuba iziko le-SMS kunye naba baqhagamshelwa balandelayo bakuluhlu lwakho lwe-FDN.","many":"i-FDN (Fixed Dialing Numbers) ivulelwe. Qiniseka ukuba iziko le-SMS kunye naba baqhagamshelwa balandelayo bakuluhlu lwakho lwe-FDN.","one":"i-FDN (Fixed Dialing Numbers) ivulelwe. Qiniseka ukuba iziko le-SMS kunye nalo mqhagamshelwa ulandelayo bakuluhlu lwakho lwe-FDN.","other":"i-FDN (Fixed Dialing Numbers) ivulelwe. Qiniseka ukuba iziko le-SMS kunye naba baqhagamshelwa balandelayo bakuluhlu lwakho lwe-FDN.","two":"i-FDN (Fixed Dialing Numbers) ivulelwe. Qiniseka ukuba iziko le-SMS kunye naba baqhagamshelwa balandelayo bakuluhlu lwakho lwe-FDN."},"$x":[{"t":"idOrVar","v":"plural"},"n"]},{"$i":"fdnErrorBtnOk","$v":"Kulungile"},{"$i":"sendNoSignalErrorTitle","$v":"Ukuthumela Okusileleyo"},{"$i":"sendNoSignalErrorBody","$v":"Akukho signali yemobhayile, nceda uzame kwakhona."},{"$i":"sendNoSignalErrorBtnOk","$v":"Kulungile"},{"$i":"sendNotFoundErrorTitle","$v":"Ukuthumela Okusileleyo"},{"$i":"sendNotFoundErrorBody","$v":"Lo myalezo uwukhangelayo awusekho."},{"$i":"sendNotFoundErrorBtnOk","$v":"Kulungile"},{"$i":"sendInvalidAddressErrorTitle","$v":"Ukuthumela Okusileleyo"},{"$i":"sendInvalidAddressErrorBody","$v":"Qiniseka ukuba inombolo yemobhayili othumela kuyo ichanile"},{"$i":"sendInvalidAddressErrorBtnOk","$v":"Kulungile"},{"$i":"simNotMatchedErrorTitle","$v":"Ayikwazi ukudawnlowuda"},{"$i":"simNotMatchedErrorBody","$v":"Nceda uqinisekise ukuba iSIM khadi efakiweyo yileyo esetyenziselwe ukufumana lo myalezo."},{"$i":"simNotMatchedErrorBtnOk","$v":"Kulungile"},{"$i":"netWorkErrorTitle","$v":"Ukukho netwekhi"},{"$i":"netWorkErrorBody","$v":"Impazamo yenethiwekhi. Nceda ujonge uqhagamshelwano lwakho lwenethiwekhi."},{"$i":"netWorkErrorBtnOk","$v":"Kulungile"},{"$i":"deleted-sms","$v":"Lo myalezo sele ucinyiwe."},{"$i":"view-attachment-image","$v":"Khangela"},{"$i":"view-attachment-audio","$v":"Mamela"},{"$i":"view-attachment-video","$v":"Khangela"},{"$i":"view-attachment-other","$v":"Khangela"},{"$i":"remove-attachment-image","$v":"Susa umfanekiso"},{"$i":"remove-attachment-audio","$v":"Susa Iodiyo"},{"$i":"remove-attachment-video","$v":"Susa ividiyo"},{"$i":"remove-attachment-other","$v":"Susa isiqhotyoshelwa"},{"$i":"replace-attachment-image","$v":"Thathel’ indawo umfanekiso"},{"$i":"replace-attachment-audio","$v":"Thathel’ indawo iodiyo"},{"$i":"replace-attachment-video","$v":"Thathel’ indawo ividiyo"},{"$i":"replace-attachment-other","$v":"Thathel’ indawo Okuqhotyoshelweyo"},{"$i":"unsent-message-title","$v":"UmYalezo ongaThumelekanga"},{"$i":"unsent-message-description","$v":"Umyalezo wakho wangaphambili awukhange uthunyelwe. Ngaba uyafuna ukulungisa umyalezo ongathunyelwanga okanye uwulahle uze uqhubeke?"},{"$i":"unsent-message-option-edit","$v":"Hlela"},{"$i":"unsent-message-option-discard","$v":"Yilahle"},{"$i":"message-options","$v":"Ukhetho lomyalezo"},{"$i":"select-text","$v":"Khetha iteksti"},{"$i":"mobile","$v":"Imobhayile"},{"$i":"home","$v":"Ekhaya"},{"$i":"work","$v":"Emsebenzini"},{"$i":"personal","$v":"Eyobuqu"},{"$i":"faxHome","$v":"Ifeksi yasekhaya"},{"$i":"faxOffice","$v":"Ifeksi yaseofisi"},{"$i":"faxOther","$v":"Ifeksi enye"},{"$i":"another","$v":"Olunye"},{"$i":"other","$v":"Ezinye"},{"$i":"today","$v":"Namhlanje"},{"$i":"yesterday","$v":"Izolo"},{"$i":"incorrectDate","$v":"(umhla awuchananga)"},{"$i":"addToExistingContact","$v":"Yongeza kuqhagamshelwa osele ekhona"},{"$i":"createNewContact","$v":"Yila umqhagamshelwa omtsha"},{"$i":"viewContact","$v":"Khangela umqhagamshelwa"},{"$i":"sendEmail","$v":"Thumela I-imeyile"},{"$i":"mms-message","$v":"Umyalezo ye-MMS"},{"$i":"notDownloaded-title","$v":"Umyalezo awukadawnlowudwa."},{"$i":"tobedownloaded-attachment","$v":["Ufumene umyalezo wemultimedia, cofa uDawnlowuda ukuze ukhuphe isiqulatho sawo kuqala ",{"t":"idOrVar","v":"date"},"."]},{"$i":"expired-attachment","$v":["Kuxolo, umyalezo uphelelwe ngomhla ka ",{"t":"idOrVar","v":"date"}," ibe awukwazi kudawnlowudwa."]},{"$i":"download-attachment","$v":"Dawnlowuda"},{"$i":"downloading-attachment","$v":"Iyadawnlowuda..."},{"$i":"download-complete","$v":"Ukudawnlowuda kugqibile"},{"$i":"unnamed-attachment","$v":"ayithiywanga"},{"$i":"mms-label","$v":"MMS"},{"$i":"not-download-label","$v":"Ufumene umyalezo onemidiya, wudawunlowude ngaphambi."},{"$i":"attachment-label","$v":"Eqhotyoshelweyo"},{"$i":"attached-files-too-large","$v":{"few":["Le miyalezo uyawudlula umda wesayizi oyi- ",{"t":"idOrVar","v":"mmsSize"}," MB womyalezo wemalthimidiya omnye."],"many":["Le miyalezo uyawudlula umda wesayizi oyi- ",{"t":"idOrVar","v":"mmsSize"}," MB womyalezo wemalthimidiya omnye."],"one":["Lo myalezo uyawudlula umda wesayizi oyi- ",{"t":"idOrVar","v":"mmsSize"}," MB womyalezo wemalthimidiya omnye."],"other":["Le miyalezo uyawudlula umda wesayizi oyi- ",{"t":"idOrVar","v":"mmsSize"}," MB womyalezo wemalthimidiya omnye."],"two":["Le miyalezo uyawudlula umda wesayizi oyi- ",{"t":"idOrVar","v":"mmsSize"}," MB womyalezo wemalthimidiya omnye."],"zero":["Le miyalezo uyawudlula umda wesayizi oyi- ",{"t":"idOrVar","v":"mmsSize"}," MB womyalezo wemalthimidiya omnye."]},"$x":[{"t":"idOrVar","v":"plural"},"n"]},{"$i":"resize-image","$v":"Ukusayiza kwakhona umfanekiso oqhotyoshelweyo"},{"$i":"no-attachment-text","$v":"Kukho ingxaki nefayile eqhotyoshelweyo yaye ayikwazi kudawnlowudeka."},{"$i":"message-draft-saved","$v":"Umyalezo ugcinwe njengedrafti"},{"$i":"sim-id-label","$v":["i-SIM ",{"t":"idOrVar","v":"id"}]},{"$i":"sim-detail","$v":["i-SIM ",{"t":"idOrVar","v":"id"},", ",{"t":"idOrVar","v":"detailString"}]},{"$i":"dsds-notification-title-with-sim","$v":["(",{"t":"idOrVar","v":"sim"},") ",{"t":"idOrVar","v":"sender"}]},{"$i":"send-button","ariaLabel":"Thumela"},{"$i":"send-button-sim-indication","$v":[{"t":"idOrVar","v":"n"}],"ariaLabel":["ukusebenzisa i-SIM ",{"t":"idOrVar","v":"n"}]},{"$i":"expiry-date-format","$v":"%A, %b %e"},{"$i":"attach-button","ariaLabel":"Yongeza eqhotyoshelwayo"},{"$i":"contact-photo","ariaLabel":"Ifoto yomqhagamshelwa"},{"$i":"unread-thread","ariaLabel":"Azikafundwa"},{"$i":"has-draft","ariaLabel":"Inedrafti"},{"$i":"is-draft","ariaLabel":"Idrafti"},{"$i":"message-delivery-status-sending","$v":"Iyathumela..."},{"$i":"message-delivery-status-delivered","$v":"Ifikile"},{"$i":"message-delivery-status-read","ariaLabel":"Funda"},{"$i":"message-delivery-status-error","ariaLabel":"Impazamo"},{"$i":"modal-dialog-ok-button","$v":"Kulungile"},{"$i":"modal-dialog-cancel-button","$v":"Rhoxisa"},{"$i":"modal-dialog-default-title","$v":"Imiyalezo"},{"$i":"delete-message","$v":"Umyalezo ucinyiwe"},{"$i":"message-converted-to-toast","$v":["Umyalezo utshintshelwe kwi ",{"t":"idOrVar","v":"type"}]},{"$i":"message-sent-toast","$v":"Umyalezo uthunyelwe"},{"$i":"deleteMessage-confirmation2","$v":"Ucinywe lo mzila womyalezo ukhethiweyo?"},{"$i":"deleted-message","$v":{"few":[{"t":"idOrVar","v":"n"}," imiyalezo icinyiwe"],"many":[{"t":"idOrVar","v":"n"}," imiyalezo icinyiwe"],"one":[{"t":"idOrVar","v":"n"}," umyalezo ucinyiwe"],"other":[{"t":"idOrVar","v":"n"}," imiyalezo icinyiwe"],"two":[{"t":"idOrVar","v":"n"}," imiyalezo icinyiwe"],"zero":"0 umyalezo ocinyiweyo"},"$x":[{"t":"idOrVar","v":"plural"},"n"]},{"$i":"deleted-threads","$v":{"few":[{"t":"idOrVar","v":"n"}," imizila yomyalezo icinyiwe"],"many":[{"t":"idOrVar","v":"n"}," imizila yomyalezo icinyiwe"],"one":"Umzila ucinyiwe","other":[{"t":"idOrVar","v":"n"}," imizila yomyalezo icinyiwe"],"two":[{"t":"idOrVar","v":"n"}," imizila yomyalezo icinyiwe"],"zero":"0 Umzila ocinyiweyo"},"$x":[{"t":"idOrVar","v":"plural"},"n"]},{"$i":"wapPushMessages","$v":"Imiyalezo yoTyhalo lwe-WAP"},{"$i":"auto-retrieve-messages","$v":"Ukubuyiselwa kwemiyalezo okuzenzekelayo"},{"$i":"auto-retrieve-messages-title","$v":"Ukubuyiselwa kwemiyalezo okuzenzekelayo"},{"$i":"auto-roaming-retrieve","$v":"Layita kunye nokhangelo"},{"$i":"auto-no-roaming-retrieve","$v":"Layita ngaphandle kokhangelo"},{"$i":"mmsTitle","$v":"Ukuthumela umyalezo Wemalthimidiya (MMS)"},{"$i":"message-delivery-reports","$v":"Ingxelo yokuhanjiswa"},{"$i":"message-delivery-reports-title","$v":"Ingxelo Yokuhanjiswa"},{"$i":"messageReport-title","$v":"Iinkcukacha zoMyalezo"},{"$i":"sms-label","$v":"i-SMS"},{"$i":"messaging-settings","$v":"IiSetingi zeMiyalezo"},{"$i":"messagingSettings-header","$v":[{"t":"idOrVar","v":"messaging-settings"}]},{"$i":"confirmation-title","$v":"IsiQinisekiso"},{"$i":"draft-save-content","$v":"Womgiwe lo myalezo ungagqibekanga?"},{"$i":"draft-discard-content","$v":"Umyalezo ulahliwe"},{"$i":"switch-on","$v":"Layitile"},{"$i":"switch-off","$v":"Cimile"},{"$i":"auto-retrieve-desc","$v":"Buyisela imiyalezo ngokuzenzekelayo"},{"$i":"confirm-dialog-ok","$v":"Kulungile"},{"$i":"yes","$v":"Ewe"},{"$i":"no","$v":"Hayi"},{"$i":"delete-current-thread?","$v":"Ucinywe lo mzila womyalezo ukhethiweyo?"},{"$i":"attention","$v":"Nikela ingqalelo"},{"$i":"delivery-title","$v":"Ukubhala Umyalezo (SMS)"},{"$i":"send-failed","$v":"Ukuthumela kusilele."},{"$i":"subject-removed","$v":"Umba ususiwe."},{"$i":"data-storage-limit-alert-title","$v":"Umnxeba ugcwele"},{"$i":"data-storage-limit-send-body","$v":"Unable to send MMS. Delete messages or go to Settings to free up space."},{"$i":"data-storage-limit-download-body","$v":"Unable to download MMS. Delete messages or go to Settings to free up space."},{"$i":"data-storage-limit-attachment-body","$v":"Ayikwazi ukufaka into encanyathiselwayo. Cima umyalezo okanye yiya kwiiSetingi ukuze wenze kubekho indawo."},{"$i":"data-storage-limit-alert-cancel","$v":"Rhoxisa"},{"$i":"data-storage-limit-alert-setting","$v":"Iisetingi"},{"$i":"recipient-repeat","$v":"Umqhagamshelwa ophindiweyo."},{"$i":"email","$v":"I-imeyile"},{"$i":"options","$v":"Ukhetho"},{"$i":"emergency-alert-title","$v":"Izilumkiso zeWayalesi Yongxamiseko"},{"$i":"emergency-alert","$v":"Umyalezo wesilumnkiso"},{"$i":"wappushNormal","$v":"Utyhalo lwe-Wap"},{"$i":"wappushSIM1","$v":"Utyhalo lwe-WAP - SIM 1"},{"$i":"wappushSIM2","$v":"Utyhalo lwe-WAP - SIM 2"},{"$i":"not-assigned","$v":"Ayabelwanga"},{"$i":"switchSIMDataSendAlertTitle","$v":"i-MMS isilele ukuthunyelwa."},{"$i":"switchSIMDataSendAlertBody","$v":"Ukuze uthumele iMMS, kufuneka utshintshe iSIM."},{"$i":"switchSIMDataSendAlertDesc","$v":"Hiya kwindawo yokulolonga iApp ukuze utshintshe izinto"},{"$i":"switchSIMDataReceiveAlertTitle","$v":"i-MMS isilele ukufunyanwa."},{"$i":"switchSIMDataReceiveAlertBody","$v":"Ukuze uthumele iMMS, kufuneka utshintshe iSIM."},{"$i":"switchSIMDataReceiveAlertDesc","$v":"Hiya kwindawo yokulolonga iApp ukuze utshintshe izinto"},{"$i":"group-message","$v":"Umyalezo weqembu"},{"$i":"individual-message","$v":"Umyalezo omnye"},{"$i":"group-message-alert-title","$v":"Umyalezo weqembu"},{"$i":"group-message-alert-body","$v":"Ufuna ukubhalela iqembu umyalezo? (Lo Muskegon Assiniboine uzakuthunyelwa ngeSMS Kanye neMMS kwaye izakubiza"},{"$i":"group-message-individual","$v":"Hayi"},{"$i":"group-message-setting","$v":"Yila"},{"$i":"new-message-individual","$v":"Umyalezo omtsha oya emntwini omnye"},{"$i":"new-message-group","$v":"Umyalezo omtsha oya kwisininzi"},{"$i":"device-phone-number","$v":"Amanani am omnxeba"},{"$i":"group-message-phone","$v":"Imiyalezo yeqembu"},{"$i":"my-phone-number-SIM1","$v":"Inombolo yam yefowuni - SIM 1"},{"$i":"my-phone-number-SIM2","$v":"Inombolo yam yefowuni - SIM 2"},{"$i":"delivery-notification","$v":"Umyalezo uthunyelwe"},{"$i":"wait","$v":"linda"},{"$i":"isTextTooLongAlert","$v":"Message max length exceeded."},{"$i":"video-call","$v":"Umnxeba wevidiyo"},{"$i":"normal-call","$v":"Umnxeba"},{"$i":"attachment","$v":"Eqhotyoshelweyo"},{"$i":"limit-MMS-recipients","$v":"Ungakwazi ukuthumela iiMMS eziyi20 kuphela"},{"$i":"block-contact","$v":"Block contact"},{"$i":"blocked","$v":"Misa"},{"$i":"unblocked","$v":"Susa abantu obamisileyo"},{"$i":"rtt-call","$v":"RTT call"},{"$i":"remove-all-attachments","$v":"Remove all attachments"},{"$i":"block-confirmation","$v":"Awuzokufumana miyalezo okanye iiminxeba lubantu obamisileyo"},{"$i":"space-low-not-save","$v":"Storage is full, unable to save draft."},{"$i":"creation-mode-messages","$v":"Creation mode"},{"$i":"creation-mode-restricted","$v":"Restricted"},{"$i":"creation-mode-warning","$v":"Warning"},{"$i":"creation-mode-free","$v":"Free"},{"$i":"creationMode_restricted_title","$v":"creation mode limit"},{"$i":"creationMode_restricted_alert","$v":"The creation mode is restricted, you can not add the attachment which is non Core MM Content Domain."},{"$i":"creationMode_warning_title","$v":"creation mode warning"},{"$i":"creationMode_warning_alert","$v":"Do you confirm to add the attachment which is non Core MM Content Domain?"},{"$i":"withoutDataTitle","$v":"Akukho Qhagamshelwano lweDatha"},{"$i":"withoutDataBody","$v":"Nceda uvule uQhagamshelwano lweDatha kwiiSetingi ukuze udawunlowude imiyalezo ye-MMS."},{"$i":"withoutDataBtnOk","$v":"OK"},{"$i":"withoutDataBtnSettings","$v":"Settings"},{"$i":"FTUTitle","$v":"Imiyalezo Yokwamkela."},{"$i":"FTUBody","$v":"Kufuneka unikezele ngenombolo yakho yefowuni ukuze usebenzise imiyalezo yeqela."},{"$i":"myNumber","$v":"Amanani am omnxeba"},{"$i":"myNumber-SIM1","$v":"Inombolo Yam yeFowuni - SIM 1"},{"$i":"myNumber-SIM2","$v":"Inombolo Yam yeFowuni - SIM 2"},{"$i":"save-number","$v":"Gcina"},{"$i":"input-alert-show","$v":"Le yinombolo yakho yefowuni"},{"$i":"input-alert-reInput","$v":"Kufuneka unikezele ngenombolo yakho yefowuni ukuze usebenzise imiyalezo yeqela."},{"$i":"multiple-recipients-flag","$v":",..."},{"$i":"parent-control-text","$v":"Le nombolo ivaliwe. Ungacela imvume kubazali bakho."},{"$i":"groupNumberInputOne-placeholder","$v":"Inombolo Yam yeFowuni - SIM 1"},{"$i":"groupNumberInputOne","$v":"Amanani am omnxeba"},{"$i":"groupNumberInputTwo-placeholder","$v":"Inombolo Yam yeFowuni - SIM 2"},{"$i":"groupNumberInputTwo","$v":"Amanani am omnxeba"},{"$i":"custom-message-sent","$v":["Uphendule ku ",{"t":"idOrVar","v":"name"}]},{"$i":"colon","$v":":"},{"$i":"sms-encoding-mode","$v":"Ukukhowudwa kwe-SMS"},{"$i":"sms-reduced-format","$v":"Ifomathi Ihliselwe"},{"$i":"sms-full-format","$v":"Ifomathi ingcwele"},{"$i":"smscNormal","$v":"Iziko leeNkonzo"},{"$i":"smscSIM1","$v":"Iziko leeNkonzo lika-SIM1"},{"$i":"smscSIM2","$v":"Iziko leeNkonzo lika-SIM2"},{"$i":"weekday-0-long","$v":"Cawa"},{"$i":"weekday-1-long","$v":"Mvulo"},{"$i":"weekday-2-long","$v":"Lwesibini"},{"$i":"weekday-3-long","$v":"Lwesithathu"},{"$i":"weekday-4-long","$v":"Lwesine"},{"$i":"weekday-5-long","$v":"Lwesihlanu"},{"$i":"weekday-6-long","$v":"Mgqibelo"},{"$i":"weekday-0-short","$v":"NgeCawe"},{"$i":"weekday-1-short","$v":"NgoMvulo"},{"$i":"weekday-2-short","$v":"NgoLwesibini"},{"$i":"weekday-3-short","$v":"NgoLwesithathu"},{"$i":"weekday-4-short","$v":"NgoLwesine"},{"$i":"weekday-5-short","$v":"NgoLwesihlanu"},{"$i":"weekday-6-short","$v":"NgoMgqibelo"},{"$i":"month-0-long","$v":"UJanyuwari"},{"$i":"month-1-long","$v":"UFebhruwari"},{"$i":"month-2-long","$v":"UMatshi"},{"$i":"month-3-long","$v":"UApreli"},{"$i":"month-4-long","$v":"UMeyi"},{"$i":"month-5-long","$v":"UJuni"},{"$i":"month-6-long","$v":"UJulayi"},{"$i":"month-7-long","$v":"UAgasti"},{"$i":"month-8-long","$v":"USeptembha"},{"$i":"month-9-long","$v":"UOktobha"},{"$i":"month-10-long","$v":"UNovembha"},{"$i":"month-11-long","$v":"UDisembha"},{"$i":"month-0-genitive","$v":"UJanyuwari"},{"$i":"month-1-genitive","$v":"UFebhruwari"},{"$i":"month-2-genitive","$v":"UMatshi"},{"$i":"month-3-genitive","$v":"UApreli"},{"$i":"month-4-genitive","$v":"UMeyi"},{"$i":"month-5-genitive","$v":"UJuni"},{"$i":"month-6-genitive","$v":"UJulayi"},{"$i":"month-7-genitive","$v":"UAgasti"},{"$i":"month-8-genitive","$v":"USeptembha"},{"$i":"month-9-genitive","$v":"UOktobha"},{"$i":"month-10-genitive","$v":"UNovembha"},{"$i":"month-11-genitive","$v":"UDisembha"},{"$i":"month-0-short","$v":"UJanyuwari"},{"$i":"month-1-short","$v":"UFebhruwari"},{"$i":"month-2-short","$v":"UMatshi"},{"$i":"month-3-short","$v":"UApreli"},{"$i":"month-4-short","$v":"UMeyi"},{"$i":"month-5-short","$v":"UJuni"},{"$i":"month-6-short","$v":"UJulayi"},{"$i":"month-7-short","$v":"UAgasti"},{"$i":"month-8-short","$v":"USeptembha"},{"$i":"month-9-short","$v":"UOktobha"},{"$i":"month-10-short","$v":"UNovembha"},{"$i":"month-11-short","$v":"UDisembha"},{"$i":"minutes-ago-long","$v":{"few":[{"t":"idOrVar","v":"value"}," kwimizuzu edlulileyo"],"many":[{"t":"idOrVar","v":"value"}," kwimizuzu edlulileyo"],"other":[{"t":"idOrVar","v":"value"}," kwimizuzu edlulileyo"],"two":[{"t":"idOrVar","v":"value"}," kwimizuzu edlulileyo"],"one":"Kumzuzu odlulileyo","zero":"Ngoku nje"},"$x":[{"t":"idOrVar","v":"plural"},"value"]},{"$i":"hours-ago-long","$v":{"few":[{"t":"idOrVar","v":"value"}," kwiiyure ezidlulileyo"],"many":[{"t":"idOrVar","v":"value"}," kwiiyure ezidlulileyo"],"other":[{"t":"idOrVar","v":"value"}," kwiiyure ezidlulileyo"],"two":[{"t":"idOrVar","v":"value"}," kwiiyure ezidlulileyo"],"one":"Kwiyure enye edlulileyo","zero":"Ngoku nje"},"$x":[{"t":"idOrVar","v":"plural"},"value"]},{"$i":"days-ago-long","$v":{"few":[{"t":"idOrVar","v":"value"}," kwiimini ezidlulileyo"],"many":[{"t":"idOrVar","v":"value"}," kwiimini ezidlulileyo"],"one":"Izolo","other":[{"t":"idOrVar","v":"value"}," kwiimini ezidlulileyo"],"two":[{"t":"idOrVar","v":"value"}," kwiimini ezidlulileyo"],"zero":"Namhlanje"},"$x":[{"t":"idOrVar","v":"plural"},"value"]},{"$i":"weeks-ago-long","$v":{"few":[{"t":"idOrVar","v":"value"}," ngeeveki ezadlulayo"],"many":[{"t":"idOrVar","v":"value"}," ngeeveki ezadlulayo"],"one":"Kwiveki edlulileyo","other":[{"t":"idOrVar","v":"value"}," ngeeveki ezadlulayo"],"two":[{"t":"idOrVar","v":"value"}," ngeeveki ezadlulayo"],"zero":"Kule veki"},"$x":[{"t":"idOrVar","v":"plural"},"value"]},{"$i":"months-ago-long","$v":{"few":[{"t":"idOrVar","v":"value"}," kwiinyanga ezadlulayo"],"many":[{"t":"idOrVar","v":"value"}," kwiinyanga ezadlulayo"],"one":"Kwinyanga enye edlulileyo","other":[{"t":"idOrVar","v":"value"}," kwiinyanga ezadlulayo"],"two":[{"t":"idOrVar","v":"value"}," kwiinyanga ezadlulayo"],"zero":"Kule nyanga"},"$x":[{"t":"idOrVar","v":"plural"},"value"]},{"$i":"years-ago-long","$v":{"few":[{"t":"idOrVar","v":"value"}," kwiminyaka eyadlulayo"],"many":[{"t":"idOrVar","v":"value"}," kwiminyaka eyadlulayo"],"one":"Kunyaka ophelileyo","other":[{"t":"idOrVar","v":"value"}," kwiminyaka eyadlulayo"],"two":[{"t":"idOrVar","v":"value"}," kwiminyaka eyadlulayo"],"zero":"Kulo nyaka"},"$x":[{"t":"idOrVar","v":"plural"},"value"]},{"$i":"minutes-until-long","$v":{"few":["Ngaphakathi ",{"t":"idOrVar","v":"value"}," imizuzu"],"many":["Ngaphakathi ",{"t":"idOrVar","v":"value"}," imizuzu"],"other":["Ngaphakathi ",{"t":"idOrVar","v":"value"}," imizuzu"],"two":["Ngaphakathi ",{"t":"idOrVar","v":"value"}," imizuzu"],"zero":"Ngoku","one":"Ngomzuzu olandelayo"},"$x":[{"t":"idOrVar","v":"plural"},"value"]},{"$i":"hours-until-long","$v":{"few":["Ngaphakathi ",{"t":"idOrVar","v":"value"}," iiyure"],"many":["Ngaphakathi ",{"t":"idOrVar","v":"value"}," iiyure"],"other":["Ngaphakathi ",{"t":"idOrVar","v":"value"}," iiyure"],"two":["Ngaphakathi ",{"t":"idOrVar","v":"value"}," iiyure"],"zero":"Ngoku","one":"Kwiyure enye ezayo"},"$x":[{"t":"idOrVar","v":"plural"},"value"]},{"$i":"days-until-long","$v":{"few":["Ngaphakathi ",{"t":"idOrVar","v":"value"}," iimini"],"many":["Ngaphakathi ",{"t":"idOrVar","v":"value"}," iimini"],"one":"Ngomso","other":["Ngaphakathi ",{"t":"idOrVar","v":"value"}," iimini"],"two":["Ngaphakathi ",{"t":"idOrVar","v":"value"}," iimini"],"zero":"Namhlanje"},"$x":[{"t":"idOrVar","v":"plural"},"value"]},{"$i":"weeks-until-long","$v":{"few":["Ngaphakathi ",{"t":"idOrVar","v":"value"}," iiveki"],"many":["Ngaphakathi ",{"t":"idOrVar","v":"value"}," iiveki"],"one":"Kwiveki ezayo","other":["Ngaphakathi ",{"t":"idOrVar","v":"value"}," iiveki"],"two":["Ngaphakathi ",{"t":"idOrVar","v":"value"}," iiveki"],"zero":"Kule veki"},"$x":[{"t":"idOrVar","v":"plural"},"value"]},{"$i":"months-until-long","$v":{"few":["Ngaphakathi ",{"t":"idOrVar","v":"value"}," iinyanga"],"many":["Ngaphakathi ",{"t":"idOrVar","v":"value"}," iinyanga"],"one":"Kwinyanga elandelayo","other":["Ngaphakathi ",{"t":"idOrVar","v":"value"}," iinyanga"],"two":["Ngaphakathi ",{"t":"idOrVar","v":"value"}," iinyanga"],"zero":"Kule nyanga"},"$x":[{"t":"idOrVar","v":"plural"},"value"]},{"$i":"years-until-long","$v":{"few":["Ngaphakathi ",{"t":"idOrVar","v":"value"}," iminyaka"],"many":["Ngaphakathi ",{"t":"idOrVar","v":"value"}," iminyaka"],"one":"Kunyaka ozayo","other":["Ngaphakathi ",{"t":"idOrVar","v":"value"}," iminyaka"],"two":["Ngaphakathi ",{"t":"idOrVar","v":"value"}," iminyaka"],"zero":"Kulo nyaka"},"$x":[{"t":"idOrVar","v":"plural"},"value"]},{"$i":"minutes-ago-short","$v":{"other":[{"t":"idOrVar","v":"value"}," kwimizuzu edlulileyo"],"zero":"Ngoku nje"},"$x":[{"t":"idOrVar","v":"plural"},"value"]},{"$i":"hours-ago-short","$v":{"other":[{"t":"idOrVar","v":"value"}," kwiiyure ezidlulileyo"],"zero":"Ngoku nje"},"$x":[{"t":"idOrVar","v":"plural"},"value"]},{"$i":"days-ago-short","$v":{"other":[{"t":"idOrVar","v":"value"}," kwiimini ezidlulileyo"],"zero":"Namhlanje"},"$x":[{"t":"idOrVar","v":"plural"},"value"]},{"$i":"minutes-until-short","$v":{"other":["Ngaphakathi ",{"t":"idOrVar","v":"value"}," imizuzu"],"zero":"Ngoku"},"$x":[{"t":"idOrVar","v":"plural"},"value"]},{"$i":"hours-until-short","$v":{"other":["Ngaphakathi ",{"t":"idOrVar","v":"value"}," iiyure"],"zero":"Ngoku"},"$x":[{"t":"idOrVar","v":"plural"},"value"]},{"$i":"days-until-short","$v":{"other":["Ngaphakathi ",{"t":"idOrVar","v":"value"}," iimini"],"zero":"Namhlanje"},"$x":[{"t":"idOrVar","v":"plural"},"value"]},{"$i":"dateTimeFormat_%c","$v":"%a %b %e %Y %I:%M:%S %p"},{"$i":"dateTimeFormat_%x","$v":"%I:%M:%S %p"},{"$i":"dateTimeFormat_%X","$v":"%I:%M:%S %p"},{"$i":"shortTimeFormat","$v":"%I:%M %p"},{"$i":"shortTimeFormat12","$v":"%I:%M %p"},{"$i":"shortTimeFormat24","$v":"%H:%M"},{"$i":"shortDateTimeFormat","$v":"%x %I:%M %p"},{"$i":"weekStartsOnMonday","$v":"0.0"},{"$i":"firstDayOfTheWeek","$v":"0.0"},{"$i":"time_am","$v":"AM"},{"$i":"time_pm","$v":"PM"},{"$i":"softkey-options","$v":"Ukhetho"},{"$i":"emergencyNumber","$v":"Inombolo yongxamiseko"},{"$i":"callAirplaneModeMessage","$v":"Ukuze utsalele umnxeba kufuneka uvalele imowudi yenqwelo-moya kwiisetingi."},{"$i":"callAirplaneModeBtnOk","$v":"Kulungile"},{"$i":"callAirplaneModeTitle","$v":"Imowudi yenqwelo-moya ivulelwe"},{"$i":"numberIsBusyTitle","$v":"Inombolo ixakekile"},{"$i":"numberIsBusyMessage","$v":"Le nombolo isaxakekile okwangoku. Nceda uzame kwakhona kamva."},{"$i":"fdnIsActiveTitle","$v":"i-FDN ivulelwe"},{"$i":"fdnIsActiveMessage","$v":["i-FDN (Fixed Dialing Numbers) ivulelwe yaye le nombolo ilandelayo ayikho kuluhlu lwakho lwe-FDN: ",{"t":"idOrVar","v":"number"}]},{"$i":"emergencyDialogBodyBadNumber","$v":"Ukuze utsalele umnxeba, ifowuni imele ixokonyezelwe kwinethwekhi."},{"$i":"emergencyDialogBodyDeviceNotAccepted","$v":"Iminxeba yongxamiseko ayivunyelwa yinethwekhi."},{"$i":"emergencyDialogBtnOk","$v":"Kulungile"},{"$i":"emergencyDialogTitle","$v":"Alukho uqhagamshelo lwenethwekhi"},{"$i":"invalidNumberToDialTitle","$v":"Inombolo yefowuni ayisebenzi"},{"$i":"invalidNumberToDialMessage","$v":"Inombolo yefowuni otsalela kuyo umnxeba ayisebenzi."},{"$i":"unableToCallTitle","$v":"Ayikwazi ukutsala umnxeba"},{"$i":"unableToCallMessage","$v":"Ayikwazi ukutsala umnxeba okwangoku"},{"$i":"otherConnectionInUseTitle","$v":"Olunye Uqhagamshelo olusetyenziswayo"},{"$i":"otherConnectionInUseMessage","$v":"Unomnxeba osebenzayo kolunye uqhagamshelo. Ungasebenzisa kuphela uqhagamshelo lube lunye ngexesha."},{"$i":"connectingEllipsis","$v":"Iyaqhakamishelana"}]