[{"$i":"messages","$v":"訊息"},{"$i":"deleteMessages-title","$v":"選取"},{"$i":"selectThreads-title","$v":"選取"},{"$i":"edit","$v":"編輯"},{"$i":"back","$v":"返回"},{"$i":"cancel","$v":"取消"},{"$i":"delete","$v":"刪除"},{"$i":"deleting-messages","$v":"刪除中..."},{"$i":"deselect","$v":"取消選取"},{"$i":"selected-threads","$v":{"few":["已選取",{"t":"idOrVar","v":"n"}],"many":["已選取",{"t":"idOrVar","v":"n"}],"one":["已選取",{"t":"idOrVar","v":"n"}],"other":["已選取",{"t":"idOrVar","v":"n"}],"two":["已選取",{"t":"idOrVar","v":"n"}],"zero":"已選取0"},"$x":[{"t":"idOrVar","v":"plural"},"n"]},{"$i":"selected-messages","$v":{"few":["已選取",{"t":"idOrVar","v":"n"}],"many":["已選取",{"t":"idOrVar","v":"n"}],"one":["已選取",{"t":"idOrVar","v":"n"}],"other":["已選取",{"t":"idOrVar","v":"n"}],"two":["已選取",{"t":"idOrVar","v":"n"}],"zero":"已選取0"},"$x":[{"t":"idOrVar","v":"plural"},"n"]},{"$i":"selectThreads-label","$v":"選取對話"},{"$i":"selectMessages-label","$v":"選取訊息"},{"$i":"new-message","$v":"新增"},{"$i":"delete-thread","$v":"刪除對話"},{"$i":"create-new-contact","$v":"建立新連絡人"},{"$i":"add-to-contact","$v":"增加至現有連絡人"},{"$i":"select-thread","$v":"選取對話"},{"$i":"settings","$v":"設定"},{"$i":"select-all","$v":"全選"},{"$i":"deselect-all","$v":"全部取消"},{"$i":"select","$v":"選取"},{"$i":"sk-save-as-draft","$v":"另存為草稿"},{"$i":"next","$v":"下一步"},{"$i":"send","$v":"傳送"},{"$i":"add-contact","$v":"增加連絡人"},{"$i":"add-suggestion","$v":"選取"},{"$i":"add-subject","$v":"增加主旨"},{"$i":"remove-subject","$v":"移除主旨"},{"$i":"add-attachment","$v":"增加附件"},{"$i":"remove-attachment","$v":"移除附件"},{"$i":"replace-attachment","$v":"替換附件"},{"$i":"select-messages","$v":"選取訊息"},{"$i":"call","$v":"撥號"},{"$i":"forward","$v":"轉寄"},{"$i":"view-message-report","$v":"檢視訊息詳情"},{"$i":"cancel-view-report","$v":"取消"},{"$i":"ok","$v":"確認"},{"$i":"enter","$v":"輸入"},{"$i":"open","$v":"開啟"},{"$i":"to","$v":"至"},{"$i":"new","$v":"新增"},{"$i":"message","$v":"訊息"},{"$i":"messagesInput_placeholder","$v":"訊息"},{"$i":"messagesSubjectInput_placeholder","$v":"主旨"},{"$i":"subjectComposerInput_placeholder","$v":"主旨"},{"$i":"converted-to-mms","$v":"正在轉換為多媒體訊息。"},{"$i":"converted-to-sms","$v":"正在轉換為簡訊。"},{"$i":"messages-max-length-text","$v":"已達長度上限。"},{"$i":"messages-max-subject-length-text","$v":"已達主旨長度上限。"},{"$i":"multimedia-message-exceeded-max-length","$v":["此訊息超過單一多媒體訊息的",{"t":"idOrVar","v":"mmsSize"}," MB大小限制。"]},{"$i":"newMessage","$v":"新訊息"},{"$i":"sendMessage","$v":"傳送訊息"},{"$i":"sendMMSToEmail","$v":"傳送多媒體訊息"},{"$i":"no-recipient","$v":"(無收件者)"},{"$i":"recipient","$v":{"few":[{"t":"idOrVar","v":"n"},"個收件者"],"many":[{"t":"idOrVar","v":"n"},"個收件者"],"one":[{"t":"idOrVar","v":"n"},"個收件者"],"other":[{"t":"idOrVar","v":"n"},"個收件者"],"two":[{"t":"idOrVar","v":"n"},"個收件者"]},"$x":[{"t":"idOrVar","v":"plural"},"n"]},{"$i":"attachmentSizeB","$v":[{"t":"idOrVar","v":"n"}," B"]},{"$i":"attachmentSizeKB","$v":[{"t":"idOrVar","v":"n"}," KB"]},{"$i":"attachmentSizeMB","$v":[{"t":"idOrVar","v":"n"}," MB"]},{"$i":"attachmentOpenError","$v":"沒有可開啟此檔案類型的應用程式。"},{"$i":"attachmentNotFile","$v":"找不到此文件。"},{"$i":"remove","$v":"移除"},{"$i":"participant","$v":{"few":[{"t":"idOrVar","v":"n"},"個參與者"],"many":[{"t":"idOrVar","v":"n"},"個參與者"],"one":[{"t":"idOrVar","v":"n"},"個參與者"],"other":[{"t":"idOrVar","v":"n"},"個參與者"],"two":[{"t":"idOrVar","v":"n"},"個參與者"]},"$x":[{"t":"idOrVar","v":"plural"},"n"]},{"$i":"message-report","$v":"訊息報告"},{"$i":"message-type-sms","$v":"簡訊(SMS)"},{"$i":"message-type-mms","$v":"多媒體訊息(MMS)"},{"$i":"sms-report-description","$v":["您的簡訊(SMS)已於",{"t":"idOrVar","v":"datetime"},"傳送"]},{"$i":"mms-report-description","$v":["您的多媒體訊息(MMS)和主旨",{"t":"idOrVar","v":"subject"},"已於",{"t":"idOrVar","v":"datetime"},"傳送"]},{"$i":"mms-no-subject-report-description","$v":["您的多媒體訊息(MMS)已於",{"t":"idOrVar","v":"datetime"},"傳送"]},{"$i":"message-subject","$v":"主旨："},{"$i":"report-status-error","$v":"訊息無法傳送"},{"$i":"report-status-not-downloaded","$v":"未下載"},{"$i":"report-status-delivered","$v":"已傳送："},{"$i":"report-status-read","$v":"讀取："},{"$i":"report-status-pending","$v":"已請求報告"},{"$i":"report-status-rejected","$v":"訊息已遭拒"},{"$i":"message-size-was","$v":"訊息大小："},{"$i":"report-to-title","$v":"至"},{"$i":"report-from-title","$v":"來自"},{"$i":"message-sent","$v":"已傳送："},{"$i":"message-sending","$v":[{"t":"idOrVar","v":"message-delivery-status-sending"}]},{"$i":"message-received","$v":"已接收："},{"$i":"message-via","$v":"經由："},{"$i":"message-resend","$v":"重新傳送"},{"$i":"search","$v":"搜尋"},{"$i":"unknown-contact-title","$v":"不明連絡人"},{"$i":"phone-type-separator","$v":", "},{"$i":"phone-carrier-separator","$v":" "},{"$i":"thread-participant-separator","$v":", "},{"$i":"replace-draft","$v":"替換現有草稿"},{"$i":"save-as-draft","$v":"儲存"},{"$i":"discard-message","$v":"放棄"},{"$i":"discard-sms","$v":"確認要捨棄此訊息？"},{"$i":"discard-new-message","$v":"放棄正在撰寫的訊息並開啟新訊息？"},{"$i":"resend-confirmation","$v":"無法傳送訊息。再試一次？"},{"$i":"resend-message","$v":"重新傳送此訊息"},{"$i":"deleteMessage-confirmation","$v":"刪除所選的訊息？"},{"$i":"deleteMessages-confirmation","$v":"刪除已選擇的訊息？"},{"$i":"deleteThreads-confirmation2","$v":{"one":"刪除所選的訊息對話？","other":"刪除所選的訊息對話？"},"$x":[{"t":"idOrVar","v":"plural"},"n"]},{"$i":"new-message-notice-text","$v":"新訊息來源"},{"$i":"new-message-notice-a-text","$v":"讀取它"},{"$i":"noMessages-title","$v":"無訊息"},{"$i":"noMessages-text","$v":"按「新增」開始通訊。"},{"$i":"sendDefaultErrorTitle","$v":"發送失敗"},{"$i":"sendDefaultErrorBody","$v":"傳送訊息時發生錯誤。請再試一次。"},{"$i":"sendDefaultErrorBtnOk","$v":"確認"},{"$i":"sendMissingSimCardTitle","$v":"發送失敗"},{"$i":"sendMissingSimCardBody","$v":"插入有效的SIM卡以繼續。"},{"$i":"sendMissingSimCardBtnOk","$v":"確認"},{"$i":"sendFlightModeTitle","$v":"發送失敗"},{"$i":"sendFlightModeBody","$v":"關閉飛航模式以傳送訊息。"},{"$i":"sendFlightModeBtnOk","$v":"確認"},{"$i":"radioDisabledToDownloadTitle","$v":"下載失敗"},{"$i":"radioDisabledToDownloadBody","$v":"關閉飛航模式以下載附件。"},{"$i":"radioDisabledToDownloadBtnOk","$v":[{"t":"idOrVar","v":"sendFlightModeBtnOk"}]},{"$i":"downloadDefaultErrorTitle","$v":"下載失敗"},{"$i":"downloadDefaultErrorBody","$v":"下載郵件時出現問題。 請再試一次。"},{"$i":"downloadDefaultErrorBtnOk","$v":[{"t":"idOrVar","v":"sendDefaultErrorBtnOk"}]},{"$i":"fdnErrorTitle","$v":"發送失敗"},{"$i":"needConnectWifiBody","$v":["沒有行動電話網路可用。請連線至可用的",{"t":"idOrVar","v":"Wi-Fi"},"網路以傳送訊息。"]},{"$i":"needConnectWifiTitle","$v":"訊息未傳送"},{"$i":"mmsChanelUsedBody","$v":"非DDS子項正在傳送多媒體訊息，請等待傳送程序完成。"},{"$i":"mmsChanelUsedTitle","$v":"多媒體訊息頻道已用"},{"$i":"sms-counter-notice-label","$v":["正在編輯簡訊",{"t":"idOrVar","v":"number"}]},{"$i":"fdnErrorBody","$v":{"few":"FDN(固定撥號號碼)已啟動。確保簡訊中心和下列收件者在您的FDN清單中。","many":"FDN(固定撥號號碼)已啟動。確保簡訊中心和下列收件者在您的FDN清單中。","one":"FDN(固定撥號號碼)已啟動。確保簡訊中心和下列收件者在您的FDN清單中。","other":"FDN(固定撥號號碼)已啟動。確保簡訊中心和下列收件者在您的FDN清單中。","two":"FDN(固定撥號號碼)已啟動。確保簡訊中心和下列收件者在您的FDN清單中。"},"$x":[{"t":"idOrVar","v":"plural"},"n"]},{"$i":"fdnErrorBtnOk","$v":"確認"},{"$i":"sendNoSignalErrorTitle","$v":"發送失敗"},{"$i":"sendNoSignalErrorBody","$v":"沒有手機信號，請重試。"},{"$i":"sendNoSignalErrorBtnOk","$v":"確認"},{"$i":"sendNotFoundErrorTitle","$v":"發送失敗"},{"$i":"sendNotFoundErrorBody","$v":"您正在尋找的訊息將無法再使用。"},{"$i":"sendNotFoundErrorBtnOk","$v":"確認"},{"$i":"sendInvalidAddressErrorTitle","$v":"發送失敗"},{"$i":"sendInvalidAddressErrorBody","$v":"確保將要傳送到的手機號碼有效。"},{"$i":"sendInvalidAddressErrorBtnOk","$v":"確認"},{"$i":"simNotMatchedErrorTitle","$v":"無法下載"},{"$i":"simNotMatchedErrorBody","$v":"請確保插入的SIM卡將用於接收此訊息。"},{"$i":"simNotMatchedErrorBtnOk","$v":"確認"},{"$i":"netWorkErrorTitle","$v":"網路故障"},{"$i":"netWorkErrorBody","$v":"網絡錯誤。請檢查您的網絡連接。"},{"$i":"netWorkErrorBtnOk","$v":"確認"},{"$i":"deleted-sms","$v":"此訊息已刪除。"},{"$i":"view-attachment-image","$v":"檢視"},{"$i":"view-attachment-audio","$v":"接聽"},{"$i":"view-attachment-video","$v":"檢視"},{"$i":"view-attachment-other","$v":"檢視"},{"$i":"remove-attachment-image","$v":"移除影像"},{"$i":"remove-attachment-audio","$v":"移除音訊"},{"$i":"remove-attachment-video","$v":"移除影片"},{"$i":"remove-attachment-other","$v":"移除附件"},{"$i":"replace-attachment-image","$v":"替換影像"},{"$i":"replace-attachment-audio","$v":"替換音訊"},{"$i":"replace-attachment-video","$v":"替換影片"},{"$i":"replace-attachment-other","$v":"替換附件"},{"$i":"unsent-message-title","$v":"未傳送的訊息"},{"$i":"unsent-message-description","$v":"您先前的訊息尚未傳送。是否要編輯未傳送訊息，或放棄該訊息並繼續？"},{"$i":"unsent-message-option-edit","$v":"編輯"},{"$i":"unsent-message-option-discard","$v":"放棄"},{"$i":"message-options","$v":"訊息選項"},{"$i":"select-text","$v":"選取文字"},{"$i":"mobile","$v":"手機"},{"$i":"home","$v":"住家"},{"$i":"work","$v":"工作"},{"$i":"personal","$v":"個人"},{"$i":"faxHome","$v":"傳真(住家)"},{"$i":"faxOffice","$v":"傳真(辦公室)"},{"$i":"faxOther","$v":"傳真(其他)"},{"$i":"another","$v":"其他"},{"$i":"other","$v":"其他"},{"$i":"today","$v":"今天"},{"$i":"yesterday","$v":"昨天"},{"$i":"incorrectDate","$v":"(日期不正確)"},{"$i":"addToExistingContact","$v":"增加至現有連絡人"},{"$i":"createNewContact","$v":"建立新連絡人"},{"$i":"viewContact","$v":"檢視連絡人"},{"$i":"sendEmail","$v":"傳送電子郵件"},{"$i":"mms-message","$v":"MMS訊息"},{"$i":"notDownloaded-title","$v":"訊息尚未下載。"},{"$i":"tobedownloaded-attachment","$v":["您已收到多媒體訊息，請在",{"t":"idOrVar","v":"date"},"之前按「下載」以擷取其內容。"]},{"$i":"expired-attachment","$v":["抱歉，訊息已於",{"t":"idOrVar","v":"date"},"過期且無法下載。"]},{"$i":"download-attachment","$v":"下載"},{"$i":"downloading-attachment","$v":"正在下載…"},{"$i":"download-complete","$v":"下載完成"},{"$i":"unnamed-attachment","$v":"未命名"},{"$i":"mms-label","$v":"多媒體訊息"},{"$i":"not-download-label","$v":"您已收到多媒體訊息，請下載以擷取其內容，在此期限之前"},{"$i":"attachment-label","$v":"附件"},{"$i":"attached-files-too-large","$v":{"few":["這些訊息超過單一多媒體訊息的",{"t":"idOrVar","v":"mmsSize"}," MB大小限制。"],"many":["這些訊息超過單一多媒體訊息的",{"t":"idOrVar","v":"mmsSize"}," MB大小限制。"],"one":["此訊息超過單一多媒體訊息的",{"t":"idOrVar","v":"mmsSize"}," MB大小限制。"],"other":["這些訊息超過單一多媒體訊息的",{"t":"idOrVar","v":"mmsSize"}," MB大小限制。"],"two":["這些訊息超過單一多媒體訊息的",{"t":"idOrVar","v":"mmsSize"}," MB大小限制。"],"zero":["這些訊息超過單一多媒體訊息的",{"t":"idOrVar","v":"mmsSize"}," MB大小限制。"]},"$x":[{"t":"idOrVar","v":"plural"},"n"]},{"$i":"resize-image","$v":"正在調整附加影像大小"},{"$i":"no-attachment-text","$v":"附加的檔案存在問題，因此無法下載。"},{"$i":"message-draft-saved","$v":"訊息已儲存為草稿"},{"$i":"sim-id-label","$v":["SIM ",{"t":"idOrVar","v":"id"}]},{"$i":"sim-detail","$v":["SIM ",{"t":"idOrVar","v":"id"},"，",{"t":"idOrVar","v":"detailString"}]},{"$i":"dsds-notification-title-with-sim","$v":["(",{"t":"idOrVar","v":"sim"},") ",{"t":"idOrVar","v":"sender"}]},{"$i":"send-button","ariaLabel":"傳送"},{"$i":"send-button-sim-indication","$v":[{"t":"idOrVar","v":"n"}],"ariaLabel":["使用SIM",{"t":"idOrVar","v":"n"}]},{"$i":"expiry-date-format","$v":"%A, %b %e"},{"$i":"attach-button","ariaLabel":"增加附件"},{"$i":"contact-photo","ariaLabel":"連絡人相片"},{"$i":"unread-thread","ariaLabel":"未讀取"},{"$i":"has-draft","ariaLabel":"有草稿"},{"$i":"is-draft","ariaLabel":"草稿"},{"$i":"message-delivery-status-sending","$v":"正在傳送…"},{"$i":"message-delivery-status-delivered","$v":"已傳送"},{"$i":"message-delivery-status-read","ariaLabel":"讀取"},{"$i":"message-delivery-status-error","ariaLabel":"錯誤"},{"$i":"modal-dialog-ok-button","$v":"確認"},{"$i":"modal-dialog-cancel-button","$v":"取消"},{"$i":"modal-dialog-default-title","$v":"訊息"},{"$i":"delete-message","$v":"訊息已刪除"},{"$i":"message-converted-to-toast","$v":["訊息已轉換為",{"t":"idOrVar","v":"type"}]},{"$i":"message-sent-toast","$v":"訊息已傳送"},{"$i":"deleteMessage-confirmation2","$v":"刪除所選的訊息對話？"},{"$i":"deleted-message","$v":{"few":["已刪除",{"t":"idOrVar","v":"n"},"則訊息"],"many":["已刪除",{"t":"idOrVar","v":"n"},"則訊息"],"one":["已刪除",{"t":"idOrVar","v":"n"},"則訊息"],"other":["已刪除",{"t":"idOrVar","v":"n"},"則訊息"],"two":["已刪除",{"t":"idOrVar","v":"n"},"則訊息"],"zero":"已刪除0則訊息"},"$x":[{"t":"idOrVar","v":"plural"},"n"]},{"$i":"deleted-threads","$v":{"few":["已刪除",{"t":"idOrVar","v":"n"},"個訊息對話"],"many":["已刪除",{"t":"idOrVar","v":"n"},"個訊息對話"],"one":"已刪除對話","other":["已刪除",{"t":"idOrVar","v":"n"},"個訊息對話"],"two":["已刪除",{"t":"idOrVar","v":"n"},"個訊息對話"],"zero":"已刪除0個對話"},"$x":[{"t":"idOrVar","v":"plural"},"n"]},{"$i":"wapPushMessages","$v":"WAP推送通知"},{"$i":"auto-retrieve-messages","$v":"自動擷取訊息"},{"$i":"auto-retrieve-messages-title","$v":"自動擷取訊息"},{"$i":"auto-roaming-retrieve","$v":"開啟，有漫遊"},{"$i":"auto-no-roaming-retrieve","$v":"開啟，無漫遊"},{"$i":"mmsTitle","$v":"多媒體訊息(MMS)"},{"$i":"message-delivery-reports","$v":"傳送報告"},{"$i":"message-delivery-reports-title","$v":"傳送報告"},{"$i":"messageReport-title","$v":"訊息詳情"},{"$i":"sms-label","$v":"簡訊"},{"$i":"messaging-settings","$v":"訊息設定"},{"$i":"messagingSettings-header","$v":[{"t":"idOrVar","v":"messaging-settings"}]},{"$i":"confirmation-title","$v":"確認"},{"$i":"draft-save-content","$v":"另存為草稿？"},{"$i":"draft-discard-content","$v":"訊息已捨棄"},{"$i":"switch-on","$v":"開啟"},{"$i":"switch-off","$v":"關閉"},{"$i":"auto-retrieve-desc","$v":"自動擷取訊息"},{"$i":"confirm-dialog-ok","$v":"確認"},{"$i":"yes","$v":"是"},{"$i":"no","$v":"否"},{"$i":"delete-current-thread?","$v":"刪除所選的訊息對話？"},{"$i":"attention","$v":"注意"},{"$i":"delivery-title","$v":"簡訊(SMS)"},{"$i":"send-failed","$v":"發送失敗。"},{"$i":"subject-removed","$v":"主旨已移除。"},{"$i":"data-storage-limit-alert-title","$v":"手機儲存空間已滿。"},{"$i":"data-storage-limit-send-body","$v":"無法傳送 MMS。請刪除訊息，或移至「設定」釋出儲存空間。"},{"$i":"data-storage-limit-download-body","$v":"無法下載 MMS。請刪除訊息，或移至「設定」釋出儲存空間。"},{"$i":"data-storage-limit-attachment-body","$v":"無法新增附件。請刪除訊息或前往「設定」釋放儲存空間。"},{"$i":"data-storage-limit-alert-cancel","$v":"取消"},{"$i":"data-storage-limit-alert-setting","$v":"設定"},{"$i":"recipient-repeat","$v":"收件人重複。"},{"$i":"email","$v":"電子郵件"},{"$i":"options","$v":"選項"},{"$i":"emergency-alert-title","$v":"緊急警報"},{"$i":"emergency-alert","$v":"緊急警報"},{"$i":"wappushNormal","$v":"WAP推送"},{"$i":"wappushSIM1","$v":"WAP推送 - SIM 1"},{"$i":"wappushSIM2","$v":"WAP推送 - SIM 2"},{"$i":"not-assigned","$v":"未指派"},{"$i":"switchSIMDataSendAlertTitle","$v":"無法傳送多媒體訊息。"},{"$i":"switchSIMDataSendAlertBody","$v":["若要傳送多媒體訊息，您需要在「SIM卡管理」設定中將用於資料的SIM卡變更為SIM ",{"t":"idOrVar","v":"nonActiveSimId"},"卡。"]},{"$i":"switchSIMDataSendAlertDesc","$v":"請轉至「設定」應用程式更新設定。"},{"$i":"switchSIMDataReceiveAlertTitle","$v":"無法接收多媒體訊息。"},{"$i":"switchSIMDataReceiveAlertBody","$v":["若要接收多媒體訊息，您需要在「SIM卡管理」設定中將用於資料的SIM卡變更為SIM ",{"t":"idOrVar","v":"nonActiveSimId"},"卡。"]},{"$i":"switchSIMDataReceiveAlertDesc","$v":"請轉至「設定」應用程式更新設定。"},{"$i":"group-message","$v":"群組訊息"},{"$i":"individual-message","$v":"個人訊息"},{"$i":"group-message-alert-title","$v":"群組訊息"},{"$i":"group-message-alert-body","$v":"建立群組訊息？(將透過MMS傳送群組訊息，將產生來自無線提供商的其他費用，具體取決於服務方案。)"},{"$i":"group-message-individual","$v":"否"},{"$i":"group-message-setting","$v":"建立"},{"$i":"new-message-individual","$v":"新增訊息(個人)"},{"$i":"new-message-group","$v":"新增訊息(群組)"},{"$i":"device-phone-number","$v":"我的電話號碼"},{"$i":"group-message-phone","$v":"群組訊息"},{"$i":"my-phone-number-SIM1","$v":"我的電話號碼 - SIM卡1"},{"$i":"my-phone-number-SIM2","$v":"我的電話號碼 - SIM卡2"},{"$i":"delivery-notification","$v":"訊息已傳送"},{"$i":"wait","$v":"等待"},{"$i":"isTextTooLongAlert","$v":"已超過訊息長度上限。"},{"$i":"video-call","$v":"視訊通話"},{"$i":"normal-call","$v":"撥號"},{"$i":"attachment","$v":"附件"},{"$i":"limit-MMS-recipients","$v":"每條多媒體訊息只能傳送給最多20個收件者。"},{"$i":"block-contact","$v":"封鎖連絡人"},{"$i":"blocked","$v":"屏蔽"},{"$i":"unblocked","$v":"解除封鎖"},{"$i":"rtt-call","$v":"RTT通話"},{"$i":"remove-all-attachments","$v":"移除所有附件"},{"$i":"block-confirmation","$v":"您不會收到來自封鎖清單上人員的手機來電和訊息。"},{"$i":"space-low-not-save","$v":"儲存空間已滿，無法儲存草稿。"},{"$i":"creation-mode-messages","$v":"建立模式"},{"$i":"creation-mode-restricted","$v":"受限制"},{"$i":"creation-mode-warning","$v":"警告"},{"$i":"creation-mode-free","$v":"自由"},{"$i":"creationMode_restricted_title","$v":"建立模式限制"},{"$i":"creationMode_restricted_alert","$v":"建立模式受限制，您無法增加非核心MM內容網域的附件。"},{"$i":"creationMode_warning_title","$v":"建立模式警告"},{"$i":"creationMode_warning_alert","$v":"是否確認要增加非核心MM內容網域的附件？"},{"$i":"withoutDataTitle","$v":"沒有數據連接"},{"$i":"withoutDataBody","$v":"請在“設定”中啟用“數據連接”以發送或下載彩信。"},{"$i":"withoutDataBtnOk","$v":"確認"},{"$i":"withoutDataBtnSettings","$v":"設定"},{"$i":"FTUTitle","$v":"歡迎使用消息。"},{"$i":"FTUBody","$v":"您必須提供電話號碼才能使用群組消息。"},{"$i":"myNumber","$v":"我的電話號碼"},{"$i":"myNumber-SIM1","$v":"我的電話號碼 - SIM卡1"},{"$i":"myNumber-SIM2","$v":"我的電話號碼 - SIM卡2"},{"$i":"save-number","$v":"儲存"},{"$i":"input-alert-show","$v":"這是您的電話號碼。"},{"$i":"input-alert-reInput","$v":"您必須提供電話號碼才能使用群組消息。"},{"$i":"multiple-recipients-flag","$v":",..."},{"$i":"parent-control-text","$v":"該號碼已被阻止。您可以請求父母許可。"},{"$i":"groupNumberInputOne-placeholder","$v":"我的電話號碼 - SIM卡1"},{"$i":"groupNumberInputOne","$v":"我的電話號碼"},{"$i":"groupNumberInputTwo-placeholder","$v":"我的電話號碼 - SIM卡2"},{"$i":"groupNumberInputTwo","$v":"我的電話號碼"},{"$i":"custom-message-sent","$v":["已回覆",{"t":"idOrVar","v":"name"}]},{"$i":"colon","$v":":"},{"$i":"sms-encoding-mode","$v":"簡訊編碼"},{"$i":"sms-reduced-format","$v":"簡式格式"},{"$i":"sms-full-format","$v":"完整格式"},{"$i":"smscNormal","$v":"服務中心"},{"$i":"smscSIM1","$v":"服務中心SIM1卡"},{"$i":"smscSIM2","$v":"服務中心SIM2卡"},{"$i":"weekday-0-long","$v":"星期日"},{"$i":"weekday-1-long","$v":"星期一"},{"$i":"weekday-2-long","$v":"星期二"},{"$i":"weekday-3-long","$v":"星期三"},{"$i":"weekday-4-long","$v":"星期四"},{"$i":"weekday-5-long","$v":"星期五"},{"$i":"weekday-6-long","$v":"星期六"},{"$i":"weekday-0-short","$v":"周日"},{"$i":"weekday-1-short","$v":"周一"},{"$i":"weekday-2-short","$v":"周二"},{"$i":"weekday-3-short","$v":"周三"},{"$i":"weekday-4-short","$v":"周四"},{"$i":"weekday-5-short","$v":"周五"},{"$i":"weekday-6-short","$v":"周六"},{"$i":"month-0-long","$v":"一月"},{"$i":"month-1-long","$v":"二月"},{"$i":"month-2-long","$v":"三月"},{"$i":"month-3-long","$v":"四月"},{"$i":"month-4-long","$v":"五月"},{"$i":"month-5-long","$v":"六月"},{"$i":"month-6-long","$v":"七月"},{"$i":"month-7-long","$v":"八月"},{"$i":"month-8-long","$v":"九月"},{"$i":"month-9-long","$v":"十月"},{"$i":"month-10-long","$v":"十一月"},{"$i":"month-11-long","$v":"十二月"},{"$i":"month-0-genitive","$v":"一月"},{"$i":"month-1-genitive","$v":"二月"},{"$i":"month-2-genitive","$v":"三月"},{"$i":"month-3-genitive","$v":"四月"},{"$i":"month-4-genitive","$v":"五月"},{"$i":"month-5-genitive","$v":"六月"},{"$i":"month-6-genitive","$v":"七月"},{"$i":"month-7-genitive","$v":"八月"},{"$i":"month-8-genitive","$v":"九月"},{"$i":"month-9-genitive","$v":"十月"},{"$i":"month-10-genitive","$v":"十一月"},{"$i":"month-11-genitive","$v":"十二月"},{"$i":"month-0-short","$v":"1月"},{"$i":"month-1-short","$v":"2月"},{"$i":"month-2-short","$v":"3月"},{"$i":"month-3-short","$v":"4月"},{"$i":"month-4-short","$v":"5月"},{"$i":"month-5-short","$v":"6月"},{"$i":"month-6-short","$v":"7月"},{"$i":"month-7-short","$v":"8月"},{"$i":"month-8-short","$v":"9月"},{"$i":"month-9-short","$v":"10月"},{"$i":"month-10-short","$v":"11月"},{"$i":"month-11-short","$v":"12月"},{"$i":"minutes-ago-long","$v":{"few":[{"t":"idOrVar","v":"value"},"分鐘前"],"many":[{"t":"idOrVar","v":"value"},"分鐘前"],"other":[{"t":"idOrVar","v":"value"},"分鐘前"],"two":[{"t":"idOrVar","v":"value"},"分鐘前"],"one":"一分鐘前","zero":"現在"},"$x":[{"t":"idOrVar","v":"plural"},"value"]},{"$i":"hours-ago-long","$v":{"few":[{"t":"idOrVar","v":"value"},"小時前"],"many":[{"t":"idOrVar","v":"value"},"小時前"],"other":[{"t":"idOrVar","v":"value"},"小時前"],"two":[{"t":"idOrVar","v":"value"},"小時前"],"one":"1小時前","zero":"現在"},"$x":[{"t":"idOrVar","v":"plural"},"value"]},{"$i":"days-ago-long","$v":{"few":[{"t":"idOrVar","v":"value"},"天前"],"many":[{"t":"idOrVar","v":"value"},"天前"],"one":"昨天","other":[{"t":"idOrVar","v":"value"},"天前"],"two":[{"t":"idOrVar","v":"value"},"天前"],"zero":"今天"},"$x":[{"t":"idOrVar","v":"plural"},"value"]},{"$i":"weeks-ago-long","$v":{"few":[{"t":"idOrVar","v":"value"},"星期前"],"many":[{"t":"idOrVar","v":"value"},"星期前"],"one":"上週","other":[{"t":"idOrVar","v":"value"},"星期前"],"two":[{"t":"idOrVar","v":"value"},"星期前"],"zero":"本週"},"$x":[{"t":"idOrVar","v":"plural"},"value"]},{"$i":"months-ago-long","$v":{"few":[{"t":"idOrVar","v":"value"},"個月前"],"many":[{"t":"idOrVar","v":"value"},"個月前"],"one":"上個月","other":[{"t":"idOrVar","v":"value"},"個月前"],"two":[{"t":"idOrVar","v":"value"},"個月前"],"zero":"本月"},"$x":[{"t":"idOrVar","v":"plural"},"value"]},{"$i":"years-ago-long","$v":{"few":[{"t":"idOrVar","v":"value"},"年前"],"many":[{"t":"idOrVar","v":"value"},"年前"],"one":"上一年","other":[{"t":"idOrVar","v":"value"},"年前"],"two":[{"t":"idOrVar","v":"value"},"年前"],"zero":"今年"},"$x":[{"t":"idOrVar","v":"plural"},"value"]},{"$i":"minutes-until-long","$v":{"few":["在",{"t":"idOrVar","v":"value"},"分鐘後"],"many":["在",{"t":"idOrVar","v":"value"},"分鐘後"],"other":["在",{"t":"idOrVar","v":"value"},"分鐘後"],"two":["在",{"t":"idOrVar","v":"value"},"分鐘後"],"zero":"現在","one":"1分鐘內"},"$x":[{"t":"idOrVar","v":"plural"},"value"]},{"$i":"hours-until-long","$v":{"few":["在",{"t":"idOrVar","v":"value"},"小時後"],"many":["在",{"t":"idOrVar","v":"value"},"小時後"],"other":["在",{"t":"idOrVar","v":"value"},"小時後"],"two":[{"t":"idOrVar","v":"value"},"小時"],"zero":"現在","one":"1小時內"},"$x":[{"t":"idOrVar","v":"plural"},"value"]},{"$i":"days-until-long","$v":{"few":["在",{"t":"idOrVar","v":"value"},"天後"],"many":["在",{"t":"idOrVar","v":"value"},"天後"],"one":"明天","other":["在",{"t":"idOrVar","v":"value"},"天後"],"two":["在",{"t":"idOrVar","v":"value"},"天後"],"zero":"今天"},"$x":[{"t":"idOrVar","v":"plural"},"value"]},{"$i":"weeks-until-long","$v":{"few":["在",{"t":"idOrVar","v":"value"},"週後"],"many":["在",{"t":"idOrVar","v":"value"},"週後"],"one":"下週","other":["在",{"t":"idOrVar","v":"value"},"週後"],"two":["在",{"t":"idOrVar","v":"value"},"週後"],"zero":"本週"},"$x":[{"t":"idOrVar","v":"plural"},"value"]},{"$i":"months-until-long","$v":{"few":["在",{"t":"idOrVar","v":"value"},"個月後"],"many":["在",{"t":"idOrVar","v":"value"},"個月後"],"one":"下個月","other":["在",{"t":"idOrVar","v":"value"},"個月後"],"two":["在",{"t":"idOrVar","v":"value"},"個月後"],"zero":"本月"},"$x":[{"t":"idOrVar","v":"plural"},"value"]},{"$i":"years-until-long","$v":{"few":["在",{"t":"idOrVar","v":"value"},"年後"],"many":["在",{"t":"idOrVar","v":"value"},"年後"],"one":"明年","other":["在",{"t":"idOrVar","v":"value"},"年後"],"two":["在",{"t":"idOrVar","v":"value"},"年後"],"zero":"今年"},"$x":[{"t":"idOrVar","v":"plural"},"value"]},{"$i":"minutes-ago-short","$v":{"other":[{"t":"idOrVar","v":"value"},"分鐘前"],"zero":"現在"},"$x":[{"t":"idOrVar","v":"plural"},"value"]},{"$i":"hours-ago-short","$v":{"other":[{"t":"idOrVar","v":"value"},"小時前"],"zero":"現在"},"$x":[{"t":"idOrVar","v":"plural"},"value"]},{"$i":"days-ago-short","$v":{"other":[{"t":"idOrVar","v":"value"},"天前"],"zero":"今天"},"$x":[{"t":"idOrVar","v":"plural"},"value"]},{"$i":"minutes-until-short","$v":{"other":["在",{"t":"idOrVar","v":"value"},"分鐘後"],"zero":"現在"},"$x":[{"t":"idOrVar","v":"plural"},"value"]},{"$i":"hours-until-short","$v":{"other":["在",{"t":"idOrVar","v":"value"},"小時後"],"zero":"現在"},"$x":[{"t":"idOrVar","v":"plural"},"value"]},{"$i":"days-until-short","$v":{"other":["在",{"t":"idOrVar","v":"value"},"天後"],"zero":"今天"},"$x":[{"t":"idOrVar","v":"plural"},"value"]},{"$i":"dateTimeFormat_%c","$v":"%a %b %e %Y %I:%M:%S %p"},{"$i":"dateTimeFormat_%x","$v":"%m/%d/%Y"},{"$i":"dateTimeFormat_%X","$v":"%p %I:%M:%S"},{"$i":"shortTimeFormat","$v":"%I:%M %p"},{"$i":"shortTimeFormat12","$v":"%I:%M %p"},{"$i":"shortTimeFormat24","$v":"%H:%M"},{"$i":"shortDateTimeFormat","$v":"%x %I:%M %p"},{"$i":"weekStartsOnMonday","$v":"0.0"},{"$i":"firstDayOfTheWeek","$v":"0.0"},{"$i":"time_am","$v":"上午"},{"$i":"time_pm","$v":"下午"},{"$i":"softkey-options","$v":"選項"},{"$i":"emergencyNumber","$v":"緊急號碼"},{"$i":"callAirplaneModeMessage","$v":"若要撥打電話，您需要在「設定」中停用飛航模式。"},{"$i":"callAirplaneModeBtnOk","$v":"確認"},{"$i":"callAirplaneModeTitle","$v":"飛航模式已啟動"},{"$i":"numberIsBusyTitle","$v":"號碼正在通話中"},{"$i":"numberIsBusyMessage","$v":"此號碼目前正在通話中。請稍後再試。"},{"$i":"fdnIsActiveTitle","$v":"FDN使用中"},{"$i":"fdnIsActiveMessage","$v":["FDN(固定撥號號碼)已啟動，且下列號碼不在您的FDN清單中：",{"t":"idOrVar","v":"number"}]},{"$i":"emergencyDialogBodyBadNumber","$v":"若要撥打電話，手機必須連線至網路。"},{"$i":"emergencyDialogBodyDeviceNotAccepted","$v":"網路不允許緊急電話。"},{"$i":"emergencyDialogBtnOk","$v":"確認"},{"$i":"emergencyDialogTitle","$v":"無網路連線"},{"$i":"invalidNumberToDialTitle","$v":"電話號碼無效"},{"$i":"invalidNumberToDialMessage","$v":"您撥打的電話號碼無效。"},{"$i":"unableToCallTitle","$v":"無法撥打電話。"},{"$i":"unableToCallMessage","$v":"無法立即撥打電話"},{"$i":"otherConnectionInUseTitle","$v":"其他連線在使用中"},{"$i":"otherConnectionInUseMessage","$v":"在其他連線上有一個通話正在進行中。您一次只能查看一個連線。"},{"$i":"connectingEllipsis","$v":"正在連線..."}]