[{"$i":"messages","$v":"Imiyalezo"},{"$i":"deleteMessages-title","$v":"Khetha"},{"$i":"selectThreads-title","$v":"Khetha"},{"$i":"edit","$v":"Hlela"},{"$i":"back","$v":"Emuva"},{"$i":"cancel","$v":"Khansela"},{"$i":"delete","$v":"Susa"},{"$i":"deleting-messages","$v":"Iyasusa..."},{"$i":"deselect","$v":"Yeka ukukhetha"},{"$i":"selected-threads","$v":{"few":[{"t":"idOrVar","v":"n"}," Ikhethiwe"],"many":[{"t":"idOrVar","v":"n"}," Ikhethiwe"],"one":[{"t":"idOrVar","v":"n"}," Ikhethiwe"],"other":[{"t":"idOrVar","v":"n"}," Ikhethiwe"],"two":[{"t":"idOrVar","v":"n"}," Ikhethiwe"],"zero":"0 okukhethiwe"},"$x":[{"t":"idOrVar","v":"plural"},"n"]},{"$i":"selected-messages","$v":{"few":[{"t":"idOrVar","v":"n"}," Ikhethiwe"],"many":[{"t":"idOrVar","v":"n"}," Ikhethiwe"],"one":[{"t":"idOrVar","v":"n"}," Ikhethiwe"],"other":[{"t":"idOrVar","v":"n"}," Ikhethiwe"],"two":[{"t":"idOrVar","v":"n"}," Ikhethiwe"],"zero":"0 okukhethiwe"},"$x":[{"t":"idOrVar","v":"plural"},"n"]},{"$i":"selectThreads-label","$v":"Khetha i-thread"},{"$i":"selectMessages-label","$v":"Khetha umlayezo"},{"$i":"new-message","$v":"Okusha"},{"$i":"delete-thread","$v":"Sula uhlu lomlayezo"},{"$i":"create-new-contact","$v":"Yakha Oxhumana Naye Omusha"},{"$i":"add-to-contact","$v":"Engeza kwengixhumana naye okhona kakade"},{"$i":"select-thread","$v":"Khetha i-thread"},{"$i":"settings","$v":"Amasethingi"},{"$i":"select-all","$v":"Konke"},{"$i":"deselect-all","$v":"Lutho"},{"$i":"select","$v":"Khetha"},{"$i":"sk-save-as-draft","$v":"Londoloza njengohlaka"},{"$i":"next","$v":"Okulandelayo"},{"$i":"send","$v":"Thumela"},{"$i":"add-contact","$v":"Faka"},{"$i":"add-suggestion","$v":"Khetha"},{"$i":"add-subject","$v":"Faka isihloko sengxoxo"},{"$i":"remove-subject","$v":"Susa isihloko"},{"$i":"add-attachment","$v":"Faka okunanyathiselwayo"},{"$i":"remove-attachment","$v":"Susa okunanyathelisiwe"},{"$i":"replace-attachment","$v":"Shintsha okunanyathelisiwe"},{"$i":"select-messages","$v":"Khetha umlayezo"},{"$i":"call","$v":"Fona"},{"$i":"forward","$v":"Phambili"},{"$i":"view-message-report","$v":"Buka imininingwane yomlayezo"},{"$i":"cancel-view-report","$v":"Khansela"},{"$i":"ok","$v":"KULUNGILE"},{"$i":"enter","$v":"Faka"},{"$i":"open","$v":"Vula"},{"$i":"to","$v":"Iya"},{"$i":"new","$v":"Okusha"},{"$i":"message","$v":"Umyalezo"},{"$i":"messagesInput_placeholder","$v":"Umyalezo"},{"$i":"messagesSubjectInput_placeholder","$v":"Isihloko"},{"$i":"subjectComposerInput_placeholder","$v":"Isihloko"},{"$i":"converted-to-mms","$v":"Iguqulela kwezokuxhumana okuxubile"},{"$i":"converted-to-sms","$v":"Iguqulela kumlayezo wombhalo"},{"$i":"messages-max-length-text","$v":"Ufinyelele ekugcineni kobude."},{"$i":"messages-max-subject-length-text","$v":"Ufinyelele ekugcineni kobude beesihloko."},{"$i":"multimedia-message-exceeded-max-length","$v":["Lo mlayezo udlula isilinganiso esibekiwe ",{"t":"idOrVar","v":"mmsSize"}," KB somyalezo owodwa."]},{"$i":"newMessage","$v":"Umyalezo omusha"},{"$i":"sendMessage","$v":"Thumela umlayezo"},{"$i":"sendMMSToEmail","$v":"Thumela umyalezo we-multimedia"},{"$i":"no-recipient","$v":"(Akekho umamukeli)"},{"$i":"recipient","$v":{"few":[{"t":"idOrVar","v":"n"}," obamukelayo"],"many":[{"t":"idOrVar","v":"n"}," obamukelayo"],"one":[{"t":"idOrVar","v":"n"}," owamukelayo"],"other":[{"t":"idOrVar","v":"n"}," obamukelayo"],"two":[{"t":"idOrVar","v":"n"}," obamukelayo"]},"$x":[{"t":"idOrVar","v":"plural"},"n"]},{"$i":"attachmentSizeB","$v":[{"t":"idOrVar","v":"n"}," B"]},{"$i":"attachmentSizeKB","$v":[{"t":"idOrVar","v":"n"}," KB"]},{"$i":"attachmentSizeMB","$v":[{"t":"idOrVar","v":"n"}," MB"]},{"$i":"attachmentOpenError","$v":"Ayikho i-aplikhethini ekwazi ukuvula leli fayela."},{"$i":"attachmentNotFile","$v":"Leli fayela alitholakali."},{"$i":"remove","$v":"Susa"},{"$i":"participant","$v":{"few":[{"t":"idOrVar","v":"n"}," ababambi qhaza"],"many":[{"t":"idOrVar","v":"n"}," ababambi qhaza"],"one":[{"t":"idOrVar","v":"n"}," umbambi qhaza"],"other":[{"t":"idOrVar","v":"n"}," ababambi qhaza"],"two":[{"t":"idOrVar","v":"n"}," ababambi qhaza"]},"$x":[{"t":"idOrVar","v":"plural"},"n"]},{"$i":"message-report","$v":"Umbiko womyalezo"},{"$i":"message-type-sms","$v":"Umlayezo (SMS)"},{"$i":"message-type-mms","$v":"Umlayezo wokuxhumana okuxubile (MMS)"},{"$i":"sms-report-description","$v":["Umyalezo wakho (SMS), wathunyelwa ngo ",{"t":"idOrVar","v":"datetime"}]},{"$i":"mms-report-description","$v":["I-Multimedia Message (MMS), izihloko ",{"t":"idOrVar","v":"subject"},", zathunyelwa ",{"t":"idOrVar","v":"datetime"}]},{"$i":"mms-no-subject-report-description","$v":["I-Multimedia Message (MMS), yathunyelwa ku ",{"t":"idOrVar","v":"datetime"}]},{"$i":"message-subject","$v":"Isihloko:"},{"$i":"report-status-error","$v":"Umlayezo awukwazanga ukuthunyelwa."},{"$i":"report-status-not-downloaded","$v":"awukadawunilodwa"},{"$i":"report-status-delivered","$v":"Okuthunyelwe:"},{"$i":"report-status-read","$v":"Funda:"},{"$i":"report-status-pending","$v":"Memezela isicelo"},{"$i":"report-status-rejected","$v":"Umlayezo unqatshelwe"},{"$i":"message-size-was","$v":"Usayizi womlayezo:"},{"$i":"report-to-title","$v":"Iya"},{"$i":"report-from-title","$v":"Ivela ku"},{"$i":"message-sent","$v":"Kuthunyeliwe:"},{"$i":"message-sending","$v":[{"t":"idOrVar","v":"message-delivery-status-sending"}]},{"$i":"message-received","$v":"Okutholakele:"},{"$i":"message-via","$v":"Nge:"},{"$i":"message-resend","$v":"Thumela futhi"},{"$i":"search","$v":"Cinga"},{"$i":"unknown-contact-title","$v":"Oxhumana Naye Ongaziwa"},{"$i":"phone-type-separator","$v":", "},{"$i":"phone-carrier-separator","$v":" "},{"$i":"thread-participant-separator","$v":", "},{"$i":"replace-draft","$v":"Shintsha idraft"},{"$i":"save-as-draft","$v":"Londoloza"},{"$i":"discard-message","$v":"Lahla"},{"$i":"discard-sms","$v":"Uqinisekile ukuthi ufuna ukusula lo mlayezo ?"},{"$i":"discard-new-message","$v":"Lahla umyalezo owubhalawo bese uvula umyalezo omusha?"},{"$i":"resend-confirmation","$v":"Umlayezo awukwazanga ukuthunyelwa. Zama futhi?"},{"$i":"resend-message","$v":"Phinde uwuthumele lo myalezo"},{"$i":"deleteMessage-confirmation","$v":"Susa lo mlayezo we-imeyili okhethiwe?"},{"$i":"deleteMessages-confirmation","$v":"Susa lo mlayezo we-imeyili okhethiwe?"},{"$i":"deleteThreads-confirmation2","$v":{"one":"Susa lo mlayezo we-imeyili okhethiwe?","other":"Susa lo mlayezo we-imeyili okhethiwe?"},"$x":[{"t":"idOrVar","v":"plural"},"n"]},{"$i":"new-message-notice-text","$v":"Umlayezo omusha osuka ku-."},{"$i":"new-message-notice-a-text","$v":"Funda"},{"$i":"noMessages-title","$v":"Ayikho imilayezo"},{"$i":"noMessages-text","$v":"Chofoza Okusha ukuze uqale ukuxhumana."},{"$i":"sendDefaultErrorTitle","$v":"Ukuthumela Kwehlulekile"},{"$i":"sendDefaultErrorBody","$v":"Kube nenkinga lapho kuthunyelwa umyalezo. Sicela uzame futhi."},{"$i":"sendDefaultErrorBtnOk","$v":"KULUNGILE"},{"$i":"sendMissingSimCardTitle","$v":"Ukuthumela Kwehlulekile"},{"$i":"sendMissingSimCardBody","$v":"Faka i-SIM khadi esebenzayo ukuze uqhubeke."},{"$i":"sendMissingSimCardBtnOk","$v":"KULUNGILE"},{"$i":"sendFlightModeTitle","$v":"Ukuthumela Kwehlulekile"},{"$i":"sendFlightModeBody","$v":"Kumele uvale imodi yendiza ukuze uthumele umlayezo."},{"$i":"sendFlightModeBtnOk","$v":"KULUNGILE"},{"$i":"radioDisabledToDownloadTitle","$v":"Ukuhluleka Kokudawuniloda"},{"$i":"radioDisabledToDownloadBody","$v":"Vala imodi yendiza ukuze udawunilode okunanyathiselwe."},{"$i":"radioDisabledToDownloadBtnOk","$v":[{"t":"idOrVar","v":"sendFlightModeBtnOk"}]},{"$i":"downloadDefaultErrorTitle","$v":"Ukuhluleka Kokudawuniloda"},{"$i":"downloadDefaultErrorBody","$v":"Kube nenkinga ekudawunilodeni imeseji. Sicela uphinde uzame."},{"$i":"downloadDefaultErrorBtnOk","$v":[{"t":"idOrVar","v":"sendDefaultErrorBtnOk"}]},{"$i":"fdnErrorTitle","$v":"Ukuthumela Kwehlulekile"},{"$i":"needConnectWifiBody","$v":["Ayikho inethiwekhi yedatha yeselula etholakalayo. Xhuma kuyinethiwekhi ",{"t":"idOrVar","v":"Wi-Fi"}," etholakalayo ukuze uthumele imiyalezo."]},{"$i":"needConnectWifiTitle","$v":"Umlayezo awuthunyelwanga"},{"$i":"mmsChanelUsedBody","$v":"Kunokuthunyelwa kwe-MMS ngokungezansi kwe-non-DDS, sicela ulinde ukuze ukuthumela kuqede."},{"$i":"mmsChanelUsedTitle","$v":"I-MMS Chanel Isetshenzisiwe"},{"$i":"sms-counter-notice-label","$v":["Lungisa i-SMS ",{"t":"idOrVar","v":"number"}]},{"$i":"fdnErrorBody","$v":{"few":"I-FDN (Izinombolo Zokudayela Okuhleliwe) ivuliwe. Qikelela ukuthi isenta yeSMS nalaba bantu bakhona ohlwini lwakho lwe-FDN.","many":"I-FDN (Izinombolo Zokudayela Okuhleliwe) ivuliwe. Qikelela ukuthi isenta yeSMS nalaba bantu bakhona ohlwini lwakho lwe-FDN.","one":"I-FDN (Izinombolo Zokudayela Okuhleliwe) ivuliwe. Qikelela ukuthi isenta yeSMS nalaba bantu bakhona ohlwini lwakho lwe-FDN.","other":"I-FDN (Izinombolo Zokudayela Okuhleliwe) ivuliwe. Qikelela ukuthi isenta yeSMS nalaba bantu bakhona ohlwini lwakho lwe-FDN.","two":"I-FDN (Izinombolo Zokudayela Okuhleliwe) ivuliwe. Qikelela ukuthi isenta yeSMS nalaba bantu bakhona ohlwini lwakho lwe-FDN."},"$x":[{"t":"idOrVar","v":"plural"},"n"]},{"$i":"fdnErrorBtnOk","$v":"KULUNGILE"},{"$i":"sendNoSignalErrorTitle","$v":"Ukuthumela Kwehlulekile"},{"$i":"sendNoSignalErrorBody","$v":"Akunasiginali yeselula, sicela uzame futhi."},{"$i":"sendNoSignalErrorBtnOk","$v":"KULUNGILE"},{"$i":"sendNotFoundErrorTitle","$v":"Ukuthumela Kwehlulekile"},{"$i":"sendNotFoundErrorBody","$v":"Umyalezo owofunayo awusekho."},{"$i":"sendNotFoundErrorBtnOk","$v":"KULUNGILE"},{"$i":"sendInvalidAddressErrorTitle","$v":"Ukuthumela Kwehlulekile"},{"$i":"sendInvalidAddressErrorBody","$v":"Qikelela ukuthi inombolo othumela kuyo iyasebenza."},{"$i":"sendInvalidAddressErrorBtnOk","$v":"KULUNGILE"},{"$i":"simNotMatchedErrorTitle","$v":"Ayikwazi ukudawuniloda."},{"$i":"simNotMatchedErrorBody","$v":"Sicela uqikelele ukuthi i-SIM khadi efakiwe yiyo esetshenziselwe ukwamukela lo myalezo."},{"$i":"simNotMatchedErrorBtnOk","$v":"KULUNGILE"},{"$i":"netWorkErrorTitle","$v":"Ukwahluleka kwenethiwekhi"},{"$i":"netWorkErrorBody","$v":"Iphutha lenethiwekhi. Sicela ubheke ukuxhumana kwakho kwenethiwekhi."},{"$i":"netWorkErrorBtnOk","$v":"KULUNGILE"},{"$i":"deleted-sms","$v":"Lo myalezo usususiwe kakade."},{"$i":"view-attachment-image","$v":"Buka"},{"$i":"view-attachment-audio","$v":"Lalela"},{"$i":"view-attachment-video","$v":"Buka"},{"$i":"view-attachment-other","$v":"Buka"},{"$i":"remove-attachment-image","$v":"Susa isithombe"},{"$i":"remove-attachment-audio","$v":"Susa umsindo"},{"$i":"remove-attachment-video","$v":"Susa ividiyo"},{"$i":"remove-attachment-other","$v":"Susa okunanyathelisiwe"},{"$i":"replace-attachment-image","$v":"Shintsha isithombe"},{"$i":"replace-attachment-audio","$v":"Shintsha umculo"},{"$i":"replace-attachment-video","$v":"Shintsha ividiyo"},{"$i":"replace-attachment-other","$v":"Shintsha okunanyathelisiwe"},{"$i":"unsent-message-title","$v":"Umyalezo Ongathumelekanga"},{"$i":"unsent-message-description","$v":"Umyalezo wakho odlule awuthunyelwanga. Ingabe ufuna ukuwulungisa noma ufuna ukulahla bese uyaqhubeka?"},{"$i":"unsent-message-option-edit","$v":"Hlela"},{"$i":"unsent-message-option-discard","$v":"Lahla"},{"$i":"message-options","$v":"Izinketho zomlayezo"},{"$i":"select-text","$v":"Khetha umbhalo"},{"$i":"mobile","$v":"Imobhali"},{"$i":"home","$v":"Ekhaya"},{"$i":"work","$v":"Emsebenzini"},{"$i":"personal","$v":"Siqu"},{"$i":"faxHome","$v":"Feksa ekhaya"},{"$i":"faxOffice","$v":"Feksa ehhovisi"},{"$i":"faxOther","$v":"Feksa kwenye indawo"},{"$i":"another","$v":"Okunye"},{"$i":"other","$v":"Okunye"},{"$i":"today","$v":"Namhlanje"},{"$i":"yesterday","$v":"Izolo"},{"$i":"incorrectDate","$v":"(Usuku olunganembile)"},{"$i":"addToExistingContact","$v":"Engeza kwengixhumana naye okhona kakade"},{"$i":"createNewContact","$v":"Yakha Oxhumana Naye Omusha"},{"$i":"viewContact","$v":"Bheka engixhumana nabo"},{"$i":"sendEmail","$v":"Thumela I-email"},{"$i":"mms-message","$v":"Umyalezo we-MMS omusha"},{"$i":"notDownloaded-title","$v":"Umyalezo awukadawunilodwa."},{"$i":"tobedownloaded-attachment","$v":["Uthole umyalezo oyingxube, cindezela ukuthi uDawunilode uzothola okuphakathi ngaphambi ",{"t":"idOrVar","v":"date"},"."]},{"$i":"expired-attachment","$v":["Uxolo, umyalezo uphelelwe yisikhathi ngo ",{"t":"idOrVar","v":"date"}," futhi ngeke udawunilodeke."]},{"$i":"download-attachment","$v":"Dawuniloda"},{"$i":"downloading-attachment","$v":"Iyadawuniloda…"},{"$i":"download-complete","$v":"Ukudawuniloda kuphelile"},{"$i":"unnamed-attachment","$v":"Okungenasihloko"},{"$i":"mms-label","$v":"I-MMS"},{"$i":"not-download-label","$v":"Uthle umyalezo we- multimedia , landa ukuze uthole kabusha okuqukethwe kuwo ngaphambili"},{"$i":"attachment-label","$v":"Okunanyathiselwe"},{"$i":"attached-files-too-large","$v":{"few":["Le milayezo idlula umkhawulo wosayizi we-",{"t":"idOrVar","v":"mmsSize"}," MB womlayezo wemalthimidiya owodwa."],"many":["Le milayezo idlula umkhawulo wosayizi we-",{"t":"idOrVar","v":"mmsSize"}," MB womlayezo wemalthimidiya owodwa."],"one":["Lo mlayezo udlula isilinganiso esibekiwe ",{"t":"idOrVar","v":"mmsSize"}," KB somyalezo owodwa."],"other":["Le milayezo idlula umkhawulo wosayizi we-",{"t":"idOrVar","v":"mmsSize"}," MB womlayezo wemalthimidiya owodwa."],"two":["Le milayezo idlula umkhawulo wosayizi we-",{"t":"idOrVar","v":"mmsSize"}," MB womlayezo wemalthimidiya owodwa."],"zero":["Le milayezo idlula umkhawulo wosayizi we-",{"t":"idOrVar","v":"mmsSize"}," MB womlayezo wemalthimidiya owodwa."]},"$x":[{"t":"idOrVar","v":"plural"},"n"]},{"$i":"resize-image","$v":"Ukunciphisa isithombe esinanyathelisiwe"},{"$i":"no-attachment-text","$v":"Kunenkinga nefayela elinanyathiselwe, alidawunilodeki."},{"$i":"message-draft-saved","$v":"Umlayezo ulondolozwe njengokungaphelele"},{"$i":"sim-id-label","$v":["I-SIM ",{"t":"idOrVar","v":"id"}]},{"$i":"sim-detail","$v":["I-SIM ",{"t":"idOrVar","v":"id"},", ",{"t":"idOrVar","v":"detailString"}]},{"$i":"dsds-notification-title-with-sim","$v":["(",{"t":"idOrVar","v":"sim"},") ",{"t":"idOrVar","v":"sender"}]},{"$i":"send-button","ariaLabel":"Thumela"},{"$i":"send-button-sim-indication","$v":[{"t":"idOrVar","v":"n"}],"ariaLabel":["Ukusebenzisa i-SIM ",{"t":"idOrVar","v":"n"}]},{"$i":"expiry-date-format","$v":"%A, %b %e"},{"$i":"attach-button","ariaLabel":"Faka okunanyathiselwayo"},{"$i":"contact-photo","ariaLabel":"Isithombe soxhumana naye"},{"$i":"unread-thread","ariaLabel":"Okungafundiwe"},{"$i":"has-draft","ariaLabel":"Inedraft"},{"$i":"is-draft","ariaLabel":"Okungaphelele"},{"$i":"message-delivery-status-sending","$v":"Iyathumela…"},{"$i":"message-delivery-status-delivered","$v":"Kuthunyelwe"},{"$i":"message-delivery-status-read","ariaLabel":"Funda"},{"$i":"message-delivery-status-error","ariaLabel":"Iphutha"},{"$i":"modal-dialog-ok-button","$v":"KULUNGILE"},{"$i":"modal-dialog-cancel-button","$v":"Khansela"},{"$i":"modal-dialog-default-title","$v":"Imiyalezo"},{"$i":"delete-message","$v":"Umlayezo ususiwe"},{"$i":"message-converted-to-toast","$v":["Umyalezo ushintshiwa waba yi ",{"t":"idOrVar","v":"type"}]},{"$i":"message-sent-toast","$v":"Umlayezo uthunyelwe"},{"$i":"deleteMessage-confirmation2","$v":"Susa lo mlayezo we-imeyili okhethiwe?"},{"$i":"deleted-message","$v":{"few":[{"t":"idOrVar","v":"n"}," imiyalezo isusiswe"],"many":[{"t":"idOrVar","v":"n"}," imiyalezo isusiswe"],"one":[{"t":"idOrVar","v":"n"}," umlayezo ususiwe"],"other":[{"t":"idOrVar","v":"n"}," imiyalezo isusiswe"],"two":[{"t":"idOrVar","v":"n"}," imiyalezo isusiswe"],"zero":"0 umlayezo osusiwe"},"$x":[{"t":"idOrVar","v":"plural"},"n"]},{"$i":"deleted-threads","$v":{"few":[{"t":"idOrVar","v":"n"}," imiyalezo ehlangene isusiwe"],"many":[{"t":"idOrVar","v":"n"}," imiyalezo ehlangene isusiwe"],"one":"Imiyalezo ehlangene esusiwe","other":[{"t":"idOrVar","v":"n"}," imiyalezo ehlangene isusiwe"],"two":[{"t":"idOrVar","v":"n"}," imiyalezo ehlangene isusiwe"],"zero":"0 Imiyalezo ehlangene esusiwe"},"$x":[{"t":"idOrVar","v":"plural"},"n"]},{"$i":"wapPushMessages","$v":"Umlayezo We-WAP Push"},{"$i":"auto-retrieve-messages","$v":"Thola imilayezo ngokuzenzakalelayo"},{"$i":"auto-retrieve-messages-title","$v":"Thola imilayezo ngokuzenzakalelayo"},{"$i":"auto-roaming-retrieve","$v":"Ukuqhubeka nokuzula"},{"$i":"auto-no-roaming-retrieve","$v":"Ukuqhubeka ngaphandle kokuzula"},{"$i":"mmsTitle","$v":"Umlayezo Wokuxhumana Okuxubile (MMS)"},{"$i":"message-delivery-reports","$v":"Umbiko wokuthumela"},{"$i":"message-delivery-reports-title","$v":"Umbiko Wokuthumela"},{"$i":"messageReport-title","$v":"Imininingwane Yomlayezo"},{"$i":"sms-label","$v":"I-SMS"},{"$i":"messaging-settings","$v":"Ukuhlela Amasethingi"},{"$i":"messagingSettings-header","$v":[{"t":"idOrVar","v":"messaging-settings"}]},{"$i":"confirmation-title","$v":"Ukuqinisekisa"},{"$i":"draft-save-content","$v":"Londoloza njenge-draft?"},{"$i":"draft-discard-content","$v":"Umlayezo ulahliwe"},{"$i":"switch-on","$v":"Ivuliwe"},{"$i":"switch-off","$v":"IValiwe"},{"$i":"auto-retrieve-desc","$v":"Thola imilayezo ngokuzenzakalelayo"},{"$i":"confirm-dialog-ok","$v":"KULUNGILE"},{"$i":"yes","$v":"Yebo"},{"$i":"no","$v":"Cha"},{"$i":"delete-current-thread?","$v":"Susa lo mlayezo we-imeyili okhethiwe?"},{"$i":"attention","$v":"Qaphela"},{"$i":"delivery-title","$v":"Umlayezo (SMS)"},{"$i":"send-failed","$v":"Ukuthumela kwehlulekile."},{"$i":"subject-removed","$v":"Isihloko sisusiswe."},{"$i":"data-storage-limit-alert-title","$v":"Istoreji Sefoni Sigcwele"},{"$i":"data-storage-limit-send-body","$v":"Ayikwazi ukuthumela i-MMS. Sula imilayezo noma iya kokuthi Amasethingi ukuze ukhulule isikhala."},{"$i":"data-storage-limit-download-body","$v":"Ayikwazi ukulanda i-MMS. Sula imilayezo noma iya kokuthi Amasethingi ukuze ukhulule isikhala."},{"$i":"data-storage-limit-attachment-body","$v":"Ayikwazi ukufaka okunanyathiselwayo. Cima umyalezo noma uye Kumasethingi ukuze wenze isikhala."},{"$i":"data-storage-limit-alert-cancel","$v":"Khansela"},{"$i":"data-storage-limit-alert-setting","$v":"Amasethingi"},{"$i":"recipient-repeat","$v":"Phinda kabili oxhumana nabo."},{"$i":"email","$v":"I-imeyili"},{"$i":"options","$v":"Okhetha kukho"},{"$i":"emergency-alert-title","$v":"Izexwayiso zesimo esiphuthumayo ezingenantambo"},{"$i":"emergency-alert","$v":"Izaziso eziphuthumayo eziyi-wireless"},{"$i":"wappushNormal","$v":"I-Wap push"},{"$i":"wappushSIM1","$v":"I-WAP Push - SIM 1"},{"$i":"wappushSIM2","$v":"I-WAP Push - SIM 2"},{"$i":"not-assigned","$v":"Ayabelwanga"},{"$i":"switchSIMDataSendAlertTitle","$v":"IMMS ihlulekile ukuthumela."},{"$i":"switchSIMDataSendAlertBody","$v":["Ukuze uthumele i-MMS, kudingeka ushintshe i-SIM khadi ukuze idatha yenze i-SIM ",{"t":"idOrVar","v":"nonActiveSimId"}," kumasethingi Okulawula I-SIM.."]},{"$i":"switchSIMDataSendAlertDesc","$v":"Sicela uye kwi-app yamaSethingi ukuze ulungise amasethingi"},{"$i":"switchSIMDataReceiveAlertTitle","$v":"IMMS ihlulekile ukwamukela."},{"$i":"switchSIMDataReceiveAlertBody","$v":["Ukuze uthole i-MMS, kudingeka ushintshe i-SIM khadi ukuze idatha yenze i-SIM ",{"t":"idOrVar","v":"nonActiveSimId"}," kumasethingi Okulawula I-SIM."]},{"$i":"switchSIMDataReceiveAlertDesc","$v":"Sicela uye kwi-app yamaSethingi ukuze ulungise amasethingi"},{"$i":"group-message","$v":"Umlayezo Weqembu"},{"$i":"individual-message","$v":"Umlayezo ngamunye"},{"$i":"group-message-alert-title","$v":"Umlayezo Weqembu"},{"$i":"group-message-alert-body","$v":"Dala umlayezo weqembu? (Umlayezo weqembu uzothunyelwa nge-MMS futhi uzobangela izindleko ezingeziwe kusuka kumhlinzeki ongenazintambo kuye ngecebo lesevisi.)"},{"$i":"group-message-individual","$v":"Cha"},{"$i":"group-message-setting","$v":"Yakha"},{"$i":"new-message-individual","$v":"Umlayezo omusha (Ngamunye)"},{"$i":"new-message-group","$v":"Umlayezo omusha (Iqembu)"},{"$i":"device-phone-number","$v":"Inombolo yami yefoni"},{"$i":"group-message-phone","$v":"Imilayezo Yeqembu"},{"$i":"my-phone-number-SIM1","$v":"Inombolo yami yefoni - SIM 1"},{"$i":"my-phone-number-SIM2","$v":"Inombolo yami yefoni - SIM 2"},{"$i":"delivery-notification","$v":"Ukulethwa kwemeyili"},{"$i":"wait","$v":"kulindile"},{"$i":"isTextTooLongAlert","$v":"Umlayezo udlule ubude obukhulu."},{"$i":"video-call","$v":"Ukufona ngevidiyo"},{"$i":"normal-call","$v":"Fona"},{"$i":"attachment","$v":"Okunanyathiselwe"},{"$i":"limit-MMS-recipients","$v":"I-MMS ngayinye ingathunyelwa kubantu abangu-20 kuphela."},{"$i":"block-contact","$v":"Vimbela oxhumana naye"},{"$i":"blocked","$v":"Vimba"},{"$i":"unblocked","$v":"Yeka ukuyivimba"},{"$i":"rtt-call","$v":"Ikholi ye-RTT"},{"$i":"remove-all-attachments","$v":"Susa konke okunamathiselwe"},{"$i":"block-confirmation","$v":"Ngeke wamukele izingcingo, amameseji kubantu abasohlwini olivinjiwe."},{"$i":"space-low-not-save","$v":"Isitoreji sigcwele, ayikwazi ukulondoloza okusalungiswa."},{"$i":"creation-mode-messages","$v":"Imodi yokudala"},{"$i":"creation-mode-restricted","$v":"Kukhawulelwe"},{"$i":"creation-mode-warning","$v":"Isexwayiso"},{"$i":"creation-mode-free","$v":"Mahhala"},{"$i":"creationMode_restricted_title","$v":"umkhawulo wemodi yokudala"},{"$i":"creationMode_restricted_alert","$v":"Imodi yokudala ikhawulelwe, awukwazi ukungeza okunamathiselwe okungeyona i-Core MM Content Domain."},{"$i":"creationMode_warning_title","$v":"isexwayiso semodi yokudala"},{"$i":"creationMode_warning_alert","$v":"Ingabe uyaqiniseka ukungeza okunamathiselwayo okungeyona i-Core MM Content Domain?"},{"$i":"withoutDataTitle","$v":"Akukho ukuxhumana kweDatha"},{"$i":"withoutDataBody","$v":"Sicela unike amandla Uxhumo Lwedatha kuzilungiselelo ukuze uthumele noma ulande i-MMS"},{"$i":"withoutDataBtnOk","$v":"KULUNGILE"},{"$i":"withoutDataBtnSettings","$v":"Amasethingi"},{"$i":"FTUTitle","$v":"Siyakwamukela kokuthi Imilayezo."},{"$i":"FTUBody","$v":"Kufanele unikezele ngenombolo yakho yefoni ukuze usebenzise imilayezo."},{"$i":"myNumber","$v":"Inombolo yami yefoni"},{"$i":"myNumber-SIM1","$v":"Inombolo yami yefoni - SIM 1"},{"$i":"myNumber-SIM2","$v":"Inombolo yami yefoni - SIM 2"},{"$i":"save-number","$v":"Londoloza"},{"$i":"input-alert-show","$v":"Le inombolo yakho yefoni."},{"$i":"input-alert-reInput","$v":"Kufanele unikezele ngenombolo yakho yefoni ukuze usebenzise imilayezo."},{"$i":"multiple-recipients-flag","$v":",..."},{"$i":"parent-control-text","$v":"Le nombolo ivinjelwe. Ungacela abazali bakho imvume."},{"$i":"groupNumberInputOne-placeholder","$v":"Inombolo yami yefoni - SIM 1"},{"$i":"groupNumberInputOne","$v":"Inombolo yami yefoni"},{"$i":"groupNumberInputTwo-placeholder","$v":"Inombolo yami yefoni - SIM 2"},{"$i":"groupNumberInputTwo","$v":"Inombolo yami yefoni"},{"$i":"custom-message-sent","$v":["Uphendule u ",{"t":"idOrVar","v":"name"}]},{"$i":"colon","$v":":"},{"$i":"sms-encoding-mode","$v":"Ikhodi ye-Sms"},{"$i":"sms-reduced-format","$v":"Ifomethi yehlisiwe"},{"$i":"sms-full-format","$v":"Ifomethi egcwele"},{"$i":"smscNormal","$v":"Isikhungo Sesevisi"},{"$i":"smscSIM1","$v":"Isikhungo Sesevisi SIM1"},{"$i":"smscSIM2","$v":"Isikhungo Sesevisi SIM2"},{"$i":"weekday-0-long","$v":"ISonto"},{"$i":"weekday-1-long","$v":"UMsombuluko"},{"$i":"weekday-2-long","$v":"ULwesibili"},{"$i":"weekday-3-long","$v":"ULwesithathu"},{"$i":"weekday-4-long","$v":"ULwesine"},{"$i":"weekday-5-long","$v":"ULwesihlanu"},{"$i":"weekday-6-long","$v":"UMgqibelo"},{"$i":"weekday-0-short","$v":"Isonto"},{"$i":"weekday-1-short","$v":"Mso"},{"$i":"weekday-2-short","$v":"Lwbl"},{"$i":"weekday-3-short","$v":"Lwth"},{"$i":"weekday-4-short","$v":"Lwesn"},{"$i":"weekday-5-short","$v":"Lwshl"},{"$i":"weekday-6-short","$v":"Mgq"},{"$i":"month-0-long","$v":"Januwari"},{"$i":"month-1-long","$v":"Febhuwari"},{"$i":"month-2-long","$v":"Mashi"},{"$i":"month-3-long","$v":"Ephreli"},{"$i":"month-4-long","$v":"Meyi"},{"$i":"month-5-long","$v":"Juni"},{"$i":"month-6-long","$v":"Julayi"},{"$i":"month-7-long","$v":"Agasti"},{"$i":"month-8-long","$v":"Septhemba"},{"$i":"month-9-long","$v":"Okthoba"},{"$i":"month-10-long","$v":"Novemba"},{"$i":"month-11-long","$v":"Disemba"},{"$i":"month-0-genitive","$v":"Januwari"},{"$i":"month-1-genitive","$v":"Febhuwari"},{"$i":"month-2-genitive","$v":"Mashi"},{"$i":"month-3-genitive","$v":"Ephreli"},{"$i":"month-4-genitive","$v":"Meyi"},{"$i":"month-5-genitive","$v":"Juni"},{"$i":"month-6-genitive","$v":"Julayi"},{"$i":"month-7-genitive","$v":"Agasti"},{"$i":"month-8-genitive","$v":"Septhemba"},{"$i":"month-9-genitive","$v":"Okthoba"},{"$i":"month-10-genitive","$v":"Novemba"},{"$i":"month-11-genitive","$v":"Disemba"},{"$i":"month-0-short","$v":"Jan"},{"$i":"month-1-short","$v":"Feb"},{"$i":"month-2-short","$v":"Mas"},{"$i":"month-3-short","$v":"Ephr"},{"$i":"month-4-short","$v":"Meyi"},{"$i":"month-5-short","$v":"Jun"},{"$i":"month-6-short","$v":"Jul"},{"$i":"month-7-short","$v":"Aga"},{"$i":"month-8-short","$v":"Sep"},{"$i":"month-9-short","$v":"Okt"},{"$i":"month-10-short","$v":"Nov"},{"$i":"month-11-short","$v":"Dis"},{"$i":"minutes-ago-long","$v":{"few":[{"t":"idOrVar","v":"value"}," imizuzu edlule"],"many":[{"t":"idOrVar","v":"value"}," imizuzu edlule"],"other":[{"t":"idOrVar","v":"value"}," imizuzu edlule"],"two":[{"t":"idOrVar","v":"value"}," imizuzu edlule"],"one":"Umzuzu odlule","zero":"Manje"},"$x":[{"t":"idOrVar","v":"plural"},"value"]},{"$i":"hours-ago-long","$v":{"few":[{"t":"idOrVar","v":"value"}," amahora adlule"],"many":[{"t":"idOrVar","v":"value"}," amahora adlule"],"other":[{"t":"idOrVar","v":"value"}," amahora adlule"],"two":[{"t":"idOrVar","v":"value"}," amahora adlule"],"one":"ihora elidlule","zero":"Manje"},"$x":[{"t":"idOrVar","v":"plural"},"value"]},{"$i":"days-ago-long","$v":{"few":[{"t":"idOrVar","v":"value"}," izinsuku ezidlule"],"many":[{"t":"idOrVar","v":"value"}," izinsuku ezidlule"],"one":"izolo","other":[{"t":"idOrVar","v":"value"}," izinsuku ezidlule"],"two":[{"t":"idOrVar","v":"value"}," izinsuku ezidlule"],"zero":"namuhla"},"$x":[{"t":"idOrVar","v":"plural"},"value"]},{"$i":"weeks-ago-long","$v":{"few":[{"t":"idOrVar","v":"value"}," amaviki adlule"],"many":[{"t":"idOrVar","v":"value"}," amaviki adlule"],"one":"iviki eledlule","other":[{"t":"idOrVar","v":"value"}," amaviki adlule"],"two":[{"t":"idOrVar","v":"value"}," amaviki adlule"],"zero":"kuleli viki"},"$x":[{"t":"idOrVar","v":"plural"},"value"]},{"$i":"months-ago-long","$v":{"few":[{"t":"idOrVar","v":"value"}," izinyanga ezidlule"],"many":[{"t":"idOrVar","v":"value"}," izinyanga ezidlule"],"one":"inyanga edlule","other":[{"t":"idOrVar","v":"value"}," izinyanga ezidlule"],"two":[{"t":"idOrVar","v":"value"}," izinyanga ezidlule"],"zero":"kule nyanga"},"$x":[{"t":"idOrVar","v":"plural"},"value"]},{"$i":"years-ago-long","$v":{"few":[{"t":"idOrVar","v":"value"}," iminyaka edlule"],"many":[{"t":"idOrVar","v":"value"}," iminyaka edlule"],"one":"ngonyaka odlule","other":[{"t":"idOrVar","v":"value"}," iminyaka edlule"],"two":[{"t":"idOrVar","v":"value"}," iminyaka edlule"],"zero":"kulo nyaka"},"$x":[{"t":"idOrVar","v":"plural"},"value"]},{"$i":"minutes-until-long","$v":{"few":["emizuzwini engu ",{"t":"idOrVar","v":"value"}],"many":["emizuzwini engu ",{"t":"idOrVar","v":"value"}],"other":["emizuzwini engu ",{"t":"idOrVar","v":"value"}],"two":["emizuzwini engu ",{"t":"idOrVar","v":"value"}],"zero":"manje","one":"Ngemva komzuzu"},"$x":[{"t":"idOrVar","v":"plural"},"value"]},{"$i":"hours-until-long","$v":{"few":["emahoreni angu ",{"t":"idOrVar","v":"value"}],"many":["emahoreni angu ",{"t":"idOrVar","v":"value"}],"other":["emahoreni angu ",{"t":"idOrVar","v":"value"}],"two":["emahoreni angu ",{"t":"idOrVar","v":"value"}],"zero":"manje","one":"Ngemva kwehora"},"$x":[{"t":"idOrVar","v":"plural"},"value"]},{"$i":"days-until-long","$v":{"few":["Ezinsukwini ezingu ",{"t":"idOrVar","v":"value"}],"many":["Ezinsukwini ezingu ",{"t":"idOrVar","v":"value"}],"one":"kusasa","other":["Ezinsukwini ezingu ",{"t":"idOrVar","v":"value"}],"two":["Ezinsukwini ezingu ",{"t":"idOrVar","v":"value"}],"zero":"namuhla"},"$x":[{"t":"idOrVar","v":"plural"},"value"]},{"$i":"weeks-until-long","$v":{"few":["emavikini angu ",{"t":"idOrVar","v":"value"}],"many":["emavikini angu ",{"t":"idOrVar","v":"value"}],"one":"ngeviki elizayo","other":["emavikini angu ",{"t":"idOrVar","v":"value"}],"two":["emavikini angu ",{"t":"idOrVar","v":"value"}],"zero":"kuleli viki"},"$x":[{"t":"idOrVar","v":"plural"},"value"]},{"$i":"months-until-long","$v":{"few":["ezinyangeni ezingu ",{"t":"idOrVar","v":"value"}],"many":["ezinyangeni ezingu ",{"t":"idOrVar","v":"value"}],"one":"ngenyanga ezayo","other":["ezinyangeni ezingu ",{"t":"idOrVar","v":"value"}],"two":["ezinyangeni ezingu ",{"t":"idOrVar","v":"value"}],"zero":"kule nyanga"},"$x":[{"t":"idOrVar","v":"plural"},"value"]},{"$i":"years-until-long","$v":{"few":["eminyakeni engu ",{"t":"idOrVar","v":"value"}],"many":["eminyakeni engu ",{"t":"idOrVar","v":"value"}],"one":"ngonyaka ozayo","other":["eminyakeni engu ",{"t":"idOrVar","v":"value"}],"two":["eminyakeni engu ",{"t":"idOrVar","v":"value"}],"zero":"kulo nyaka"},"$x":[{"t":"idOrVar","v":"plural"},"value"]},{"$i":"minutes-ago-short","$v":{"other":[{"t":"idOrVar","v":"value"}," umzuzu odlule"],"zero":"Manje"},"$x":[{"t":"idOrVar","v":"plural"},"value"]},{"$i":"hours-ago-short","$v":{"other":[{"t":"idOrVar","v":"value"}," ihora elidlule"],"zero":"Manje"},"$x":[{"t":"idOrVar","v":"plural"},"value"]},{"$i":"days-ago-short","$v":{"other":[{"t":"idOrVar","v":"value"}," usuku oludlule"],"zero":"namuhla"},"$x":[{"t":"idOrVar","v":"plural"},"value"]},{"$i":"minutes-until-short","$v":{"other":["Ngemva kwemizuzu engu ",{"t":"idOrVar","v":"value"}],"zero":"manje"},"$x":[{"t":"idOrVar","v":"plural"},"value"]},{"$i":"hours-until-short","$v":{"other":["Ngehora ",{"t":"idOrVar","v":"value"}],"zero":"manje"},"$x":[{"t":"idOrVar","v":"plural"},"value"]},{"$i":"days-until-short","$v":{"other":["osukwini ",{"t":"idOrVar","v":"value"}],"zero":"namuhla"},"$x":[{"t":"idOrVar","v":"plural"},"value"]},{"$i":"dateTimeFormat_%c","$v":"%a %b %e %Y %I:%M:%S %p"},{"$i":"dateTimeFormat_%x","$v":"%m/%d/%Y"},{"$i":"dateTimeFormat_%X","$v":"%I:%M:%S %p"},{"$i":"shortTimeFormat","$v":"%I:%M %p"},{"$i":"shortTimeFormat12","$v":"%I:%M %p"},{"$i":"shortTimeFormat24","$v":"%H:%M"},{"$i":"shortDateTimeFormat","$v":"%x %I:%M %p"},{"$i":"weekStartsOnMonday","$v":"0.0"},{"$i":"firstDayOfTheWeek","$v":"0.0"},{"$i":"time_am","$v":"AM"},{"$i":"time_pm","$v":"PM"},{"$i":"softkey-options","$v":"Okhetha kukho"},{"$i":"emergencyNumber","$v":"Inombolo yesimo esiphuthumayo"},{"$i":"callAirplaneModeMessage","$v":"Ukuze ufone kumelwe uyikhiphe kwimodi yendiza kumasethingi."},{"$i":"callAirplaneModeBtnOk","$v":"KULUNGILE"},{"$i":"callAirplaneModeTitle","$v":"Imodi yendiza ivuliwe"},{"$i":"numberIsBusyTitle","$v":"Inombolo imatasa"},{"$i":"numberIsBusyMessage","$v":"Inombolo imatasa njengamanje. Sicela uzame futhi ngemva kwesikhathi."},{"$i":"fdnIsActiveTitle","$v":"FND ivuliwe"},{"$i":"fdnIsActiveMessage","$v":["FDN (Fixed Dialing Numbers) iyasebenza futhi inombolo elandelayo ayikho ohlwini lwe FND yakho: ",{"t":"idOrVar","v":"number"}]},{"$i":"emergencyDialogBodyBadNumber","$v":"Ukuze ufone, ucingo lwakho kumelwe luxhunywe kunethiwekhi."},{"$i":"emergencyDialogBodyDeviceNotAccepted","$v":"Amakholi aphuthumayo awavunyelwe yinethiwekhi."},{"$i":"emergencyDialogBtnOk","$v":"KULUNGILE"},{"$i":"emergencyDialogTitle","$v":"Alukho uxhumano lenethiwekhi"},{"$i":"invalidNumberToDialTitle","$v":"Inombolo yocingo engalungile."},{"$i":"invalidNumberToDialMessage","$v":"Inombolo yocingo oyishayelayo ayilungile"},{"$i":"unableToCallTitle","$v":"Ayikwazi ukushaya ucingo"},{"$i":"unableToCallMessage","$v":"Ayikwazi ukushaya ucingo njengamanje."},{"$i":"otherConnectionInUseTitle","$v":"Kunokunye ukuxhumana okuqhubekayo"},{"$i":"otherConnectionInUseMessage","$v":"Unocingo oluqhubekayo kokunye ukuxhumana. Ungakwazi ukusebenzisa ukuxhumana okukodwa ngesikhathi."},{"$i":"connectingEllipsis","$v":"Kuxhunyiwe..."}]