[{"$i":"weekday-0-long","$v":"Sondag"},{"$i":"weekday-1-long","$v":"Maandag"},{"$i":"weekday-2-long","$v":"Dinsdag"},{"$i":"weekday-3-long","$v":"Woensdag"},{"$i":"weekday-4-long","$v":"Donderdag"},{"$i":"weekday-5-long","$v":"Vrydag"},{"$i":"weekday-6-long","$v":"Saterdag"},{"$i":"weekday-0-short","$v":"So"},{"$i":"weekday-1-short","$v":"Ma"},{"$i":"weekday-2-short","$v":"Di"},{"$i":"weekday-3-short","$v":"Wo"},{"$i":"weekday-4-short","$v":"Do"},{"$i":"weekday-5-short","$v":"Vr"},{"$i":"weekday-6-short","$v":"Sa"},{"$i":"month-0-long","$v":"Januarie"},{"$i":"month-1-long","$v":"Februarie"},{"$i":"month-2-long","$v":"Maart"},{"$i":"month-3-long","$v":"April"},{"$i":"month-4-long","$v":"Mei"},{"$i":"month-5-long","$v":"Junie"},{"$i":"month-6-long","$v":"Julie"},{"$i":"month-7-long","$v":"Augustus"},{"$i":"month-8-long","$v":"September"},{"$i":"month-9-long","$v":"Oktober"},{"$i":"month-10-long","$v":"November"},{"$i":"month-11-long","$v":"Desember"},{"$i":"month-0-genitive","$v":"Januarie"},{"$i":"month-1-genitive","$v":"Februarie"},{"$i":"month-2-genitive","$v":"Maart"},{"$i":"month-3-genitive","$v":"April"},{"$i":"month-4-genitive","$v":"Mei"},{"$i":"month-5-genitive","$v":"Junie"},{"$i":"month-6-genitive","$v":"Julie"},{"$i":"month-7-genitive","$v":"Augustus"},{"$i":"month-8-genitive","$v":"September"},{"$i":"month-9-genitive","$v":"Oktober"},{"$i":"month-10-genitive","$v":"November"},{"$i":"month-11-genitive","$v":"Desember"},{"$i":"month-0-short","$v":"Jan"},{"$i":"month-1-short","$v":"Feb"},{"$i":"month-2-short","$v":"Mrt"},{"$i":"month-3-short","$v":"Apr"},{"$i":"month-4-short","$v":"Mei"},{"$i":"month-5-short","$v":"Jun"},{"$i":"month-6-short","$v":"Jul"},{"$i":"month-7-short","$v":"Aug"},{"$i":"month-8-short","$v":"Sep"},{"$i":"month-9-short","$v":"Okt"},{"$i":"month-10-short","$v":"Nov"},{"$i":"month-11-short","$v":"Des"},{"$i":"minutes-ago-long","$v":{"few":[{"t":"idOrVar","v":"value"},"minute gelede"],"many":[{"t":"idOrVar","v":"value"},"minute gelede"],"other":[{"t":"idOrVar","v":"value"},"minute gelede"],"two":[{"t":"idOrVar","v":"value"},"minute gelede"],"one":"‘n minuut gelede","zero":"Nou-nou"},"$x":[{"t":"idOrVar","v":"plural"},"value"]},{"$i":"hours-ago-long","$v":{"few":[{"t":"idOrVar","v":"value"}," ure gelede"],"many":[{"t":"idOrVar","v":"value"}," ure gelede"],"other":[{"t":"idOrVar","v":"value"}," ure gelede"],"two":[{"t":"idOrVar","v":"value"}," ure gelede"],"one":"‘n uur gelede","zero":"Nou-nou"},"$x":[{"t":"idOrVar","v":"plural"},"value"]},{"$i":"days-ago-long","$v":{"few":[{"t":"idOrVar","v":"value"}," dae gelede"],"many":[{"t":"idOrVar","v":"value"}," dae gelede"],"one":"gister","other":[{"t":"idOrVar","v":"value"}," dae gelede"],"two":[{"t":"idOrVar","v":"value"}," dae gelede"],"zero":"Vandag"},"$x":[{"t":"idOrVar","v":"plural"},"value"]},{"$i":"weeks-ago-long","$v":{"few":[{"t":"idOrVar","v":"value"}," weke gelede"],"many":[{"t":"idOrVar","v":"value"}," weke gelede"],"one":"Verlede week","other":[{"t":"idOrVar","v":"value"}," weke gelede"],"two":[{"t":"idOrVar","v":"value"}," weke gelede"],"zero":"Hierdie week"},"$x":[{"t":"idOrVar","v":"plural"},"value"]},{"$i":"months-ago-long","$v":{"few":[{"t":"idOrVar","v":"value"}," maande gelede"],"many":[{"t":"idOrVar","v":"value"}," maande gelede"],"one":"Verlede maand","other":[{"t":"idOrVar","v":"value"}," maande gelede"],"two":[{"t":"idOrVar","v":"value"}," maande gelede"],"zero":"hierdie maand"},"$x":[{"t":"idOrVar","v":"plural"},"value"]},{"$i":"years-ago-long","$v":{"few":[{"t":"idOrVar","v":"value"}," jare gelede"],"many":[{"t":"idOrVar","v":"value"}," jare gelede"],"one":"Verlede jaar","other":[{"t":"idOrVar","v":"value"}," jare gelede"],"two":[{"t":"idOrVar","v":"value"}," jare gelede"],"zero":"Hierdie jaar"},"$x":[{"t":"idOrVar","v":"plural"},"value"]},{"$i":"minutes-until-long","$v":{"few":["In ",{"t":"idOrVar","v":"value"}," minute"],"many":["In ",{"t":"idOrVar","v":"value"}," minute"],"other":["In ",{"t":"idOrVar","v":"value"}," minute"],"two":["In ",{"t":"idOrVar","v":"value"}," minute"],"zero":"Nou","one":"In ‘n minuut"},"$x":[{"t":"idOrVar","v":"plural"},"value"]},{"$i":"hours-until-long","$v":{"few":["In ",{"t":"idOrVar","v":"value"}," ure"],"many":["In ",{"t":"idOrVar","v":"value"}," ure"],"other":["In ",{"t":"idOrVar","v":"value"}," ure"],"two":["In ",{"t":"idOrVar","v":"value"}," ure"],"zero":"Nou","one":"In ‘n uur"},"$x":[{"t":"idOrVar","v":"plural"},"value"]},{"$i":"days-until-long","$v":{"few":["In ",{"t":"idOrVar","v":"value"}," dae"],"many":["In ",{"t":"idOrVar","v":"value"}," dae"],"one":"môre","other":["In ",{"t":"idOrVar","v":"value"}," dae"],"two":["In ",{"t":"idOrVar","v":"value"}," dae"],"zero":"Vandag"},"$x":[{"t":"idOrVar","v":"plural"},"value"]},{"$i":"weeks-until-long","$v":{"few":["In ",{"t":"idOrVar","v":"value"}," weke"],"many":["In ",{"t":"idOrVar","v":"value"}," weke"],"one":"volgende week","other":["In ",{"t":"idOrVar","v":"value"}," weke"],"two":["In ",{"t":"idOrVar","v":"value"}," weke"],"zero":"Hierdie week"},"$x":[{"t":"idOrVar","v":"plural"},"value"]},{"$i":"months-until-long","$v":{"few":["In ",{"t":"idOrVar","v":"value"}," maande"],"many":["In ",{"t":"idOrVar","v":"value"}," maande"],"one":"Volgende maand","other":["In ",{"t":"idOrVar","v":"value"}," maande"],"two":["In ",{"t":"idOrVar","v":"value"}," maande"],"zero":"hierdie maand"},"$x":[{"t":"idOrVar","v":"plural"},"value"]},{"$i":"years-until-long","$v":{"few":["In ",{"t":"idOrVar","v":"value"}," jare"],"many":["In ",{"t":"idOrVar","v":"value"}," jare"],"one":"Volgende jaar","other":["In ",{"t":"idOrVar","v":"value"}," jare"],"two":["In ",{"t":"idOrVar","v":"value"}," jare"],"zero":"Hierdie jaar"},"$x":[{"t":"idOrVar","v":"plural"},"value"]},{"$i":"minutes-ago-short","$v":{"other":[{"t":"idOrVar","v":"value"},"m gelede"],"zero":"Nou-nou"},"$x":[{"t":"idOrVar","v":"plural"},"value"]},{"$i":"hours-ago-short","$v":{"other":[{"t":"idOrVar","v":"value"},"u gelede"],"zero":"Nou-nou"},"$x":[{"t":"idOrVar","v":"plural"},"value"]},{"$i":"days-ago-short","$v":{"other":[{"t":"idOrVar","v":"value"},"d gelede"],"zero":"Vandag"},"$x":[{"t":"idOrVar","v":"plural"},"value"]},{"$i":"minutes-until-short","$v":{"other":["In ",{"t":"idOrVar","v":"value"},"m"],"zero":"Nou"},"$x":[{"t":"idOrVar","v":"plural"},"value"]},{"$i":"hours-until-short","$v":{"other":["In ",{"t":"idOrVar","v":"value"}," u"],"zero":"Nou"},"$x":[{"t":"idOrVar","v":"plural"},"value"]},{"$i":"days-until-short","$v":{"other":["In ",{"t":"idOrVar","v":"value"},"d"],"zero":"Vandag"},"$x":[{"t":"idOrVar","v":"plural"},"value"]},{"$i":"incorrectDate","$v":"(verkeerde datum)"},{"$i":"dateTimeFormat_%c","$v":"%a %b %e %Y %I:%M:%S %p"},{"$i":"dateTimeFormat_%x","$v":"%m/%d/%Y"},{"$i":"dateTimeFormat_%X","$v":"%I:%M:%S %p"},{"$i":"shortTimeFormat","$v":"%I:%M %p"},{"$i":"shortTimeFormat12","$v":"%I:%M %p"},{"$i":"shortTimeFormat24","$v":"%H:%M"},{"$i":"shortDateTimeFormat","$v":"%X %I:%M %p"},{"$i":"weekStartsOnMonday","$v":"0.0"},{"$i":"firstDayOfTheWeek","$v":"0.0"},{"$i":"time_am","$v":"VM"},{"$i":"time_pm","$v":"NM"},{"$i":"stopped_download_title","$v":"Aflaai het gestop"},{"$i":"kai-stopped_download_message","$v":"Hierdie aflaai was gestop. Sal jy graag met die aflaai wil voortgaan?"},{"$i":"stopped_download_left_button","$v":"Kanselleer"},{"$i":"stopped_download_right_button","$v":"Probeer weer"},{"$i":"failed_download_title","$v":"Aflaai het misluk"},{"$i":"failed_download_message","$v":[{"t":"idOrVar","v":"name"}," het misluk om af te laai. Probeer weer aflaai?"]},{"$i":"failed_download_left_button","$v":"Kanselleer"},{"$i":"failed_download_right_button","$v":"Probeer weer"},{"$i":"stop_download_title","$v":"Stop aflaai"},{"$i":"stop_download_message","$v":"Is jy seker jy wil die aflaai stop?"},{"$i":"stop_download_left_button","$v":"Kanselleer"},{"$i":"stop_download_right_button","$v":"Stop"},{"$i":"delete_download_title","$v":"Skrap"},{"$i":"delete_download_message","$v":["Skrap ",{"t":"idOrVar","v":"name"}]},{"$i":"delete_download_left_button","$v":"Kanselleer"},{"$i":"delete_download_right_button","$v":"Skrap"},{"$i":"delete_all_download_title","$v":"Skrap"},{"$i":"delete_all_download_left_button","$v":"Kanselleer"},{"$i":"delete_all_download_right_button","$v":"Skrap"},{"$i":"delete_all_download_message_ext","$v":"Skrap gekose lêers?"},{"$i":"delete_all_download_message","$v":{"few":["Skrap ",{"t":"idOrVar","v":"number"},"lêers?"],"many":["Skrap ",{"t":"idOrVar","v":"number"},"lêers?"],"one":"Skrap 1 lêer?","other":["Skrap ",{"t":"idOrVar","v":"number"},"lêers?"],"two":["Skrap ",{"t":"idOrVar","v":"number"},"lêers?"],"zero":"Skrap geen lêers?"},"$x":[{"t":"idOrVar","v":"plural"},"number"]},{"$i":"unsupported_file_type_download_title","$v":"Kan nie oopmaak nie"},{"$i":"unsupported_file_type_download_message","$v":["Daar is nie ‘n toepassing wat ",{"t":"idOrVar","v":"name"}," kan oopmaak nie. Wil jy graag die lêer stoor of uitvee?"]},{"$i":"unsupported_file_type_download_left_button","$v":"Hou lêer"},{"$i":"unsupported_file_type_download_right_button","$v":"Skrap"},{"$i":"file_not_found_download_title","$v":"Lêer nie gevind nie"},{"$i":"file_not_found_download_message","$v":"Die lêer is nie op die toestel gevind nie"},{"$i":"file_not_found_download_right_button","$v":"Goed"},{"$i":"unmounted_sdcard_2_download_title","$v":"Geheuekaart word tans gebruik"},{"$i":"unmounted_sdcard_2_download_message","$v":"Ontprop die foon"},{"$i":"unmounted_sdcard_2_download_right_button","$v":"Goed"},{"$i":"no_provider_download_title","$v":"Kan nie oopmaak nie"},{"$i":"no_provider_download_message","$v":"Hierdie lêerformaat is ongeldig of word nie ondersteun nie."},{"$i":"no_provider_download_right_button","$v":"Goed"},{"$i":"no_memory_download_title","$v":"SD-kaart is vol."},{"$i":"no_memory_download_message","$v":"Daar is nie meer spasie op jou SD-kaart om jou aflaai te stoor nie. Verwyder asseblief ‘n paar lêers voordat die aflaai weer begin word."},{"$i":"no_memory_download_right_button","$v":"Goed"},{"$i":"no_sdcard_found_2_download_title","$v":"Geen geheuekaart gevind nie"},{"$i":"no_sdcard_found_2_download_message","$v":"Voer ‘n geheuekaart in of kies ‘n ander verstek medialigging in instellings"},{"$i":"no_sdcard_found_2_download_right_button","$v":"Goed"},{"$i":"file_open_error_download_title","$v":"Bevestiging"},{"$i":"file_open_error_download_message","$v":"Hierdie lêerformaat is ongeldig of onondersteun. Wil jy graag die lêer uitvee?"},{"$i":"file_open_error_download_left_button","$v":"Hou lêer"},{"$i":"file_open_error_download_right_button","$v":"Skrap"},{"$i":"restart_download_error","$v":"Daar was ‘n fout tydens die aflaai se herlaai. Probeer asseblief om weer af te laai."},{"$i":"no-downloads","$v":"Geen aflaaisels nie."},{"$i":"byteUnit-B","$v":"B"},{"$i":"byteUnit-KB","$v":"KB"},{"$i":"byteUnit-MB","$v":"MG"},{"$i":"byteUnit-GB","$v":"GB"},{"$i":"byteUnit-TB","$v":"TB"},{"$i":"fileSize","$v":[{"t":"idOrVar","v":"size"}," ",{"t":"idOrVar","v":"unit"}]},{"$i":"percentage","$v":[{"t":"idOrVar","v":"percentage"}," %"]},{"$i":"partialResult","$v":[{"t":"idOrVar","v":"partial"}," / ",{"t":"idOrVar","v":"total"}]},{"$i":"summary","$v":[{"t":"idOrVar","v":"date"}," - ",{"t":"idOrVar","v":"status"}]},{"$i":"download-stopped","$v":"Het gestop"},{"$i":"download-failed","$v":"Aflaai het misluk"},{"$i":"open_downloaded_file","$v":"Maak oop"},{"$i":"share_downloaded_file","$v":"Deel"},{"$i":"wallpaper_downloaded_file","$v":"Stel as muurpapier"},{"$i":"ringtone_downloaded_file","$v":"Stel as luitoon"},{"$i":"cancel_downloaded_file","$v":"Kanselleer"},{"$i":"select-download","$v":"Kies aflaai"},{"$i":"kai-select-download","$v":"Kies ’n lêer"},{"$i":"kai-ok","$v":"Kies"},{"$i":"kai-cancel","$v":"Kanselleer"}]