[{"$i":"weekday-0-long","$v":"الأحد"},{"$i":"weekday-1-long","$v":"الإثنين"},{"$i":"weekday-2-long","$v":"الثلاثاء"},{"$i":"weekday-3-long","$v":"الأربعاء"},{"$i":"weekday-4-long","$v":"الخميس"},{"$i":"weekday-5-long","$v":"الجمعة"},{"$i":"weekday-6-long","$v":"السبت"},{"$i":"weekday-0-short","$v":"أحد"},{"$i":"weekday-1-short","$v":"إثنين"},{"$i":"weekday-2-short","$v":"ثلاثاء"},{"$i":"weekday-3-short","$v":"أربعاء"},{"$i":"weekday-4-short","$v":"خميس"},{"$i":"weekday-5-short","$v":"جمعة"},{"$i":"weekday-6-short","$v":"سبت"},{"$i":"month-0-long","$v":"يناير"},{"$i":"month-1-long","$v":"فبراير"},{"$i":"month-2-long","$v":"مارس"},{"$i":"month-3-long","$v":"أبريل"},{"$i":"month-4-long","$v":"مايو"},{"$i":"month-5-long","$v":"يونيو"},{"$i":"month-6-long","$v":"يوليو"},{"$i":"month-7-long","$v":"أغسطس"},{"$i":"month-8-long","$v":"سبتمبر"},{"$i":"month-9-long","$v":"أكتوبر"},{"$i":"month-10-long","$v":"نوفمبر"},{"$i":"month-11-long","$v":"ديسمبر"},{"$i":"month-0-genitive","$v":"يناير"},{"$i":"month-1-genitive","$v":"فبراير"},{"$i":"month-2-genitive","$v":"مارس"},{"$i":"month-3-genitive","$v":"أبريل"},{"$i":"month-4-genitive","$v":"مايو"},{"$i":"month-5-genitive","$v":"يونيو"},{"$i":"month-6-genitive","$v":"يوليو"},{"$i":"month-7-genitive","$v":"أغسطس"},{"$i":"month-8-genitive","$v":"سبتمبر"},{"$i":"month-9-genitive","$v":"أكتوبر"},{"$i":"month-10-genitive","$v":"نوفمبر"},{"$i":"month-11-genitive","$v":"ديسمبر"},{"$i":"month-0-short","$v":"يناير"},{"$i":"month-1-short","$v":"فبراير"},{"$i":"month-2-short","$v":"مارس"},{"$i":"month-3-short","$v":"ابريل"},{"$i":"month-4-short","$v":"مايو"},{"$i":"month-5-short","$v":"يونيو"},{"$i":"month-6-short","$v":"يوليو"},{"$i":"month-7-short","$v":"أغسطس"},{"$i":"month-8-short","$v":"سبتمبر"},{"$i":"month-9-short","$v":"أكتوبر"},{"$i":"month-10-short","$v":"نوفمبر"},{"$i":"month-11-short","$v":"ديسمبر"},{"$i":"minutes-ago-long","$v":{"few":["منذ ",{"t":"idOrVar","v":"value"}," دقائق"],"many":["منذ ",{"t":"idOrVar","v":"value"}," دقائق"],"other":["منذ ",{"t":"idOrVar","v":"value"}," دقائق"],"two":["منذ ",{"t":"idOrVar","v":"value"}," دقائق"],"one":"منذ دقيقة","zero":"للتو"},"$x":[{"t":"idOrVar","v":"plural"},"value"]},{"$i":"hours-ago-long","$v":{"few":["منذ ",{"t":"idOrVar","v":"value"}," ساعات"],"many":["منذ ",{"t":"idOrVar","v":"value"}," ساعات"],"other":["منذ ",{"t":"idOrVar","v":"value"}," ساعات"],"two":["منذ ",{"t":"idOrVar","v":"value"}," ساعات"],"one":"قبل ساعة واحدة","zero":"للتو"},"$x":[{"t":"idOrVar","v":"plural"},"value"]},{"$i":"days-ago-long","$v":{"few":["منذ ",{"t":"idOrVar","v":"value"}," أيام"],"many":["منذ ",{"t":"idOrVar","v":"value"}," أيام"],"one":"الأمس","other":["منذ ",{"t":"idOrVar","v":"value"}," أيام"],"two":["منذ ",{"t":"idOrVar","v":"value"}," أيام"],"zero":"اليوم"},"$x":[{"t":"idOrVar","v":"plural"},"value"]},{"$i":"weeks-ago-long","$v":{"few":["منذ ",{"t":"idOrVar","v":"value"}," أسابيع"],"many":["منذ ",{"t":"idOrVar","v":"value"}," أسابيع"],"one":"الأسبوع الماضي","other":["منذ ",{"t":"idOrVar","v":"value"}," أسابيع"],"two":["منذ ",{"t":"idOrVar","v":"value"}," أسابيع"],"zero":"هذا الأسبوع"},"$x":[{"t":"idOrVar","v":"plural"},"value"]},{"$i":"months-ago-long","$v":{"few":["منذ ",{"t":"idOrVar","v":"value"}," أشهر"],"many":["منذ ",{"t":"idOrVar","v":"value"}," أشهر"],"one":"الشهر الماضي","other":["منذ ",{"t":"idOrVar","v":"value"}," أشهر"],"two":["منذ ",{"t":"idOrVar","v":"value"}," أشهر"],"zero":"هذا الشهر"},"$x":[{"t":"idOrVar","v":"plural"},"value"]},{"$i":"years-ago-long","$v":{"few":["منذ ",{"t":"idOrVar","v":"value"}," سنوات"],"many":["منذ ",{"t":"idOrVar","v":"value"}," سنوات"],"one":"السنة الماضية","other":["منذ ",{"t":"idOrVar","v":"value"}," سنوات"],"two":["منذ ",{"t":"idOrVar","v":"value"}," سنوات"],"zero":"هذه السنة"},"$x":[{"t":"idOrVar","v":"plural"},"value"]},{"$i":"minutes-until-long","$v":{"few":["خلال ",{"t":"idOrVar","v":"value"}," دقائق"],"many":["خلال ",{"t":"idOrVar","v":"value"}," دقائق"],"other":["خلال ",{"t":"idOrVar","v":"value"}," دقائق"],"two":["خلال ",{"t":"idOrVar","v":"value"}," دقائق"],"zero":"الآن","one":"خلال دقيقة"},"$x":[{"t":"idOrVar","v":"plural"},"value"]},{"$i":"hours-until-long","$v":{"few":["خلال ",{"t":"idOrVar","v":"value"}," ساعات"],"many":["خلال ",{"t":"idOrVar","v":"value"}," ساعات"],"other":["خلال ",{"t":"idOrVar","v":"value"}," ساعات"],"two":["خلال ",{"t":"idOrVar","v":"value"}," ساعات"],"zero":"الآن","one":"خلال ساعة"},"$x":[{"t":"idOrVar","v":"plural"},"value"]},{"$i":"days-until-long","$v":{"few":["خلال ",{"t":"idOrVar","v":"value"}," أيام"],"many":["خلال ",{"t":"idOrVar","v":"value"}," أيام"],"one":"غداً","other":["خلال ",{"t":"idOrVar","v":"value"}," أيام"],"two":["خلال ",{"t":"idOrVar","v":"value"}," أيام"],"zero":"اليوم"},"$x":[{"t":"idOrVar","v":"plural"},"value"]},{"$i":"weeks-until-long","$v":{"few":["خلال ",{"t":"idOrVar","v":"value"}," أسابيع"],"many":["خلال ",{"t":"idOrVar","v":"value"}," أسابيع"],"one":"الأسبوع القادم","other":["خلال ",{"t":"idOrVar","v":"value"}," أسابيع"],"two":["خلال ",{"t":"idOrVar","v":"value"}," أسابيع"],"zero":"هذا الأسبوع"},"$x":[{"t":"idOrVar","v":"plural"},"value"]},{"$i":"months-until-long","$v":{"few":["خلال ",{"t":"idOrVar","v":"value"}," شهور"],"many":["خلال ",{"t":"idOrVar","v":"value"}," شهور"],"one":"الشهر القادم","other":["خلال ",{"t":"idOrVar","v":"value"}," شهور"],"two":["خلال ",{"t":"idOrVar","v":"value"}," شهور"],"zero":"هذا الشهر"},"$x":[{"t":"idOrVar","v":"plural"},"value"]},{"$i":"years-until-long","$v":{"few":["خلال ",{"t":"idOrVar","v":"value"}," سنوات"],"many":["خلال ",{"t":"idOrVar","v":"value"}," سنوات"],"one":"السنة القادمة","other":["خلال ",{"t":"idOrVar","v":"value"}," سنوات"],"two":["خلال ",{"t":"idOrVar","v":"value"}," سنوات"],"zero":"هذه السنة"},"$x":[{"t":"idOrVar","v":"plural"},"value"]},{"$i":"minutes-ago-short","$v":{"other":["منذ ",{"t":"idOrVar","v":"value"}," دقيقة"],"zero":"للتو"},"$x":[{"t":"idOrVar","v":"plural"},"value"]},{"$i":"hours-ago-short","$v":{"other":["منذ ",{"t":"idOrVar","v":"value"}," س"],"zero":"للتو"},"$x":[{"t":"idOrVar","v":"plural"},"value"]},{"$i":"days-ago-short","$v":{"other":["منذ ",{"t":"idOrVar","v":"value"}," ي"],"zero":"اليوم"},"$x":[{"t":"idOrVar","v":"plural"},"value"]},{"$i":"minutes-until-short","$v":{"other":["خلال ",{"t":"idOrVar","v":"value"}," د"],"zero":"الآن"},"$x":[{"t":"idOrVar","v":"plural"},"value"]},{"$i":"hours-until-short","$v":{"other":["خلال ",{"t":"idOrVar","v":"value"}," س"],"zero":"الآن"},"$x":[{"t":"idOrVar","v":"plural"},"value"]},{"$i":"days-until-short","$v":{"other":["خلال ",{"t":"idOrVar","v":"value"}," ي"],"zero":"اليوم"},"$x":[{"t":"idOrVar","v":"plural"},"value"]},{"$i":"incorrectDate","$v":"(تاريخ غير صحيح)"},{"$i":"dateTimeFormat_%c","$v":"%a %e %b %Y %I:%M:%S %p"},{"$i":"dateTimeFormat_%x","$v":"%Y/%m/%d"},{"$i":"dateTimeFormat_%X","$v":"%I:%M:%S %p"},{"$i":"shortTimeFormat","$v":"%I:%M %p"},{"$i":"shortTimeFormat12","$v":"%I:%M %p"},{"$i":"shortTimeFormat24","$v":"%H:%M"},{"$i":"shortDateTimeFormat","$v":"%x %I:%M %p"},{"$i":"weekStartsOnMonday","$v":"0.0"},{"$i":"firstDayOfTheWeek","$v":"0.0"},{"$i":"time_am","$v":"ص"},{"$i":"time_pm","$v":"م"},{"$i":"stopped_download_title","$v":"لقد توقف التنزيل"},{"$i":"kai-stopped_download_message","$v":"توقف هذا التنزيل. هل تريد استئناف التنزيل؟"},{"$i":"stopped_download_left_button","$v":"ألغِ"},{"$i":"stopped_download_right_button","$v":"أعِد المحاولة"},{"$i":"failed_download_title","$v":"فشل التنزيل"},{"$i":"failed_download_message","$v":["فشل تنزيل ",{"t":"idOrVar","v":"name"},". هل تريد إعادة المحاولة مرة أخرى؟"]},{"$i":"failed_download_left_button","$v":"ألغِ"},{"$i":"failed_download_right_button","$v":"أعِد المحاولة"},{"$i":"stop_download_title","$v":"أوقف التنزيل"},{"$i":"stop_download_message","$v":"هل أنت متأكد أنك تريد إيقاف التنزيل؟"},{"$i":"stop_download_left_button","$v":"ألغِ"},{"$i":"stop_download_right_button","$v":"إيقاف"},{"$i":"delete_download_title","$v":"حذف"},{"$i":"delete_download_message","$v":["حذف \"",{"t":"idOrVar","v":"name"},"\"؟"]},{"$i":"delete_download_left_button","$v":"ألغِ"},{"$i":"delete_download_right_button","$v":"حذف"},{"$i":"delete_all_download_title","$v":"حذف"},{"$i":"delete_all_download_left_button","$v":"ألغِ"},{"$i":"delete_all_download_right_button","$v":"حذف"},{"$i":"delete_all_download_message_ext","$v":"حذف الملفات المحددة؟"},{"$i":"delete_all_download_message","$v":{"few":["حذف ",{"t":"idOrVar","v":"number"}," ملفات؟"],"many":["حذف ",{"t":"idOrVar","v":"number"}," ملفات؟"],"one":"حذف ملف واحد؟","other":["حذف ",{"t":"idOrVar","v":"number"}," ملفات؟"],"two":["حذف ",{"t":"idOrVar","v":"number"}," ملفات؟"],"zero":"حذف أي ملفات؟"},"$x":[{"t":"idOrVar","v":"plural"},"number"]},{"$i":"unsupported_file_type_download_title","$v":"تعذر فتح"},{"$i":"unsupported_file_type_download_message","$v":["لا يوجد برنامج يمكنه فتح ",{"t":"idOrVar","v":"name"},". هل تريد حفظ الملف أم حذفه؟"]},{"$i":"unsupported_file_type_download_left_button","$v":"إبقاء الملف"},{"$i":"unsupported_file_type_download_right_button","$v":"حذف"},{"$i":"file_not_found_download_title","$v":"الملف غير موجود"},{"$i":"file_not_found_download_message","$v":"الملف غير موجود على الجهاز"},{"$i":"file_not_found_download_right_button","$v":"موافق"},{"$i":"unmounted_sdcard_2_download_title","$v":"بطاقة الذاكرة مستخدمة"},{"$i":"unmounted_sdcard_2_download_message","$v":"قم بفصل الهاتف"},{"$i":"unmounted_sdcard_2_download_right_button","$v":"موافق"},{"$i":"no_provider_download_title","$v":"تعذر فتح"},{"$i":"no_provider_download_message","$v":"تنسيق هذا الملف غير صالح أو غير مدعوم."},{"$i":"no_provider_download_right_button","$v":"موافق"},{"$i":"no_memory_download_title","$v":"بطاقة الذاكرة ممتلئة"},{"$i":"no_memory_download_message","$v":"لايوجد مساحة كافية على بطاقة الذاكرة لحفظ التحميل. الرجاء حذف بعض الملفات قبل إعادة التحميل."},{"$i":"no_memory_download_right_button","$v":"موافق"},{"$i":"no_sdcard_found_2_download_title","$v":"بطاقة الذاكرة غير موجودة"},{"$i":"no_sdcard_found_2_download_message","$v":"ادخل بطاقة الذاكرة أو حدد موقع الوسائط الافتراضي في الإعدادات"},{"$i":"no_sdcard_found_2_download_right_button","$v":"موافق"},{"$i":"file_open_error_download_title","$v":"تأكيد"},{"$i":"file_open_error_download_message","$v":["هناك مشكلة في فتح ",{"t":"idOrVar","v":"name"},". هل تريد حفظ الملف أم حذفه؟"]},{"$i":"file_open_error_download_left_button","$v":"إبقاء الملف"},{"$i":"file_open_error_download_right_button","$v":"حذف"},{"$i":"restart_download_error","$v":"حدث خطأ عند إعادة بدأ التنزيل. من فضلك أعد التنزيل مرة أخرى."},{"$i":"no-downloads","$v":"لا يوجد تنزيلات"},{"$i":"byteUnit-B","$v":"بايت"},{"$i":"byteUnit-KB","$v":"كيلوبايت"},{"$i":"byteUnit-MB","$v":"ميجابايت"},{"$i":"byteUnit-GB","$v":"ج.ب"},{"$i":"byteUnit-TB","$v":"تيرابايت"},{"$i":"fileSize","$v":[{"t":"idOrVar","v":"size"}," ",{"t":"idOrVar","v":"unit"}]},{"$i":"percentage","$v":[{"t":"idOrVar","v":"percentage"}," %"]},{"$i":"partialResult","$v":[{"t":"idOrVar","v":"partial"}," من ",{"t":"idOrVar","v":"total"}]},{"$i":"summary","$v":[{"t":"idOrVar","v":"date"}," - ",{"t":"idOrVar","v":"status"}]},{"$i":"download-stopped","$v":"متوقف"},{"$i":"download-failed","$v":"فشل التنزيل"},{"$i":"open_downloaded_file","$v":"فتح"},{"$i":"share_downloaded_file","$v":"مشاركة"},{"$i":"wallpaper_downloaded_file","$v":"تعيين كخلفية"},{"$i":"ringtone_downloaded_file","$v":"تعيين كنغمة رنين"},{"$i":"cancel_downloaded_file","$v":"ألغِ"},{"$i":"select-download","$v":"تحديد تنزيل"},{"$i":"kai-select-download","$v":"تحديد ملف"},{"$i":"kai-ok","$v":"تحديد"},{"$i":"kai-cancel","$v":"ألغِ"}]