[{"$i":"weekday-0-long","$v":"يكشنبه"},{"$i":"weekday-1-long","$v":"دوشنبه"},{"$i":"weekday-2-long","$v":"سه شنبه"},{"$i":"weekday-3-long","$v":"چهارشنبه"},{"$i":"weekday-4-long","$v":"پنج شنبه"},{"$i":"weekday-5-long","$v":"جمعه"},{"$i":"weekday-6-long","$v":"شنبه"},{"$i":"weekday-0-short","$v":"یکشنبه"},{"$i":"weekday-1-short","$v":"دوشنبه"},{"$i":"weekday-2-short","$v":"سه شنبه"},{"$i":"weekday-3-short","$v":"چهارشنبه"},{"$i":"weekday-4-short","$v":"پنج شنبه"},{"$i":"weekday-5-short","$v":"جمعه"},{"$i":"weekday-6-short","$v":"شنبه"},{"$i":"month-0-long","$v":"ژانویه"},{"$i":"month-1-long","$v":"فوریه"},{"$i":"month-2-long","$v":"مارس"},{"$i":"month-3-long","$v":"آوریل"},{"$i":"month-4-long","$v":"مه"},{"$i":"month-5-long","$v":"ژوئن"},{"$i":"month-6-long","$v":"ژوئیه"},{"$i":"month-7-long","$v":"اوت"},{"$i":"month-8-long","$v":"سپتامبر"},{"$i":"month-9-long","$v":"اکتبر"},{"$i":"month-10-long","$v":"نوامبر"},{"$i":"month-11-long","$v":"دسامبر"},{"$i":"month-0-genitive","$v":"ژانویه"},{"$i":"month-1-genitive","$v":"فوریه"},{"$i":"month-2-genitive","$v":"مارس"},{"$i":"month-3-genitive","$v":"آوریل"},{"$i":"month-4-genitive","$v":"مه"},{"$i":"month-5-genitive","$v":"ژوئن"},{"$i":"month-6-genitive","$v":"ژوئیه"},{"$i":"month-7-genitive","$v":"اوت"},{"$i":"month-8-genitive","$v":"سپتامبر"},{"$i":"month-9-genitive","$v":"اکتبر"},{"$i":"month-10-genitive","$v":"نوامبر"},{"$i":"month-11-genitive","$v":"دسامبر"},{"$i":"month-0-short","$v":"ژانويه"},{"$i":"month-1-short","$v":"فوريه"},{"$i":"month-2-short","$v":"مارس"},{"$i":"month-3-short","$v":"آوريل"},{"$i":"month-4-short","$v":"مه"},{"$i":"month-5-short","$v":"ژوئن"},{"$i":"month-6-short","$v":"ژوئيه"},{"$i":"month-7-short","$v":"اوت"},{"$i":"month-8-short","$v":"سپتامبر"},{"$i":"month-9-short","$v":"اكتبر"},{"$i":"month-10-short","$v":"نوامبر"},{"$i":"month-11-short","$v":"دسامبر"},{"$i":"minutes-ago-long","$v":{"few":[{"t":"idOrVar","v":"value"}," دقیقه قبل"],"many":[{"t":"idOrVar","v":"value"}," دقیقه قبل"],"other":[{"t":"idOrVar","v":"value"}," دقیقه قبل"],"two":[{"t":"idOrVar","v":"value"}," دقیقه قبل"],"one":"یک دقيقه قبل","zero":"درست اکنون"},"$x":[{"t":"idOrVar","v":"plural"},"value"]},{"$i":"hours-ago-long","$v":{"few":[{"t":"idOrVar","v":"value"}," ساعت قبل"],"many":[{"t":"idOrVar","v":"value"}," ساعت قبل"],"other":[{"t":"idOrVar","v":"value"}," ساعت قبل"],"two":[{"t":"idOrVar","v":"value"}," ساعت قبل"],"one":"یک ساعت قبل","zero":"درست اکنون"},"$x":[{"t":"idOrVar","v":"plural"},"value"]},{"$i":"days-ago-long","$v":{"few":[{"t":"idOrVar","v":"value"}," روز قبل"],"many":[{"t":"idOrVar","v":"value"}," روز قبل"],"one":"دیروز","other":[{"t":"idOrVar","v":"value"}," روز قبل"],"two":[{"t":"idOrVar","v":"value"}," روز قبل"],"zero":"امروز"},"$x":[{"t":"idOrVar","v":"plural"},"value"]},{"$i":"weeks-ago-long","$v":{"few":[{"t":"idOrVar","v":"value"}," هفته قبل"],"many":[{"t":"idOrVar","v":"value"}," هفته قبل"],"one":"هفته قبل","other":[{"t":"idOrVar","v":"value"}," هفته قبل"],"two":[{"t":"idOrVar","v":"value"}," هفته قبل"],"zero":"این هفته"},"$x":[{"t":"idOrVar","v":"plural"},"value"]},{"$i":"months-ago-long","$v":{"few":[{"t":"idOrVar","v":"value"}," ماه قبل"],"many":[{"t":"idOrVar","v":"value"}," ماه قبل"],"one":"ماه قبل","other":[{"t":"idOrVar","v":"value"}," ماه قبل"],"two":[{"t":"idOrVar","v":"value"}," ماه قبل"],"zero":"این ماه"},"$x":[{"t":"idOrVar","v":"plural"},"value"]},{"$i":"years-ago-long","$v":{"few":[{"t":"idOrVar","v":"value"}," سال قبل"],"many":[{"t":"idOrVar","v":"value"}," سال قبل"],"one":"سال قبل","other":[{"t":"idOrVar","v":"value"}," سال قبل"],"two":[{"t":"idOrVar","v":"value"}," سال قبل"],"zero":"امسال"},"$x":[{"t":"idOrVar","v":"plural"},"value"]},{"$i":"minutes-until-long","$v":{"few":"در {value}} دقیقه","many":"در {value}} دقیقه","other":"در {value}} دقیقه","two":"در {value}} دقیقه","zero":"اکنون","one":"در یک دقیقه"},"$x":[{"t":"idOrVar","v":"plural"},"value"]},{"$i":"hours-until-long","$v":{"few":"در {value}} ساعت","many":"در {value}} ساعت","other":"در {value}} ساعت","two":"در {value}} ساعت","zero":"اکنون","one":"در یک ساعت"},"$x":[{"t":"idOrVar","v":"plural"},"value"]},{"$i":"days-until-long","$v":{"few":["در ",{"t":"idOrVar","v":"value"}," روز"],"many":["در ",{"t":"idOrVar","v":"value"}," روز"],"one":"فردا","other":["در ",{"t":"idOrVar","v":"value"}," روز"],"two":["در ",{"t":"idOrVar","v":"value"}," روز"],"zero":"امروز"},"$x":[{"t":"idOrVar","v":"plural"},"value"]},{"$i":"weeks-until-long","$v":{"few":["در ",{"t":"idOrVar","v":"value"}," هفته"],"many":["در ",{"t":"idOrVar","v":"value"}," هفته"],"one":"هفته بعد","other":["در ",{"t":"idOrVar","v":"value"}," هفته"],"two":["در ",{"t":"idOrVar","v":"value"}," هفته"],"zero":"این هفته"},"$x":[{"t":"idOrVar","v":"plural"},"value"]},{"$i":"months-until-long","$v":{"few":["در ",{"t":"idOrVar","v":"value"}," ماه"],"many":["در ",{"t":"idOrVar","v":"value"}," ماه"],"one":"ماه بعد","other":["در ",{"t":"idOrVar","v":"value"}," ماه"],"two":["در ",{"t":"idOrVar","v":"value"}," ماه"],"zero":"این ماه"},"$x":[{"t":"idOrVar","v":"plural"},"value"]},{"$i":"years-until-long","$v":{"few":["در ",{"t":"idOrVar","v":"value"}," سال"],"many":["در ",{"t":"idOrVar","v":"value"}," سال"],"one":"سال بعد","other":["در ",{"t":"idOrVar","v":"value"}," سال"],"two":["در ",{"t":"idOrVar","v":"value"}," سال"],"zero":"امسال"},"$x":[{"t":"idOrVar","v":"plural"},"value"]},{"$i":"minutes-ago-short","$v":{"other":[{"t":"idOrVar","v":"value"},"دقیقه قبل"],"zero":"درست اکنون"},"$x":[{"t":"idOrVar","v":"plural"},"value"]},{"$i":"hours-ago-short","$v":{"other":[{"t":"idOrVar","v":"value"}," ساعت قبل"],"zero":"درست اکنون"},"$x":[{"t":"idOrVar","v":"plural"},"value"]},{"$i":"days-ago-short","$v":{"other":[{"t":"idOrVar","v":"value"}," روز قبل"],"zero":"امروز"},"$x":[{"t":"idOrVar","v":"plural"},"value"]},{"$i":"minutes-until-short","$v":{"other":"در {value}} دقیقه","zero":"اکنون"},"$x":[{"t":"idOrVar","v":"plural"},"value"]},{"$i":"hours-until-short","$v":{"other":"در {value}} ساعت","zero":"اکنون"},"$x":[{"t":"idOrVar","v":"plural"},"value"]},{"$i":"days-until-short","$v":{"other":"در {value}} روز","zero":"امروز"},"$x":[{"t":"idOrVar","v":"plural"},"value"]},{"$i":"incorrectDate","$v":"(تاریخ نادرست)"},{"$i":"dateTimeFormat_%c","$v":"%a %b %e %Y %I:%M:%S %p"},{"$i":"dateTimeFormat_%x","$v":"%m/%d/%Y"},{"$i":"dateTimeFormat_%X","$v":"%I:%M:%S %p"},{"$i":"shortTimeFormat","$v":"%I:%M %p"},{"$i":"shortTimeFormat12","$v":"%I:%M %p"},{"$i":"shortTimeFormat24","$v":"%H:%M"},{"$i":"shortDateTimeFormat","$v":"%x %I:%M %p"},{"$i":"weekStartsOnMonday","$v":"0.0"},{"$i":"firstDayOfTheWeek","$v":"0.0"},{"$i":"time_am","$v":"ب.ظ"},{"$i":"time_pm","$v":"ق.ظ"},{"$i":"stopped_download_title","$v":"دانلود متوقف شد"},{"$i":"kai-stopped_download_message","$v":"این دانلود متوقف شد. می خواهید دانلود را از سر بگیرید؟"},{"$i":"stopped_download_left_button","$v":"لغو کردن"},{"$i":"stopped_download_right_button","$v":"دوباره امتحان کنید"},{"$i":"failed_download_title","$v":"دانلود انجام نشد"},{"$i":"failed_download_message","$v":[{"t":"idOrVar","v":"name"}," دانلود نشد. دوباره دانلود می کنید؟"]},{"$i":"failed_download_left_button","$v":"لغو کردن"},{"$i":"failed_download_right_button","$v":"دوباره امتحان کنید"},{"$i":"stop_download_title","$v":"توقف دانلود"},{"$i":"stop_download_message","$v":"مطمئنید می خواهيد دانلود را متوقف کنید؟"},{"$i":"stop_download_left_button","$v":"لغو کردن"},{"$i":"stop_download_right_button","$v":"توقف"},{"$i":"delete_download_title","$v":"حذف"},{"$i":"delete_download_message","$v":["حذف \"",{"t":"idOrVar","v":"name"},"\"؟"]},{"$i":"delete_download_left_button","$v":"لغو کردن"},{"$i":"delete_download_right_button","$v":"حذف"},{"$i":"delete_all_download_title","$v":"حذف"},{"$i":"delete_all_download_left_button","$v":"لغو کردن"},{"$i":"delete_all_download_right_button","$v":"حذف"},{"$i":"delete_all_download_message_ext","$v":"فایل های انتخابی حذف شوند؟"},{"$i":"delete_all_download_message","$v":{"few":["حذف ",{"t":"idOrVar","v":"number"}," فایل؟"],"many":["حذف ",{"t":"idOrVar","v":"number"}," فایل؟"],"one":"حذف یک فایل؟","other":["حذف ",{"t":"idOrVar","v":"number"}," فایل؟"],"two":["حذف ",{"t":"idOrVar","v":"number"}," فایل؟"],"zero":"فایلی حذف نشود؟"},"$x":[{"t":"idOrVar","v":"plural"},"n"]},{"$i":"unsupported_file_type_download_title","$v":"نمی توانید باز کنید"},{"$i":"unsupported_file_type_download_message","$v":["برنامه ای که بتواند ",{"t":"idOrVar","v":"name"}," را باز کند وجود ندارد. می خواهید فایل را ذخیره یا حذف کنید؟"]},{"$i":"unsupported_file_type_download_left_button","$v":"فایل را نگه دارید"},{"$i":"unsupported_file_type_download_right_button","$v":"حذف"},{"$i":"file_not_found_download_title","$v":"فايل يافت نشد"},{"$i":"file_not_found_download_message","$v":"فایل روی دستگاه یافت نشد"},{"$i":"file_not_found_download_right_button","$v":"تأیید"},{"$i":"unmounted_sdcard_2_download_title","$v":"کارت حافظه در حال استفاده است"},{"$i":"unmounted_sdcard_2_download_message","$v":"جدا کردن تلفن"},{"$i":"unmounted_sdcard_2_download_right_button","$v":"تأیید"},{"$i":"no_provider_download_title","$v":"نمی توانید باز کنید"},{"$i":"no_provider_download_message","$v":"این فرمت فايل نامعتبر است یا پشتيبانی نمی شود."},{"$i":"no_provider_download_right_button","$v":"تأیید"},{"$i":"no_memory_download_title","$v":"کارت SD پر است"},{"$i":"no_memory_download_message","$v":"فضای بیشتری بر روی کارت SD برای ذخیره دانلود نیست. لطفاً قبل از دانلود دوباره برخی از فایل ها را حذف کنید."},{"$i":"no_memory_download_right_button","$v":"تأیید"},{"$i":"no_sdcard_found_2_download_title","$v":"کارت حافظه یافت نشد"},{"$i":"no_sdcard_found_2_download_message","$v":"یک کارت حافظه وارد کنید یا یک مکان رسانه پیش فرض دیگر از تنظیمات انتخاب کنید"},{"$i":"no_sdcard_found_2_download_right_button","$v":"تأیید"},{"$i":"file_open_error_download_title","$v":"تأييد"},{"$i":"file_open_error_download_message","$v":"این فرمت فایل نامعتبر است یا پشتیبانی نمی شود. می خواهید فایل را حذف کنید؟"},{"$i":"file_open_error_download_left_button","$v":"فایل را نگه دارید"},{"$i":"file_open_error_download_right_button","$v":"حذف"},{"$i":"restart_download_error","$v":"زمان دانلود مجدد خطایی روی داد. لطفاً دوباره دانلود کنید."},{"$i":"no-downloads","$v":"بدون دانلودها"},{"$i":"byteUnit-B","$v":"بایت"},{"$i":"byteUnit-KB","$v":"کیلوبایت"},{"$i":"byteUnit-MB","$v":"مگابایت"},{"$i":"byteUnit-GB","$v":"گیگابایت"},{"$i":"byteUnit-TB","$v":"ترابایت"},{"$i":"fileSize","$v":[{"t":"idOrVar","v":"size"}," ",{"t":"idOrVar","v":"unit"}]},{"$i":"percentage","$v":[{"t":"idOrVar","v":"percentage"}," %"]},{"$i":"partialResult","$v":[{"t":"idOrVar","v":"partial"}," / ",{"t":"idOrVar","v":"total"}]},{"$i":"summary","$v":[{"t":"idOrVar","v":"date"}," - ",{"t":"idOrVar","v":"status"}]},{"$i":"download-stopped","$v":"متوقف شد"},{"$i":"download-failed","$v":"دانلود انجام نشد"},{"$i":"open_downloaded_file","$v":"باز كردن"},{"$i":"share_downloaded_file","$v":"اشتراک"},{"$i":"wallpaper_downloaded_file","$v":"تنظيم به عنوان تصوير زمينه"},{"$i":"ringtone_downloaded_file","$v":"تنظيم بعنوان آهنگ زنگ"},{"$i":"cancel_downloaded_file","$v":"لغو کردن"},{"$i":"select-download","$v":"انتخاب دانلود"},{"$i":"kai-select-download","$v":"انتخاب یک فایل"},{"$i":"kai-ok","$v":"انتخاب"},{"$i":"kai-cancel","$v":"لغو کردن"}]