[{"$i":"weekday-0-long","$v":"Nedjelja"},{"$i":"weekday-1-long","$v":"Ponedjeljak"},{"$i":"weekday-2-long","$v":"Utorak"},{"$i":"weekday-3-long","$v":"Srijeda"},{"$i":"weekday-4-long","$v":"Četvrtak"},{"$i":"weekday-5-long","$v":"Petak"},{"$i":"weekday-6-long","$v":"Subota"},{"$i":"weekday-0-short","$v":"Ned"},{"$i":"weekday-1-short","$v":"Pon"},{"$i":"weekday-2-short","$v":"Uto"},{"$i":"weekday-3-short","$v":"Sri"},{"$i":"weekday-4-short","$v":"Čet"},{"$i":"weekday-5-short","$v":"Pet"},{"$i":"weekday-6-short","$v":"Sub"},{"$i":"month-0-long","$v":"Siječanj"},{"$i":"month-1-long","$v":"Veljača"},{"$i":"month-2-long","$v":"Ožujak"},{"$i":"month-3-long","$v":"Travanj"},{"$i":"month-4-long","$v":"Svibanj"},{"$i":"month-5-long","$v":"Lipanj"},{"$i":"month-6-long","$v":"Srpanj"},{"$i":"month-7-long","$v":"Kolovoz"},{"$i":"month-8-long","$v":"Rujan"},{"$i":"month-9-long","$v":"Listopad"},{"$i":"month-10-long","$v":"Studeni"},{"$i":"month-11-long","$v":"Prosinac"},{"$i":"month-0-genitive","$v":"Siječanj"},{"$i":"month-1-genitive","$v":"Veljača"},{"$i":"month-2-genitive","$v":"Ožujak"},{"$i":"month-3-genitive","$v":"Travanj"},{"$i":"month-4-genitive","$v":"Svibanj"},{"$i":"month-5-genitive","$v":"Lipanj"},{"$i":"month-6-genitive","$v":"Srpanj"},{"$i":"month-7-genitive","$v":"Kolovoz"},{"$i":"month-8-genitive","$v":"Rujan"},{"$i":"month-9-genitive","$v":"Listopad"},{"$i":"month-10-genitive","$v":"Studeni"},{"$i":"month-11-genitive","$v":"Prosinac"},{"$i":"month-0-short","$v":"SIJEC."},{"$i":"month-1-short","$v":"VELJ."},{"$i":"month-2-short","$v":"OZUJ."},{"$i":"month-3-short","$v":"TRAV."},{"$i":"month-4-short","$v":"SVIB."},{"$i":"month-5-short","$v":"LIP."},{"$i":"month-6-short","$v":"SRP."},{"$i":"month-7-short","$v":"KOL."},{"$i":"month-8-short","$v":"RUJ."},{"$i":"month-9-short","$v":"LIST."},{"$i":"month-10-short","$v":"STUD."},{"$i":"month-11-short","$v":"PROS."},{"$i":"minutes-ago-long","$v":{"few":["Prije ",{"t":"idOrVar","v":"value"}," min"],"many":["Prije ",{"t":"idOrVar","v":"value"}," min"],"other":["Prije ",{"t":"idOrVar","v":"value"}," min"],"two":["Prije ",{"t":"idOrVar","v":"value"}," min"],"one":"prije 1 min","zero":"upravo sad"},"$x":[{"t":"idOrVar","v":"plural"},"value"]},{"$i":"hours-ago-long","$v":{"few":["Prije ",{"t":"idOrVar","v":"value"}," h"],"many":["Prije ",{"t":"idOrVar","v":"value"}," h"],"other":["Prije ",{"t":"idOrVar","v":"value"}," h"],"two":["Prije ",{"t":"idOrVar","v":"value"}," h"],"one":"prije 1 sat","zero":"upravo sad"},"$x":[{"t":"idOrVar","v":"plural"},"value"]},{"$i":"days-ago-long","$v":{"few":["Prije ",{"t":"idOrVar","v":"value"}," dana"],"many":["Prije ",{"t":"idOrVar","v":"value"}," dana"],"one":"jučer","other":["Prije ",{"t":"idOrVar","v":"value"}," dana"],"two":["Prije ",{"t":"idOrVar","v":"value"}," dana"],"zero":"danas"},"$x":[{"t":"idOrVar","v":"plural"},"value"]},{"$i":"weeks-ago-long","$v":{"few":["Prije ",{"t":"idOrVar","v":"value"}," tjed(a)na"],"many":["Prije ",{"t":"idOrVar","v":"value"}," tjed(a)na"],"one":"prošli tjedan","other":["Prije ",{"t":"idOrVar","v":"value"}," tjed(a)na"],"two":["Prije ",{"t":"idOrVar","v":"value"}," tjed(a)na"],"zero":"ovaj tjedan"},"$x":[{"t":"idOrVar","v":"plural"},"value"]},{"$i":"months-ago-long","$v":{"few":["Prije ",{"t":"idOrVar","v":"value"}," mjeseci(a)"],"many":["Prije ",{"t":"idOrVar","v":"value"}," mjeseci(a)"],"one":"prošli mjesec","other":["Prije ",{"t":"idOrVar","v":"value"}," mjeseci(a)"],"two":["Prije ",{"t":"idOrVar","v":"value"}," mjeseci(a)"],"zero":"ovaj mjesec"},"$x":[{"t":"idOrVar","v":"plural"},"value"]},{"$i":"years-ago-long","$v":{"few":["Prije ",{"t":"idOrVar","v":"value"}," godina"],"many":["Prije ",{"t":"idOrVar","v":"value"}," godina"],"one":"prošle godine","other":["Prije ",{"t":"idOrVar","v":"value"}," godina"],"two":["Prije ",{"t":"idOrVar","v":"value"}," godina"],"zero":"ova godina"},"$x":[{"t":"idOrVar","v":"plural"},"value"]},{"$i":"minutes-until-long","$v":{"few":["za ",{"t":"idOrVar","v":"value"}," min"],"many":["za ",{"t":"idOrVar","v":"value"}," min"],"other":["za ",{"t":"idOrVar","v":"value"}," min"],"two":["za ",{"t":"idOrVar","v":"value"}," min"],"zero":"sada","one":"za 1 minutu"},"$x":[{"t":"idOrVar","v":"plural"},"value"]},{"$i":"hours-until-long","$v":{"few":["za ",{"t":"idOrVar","v":"value"}," h"],"many":["za ",{"t":"idOrVar","v":"value"}," h"],"other":["za ",{"t":"idOrVar","v":"value"}," h"],"two":["za ",{"t":"idOrVar","v":"value"}," h"],"zero":"sada","one":"za 1 sat"},"$x":[{"t":"idOrVar","v":"plural"},"value"]},{"$i":"days-until-long","$v":{"few":["za ",{"t":"idOrVar","v":"value"}," dana"],"many":["za ",{"t":"idOrVar","v":"value"}," dana"],"one":"sutra","other":["za ",{"t":"idOrVar","v":"value"}," dana"],"two":["za ",{"t":"idOrVar","v":"value"}," dana"],"zero":"danas"},"$x":[{"t":"idOrVar","v":"plural"},"value"]},{"$i":"weeks-until-long","$v":{"few":["za ",{"t":"idOrVar","v":"value"}," tjed(a)na"],"many":["za ",{"t":"idOrVar","v":"value"}," tjed(a)na"],"one":"sljedećeg tjedna","other":["za ",{"t":"idOrVar","v":"value"}," tjed(a)na"],"two":["za ",{"t":"idOrVar","v":"value"}," tjed(a)na"],"zero":"ovaj tjedan"},"$x":[{"t":"idOrVar","v":"plural"},"value"]},{"$i":"months-until-long","$v":{"few":["za ",{"t":"idOrVar","v":"value"}," mjeseci(a)"],"many":["za ",{"t":"idOrVar","v":"value"}," mjeseci(a)"],"one":"sljedećeg mjeseca","other":["za ",{"t":"idOrVar","v":"value"}," mjeseci(a)"],"two":["za ",{"t":"idOrVar","v":"value"}," mjeseci(a)"],"zero":"ovaj mjesec"},"$x":[{"t":"idOrVar","v":"plural"},"value"]},{"$i":"years-until-long","$v":{"few":["za ",{"t":"idOrVar","v":"value"}," godina"],"many":["za ",{"t":"idOrVar","v":"value"}," godina"],"one":"sljedeće godine","other":["za ",{"t":"idOrVar","v":"value"}," godina"],"two":["za ",{"t":"idOrVar","v":"value"}," godina"],"zero":"ova godina"},"$x":[{"t":"idOrVar","v":"plural"},"value"]},{"$i":"minutes-ago-short","$v":{"other":["Prije ",{"t":"idOrVar","v":"value"}," min"],"zero":"upravo sad"},"$x":[{"t":"idOrVar","v":"plural"},"value"]},{"$i":"hours-ago-short","$v":{"other":["Prije ",{"t":"idOrVar","v":"value"}," h"],"zero":"upravo sad"},"$x":[{"t":"idOrVar","v":"plural"},"value"]},{"$i":"days-ago-short","$v":{"other":["Prije ",{"t":"idOrVar","v":"value"}," dana"],"zero":"danas"},"$x":[{"t":"idOrVar","v":"plural"},"value"]},{"$i":"minutes-until-short","$v":{"other":["za ",{"t":"idOrVar","v":"value"}," min"],"zero":"sada"},"$x":[{"t":"idOrVar","v":"plural"},"value"]},{"$i":"hours-until-short","$v":{"other":["za ",{"t":"idOrVar","v":"value"}," h"],"zero":"sada"},"$x":[{"t":"idOrVar","v":"plural"},"value"]},{"$i":"days-until-short","$v":{"other":["za ",{"t":"idOrVar","v":"value"}," d."],"zero":"danas"},"$x":[{"t":"idOrVar","v":"plural"},"value"]},{"$i":"incorrectDate","$v":"(netočan datum)"},{"$i":"dateTimeFormat_%c","$v":"%a %b %e %Y %I:%M:%S %p"},{"$i":"dateTimeFormat_%x","$v":"%m/%d/%Y"},{"$i":"dateTimeFormat_%X","$v":"%I.%M:%S %p"},{"$i":"shortTimeFormat","$v":"%x %I:%M %p"},{"$i":"shortTimeFormat12","$v":"%x %I:%M %p"},{"$i":"shortTimeFormat24","$v":"%H:%M"},{"$i":"shortDateTimeFormat","$v":"%x %I:%M %p"},{"$i":"weekStartsOnMonday","$v":"0.0"},{"$i":"firstDayOfTheWeek","$v":"1.0"},{"$i":"time_am","$v":"AM"},{"$i":"time_pm","$v":"PM"},{"$i":"stopped_download_title","$v":"Preuzimanje je zaustavljeno"},{"$i":"kai-stopped_download_message","$v":"Ovo preuzimanje zaustavljeno je. Želite li nastaviti s preuzimanjem?"},{"$i":"stopped_download_left_button","$v":"Poništi"},{"$i":"stopped_download_right_button","$v":"Pokušajte ponovno"},{"$i":"failed_download_title","$v":"Preuzimanje nije uspjelo"},{"$i":"failed_download_message","$v":[{"t":"idOrVar","v":"name"}," se nije uspio preuzeti. Želite li pokušati ponovno?"]},{"$i":"failed_download_left_button","$v":"Poništi"},{"$i":"failed_download_right_button","$v":"Pokušajte ponovno"},{"$i":"stop_download_title","$v":"Zaustavi preuzimanje"},{"$i":"stop_download_message","$v":"Jeste li sigurni da želite zaustaviti preuzimanje?"},{"$i":"stop_download_left_button","$v":"Poništi"},{"$i":"stop_download_right_button","$v":"Zaustavi"},{"$i":"delete_download_title","$v":"Izbriši"},{"$i":"delete_download_message","$v":["Želite li izbrisati „",{"t":"idOrVar","v":"name"},"“?"]},{"$i":"delete_download_left_button","$v":"Poništi"},{"$i":"delete_download_right_button","$v":"Izbriši"},{"$i":"delete_all_download_title","$v":"Izbriši"},{"$i":"delete_all_download_left_button","$v":"Poništi"},{"$i":"delete_all_download_right_button","$v":"Izbriši"},{"$i":"delete_all_download_message_ext","$v":"Želite li izbrisati odabrane datoteke?"},{"$i":"delete_all_download_message","$v":{"few":["Želite li izbrisati ovoliko datoteka: ",{"t":"idOrVar","v":"number"},"?"],"many":["Želite li izbrisati ovoliko datoteka: ",{"t":"idOrVar","v":"number"},"?"],"one":"Želite li izbrisati jednu datoteku?","other":["Želite li izbrisati ovoliko datoteka: ",{"t":"idOrVar","v":"number"},"?"],"two":["Želite li izbrisati ovoliko datoteka: ",{"t":"idOrVar","v":"number"},"?"],"zero":"Ne želite izbrisati nijednu datoteku?"},"$x":[{"t":"idOrVar","v":"plural"},"number"]},{"$i":"unsupported_file_type_download_title","$v":"Otvaranje nije moguće"},{"$i":"unsupported_file_type_download_message","$v":["Nijedna aplikacija ne može otvoriti ",{"t":"idOrVar","v":"name"},". Želite li spremiti ili izbrisati tu datoteku?"]},{"$i":"unsupported_file_type_download_left_button","$v":"Zadrži datoteku"},{"$i":"unsupported_file_type_download_right_button","$v":"Izbriši"},{"$i":"file_not_found_download_title","$v":"Datoteka nije pronađena"},{"$i":"file_not_found_download_message","$v":"Datoteka nije pronađena na uređaju"},{"$i":"file_not_found_download_right_button","$v":"U redu"},{"$i":"unmounted_sdcard_2_download_title","$v":"Memorijska se kartica koristi"},{"$i":"unmounted_sdcard_2_download_message","$v":"Isključi telefon"},{"$i":"unmounted_sdcard_2_download_right_button","$v":"U redu"},{"$i":"no_provider_download_title","$v":"Otvaranje nije moguće"},{"$i":"no_provider_download_message","$v":"Ovaj format datoteke nije valjan ili nije podržan."},{"$i":"no_provider_download_right_button","$v":"U redu"},{"$i":"no_memory_download_title","$v":"SD kartica je puna"},{"$i":"no_memory_download_message","$v":"Nema više prostora za SD kartici za spremanje preuzimanja. Uklonite neke datoteke prije ponovnog preuzimanja."},{"$i":"no_memory_download_right_button","$v":"U redu"},{"$i":"no_sdcard_found_2_download_title","$v":"Nije pronađena nijedna memorijska kartica"},{"$i":"no_sdcard_found_2_download_message","$v":"Umetnite memorijsku karticu ili odaberite neko drugom zadano mjesto medija u postavkama"},{"$i":"no_sdcard_found_2_download_right_button","$v":"U redu"},{"$i":"file_open_error_download_title","$v":"Potvrda"},{"$i":"file_open_error_download_message","$v":"Ovaj datotečni oblik nije valjan ili nije podržan. Želite li izbrisati datoteku?"},{"$i":"file_open_error_download_left_button","$v":"Zadrži datoteku"},{"$i":"file_open_error_download_right_button","$v":"Izbriši"},{"$i":"restart_download_error","$v":"Pojavila se pogreška pri ponovnom pokretanju preuzimanja. Pokušajte ponovno preuzeti."},{"$i":"no-downloads","$v":"Nema preuzimanja"},{"$i":"byteUnit-B","$v":"B"},{"$i":"byteUnit-KB","$v":"kB"},{"$i":"byteUnit-MB","$v":"MB"},{"$i":"byteUnit-GB","$v":"GB"},{"$i":"byteUnit-TB","$v":"TB"},{"$i":"fileSize","$v":[{"t":"idOrVar","v":"size"}," ",{"t":"idOrVar","v":"unit"}]},{"$i":"percentage","$v":[{"t":"idOrVar","v":"percentage"}," %"]},{"$i":"partialResult","$v":[{"t":"idOrVar","v":"partial"}," / ",{"t":"idOrVar","v":"total"}]},{"$i":"summary","$v":[{"t":"idOrVar","v":"date"}," - ",{"t":"idOrVar","v":"status"}]},{"$i":"download-stopped","$v":"Zaustavljeno"},{"$i":"download-failed","$v":"Preuzimanje nije uspjelo"},{"$i":"open_downloaded_file","$v":"Otvori"},{"$i":"share_downloaded_file","$v":"Podijeli"},{"$i":"wallpaper_downloaded_file","$v":"Postavi kao pozadinu"},{"$i":"ringtone_downloaded_file","$v":"Post.melodiju zvona"},{"$i":"cancel_downloaded_file","$v":"Poništi"},{"$i":"select-download","$v":"Odabir preuzimanja"},{"$i":"kai-select-download","$v":"Odaberite datoteku"},{"$i":"kai-ok","$v":"Odaberi"},{"$i":"kai-cancel","$v":"Poništi"}]