[{"$i":"weekday-0-long","$v":"კვირა"},{"$i":"weekday-1-long","$v":"ორშაბათი"},{"$i":"weekday-2-long","$v":"სამშაბათი"},{"$i":"weekday-3-long","$v":"ოთხშაბათი"},{"$i":"weekday-4-long","$v":"ხუთშაბათი"},{"$i":"weekday-5-long","$v":"პარასკევი"},{"$i":"weekday-6-long","$v":"შაბათი"},{"$i":"weekday-0-short","$v":"კვი"},{"$i":"weekday-1-short","$v":"ორშ"},{"$i":"weekday-2-short","$v":"სამ"},{"$i":"weekday-3-short","$v":"ოთხ"},{"$i":"weekday-4-short","$v":"ხუთ"},{"$i":"weekday-5-short","$v":"პარ"},{"$i":"weekday-6-short","$v":"შაბ"},{"$i":"month-0-long","$v":"იანვარი"},{"$i":"month-1-long","$v":"თებერვალი"},{"$i":"month-2-long","$v":"მარტი"},{"$i":"month-3-long","$v":"აპრილი"},{"$i":"month-4-long","$v":"მაისი"},{"$i":"month-5-long","$v":"ივნისი"},{"$i":"month-6-long","$v":"ივლისი"},{"$i":"month-7-long","$v":"აგვისტო"},{"$i":"month-8-long","$v":"სექტემბერი"},{"$i":"month-9-long","$v":"ოქტომბერი"},{"$i":"month-10-long","$v":"ნოემბერი"},{"$i":"month-11-long","$v":"დეკემბერი"},{"$i":"month-0-genitive","$v":"იანვარი"},{"$i":"month-1-genitive","$v":"თებერვალი"},{"$i":"month-2-genitive","$v":"მარტი"},{"$i":"month-3-genitive","$v":"აპრილი"},{"$i":"month-4-genitive","$v":"მაისი"},{"$i":"month-5-genitive","$v":"ივნისი"},{"$i":"month-6-genitive","$v":"ივლისი"},{"$i":"month-7-genitive","$v":"აგვისტო"},{"$i":"month-8-genitive","$v":"სექტემბერი"},{"$i":"month-9-genitive","$v":"ოქტომბერი"},{"$i":"month-10-genitive","$v":"ნოემბერი"},{"$i":"month-11-genitive","$v":"დეკემბერი"},{"$i":"month-0-short","$v":"იანვ"},{"$i":"month-1-short","$v":"თებ"},{"$i":"month-2-short","$v":"მარ"},{"$i":"month-3-short","$v":"აპრ"},{"$i":"month-4-short","$v":"მაისი"},{"$i":"month-5-short","$v":"ივნ"},{"$i":"month-6-short","$v":"ივლ"},{"$i":"month-7-short","$v":"აგვ"},{"$i":"month-8-short","$v":"სექ"},{"$i":"month-9-short","$v":"ოქტ"},{"$i":"month-10-short","$v":"ნოე"},{"$i":"month-11-short","$v":"დეკ"},{"$i":"minutes-ago-long","$v":{"few":[{"t":"idOrVar","v":"value"}," წუთის წინ"],"many":[{"t":"idOrVar","v":"value"}," წუთის წინ"],"other":[{"t":"idOrVar","v":"value"}," წუთის წინ"],"two":[{"t":"idOrVar","v":"value"}," წუთის წინ"],"one":"ერთი წუთის წინ","zero":"ეს-ეს არის"},"$x":[{"t":"idOrVar","v":"plural"},"value"]},{"$i":"hours-ago-long","$v":{"few":[{"t":"idOrVar","v":"value"}," საათის წინ"],"many":[{"t":"idOrVar","v":"value"}," საათის წინ"],"other":[{"t":"idOrVar","v":"value"}," საათის წინ"],"two":[{"t":"idOrVar","v":"value"}," საათის წინ"],"one":"1 საათის წინ","zero":"ეს-ეს არის"},"$x":[{"t":"idOrVar","v":"plural"},"value"]},{"$i":"days-ago-long","$v":{"few":[{"t":"idOrVar","v":"value"}," დღის წინ"],"many":[{"t":"idOrVar","v":"value"}," დღის წინ"],"one":"გუშინ","other":[{"t":"idOrVar","v":"value"}," დღის წინ"],"two":[{"t":"idOrVar","v":"value"}," დღის წინ"],"zero":"დღეს"},"$x":[{"t":"idOrVar","v":"plural"},"value"]},{"$i":"weeks-ago-long","$v":{"few":[{"t":"idOrVar","v":"value"}," კვირის წინ"],"many":[{"t":"idOrVar","v":"value"}," კვირის წინ"],"one":"გასული კვირა","other":[{"t":"idOrVar","v":"value"}," კვირის წინ"],"two":[{"t":"idOrVar","v":"value"}," კვირის წინ"],"zero":"ეს კვირა"},"$x":[{"t":"idOrVar","v":"plural"},"value"]},{"$i":"months-ago-long","$v":{"few":[{"t":"idOrVar","v":"value"}," თვის წინ"],"many":[{"t":"idOrVar","v":"value"}," თვის წინ"],"one":"გასული თვე","other":[{"t":"idOrVar","v":"value"}," თვის წინ"],"two":[{"t":"idOrVar","v":"value"}," თვის წინ"],"zero":"ეს თვე"},"$x":[{"t":"idOrVar","v":"plural"},"value"]},{"$i":"years-ago-long","$v":{"few":[{"t":"idOrVar","v":"value"}," წლის წინ"],"many":[{"t":"idOrVar","v":"value"}," წლის წინ"],"one":"გასული წელი","other":[{"t":"idOrVar","v":"value"}," წლის წინ"],"two":[{"t":"idOrVar","v":"value"}," წლის წინ"],"zero":"ეს წელი"},"$x":[{"t":"idOrVar","v":"plural"},"value"]},{"$i":"minutes-until-long","$v":{"few":[{"t":"idOrVar","v":"value"}," წუთში"],"many":[{"t":"idOrVar","v":"value"}," წუთში"],"other":[{"t":"idOrVar","v":"value"}," წუთში"],"two":[{"t":"idOrVar","v":"value"}," წუთში"],"zero":"ახლა","one":"1 წუთში"},"$x":[{"t":"idOrVar","v":"plural"},"value"]},{"$i":"hours-until-long","$v":{"few":[{"t":"idOrVar","v":"value"}," საათში"],"many":[{"t":"idOrVar","v":"value"}," საათში"],"other":[{"t":"idOrVar","v":"value"}," საათში"],"two":[{"t":"idOrVar","v":"value"}," საათში"],"zero":"ახლა","one":"1 საათში"},"$x":[{"t":"idOrVar","v":"plural"},"value"]},{"$i":"days-until-long","$v":{"few":[{"t":"idOrVar","v":"value"}," დღეში"],"many":[{"t":"idOrVar","v":"value"}," დღეში"],"one":"ხვალ","other":[{"t":"idOrVar","v":"value"}," დღეში"],"two":[{"t":"idOrVar","v":"value"}," დღეში"],"zero":"დღეს"},"$x":[{"t":"idOrVar","v":"plural"},"value"]},{"$i":"weeks-until-long","$v":{"few":[{"t":"idOrVar","v":"value"}," კვირაში"],"many":[{"t":"idOrVar","v":"value"}," კვირაში"],"one":"მომდევნო კვირა","other":[{"t":"idOrVar","v":"value"}," კვირაში"],"two":[{"t":"idOrVar","v":"value"}," კვირაში"],"zero":"ეს კვირა"},"$x":[{"t":"idOrVar","v":"plural"},"value"]},{"$i":"months-until-long","$v":{"few":[{"t":"idOrVar","v":"value"}," თვეში"],"many":[{"t":"idOrVar","v":"value"}," თვეში"],"one":"მომდევნო თვე","other":[{"t":"idOrVar","v":"value"}," თვეში"],"two":[{"t":"idOrVar","v":"value"}," თვეში"],"zero":"ეს თვე"},"$x":[{"t":"idOrVar","v":"plural"},"value"]},{"$i":"years-until-long","$v":{"few":[{"t":"idOrVar","v":"value"}," წელში"],"many":[{"t":"idOrVar","v":"value"}," წელში"],"one":"მომდევნო წელი","other":[{"t":"idOrVar","v":"value"}," წელში"],"two":[{"t":"idOrVar","v":"value"}," წელში"],"zero":"ეს წელი"},"$x":[{"t":"idOrVar","v":"plural"},"value"]},{"$i":"minutes-ago-short","$v":{"other":[{"t":"idOrVar","v":"value"},"თ წინ"],"zero":"ეს-ეს არის"},"$x":[{"t":"idOrVar","v":"plural"},"value"]},{"$i":"hours-ago-short","$v":{"other":[{"t":"idOrVar","v":"value"},"სთ წინ"],"zero":"ეს-ეს არის"},"$x":[{"t":"idOrVar","v":"plural"},"value"]},{"$i":"days-ago-short","$v":{"other":[{"t":"idOrVar","v":"value"},"დ წინ"],"zero":"დღეს"},"$x":[{"t":"idOrVar","v":"plural"},"value"]},{"$i":"minutes-until-short","$v":{"other":[{"t":"idOrVar","v":"value"},"წთ-ში"],"zero":"ახლა"},"$x":[{"t":"idOrVar","v":"plural"},"value"]},{"$i":"hours-until-short","$v":{"other":[{"t":"idOrVar","v":"value"},"სთ-ში"],"zero":"ახლა"},"$x":[{"t":"idOrVar","v":"plural"},"value"]},{"$i":"days-until-short","$v":{"other":[{"t":"idOrVar","v":"value"},"დღ-ში"],"zero":"დღეს"},"$x":[{"t":"idOrVar","v":"plural"},"value"]},{"$i":"incorrectDate","$v":"(არასწორი თარიღი)"},{"$i":"dateTimeFormat_%c","$v":"%a %b %e %Y %I:%M:%S %p"},{"$i":"dateTimeFormat_%x","$v":"%m/%d/%Y"},{"$i":"dateTimeFormat_%X","$v":"%I:%M:%S %p"},{"$i":"shortTimeFormat","$v":"%I:%M %p"},{"$i":"shortTimeFormat12","$v":"%I:%M %p"},{"$i":"shortTimeFormat24","$v":"%H:%M"},{"$i":"shortDateTimeFormat","$v":"%x %I:%M %p"},{"$i":"weekStartsOnMonday","$v":"0.0"},{"$i":"firstDayOfTheWeek","$v":"1.0"},{"$i":"time_am","$v":"AM"},{"$i":"time_pm","$v":"PM"},{"$i":"stopped_download_title","$v":"ჩამოტვირთვა შეჩერდა"},{"$i":"kai-stopped_download_message","$v":"ეს ჩამოტვირთვა შეჩერებულია. გსურთ განაახლონ გადმოტვირთვა?"},{"$i":"stopped_download_left_button","$v":"გაუქმება"},{"$i":"stopped_download_right_button","$v":"კიდევ სცადეთ"},{"$i":"failed_download_title","$v":"ჩამოტვირთვა ვერ მოხერხდა."},{"$i":"failed_download_message","$v":[{"t":"idOrVar","v":"name"}," ჩამოტვირთვა ვერ მოხერხდა. კიდევ ვცადოთ ჩამოტვირთვა?"]},{"$i":"failed_download_left_button","$v":"გაუქმება"},{"$i":"failed_download_right_button","$v":"კიდევ სცადეთ"},{"$i":"stop_download_title","$v":"ჩამოტვირთვის გაჩერება"},{"$i":"stop_download_message","$v":"დარწმუნებული ხართ, რომ გსურთ ჩამოტვირთვის გაჩერება?"},{"$i":"stop_download_left_button","$v":"გაუქმება"},{"$i":"stop_download_right_button","$v":"შეწყვეტა"},{"$i":"delete_download_title","$v":"წაშლა"},{"$i":"delete_download_message","$v":["წავშალო „",{"t":"idOrVar","v":"name"},"“?"]},{"$i":"delete_download_left_button","$v":"გაუქმება"},{"$i":"delete_download_right_button","$v":"წაშლა"},{"$i":"delete_all_download_title","$v":"წაშლა"},{"$i":"delete_all_download_left_button","$v":"გაუქმება"},{"$i":"delete_all_download_right_button","$v":"წაშლა"},{"$i":"delete_all_download_message_ext","$v":"გსურთ არჩეული ფაილების წაშლა?"},{"$i":"delete_all_download_message","$v":{"few":["წავშალო ",{"t":"idOrVar","v":"number"}," ფაილი?"],"many":["წავშალო ",{"t":"idOrVar","v":"number"}," ფაილი?"],"one":"წავშალო ერთი ფაილი?","other":["წავშალო ",{"t":"idOrVar","v":"number"}," ფაილი?"],"two":["წავშალო ",{"t":"idOrVar","v":"number"}," ფაილი?"],"zero":"არ წავშალო ფაილები?"},"$x":[{"t":"idOrVar","v":"plural"},"number"]},{"$i":"unsupported_file_type_download_title","$v":"გახსნა შეუძლებელია"},{"$i":"unsupported_file_type_download_message","$v":["არ არსებობს აპი, რომელსაც შეუძლია გახსნას ",{"t":"idOrVar","v":"name"},". გსურთ ფაილის შენახვა თუ წავშალო ის?"]},{"$i":"unsupported_file_type_download_left_button","$v":"ფაილის შენახვა"},{"$i":"unsupported_file_type_download_right_button","$v":"წაშლა"},{"$i":"file_not_found_download_title","$v":"ფაილი ნაპოვნი არ არის"},{"$i":"file_not_found_download_message","$v":"ფაილის პოვნა მოწყობილობაზე ვერ მოხერხდა"},{"$i":"file_not_found_download_right_button","$v":"OK"},{"$i":"unmounted_sdcard_2_download_title","$v":"გამოყენებადი მეხსიერების ბარათი"},{"$i":"unmounted_sdcard_2_download_message","$v":"გამორთეთ ტელეფონი"},{"$i":"unmounted_sdcard_2_download_right_button","$v":"OK"},{"$i":"no_provider_download_title","$v":"გახსნა შეუძლებელია"},{"$i":"no_provider_download_message","$v":"ამ ფაილის ფორმატი არასწორია ან მხარდაჭერა არ აქვს|."},{"$i":"no_provider_download_right_button","$v":"OK"},{"$i":"no_memory_download_title","$v":"SD ბარათი სავსეა"},{"$i":"no_memory_download_message","$v":"თქვენს SD ბარათზე ადგილი აღარ არის თქვენი ჩამოტვირთვის შესანახად. გთხოვთ, წაშალოთ რამდენიმე ფაილი, ჩამოტვირთვის თავიდან დაწყებამდე."},{"$i":"no_memory_download_right_button","$v":"OK"},{"$i":"no_sdcard_found_2_download_title","$v":"მეხსიერების ბარათი ნაპოვნი არ არის"},{"$i":"no_sdcard_found_2_download_message","$v":"ჩასვით მეხსიერების ბარათი ან აირჩიეთ ალტერნატიული სტანდარტული მედია ლოკაცია პარამეტრებში"},{"$i":"no_sdcard_found_2_download_right_button","$v":"OK"},{"$i":"file_open_error_download_title","$v":"დადასტურება"},{"$i":"file_open_error_download_message","$v":"ამ ფაილის ფორმატი არასწორია ან არ აქვს მხარდაჭერა. გსურთ ფაილის წაშლა?"},{"$i":"file_open_error_download_left_button","$v":"ფაილის შენახვა"},{"$i":"file_open_error_download_right_button","$v":"წაშლა"},{"$i":"restart_download_error","$v":"შეცდომა დაფიქსირდა ჩამოტვირთვის გადატვირთვისას. გთხოვთ, კიდევ სცადოთ ჩამოტვირთვა."},{"$i":"no-downloads","$v":"ჩამოტვირთვები არ არის"},{"$i":"byteUnit-B","$v":"ბ"},{"$i":"byteUnit-KB","$v":"კბ"},{"$i":"byteUnit-MB","$v":"მბ"},{"$i":"byteUnit-GB","$v":"გბ"},{"$i":"byteUnit-TB","$v":"თბ"},{"$i":"fileSize","$v":[{"t":"idOrVar","v":"size"}," ",{"t":"idOrVar","v":"unit"}," ხელმისაწვდომია"]},{"$i":"percentage","$v":[{"t":"idOrVar","v":"percentage"}," %"]},{"$i":"partialResult","$v":[{"t":"idOrVar","v":"partial"}," / ",{"t":"idOrVar","v":"total"}]},{"$i":"summary","$v":[{"t":"idOrVar","v":"date"}," — ",{"t":"idOrVar","v":"status"}]},{"$i":"download-stopped","$v":"გაჩერებული"},{"$i":"download-failed","$v":"ჩამოტვირთვა ვერ მოხერხდა."},{"$i":"open_downloaded_file","$v":"გახსნა"},{"$i":"share_downloaded_file","$v":"გაზიარება"},{"$i":"wallpaper_downloaded_file","$v":"დააყენე ფონად"},{"$i":"ringtone_downloaded_file","$v":"ზარ. მელოდ. არჩევა"},{"$i":"cancel_downloaded_file","$v":"გაუქმება"},{"$i":"select-download","$v":"აირჩიეთ ჩამოტვირთვა"},{"$i":"kai-select-download","$v":"აირჩიეთ ფაილი"},{"$i":"kai-ok","$v":"არჩევა"},{"$i":"kai-cancel","$v":"გაუქმება"}]