[{"$i":"weekday-0-long","$v":"Svētdiena"},{"$i":"weekday-1-long","$v":"Pirmdiena"},{"$i":"weekday-2-long","$v":"Otrdiena"},{"$i":"weekday-3-long","$v":"Trešdiens"},{"$i":"weekday-4-long","$v":"Ceturtdiena"},{"$i":"weekday-5-long","$v":"Piektdiena"},{"$i":"weekday-6-long","$v":"Sestdiena"},{"$i":"weekday-0-short","$v":"Sv"},{"$i":"weekday-1-short","$v":"P"},{"$i":"weekday-2-short","$v":"O"},{"$i":"weekday-3-short","$v":"T"},{"$i":"weekday-4-short","$v":"C"},{"$i":"weekday-5-short","$v":"Pk"},{"$i":"weekday-6-short","$v":"S"},{"$i":"month-0-long","$v":"Janvāris"},{"$i":"month-1-long","$v":"Februāris"},{"$i":"month-2-long","$v":"Marts"},{"$i":"month-3-long","$v":"Aprīlis"},{"$i":"month-4-long","$v":"Maijs"},{"$i":"month-5-long","$v":"Jūnijs"},{"$i":"month-6-long","$v":"Jūlijs"},{"$i":"month-7-long","$v":"Augusts"},{"$i":"month-8-long","$v":"Septembris"},{"$i":"month-9-long","$v":"Oktobris"},{"$i":"month-10-long","$v":"Novembris"},{"$i":"month-11-long","$v":"Decembris"},{"$i":"month-0-genitive","$v":"Janvāris"},{"$i":"month-1-genitive","$v":"Februāris"},{"$i":"month-2-genitive","$v":"Marts"},{"$i":"month-3-genitive","$v":"Aprīlis"},{"$i":"month-4-genitive","$v":"Maijs"},{"$i":"month-5-genitive","$v":"Jūnijs"},{"$i":"month-6-genitive","$v":"Jūlijs"},{"$i":"month-7-genitive","$v":"Augusts"},{"$i":"month-8-genitive","$v":"Septembris"},{"$i":"month-9-genitive","$v":"Oktobris"},{"$i":"month-10-genitive","$v":"Novembris"},{"$i":"month-11-genitive","$v":"Decembris"},{"$i":"month-0-short","$v":"Jan."},{"$i":"month-1-short","$v":"Febr."},{"$i":"month-2-short","$v":"Marts"},{"$i":"month-3-short","$v":"Apr."},{"$i":"month-4-short","$v":"Maijs"},{"$i":"month-5-short","$v":"Jūn."},{"$i":"month-6-short","$v":"Jūl."},{"$i":"month-7-short","$v":"Aug."},{"$i":"month-8-short","$v":"Sept."},{"$i":"month-9-short","$v":"Okt."},{"$i":"month-10-short","$v":"Nov."},{"$i":"month-11-short","$v":"Dec."},{"$i":"minutes-ago-long","$v":{"few":["Pirms ",{"t":"idOrVar","v":"value"}," minūtēm"],"many":["Pirms ",{"t":"idOrVar","v":"value"}," minūtēm"],"other":["Pirms ",{"t":"idOrVar","v":"value"}," minūtēm"],"two":["Pirms ",{"t":"idOrVar","v":"value"}," minūtēm"],"one":"pirms minūtes","zero":"tikko"},"$x":[{"t":"idOrVar","v":"plural"},"value"]},{"$i":"hours-ago-long","$v":{"few":["Pirms ",{"t":"idOrVar","v":"value"}," stundām"],"many":["Pirms ",{"t":"idOrVar","v":"value"}," stundām"],"other":["Pirms ",{"t":"idOrVar","v":"value"}," stundām"],"two":["Pirms ",{"t":"idOrVar","v":"value"}," stundām"],"one":"1 stunda","zero":"tikko"},"$x":[{"t":"idOrVar","v":"plural"},"value"]},{"$i":"days-ago-long","$v":{"few":["Pirms ",{"t":"idOrVar","v":"value"}," dienām"],"many":["Pirms ",{"t":"idOrVar","v":"value"}," dienām"],"one":"vakar","other":["Pirms ",{"t":"idOrVar","v":"value"}," dienām"],"two":["Pirms ",{"t":"idOrVar","v":"value"}," dienām"],"zero":"šodien"},"$x":[{"t":"idOrVar","v":"plural"},"value"]},{"$i":"weeks-ago-long","$v":{"few":["Pirms ",{"t":"idOrVar","v":"value"}," nedēļām"],"many":["Pirms ",{"t":"idOrVar","v":"value"}," nedēļām"],"one":"pagājušajā nedēļā","other":["Pirms ",{"t":"idOrVar","v":"value"}," nedēļām"],"two":["Pirms ",{"t":"idOrVar","v":"value"}," nedēļām"],"zero":"šonedēļ"},"$x":[{"t":"idOrVar","v":"plural"},"value"]},{"$i":"months-ago-long","$v":{"few":["Pirms ",{"t":"idOrVar","v":"value"}," mēnešiem"],"many":["Pirms ",{"t":"idOrVar","v":"value"}," mēnešiem"],"one":"pagājušajā mēnesī","other":["Pirms ",{"t":"idOrVar","v":"value"}," mēnešiem"],"two":["Pirms ",{"t":"idOrVar","v":"value"}," mēnešiem"],"zero":"šomēnes"},"$x":[{"t":"idOrVar","v":"plural"},"value"]},{"$i":"years-ago-long","$v":{"few":["Pirms ",{"t":"idOrVar","v":"value"}," gadiem"],"many":["Pirms ",{"t":"idOrVar","v":"value"}," gadiem"],"one":"pagājušajā gadā","other":["Pirms ",{"t":"idOrVar","v":"value"}," gadiem"],"two":["Pirms ",{"t":"idOrVar","v":"value"}," gadiem"],"zero":"šogad"},"$x":[{"t":"idOrVar","v":"plural"},"value"]},{"$i":"minutes-until-long","$v":{"few":[{"t":"idOrVar","v":"value"}," minūtēs"],"many":[{"t":"idOrVar","v":"value"}," minūtēs"],"other":[{"t":"idOrVar","v":"value"}," minūtēs"],"two":[{"t":"idOrVar","v":"value"}," minūtēs"],"zero":"tūlīt","one":"pēc 1 minūtes"},"$x":[{"t":"idOrVar","v":"plural"},"value"]},{"$i":"hours-until-long","$v":{"few":[{"t":"idOrVar","v":"value"}," stundās"],"many":[{"t":"idOrVar","v":"value"}," stundās"],"other":[{"t":"idOrVar","v":"value"}," stundās"],"two":[{"t":"idOrVar","v":"value"}," stundās"],"zero":"tūlīt","one":"pēc 1 stundas"},"$x":[{"t":"idOrVar","v":"plural"},"value"]},{"$i":"days-until-long","$v":{"few":[{"t":"idOrVar","v":"value"}," dienās"],"many":[{"t":"idOrVar","v":"value"}," dienās"],"one":"rīt","other":[{"t":"idOrVar","v":"value"}," dienās"],"two":[{"t":"idOrVar","v":"value"}," dienās"],"zero":"šodien"},"$x":[{"t":"idOrVar","v":"plural"},"value"]},{"$i":"weeks-until-long","$v":{"few":[{"t":"idOrVar","v":"value"}," nedēļās"],"many":[{"t":"idOrVar","v":"value"}," nedēļās"],"one":"nākamā nedēļa","other":[{"t":"idOrVar","v":"value"}," nedēļās"],"two":[{"t":"idOrVar","v":"value"}," nedēļās"],"zero":"šonedēļ"},"$x":[{"t":"idOrVar","v":"plural"},"value"]},{"$i":"months-until-long","$v":{"few":[{"t":"idOrVar","v":"value"}," mēnešos"],"many":[{"t":"idOrVar","v":"value"}," mēnešos"],"one":"nākamais mēnesis","other":[{"t":"idOrVar","v":"value"}," mēnešos"],"two":[{"t":"idOrVar","v":"value"}," mēnešos"],"zero":"šomēnes"},"$x":[{"t":"idOrVar","v":"plural"},"value"]},{"$i":"years-until-long","$v":{"few":[{"t":"idOrVar","v":"value"}," gados"],"many":[{"t":"idOrVar","v":"value"}," gados"],"one":"nākamais gads","other":[{"t":"idOrVar","v":"value"}," gados"],"two":[{"t":"idOrVar","v":"value"}," gados"],"zero":"šogad"},"$x":[{"t":"idOrVar","v":"plural"},"value"]},{"$i":"minutes-ago-short","$v":{"other":["Pirms ",{"t":"idOrVar","v":"value"}," min."],"zero":"tikko"},"$x":[{"t":"idOrVar","v":"plural"},"value"]},{"$i":"hours-ago-short","$v":{"other":["Pirms ",{"t":"idOrVar","v":"value"}," stundām"],"zero":"tikko"},"$x":[{"t":"idOrVar","v":"plural"},"value"]},{"$i":"days-ago-short","$v":{"other":["Pirms ",{"t":"idOrVar","v":"value"}," d."],"zero":"šodien"},"$x":[{"t":"idOrVar","v":"plural"},"value"]},{"$i":"minutes-until-short","$v":{"other":[{"t":"idOrVar","v":"value"}," min."],"zero":"tūlīt"},"$x":[{"t":"idOrVar","v":"plural"},"value"]},{"$i":"hours-until-short","$v":{"other":[{"t":"idOrVar","v":"value"}," st."],"zero":"tūlīt"},"$x":[{"t":"idOrVar","v":"plural"},"value"]},{"$i":"days-until-short","$v":{"other":[{"t":"idOrVar","v":"value"}," dienās"],"zero":"šodien"},"$x":[{"t":"idOrVar","v":"plural"},"value"]},{"$i":"incorrectDate","$v":"(nepareizs datums)"},{"$i":"dateTimeFormat_%c","$v":"%a %b %e %Y %I:%M:%S %p"},{"$i":"dateTimeFormat_%x","$v":"%m/%d/%Y"},{"$i":"dateTimeFormat_%X","$v":"%I:%M (%p)"},{"$i":"shortTimeFormat","$v":"%I:%M %p"},{"$i":"shortTimeFormat12","$v":"%I:%M %p"},{"$i":"shortTimeFormat24","$v":"%H:%M"},{"$i":"shortDateTimeFormat","$v":"%x %I:%M %p"},{"$i":"weekStartsOnMonday","$v":"0.0"},{"$i":"firstDayOfTheWeek","$v":"1.0"},{"$i":"time_am","$v":"no rīta"},{"$i":"time_pm","$v":"Pēc plkst."},{"$i":"stopped_download_title","$v":"Lejupielāde pārtraukta"},{"$i":"kai-stopped_download_message","$v":"Šī lejupielāde tika apturēta. Vai vēlaties atsākt lejupielādi?"},{"$i":"stopped_download_left_button","$v":"Atcelt"},{"$i":"stopped_download_right_button","$v":"Mēģināt vēlreiz"},{"$i":"failed_download_title","$v":"Lejupielāde neizdevās"},{"$i":"failed_download_message","$v":["Neizdevās lejupielādēt ",{"t":"idOrVar","v":"name"},". Vai vēlreiz mēģināt lejupielādēt?"]},{"$i":"failed_download_left_button","$v":"Atcelt"},{"$i":"failed_download_right_button","$v":"Mēģināt vēlreiz"},{"$i":"stop_download_title","$v":"Pārtraukt lejupielādi"},{"$i":"stop_download_message","$v":"Vai tiešām vēlaties apturēt lejupielādi?"},{"$i":"stop_download_left_button","$v":"Atcelt"},{"$i":"stop_download_right_button","$v":"Apturēt"},{"$i":"delete_download_title","$v":"Dzēst"},{"$i":"delete_download_message","$v":["Vai dzēst ",{"t":"idOrVar","v":"name"},"?"]},{"$i":"delete_download_left_button","$v":"Atcelt"},{"$i":"delete_download_right_button","$v":"Dzēst"},{"$i":"delete_all_download_title","$v":"Dzēst"},{"$i":"delete_all_download_left_button","$v":"Atcelt"},{"$i":"delete_all_download_right_button","$v":"Dzēst"},{"$i":"delete_all_download_message_ext","$v":"Vai dzēst izvēlētos failus?"},{"$i":"delete_all_download_message","$v":{"few":["Vai dzēst ",{"t":"idOrVar","v":"number"}," failus?"],"many":["Vai dzēst ",{"t":"idOrVar","v":"number"}," failus?"],"one":"Vai dzēst vienu failu?","other":["Vai dzēst ",{"t":"idOrVar","v":"number"}," failus?"],"two":["Vai dzēst ",{"t":"idOrVar","v":"number"}," failus?"],"zero":"Vai neizdzēst failus?"},"$x":[{"t":"idOrVar","v":"plural"},"number"]},{"$i":"unsupported_file_type_download_title","$v":"Nevar atvērt"},{"$i":"unsupported_file_type_download_message","$v":["Nav nevienas programmas, ar ko var atvērt failu ",{"t":"idOrVar","v":"name"},". Vai vēlaties failu saglabāt vai dzēst?"]},{"$i":"unsupported_file_type_download_left_button","$v":"Paturēt failu"},{"$i":"unsupported_file_type_download_right_button","$v":"Dzēst"},{"$i":"file_not_found_download_title","$v":"Fails nav atrasts"},{"$i":"file_not_found_download_message","$v":"Fails ierīcē netika atrasts"},{"$i":"file_not_found_download_right_button","$v":"Labi"},{"$i":"unmounted_sdcard_2_download_title","$v":"Atmiņas karte tiek izmantota"},{"$i":"unmounted_sdcard_2_download_message","$v":"Atvienojiet tālruni"},{"$i":"unmounted_sdcard_2_download_right_button","$v":"Labi"},{"$i":"no_provider_download_title","$v":"Nevar atvērt"},{"$i":"no_provider_download_message","$v":"Šis faila formāts ir nederīgs vai neatbalstīts."},{"$i":"no_provider_download_right_button","$v":"Labi"},{"$i":"no_memory_download_title","$v":"SIM karte ir pilna"},{"$i":"no_memory_download_message","$v":"Jūsu SD kartē nepietiek vietas, lai saglabātu lejupielādi. Pirms lejupielādes atsākšanas noņemiet dažus failus."},{"$i":"no_memory_download_right_button","$v":"Labi"},{"$i":"no_sdcard_found_2_download_title","$v":"Netika atrasta neviena atmiņas karte"},{"$i":"no_sdcard_found_2_download_message","$v":"Ievietojiet atmiņas karti vai sadaļā Uzstādījumi izvēlieties citu noklusējuma multivides atrašanās vietu"},{"$i":"no_sdcard_found_2_download_right_button","$v":"Labi"},{"$i":"file_open_error_download_title","$v":"Apstiprinājums"},{"$i":"file_open_error_download_message","$v":"Šis faila formāts nav derīgs vai neietiek atbalstīts. Vai vēlaties dzēst failu?"},{"$i":"file_open_error_download_left_button","$v":"Paturēt failu"},{"$i":"file_open_error_download_right_button","$v":"Dzēst"},{"$i":"restart_download_error","$v":"Restartējot lejupielādi, radās kļūda. Mēģiniet lejupielādēt vēlreiz."},{"$i":"no-downloads","$v":"Nav lejupielāžu"},{"$i":"byteUnit-B","$v":"B"},{"$i":"byteUnit-KB","$v":"KB"},{"$i":"byteUnit-MB","$v":"MB"},{"$i":"byteUnit-GB","$v":"GB"},{"$i":"byteUnit-TB","$v":"TB"},{"$i":"fileSize","$v":[{"t":"idOrVar","v":"size"}," ",{"t":"idOrVar","v":"unit"}]},{"$i":"percentage","$v":[{"t":"idOrVar","v":"percentage"}," %"]},{"$i":"partialResult","$v":[{"t":"idOrVar","v":"partial"}," / ",{"t":"idOrVar","v":"total"}]},{"$i":"summary","$v":[{"t":"idOrVar","v":"date"}," - ",{"t":"idOrVar","v":"status"}]},{"$i":"download-stopped","$v":"Pārtraukts"},{"$i":"download-failed","$v":"Lejupielāde neizdevās"},{"$i":"open_downloaded_file","$v":"Atvērt"},{"$i":"share_downloaded_file","$v":"Kopīgot"},{"$i":"wallpaper_downloaded_file","$v":"Uzstādīt kā fona attēlu"},{"$i":"ringtone_downloaded_file","$v":"Uzstādīt kā zvana signālu"},{"$i":"cancel_downloaded_file","$v":"Atcelt"},{"$i":"select-download","$v":"Atlasiet lejupielādi"},{"$i":"kai-select-download","$v":"Atlasiet A File"},{"$i":"kai-ok","$v":"Izvēlēties"},{"$i":"kai-cancel","$v":"Atcelt"}]