[{"$i":"weekday-0-long","$v":"Duminică"},{"$i":"weekday-1-long","$v":"Luni"},{"$i":"weekday-2-long","$v":"Marți"},{"$i":"weekday-3-long","$v":"Miercuri"},{"$i":"weekday-4-long","$v":"Joi"},{"$i":"weekday-5-long","$v":"Vineri"},{"$i":"weekday-6-long","$v":"Sâmbătă"},{"$i":"weekday-0-short","$v":"Dum"},{"$i":"weekday-1-short","$v":"Lun"},{"$i":"weekday-2-short","$v":"Ma"},{"$i":"weekday-3-short","$v":"Mie"},{"$i":"weekday-4-short","$v":"Joi"},{"$i":"weekday-5-short","$v":"Vi"},{"$i":"weekday-6-short","$v":"Sâm"},{"$i":"month-0-long","$v":"Ianuarie"},{"$i":"month-1-long","$v":"Februarie"},{"$i":"month-2-long","$v":"Martie"},{"$i":"month-3-long","$v":"Aprilie"},{"$i":"month-4-long","$v":"Mai"},{"$i":"month-5-long","$v":"Iunie"},{"$i":"month-6-long","$v":"Iulie"},{"$i":"month-7-long","$v":"August"},{"$i":"month-8-long","$v":"Septembrie"},{"$i":"month-9-long","$v":"Octombrie"},{"$i":"month-10-long","$v":"Noiembrie"},{"$i":"month-11-long","$v":"Decembrie"},{"$i":"month-0-genitive","$v":"Ianuarie"},{"$i":"month-1-genitive","$v":"Februarie"},{"$i":"month-2-genitive","$v":"Martie"},{"$i":"month-3-genitive","$v":"Aprilie"},{"$i":"month-4-genitive","$v":"Mai"},{"$i":"month-5-genitive","$v":"Iunie"},{"$i":"month-6-genitive","$v":"Iulie"},{"$i":"month-7-genitive","$v":"August"},{"$i":"month-8-genitive","$v":"Septembrie"},{"$i":"month-9-genitive","$v":"Octombrie"},{"$i":"month-10-genitive","$v":"Noiembrie"},{"$i":"month-11-genitive","$v":"Decembrie"},{"$i":"month-0-short","$v":"Ian"},{"$i":"month-1-short","$v":"Feb"},{"$i":"month-2-short","$v":"Mar"},{"$i":"month-3-short","$v":"Apr"},{"$i":"month-4-short","$v":"Mai"},{"$i":"month-5-short","$v":"Iun"},{"$i":"month-6-short","$v":"Iul"},{"$i":"month-7-short","$v":"Aug"},{"$i":"month-8-short","$v":"Sep"},{"$i":"month-9-short","$v":"Oct"},{"$i":"month-10-short","$v":"Nov"},{"$i":"month-11-short","$v":"Dec"},{"$i":"minutes-ago-long","$v":{"few":[{"t":"idOrVar","v":"value"}," minute în urmă"],"many":[{"t":"idOrVar","v":"value"}," minute în urmă"],"other":[{"t":"idOrVar","v":"value"}," minute în urmă"],"two":[{"t":"idOrVar","v":"value"}," minute în urmă"],"one":"un minut în urmă","zero":"chiar acum"},"$x":[{"t":"idOrVar","v":"plural"},"value"]},{"$i":"hours-ago-long","$v":{"few":[{"t":"idOrVar","v":"value"}," ore în urmă"],"many":[{"t":"idOrVar","v":"value"}," ore în urmă"],"other":[{"t":"idOrVar","v":"value"}," ore în urmă"],"two":[{"t":"idOrVar","v":"value"}," ore în urmă"],"one":"1 oră în urmă","zero":"chiar acum"},"$x":[{"t":"idOrVar","v":"plural"},"value"]},{"$i":"days-ago-long","$v":{"few":[{"t":"idOrVar","v":"value"}," zile în urmă"],"many":[{"t":"idOrVar","v":"value"}," zile în urmă"],"one":"ieri","other":[{"t":"idOrVar","v":"value"}," zile în urmă"],"two":[{"t":"idOrVar","v":"value"}," zile în urmă"],"zero":"azi"},"$x":[{"t":"idOrVar","v":"plural"},"value"]},{"$i":"weeks-ago-long","$v":{"few":[{"t":"idOrVar","v":"value"}," săptămâni în urmă"],"many":[{"t":"idOrVar","v":"value"}," săptămâni în urmă"],"one":"ultima săptămână","other":[{"t":"idOrVar","v":"value"}," săptămâni în urmă"],"two":[{"t":"idOrVar","v":"value"}," săptămâni în urmă"],"zero":"această săptămână"},"$x":[{"t":"idOrVar","v":"plural"},"value"]},{"$i":"months-ago-long","$v":{"few":[{"t":"idOrVar","v":"value"}," luni în urmă"],"many":[{"t":"idOrVar","v":"value"}," luni în urmă"],"one":"ultima lună","other":[{"t":"idOrVar","v":"value"}," luni în urmă"],"two":[{"t":"idOrVar","v":"value"}," luni în urmă"],"zero":"această lună"},"$x":[{"t":"idOrVar","v":"plural"},"value"]},{"$i":"years-ago-long","$v":{"few":[{"t":"idOrVar","v":"value"}," ani în urmă"],"many":[{"t":"idOrVar","v":"value"}," ani în urmă"],"one":"ultimul an","other":[{"t":"idOrVar","v":"value"}," ani în urmă"],"two":[{"t":"idOrVar","v":"value"}," ani în urmă"],"zero":"acest an"},"$x":[{"t":"idOrVar","v":"plural"},"value"]},{"$i":"minutes-until-long","$v":{"few":["în ",{"t":"idOrVar","v":"value"}," minute"],"many":["în ",{"t":"idOrVar","v":"value"}," minute"],"other":["în ",{"t":"idOrVar","v":"value"}," minute"],"two":["în ",{"t":"idOrVar","v":"value"}," minute"],"zero":"acum","one":"în 1 minut"},"$x":[{"t":"idOrVar","v":"plural"},"value"]},{"$i":"hours-until-long","$v":{"few":["în ",{"t":"idOrVar","v":"value"}," ore"],"many":["în ",{"t":"idOrVar","v":"value"}," ore"],"other":["în ",{"t":"idOrVar","v":"value"}," ore"],"two":["în ",{"t":"idOrVar","v":"value"}," ore"],"zero":"acum","one":"în 1 oră"},"$x":[{"t":"idOrVar","v":"plural"},"value"]},{"$i":"days-until-long","$v":{"few":["în ",{"t":"idOrVar","v":"value"}," zile"],"many":["în ",{"t":"idOrVar","v":"value"}," zile"],"one":"mâine","other":["în ",{"t":"idOrVar","v":"value"}," zile"],"two":["în ",{"t":"idOrVar","v":"value"}," zile"],"zero":"azi"},"$x":[{"t":"idOrVar","v":"plural"},"value"]},{"$i":"weeks-until-long","$v":{"few":["în ",{"t":"idOrVar","v":"value"}," săptămâni"],"many":["în ",{"t":"idOrVar","v":"value"}," săptămâni"],"one":"săptămâna viitoare","other":["în ",{"t":"idOrVar","v":"value"}," săptămâni"],"two":["în ",{"t":"idOrVar","v":"value"}," săptămâni"],"zero":"această săptămână"},"$x":[{"t":"idOrVar","v":"plural"},"value"]},{"$i":"months-until-long","$v":{"few":["în ",{"t":"idOrVar","v":"value"}," luni"],"many":["în ",{"t":"idOrVar","v":"value"}," luni"],"one":"luna viitoare","other":["în ",{"t":"idOrVar","v":"value"}," luni"],"two":["în ",{"t":"idOrVar","v":"value"}," luni"],"zero":"această lună"},"$x":[{"t":"idOrVar","v":"plural"},"value"]},{"$i":"years-until-long","$v":{"few":["în ",{"t":"idOrVar","v":"value"}," ani"],"many":["în ",{"t":"idOrVar","v":"value"}," ani"],"one":"anul viitor","other":["în ",{"t":"idOrVar","v":"value"}," ani"],"two":["în ",{"t":"idOrVar","v":"value"}," ani"],"zero":"acest an"},"$x":[{"t":"idOrVar","v":"plural"},"value"]},{"$i":"minutes-ago-short","$v":{"other":[{"t":"idOrVar","v":"value"},"m în urmă"],"zero":"chiar acum"},"$x":[{"t":"idOrVar","v":"plural"},"value"]},{"$i":"hours-ago-short","$v":{"other":[{"t":"idOrVar","v":"value"},"h în urmă"],"zero":"chiar acum"},"$x":[{"t":"idOrVar","v":"plural"},"value"]},{"$i":"days-ago-short","$v":{"other":[{"t":"idOrVar","v":"value"},"z în urmă"],"zero":"azi"},"$x":[{"t":"idOrVar","v":"plural"},"value"]},{"$i":"minutes-until-short","$v":{"other":["în ",{"t":"idOrVar","v":"value"},"m"],"zero":"acum"},"$x":[{"t":"idOrVar","v":"plural"},"value"]},{"$i":"hours-until-short","$v":{"other":["în ",{"t":"idOrVar","v":"value"},"h"],"zero":"acum"},"$x":[{"t":"idOrVar","v":"plural"},"value"]},{"$i":"days-until-short","$v":{"other":["în ",{"t":"idOrVar","v":"value"},"z"],"zero":"azi"},"$x":[{"t":"idOrVar","v":"plural"},"value"]},{"$i":"incorrectDate","$v":"(dată incorectă)"},{"$i":"dateTimeFormat_%c","$v":"%a %b %e %Y %I:%M:%S %p"},{"$i":"dateTimeFormat_%x","$v":"%m/%d/%Y"},{"$i":"dateTimeFormat_%X","$v":"%I:%M:%S %p"},{"$i":"shortTimeFormat","$v":"%I:%M %p"},{"$i":"shortTimeFormat12","$v":"%I:%M %p"},{"$i":"shortTimeFormat24","$v":"%H:%M"},{"$i":"shortDateTimeFormat","$v":"%x %I:%M %p"},{"$i":"weekStartsOnMonday","$v":"0.0"},{"$i":"firstDayOfTheWeek","$v":"1.0"},{"$i":"time_am","$v":"AM"},{"$i":"time_pm","$v":"PM"},{"$i":"stopped_download_title","$v":"Descărcare întreruptă"},{"$i":"kai-stopped_download_message","$v":"Această descărcare a fost oprită. Doriți să reluați descărcarea?"},{"$i":"stopped_download_left_button","$v":"Anulare"},{"$i":"stopped_download_right_button","$v":"Încercați din nou"},{"$i":"failed_download_title","$v":"Descărcare nereușită"},{"$i":"failed_download_message","$v":[{"t":"idOrVar","v":"name"}," nu s-a descărcat. Încercați să descărcați din nou?"]},{"$i":"failed_download_left_button","$v":"Anulare"},{"$i":"failed_download_right_button","$v":"Încercați din nou"},{"$i":"stop_download_title","$v":"Oprire descărcare"},{"$i":"stop_download_message","$v":"Sunteți sigur că doriți să întrerupeți descărcarea?"},{"$i":"stop_download_left_button","$v":"Anulare"},{"$i":"stop_download_right_button","$v":"Oprire"},{"$i":"delete_download_title","$v":"Ștergere"},{"$i":"delete_download_message","$v":["Ștergeți „",{"t":"idOrVar","v":"name"},"”?"]},{"$i":"delete_download_left_button","$v":"Anulare"},{"$i":"delete_download_right_button","$v":"Ștergere"},{"$i":"delete_all_download_title","$v":"Ștergere"},{"$i":"delete_all_download_left_button","$v":"Anulare"},{"$i":"delete_all_download_right_button","$v":"Ștergere"},{"$i":"delete_all_download_message_ext","$v":"Ștergeți fișierele selectate?"},{"$i":"delete_all_download_message","$v":{"few":["Ștergeți ",{"t":"idOrVar","v":"number"}," fișiere?"],"many":["Ștergeți ",{"t":"idOrVar","v":"number"}," fișiere?"],"one":"Ștergeți un fișier?","other":["Ștergeți ",{"t":"idOrVar","v":"number"}," fișiere?"],"two":["Ștergeți ",{"t":"idOrVar","v":"number"}," fișiere?"],"zero":"Nu ștergeți niciun fișier?"},"$x":[{"t":"idOrVar","v":"plural"},"number"]},{"$i":"unsupported_file_type_download_title","$v":"Imposibil de deschis"},{"$i":"unsupported_file_type_download_message","$v":["Nu există nicio aplicație care să poată deschide ",{"t":"idOrVar","v":"name"},". Doriți să salvați fișierul sau să-l ștergeți?"]},{"$i":"unsupported_file_type_download_left_button","$v":"Păstrați fișierul"},{"$i":"unsupported_file_type_download_right_button","$v":"Ștergere"},{"$i":"file_not_found_download_title","$v":"Fișier negăsit"},{"$i":"file_not_found_download_message","$v":"Fișierul nu a fost găsit pe acest dispozitiv"},{"$i":"file_not_found_download_right_button","$v":"OK"},{"$i":"unmounted_sdcard_2_download_title","$v":"Card de memorie utilizat"},{"$i":"unmounted_sdcard_2_download_message","$v":"Deconectare telefon"},{"$i":"unmounted_sdcard_2_download_right_button","$v":"OK"},{"$i":"no_provider_download_title","$v":"Imposibil de deschis"},{"$i":"no_provider_download_message","$v":"Acest format de fișier nu este valid sau nu este suportat."},{"$i":"no_provider_download_right_button","$v":"OK"},{"$i":"no_memory_download_title","$v":"Cardul SD este plin"},{"$i":"no_memory_download_message","$v":"Nu mai există spațiu pe cardul SD pentru a salva descărcarea. Îndepărtați câteva fișiere înainte de a reporni descărcarea."},{"$i":"no_memory_download_right_button","$v":"OK"},{"$i":"no_sdcard_found_2_download_title","$v":"Niciun card de memorie găsit"},{"$i":"no_sdcard_found_2_download_message","$v":"Introduceți un card de memorie sau selectați o locație media implicită alternativă în setări"},{"$i":"no_sdcard_found_2_download_right_button","$v":"OK"},{"$i":"file_open_error_download_title","$v":"Confirmare"},{"$i":"file_open_error_download_message","$v":"Acest format de fișier este nevalid sau nu este suportat. Doriți să ștergeți fișierul?"},{"$i":"file_open_error_download_left_button","$v":"Păstrați fișierul"},{"$i":"file_open_error_download_right_button","$v":"Ștergere"},{"$i":"restart_download_error","$v":"A apărut o eroare la repornirea descărcării. Încercați să descărcați din nou."},{"$i":"no-downloads","$v":"Nicio descărcare"},{"$i":"byteUnit-B","$v":"B"},{"$i":"byteUnit-KB","$v":"KB"},{"$i":"byteUnit-MB","$v":"MB"},{"$i":"byteUnit-GB","$v":"GB"},{"$i":"byteUnit-TB","$v":"TB"},{"$i":"fileSize","$v":[{"t":"idOrVar","v":"size"}," ",{"t":"idOrVar","v":"unit"}]},{"$i":"percentage","$v":[{"t":"idOrVar","v":"percentage"}," %"]},{"$i":"partialResult","$v":[{"t":"idOrVar","v":"partial"}," / ",{"t":"idOrVar","v":"total"}]},{"$i":"summary","$v":[{"t":"idOrVar","v":"date"}," — ",{"t":"idOrVar","v":"status"}]},{"$i":"download-stopped","$v":"Oprit"},{"$i":"download-failed","$v":"Descărcare nereușită"},{"$i":"open_downloaded_file","$v":"Deschis"},{"$i":"share_downloaded_file","$v":"Partajare"},{"$i":"wallpaper_downloaded_file","$v":"Setați ca imagine de fundal"},{"$i":"ringtone_downloaded_file","$v":"Setați ca sunet de apel"},{"$i":"cancel_downloaded_file","$v":"Anulare"},{"$i":"select-download","$v":"Selectați descărcarea"},{"$i":"kai-select-download","$v":"Selectați Un fișier"},{"$i":"kai-ok","$v":"Selectare"},{"$i":"kai-cancel","$v":"Anulare"}]