[{"$i":"weekday-0-long","$v":"Ahad"},{"$i":"weekday-1-long","$v":"Isnin"},{"$i":"weekday-2-long","$v":"Selasa"},{"$i":"weekday-3-long","$v":"Rabu"},{"$i":"weekday-4-long","$v":"Khamis"},{"$i":"weekday-5-long","$v":"Jumaat"},{"$i":"weekday-6-long","$v":"Sabtu"},{"$i":"weekday-0-short","$v":"Aha"},{"$i":"weekday-1-short","$v":"Isn"},{"$i":"weekday-2-short","$v":"Sel"},{"$i":"weekday-3-short","$v":"Rab"},{"$i":"weekday-4-short","$v":"Kha"},{"$i":"weekday-5-short","$v":"Jum"},{"$i":"weekday-6-short","$v":"Sab"},{"$i":"month-0-long","$v":"Januari"},{"$i":"month-1-long","$v":"Februari"},{"$i":"month-2-long","$v":"Mac"},{"$i":"month-3-long","$v":"April"},{"$i":"month-4-long","$v":"Mei"},{"$i":"month-5-long","$v":"Jun"},{"$i":"month-6-long","$v":"Julai"},{"$i":"month-7-long","$v":"Ogos"},{"$i":"month-8-long","$v":"September"},{"$i":"month-9-long","$v":"Oktober"},{"$i":"month-10-long","$v":"November"},{"$i":"month-11-long","$v":"Disember"},{"$i":"month-0-genitive","$v":"Januari"},{"$i":"month-1-genitive","$v":"Februari"},{"$i":"month-2-genitive","$v":"Mac"},{"$i":"month-3-genitive","$v":"April"},{"$i":"month-4-genitive","$v":"Mei"},{"$i":"month-5-genitive","$v":"Jun"},{"$i":"month-6-genitive","$v":"Julai"},{"$i":"month-7-genitive","$v":"Ogos"},{"$i":"month-8-genitive","$v":"September"},{"$i":"month-9-genitive","$v":"Oktober"},{"$i":"month-10-genitive","$v":"November"},{"$i":"month-11-genitive","$v":"Disember"},{"$i":"month-0-short","$v":"Jan"},{"$i":"month-1-short","$v":"Feb"},{"$i":"month-2-short","$v":"Mac"},{"$i":"month-3-short","$v":"Apr"},{"$i":"month-4-short","$v":"Mei"},{"$i":"month-5-short","$v":"Jun"},{"$i":"month-6-short","$v":"Jul"},{"$i":"month-7-short","$v":"Ogo"},{"$i":"month-8-short","$v":"Sep"},{"$i":"month-9-short","$v":"Okt"},{"$i":"month-10-short","$v":"Nov"},{"$i":"month-11-short","$v":"Dis"},{"$i":"minutes-ago-long","$v":{"few":[{"t":"idOrVar","v":"value"}," minit yang lalu"],"many":[{"t":"idOrVar","v":"value"}," minit yang lalu"],"other":[{"t":"idOrVar","v":"value"}," minit yang lalu"],"two":[{"t":"idOrVar","v":"value"}," minit yang lalu"],"one":"seminit yang lalu","zero":"Sebentar Tadi"},"$x":[{"t":"idOrVar","v":"plural"},"value"]},{"$i":"hours-ago-long","$v":{"few":[{"t":"idOrVar","v":"value"}," jam yang lalu"],"many":[{"t":"idOrVar","v":"value"}," jam yang lalu"],"other":[{"t":"idOrVar","v":"value"}," jam yang lalu"],"two":[{"t":"idOrVar","v":"value"}," jam yang lalu"],"one":"sejam yang lalu","zero":"Sebentar Tadi"},"$x":[{"t":"idOrVar","v":"plural"},"value"]},{"$i":"days-ago-long","$v":{"few":[{"t":"idOrVar","v":"value"}," hari yang lalu"],"many":[{"t":"idOrVar","v":"value"}," hari yang lalu"],"one":"semalam","other":[{"t":"idOrVar","v":"value"}," hari yang lalu"],"two":[{"t":"idOrVar","v":"value"}," hari yang lalu"],"zero":"hari ini"},"$x":[{"t":"idOrVar","v":"plural"},"value"]},{"$i":"weeks-ago-long","$v":{"few":[{"t":"idOrVar","v":"value"}," minggu yang lalu"],"many":[{"t":"idOrVar","v":"value"}," minggu yang lalu"],"one":"minggu lepas","other":[{"t":"idOrVar","v":"value"}," minggu yang lalu"],"two":[{"t":"idOrVar","v":"value"}," minggu yang lalu"],"zero":"minggu ini"},"$x":[{"t":"idOrVar","v":"plural"},"value"]},{"$i":"months-ago-long","$v":{"few":[{"t":"idOrVar","v":"value"}," bulan yang lalu"],"many":[{"t":"idOrVar","v":"value"}," bulan yang lalu"],"one":"bulan lepas","other":[{"t":"idOrVar","v":"value"}," bulan yang lalu"],"two":[{"t":"idOrVar","v":"value"}," bulan yang lalu"],"zero":"bulan ini"},"$x":[{"t":"idOrVar","v":"plural"},"value"]},{"$i":"years-ago-long","$v":{"few":[{"t":"idOrVar","v":"value"}," tahun yang lalu"],"many":[{"t":"idOrVar","v":"value"}," tahun yang lalu"],"one":"tahun lepas","other":[{"t":"idOrVar","v":"value"}," tahun yang lalu"],"two":[{"t":"idOrVar","v":"value"}," tahun yang lalu"],"zero":"tahun ini"},"$x":[{"t":"idOrVar","v":"plural"},"value"]},{"$i":"minutes-until-long","$v":{"few":["dalam ",{"t":"idOrVar","v":"value"}," minit"],"many":["dalam ",{"t":"idOrVar","v":"value"}," minit"],"other":["dalam ",{"t":"idOrVar","v":"value"}," minit"],"two":["dalam ",{"t":"idOrVar","v":"value"}," minit"],"zero":"sekarang","one":"dalam masa seminit"},"$x":[{"t":"idOrVar","v":"plural"},"value"]},{"$i":"hours-until-long","$v":{"few":["dalam ",{"t":"idOrVar","v":"value"}," jam"],"many":["dalam ",{"t":"idOrVar","v":"value"}," jam"],"other":["dalam ",{"t":"idOrVar","v":"value"}," jam"],"two":["dalam ",{"t":"idOrVar","v":"value"}," jam"],"zero":"sekarang","one":"dalam masa sejam"},"$x":[{"t":"idOrVar","v":"plural"},"value"]},{"$i":"days-until-long","$v":{"few":["dalam ",{"t":"idOrVar","v":"value"}," hari"],"many":["dalam ",{"t":"idOrVar","v":"value"}," hari"],"one":"esok","other":["dalam ",{"t":"idOrVar","v":"value"}," hari"],"two":["dalam ",{"t":"idOrVar","v":"value"}," hari"],"zero":"hari ini"},"$x":[{"t":"idOrVar","v":"plural"},"value"]},{"$i":"weeks-until-long","$v":{"few":["dalam ",{"t":"idOrVar","v":"value"}," minggu"],"many":["dalam ",{"t":"idOrVar","v":"value"}," minggu"],"one":"minggu depan","other":["dalam ",{"t":"idOrVar","v":"value"}," minggu"],"two":["dalam ",{"t":"idOrVar","v":"value"}," minggu"],"zero":"minggu ini"},"$x":[{"t":"idOrVar","v":"plural"},"value"]},{"$i":"months-until-long","$v":{"few":["dalam ",{"t":"idOrVar","v":"value"}," bulan"],"many":["dalam ",{"t":"idOrVar","v":"value"}," bulan"],"one":"bulan depan","other":["dalam ",{"t":"idOrVar","v":"value"}," bulan"],"two":["dalam ",{"t":"idOrVar","v":"value"}," bulan"],"zero":"bulan ini"},"$x":[{"t":"idOrVar","v":"plural"},"value"]},{"$i":"years-until-long","$v":{"few":["dalam ",{"t":"idOrVar","v":"value"}," tahun"],"many":["dalam ",{"t":"idOrVar","v":"value"}," tahun"],"one":"tahun depan","other":["dalam ",{"t":"idOrVar","v":"value"}," tahun"],"two":["dalam ",{"t":"idOrVar","v":"value"}," tahun"],"zero":"tahun ini"},"$x":[{"t":"idOrVar","v":"plural"},"value"]},{"$i":"minutes-ago-short","$v":{"other":[{"t":"idOrVar","v":"value"},"m yang lalu"],"zero":"Sebentar Tadi"},"$x":[{"t":"idOrVar","v":"plural"},"value"]},{"$i":"hours-ago-short","$v":{"other":[{"t":"idOrVar","v":"value"},"j yang lalu"],"zero":"Sebentar Tadi"},"$x":[{"t":"idOrVar","v":"plural"},"value"]},{"$i":"days-ago-short","$v":{"other":[{"t":"idOrVar","v":"value"},"h yang lalu"],"zero":"hari ini"},"$x":[{"t":"idOrVar","v":"plural"},"value"]},{"$i":"minutes-until-short","$v":{"other":["dalam ",{"t":"idOrVar","v":"value"},"m"],"zero":"sekarang"},"$x":[{"t":"idOrVar","v":"plural"},"value"]},{"$i":"hours-until-short","$v":{"other":["dalam ",{"t":"idOrVar","v":"value"},"j"],"zero":"sekarang"},"$x":[{"t":"idOrVar","v":"plural"},"value"]},{"$i":"days-until-short","$v":{"other":["dalam ",{"t":"idOrVar","v":"value"},"h"],"zero":"hari ini"},"$x":[{"t":"idOrVar","v":"plural"},"value"]},{"$i":"incorrectDate","$v":"(tarikh salah)"},{"$i":"dateTimeFormat_%c","$v":"%a %b %e %Y %I:%M:%S %p"},{"$i":"dateTimeFormat_%x","$v":"%m/%d/%Y"},{"$i":"dateTimeFormat_%X","$v":"%I:%M:%S %p"},{"$i":"shortTimeFormat","$v":"%I:%M %p"},{"$i":"shortTimeFormat12","$v":"%I:%M %p"},{"$i":"shortTimeFormat24","$v":"%H:%M"},{"$i":"shortDateTimeFormat","$v":"%x %I:%M %p"},{"$i":"weekStartsOnMonday","$v":"0.0"},{"$i":"firstDayOfTheWeek","$v":"0.0"},{"$i":"time_am","$v":"Pagi"},{"$i":"time_pm","$v":"Petang"},{"$i":"stopped_download_title","$v":"Muat turun terhenti"},{"$i":"kai-stopped_download_message","$v":"Muat turun ini telah dihentikan. Adakah anda ingin menyambung semula muat turun?"},{"$i":"stopped_download_left_button","$v":"Batal"},{"$i":"stopped_download_right_button","$v":"Cuba lagi"},{"$i":"failed_download_title","$v":"Gagal memuat turun"},{"$i":"failed_download_message","$v":[{"t":"idOrVar","v":"name"}," gagal dimuat turun. Cuba muat turun semula?"]},{"$i":"failed_download_left_button","$v":"Batal"},{"$i":"failed_download_right_button","$v":"Cuba lagi"},{"$i":"stop_download_title","$v":"Hentikan muat Turun"},{"$i":"stop_download_message","$v":"Adakah anda pasti anda ingin menghentikan muat turun?"},{"$i":"stop_download_left_button","$v":"Batal"},{"$i":"stop_download_right_button","$v":"Henti"},{"$i":"delete_download_title","$v":"Padam"},{"$i":"delete_download_message","$v":["Padam \"",{"t":"idOrVar","v":"name"},"\"?"]},{"$i":"delete_download_left_button","$v":"Batal"},{"$i":"delete_download_right_button","$v":"Padam"},{"$i":"delete_all_download_title","$v":"Padam"},{"$i":"delete_all_download_left_button","$v":"Batal"},{"$i":"delete_all_download_right_button","$v":"Padam"},{"$i":"delete_all_download_message_ext","$v":"Padam fail yang dipilih?"},{"$i":"delete_all_download_message","$v":{"few":["Padam ",{"t":"idOrVar","v":"number"}," fail?"],"many":["Padam ",{"t":"idOrVar","v":"number"}," fail?"],"one":"Padam satu fail?","other":["Padam ",{"t":"idOrVar","v":"number"}," fail?"],"two":["Padam ",{"t":"idOrVar","v":"number"}," fail?"],"zero":"Tidak memadam fail?"},"$x":[{"t":"idOrVar","v":"plural"},"number"]},{"$i":"unsupported_file_type_download_title","$v":"Tidak dapat membuka"},{"$i":"unsupported_file_type_download_message","$v":["Tiada aplikasi yang anda boleh buka ",{"t":"idOrVar","v":"name"},". Adakah anda ingin menyimpan fail atau memadamnya?"]},{"$i":"unsupported_file_type_download_left_button","$v":"Kekalkan Fail"},{"$i":"unsupported_file_type_download_right_button","$v":"Padam"},{"$i":"file_not_found_download_title","$v":"Fail tidak dijumpai"},{"$i":"file_not_found_download_message","$v":"Fail tidak dijumpai pada peranti"},{"$i":"file_not_found_download_right_button","$v":"OK"},{"$i":"unmounted_sdcard_2_download_title","$v":"Kad memori digunakan"},{"$i":"unmounted_sdcard_2_download_message","$v":"Cabut palam telefon"},{"$i":"unmounted_sdcard_2_download_right_button","$v":"OK"},{"$i":"no_provider_download_title","$v":"Tidak dapat membuka"},{"$i":"no_provider_download_message","$v":"Format fail ini tidak sah atau tidak disokong."},{"$i":"no_provider_download_right_button","$v":"OK"},{"$i":"no_memory_download_title","$v":"Kad SD penuh"},{"$i":"no_memory_download_message","$v":"Tiada ruang lagi pada kad SD anda untuk menyimpan muat turun. Sila alih keluar beberapa fail sebelum memulakan semula muat turun."},{"$i":"no_memory_download_right_button","$v":"OK"},{"$i":"no_sdcard_found_2_download_title","$v":"Tiada kad memori dijumpai"},{"$i":"no_sdcard_found_2_download_message","$v":"Masukkan kad memori atau pilih lokasi media lalai alternatif dalam tetapan"},{"$i":"no_sdcard_found_2_download_right_button","$v":"OK"},{"$i":"file_open_error_download_title","$v":"Pengesahan"},{"$i":"file_open_error_download_message","$v":"Format fail tidak sah atau tidak disokong. Adakah anda ingin memadam fail ?"},{"$i":"file_open_error_download_left_button","$v":"Kekalkan Fail"},{"$i":"file_open_error_download_right_button","$v":"Padam"},{"$i":"restart_download_error","$v":"Terdapat ralat sewaktu memulakan semula muat turun. Sila cuba muat turun semula."},{"$i":"no-downloads","$v":"Tiada muat turun"},{"$i":"byteUnit-B","$v":"B"},{"$i":"byteUnit-KB","$v":"KB"},{"$i":"byteUnit-MB","$v":"MB"},{"$i":"byteUnit-GB","$v":"GB"},{"$i":"byteUnit-TB","$v":"TB"},{"$i":"fileSize","$v":[{"t":"idOrVar","v":"size"}," ",{"t":"idOrVar","v":"unit"}]},{"$i":"percentage","$v":[{"t":"idOrVar","v":"percentage"}," %"]},{"$i":"partialResult","$v":[{"t":"idOrVar","v":"partial"}," / ",{"t":"idOrVar","v":"total"}]},{"$i":"summary","$v":[{"t":"idOrVar","v":"date"}," - ",{"t":"idOrVar","v":"status"}]},{"$i":"download-stopped","$v":"Dihentikan"},{"$i":"download-failed","$v":"Gagal memuat turun"},{"$i":"open_downloaded_file","$v":"Buka"},{"$i":"share_downloaded_file","$v":"Kongsi"},{"$i":"wallpaper_downloaded_file","$v":"Tetapkan sebagai kertas dinding"},{"$i":"ringtone_downloaded_file","$v":"Tetapkan sebagai nada dering"},{"$i":"cancel_downloaded_file","$v":"Batal"},{"$i":"select-download","$v":"Pilih muat turun"},{"$i":"kai-select-download","$v":"Pilih Satu Fail"},{"$i":"kai-ok","$v":"Pilih"},{"$i":"kai-cancel","$v":"Batal"}]