[{"$i":"weekday-0-long","$v":"یکشنبه"},{"$i":"weekday-1-long","$v":"دوشنبه"},{"$i":"weekday-2-long","$v":"سه شنبه"},{"$i":"weekday-3-long","$v":"چهارشنبه"},{"$i":"weekday-4-long","$v":"پنجشنبه"},{"$i":"weekday-5-long","$v":"جمعه"},{"$i":"weekday-6-long","$v":"شنبه"},{"$i":"weekday-0-short","$v":"لمر"},{"$i":"weekday-1-short","$v":"دو"},{"$i":"weekday-2-short","$v":"سه"},{"$i":"weekday-3-short","$v":"چهار"},{"$i":"weekday-4-short","$v":"پنج."},{"$i":"weekday-5-short","$v":"جمعه"},{"$i":"weekday-6-short","$v":"هفته"},{"$i":"month-0-long","$v":"جنوری"},{"$i":"month-1-long","$v":"فروری"},{"$i":"month-2-long","$v":"مارچ"},{"$i":"month-3-long","$v":"اپریل"},{"$i":"month-4-long","$v":"مئی"},{"$i":"month-5-long","$v":"جون"},{"$i":"month-6-long","$v":"جولائی"},{"$i":"month-7-long","$v":"اګست"},{"$i":"month-8-long","$v":"ستمبر"},{"$i":"month-9-long","$v":"اکتوبر"},{"$i":"month-10-long","$v":"نومبر"},{"$i":"month-11-long","$v":"دسمبر"},{"$i":"month-0-genitive","$v":"جنوری"},{"$i":"month-1-genitive","$v":"فروری"},{"$i":"month-2-genitive","$v":"مارچ"},{"$i":"month-3-genitive","$v":"اپریل"},{"$i":"month-4-genitive","$v":"مئی"},{"$i":"month-5-genitive","$v":"جون"},{"$i":"month-6-genitive","$v":"جولائی"},{"$i":"month-7-genitive","$v":"اګست"},{"$i":"month-8-genitive","$v":"ستمبر"},{"$i":"month-9-genitive","$v":"اکتوبر"},{"$i":"month-10-genitive","$v":"نومبر"},{"$i":"month-11-genitive","$v":"دسمبر"},{"$i":"month-0-short","$v":"جنوری"},{"$i":"month-1-short","$v":"فروری"},{"$i":"month-2-short","$v":"مارچ"},{"$i":"month-3-short","$v":"اپریل"},{"$i":"month-4-short","$v":"مئی"},{"$i":"month-5-short","$v":"جون"},{"$i":"month-6-short","$v":"جولائی"},{"$i":"month-7-short","$v":"اګست"},{"$i":"month-8-short","$v":"ستمبر"},{"$i":"month-9-short","$v":"اکتوبر"},{"$i":"month-10-short","$v":"نومبر"},{"$i":"month-11-short","$v":"دسمبر"},{"$i":"minutes-ago-long","$v":{"few":[{"t":"idOrVar","v":"value"}," دقی مخکې"],"many":[{"t":"idOrVar","v":"value"}," دقی مخکې"],"other":[{"t":"idOrVar","v":"value"}," دقی مخکې"],"two":[{"t":"idOrVar","v":"value"}," دقی مخکې"],"one":"یو دقیقه مخکې","zero":"همدا اوس"},"$x":[{"t":"idOrVar","v":"plural"},"value"]},{"$i":"hours-ago-long","$v":{"few":[{"t":"idOrVar","v":"value"}," ساعته مخکې"],"many":[{"t":"idOrVar","v":"value"}," ساعته مخکې"],"other":[{"t":"idOrVar","v":"value"}," ساعته مخکې"],"two":[{"t":"idOrVar","v":"value"}," ساعته مخکې"],"one":"یو ساعت وخت","zero":"همدا اوس"},"$x":[{"t":"idOrVar","v":"plural"},"value"]},{"$i":"days-ago-long","$v":{"few":[{"t":"idOrVar","v":"value"}," ورځي مخکې"],"many":[{"t":"idOrVar","v":"value"}," ورځي مخکې"],"one":"پرون","other":[{"t":"idOrVar","v":"value"}," ورځي مخکې"],"two":[{"t":"idOrVar","v":"value"}," ورځي مخکې"],"zero":"نن"},"$x":[{"t":"idOrVar","v":"plural"},"value"]},{"$i":"weeks-ago-long","$v":{"few":[{"t":"idOrVar","v":"value"}," اوونئ مخکې"],"many":[{"t":"idOrVar","v":"value"}," اوونئ مخکې"],"one":"تیره اوونۍ","other":[{"t":"idOrVar","v":"value"}," اوونئ مخکې"],"two":[{"t":"idOrVar","v":"value"}," اوونئ مخکې"],"zero":"دا اونۍ"},"$x":[{"t":"idOrVar","v":"plural"},"value"]},{"$i":"months-ago-long","$v":{"few":[{"t":"idOrVar","v":"value"}," میاشتي مخکې"],"many":[{"t":"idOrVar","v":"value"}," میاشتي مخکې"],"one":"تیره میاشت","other":[{"t":"idOrVar","v":"value"}," میاشتي مخکې"],"two":[{"t":"idOrVar","v":"value"}," میاشتي مخکې"],"zero":"دا میاشت"},"$x":[{"t":"idOrVar","v":"plural"},"value"]},{"$i":"years-ago-long","$v":{"few":[{"t":"idOrVar","v":"value"}," کاله مخکې"],"many":[{"t":"idOrVar","v":"value"}," کاله مخکې"],"one":"تیر کال","other":[{"t":"idOrVar","v":"value"}," کاله مخکې"],"two":[{"t":"idOrVar","v":"value"}," کاله مخکې"],"zero":"دا کال"},"$x":[{"t":"idOrVar","v":"plural"},"value"]},{"$i":"minutes-until-long","$v":{"few":["په ",{"t":"idOrVar","v":"value"}," دقیقو"],"many":["په ",{"t":"idOrVar","v":"value"}," دقیقو"],"other":["په ",{"t":"idOrVar","v":"value"}," دقیقو"],"two":["په ",{"t":"idOrVar","v":"value"}," دقیقو"],"zero":"اوس","one":"په 1 دقیقه کې"},"$x":[{"t":"idOrVar","v":"plural"},"value"]},{"$i":"hours-until-long","$v":{"few":["په ",{"t":"idOrVar","v":"value"}," ساعتونو"],"many":["په ",{"t":"idOrVar","v":"value"}," ساعتونو"],"other":["په ",{"t":"idOrVar","v":"value"}," ساعتونو"],"two":["په ",{"t":"idOrVar","v":"value"}," ساعتونو"],"zero":"اوس","one":"په 1 ساعت کې"},"$x":[{"t":"idOrVar","v":"plural"},"value"]},{"$i":"days-until-long","$v":{"few":["په ",{"t":"idOrVar","v":"value"}," ورځو"],"many":["په ",{"t":"idOrVar","v":"value"}," ورځو"],"one":"سبا","other":["په ",{"t":"idOrVar","v":"value"}," ورځو"],"two":["په ",{"t":"idOrVar","v":"value"}," ورځو"],"zero":"نن"},"$x":[{"t":"idOrVar","v":"plural"},"value"]},{"$i":"weeks-until-long","$v":{"few":["په ",{"t":"idOrVar","v":"value"}," اوونیو"],"many":["په ",{"t":"idOrVar","v":"value"}," اوونیو"],"one":"راتلونکې اوونۍ","other":["په ",{"t":"idOrVar","v":"value"}," اوونیو"],"two":["په ",{"t":"idOrVar","v":"value"}," اوونیو"],"zero":"دا اونۍ"},"$x":[{"t":"idOrVar","v":"plural"},"value"]},{"$i":"months-until-long","$v":{"few":["په ",{"t":"idOrVar","v":"value"}," میاشتو"],"many":["په ",{"t":"idOrVar","v":"value"}," میاشتو"],"one":"راتلونکې میاشت","other":["په ",{"t":"idOrVar","v":"value"}," میاشتو"],"two":["په ",{"t":"idOrVar","v":"value"}," میاشتو"],"zero":"دا میاشت"},"$x":[{"t":"idOrVar","v":"plural"},"value"]},{"$i":"years-until-long","$v":{"few":["په ",{"t":"idOrVar","v":"value"}," کلونو"],"many":["په ",{"t":"idOrVar","v":"value"}," کلونو"],"one":"راتلونکی کال","other":["په ",{"t":"idOrVar","v":"value"}," کلونو"],"two":["په ",{"t":"idOrVar","v":"value"}," کلونو"],"zero":"دا کال"},"$x":[{"t":"idOrVar","v":"plural"},"value"]},{"$i":"minutes-ago-short","$v":{"other":[{"t":"idOrVar","v":"value"},"دقه مخکې"],"zero":"همدا اوس"},"$x":[{"t":"idOrVar","v":"plural"},"value"]},{"$i":"hours-ago-short","$v":{"other":[{"t":"idOrVar","v":"value"},"ساعت مخکې"],"zero":"همدا اوس"},"$x":[{"t":"idOrVar","v":"plural"},"value"]},{"$i":"days-ago-short","$v":{"other":[{"t":"idOrVar","v":"value"},"ورځ مخکې"],"zero":"نن"},"$x":[{"t":"idOrVar","v":"plural"},"value"]},{"$i":"minutes-until-short","$v":{"other":["په ",{"t":"idOrVar","v":"value"}," دقیقو"],"zero":"اوس"},"$x":[{"t":"idOrVar","v":"plural"},"value"]},{"$i":"hours-until-short","$v":{"other":["په ",{"t":"idOrVar","v":"value"}," ساعتونو"],"zero":"اوس"},"$x":[{"t":"idOrVar","v":"plural"},"value"]},{"$i":"days-until-short","$v":{"other":["په ",{"t":"idOrVar","v":"value"}," ورځو"],"zero":"نن"},"$x":[{"t":"idOrVar","v":"plural"},"value"]},{"$i":"incorrectDate","$v":"(غلطه نیټه)"},{"$i":"dateTimeFormat_%c","$v":"%a %b %e %Y %I:%M:%S %p"},{"$i":"dateTimeFormat_%x","$v":"%m/%d/%Y"},{"$i":"dateTimeFormat_%X","$v":"%I:%M:%S %p"},{"$i":"shortTimeFormat","$v":"%I:%M %p"},{"$i":"shortTimeFormat12","$v":"%I:%M %p"},{"$i":"shortTimeFormat24","$v":"%H:%M"},{"$i":"shortDateTimeFormat","$v":"%x %I:%M %p"},{"$i":"weekStartsOnMonday","$v":"0.0"},{"$i":"firstDayOfTheWeek","$v":"0.0"},{"$i":"time_am","$v":"سهار"},{"$i":"time_pm","$v":"ماښام"},{"$i":"stopped_download_title","$v":"ډاونلوډ ودرید"},{"$i":"kai-stopped_download_message","$v":"دا ډاونلوډ ودرول شو. ایا تاسو غواړئ چې ډاونلوډ بیا پیل کړئ؟"},{"$i":"stopped_download_left_button","$v":"لغوه"},{"$i":"stopped_download_right_button","$v":"بیا هڅه وکړئ."},{"$i":"failed_download_title","$v":"ډاونلوډ ناکام شو"},{"$i":"failed_download_message","$v":[{"t":"idOrVar","v":"name"}," راښتکه کول ناکام شو، وروسته هڅه وکړئ."]},{"$i":"failed_download_left_button","$v":"لغوه"},{"$i":"failed_download_right_button","$v":"بیا هڅه وکړئ."},{"$i":"stop_download_title","$v":"ډاونلوډ ودروئ"},{"$i":"stop_download_message","$v":"ایا غواړئ چې راښکته کول ودروئ؟"},{"$i":"stop_download_left_button","$v":"لغوه"},{"$i":"stop_download_right_button","$v":"توقف"},{"$i":"delete_download_title","$v":"لري ‎کړئ"},{"$i":"delete_download_message","$v":["لري کړئ ‏ \"",{"t":"idOrVar","v":"name"},"\"?"]},{"$i":"delete_download_left_button","$v":"لغوه"},{"$i":"delete_download_right_button","$v":"لري ‎کړئ"},{"$i":"delete_all_download_title","$v":"لري ‎کړئ"},{"$i":"delete_all_download_left_button","$v":"لغوه"},{"$i":"delete_all_download_right_button","$v":"لري ‎کړئ"},{"$i":"delete_all_download_message_ext","$v":"انتخاب شوی فایلونه لری کړئ؟"},{"$i":"delete_all_download_message","$v":{"few":[{"t":"idOrVar","v":"number"}," فایلونه لرې کړي؟"],"many":[{"t":"idOrVar","v":"number"}," فایلونه لرې کړي؟"],"one":"یو فایل لرې کړي؟","other":[{"t":"idOrVar","v":"number"}," فایلونه لرې کړي؟"],"two":[{"t":"idOrVar","v":"number"}," فایلونه لرې کړي؟"],"zero":"فایلونه لرې کړي؟"},"$x":[{"t":"idOrVar","v":"plural"},"number"]},{"$i":"unsupported_file_type_download_title","$v":"خلاصولی نشي."},{"$i":"unsupported_file_type_download_message","$v":["داسې ایپ نشته چې پرانستل کیدی شي ",{"t":"idOrVar","v":"name"},". ‏ تاسو فایل خوندي کول یا لرې کول غواړئ؟"]},{"$i":"unsupported_file_type_download_left_button","$v":"فایل وساتئ"},{"$i":"unsupported_file_type_download_right_button","$v":"لري ‎کړئ"},{"$i":"file_not_found_download_title","$v":"فایل پیدا نه شو"},{"$i":"file_not_found_download_message","$v":"په دې اله کې فایل ونه موندل شو"},{"$i":"file_not_found_download_right_button","$v":"اوکی"},{"$i":"unmounted_sdcard_2_download_title","$v":"میموري کارډ مصروف دی"},{"$i":"unmounted_sdcard_2_download_message","$v":"ټیلیفون د چارج څخه ویستل"},{"$i":"unmounted_sdcard_2_download_right_button","$v":"اوکی"},{"$i":"no_provider_download_title","$v":"خلاصولی نشي."},{"$i":"no_provider_download_message","$v":"دا فایل فارمیټ باوري او ملاتړی نه دی."},{"$i":"no_provider_download_right_button","$v":"اوکی"},{"$i":"no_memory_download_title","$v":"‏SD کارډ ډک دی"},{"$i":"no_memory_download_message","$v":"ستاسو په SD کارډ کې نور ځای نشته چې ستاسو ډاونلوډ ثبت شي. مهرباني وکړئ د دوباره پیل څخه د مخه ځینې فایلونه لرې کړئ."},{"$i":"no_memory_download_right_button","$v":"اوکی"},{"$i":"no_sdcard_found_2_download_title","$v":"میموري کارډ پیدا نشو"},{"$i":"no_sdcard_found_2_download_message","$v":"میموري کارډ داخل کړئ یا په تنظیمات کې د میډیا متبادل ځای وټاکئ"},{"$i":"no_sdcard_found_2_download_right_button","$v":"اوکی"},{"$i":"file_open_error_download_title","$v":"تصدیق"},{"$i":"file_open_error_download_message","$v":"د فایل دا فارمټ د باور وړ ندی او نه تائیدیږي. ایا غواړئ چې فایل لرې کړئ؟"},{"$i":"file_open_error_download_left_button","$v":"فایل وساتئ"},{"$i":"file_open_error_download_right_button","$v":"لري ‎کړئ"},{"$i":"restart_download_error","$v":"د ډاونلوډ له سره پیلولو کې تیروتنه رامنځته شوه. مهرباني وکړئ وروسته د ډاونلوډ هڅه وکړئ."},{"$i":"no-downloads","$v":"ډاونلوډ نشته"},{"$i":"byteUnit-B","$v":"بي"},{"$i":"byteUnit-KB","$v":"KB"},{"$i":"byteUnit-MB","$v":"MB"},{"$i":"byteUnit-GB","$v":"جي بي"},{"$i":"byteUnit-TB","$v":"TB"},{"$i":"fileSize","$v":[{"t":"idOrVar","v":"size"}," ",{"t":"idOrVar","v":"unit"}]},{"$i":"percentage","$v":[{"t":"idOrVar","v":"percentage"}," %"]},{"$i":"partialResult","$v":[{"t":"idOrVar","v":"partial"}," / ",{"t":"idOrVar","v":"total"}]},{"$i":"summary","$v":[{"t":"idOrVar","v":"date"}," - ",{"t":"idOrVar","v":"status"}]},{"$i":"download-stopped","$v":"ودرول شو"},{"$i":"download-failed","$v":"ډاونلوډ ناکام شو"},{"$i":"open_downloaded_file","$v":"خلاصول"},{"$i":"share_downloaded_file","$v":"شریک‎ کړئ"},{"$i":"wallpaper_downloaded_file","$v":"د والپیپر په ډول وټاکئ"},{"$i":"ringtone_downloaded_file","$v":"پیغام‎ سازسټ"},{"$i":"cancel_downloaded_file","$v":"لغوه"},{"$i":"select-download","$v":"ډاونلوډ انتخاب کړئ"},{"$i":"kai-select-download","$v":"یوه فایل غوره کړئ"},{"$i":"kai-ok","$v":"انتخاب کړئ"},{"$i":"kai-cancel","$v":"کینسل کړئ"}]