[{"$i":"weekday-0-long","$v":"ඉරිදා"},{"$i":"weekday-1-long","$v":"සඳුදා"},{"$i":"weekday-2-long","$v":"අඟහරුවාදා"},{"$i":"weekday-3-long","$v":"බදාදා"},{"$i":"weekday-4-long","$v":"බ්‍රහස්පතින්දා"},{"$i":"weekday-5-long","$v":"සිකුරාදා"},{"$i":"weekday-6-long","$v":"සෙනසුරාදා"},{"$i":"weekday-0-short","$v":"ඉරිදා"},{"$i":"weekday-1-short","$v":"සඳු"},{"$i":"weekday-2-short","$v":"අඟ"},{"$i":"weekday-3-short","$v":"බදා"},{"$i":"weekday-4-short","$v":"බ්‍රහස්"},{"$i":"weekday-5-short","$v":"සිකු"},{"$i":"weekday-6-short","$v":"සෙන"},{"$i":"month-0-long","$v":"ජනවාරි"},{"$i":"month-1-long","$v":"පෙබරවාරි"},{"$i":"month-2-long","$v":"මාර්තු"},{"$i":"month-3-long","$v":"අප්‍රේල්"},{"$i":"month-4-long","$v":"මැයි"},{"$i":"month-5-long","$v":"ජුනි"},{"$i":"month-6-long","$v":"ජූලි"},{"$i":"month-7-long","$v":"අගෝස්තු"},{"$i":"month-8-long","$v":"සැප්තැම්බර්"},{"$i":"month-9-long","$v":"ඔක්තෝබර්"},{"$i":"month-10-long","$v":"නොවැම්බර්"},{"$i":"month-11-long","$v":"දෙසැම්බර්"},{"$i":"month-0-genitive","$v":"ජනවාරි"},{"$i":"month-1-genitive","$v":"පෙබරවාරි"},{"$i":"month-2-genitive","$v":"මාර්තු"},{"$i":"month-3-genitive","$v":"අප්‍රේල්"},{"$i":"month-4-genitive","$v":"මැයි"},{"$i":"month-5-genitive","$v":"ජූනි"},{"$i":"month-6-genitive","$v":"ජුලි"},{"$i":"month-7-genitive","$v":"අගෝස්තු"},{"$i":"month-8-genitive","$v":"සැප්තැම්බර්"},{"$i":"month-9-genitive","$v":"ඔක්තෝබර්"},{"$i":"month-10-genitive","$v":"නොවැම්බර්"},{"$i":"month-11-genitive","$v":"දෙසැම්බර්"},{"$i":"month-0-short","$v":"ජන"},{"$i":"month-1-short","$v":"පෙබ"},{"$i":"month-2-short","$v":"මාර්."},{"$i":"month-3-short","$v":"අප්‍රේ"},{"$i":"month-4-short","$v":"මැයි"},{"$i":"month-5-short","$v":"ජූනි"},{"$i":"month-6-short","$v":"ජූලි"},{"$i":"month-7-short","$v":"අගෝ"},{"$i":"month-8-short","$v":"සැප්"},{"$i":"month-9-short","$v":"ඔක්"},{"$i":"month-10-short","$v":"නොවැ"},{"$i":"month-11-short","$v":"දෙසැ"},{"$i":"minutes-ago-long","$v":{"few":[{"t":"idOrVar","v":"value"}," මිනිත්තුවකට පෙර"],"many":[{"t":"idOrVar","v":"value"}," මිනිත්තුවකට පෙර"],"other":[{"t":"idOrVar","v":"value"}," මිනිත්තුවකට පෙර"],"two":[{"t":"idOrVar","v":"value"}," මිනිත්තුවකට පෙර"],"one":"මිනිත්තුවකට පෙර","zero":"මේ දැන්"},"$x":[{"t":"idOrVar","v":"plural"},"value"]},{"$i":"hours-ago-long","$v":{"few":[{"t":"idOrVar","v":"value"}," පැයකට ඉහත"],"many":[{"t":"idOrVar","v":"value"}," පැයකට ඉහත"],"other":[{"t":"idOrVar","v":"value"}," පැයකට ඉහත"],"two":[{"t":"idOrVar","v":"value"}," පැයකට ඉහත"],"one":"පැය 1 කට පෙර","zero":"මේ දැන්"},"$x":[{"t":"idOrVar","v":"plural"},"value"]},{"$i":"days-ago-long","$v":{"few":[{"t":"idOrVar","v":"value"}," දවසකට ඉහත"],"many":[{"t":"idOrVar","v":"value"}," දවසකට ඉහත"],"one":"ඊයේ","other":[{"t":"idOrVar","v":"value"}," දවසකට ඉහත"],"two":[{"t":"idOrVar","v":"value"}," දවසකට ඉහත"],"zero":"අද"},"$x":[{"t":"idOrVar","v":"plural"},"value"]},{"$i":"weeks-ago-long","$v":{"few":[{"t":"idOrVar","v":"value"}," සතියකට ඉහත"],"many":[{"t":"idOrVar","v":"value"}," සතියකට ඉහත"],"one":"පසුගිය සතිය","other":[{"t":"idOrVar","v":"value"}," සතියකට ඉහත"],"two":[{"t":"idOrVar","v":"value"}," සතියකට ඉහත"],"zero":"මේ සතිය"},"$x":[{"t":"idOrVar","v":"plural"},"value"]},{"$i":"months-ago-long","$v":{"few":[{"t":"idOrVar","v":"value"}," මසකට ඉහත"],"many":[{"t":"idOrVar","v":"value"}," මසකට ඉහත"],"one":"අවසන් මාසය","other":[{"t":"idOrVar","v":"value"}," මසකට ඉහත"],"two":[{"t":"idOrVar","v":"value"}," මසකට ඉහත"],"zero":"මේ මාසය"},"$x":[{"t":"idOrVar","v":"plural"},"value"]},{"$i":"years-ago-long","$v":{"few":[{"t":"idOrVar","v":"value"}," වසරකට ඉහත"],"many":[{"t":"idOrVar","v":"value"}," වසරකට ඉහත"],"one":"පසුගිය වසර","other":[{"t":"idOrVar","v":"value"}," වසරකට ඉහත"],"two":[{"t":"idOrVar","v":"value"}," වසරකට ඉහත"],"zero":"මෙම වසර"},"$x":[{"t":"idOrVar","v":"plural"},"value"]},{"$i":"minutes-until-long","$v":{"few":["මිනිත්තු",{"t":"idOrVar","v":"value"}," කින්"],"many":["මිනිත්තු",{"t":"idOrVar","v":"value"}," කින්"],"other":["මිනිත්තු",{"t":"idOrVar","v":"value"}," කින්"],"two":["මිනිත්තු",{"t":"idOrVar","v":"value"}," කින්"],"zero":"දැන්","one":"මිනිත්තු 1 කින්"},"$x":[{"t":"idOrVar","v":"plural"},"value"]},{"$i":"hours-until-long","$v":{"few":["පැය ",{"t":"idOrVar","v":"value"}," කින්"],"many":["පැය ",{"t":"idOrVar","v":"value"}," කින්"],"other":["පැය ",{"t":"idOrVar","v":"value"}," කින්"],"two":["පැය ",{"t":"idOrVar","v":"value"}," කින්"],"zero":"දැන්","one":"පැය 1 කින්"},"$x":[{"t":"idOrVar","v":"plural"},"value"]},{"$i":"days-until-long","$v":{"few":["දින ",{"t":"idOrVar","v":"value"}," කින්"],"many":["දින ",{"t":"idOrVar","v":"value"}," කින්"],"one":"හෙට","other":["දින ",{"t":"idOrVar","v":"value"}," කින්"],"two":["දින ",{"t":"idOrVar","v":"value"}," කින්"],"zero":"අද"},"$x":[{"t":"idOrVar","v":"plural"},"value"]},{"$i":"weeks-until-long","$v":{"few":["සති ",{"t":"idOrVar","v":"value"}," කින්"],"many":["සති ",{"t":"idOrVar","v":"value"}," කින්"],"one":"ඊළඟ සතිය","other":["සති ",{"t":"idOrVar","v":"value"}," කින්"],"two":["සති ",{"t":"idOrVar","v":"value"}," කින්"],"zero":"මේ සතිය"},"$x":[{"t":"idOrVar","v":"plural"},"value"]},{"$i":"months-until-long","$v":{"few":["මාස ",{"t":"idOrVar","v":"value"}," කින්"],"many":["මාස ",{"t":"idOrVar","v":"value"}," කින්"],"one":"ඊළඟ මාසය","other":["මාස ",{"t":"idOrVar","v":"value"}," කින්"],"two":["මාස ",{"t":"idOrVar","v":"value"}," කින්"],"zero":"මේ මාසය"},"$x":[{"t":"idOrVar","v":"plural"},"value"]},{"$i":"years-until-long","$v":{"few":["වසර ",{"t":"idOrVar","v":"value"}," කින්"],"many":["වසර ",{"t":"idOrVar","v":"value"}," කින්"],"one":"ඊළඟ වසර","other":["වසර ",{"t":"idOrVar","v":"value"}," කින්"],"two":["වසර ",{"t":"idOrVar","v":"value"}," කින්"],"zero":"මෙම වසර"},"$x":[{"t":"idOrVar","v":"plural"},"value"]},{"$i":"minutes-ago-short","$v":{"other":[{"t":"idOrVar","v":"value"},"මි. පෙර"],"zero":"මේ දැන්"},"$x":[{"t":"idOrVar","v":"plural"},"value"]},{"$i":"hours-ago-short","$v":{"other":[{"t":"idOrVar","v":"value"},"පැ. පෙර"],"zero":"මේ දැන්"},"$x":[{"t":"idOrVar","v":"plural"},"value"]},{"$i":"days-ago-short","$v":{"other":[{"t":"idOrVar","v":"value"},"දි. පෙර"],"zero":"අද"},"$x":[{"t":"idOrVar","v":"plural"},"value"]},{"$i":"minutes-until-short","$v":{"other":["මාස ",{"t":"idOrVar","v":"value"},"කින්"],"zero":"දැන්"},"$x":[{"t":"idOrVar","v":"plural"},"value"]},{"$i":"hours-until-short","$v":{"other":["පැය ",{"t":"idOrVar","v":"value"},"කින්"],"zero":"දැන්"},"$x":[{"t":"idOrVar","v":"plural"},"value"]},{"$i":"days-until-short","$v":{"other":["දින ",{"t":"idOrVar","v":"value"},"කින්"],"zero":"අද"},"$x":[{"t":"idOrVar","v":"plural"},"value"]},{"$i":"incorrectDate","$v":"(වැරදිදිනය)"},{"$i":"dateTimeFormat_%c","$v":"%a %b %e %Y %I:%M:%S %p"},{"$i":"dateTimeFormat_%x","$v":"%m/%d/%Y"},{"$i":"dateTimeFormat_%X","$v":"%I:%M:%S %p"},{"$i":"shortTimeFormat","$v":"%I:%M %p"},{"$i":"shortTimeFormat12","$v":"%I:%M %p"},{"$i":"shortTimeFormat24","$v":"%H:%M"},{"$i":"shortDateTimeFormat","$v":"%x %I:%M %p"},{"$i":"weekStartsOnMonday","$v":"0.0"},{"$i":"firstDayOfTheWeek","$v":"0.0"},{"$i":"time_am","$v":"AM"},{"$i":"time_pm","$v":"PM"},{"$i":"stopped_download_title","$v":"බාගැනීම නතර කෙරිණි"},{"$i":"kai-stopped_download_message","$v":"මෙම බාගැනීම නතර කරන ලදි. බාගත කිරීම නැවත ආරම්භ කිරීමට ඔබ කැමතිද?"},{"$i":"stopped_download_left_button","$v":"අවලංගු කරන්න"},{"$i":"stopped_download_right_button","$v":"නැවත උත්සාහ කරන්න"},{"$i":"failed_download_title","$v":"බාගැනීම අපොහොසත් විය"},{"$i":"failed_download_message","$v":[{"t":"idOrVar","v":"name"}," බාගත කිරීම අසමත්විය. නැවත බාගතකිරීම උත්සාහ කරන්නද?"]},{"$i":"failed_download_left_button","$v":"අවලංගු කරන්න"},{"$i":"failed_download_right_button","$v":"නැවත උත්සාහ කරන්න"},{"$i":"stop_download_title","$v":"බාගැනීම නවත්වන්න"},{"$i":"stop_download_message","$v":"බාගැනීම නතර කළ යුතු බව ඔබට සහතිකද?"},{"$i":"stop_download_left_button","$v":"අවලංගු කරන්න"},{"$i":"stop_download_right_button","$v":"නවතන්න"},{"$i":"delete_download_title","$v":"මකන්න"},{"$i":"delete_download_message","$v":[{"t":"idOrVar","v":"name"},"\" මකන්නද?"]},{"$i":"delete_download_left_button","$v":"අවලංගු කරන්න"},{"$i":"delete_download_right_button","$v":"මකන්න"},{"$i":"delete_all_download_title","$v":"මකන්න"},{"$i":"delete_all_download_left_button","$v":"අවලංගු කරන්න"},{"$i":"delete_all_download_right_button","$v":"මකන්න"},{"$i":"delete_all_download_message_ext","$v":"තෝරන ලද ගොනු මකන්නද?"},{"$i":"delete_all_download_message","$v":{"few":["ගොනු ",{"t":"idOrVar","v":"number"}," මකන්නද?"],"many":["ගොනු ",{"t":"idOrVar","v":"number"}," මකන්නද?"],"one":"එක් ගොනුවක් මකන්නද?","other":["ගොනු ",{"t":"idOrVar","v":"number"}," මකන්නද?"],"two":["ගොනු ",{"t":"idOrVar","v":"number"}," මකන්නද?"],"zero":"කිසිදු ගොනුවක් නොමැකිය යුතුද?"},"$x":[{"t":"idOrVar","v":"plural"},"number"]},{"$i":"unsupported_file_type_download_title","$v":"විවෘත කළ නොහැක"},{"$i":"unsupported_file_type_download_message","$v":[{"t":"idOrVar","v":"name"}," විවෘත කළ හැකි යෙදුමක් නැත. ඔබ ගොනුව සුරැකීමට කැමතිද නැතහොත් මැකීමට කැමතිද?"]},{"$i":"unsupported_file_type_download_left_button","$v":"ගොනුව තබා ගන්න"},{"$i":"unsupported_file_type_download_right_button","$v":"මකන්න"},{"$i":"file_not_found_download_title","$v":"ගොනුව හමු නොවීය"},{"$i":"file_not_found_download_message","$v":"ගොනුව උපාංගය තුළ සොයා නොගැණින"},{"$i":"file_not_found_download_right_button","$v":"හරි"},{"$i":"unmounted_sdcard_2_download_title","$v":"මතක කාඩ්පත භාවිතයේ තිබේ"},{"$i":"unmounted_sdcard_2_download_message","$v":"දුරකථනය ප්ලගයෙන් ඉවත් කරන්න"},{"$i":"unmounted_sdcard_2_download_right_button","$v":"හරි"},{"$i":"no_provider_download_title","$v":"විවෘත කළ නොහැක"},{"$i":"no_provider_download_message","$v":"මෙම ගොනු ආකෘතිය වලංගු නොවේ හෝ සහය නොදක්වයි."},{"$i":"no_provider_download_right_button","$v":"හරි"},{"$i":"no_memory_download_title","$v":"SD කාඩ්පත සම්පූර්ණයි"},{"$i":"no_memory_download_message","$v":"ඔබේ බාගැනීම් සුරැකීමට තවත් ඉඩ ඔබේ SD කාඩ්පතේ නැත. බාගැනීම නැවත ඇරඹීමට පෙර කරුණාකර සමහර ගොනු ඉවත් කරන්න."},{"$i":"no_memory_download_right_button","$v":"හරි"},{"$i":"no_sdcard_found_2_download_title","$v":"කිසිදු මතක කාඩ්පතක් හමු නොවීය"},{"$i":"no_sdcard_found_2_download_message","$v":"මතක කාඩ්පතක් ඇතුළු කරන්න නැතහොත් පසුතලහිදී විකල්ප පෙරනිමි මාධ්‍ය ස්ථානයක් තෝරන්න"},{"$i":"no_sdcard_found_2_download_right_button","$v":"හරි"},{"$i":"file_open_error_download_title","$v":"තහවුරු කිරීම"},{"$i":"file_open_error_download_message","$v":"මෙම ගොනු ආකෘතිය වැරදි හෝ ආධාරක නොවේ. මෙම ගොනුව මැකීමට ඔබට අවශ්‍යද?"},{"$i":"file_open_error_download_left_button","$v":"ගොනුව තබා ගන්න"},{"$i":"file_open_error_download_right_button","$v":"මකන්න"},{"$i":"restart_download_error","$v":"බාගැනීම නැවත අරඹන අතරතුර දෝෂයක් හට ගැනුණි. කරුණාකර නැවත බාගැනීමට උත්සාහ කරන්න."},{"$i":"no-downloads","$v":"බාගැනීම් නැත"},{"$i":"byteUnit-B","$v":"B"},{"$i":"byteUnit-KB","$v":"KB"},{"$i":"byteUnit-MB","$v":"MB"},{"$i":"byteUnit-GB","$v":"GB"},{"$i":"byteUnit-TB","$v":"TB"},{"$i":"fileSize","$v":[{"t":"idOrVar","v":"size"}," ",{"t":"idOrVar","v":"unit"}]},{"$i":"percentage","$v":[{"t":"idOrVar","v":"percentage"}," %"]},{"$i":"partialResult","$v":[{"t":"idOrVar","v":"partial"}," / ",{"t":"idOrVar","v":"total"}]},{"$i":"summary","$v":[{"t":"idOrVar","v":"date"}," - ",{"t":"idOrVar","v":"status"}]},{"$i":"download-stopped","$v":"නවත්වන ලදි"},{"$i":"download-failed","$v":"බාගැනීම අපොහොසත් විය"},{"$i":"open_downloaded_file","$v":"විවෘත කරන්න"},{"$i":"share_downloaded_file","$v":"හුවමාරු කරන්න"},{"$i":"wallpaper_downloaded_file","$v":"වෝල්පේපරය ලෙස සකසන්න"},{"$i":"ringtone_downloaded_file","$v":"නාද රටාව ලෙස සකසන්න"},{"$i":"cancel_downloaded_file","$v":"අවලංගු කරන්න"},{"$i":"select-download","$v":"බාගැනීම තෝරන්න"},{"$i":"kai-select-download","$v":"ගොනුවක් තෝරන්න"},{"$i":"kai-ok","$v":"තෝරන්න"},{"$i":"kai-cancel","$v":"අවලංගු කරන්න"}]