[{"$i":"weekday-0-long","$v":"Nedelja"},{"$i":"weekday-1-long","$v":"Ponedeljek"},{"$i":"weekday-2-long","$v":"Torek"},{"$i":"weekday-3-long","$v":"Sreda"},{"$i":"weekday-4-long","$v":"Četrtek"},{"$i":"weekday-5-long","$v":"Petek"},{"$i":"weekday-6-long","$v":"Sobota"},{"$i":"weekday-0-short","$v":"ned"},{"$i":"weekday-1-short","$v":"pon"},{"$i":"weekday-2-short","$v":"tor"},{"$i":"weekday-3-short","$v":"sre"},{"$i":"weekday-4-short","$v":"čet"},{"$i":"weekday-5-short","$v":"pet"},{"$i":"weekday-6-short","$v":"sob"},{"$i":"month-0-long","$v":"januar"},{"$i":"month-1-long","$v":"februar"},{"$i":"month-2-long","$v":"marec"},{"$i":"month-3-long","$v":"april"},{"$i":"month-4-long","$v":"maj"},{"$i":"month-5-long","$v":"junij"},{"$i":"month-6-long","$v":"julij"},{"$i":"month-7-long","$v":"avgust"},{"$i":"month-8-long","$v":"september"},{"$i":"month-9-long","$v":"oktober"},{"$i":"month-10-long","$v":"november"},{"$i":"month-11-long","$v":"december"},{"$i":"month-0-genitive","$v":"januar"},{"$i":"month-1-genitive","$v":"februar"},{"$i":"month-2-genitive","$v":"marec"},{"$i":"month-3-genitive","$v":"april"},{"$i":"month-4-genitive","$v":"maj"},{"$i":"month-5-genitive","$v":"junij"},{"$i":"month-6-genitive","$v":"julij"},{"$i":"month-7-genitive","$v":"avgust"},{"$i":"month-8-genitive","$v":"september"},{"$i":"month-9-genitive","$v":"oktober"},{"$i":"month-10-genitive","$v":"november"},{"$i":"month-11-genitive","$v":"december"},{"$i":"month-0-short","$v":"jan"},{"$i":"month-1-short","$v":"feb"},{"$i":"month-2-short","$v":"mar"},{"$i":"month-3-short","$v":"apr"},{"$i":"month-4-short","$v":"maj"},{"$i":"month-5-short","$v":"jun"},{"$i":"month-6-short","$v":"jul"},{"$i":"month-7-short","$v":"avg"},{"$i":"month-8-short","$v":"sep"},{"$i":"month-9-short","$v":"okt"},{"$i":"month-10-short","$v":"nov"},{"$i":"month-11-short","$v":"dec"},{"$i":"minutes-ago-long","$v":{"few":["pred ",{"t":"idOrVar","v":"value"}," minutami"],"many":["pred ",{"t":"idOrVar","v":"value"}," minutami"],"other":["pred ",{"t":"idOrVar","v":"value"}," minutami"],"two":["pred ",{"t":"idOrVar","v":"value"}," minutama"],"one":"pred minuto","zero":"pravkar"},"$x":[{"t":"idOrVar","v":"plural"},"value"]},{"$i":"hours-ago-long","$v":{"few":["pred ",{"t":"idOrVar","v":"value"}," urami"],"many":["pred ",{"t":"idOrVar","v":"value"}," urami"],"other":["pred ",{"t":"idOrVar","v":"value"}," urami"],"two":["pred ",{"t":"idOrVar","v":"value"}," urama"],"one":"Pred 1 uro","zero":"pravkar"},"$x":[{"t":"idOrVar","v":"plural"},"value"]},{"$i":"days-ago-long","$v":{"few":["pred ",{"t":"idOrVar","v":"value"}," dnevi"],"many":["pred ",{"t":"idOrVar","v":"value"}," dnevi"],"one":"včeraj","other":["pred ",{"t":"idOrVar","v":"value"}," dnevi"],"two":["pred ",{"t":"idOrVar","v":"value"}," dnevoma"],"zero":"danes"},"$x":[{"t":"idOrVar","v":"plural"},"value"]},{"$i":"weeks-ago-long","$v":{"few":["pred ",{"t":"idOrVar","v":"value"}," tedni"],"many":["pred ",{"t":"idOrVar","v":"value"}," tedni"],"one":"prejšnji teden","other":["pred ",{"t":"idOrVar","v":"value"}," tedni"],"two":["pred ",{"t":"idOrVar","v":"value"}," tednoma"],"zero":"ta teden"},"$x":[{"t":"idOrVar","v":"plural"},"value"]},{"$i":"months-ago-long","$v":{"few":["pred ",{"t":"idOrVar","v":"value"}," meseci"],"many":["pred ",{"t":"idOrVar","v":"value"}," meseci"],"one":"prejšnji mesec","other":["pred ",{"t":"idOrVar","v":"value"}," meseci"],"two":["pred ",{"t":"idOrVar","v":"value"}," mesecema"],"zero":"ta mesec"},"$x":[{"t":"idOrVar","v":"plural"},"value"]},{"$i":"years-ago-long","$v":{"few":["pred ",{"t":"idOrVar","v":"value"}," leti"],"many":["pred ",{"t":"idOrVar","v":"value"}," leti"],"one":"prejšnje leto","other":["pred ",{"t":"idOrVar","v":"value"}," leti"],"two":["pred ",{"t":"idOrVar","v":"value"}," letoma"],"zero":"to leto"},"$x":[{"t":"idOrVar","v":"plural"},"value"]},{"$i":"minutes-until-long","$v":{"few":["čez ",{"t":"idOrVar","v":"value"}," minute"],"many":["čez ",{"t":"idOrVar","v":"value"}," minut"],"other":["čez ",{"t":"idOrVar","v":"value"}," minut"],"two":["čez ",{"t":"idOrVar","v":"value"}," minuti"],"zero":"zdaj","one":"v 1 minuti"},"$x":[{"t":"idOrVar","v":"plural"},"value"]},{"$i":"hours-until-long","$v":{"few":["čez ",{"t":"idOrVar","v":"value"}," ure"],"many":["čez ",{"t":"idOrVar","v":"value"}," ur"],"other":["čez ",{"t":"idOrVar","v":"value"}," ur"],"two":["čez ",{"t":"idOrVar","v":"value"}," uri"],"zero":"zdaj","one":"čez 1 uro"},"$x":[{"t":"idOrVar","v":"plural"},"value"]},{"$i":"days-until-long","$v":{"few":["čez ",{"t":"idOrVar","v":"value"}," dni"],"many":["čez ",{"t":"idOrVar","v":"value"}," dni"],"one":"jutri","other":["čez ",{"t":"idOrVar","v":"value"}," dni"],"two":["čez ",{"t":"idOrVar","v":"value"}," dni"],"zero":"danes"},"$x":[{"t":"idOrVar","v":"plural"},"value"]},{"$i":"weeks-until-long","$v":{"few":["čez ",{"t":"idOrVar","v":"value"}," tedne"],"many":["čez ",{"t":"idOrVar","v":"value"}," tednov"],"one":"naslednji teden","other":["čez ",{"t":"idOrVar","v":"value"}," tednov"],"two":["čez ",{"t":"idOrVar","v":"value"}," tedna"],"zero":"ta teden"},"$x":[{"t":"idOrVar","v":"plural"},"value"]},{"$i":"months-until-long","$v":{"few":["čez ",{"t":"idOrVar","v":"value"}," mesece"],"many":["čez ",{"t":"idOrVar","v":"value"}," mesecev"],"one":"naslednji mesec","other":["čez ",{"t":"idOrVar","v":"value"}," mesecev"],"two":["čez ",{"t":"idOrVar","v":"value"}," meseca"],"zero":"ta mesec"},"$x":[{"t":"idOrVar","v":"plural"},"value"]},{"$i":"years-until-long","$v":{"few":["čez ",{"t":"idOrVar","v":"value"}," leta"],"many":["čez ",{"t":"idOrVar","v":"value"}," let"],"one":"naslednje leto","other":["čez ",{"t":"idOrVar","v":"value"}," let"],"two":["čez ",{"t":"idOrVar","v":"value"}," leti"],"zero":"to leto"},"$x":[{"t":"idOrVar","v":"plural"},"value"]},{"$i":"minutes-ago-short","$v":{"other":["Pred ",{"t":"idOrVar","v":"value"}," m"],"zero":"pravkar"},"$x":[{"t":"idOrVar","v":"plural"},"value"]},{"$i":"hours-ago-short","$v":{"other":["pred ",{"t":"idOrVar","v":"value"}," h"],"zero":"pravkar"},"$x":[{"t":"idOrVar","v":"plural"},"value"]},{"$i":"days-ago-short","$v":{"other":["pred ",{"t":"idOrVar","v":"value"}," d"],"zero":"danes"},"$x":[{"t":"idOrVar","v":"plural"},"value"]},{"$i":"minutes-until-short","$v":{"other":["čez ",{"t":"idOrVar","v":"value"}," m"],"zero":"zdaj"},"$x":[{"t":"idOrVar","v":"plural"},"value"]},{"$i":"hours-until-short","$v":{"other":["čez ",{"t":"idOrVar","v":"value"}," h"],"zero":"zdaj"},"$x":[{"t":"idOrVar","v":"plural"},"value"]},{"$i":"days-until-short","$v":{"other":["čez ",{"t":"idOrVar","v":"value"}," d"],"zero":"danes"},"$x":[{"t":"idOrVar","v":"plural"},"value"]},{"$i":"incorrectDate","$v":"(nepravilen datum)"},{"$i":"dateTimeFormat_%c","$v":"%a %b %e %Y %I.%M.%S %p"},{"$i":"dateTimeFormat_%x","$v":"%m/%d/%Y"},{"$i":"dateTimeFormat_%X","$v":"%I:%M:%S %p"},{"$i":"shortTimeFormat","$v":"%I.%M %p"},{"$i":"shortTimeFormat12","$v":"%I.%M %p"},{"$i":"shortTimeFormat24","$v":"%H.%M"},{"$i":"shortDateTimeFormat","$v":"%x %I.%M %p"},{"$i":"weekStartsOnMonday","$v":"0.0"},{"$i":"firstDayOfTheWeek","$v":"1.0"},{"$i":"time_am","$v":"dop."},{"$i":"time_pm","$v":"pop."},{"$i":"stopped_download_title","$v":"Prenos se je ustavil"},{"$i":"kai-stopped_download_message","$v":"Ta prenos je bil ustavljen. Ali želite nadaljevati s prenosom?"},{"$i":"stopped_download_left_button","$v":"Prekliči"},{"$i":"stopped_download_right_button","$v":"Poskusite znova"},{"$i":"failed_download_title","$v":"Prenos ni uspel"},{"$i":"failed_download_message","$v":["Prenos ",{"t":"idOrVar","v":"name"}," ni uspel. Želite poskusiti prenesti znova?"]},{"$i":"failed_download_left_button","$v":"Prekliči"},{"$i":"failed_download_right_button","$v":"Poskusite znova"},{"$i":"stop_download_title","$v":"Ustavi prenos"},{"$i":"stop_download_message","$v":"Ali ste prepričani, da želite ustaviti prenos?"},{"$i":"stop_download_left_button","$v":"Prekliči"},{"$i":"stop_download_right_button","$v":"Ustavi"},{"$i":"delete_download_title","$v":"Izbriši"},{"$i":"delete_download_message","$v":["Želite izbrisati »",{"t":"idOrVar","v":"name"},"«?"]},{"$i":"delete_download_left_button","$v":"Prekliči"},{"$i":"delete_download_right_button","$v":"Izbriši"},{"$i":"delete_all_download_title","$v":"Izbriši"},{"$i":"delete_all_download_left_button","$v":"Prekliči"},{"$i":"delete_all_download_right_button","$v":"Izbriši"},{"$i":"delete_all_download_message_ext","$v":"Ali želite izbrisati izbrane datoteke?"},{"$i":"delete_all_download_message","$v":{"few":["Želite izbrisati ",{"t":"idOrVar","v":"number"}," datoteke?"],"many":["Želite izbrisati ",{"t":"idOrVar","v":"number"}," datotek?"],"one":"Želite izbrisati eno datoteko?","other":["Želite izbrisati ",{"t":"idOrVar","v":"number"}," datotek?"],"two":["Želite izbrisati ",{"t":"idOrVar","v":"number"}," datoteki?"],"zero":"Ne želite izbrisati nobene datoteke?"},"$x":[{"t":"idOrVar","v":"plural"},"number"]},{"$i":"unsupported_file_type_download_title","$v":"Ni mogoče odpreti"},{"$i":"unsupported_file_type_download_message","$v":["Nobena aplikacija ne more odpreti datoteke ",{"t":"idOrVar","v":"name"},". Želite datoteko shraniti ali izbrisati?"]},{"$i":"unsupported_file_type_download_left_button","$v":"Ohrani datoteko"},{"$i":"unsupported_file_type_download_right_button","$v":"Izbriši"},{"$i":"file_not_found_download_title","$v":"Datoteke ni bilo mogoče najti"},{"$i":"file_not_found_download_message","$v":"Datoteke ni bilo mogoče najti v napravi"},{"$i":"file_not_found_download_right_button","$v":"V redu"},{"$i":"unmounted_sdcard_2_download_title","$v":"Pomnilniška kartica je v uporabi"},{"$i":"unmounted_sdcard_2_download_message","$v":"Odklopite telefon"},{"$i":"unmounted_sdcard_2_download_right_button","$v":"V redu"},{"$i":"no_provider_download_title","$v":"Ni mogoče odpreti"},{"$i":"no_provider_download_message","$v":"Ta oblika zapisa datoteke je neveljavna ali ni podprta."},{"$i":"no_provider_download_right_button","$v":"V redu"},{"$i":"no_memory_download_title","$v":"Kartica SD je polna"},{"$i":"no_memory_download_message","$v":"Na kartici SD ni več prostora za shranjevanje prenesene vsebine. Preden znova začnete prenos, odstranite nekaj datotek."},{"$i":"no_memory_download_right_button","$v":"V redu"},{"$i":"no_sdcard_found_2_download_title","$v":"Pomnilniške kartice ni bilo mogoče najti"},{"$i":"no_sdcard_found_2_download_message","$v":"Vstavite pomnilniško kartico ali v nastavitvah izberite drugo privzeto lokacijo za predstavnost"},{"$i":"no_sdcard_found_2_download_right_button","$v":"V redu"},{"$i":"file_open_error_download_title","$v":"Potrditev"},{"$i":"file_open_error_download_message","$v":"Oblika zapisa datoteke je neveljavna ali nepodprta. Želite izbrisati datoteko?"},{"$i":"file_open_error_download_left_button","$v":"Ohrani datoteko"},{"$i":"file_open_error_download_right_button","$v":"Izbriši"},{"$i":"restart_download_error","$v":"Med vnovičnim začenjanjem prenosa je prišlo do napake. Poskusite ponoviti prenos."},{"$i":"no-downloads","$v":"Ni prenosov"},{"$i":"byteUnit-B","$v":"B"},{"$i":"byteUnit-KB","$v":"KB"},{"$i":"byteUnit-MB","$v":"MB"},{"$i":"byteUnit-GB","$v":"GB"},{"$i":"byteUnit-TB","$v":"TB"},{"$i":"fileSize","$v":[{"t":"idOrVar","v":"size"}," ",{"t":"idOrVar","v":"unit"}]},{"$i":"percentage","$v":[{"t":"idOrVar","v":"percentage"}," %"]},{"$i":"partialResult","$v":[{"t":"idOrVar","v":"partial"},"/",{"t":"idOrVar","v":"total"}]},{"$i":"summary","$v":[{"t":"idOrVar","v":"date"}," – ",{"t":"idOrVar","v":"status"}]},{"$i":"download-stopped","$v":"Ustavljeno"},{"$i":"download-failed","$v":"Prenos ni uspel"},{"$i":"open_downloaded_file","$v":"Odpri"},{"$i":"share_downloaded_file","$v":"Deli"},{"$i":"wallpaper_downloaded_file","$v":"Nastavi za ozadje"},{"$i":"ringtone_downloaded_file","$v":"Nastavi za ton zvonjenja"},{"$i":"cancel_downloaded_file","$v":"Prekliči"},{"$i":"select-download","$v":"Izberite prenos"},{"$i":"kai-select-download","$v":"Izberite datoteko"},{"$i":"kai-ok","$v":"Izberi"},{"$i":"kai-cancel","$v":"Prekliči"}]