[{"$i":"TXT_SELECT","$v":"اختار"},{"$i":"TXT_BACK","$v":"عودة"},{"$i":"TXT_EXIT","$v":"خروج"},{"$i":"TXT_BTN_BUY","$v":"شراء"},{"$i":"TXT_BTN_BUY_NOW","$v":"اشتري الآن"},{"$i":"TXT_BTN_GET","$v":"أحصل على"},{"$i":"TXT_BTN_BUY_THE_GAME","$v":"شراء اللعبة بمبلغ"},{"$i":"TXT_BTN_BUY_THE_GAME_VAT","$v":"(بما في ذلك ضريبة القيمة المضافة)"},{"$i":"TXT_BTN_BUY_THE_GAME_SMS_COUNT","$v":["+ التكلفة القياسية للرسائل النصية القصيرة ",{"t":"idOrVar","v":"sms_nb"}]},{"$i":"TXT_BTN_PLAY_NOW","$v":"العب الآن!"},{"$i":"TXT_BTN_PLAY","$v":"العب"},{"$i":"TXT_BTN_PLAY_NOW_TRIALS_REM","$v":["فترة (فترات) اللعب التجريبية المجانية ",{"t":"idOrVar","v":"trials_nb"}," "]},{"$i":"TXT_BTN_SUPPORT","$v":"الدعم"},{"$i":"TXT_BTN_TERMS","$v":"الشروط والأحكام"},{"$i":"TXT_BTN_ENTER_CODE","$v":"أدخل رمز إلغاء القفل"},{"$i":"TXT_BTN_HELP","$v":"مساعدة"},{"$i":"TXT_BTN_HELP_RETRY_MT","$v":"طلب رمز آخر"},{"$i":"TXT_BTN_HELP_RETRY_MO","$v":"شراء رمز آخر"},{"$i":"TXT_BTN_YES","$v":"نعم"},{"$i":"TXT_BTN_NO","$v":"لا"},{"$i":"TXT_BTN_LATER","$v":"لاحقًا"},{"$i":"TXT_BTN_CANCEL","$v":"إلغاء"},{"$i":"TXT_SUPPORT","$v":"المعلومات ودعم العملاء:"},{"$i":"TXT_SUPPORT_CONTACT","$v":"help@hlp.im"},{"$i":"TXT_WEBSITE","$v":"www.origin-data.com"},{"$i":"TXT_TERMS","$v":["سوف تتلقى رسالة نصية قصيرة من ",{"t":"idOrVar","v":"shortcode_nb"},"، اتبع التعليمات لإتمام عملية الشراء. يجب أن يكون لديك رصيد كاف لإتمام الطلب."]},{"$i":"TXT_CREDITS_WARNING","$v":"يجب أن يكون لديك رصيد كاف لإتمام الطلب."},{"$i":"TXT_HELP","$v":"يمكنك بدء عملية الشراء من جديد مرة أخرى وشراء كود جديد لفتح اللعبة."},{"$i":"TXT_HELP_COMMON","$v":"سوف تتلقى رمز إلغاء القفل في غضون 5 دقائق."},{"$i":"TXT_HELP_COMMON1","$v":"يرجى تفقد الرسائل النصية القصيرة واتباع التعليمات لبدء التمتع باللعب. "},{"$i":"TXT_HELP_INP","$v":"سوف تتلقى رسالة نصية قصيرة تحتوي على رابط تنزيل اللعبة في غضون 5 دقائق. يرجى تفقد الرسائل النصية القصيرة واتباع التعليمات لتنزيل اللعبة. "},{"$i":"TXT_ON_SESSIONS_LIMIT_REACHED","$v":"لقد وصلت للحد المسموح للنسخة التجريبية."},{"$i":"TXT_ON_SESSION_EXPIRED","$v":"هل أعجبتك النسخة التجريبية؟"},{"$i":"TXT_PURCHASE","$v":"تكلفة النسخة الكاملة من اللعبة"},{"$i":"TXT_PURCHASE_CONFIRMATION","$v":"تأكيد عملية الشراء"},{"$i":"TXT_PRICE","$v":"السعر:"},{"$i":"TXT_CONNECT","$v":"Please Connect To Internet And Try Again:"},{"$i":"TXT_TOP_GAMES","$v":"أفضل الألعاب"},{"$i":"TXT_ENTER_PIN","$v":"أدخل رمز إلغاء القفل باستخدام لوحة المفاتيح:"},{"$i":"TXT_PLEASE_WAIT","$v":"يرجى الانتظار."},{"$i":"TXT_PLEASE_WAIT1","$v":"جاري تنفيذ العملية.. "},{"$i":"TXT_OPERATION_SUCCESSFUL","$v":"تمت العملية بنجاح!"},{"$i":"TXT_UNLOCK_SUCCESSFUL","$v":"تم إدخال رمز إلغاء القفل بنجاح!"},{"$i":"TXT_CHECK_UPDATE_MENU","$v":"تحقق من التحديثات الآن واستمتع بآخر الميزات!"},{"$i":"TXT_NETWORK_REQUIRED","$v":"يلزم وجود اتصال بالإنترنت."},{"$i":"TXT_DOWNLOADING_UPDATE","$v":"جاري تنزيل التحديث"},{"$i":"TXT_INSTALLING_UPDATE","$v":"جاري تثبيت التحديث"},{"$i":"TXT_INSTALLING_UPDATE_SUCCESSFUL","$v":"تم التثبيت بنجاح!"},{"$i":"TXT_ERROR_MCC","$v":"خطأ: تعذر اكتشاف بطاقة SIM الخاصة بك."},{"$i":"TXT_ERROR_MCC1","$v":"يلزم وجود بطاقة SIM الخاصة بك لإتمام الطلب. يرجى التحقق من تركيبها بشكل صحيح في جهازك ثم أعد تشغيل اللعبة. "},{"$i":"TXT_ERROR_SENDING_SMS","$v":"خطأ: تعذر إرسال رسالة نصية قصيرة."},{"$i":"TXT_ERROR_SENDING_SMS1","$v":"حتى يتم تنفيذ الطلب، يجب إرسال رسالة قصيرة من اللعبة. يرجى التحقق من اتصال الشبكة والمحاولة مرة أخرى. "},{"$i":"TXT_ERROR_WRONG_CODE","$v":"خطأ: رمز خاطئ."},{"$i":"TXT_ERROR_WRONG_CODE1","$v":"يرجى المحاولة مرة أخرى أو تفضل بزيارة قسم المساعدة. "},{"$i":"TXT_ERROR_NO_PAYMENT_METHOD","$v":"خطأ: لا تتوفر طريقة سداد. لا يمكن شراء اللعبة. لم يتم خصم أية رسوم "},{"$i":"TXT_ALREADY_PURCHASED","$v":"أنت اشتريت بالفعل هذه اللعبة. هل أنت متأكد أنك تريد شراءها مرة أخرى؟ "},{"$i":"TXT_DISCLAIMER","$v":"الصلاحية 30 يوماً. لا تجديد تلقائي"},{"$i":"OD_GAME_GDPR","$v":"توافق على ما يلي"},{"$i":"OD_GAME_GDPR1","$v":"سياسة الخصوصية:"},{"$i":"OD_GAME_GDPR2","$v":"www.p.odt.im"},{"$i":"OD_GAME_GDPR3","$v":""},{"$i":"OD_TXT_INTERNATIONAL_RENTAL_SMS","$v":{"$o":["<تأجير> تكلفة إرسال  ",{"t":"idOrVar","v":"MO_Number"}," رسائل نصية دولية. "]}},{"$i":"OD_TXT_TERMS_INTERNATIONAL_SMS","$v":"الخاص بك سيتم توجيه الطلب إلى حساب المشغل المدفوع مقدماً / المؤجل، والتأكد من أن الر"},{"$i":"OD_TEXT_RENTAL","$v":"تأجير"}]