[{"$i":"TXT_SELECT","$v":"Wählen"},{"$i":"TXT_BACK","$v":"Zurück"},{"$i":"TXT_EXIT","$v":"Beenden"},{"$i":"TXT_BTN_BUY","$v":"Kaufen"},{"$i":"TXT_BTN_BUY_NOW","$v":"Jetzt kaufen"},{"$i":"TXT_BTN_GET","$v":"Holen"},{"$i":"TXT_BTN_BUY_THE_GAME","$v":"Kaufe das Spiel"},{"$i":"TXT_BTN_BUY_THE_GAME_VAT","$v":"(Inkl. MwSt.)"},{"$i":"TXT_BTN_BUY_THE_GAME_SMS_COUNT","$v":["+ Kosten für ",{"t":"idOrVar","v":"sms_nb"}," Standard-SMS"]},{"$i":"TXT_BTN_PLAY_NOW","$v":"Jetzt spielen!"},{"$i":"TXT_BTN_PLAY","$v":"Spielen"},{"$i":"TXT_BTN_PLAY_NOW_TRIALS_REM","$v":["Du hast noch ",{"t":"idOrVar","v":"trials_nb"}," Versuch(e)"]},{"$i":"TXT_BTN_SUPPORT","$v":"Support"},{"$i":"TXT_BTN_TERMS","$v":"Geschäftsbedingungen"},{"$i":"TXT_BTN_ENTER_CODE","$v":"Entsperrcode eingeben"},{"$i":"TXT_BTN_HELP","$v":"Hilfe"},{"$i":"TXT_BTN_HELP_RETRY_MT","$v":"Anderen Code anfordern"},{"$i":"TXT_BTN_HELP_RETRY_MO","$v":"Anderen Code kaufen"},{"$i":"TXT_BTN_YES","$v":"Ja"},{"$i":"TXT_BTN_NO","$v":"Nein"},{"$i":"TXT_BTN_LATER","$v":"Später"},{"$i":"TXT_BTN_CANCEL","$v":"Abbrechen"},{"$i":"TXT_SUPPORT","$v":"Info und Kundenservice:"},{"$i":"TXT_SUPPORT_CONTACT","$v":"help@hlp.im"},{"$i":"TXT_WEBSITE","$v":"www.origin-data.com"},{"$i":"TXT_TERMS","$v":["Du erhältst eine SMS von ",{"t":"idOrVar","v":"shortcode_nb"},", folge den Anweisungen um den Kauf abzuschließen. Deine Bestellung wird nur verarbeitet, wenn du genügend Credits besitzt."]},{"$i":"TXT_CREDITS_WARNING","$v":"Deine Bestellung wird nur verarbeitet, wenn du genügend Credits besitzt."},{"$i":"TXT_HELP","$v":"Du kannst den Kaufvorgang erneut starten und einen weiteren Freischaltcode kaufen."},{"$i":"TXT_HELP_COMMON","$v":"Du solltest einen Entsperrcode innerhalb von 5 Minuten erhalten."},{"$i":"TXT_HELP_COMMON1","$v":"Bitte überprüfe deinen SMS-Posteingang und folge den Anweisungen, um dein Spiel zu entsperren."},{"$i":"TXT_HELP_INP","$v":"DU SOLLTEST EINE SMS MIT DEM DOWNLOADLINK DES SPIELS INNERHALB VON 5 MINUTEN ERHALTEN. BITTE ÜBERPRÜFE DEINEN SMS-EINGANG UND FOLGE DEN ANWEISUNGEN, UM DEIN SPIEL HERUNTERZULADEN."},{"$i":"TXT_ON_SESSIONS_LIMIT_REACHED","$v":"Du hast das Testlimit für diese Demo erreicht."},{"$i":"TXT_ON_SESSION_EXPIRED","$v":"Gefällt dir diese Demo?"},{"$i":"TXT_PURCHASE","$v":"Die Vollversion dieses Spiels kostet"},{"$i":"TXT_PURCHASE_CONFIRMATION","$v":"Kauf bestätigen"},{"$i":"TXT_PRICE","$v":"Preis:"},{"$i":"TXT_CONNECT","$v":"Please Connect To Internet And Try Again:"},{"$i":"TXT_TOP_GAMES","$v":"Top-Spiele"},{"$i":"TXT_ENTER_PIN","$v":"Gib deinen Entsperrcode mit der Tastatur ein:"},{"$i":"TXT_PLEASE_WAIT","$v":"Bitte warten."},{"$i":"TXT_PLEASE_WAIT1","$v":"Vorgang läuft ..."},{"$i":"TXT_OPERATION_SUCCESSFUL","$v":"Vorgang erfolgreich!"},{"$i":"TXT_UNLOCK_SUCCESSFUL","$v":"Spiel erfolgreich Entsperrt!"},{"$i":"TXT_CHECK_UPDATE_MENU","$v":"Prüfe jetzt auf Updates und genieße die neuesten Features!"},{"$i":"TXT_NETWORK_REQUIRED","$v":"Es ist eine Internet-Datenverbindung erforderlich."},{"$i":"TXT_DOWNLOADING_UPDATE","$v":"Lade Update herunter"},{"$i":"TXT_INSTALLING_UPDATE","$v":"Installiere Update"},{"$i":"TXT_INSTALLING_UPDATE_SUCCESSFUL","$v":"Installation erfolgreich!"},{"$i":"TXT_ERROR_MCC","$v":"Fehler: Kann SIM-Karte nicht erkennen."},{"$i":"TXT_ERROR_MCC1","$v":"Um deine Bestellung zu bearbeiten, ist deine SIM-Karte nötig. Bitte überprüfe, ob sie richtig im Gerät sitzt, und starte das Spiel neu."},{"$i":"TXT_ERROR_SENDING_SMS","$v":"Fehler: Kann SMS nicht senden."},{"$i":"TXT_ERROR_SENDING_SMS1","$v":"Das Spiel muss eine SMS senden, um deine Bestellung zu verarbeiten. Bitte überprüfe deine Netzwerkverbindung und versuche es erneut."},{"$i":"TXT_ERROR_WRONG_CODE","$v":"Fehler: falscher Code."},{"$i":"TXT_ERROR_WRONG_CODE1","$v":"Bitte versuche es erneut oder besuche den Hilfebereich."},{"$i":"TXT_ERROR_NO_PAYMENT_METHOD","$v":"Fehler: keine zahlungsweise verfügbar. Spiel kann nicht gekauft werden. Dir wurden keine kosten berechnet"},{"$i":"TXT_ALREADY_PURCHASED","$v":"DU HAST DIESES SPIEL BEREITS GEKAUFT. BIST DU SICHER, DASS DU ES ERNEUT KAUFEN WILLST?"},{"$i":"TXT_DISCLAIMER","$v":"Gültigkeit 30 Tage. Keine automatische Verlängerung"},{"$i":"OD_GAME_GDPR","$v":"Durch das Spielen dieses"},{"$i":"OD_GAME_GDPR1","$v":"Spiels akzeptieren "},{"$i":"OD_GAME_GDPR2","$v":"Sie folgende Datenschutzrichtlinie: "},{"$i":"OD_GAME_GDPR3","$v":"www.p.odt.im"},{"$i":"OD_TXT_INTERNATIONAL_RENTAL_SMS","$v":["(MIETE) Kostet das Versenden  ",{"t":"idOrVar","v":"MO_Number"}," Internationaler Sms."]},{"$i":"OD_TXT_TERMS_INTERNATIONAL_SMS","$v":"ZU EINZELHEITEN DER KOSTENABRECHNUNG BEFRAGEN SIE BITTE IHREN BETREIBER"},{"$i":"OD_TEXT_RENTAL","$v":"(MIETE)"}]