[{"$i":"TXT_SELECT","$v":"Seleccionar"},{"$i":"TXT_BACK","$v":"Atrás"},{"$i":"TXT_EXIT","$v":"Salir"},{"$i":"TXT_BTN_BUY","$v":"Comprar"},{"$i":"TXT_BTN_BUY_NOW","$v":"Comprar ahora"},{"$i":"TXT_BTN_GET","$v":"Conseguir"},{"$i":"TXT_BTN_BUY_THE_GAME","$v":"Comprar el juego"},{"$i":"TXT_BTN_BUY_THE_GAME_VAT","$v":"(IVA INCL.)"},{"$i":"TXT_BTN_BUY_THE_GAME_SMS_COUNT","$v":["+ coste de ",{"t":"idOrVar","v":"sms_nb"}," SMS estándar"]},{"$i":"TXT_BTN_PLAY_NOW","$v":"¡Jugar ahora!"},{"$i":"TXT_BTN_PLAY","$v":"Jugar"},{"$i":"TXT_BTN_PLAY_NOW_TRIALS_REM","$v":[{"t":"idOrVar","v":"trials_nb"}," intento(s) restantes "]},{"$i":"TXT_BTN_SUPPORT","$v":"Soporte"},{"$i":"TXT_BTN_TERMS","$v":"Términos y condiciones"},{"$i":"TXT_BTN_ENTER_CODE","$v":"Introducir el código de desbloqueo"},{"$i":"TXT_BTN_HELP","$v":"Ayuda"},{"$i":"TXT_BTN_HELP_RETRY_MT","$v":"Solicitar otro código"},{"$i":"TXT_BTN_HELP_RETRY_MO","$v":"Comprar otro código"},{"$i":"TXT_BTN_YES","$v":"Sí"},{"$i":"TXT_BTN_NO","$v":"No"},{"$i":"TXT_BTN_LATER","$v":"Más tarde"},{"$i":"TXT_BTN_CANCEL","$v":"Cancelar"},{"$i":"TXT_SUPPORT","$v":"Información y asistencia al cliente:"},{"$i":"TXT_SUPPORT_CONTACT","$v":"help@hlp.im"},{"$i":"TXT_WEBSITE","$v":"www.origin-data.com"},{"$i":"TXT_TERMS","$v":["Recibirás un SMS de ",{"t":"idOrVar","v":"shortcode_nb"},", sigue las instrucciones para completar la compra. Debes tener suficiente crédito para procesar el pedido."]},{"$i":"TXT_CREDITS_WARNING","$v":"Debes tener suficiente crédito para procesar el pedido."},{"$i":"TXT_HELP","$v":"Puedes reiniciar el proceso de compra y adquirir otro código de desbloqueo."},{"$i":"TXT_HELP_COMMON","$v":"Recibirás un código de desbloqueo en 5 minutos. "},{"$i":"TXT_HELP_COMMON1","$v":"Comprueba tus SMS y sigue las instrucciones para desbloquear el juego "},{"$i":"TXT_HELP_INP","$v":"RECIBIRÁS UN SMS CON EL ENLACE DE DESCARGA DEL JUEGO EN 5 MINUTOS. COMPRUEBA TUS SMS Y SIGUE LAS INSTRUCCIONES PARA DESCARGAR EL JUEGO. "},{"$i":"TXT_ON_SESSIONS_LIMIT_REACHED","$v":"Has alcanzado el límite de intentos para esta demo."},{"$i":"TXT_ON_SESSION_EXPIRED","$v":"¿Te ha gustado esta demo?"},{"$i":"TXT_PURCHASE","$v":"La versión completa de este juego cuesta"},{"$i":"TXT_PURCHASE_CONFIRMATION","$v":"Confirmar compra"},{"$i":"TXT_PRICE","$v":"Precio:"},{"$i":"TXT_CONNECT","$v":"Please Connect To Internet And Try Again:"},{"$i":"TXT_TOP_GAMES","$v":"Top de juegos"},{"$i":"TXT_ENTER_PIN","$v":"Introduce el código de desbloqueo con el teclado numérico:"},{"$i":"TXT_PLEASE_WAIT","$v":"Espera, por favor. "},{"$i":"TXT_PLEASE_WAIT1","$v":"Operación en curso…"},{"$i":"TXT_OPERATION_SUCCESSFUL","$v":"¡Operación terminada!"},{"$i":"TXT_UNLOCK_SUCCESSFUL","$v":"¡Has desbloqueado el juego!"},{"$i":"TXT_CHECK_UPDATE_MENU","$v":"¡Comprueba las acualizaciones y disfruta de las últimas mejoras!"},{"$i":"TXT_NETWORK_REQUIRED","$v":"Se necesita conexión a internet."},{"$i":"TXT_DOWNLOADING_UPDATE","$v":"Descargando actualización"},{"$i":"TXT_INSTALLING_UPDATE","$v":"Instalando actualización"},{"$i":"TXT_INSTALLING_UPDATE_SUCCESSFUL","$v":"¡Instalación completada!"},{"$i":"TXT_ERROR_MCC","$v":"Error: Tarjeta SIM no detectada."},{"$i":"TXT_ERROR_MCC1","$v":"Es necesaria tu tarjeta SIM para procesar el pedido. Comprueba que está correctamente insertada en tu dispositivo y reinicia el juego. "},{"$i":"TXT_ERROR_SENDING_SMS","$v":"Error: No es posible enviar SMS."},{"$i":"TXT_ERROR_SENDING_SMS1","$v":"El juego necesita poder enviar SMS para procesar el pedido. Comprueba tu conexión de red e inténtalo de nuevo. "},{"$i":"TXT_ERROR_WRONG_CODE","$v":"Error: Código incorrecto."},{"$i":"TXT_ERROR_WRONG_CODE1","$v":"Inténtalo de nuevo o accede a la sección de ayuda. "},{"$i":"TXT_ERROR_NO_PAYMENT_METHOD","$v":"Error: métodos de pago no disponibles. El juego no puede ser comprado. No has recibido ningún cargo "},{"$i":"TXT_ALREADY_PURCHASED","$v":"YA HAS COMPRADO EL JUEGO. ¿ESTÁS SEGURO DE COMPRARLO DE NUEVO? "},{"$i":"TXT_DISCLAIMER","$v":"Validez 30 días. Sin renovación automática"},{"$i":"OD_GAME_GDPR","$v":"Al jugar a este juego"},{"$i":"OD_GAME_GDPR1","$v":"aceptas la siguiente"},{"$i":"OD_GAME_GDPR2","$v":"Política de Privacidad:"},{"$i":"OD_GAME_GDPR3","$v":"www.p.odt.im"},{"$i":"OD_TXT_INTERNATIONAL_RENTAL_SMS","$v":["(ALQUILER) Costes enviando  ",{"t":"idOrVar","v":"MO_Number"}," Sms internacionales."]},{"$i":"OD_TXT_TERMS_INTERNATIONAL_SMS","$v":"PARA MODALIDADES DE CARGOS, CONSULTE CON SU OPERADOR EL PEDIDO SE CARGARÁ A SU CUENTA DE OPERADOR PREPAGO O POST-PAGO, ASEGÚRESE DE TENER SALDO SUFICIENTE "},{"$i":"OD_TEXT_RENTAL","$v":"(ALQUILER)"}]