[{"$i":"TXT_SELECT","$v":"Sélectionner"},{"$i":"TXT_BACK","$v":"Retour"},{"$i":"TXT_EXIT","$v":"Quitter"},{"$i":"TXT_BTN_BUY","$v":"Acheter"},{"$i":"TXT_BTN_BUY_NOW","$v":"Acheter maintenant"},{"$i":"TXT_BTN_GET","$v":"Obtenir"},{"$i":"TXT_BTN_BUY_THE_GAME","$v":"Achetez le jeu"},{"$i":"TXT_BTN_BUY_THE_GAME_VAT","$v":"(TVA incl.)"},{"$i":"TXT_BTN_BUY_THE_GAME_SMS_COUNT","$v":["+ coût de ",{"t":"idOrVar","v":"sms_nb"}," SMS standard"]},{"$i":"TXT_BTN_PLAY_NOW","$v":"Jouer maintenant !"},{"$i":"TXT_BTN_PLAY","$v":"Jouer"},{"$i":"TXT_BTN_PLAY_NOW_TRIALS_REM","$v":[{"t":"idOrVar","v":"trials_nb"}," essai(s) restant(s)"]},{"$i":"TXT_BTN_SUPPORT","$v":"Assistance"},{"$i":"TXT_BTN_TERMS","$v":"Conditions d'utilisation"},{"$i":"TXT_BTN_ENTER_CODE","$v":"Entrer le code de déblocage"},{"$i":"TXT_BTN_HELP","$v":"Aide"},{"$i":"TXT_BTN_HELP_RETRY_MT","$v":"Demander un autre code"},{"$i":"TXT_BTN_HELP_RETRY_MO","$v":"Acheter un autre code"},{"$i":"TXT_BTN_YES","$v":"Oui"},{"$i":"TXT_BTN_NO","$v":"Non"},{"$i":"TXT_BTN_LATER","$v":"Plus tard"},{"$i":"TXT_BTN_CANCEL","$v":"Annuler"},{"$i":"TXT_SUPPORT","$v":"Infos et service client :"},{"$i":"TXT_SUPPORT_CONTACT","$v":"help@hlp.im"},{"$i":"TXT_WEBSITE","$v":"www.origin-data.com"},{"$i":"TXT_TERMS","$v":["Vous recevrez un SMS de ",{"t":"idOrVar","v":"shortcode_nb"},", suivez les instructions pour terminer l'achat. Vous devez avoir suffisamment de crédits pour traiter votre commande."]},{"$i":"TXT_CREDITS_WARNING","$v":"Vous devez avoir suffisamment de crédits pour traiter votre commande."},{"$i":"TXT_HELP","$v":"Vous pouvez recommencer la procédure d'achat et acheter un autre code de déblocage."},{"$i":"TXT_HELP_COMMON","$v":"Vous devriez recevoir un code de déblocage dans les 5 minutes."},{"$i":"TXT_HELP_COMMON1","$v":"Veuillez vérifier votre boîte SMS et suivre les instruction pour débloquer votre jeu."},{"$i":"TXT_HELP_INP","$v":"VOUS DEVRIEZ RECEVOIR UN SMS AVEC LE LIEN DE TÉLÉCHARGEMENT DE VOTRE JEU DANS LES 5 MINUTES. VEUILLEZ VÉRIFIER VOTRE BOITE SMS ET SUIVRE LES INSTRUCTIONS POUR TÉLÉCHARGER VOTRE JEU."},{"$i":"TXT_ON_SESSIONS_LIMIT_REACHED","$v":"Vous avez atteint la limite d'essai pour cette démo."},{"$i":"TXT_ON_SESSION_EXPIRED","$v":"Vous aimez cette démo ?"},{"$i":"TXT_PURCHASE","$v":"La version complète de ce jeu coûte"},{"$i":"TXT_PURCHASE_CONFIRMATION","$v":"Confirmer votre achat :"},{"$i":"TXT_PRICE","$v":"Prix :"},{"$i":"TXT_CONNECT","$v":"Please Connect To Internet And Try Again:"},{"$i":"TXT_TOP_GAMES","$v":"Meilleurs jeux"},{"$i":"TXT_ENTER_PIN","$v":"Entrez votre code de déblocage avec votre clavier :"},{"$i":"TXT_PLEASE_WAIT","$v":"Veuillez patienter."},{"$i":"TXT_PLEASE_WAIT1","$v":"Opération en cours…"},{"$i":"TXT_OPERATION_SUCCESSFUL","$v":"Opération réussie !"},{"$i":"TXT_UNLOCK_SUCCESSFUL","$v":"Jeu débloqué avec succès !"},{"$i":"TXT_CHECK_UPDATE_MENU","$v":"Vérifiez la mise à jour et profitez des dernières fonctionnalités !"},{"$i":"TXT_NETWORK_REQUIRED","$v":"Une connexion aux données par internet est nécessaire."},{"$i":"TXT_DOWNLOADING_UPDATE","$v":"Téléchargement de la mise à jour"},{"$i":"TXT_INSTALLING_UPDATE","$v":"Installation de la mise à jour"},{"$i":"TXT_INSTALLING_UPDATE_SUCCESSFUL","$v":"Installation réussie !"},{"$i":"TXT_ERROR_MCC","$v":"Erreur : impossible de détecter votre carte SIM."},{"$i":"TXT_ERROR_MCC1","$v":"Votre carte SIM est nécessaire pour traiter votre commande. Veuillez vérifier si elle est correctement insérée dans votre appareil et redémarrer le jeu."},{"$i":"TXT_ERROR_SENDING_SMS","$v":"Erreur : impossible d'envoyer un SMS."},{"$i":"TXT_ERROR_SENDING_SMS1","$v":"Le jeu a besoin d'envoyer un SMS pour traiter votre commande. Veuillez vérifier votre connexion Internet et réessayer plus tard."},{"$i":"TXT_ERROR_WRONG_CODE","$v":"Erreur : code incorrect."},{"$i":"TXT_ERROR_WRONG_CODE1","$v":"Veuillez réessayer ou visiter la section d'aide."},{"$i":"TXT_ERROR_NO_PAYMENT_METHOD","$v":"Erreur : aucun moyen de paiement disponible. Le jeu ne peut pas être acheté. Vous n'avez pas été facturé"},{"$i":"TXT_ALREADY_PURCHASED","$v":"VOUS AVEZ DÉJÀ ACHETÉ CECI. ÊTES-VOUS SÛR DE VOULOIR L'ACHETER À NOUVEAU ?"},{"$i":"TXT_DISCLAIMER","$v":"Validité 30 jours. Pas de renouvellement automatique"},{"$i":"OD_GAME_GDPR","$v":"En jouant à ce jeu vous acceptez la"},{"$i":"OD_GAME_GDPR1","$v":"Politique de confidentialité suivante "},{"$i":"OD_GAME_GDPR2","$v":"www.p.odt.im"},{"$i":"OD_GAME_GDPR3","$v":""},{"$i":"OD_TXT_INTERNATIONAL_RENTAL_SMS","$v":["(LOCATION) Coût d’envoi de  ",{"t":"idOrVar","v":"MO_Number"}," sms en international."]},{"$i":"OD_TXT_TERMS_INTERNATIONAL_SMS","$v":"POUR LES MODALITÉS DE CHARGES, VEUILLEZ VÉRIFIER AVEC VOTRE OPÉRATEUR LA COMMANDE SERA FACTURÉE SUR VOTRE COMPTE D'OPÉRATEUR PRÉPAYÉ / POST-PAYÉ, ASSUREZ-VOUS D'UN SOLDE SUFFISANT"},{"$i":"OD_TEXT_RENTAL","$v":"(LOCATION)"}]