[{"$i":"TXT_SELECT","$v":"Select"},{"$i":"TXT_BACK","$v":"Back"},{"$i":"TXT_EXIT","$v":"Exit"},{"$i":"TXT_BTN_BUY","$v":"Buy"},{"$i":"TXT_BTN_BUY_NOW","$v":"Buy now"},{"$i":"TXT_BTN_GET","$v":"Get"},{"$i":"TXT_BTN_BUY_THE_GAME","$v":"Buy the game"},{"$i":"TXT_BTN_BUY_THE_GAME_VAT","$v":"(VAT INCL.)"},{"$i":"TXT_BTN_BUY_THE_GAME_SMS_COUNT","$v":["+cost of ",{"t":"idOrVar","v":"sms_nb"}," standard SMS"]},{"$i":"TXT_BTN_PLAY_NOW","$v":"Play now!"},{"$i":"TXT_BTN_PLAY","$v":"Play"},{"$i":"TXT_BTN_PLAY_NOW_TRIALS_REM","$v":[{"t":"idOrVar","v":"trials_nb"}," free trial(s) left"]},{"$i":"TXT_BTN_SUPPORT","$v":"Support"},{"$i":"TXT_BTN_TERMS","$v":{"$o":"Terms & Conditions"}},{"$i":"TXT_BTN_ENTER_CODE","$v":"Enter unlock code"},{"$i":"TXT_BTN_HELP","$v":"Help"},{"$i":"TXT_BTN_HELP_RETRY_MT","$v":"Request another code"},{"$i":"TXT_BTN_HELP_RETRY_MO","$v":"Buy another code"},{"$i":"TXT_BTN_YES","$v":"Yes"},{"$i":"TXT_BTN_NO","$v":"No"},{"$i":"TXT_BTN_LATER","$v":"Later"},{"$i":"TXT_BTN_CANCEL","$v":"Cancel"},{"$i":"TXT_SUPPORT","$v":"Info and Customer Care:"},{"$i":"TXT_SUPPORT_CONTACT","$v":"help@hlp.im"},{"$i":"TXT_WEBSITE","$v":"www.origin-data.com"},{"$i":"TXT_TERMS","$v":["You will receive an SMS from ",{"t":"idOrVar","v":"shortcode_nb"},", follow the instructions to complete the purchase. You must have sufficient credits to process your order."]},{"$i":"TXT_CREDITS_WARNING","$v":"You must have sufficient credits to process your order."},{"$i":"TXT_HELP","$v":"You can restart the purchase process and buy another unlock code."},{"$i":"TXT_HELP_COMMON","$v":"You should receive an unlock code within 5 minutes. "},{"$i":"TXT_HELP_COMMON1","$v":"Please check your SMS Inbox and follow the instructions to unlock your game."},{"$i":"TXT_HELP_INP","$v":"YOU SHOULD RECEIVE A SMS WITH THE DOWNLOAD LINK OF YOUR GAME WITHIN 5 MINUTES. PLEASE CHECK YOUR SMS INBOX AND FOLLOW THE INSTRUCTIONS TO DOWNLOAD YOUR GAME."},{"$i":"TXT_ON_SESSIONS_LIMIT_REACHED","$v":"You have reached the trial limit for this demo."},{"$i":"TXT_ON_SESSION_EXPIRED","$v":"Do you like this demo?"},{"$i":"TXT_PURCHASE","$v":"The full version of this game costs"},{"$i":"TXT_PURCHASE_CONFIRMATION","$v":"Confirm your purchase"},{"$i":"TXT_PRICE","$v":"Price:"},{"$i":"TXT_CONNECT","$v":"Please Connect To Internet And Try Again:"},{"$i":"TXT_TOP_GAMES","$v":"Top Games"},{"$i":"TXT_ENTER_PIN","$v":"Enter your unlock code with your keypad:"},{"$i":"TXT_PLEASE_WAIT","$v":"Please wait."},{"$i":"TXT_PLEASE_WAIT1","$v":"Operation in progress..."},{"$i":"TXT_OPERATION_SUCCESSFUL","$v":"Operation successful!"},{"$i":"TXT_UNLOCK_SUCCESSFUL","$v":"Game successfully unlocked!"},{"$i":"TXT_CHECK_UPDATE_MENU","$v":"Check for update now and enjoy latest features!"},{"$i":"TXT_NETWORK_REQUIRED","$v":"An internet data connection is required."},{"$i":"TXT_DOWNLOADING_UPDATE","$v":"Downloading update"},{"$i":"TXT_INSTALLING_UPDATE","$v":"Installing update"},{"$i":"TXT_INSTALLING_UPDATE_SUCCESSFUL","$v":"Installation successful!"},{"$i":"TXT_ERROR_MCC","$v":"Error: unable to detect your SIM card."},{"$i":"TXT_ERROR_MCC1","$v":"Your SIM card is required to process your order. Please check if it is correctly inserted into your device and restart the game."},{"$i":"TXT_ERROR_SENDING_SMS","$v":"Error: unable to send SMS. "},{"$i":"TXT_ERROR_SENDING_SMS1","$v":"The game needs to send SMS in order to process your order. Please check your network connection and try again later."},{"$i":"TXT_ERROR_WRONG_CODE","$v":"Error: wrong code."},{"$i":"TXT_ERROR_WRONG_CODE1","$v":"Please try again or visit the help section."},{"$i":"TXT_ERROR_NO_PAYMENT_METHOD","$v":"Error: no available payment method. Game cannot be purchased. You have not been charged"},{"$i":"TXT_ALREADY_PURCHASED","$v":"YOU ALREADY PURCHASED THIS GAME. ARE YOU SURE YOU WANT TO PURCHASE IT AGAIN?"},{"$i":"TXT_DISCLAIMER","$v":"Validity 30 days. No Auto-renewal"},{"$i":"OD_GAME_GDPR","$v":"By playing this game you"},{"$i":"OD_GAME_GDPR1","$v":"consent to the following"},{"$i":"OD_GAME_GDPR2","$v":"Privacy Policy:"},{"$i":"OD_GAME_GDPR3","$v":"www.p.odt.im"},{"$i":"OD_TXT_INTERNATIONAL_RENTAL_SMS","$v":["(RENTAL) Costs sending ",{"t":"idOrVar","v":"MO_Number"}," international SMS."]},{"$i":"OD_TXT_TERMS_INTERNATIONAL_SMS","$v":"FOR CHARGES MODALITIES PLEASE CHECK WITH YOUR OPERATOR. THE ORDER WILL BE CHARGED TO YOUR PREPAID / POSTPAID OPERATOR ACCOUNT, KINDLY ENSURE SUFFICIENT BALANCE"},{"$i":"OD_TEXT_RENTAL","$v":"(RENTAL)"}]