[{"$i":"TXT_SELECT","$v":"Pilih"},{"$i":"TXT_BACK","$v":"Kembali"},{"$i":"TXT_EXIT","$v":"Keluar"},{"$i":"TXT_BTN_BUY","$v":"Beli"},{"$i":"TXT_BTN_BUY_NOW","$v":"Layar konfirmasi pembayaran"},{"$i":"TXT_BTN_GET","$v":"Dapatkan"},{"$i":"TXT_BTN_BUY_THE_GAME","$v":"Belilah game-nya"},{"$i":"TXT_BTN_BUY_THE_GAME_VAT","$v":"(TERMASUK PPN)"},{"$i":"TXT_BTN_BUY_THE_GAME_SMS_COUNT","$v":["+ biaya ",{"t":"idOrVar","v":"sms_nb"}," SMS standar"]},{"$i":"TXT_BTN_PLAY_NOW","$v":"Mainkan sekarang!"},{"$i":"TXT_BTN_PLAY","$v":"Mainkan"},{"$i":"TXT_BTN_PLAY_NOW_TRIALS_REM","$v":[{"t":"idOrVar","v":"trials_nb"}," trial(s) tersisa "]},{"$i":"TXT_BTN_SUPPORT","$v":"Dukungan"},{"$i":"TXT_BTN_TERMS","$v":"Syarat dan Ketentuan"},{"$i":"TXT_BTN_ENTER_CODE","$v":"Masukkan kode pembuka"},{"$i":"TXT_BTN_HELP","$v":"Bantuan"},{"$i":"TXT_BTN_HELP_RETRY_MT","$v":"Mintalah kode lain"},{"$i":"TXT_BTN_HELP_RETRY_MO","$v":"Belilah kode lain"},{"$i":"TXT_BTN_YES","$v":"Ya"},{"$i":"TXT_BTN_NO","$v":"Tidak"},{"$i":"TXT_BTN_LATER","$v":"Nanti"},{"$i":"TXT_BTN_CANCEL","$v":"Batalkan"},{"$i":"TXT_SUPPORT","$v":"Info dan Layanan Pelanggan:"},{"$i":"TXT_SUPPORT_CONTACT","$v":"help@hlp.im"},{"$i":"TXT_WEBSITE","$v":"www.origin-data.com"},{"$i":"TXT_TERMS","$v":["Anda akan menerima SMS dari ",{"t":"idOrVar","v":"shortcode_nb"},", ikutilah instruksinya untuk melengkapi pembelian. Anda harus memiliki saldo yang cukup untuk memroses pesanan Anda."]},{"$i":"TXT_CREDITS_WARNING","$v":"Anda harus memiliki saldo yang cukup untuk memroses pesanan Anda."},{"$i":"TXT_HELP","$v":"Anda dapat mengulang proses pembelian dan membeli kode pembukaan yang lain"},{"$i":"TXT_HELP_COMMON","$v":"Anda akan menerima kode pembuka dalam 5 menit."},{"$i":"TXT_HELP_COMMON1","$v":"Silakan periksa kotak masuk SMS Anda dan ikuti instruksinya untuk membuka game Anda. "},{"$i":"TXT_HELP_INP","$v":"ANDA AKAN MENERIMA SMS DENGAN TAUTAN PENGUNDUH GAME ANDA DALAM 5 MENIT. SILAKAN PERIKSA KOTAK MASUK SMS ANDA DAN IKUTI INSTRUKSINYA UNTUK MENGUNDUH GAME ANDA. "},{"$i":"TXT_ON_SESSIONS_LIMIT_REACHED","$v":"Anda telah mencapai batas percobaan untuk demo ini."},{"$i":"TXT_ON_SESSION_EXPIRED","$v":"Anda menyukai demo ini?"},{"$i":"TXT_PURCHASE","$v":"Versi lengkap game ini berharga"},{"$i":"TXT_PURCHASE_CONFIRMATION","$v":"Konfirmasi pembelian Anda"},{"$i":"TXT_PRICE","$v":"Harga:"},{"$i":"TXT_CONNECT","$v":"Please Connect To Internet And Try Again:"},{"$i":"TXT_TOP_GAMES","$v":"Game Teratas"},{"$i":"TXT_ENTER_PIN","$v":"Masukkan kode pembuka Anda dengan keypad:"},{"$i":"TXT_PLEASE_WAIT","$v":"Silakan tunggu."},{"$i":"TXT_PLEASE_WAIT1","$v":"Pengoperasian sedang berlangsung... "},{"$i":"TXT_OPERATION_SUCCESSFUL","$v":"Pengoperasian berhasil!"},{"$i":"TXT_UNLOCK_SUCCESSFUL","$v":"Game berhasil dibuka!"},{"$i":"TXT_CHECK_UPDATE_MENU","$v":"Periksalah pembaruan sekarang dan nikmati fitur terbaru!"},{"$i":"TXT_NETWORK_REQUIRED","$v":"Koneksi data internet dibutuhkan."},{"$i":"TXT_DOWNLOADING_UPDATE","$v":"Sedang mengunduh pembaruan"},{"$i":"TXT_INSTALLING_UPDATE","$v":"Sedang memasang pembaruan"},{"$i":"TXT_INSTALLING_UPDATE_SUCCESSFUL","$v":"Pemasangan berhasil!"},{"$i":"TXT_ERROR_MCC","$v":"Kesalahan: tidak dapat mendeteksi kartu SIM Anda."},{"$i":"TXT_ERROR_MCC1","$v":"Kartu SIM Anda dibutuhkan untuk memroses pesanan Anda. Silakan periksa apakah kartu tersebut disisipkan dengan benar ke dalam peranti Anda dan mulai kembali game ini. "},{"$i":"TXT_ERROR_SENDING_SMS","$v":"Kesalahan: tidak dapat mengirim SMS."},{"$i":"TXT_ERROR_SENDING_SMS1","$v":"Game ini mengirim SMS untuk memroses pesanan Anda. Silakan periksa koneksi jaringan Anda dan coba lagi kemudian "},{"$i":"TXT_ERROR_WRONG_CODE","$v":"Kesalahan: kode salah."},{"$i":"TXT_ERROR_WRONG_CODE1","$v":"Silakan coba lagi atau kunjungi bagian bantuan."},{"$i":"TXT_ERROR_NO_PAYMENT_METHOD","$v":"Kesalahan: tidak ada metode pembayaran yang tersedia. Game tidak dapat dibeli. Anda belum ditagih "},{"$i":"TXT_ALREADY_PURCHASED","$v":"KAMU TELAH MEMBELI INI. KAMU YAKIN INGIN MEMBELINYA LAGI? "},{"$i":"TXT_DISCLAIMER","$v":"Masa berlaku 30 hari. Tidak ada pembaruan otomatis"},{"$i":"OD_GAME_GDPR","$v":"Dengan memainkan game ini, "},{"$i":"OD_GAME_GDPR1","$v":"Anda menyetujui Kebijakan "},{"$i":"OD_GAME_GDPR2","$v":"Privasi beriikut ini:"},{"$i":"OD_GAME_GDPR3","$v":"www.p.odt.im"},{"$i":"OD_TXT_INTERNATIONAL_RENTAL_SMS","$v":["(SEWA) Biaya mengirimkan  ",{"t":"idOrVar","v":"MO_Number"}," SMS internasional. "]},{"$i":"OD_TXT_TERMS_INTERNATIONAL_SMS","$v":"UNTUK METODE PENAGIHAN SILAKAN CEK PADA OPERATOR ANDA PESANAN AKAN DITAGIHKAN KE AKUN OPERATOR PRABAYAR / PASCABAYAR ANDA. HARAP PASTIKAN SALDO CUKUP"},{"$i":"OD_TEXT_RENTAL","$v":"(SEWA) "}]