[{"$i":"TXT_SELECT","$v":"Seleziona"},{"$i":"TXT_BACK","$v":"Indietro"},{"$i":"TXT_EXIT","$v":"Esci"},{"$i":"TXT_BTN_BUY","$v":"Acquista"},{"$i":"TXT_BTN_BUY_NOW","$v":"Acquista ora"},{"$i":"TXT_BTN_GET","$v":"Ottieni"},{"$i":"TXT_BTN_BUY_THE_GAME","$v":"Acquista il gioco"},{"$i":"TXT_BTN_BUY_THE_GAME_VAT","$v":"(IVA INCL.)"},{"$i":"TXT_BTN_BUY_THE_GAME_SMS_COUNT","$v":["+ costo di ",{"t":"idOrVar","v":"sms_nb"}," SMS standard"]},{"$i":"TXT_BTN_PLAY_NOW","$v":"Gioca ora!"},{"$i":"TXT_BTN_PLAY","$v":"Gioca"},{"$i":"TXT_BTN_PLAY_NOW_TRIALS_REM","$v":[{"t":"idOrVar","v":"trials_nb"}," tentativo(i) a disposizione "]},{"$i":"TXT_BTN_SUPPORT","$v":"Assistenza"},{"$i":"TXT_BTN_TERMS","$v":"Termini e Condizioni"},{"$i":"TXT_BTN_ENTER_CODE","$v":"Inserisci il codice di sblocco"},{"$i":"TXT_BTN_HELP","$v":"Aiuto"},{"$i":"TXT_BTN_HELP_RETRY_MT","$v":"Richiedi un nuovo codice"},{"$i":"TXT_BTN_HELP_RETRY_MO","$v":"Acquista un nuovo codice"},{"$i":"TXT_BTN_YES","$v":"Sì"},{"$i":"TXT_BTN_NO","$v":"No"},{"$i":"TXT_BTN_LATER","$v":"Più tardi"},{"$i":"TXT_BTN_CANCEL","$v":"Annulla"},{"$i":"TXT_SUPPORT","$v":"Informazioni ed assistenza:"},{"$i":"TXT_SUPPORT_CONTACT","$v":"help@hlp.im"},{"$i":"TXT_WEBSITE","$v":"www.origin-data.com"},{"$i":"TXT_TERMS","$v":["Riceverai un SMS dal ",{"t":"idOrVar","v":"shortcode_nb"},", segui le istruzioni per completare l'acquisto. Devi avere credito sufficiente per effettuare l'ordine."]},{"$i":"TXT_CREDITS_WARNING","$v":"Devi avere credito sufficiente per effetturare l'ordine."},{"$i":"TXT_HELP","$v":"Puoi ricominciare la procedura di acquisto ed acquisire un nuovo codice di sblocco."},{"$i":"TXT_HELP_COMMON","$v":"Riceverai un codice di sblocco entro 5 minuti."},{"$i":"TXT_HELP_COMMON1","$v":"Controlla i tuoi SMS in arrivo e segui le istruzioni per sbloccare il tuo gioco. "},{"$i":"TXT_HELP_INP","$v":"ENTRO 5 MINUTI RICEVERAI UN SMS CON IL LINK DI SCARICAMENTO DEL TUO GIOCO. CONTROLLA I TUOI SMS IN ARRIVO E SEGUI LE ISTRUZIONI PER SCARICARE IL TUO GIOCO. "},{"$i":"TXT_ON_SESSIONS_LIMIT_REACHED","$v":"Hai raggiunto il limite di tentativi per questa demo."},{"$i":"TXT_ON_SESSION_EXPIRED","$v":"Ti piace questa demo?"},{"$i":"TXT_PURCHASE","$v":"La versione completa del gioco costa"},{"$i":"TXT_PURCHASE_CONFIRMATION","$v":"Conferma il tuo acquisto"},{"$i":"TXT_PRICE","$v":"Prezzo:"},{"$i":"TXT_CONNECT","$v":"Please Connect To Internet And Try Again:"},{"$i":"TXT_TOP_GAMES","$v":"Giochi migliori"},{"$i":"TXT_ENTER_PIN","$v":"Inserisci il codice di sblocco con la tastiera:"},{"$i":"TXT_PLEASE_WAIT","$v":"Attendere, prego. "},{"$i":"TXT_PLEASE_WAIT1","$v":"Operazione in corso.. "},{"$i":"TXT_OPERATION_SUCCESSFUL","$v":"Operazione effettuata!"},{"$i":"TXT_UNLOCK_SUCCESSFUL","$v":"Gioco sbloccato!"},{"$i":"TXT_CHECK_UPDATE_MENU","$v":"Controlla gli aggiornamenti ora e approfitta delle funzionalità aggiornate!"},{"$i":"TXT_NETWORK_REQUIRED","$v":"È necessaria una connessione ad internet."},{"$i":"TXT_DOWNLOADING_UPDATE","$v":"Download dell'aggiornamento"},{"$i":"TXT_INSTALLING_UPDATE","$v":"Installazione aggiornamento"},{"$i":"TXT_INSTALLING_UPDATE_SUCCESSFUL","$v":"Installazione completata!"},{"$i":"TXT_ERROR_MCC","$v":"Errore: impossibile leggere la tua carta SIM."},{"$i":"TXT_ERROR_MCC1","$v":"La tua carta SIM è necessaria per effettuare l'ordine. Controlla se è inserita correttamente nel tuo dispositivo e riavvia il gioco. "},{"$i":"TXT_ERROR_SENDING_SMS","$v":"Errore: impossibile inviare messaggi SMS."},{"$i":"TXT_ERROR_SENDING_SMS1","$v":"Il gioco necessita l'invio di SMS per poter effettuare il tuo ordine. Controlla la tua connessione di rete e riprova più tardi. "},{"$i":"TXT_ERROR_WRONG_CODE","$v":"Errore: codice errato. "},{"$i":"TXT_ERROR_WRONG_CODE1","$v":"Riprova o visita la sezione di aiuto. "},{"$i":"TXT_ERROR_NO_PAYMENT_METHOD","$v":"Errore: nessun metodo di pagamento disponibile. Il gioco non puo' essere acquistato. Non hai ricevuto nessun addebito "},{"$i":"TXT_ALREADY_PURCHASED","$v":"HAI GIÀ ACQUISTATO QUESTO GIOCO. SEI SICURO DI VOLERLO ACQUISTARE DI NUOVO?"},{"$i":"TXT_DISCLAIMER","$v":"Validità 30 giorni. Nessun rinnovo automatico"},{"$i":"OD_GAME_GDPR","$v":"Giocando a questo gioco accetti la seguente "},{"$i":"OD_GAME_GDPR1","$v":"Normativa della Privacy:"},{"$i":"OD_GAME_GDPR2","$v":"www.p.odt.im"},{"$i":"OD_GAME_GDPR3","$v":""},{"$i":"OD_TXT_INTERNATIONAL_RENTAL_SMS","$v":["(NOLEGGIO) Costi d’invio di  ",{"t":"idOrVar","v":"MO_Number"}," sms internazionali."]},{"$i":"OD_TXT_TERMS_INTERNATIONAL_SMS","$v":"PER LE MODALITÀ DI RICARICA, VERIFICA CON IL TUO OPERATORE L’ORDINE VERRÀ ADDEBITATO SUL TUO CONTO PREPAGATO/POST-PAGATO DELL’OPERATORE. ASSICURATI DI AVERE CREDITO SUFFICIENTE"},{"$i":"OD_TEXT_RENTAL","$v":"(NOLEGGIO)"}]