[{"$i":"TXT_SELECT","$v":"Выбрать"},{"$i":"TXT_BACK","$v":"Назад"},{"$i":"TXT_EXIT","$v":"Выход"},{"$i":"TXT_BTN_BUY","$v":"Купить"},{"$i":"TXT_BTN_BUY_NOW","$v":"Купить сейчас"},{"$i":"TXT_BTN_GET","$v":"Получить"},{"$i":"TXT_BTN_BUY_THE_GAME","$v":"Купить игры"},{"$i":"TXT_BTN_BUY_THE_GAME_VAT","$v":"(НДС ВКЛЮЧЕН)"},{"$i":"TXT_BTN_BUY_THE_GAME_SMS_COUNT","$v":["+ стоимость стандартного SMS-сообщения (",{"t":"idOrVar","v":"sms_nb"},")"]},{"$i":"TXT_BTN_PLAY_NOW","$v":"Играть!"},{"$i":"TXT_BTN_PLAY","$v":"Играть"},{"$i":"TXT_BTN_PLAY_NOW_TRIALS_REM","$v":["Осталось пробных игр: ",{"t":"idOrVar","v":"trials_nb"}]},{"$i":"TXT_BTN_SUPPORT","$v":"Поддержка"},{"$i":"TXT_BTN_TERMS","$v":"Правила и условия"},{"$i":"TXT_BTN_ENTER_CODE","$v":"Ввести код разблокирования"},{"$i":"TXT_BTN_HELP","$v":"Справка"},{"$i":"TXT_BTN_HELP_RETRY_MT","$v":"Запросить другой код"},{"$i":"TXT_BTN_HELP_RETRY_MO","$v":"Купить другой код"},{"$i":"TXT_BTN_YES","$v":"Да"},{"$i":"TXT_BTN_NO","$v":"Нет"},{"$i":"TXT_BTN_LATER","$v":"Отложить"},{"$i":"TXT_BTN_CANCEL","$v":"Отмена"},{"$i":"TXT_SUPPORT","$v":"Информация и поддержка клиентов:"},{"$i":"TXT_SUPPORT_CONTACT","$v":"help@hlp.im"},{"$i":"TXT_WEBSITE","$v":"www.origin-data.com"},{"$i":"TXT_TERMS","$v":["Вы получите SMS-сообщение от ",{"t":"idOrVar","v":"shortcode_nb"},". Для оформления покупки следуйте инструкциям. Для оформления заказа у вас должно быть достаточно кредитов."]},{"$i":"TXT_CREDITS_WARNING","$v":"Для оформления заказа у вас должно быть достаточно кредитов."},{"$i":"TXT_HELP","$v":"Вы также можете начать процесс покупки заново и купить другой код разблокирования."},{"$i":"TXT_HELP_COMMON","$v":"Вам должен прийти код разблокирования в течение 5 минут. "},{"$i":"TXT_HELP_COMMON1","$v":"Проверьте входящие SMS-сообщения и следуйте инструкциям, чтобы разблокировать игру."},{"$i":"TXT_HELP_INP","$v":"В ТЕЧЕНИЕ 5 МИНУТ ВАМ ДОЛЖНО ПРИЙТИ SMS-СООБЩЕНИЕ СО ССЫЛКОЙ НА ЗАГРУЗКУ ИГРЫ. ПРОВЕРЬТЕ ВХОДЯЩИЕ SMS-СООБЩЕНИЯ И СЛЕДУЙТЕ ИНСТРУКЦИЯМ, ЧТОБЫ ЗАГРУЗИТЬ ИГРУ."},{"$i":"TXT_ON_SESSIONS_LIMIT_REACHED","$v":"Вы исчерпали пробные игры для данной демо-версии."},{"$i":"TXT_ON_SESSION_EXPIRED","$v":"Понравилась эта демо-версия?"},{"$i":"TXT_PURCHASE","$v":"Полная версия этой игры стоит"},{"$i":"TXT_PURCHASE_CONFIRMATION","$v":"Подтвердите покупку"},{"$i":"TXT_PRICE","$v":"Цена:"},{"$i":"TXT_CONNECT","$v":"Please Connect To Internet And Try Again:"},{"$i":"TXT_TOP_GAMES","$v":"Лучшие игры"},{"$i":"TXT_ENTER_PIN","$v":"Введите код разблокирования с помощью кнопок:"},{"$i":"TXT_PLEASE_WAIT","$v":"Подождите."},{"$i":"TXT_PLEASE_WAIT1","$v":"Выполняется операция…"},{"$i":"TXT_OPERATION_SUCCESSFUL","$v":"Операция выполнена."},{"$i":"TXT_UNLOCK_SUCCESSFUL","$v":"Игра разблокирована."},{"$i":"TXT_CHECK_UPDATE_MENU","$v":"Проверьте наличие обновлений, чтобы использовать новейшие возможности!"},{"$i":"TXT_NETWORK_REQUIRED","$v":"Требуется подключение к Интернету для передачи данных."},{"$i":"TXT_DOWNLOADING_UPDATE","$v":"Загружается обновление"},{"$i":"TXT_INSTALLING_UPDATE","$v":"Установка обновления"},{"$i":"TXT_INSTALLING_UPDATE_SUCCESSFUL","$v":"Установка выполнена!"},{"$i":"TXT_ERROR_MCC","$v":"Ошибка: не обнаружена SIM-карта."},{"$i":"TXT_ERROR_MCC1","$v":"Для оформления заказа требуется SIM-карта. Удостоверьтесь, что SIM-карта установлена в ваше устройство и перезагрузите игру."},{"$i":"TXT_ERROR_SENDING_SMS","$v":"Ошибка: невозможно отправить SMS-сообщение."},{"$i":"TXT_ERROR_SENDING_SMS1","$v":"Для оформления заказа игра должна отправить SMS-сообщение. Проверьте подключение к сети и повторите попытку позже."},{"$i":"TXT_ERROR_WRONG_CODE","$v":"Ошибка: неверный код."},{"$i":"TXT_ERROR_WRONG_CODE1","$v":"Повторите попытку или ознакомьтесь со справкой."},{"$i":"TXT_ERROR_NO_PAYMENT_METHOD","$v":"ошибка: нет доступных способов оплаты. невозможно приобрести игру. с вас не была взята плата"},{"$i":"TXT_ALREADY_PURCHASED","$v":"ВЫ УЖЕ КУПИЛИ ЭТУ ИГРУ. ВЫ ДЕЙСТВИТЕЛЬНО ЖЕЛАЕТЕ КУПИТЬ ЕЕ ПОВТОРНО?"},{"$i":"TXT_DISCLAIMER","$v":"Срок действия составляет 30 дней, без автоматического продления"},{"$i":"OD_GAME_GDPR","$v":"Играя в эту игру, "},{"$i":"OD_GAME_GDPR1","$v":"вы подтверждаете свое согласие со следующей "},{"$i":"OD_GAME_GDPR2","$v":"Политикой конфиденциальности:"},{"$i":"OD_GAME_GDPR3","$v":"www.p.odt.im"},{"$i":"OD_TXT_INTERNATIONAL_RENTAL_SMS","$v":["(АРЕНДА) Стоимость эквивалентна отправке  ",{"t":"idOrVar","v":"MO_Number"}," международных SMS."]},{"$i":"OD_TXT_TERMS_INTERNATIONAL_SMS","$v":"ПОЖАЛУЙСТА, УТОЧНИТЕ СПОСОБЫ ОПЛАТЫ У СВОЕГО ОПЕРАТОРА. СТОИМОСТЬ ЗАКАЗА БУДЕТ СПИСАНА С ВАШЕГО СЧЕТА У ОПЕРАТОРА С ПРЕДОПЛАТОЙ/ОПЛАТОЙ ПО ФАКТУ. ПРОВЕРЬТЕ НАЛИЧИЕ НЕОБХОДИМОЙ СУММЫ НА СЧЕТУ И, ПРИ НЕОБХОДИМОСТИ, ПОПОЛНИТЕ ЕГО"},{"$i":"OD_TEXT_RENTAL","$v":"(АРЕНДА)"}]