[{"$i":"TXT_SELECT","$v":"เลือก"},{"$i":"TXT_BACK","$v":"ถอยกลับ"},{"$i":"TXT_EXIT","$v":"ออก"},{"$i":"TXT_BTN_BUY","$v":"ซื้อ"},{"$i":"TXT_BTN_BUY_NOW","$v":"ซื้อเลย"},{"$i":"TXT_BTN_GET","$v":"รับ"},{"$i":"TXT_BTN_BUY_THE_GAME","$v":"ซื้อเกม"},{"$i":"TXT_BTN_BUY_THE_GAME_VAT","$v":"(รวมภาษีมูลค่าเพิ่ม)"},{"$i":"TXT_BTN_BUY_THE_GAME_SMS_COUNT","$v":["+ราคามาตรฐานสำหรับ SMS ",{"t":"idOrVar","v":"sms_nb"}]},{"$i":"TXT_BTN_PLAY_NOW","$v":"เล่นเลย!"},{"$i":"TXT_BTN_PLAY","$v":"เล่น"},{"$i":"TXT_BTN_PLAY_NOW_TRIALS_REM","$v":["คุณมีโอกาสลองได้อีก ",{"t":"idOrVar","v":"trials_nb"}," ครั้ง"]},{"$i":"TXT_BTN_SUPPORT","$v":"ฝ่ายสนับสนุน"},{"$i":"TXT_BTN_TERMS","$v":"ข้อกำหนดและเงื่อนไข"},{"$i":"TXT_BTN_ENTER_CODE","$v":"กรอกรหัสปลดล็อค"},{"$i":"TXT_BTN_HELP","$v":"ช่วยเหลือ"},{"$i":"TXT_BTN_HELP_RETRY_MT","$v":"ขอรับอีกรหัส"},{"$i":"TXT_BTN_HELP_RETRY_MO","$v":"ซื้ออีกรหัส"},{"$i":"TXT_BTN_YES","$v":"ใช่"},{"$i":"TXT_BTN_NO","$v":"ไม่ใช่"},{"$i":"TXT_BTN_LATER","$v":"ทีหลัง"},{"$i":"TXT_BTN_CANCEL","$v":"ยกเลิก"},{"$i":"TXT_SUPPORT","$v":"ข้อมูลและฝ่ายดูแลลูกค้า:"},{"$i":"TXT_SUPPORT_CONTACT","$v":"help@hlp.im"},{"$i":"TXT_WEBSITE","$v":"www.origin-data.com"},{"$i":"TXT_TERMS","$v":["คุณจะได้รับ SMS จาก   ",{"t":"idOrVar","v":"shortcode_nb"}," กรุณาปฏิบัติตามขั้นตอนเพื่อให้เสร็จสิ้นขั้นตอนการซื้อ คุณต้องมีเครดิตเพียงพอเพื่อดำเนินขั้นตอนการสั่งซื้อ"]},{"$i":"TXT_CREDITS_WARNING","$v":"คุณต้องมีเครดิตเพียงพอเพื่อดำเนินขั้นตอนการสั่งซื้อ"},{"$i":"TXT_HELP","$v":"คุณสามารถเริ่มขั้นตอนการซื้อได้อีกครั้งและซื้อรหัสปลดล็อกอีกหนึ่งรหัส"},{"$i":"TXT_HELP_COMMON","$v":"คุณควรได้รับรหัสปลดล็อคภายในเวลา 5 นาที "},{"$i":"TXT_HELP_COMMON1","$v":"กรุณาตรวจกล่องรับ SMS ของคุณแล้วปฏิบัติตามขั้นตอนเพื่อปลดล็อคเกม "},{"$i":"TXT_HELP_INP","$v":"คุณควรได้รับ SMS พร้อมลิงก์สำหรับดาวน์โหลดเกมภายในเวลา 5 นาที  กรุณาตรวจกล่องรับ SMS ของคุณแล้วปฏิบัติตามขั้นตอนเพื่อดาวน์โหลดเกม "},{"$i":"TXT_ON_SESSIONS_LIMIT_REACHED","$v":"โอกาสทดลองเล่นของคุณในครั้งนี้ถึงจำนวนสูงสุดแล้ว"},{"$i":"TXT_ON_SESSION_EXPIRED","$v":"คุณชอบหรือไม่?"},{"$i":"TXT_PURCHASE","$v":"เวอร์ชั่นเต็มของเกมนี้ราคา"},{"$i":"TXT_PURCHASE_CONFIRMATION","$v":"ยืนยันการซื้อของคุณ"},{"$i":"TXT_PRICE","$v":"ราคา:"},{"$i":"TXT_CONNECT","$v":"Please Connect To Internet And Try Again:"},{"$i":"TXT_TOP_GAMES","$v":"สุดยอดเกม"},{"$i":"TXT_ENTER_PIN","$v":"กรอกรหัสปลดล็อคของคุณด้วยแป้นตัวเลข:"},{"$i":"TXT_PLEASE_WAIT","$v":"กรุณารอสักครู่ "},{"$i":"TXT_PLEASE_WAIT1","$v":"กำลังดำเนินการอยู่..."},{"$i":"TXT_OPERATION_SUCCESSFUL","$v":"ดำเนินการได้สำเร็จ!"},{"$i":"TXT_UNLOCK_SUCCESSFUL","$v":"ปลดล็อคเกมได้สำเร็จ!"},{"$i":"TXT_CHECK_UPDATE_MENU","$v":"ตรวจดูอัพเดตเลยและเพลิดเพลินไปกับคุณสมบัติล่าสุด!"},{"$i":"TXT_NETWORK_REQUIRED","$v":"จำเป็นต้องเชื่อมต่อกับข้อมูลอินเตอร์เน็ต"},{"$i":"TXT_DOWNLOADING_UPDATE","$v":"กำลังดาวน์โหลดอัพเดต"},{"$i":"TXT_INSTALLING_UPDATE","$v":"กำลังติดตั้งอัพเดต"},{"$i":"TXT_INSTALLING_UPDATE_SUCCESSFUL","$v":"ติดตั้งได้สำเร็จ!"},{"$i":"TXT_ERROR_MCC","$v":"ข้อผิดพลาด: ไม่สามารถตรวจหา SIM การ์ดของคุณได้ "},{"$i":"TXT_ERROR_MCC1","$v":"จำเป็นต้องใช้ SIM การ์ดของคุณเพื่อดำเนินขั้นตอนการสั่งซื้อ กรุณาตรวจว่า SIM การ์ดเสียบอยู่ในอุปกรณ์ของคุณหรือไม่แล้วเริ่มเกมใหม่อีกครั้ง "},{"$i":"TXT_ERROR_SENDING_SMS","$v":"ข้อผิดพลาด: ไม่สามารถส่ง SMS "},{"$i":"TXT_ERROR_SENDING_SMS1","$v":"เกมจำเป็นต้องส่ง SMS เพื่อดำเนินขั้นตอนการสั่งซื้อ กรุณาตรวจสอบการเชื่อมต่อเข้าสู่เครือข่ายของคุณแล้วลองใหม่อีกครั้ง "},{"$i":"TXT_ERROR_WRONG_CODE","$v":"กรุณาลองอีกครั้งหรือดูที่หมวดช่วยเหลือ "},{"$i":"TXT_ERROR_WRONG_CODE1","$v":"Please try again or visit the help section."},{"$i":"TXT_ERROR_NO_PAYMENT_METHOD","$v":"ข้อผิดพลาด: ไม่มีวิธีการชำระเงินนี้ให้เลือก . ไม่สามารถซื้อเกมได้ . ไม่มีการเรียกชำระเงินคุณ "},{"$i":"TXT_ALREADY_PURCHASED","$v":"คุณซื้อเกมนี้แล้ว. คุณแน่ใจหรือว่าต้องการซื้ออีกครั้ง?"},{"$i":"TXT_DISCLAIMER","$v":"มีอายุ 30 วัน มันไม่ได้ต่ออายุโดยอัตโนมัติ"},{"$i":"OD_GAME_GDPR","$v":"การเล่นเกมนี้ถือว่า คุณยอมรับต่อนโยบายความเป็นส่วนตัวต่อไปนี้:"},{"$i":"OD_GAME_GDPR1","$v":"www.p.odt.im"},{"$i":"OD_GAME_GDPR2","$v":""},{"$i":"OD_GAME_GDPR3","$v":""},{"$i":"OD_TXT_INTERNATIONAL_RENTAL_SMS","$v":["(การเช่า) มีค่าใช้จ่ายสำหรับบริการส่งข้อความระหว่างประเทศ  ",{"t":"idOrVar","v":"MO_Number"}," ครั้ง"]},{"$i":"OD_TXT_TERMS_INTERNATIONAL_SMS","$v":"โปรดตรวจสอบค่าใช้จ่ายในการจัดทำรูปแบบ(Modalities)กับผู้ให้บริการ รายการสั่งซื้อจะถูกเรียกเก็บจากระบบเติมเงิน/ รายเดือน ของบัญชีผู้ดำเนินการ กรุณาตรวจสอบให้แน่ใจว่าท่านมีเงินคงเหลือเพียงพออยู่ในระบบ"},{"$i":"OD_TEXT_RENTAL","$v":"(การเช่า)"}]