[{"$i":"bluetooth-header","$v":[{"t":"idOrVar","v":"bluetooth"}]},{"$i":"bluetooth-enable-msg","$v":"Sahədə cihazları görmək üçün Bluetooth-u açın."},{"$i":"bluetooth-paired-devices","$v":"Cütlənmiş Cihazlar"},{"$i":"bluetooth-devices-nearby","$v":"Yaxınlıqdakı Cihazlar"},{"$i":"bt-nodevices-nearby","$v":"Yaxınlıqda heç bir cihaz tapılmadı."},{"$i":"bluetooth-visible-to-all","$v":"Hamıya Görünür"},{"$i":"bluetooth-name-maxlength-alert","$v":["Cihazınızın adı ",{"t":"idOrVar","v":"length"}," simvolu aşır. Yenidən cəhd edin."]},{"$i":"bluetooth-address","$v":"Bluetooth Ünvanı"},{"$i":"bluetooth-address-unavailable","$v":"Mövcud deyil"},{"$i":"bt-status-nopaired","$v":"Heç bir cihaz cütlənməyib"},{"$i":"bt-status-turnoff","$v":"Bağlandı"},{"$i":"bt-status-paired","$v":{"few":[{"t":"idOrVar","v":"name"},", +",{"t":"idOrVar","v":"n"}," daha çox"],"many":[{"t":"idOrVar","v":"name"},", +",{"t":"idOrVar","v":"n"}," daha çox"],"one":[{"t":"idOrVar","v":"name"},", +",{"t":"idOrVar","v":"n"}," daha çox"],"other":[{"t":"idOrVar","v":"name"},", +",{"t":"idOrVar","v":"n"}," daha çox"],"two":[{"t":"idOrVar","v":"name"},", +",{"t":"idOrVar","v":"n"}," daha çox"],"zero":[{"t":"idOrVar","v":"name"}]},"$x":[{"t":"idOrVar","v":"plural"},"n"]},{"$i":"device-status-tap-connect","$v":"Cütləşdirmək üçün \"Seç\" düyməsinə basın"},{"$i":"device-status-pairing","$v":"Cihaz ilə cütlənir…"},{"$i":"device-status-waiting","$v":"Digər cihazı gözləyir…"},{"$i":"device-status-paired","$v":"Cütləndi"},{"$i":"device-status-connecting","$v":"Qoşulur…"},{"$i":"device-status-connected","$v":"Qoşuldu"},{"$i":"device-status-connected-phone","$v":"Telefon audio ilə qoşuldu"},{"$i":"device-status-connected-media","$v":"Media audioya qoşuldu"},{"$i":"device-status-connected-phone-media","$v":"Telefon/media audio ilə qoşuldu"},{"$i":"device-option-unpair","$v":"Təmizləmə"},{"$i":"device-option-confirm","$v":"Təsdiqlə"},{"$i":"device-option-unpair-confirmation","$v":"Təsdiq"},{"$i":"device-option-unpair-device","$v":"Cihazı təmizləməyin?"},{"$i":"device-option-connect","$v":"Qoşul"},{"$i":"device-option-disconnect","$v":"Əlaqəni kəs"},{"$i":"search-for-device","$v":"Cihazları axtarır…"},{"$i":"search-device","$v":"Cihazları axtar"},{"$i":"rename-device","$v":"Cihazımın adını dəyiş"},{"$i":"unnamed-device","$v":"Naməlum cihaz"},{"$i":"change-phone-name","$v":"Telefon Adını dəyiş"},{"$i":"change-phone-name-desc","$v":"Cihazınızın adını kompüterinizdə göründüyü kimi dəyişin"},{"$i":"bluetooth-new-name","$v":"Yeni ad"},{"$i":"error-pair-title","$v":"Cihaz cütləşdirilmədi"},{"$i":"error-pair-pincode","$v":"Cihaz ilə cütlənmək olmur. PIN-in doğru olduğunu yoxlayın."},{"$i":"error-pair-toofast","$v":"Cihaz ilə cütlənmək olmur. Həddindən çox sorğu var."},{"$i":"error-pair-fail","$v":[{"t":"idOrVar","v":"devicename"}," telefonunuzla cütləşmir."]},{"$i":"error-pair-checkpin","$v":"Bu cihazla cütləşməni yenidən cəhd etmək istəyirsiniz?"},{"$i":"error-connect-title","$v":"Cihazları qoşmaq olmur"},{"$i":"error-connect-msg","$v":"Qoşulmağa cəhd etdiyiniz cihazın hələ də diapazonda olub olmadığını və Bluetooth-un açıq olduğunu yoxlayın."},{"$i":"unpair-title","$v":"Qoşulmuş cihaz cütsüzlənsin?"},{"$i":"unpair-msg","$v":"Hazırda bu cihazla bağlısınız. Cütsüzlənmə həmçinin ondan ayıracaq."},{"$i":"bluetooth","$v":"Bluetooth"},{"$i":"turn-bluetooth-on-title","$v":"Bluetooth-u aç"},{"$i":"bluetooth-status-description","$v":"Bluetooth aradan qaldırıldı"},{"$i":"turn-bluetooth-on","$v":"Bluetooth q-aktivdir, onu açmaq istəyirs.?"},{"$i":"cancel","$v":"Ləğv et"},{"$i":"turn-on","$v":"Aç"},{"$i":"error-transfer-title","$v":"Bluetooth fayl ötürülməsi uğursuz oldu"},{"$i":"error-transfer-settings","$v":"Bluetooth fayl ötürülməsi uğursuz oldu. Bluetooth parametrlərinin düzgün olduğunu yoxlayın."},{"$i":"ok","$v":"OK"},{"$i":"pair","$v":"Cütləşdir"},{"$i":"active-pair","$v":"Cütlənməli cihazl təsd"},{"$i":"active-pair-confirmation","$v":[{"t":"idOrVar","v":"device"}," ilə cütlənmək üçün, hər iki cihazın hazırda aşağıdakı PIN-ə malik olduğundan əmin olun:"]},{"$i":"active-pair-pincode","$v":[{"t":"idOrVar","v":"device"}," ilə cütləmək üçün, cihazda PIN daxil edin."]},{"$i":"active-pair-passkey","$v":[{"t":"idOrVar","v":"device"}," cihazına birləşdirmək üçün cihazda keçid kodunu daxil edin."]},{"$i":"passive-pair","$v":"Bluetooth cütləşmə sorğusu"},{"$i":"passive-pair-confirmation","$v":"bu telefonla birləşdirmək istəyir. Qəbul etmək üçün, hər iki cihazın hazırda göstərilən PIN-ə malik olduğuna əmin olun."},{"$i":"passive-pair-pincode","$v":["bu telefon ilə cütləşdirmək istərdim. Bu PIN kodu cütləşdirmək istədiyiniz ",{"t":"idOrVar","v":"device"}," daxil edin və davam etmək üçün Cütləşdir seçiminə basın."]},{"$i":"passive-pair-enterpincode","$v":["bu telefon ilə cütləşdirmək istərdim. Bu PIN kodu cütləşdirmək istədiyiniz ",{"t":"idOrVar","v":"device"}," daxil edin və davam etmək üçün Cütləşdir seçiminə basın."]},{"$i":"passive-pair-passkey","$v":["bu telefon ilə cütləşdirmək istərdim. Bu PIN kodu cütləşdirmək istədiyiniz ",{"t":"idOrVar","v":"device"}," daxil edin və davam etmək üçün Cütləşdir seçiminə basın."]},{"$i":"passive-pair-displaypasskey","$v":["bu telefon ilə birləşdirmək istəyir. Bu PIN kodu birləşdirmək istədiyiniz ",{"t":"idOrVar","v":"device"}," cihazı üçün daxil edin."]},{"$i":"passive-pair-consent","$v":"bu telefon ilə cütləşdirmək istərdim. Davam etmək üçün Cütləşdir seçiminə basın."},{"$i":"pin-input-title","$v":"PIN kod daxil edin"},{"$i":"pair-view-title","$v":"Bluetooth Sorğusu"},{"$i":"bluetooth-pairing-request-now-title","$v":"Bluetooth Cütləşmə Sorğusu"},{"$i":"pairing-request-timeout-title","$v":"Bluetooth Cütləşmə Sorğusu"},{"$i":"pairing-request-timeout-description","$v":"Bluetooth cütləşmə sorğusunun vaxtı bitdi. Yenidən cütləşməyə cəhd edin."},{"$i":"rescan","$v":"Təkrar skanla"},{"$i":"select-device","$v":"Cihazı seçin"},{"$i":"select","$v":"Seç"},{"$i":"paired-with-device","$v":[{"t":"idOrVar","v":"deviceName"}," ilə cütləndi."]},{"$i":"paired-failed","$v":[{"t":"idOrVar","v":"deviceName"}," ilə cütləşmədi."]}]