[{"$i":"bluetooth-header","$v":[{"t":"idOrVar","v":"bluetooth"}]},{"$i":"bluetooth-enable-msg","$v":"Уключыце Bluetooth, каб бачыць прылады побач."},{"$i":"bluetooth-paired-devices","$v":"Злучаныя прылады"},{"$i":"bluetooth-devices-nearby","$v":"Прылады паблізу"},{"$i":"bt-nodevices-nearby","$v":"Не знойдзена прылад побач."},{"$i":"bluetooth-visible-to-all","$v":"Бачна ўсім"},{"$i":"bluetooth-name-maxlength-alert","$v":["Імя вашай прылады даўжэйшае за пэўную колькасць знакаў: ",{"t":"idOrVar","v":"length"},". Паўтарыце спробу."]},{"$i":"bluetooth-address","$v":"Адрас Bluetooth"},{"$i":"bluetooth-address-unavailable","$v":"Не даступна"},{"$i":"bt-status-nopaired","$v":"Няма прылад у пары"},{"$i":"bt-status-turnoff","$v":"Выключана"},{"$i":"bt-status-paired","$v":{"few":[{"t":"idOrVar","v":"name"},", +",{"t":"idOrVar","v":"n"}," яшчэ"],"many":[{"t":"idOrVar","v":"name"},", +",{"t":"idOrVar","v":"n"}," яшчэ"],"one":[{"t":"idOrVar","v":"name"},", +",{"t":"idOrVar","v":"n"}," яшчэ"],"other":[{"t":"idOrVar","v":"name"},", +",{"t":"idOrVar","v":"n"}," яшчэ"],"two":[{"t":"idOrVar","v":"name"},", +",{"t":"idOrVar","v":"n"}," яшчэ"],"zero":[{"t":"idOrVar","v":"name"}]},"$x":[{"t":"idOrVar","v":"plural"},"n"]},{"$i":"device-status-tap-connect","$v":"Каб спалучыць, націсніце \"Выбраць"},{"$i":"device-status-pairing","$v":"Злучаецца з прыладай…"},{"$i":"device-status-waiting","$v":"Чакаецца пацверджанне…"},{"$i":"device-status-paired","$v":"Злучана"},{"$i":"device-status-connecting","$v":"Падлучаецца…"},{"$i":"device-status-connected","$v":"Падлучана"},{"$i":"device-status-connected-phone","$v":"Падлучана да аўдыя тэлефона"},{"$i":"device-status-connected-media","$v":"Падлучана да аўдыя медыя"},{"$i":"device-status-connected-phone-media","$v":"Падлучана да аўдыя тэлефона/медыя"},{"$i":"device-option-unpair","$v":"спалучэнне"},{"$i":"device-option-confirm","$v":"Пацвердзіць"},{"$i":"device-option-unpair-confirmation","$v":"Пацверджанне"},{"$i":"device-option-unpair-device","$v":"Прылада спалучэння?"},{"$i":"device-option-connect","$v":"Падлучыць"},{"$i":"device-option-disconnect","$v":"Адлучыць"},{"$i":"search-for-device","$v":"Пошук прылад…"},{"$i":"search-device","$v":"Шукаць прылады"},{"$i":"rename-device","$v":"Перайм. маю прыладу"},{"$i":"unnamed-device","$v":"Невядомая прылада"},{"$i":"change-phone-name","$v":"Змяніць імя тэлефона"},{"$i":"change-phone-name-desc","$v":"Змяніць імя вашай прылады на тое, як яна называецца на вашым камп'ютары"},{"$i":"bluetooth-new-name","$v":"Новае імя"},{"$i":"error-pair-title","$v":"Немагчыма спалучыць прыладу"},{"$i":"error-pair-pincode","$v":"Немагчыма злучыцца з прыладай. Праверце правільнасць PIN-кода."},{"$i":"error-pair-toofast","$v":"Немагчыма злучыцца з прыладай. Надта многа запытаў."},{"$i":"error-pair-fail","$v":["Прылада ",{"t":"idOrVar","v":"devicename"}," не спарваецца з вашым тэлефонам."]},{"$i":"error-pair-checkpin","$v":"Хочаце паспрабаваць спалучыцца з гэтай прыладай зноў?"},{"$i":"error-connect-title","$v":"Немагчыма падключыць прылады"},{"$i":"error-connect-msg","$v":"Праверце, што прылада, да якой вы хочаце падключыцца, знаходзіцца ў дасягальнасці і мае Bluetooth уключаным."},{"$i":"unpair-title","$v":"Адм. спал. падлуч. прыл.?"},{"$i":"unpair-msg","$v":"Вы зараз падлучаны да гэтай прылады. Скасаванне спалучэння таксама прывядзе да адлучэння ад яе."},{"$i":"bluetooth","$v":"Bluetooth"},{"$i":"turn-bluetooth-on-title","$v":"Уключыць Bluetooth"},{"$i":"bluetooth-status-description","$v":"Bluetooth адключаная"},{"$i":"turn-bluetooth-on","$v":"Bluetooth адкл., укл.?"},{"$i":"cancel","$v":"Скасаваць"},{"$i":"turn-on","$v":"Уключыць"},{"$i":"error-transfer-title","$v":"Памылка перадачы файла па Bluetooth"},{"$i":"error-transfer-settings","$v":"Памылка перадачы файла па Bluetooth. Праверце правільнасць настроек Bluetooth."},{"$i":"ok","$v":"ОК"},{"$i":"pair","$v":"Спалучыць"},{"$i":"active-pair","$v":"Пацв. прылады да спалуч."},{"$i":"active-pair-confirmation","$v":["Каб спалучаць з ",{"t":"idOrVar","v":"device"},", упэўніцеся, што абедзьве прылады маюць зараз наступны PIN на дысплэі:"]},{"$i":"active-pair-pincode","$v":["Каб спалучыць з ",{"t":"idOrVar","v":"device"},", увядзіце PIN на прыладзе."]},{"$i":"active-pair-passkey","$v":["Каб злучыць з прыладай ",{"t":"idOrVar","v":"device"},", увядзіце пароль на прыладзе."]},{"$i":"passive-pair","$v":"Запыт на спалучэнне па Bluetooth"},{"$i":"passive-pair-confirmation","$v":"хоча злучыцца з гэтым тэлефонам. Каб прыняць, упэўніцеся, што абедзве прылады маюць на экране наступны PIN-код."},{"$i":"passive-pair-pincode","$v":["хоча спалучыцца з гэтым тэлефонам. Увядзіце PIN-код на прыладзе ",{"t":"idOrVar","v":"device"},", з якой вы хочаце спалучыцца, і націсніце \"Спалучыць\", каб працягнуць."]},{"$i":"passive-pair-enterpincode","$v":["хоча спалучыцца з гэтым тэлефонам. Увядзіце PIN-код на прыладзе ",{"t":"idOrVar","v":"device"},", з якой вы хочаце спалучыцца, і націсніце \"Спалучыць\", каб працягнуць."]},{"$i":"passive-pair-passkey","$v":["хоча спалучыцца з гэтым тэлефонам. Увядзіце гэты PIN-код на прыладзе ",{"t":"idOrVar","v":"device"},", з якой вы хочаце спалучыцца, і націсніце \"Спалучыць\", каб працягнуць."]},{"$i":"passive-pair-displaypasskey","$v":["хоча злучыцца з гэтым тэлефонам. Увядзіце гэты PIN-код на прыладзе ",{"t":"idOrVar","v":"device"},", з якой вы хочаце злучыцца."]},{"$i":"passive-pair-consent","$v":"хоча спалучыцца з гэтым тэлефонам. Каб працягнуць, націсніце \"Спалучыць\"."},{"$i":"pin-input-title","$v":"Увядзіце PIN-код"},{"$i":"pair-view-title","$v":"Запат Bluetooth"},{"$i":"bluetooth-pairing-request-now-title","$v":"Запыт на спалучэнне па Bluetooth"},{"$i":"pairing-request-timeout-title","$v":"Запыт на спалучэнне па Bluetooth"},{"$i":"pairing-request-timeout-description","$v":"Час запыту на спалучэнне па Bluetooth скончыўся. Паспрабуйце спалучыць зноў."},{"$i":"rescan","$v":"Паўторна сканіраваць"},{"$i":"select-device","$v":"Абярыце Прылада"},{"$i":"select","$v":"Выбраць"},{"$i":"paired-with-device","$v":["Спалучана з прыладай ",{"t":"idOrVar","v":"deviceName"},"."]},{"$i":"paired-failed","$v":["Памылка спалучэння з прыладай ",{"t":"idOrVar","v":"deviceName"},"."]}]