[{"$i":"bluetooth-header","$v":[{"t":"idOrVar","v":"bluetooth"}]},{"$i":"bluetooth-enable-msg","$v":"Включете Bluetooth, за да видите устройствата в района."},{"$i":"bluetooth-paired-devices","$v":"Сдвоени устройства"},{"$i":"bluetooth-devices-nearby","$v":"Устройства в близост"},{"$i":"bt-nodevices-nearby","$v":"Няма открити устройства в близост."},{"$i":"bluetooth-visible-to-all","$v":"Видимо за всички"},{"$i":"bluetooth-name-maxlength-alert","$v":["Името на устройството ви надвишава ",{"t":"idOrVar","v":"length"}," символа. Опитайте отново."]},{"$i":"bluetooth-address","$v":"Bluetooth адрес"},{"$i":"bluetooth-address-unavailable","$v":"Не е налично"},{"$i":"bt-status-nopaired","$v":"Няма сдвоени устройства"},{"$i":"bt-status-turnoff","$v":"Изключено"},{"$i":"bt-status-paired","$v":{"few":[{"t":"idOrVar","v":"name"},", +",{"t":"idOrVar","v":"n"}," още"],"many":[{"t":"idOrVar","v":"name"},", +",{"t":"idOrVar","v":"n"}," още"],"one":[{"t":"idOrVar","v":"name"},", +",{"t":"idOrVar","v":"n"}," още"],"other":[{"t":"idOrVar","v":"name"},", +",{"t":"idOrVar","v":"n"}," още"],"two":[{"t":"idOrVar","v":"name"},", +",{"t":"idOrVar","v":"n"}," още"],"zero":[{"t":"idOrVar","v":"name"}]},"$x":[{"t":"idOrVar","v":"plural"},"n"]},{"$i":"device-status-tap-connect","$v":"Нат. \"Избор\", за да сдвоите"},{"$i":"device-status-pairing","$v":"Сдвояване с устройство..."},{"$i":"device-status-waiting","$v":"Изчакване на другото устройство…"},{"$i":"device-status-paired","$v":"Сдвоено"},{"$i":"device-status-connecting","$v":"Свързване…"},{"$i":"device-status-connected","$v":"Свързано"},{"$i":"device-status-connected-phone","$v":"Свързано с аудио на телефон"},{"$i":"device-status-connected-media","$v":"Свързано с аудио на мултимедия"},{"$i":"device-status-connected-phone-media","$v":"Свързано с аудио на телефон/мултимедия"},{"$i":"device-option-unpair","$v":"Раздвояване"},{"$i":"device-option-confirm","$v":"Потвържд."},{"$i":"device-option-unpair-confirmation","$v":"Потвърждаване"},{"$i":"device-option-unpair-device","$v":"Да разопаковате устройството?"},{"$i":"device-option-connect","$v":"Свързване"},{"$i":"device-option-disconnect","$v":"Прекр. на връзката"},{"$i":"search-for-device","$v":"Търсене на устройства..."},{"$i":"search-device","$v":"Търсене на устройства"},{"$i":"rename-device","$v":"Преим. устр. ми"},{"$i":"unnamed-device","$v":"Непознато устройство"},{"$i":"change-phone-name","$v":"Промяна на име на тел."},{"$i":"change-phone-name-desc","$v":"Променете името на устройството си както се показва на компютъра"},{"$i":"bluetooth-new-name","$v":"Ново име"},{"$i":"error-pair-title","$v":"Неуспешно сдвояване на устр."},{"$i":"error-pair-pincode","$v":"Не може да се сдвои с устройството. Проверете дали PIN кодът е правилен."},{"$i":"error-pair-toofast","$v":"Не може да се сдвои с устройството. Твърде много заявки."},{"$i":"error-pair-fail","$v":[{"t":"idOrVar","v":"devicename"}," не се сдвоява с телефона ви."]},{"$i":"error-pair-checkpin","$v":"Искате ли пак да опитате сдвояване с това устройство?"},{"$i":"error-connect-title","$v":"Устройствата не могат да се свържат"},{"$i":"error-connect-msg","$v":"Проверете дали устройството, което се опитвате да свържете, все още е в обхват и неговият Bluetooth е включен."},{"$i":"unpair-title","$v":"Пр. сдвояв. св. устр.?"},{"$i":"unpair-msg","$v":"В момента сте свързани с това устройство. Премахването на сдвояването ще го изключи."},{"$i":"bluetooth","$v":"Bluetooth"},{"$i":"turn-bluetooth-on-title","$v":"Включване на Bluetooth"},{"$i":"bluetooth-status-description","$v":"Bluetooth е деактивиран"},{"$i":"turn-bluetooth-on","$v":"Bluetooth дезакт., искате ли да го вкл.?"},{"$i":"cancel","$v":"Отказ"},{"$i":"turn-on","$v":"Включване"},{"$i":"error-transfer-title","$v":"Неуспешно прехвърляне на файл чрез Bluetooth"},{"$i":"error-transfer-settings","$v":"Неуспешно прехвърляне на файл чрез Bluetooth. Проверете дали настройките за Bluetooth са правилни."},{"$i":"ok","$v":"ОК"},{"$i":"pair","$v":"Сдвояване"},{"$i":"active-pair","$v":"Потв. на устр. за сдвояване"},{"$i":"active-pair-confirmation","$v":["За да сдвоите с ",{"t":"idOrVar","v":"device"},", уверете се, че и на двете устройства е показан следният PIN:"]},{"$i":"active-pair-pincode","$v":["За да сдвоите с ",{"t":"idOrVar","v":"device"},", въведете PIN кода на устройството."]},{"$i":"active-pair-passkey","$v":["За да сдвоите с ",{"t":"idOrVar","v":"device"},", въведете паролата на устройството."]},{"$i":"passive-pair","$v":"Заявка за сдвояване чрез Bluetooth"},{"$i":"passive-pair-confirmation","$v":"иска да се сдвои с този телефон. За да приемете, се уверете, че и на двете устройства е показан следният PIN."},{"$i":"passive-pair-pincode","$v":["иска да се сдвои с този телефон. Въведете PIN кода на ",{"t":"idOrVar","v":"device"},", с което искате да се сдвоите. Натиснете „Сдвояване“."]},{"$i":"passive-pair-enterpincode","$v":["иска да се сдвои с този телефон. Въведете PIN кода на ",{"t":"idOrVar","v":"device"},", с което искате да се сдвоите. Натиснете „Сдвояване“."]},{"$i":"passive-pair-passkey","$v":["иска да се сдвои с този телефон. Въведете този PIN на ",{"t":"idOrVar","v":"device"},", с което искате да се сдвоите, и натиснете „Сдвояване“."]},{"$i":"passive-pair-displaypasskey","$v":["иска да се сдвои с този телефон. Въведете този PIN на ",{"t":"idOrVar","v":"device"},", с което искате да се сдвоите."]},{"$i":"passive-pair-consent","$v":"иска да се сдвои с този телефон. Натиснете „Сдвояване“, за да продължите."},{"$i":"pin-input-title","$v":"Въведете PIN код"},{"$i":"pair-view-title","$v":"Заявка за Bluetooth"},{"$i":"bluetooth-pairing-request-now-title","$v":"Заявка за сдвояване чрез Bluetooth"},{"$i":"pairing-request-timeout-title","$v":"Заявка за сдвояване чрез Bluetooth"},{"$i":"pairing-request-timeout-description","$v":"Заявката за свояване чрез Bluetooth е изтекла. Опитайте пак."},{"$i":"rescan","$v":"Повторно сканиране"},{"$i":"select-device","$v":"Изберете Устройство"},{"$i":"select","$v":"Избор"},{"$i":"paired-with-device","$v":["Сдвоено с ",{"t":"idOrVar","v":"deviceName"},"."]},{"$i":"paired-failed","$v":["Неуспешно сдвояване с ",{"t":"idOrVar","v":"deviceName"},"."]}]