[{"$i":"bluetooth-header","$v":[{"t":"idOrVar","v":"bluetooth"}]},{"$i":"bluetooth-enable-msg","$v":"এই ক্ষেত্র তে ডিভাইসগুলি দেখতে ব্লুটুথ অন করুন ।"},{"$i":"bluetooth-paired-devices","$v":"পেয়ার করা ডিভাইস"},{"$i":"bluetooth-devices-nearby","$v":"নিকটবর্তী ডিভাইস"},{"$i":"bt-nodevices-nearby","$v":"কাছাকাছি কোনো ডিভাইস খুঁজে পাওয়া যায়নি।"},{"$i":"bluetooth-visible-to-all","$v":"সকলের কাছে দৃশ্যমান"},{"$i":"bluetooth-name-maxlength-alert","$v":["আপনার ডিভাইসের নাম ",{"t":"idOrVar","v":"length"},"টি অক্ষর অতিক্রম করে গেছে। অনুগ্রহ করে পরে আবার চেষ্টা করুন।"]},{"$i":"bluetooth-address","$v":"ব্লুটুথ অ্যাড্রেস"},{"$i":"bluetooth-address-unavailable","$v":"উপলব্ধ নয়"},{"$i":"bt-status-nopaired","$v":"কোনো ডিভাইস জোড়বদ্ধ হয়নি"},{"$i":"bt-status-turnoff","$v":"অফ করা হয়েছে"},{"$i":"bt-status-paired","$v":{"few":[{"t":"idOrVar","v":"name"},", অধিক +",{"t":"idOrVar","v":"n"}," জন"],"many":[{"t":"idOrVar","v":"name"},", অধিক +",{"t":"idOrVar","v":"n"}," জন"],"one":[{"t":"idOrVar","v":"name"},", অধিক +",{"t":"idOrVar","v":"n"}," জন"],"other":[{"t":"idOrVar","v":"name"},", অধিক +",{"t":"idOrVar","v":"n"}," জন"],"two":[{"t":"idOrVar","v":"name"},", অধিক +",{"t":"idOrVar","v":"n"}," জন"],"zero":[{"t":"idOrVar","v":"name"}]},"$x":[{"t":"idOrVar","v":"plural"},"n"]},{"$i":"device-status-tap-connect","$v":"জোড়া করতে \"নির্বাচন\" টিপুন"},{"$i":"device-status-pairing","$v":"ডিভাইসের সাথে পেয়ার করা হচ্ছে ..."},{"$i":"device-status-waiting","$v":"অন্য ডিভাইসের জন্য অপেক্ষা করা হচ্ছে…"},{"$i":"device-status-paired","$v":"পেয়ার করা হয়েছে"},{"$i":"device-status-connecting","$v":"সংযুক্ত হচ্ছে..."},{"$i":"device-status-connected","$v":"সংযুক্ত হয়েছে"},{"$i":"device-status-connected-phone","$v":"ফোন অডিওতে সংযুক্ত হয়েছে"},{"$i":"device-status-connected-media","$v":"মিডিয়া অডিওতে সংযুক্ত হয়েছে"},{"$i":"device-status-connected-phone-media","$v":"ফোন/মিডিয়া অডিও-তে সংযুক্ত হয়েছে"},{"$i":"device-option-unpair","$v":"আনপেয়ার করুন"},{"$i":"device-option-confirm","$v":"নিশ্চিত করুন"},{"$i":"device-option-unpair-confirmation","$v":"নিশ্চিতকরণ"},{"$i":"device-option-unpair-device","$v":"ডিভাইস আনপেয়ার করুন ।"},{"$i":"device-option-connect","$v":"সংযুক্ত করুন"},{"$i":"device-option-disconnect","$v":"সংযোগ বিচ্ছিন্ন করুন"},{"$i":"search-for-device","$v":"ডিভাইসগুলি অনুসন্ধান করা হচ্ছে…"},{"$i":"search-device","$v":"ডিভাইসগুলির জন্য অনুসন্ধান করুন"},{"$i":"rename-device","$v":"আমার ডিভাইস পুনঃনামকরণ করুন"},{"$i":"unnamed-device","$v":"অজানা ডিভাইস"},{"$i":"change-phone-name","$v":"ফোনের নাম পরিবর্তন করুন"},{"$i":"change-phone-name-desc","$v":"আপনার ডিভাইসের নাম পরিবর্তন করে এইরকম করুন যেমন আপনার কম্পিউটারে দেখানো হচ্ছে"},{"$i":"bluetooth-new-name","$v":"নতুন নাম"},{"$i":"error-pair-title","$v":"ডিভাইস জোড়া  করতে অক্ষম"},{"$i":"error-pair-pincode","$v":"ডিভাইসটির সঙ্গে পেয়ার করা যাবে না। পিনটি সঠিক কিনা পরীক্ষা করুন।"},{"$i":"error-pair-toofast","$v":"ডিভাইসটির সঙ্গে পেয়ার করা যাবে না। অধিক অনুরোধ।"},{"$i":"error-pair-fail","$v":[{"t":"idOrVar","v":"devicename"}," আপনার ফোনের পেয়ার করে নি।"]},{"$i":"error-pair-checkpin","$v":"আপনি কি এই ডিভাইসটির সাথে পেয়ার করার চেষ্টা করতে চান?"},{"$i":"error-connect-title","$v":"ডিভাইসগুলির সাথে সংযোগ করতে অক্ষম"},{"$i":"error-connect-msg","$v":"আপনি যে ডিভাইসটির সাথে সংযোগ করার চেষ্টা করছেন সেটি পরিসীমার মধ্যে আছে কিনা এবং ব্লুটুথ অন করা আছে কিনা তা পরীক্ষা করুন।"},{"$i":"unpair-title","$v":"একটি সংযুক্ত ডিভাইসকে আনপেয়ার করবেন?"},{"$i":"unpair-msg","$v":"আপনি বর্তমানে এই ডিভাইসের সঙ্গে যুক্ত। আনপেয়ার করলে তা এটি থেকে সংযোগ বিচ্ছিন্ন করবে।"},{"$i":"bluetooth","$v":"ব্লুটুথ"},{"$i":"turn-bluetooth-on-title","$v":"ব্লুটুথ অন করুন"},{"$i":"bluetooth-status-description","$v":"ব্লুটুথ অক্ষম আছে"},{"$i":"turn-bluetooth-on","$v":"ব্লুটুথ অক্ষম আছে I ব্লুটুথ চালু করতে চান ?"},{"$i":"cancel","$v":"বাতিল করুন"},{"$i":"turn-on","$v":"অন করুন"},{"$i":"error-transfer-title","$v":"ব্লুটুথ ফাইল ট্রান্সফার ব্যর্থ হয়েছে"},{"$i":"error-transfer-settings","$v":"ব্লুটুথ ফাইল ট্রান্সফার ব্যর্থ হয়েছে। ব্লুটুথ সেটিংস সঠিক আছে কিনা পরীক্ষা করুন ।"},{"$i":"ok","$v":"ঠিক আছে"},{"$i":"pair","$v":"পেয়ার করুন"},{"$i":"active-pair","$v":"পেয়ার করার জন্য ডিভাইসগুলি নিশ্চিত করুন"},{"$i":"active-pair-confirmation","$v":[{"t":"idOrVar","v":"device"},"-এর সাথে পেয়ার করতে উভয় ডিভাইসে বর্তমানে নিম্নোক্ত পিনটি প্রদর্শিত হচ্ছে তা নিশ্চিত করুন ।"]},{"$i":"active-pair-pincode","$v":[{"t":"idOrVar","v":"device"},"-এর সাথে পেয়ার করতে ডিভাইসে পিনটি লিখুন ।"]},{"$i":"active-pair-passkey","$v":[{"t":"idOrVar","v":"device"},"-এর সঙ্গে পেয়ার করতে, ডিভাইসে পাসকী দিন ।"]},{"$i":"passive-pair","$v":"ব্লুটুথ পেয়ার করার অনুরোধ"},{"$i":"passive-pair-confirmation","$v":"এই ফোনের সাথে পেয়ার করতে চান। স্বীকার করতে, নিশ্চিত করুন যে উভয় ডিভাইসে বর্তমানে নিচের পিনটি ডিসপ্লে হচ্ছে।"},{"$i":"passive-pair-pincode","$v":["এই ফোনের সাথে জোড়া করতে চান I দয়া করে ",{"t":"idOrVar","v":"device"}," তে এই পিন কোডটি লিখুন যার সাথে আপনি জোড়া করতে চান I এগিয়ে  যেতে  জোড়াটি চাপুন ।"]},{"$i":"passive-pair-enterpincode","$v":["এই ফোনের সাথে জোড়া করতে চান I দয়া করে ",{"t":"idOrVar","v":"device"}," তে এই পিন কোডটি লিখুন যার সাথে আপনি জোড়া করতে চান I এগিয়ে  যেতে  জোড়াটি চাপুন ।"]},{"$i":"passive-pair-passkey","$v":["এই ফোনের সাথে জোড়া করতে চান I দয়া করে ",{"t":"idOrVar","v":"device"}," এ এই পিনটি লিখুন যার সাথে আপনি জোড়া করতে চান এবং এগিয়ে  যেতে  জোড়াটি চাপুন ।"]},{"$i":"passive-pair-displaypasskey","$v":["আপনি এই ফোনের সাথে পেয়ার করতে চান।অনুগ্রহ করে ",{"t":"idOrVar","v":"device"}," এ পিনটি লিখুন যেটার সঙ্গে আপনি পেয়ার করতে চান।"]},{"$i":"passive-pair-consent","$v":"এই ফোনের সঙ্গে জোড়া করতে চান I এগিয়ে যাওয়ার জন্য জোড়াতে চাপুন I"},{"$i":"pin-input-title","$v":"পিন কোড লিখুন"},{"$i":"pair-view-title","$v":"ব্লুটুথ অনুরোধ"},{"$i":"bluetooth-pairing-request-now-title","$v":"ব্লুটুথ পেয়ার করার অনুরোধ"},{"$i":"pairing-request-timeout-title","$v":"ব্লুটুথ পেয়ার করার অনুরোধ"},{"$i":"pairing-request-timeout-description","$v":"ব্লুটুথ পেয়ার করার অনুরোধের সময় পেরিয়ে গেছে। আবার পেয়ার করার চেষ্টা করুন ।"},{"$i":"rescan","$v":"আবার স্ক্যান করুন"},{"$i":"select-device","$v":"ডিভাইস নির্বাচন করুন"},{"$i":"select","$v":"নির্বাচন করুন"},{"$i":"paired-with-device","$v":[{"t":"idOrVar","v":"deviceName"},"-এর সাথে পেয়ার করা হয়েছে।"]},{"$i":"paired-failed","$v":[{"t":"idOrVar","v":"deviceName"}," এর সাথে পেয়ার করতে ব্যর্থ হয়েছেI"]}]