[{"$i":"bluetooth-header","$v":[{"t":"idOrVar","v":"bluetooth"}]},{"$i":"bluetooth-enable-msg","$v":"Uključite Bluetooth za pregledanje uređaja u okolini."},{"$i":"bluetooth-paired-devices","$v":"Upareni uređaji"},{"$i":"bluetooth-devices-nearby","$v":"Uređaji u blizini"},{"$i":"bt-nodevices-nearby","$v":"Nisu pronađeni uređaji u blizini."},{"$i":"bluetooth-visible-to-all","$v":"Vidljivo svima"},{"$i":"bluetooth-name-maxlength-alert","$v":["Ime vašeg uređaja prelazi ",{"t":"idOrVar","v":"length"}," znakova. Pokušajte ponovo."]},{"$i":"bluetooth-address","$v":"Bluetooth adresa"},{"$i":"bluetooth-address-unavailable","$v":"Nije dostupno"},{"$i":"bt-status-nopaired","$v":"Nema uparenih uređaja"},{"$i":"bt-status-turnoff","$v":"Isključeno"},{"$i":"bt-status-paired","$v":{"few":[{"t":"idOrVar","v":"name"},", +",{"t":"idOrVar","v":"n"}," više"],"many":[{"t":"idOrVar","v":"name"},", +",{"t":"idOrVar","v":"n"}," više"],"one":[{"t":"idOrVar","v":"name"},", +",{"t":"idOrVar","v":"n"}," više"],"other":[{"t":"idOrVar","v":"name"},", +",{"t":"idOrVar","v":"n"}," više"],"two":[{"t":"idOrVar","v":"name"},", +",{"t":"idOrVar","v":"n"}," više"],"zero":[{"t":"idOrVar","v":"name"}]},"$x":[{"t":"idOrVar","v":"plural"},"n"]},{"$i":"device-status-tap-connect","$v":"Pritisnite \"Izaberi\" za uparivanje"},{"$i":"device-status-pairing","$v":"Uparivanje sa uređajem…"},{"$i":"device-status-waiting","$v":"Čeka se drugi uređaj…"},{"$i":"device-status-paired","$v":"Upareno"},{"$i":"device-status-connecting","$v":"Povezivanje…"},{"$i":"device-status-connected","$v":"Povezano"},{"$i":"device-status-connected-phone","$v":"Povezan sa zvukom telefona"},{"$i":"device-status-connected-media","$v":"Povezan sa medijskim zvukom"},{"$i":"device-status-connected-phone-media","$v":"Povezan sa zvukom telefona/medijskim zvukom"},{"$i":"device-option-unpair","$v":"Unpair"},{"$i":"device-option-confirm","$v":"Potvrdi"},{"$i":"device-option-unpair-confirmation","$v":"Potvrda"},{"$i":"device-option-unpair-device","$v":"Raskinuti uređaj?"},{"$i":"device-option-connect","$v":"Poveži"},{"$i":"device-option-disconnect","$v":"Isključi"},{"$i":"search-for-device","$v":"Traže se uređaji..."},{"$i":"search-device","$v":"Traži uređaje"},{"$i":"rename-device","$v":"Promijeni ime mog uređaja"},{"$i":"unnamed-device","$v":"Nepoznat uređaj"},{"$i":"change-phone-name","$v":"Promijeni ime telefona"},{"$i":"change-phone-name-desc","$v":"Promijenite ime uređaja kada se pojavi na računaru"},{"$i":"bluetooth-new-name","$v":"Novo ime"},{"$i":"error-pair-title","$v":"Uparivanje uređaja nije uspjelo"},{"$i":"error-pair-pincode","$v":"Uparivanje sa uređajem nije uspjelo. Provjerite da li je PIN tačan."},{"$i":"error-pair-toofast","$v":"Uparivanje sa uređajem nije uspjelo. Previše zahtjeva."},{"$i":"error-pair-fail","$v":[{"t":"idOrVar","v":"devicename"}," se ne uparuje s vašim telefonom."]},{"$i":"error-pair-checkpin","$v":"Želite li ponovo pokušati upariti se s ovim uređajem?"},{"$i":"error-connect-title","$v":"Nije moguće povezati uređaje"},{"$i":"error-connect-msg","$v":"Provjerite da li je uređaj koji pokušavate da povežete još uvijek u dometu i da li mu je Bluetooth uključen."},{"$i":"unpair-title","$v":"Raspari povezane uređaje??"},{"$i":"unpair-msg","$v":"Trenutno ste povezani sa ovim uređajem. Prekidanjem veze se odvajate od njega."},{"$i":"bluetooth","$v":"Bluetooth"},{"$i":"turn-bluetooth-on-title","$v":"Uključi Bluetooth"},{"$i":"bluetooth-status-description","$v":"Bluetooth je onemogućen"},{"$i":"turn-bluetooth-on","$v":"Bluetooth isključen, da li ga želite uključiti?"},{"$i":"cancel","$v":"Otkaži"},{"$i":"turn-on","$v":"Uključi"},{"$i":"error-transfer-title","$v":"Bluetooth prenos podataka nije uspio"},{"$i":"error-transfer-settings","$v":"Bluetooth prenos podataka nije uspio. Provjerite da li su Bluetooth podešavanja ispravna."},{"$i":"ok","$v":"U redu"},{"$i":"pair","$v":"Upari"},{"$i":"active-pair","$v":"Potvrdite uređaje za uparivanje"},{"$i":"active-pair-confirmation","$v":["Za uparivanje s uređajem ",{"t":"idOrVar","v":"device"}," provjerite da li oba uređaja trenutno prikazuju sljedeći PIN kôd:"]},{"$i":"active-pair-pincode","$v":["Za uparivanje s uređajem ",{"t":"idOrVar","v":"device"}," unesite PIN na uređaju."]},{"$i":"active-pair-passkey","$v":["Za uparivanje s uređajem ",{"t":"idOrVar","v":"device"}," unesite tajni kôd na uređaju."]},{"$i":"passive-pair","$v":"Zahtjev za Bluetooth uparivanje"},{"$i":"passive-pair-confirmation","$v":"se želi upariti s ovim telefonom. Da biste prihvatili, provjerite je li na oba uređaja trenutno prikazan sljedeći PIN kôd."},{"$i":"passive-pair-pincode","$v":["bi želio pokrenuti sparivanje s ovim telefonom. Unesite PIN kôd na uređaj ",{"t":"idOrVar","v":"device"}," s kojim želite pokrenuti sparivanje. Pritisnite opciju Spari za nastavak."]},{"$i":"passive-pair-enterpincode","$v":["bi želio pokrenuti sparivanje s ovim telefonom. Unesite PIN kôd na uređaj ",{"t":"idOrVar","v":"device"}," s kojim želite pokrenuti sparivanje. Pritisnite opciju Spari za nastavak."]},{"$i":"passive-pair-passkey","$v":["bi želio pokrenuti sparivanje s ovim telefonom. Unesite ovaj PIN na uređaj ",{"t":"idOrVar","v":"device"}," s kojim želite pokrenuti sparivanje i pritisnite opciju Spari za nastavak."]},{"$i":"passive-pair-displaypasskey","$v":["se želi upariti s ovim telefonom. Unesite ovaj PIN na uređaju ",{"t":"idOrVar","v":"device"}," s kojim želite izvršiti uparivanje."]},{"$i":"passive-pair-consent","$v":"bi želio pokrenuti sparivanje s ovim telefonom. Za nastavak pritisnite opciju Spari."},{"$i":"pin-input-title","$v":"Unesite PIN kôd"},{"$i":"pair-view-title","$v":"Bluetooth zahtjev"},{"$i":"bluetooth-pairing-request-now-title","$v":"Zahtjev za Bluetooth uparivanje"},{"$i":"pairing-request-timeout-title","$v":"Zahtjev za Bluetooth uparivanje"},{"$i":"pairing-request-timeout-description","$v":"Zahtjev za Bluetooth uparivanje je isteklo. Pokušajte ponovo."},{"$i":"rescan","$v":"Ponovo skeniraj"},{"$i":"select-device","$v":"Odaberite Uređaj"},{"$i":"select","$v":"Izaberi"},{"$i":"paired-with-device","$v":["Upareno s uređajem ",{"t":"idOrVar","v":"deviceName"}]},{"$i":"paired-failed","$v":["Neuspješno uparivanje s uređajem ",{"t":"idOrVar","v":"deviceName"},"."]}]