[{"$i":"bluetooth-header","$v":[{"t":"idOrVar","v":"bluetooth"}]},{"$i":"bluetooth-enable-msg","$v":"Zapnutím funkce Bluetooth zobrazíte zařízení v okolí."},{"$i":"bluetooth-paired-devices","$v":"Spárovaná zařízení"},{"$i":"bluetooth-devices-nearby","$v":"Zařízení poblíž"},{"$i":"bt-nodevices-nearby","$v":"Nelze najít žádná zařízení poblíž."},{"$i":"bluetooth-visible-to-all","$v":"Zobrazen všem"},{"$i":"bluetooth-name-maxlength-alert","$v":["Název zařízení má více než ",{"t":"idOrVar","v":"length"}," znaků. Zkuste to znovu."]},{"$i":"bluetooth-address","$v":"Adresa Bluetooth"},{"$i":"bluetooth-address-unavailable","$v":"Nedostupné"},{"$i":"bt-status-nopaired","$v":"Žádné spárované zařízení"},{"$i":"bt-status-turnoff","$v":"Vypnuto"},{"$i":"bt-status-paired","$v":{"few":[{"t":"idOrVar","v":"name"},", +",{"t":"idOrVar","v":"n"}," další(ch)"],"many":[{"t":"idOrVar","v":"name"},", +",{"t":"idOrVar","v":"n"}," další(ch)"],"one":[{"t":"idOrVar","v":"name"},", +",{"t":"idOrVar","v":"n"}," další(ch)"],"other":[{"t":"idOrVar","v":"name"},", +",{"t":"idOrVar","v":"n"}," další(ch)"],"two":[{"t":"idOrVar","v":"name"},", +",{"t":"idOrVar","v":"n"}," další(ch)"],"zero":[{"t":"idOrVar","v":"name"}]},"$x":[{"t":"idOrVar","v":"plural"},"n"]},{"$i":"device-status-tap-connect","$v":"Spárujte se stisknutím \"Vybrat"},{"$i":"device-status-pairing","$v":"Párování se zařízením…"},{"$i":"device-status-waiting","$v":"Čekání na druhé zařízení…"},{"$i":"device-status-paired","$v":"Spárováno"},{"$i":"device-status-connecting","$v":"Připojování…"},{"$i":"device-status-connected","$v":"Připojeno"},{"$i":"device-status-connected-phone","$v":"Připojeno k audiu telefonu"},{"$i":"device-status-connected-media","$v":"Připojeno k audiu médií"},{"$i":"device-status-connected-phone-media","$v":"Připojeno k audiu telef./médií"},{"$i":"device-option-unpair","$v":"Zrušte spárování"},{"$i":"device-option-confirm","$v":"Potvrdit"},{"$i":"device-option-unpair-confirmation","$v":"Potvrzení"},{"$i":"device-option-unpair-device","$v":"Zrušit spárování zařízení?"},{"$i":"device-option-connect","$v":"Připojit"},{"$i":"device-option-disconnect","$v":"Odpojit"},{"$i":"search-for-device","$v":"Hledání zařízení…"},{"$i":"search-device","$v":"Vyhledat zařízení"},{"$i":"rename-device","$v":"Přejmenovat mé zařízení"},{"$i":"unnamed-device","$v":"Neznámé zařízení"},{"$i":"change-phone-name","$v":"Změnit název telefonu"},{"$i":"change-phone-name-desc","$v":"Změňte název zařízení, který se zobrazuje v počítači"},{"$i":"bluetooth-new-name","$v":"Nové jméno"},{"$i":"error-pair-title","$v":"Zařízení nelze spárovat"},{"$i":"error-pair-pincode","$v":"Spárování se zařízením není možné. Zkontrolujte správnost PIN kódu."},{"$i":"error-pair-toofast","$v":"Spárování se zařízením není možné. Příliš mnoho žádostí."},{"$i":"error-pair-fail","$v":["Zařízení ",{"t":"idOrVar","v":"devicename"}," není s telefonem spárováno."]},{"$i":"error-pair-checkpin","$v":"Chcete se pokusit znovu spárovat se zařízením?"},{"$i":"error-connect-title","$v":"Zařízení nelze připojit"},{"$i":"error-connect-msg","$v":"Zkontrolujte, zda je zařízení, k němuž se pokoušíte připojit, v dosahu a zda je Bluetooth zapnuto."},{"$i":"unpair-title","$v":"Zrušit spárování připojeného zařízení?"},{"$i":"unpair-msg","$v":"Momentálně jste připojeni k tomuto zařízení. Zrušením spárování dojde také k jeho odpojení."},{"$i":"bluetooth","$v":"Bluetooth"},{"$i":"turn-bluetooth-on-title","$v":"Zapnout Bluetooth"},{"$i":"bluetooth-status-description","$v":"Bluetooth je zakázáno"},{"$i":"turn-bluetooth-on","$v":"Bluetooth je vypnuto, chcete ho zapnout?"},{"$i":"cancel","$v":"Zrušit"},{"$i":"turn-on","$v":"Zapnout"},{"$i":"error-transfer-title","$v":"Přenos souboru přes Bluetooth selhal"},{"$i":"error-transfer-settings","$v":"Přenos souboru přes Bluetooth selhal. Ověřte správné nastavení Bluetooth."},{"$i":"ok","$v":"OK"},{"$i":"pair","$v":"Spárovat"},{"$i":"active-pair","$v":"Potvrďte spárování zařízení"},{"$i":"active-pair-confirmation","$v":["Ke spárování se zařízením ",{"t":"idOrVar","v":"device"}," je třeba, aby byl na obou zařízeních zobrazen následující PIN:"]},{"$i":"active-pair-pincode","$v":["Ke spárování se zařízením ",{"t":"idOrVar","v":"device"}," je třeba na zařízení zadat PIN."]},{"$i":"active-pair-passkey","$v":["Pro spárování se zařízením ",{"t":"idOrVar","v":"device"}," je třeba na zařízení zadat klíč."]},{"$i":"passive-pair","$v":"Žádost o spárování Bluetooth"},{"$i":"passive-pair-confirmation","$v":"žádá o spárování s tímto telefonem. Chcete-li žádost potvrdit, ověřte, že na obou zařízeních je zobrazen tento PIN:"},{"$i":"passive-pair-pincode","$v":["žádá o spárování s tímto telefonem. Zadejte PIN kód na zařízení ",{"t":"idOrVar","v":"device"},", se kterým se chcete spárovat, a pokračujte stisknutím Spárovat."]},{"$i":"passive-pair-enterpincode","$v":["žádá o spárování s tímto telefonem. Zadejte PIN kód na zařízení ",{"t":"idOrVar","v":"device"},", se kterým se chcete spárovat, a pokračujte stisknutím Spárovat."]},{"$i":"passive-pair-passkey","$v":["žádá o spárování s tímto telefonem. Zadejte tento PIN kód na zařízení ",{"t":"idOrVar","v":"device"},", se kterým se chcete spárovat, a pokračujte stisknutím Spárovat."]},{"$i":"passive-pair-displaypasskey","$v":["žádá o spárování s tímto telefonem. Zadejte tento PIN na zařízení ",{"t":"idOrVar","v":"device"},", se kterým se chcete spárovat."]},{"$i":"passive-pair-consent","$v":"žádá o spárování s tímto telefonem. Pokračujte stisknutím Spárovat."},{"$i":"pin-input-title","$v":"Zadejte PIN kód"},{"$i":"pair-view-title","$v":"Žádost Bluetooth"},{"$i":"bluetooth-pairing-request-now-title","$v":"Žádost o spárování Bluetooth"},{"$i":"pairing-request-timeout-title","$v":"Žádost o spárování Bluetooth"},{"$i":"pairing-request-timeout-description","$v":"Žádost o spárování Bluetooth vypršela. Spárování zopakujte."},{"$i":"rescan","$v":"Prohledat znovu"},{"$i":"select-device","$v":"Vyberte Zařízení"},{"$i":"select","$v":"Vybrat"},{"$i":"paired-with-device","$v":["Spárováno se zařízením ",{"t":"idOrVar","v":"deviceName"}]},{"$i":"paired-failed","$v":["Nepodařilo se spárovat se zařízením ",{"t":"idOrVar","v":"deviceName"},"."]}]