[{"$i":"bluetooth-header","$v":[{"t":"idOrVar","v":"bluetooth"}]},{"$i":"bluetooth-enable-msg","$v":"Slå Bluetooth til for at se enheder i området."},{"$i":"bluetooth-paired-devices","$v":"Forbundne enheder"},{"$i":"bluetooth-devices-nearby","$v":"Enheder i nærheden"},{"$i":"bt-nodevices-nearby","$v":"Der blev ikke fundet nogen enheder i nærheden."},{"$i":"bluetooth-visible-to-all","$v":"Synlig for alle"},{"$i":"bluetooth-name-maxlength-alert","$v":["Navnet på din enhed overstiger ",{"t":"idOrVar","v":"length"}," tegn. Prøv igen."]},{"$i":"bluetooth-address","$v":"Bluetooth-adresse"},{"$i":"bluetooth-address-unavailable","$v":"Ikke tilgængelig"},{"$i":"bt-status-nopaired","$v":"Ingen enheder parret"},{"$i":"bt-status-turnoff","$v":"Slået fra"},{"$i":"bt-status-paired","$v":{"few":[{"t":"idOrVar","v":"name"},", +",{"t":"idOrVar","v":"n"}," flere"],"many":[{"t":"idOrVar","v":"name"},", +",{"t":"idOrVar","v":"n"}," flere"],"one":[{"t":"idOrVar","v":"name"},", +",{"t":"idOrVar","v":"n"}," flere"],"other":[{"t":"idOrVar","v":"name"},", +",{"t":"idOrVar","v":"n"}," flere"],"two":[{"t":"idOrVar","v":"name"},", +",{"t":"idOrVar","v":"n"}," flere"],"zero":[{"t":"idOrVar","v":"name"}]},"$x":[{"t":"idOrVar","v":"plural"},"n"]},{"$i":"device-status-tap-connect","$v":"Tryk på \"Vælg\" for at oprette binding"},{"$i":"device-status-pairing","$v":"Opretter binding til enhed…"},{"$i":"device-status-waiting","$v":"Venter på anden enhed…"},{"$i":"device-status-paired","$v":"Binding oprettet"},{"$i":"device-status-connecting","$v":"Opretter forbindelse…"},{"$i":"device-status-connected","$v":"Tilsluttet"},{"$i":"device-status-connected-phone","$v":"Tilsluttet til telefonlyd"},{"$i":"device-status-connected-media","$v":"Tilsluttet til medielyd"},{"$i":"device-status-connected-phone-media","$v":"Tilsluttet til telefon-/medielyd"},{"$i":"device-option-unpair","$v":"Ophæv parring"},{"$i":"device-option-confirm","$v":"Bekræft"},{"$i":"device-option-unpair-confirmation","$v":"Bekræftelse"},{"$i":"device-option-unpair-device","$v":"Unpair enhed?"},{"$i":"device-option-connect","$v":"Forbind"},{"$i":"device-option-disconnect","$v":"Afbryd"},{"$i":"search-for-device","$v":"Søger efter enheder..."},{"$i":"search-device","$v":"Søg efter enheder"},{"$i":"rename-device","$v":"Omdøb min enhed"},{"$i":"unnamed-device","$v":"Ukendt enhed"},{"$i":"change-phone-name","$v":"Skift telefonnavn"},{"$i":"change-phone-name-desc","$v":"Skift navnet på din enhed, som det vises på din computer"},{"$i":"bluetooth-new-name","$v":"Nyt navn"},{"$i":"error-pair-title","$v":"Der kunne ikke oprettes binding mellem enheder"},{"$i":"error-pair-pincode","$v":"Der kunne ikke oprettes binding til enheden. Kontrollér, at PIN-koden er korrekt."},{"$i":"error-pair-toofast","$v":"Der kunne ikke oprettes binding til enheden. For mange anmodninger."},{"$i":"error-pair-fail","$v":[{"t":"idOrVar","v":"devicename"}," opretter ikke binding til din telefon."]},{"$i":"error-pair-checkpin","$v":"Vil du prøve at oprette binding med denne enhed igen?"},{"$i":"error-connect-title","$v":"Der kunne ikke oprettes forbindelse mellem enhederne"},{"$i":"error-connect-msg","$v":"Kontrollér, at den enhed, du prøver at oprette forbindelse til, stadig er inden for rækkevidde, og at Bluetooth er slået til."},{"$i":"unpair-title","$v":"Ophæv binding til en enhed?"},{"$i":"unpair-msg","$v":"Du har for øjeblikket forbindelse til denne enhed. Hvis du ophæver bindingen, afbrydes også forbindelsen til den."},{"$i":"bluetooth","$v":"Bluetooth"},{"$i":"turn-bluetooth-on-title","$v":"Slå Bluetooth til"},{"$i":"bluetooth-status-description","$v":"Bluetooth er deaktiveret"},{"$i":"turn-bluetooth-on","$v":"Bluetooth er deaktiveret, vil du slå Bluetooth til?"},{"$i":"cancel","$v":"Annuller"},{"$i":"turn-on","$v":"Slå til"},{"$i":"error-transfer-title","$v":"Bluetooth-filoverførsel blev ikke gennemført"},{"$i":"error-transfer-settings","$v":"Bluetooth-filoverførsel blev ikke gennemført. Kontrollér, at Bluetooth-indstillingerne er korrekte."},{"$i":"ok","$v":"OK"},{"$i":"pair","$v":"Opret binding"},{"$i":"active-pair","$v":"Bekræft enhed, der skal oprettes binding til"},{"$i":"active-pair-confirmation","$v":["Hvis du vil oprette binding med ",{"t":"idOrVar","v":"device"},", skal du sørge for, at begge enheder aktuelt viser følgende PIN:"]},{"$i":"active-pair-pincode","$v":["Hvis du vil oprette binding med ",{"t":"idOrVar","v":"device"},", skal du angive PIN-koden på enheden."]},{"$i":"active-pair-passkey","$v":["Hvis du vil oprette binding med ",{"t":"idOrVar","v":"device"},", skal du angive adgangskoden på enheden."]},{"$i":"passive-pair","$v":"Anmodning om oprettelse af Bluetooth-binding"},{"$i":"passive-pair-confirmation","$v":"ønsker at oprette binding til denne telefon. Hvis du vil acceptere, skal du sørge for, at begge enheder aktuelt viser følgende pinkode."},{"$i":"passive-pair-pincode","$v":["ønsker at oprette binding til denne telefon. Indtast PIN-kode på den ",{"t":"idOrVar","v":"device"},", du vil oprette binding til. Tryk på Opret binding for at fortsætte."]},{"$i":"passive-pair-enterpincode","$v":["ønsker at oprette binding til denne telefon. Indtast PIN-kode på den ",{"t":"idOrVar","v":"device"},", du vil oprette binding til. Tryk på Opret binding for at fortsætte."]},{"$i":"passive-pair-passkey","$v":["ønsker at oprette binding til denne telefon. Indtast denne PIN-kode på den ",{"t":"idOrVar","v":"device"},", du vil oprette binding til, og tryk på Opret binding for at fortsætte."]},{"$i":"passive-pair-displaypasskey","$v":["ønsker at oprette binding til denne telefon. Indtast denne pinkode på den ",{"t":"idOrVar","v":"device"},", du vil oprette binding til."]},{"$i":"passive-pair-consent","$v":"ønsker at oprette binding til denne telefon. Tryk på Opret binding for at fortsætte."},{"$i":"pin-input-title","$v":"Indtast PIN-kode"},{"$i":"pair-view-title","$v":"Bluetooth-anmodning"},{"$i":"bluetooth-pairing-request-now-title","$v":"Anmodning om oprettelse af Bluetooth-binding"},{"$i":"pairing-request-timeout-title","$v":"Anmodning om oprettelse af Bluetooth-binding"},{"$i":"pairing-request-timeout-description","$v":"Anmodning om oprettelse af Bluetooth-binding udløb. Prøv at oprette binding igen."},{"$i":"rescan","$v":"Scan igen"},{"$i":"select-device","$v":"Vælg Enhed"},{"$i":"select","$v":"Vælg"},{"$i":"paired-with-device","$v":["Forbundet med ",{"t":"idOrVar","v":"deviceName"},"."]},{"$i":"paired-failed","$v":["Der blev ikke oprettet binding med ",{"t":"idOrVar","v":"deviceName"},"."]}]