[{"$i":"bluetooth-header","$v":[{"t":"idOrVar","v":"bluetooth"}]},{"$i":"bluetooth-enable-msg","$v":"Active Bluetooth para ver los dispositivos de la zona."},{"$i":"bluetooth-paired-devices","$v":"Dispositivos vinculados"},{"$i":"bluetooth-devices-nearby","$v":"Dispositivos cercanos"},{"$i":"bt-nodevices-nearby","$v":"No se ha encontrado ningún dispositivo cerca."},{"$i":"bluetooth-visible-to-all","$v":"Visible para todos"},{"$i":"bluetooth-name-maxlength-alert","$v":["El nombre del dispositivo excede el límite de ",{"t":"idOrVar","v":"length"}," caracteres. Inténtelo de nuevo."]},{"$i":"bluetooth-address","$v":"Dirección de Bluetooth"},{"$i":"bluetooth-address-unavailable","$v":"No disponible"},{"$i":"bt-status-nopaired","$v":"No hay ningún dispositivo vinculado"},{"$i":"bt-status-turnoff","$v":"Desactivada"},{"$i":"bt-status-paired","$v":{"few":[{"t":"idOrVar","v":"name"},", +",{"t":"idOrVar","v":"n"}," más"],"many":[{"t":"idOrVar","v":"name"},", +",{"t":"idOrVar","v":"n"}," más"],"one":[{"t":"idOrVar","v":"name"},", +",{"t":"idOrVar","v":"n"}," más"],"other":[{"t":"idOrVar","v":"name"},", +",{"t":"idOrVar","v":"n"}," más"],"two":[{"t":"idOrVar","v":"name"},", +",{"t":"idOrVar","v":"n"}," más"],"zero":[{"t":"idOrVar","v":"name"}]},"$x":[{"t":"idOrVar","v":"plural"},"n"]},{"$i":"device-status-tap-connect","$v":"Pulse \"Seleccionar\" para vincular"},{"$i":"device-status-pairing","$v":"Vinculando con el dispositivo..."},{"$i":"device-status-waiting","$v":"Esperando otro dispositivo..."},{"$i":"device-status-paired","$v":"Vinculado"},{"$i":"device-status-connecting","$v":"Conectando..."},{"$i":"device-status-connected","$v":"Conectado"},{"$i":"device-status-connected-phone","$v":"Conectado al audio del teléfono"},{"$i":"device-status-connected-media","$v":"Conectado al audio del medio"},{"$i":"device-status-connected-phone-media","$v":"Conectado al audio del teléfono/medio"},{"$i":"device-option-unpair","$v":"Cancelar sincronización"},{"$i":"device-option-confirm","$v":"Confirmar"},{"$i":"device-option-unpair-confirmation","$v":"Confirmación"},{"$i":"device-option-unpair-device","$v":"¿Desea desvincular el dispositivo?"},{"$i":"device-option-connect","$v":"Conectar"},{"$i":"device-option-disconnect","$v":"Desconectar"},{"$i":"search-for-device","$v":"Buscando dispositivos..."},{"$i":"search-device","$v":"Buscar dispositivos"},{"$i":"rename-device","$v":"Cambiar el nombre de mi equipo"},{"$i":"unnamed-device","$v":"Dispositivo desconocido"},{"$i":"change-phone-name","$v":"Cambiar nombre del teléfono"},{"$i":"change-phone-name-desc","$v":"Cambie el nombre de su dispositivo según aparece en el ordenador"},{"$i":"bluetooth-new-name","$v":"Nuevo nombre"},{"$i":"error-pair-title","$v":"No se ha podido vincular el dispositivo."},{"$i":"error-pair-pincode","$v":"No se puede vincular con el dispositivo. Compruebe que el PIN sea correcto."},{"$i":"error-pair-toofast","$v":"No se puede vincular con el dispositivo. Hay demasiadas solicitudes."},{"$i":"error-pair-fail","$v":[{"t":"idOrVar","v":"devicename"}," no está vinculado con su teléfono."]},{"$i":"error-pair-checkpin","$v":"¿Desea intentar vincular este dispositivo de nuevo?"},{"$i":"error-connect-title","$v":"No se pueden conectar los dispositivos"},{"$i":"error-connect-msg","$v":"Compruebe que el dispositivo con el que se desea conectar se encuentre todavía dentro del rango y tenga Bluetooth activado."},{"$i":"unpair-title","$v":"¿Desea desvincular el dispositivo conectado?"},{"$i":"unpair-msg","$v":"Está conectado a este dispositivo. Si desvincula, también se desconectará de dicho dispositivo."},{"$i":"bluetooth","$v":"Bluetooth"},{"$i":"turn-bluetooth-on-title","$v":"Activar Bluetooth"},{"$i":"bluetooth-status-description","$v":"Bluetooth está desactivado"},{"$i":"turn-bluetooth-on","$v":"El Bluetooth está desactivado. ¿Desea activarlo?"},{"$i":"cancel","$v":"Cancelar"},{"$i":"turn-on","$v":"Activar"},{"$i":"error-transfer-title","$v":"Error de transferencia del archivo Bluetooth"},{"$i":"error-transfer-settings","$v":"No se ha podido transferir el archivo por Bluetooth. Compruebe que la configuración de Bluetooth sea correcta."},{"$i":"ok","$v":"Aceptar"},{"$i":"pair","$v":"Vincular"},{"$i":"active-pair","$v":"Confirmar dispositivos para vincular"},{"$i":"active-pair-confirmation","$v":["Para vincular con ",{"t":"idOrVar","v":"device"},", asegúrese de que ambos dispositivos muestren el siguiente PIN:"]},{"$i":"active-pair-pincode","$v":["Para vincularse con ",{"t":"idOrVar","v":"device"},", escriba el PIN en el dispositivo."]},{"$i":"active-pair-passkey","$v":["Para vincularse con ",{"t":"idOrVar","v":"device"},", escriba la clave en el dispositivo."]},{"$i":"passive-pair","$v":"Solicitud de vinculación de Bluetooth"},{"$i":"passive-pair-confirmation","$v":"quiere vincularse con este teléfono. Para aceptar, asegúrese de que ambos dispositivos muestran el siguiente PIN."},{"$i":"passive-pair-pincode","$v":["quiere vincularse con este teléfono. Introduzca el código PIN en el dispositivo ",{"t":"idOrVar","v":"device"}," que quiera vincular. Pulse Vincular para continuar."]},{"$i":"passive-pair-enterpincode","$v":["quiere vincularse con este teléfono. Introduzca el código PIN en el dispositivo ",{"t":"idOrVar","v":"device"}," que quiera vincular. Pulse Vincular para continuar."]},{"$i":"passive-pair-passkey","$v":["quiere vincularse con este teléfono. Introduzca este PIN en el dispositivo ",{"t":"idOrVar","v":"device"}," que quiera vincular y pulse Vincular para continuar."]},{"$i":"passive-pair-displaypasskey","$v":["gustaría vincularse a este teléfono. Introduzca este PIN en ",{"t":"idOrVar","v":"device"},", con el que desea vincularse."]},{"$i":"passive-pair-consent","$v":"quiere vincularse con este teléfono. Pulse Vincular para continuar."},{"$i":"pin-input-title","$v":"Introducir código PIN"},{"$i":"pair-view-title","$v":"Solicitud de Bluetooth"},{"$i":"bluetooth-pairing-request-now-title","$v":"Solicitud de vinculación de Bluetooth"},{"$i":"pairing-request-timeout-title","$v":"Solicitud de vinculación de Bluetooth"},{"$i":"pairing-request-timeout-description","$v":"La solicitud de vinculación de Bluetooth ha caducado. Intente vincular de nuevo."},{"$i":"rescan","$v":"Buscar"},{"$i":"select-device","$v":"Seleccionar dispositivo"},{"$i":"select","$v":"Selec."},{"$i":"paired-with-device","$v":["Conectado a ",{"t":"idOrVar","v":"deviceName"},"."]},{"$i":"paired-failed","$v":["Error al conectarse a ",{"t":"idOrVar","v":"deviceName"},"."]}]