[{"$i":"bluetooth-header","$v":[{"t":"idOrVar","v":"bluetooth"}]},{"$i":"bluetooth-enable-msg","$v":"Piirkonna seadmete vaatamiseks lülitage Bluetooth sisse."},{"$i":"bluetooth-paired-devices","$v":"Seotud seadmed"},{"$i":"bluetooth-devices-nearby","$v":"Läheduses olevad seadmed"},{"$i":"bt-nodevices-nearby","$v":"Lähedusest ei leitud seadmeid."},{"$i":"bluetooth-visible-to-all","$v":"Nähtav kõigile"},{"$i":"bluetooth-name-maxlength-alert","$v":["Teie seadme nimi ületab ",{"t":"idOrVar","v":"length"}," tähemärgi pikkust limiiti. Proovige uuesti."]},{"$i":"bluetooth-address","$v":"Bluetoothi aadress"},{"$i":"bluetooth-address-unavailable","$v":"Pole saadaval"},{"$i":"bt-status-nopaired","$v":"Ükski seade pole seotud"},{"$i":"bt-status-turnoff","$v":"Välja lülitatud"},{"$i":"bt-status-paired","$v":{"few":[{"t":"idOrVar","v":"name"},", +",{"t":"idOrVar","v":"n"}," veel"],"many":[{"t":"idOrVar","v":"name"},", +",{"t":"idOrVar","v":"n"}," veel"],"one":[{"t":"idOrVar","v":"name"},", +",{"t":"idOrVar","v":"n"}," veel"],"other":[{"t":"idOrVar","v":"name"},", +",{"t":"idOrVar","v":"n"}," veel"],"two":[{"t":"idOrVar","v":"name"},", +",{"t":"idOrVar","v":"n"}," veel"],"zero":[{"t":"idOrVar","v":"name"}]},"$x":[{"t":"idOrVar","v":"plural"},"n"]},{"$i":"device-status-tap-connect","$v":"Sidumiseks vajutage \"VALI"},{"$i":"device-status-pairing","$v":"Sidumine seadmega ..."},{"$i":"device-status-waiting","$v":"Teise seadme ootamine ..."},{"$i":"device-status-paired","$v":"Seotud"},{"$i":"device-status-connecting","$v":"Ühendamine …"},{"$i":"device-status-connected","$v":"Ühendatud"},{"$i":"device-status-connected-phone","$v":"Ühendatud telefoni heliga"},{"$i":"device-status-connected-media","$v":"Ühendatud meediumiheliga"},{"$i":"device-status-connected-phone-media","$v":"Ühendatud telefoni/meediumi heliga"},{"$i":"device-option-unpair","$v":"Katkesta"},{"$i":"device-option-confirm","$v":"Kinnita"},{"$i":"device-option-unpair-confirmation","$v":"Kinnitus"},{"$i":"device-option-unpair-device","$v":"Seadme katkestamine?"},{"$i":"device-option-connect","$v":"Ühenda"},{"$i":"device-option-disconnect","$v":"Katkesta ühendus"},{"$i":"search-for-device","$v":"Seadmete otsimine ..."},{"$i":"search-device","$v":"Seadme otsing"},{"$i":"rename-device","$v":"Nimeta minu seade ümber"},{"$i":"unnamed-device","$v":"Tundmatu seade"},{"$i":"change-phone-name","$v":"Telefoni nime muutmine"},{"$i":"change-phone-name-desc","$v":"Muutke seadme arvutis kuvatavat nime"},{"$i":"bluetooth-new-name","$v":"Uus nimi"},{"$i":"error-pair-title","$v":"Seadme sidumine pole võimalik"},{"$i":"error-pair-pincode","$v":"Seadmega ei ole võimalik siduda. Veenduge, et PIN oleks õige."},{"$i":"error-pair-toofast","$v":"Seadmega ei ole võimalik siduda. Liiga palju päringuid."},{"$i":"error-pair-fail","$v":[{"t":"idOrVar","v":"devicename"}," ei ühendu teie telefoniga."]},{"$i":"error-pair-checkpin","$v":"Kas soovite selle seadmega sidumist uuesti proovida?"},{"$i":"error-connect-title","$v":"Seadmete ühendamine ebaõnnestus"},{"$i":"error-connect-msg","$v":"Kontrollige, kas seade, millega püüate ühendust luua, on endiselt piisavalt lähedal ja kas Bluetooth on sisse lülitatud."},{"$i":"unpair-title","$v":"Ühen. seade lahti siduda?"},{"$i":"unpair-msg","$v":"Olete praegu selle seadmega ühendatud. Lahti sidudes toimub ka lahtiühendamine."},{"$i":"bluetooth","$v":"Bluetooth"},{"$i":"turn-bluetooth-on-title","$v":"Lülita Bluetooth sisse"},{"$i":"bluetooth-status-description","$v":"Bluetooth on keelatud"},{"$i":"turn-bluetooth-on","$v":"Bluetooth keelatud, kas soovite sisse lülitada?"},{"$i":"cancel","$v":"Tühista"},{"$i":"turn-on","$v":"Lülita sisse"},{"$i":"error-transfer-title","$v":"Bluetooth-failiedastus nurjus"},{"$i":"error-transfer-settings","$v":"Bluetooth-failiedastus nurjus. Kontrollige, et Bluetoothi seaded oleksid õiged."},{"$i":"ok","$v":"OK"},{"$i":"pair","$v":"Seo"},{"$i":"active-pair","$v":"Kinnit. seotavad sead."},{"$i":"active-pair-confirmation","$v":["Seadmega ",{"t":"idOrVar","v":"device"}," sidumiseks veenduge, et mõlemal seadmel kuvatakse järgmine PIN:"]},{"$i":"active-pair-pincode","$v":["Seadmega ",{"t":"idOrVar","v":"device"}," sidumiseks sisestage seadmes PIN."]},{"$i":"active-pair-passkey","$v":["Seadmega ",{"t":"idOrVar","v":"device"}," sidumiseks sisestage seadmel kuvatav parool."]},{"$i":"passive-pair","$v":"Bluetoothi sidumistaotlus"},{"$i":"passive-pair-confirmation","$v":"soovib selle telefoniga siduda. Nõustumiseks veenduge, et mõlemal seadmel kuvataks järgmine PIN-kood."},{"$i":"passive-pair-pincode","$v":["sooviks selle telefoniga siduda. Sisestage PIN-kood seadmesse ",{"t":"idOrVar","v":"device"},", millega siduda soovite. Jätkamiseks vajutage valikut Seo."]},{"$i":"passive-pair-enterpincode","$v":["sooviks selle telefoniga siduda. Sisestage PIN-kood seadmesse ",{"t":"idOrVar","v":"device"},", millega siduda soovite. Jätkamiseks vajutage valikut Seo."]},{"$i":"passive-pair-passkey","$v":["sooviks selle telefoniga siduda. Sisestage see PIN seadmesse ",{"t":"idOrVar","v":"device"},", mida soovite siduda, ja vajutage jätkamiseks valikut Seo."]},{"$i":"passive-pair-displaypasskey","$v":["soovib selle telefoniga siduda. Sisestage see PIN seadmesse ",{"t":"idOrVar","v":"device"},", mida soovite siduda."]},{"$i":"passive-pair-consent","$v":"sooviks selle telefoniga siduda. Jätkamiseks vajutage valikut Seo."},{"$i":"pin-input-title","$v":"Sisesta PIN-kood"},{"$i":"pair-view-title","$v":"Bluetoothi taotlus"},{"$i":"bluetooth-pairing-request-now-title","$v":"Bluetoothi sidumistaotlus"},{"$i":"pairing-request-timeout-title","$v":"Bluetoothi sidumistaotlus"},{"$i":"pairing-request-timeout-description","$v":"Bluetoothi sidumistaotlus aegus. Proovige uuesti siduda."},{"$i":"rescan","$v":"Skanni taas"},{"$i":"select-device","$v":"Valige seade"},{"$i":"select","$v":"Vali"},{"$i":"paired-with-device","$v":["Seotud seadmega ",{"t":"idOrVar","v":"deviceName"},"."]},{"$i":"paired-failed","$v":["Sidumine seadmega ",{"t":"idOrVar","v":"deviceName"}," nurjus."]}]