[{"$i":"bluetooth-header","$v":[{"t":"idOrVar","v":"bluetooth"}]},{"$i":"bluetooth-enable-msg","$v":"Ota Bluetooth käyttöön, jos haluat nähdä alueella olevia laitteita."},{"$i":"bluetooth-paired-devices","$v":"Pariliitetyt laitteet"},{"$i":"bluetooth-devices-nearby","$v":"Läheiset laitteet"},{"$i":"bt-nodevices-nearby","$v":"Mitään laitteita ei löytynyt lähistöltä."},{"$i":"bluetooth-visible-to-all","$v":"Näkyy kaikille"},{"$i":"bluetooth-name-maxlength-alert","$v":["Laitteesi nimi ylittää ",{"t":"idOrVar","v":"length"}," merkkiä. Yritä uudelleen."]},{"$i":"bluetooth-address","$v":"Bluetooth-osoite"},{"$i":"bluetooth-address-unavailable","$v":"Ei saatavilla"},{"$i":"bt-status-nopaired","$v":"Laitteita ei ole yhdistetty"},{"$i":"bt-status-turnoff","$v":"Poissa käytöstä"},{"$i":"bt-status-paired","$v":{"few":[{"t":"idOrVar","v":"name"},", +",{"t":"idOrVar","v":"n"}," lisää"],"many":[{"t":"idOrVar","v":"name"},", +",{"t":"idOrVar","v":"n"}," lisää"],"one":[{"t":"idOrVar","v":"name"},", +",{"t":"idOrVar","v":"n"}," lisää"],"other":[{"t":"idOrVar","v":"name"},", +",{"t":"idOrVar","v":"n"}," lisää"],"two":[{"t":"idOrVar","v":"name"},", +",{"t":"idOrVar","v":"n"}," lisää"],"zero":[{"t":"idOrVar","v":"name"}]},"$x":[{"t":"idOrVar","v":"plural"},"n"]},{"$i":"device-status-tap-connect","$v":"Paina \"Valitse\" muodostaaksesi pariliitoksen"},{"$i":"device-status-pairing","$v":"Luodaan pariliitosta laitteeseen…"},{"$i":"device-status-waiting","$v":"Odotetaan toista laitetta…"},{"$i":"device-status-paired","$v":"Pariliitos muodostettu"},{"$i":"device-status-connecting","$v":"Yhdistetään…"},{"$i":"device-status-connected","$v":"Yhdistetty"},{"$i":"device-status-connected-phone","$v":"Yhdistetty puhelimen ääneen"},{"$i":"device-status-connected-media","$v":"Yhdistetty median ääneen"},{"$i":"device-status-connected-phone-media","$v":"Yhdistetty puhelimen/median ääneen"},{"$i":"device-option-unpair","$v":"laitepari"},{"$i":"device-option-confirm","$v":"Vahvista"},{"$i":"device-option-unpair-confirmation","$v":"Vahvistus"},{"$i":"device-option-unpair-device","$v":"Poista laite käytöstä?"},{"$i":"device-option-connect","$v":"Yhdistä"},{"$i":"device-option-disconnect","$v":"Katkaise yhteys"},{"$i":"search-for-device","$v":"Haetaan laitteita…"},{"$i":"search-device","$v":"Hae laitteita"},{"$i":"rename-device","$v":"Nimeä laitteeni uudelleen"},{"$i":"unnamed-device","$v":"Tuntematon laite"},{"$i":"change-phone-name","$v":"Vaihda puhelimen nimeä"},{"$i":"change-phone-name-desc","$v":"Vaihda laitteesi nimeä, joka näkyy tietokoneessasi"},{"$i":"bluetooth-new-name","$v":"Uusi nimi"},{"$i":"error-pair-title","$v":"Laitteen pariliitoksen luonti ei onnistu"},{"$i":"error-pair-pincode","$v":"Pariliitoksen luonti laitteeseen ei onnistu. Tarkista, että PIN on oikein."},{"$i":"error-pair-toofast","$v":"Pariliitoksen luonti laitteeseen ei onnistu. Liian monta pyyntöä."},{"$i":"error-pair-fail","$v":[{"t":"idOrVar","v":"devicename"}," ei luo laiteparia puhelimeesi."]},{"$i":"error-pair-checkpin","$v":"Haluatko yrittää luoda parilitosta tähän laitteeseen uudelleen?"},{"$i":"error-connect-title","$v":"Laitteiden yhdistäminen ei onnistu"},{"$i":"error-connect-msg","$v":"Tarkista, että laite, johon yrität ottaa yhteyttä, on yhä toimintasäteen sisäpuolella ja että siinä on Bluetooth päällä."},{"$i":"unpair-title","$v":"Poistetaanko pariliitos yhdistetystä laitteesta?"},{"$i":"unpair-msg","$v":"Olet tällä hetkellä yhteydessä tähän laitteeseen. Pariliitoksen katkaisu katkaisee myös yhteyden laitteeseen."},{"$i":"bluetooth","$v":"Bluetooth"},{"$i":"turn-bluetooth-on-title","$v":"Ota Bluetooth käyttöön"},{"$i":"bluetooth-status-description","$v":"Bluetooth on poistettu käytöstä"},{"$i":"turn-bluetooth-on","$v":"Bluetooth on poissa käytöstä. Haluatko ottaa sen käyttöön?"},{"$i":"cancel","$v":"Peruuta"},{"$i":"turn-on","$v":"Ota käyttöön"},{"$i":"error-transfer-title","$v":"Bluetooth-tiedostosiirto epäonnistui"},{"$i":"error-transfer-settings","$v":"Bluetooth-tiedostosiirto epäonnistui. Tarkista, että Bluetooth-asetukset ovat oikein."},{"$i":"ok","$v":"OK"},{"$i":"pair","$v":"Pariksi"},{"$i":"active-pair","$v":"Vahvista pariksi liitettävät laitteet"},{"$i":"active-pair-confirmation","$v":["Jotta voit luoda pariliitoksen laitteeseen ",{"t":"idOrVar","v":"device"},", varmista, että molemmissa laitteissa näkyy seuraava PIN:"]},{"$i":"active-pair-pincode","$v":["Anna laitteen PIN pariliitoksen luomiseksi laitteeseen ",{"t":"idOrVar","v":"device"},"."]},{"$i":"active-pair-passkey","$v":["Syötä laitteen koodi, jotta ",{"t":"idOrVar","v":"device"}," liitetään laitepariksi."]},{"$i":"passive-pair","$v":"Bluetooth-pariliitospyyntö"},{"$i":"passive-pair-confirmation","$v":"yrittää muodostaa laiteparin puhelimen kanssa. Hyväksy varmistamalla, että molemmissa laitteissa näkyy tällä hetkellä seuraava PIN."},{"$i":"passive-pair-pincode","$v":["haluaa liittää tämän puhelimen pariksi. Syötä PIN-koodi ",{"t":"idOrVar","v":"device"},"-laitteeseen, jonka kanssa haluat tehdä pariliitoksen. Jatka painamalla Liitä pariksi."]},{"$i":"passive-pair-enterpincode","$v":["haluaa liittää tämän puhelimen pariksi. Syötä PIN-koodi ",{"t":"idOrVar","v":"device"},"-laitteeseen, jonka kanssa haluat tehdä pariliitoksen. Jatka painamalla Liitä pariksi."]},{"$i":"passive-pair-passkey","$v":["haluaa liittää tämän puhelimen pariksi. Syötä tämä PIN ",{"t":"idOrVar","v":"device"},"-laitteeseen, jonka kanssa haluat tehdä pariliitoksen ja jatka painamalla Liitä pariksi."]},{"$i":"passive-pair-displaypasskey","$v":["yrittää muodostaa laiteparin puhelimen kanssa. Syötä PIN ",{"t":"idOrVar","v":"device"},"-laitteeseen, jonka haluat liittää laitepariksi."]},{"$i":"passive-pair-consent","$v":"haluaa liittää tämän puhelimen pariksi. Jatka painamalla Liitä pariksi."},{"$i":"pin-input-title","$v":"Syötä PIN-koodi"},{"$i":"pair-view-title","$v":"Bluetooth-pyyntö"},{"$i":"bluetooth-pairing-request-now-title","$v":"Bluetooth-pariliitospyyntö"},{"$i":"pairing-request-timeout-title","$v":"Bluetooth-pariliitospyyntö"},{"$i":"pairing-request-timeout-description","$v":"Bluetooth-pariliitospyyntö erääntyi. Yritä luoda yhteyttä uudestaan."},{"$i":"rescan","$v":"Hae uudelleen"},{"$i":"select-device","$v":"Valitse laite"},{"$i":"select","$v":"Valitse"},{"$i":"paired-with-device","$v":["Pariliitos luotu laitteeseen ",{"t":"idOrVar","v":"deviceName"},"."]},{"$i":"paired-failed","$v":["Pariliitos laitteeseen ",{"t":"idOrVar","v":"deviceName"}," epäonnistui."]}]