[{"$i":"bluetooth-header","$v":[{"t":"idOrVar","v":"bluetooth"}]},{"$i":"bluetooth-enable-msg","$v":"Kapcsolja be a Bluetooth-t a közeli eszközök megjelenítéséhez."},{"$i":"bluetooth-paired-devices","$v":"Párosított eszközök"},{"$i":"bluetooth-devices-nearby","$v":"Közeli eszközök"},{"$i":"bt-nodevices-nearby","$v":"Nem találhatók eszközök a közelben."},{"$i":"bluetooth-visible-to-all","$v":"Látható mindenkinek"},{"$i":"bluetooth-name-maxlength-alert","$v":["Az eszköznév hosszabb, mint ",{"t":"idOrVar","v":"length"}," karakter. Adja meg ismét az eszköznevet."]},{"$i":"bluetooth-address","$v":"Bluetooth cím"},{"$i":"bluetooth-address-unavailable","$v":"Nem elérhető"},{"$i":"bt-status-nopaired","$v":"Nincsenek párosítva eszközök"},{"$i":"bt-status-turnoff","$v":"Kikapcsolva"},{"$i":"bt-status-paired","$v":{"few":[{"t":"idOrVar","v":"name"},", és még ",{"t":"idOrVar","v":"n"}],"many":[{"t":"idOrVar","v":"name"},", és még ",{"t":"idOrVar","v":"n"}],"one":[{"t":"idOrVar","v":"name"},", és még ",{"t":"idOrVar","v":"n"}],"other":[{"t":"idOrVar","v":"name"},", és még ",{"t":"idOrVar","v":"n"}],"two":[{"t":"idOrVar","v":"name"},", és még ",{"t":"idOrVar","v":"n"}],"zero":[{"t":"idOrVar","v":"name"}]},"$x":[{"t":"idOrVar","v":"plural"},"n"]},{"$i":"device-status-tap-connect","$v":"Nyomja meg a \"Kiválasztás\" gombot a párosításhoz"},{"$i":"device-status-pairing","$v":"Párosítás az eszközzel…"},{"$i":"device-status-waiting","$v":"Várakozás a másik eszközre…"},{"$i":"device-status-paired","$v":"Párosítva"},{"$i":"device-status-connecting","$v":"Csatlakozás..."},{"$i":"device-status-connected","$v":"Csatlakoztatva"},{"$i":"device-status-connected-phone","$v":"Csatlakozva a telefon hangrendszeréhez"},{"$i":"device-status-connected-media","$v":"Csatlakozva a médiaeszköz hangrendszeréhez"},{"$i":"device-status-connected-phone-media","$v":"A telefon/média hanghoz csatlakozva"},{"$i":"device-option-unpair","$v":"Párosítás bontása"},{"$i":"device-option-confirm","$v":"Megerősítés"},{"$i":"device-option-unpair-confirmation","$v":"Megerősítés"},{"$i":"device-option-unpair-device","$v":"Bontja a párosítást?"},{"$i":"device-option-connect","$v":"Csatlakoztatás"},{"$i":"device-option-disconnect","$v":"Leválasztás"},{"$i":"search-for-device","$v":"Eszközök keresése…"},{"$i":"search-device","$v":"Eszközök keresése"},{"$i":"rename-device","$v":"Eszköz átnevezése"},{"$i":"unnamed-device","$v":"Ismeretlen eszköz"},{"$i":"change-phone-name","$v":"Telefonnév módosítása"},{"$i":"change-phone-name-desc","$v":"A számítógépen megjelenített eszköznév megváltoztatása."},{"$i":"bluetooth-new-name","$v":"Új név"},{"$i":"error-pair-title","$v":"Az eszköz nem párosítható"},{"$i":"error-pair-pincode","$v":"A párosítás nem sikerült az eszközzel. Ellenőrizze a PIN-kódot."},{"$i":"error-pair-toofast","$v":"A párosítás sikertelen az eszközzel. Túl sok kérelem."},{"$i":"error-pair-fail","$v":["A ",{"t":"idOrVar","v":"devicename"}," és a telefon párosítása sikertelen."]},{"$i":"error-pair-checkpin","$v":"Újra kívánja próbálni a párosítást ezzel az eszközzel?"},{"$i":"error-connect-title","$v":"Az eszközök nem csatlakoztathatók"},{"$i":"error-connect-msg","$v":"Ellenőrizze, hogy a csatlakoztatni kívánt eszköz hatókörön belül van, és a Bluetooth be van rajta kapcsolva."},{"$i":"unpair-title","$v":"Bontani kívánja a csatlakoztatott eszköz párosítását?"},{"$i":"unpair-msg","$v":"Jelenleg kapcsolódik az eszközhöz. A párosítás bontásával a kapcsolat is megszakad."},{"$i":"bluetooth","$v":"Bluetooth"},{"$i":"turn-bluetooth-on-title","$v":"Bluetooth bekapcsolása"},{"$i":"bluetooth-status-description","$v":"A Bluetooth kikapcsolva"},{"$i":"turn-bluetooth-on","$v":"Bluetooth kikapcsolva. Bekapcsolja a Bluetooth funkciót?"},{"$i":"cancel","$v":"Mégse"},{"$i":"turn-on","$v":"Bekapcsolás"},{"$i":"error-transfer-title","$v":"A Bluetooth fájlátvitel sikertelen"},{"$i":"error-transfer-settings","$v":"A Bluetooth fájlátvitel sikertelen. Ellenőrizze a Bluetooth beállítások helyességét."},{"$i":"ok","$v":"OK"},{"$i":"pair","$v":"Párosítás"},{"$i":"active-pair","$v":"Párosítandó eszközök jóváhagyása"},{"$i":"active-pair-confirmation","$v":["A(z) ",{"t":"idOrVar","v":"device"}," eszközzel való párosításhoz győződjön meg róla, hogy mindkét eszközön jelenleg a következő PIN látható:"]},{"$i":"active-pair-pincode","$v":["Adja meg a PIN-t az eszközön a párosításhoz ezzel: ",{"t":"idOrVar","v":"device"},"."]},{"$i":"active-pair-passkey","$v":["Adja meg a kulcsot az eszközön a párosításhoz ezzel: ",{"t":"idOrVar","v":"device"},"."]},{"$i":"passive-pair","$v":"Bluetooth párosítási kérelem"},{"$i":"passive-pair-confirmation","$v":"ezzel a telefonnal kíván párosítást végezni. Az engedélyezéshez győződjön meg arról, hogy mindkét eszközön jelenleg a következő PIN-kód látható."},{"$i":"passive-pair-pincode","$v":["ezzel a telefonnal kíván párosítást végezni. Adja meg a PIN-kódot azon a ",{"t":"idOrVar","v":"device"}," készüléken, amelyet párosítani kíván. A folytatáshoz érintse meg a Párosítás lehetőséget."]},{"$i":"passive-pair-enterpincode","$v":["ezzel a telefonnal kíván párosítást végezni. Adja meg a PIN-kódot azon a ",{"t":"idOrVar","v":"device"}," készüléken, amelyet párosítani kíván. A folytatáshoz érintse meg a Párosítás lehetőséget."]},{"$i":"passive-pair-passkey","$v":["ezzel a telefonnal kíván párosítást végezni. Adja meg ezt a PIN-kódot azon a ",{"t":"idOrVar","v":"device"}," készüléken, amelyet párosítani kíván, majd érintse meg a Párosítás lehetőséget a folytatáshoz."]},{"$i":"passive-pair-displaypasskey","$v":["ezzel a telefonnal kíván párosítást végezni. Adja meg ezt a PIN-kódot azon a(z) ",{"t":"idOrVar","v":"device"}," készüléken, amelyet párosítani kíván."]},{"$i":"passive-pair-consent","$v":"ezzel a telefonnal kíván párosítást végezni. A folytatáshoz érintse meg a Párosítás lehetőséget."},{"$i":"pin-input-title","$v":"Adja meg a PIN-kódot"},{"$i":"pair-view-title","$v":"Bluetooth kérelem"},{"$i":"bluetooth-pairing-request-now-title","$v":"Bluetooth párosítási kérelem"},{"$i":"pairing-request-timeout-title","$v":"Bluetooth párosítási kérelem"},{"$i":"pairing-request-timeout-description","$v":"A Bluetooth párosítási kérelem lejárt. Próbálja újra a párosítást."},{"$i":"rescan","$v":"Ismételt beolvasás"},{"$i":"select-device","$v":"Eszköz kiválasztása"},{"$i":"select","$v":"Kiválasztás"},{"$i":"paired-with-device","$v":["Párosítva a(z) ",{"t":"idOrVar","v":"deviceName"}," eszközzel."]},{"$i":"paired-failed","$v":["A(z) ",{"t":"idOrVar","v":"deviceName"}," eszközzel való párosítás sikertelen."]}]