[{"$i":"bluetooth-header","$v":[{"t":"idOrVar","v":"bluetooth"}]},{"$i":"bluetooth-enable-msg","$v":"Attivare il Bluetooth per visualizzare i dispositivi nell'area."},{"$i":"bluetooth-paired-devices","$v":"Dispositivi associati"},{"$i":"bluetooth-devices-nearby","$v":"Dispositivi nelle vicinanze"},{"$i":"bt-nodevices-nearby","$v":"Nessun dispositivo rilevato nelle vicinanze."},{"$i":"bluetooth-visible-to-all","$v":"Visibile a tutti"},{"$i":"bluetooth-name-maxlength-alert","$v":["Il nome del dispositivo ha oltre ",{"t":"idOrVar","v":"length"}," caratteri. Riprovare."]},{"$i":"bluetooth-address","$v":"Indirizzo Bluetooth"},{"$i":"bluetooth-address-unavailable","$v":"Non disponibile"},{"$i":"bt-status-nopaired","$v":"Nessun dispositivo associato"},{"$i":"bt-status-turnoff","$v":"Disattivato"},{"$i":"bt-status-paired","$v":{"few":[{"t":"idOrVar","v":"name"},", +",{"t":"idOrVar","v":"n"}," altri"],"many":[{"t":"idOrVar","v":"name"},", +",{"t":"idOrVar","v":"n"}," altri"],"one":[{"t":"idOrVar","v":"name"},", +",{"t":"idOrVar","v":"n"}," altri"],"other":[{"t":"idOrVar","v":"name"},", +",{"t":"idOrVar","v":"n"}," altri"],"two":[{"t":"idOrVar","v":"name"},", +",{"t":"idOrVar","v":"n"}," altri"],"zero":[{"t":"idOrVar","v":"name"}]},"$x":[{"t":"idOrVar","v":"plural"},"n"]},{"$i":"device-status-tap-connect","$v":"Premere \"Seleziona\" per associare"},{"$i":"device-status-pairing","$v":"Associazione con il dispositivo..."},{"$i":"device-status-waiting","$v":"In attesa dell'altro dispositivo..."},{"$i":"device-status-paired","$v":"Associato"},{"$i":"device-status-connecting","$v":"Connessione in corso..."},{"$i":"device-status-connected","$v":"Connesso"},{"$i":"device-status-connected-phone","$v":"Collegato ad audio del telefono"},{"$i":"device-status-connected-media","$v":"Collegato ad audio multimediale"},{"$i":"device-status-connected-phone-media","$v":"Collegato ad audio del telefono/multimediale"},{"$i":"device-option-unpair","$v":"Annulla associazione"},{"$i":"device-option-confirm","$v":"Conferma"},{"$i":"device-option-unpair-confirmation","$v":"Conferma"},{"$i":"device-option-unpair-device","$v":"Annullare l'associazione?"},{"$i":"device-option-connect","$v":"Connetti"},{"$i":"device-option-disconnect","$v":"Disconnetti"},{"$i":"search-for-device","$v":"Ricerca di dispositivi in corso..."},{"$i":"search-device","$v":"Cerca dispositivi"},{"$i":"rename-device","$v":"Rinomina dispositivo"},{"$i":"unnamed-device","$v":"Dispositivo sconosciuto"},{"$i":"change-phone-name","$v":"Modifica nome del telefono"},{"$i":"change-phone-name-desc","$v":"Modificare il nome del dispositivo visualizzato sul computer"},{"$i":"bluetooth-new-name","$v":"Nuovo nome"},{"$i":"error-pair-title","$v":"Impossibile eseguire l'associazione del dispositivo"},{"$i":"error-pair-pincode","$v":"Impossibile eseguire l'associazione con il dispositivo. Verificare che il PIN sia corretto."},{"$i":"error-pair-toofast","$v":"Impossibile eseguire l'associazione con il dispositivo. Troppe richieste."},{"$i":"error-pair-fail","$v":[{"t":"idOrVar","v":"devicename"}," non si associa al telefono."]},{"$i":"error-pair-checkpin","$v":"Tentare di nuovo l'associazione con questo dispositivo?"},{"$i":"error-connect-title","$v":"Impossibile connettere i dispositivi"},{"$i":"error-connect-msg","$v":"Verificare che il dispositivo con cui si sta tentando la connessione sia tuttora in portata e abbia il Bluetooth attivato."},{"$i":"unpair-title","$v":"Annullare l'associazione con un dispositivo connesso?"},{"$i":"unpair-msg","$v":"Connessione attualmente instaurata con questo dispositivo. L'annullamento dell'associazione interromperà anche la connessione."},{"$i":"bluetooth","$v":"Bluetooth"},{"$i":"turn-bluetooth-on-title","$v":"Attiva Bluetooth"},{"$i":"bluetooth-status-description","$v":"Bluetooth disattivato"},{"$i":"turn-bluetooth-on","$v":"Il Bluetooth è disattivato. Attivarlo?"},{"$i":"cancel","$v":"Annulla"},{"$i":"turn-on","$v":"Attiva"},{"$i":"error-transfer-title","$v":"Trasferimento file Bluetooth non riuscito"},{"$i":"error-transfer-settings","$v":"Trasferimento file Bluetooth non riuscito. Verificare che le impostazioni Bluetooth siano corrette."},{"$i":"ok","$v":"OK"},{"$i":"pair","$v":"Associa"},{"$i":"active-pair","$v":"Conferma dispositivi per l'associazione"},{"$i":"active-pair-confirmation","$v":["Per l'associazione con ",{"t":"idOrVar","v":"device"},", assicurarsi che entrambi i dispositivi abbiano attualmente il seguente PIN visualizzato:"]},{"$i":"active-pair-pincode","$v":["Per l'associazione con ",{"t":"idOrVar","v":"device"},", inserire il PIN sul dispositivo."]},{"$i":"active-pair-passkey","$v":["Per l'associazione con ",{"t":"idOrVar","v":"device"},", inserire la chiave di accesso sul dispositivo."]},{"$i":"passive-pair","$v":"Richiesta di associazione Bluetooth"},{"$i":"passive-pair-confirmation","$v":"desidera eseguire l'associazione con questo telefono. Per accettare, assicurarsi che entrambi i dispositivi abbiano attualmente il seguente PIN visualizzato."},{"$i":"passive-pair-pincode","$v":["desidera eseguire l'associazione con questo telefono. Inserire il codice PIN sul ",{"t":"idOrVar","v":"device"}," con cui si desidera eseguire l'associazione. Premere Associa per procedere."]},{"$i":"passive-pair-enterpincode","$v":["desidera eseguire l'associazione con questo telefono. Inserire il codice PIN sul ",{"t":"idOrVar","v":"device"}," con cui si desidera eseguire l'associazione. Premere Associa per procedere."]},{"$i":"passive-pair-passkey","$v":["desidera eseguire l'associazione con questo telefono. Inserire questo codice PIN sul ",{"t":"idOrVar","v":"device"}," con cui si desidera eseguire l'associazione e premere Associa per procedere."]},{"$i":"passive-pair-displaypasskey","$v":["desidera eseguire l'associazione con questo telefono. Inserire questo PIN sul ",{"t":"idOrVar","v":"device"}," con cui desideri eseguire l'associazione."]},{"$i":"passive-pair-consent","$v":"desidera eseguire l'associazione con questo telefono. Premere Associa per procedere."},{"$i":"pin-input-title","$v":"Inserisci codice PIN"},{"$i":"pair-view-title","$v":"Richiesta Bluetooth"},{"$i":"bluetooth-pairing-request-now-title","$v":"Richiesta di associazione Bluetooth"},{"$i":"pairing-request-timeout-title","$v":"Richiesta di associazione Bluetooth"},{"$i":"pairing-request-timeout-description","$v":"Richiesta di associazione Bluetooth scaduta. Riprovare a eseguire l'associazione."},{"$i":"rescan","$v":"Ricerca"},{"$i":"select-device","$v":"Seleziona dispositivo"},{"$i":"select","$v":"Seleziona"},{"$i":"paired-with-device","$v":["Associato con ",{"t":"idOrVar","v":"deviceName"},"."]},{"$i":"paired-failed","$v":["Impossibile eseguire l'associazione con ",{"t":"idOrVar","v":"deviceName"},"."]}]