[{"$i":"bluetooth-header","$v":[{"t":"idOrVar","v":"bluetooth"}]},{"$i":"bluetooth-enable-msg","$v":"ເປີດ Bluetooth ເພື່ອເບິ່ງອຸປະກອນໃນພື້ນທີ່"},{"$i":"bluetooth-paired-devices","$v":"ອຸປະກອນຈັບຄູ່"},{"$i":"bluetooth-devices-nearby","$v":"ອຸປະກອນໃກ້ຄຽງ"},{"$i":"bt-nodevices-nearby","$v":"ບໍ່ພົບອຸປະກອນໃກ້ຄຽງ."},{"$i":"bluetooth-visible-to-all","$v":"ເບິ່ງເຫັນໄດ້ທັງໝົດ"},{"$i":"bluetooth-name-maxlength-alert","$v":["ຊື່ອຸປະກອນຂອງທ່ານເກີນ ຕົວອັກສອນ ",{"t":"idOrVar","v":"length"},". ກະລຸນາລອງອີກຄັ້ງ."]},{"$i":"bluetooth-address","$v":"ທີ່ຕັ້ງຂອງ Bluetooth"},{"$i":"bluetooth-address-unavailable","$v":"ບໍ່ພ້ອມໃຊ້ງານ"},{"$i":"bt-status-nopaired","$v":"ບໍ່ມີອຸປະກອນທີ່ຖືກຈັບ"},{"$i":"bt-status-turnoff","$v":"ປິດແລ້ວ"},{"$i":"bt-status-paired","$v":{"few":[{"t":"idOrVar","v":"name"},", +",{"t":"idOrVar","v":"n"}," ອີກ"],"many":[{"t":"idOrVar","v":"name"},", +",{"t":"idOrVar","v":"n"}," ອີກ"],"one":[{"t":"idOrVar","v":"name"},", +",{"t":"idOrVar","v":"n"}," ອີກ"],"other":[{"t":"idOrVar","v":"name"},", +",{"t":"idOrVar","v":"n"}," ອີກ"],"two":[{"t":"idOrVar","v":"name"},", +",{"t":"idOrVar","v":"n"}," ອີກ"],"zero":[{"t":"idOrVar","v":"name"}]},"$x":[{"t":"idOrVar","v":"plural"},"n"]},{"$i":"device-status-tap-connect","$v":"ກົດ \"ເລືອກ\" ເພື່ອຈັບຄູ່"},{"$i":"device-status-pairing","$v":"ຈັບຄູ່ກັບອຸປະກອນ…"},{"$i":"device-status-waiting","$v":"ກຳລັງລໍຖ້າເຊື່ອມຕໍ່ ອຸປະກອນອື່ນໆ…"},{"$i":"device-status-paired","$v":"ຈັບຄູ່ແລ້ວ"},{"$i":"device-status-connecting","$v":"ກຳລັງເຊື່ອມຕໍ່…"},{"$i":"device-status-connected","$v":"ເຊື່ອມຕໍ່ແລ້ວ"},{"$i":"device-status-connected-phone","$v":"ເຊື່ອມຕໍ່ກັບສຽງໂທລະສັບ"},{"$i":"device-status-connected-media","$v":"ເຊື່ອມຕໍ່ກັບລະບົບສຽງຂອງ ມີເດຍແລ້ວ"},{"$i":"device-status-connected-phone-media","$v":"ເຊື່ອມຕໍ່ກັບໂທລະສັບ/ອຸປະກອນບັນທຶກສຽງ"},{"$i":"device-option-unpair","$v":"Unpair"},{"$i":"device-option-confirm","$v":"ຢືນຢັນ"},{"$i":"device-option-unpair-confirmation","$v":"ຢືນຢັນ"},{"$i":"device-option-unpair-device","$v":"Unpair device?"},{"$i":"device-option-connect","$v":"ເຊື່ອມຕໍ່"},{"$i":"device-option-disconnect","$v":"ຕັດເຊື່ອມຕໍ່"},{"$i":"search-for-device","$v":"ກຳລັງຄົ້ນຫາອຸປະກອນ..."},{"$i":"search-device","$v":"ອຸປະກອນຄົ້ນຫາ"},{"$i":"rename-device","$v":"ຕັ້ງຊື່ໃນເຄື່ອງຂອງຂ້ອຍໃໝ່"},{"$i":"unnamed-device","$v":"ອຸປະກອນທີ່ບໍ່ຮູ້ຈັກ"},{"$i":"change-phone-name","$v":"ປ່ຽນຊື່ໂທລະສັບ"},{"$i":"change-phone-name-desc","$v":"ປ່ຽນຊື່ອຸປະກອນຂອງທ່ານ ຕາມທີ່ປະກົດຢູ່ໃນຄອມພິວເຕີ"},{"$i":"bluetooth-new-name","$v":"ຊື່ໃໝ່"},{"$i":"error-pair-title","$v":"ບໍ່ສາມາດຈັບຄູ່ອຸປະກອນ"},{"$i":"error-pair-pincode","$v":"ບໍ່ສາມາດຈັບຄູ່ກັບອຸປະ ກອນໄດ້. ກະລຸນາກວດສອບລະຫັດ PIN ເບິ່ງວ່າຖືກຕ້ອງຫຼືບໍ່."},{"$i":"error-pair-toofast","$v":"ບໍ່ສາມາດຈັບຄູ່ກັບອຸປະ ກອນ ໄດ້. ເນື່ອງຈາກມີຄຳຂໍ ຫຼາຍເກີນໄປ."},{"$i":"error-pair-fail","$v":[{"t":"idOrVar","v":"devicename"}," ບໍ່ໄດ້ຈັບຄູ່ ກັບໂທລະສັບຂອງທ່ານ."]},{"$i":"error-pair-checkpin","$v":"ທ່ານຕ້ອງການລອງຈັບຄູ່ກັບອຸປະກອນນີ້ອີກບໍ່?"},{"$i":"error-connect-title","$v":"ບໍ່ສາມາດເຊື່ອມຕໍ່ກັບ ອຸປະກອນໄດ້"},{"$i":"error-connect-msg","$v":"ຈົ່ງກວດສອບວ່າອຸປະກອນ ທີ່ທ່ານກຳລັງພະຍາຍາມ ເຊື່ອມຕໍ່ຍັງຢູ່ໃນໄລຍະເວລາ ແລະ ການເປີດໃຊ້ງານ Bluetooth ຢູ່ຫຼືບໍ່?"},{"$i":"unpair-title","$v":"ທ່ານຕ້ອງການເລີກຈັບຄູ່ ອຸປະກອນທີ່ເຊື່ອມຕໍ່ຢູ່ຫຼືບໍ່?"},{"$i":"unpair-msg","$v":"ຂະນະນີ້ທ່ານກຳລັງເຊື່ອມ ຕໍ່ກັບອຸປະກອນນີ້.ການຍົກເລີກການຈັບຄູ່ ກໍຈະເຮັດໃຫ້ການເຊື່ອມຕໍ່ ຖືກຕັດຂາດ."},{"$i":"bluetooth","$v":"ບລູທູດ"},{"$i":"turn-bluetooth-on-title","$v":"ເປີດ Bluetooth"},{"$i":"bluetooth-status-description","$v":"Bluetooth ຖືກປິດໃຊ້ງານ"},{"$i":"turn-bluetooth-on","$v":"Bluetooth ຖືກປິດການໃຊ້ງານ, ທ່ານຕ້ອງການເປີດ Bluetooth ຫຼືບໍ່?"},{"$i":"cancel","$v":"ຍົກເລີກ"},{"$i":"turn-on","$v":"ເປີດ"},{"$i":"error-transfer-title","$v":"ການໂອນໄຟລ໌ຜ່ານ Bluetooth ໄດ້ຫຼົ້້ມເຫຼວ"},{"$i":"error-transfer-settings","$v":"ການໂອນໄຟລ໌ຜ່ານ Bluetooth ໄດ້ຫຼົ້ມເຫຼວ. ກະລຸນາກວດເບິ່ງວ່າ ການຕັ້ງຄ່າ Bluetooth ຖືກຕ້ອງຫຼືບໍ່?"},{"$i":"ok","$v":"ຕົກລົງ"},{"$i":"pair","$v":"ຈັບຄູ່"},{"$i":"active-pair","$v":"ຢືນຢັນອຸປະກອນເພື່ອຈັບຄູ່"},{"$i":"active-pair-confirmation","$v":["ຖ້າຕ້ອງການຈັບຄູ່ກັບ ",{"t":"idOrVar","v":"device"},", ກວດກາໃຫ້ແນ່ໃຈວ່າ ປະຈຸບັນອຸປະກອນທັງສອງມີລະຫັດ PIN ຕໍ່ໄປນີ້ສະແດງຢູ່:"]},{"$i":"active-pair-pincode","$v":["ຖ້າຕ້ອງການກັບຄູ່ກັບ ",{"t":"idOrVar","v":"device"},", ໃຫ້ປ້ອນລະຫັດ PIN ໃສ່ອຸປະກອນນັ້ນ."]},{"$i":"active-pair-passkey","$v":["ເພື່ອຈັບຄູ່ກັບ ",{"t":"idOrVar","v":"device"},", ໃຫ້ປ້ອນ passkey ຢູ່ອຸປະກອນ."]},{"$i":"passive-pair","$v":"ຄຳຂໍການຈັບຄູ່ Bluetooth"},{"$i":"passive-pair-confirmation","$v":"ຕ້ອງການຈັບຄູ່ກັບໂທລະສັບນີ້. ເພື່ອຕອບຮັບ, ໃຫ້ກວດສອບວ່າຕອນນີ້ອຸປະກອນທັງສອງສະແດງ PIN ຕໍ່ໄປນີ້ຢູ່."},{"$i":"passive-pair-pincode","$v":["ຕ້ອງການຈັບຄູ່ກັບໂທລະສັບນີ້. ກະລຸນາໃສ່ລະຫັດ PIN ໃນ ",{"t":"idOrVar","v":"device"}," ທ່ານຕ້ອງການຈັບຄູ່. ກົດ ຈັບຄູ່ ເພື່ອດຳເນີນການຕໍ່."]},{"$i":"passive-pair-enterpincode","$v":["ຕ້ອງການຈັບຄູ່ກັບໂທລະສັບນີ້. ກະລຸນາໃສ່ລະຫັດ PIN ໃນ ",{"t":"idOrVar","v":"device"}," ທ່ານຕ້ອງການຈັບຄູ່. ກົດ ຈັບຄູ່ ເພື່ອດຳເນີນການຕໍ່."]},{"$i":"passive-pair-passkey","$v":["ຕ້ອງການຈັບຄູ່ກັບໂທລະສັບນີ້. ກະລຸນາໃສ່ລະຫັດ PIN ນີ້ໃນ ",{"t":"idOrVar","v":"device"}," ທ່ານຕ້ອງການຈັບຄູ່ ແລະ ກົດ ຈັບຄູ່ ເພື່ອດຳເນີນການຕໍ່."]},{"$i":"passive-pair-displaypasskey","$v":["ຕ້ອງການຈັບຄູ່ກັບໂທລະສັບນີ້. ກະລຸນາປ້ອນ PIN ນີ້ຢູ່ ",{"t":"idOrVar","v":"device"}," ທີ່ທ່ານຕ້ອງການຈັບຄູ່ນຳ."]},{"$i":"passive-pair-consent","$v":"ຕ້ອງການຈັບຄູ່ກັບໂທລະສັບນີ້. ກົດ ຈັບຄູ່ ເພື່ອດຳເນີນການຕໍ່."},{"$i":"pin-input-title","$v":"ໃສ່ລະຫັດ PIN"},{"$i":"pair-view-title","$v":"ຄຳຂໍ Bluetooth"},{"$i":"bluetooth-pairing-request-now-title","$v":"ຄຳຂໍການຈັບຄູ່ Bluetooth"},{"$i":"pairing-request-timeout-title","$v":"ຄຳຂໍການຈັບຄູ່ Bluetooth"},{"$i":"pairing-request-timeout-description","$v":"ຄຳຂໍຈັບຄູ່ Bluetoothໄດ້ໝົດອາຍຸແລ້ວ. ກະລຸນາຈັບຄູ່ໃໝ່ອີກຄັ້ງ."},{"$i":"rescan","$v":"ສະແກນຄືນ"},{"$i":"select-device","$v":"ເລືອກອຸປະກອນ"},{"$i":"select","$v":"ເລືອກ"},{"$i":"paired-with-device","$v":["ຈັບຄູ່ກັບ ",{"t":"idOrVar","v":"deviceName"},"."]},{"$i":"paired-failed","$v":["ບໍ່ສາມາດຈັບຄູ່ກັບ ",{"t":"idOrVar","v":"deviceName"},"."]}]