[{"$i":"bluetooth-header","$v":[{"t":"idOrVar","v":"bluetooth"}]},{"$i":"bluetooth-enable-msg","$v":"Вклучете го Bluetooth-от за да ги видите уредите во областа."},{"$i":"bluetooth-paired-devices","$v":"Спарени уреди"},{"$i":"bluetooth-devices-nearby","$v":"Уреди во близина"},{"$i":"bt-nodevices-nearby","$v":"Не се пронајдени уреди во близина."},{"$i":"bluetooth-visible-to-all","$v":"Видлив за сите"},{"$i":"bluetooth-name-maxlength-alert","$v":["Вашето име надминува ",{"t":"idOrVar","v":"length"}," знака. Обидете се повторно."]},{"$i":"bluetooth-address","$v":"Адреса на Bluetooth-от"},{"$i":"bluetooth-address-unavailable","$v":"Не е достапно"},{"$i":"bt-status-nopaired","$v":"Нема уреди поврзани"},{"$i":"bt-status-turnoff","$v":"Исклучено"},{"$i":"bt-status-paired","$v":{"few":[{"t":"idOrVar","v":"name"},", +",{"t":"idOrVar","v":"n"}," повеќе"],"many":[{"t":"idOrVar","v":"name"},", +",{"t":"idOrVar","v":"n"}," повеќе"],"one":[{"t":"idOrVar","v":"name"},", +",{"t":"idOrVar","v":"n"}," повеќе"],"other":[{"t":"idOrVar","v":"name"},", +",{"t":"idOrVar","v":"n"}," повеќе"],"two":[{"t":"idOrVar","v":"name"},", +",{"t":"idOrVar","v":"n"}," повеќе"],"zero":[{"t":"idOrVar","v":"name"}]},"$x":[{"t":"idOrVar","v":"plural"},"n"]},{"$i":"device-status-tap-connect","$v":"Притиснете „Одбери“ за да се спари"},{"$i":"device-status-pairing","$v":"Спарување со уред..."},{"$i":"device-status-waiting","$v":"Чека за друг уред..."},{"$i":"device-status-paired","$v":"Спарено"},{"$i":"device-status-connecting","$v":"Поврзување…"},{"$i":"device-status-connected","$v":"Поврзано"},{"$i":"device-status-connected-phone","$v":"Поврзан со звук на телефонот"},{"$i":"device-status-connected-media","$v":"Поврзан со звук на медиум"},{"$i":"device-status-connected-phone-media","$v":"Поврзан со звук на телефон/медиум"},{"$i":"device-option-unpair","$v":"Отстрани"},{"$i":"device-option-confirm","$v":"Потврди"},{"$i":"device-option-unpair-confirmation","$v":"Потврдување"},{"$i":"device-option-unpair-device","$v":"Отстрани уред?"},{"$i":"device-option-connect","$v":"Поврзи"},{"$i":"device-option-disconnect","$v":"Исклучи"},{"$i":"search-for-device","$v":"Пребарување за уреди..."},{"$i":"search-device","$v":"Пребарувајте за уреди"},{"$i":"rename-device","$v":"Преимен. на мојот уред"},{"$i":"unnamed-device","$v":"Непознат уред"},{"$i":"change-phone-name","$v":"Промена на името на тел."},{"$i":"change-phone-name-desc","$v":"Променете го името на ваш.уред така како што се појавува на ваш.компјутер"},{"$i":"bluetooth-new-name","$v":"Ново име"},{"$i":"error-pair-title","$v":"Спарувањето на уредот е невозможно."},{"$i":"error-pair-pincode","$v":"Не може да се спари со уредот. Проверете дали PIN-от е точен."},{"$i":"error-pair-toofast","$v":"Не може да се спари со уредот. Премногу барања."},{"$i":"error-pair-fail","$v":[{"t":"idOrVar","v":"devicename"}," не се спарува со вашиот телефон."]},{"$i":"error-pair-checkpin","$v":"Сакате ли да се обидете повторно да се спарите со овој уред?"},{"$i":"error-connect-title","$v":"Уредите не може да се поврзат"},{"$i":"error-connect-msg","$v":"Проверете дали уредот со којшто се обидувате да се поврзете е сѐ уште во опсег и има вклучен Bluetooth."},{"$i":"unpair-title","$v":"Да се расп. ли пов.уред?"},{"$i":"unpair-msg","$v":"Моментално сте поврзани со овој уред. Распарувањето исто така ќе го исклучи од него."},{"$i":"bluetooth","$v":"Bluetooth"},{"$i":"turn-bluetooth-on-title","$v":"Вклучете Bluetooth"},{"$i":"bluetooth-status-description","$v":"Bluetooth е оневозможено"},{"$i":"turn-bluetooth-on","$v":"Bluetooth е исклучен, сакате ли да го вклучите?"},{"$i":"cancel","$v":"Откажи"},{"$i":"turn-on","$v":"Вклучете"},{"$i":"error-transfer-title","$v":"Неуспешен пренос на датотеката преку Bluetooth"},{"$i":"error-transfer-settings","$v":"Неуспешен пренос на датотеката преку Bluetooth. Проверете дали поставувањата за Bluetooth-от се правилни."},{"$i":"ok","$v":"ОК"},{"$i":"pair","$v":"Спари"},{"$i":"active-pair","$v":"Потврд. спар.на уред."},{"$i":"active-pair-confirmation","$v":["За да се спари со ",{"t":"idOrVar","v":"device"},", осигурете се дека на двата уреда моментално се прикажани следните PIN-ови:"]},{"$i":"active-pair-pincode","$v":["За да се спари со ",{"t":"idOrVar","v":"device"},", внесете PIN на уредот."]},{"$i":"active-pair-passkey","$v":["За да се спари со ",{"t":"idOrVar","v":"device"},", внесете лозинка на уредот."]},{"$i":"passive-pair","$v":"Барање за спарување со Bluetooth"},{"$i":"passive-pair-confirmation","$v":"би сакал да се спари со овој телефон. За да прифатите, осигурете се дека на двата уреда моментално е прикажан следниов PIN."},{"$i":"passive-pair-pincode","$v":["сакате ли да се спари со овој телефон. Внесете PIN на ",{"t":"idOrVar","v":"device"}," со кој што сакате да го спарите. Притиснете Спари за да продолжите."]},{"$i":"passive-pair-enterpincode","$v":["сакате ли да се спари со овој телефон. Внесете PIN на ",{"t":"idOrVar","v":"device"}," со кој што сакате да го спарите. Притиснете Спари за да продолжите."]},{"$i":"passive-pair-passkey","$v":["сакате ли да се спари со овој телефон. Внесете го овој PIN на ",{"t":"idOrVar","v":"device"}," со кој што сакате да го спарите и притиснете Спари за да продолжите."]},{"$i":"passive-pair-displaypasskey","$v":["би сакал да се спари со овој телефон. Внесете го овој PIN на ",{"t":"idOrVar","v":"device"}," со којшто сакате да го спарите."]},{"$i":"passive-pair-consent","$v":"сакате ли да се спари со овој телефон. Притиснете Спари за да продолжите."},{"$i":"pin-input-title","$v":"Внесете PIN код"},{"$i":"pair-view-title","$v":"Барање за Bluetooth"},{"$i":"bluetooth-pairing-request-now-title","$v":"Барање за спарување со Bluetooth"},{"$i":"pairing-request-timeout-title","$v":"Барање за спарување со Bluetooth"},{"$i":"pairing-request-timeout-description","$v":"Барањето за спарување со Bluetooth истече. Пробајте да го спарите повторно."},{"$i":"rescan","$v":"Повт. скенирање"},{"$i":"select-device","$v":"Изберете Уред"},{"$i":"select","$v":"Одбери"},{"$i":"paired-with-device","$v":["Спарен со ",{"t":"idOrVar","v":"deviceName"},"."]},{"$i":"paired-failed","$v":["Неуспешно спарување со ",{"t":"idOrVar","v":"deviceName"},"."]}]