[{"$i":"bluetooth-header","$v":[{"t":"idOrVar","v":"bluetooth"}]},{"$i":"bluetooth-enable-msg","$v":"Porniți Bluetooth pentru a vedea aparatele din zonă."},{"$i":"bluetooth-paired-devices","$v":"Aparate asociate"},{"$i":"bluetooth-devices-nearby","$v":"Aparate în apropiere"},{"$i":"bt-nodevices-nearby","$v":"Niciun aparat găsit în apropiere."},{"$i":"bluetooth-visible-to-all","$v":"Vizibil tuturor"},{"$i":"bluetooth-name-maxlength-alert","$v":["Denumirea aparatului dvs. depășește ",{"t":"idOrVar","v":"length"}," caractere. Încercați din nou."]},{"$i":"bluetooth-address","$v":"Adresă bluetooth"},{"$i":"bluetooth-address-unavailable","$v":"Indisponibil"},{"$i":"bt-status-nopaired","$v":"Niciun dispozitiv nu a fost asociat"},{"$i":"bt-status-turnoff","$v":"Oprit"},{"$i":"bt-status-paired","$v":{"few":[{"t":"idOrVar","v":"name"},", +",{"t":"idOrVar","v":"n"}," mai multe"],"many":[{"t":"idOrVar","v":"name"},", +",{"t":"idOrVar","v":"n"}," mai multe"],"one":[{"t":"idOrVar","v":"name"},", +",{"t":"idOrVar","v":"n"}," mai multe"],"other":[{"t":"idOrVar","v":"name"},", +",{"t":"idOrVar","v":"n"}," mai multe"],"two":[{"t":"idOrVar","v":"name"},", +",{"t":"idOrVar","v":"n"}," mai multe"],"zero":[{"t":"idOrVar","v":"name"}]},"$x":[{"t":"idOrVar","v":"plural"},"n"]},{"$i":"device-status-tap-connect","$v":"Apăsați „Selectare” pentru asociere"},{"$i":"device-status-pairing","$v":"Asociere cu aparatul…"},{"$i":"device-status-waiting","$v":"În așteptarea altui aparat…"},{"$i":"device-status-paired","$v":"Asociat"},{"$i":"device-status-connecting","$v":"În curs de conectare..."},{"$i":"device-status-connected","$v":"Conectat"},{"$i":"device-status-connected-phone","$v":"Conectat la sunetul telefonului"},{"$i":"device-status-connected-media","$v":"Conectat la sunetul media"},{"$i":"device-status-connected-phone-media","$v":"Conectat la sunetul telefonului/media"},{"$i":"device-option-unpair","$v":"desperecheaţi"},{"$i":"device-option-confirm","$v":"Confirmare"},{"$i":"device-option-unpair-confirmation","$v":"Confirmare"},{"$i":"device-option-unpair-device","$v":"Anulați dispozitivul?"},{"$i":"device-option-connect","$v":"Conectare"},{"$i":"device-option-disconnect","$v":"Deconectare"},{"$i":"search-for-device","$v":"Căutare aparate..."},{"$i":"search-device","$v":"Căutare aparate"},{"$i":"rename-device","$v":"Redenumește-mi aparatul"},{"$i":"unnamed-device","$v":"Aparat necunoscut"},{"$i":"change-phone-name","$v":"Modificați denumire telefon"},{"$i":"change-phone-name-desc","$v":"Modificați denumirea aparatului dvs. așa cum apare în computer"},{"$i":"bluetooth-new-name","$v":"Nume nou"},{"$i":"error-pair-title","$v":"Imposibil de asociat dispozitivul"},{"$i":"error-pair-pincode","$v":"Imposibil de asociat cu aparatul. Verificați dacă PIN-ul este corect."},{"$i":"error-pair-toofast","$v":"Imposibil de asociat cu aparatul. Prea multe cereri."},{"$i":"error-pair-fail","$v":[{"t":"idOrVar","v":"devicename"}," nu se asociază cu telefonul dvs."]},{"$i":"error-pair-checkpin","$v":"Doriți să încercați să asociați cu acest aparat din nou?"},{"$i":"error-connect-title","$v":"Imposibil de conectat aparatele"},{"$i":"error-connect-msg","$v":"Verificați dacă aparatul cu care încercați să vă conectați se află încă în aria de acoperire și are Bluetooth pornit."},{"$i":"unpair-title","$v":"Anulați asocierea unui aparat conectat?"},{"$i":"unpair-msg","$v":"Momentan sunteți conectat la aparat. Anularea asocierii vă va și deconecta de la acesta."},{"$i":"bluetooth","$v":"Bluetooth"},{"$i":"turn-bluetooth-on-title","$v":"Porniți Bluetooth"},{"$i":"bluetooth-status-description","$v":"Bluetooth este dezactivat"},{"$i":"turn-bluetooth-on","$v":"Bluetooth dezact., doriți să porniți Bluetooth?"},{"$i":"cancel","$v":"Anulare"},{"$i":"turn-on","$v":"Pornire"},{"$i":"error-transfer-title","$v":"Transfer fișiere Bluetooth nereușit"},{"$i":"error-transfer-settings","$v":"Transfer fișiere Bluetooth nereușit. Verificați dacă setările Bluetooth sunt corecte."},{"$i":"ok","$v":"OK"},{"$i":"pair","$v":"Asociere"},{"$i":"active-pair","$v":"Confirmați aparatele de asociat"},{"$i":"active-pair-confirmation","$v":["Pentru a asocia cu ",{"t":"idOrVar","v":"device"},", asigurați-vă că ambele aparate au momentan următorul PIN afișat:"]},{"$i":"active-pair-pincode","$v":["Pentru a asocia cu ",{"t":"idOrVar","v":"device"},", introduceți codul PIN de pe aparat."]},{"$i":"active-pair-passkey","$v":["Pentru a asocia cu ",{"t":"idOrVar","v":"device"},", introdu parola de pe aparat."]},{"$i":"passive-pair","$v":"Cerere asociere Bluetooth"},{"$i":"passive-pair-confirmation","$v":"dorește să se asocieze cu acest telefon. Pentru a accepta, asigură-te că ambele aparate au momentan următorul PIN afișat."},{"$i":"passive-pair-pincode","$v":["dorește să se asocieze cu acest telefon. Introduceți codul PIN în ",{"t":"idOrVar","v":"device"}," cu care doriți să-l asociați. Apăsați Asociere pentru a continua."]},{"$i":"passive-pair-enterpincode","$v":["dorește să se asocieze cu acest telefon. Introduceți codul PIN în ",{"t":"idOrVar","v":"device"}," cu care doriți să-l asociați. Apăsați Asociere pentru a continua."]},{"$i":"passive-pair-passkey","$v":["dorește să se asocieze cu acest telefon. Introduceți acest PIN în ",{"t":"idOrVar","v":"device"}," cu care doriți să-l asociați și apăsați Asociere pentru a continua."]},{"$i":"passive-pair-displaypasskey","$v":["dorește să se asocieze cu acest telefon. Introdu acest PIN în ",{"t":"idOrVar","v":"device"}," cu care dorești să-l asociezi."]},{"$i":"passive-pair-consent","$v":"dorește să se asocieze cu acest telefon. Apăsați Asociere pentru a continua."},{"$i":"pin-input-title","$v":"Introduceți codul PIN"},{"$i":"pair-view-title","$v":"Cerere Bluetooth"},{"$i":"bluetooth-pairing-request-now-title","$v":"Cerere asociere Bluetooth"},{"$i":"pairing-request-timeout-title","$v":"Cerere asociere Bluetooth"},{"$i":"pairing-request-timeout-description","$v":"Cererea de asociere Bluetooth a expirat. Încercați să asociați din nou."},{"$i":"rescan","$v":"Rescanare"},{"$i":"select-device","$v":"Selecteaza dispozitivul"},{"$i":"select","$v":"Selectare"},{"$i":"paired-with-device","$v":["Asociat cu ",{"t":"idOrVar","v":"deviceName"},"."]},{"$i":"paired-failed","$v":["Asocierea cu ",{"t":"idOrVar","v":"deviceName"}," a eșuat."]}]