[{"$i":"bluetooth-header","$v":[{"t":"idOrVar","v":"bluetooth"}]},{"$i":"bluetooth-enable-msg","$v":"Slå på Bluetooth for å vise enheter i området."},{"$i":"bluetooth-paired-devices","$v":"Sammenkoblede enheter"},{"$i":"bluetooth-devices-nearby","$v":"Enheter i nærheten"},{"$i":"bt-nodevices-nearby","$v":"Ingen enheter funnet i nærheten."},{"$i":"bluetooth-visible-to-all","$v":"Synlig for alle"},{"$i":"bluetooth-name-maxlength-alert","$v":["Enhetsnavnet overskrider ",{"t":"idOrVar","v":"length"}," tegn. Prøv på nytt."]},{"$i":"bluetooth-address","$v":"Bluetooth-adresse"},{"$i":"bluetooth-address-unavailable","$v":"Ikke tilgjengelig"},{"$i":"bt-status-nopaired","$v":"Ingen enheter sammenkoblet"},{"$i":"bt-status-turnoff","$v":"Slått av"},{"$i":"bt-status-paired","$v":{"few":[{"t":"idOrVar","v":"name"},", +",{"t":"idOrVar","v":"n"}," mer"],"many":[{"t":"idOrVar","v":"name"},", +",{"t":"idOrVar","v":"n"}," mer"],"one":[{"t":"idOrVar","v":"name"},", +",{"t":"idOrVar","v":"n"}," mer"],"other":[{"t":"idOrVar","v":"name"},", +",{"t":"idOrVar","v":"n"}," mer"],"two":[{"t":"idOrVar","v":"name"},", +",{"t":"idOrVar","v":"n"}," mer"],"zero":[{"t":"idOrVar","v":"name"}]},"$x":[{"t":"idOrVar","v":"plural"},"n"]},{"$i":"device-status-tap-connect","$v":"Trykk på «Velg» for å sammenkoble"},{"$i":"device-status-pairing","$v":"Sammenk. med enhet …"},{"$i":"device-status-waiting","$v":"Venter på annen enhet …"},{"$i":"device-status-paired","$v":"Sammenkoblet"},{"$i":"device-status-connecting","$v":"Kobler til …"},{"$i":"device-status-connected","$v":"Tilkoblet"},{"$i":"device-status-connected-phone","$v":"Koblet til telefonlyd"},{"$i":"device-status-connected-media","$v":"Koblet til medielyd"},{"$i":"device-status-connected-phone-media","$v":"Koblet til telefon/medielyd"},{"$i":"device-option-unpair","$v":"Fjern paring"},{"$i":"device-option-confirm","$v":"Bekreft"},{"$i":"device-option-unpair-confirmation","$v":"Bekreftelse"},{"$i":"device-option-unpair-device","$v":"Unpair enheten?"},{"$i":"device-option-connect","$v":"Koble til"},{"$i":"device-option-disconnect","$v":"Koble fra"},{"$i":"search-for-device","$v":"Søker etter enheter …"},{"$i":"search-device","$v":"Søk etter enheter"},{"$i":"rename-device","$v":"Bytt navn på enheten"},{"$i":"unnamed-device","$v":"Ukjent enhet"},{"$i":"change-phone-name","$v":"Endre telefonnavn"},{"$i":"change-phone-name-desc","$v":"Endre navnet på enheten som vises på datamaskinen"},{"$i":"bluetooth-new-name","$v":"Nytt navn"},{"$i":"error-pair-title","$v":"Kan ikke sammenkoble enhet"},{"$i":"error-pair-pincode","$v":"Kan ikke koble sammen med enheten. Kontroller at PIN-koden er riktig."},{"$i":"error-pair-toofast","$v":"Kan ikke koble sammen med enheten. For mange forespørsler."},{"$i":"error-pair-fail","$v":[{"t":"idOrVar","v":"devicename"}," sammenkobler ikke med telefonen din."]},{"$i":"error-pair-checkpin","$v":"Vil du prøve å sammenkoble med enheten igjen?"},{"$i":"error-connect-title","$v":"Kan ikke koble til enheter"},{"$i":"error-connect-msg","$v":"Kontroller at enheten du forsøker å koble til fremdeles er innenfor rekkevidde og har Bluetooth slått på."},{"$i":"unpair-title","$v":"Frakoble en enhet?"},{"$i":"unpair-msg","$v":"Du er koblet til denne enheten. Frakobling vil også frakoble den."},{"$i":"bluetooth","$v":"Bluetooth"},{"$i":"turn-bluetooth-on-title","$v":"Slå på Bluetooth"},{"$i":"bluetooth-status-description","$v":"Bluetooth er deaktivert"},{"$i":"turn-bluetooth-on","$v":"Bluetooth er deaktivert, slå på Bluetooth?"},{"$i":"cancel","$v":"Avbryt"},{"$i":"turn-on","$v":"Slå på"},{"$i":"error-transfer-title","$v":"Bluetooth-filoverføring mislyktes"},{"$i":"error-transfer-settings","$v":"Bluetooth-filoverføring mislyktes. Påse at Bluetooth-innstillingene er riktige."},{"$i":"ok","$v":"OK"},{"$i":"pair","$v":"Pare"},{"$i":"active-pair","$v":"Bekreft enheter for sammenk."},{"$i":"active-pair-confirmation","$v":["For å sammenkoble med ",{"t":"idOrVar","v":"device"},", må du påse at begge enheter viser følgende PIN-kode:"]},{"$i":"active-pair-pincode","$v":["For å sammenkoble med ",{"t":"idOrVar","v":"device"},", angir du PIN-koden på enheten."]},{"$i":"active-pair-passkey","$v":["For å sammenkoble med ",{"t":"idOrVar","v":"device"},", angir du passordet på enheten."]},{"$i":"passive-pair","$v":"Forespørsel om Bluetooth-sammenkobling"},{"$i":"passive-pair-confirmation","$v":"vil sammenkoble med denne telefonen. For å godta må du påse at begge enheter viser følgende PIN-kode."},{"$i":"passive-pair-pincode","$v":["vil pare med denne telefonen. Angi PIN-koden på ",{"t":"idOrVar","v":"device"},"-en du vil pare med. Trykk Par for å fortsette."]},{"$i":"passive-pair-enterpincode","$v":["vil pare med denne telefonen. Angi PIN-koden på ",{"t":"idOrVar","v":"device"},"-en du vil pare med. Trykk Par for å fortsette."]},{"$i":"passive-pair-passkey","$v":["vil pare med denne telefonen. Angi denne PIN-koden på ",{"t":"idOrVar","v":"device"},"-en du vil pare med og trykk Par for å fortsette."]},{"$i":"passive-pair-displaypasskey","$v":["vil sammenkoble med denne telefonen. Angi denne PIN-koden på ",{"t":"idOrVar","v":"device"}," du vil sammenkoble med."]},{"$i":"passive-pair-consent","$v":"vil pare med denne telefonen. Trykk Par for å fortsette."},{"$i":"pin-input-title","$v":"Angi PIN-kode"},{"$i":"pair-view-title","$v":"Bluetooth-forespørsel"},{"$i":"bluetooth-pairing-request-now-title","$v":"Forespørsel om Bluetooth-sammenkobling"},{"$i":"pairing-request-timeout-title","$v":"Forespørsel om Bluetooth-sammenkobling"},{"$i":"pairing-request-timeout-description","$v":"Forespørsel om Bluetooth-sammenkobling utløpt. Forsøk ny sammenkobling."},{"$i":"rescan","$v":"Oppdater"},{"$i":"select-device","$v":"Velg Enhet"},{"$i":"select","$v":"Velg"},{"$i":"paired-with-device","$v":["Sammenkoblet med ",{"t":"idOrVar","v":"deviceName"},"."]},{"$i":"paired-failed","$v":["Kunne ikke sammenkoble med ",{"t":"idOrVar","v":"deviceName"},"."]}]