[{"$i":"bluetooth-header","$v":[{"t":"idOrVar","v":"bluetooth"}]},{"$i":"bluetooth-enable-msg","$v":"Schakel Bluetooth in om apparaten in de buurt weer te geven."},{"$i":"bluetooth-paired-devices","$v":"Gekoppelde apparaten"},{"$i":"bluetooth-devices-nearby","$v":"Apparaten in de buurt"},{"$i":"bt-nodevices-nearby","$v":"Geen apparaten in de buurt gevonden."},{"$i":"bluetooth-visible-to-all","$v":"Zichtbaar voor iedereen"},{"$i":"bluetooth-name-maxlength-alert","$v":["Uw apparaatnaam is langer dan ",{"t":"idOrVar","v":"length"}," tekens. Probeer het nogmaals."]},{"$i":"bluetooth-address","$v":"Bluetooth-adres"},{"$i":"bluetooth-address-unavailable","$v":"Niet beschikbaar"},{"$i":"bt-status-nopaired","$v":"Geen apparaten gekoppeld"},{"$i":"bt-status-turnoff","$v":"Uitgeschakeld"},{"$i":"bt-status-paired","$v":{"few":[{"t":"idOrVar","v":"name"},", +",{"t":"idOrVar","v":"n"}," meer"],"many":[{"t":"idOrVar","v":"name"},", +",{"t":"idOrVar","v":"n"}," meer"],"one":[{"t":"idOrVar","v":"name"},", +",{"t":"idOrVar","v":"n"}," meer"],"other":[{"t":"idOrVar","v":"name"},", +",{"t":"idOrVar","v":"n"}," meer"],"two":[{"t":"idOrVar","v":"name"},", +",{"t":"idOrVar","v":"n"}," meer"],"zero":[{"t":"idOrVar","v":"name"}]},"$x":[{"t":"idOrVar","v":"plural"},"n"]},{"$i":"device-status-tap-connect","$v":"Druk op \"Selecteren\" om te koppelen"},{"$i":"device-status-pairing","$v":"Koppelen met apparaat..."},{"$i":"device-status-waiting","$v":"Wachten op ander apparaat..."},{"$i":"device-status-paired","$v":"Gekoppeld"},{"$i":"device-status-connecting","$v":"Verbinding maken..."},{"$i":"device-status-connected","$v":"Verbonden"},{"$i":"device-status-connected-phone","$v":"Verbonden met telefoonaudio"},{"$i":"device-status-connected-media","$v":"Verbonden met media-audio"},{"$i":"device-status-connected-phone-media","$v":"Verbonden met telefoon-/media-audio"},{"$i":"device-option-unpair","$v":"Loskoppelen"},{"$i":"device-option-confirm","$v":"Bevestigen"},{"$i":"device-option-unpair-confirmation","$v":"Bevestiging"},{"$i":"device-option-unpair-device","$v":"Apparaat loskoppelen?"},{"$i":"device-option-connect","$v":"Verbinding maken"},{"$i":"device-option-disconnect","$v":"Verbinding verbreken"},{"$i":"search-for-device","$v":"Zoeken naar apparaten..."},{"$i":"search-device","$v":"Zoeken naar apparaten"},{"$i":"rename-device","$v":"Mijn apparaat hernoemen"},{"$i":"unnamed-device","$v":"Onbekend apparaat"},{"$i":"change-phone-name","$v":"Telefoonnaam wijzigen"},{"$i":"change-phone-name-desc","$v":"Wijzig de naam van uw apparaat zoals deze op uw computer wordt weergegeven"},{"$i":"bluetooth-new-name","$v":"Nieuwe naam"},{"$i":"error-pair-title","$v":"Kan het apparaat niet koppelen"},{"$i":"error-pair-pincode","$v":"Kan niet koppelen met het apparaat. Controleer of de PIN-code juist is."},{"$i":"error-pair-toofast","$v":"Kan niet koppelen met het apparaat. Te veel verzoeken."},{"$i":"error-pair-fail","$v":[{"t":"idOrVar","v":"devicename"}," maakt geen koppeling met uw telefoon."]},{"$i":"error-pair-checkpin","$v":"Wilt u proberen dit apparaat opnieuw te koppelen?"},{"$i":"error-connect-title","$v":"Kan apparaten niet verbinden"},{"$i":"error-connect-msg","$v":"Controleer of het apparaat waarmee u probeert verbinding te maken nog binnen bereik is en Bluetooth ingeschakeld heeft."},{"$i":"unpair-title","$v":"Een verbonden apparaat loskoppelen?"},{"$i":"unpair-msg","$v":"U bent op dit moment verbonden met dit apparaat. Door ontkoppelen verbreekt u ook de verbinding met dit apparaat."},{"$i":"bluetooth","$v":"Bluetooth"},{"$i":"turn-bluetooth-on-title","$v":"Bluetooth inschakelen"},{"$i":"bluetooth-status-description","$v":"Bluetooth is uitgeschakeld"},{"$i":"turn-bluetooth-on","$v":"Bluetooth is uitgeschakeld. Bluetooth inschakelen?"},{"$i":"cancel","$v":"Annuleren"},{"$i":"turn-on","$v":"Inschakelen"},{"$i":"error-transfer-title","$v":"Overdragen van Bluetooth-bestand is mislukt"},{"$i":"error-transfer-settings","$v":"Overdragen van Bluetooth-bestand is mislukt. Controleer of de Bluetooth-instellingen juist zijn."},{"$i":"ok","$v":"OK"},{"$i":"pair","$v":"Koppelen"},{"$i":"active-pair","$v":"Bevestig apparaten om te koppelen"},{"$i":"active-pair-confirmation","$v":["Als u wilt koppelen met ",{"t":"idOrVar","v":"device"},", zorgt u ervoor dat op beide apparaten momenteel de volgende PIN-code wordt weergegeven:"]},{"$i":"active-pair-pincode","$v":["Als u wilt koppelen met ",{"t":"idOrVar","v":"apparaat"},", voert u de pincode in op het apparaat."]},{"$i":"active-pair-passkey","$v":["Als u wilt koppelen met ",{"t":"idOrVar","v":"apparaat"},", voert u de toegangscode in op het apparaat."]},{"$i":"passive-pair","$v":"Bluetooth-koppelingsverzoek"},{"$i":"passive-pair-confirmation","$v":"wil koppelen met deze telefoon. Als u wilt accepteren, moet u ervoor zorgen dat op beide apparaten de volgende PIN-code wordt weergegeven."},{"$i":"passive-pair-pincode","$v":["wil opnieuw koppelen met deze telefoon Voer de PIN-code in op ",{"t":"idOrVar","v":"device"}," waarmee u wilt koppelen. Druk op Koppelen om door te gaan."]},{"$i":"passive-pair-enterpincode","$v":["wil opnieuw koppelen met deze telefoon Voer de PIN-code in op ",{"t":"idOrVar","v":"device"}," waarmee u wilt koppelen. Druk op Koppelen om door te gaan."]},{"$i":"passive-pair-passkey","$v":["wil opnieuw koppelen met deze telefoon Voer deze PIN-code in op ",{"t":"idOrVar","v":"device"}," waarmee u wilt koppelen en druk op Koppelen om door te gaan."]},{"$i":"passive-pair-displaypasskey","$v":["wil koppelen met deze telefoon. Voer deze pincode in op ",{"t":"idOrVar","v":"device"}," waarmee u wilt koppelen."]},{"$i":"passive-pair-consent","$v":"wil opnieuw koppelen met deze telefoon Druk op Koppelen om door te gaan."},{"$i":"pin-input-title","$v":"PIN-code invoeren"},{"$i":"pair-view-title","$v":"Bluetooth-verzoek"},{"$i":"bluetooth-pairing-request-now-title","$v":"Bluetooth-koppelingsverzoek"},{"$i":"pairing-request-timeout-title","$v":"Bluetooth-koppelingsverzoek"},{"$i":"pairing-request-timeout-description","$v":"Bluetooth-koppelingsverzoek is verlopen. Probeer opnieuw te koppelen."},{"$i":"rescan","$v":"Opnieuw scannen"},{"$i":"select-device","$v":"Apparaat selecteren"},{"$i":"select","$v":"Selecteer"},{"$i":"paired-with-device","$v":["Gekoppeld met ",{"t":"idOrVar","v":"deviceName"},"."]},{"$i":"paired-failed","$v":["Kan niet koppelen met ",{"t":"idOrVar","v":"deviceName"},"."]}]