[{"$i":"bluetooth-header","$v":[{"t":"idOrVar","v":"bluetooth"}]},{"$i":"bluetooth-enable-msg","$v":"Włącz Bluetooth, aby wyświetlić urządzenia w okolicy."},{"$i":"bluetooth-paired-devices","$v":"Sparowane urządzenia"},{"$i":"bluetooth-devices-nearby","$v":"Urządzenia w pobliżu"},{"$i":"bt-nodevices-nearby","$v":"Nie znaleziono urządzeń w pobliżu."},{"$i":"bluetooth-visible-to-all","$v":"Widoczne dla wszystkich"},{"$i":"bluetooth-name-maxlength-alert","$v":["Nazwa Twojego urządzenia przekracza dopuszczalną liczbę znaków: ",{"t":"idOrVar","v":"length"},". Spróbuj ponownie."]},{"$i":"bluetooth-address","$v":"Adres Bluetooth"},{"$i":"bluetooth-address-unavailable","$v":"Niedostępne"},{"$i":"bt-status-nopaired","$v":"Brak sparowanych urządzeń"},{"$i":"bt-status-turnoff","$v":"Wyłączono"},{"$i":"bt-status-paired","$v":{"few":[{"t":"idOrVar","v":"name"}," +",{"t":"idOrVar","v":"n"}," więcej"],"many":[{"t":"idOrVar","v":"name"}," +",{"t":"idOrVar","v":"n"}," więcej"],"one":[{"t":"idOrVar","v":"name"}," +",{"t":"idOrVar","v":"n"}," więcej"],"other":[{"t":"idOrVar","v":"name"}," +",{"t":"idOrVar","v":"n"}," więcej"],"two":[{"t":"idOrVar","v":"name"}," +",{"t":"idOrVar","v":"n"}," więcej"],"zero":[{"t":"idOrVar","v":"name"}]},"$x":[{"t":"idOrVar","v":"plural"},"n"]},{"$i":"device-status-tap-connect","$v":"Naciśnij „Wybierz”, aby sparować"},{"$i":"device-status-pairing","$v":"Parowanie z urządzeniem…"},{"$i":"device-status-waiting","$v":"Oczekiwanie na drugie urządzenie…"},{"$i":"device-status-paired","$v":"Sparowano"},{"$i":"device-status-connecting","$v":"Łączenie…"},{"$i":"device-status-connected","$v":"Połączono"},{"$i":"device-status-connected-phone","$v":"Połączono z funkcją audio telefonu"},{"$i":"device-status-connected-media","$v":"Połączono z funkcją audio multimediów"},{"$i":"device-status-connected-phone-media","$v":"Połączono z funkcją audio multimediów/telefonu"},{"$i":"device-option-unpair","$v":"Anuluj parowanie"},{"$i":"device-option-confirm","$v":"Potwierdź"},{"$i":"device-option-unpair-confirmation","$v":"Potwierdzenie"},{"$i":"device-option-unpair-device","$v":"Odłączyć urządzenie?"},{"$i":"device-option-connect","$v":"Połącz"},{"$i":"device-option-disconnect","$v":"Rozłącz"},{"$i":"search-for-device","$v":"Szukanie urządzeń…"},{"$i":"search-device","$v":"Wyszukaj urządzenia"},{"$i":"rename-device","$v":"Zmień nazwę mojego urządzenia"},{"$i":"unnamed-device","$v":"Nieznane urządzenie"},{"$i":"change-phone-name","$v":"Zmień nazwę telefonu"},{"$i":"change-phone-name-desc","$v":"Zmień nazwę, pod którą telefon widoczny jest na komputerze"},{"$i":"bluetooth-new-name","$v":"Nowa nazwa"},{"$i":"error-pair-title","$v":"Nie można sparować urządzenia"},{"$i":"error-pair-pincode","$v":"Nie można sparować z urządzeniem. Sprawdź, czy kod PIN jest prawidłowy."},{"$i":"error-pair-toofast","$v":"Nie można sparować z tym urządzeniem. Zbyt duża liczba żądań."},{"$i":"error-pair-fail","$v":[{"t":"idOrVar","v":"devicename"}," nie łączy się z Twoim telefonem."]},{"$i":"error-pair-checkpin","$v":"Czy chcesz spróbować ponownie sparować z tym urządzeniem?"},{"$i":"error-connect-title","$v":"Nie można połączyć urządzeń"},{"$i":"error-connect-msg","$v":"Sprawdź, czy urządzenie, z którym próbujesz się połączyć, nadal znajduje się w zasięgu i ma włączoną funkcję Bluetooth."},{"$i":"unpair-title","$v":"Odłączyć podłączone urządzenie?"},{"$i":"unpair-msg","$v":"Twoje urządzenie jest połączone z tym urządzeniem. Anulowanie parowania spowoduje rozłączenie."},{"$i":"bluetooth","$v":"Bluetooth"},{"$i":"turn-bluetooth-on-title","$v":"Włącz Bluetooth"},{"$i":"bluetooth-status-description","$v":"Wyłączono Bluetooth"},{"$i":"turn-bluetooth-on","$v":"Bluetooth jest wyłączony. Włączyć Bluetooth?"},{"$i":"cancel","$v":"Anuluj"},{"$i":"turn-on","$v":"Włącz"},{"$i":"error-transfer-title","$v":"Przesyłanie pliku poprzez Bluetooth nie powiodło się"},{"$i":"error-transfer-settings","$v":"Przesyłanie pliku poprzez Bluetooth nie powiodło się. Sprawdź, czy ustawienia Bluetooth są prawidłowe."},{"$i":"ok","$v":"OK"},{"$i":"pair","$v":"Sparuj"},{"$i":"active-pair","$v":"Potwierdź parowanie urządzeń"},{"$i":"active-pair-confirmation","$v":["Aby sparować z urządzeniem ",{"t":"idOrVar","v":"device"},", upewnij się, że na obu urządzeniach obecnie widoczny jest następujący kod PIN:"]},{"$i":"active-pair-pincode","$v":["Aby sparować z urządzeniem ",{"t":"idOrVar","v":"device"},", wprowadź kod PIN na urządzeniu."]},{"$i":"active-pair-passkey","$v":["Aby sparować z urządzeniem ",{"t":"idOrVar","v":"device"},", wprowadź klucz dostępu na urządzeniu."]},{"$i":"passive-pair","$v":"Żądanie parowania Bluetooth"},{"$i":"passive-pair-confirmation","$v":"próbuje sparować się z tym telefonem. Aby zaakceptować, upewnij się, że oba urządzenia wyświetlają następujący PIN:"},{"$i":"passive-pair-pincode","$v":["chce połączyć się z tym telefonem. Wprowadź kod PIN na ",{"t":"idOrVar","v":"device"},", aby sparować. Naciśnij „Powiąż”, aby kontynuować."]},{"$i":"passive-pair-enterpincode","$v":["chce połączyć się z tym telefonem. Wprowadź kod PIN na ",{"t":"idOrVar","v":"device"},", aby sparować. Naciśnij „Powiąż”, aby kontynuować."]},{"$i":"passive-pair-passkey","$v":["chce połączyć się z tym telefonem. Wprowadź kod PIN na ",{"t":"idOrVar","v":"device"},", aby sparować i naciśnij „Powiąż”, aby kontynuować."]},{"$i":"passive-pair-displaypasskey","$v":["chce połączyć się z tym telefonem. Wprowadź ten kod PIN w urządzeniu ",{"t":"idOrVar","v":"device"},", z którym chcesz się połączyć."]},{"$i":"passive-pair-consent","$v":"chce połączyć się z tym telefonem. Naciśnij „Powiąż”, aby kontynuować."},{"$i":"pin-input-title","$v":"Wprowadź kod PIN"},{"$i":"pair-view-title","$v":"Żądanie Bluetooth"},{"$i":"bluetooth-pairing-request-now-title","$v":"Żądanie parowania Bluetooth"},{"$i":"pairing-request-timeout-title","$v":"Żądanie parowania Bluetooth"},{"$i":"pairing-request-timeout-description","$v":"Żądanie parowania Bluetooth wygasło. Spróbuj sparować ponownie."},{"$i":"rescan","$v":"Przeskanuj ponownie"},{"$i":"select-device","$v":"Wybierz urządzenie"},{"$i":"select","$v":"Wybierz"},{"$i":"paired-with-device","$v":["Sparowano z ",{"t":"idOrVar","v":"deviceName"},"."]},{"$i":"paired-failed","$v":["Nie udało się sparować z ",{"t":"idOrVar","v":"deviceName"},"."]}]