[{"$i":"bluetooth-header","$v":[{"t":"idOrVar","v":"bluetooth"}]},{"$i":"bluetooth-enable-msg","$v":"Ative o Bluetooth para visualizar dispositivos na área."},{"$i":"bluetooth-paired-devices","$v":"Dispositivos emparelhados"},{"$i":"bluetooth-devices-nearby","$v":"Dispositivos próximos"},{"$i":"bt-nodevices-nearby","$v":"Nenhum dispositivo encontrado por perto."},{"$i":"bluetooth-visible-to-all","$v":"Visível p/ todos"},{"$i":"bluetooth-name-maxlength-alert","$v":["O nome do dispositivo excede ",{"t":"idOrVar","v":"length"}," caracteres. Tente novamente."]},{"$i":"bluetooth-address","$v":"Endereço Bluetooth"},{"$i":"bluetooth-address-unavailable","$v":"Não disponível"},{"$i":"bt-status-nopaired","$v":"Não há dispositivos emparelhados"},{"$i":"bt-status-turnoff","$v":"Desativado"},{"$i":"bt-status-paired","$v":{"few":[{"t":"idOrVar","v":"name"},", +",{"t":"idOrVar","v":"n"}," mais"],"many":[{"t":"idOrVar","v":"name"},", +",{"t":"idOrVar","v":"n"}," mais"],"one":[{"t":"idOrVar","v":"name"},", +",{"t":"idOrVar","v":"n"}," mais"],"other":[{"t":"idOrVar","v":"name"},", +",{"t":"idOrVar","v":"n"}," mais"],"two":[{"t":"idOrVar","v":"name"},", +",{"t":"idOrVar","v":"n"}," mais"],"zero":[{"t":"idOrVar","v":"name"}]},"$x":[{"t":"idOrVar","v":"plural"},"n"]},{"$i":"device-status-tap-connect","$v":"Pressione \"Selecionar\" para emparelhar"},{"$i":"device-status-pairing","$v":"Emparelhando com dispositivo…"},{"$i":"device-status-waiting","$v":"Aguardando outro dispositivo…"},{"$i":"device-status-paired","$v":"Emparelhado"},{"$i":"device-status-connecting","$v":"Conectando…"},{"$i":"device-status-connected","$v":"Conectado"},{"$i":"device-status-connected-phone","$v":"Conectado ao áudio de telefone"},{"$i":"device-status-connected-media","$v":"Conectado ao áudio da mídia"},{"$i":"device-status-connected-phone-media","$v":"Conectado ao áudio de telefone/mídia"},{"$i":"device-option-unpair","$v":"Cancelar emparelhamento"},{"$i":"device-option-confirm","$v":"Confirmar"},{"$i":"device-option-unpair-confirmation","$v":"Confirmação"},{"$i":"device-option-unpair-device","$v":"Desemparelhar dispositivo?"},{"$i":"device-option-connect","$v":"Conectar"},{"$i":"device-option-disconnect","$v":"Desconectar"},{"$i":"search-for-device","$v":"Pesquisando dispositivos…"},{"$i":"search-device","$v":"Pesquisar dispositivos"},{"$i":"rename-device","$v":"Renomear meu dispositivo"},{"$i":"unnamed-device","$v":"Dispositivo desconhecido"},{"$i":"change-phone-name","$v":"Alterar nome do telefone"},{"$i":"change-phone-name-desc","$v":"Alterar o nome do dispositivo como ele aparece no seu computador"},{"$i":"bluetooth-new-name","$v":"Novo nome"},{"$i":"error-pair-title","$v":"Impossível sincronizar dispositivo"},{"$i":"error-pair-pincode","$v":"Não foi possível emparelhar com o dispositivo. Verifique se o PIN está correto."},{"$i":"error-pair-toofast","$v":"Não foi possível emparelhar com o dispositivo. Muitas solicitações."},{"$i":"error-pair-fail","$v":[{"t":"idOrVar","v":"devicename"}," não está emparelhando com seu telefone."]},{"$i":"error-pair-checkpin","$v":"Deseja tentar novamente o emparelhamento com este dispositivo?"},{"$i":"error-connect-title","$v":"Impossível conectar dispositivos"},{"$i":"error-connect-msg","$v":"Verifique se o dispositivo com o qual você está tentando se conectar ainda está no alcance e se tem o Bluetooth ativado."},{"$i":"unpair-title","$v":"Cancelar o emparelhamento de um dispositivo conectado?"},{"$i":"unpair-msg","$v":"Você está conectado no momento a este dispositivo. Cancelar o emparelhamento também causará a desconexão do dispositivo."},{"$i":"bluetooth","$v":"Bluetooth"},{"$i":"turn-bluetooth-on-title","$v":"Ativar Bluetooth"},{"$i":"bluetooth-status-description","$v":"O Bluetooth está desativado"},{"$i":"turn-bluetooth-on","$v":"O Bluetooth está desativado. Ativar Bluetooth?"},{"$i":"cancel","$v":"Cancelar"},{"$i":"turn-on","$v":"Ativar"},{"$i":"error-transfer-title","$v":"Falha ao transferir arquivos Bluetooth"},{"$i":"error-transfer-settings","$v":"Falha ao transferir arquivos Bluetooth. Verifique se as configurações de Bluetooth estão corretas."},{"$i":"ok","$v":"OK"},{"$i":"pair","$v":"Emparelhar"},{"$i":"active-pair","$v":"Confirmar dispositivos a emparelhar"},{"$i":"active-pair-confirmation","$v":["Para emparelhar com ",{"t":"idOrVar","v":"device"},", certifique-se de que ambos os dispositivos atualmente têm o seguinte PIN exibido:"]},{"$i":"active-pair-pincode","$v":["Para emparelhar com ",{"t":"idOrVar","v":"device"},", insira o PIN no dispositivo."]},{"$i":"active-pair-passkey","$v":["Para emparelhar com ",{"t":"idOrVar","v":"device"},", insira a chave de acesso no dispositivo."]},{"$i":"passive-pair","$v":"Solicitação de emparelhamento por Bluetooth"},{"$i":"passive-pair-confirmation","$v":"deseja parear com este telefone. Para aceitar, certifique-se de que ambos dispositivos têm o seguinte PIN exibido."},{"$i":"passive-pair-pincode","$v":["deseja sincronizar com este telefone. Digite o código PIN no(a) ",{"t":"idOrVar","v":"device"}," com o qual você deseja sincronizar. Pressione Sincronizar para prosseguir."]},{"$i":"passive-pair-enterpincode","$v":["deseja sincronizar com este telefone. Digite o código PIN no(a) ",{"t":"idOrVar","v":"device"}," com o qual você deseja sincronizar. Pressione Sincronizar para prosseguir."]},{"$i":"passive-pair-passkey","$v":["deseja sincronizar com este telefone. Digite o código PIN no(a) ",{"t":"idOrVar","v":"device"}," com o qual você deseja sincronizar e pressione Sincronizar para prosseguir."]},{"$i":"passive-pair-displaypasskey","$v":["deseja sincronizar com este telefone. Digite este PIN no(a) ",{"t":"idOrVar","v":"device"}," com o(a) qual você deseja sincronizar."]},{"$i":"passive-pair-consent","$v":"deseja sincronizar com este telefone. Pressione Sincronizar para prosseguir."},{"$i":"pin-input-title","$v":"Digitar código PIN"},{"$i":"pair-view-title","$v":"Solicitação de Bluetooth"},{"$i":"bluetooth-pairing-request-now-title","$v":"Solicitação de emparelhamento por Bluetooth"},{"$i":"pairing-request-timeout-title","$v":"Solicitação de emparelhamento por Bluetooth"},{"$i":"pairing-request-timeout-description","$v":"Solicitação de emparelhamento por Bluetooth expirada. Tente emparelhar novamente."},{"$i":"rescan","$v":"Pesquisar novamente"},{"$i":"select-device","$v":"Selecionar dispositivo"},{"$i":"select","$v":"Selecionar"},{"$i":"paired-with-device","$v":["Emparelhado com ",{"t":"idOrVar","v":"deviceName"},"."]},{"$i":"paired-failed","$v":["Falha ao emparelhar com ",{"t":"idOrVar","v":"deviceName"},"."]}]