[{"$i":"bluetooth-header","$v":[{"t":"idOrVar","v":"bluetooth"}]},{"$i":"bluetooth-enable-msg","$v":"Zapnite Bluetooth na zobrazenie zariadení v oblasti."},{"$i":"bluetooth-paired-devices","$v":"Spárov. zariadenia"},{"$i":"bluetooth-devices-nearby","$v":"Zar. v okolí"},{"$i":"bt-nodevices-nearby","$v":"Nenašli sa žiad. zar. nablíz."},{"$i":"bluetooth-visible-to-all","$v":"Vidia všetci"},{"$i":"bluetooth-name-maxlength-alert","$v":["Názov zariadenia presahuje ",{"t":"idOrVar","v":"length"}," znakov. Skúste znova."]},{"$i":"bluetooth-address","$v":"Adresa Bluetooth"},{"$i":"bluetooth-address-unavailable","$v":"Nedostupné"},{"$i":"bt-status-nopaired","$v":"Žiadne spárované zariadenia"},{"$i":"bt-status-turnoff","$v":"Vypnuté"},{"$i":"bt-status-paired","$v":{"few":[{"t":"idOrVar","v":"name"}," + ďalšie (",{"t":"idOrVar","v":"n"},")"],"many":[{"t":"idOrVar","v":"name"}," + ďalšie (",{"t":"idOrVar","v":"n"},")"],"one":[{"t":"idOrVar","v":"name"}," + ďalšie (",{"t":"idOrVar","v":"n"},")"],"other":[{"t":"idOrVar","v":"name"}," + ďalšie (",{"t":"idOrVar","v":"n"},")"],"two":[{"t":"idOrVar","v":"name"}," + ďalšie (",{"t":"idOrVar","v":"n"},")"],"zero":[{"t":"idOrVar","v":"name"}]},"$x":[{"t":"idOrVar","v":"plural"},"n"]},{"$i":"device-status-tap-connect","$v":"Spárujte stlač. „Zvoliť“"},{"$i":"device-status-pairing","$v":"Párov. so zariadením..."},{"$i":"device-status-waiting","$v":"Čaká sa na druhé zariadenie..."},{"$i":"device-status-paired","$v":"Spárov."},{"$i":"device-status-connecting","$v":"Pripájanie…"},{"$i":"device-status-connected","$v":"Pripojené"},{"$i":"device-status-connected-phone","$v":"Pripojené k zvuku telefónu"},{"$i":"device-status-connected-media","$v":"Pripojené k zvuku média"},{"$i":"device-status-connected-phone-media","$v":"Pripojené k zvuku telefónu/média"},{"$i":"device-option-unpair","$v":"párovanie"},{"$i":"device-option-confirm","$v":"Potvrdiť"},{"$i":"device-option-unpair-confirmation","$v":"Potvrdenie"},{"$i":"device-option-unpair-device","$v":"Zrušiť spárovanie zariadenia?"},{"$i":"device-option-connect","$v":"Pripojiť sa"},{"$i":"device-option-disconnect","$v":"Odpojiť"},{"$i":"search-for-device","$v":"Hľadajú sa zariadenia..."},{"$i":"search-device","$v":"Vyhľadať zariadenia"},{"$i":"rename-device","$v":"Premenovať zar."},{"$i":"unnamed-device","$v":"Neznáme zariadenie"},{"$i":"change-phone-name","$v":"Zmeniť názov telefónu"},{"$i":"change-phone-name-desc","$v":"Zmeňte názov zar., kt. sa zobrazuje v počítači"},{"$i":"bluetooth-new-name","$v":"Nové meno"},{"$i":"error-pair-title","$v":"Nedá sa spárovať zariadenia"},{"$i":"error-pair-pincode","$v":"Nedá sa spárovať so zariadením. Skontrolujte správnosť kódu PIN."},{"$i":"error-pair-toofast","$v":"Nedá sa spárovať so zariadením. Priveľa žiadostí."},{"$i":"error-pair-fail","$v":[{"t":"idOrVar","v":"devicename"}," nie je spárované s telefónom."]},{"$i":"error-pair-checkpin","$v":"Chcete znova skúsiť spárovanie s týmto zar.?"},{"$i":"error-connect-title","$v":"Pripojenie zariadenia neúspešné"},{"$i":"error-connect-msg","$v":"Skontrolujte, či zar., ku kt. sa chcete pripojiť, je stále v dosahu a má zapnuté Bluetooth."},{"$i":"unpair-title","$v":"Zruš. párovanie prip zar.?"},{"$i":"unpair-msg","$v":"Aktuálne ste pripojení k tomuto zariadeniu. Zrušením spárovania tiež dôjde k jeho odpojeniu."},{"$i":"bluetooth","$v":"Bluetooth"},{"$i":"turn-bluetooth-on-title","$v":"Zapnúť Bluetooth"},{"$i":"bluetooth-status-description","$v":"Bluetooth je vypnuté"},{"$i":"turn-bluetooth-on","$v":"Bluetooth je vyp. Chcete ho zapnúť teraz?"},{"$i":"cancel","$v":"Zrušiť"},{"$i":"turn-on","$v":"Zapnúť"},{"$i":"error-transfer-title","$v":"Prenos súb. cez Bluetooth zlyhal"},{"$i":"error-transfer-settings","$v":"Prenos súb. cez Bluetooth zlyhal. Skontrolujte, či sú nastav. Bluetooth správne."},{"$i":"ok","$v":"OK"},{"$i":"pair","$v":"Spár."},{"$i":"active-pair","$v":"Potvrdiť zar. na spár."},{"$i":"active-pair-confirmation","$v":["Pre spárovanie s ",{"t":"idOrVar","v":"device"}," skontrolujte, že obe zariadenia teraz zobrazujú nasledujúci kód PIN:"]},{"$i":"active-pair-pincode","$v":["Pre spárovanie s ",{"t":"idOrVar","v":"device"}," zadajte kód PIN v zariadení."]},{"$i":"active-pair-passkey","$v":["Ak chcete telefón spárovať so zariadením ",{"t":"idOrVar","v":"device"},", zadajte prístupový kód na zariadení."]},{"$i":"passive-pair","$v":"Žiadosť o spárovanie Bluetooth"},{"$i":"passive-pair-confirmation","$v":"sa chce spárovať s týmto telefónom. Ak súhlasíte, overte, že sa v oboch zariadeniach práve zobrazuje tento PIN kód."},{"$i":"passive-pair-pincode","$v":["sa chce spárovať s týmto telefónom. Zadajte PIN kód v zariadení ",{"t":"idOrVar","v":"device"},", ktoré chcete spárovať, a pokračujte stlačením tlačidla Spárovať."]},{"$i":"passive-pair-enterpincode","$v":["sa chce spárovať s týmto telefónom. Zadajte PIN kód v zariadení ",{"t":"idOrVar","v":"device"},", ktoré chcete spárovať, a pokračujte stlačením tlačidla Spárovať."]},{"$i":"passive-pair-passkey","$v":["sa chce spárovať s týmto telefónom. Zadajte tento PIN kód v zariadení ",{"t":"idOrVar","v":"device"},", ktoré chcete spárovať, a pokračujte stlačením tlačidla Spárovať."]},{"$i":"passive-pair-displaypasskey","$v":["sa chce spárovať s týmto telefónom. Zadajte tento PIN kód v zariadení ",{"t":"idOrVar","v":"device"},", s ktorým sa chcete spárovať."]},{"$i":"passive-pair-consent","$v":"sa chce spárovať s týmto telefónom. Ak chcete pokračovať, stlačte tlačidlo Spárovať."},{"$i":"pin-input-title","$v":"Zadajte PIN kód"},{"$i":"pair-view-title","$v":"Žiadosť Bluetooth"},{"$i":"bluetooth-pairing-request-now-title","$v":"Žiadosť o spárovanie Bluetooth"},{"$i":"pairing-request-timeout-title","$v":"Žiadosť o spárovanie Bluetooth"},{"$i":"pairing-request-timeout-description","$v":"Platnosť žiad. o spár. Bluetooth vypršala. Skúste znova."},{"$i":"rescan","$v":"Zn. sken."},{"$i":"select-device","$v":"Vyberte možnosť Zariadenie"},{"$i":"select","$v":"Zvoliť"},{"$i":"paired-with-device","$v":["Spárov. s ",{"t":"idOrVar","v":"deviceName"},"."]},{"$i":"paired-failed","$v":["Párovanie so zariadením ",{"t":"idOrVar","v":"deviceName"}," zlyhalo."]}]