[{"$i":"bluetooth-header","$v":[{"t":"idOrVar","v":"bluetooth"}]},{"$i":"bluetooth-enable-msg","$v":"Uključite Bluetooth da biste pogledali uređaje u blizini."},{"$i":"bluetooth-paired-devices","$v":"Upareni uređaji"},{"$i":"bluetooth-devices-nearby","$v":"Uređaji u blizini"},{"$i":"bt-nodevices-nearby","$v":"Nema uređaja u blizini."},{"$i":"bluetooth-visible-to-all","$v":"Vidljivo za sve"},{"$i":"bluetooth-name-maxlength-alert","$v":["Ime vašeg uređaja prekoračuje ",{"t":"idOrVar","v":"length"}," znakova. Pokušajte ponovo."]},{"$i":"bluetooth-address","$v":"Bluetooth adresa"},{"$i":"bluetooth-address-unavailable","$v":"Nije dostupno"},{"$i":"bt-status-nopaired","$v":"Нема упарених уређаја"},{"$i":"bt-status-turnoff","$v":"Isključeno"},{"$i":"bt-status-paired","$v":{"few":[{"t":"idOrVar","v":"name"},", +",{"t":"idOrVar","v":"n"}," još"],"many":[{"t":"idOrVar","v":"name"},", +",{"t":"idOrVar","v":"n"}," još"],"one":[{"t":"idOrVar","v":"name"},", +",{"t":"idOrVar","v":"n"}," još"],"other":[{"t":"idOrVar","v":"name"},", +",{"t":"idOrVar","v":"n"}," još"],"two":[{"t":"idOrVar","v":"name"},", +",{"t":"idOrVar","v":"n"}," još"],"zero":[{"t":"idOrVar","v":"name"}]},"$x":[{"t":"idOrVar","v":"plural"},"n"]},{"$i":"device-status-tap-connect","$v":"Pritisnite “OdaberiI\" za uparivanje"},{"$i":"device-status-pairing","$v":"Uparivanje sa uređajem…"},{"$i":"device-status-waiting","$v":"Čekanje na drugi uređaj…"},{"$i":"device-status-paired","$v":"Upareno"},{"$i":"device-status-connecting","$v":"Povezivanje…"},{"$i":"device-status-connected","$v":"Povezano"},{"$i":"device-status-connected-phone","$v":"Povezano sa audiom telefona"},{"$i":"device-status-connected-media","$v":"Povezano sa audiom medijskog sadržaja"},{"$i":"device-status-connected-phone-media","$v":"Povezano sa audiom telefona/medijskog sadržaja"},{"$i":"device-option-unpair","$v":"Унпаир"},{"$i":"device-option-confirm","$v":"Potvrdi"},{"$i":"device-option-unpair-confirmation","$v":"Potvrda"},{"$i":"device-option-unpair-device","$v":"Поништавање упаривања уређаја?"},{"$i":"device-option-connect","$v":"Poveži se"},{"$i":"device-option-disconnect","$v":"Prekini vezu"},{"$i":"search-for-device","$v":"Traženje uređaja..."},{"$i":"search-device","$v":"Traži uređaje"},{"$i":"rename-device","$v":"Preimenuj moj uređaj"},{"$i":"unnamed-device","$v":"Nepoznati uređaj"},{"$i":"change-phone-name","$v":"Promeni ime telefona"},{"$i":"change-phone-name-desc","$v":"Promenite ime vašeg uređaja koje se pojavljuje na vašem na računaru"},{"$i":"bluetooth-new-name","$v":"Novo ime"},{"$i":"error-pair-title","$v":"Nije moguće upariti uređaj"},{"$i":"error-pair-pincode","$v":"Nije moguće upariti sa uređajem. Proverite da li je PIN tačan."},{"$i":"error-pair-toofast","$v":"Nije moguće upariti sa uređajem. Previše zahteva."},{"$i":"error-pair-fail","$v":[{"t":"idOrVar","v":"devicename"}," se ne uparuje s vašim telefonom."]},{"$i":"error-pair-checkpin","$v":"Želite li ponovo da pokušate da se uparite sa ovim uređajem?"},{"$i":"error-connect-title","$v":"Povezivanje uređaja nije moguće"},{"$i":"error-connect-msg","$v":"Proverite da li je uređaj sa kojim pokušavate da se povežete i dalje u dometu i da li je Bluetooth uključen."},{"$i":"unpair-title","$v":"Raspariti povezani uređaj?"},{"$i":"unpair-msg","$v":"Trenutno ste povezani sa ovim uređajem. Rasparivanje će takođe prekinuti vezu sa uređajem."},{"$i":"bluetooth","$v":"Bluetooth"},{"$i":"turn-bluetooth-on-title","$v":"Uključi Bluetooth"},{"$i":"bluetooth-status-description","$v":"Блуетоотх је онемогућен"},{"$i":"turn-bluetooth-on","$v":"Bluetooth je onemogućen, žel. li da uklj. Bluetooth?"},{"$i":"cancel","$v":"Otkaži"},{"$i":"turn-on","$v":"Uključi"},{"$i":"error-transfer-title","$v":"Prenos datoteke preko Bluetooth-a nije uspeo"},{"$i":"error-transfer-settings","$v":"Prenos datoteke preko Bluetooth-a nije uspeo. Proverite da li su podešavanja Bluetooth-a ispravna."},{"$i":"ok","$v":"OK"},{"$i":"pair","$v":"Upari"},{"$i":"active-pair","$v":"Potvrdi uređaje za upar."},{"$i":"active-pair-confirmation","$v":["Za uparivanje sa ",{"t":"idOrVar","v":"device"},", proverite da li je na oba uređaja trenutno prikazan sledeći PIN:"]},{"$i":"active-pair-pincode","$v":["Za uparivanje sa ",{"t":"idOrVar","v":"device"},", unesite PIN kod na uređaju."]},{"$i":"active-pair-passkey","$v":["Za uparivanje sa uređajem ",{"t":"idOrVar","v":"device"},", unesite šifru na uređaju."]},{"$i":"passive-pair","$v":"Zahtev za uparivanje preko Bluetooth-a"},{"$i":"passive-pair-confirmation","$v":"želi da izvrši uparivanje sa ovim telefonom. Da biste to prihvatili, uverite se da oba uređaja imaju prikazan sledeći PIN kod."},{"$i":"passive-pair-pincode","$v":["želi da se upari sa ovim telefonom. Unesite PIN šifru na ",{"t":"idOrVar","v":"device"}," uređaj sa kojim želite da se uparite. Pritisnite Upari da biste nastavili."]},{"$i":"passive-pair-enterpincode","$v":["želi da se upari sa ovim telefonom. Unesite PIN šifru na ",{"t":"idOrVar","v":"device"}," uređaj sa kojim želite da se uparite. Pritisnite Upari da biste nastavili."]},{"$i":"passive-pair-passkey","$v":["želi da se upari sa ovim telefonom. Unesite ovaj PIN na ",{"t":"idOrVar","v":"device"}," uređaj sa kojim želite da se uparite i pritisnite Upari da biste nastavili."]},{"$i":"passive-pair-displaypasskey","$v":["želi da izvrši uparivanje sa ovim telefonom. Unesite ovaj PIN na uređaju ",{"t":"idOrVar","v":"device"}," sa kojim želite da izvršite uparivanje."]},{"$i":"passive-pair-consent","$v":"želi da se upari sa ovim telefonom. Pritisnite Upari da biste nastavili."},{"$i":"pin-input-title","$v":"Unesite PIN šifru:"},{"$i":"pair-view-title","$v":"Zahtev za uparivanje preko Bluetooth-a"},{"$i":"bluetooth-pairing-request-now-title","$v":"Zahtev za uparivanje preko Bluetooth-a"},{"$i":"pairing-request-timeout-title","$v":"Zahtev za uparivanje preko Bluetooth-a"},{"$i":"pairing-request-timeout-description","$v":"Istekao je zahtev za uparivanje preko Bluetooth-a. Pokušajte ponovo uparivanje."},{"$i":"rescan","$v":"Osveži"},{"$i":"select-device","$v":"Изаберите Уређај"},{"$i":"select","$v":"Odaberi"},{"$i":"paired-with-device","$v":["Uparen sa uređajem ",{"t":"idOrVar","v":"deviceName"},"."]},{"$i":"paired-failed","$v":["Uparivanje sa uređajem ",{"t":"idOrVar","v":"deviceName"}," nije uspelo."]}]