[{"$i":"bluetooth-header","$v":[{"t":"idOrVar","v":"bluetooth"}]},{"$i":"bluetooth-enable-msg","$v":"Turn Bluetooth on to view devices in the area."},{"$i":"bluetooth-paired-devices","$v":"Paired devices"},{"$i":"bluetooth-devices-nearby","$v":"Nearby Devices"},{"$i":"bt-nodevices-nearby","$v":"No devices found nearby."},{"$i":"bluetooth-visible-to-all","$v":"Visible to all"},{"$i":"bluetooth-name-maxlength-alert","$v":["Your device name exceeds ",{"t":"idOrVar","v":"length"}," characters. Please retry again."]},{"$i":"bluetooth-address","$v":"Bluetooth Address"},{"$i":"bluetooth-address-unavailable","$v":"Not available"},{"$i":"bt-status-nopaired","$v":"No devices paired"},{"$i":"bt-status-turnoff","$v":"Turned off"},{"$i":"bt-status-paired","$v":{"few":[{"t":"idOrVar","v":"name"},", +",{"t":"idOrVar","v":"n"}," more"],"many":[{"t":"idOrVar","v":"name"},", +",{"t":"idOrVar","v":"n"}," more"],"one":[{"t":"idOrVar","v":"name"},", +",{"t":"idOrVar","v":"n"}," more"],"other":[{"t":"idOrVar","v":"name"},", +",{"t":"idOrVar","v":"n"}," more"],"two":[{"t":"idOrVar","v":"name"},", +",{"t":"idOrVar","v":"n"}," more"],"zero":[{"t":"idOrVar","v":"name"}]},"$x":[{"t":"idOrVar","v":"plural"},"n"]},{"$i":"device-status-tap-connect","$v":"Cofa \"Khetha\" ukuze uperishe"},{"$i":"device-status-pairing","$v":"Iperisha nesixhobo..."},{"$i":"device-status-waiting","$v":"Ilinde esinye isixhobo…"},{"$i":"device-status-paired","$v":"Paired"},{"$i":"device-status-connecting","$v":"Connecting…"},{"$i":"device-status-connected","$v":"Connected"},{"$i":"device-status-connected-phone","$v":"Connected to phone audio"},{"$i":"device-status-connected-media","$v":"Connected to media audio"},{"$i":"device-status-connected-phone-media","$v":"Connected to phone/media audio"},{"$i":"device-option-unpair","$v":"Unpair"},{"$i":"device-option-confirm","$v":"Confirm"},{"$i":"device-option-unpair-confirmation","$v":"Confirmation"},{"$i":"device-option-unpair-device","$v":"Unpair device?"},{"$i":"device-option-connect","$v":"Connect"},{"$i":"device-option-disconnect","$v":"Disconnect"},{"$i":"search-for-device","$v":"Ikhangela izixhobo…"},{"$i":"search-device","$v":"Khangela izixhobo"},{"$i":"rename-device","$v":"Thiya ngokutsha isixhobo sam"},{"$i":"unnamed-device","$v":"Isixhobo asaziwa"},{"$i":"change-phone-name","$v":"Change phone name"},{"$i":"change-phone-name-desc","$v":"Change the name of your device as it appears in your computer"},{"$i":"bluetooth-new-name","$v":"New name"},{"$i":"error-pair-title","$v":"Ayikwazi Kuperisha Isixhobo"},{"$i":"error-pair-pincode","$v":"Ayikwazi kuperisha nesixhobo. Hlola ukuba i-PIN ichanile."},{"$i":"error-pair-toofast","$v":"Ayikwazi kuperisha nesixhobo. Kukho izicelo ezininzi."},{"$i":"error-pair-fail","$v":[{"t":"idOrVar","v":"devicename"}," ayiperishi nefowuni yakho."]},{"$i":"error-pair-checkpin","$v":"Ngaba uyafuna ukuzama ukuperisha ngesi sixhobo kwakhona?"},{"$i":"error-connect-title","$v":"Ayikwazi kuqhagamshela izixhobo"},{"$i":"error-connect-msg","$v":"Hlola ukuba isixhobo ozama ukusiqhagamshela sisabonakala na yaye i-Bluetooth ilayitiwe."},{"$i":"unpair-title","$v":"Yeka ukuperisha isixhobo esiqhagamshelweyo?"},{"$i":"unpair-msg","$v":"Ngoku uqhagamshelane nesi sixhobo. Ukuyeka ukuperisha kuza kuqhawula noqhagamshelo naso."},{"$i":"bluetooth","$v":"Bluetooth"},{"$i":"turn-bluetooth-on-title","$v":"Layita iBluetooth"},{"$i":"bluetooth-status-description","$v":"Bluetooth is disabled"},{"$i":"turn-bluetooth-on","$v":"IBluetooth icinyiwe. Siyilayite?"},{"$i":"cancel","$v":"Cancel"},{"$i":"turn-on","$v":"Layita"},{"$i":"error-transfer-title","$v":"Ukudluliselwa kwefayile ye-Bluetooth kusilele"},{"$i":"error-transfer-settings","$v":"Ukudluliselwa kwefayile ye-Bluetooth kusilele. Hlola ukuba iisetingi ze-Bluetooth zichanile."},{"$i":"ok","$v":"Kulungile"},{"$i":"pair","$v":"Perisha"},{"$i":"active-pair","$v":"Confirm devices to pair"},{"$i":"active-pair-confirmation","$v":["To pair with ",{"t":"idOrVar","v":"device"},", make sure that both devices currently have the following PIN displayed:"]},{"$i":"active-pair-pincode","$v":["To pair with ",{"t":"idOrVar","v":"device"},", enter the PIN on the device."]},{"$i":"active-pair-passkey","$v":["Ukuze udibanise ne-",{"t":"idOrVar","v":"device"}," faka ikhowudi kwisixhobo."]},{"$i":"passive-pair","$v":"Isicelo sokuperisha i-Bluetooth"},{"$i":"passive-pair-confirmation","$v":"ingathanda ukudibana nale fowuni. Ukuze wamkele, qinisekisa ukuba zombini izixhobo zibonisa le-PIN ilandelayo."},{"$i":"passive-pair-pincode","$v":["singathanda ukudibana nale fowuni. Nceda ufake i-PIN khowudi kwi ",{"t":"idOrVar","v":"device"}," ongathanda ukudibana nayo. Cofa uDibana ukuze uqhubeke."]},{"$i":"passive-pair-enterpincode","$v":["singathanda ukudibana nale fowuni. Nceda ufake i-PIN khowudi kwi ",{"t":"idOrVar","v":"device"}," ongathanda ukudibana nayo. Cofa uDibana ukuze uqhubeke."]},{"$i":"passive-pair-passkey","$v":["singathanda ukudibana nale fowuni. Nceda ufake le PIN kwi ",{"t":"idOrVar","v":"device"}," ongathanda ukudibana nayo uze ucofe uDibana ukuze uqhubeke."]},{"$i":"passive-pair-displaypasskey","$v":["singathanda ukudibana nale fowuni. Nceda ufake le PIN kwi ",{"t":"idOrVar","v":"device"}," ongathanda ukudibana nayo uze ucofe uDibana ukuze uqhubeke."]},{"$i":"passive-pair-consent","$v":"singathanda ukudibana nale fowuni. Cofa uDibana ukuze uqhubeke."},{"$i":"pin-input-title","$v":"Faka ikhowudi ye-PIN"},{"$i":"pair-view-title","$v":"Isicelo se-Bluetooth"},{"$i":"bluetooth-pairing-request-now-title","$v":"Bluetooth pairing request"},{"$i":"pairing-request-timeout-title","$v":"Isicelo Sokuperisha i-Bluetooth"},{"$i":"pairing-request-timeout-description","$v":"Isicelo sokuperisha i-Bluetooth siphelelwe. Zama ukuperisha kwakhona."},{"$i":"rescan","$v":"Phinda Uskene"},{"$i":"select-device","$v":"Khetha Isixhobo"},{"$i":"select","$v":"Khetha"},{"$i":"paired-with-device","$v":["Iperishwe ne ",{"t":"idOrVar","v":"deviceName"},"."]},{"$i":"paired-failed","$v":["Isilele ukuperisha ne ",{"t":"idOrVar","v":"deviceName"},"."]}]