[{"$i":"bluetooth-header","$v":[{"t":"idOrVar","v":"bluetooth"}]},{"$i":"bluetooth-enable-msg","$v":"Vula i-Bluetooth ukuze ubone amadivayisi akhona endaweni."},{"$i":"bluetooth-paired-devices","$v":"Amadivayisi abhangqiwe"},{"$i":"bluetooth-devices-nearby","$v":"Amadivayisi Aseduzane"},{"$i":"bt-nodevices-nearby","$v":"Awekho amadivayisi atholakala eduzane."},{"$i":"bluetooth-visible-to-all","$v":"Ibonakala kubo bonke"},{"$i":"bluetooth-name-maxlength-alert","$v":["Igama ledivayisi yakho linezinhlamvu ezingaphezu kwezingu ",{"t":"idOrVar","v":"length"},". Sicela uphinde uzame futhi."]},{"$i":"bluetooth-address","$v":"Ikheli Le-Bluetooth"},{"$i":"bluetooth-address-unavailable","$v":"Akutholakali"},{"$i":"bt-status-nopaired","$v":"Awekho amadivayisi abhangqiwe"},{"$i":"bt-status-turnoff","$v":"Icishiwe"},{"$i":"bt-status-paired","$v":{"few":[{"t":"idOrVar","v":"name"},", +",{"t":"idOrVar","v":"n"}," okwengeziwe"],"many":[{"t":"idOrVar","v":"name"},", +",{"t":"idOrVar","v":"n"}," okwengeziwe"],"one":[{"t":"idOrVar","v":"name"},", +",{"t":"idOrVar","v":"n"}," okwengeziwe"],"other":[{"t":"idOrVar","v":"name"},", +",{"t":"idOrVar","v":"n"}," okwengeziwe"],"two":[{"t":"idOrVar","v":"name"},", +",{"t":"idOrVar","v":"n"}," okwengeziwe"],"zero":[{"t":"idOrVar","v":"name"}]},"$x":[{"t":"idOrVar","v":"plural"},"n"]},{"$i":"device-status-tap-connect","$v":"Chofoza  \"Khetha\" ukuze ubhangqe"},{"$i":"device-status-pairing","$v":"Ukubhangqwa kwamadivayisi…"},{"$i":"device-status-waiting","$v":"Ilinde enye idivayisi…"},{"$i":"device-status-paired","$v":"Ibhangqiwe"},{"$i":"device-status-connecting","$v":"Iyaxhuma…"},{"$i":"device-status-connected","$v":"Kuxhunyiwe"},{"$i":"device-status-connected-phone","$v":"Ixhunywe emsindweni wefoni"},{"$i":"device-status-connected-media","$v":"Ixhunywe kumsindo wemidiya"},{"$i":"device-status-connected-phone-media","$v":"Ixhunywe emsindweni wefoni/wemidiya"},{"$i":"device-option-unpair","$v":"Ungabhangqi"},{"$i":"device-option-confirm","$v":"Qinisekisa"},{"$i":"device-option-unpair-confirmation","$v":"Ukuqinisekisa"},{"$i":"device-option-unpair-device","$v":"Yeka ukubhanqa idivayisi?"},{"$i":"device-option-connect","$v":"Xhuma"},{"$i":"device-option-disconnect","$v":"Nqamula"},{"$i":"search-for-device","$v":"Icinga amadivayisi…"},{"$i":"search-device","$v":"Cinga amadivayisi"},{"$i":"rename-device","$v":"Qamba kabusha idivayisi yami"},{"$i":"unnamed-device","$v":"Idivayisi engaziwa"},{"$i":"change-phone-name","$v":"Shintsha igama lefoni"},{"$i":"change-phone-name-desc","$v":"Shintsha igama ledivayisi yakho ngendlela elivela ngayo kwikhompyutha yakho"},{"$i":"bluetooth-new-name","$v":"Igama elisha"},{"$i":"error-pair-title","$v":"Ayikwazi ukubhangqa amadivayisi"},{"$i":"error-pair-pincode","$v":"Ayikwazi ukubhangqana nedivayisi. Hlola ukuthi i-PIN ilungile."},{"$i":"error-pair-toofast","$v":"Ayikwazi ukubhangqana nedivayisi. Kunezicelo eziningi."},{"$i":"error-pair-fail","$v":[{"t":"idOrVar","v":"devicename"}," ayibhangqani nefoni yakho."]},{"$i":"error-pair-checkpin","$v":"Uyafuna yini ukuzama ukubhangqa nale divayisi futhi?"},{"$i":"error-connect-title","$v":"Ayikwazi ukuxhuma amadivayisi"},{"$i":"error-connect-msg","$v":"Hlola ukuthi idivayisi ozama ukuxhumana nayo iseduze yini nokuthi i-Bluetooth ivuliwe."},{"$i":"unpair-title","$v":"Phuma kwidivayisi oxhumene nayo?"},{"$i":"unpair-msg","$v":"Njengamanje ubhangqene nale divayisi. Ukuphuma kuyo kuzokwenza ukuba uyeke ukuxhumana nayo."},{"$i":"bluetooth","$v":"I-Bluetooth"},{"$i":"turn-bluetooth-on-title","$v":"Vula i-Bluetooth"},{"$i":"bluetooth-status-description","$v":"I-Bluetooth ivaliwe"},{"$i":"turn-bluetooth-on","$v":"I-Bluetooth iyekisiwe. Vula i-Bluetooth?"},{"$i":"cancel","$v":"Khansela"},{"$i":"turn-on","$v":"Vula"},{"$i":"error-transfer-title","$v":"Ukuthumela ifayela nge-Bluetooth kuhlulekile."},{"$i":"error-transfer-settings","$v":"Ukuthumela ifayela nge-Bluetooth kuhlulekile. Hlola ukuthi amasethingi e-Bluetooth alungile."},{"$i":"ok","$v":"KULUNGILE"},{"$i":"pair","$v":"Bhangqa"},{"$i":"active-pair","$v":"Qinisekisa ukubhangqana kwamadivayisi"},{"$i":"active-pair-confirmation","$v":["Ukuze ubhangqane ne ",{"t":"idOrVar","v":"device"},", qikelela ukuthi omabili amadivayisi njengamanje abonisa le PIN:"]},{"$i":"active-pair-pincode","$v":["Ukuze ubhangqane ne ",{"t":"idOrVar","v":"device"},", faka iPIN kudivayisi."]},{"$i":"active-pair-passkey","$v":["Ukuze ubhangqane ne ",{"t":"idOrVar","v":"device"},", faka iphasikhiye kudivayisi."]},{"$i":"passive-pair","$v":"Isicelo sokubhangqa nge-Bluetooth"},{"$i":"passive-pair-confirmation","$v":"ingathanda ukubhanqa nale foni. Ukuze wamukele, qiniseka ukuthi womabili amadivayisi okwamanje ane-PIN elandelayo eboniswayo."},{"$i":"passive-pair-pincode","$v":["ingathanda ukubhanqa nale foni. Sicela ufake ikhodi ye-PIN ku-",{"t":"idOrVar","v":"device"}," ongathanda ukubhangqa nayo. Cindezela okuthi Bhangqa ukuze uqhubeke."]},{"$i":"passive-pair-enterpincode","$v":["ingathanda ukubhanqa nale foni. Sicela ufake ikhodi ye-PIN ku-",{"t":"idOrVar","v":"device"}," ongathanda ukubhangqa nayo. Cindezela okuthi Bhangqa ukuze uqhubeke."]},{"$i":"passive-pair-passkey","$v":["ingathanda ukubhanqa nale foni. Sicela ufake le PIN ku-",{"t":"idOrVar","v":"device"}," ongathanda ukubhangqa nayo bese ucindezele okuthi Bhangqa ukuze uqhubeke"]},{"$i":"passive-pair-displaypasskey","$v":["singathanda ukubhanqa nale foni. Sicela ufake le PHINI ku-",{"t":"idOrVar","v":"device"}," ongathanda ukubhanqa nayo."]},{"$i":"passive-pair-consent","$v":"ingathanda ukubhanqa nale foni. Cindezela okuthi Bhangqa ukuze uqhubeke."},{"$i":"pin-input-title","$v":"Faka ikhodi ye-PIN"},{"$i":"pair-view-title","$v":"Isicelo Se-Bluetooth"},{"$i":"bluetooth-pairing-request-now-title","$v":"Isicelo sokubhangqa nge-Bluetooth"},{"$i":"pairing-request-timeout-title","$v":"Isicelo Sokubhangqa Nge-Bluetooth"},{"$i":"pairing-request-timeout-description","$v":"Isicelo sokubhangqa nge-Bluetooth siphelelwe yisikhathi. Phinde uzame ukubhangqa."},{"$i":"rescan","$v":"Ukuhlola"},{"$i":"select-device","$v":"Khetha Idivayisi"},{"$i":"select","$v":"Khetha"},{"$i":"paired-with-device","$v":["Ibhanqiwe ne-",{"t":"idOrVar","v":"deviceName"},"."]},{"$i":"paired-failed","$v":["Yehlulekile ukubhanqa ne-",{"t":"idOrVar","v":"deviceName"},"."]}]