[{"$i":"agree","$v":"Acepto"},{"$i":"checkout","$v":"Completar pedido"},{"$i":"buy","$v":"Comprar"},{"$i":"pay","$v":"Pagar"},{"$i":"checkout-info","$v":"Información para completar el pedido"},{"$i":"payment-info","$v":["Esta aplicación cuesta ",{"t":"idOrVar","v":"price"}," + el coste de 1 SMS estándar. Recibirá un SMS de ",{"t":"idOrVar","v":"shortcode"},". Siga las instrucciones para completar la compra. Debe disponer de crédito suficiente para procesar el pedido. Información y atención al cliente: ",{"t":"idOrVar","v":"email"}]},{"$i":"add-payment-method","$v":"Añada una forma de pago"},{"$i":"add-billing-address","$v":"Añada una dirección de facturación"},{"$i":"account","$v":"Cuenta"},{"$i":"country","$v":"País"},{"$i":"name","$v":"Nombre"},{"$i":"address-line-1","$v":"Dirección línea 1"},{"$i":"address-line-2","$v":"Dirección línea 2"},{"$i":"state","$v":"Provincia"},{"$i":"city","$v":"Ciudad"},{"$i":"postal-code","$v":"Código postal"},{"$i":"card-number","$v":"Número de la tarjeta"},{"$i":"card-expired-date","$v":"Fecha de vencimiento de la tarjeta (MM/AA)"},{"$i":"card-holder-name","$v":"Nombre del titular"},{"$i":"card-security-code","$v":"Código de seguridad (CVC)"},{"$i":"save","$v":"Guardar"},{"$i":"select","$v":"seleccionar"},{"$i":"delete","$v":"Eliminar"},{"$i":"edit","$v":"Editar"},{"$i":"add-address","$v":"Añadir dirección"},{"$i":"add-card","$v":"Añadir tarjeta"},{"$i":"add-payment","$v":"Añadir forma de pago"},{"$i":"delete-address","$v":"¿Eliminar la dirección seleccionada?"},{"$i":"delete-card","$v":"¿Eliminar la tarjeta seleccionada?"},{"$i":"confirm","$v":"Confirmar"},{"$i":"confirmation","$v":"Confirmación"},{"$i":"confirm-purchase","$v":"Confirmar compra"},{"$i":"ok","$v":"Aceptar"},{"$i":"address","$v":"Dirección"},{"$i":"credit-card","$v":"Tarjeta de crédito"},{"$i":"next","$v":"Siguiente"},{"$i":"prev","$v":"Anterior"},{"$i":"back","$v":"Atrás"},{"$i":"options","$v":"Opciones"},{"$i":"change","$v":"Cambiar la forma de pago"},{"$i":"carrier-billing","$v":"Operador"},{"$i":"credit-card-billing","$v":"Tarjeta de crédito"},{"$i":"billing-address","$v":"Dirección de facturación"},{"$i":"progressing","$v":"Procesando"},{"$i":"progressing-1","$v":"Procesando..."},{"$i":"progressing-content","$v":"No cierre la página hasta que haya finalizado."},{"$i":"cancel","$v":"Cancelar"},{"$i":"loading","$v":"Cargando…"},{"$i":"select-method","$v":"Seleccionar forma de pago"},{"$i":"no-network-warn","$v":"Sin conexión de red"},{"$i":"detail","$v":"Detail"},{"$i":"psms-description","$v":"Le enviaremos un mensaje SMS para completar el pago."},{"$i":"payment-success","$v":"Pago realizado correctamente"},{"$i":"payment-fail","$v":"No se ha podido efectuar el pago"},{"$i":"payment-fail-msg","$v":"Ha habido un problema; el proceso de pago no se ha podido completar."},{"$i":"price","$v":"Precio"},{"$i":"payment-info-1","$v":["Esta aplicación cuesta ",{"t":"idOrVar","v":"price"}," + el coste de 1 SMS estándar."]},{"$i":"payment-info-2","$v":["Recibirá un SMS de ",{"t":"idOrVar","v":"shortcode"},". Siga las instrucciones para completar la compra. Debe disponer de crédito suficiente para procesar el pedido."]},{"$i":"payment-info-3","$v":["Información y atención al cliente: ",{"t":"idOrVar","v":"email"}]},{"$i":"more","$v":"Más"},{"$i":"sim0-empty-price-warn","$v":"La SIM 1 está vacía. Precio no disponible."},{"$i":"sim0-empty-usage-warn","$v":"La SIM 1 está vacía. Inserte una tarjeta SIM para completar el pago."},{"$i":"terms-confirmation-agree","$v":"I agree to the KaiPay Terms of Services."},{"$i":"terms-confirmation-1","$v":"Al hacer clic en \"Acepto\", acepta los"},{"$i":"terms-confirmation-2","$v":"También confirma que tiene más de 16 años. El pedido se procesará de inmediato y KaiOS no le reembolsará ningún contenido descargado y entregado correctamente."},{"$i":"terms-name","$v":"Términos del servicio de KaiStore"},{"$i":"terms-name-new","$v":"Terms of Service"},{"$i":"terms-content-1","$v":"1. Introducción"},{"$i":"terms-content-2","$v":"KaiStore es un servicio proporcionado por Kai OS Technologies (Hong Kong) Limited (\"KAI\", \"nosotros\", \"nos\"), con sede en 12/F, 133 Wai Yip Street, Kwun Tong, Kowloon, Hong Kong. El uso que haga de KaiStore, así como de las aplicaciones, juegos, tonos de llamada, fondos de pantalla u otros servicios y contenidos digitales (a los que se hace referencia como \"Contenido\") disponibles a través de este servicio está sujeto a estos Términos de Servicio de KaiStore y a los Términos de Servicio y el EULA de KaiOS, disponibles en https://www.kaiostech.com/terms-of-services/ (\"EULA de KAI\") (denominados conjuntamente los \"Términos\"). KaiStore es un \"Servicio\" conforme a lo descrito en el EULA de KAI. Si hubiera algún conflicto entre los Términos de Servicio de KaiStore y el EULA de KAI, prevalecerán los Términos de Servicio de KaiStore."},{"$i":"terms-content-3","$v":"2. Uso de KaiStore"},{"$i":"terms-content-4","$v":"2.1 Requisitos de uso y del sistema: Puede usar KaiStore para buscar, encontrar, ver o descargar Contenido para su dispositivo móvil con sistema operativo KaiOS (\"Dispositivo\"). Para utilizar KaiStore, necesita un dispositivo que cumpla los requisitos del sistema y de compatibilidad del Contenido en cuestión, acceso a Internet y un software compatible."},{"$i":"terms-content-5","$v":"2.2 Disponibilidad del Contenido: La disponibilidad del Contenido y de las funciones variará entre países y es posible que no todo el Contenido ni todas las funciones estén disponibles en su país. El Contenido puede estar ofrecido por KAI o ponerse a su disposición a través de terceros no afiliados con nosotros. No nos hacemos responsables ni ofrecemos respaldo de ningún Contenido disponible a través de KaiStore que proceda de una fuente que no sea KAI."},{"$i":"terms-content-6","$v":"2.3 Edad: Si se le considera menor de edad en su país, debe contar con el permiso de sus padres o representantes legales para usar KaiStore y para aceptar los Términos. Debe cumplir además con cualquier otra restricción de edad que pueda aplicarse al uso de Contenido concreto o de funciones de KaiStore."},{"$i":"terms-content-7","$v":"2.4 Cargos: Usted es el responsable de cualquier cargo de acceso o datos incurrido por terceros (como su proveedor de Internet u operador de telefonía móvil) en relación con el uso y la visualización de Contenido y de KaiStore."},{"$i":"terms-content-8","$v":"2.5 Actualizaciones automáticas: KaiStore, las bibliotecas de compatibilidad asociadas o el Contenido pueden necesitar actualizaciones, por ejemplo, para corregir errores, mejorar funciones, añadir complementos que falten, así como para las nuevas versiones (en conjunto, \"Actualizaciones\"). Tales Actualizaciones pueden ser necesarias para utilizar KaiStore o para el acceso, la descarga y el uso del Contenido. Al aceptar estos Términos y utilizar KaiStore, usted acepta recibir dichas Actualizaciones automáticamente. Es posible que pueda gestionar las Actualizaciones de ciertos Contenidos mediante determinados ajustes de su Dispositivo. Sin embargo, si se determina que la Actualización va a corregir un fallo de seguridad crítico relacionado con el Contenido, KAI podrá completar la Actualización independientemente de los ajustes que usted haya seleccionado al respecto. Las políticas de privacidad de KAI, disponibles en https://www.kaiostech.com/privacy-policy/, establecen cómo tratamos sus datos personales y protegemos su privacidad cuando usa nuestros Servicios. Es posible que KAI deba proporcionar su información personal, por ejemplo su nombre y su dirección de correo electrónico, a proveedores de terceros con el fin de procesar sus transacciones o distribuirle Contenido. En tales casos, los proveedores aceptan utilizar esta información de conformidad con sus políticas de privacidad."},{"$i":"terms-content-9","$v":"2.6 Actualizaciones de estos Términos: Dado que seguimos desarrollando constantemente nuestro software, se nos hace necesario reservar el derecho a modificar estos Términos en cualquier momento y a nuestra entera discreción. En tal caso, haremos todo lo posible por notificarle los cambios realizados y los nuevos Términos entrarán en vigor después de este aviso. El hecho de que continúe usando KaiStore tras dicho aviso se considerará indicación de que acepta los nuevos Términos. Los nuevos Términos serán de aplicación a su uso de todo el Contenido (incluido aquel Contenido que hubiera instalado o comprado anteriormente) y a todas las instalaciones y compras posteriores. Si no acepta los cambios, es posible que no pueda acceder a KaiStore. Podrá seguir viendo el Contenido en sus Dispositivos conforme a la última versión de los Términos que haya aceptado, pero ya no recibirá ninguna Actualización."},{"$i":"terms-content-10","$v":"3. Compras y pagos"},{"$i":"terms-content-11","$v":"3.1 Contenido gratuito: KAI puede darle permiso para descargar, ver o utilizar Contenido de forma gratuita en KaiStore. Podrán aplicarse limitaciones adicionales al acceso y al uso de ciertos Contenidos gratuitos."},{"$i":"terms-content-12","$v":"3.1 Compras de Contenido: Al comprar Contenido o utilizar KaiStore, el usuario formaliza un contrato de venta independiente basado en estos Términos (según proceda), ya sea con nosotros o con un proveedor de contenido de terceros. Lo dispuesto en el contrato de venta independiente se añade a estos Términos."},{"$i":"terms-content-13","$v":"El contrato para la compra y el uso del Contenido se completa una vez que se ha procesado el pago y empieza a estar vigente en cuanto se completa la compra."},{"$i":"terms-content-14","$v":"KAI puede poner a su disposición distintas formas de pago para facilitar la compra de Contenido a través de KaiStore o como compras en aplicaciones dentro del Contenido. Deberá cumplir todos los términos y condiciones relevantes u otros acuerdos legales, ya sea con KAI o con terceros, que gobiernen el uso de una forma de pago determinada. KAI podrá añadir o quitar formas de pago a su entera discreción. Usted es el único responsable de todos los importes pagaderos asociados con compras realizadas en KaiStore."},{"$i":"terms-content-15","$v":"3.2 Posibilidad de facturación a través del operador Para determinar si puede optar por facturar las compras de Contenido que realice en los Dispositivos a través de la cuenta de su proveedor de red, enviaremos identificadores de su Dispositivo (el ID de suscriptor y el número de serie de la tarjeta SIM) a su proveedor de red. Para otorgar los permisos necesarios, deberá aceptar los términos de servicio del proveedor de red. El proveedor de red podrá enviarnos los datos de su dirección de facturación. Tenga en cuenta que, para poder procesar la compra, KAI (o el proveedor de facturación) necesita obtener su MSISDN o MCCMNC. Emplearemos estos datos únicamente con el fin de procesar y hacer un seguimiento de sus compras."},{"$i":"terms-content-16","$v":"3.3 Precios: Los precios y la disponibilidad de todo el Contenido que se muestra en KaiStore o para compras en aplicaciones están sujetos a cambios en cualquier momento previo a la compra."},{"$i":"terms-content-17","$v":"3.4 Impuestos: \"Impuestos\" engloba todas las tasas, aranceles, gravámenes o impuestos (distintos del impuesto sobre la renta) asociados con la venta de Contenido, incluidos recargos e intereses. Usted es el único responsable de todos los Impuestos que deba pagar por el Contenido, sin ninguna reducción. Si KAI se viera en la obligación de recaudar o pagar Impuestos, estos se le cobrarán a usted. Debe cumplir todas las leyes fiscales aplicables, lo que incluye la declaración y el pago de cualquier Impuesto asociado al uso de KaiStore o a la compra de Contenido en o a través de KaiStore. La declaración y el pago de cualquier Impuesto aplicable es su responsabilidad."},{"$i":"terms-content-18","$v":"3.5 Carácter definitivo de las ventas: Todas las ventas son definitivas y no se permite ninguna devolución, sustitución ni reembolso si la entrega se ha iniciado previa solicitud por su parte. En caso de concederse una sustitución, devolución o reembolso en alguna transacción, esta se podría revertir y usted dejaría de tener acceso al Contenido adquirido mediante dicha transacción. Cuando compra o se suscribe a Contenido en KaiStore, acepta que dicho Contenido estará a su disposición de forma inmediata y reconoce que, en consecuencia, renuncia a su derecho legal automático a retractarse. Por lo tanto, no podrá optar a un reembolso (u otra compensación alternativa) a menos que el Contenido sea defectuoso, no esté disponible o no responda a lo descrito. Sujeto a lo dispuesto en la última frase de esta Sección, si ha completado correctamente el pago de un Contenido pero este está defectuoso, no está disponible o no responde a lo descrito, póngase en contacto con nosotros a través de https://support.kaiostech.com/en/support/tickets/new. Si el Contenido lo proporciona un proveedor de terceros, póngase en contacto con su respectivo servicio de atención al cliente por medio de los datos de contacto de dicho tercero proporcionados en KaiStore o en el Contenido de terceros."},{"$i":"terms-content-19","$v":"4. Derechos y restricciones"},{"$i":"terms-content-20","$v":"4.1 Licencia para usar el contenido: Tras completar una transacción o pagar las tarifas aplicables por el Contenido, tendrá el derecho no exclusivo y únicamente según lo permitido expresamente en estos Términos y las políticas asociadas, a guardar, acceder, ver, utilizar y mostrar copias del Contenido aplicable en sus Dispositivos o de cualquier otra forma autorizada como parte del Servicio y solo para su uso personal, no comercial. Están reservados todos los derechos, titularidad e interés en KaiStore y el Contenido que no se le concedan expresamente en los Términos."},{"$i":"terms-content-21","$v":"Su uso de las aplicaciones y los juegos puede regirse por los términos y condiciones adicionales del Acuerdo de Licencia de Usuario Final entre usted y el proveedor de Contenido. La entrega del Contenido no le transfiere ningún derecho de uso promocional ni constituye ninguna concesión o renuncia de los derechos de autor de los propietarios. Es su responsabilidad no perder, destruir ni dañar el Contenido una vez lo haya descargado."},{"$i":"terms-content-22","$v":"4.2 Incumplimiento de los Términos de licencia: Si incumple alguno de los Términos, los derechos que le otorga esta licencia se revocarán inmediatamente y KAI podrá retirarle el acceso a KaiStore y al Contenido sin ofrecerle ningún reembolso."},{"$i":"terms-content-23","$v":"Restricciones: No se le permite:"},{"$i":"terms-content-24","$v":"* Mostrar (parcial o totalmente) el Contenido como parte de una exhibición o un espectáculo públicos, aun cuando no se cobre ninguna tarifa, excepto: (a) en aquellos casos en los que el uso no infrinja los derechos de autor ni ningún otro derecho aplicable o (b) en los casos en que esté permitido específicamente y solo en la forma exacta conforme a lo dispuesto."},{"$i":"terms-content-25","$v":"* Vender, alquilar, arrendar, redistribuir, retransmitir, transmitir, comunicar, modificar, sublicenciar, transferir o asignar algún Contenido a terceros, incluido lo relativo a cualquier descarga de Contenido que pueda obtener a través de KaiStore, excepto en los casos en que esté permitido específicamente y solo en la forma exacta conforme a lo dispuesto."},{"$i":"terms-content-26","$v":"* Usar el Contenido como parte de algún servicio de uso compartido, préstamo o uso por parte de varias personas, o para los fines de cualquier otra institución, excepto en los casos en que esté permitido específicamente y solo en la forma exacta conforme a lo dispuesto."},{"$i":"terms-content-27","$v":"* Tratar de o ayudar, autorizar o animar a otros a eludir, inhabilitar o frustrar cualquiera de las características o componentes de seguridad que protegen, ofuscan o restringen de algún modo el acceso al Contenido o a KaiStore."},{"$i":"terms-content-28","$v":"* Eliminar marcas de agua, etiquetas u otros avisos legales o de propiedad incluidos en cualquier Contenido, o tratar de modificar algún Contenido obtenido a través de KaiStore, incluida cualquier modificación que tenga por objeto falsear o cambiar las indicaciones de propiedad o de la fuente del Contenido."},{"$i":"terms-content-29","$v":"* Acceder a nuestros Servicios o a nuestro Contenido empleando otro software que no sea el software oficial proporcionado por KAI."},{"$i":"terms-content-30","$v":"4.3 Disposiciones de terceros Independientemente de que se establezca lo contrario en estos Términos, los terceros que ofrecen su Contenido bajo licencia a KAI son beneficiarios de estos Términos únicamente con respecto a las disposiciones específicas de los mismos que conciernen directamente a su Contenido (\"Disposiciones de terceros\"), y únicamente con el fin de permitir a dichos terceros ejercer sus derechos sobre dicho Contenido. Para despejar cualquier duda, nada de lo dispuesto en estos Términos confiere a ningún beneficiario de terceros derechos sobre ninguna otra parte, con respecto a cualquier disposición ajena a las Disposiciones de terceros, lo cual incluye, entre otros, cualquier disposición o acuerdo incorporado por referencia, o al que se pueda hacer referencia en estos Términos sin incorporarlo."},{"$i":"terms-content-31","$v":"4.4 Contenido defectuoso: Una vez que el Contenido esté a su disposición, debería comprobarlo lo antes posible para asegurarse de que funciona y responde a lo descrito, y notificarnos a través de https://support.kaiostech.com/en/support/tickets/new a la mayor brevedad posible si detecta algún error o defecto."},{"$i":"terms-content-32","$v":"4.5 Retirada o no disponibilidad del Contenido: Con sujeción a los Términos, el Contenido que compre o instale estará a su disposición siempre y cuando KAI tenga el derecho de poner dicho Contenido a su disposición. En algunos casos (por ejemplo, si KAI pierde los derechos aplicables, un servicio o Contenido se suspende o elimina, hay problemas críticos de seguridad o infracciones de términos aplicables o disposiciones legales), KAI podrá eliminar automáticamente de su dispositivo ciertos Contenidos que haya comprado o dejar de proporcionarle acceso a los mismos. En la medida de lo posible, KAI hará todos los esfuerzos razonables por avisarle con antelación de dicha retirada de Contenido o cese del acceso."},{"$i":"terms-content-33","$v":"Aviso importante: Tenga en cuenta que si resetea su dispositivo (restablece los ajustes de fábrica u otra función similar), dicha acción eliminará automáticamente de su dispositivo todo el Contenido que haya adquirido."},{"$i":"terms-content-34","$v":"Si no puede descargarse una copia del Contenido antes de dicha retirada o cese, podrá solicitar y KAI podrá ofrecerle un reemplazo del Contenido cuando sea posible."},{"$i":"terms-content-35","$v":"4.6 Actividades peligrosas. Ninguno de los Servicios ni del Contenido están destinados a usarse durante la operación de instalaciones nucleares, sistemas de soporte vital, comunicaciones de emergencia, sistemas de navegación o comunicación de aeronaves, sistemas de control del tráfico aéreo ni ninguna otra actividad de tales características en la que un fallo de los Servicios o del Contenido pudiera conllevar la muerte, daños personales o daños físicos o medioambientales graves."},{"$i":"forget-PIN","$v":"Olvidar PIN"},{"$i":"setup-PIN","$v":"Configurar código PIN para pagos"},{"$i":"re-setup-PIN","$v":"Configurar nuevo código PIN para pagos"},{"$i":"PIN-create-tips","$v":"Cree un código PIN de 6 dígitos para el proceso de pago."},{"$i":"confirm-PIN","$v":"Confirmar código PIN"},{"$i":"re-enter-PIN","$v":"Vuelva a introducir el mismo código PIN para confirmar."},{"$i":"start-over","$v":"Volver a empezar"},{"$i":"PIN-dosent-match","$v":"El código PIN no coincide."},{"$i":"re-enter-again","$v":"Vuelva a introducirlo."},{"$i":"setup-success","$v":"Proceso de configuración"},{"$i":"please-remember","$v":"Recuerde su código PIN para pagos."},{"$i":"leave-setup-process","$v":"¿Desea abandonar el proceso de pago?"},{"$i":"leave","$v":"Salir"},{"$i":"enter-PIN-code","$v":"Introducir código PIN para pagos"},{"$i":"setup-PIN-code","$v":"Configurar código PIN"},{"$i":"setup-PIN-code-reminder","$v":"El código PIN es un número de identificación de 6 dígitos que se utiliza en sustitución de su firma al realizar compras con un teléfono KaiOS. Con este código se añade una capa adicional de seguridad y se previenen gastos maliciosos de otros usuarios en su nombre. No lo comparta con nadie."},{"$i":"reset-PIN-code","$v":"Restablecer código PIN"},{"$i":"reset-PIN-code-reminder","$v":"Se ha establecido su código PIN para pagos."},{"$i":"PIN-code-set","$v":"Código PIN establecido."},{"$i":"payment-canceled","$v":"Se ha cancelado el pago."},{"$i":"incorrect-PIN-trial","$v":{"zero":["Incorrect PIN: ",{"t":"idOrVar","v":"n"}," time"],"one":["Incorrect PIN: ",{"t":"idOrVar","v":"n"}," time"],"two":["Incorrect PIN: ",{"t":"idOrVar","v":"n"}," times"],"three":["Incorrect PIN: ",{"t":"idOrVar","v":"n"}," times"],"other":["Incorrect PIN: ",{"t":"idOrVar","v":"n"}," times"]},"$x":[{"t":"idOrVar","v":"plural"},"n"]},{"$i":"try-again-0-1","$v":["Vuelva a intentarlo dentro de ",{"t":"idOrVar","v":"sec"}," segundo."]},{"$i":"try-again-0-2","$v":["Vuelva a intentarlo dentro de ",{"t":"idOrVar","v":"sec"}," segundos."]},{"$i":"try-again-1-0","$v":["Vuelva a intentarlo dentro de ",{"t":"idOrVar","v":"min"}," minuto."]},{"$i":"try-again-1-1","$v":["Vuelva a intentarlo dentro de ",{"t":"idOrVar","v":"min"}," minuto y ",{"t":"idOrVar","v":"sec"}," segundo."]},{"$i":"try-again-1-2","$v":["Vuelva a intentarlo dentro de ",{"t":"idOrVar","v":"min"}," minuto y ",{"t":"idOrVar","v":"sec"}," segundos."]},{"$i":"try-again-2-0","$v":["Vuelva a intentarlo dentro de ",{"t":"idOrVar","v":"min"}," minutos."]},{"$i":"try-again-2-1","$v":["Vuelva a intentarlo dentro de ",{"t":"idOrVar","v":"min"}," minutos y ",{"t":"idOrVar","v":"sec"}," segundo."]},{"$i":"try-again-2-2","$v":["Vuelva a intentarlo dentro de ",{"t":"idOrVar","v":"min"}," minutos y ",{"t":"idOrVar","v":"sec"}," segundos."]},{"$i":"confirm-account","$v":"Confirmar cuenta"},{"$i":"confirm-account-password","$v":"Confirmar la contraseña de la cuenta"},{"$i":"confirm-password-tips","$v":"Para continuar, confirme la contraseña de su cuenta."},{"$i":"account-info","$v":"Información de la cuenta:"},{"$i":"password-incorrect","$v":"Contraseña incorrecta"},{"$i":"payment-timeout-1","$v":"Your payment seems taking longer than expected."},{"$i":"payment-timeout-2","$v":"We'll get back to you when your transaction has completed."},{"$i":"payment-timeout-toast","$v":"Payment will complete later."}]