[{"$i":"agree","$v":"Accepter"},{"$i":"checkout","$v":"Régler"},{"$i":"buy","$v":"Acheter"},{"$i":"pay","$v":"Payer"},{"$i":"checkout-info","$v":"Informations de règlement"},{"$i":"payment-info","$v":["Cette application coûte ",{"t":"idOrVar","v":"price"}," + 1 SMS standard. Vous recevrez un SMS de ",{"t":"idOrVar","v":"shortcode"},". Suivez les instructions pour terminer l’achat. Votre solde doit être suffisant afin de pouvoir traiter votre commande. Informations et service client : ",{"t":"idOrVar","v":"email"}]},{"$i":"add-payment-method","$v":"Veuillez ajouter un mode de paiement."},{"$i":"add-billing-address","$v":"Veuillez ajouter une adresse de facturation."},{"$i":"account","$v":"Gestion du compte"},{"$i":"country","$v":"Pays"},{"$i":"name","$v":"Prénom"},{"$i":"address-line-1","$v":"Adresse, ligne 1"},{"$i":"address-line-2","$v":"Adresse, ligne 2"},{"$i":"state","$v":"État"},{"$i":"city","$v":"Ville"},{"$i":"postal-code","$v":"Code postal"},{"$i":"card-number","$v":"Numéro de carte"},{"$i":"card-expired-date","$v":"Date d’expiration (MM/AA)"},{"$i":"card-holder-name","$v":"Détenteur/trice"},{"$i":"card-security-code","$v":"Code de sécurité (CVC)"},{"$i":"save","$v":"Enreg."},{"$i":"select","$v":"sélectionner"},{"$i":"delete","$v":"Suppr."},{"$i":"edit","$v":"Modif."},{"$i":"add-address","$v":"Ajouter une adresse"},{"$i":"add-card","$v":"Ajouter une carte"},{"$i":"add-payment","$v":"Ajouter un mode de paiement"},{"$i":"delete-address","$v":"Supprimer l’adresse sélectionnée ?"},{"$i":"delete-card","$v":"Supprimer la carte sélectionnée ?"},{"$i":"confirm","$v":"Confirmer"},{"$i":"confirmation","$v":"Confirmation"},{"$i":"confirm-purchase","$v":"Confirmer l’achat"},{"$i":"ok","$v":"OK"},{"$i":"address","$v":"Adresse"},{"$i":"credit-card","$v":"Carte bancaire"},{"$i":"next","$v":"Suivant"},{"$i":"prev","$v":"Préc."},{"$i":"back","$v":"Retour"},{"$i":"options","$v":"Options"},{"$i":"change","$v":"Changer de mode de paiement"},{"$i":"carrier-billing","$v":"Opérateur"},{"$i":"credit-card-billing","$v":"Carte bancaire"},{"$i":"billing-address","$v":"Adresse de facturation"},{"$i":"progressing","$v":"Opération en cours"},{"$i":"progressing-1","$v":"Opération en cours…"},{"$i":"progressing-content","$v":"Veuillez ne pas quitter cette page avant la fin."},{"$i":"cancel","$v":"Annuler"},{"$i":"loading","$v":"Chargement en cours…"},{"$i":"select-method","$v":"Sélectionner le mode de paiement"},{"$i":"no-network-warn","$v":"Aucune connexion réseau"},{"$i":"detail","$v":"Detail"},{"$i":"psms-description","$v":"Nous vous enverrons un SMS pour terminer ce paiement."},{"$i":"payment-success","$v":"Paiement effectué"},{"$i":"payment-fail","$v":"Problème de paiement"},{"$i":"payment-fail-msg","$v":"Un problème s’est présenté. Il est impossible de terminer le processus de paiement."},{"$i":"price","$v":"Prix"},{"$i":"payment-info-1","$v":["Cette application coûte ",{"t":"idOrVar","v":"price"}," + 1 SMS standard."]},{"$i":"payment-info-2","$v":["Vous recevrez un SMS de ",{"t":"idOrVar","v":"shortcode"},". Suivez les instructions pour terminer l’achat. Votre solde doit être suffisant afin de pouvoir traiter votre commande."]},{"$i":"payment-info-3","$v":["Informations et service client : ",{"t":"idOrVar","v":"email"}]},{"$i":"more","$v":"Plus"},{"$i":"sim0-empty-price-warn","$v":"Le logement 1 pour carte SIM est vide. Le prix est indisponible."},{"$i":"sim0-empty-usage-warn","$v":"Le logement 1 pour carte SIM est vide. Insérez-en une pour pouvoir payer."},{"$i":"terms-confirmation-agree","$v":"I agree to the KaiPay Terms of Services."},{"$i":"terms-confirmation-1","$v":"En cliquant sur « J’accepte », vous acceptez les"},{"$i":"terms-confirmation-2","$v":"Vous confirmez également avoir plus de 16 ans. Votre commande sera immédiatement traitée et KaiOS ne remboursera aucun contenu téléchargé et livré."},{"$i":"terms-name","$v":"Conditions d’utilisation de KaiStore"},{"$i":"terms-name-new","$v":"Terms of Service"},{"$i":"terms-content-1","$v":"1. Présentation"},{"$i":"terms-content-2","$v":"KaiStore est un service fourni par Kai OS Technologies (Hong Kong) Limited (« KAI », « nous », « notre » ou « nos »), dont le siège se trouve au 12/F, 133 Wai Yip Street, Kwun Tong, Kowloon, Hong Kong. Votre usage de KaiStore et des applications, jeux, sonneries, fonds d’écran ou autres contenus ou services numériques (repris sous le terme de « Contenu ») disponibles par le biais de celui-ci, est soumis aux présentes Conditions d’utilisation de KaiStore et aux Conditions d’utilisation et CLUF de KaiOS, disponibles à l’adresse https://www.kaiostech.com/terms-of-services/ (« CLUF KAI », repris dans leur ensemble sous le terme de « Conditions »). KaiStore constitue un « Service » tel qu’il est décrit dans le CLUF de KAI. Si un quelconque conflit subsiste entre les Conditions d’utilisation de KaiStore et le CLUF de KAI, les Conditions d’utilisation de KaiStore prévalent."},{"$i":"terms-content-3","$v":"2. Votre usage de KaiStore"},{"$i":"terms-content-4","$v":"2.1 Utilisation et configuration minimale requise : vous pouvez utiliser KaiStore pour parcourir, rechercher, afficher ou télécharger le Contenu pour votre portable exécutant le système d’exploitation KaiOS (« Appareil »). Pour utiliser KaiStore, vous avez besoin d’un appareil qui satisfait à la configuration système requise et aux exigences de compatibilité pour le Contenu approprié, disposer d’un accès fonctionnel à Internet et de logiciels compatibles."},{"$i":"terms-content-5","$v":"2.2 Disponibilité du Contenu : la disponibilité du Contenu et des fonctionnalités varie d’un pays à l’autre et les Contenus ou fonctionnalités peuvent ne pas tous être disponibles dans votre pays. Le Contenu peut être offert par KAI ou mis à disposition par des tierces parties qui ne nous sont pas affiliées. Nous ne sommes pas responsables de, et n’approuvons aucun, Contenu mis à disposition par le biais de KaiStore et qui provient d’une source autre que KAI."},{"$i":"terms-content-6","$v":"2.3 Âge : si vous êtes considéré comme mineur ou mineure dans votre pays, vous devez obtenir l’autorisation de votre parent ou tuteur légal pour pouvoir utiliser KaiStore et accepter les Conditions. Vous devez respecter toute restriction d’âge supplémentaire susceptible de s’appliquer à l’usage de Contenu ou de fonctionnalités spécifiques sur KaiStore."},{"$i":"terms-content-7","$v":"2.4 Frais : vous êtes responsable de tout frais d’accès ou de connexion encouru auprès de tierces parties (tels que votre fournisseur Internet ou votre opérateur mobile) en relation avec votre usage et affichage du Contenu et de KaiStore."},{"$i":"terms-content-8","$v":"2.5 Mises à jour automatiques : KaiStore, les bibliothèques connexes de prise en charge ou le Contenu peut devoir être mis à jour, par exemple, pour la correction de bogues, pour bénéficier de fonctions améliorées, pour ajouter des modules manquants et pour actualiser vers de nouvelles versions (dans leur ensemble, « Mises à jour »). Lesdites Mises à jour peuvent s’avérer nécessaires afin que vous puissiez utiliser KaiStore ou accéder, télécharger ou utiliser le Contenu. En acceptant les présentes Conditions et en utilisant KaiStore, vous acceptez de recevoir automatiquement lesdites Mises à jour. Il se peut que vous soyez en mesure de gérer les Mises à jour de certains Contenus par le biais des paramètres sur votre Appareil. S’il est déterminé, toutefois, que la Mise à jour corrige une faille de sécurité critique en relation avec le Contenu, la Mise à jour peut être accomplie par KAI indépendamment de vos paramètres de Mise à jour. Les politiques de confidentialité de KAI, disponibles à l’adresse https://www.kaiostech.com/privacy-policy-2/?lang=fr, définit la façon dont nous traitons vos données personnelles et protégeons votre vie privée lors de l’utilisation de nos Services. Il se peut que KAI doive fournir vos informations personnelles, telles que votre nom et votre adresse e-mail, à des fournisseurs tiers à des fins de traitement de vos transactions ou d’approvisionnement du Contenu pour vous. Dans de tels cas, les fournisseurs acceptent d’exploiter ces informations en conformité avec leurs politiques de confidentialité."},{"$i":"terms-content-9","$v":"2.6 Actualisations des présentes Conditions : dans la mesure où nous développons constamment nos logiciels, nous devons nous réserver le droit, à tout moment et à notre seule discrétion, de modifier les présentes Conditions. Lorsque le cas se présente, nous nous efforçons raisonnablement de vous informer de ce que nous avons effectué et des nouvelles Conditions qui doivent entrer en vigueur après ledit avis. Votre usage continu de KaiStore postérieur à la période dudit avis indique votre acceptation des nouvelles Conditions. Les nouvelles Conditions s’appliquent à votre usage de l’intégralité du Contenu (y compris le Contenu que vous avez installé ou acheté antérieurement) et à toutes les installations consécutives ou tous les achats postérieurs. Si vous n’acceptez pas ces modifications, il se peut que vous ne puissiez pas accéder à KaiStore. Il se peut que vous continuiez à afficher le Contenu sur vos Appareils conformément à la dernière version des Conditions que vous avez acceptées mais vous ne recevrez alors aucune Mise à jour."},{"$i":"terms-content-10","$v":"3. Achats et paiements"},{"$i":"terms-content-11","$v":"3.1 Contenu gratuit : KAI peut vous permettre de télécharger, visualiser ou utiliser du Contenu gratuitement sur KaiStore. Les restrictions supplémentaires peuvent s’appliquer à vos accès et usage de certains Contenus gratuits."},{"$i":"terms-content-12","$v":"3.1 Achat de contenu : lorsque vous achetez du Contenu sur ou par le biais de KaiStore, vous rejoignez un contrat de vente à part s’appuyant sur les présentes Conditions (telles qu’applicables) établies avec nous ou un fournisseur de Contenu de tierce partie. Le contrat de vente à part vient en complément des présentes Conditions."},{"$i":"terms-content-13","$v":"Votre contrat pour l’achat et l’usage du Contenu est établi une fois votre paiement traité, et l’exécution du présent contrat commence à courir dès que l’achat est accompli."},{"$i":"terms-content-14","$v":"Il se peut que KAI mette à votre disposition plusieurs moyens de traitement de paiement pour faciliter l’achat de Contenu par le biais de KaiStore ou sous forme d’option payante dans l’application au sein du Contenu. Vous devez respecter toutes les conditions d’utilisation applicables ou autre accord légal, que ce soit avec KAI ou une tierce partie, qui régissent votre usage d’un moyen de traitement de paiement donné. KAI est susceptible d’ajouter ou de supprimer des moyens de traitement de paiement à sa seule discrétion. Vous êtes seul responsable de tous les montants payables associés aux achats que vous effectuez sur KaiStore."},{"$i":"terms-content-15","$v":"3.2 Admissibilité de facturation par l’opérateur : afin de déterminer votre admissibilité à pouvoir être facturé des achats de Contenu que vous effectuez sur vos Appareils par le biais de votre compte d’opérateur réseau, nous envoyons des identifiants de votre Appareil, par exemple, votre identifiant d’abonné et le numéro de série de votre carte SIM, à votre opérateur réseau. Pour autoriser cette opération, vous devez accepter les conditions d’utilisation de l’opérateur réseau. L’opérateur réseau est susceptible de nous envoyer votre adresse de facturation. Il est important de noter que, dans le but de traiter votre achat, nous (ou le sous-traitant de facturation) a besoin d’obtenir votre MSISDN et votre MCCMNC. Nous utilisons les données uniquement dans le but du traitement et du suivi de votre achat."},{"$i":"terms-content-16","$v":"3.3 Tarification : les prix et la disponibilité de tout le Contenu affiché par le biais de KaiStore ou pour des achats dans l’application sont sujets à modification à tout moment avant l’achat."},{"$i":"terms-content-17","$v":"3.4 Taxes : le terme de « Taxes » inclut n’importe quel frais de douanes, charge, prélèvement ou taxe (autre que lié au revenu) associé à la vente du Contenu, notamment toute pénalité ou intérêt connexe. Vous êtes responsable de toute taxe et devez régler le Contenu sans réduction quelconque desdites Taxes. Si KAI se voit contraint de collecter ou de régler des Taxes, ces Taxes vous sont alors facturées. Vous devez respecter tout point et l’intégralité de la législation fiscale en vigueur, notamment la déclaration et le paiement de toute Taxe en relation avec votre usage de KaiStore ou de l’achat de Contenu sur ou par le biais de KaiStore. La déclaration et le paiement de telle Taxe applicable, de quelque nature que ce soit, sont de votre responsabilité."},{"$i":"terms-content-18","$v":"3.5 Ventes finales : toutes les ventes sont considérées finales, et aucun retour, remplacement ou remboursement n’est autorisé, si la livraison a débuté après demande de votre part. Si un remplacement, retour ou remboursement est accordé pour une transaction quelconque, cette transaction peut être inversée et vous pouvez ne plus être en mesure d’accéder au Contenu que vous avez acquis par le biais de ladite transaction. Lorsque vous achetez ou vous abonnez à du Contenu sur KaiStore, vous acceptez que ledit Contenu soit mis à votre disposition immédiatement et vous reconnaissez dès lors que vous renoncez à votre droit statutaire automatique de retrait. Vous ne bénéficiez par conséquent pas du droit au remboursement (ou toute autre alternative de recours) à moins que le Contenu ne soit défectueux, indisponible ou ne remplit pas ses fonctions comme indiqué. Sous réserve de la dernière phrase de la présente Section, si vous avez dûment réglé le Contenu mais que le Contenu est défectueux, indisponible ou ne remplit pas ses fonctions comme indiqué, veuillez nous contacter à travers la page https://support.kaiostech.com/fr/support/tickets/new. Si le Contenu est fourni par un fournisseur tiers, veuillez contacter directement son service client selon les informations indiquées par le tiers dans Kai Store ou dans le Contenu tiers."},{"$i":"terms-content-19","$v":"4. Droits et restrictions"},{"$i":"terms-content-20","$v":"4.1 Licence pour utiliser le Contenu : une fois une transaction terminée ou le paiement des frais applicables effectué pour le Contenu, vous disposez d’un droit non exclusif, uniquement tel qu’expressément autorisé dans les présentes Conditions et les politiques connexes, pour stocker, accéder, visualiser, utiliser et afficher des copies du Contenu applicable sur vos Appareils ou autorisé sous une autre forme dans le cadre du Service pour votre usage personnel et non commercial uniquement. Tous les droits, titres et intérêts dans KaiStore et le Contenu non expressément accordés à votre égard dans les Conditions s’avèrent réservés."},{"$i":"terms-content-21","$v":"Votre usage des applications et jeux peut s’avérer régi par les conditions générales complémentaires du Contrat de licence utilisateur final établi entre vous et le fournisseur de Contenu. La livraison de Contenu ne transfère aucun droit d’utilisation à titre promotionnel à votre égard et ne constitue pas un accord ou une renonciation d’un quelconque droit des détenteurs des droits d’auteur. Il est de votre responsabilité de ne pas perdre, détruire ou endommager le Contenu une fois téléchargé."},{"$i":"terms-content-22","$v":"4.2 Violation des Conditions de licence : si vous violez l’une des Conditions, vos droits découlant de la présente licence prennent alors fin immédiatement et KAI peut résilier votre accès à KaiStore et au Contenu sans vous effectuer de remboursement."},{"$i":"terms-content-23","$v":"Restrictions : vous ne pouvez pas :"},{"$i":"terms-content-24","$v":"* afficher (partiellement ou en intégralité) le Contenu dans le cadre d’une quelconque exécution ou affichage public même si aucun frais n’est facturé, hormis (a) où ledit usage ne constitue pas une atteinte aux droits d’auteur ou ne viole aucun autre droit applicable ou (b) dans les cas expressément autorisés et uniquement de la manière exactement indiquée ;"},{"$i":"terms-content-25","$v":"* vendre, louer, louer à bail, redistribuer, diffuser, transmettre, communiquer, modifier, concéder des sous-licences, transférer, affecter un quelconque Contenu à une quelconque tierce partie, notamment concernant tout téléchargement de Contenu que vous êtes susceptible d’obtenir par le biais de KaiStore sauf dans les cas expressément autorisés et uniquement de la manière exactement indiquée ;"},{"$i":"terms-content-26","$v":"* utiliser le Contenu dans le cadre d’un service quelconque pour le partage, le prêt ou l’usage par plusieurs personnes, ou dans le cadre de n’importe quel autre établissement, à l’exception des cas expressément autorisés et uniquement de la manière exactement indiquée ;"},{"$i":"terms-content-27","$v":"* tenter de, ou aider à, autoriser ou encourager autrui à contourner, désactiver ou anéantir une quelconque fonctionnalité ou composant de sécurité qui protège, masque ou restreint de quelque façon que ce soit l’accès à un Contenu quelconque ou au KaiStore ;"},{"$i":"terms-content-28","$v":"* retirer n’importe quel filigrane, étiquette ou autre avis légal ou de propriété inclus dans un quelconque Contenu, ou tenter de modifier un quelconque Contenu obtenu par le biais de KaiStore, notamment n’importe quelle modification effectuée dans le but de maquiller ou de changer une quelconque indication de la propriété ou source du Contenu ;"},{"$i":"terms-content-29","$v":"* accéder à nos Services ou Contenu par le biais de toute autre logiciel que celui officiel fourni par KAI."},{"$i":"terms-content-30","$v":"4.3 Dispositions des tierces parties : en dépit de tout ce qui est contraire dans les présentes Conditions, les tierces parties qui cèdent licence de leur Contenu à KAI sont des bénéficiaires tiers régis par les présentes Conditions seulement eu égard aux dispositions particulières des présentes Conditions qui concernent directement leur Contenu (« Dispositions des tierces parties »), et uniquement dans le but de permettre lesdites tierces parties à appliquer leurs droits dans ledit Contenu. Pour éviter tout doute, rien dans les présentes Conditions ne confère un droit bénéficiaire de tierce partie à une quelconque partie, eu égard à n’importe quelle disposition qui tombe en dehors des Dispositions des tierces parties, ce qui inclut sans s’y limiter n’importe quelle disposition ou accord incorporé sous forme de référence, ou susceptible d’être référencé sans être incorporé, dans les présentes Conditions."},{"$i":"terms-content-31","$v":"4.4 Contenu défectueux : une fois le Contenu mis à votre disposition, vous devez vérifier le Contenu dès que raisonnablement possible pour vous assurer qu’il fonctionne et s’exécute comme indiqué, et pour nous informer à travers la page https://support.kaiostech.com/fr/support/tickets/new dès que raisonnablement possible si vous trouvez de quelconques erreurs ou défauts."},{"$i":"terms-content-32","$v":"4.5 Suppression ou indisponibilité du Contenu : soumis aux Conditions, le Contenu que vous achetez ou installez est mis à votre disposition pour autant que KAI bénéficie du droit de mettre ledit Contenu à votre disposition. Dans certains cas (par exemple lorsque KAI perd les droits appropriés, qu’un service ou Contenu est abandonné ou retiré, qu’il existe des problèmes de sécurité critiques ou qu’il existe des manquements aux conditions ou à la loi en vigueur), KAI peut retirer automatiquement de votre appareil ou cesser de vous proposer l’accès à certains Contenus que vous avez achetés. Dans la mesure du possible, KAI utilise ses efforts raisonnables pour vous informer au préalable de ladite suppression ou cessation."},{"$i":"terms-content-33","$v":"Avis important : il est important de noter que, si vous réinitialisez votre appareil (par un rétablissement des paramètres d’usine ou en exécutant une fonction similaire), la réinitialisation peut supprimer automatiquement de votre appareil tous les Contenus que vous avez achetés."},{"$i":"terms-content-34","$v":"Si vous n’êtes pas en mesure de télécharger une copie du Contenu avant ladite suppression ou cessation, vous pouvez demander à KAI de vous offrir un remplacement du Contenu si cela est possible."},{"$i":"terms-content-35","$v":"4.6 Activités dangereuses. Aucun des Services ou Contenu ne sont destinés à un usage dans l’exploitation d’installations nucléaires, de systèmes de maintien artificiel en vie, de transmissions d’urgence, de systèmes de navigation ou de communication aériennes, de systèmes de contrôle aérien ou de n’importe quelle autre activité connexe, auquel cas la panne des Services ou du Contenu pourrait provoquer la mort, des blessures ou de graves dommages matériels ou écologiques."},{"$i":"forget-PIN","$v":"Oublier le code PIN"},{"$i":"setup-PIN","$v":"Configurer le code PIN de paiement"},{"$i":"re-setup-PIN","$v":"Configurer un nouveau code PIN de paiement"},{"$i":"PIN-create-tips","$v":"Créez un code PIN de 6 chiffres pour votre paiement."},{"$i":"confirm-PIN","$v":"Confirmer le code PIN"},{"$i":"re-enter-PIN","$v":"Veuillez confirmer le code PIN en le ressaisissant."},{"$i":"start-over","$v":"Recommencer"},{"$i":"PIN-dosent-match","$v":"Code PIN différent"},{"$i":"re-enter-again","$v":"Veuillez ressaisir."},{"$i":"setup-success","$v":"Configuration effectuée"},{"$i":"please-remember","$v":"Veuillez ne pas oublier votre code PIN de paiement."},{"$i":"leave-setup-process","$v":"Quitter le processus de paiement ?"},{"$i":"leave","$v":"Quitter"},{"$i":"enter-PIN-code","$v":"Saisir le code PIN de paiement"},{"$i":"setup-PIN-code","$v":"Configurer le code PIN"},{"$i":"setup-PIN-code-reminder","$v":"Un code PIN, qui remplace votre signature, est un numéro d’identification à 6 chiffres nécessaire pour vos achats sur le téléphone KaiOS. Il ajoute une couche supplémentaire de sécurité afin d’empêcher un utilisateur malintentionné d’effectuer des achats sous votre nom. Ne le divulguez à personne."},{"$i":"reset-PIN-code","$v":"Réinitialiser le code PIN"},{"$i":"reset-PIN-code-reminder","$v":"Votre code PIN de paiement a été créé."},{"$i":"PIN-code-set","$v":"Le code PIN est défini."},{"$i":"payment-canceled","$v":"Le paiement a été annulé."},{"$i":"incorrect-PIN-trial","$v":{"zero":["Incorrect PIN: ",{"t":"idOrVar","v":"n"}," time"],"one":["Incorrect PIN: ",{"t":"idOrVar","v":"n"}," time"],"two":["Incorrect PIN: ",{"t":"idOrVar","v":"n"}," times"],"three":["Incorrect PIN: ",{"t":"idOrVar","v":"n"}," times"],"other":["Incorrect PIN: ",{"t":"idOrVar","v":"n"}," times"]},"$x":[{"t":"idOrVar","v":"plural"},"n"]},{"$i":"try-again-0-1","$v":["Veuillez réessayer dans ",{"t":"idOrVar","v":"sec"}," seconde."]},{"$i":"try-again-0-2","$v":["Veuillez réessayer dans ",{"t":"idOrVar","v":"sec"}," secondes."]},{"$i":"try-again-1-0","$v":["Veuillez réessayer dans ",{"t":"idOrVar","v":"min"}," minute."]},{"$i":"try-again-1-1","$v":["Veuillez réessayer dans ",{"t":"idOrVar","v":"min"}," minute et ",{"t":"idOrVar","v":"sec"}," seconde."]},{"$i":"try-again-1-2","$v":["Veuillez réessayer dans ",{"t":"idOrVar","v":"min"}," minute et ",{"t":"idOrVar","v":"sec"}," secondes."]},{"$i":"try-again-2-0","$v":["Veuillez réessayer dans ",{"t":"idOrVar","v":"min"}," minutes."]},{"$i":"try-again-2-1","$v":["Veuillez réessayer dans ",{"t":"idOrVar","v":"min"}," minutes et ",{"t":"idOrVar","v":"sec"}," seconde."]},{"$i":"try-again-2-2","$v":["Veuillez réessayer dans ",{"t":"idOrVar","v":"min"}," minutes et ",{"t":"idOrVar","v":"sec"}," secondes."]},{"$i":"confirm-account","$v":"Confirmer le compte"},{"$i":"confirm-account-password","$v":"Confirmer le mot de passe du compte"},{"$i":"confirm-password-tips","$v":"Pour continuer, confirmez le mot de passe de votre compte."},{"$i":"account-info","$v":"Informations sur le compte :"},{"$i":"password-incorrect","$v":"Mot de passe incorrect"},{"$i":"payment-timeout-1","$v":"Your payment seems taking longer than expected."},{"$i":"payment-timeout-2","$v":"We'll get back to you when your transaction has completed."},{"$i":"payment-timeout-toast","$v":"Payment will complete later."}]