[{"$i":"agree","$v":"Agree"},{"$i":"checkout","$v":"चेक आउट गर्नुहोस्"},{"$i":"buy","$v":"Buy"},{"$i":"pay","$v":"भुक्तान गर्नुहोस्"},{"$i":"checkout-info","$v":"चेक आउट जानकारी"},{"$i":"payment-info","$v":"भुक्तानीको जानकारी"},{"$i":"add-payment-method","$v":"कृपया भुक्तान विधि थप्नुहोस्"},{"$i":"add-billing-address","$v":"कृपया बिलिङ ठेगाना थप्नुहोस्"},{"$i":"account","$v":"खाता"},{"$i":"country","$v":"देश"},{"$i":"name","$v":"नाम"},{"$i":"address-line-1","$v":"ठेगाना रेखा 1"},{"$i":"address-line-2","$v":"ठेगाना रेखा 2"},{"$i":"state","$v":"राज्य"},{"$i":"city","$v":"सहर"},{"$i":"postal-code","$v":"हुलाक कोड"},{"$i":"card-number","$v":"कार्ड नम्बर"},{"$i":"card-expired-date","$v":"कार्डको म्याद सकिने मिति (महिना/वर्ष)"},{"$i":"card-holder-name","$v":"कार्ड धारकको नाम"},{"$i":"card-security-code","$v":"कार्ड सुरक्षा कोड (सि.भि.सी)"},{"$i":"save","$v":"सुरक्षित गर्नुहोस्"},{"$i":"select","$v":"चयन गर्नुहोस्"},{"$i":"delete","$v":"मेट्नुहोस्"},{"$i":"edit","$v":"सम्पादन गर्नुहोस्"},{"$i":"add-address","$v":"ठेगाना थप्नुहोस्"},{"$i":"add-card","$v":"कार्ड थप्नुहोस्"},{"$i":"add-payment","$v":"भुक्तान विधि थप्नुहोस्"},{"$i":"delete-address","$v":"चयन गरिएको ठेगानालाई मेटाउने?"},{"$i":"delete-card","$v":"चयन गरिएको कार्डलाई मेटाउने?"},{"$i":"confirm","$v":"निश्चित गर्नुहोस्"},{"$i":"confirmation","$v":"Confirmation"},{"$i":"confirm-purchase","$v":"Confirm Purchase"},{"$i":"ok","$v":"ठीक छ"},{"$i":"address","$v":"ठेगाना"},{"$i":"credit-card","$v":"क्रेडिट कार्ड"},{"$i":"next","$v":"अर्को"},{"$i":"prev","$v":"अघिल्लो"},{"$i":"back","$v":"पछाडि"},{"$i":"options","$v":"विकल्पहरू"},{"$i":"change","$v":"भुक्तान विधि परिवर्तन गर्नुहोस्"},{"$i":"carrier-billing","$v":"वाहक"},{"$i":"credit-card-billing","$v":"क्रेडिट कार्ड"},{"$i":"billing-address","$v":"बिलिङ ठेगाना"},{"$i":"progressing","$v":"प्रगतिमा छ"},{"$i":"progressing-1","$v":"Progressing..."},{"$i":"progressing-content","$v":"कृपया समाप्त नहुँदासम्म यो पृष्ठ छोडेर नजानुहोस्।"},{"$i":"cancel","$v":"रद्द गर्नुहोस्"},{"$i":"loading","$v":"लोड हुँदै…"},{"$i":"select-method","$v":"भुक्तान विधि चयन गर्नुहोस्"},{"$i":"no-network-warn","$v":"No network connection"},{"$i":"detail","$v":"Detail"},{"$i":"psms-description","$v":"We will send a SMS message to complete this payment."},{"$i":"payment-success","$v":"Payment Success"},{"$i":"payment-fail","$v":"Payment Not Success"},{"$i":"payment-fail-msg","$v":"Problem occured, can not complete the payment process."},{"$i":"price","$v":"Price"},{"$i":"payment-info-1","$v":["This application costs ",{"t":"idOrVar","v":"price"}," + cost of 1 standard SMS."]},{"$i":"payment-info-2","$v":["You will receive an SMS from ",{"t":"idOrVar","v":"shortcode"},". Follow the instructions to complete the purchase. You must have sufficient credits to process your order."]},{"$i":"payment-info-3","$v":["Info and customer care: ",{"t":"idOrVar","v":"email"}]},{"$i":"more","$v":"More"},{"$i":"sim0-empty-price-warn","$v":"Sim 1 is empty. Price is not available."},{"$i":"sim0-empty-usage-warn","$v":"Sim 1 is empty. Insert SIM card to use Payment."},{"$i":"terms-confirmation-agree","$v":"I agree to the KaiPay Terms of Services."},{"$i":"terms-confirmation-1","$v":"By clicking \"I agree\", you agree to the"},{"$i":"terms-confirmation-2","$v":"You also confirm that you are above the age of 16. Your order will be processed immediately and KaiOS will not reimburse any content that has been downloaded and delivered successfully."},{"$i":"terms-name","$v":"KaiStore Terms of Service"},{"$i":"terms-name-new","$v":"Terms of Service"},{"$i":"terms-content-1","$v":"1. Introduction"},{"$i":"terms-content-2","$v":"KaiStore is a service provided by Kai OS Technologies (Hong Kong) Limited (\"KAI\", \"we\" or \"us\"), located at 12/F, 133 Wai Yip Street, Kwun Tong, Kowloon, Hong Kong. Your use of KaiStore and the apps, games, ringtones, wallpapers, or other digital content or services (referred to as \"Content\") available through it is subject to these KaiStore Terms of Service and the KaiOS Terms of Services and EULA available at https://www.kaiostech.com/terms-of-services/ (\"KAI EULA\") ( together referred to as the \"Terms\"). KaiStore is a \"Service\" as described in the KAI EULA. If there is any conflict between the KaiStore Terms of Service and the KAI EULA, the KaiStore Terms of Service shall prevail."},{"$i":"terms-content-3","$v":"2. Your Use of KaiStore"},{"$i":"terms-content-4","$v":"2.1 Use and System Requirements: You may use KaiStore to browse, locate, view, or download Content for your mobile running KaiOS operating system (\"Device\"). To use KaiStore, you will need a device that meets the system and compatibility requirements for the relevant Content, working Internet access, and compatible software."},{"$i":"terms-content-5","$v":"2.2 Content Availablity: The availability of Content and features will vary between countries and not all Content or features may be available in your country. Content may be offered by KAI or made available by third-parties not affiliated with us. We are not responsible for and do not endorse any Content made available through KaiStore that originates from a source other than KAI."},{"$i":"terms-content-6","$v":"2.3 Age: If you are considered a minor in your country, you must have your parent or legal guardian's permission to use KaiStore and to accept the Terms. You must comply with any additional age restrictions that might apply for the use of specific Content or features on KaiStore."},{"$i":"terms-content-7","$v":"2.4 Fees: You are responsible for any access or data fees incurred from third parties (such as your Internet provider or mobile carrier) in connection with your use and viewing of Content and KaiStore."},{"$i":"terms-content-8","$v":"2.5 Automatic Updates: KaiStore, related support libraries, or Content may need to be updated, for example, for bug fixes, enhanced functions, missing plug-ins and new versions (collectively, \"Updates\"). Such Updates may be necessary in order for you to use KaiStore or to access, download, or use Content. By agreeing to these Terms and using KaiStore, you agree to receive such Updates automatically. You may be able to manage Updates to certain Content via settings on your Device. If it is determined, however, that the Update will fix a critical security vulnerability related to the Content, the Update may be completed by KAI irrespective of your Update settings."},{"$i":"terms-content-9","$v":"2.6 Updates to these Terms: Because we are constantly developing our software, we need to reserve the right, at any time and our sole discretion, to change these Terms. When we do so, we will use our reasonable efforts to notify you of what we have done and the new Terms will be effective after such notice. Your continued use of KaiStore following such notice period will indicate your acceptance of the new Terms. The new Terms will apply to your use of all Content (including Content you have installed or purchased in the past) and all subsequent installs or purchases. If you do not agree with such changes, you may not be able to access the KaiStore. You may continue to view the Content on your Devices in accordance with the last version of the Terms that you accepted but you will not receive any Updates."},{"$i":"terms-content-10","$v":"3. Purchases and Payments"},{"$i":"terms-content-11","$v":"3.1 Free Content: KAI may allow you to download, view or use Content free of charge on KaiStore. Additional limitations may apply to your access and use of certain free Content."},{"$i":"terms-content-12","$v":"3.1 Purchase of Content: When you buy Content on or using KaiStore you will enter into a separate sale contract based on these Terms (as applicable) with us or with a third-party Content provider. The separate sale contract is in addition to these Terms."},{"$i":"terms-content-13","$v":"Your contract for the purchase and use of Content is completed once your payment is processed, and performance of this contract begins as soon as the purchase is complete."},{"$i":"terms-content-14","$v":"KAI may make available to you various payment processing methods to facilitate the purchase of Content through KaiStore or as an in-app purchase within the Content. You must abide by any relevant terms and conditions or other legal agreement, whether with KAI or a third party, that governs your use of a given payment processing method. KAI may add or remove payment processing methods at its sole discretion. You are solely responsible for all amounts payable associated with purchases you make on KaiStore."},{"$i":"terms-content-15","$v":"3.2 Eligibility for Carrier Billing: In order to determine your eligibility to have purchases of Content that you make through your Devices billed to your network provider's account, we will send identifiers of your Device, e.g., subscriber ID and SIM card serial number, to your network provider. To permit this you will need to accept the network provider's terms of service. The network provider may send us your billing address information."},{"$i":"terms-content-16","$v":"3.3 Pricing: Pricing and availability of all Content displayed through KaiStore or for in-app purchases are subject to change at any time prior to purchase."},{"$i":"terms-content-17","$v":"3.4 Taxes: \"Taxes\" means any duties, customs fees, levies or taxes (other than income tax) associated with the sale of Content, including any related penalties or interest. You are responsible for any Taxes and must pay for Content without any reduction for Taxes. If KAI is obligated to collect or pay Taxes, the Taxes will be charged to you. You must comply with any and all applicable tax laws, including the reporting and payment of any Taxes arising in connection with your use of KaiStore or the purchase of Content on or through KaiStore. The reporting and payment of any such applicable Taxes are your responsibility."},{"$i":"terms-content-18","$v":"3.5 All Sales Final: All sales are final, and no returns, replacements or refunds are permitted, if the delivery has started upon your request. If a replacement, return or refund is granted for any transaction, the transaction may be reversed, and you may no longer be able to access the Content that you acquired through that transaction. When you purchase or subscribe to Content on KaiStore, you agree that the Content will be available to you immediately, and you acknowledge that, as a result, you waive your automatic statutory right of withdrawal. Therefore, you will not be eligible for a refund (or any alternative remedy) unless the Content is defective, unavailable or doesn’t perform as stated. Subject to the last sentence of this Section, If you have successfully paid for Content but the Content is defective, unavailable or doesn’t perform as stated, please contact us via https://support.kaiostech.com/en/support/tickets/new. If the Content is provided by a third party provider, please reach out to the respective customer support of such provider directly via the provided third party information in the Kai Store or third party Content."},{"$i":"terms-content-19","$v":"4. Rights and Restrictions"},{"$i":"terms-content-20","$v":"4.1 License to Use Content: After completing a transaction or paying the applicable fees for Content, you will have the non-exclusive right, solely as expressly permitted in these Terms and associated policies, to store, access, view, use, and display copies of the applicable Content on your Devices or as otherwise authorized as part of the Service for your personal, non-commercial use only. All rights, title and interest in KaiStore and Content not expressly granted to you in the Terms are reserved."},{"$i":"terms-content-21","$v":"Your use of apps and games may be governed by the additional terms and conditions of the End User License Agreement between you and the Content provider. Delivery of Content does not transfer any promotional use rights to you, and does not constitute a grant or waiver of any rights of the copyright owners. It is your responsibility not to lose, destroy or damage Content once downloaded."},{"$i":"terms-content-22","$v":"4.2 Violation of License Terms: If you violate any of the Terms, your rights under this license will immediately terminate, and KAI may terminate your access to KaiStore and the Content without refund to you."},{"$i":"terms-content-23","$v":"Restrictions: You may not:"},{"$i":"terms-content-24","$v":"* Display (in part or in whole) the Content as part of any public performance or display even if no fee is charged except (a) where such use would not constitute a copyright infringement or violate any other applicable right or (b) as specifically permitted and only in the exact manner provided."},{"$i":"terms-content-25","$v":"* Sell, rent, lease, redistribute, broadcast, transmit, communicate, modify, sublicense, transfer, assign any Content to any third party including with regard to any downloads of Content that you may obtain through KaiStore except as specifically permitted and only in the exact manner provided."},{"$i":"terms-content-26","$v":"* Use Content as part of any service for sharing, lending or multi-person use, or for the purpose of any other institution, except as specifically permitted and only in the exact manner provided."},{"$i":"terms-content-27","$v":"* Attempt to, or assist, authorize or encourage others to circumvent, disable or defeat any of the security features or components that protect, obfuscate or otherwise restrict access to any Content or KaiStore."},{"$i":"terms-content-28","$v":"* Remove any watermarks, labels or other legal or proprietary notices included in any Content, or attempt to modify any Content obtained through KaiStore, including any modification for the purpose of disguising or changing any indications of the ownership or source of Content."},{"$i":"terms-content-29","$v":"* Access our Services or Content using any other software than the official software provided by KAI."},{"$i":"terms-content-30","$v":"4.3 Third-Party Provisions: Notwithstanding anything to the contrary in these Terms, the third parties who license their Content to KAI are intended third party beneficiaries under these Terms solely with respect to the specific provisions of these Terms that directly concern their Content (\"Third-Party Provisions\"), and solely for the purpose of enabling such third parties to enforce their rights in such Content. For the avoidance of doubt, nothing in these Terms confers a third-party beneficiary right upon any party, with respect to any provision that falls outside the Third Party Provisions, which includes but is not limited to any provisions or agreements incorporated by reference, or that may be referenced without incorporation, in these Terms."},{"$i":"terms-content-31","$v":"4.4 Defective Content: Once Content is available to you, you should check the Content as soon as reasonably possible to ensure that it functions and performs as stated, and notify us via https://support.kaiostech.com/en/support/tickets/new as soon as reasonably possible if you find any errors or defect."},{"$i":"terms-content-32","$v":"4.5 Removal or Unavailability of Content: Subject to the Terms, Content that you purchase or install will be available to you as long as KAI has the right to make such Content available to you. In certain cases (for example KAI loses the relevant rights, a service or Content is discontinued or removed, there are critical security issues, or there are breaches of applicable terms or the law), KAI may automatically remove from your device or cease providing you with access to certain Content that you have purchased. When possible, KAI will use its reasonable efforts to notify you in advance of such removal or cessation."},{"$i":"terms-content-33","$v":"Important notice: please note that if you reset your device (do a factory reset or perform similar function), the reset may automatically remove from your device all Content that you have purchased."},{"$i":"terms-content-34","$v":"If you are not able to download a copy of the Content before such removal or cessation, you may request, and KAI may offer you a replacement of the Content if possible."},{"$i":"terms-content-35","$v":"4.6 Dangerous Activities. None of the Services or Content are intended for use in the operation of nuclear facilities, life support systems, emergency communications, aircraft navigation or communication systems, air traffic control systems, or any other such activities in which case the failure of the Services or Content could lead to death, personal injury, or severe physical or environmental damage."},{"$i":"forget-PIN","$v":"Forget PIN"},{"$i":"setup-PIN","$v":"Setup Payment PIN Code"},{"$i":"re-setup-PIN","$v":"Setup New Payment PIN Code"},{"$i":"PIN-create-tips","$v":"Create a 6 digit PIN code for your payment process."},{"$i":"confirm-PIN","$v":"Confirm PIN Code"},{"$i":"re-enter-PIN","$v":"Re-enter the same PIN code to confirm."},{"$i":"start-over","$v":"Start Over"},{"$i":"PIN-dosent-match","$v":"PIN code doesn’t match."},{"$i":"re-enter-again","$v":"Re-enter again."},{"$i":"setup-success","$v":"Setup Success"},{"$i":"please-remember","$v":"Please remember your PIN code for payment."},{"$i":"leave-setup-process","$v":"Leave the payment process?"},{"$i":"leave","$v":"Leave"},{"$i":"enter-PIN-code","$v":"Enter Payment PIN Code"},{"$i":"setup-PIN-code","$v":"Setup PIN Code"},{"$i":"setup-PIN-code-reminder","$v":"PIN code is a 6 digit idenification number that required instead of your signature when doing purchase with KaiOS phone. It adds extra layer of security, preventing mailcious user spending on your behalf. Do not disclose it to anyone."},{"$i":"reset-PIN-code","$v":"Reset PIN code"},{"$i":"reset-PIN-code-reminder","$v":"Your PIN code for payment has been set."},{"$i":"PIN-code-set","$v":"PIN code set."},{"$i":"payment-canceled","$v":"Payment canceled."},{"$i":"incorrect-PIN-trial","$v":{"zero":["Incorrect PIN: ",{"t":"idOrVar","v":"n"}," time"],"one":["Incorrect PIN: ",{"t":"idOrVar","v":"n"}," time"],"two":["Incorrect PIN: ",{"t":"idOrVar","v":"n"}," times"],"three":["Incorrect PIN: ",{"t":"idOrVar","v":"n"}," times"],"other":["Incorrect PIN: ",{"t":"idOrVar","v":"n"}," times"]},"$x":[{"t":"idOrVar","v":"plural"},"n"]},{"$i":"try-again-0-1","$v":["Please come back and try again after ",{"t":"idOrVar","v":"sec"}," second."]},{"$i":"try-again-0-2","$v":["Please come back and try again after ",{"t":"idOrVar","v":"sec"}," seconds."]},{"$i":"try-again-1-0","$v":["Please come back and try again after ",{"t":"idOrVar","v":"min"}," minute."]},{"$i":"try-again-1-1","$v":["Please come back and try again after ",{"t":"idOrVar","v":"min"}," minute and ",{"t":"idOrVar","v":"sec"}," second."]},{"$i":"try-again-1-2","$v":["Please come back and try again after ",{"t":"idOrVar","v":"min"}," minute and ",{"t":"idOrVar","v":"sec"}," seconds."]},{"$i":"try-again-2-0","$v":["Please come back and try again after ",{"t":"idOrVar","v":"min"}," minutes."]},{"$i":"try-again-2-1","$v":["Please come back and try again after ",{"t":"idOrVar","v":"min"}," minutes and ",{"t":"idOrVar","v":"sec"}," second."]},{"$i":"try-again-2-2","$v":["Please come back and try again after ",{"t":"idOrVar","v":"min"}," minutes and ",{"t":"idOrVar","v":"sec"}," seconds."]},{"$i":"confirm-account","$v":"Confirm Account"},{"$i":"confirm-account-password","$v":"Confirm Account Password"},{"$i":"confirm-password-tips","$v":"To proceed, please confirm your account password."},{"$i":"account-info","$v":"Account Info:"},{"$i":"password-incorrect","$v":"Password incorrect"},{"$i":"payment-timeout-1","$v":"Your payment seems taking longer than expected."},{"$i":"payment-timeout-2","$v":"We'll get back to you when your transaction has completed."},{"$i":"payment-timeout-toast","$v":"Payment will complete later."}]