[{"$i":"agree","$v":"Принять"},{"$i":"checkout","$v":"Проверить"},{"$i":"buy","$v":"Купить"},{"$i":"pay","$v":"Оплата"},{"$i":"checkout-info","$v":"Проверьте Информацию"},{"$i":"payment-info","$v":["Это приложение стоит ",{"t":"idOrVar","v":"price"}," + стоимость 1 стандартного SMS. Вы получите SMS с ",{"t":"idOrVar","v":"shortcode"},". Следуйте инструкциям, чтобы завершить покупку. У вас должно быть достаточно средств для обработки вашего заказа. Информация и обслуживание клиентов: ",{"t":"idOrVar","v":"email"}]},{"$i":"add-payment-method","$v":"Пожалуйста, добавьте способ оплаты"},{"$i":"add-billing-address","$v":"Пожалуйста, добавьте платежный адрес"},{"$i":"account","$v":"Аккаунт"},{"$i":"country","$v":"Страна"},{"$i":"name","$v":"Имя"},{"$i":"address-line-1","$v":"Адресная строка 1"},{"$i":"address-line-2","$v":"Адресная строка 2"},{"$i":"state","$v":"Область"},{"$i":"city","$v":"Город"},{"$i":"postal-code","$v":"Почтовый индекс"},{"$i":"card-number","$v":"Номер Карты"},{"$i":"card-expired-date","$v":"Срок Действия Карты (ММ/ГГ)"},{"$i":"card-holder-name","$v":"Имя Держателя Карты"},{"$i":"card-security-code","$v":"Код Безопасности Карты (CVC)"},{"$i":"save","$v":"Сохранить"},{"$i":"select","$v":"выбрать"},{"$i":"delete","$v":"Удалить"},{"$i":"edit","$v":"Изменить"},{"$i":"add-address","$v":"Добавить Адрес"},{"$i":"add-card","$v":"Добавить Карту"},{"$i":"add-payment","$v":"Добавить Способ Оплаты"},{"$i":"delete-address","$v":"Удалить выбранный адрес?"},{"$i":"delete-card","$v":"Удалить выбранную карту?"},{"$i":"confirm","$v":"Подтвердить"},{"$i":"confirmation","$v":"Подтверждение"},{"$i":"confirm-purchase","$v":"Подтвердите Покупку"},{"$i":"ok","$v":"OK"},{"$i":"address","$v":"Адрес"},{"$i":"credit-card","$v":"Кредитная карта"},{"$i":"next","$v":"Далее"},{"$i":"prev","$v":"Предыдущ."},{"$i":"back","$v":"Назад"},{"$i":"options","$v":"Опции"},{"$i":"change","$v":"Изменить Способ Оплаты"},{"$i":"carrier-billing","$v":"Оператор"},{"$i":"credit-card-billing","$v":"Кредитная карта"},{"$i":"billing-address","$v":"Платежный адрес"},{"$i":"progressing","$v":"Выполнение"},{"$i":"progressing-1","$v":"Выполнение..."},{"$i":"progressing-content","$v":"Пожалуйста, не покидайте эту страницу до завершения."},{"$i":"cancel","$v":"Отмена"},{"$i":"loading","$v":"Загрузка..."},{"$i":"select-method","$v":"Выбрать Способ Оплаты"},{"$i":"no-network-warn","$v":"Отсутствует подключение к сети"},{"$i":"detail","$v":"Detail"},{"$i":"psms-description","$v":"Мы отправим SMS-сообщение для завершения этого платежа."},{"$i":"payment-success","$v":"Успешный платеж"},{"$i":"payment-fail","$v":"Оплата не удалась"},{"$i":"payment-fail-msg","$v":"Возникла проблема, не удалось завершить процесс оплаты."},{"$i":"price","$v":"Цена"},{"$i":"payment-info-1","$v":["Это приложение стоит ",{"t":"idOrVar","v":"price"}," + стоимость 1 стандартного SMS."]},{"$i":"payment-info-2","$v":["Вы получите SMS с ",{"t":"idOrVar","v":"shortcode"},". Следуйте инструкциям, чтобы завершить покупку. У вас должно быть достаточно средств для обработки вашего заказа."]},{"$i":"payment-info-3","$v":["Информация и обслуживание клиентов: ",{"t":"idOrVar","v":"email"}]},{"$i":"more","$v":"Ещё"},{"$i":"sim0-empty-price-warn","$v":"Слот Sim 1 пустой. Цена не доступна."},{"$i":"sim0-empty-usage-warn","$v":"Слот Sim 1 пустой. Вставьте SIM-карту для оплаты."},{"$i":"terms-confirmation-agree","$v":"I agree to the KaiPay Terms of Services."},{"$i":"terms-confirmation-1","$v":"Нажав «Я согласен», вы соглашаетесь с"},{"$i":"terms-confirmation-2","$v":"Вы также подтверждаете, что вам больше 16 лет. Ваш заказ будет обработан немедленно, и KaiOS не будет возмещать расходы за любой контент, который был загружен и успешно доставлен."},{"$i":"terms-name","$v":"Условия Предоставления Услуг KaiStore"},{"$i":"terms-name-new","$v":"Terms of Service"},{"$i":"terms-content-1","$v":"1. Введение"},{"$i":"terms-content-2","$v":"KaiStore - это услуга, предоставляемая компанией Kai OS Technologies (Hong Kong) Limited («KAI», «мы» или «нас»), расположенной по адресу: 12/F, 133 Вай Ип Стрит, Квун Тонг, Коулун, Гонконг. Использование вами KaiStore, а также приложений, игр, мелодий звонков, обоев или другого цифрового контента или услуг (называемых «Контент»), доступных через него, регулируется настоящими Условиями предоставления услуг KaiStore, а также Условиями предоставления услуг KaiOS и EULA, доступными по адресу https://www.kaiostech.com/terms-of-services/ («KAI EULA») (вместе именуемые «Условия»). KaiStore - это \"Услуга\", как описано в KAI EULA. В случае возникновения конфликта между Условиями предоставления услуг KaiStore и Лицензионным соглашением KAI преимущественную силу имеют Условия предоставления услуг KaiStore."},{"$i":"terms-content-3","$v":"2. Ваше Использование KaiStore"},{"$i":"terms-content-4","$v":"2.1 Использование и Системные Требования: Вы можете использовать KaiStore для выбора, поиска, просмотра или загрузки Контента для своего мобильного устройства с операционной системой KaiOS («Устройство»). Чтобы использовать KaiStore, вам потребуется устройство, отвечающее требованиям системы и совместимости для соответствующего Контента, работающего доступа в Интернет и совместимого программного обеспечения."},{"$i":"terms-content-5","$v":"2.2 Доступность Контента: Доступность Контента и функций зависит от страны, и не все Контент или функции могут быть доступны в вашей стране. Контент может предлагаться KAI или предоставляться третьими лицами, не связанными с нами. Мы не несем ответственности и не поддерживаем какой-либо Контент, предоставляемый через KaiStore, который исходит из источника, отличного от KAI."},{"$i":"terms-content-6","$v":"2.3 Возраст: Если вас возраст считается несовершеннолетним в вашей стране, у вас должно быть разрешение ваших родителей или законного опекуна на использование KaiStore и принятие Условий. Вы должны соблюдать любые дополнительные возрастные ограничения, которые могут применяться для использования определенного Контента или функций в KaiStore."},{"$i":"terms-content-7","$v":"2.4 Платежи: Вы несете ответственность за любые платежи за доступ или передачу данных, понесенные третьими лицами (например, вашим Интернет-провайдером или оператором мобильной связи) в связи с использованием и просмотром вами Контента и KaiStore."},{"$i":"terms-content-8","$v":"2.5 Автоматическое Обновление: Возможно, потребуется обновить KaiStore, связанные библиотеки поддержки или Контент, например, для исправления ошибок, улучшения функций, установки отсутствующих плагинов и новых версий (вместе именуемых «Обновления»). Такие Обновления могут быть необходимы для того, чтобы вы могли использовать KaiStore или получить доступ, загрузить или использовать Контент. Соглашаясь с этими Условиями и используя KaiStore, вы соглашаетесь получать такие Обновления автоматически. Вы можете управлять обновлениями определенного Контента через настройки на вашем Устройстве. Однако, если определено, что Обновление устранит критическую уязвимость безопасности, связанную с Контентом, обновление может быть выполнено KAI независимо от ваших настроек Обновления. Политики конфиденциальности KAI, доступные по адресу https://www.kaiostech.com/privacy-policy/, определяют порядок обработки ваших персональных данных и защиты вашей конфиденциальности при использовании наших Услуг. KAI может потребоваться предоставить вашу персональную информацию, такую как ваше имя и адрес электронной почты, сторонним поставщикам в целях обработки ваших транзакций или предоставления вам Контента. В таких случаях поставщики соглашаются использовать эту информацию в соответствии со своими политиками конфиденциальности."},{"$i":"terms-content-9","$v":"2.6 Обновления этих Условий: Поскольку мы постоянно разрабатываем наше программное обеспечение, мы должны оставить за собой право в любое время и по собственному усмотрению изменять настоящие Условия. Когда мы сделаем это, мы приложим все разумные усилия, чтобы уведомить вас о том, что мы сделали, и новые Условия вступят в силу после такого уведомления. Ваше дальнейшее использование KaiStore после такого уведомления будет означать ваше согласие с новыми Условиями. Новые Условия будут применяться к использованию вами всего Контента (включая Контент, который вы установили или приобрели в прошлом), а также ко всем последующим установкам или покупкам. Если вы не согласны с такими изменениями, вы не сможете получить доступ к KaiStore. Вы можете продолжать просматривать Контент на своих Устройствах в соответствии с последней версией Условий, которую вы приняли, но вы не будете получать Обновления."},{"$i":"terms-content-10","$v":"3. Покупки и платежи"},{"$i":"terms-content-11","$v":"3.1 Бесплатный Контент: KAI может разрешить вам бесплатно загружать, просматривать или использовать Контент в KaiStore. Дополнительные ограничения могут применяться к вашему доступу и использованию определенного бесплатного Контента."},{"$i":"terms-content-12","$v":"3.1 Покупка контента: При покупке Контента в KaiStore или его использовании, вы заключаете отдельный договор купли-продажи на основе этих Условий (если применимо) с нами или со сторонним поставщиком Контента. Отдельный договор купли-продажи является дополнением к настоящим Условиям."},{"$i":"terms-content-13","$v":"Ваш договор для покупки и использования Контента считается заполненным после обработки платежа, и выполнение этого договора начинается сразу после завершения покупки."},{"$i":"terms-content-14","$v":"KAI может предоставить вам различные способы обработки платежей для облегчения покупки контента через KaiStore или в качестве покупки в приложении внутри Контента. Вы должны следовать соответствующим условиям предоставления услуг или иному юридическому соглашению с KAI или с третьей стороной, регулирующему использование данного способа обработки платежей. KAI может добавлять или удалять способы обработки платежей по своему усмотрению. Вы несете полную ответственность за все суммы, подлежащие оплате в связи с покупками, которые вы совершаете в KaiStore."},{"$i":"terms-content-15","$v":"3.2 Право на оплату услуг со счета оператора: Чтобы определить, имеете ли вы право на покупку Контента, который вы совершаете через свои Устройства, используя ваш счет сетевого провайдера, мы отправим идентификаторы вашего Устройства, например, идентификатор абонента и серийный номер SIM-карты, вашему сетевому провайдеру. Чтобы разрешить это, вам нужно будет принять условия предоставления услуг сетевого провайдера. Сетевой провайдер может отправить нам информацию о вашем платежном адресе. Обратите внимание, что для обработки вашей покупки нам (или поставщику счета) необходимо получить ваши MSISDN и MCCMNC. Мы будем использовать данные исключительно с целью обработки и отслеживания вашей покупки."},{"$i":"terms-content-16","$v":"3.3 Цены: Цены и доступность всего Контента, отображаемого в KaiStore или для покупок в приложении, могут быть изменены в любое время до покупки."},{"$i":"terms-content-17","$v":"3.4 Налоги: «Налоги» означают любые пошлины, таможенные сборы, сборы или налоги (кроме подоходного налога), связанные с продажей Контента, включая любые связанные штрафы или проценты. Вы несете ответственность за любые Налоги и должны платить за контент без вычета налогов. Если KAI обязана собирать или уплачивать Налоги, Налоги будут взиматься с вас. Вы должны соблюдать все применимые законы в налоговой сфере, включая законы о декларировании и уплате Налогов, возникающих в связи с использованием KaiStore или покупку Контента в KaiStore. Вы несете ответственность за отчетность и уплату любых таких применимых Налогов."},{"$i":"terms-content-18","$v":"3.5 Все Продажи Окончательные: Все продажи являются окончательными, и возвраты, замены или возмещения не допускаются, если доставка началась по вашему запросу. Если для какой-либо транзакции предоставляется замена, возврат или возмещение, транзакция может быть отменена, и вы больше не сможете получить доступ к Контенту, который вы приобрели в результате этой транзакции. Когда вы покупаете или подписываетесь на Контент в KaiStore, вы соглашаетесь с тем, что Контент будет вам доступен немедленно, и вы признаете, что в результате вы отказываетесь от своего автоматического законного права на отказ. Таким образом, вы не будете иметь права на возмещение (или любое альтернативное действие), если Контент не является дефектным, недоступным или не соответствует указанному описанию. В соответствии с последним предложением этого раздела, если вы успешно оплатили Контент, но Контент неисправен, недоступен или не соответствует  указанному описанию, пожалуйста, свяжитесь с нами через https://support.kaiostech.com/en/support/tickets/new. Если контент предоставляется сторонним поставщиком, обратитесь в соответствующую службу поддержки клиентов такого поставщика напрямую через предоставленную стороннюю информацию в Kai Store или сторонний Контент."},{"$i":"terms-content-19","$v":"4. Права и Ограничения"},{"$i":"terms-content-20","$v":"4.1 Лицензия на Использование Контента: После завершения транзакции или уплаты соответствующих сборов за Контент вы будете иметь неисключительное право, исключительно в соответствии с явным образом разрешенным в настоящих Условиях и соответствующих политиках, хранить, получать доступ, просматривать, использовать и отображать копии соответствующего Контента на ваших Устройствах или иным образом разрешенные как часть Услуги только для личного некоммерческого использования. Все права, права собственности и интересы на KaiStore и Контент, не предоставленные вам явно в Условиях, защищены."},{"$i":"terms-content-21","$v":"Использование вами приложений и игр может регулироваться дополнительными условиями Лицензионного Соглашения с Конечным Пользователем между вами и поставщиком Контента. Доставка Контента не передает вам никаких прав на использование в рекламных целях и не представляет собой предоставление или отказ от каких-либо прав владельцев авторских прав. Вы несете ответственность за то, чтобы не потерять, не уничтожить или не повредить Контент после загрузки."},{"$i":"terms-content-22","$v":"4.2 Нарушение Условий Лицензии: Если вы нарушите какое-либо из Условий, ваши права по этой лицензии будут немедленно аннулированы, и KAI может прекратить ваш доступ к KaiStore и Контенту без какого-либо возмещения."},{"$i":"terms-content-23","$v":"Ограничения: Вы не можете:"},{"$i":"terms-content-24","$v":"* Отображать (частично или полностью) Контент как часть любого публичного исполнения или показа, даже если при этом не взимается плата, за исключением (а) случаев, когда такое использование не будет представлять собой нарушение авторских прав или нарушать какие-либо другие применимые права, или (b), в частности, разрешено и только в определенном порядке."},{"$i":"terms-content-25","$v":"* Продавать, сдавать в аренду, распространять, транслировать, передавать, переносить, изменять, сублицензировать, пересылать, переуступать любой Контент любой третьей стороне, в том числе в отношении любых загрузок Контента, которые вы можете получить в KaiStore, за исключением специально разрешенных случаев и только в точном порядке."},{"$i":"terms-content-26","$v":"* Использовать Контент как часть любой услуги для совместного использования, кредитования или использования несколькими лицами или для целей любого другого учреждения, за исключением случаев, когда это специально разрешено и только в точном порядке."},{"$i":"terms-content-27","$v":"* Пытаться или помогать, разрешать или поощрять других обходить, отключать или уничтожать любые функции безопасности или компоненты, которые защищают или иным образом ограничивают доступ к любому Контенту или KaiStore."},{"$i":"terms-content-28","$v":"* Удалять любые водяные знаки, ярлыки или другие юридические или имущественные уведомления, включенные в любой Контент, или пытаться модифицировать любой Контент, полученный в KaiStore, включая любые изменения с целью маскировки или изменения любых указаний на право собственности или источник Контента."},{"$i":"terms-content-29","$v":"* Получать доступ к нашим Услугам или Контенту с использованием любого другого программного обеспечения, кроме официального программного обеспечения, предоставляемого KAI."},{"$i":"terms-content-30","$v":"4.3 Условия Третьих Сторон: Несмотря на что-либо противоположное в настоящих Условиях, третьи стороны, которые лицензируют свой Контент для KAI, являются предполагаемыми сторонними бенефициарами в соответствии с настоящими Условиями исключительно в отношении конкретных положений настоящих Условий, которые непосредственно касаются их Контента («Условия Третьих Сторон»), и исключительно с целью предоставления возможности таким третьим сторонам осуществлять свои права на такой Контент. Во избежание сомнений, ничто в настоящих Условиях не предоставляет права стороннего бенефициара какой-либо стороне в отношении любого положения, выходящего за пределы Условий Третьих Сторон, которое включает, но не ограничивается какими-либо положениями или соглашениями, включенными посредством ссылки, или на которые можно ссылаться без включения в настоящие Условия."},{"$i":"terms-content-31","$v":"4.4 Некачественный Контент: Как только Контент станет вам доступен, вы должны проверить его как можно скорее, чтобы убедиться, что он функционирует и выполняет указанные функции, и уведомить нас через https://support.kaiostech.com/en/support/tickets/new как можно скорее, если вы обнаружите какие-либо ошибки или дефекты."},{"$i":"terms-content-32","$v":"4.5 Удаление или Недоступность Контента: В соответствии с Условиями, Контент, который вы приобретаете или устанавливаете, будет доступен вам, если KAI имеет право сделать этот Контент доступным для вас. В некоторых случаях (например, KAI теряет соответствующие права, услуга или Контент приостанавливается или удаляется, возникают критические проблемы безопасности или нарушения применимых условий или закона), KAI может автоматически удалить с вашего устройства или прекратить предоставлять вам доступ к определенному Контенту, который вы приобрели. По возможности KAI будет прилагать разумные усилия, чтобы заранее уведомить вас о таком удалении или прекращении."},{"$i":"terms-content-33","$v":"Важное примечание: обратите внимание, что если вы перезагружаете свое устройство (выполняете сброс настроек или выполняете аналогичную функцию), это может автоматически удалить с вашего устройства весь приобретенный вами Контент."},{"$i":"terms-content-34","$v":"Если вы не можете загрузить копию Контента до такого удаления или прекращения, вы можете запросить, и KAI может предложить вам замену Контента, если это возможно."},{"$i":"terms-content-35","$v":"4.6 Опасные Виды Деятельности. Ни одна из Услуг или Контента не предназначена для использования в эксплуатации ядерных объектов, систем жизнеобеспечения, аварийной связи, систем навигации или связи воздушных судов, систем управления воздушным движением или любой другой такой деятельности, в случае которой отказ Услуг или Контента может привести к смерти, травме или серьезному физическому или экологическому ущербу."},{"$i":"forget-PIN","$v":"Забыли PIN-код"},{"$i":"setup-PIN","$v":"Настройка Платежного PIN-кода"},{"$i":"re-setup-PIN","$v":"Настройка Нового Платежного PIN-кода"},{"$i":"PIN-create-tips","$v":"Создайте 6-значный PIN-код для проведения платежа."},{"$i":"confirm-PIN","$v":"Подтвердите PIN-код"},{"$i":"re-enter-PIN","$v":"Введите ещё раз тот же PIN-код для подтверждения."},{"$i":"start-over","$v":"Начать сначала"},{"$i":"PIN-dosent-match","$v":"PIN-код не совпадает."},{"$i":"re-enter-again","$v":"Введите ещё раз."},{"$i":"setup-success","$v":"Успешная установка"},{"$i":"please-remember","$v":"Пожалуйста, запомните свой платежный PIN-код."},{"$i":"leave-setup-process","$v":"Покинуть процесс оплаты?"},{"$i":"leave","$v":"Выйти"},{"$i":"enter-PIN-code","$v":"Введите Платежный PIN-код"},{"$i":"setup-PIN-code","$v":"Настройка PIN-кода"},{"$i":"setup-PIN-code-reminder","$v":"PIN-код представляет собой 6-значный идентификационный номер, который требуется вместо вашей подписи при совершении покупки с помощью телефона KaiOS. Это добавляет дополнительный уровень безопасности, предотвращая несанкционированные платежи от вашего имени. Не сообщайте его никому."},{"$i":"reset-PIN-code","$v":"Сбросить PIN-код"},{"$i":"reset-PIN-code-reminder","$v":"PIN-код для оплаты был установлен."},{"$i":"PIN-code-set","$v":"PIN-код установлен."},{"$i":"payment-canceled","$v":"Оплата отменена."},{"$i":"incorrect-PIN-trial","$v":{"zero":["Incorrect PIN: ",{"t":"idOrVar","v":"n"}," time"],"one":["Incorrect PIN: ",{"t":"idOrVar","v":"n"}," time"],"two":["Incorrect PIN: ",{"t":"idOrVar","v":"n"}," times"],"three":["Incorrect PIN: ",{"t":"idOrVar","v":"n"}," times"],"other":["Incorrect PIN: ",{"t":"idOrVar","v":"n"}," times"]},"$x":[{"t":"idOrVar","v":"plural"},"n"]},{"$i":"try-again-0-1","$v":["Пожалуйста, вернитесь и попробуйте ещё раз через ",{"t":"idOrVar","v":"sec"}," с."]},{"$i":"try-again-0-2","$v":["Пожалуйста, вернитесь и попробуйте ещё раз через ",{"t":"idOrVar","v":"sec"}," с."]},{"$i":"try-again-1-0","$v":["Пожалуйста, вернитесь и попробуйте ещё раз через ",{"t":"idOrVar","v":"min"}," мин."]},{"$i":"try-again-1-1","$v":["Пожалуйста, вернитесь и попробуйте ещё раз через ",{"t":"idOrVar","v":"min"}," мин  и ",{"t":"idOrVar","v":"sec"}," с."]},{"$i":"try-again-1-2","$v":["Пожалуйста, вернитесь и попробуйте ещё раз через ",{"t":"idOrVar","v":"min"}," мин  и ",{"t":"idOrVar","v":"sec"}," с."]},{"$i":"try-again-2-0","$v":["Пожалуйста, вернитесь и попробуйте ещё раз через ",{"t":"idOrVar","v":"min"}," мин."]},{"$i":"try-again-2-1","$v":["Пожалуйста, вернитесь и попробуйте ещё раз через ",{"t":"idOrVar","v":"min"}," мин  и ",{"t":"idOrVar","v":"sec"}," с."]},{"$i":"try-again-2-2","$v":["Пожалуйста, вернитесь и попробуйте ещё раз через ",{"t":"idOrVar","v":"min"}," мин  и ",{"t":"idOrVar","v":"sec"}," с."]},{"$i":"confirm-account","$v":"Подтвердить аккаунт"},{"$i":"confirm-account-password","$v":"Подтвердите пароль вашего аккаунта"},{"$i":"confirm-password-tips","$v":"Чтобы продолжить, подтвердите пароль вашего аккаунта."},{"$i":"account-info","$v":"Информация об аккаунте:"},{"$i":"password-incorrect","$v":"Неверный пароль"},{"$i":"payment-timeout-1","$v":"Your payment seems taking longer than expected."},{"$i":"payment-timeout-2","$v":"We'll get back to you when your transaction has completed."},{"$i":"payment-timeout-toast","$v":"Payment will complete later."}]