[{"$i":"agree","$v":"Đồng ý"},{"$i":"checkout","$v":"Xác nhận Thanh toán"},{"$i":"buy","$v":"Mua"},{"$i":"pay","$v":"Thanh toán"},{"$i":"checkout-info","$v":"Thông tin Xác nhận Thanh toán"},{"$i":"payment-info","$v":["Ứng dụng này có giá ",{"t":"idOrVar","v":"price"}," + chi phí cho 1 tin nhắn SMS tiêu chuẩn. Bạn sẽ nhận được một tin nhắn SMS từ ",{"t":"idOrVar","v":"shortcode"},". Làm theo các hướng dẫn để hoàn tất giao dịch mua hàng. Bạn phải có đủ tiền trong thẻ tín dụng để xử lý đơn hàng của bạn. Thông tin và dịch vụ chăm sóc khách hàng: ",{"t":"idOrVar","v":"email"}]},{"$i":"add-payment-method","$v":"Vui lòng thêm một phương thức thanh toán"},{"$i":"add-billing-address","$v":"Vui lòng thêm một địa chỉ thanh toán"},{"$i":"account","$v":"Tài khoản"},{"$i":"country","$v":"Quốc gia"},{"$i":"name","$v":"Tên"},{"$i":"address-line-1","$v":"Dòng Địa chỉ 1"},{"$i":"address-line-2","$v":"Dòng Địa chỉ 2"},{"$i":"state","$v":"Tiểu bang"},{"$i":"city","$v":"Thành phố"},{"$i":"postal-code","$v":"Mã Bưu điện"},{"$i":"card-number","$v":"Số Thẻ"},{"$i":"card-expired-date","$v":"Ngày Thẻ Hết hạn (tháng dạng 2 chữ số/năm dạng 2 chữ số)"},{"$i":"card-holder-name","$v":"Tên Chủ thẻ"},{"$i":"card-security-code","$v":"Mã Bảo Mật của Thẻ (CVC)"},{"$i":"save","$v":"Lưu"},{"$i":"select","$v":"chọn"},{"$i":"delete","$v":"Xóa"},{"$i":"edit","$v":"Chỉnh sửa"},{"$i":"add-address","$v":"Thêm Địa chỉ"},{"$i":"add-card","$v":"Thêm Thẻ"},{"$i":"add-payment","$v":"Thêm Phương thức Thanh toán"},{"$i":"delete-address","$v":"Xóa địa chỉ đã chọn?"},{"$i":"delete-card","$v":"Xóa thẻ đã chọn?"},{"$i":"confirm","$v":"Xác nhận"},{"$i":"confirmation","$v":"Xác nhận"},{"$i":"confirm-purchase","$v":"Xác nhận Mua hàng"},{"$i":"ok","$v":"OK"},{"$i":"address","$v":"Địa chỉ"},{"$i":"credit-card","$v":"Thẻ Tín dụng"},{"$i":"next","$v":"Tiếp"},{"$i":"prev","$v":"Trước"},{"$i":"back","$v":"Trở lại"},{"$i":"options","$v":"Các tùy chọn"},{"$i":"change","$v":"Thay đổi Phương thức Thanh toán"},{"$i":"carrier-billing","$v":"Nhà mạng"},{"$i":"credit-card-billing","$v":"Thẻ Tín dụng"},{"$i":"billing-address","$v":"Địa chỉ Thanh toán"},{"$i":"progressing","$v":"Đang tiến hành"},{"$i":"progressing-1","$v":"Đang tiến hành..."},{"$i":"progressing-content","$v":"Vui lòng không rời trang này cho đến khi hoàn tất."},{"$i":"cancel","$v":"Hủy"},{"$i":"loading","$v":"Đang tải..."},{"$i":"select-method","$v":"Chọn Phương thức Thanh toán"},{"$i":"no-network-warn","$v":"Không có kết nối mạng"},{"$i":"detail","$v":"Detail"},{"$i":"psms-description","$v":"Chúng tôi sẽ gửi một tin nhắn SMS để hoàn tất việc thanh toán này."},{"$i":"payment-success","$v":"Thanh toán Thành công"},{"$i":"payment-fail","$v":"Thanh toán Không Thành công"},{"$i":"payment-fail-msg","$v":"Xảy ra lỗi, không thể hoàn tất quá trình thanh toán."},{"$i":"price","$v":"Giá"},{"$i":"payment-info-1","$v":["Ứng dụng này có giá ",{"t":"idOrVar","v":"price"}," + chi phí cho 1 tin nhắn SMS tiêu chuẩn."]},{"$i":"payment-info-2","$v":["Bạn sẽ nhận được một tin nhắn SMS từ ",{"t":"idOrVar","v":"shortcode"},". Làm theo các hướng dẫn để hoàn tất giao dịch mua hàng. Bạn phải có đủ tiền trong thẻ tín dụng để xử lý đơn hàng của bạn."]},{"$i":"payment-info-3","$v":["Thông tin và dịch vụ chăm sóc khách hàng: ",{"t":"idOrVar","v":"email"}]},{"$i":"more","$v":"Thêm"},{"$i":"sim0-empty-price-warn","$v":"Sim 1 đang trống. Giá không có sẵn."},{"$i":"sim0-empty-usage-warn","$v":"Sim 1 đang trống. Cắm thẻ SIM để sử dụng Thanh toán."},{"$i":"terms-confirmation-agree","$v":"I agree to the KaiPay Terms of Services."},{"$i":"terms-confirmation-1","$v":"Bằng cách nhấp vào \"I agree\" (Tôi đồng ý), bạn đã đồng ý với"},{"$i":"terms-confirmation-2","$v":"Bạn cũng xác nhận rằng mình trên 16 tuổi. Đơn hàng của bạn sẽ được xử lý ngay lập tức và KaiOS sẽ không hoàn trả cho bất cứ nội dung nào đã được tải xuống và giao thành công."},{"$i":"terms-name","$v":"Các Điều khoản Dịch vụ của KaiStore"},{"$i":"terms-name-new","$v":"Terms of Service"},{"$i":"terms-content-1","$v":"1. Giới thiệu"},{"$i":"terms-content-2","$v":"KaiStore là một dịch vụ được cung cấp bởi Kai OS Technologies (Hong Kong) Limited (\"KAI\" hoặc \"chúng tôi\"), tọa lạc tại 12/F, 133 Wai Yip Street, Kwun Tong, Kowloon, Hồng Kông. Việc bạn sử dụng KaiStore và các ứng dụng, trò chơi, nhạc chuông, hình nền, hoặc các nội dung hay dịch vụ kỹ thuật số khác (gọi là \"Nội dung\") có sẵn thông qua KaiStore phải tuân theo Điều khoản Dịch vụ KaiStore này và Điều khoản Dịch vụ KaiOS và EULA có sẵn tại https://www.kaiostech.com/terms-of-services/ (\"KAI EULA\") (được gọi chung là \"Điều khoản\"). KaiStore là một \"Dịch vụ\" như được mô tả trong KAI EULA. Nếu có bất kỳ mâu thuẫn nào giữa Điều khoản Dịch vụ của KaiStore và KAI EULA, Điều khoản Dịch vụ của KaiStore sẽ được ưu tiên áp dụng."},{"$i":"terms-content-3","$v":"2. Việc Sử dụng KaiStore của Bạn"},{"$i":"terms-content-4","$v":"2.1 Sử dụng và Yêu cầu Hệ thống: Bạn có thể sử dụng Kaistore để lựa chọn, định vị, xem hoặc tải xuống Nội dung cho điện thoại di động đang chạy hệ điều hành KaiOS (\"Thiết bị\") của bạn. Để sử dụng KaiStore, bạn sẽ cần một thiết bị đáp ứng các yêu cầu về hệ thống và khả năng tương thích cho Nội dung có liên quan, truy cập Internet hoạt động, và phần mềm tương thích."},{"$i":"terms-content-5","$v":"2.2 Tính có sẵn của Nội dung: Tính có sẵn của Nội dung và các tính năng ở các quốc gia sẽ khác nhau và không phải tất cả Nội dung hoặc tính năng đều có thể có sẵn ở quốc gia của bạn. Nội dung có thể được cung cấp bởi KAI hoặc được cung cấp bởi các bên thứ ba không liên kết với chúng tôi. Chúng tôi không chịu trách nhiệm và không xác nhận bất kỳ Nội dung nào được cung cấp thông qua KaiStore có nguồn gốc từ một nguồn khác không phải là KAI."},{"$i":"terms-content-6","$v":"2.3 Độ tuổi: Nếu bạn được coi là trẻ vị thành niên ở quốc gia của bạn, bạn phải có sự cho phép của cha mẹ hoặc người giám hộ hợp pháp để sử dụng KaiStore và chấp nhận các Điều khoản. Bạn phải tuân thủ mọi hạn chế về độ tuổi bổ sung có thể áp dụng cho việc sử dụng Nội dung hoặc tính năng cụ thể trên KaiStore."},{"$i":"terms-content-7","$v":"2.4 Lệ phí: Bạn chịu trách nhiệm cho mọi quyền truy cập hoặc lệ phí dữ liệu phát sinh từ bên thứ ba (chẳng hạn như nhà cung cấp dịch vụ Internet hoặc nhà cung cấp dịch vụ di động) liên quan đến việc bạn sử dụng và xem Nội dung và KaiStore."},{"$i":"terms-content-8","$v":"2.5 Các Cập nhật Tự động: KaiStore, các thư viện hỗ trợ liên quan, hoặc Nội dung có thể cần được cập nhật, ví dụ, để sửa lỗi, nâng cấp chức năng, thêm phần bổ sung còn thiếu và phiên bản mới (gọi chung là \"Cập nhật\"). Những cập nhật như vậy có thể cần thiết để bạn sử dụng KaiStore hoặc truy cập, tải xuống hay sử dụng Nội dung. Khi đồng ý với các Điều khoản này và sử dụng KaiStore, bạn đồng ý tự động nhận các Cập nhật đó. Bạn có thể quản lý Cập nhật cho một số Nội dung nhất định thông qua phần cài đặt trên Thiết bị của bạn. Tuy nhiên, nếu được xác định rằng Cập nhật sẽ khắc phục lỗ hổng bảo mật quan trọng liên quan đến Nội dung, thì Cập nhật có thể được KAI hoàn thành bất kể cài đặt Cập nhật của bạn là gì. Chính sách bảo mật của KAI, có sẵn tại https://www.kaiostech.com/privacy-policy/, đưa ra cách chúng tôi xử lý dữ liệu cá nhân của bạn và bảo vệ quyền riêng tư của bạn khi sử dụng Dịch vụ của chúng tôi. KAI có thể cần cung cấp thông tin cá nhân của bạn, như tên và địa chỉ email của bạn, cho các nhà cung cấp bên thứ ba vì mục đích xử lý các giao dịch hoặc cung cấp Nội dung cho bạn. Trong những trường hợp như vậy, các nhà cung cấp đồng ý sử dụng thông tin này theo chính sách bảo mật của họ."},{"$i":"terms-content-9","$v":"2.6 Các Cập nhật cho những Điều khoản này: Bởi vì chúng tôi liên tục phát triển phần mềm của mình, chúng tôi cần bảo lưu quyền, bất cứ lúc nào và toàn quyền quyết định thay đổi các Điều khoản này. Khi chúng tôi thay đổi các điều khoản, chúng tôi sẽ sử dụng những nỗ lực hợp lý của mình để thông báo cho bạn về những gì chúng tôi đã làm và Điều khoản mới sẽ có hiệu lực sau thông báo đó. Việc bạn tiếp tục sử dụng KaiStore sau khoảng thời gian thông báo như vậy sẽ cho thấy bạn chấp nhận Điều khoản mới. Điều khoản mới sẽ áp dụng cho việc bạn sử dụng toàn bộ Nội dung (bao gồm Nội dung bạn đã cài đặt hoặc mua trong quá khứ) và tất cả các lần cài đặt hoặc mua sau đó. Nếu bạn không đồng ý với những thay đổi như vậy, bạn có thể không truy cập được KaiStore. Bạn có thể tiếp tục xem Nội dung trên Thiết bị của mình theo phiên bản Điều khoản cuối cùng mà bạn đã chấp nhận nhưng bạn sẽ không nhận được bất kỳ Cập nhật nào."},{"$i":"terms-content-10","$v":"3. Giao dịch Mua hàng và Thanh toán"},{"$i":"terms-content-11","$v":"3.1 Nội dung miễn phí: KAI có thể cho phép bạn tải xuống, xem hoặc sử dụng Nội dung miễn phí trên KaiStore. Việc bạn truy cập và sử dụng Nội dung miễn phí nào đó có thể có các giới hạn bổ sung được áp dụng."},{"$i":"terms-content-12","$v":"3.1 Mua Nội dung: Khi bạn mua Nội dung trên hoặc bằng KaiStore, bạn sẽ ký kết hợp đồng mua bán riêng dựa trên các Điều khoản này (nếu áp dụng) với chúng tôi hoặc với nhà cung cấp Nội dung bên thứ ba. Hợp đồng mua bán riêng nằm ngoài các Điều khoản này."},{"$i":"terms-content-13","$v":"Hợp đồng mua và sử dụng Nội dung của bạn được hoàn tất sau khi việc thanh toán của bạn được xử lý, và việc thực hiện hợp đồng này bắt đầu ngay khi giao dịch mua hàng hoàn tất."},{"$i":"terms-content-14","$v":"KAI có thể cung cấp cho bạn các phương thức xử lý thanh toán khác nhau để tạo điều kiện thuận lợi cho việc mua Nội dung thông qua KaiStore hoặc dưới dạng mua trong ứng dụng trong phạm vi Nội dung. Bạn phải tuân theo mọi điều khoản và điều kiện liên quan hoặc thỏa thuận pháp lý khác, cho dù với KAI hoặc bên thứ ba, quy định việc bạn sử dụng một phương thức xử lý thanh toán nhất định. KAI có thể thêm hoặc xóa phương thức xử lý thanh toán theo quyết định riêng của mình. Bạn hoàn toàn chịu trách nhiệm cho tất cả các khoản phải trả liên quan đến giao dịch mua hàng bạn thực hiện trên KaiStore."},{"$i":"terms-content-15","$v":"3.2 Tính Đủ Điều kiện để Thanh toán cho Nhà cung cấp dịch vụ: Nhằm xác định tính đủ điều kiện của bạn để thực hiện mua Nội dung thông qua Thiết bị của bạn, được lập hóa đơn đến tài khoản của nhà cung cấp mạng, chúng tôi sẽ gửi số nhận dạng của Thiết bị của bạn, ví dụ: ID thuê bao và số sê-ri thẻ SIM, cho nhà cung cấp mạng của bạn. Để cho phép điều này, bạn sẽ cần chấp nhận các điều khoản dịch vụ của nhà cung cấp mạng. Nhà cung cấp mạng có thể gửi cho chúng tôi thông tin địa chỉ thanh toán của bạn. Xin lưu ý rằng để xử lý giao dịch mua hàng của bạn, chúng tôi (hoặc nhà cung cấp thanh toán) cần phải nhận được MSISDN và MCCMNC của bạn. Chúng tôi sẽ chỉ sử dụng dữ liệu cho mục đích xử lý và theo dõi giao dịch mua hàng của bạn."},{"$i":"terms-content-16","$v":"3.3 Giá: Giá và tính khả dụng của tất cả Nội dung được hiển thị thông qua KaiStore hoặc cho các giao dịch mua hàng trong ứng dụng có thể thay đổi bất kỳ lúc nào trước khi mua hàng."},{"$i":"terms-content-17","$v":"3.4 Thuế: \"Thuế\" có nghĩa là bất kỳ thuế nhập cảng, phí hải quan hoặc thuế (trừ thuế thu nhập) liên quan đến việc bán Nội dung, bao gồm mọi khoản tiền phạt hoặc lãi liên quan. Bạn chịu trách nhiệm cho mọi khoản Thuế và phải thanh toán cho Nội dung mà không được giảm Thuế. Nếu KAI có nghĩa vụ thu hoặc trả Thuế, Thuế sẽ được tính cho bạn. Bạn phải tuân thủ bất kỳ và tất cả các luật hiện hành về thuế, bao gồm báo cáo và thanh toán bất kỳ khoản Thuế nào phát sinh liên quan đến việc bạn sử dụng KaiStore hoặc mua Nội dung trên hoặc thông qua KaiStore. Báo cáo và thanh toán của bất kỳ khoản Thuế hiện hành nào như vậy là trách nhiệm của bạn."},{"$i":"terms-content-18","$v":"3.5 Tất cả Giao dịch Bán đều là Cuối cùng: Tất cả giao dịch bán đều mang tính cuối cùng và không cho phép trả lại, thay thế hoặc hoàn lại tiền, nếu việc giao hàng đã bắt đầu theo yêu cầu của bạn. Nếu được phép thay thế, trả lại hoặc hoàn lại tiền cho bất kỳ giao dịch nào, giao dịch đó có thể bị đảo ngược, và bạn không còn có thể truy cập Nội dung mà bạn có được thông qua giao dịch đó. Khi bạn mua hoặc đăng ký Nội dung trên KaiStore, bạn đồng ý rằng Nội dung sẽ có sẵn cho bạn ngay lập tức và vì vậy, bạn thừa nhận rằng bạn sẽ từ bỏ quyền hủy giao dịch của mình mà bạn tự động được có theo luật định. Do đó, bạn sẽ không đủ điều kiện để được hoàn tiền (hoặc bất kỳ biện pháp khắc phục thay thế nào) trừ khi Nội dung bị lỗi, không có sẵn hoặc không hoạt động như đã nêu. Theo câu cuối cùng của Phần này, nếu bạn đã thanh toán thành công cho Nội dung nhưng Nội dung bị lỗi, không có sẵn hoặc không hoạt động như đã nêu, vui lòng liên hệ với chúng tôi qua https://support.kaiostech.com/en/support/tickets/new. Nếu Nội dung được cung cấp bởi nhà cung cấp bên thứ ba, vui lòng liên hệ với bộ phận hỗ trợ khách hàng tương ứng của nhà cung cấp đó thông qua thông tin bên thứ ba được cung cấp trong KaiStore hoặc Nội dung của bên thứ ba."},{"$i":"terms-content-19","$v":"4. Các Quyền và Hạn chế"},{"$i":"terms-content-20","$v":"4.1 Giấy phép Sử dụng Nội dung: Sau khi hoàn thành giao dịch hoặc thanh toán phí áp dụng cho Nội dung, bạn sẽ có quyền không độc quyền, chỉ được cho phép trong giới hạn đã nêu rõ ràng trong các Điều khoản và chính sách có liên quan này, để lưu trữ, truy cập, xem, sử dụng và hiển thị các bản sao của Nội dung áp dụng trên các Thiết bị của bạn hoặc được ủy quyền như là một phần của Dịch vụ chỉ để sử dụng cho mục đích cá nhân, phi thương mại của bạn. Tất cả các quyền, quyền sở hữu và lợi ích trong KaiStore và Nội dung không được cấp cho bạn bằng cách nêu rõ ràng trong Điều khoản sẽ được bảo lưu."},{"$i":"terms-content-21","$v":"Việc sử dụng ứng dụng và trò chơi của bạn có thể chịu sự quản lý của các điều khoản và điều kiện bổ sung của Thỏa thuận Cấp phép Người dùng Cuối giữa bạn và nhà cung cấp Nội dung. Việc phân phối Nội dung không chuyển bất kỳ quyền sử dụng mang tính quảng cáo nào cho bạn, và không cấu thành việc cấp hoặc từ bỏ bất kỳ quyền nào của chủ sở hữu bản quyền. Bạn có trách nhiệm không để mất, phá hủy hoặc làm hỏng Nội dung sau khi tải xuống."},{"$i":"terms-content-22","$v":"4.2 Vi phạm Điều khoản Cấp phép: Nếu bạn vi phạm bất kỳ Điều khoản nào, các quyền của bạn theo giấy phép này sẽ chấm dứt ngay lập tức, và KAI có thể chấm dứt quyền truy cập của bạn vào KaiStore và Nội dung mà không hoàn lại tiền cho bạn."},{"$i":"terms-content-23","$v":"Các hạn chế: Bạn không được:"},{"$i":"terms-content-24","$v":"* Hiển thị (một phần hoặc toàn bộ) Nội dung như một phần của bất kỳ hoạt động biểu diễn hoặc hiển thị công khai ngay cả khi không tính phí ngoại trừ (a) khi việc sử dụng đó sẽ không cấu thành vi phạm bản quyền hoặc vi phạm bất kỳ quyền áp dụng nào khác hoặc (b) được cho phép cụ thể và chỉ theo đúng cách thức được cung cấp."},{"$i":"terms-content-25","$v":"* Bán, thuê, cho thuê, phân phối lại, phát, truyền, thông tin liên lạc, sửa đổi, cấp phép bổ sung, chuyển nhượng, chỉ định bất kỳ Nội dung nào cho bất kỳ bên thứ ba nào, kể cả đối với bất kỳ Nội dung tải xuống nào bạn có thể có được thông qua KaiStore trừ khi được cho phép cụ thể và chỉ theo đúng cách thức được cung cấp."},{"$i":"terms-content-26","$v":"* Sử dụng Nội dung như một phần của bất kỳ dịch vụ nào để chia sẻ, cho mượn hoặc sử dụng cho nhiều người, hoặc cho mục đích của bất kỳ tổ chức nào khác, trừ khi được cho phép cụ thể và chỉ theo đúng cách thức được cung cấp."},{"$i":"terms-content-27","$v":"* Cố gắng, hoặc hỗ trợ, ủy quyền hay khuyến khích người khác phá vỡ, vô hiệu hóa hoặc đánh bại bất kỳ tính năng bảo mật hoặc thành phần nào bảo vệ, che giấu hoặc hạn chế quyền truy cập vào bất kỳ Nội dung nào hoặc KaiStore."},{"$i":"terms-content-28","$v":"* Xóa bất kỳ dấu mờ, nhãn hiệu hoặc thông báo pháp lý hoặc độc quyền nào khác có trong bất kỳ Nội dung nào, hoặc cố gắng sửa đổi bất kỳ Nội dung nào có được thông qua KaiStore, bao gồm mọi sửa đổi vì mục đích che giấu hoặc thay đổi bất kỳ dấu hiệu nào về quyền sở hữu hoặc nguồn Nội dung."},{"$i":"terms-content-29","$v":"* Truy cập Dịch vụ hoặc Nội dung của chúng tôi bằng bất kỳ phần mềm nào khác ngoài phần mềm chính thức do KAI cung cấp."},{"$i":"terms-content-30","$v":"4.3 Quy định với Bên thứ ba: Dù có bất kỳ điều gì trái ngược với các Điều khoản này, các bên thứ ba cấp phép Nội dung của họ cho KAI đều là những người thụ hưởng bên thứ ba theo các Điều khoản này chỉ đối với các quy định cụ thể của các Điều khoản này liên quan trực tiếp đến Nội dung của các quy định đó (\"Quy định với Bên thứ ba\"), và chỉ nhằm mục đích cho phép các bên thứ ba đó thực thi các quyền của họ trong Nội dung đó. Để tránh nghi ngờ, không có điều khoản nào trong các Điều khoản này trao quyền cho người thụ hưởng bên thứ ba đối với bất kỳ bên nào, đối với bất kỳ điều khoản nào nằm ngoài Quy định với Bên thứ ba, bao gồm nhưng không giới hạn ở bất kỳ quy định hoặc thỏa thuận nào được đưa vào theo tham chiếu, hoặc có thể được tham chiếu mà không cần kết hợp, trong các Điều khoản này."},{"$i":"terms-content-31","$v":"4.4 Nội dung Khiếm khuyết: Khi Nội dung có sẵn cho bạn, bạn nên kiểm tra Nội dung ngay khi có thể một cách hợp lý để đảm bảo rằng Nội dung đó hoạt động và thực hiện đúng chức năng như đã nêu, và thông báo cho chúng tôi qua https://support.kaiostech.com/en/support/tickets/new ngay khi có thể một cách hợp lý nếu bạn tìm thấy bất kỳ lỗi hoặc khiếm khuyết nào."},{"$i":"terms-content-32","$v":"4.5 Xóa hoặc Không có sẵn Nội dung: Theo các Điều khoản, Nội dung mà bạn mua hoặc cài đặt sẽ có sẵn cho bạn miễn là KAI có quyền cung cấp Nội dung đó cho bạn. Trong một số trường hợp nhất định (ví dụ KAI mất các quyền liên quan, thì một dịch vụ hoặc Nội dung sẽ bị ngừng hoặc xóa, có vấn đề bảo mật nghiêm trọng, hoặc có sự vi phạm các điều khoản hoặc luật pháp hiện hành), KAI có thể tự động xóa khỏi thiết bị của bạn hoặc ngừng cung cấp cho bạn quyền truy cập vào Nội dung nhất định mà bạn đã mua. Khi có thể, KAI sẽ sử dụng những nỗ lực hợp lý của mình để thông báo cho bạn trước khi xóa hoặc chấm dứt quyền, Nội dung hoặc dịch vụ đó."},{"$i":"terms-content-33","$v":"Lưu ý quan trọng: xin lưu ý rằng nếu bạn thiết đặt lại thiết bị của mình (hãy thực hiện khôi phục cài đặt gốc hoặc thực hiện chức năng tương tự), việc thiết đặt lại có thể tự động xóa tất cả Nội dung mà bạn đã mua khỏi thiết bị của bạn."},{"$i":"terms-content-34","$v":"Nếu bạn không thể tải xuống một bản sao của Nội dung trước khi thực hiện hoạt động xóa hoặc chấm dứt này, bạn có thể yêu cầu và KAI có thể đề nghị bạn thay thế Nội dung nếu có thể."},{"$i":"terms-content-35","$v":"4.6 Các Hoạt động Nguy hiểm. Không có Dịch vụ hoặc Nội dung nào được sử dụng để vận hành các cơ sở hạt nhân, hệ thống hỗ trợ sự sống, liên lạc khẩn cấp, điều hướng máy bay hoặc hệ thống thông tin liên lạc, hệ thống kiểm soát không lưu, hoặc bất kỳ hoạt động nào khác trong trường hợp Dịch vụ hoặc Nội dung bị lỗi có thể dẫn đến tử vong, thương tích cho cá nhân, hoặc thiệt hại nghiêm trọng về thể chất hoặc môi trường."},{"$i":"forget-PIN","$v":"Quên PIN"},{"$i":"setup-PIN","$v":"Thiết lập Mã PIN Thanh toán"},{"$i":"re-setup-PIN","$v":"Thiết lập Mã PIN Thanh toán Mới"},{"$i":"PIN-create-tips","$v":"Tạo mã PIN 6 chữ số cho quy trình thanh toán của bạn."},{"$i":"confirm-PIN","$v":"Xác nhận Mã PIN"},{"$i":"re-enter-PIN","$v":"Nhập lại cùng mã PIN để xác nhận."},{"$i":"start-over","$v":"Bắt đầu Lại"},{"$i":"PIN-dosent-match","$v":"Mã PIN không khớp."},{"$i":"re-enter-again","$v":"Nhập lại."},{"$i":"setup-success","$v":"Thiết lập Thành công"},{"$i":"please-remember","$v":"Vui lòng nhớ mã PIN của bạn để thanh toán."},{"$i":"leave-setup-process","$v":"Rời quá trình thanh toán?"},{"$i":"leave","$v":"Rời"},{"$i":"enter-PIN-code","$v":"Nhập Mã PIN Thanh toán"},{"$i":"setup-PIN-code","$v":"Thiết lập Mã PIN"},{"$i":"setup-PIN-code-reminder","$v":"Mã PIN là một số nhận dạng 6 chữ số bắt buộc thay cho chữ ký của bạn khi thực hiện mua hàng bằng điện thoại KaiOS. Mã có tác dụng tăng cường lớp bảo mật, ngăn ngừa sự chi tiêu của người dùng có tính độc hại thay mặt bạn. Không được tiết lộ mã cho bất kỳ ai."},{"$i":"reset-PIN-code","$v":"Đặt lại mã PIN"},{"$i":"reset-PIN-code-reminder","$v":"Mã PIN thanh toán của bạn đã được đặt."},{"$i":"PIN-code-set","$v":"Đã đặt mã PIN."},{"$i":"payment-canceled","$v":"Đã hủy thanh toán."},{"$i":"incorrect-PIN-trial","$v":{"zero":["Incorrect PIN: ",{"t":"idOrVar","v":"n"}," time"],"one":["Incorrect PIN: ",{"t":"idOrVar","v":"n"}," time"],"two":["Incorrect PIN: ",{"t":"idOrVar","v":"n"}," times"],"three":["Incorrect PIN: ",{"t":"idOrVar","v":"n"}," times"],"other":["Incorrect PIN: ",{"t":"idOrVar","v":"n"}," times"]},"$x":[{"t":"idOrVar","v":"plural"},"n"]},{"$i":"try-again-0-1","$v":["Vui lòng quay lại và thử lại sau ",{"t":"idOrVar","v":"sec"}," giây."]},{"$i":"try-again-0-2","$v":["Vui lòng quay lại và thử lại sau ",{"t":"idOrVar","v":"sec"}," giây."]},{"$i":"try-again-1-0","$v":["Vui lòng quay lại và thử lại sau ",{"t":"idOrVar","v":"min"}," phút."]},{"$i":"try-again-1-1","$v":["Vui lòng quay lại và thử lại sau ",{"t":"idOrVar","v":"min"}," phút và ",{"t":"idOrVar","v":"sec"}," giây."]},{"$i":"try-again-1-2","$v":["Vui lòng quay lại và thử lại sau ",{"t":"idOrVar","v":"min"}," phút và ",{"t":"idOrVar","v":"sec"}," giây."]},{"$i":"try-again-2-0","$v":["Vui lòng quay lại và thử lại sau ",{"t":"idOrVar","v":"min"}," phút."]},{"$i":"try-again-2-1","$v":["Vui lòng quay lại và thử lại sau ",{"t":"idOrVar","v":"min"}," phút và ",{"t":"idOrVar","v":"sec"}," giây."]},{"$i":"try-again-2-2","$v":["Vui lòng quay lại và thử lại sau ",{"t":"idOrVar","v":"min"}," phút và ",{"t":"idOrVar","v":"sec"}," giây."]},{"$i":"confirm-account","$v":"Xác Nhận Tài Khoản"},{"$i":"confirm-account-password","$v":"Xác Nhận Mật Khẩu Tài Khoản"},{"$i":"confirm-password-tips","$v":"Để tiếp tục, vui lòng xác nhận mật khẩu tài khoản của bạn."},{"$i":"account-info","$v":"Thông Tin Tài Khoản:"},{"$i":"password-incorrect","$v":"Mật khẩu không đúng"},{"$i":"payment-timeout-1","$v":"Your payment seems taking longer than expected."},{"$i":"payment-timeout-2","$v":"We'll get back to you when your transaction has completed."},{"$i":"payment-timeout-toast","$v":"Payment will complete later."}]