[{"$i":"install-marketplace-title","$v":["تحميل ",{"t":"idOrVar","v":"title"}]},{"$i":"no-sites-description","$v":"لا توجد مواقع إلكترونية"},{"$i":"history","$v":"المحفوظات"},{"$i":"store","$v":"المتجر"},{"$i":"gva","$v":"المساعد"},{"$i":"top-sites","$v":"أفضل المواقع"},{"$i":"top-sites-tab","$v":"أفضل المواقع"},{"$i":"suggestions","ariaLabel":"اقتراحات"},{"$i":"contacts","ariaLabel":"جهات الاتصال"},{"$i":"places","ariaLabel":"أماكن"},{"$i":"apps","ariaLabel":"التطبيقات"},{"$i":"recommended-no-internet","$v":"سيتم عرض محتوى التوصية هنا."},{"$i":"recommended-no-data","$v":"لا يوجد محتوى."},{"$i":"suggestions-settings-notice","innerHTML":{"$o":"تم تمكين اقتراحات البحث. يتم إرسال الأحرف التي تكتبها عند إدخال البحث إلى محرك البحث. يمكنك تعطيل ميزة اقتراحات البحث في <span id=\"settings-link\">الإعدادات</span>. الجهاز"}},{"$i":"ok","$v":"موافق"},{"$i":"search","$v":"بحث في الإنترنت"},{"$i":"go","$v":"انتقال"},{"$i":"options","$v":"الخيارات"},{"$i":"pin","$v":"تثبيت"},{"$i":"unpin","$v":"إلغاء التثبيت"},{"$i":"remove","$v":"إزالة"},{"$i":"cancel","$v":"ألغِ"},{"$i":"clear-all","$v":"حذف الكل"},{"$i":"clear","$v":"مسح"},{"$i":"select","$v":"تحديد"},{"$i":"return","$v":"رجوع"},{"$i":"select-spot","$v":"حدد نقطة"},{"$i":"pin-to-top-sites","$v":"تثبيت إلى أفضل المواقع"},{"$i":"recent-searches","$v":"عمليات البحث الأخيرة"},{"$i":"connect-error","$v":"تعذر تحميل المحتوى."},{"$i":"no-recent","$v":"اكتب أي كلمة رئيسية للبحث عنها على الإنترنت أو اكتب عنوان الويب لفتح الموقع الإلكتروني."},{"$i":"add-to-home-screen","label":"إضافة إلى الشاشة الرئيسية"},{"$i":"offline-message","$v":"لا يوجد اتصال بالإنترنت"},{"$i":"pinSiteCompletely","$v":"تم تثبيت هذا الموقع الإلكتروني في \"أفضل المواقع\"."},{"$i":"pinnedSitesOverLimit","$v":"لقد تم بلوغ الحد الأقصى المسموح به لعدد مواقع الويب المثبتة."},{"$i":"pinSiteLocked","$v":"لا يمكن تغيير هذه النقطة."},{"$i":"confirm-to-unpin-website","$v":["إزالة موقع الويب ",{"t":"idOrVar","v":"title"},"؟"]},{"$i":"confirm-to-clear-recent-searches","$v":"هل تريد مسح كل عمليات البحث الأخيرة؟"},{"$i":"confirm-to-clear-all-browsing-history","$v":"مسح جميع محفوظات التصفح؟"},{"$i":"confirmation","$v":"تأكيد"},{"$i":"future","$v":"المستقبل"},{"$i":"today","$v":"اليوم"},{"$i":"yesterday","$v":"أمس"},{"$i":"last-7-days","$v":"آخر 7 أيام"},{"$i":"this-month","$v":"هذا الشهر"},{"$i":"last-6-months","$v":"آخر 6 شهور"},{"$i":"older-than-6-months","$v":"أقدم من 6 أشهر"},{"$i":"month-0","$v":"يناير"},{"$i":"month-1","$v":"فبراير"},{"$i":"month-2","$v":"مارس"},{"$i":"month-3","$v":"أبريل"},{"$i":"month-4","$v":"مايو"},{"$i":"month-5","$v":"يونيه"},{"$i":"month-6","$v":"يوليو"},{"$i":"month-7","$v":"أغسطس"},{"$i":"month-8","$v":"سبتمبر"},{"$i":"month-9","$v":"أكتوبر"},{"$i":"month-10","$v":"نوفمبر"},{"$i":"month-11","$v":"ديسمبر"},{"$i":"search-header","$v":["بحث عن ",{"t":"idOrVar","v":"provider"}]},{"$i":"new-private-window","$v":"نافذة خاصة جديدة"},{"$i":"empty","$v":"فارغ"},{"$i":"gaia-grid-stop-download-title","$v":["إيقاف ",{"t":"idOrVar","v":"name"}]},{"$i":"gaia-grid-stop-download-body","$v":"هل تريد إيقاف التنزيل قيد التقدم؟"},{"$i":"gaia-grid-stop-download-action","$v":"إيقاف"},{"$i":"gaia-grid-resume-download-title","$v":"إعادة تشغيل التنزيل"},{"$i":"gaia-grid-resume-download-body","$v":["هل ترغب في تنزيل ",{"t":"idOrVar","v":"name"},"؟"]},{"$i":"gaia-grid-resume-download-action","$v":"تنزيل"},{"$i":"gaia-grid-cancel","$v":"ألغِ"},{"$i":"gaia-grid-toggle-collapsed","ariaLabel":"توسيع مجموعة"},{"$i":"gaia-grid-toggle-expanded","ariaLabel":"طي مجموعة"},{"$i":"gaia-grid-enter-group-name","$v":"إدخال اسم مجموعة"}]