[{"$i":"install-marketplace-title","$v":["Инсталиране на ",{"t":"idOrVar","v":"title"}]},{"$i":"no-sites-description","$v":"Няма уебсайтове"},{"$i":"history","$v":"ИСТОРИЯ"},{"$i":"store","$v":"магазин"},{"$i":"gva","$v":"асистент"},{"$i":"top-sites","$v":"водещи сайтове"},{"$i":"top-sites-tab","$v":"Водещи сайтове"},{"$i":"suggestions","ariaLabel":"Предложения"},{"$i":"contacts","ariaLabel":"Контакти"},{"$i":"places","ariaLabel":"Места"},{"$i":"apps","ariaLabel":"Приложения"},{"$i":"recommended-no-internet","$v":"Съдържанието на препоръките ще се покаже тук."},{"$i":"recommended-no-data","$v":"Няма налично съдържание"},{"$i":"suggestions-settings-notice","innerHTML":{"$o":"Предложенията за търсене са активирани. Символите, които въвеждате, когато търсите, се изпращат на търсачката. Можете да изключите предложенията за търсене в <span id=\"settings-link\">настройките</span> на устройството."}},{"$i":"ok","$v":"ОК"},{"$i":"search","$v":"Търсене в Интернет"},{"$i":"go","$v":"Към"},{"$i":"options","$v":"Опции"},{"$i":"pin","$v":"Закачане"},{"$i":"unpin","$v":"Откачане"},{"$i":"remove","$v":"Премахване"},{"$i":"cancel","$v":"Отмяна"},{"$i":"clear-all","$v":"Изчистване на всички"},{"$i":"clear","$v":"Изчистване"},{"$i":"select","$v":"Избор"},{"$i":"return","$v":"връщане"},{"$i":"select-spot","$v":"Изберете място"},{"$i":"pin-to-top-sites","$v":"Прикачете към най-добрите сайтове"},{"$i":"recent-searches","$v":"Последни търсения"},{"$i":"connect-error","$v":"Съдържанието не може да се зареди."},{"$i":"no-recent","$v":"Въведете всяка ключова дума, за да търсите в интернет или въведете уеб адрес, за да отворите уебсайт."},{"$i":"add-to-home-screen","label":"Добав. нач. екр."},{"$i":"offline-message","$v":"Няма интернет връзка"},{"$i":"pinSiteCompletely","$v":"Този уебсайт е прикрепен към Топ сайтове."},{"$i":"pinnedSitesOverLimit","$v":"Достигнахте максималния брой прикрепени уебсайтове."},{"$i":"pinSiteLocked","$v":"Това място не може да бъде променено."},{"$i":"confirm-to-unpin-website","$v":["Откачане на уеб сайт ",{"t":"idOrVar","v":"title"},"?"]},{"$i":"confirm-to-clear-recent-searches","$v":"Да се ​​изчистят ли всички скорошни търсения?"},{"$i":"confirm-to-clear-all-browsing-history","$v":"Изтр. цялата история на разглежд.?"},{"$i":"confirmation","$v":"Потвърждаване"},{"$i":"future","$v":"БЪДЕЩИ"},{"$i":"today","$v":"ДНЕС"},{"$i":"yesterday","$v":"ВЧЕРА"},{"$i":"last-7-days","$v":"ПОСЛЕДНИТЕ 7 ДНИ"},{"$i":"this-month","$v":"ТОЗИ МЕСЕЦ"},{"$i":"last-6-months","$v":"ПОСЛЕДНИТЕ 6 МЕСЕЦА"},{"$i":"older-than-6-months","$v":"ПО-СТАРИ ОТ 6 М."},{"$i":"month-0","$v":"ЯНУАРИ"},{"$i":"month-1","$v":"ФЕВРУАРИ"},{"$i":"month-2","$v":"МАРТ"},{"$i":"month-3","$v":"АПРИЛ"},{"$i":"month-4","$v":"МАЙ"},{"$i":"month-5","$v":"ЮНИ"},{"$i":"month-6","$v":"ЮЛИ"},{"$i":"month-7","$v":"АВГУСТ"},{"$i":"month-8","$v":"СЕПТЕМВРИ"},{"$i":"month-9","$v":"ОКТОМВРИ"},{"$i":"month-10","$v":"НОЕМВРИ"},{"$i":"month-11","$v":"ДЕКЕМВРИ"},{"$i":"search-header","$v":[{"t":"idOrVar","v":"provider"}," Търсене"]},{"$i":"new-private-window","$v":"Нов повер. проз."},{"$i":"empty","$v":"Празен"},{"$i":"gaia-grid-stop-download-title","$v":["Спиране на ",{"t":"idOrVar","v":"name"}]},{"$i":"gaia-grid-stop-download-body","$v":"Искате ли да спрете текущото изтегляне?"},{"$i":"gaia-grid-stop-download-action","$v":"Спиране"},{"$i":"gaia-grid-resume-download-title","$v":"Рестарт. на изтегляне"},{"$i":"gaia-grid-resume-download-body","$v":["Искате ли да изтеглите ",{"t":"idOrVar","v":"name"},"?"]},{"$i":"gaia-grid-resume-download-action","$v":"Изтегляне"},{"$i":"gaia-grid-cancel","$v":"Отмяна"},{"$i":"gaia-grid-toggle-collapsed","ariaLabel":"Разширяване на група"},{"$i":"gaia-grid-toggle-expanded","ariaLabel":"Свиване на група"},{"$i":"gaia-grid-enter-group-name","$v":"Въведете име на група"}]