[{"$i":"install-marketplace-title","$v":["ইনস্টল করুন ",{"t":"idOrVar","v":"title"}]},{"$i":"no-sites-description","$v":"কোনও ওয়েবসাইট নেই"},{"$i":"history","$v":"ইতিহাস"},{"$i":"store","$v":"দোকান"},{"$i":"gva","$v":"সহায়ক"},{"$i":"top-sites","$v":"শীর্ষস্থানীয় সাইট"},{"$i":"top-sites-tab","$v":"সেরা সাইটগুলি"},{"$i":"suggestions","ariaLabel":"পরামর্শ"},{"$i":"contacts","ariaLabel":"পরিচিতি"},{"$i":"places","ariaLabel":"অবস্থান"},{"$i":"apps","ariaLabel":"অ্যাপ"},{"$i":"recommended-no-internet","$v":"প্রস্তাবনা সামগ্রী এখানে প্রদর্শিত হবে।"},{"$i":"recommended-no-data","$v":"কোনও সামগ্রী উপলব্ধ নেই।"},{"$i":"suggestions-settings-notice","innerHTML":{"$o":"অনুসন্ধান প্রস্তাবনা সক্ষম করা আছে। আপনি অনুসন্ধান করার জন্য যেসব অক্ষর টাইপ করেন তা অনুসন্ধান ইঞ্জিনে পাঠানো হয়। আপনি ডিভাইসের <span id=\"settings-link\">সেটিংস এ গিয়ে অনুসন্ধান প্রস্তাবনা অক্ষম করতে পারেন</span>।"}},{"$i":"ok","$v":"ঠিক আছে"},{"$i":"search","$v":"ইন্টারনেট অনুসন্ধান করুন"},{"$i":"go","$v":"যান"},{"$i":"options","$v":"বিকল্প"},{"$i":"pin","$v":"PIN"},{"$i":"unpin","$v":"আনপিন করুন"},{"$i":"remove","$v":"সরান"},{"$i":"cancel","$v":"বাতিল করুন"},{"$i":"clear-all","$v":"সমস্ত সাফ করুন"},{"$i":"clear","$v":"সাফ করুন"},{"$i":"select","$v":"নির্বাচন করুন"},{"$i":"return","$v":"ফেরান"},{"$i":"select-spot","$v":"একটি স্পট নির্বাচন করুন"},{"$i":"pin-to-top-sites","$v":"শীর্ষস্থানীয় সাইটগুলিতে পিন করুন"},{"$i":"recent-searches","$v":"সাম্প্রতিক তল্লাশি"},{"$i":"connect-error","$v":"সামগ্রী লোড করতে অক্ষম।"},{"$i":"no-recent","$v":"ইন্টারনেট অনুসন্ধান করতে যে কোনও কীওয়ার্ড টাইপ করুন বা ওয়েবসাইট খোলার জন্য ওয়েব ঠিকানা টাইপ করুন।"},{"$i":"add-to-home-screen","label":"হোমস্ক্রীনে যোগ করুন"},{"$i":"offline-message","$v":"কোন ইন্টারনেট সংযোগ নেই"},{"$i":"pinSiteCompletely","$v":"এই ওয়েবসাইটটি শীর্ষ সাইটগুলিতে পিন করা হয়েছে।"},{"$i":"pinnedSitesOverLimit","$v":"আপনি পিনযুক্ত ওয়েবসাইটের সর্বাধিক সংখ্যায় পৌঁছে গেছেন।"},{"$i":"pinSiteLocked","$v":"এই স্পটটি পরিবর্তন করা যাবে না।"},{"$i":"confirm-to-unpin-website","$v":[{"t":"idOrVar","v":"title"}," ওয়েবসাইটটি আনপিন করবেন?"]},{"$i":"confirm-to-clear-recent-searches","$v":"সমস্ত সাম্প্রতিক অনুসন্ধানগুলি সাফ করবেন?"},{"$i":"confirm-to-clear-all-browsing-history","$v":"ব্রাউজিংয়ের সমস্ত ইতিহাস পরিস্কার করবেন?"},{"$i":"confirmation","$v":"নিশ্চিতকরণ"},{"$i":"future","$v":"ভবিষ্যত"},{"$i":"today","$v":"আজ"},{"$i":"yesterday","$v":"গতকাল"},{"$i":"last-7-days","$v":"গত 7 দিন"},{"$i":"this-month","$v":"এই মাস"},{"$i":"last-6-months","$v":"গত 6 মাস"},{"$i":"older-than-6-months","$v":"6 মাসের থেকে পুরানো"},{"$i":"month-0","$v":"জানুয়ারী"},{"$i":"month-1","$v":"ফেব্রুয়ারী"},{"$i":"month-2","$v":"মার্চ"},{"$i":"month-3","$v":"এপ্রিল"},{"$i":"month-4","$v":"মে"},{"$i":"month-5","$v":"জুন"},{"$i":"month-6","$v":"জুলাই"},{"$i":"month-7","$v":"আগস্ট"},{"$i":"month-8","$v":"সেপ্টেম্বর"},{"$i":"month-9","$v":"অক্টোবর"},{"$i":"month-10","$v":"নভেম্বর"},{"$i":"month-11","$v":"ডিসেম্বর"},{"$i":"search-header","$v":[{"t":"idOrVar","v":"provider"}," অনুসন্ধান"]},{"$i":"new-private-window","$v":"নতুন ব্যক্তিগত উইন্ডো"},{"$i":"empty","$v":"খালি"},{"$i":"gaia-grid-stop-download-title","$v":["থামুন ",{"t":"idOrVar","v":"name"}]},{"$i":"gaia-grid-stop-download-body","$v":"আপনি কি চলতে থাকা ডাউনলোডটি থামাতে চান?"},{"$i":"gaia-grid-stop-download-action","$v":"থামান"},{"$i":"gaia-grid-resume-download-title","$v":"ডাউনলোড আবার শুরু করুন"},{"$i":"gaia-grid-resume-download-body","$v":["আপনি কি ",{"t":"idOrVar","v":"name"},"ডাউনলোড করতে চান?"]},{"$i":"gaia-grid-resume-download-action","$v":"ডাউনলোড করুন"},{"$i":"gaia-grid-cancel","$v":"বাতিল করুন"},{"$i":"gaia-grid-toggle-collapsed","ariaLabel":"গ্রুপ প্রসারণ করুন"},{"$i":"gaia-grid-toggle-expanded","ariaLabel":"গোষ্ঠী সঙ্কুচিত করুন"},{"$i":"gaia-grid-enter-group-name","$v":"একটি গ্রুপ নাম লিখুন"}]