[{"$i":"install-marketplace-title","$v":["Instaliraj ",{"t":"idOrVar","v":"title"}]},{"$i":"no-sites-description","$v":"Nema web lokacija"},{"$i":"history","$v":"ISTORIJA"},{"$i":"store","$v":"Store"},{"$i":"gva","$v":"Asistent"},{"$i":"top-sites","$v":"najbolje lokacije"},{"$i":"top-sites-tab","$v":"Najpopularnije lokacije"},{"$i":"suggestions","ariaLabel":"Prijedlozi"},{"$i":"contacts","ariaLabel":"Kontakti"},{"$i":"places","ariaLabel":"Mjesta"},{"$i":"apps","ariaLabel":"Aplikacije"},{"$i":"recommended-no-internet","$v":"Ovdje će se pokazati sadržaj preporuke."},{"$i":"recommended-no-data","$v":"Sadržaj nije dostupan."},{"$i":"suggestions-settings-notice","innerHTML":{"$o":"Prijedlozi za pretraživanje su omogućeni. Znakovi koje budete unosili se šalju u pretraživač. Možete onemogućiti prijedloge za pretraživanje na uređaju <span id=\"settings-link\">Podešavanja</span>."}},{"$i":"ok","$v":"U redu"},{"$i":"search","$v":"Pretražite Internet"},{"$i":"go","$v":"Idi"},{"$i":"options","$v":"Opcije"},{"$i":"pin","$v":"Zakači"},{"$i":"unpin","$v":"Skini oznaku"},{"$i":"remove","$v":"Ukloni"},{"$i":"cancel","$v":"Otkaži"},{"$i":"clear-all","$v":"Izbriši sve"},{"$i":"clear","$v":"Obriši"},{"$i":"select","$v":"Izaberi"},{"$i":"return","$v":"nazad"},{"$i":"select-spot","$v":"Odaberite mjesto"},{"$i":"pin-to-top-sites","$v":"Prikvači na glavne web lokacije"},{"$i":"recent-searches","$v":"Nedavna pretraživanja"},{"$i":"connect-error","$v":"Nije moguće učitati sadržaj."},{"$i":"no-recent","$v":"Unesite bilo koju ključnu riječ da biste pretraživali internet ili unesite web adresu da biste otvorili web stranicu."},{"$i":"add-to-home-screen","label":"Dodaj na početni ekran"},{"$i":"offline-message","$v":"Nema internet veze"},{"$i":"pinSiteCompletely","$v":"Ova web lokacija je prikvačena na Top web stranice."},{"$i":"pinnedSitesOverLimit","$v":"Dosegli ste do maksimalnog broja prikvačenih web lokacija."},{"$i":"pinSiteLocked","$v":"Ovo mesto se ne može promeniti."},{"$i":"confirm-to-unpin-website","$v":["Otkačiti web lok. ",{"t":"idOrVar","v":"title"},"?"]},{"$i":"confirm-to-clear-recent-searches","$v":"Želite li obrisati sve nedavne pretrage?"},{"$i":"confirm-to-clear-all-browsing-history","$v":"Obrisati cijelu historiju pretraživanja?"},{"$i":"confirmation","$v":"Potvrda"},{"$i":"future","$v":"BUDUĆNOST"},{"$i":"today","$v":"DANAS"},{"$i":"yesterday","$v":"JUČE"},{"$i":"last-7-days","$v":"POSLJEDNJIH 7 DANA"},{"$i":"this-month","$v":"OVAJ MJESEC"},{"$i":"last-6-months","$v":"POSLJEDNJIH 6 MJESECI"},{"$i":"older-than-6-months","$v":"STARIJE OD 6 MJESECI"},{"$i":"month-0","$v":"JANUAR"},{"$i":"month-1","$v":"FEBRUAR"},{"$i":"month-2","$v":"MART"},{"$i":"month-3","$v":"APRIL"},{"$i":"month-4","$v":"MAJ"},{"$i":"month-5","$v":"JUNI"},{"$i":"month-6","$v":"JULI"},{"$i":"month-7","$v":"AVGUST"},{"$i":"month-8","$v":"SEPTEMBAR"},{"$i":"month-9","$v":"OKTOBAR"},{"$i":"month-10","$v":"NOVEMBAR"},{"$i":"month-11","$v":"DECEMBAR"},{"$i":"search-header","$v":[{"t":"idOrVar","v":"provider"}," Traži"]},{"$i":"new-private-window","$v":"Novi privatni prozor"},{"$i":"empty","$v":"Prazno"},{"$i":"gaia-grid-stop-download-title","$v":["Zaustavi ",{"t":"idOrVar","v":"name"}]},{"$i":"gaia-grid-stop-download-body","$v":"Želite li zaustaviti preuzimanje u toku?"},{"$i":"gaia-grid-stop-download-action","$v":"Zaustavi"},{"$i":"gaia-grid-resume-download-title","$v":"Restartuj preuzimanje"},{"$i":"gaia-grid-resume-download-body","$v":["Želite li preuzeti ",{"t":"idOrVar","v":"name"},"?"]},{"$i":"gaia-grid-resume-download-action","$v":"Preuzmi"},{"$i":"gaia-grid-cancel","$v":"Otkaži"},{"$i":"gaia-grid-toggle-collapsed","ariaLabel":"Proširi grupu"},{"$i":"gaia-grid-toggle-expanded","ariaLabel":"Smanji grupu"},{"$i":"gaia-grid-enter-group-name","$v":"Unesi ime grupe"}]