[{"$i":"install-marketplace-title","$v":["Instalovat ",{"t":"idOrVar","v":"title"}]},{"$i":"no-sites-description","$v":"Žádné webové stránky"},{"$i":"history","$v":"HISTORIE"},{"$i":"store","$v":"Ukládat"},{"$i":"gva","$v":"Asistent"},{"$i":"top-sites","$v":"nej. weby"},{"$i":"top-sites-tab","$v":"Nej. weby"},{"$i":"suggestions","ariaLabel":"Návrhy"},{"$i":"contacts","ariaLabel":"Kontakty"},{"$i":"places","ariaLabel":"Místa"},{"$i":"apps","ariaLabel":"Aplikace"},{"$i":"recommended-no-internet","$v":"Zde se zobrazí obsah doporučení."},{"$i":"recommended-no-data","$v":"K dispozici není žádný obsah."},{"$i":"suggestions-settings-notice","innerHTML":{"$o":"Návrhy hledání jsou povoleny. Znaky zadávané při hledání jsou odesílány do vyhledávače. Návrhy hledání můžete v zařízení zakázat v části <span id=\"settings-link\">Nastavení</span>."}},{"$i":"ok","$v":"OK"},{"$i":"search","$v":"Prohledat internet"},{"$i":"go","$v":"Přejít"},{"$i":"options","$v":"Možnosti"},{"$i":"pin","$v":"Připnout"},{"$i":"unpin","$v":"Odepnout"},{"$i":"remove","$v":"Odebrat"},{"$i":"cancel","$v":"Zrušit"},{"$i":"clear-all","$v":"Vymazat vše"},{"$i":"clear","$v":"Vymazat"},{"$i":"select","$v":"Vybrat"},{"$i":"return","$v":"vrátit"},{"$i":"select-spot","$v":"Vyberte místo"},{"$i":"pin-to-top-sites","$v":"Připnout na horní stránky"},{"$i":"recent-searches","$v":"Poslední vyhledávání"},{"$i":"connect-error","$v":"Nelze načíst obsah."},{"$i":"no-recent","$v":"Zadejte libovolné klíčové slovo pro vyhledávání na internetu nebo zadejte webovou adresu pro otevření webu."},{"$i":"add-to-home-screen","label":"Přidat na úvod. obraz."},{"$i":"offline-message","$v":"Žádné připojení k internetu"},{"$i":"pinSiteCompletely","$v":"Tento web byl přidán na hlavní stránky."},{"$i":"pinnedSitesOverLimit","$v":"Dosáhli jste maximálního počtu připnulých webů."},{"$i":"pinSiteLocked","$v":"Toto místo nelze změnit."},{"$i":"confirm-to-unpin-website","$v":["Odepnout webovou stránku ",{"t":"idOrVar","v":"title"},"?"]},{"$i":"confirm-to-clear-recent-searches","$v":"Vymazat všechna nedávná vyhledávání?"},{"$i":"confirm-to-clear-all-browsing-history","$v":"Vymazat veškerou historii procházení?"},{"$i":"confirmation","$v":"Potvrzení"},{"$i":"future","$v":"BUDOUCNOST"},{"$i":"today","$v":"DNES"},{"$i":"yesterday","$v":"VČERA"},{"$i":"last-7-days","$v":"POSLED. 7 DNÍ"},{"$i":"this-month","$v":"TENTO MĚSÍC"},{"$i":"last-6-months","$v":"POSLED. 6 MĚSÍCŮ"},{"$i":"older-than-6-months","$v":"STARŠÍ NEŽ 6 MĚSÍCŮ"},{"$i":"month-0","$v":"LEDEN"},{"$i":"month-1","$v":"ÚNOR"},{"$i":"month-2","$v":"BŘEZEN"},{"$i":"month-3","$v":"DUBEN"},{"$i":"month-4","$v":"KVĚTEN"},{"$i":"month-5","$v":"ČERVEN"},{"$i":"month-6","$v":"ČERVENEC"},{"$i":"month-7","$v":"SRPEN"},{"$i":"month-8","$v":"ZÁŘÍ"},{"$i":"month-9","$v":"ŘÍJEN"},{"$i":"month-10","$v":"LISTOPAD"},{"$i":"month-11","$v":"PROSINEC"},{"$i":"search-header","$v":["Hledání ",{"t":"idOrVar","v":"provider"}]},{"$i":"new-private-window","$v":"Nové soukromé okno"},{"$i":"empty","$v":"Prázdné"},{"$i":"gaia-grid-stop-download-title","$v":["Zastavit ",{"t":"idOrVar","v":"name"}]},{"$i":"gaia-grid-stop-download-body","$v":"Chcete zastavit probíhající stahování?"},{"$i":"gaia-grid-stop-download-action","$v":"Zastavit"},{"$i":"gaia-grid-resume-download-title","$v":"Spustit stahování znovu"},{"$i":"gaia-grid-resume-download-body","$v":["Chcete stáhnout aplikaci ",{"t":"idOrVar","v":"name"},"?"]},{"$i":"gaia-grid-resume-download-action","$v":"Stáhnout"},{"$i":"gaia-grid-cancel","$v":"Zrušit"},{"$i":"gaia-grid-toggle-collapsed","ariaLabel":"Rozbalit skupinu"},{"$i":"gaia-grid-toggle-expanded","ariaLabel":"Sbalit skupinu"},{"$i":"gaia-grid-enter-group-name","$v":"Zadejte název skupiny"}]