[{"$i":"install-marketplace-title","$v":["Installer ",{"t":"idOrVar","v":"title"}]},{"$i":"no-sites-description","$v":"Ingen websteder"},{"$i":"history","$v":"OVERSIGT"},{"$i":"store","$v":"butik"},{"$i":"gva","$v":"Assistent"},{"$i":"top-sites","$v":"mest populære websteder"},{"$i":"top-sites-tab","$v":"Mest populære websteder"},{"$i":"suggestions","ariaLabel":"Forslag"},{"$i":"contacts","ariaLabel":"Kontakter"},{"$i":"places","ariaLabel":"Steder"},{"$i":"apps","ariaLabel":"Apps"},{"$i":"recommended-no-internet","$v":"Anbefalingens indhold vises her."},{"$i":"recommended-no-data","$v":"Intet tilgængeligt indhold."},{"$i":"suggestions-settings-notice","innerHTML":{"$o":"Søgeforslag er aktiveret. De tegn, du indtaster, når du foretager en søgning, sendes til søgeprogrammet. Du kan deaktivere søgeforslag i enhedens <span id=\"settings-link\">Indstillinger</span>."}},{"$i":"ok","$v":"OK"},{"$i":"search","$v":"Søg på internettet"},{"$i":"go","$v":"Start"},{"$i":"options","$v":"Valg"},{"$i":"pin","$v":"Fastgør"},{"$i":"unpin","$v":"Frigør"},{"$i":"remove","$v":"Fjern"},{"$i":"cancel","$v":"Annuller"},{"$i":"clear-all","$v":"Ryd alle"},{"$i":"clear","$v":"Ryd"},{"$i":"select","$v":"Vælg"},{"$i":"return","$v":"gå tilbage"},{"$i":"select-spot","$v":"Vælg et sted"},{"$i":"pin-to-top-sites","$v":"Fastgør til topsider"},{"$i":"recent-searches","$v":"Seneste søgninger"},{"$i":"connect-error","$v":"Kan ikke indlæse indhold."},{"$i":"no-recent","$v":"Indtast et vilkårligt nøgleord for at søge på internettet, eller indtast en webadresse for at åbne webstedet."},{"$i":"add-to-home-screen","label":"Føj til startskærm"},{"$i":"offline-message","$v":"Ingen internetforbindelse"},{"$i":"pinSiteCompletely","$v":"Dette websted er knyttet til Top Sites."},{"$i":"pinnedSitesOverLimit","$v":"Du har nået det maksimale antal fastgjorte websteder."},{"$i":"pinSiteLocked","$v":"Dette sted kan ikke ændres."},{"$i":"confirm-to-unpin-website","$v":["Vil du frigøre webstedet ",{"t":"idOrVar","v":"title"},"?"]},{"$i":"confirm-to-clear-recent-searches","$v":"Vil du rydde alle de seneste søgninger?"},{"$i":"confirm-to-clear-all-browsing-history","$v":"Ryd al browserhistorik?"},{"$i":"confirmation","$v":"Bekræftelse"},{"$i":"future","$v":"FREMTID"},{"$i":"today","$v":"I DAG"},{"$i":"yesterday","$v":"I GÅR"},{"$i":"last-7-days","$v":"SIDSTE 7 DAGE"},{"$i":"this-month","$v":"DENNE MÅNED"},{"$i":"last-6-months","$v":"SIDSTE 6 MÅNEDER"},{"$i":"older-than-6-months","$v":"ÆLDRE END 6 MÅNEDER"},{"$i":"month-0","$v":"JANUAR"},{"$i":"month-1","$v":"FEBRUAR"},{"$i":"month-2","$v":"MARTS"},{"$i":"month-3","$v":"APRIL"},{"$i":"month-4","$v":"MAJ"},{"$i":"month-5","$v":"JUNI"},{"$i":"month-6","$v":"JULI"},{"$i":"month-7","$v":"AUGUST"},{"$i":"month-8","$v":"SEPTEMBER"},{"$i":"month-9","$v":"OKTOBER"},{"$i":"month-10","$v":"NOVEMBER"},{"$i":"month-11","$v":"DECEMBER"},{"$i":"search-header","$v":[{"t":"idOrVar","v":"provider"}," søg"]},{"$i":"new-private-window","$v":"Nyt privat vindue"},{"$i":"empty","$v":"Tom"},{"$i":"gaia-grid-stop-download-title","$v":["Stop ",{"t":"idOrVar","v":"name"}]},{"$i":"gaia-grid-stop-download-body","$v":"Vil du afbryde den download, der er i gang?"},{"$i":"gaia-grid-stop-download-action","$v":"Stop"},{"$i":"gaia-grid-resume-download-title","$v":"Genstart download"},{"$i":"gaia-grid-resume-download-body","$v":["Vil du downloade ",{"t":"idOrVar","v":"name"},"?"]},{"$i":"gaia-grid-resume-download-action","$v":"Overfør"},{"$i":"gaia-grid-cancel","$v":"Annuller"},{"$i":"gaia-grid-toggle-collapsed","ariaLabel":"Udvid gruppe"},{"$i":"gaia-grid-toggle-expanded","ariaLabel":"Skjul gruppe"},{"$i":"gaia-grid-enter-group-name","$v":"Indtast et gruppenavn"}]