[{"$i":"install-marketplace-title","$v":["Εγκατάσταση ",{"t":"idOrVar","v":"title"}]},{"$i":"no-sites-description","$v":"Χωρίς ιστότοπους"},{"$i":"history","$v":"ΙΣΤΟΡΙΚΟ"},{"$i":"store","$v":"Κατάστημα"},{"$i":"gva","$v":"Βοηθός"},{"$i":"top-sites","$v":"κορυφ. τοποθ."},{"$i":"top-sites-tab","$v":"Κορυφαίες τοποθεσίες"},{"$i":"suggestions","ariaLabel":"Προτάσεις"},{"$i":"contacts","ariaLabel":"Επαφές"},{"$i":"places","ariaLabel":"Τοποθεσίες"},{"$i":"apps","ariaLabel":"Εφαρμογές"},{"$i":"recommended-no-internet","$v":"Το περιεχόμενο προτάσεων θα εμφανίζεται εδώ."},{"$i":"recommended-no-data","$v":"Δεν υπάρχει διαθέσιμο περιεχόμενο."},{"$i":"suggestions-settings-notice","innerHTML":{"$o":"Οι προτάσεις αναζήτησης είναι ενεργοποιημένες. Οι χαρακτήρες που πληκτρολογείτε κατά την εισαγωγή ενός όρου αναζήτησης αποστέλλονται στη μηχανή αναζήτησης. Μπορείτε να απενεργοποιήσετε τις προτάσεις αναζήτησης στις <span id=\"settings-link\">Ρυθμίσεις</span> της συσκευής."}},{"$i":"ok","$v":"OK"},{"$i":"search","$v":"Αναζήτηση στο Διαδίκτυο"},{"$i":"go","$v":"Μετάβαση"},{"$i":"options","$v":"Επιλογές"},{"$i":"pin","$v":"Καρφίτσωμα"},{"$i":"unpin","$v":"Ξεκαρφίτσωμα"},{"$i":"remove","$v":"Κατάργηση"},{"$i":"cancel","$v":"Ακύρωση"},{"$i":"clear-all","$v":"Καθαρισμός όλων"},{"$i":"clear","$v":"Εκκαθάριση"},{"$i":"select","$v":"Επιλογή"},{"$i":"return","$v":"επιστροφή"},{"$i":"select-spot","$v":"Επιλέξτε ένα σημείο"},{"$i":"pin-to-top-sites","$v":"Καρφίτσωμα στους κορυφαίους ιστότοπους"},{"$i":"recent-searches","$v":"Πρόσφατες αναζητήσεις"},{"$i":"connect-error","$v":"Δεν είναι δυνατή η φόρτωση περιεχομένου."},{"$i":"no-recent","$v":"Πληκτρολογήστε οποιαδήποτε λέξη-κλειδί για αναζήτηση στο Διαδίκτυο ή πληκτρολογήστε διεύθυνση ιστού για να ανοίξετε ιστότοπο."},{"$i":"add-to-home-screen","label":"Προσθ. στην αρχική οθόνη"},{"$i":"offline-message","$v":"Καμία σύνδεση διαδικτύου"},{"$i":"pinSiteCompletely","$v":"Αυτός ο ιστότοπος έχει καρφιτσωθεί στους κορυφαίους ιστότοπους."},{"$i":"pinnedSitesOverLimit","$v":"Έχετε φτάσει τον μέγιστο αριθμό καρφιτσωμένων ιστότοπων."},{"$i":"pinSiteLocked","$v":"Αυτό το σημείο δεν μπορεί να αλλάξει."},{"$i":"confirm-to-unpin-website","$v":["Ξεκαρφ. της τοποθ. Ιστού ",{"t":"idOrVar","v":"title"},";"]},{"$i":"confirm-to-clear-recent-searches","$v":"Διαγραφή όλων των πρόσφατων αναζητήσεων;"},{"$i":"confirm-to-clear-all-browsing-history","$v":"Εκκαθάριση όλου του ιστορικού περιήγησης;"},{"$i":"confirmation","$v":"Επιβεβαίωση"},{"$i":"future","$v":"ΜΕΛΛΟΝ"},{"$i":"today","$v":"ΣΗΜΕΡΑ"},{"$i":"yesterday","$v":"ΧΘΕΣ"},{"$i":"last-7-days","$v":"ΤΕΛΕΥΤ. 7 ΗΜΕΡΕΣ"},{"$i":"this-month","$v":"ΑΥΤΟΝ ΤΟΝ ΜΗΝΑ"},{"$i":"last-6-months","$v":"ΤΕΛΕΥΤΑΙΟΙ 6 ΜΗΝΕΣ"},{"$i":"older-than-6-months","$v":"ΠΑΛ. ΑΠΟ 6 ΜΗΝΕΣ"},{"$i":"month-0","$v":"ΙΑΝΟΥΑΡΙΟΣ"},{"$i":"month-1","$v":"ΦΕΒΡΟΥΑΡΙΟΣ"},{"$i":"month-2","$v":"ΜΑΡΤΙΟΣ"},{"$i":"month-3","$v":"ΑΠΡΙΛΙΟΣ"},{"$i":"month-4","$v":"ΜΑΙΟΣ"},{"$i":"month-5","$v":"ΙΟΥΝΙΟΣ"},{"$i":"month-6","$v":"ΙΟΥΛΙΟΣ"},{"$i":"month-7","$v":"ΑΥΓΟΥΣΤΟΣ"},{"$i":"month-8","$v":"ΣΕΠΤΕΜΒΡΙΟΣ"},{"$i":"month-9","$v":"ΟΚΤΩΒΡΙΟΣ"},{"$i":"month-10","$v":"ΝΟΕΜΒΡΙΟΣ"},{"$i":"month-11","$v":"ΔΕΚΕΜΒΡΙΟΣ"},{"$i":"search-header","$v":["Αναζήτηση ",{"t":"idOrVar","v":"provider"}]},{"$i":"new-private-window","$v":"Νέο ιδιωτικό παράθυρο"},{"$i":"empty","$v":"Κενό"},{"$i":"gaia-grid-stop-download-title","$v":["Διακοπή ",{"t":"idOrVar","v":"name"}]},{"$i":"gaia-grid-stop-download-body","$v":"Θέλετε να διακόψετε την τρέχουσα λήψη;"},{"$i":"gaia-grid-stop-download-action","$v":"Διακοπή"},{"$i":"gaia-grid-resume-download-title","$v":"Επανέναρξη λήψης"},{"$i":"gaia-grid-resume-download-body","$v":["Θέλετε να γίνει λήψη του ",{"t":"idOrVar","v":"name"},";"]},{"$i":"gaia-grid-resume-download-action","$v":"Λήψη"},{"$i":"gaia-grid-cancel","$v":"Ακύρωση"},{"$i":"gaia-grid-toggle-collapsed","ariaLabel":"Επέκταση ομάδας"},{"$i":"gaia-grid-toggle-expanded","ariaLabel":"Επέκταση ομάδας"},{"$i":"gaia-grid-enter-group-name","$v":"Εισαγ. όνομα ομάδας"}]