[{"$i":"install-marketplace-title","$v":["نصب ",{"t":"idOrVar","v":"title"}]},{"$i":"no-sites-description","$v":"وب سایتی وجود ندارد"},{"$i":"history","$v":"تاریخچه"},{"$i":"store","$v":"فروشگاه"},{"$i":"gva","$v":"دستیار"},{"$i":"top-sites","$v":"سایت های برتر"},{"$i":"top-sites-tab","$v":"سایت های برتر"},{"$i":"suggestions","ariaLabel":"پیشنهادات"},{"$i":"contacts","ariaLabel":"مخاطبین"},{"$i":"places","ariaLabel":"مکان ها"},{"$i":"apps","ariaLabel":"برنامه ها"},{"$i":"recommended-no-internet","$v":"محتوای توصیه اینجا نشان داده می شود."},{"$i":"recommended-no-data","$v":"بدون محتوا."},{"$i":"suggestions-settings-notice","innerHTML":{"$o":"پیشنهادات جستجو فعال است. نویسه هایی که زمان ورود به جستجو تایپ می کنید به موتور جستجو ارسال می شوند. می توانید پیشنهادات جستجو را از دستگاه < شناسه گسترس غیرفعال کنید"}},{"$i":"ok","$v":"تأیید"},{"$i":"search","$v":"جستجو در اینترنت"},{"$i":"go","$v":"رفتن"},{"$i":"options","$v":"گزینه ها"},{"$i":"pin","$v":"اتصال"},{"$i":"unpin","$v":"عدم اتصال"},{"$i":"remove","$v":"حذف"},{"$i":"cancel","$v":"لغو کردن"},{"$i":"clear-all","$v":"پاک کردن همه"},{"$i":"clear","$v":"پاک کردن"},{"$i":"select","$v":"انتخاب"},{"$i":"return","$v":"برگشت"},{"$i":"select-spot","$v":"انتخاب یک نقطه"},{"$i":"pin-to-top-sites","$v":"اتصال به سایت های برتر"},{"$i":"recent-searches","$v":"جستجوهای اخیر"},{"$i":"connect-error","$v":"محتوا بارگیری نشد."},{"$i":"no-recent","$v":"برای جستجو در اینترنت کلید واژه ای را تایپ کنید یا در آدرس وب تایپ کنید تا وب سایت باز شود."},{"$i":"add-to-home-screen","label":"افزودن به صفحه اصلي"},{"$i":"offline-message","$v":"اتصال اینترنتی وجود ندارد"},{"$i":"pinSiteCompletely","$v":"این وب سایت به سایت های برتر متصل شده است."},{"$i":"pinnedSitesOverLimit","$v":"به حداکثر تعداد وب سایت های متصل رسیده اید."},{"$i":"pinSiteLocked","$v":"این نقطه نمی تواند تغییر کند."},{"$i":"confirm-to-unpin-website","$v":["عدم اتصال وب سایت ",{"t":"idOrVar","v":"title"},"؟"]},{"$i":"confirm-to-clear-recent-searches","$v":"همه جستجوهای اخیر پاک شود؟"},{"$i":"confirm-to-clear-all-browsing-history","$v":"پاک کردن همه تاریخچه مرور؟"},{"$i":"confirmation","$v":"تأييد"},{"$i":"future","$v":"آینده"},{"$i":"today","$v":"امروز"},{"$i":"yesterday","$v":"دیروز"},{"$i":"last-7-days","$v":"7 روز آخر"},{"$i":"this-month","$v":"این ماه"},{"$i":"last-6-months","$v":"6 ماه آخر"},{"$i":"older-than-6-months","$v":"قدیمی تر از 6 ماه"},{"$i":"month-0","$v":"ژانویه"},{"$i":"month-1","$v":"فوریه"},{"$i":"month-2","$v":"مارس"},{"$i":"month-3","$v":"آوریل"},{"$i":"month-4","$v":"مه"},{"$i":"month-5","$v":"ژوئن"},{"$i":"month-6","$v":"ژوئیه"},{"$i":"month-7","$v":"اوت"},{"$i":"month-8","$v":"سپتامبر"},{"$i":"month-9","$v":"اکتبر"},{"$i":"month-10","$v":"نوامبر"},{"$i":"month-11","$v":"دسامبر"},{"$i":"search-header","$v":["جستجوی ",{"t":"idOrVar","v":"provider"}]},{"$i":"new-private-window","$v":"پنجره خصوصی جدید"},{"$i":"empty","$v":"خالی"},{"$i":"gaia-grid-stop-download-title","$v":["توقف ",{"t":"idOrVar","v":"name"}]},{"$i":"gaia-grid-stop-download-body","$v":"می خواهید دانلود در حال انجام را متوقف کنید؟"},{"$i":"gaia-grid-stop-download-action","$v":"توقف"},{"$i":"gaia-grid-resume-download-title","$v":"راه اندازی دانلود"},{"$i":"gaia-grid-resume-download-body","$v":["می خواهید ",{"t":"idOrVar","v":"name"}," را دانلود کنید؟"]},{"$i":"gaia-grid-resume-download-action","$v":"دانلود"},{"$i":"gaia-grid-cancel","$v":"لغو کردن"},{"$i":"gaia-grid-toggle-collapsed","ariaLabel":"بزرگ کردن گروه"},{"$i":"gaia-grid-toggle-expanded","ariaLabel":"کوچک کردن گروه"},{"$i":"gaia-grid-enter-group-name","$v":"وارد کردن نام گروه"}]