[{"$i":"install-marketplace-title","$v":["Asenna ",{"t":"idOrVar","v":"title"}]},{"$i":"no-sites-description","$v":"Ei verkkosivustoja"},{"$i":"history","$v":"HISTORIA"},{"$i":"store","$v":"myymälä"},{"$i":"gva","$v":"avustaja"},{"$i":"top-sites","$v":"suosikkisivustot"},{"$i":"top-sites-tab","$v":"Suosikkisivustot"},{"$i":"suggestions","ariaLabel":"Ehdotukset"},{"$i":"contacts","ariaLabel":"Osoitekirja"},{"$i":"places","ariaLabel":"Paikat"},{"$i":"apps","ariaLabel":"Sovellukset"},{"$i":"recommended-no-internet","$v":"Suosituksen sisältö näkyy täällä."},{"$i":"recommended-no-data","$v":"Sisältöä ei ole saatavana."},{"$i":"suggestions-settings-notice","innerHTML":{"$o":"Hakuehdotukset otettu käyttöön. Haun yhteydessä kirjoittamasi kirjaimet lähetetään hakukoneeseen. Voit ottaa hakuehdotukset pois laitteen <span id=\"settings-link\">Asetuksissa</span>."}},{"$i":"ok","$v":"OK"},{"$i":"search","$v":"Hae Internetistä"},{"$i":"go","$v":"Siirry"},{"$i":"options","$v":"Valinnat"},{"$i":"pin","$v":"Kiinnitä"},{"$i":"unpin","$v":"Poista kiinnitys"},{"$i":"remove","$v":"Poista"},{"$i":"cancel","$v":"Peruuta"},{"$i":"clear-all","$v":"Poista kaikki"},{"$i":"clear","$v":"Tyhjennä"},{"$i":"select","$v":"Valitse"},{"$i":"return","$v":"paluu"},{"$i":"select-spot","$v":"Valitse paikka"},{"$i":"pin-to-top-sites","$v":"Kiinnitä suosituimpiin sivustoihin"},{"$i":"recent-searches","$v":"Viimeaikaiset haut"},{"$i":"connect-error","$v":"Sisältöä ei voi ladata."},{"$i":"no-recent","$v":"Kirjoita mitä tahansa avainsanaa hakeaksesi Internetistä tai kirjoita Web-osoite avataksesi verkkosivuston."},{"$i":"add-to-home-screen","label":"Lisätty aloitusnäytt."},{"$i":"offline-message","$v":"Ei internetyhteyttä"},{"$i":"pinSiteCompletely","$v":"Tämä verkkosivusto on kiinnitetty suosituimpiin sivustoihin."},{"$i":"pinnedSitesOverLimit","$v":"Olet saavuttanut kiinnitettyjen verkkosivustojen enimmäismäärän."},{"$i":"pinSiteLocked","$v":"Tätä paikkaa ei voida muuttaa."},{"$i":"confirm-to-unpin-website","$v":["Poistetaanko kiinnitetty verkkosivusto ",{"t":"idOrVar","v":"title"},"?"]},{"$i":"confirm-to-clear-recent-searches","$v":"Tyhjennä kaikki viimeaikaiset haut?"},{"$i":"confirm-to-clear-all-browsing-history","$v":"Tyhjennetäänkö koko selaushistoria?"},{"$i":"confirmation","$v":"Vahvistus"},{"$i":"future","$v":"TULEVAISUUS"},{"$i":"today","$v":"TÄNÄÄN"},{"$i":"yesterday","$v":"EILEN"},{"$i":"last-7-days","$v":"VIIMEISET 7 PÄIVÄÄ"},{"$i":"this-month","$v":"TÄSSÄ KUUSSA"},{"$i":"last-6-months","$v":"VIIMEISET 6 KUUKAUTTA"},{"$i":"older-than-6-months","$v":"VANHEMPI KUIN 6 KUUKAUTTA"},{"$i":"month-0","$v":"TAMMIKUU"},{"$i":"month-1","$v":"HELMIKUU"},{"$i":"month-2","$v":"MAALISKUU"},{"$i":"month-3","$v":"HUHTIKUU"},{"$i":"month-4","$v":"TOUKOKUU"},{"$i":"month-5","$v":"KESÄKUU"},{"$i":"month-6","$v":"HEINÄKUU"},{"$i":"month-7","$v":"ELOKUU"},{"$i":"month-8","$v":"SYYSKUU"},{"$i":"month-9","$v":"LOKAKUU"},{"$i":"month-10","$v":"MARRASKUU"},{"$i":"month-11","$v":"JOULUKUU"},{"$i":"search-header","$v":[{"t":"idOrVar","v":"provider"},"-haku"]},{"$i":"new-private-window","$v":"Uusi yksityinen ikkuna"},{"$i":"empty","$v":"Tyhjä"},{"$i":"gaia-grid-stop-download-title","$v":["Lopeta ",{"t":"idOrVar","v":"name"}]},{"$i":"gaia-grid-stop-download-body","$v":"Haluatko pysäyttää käynnissä olevan latauksen?"},{"$i":"gaia-grid-stop-download-action","$v":"Lopeta"},{"$i":"gaia-grid-resume-download-title","$v":"Käynnistä lataus uudelleen"},{"$i":"gaia-grid-resume-download-body","$v":["Haluatko ladata kohteen ",{"t":"idOrVar","v":"name"},"?"]},{"$i":"gaia-grid-resume-download-action","$v":"Lataa"},{"$i":"gaia-grid-cancel","$v":"Peruuta"},{"$i":"gaia-grid-toggle-collapsed","ariaLabel":"Laajenna ryhmä"},{"$i":"gaia-grid-toggle-expanded","ariaLabel":"Tiivistä ryhmä"},{"$i":"gaia-grid-enter-group-name","$v":"Syötä ryhmän nimi"}]