[{"$i":"install-marketplace-title","$v":["Installer ",{"t":"idOrVar","v":"title"}]},{"$i":"no-sites-description","$v":"Aucun site Web"},{"$i":"history","$v":"HISTORIQUE"},{"$i":"store","$v":"Magasin"},{"$i":"gva","$v":"Assistant"},{"$i":"top-sites","$v":"MEILLEURS SITES"},{"$i":"top-sites-tab","$v":"MEILLEURS SITES"},{"$i":"suggestions","ariaLabel":"Suggestions"},{"$i":"contacts","ariaLabel":"Contacts"},{"$i":"places","ariaLabel":"Emplacements"},{"$i":"apps","ariaLabel":"Applications"},{"$i":"recommended-no-internet","$v":"Le contenu recommandé s’affichera ici."},{"$i":"recommended-no-data","$v":"Aucun contenu"},{"$i":"suggestions-settings-notice","innerHTML":{"$o":"Les suggestions de recherche sont activées. Les caractères que vous tapez en saisissant une recherche sont envoyés au moteur de recherche. Vous pouvez désactiver les suggestions de recherche à partir des <span id=\"settings-link\">Réglages</span>."}},{"$i":"ok","$v":"OK"},{"$i":"search","$v":"Rechercher sur Internet"},{"$i":"go","$v":"Aller"},{"$i":"options","$v":"Options"},{"$i":"pin","$v":"Épingler"},{"$i":"unpin","$v":"Détacher"},{"$i":"remove","$v":"Supprimer"},{"$i":"cancel","$v":"Annuler"},{"$i":"clear-all","$v":"Effacer tout"},{"$i":"clear","$v":"Effacer"},{"$i":"select","$v":"Sélectionner"},{"$i":"return","$v":"Retourner"},{"$i":"select-spot","$v":"Sélectionner un lieu"},{"$i":"pin-to-top-sites","$v":"Épingler les meilleurs sites"},{"$i":"recent-searches","$v":"Recherches récentes"},{"$i":"connect-error","$v":"Échec de chargement du contenu."},{"$i":"no-recent","$v":"Tapez n’importe quel mot-clé pour faire une recherche sur Internet ou tapez l’adresse d’un site Web pour l’ouvrir."},{"$i":"add-to-home-screen","label":"Ajouter à l'écran d'accueil"},{"$i":"offline-message","$v":"Aucune connexion Internet"},{"$i":"pinSiteCompletely","$v":"Ce site Web a été épinglé dans vos meilleurs sites."},{"$i":"pinnedSitesOverLimit","$v":"Vous avez atteint le nombre maximal de sites Web épinglés."},{"$i":"pinSiteLocked","$v":"Cet emplacement ne peut pas être modifié."},{"$i":"confirm-to-unpin-website","$v":["Désépingler le site Web ",{"t":"idOrVar","v":"title"},"?"]},{"$i":"confirm-to-clear-recent-searches","$v":"Effacer toutes les recherches récentes?"},{"$i":"confirm-to-clear-all-browsing-history","$v":"Effacer tout l'historique de navigation?"},{"$i":"confirmation","$v":"Confirmation"},{"$i":"future","$v":"AVENIR"},{"$i":"today","$v":"AUJOURD'HUI"},{"$i":"yesterday","$v":"HIER"},{"$i":"last-7-days","$v":"DERNIERS 7 JOURS"},{"$i":"this-month","$v":"CE MOIS"},{"$i":"last-6-months","$v":"DERNIERS 6 MOIS"},{"$i":"older-than-6-months","$v":"PLUS VIEUX QUE 6 MOIS"},{"$i":"month-0","$v":"JANVIER"},{"$i":"month-1","$v":"FÉVRIER"},{"$i":"month-2","$v":"MARS"},{"$i":"month-3","$v":"AVRIL"},{"$i":"month-4","$v":"MAI"},{"$i":"month-5","$v":"JUIN"},{"$i":"month-6","$v":"JUILLET"},{"$i":"month-7","$v":"AOÛT"},{"$i":"month-8","$v":"SEPTEMBRE"},{"$i":"month-9","$v":"OCTOBRE"},{"$i":"month-10","$v":"NOVEMBRE"},{"$i":"month-11","$v":"DÉCEMBRE"},{"$i":"search-header","$v":[{"t":"idOrVar","v":"provider"}," RECHERCHE"]},{"$i":"new-private-window","$v":"Nouvelle fenêtre privée"},{"$i":"empty","$v":"Vide"},{"$i":"gaia-grid-stop-download-title","$v":["Arrêter ",{"t":"idOrVar","v":"name"}]},{"$i":"gaia-grid-stop-download-body","$v":"Voulez-vous arrêter le téléchargement en cours?"},{"$i":"gaia-grid-stop-download-action","$v":"Arrêter"},{"$i":"gaia-grid-resume-download-title","$v":"Redémarrer le téléchargement"},{"$i":"gaia-grid-resume-download-body","$v":["Voulez-vous télécharger ",{"t":"idOrVar","v":"name"},"?"]},{"$i":"gaia-grid-resume-download-action","$v":"Télécharger"},{"$i":"gaia-grid-cancel","$v":"Annuler"},{"$i":"gaia-grid-toggle-collapsed","ariaLabel":"Étendre le groupe"},{"$i":"gaia-grid-toggle-expanded","ariaLabel":"Réduire le groupe"},{"$i":"gaia-grid-enter-group-name","$v":"Saisissez un nom de groupe"}]