[{"$i":"install-marketplace-title","$v":["Installer ",{"t":"idOrVar","v":"title"}]},{"$i":"no-sites-description","$v":"Aucun site Web"},{"$i":"history","$v":"HISTORIQUE"},{"$i":"store","$v":"Store"},{"$i":"gva","$v":"Assistant"},{"$i":"top-sites","$v":"meilleurs sites"},{"$i":"top-sites-tab","$v":"meilleurs sites"},{"$i":"suggestions","ariaLabel":"Suggestions"},{"$i":"contacts","ariaLabel":"Contacts"},{"$i":"places","ariaLabel":"Lieux"},{"$i":"apps","ariaLabel":"Applications"},{"$i":"recommended-no-internet","$v":"La recommandation s’affiche à cet endroit."},{"$i":"recommended-no-data","$v":"Sans contenu."},{"$i":"suggestions-settings-notice","innerHTML":{"$o":"Les suggestions de recherche sont activées. Les caractères tapés au cours d’une recherche sont envoyés au moteur de recherche. Vous pouvez désactiver les suggestions dans l’appareil <span id=\"settings-link\">Paramètres</span>."}},{"$i":"ok","$v":"OK"},{"$i":"search","$v":"Rechercher sur Internet"},{"$i":"go","$v":"OK"},{"$i":"options","$v":"Options"},{"$i":"pin","$v":"Attacher"},{"$i":"unpin","$v":"Détacher"},{"$i":"remove","$v":"Supprimer"},{"$i":"cancel","$v":"Annuler"},{"$i":"clear-all","$v":"Tout effacer"},{"$i":"clear","$v":"Effacer"},{"$i":"select","$v":"Sélectionner"},{"$i":"return","$v":"Retour"},{"$i":"select-spot","$v":"Sélectionner un emplacement"},{"$i":"pin-to-top-sites","$v":"Épingler dans Meilleurs sites"},{"$i":"recent-searches","$v":"Recherches récentes"},{"$i":"connect-error","$v":"Le chargement du contenu est impossible."},{"$i":"no-recent","$v":"Saisissez un mot-clé à rechercher sur Internet ou une adresse Web pour ouvrir le site correspondant."},{"$i":"add-to-home-screen","label":"Ajouter à l’écran d’accueil"},{"$i":"offline-message","$v":"Aucune connexion Internet"},{"$i":"pinSiteCompletely","$v":"Ce site Web a été épinglé à Meilleurs sites."},{"$i":"pinnedSitesOverLimit","$v":"Vous avez atteint le nombre maximal de sites Web pouvant être attachés."},{"$i":"pinSiteLocked","$v":"Ce champ n’est pas modifiable."},{"$i":"confirm-to-unpin-website","$v":["Détacher le site Web «",{"t":"idOrVar","v":"title"},"» ?"]},{"$i":"confirm-to-clear-recent-searches","$v":"Effacer toutes les recherches récentes ?"},{"$i":"confirm-to-clear-all-browsing-history","$v":"Effacer tout l’historique de navigation ?"},{"$i":"confirmation","$v":"Confirmation"},{"$i":"future","$v":"FUTUR"},{"$i":"today","$v":"AUJOURD’HUI"},{"$i":"yesterday","$v":"HIER"},{"$i":"last-7-days","$v":"LES 7 DERNIERS JOURS"},{"$i":"this-month","$v":"CE MOIS-CI"},{"$i":"last-6-months","$v":"LES 6 DERNIERS MOIS"},{"$i":"older-than-6-months","$v":"ANTÉRIEURS À 6 MOIS"},{"$i":"month-0","$v":"JANVIER"},{"$i":"month-1","$v":"FÉVRIER"},{"$i":"month-2","$v":"MARS"},{"$i":"month-3","$v":"AVRIL"},{"$i":"month-4","$v":"MAI"},{"$i":"month-5","$v":"JUIN"},{"$i":"month-6","$v":"JUILLET"},{"$i":"month-7","$v":"AOÛT"},{"$i":"month-8","$v":"SEPTEMBRE"},{"$i":"month-9","$v":"OCTOBRE"},{"$i":"month-10","$v":"NOVEMBRE"},{"$i":"month-11","$v":"DÉCEMBRE"},{"$i":"search-header","$v":["RECHERCHE PAR ",{"t":"idOrVar","v":"provider"}]},{"$i":"new-private-window","$v":"Nouvelle fenêtre privée"},{"$i":"empty","$v":"Vide"},{"$i":"gaia-grid-stop-download-title","$v":["Arrêter ",{"t":"idOrVar","v":"name"}]},{"$i":"gaia-grid-stop-download-body","$v":"Voulez-vous arrêter le téléchargement en cours ?"},{"$i":"gaia-grid-stop-download-action","$v":"Arrêter"},{"$i":"gaia-grid-resume-download-title","$v":"Redémarrer le téléchargement"},{"$i":"gaia-grid-resume-download-body","$v":["Voulez-vous télécharger ",{"t":"idOrVar","v":"name"}," ?"]},{"$i":"gaia-grid-resume-download-action","$v":"Télécharger"},{"$i":"gaia-grid-cancel","$v":"Annuler"},{"$i":"gaia-grid-toggle-collapsed","ariaLabel":"Développer le groupe"},{"$i":"gaia-grid-toggle-expanded","ariaLabel":"Condenser le groupe"},{"$i":"gaia-grid-enter-group-name","$v":"Indiquer le nom d’un groupe"}]