[{"$i":"install-marketplace-title","$v":["Instaliraj ",{"t":"idOrVar","v":"title"}]},{"$i":"no-sites-description","$v":"Nema web stranica"},{"$i":"history","$v":"POVIJEST"},{"$i":"store","$v":"dućan"},{"$i":"gva","$v":"asistent"},{"$i":"top-sites","$v":"najpopularnija web-mjesta"},{"$i":"top-sites-tab","$v":"Najpopularnija web-mjesta"},{"$i":"suggestions","ariaLabel":"Prijedlozi"},{"$i":"contacts","ariaLabel":"Kontakti"},{"$i":"places","ariaLabel":"Mjesta"},{"$i":"apps","ariaLabel":"Aplikacije"},{"$i":"recommended-no-internet","$v":"Ovdje će se pokazati sadržaj preporuke."},{"$i":"recommended-no-data","$v":"Nema dostupnog sadržaja."},{"$i":"suggestions-settings-notice","innerHTML":{"$o":"Omogućeni su prijedlozi za pretraživanje. Znakovi koje upisujete u pretragu šalju se na tražilicu. Prijedloge za pretraživanje možete onemogućiti u <span id=\"settings-link\">postavkama uređaja</span>."}},{"$i":"ok","$v":"U redu"},{"$i":"search","$v":"Pretražite Internet"},{"$i":"go","$v":"Idi"},{"$i":"options","$v":"Opcije"},{"$i":"pin","$v":"Pin"},{"$i":"unpin","$v":"Otkvači"},{"$i":"remove","$v":"Ukloni"},{"$i":"cancel","$v":"Poništi"},{"$i":"clear-all","$v":"Očisti sve"},{"$i":"clear","$v":"Izbriši"},{"$i":"select","$v":"Odaberi"},{"$i":"return","$v":"vrati"},{"$i":"select-spot","$v":"Odaberite mjesto"},{"$i":"pin-to-top-sites","$v":"Prikvači na gornja web mjesta"},{"$i":"recent-searches","$v":"Nedavna pretraživanja"},{"$i":"connect-error","$v":"Nije moguće učitati sadržaj."},{"$i":"no-recent","$v":"Unesite bilo koju ključnu riječ za pretraživanje interneta ili upišite web adresu da biste otvorili web mjesto."},{"$i":"add-to-home-screen","label":"Dodaj na poč. zas."},{"$i":"offline-message","$v":"Nema internetske veze"},{"$i":"pinSiteCompletely","$v":"Ovo je web mjesto prikvačeno na Top web lokacijama."},{"$i":"pinnedSitesOverLimit","$v":"Dosegli ste maksimalni broj prikvačenih web stranica."},{"$i":"pinSiteLocked","$v":"To mjesto se ne može promijeniti."},{"$i":"confirm-to-unpin-website","$v":["Želite li otkvačiti web-mjesto ",{"t":"idOrVar","v":"title"},"?"]},{"$i":"confirm-to-clear-recent-searches","$v":"Želite li izbrisati sva nedavna pretraživanja?"},{"$i":"confirm-to-clear-all-browsing-history","$v":"Želite li očistiti povijest pregledavanja?"},{"$i":"confirmation","$v":"Potvrda"},{"$i":"future","$v":"BUDUĆNOST"},{"$i":"today","$v":"DANAS"},{"$i":"yesterday","$v":"JUČER"},{"$i":"last-7-days","$v":"ZADNJIH 7 DANA"},{"$i":"this-month","$v":"OVAJ MJESEC"},{"$i":"last-6-months","$v":"ZADNJIH 6 MJESECI"},{"$i":"older-than-6-months","$v":"STARIJE OD 6 MJESECI"},{"$i":"month-0","$v":"SIJEČANJ"},{"$i":"month-1","$v":"VELJAČA"},{"$i":"month-2","$v":"OŽUJAK"},{"$i":"month-3","$v":"TRAVANJ"},{"$i":"month-4","$v":"SVI"},{"$i":"month-5","$v":"LIPANJ"},{"$i":"month-6","$v":"SRPANJ"},{"$i":"month-7","$v":"KOLOVOZ"},{"$i":"month-8","$v":"RUJAN"},{"$i":"month-9","$v":"LISTOPAD"},{"$i":"month-10","$v":"STUDENI"},{"$i":"month-11","$v":"PROSINAC"},{"$i":"search-header","$v":[{"t":"idOrVar","v":"provider"}," pretraživanje"]},{"$i":"new-private-window","$v":"Novi privatni prozor"},{"$i":"empty","$v":"Prazno"},{"$i":"gaia-grid-stop-download-title","$v":["Zaustavi ",{"t":"idOrVar","v":"name"}]},{"$i":"gaia-grid-stop-download-body","$v":"Želite li prekinuti preuzimanje u tijeku?"},{"$i":"gaia-grid-stop-download-action","$v":"Zaustavi"},{"$i":"gaia-grid-resume-download-title","$v":"Pon. pokr. preuzimanje"},{"$i":"gaia-grid-resume-download-body","$v":["Želite li preuzeti ",{"t":"idOrVar","v":"name"},"?"]},{"$i":"gaia-grid-resume-download-action","$v":"Preuzmi"},{"$i":"gaia-grid-cancel","$v":"Poništi"},{"$i":"gaia-grid-toggle-collapsed","ariaLabel":"Proširi skupinu"},{"$i":"gaia-grid-toggle-expanded","ariaLabel":"Sažmi skupinu"},{"$i":"gaia-grid-enter-group-name","$v":"Unesite naziv skupine"}]