[{"$i":"install-marketplace-title","$v":["Setja upp ",{"t":"idOrVar","v":"title"}]},{"$i":"no-sites-description","$v":"Engar vefsíður"},{"$i":"history","$v":"FERILL"},{"$i":"store","$v":"Geymið"},{"$i":"gva","$v":"Aðstoðarmaður"},{"$i":"top-sites","$v":"vinsæl. vefsv."},{"$i":"top-sites-tab","$v":"Vinsælustu vefsvæðin"},{"$i":"suggestions","ariaLabel":"Tillögur"},{"$i":"contacts","ariaLabel":"Tengil."},{"$i":"places","ariaLabel":"Staðir"},{"$i":"apps","ariaLabel":"Forr."},{"$i":"recommended-no-internet","$v":"Tilmæli innihalds mun birtast hér."},{"$i":"recommended-no-data","$v":"Ekkert efni tiltækt."},{"$i":"suggestions-settings-notice","innerHTML":{"$o":"Leitartillögur eru virkar. Stafirnir sem þú slærð inn í leitina eru sendir til leitarvélarinnar. Þú getur slökkt á leitartillögum í <span id=“settings-link“>stillingum</span> tækisins."}},{"$i":"ok","$v":"Í lagi"},{"$i":"search","$v":"Leitaðu á internetinu"},{"$i":"go","$v":"Áfram"},{"$i":"options","$v":"Valkostir"},{"$i":"pin","$v":"Festa"},{"$i":"unpin","$v":"Losa"},{"$i":"remove","$v":"Fjarlægja"},{"$i":"cancel","$v":"H. við"},{"$i":"clear-all","$v":"Hreinsa allt"},{"$i":"clear","$v":"Hreinsa"},{"$i":"select","$v":"Velja"},{"$i":"return","$v":"fara til baka"},{"$i":"select-spot","$v":"Veldu blett"},{"$i":"pin-to-top-sites","$v":"Festu á helstu síður"},{"$i":"recent-searches","$v":"Nýlegar leitir"},{"$i":"connect-error","$v":"Ekki tókst að hlaða inn efni."},{"$i":"no-recent","$v":"Sláðu inn hvaða leitarorð sem er til að leita á internetinu eða sláðu inn veffang til að opna vefsíðu."},{"$i":"add-to-home-screen","label":"Setja á heimaskjá"},{"$i":"offline-message","$v":"Engin nettenging"},{"$i":"pinSiteCompletely","$v":"Þessi vefsíða hefur verið fest á Top Sites."},{"$i":"pinnedSitesOverLimit","$v":"Þú hefur náð hámarksfjölda festra vefsíðna."},{"$i":"pinSiteLocked","$v":"Ekki er hægt að breyta þessum stað."},{"$i":"confirm-to-unpin-website","$v":["Losa vefsvæði ",{"t":"idOrVar","v":"title"},"?"]},{"$i":"confirm-to-clear-recent-searches","$v":"Hreinsa allar nýlegar leitir?"},{"$i":"confirm-to-clear-all-browsing-history","$v":"Hreinsa allan vefferil?"},{"$i":"confirmation","$v":"Staðfesting"},{"$i":"future","$v":"FRAMTÍÐ"},{"$i":"today","$v":"Í DAG"},{"$i":"yesterday","$v":"Í GÆR"},{"$i":"last-7-days","$v":"SÍÐ. 7 DAGA"},{"$i":"this-month","$v":"Í ÞESSUM MÁN."},{"$i":"last-6-months","$v":"SÍÐ. 6 MÁN."},{"$i":"older-than-6-months","$v":"ELDRA EN 6 MÁN."},{"$i":"month-0","$v":"JANÚAR"},{"$i":"month-1","$v":"FEBRÚAR"},{"$i":"month-2","$v":"MARS"},{"$i":"month-3","$v":"APRÍL"},{"$i":"month-4","$v":"MAÍ"},{"$i":"month-5","$v":"JÚNÍ"},{"$i":"month-6","$v":"JÚLÍ"},{"$i":"month-7","$v":"ÁGÚST"},{"$i":"month-8","$v":"SEPTEMBER"},{"$i":"month-9","$v":"OKTÓBER"},{"$i":"month-10","$v":"NÓVEMBER"},{"$i":"month-11","$v":"DESEMBER"},{"$i":"search-header","$v":[{"t":"idOrVar","v":"provider"},"-leit"]},{"$i":"new-private-window","$v":"Nýr einkagluggi"},{"$i":"empty","$v":"Tómt"},{"$i":"gaia-grid-stop-download-title","$v":["Stöðva ",{"t":"idOrVar","v":"name"}]},{"$i":"gaia-grid-stop-download-body","$v":"Viltu stöðva niðurhalið sem stendur yfir?"},{"$i":"gaia-grid-stop-download-action","$v":"Stöðva"},{"$i":"gaia-grid-resume-download-title","$v":"Endurræsa niðurhal"},{"$i":"gaia-grid-resume-download-body","$v":["Viltu sækja ",{"t":"idOrVar","v":"name"},"?"]},{"$i":"gaia-grid-resume-download-action","$v":"Sækja"},{"$i":"gaia-grid-cancel","$v":"H. við"},{"$i":"gaia-grid-toggle-collapsed","ariaLabel":"Stækka hóp"},{"$i":"gaia-grid-toggle-expanded","ariaLabel":"Draga saman hóp"},{"$i":"gaia-grid-enter-group-name","$v":"Sláðu inn heiti hóps"}]