[{"$i":"install-marketplace-title","$v":["ដំឡើង ",{"t":"idOrVar","v":"title"}]},{"$i":"no-sites-description","$v":"គ្មានគេហទំព័រទេ"},{"$i":"history","$v":"ប្រវត្តិ"},{"$i":"store","$v":"ហាង"},{"$i":"gva","$v":"ជំនួយការ"},{"$i":"top-sites","$v":"ទំព័រ​ពេញ​និយម"},{"$i":"top-sites-tab","$v":"ទំព័រ​ពេញ​និយម"},{"$i":"suggestions","ariaLabel":"ណែនាំ"},{"$i":"contacts","ariaLabel":"ទំនាក់ទំនង"},{"$i":"places","ariaLabel":"ទី​កន្លែង"},{"$i":"apps","ariaLabel":"កម្មវិធី​នានា"},{"$i":"recommended-no-internet","$v":"មាតិកាអនុសាសន៍នឹងបង្ហាញនៅទីនេះ។"},{"$i":"recommended-no-data","$v":"មិនមានមាតិកា។"},{"$i":"suggestions-settings-notice","innerHTML":{"$o":"បាន​បើក​យោបល់​ស្វែង​រក។ តួ​អក្សរ​ដែល​អ្នក​វាយ​បញ្ចូល​នៅ​ពេល​បញ្ចូល​ការស្វែង​រក​កំពុង​ត្រូវ​បាន​ផ្ញើ​ទៅ​កម្មវិធី​ស្វែង​រក។ អ្នក​អាច​បិទ​យោបល់​ស្វែង​រក​ក្នុង​<span id=\"settings-link\">ការកំណត់​</span>ឧបករណ៍។"}},{"$i":"ok","$v":"យល់​ព្រម"},{"$i":"search","$v":"ស្វែងរកតាមអ៊ីនធឺណិត"},{"$i":"go","$v":"ទៅ​កាន់"},{"$i":"options","$v":"ជម្រើស"},{"$i":"pin","$v":"ខ្ទាស់"},{"$i":"unpin","$v":"ដក​ខ្ទាស់"},{"$i":"remove","$v":"លុប​ចេញ"},{"$i":"cancel","$v":"បោះ​បង់"},{"$i":"clear-all","$v":"ជម្រះ​ទាំង​អស់"},{"$i":"clear","$v":"ជម្រះ"},{"$i":"select","$v":"ជ្រើស"},{"$i":"return","$v":"ត្រឡប់"},{"$i":"select-spot","$v":"ជ្រើសរើសកន្លែងមួយ"},{"$i":"pin-to-top-sites","$v":"ដៅទៅគេហទំព័រខាងលើ"},{"$i":"recent-searches","$v":"ស្វែងរកថ្មីៗ"},{"$i":"connect-error","$v":"មិនអាចផ្ទុកមាតិកាបានទេ។"},{"$i":"no-recent","$v":"វាយបញ្ចូលពាក្យគន្លឹះណាមួយដើម្បីស្វែងរកអ៊ីនធឺណិតឬវាយបញ្ចូលអាសយដ្ឋានគេហទំព័រដើម្បីបើកគេហទំព័រ។"},{"$i":"add-to-home-screen","label":"ថែម​ទៅ​អេក្រង់​ដើម"},{"$i":"offline-message","$v":"គ្មាន​ការភ្ជាប់​អ៊ីនធឺណិត​ទេ"},{"$i":"pinSiteCompletely","$v":"គេហទំព័រនេះត្រូវបានបញ្ចូលទៅក្នុងគេហទំព័រខាងលើ។"},{"$i":"pinnedSitesOverLimit","$v":"អ្នកឈានដល់ចំនួនអតិបរមានៃគេហទំព័រដែលបានខ្ទាស់។"},{"$i":"pinSiteLocked","$v":"កន្លែងនេះមិនអាចប្តូរបានទេ។"},{"$i":"confirm-to-unpin-website","$v":["ដោះ​គេហទំព័រ ",{"t":"idOrVar","v":"title"}," មែនទេ?"]},{"$i":"confirm-to-clear-recent-searches","$v":"លុបការស្វែងរកថ្មីៗទាំងអស់?"},{"$i":"confirm-to-clear-all-browsing-history","$v":"តើ​ជម្រះ​ប្រវត្តិ​ឆែក​មើល​ឬ?"},{"$i":"confirmation","$v":"ការបញ្ជាក់"},{"$i":"future","$v":"អនាគត"},{"$i":"today","$v":"ថ្ងៃ​នេះ"},{"$i":"yesterday","$v":"ម្សិល​មិញ"},{"$i":"last-7-days","$v":"7 ថ្ងៃ​ចុង​ក្រោយ"},{"$i":"this-month","$v":"ខែ​នេះ"},{"$i":"last-6-months","$v":"6 ខែ​ចុង​ក្រោយ"},{"$i":"older-than-6-months","$v":"ចាស់​ជាង 6 ខែ"},{"$i":"month-0","$v":"មករា"},{"$i":"month-1","$v":"កុម្ភៈ"},{"$i":"month-2","$v":"មីនា"},{"$i":"month-3","$v":"មេសា"},{"$i":"month-4","$v":"ឧសភា"},{"$i":"month-5","$v":"មិថុនា"},{"$i":"month-6","$v":"កក្កដា"},{"$i":"month-7","$v":"សីហា"},{"$i":"month-8","$v":"កញ្ញា"},{"$i":"month-9","$v":"តុលា"},{"$i":"month-10","$v":"វិច្ឆិកា"},{"$i":"month-11","$v":"ធ្នូ"},{"$i":"search-header","$v":["ស្វែង​រក ",{"t":"idOrVar","v":"provider"}]},{"$i":"new-private-window","$v":"វីនដូ​ឯកជន​ថ្មី"},{"$i":"empty","$v":"ទទេ"},{"$i":"gaia-grid-stop-download-title","$v":["បញ្ឈប់ ",{"t":"idOrVar","v":"name"}]},{"$i":"gaia-grid-stop-download-body","$v":"តើ​អ្នក​ចង់​បញ្ឈប់​ការទាញ​យក​ដែល​កំពុង​ដំណើរការ​ឬ?"},{"$i":"gaia-grid-stop-download-action","$v":"បញ្ឈប់"},{"$i":"gaia-grid-resume-download-title","$v":"ទាញ​យក​ឡើង​វិញ"},{"$i":"gaia-grid-resume-download-body","$v":["តើ​អ្នក​ចង់​ទាញ​យក ",{"t":"idOrVar","v":"name"}," ឬ?"]},{"$i":"gaia-grid-resume-download-action","$v":"ទាញ​យក"},{"$i":"gaia-grid-cancel","$v":"បោះបង់"},{"$i":"gaia-grid-toggle-collapsed","ariaLabel":"ពង្រីក​ក្រុម"},{"$i":"gaia-grid-toggle-expanded","ariaLabel":"បង្រួម​ក្រុម"},{"$i":"gaia-grid-enter-group-name","$v":"បញ្ចូល​ឈ្មោះ​ក្រុម"}]