[{"$i":"install-marketplace-title","$v":["ຕິດຕັ້ງ ",{"t":"idOrVar","v":"title"}]},{"$i":"no-sites-description","$v":"ບໍ່ມີເວບໄຊທ໌"},{"$i":"history","$v":"ປະຫວັດ"},{"$i":"store","$v":"ຮ້ານ"},{"$i":"gva","$v":"ຜູ້ຊ່ວຍ"},{"$i":"top-sites","$v":"ໄຊທ໌ຍອດນິຍົມ"},{"$i":"top-sites-tab","$v":"ເວບໄຊທ໌ຍອດນິຍົມ"},{"$i":"suggestions","ariaLabel":"ແນະນຳ"},{"$i":"contacts","ariaLabel":"ລາຍຊື່ຜູ່ຕິດຕໍ່"},{"$i":"places","ariaLabel":"ສະຖານທີ່"},{"$i":"apps","ariaLabel":"ແອັບຕ່າງໆ"},{"$i":"recommended-no-internet","$v":"ເນື້ອໃນແນະ ນຳ ຈະສະແດງຢູ່ນີ້."},{"$i":"recommended-no-data","$v":"ບໍ່ມີເນື້ອຫາ."},{"$i":"suggestions-settings-notice","innerHTML":{"$o":"ຄຳແນະນຳໃນການຄົ້ນຫາໄດ້ ເປີດນຳໃຊ້ແລ້ວ. ບັນດາຕົວ ອັກສອນທີ່ທ່ານພິມ ເມື່ອປ້ອນການຄົ້ນຫາ ກຳລັງຖືກສົ່ງໄປຍັງເຄື່ອງມື ຄົ້ນຫາ. ທ່ານສາມາດປິດ ການໃຊ້ງານຄຳແນະນຳການ ຄົ້ນຫາໃນ <span id=\"settings-link\">ການຕັ້ງຄ່າ</span> ອຸປະກອນ."}},{"$i":"ok","$v":"ຕົກລົງ"},{"$i":"search","$v":"ຄົ້ນຫາອິນເຕີເນັດ"},{"$i":"go","$v":"ໄປ"},{"$i":"options","$v":"ຕົວເລືອກ"},{"$i":"pin","$v":"PIN"},{"$i":"unpin","$v":"ຍົກເລີກປັກໝຸດ"},{"$i":"remove","$v":"ລຶບອອກ"},{"$i":"cancel","$v":"ຍົກເລີກ"},{"$i":"clear-all","$v":"ລົບລ້າງໝົດ"},{"$i":"clear","$v":"ລຶບລ້າງ"},{"$i":"select","$v":"ເລືອກ"},{"$i":"return","$v":"ຢ້ອນກັບຄືນ"},{"$i":"select-spot","$v":"ເລືອກຈຸດ"},{"$i":"pin-to-top-sites","$v":"Pin ໄປທີ່ເວັບໄຊທ໌ທາງເທີງ"},{"$i":"recent-searches","$v":"ການຄົ້ນຫາທີ່ຜ່ານມາ"},{"$i":"connect-error","$v":"ບໍ່ສາມາດໂຫລດເນື້ອຫາໄດ້."},{"$i":"no-recent","$v":"ພິມລະຫັດໃດ ໜຶ່ງ ເພື່ອຄົ້ນຫາອິນເຕີເນັດຫຼືພິມທີ່ຢູ່ເວັບເພື່ອເປີດເວບໄຊທ໌."},{"$i":"add-to-home-screen","label":"ເພີ່ມໃສ່ໜ້າຈໍຫຼັກ"},{"$i":"offline-message","$v":"ບໍ່ມີການເຊື່ອມຕໍ່ອິນເຕີເນັດ"},{"$i":"pinSiteCompletely","$v":"ເວບໄຊທ໌ນີ້ໄດ້ຖືກຂັງໃສ່ເວັບໄຊທ໌ທາງເທີງ."},{"$i":"pinnedSitesOverLimit","$v":"ທ່ານໄດ້ເຂົ້າເຖິງເວັບໄຊທ໌ທີ່ຖຶກ ຈຳ ນວນສູງສຸດແລ້ວ."},{"$i":"pinSiteLocked","$v":"ຈຸດນີ້ບໍ່ສາມາດປ່ຽນແປງໄດ້."},{"$i":"confirm-to-unpin-website","$v":["ຖອດປັກໝຸດເວັບໄຊ ",{"t":"idOrVar","v":"title"}," ບໍ?"]},{"$i":"confirm-to-clear-recent-searches","$v":"ລ້າງການຊອກຫາທີ່ຜ່ານມາທັງ ໝົດ ບໍ?"},{"$i":"confirm-to-clear-all-browsing-history","$v":"ລ້າງປະຫວັດການເຂົ້າຊົມທັງໝົດບໍ່?"},{"$i":"confirmation","$v":"ການຢືນຢັນ"},{"$i":"future","$v":"ອານາຄົດ"},{"$i":"today","$v":"ມື້ນີ້"},{"$i":"yesterday","$v":"ມື້ວານ"},{"$i":"last-7-days","$v":"7 ວັນກ່ອນໜ້ານີ້"},{"$i":"this-month","$v":"ເດືອນນີ້"},{"$i":"last-6-months","$v":"6 ເດືອນກ່ອນໜ້ານີ້"},{"$i":"older-than-6-months","$v":"ອາຍຸໃຊ້ງານເກີນ 6 ເດືອນ"},{"$i":"month-0","$v":"ມັງ​ກອນ"},{"$i":"month-1","$v":"ກຸມ​ພາ"},{"$i":"month-2","$v":"ມີ​ນາ"},{"$i":"month-3","$v":"ເມ​ສາ"},{"$i":"month-4","$v":"ພຶດ​ສະ​ພາ"},{"$i":"month-5","$v":"ມິ​ຖຸ​ນາ"},{"$i":"month-6","$v":"ກໍ​ລະ​ກົດ"},{"$i":"month-7","$v":"ສິງຫາ"},{"$i":"month-8","$v":"ກັນ​ຍາ"},{"$i":"month-9","$v":"ຕຸ​ລາ"},{"$i":"month-10","$v":"ພະ​ຈິກ"},{"$i":"month-11","$v":"ທັນວາ"},{"$i":"search-header","$v":["ຄົ້ນຫາ ",{"t":"idOrVar","v":"provider"}]},{"$i":"new-private-window","$v":"ວິນໂດສ່ວນຕົວໃໝ່"},{"$i":"empty","$v":"ເປົ່າຫວ່າງ"},{"$i":"gaia-grid-stop-download-title","$v":["ຢຸດ ",{"t":"idOrVar","v":"name"}]},{"$i":"gaia-grid-stop-download-body","$v":"ທ່ານຕ້ອງການຢຸຕິການດາວ ໂຫຼດທີ່ກຳລັງດຳເນີນຢູ່ບໍ່?"},{"$i":"gaia-grid-stop-download-action","$v":"ຢຸດ"},{"$i":"gaia-grid-resume-download-title","$v":"ເລີ່ມການດາວໂຫຼດຄືນໃໝ່"},{"$i":"gaia-grid-resume-download-body","$v":["ທ່ານຕ້ອງການດາວໂຫຼດ ",{"t":"idOrVar","v":"name"}," ບໍ່?"]},{"$i":"gaia-grid-resume-download-action","$v":"ດາວໂຫຼດ"},{"$i":"gaia-grid-cancel","$v":"ຍົກເລີກ"},{"$i":"gaia-grid-toggle-collapsed","ariaLabel":"ຂະຫຍາຍກຸ່ມ"},{"$i":"gaia-grid-toggle-expanded","ariaLabel":"ຍົກເລີກການຕັ້ງກຸ່ມ"},{"$i":"gaia-grid-enter-group-name","$v":"ໃສ່ຊື່ກຸ່ມ"}]