[{"$i":"install-marketplace-title","$v":["Instalare ",{"t":"idOrVar","v":"title"}]},{"$i":"no-sites-description","$v":"Fără site-uri web"},{"$i":"history","$v":"ISTORIC"},{"$i":"store","$v":"Magazin"},{"$i":"gva","$v":"Asistent"},{"$i":"top-sites","$v":"site-uri de top"},{"$i":"top-sites-tab","$v":"Site-uri de top"},{"$i":"suggestions","ariaLabel":"Sugestii"},{"$i":"contacts","ariaLabel":"Contacte"},{"$i":"places","ariaLabel":"Locuri"},{"$i":"apps","ariaLabel":"Aplicații"},{"$i":"recommended-no-internet","$v":"Conținutul recomandării va apărea aici."},{"$i":"recommended-no-data","$v":"Nu există conținut disponibil."},{"$i":"suggestions-settings-notice","innerHTML":{"$o":"Funcția Căutare sugestii este activată. Caracterele pe care le tastați atunci când introduceți o căutare sunt trimise la motorul de căutare. Puteți dezactiva sugestiile de căutare din <span id=\"settings-link\">Setări aparat</span>."}},{"$i":"ok","$v":"OK"},{"$i":"search","$v":"Căutați pe Internet"},{"$i":"go","$v":"OK"},{"$i":"options","$v":"Opțiuni"},{"$i":"pin","$v":"Fixează"},{"$i":"unpin","$v":"Anulați fixarea"},{"$i":"remove","$v":"Îndepărtare"},{"$i":"cancel","$v":"Anulare"},{"$i":"clear-all","$v":"Ștergeți tot"},{"$i":"clear","$v":"Ștergere"},{"$i":"select","$v":"Selectare"},{"$i":"return","$v":"revenire"},{"$i":"select-spot","$v":"Selectați un loc"},{"$i":"pin-to-top-sites","$v":"Pin în site-uri de top"},{"$i":"recent-searches","$v":"Căutări recente"},{"$i":"connect-error","$v":"Imposibil de încărcat conținut."},{"$i":"no-recent","$v":"Introduceți orice cuvânt cheie pentru a căuta pe internet sau introduceți o adresă web pentru a deschide un site web."},{"$i":"add-to-home-screen","label":"Ad. la ecr. de pornire"},{"$i":"offline-message","$v":"Nicio conexiune de Internet"},{"$i":"pinSiteCompletely","$v":"Acest site web a fost fixat în Top Sites."},{"$i":"pinnedSitesOverLimit","$v":"Ați atins numărul maxim de site-uri web fixate."},{"$i":"pinSiteLocked","$v":"Acest loc nu poate fi schimbat."},{"$i":"confirm-to-unpin-website","$v":["Anulezi fixarea site-ului web ",{"t":"idOrVar","v":"title"},"?"]},{"$i":"confirm-to-clear-recent-searches","$v":"Ștergeți toate căutările recente?"},{"$i":"confirm-to-clear-all-browsing-history","$v":"Ștergeți întregul istoric de navigare?"},{"$i":"confirmation","$v":"Confirmare"},{"$i":"future","$v":"FUTURE"},{"$i":"today","$v":"AZI"},{"$i":"yesterday","$v":"IERI"},{"$i":"last-7-days","$v":"ULTIMELE 7 ZILE"},{"$i":"this-month","$v":"ACEASTĂ LUNĂ"},{"$i":"last-6-months","$v":"ULTIMELE 6 LUNI"},{"$i":"older-than-6-months","$v":"MAI VECHI DE 6 LUNI"},{"$i":"month-0","$v":"IANUARIE"},{"$i":"month-1","$v":"FEBRUARIE"},{"$i":"month-2","$v":"MARTIE"},{"$i":"month-3","$v":"APRILIE"},{"$i":"month-4","$v":"MAI"},{"$i":"month-5","$v":"IUNIE"},{"$i":"month-6","$v":"IULIE"},{"$i":"month-7","$v":"AUGUST"},{"$i":"month-8","$v":"SEPTEMBRIE"},{"$i":"month-9","$v":"OCTOMBRIE"},{"$i":"month-10","$v":"NOIEMBRIE"},{"$i":"month-11","$v":"DECEMBRIE"},{"$i":"search-header","$v":[{"t":"idOrVar","v":"provider"}," Căutare"]},{"$i":"new-private-window","$v":"Fereastră privată nouă"},{"$i":"empty","$v":"Gol"},{"$i":"gaia-grid-stop-download-title","$v":["Oprire ",{"t":"idOrVar","v":"name"}]},{"$i":"gaia-grid-stop-download-body","$v":"Doriți să întrerupeți descărcarea în curs?"},{"$i":"gaia-grid-stop-download-action","$v":"Oprire"},{"$i":"gaia-grid-resume-download-title","$v":"Repornire descărcare"},{"$i":"gaia-grid-resume-download-body","$v":["Doriți să descărcați ",{"t":"idOrVar","v":"name"},"?"]},{"$i":"gaia-grid-resume-download-action","$v":"Descărcare"},{"$i":"gaia-grid-cancel","$v":"Anulare"},{"$i":"gaia-grid-toggle-collapsed","ariaLabel":"Extindere grup"},{"$i":"gaia-grid-toggle-expanded","ariaLabel":"Restrângeți grupul"},{"$i":"gaia-grid-enter-group-name","$v":"Introduceți o denumire de grup"}]