[{"$i":"install-marketplace-title","$v":["Pasang ",{"t":"idOrVar","v":"title"}]},{"$i":"no-sites-description","$v":"Tiada laman web"},{"$i":"history","$v":"SEJARAH"},{"$i":"store","$v":"Gedung"},{"$i":"gva","$v":"Pembantu"},{"$i":"top-sites","$v":"tapak teratas"},{"$i":"top-sites-tab","$v":"tapak teratas"},{"$i":"suggestions","ariaLabel":"Cadangan"},{"$i":"contacts","ariaLabel":"Kenalan"},{"$i":"places","ariaLabel":"Tempat"},{"$i":"apps","ariaLabel":"Aplikasi"},{"$i":"recommended-no-internet","$v":"Kandungan disyorkan akan ditunjukkan di sini."},{"$i":"recommended-no-data","$v":"Tiada kandungan."},{"$i":"suggestions-settings-notice","innerHTML":{"$o":"Cadangan carian didayakan. Aksara yang anda taip apabila memasukkan carian akan dihantar ke enjin carian. Anda boleh menyahdayakan cadangan carian di dalam peranti <span id=\"settings-link\">Tetapan</span>."}},{"$i":"ok","$v":"OK"},{"$i":"search","$v":"Cari di Internet"},{"$i":"go","$v":"Jalankan"},{"$i":"options","$v":"Pilihan"},{"$i":"pin","$v":"Semat"},{"$i":"unpin","$v":"Nyahsemat"},{"$i":"remove","$v":"Alih keluar"},{"$i":"cancel","$v":"Batal"},{"$i":"clear-all","$v":"Padam bersih semua"},{"$i":"clear","$v":"Padam bersih"},{"$i":"select","$v":"Pilih"},{"$i":"return","$v":"Kembali"},{"$i":"select-spot","$v":"Pilih satu titik"},{"$i":"pin-to-top-sites","$v":"Semat pada Tapak Teratas"},{"$i":"recent-searches","$v":"Carian Terkini"},{"$i":"connect-error","$v":"Tidak dapat memuatkan kandungan."},{"$i":"no-recent","$v":"Taip sebarang kata kunci untuk mencari di internet atau taip alamat web untuk membuka laman web."},{"$i":"add-to-home-screen","label":"Tambah ke Skrin Utama"},{"$i":"offline-message","$v":"Tiada sambungan Internet"},{"$i":"pinSiteCompletely","$v":"Laman web ini telah dipin ke Tapak Teratas."},{"$i":"pinnedSitesOverLimit","$v":"Anda telah mencapai bilangan maksimum laman web yang disemat."},{"$i":"pinSiteLocked","$v":"Titik ini tidak boleh diubah."},{"$i":"confirm-to-unpin-website","$v":["Nyahsemat laman web ",{"t":"idOrVar","v":"title"},"?"]},{"$i":"confirm-to-clear-recent-searches","$v":"Kosongkan semua carian terkini?"},{"$i":"confirm-to-clear-all-browsing-history","$v":"Padam bersih semua sejarah semak imbas?"},{"$i":"confirmation","$v":"Pengesahan"},{"$i":"future","$v":"MASA DEPAN"},{"$i":"today","$v":"HARI INI"},{"$i":"yesterday","$v":"SEMALAM"},{"$i":"last-7-days","$v":"7 HARI YANG LALU"},{"$i":"this-month","$v":"BULAN INI"},{"$i":"last-6-months","$v":"6 BULAN YANG LALU"},{"$i":"older-than-6-months","$v":"LEBIH DARIPADA 6 BULAN"},{"$i":"month-0","$v":"JANUARI"},{"$i":"month-1","$v":"FEBRUARI"},{"$i":"month-2","$v":"MAC"},{"$i":"month-3","$v":"APRIL"},{"$i":"month-4","$v":"MEI"},{"$i":"month-5","$v":"JUN"},{"$i":"month-6","$v":"JULAI"},{"$i":"month-7","$v":"OGOS"},{"$i":"month-8","$v":"SEPTEMBER"},{"$i":"month-9","$v":"OKTOBER"},{"$i":"month-10","$v":"NOVEMBER"},{"$i":"month-11","$v":"DISEMBER"},{"$i":"search-header","$v":[{"t":"idOrVar","v":"provider"}," CARI"]},{"$i":"new-private-window","$v":"Tetingkap peribadi baharu"},{"$i":"empty","$v":"Kosong"},{"$i":"gaia-grid-stop-download-title","$v":["Hentikan ",{"t":"idOrVar","v":"name"}]},{"$i":"gaia-grid-stop-download-body","$v":"Adakah anda ingin menghentikan muat turun yang sedang berjalan?"},{"$i":"gaia-grid-stop-download-action","$v":"Henti"},{"$i":"gaia-grid-resume-download-title","$v":"Mulakan Semula Muat Turun"},{"$i":"gaia-grid-resume-download-body","$v":["Adakah anda ingin memuat turun ",{"t":"idOrVar","v":"name"},"?"]},{"$i":"gaia-grid-resume-download-action","$v":"Muat turun"},{"$i":"gaia-grid-cancel","$v":"Batal"},{"$i":"gaia-grid-toggle-collapsed","ariaLabel":"Kembangkan kumpulan"},{"$i":"gaia-grid-toggle-expanded","ariaLabel":"Runtuhkan kumpulan"},{"$i":"gaia-grid-enter-group-name","$v":"Masukkan nama kumpulan"}]