[{"$i":"install-marketplace-title","$v":["انسټال ",{"t":"idOrVar","v":"title"}]},{"$i":"no-sites-description","$v":"هیڅ ویب پا .ه نشته"},{"$i":"history","$v":"تاریخ"},{"$i":"store","$v":"پلورنځي"},{"$i":"gva","$v":"معاون"},{"$i":"top-sites","$v":"غوره سایټونه"},{"$i":"top-sites-tab","$v":"غوره سایټونه"},{"$i":"suggestions","ariaLabel":"وړاندیزونه"},{"$i":"contacts","ariaLabel":"تماسونه"},{"$i":"places","ariaLabel":"ځایونه"},{"$i":"apps","ariaLabel":"اپلیکیشنونه"},{"$i":"recommended-no-internet","$v":"د سپارښتنې مینځپانګه به دلته ښکاره شي."},{"$i":"recommended-no-data","$v":"هیڅ مینځپانګه شتون نلري."},{"$i":"suggestions-settings-notice","innerHTML":{"$o":"د لټون وړاندیزونه فعال شو. د لټون د داخلولو پر مهال کوم توري چې تاسو ټایپ کوئ د لټون ماشین لیږل کیږي. تاسو په اله کې د لټون وړاندیزونه غیر فعال کولی شئ <span id=\"settings-link\">Settings</span>"}},{"$i":"ok","$v":"اوکی"},{"$i":"search","$v":"انټرنیټ لټول"},{"$i":"go","$v":"ځه"},{"$i":"options","$v":"غوراوي"},{"$i":"pin","$v":"Pin"},{"$i":"unpin","$v":"جلا کول"},{"$i":"remove","$v":"لرې کړئ"},{"$i":"cancel","$v":"کول"},{"$i":"clear-all","$v":"ټول پاک کړئ"},{"$i":"clear","$v":"پاکول"},{"$i":"select","$v":"انتخاب کړئ"},{"$i":"return","$v":"واپس کړئ"},{"$i":"select-spot","$v":"یو ځای غوره کړئ"},{"$i":"pin-to-top-sites","$v":"سرپاitesو ته ورشئ"},{"$i":"recent-searches","$v":"وروستي لټونونه"},{"$i":"connect-error","$v":"د مینځپانګې په پورته کولو توان نلري."},{"$i":"no-recent","$v":"د انټرنیټ لټون لپاره هر کلیدي ټایپ وکړئ یا د ویب پا orې خلاصولو لپاره په ویب پا openه کې ټایپ کړئ."},{"$i":"add-to-home-screen","label":"پردي ته زیات کړئ"},{"$i":"offline-message","$v":"د انټرنیټ ارتباط نشته"},{"$i":"pinSiteCompletely","$v":"دا ویب پا Topه ټاپ سایټونو ته رامینځته شوې."},{"$i":"pinnedSitesOverLimit","$v":"تاسو د پاین شوي ویب پا ofو اعظمي شمیرې ته رسیدلي یاست."},{"$i":"pinSiteLocked","$v":"دا ځای بدل نشی."},{"$i":"confirm-to-unpin-website","$v":["د ویب سایټ ",{"t":"idOrVar","v":"title"}," بی کلپه کړی شي؟"]},{"$i":"confirm-to-clear-recent-searches","$v":"ټولې وروستي لټونونه پاک کړئ؟"},{"$i":"confirm-to-clear-all-browsing-history","$v":"د براوزنګ تاریخچه پاکوئ؟"},{"$i":"confirmation","$v":"تصدیق"},{"$i":"future","$v":"راتلونکی"},{"$i":"today","$v":"نن"},{"$i":"yesterday","$v":"پرون"},{"$i":"last-7-days","$v":"تیرې 7 ورځې"},{"$i":"this-month","$v":"دا میاشت"},{"$i":"last-6-months","$v":"تیرې 6 میاشتې"},{"$i":"older-than-6-months","$v":"د 6 میاشتو څخه زوړ"},{"$i":"month-0","$v":"جنوری"},{"$i":"month-1","$v":"فروری"},{"$i":"month-2","$v":"مارچ"},{"$i":"month-3","$v":"اپریل"},{"$i":"month-4","$v":"مئی"},{"$i":"month-5","$v":"جون"},{"$i":"month-6","$v":"جولائی"},{"$i":"month-7","$v":"اګست"},{"$i":"month-8","$v":"ستمبر"},{"$i":"month-9","$v":"اکتوبر"},{"$i":"month-10","$v":"نومبر"},{"$i":"month-11","$v":"دسمبر"},{"$i":"search-header","$v":[{"t":"idOrVar","v":"provider"}," لټون"]},{"$i":"new-private-window","$v":"نوی شخصې وینډوز"},{"$i":"empty","$v":"خالي"},{"$i":"gaia-grid-stop-download-title","$v":["ودروئ ",{"t":"idOrVar","v":"name"}]},{"$i":"gaia-grid-stop-download-body","$v":"تاسو غواړئ چې جاري راښکته کول ودروئ؟"},{"$i":"gaia-grid-stop-download-action","$v":"توقف"},{"$i":"gaia-grid-resume-download-title","$v":"ډاونلوډ له سره پیل کړئ."},{"$i":"gaia-grid-resume-download-body","$v":[{"t":"idOrVar","v":"name"}," تاسو غواړئ چې راښکته کړئ؟"]},{"$i":"gaia-grid-resume-download-action","$v":"راښکته"},{"$i":"gaia-grid-cancel","$v":"لغوه"},{"$i":"gaia-grid-toggle-collapsed","ariaLabel":"پراخوول ګروپ"},{"$i":"gaia-grid-toggle-expanded","ariaLabel":"د ډلې بندول"},{"$i":"gaia-grid-enter-group-name","$v":"د یو ګروپ نوم داخل کړئ"}]