[{"$i":"install-marketplace-title","$v":["Instalar ",{"t":"idOrVar","v":"title"}]},{"$i":"no-sites-description","$v":"Sem sites"},{"$i":"history","$v":"HISTÓRICO"},{"$i":"store","$v":"Loja"},{"$i":"gva","$v":"Assistente"},{"$i":"top-sites","$v":"sites principais"},{"$i":"top-sites-tab","$v":"sites principais"},{"$i":"suggestions","ariaLabel":"Sugestões"},{"$i":"contacts","ariaLabel":"Contatos"},{"$i":"places","ariaLabel":"Locais"},{"$i":"apps","ariaLabel":"Aplicativos"},{"$i":"recommended-no-internet","$v":"O conteúdo da recomendação será exibido aqui."},{"$i":"recommended-no-data","$v":"Nenhum conteúdo."},{"$i":"suggestions-settings-notice","innerHTML":{"$o":"As sugestões de pesquisa estão ativadas. Os caracteres que você digita ao realizar uma pesquisa estão sendo enviados para o mecanismo de pesquisa. Você pode desativar sugestões de pesquisa no dispositivo <span id=\"settings-link\">Configurações</span>."}},{"$i":"ok","$v":"OK"},{"$i":"search","$v":"Pesquisar na Internet"},{"$i":"go","$v":"Ir"},{"$i":"options","$v":"Opções"},{"$i":"pin","$v":"Anexar"},{"$i":"unpin","$v":"Desanexar"},{"$i":"remove","$v":"Remover"},{"$i":"cancel","$v":"Cancelar"},{"$i":"clear-all","$v":"Excluir tudo"},{"$i":"clear","$v":"Excluir"},{"$i":"select","$v":"Selecionar"},{"$i":"return","$v":"Voltar"},{"$i":"select-spot","$v":"Selecionar um ponto"},{"$i":"pin-to-top-sites","$v":"Anexar a Sites principais"},{"$i":"recent-searches","$v":"Pesquisas recentes"},{"$i":"connect-error","$v":"Não é possível carregar o conteúdo."},{"$i":"no-recent","$v":"Digite qualquer palavra-chave para pesquisar na internet ou digite o endereço da web para abrir um site."},{"$i":"add-to-home-screen","label":"Adicionar à tela inicial"},{"$i":"offline-message","$v":"Sem conexão com a Internet"},{"$i":"pinSiteCompletely","$v":"Este site foi anexado a Sites principais."},{"$i":"pinnedSitesOverLimit","$v":"Você atingiu o número máximo de sites anexados."},{"$i":"pinSiteLocked","$v":"Este local não pode ser mudado."},{"$i":"confirm-to-unpin-website","$v":["Desanexar o site ",{"t":"idOrVar","v":"title"},"?"]},{"$i":"confirm-to-clear-recent-searches","$v":"Limpar todas as pesquisas recentes?"},{"$i":"confirm-to-clear-all-browsing-history","$v":"Limpar todo o histórico de navegação?"},{"$i":"confirmation","$v":"Confirmação"},{"$i":"future","$v":"FUTURO"},{"$i":"today","$v":"HOJE"},{"$i":"yesterday","$v":"ONTEM"},{"$i":"last-7-days","$v":"ÚLTIMOS 7 DIAS"},{"$i":"this-month","$v":"ESTE MÊS"},{"$i":"last-6-months","$v":"ÚLTIMOS 6 MESES"},{"$i":"older-than-6-months","$v":"ANTERIOR A 6 MESES"},{"$i":"month-0","$v":"JANEIRO"},{"$i":"month-1","$v":"FEVEREIRO"},{"$i":"month-2","$v":"MARÇO"},{"$i":"month-3","$v":"ABRIL"},{"$i":"month-4","$v":"MAIO"},{"$i":"month-5","$v":"JUNHO"},{"$i":"month-6","$v":"JULHO"},{"$i":"month-7","$v":"AGOSTO"},{"$i":"month-8","$v":"SETEMBRO"},{"$i":"month-9","$v":"OUTUBRO"},{"$i":"month-10","$v":"NOVEMBRO"},{"$i":"month-11","$v":"DEZEMBRO"},{"$i":"search-header","$v":[{"t":"idOrVar","v":"provider"}," PESQUISA"]},{"$i":"new-private-window","$v":"Nova janela privada"},{"$i":"empty","$v":"Vazio"},{"$i":"gaia-grid-stop-download-title","$v":["Interromper ",{"t":"idOrVar","v":"name"}]},{"$i":"gaia-grid-stop-download-body","$v":"Deseja interromper o download em andamento?"},{"$i":"gaia-grid-stop-download-action","$v":"Parar"},{"$i":"gaia-grid-resume-download-title","$v":"Reiniciar download"},{"$i":"gaia-grid-resume-download-body","$v":["Deseja baixar ",{"t":"idOrVar","v":"name"},"?"]},{"$i":"gaia-grid-resume-download-action","$v":"Download"},{"$i":"gaia-grid-cancel","$v":"Cancelar"},{"$i":"gaia-grid-toggle-collapsed","ariaLabel":"Expandir grupo"},{"$i":"gaia-grid-toggle-expanded","ariaLabel":"Recolher grupo"},{"$i":"gaia-grid-enter-group-name","$v":"Digitar um nome de grupo"}]