[{"$i":"install-marketplace-title","$v":["Instalare ",{"t":"idOrVar","v":"title"}]},{"$i":"no-sites-description","$v":"Nu există site-uri"},{"$i":"history","$v":"ISTORIC"},{"$i":"store","$v":"Magazin"},{"$i":"gva","$v":"Asistent"},{"$i":"top-sites","$v":"principalele site-uri"},{"$i":"top-sites-tab","$v":"principalele site-uri"},{"$i":"suggestions","ariaLabel":"Sugestii"},{"$i":"contacts","ariaLabel":"Agendă"},{"$i":"places","ariaLabel":"Locuri"},{"$i":"apps","ariaLabel":"Aplicații"},{"$i":"recommended-no-internet","$v":"Conținutul recomandat va fi afișat aici."},{"$i":"recommended-no-data","$v":"Nu există conținut."},{"$i":"suggestions-settings-notice","innerHTML":{"$o":"Sugestiile de căutare sunt activate. Caracterele pe care le introduceți când efectuați o căutare sunt trimise la motorul de căutare. Puteți dezactiva sugestiile de căutare în dispozitiv <span id=\"settings-link\">Setări</span>."}},{"$i":"ok","$v":"OK"},{"$i":"search","$v":"Căutați pe internet"},{"$i":"go","$v":"Start!"},{"$i":"options","$v":"Opțiuni"},{"$i":"pin","$v":"Fixați"},{"$i":"unpin","$v":"Anulați fixarea"},{"$i":"remove","$v":"Eliminare"},{"$i":"cancel","$v":"Anulare"},{"$i":"clear-all","$v":"Ștergere tot"},{"$i":"clear","$v":"Ștergere"},{"$i":"select","$v":"Selectare"},{"$i":"return","$v":"Revenire"},{"$i":"select-spot","$v":"Selectați un punct"},{"$i":"pin-to-top-sites","$v":"Fixați la principalele site-uri"},{"$i":"recent-searches","$v":"Căutări recente"},{"$i":"connect-error","$v":"Conținutul nu poate fi încărcat."},{"$i":"no-recent","$v":"Introduceți orice cuvânt-cheie pentru a căuta pe internet sau introduceți o adresă web pentru a accesa un site."},{"$i":"add-to-home-screen","label":"Adăugare la ecranul principal"},{"$i":"offline-message","$v":"Nu există conexiune la internet"},{"$i":"pinSiteCompletely","$v":"Acest site a fost fixat la principalele site-uri."},{"$i":"pinnedSitesOverLimit","$v":"Ați atins numărul maxim de site-uri fixate."},{"$i":"pinSiteLocked","$v":"Acest loc nu poate fi modificat."},{"$i":"confirm-to-unpin-website","$v":["Anulați fixarea site-ului ",{"t":"idOrVar","v":"title"},"?"]},{"$i":"confirm-to-clear-recent-searches","$v":"Ștergeți toate căutările recente?"},{"$i":"confirm-to-clear-all-browsing-history","$v":"Ștergeți istoricul de navigare?"},{"$i":"confirmation","$v":"Confirmare"},{"$i":"future","$v":"VIITOR"},{"$i":"today","$v":"ASTĂZI"},{"$i":"yesterday","$v":"IERI"},{"$i":"last-7-days","$v":"ULTIMELE 7 ZILE"},{"$i":"this-month","$v":"ACEASTĂ LUNĂ"},{"$i":"last-6-months","$v":"ULTIMELE 6 LUNI"},{"$i":"older-than-6-months","$v":"MAI VECHI DE 6 LUNI"},{"$i":"month-0","$v":"IANUARIE"},{"$i":"month-1","$v":"FEBRUARIE"},{"$i":"month-2","$v":"MARTIE"},{"$i":"month-3","$v":"APRILIE"},{"$i":"month-4","$v":"MAI"},{"$i":"month-5","$v":"IUNIE"},{"$i":"month-6","$v":"IULIE"},{"$i":"month-7","$v":"AUGUST"},{"$i":"month-8","$v":"SEPTEMBRIE"},{"$i":"month-9","$v":"OCTOMBRIE"},{"$i":"month-10","$v":"NOIEMBRIE"},{"$i":"month-11","$v":"DECEMBRIE"},{"$i":"search-header","$v":[{"t":"idOrVar","v":"provider"}," CĂUTARE"]},{"$i":"new-private-window","$v":"Fereastră privată nouă"},{"$i":"empty","$v":"Nu există"},{"$i":"gaia-grid-stop-download-title","$v":["Oprire ",{"t":"idOrVar","v":"name"}]},{"$i":"gaia-grid-stop-download-body","$v":"Doriți să opriți descărcarea în curs?"},{"$i":"gaia-grid-stop-download-action","$v":"Oprire"},{"$i":"gaia-grid-resume-download-title","$v":"Reluați descărcarea"},{"$i":"gaia-grid-resume-download-body","$v":["Doriți să descărcați ",{"t":"idOrVar","v":"name"},"?"]},{"$i":"gaia-grid-resume-download-action","$v":"Descărcare"},{"$i":"gaia-grid-cancel","$v":"Anulare"},{"$i":"gaia-grid-toggle-collapsed","ariaLabel":"Extindere grup"},{"$i":"gaia-grid-toggle-expanded","ariaLabel":"Restrângere grup"},{"$i":"gaia-grid-enter-group-name","$v":"Introduceți un nume de grup"}]