[{"$i":"install-marketplace-title","$v":["ස්ථාපනය කරන්න ",{"t":"idOrVar","v":"title"}]},{"$i":"no-sites-description","$v":"වෙබ් අඩවි නොමැත"},{"$i":"history","$v":"ඉතිහාසය"},{"$i":"store","$v":"ගබඩාව"},{"$i":"gva","$v":"සහකාර"},{"$i":"top-sites","$v":"ප්‍රසිද්ධ අඩවි"},{"$i":"top-sites-tab","$v":"ජනප්‍රිය අඩවි"},{"$i":"suggestions","ariaLabel":"යෝජනා"},{"$i":"contacts","ariaLabel":"සබඳතා"},{"$i":"places","ariaLabel":"ස්ථාන"},{"$i":"apps","ariaLabel":"යෙදුම්"},{"$i":"recommended-no-internet","$v":"නිර්දේශ අන්තර්ගතය මෙහි පෙන්වනු ඇත."},{"$i":"recommended-no-data","$v":"අන්තර්ගතයක් නොමැත."},{"$i":"suggestions-settings-notice","innerHTML":{"$o":"සෙවුම් යෝජනා සක්‍රිය කර ඇත. සෙවුමක් ඇතුළු කරන විට ඔබ ටයිප් කරන අකුරු සෙවුම් එන්ජිමකට යවනු ලැබේ. ඔබට උපාංගයේ සෙවුම් යෝජනා අක්‍රිය කළ හැක <span id=\"settings-link\">පසුතල</span>."}},{"$i":"ok","$v":"OK"},{"$i":"search","$v":"අන්තර්ජාලය සොයන්න"},{"$i":"go","$v":"යන්න"},{"$i":"options","$v":"විකල්ප"},{"$i":"pin","$v":"Pin"},{"$i":"unpin","$v":"ඇමුණුම ඉවත් කරන්න"},{"$i":"remove","$v":"ඉවත් කරන්න"},{"$i":"cancel","$v":"අවලංගු කරන්න"},{"$i":"clear-all","$v":"සියල්ල හිස් කරන්න"},{"$i":"clear","$v":"හිස් කරන්න"},{"$i":"select","$v":"තෝරන්න"},{"$i":"return","$v":"නැවත පැමිණීම"},{"$i":"select-spot","$v":"ස්ථානයක් තෝරන්න"},{"$i":"pin-to-top-sites","$v":"ඉහළ අඩවි වලට පින් කරන්න"},{"$i":"recent-searches","$v":"මෑත සෙවීම්"},{"$i":"connect-error","$v":"අන්තර්ගතය පූරණය කළ නොහැක."},{"$i":"no-recent","$v":"අන්තර්ජාලය සෙවීම සඳහා ඕනෑම යතුරු පදයක් ටයිප් කරන්න හෝ වෙබ් අඩවිය විවෘත කිරීම සඳහා වෙබ් ලිපිනය ටයිප් කරන්න."},{"$i":"add-to-home-screen","label":"මුල්තිරයට එක්කරන්න"},{"$i":"offline-message","$v":"අන්තර්ජාල සම්බන්ධතාවක් නැත"},{"$i":"pinSiteCompletely","$v":"මෙම වෙබ් අඩවිය ඉහළම අඩවි වලට සම්බන්ධ කර ඇත."},{"$i":"pinnedSitesOverLimit","$v":"ඔබ පින් කළ වෙබ් අඩවි ගණනට ළඟා වී ඇත."},{"$i":"pinSiteLocked","$v":"මෙම ස්ථානය වෙනස් කළ නොහැක."},{"$i":"confirm-to-unpin-website","$v":[{"t":"idOrVar","v":"title"}," වෙබ් අඩවිය නොඅමුණන්නද?"]},{"$i":"confirm-to-clear-recent-searches","$v":"සියලුම මෑත සෙවුම් ඉවත් කරන්න?"},{"$i":"confirm-to-clear-all-browsing-history","$v":"පිරික්සුම් ඉතිහාසය හිස් කරන්නද?"},{"$i":"confirmation","$v":"තහවුරු කිරීම"},{"$i":"future","$v":"අනාගතය"},{"$i":"today","$v":"අද"},{"$i":"yesterday","$v":"ඊයේ"},{"$i":"last-7-days","$v":"අවසන් දින 7"},{"$i":"this-month","$v":"මේ මාසය"},{"$i":"last-6-months","$v":"අවසන් මාස 6"},{"$i":"older-than-6-months","$v":"මාස 6ට වැඩියි"},{"$i":"month-0","$v":"ජනවාරි"},{"$i":"month-1","$v":"පෙබරවාරි"},{"$i":"month-2","$v":"මාර්තු"},{"$i":"month-3","$v":"අප්‍රේල්"},{"$i":"month-4","$v":"මැයි"},{"$i":"month-5","$v":"ජුනි"},{"$i":"month-6","$v":"ජූලි"},{"$i":"month-7","$v":"අගෝස්තු"},{"$i":"month-8","$v":"සැප්තැම්බර්"},{"$i":"month-9","$v":"ඔක්තෝබර්"},{"$i":"month-10","$v":"නොවැම්බර්"},{"$i":"month-11","$v":"දෙසැම්බර්"},{"$i":"search-header","$v":[{"t":"idOrVar","v":"provider"}," සෙවුම"]},{"$i":"new-private-window","$v":"නව පුද්ගලික කවුළුව"},{"$i":"empty","$v":"හිස්"},{"$i":"gaia-grid-stop-download-title","$v":["නවත්වන්න ",{"t":"idOrVar","v":"name"}]},{"$i":"gaia-grid-stop-download-body","$v":"සිදු කෙරෙමින් පවතින බාගැනීම නතර කිරීමට ඔබට අවශ්‍යද?"},{"$i":"gaia-grid-stop-download-action","$v":"නවතන්න"},{"$i":"gaia-grid-resume-download-title","$v":"බාගත කිරීම නැවත අරඹන්න"},{"$i":"gaia-grid-resume-download-body","$v":[{"t":"idOrVar","v":"name"},"බාගැනීමට අවශ්‍ය නැතිද?"]},{"$i":"gaia-grid-resume-download-action","$v":"බාගන්න"},{"$i":"gaia-grid-cancel","$v":"අවලංගු කරන්න"},{"$i":"gaia-grid-toggle-collapsed","ariaLabel":"කණ්ඩායම පුළුල් කරන්න"},{"$i":"gaia-grid-toggle-expanded","ariaLabel":"කණ්ඩායම බිඳ දමන්න"},{"$i":"gaia-grid-enter-group-name","$v":"කණ්ඩායමේ නම ඇතුළු කරන්න"}]