[{"$i":"install-marketplace-title","$v":["Namesti ",{"t":"idOrVar","v":"title"}]},{"$i":"no-sites-description","$v":"Ni spletnih mest"},{"$i":"history","$v":"ZGODOVINA"},{"$i":"store","$v":"Trgovina"},{"$i":"gva","$v":"Asistent"},{"$i":"top-sites","$v":"najbolj priljubljena mesta"},{"$i":"top-sites-tab","$v":"Priljubljene spl. strani"},{"$i":"suggestions","ariaLabel":"Predlogi"},{"$i":"contacts","ariaLabel":"Stiki"},{"$i":"places","ariaLabel":"Kraji"},{"$i":"apps","ariaLabel":"Aplikacije"},{"$i":"recommended-no-internet","$v":"Vsebina priporočila bo prikazana tukaj."},{"$i":"recommended-no-data","$v":"Vsebine ni na voljo"},{"$i":"suggestions-settings-notice","innerHTML":{"$o":"Predlogi za iskanje so omogočeni. Besedilo, ki ga natipkate med vnašanjem iskalnega izraza, se pošlje mehanizmu za iskanje. Predloge za iskanje lahko onemogočite v <span id=\"settings-link\">nastavitvah</span> naprave."}},{"$i":"ok","$v":"V redu"},{"$i":"search","$v":"Iskanje po internetu"},{"$i":"go","$v":"Pojdi"},{"$i":"options","$v":"Možnosti"},{"$i":"pin","$v":"Pripni"},{"$i":"unpin","$v":"Odpni"},{"$i":"remove","$v":"Odstrani"},{"$i":"cancel","$v":"Prekliči"},{"$i":"clear-all","$v":"Počisti vse"},{"$i":"clear","$v":"Počisti"},{"$i":"select","$v":"Izberi"},{"$i":"return","$v":"vračalka"},{"$i":"select-spot","$v":"Izberite spot"},{"$i":"pin-to-top-sites","$v":"Pripni na zgornja spletna mesta"},{"$i":"recent-searches","$v":"Zadnje iskanje"},{"$i":"connect-error","$v":"Vsebine ni mogoče naložiti."},{"$i":"no-recent","$v":"Vnesite katero koli ključno besedo za iskanje po internetu ali vnesite spletni naslov, da odprete spletno mesto."},{"$i":"add-to-home-screen","label":"Dodaj na zač. zasl."},{"$i":"offline-message","$v":"Ni internetne povezave"},{"$i":"pinSiteCompletely","$v":"To spletno mesto je bilo pripeto na Top Sites."},{"$i":"pinnedSitesOverLimit","$v":"Dosegli ste največje število pripetih spletnih mest."},{"$i":"pinSiteLocked","$v":"Tega mesta ni mogoče spremeniti."},{"$i":"confirm-to-unpin-website","$v":["Ali želite odpeti spletno mesto ",{"t":"idOrVar","v":"title"},"?"]},{"$i":"confirm-to-clear-recent-searches","$v":"Želite izbrisati vsa nedavna iskanja?"},{"$i":"confirm-to-clear-all-browsing-history","$v":"Želite počistiti vso zgodovino brskanja?"},{"$i":"confirmation","$v":"Potrditev"},{"$i":"future","$v":"PRIHODNOST"},{"$i":"today","$v":"DANES"},{"$i":"yesterday","$v":"VČERAJ"},{"$i":"last-7-days","$v":"ZADNJIH 7 DNI"},{"$i":"this-month","$v":"TA MESEC"},{"$i":"last-6-months","$v":"ZADNJIH 6 MESECEV"},{"$i":"older-than-6-months","$v":"STAREJŠE OD 6 MESEC."},{"$i":"month-0","$v":"JANUAR"},{"$i":"month-1","$v":"FEBRUAR"},{"$i":"month-2","$v":"MAREC"},{"$i":"month-3","$v":"APRIL"},{"$i":"month-4","$v":"MAJ"},{"$i":"month-5","$v":"JUNIJ"},{"$i":"month-6","$v":"JULIJ"},{"$i":"month-7","$v":"AVGUST"},{"$i":"month-8","$v":"SEPTEMBER"},{"$i":"month-9","$v":"OKTOBER"},{"$i":"month-10","$v":"NOVEMBER"},{"$i":"month-11","$v":"DECEMBER"},{"$i":"search-header","$v":["Iskanje – ",{"t":"idOrVar","v":"provider"}]},{"$i":"new-private-window","$v":"Novo zasebno okno"},{"$i":"empty","$v":"Prazno"},{"$i":"gaia-grid-stop-download-title","$v":["Ustavi ",{"t":"idOrVar","v":"name"}]},{"$i":"gaia-grid-stop-download-body","$v":"Želite ustaviti prenos, ki poteka?"},{"$i":"gaia-grid-stop-download-action","$v":"Ustavi"},{"$i":"gaia-grid-resume-download-title","$v":"Znova zaženi prenos"},{"$i":"gaia-grid-resume-download-body","$v":["Želite prenesti ",{"t":"idOrVar","v":"name"},"?"]},{"$i":"gaia-grid-resume-download-action","$v":"Prenesi"},{"$i":"gaia-grid-cancel","$v":"Prekliči"},{"$i":"gaia-grid-toggle-collapsed","ariaLabel":"Razširi skupino"},{"$i":"gaia-grid-toggle-expanded","ariaLabel":"Strni skupino"},{"$i":"gaia-grid-enter-group-name","$v":"Vnesite ime skupine"}]