[{"$i":"install-marketplace-title","$v":["ติดตั้ง ",{"t":"idOrVar","v":"title"}]},{"$i":"no-sites-description","$v":"ไม่มีเว็บไซต์"},{"$i":"history","$v":"ประวัติ"},{"$i":"store","$v":"ร้านค้า"},{"$i":"gva","$v":"ผู้ช่วย"},{"$i":"top-sites","$v":"ไซต์ยอดนิยม"},{"$i":"top-sites-tab","$v":"ไซต์ยอดนิยม"},{"$i":"suggestions","ariaLabel":"การแนะนำ"},{"$i":"contacts","ariaLabel":"รายชื่อ"},{"$i":"places","ariaLabel":"สถานที่"},{"$i":"apps","ariaLabel":"แอป"},{"$i":"recommended-no-internet","$v":"เนื้อหาการแนะนำจะแสดงตรงนี้"},{"$i":"recommended-no-data","$v":"ไม่มีเนื้อหา"},{"$i":"suggestions-settings-notice","innerHTML":{"$o":"คำแนะนำการค้นหาเปิดใช้งานแล้ว อักขระที่คุณพิมพ์เมื่อป้อนการค้นหาจะถูกส่งไปยังเครื่องมือการค้นหา คุณสามารถปิดใช้งานการแนะนำการค้นหาได้ใน อุปกรณ์ <span id=\"settings-link\">การตั้งค่า</span>."}},{"$i":"ok","$v":"ตกลง"},{"$i":"search","$v":"ค้นหาอินเทอร์เน็ต"},{"$i":"go","$v":"ไป"},{"$i":"options","$v":"ตัวเลือก"},{"$i":"pin","$v":"ปักหมุด"},{"$i":"unpin","$v":"ยกเลิกการปักหมุด"},{"$i":"remove","$v":"ลบ"},{"$i":"cancel","$v":"ยกเลิก"},{"$i":"clear-all","$v":"ล้างทั้งหมด"},{"$i":"clear","$v":"ล้าง"},{"$i":"select","$v":"เลือก"},{"$i":"return","$v":"ย้อนกลับ"},{"$i":"select-spot","$v":"เลือกจุด"},{"$i":"pin-to-top-sites","$v":"ปักหมุดไปยังไซต์ยอดนิยม"},{"$i":"recent-searches","$v":"การค้นหาล่าสุด"},{"$i":"connect-error","$v":"ไม่สามารถโหลดเนื้อหาได้"},{"$i":"no-recent","$v":"พิมพ์คำสำคัญที่ต้องการค้นหาในอินเทอร์เน็ตหรือพิมพ์ที่อยู่เว็บเพื่อเปิดเว็บไซต์"},{"$i":"add-to-home-screen","label":"เพิ่มไปยังหน้าจอเริ่มต้นแล้ว"},{"$i":"offline-message","$v":"ไม่มีการเชื่อมต่ออินเทอร์เน็ต"},{"$i":"pinSiteCompletely","$v":"เว็บไซต์นี้ถูกปักหมุดไปยังไซต์ยอดนิยม"},{"$i":"pinnedSitesOverLimit","$v":"คุณมีจำนวนเว็บไซต์ที่ปักหมุนเกินจำนวนสุงสุดที่กำหนดให้แล้ว"},{"$i":"pinSiteLocked","$v":"ไม่สามารถเปลี่ยนจุดนี้ได้"},{"$i":"confirm-to-unpin-website","$v":["เลิกปักหมุดเว็บไซต์ ",{"t":"idOrVar","v":"title"}," หรือไม่"]},{"$i":"confirm-to-clear-recent-searches","$v":"ล้างการค้นหาล่าสุดทั้งหมดหรือไม่"},{"$i":"confirm-to-clear-all-browsing-history","$v":"ล้างประวัติเบราว์เซอร์ทั้งหมดหรือไม่"},{"$i":"confirmation","$v":"การยืนยัน"},{"$i":"future","$v":"อนาคต"},{"$i":"today","$v":"วันนี้"},{"$i":"yesterday","$v":"เมื่อวานนี้"},{"$i":"last-7-days","$v":"7 วันที่แล้ว"},{"$i":"this-month","$v":"เดือนนี้"},{"$i":"last-6-months","$v":"6 เดือนที่แล้ว"},{"$i":"older-than-6-months","$v":"นานกว่า 6 เดือน"},{"$i":"month-0","$v":"มกราคม"},{"$i":"month-1","$v":"กุมภาพันธ์"},{"$i":"month-2","$v":"มีนาคม"},{"$i":"month-3","$v":"เมษายน"},{"$i":"month-4","$v":"พฤษภาคม"},{"$i":"month-5","$v":"มิถุนายน"},{"$i":"month-6","$v":"กรกฎาคม"},{"$i":"month-7","$v":"สิงหาคม"},{"$i":"month-8","$v":"กันยายน"},{"$i":"month-9","$v":"ตุลาคม"},{"$i":"month-10","$v":"พฤศจิกายน"},{"$i":"month-11","$v":"ธันวาคม"},{"$i":"search-header","$v":["การค้นหา ",{"t":"idOrVar","v":"provider"}]},{"$i":"new-private-window","$v":"หน้าต่างส่วนตัวใหม่"},{"$i":"empty","$v":"ว่าง"},{"$i":"gaia-grid-stop-download-title","$v":["หยุด ",{"t":"idOrVar","v":"name"}]},{"$i":"gaia-grid-stop-download-body","$v":"คุณต้องการยกเลิกการดาวน์โหลดที่กำลังดำเนินการอยู่หรือไม่"},{"$i":"gaia-grid-stop-download-action","$v":"หยุด"},{"$i":"gaia-grid-resume-download-title","$v":"เริ่มการดาวน์โหลดใหม่"},{"$i":"gaia-grid-resume-download-body","$v":["คุณต้องการที่จะดาวน์โหลด ",{"t":"idOrVar","v":"name"}," หรือไม่"]},{"$i":"gaia-grid-resume-download-action","$v":"ดาวน์โหลด"},{"$i":"gaia-grid-cancel","$v":"ยกเลิก"},{"$i":"gaia-grid-toggle-collapsed","ariaLabel":"ขยายกลุ่ม"},{"$i":"gaia-grid-toggle-expanded","ariaLabel":"ยุบกลุ่ม"},{"$i":"gaia-grid-enter-group-name","$v":"ใส่ชื่อกลุ่ม"}]