[{"$i":"install-marketplace-title","$v":[{"t":"idOrVar","v":"title"}," yükle"]},{"$i":"no-sites-description","$v":"Web sitesi mevcut değil"},{"$i":"history","$v":"GEÇMİŞ"},{"$i":"store","$v":"Mağaza"},{"$i":"gva","$v":"Asistan"},{"$i":"top-sites","$v":"en iyi siteler"},{"$i":"top-sites-tab","$v":"en iyi siteler"},{"$i":"suggestions","ariaLabel":"Öneriler"},{"$i":"contacts","ariaLabel":"Kişiler"},{"$i":"places","ariaLabel":"Yerler"},{"$i":"apps","ariaLabel":"Uygulamalar"},{"$i":"recommended-no-internet","$v":"Tavsiye içeriği burada gösterilir."},{"$i":"recommended-no-data","$v":"İçerik yok."},{"$i":"suggestions-settings-notice","innerHTML":{"$o":"Arama önerileri etkinleştirildi. Arama yaparken girdiğiniz karakterler arama motoruna gönderiliyor. Arama önerilerini cihazınızda devre dışı bırakabilirsiniz.<span id=\"settings-link\">Ayarlar</span>."}},{"$i":"ok","$v":"Tamam"},{"$i":"search","$v":"İnternette ara"},{"$i":"go","$v":"Git"},{"$i":"options","$v":"Seçenekler"},{"$i":"pin","$v":"Sabitle"},{"$i":"unpin","$v":"Ayır"},{"$i":"remove","$v":"Kaldır"},{"$i":"cancel","$v":"İptal"},{"$i":"clear-all","$v":"Tümünü temizle"},{"$i":"clear","$v":"Temizle"},{"$i":"select","$v":"Seç"},{"$i":"return","$v":"Geri dön"},{"$i":"select-spot","$v":"Bir yer seçin"},{"$i":"pin-to-top-sites","$v":"En İyi Sitelere iğnele"},{"$i":"recent-searches","$v":"Son Aramalar"},{"$i":"connect-error","$v":"İçerik yüklenemiyor."},{"$i":"no-recent","$v":"İnternette arama yapmak için herhangi bir anahtar kelime yazın veya bir web siteyi ziyaret etmek için web adresini yazın."},{"$i":"add-to-home-screen","label":"Ana Ekrana Ekle"},{"$i":"offline-message","$v":"İnternet bağlantısı yok"},{"$i":"pinSiteCompletely","$v":"Web sitesi, En İyi Sitelere sabitlendi."},{"$i":"pinnedSitesOverLimit","$v":"Maksimum sabitlenmiş web sitesi sayısına ulaştınız."},{"$i":"pinSiteLocked","$v":"Bu nokta değiştirilemiyor."},{"$i":"confirm-to-unpin-website","$v":[{"t":"idOrVar","v":"title"}," web sitesi kaldırılsın mı?"]},{"$i":"confirm-to-clear-recent-searches","$v":"Tüm son aramalar temizlensin mi?"},{"$i":"confirm-to-clear-all-browsing-history","$v":"Tüm tarayıcı geçmişi temizlensin mi?"},{"$i":"confirmation","$v":"Onay"},{"$i":"future","$v":"GELECEK"},{"$i":"today","$v":"BUGÜN"},{"$i":"yesterday","$v":"DÜN"},{"$i":"last-7-days","$v":"SON 7 GÜN"},{"$i":"this-month","$v":"BU AY"},{"$i":"last-6-months","$v":"SON 6 AY"},{"$i":"older-than-6-months","$v":"6 AYDAN DAHA ESKİ"},{"$i":"month-0","$v":"OCAK"},{"$i":"month-1","$v":"ŞUBAT"},{"$i":"month-2","$v":"MART"},{"$i":"month-3","$v":"NİSAN"},{"$i":"month-4","$v":"MAYIS"},{"$i":"month-5","$v":"HAZİRAN"},{"$i":"month-6","$v":"TEMMUZ"},{"$i":"month-7","$v":"AĞUSTOS"},{"$i":"month-8","$v":"EYLÜL"},{"$i":"month-9","$v":"EKİM"},{"$i":"month-10","$v":"KASIM"},{"$i":"month-11","$v":"ARALIK"},{"$i":"search-header","$v":[{"t":"idOrVar","v":"provider"}," ARA"]},{"$i":"new-private-window","$v":"Yeni özel pencere"},{"$i":"empty","$v":"Boş"},{"$i":"gaia-grid-stop-download-title","$v":[{"t":"idOrVar","v":"name"}," adlı kişiyi durdur"]},{"$i":"gaia-grid-stop-download-body","$v":"Devam eden indirme işlemini durdurmak istiyor musunuz?"},{"$i":"gaia-grid-stop-download-action","$v":"Durdur"},{"$i":"gaia-grid-resume-download-title","$v":"İndirme İşlemini Yeniden Başlat"},{"$i":"gaia-grid-resume-download-body","$v":[{"t":"idOrVar","v":"name"}," adlı kişiyi indirmek istiyor musunuz?"]},{"$i":"gaia-grid-resume-download-action","$v":"İndir"},{"$i":"gaia-grid-cancel","$v":"İptal"},{"$i":"gaia-grid-toggle-collapsed","ariaLabel":"Grubu genişlet"},{"$i":"gaia-grid-toggle-expanded","ariaLabel":"Grubu daralt"},{"$i":"gaia-grid-enter-group-name","$v":"Bir grup adı girin"}]