[{"$i":"install-marketplace-title","$v":["Установити ",{"t":"idOrVar","v":"title"}]},{"$i":"no-sites-description","$v":"Немає веб-сайтів"},{"$i":"history","$v":"ЖУРНАЛ"},{"$i":"store","$v":"Магазин"},{"$i":"gva","$v":"Асистент"},{"$i":"top-sites","$v":"найкращі сайти"},{"$i":"top-sites-tab","$v":"Найпопулярніші сайти"},{"$i":"suggestions","ariaLabel":"Рекомендації"},{"$i":"contacts","ariaLabel":"Контакти"},{"$i":"places","ariaLabel":"Місця"},{"$i":"apps","ariaLabel":"Програми"},{"$i":"recommended-no-internet","$v":"Зміст рекомендацій буде показано тут."},{"$i":"recommended-no-data","$v":"Немає вмісту."},{"$i":"suggestions-settings-notice","innerHTML":{"$o":"Рекомендації пошуку ввімкнено. Символи, які набираються під час вводу пошукового запиту, надсилаються до засобу пошуку. Рекомендації пошуку можна вимкнути в <span id=\"settings-link\">Настройках</span> пристрою."}},{"$i":"ok","$v":"OK"},{"$i":"search","$v":"Пошук в Інтернеті"},{"$i":"go","$v":"Перейти"},{"$i":"options","$v":"Опції"},{"$i":"pin","$v":"Закріпити"},{"$i":"unpin","$v":"Відкріпити"},{"$i":"remove","$v":"Видалити"},{"$i":"cancel","$v":"Скасувати"},{"$i":"clear-all","$v":"Очистити все"},{"$i":"clear","$v":"Очистити"},{"$i":"select","$v":"Вибрати"},{"$i":"return","$v":"повернути"},{"$i":"select-spot","$v":"Виберіть місце"},{"$i":"pin-to-top-sites","$v":"Прикріпити до головних сайтів"},{"$i":"recent-searches","$v":"Останні пошукові запити"},{"$i":"connect-error","$v":"Неможливо завантажити вміст."},{"$i":"no-recent","$v":"Введіть будь-яке ключове слово для пошуку в Інтернеті або введіть веб-адресу, щоб відкрити веб-сайт."},{"$i":"add-to-home-screen","label":"Дод. до гол. екр."},{"$i":"offline-message","$v":"Немає з’єднання з Інтернетом"},{"$i":"pinSiteCompletely","$v":"Цей веб-сайт був прикріплений до Топ-сайтів."},{"$i":"pinnedSitesOverLimit","$v":"Ви досягли максимальної кількості закріплених веб-сайтів."},{"$i":"pinSiteLocked","$v":"Це місце неможливо змінити."},{"$i":"confirm-to-unpin-website","$v":["Відкріпити вебсайт ",{"t":"idOrVar","v":"title"},"?"]},{"$i":"confirm-to-clear-recent-searches","$v":"Очистити всі останні пошукові запити?"},{"$i":"confirm-to-clear-all-browsing-history","$v":"Очистити журнал браузера?"},{"$i":"confirmation","$v":"Підтвердження"},{"$i":"future","$v":"МАЙБУТНЄ"},{"$i":"today","$v":"СЬОГОДНІ"},{"$i":"yesterday","$v":"УЧОРА"},{"$i":"last-7-days","$v":"ОСТАННІ 7 ДНІВ"},{"$i":"this-month","$v":"ЦЬОГО МІСЯЦЯ"},{"$i":"last-6-months","$v":"ОСТАННІ 6 МІСЯЦІВ"},{"$i":"older-than-6-months","$v":"СТАРШЕ 6 МІСЯЦІВ"},{"$i":"month-0","$v":"СІЧЕНЬ"},{"$i":"month-1","$v":"ЛЮТИЙ"},{"$i":"month-2","$v":"БЕРЕЗЕНЬ"},{"$i":"month-3","$v":"КВІТЕНЬ"},{"$i":"month-4","$v":"ТРАВЕНЬ"},{"$i":"month-5","$v":"ЧЕРВЕНЬ"},{"$i":"month-6","$v":"ЛИПЕНЬ"},{"$i":"month-7","$v":"СЕРПЕНЬ"},{"$i":"month-8","$v":"ВЕРЕСЕНЬ"},{"$i":"month-9","$v":"ЖОВТЕНЬ"},{"$i":"month-10","$v":"ЛИСТОПАД"},{"$i":"month-11","$v":"ГРУДЕНЬ"},{"$i":"search-header","$v":["Пошук ",{"t":"idOrVar","v":"provider"}]},{"$i":"new-private-window","$v":"Нове приватне вікно"},{"$i":"empty","$v":"Пусто"},{"$i":"gaia-grid-stop-download-title","$v":["Зупинити ",{"t":"idOrVar","v":"name"}]},{"$i":"gaia-grid-stop-download-body","$v":"Зупинити завантаження?"},{"$i":"gaia-grid-stop-download-action","$v":"Зупинити"},{"$i":"gaia-grid-resume-download-title","$v":"Перезап. завантаж."},{"$i":"gaia-grid-resume-download-body","$v":["Завантажити ",{"t":"idOrVar","v":"name"},"?"]},{"$i":"gaia-grid-resume-download-action","$v":"Завантажити"},{"$i":"gaia-grid-cancel","$v":"Скасувати"},{"$i":"gaia-grid-toggle-collapsed","ariaLabel":"Розгорнути групу"},{"$i":"gaia-grid-toggle-expanded","ariaLabel":"Згорнути групу"},{"$i":"gaia-grid-enter-group-name","$v":"Введіть назву групи"}]