[{"$i":"install-marketplace-title","$v":["Cài đặt ",{"t":"idOrVar","v":"title"}]},{"$i":"no-sites-description","$v":"Không có trang web"},{"$i":"history","$v":"LỊCH SỬ"},{"$i":"store","$v":"Cửa hàng"},{"$i":"gva","$v":"Trợ lý"},{"$i":"top-sites","$v":"các trang web hàng đầu"},{"$i":"top-sites-tab","$v":"các trang web hàng đầu"},{"$i":"suggestions","ariaLabel":"Gợi ý"},{"$i":"contacts","ariaLabel":"Danh bạ"},{"$i":"places","ariaLabel":"Địa điểm"},{"$i":"apps","ariaLabel":"Ứng dụng"},{"$i":"recommended-no-internet","$v":"Nội dung đề xuất sẽ hiển thị ở đây."},{"$i":"recommended-no-data","$v":"Không có nội dung."},{"$i":"suggestions-settings-notice","innerHTML":{"$o":"Bật các gợi ý tìm kiếm. Các ký tự bạn gõ khi nhập vào ô tìm kiếm đang được gửi đến công cụ tìm kiếm. Bạn có thể tắt các gợi ý tìm kiếm trong thiết bị <span id=\"settings-link\">Cài đặt</span>."}},{"$i":"ok","$v":"OK"},{"$i":"search","$v":"Tìm kiếm trên Internet"},{"$i":"go","$v":"Đến"},{"$i":"options","$v":"Tùy chọn"},{"$i":"pin","$v":"Ghim"},{"$i":"unpin","$v":"Bỏ ghim"},{"$i":"remove","$v":"Xóa"},{"$i":"cancel","$v":"Hủy"},{"$i":"clear-all","$v":"Xóa toàn bộ"},{"$i":"clear","$v":"Xóa"},{"$i":"select","$v":"Chọn"},{"$i":"return","$v":"Quay lại"},{"$i":"select-spot","$v":"Chọn một điểm"},{"$i":"pin-to-top-sites","$v":"Ghim vào Trang web Hàng đầu"},{"$i":"recent-searches","$v":"Tìm kiếm Gần đây"},{"$i":"connect-error","$v":"Không thể tải nội dung."},{"$i":"no-recent","$v":"Nhập bất kỳ từ khóa nào để tìm kiếm trên internet hoặc nhập địa chỉ web để mở trang web."},{"$i":"add-to-home-screen","label":"Thêm vào Màn hình Chính"},{"$i":"offline-message","$v":"Không có kết nối Internet"},{"$i":"pinSiteCompletely","$v":"Trang web này đã được ghim vào Trang web Hàng đầu."},{"$i":"pinnedSitesOverLimit","$v":"Bạn đã đạt đến số lượng tối đa trang web được ghim."},{"$i":"pinSiteLocked","$v":"Điểm này không thể thay đổi."},{"$i":"confirm-to-unpin-website","$v":["Bỏ ghim trang web ",{"t":"idOrVar","v":"title"},"?"]},{"$i":"confirm-to-clear-recent-searches","$v":"Xóa tất cả các tìm kiếm gần đây?"},{"$i":"confirm-to-clear-all-browsing-history","$v":"Xóa tất cả lịch sử duyệt web?"},{"$i":"confirmation","$v":"Xác nhận"},{"$i":"future","$v":"TƯƠNG LAI"},{"$i":"today","$v":"HÔM NAY"},{"$i":"yesterday","$v":"HÔM QUA"},{"$i":"last-7-days","$v":"7 NGÀY QUA"},{"$i":"this-month","$v":"THÁNG NÀY"},{"$i":"last-6-months","$v":"6 THÁNG QUA"},{"$i":"older-than-6-months","$v":"6 THÁNG TRỞ VỀ TRƯỚC"},{"$i":"month-0","$v":"THÁNG 1"},{"$i":"month-1","$v":"THÁNG 2"},{"$i":"month-2","$v":"THÁNG 3"},{"$i":"month-3","$v":"THÁNG 4"},{"$i":"month-4","$v":"THÁNG 5"},{"$i":"month-5","$v":"THÁNG 6"},{"$i":"month-6","$v":"THÁNG 7"},{"$i":"month-7","$v":"THÁNG 8"},{"$i":"month-8","$v":"THÁNG 9"},{"$i":"month-9","$v":"THÁNG 10"},{"$i":"month-10","$v":"THÁNG 11"},{"$i":"month-11","$v":"THÁNG 12"},{"$i":"search-header","$v":["TÌM KIẾM ",{"t":"idOrVar","v":"provider"}]},{"$i":"new-private-window","$v":"Cửa sổ riêng tư mới"},{"$i":"empty","$v":"Trống"},{"$i":"gaia-grid-stop-download-title","$v":["Dừng ",{"t":"idOrVar","v":"name"}]},{"$i":"gaia-grid-stop-download-body","$v":"Bạn có muốn hủy tiến trình tải xuống không?"},{"$i":"gaia-grid-stop-download-action","$v":"Dừng"},{"$i":"gaia-grid-resume-download-title","$v":"Khởi động lại tiến trình Tải xuống"},{"$i":"gaia-grid-resume-download-body","$v":["Bạn có muốn tải xuống ",{"t":"idOrVar","v":"name"}," không?"]},{"$i":"gaia-grid-resume-download-action","$v":"Tải xuống"},{"$i":"gaia-grid-cancel","$v":"Hủy"},{"$i":"gaia-grid-toggle-collapsed","ariaLabel":"Mở rộng nhóm"},{"$i":"gaia-grid-toggle-expanded","ariaLabel":"Thu nhỏ nhóm"},{"$i":"gaia-grid-enter-group-name","$v":"Nhập tên nhóm"}]