[{"$i":"install-marketplace-title","$v":["Fakela ",{"t":"idOrVar","v":"title"}]},{"$i":"no-sites-description","$v":"Akukho ziwebhusayithi."},{"$i":"history","$v":"IMBALI"},{"$i":"store","$v":"Store"},{"$i":"gva","$v":"Umncedi"},{"$i":"top-sites","$v":"Isayithi eziphezulu"},{"$i":"top-sites-tab","$v":"Isayithi Eziphezulu"},{"$i":"suggestions","ariaLabel":"Amacebiso"},{"$i":"contacts","ariaLabel":"Abaqhagamshelwa"},{"$i":"places","ariaLabel":"IIndawo"},{"$i":"apps","ariaLabel":"Ii-aphu"},{"$i":"recommended-no-internet","$v":"Izinto ezicetyiswayo ziza kuboniswa apha."},{"$i":"recommended-no-data","$v":"Akukho khontenti."},{"$i":"suggestions-settings-notice","innerHTML":{"$o":"Amacebiso okhangelo avulelwe. Iikharektha ozitayiphayo xa ufaka ukhangelo zithunyelwa kwinjini yokhangelo. Ungawavalela amacebiso okhangelo Kwiisetingi <span id=\"settings-link\">zesixhobo</span>."}},{"$i":"ok","$v":"Kulungile"},{"$i":"search","$v":"Khangela kwi-Intanethi"},{"$i":"go","$v":"Yiya"},{"$i":"options","$v":"Ukhetho"},{"$i":"pin","$v":"i-Pin"},{"$i":"unpin","$v":"Sikhulule"},{"$i":"remove","$v":"Shenxisa"},{"$i":"cancel","$v":"Rhoxisa"},{"$i":"clear-all","$v":"Cima Zonke"},{"$i":"clear","$v":"Cima"},{"$i":"select","$v":"Khetha"},{"$i":"return","$v":"Buyela ku"},{"$i":"select-spot","$v":"Khetha indawo"},{"$i":"pin-to-top-sites","$v":"IPin eya Kwiisayithi Eziphezulu"},{"$i":"recent-searches","$v":"Ukukhangela Kwakutshanje"},{"$i":"connect-error","$v":"Ayikwazi ukufaka ikhontenti."},{"$i":"no-recent","$v":"Bhala naliphi igama eliyintloko ukuze ukhangele kwi-intanethi okanye bhala idilesi yewubhusayithi ukuze uyivule."},{"$i":"add-to-home-screen","label":"Yongeza Kwisikrini Sasekhaya"},{"$i":"offline-message","$v":"Alukho uqhagamshelo lweintanethi"},{"$i":"pinSiteCompletely","$v":"Le webhusayithi incanyathiselwe kwiiWebhusayithi Eziphambili."},{"$i":"pinnedSitesOverLimit","$v":"Ufikelele elona nani liphezulu leewebsayithi ezipiniweyo."},{"$i":"pinSiteLocked","$v":"Le ndawo ayinakutshintshwa."},{"$i":"confirm-to-unpin-website","$v":["Ikhulule uqhoboshelo lwe-webhsaythi ",{"t":"idOrVar","v":"title"},"?"]},{"$i":"confirm-to-clear-recent-searches","$v":"Cima konke ukukhangela kwakutshanje?"},{"$i":"confirm-to-clear-all-browsing-history","$v":"Icime yonke imbali yokubhrawuza?"},{"$i":"confirmation","$v":"IsiQinisekiso"},{"$i":"future","$v":"IKAMVA"},{"$i":"today","$v":"NAMHLANJE"},{"$i":"yesterday","$v":"IZOLO"},{"$i":"last-7-days","$v":"IINTSUKU EZI-7 EZIDLULILEYO"},{"$i":"this-month","$v":"KULE NYANGA"},{"$i":"last-6-months","$v":"KWIINYANGA EZI-6 EZIDLULILEYO"},{"$i":"older-than-6-months","$v":"EZINGAPHEZU KWEENYANGA EZI-6"},{"$i":"month-0","$v":"JANUWARI"},{"$i":"month-1","$v":"FEBRUWARI"},{"$i":"month-2","$v":"MATSHI"},{"$i":"month-3","$v":"APRILI"},{"$i":"month-4","$v":"MEYI"},{"$i":"month-5","$v":"JUNI"},{"$i":"month-6","$v":"JULAYI"},{"$i":"month-7","$v":"AGASTI"},{"$i":"month-8","$v":"SEPTEMBA"},{"$i":"month-9","$v":"OKTHOBHA"},{"$i":"month-10","$v":"NOVEMBA"},{"$i":"month-11","$v":"DISEMBA"},{"$i":"search-header","$v":[{"t":"idOrVar","v":"provider"}," KHANGELA"]},{"$i":"new-private-window","$v":"I window yabucala entsha"},{"$i":"empty","$v":"Ayinanto"},{"$i":"gaia-grid-stop-download-title","$v":["Misa ",{"t":"idOrVar","v":"name"}]},{"$i":"gaia-grid-stop-download-body","$v":"Ngaba uyafuna ukuluyekisa udawnlowudo oluqhubekayo?"},{"$i":"gaia-grid-stop-download-action","$v":"Misa"},{"$i":"gaia-grid-resume-download-title","$v":"Phinda uqale Udawnlowudo"},{"$i":"gaia-grid-resume-download-body","$v":["Ngaba uyafuna ukudawnlowuda ",{"t":"idOrVar","v":"name"},"?"]},{"$i":"gaia-grid-resume-download-action","$v":"Dawnlowuda"},{"$i":"gaia-grid-cancel","$v":"Rhoxisa"},{"$i":"gaia-grid-toggle-collapsed","ariaLabel":"Vula iqela"},{"$i":"gaia-grid-toggle-expanded","ariaLabel":"Livale iqela"},{"$i":"gaia-grid-enter-group-name","$v":"Faka igama leqela"}]