[{"$i":"install-marketplace-title","$v":["安裝",{"t":"idOrVar","v":"title"}]},{"$i":"no-sites-description","$v":"沒有網站"},{"$i":"history","$v":"過往記錄"},{"$i":"store","$v":"商店"},{"$i":"gva","$v":"助理"},{"$i":"top-sites","$v":"主要網站"},{"$i":"top-sites-tab","$v":"主要網站"},{"$i":"suggestions","ariaLabel":"建議"},{"$i":"contacts","ariaLabel":"聯絡人"},{"$i":"places","ariaLabel":"地點"},{"$i":"apps","ariaLabel":"應用程式"},{"$i":"recommended-no-internet","$v":"推薦內容將在此處顯示。"},{"$i":"recommended-no-data","$v":"沒有可用的內容。"},{"$i":"suggestions-settings-notice","innerHTML":{"$o":"已啟用搜尋建議。您在輸入搜尋時所輸入的字元將傳送至搜尋引擎。您可以在裝置的<span id=\"settings-link\">設定</span>中停用搜尋建議。"}},{"$i":"ok","$v":"確定"},{"$i":"search","$v":"搜索互聯網"},{"$i":"go","$v":"執行"},{"$i":"options","$v":"選項"},{"$i":"pin","$v":"釘選"},{"$i":"unpin","$v":"取消釘選"},{"$i":"remove","$v":"移除"},{"$i":"cancel","$v":"取消"},{"$i":"clear-all","$v":"清除所有"},{"$i":"clear","$v":"清除"},{"$i":"select","$v":"選取"},{"$i":"return","$v":"返回"},{"$i":"select-spot","$v":"選擇一個地點"},{"$i":"pin-to-top-sites","$v":"固定到頂部站點"},{"$i":"recent-searches","$v":"最近搜尋"},{"$i":"connect-error","$v":"無法加載內容。"},{"$i":"no-recent","$v":"輸入任何關鍵字以搜索互聯網，或輸入網址以打開網站。"},{"$i":"add-to-home-screen","label":"新增至主螢幕"},{"$i":"offline-message","$v":"無互聯網連接"},{"$i":"pinSiteCompletely","$v":"該網站已固定到“熱門網站”。"},{"$i":"pinnedSitesOverLimit","$v":"您已達到固定網站的最大數量。"},{"$i":"pinSiteLocked","$v":"此地點無法更改。"},{"$i":"confirm-to-unpin-website","$v":["取消釘選網站",{"t":"idOrVar","v":"title"},"？"]},{"$i":"confirm-to-clear-recent-searches","$v":"清除所有最近的搜索？"},{"$i":"confirm-to-clear-all-browsing-history","$v":"清除所有瀏覽記錄？"},{"$i":"confirmation","$v":"確認"},{"$i":"future","$v":"未來"},{"$i":"today","$v":"今日"},{"$i":"yesterday","$v":"昨日"},{"$i":"last-7-days","$v":"過去7天"},{"$i":"this-month","$v":"本月"},{"$i":"last-6-months","$v":"過去6個月"},{"$i":"older-than-6-months","$v":"超過6個月"},{"$i":"month-0","$v":"一月"},{"$i":"month-1","$v":"二月"},{"$i":"month-2","$v":"三月"},{"$i":"month-3","$v":"四月"},{"$i":"month-4","$v":"五月"},{"$i":"month-5","$v":"六月"},{"$i":"month-6","$v":"七月"},{"$i":"month-7","$v":"八月"},{"$i":"month-8","$v":"九月"},{"$i":"month-9","$v":"十月"},{"$i":"month-10","$v":"十一月"},{"$i":"month-11","$v":"十二月"},{"$i":"search-header","$v":[{"t":"idOrVar","v":"provider"},"搜尋"]},{"$i":"new-private-window","$v":"新私人視窗"},{"$i":"empty","$v":"空白"},{"$i":"gaia-grid-stop-download-title","$v":["停止",{"t":"idOrVar","v":"name"}]},{"$i":"gaia-grid-stop-download-body","$v":"是否要停止正在進行的下載？"},{"$i":"gaia-grid-stop-download-action","$v":"停止"},{"$i":"gaia-grid-resume-download-title","$v":"重新啟動下載"},{"$i":"gaia-grid-resume-download-body","$v":["是否要下載",{"t":"idOrVar","v":"name"},"？"]},{"$i":"gaia-grid-resume-download-action","$v":"下載"},{"$i":"gaia-grid-cancel","$v":"取消"},{"$i":"gaia-grid-toggle-collapsed","ariaLabel":"展開群組"},{"$i":"gaia-grid-toggle-expanded","ariaLabel":"收起群組"},{"$i":"gaia-grid-enter-group-name","$v":"輸入群組名稱"}]