[{"$i":"install-marketplace-title","$v":["Faka ",{"t":"idOrVar","v":"title"}]},{"$i":"no-sites-description","$v":"Awekho amawebhusayithi"},{"$i":"history","$v":"UMLANDO"},{"$i":"store","$v":"Isitolo"},{"$i":"gva","$v":"Umzizi"},{"$i":"top-sites","$v":"Amasayithi aphezulu"},{"$i":"top-sites-tab","$v":"Amasayithi aphezulu"},{"$i":"suggestions","ariaLabel":"Ukusikisela"},{"$i":"contacts","ariaLabel":"Engixhumana nabo"},{"$i":"places","ariaLabel":"Izindawo"},{"$i":"apps","ariaLabel":"Ama-Aplikheshini"},{"$i":"recommended-no-internet","$v":"Ukwazisa okusikiselwe kuzoboniswa lapha."},{"$i":"recommended-no-data","$v":"akukho ukwazisa."},{"$i":"suggestions-settings-notice","innerHTML":{"$o":"Ukusikisela kokufuna kuvuliwe. Izinhlamvu ozibhalayo lapho ufuna zithunyelwa enjinini yokufuna. Ungakuvala ukusikisela kokufuna kule divayisi <span id=\"settings-link\">Amasethingi</span>."}},{"$i":"ok","$v":"KULUNGILE"},{"$i":"search","$v":"Cinga i-internet"},{"$i":"go","$v":"Hamba"},{"$i":"options","$v":"Okhetha kukho"},{"$i":"pin","$v":"I-Pin"},{"$i":"unpin","$v":"susa"},{"$i":"remove","$v":"Susa"},{"$i":"cancel","$v":"Khansela"},{"$i":"clear-all","$v":"Sula konke"},{"$i":"clear","$v":"Sula"},{"$i":"select","$v":"Khetha"},{"$i":"return","$v":"Buyela"},{"$i":"select-spot","$v":"Khetha I ndawo"},{"$i":"pin-to-top-sites","$v":"Iya Kumasayithi Aphezulu"},{"$i":"recent-searches","$v":"Ukufuna kwakamuva"},{"$i":"connect-error","$v":"yahluleka ukufaka okuqukethwe."},{"$i":"no-recent","$v":"Faka noma iliphi igama eliyinhloko ukufuna ku-internet noma bhala ku adilesi yewebhusayithi ukuvula i-webhusayithi."},{"$i":"add-to-home-screen","label":"Faka Kwisikrini SaseKhaya"},{"$i":"offline-message","$v":"Ayikho i-inthanethi"},{"$i":"pinSiteCompletely","$v":"Le webhusayithi inamathiselwe kuma webhusayithi aphezulu."},{"$i":"pinnedSitesOverLimit","$v":"Usufinyelele ekugcineni kwenani lamawebhusayithi ongawafaka."},{"$i":"pinSiteLocked","$v":"Lendawo ayinakushintshwa."},{"$i":"confirm-to-unpin-website","$v":["Susa le webhusayithi ",{"t":"idOrVar","v":"title"},"?"]},{"$i":"confirm-to-clear-recent-searches","$v":"Susa konke ukufuna kwaka muva"},{"$i":"confirm-to-clear-all-browsing-history","$v":"Sula wonke umlando we-inthanethi?"},{"$i":"confirmation","$v":"Ukuqinisekisa"},{"$i":"future","$v":"IKUSASA"},{"$i":"today","$v":"NAMUHLA"},{"$i":"yesterday","$v":"IZOLO"},{"$i":"last-7-days","$v":"IZINSUKU EZINGU-7 EZIDLULE"},{"$i":"this-month","$v":"KULE NYANGA"},{"$i":"last-6-months","$v":"EZINYANGENI EZINGU-6 EZIDLULE"},{"$i":"older-than-6-months","$v":"SEKUDLULE IZINYANGA EZINGU-6"},{"$i":"month-0","$v":"JANUWARI"},{"$i":"month-1","$v":"FEBHUWARI"},{"$i":"month-2","$v":"MASHI"},{"$i":"month-3","$v":"EPHRELI"},{"$i":"month-4","$v":"MEYI"},{"$i":"month-5","$v":"JUNI"},{"$i":"month-6","$v":"JULAYI"},{"$i":"month-7","$v":"AGASTI"},{"$i":"month-8","$v":"SEPTHEMBA"},{"$i":"month-9","$v":"OKTHOBA"},{"$i":"month-10","$v":"NOVEMBA"},{"$i":"month-11","$v":"DISEMBA"},{"$i":"search-header","$v":[{"t":"idOrVar","v":"provider"}," FUNA"]},{"$i":"new-private-window","$v":"Ifasitela elisha eliyimfihlo"},{"$i":"empty","$v":"Akunalutho"},{"$i":"gaia-grid-stop-download-title","$v":["Yima ",{"t":"idOrVar","v":"name"}]},{"$i":"gaia-grid-stop-download-body","$v":"Ingabe ufuna ukumisa ukudawuniloda kusaqhubeka?"},{"$i":"gaia-grid-stop-download-action","$v":"Yima"},{"$i":"gaia-grid-resume-download-title","$v":"Qala Kabusha Ukudawuniloda"},{"$i":"gaia-grid-resume-download-body","$v":["Ingabe ufuna ukudawuniloda ",{"t":"idOrVar","v":"name"},"?"]},{"$i":"gaia-grid-resume-download-action","$v":"Dawuniloda"},{"$i":"gaia-grid-cancel","$v":"Khansela"},{"$i":"gaia-grid-toggle-collapsed","ariaLabel":"Khulisa iqembu"},{"$i":"gaia-grid-toggle-expanded","ariaLabel":"Vala iqembu"},{"$i":"gaia-grid-enter-group-name","$v":"Faka igama leqembu"}]