[{"$i":"notes","$v":"দ্রষ্টব্য"},{"$i":"new","$v":"নতুন"},{"$i":"enter","$v":"লিখুন"},{"$i":"edit","$v":"সম্পাদনা করুন"},{"$i":"select","$v":"নির্বাচন করুন"},{"$i":"delete","$v":"মুছুন"},{"$i":"share","$v":"ভাগ করুন"},{"$i":"search","$v":"অনুসন্ধান করুন"},{"$i":"sort-by","$v":"এই অনুসারে বাছাই করুন"},{"$i":"done","$v":"সম্পূর্ণ হয়েছে"},{"$i":"note-deleted","$v":"নোট মোছা হয়েছে।"},{"$i":"delete-confirm","$v":"নিশ্চিতকরণ"},{"$i":"save-note","$v":"নোটে সংরক্ষিত"},{"$i":"delete-notes","$v":{"one":"নোট মোছা হয়েছে।","zero":"নোট মোছা হয়েছে।","few":[{"t":"idOrVar","v":"n"}," টি টোকা মোছা হয়েছে।"],"many":[{"t":"idOrVar","v":"n"}," টি টোকা মোছা হয়েছে।"],"other":[{"t":"idOrVar","v":"n"}," টি টোকা মোছা হয়েছে।"],"two":[{"t":"idOrVar","v":"n"}," টি টোকা মোছা হয়েছে।"]},"$x":[{"t":"idOrVar","v":"plural"},"n"]},{"$i":"share-by-mail","$v":"ইমেল"},{"$i":"share-by-sms","$v":"বার্তা"},{"$i":"share-by-bluetooth","$v":"Bluetooth"},{"$i":"sort-by-date-edited","$v":"তারিখ সম্পাদনা করা হয়েছে"},{"$i":"sort-by-date-created","$v":"তৈরির তারিখ"},{"$i":"sort-by-title","$v":"শিরোনাম"},{"$i":"cancel","$v":"বাতিল করুন"},{"$i":"options","$v":"বিকল্প"},{"$i":"save","$v":"সংরক্ষণ করুন"},{"$i":"discard","$v":"বর্জন করুন"},{"$i":"multi-select","$v":"বিবিধ বেছে নিন"},{"$i":"multi-del","$v":{"few":[{"t":"idOrVar","v":"n"},"টি নোট মুছবেন?"],"many":[{"t":"idOrVar","v":"n"},"টি নোট মুছবেন?"],"one":"নোটটি মুছবেন?","other":[{"t":"idOrVar","v":"n"},"টি নোট মুছবেন?"],"two":[{"t":"idOrVar","v":"n"},"টি নোট মুছবেন?"],"zero":"নোটটি মুছবেন?"},"$x":[{"t":"idOrVar","v":"plural"},"n"]},{"$i":"select-all","$v":"সব"},{"$i":"deselect-all","$v":"কিছুই না"},{"$i":"deselect","$v":"অনির্বাচন করুন"},{"$i":"number-selected","$v":{"few":[{"t":"idOrVar","v":"number"}," নির্বাচিত হয়েছে"],"many":[{"t":"idOrVar","v":"number"}," নির্বাচিত হয়েছে"],"one":[{"t":"idOrVar","v":"number"}," নির্বাচিত হয়েছে"],"other":[{"t":"idOrVar","v":"number"}," নির্বাচিত হয়েছে"],"two":[{"t":"idOrVar","v":"number"}," নির্বাচিত হয়েছে"],"zero":[{"t":"idOrVar","v":"number"}," নির্বাচিত হয়েছে"]},"$x":[{"t":"idOrVar","v":"plural"},"number"]},{"$i":"max-amount-title","$v":"সর্বোচ্চ সীমায় পৌঁছে গেছে"},{"$i":"max-amount-content","$v":"নতুন নোট তৈরি করা যাবে না। আপনার নোটের সীমা পৌঁছে গেছে। অনুগ্রহ করে আগের নোট মুছে দিন।"},{"$i":"max-length-exceed","$v":"নোটের সর্বোচ্চ সীমা অতিক্রম করে গেছে।"},{"$i":"no-notes","$v":"নোট খালি, নতুন নোট যোগ করতে নতুন টিপুন"},{"$i":"search-message","$v":"অনুগ্রহ করে কীওয়ার্ডগুলি লিখুন।"},{"$i":"full-storage-title","$v":"সঞ্চয়স্থান পূর্ণ"},{"$i":"full-storage-content","$v":"স্থান খালি করতে আপনি কিছু মিডিয়া ফাইল মুছতে পারেন অথবা অ্যাপ ডেটা পরিচালনা করতে পারেন।"},{"$i":"go-to-settings","$v":"সেটিংসে যান"},{"$i":"deleteNote","$v":"নোটটি মুছবেন?"},{"$i":"sortby-editTime","$v":"সম্পাদনা করা তারিখ অনুসারে বাছাই করা হয়েছে।"},{"$i":"sortby-createTime","$v":"তৈরি করা তারিখ অনুসারে বাছাই করা হয়েছে।"},{"$i":"sortby-title","$v":"শিরোনাম অনুসারে বাছাই করুন।"},{"$i":"confirmation-title","$v":"নিশ্চিতকরণ"},{"$i":"cancel-confirmation-content","$v":"শেষ সম্পাদনাটি বাতিল করা হবে। আপনি কি এই নোটটি সংরক্ষণ করতে চান?"},{"$i":"today","$v":"আজ"},{"$i":"yesterday","$v":"গতকাল"},{"$i":"ok","$v":"ঠিক আছে"},{"$i":"file-large-title","$v":"ফাইলটি খুব বড়"},{"$i":"file-large-content","$v":"আপনার নোট ফাইলটি সেভ করার ক্ষেত্রে খুব বড়, কিছু বিষয়বস্তু মুছে দিয়ে আবার চেষ্টা করুন।"},{"$i":"weekday-0-long","$v":"রবিবার"},{"$i":"weekday-1-long","$v":"সোমবার"},{"$i":"weekday-2-long","$v":"মঙ্গলবার"},{"$i":"weekday-3-long","$v":"বুধবার"},{"$i":"weekday-4-long","$v":"বৃহস্পতিবার"},{"$i":"weekday-5-long","$v":"শুক্রবার"},{"$i":"weekday-6-long","$v":"শনিবার"},{"$i":"weekday-0-short","$v":"রবি"},{"$i":"weekday-1-short","$v":"সোম"},{"$i":"weekday-2-short","$v":"মঙ্গল"},{"$i":"weekday-3-short","$v":"বুধ"},{"$i":"weekday-4-short","$v":"বৃহ"},{"$i":"weekday-5-short","$v":"শুক্র"},{"$i":"weekday-6-short","$v":"শনি"},{"$i":"month-0-long","$v":"জানুয়ারী"},{"$i":"month-1-long","$v":"ফেব্রুয়ারী"},{"$i":"month-2-long","$v":"মার্চ"},{"$i":"month-3-long","$v":"এপ্রিল"},{"$i":"month-4-long","$v":"মে"},{"$i":"month-5-long","$v":"জুন"},{"$i":"month-6-long","$v":"জুলাই"},{"$i":"month-7-long","$v":"আগস্ট"},{"$i":"month-8-long","$v":"সেপ্টেম্বর"},{"$i":"month-9-long","$v":"অক্টোবর"},{"$i":"month-10-long","$v":"নভেম্বর"},{"$i":"month-11-long","$v":"ডিসেম্বর"},{"$i":"month-0-genitive","$v":"জানুয়ারী"},{"$i":"month-1-genitive","$v":"ফেব্রুয়ারী"},{"$i":"month-2-genitive","$v":"মার্চ"},{"$i":"month-3-genitive","$v":"এপ্রিল"},{"$i":"month-4-genitive","$v":"মে"},{"$i":"month-5-genitive","$v":"জুন"},{"$i":"month-6-genitive","$v":"জুলাই"},{"$i":"month-7-genitive","$v":"আগস্ট"},{"$i":"month-8-genitive","$v":"সেপ্টেম্বর"},{"$i":"month-9-genitive","$v":"অক্টোবর"},{"$i":"month-10-genitive","$v":"নভেম্বর"},{"$i":"month-11-genitive","$v":"ডিসেম্বর"},{"$i":"month-0-short","$v":"জানু"},{"$i":"month-1-short","$v":"ফেব্রু"},{"$i":"month-2-short","$v":"মার্চ"},{"$i":"month-3-short","$v":"এপ্রি"},{"$i":"month-4-short","$v":"মে"},{"$i":"month-5-short","$v":"জুন"},{"$i":"month-6-short","$v":"জুলা"},{"$i":"month-7-short","$v":"আগ"},{"$i":"month-8-short","$v":"সেপ্টে"},{"$i":"month-9-short","$v":"অক্টো"},{"$i":"month-10-short","$v":"নভে"},{"$i":"month-11-short","$v":"ডিসে"},{"$i":"minutes-ago-long","$v":{"few":[{"t":"idOrVar","v":"value"}," মিনিট আগে"],"many":[{"t":"idOrVar","v":"value"}," মিনিট আগে"],"other":[{"t":"idOrVar","v":"value"}," মিনিট আগে"],"two":[{"t":"idOrVar","v":"value"}," মিনিট আগে"],"one":"এক মিনিট আগে","zero":"এখনই"},"$x":[{"t":"idOrVar","v":"plural"},"value"]},{"$i":"hours-ago-long","$v":{"few":[{"t":"idOrVar","v":"value"}," ঘন্টা আগে"],"many":[{"t":"idOrVar","v":"value"}," ঘন্টা আগে"],"other":[{"t":"idOrVar","v":"value"}," ঘন্টা আগে"],"two":[{"t":"idOrVar","v":"value"}," ঘন্টা আগে"],"one":"1 ঘন্টা আগে","zero":"এখনই"},"$x":[{"t":"idOrVar","v":"plural"},"value"]},{"$i":"days-ago-long","$v":{"few":[{"t":"idOrVar","v":"value"}," দিন আগে"],"many":[{"t":"idOrVar","v":"value"}," দিন আগে"],"one":"গতকাল","other":[{"t":"idOrVar","v":"value"}," দিন আগে"],"two":[{"t":"idOrVar","v":"value"}," দিন আগে"],"zero":"আজ"},"$x":[{"t":"idOrVar","v":"plural"},"value"]},{"$i":"weeks-ago-long","$v":{"few":[{"t":"idOrVar","v":"value"}," সপ্তাহ আগে"],"many":[{"t":"idOrVar","v":"value"}," সপ্তাহ আগে"],"one":"গত সপ্তাহ","other":[{"t":"idOrVar","v":"value"}," সপ্তাহ আগে"],"two":[{"t":"idOrVar","v":"value"}," সপ্তাহ আগে"],"zero":"এই সপ্তাহ"},"$x":[{"t":"idOrVar","v":"plural"},"value"]},{"$i":"months-ago-long","$v":{"few":[{"t":"idOrVar","v":"value"}," মাস আগে"],"many":[{"t":"idOrVar","v":"value"}," মাস আগে"],"one":"গত মাস","other":[{"t":"idOrVar","v":"value"}," মাস আগে"],"two":[{"t":"idOrVar","v":"value"}," মাস আগে"],"zero":"এই মাস"},"$x":[{"t":"idOrVar","v":"plural"},"value"]},{"$i":"years-ago-long","$v":{"few":[{"t":"idOrVar","v":"value"}," বছর আগে"],"many":[{"t":"idOrVar","v":"value"}," বছর আগে"],"one":"গত বছর","other":[{"t":"idOrVar","v":"value"}," বছর আগে"],"two":[{"t":"idOrVar","v":"value"}," বছর আগে"],"zero":"এই বছর"},"$x":[{"t":"idOrVar","v":"plural"},"value"]},{"$i":"minutes-until-long","$v":{"few":["মিনিটে ",{"t":"idOrVar","v":"value"}],"many":["মিনিটে ",{"t":"idOrVar","v":"value"}],"other":["মিনিটে ",{"t":"idOrVar","v":"value"}],"two":["মিনিটে ",{"t":"idOrVar","v":"value"}],"zero":"এখনই","one":"1 মিনিটে"},"$x":[{"t":"idOrVar","v":"plural"},"value"]},{"$i":"hours-until-long","$v":{"few":["ঘন্টায় ",{"t":"idOrVar","v":"value"}],"many":["ঘন্টায় ",{"t":"idOrVar","v":"value"}],"other":["ঘন্টায় ",{"t":"idOrVar","v":"value"}],"two":["ঘন্টায় ",{"t":"idOrVar","v":"value"}],"zero":"এখনই","one":"1 ঘন্টা"},"$x":[{"t":"idOrVar","v":"plural"},"value"]},{"$i":"days-until-long","$v":{"few":["দিনে ",{"t":"idOrVar","v":"value"}],"many":["দিনে ",{"t":"idOrVar","v":"value"}],"one":"আগামীকাল","other":["দিনে ",{"t":"idOrVar","v":"value"}],"two":["দিনে ",{"t":"idOrVar","v":"value"}],"zero":"আজ"},"$x":[{"t":"idOrVar","v":"plural"},"value"]},{"$i":"weeks-until-long","$v":{"few":["সপ্তাহে ",{"t":"idOrVar","v":"value"}],"many":["সপ্তাহে ",{"t":"idOrVar","v":"value"}],"one":"পরের সপ্তাহ","other":["সপ্তাহে ",{"t":"idOrVar","v":"value"}],"two":["সপ্তাহে ",{"t":"idOrVar","v":"value"}],"zero":"এই সপ্তাহ"},"$x":[{"t":"idOrVar","v":"plural"},"value"]},{"$i":"months-until-long","$v":{"few":["মাসে ",{"t":"idOrVar","v":"value"}],"many":["মাসে ",{"t":"idOrVar","v":"value"}],"one":"পরের মাস","other":["মাসে ",{"t":"idOrVar","v":"value"}],"two":["মাসে ",{"t":"idOrVar","v":"value"}],"zero":"এই মাস"},"$x":[{"t":"idOrVar","v":"plural"},"value"]},{"$i":"years-until-long","$v":{"few":["বছরে ",{"t":"idOrVar","v":"value"}],"many":["বছরে ",{"t":"idOrVar","v":"value"}],"one":"পরের বছর","other":["বছরে ",{"t":"idOrVar","v":"value"}],"two":["বছরে ",{"t":"idOrVar","v":"value"}],"zero":"এই বছর"},"$x":[{"t":"idOrVar","v":"plural"},"value"]},{"$i":"minutes-ago-short","$v":{"other":[{"t":"idOrVar","v":"value"},"মিঃ আগে"],"zero":"এখনই"},"$x":[{"t":"idOrVar","v":"plural"},"value"]},{"$i":"hours-ago-short","$v":{"other":[{"t":"idOrVar","v":"value"},"ঘঃ আগে"],"zero":"এখনই"},"$x":[{"t":"idOrVar","v":"plural"},"value"]},{"$i":"days-ago-short","$v":{"other":[{"t":"idOrVar","v":"value"},"দিন আগে"],"zero":"আজ"},"$x":[{"t":"idOrVar","v":"plural"},"value"]},{"$i":"minutes-until-short","$v":{"other":["m ",{"t":"idOrVar","v":"value"}],"zero":"এখনই"},"$x":[{"t":"idOrVar","v":"plural"},"value"]},{"$i":"hours-until-short","$v":{"other":["h ",{"t":"idOrVar","v":"value"}],"zero":"এখনই"},"$x":[{"t":"idOrVar","v":"plural"},"value"]},{"$i":"days-until-short","$v":{"other":["d ",{"t":"idOrVar","v":"value"}],"zero":"আজ"},"$x":[{"t":"idOrVar","v":"plural"},"value"]},{"$i":"incorrectDate","$v":"(ভুল তারিখ)"},{"$i":"dateTimeFormat_%c","$v":"%a %b %e %Y %I:%M:%S %p"},{"$i":"dateTimeFormat_%x","$v":"%m/%d/%Y"},{"$i":"dateTimeFormat_%X","$v":"%I:%M:%S %p"},{"$i":"shortTimeFormat","$v":"%I:%M %p"},{"$i":"shortTimeFormat12","$v":"%I:%M %p"},{"$i":"shortTimeFormat24","$v":"%H:%M"},{"$i":"shortDateTimeFormat","$v":"%x %I:%M %p"},{"$i":"weekStartsOnMonday","$v":"0.0"},{"$i":"firstDayOfTheWeek","$v":"0.0"},{"$i":"time_am","$v":"AM"},{"$i":"time_pm","$v":"PM"}]