[{"$i":"notes","$v":"নোট"},{"$i":"new","$v":"নতুন"},{"$i":"enter","$v":"লিখুন"},{"$i":"edit","$v":"সম্পাদনা করুন"},{"$i":"select","$v":"নির্বাচন করুন"},{"$i":"delete","$v":"মুছুন"},{"$i":"share","$v":"শেয়ার করুন"},{"$i":"search","$v":"অনুসন্ধান করুন"},{"$i":"sort-by","$v":"দ্বারা ক্রমানুসারে সাজান"},{"$i":"done","$v":"সম্পন্ন"},{"$i":"note-deleted","$v":"নোট মোছা হয়েছে I"},{"$i":"delete-confirm","$v":"নিশ্চিতকরণ"},{"$i":"save-note","$v":"নোটে সেভ করুন।"},{"$i":"delete-notes","$v":{"one":"নোট মোছা হয়েছে I","zero":"নোট মোছা হয়েছে I","few":[{"t":"idOrVar","v":"n"}," টি নোট মোছা হয়েছে।"],"many":[{"t":"idOrVar","v":"n"}," টি নোট মোছা হয়েছে।"],"other":[{"t":"idOrVar","v":"n"}," টি নোট মোছা হয়েছে।"],"two":[{"t":"idOrVar","v":"n"}," টি নোট মোছা হয়েছে।"]},"$x":[{"t":"idOrVar","v":"plural"},"n"]},{"$i":"share-by-mail","$v":"ইমেল"},{"$i":"share-by-sms","$v":"বার্তাগুলি"},{"$i":"share-by-bluetooth","$v":"ব্লুটুথ"},{"$i":"sort-by-date-edited","$v":"সম্পাদন করা তারিখ"},{"$i":"sort-by-date-created","$v":"তৈরী করা তারিখ"},{"$i":"sort-by-title","$v":"শিরোনাম"},{"$i":"cancel","$v":"বাতিল করুন"},{"$i":"options","$v":"বিকল্পগুলি"},{"$i":"save","$v":"সেভ করুন"},{"$i":"discard","$v":"খারিজ করুন"},{"$i":"multi-select","$v":"একাধিক নির্বাচন করুন"},{"$i":"multi-del","$v":{"few":[{"t":"idOrVar","v":"n"}," নোট মুছতে চান?"],"many":[{"t":"idOrVar","v":"n"}," নোট মুছতে চান?"],"one":"নোট টা কি মুছে ফেলবেন ?","other":[{"t":"idOrVar","v":"n"}," নোট মুছতে চান?"],"two":[{"t":"idOrVar","v":"n"}," নোট মুছতে চান?"],"zero":"নোট টা কি মুছে ফেলবেন ?"},"$x":[{"t":"idOrVar","v":"plural"},"n"]},{"$i":"select-all","$v":"সমস্ত"},{"$i":"deselect-all","$v":"কোনো কিছুই নয়"},{"$i":"deselect","$v":"অনির্বাচন করুন"},{"$i":"number-selected","$v":{"few":[{"t":"idOrVar","v":"number"}," নির্বাচিত"],"many":[{"t":"idOrVar","v":"number"}," নির্বাচিত"],"one":[{"t":"idOrVar","v":"number"}," নির্বাচিত"],"other":[{"t":"idOrVar","v":"number"}," নির্বাচিত"],"two":[{"t":"idOrVar","v":"number"}," নির্বাচিত"],"zero":[{"t":"idOrVar","v":"number"}," নির্বাচিত"]},"$x":[{"t":"idOrVar","v":"plural"},"number"]},{"$i":"max-amount-title","$v":"সর্বোচ্চ সীমায় পৌঁছেছে"},{"$i":"max-amount-content","$v":"নতুন নোট তৈরি করতে পারবেন না। আপনি নোটগুলির সর্বোচ্চ সীমায় পৌঁছেছেন। অনুগ্রহ করে আগের নোট মুছে ফেলুন।"},{"$i":"max-length-exceed","$v":"নোট সর্বোচ্চ দৈর্ঘ্য অতিক্রম করেছে।"},{"$i":"no-notes","$v":"নোট খালি, অনুগ্রহ করে একটি নতুন নোট যুক্ত করার জন্য নতুন টিপুন।"},{"$i":"search-message","$v":"অনুগ্রহ করে কীওয়ার্ড লিখুন"},{"$i":"full-storage-title","$v":"স্টোরেজ পূর্ণ"},{"$i":"full-storage-content","$v":"অধিক খালি স্থান পেতে আপনি কিছু মিডিয়া ফাইল মুছে ফেলতে পারেন অথবা অ্যাপ্লিকেশন ডেটা পরিচালনা করতে পারেন।"},{"$i":"go-to-settings","$v":"সেটিংসে যান"},{"$i":"deleteNote","$v":"নোট টা কি মুছে ফেলবেন ?"},{"$i":"sortby-editTime","$v":"সম্পাদিত করা তারিখ দ্বারা সাজানো।"},{"$i":"sortby-createTime","$v":"তৈরি করা তারিখ দ্বারা সাজানো।"},{"$i":"sortby-title","$v":"শিরোনাম দ্বারা সাজানো"},{"$i":"confirmation-title","$v":"নিশ্চিতকরণ"},{"$i":"cancel-confirmation-content","$v":"শেষ সম্পাদনা বাতিল করা হবে। আপনি কি এই নোট সেভ করতে চান?"},{"$i":"today","$v":"আজ"},{"$i":"yesterday","$v":"গতকাল"},{"$i":"ok","$v":"ঠিক আছে"},{"$i":"file-large-title","$v":"ফাইল খুব বড়"},{"$i":"file-large-content","$v":"আপনার নোট ফাইলটি সেভ করার ক্ষেত্রে খুব বড়,কিছু বিষয়বস্তু মোছার চেষ্টা করুন এবং আবার চেষ্টা করুন।"},{"$i":"weekday-0-long","$v":"রবিবার"},{"$i":"weekday-1-long","$v":"সোমবার"},{"$i":"weekday-2-long","$v":"মঙ্গলবার"},{"$i":"weekday-3-long","$v":"বুধবার"},{"$i":"weekday-4-long","$v":"বৃহস্পতিবার"},{"$i":"weekday-5-long","$v":"শুক্রবার"},{"$i":"weekday-6-long","$v":"শনিবার"},{"$i":"weekday-0-short","$v":"রবি"},{"$i":"weekday-1-short","$v":"সোম"},{"$i":"weekday-2-short","$v":"মঙ্গল"},{"$i":"weekday-3-short","$v":"বুধ"},{"$i":"weekday-4-short","$v":"বৃহস্পতি"},{"$i":"weekday-5-short","$v":"শুক্র"},{"$i":"weekday-6-short","$v":"শনি"},{"$i":"month-0-long","$v":"জানুয়ারি"},{"$i":"month-1-long","$v":"ফেব্রুয়ারি"},{"$i":"month-2-long","$v":"মার্চ"},{"$i":"month-3-long","$v":"এপ্রিল"},{"$i":"month-4-long","$v":"মে"},{"$i":"month-5-long","$v":"জুন"},{"$i":"month-6-long","$v":"জুলাই"},{"$i":"month-7-long","$v":"আগস্ট"},{"$i":"month-8-long","$v":"সেপ্টেম্বর"},{"$i":"month-9-long","$v":"অক্টোবর"},{"$i":"month-10-long","$v":"নভেম্বর"},{"$i":"month-11-long","$v":"ডিসেম্বর"},{"$i":"month-0-genitive","$v":"জানুয়ারি"},{"$i":"month-1-genitive","$v":"ফেব্রুয়ারি"},{"$i":"month-2-genitive","$v":"মার্চ"},{"$i":"month-3-genitive","$v":"এপ্রিল"},{"$i":"month-4-genitive","$v":"মে"},{"$i":"month-5-genitive","$v":"জুন"},{"$i":"month-6-genitive","$v":"জুলাই"},{"$i":"month-7-genitive","$v":"আগস্ট"},{"$i":"month-8-genitive","$v":"সেপ্টেম্বর"},{"$i":"month-9-genitive","$v":"অক্টোবর"},{"$i":"month-10-genitive","$v":"নভেম্বর"},{"$i":"month-11-genitive","$v":"ডিসেম্বর"},{"$i":"month-0-short","$v":"জানুয়ারী"},{"$i":"month-1-short","$v":"ফেব্রুয়ারি"},{"$i":"month-2-short","$v":"মার্চ"},{"$i":"month-3-short","$v":"এপ্রিল"},{"$i":"month-4-short","$v":"মে"},{"$i":"month-5-short","$v":"জুন"},{"$i":"month-6-short","$v":"জুলাই"},{"$i":"month-7-short","$v":"আগস্ট"},{"$i":"month-8-short","$v":"সেপ্টেম্বর"},{"$i":"month-9-short","$v":"অক্টোবর"},{"$i":"month-10-short","$v":"নভেম্বর"},{"$i":"month-11-short","$v":"ডিসেম্বর"},{"$i":"minutes-ago-long","$v":{"few":[{"t":"idOrVar","v":"value"}," মিনিট আগে"],"many":[{"t":"idOrVar","v":"value"}," মিনিট আগে"],"other":[{"t":"idOrVar","v":"value"}," মিনিট আগে"],"two":[{"t":"idOrVar","v":"value"}," মিনিট আগে"],"one":"এক মিনিট আগে","zero":"Just now"},"$x":[{"t":"idOrVar","v":"plural"},"value"]},{"$i":"hours-ago-long","$v":{"few":[{"t":"idOrVar","v":"value"}," ঘন্টা আগে"],"many":[{"t":"idOrVar","v":"value"}," ঘন্টা আগে"],"other":[{"t":"idOrVar","v":"value"}," ঘন্টা আগে"],"two":[{"t":"idOrVar","v":"value"}," ঘন্টা আগে"],"one":"এক ঘন্টা আগে","zero":"Just now"},"$x":[{"t":"idOrVar","v":"plural"},"value"]},{"$i":"days-ago-long","$v":{"few":[{"t":"idOrVar","v":"value"}," দিন আগে"],"many":[{"t":"idOrVar","v":"value"}," দিন আগে"],"one":"গতকাল","other":[{"t":"idOrVar","v":"value"}," দিন আগে"],"two":[{"t":"idOrVar","v":"value"}," দিন আগে"],"zero":"আজ"},"$x":[{"t":"idOrVar","v":"plural"},"value"]},{"$i":"weeks-ago-long","$v":{"few":[{"t":"idOrVar","v":"value"}," সপ্তাহ আগে"],"many":[{"t":"idOrVar","v":"value"}," সপ্তাহ আগে"],"one":"গত সপ্তাহ","other":[{"t":"idOrVar","v":"value"}," সপ্তাহ আগে"],"two":[{"t":"idOrVar","v":"value"}," সপ্তাহ আগে"],"zero":"এই সপ্তাহ"},"$x":[{"t":"idOrVar","v":"plural"},"value"]},{"$i":"months-ago-long","$v":{"few":[{"t":"idOrVar","v":"value"}," মাস আগে"],"many":[{"t":"idOrVar","v":"value"}," মাস আগে"],"one":"গত মাস","other":[{"t":"idOrVar","v":"value"}," মাস আগে"],"two":[{"t":"idOrVar","v":"value"}," মাস আগে"],"zero":"এই মাস"},"$x":[{"t":"idOrVar","v":"plural"},"value"]},{"$i":"years-ago-long","$v":{"few":[{"t":"idOrVar","v":"value"}," বছর আগে"],"many":[{"t":"idOrVar","v":"value"}," বছর আগে"],"one":"গত বছর","other":[{"t":"idOrVar","v":"value"}," বছর আগে"],"two":[{"t":"idOrVar","v":"value"}," বছর আগে"],"zero":"এই বছর"},"$x":[{"t":"idOrVar","v":"plural"},"value"]},{"$i":"minutes-until-long","$v":{"few":[{"t":"idOrVar","v":"value"}," মিনিটে"],"many":[{"t":"idOrVar","v":"value"}," মিনিটে"],"other":[{"t":"idOrVar","v":"value"}," মিনিটে"],"two":[{"t":"idOrVar","v":"value"}," মিনিটে"],"zero":"এখন","one":"এক মিনিটে"},"$x":[{"t":"idOrVar","v":"plural"},"value"]},{"$i":"hours-until-long","$v":{"few":[{"t":"idOrVar","v":"value"}," ঘন্টায়"],"many":[{"t":"idOrVar","v":"value"}," ঘন্টায়"],"other":[{"t":"idOrVar","v":"value"}," ঘন্টায়"],"two":[{"t":"idOrVar","v":"value"}," ঘন্টায়"],"zero":"এখন","one":"এক ঘন্টায়"},"$x":[{"t":"idOrVar","v":"plural"},"value"]},{"$i":"days-until-long","$v":{"few":[{"t":"idOrVar","v":"value"}," দিনে"],"many":[{"t":"idOrVar","v":"value"}," দিনে"],"one":"আগামীকাল","other":[{"t":"idOrVar","v":"value"}," দিনে"],"two":[{"t":"idOrVar","v":"value"}," দিনে"],"zero":"আজ"},"$x":[{"t":"idOrVar","v":"plural"},"value"]},{"$i":"weeks-until-long","$v":{"few":[{"t":"idOrVar","v":"value"}," সপ্তাহে"],"many":[{"t":"idOrVar","v":"value"}," সপ্তাহে"],"one":"পরের সপ্তাহ","other":[{"t":"idOrVar","v":"value"}," সপ্তাহে"],"two":[{"t":"idOrVar","v":"value"}," সপ্তাহে"],"zero":"এই সপ্তাহ"},"$x":[{"t":"idOrVar","v":"plural"},"value"]},{"$i":"months-until-long","$v":{"few":[{"t":"idOrVar","v":"value"}," মাসে"],"many":[{"t":"idOrVar","v":"value"}," মাসে"],"one":"পরের মাস","other":[{"t":"idOrVar","v":"value"}," মাসে"],"two":[{"t":"idOrVar","v":"value"}," মাসে"],"zero":"এই মাস"},"$x":[{"t":"idOrVar","v":"plural"},"value"]},{"$i":"years-until-long","$v":{"few":[{"t":"idOrVar","v":"value"}," বছরে"],"many":[{"t":"idOrVar","v":"value"}," বছরে"],"one":"পরের বছর","other":[{"t":"idOrVar","v":"value"}," বছরে"],"two":[{"t":"idOrVar","v":"value"}," বছরে"],"zero":"এই বছর"},"$x":[{"t":"idOrVar","v":"plural"},"value"]},{"$i":"minutes-ago-short","$v":{"other":[{"t":"idOrVar","v":"value"},"মিনিট আগে"],"zero":"Just now"},"$x":[{"t":"idOrVar","v":"plural"},"value"]},{"$i":"hours-ago-short","$v":{"other":[{"t":"idOrVar","v":"value"},"ঘন্টা আগে"],"zero":"Just now"},"$x":[{"t":"idOrVar","v":"plural"},"value"]},{"$i":"days-ago-short","$v":{"other":[{"t":"idOrVar","v":"value"},"দিন আগে"],"zero":"আজ"},"$x":[{"t":"idOrVar","v":"plural"},"value"]},{"$i":"minutes-until-short","$v":{"other":[{"t":"idOrVar","v":"value"},"মাসে"],"zero":"এখন"},"$x":[{"t":"idOrVar","v":"plural"},"value"]},{"$i":"hours-until-short","$v":{"other":[{"t":"idOrVar","v":"value"},"ঘন্টায়"],"zero":"এখন"},"$x":[{"t":"idOrVar","v":"plural"},"value"]},{"$i":"days-until-short","$v":{"other":[{"t":"idOrVar","v":"value"},"দিনে"],"zero":"আজ"},"$x":[{"t":"idOrVar","v":"plural"},"value"]},{"$i":"incorrectDate","$v":"(ভুল তারিখ)"},{"$i":"dateTimeFormat_%c","$v":"%a %b %e %Y %I:%M:%S %p"},{"$i":"dateTimeFormat_%x","$v":"%m/%d/%Y"},{"$i":"dateTimeFormat_%X","$v":"%I:%M:%S %p"},{"$i":"shortTimeFormat","$v":"%I:%M %p"},{"$i":"shortTimeFormat12","$v":"%I:%M %p"},{"$i":"shortTimeFormat24","$v":"%H:%M"},{"$i":"shortDateTimeFormat","$v":"%x %I:%M %p"},{"$i":"weekStartsOnMonday","$v":"0.0"},{"$i":"firstDayOfTheWeek","$v":"0.0"},{"$i":"time_am","$v":"AM"},{"$i":"time_pm","$v":"PM"}]