[{"$i":"notes","$v":"Poznámka"},{"$i":"new","$v":"Nový"},{"$i":"enter","$v":"Zadat"},{"$i":"edit","$v":"Upravit"},{"$i":"select","$v":"Vybrat"},{"$i":"delete","$v":"Odstranit"},{"$i":"share","$v":"Sdílet"},{"$i":"search","$v":"Hledat"},{"$i":"sort-by","$v":"Seřadit podle"},{"$i":"done","$v":"Hotovo"},{"$i":"note-deleted","$v":"Poznámka odstraněna."},{"$i":"delete-confirm","$v":"Potvrzení"},{"$i":"save-note","$v":"Uloženo v poznámce."},{"$i":"delete-notes","$v":{"one":"Poznámka odstraněna.","zero":"Poznámka odstraněna.","few":["Odstraněny poznámky: ",{"t":"idOrVar","v":"n"},"."],"many":["Odstraněny poznámky: ",{"t":"idOrVar","v":"n"},"."],"other":["Odstraněny poznámky: ",{"t":"idOrVar","v":"n"},"."],"two":["Odstraněny poznámky: ",{"t":"idOrVar","v":"n"},"."]},"$x":[{"t":"idOrVar","v":"plural"},"n"]},{"$i":"share-by-mail","$v":"E-mail"},{"$i":"share-by-sms","$v":"Zprávy"},{"$i":"share-by-bluetooth","$v":"Bluetooth"},{"$i":"sort-by-date-edited","$v":"Datum úpravy"},{"$i":"sort-by-date-created","$v":"Datum vytvoření"},{"$i":"sort-by-title","$v":"Název"},{"$i":"cancel","$v":"Zrušit"},{"$i":"options","$v":"Možnosti"},{"$i":"save","$v":"Uložit"},{"$i":"discard","$v":"Zahodit"},{"$i":"multi-select","$v":"Vybrat více"},{"$i":"multi-del","$v":{"few":["Odstranit poznámky (",{"t":"idOrVar","v":"n"},")?"],"many":["Odstranit poznámky (",{"t":"idOrVar","v":"n"},")?"],"one":"Odstranit poznámku?","other":["Odstranit poznámky (",{"t":"idOrVar","v":"n"},")?"],"two":["Odstranit poznámky (",{"t":"idOrVar","v":"n"},")?"],"zero":"Odstranit poznámku?"},"$x":[{"t":"idOrVar","v":"plural"},"n"]},{"$i":"select-all","$v":"Vše"},{"$i":"deselect-all","$v":"Žádný"},{"$i":"deselect","$v":"Zrušit výběr"},{"$i":"number-selected","$v":{"few":[{"t":"idOrVar","v":"number"}," vybráno"],"many":[{"t":"idOrVar","v":"number"}," vybráno"],"one":[{"t":"idOrVar","v":"number"}," vybráno"],"other":[{"t":"idOrVar","v":"number"}," vybráno"],"two":[{"t":"idOrVar","v":"number"}," vybráno"],"zero":[{"t":"idOrVar","v":"number"}," vybráno"]},"$x":[{"t":"idOrVar","v":"plural"},"number"]},{"$i":"max-amount-title","$v":"Bylo dosaženo maximálního počtu"},{"$i":"max-amount-content","$v":"Novou poznámku nelze vytvořit. Dosáhli jste maximálního počtu poznámek. Odstraňte některé předchozí poznámky."},{"$i":"max-length-exceed","$v":"Byla překročena maximální délka poznámky."},{"$i":"no-notes","$v":"Poznámka je prázdná, přidejte novou stisknutím Nová."},{"$i":"search-message","$v":"Zadejte klíčová slova."},{"$i":"full-storage-title","$v":"Úložiště je plné"},{"$i":"full-storage-content","$v":"Místo lze uvolnit odstraněním některých souborů médií nebo pomocí dat aplikace správce."},{"$i":"go-to-settings","$v":"Přejít do Nastavení"},{"$i":"deleteNote","$v":"Odstranit poznámku?"},{"$i":"sortby-editTime","$v":"Seřazeno podle data upravení."},{"$i":"sortby-createTime","$v":"Seřazeno podle data vytvoření."},{"$i":"sortby-title","$v":"Seřazeno podle názvu."},{"$i":"confirmation-title","$v":"Potvrzení"},{"$i":"cancel-confirmation-content","$v":"Poslední úpravy budou zrušeny. Chcete poznámku uložit?"},{"$i":"today","$v":"Dnes"},{"$i":"yesterday","$v":"Včera"},{"$i":"ok","$v":"OK"},{"$i":"file-large-title","$v":"Soubor je příliš velký"},{"$i":"file-large-content","$v":"Soubor poznámek je příliš velký, takže nelze uložit. Část jeho obsahu smažte a zkuste to znovu."},{"$i":"weekday-0-long","$v":"Neděle"},{"$i":"weekday-1-long","$v":"Pondělí"},{"$i":"weekday-2-long","$v":"Úterý"},{"$i":"weekday-3-long","$v":"Středa"},{"$i":"weekday-4-long","$v":"Čtvrtek"},{"$i":"weekday-5-long","$v":"Pátek"},{"$i":"weekday-6-long","$v":"Sobota"},{"$i":"weekday-0-short","$v":"Ne"},{"$i":"weekday-1-short","$v":"Po"},{"$i":"weekday-2-short","$v":"Út"},{"$i":"weekday-3-short","$v":"St"},{"$i":"weekday-4-short","$v":"Čt"},{"$i":"weekday-5-short","$v":"Pá"},{"$i":"weekday-6-short","$v":"So"},{"$i":"month-0-long","$v":"Leden"},{"$i":"month-1-long","$v":"Únor"},{"$i":"month-2-long","$v":"Březen"},{"$i":"month-3-long","$v":"Duben"},{"$i":"month-4-long","$v":"Květen"},{"$i":"month-5-long","$v":"Červen"},{"$i":"month-6-long","$v":"Červenec"},{"$i":"month-7-long","$v":"Srpen"},{"$i":"month-8-long","$v":"Září"},{"$i":"month-9-long","$v":"Říjen"},{"$i":"month-10-long","$v":"Listopad"},{"$i":"month-11-long","$v":"Prosinec"},{"$i":"month-0-genitive","$v":"Leden"},{"$i":"month-1-genitive","$v":"Únor"},{"$i":"month-2-genitive","$v":"Březen"},{"$i":"month-3-genitive","$v":"Duben"},{"$i":"month-4-genitive","$v":"Květen"},{"$i":"month-5-genitive","$v":"Červen"},{"$i":"month-6-genitive","$v":"Červenec"},{"$i":"month-7-genitive","$v":"Srpen"},{"$i":"month-8-genitive","$v":"Září"},{"$i":"month-9-genitive","$v":"Říjen"},{"$i":"month-10-genitive","$v":"Listopad"},{"$i":"month-11-genitive","$v":"Prosinec"},{"$i":"month-0-short","$v":"Led"},{"$i":"month-1-short","$v":"Úno"},{"$i":"month-2-short","$v":"Bře"},{"$i":"month-3-short","$v":"Dub"},{"$i":"month-4-short","$v":"Kvě"},{"$i":"month-5-short","$v":"Čer"},{"$i":"month-6-short","$v":"Čvc"},{"$i":"month-7-short","$v":"Srp"},{"$i":"month-8-short","$v":"Zář"},{"$i":"month-9-short","$v":"Říj"},{"$i":"month-10-short","$v":"Lis"},{"$i":"month-11-short","$v":"Pro"},{"$i":"minutes-ago-long","$v":{"few":["před ",{"t":"idOrVar","v":"value"}," minutami"],"many":["před ",{"t":"idOrVar","v":"value"}," minutami"],"other":["před ",{"t":"idOrVar","v":"value"}," minutami"],"two":["před ",{"t":"idOrVar","v":"value"}," minutami"],"one":"před minutou","zero":"právě teď"},"$x":[{"t":"idOrVar","v":"plural"},"value"]},{"$i":"hours-ago-long","$v":{"few":["před ",{"t":"idOrVar","v":"value"}," hodinami"],"many":["před ",{"t":"idOrVar","v":"value"}," hodinami"],"other":["před ",{"t":"idOrVar","v":"value"}," hodinami"],"two":["před ",{"t":"idOrVar","v":"value"}," hodinami"],"one":"před 1 hodinou","zero":"právě teď"},"$x":[{"t":"idOrVar","v":"plural"},"value"]},{"$i":"days-ago-long","$v":{"few":["před ",{"t":"idOrVar","v":"value"}," dny"],"many":["před ",{"t":"idOrVar","v":"value"}," dny"],"one":"včera","other":["před ",{"t":"idOrVar","v":"value"}," dny"],"two":["před ",{"t":"idOrVar","v":"value"}," dny"],"zero":"dnes"},"$x":[{"t":"idOrVar","v":"plural"},"value"]},{"$i":"weeks-ago-long","$v":{"few":["před ",{"t":"idOrVar","v":"value"}," týdny"],"many":["před ",{"t":"idOrVar","v":"value"}," týdny"],"one":"minulý týden","other":["před ",{"t":"idOrVar","v":"value"}," týdny"],"two":["před ",{"t":"idOrVar","v":"value"}," týdny"],"zero":"tento týden"},"$x":[{"t":"idOrVar","v":"plural"},"value"]},{"$i":"months-ago-long","$v":{"few":["před ",{"t":"idOrVar","v":"value"}," měsíci"],"many":["před ",{"t":"idOrVar","v":"value"}," měsíci"],"one":"poslední měsíc","other":["před ",{"t":"idOrVar","v":"value"}," měsíci"],"two":["před ",{"t":"idOrVar","v":"value"}," měsíci"],"zero":"tento měsíc"},"$x":[{"t":"idOrVar","v":"plural"},"value"]},{"$i":"years-ago-long","$v":{"few":["před ",{"t":"idOrVar","v":"value"}," lety"],"many":["před ",{"t":"idOrVar","v":"value"}," lety"],"one":"minulý rok","other":["před ",{"t":"idOrVar","v":"value"}," lety"],"two":["před ",{"t":"idOrVar","v":"value"}," lety"],"zero":"tento rok"},"$x":[{"t":"idOrVar","v":"plural"},"value"]},{"$i":"minutes-until-long","$v":{"few":["za ",{"t":"idOrVar","v":"value"}," min."],"many":["za ",{"t":"idOrVar","v":"value"}," min."],"other":["za ",{"t":"idOrVar","v":"value"}," min."],"two":["za ",{"t":"idOrVar","v":"value"}," min."],"zero":"nyní","one":"za 1 minutu"},"$x":[{"t":"idOrVar","v":"plural"},"value"]},{"$i":"hours-until-long","$v":{"few":["za ",{"t":"idOrVar","v":"value"}," hod."],"many":["za ",{"t":"idOrVar","v":"value"}," hod."],"other":["za ",{"t":"idOrVar","v":"value"}," hod."],"two":["za ",{"t":"idOrVar","v":"value"}," hod."],"zero":"nyní","one":"za 1 hodinu"},"$x":[{"t":"idOrVar","v":"plural"},"value"]},{"$i":"days-until-long","$v":{"few":["za ",{"t":"idOrVar","v":"value"}," dny/dní"],"many":["za ",{"t":"idOrVar","v":"value"}," dny/dní"],"one":"zítra","other":["za ",{"t":"idOrVar","v":"value"}," dny/dní"],"two":["za ",{"t":"idOrVar","v":"value"}," dny/dní"],"zero":"dnes"},"$x":[{"t":"idOrVar","v":"plural"},"value"]},{"$i":"weeks-until-long","$v":{"few":["za ",{"t":"idOrVar","v":"value"}," týdny/týdnů"],"many":["za ",{"t":"idOrVar","v":"value"}," týdny/týdnů"],"one":"příští týden","other":["za ",{"t":"idOrVar","v":"value"}," týdny/týdnů"],"two":["za ",{"t":"idOrVar","v":"value"}," týdny/týdnů"],"zero":"tento týden"},"$x":[{"t":"idOrVar","v":"plural"},"value"]},{"$i":"months-until-long","$v":{"few":["za ",{"t":"idOrVar","v":"value"}," měsíce/měsíců"],"many":["za ",{"t":"idOrVar","v":"value"}," měsíce/měsíců"],"one":"příští měsíc","other":["za ",{"t":"idOrVar","v":"value"}," měsíce/měsíců"],"two":["za ",{"t":"idOrVar","v":"value"}," měsíce/měsíců"],"zero":"tento měsíc"},"$x":[{"t":"idOrVar","v":"plural"},"value"]},{"$i":"years-until-long","$v":{"few":["za ",{"t":"idOrVar","v":"value"}," roky/let"],"many":["za ",{"t":"idOrVar","v":"value"}," roky/let"],"one":"příští rok","other":["za ",{"t":"idOrVar","v":"value"}," roky/let"],"two":["za ",{"t":"idOrVar","v":"value"}," roky/let"],"zero":"tento rok"},"$x":[{"t":"idOrVar","v":"plural"},"value"]},{"$i":"minutes-ago-short","$v":{"other":["před ",{"t":"idOrVar","v":"value"}," m"],"zero":"právě teď"},"$x":[{"t":"idOrVar","v":"plural"},"value"]},{"$i":"hours-ago-short","$v":{"other":["před ",{"t":"idOrVar","v":"value"}," h"],"zero":"právě teď"},"$x":[{"t":"idOrVar","v":"plural"},"value"]},{"$i":"days-ago-short","$v":{"other":["před ",{"t":"idOrVar","v":"value"}," d"],"zero":"dnes"},"$x":[{"t":"idOrVar","v":"plural"},"value"]},{"$i":"minutes-until-short","$v":{"other":["za ",{"t":"idOrVar","v":"value"}," m"],"zero":"nyní"},"$x":[{"t":"idOrVar","v":"plural"},"value"]},{"$i":"hours-until-short","$v":{"other":["za ",{"t":"idOrVar","v":"value"}," h"],"zero":"nyní"},"$x":[{"t":"idOrVar","v":"plural"},"value"]},{"$i":"days-until-short","$v":{"other":["za ",{"t":"idOrVar","v":"value"}," d"],"zero":"dnes"},"$x":[{"t":"idOrVar","v":"plural"},"value"]},{"$i":"incorrectDate","$v":"(nesprávné datum)"},{"$i":"dateTimeFormat_%c","$v":"%a %b %e %Y %I:%M:%S %p"},{"$i":"dateTimeFormat_%x","$v":"%m/%d/%Y"},{"$i":"dateTimeFormat_%X","$v":"%I:%M:%S %p"},{"$i":"shortTimeFormat","$v":"%I:%M %p"},{"$i":"shortTimeFormat12","$v":"%I:%M %p"},{"$i":"shortTimeFormat24","$v":"%H:%M"},{"$i":"shortDateTimeFormat","$v":"%x %I:%M %p"},{"$i":"weekStartsOnMonday","$v":"0.0"},{"$i":"firstDayOfTheWeek","$v":"1.0"},{"$i":"time_am","$v":"dop."},{"$i":"time_pm","$v":"odp."}]