[{"$i":"notes","$v":"Notas"},{"$i":"new","$v":"Nuevo"},{"$i":"enter","$v":"Ingresar"},{"$i":"edit","$v":"Editar"},{"$i":"select","$v":"Selec."},{"$i":"delete","$v":"Eliminar"},{"$i":"share","$v":"Compartir"},{"$i":"search","$v":"Búsqueda"},{"$i":"sort-by","$v":"Ordenar por"},{"$i":"done","$v":"Listo"},{"$i":"note-deleted","$v":"Nota eliminada."},{"$i":"delete-confirm","$v":"Confirmación"},{"$i":"save-note","$v":"Guardar en Nota."},{"$i":"delete-notes","$v":{"one":"Nota eliminada.","zero":"Nota eliminada.","few":[{"t":"idOrVar","v":"n"}," notas eliminadas."],"many":[{"t":"idOrVar","v":"n"}," notas eliminadas."],"other":[{"t":"idOrVar","v":"n"}," notas eliminadas."],"two":[{"t":"idOrVar","v":"n"}," notas eliminadas."]},"$x":[{"t":"idOrVar","v":"plural"},"n"]},{"$i":"share-by-mail","$v":"Correo electrónico"},{"$i":"share-by-sms","$v":"Mensajes"},{"$i":"share-by-bluetooth","$v":"Bluetooth"},{"$i":"sort-by-date-edited","$v":"Fecha de edición"},{"$i":"sort-by-date-created","$v":"Fecha de creación"},{"$i":"sort-by-title","$v":"Título"},{"$i":"cancel","$v":"Cancelar"},{"$i":"options","$v":"Opciones"},{"$i":"save","$v":"Guardar"},{"$i":"discard","$v":"Descartar"},{"$i":"multi-select","$v":"Seleccionar múltiple"},{"$i":"multi-del","$v":{"few":["¿Desea eliminar ",{"t":"idOrVar","v":"n"}," notas?"],"many":["¿Desea eliminar ",{"t":"idOrVar","v":"n"}," notas?"],"one":"¿Desea eliminar esta nota?","other":["¿Desea eliminar ",{"t":"idOrVar","v":"n"}," notas?"],"two":["¿Desea eliminar ",{"t":"idOrVar","v":"n"}," notas?"],"zero":"¿Desea eliminar esta nota?"},"$x":[{"t":"idOrVar","v":"plural"},"n"]},{"$i":"select-all","$v":"Todas"},{"$i":"deselect-all","$v":"Ninguno"},{"$i":"deselect","$v":"Desmarcar"},{"$i":"number-selected","$v":{"few":[{"t":"idOrVar","v":"number"}," seleccionados"],"many":[{"t":"idOrVar","v":"number"}," seleccionados"],"one":[{"t":"idOrVar","v":"number"}," seleccionados"],"other":[{"t":"idOrVar","v":"number"}," seleccionados"],"two":[{"t":"idOrVar","v":"number"}," seleccionados"],"zero":[{"t":"idOrVar","v":"number"}," seleccionados"]},"$x":[{"t":"idOrVar","v":"plural"},"number"]},{"$i":"max-amount-title","$v":"Cantidad máxima alcanzada"},{"$i":"max-amount-content","$v":"No se puede crear una nota nueva. Se alcanzó la cantidad máxima de notas. Elimine notas anteriores."},{"$i":"max-length-exceed","$v":"Se ha superado el tamaño máximo de la nota."},{"$i":"no-notes","$v":"No hay notas. Pulse Nuevo para añadir una nota."},{"$i":"search-message","$v":"Ingrese las palabras clave."},{"$i":"full-storage-title","$v":"Almacenamiento completo"},{"$i":"full-storage-content","$v":"Puede eliminar algunos archivos multimedia o datos de la aplicación del gestor para obtener más espacio libre."},{"$i":"go-to-settings","$v":"Ir a Ajustes"},{"$i":"deleteNote","$v":"¿Desea eliminar esta nota?"},{"$i":"sortby-editTime","$v":"Ordenado por fecha de edición."},{"$i":"sortby-createTime","$v":"Ordenado por fecha de creación."},{"$i":"sortby-title","$v":"Ordenado por título."},{"$i":"confirmation-title","$v":"Confirmación"},{"$i":"cancel-confirmation-content","$v":"Se eliminarán los últimos cambios. ¿Desea guardar esta nota?"},{"$i":"today","$v":"Hoy"},{"$i":"yesterday","$v":"Ayer"},{"$i":"ok","$v":"OK"},{"$i":"file-large-title","$v":"El archivo es demasiado grande."},{"$i":"file-large-content","$v":"El archivo de la nota es demasiado grande, elimine parte del contenido e inténtelo de nuevo."},{"$i":"weekday-0-long","$v":"Domingo"},{"$i":"weekday-1-long","$v":"Lunes"},{"$i":"weekday-2-long","$v":"Martes"},{"$i":"weekday-3-long","$v":"Miércoles"},{"$i":"weekday-4-long","$v":"Jueves"},{"$i":"weekday-5-long","$v":"Viernes"},{"$i":"weekday-6-long","$v":"Sábado"},{"$i":"weekday-0-short","$v":"dom."},{"$i":"weekday-1-short","$v":"lun."},{"$i":"weekday-2-short","$v":"mar."},{"$i":"weekday-3-short","$v":"mié."},{"$i":"weekday-4-short","$v":"jue."},{"$i":"weekday-5-short","$v":"vie."},{"$i":"weekday-6-short","$v":"sáb."},{"$i":"month-0-long","$v":"Enero"},{"$i":"month-1-long","$v":"Febrero"},{"$i":"month-2-long","$v":"Marzo"},{"$i":"month-3-long","$v":"Abril"},{"$i":"month-4-long","$v":"May"},{"$i":"month-5-long","$v":"Junio"},{"$i":"month-6-long","$v":"Julio"},{"$i":"month-7-long","$v":"Agosto"},{"$i":"month-8-long","$v":"Septiembre"},{"$i":"month-9-long","$v":"Octubre"},{"$i":"month-10-long","$v":"Noviembre"},{"$i":"month-11-long","$v":"Diciembre"},{"$i":"month-0-genitive","$v":"Enero"},{"$i":"month-1-genitive","$v":"Febrero"},{"$i":"month-2-genitive","$v":"Marzo"},{"$i":"month-3-genitive","$v":"Abril"},{"$i":"month-4-genitive","$v":"May"},{"$i":"month-5-genitive","$v":"Junio"},{"$i":"month-6-genitive","$v":"Julio"},{"$i":"month-7-genitive","$v":"Agosto"},{"$i":"month-8-genitive","$v":"Septiembre"},{"$i":"month-9-genitive","$v":"Octubre"},{"$i":"month-10-genitive","$v":"Noviembre"},{"$i":"month-11-genitive","$v":"Diciembre"},{"$i":"month-0-short","$v":"Ene"},{"$i":"month-1-short","$v":"Feb"},{"$i":"month-2-short","$v":"Mar"},{"$i":"month-3-short","$v":"Abr"},{"$i":"month-4-short","$v":"May"},{"$i":"month-5-short","$v":"Jun"},{"$i":"month-6-short","$v":"Jul"},{"$i":"month-7-short","$v":"Ago"},{"$i":"month-8-short","$v":"Sep"},{"$i":"month-9-short","$v":"Oct"},{"$i":"month-10-short","$v":"Nov"},{"$i":"month-11-short","$v":"Dec"},{"$i":"minutes-ago-long","$v":{"few":["hace ",{"t":"idOrVar","v":"value"}," minutos"],"many":["hace ",{"t":"idOrVar","v":"value"}," minutos"],"other":["hace ",{"t":"idOrVar","v":"value"}," minutos"],"two":["hace ",{"t":"idOrVar","v":"value"}," minutos"],"one":"hace un minuto","zero":"Justo ahora"},"$x":[{"t":"idOrVar","v":"plural"},"value"]},{"$i":"hours-ago-long","$v":{"few":["hace ",{"t":"idOrVar","v":"value"}," horas"],"many":["hace ",{"t":"idOrVar","v":"value"}," horas"],"other":["hace ",{"t":"idOrVar","v":"value"}," horas"],"two":["hace ",{"t":"idOrVar","v":"value"}," horas"],"one":"hace una hora","zero":"Justo ahora"},"$x":[{"t":"idOrVar","v":"plural"},"value"]},{"$i":"days-ago-long","$v":{"few":["hace ",{"t":"idOrVar","v":"value"}," días"],"many":["hace ",{"t":"idOrVar","v":"value"}," días"],"one":"ayer","other":["hace ",{"t":"idOrVar","v":"value"}," días"],"two":["hace ",{"t":"idOrVar","v":"value"}," días"],"zero":"hoy"},"$x":[{"t":"idOrVar","v":"plural"},"value"]},{"$i":"weeks-ago-long","$v":{"few":["hace ",{"t":"idOrVar","v":"value"}," semanas"],"many":["hace ",{"t":"idOrVar","v":"value"}," semanas"],"one":"la semana pasada","other":["hace ",{"t":"idOrVar","v":"value"}," semanas"],"two":["hace ",{"t":"idOrVar","v":"value"}," semanas"],"zero":"esta semana"},"$x":[{"t":"idOrVar","v":"plural"},"value"]},{"$i":"months-ago-long","$v":{"few":["hace ",{"t":"idOrVar","v":"value"}," meses"],"many":["hace ",{"t":"idOrVar","v":"value"}," meses"],"one":"el último mes","other":["hace ",{"t":"idOrVar","v":"value"}," meses"],"two":["hace ",{"t":"idOrVar","v":"value"}," meses"],"zero":"este mes"},"$x":[{"t":"idOrVar","v":"plural"},"value"]},{"$i":"years-ago-long","$v":{"few":["hace ",{"t":"idOrVar","v":"value"}," años"],"many":["hace ",{"t":"idOrVar","v":"value"}," años"],"one":"el año pasado","other":["hace ",{"t":"idOrVar","v":"value"}," años"],"two":["hace ",{"t":"idOrVar","v":"value"}," años"],"zero":"este año"},"$x":[{"t":"idOrVar","v":"plural"},"value"]},{"$i":"minutes-until-long","$v":{"few":["en ",{"t":"idOrVar","v":"value"}," minutos"],"many":["en ",{"t":"idOrVar","v":"value"}," minutos"],"other":["en ",{"t":"idOrVar","v":"value"}," minutos"],"two":["en ",{"t":"idOrVar","v":"value"}," minutos"],"zero":"ahora","one":"en un minuto"},"$x":[{"t":"idOrVar","v":"plural"},"value"]},{"$i":"hours-until-long","$v":{"few":["en ",{"t":"idOrVar","v":"value"}," horas"],"many":["en ",{"t":"idOrVar","v":"value"}," horas"],"other":["en ",{"t":"idOrVar","v":"value"}," horas"],"two":["en ",{"t":"idOrVar","v":"value"}," horas"],"zero":"ahora","one":"en una hora"},"$x":[{"t":"idOrVar","v":"plural"},"value"]},{"$i":"days-until-long","$v":{"few":["en ",{"t":"idOrVar","v":"value"}," días"],"many":["en ",{"t":"idOrVar","v":"value"}," días"],"one":"mañana","other":["en ",{"t":"idOrVar","v":"value"}," días"],"two":["en ",{"t":"idOrVar","v":"value"}," días"],"zero":"hoy"},"$x":[{"t":"idOrVar","v":"plural"},"value"]},{"$i":"weeks-until-long","$v":{"few":["en ",{"t":"idOrVar","v":"value"}," semanas"],"many":["en ",{"t":"idOrVar","v":"value"}," semanas"],"one":"la semana que viene","other":["en ",{"t":"idOrVar","v":"value"}," semanas"],"two":["en ",{"t":"idOrVar","v":"value"}," semanas"],"zero":"esta semana"},"$x":[{"t":"idOrVar","v":"plural"},"value"]},{"$i":"months-until-long","$v":{"few":["en ",{"t":"idOrVar","v":"value"}," meses"],"many":["en ",{"t":"idOrVar","v":"value"}," meses"],"one":"el próximo mes","other":["en ",{"t":"idOrVar","v":"value"}," meses"],"two":["en ",{"t":"idOrVar","v":"value"}," meses"],"zero":"este mes"},"$x":[{"t":"idOrVar","v":"plural"},"value"]},{"$i":"years-until-long","$v":{"few":["en ",{"t":"idOrVar","v":"value"}," años"],"many":["en ",{"t":"idOrVar","v":"value"}," años"],"one":"el próximo año","other":["en ",{"t":"idOrVar","v":"value"}," años"],"two":["en ",{"t":"idOrVar","v":"value"}," años"],"zero":"este año"},"$x":[{"t":"idOrVar","v":"plural"},"value"]},{"$i":"minutes-ago-short","$v":{"other":["hace ",{"t":"idOrVar","v":"value"},"m"],"zero":"Justo ahora"},"$x":[{"t":"idOrVar","v":"plural"},"value"]},{"$i":"hours-ago-short","$v":{"other":["hace ",{"t":"idOrVar","v":"value"},"h"],"zero":"Justo ahora"},"$x":[{"t":"idOrVar","v":"plural"},"value"]},{"$i":"days-ago-short","$v":{"other":["hace ",{"t":"idOrVar","v":"value"},"d"],"zero":"hoy"},"$x":[{"t":"idOrVar","v":"plural"},"value"]},{"$i":"minutes-until-short","$v":{"other":["en ",{"t":"idOrVar","v":"value"},"m"],"zero":"ahora"},"$x":[{"t":"idOrVar","v":"plural"},"value"]},{"$i":"hours-until-short","$v":{"other":["en ",{"t":"idOrVar","v":"value"},"h"],"zero":"ahora"},"$x":[{"t":"idOrVar","v":"plural"},"value"]},{"$i":"days-until-short","$v":{"other":["en ",{"t":"idOrVar","v":"value"},"d"],"zero":"hoy"},"$x":[{"t":"idOrVar","v":"plural"},"value"]},{"$i":"incorrectDate","$v":"(fecha incorrecta)"},{"$i":"dateTimeFormat_%c","$v":"%a %b %e %Y %I:%M:%S %p"},{"$i":"dateTimeFormat_%x","$v":"%d/%m/%Y"},{"$i":"dateTimeFormat_%X","$v":"%I:%M:%S %p"},{"$i":"shortTimeFormat","$v":"%I:%M %p"},{"$i":"shortTimeFormat12","$v":"%I:%M %p"},{"$i":"shortTimeFormat24","$v":"%H:%M"},{"$i":"shortDateTimeFormat","$v":"%x %I:%M %p"},{"$i":"weekStartsOnMonday","$v":"0.0"},{"$i":"firstDayOfTheWeek","$v":"0.0"},{"$i":"time_am","$v":"AM"},{"$i":"time_pm","$v":"PM"}]