[{"$i":"notes","$v":"یادداشت"},{"$i":"new","$v":"جديد"},{"$i":"enter","$v":"وارد کردن"},{"$i":"edit","$v":"ویرایش"},{"$i":"select","$v":"انتخاب"},{"$i":"delete","$v":"حذف"},{"$i":"share","$v":"اشتراک"},{"$i":"search","$v":"جستجو"},{"$i":"sort-by","$v":"مرتب کردن بر اساس"},{"$i":"done","$v":"انجام شد"},{"$i":"note-deleted","$v":"يادداشت حذف شد."},{"$i":"delete-confirm","$v":"تأييد"},{"$i":"save-note","$v":"ذخیره در Note."},{"$i":"delete-notes","$v":{"one":"يادداشت حذف شد.","zero":"يادداشت حذف شد.","few":["‏",{"t":"idOrVar","v":"n"}," یادداشت حذف شد."],"many":["‏",{"t":"idOrVar","v":"n"}," یادداشت حذف شد."],"other":["‏",{"t":"idOrVar","v":"n"}," یادداشت حذف شد."],"two":["‏",{"t":"idOrVar","v":"n"}," یادداشت حذف شد."]},"$x":[{"t":"idOrVar","v":"plural"},"n"]},{"$i":"share-by-mail","$v":"ایمیل"},{"$i":"share-by-sms","$v":"پيام ها"},{"$i":"share-by-bluetooth","$v":"Bluetooth"},{"$i":"sort-by-date-edited","$v":"تاریخ ویرایش شده"},{"$i":"sort-by-date-created","$v":"تاریخ ایجاد شده"},{"$i":"sort-by-title","$v":"عنوان"},{"$i":"cancel","$v":"لغو کردن"},{"$i":"options","$v":"گزینه ها"},{"$i":"save","$v":"ذخيره"},{"$i":"discard","$v":"رد کردن"},{"$i":"multi-select","$v":"انتخاب چندگانه"},{"$i":"multi-del","$v":{"few":["حذف ",{"t":"idOrVar","v":"n"}," یادداشت؟"],"many":["حذف ",{"t":"idOrVar","v":"n"}," یادداشت؟"],"one":"حذف یادداشت؟","other":["حذف ",{"t":"idOrVar","v":"n"}," یادداشت؟"],"two":["حذف ",{"t":"idOrVar","v":"n"}," یادداشت؟"],"zero":"حذف یادداشت؟"},"$x":[{"t":"idOrVar","v":"plural"},"n"]},{"$i":"select-all","$v":"همه"},{"$i":"deselect-all","$v":"هيچكدام"},{"$i":"deselect","$v":"عدم انتخاب"},{"$i":"number-selected","$v":{"few":[{"t":"idOrVar","v":"number"}," مورد انتخاب شد"],"many":[{"t":"idOrVar","v":"number"}," مورد انتخاب شد"],"one":[{"t":"idOrVar","v":"number"}," مورد انتخاب شد"],"other":[{"t":"idOrVar","v":"number"}," مورد انتخاب شد"],"two":[{"t":"idOrVar","v":"number"}," مورد انتخاب شد"],"zero":[{"t":"idOrVar","v":"number"}," مورد انتخاب شد"]},"$x":[{"t":"idOrVar","v":"plural"},"number"]},{"$i":"max-amount-title","$v":"به حداکثر تعداد رسيده است"},{"$i":"max-amount-content","$v":"نمی توانید یادداشت جدیدی ایجاد کنید. به حداکثر تعداد یادداشت ها رسیده اید. لطفاً یادداشت های قبلی را حذف کنید."},{"$i":"max-length-exceed","$v":"از حداکثر طول یادداشت فراتر رفته است."},{"$i":"no-notes","$v":"یادداشت خالی است، لطفاً برای افزودن یادداشت جدید روی جدید فشار آورید."},{"$i":"search-message","$v":"کلمات کلیدی را وارد کنید."},{"$i":"full-storage-title","$v":"حافظه پر است"},{"$i":"full-storage-content","$v":"می توانید برای داشتن فضای بیشتر، برخی از فایل های رسانه را حذف کنید یا داده برنامه را مدیریت کنید."},{"$i":"go-to-settings","$v":"رفتن به تنظيمات"},{"$i":"deleteNote","$v":"حذف یادداشت؟"},{"$i":"sortby-editTime","$v":"مرتب سازی بر اساس تاریخ ویرایش شده."},{"$i":"sortby-createTime","$v":"مرتب سازی بر اساس تاریخ ایجاد شده."},{"$i":"sortby-title","$v":"مرتب سازی بر اساس عنوان."},{"$i":"confirmation-title","$v":"تأييد"},{"$i":"cancel-confirmation-content","$v":"آخرین ویرایش رد می شود. می خواهید این یادداشت را ذخیره کنید؟"},{"$i":"today","$v":"امروز"},{"$i":"yesterday","$v":"ديروز"},{"$i":"ok","$v":"تأیید"},{"$i":"file-large-title","$v":"فایل بسیار بزرگ است"},{"$i":"file-large-content","$v":"فایل یادداشت شما برای ذخیره بسیار بزرگ است، برخی از محتویات را حذف کرده و دوباره امتحان نمایید."},{"$i":"weekday-0-long","$v":"يكشنبه"},{"$i":"weekday-1-long","$v":"دوشنبه"},{"$i":"weekday-2-long","$v":"سه شنبه"},{"$i":"weekday-3-long","$v":"چهارشنبه"},{"$i":"weekday-4-long","$v":"پنج شنبه"},{"$i":"weekday-5-long","$v":"جمعه"},{"$i":"weekday-6-long","$v":"شنبه"},{"$i":"weekday-0-short","$v":"یکشنبه"},{"$i":"weekday-1-short","$v":"دوشنبه"},{"$i":"weekday-2-short","$v":"سه شنبه"},{"$i":"weekday-3-short","$v":"چهارشنبه"},{"$i":"weekday-4-short","$v":"پنج شنبه"},{"$i":"weekday-5-short","$v":"جمعه"},{"$i":"weekday-6-short","$v":"شنبه"},{"$i":"month-0-long","$v":"ژانویه"},{"$i":"month-1-long","$v":"فوریه"},{"$i":"month-2-long","$v":"مارس"},{"$i":"month-3-long","$v":"آوریل"},{"$i":"month-4-long","$v":"مه"},{"$i":"month-5-long","$v":"ژوئن"},{"$i":"month-6-long","$v":"ژوئیه"},{"$i":"month-7-long","$v":"اوت"},{"$i":"month-8-long","$v":"سپتامبر"},{"$i":"month-9-long","$v":"اکتبر"},{"$i":"month-10-long","$v":"نوامبر"},{"$i":"month-11-long","$v":"دسامبر"},{"$i":"month-0-genitive","$v":"ژانویه"},{"$i":"month-1-genitive","$v":"فوریه"},{"$i":"month-2-genitive","$v":"مارس"},{"$i":"month-3-genitive","$v":"آوریل"},{"$i":"month-4-genitive","$v":"مه"},{"$i":"month-5-genitive","$v":"ژوئن"},{"$i":"month-6-genitive","$v":"ژوئیه"},{"$i":"month-7-genitive","$v":"اوت"},{"$i":"month-8-genitive","$v":"سپتامبر"},{"$i":"month-9-genitive","$v":"اکتبر"},{"$i":"month-10-genitive","$v":"نوامبر"},{"$i":"month-11-genitive","$v":"دسامبر"},{"$i":"month-0-short","$v":"ژانويه"},{"$i":"month-1-short","$v":"فوريه"},{"$i":"month-2-short","$v":"مارس"},{"$i":"month-3-short","$v":"آوريل"},{"$i":"month-4-short","$v":"مه"},{"$i":"month-5-short","$v":"ژوئن"},{"$i":"month-6-short","$v":"ژوئيه"},{"$i":"month-7-short","$v":"اوت"},{"$i":"month-8-short","$v":"سپتامبر"},{"$i":"month-9-short","$v":"اكتبر"},{"$i":"month-10-short","$v":"نوامبر"},{"$i":"month-11-short","$v":"دسامبر"},{"$i":"minutes-ago-long","$v":{"few":[{"t":"idOrVar","v":"value"}," دقیقه قبل"],"many":[{"t":"idOrVar","v":"value"}," دقیقه قبل"],"other":[{"t":"idOrVar","v":"value"}," دقیقه قبل"],"two":[{"t":"idOrVar","v":"value"}," دقیقه قبل"],"one":"یک دقيقه قبل","zero":"درست اکنون"},"$x":[{"t":"idOrVar","v":"plural"},"value"]},{"$i":"hours-ago-long","$v":{"few":[{"t":"idOrVar","v":"value"}," ساعت قبل"],"many":[{"t":"idOrVar","v":"value"}," ساعت قبل"],"other":[{"t":"idOrVar","v":"value"}," ساعت قبل"],"two":[{"t":"idOrVar","v":"value"}," ساعت قبل"],"one":"یک ساعت قبل","zero":"درست اکنون"},"$x":[{"t":"idOrVar","v":"plural"},"value"]},{"$i":"days-ago-long","$v":{"few":[{"t":"idOrVar","v":"value"}," روز قبل"],"many":[{"t":"idOrVar","v":"value"}," روز قبل"],"one":"دیروز","other":[{"t":"idOrVar","v":"value"}," روز قبل"],"two":[{"t":"idOrVar","v":"value"}," روز قبل"],"zero":"امروز"},"$x":[{"t":"idOrVar","v":"plural"},"value"]},{"$i":"weeks-ago-long","$v":{"few":[{"t":"idOrVar","v":"value"}," هفته قبل"],"many":[{"t":"idOrVar","v":"value"}," هفته قبل"],"one":"هفته قبل","other":[{"t":"idOrVar","v":"value"}," هفته قبل"],"two":[{"t":"idOrVar","v":"value"}," هفته قبل"],"zero":"این هفته"},"$x":[{"t":"idOrVar","v":"plural"},"value"]},{"$i":"months-ago-long","$v":{"few":[{"t":"idOrVar","v":"value"}," ماه قبل"],"many":[{"t":"idOrVar","v":"value"}," ماه قبل"],"one":"ماه قبل","other":[{"t":"idOrVar","v":"value"}," ماه قبل"],"two":[{"t":"idOrVar","v":"value"}," ماه قبل"],"zero":"این ماه"},"$x":[{"t":"idOrVar","v":"plural"},"value"]},{"$i":"years-ago-long","$v":{"few":[{"t":"idOrVar","v":"value"}," سال قبل"],"many":[{"t":"idOrVar","v":"value"}," سال قبل"],"one":"سال قبل","other":[{"t":"idOrVar","v":"value"}," سال قبل"],"two":[{"t":"idOrVar","v":"value"}," سال قبل"],"zero":"امسال"},"$x":[{"t":"idOrVar","v":"plural"},"value"]},{"$i":"minutes-until-long","$v":{"few":"در {value}} دقیقه","many":"در {value}} دقیقه","other":"در {value}} دقیقه","two":"در {value}} دقیقه","zero":"اکنون","one":"در یک دقیقه"},"$x":[{"t":"idOrVar","v":"plural"},"value"]},{"$i":"hours-until-long","$v":{"few":"در {value}} ساعت","many":"در {value}} ساعت","other":"در {value}} ساعت","two":"در {value}} ساعت","zero":"اکنون","one":"در یک ساعت"},"$x":[{"t":"idOrVar","v":"plural"},"value"]},{"$i":"days-until-long","$v":{"few":["در ",{"t":"idOrVar","v":"value"}," روز"],"many":["در ",{"t":"idOrVar","v":"value"}," روز"],"one":"فردا","other":["در ",{"t":"idOrVar","v":"value"}," روز"],"two":["در ",{"t":"idOrVar","v":"value"}," روز"],"zero":"امروز"},"$x":[{"t":"idOrVar","v":"plural"},"value"]},{"$i":"weeks-until-long","$v":{"few":["در ",{"t":"idOrVar","v":"value"}," هفته"],"many":["در ",{"t":"idOrVar","v":"value"}," هفته"],"one":"هفته بعد","other":["در ",{"t":"idOrVar","v":"value"}," هفته"],"two":["در ",{"t":"idOrVar","v":"value"}," هفته"],"zero":"این هفته"},"$x":[{"t":"idOrVar","v":"plural"},"value"]},{"$i":"months-until-long","$v":{"few":["در ",{"t":"idOrVar","v":"value"}," ماه"],"many":["در ",{"t":"idOrVar","v":"value"}," ماه"],"one":"ماه بعد","other":["در ",{"t":"idOrVar","v":"value"}," ماه"],"two":["در ",{"t":"idOrVar","v":"value"}," ماه"],"zero":"این ماه"},"$x":[{"t":"idOrVar","v":"plural"},"value"]},{"$i":"years-until-long","$v":{"few":["در ",{"t":"idOrVar","v":"value"}," سال"],"many":["در ",{"t":"idOrVar","v":"value"}," سال"],"one":"سال بعد","other":["در ",{"t":"idOrVar","v":"value"}," سال"],"two":["در ",{"t":"idOrVar","v":"value"}," سال"],"zero":"امسال"},"$x":[{"t":"idOrVar","v":"plural"},"value"]},{"$i":"minutes-ago-short","$v":{"other":[{"t":"idOrVar","v":"value"},"دقیقه قبل"],"zero":"درست اکنون"},"$x":[{"t":"idOrVar","v":"plural"},"value"]},{"$i":"hours-ago-short","$v":{"other":[{"t":"idOrVar","v":"value"}," ساعت قبل"],"zero":"درست اکنون"},"$x":[{"t":"idOrVar","v":"plural"},"value"]},{"$i":"days-ago-short","$v":{"other":[{"t":"idOrVar","v":"value"}," روز قبل"],"zero":"امروز"},"$x":[{"t":"idOrVar","v":"plural"},"value"]},{"$i":"minutes-until-short","$v":{"other":"در {value}} دقیقه","zero":"اکنون"},"$x":[{"t":"idOrVar","v":"plural"},"value"]},{"$i":"hours-until-short","$v":{"other":"در {value}} ساعت","zero":"اکنون"},"$x":[{"t":"idOrVar","v":"plural"},"value"]},{"$i":"days-until-short","$v":{"other":"در {value}} روز","zero":"امروز"},"$x":[{"t":"idOrVar","v":"plural"},"value"]},{"$i":"incorrectDate","$v":"(تاریخ نادرست)"},{"$i":"dateTimeFormat_%c","$v":"%a %b %e %Y %I:%M:%S %p"},{"$i":"dateTimeFormat_%x","$v":"%m/%d/%Y"},{"$i":"dateTimeFormat_%X","$v":"%I:%M:%S %p"},{"$i":"shortTimeFormat","$v":"%I:%M %p"},{"$i":"shortTimeFormat12","$v":"%I:%M %p"},{"$i":"shortTimeFormat24","$v":"%H:%M"},{"$i":"shortDateTimeFormat","$v":"%x %I:%M %p"},{"$i":"weekStartsOnMonday","$v":"0.0"},{"$i":"firstDayOfTheWeek","$v":"0.0"},{"$i":"time_am","$v":"ب.ظ"},{"$i":"time_pm","$v":"ق.ظ"}]