[{"$i":"notes","$v":"Note"},{"$i":"new","$v":"Nouveau"},{"$i":"enter","$v":"Saisir"},{"$i":"edit","$v":"Modifier"},{"$i":"select","$v":"Sélectionner"},{"$i":"delete","$v":"Supprimer"},{"$i":"share","$v":"Partager"},{"$i":"search","$v":"Rechercher"},{"$i":"sort-by","$v":"Trier par"},{"$i":"done","$v":"Terminé"},{"$i":"note-deleted","$v":"La note est supprimée."},{"$i":"delete-confirm","$v":"Confirmation"},{"$i":"save-note","$v":"Enregistrez dans Note."},{"$i":"delete-notes","$v":{"one":"La note est supprimée.","zero":"La note est supprimée.","few":[{"t":"idOrVar","v":"n"}," notes supprimés."],"many":[{"t":"idOrVar","v":"n"}," notes supprimés."],"other":[{"t":"idOrVar","v":"n"}," notes supprimés."],"two":[{"t":"idOrVar","v":"n"}," notes supprimés."]},"$x":[{"t":"idOrVar","v":"plural"},"n"]},{"$i":"share-by-mail","$v":"E-mail"},{"$i":"share-by-sms","$v":"Messages"},{"$i":"share-by-bluetooth","$v":"Bluetooth"},{"$i":"sort-by-date-edited","$v":"Date de modification"},{"$i":"sort-by-date-created","$v":"Date de création"},{"$i":"sort-by-title","$v":"Titre"},{"$i":"cancel","$v":"Annuler"},{"$i":"options","$v":"Options"},{"$i":"save","$v":"Enregistrer"},{"$i":"discard","$v":"Ignorer"},{"$i":"multi-select","$v":"Sélection multiple"},{"$i":"multi-del","$v":{"few":["Supprimer ",{"t":"idOrVar","v":"n"}," notes ?"],"many":["Supprimer ",{"t":"idOrVar","v":"n"}," notes ?"],"one":"Supprimer la note ?","other":["Supprimer ",{"t":"idOrVar","v":"n"}," notes ?"],"two":["Supprimer ",{"t":"idOrVar","v":"n"}," notes ?"],"zero":"Supprimer la note ?"},"$x":[{"t":"idOrVar","v":"plural"},"n"]},{"$i":"select-all","$v":"Tout"},{"$i":"deselect-all","$v":"Jamais"},{"$i":"deselect","$v":"DÉSÉLECT."},{"$i":"number-selected","$v":{"few":[{"t":"idOrVar","v":"number"}," sélectionnés"],"many":[{"t":"idOrVar","v":"number"}," sélectionnés"],"one":[{"t":"idOrVar","v":"number"}," sélectionnés"],"other":[{"t":"idOrVar","v":"number"}," sélectionnés"],"two":[{"t":"idOrVar","v":"number"}," sélectionnés"],"zero":[{"t":"idOrVar","v":"number"}," sélectionnés"]},"$x":[{"t":"idOrVar","v":"plural"},"number"]},{"$i":"max-amount-title","$v":"Nombre max. atteint"},{"$i":"max-amount-content","$v":"Impossible de créer la note, car le nombre limite est atteint. Supprimez-en pour pouvoir en créer d’autres."},{"$i":"max-length-exceed","$v":"La longueur max. de la note est dépassée."},{"$i":"no-notes","$v":"L'application Notes est vide. Appuyez sur Nouvelle pour ajouter une nouvelle note."},{"$i":"search-message","$v":"Saisissez les mots-clés."},{"$i":"full-storage-title","$v":"Mémoire pleine"},{"$i":"full-storage-content","$v":"Vous pouvez supprimer des fichiers multimédias ou gérer les données d’application pour libérer de l’espace."},{"$i":"go-to-settings","$v":"Paramètres"},{"$i":"deleteNote","$v":"Supprimer la note ?"},{"$i":"sortby-editTime","$v":"Les éléments sont triés par dates de modification."},{"$i":"sortby-createTime","$v":"Les éléments sont triés par dates de création."},{"$i":"sortby-title","$v":"Les éléments sont triés par titres."},{"$i":"confirmation-title","$v":"Confirmation"},{"$i":"cancel-confirmation-content","$v":"La dernière modification sera supprimée. Voulez-vous enregistrer cette note ?"},{"$i":"today","$v":"Aujourd’hui"},{"$i":"yesterday","$v":"Hier,"},{"$i":"ok","$v":"OK"},{"$i":"file-large-title","$v":"Fichier trop gros"},{"$i":"file-large-content","$v":"Votre fichier de notes est trop gros pour être sauvegardé. Supprimez des fichiers, puis réessayez."},{"$i":"weekday-0-long","$v":"Dimanche"},{"$i":"weekday-1-long","$v":"Lundi"},{"$i":"weekday-2-long","$v":"Mardi"},{"$i":"weekday-3-long","$v":"Mercredi"},{"$i":"weekday-4-long","$v":"Jeudi"},{"$i":"weekday-5-long","$v":"Vendredi"},{"$i":"weekday-6-long","$v":"Samedi"},{"$i":"weekday-0-short","$v":"dim"},{"$i":"weekday-1-short","$v":"lun"},{"$i":"weekday-2-short","$v":"mar"},{"$i":"weekday-3-short","$v":"mer"},{"$i":"weekday-4-short","$v":"jeu"},{"$i":"weekday-5-short","$v":"ven"},{"$i":"weekday-6-short","$v":"sam"},{"$i":"month-0-long","$v":"Janvier"},{"$i":"month-1-long","$v":"Février"},{"$i":"month-2-long","$v":"Mars"},{"$i":"month-3-long","$v":"Avril"},{"$i":"month-4-long","$v":"mai"},{"$i":"month-5-long","$v":"Juin"},{"$i":"month-6-long","$v":"Juillet"},{"$i":"month-7-long","$v":"Août"},{"$i":"month-8-long","$v":"Septembre"},{"$i":"month-9-long","$v":"Octobre"},{"$i":"month-10-long","$v":"Novembre"},{"$i":"month-11-long","$v":"Décembre"},{"$i":"month-0-genitive","$v":"Janvier"},{"$i":"month-1-genitive","$v":"Février"},{"$i":"month-2-genitive","$v":"Mars"},{"$i":"month-3-genitive","$v":"Avril"},{"$i":"month-4-genitive","$v":"mai"},{"$i":"month-5-genitive","$v":"Juin"},{"$i":"month-6-genitive","$v":"Juillet"},{"$i":"month-7-genitive","$v":"Août"},{"$i":"month-8-genitive","$v":"Septembre"},{"$i":"month-9-genitive","$v":"Octobre"},{"$i":"month-10-genitive","$v":"Novembre"},{"$i":"month-11-genitive","$v":"Décembre"},{"$i":"month-0-short","$v":"jan."},{"$i":"month-1-short","$v":"fév."},{"$i":"month-2-short","$v":"mars"},{"$i":"month-3-short","$v":"avr."},{"$i":"month-4-short","$v":"mai"},{"$i":"month-5-short","$v":"juin"},{"$i":"month-6-short","$v":"juil."},{"$i":"month-7-short","$v":"août"},{"$i":"month-8-short","$v":"sep."},{"$i":"month-9-short","$v":"oct."},{"$i":"month-10-short","$v":"nov."},{"$i":"month-11-short","$v":"déc."},{"$i":"minutes-ago-long","$v":{"few":["il y a ",{"t":"idOrVar","v":"value"}," minutes"],"many":["Il y a ",{"t":"idOrVar","v":"value"}," minutes"],"other":["il y a ",{"t":"idOrVar","v":"value"}," minutes"],"two":["il y a ",{"t":"idOrVar","v":"value"}," minutes"],"one":"Il y a 1 minute","zero":"À l’instant"},"$x":[{"t":"idOrVar","v":"plural"},"value"]},{"$i":"hours-ago-long","$v":{"few":["il y a ",{"t":"idOrVar","v":"value"}," heures"],"many":["Il y a ",{"t":"idOrVar","v":"value"}," heures"],"other":["il y a ",{"t":"idOrVar","v":"value"}," heures"],"two":["il y a ",{"t":"idOrVar","v":"value"}," heures"],"one":"Il y a 1 heure","zero":"À l’instant"},"$x":[{"t":"idOrVar","v":"plural"},"value"]},{"$i":"days-ago-long","$v":{"few":["il y a ",{"t":"idOrVar","v":"value"}," jours"],"many":["il y a ",{"t":"idOrVar","v":"value"}," jours"],"one":"hier","other":["il y a ",{"t":"idOrVar","v":"value"}," jours"],"two":["il y a ",{"t":"idOrVar","v":"value"}," jours"],"zero":"aujourd’hui"},"$x":[{"t":"idOrVar","v":"plural"},"value"]},{"$i":"weeks-ago-long","$v":{"few":["il y a ",{"t":"idOrVar","v":"value"}," semaines"],"many":["il y a ",{"t":"idOrVar","v":"value"}," semaines"],"one":"la semaine dernière","other":["il y a ",{"t":"idOrVar","v":"value"}," semaines"],"two":["il y a ",{"t":"idOrVar","v":"value"}," semaines"],"zero":"cette semaine"},"$x":[{"t":"idOrVar","v":"plural"},"value"]},{"$i":"months-ago-long","$v":{"few":["il y a ",{"t":"idOrVar","v":"value"}," mois"],"many":["il y a ",{"t":"idOrVar","v":"value"}," mois"],"one":"le mois dernier","other":["il y a ",{"t":"idOrVar","v":"value"}," mois"],"two":["il y a ",{"t":"idOrVar","v":"value"}," mois"],"zero":"ce mois-ci"},"$x":[{"t":"idOrVar","v":"plural"},"value"]},{"$i":"years-ago-long","$v":{"few":["il y a ",{"t":"idOrVar","v":"value"}," ans"],"many":["il y a ",{"t":"idOrVar","v":"value"}," ans"],"one":"l’année dernière","other":["il y a ",{"t":"idOrVar","v":"value"}," ans"],"two":["il y a ",{"t":"idOrVar","v":"value"}," ans"],"zero":"cette année"},"$x":[{"t":"idOrVar","v":"plural"},"value"]},{"$i":"minutes-until-long","$v":{"few":["dans ",{"t":"idOrVar","v":"value"}," minutes"],"many":["dans ",{"t":"idOrVar","v":"value"}," minutes"],"other":["dans ",{"t":"idOrVar","v":"value"}," minutes"],"two":["dans ",{"t":"idOrVar","v":"value"}," minutes"],"zero":"maintenant","one":["dans ",{"t":"idOrVar","v":"value"}," minute"]},"$x":[{"t":"idOrVar","v":"plural"},"value"]},{"$i":"hours-until-long","$v":{"few":["dans ",{"t":"idOrVar","v":"value"}," heures"],"many":["dans ",{"t":"idOrVar","v":"value"}," heures"],"other":["dans ",{"t":"idOrVar","v":"value"}," heures"],"two":["dans ",{"t":"idOrVar","v":"value"}," heures"],"zero":"maintenant","one":["dans ",{"t":"idOrVar","v":"value"}," heure"]},"$x":[{"t":"idOrVar","v":"plural"},"value"]},{"$i":"days-until-long","$v":{"few":["dans ",{"t":"idOrVar","v":"value"}," jours"],"many":["dans ",{"t":"idOrVar","v":"value"}," jours"],"one":"demain","other":["dans ",{"t":"idOrVar","v":"value"}," jours"],"two":["dans ",{"t":"idOrVar","v":"value"}," jours"],"zero":"aujourd’hui"},"$x":[{"t":"idOrVar","v":"plural"},"value"]},{"$i":"weeks-until-long","$v":{"few":["dans ",{"t":"idOrVar","v":"value"}," semaines"],"many":["dans ",{"t":"idOrVar","v":"value"}," semaines"],"one":"la semaine prochaine","other":["dans ",{"t":"idOrVar","v":"value"}," semaines"],"two":["dans ",{"t":"idOrVar","v":"value"}," semaines"],"zero":"cette semaine"},"$x":[{"t":"idOrVar","v":"plural"},"value"]},{"$i":"months-until-long","$v":{"few":["dans ",{"t":"idOrVar","v":"value"}," mois"],"many":["dans ",{"t":"idOrVar","v":"value"}," mois"],"one":"le mois prochain","other":["dans ",{"t":"idOrVar","v":"value"}," mois"],"two":["dans ",{"t":"idOrVar","v":"value"}," mois"],"zero":"ce mois-ci"},"$x":[{"t":"idOrVar","v":"plural"},"value"]},{"$i":"years-until-long","$v":{"few":["dans ",{"t":"idOrVar","v":"value"}," ans"],"many":["dans ",{"t":"idOrVar","v":"value"}," ans"],"one":"l’année prochaine","other":["dans ",{"t":"idOrVar","v":"value"}," ans"],"two":["dans ",{"t":"idOrVar","v":"value"}," ans"],"zero":"cette année"},"$x":[{"t":"idOrVar","v":"plural"},"value"]},{"$i":"minutes-ago-short","$v":{"other":["il y a ",{"t":"idOrVar","v":"value"}," min"],"zero":"À l’instant"},"$x":[{"t":"idOrVar","v":"plural"},"value"]},{"$i":"hours-ago-short","$v":{"other":["il y a ",{"t":"idOrVar","v":"value"},"h"],"zero":"À l’instant"},"$x":[{"t":"idOrVar","v":"plural"},"value"]},{"$i":"days-ago-short","$v":{"other":["il y a ",{"t":"idOrVar","v":"value"},"j"],"zero":"aujourd’hui"},"$x":[{"t":"idOrVar","v":"plural"},"value"]},{"$i":"minutes-until-short","$v":{"other":["dans ",{"t":"idOrVar","v":"value"},"m"],"zero":"maintenant"},"$x":[{"t":"idOrVar","v":"plural"},"value"]},{"$i":"hours-until-short","$v":{"other":["dans ",{"t":"idOrVar","v":"value"},"h"],"zero":"maintenant"},"$x":[{"t":"idOrVar","v":"plural"},"value"]},{"$i":"days-until-short","$v":{"other":["dans ",{"t":"idOrVar","v":"value"},"j"],"zero":"aujourd’hui"},"$x":[{"t":"idOrVar","v":"plural"},"value"]},{"$i":"incorrectDate","$v":"(date incorrecte)"},{"$i":"dateTimeFormat_%c","$v":"%a %e %b %Y %H:%M:%S"},{"$i":"dateTimeFormat_%x","$v":"%d/%m/%Y"},{"$i":"dateTimeFormat_%X","$v":"%I:%M:%S %p"},{"$i":"shortTimeFormat","$v":"%I:%M %p"},{"$i":"shortTimeFormat12","$v":"%I:%M %p"},{"$i":"shortTimeFormat24","$v":"%H:%M"},{"$i":"shortDateTimeFormat","$v":"%x %H:%M"},{"$i":"weekStartsOnMonday","$v":"0.0"},{"$i":"firstDayOfTheWeek","$v":"1.0"},{"$i":"time_am","$v":"AM"},{"$i":"time_pm","$v":"PM"}]