[{"$i":"notes","$v":"Նշում"},{"$i":"new","$v":"Նոր"},{"$i":"enter","$v":"Մուտք գործել"},{"$i":"edit","$v":"Խմբգրլ"},{"$i":"select","$v":"Ընտրել"},{"$i":"delete","$v":"Ջնջել"},{"$i":"share","$v":"Համօգտագործել"},{"$i":"search","$v":"Որոնել"},{"$i":"sort-by","$v":"Տեսկվր ըստ"},{"$i":"done","$v":"Արված է"},{"$i":"note-deleted","$v":"Նշումը ջնջված է:"},{"$i":"delete-confirm","$v":"Հաստատում"},{"$i":"save-note","$v":"Գրառված է:"},{"$i":"delete-notes","$v":{"one":"Նշումը ջնջված է:","zero":"Նշումը ջնջված է:","few":[{"t":"idOrVar","v":"n"}," նշում ջնջվեց:"],"many":[{"t":"idOrVar","v":"n"}," նշում ջնջվեց:"],"other":[{"t":"idOrVar","v":"n"}," նշում ջնջվեց:"],"two":[{"t":"idOrVar","v":"n"}," նշում ջնջվեց:"]},"$x":[{"t":"idOrVar","v":"plural"},"n"]},{"$i":"share-by-mail","$v":"Էլ. փոստ"},{"$i":"share-by-sms","$v":"Հղրդգրթյննր"},{"$i":"share-by-bluetooth","$v":"Bluetooth"},{"$i":"sort-by-date-edited","$v":"Խմբագրման ամսաթիվ"},{"$i":"sort-by-date-created","$v":"Ստեղծման ամսաթիվ"},{"$i":"sort-by-title","$v":"Անվնմ"},{"$i":"cancel","$v":"Չեղարկել"},{"$i":"options","$v":"Ընտրանքներ"},{"$i":"save","$v":"Պահել"},{"$i":"discard","$v":"Հրաժարվել"},{"$i":"multi-select","$v":"Ընտրել բազմակի"},{"$i":"multi-del","$v":{"few":["Ջնջե՞լ ",{"t":"idOrVar","v":"n"}," նշումները:"],"many":["Ջնջե՞լ ",{"t":"idOrVar","v":"n"}," նշումները:"],"one":"Ջնջե՞լ նշումը:","other":["Ջնջե՞լ ",{"t":"idOrVar","v":"n"}," նշումները:"],"two":["Ջնջե՞լ ",{"t":"idOrVar","v":"n"}," նշումները:"],"zero":"Ջնջե՞լ նշումը:"},"$x":[{"t":"idOrVar","v":"plural"},"n"]},{"$i":"select-all","$v":"Բոլորը"},{"$i":"deselect-all","$v":"Ոչ մի"},{"$i":"deselect","$v":"Ապընտրել"},{"$i":"number-selected","$v":{"few":["Ընտրվեցին ",{"t":"idOrVar","v":"number"}],"many":["Ընտրվեցին ",{"t":"idOrVar","v":"number"}],"one":["Ընտրվեցին ",{"t":"idOrVar","v":"number"}],"other":["Ընտրվեցին ",{"t":"idOrVar","v":"number"}],"two":["Ընտրվեցին ",{"t":"idOrVar","v":"number"}],"zero":["Ընտրվեցին ",{"t":"idOrVar","v":"number"}]},"$x":[{"t":"idOrVar","v":"plural"},"number"]},{"$i":"max-amount-title","$v":"Առավելագույն քանակ"},{"$i":"max-amount-content","$v":"Չհաջողվեց ստեղծել նոր նշում։ Նշումների առավելագույն քանակը գերազանցված է։ Ջնջեք նախորդ նշումները։"},{"$i":"max-length-exceed","$v":"Նշումի առավելագույն երկարություն։"},{"$i":"no-notes","$v":"Նշումը դատարկ է: Խնդում ենք սեղմեք Նոր և ավելացնել նոր նշում:"},{"$i":"search-message","$v":"Խնդրում ենք մուտքագրել հիմնաբառեր:"},{"$i":"full-storage-title","$v":"Պահոցը լիքն է"},{"$i":"full-storage-content","$v":"Կարող եք ջնջել որոշ մեդիա ֆայլեր կամ կառավարել ծրագրի տվյալները՝ տարածք ազատելու համար:"},{"$i":"go-to-settings","$v":"Գնալ Պարամետրեր"},{"$i":"deleteNote","$v":"Ջնջե՞լ նշումը:"},{"$i":"sortby-editTime","$v":"Տսկվրվծ է խմբգրմն ամսթվ:"},{"$i":"sortby-createTime","$v":"Տսկվրվծ է ստղծմն ամսթվ:"},{"$i":"sortby-title","$v":"Տսկվրվծ է անվնմն:"},{"$i":"confirmation-title","$v":"Հաստատում"},{"$i":"cancel-confirmation-content","$v":"Վերջին խմբագրումը կմերժվի: Պահե՞լ այս նշումը:"},{"$i":"today","$v":"Այսօր"},{"$i":"yesterday","$v":"Երեկ"},{"$i":"ok","$v":"OK"},{"$i":"file-large-title","$v":"Նիշքը չփզնց մեծ է"},{"$i":"file-large-content","$v":"Ձեր նշումների նիշքը չափազանց մեծ է պահելու համար, փորձեք ջնջել որոշ բովանդակություն և կրկին փորձեք։"},{"$i":"weekday-0-long","$v":"Կիրակի"},{"$i":"weekday-1-long","$v":"Երկուշաբթի"},{"$i":"weekday-2-long","$v":"Երեքշաբթի"},{"$i":"weekday-3-long","$v":"Չորեքշաբթի"},{"$i":"weekday-4-long","$v":"Հինգշաբթի"},{"$i":"weekday-5-long","$v":"Ուրբաթ"},{"$i":"weekday-6-long","$v":"Շաբաթ"},{"$i":"weekday-0-short","$v":"Կիր"},{"$i":"weekday-1-short","$v":"Երկ"},{"$i":"weekday-2-short","$v":"Երք"},{"$i":"weekday-3-short","$v":"Չրք"},{"$i":"weekday-4-short","$v":"Հնգ"},{"$i":"weekday-5-short","$v":"Ուրբ"},{"$i":"weekday-6-short","$v":"Շբթ"},{"$i":"month-0-long","$v":"Հունվար"},{"$i":"month-1-long","$v":"Փետրվար"},{"$i":"month-2-long","$v":"Մարտ"},{"$i":"month-3-long","$v":"Ապրիլ"},{"$i":"month-4-long","$v":"Մյս"},{"$i":"month-5-long","$v":"Հունիս"},{"$i":"month-6-long","$v":"Հուլիս"},{"$i":"month-7-long","$v":"Օգոստոս"},{"$i":"month-8-long","$v":"Սեպտեմբեր"},{"$i":"month-9-long","$v":"Հոկտեմբեր"},{"$i":"month-10-long","$v":"Նոյեմբեր"},{"$i":"month-11-long","$v":"Դեկտեմբեր"},{"$i":"month-0-genitive","$v":"Հունվար"},{"$i":"month-1-genitive","$v":"Փետրվար"},{"$i":"month-2-genitive","$v":"Մարտ"},{"$i":"month-3-genitive","$v":"Ապրիլ"},{"$i":"month-4-genitive","$v":"Մյս"},{"$i":"month-5-genitive","$v":"Հունիս"},{"$i":"month-6-genitive","$v":"Հուլիս"},{"$i":"month-7-genitive","$v":"Օգոստոս"},{"$i":"month-8-genitive","$v":"Սեպտեմբեր"},{"$i":"month-9-genitive","$v":"Հոկտեմբեր"},{"$i":"month-10-genitive","$v":"Նոյեմբեր"},{"$i":"month-11-genitive","$v":"Դեկտեմբեր"},{"$i":"month-0-short","$v":"Հունվ"},{"$i":"month-1-short","$v":"Փետ"},{"$i":"month-2-short","$v":"Մրտ"},{"$i":"month-3-short","$v":"Ապլ"},{"$i":"month-4-short","$v":"Մյս"},{"$i":"month-5-short","$v":"Հուն"},{"$i":"month-6-short","$v":"Հուլ"},{"$i":"month-7-short","$v":"Օգս"},{"$i":"month-8-short","$v":"Սպտ"},{"$i":"month-9-short","$v":"Հոկտ"},{"$i":"month-10-short","$v":"Նոյ"},{"$i":"month-11-short","$v":"Դեկ"},{"$i":"minutes-ago-long","$v":{"few":[{"t":"idOrVar","v":"value"}," րոպե առաջ"],"many":[{"t":"idOrVar","v":"value"}," րոպե առաջ"],"other":[{"t":"idOrVar","v":"value"}," րոպե առաջ"],"two":[{"t":"idOrVar","v":"value"}," րոպե առաջ"],"one":"րոպե առաջ","zero":"հենց նոր"},"$x":[{"t":"idOrVar","v":"plural"},"value"]},{"$i":"hours-ago-long","$v":{"few":[{"t":"idOrVar","v":"value"}," ժամ առաջ"],"many":[{"t":"idOrVar","v":"value"}," ժամ առաջ"],"other":[{"t":"idOrVar","v":"value"}," ժամ առաջ"],"two":[{"t":"idOrVar","v":"value"}," ժամ առաջ"],"one":"1 ժամ առաջ","zero":"հենց նոր"},"$x":[{"t":"idOrVar","v":"plural"},"value"]},{"$i":"days-ago-long","$v":{"few":[{"t":"idOrVar","v":"value"}," օր առաջ"],"many":[{"t":"idOrVar","v":"value"}," օր առաջ"],"one":"երեկ","other":[{"t":"idOrVar","v":"value"}," օր առաջ"],"two":[{"t":"idOrVar","v":"value"}," օր առաջ"],"zero":"այսօր"},"$x":[{"t":"idOrVar","v":"plural"},"value"]},{"$i":"weeks-ago-long","$v":{"few":[{"t":"idOrVar","v":"value"}," շաբաթ առաջ"],"many":[{"t":"idOrVar","v":"value"}," շաբաթ առաջ"],"one":"անցյալ շաբաթ","other":[{"t":"idOrVar","v":"value"}," շաբաթ առաջ"],"two":[{"t":"idOrVar","v":"value"}," շաբաթ առաջ"],"zero":"այս շաբաթ"},"$x":[{"t":"idOrVar","v":"plural"},"value"]},{"$i":"months-ago-long","$v":{"few":[{"t":"idOrVar","v":"value"}," ամիս առաջ"],"many":[{"t":"idOrVar","v":"value"}," ամիս առաջ"],"one":"անցած ամիս","other":[{"t":"idOrVar","v":"value"}," ամիս առաջ"],"two":[{"t":"idOrVar","v":"value"}," ամիս առաջ"],"zero":"այս ամիս"},"$x":[{"t":"idOrVar","v":"plural"},"value"]},{"$i":"years-ago-long","$v":{"few":[{"t":"idOrVar","v":"value"}," տարի առաջ"],"many":[{"t":"idOrVar","v":"value"}," տարի առաջ"],"one":"անցյալ տարի","other":[{"t":"idOrVar","v":"value"}," տարի առաջ"],"two":[{"t":"idOrVar","v":"value"}," տարի առաջ"],"zero":"այս տարի"},"$x":[{"t":"idOrVar","v":"plural"},"value"]},{"$i":"minutes-until-long","$v":{"few":[{"t":"idOrVar","v":"value"}," րոպեից"],"many":[{"t":"idOrVar","v":"value"}," րոպեից"],"other":[{"t":"idOrVar","v":"value"}," րոպեից"],"two":[{"t":"idOrVar","v":"value"}," րոպեից"],"zero":"հիմա","one":"1 րոպեի ընթացքում"},"$x":[{"t":"idOrVar","v":"plural"},"value"]},{"$i":"hours-until-long","$v":{"few":[{"t":"idOrVar","v":"value"}," ժամից"],"many":[{"t":"idOrVar","v":"value"}," ժամից"],"other":[{"t":"idOrVar","v":"value"}," ժամից"],"two":[{"t":"idOrVar","v":"value"}," ժամից"],"zero":"հիմա","one":"1 ժամում"},"$x":[{"t":"idOrVar","v":"plural"},"value"]},{"$i":"days-until-long","$v":{"few":[{"t":"idOrVar","v":"value"}," օրից"],"many":[{"t":"idOrVar","v":"value"}," օրից"],"one":"վաղը","other":[{"t":"idOrVar","v":"value"}," օրից"],"two":[{"t":"idOrVar","v":"value"}," օրից"],"zero":"այսօր"},"$x":[{"t":"idOrVar","v":"plural"},"value"]},{"$i":"weeks-until-long","$v":{"few":[{"t":"idOrVar","v":"value"}," շաբաթից"],"many":[{"t":"idOrVar","v":"value"}," շաբաթից"],"one":"հաջորդ շաբաթ","other":[{"t":"idOrVar","v":"value"}," շաբաթից"],"two":[{"t":"idOrVar","v":"value"}," շաբաթից"],"zero":"այս շաբաթ"},"$x":[{"t":"idOrVar","v":"plural"},"value"]},{"$i":"months-until-long","$v":{"few":[{"t":"idOrVar","v":"value"}," ամսից"],"many":[{"t":"idOrVar","v":"value"}," ամսից"],"one":"հաջորդ ամիս","other":[{"t":"idOrVar","v":"value"}," ամսից"],"two":[{"t":"idOrVar","v":"value"}," ամսից"],"zero":"այս ամիս"},"$x":[{"t":"idOrVar","v":"plural"},"value"]},{"$i":"years-until-long","$v":{"few":[{"t":"idOrVar","v":"value"}," տարուց"],"many":[{"t":"idOrVar","v":"value"}," տարուց"],"one":"հաջորդ տարի","other":[{"t":"idOrVar","v":"value"}," տարուց"],"two":[{"t":"idOrVar","v":"value"}," տարուց"],"zero":"այս տարի"},"$x":[{"t":"idOrVar","v":"plural"},"value"]},{"$i":"minutes-ago-short","$v":{"other":[{"t":"idOrVar","v":"value"}," ր առաջ"],"zero":"հենց նոր"},"$x":[{"t":"idOrVar","v":"plural"},"value"]},{"$i":"hours-ago-short","$v":{"other":[{"t":"idOrVar","v":"value"}," ժ առաջ"],"zero":"հենց նոր"},"$x":[{"t":"idOrVar","v":"plural"},"value"]},{"$i":"days-ago-short","$v":{"other":[{"t":"idOrVar","v":"value"}," օր առաջ"],"zero":"այսօր"},"$x":[{"t":"idOrVar","v":"plural"},"value"]},{"$i":"minutes-until-short","$v":{"other":[{"t":"idOrVar","v":"value"}," ր-ից"],"zero":"հիմա"},"$x":[{"t":"idOrVar","v":"plural"},"value"]},{"$i":"hours-until-short","$v":{"other":[{"t":"idOrVar","v":"value"}," ժ-ից"],"zero":"հիմա"},"$x":[{"t":"idOrVar","v":"plural"},"value"]},{"$i":"days-until-short","$v":{"other":[{"t":"idOrVar","v":"value"}," օրից"],"zero":"այսօր"},"$x":[{"t":"idOrVar","v":"plural"},"value"]},{"$i":"incorrectDate","$v":"(սխալ ամսաթիվ)"},{"$i":"dateTimeFormat_%c","$v":"%a %b %e %Y %I:%M:%S %p"},{"$i":"dateTimeFormat_%x","$v":"%m/%d/%Y"},{"$i":"dateTimeFormat_%X","$v":"%I:%M:%S %p"},{"$i":"shortTimeFormat","$v":"%I:%M %p"},{"$i":"shortTimeFormat12","$v":"%I:%M %p"},{"$i":"shortTimeFormat24","$v":"%H:%M"},{"$i":"shortDateTimeFormat","$v":"%x %I:%M %p"},{"$i":"weekStartsOnMonday","$v":"0.0"},{"$i":"firstDayOfTheWeek","$v":"1.0"},{"$i":"time_am","$v":"AM"},{"$i":"time_pm","$v":"PM"}]