[{"$i":"notes","$v":"შენიშვნა"},{"$i":"new","$v":"ახალი"},{"$i":"enter","$v":"შესვლა"},{"$i":"edit","$v":"რედაქტირება"},{"$i":"select","$v":"არჩევა"},{"$i":"delete","$v":"წაშლა"},{"$i":"share","$v":"გაზიარება"},{"$i":"search","$v":"ძებნა"},{"$i":"sort-by","$v":"დალაგება"},{"$i":"done","$v":"დას."},{"$i":"note-deleted","$v":"შენიშვნა წაშლილია."},{"$i":"delete-confirm","$v":"დადასტურება"},{"$i":"save-note","$v":"ჩანაწერში შენახული."},{"$i":"delete-notes","$v":{"one":"შენიშვნა წაშლილია.","zero":"შენიშვნა წაშლილია.","few":[{"t":"idOrVar","v":"n"}," შენიშვნა წაიშალა."],"many":[{"t":"idOrVar","v":"n"}," შენიშვნა წაიშალა."],"other":[{"t":"idOrVar","v":"n"}," შენიშვნა წაიშალა."],"two":[{"t":"idOrVar","v":"n"}," შენიშვნა წაიშალა."]},"$x":[{"t":"idOrVar","v":"plural"},"n"]},{"$i":"share-by-mail","$v":"ელფოსტა"},{"$i":"share-by-sms","$v":"შეტყობინებები"},{"$i":"share-by-bluetooth","$v":"ბლუთუზი"},{"$i":"sort-by-date-edited","$v":"თარიღი რედაქტირებულია"},{"$i":"sort-by-date-created","$v":"თარიღი შექმნილია"},{"$i":"sort-by-title","$v":"სათაური"},{"$i":"cancel","$v":"გაუქმება"},{"$i":"options","$v":"ვარიანტები"},{"$i":"save","$v":"შენახვა"},{"$i":"discard","$v":"გაუქმება"},{"$i":"multi-select","$v":"აირჩიეთ მრავალი"},{"$i":"multi-del","$v":{"few":["წაიშალოს ",{"t":"idOrVar","v":"n"}," შენიშვნა?"],"many":["წაიშალოს ",{"t":"idOrVar","v":"n"}," შენიშვნა?"],"one":"წაიშალოს შენიშვნა?","other":["წაიშალოს ",{"t":"idOrVar","v":"n"}," შენიშვნა?"],"two":["წაიშალოს ",{"t":"idOrVar","v":"n"}," შენიშვნა?"],"zero":"წავშალო შენიშვნა?"},"$x":[{"t":"idOrVar","v":"plural"},"n"]},{"$i":"select-all","$v":"ყველა"},{"$i":"deselect-all","$v":"არცერთი"},{"$i":"deselect","$v":"მონიშვნის მოხსნა"},{"$i":"number-selected","$v":{"few":[{"t":"idOrVar","v":"number"}," არჩეული"],"many":[{"t":"idOrVar","v":"number"}," არჩეული"],"one":[{"t":"idOrVar","v":"number"}," არჩეული"],"other":[{"t":"idOrVar","v":"number"}," არჩეული"],"two":[{"t":"idOrVar","v":"number"}," არჩეული"],"zero":[{"t":"idOrVar","v":"number"}," არჩეული"]},"$x":[{"t":"idOrVar","v":"plural"},"number"]},{"$i":"max-amount-title","$v":"მაქს. რაოდენობა მიღწეულია"},{"$i":"max-amount-content","$v":"ახალი ჩანაწერის შექმნა შეუძლებელია. თქვენ მიაღწიეთ ჩანაწერების მაქს. რაოდენობას. გთხოვთ წაშალოთ წინა ჩანაწერები."},{"$i":"max-length-exceed","$v":"ჩანაწ. მაქს. სიგრძე გადაჭარბებულია."},{"$i":"no-notes","$v":"შენიშვნა ცარიელია, ახალი შენიშვნის დასამატებლად გთხოვთ დააჭირეთ ღილაკს “ახალი”."},{"$i":"search-message","$v":"გთხოვთ, შეიყვანოთ საკვანძო სიტყვები."},{"$i":"full-storage-title","$v":"მეხსიერება სავსეა"},{"$i":"full-storage-content","$v":"თქვენ შეგიძლიათ წაშალოთ რამდენიმე მედია ფაილი ან მართოთ აპლიკ. მონაცემები ცოტაოდენი სივრცის გასათავისუფლებლად."},{"$i":"go-to-settings","$v":"პარამეტრებში შესვლა"},{"$i":"deleteNote","$v":"წავშალო შენიშვნა?"},{"$i":"sortby-editTime","$v":"დალაგებულია რედაქტირების თარიღ. მიხედვით."},{"$i":"sortby-createTime","$v":"დალაგებულია შექმნის თარიღ. მიხედვით."},{"$i":"sortby-title","$v":"დალაგებულია სათაურის მიხედვით."},{"$i":"confirmation-title","$v":"დადასტურება"},{"$i":"cancel-confirmation-content","$v":"ბოლო რედაქტირება უარყოფილი იქნება. გსურთ ამ შენიშვნის შენახვა?"},{"$i":"today","$v":"დღეს"},{"$i":"yesterday","$v":"გუშინ"},{"$i":"ok","$v":"კარგი"},{"$i":"file-large-title","$v":"ფაილი მეტისმეტად დიდია"},{"$i":"file-large-content","$v":"თქვენი ჩანაწერის ფაილი მეტისმეტად დიდია შესანახად, წაშალეთ ზოგიერთი შიგთავსი და კიდევ სცადოთ."},{"$i":"weekday-0-long","$v":"კვირა"},{"$i":"weekday-1-long","$v":"ორშაბათი"},{"$i":"weekday-2-long","$v":"სამშაბათი"},{"$i":"weekday-3-long","$v":"ოთხშაბათი"},{"$i":"weekday-4-long","$v":"ხუთშაბათი"},{"$i":"weekday-5-long","$v":"პარასკევი"},{"$i":"weekday-6-long","$v":"შაბათი"},{"$i":"weekday-0-short","$v":"კვი"},{"$i":"weekday-1-short","$v":"ორშ"},{"$i":"weekday-2-short","$v":"სამ"},{"$i":"weekday-3-short","$v":"ოთხ"},{"$i":"weekday-4-short","$v":"ხუთ"},{"$i":"weekday-5-short","$v":"პარ"},{"$i":"weekday-6-short","$v":"შაბ"},{"$i":"month-0-long","$v":"იანვარი"},{"$i":"month-1-long","$v":"თებერვალი"},{"$i":"month-2-long","$v":"მარტი"},{"$i":"month-3-long","$v":"აპრილი"},{"$i":"month-4-long","$v":"მაისი"},{"$i":"month-5-long","$v":"ივნისი"},{"$i":"month-6-long","$v":"ივლისი"},{"$i":"month-7-long","$v":"აგვისტო"},{"$i":"month-8-long","$v":"სექტემბერი"},{"$i":"month-9-long","$v":"ოქტომბერი"},{"$i":"month-10-long","$v":"ნოემბერი"},{"$i":"month-11-long","$v":"დეკემბერი"},{"$i":"month-0-genitive","$v":"იანვარი"},{"$i":"month-1-genitive","$v":"თებერვალი"},{"$i":"month-2-genitive","$v":"მარტი"},{"$i":"month-3-genitive","$v":"აპრილი"},{"$i":"month-4-genitive","$v":"მაისი"},{"$i":"month-5-genitive","$v":"ივნისი"},{"$i":"month-6-genitive","$v":"ივლისი"},{"$i":"month-7-genitive","$v":"აგვისტო"},{"$i":"month-8-genitive","$v":"სექტემბერი"},{"$i":"month-9-genitive","$v":"ოქტომბერი"},{"$i":"month-10-genitive","$v":"ნოემბერი"},{"$i":"month-11-genitive","$v":"დეკემბერი"},{"$i":"month-0-short","$v":"იანვ"},{"$i":"month-1-short","$v":"თებ"},{"$i":"month-2-short","$v":"მარ"},{"$i":"month-3-short","$v":"აპრ"},{"$i":"month-4-short","$v":"მაისი"},{"$i":"month-5-short","$v":"ივნ"},{"$i":"month-6-short","$v":"ივლ"},{"$i":"month-7-short","$v":"აგვ"},{"$i":"month-8-short","$v":"სექ"},{"$i":"month-9-short","$v":"ოქტ"},{"$i":"month-10-short","$v":"ნოე"},{"$i":"month-11-short","$v":"დეკ"},{"$i":"minutes-ago-long","$v":{"few":[{"t":"idOrVar","v":"value"}," წუთის წინ"],"many":[{"t":"idOrVar","v":"value"}," წუთის წინ"],"other":[{"t":"idOrVar","v":"value"}," წუთის წინ"],"two":[{"t":"idOrVar","v":"value"}," წუთის წინ"],"one":"ერთი წუთის წინ","zero":"ეს-ეს არის"},"$x":[{"t":"idOrVar","v":"plural"},"value"]},{"$i":"hours-ago-long","$v":{"few":[{"t":"idOrVar","v":"value"}," საათის წინ"],"many":[{"t":"idOrVar","v":"value"}," საათის წინ"],"other":[{"t":"idOrVar","v":"value"}," საათის წინ"],"two":[{"t":"idOrVar","v":"value"}," საათის წინ"],"one":"1 საათის წინ","zero":"ეს-ეს არის"},"$x":[{"t":"idOrVar","v":"plural"},"value"]},{"$i":"days-ago-long","$v":{"few":[{"t":"idOrVar","v":"value"}," დღის წინ"],"many":[{"t":"idOrVar","v":"value"}," დღის წინ"],"one":"გუშინ","other":[{"t":"idOrVar","v":"value"}," დღის წინ"],"two":[{"t":"idOrVar","v":"value"}," დღის წინ"],"zero":"დღეს"},"$x":[{"t":"idOrVar","v":"plural"},"value"]},{"$i":"weeks-ago-long","$v":{"few":[{"t":"idOrVar","v":"value"}," კვირის წინ"],"many":[{"t":"idOrVar","v":"value"}," კვირის წინ"],"one":"გასული კვირა","other":[{"t":"idOrVar","v":"value"}," კვირის წინ"],"two":[{"t":"idOrVar","v":"value"}," კვირის წინ"],"zero":"ეს კვირა"},"$x":[{"t":"idOrVar","v":"plural"},"value"]},{"$i":"months-ago-long","$v":{"few":[{"t":"idOrVar","v":"value"}," თვის წინ"],"many":[{"t":"idOrVar","v":"value"}," თვის წინ"],"one":"გასული თვე","other":[{"t":"idOrVar","v":"value"}," თვის წინ"],"two":[{"t":"idOrVar","v":"value"}," თვის წინ"],"zero":"ეს თვე"},"$x":[{"t":"idOrVar","v":"plural"},"value"]},{"$i":"years-ago-long","$v":{"few":[{"t":"idOrVar","v":"value"}," წლის წინ"],"many":[{"t":"idOrVar","v":"value"}," წლის წინ"],"one":"გასული წელი","other":[{"t":"idOrVar","v":"value"}," წლის წინ"],"two":[{"t":"idOrVar","v":"value"}," წლის წინ"],"zero":"ეს წელი"},"$x":[{"t":"idOrVar","v":"plural"},"value"]},{"$i":"minutes-until-long","$v":{"few":[{"t":"idOrVar","v":"value"}," წუთში"],"many":[{"t":"idOrVar","v":"value"}," წუთში"],"other":[{"t":"idOrVar","v":"value"}," წუთში"],"two":[{"t":"idOrVar","v":"value"}," წუთში"],"zero":"ახლა","one":"1 წუთში"},"$x":[{"t":"idOrVar","v":"plural"},"value"]},{"$i":"hours-until-long","$v":{"few":[{"t":"idOrVar","v":"value"}," საათში"],"many":[{"t":"idOrVar","v":"value"}," საათში"],"other":[{"t":"idOrVar","v":"value"}," საათში"],"two":[{"t":"idOrVar","v":"value"}," საათში"],"zero":"ახლა","one":"1 საათში"},"$x":[{"t":"idOrVar","v":"plural"},"value"]},{"$i":"days-until-long","$v":{"few":[{"t":"idOrVar","v":"value"}," დღეში"],"many":[{"t":"idOrVar","v":"value"}," დღეში"],"one":"ხვალ","other":[{"t":"idOrVar","v":"value"}," დღეში"],"two":[{"t":"idOrVar","v":"value"}," დღეში"],"zero":"დღეს"},"$x":[{"t":"idOrVar","v":"plural"},"value"]},{"$i":"weeks-until-long","$v":{"few":[{"t":"idOrVar","v":"value"}," კვირაში"],"many":[{"t":"idOrVar","v":"value"}," კვირაში"],"one":"მომდევნო კვირა","other":[{"t":"idOrVar","v":"value"}," კვირაში"],"two":[{"t":"idOrVar","v":"value"}," კვირაში"],"zero":"ეს კვირა"},"$x":[{"t":"idOrVar","v":"plural"},"value"]},{"$i":"months-until-long","$v":{"few":[{"t":"idOrVar","v":"value"}," თვეში"],"many":[{"t":"idOrVar","v":"value"}," თვეში"],"one":"მომდევნო თვე","other":[{"t":"idOrVar","v":"value"}," თვეში"],"two":[{"t":"idOrVar","v":"value"}," თვეში"],"zero":"ეს თვე"},"$x":[{"t":"idOrVar","v":"plural"},"value"]},{"$i":"years-until-long","$v":{"few":[{"t":"idOrVar","v":"value"}," წელში"],"many":[{"t":"idOrVar","v":"value"}," წელში"],"one":"მომდევნო წელი","other":[{"t":"idOrVar","v":"value"}," წელში"],"two":[{"t":"idOrVar","v":"value"}," წელში"],"zero":"ეს წელი"},"$x":[{"t":"idOrVar","v":"plural"},"value"]},{"$i":"minutes-ago-short","$v":{"other":[{"t":"idOrVar","v":"value"},"თ წინ"],"zero":"ეს-ეს არის"},"$x":[{"t":"idOrVar","v":"plural"},"value"]},{"$i":"hours-ago-short","$v":{"other":[{"t":"idOrVar","v":"value"},"სთ წინ"],"zero":"ეს-ეს არის"},"$x":[{"t":"idOrVar","v":"plural"},"value"]},{"$i":"days-ago-short","$v":{"other":[{"t":"idOrVar","v":"value"},"დ წინ"],"zero":"დღეს"},"$x":[{"t":"idOrVar","v":"plural"},"value"]},{"$i":"minutes-until-short","$v":{"other":[{"t":"idOrVar","v":"value"},"წთ-ში"],"zero":"ახლა"},"$x":[{"t":"idOrVar","v":"plural"},"value"]},{"$i":"hours-until-short","$v":{"other":[{"t":"idOrVar","v":"value"},"სთ-ში"],"zero":"ახლა"},"$x":[{"t":"idOrVar","v":"plural"},"value"]},{"$i":"days-until-short","$v":{"other":[{"t":"idOrVar","v":"value"},"დღ-ში"],"zero":"დღეს"},"$x":[{"t":"idOrVar","v":"plural"},"value"]},{"$i":"incorrectDate","$v":"(არასწორი თარიღი)"},{"$i":"dateTimeFormat_%c","$v":"%a %b %e %Y %I:%M:%S %p"},{"$i":"dateTimeFormat_%x","$v":"%m/%d/%Y"},{"$i":"dateTimeFormat_%X","$v":"%I:%M:%S %p"},{"$i":"shortTimeFormat","$v":"%I:%M %p"},{"$i":"shortTimeFormat12","$v":"%I:%M %p"},{"$i":"shortTimeFormat24","$v":"%H:%M"},{"$i":"shortDateTimeFormat","$v":"%x %I:%M %p"},{"$i":"weekStartsOnMonday","$v":"0.0"},{"$i":"firstDayOfTheWeek","$v":"1.0"},{"$i":"time_am","$v":"AM"},{"$i":"time_pm","$v":"PM"}]