[{"$i":"notes","$v":"Жазба"},{"$i":"new","$v":"Жаңа"},{"$i":"enter","$v":"Енгізу"},{"$i":"edit","$v":"Өзгерту"},{"$i":"select","$v":"Таңдау"},{"$i":"delete","$v":"Жою"},{"$i":"share","$v":"Бөлісу"},{"$i":"search","$v":"Іздеу"},{"$i":"sort-by","$v":"Сұрыптау реті"},{"$i":"done","$v":"Болды"},{"$i":"note-deleted","$v":"Жазба жойылды."},{"$i":"delete-confirm","$v":"Растау"},{"$i":"save-note","$v":"Ескертуде сақталған."},{"$i":"delete-notes","$v":{"one":"Жазба жойылды.","zero":"Жазба жойылды.","few":[{"t":"idOrVar","v":"n"}," жазба жойылды."],"many":[{"t":"idOrVar","v":"n"}," жазба жойылды."],"other":[{"t":"idOrVar","v":"n"}," жазба жойылды."],"two":[{"t":"idOrVar","v":"n"}," жазба жойылды."]},"$x":[{"t":"idOrVar","v":"plural"},"n"]},{"$i":"share-by-mail","$v":"Электрондық пошта"},{"$i":"share-by-sms","$v":"Хабарлар"},{"$i":"share-by-bluetooth","$v":"блютуз"},{"$i":"sort-by-date-edited","$v":"Күн өзгертілді"},{"$i":"sort-by-date-created","$v":"Күн жасалды"},{"$i":"sort-by-title","$v":"Тақырып"},{"$i":"cancel","$v":"Бас тарту"},{"$i":"options","$v":"Опциялар"},{"$i":"save","$v":"Сақтау"},{"$i":"discard","$v":"Бас тарту"},{"$i":"multi-select","$v":"Бірнешеуді таңдау"},{"$i":"multi-del","$v":{"few":[{"t":"idOrVar","v":"n"}," ескертпені жою керек пе?"],"many":[{"t":"idOrVar","v":"n"}," ескертпені жою керек пе?"],"one":"Ескертпені жою керек пе?","other":[{"t":"idOrVar","v":"n"}," ескертпені жою керек пе?"],"two":[{"t":"idOrVar","v":"n"}," ескертпені жою керек пе?"],"zero":"Жазбаны жою керек пе?"},"$x":[{"t":"idOrVar","v":"plural"},"n"]},{"$i":"select-all","$v":"Барлығы"},{"$i":"deselect-all","$v":"Жоқ"},{"$i":"deselect","$v":"Таңдауды алу"},{"$i":"number-selected","$v":{"few":[{"t":"idOrVar","v":"number"}," таңдалды"],"many":[{"t":"idOrVar","v":"number"}," таңдалды"],"one":[{"t":"idOrVar","v":"number"}," таңдалды"],"other":[{"t":"idOrVar","v":"number"}," таңдалды"],"two":[{"t":"idOrVar","v":"number"}," таңдалды"],"zero":[{"t":"idOrVar","v":"number"}," таңдалды"]},"$x":[{"t":"idOrVar","v":"plural"},"number"]},{"$i":"max-amount-title","$v":"Максимал санына жетті"},{"$i":"max-amount-content","$v":"Жаңа жазба жасау мүмкін емес. Жазбалардың максимал санына жеттіңіз. Алдыңғы жазбаларды жойыңыз."},{"$i":"max-length-exceed","$v":"Жазбаның максимал ұзындығынан асып кетті."},{"$i":"no-notes","$v":"Жазба бос, жаңа жазба қосу үшін \"Жаңа\" түймесін басыңыз."},{"$i":"search-message","$v":"Құпиясөздерді енгізіңіз."},{"$i":"full-storage-title","$v":"Жад толы"},{"$i":"full-storage-content","$v":"Орын босату үшін кейбір медиа файлдарын жоюға немесе қолданба деректерін басқаруға болады."},{"$i":"go-to-settings","$v":"Параметрлерге өту"},{"$i":"deleteNote","$v":"Жазбаны жою керек пе?"},{"$i":"sortby-editTime","$v":"Өзгертілген күні бойынша сұрыпталды."},{"$i":"sortby-createTime","$v":"Жасалған күні бойынша сұрыпталды."},{"$i":"sortby-title","$v":"Тақырыбы бойынша сұрыпталды."},{"$i":"confirmation-title","$v":"Растау"},{"$i":"cancel-confirmation-content","$v":"Соңғы өзгеріс алып тасталады. Осы жазбаны сақтағыңыз келе ме?"},{"$i":"today","$v":"Бүгін"},{"$i":"yesterday","$v":"Кеше"},{"$i":"ok","$v":"OK"},{"$i":"file-large-title","$v":"Файл тым үлкен"},{"$i":"file-large-content","$v":"Жазба файлы сақтау үшін тым үлкен, кейбір контентті жойып, қайталап көріңіз."},{"$i":"weekday-0-long","$v":"Жексенбі"},{"$i":"weekday-1-long","$v":"Дүйсенбі"},{"$i":"weekday-2-long","$v":"Сейсенбі"},{"$i":"weekday-3-long","$v":"Сәрсенбі"},{"$i":"weekday-4-long","$v":"Бейсенбі"},{"$i":"weekday-5-long","$v":"Жұма"},{"$i":"weekday-6-long","$v":"Сенбі"},{"$i":"weekday-0-short","$v":"Жс"},{"$i":"weekday-1-short","$v":"Дс"},{"$i":"weekday-2-short","$v":"Сс"},{"$i":"weekday-3-short","$v":"Ср"},{"$i":"weekday-4-short","$v":"Бс"},{"$i":"weekday-5-short","$v":"Жм"},{"$i":"weekday-6-short","$v":"Сб"},{"$i":"month-0-long","$v":"Қаңтар"},{"$i":"month-1-long","$v":"Ақпан"},{"$i":"month-2-long","$v":"Наурыз"},{"$i":"month-3-long","$v":"Сәуір"},{"$i":"month-4-long","$v":"Мамыр"},{"$i":"month-5-long","$v":"Маусым"},{"$i":"month-6-long","$v":"Шілде"},{"$i":"month-7-long","$v":"Тамыз"},{"$i":"month-8-long","$v":"Қыркүйек"},{"$i":"month-9-long","$v":"Қазан"},{"$i":"month-10-long","$v":"Қараша"},{"$i":"month-11-long","$v":"Желтоқсан"},{"$i":"month-0-genitive","$v":"Қаңтар"},{"$i":"month-1-genitive","$v":"Ақпан"},{"$i":"month-2-genitive","$v":"Наурыз"},{"$i":"month-3-genitive","$v":"Сәуір"},{"$i":"month-4-genitive","$v":"Мам"},{"$i":"month-5-genitive","$v":"Маусым"},{"$i":"month-6-genitive","$v":"Шілде"},{"$i":"month-7-genitive","$v":"Тамыз"},{"$i":"month-8-genitive","$v":"Қыркүйек"},{"$i":"month-9-genitive","$v":"Қазан"},{"$i":"month-10-genitive","$v":"Қараша"},{"$i":"month-11-genitive","$v":"Желтоқсан"},{"$i":"month-0-short","$v":"Қаң"},{"$i":"month-1-short","$v":"Ақп"},{"$i":"month-2-short","$v":"Нау"},{"$i":"month-3-short","$v":"Сәу"},{"$i":"month-4-short","$v":"Мам"},{"$i":"month-5-short","$v":"Мау"},{"$i":"month-6-short","$v":"Шілде"},{"$i":"month-7-short","$v":"Там"},{"$i":"month-8-short","$v":"Қыр"},{"$i":"month-9-short","$v":"Қаз"},{"$i":"month-10-short","$v":"Қар"},{"$i":"month-11-short","$v":"Жел"},{"$i":"minutes-ago-long","$v":{"few":[{"t":"idOrVar","v":"value"}," минут бұрын"],"many":[{"t":"idOrVar","v":"value"}," минут бұрын"],"other":[{"t":"idOrVar","v":"value"}," минут бұрын"],"two":[{"t":"idOrVar","v":"value"}," минут бұрын"],"one":"бір минут бұрын","zero":"қазір ғана"},"$x":[{"t":"idOrVar","v":"plural"},"value"]},{"$i":"hours-ago-long","$v":{"few":[{"t":"idOrVar","v":"value"}," сағат бұрын"],"many":[{"t":"idOrVar","v":"value"}," сағат бұрын"],"other":[{"t":"idOrVar","v":"value"}," сағат бұрын"],"two":[{"t":"idOrVar","v":"value"}," сағат бұрын"],"one":"1 сағат бұрын","zero":"қазір ғана"},"$x":[{"t":"idOrVar","v":"plural"},"value"]},{"$i":"days-ago-long","$v":{"few":[{"t":"idOrVar","v":"value"}," күн бұрын"],"many":[{"t":"idOrVar","v":"value"}," күн бұрын"],"one":"кеше","other":[{"t":"idOrVar","v":"value"}," күн бұрын"],"two":[{"t":"idOrVar","v":"value"}," күн бұрын"],"zero":"бүгін"},"$x":[{"t":"idOrVar","v":"plural"},"value"]},{"$i":"weeks-ago-long","$v":{"few":[{"t":"idOrVar","v":"value"}," апта бұрын"],"many":[{"t":"idOrVar","v":"value"}," апта бұрын"],"one":"өткен апта","other":[{"t":"idOrVar","v":"value"}," апта бұрын"],"two":[{"t":"idOrVar","v":"value"}," апта бұрын"],"zero":"осы апта"},"$x":[{"t":"idOrVar","v":"plural"},"value"]},{"$i":"months-ago-long","$v":{"few":[{"t":"idOrVar","v":"value"}," ай бұрын"],"many":[{"t":"idOrVar","v":"value"}," ай бұрын"],"one":"өткен ай","other":[{"t":"idOrVar","v":"value"}," ай бұрын"],"two":[{"t":"idOrVar","v":"value"}," ай бұрын"],"zero":"осы ай"},"$x":[{"t":"idOrVar","v":"plural"},"value"]},{"$i":"years-ago-long","$v":{"few":[{"t":"idOrVar","v":"value"}," жыл бұрын"],"many":[{"t":"idOrVar","v":"value"}," жыл бұрын"],"one":"өткен жыл","other":[{"t":"idOrVar","v":"value"}," жыл бұрын"],"two":[{"t":"idOrVar","v":"value"}," жыл бұрын"],"zero":"осы жыл"},"$x":[{"t":"idOrVar","v":"plural"},"value"]},{"$i":"minutes-until-long","$v":{"few":[{"t":"idOrVar","v":"value"}," минутта"],"many":[{"t":"idOrVar","v":"value"}," минутта"],"other":[{"t":"idOrVar","v":"value"}," минутта"],"two":[{"t":"idOrVar","v":"value"}," минутта"],"zero":"қазір","one":"1 минут ішінде"},"$x":[{"t":"idOrVar","v":"plural"},"value"]},{"$i":"hours-until-long","$v":{"few":[{"t":"idOrVar","v":"value"}," сағатта"],"many":[{"t":"idOrVar","v":"value"}," сағатта"],"other":[{"t":"idOrVar","v":"value"}," сағатта"],"two":[{"t":"idOrVar","v":"value"}," сағатта"],"zero":"қазір","one":"1 сағатта"},"$x":[{"t":"idOrVar","v":"plural"},"value"]},{"$i":"days-until-long","$v":{"few":[{"t":"idOrVar","v":"value"}," күнде"],"many":[{"t":"idOrVar","v":"value"}," күнде"],"one":"ертең","other":[{"t":"idOrVar","v":"value"}," күнде"],"two":[{"t":"idOrVar","v":"value"}," күнде"],"zero":"бүгін"},"$x":[{"t":"idOrVar","v":"plural"},"value"]},{"$i":"weeks-until-long","$v":{"few":[{"t":"idOrVar","v":"value"}," аптада"],"many":[{"t":"idOrVar","v":"value"}," аптада"],"one":"келесі апта","other":[{"t":"idOrVar","v":"value"}," аптада"],"two":[{"t":"idOrVar","v":"value"}," аптада"],"zero":"осы апта"},"$x":[{"t":"idOrVar","v":"plural"},"value"]},{"$i":"months-until-long","$v":{"few":[{"t":"idOrVar","v":"value"}," айда"],"many":[{"t":"idOrVar","v":"value"}," айда"],"one":"келесі ай","other":[{"t":"idOrVar","v":"value"}," айда"],"two":[{"t":"idOrVar","v":"value"}," айда"],"zero":"осы ай"},"$x":[{"t":"idOrVar","v":"plural"},"value"]},{"$i":"years-until-long","$v":{"few":[{"t":"idOrVar","v":"value"}," жылда"],"many":[{"t":"idOrVar","v":"value"}," жылда"],"one":"келесі жыл","other":[{"t":"idOrVar","v":"value"}," жылда"],"two":[{"t":"idOrVar","v":"value"}," жылда"],"zero":"осы жыл"},"$x":[{"t":"idOrVar","v":"plural"},"value"]},{"$i":"minutes-ago-short","$v":{"other":[{"t":"idOrVar","v":"value"}," минут бұрын"],"zero":"қазір ғана"},"$x":[{"t":"idOrVar","v":"plural"},"value"]},{"$i":"hours-ago-short","$v":{"other":[{"t":"idOrVar","v":"value"}," сағат бұрын"],"zero":"қазір ғана"},"$x":[{"t":"idOrVar","v":"plural"},"value"]},{"$i":"days-ago-short","$v":{"other":[{"t":"idOrVar","v":"value"}," күн бұрын"],"zero":"бүгін"},"$x":[{"t":"idOrVar","v":"plural"},"value"]},{"$i":"minutes-until-short","$v":{"other":[{"t":"idOrVar","v":"value"}," минутта"],"zero":"қазір"},"$x":[{"t":"idOrVar","v":"plural"},"value"]},{"$i":"hours-until-short","$v":{"other":[{"t":"idOrVar","v":"value"}," сағатта"],"zero":"қазір"},"$x":[{"t":"idOrVar","v":"plural"},"value"]},{"$i":"days-until-short","$v":{"other":[{"t":"idOrVar","v":"value"}," күнде"],"zero":"бүгін"},"$x":[{"t":"idOrVar","v":"plural"},"value"]},{"$i":"incorrectDate","$v":"(дұрыс емес күн)"},{"$i":"dateTimeFormat_%c","$v":"%a %b %e %Y %I:%M:%S %p"},{"$i":"dateTimeFormat_%x","$v":"%m/%d/%Y"},{"$i":"dateTimeFormat_%X","$v":"%I:%M:%S %p"},{"$i":"shortTimeFormat","$v":"%I:%M %p"},{"$i":"shortTimeFormat12","$v":"%I:%M %p"},{"$i":"shortTimeFormat24","$v":"%H:%M"},{"$i":"shortDateTimeFormat","$v":"%x %I:%M %p"},{"$i":"weekStartsOnMonday","$v":"0.0"},{"$i":"firstDayOfTheWeek","$v":"1.0"},{"$i":"time_am","$v":"ТД"},{"$i":"time_pm","$v":"түстен кейін"}]