[{"$i":"notes","$v":"កំណត់​សម្គាល់"},{"$i":"new","$v":"ថ្មី"},{"$i":"enter","$v":"បញ្ចូល"},{"$i":"edit","$v":"កែ​សម្រួល"},{"$i":"select","$v":"ជ្រើស"},{"$i":"delete","$v":"លុប"},{"$i":"share","$v":"ចែក​រំលែក"},{"$i":"search","$v":"ស្វែង​រក"},{"$i":"sort-by","$v":"តម្រៀប​តាម"},{"$i":"done","$v":"រួច​រាល់"},{"$i":"note-deleted","$v":"បាន​លុប​កំណត់​សម្គាល់។"},{"$i":"delete-confirm","$v":"ការបញ្ជាក់"},{"$i":"save-note","$v":"បានរក្សាទុកនៅក្នុងកំណត់ត្រា។"},{"$i":"delete-notes","$v":{"one":"បាន​លុប​កំណត់​សម្គាល់។","zero":"បាន​លុប​កំណត់​សម្គាល់។","few":["បាន​លុប​កំណត់សម្គាល់ ",{"t":"idOrVar","v":"n"},"។"],"many":["បាន​លុប​កំណត់សម្គាល់ ",{"t":"idOrVar","v":"n"},"។"],"other":["បាន​លុប​កំណត់សម្គាល់ ",{"t":"idOrVar","v":"n"},"។"],"two":["បាន​លុប​កំណត់សម្គាល់ ",{"t":"idOrVar","v":"n"},"។"]},"$x":[{"t":"idOrVar","v":"plural"},"n"]},{"$i":"share-by-mail","$v":"អ៊ីមែល"},{"$i":"share-by-sms","$v":"សារ"},{"$i":"share-by-bluetooth","$v":"Bluetooth"},{"$i":"sort-by-date-edited","$v":"បាន​កែ​សម្រួល​កាល​បរិច្ឆេទ"},{"$i":"sort-by-date-created","$v":"កាល​បរិច្ឆេទ​បង្កើត៖"},{"$i":"sort-by-title","$v":"ចំណង​ជើង"},{"$i":"cancel","$v":"បោះបង់"},{"$i":"options","$v":"ជម្រើស"},{"$i":"save","$v":"រក្សា​ទុក"},{"$i":"discard","$v":"បោះបង់"},{"$i":"multi-select","$v":"ជ្រើស​ច្រើន"},{"$i":"multi-del","$v":{"few":["លុបការកត់សម្គាល់ ",{"t":"idOrVar","v":"n"},"?"],"many":["លុបការកត់សម្គាល់ ",{"t":"idOrVar","v":"n"},"?"],"one":"លុប​កំណត់​សម្គាល់​ឬ?","other":["លុបការកត់សម្គាល់ ",{"t":"idOrVar","v":"n"},"?"],"two":["លុបការកត់សម្គាល់ ",{"t":"idOrVar","v":"n"},"?"],"zero":"លុប​កំណត់​សម្គាល់​ឬ?"},"$x":[{"t":"idOrVar","v":"plural"},"n"]},{"$i":"select-all","$v":"ទាំងអស់"},{"$i":"deselect-all","$v":"គ្មាន"},{"$i":"deselect","$v":"ដក​ការជ្រើស"},{"$i":"number-selected","$v":{"few":["បាន​ជ្រើស ",{"t":"idOrVar","v":"number"}],"many":["បាន​ជ្រើស ",{"t":"idOrVar","v":"number"}],"one":["បាន​ជ្រើស ",{"t":"idOrVar","v":"number"}],"other":["បាន​ជ្រើស ",{"t":"idOrVar","v":"number"}],"two":["បាន​ជ្រើស ",{"t":"idOrVar","v":"number"}],"zero":["បាន​ជ្រើស ",{"t":"idOrVar","v":"number"}]},"$x":[{"t":"idOrVar","v":"plural"},"number"]},{"$i":"max-amount-title","$v":"ដល់​ចំនួន​ច្រើន​បំផុត​ហើយ"},{"$i":"max-amount-content","$v":"មិន​អាច​បង្កើត​កំណត់​សម្គាល់​ថ្មី​បាន​ទេ។ អ្នក​បាន​ដល់​ចំនួន​កំណត់​សម្គាល់​ច្រើន​បំផុត​ហើយ។ សូម​លុប​កំណត់​សម្គាល់​មុនៗ។"},{"$i":"max-length-exceed","$v":"លើស​ប្រវែង​កំណត់​សម្គាល់​អតិបរមា​ហើយ។"},{"$i":"no-notes","$v":"កំណត់​សម្គាល់​ទទេ សូម​ចុច​ថ្មី ដើម្បី​បន្ថែម​កំណត់​សម្គាល់​ថ្មី។"},{"$i":"search-message","$v":"សូម​បញ្ចូល​ពាក្យ​គន្លឹះ។"},{"$i":"full-storage-title","$v":"ឧបករណ៍​ផ្ទុក​ពេញ"},{"$i":"full-storage-content","$v":"អ្នក​អាច​លុប​ឯកសារ​មេឌៀ​មួយ​ចំនួន​បាន ឬ​គ្រប់គ្រង​ទិន្នន័យ​កម្មវិធី​ដើម្បី​បង្កើត​ទំហំ​ទំនេរ​ថែម​ទៀត។"},{"$i":"go-to-settings","$v":"ទៅ​កាន់​ការ​កំណត់"},{"$i":"deleteNote","$v":"លុប​កំណត់​សម្គាល់​ឬ?"},{"$i":"sortby-editTime","$v":"បាន​តម្រៀប​តាម​ថ្ងៃ​កែ។"},{"$i":"sortby-createTime","$v":"បាន​តម្រៀប​តាម​ថ្ងៃ​បង្កើត។"},{"$i":"sortby-title","$v":"តម្រៀប​តាម​ចំណង​ជើង។"},{"$i":"confirmation-title","$v":"ការបញ្ជាក់"},{"$i":"cancel-confirmation-content","$v":"ការកែប្រែចុងក្រោយនឹងត្រូវបានបោះបង់។ តើអ្នកចង់រក្សាទុកចំណាំនេះដែរឬទេ?"},{"$i":"today","$v":"ថ្ងៃ​នេះ"},{"$i":"yesterday","$v":"ម្សិល​មិញ"},{"$i":"ok","$v":"យល់ព្រម"},{"$i":"file-large-title","$v":"ឯកសារ​ធំ​ពេក"},{"$i":"file-large-content","$v":"ឯកសារ​កំណត់​សម្គាល់​របស់​អ្នក​ធំ​ពេក មិន​អាច​រក្សា​ទុក​បាន​ទេ។ សាកល្បង​លុប​ខ្លឹមសារ​មួយ​ចំនួន រួច​ព្យាយាម​ម្ដង​ទៀត។"},{"$i":"weekday-0-long","$v":"អាទិត្យ"},{"$i":"weekday-1-long","$v":"ចន្ទ"},{"$i":"weekday-2-long","$v":"អង្គារ"},{"$i":"weekday-3-long","$v":"ពុធ"},{"$i":"weekday-4-long","$v":"ព្រហស្បតិ៍"},{"$i":"weekday-5-long","$v":"សុក្រ"},{"$i":"weekday-6-long","$v":"សៅរ៍"},{"$i":"weekday-0-short","$v":"អា"},{"$i":"weekday-1-short","$v":"ច"},{"$i":"weekday-2-short","$v":"អ"},{"$i":"weekday-3-short","$v":"ពុ"},{"$i":"weekday-4-short","$v":"ព្រ"},{"$i":"weekday-5-short","$v":"សុ"},{"$i":"weekday-6-short","$v":"ស"},{"$i":"month-0-long","$v":"មករា"},{"$i":"month-1-long","$v":"កុម្ភៈ"},{"$i":"month-2-long","$v":"មីនា"},{"$i":"month-3-long","$v":"មេសា"},{"$i":"month-4-long","$v":"ឧសភា"},{"$i":"month-5-long","$v":"មិថុនា"},{"$i":"month-6-long","$v":"កក្កដា"},{"$i":"month-7-long","$v":"សីហា"},{"$i":"month-8-long","$v":"កញ្ញា"},{"$i":"month-9-long","$v":"តុលា"},{"$i":"month-10-long","$v":"វិច្ឆិកា"},{"$i":"month-11-long","$v":"ធ្នូ"},{"$i":"month-0-genitive","$v":"មករា"},{"$i":"month-1-genitive","$v":"កុម្ភៈ"},{"$i":"month-2-genitive","$v":"មីនា"},{"$i":"month-3-genitive","$v":"មេសា"},{"$i":"month-4-genitive","$v":"ឧសភា"},{"$i":"month-5-genitive","$v":"មិថុនា"},{"$i":"month-6-genitive","$v":"កក្កដា"},{"$i":"month-7-genitive","$v":"សីហា"},{"$i":"month-8-genitive","$v":"កញ្ញា"},{"$i":"month-9-genitive","$v":"តុលា"},{"$i":"month-10-genitive","$v":"វិច្ឆិកា"},{"$i":"month-11-genitive","$v":"ធ្នូ"},{"$i":"month-0-short","$v":"មករា"},{"$i":"month-1-short","$v":"កុម្ភៈ"},{"$i":"month-2-short","$v":"មីនា"},{"$i":"month-3-short","$v":"មេសា"},{"$i":"month-4-short","$v":"ឧសភា"},{"$i":"month-5-short","$v":"មិថុនា"},{"$i":"month-6-short","$v":"កក្កដា"},{"$i":"month-7-short","$v":"សីហា"},{"$i":"month-8-short","$v":"កញ្ញា"},{"$i":"month-9-short","$v":"តុលា"},{"$i":"month-10-short","$v":"វិច្ឆិកា"},{"$i":"month-11-short","$v":"ធ្នូ"},{"$i":"minutes-ago-long","$v":{"few":[{"t":"idOrVar","v":"value"}," នាទី​មុន"],"many":[{"t":"idOrVar","v":"value"}," នាទី​មុន"],"other":[{"t":"idOrVar","v":"value"}," នាទី​មុន"],"two":[{"t":"idOrVar","v":"value"}," នាទី​មុន"],"one":"មួយ​នាទី​មុន","zero":"អម្បាញ់​មិញ"},"$x":[{"t":"idOrVar","v":"plural"},"value"]},{"$i":"hours-ago-long","$v":{"few":[{"t":"idOrVar","v":"value"}," ម៉ោង​មុន"],"many":[{"t":"idOrVar","v":"value"}," ម៉ោង​មុន"],"other":[{"t":"idOrVar","v":"value"}," ម៉ោង​មុន"],"two":[{"t":"idOrVar","v":"value"}," ម៉ោង​មុន"],"one":"1 ម៉ោងមុន","zero":"អម្បាញ់​មិញ"},"$x":[{"t":"idOrVar","v":"plural"},"value"]},{"$i":"days-ago-long","$v":{"few":[{"t":"idOrVar","v":"value"}," ថ្ងៃ​មុន"],"many":[{"t":"idOrVar","v":"value"}," ថ្ងៃ​មុន"],"one":"ម្សិល​មិញ","other":[{"t":"idOrVar","v":"value"}," ថ្ងៃ​មុន"],"two":[{"t":"idOrVar","v":"value"}," ថ្ងៃ​មុន"],"zero":"ថ្ងៃ​នេះ"},"$x":[{"t":"idOrVar","v":"plural"},"value"]},{"$i":"weeks-ago-long","$v":{"few":[{"t":"idOrVar","v":"value"}," សប្ដាហ៍​មុន"],"many":[{"t":"idOrVar","v":"value"}," សប្ដាហ៍​មុន"],"one":"សប្ដាហ៍​មុន","other":[{"t":"idOrVar","v":"value"}," សប្ដាហ៍​មុន"],"two":[{"t":"idOrVar","v":"value"}," សប្ដាហ៍​មុន"],"zero":"សប្ដាហ៍​នេះ"},"$x":[{"t":"idOrVar","v":"plural"},"value"]},{"$i":"months-ago-long","$v":{"few":[{"t":"idOrVar","v":"value"}," ខែ​មុន"],"many":[{"t":"idOrVar","v":"value"}," ខែ​មុន"],"one":"ខែ​មុន","other":[{"t":"idOrVar","v":"value"}," ខែ​មុន"],"two":[{"t":"idOrVar","v":"value"}," ខែ​មុន"],"zero":"ខែ​នេះ"},"$x":[{"t":"idOrVar","v":"plural"},"value"]},{"$i":"years-ago-long","$v":{"few":[{"t":"idOrVar","v":"value"}," ឆ្នាំ​មុន"],"many":[{"t":"idOrVar","v":"value"}," ឆ្នាំ​មុន"],"one":"ឆ្នាំ​មុន","other":[{"t":"idOrVar","v":"value"}," ឆ្នាំ​មុន"],"two":[{"t":"idOrVar","v":"value"}," ឆ្នាំ​មុន"],"zero":"ឆ្នាំ​នេះ"},"$x":[{"t":"idOrVar","v":"plural"},"value"]},{"$i":"minutes-until-long","$v":{"few":["ក្នុង​ពេល ",{"t":"idOrVar","v":"value"}," នាទី"],"many":["ក្នុង​ពេល ",{"t":"idOrVar","v":"value"}," នាទី"],"other":["ក្នុង​ពេល ",{"t":"idOrVar","v":"value"}," នាទី"],"two":["ក្នុង​ពេល ",{"t":"idOrVar","v":"value"}," នាទី"],"zero":"ឥឡូវ","one":"ក្នុង ១ នាទី"},"$x":[{"t":"idOrVar","v":"plural"},"value"]},{"$i":"hours-until-long","$v":{"few":["ក្នុង​ពេល ",{"t":"idOrVar","v":"value"}," ម៉ោង"],"many":["ក្នុង​ពេល ",{"t":"idOrVar","v":"value"}," ម៉ោង"],"other":["ក្នុង​ពេល ",{"t":"idOrVar","v":"value"}," ម៉ោង"],"two":["ក្នុង​ពេល ",{"t":"idOrVar","v":"value"}," ម៉ោង"],"zero":"ឥឡូវ","one":"ក្នុង ១ ម៉ោង"},"$x":[{"t":"idOrVar","v":"plural"},"value"]},{"$i":"days-until-long","$v":{"few":["ក្នុង​ពេល ",{"t":"idOrVar","v":"value"}," ថ្ងៃ"],"many":["ក្នុង​ពេល ",{"t":"idOrVar","v":"value"}," ថ្ងៃ"],"one":"ស្អែក","other":["ក្នុង​ពេល ",{"t":"idOrVar","v":"value"}," ថ្ងៃ"],"two":["ក្នុង​ពេល ",{"t":"idOrVar","v":"value"}," ថ្ងៃ"],"zero":"ថ្ងៃ​នេះ"},"$x":[{"t":"idOrVar","v":"plural"},"value"]},{"$i":"weeks-until-long","$v":{"few":["ក្នុង​ពេល ",{"t":"idOrVar","v":"value"}," សប្ដាហ៍"],"many":["ក្នុង​ពេល ",{"t":"idOrVar","v":"value"}," សប្ដាហ៍"],"one":"សប្ដាហ៍​ក្រោយ","other":["ក្នុង​ពេល ",{"t":"idOrVar","v":"value"}," សប្ដាហ៍"],"two":["ក្នុង​ពេល ",{"t":"idOrVar","v":"value"}," សប្ដាហ៍"],"zero":"សប្ដាហ៍​នេះ"},"$x":[{"t":"idOrVar","v":"plural"},"value"]},{"$i":"months-until-long","$v":{"few":["ក្នុង​ពេល ",{"t":"idOrVar","v":"value"}," ខែ"],"many":["ក្នុង​ពេល ",{"t":"idOrVar","v":"value"}," ខែ"],"one":"ខែ​ក្រោយ","other":["ក្នុង​ពេល ",{"t":"idOrVar","v":"value"}," ខែ"],"two":["ក្នុង​ពេល ",{"t":"idOrVar","v":"value"}," ខែ"],"zero":"ខែ​នេះ"},"$x":[{"t":"idOrVar","v":"plural"},"value"]},{"$i":"years-until-long","$v":{"few":["ក្នុង​ពេល ",{"t":"idOrVar","v":"value"}," ឆ្នាំ"],"many":["ក្នុង​ពេល ",{"t":"idOrVar","v":"value"}," ឆ្នាំ"],"one":"ឆ្នាំ​ក្រោយ","other":["ក្នុង​ពេល ",{"t":"idOrVar","v":"value"}," ឆ្នាំ"],"two":["ក្នុង​ពេល ",{"t":"idOrVar","v":"value"}," ឆ្នាំ"],"zero":"ឆ្នាំ​នេះ"},"$x":[{"t":"idOrVar","v":"plural"},"value"]},{"$i":"minutes-ago-short","$v":{"other":[{"t":"idOrVar","v":"value"}," នា. មុន"],"zero":"អម្បាញ់​មិញ"},"$x":[{"t":"idOrVar","v":"plural"},"value"]},{"$i":"hours-ago-short","$v":{"other":[{"t":"idOrVar","v":"value"}," ម៉. មុន"],"zero":"អម្បាញ់​មិញ"},"$x":[{"t":"idOrVar","v":"plural"},"value"]},{"$i":"days-ago-short","$v":{"other":[{"t":"idOrVar","v":"value"}," ថ្ងៃ​មុន"],"zero":"ថ្ងៃ​នេះ"},"$x":[{"t":"idOrVar","v":"plural"},"value"]},{"$i":"minutes-until-short","$v":{"other":["ក្នុង​ពេល ",{"t":"idOrVar","v":"value"}," នា"],"zero":"ឥឡូវ"},"$x":[{"t":"idOrVar","v":"plural"},"value"]},{"$i":"hours-until-short","$v":{"other":["ក្នុងពេល  ",{"t":"idOrVar","v":"value"}," ម៉"],"zero":"ឥឡូវ"},"$x":[{"t":"idOrVar","v":"plural"},"value"]},{"$i":"days-until-short","$v":{"other":["ក្នុង​ពេល ",{"t":"idOrVar","v":"value"}," ថ្ងៃ"],"zero":"ថ្ងៃ​នេះ"},"$x":[{"t":"idOrVar","v":"plural"},"value"]},{"$i":"incorrectDate","$v":"(កាល​បរិច្ឆេទ​ខុស)"},{"$i":"dateTimeFormat_%c","$v":"%a %b %e %Y %I:%M:%S %p"},{"$i":"dateTimeFormat_%x","$v":"%d/%m/%Y"},{"$i":"dateTimeFormat_%X","$v":"%I:%M:%S %p"},{"$i":"shortTimeFormat","$v":"%I:%M %p"},{"$i":"shortTimeFormat12","$v":"%I:%M %p"},{"$i":"shortTimeFormat24","$v":"%H:%M"},{"$i":"shortDateTimeFormat","$v":"%x %I:%M %p"},{"$i":"weekStartsOnMonday","$v":"0.0"},{"$i":"firstDayOfTheWeek","$v":"0.0"},{"$i":"time_am","$v":"ព្រឹក"},{"$i":"time_pm","$v":"រសៀល"}]