[{"$i":"notes","$v":"Past."},{"$i":"new","$v":"Nauj."},{"$i":"enter","$v":"Įves."},{"$i":"edit","$v":"Red."},{"$i":"select","$v":"Rinktis"},{"$i":"delete","$v":"Ištrin."},{"$i":"share","$v":"Dalintis"},{"$i":"search","$v":"Paieš."},{"$i":"sort-by","$v":"Rikiuoti pagal"},{"$i":"done","$v":"Atl."},{"$i":"note-deleted","$v":"Pastaba ištr."},{"$i":"delete-confirm","$v":"Patvirtinim."},{"$i":"save-note","$v":"Išsaugota pastaboje."},{"$i":"delete-notes","$v":{"one":"Pastaba ištr.","zero":"Pastaba ištr.","few":["Ištrinta tiek pastabų: ",{"t":"idOrVar","v":"n"},"."],"many":["Ištrinta tiek pastabų: ",{"t":"idOrVar","v":"n"},"."],"other":["Ištrinta tiek pastabų: ",{"t":"idOrVar","v":"n"},"."],"two":["Ištrinta tiek pastabų: ",{"t":"idOrVar","v":"n"},"."]},"$x":[{"t":"idOrVar","v":"plural"},"n"]},{"$i":"share-by-mail","$v":"El. p."},{"$i":"share-by-sms","$v":"Praneš."},{"$i":"share-by-bluetooth","$v":"Bluetooth"},{"$i":"sort-by-date-edited","$v":"Red. data"},{"$i":"sort-by-date-created","$v":"Sukūr. data"},{"$i":"sort-by-title","$v":"Vardas"},{"$i":"cancel","$v":"Atš."},{"$i":"options","$v":"Funkc."},{"$i":"save","$v":"Išsg."},{"$i":"discard","$v":"Atmesti"},{"$i":"multi-select","$v":"Rinktis kelis"},{"$i":"multi-del","$v":{"few":["Ištrinti ",{"t":"idOrVar","v":"n"}," pastabas?"],"many":["Ištrinti ",{"t":"idOrVar","v":"n"}," pastabas?"],"one":"Ištrinti pastabą?","other":["Ištrinti ",{"t":"idOrVar","v":"n"}," pastabas?"],"two":["Ištrinti ",{"t":"idOrVar","v":"n"}," pastabas?"],"zero":"Ištrinti past.?"},"$x":[{"t":"idOrVar","v":"plural"},"n"]},{"$i":"select-all","$v":"Visi"},{"$i":"deselect-all","$v":"Nėra"},{"$i":"deselect","$v":"Atsisak."},{"$i":"number-selected","$v":{"few":["Pasir.: ",{"t":"idOrVar","v":"number"}],"many":["Pasir.: ",{"t":"idOrVar","v":"number"}],"one":["Pasir.: ",{"t":"idOrVar","v":"number"}],"other":["Pasir.: ",{"t":"idOrVar","v":"number"}],"two":["Pasir.: ",{"t":"idOrVar","v":"number"}],"zero":["Pasir.: ",{"t":"idOrVar","v":"number"}]},"$x":[{"t":"idOrVar","v":"plural"},"number"]},{"$i":"max-amount-title","$v":"Pasiektas didžiausias leistinas kiekis"},{"$i":"max-amount-content","$v":"Negalima sukurti naujos pastabos. Pasiekėte leistinų sukurti pastabų apribojimą. Ištrinkite ankstesnes pastabas."},{"$i":"max-length-exceed","$v":"Viršytas didžiausias leistinas pastabos ilgis."},{"$i":"no-notes","$v":"Pastabų nėra, paspaus. „Nauja“ ir įtr. naują past."},{"$i":"search-message","$v":"Įveskite raktažodžius."},{"$i":"full-storage-title","$v":"Saugykla pilna"},{"$i":"full-storage-content","$v":"Galite pašalinti kai kuriuos med. failus arba tvarkyt. pr. duom., kad liktų daugiau vietos."},{"$i":"go-to-settings","$v":"Eiti į parametrus"},{"$i":"deleteNote","$v":"Ištrinti past.?"},{"$i":"sortby-editTime","$v":"Surikiuota pagal redagavimo datą."},{"$i":"sortby-createTime","$v":"Surikiuota pagal sukūrimo datą."},{"$i":"sortby-title","$v":"Surikiuota pagal pavadinimą."},{"$i":"confirmation-title","$v":"Patvirtinim."},{"$i":"cancel-confirmation-content","$v":"Paskutinis redagavimas bus atmestas. Išsaugoti šią pastabą?"},{"$i":"today","$v":"Šiandien"},{"$i":"yesterday","$v":"Vakar"},{"$i":"ok","$v":"GERAI"},{"$i":"file-large-title","$v":"Failas per didelis"},{"$i":"file-large-content","$v":"Pastabų failas per didelis, kad jį būtų galima išsaugoti, pabandykite ištrinti šiek tiek turinio ir bandykite dar kartą."},{"$i":"weekday-0-long","$v":"Sekmadienis"},{"$i":"weekday-1-long","$v":"Pirmadienis"},{"$i":"weekday-2-long","$v":"Antradienis"},{"$i":"weekday-3-long","$v":"Trečiadienis"},{"$i":"weekday-4-long","$v":"Ketvirtadienis"},{"$i":"weekday-5-long","$v":"Penktadienis"},{"$i":"weekday-6-long","$v":"Šeštadienis"},{"$i":"weekday-0-short","$v":"Sk"},{"$i":"weekday-1-short","$v":"Pr"},{"$i":"weekday-2-short","$v":"An"},{"$i":"weekday-3-short","$v":"Tr"},{"$i":"weekday-4-short","$v":"Kt"},{"$i":"weekday-5-short","$v":"Pn"},{"$i":"weekday-6-short","$v":"Št"},{"$i":"month-0-long","$v":"Sausis"},{"$i":"month-1-long","$v":"Vasaris"},{"$i":"month-2-long","$v":"Kovas"},{"$i":"month-3-long","$v":"Balandis"},{"$i":"month-4-long","$v":"Gegužė"},{"$i":"month-5-long","$v":"Birželis"},{"$i":"month-6-long","$v":"Liepa"},{"$i":"month-7-long","$v":"Rugpjūtis"},{"$i":"month-8-long","$v":"Rugsėjis"},{"$i":"month-9-long","$v":"Spalis"},{"$i":"month-10-long","$v":"Lapkritis"},{"$i":"month-11-long","$v":"Gruodis"},{"$i":"month-0-genitive","$v":"Sausis"},{"$i":"month-1-genitive","$v":"Vasaris"},{"$i":"month-2-genitive","$v":"Kovas"},{"$i":"month-3-genitive","$v":"Balandis"},{"$i":"month-4-genitive","$v":"Gegužė"},{"$i":"month-5-genitive","$v":"Birželis"},{"$i":"month-6-genitive","$v":"Liepa"},{"$i":"month-7-genitive","$v":"Rugpjūtis"},{"$i":"month-8-genitive","$v":"Rugsėjis"},{"$i":"month-9-genitive","$v":"Spalis"},{"$i":"month-10-genitive","$v":"Lapkritis"},{"$i":"month-11-genitive","$v":"Gruodis"},{"$i":"month-0-short","$v":"saus."},{"$i":"month-1-short","$v":"vasar."},{"$i":"month-2-short","$v":"kov."},{"$i":"month-3-short","$v":"balan."},{"$i":"month-4-short","$v":"Geg"},{"$i":"month-5-short","$v":"birž."},{"$i":"month-6-short","$v":"liep."},{"$i":"month-7-short","$v":"rugpj."},{"$i":"month-8-short","$v":"rugs"},{"$i":"month-9-short","$v":"spal."},{"$i":"month-10-short","$v":"lapkr."},{"$i":"month-11-short","$v":"grd."},{"$i":"minutes-ago-long","$v":{"few":["Prieš ",{"t":"idOrVar","v":"value"}," min."],"many":["Prieš ",{"t":"idOrVar","v":"value"}," min."],"other":["Prieš ",{"t":"idOrVar","v":"value"}," min."],"two":["Prieš ",{"t":"idOrVar","v":"value"}," min."],"one":"prieš minutę","zero":"ką tik"},"$x":[{"t":"idOrVar","v":"plural"},"value"]},{"$i":"hours-ago-long","$v":{"few":["Prieš ",{"t":"idOrVar","v":"value"}," val."],"many":["Prieš ",{"t":"idOrVar","v":"value"}," val."],"other":["Prieš ",{"t":"idOrVar","v":"value"}," val."],"two":["Prieš ",{"t":"idOrVar","v":"value"}," val."],"one":"Prieš 1 valandą","zero":"ką tik"},"$x":[{"t":"idOrVar","v":"plural"},"value"]},{"$i":"days-ago-long","$v":{"few":["Prieš ",{"t":"idOrVar","v":"value"}," d."],"many":["Prieš ",{"t":"idOrVar","v":"value"}," d."],"one":"vakar","other":["Prieš ",{"t":"idOrVar","v":"value"}," d."],"two":["Prieš ",{"t":"idOrVar","v":"value"}," d."],"zero":"šiandien"},"$x":[{"t":"idOrVar","v":"plural"},"value"]},{"$i":"weeks-ago-long","$v":{"few":["Prieš ",{"t":"idOrVar","v":"value"}," sav."],"many":["Prieš ",{"t":"idOrVar","v":"value"}," sav."],"one":"pas. sav.","other":["Prieš ",{"t":"idOrVar","v":"value"}," sav."],"two":["Prieš ",{"t":"idOrVar","v":"value"}," sav."],"zero":"ši savaitė"},"$x":[{"t":"idOrVar","v":"plural"},"value"]},{"$i":"months-ago-long","$v":{"few":[{"t":"idOrVar","v":"value"}," mėn. po"],"many":[{"t":"idOrVar","v":"value"}," mėn. po"],"one":"pask. mėn.","other":[{"t":"idOrVar","v":"value"}," mėn. po"],"two":[{"t":"idOrVar","v":"value"}," mėn. po"],"zero":"šis mėnuo"},"$x":[{"t":"idOrVar","v":"plural"},"value"]},{"$i":"years-ago-long","$v":{"few":["Prieš ",{"t":"idOrVar","v":"value"}," met."],"many":["Prieš ",{"t":"idOrVar","v":"value"}," met."],"one":"Pas. met.","other":["Prieš ",{"t":"idOrVar","v":"value"}," met."],"two":["Prieš ",{"t":"idOrVar","v":"value"}," met."],"zero":"šie metai"},"$x":[{"t":"idOrVar","v":"plural"},"value"]},{"$i":"minutes-until-long","$v":{"few":["per ",{"t":"idOrVar","v":"value"}," min."],"many":["per ",{"t":"idOrVar","v":"value"}," min."],"other":["per ",{"t":"idOrVar","v":"value"}," min."],"two":["per ",{"t":"idOrVar","v":"value"}," min."],"zero":"dabar","one":"per 1 min"},"$x":[{"t":"idOrVar","v":"plural"},"value"]},{"$i":"hours-until-long","$v":{"few":["per ",{"t":"idOrVar","v":"value"}," val."],"many":["per ",{"t":"idOrVar","v":"value"}," val."],"other":["per ",{"t":"idOrVar","v":"value"}," val."],"two":["per ",{"t":"idOrVar","v":"value"}," val."],"zero":"dabar","one":"per 1 valandą"},"$x":[{"t":"idOrVar","v":"plural"},"value"]},{"$i":"days-until-long","$v":{"few":["per ",{"t":"idOrVar","v":"value"}," d."],"many":["per ",{"t":"idOrVar","v":"value"}," d."],"one":"rytoj","other":["per ",{"t":"idOrVar","v":"value"}," d."],"two":["per ",{"t":"idOrVar","v":"value"}," d."],"zero":"šiandien"},"$x":[{"t":"idOrVar","v":"plural"},"value"]},{"$i":"weeks-until-long","$v":{"few":["per ",{"t":"idOrVar","v":"value"}," sav."],"many":["per ",{"t":"idOrVar","v":"value"}," sav."],"one":"kita sav.","other":["per ",{"t":"idOrVar","v":"value"}," sav."],"two":["per ",{"t":"idOrVar","v":"value"}," sav."],"zero":"ši savaitė"},"$x":[{"t":"idOrVar","v":"plural"},"value"]},{"$i":"months-until-long","$v":{"few":["per ",{"t":"idOrVar","v":"value"}," mėn."],"many":["per ",{"t":"idOrVar","v":"value"}," mėn."],"one":"kit. mėn.","other":["per ",{"t":"idOrVar","v":"value"}," mėn."],"two":["per ",{"t":"idOrVar","v":"value"}," mėn."],"zero":"šis mėnuo"},"$x":[{"t":"idOrVar","v":"plural"},"value"]},{"$i":"years-until-long","$v":{"few":["per ",{"t":"idOrVar","v":"value"}," met."],"many":["per ",{"t":"idOrVar","v":"value"}," met."],"one":"kit. met.","other":["per ",{"t":"idOrVar","v":"value"}," met."],"two":["per ",{"t":"idOrVar","v":"value"}," met."],"zero":"šie metai"},"$x":[{"t":"idOrVar","v":"plural"},"value"]},{"$i":"minutes-ago-short","$v":{"other":["Prieš ",{"t":"idOrVar","v":"value"},"min."],"zero":"ką tik"},"$x":[{"t":"idOrVar","v":"plural"},"value"]},{"$i":"hours-ago-short","$v":{"other":["Prieš ",{"t":"idOrVar","v":"value"},"val."],"zero":"ką tik"},"$x":[{"t":"idOrVar","v":"plural"},"value"]},{"$i":"days-ago-short","$v":{"other":["Prieš ",{"t":"idOrVar","v":"value"},"d."],"zero":"šiandien"},"$x":[{"t":"idOrVar","v":"plural"},"value"]},{"$i":"minutes-until-short","$v":{"other":["per ",{"t":"idOrVar","v":"value"},"min."],"zero":"dabar"},"$x":[{"t":"idOrVar","v":"plural"},"value"]},{"$i":"hours-until-short","$v":{"other":["per ",{"t":"idOrVar","v":"value"},"val."],"zero":"dabar"},"$x":[{"t":"idOrVar","v":"plural"},"value"]},{"$i":"days-until-short","$v":{"other":["per ",{"t":"idOrVar","v":"value"},"d"],"zero":"šiandien"},"$x":[{"t":"idOrVar","v":"plural"},"value"]},{"$i":"incorrectDate","$v":"(neteisinga data)"},{"$i":"dateTimeFormat_%c","$v":"%a %b %e %Y %I:%M:%S %p"},{"$i":"dateTimeFormat_%x","$v":"%m/%d/%Y"},{"$i":"dateTimeFormat_%X","$v":"%I:%M:%S %p"},{"$i":"shortTimeFormat","$v":"%I:%M %p"},{"$i":"shortTimeFormat12","$v":"%I:%M %p"},{"$i":"shortTimeFormat24","$v":"%H:%M"},{"$i":"shortDateTimeFormat","$v":"%x %I:%M %p"},{"$i":"weekStartsOnMonday","$v":"0.0"},{"$i":"firstDayOfTheWeek","$v":"1.0"},{"$i":"time_am","$v":"AM"},{"$i":"time_pm","$v":"PM"}]