[{"$i":"notes","$v":"Белешка"},{"$i":"new","$v":"Нова"},{"$i":"enter","$v":"Внесете"},{"$i":"edit","$v":"Уредување"},{"$i":"select","$v":"Избор"},{"$i":"delete","$v":"Избриши"},{"$i":"share","$v":"Споделете"},{"$i":"search","$v":"Пребарување"},{"$i":"sort-by","$v":"Подреди по"},{"$i":"done","$v":"Готово"},{"$i":"note-deleted","$v":"Белешката е избришана."},{"$i":"delete-confirm","$v":"Потврдување"},{"$i":"save-note","$v":"Зачувано во белешка."},{"$i":"delete-notes","$v":{"one":"Белешката е избришана.","zero":"Белешката е избришана.","few":[{"t":"idOrVar","v":"n"}," белешки се избришани."],"many":[{"t":"idOrVar","v":"n"}," белешка е избришана."],"other":[{"t":"idOrVar","v":"n"}," белешки се избришани."],"two":[{"t":"idOrVar","v":"n"}," белешки се избришани."]},"$x":[{"t":"idOrVar","v":"plural"},"n"]},{"$i":"share-by-mail","$v":"Е-пошта"},{"$i":"share-by-sms","$v":"Пораки"},{"$i":"share-by-bluetooth","$v":"Bluetooth"},{"$i":"sort-by-date-edited","$v":"Датум на уредување"},{"$i":"sort-by-date-created","$v":"Датум на создавање:"},{"$i":"sort-by-title","$v":"Наслов"},{"$i":"cancel","$v":"Откажи"},{"$i":"options","$v":"Опции"},{"$i":"save","$v":"Зачувај"},{"$i":"discard","$v":"Отфрли"},{"$i":"multi-select","$v":"Изберете неколку"},{"$i":"multi-del","$v":{"few":["Да се избришат ",{"t":"idOrVar","v":"n"}," белешки?"],"many":["Да се избришат ",{"t":"idOrVar","v":"n"}," белешки?"],"one":"Да се избрише белешката?","other":["Да се избришат ",{"t":"idOrVar","v":"n"}," белешки?"],"two":["Да се избришат ",{"t":"idOrVar","v":"n"}," белешки?"],"zero":"Избриши ја белешката?"},"$x":[{"t":"idOrVar","v":"plural"},"n"]},{"$i":"select-all","$v":"Сите"},{"$i":"deselect-all","$v":"Ништо"},{"$i":"deselect","$v":"Пон.ги избр."},{"$i":"number-selected","$v":{"few":[{"t":"idOrVar","v":"number"}," избрано"],"many":[{"t":"idOrVar","v":"number"}," избрано"],"one":[{"t":"idOrVar","v":"number"}," избрано"],"other":[{"t":"idOrVar","v":"number"}," избрано"],"two":[{"t":"idOrVar","v":"number"}," избрано"],"zero":[{"t":"idOrVar","v":"number"}," избрано"]},"$x":[{"t":"idOrVar","v":"plural"},"number"]},{"$i":"max-amount-title","$v":"Достигната е максималната количина."},{"$i":"max-amount-content","$v":"Не може да се креира нова белешка. Го достигнавте максималниот број на белешки. Избришете претходни белешки."},{"$i":"max-length-exceed","$v":"Надмината е максималната должина."},{"$i":"no-notes","$v":"Белешката е празна, притиснете Нова за да додадете нова белешка."},{"$i":"search-message","$v":"Ве молиме внесете клучни зборови."},{"$i":"full-storage-title","$v":"Складот е полн"},{"$i":"full-storage-content","$v":"Можете да избришете некои медиум. датотеки или да ги подредите подат. од аплик. за да ослободите простор."},{"$i":"go-to-settings","$v":"Одете на поставки"},{"$i":"deleteNote","$v":"Избриши ја белешката?"},{"$i":"sortby-editTime","$v":"Сорт. по датум на уред."},{"$i":"sortby-createTime","$v":"Сорт. по датум на создад."},{"$i":"sortby-title","$v":"Сортирано по заглавие."},{"$i":"confirmation-title","$v":"Потврдување"},{"$i":"cancel-confirmation-content","$v":"Последното уредување ќе биде отфрлено. Сaкате ли да ја зачувате оваа белешка?"},{"$i":"today","$v":"Денес"},{"$i":"yesterday","$v":"Вчера"},{"$i":"ok","$v":"OK"},{"$i":"file-large-title","$v":"Датотеката е преголема."},{"$i":"file-large-content","$v":"Вашата датотека со белешки е преголема за да се зачува, избришете некои содржини и обидете се повторно."},{"$i":"weekday-0-long","$v":"Недела"},{"$i":"weekday-1-long","$v":"Понеделник"},{"$i":"weekday-2-long","$v":"Вторник"},{"$i":"weekday-3-long","$v":"Среда"},{"$i":"weekday-4-long","$v":"Четврток"},{"$i":"weekday-5-long","$v":"Петок"},{"$i":"weekday-6-long","$v":"Сабота"},{"$i":"weekday-0-short","$v":"Нед"},{"$i":"weekday-1-short","$v":"Пон"},{"$i":"weekday-2-short","$v":"Вто"},{"$i":"weekday-3-short","$v":"Сре"},{"$i":"weekday-4-short","$v":"Чет"},{"$i":"weekday-5-short","$v":"Пет"},{"$i":"weekday-6-short","$v":"Саб"},{"$i":"month-0-long","$v":"Јануари"},{"$i":"month-1-long","$v":"Фебруари"},{"$i":"month-2-long","$v":"Март"},{"$i":"month-3-long","$v":"Април"},{"$i":"month-4-long","$v":"Мај"},{"$i":"month-5-long","$v":"Јуни"},{"$i":"month-6-long","$v":"Јули"},{"$i":"month-7-long","$v":"Август"},{"$i":"month-8-long","$v":"Септември"},{"$i":"month-9-long","$v":"Октомври"},{"$i":"month-10-long","$v":"Ноември"},{"$i":"month-11-long","$v":"Декември"},{"$i":"month-0-genitive","$v":"Јануари"},{"$i":"month-1-genitive","$v":"Февруари"},{"$i":"month-2-genitive","$v":"Март"},{"$i":"month-3-genitive","$v":"Април"},{"$i":"month-4-genitive","$v":"Мај"},{"$i":"month-5-genitive","$v":"Јуни"},{"$i":"month-6-genitive","$v":"Јули"},{"$i":"month-7-genitive","$v":"Август"},{"$i":"month-8-genitive","$v":"Септември"},{"$i":"month-9-genitive","$v":"Октомври"},{"$i":"month-10-genitive","$v":"Ноември"},{"$i":"month-11-genitive","$v":"Декември"},{"$i":"month-0-short","$v":"Јан"},{"$i":"month-1-short","$v":"Фев"},{"$i":"month-2-short","$v":"Мар"},{"$i":"month-3-short","$v":"Апр"},{"$i":"month-4-short","$v":"Мај"},{"$i":"month-5-short","$v":"Јун"},{"$i":"month-6-short","$v":"Јул"},{"$i":"month-7-short","$v":"Авг"},{"$i":"month-8-short","$v":"Сеп"},{"$i":"month-9-short","$v":"Окт"},{"$i":"month-10-short","$v":"Ное"},{"$i":"month-11-short","$v":"Дек"},{"$i":"minutes-ago-long","$v":{"few":[{"t":"idOrVar","v":"value"}," минути пред"],"many":[{"t":"idOrVar","v":"value"}," минути пред"],"other":["Пред ",{"t":"idOrVar","v":"value"}," Минути"],"two":[{"t":"idOrVar","v":"value"}," минути пред"],"one":"пред 1 минута","zero":"само што"},"$x":[{"t":"idOrVar","v":"plural"},"value"]},{"$i":"hours-ago-long","$v":{"few":[{"t":"idOrVar","v":"value"}," часови пред"],"many":[{"t":"idOrVar","v":"value"}," часови пред"],"other":["Пред ",{"t":"idOrVar","v":"value"}," Часа"],"two":[{"t":"idOrVar","v":"value"}," часови пред"],"one":"Пред 1 час","zero":"само што"},"$x":[{"t":"idOrVar","v":"plural"},"value"]},{"$i":"days-ago-long","$v":{"few":[{"t":"idOrVar","v":"value"}," денови пред"],"many":[{"t":"idOrVar","v":"value"}," денови пред"],"one":"вчера","other":["Пред ",{"t":"idOrVar","v":"value"}," Дена"],"two":[{"t":"idOrVar","v":"value"}," денови пред"],"zero":"денес"},"$x":[{"t":"idOrVar","v":"plural"},"value"]},{"$i":"weeks-ago-long","$v":{"few":[{"t":"idOrVar","v":"value"}," седмици пред"],"many":[{"t":"idOrVar","v":"value"}," седмици пред"],"one":"минатата недела","other":[{"t":"idOrVar","v":"value"}," седмици пред"],"two":[{"t":"idOrVar","v":"value"}," седмици пред"],"zero":"оваа седмица"},"$x":[{"t":"idOrVar","v":"plural"},"value"]},{"$i":"months-ago-long","$v":{"few":[{"t":"idOrVar","v":"value"}," месеци пред"],"many":[{"t":"idOrVar","v":"value"}," месеци пред"],"one":"минатиот месец","other":[{"t":"idOrVar","v":"value"}," месеци пред"],"two":[{"t":"idOrVar","v":"value"}," месеци пред"],"zero":"овој месец"},"$x":[{"t":"idOrVar","v":"plural"},"value"]},{"$i":"years-ago-long","$v":{"few":[{"t":"idOrVar","v":"value"}," години пред"],"many":[{"t":"idOrVar","v":"value"}," години пред"],"one":"минатата година","other":[{"t":"idOrVar","v":"value"}," години пред"],"two":[{"t":"idOrVar","v":"value"}," години пред"],"zero":"оваа година"},"$x":[{"t":"idOrVar","v":"plural"},"value"]},{"$i":"minutes-until-long","$v":{"few":["за ",{"t":"idOrVar","v":"value"}," минути"],"many":["за ",{"t":"idOrVar","v":"value"}," минути"],"other":["за ",{"t":"idOrVar","v":"value"}," минути"],"two":["за ",{"t":"idOrVar","v":"value"}," минути"],"zero":"сега","one":"за 1 минута"},"$x":[{"t":"idOrVar","v":"plural"},"value"]},{"$i":"hours-until-long","$v":{"few":["за ",{"t":"idOrVar","v":"value"}," часа"],"many":["за ",{"t":"idOrVar","v":"value"}," часа"],"other":["за ",{"t":"idOrVar","v":"value"}," часа"],"two":["за ",{"t":"idOrVar","v":"value"}," часа"],"zero":"сега","one":"за 1 час"},"$x":[{"t":"idOrVar","v":"plural"},"value"]},{"$i":"days-until-long","$v":{"few":["за ",{"t":"idOrVar","v":"value"}," дена"],"many":["за ",{"t":"idOrVar","v":"value"}," дена"],"one":"утре","other":["за ",{"t":"idOrVar","v":"value"}," дена"],"two":["за ",{"t":"idOrVar","v":"value"}," дена"],"zero":"денес"},"$x":[{"t":"idOrVar","v":"plural"},"value"]},{"$i":"weeks-until-long","$v":{"few":["за ",{"t":"idOrVar","v":"value"}," седмици"],"many":["за ",{"t":"idOrVar","v":"value"}," седмици"],"one":"следната седмица","other":["за ",{"t":"idOrVar","v":"value"}," седмици"],"two":["за ",{"t":"idOrVar","v":"value"}," седмици"],"zero":"оваа седмица"},"$x":[{"t":"idOrVar","v":"plural"},"value"]},{"$i":"months-until-long","$v":{"few":["за ",{"t":"idOrVar","v":"value"}," месеци"],"many":["за ",{"t":"idOrVar","v":"value"}," месеци"],"one":"следниот месец","other":["за ",{"t":"idOrVar","v":"value"}," месеци"],"two":["за ",{"t":"idOrVar","v":"value"}," месеци"],"zero":"овој месец"},"$x":[{"t":"idOrVar","v":"plural"},"value"]},{"$i":"years-until-long","$v":{"few":["за ",{"t":"idOrVar","v":"value"}," години"],"many":["за ",{"t":"idOrVar","v":"value"}," години"],"one":"следната година","other":["за ",{"t":"idOrVar","v":"value"}," години"],"two":["за ",{"t":"idOrVar","v":"value"}," години"],"zero":"оваа година"},"$x":[{"t":"idOrVar","v":"plural"},"value"]},{"$i":"minutes-ago-short","$v":{"other":[{"t":"idOrVar","v":"value"},"м. пред"],"zero":"само што"},"$x":[{"t":"idOrVar","v":"plural"},"value"]},{"$i":"hours-ago-short","$v":{"other":[{"t":"idOrVar","v":"value"},"ч. пред"],"zero":"само што"},"$x":[{"t":"idOrVar","v":"plural"},"value"]},{"$i":"days-ago-short","$v":{"other":[{"t":"idOrVar","v":"value"},"д. пред"],"zero":"денес"},"$x":[{"t":"idOrVar","v":"plural"},"value"]},{"$i":"minutes-until-short","$v":{"other":["за ",{"t":"idOrVar","v":"value"},"м"],"zero":"сега"},"$x":[{"t":"idOrVar","v":"plural"},"value"]},{"$i":"hours-until-short","$v":{"other":["за ",{"t":"idOrVar","v":"value"},"ч"],"zero":"сега"},"$x":[{"t":"idOrVar","v":"plural"},"value"]},{"$i":"days-until-short","$v":{"other":["за ",{"t":"idOrVar","v":"value"},"д"],"zero":"денес"},"$x":[{"t":"idOrVar","v":"plural"},"value"]},{"$i":"incorrectDate","$v":"(неточна дата)"},{"$i":"dateTimeFormat_%c","$v":"%a %b %e %Y %I:%M:%S %p"},{"$i":"dateTimeFormat_%x","$v":"%m/%d/%Y"},{"$i":"dateTimeFormat_%X","$v":"%I:%M:%S %p"},{"$i":"shortTimeFormat","$v":"%I:%M %p"},{"$i":"shortTimeFormat12","$v":"%I:%M %p"},{"$i":"shortTimeFormat24","$v":"%H:%M"},{"$i":"shortDateTimeFormat","$v":"%x %I:%M %p"},{"$i":"weekStartsOnMonday","$v":"0.0"},{"$i":"firstDayOfTheWeek","$v":"1.0"},{"$i":"time_am","$v":"Претпл."},{"$i":"time_pm","$v":"пм"}]