[{"$i":"notes","$v":"Nota"},{"$i":"new","$v":"Baharu"},{"$i":"enter","$v":"Masuk"},{"$i":"edit","$v":"Edit"},{"$i":"select","$v":"Pilih"},{"$i":"delete","$v":"Padam"},{"$i":"share","$v":"Kongsi"},{"$i":"search","$v":"Cari"},{"$i":"sort-by","$v":"Isih mengikut"},{"$i":"done","$v":"Selesai"},{"$i":"note-deleted","$v":"Nota dipadam."},{"$i":"delete-confirm","$v":"Pengesahan"},{"$i":"save-note","$v":"Disimpan dalam nota."},{"$i":"delete-notes","$v":{"one":"Nota dipadam.","zero":"Nota dipadam.","few":[{"t":"idOrVar","v":"n"}," nota dipadam."],"many":[{"t":"idOrVar","v":"n"}," nota dipadam."],"other":[{"t":"idOrVar","v":"n"}," nota dipadam."],"two":[{"t":"idOrVar","v":"n"}," nota dipadam."]},"$x":[{"t":"idOrVar","v":"plural"},"n"]},{"$i":"share-by-mail","$v":"E-mel"},{"$i":"share-by-sms","$v":"Mesej"},{"$i":"share-by-bluetooth","$v":"Bluetooth"},{"$i":"sort-by-date-edited","$v":"Tarikh diedit"},{"$i":"sort-by-date-created","$v":"Tarikh dibuat"},{"$i":"sort-by-title","$v":"Tajuk"},{"$i":"cancel","$v":"Batal"},{"$i":"options","$v":"Pilihan"},{"$i":"save","$v":"Simpan"},{"$i":"discard","$v":"Buang"},{"$i":"multi-select","$v":"Pilih Berbilang"},{"$i":"multi-del","$v":{"few":["Padam ",{"t":"idOrVar","v":"n"}," nota?"],"many":["Padam ",{"t":"idOrVar","v":"n"}," nota?"],"one":"Padam nota?","other":["Padam ",{"t":"idOrVar","v":"n"}," nota?"],"two":["Padam ",{"t":"idOrVar","v":"n"}," nota?"],"zero":"Padam nota?"},"$x":[{"t":"idOrVar","v":"plural"},"n"]},{"$i":"select-all","$v":"Semua"},{"$i":"deselect-all","$v":"Tiada"},{"$i":"deselect","$v":"Nyahpilih"},{"$i":"number-selected","$v":{"few":[{"t":"idOrVar","v":"number"}," Dipilih"],"many":[{"t":"idOrVar","v":"number"}," Dipilih"],"one":[{"t":"idOrVar","v":"number"}," Dipilih"],"other":[{"t":"idOrVar","v":"number"}," Dipilih"],"two":[{"t":"idOrVar","v":"number"}," Dipilih"],"zero":[{"t":"idOrVar","v":"number"}," Dipilih"]},"$x":[{"t":"idOrVar","v":"plural"},"number"]},{"$i":"max-amount-title","$v":"Jumlah Maksimum Dicapai"},{"$i":"max-amount-content","$v":"Tidak dapat mencipta nota baharu. Anda mencapai jumlah maksimum nota. Sila padam nota sebelum ini."},{"$i":"max-length-exceed","$v":"Panjang maksimum nota dilepasi."},{"$i":"no-notes","$v":"Nota kosong, sila tekan Baharu untuk menambah nota baharu."},{"$i":"search-message","$v":"Sila masukkan kata kunci."},{"$i":"full-storage-title","$v":"Storan Penuh"},{"$i":"full-storage-content","$v":"Anda boleh memadam sesetengah fail media atau menguruskan data aplikasi untuk mendapatkan lebih banyak ruang kosong."},{"$i":"go-to-settings","$v":"Pergi ke Tetapan"},{"$i":"deleteNote","$v":"Padam nota?"},{"$i":"sortby-editTime","$v":"Diisih mengikut tarikh diedit."},{"$i":"sortby-createTime","$v":"Diisih mengikut tarikh dibuat."},{"$i":"sortby-title","$v":"Diisih mengikut tajuk."},{"$i":"confirmation-title","$v":"Pengesahan"},{"$i":"cancel-confirmation-content","$v":"Pengeditan terakhir akan dibuang. Adakah anda ingin menyimpan nota ini?"},{"$i":"today","$v":"Hari ini"},{"$i":"yesterday","$v":"Semalam"},{"$i":"ok","$v":"OK"},{"$i":"file-large-title","$v":"Fail Terlalu Besar"},{"$i":"file-large-content","$v":"Fail nota anda terlalu besar untuk disimpan, cuba padam beberapa kandungan dan cuba lagi."},{"$i":"weekday-0-long","$v":"Ahad"},{"$i":"weekday-1-long","$v":"Isnin"},{"$i":"weekday-2-long","$v":"Selasa"},{"$i":"weekday-3-long","$v":"Rabu"},{"$i":"weekday-4-long","$v":"Khamis"},{"$i":"weekday-5-long","$v":"Jumaat"},{"$i":"weekday-6-long","$v":"Sabtu"},{"$i":"weekday-0-short","$v":"Aha"},{"$i":"weekday-1-short","$v":"Isn"},{"$i":"weekday-2-short","$v":"Sel"},{"$i":"weekday-3-short","$v":"Rab"},{"$i":"weekday-4-short","$v":"Kha"},{"$i":"weekday-5-short","$v":"Jum"},{"$i":"weekday-6-short","$v":"Sab"},{"$i":"month-0-long","$v":"Januari"},{"$i":"month-1-long","$v":"Februari"},{"$i":"month-2-long","$v":"Mac"},{"$i":"month-3-long","$v":"April"},{"$i":"month-4-long","$v":"Mei"},{"$i":"month-5-long","$v":"Jun"},{"$i":"month-6-long","$v":"Julai"},{"$i":"month-7-long","$v":"Ogos"},{"$i":"month-8-long","$v":"September"},{"$i":"month-9-long","$v":"Oktober"},{"$i":"month-10-long","$v":"November"},{"$i":"month-11-long","$v":"Disember"},{"$i":"month-0-genitive","$v":"Januari"},{"$i":"month-1-genitive","$v":"Februari"},{"$i":"month-2-genitive","$v":"Mac"},{"$i":"month-3-genitive","$v":"April"},{"$i":"month-4-genitive","$v":"Mei"},{"$i":"month-5-genitive","$v":"Jun"},{"$i":"month-6-genitive","$v":"Julai"},{"$i":"month-7-genitive","$v":"Ogos"},{"$i":"month-8-genitive","$v":"September"},{"$i":"month-9-genitive","$v":"Oktober"},{"$i":"month-10-genitive","$v":"November"},{"$i":"month-11-genitive","$v":"Disember"},{"$i":"month-0-short","$v":"Jan"},{"$i":"month-1-short","$v":"Feb"},{"$i":"month-2-short","$v":"Mac"},{"$i":"month-3-short","$v":"Apr"},{"$i":"month-4-short","$v":"Mei"},{"$i":"month-5-short","$v":"Jun"},{"$i":"month-6-short","$v":"Jul"},{"$i":"month-7-short","$v":"Ogo"},{"$i":"month-8-short","$v":"Sep"},{"$i":"month-9-short","$v":"Okt"},{"$i":"month-10-short","$v":"Nov"},{"$i":"month-11-short","$v":"Dis"},{"$i":"minutes-ago-long","$v":{"few":[{"t":"idOrVar","v":"value"}," minit yang lalu"],"many":[{"t":"idOrVar","v":"value"}," minit yang lalu"],"other":[{"t":"idOrVar","v":"value"}," minit yang lalu"],"two":[{"t":"idOrVar","v":"value"}," minit yang lalu"],"one":"seminit yang lalu","zero":"Sebentar Tadi"},"$x":[{"t":"idOrVar","v":"plural"},"value"]},{"$i":"hours-ago-long","$v":{"few":[{"t":"idOrVar","v":"value"}," jam yang lalu"],"many":[{"t":"idOrVar","v":"value"}," jam yang lalu"],"other":[{"t":"idOrVar","v":"value"}," jam yang lalu"],"two":[{"t":"idOrVar","v":"value"}," jam yang lalu"],"one":"sejam yang lalu","zero":"Sebentar Tadi"},"$x":[{"t":"idOrVar","v":"plural"},"value"]},{"$i":"days-ago-long","$v":{"few":[{"t":"idOrVar","v":"value"}," hari yang lalu"],"many":[{"t":"idOrVar","v":"value"}," hari yang lalu"],"one":"semalam","other":[{"t":"idOrVar","v":"value"}," hari yang lalu"],"two":[{"t":"idOrVar","v":"value"}," hari yang lalu"],"zero":"hari ini"},"$x":[{"t":"idOrVar","v":"plural"},"value"]},{"$i":"weeks-ago-long","$v":{"few":[{"t":"idOrVar","v":"value"}," minggu yang lalu"],"many":[{"t":"idOrVar","v":"value"}," minggu yang lalu"],"one":"minggu lepas","other":[{"t":"idOrVar","v":"value"}," minggu yang lalu"],"two":[{"t":"idOrVar","v":"value"}," minggu yang lalu"],"zero":"minggu ini"},"$x":[{"t":"idOrVar","v":"plural"},"value"]},{"$i":"months-ago-long","$v":{"few":[{"t":"idOrVar","v":"value"}," bulan yang lalu"],"many":[{"t":"idOrVar","v":"value"}," bulan yang lalu"],"one":"bulan lepas","other":[{"t":"idOrVar","v":"value"}," bulan yang lalu"],"two":[{"t":"idOrVar","v":"value"}," bulan yang lalu"],"zero":"bulan ini"},"$x":[{"t":"idOrVar","v":"plural"},"value"]},{"$i":"years-ago-long","$v":{"few":[{"t":"idOrVar","v":"value"}," tahun yang lalu"],"many":[{"t":"idOrVar","v":"value"}," tahun yang lalu"],"one":"tahun lepas","other":[{"t":"idOrVar","v":"value"}," tahun yang lalu"],"two":[{"t":"idOrVar","v":"value"}," tahun yang lalu"],"zero":"tahun ini"},"$x":[{"t":"idOrVar","v":"plural"},"value"]},{"$i":"minutes-until-long","$v":{"few":["dalam ",{"t":"idOrVar","v":"value"}," minit"],"many":["dalam ",{"t":"idOrVar","v":"value"}," minit"],"other":["dalam ",{"t":"idOrVar","v":"value"}," minit"],"two":["dalam ",{"t":"idOrVar","v":"value"}," minit"],"zero":"sekarang","one":"dalam masa seminit"},"$x":[{"t":"idOrVar","v":"plural"},"value"]},{"$i":"hours-until-long","$v":{"few":["dalam ",{"t":"idOrVar","v":"value"}," jam"],"many":["dalam ",{"t":"idOrVar","v":"value"}," jam"],"other":["dalam ",{"t":"idOrVar","v":"value"}," jam"],"two":["dalam ",{"t":"idOrVar","v":"value"}," jam"],"zero":"sekarang","one":"dalam masa sejam"},"$x":[{"t":"idOrVar","v":"plural"},"value"]},{"$i":"days-until-long","$v":{"few":["dalam ",{"t":"idOrVar","v":"value"}," hari"],"many":["dalam ",{"t":"idOrVar","v":"value"}," hari"],"one":"esok","other":["dalam ",{"t":"idOrVar","v":"value"}," hari"],"two":["dalam ",{"t":"idOrVar","v":"value"}," hari"],"zero":"hari ini"},"$x":[{"t":"idOrVar","v":"plural"},"value"]},{"$i":"weeks-until-long","$v":{"few":["dalam ",{"t":"idOrVar","v":"value"}," minggu"],"many":["dalam ",{"t":"idOrVar","v":"value"}," minggu"],"one":"minggu depan","other":["dalam ",{"t":"idOrVar","v":"value"}," minggu"],"two":["dalam ",{"t":"idOrVar","v":"value"}," minggu"],"zero":"minggu ini"},"$x":[{"t":"idOrVar","v":"plural"},"value"]},{"$i":"months-until-long","$v":{"few":["dalam ",{"t":"idOrVar","v":"value"}," bulan"],"many":["dalam ",{"t":"idOrVar","v":"value"}," bulan"],"one":"bulan depan","other":["dalam ",{"t":"idOrVar","v":"value"}," bulan"],"two":["dalam ",{"t":"idOrVar","v":"value"}," bulan"],"zero":"bulan ini"},"$x":[{"t":"idOrVar","v":"plural"},"value"]},{"$i":"years-until-long","$v":{"few":["dalam ",{"t":"idOrVar","v":"value"}," tahun"],"many":["dalam ",{"t":"idOrVar","v":"value"}," tahun"],"one":"tahun depan","other":["dalam ",{"t":"idOrVar","v":"value"}," tahun"],"two":["dalam ",{"t":"idOrVar","v":"value"}," tahun"],"zero":"tahun ini"},"$x":[{"t":"idOrVar","v":"plural"},"value"]},{"$i":"minutes-ago-short","$v":{"other":[{"t":"idOrVar","v":"value"},"m yang lalu"],"zero":"Sebentar Tadi"},"$x":[{"t":"idOrVar","v":"plural"},"value"]},{"$i":"hours-ago-short","$v":{"other":[{"t":"idOrVar","v":"value"},"j yang lalu"],"zero":"Sebentar Tadi"},"$x":[{"t":"idOrVar","v":"plural"},"value"]},{"$i":"days-ago-short","$v":{"other":[{"t":"idOrVar","v":"value"},"h yang lalu"],"zero":"hari ini"},"$x":[{"t":"idOrVar","v":"plural"},"value"]},{"$i":"minutes-until-short","$v":{"other":["dalam ",{"t":"idOrVar","v":"value"},"m"],"zero":"sekarang"},"$x":[{"t":"idOrVar","v":"plural"},"value"]},{"$i":"hours-until-short","$v":{"other":["dalam ",{"t":"idOrVar","v":"value"},"j"],"zero":"sekarang"},"$x":[{"t":"idOrVar","v":"plural"},"value"]},{"$i":"days-until-short","$v":{"other":["dalam ",{"t":"idOrVar","v":"value"},"h"],"zero":"hari ini"},"$x":[{"t":"idOrVar","v":"plural"},"value"]},{"$i":"incorrectDate","$v":"(tarikh salah)"},{"$i":"dateTimeFormat_%c","$v":"%a %b %e %Y %I:%M:%S %p"},{"$i":"dateTimeFormat_%x","$v":"%m/%d/%Y"},{"$i":"dateTimeFormat_%X","$v":"%I:%M:%S %p"},{"$i":"shortTimeFormat","$v":"%I:%M %p"},{"$i":"shortTimeFormat12","$v":"%I:%M %p"},{"$i":"shortTimeFormat24","$v":"%H:%M"},{"$i":"shortDateTimeFormat","$v":"%x %I:%M %p"},{"$i":"weekStartsOnMonday","$v":"0.0"},{"$i":"firstDayOfTheWeek","$v":"0.0"},{"$i":"time_am","$v":"Pagi"},{"$i":"time_pm","$v":"Petang"}]