[{"$i":"notes","$v":"Opmerking"},{"$i":"new","$v":"Nieuw"},{"$i":"enter","$v":"Invoeren"},{"$i":"edit","$v":"Bewerken"},{"$i":"select","$v":"Selecteer"},{"$i":"delete","$v":"Verwijderen"},{"$i":"share","$v":"Delen"},{"$i":"search","$v":"Zoeken"},{"$i":"sort-by","$v":"Sorteren op"},{"$i":"done","$v":"Gereed"},{"$i":"note-deleted","$v":"Notitie verwijderd."},{"$i":"delete-confirm","$v":"Bevestiging"},{"$i":"save-note","$v":"Opslaan in Notitie."},{"$i":"delete-notes","$v":{"one":"Notitie verwijderd.","zero":"Notitie verwijderd.","few":[{"t":"idOrVar","v":"n"}," notities verwijderd."],"many":[{"t":"idOrVar","v":"n"}," notities verwijderd."],"other":[{"t":"idOrVar","v":"n"}," notities verwijderd."],"two":[{"t":"idOrVar","v":"n"}," notities verwijderd."]},"$x":[{"t":"idOrVar","v":"plural"},"n"]},{"$i":"share-by-mail","$v":"E-mail"},{"$i":"share-by-sms","$v":"Berichten"},{"$i":"share-by-bluetooth","$v":"Bluetooth"},{"$i":"sort-by-date-edited","$v":"Bewerkt op"},{"$i":"sort-by-date-created","$v":"Gemaakt op"},{"$i":"sort-by-title","$v":"Titel"},{"$i":"cancel","$v":"Annuleren"},{"$i":"options","$v":"Opties"},{"$i":"save","$v":"Opslaan"},{"$i":"discard","$v":"Weggooien"},{"$i":"multi-select","$v":"Meerdere selecteren"},{"$i":"multi-del","$v":{"few":[{"t":"idOrVar","v":"n"}," notities verwijderen?"],"many":[{"t":"idOrVar","v":"n"}," notities verwijderen?"],"one":"De notitie verwijderen?","other":[{"t":"idOrVar","v":"n"}," notities verwijderen?"],"two":[{"t":"idOrVar","v":"n"}," notities verwijderen?"],"zero":"De notitie verwijderen?"},"$x":[{"t":"idOrVar","v":"plural"},"n"]},{"$i":"select-all","$v":"Alle"},{"$i":"deselect-all","$v":"Geen"},{"$i":"deselect","$v":"Deselecteren"},{"$i":"number-selected","$v":{"few":[{"t":"idOrVar","v":"number"}," geselecteerd"],"many":[{"t":"idOrVar","v":"number"}," geselecteerd"],"one":[{"t":"idOrVar","v":"number"}," geselecteerd"],"other":[{"t":"idOrVar","v":"number"}," geselecteerd"],"two":[{"t":"idOrVar","v":"number"}," geselecteerd"],"zero":[{"t":"idOrVar","v":"number"}," geselecteerd"]},"$x":[{"t":"idOrVar","v":"plural"},"number"]},{"$i":"max-amount-title","$v":"Maximale aantal bereikt"},{"$i":"max-amount-content","$v":"Nieuwe notitie maken niet mogelijk. U hebt het maximale aantal notities bereikt. Verwijder oudere notities."},{"$i":"max-length-exceed","$v":"Maximumlengte notitie overschreden."},{"$i":"no-notes","$v":"Notitie is leeg, druk op Nieuw om een nieuwe notitie toe te voegen."},{"$i":"search-message","$v":"Voer de zoekwoorden in."},{"$i":"full-storage-title","$v":"Opslag is vol"},{"$i":"full-storage-content","$v":"U kunt een aantal mediabestanden verwijderen of applicatiegegevens beheren om extra vrije ruimte te creëren."},{"$i":"go-to-settings","$v":"Ga naar Instellingen"},{"$i":"deleteNote","$v":"De notitie verwijderen?"},{"$i":"sortby-editTime","$v":"Gesorteerd op datum bewerkt op."},{"$i":"sortby-createTime","$v":"Gesorteerd op datum gemaakt op."},{"$i":"sortby-title","$v":"Gesorteerd op titel."},{"$i":"confirmation-title","$v":"Bevestiging"},{"$i":"cancel-confirmation-content","$v":"Laatste bewerking wordt verwijderd. Wilt u deze notitie opslaan?"},{"$i":"today","$v":"Vandaag"},{"$i":"yesterday","$v":"Gisteren"},{"$i":"ok","$v":"OK"},{"$i":"file-large-title","$v":"Bestand is te groot"},{"$i":"file-large-content","$v":"Uw notitiebestand is te groot om op te slaan, verwijder wat inhoud en probeer het opnieuw."},{"$i":"weekday-0-long","$v":"zondag"},{"$i":"weekday-1-long","$v":"maandag"},{"$i":"weekday-2-long","$v":"dinsdag"},{"$i":"weekday-3-long","$v":"woensdag"},{"$i":"weekday-4-long","$v":"donderdag"},{"$i":"weekday-5-long","$v":"vrijdag"},{"$i":"weekday-6-long","$v":"zaterdag"},{"$i":"weekday-0-short","$v":"Zon"},{"$i":"weekday-1-short","$v":"Maa"},{"$i":"weekday-2-short","$v":"Din"},{"$i":"weekday-3-short","$v":"Woe"},{"$i":"weekday-4-short","$v":"Don"},{"$i":"weekday-5-short","$v":"Vrij"},{"$i":"weekday-6-short","$v":"Zat"},{"$i":"month-0-long","$v":"januari"},{"$i":"month-1-long","$v":"februari"},{"$i":"month-2-long","$v":"maart"},{"$i":"month-3-long","$v":"april"},{"$i":"month-4-long","$v":"mei"},{"$i":"month-5-long","$v":"juni"},{"$i":"month-6-long","$v":"juli"},{"$i":"month-7-long","$v":"augustus"},{"$i":"month-8-long","$v":"september"},{"$i":"month-9-long","$v":"oktober"},{"$i":"month-10-long","$v":"november"},{"$i":"month-11-long","$v":"december"},{"$i":"month-0-genitive","$v":"januari"},{"$i":"month-1-genitive","$v":"februari"},{"$i":"month-2-genitive","$v":"maart"},{"$i":"month-3-genitive","$v":"april"},{"$i":"month-4-genitive","$v":"mei"},{"$i":"month-5-genitive","$v":"juni"},{"$i":"month-6-genitive","$v":"juli"},{"$i":"month-7-genitive","$v":"augustus"},{"$i":"month-8-genitive","$v":"september"},{"$i":"month-9-genitive","$v":"oktober"},{"$i":"month-10-genitive","$v":"november"},{"$i":"month-11-genitive","$v":"december"},{"$i":"month-0-short","$v":"Jan"},{"$i":"month-1-short","$v":"Feb"},{"$i":"month-2-short","$v":"Maa"},{"$i":"month-3-short","$v":"Apr"},{"$i":"month-4-short","$v":"mei"},{"$i":"month-5-short","$v":"Jun"},{"$i":"month-6-short","$v":"Jul"},{"$i":"month-7-short","$v":"Aug"},{"$i":"month-8-short","$v":"Sep"},{"$i":"month-9-short","$v":"Okt"},{"$i":"month-10-short","$v":"Nov"},{"$i":"month-11-short","$v":"Dec"},{"$i":"minutes-ago-long","$v":{"few":[{"t":"idOrVar","v":"value"}," minuten geleden"],"many":[{"t":"idOrVar","v":"value"}," minuten geleden"],"other":[{"t":"idOrVar","v":"value"}," minuten geleden"],"two":[{"t":"idOrVar","v":"value"}," minuten geleden"],"one":"een minuut geleden","zero":"Zojuist"},"$x":[{"t":"idOrVar","v":"plural"},"value"]},{"$i":"hours-ago-long","$v":{"few":[{"t":"idOrVar","v":"value"}," uur geleden"],"many":[{"t":"idOrVar","v":"value"}," uur geleden"],"other":[{"t":"idOrVar","v":"value"}," uur geleden"],"two":[{"t":"idOrVar","v":"value"}," uur geleden"],"one":"een uur geleden","zero":"Zojuist"},"$x":[{"t":"idOrVar","v":"plural"},"value"]},{"$i":"days-ago-long","$v":{"few":[{"t":"idOrVar","v":"value"}," dagen geleden"],"many":[{"t":"idOrVar","v":"value"}," dagen geleden"],"one":"gisteren","other":[{"t":"idOrVar","v":"value"}," dagen geleden"],"two":[{"t":"idOrVar","v":"value"}," dagen geleden"],"zero":"vandaag"},"$x":[{"t":"idOrVar","v":"plural"},"value"]},{"$i":"weeks-ago-long","$v":{"few":[{"t":"idOrVar","v":"value"}," weken geleden"],"many":[{"t":"idOrVar","v":"value"}," weken geleden"],"one":"vorige week","other":[{"t":"idOrVar","v":"value"}," weken geleden"],"two":[{"t":"idOrVar","v":"value"}," weken geleden"],"zero":"deze week"},"$x":[{"t":"idOrVar","v":"plural"},"value"]},{"$i":"months-ago-long","$v":{"few":[{"t":"idOrVar","v":"value"}," maanden geleden"],"many":[{"t":"idOrVar","v":"value"}," maanden geleden"],"one":"vorige maand","other":[{"t":"idOrVar","v":"value"}," maanden geleden"],"two":[{"t":"idOrVar","v":"value"}," maanden geleden"],"zero":"deze maand"},"$x":[{"t":"idOrVar","v":"plural"},"value"]},{"$i":"years-ago-long","$v":{"few":[{"t":"idOrVar","v":"value"}," jaar geleden"],"many":[{"t":"idOrVar","v":"value"}," jaar geleden"],"one":"vorig jaar","other":[{"t":"idOrVar","v":"value"}," jaar geleden"],"two":[{"t":"idOrVar","v":"value"}," jaar geleden"],"zero":"dit jaar"},"$x":[{"t":"idOrVar","v":"plural"},"value"]},{"$i":"minutes-until-long","$v":{"few":["over ",{"t":"idOrVar","v":"value"}," minuten"],"many":["over ",{"t":"idOrVar","v":"value"}," minuten"],"other":["over ",{"t":"idOrVar","v":"value"}," minuten"],"two":["over ",{"t":"idOrVar","v":"value"}," minuten"],"zero":"nu","one":"over een minuut"},"$x":[{"t":"idOrVar","v":"plural"},"value"]},{"$i":"hours-until-long","$v":{"few":["over ",{"t":"idOrVar","v":"value"}," uur"],"many":["over ",{"t":"idOrVar","v":"value"}," uur"],"other":["over ",{"t":"idOrVar","v":"value"}," uur"],"two":["over ",{"t":"idOrVar","v":"value"}," uur"],"zero":"nu","one":"over een uur"},"$x":[{"t":"idOrVar","v":"plural"},"value"]},{"$i":"days-until-long","$v":{"few":["over ",{"t":"idOrVar","v":"value"}," dagen"],"many":["over ",{"t":"idOrVar","v":"value"}," dagen"],"one":"morgen","other":["over ",{"t":"idOrVar","v":"value"}," dagen"],"two":["over ",{"t":"idOrVar","v":"value"}," dagen"],"zero":"vandaag"},"$x":[{"t":"idOrVar","v":"plural"},"value"]},{"$i":"weeks-until-long","$v":{"few":["over ",{"t":"idOrVar","v":"value"}," weken"],"many":["over ",{"t":"idOrVar","v":"value"}," weken"],"one":"volgende week","other":["over ",{"t":"idOrVar","v":"value"}," weken"],"two":["over ",{"t":"idOrVar","v":"value"}," weken"],"zero":"deze week"},"$x":[{"t":"idOrVar","v":"plural"},"value"]},{"$i":"months-until-long","$v":{"few":["over ",{"t":"idOrVar","v":"value"}," maanden"],"many":["over ",{"t":"idOrVar","v":"value"}," maanden"],"one":"volgende maand","other":["over ",{"t":"idOrVar","v":"value"}," maanden"],"two":["over ",{"t":"idOrVar","v":"value"}," maanden"],"zero":"deze maand"},"$x":[{"t":"idOrVar","v":"plural"},"value"]},{"$i":"years-until-long","$v":{"few":["over ",{"t":"idOrVar","v":"value"}," jaar"],"many":["over ",{"t":"idOrVar","v":"value"}," jaar"],"one":"volgend jaar","other":["over ",{"t":"idOrVar","v":"value"}," jaar"],"two":["over ",{"t":"idOrVar","v":"value"}," jaar"],"zero":"dit jaar"},"$x":[{"t":"idOrVar","v":"plural"},"value"]},{"$i":"minutes-ago-short","$v":{"other":[{"t":"idOrVar","v":"value"},"m geleden"],"zero":"Zojuist"},"$x":[{"t":"idOrVar","v":"plural"},"value"]},{"$i":"hours-ago-short","$v":{"other":[{"t":"idOrVar","v":"value"},"u geleden"],"zero":"Zojuist"},"$x":[{"t":"idOrVar","v":"plural"},"value"]},{"$i":"days-ago-short","$v":{"other":[{"t":"idOrVar","v":"value"},"d geleden"],"zero":"vandaag"},"$x":[{"t":"idOrVar","v":"plural"},"value"]},{"$i":"minutes-until-short","$v":{"other":["over ",{"t":"idOrVar","v":"value"},"m"],"zero":"nu"},"$x":[{"t":"idOrVar","v":"plural"},"value"]},{"$i":"hours-until-short","$v":{"other":["over ",{"t":"idOrVar","v":"value"},"u"],"zero":"nu"},"$x":[{"t":"idOrVar","v":"plural"},"value"]},{"$i":"days-until-short","$v":{"other":["over ",{"t":"idOrVar","v":"value"},"d"],"zero":"vandaag"},"$x":[{"t":"idOrVar","v":"plural"},"value"]},{"$i":"incorrectDate","$v":"(onjuiste datum)"},{"$i":"dateTimeFormat_%c","$v":"%a %b %e %Y %I:%M:%S %p"},{"$i":"dateTimeFormat_%x","$v":"%m/%d/%Y"},{"$i":"dateTimeFormat_%X","$v":"%I:%M:%S %p"},{"$i":"shortTimeFormat","$v":"%I:%M %p"},{"$i":"shortTimeFormat12","$v":"%I:%M %p"},{"$i":"shortTimeFormat24","$v":"%H:%M"},{"$i":"shortDateTimeFormat","$v":"%x %I:%M %p"},{"$i":"weekStartsOnMonday","$v":"0.0"},{"$i":"firstDayOfTheWeek","$v":"1.0"},{"$i":"time_am","$v":"AM"},{"$i":"time_pm","$v":"PM"}]