[{"$i":"notes","$v":"یادښت"},{"$i":"new","$v":"نوی"},{"$i":"enter","$v":"داخل کړه"},{"$i":"edit","$v":"اصلاح کول"},{"$i":"select","$v":"انتخال کړئ"},{"$i":"delete","$v":"لرې کول"},{"$i":"share","$v":"شریک کړئ"},{"$i":"search","$v":"لټون"},{"$i":"sort-by","$v":"ترتیب کړئ په"},{"$i":"done","$v":"وشو"},{"$i":"note-deleted","$v":"یادښت لرې شو."},{"$i":"delete-confirm","$v":"تصدیق"},{"$i":"save-note","$v":"په یاد ساتل شوی."},{"$i":"delete-notes","$v":{"one":"یادښت لرې شو.","zero":"یادښت لرې شو.","few":[{"t":"idOrVar","v":"n"}," یادونه لری کړی شوی."],"many":[{"t":"idOrVar","v":"n"}," یادونه لری کړی شوی."],"other":[{"t":"idOrVar","v":"n"}," یادونه لری کړی شوی."],"two":[{"t":"idOrVar","v":"n"}," یادونه لری کړی شوی."]},"$x":[{"t":"idOrVar","v":"plural"},"n"]},{"$i":"share-by-mail","$v":"بریښنالیک"},{"$i":"share-by-sms","$v":"پیغامونه"},{"$i":"share-by-bluetooth","$v":"بلوتوت"},{"$i":"sort-by-date-edited","$v":"د بدلولو تاریخ"},{"$i":"sort-by-date-created","$v":"د جوړولو تاریخ"},{"$i":"sort-by-title","$v":"عنوان"},{"$i":"cancel","$v":"کول"},{"$i":"options","$v":"غوراوي"},{"$i":"save","$v":"محفوظ کړئ"},{"$i":"discard","$v":"پریښودل"},{"$i":"multi-select","$v":"متعدد انتخاب کړئ"},{"$i":"multi-del","$v":{"few":["یادګېرنه ",{"t":"idOrVar","v":"n"}," لرې کړﺉ؟"],"many":["یادګېرنه ",{"t":"idOrVar","v":"n"}," لرې کړﺉ؟"],"one":"یادګېرنه لرې کړﺉ؟","other":["یادګېرنه ",{"t":"idOrVar","v":"n"}," لرې کړﺉ؟"],"two":["یادګېرنه ",{"t":"idOrVar","v":"n"}," لرې کړﺉ؟"],"zero":"یاداشت لرې کړي؟"},"$x":[{"t":"idOrVar","v":"plural"},"n"]},{"$i":"select-all","$v":"ټول"},{"$i":"deselect-all","$v":"هیڅ‎ یو"},{"$i":"deselect","$v":"غیر انتخاب کړئ"},{"$i":"number-selected","$v":{"few":[{"t":"idOrVar","v":"number"}," انتخاب شو"],"many":[{"t":"idOrVar","v":"number"}," انتخاب شو"],"one":[{"t":"idOrVar","v":"number"}," انتخاب شو"],"other":[{"t":"idOrVar","v":"number"}," انتخاب شو"],"two":[{"t":"idOrVar","v":"number"}," انتخاب شو"],"zero":[{"t":"idOrVar","v":"number"}," انتخاب شو"]},"$x":[{"t":"idOrVar","v":"plural"},"number"]},{"$i":"max-amount-title","$v":"اعظمي شمېر ته ورسېدو"},{"$i":"max-amount-content","$v":"نوی یادښت نشي رامینځ ته کولی. تاسو د یادښتونو اعظمي حد ته رسېدلي یاست. لطفا پخوانی یادښتونه پاک کړئ."},{"$i":"max-length-exceed","$v":"د یادښت حد اعظمي اوږدوالي ته ورسېدو."},{"$i":"no-notes","$v":"یادښت خالي دی. مهرباني وکړئ، د نوي یادښت لپاره پر نوي زور کړئ."},{"$i":"search-message","$v":"مهرباني وکړئ کلیدي کلمات داخل کړئ."},{"$i":"full-storage-title","$v":"ذخیره ډکه ده."},{"$i":"full-storage-content","$v":"تاسو ‎کولی‎ شئ‎ چې‎ د‎ میډیا‎ د‎ ځیني‎ فایلونو‎ یا‎ منیجر‎ ایپلیکیشن‎ په‎ لرې‎ کولو‎ سره‎ خالي‎ ځای‎ پیدا‎ کړئ."},{"$i":"go-to-settings","$v":"تنظیماتو ته لاړ شئ"},{"$i":"deleteNote","$v":"یاداشت لرې کړي؟"},{"$i":"sortby-editTime","$v":"د اصلاح د تاریخ په اسال ترتیب کړئ"},{"$i":"sortby-createTime","$v":"د جوړیدو د تاریخ په اساس ترتیب کړئ"},{"$i":"sortby-title","$v":"د عنوان په اساس ترتیب شو."},{"$i":"confirmation-title","$v":"تصدیق"},{"$i":"cancel-confirmation-content","$v":"‏وروستني تغیرات به ترک کړل شي. ایا غواړی تغیرات ثبت کړئ؟"},{"$i":"today","$v":"نن"},{"$i":"yesterday","$v":"پرون"},{"$i":"ok","$v":"اوکی"},{"$i":"file-large-title","$v":"فایل ډېر لوی دی"},{"$i":"file-large-content","$v":"ستاسو د یادښت فایل د ذخیره کولو لپاره لوی دی. ځینې توکي پاک کړئ او بیا هڅه وکړئ."},{"$i":"weekday-0-long","$v":"یکشنبه"},{"$i":"weekday-1-long","$v":"دوشنبه"},{"$i":"weekday-2-long","$v":"سه شنبه"},{"$i":"weekday-3-long","$v":"چهارشنبه"},{"$i":"weekday-4-long","$v":"پنجشنبه"},{"$i":"weekday-5-long","$v":"جمعه"},{"$i":"weekday-6-long","$v":"شنبه"},{"$i":"weekday-0-short","$v":"لمر"},{"$i":"weekday-1-short","$v":"دو"},{"$i":"weekday-2-short","$v":"سه"},{"$i":"weekday-3-short","$v":"چهار"},{"$i":"weekday-4-short","$v":"پنج."},{"$i":"weekday-5-short","$v":"جمعه"},{"$i":"weekday-6-short","$v":"هفته"},{"$i":"month-0-long","$v":"جنوری"},{"$i":"month-1-long","$v":"فروری"},{"$i":"month-2-long","$v":"مارچ"},{"$i":"month-3-long","$v":"اپریل"},{"$i":"month-4-long","$v":"مئی"},{"$i":"month-5-long","$v":"جون"},{"$i":"month-6-long","$v":"جولائی"},{"$i":"month-7-long","$v":"اګست"},{"$i":"month-8-long","$v":"ستمبر"},{"$i":"month-9-long","$v":"اکتوبر"},{"$i":"month-10-long","$v":"نومبر"},{"$i":"month-11-long","$v":"دسمبر"},{"$i":"month-0-genitive","$v":"جنوری"},{"$i":"month-1-genitive","$v":"فروری"},{"$i":"month-2-genitive","$v":"مارچ"},{"$i":"month-3-genitive","$v":"اپریل"},{"$i":"month-4-genitive","$v":"مئی"},{"$i":"month-5-genitive","$v":"جون"},{"$i":"month-6-genitive","$v":"جولائی"},{"$i":"month-7-genitive","$v":"اګست"},{"$i":"month-8-genitive","$v":"ستمبر"},{"$i":"month-9-genitive","$v":"اکتوبر"},{"$i":"month-10-genitive","$v":"نومبر"},{"$i":"month-11-genitive","$v":"دسمبر"},{"$i":"month-0-short","$v":"جنوری"},{"$i":"month-1-short","$v":"فروری"},{"$i":"month-2-short","$v":"مارچ"},{"$i":"month-3-short","$v":"اپریل"},{"$i":"month-4-short","$v":"مئی"},{"$i":"month-5-short","$v":"جون"},{"$i":"month-6-short","$v":"جولائی"},{"$i":"month-7-short","$v":"اګست"},{"$i":"month-8-short","$v":"ستمبر"},{"$i":"month-9-short","$v":"اکتوبر"},{"$i":"month-10-short","$v":"نومبر"},{"$i":"month-11-short","$v":"دسمبر"},{"$i":"minutes-ago-long","$v":{"few":[{"t":"idOrVar","v":"value"}," دقی مخکې"],"many":[{"t":"idOrVar","v":"value"}," دقی مخکې"],"other":[{"t":"idOrVar","v":"value"}," دقی مخکې"],"two":[{"t":"idOrVar","v":"value"}," دقی مخکې"],"one":"یو دقیقه مخکې","zero":"همدا اوس"},"$x":[{"t":"idOrVar","v":"plural"},"value"]},{"$i":"hours-ago-long","$v":{"few":[{"t":"idOrVar","v":"value"}," ساعته مخکې"],"many":[{"t":"idOrVar","v":"value"}," ساعته مخکې"],"other":[{"t":"idOrVar","v":"value"}," ساعته مخکې"],"two":[{"t":"idOrVar","v":"value"}," ساعته مخکې"],"one":"یو ساعت وخت","zero":"همدا اوس"},"$x":[{"t":"idOrVar","v":"plural"},"value"]},{"$i":"days-ago-long","$v":{"few":[{"t":"idOrVar","v":"value"}," ورځي مخکې"],"many":[{"t":"idOrVar","v":"value"}," ورځي مخکې"],"one":"پرون","other":[{"t":"idOrVar","v":"value"}," ورځي مخکې"],"two":[{"t":"idOrVar","v":"value"}," ورځي مخکې"],"zero":"نن"},"$x":[{"t":"idOrVar","v":"plural"},"value"]},{"$i":"weeks-ago-long","$v":{"few":[{"t":"idOrVar","v":"value"}," اوونئ مخکې"],"many":[{"t":"idOrVar","v":"value"}," اوونئ مخکې"],"one":"تیره اوونۍ","other":[{"t":"idOrVar","v":"value"}," اوونئ مخکې"],"two":[{"t":"idOrVar","v":"value"}," اوونئ مخکې"],"zero":"دا اونۍ"},"$x":[{"t":"idOrVar","v":"plural"},"value"]},{"$i":"months-ago-long","$v":{"few":[{"t":"idOrVar","v":"value"}," میاشتي مخکې"],"many":[{"t":"idOrVar","v":"value"}," میاشتي مخکې"],"one":"تیره میاشت","other":[{"t":"idOrVar","v":"value"}," میاشتي مخکې"],"two":[{"t":"idOrVar","v":"value"}," میاشتي مخکې"],"zero":"دا میاشت"},"$x":[{"t":"idOrVar","v":"plural"},"value"]},{"$i":"years-ago-long","$v":{"few":[{"t":"idOrVar","v":"value"}," کاله مخکې"],"many":[{"t":"idOrVar","v":"value"}," کاله مخکې"],"one":"تیر کال","other":[{"t":"idOrVar","v":"value"}," کاله مخکې"],"two":[{"t":"idOrVar","v":"value"}," کاله مخکې"],"zero":"دا کال"},"$x":[{"t":"idOrVar","v":"plural"},"value"]},{"$i":"minutes-until-long","$v":{"few":["په ",{"t":"idOrVar","v":"value"}," دقیقو"],"many":["په ",{"t":"idOrVar","v":"value"}," دقیقو"],"other":["په ",{"t":"idOrVar","v":"value"}," دقیقو"],"two":["په ",{"t":"idOrVar","v":"value"}," دقیقو"],"zero":"اوس","one":"په 1 دقیقه کې"},"$x":[{"t":"idOrVar","v":"plural"},"value"]},{"$i":"hours-until-long","$v":{"few":["په ",{"t":"idOrVar","v":"value"}," ساعتونو"],"many":["په ",{"t":"idOrVar","v":"value"}," ساعتونو"],"other":["په ",{"t":"idOrVar","v":"value"}," ساعتونو"],"two":["په ",{"t":"idOrVar","v":"value"}," ساعتونو"],"zero":"اوس","one":"په 1 ساعت کې"},"$x":[{"t":"idOrVar","v":"plural"},"value"]},{"$i":"days-until-long","$v":{"few":["په ",{"t":"idOrVar","v":"value"}," ورځو"],"many":["په ",{"t":"idOrVar","v":"value"}," ورځو"],"one":"سبا","other":["په ",{"t":"idOrVar","v":"value"}," ورځو"],"two":["په ",{"t":"idOrVar","v":"value"}," ورځو"],"zero":"نن"},"$x":[{"t":"idOrVar","v":"plural"},"value"]},{"$i":"weeks-until-long","$v":{"few":["په ",{"t":"idOrVar","v":"value"}," اوونیو"],"many":["په ",{"t":"idOrVar","v":"value"}," اوونیو"],"one":"راتلونکې اوونۍ","other":["په ",{"t":"idOrVar","v":"value"}," اوونیو"],"two":["په ",{"t":"idOrVar","v":"value"}," اوونیو"],"zero":"دا اونۍ"},"$x":[{"t":"idOrVar","v":"plural"},"value"]},{"$i":"months-until-long","$v":{"few":["په ",{"t":"idOrVar","v":"value"}," میاشتو"],"many":["په ",{"t":"idOrVar","v":"value"}," میاشتو"],"one":"راتلونکې میاشت","other":["په ",{"t":"idOrVar","v":"value"}," میاشتو"],"two":["په ",{"t":"idOrVar","v":"value"}," میاشتو"],"zero":"دا میاشت"},"$x":[{"t":"idOrVar","v":"plural"},"value"]},{"$i":"years-until-long","$v":{"few":["په ",{"t":"idOrVar","v":"value"}," کلونو"],"many":["په ",{"t":"idOrVar","v":"value"}," کلونو"],"one":"راتلونکی کال","other":["په ",{"t":"idOrVar","v":"value"}," کلونو"],"two":["په ",{"t":"idOrVar","v":"value"}," کلونو"],"zero":"دا کال"},"$x":[{"t":"idOrVar","v":"plural"},"value"]},{"$i":"minutes-ago-short","$v":{"other":[{"t":"idOrVar","v":"value"},"دقه مخکې"],"zero":"همدا اوس"},"$x":[{"t":"idOrVar","v":"plural"},"value"]},{"$i":"hours-ago-short","$v":{"other":[{"t":"idOrVar","v":"value"},"ساعت مخکې"],"zero":"همدا اوس"},"$x":[{"t":"idOrVar","v":"plural"},"value"]},{"$i":"days-ago-short","$v":{"other":[{"t":"idOrVar","v":"value"},"ورځ مخکې"],"zero":"نن"},"$x":[{"t":"idOrVar","v":"plural"},"value"]},{"$i":"minutes-until-short","$v":{"other":["په ",{"t":"idOrVar","v":"value"}," دقیقو"],"zero":"اوس"},"$x":[{"t":"idOrVar","v":"plural"},"value"]},{"$i":"hours-until-short","$v":{"other":["په ",{"t":"idOrVar","v":"value"}," ساعتونو"],"zero":"اوس"},"$x":[{"t":"idOrVar","v":"plural"},"value"]},{"$i":"days-until-short","$v":{"other":["په ",{"t":"idOrVar","v":"value"}," ورځو"],"zero":"نن"},"$x":[{"t":"idOrVar","v":"plural"},"value"]},{"$i":"incorrectDate","$v":"(غلطه نیټه)"},{"$i":"dateTimeFormat_%c","$v":"%a %b %e %Y %I:%M:%S %p"},{"$i":"dateTimeFormat_%x","$v":"%m/%d/%Y"},{"$i":"dateTimeFormat_%X","$v":"%I:%M:%S %p"},{"$i":"shortTimeFormat","$v":"%I:%M %p"},{"$i":"shortTimeFormat12","$v":"%I:%M %p"},{"$i":"shortTimeFormat24","$v":"%H:%M"},{"$i":"shortDateTimeFormat","$v":"%x %I:%M %p"},{"$i":"weekStartsOnMonday","$v":"0.0"},{"$i":"firstDayOfTheWeek","$v":"0.0"},{"$i":"time_am","$v":"سهار"},{"$i":"time_pm","$v":"ماښام"}]