[{"$i":"notes","$v":"Anotação"},{"$i":"new","$v":"Nova"},{"$i":"enter","$v":"Entrar"},{"$i":"edit","$v":"Editar"},{"$i":"select","$v":"Selecionar"},{"$i":"delete","$v":"Excluir"},{"$i":"share","$v":"Compartilhar"},{"$i":"search","$v":"Pesquisar"},{"$i":"sort-by","$v":"Classificar por"},{"$i":"done","$v":"Concluído"},{"$i":"note-deleted","$v":"Anotação excluída."},{"$i":"delete-confirm","$v":"Confirmação"},{"$i":"save-note","$v":"Salve em Nota."},{"$i":"delete-notes","$v":{"one":"Anotação excluída.","zero":"Anotação excluída.","few":[{"t":"idOrVar","v":"n"}," notas excluídas."],"many":[{"t":"idOrVar","v":"n"}," notas excluídas."],"other":[{"t":"idOrVar","v":"n"}," notas excluídas."],"two":[{"t":"idOrVar","v":"n"}," notas excluídas."]},"$x":[{"t":"idOrVar","v":"plural"},"n"]},{"$i":"share-by-mail","$v":"Email"},{"$i":"share-by-sms","$v":"Mensagens"},{"$i":"share-by-bluetooth","$v":"Bluetooth"},{"$i":"sort-by-date-edited","$v":"Data de edição"},{"$i":"sort-by-date-created","$v":"Data de criação"},{"$i":"sort-by-title","$v":"Título"},{"$i":"cancel","$v":"Cancelar"},{"$i":"options","$v":"Opções"},{"$i":"save","$v":"Salvar"},{"$i":"discard","$v":"Descartar"},{"$i":"multi-select","$v":"Selecionar múltiplos"},{"$i":"multi-del","$v":{"few":["Excluir ",{"t":"idOrVar","v":"n"}," notas?"],"many":["Excluir ",{"t":"idOrVar","v":"n"}," notas?"],"one":"Excluir a anotação?","other":["Excluir ",{"t":"idOrVar","v":"n"}," notas?"],"two":["Excluir ",{"t":"idOrVar","v":"n"}," notas?"],"zero":"Excluir a anotação?"},"$x":[{"t":"idOrVar","v":"plural"},"n"]},{"$i":"select-all","$v":"Tudo"},{"$i":"deselect-all","$v":"Nenhum"},{"$i":"deselect","$v":"Desmarcar"},{"$i":"number-selected","$v":{"few":[{"t":"idOrVar","v":"number"}," Selecionado"],"many":[{"t":"idOrVar","v":"number"}," Selecionado"],"one":[{"t":"idOrVar","v":"number"}," Selecionado"],"other":[{"t":"idOrVar","v":"number"}," Selecionado"],"two":[{"t":"idOrVar","v":"number"}," Selecionado"],"zero":[{"t":"idOrVar","v":"number"}," Selecionado"]},"$x":[{"t":"idOrVar","v":"plural"},"number"]},{"$i":"max-amount-title","$v":"Quantidade máxima alcançada"},{"$i":"max-amount-content","$v":"Não é possível criar nova nota. Você atingiu a quantidade máxima de notas. Exclua notas anteriores."},{"$i":"max-length-exceed","$v":"Tamanho máximo da nota excedido."},{"$i":"no-notes","$v":"Anotação está vazia. Pressione Nova para adicionar uma nova anotação."},{"$i":"search-message","$v":"Digite as palavras-chave."},{"$i":"full-storage-title","$v":"Armazenamento cheio"},{"$i":"full-storage-content","$v":"Você pode excluir alguns arquivos de mídia ou gerenciar dados de aplicativos para obter mais espaço livre."},{"$i":"go-to-settings","$v":"Ir para Configurações"},{"$i":"deleteNote","$v":"Excluir a anotação?"},{"$i":"sortby-editTime","$v":"Classificadas por data de edição."},{"$i":"sortby-createTime","$v":"Classificadas por data de criação."},{"$i":"sortby-title","$v":"Classificadas por título."},{"$i":"confirmation-title","$v":"Confirmação"},{"$i":"cancel-confirmation-content","$v":"A última edição será descartada. Você gostaria de salvar esta anotação?"},{"$i":"today","$v":"Hoje"},{"$i":"yesterday","$v":"Ontem"},{"$i":"ok","$v":"OK"},{"$i":"file-large-title","$v":"Arquivo muito grande"},{"$i":"file-large-content","$v":"Seu arquivo de nota é muito grande p/ salvar, exclua algum conteúdo e tente novamente."},{"$i":"weekday-0-long","$v":"Domingo"},{"$i":"weekday-1-long","$v":"Segunda-feira"},{"$i":"weekday-2-long","$v":"Terça-feira"},{"$i":"weekday-3-long","$v":"Quarta-feira"},{"$i":"weekday-4-long","$v":"Quinta-feira"},{"$i":"weekday-5-long","$v":"Sexta-feira"},{"$i":"weekday-6-long","$v":"Sábado"},{"$i":"weekday-0-short","$v":"Dom"},{"$i":"weekday-1-short","$v":"Seg"},{"$i":"weekday-2-short","$v":"Ter"},{"$i":"weekday-3-short","$v":"Qua"},{"$i":"weekday-4-short","$v":"Qui"},{"$i":"weekday-5-short","$v":"Sex"},{"$i":"weekday-6-short","$v":"Sáb"},{"$i":"month-0-long","$v":"Janeiro"},{"$i":"month-1-long","$v":"Fevereiro"},{"$i":"month-2-long","$v":"Março"},{"$i":"month-3-long","$v":"Abril"},{"$i":"month-4-long","$v":"Mai"},{"$i":"month-5-long","$v":"Junho"},{"$i":"month-6-long","$v":"Julho"},{"$i":"month-7-long","$v":"Agosto"},{"$i":"month-8-long","$v":"Setembro"},{"$i":"month-9-long","$v":"Outubro"},{"$i":"month-10-long","$v":"Novembro"},{"$i":"month-11-long","$v":"Dezembro"},{"$i":"month-0-genitive","$v":"Janeiro"},{"$i":"month-1-genitive","$v":"Fevereiro"},{"$i":"month-2-genitive","$v":"Março"},{"$i":"month-3-genitive","$v":"Abril"},{"$i":"month-4-genitive","$v":"Mai"},{"$i":"month-5-genitive","$v":"Junho"},{"$i":"month-6-genitive","$v":"Julho"},{"$i":"month-7-genitive","$v":"Agosto"},{"$i":"month-8-genitive","$v":"Setembro"},{"$i":"month-9-genitive","$v":"Outubro"},{"$i":"month-10-genitive","$v":"Novembro"},{"$i":"month-11-genitive","$v":"Dezembro"},{"$i":"month-0-short","$v":"Jan"},{"$i":"month-1-short","$v":"Fev"},{"$i":"month-2-short","$v":"Mar"},{"$i":"month-3-short","$v":"Abr"},{"$i":"month-4-short","$v":"Mai"},{"$i":"month-5-short","$v":"Jun"},{"$i":"month-6-short","$v":"Jul"},{"$i":"month-7-short","$v":"Ago"},{"$i":"month-8-short","$v":"Set"},{"$i":"month-9-short","$v":"Out"},{"$i":"month-10-short","$v":"Nov"},{"$i":"month-11-short","$v":"Dez"},{"$i":"minutes-ago-long","$v":{"few":[{"t":"idOrVar","v":"value"}," minutos atrás"],"many":[{"t":"idOrVar","v":"value"}," minutos atrás"],"other":[{"t":"idOrVar","v":"value"}," minutos atrás"],"two":[{"t":"idOrVar","v":"value"}," minutos atrás"],"one":"um minuto atrás","zero":"Agora mesmo"},"$x":[{"t":"idOrVar","v":"plural"},"value"]},{"$i":"hours-ago-long","$v":{"few":["horas ",{"t":"idOrVar","v":"value"}," atrás"],"many":["horas ",{"t":"idOrVar","v":"value"}," atrás"],"other":["horas ",{"t":"idOrVar","v":"value"}," atrás"],"two":["horas ",{"t":"idOrVar","v":"value"}," atrás"],"one":"uma hora atrás","zero":"Agora mesmo"},"$x":[{"t":"idOrVar","v":"plural"},"value"]},{"$i":"days-ago-long","$v":{"few":[{"t":"idOrVar","v":"value"}," dias antes"],"many":[{"t":"idOrVar","v":"value"}," dias antes"],"one":"ontem","other":[{"t":"idOrVar","v":"value"}," dias antes"],"two":[{"t":"idOrVar","v":"value"}," dias antes"],"zero":"hoje"},"$x":[{"t":"idOrVar","v":"plural"},"value"]},{"$i":"weeks-ago-long","$v":{"few":[{"t":"idOrVar","v":"value"}," semanas antes"],"many":[{"t":"idOrVar","v":"value"}," semanas antes"],"one":"semana passada","other":[{"t":"idOrVar","v":"value"}," semanas antes"],"two":[{"t":"idOrVar","v":"value"}," semanas antes"],"zero":"esta semana"},"$x":[{"t":"idOrVar","v":"plural"},"value"]},{"$i":"months-ago-long","$v":{"few":[{"t":"idOrVar","v":"value"}," meses antes"],"many":[{"t":"idOrVar","v":"value"}," meses antes"],"one":"no mês passado","other":[{"t":"idOrVar","v":"value"}," meses antes"],"two":[{"t":"idOrVar","v":"value"}," meses antes"],"zero":"este mês"},"$x":[{"t":"idOrVar","v":"plural"},"value"]},{"$i":"years-ago-long","$v":{"few":[{"t":"idOrVar","v":"value"}," anos antes"],"many":[{"t":"idOrVar","v":"value"}," anos antes"],"one":"ano passado","other":[{"t":"idOrVar","v":"value"}," anos antes"],"two":[{"t":"idOrVar","v":"value"}," anos antes"],"zero":"este ano"},"$x":[{"t":"idOrVar","v":"plural"},"value"]},{"$i":"minutes-until-long","$v":{"few":["em ",{"t":"idOrVar","v":"value"}," minutos"],"many":["em ",{"t":"idOrVar","v":"value"}," minutos"],"other":["em ",{"t":"idOrVar","v":"value"}," minutos"],"two":["em ",{"t":"idOrVar","v":"value"}," minutos"],"zero":"agora","one":"em um minuto"},"$x":[{"t":"idOrVar","v":"plural"},"value"]},{"$i":"hours-until-long","$v":{"few":["em ",{"t":"idOrVar","v":"value"}," horas"],"many":["em ",{"t":"idOrVar","v":"value"}," horas"],"other":["em ",{"t":"idOrVar","v":"value"}," horas"],"two":["em ",{"t":"idOrVar","v":"value"}," horas"],"zero":"agora","one":"em uma hora"},"$x":[{"t":"idOrVar","v":"plural"},"value"]},{"$i":"days-until-long","$v":{"few":["em ",{"t":"idOrVar","v":"value"}," dias"],"many":["em ",{"t":"idOrVar","v":"value"}," dias"],"one":"amanhã","other":["em ",{"t":"idOrVar","v":"value"}," dias"],"two":["em ",{"t":"idOrVar","v":"value"}," dias"],"zero":"hoje"},"$x":[{"t":"idOrVar","v":"plural"},"value"]},{"$i":"weeks-until-long","$v":{"few":["em ",{"t":"idOrVar","v":"value"}," semanas"],"many":["em ",{"t":"idOrVar","v":"value"}," semanas"],"one":"próxima semana","other":["em ",{"t":"idOrVar","v":"value"}," semanas"],"two":["em ",{"t":"idOrVar","v":"value"}," semanas"],"zero":"esta semana"},"$x":[{"t":"idOrVar","v":"plural"},"value"]},{"$i":"months-until-long","$v":{"few":["em ",{"t":"idOrVar","v":"value"}," meses"],"many":["em ",{"t":"idOrVar","v":"value"}," meses"],"one":"próximo mês","other":["em ",{"t":"idOrVar","v":"value"}," meses"],"two":["em ",{"t":"idOrVar","v":"value"}," meses"],"zero":"este mês"},"$x":[{"t":"idOrVar","v":"plural"},"value"]},{"$i":"years-until-long","$v":{"few":["em ",{"t":"idOrVar","v":"value"}," anos"],"many":["em ",{"t":"idOrVar","v":"value"}," anos"],"one":"próximo ano","other":["em ",{"t":"idOrVar","v":"value"}," anos"],"two":["em ",{"t":"idOrVar","v":"value"}," anos"],"zero":"este ano"},"$x":[{"t":"idOrVar","v":"plural"},"value"]},{"$i":"minutes-ago-short","$v":{"other":[{"t":"idOrVar","v":"value"},"m atrás"],"zero":"Agora mesmo"},"$x":[{"t":"idOrVar","v":"plural"},"value"]},{"$i":"hours-ago-short","$v":{"other":[{"t":"idOrVar","v":"value"},"h atrás"],"zero":"Agora mesmo"},"$x":[{"t":"idOrVar","v":"plural"},"value"]},{"$i":"days-ago-short","$v":{"other":[{"t":"idOrVar","v":"value"},"d antes"],"zero":"hoje"},"$x":[{"t":"idOrVar","v":"plural"},"value"]},{"$i":"minutes-until-short","$v":{"other":["em ",{"t":"idOrVar","v":"value"},"m"],"zero":"agora"},"$x":[{"t":"idOrVar","v":"plural"},"value"]},{"$i":"hours-until-short","$v":{"other":["em ",{"t":"idOrVar","v":"value"},"h"],"zero":"agora"},"$x":[{"t":"idOrVar","v":"plural"},"value"]},{"$i":"days-until-short","$v":{"other":["em ",{"t":"idOrVar","v":"value"},"d"],"zero":"hoje"},"$x":[{"t":"idOrVar","v":"plural"},"value"]},{"$i":"incorrectDate","$v":"(data incorreta)"},{"$i":"dateTimeFormat_%c","$v":"%a %b %e %Y %I:%M:%S %p"},{"$i":"dateTimeFormat_%x","$v":"%d/%m/%Y"},{"$i":"dateTimeFormat_%X","$v":"%I:%M:%S %p"},{"$i":"shortTimeFormat","$v":"%I:%M %p"},{"$i":"shortTimeFormat12","$v":"%I:%M %p"},{"$i":"shortTimeFormat24","$v":"%H:%M"},{"$i":"shortDateTimeFormat","$v":"%x %I:%M %p"},{"$i":"weekStartsOnMonday","$v":"0.0"},{"$i":"firstDayOfTheWeek","$v":"0.0"},{"$i":"time_am","$v":"AM"},{"$i":"time_pm","$v":"PM"}]