[{"$i":"notes","$v":"සටහන"},{"$i":"new","$v":"නව"},{"$i":"enter","$v":"ඇතුළු කරන්න"},{"$i":"edit","$v":"සංස්කරණය කරන්න"},{"$i":"select","$v":"තෝරන්න"},{"$i":"delete","$v":"මකන්න"},{"$i":"share","$v":"හුවමාරු කරන්න"},{"$i":"search","$v":"සොයන්න"},{"$i":"sort-by","$v":"තෝරන ලද්දේ"},{"$i":"done","$v":"ඉටු කළා"},{"$i":"note-deleted","$v":"සටහන මකන ලද."},{"$i":"delete-confirm","$v":"තහවුරු කිරීම"},{"$i":"save-note","$v":"සටහනෙහි සුරකින ලදි."},{"$i":"delete-notes","$v":{"one":"සටහන මකන ලද.","zero":"සටහන මකන ලද.","few":["සටහන් ",{"t":"idOrVar","v":"n"}," මැකුවා."],"many":["සටහන් ",{"t":"idOrVar","v":"n"}," මැකුවා."],"other":["සටහන් ",{"t":"idOrVar","v":"n"}," මැකුවා."],"two":["සටහන් ",{"t":"idOrVar","v":"n"}," මැකුවා."]},"$x":[{"t":"idOrVar","v":"plural"},"n"]},{"$i":"share-by-mail","$v":"ඊමේල්"},{"$i":"share-by-sms","$v":"පණිවුඩ"},{"$i":"share-by-bluetooth","$v":"Bluetooth"},{"$i":"sort-by-date-edited","$v":"සංස්කරණය කළ දිනය"},{"$i":"sort-by-date-created","$v":"සකස් කළ දිනය"},{"$i":"sort-by-title","$v":"ශීර්ෂය"},{"$i":"cancel","$v":"අවලංගු කරන්න"},{"$i":"options","$v":"විකල්ප"},{"$i":"save","$v":"සුරකින්න"},{"$i":"discard","$v":"ඉවත් කරන්න"},{"$i":"multi-select","$v":"කිහිපයක් තෝරන්න"},{"$i":"multi-del","$v":{"few":["සටහන් ",{"t":"idOrVar","v":"n"}," මකන්න ද?"],"many":["සටහන් ",{"t":"idOrVar","v":"n"}," මකන්න ද?"],"one":"සටහන මකන්න ද?","other":["සටහන් ",{"t":"idOrVar","v":"n"}," මකන්න ද?"],"two":["සටහන් ",{"t":"idOrVar","v":"n"}," මකන්න ද?"],"zero":"සටහන මකන්නද?"},"$x":[{"t":"idOrVar","v":"plural"},"n"]},{"$i":"select-all","$v":"සියල්ල"},{"$i":"deselect-all","$v":"කිසිත් නැත"},{"$i":"deselect","$v":"තේරීම ඉවත් කරන්න"},{"$i":"number-selected","$v":{"few":[{"t":"idOrVar","v":"number"}," තෝරා ගැණිනි"],"many":[{"t":"idOrVar","v":"number"}," තෝරා ගැණිනි"],"one":[{"t":"idOrVar","v":"number"}," තෝරා ගැණිනි"],"other":[{"t":"idOrVar","v":"number"}," තෝරා ගැණිනි"],"two":[{"t":"idOrVar","v":"number"}," තෝරා ගැණිනි"],"zero":[{"t":"idOrVar","v":"number"}," තෝරා ගැණිනි"]},"$x":[{"t":"idOrVar","v":"plural"},"number"]},{"$i":"max-amount-title","$v":"උපරිම ප්‍රමාණයට ලඟාවිය"},{"$i":"max-amount-content","$v":"නව සටහන නිර්මාණය කළ නොහැක. ඔබ උපරිම සටහන් ප්‍රමාණයට ළඟාවිය. කරුණාකර පෙර සටහන් මකන්න."},{"$i":"max-length-exceed","$v":"සටහනේ උපරිම දිග ඉක්මවයි."},{"$i":"no-notes","$v":"සටහන හිස්, නව සටහනක් එක් කිරීමට නව යන්න ඔබන්න."},{"$i":"search-message","$v":"ප්‍රධාන වචන ඇතුළු කරන්න."},{"$i":"full-storage-title","$v":"ගබඩාව පිරී ඇත"},{"$i":"full-storage-content","$v":"වඩා වැඩි නිදහස් ඉඩක් ලබාගැනීමට ඔබට මාධ්‍ය ගොනු කිහිපයක් මැකීමට හෝ යෙදුම් දත්ත කළමනාකරණය කිරීමට හැකිය."},{"$i":"go-to-settings","$v":"පසුතල වෙත යන්න"},{"$i":"deleteNote","$v":"සටහන මකන්නද?"},{"$i":"sortby-editTime","$v":"සංස්කරණය කළ දිනය අනුව සුබෙදිණි."},{"$i":"sortby-createTime","$v":"තනන ලද දිනය අනුව සුබෙදිණි."},{"$i":"sortby-title","$v":"මාතෘකාව අනුව සුබෙදිණි."},{"$i":"confirmation-title","$v":"තහවුරු කිරීම"},{"$i":"cancel-confirmation-content","$v":"අවසන් සංස්කරණය නොසලකා හැරෙනු ඇත. ඔබ මෙම සටහන සුරැකීමට කැමතිද?"},{"$i":"today","$v":"අද"},{"$i":"yesterday","$v":"ඊයේ"},{"$i":"ok","$v":"OK"},{"$i":"file-large-title","$v":"ගොනුව විශාල වැඩිය"},{"$i":"file-large-content","$v":"ඔබගේ සටහන් ගොනුව සුරැකීමට විශාල වැඩිය, අන්තර්ගතය ටිකක් මැකිමට උත්සාහ කර නැවත උත්සාහ කරන්න."},{"$i":"weekday-0-long","$v":"ඉරිදා"},{"$i":"weekday-1-long","$v":"සඳුදා"},{"$i":"weekday-2-long","$v":"අඟහරුවාදා"},{"$i":"weekday-3-long","$v":"බදාදා"},{"$i":"weekday-4-long","$v":"බ්‍රහස්පතින්දා"},{"$i":"weekday-5-long","$v":"සිකුරාදා"},{"$i":"weekday-6-long","$v":"සෙනසුරාදා"},{"$i":"weekday-0-short","$v":"ඉරිදා"},{"$i":"weekday-1-short","$v":"සඳු"},{"$i":"weekday-2-short","$v":"අඟ"},{"$i":"weekday-3-short","$v":"බදා"},{"$i":"weekday-4-short","$v":"බ්‍රහස්"},{"$i":"weekday-5-short","$v":"සිකු"},{"$i":"weekday-6-short","$v":"සෙන"},{"$i":"month-0-long","$v":"ජනවාරි"},{"$i":"month-1-long","$v":"පෙබරවාරි"},{"$i":"month-2-long","$v":"මාර්තු"},{"$i":"month-3-long","$v":"අප්‍රේල්"},{"$i":"month-4-long","$v":"මැයි"},{"$i":"month-5-long","$v":"ජුනි"},{"$i":"month-6-long","$v":"ජූලි"},{"$i":"month-7-long","$v":"අගෝස්තු"},{"$i":"month-8-long","$v":"සැප්තැම්බර්"},{"$i":"month-9-long","$v":"ඔක්තෝබර්"},{"$i":"month-10-long","$v":"නොවැම්බර්"},{"$i":"month-11-long","$v":"දෙසැම්බර්"},{"$i":"month-0-genitive","$v":"ජනවාරි"},{"$i":"month-1-genitive","$v":"පෙබරවාරි"},{"$i":"month-2-genitive","$v":"මාර්තු"},{"$i":"month-3-genitive","$v":"අප්‍රේල්"},{"$i":"month-4-genitive","$v":"මැයි"},{"$i":"month-5-genitive","$v":"ජූනි"},{"$i":"month-6-genitive","$v":"ජුලි"},{"$i":"month-7-genitive","$v":"අගෝස්තු"},{"$i":"month-8-genitive","$v":"සැප්තැම්බර්"},{"$i":"month-9-genitive","$v":"ඔක්තෝබර්"},{"$i":"month-10-genitive","$v":"නොවැම්බර්"},{"$i":"month-11-genitive","$v":"දෙසැම්බර්"},{"$i":"month-0-short","$v":"ජන"},{"$i":"month-1-short","$v":"පෙබ"},{"$i":"month-2-short","$v":"මාර්."},{"$i":"month-3-short","$v":"අප්‍රේ"},{"$i":"month-4-short","$v":"මැයි"},{"$i":"month-5-short","$v":"ජූනි"},{"$i":"month-6-short","$v":"ජූලි"},{"$i":"month-7-short","$v":"අගෝ"},{"$i":"month-8-short","$v":"සැප්"},{"$i":"month-9-short","$v":"ඔක්"},{"$i":"month-10-short","$v":"නොවැ"},{"$i":"month-11-short","$v":"දෙසැ"},{"$i":"minutes-ago-long","$v":{"few":[{"t":"idOrVar","v":"value"}," මිනිත්තුවකට පෙර"],"many":[{"t":"idOrVar","v":"value"}," මිනිත්තුවකට පෙර"],"other":[{"t":"idOrVar","v":"value"}," මිනිත්තුවකට පෙර"],"two":[{"t":"idOrVar","v":"value"}," මිනිත්තුවකට පෙර"],"one":"මිනිත්තුවකට පෙර","zero":"මේ දැන්"},"$x":[{"t":"idOrVar","v":"plural"},"value"]},{"$i":"hours-ago-long","$v":{"few":[{"t":"idOrVar","v":"value"}," පැයකට ඉහත"],"many":[{"t":"idOrVar","v":"value"}," පැයකට ඉහත"],"other":[{"t":"idOrVar","v":"value"}," පැයකට ඉහත"],"two":[{"t":"idOrVar","v":"value"}," පැයකට ඉහත"],"one":"පැය 1 කට පෙර","zero":"මේ දැන්"},"$x":[{"t":"idOrVar","v":"plural"},"value"]},{"$i":"days-ago-long","$v":{"few":[{"t":"idOrVar","v":"value"}," දවසකට ඉහත"],"many":[{"t":"idOrVar","v":"value"}," දවසකට ඉහත"],"one":"ඊයේ","other":[{"t":"idOrVar","v":"value"}," දවසකට ඉහත"],"two":[{"t":"idOrVar","v":"value"}," දවසකට ඉහත"],"zero":"අද"},"$x":[{"t":"idOrVar","v":"plural"},"value"]},{"$i":"weeks-ago-long","$v":{"few":[{"t":"idOrVar","v":"value"}," සතියකට ඉහත"],"many":[{"t":"idOrVar","v":"value"}," සතියකට ඉහත"],"one":"පසුගිය සතිය","other":[{"t":"idOrVar","v":"value"}," සතියකට ඉහත"],"two":[{"t":"idOrVar","v":"value"}," සතියකට ඉහත"],"zero":"මේ සතිය"},"$x":[{"t":"idOrVar","v":"plural"},"value"]},{"$i":"months-ago-long","$v":{"few":[{"t":"idOrVar","v":"value"}," මසකට ඉහත"],"many":[{"t":"idOrVar","v":"value"}," මසකට ඉහත"],"one":"අවසන් මාසය","other":[{"t":"idOrVar","v":"value"}," මසකට ඉහත"],"two":[{"t":"idOrVar","v":"value"}," මසකට ඉහත"],"zero":"මේ මාසය"},"$x":[{"t":"idOrVar","v":"plural"},"value"]},{"$i":"years-ago-long","$v":{"few":[{"t":"idOrVar","v":"value"}," වසරකට ඉහත"],"many":[{"t":"idOrVar","v":"value"}," වසරකට ඉහත"],"one":"පසුගිය වසර","other":[{"t":"idOrVar","v":"value"}," වසරකට ඉහත"],"two":[{"t":"idOrVar","v":"value"}," වසරකට ඉහත"],"zero":"මෙම වසර"},"$x":[{"t":"idOrVar","v":"plural"},"value"]},{"$i":"minutes-until-long","$v":{"few":["මිනිත්තු",{"t":"idOrVar","v":"value"}," කින්"],"many":["මිනිත්තු",{"t":"idOrVar","v":"value"}," කින්"],"other":["මිනිත්තු",{"t":"idOrVar","v":"value"}," කින්"],"two":["මිනිත්තු",{"t":"idOrVar","v":"value"}," කින්"],"zero":"දැන්","one":"මිනිත්තු 1 කින්"},"$x":[{"t":"idOrVar","v":"plural"},"value"]},{"$i":"hours-until-long","$v":{"few":["පැය ",{"t":"idOrVar","v":"value"}," කින්"],"many":["පැය ",{"t":"idOrVar","v":"value"}," කින්"],"other":["පැය ",{"t":"idOrVar","v":"value"}," කින්"],"two":["පැය ",{"t":"idOrVar","v":"value"}," කින්"],"zero":"දැන්","one":"පැය 1 කින්"},"$x":[{"t":"idOrVar","v":"plural"},"value"]},{"$i":"days-until-long","$v":{"few":["දින ",{"t":"idOrVar","v":"value"}," කින්"],"many":["දින ",{"t":"idOrVar","v":"value"}," කින්"],"one":"හෙට","other":["දින ",{"t":"idOrVar","v":"value"}," කින්"],"two":["දින ",{"t":"idOrVar","v":"value"}," කින්"],"zero":"අද"},"$x":[{"t":"idOrVar","v":"plural"},"value"]},{"$i":"weeks-until-long","$v":{"few":["සති ",{"t":"idOrVar","v":"value"}," කින්"],"many":["සති ",{"t":"idOrVar","v":"value"}," කින්"],"one":"ඊළඟ සතිය","other":["සති ",{"t":"idOrVar","v":"value"}," කින්"],"two":["සති ",{"t":"idOrVar","v":"value"}," කින්"],"zero":"මේ සතිය"},"$x":[{"t":"idOrVar","v":"plural"},"value"]},{"$i":"months-until-long","$v":{"few":["මාස ",{"t":"idOrVar","v":"value"}," කින්"],"many":["මාස ",{"t":"idOrVar","v":"value"}," කින්"],"one":"ඊළඟ මාසය","other":["මාස ",{"t":"idOrVar","v":"value"}," කින්"],"two":["මාස ",{"t":"idOrVar","v":"value"}," කින්"],"zero":"මේ මාසය"},"$x":[{"t":"idOrVar","v":"plural"},"value"]},{"$i":"years-until-long","$v":{"few":["වසර ",{"t":"idOrVar","v":"value"}," කින්"],"many":["වසර ",{"t":"idOrVar","v":"value"}," කින්"],"one":"ඊළඟ වසර","other":["වසර ",{"t":"idOrVar","v":"value"}," කින්"],"two":["වසර ",{"t":"idOrVar","v":"value"}," කින්"],"zero":"මෙම වසර"},"$x":[{"t":"idOrVar","v":"plural"},"value"]},{"$i":"minutes-ago-short","$v":{"other":[{"t":"idOrVar","v":"value"},"මි. පෙර"],"zero":"මේ දැන්"},"$x":[{"t":"idOrVar","v":"plural"},"value"]},{"$i":"hours-ago-short","$v":{"other":[{"t":"idOrVar","v":"value"},"පැ. පෙර"],"zero":"මේ දැන්"},"$x":[{"t":"idOrVar","v":"plural"},"value"]},{"$i":"days-ago-short","$v":{"other":[{"t":"idOrVar","v":"value"},"දි. පෙර"],"zero":"අද"},"$x":[{"t":"idOrVar","v":"plural"},"value"]},{"$i":"minutes-until-short","$v":{"other":["මාස ",{"t":"idOrVar","v":"value"},"කින්"],"zero":"දැන්"},"$x":[{"t":"idOrVar","v":"plural"},"value"]},{"$i":"hours-until-short","$v":{"other":["පැය ",{"t":"idOrVar","v":"value"},"කින්"],"zero":"දැන්"},"$x":[{"t":"idOrVar","v":"plural"},"value"]},{"$i":"days-until-short","$v":{"other":["දින ",{"t":"idOrVar","v":"value"},"කින්"],"zero":"අද"},"$x":[{"t":"idOrVar","v":"plural"},"value"]},{"$i":"incorrectDate","$v":"(වැරදිදිනය)"},{"$i":"dateTimeFormat_%c","$v":"%a %b %e %Y %I:%M:%S %p"},{"$i":"dateTimeFormat_%x","$v":"%m/%d/%Y"},{"$i":"dateTimeFormat_%X","$v":"%I:%M:%S %p"},{"$i":"shortTimeFormat","$v":"%I:%M %p"},{"$i":"shortTimeFormat12","$v":"%I:%M %p"},{"$i":"shortTimeFormat24","$v":"%H:%M"},{"$i":"shortDateTimeFormat","$v":"%x %I:%M %p"},{"$i":"weekStartsOnMonday","$v":"0.0"},{"$i":"firstDayOfTheWeek","$v":"0.0"},{"$i":"time_am","$v":"AM"},{"$i":"time_pm","$v":"PM"}]