[{"$i":"notes","$v":"Kidokezo"},{"$i":"new","$v":"Mpya"},{"$i":"enter","$v":"Ingiza"},{"$i":"edit","$v":"Hariri"},{"$i":"select","$v":"Chagua"},{"$i":"delete","$v":"Futa"},{"$i":"share","$v":"Shiriki"},{"$i":"search","$v":"Tafuta"},{"$i":"sort-by","$v":"Panga kwa"},{"$i":"done","$v":"Gotoka"},{"$i":"note-deleted","$v":"Kidokezo kimefutwa."},{"$i":"delete-confirm","$v":"Uthibitishaji"},{"$i":"save-note","$v":"Hifadhi kwenye Note."},{"$i":"delete-notes","$v":{"one":"Kidokezo kimefutwa.","zero":"Kidokezo kimefutwa.","few":["Mihtasari ",{"t":"idOrVar","v":"n"},"  imefutwa."],"many":["Mihtasari ",{"t":"idOrVar","v":"n"},"  imefutwa."],"other":["Mihtasari ",{"t":"idOrVar","v":"n"},"  imefutwa."],"two":["Mihtasari ",{"t":"idOrVar","v":"n"},"  imefutwa."]},"$x":[{"t":"idOrVar","v":"plural"},"n"]},{"$i":"share-by-mail","$v":"Barua pepe"},{"$i":"share-by-sms","$v":"Ujumbe"},{"$i":"share-by-bluetooth","$v":"Bluetooth"},{"$i":"sort-by-date-edited","$v":"Kilihaririwa tarehe"},{"$i":"sort-by-date-created","$v":"Kiliundwa tarehe"},{"$i":"sort-by-title","$v":"Kichwa"},{"$i":"cancel","$v":"Ghairi"},{"$i":"options","$v":"Chaguo"},{"$i":"save","$v":"Hifadhi"},{"$i":"discard","$v":"Tupa"},{"$i":"multi-select","$v":"Chagua Picha Nyingi"},{"$i":"multi-del","$v":{"few":["Ungependa kufuta vidokezo ",{"t":"idOrVar","v":"n"},"?"],"many":["Ungependa kufuta vidokezo ",{"t":"idOrVar","v":"n"},"?"],"one":"Unataka kufuta kidokezo?","other":["Ungependa kufuta vidokezo ",{"t":"idOrVar","v":"n"},"?"],"two":["Ungependa kufuta vidokezo ",{"t":"idOrVar","v":"n"},"?"],"zero":"Unataka kufuta kidokezo?"},"$x":[{"t":"idOrVar","v":"plural"},"n"]},{"$i":"select-all","$v":"Zote"},{"$i":"deselect-all","$v":"Hamna"},{"$i":"deselect","$v":"Tengua uteuzi"},{"$i":"number-selected","$v":{"few":[{"t":"idOrVar","v":"number"}," Zimechaguliwa"],"many":[{"t":"idOrVar","v":"number"}," Zimechaguliwa"],"one":[{"t":"idOrVar","v":"number"}," Zimechaguliwa"],"other":[{"t":"idOrVar","v":"number"}," Zimechaguliwa"],"two":[{"t":"idOrVar","v":"number"}," Zimechaguliwa"],"zero":[{"t":"idOrVar","v":"number"}," Zimechaguliwa"]},"$x":[{"t":"idOrVar","v":"plural"},"number"]},{"$i":"max-amount-title","$v":"Umefikia Idadi ya Juu Zaidi"},{"$i":"max-amount-content","$v":"Huwezi kuunda kidokezo kipya. Umefikia kiwango cha juu zaidi cha vidokezo. Tafadhali futa vidokezo vya awali."},{"$i":"max-length-exceed","$v":"Umezidi urefu wa kidokezo."},{"$i":"no-notes","$v":"Kidokezo ni kitupu, tafadhali bonyeza Kipya ili uongeze kidokezo kipya."},{"$i":"search-message","$v":"Tafadhali ingiza manenomsingi."},{"$i":"full-storage-title","$v":"Hifadhi Imejaa."},{"$i":"full-storage-content","$v":"Unaweza kufuta baadhi ya faili za media au udhubiti data ya programu ili uongeze nafasi wazi."},{"$i":"go-to-settings","$v":"Nenda kwenye Mipangilio"},{"$i":"deleteNote","$v":"Unataka kufuta kidokezo?"},{"$i":"sortby-editTime","$v":"Vimepangwa kwa tarehe vilihaririwa."},{"$i":"sortby-createTime","$v":"Vimepangwa kwa tarehe viliundwa."},{"$i":"sortby-title","$v":"Vimepangwa kwa kichwa."},{"$i":"confirmation-title","$v":"Uthibitishaji"},{"$i":"cancel-confirmation-content","$v":"Uhariri wa mwisho utafutwa. Unataka kuhifadhi kidokezo hiki?"},{"$i":"today","$v":"Leo"},{"$i":"yesterday","$v":"Jana"},{"$i":"ok","$v":"SAWA"},{"$i":"file-large-title","$v":"Faili Hii Ni Kubwa Sana"},{"$i":"file-large-content","$v":"Kidokezo chako ni kikubwa sana hivi kwamba hakiwezi kuhifadhiwa, jaribu kufuta baadhi ya maudhui kisha ujaribu tena."},{"$i":"weekday-0-long","$v":"Jumapili"},{"$i":"weekday-1-long","$v":"Jumatatu"},{"$i":"weekday-2-long","$v":"Jumanne"},{"$i":"weekday-3-long","$v":"Jumatano"},{"$i":"weekday-4-long","$v":"Alhamisi"},{"$i":"weekday-5-long","$v":"Ijumaa"},{"$i":"weekday-6-long","$v":"Jumamosi"},{"$i":"weekday-0-short","$v":"Jumapili"},{"$i":"weekday-1-short","$v":"Jumatatu"},{"$i":"weekday-2-short","$v":"Jumanne"},{"$i":"weekday-3-short","$v":"Jumatano"},{"$i":"weekday-4-short","$v":"Alhamisi"},{"$i":"weekday-5-short","$v":"Ijumaa"},{"$i":"weekday-6-short","$v":"Jumamosi"},{"$i":"month-0-long","$v":"Januari"},{"$i":"month-1-long","$v":"Februari"},{"$i":"month-2-long","$v":"Machi"},{"$i":"month-3-long","$v":"Aprili"},{"$i":"month-4-long","$v":"Mei"},{"$i":"month-5-long","$v":"Juni"},{"$i":"month-6-long","$v":"Julai"},{"$i":"month-7-long","$v":"Agosti"},{"$i":"month-8-long","$v":"Septemba"},{"$i":"month-9-long","$v":"Oktoba"},{"$i":"month-10-long","$v":"Novemba"},{"$i":"month-11-long","$v":"Desemba"},{"$i":"month-0-genitive","$v":"Januari"},{"$i":"month-1-genitive","$v":"Februari"},{"$i":"month-2-genitive","$v":"Machi"},{"$i":"month-3-genitive","$v":"Aprili"},{"$i":"month-4-genitive","$v":"Mei"},{"$i":"month-5-genitive","$v":"Juni"},{"$i":"month-6-genitive","$v":"Julai"},{"$i":"month-7-genitive","$v":"Agosti"},{"$i":"month-8-genitive","$v":"Septemba"},{"$i":"month-9-genitive","$v":"Oktoba"},{"$i":"month-10-genitive","$v":"Novemba"},{"$i":"month-11-genitive","$v":"Desemba"},{"$i":"month-0-short","$v":"Januari"},{"$i":"month-1-short","$v":"Februari"},{"$i":"month-2-short","$v":"Machi"},{"$i":"month-3-short","$v":"Aprili"},{"$i":"month-4-short","$v":"Mei"},{"$i":"month-5-short","$v":"Juni"},{"$i":"month-6-short","$v":"Julai"},{"$i":"month-7-short","$v":"Agosti"},{"$i":"month-8-short","$v":"Septemba"},{"$i":"month-9-short","$v":"Oktoba"},{"$i":"month-10-short","$v":"Novemba"},{"$i":"month-11-short","$v":"Disemba"},{"$i":"minutes-ago-long","$v":{"few":["dakika ",{"t":"idOrVar","v":"value"}," zilizopita"],"many":["dakika ",{"t":"idOrVar","v":"value"}," zilizopita"],"other":["dakika ",{"t":"idOrVar","v":"value"}," zilizopita"],"two":["dakika ",{"t":"idOrVar","v":"value"}," zilizopita"],"one":"dakika moja iliyopita","zero":"Sasa Hivi"},"$x":[{"t":"idOrVar","v":"plural"},"value"]},{"$i":"hours-ago-long","$v":{"few":["saa ",{"t":"idOrVar","v":"value"}," zilizopita"],"many":["saa ",{"t":"idOrVar","v":"value"}," zilizopita"],"other":["saa ",{"t":"idOrVar","v":"value"}," zilizopita"],"two":["saa ",{"t":"idOrVar","v":"value"}," zilizopita"],"one":"saa moja iliyopita","zero":"Sasa Hivi"},"$x":[{"t":"idOrVar","v":"plural"},"value"]},{"$i":"days-ago-long","$v":{"few":["Siku ",{"t":"idOrVar","v":"value"}," zilizopita"],"many":["Siku ",{"t":"idOrVar","v":"value"}," zilizopita"],"one":"jana","other":["Siku ",{"t":"idOrVar","v":"value"}," zilizopita"],"two":["Siku ",{"t":"idOrVar","v":"value"}," zilizopita"],"zero":"leo"},"$x":[{"t":"idOrVar","v":"plural"},"value"]},{"$i":"weeks-ago-long","$v":{"few":["wiki ",{"t":"idOrVar","v":"value"}," zilizopita"],"many":["wiki ",{"t":"idOrVar","v":"value"}," zilizopita"],"one":"wiki iliyopita","other":["wiki ",{"t":"idOrVar","v":"value"}," zilizopita"],"two":["wiki ",{"t":"idOrVar","v":"value"}," zilizopita"],"zero":"wiki hii"},"$x":[{"t":"idOrVar","v":"plural"},"value"]},{"$i":"months-ago-long","$v":{"few":["miezi ",{"t":"idOrVar","v":"value"}," iliyopita"],"many":["miezi ",{"t":"idOrVar","v":"value"}," iliyopita"],"one":"mwezi uliopita","other":["miezi ",{"t":"idOrVar","v":"value"}," iliyopita"],"two":["miezi ",{"t":"idOrVar","v":"value"}," iliyopita"],"zero":"mwezi huu"},"$x":[{"t":"idOrVar","v":"plural"},"value"]},{"$i":"years-ago-long","$v":{"few":["mwaka ",{"t":"idOrVar","v":"value"}," uliopita"],"many":["mwaka ",{"t":"idOrVar","v":"value"}," uliopita"],"one":"mwaka jana","other":["mwaka ",{"t":"idOrVar","v":"value"}," uliopita"],"two":["mwaka ",{"t":"idOrVar","v":"value"}," uliopita"],"zero":"mwaka huu"},"$x":[{"t":"idOrVar","v":"plural"},"value"]},{"$i":"minutes-until-long","$v":{"few":["baada ya dakika ",{"t":"idOrVar","v":"value"}],"many":["baada ya dakika ",{"t":"idOrVar","v":"value"}],"other":["baada ya dakika ",{"t":"idOrVar","v":"value"}],"two":["baada ya dakika ",{"t":"idOrVar","v":"value"}],"zero":"sasa hivi","one":"baada ya dakika moja"},"$x":[{"t":"idOrVar","v":"plural"},"value"]},{"$i":"hours-until-long","$v":{"few":["baada ya saa ",{"t":"idOrVar","v":"value"}],"many":["baada ya saa ",{"t":"idOrVar","v":"value"}],"other":["baada ya saa ",{"t":"idOrVar","v":"value"}],"two":["baada ya saa ",{"t":"idOrVar","v":"value"}],"zero":"sasa hivi","one":"baada ya saa moja"},"$x":[{"t":"idOrVar","v":"plural"},"value"]},{"$i":"days-until-long","$v":{"few":["baada ya siku ",{"t":"idOrVar","v":"value"}],"many":["baada ya siku ",{"t":"idOrVar","v":"value"}],"one":"kesho","other":["baada ya siku ",{"t":"idOrVar","v":"value"}],"two":["baada ya siku ",{"t":"idOrVar","v":"value"}],"zero":"leo"},"$x":[{"t":"idOrVar","v":"plural"},"value"]},{"$i":"weeks-until-long","$v":{"few":["baada ya wiki ",{"t":"idOrVar","v":"value"}],"many":["baada ya wiki ",{"t":"idOrVar","v":"value"}],"one":"wiki ijayo","other":["baada ya wiki ",{"t":"idOrVar","v":"value"}],"two":["baada ya wiki ",{"t":"idOrVar","v":"value"}],"zero":"wiki hii"},"$x":[{"t":"idOrVar","v":"plural"},"value"]},{"$i":"months-until-long","$v":{"few":["baada ya miezi ",{"t":"idOrVar","v":"value"}],"many":["baada ya miezi ",{"t":"idOrVar","v":"value"}],"one":"mwezi ujao","other":["baada ya miezi ",{"t":"idOrVar","v":"value"}],"two":["baada ya miezi ",{"t":"idOrVar","v":"value"}],"zero":"mwezi huu"},"$x":[{"t":"idOrVar","v":"plural"},"value"]},{"$i":"years-until-long","$v":{"few":["baada ya miaka ",{"t":"idOrVar","v":"value"}],"many":["baada ya miaka ",{"t":"idOrVar","v":"value"}],"one":"mwaka ujao","other":["baada ya miaka ",{"t":"idOrVar","v":"value"}],"two":["baada ya miaka ",{"t":"idOrVar","v":"value"}],"zero":"mwaka huu"},"$x":[{"t":"idOrVar","v":"plural"},"value"]},{"$i":"minutes-ago-short","$v":{"other":["dakika ",{"t":"idOrVar","v":"value"}," iliyopita"],"zero":"Sasa Hivi"},"$x":[{"t":"idOrVar","v":"plural"},"value"]},{"$i":"hours-ago-short","$v":{"other":["saa ",{"t":"idOrVar","v":"value"}," iliyopita"],"zero":"Sasa Hivi"},"$x":[{"t":"idOrVar","v":"plural"},"value"]},{"$i":"days-ago-short","$v":{"other":["Siku ",{"t":"idOrVar","v":"value"}," iliyopita"],"zero":"leo"},"$x":[{"t":"idOrVar","v":"plural"},"value"]},{"$i":"minutes-until-short","$v":{"other":["baada ya dakika ",{"t":"idOrVar","v":"value"}],"zero":"sasa hivi"},"$x":[{"t":"idOrVar","v":"plural"},"value"]},{"$i":"hours-until-short","$v":{"other":["baada ya saa ",{"t":"idOrVar","v":"value"}],"zero":"sasa hivi"},"$x":[{"t":"idOrVar","v":"plural"},"value"]},{"$i":"days-until-short","$v":{"other":["baada ya siku ",{"t":"idOrVar","v":"value"}],"zero":"leo"},"$x":[{"t":"idOrVar","v":"plural"},"value"]},{"$i":"incorrectDate","$v":"(Tarehe isiyo sahihi)"},{"$i":"dateTimeFormat_%c","$v":"%a %b %e %Y %I:%M:%S %p"},{"$i":"dateTimeFormat_%x","$v":"%m/%d/%Y"},{"$i":"dateTimeFormat_%X","$v":"%I:%M:%S %p"},{"$i":"shortTimeFormat","$v":"%I:%M %p"},{"$i":"shortTimeFormat12","$v":"%I:%M %p"},{"$i":"shortTimeFormat24","$v":"%H:%M"},{"$i":"shortDateTimeFormat","$v":"%x %I:%M %p"},{"$i":"weekStartsOnMonday","$v":"0.0"},{"$i":"firstDayOfTheWeek","$v":"0.0"},{"$i":"time_am","$v":"Asubuhi"},{"$i":"time_pm","$v":"PM"}]