[{"$i":"notes","$v":"நோட்"},{"$i":"new","$v":"புதிய"},{"$i":"enter","$v":"உள்ளிடு"},{"$i":"edit","$v":"திருத்து"},{"$i":"select","$v":"தேர்ந்தெடு"},{"$i":"delete","$v":"நீக்கு"},{"$i":"share","$v":"பகிர்"},{"$i":"search","$v":"தேடு"},{"$i":"sort-by","$v":"இதன்படி வரிசைப்படுத்தவும்"},{"$i":"done","$v":"முடிந்தது"},{"$i":"note-deleted","$v":"நோட் நீக்கப்பட்டது."},{"$i":"delete-confirm","$v":"உறுதிப்படுத்துதல்"},{"$i":"save-note","$v":"குறிப்பில் சேமிக்கவும்."},{"$i":"delete-notes","$v":{"one":"நோட் நீக்கப்பட்டது.","zero":"நோட் நீக்கப்பட்டது.","few":[{"t":"idOrVar","v":"n"}," குறிப்புகள் நீக்கப்பட்டது."],"many":[{"t":"idOrVar","v":"n"}," குறிப்புகள் நீக்கப்பட்டது."],"other":[{"t":"idOrVar","v":"n"}," குறிப்புகள் நீக்கப்பட்டது."],"two":[{"t":"idOrVar","v":"n"}," குறிப்புகள் நீக்கப்பட்டது."]},"$x":[{"t":"idOrVar","v":"plural"},"n"]},{"$i":"share-by-mail","$v":"இமெயில்"},{"$i":"share-by-sms","$v":"செய்திகள்"},{"$i":"share-by-bluetooth","$v":"ப்ளூடூத்"},{"$i":"sort-by-date-edited","$v":"தேதி திருத்தப்பட்டது"},{"$i":"sort-by-date-created","$v":"தேதி உருவாக்கப்பட்டது"},{"$i":"sort-by-title","$v":"தலைப்பு"},{"$i":"cancel","$v":"ரத்து செய்க"},{"$i":"options","$v":"விருப்பங்கள்"},{"$i":"save","$v":"சேமி"},{"$i":"discard","$v":"நிராகரி"},{"$i":"multi-select","$v":"ஒன்றுக்கு மேற்பட்டதை தேர்ந்தெடு"},{"$i":"multi-del","$v":{"few":[{"t":"idOrVar","v":"n"}," குறிப்புகளை நீக்கவா?"],"many":[{"t":"idOrVar","v":"n"}," குறிப்புகளை நீக்கவா?"],"one":"நோட்-ஐ நீக்கவா?","other":[{"t":"idOrVar","v":"n"}," குறிப்புகளை நீக்கவா?"],"two":[{"t":"idOrVar","v":"n"}," குறிப்புகளை நீக்கவா?"],"zero":"நோட்-ஐ நீக்கவா?"},"$x":[{"t":"idOrVar","v":"plural"},"n"]},{"$i":"select-all","$v":"எல்லாம்"},{"$i":"deselect-all","$v":"எதுவுமில்லை"},{"$i":"deselect","$v":"தேர்வுநீக்கு"},{"$i":"number-selected","$v":{"few":[{"t":"idOrVar","v":"number"}," தேர்ந்தெடுக்கப்பட்டது"],"many":[{"t":"idOrVar","v":"number"}," தேர்ந்தெடுக்கப்பட்டது"],"one":[{"t":"idOrVar","v":"number"}," தேர்ந்தெடுக்கப்பட்டது"],"other":[{"t":"idOrVar","v":"number"}," தேர்ந்தெடுக்கப்பட்டது"],"two":[{"t":"idOrVar","v":"number"}," தேர்ந்தெடுக்கப்பட்டது"],"zero":[{"t":"idOrVar","v":"number"}," தேர்ந்தெடுக்கப்பட்டது"]},"$x":[{"t":"idOrVar","v":"plural"},"number"]},{"$i":"max-amount-title","$v":"அதிகபட்ச அளவை அடைந்தது"},{"$i":"max-amount-content","$v":"புதிய குறிப்பை உருவாக்க முடியாது. நீங்கள் அதிகபட்ச குறிப்புகள் அளவை அடைந்துவிட்டீர்கள். தயவுசெய்து முந்தைய குறிப்புகளை நீக்கவும்."},{"$i":"max-length-exceed","$v":"குறிப்பு அதிகபட்ச நீளத்தை மீறியது."},{"$i":"no-notes","$v":"நோட் காலியாக உள்ளது, புதிய நோட்-ஐ சேர்க்க,தயவுசெய்து நியூ-ஐ அழுத்தவும்."},{"$i":"search-message","$v":"தயவுசெய்து கீவொர்ட்-களை உள்ளிடவும்."},{"$i":"full-storage-title","$v":"ஸ்டோரேஜ் நிரைந்தது"},{"$i":"full-storage-content","$v":"மேலும் காலியான இடத்தை பெற சில மீடியா ஃபைல்-கள் அல்லது மேனேஜ் அப்ளிகேஷன் டேட்டாவை நீக்கலாம்."},{"$i":"go-to-settings","$v":"செட்டிங்ஸ்-க்கு செல்க"},{"$i":"deleteNote","$v":"நோட்-ஐ நீக்கவா?"},{"$i":"sortby-editTime","$v":"திருத்தப்பட்ட தேதியின்படி வரிசைப்படுத்தப்பட்டது."},{"$i":"sortby-createTime","$v":"உருவாக்கப்பட்ட தேதியின்படி வரிசைப்படுத்தப்பட்டது."},{"$i":"sortby-title","$v":"தலைப்பு படி வரிசைப்படுத்தப்பட்டது."},{"$i":"confirmation-title","$v":"உறுதிப்படுத்துதல்"},{"$i":"cancel-confirmation-content","$v":"கடைசியாக திருத்தப்பட்டது நிராகரிக்கப்படும். இந்த நோட்-ஐ சேமிக்க விரும்புகிறீர்களா?"},{"$i":"today","$v":"இன்று"},{"$i":"yesterday","$v":"நேற்று"},{"$i":"ok","$v":"சரி"},{"$i":"file-large-title","$v":"ஃபைல் மிகவும் பெரியது"},{"$i":"file-large-content","$v":"உங்கள் குறிப்பு ஃபைல் சேமிக்க மிகப்பெரிதாக உள்ளது, சில உள்ளடக்கங்களை நீக்க முயற்சி செய்து பின்னர் மீண்டும் முயற்சிக்கவும்."},{"$i":"weekday-0-long","$v":"ஞாயிறுக்கிழமை"},{"$i":"weekday-1-long","$v":"திங்கள்"},{"$i":"weekday-2-long","$v":"செவ்வாய்க்கிழமை"},{"$i":"weekday-3-long","$v":"புதன்கிழமை"},{"$i":"weekday-4-long","$v":"வியாழக்கிழமை"},{"$i":"weekday-5-long","$v":"வெள்ளி"},{"$i":"weekday-6-long","$v":"சனிக்கிழமை"},{"$i":"weekday-0-short","$v":"ஞாயிறுக்கிழமை"},{"$i":"weekday-1-short","$v":"திங்கள்"},{"$i":"weekday-2-short","$v":"செவ்வாய்க்கிழமை"},{"$i":"weekday-3-short","$v":"புதன்கிழமை"},{"$i":"weekday-4-short","$v":"வியாழன்"},{"$i":"weekday-5-short","$v":"வெள்ளி"},{"$i":"weekday-6-short","$v":"சனிக்கிழமை"},{"$i":"month-0-long","$v":"ஜனவரி"},{"$i":"month-1-long","$v":"பிப்ரவரி"},{"$i":"month-2-long","$v":"மார்ச்"},{"$i":"month-3-long","$v":"ஏப்ரல்"},{"$i":"month-4-long","$v":"மே"},{"$i":"month-5-long","$v":"ஜூன்"},{"$i":"month-6-long","$v":"ஜூலை"},{"$i":"month-7-long","$v":"ஆகஸ்ட்"},{"$i":"month-8-long","$v":"செப்டம்பர்"},{"$i":"month-9-long","$v":"அக்டோபர்"},{"$i":"month-10-long","$v":"நவம்பர்"},{"$i":"month-11-long","$v":"டிசம்பர்"},{"$i":"month-0-genitive","$v":"ஜனவரி"},{"$i":"month-1-genitive","$v":"பிப்ரவரி"},{"$i":"month-2-genitive","$v":"மார்ச்"},{"$i":"month-3-genitive","$v":"ஏப்ரல்"},{"$i":"month-4-genitive","$v":"மே"},{"$i":"month-5-genitive","$v":"ஜூன்"},{"$i":"month-6-genitive","$v":"ஜூலை"},{"$i":"month-7-genitive","$v":"ஆகஸ்ட்"},{"$i":"month-8-genitive","$v":"செப்டம்பர்"},{"$i":"month-9-genitive","$v":"அக்டோபர்"},{"$i":"month-10-genitive","$v":"நவம்பர்"},{"$i":"month-11-genitive","$v":"டிசம்பர்"},{"$i":"month-0-short","$v":"ஜனவரி"},{"$i":"month-1-short","$v":"பிப்ரவரி"},{"$i":"month-2-short","$v":"மார்ச்"},{"$i":"month-3-short","$v":"ஏப்ரல்"},{"$i":"month-4-short","$v":"மே"},{"$i":"month-5-short","$v":"ஜூன்"},{"$i":"month-6-short","$v":"ஜூலை"},{"$i":"month-7-short","$v":"ஆகஸ்ட்"},{"$i":"month-8-short","$v":"செப்டம்பர்"},{"$i":"month-9-short","$v":"அக்டோபர்"},{"$i":"month-10-short","$v":"நவம்பர்"},{"$i":"month-11-short","$v":"டிசம்பர்"},{"$i":"minutes-ago-long","$v":{"few":[{"t":"idOrVar","v":"value"}," நிமிடங்களுக்கு முன்பு"],"many":[{"t":"idOrVar","v":"value"}," நிமிடங்களுக்கு முன்பு"],"other":[{"t":"idOrVar","v":"value"}," நிமிடங்களுக்கு முன்பு"],"two":[{"t":"idOrVar","v":"value"}," நிமிடங்களுக்கு முன்பு"],"one":"ஒரு நிமிடம் முன்பாக","zero":"Just now"},"$x":[{"t":"idOrVar","v":"plural"},"value"]},{"$i":"hours-ago-long","$v":{"few":[{"t":"idOrVar","v":"value"}," மணிநேரங்களுக்கு முன்பு"],"many":[{"t":"idOrVar","v":"value"}," மணிநேரங்களுக்கு முன்பு"],"other":[{"t":"idOrVar","v":"value"}," மணிநேரங்களுக்கு முன்பு"],"two":[{"t":"idOrVar","v":"value"}," மணிநேரங்களுக்கு முன்பு"],"one":"ஒரு மணிநேரம் முன்பாக","zero":"Just now"},"$x":[{"t":"idOrVar","v":"plural"},"value"]},{"$i":"days-ago-long","$v":{"few":[{"t":"idOrVar","v":"value"}," நாட்களுக்கு முன்பு"],"many":[{"t":"idOrVar","v":"value"}," நாட்களுக்கு முன்பு"],"one":"நேற்று","other":[{"t":"idOrVar","v":"value"}," நாட்களுக்கு முன்பு"],"two":[{"t":"idOrVar","v":"value"}," நாட்களுக்கு முன்பு"],"zero":"இன்று"},"$x":[{"t":"idOrVar","v":"plural"},"value"]},{"$i":"weeks-ago-long","$v":{"few":[{"t":"idOrVar","v":"value"}," வாரங்களுக்கு முன்பு"],"many":[{"t":"idOrVar","v":"value"}," வாரங்களுக்கு முன்பு"],"one":"கடந்த வாரம்","other":[{"t":"idOrVar","v":"value"}," வாரங்களுக்கு முன்பு"],"two":[{"t":"idOrVar","v":"value"}," வாரங்களுக்கு முன்பு"],"zero":"இந்த வாரம்"},"$x":[{"t":"idOrVar","v":"plural"},"value"]},{"$i":"months-ago-long","$v":{"few":[{"t":"idOrVar","v":"value"}," மாதங்களுக்கு முன்பு"],"many":[{"t":"idOrVar","v":"value"}," மாதங்களுக்கு முன்பு"],"one":"கடந்த மாதம்","other":[{"t":"idOrVar","v":"value"}," மாதங்களுக்கு முன்பு"],"two":[{"t":"idOrVar","v":"value"}," மாதங்களுக்கு முன்பு"],"zero":"இந்த மாதம்"},"$x":[{"t":"idOrVar","v":"plural"},"value"]},{"$i":"years-ago-long","$v":{"few":[{"t":"idOrVar","v":"value"}," வருடங்களுக்கு முன்பு"],"many":[{"t":"idOrVar","v":"value"}," வருடங்களுக்கு முன்பு"],"one":"கடந்த வருடம்","other":[{"t":"idOrVar","v":"value"}," வருடங்களுக்கு முன்பு"],"two":[{"t":"idOrVar","v":"value"}," வருடங்களுக்கு முன்பு"],"zero":"இந்த வருடம்"},"$x":[{"t":"idOrVar","v":"plural"},"value"]},{"$i":"minutes-until-long","$v":{"few":[{"t":"idOrVar","v":"value"}," நிமிடங்களில்"],"many":[{"t":"idOrVar","v":"value"}," நிமிடங்களில்"],"other":[{"t":"idOrVar","v":"value"}," நிமிடங்களில்"],"two":[{"t":"idOrVar","v":"value"}," நிமிடங்களில்"],"zero":"இப்போதே","one":"ஒரு நிமிடத்தில்"},"$x":[{"t":"idOrVar","v":"plural"},"value"]},{"$i":"hours-until-long","$v":{"few":[{"t":"idOrVar","v":"value"}," மணிநேரங்களில்"],"many":[{"t":"idOrVar","v":"value"}," மணிநேரங்களில்"],"other":[{"t":"idOrVar","v":"value"}," மணிநேரங்களில்"],"two":[{"t":"idOrVar","v":"value"}," மணிநேரங்களில்"],"zero":"இப்போதே","one":"ஒரு மணிநேரத்தில்"},"$x":[{"t":"idOrVar","v":"plural"},"value"]},{"$i":"days-until-long","$v":{"few":[{"t":"idOrVar","v":"value"}," நாட்களில்"],"many":[{"t":"idOrVar","v":"value"}," நாட்களில்"],"one":"நாளை","other":[{"t":"idOrVar","v":"value"}," நாட்களில்"],"two":[{"t":"idOrVar","v":"value"}," நாட்களில்"],"zero":"இன்று"},"$x":[{"t":"idOrVar","v":"plural"},"value"]},{"$i":"weeks-until-long","$v":{"few":[{"t":"idOrVar","v":"value"}," வாரங்களில்"],"many":[{"t":"idOrVar","v":"value"}," வாரங்களில்"],"one":"அடுத்த வாரம்","other":[{"t":"idOrVar","v":"value"}," வாரங்களில்"],"two":[{"t":"idOrVar","v":"value"}," வாரங்களில்"],"zero":"இந்த வாரம்"},"$x":[{"t":"idOrVar","v":"plural"},"value"]},{"$i":"months-until-long","$v":{"few":[{"t":"idOrVar","v":"value"}," மாதங்களில்"],"many":[{"t":"idOrVar","v":"value"}," மாதங்களில்"],"one":"அடுத்த மாதம்","other":[{"t":"idOrVar","v":"value"}," மாதங்களில்"],"two":[{"t":"idOrVar","v":"value"}," மாதங்களில்"],"zero":"இந்த மாதம்"},"$x":[{"t":"idOrVar","v":"plural"},"value"]},{"$i":"years-until-long","$v":{"few":[{"t":"idOrVar","v":"value"}," வருடங்களில்"],"many":[{"t":"idOrVar","v":"value"}," வருடங்களில்"],"one":"அடுத்த ஆண்டு","other":[{"t":"idOrVar","v":"value"}," வருடங்களில்"],"two":[{"t":"idOrVar","v":"value"}," வருடங்களில்"],"zero":"இந்த வருடம்"},"$x":[{"t":"idOrVar","v":"plural"},"value"]},{"$i":"minutes-ago-short","$v":{"other":[{"t":"idOrVar","v":"value"},"நிமிடம் முன்பு"],"zero":"Just now"},"$x":[{"t":"idOrVar","v":"plural"},"value"]},{"$i":"hours-ago-short","$v":{"other":[{"t":"idOrVar","v":"value"},"மணிநேரம் முன்பு"],"zero":"Just now"},"$x":[{"t":"idOrVar","v":"plural"},"value"]},{"$i":"days-ago-short","$v":{"other":[{"t":"idOrVar","v":"value"},"நாள் முன்பு"],"zero":"இன்று"},"$x":[{"t":"idOrVar","v":"plural"},"value"]},{"$i":"minutes-until-short","$v":{"other":[{"t":"idOrVar","v":"value"},"நிமிடத்தில்"],"zero":"இப்போதே"},"$x":[{"t":"idOrVar","v":"plural"},"value"]},{"$i":"hours-until-short","$v":{"other":[{"t":"idOrVar","v":"value"},"மணிநேரத்தில்"],"zero":"இப்போதே"},"$x":[{"t":"idOrVar","v":"plural"},"value"]},{"$i":"days-until-short","$v":{"other":[{"t":"idOrVar","v":"value"},"நாள் இல்"],"zero":"இன்று"},"$x":[{"t":"idOrVar","v":"plural"},"value"]},{"$i":"incorrectDate","$v":"(தவறான தேதி)"},{"$i":"dateTimeFormat_%c","$v":"%a %b %e %Y %I:%M:%S %p"},{"$i":"dateTimeFormat_%x","$v":"%m/%d/%Y"},{"$i":"dateTimeFormat_%X","$v":"%I:%M:%S %p"},{"$i":"shortTimeFormat","$v":"%I:%M %p"},{"$i":"shortTimeFormat12","$v":"%I:%M %p"},{"$i":"shortTimeFormat24","$v":"%H:%M"},{"$i":"shortDateTimeFormat","$v":"%x %I:%M %p"},{"$i":"weekStartsOnMonday","$v":"0.0"},{"$i":"firstDayOfTheWeek","$v":"0.0"},{"$i":"time_am","$v":"AM"},{"$i":"time_pm","$v":"PM"}]