[{"$i":"notes","$v":"Not"},{"$i":"new","$v":"Yeni"},{"$i":"enter","$v":"Gir"},{"$i":"edit","$v":"Düzenle"},{"$i":"select","$v":"Seç"},{"$i":"delete","$v":"Sil"},{"$i":"share","$v":"Paylaş"},{"$i":"search","$v":"Arama"},{"$i":"sort-by","$v":"Sırala"},{"$i":"done","$v":"Bitti"},{"$i":"note-deleted","$v":"Not silindi."},{"$i":"delete-confirm","$v":"Onay"},{"$i":"save-note","$v":"Not’a kaydet."},{"$i":"delete-notes","$v":{"one":"Not silindi.","zero":"Not silindi.","few":[{"t":"idOrVar","v":"n"}," not silindi."],"many":[{"t":"idOrVar","v":"n"}," not silindi."],"other":[{"t":"idOrVar","v":"n"}," not silindi."],"two":[{"t":"idOrVar","v":"n"}," not silindi."]},"$x":[{"t":"idOrVar","v":"plural"},"n"]},{"$i":"share-by-mail","$v":"E-posta"},{"$i":"share-by-sms","$v":"Mesajlar"},{"$i":"share-by-bluetooth","$v":"Bluetooth"},{"$i":"sort-by-date-edited","$v":"Tarih düzenlendi"},{"$i":"sort-by-date-created","$v":"Tarih oluşturuldu"},{"$i":"sort-by-title","$v":"Başlık"},{"$i":"cancel","$v":"İptal"},{"$i":"options","$v":"Seçenekler"},{"$i":"save","$v":"Kaydet"},{"$i":"discard","$v":"Vazgeç"},{"$i":"multi-select","$v":"Çoklu Seç"},{"$i":"multi-del","$v":{"few":[{"t":"idOrVar","v":"n"}," not silinsin mi?"],"many":[{"t":"idOrVar","v":"n"}," not silinsin mi?"],"one":"Not silinsin mi?","other":[{"t":"idOrVar","v":"n"}," not silinsin mi?"],"two":[{"t":"idOrVar","v":"n"}," not silinsin mi?"],"zero":"Not silinsin mi?"},"$x":[{"t":"idOrVar","v":"plural"},"n"]},{"$i":"select-all","$v":"Tümü"},{"$i":"deselect-all","$v":"Hiçbiri"},{"$i":"deselect","$v":"Seçimi kaldır"},{"$i":"number-selected","$v":{"few":[{"t":"idOrVar","v":"number"}," Seçildi"],"many":[{"t":"idOrVar","v":"number"}," Seçildi"],"one":[{"t":"idOrVar","v":"number"}," Seçildi"],"other":[{"t":"idOrVar","v":"number"}," Seçildi"],"two":[{"t":"idOrVar","v":"number"}," Seçildi"],"zero":[{"t":"idOrVar","v":"number"}," Seçildi"]},"$x":[{"t":"idOrVar","v":"plural"},"number"]},{"$i":"max-amount-title","$v":"Maks. Sayıya Ulaşıldı"},{"$i":"max-amount-content","$v":"Yeni not oluşturulamıyor. Maksimum not sayısına ulaştınız. Lütfen önceki notları silin."},{"$i":"max-length-exceed","$v":"Maks. not uzunluğu aşıldı."},{"$i":"no-notes","$v":"Not boş, lütfen yeni bir not eklemek için Yeni'ye tıklayın."},{"$i":"search-message","$v":"Lütfen anahtar kelimeleri girin."},{"$i":"full-storage-title","$v":"Depolama birimi dolu"},{"$i":"full-storage-content","$v":"Daha fazla boş alan elde etmek için bazı medya dosyalarını veya yönetici uygulamalarını silebilirsiniz."},{"$i":"go-to-settings","$v":"Ayarlara git"},{"$i":"deleteNote","$v":"Not silinsin mi?"},{"$i":"sortby-editTime","$v":"Düzenleme tarihine göre sıralandı."},{"$i":"sortby-createTime","$v":"Oluşturma tarihine göre sıralandı."},{"$i":"sortby-title","$v":"Başlığa göre sıralandı."},{"$i":"confirmation-title","$v":"Onay"},{"$i":"cancel-confirmation-content","$v":"Son düzenleme yok sayılacak. Bu notu kaydetmek ister misiniz?"},{"$i":"today","$v":"Bugün"},{"$i":"yesterday","$v":"Dün"},{"$i":"ok","$v":"Tamam"},{"$i":"file-large-title","$v":"Dosya Çok Büyük"},{"$i":"file-large-content","$v":"Not dosyanız kaydetmek için çok büyük, bazı içerikleri silip tekrar deneyin."},{"$i":"weekday-0-long","$v":"Pazar"},{"$i":"weekday-1-long","$v":"Pazartesi"},{"$i":"weekday-2-long","$v":"Salı"},{"$i":"weekday-3-long","$v":"Çarşamba"},{"$i":"weekday-4-long","$v":"Perşembe"},{"$i":"weekday-5-long","$v":"Cuma"},{"$i":"weekday-6-long","$v":"Cumartesi"},{"$i":"weekday-0-short","$v":"Paz"},{"$i":"weekday-1-short","$v":"Pzt"},{"$i":"weekday-2-short","$v":"Sal"},{"$i":"weekday-3-short","$v":"Çrş"},{"$i":"weekday-4-short","$v":"Per"},{"$i":"weekday-5-short","$v":"Cum"},{"$i":"weekday-6-short","$v":"Cmt"},{"$i":"month-0-long","$v":"Ocak"},{"$i":"month-1-long","$v":"Şubat"},{"$i":"month-2-long","$v":"Mart"},{"$i":"month-3-long","$v":"Nisan"},{"$i":"month-4-long","$v":"Mayıs"},{"$i":"month-5-long","$v":"Haziran"},{"$i":"month-6-long","$v":"Temmuz"},{"$i":"month-7-long","$v":"Ağustos"},{"$i":"month-8-long","$v":"Eylül"},{"$i":"month-9-long","$v":"Ekim"},{"$i":"month-10-long","$v":"Kasım"},{"$i":"month-11-long","$v":"Aralık"},{"$i":"month-0-genitive","$v":"Ocak"},{"$i":"month-1-genitive","$v":"Şubat"},{"$i":"month-2-genitive","$v":"Mart"},{"$i":"month-3-genitive","$v":"Nisan"},{"$i":"month-4-genitive","$v":"Mayıs"},{"$i":"month-5-genitive","$v":"Haziran"},{"$i":"month-6-genitive","$v":"Temmuz"},{"$i":"month-7-genitive","$v":"Ağustos"},{"$i":"month-8-genitive","$v":"Eylül"},{"$i":"month-9-genitive","$v":"Ekim"},{"$i":"month-10-genitive","$v":"Kasım"},{"$i":"month-11-genitive","$v":"Aralık"},{"$i":"month-0-short","$v":"Oca"},{"$i":"month-1-short","$v":"Şub"},{"$i":"month-2-short","$v":"Mar"},{"$i":"month-3-short","$v":"Nis"},{"$i":"month-4-short","$v":"Mayıs"},{"$i":"month-5-short","$v":"Haz"},{"$i":"month-6-short","$v":"Tem"},{"$i":"month-7-short","$v":"Ağu"},{"$i":"month-8-short","$v":"Eyl"},{"$i":"month-9-short","$v":"Eki"},{"$i":"month-10-short","$v":"Kas"},{"$i":"month-11-short","$v":"Ara"},{"$i":"minutes-ago-long","$v":{"few":[{"t":"idOrVar","v":"value"}," dakika önce"],"many":[{"t":"idOrVar","v":"value"}," dakika önce"],"other":[{"t":"idOrVar","v":"value"}," dakika önce"],"two":[{"t":"idOrVar","v":"value"}," dakika önce"],"one":"bir dakika önce","zero":"Hemen Şimdi"},"$x":[{"t":"idOrVar","v":"plural"},"value"]},{"$i":"hours-ago-long","$v":{"few":[{"t":"idOrVar","v":"value"}," saat önce"],"many":[{"t":"idOrVar","v":"value"}," saat önce"],"other":[{"t":"idOrVar","v":"value"}," saat önce"],"two":[{"t":"idOrVar","v":"value"}," saat önce"],"one":"bir saat önce","zero":"Hemen Şimdi"},"$x":[{"t":"idOrVar","v":"plural"},"value"]},{"$i":"days-ago-long","$v":{"few":[{"t":"idOrVar","v":"value"}," gün önce"],"many":[{"t":"idOrVar","v":"value"}," gün önce"],"one":"dün","other":[{"t":"idOrVar","v":"value"}," gün önce"],"two":[{"t":"idOrVar","v":"value"}," gün önce"],"zero":"bugün"},"$x":[{"t":"idOrVar","v":"plural"},"value"]},{"$i":"weeks-ago-long","$v":{"few":[{"t":"idOrVar","v":"value"}," hafta önce"],"many":[{"t":"idOrVar","v":"value"}," hafta önce"],"one":"geçen hafta","other":[{"t":"idOrVar","v":"value"}," hafta önce"],"two":[{"t":"idOrVar","v":"value"}," hafta önce"],"zero":"bu hafta"},"$x":[{"t":"idOrVar","v":"plural"},"value"]},{"$i":"months-ago-long","$v":{"few":[{"t":"idOrVar","v":"value"}," ay önce"],"many":[{"t":"idOrVar","v":"value"}," ay önce"],"one":"geçen ay","other":[{"t":"idOrVar","v":"value"}," ay önce"],"two":[{"t":"idOrVar","v":"value"}," ay önce"],"zero":"bu ay"},"$x":[{"t":"idOrVar","v":"plural"},"value"]},{"$i":"years-ago-long","$v":{"few":[{"t":"idOrVar","v":"value"}," yıl önce"],"many":[{"t":"idOrVar","v":"value"}," yıl önce"],"one":"geçen yıl","other":[{"t":"idOrVar","v":"value"}," yıl önce"],"two":[{"t":"idOrVar","v":"value"}," yıl önce"],"zero":"bu yıl"},"$x":[{"t":"idOrVar","v":"plural"},"value"]},{"$i":"minutes-until-long","$v":{"few":[{"t":"idOrVar","v":"value"}," dakika içinde"],"many":[{"t":"idOrVar","v":"value"}," dakika içinde"],"other":[{"t":"idOrVar","v":"value"}," dakika içinde"],"two":[{"t":"idOrVar","v":"value"}," dakika içinde"],"zero":"şimdi","one":"bir dakika içinde"},"$x":[{"t":"idOrVar","v":"plural"},"value"]},{"$i":"hours-until-long","$v":{"few":[{"t":"idOrVar","v":"value"}," saat içinde"],"many":[{"t":"idOrVar","v":"value"}," saat içinde"],"other":[{"t":"idOrVar","v":"value"}," saat içinde"],"two":[{"t":"idOrVar","v":"value"}," saat içinde"],"zero":"şimdi","one":"bir saat içinde"},"$x":[{"t":"idOrVar","v":"plural"},"value"]},{"$i":"days-until-long","$v":{"few":[{"t":"idOrVar","v":"value"}," gün içinde"],"many":[{"t":"idOrVar","v":"value"}," gün içinde"],"one":"yarın","other":[{"t":"idOrVar","v":"value"}," gün içinde"],"two":[{"t":"idOrVar","v":"value"}," gün içinde"],"zero":"bugün"},"$x":[{"t":"idOrVar","v":"plural"},"value"]},{"$i":"weeks-until-long","$v":{"few":[{"t":"idOrVar","v":"value"}," hafta içinde"],"many":[{"t":"idOrVar","v":"value"}," hafta içinde"],"one":"gelecek hafta","other":[{"t":"idOrVar","v":"value"}," hafta içinde"],"two":[{"t":"idOrVar","v":"value"}," hafta içinde"],"zero":"bu hafta"},"$x":[{"t":"idOrVar","v":"plural"},"value"]},{"$i":"months-until-long","$v":{"few":[{"t":"idOrVar","v":"value"}," ay içinde"],"many":[{"t":"idOrVar","v":"value"}," ay içinde"],"one":"gelecek ay","other":[{"t":"idOrVar","v":"value"}," ay içinde"],"two":[{"t":"idOrVar","v":"value"}," ay içinde"],"zero":"bu ay"},"$x":[{"t":"idOrVar","v":"plural"},"value"]},{"$i":"years-until-long","$v":{"few":[{"t":"idOrVar","v":"value"}," yıl içinde"],"many":[{"t":"idOrVar","v":"value"}," yıl içinde"],"one":"gelecek yıl","other":[{"t":"idOrVar","v":"value"}," yıl içinde"],"two":[{"t":"idOrVar","v":"value"}," yıl içinde"],"zero":"bu yıl"},"$x":[{"t":"idOrVar","v":"plural"},"value"]},{"$i":"minutes-ago-short","$v":{"other":[{"t":"idOrVar","v":"value"},"d önce"],"zero":"Hemen Şimdi"},"$x":[{"t":"idOrVar","v":"plural"},"value"]},{"$i":"hours-ago-short","$v":{"other":[{"t":"idOrVar","v":"value"},"s önce"],"zero":"Hemen Şimdi"},"$x":[{"t":"idOrVar","v":"plural"},"value"]},{"$i":"days-ago-short","$v":{"other":[{"t":"idOrVar","v":"value"},"g önce"],"zero":"bugün"},"$x":[{"t":"idOrVar","v":"plural"},"value"]},{"$i":"minutes-until-short","$v":{"other":[{"t":"idOrVar","v":"value"},"d içinde"],"zero":"şimdi"},"$x":[{"t":"idOrVar","v":"plural"},"value"]},{"$i":"hours-until-short","$v":{"other":[{"t":"idOrVar","v":"value"},"s içinde"],"zero":"şimdi"},"$x":[{"t":"idOrVar","v":"plural"},"value"]},{"$i":"days-until-short","$v":{"other":[{"t":"idOrVar","v":"value"},"g içinde"],"zero":"bugün"},"$x":[{"t":"idOrVar","v":"plural"},"value"]},{"$i":"incorrectDate","$v":"(hatalı tarih)"},{"$i":"dateTimeFormat_%c","$v":"%a %b %e %Y %I:%M:%S %p"},{"$i":"dateTimeFormat_%x","$v":"%d/%m/%Y"},{"$i":"dateTimeFormat_%X","$v":"%I:%M:%S %p"},{"$i":"shortTimeFormat","$v":"%I:%M %p"},{"$i":"shortTimeFormat12","$v":"%I:%M %p"},{"$i":"shortTimeFormat24","$v":"%H:%M"},{"$i":"shortDateTimeFormat","$v":"%x %I:%M %p"},{"$i":"weekStartsOnMonday","$v":"0.0"},{"$i":"firstDayOfTheWeek","$v":"1.0"},{"$i":"time_am","$v":"AM"},{"$i":"time_pm","$v":"PM"}]