[{"$i":"notes","$v":"نوٹ"},{"$i":"new","$v":"نیا"},{"$i":"enter","$v":"داخل کریں"},{"$i":"edit","$v":"ترمیم کریں"},{"$i":"select","$v":"منتخب کریں"},{"$i":"delete","$v":"حذف کریں"},{"$i":"share","$v":"اشتراک کریں"},{"$i":"search","$v":"تلاش"},{"$i":"sort-by","$v":"ترتیب دیں بذریعے"},{"$i":"done","$v":"ہو گیا"},{"$i":"note-deleted","$v":"نوٹ حذف ہوگئی۔"},{"$i":"delete-confirm","$v":"توثیق کاری"},{"$i":"save-note","$v":"نوٹ میں محفوظ کریں۔"},{"$i":"delete-notes","$v":{"one":"نوٹ حذف ہوگئی۔","zero":"نوٹ حذف ہوگئی۔","few":[{"t":"idOrVar","v":"n"}," نوٹس حذف کیے گئے۔"],"many":[{"t":"idOrVar","v":"n"}," نوٹس حذف کیے گئے۔"],"other":[{"t":"idOrVar","v":"n"}," نوٹس حذف کیے گئے۔"],"two":[{"t":"idOrVar","v":"n"}," نوٹس حذف کیے گئے۔"]},"$x":[{"t":"idOrVar","v":"plural"},"n"]},{"$i":"share-by-mail","$v":"ای میل"},{"$i":"share-by-sms","$v":"پیغامات"},{"$i":"share-by-bluetooth","$v":"بلوٹوتھ"},{"$i":"sort-by-date-edited","$v":"تاریخ کی ترمیم کی گئی"},{"$i":"sort-by-date-created","$v":"تاریخ بنائی گئی"},{"$i":"sort-by-title","$v":"عنوان"},{"$i":"cancel","$v":"منسوخ کریں"},{"$i":"options","$v":"اختیارات"},{"$i":"save","$v":"محفوظ کریں"},{"$i":"discard","$v":"رد کریں"},{"$i":"multi-select","$v":"متعدد منتخب کریں"},{"$i":"multi-del","$v":{"few":[{"t":"idOrVar","v":"n"}," نوٹس حذف کریں؟"],"many":[{"t":"idOrVar","v":"n"}," نوٹس حذف کریں؟"],"one":"نوٹ حذف کریں؟","other":[{"t":"idOrVar","v":"n"}," نوٹس حذف کریں؟"],"two":[{"t":"idOrVar","v":"n"}," نوٹس حذف کریں؟"],"zero":"نوٹ حذف کریں؟"},"$x":[{"t":"idOrVar","v":"plural"},"n"]},{"$i":"select-all","$v":"تمام"},{"$i":"deselect-all","$v":"کوئی نہیں"},{"$i":"deselect","$v":"غیر منتخب کریں"},{"$i":"number-selected","$v":{"few":[{"t":"idOrVar","v":"number"}," منتخب شدہ"],"many":[{"t":"idOrVar","v":"number"}," منتخب شدہ"],"one":[{"t":"idOrVar","v":"number"}," منتخب شدہ"],"other":[{"t":"idOrVar","v":"number"}," منتخب شدہ"],"two":[{"t":"idOrVar","v":"number"}," منتخب شدہ"],"zero":[{"t":"idOrVar","v":"number"}," منتخب شدہ"]},"$x":[{"t":"idOrVar","v":"plural"},"number"]},{"$i":"max-amount-title","$v":"زیادہ سے زیادہ تعداد تک پہنچ گیا"},{"$i":"max-amount-content","$v":"نیا نوٹ تخلیق نہیں کیا جا سکتا۔ آپ نوٹس کی زیادہ سے زیادہ تعداد تک پہنچ گئے ہیں۔ براہ کرم پچھلے نوٹس حذف کریں۔"},{"$i":"max-length-exceed","$v":"نوٹ زیادہ سے زیادہ لمبائی سے تجاوز کر گیا ہے۔"},{"$i":"no-notes","$v":"نوٹ خالی ہے، براہ کرم نئی نوٹ شامل کرنے کیلئے نئے کو دبائيں۔"},{"$i":"search-message","$v":"براہ کرم کلیدی الفاظ درج کریں۔"},{"$i":"full-storage-title","$v":"اسٹوریج بھر گیا ہے"},{"$i":"full-storage-content","$v":"آپ مزید خالی جگہ حاصل کرنے کیلئے کچھ میڈیا فائلیں حذف کرسکتے ہیں یا ایپلیکیشن ڈیٹا کا نظم کرسکتے ہیں۔"},{"$i":"go-to-settings","$v":"سیٹنگز پر جائيں"},{"$i":"deleteNote","$v":"نوٹ حذف کریں؟"},{"$i":"sortby-editTime","$v":"تدویین کی تاریخ کے مطبق ترتیب شدہ۔"},{"$i":"sortby-createTime","$v":"تخلیقی تاریخ کے مطبق ترتیب شدہ۔"},{"$i":"sortby-title","$v":"عنوان کے مطابق ترتیب شدہ۔"},{"$i":"confirmation-title","$v":"توثیق کاری"},{"$i":"cancel-confirmation-content","$v":"آخری تدوین رد کردی جائے گی۔ کیا آپ اس نوٹ کو محفوظ کرنا چاہیں گے؟"},{"$i":"today","$v":"آج"},{"$i":"yesterday","$v":"گزشتہ کل"},{"$i":"ok","$v":"ٹھیک ہے"},{"$i":"file-large-title","$v":"فائل بہت بڑی ہے"},{"$i":"file-large-content","$v":"آپ کی نوٹ فائل محفوظ کی جانے کیلئے بہت بڑی ہے، براہ کرم کچھ مواد حذف کریں اور دوبارہ کوشش کریں۔"},{"$i":"weekday-0-long","$v":"اتوار"},{"$i":"weekday-1-long","$v":"پیر"},{"$i":"weekday-2-long","$v":"منگل"},{"$i":"weekday-3-long","$v":"بدھ"},{"$i":"weekday-4-long","$v":"جمعرات"},{"$i":"weekday-5-long","$v":"جمعہ"},{"$i":"weekday-6-long","$v":"سنیچر"},{"$i":"weekday-0-short","$v":"اتوار"},{"$i":"weekday-1-short","$v":"پیر"},{"$i":"weekday-2-short","$v":"منگل"},{"$i":"weekday-3-short","$v":"بدھ"},{"$i":"weekday-4-short","$v":"جمعرات"},{"$i":"weekday-5-short","$v":"جمعہ"},{"$i":"weekday-6-short","$v":"ہفتہ"},{"$i":"month-0-long","$v":"جنوری"},{"$i":"month-1-long","$v":"فروری"},{"$i":"month-2-long","$v":"مارچ"},{"$i":"month-3-long","$v":"اپریل"},{"$i":"month-4-long","$v":"مئی"},{"$i":"month-5-long","$v":"جون"},{"$i":"month-6-long","$v":"جولائی"},{"$i":"month-7-long","$v":"اگست"},{"$i":"month-8-long","$v":"ستمبر"},{"$i":"month-9-long","$v":"اکتوبر"},{"$i":"month-10-long","$v":"نومبر"},{"$i":"month-11-long","$v":"دسمبر"},{"$i":"month-0-genitive","$v":"جنوری"},{"$i":"month-1-genitive","$v":"فروری"},{"$i":"month-2-genitive","$v":"مارچ"},{"$i":"month-3-genitive","$v":"اپریل"},{"$i":"month-4-genitive","$v":"مئی"},{"$i":"month-5-genitive","$v":"جون"},{"$i":"month-6-genitive","$v":"جولائی"},{"$i":"month-7-genitive","$v":"اگست"},{"$i":"month-8-genitive","$v":"ستمبر"},{"$i":"month-9-genitive","$v":"اکتوبر"},{"$i":"month-10-genitive","$v":"نومبر"},{"$i":"month-11-genitive","$v":"دسمبر"},{"$i":"month-0-short","$v":"جنوری"},{"$i":"month-1-short","$v":"فروری"},{"$i":"month-2-short","$v":"مارچ"},{"$i":"month-3-short","$v":"اپریل"},{"$i":"month-4-short","$v":"مئی"},{"$i":"month-5-short","$v":"جون"},{"$i":"month-6-short","$v":"جولائی"},{"$i":"month-7-short","$v":"اگست"},{"$i":"month-8-short","$v":"ستمبر"},{"$i":"month-9-short","$v":"اکتوبر"},{"$i":"month-10-short","$v":"نومبر"},{"$i":"month-11-short","$v":"دسمبر"},{"$i":"minutes-ago-long","$v":{"few":[{"t":"idOrVar","v":"value"}," منٹس قبل"],"many":[{"t":"idOrVar","v":"value"}," منٹس قبل"],"other":[{"t":"idOrVar","v":"value"}," منٹس قبل"],"two":[{"t":"idOrVar","v":"value"}," منٹس قبل"],"one":"ایک منٹ قبل","zero":"Just now"},"$x":[{"t":"idOrVar","v":"plural"},"value"]},{"$i":"hours-ago-long","$v":{"few":[{"t":"idOrVar","v":"value"}," گھنٹوں قبل"],"many":[{"t":"idOrVar","v":"value"}," گھنٹوں قبل"],"other":[{"t":"idOrVar","v":"value"}," گھنٹوں قبل"],"two":[{"t":"idOrVar","v":"value"}," گھنٹوں قبل"],"one":"ایک گھنٹہ قبل","zero":"Just now"},"$x":[{"t":"idOrVar","v":"plural"},"value"]},{"$i":"days-ago-long","$v":{"few":[{"t":"idOrVar","v":"value"}," دن قبل"],"many":[{"t":"idOrVar","v":"value"}," دن قبل"],"one":"گزشتہ کل","other":[{"t":"idOrVar","v":"value"}," دن قبل"],"two":[{"t":"idOrVar","v":"value"}," دن قبل"],"zero":"آج"},"$x":[{"t":"idOrVar","v":"plural"},"value"]},{"$i":"weeks-ago-long","$v":{"few":[{"t":"idOrVar","v":"value"}," ہفتے قبل"],"many":[{"t":"idOrVar","v":"value"}," ہفتے قبل"],"one":"آخری ہفتہ","other":[{"t":"idOrVar","v":"value"}," ہفتے قبل"],"two":[{"t":"idOrVar","v":"value"}," ہفتے قبل"],"zero":"اس ہفتہ"},"$x":[{"t":"idOrVar","v":"plural"},"value"]},{"$i":"months-ago-long","$v":{"few":[{"t":"idOrVar","v":"value"}," مہینہ قبل"],"many":[{"t":"idOrVar","v":"value"}," مہینہ قبل"],"one":"آخری مہینہ","other":[{"t":"idOrVar","v":"value"}," مہینہ قبل"],"two":[{"t":"idOrVar","v":"value"}," مہینہ قبل"],"zero":"اس ماہ"},"$x":[{"t":"idOrVar","v":"plural"},"value"]},{"$i":"years-ago-long","$v":{"few":[{"t":"idOrVar","v":"value"}," سال قبل"],"many":[{"t":"idOrVar","v":"value"}," سال قبل"],"one":"آخری سال","other":[{"t":"idOrVar","v":"value"}," سال قبل"],"two":[{"t":"idOrVar","v":"value"}," سال قبل"],"zero":"اس سال"},"$x":[{"t":"idOrVar","v":"plural"},"value"]},{"$i":"minutes-until-long","$v":{"few":[{"t":"idOrVar","v":"value"}," منٹوں میں"],"many":[{"t":"idOrVar","v":"value"}," منٹوں میں"],"other":[{"t":"idOrVar","v":"value"}," منٹوں میں"],"two":[{"t":"idOrVar","v":"value"}," منٹوں میں"],"zero":"ابھی","one":"ایک منٹ میں"},"$x":[{"t":"idOrVar","v":"plural"},"value"]},{"$i":"hours-until-long","$v":{"few":[{"t":"idOrVar","v":"value"}," گھنٹوں میں"],"many":[{"t":"idOrVar","v":"value"}," گھنٹوں میں"],"other":[{"t":"idOrVar","v":"value"}," گھنٹوں میں"],"two":[{"t":"idOrVar","v":"value"}," گھنٹوں میں"],"zero":"ابھی","one":"ایک گھٹے میں"},"$x":[{"t":"idOrVar","v":"plural"},"value"]},{"$i":"days-until-long","$v":{"few":[{"t":"idOrVar","v":"value"}," دنوں میں"],"many":[{"t":"idOrVar","v":"value"}," دنوں میں"],"one":"tomorrow","other":[{"t":"idOrVar","v":"value"}," دنوں میں"],"two":[{"t":"idOrVar","v":"value"}," دنوں میں"],"zero":"آج"},"$x":[{"t":"idOrVar","v":"plural"},"value"]},{"$i":"weeks-until-long","$v":{"few":[{"t":"idOrVar","v":"value"}," ہفتوں میں"],"many":[{"t":"idOrVar","v":"value"}," ہفتوں میں"],"one":"اگلے ہفتے","other":[{"t":"idOrVar","v":"value"}," ہفتوں میں"],"two":[{"t":"idOrVar","v":"value"}," ہفتوں میں"],"zero":"اس ہفتہ"},"$x":[{"t":"idOrVar","v":"plural"},"value"]},{"$i":"months-until-long","$v":{"few":[{"t":"idOrVar","v":"value"}," مہینوں میں"],"many":[{"t":"idOrVar","v":"value"}," مہینوں میں"],"one":"اگلے ماہ","other":[{"t":"idOrVar","v":"value"}," مہینوں میں"],"two":[{"t":"idOrVar","v":"value"}," مہینوں میں"],"zero":"اس ماہ"},"$x":[{"t":"idOrVar","v":"plural"},"value"]},{"$i":"years-until-long","$v":{"few":[{"t":"idOrVar","v":"value"}," سالوں میں"],"many":[{"t":"idOrVar","v":"value"}," سالوں میں"],"one":"اگلے سال","other":[{"t":"idOrVar","v":"value"}," سالوں میں"],"two":[{"t":"idOrVar","v":"value"}," سالوں میں"],"zero":"اس سال"},"$x":[{"t":"idOrVar","v":"plural"},"value"]},{"$i":"minutes-ago-short","$v":{"other":[{"t":"idOrVar","v":"value"}," منٹ قبل"],"zero":"Just now"},"$x":[{"t":"idOrVar","v":"plural"},"value"]},{"$i":"hours-ago-short","$v":{"other":[{"t":"idOrVar","v":"value"}," گھنٹہ قبل"],"zero":"Just now"},"$x":[{"t":"idOrVar","v":"plural"},"value"]},{"$i":"days-ago-short","$v":{"other":[{"t":"idOrVar","v":"value"}," دن قبل"],"zero":"آج"},"$x":[{"t":"idOrVar","v":"plural"},"value"]},{"$i":"minutes-until-short","$v":{"other":[{"t":"idOrVar","v":"value"}," منٹ میں"],"zero":"ابھی"},"$x":[{"t":"idOrVar","v":"plural"},"value"]},{"$i":"hours-until-short","$v":{"other":[{"t":"idOrVar","v":"value"}," گھنٹے میں"],"zero":"ابھی"},"$x":[{"t":"idOrVar","v":"plural"},"value"]},{"$i":"days-until-short","$v":{"other":[{"t":"idOrVar","v":"value"}," دن میں"],"zero":"آج"},"$x":[{"t":"idOrVar","v":"plural"},"value"]},{"$i":"incorrectDate","$v":"(غلط تاریخ)"},{"$i":"dateTimeFormat_%c","$v":"%a %b %e %Y %I:%M:%S %p"},{"$i":"dateTimeFormat_%x","$v":"%m/%d/%Y"},{"$i":"dateTimeFormat_%X","$v":"%I:%M:%S %p"},{"$i":"shortTimeFormat","$v":"%I:%M %p"},{"$i":"shortTimeFormat12","$v":"%I:%M %p"},{"$i":"shortTimeFormat24","$v":"%H:%M"},{"$i":"shortDateTimeFormat","$v":"%x %I:%M %p"},{"$i":"weekStartsOnMonday","$v":"0.0"},{"$i":"firstDayOfTheWeek","$v":"0.0"},{"$i":"time_am","$v":"AM"},{"$i":"time_pm","$v":"PM"}]