[{"$i":"notes","$v":"Ghi chú"},{"$i":"new","$v":"Mới"},{"$i":"enter","$v":"Nhập"},{"$i":"edit","$v":"Chỉnh sửa"},{"$i":"select","$v":"Chọn"},{"$i":"delete","$v":"Xóa"},{"$i":"share","$v":"Chia sẻ"},{"$i":"search","$v":"Tìm kiếm"},{"$i":"sort-by","$v":"Sắp xếp theo"},{"$i":"done","$v":"Đã xong"},{"$i":"note-deleted","$v":"Đã xóa ghi chú."},{"$i":"delete-confirm","$v":"Xác nhận"},{"$i":"save-note","$v":"Lưu trong Ghi chú."},{"$i":"delete-notes","$v":{"one":"Đã xóa ghi chú.","zero":"Đã xóa ghi chú.","few":[{"t":"idOrVar","v":"n"}," ghi chú đã bị xóa."],"many":[{"t":"idOrVar","v":"n"}," ghi chú đã bị xóa."],"other":[{"t":"idOrVar","v":"n"}," ghi chú đã bị xóa."],"two":[{"t":"idOrVar","v":"n"}," ghi chú đã bị xóa."]},"$x":[{"t":"idOrVar","v":"plural"},"n"]},{"$i":"share-by-mail","$v":"Email"},{"$i":"share-by-sms","$v":"Tin nhắn"},{"$i":"share-by-bluetooth","$v":"Bluetooth"},{"$i":"sort-by-date-edited","$v":"Ngày đã chỉnh sửa"},{"$i":"sort-by-date-created","$v":"Ngày đã tạo"},{"$i":"sort-by-title","$v":"Tiêu đề"},{"$i":"cancel","$v":"Hủy"},{"$i":"options","$v":"Tùy chọn"},{"$i":"save","$v":"Lưu"},{"$i":"discard","$v":"Hủy bỏ"},{"$i":"multi-select","$v":"Đa Lựa chọn"},{"$i":"multi-del","$v":{"few":["Xóa ",{"t":"idOrVar","v":"n"}," ghi chú?"],"many":["Xóa ",{"t":"idOrVar","v":"n"}," ghi chú?"],"one":"Xóa ghi chú này?","other":["Xóa ",{"t":"idOrVar","v":"n"}," ghi chú?"],"two":["Xóa ",{"t":"idOrVar","v":"n"}," ghi chú?"],"zero":"Xóa ghi chú này?"},"$x":[{"t":"idOrVar","v":"plural"},"n"]},{"$i":"select-all","$v":"Tất cả"},{"$i":"deselect-all","$v":"Không"},{"$i":"deselect","$v":"Bỏ chọn"},{"$i":"number-selected","$v":{"few":[{"t":"idOrVar","v":"number"}," Đã chọn"],"many":[{"t":"idOrVar","v":"number"}," Đã chọn"],"one":[{"t":"idOrVar","v":"number"}," Đã chọn"],"other":[{"t":"idOrVar","v":"number"}," Đã chọn"],"two":[{"t":"idOrVar","v":"number"}," Đã chọn"],"zero":[{"t":"idOrVar","v":"number"}," Đã chọn"]},"$x":[{"t":"idOrVar","v":"plural"},"number"]},{"$i":"max-amount-title","$v":"Đã Đạt đến Số lượng Tối đa"},{"$i":"max-amount-content","$v":"Không thể tạo ghi chú mới. Bạn đã đạt đến số lượng ghi chú tối đa. Vui lòng xóa các ghi chú trước đó."},{"$i":"max-length-exceed","$v":"Vượt quá độ dài tối đa của ghi chú."},{"$i":"no-notes","$v":"Ghi chú trống, vui lòng nhấn Mới để thêm ghi chú mới"},{"$i":"search-message","$v":"Vui lòng nhập từ khóa."},{"$i":"full-storage-title","$v":"Bộ lưu trữ Đầy"},{"$i":"full-storage-content","$v":"Bạn có thể xóa một số tập tin đa phương tiện hoặc quản lý dữ liệu ứng dụng để có nhiều dung lượng trống hơn."},{"$i":"go-to-settings","$v":"Đi đến Cài đặt"},{"$i":"deleteNote","$v":"Xóa ghi chú này?"},{"$i":"sortby-editTime","$v":"Sắp xếp theo ngày được chỉnh sửa."},{"$i":"sortby-createTime","$v":"Sắp xếp theo ngày được tạo."},{"$i":"sortby-title","$v":"Sắp xếp theo tiêu đề."},{"$i":"confirmation-title","$v":"Xác nhận"},{"$i":"cancel-confirmation-content","$v":"Chỉnh sửa lần cuối sẽ bị hủy bỏ. Bạn có muốn lưu ghi chú này không?"},{"$i":"today","$v":"Hôm nay"},{"$i":"yesterday","$v":"Hôm qua"},{"$i":"ok","$v":"OK"},{"$i":"file-large-title","$v":"Tập tin Quá Lớn"},{"$i":"file-large-content","$v":"Tập tin ghi chú của bạn quá lớn để lưu, hãy thử xóa một số nội dung và thử lại."},{"$i":"weekday-0-long","$v":"Chủ nhật"},{"$i":"weekday-1-long","$v":"Thứ Hai"},{"$i":"weekday-2-long","$v":"Thứ Ba"},{"$i":"weekday-3-long","$v":"Thứ Tư"},{"$i":"weekday-4-long","$v":"Thứ Năm"},{"$i":"weekday-5-long","$v":"Thứ Sáu"},{"$i":"weekday-6-long","$v":"Thứ Bảy"},{"$i":"weekday-0-short","$v":"CN"},{"$i":"weekday-1-short","$v":"Thứ 2"},{"$i":"weekday-2-short","$v":"Thứ 3"},{"$i":"weekday-3-short","$v":"Thứ 4"},{"$i":"weekday-4-short","$v":"Thứ 5"},{"$i":"weekday-5-short","$v":"Thứ 6"},{"$i":"weekday-6-short","$v":"Thứ 7"},{"$i":"month-0-long","$v":"Tháng 1"},{"$i":"month-1-long","$v":"Tháng 2"},{"$i":"month-2-long","$v":"Tháng 3"},{"$i":"month-3-long","$v":"Tháng 4"},{"$i":"month-4-long","$v":"Tháng 5"},{"$i":"month-5-long","$v":"Tháng 6"},{"$i":"month-6-long","$v":"Tháng 7"},{"$i":"month-7-long","$v":"Tháng 8"},{"$i":"month-8-long","$v":"Tháng 9"},{"$i":"month-9-long","$v":"Tháng 10"},{"$i":"month-10-long","$v":"Tháng 11"},{"$i":"month-11-long","$v":"Tháng 12"},{"$i":"month-0-genitive","$v":"Tháng 1"},{"$i":"month-1-genitive","$v":"Tháng 2"},{"$i":"month-2-genitive","$v":"Tháng 3"},{"$i":"month-3-genitive","$v":"Tháng 4"},{"$i":"month-4-genitive","$v":"Tháng 5"},{"$i":"month-5-genitive","$v":"Tháng 6"},{"$i":"month-6-genitive","$v":"Tháng 7"},{"$i":"month-7-genitive","$v":"Tháng 8"},{"$i":"month-8-genitive","$v":"Tháng 9"},{"$i":"month-9-genitive","$v":"Tháng 10"},{"$i":"month-10-genitive","$v":"Tháng 11"},{"$i":"month-11-genitive","$v":"Tháng 12"},{"$i":"month-0-short","$v":"Tháng 1"},{"$i":"month-1-short","$v":"Tháng 2"},{"$i":"month-2-short","$v":"Tháng 3"},{"$i":"month-3-short","$v":"Tháng 4"},{"$i":"month-4-short","$v":"Tháng 5"},{"$i":"month-5-short","$v":"Tháng 6"},{"$i":"month-6-short","$v":"Tháng 7"},{"$i":"month-7-short","$v":"Tháng 8"},{"$i":"month-8-short","$v":"Tháng 9"},{"$i":"month-9-short","$v":"Tháng 10"},{"$i":"month-10-short","$v":"Tháng 11"},{"$i":"month-11-short","$v":"Tháng 12"},{"$i":"minutes-ago-long","$v":{"few":[{"t":"idOrVar","v":"value"}," phút trước"],"many":[{"t":"idOrVar","v":"value"}," phút trước"],"other":[{"t":"idOrVar","v":"value"}," phút trước"],"two":[{"t":"idOrVar","v":"value"}," phút trước"],"one":"một phút trước","zero":"Vừa Rồi"},"$x":[{"t":"idOrVar","v":"plural"},"value"]},{"$i":"hours-ago-long","$v":{"few":[{"t":"idOrVar","v":"value"}," giờ trước"],"many":[{"t":"idOrVar","v":"value"}," giờ trước"],"other":[{"t":"idOrVar","v":"value"}," giờ trước"],"two":[{"t":"idOrVar","v":"value"}," giờ trước"],"one":"giờ trước","zero":"Vừa Rồi"},"$x":[{"t":"idOrVar","v":"plural"},"value"]},{"$i":"days-ago-long","$v":{"few":[{"t":"idOrVar","v":"value"}," ngày trước"],"many":[{"t":"idOrVar","v":"value"}," ngày trước"],"one":"hôm qua","other":[{"t":"idOrVar","v":"value"}," ngày trước"],"two":[{"t":"idOrVar","v":"value"}," ngày trước"],"zero":"hôm nay"},"$x":[{"t":"idOrVar","v":"plural"},"value"]},{"$i":"weeks-ago-long","$v":{"few":[{"t":"idOrVar","v":"value"}," tuần trước"],"many":[{"t":"idOrVar","v":"value"}," tuần trước"],"one":"tuần trước","other":[{"t":"idOrVar","v":"value"}," tuần trước"],"two":[{"t":"idOrVar","v":"value"}," tuần trước"],"zero":"tuần này"},"$x":[{"t":"idOrVar","v":"plural"},"value"]},{"$i":"months-ago-long","$v":{"few":[{"t":"idOrVar","v":"value"}," tháng trước"],"many":[{"t":"idOrVar","v":"value"}," tháng trước"],"one":"tháng trước","other":[{"t":"idOrVar","v":"value"}," tháng trước"],"two":[{"t":"idOrVar","v":"value"}," tháng trước"],"zero":"tháng này"},"$x":[{"t":"idOrVar","v":"plural"},"value"]},{"$i":"years-ago-long","$v":{"few":[{"t":"idOrVar","v":"value"}," năm trước"],"many":[{"t":"idOrVar","v":"value"}," năm trước"],"one":"năm ngoái","other":[{"t":"idOrVar","v":"value"}," năm trước"],"two":[{"t":"idOrVar","v":"value"}," năm trước"],"zero":"năm nay"},"$x":[{"t":"idOrVar","v":"plural"},"value"]},{"$i":"minutes-until-long","$v":{"few":["trong ",{"t":"idOrVar","v":"value"}," phút"],"many":["trong ",{"t":"idOrVar","v":"value"}," phút"],"other":["trong ",{"t":"idOrVar","v":"value"}," phút"],"two":["trong ",{"t":"idOrVar","v":"value"}," phút"],"zero":"hiện tại","one":"trong một phút"},"$x":[{"t":"idOrVar","v":"plural"},"value"]},{"$i":"hours-until-long","$v":{"few":["trong ",{"t":"idOrVar","v":"value"}," giờ"],"many":["trong ",{"t":"idOrVar","v":"value"}," giờ"],"other":["trong ",{"t":"idOrVar","v":"value"}," giờ"],"two":["trong ",{"t":"idOrVar","v":"value"}," giờ"],"zero":"hiện tại","one":"trong một giờ"},"$x":[{"t":"idOrVar","v":"plural"},"value"]},{"$i":"days-until-long","$v":{"few":["trong ",{"t":"idOrVar","v":"value"}," ngày"],"many":["trong ",{"t":"idOrVar","v":"value"}," ngày"],"one":"ngày mai","other":["trong ",{"t":"idOrVar","v":"value"}," ngày"],"two":["trong ",{"t":"idOrVar","v":"value"}," ngày"],"zero":"hôm nay"},"$x":[{"t":"idOrVar","v":"plural"},"value"]},{"$i":"weeks-until-long","$v":{"few":["trong ",{"t":"idOrVar","v":"value"}," tuần"],"many":["trong ",{"t":"idOrVar","v":"value"}," tuần"],"one":"tuần tới","other":["trong ",{"t":"idOrVar","v":"value"}," tuần"],"two":["trong ",{"t":"idOrVar","v":"value"}," tuần"],"zero":"tuần này"},"$x":[{"t":"idOrVar","v":"plural"},"value"]},{"$i":"months-until-long","$v":{"few":["trong ",{"t":"idOrVar","v":"value"}," tháng"],"many":["trong ",{"t":"idOrVar","v":"value"}," tháng"],"one":"tháng tiếp theo","other":["trong ",{"t":"idOrVar","v":"value"}," tháng"],"two":["trong ",{"t":"idOrVar","v":"value"}," tháng"],"zero":"tháng này"},"$x":[{"t":"idOrVar","v":"plural"},"value"]},{"$i":"years-until-long","$v":{"few":["trong ",{"t":"idOrVar","v":"value"}," năm"],"many":["trong ",{"t":"idOrVar","v":"value"}," năm"],"one":"năm tới","other":["trong ",{"t":"idOrVar","v":"value"}," năm"],"two":["trong ",{"t":"idOrVar","v":"value"}," năm"],"zero":"năm nay"},"$x":[{"t":"idOrVar","v":"plural"},"value"]},{"$i":"minutes-ago-short","$v":{"other":[{"t":"idOrVar","v":"value"}," tháng trước"],"zero":"Vừa Rồi"},"$x":[{"t":"idOrVar","v":"plural"},"value"]},{"$i":"hours-ago-short","$v":{"other":[{"t":"idOrVar","v":"value"}," giờ trước"],"zero":"Vừa Rồi"},"$x":[{"t":"idOrVar","v":"plural"},"value"]},{"$i":"days-ago-short","$v":{"other":[{"t":"idOrVar","v":"value"}," ngày trước"],"zero":"hôm nay"},"$x":[{"t":"idOrVar","v":"plural"},"value"]},{"$i":"minutes-until-short","$v":{"other":["trong ",{"t":"idOrVar","v":"value"},"m"],"zero":"hiện tại"},"$x":[{"t":"idOrVar","v":"plural"},"value"]},{"$i":"hours-until-short","$v":{"other":["trong ",{"t":"idOrVar","v":"value"}],"zero":"hiện tại"},"$x":[{"t":"idOrVar","v":"plural"},"value"]},{"$i":"days-until-short","$v":{"other":["in ",{"t":"idOrVar","v":"value"},"d"],"zero":"hôm nay"},"$x":[{"t":"idOrVar","v":"plural"},"value"]},{"$i":"incorrectDate","$v":"(ngày không chính xác)"},{"$i":"dateTimeFormat_%c","$v":"%a %b %e %Y %I:%M:%S %p"},{"$i":"dateTimeFormat_%x","$v":"%m/%d/%Y"},{"$i":"dateTimeFormat_%X","$v":"%I:%M:%S %p"},{"$i":"shortTimeFormat","$v":"%I:%M %p"},{"$i":"shortTimeFormat12","$v":"%I:%M %p"},{"$i":"shortTimeFormat24","$v":"%H:%M"},{"$i":"shortDateTimeFormat","$v":"%x %I:%M %p"},{"$i":"weekStartsOnMonday","$v":"0.0"},{"$i":"firstDayOfTheWeek","$v":"0.0"},{"$i":"time_am","$v":"AM"},{"$i":"time_pm","$v":"PM"}]