[{"$i":"notes","$v":"备忘录"},{"$i":"new","$v":"新建"},{"$i":"enter","$v":"输入"},{"$i":"edit","$v":"编辑"},{"$i":"select","$v":"选择"},{"$i":"delete","$v":"删除"},{"$i":"share","$v":"分享"},{"$i":"search","$v":"搜索"},{"$i":"sort-by","$v":"排序依据"},{"$i":"done","$v":"完成"},{"$i":"note-deleted","$v":"备忘录已删除"},{"$i":"delete-confirm","$v":"确认"},{"$i":"save-note","$v":"保存到备忘录。"},{"$i":"delete-notes","$v":{"one":"备忘录已删除","zero":"备忘录已删除","few":["已删除 ",{"t":"idOrVar","v":"n"}," 个备忘录。"],"many":["已删除 ",{"t":"idOrVar","v":"n"}," 个备忘录。"],"other":["已删除 ",{"t":"idOrVar","v":"n"}," 个备忘录。"],"two":["已删除 ",{"t":"idOrVar","v":"n"}," 个备忘录。"]},"$x":[{"t":"idOrVar","v":"plural"},"n"]},{"$i":"share-by-mail","$v":"电子邮件"},{"$i":"share-by-sms","$v":"信息"},{"$i":"share-by-bluetooth","$v":"蓝牙"},{"$i":"sort-by-date-edited","$v":"编辑日期"},{"$i":"sort-by-date-created","$v":"创建日期"},{"$i":"sort-by-title","$v":"标题"},{"$i":"cancel","$v":"取消"},{"$i":"options","$v":"选项"},{"$i":"save","$v":"保存"},{"$i":"discard","$v":"舍弃"},{"$i":"multi-select","$v":"选择多个"},{"$i":"multi-del","$v":{"few":["删除 ",{"t":"idOrVar","v":"n"}," 条备忘录？"],"many":["删除 ",{"t":"idOrVar","v":"n"}," 条备忘录？"],"one":"删除备忘录?","other":["删除 ",{"t":"idOrVar","v":"n"}," 条备忘录？"],"two":["删除 ",{"t":"idOrVar","v":"n"}," 条备忘录？"],"zero":"删除备忘录?"},"$x":[{"t":"idOrVar","v":"plural"},"n"]},{"$i":"select-all","$v":"全部"},{"$i":"deselect-all","$v":"无"},{"$i":"deselect","$v":"取消选择"},{"$i":"number-selected","$v":{"few":["已选择",{"t":"idOrVar","v":"number"},"个"],"many":["已选择",{"t":"idOrVar","v":"number"},"个"],"one":["已选择",{"t":"idOrVar","v":"number"},"个"],"other":["已选择",{"t":"idOrVar","v":"number"},"个"],"two":["已选择",{"t":"idOrVar","v":"number"},"个"],"zero":["已选择",{"t":"idOrVar","v":"number"},"个"]},"$x":[{"t":"idOrVar","v":"plural"},"number"]},{"$i":"max-amount-title","$v":"已达到最大数量"},{"$i":"max-amount-content","$v":"无法创建新备忘录。备忘录数量达到上限。请删除旧备忘录。"},{"$i":"max-length-exceed","$v":"超过备忘录最多字数。"},{"$i":"no-notes","$v":"备忘录为空。请按“新建”以添加新的备忘录。"},{"$i":"search-message","$v":"请输入关键词"},{"$i":"full-storage-title","$v":"存储已满"},{"$i":"full-storage-content","$v":"您可删除部分媒体文件或管理应用数据，从而获取更多可用空间。"},{"$i":"go-to-settings","$v":"前往“设置”"},{"$i":"deleteNote","$v":"删除备忘录?"},{"$i":"sortby-editTime","$v":"按编辑日期排序。"},{"$i":"sortby-createTime","$v":"按创建日期排序。"},{"$i":"sortby-title","$v":"按标题排序。"},{"$i":"confirmation-title","$v":"确认"},{"$i":"cancel-confirmation-content","$v":"上一次编辑将被删除。是否保存此便签？"},{"$i":"today","$v":"今天"},{"$i":"yesterday","$v":"昨天"},{"$i":"ok","$v":"确定"},{"$i":"file-large-title","$v":"文件太大"},{"$i":"file-large-content","$v":"备注文件太大，无法保存。请删除一些内容再重试。"},{"$i":"weekday-0-long","$v":"周日"},{"$i":"weekday-1-long","$v":"周一"},{"$i":"weekday-2-long","$v":"周二"},{"$i":"weekday-3-long","$v":"周三"},{"$i":"weekday-4-long","$v":"周四"},{"$i":"weekday-5-long","$v":"周五"},{"$i":"weekday-6-long","$v":"周六"},{"$i":"weekday-0-short","$v":"周日"},{"$i":"weekday-1-short","$v":"周一"},{"$i":"weekday-2-short","$v":"周二"},{"$i":"weekday-3-short","$v":"周三"},{"$i":"weekday-4-short","$v":"周四"},{"$i":"weekday-5-short","$v":"周五"},{"$i":"weekday-6-short","$v":"周六"},{"$i":"month-0-long","$v":"一月"},{"$i":"month-1-long","$v":"二月"},{"$i":"month-2-long","$v":"三月"},{"$i":"month-3-long","$v":"四月"},{"$i":"month-4-long","$v":"五月"},{"$i":"month-5-long","$v":"六月"},{"$i":"month-6-long","$v":"七月"},{"$i":"month-7-long","$v":"八月"},{"$i":"month-8-long","$v":"九月"},{"$i":"month-9-long","$v":"十月"},{"$i":"month-10-long","$v":"十一月"},{"$i":"month-11-long","$v":"十二月"},{"$i":"month-0-genitive","$v":"一月"},{"$i":"month-1-genitive","$v":"二月"},{"$i":"month-2-genitive","$v":"三月"},{"$i":"month-3-genitive","$v":"四月"},{"$i":"month-4-genitive","$v":"五月"},{"$i":"month-5-genitive","$v":"六月"},{"$i":"month-6-genitive","$v":"七月"},{"$i":"month-7-genitive","$v":"八月"},{"$i":"month-8-genitive","$v":"九月"},{"$i":"month-9-genitive","$v":"十月"},{"$i":"month-10-genitive","$v":"十一月"},{"$i":"month-11-genitive","$v":"十二月"},{"$i":"month-0-short","$v":"1 月"},{"$i":"month-1-short","$v":"2 月"},{"$i":"month-2-short","$v":"3 月"},{"$i":"month-3-short","$v":"4 月"},{"$i":"month-4-short","$v":"5 月"},{"$i":"month-5-short","$v":"6 月"},{"$i":"month-6-short","$v":"7 月"},{"$i":"month-7-short","$v":"8 月"},{"$i":"month-8-short","$v":"9 月"},{"$i":"month-9-short","$v":"10 月"},{"$i":"month-10-short","$v":"11 月"},{"$i":"month-11-short","$v":"12 月"},{"$i":"minutes-ago-long","$v":{"few":[{"t":"idOrVar","v":"value"}," 分钟前"],"many":[{"t":"idOrVar","v":"value"}," 分钟前"],"other":[{"t":"idOrVar","v":"value"}," 分钟前"],"two":[{"t":"idOrVar","v":"value"}," 分钟前"],"one":"1 分钟前","zero":"刚才"},"$x":[{"t":"idOrVar","v":"plural"},"value"]},{"$i":"hours-ago-long","$v":{"few":[{"t":"idOrVar","v":"value"}," 小时前"],"many":[{"t":"idOrVar","v":"value"}," 小时前"],"other":[{"t":"idOrVar","v":"value"}," 小时前"],"two":[{"t":"idOrVar","v":"value"}," 小时前"],"one":"1 小时前","zero":"刚才"},"$x":[{"t":"idOrVar","v":"plural"},"value"]},{"$i":"days-ago-long","$v":{"few":[{"t":"idOrVar","v":"value"}," 天前"],"many":[{"t":"idOrVar","v":"value"}," 天前"],"one":"昨天","other":[{"t":"idOrVar","v":"value"}," 天前"],"two":[{"t":"idOrVar","v":"value"}," 天前"],"zero":"今天"},"$x":[{"t":"idOrVar","v":"plural"},"value"]},{"$i":"weeks-ago-long","$v":{"few":[{"t":"idOrVar","v":"value"}," 周前"],"many":[{"t":"idOrVar","v":"value"}," 周前"],"one":"最近一周","other":[{"t":"idOrVar","v":"value"}," 周前"],"two":[{"t":"idOrVar","v":"value"}," 周前"],"zero":"本周"},"$x":[{"t":"idOrVar","v":"plural"},"value"]},{"$i":"months-ago-long","$v":{"few":[{"t":"idOrVar","v":"value"}," 月前"],"many":[{"t":"idOrVar","v":"value"}," 月前"],"one":"上月","other":[{"t":"idOrVar","v":"value"}," 月前"],"two":[{"t":"idOrVar","v":"value"}," 月前"],"zero":"本月"},"$x":[{"t":"idOrVar","v":"plural"},"value"]},{"$i":"years-ago-long","$v":{"few":[{"t":"idOrVar","v":"value"}," 年前"],"many":[{"t":"idOrVar","v":"value"}," 年前"],"one":"去年","other":[{"t":"idOrVar","v":"value"}," 年前"],"two":[{"t":"idOrVar","v":"value"}," 年前"],"zero":"今年"},"$x":[{"t":"idOrVar","v":"plural"},"value"]},{"$i":"minutes-until-long","$v":{"few":[{"t":"idOrVar","v":"value"}," 分钟内"],"many":[{"t":"idOrVar","v":"value"}," 分钟内"],"other":[{"t":"idOrVar","v":"value"}," 分钟内"],"two":[{"t":"idOrVar","v":"value"}," 分钟内"],"zero":"現在","one":"1 分钟内"},"$x":[{"t":"idOrVar","v":"plural"},"value"]},{"$i":"hours-until-long","$v":{"few":[{"t":"idOrVar","v":"value"}," 小时内"],"many":[{"t":"idOrVar","v":"value"}," 小时内"],"other":[{"t":"idOrVar","v":"value"}," 小时内"],"two":[{"t":"idOrVar","v":"value"}," 小时内"],"zero":"現在","one":"1 小时内"},"$x":[{"t":"idOrVar","v":"plural"},"value"]},{"$i":"days-until-long","$v":{"few":[{"t":"idOrVar","v":"value"}," 天内"],"many":[{"t":"idOrVar","v":"value"}," 天内"],"one":"明天","other":[{"t":"idOrVar","v":"value"}," 天内"],"two":[{"t":"idOrVar","v":"value"}," 天内"],"zero":"今天"},"$x":[{"t":"idOrVar","v":"plural"},"value"]},{"$i":"weeks-until-long","$v":{"few":[{"t":"idOrVar","v":"value"}," 周内"],"many":[{"t":"idOrVar","v":"value"}," 周内"],"one":"下周","other":[{"t":"idOrVar","v":"value"}," 周内"],"two":[{"t":"idOrVar","v":"value"}," 周内"],"zero":"本周"},"$x":[{"t":"idOrVar","v":"plural"},"value"]},{"$i":"months-until-long","$v":{"few":[{"t":"idOrVar","v":"value"}," 个月内"],"many":[{"t":"idOrVar","v":"value"}," 个月内"],"one":"下个月","other":[{"t":"idOrVar","v":"value"}," 个月内"],"two":[{"t":"idOrVar","v":"value"}," 个月内"],"zero":"本月"},"$x":[{"t":"idOrVar","v":"plural"},"value"]},{"$i":"years-until-long","$v":{"few":[{"t":"idOrVar","v":"value"}," 年内"],"many":[{"t":"idOrVar","v":"value"}," 年内"],"one":"明年","other":[{"t":"idOrVar","v":"value"}," 年内"],"two":[{"t":"idOrVar","v":"value"}," 年内"],"zero":"今年"},"$x":[{"t":"idOrVar","v":"plural"},"value"]},{"$i":"minutes-ago-short","$v":{"other":[{"t":"idOrVar","v":"value"}," 分钟前"],"zero":"刚才"},"$x":[{"t":"idOrVar","v":"plural"},"value"]},{"$i":"hours-ago-short","$v":{"other":[{"t":"idOrVar","v":"value"}," 小时前"],"zero":"刚才"},"$x":[{"t":"idOrVar","v":"plural"},"value"]},{"$i":"days-ago-short","$v":{"other":[{"t":"idOrVar","v":"value"}," 天前"],"zero":"今天"},"$x":[{"t":"idOrVar","v":"plural"},"value"]},{"$i":"minutes-until-short","$v":{"other":[{"t":"idOrVar","v":"value"}," 分内"],"zero":"現在"},"$x":[{"t":"idOrVar","v":"plural"},"value"]},{"$i":"hours-until-short","$v":{"other":[{"t":"idOrVar","v":"value"}," 小时内"],"zero":"現在"},"$x":[{"t":"idOrVar","v":"plural"},"value"]},{"$i":"days-until-short","$v":{"other":[{"t":"idOrVar","v":"value"}," 天内"],"zero":"今天"},"$x":[{"t":"idOrVar","v":"plural"},"value"]},{"$i":"incorrectDate","$v":"（日期有误）"},{"$i":"dateTimeFormat_%c","$v":"%Y年%b%d日 %a %p %I:%M:%S"},{"$i":"dateTimeFormat_%x","$v":"%Y/%m/%d"},{"$i":"dateTimeFormat_%X","$v":"%I:%M:%S %p"},{"$i":"shortTimeFormat","$v":"%p %I:%M"},{"$i":"shortTimeFormat12","$v":"%p %I:%M"},{"$i":"shortTimeFormat24","$v":"%H:%M"},{"$i":"shortDateTimeFormat","$v":"%p %x %I:%M"},{"$i":"weekStartsOnMonday","$v":"0.0"},{"$i":"firstDayOfTheWeek","$v":"0.0"},{"$i":"time_am","$v":"上午"},{"$i":"time_pm","$v":"下午"}]