[{"$i":"music","$v":"Musiek"},{"$i":"mix","$v":"Meng"},{"$i":"playlists","$v":"Speellys"},{"$i":"artists","$v":"Kunstenaars"},{"$i":"albums","$v":"Albums"},{"$i":"songs","$v":"Liedjies"},{"$i":"more","$v":"Meer"},{"$i":"songName","$v":"Liedjienaam"},{"$i":"songArtist","$v":"Liedjiekunstenaar"},{"$i":"songAlbum","$v":"Liedjie-album"},{"$i":"unknownArtist","$v":"Onbekende kunstenaar"},{"$i":"unknownAlbum","$v":"Onbekende album"},{"$i":"unknownTitle","$v":"Onbekende titel"},{"$i":"storageFullTitle","$v":"Foon se berging vol"},{"$i":"sdcardFullTitle","$v":"SD-kaart vol"},{"$i":"storage-not-ready","$v":"Om vir musiek te skandeer."},{"$i":"empty-text","$v":"Musiekbiblioteek is leeg. Voeg liedjies by om aan die gang te kom."},{"$i":"pick-empty-text","$v":"Geen musiek beskikbaar nie."},{"$i":"scanning-text","$v":"Soek tans na musiek…"},{"$i":"nocard-text","$v":"Geheuekaart kan nie gevind word nie. Voer ‘n geheuekaart in om te begin."},{"$i":"pluggedin-text","$v":"Stoorruimte word tans gebruik. Prop asseblief die foon uit om hierdie toepassing te gebruik."},{"$i":"upgrade-text","$v":"Wag asseblief terywl Musiek die databasis bywerk."},{"$i":"full-text","$v":"Skrap medialêers of programdata om ruimte vry te maak. Jy kan ook ’n SD-kaart insteek om mediaruimte uit te brei."},{"$i":"full-text-sdcard","$v":"Skrap lêers op SD-kaart om ruimte vry te maak."},{"$i":"search-music","placeholder":"Soek"},{"$i":"search-cancel","$v":"Kanselleer"},{"$i":"search-artists","$v":"Kunstenaars"},{"$i":"search-albums","$v":"Albums"},{"$i":"search-titles","$v":"Snitte"},{"$i":"search-close","$v":"Sluit"},{"$i":"search-no-result","$v":"Geen snitte  gevind nie, probeer om met ‘n ander sleutelwoord te soek."},{"$i":"artists-search-no-result","$v":"Geen kunstenaars gevind nie, probeer om met ‘n ander sleutelwoord te soek."},{"$i":"albums-search-no-result","$v":"Geen albums gevind nie, probeer om met ‘n ander sleutelwoord te soek."},{"$i":"playlists-shuffle-all","$v":"Skommel almal"},{"$i":"playlists-recently-added","$v":"Onlangs bygevoeg"},{"$i":"playlists-most-played","$v":"Meeste gespeel"},{"$i":"playlists-discover","$v":"Ontdek"},{"$i":"playlists-my-playlists","$v":"My speellys"},{"$i":"playlists-create-playlists","$v":"Nuwe speellys"},{"$i":"playlists-choose-playlists","$v":"Speellyste"},{"$i":"no-my-playlists","$v":"Jy het nog nie 'n speellys geskep nie."},{"$i":"no-songs-added","$v":"Jy het nog geen liedjies by hierdie speellys gevoeg nie."},{"$i":"no-played-songs","$v":"Jy het nog nie enige liedjies gespeel nie."},{"$i":"no-recently-added","$v":"Geen nuwe liedjies onlangs bygevoeg nie."},{"$i":"playlists-highest-rated","$v":"Hoogste gegradeer"},{"$i":"picker-title","$v":"Kies ‘n snit"},{"$i":"save","$v":"Stoor"},{"$i":"saved","$v":"Gestoor na Musiekbiblioteek."},{"$i":"audioinvalid","$v":"Die lêer-formaat is ongeldig of word nie ondersteun nie."},{"$i":"overlay-cancel-button","$v":"Kanselleer"},{"$i":"music-paused-notification","$v":"Musiek onderbreek tydens die oproep"},{"$i":"done","$v":"Klaar"},{"$i":"share-song","ariaLabel":"Deel"},{"$i":"player-album-rating","ariaLabel":"Koers"},{"$i":"rating-star","ariaLabel":{"$x":[{"t":"idOrVar","v":"plural"},"n"],"$v":{"few":[{"t":"idOrVar","v":"n"}," sterre"],"many":[{"t":"idOrVar","v":"n"}," sterre"],"one":[{"t":"idOrVar","v":"n"}," ster"],"other":[{"t":"idOrVar","v":"n"}," sterre"],"two":[{"t":"idOrVar","v":"n"}," sterre"],"zero":[{"t":"idOrVar","v":"n"}," sterre"]}}},{"$i":"go-to-player-view","ariaLabel":"Gaan na speleroorsig"},{"$i":"repeat-off","ariaLabel":"Herhaal af"},{"$i":"repeat-list","ariaLabel":"Herhaal alles"},{"$i":"repeat-song","ariaLabel":"Herhaal snit"},{"$i":"shuffle-toggle","ariaLabel":"Skommel"},{"$i":"mix-tab","ariaLabel":"Meng"},{"$i":"playlists-tab","ariaLabel":"Speellyste"},{"$i":"artists-tab","ariaLabel":"Kunstenaars"},{"$i":"albums-tab","ariaLabel":"Albums"},{"$i":"songs-tab","ariaLabel":"Liedjies"},{"$i":"check","$v":"Kies"},{"$i":"remove-track","$v":"Skrap Snit"},{"$i":"remove-tracks","$v":"Skrap Snitte"},{"$i":"cancel","$v":"Kanselleer"},{"$i":"delete","$v":"Skrap"},{"$i":"song-num-checked","$v":{"few":[{"t":"idOrVar","v":"n"}," gekies"],"many":[{"t":"idOrVar","v":"n"}," gekies"],"one":[{"t":"idOrVar","v":"n"}," gekies"],"other":[{"t":"idOrVar","v":"n"}," gekies"],"two":[{"t":"idOrVar","v":"n"}," gekies"],"zero":"0 gekies"},"$x":[{"t":"idOrVar","v":"plural"},"n"]},{"$i":"delete-playlist-songs","$v":{"few":["Skrap ",{"t":"idOrVar","v":"n"}," snitte van speellys?"],"many":["Skrap ",{"t":"idOrVar","v":"n"}," snitte van speellys?"],"one":"Skrap gekiesde snit van speellys?","other":["Skrap ",{"t":"idOrVar","v":"n"}," snitte van speellys?"],"two":["Skrap ",{"t":"idOrVar","v":"n"}," snitte van speellys?"],"zero":"Niks gekies"},"$x":[{"t":"idOrVar","v":"plural"},"n"]},{"$i":"delete-playlist-hint","$v":{"few":[{"t":"idOrVar","v":"n"}," snit van speellys geskrap"],"many":[{"t":"idOrVar","v":"n"}," snit van speellys geskrap"],"one":"Snit geskrap van speellys","other":[{"t":"idOrVar","v":"n"}," snit van speellys geskrap"],"two":[{"t":"idOrVar","v":"n"}," snit van speellys geskrap"],"zero":"Niks geskrap"},"$x":[{"t":"idOrVar","v":"plural"},"n"]},{"$i":"delete-playlist","$v":"Vee speellys uit?"},{"$i":"delete-album-songs","$v":{"few":["Skrap ",{"t":"idOrVar","v":"n"}," snitte?"],"many":["Skrap ",{"t":"idOrVar","v":"n"}," snitte?"],"one":"Skrap gekose snit?","other":["Skrap ",{"t":"idOrVar","v":"n"}," snitte?"],"two":["Skrap ",{"t":"idOrVar","v":"n"}," snitte?"],"zero":"Niks gekies"},"$x":[{"t":"idOrVar","v":"plural"},"n"]},{"$i":"delete-album-songs-hint","$v":{"few":[{"t":"idOrVar","v":"n"}," snit geskrap"],"many":[{"t":"idOrVar","v":"n"}," snit geskrap"],"one":"Snit geskrap","other":[{"t":"idOrVar","v":"n"}," snit geskrap"],"two":[{"t":"idOrVar","v":"n"}," snit geskrap"],"zero":"Niks geskrap"},"$x":[{"t":"idOrVar","v":"plural"},"n"]},{"$i":"add-to-playlist-song-hint","$v":"Liedjie is bygevoeg by"},{"$i":"add-to-playlist-songs-hint","$v":"liedjies is bygevoeg by"},{"$i":"library","$v":"Biblioteek"},{"$i":"rate","$v":"Koers"},{"$i":"gridview","$v":"Raster-aansig"},{"$i":"confirmation-title","$v":"Bevestiging"},{"$i":"options","$v":"Opsies"},{"$i":"opt-player","$v":"Speler"},{"$i":"opt-delete","$v":"Skrap"},{"$i":"opt-mulselect","$v":"Kies meerdere"},{"$i":"opt-selectall","$v":"Almal"},{"$i":"opt-deselectall","$v":"Geen"},{"$i":"opt-cancel","$v":"Kanselleer"},{"$i":"opt-library","$v":"Biblioteek"},{"$i":"opt-shuffleall","$v":"Skommel almal"},{"$i":"opt-repeatall","$v":"Herhaal alles"},{"$i":"opt-back","$v":"Terug"},{"$i":"opt-done","$v":"Klaar"},{"$i":"opt-ok","$v":"Goed"},{"$i":"opt-play","$v":"Speel"},{"$i":"opt-pause","$v":"Onderbreek"},{"$i":"opt-setring","$v":"Stoor as luitoon"},{"$i":"opt-shuffleoff","$v":"Skommel aan"},{"$i":"opt-shuffleon","$v":"Skommel af"},{"$i":"opt-repeatoff","$v":"Herhaal af"},{"$i":"opt-repeatone","$v":"Herhaal een"},{"$i":"opt-share","$v":"Deel"},{"$i":"opt-volume","$v":"Volume"},{"$i":"opt-createplaylist","$v":"Skep speellys"},{"$i":"opt-addsongs","$v":"Voeg liedjies by"},{"$i":"opt-rename","$v":"Hernoem"},{"$i":"opt-removesongs","$v":"Verwyder alle liedjies"},{"$i":"opt-addtoplaylist","$v":"Voeg by speellys"},{"$i":"opt-create","$v":"Skep"},{"$i":"opt-settings","$v":"Instellings"},{"$i":"byteUnit-B","$v":"Grepe"},{"$i":"byteUnit-KB","$v":"KB"},{"$i":"byteUnit-MB","$v":"MG"},{"$i":"byteUnit-GB","$v":"GB"},{"$i":"byteUnit-TB","$v":"TB"},{"$i":"byteUnit-PB","$v":"PB"},{"$i":"byteUnit-EB","$v":"EB"},{"$i":"byteUnit-ZB","$v":"ZB"},{"$i":"byteUnit-YB","$v":"YB"},{"$i":"opt-fileinfo","$v":"Lêer se inligting"},{"$i":"info-view","ariaLabel":"Inligting"},{"$i":"name-label","$v":"Naam"},{"$i":"size-label","$v":"Grootte"},{"$i":"music-type-label","$v":"Musiektipe"},{"$i":"playlists-least-played","$v":"Minste gespeel"},{"$i":"playlists-loading","$v":"Laai tans ..."},{"$i":"select","$v":"Kies"},{"$i":"deselect","$v":"Deselekteer"},{"$i":"ok","$v":"Goed"},{"$i":"new","$v":"Nuwe"},{"$i":"next","$v":"Volgende"},{"$i":"rename","$v":"Hernoem"},{"$i":"remove","$v":"Verwyder"},{"$i":"add","$v":"Voeg by"},{"$i":"all","$v":"Almal"},{"$i":"none","$v":"Geen"}]