[{"$i":"music","$v":"الموسيقى"},{"$i":"mix","$v":"مزج"},{"$i":"playlists","$v":"قائمة التشغيل"},{"$i":"artists","$v":"الفنانين"},{"$i":"albums","$v":"الألبومات"},{"$i":"songs","$v":"الأغاني"},{"$i":"more","$v":"المزيد"},{"$i":"songName","$v":"اسم الأغنية"},{"$i":"songArtist","$v":"المُغني"},{"$i":"songAlbum","$v":"الألبوم"},{"$i":"unknownArtist","$v":"فنان غير معروف"},{"$i":"unknownAlbum","$v":"ألبوم غير معروف"},{"$i":"unknownTitle","$v":"عنوان غير معروف"},{"$i":"storageFullTitle","$v":"مساحة تخزين الهاتف الجوال ممتلئة"},{"$i":"sdcardFullTitle","$v":"امتلاء بطاقة SD"},{"$i":"storage-not-ready","$v":"يتم الآن المسح بحثًا عن ملفات الموسيقى."},{"$i":"empty-text","$v":"مكتبة الموسيقى فارغة. أضف أغاني للبدء."},{"$i":"pick-empty-text","$v":"لا توجد موسيقى."},{"$i":"scanning-text","$v":"جارٍ المسح للوصول إلى الموسيقى..."},{"$i":"nocard-text","$v":"أدخل بطاقة الذاكرة للإستماع إلى الموسيقى."},{"$i":"pluggedin-text","$v":"إفصل الجوّال للإستماع إلى الموسيقى."},{"$i":"upgrade-text","$v":"الرجاء الانتظار بينما الموسيقى تحدث قاعدة البيانات الخاصة بها."},{"$i":"full-text","$v":"احذف ملفات الوسائط أو بيانات التطبيقات لإخلاء مساحة. كما يمكنك إدراج بطاقة SD لزيادة مساحة تخزين الوسائط."},{"$i":"full-text-sdcard","$v":"احذف ملفات في بطاقة SD لإخلاء مساحة."},{"$i":"search-music","placeholder":"بحث"},{"$i":"search-cancel","$v":"ألغِ"},{"$i":"search-artists","$v":"المغنيون"},{"$i":"search-albums","$v":"الألبومات"},{"$i":"search-titles","$v":"المقطوعات"},{"$i":"search-close","$v":"أغلق"},{"$i":"search-no-result","$v":"لم يتم العثور على أي أغاني، جرب البحث باستخدام كلمة رئيسية مختلفة."},{"$i":"artists-search-no-result","$v":"لم يتم العثور على أي فنان، حاول البحث باستخدام كلمة رئيسية مختلفة."},{"$i":"albums-search-no-result","$v":"لم يتم العثور على ألبومات، حاول البحث باستخدام كلمة رئيسية مختلفة."},{"$i":"playlists-shuffle-all","$v":"إخلط الكل"},{"$i":"playlists-recently-added","$v":"المضافة حديثًا"},{"$i":"playlists-most-played","$v":"الأكثر تشغيلاً"},{"$i":"playlists-discover","$v":"اكتشاف"},{"$i":"playlists-my-playlists","$v":"قوائم التشغيل الخاصة بي"},{"$i":"playlists-create-playlists","$v":"قائمة تشغيل جديدة"},{"$i":"playlists-choose-playlists","$v":"قوائم التشغيل"},{"$i":"no-my-playlists","$v":"لم تقم بإنشاء أي قوائم تشغيل حتى الآن."},{"$i":"no-songs-added","$v":"لم تضف أي أغنية إلى قائمة التشغيل هذه حتى الآن."},{"$i":"no-played-songs","$v":"لم تقم بتشغيل أي أغاني حتى الآن."},{"$i":"no-recently-added","$v":"لم تتم إضافة أي أغاني جديدة مؤخرًا."},{"$i":"playlists-highest-rated","$v":"أعلى تقييم"},{"$i":"picker-title","$v":"إختر مقطوعة"},{"$i":"save","$v":"حفظ"},{"$i":"saved","$v":["تم حفظ ",{"t":"idOrVar","v":"title"}," بقارئ الموسيقى"]},{"$i":"audioinvalid","$v":"تنسيق الملف هذا غير صالح أو غير مدعوم."},{"$i":"overlay-cancel-button","$v":"ألغِ"},{"$i":"music-paused-notification","$v":"توقفت الموسيقى أثناء المكالمة"},{"$i":"done","$v":"تم"},{"$i":"share-song","ariaLabel":"مشاركة"},{"$i":"player-album-rating","ariaLabel":"المعدل"},{"$i":"rating-star","ariaLabel":{"$x":[{"t":"idOrVar","v":"plural"},"n"],"$v":{"few":[{"t":"idOrVar","v":"n"}," نجوم"],"many":[{"t":"idOrVar","v":"n"}," نجوم"],"one":[{"t":"idOrVar","v":"n"}," نجمة"],"other":[{"t":"idOrVar","v":"n"}," نجوم"],"two":[{"t":"idOrVar","v":"n"}," نجوم"],"zero":[{"t":"idOrVar","v":"n"}," نجوم"]}}},{"$i":"go-to-player-view","ariaLabel":"انتقال إلى عرض المشغل"},{"$i":"repeat-off","ariaLabel":"إيقاف التكرار"},{"$i":"repeat-list","ariaLabel":"تكرار الكل"},{"$i":"repeat-song","ariaLabel":"تكرار المسار"},{"$i":"shuffle-toggle","ariaLabel":"تبديل"},{"$i":"mix-tab","ariaLabel":"مزج"},{"$i":"playlists-tab","ariaLabel":"قوائم التشغيل"},{"$i":"artists-tab","ariaLabel":"المغنيون"},{"$i":"albums-tab","ariaLabel":"الألبومات"},{"$i":"songs-tab","ariaLabel":"الأغاني"},{"$i":"check","$v":"تحديد"},{"$i":"remove-track","$v":"حذف مسار"},{"$i":"remove-tracks","$v":"حذف مسارات"},{"$i":"cancel","$v":"ألغِ"},{"$i":"delete","$v":"حذف"},{"$i":"song-num-checked","$v":{"few":"تحديد","many":"تحديد","one":"تحديد","other":"تحديد","two":"تحديد","zero":"تم تحديد 0"},"$x":[{"t":"idOrVar","v":"plural"},"n"]},{"$i":"delete-playlist-songs","$v":{"few":["حذف ",{"t":"idOrVar","v":"n"}," مسارات من قائمة التشغيل؟"],"many":["حذف ",{"t":"idOrVar","v":"n"}," مسارات من قائمة التشغيل؟"],"one":"حذف المسار المحدد من قائمة التشغيل؟","other":["حذف ",{"t":"idOrVar","v":"n"}," مسارات من قائمة التشغيل؟"],"two":["حذف ",{"t":"idOrVar","v":"n"}," مسارات من قائمة التشغيل؟"],"zero":"لم يتم تحديد أي شيء"},"$x":[{"t":"idOrVar","v":"plural"},"n"]},{"$i":"delete-playlist-hint","$v":{"few":["تم حذف ",{"t":"idOrVar","v":"n"}," مسار من قائمة التشغيل"],"many":["تم حذف ",{"t":"idOrVar","v":"n"}," مسار من قائمة التشغيل"],"one":"تم حذف المسار من قائمة التشغيل","other":["تم حذف ",{"t":"idOrVar","v":"n"}," مسار من قائمة التشغيل"],"two":["تم حذف ",{"t":"idOrVar","v":"n"}," مسار من قائمة التشغيل"],"zero":"لم يتم حذف أي شيء"},"$x":[{"t":"idOrVar","v":"plural"},"n"]},{"$i":"delete-playlist","$v":"حذف قائمة التشغيل؟"},{"$i":"delete-album-songs","$v":{"few":["حذف ",{"t":"idOrVar","v":"n"}," مسارات؟"],"many":["حذف ",{"t":"idOrVar","v":"n"}," مسارات؟"],"one":"هل تريد حذف المسار المحدد؟","other":["حذف ",{"t":"idOrVar","v":"n"}," مسارات؟"],"two":["حذف ",{"t":"idOrVar","v":"n"}," مسارات؟"],"zero":"لم يتم تحديد أي شيء"},"$x":[{"t":"idOrVar","v":"plural"},"n"]},{"$i":"delete-album-songs-hint","$v":{"few":["تم حذف ",{"t":"idOrVar","v":"n"}," مسار"],"many":["تم حذف ",{"t":"idOrVar","v":"n"}," مسار"],"one":"تم حذف المسار","other":["تم حذف ",{"t":"idOrVar","v":"n"}," مسار"],"two":["تم حذف ",{"t":"idOrVar","v":"n"}," مسار"],"zero":"لم يتم حذف أي شيء"},"$x":[{"t":"idOrVar","v":"plural"},"n"]},{"$i":"add-to-playlist-song-hint","$v":"تمت إضافة الأغنية إلى"},{"$i":"add-to-playlist-songs-hint","$v":"تمت إضافة الأغاني إلى"},{"$i":"library","$v":"المكتبة"},{"$i":"rate","$v":"المعدل"},{"$i":"gridview","$v":"عرض الشبكة"},{"$i":"confirmation-title","$v":"تأكيد"},{"$i":"options","$v":"الخيارات"},{"$i":"opt-player","$v":"مشغل"},{"$i":"opt-delete","$v":"حذف"},{"$i":"opt-mulselect","$v":"تحديد متعدد"},{"$i":"opt-selectall","$v":"الكل"},{"$i":"opt-deselectall","$v":"لا يوجد"},{"$i":"opt-cancel","$v":"ألغِ"},{"$i":"opt-library","$v":"المكتبة"},{"$i":"opt-shuffleall","$v":"إخلط الكل"},{"$i":"opt-repeatall","$v":"تكرار الكل"},{"$i":"opt-back","$v":"رجوع"},{"$i":"opt-done","$v":"تم"},{"$i":"opt-ok","$v":"موافق"},{"$i":"opt-play","$v":"تشغيل"},{"$i":"opt-pause","$v":"إيقاف مؤقت"},{"$i":"opt-setring","$v":"حفظ كنغمة رنين"},{"$i":"opt-shuffleoff","$v":"إيقاف التبديل"},{"$i":"opt-shuffleon","$v":"تشغيل التبديل"},{"$i":"opt-repeatoff","$v":"إيقاف التكرار"},{"$i":"opt-repeatone","$v":"تكرار مرة واحدة"},{"$i":"opt-share","$v":"مشاركة"},{"$i":"opt-volume","$v":"مستوى الصوت"},{"$i":"opt-createplaylist","$v":"إنشاء قائمة التشغيل"},{"$i":"opt-addsongs","$v":"إضافة أغاني"},{"$i":"opt-rename","$v":"إعادة تسمية"},{"$i":"opt-removesongs","$v":"إزالة الأغاني"},{"$i":"opt-addtoplaylist","$v":"إضافة إلى قائمة التشغيل"},{"$i":"opt-create","$v":"إنشاء"},{"$i":"opt-settings","$v":"الإعدادات"},{"$i":"byteUnit-B","$v":"بايت"},{"$i":"byteUnit-KB","$v":"كيلوبايت"},{"$i":"byteUnit-MB","$v":"ميجابايت"},{"$i":"byteUnit-GB","$v":"ج.ب"},{"$i":"byteUnit-TB","$v":"تيرابايت"},{"$i":"byteUnit-PB","$v":"PB"},{"$i":"byteUnit-EB","$v":"EB"},{"$i":"byteUnit-ZB","$v":"ZB"},{"$i":"byteUnit-YB","$v":"YB"},{"$i":"opt-fileinfo","$v":"معلومات الملف"},{"$i":"info-view","ariaLabel":"معلومات"},{"$i":"name-label","$v":"الاسم"},{"$i":"size-label","$v":"الحجم"},{"$i":"music-type-label","$v":"نوع الموسيقى"},{"$i":"playlists-least-played","$v":"العناصر الأقل تشغيلاً"},{"$i":"playlists-loading","$v":"جار التحميل..."},{"$i":"select","$v":"تحديد"},{"$i":"deselect","$v":"إلغاء تحديد"},{"$i":"ok","$v":"موافق"},{"$i":"new","$v":"جديد"},{"$i":"next","$v":"التالي"},{"$i":"rename","$v":"إعادة تسمية"},{"$i":"remove","$v":"إزالة"},{"$i":"add","$v":"إضافة"},{"$i":"all","$v":"الكل"},{"$i":"none","$v":"لا يوجد"}]