[{"$i":"music","$v":"Musiqi"},{"$i":"mix","$v":"Toplu"},{"$i":"playlists","$v":"İfa siyahısı"},{"$i":"artists","$v":"İfaçılar"},{"$i":"albums","$v":"Albomlar"},{"$i":"songs","$v":"Mahnılar"},{"$i":"more","$v":"Daha çox"},{"$i":"songName","$v":"Mahnı adı"},{"$i":"songArtist","$v":"Mahnı ifaçısı"},{"$i":"songAlbum","$v":"Mahnı albomu"},{"$i":"unknownArtist","$v":"Naməlum ifaçı"},{"$i":"unknownAlbum","$v":"Naməlum albom"},{"$i":"unknownTitle","$v":"Naməlum ad"},{"$i":"storageFullTitle","$v":"Telefon yaddaşı doludur."},{"$i":"sdcardFullTitle","$v":"SD kart doludur."},{"$i":"storage-not-ready","$v":"Musiqi axtarır."},{"$i":"empty-text","$v":"Musiqi kitabxanası boşdur. Başlamaq üçün mahnılar əlavə edin."},{"$i":"pick-empty-text","$v":"Musiqi yoxdur."},{"$i":"scanning-text","$v":"Axtarır"},{"$i":"nocard-text","$v":"Yaddaş kartı tapılmadı. Başlamaq üçün yaddaş kartını daxil edin."},{"$i":"pluggedin-text","$v":"Saxlama yeri haz ist olun. Bu proqramı ist etm üç telef çıxar."},{"$i":"upgrade-text","$v":"Musiqinin öz məl bazasını yenil müdd gözlə."},{"$i":"full-text","$v":"Yer boşaltmaq üçün media fayllarını və ya proqram məlumatlarını silin. Media yaddaşını artırmaq üçün SD kart da daxil edə bilərsiniz."},{"$i":"full-text-sdcard","$v":"Yer boşaltmaq üçün SD kartdakı faylları silin."},{"$i":"search-music","placeholder":"Axtar"},{"$i":"search-cancel","$v":"Ləğv et"},{"$i":"search-artists","$v":"İfaçılar"},{"$i":"search-albums","$v":"Albomlar"},{"$i":"search-titles","$v":"Mahnılar"},{"$i":"search-close","$v":"bağla"},{"$i":"search-no-result","$v":"Heç bir iz tapılmadı, başqa bir sözlə axtarmağa çalışın."},{"$i":"artists-search-no-result","$v":"Sənətçilər tapılmadı, başqa bir sözlə axtarmağa çalışın."},{"$i":"albums-search-no-result","$v":"Albom tapılmadı, başqa bir sözlə axtarmağa çalışın."},{"$i":"playlists-shuffle-all","$v":"Hams qarışdır"},{"$i":"playlists-recently-added","$v":"Son əlavə olunan"},{"$i":"playlists-most-played","$v":"Ən çox Səslənən"},{"$i":"playlists-discover","$v":"Kəşf et"},{"$i":"playlists-my-playlists","$v":"Mənim pleylistlərim"},{"$i":"playlists-create-playlists","$v":"Yeni playlist"},{"$i":"playlists-choose-playlists","$v":"İfa siyahısı"},{"$i":"no-my-playlists","$v":"Hələ heç bir musiqi siyahısı yaratmamısınız."},{"$i":"no-songs-added","$v":"Hələ bu ifa siyahısına heç bir mahnı əlavə etməmisiniz."},{"$i":"no-played-songs","$v":"Hələ heç bir mahnı səsləndirməmisiniz."},{"$i":"no-recently-added","$v":"Son vaxtlar yeni mahnı əlavə edilməyib."},{"$i":"playlists-highest-rated","$v":"Ən yüksək qiymətləndirilmiş"},{"$i":"picker-title","$v":"Mahnını seç"},{"$i":"save","$v":"Saxla"},{"$i":"saved","$v":"Musiqi kitabxanasında saxlandı."},{"$i":"audioinvalid","$v":"Bu fayl formatı etibarsızdır və ya dəstəklənmir."},{"$i":"overlay-cancel-button","$v":"Ləğv et"},{"$i":"music-paused-notification","$v":"Musiqi zəng zamanı dayandırıldı"},{"$i":"done","$v":"Hazırdır"},{"$i":"share-song","ariaLabel":"Paylaş"},{"$i":"player-album-rating","ariaLabel":"Qiymətləndirmək"},{"$i":"rating-star","ariaLabel":{"$x":[{"t":"idOrVar","v":"plural"},"n"],"$v":{"few":[{"t":"idOrVar","v":"n"}," ulduz"],"many":[{"t":"idOrVar","v":"n"}," ulduz"],"one":[{"t":"idOrVar","v":"n"}," ulduz"],"other":[{"t":"idOrVar","v":"n"}," ulduz"],"two":[{"t":"idOrVar","v":"n"}," ulduz"],"zero":[{"t":"idOrVar","v":"n"}," ulduz"]}}},{"$i":"go-to-player-view","ariaLabel":"Pleyer görünüşünə get"},{"$i":"repeat-off","ariaLabel":"Təkrar et bağlıdır"},{"$i":"repeat-list","ariaLabel":"Hamısını təkrar et"},{"$i":"repeat-song","ariaLabel":"Mahnını təkrar et"},{"$i":"shuffle-toggle","ariaLabel":"Qarışdırma"},{"$i":"mix-tab","ariaLabel":"Toplu"},{"$i":"playlists-tab","ariaLabel":"İfa siyahıları"},{"$i":"artists-tab","ariaLabel":"İfaçılar"},{"$i":"albums-tab","ariaLabel":"Albomlar"},{"$i":"songs-tab","ariaLabel":"Mahnılar"},{"$i":"check","$v":"Seç"},{"$i":"remove-track","$v":"Mahnını sil"},{"$i":"remove-tracks","$v":"Mahnıları sil"},{"$i":"cancel","$v":"Ləğv et"},{"$i":"delete","$v":"Sil"},{"$i":"song-num-checked","$v":{"few":[{"t":"idOrVar","v":"n"}," seçildi"],"many":[{"t":"idOrVar","v":"n"}," seçildi"],"one":[{"t":"idOrVar","v":"n"}," seçildi"],"other":[{"t":"idOrVar","v":"n"}," seçildi"],"two":[{"t":"idOrVar","v":"n"}," seçildi"],"zero":"0 seçildi"},"$x":[{"t":"idOrVar","v":"plural"},"n"]},{"$i":"delete-playlist-songs","$v":{"few":[{"t":"idOrVar","v":"n"}," mahnı ifa siyahısından silinsin?"],"many":[{"t":"idOrVar","v":"n"}," mahnı ifa siyahısından silinsin?"],"one":"Seçilmiş mahnı ifa siyahısından silinsin?","other":[{"t":"idOrVar","v":"n"}," mahnı ifa siyahısından silinsin?"],"two":[{"t":"idOrVar","v":"n"}," mahnı ifa siyahısından silinsin?"],"zero":"Heç nə seçilmədi"},"$x":[{"t":"idOrVar","v":"plural"},"n"]},{"$i":"delete-playlist-hint","$v":{"few":[{"t":"idOrVar","v":"n"}," mahnı ifa siyahısından silindi"],"many":[{"t":"idOrVar","v":"n"}," mahnı ifa siyahısından silindi"],"one":"Mahnı ifa siyah silindi","other":[{"t":"idOrVar","v":"n"}," mahnı ifa siyahısından silindi"],"two":[{"t":"idOrVar","v":"n"}," mahnı ifa siyahısından silindi"],"zero":"Heç nə silinmədi"},"$x":[{"t":"idOrVar","v":"plural"},"n"]},{"$i":"delete-playlist","$v":"İfa siyahısı silinsin?"},{"$i":"delete-album-songs","$v":{"few":[{"t":"idOrVar","v":"n"}," mahnı silinsin?"],"many":[{"t":"idOrVar","v":"n"}," mahnı silinsin?"],"one":"Seçilmiş mahnı silinsin?","other":[{"t":"idOrVar","v":"n"}," mahnı silinsin?"],"two":[{"t":"idOrVar","v":"n"}," mahnı silinsin?"],"zero":"Heç nə seçilmədi"},"$x":[{"t":"idOrVar","v":"plural"},"n"]},{"$i":"delete-album-songs-hint","$v":{"few":[{"t":"idOrVar","v":"n"}," mahnı silindi"],"many":[{"t":"idOrVar","v":"n"}," mahnı silindi"],"one":"Mahnı silindi","other":[{"t":"idOrVar","v":"n"}," mahnı silindi"],"two":[{"t":"idOrVar","v":"n"}," mahnı silindi"],"zero":"Heç nə silinmədi"},"$x":[{"t":"idOrVar","v":"plural"},"n"]},{"$i":"add-to-playlist-song-hint","$v":"Mahnı bura əlavə edilib"},{"$i":"add-to-playlist-songs-hint","$v":"mahnılar bura əlavə edilib"},{"$i":"library","$v":"Kitabxana"},{"$i":"rate","$v":"Qiymət"},{"$i":"gridview","$v":"Tor Xətləri Görünüşü"},{"$i":"confirmation-title","$v":"Təsdiq"},{"$i":"options","$v":"Seçimlər"},{"$i":"opt-player","$v":"Pleyer"},{"$i":"opt-delete","$v":"Sil"},{"$i":"opt-mulselect","$v":"Bir neçəsini seç"},{"$i":"opt-selectall","$v":"Hamısını seç"},{"$i":"opt-deselectall","$v":"Hamısını ləğv et"},{"$i":"opt-cancel","$v":"Ləğv et"},{"$i":"opt-library","$v":"Kitabxana"},{"$i":"opt-shuffleall","$v":"Hamısını qarışdır"},{"$i":"opt-repeatall","$v":"Hamısını Təkrar et"},{"$i":"opt-back","$v":"Geriyə"},{"$i":"opt-done","$v":"Hazırdır"},{"$i":"opt-ok","$v":"OK"},{"$i":"opt-play","$v":"Səsləndir"},{"$i":"opt-pause","$v":"Pauza"},{"$i":"opt-setring","$v":"Zəng tonu kimi saxla"},{"$i":"opt-shuffleoff","$v":"Qarışdırma Bağlıdır"},{"$i":"opt-shuffleon","$v":"Qarışdırma Açıqdır"},{"$i":"opt-repeatoff","$v":"Təkrar et Bağlıdır"},{"$i":"opt-repeatone","$v":"Birini Təkrar et"},{"$i":"opt-share","$v":"Paylaş"},{"$i":"opt-volume","$v":"Səs səviyyəsi"},{"$i":"opt-createplaylist","$v":"Pleylist yaradın"},{"$i":"opt-addsongs","$v":"Şarkı əlavə edin"},{"$i":"opt-rename","$v":"Adını dəyişdir"},{"$i":"opt-removesongs","$v":"Şarkıları sil"},{"$i":"opt-addtoplaylist","$v":"Pleylistə əlavə edin"},{"$i":"opt-create","$v":"Yarat"},{"$i":"opt-settings","$v":"Parametrlər"},{"$i":"byteUnit-B","$v":"Baytlar"},{"$i":"byteUnit-KB","$v":"KB"},{"$i":"byteUnit-MB","$v":"MB"},{"$i":"byteUnit-GB","$v":"GB"},{"$i":"byteUnit-TB","$v":"TB"},{"$i":"byteUnit-PB","$v":"PB"},{"$i":"byteUnit-EB","$v":"EB"},{"$i":"byteUnit-ZB","$v":"ZB"},{"$i":"byteUnit-YB","$v":"YB"},{"$i":"opt-fileinfo","$v":"Fayl məlumatı"},{"$i":"info-view","ariaLabel":"Məlumat"},{"$i":"name-label","$v":"Ad"},{"$i":"size-label","$v":"Ölçü"},{"$i":"music-type-label","$v":"Musiqi Növü"},{"$i":"playlists-least-played","$v":"Ən az səslənən"},{"$i":"playlists-loading","$v":"Yüklənir..."},{"$i":"select","$v":"Seç"},{"$i":"deselect","$v":"Ləğv et"},{"$i":"ok","$v":"OK"},{"$i":"new","$v":"Yeni"},{"$i":"next","$v":"Növbəti"},{"$i":"rename","$v":"Adını dəyişdir"},{"$i":"remove","$v":"Sil"},{"$i":"add","$v":"Əlavə et"},{"$i":"all","$v":"Hamısı"},{"$i":"none","$v":"Heç biri"}]