[{"$i":"music","$v":"সঙ্গীত"},{"$i":"mix","$v":"মিক্স"},{"$i":"playlists","$v":"প্লেলিস্ট"},{"$i":"artists","$v":"শিল্পী"},{"$i":"albums","$v":"অ্যালবাম"},{"$i":"songs","$v":"গান"},{"$i":"more","$v":"অধিক"},{"$i":"songName","$v":"গানের নাম"},{"$i":"songArtist","$v":"গানের শিল্পী"},{"$i":"songAlbum","$v":"গানের অ্যালবাম"},{"$i":"unknownArtist","$v":"অজানা আর্টিস্ট"},{"$i":"unknownAlbum","$v":"অজানা অ্যালবাম"},{"$i":"unknownTitle","$v":"অজানা শিরোনাম"},{"$i":"storageFullTitle","$v":"ফোন স্টোরেজ ভর্তি"},{"$i":"sdcardFullTitle","$v":"এস.ডি কার্ড ভর্তি"},{"$i":"storage-not-ready","$v":"সঙ্গীতের জন্য স্ক্যান করা হচ্ছে।"},{"$i":"empty-text","$v":"মিউজিক লাইব্রেরি খালি রয়েছে। শুরু করার জন্য গান যোগ করুন।"},{"$i":"pick-empty-text","$v":"কোনো সঙ্গীত উপলব্ধ নেই।"},{"$i":"scanning-text","$v":"সঙ্গীতের জন্য স্ক্যান করা হচ্ছে ..."},{"$i":"nocard-text","$v":"মেমোরি কার্ড খুজে পাওয়া যায় নি। শুরু করতে একটি মেমোরি কার্ড ঢোকান ।"},{"$i":"pluggedin-text","$v":"স্টোরেজ বর্তমানে ব্যবহারে আছে। অ্যাপটি ব্যবহার করতে অনুগ্রহ করে ফোনটি প্লাগ থেকে খুলুন।"},{"$i":"upgrade-text","$v":"সঙ্গীত যখন তার ডেটাবেস আপডেট করে তখন অনুগ্রহ করে অপেক্ষা করুন ।"},{"$i":"full-text","$v":"স্থান খালি করতে মিডিয়া ফাইল বা অ্যাপ্লিকেশন তথ্য মুছুন। আপনি মিডিয়া স্টোরেজ বাড়ানোর  জন্য একটি এস.ডি কার্ড ঢোকাতে পারেন।"},{"$i":"full-text-sdcard","$v":"স্থান খালি করতে এস.ডি কার্ডের ফাইল মুছুন।"},{"$i":"search-music","placeholder":"অনুসন্ধান করুন"},{"$i":"search-cancel","$v":"বাতিল করুন"},{"$i":"search-artists","$v":"শিল্পী"},{"$i":"search-albums","$v":"অ্যালবাম"},{"$i":"search-titles","$v":"ট্র্যাক"},{"$i":"search-close","$v":"বন্ধ করুন"},{"$i":"search-no-result","$v":"কোনো ট্র্যাক উপলব্ধ নেই, একটি ভিন্ন কীওয়ার্ড দিয়ে অনুসন্ধান করার চেষ্টা করুন।"},{"$i":"artists-search-no-result","$v":"কোন শিল্পী উপলব্ধ নেই, একটি ভিন্ন কীওয়ার্ড  দিয়ে অনুসন্ধান করার চেষ্টা করুন।"},{"$i":"albums-search-no-result","$v":"কোনো অ্যালবাম উপলব্ধ নেই, একটি ভিন্ন কীওয়ার্ড দিয়ে অনুসন্ধান করার চেষ্টা করুন।"},{"$i":"playlists-shuffle-all","$v":"সব শাফল করুন"},{"$i":"playlists-recently-added","$v":"সম্প্রতি যোগ করা হয়েছে"},{"$i":"playlists-most-played","$v":"সবথেকে বেশি বাজানো"},{"$i":"playlists-discover","$v":"আবিষ্কার করুন"},{"$i":"playlists-my-playlists","$v":"আমার প্লেলিস্ট"},{"$i":"playlists-create-playlists","$v":"নতুন প্লেলিস্ট"},{"$i":"playlists-choose-playlists","$v":"প্লেলিস্ট"},{"$i":"no-my-playlists","$v":"আপনি এখনও কোনো প্লেলিস্ট তৈরি করেন নি।"},{"$i":"no-songs-added","$v":"আপনি এখনো এই প্লেলিস্টে কোন গান যুক্ত করেন নি।"},{"$i":"no-played-songs","$v":"আপনি এখনো পর্যন্ত কোনো গান প্লে করেন নি I"},{"$i":"no-recently-added","$v":"সাম্প্রতিক কালে কোনো গান যোগ করা হয়নি I"},{"$i":"playlists-highest-rated","$v":"সর্বোচ্চ রেটযুক্ত"},{"$i":"picker-title","$v":"একটি ট্র্যাক নির্বাচন করুন"},{"$i":"save","$v":"সেভ করুন"},{"$i":"saved","$v":"সঙ্গীত লাইব্রেরিতে সেভ করা হয়েছে ।"},{"$i":"audioinvalid","$v":"এই ফাইল ফরম্যাটটি অবৈধ বা সমর্থন করছে না।"},{"$i":"overlay-cancel-button","$v":"বাতিল করুন"},{"$i":"music-paused-notification","$v":"কলের সময় সঙ্গীত সাময়িকভাবে থামানো হয়েছে"},{"$i":"done","$v":"সম্পন্ন"},{"$i":"share-song","ariaLabel":"শেয়ার করুন"},{"$i":"player-album-rating","ariaLabel":"রেটিং"},{"$i":"rating-star","ariaLabel":{"$x":[{"t":"idOrVar","v":"plural"},"n"],"$v":{"few":[{"t":"idOrVar","v":"n"},"টি স্টার"],"many":[{"t":"idOrVar","v":"n"},"টি স্টার"],"one":[{"t":"idOrVar","v":"n"},"টি স্টার"],"other":[{"t":"idOrVar","v":"n"},"টি স্টার"],"two":[{"t":"idOrVar","v":"n"},"টি স্টার"],"zero":[{"t":"idOrVar","v":"n"},"টি স্টার"]}}},{"$i":"go-to-player-view","ariaLabel":"প্লেয়ার ভিউতে যান"},{"$i":"repeat-off","ariaLabel":"পুনরাবৃত্তি অফ"},{"$i":"repeat-list","ariaLabel":"সব পুনরাবৃত্তি করুন"},{"$i":"repeat-song","ariaLabel":"ট্র্যাক পুনরাবৃত্তি করুন"},{"$i":"shuffle-toggle","ariaLabel":"শাফল করুন"},{"$i":"mix-tab","ariaLabel":"মিক্স"},{"$i":"playlists-tab","ariaLabel":"প্লেলিস্ট"},{"$i":"artists-tab","ariaLabel":"শিল্পী"},{"$i":"albums-tab","ariaLabel":"অ্যালবাম"},{"$i":"songs-tab","ariaLabel":"গান"},{"$i":"check","$v":"নির্বাচন করুন"},{"$i":"remove-track","$v":"ট্র্যাক মুছুন"},{"$i":"remove-tracks","$v":"ট্র্যাকগুলি মুছুন"},{"$i":"cancel","$v":"বাতিল করুন"},{"$i":"delete","$v":"মুছুন"},{"$i":"song-num-checked","$v":{"few":[{"t":"idOrVar","v":"n"},"টি নির্বাচিত"],"many":[{"t":"idOrVar","v":"n"},"টি নির্বাচিত"],"one":[{"t":"idOrVar","v":"n"},"টি নির্বাচিত"],"other":[{"t":"idOrVar","v":"n"},"টি নির্বাচিত"],"two":[{"t":"idOrVar","v":"n"},"টি নির্বাচিত"],"zero":"0 নির্বাচিত"},"$x":[{"t":"idOrVar","v":"plural"},"n"]},{"$i":"delete-playlist-songs","$v":{"few":["প্লেলিস্ট থেকে ",{"t":"idOrVar","v":"n"},"টি ট্র্যাক মুছুন ?"],"many":["প্লেলিস্ট থেকে ",{"t":"idOrVar","v":"n"},"টি ট্র্যাক মুছুন ?"],"one":"প্লেলিস্ট থেকে নির্বাচিত ট্র্যাক মুছুন ?","other":["প্লেলিস্ট থেকে ",{"t":"idOrVar","v":"n"},"টি ট্র্যাক মুছুন ?"],"two":["প্লেলিস্ট থেকে ",{"t":"idOrVar","v":"n"},"টি ট্র্যাক মুছুন ?"],"zero":"কিছু নির্বাচন করা হয় নি"},"$x":[{"t":"idOrVar","v":"plural"},"n"]},{"$i":"delete-playlist-hint","$v":{"few":["প্লেলিস্ট থেকে ",{"t":"idOrVar","v":"n"},"টি ট্র্যাক মোছা হয়েছে"],"many":["প্লেলিস্ট থেকে ",{"t":"idOrVar","v":"n"},"টি ট্র্যাক মোছা হয়েছে"],"one":"প্লেলিস্ট থেকে ট্র্যাক মোছা হয়েছে","other":["প্লেলিস্ট থেকে ",{"t":"idOrVar","v":"n"},"টি ট্র্যাক মোছা হয়েছে"],"two":["প্লেলিস্ট থেকে ",{"t":"idOrVar","v":"n"},"টি ট্র্যাক মোছা হয়েছে"],"zero":"কিছু মোছা হয় নি"},"$x":[{"t":"idOrVar","v":"plural"},"n"]},{"$i":"delete-playlist","$v":"প্লেলিস্ট মুছে ফেলবেন ?"},{"$i":"delete-album-songs","$v":{"few":[{"t":"idOrVar","v":"n"},"টি ট্র্যাক মুছুন ?"],"many":[{"t":"idOrVar","v":"n"},"টি ট্র্যাক মুছুন ?"],"one":"নির্বাচিত ট্র্যাক মুছুন ?","other":[{"t":"idOrVar","v":"n"},"টি ট্র্যাক মুছুন ?"],"two":[{"t":"idOrVar","v":"n"},"টি ট্র্যাক মুছুন ?"],"zero":"কিছু নির্বাচন করা হয় নি"},"$x":[{"t":"idOrVar","v":"plural"},"n"]},{"$i":"delete-album-songs-hint","$v":{"few":[{"t":"idOrVar","v":"n"},"টি ট্র্যাক মোছা হয়েছে"],"many":[{"t":"idOrVar","v":"n"},"টি ট্র্যাক মোছা হয়েছে"],"one":"ট্র্যাক মোছা হয়েছে","other":[{"t":"idOrVar","v":"n"},"টি ট্র্যাক মোছা হয়েছে"],"two":[{"t":"idOrVar","v":"n"},"টি ট্র্যাক মোছা হয়েছে"],"zero":"কিছু মোছা হয় নি"},"$x":[{"t":"idOrVar","v":"plural"},"n"]},{"$i":"add-to-playlist-song-hint","$v":"তে ট্র্যাক যোগ করা হয়েছে"},{"$i":"add-to-playlist-songs-hint","$v":"তে ট্র্যাকগুলি যোগ করা হয়েছে"},{"$i":"library","$v":"লাইব্রেরি"},{"$i":"rate","$v":"রেট করুন"},{"$i":"gridview","$v":"গ্রিড ভিউ"},{"$i":"confirmation-title","$v":"নিশ্চিতকরণ"},{"$i":"options","$v":"বিকল্পগুলি"},{"$i":"opt-player","$v":"প্লেয়ার"},{"$i":"opt-delete","$v":"মুছুন"},{"$i":"opt-mulselect","$v":"একাধিক নির্বাচন করুন"},{"$i":"opt-selectall","$v":"সমস্ত"},{"$i":"opt-deselectall","$v":"কোনো কিছুই নয়"},{"$i":"opt-cancel","$v":"বাতিল করুন"},{"$i":"opt-library","$v":"লাইব্রেরি"},{"$i":"opt-shuffleall","$v":"সব শাফল করুন"},{"$i":"opt-repeatall","$v":"সব পুনরাবৃত্তি করুন"},{"$i":"opt-back","$v":"ফিরে যান"},{"$i":"opt-done","$v":"সম্পন্ন"},{"$i":"opt-ok","$v":"ঠিক আছে"},{"$i":"opt-play","$v":"বাজান"},{"$i":"opt-pause","$v":"বিরাম দিন"},{"$i":"opt-setring","$v":"রিংটোন হিসেবে সেভ করুন"},{"$i":"opt-shuffleoff","$v":"শাফল অফ"},{"$i":"opt-shuffleon","$v":"শাফল অন"},{"$i":"opt-repeatoff","$v":"পুনরাবৃত্তি অফ"},{"$i":"opt-repeatone","$v":"এক পুনরাবৃত্তি করুন"},{"$i":"opt-share","$v":"শেয়ার করুন"},{"$i":"opt-volume","$v":"ভলিউম"},{"$i":"opt-createplaylist","$v":"প্লেলিস্ট তৈরী করুন"},{"$i":"opt-addsongs","$v":"গান যোগ করুন"},{"$i":"opt-rename","$v":"পুনঃনামকরণ"},{"$i":"opt-removesongs","$v":"গান অপসারণ করুন"},{"$i":"opt-addtoplaylist","$v":"প্লেলিস্টে যোগ করুন"},{"$i":"opt-create","$v":"তৈরি করুন"},{"$i":"opt-settings","$v":"সেটিংস"},{"$i":"byteUnit-B","$v":"বাইট"},{"$i":"byteUnit-KB","$v":"KB"},{"$i":"byteUnit-MB","$v":"MB"},{"$i":"byteUnit-GB","$v":"GB"},{"$i":"byteUnit-TB","$v":"TB"},{"$i":"byteUnit-PB","$v":"PB"},{"$i":"byteUnit-EB","$v":"EB"},{"$i":"byteUnit-ZB","$v":"ZB"},{"$i":"byteUnit-YB","$v":"YB"},{"$i":"opt-fileinfo","$v":"ফাইলের তথ্য"},{"$i":"info-view","ariaLabel":"তথ্য"},{"$i":"name-label","$v":"নাম"},{"$i":"size-label","$v":"আকার"},{"$i":"music-type-label","$v":"সঙ্গীত প্রকার"},{"$i":"playlists-least-played","$v":"সবচেয়ে কম বাজানো"},{"$i":"playlists-loading","$v":"লোড হচ্ছে..."},{"$i":"select","$v":"নির্বাচন করুন"},{"$i":"deselect","$v":"অনির্বাচন করুন"},{"$i":"ok","$v":"ঠিক আছে"},{"$i":"new","$v":"নতুন"},{"$i":"next","$v":"পরবর্তী"},{"$i":"rename","$v":"পুনঃনামকরণ"},{"$i":"remove","$v":"সরান"},{"$i":"add","$v":"যোগ করুন"},{"$i":"all","$v":"সমস্ত"},{"$i":"none","$v":"কোনো কিছুই নয়"}]