[{"$i":"music","$v":"Musik"},{"$i":"mix","$v":"Mix"},{"$i":"playlists","$v":"Afspilningsliste"},{"$i":"artists","$v":"Kunstnere"},{"$i":"albums","$v":"Album"},{"$i":"songs","$v":"Sange"},{"$i":"more","$v":"Mere"},{"$i":"songName","$v":"Sang, navn"},{"$i":"songArtist","$v":"Sang, kunstner"},{"$i":"songAlbum","$v":"Sang, album"},{"$i":"unknownArtist","$v":"Ukendt kunstner"},{"$i":"unknownAlbum","$v":"Ukendt album"},{"$i":"unknownTitle","$v":"Ukendt titel"},{"$i":"storageFullTitle","$v":"Telefonens lager er fuldt."},{"$i":"sdcardFullTitle","$v":"SD-kort er fuldt."},{"$i":"storage-not-ready","$v":"Scanning efter musik."},{"$i":"empty-text","$v":"Musikbiblioteket er tomt. Tilføj sange for at komme i gang."},{"$i":"pick-empty-text","$v":"Ingen musik til rådighed."},{"$i":"scanning-text","$v":"Søger"},{"$i":"nocard-text","$v":"Hukommelseskort blev ikke fundet. Indsæt et hukommelseskort for at komme i gang."},{"$i":"pluggedin-text","$v":"Lageret er aktuelt i brug. Fjern tilslutningen til telefonen for at bruge denne app."},{"$i":"upgrade-text","$v":"Vent, mens Musik opdaterer sin database."},{"$i":"full-text","$v":"Slet mediefiler eller programdata for at frigøre plads. Du kan også indsætte et SD-kort for at udvide medielageret."},{"$i":"full-text-sdcard","$v":"Slet filer på SD-kortet for at frigøre plads."},{"$i":"search-music","placeholder":"Søg"},{"$i":"search-cancel","$v":"Annuller"},{"$i":"search-artists","$v":"Kunstnere"},{"$i":"search-albums","$v":"Album"},{"$i":"search-titles","$v":"Musiknumre"},{"$i":"search-close","$v":"luk"},{"$i":"search-no-result","$v":"Ingen spor fundet, prøv at søge med et andet søgeord."},{"$i":"artists-search-no-result","$v":"Ingen kunstnere fundet, prøv at søge med et andet søgeord."},{"$i":"albums-search-no-result","$v":"Ingen albums fundet, prøv at søge med et andet søgeord."},{"$i":"playlists-shuffle-all","$v":"Bland alle"},{"$i":"playlists-recently-added","$v":"Senest tilføjet"},{"$i":"playlists-most-played","$v":"Mest afspillet"},{"$i":"playlists-discover","$v":"Opdag"},{"$i":"playlists-my-playlists","$v":"Mine afspilningslister"},{"$i":"playlists-create-playlists","$v":"Ny afspilningsliste"},{"$i":"playlists-choose-playlists","$v":"Afspilningsliste"},{"$i":"no-my-playlists","$v":"Du har ikke oprettet nogen afspilningslister endnu."},{"$i":"no-songs-added","$v":"Du har ikke føjet nogle sange til denne afspilningsliste endnu."},{"$i":"no-played-songs","$v":"Du har ikke afspillet nogen sange endnu."},{"$i":"no-recently-added","$v":"Der er ikke tilføjet nogen nye sange for nylig."},{"$i":"playlists-highest-rated","$v":"Højest vurderet"},{"$i":"picker-title","$v":"Vælg et nummer"},{"$i":"save","$v":"Gem"},{"$i":"saved","$v":"gemt i musikbibliotek."},{"$i":"audioinvalid","$v":"Dette filformat er ugyldigt eller understøttes ikke."},{"$i":"overlay-cancel-button","$v":"Annuller"},{"$i":"music-paused-notification","$v":"Musik sat på pause under opkaldet"},{"$i":"done","$v":"Udført"},{"$i":"share-song","ariaLabel":"Del"},{"$i":"player-album-rating","ariaLabel":"Vurdering"},{"$i":"rating-star","ariaLabel":{"$x":[{"t":"idOrVar","v":"plural"},"n"],"$v":{"few":[{"t":"idOrVar","v":"n"}," stjerner"],"many":[{"t":"idOrVar","v":"n"}," stjerner"],"one":[{"t":"idOrVar","v":"n"}," stjerne"],"other":[{"t":"idOrVar","v":"n"}," stjerner"],"two":[{"t":"idOrVar","v":"n"}," stjerner"],"zero":[{"t":"idOrVar","v":"n"}," stjerner"]}}},{"$i":"go-to-player-view","ariaLabel":"Gå til afspillervisning"},{"$i":"repeat-off","ariaLabel":"Gentag er slået fra"},{"$i":"repeat-list","ariaLabel":"Gentag alle"},{"$i":"repeat-song","ariaLabel":"Gentag nummer"},{"$i":"shuffle-toggle","ariaLabel":"Tilfældig afspilning"},{"$i":"mix-tab","ariaLabel":"Mix"},{"$i":"playlists-tab","ariaLabel":"Afspilningslister"},{"$i":"artists-tab","ariaLabel":"Kunstnere"},{"$i":"albums-tab","ariaLabel":"Album"},{"$i":"songs-tab","ariaLabel":"Sange"},{"$i":"check","$v":"Vælg"},{"$i":"remove-track","$v":"Slet nummer"},{"$i":"remove-tracks","$v":"Slet numre"},{"$i":"cancel","$v":"Annuller"},{"$i":"delete","$v":"Slet"},{"$i":"song-num-checked","$v":{"few":[{"t":"idOrVar","v":"n"}," valgt"],"many":[{"t":"idOrVar","v":"n"}," valgt"],"one":[{"t":"idOrVar","v":"n"}," valgt"],"other":[{"t":"idOrVar","v":"n"}," valgt"],"two":[{"t":"idOrVar","v":"n"}," valgt"],"zero":"0 valgt"},"$x":[{"t":"idOrVar","v":"plural"},"n"]},{"$i":"delete-playlist-songs","$v":{"few":["Slet ",{"t":"idOrVar","v":"n"}," numre fra afspilningsliste?"],"many":["Slet ",{"t":"idOrVar","v":"n"}," numre fra afspilningsliste?"],"one":"Slet valgte nummer fra afspilningsliste?","other":["Slet ",{"t":"idOrVar","v":"n"}," numre fra afspilningsliste?"],"two":["Slet ",{"t":"idOrVar","v":"n"}," numre fra afspilningsliste?"],"zero":"Intet er valgt"},"$x":[{"t":"idOrVar","v":"plural"},"n"]},{"$i":"delete-playlist-hint","$v":{"few":[{"t":"idOrVar","v":"n"}," musiknumre slettet fra afspilningsliste"],"many":[{"t":"idOrVar","v":"n"}," musiknumre slettet fra afspilningsliste"],"one":"Musiknummer slettet fra afspilningsliste","other":[{"t":"idOrVar","v":"n"}," musiknumre slettet fra afspilningsliste"],"two":[{"t":"idOrVar","v":"n"}," musiknumre slettet fra afspilningsliste"],"zero":"Intet er slettet"},"$x":[{"t":"idOrVar","v":"plural"},"n"]},{"$i":"delete-playlist","$v":"Slet afspilningsliste?"},{"$i":"delete-album-songs","$v":{"few":["Slet ",{"t":"idOrVar","v":"n"}," numre?"],"many":["Slet ",{"t":"idOrVar","v":"n"}," numre?"],"one":"Slet valgte nummer?","other":["Slet ",{"t":"idOrVar","v":"n"}," numre?"],"two":["Slet ",{"t":"idOrVar","v":"n"}," numre?"],"zero":"Intet er valgt"},"$x":[{"t":"idOrVar","v":"plural"},"n"]},{"$i":"delete-album-songs-hint","$v":{"few":[{"t":"idOrVar","v":"n"}," musiknumre slettet"],"many":[{"t":"idOrVar","v":"n"}," musiknumre slettet"],"one":"Musiknummer slettet","other":[{"t":"idOrVar","v":"n"}," musiknumre slettet"],"two":[{"t":"idOrVar","v":"n"}," musiknumre slettet"],"zero":"Intet er slettet"},"$x":[{"t":"idOrVar","v":"plural"},"n"]},{"$i":"add-to-playlist-song-hint","$v":"Nummer føjet til"},{"$i":"add-to-playlist-songs-hint","$v":"numre føjet til"},{"$i":"library","$v":"Bibliotek"},{"$i":"rate","$v":"Takst"},{"$i":"gridview","$v":"Gittervisning"},{"$i":"confirmation-title","$v":"Bekræftelse"},{"$i":"options","$v":"Valg"},{"$i":"opt-player","$v":"Afspiller"},{"$i":"opt-delete","$v":"Slet"},{"$i":"opt-mulselect","$v":"Vælg flere"},{"$i":"opt-selectall","$v":"Vælg alle"},{"$i":"opt-deselectall","$v":"Fravælg alle"},{"$i":"opt-cancel","$v":"Annuller"},{"$i":"opt-library","$v":"Bibliotek"},{"$i":"opt-shuffleall","$v":"Bland alle"},{"$i":"opt-repeatall","$v":"Gentag alle"},{"$i":"opt-back","$v":"Tilbage"},{"$i":"opt-done","$v":"Udført"},{"$i":"opt-ok","$v":"OK"},{"$i":"opt-play","$v":"Afspil"},{"$i":"opt-pause","$v":"Pause"},{"$i":"opt-setring","$v":"Gem som ringetone"},{"$i":"opt-shuffleoff","$v":"Tilfældig afspilning er slået fra"},{"$i":"opt-shuffleon","$v":"Tilfældig afspilning er slået til"},{"$i":"opt-repeatoff","$v":"Gentag er slået fra"},{"$i":"opt-repeatone","$v":"Gentag én gang"},{"$i":"opt-share","$v":"Del"},{"$i":"opt-volume","$v":"Lydstyrke"},{"$i":"opt-createplaylist","$v":"Opret afspilningsliste"},{"$i":"opt-addsongs","$v":"Tilføj sange"},{"$i":"opt-rename","$v":"Omdøb"},{"$i":"opt-removesongs","$v":"Fjern sange"},{"$i":"opt-addtoplaylist","$v":"Tilføj til Playlist"},{"$i":"opt-create","$v":"Opret"},{"$i":"opt-settings","$v":"Indstillinger"},{"$i":"byteUnit-B","$v":"Byte"},{"$i":"byteUnit-KB","$v":"KB"},{"$i":"byteUnit-MB","$v":"MB"},{"$i":"byteUnit-GB","$v":"GB"},{"$i":"byteUnit-TB","$v":"TB"},{"$i":"byteUnit-PB","$v":"PB"},{"$i":"byteUnit-EB","$v":"EB"},{"$i":"byteUnit-ZB","$v":"ZB"},{"$i":"byteUnit-YB","$v":"FÅ"},{"$i":"opt-fileinfo","$v":"Filinfo"},{"$i":"info-view","ariaLabel":"Info"},{"$i":"name-label","$v":"Navn"},{"$i":"size-label","$v":"Størrelse"},{"$i":"music-type-label","$v":"Musiktype"},{"$i":"playlists-least-played","$v":"Mindst afspillede"},{"$i":"playlists-loading","$v":"Indlæser..."},{"$i":"select","$v":"Vælg"},{"$i":"deselect","$v":"Fravælg"},{"$i":"ok","$v":"OK"},{"$i":"new","$v":"Ny"},{"$i":"next","$v":"Næste"},{"$i":"rename","$v":"Omdøb"},{"$i":"remove","$v":"Fjern"},{"$i":"add","$v":"Tilføj"},{"$i":"all","$v":"Alle"},{"$i":"none","$v":"Ingen"}]