[{"$i":"music","$v":"Musik"},{"$i":"mix","$v":"Mix"},{"$i":"playlists","$v":"Abspielliste"},{"$i":"artists","$v":"Interpreten"},{"$i":"albums","$v":"Alben"},{"$i":"songs","$v":"Songs"},{"$i":"more","$v":"Mehr"},{"$i":"songName","$v":"Songtitel"},{"$i":"songArtist","$v":"Song – Interpret"},{"$i":"songAlbum","$v":"Song – Album"},{"$i":"unknownArtist","$v":"Unbekannter Interpret"},{"$i":"unknownAlbum","$v":"Unbekanntes Album"},{"$i":"unknownTitle","$v":"Unbekannter Titel"},{"$i":"storageFullTitle","$v":"Telefonspeicher voll"},{"$i":"sdcardFullTitle","$v":"SD-Karte voll"},{"$i":"storage-not-ready","$v":"Suche nach Musikdateien"},{"$i":"empty-text","$v":"Musikbibliothek ist leer. Fügen Sie zuerst Titel hinzu."},{"$i":"pick-empty-text","$v":"Keine Musik verfügbar."},{"$i":"scanning-text","$v":"Nach Musik suchen..."},{"$i":"nocard-text","$v":"Keine Speicherkarte gefunden. Legen Sie eine Speicherkarte ein, um Musik zu hören."},{"$i":"pluggedin-text","$v":"Speicher wird momentan verwendet. Bitte trennen Sie die Kabelverbindung zum Telefon, um diese App zu verwenden."},{"$i":"upgrade-text","$v":"Bitte warten. Die Musikdatenbank wird zurzeit aktualisiert."},{"$i":"full-text","$v":"Löschen Sie Mediendateien oder Anwendungsdaten, um für freien Speicherplatz zu sorgen. Sie können auch eine SD-Karte einsetzen, um den Medienspeicher zu vergrößern."},{"$i":"full-text-sdcard","$v":"Löschen Sie Dateien auf der SD-Karte, um für freien Speicherplatz zu sorgen."},{"$i":"search-music","placeholder":"Suchen"},{"$i":"search-cancel","$v":"Abbrechen"},{"$i":"search-artists","$v":"Interpreten"},{"$i":"search-albums","$v":"Alben"},{"$i":"search-titles","$v":"Titel"},{"$i":"search-close","$v":"schließen"},{"$i":"search-no-result","$v":"Keine Titel gefunden. Versuchen Sie es mit einem anderen Stichwort."},{"$i":"artists-search-no-result","$v":"Keine Interpreten gefunden. Versuchen Sie es mit einem anderen Stichwort."},{"$i":"albums-search-no-result","$v":"Keine Alben gefunden. Versuchen Sie es mit einem anderen Stichwort."},{"$i":"playlists-shuffle-all","$v":"Alle zufällig abspielen"},{"$i":"playlists-recently-added","$v":"Kürzlich hinzugefügt"},{"$i":"playlists-most-played","$v":"Am häufigsten wiedergegeben"},{"$i":"playlists-discover","$v":"Entdecken"},{"$i":"playlists-my-playlists","$v":"Eigene Wiedergabelisten"},{"$i":"playlists-create-playlists","$v":"Neue Abspielliste"},{"$i":"playlists-choose-playlists","$v":"Abspiellisten"},{"$i":"no-my-playlists","$v":"Sie haben noch keine Abspiellisten erstellt."},{"$i":"no-songs-added","$v":"Sie haben dieser Abspielliste noch keine Titel hinzugefügt."},{"$i":"no-played-songs","$v":"Sie haben noch keine Songs abgespielt."},{"$i":"no-recently-added","$v":"In der letzten Zeit wurden keine Songs hinzugefügt."},{"$i":"playlists-highest-rated","$v":"Am besten bewertet"},{"$i":"picker-title","$v":"Titel auswählen"},{"$i":"save","$v":"Speichern"},{"$i":"saved","$v":"in der Musikbibliothek gespeichert."},{"$i":"audioinvalid","$v":"Dieses Dateiformat ist ungültig oder wird nicht unterstützt."},{"$i":"overlay-cancel-button","$v":"Abbrechen"},{"$i":"music-paused-notification","$v":"Musik wird bei Anrufen angehalten"},{"$i":"done","$v":"Fertig"},{"$i":"share-song","ariaLabel":"Teilen"},{"$i":"player-album-rating","ariaLabel":"Bewertung"},{"$i":"rating-star","ariaLabel":{"$x":[{"t":"idOrVar","v":"plural"},"n"],"$v":{"few":[{"t":"idOrVar","v":"n"}," Sterne"],"many":[{"t":"idOrVar","v":"n"}," Sterne"],"one":[{"t":"idOrVar","v":"n"}," Stern"],"other":[{"t":"idOrVar","v":"n"}," Sterne"],"two":[{"t":"idOrVar","v":"n"}," Sterne"],"zero":[{"t":"idOrVar","v":"n"}," Sterne"]}}},{"$i":"go-to-player-view","ariaLabel":"Playeransicht anzeigen"},{"$i":"repeat-off","ariaLabel":"Wiederholen aus"},{"$i":"repeat-list","ariaLabel":"Alles Wiederholen"},{"$i":"repeat-song","ariaLabel":"Titel wiederholen"},{"$i":"shuffle-toggle","ariaLabel":"Zufallswiedergabe"},{"$i":"mix-tab","ariaLabel":"Mix"},{"$i":"playlists-tab","ariaLabel":"Abspiellisten"},{"$i":"artists-tab","ariaLabel":"Interpreten"},{"$i":"albums-tab","ariaLabel":"Alben"},{"$i":"songs-tab","ariaLabel":"Songs"},{"$i":"check","$v":"Auswählen"},{"$i":"remove-track","$v":"Titel löschen?"},{"$i":"remove-tracks","$v":"Titel löschen?"},{"$i":"cancel","$v":"Abbrechen"},{"$i":"delete","$v":"Löschen"},{"$i":"song-num-checked","$v":{"few":[{"t":"idOrVar","v":"n"}," ausgewählt"],"many":[{"t":"idOrVar","v":"n"}," ausgewählt"],"one":[{"t":"idOrVar","v":"n"}," ausgewählt"],"other":[{"t":"idOrVar","v":"n"}," ausgewählt"],"two":[{"t":"idOrVar","v":"n"}," ausgewählt"],"zero":"0 ausgewählt"},"$x":[{"t":"idOrVar","v":"plural"},"n"]},{"$i":"delete-playlist-songs","$v":{"few":[{"t":"idOrVar","v":"n"}," Titel aus der Abspielliste löschen?"],"many":[{"t":"idOrVar","v":"n"}," Titel aus der Abspielliste löschen?"],"one":"Ausgewählten Titel aus der Abspielliste löschen?","other":[{"t":"idOrVar","v":"n"}," Titel aus der Abspielliste löschen?"],"two":[{"t":"idOrVar","v":"n"}," Titel aus der Abspielliste löschen?"],"zero":"Nichts ausgewählt"},"$x":[{"t":"idOrVar","v":"plural"},"n"]},{"$i":"delete-playlist-hint","$v":{"few":[{"t":"idOrVar","v":"n"}," Titel wurden aus der Abspielliste gelöscht"],"many":[{"t":"idOrVar","v":"n"}," Titel wurden aus der Abspielliste gelöscht"],"one":"Titel wurde aus der Abspielliste gelöscht","other":[{"t":"idOrVar","v":"n"}," Titel wurden aus der Abspielliste gelöscht"],"two":[{"t":"idOrVar","v":"n"}," Titel wurden aus der Abspielliste gelöscht"],"zero":"Nichts gelöscht"},"$x":[{"t":"idOrVar","v":"plural"},"n"]},{"$i":"delete-playlist","$v":"Abspielliste löschen?"},{"$i":"delete-album-songs","$v":{"few":[{"t":"idOrVar","v":"n"}," Titel löschen?"],"many":[{"t":"idOrVar","v":"n"}," Titel löschen?"],"one":"Ausgewählten Titel löschen?","other":[{"t":"idOrVar","v":"n"}," Titel löschen?"],"two":[{"t":"idOrVar","v":"n"}," Titel löschen?"],"zero":"Nichts ausgewählt"},"$x":[{"t":"idOrVar","v":"plural"},"n"]},{"$i":"delete-album-songs-hint","$v":{"few":[{"t":"idOrVar","v":"n"}," Titel gelöscht"],"many":[{"t":"idOrVar","v":"n"}," Titel gelöscht"],"one":"Titel gelöscht","other":[{"t":"idOrVar","v":"n"}," Titel gelöscht"],"two":[{"t":"idOrVar","v":"n"}," Titel gelöscht"],"zero":"Nichts gelöscht"},"$x":[{"t":"idOrVar","v":"plural"},"n"]},{"$i":"add-to-playlist-song-hint","$v":"Titel hinzugefügt zu"},{"$i":"add-to-playlist-songs-hint","$v":"Titel hinzugefügt zu"},{"$i":"library","$v":"Bibliothek"},{"$i":"rate","$v":"Preis"},{"$i":"gridview","$v":"Rasteransicht"},{"$i":"confirmation-title","$v":"Bestätigung"},{"$i":"options","$v":"Optionen"},{"$i":"opt-player","$v":"Spieler"},{"$i":"opt-delete","$v":"Löschen"},{"$i":"opt-mulselect","$v":"Mehrfachauswahl"},{"$i":"opt-selectall","$v":"Alle"},{"$i":"opt-deselectall","$v":"Keiner"},{"$i":"opt-cancel","$v":"Abbrechen"},{"$i":"opt-library","$v":"Bibliothek"},{"$i":"opt-shuffleall","$v":"Alle zufällig abspielen"},{"$i":"opt-repeatall","$v":"Alles Wiederholen"},{"$i":"opt-back","$v":"Zurück"},{"$i":"opt-done","$v":"Fertig"},{"$i":"opt-ok","$v":"OK"},{"$i":"opt-play","$v":"Wiedergabe"},{"$i":"opt-pause","$v":"Pause"},{"$i":"opt-setring","$v":"Als Klingelton speichern"},{"$i":"opt-shuffleoff","$v":"Zufallswiedergabe deaktivieren"},{"$i":"opt-shuffleon","$v":"Zufallswiedergabe aktivieren"},{"$i":"opt-repeatoff","$v":"Wiederholen aus"},{"$i":"opt-repeatone","$v":"Einen wiederholen"},{"$i":"opt-share","$v":"Teilen"},{"$i":"opt-volume","$v":"Lautstärke"},{"$i":"opt-createplaylist","$v":"Wiedergabeliste erstellen"},{"$i":"opt-addsongs","$v":"Titel hinzufügen"},{"$i":"opt-rename","$v":"Umbenennen"},{"$i":"opt-removesongs","$v":"Titel entfernen"},{"$i":"opt-addtoplaylist","$v":"Der Abspielliste hinzufügen"},{"$i":"opt-create","$v":"Erstellen"},{"$i":"opt-settings","$v":"Einstellungen"},{"$i":"byteUnit-B","$v":"Bytes"},{"$i":"byteUnit-KB","$v":"KB"},{"$i":"byteUnit-MB","$v":"MB"},{"$i":"byteUnit-GB","$v":"GB"},{"$i":"byteUnit-TB","$v":"TB"},{"$i":"byteUnit-PB","$v":"PB"},{"$i":"byteUnit-EB","$v":"EB"},{"$i":"byteUnit-ZB","$v":"ZB"},{"$i":"byteUnit-YB","$v":"YB"},{"$i":"opt-fileinfo","$v":"Dateiinfos"},{"$i":"info-view","ariaLabel":"Info"},{"$i":"name-label","$v":"Name"},{"$i":"size-label","$v":"Größe"},{"$i":"music-type-label","$v":"Musiktyp"},{"$i":"playlists-least-played","$v":"Am seltensten wiedergegeben"},{"$i":"playlists-loading","$v":"Ladevorgang läuft..."},{"$i":"select","$v":"Auswählen"},{"$i":"deselect","$v":"ABWÄHLEN"},{"$i":"ok","$v":"OK"},{"$i":"new","$v":"Neu"},{"$i":"next","$v":"Weiter"},{"$i":"rename","$v":"Umbenennen"},{"$i":"remove","$v":"Entfernen"},{"$i":"add","$v":"Hinzufügen"},{"$i":"all","$v":"Alle"},{"$i":"none","$v":"Keiner"}]