[{"$i":"music","$v":"Música"},{"$i":"mix","$v":"Mix"},{"$i":"playlists","$v":"Lista de reproducción"},{"$i":"artists","$v":"Artistas"},{"$i":"albums","$v":"Álbumes"},{"$i":"songs","$v":"Canciones"},{"$i":"more","$v":"Más"},{"$i":"songName","$v":"Nombre de la canción"},{"$i":"songArtist","$v":"Artista de la canción"},{"$i":"songAlbum","$v":"Álbum de la canción"},{"$i":"unknownArtist","$v":"Artista desconocido"},{"$i":"unknownAlbum","$v":"Álbum desconocido"},{"$i":"unknownTitle","$v":"Título desconocido"},{"$i":"storageFullTitle","$v":"Almacenamiento del teléfono lleno"},{"$i":"sdcardFullTitle","$v":"Tarjeta SD llena"},{"$i":"storage-not-ready","$v":"Buscando música."},{"$i":"empty-text","$v":"La biblioteca de música está vacía. Para empezar, añada canciones."},{"$i":"pick-empty-text","$v":"No hay música disponible."},{"$i":"scanning-text","$v":"Buscando música…"},{"$i":"nocard-text","$v":"Your note file is too large to save, try delete some contents and try again."},{"$i":"pluggedin-text","$v":"El almacenamiento está en uso. Desconecte el teléfono para utilizar esta fotografía."},{"$i":"upgrade-text","$v":"Espere hasta que la aplicación Música actualice su base de datos."},{"$i":"full-text","$v":"Elimine archivos de medios o datos de aplicaciones para liberar espacio. También puede insertar una tarjeta SD para ampliar el almacenamiento de medios."},{"$i":"full-text-sdcard","$v":"Elimine archivos de la tarjeta SD para liberar espacio."},{"$i":"search-music","placeholder":"Buscar"},{"$i":"search-cancel","$v":"Cancelar"},{"$i":"search-artists","$v":"Artistas"},{"$i":"search-albums","$v":"Álbumes"},{"$i":"search-titles","$v":"Pistas"},{"$i":"search-close","$v":"cerrar"},{"$i":"search-no-result","$v":"No se han encontrado canciones, pruebe a buscar con otra palabra clave."},{"$i":"artists-search-no-result","$v":"No se han encontrado artistas, pruebe a buscar con otra palabra clave."},{"$i":"albums-search-no-result","$v":"No se han encontrado álbumes, pruebe a buscar con otra palabra clave."},{"$i":"playlists-shuffle-all","$v":"Reproducir todo aleatoriamente"},{"$i":"playlists-recently-added","$v":"Añadido recientemente"},{"$i":"playlists-most-played","$v":"Reproducciones más frecuentes"},{"$i":"playlists-discover","$v":"Descubrir"},{"$i":"playlists-my-playlists","$v":"Mis listas de reproducción"},{"$i":"playlists-create-playlists","$v":"Lista de reproducción nueva"},{"$i":"playlists-choose-playlists","$v":"Listas de reproducción"},{"$i":"no-my-playlists","$v":"Todavía no ha creado ninguna lista de reproducción."},{"$i":"no-songs-added","$v":"Todavía no ha añadido ninguna canción a esta lista de reproducción."},{"$i":"no-played-songs","$v":"Todavía no ha reproducido ninguna canción."},{"$i":"no-recently-added","$v":"No se ha añadido ninguna canción recientemente."},{"$i":"playlists-highest-rated","$v":"Valoración más alta"},{"$i":"picker-title","$v":"Seleccionar una pista"},{"$i":"save","$v":"Guardar"},{"$i":"saved","$v":"guardado en la biblioteca de música."},{"$i":"audioinvalid","$v":"Este formato de archivo no se admite o no es válido."},{"$i":"overlay-cancel-button","$v":"Cancelar"},{"$i":"music-paused-notification","$v":"Música en pausa durante la llamada"},{"$i":"done","$v":"Hecho"},{"$i":"share-song","ariaLabel":"Compartir"},{"$i":"player-album-rating","ariaLabel":"Valoración"},{"$i":"rating-star","ariaLabel":{"$x":[{"t":"idOrVar","v":"plural"},"n"],"$v":{"few":[{"t":"idOrVar","v":"n"}," estrellas"],"many":[{"t":"idOrVar","v":"n"}," estrellas"],"one":[{"t":"idOrVar","v":"n"}," estrella"],"other":[{"t":"idOrVar","v":"n"}," estrellas"],"two":[{"t":"idOrVar","v":"n"}," estrellas"],"zero":[{"t":"idOrVar","v":"n"}," estrellas"]}}},{"$i":"go-to-player-view","ariaLabel":"Ir a la vista de reproductor"},{"$i":"repeat-off","ariaLabel":"Repetición desactivada"},{"$i":"repeat-list","ariaLabel":"Repetir todas"},{"$i":"repeat-song","ariaLabel":"Repetir pista"},{"$i":"shuffle-toggle","ariaLabel":"Aleatorio"},{"$i":"mix-tab","ariaLabel":"Mix"},{"$i":"playlists-tab","ariaLabel":"Listas de reproducción"},{"$i":"artists-tab","ariaLabel":"Artistas"},{"$i":"albums-tab","ariaLabel":"Álbumes"},{"$i":"songs-tab","ariaLabel":"Canciones"},{"$i":"check","$v":"Seleccionar"},{"$i":"remove-track","$v":"Eliminar pista"},{"$i":"remove-tracks","$v":"Eliminar pistas"},{"$i":"cancel","$v":"Cancelar"},{"$i":"delete","$v":"Eliminar"},{"$i":"song-num-checked","$v":{"few":[{"t":"idOrVar","v":"n"}," seleccionados"],"many":[{"t":"idOrVar","v":"n"}," seleccionados"],"one":[{"t":"idOrVar","v":"n"}," seleccionados"],"other":[{"t":"idOrVar","v":"n"}," seleccionados"],"two":[{"t":"idOrVar","v":"n"}," seleccionados"],"zero":"0 seleccionados"},"$x":[{"t":"idOrVar","v":"plural"},"n"]},{"$i":"delete-playlist-songs","$v":{"few":["¿Desea eliminar ",{"t":"idOrVar","v":"n"}," pistas de la lista de reproducción?"],"many":["¿Desea eliminar ",{"t":"idOrVar","v":"n"}," pistas de la lista de reproducción?"],"one":"¿Desea eliminar la pista seleccionada de la lista de reproducción?","other":["¿Desea eliminar ",{"t":"idOrVar","v":"n"}," pistas de la lista de reproducción?"],"two":["¿Desea eliminar ",{"t":"idOrVar","v":"n"}," pistas de la lista de reproducción?"],"zero":"No hay nada seleccionado"},"$x":[{"t":"idOrVar","v":"plural"},"n"]},{"$i":"delete-playlist-hint","$v":{"few":[{"t":"idOrVar","v":"n"}," pistas eliminadas de la lista de reproducción"],"many":[{"t":"idOrVar","v":"n"}," pistas eliminadas de la lista de reproducción"],"one":"Pista eliminada de la lista de reproducción","other":[{"t":"idOrVar","v":"n"}," pistas eliminadas de la lista de reproducción"],"two":[{"t":"idOrVar","v":"n"}," pistas eliminadas de la lista de reproducción"],"zero":"No se ha eliminado nada"},"$x":[{"t":"idOrVar","v":"plural"},"n"]},{"$i":"delete-playlist","$v":"¿Eliminar lista de reproducción?"},{"$i":"delete-album-songs","$v":{"few":["¿Desea eliminar ",{"t":"idOrVar","v":"n"}," pistas?"],"many":["¿Desea eliminar ",{"t":"idOrVar","v":"n"}," pistas?"],"one":"¿Desea eliminar la pista se-leccionada?","other":["¿Desea eliminar ",{"t":"idOrVar","v":"n"}," pistas?"],"two":["¿Desea eliminar ",{"t":"idOrVar","v":"n"}," pistas?"],"zero":"No hay nada seleccionado"},"$x":[{"t":"idOrVar","v":"plural"},"n"]},{"$i":"delete-album-songs-hint","$v":{"few":[{"t":"idOrVar","v":"n"}," pistas eliminadas"],"many":[{"t":"idOrVar","v":"n"}," pistas eliminadas"],"one":"Pista eliminada","other":[{"t":"idOrVar","v":"n"}," pistas eliminadas"],"two":[{"t":"idOrVar","v":"n"}," pistas eliminadas"],"zero":"No se ha eliminado nada"},"$x":[{"t":"idOrVar","v":"plural"},"n"]},{"$i":"add-to-playlist-song-hint","$v":"Pista añadida a"},{"$i":"add-to-playlist-songs-hint","$v":"pistas añadidas a"},{"$i":"library","$v":"Biblioteca"},{"$i":"rate","$v":"Valorar"},{"$i":"gridview","$v":"Vista de cuadrícula"},{"$i":"confirmation-title","$v":"Confirmación"},{"$i":"options","$v":"Opciones"},{"$i":"opt-player","$v":"Reproductor"},{"$i":"opt-delete","$v":"Eliminar"},{"$i":"opt-mulselect","$v":"Seleccionar varios"},{"$i":"opt-selectall","$v":"Todo"},{"$i":"opt-deselectall","$v":"Ninguno"},{"$i":"opt-cancel","$v":"Cancelar"},{"$i":"opt-library","$v":"Biblioteca"},{"$i":"opt-shuffleall","$v":"Reproducir todo aleatoriamente"},{"$i":"opt-repeatall","$v":"Repetir todas"},{"$i":"opt-back","$v":"Atrás"},{"$i":"opt-done","$v":"Hecho"},{"$i":"opt-ok","$v":"Aceptar"},{"$i":"opt-play","$v":"Reproducir"},{"$i":"opt-pause","$v":"Pausar"},{"$i":"opt-setring","$v":"Guardar como tono"},{"$i":"opt-shuffleoff","$v":"Reproducción aleatoria desactivada"},{"$i":"opt-shuffleon","$v":"Reproducción aleatoria activada"},{"$i":"opt-repeatoff","$v":"Repetición desactivada"},{"$i":"opt-repeatone","$v":"Repetir una vez"},{"$i":"opt-share","$v":"Compartir"},{"$i":"opt-volume","$v":"Volumen"},{"$i":"opt-createplaylist","$v":"Crear lista de reproducción"},{"$i":"opt-addsongs","$v":"Añadir canciones"},{"$i":"opt-rename","$v":"Cambiar nombre"},{"$i":"opt-removesongs","$v":"Eliminar las canciones"},{"$i":"opt-addtoplaylist","$v":"Añadir a lista de reproducción"},{"$i":"opt-create","$v":"Crear"},{"$i":"opt-settings","$v":"Ajustes"},{"$i":"byteUnit-B","$v":"Bytes"},{"$i":"byteUnit-KB","$v":"KB"},{"$i":"byteUnit-MB","$v":"MB"},{"$i":"byteUnit-GB","$v":"GB"},{"$i":"byteUnit-TB","$v":"TB"},{"$i":"byteUnit-PB","$v":"PB"},{"$i":"byteUnit-EB","$v":"EB"},{"$i":"byteUnit-ZB","$v":"ZB"},{"$i":"byteUnit-YB","$v":"YB"},{"$i":"opt-fileinfo","$v":"Información de archivo"},{"$i":"info-view","ariaLabel":"Información"},{"$i":"name-label","$v":"Nombre"},{"$i":"size-label","$v":"Tamaño"},{"$i":"music-type-label","$v":"Tipo de música"},{"$i":"playlists-least-played","$v":"Menos reproducido"},{"$i":"playlists-loading","$v":"File Is Too Large"},{"$i":"select","$v":"Selec."},{"$i":"deselect","$v":"Deseleccionar"},{"$i":"ok","$v":"Aceptar"},{"$i":"new","$v":"Nuevo"},{"$i":"next","$v":"Siguiente"},{"$i":"rename","$v":"Cambiar nombre"},{"$i":"remove","$v":"Eliminar"},{"$i":"add","$v":"Añadir"},{"$i":"all","$v":"Todo"},{"$i":"none","$v":"Ninguno"}]