[{"$i":"music","$v":"Música"},{"$i":"mix","$v":"Mezclar"},{"$i":"playlists","$v":"Lista de reproducción"},{"$i":"artists","$v":"Artistas"},{"$i":"albums","$v":"Álbumes"},{"$i":"songs","$v":"Canciones"},{"$i":"more","$v":"Más"},{"$i":"songName","$v":"Nombre de la canción"},{"$i":"songArtist","$v":"Artista de la canción"},{"$i":"songAlbum","$v":"Álbum de canción"},{"$i":"unknownArtist","$v":"Artista desconocido"},{"$i":"unknownAlbum","$v":"Álbum desconocido"},{"$i":"unknownTitle","$v":"Título desconocido"},{"$i":"storageFullTitle","$v":"Almacenamiento del teléfono lleno"},{"$i":"sdcardFullTitle","$v":"Tarjeta SD llena"},{"$i":"storage-not-ready","$v":"Buscando música."},{"$i":"empty-text","$v":"La biblioteca de música está vacía. Para empezar, agregue canciones."},{"$i":"pick-empty-text","$v":"No hay música disponible."},{"$i":"scanning-text","$v":"Buscando música…"},{"$i":"nocard-text","$v":"No se encontró la tarjeta de memoria. Insertar una tarjeta de memoria para comenzar."},{"$i":"pluggedin-text","$v":"Almacenamiento actualmente en uso. Desenchufe el teléfono para usar esta aplicación."},{"$i":"upgrade-text","$v":"Espere mientras la Música actualiza su base de datos."},{"$i":"full-text","$v":"Elimine archivos multimedia o datos de aplicaciones para liberar espacio. También puede insertar una tarjeta SD para ampliar el almacenamiento multimedia."},{"$i":"full-text-sdcard","$v":"Elimine archivos de la tarjeta SD para liberar espacio."},{"$i":"search-music","placeholder":"Buscar"},{"$i":"search-cancel","$v":"Cancelar"},{"$i":"search-artists","$v":"Artistas"},{"$i":"search-albums","$v":"Álbumes"},{"$i":"search-titles","$v":"Pistas"},{"$i":"search-close","$v":"cerrar"},{"$i":"search-no-result","$v":"No se encuentran pistas, pruebe a buscar con otra palabra clave."},{"$i":"artists-search-no-result","$v":"No se encuentran artistas, pruebe a buscar con otra palabra clave."},{"$i":"albums-search-no-result","$v":"No se encuentran álbumes, pruebe a buscar con otra palabra clave."},{"$i":"playlists-shuffle-all","$v":"Ordenar todo aleatoriamente"},{"$i":"playlists-recently-added","$v":"Añadido recientemente"},{"$i":"playlists-most-played","$v":"Reproducciones más frecuentes"},{"$i":"playlists-discover","$v":"Descubrir"},{"$i":"playlists-my-playlists","$v":"Mis listas de reproducción"},{"$i":"playlists-create-playlists","$v":"Lista de reproducción nueva"},{"$i":"playlists-choose-playlists","$v":"Listas de reproducción"},{"$i":"no-my-playlists","$v":"Todavía no ha creado ninguna lista de reproducción."},{"$i":"no-songs-added","$v":"Todavía no ha añadido ninguna canción a esta lista de reproducción."},{"$i":"no-played-songs","$v":"Todavía no ha reproducido ninguna canción."},{"$i":"no-recently-added","$v":"No se agregaron nuevas canciones recientemente."},{"$i":"playlists-highest-rated","$v":"Valoración más alta"},{"$i":"picker-title","$v":"Seleccionar una pista"},{"$i":"save","$v":"Guardar"},{"$i":"saved","$v":"Guardado en Música"},{"$i":"audioinvalid","$v":"Este formato de archivo no se admite o no es válido."},{"$i":"overlay-cancel-button","$v":"Cancelar"},{"$i":"music-paused-notification","$v":"La música se detuvo durante la llamada"},{"$i":"done","$v":"Listo"},{"$i":"share-song","ariaLabel":"Compartir"},{"$i":"player-album-rating","ariaLabel":"Calificación"},{"$i":"rating-star","ariaLabel":{"$x":[{"t":"idOrVar","v":"plural"},"n"],"$v":{"few":[{"t":"idOrVar","v":"n"}," estrellas"],"many":[{"t":"idOrVar","v":"n"}," estrellas"],"one":[{"t":"idOrVar","v":"n"}," estrella"],"other":[{"t":"idOrVar","v":"n"}," estrellas"],"two":[{"t":"idOrVar","v":"n"}," estrellas"],"zero":[{"t":"idOrVar","v":"n"}," estrellas"]}}},{"$i":"go-to-player-view","ariaLabel":"Ir a la vista del reproductor"},{"$i":"repeat-off","ariaLabel":"Apagar repetir"},{"$i":"repeat-list","ariaLabel":"Repetir todo"},{"$i":"repeat-song","ariaLabel":"Repetir pista"},{"$i":"shuffle-toggle","ariaLabel":"Ordenar aleatoriamente"},{"$i":"mix-tab","ariaLabel":"Mezclar"},{"$i":"playlists-tab","ariaLabel":"Listas de reproducción"},{"$i":"artists-tab","ariaLabel":"Artistas"},{"$i":"albums-tab","ariaLabel":"Álbumes"},{"$i":"songs-tab","ariaLabel":"Canciones"},{"$i":"check","$v":"Selec."},{"$i":"remove-track","$v":"Eliminar pista"},{"$i":"remove-tracks","$v":"Eliminar pistas"},{"$i":"cancel","$v":"Cancelar"},{"$i":"delete","$v":"Eliminar"},{"$i":"song-num-checked","$v":{"few":[{"t":"idOrVar","v":"n"}," seleccionadas"],"many":[{"t":"idOrVar","v":"n"}," seleccionadas"],"one":[{"t":"idOrVar","v":"n"}," seleccionadas"],"other":[{"t":"idOrVar","v":"n"}," seleccionadas"],"two":[{"t":"idOrVar","v":"n"}," seleccionadas"],"zero":"0 seleccionadas"},"$x":[{"t":"idOrVar","v":"plural"},"n"]},{"$i":"delete-playlist-songs","$v":{"few":["¿Eliminar ",{"t":"idOrVar","v":"n"}," pistas de la lista de reproducción?"],"many":["¿Eliminar ",{"t":"idOrVar","v":"n"}," pistas de la lista de reproducción?"],"one":"¿Eliminar la pista seleccionada de la lista de reproducción?","other":["¿Eliminar ",{"t":"idOrVar","v":"n"}," pistas de la lista de reproducción?"],"two":["¿Eliminar ",{"t":"idOrVar","v":"n"}," pistas de la lista de reproducción?"],"zero":"Nada seleccionado"},"$x":[{"t":"idOrVar","v":"plural"},"n"]},{"$i":"delete-playlist-hint","$v":{"few":[{"t":"idOrVar","v":"n"}," pista eliminada de la lista de reproducción"],"many":[{"t":"idOrVar","v":"n"}," pista eliminada de la lista de reproducción"],"one":"Pista eliminada de la lista de reproducción","other":[{"t":"idOrVar","v":"n"}," pista eliminada de la lista de reproducción"],"two":[{"t":"idOrVar","v":"n"}," pista eliminada de la lista de reproducción"],"zero":"Nada eliminado"},"$x":[{"t":"idOrVar","v":"plural"},"n"]},{"$i":"delete-playlist","$v":"¿Eliminar lista de reproducción?"},{"$i":"delete-album-songs","$v":{"few":["¿Eliminar ",{"t":"idOrVar","v":"n"}," pistas?"],"many":["¿Eliminar ",{"t":"idOrVar","v":"n"}," pistas?"],"one":"¿Eliminar pista seleccionada?","other":["¿Eliminar ",{"t":"idOrVar","v":"n"}," pistas?"],"two":["¿Eliminar ",{"t":"idOrVar","v":"n"}," pistas?"],"zero":"Nada seleccionado"},"$x":[{"t":"idOrVar","v":"plural"},"n"]},{"$i":"delete-album-songs-hint","$v":{"few":[{"t":"idOrVar","v":"n"}," pista eliminada"],"many":[{"t":"idOrVar","v":"n"}," pista eliminada"],"one":"Pista eliminada","other":[{"t":"idOrVar","v":"n"}," pista eliminada"],"two":[{"t":"idOrVar","v":"n"}," pista eliminada"],"zero":"Nada eliminado"},"$x":[{"t":"idOrVar","v":"plural"},"n"]},{"$i":"add-to-playlist-song-hint","$v":"Pista añadida a"},{"$i":"add-to-playlist-songs-hint","$v":"pistas añadidas a"},{"$i":"library","$v":"Biblioteca"},{"$i":"rate","$v":"Subtítulo"},{"$i":"gridview","$v":"Vista de grilla"},{"$i":"confirmation-title","$v":"Confirmación"},{"$i":"options","$v":"Opciones"},{"$i":"opt-player","$v":"Reproductor"},{"$i":"opt-delete","$v":"Eliminar"},{"$i":"opt-mulselect","$v":"Seleccionar varios"},{"$i":"opt-selectall","$v":"Todas"},{"$i":"opt-deselectall","$v":"Ninguno"},{"$i":"opt-cancel","$v":"Cancelar"},{"$i":"opt-library","$v":"Biblioteca"},{"$i":"opt-shuffleall","$v":"Ordenar todo aleatoriamente"},{"$i":"opt-repeatall","$v":"Repetir todo"},{"$i":"opt-back","$v":"Volver"},{"$i":"opt-done","$v":"Listo"},{"$i":"opt-ok","$v":"OK"},{"$i":"opt-play","$v":"Reproducir"},{"$i":"opt-pause","$v":"Pausa"},{"$i":"opt-setring","$v":"Guardar como tono"},{"$i":"opt-shuffleoff","$v":"Reproducción aleatoria desactivada"},{"$i":"opt-shuffleon","$v":"Reproducción aleatoria activada"},{"$i":"opt-repeatoff","$v":"Apagar repetir"},{"$i":"opt-repeatone","$v":"Repetir una vez"},{"$i":"opt-share","$v":"Compartir"},{"$i":"opt-volume","$v":"Volumen"},{"$i":"opt-createplaylist","$v":"Crear lista de reproducción"},{"$i":"opt-addsongs","$v":"Añadir canciones"},{"$i":"opt-rename","$v":"Renombrar"},{"$i":"opt-removesongs","$v":"Eliminar las canciones"},{"$i":"opt-addtoplaylist","$v":"Añadir a lista de reproducción"},{"$i":"opt-create","$v":"Crear"},{"$i":"opt-settings","$v":"Ajustes"},{"$i":"byteUnit-B","$v":"Bytes"},{"$i":"byteUnit-KB","$v":"KB"},{"$i":"byteUnit-MB","$v":"MB"},{"$i":"byteUnit-GB","$v":"GB"},{"$i":"byteUnit-TB","$v":"TB"},{"$i":"byteUnit-PB","$v":"PB"},{"$i":"byteUnit-EB","$v":"EB"},{"$i":"byteUnit-ZB","$v":"ZB"},{"$i":"byteUnit-YB","$v":"YB"},{"$i":"opt-fileinfo","$v":"Información de archivo"},{"$i":"info-view","ariaLabel":"Información"},{"$i":"name-label","$v":"Nombre"},{"$i":"size-label","$v":"Tamaño"},{"$i":"music-type-label","$v":"Tipo de música"},{"$i":"playlists-least-played","$v":"Menos reproducido"},{"$i":"playlists-loading","$v":"Cargando..."},{"$i":"select","$v":"Selec."},{"$i":"deselect","$v":"Desmarcar"},{"$i":"ok","$v":"OK"},{"$i":"new","$v":"Nuevo"},{"$i":"next","$v":"Siguiente"},{"$i":"rename","$v":"Renombrar"},{"$i":"remove","$v":"Quitar"},{"$i":"add","$v":"Añadir"},{"$i":"all","$v":"Todas"},{"$i":"none","$v":"Ninguno"}]