[{"$i":"music","$v":"Muusika"},{"$i":"mix","$v":"Miksitud"},{"$i":"playlists","$v":"Esitusloend"},{"$i":"artists","$v":"Esitajad"},{"$i":"albums","$v":"Albumid"},{"$i":"songs","$v":"Lood"},{"$i":"more","$v":"Veel"},{"$i":"songName","$v":"Loo nimi"},{"$i":"songArtist","$v":"Loo esitaja"},{"$i":"songAlbum","$v":"Loo album"},{"$i":"unknownArtist","$v":"Tundmatu esitaja"},{"$i":"unknownAlbum","$v":"Tundmatu album"},{"$i":"unknownTitle","$v":"Tundmatu pealkiri"},{"$i":"storageFullTitle","$v":"Telefoni salvestusruum on täis."},{"$i":"sdcardFullTitle","$v":"SD-kaart on täis."},{"$i":"storage-not-ready","$v":"Muusika otsimine."},{"$i":"empty-text","$v":"Muusikakogu on tühi. Alustamiseks lisage laule."},{"$i":"pick-empty-text","$v":"Muusikat pole saadaval."},{"$i":"scanning-text","$v":"Skannimine"},{"$i":"nocard-text","$v":"Mälukaarti ei leitud. Sisestage alustamiseks mälukaart."},{"$i":"pluggedin-text","$v":"Mäluruum on hetkel kasutusel. Rakenduse kasut. ühen. telefon lahti."},{"$i":"upgrade-text","$v":"Oodake, muusika uuendab oma andmebaasi."},{"$i":"full-text","$v":"Kustutage mäluruumi vabastamiseks meediumifaile või rakenduse andmeid. Või sisestage mäluruumi laiendamiseks SD-kaart."},{"$i":"full-text-sdcard","$v":"Kustutage mäluruumi vabastamiseks SD-kaardilt faile."},{"$i":"search-music","placeholder":"Otsing"},{"$i":"search-cancel","$v":"Tühista"},{"$i":"search-artists","$v":"Esitajad"},{"$i":"search-albums","$v":"Albumid"},{"$i":"search-titles","$v":"Rajad"},{"$i":"search-close","$v":"sule"},{"$i":"search-no-result","$v":"Ühtegi pala ei leitud, proovige otsida mõne muu märksõna abil."},{"$i":"artists-search-no-result","$v":"Artiste ei leitud. Proovige otsida mõne muu märksõna abil."},{"$i":"albums-search-no-result","$v":"Albumeid ei leitud. Proovige otsida mõne muu märksõna abil."},{"$i":"playlists-shuffle-all","$v":"Juhuesita kõik"},{"$i":"playlists-recently-added","$v":"Viimati lisatud"},{"$i":"playlists-most-played","$v":"Enim esitatud"},{"$i":"playlists-discover","$v":"Uuri"},{"$i":"playlists-my-playlists","$v":"Minu esitusloendid"},{"$i":"playlists-create-playlists","$v":"Uus esitusloend"},{"$i":"playlists-choose-playlists","$v":"Esitusloend"},{"$i":"no-my-playlists","$v":"Te pole veel ühtegi esitusloendit loonud."},{"$i":"no-songs-added","$v":"Te pole sellesse esitusloendisse veel ühtegi laulu lisanud."},{"$i":"no-played-songs","$v":"Te pole veel ühtegi lugu mänginud."},{"$i":"no-recently-added","$v":"Hiljuti pole uusi lugusid lisatud."},{"$i":"playlists-highest-rated","$v":"Kõrgeima hinnanguga"},{"$i":"picker-title","$v":"Valige pala"},{"$i":"save","$v":"Salvesta"},{"$i":"saved","$v":"salvestatud muusikakogusse."},{"$i":"audioinvalid","$v":"See failivorming on vale või seda ei toetata."},{"$i":"overlay-cancel-button","$v":"Tühista"},{"$i":"music-paused-notification","$v":"Muusika on kõne ajal peatatud"},{"$i":"done","$v":"Valmis"},{"$i":"share-song","ariaLabel":"Jaga"},{"$i":"player-album-rating","ariaLabel":"Hinnang"},{"$i":"rating-star","ariaLabel":{"$x":[{"t":"idOrVar","v":"plural"},"n"],"$v":{"few":[{"t":"idOrVar","v":"n"}," tähte"],"many":[{"t":"idOrVar","v":"n"}," tähte"],"one":[{"t":"idOrVar","v":"n"}," täht"],"other":[{"t":"idOrVar","v":"n"}," tähte"],"two":[{"t":"idOrVar","v":"n"}," tähte"],"zero":[{"t":"idOrVar","v":"n"}," tähte"]}}},{"$i":"go-to-player-view","ariaLabel":"Ava mängija vaade"},{"$i":"repeat-off","ariaLabel":"Kordamine on väljas"},{"$i":"repeat-list","ariaLabel":"Korda kõiki"},{"$i":"repeat-song","ariaLabel":"Korda lugu"},{"$i":"shuffle-toggle","ariaLabel":"Juhuesitus"},{"$i":"mix-tab","ariaLabel":"Miksitud"},{"$i":"playlists-tab","ariaLabel":"Esitusloendid"},{"$i":"artists-tab","ariaLabel":"Esitajad"},{"$i":"albums-tab","ariaLabel":"Albumid"},{"$i":"songs-tab","ariaLabel":"Lood"},{"$i":"check","$v":"Vali"},{"$i":"remove-track","$v":"Kustuta lugu"},{"$i":"remove-tracks","$v":"Kustuta lood"},{"$i":"cancel","$v":"Tühista"},{"$i":"delete","$v":"Kustuta"},{"$i":"song-num-checked","$v":{"few":[{"t":"idOrVar","v":"n"}," valitud"],"many":[{"t":"idOrVar","v":"n"}," valitud"],"one":[{"t":"idOrVar","v":"n"}," valitud"],"other":[{"t":"idOrVar","v":"n"}," valitud"],"two":[{"t":"idOrVar","v":"n"}," valitud"],"zero":"0 valitud"},"$x":[{"t":"idOrVar","v":"plural"},"n"]},{"$i":"delete-playlist-songs","$v":{"few":["Kas kustutada ",{"t":"idOrVar","v":"n"}," lugu esitusloendist?"],"many":["Kas kustutada ",{"t":"idOrVar","v":"n"}," lugu esitusloendist?"],"one":"Kas kustutada valitud lugu esitusloendist?","other":["Kas kustutada ",{"t":"idOrVar","v":"n"}," lugu esitusloendist?"],"two":["Kas kustutada ",{"t":"idOrVar","v":"n"}," lugu esitusloendist?"],"zero":"Midagi pole valitud"},"$x":[{"t":"idOrVar","v":"plural"},"n"]},{"$i":"delete-playlist-hint","$v":{"few":[{"t":"idOrVar","v":"n"}," lugu esitusloendist kustutatud"],"many":[{"t":"idOrVar","v":"n"}," lugu esitusloendist kustutatud"],"one":"Pala esitusloendist kustut.","other":[{"t":"idOrVar","v":"n"}," lugu esitusloendist kustutatud"],"two":[{"t":"idOrVar","v":"n"}," lugu esitusloendist kustutatud"],"zero":"Midagi pole kustutatud"},"$x":[{"t":"idOrVar","v":"plural"},"n"]},{"$i":"delete-playlist","$v":"Kas soovite esitusloendi kustutada?"},{"$i":"delete-album-songs","$v":{"few":["Kas kustutada ",{"t":"idOrVar","v":"n"}," lugu?"],"many":["Kas kustutada ",{"t":"idOrVar","v":"n"}," lugu?"],"one":"Kas kustutada valitud lugu?","other":["Kas kustutada ",{"t":"idOrVar","v":"n"}," lugu?"],"two":["Kas kustutada ",{"t":"idOrVar","v":"n"}," lugu?"],"zero":"Midagi pole valitud"},"$x":[{"t":"idOrVar","v":"plural"},"n"]},{"$i":"delete-album-songs-hint","$v":{"few":[{"t":"idOrVar","v":"n"}," lugu kustutatud"],"many":[{"t":"idOrVar","v":"n"}," lugu kustutatud"],"one":"Pala on kustutatud","other":[{"t":"idOrVar","v":"n"}," lugu kustutatud"],"two":[{"t":"idOrVar","v":"n"}," lugu kustutatud"],"zero":"Midagi pole kustutatud"},"$x":[{"t":"idOrVar","v":"plural"},"n"]},{"$i":"add-to-playlist-song-hint","$v":"Lugu lisati esitusloendisse"},{"$i":"add-to-playlist-songs-hint","$v":"Lood lisati esitusloendisse"},{"$i":"library","$v":"Raamatukogu"},{"$i":"rate","$v":"Hinda"},{"$i":"gridview","$v":"Pildivaade"},{"$i":"confirmation-title","$v":"Kinnitus"},{"$i":"options","$v":"Valikud"},{"$i":"opt-player","$v":"Mängija"},{"$i":"opt-delete","$v":"Kustuta"},{"$i":"opt-mulselect","$v":"Valige mitu"},{"$i":"opt-selectall","$v":"Valige kõik"},{"$i":"opt-deselectall","$v":"Eemalda kõigilt valik"},{"$i":"opt-cancel","$v":"Tühista"},{"$i":"opt-library","$v":"Raamatukogu"},{"$i":"opt-shuffleall","$v":"Juhuesita kõik"},{"$i":"opt-repeatall","$v":"Korda kõiki"},{"$i":"opt-back","$v":"Tagasi"},{"$i":"opt-done","$v":"Valmis"},{"$i":"opt-ok","$v":"OK"},{"$i":"opt-play","$v":"Esita"},{"$i":"opt-pause","$v":"Peata"},{"$i":"opt-setring","$v":"Salvesta helinaks"},{"$i":"opt-shuffleoff","$v":"Juhuesitus on väljas"},{"$i":"opt-shuffleon","$v":"Juhuesitus on sees"},{"$i":"opt-repeatoff","$v":"Kordamine on väljas"},{"$i":"opt-repeatone","$v":"Korda ühte"},{"$i":"opt-share","$v":"Jaga"},{"$i":"opt-volume","$v":"Helitugevus"},{"$i":"opt-createplaylist","$v":"Loo esitusloend"},{"$i":"opt-addsongs","$v":"Lisage laule"},{"$i":"opt-rename","$v":"Muuda nime"},{"$i":"opt-removesongs","$v":"Laulude eemaldamine"},{"$i":"opt-addtoplaylist","$v":"Lisa esitusloendisse"},{"$i":"opt-create","$v":"Loo"},{"$i":"opt-settings","$v":"Seaded"},{"$i":"byteUnit-B","$v":"Baiti"},{"$i":"byteUnit-KB","$v":"KB"},{"$i":"byteUnit-MB","$v":"MB"},{"$i":"byteUnit-GB","$v":"GB"},{"$i":"byteUnit-TB","$v":"TB"},{"$i":"byteUnit-PB","$v":"PB"},{"$i":"byteUnit-EB","$v":"EB"},{"$i":"byteUnit-ZB","$v":"ZB"},{"$i":"byteUnit-YB","$v":"YB"},{"$i":"opt-fileinfo","$v":"Faili teave"},{"$i":"info-view","ariaLabel":"Teave"},{"$i":"name-label","$v":"Nimi"},{"$i":"size-label","$v":"Suurus"},{"$i":"music-type-label","$v":"Muusika tüüp"},{"$i":"playlists-least-played","$v":"Kõige vähem esitatud"},{"$i":"playlists-loading","$v":"Laadimine …"},{"$i":"select","$v":"Vali"},{"$i":"deselect","$v":"Tühista valik"},{"$i":"ok","$v":"OK"},{"$i":"new","$v":"Uus"},{"$i":"next","$v":"Edasi"},{"$i":"rename","$v":"Muuda nime"},{"$i":"remove","$v":"Eemalda"},{"$i":"add","$v":"Lisa"},{"$i":"all","$v":"Kõik"},{"$i":"none","$v":"Puudub"}]