[{"$i":"music","$v":"موسيقی"},{"$i":"mix","$v":"میکس"},{"$i":"playlists","$v":"لیست پخش"},{"$i":"artists","$v":"هنرمندان"},{"$i":"albums","$v":"آلبوم ها"},{"$i":"songs","$v":"آهنگ ها"},{"$i":"more","$v":"بيشتر"},{"$i":"songName","$v":"نام آهنگ"},{"$i":"songArtist","$v":"آهنگ هنرمند"},{"$i":"songAlbum","$v":"آلبوم آهنگ"},{"$i":"unknownArtist","$v":"هنرمند نامعلوم"},{"$i":"unknownAlbum","$v":"آلبوم نامعلوم"},{"$i":"unknownTitle","$v":"عنوان ناشناخته"},{"$i":"storageFullTitle","$v":"حافظه تلفن پر است"},{"$i":"sdcardFullTitle","$v":"کارت SD پر است"},{"$i":"storage-not-ready","$v":"درحال اسکن کردن برای موسیقی."},{"$i":"empty-text","$v":"کتابخانه موسیقی خالی است. برای شروع، آهنگ ها را اضافه کنید."},{"$i":"pick-empty-text","$v":"موسیقی موجود نیست."},{"$i":"scanning-text","$v":"در حال اسکن برای موسیقی..."},{"$i":"nocard-text","$v":"کارت حافظه یافت نشد. برای شروع به کار یک کارت حافظه وارد کنید."},{"$i":"pluggedin-text","$v":"حافظه در حال حاضر در حال استفاده است. لطفاً برای استفاده از این برنامه، تلفن را جدا کنید."},{"$i":"upgrade-text","$v":"لطفاً زمانی که موسیقی پایگاه داده خود را به روزرسانی می کند منتظر بمانید."},{"$i":"full-text","$v":"فایل های رسانه یا داده برنامه را حذف کنید تا فضا آزاد شود. همینطور می توانید یک کارت SD برای افزایش فضای حافظه رسانه وارد کنید."},{"$i":"full-text-sdcard","$v":"فایل های روی کارت SD را حذف کنید تا فضا آزاد شود."},{"$i":"search-music","placeholder":"جستجو"},{"$i":"search-cancel","$v":"لغو کردن"},{"$i":"search-artists","$v":"هنرمندان"},{"$i":"search-albums","$v":"آلبوم ها"},{"$i":"search-titles","$v":"تراک ها"},{"$i":"search-close","$v":"بستن"},{"$i":"search-no-result","$v":"هیچ آهنگی یافت نشد، با کلیدواژه دیگری جستجو کنید."},{"$i":"artists-search-no-result","$v":"هیچ هنرمندی یافت نشد، با کلیدواژه دیگری جستجو کنید."},{"$i":"albums-search-no-result","$v":"هیچ آلبومی یافت نشد، با کلیدواژه دیگری جستجو کنید."},{"$i":"playlists-shuffle-all","$v":"پخش درهم همه"},{"$i":"playlists-recently-added","$v":"اخیراً اضافه شده"},{"$i":"playlists-most-played","$v":"بیشتر پخش شده"},{"$i":"playlists-discover","$v":"کشف کردن"},{"$i":"playlists-my-playlists","$v":"لیست های پخش"},{"$i":"playlists-create-playlists","$v":"لیست پخش جدید"},{"$i":"playlists-choose-playlists","$v":"لیست های پخش"},{"$i":"no-my-playlists","$v":"هنوز هیچ لیست پخشی ایجاد نکرده اید."},{"$i":"no-songs-added","$v":"هیچ آهنگی را هنوز به این لیست پخش اضافه نکرده اید."},{"$i":"no-played-songs","$v":"هنوز آهنگی پخش نکرده اید."},{"$i":"no-recently-added","$v":"آهنگ های جدیدی اخیراً اضافه نشده اند."},{"$i":"playlists-highest-rated","$v":"بالاترین رتبه بندی"},{"$i":"picker-title","$v":"انتخاب یک آهنگ"},{"$i":"save","$v":"ذخيره"},{"$i":"saved","$v":"در کتابخانه موسیقی ذخیره شد."},{"$i":"audioinvalid","$v":"این فرمت فايل نامعتبر است یا پشتيبانی نمی شود."},{"$i":"overlay-cancel-button","$v":"لغو کردن"},{"$i":"music-paused-notification","$v":"در طول تماس موسیقی موقتاً متوقف می شود"},{"$i":"done","$v":"انجام شد"},{"$i":"share-song","ariaLabel":"اشتراک"},{"$i":"player-album-rating","ariaLabel":"رتبه بندی"},{"$i":"rating-star","ariaLabel":{"$x":[{"t":"idOrVar","v":"plural"},"n"],"$v":{"few":[{"t":"idOrVar","v":"n"}," ستاره"],"many":[{"t":"idOrVar","v":"n"}," ستاره"],"one":[{"t":"idOrVar","v":"n"}," ستاره"],"other":[{"t":"idOrVar","v":"n"}," ستاره"],"two":[{"t":"idOrVar","v":"n"}," ستاره"],"zero":[{"t":"idOrVar","v":"n"}," ستاره"]}}},{"$i":"go-to-player-view","ariaLabel":"رفتن به نمای پخش کننده موسیقی"},{"$i":"repeat-off","ariaLabel":"تکرار خاموش است"},{"$i":"repeat-list","ariaLabel":"تکرار همه"},{"$i":"repeat-song","ariaLabel":"تکرار آهنگ"},{"$i":"shuffle-toggle","ariaLabel":"تصادفی"},{"$i":"mix-tab","ariaLabel":"میکس"},{"$i":"playlists-tab","ariaLabel":"لیست های پخش"},{"$i":"artists-tab","ariaLabel":"هنرمندان"},{"$i":"albums-tab","ariaLabel":"آلبوم ها"},{"$i":"songs-tab","ariaLabel":"آهنگ ها"},{"$i":"check","$v":"انتخاب"},{"$i":"remove-track","$v":"حذف آهنگ"},{"$i":"remove-tracks","$v":"حذف آهنگ ها"},{"$i":"cancel","$v":"لغو کردن"},{"$i":"delete","$v":"حذف"},{"$i":"song-num-checked","$v":{"few":[{"t":"idOrVar","v":"n"}," انتخاب شد"],"many":[{"t":"idOrVar","v":"n"}," انتخاب شد"],"one":[{"t":"idOrVar","v":"n"}," انتخاب شد"],"other":[{"t":"idOrVar","v":"n"}," انتخاب شد"],"two":[{"t":"idOrVar","v":"n"}," انتخاب شد"],"zero":"0 انتخاب شد"},"$x":[{"t":"idOrVar","v":"plural"},"n"]},{"$i":"delete-playlist-songs","$v":{"few":["حذف ",{"t":"idOrVar","v":"n"}," آهنگ از لیست پخش؟"],"many":["حذف ",{"t":"idOrVar","v":"n"}," آهنگ از لیست پخش؟"],"one":"حذف آهنگ انتخابی از لیست پخش؟","other":["حذف ",{"t":"idOrVar","v":"n"}," آهنگ از لیست پخش؟"],"two":["حذف ",{"t":"idOrVar","v":"n"}," آهنگ از لیست پخش؟"],"zero":"موردی انتخاب نشد"},"$x":[{"t":"idOrVar","v":"plural"},"n"]},{"$i":"delete-playlist-hint","$v":{"few":[{"t":"idOrVar","v":"n"}," آهنگ از لیست پخش حذف شد"],"many":[{"t":"idOrVar","v":"n"}," آهنگ از لیست پخش حذف شد"],"one":"آهنگ از لیست پخش حذف شد","other":[{"t":"idOrVar","v":"n"}," آهنگ از لیست پخش حذف شد"],"two":[{"t":"idOrVar","v":"n"}," آهنگ از لیست پخش حذف شد"],"zero":"موردی حذف نشد"},"$x":[{"t":"idOrVar","v":"plural"},"n"]},{"$i":"delete-playlist","$v":"حذف لیست پخش؟"},{"$i":"delete-album-songs","$v":{"few":["حذف ",{"t":"idOrVar","v":"n"}," آهنگ؟"],"many":["حذف ",{"t":"idOrVar","v":"n"}," آهنگ؟"],"one":"آهنگ انتخابی حذف شود؟","other":["حذف ",{"t":"idOrVar","v":"n"}," آهنگ؟"],"two":["حذف ",{"t":"idOrVar","v":"n"}," آهنگ؟"],"zero":"موردی انتخاب نشد"},"$x":[{"t":"idOrVar","v":"plural"},"n"]},{"$i":"delete-album-songs-hint","$v":{"few":[{"t":"idOrVar","v":"n"}," آهنگ حذف شد"],"many":[{"t":"idOrVar","v":"n"}," آهنگ حذف شد"],"one":"آهنگ حذف شد","other":[{"t":"idOrVar","v":"n"}," آهنگ حذف شد"],"two":[{"t":"idOrVar","v":"n"}," آهنگ حذف شد"],"zero":"موردی حذف نشد"},"$x":[{"t":"idOrVar","v":"plural"},"n"]},{"$i":"add-to-playlist-song-hint","$v":"آهنگ اضافه شد به"},{"$i":"add-to-playlist-songs-hint","$v":"آهنگ ها اضافه شدند به"},{"$i":"library","$v":"کتابخانه"},{"$i":"rate","$v":"رتبه بندی"},{"$i":"gridview","$v":"نمای شبکه"},{"$i":"confirmation-title","$v":"تأييد"},{"$i":"options","$v":"گزینه ها"},{"$i":"opt-player","$v":"پخش کننده"},{"$i":"opt-delete","$v":"حذف"},{"$i":"opt-mulselect","$v":"انتخاب چندگانه"},{"$i":"opt-selectall","$v":"همه"},{"$i":"opt-deselectall","$v":"هيچكدام"},{"$i":"opt-cancel","$v":"لغو کردن"},{"$i":"opt-library","$v":"کتابخانه"},{"$i":"opt-shuffleall","$v":"پخش درهم همه"},{"$i":"opt-repeatall","$v":"تکرار همه"},{"$i":"opt-back","$v":"برگشت"},{"$i":"opt-done","$v":"انجام شد"},{"$i":"opt-ok","$v":"تأیید"},{"$i":"opt-play","$v":"پخش"},{"$i":"opt-pause","$v":"توقف موقت"},{"$i":"opt-setring","$v":"ذخيره به عنوان آهنگ زنگ"},{"$i":"opt-shuffleoff","$v":"پخش درهم خاموش"},{"$i":"opt-shuffleon","$v":"پخش درهم روشن"},{"$i":"opt-repeatoff","$v":"تکرار خاموش است"},{"$i":"opt-repeatone","$v":"تکرار یکی"},{"$i":"opt-share","$v":"اشتراک"},{"$i":"opt-volume","$v":"ميزان صدا"},{"$i":"opt-createplaylist","$v":"ایجاد لیست پخش"},{"$i":"opt-addsongs","$v":"همه آهنگ ها"},{"$i":"opt-rename","$v":"تغيير نام"},{"$i":"opt-removesongs","$v":"حذف آهنگ ها"},{"$i":"opt-addtoplaylist","$v":"افزودن به لیست پخش"},{"$i":"opt-create","$v":"ايجاد"},{"$i":"opt-settings","$v":"تنظیمات"},{"$i":"byteUnit-B","$v":"بایت"},{"$i":"byteUnit-KB","$v":"کیلوبایت"},{"$i":"byteUnit-MB","$v":"مگابایت"},{"$i":"byteUnit-GB","$v":"گیگابایت"},{"$i":"byteUnit-TB","$v":"ترابایت"},{"$i":"byteUnit-PB","$v":"پتابایت"},{"$i":"byteUnit-EB","$v":"اگزابایت"},{"$i":"byteUnit-ZB","$v":"زتابایت"},{"$i":"byteUnit-YB","$v":"یوتابایت"},{"$i":"opt-fileinfo","$v":"اطلاعات فایل"},{"$i":"info-view","ariaLabel":"اطلاعات"},{"$i":"name-label","$v":"نام"},{"$i":"size-label","$v":"اندازه"},{"$i":"music-type-label","$v":"نوع موسیقی"},{"$i":"playlists-least-played","$v":"کمترین پخش شده"},{"$i":"playlists-loading","$v":"در حال بارگيری..."},{"$i":"select","$v":"انتخاب"},{"$i":"deselect","$v":"عدم انتخاب"},{"$i":"ok","$v":"تأیید"},{"$i":"new","$v":"جديد"},{"$i":"next","$v":"بعد"},{"$i":"rename","$v":"تغيير نام"},{"$i":"remove","$v":"حذف"},{"$i":"add","$v":"افزودن"},{"$i":"all","$v":"همه"},{"$i":"none","$v":"هيچكدام"}]