[{"$i":"music","$v":"Musiikki"},{"$i":"mix","$v":"Yhdistelmä"},{"$i":"playlists","$v":"Soittolista"},{"$i":"artists","$v":"Artistit"},{"$i":"albums","$v":"Albumit"},{"$i":"songs","$v":"Kappaleet"},{"$i":"more","$v":"Lisää"},{"$i":"songName","$v":"Kappaleen nimi"},{"$i":"songArtist","$v":"Kappaleen artisti"},{"$i":"songAlbum","$v":"Kappaleen albumi"},{"$i":"unknownArtist","$v":"Tuntematon artisti"},{"$i":"unknownAlbum","$v":"Tuntematon albumi"},{"$i":"unknownTitle","$v":"Tuntematon nimike"},{"$i":"storageFullTitle","$v":"Puhelimen tallennustila täynnä."},{"$i":"sdcardFullTitle","$v":"SD-kortti on täynnä."},{"$i":"storage-not-ready","$v":"Musiikin etsiminen."},{"$i":"empty-text","$v":"Musiikkikirjasto on tyhjä. Lisää kappaleita päästäksesi alkuun."},{"$i":"pick-empty-text","$v":"Ei musiikkia."},{"$i":"scanning-text","$v":"Haetaan"},{"$i":"nocard-text","$v":"Muistikorttia ei löydy. Asenna muistikortti, jotta voit aloittaa."},{"$i":"pluggedin-text","$v":"Tallennustila on tällä hetkellä käytössä. Irrota puhelin jotta voit käyttää tätä sovellusta."},{"$i":"upgrade-text","$v":"Odota, Musiikki päivittää tietokantaansa."},{"$i":"full-text","$v":"Poista mediatiedostoja tai sovellustietoja vapauttaaksesi tilaa. Voit myös liittää SD-kortin laajentaaksesi median tallennustilaa."},{"$i":"full-text-sdcard","$v":"Poista tiedostoja SD-kortilta vapauttaaksesi tilaa."},{"$i":"search-music","placeholder":"Hae"},{"$i":"search-cancel","$v":"Peruuta"},{"$i":"search-artists","$v":"Artistit"},{"$i":"search-albums","$v":"Albumit"},{"$i":"search-titles","$v":"Kappaleet"},{"$i":"search-close","$v":"sulje"},{"$i":"search-no-result","$v":"Raitoja ei löytynyt, kokeile etsiä toisella avainsanalla."},{"$i":"artists-search-no-result","$v":"Taiteilijoita ei löytynyt, kokeile etsiä toisella avainsanalla."},{"$i":"albums-search-no-result","$v":"Albumeja ei löytynyt, kokeile etsiä toisella avainsanalla."},{"$i":"playlists-shuffle-all","$v":"Satunn.toista kaikki"},{"$i":"playlists-recently-added","$v":"Viime aikoina lisätty"},{"$i":"playlists-most-played","$v":"Eniten toistettu"},{"$i":"playlists-discover","$v":"Tutustu"},{"$i":"playlists-my-playlists","$v":"Omat soittolistat"},{"$i":"playlists-create-playlists","$v":"Uusi soittolista"},{"$i":"playlists-choose-playlists","$v":"Soittolista"},{"$i":"no-my-playlists","$v":"Et ole luonut vielä yhtään soittolistaa."},{"$i":"no-songs-added","$v":"Et ole lisännyt vielä yhtään kappaletta tähän soittolistaan."},{"$i":"no-played-songs","$v":"Et ole vielä soittanut yhtään kappaletta."},{"$i":"no-recently-added","$v":"Uusia kappaleita ei ole lisätty hiljattain."},{"$i":"playlists-highest-rated","$v":"Parhaat arviot"},{"$i":"picker-title","$v":"Valitse kappale"},{"$i":"save","$v":"Tallenna"},{"$i":"saved","$v":"tallennettu musiikkikirjastoon."},{"$i":"audioinvalid","$v":"Tämä tiedostomuoto on virheellinen tai sitä ei tueta."},{"$i":"overlay-cancel-button","$v":"Peruuta"},{"$i":"music-paused-notification","$v":"Musiikki keskeytettiin puhelun ajaksi"},{"$i":"done","$v":"Valmis"},{"$i":"share-song","ariaLabel":"Jaa"},{"$i":"player-album-rating","ariaLabel":"Arvostelu"},{"$i":"rating-star","ariaLabel":{"$x":[{"t":"idOrVar","v":"plural"},"n"],"$v":{"few":[{"t":"idOrVar","v":"n"}," tähteä"],"many":[{"t":"idOrVar","v":"n"}," tähteä"],"one":[{"t":"idOrVar","v":"n"}," tähti"],"other":[{"t":"idOrVar","v":"n"}," tähteä"],"two":[{"t":"idOrVar","v":"n"}," tähteä"],"zero":[{"t":"idOrVar","v":"n"}," tähteä"]}}},{"$i":"go-to-player-view","ariaLabel":"Siirry toisto-ohjelman näkymään"},{"$i":"repeat-off","ariaLabel":"Toisto pois"},{"$i":"repeat-list","ariaLabel":"Toista kaikki"},{"$i":"repeat-song","ariaLabel":"Toista kappale"},{"$i":"shuffle-toggle","ariaLabel":"Satunnaistoisto"},{"$i":"mix-tab","ariaLabel":"Yhdistelmä"},{"$i":"playlists-tab","ariaLabel":"Soittolistat"},{"$i":"artists-tab","ariaLabel":"Artistit"},{"$i":"albums-tab","ariaLabel":"Albumit"},{"$i":"songs-tab","ariaLabel":"Kappaleet"},{"$i":"check","$v":"Valitse"},{"$i":"remove-track","$v":"Poista kappale"},{"$i":"remove-tracks","$v":"Poista kappaleet"},{"$i":"cancel","$v":"Peruuta"},{"$i":"delete","$v":"Poista"},{"$i":"song-num-checked","$v":{"few":[{"t":"idOrVar","v":"n"}," valittu"],"many":[{"t":"idOrVar","v":"n"}," valittu"],"one":[{"t":"idOrVar","v":"n"}," valittu"],"other":[{"t":"idOrVar","v":"n"}," valittu"],"two":[{"t":"idOrVar","v":"n"}," valittu"],"zero":"0 valittu"},"$x":[{"t":"idOrVar","v":"plural"},"n"]},{"$i":"delete-playlist-songs","$v":{"few":["Poistetaanko ",{"t":"idOrVar","v":"n"}," kappaletta soittolistalta?"],"many":["Poistetaanko ",{"t":"idOrVar","v":"n"}," kappaletta soittolistalta?"],"one":"Poistetaanko valittu kappale soittolistalta?","other":["Poistetaanko ",{"t":"idOrVar","v":"n"}," kappaletta soittolistalta?"],"two":["Poistetaanko ",{"t":"idOrVar","v":"n"}," kappaletta soittolistalta?"],"zero":"Ei mitään valittuna"},"$x":[{"t":"idOrVar","v":"plural"},"n"]},{"$i":"delete-playlist-hint","$v":{"few":[{"t":"idOrVar","v":"n"}," kappale poistettu soittolistalta"],"many":[{"t":"idOrVar","v":"n"}," kappale poistettu soittolistalta"],"one":"Kappale poistettu soittolistalta","other":[{"t":"idOrVar","v":"n"}," kappale poistettu soittolistalta"],"two":[{"t":"idOrVar","v":"n"}," kappale poistettu soittolistalta"],"zero":"Mitään ei poistettu"},"$x":[{"t":"idOrVar","v":"plural"},"n"]},{"$i":"delete-playlist","$v":"Poistetaanko soittolista?"},{"$i":"delete-album-songs","$v":{"few":["Poistetaanko ",{"t":"idOrVar","v":"n"}," kappaletta?"],"many":["Poistetaanko ",{"t":"idOrVar","v":"n"}," kappaletta?"],"one":"Poistetaanko valittu kappale?","other":["Poistetaanko ",{"t":"idOrVar","v":"n"}," kappaletta?"],"two":["Poistetaanko ",{"t":"idOrVar","v":"n"}," kappaletta?"],"zero":"Ei mitään valittuna"},"$x":[{"t":"idOrVar","v":"plural"},"n"]},{"$i":"delete-album-songs-hint","$v":{"few":[{"t":"idOrVar","v":"n"}," kappale valittu"],"many":[{"t":"idOrVar","v":"n"}," kappale valittu"],"one":"Kappale poistettu","other":[{"t":"idOrVar","v":"n"}," kappale valittu"],"two":[{"t":"idOrVar","v":"n"}," kappale valittu"],"zero":"Mitään ei poistettu"},"$x":[{"t":"idOrVar","v":"plural"},"n"]},{"$i":"add-to-playlist-song-hint","$v":"Raita lisätty kohteeseen"},{"$i":"add-to-playlist-songs-hint","$v":"raitoja lisätty kohteeseen"},{"$i":"library","$v":"Kirjasto"},{"$i":"rate","$v":"Arvioi"},{"$i":"gridview","$v":"Ruudukkonäkymä"},{"$i":"confirmation-title","$v":"Vahvistus"},{"$i":"options","$v":"Valinnat"},{"$i":"opt-player","$v":"Soitin"},{"$i":"opt-delete","$v":"Poista"},{"$i":"opt-mulselect","$v":"Valitse useita"},{"$i":"opt-selectall","$v":"Valitse kaikki"},{"$i":"opt-deselectall","$v":"Poista valinta kaikista"},{"$i":"opt-cancel","$v":"Peruuta"},{"$i":"opt-library","$v":"Kirjasto"},{"$i":"opt-shuffleall","$v":"Satunn.toista kaikki"},{"$i":"opt-repeatall","$v":"Toista kaikki"},{"$i":"opt-back","$v":"Takaisin"},{"$i":"opt-done","$v":"Valmis"},{"$i":"opt-ok","$v":"OK"},{"$i":"opt-play","$v":"Toista"},{"$i":"opt-pause","$v":"Tauko"},{"$i":"opt-setring","$v":"Tallenna soittoääneksi"},{"$i":"opt-shuffleoff","$v":"Satunn.toisto pois"},{"$i":"opt-shuffleon","$v":"Satunn.toisto päällä"},{"$i":"opt-repeatoff","$v":"Toisto pois"},{"$i":"opt-repeatone","$v":"Toista yksi"},{"$i":"opt-share","$v":"Jaa"},{"$i":"opt-volume","$v":"Äänenvoim."},{"$i":"opt-createplaylist","$v":"Luo soittolista"},{"$i":"opt-addsongs","$v":"Lisää kappaleita"},{"$i":"opt-rename","$v":"Muuta nimi"},{"$i":"opt-removesongs","$v":"Poista kappaleet"},{"$i":"opt-addtoplaylist","$v":"Lisää soittolistaan"},{"$i":"opt-create","$v":"Luo"},{"$i":"opt-settings","$v":"Asetukset"},{"$i":"byteUnit-B","$v":"Tavua"},{"$i":"byteUnit-KB","$v":"kt"},{"$i":"byteUnit-MB","$v":"Mt"},{"$i":"byteUnit-GB","$v":"Gt"},{"$i":"byteUnit-TB","$v":"Tt"},{"$i":"byteUnit-PB","$v":"Pt"},{"$i":"byteUnit-EB","$v":"Et"},{"$i":"byteUnit-ZB","$v":"zt"},{"$i":"byteUnit-YB","$v":"Yt"},{"$i":"opt-fileinfo","$v":"Tiedoston tiedot"},{"$i":"info-view","ariaLabel":"Tiedot"},{"$i":"name-label","$v":"Nimi"},{"$i":"size-label","$v":"Koko"},{"$i":"music-type-label","$v":"Musiikin tyyppi"},{"$i":"playlists-least-played","$v":"Vähiten toistettu"},{"$i":"playlists-loading","$v":"Ladataan..."},{"$i":"select","$v":"Valitse"},{"$i":"deselect","$v":"Poista valinta"},{"$i":"ok","$v":"OK"},{"$i":"new","$v":"Uusi"},{"$i":"next","$v":"Seuraava"},{"$i":"rename","$v":"Muuta nimi"},{"$i":"remove","$v":"Poista"},{"$i":"add","$v":"Lisää"},{"$i":"all","$v":"Kaikki"},{"$i":"none","$v":"Ei mitään"}]