[{"$i":"music","$v":"Musique"},{"$i":"mix","$v":"Mélange"},{"$i":"playlists","$v":"Liste de lecture"},{"$i":"artists","$v":"Artistes"},{"$i":"albums","$v":"Albums"},{"$i":"songs","$v":"Chansons"},{"$i":"more","$v":"Plus"},{"$i":"songName","$v":"Nom de la chanson"},{"$i":"songArtist","$v":"Interprète de la chanson"},{"$i":"songAlbum","$v":"Album de chansons"},{"$i":"unknownArtist","$v":"Artiste inconnu"},{"$i":"unknownAlbum","$v":"Album inconnu"},{"$i":"unknownTitle","$v":"Titre inconnu"},{"$i":"storageFullTitle","$v":"Stockage du téléphone plein"},{"$i":"sdcardFullTitle","$v":"Carte SD pleine"},{"$i":"storage-not-ready","$v":"Balayage de la musique."},{"$i":"empty-text","$v":"La bibliothèque musicale est vide. Ajoutez des chansons pour débuter."},{"$i":"pick-empty-text","$v":"Aucune musique disponible."},{"$i":"scanning-text","$v":"Recherche de musique…"},{"$i":"nocard-text","$v":"La carte mémoire n'est pas trouvée. Insérez une carte mémoire pour démarrer.."},{"$i":"pluggedin-text","$v":"La mémoire est actuellement en utilisation. Veuillez débrancher le téléphone pour pouvoir utiliser cette application."},{"$i":"upgrade-text","$v":"Veuillez patienter pendant que Musique met à jour sa base de données."},{"$i":"full-text","$v":"Supprimez des fichiers de médias ou des données d'application pour libérer de l'espace. Vous pouvez aussi insérer une carte SD pour agrandir l'espace de stockage des médias."},{"$i":"full-text-sdcard","$v":"Supprimez des fichiers sur la carte SD pour libérer de l'espace."},{"$i":"search-music","placeholder":"Chercher"},{"$i":"search-cancel","$v":"Annuler"},{"$i":"search-artists","$v":"Artistes"},{"$i":"search-albums","$v":"Albums"},{"$i":"search-titles","$v":"Pistes"},{"$i":"search-close","$v":"fermer"},{"$i":"search-no-result","$v":"Aucune piste trouvée, essayez un autre mot-clé pour la recherche."},{"$i":"artists-search-no-result","$v":"Aucun artiste trouvé, essayez un autre mot-clé pour la recherche."},{"$i":"albums-search-no-result","$v":"Aucun album trouvé, essayez un autre mot-clé pour la recherche."},{"$i":"playlists-shuffle-all","$v":"Lecture aléatoire globale"},{"$i":"playlists-recently-added","$v":"Ajoutés récemment"},{"$i":"playlists-most-played","$v":"Plus écoutés"},{"$i":"playlists-discover","$v":"Découvrir"},{"$i":"playlists-my-playlists","$v":"Mes listes d'écoute"},{"$i":"playlists-create-playlists","$v":"Nouvelle liste d'écoute"},{"$i":"playlists-choose-playlists","$v":"Listes de lecture"},{"$i":"no-my-playlists","$v":"Vous n'avez pas encore créé de liste d'écoute."},{"$i":"no-songs-added","$v":"Vous n'avez pas encore ajouté de chansons à cette liste d'écoute."},{"$i":"no-played-songs","$v":"Vous n'avez écouté aucune chanson."},{"$i":"no-recently-added","$v":"Aucune nouvelle chanson ajoutée récemment."},{"$i":"playlists-highest-rated","$v":"Meilleures évaluations"},{"$i":"picker-title","$v":"Sélectionnez une piste"},{"$i":"save","$v":"Enregistrer"},{"$i":"saved","$v":"enregistré dans la musicothèque."},{"$i":"audioinvalid","$v":"Ce format de fichier est non valide ou non pris en charge."},{"$i":"overlay-cancel-button","$v":"Annuler"},{"$i":"music-paused-notification","$v":"La musique a été interrompue pendant l'appel."},{"$i":"done","$v":"Terminé"},{"$i":"share-song","ariaLabel":"Partager"},{"$i":"player-album-rating","ariaLabel":"Évaluation"},{"$i":"rating-star","ariaLabel":{"$x":[{"t":"idOrVar","v":"plural"},"n"],"$v":{"few":[{"t":"idOrVar","v":"n"}," étoiles"],"many":[{"t":"idOrVar","v":"n"}," étoiles"],"one":[{"t":"idOrVar","v":"n"}," étoile"],"other":[{"t":"idOrVar","v":"n"}," étoiles"],"two":[{"t":"idOrVar","v":"n"}," étoiles"],"zero":[{"t":"idOrVar","v":"n"}," étoiles"]}}},{"$i":"go-to-player-view","ariaLabel":"Allez à la vue du lecteur"},{"$i":"repeat-off","ariaLabel":"Répétition désactivée"},{"$i":"repeat-list","ariaLabel":"Répéter tout"},{"$i":"repeat-song","ariaLabel":"Répéter la piste"},{"$i":"shuffle-toggle","ariaLabel":"Lecture aléatoire"},{"$i":"mix-tab","ariaLabel":"Mélange"},{"$i":"playlists-tab","ariaLabel":"Listes de lecture"},{"$i":"artists-tab","ariaLabel":"Artistes"},{"$i":"albums-tab","ariaLabel":"Albums"},{"$i":"songs-tab","ariaLabel":"Chansons"},{"$i":"check","$v":"Sélectionner"},{"$i":"remove-track","$v":"Supprimer la piste"},{"$i":"remove-tracks","$v":"Supprimer les pistes"},{"$i":"cancel","$v":"Annuler"},{"$i":"delete","$v":"Supprimer"},{"$i":"song-num-checked","$v":{"few":[{"t":"idOrVar","v":"n"}," sélectionné"],"many":[{"t":"idOrVar","v":"n"}," sélectionné"],"one":[{"t":"idOrVar","v":"n"}," sélectionné"],"other":[{"t":"idOrVar","v":"n"}," sélectionné"],"two":[{"t":"idOrVar","v":"n"}," sélectionné"],"zero":"0 sélectionné"},"$x":[{"t":"idOrVar","v":"plural"},"n"]},{"$i":"delete-playlist-songs","$v":{"few":["Supprimer ",{"t":"idOrVar","v":"n"}," pistes de la liste de lecture?"],"many":["Supprimer ",{"t":"idOrVar","v":"n"}," pistes de la liste de lecture?"],"one":"Supprimer la piste sélectionnée de la liste de lecture?","other":["Supprimer ",{"t":"idOrVar","v":"n"}," pistes de la liste de lecture?"],"two":["Supprimer ",{"t":"idOrVar","v":"n"}," pistes de la liste de lecture?"],"zero":"Rien n'est sélectionné"},"$x":[{"t":"idOrVar","v":"plural"},"n"]},{"$i":"delete-playlist-hint","$v":{"few":[{"t":"idOrVar","v":"n"}," pistes supprimées de la liste de lecture"],"many":[{"t":"idOrVar","v":"n"}," pistes supprimées de la liste de lecture"],"one":"Piste supprimée de la liste de lecture","other":[{"t":"idOrVar","v":"n"}," pistes supprimées de la liste de lecture"],"two":[{"t":"idOrVar","v":"n"}," pistes supprimées de la liste de lecture"],"zero":"Rien n'a été supprimé."},"$x":[{"t":"idOrVar","v":"plural"},"n"]},{"$i":"delete-playlist","$v":"Supprimer la liste d'écoute?"},{"$i":"delete-album-songs","$v":{"few":["Supprimer ",{"t":"idOrVar","v":"n"}," pistes?"],"many":["Supprimer ",{"t":"idOrVar","v":"n"}," pistes?"],"one":"Supprimer la piste sélectionnée?","other":["Supprimer ",{"t":"idOrVar","v":"n"}," pistes?"],"two":["Supprimer ",{"t":"idOrVar","v":"n"}," pistes?"],"zero":"Rien n'est sélectionné"},"$x":[{"t":"idOrVar","v":"plural"},"n"]},{"$i":"delete-album-songs-hint","$v":{"few":[{"t":"idOrVar","v":"n"}," pistes supprimées"],"many":[{"t":"idOrVar","v":"n"}," pistes supprimées"],"one":"Piste supprimée","other":[{"t":"idOrVar","v":"n"}," pistes supprimées"],"two":[{"t":"idOrVar","v":"n"}," pistes supprimées"],"zero":"Rien n'a été supprimé."},"$x":[{"t":"idOrVar","v":"plural"},"n"]},{"$i":"add-to-playlist-song-hint","$v":"Piste ajoutés à"},{"$i":"add-to-playlist-songs-hint","$v":"pistes ajoutées à"},{"$i":"library","$v":"Bibliothèque"},{"$i":"rate","$v":"Évaluer"},{"$i":"gridview","$v":"Vue de la grille"},{"$i":"confirmation-title","$v":"Confirmation"},{"$i":"options","$v":"Options"},{"$i":"opt-player","$v":"Lecteur"},{"$i":"opt-delete","$v":"Supprimer"},{"$i":"opt-mulselect","$v":"Sélectionner plusieurs éléments"},{"$i":"opt-selectall","$v":"Tout"},{"$i":"opt-deselectall","$v":"Aucun"},{"$i":"opt-cancel","$v":"Annuler"},{"$i":"opt-library","$v":"Bibliothèque"},{"$i":"opt-shuffleall","$v":"Lecture aléatoire globale"},{"$i":"opt-repeatall","$v":"Répéter tout"},{"$i":"opt-back","$v":"Arrière"},{"$i":"opt-done","$v":"Terminé"},{"$i":"opt-ok","$v":"OK"},{"$i":"opt-play","$v":"Écouter"},{"$i":"opt-pause","$v":"Pause"},{"$i":"opt-setring","$v":"Établir comme sonnerie"},{"$i":"opt-shuffleoff","$v":"Aléatoire désactivé"},{"$i":"opt-shuffleon","$v":"Aléatoire activé"},{"$i":"opt-repeatoff","$v":"Répétition désactivée"},{"$i":"opt-repeatone","$v":"Répéter une chanson"},{"$i":"opt-share","$v":"Partager"},{"$i":"opt-volume","$v":"Volume"},{"$i":"opt-createplaylist","$v":"Créer une liste d'écoute"},{"$i":"opt-addsongs","$v":"Ajouter des chansons"},{"$i":"opt-rename","$v":"Renommer"},{"$i":"opt-removesongs","$v":"Retirer les chansons"},{"$i":"opt-addtoplaylist","$v":"Ajouter à la liste d'écoute"},{"$i":"opt-create","$v":"Créer"},{"$i":"opt-settings","$v":"Réglages"},{"$i":"byteUnit-B","$v":"Octets"},{"$i":"byteUnit-KB","$v":"Ko"},{"$i":"byteUnit-MB","$v":"Mo"},{"$i":"byteUnit-GB","$v":"Go"},{"$i":"byteUnit-TB","$v":"To"},{"$i":"byteUnit-PB","$v":"Po"},{"$i":"byteUnit-EB","$v":"Eo"},{"$i":"byteUnit-ZB","$v":"Zo"},{"$i":"byteUnit-YB","$v":"Yo"},{"$i":"opt-fileinfo","$v":"Information sur le fichier"},{"$i":"info-view","ariaLabel":"Informations"},{"$i":"name-label","$v":"Nom"},{"$i":"size-label","$v":"Taille"},{"$i":"music-type-label","$v":"Type de musique"},{"$i":"playlists-least-played","$v":"Moins écoutés"},{"$i":"playlists-loading","$v":"Chargement..."},{"$i":"select","$v":"Sélectionner"},{"$i":"deselect","$v":"Désélectionner"},{"$i":"ok","$v":"OK"},{"$i":"new","$v":"Nouveau"},{"$i":"next","$v":"Suivant"},{"$i":"rename","$v":"Renommer"},{"$i":"remove","$v":"Supprimer"},{"$i":"add","$v":"Ajouter"},{"$i":"all","$v":"Tout"},{"$i":"none","$v":"Aucun"}]