[{"$i":"music","$v":"Musique"},{"$i":"mix","$v":"Mix"},{"$i":"playlists","$v":"Liste de lecture"},{"$i":"artists","$v":"Artistes"},{"$i":"albums","$v":"Albums"},{"$i":"songs","$v":"Titres"},{"$i":"more","$v":"Plus"},{"$i":"songName","$v":"Nom du titre"},{"$i":"songArtist","$v":"Artiste"},{"$i":"songAlbum","$v":"Album"},{"$i":"unknownArtist","$v":"Artiste inconnu"},{"$i":"unknownAlbum","$v":"Album inconnu"},{"$i":"unknownTitle","$v":"Titre inconnu"},{"$i":"storageFullTitle","$v":"Mémoire de stockage interne pleine"},{"$i":"sdcardFullTitle","$v":"Carte SD pleine"},{"$i":"storage-not-ready","$v":"Recherche de titres en cours"},{"$i":"empty-text","$v":"La bibliothèque musicale est vide. Ajoutez des titres pour commencer."},{"$i":"pick-empty-text","$v":"Aucun titre disponible."},{"$i":"scanning-text","$v":"Recherche de musique…"},{"$i":"nocard-text","$v":"Pour écouter de la musique, insérez une carte mémoire."},{"$i":"pluggedin-text","$v":"Pour écouter de la musique, débranchez le téléphone."},{"$i":"upgrade-text","$v":"Veuillez patienter pendant que Musique met à jour sa base de données."},{"$i":"full-text","$v":"Supprimez des fichiers ou des données d’application pour libérer de l’espace. Vous pouvez également insérer une carte SD pour étendre la capacité de stockage."},{"$i":"full-text-sdcard","$v":"Supprimer des fichiers sur la carte SD pour libérer de l’espace."},{"$i":"search-music","placeholder":"Rechercher"},{"$i":"search-cancel","$v":"Annuler"},{"$i":"search-artists","$v":"Artistes"},{"$i":"search-albums","$v":"Albums"},{"$i":"search-titles","$v":"Pistes"},{"$i":"search-close","$v":"fermer"},{"$i":"search-no-result","$v":"Aucune piste n’a été trouvée. Essayez de rechercher à l’aide d’un autre mot-clé."},{"$i":"artists-search-no-result","$v":"Aucun artiste n’a été trouvé. Essayez de rechercher à l’aide d’un autre mot-clé."},{"$i":"albums-search-no-result","$v":"Aucun album n’a été trouvé. Essayez de rechercher à l’aide d’un autre mot-clé."},{"$i":"playlists-shuffle-all","$v":"Lecture aléatoire"},{"$i":"playlists-recently-added","$v":"Derniers ajouts"},{"$i":"playlists-most-played","$v":"Pistes fréquentes"},{"$i":"playlists-discover","$v":"Découvrir"},{"$i":"playlists-my-playlists","$v":"Mes playlists"},{"$i":"playlists-create-playlists","$v":"Nouvelle playlist"},{"$i":"playlists-choose-playlists","$v":"Playlists"},{"$i":"no-my-playlists","$v":"Vous n’avez créé aucune playlist pour le moment."},{"$i":"no-songs-added","$v":"Vous n’avez ajouté aucun titre à cette playlist pour le moment."},{"$i":"no-played-songs","$v":"Vous n’avez lu aucun titre pour le moment."},{"$i":"no-recently-added","$v":"Aucun nouveau titre n’a été ajouté récemment."},{"$i":"playlists-highest-rated","$v":"Meilleur classement"},{"$i":"picker-title","$v":"Sélectionner une piste"},{"$i":"save","$v":"Enregistrer"},{"$i":"saved","$v":[{"t":"idOrVar","v":"title"}," enregistré dans Musique"]},{"$i":"audioinvalid","$v":"Ce format de fichier n’est pas pris en charge ou valide."},{"$i":"overlay-cancel-button","$v":"Annuler"},{"$i":"music-paused-notification","$v":"Musique mise en pause durant l’appel"},{"$i":"done","$v":"Terminé"},{"$i":"share-song","ariaLabel":"Partager"},{"$i":"player-album-rating","ariaLabel":"Classement"},{"$i":"rating-star","ariaLabel":{"$x":[{"t":"idOrVar","v":"plural"},"n"],"$v":{"few":[{"t":"idOrVar","v":"n"}," étoiles"],"many":[{"t":"idOrVar","v":"n"}," étoiles"],"one":[{"t":"idOrVar","v":"n"}," étoile"],"other":[{"t":"idOrVar","v":"n"}," étoiles"],"two":[{"t":"idOrVar","v":"n"}," étoiles"],"zero":[{"t":"idOrVar","v":"n"}," étoiles"]}}},{"$i":"go-to-player-view","ariaLabel":"Passer à l'affichage lecteur"},{"$i":"repeat-off","ariaLabel":"Répétition désactivée"},{"$i":"repeat-list","ariaLabel":"Tout répéter"},{"$i":"repeat-song","ariaLabel":"Répéter la piste"},{"$i":"shuffle-toggle","ariaLabel":"Aléatoire"},{"$i":"mix-tab","ariaLabel":"Mix"},{"$i":"playlists-tab","ariaLabel":"Playlists"},{"$i":"artists-tab","ariaLabel":"Artistes"},{"$i":"albums-tab","ariaLabel":"Albums"},{"$i":"songs-tab","ariaLabel":"Titres"},{"$i":"check","$v":"Sélectionner"},{"$i":"remove-track","$v":"Supprimer la piste"},{"$i":"remove-tracks","$v":"Supprimer les pistes"},{"$i":"cancel","$v":"Annuler"},{"$i":"delete","$v":"Supprimer"},{"$i":"song-num-checked","$v":{"few":[{"t":"idOrVar","v":"n"}," sélectionnés"],"many":[{"t":"idOrVar","v":"n"}," sélectionnés"],"one":[{"t":"idOrVar","v":"n"}," sélectionnés"],"other":[{"t":"idOrVar","v":"n"}," sélectionnés"],"two":[{"t":"idOrVar","v":"n"}," sélectionnés"],"zero":"Aucune sélection"},"$x":[{"t":"idOrVar","v":"plural"},"n"]},{"$i":"delete-playlist-songs","$v":{"few":["Supprimer ",{"t":"idOrVar","v":"n"}," pistes de la playlist ?"],"many":["Supprimer ",{"t":"idOrVar","v":"n"}," pistes de la playlist ?"],"one":"Supprimer la piste sélectionnée de la playlist ?","other":["Supprimer ",{"t":"idOrVar","v":"n"}," pistes de la playlist ?"],"two":["Supprimer ",{"t":"idOrVar","v":"n"}," pistes de la playlist ?"],"zero":"Aucune sélection établie"},"$x":[{"t":"idOrVar","v":"plural"},"n"]},{"$i":"delete-playlist-hint","$v":{"few":[{"t":"idOrVar","v":"n"}," piste supprimée de la playlist"],"many":[{"t":"idOrVar","v":"n"}," piste supprimée de la playlist"],"one":"Piste supprimée de la playlist","other":[{"t":"idOrVar","v":"n"}," piste supprimée de la playlist"],"two":[{"t":"idOrVar","v":"n"}," piste supprimée de la playlist"],"zero":"Aucune suppression effectuée"},"$x":[{"t":"idOrVar","v":"plural"},"n"]},{"$i":"delete-playlist","$v":"Supprimer la playlist ?"},{"$i":"delete-album-songs","$v":{"few":["Supprimer ",{"t":"idOrVar","v":"n"}," pistes ?"],"many":["Supprimer ",{"t":"idOrVar","v":"n"}," pistes ?"],"one":"Supprimer la piste sélection-née?","other":["Supprimer ",{"t":"idOrVar","v":"n"}," pistes ?"],"two":["Supprimer ",{"t":"idOrVar","v":"n"}," pistes ?"],"zero":"Aucune sélection établie"},"$x":[{"t":"idOrVar","v":"plural"},"n"]},{"$i":"delete-album-songs-hint","$v":{"few":[{"t":"idOrVar","v":"n"}," piste supprimée"],"many":[{"t":"idOrVar","v":"n"}," piste supprimée"],"one":"Piste supprimée","other":[{"t":"idOrVar","v":"n"}," piste supprimée"],"two":[{"t":"idOrVar","v":"n"}," piste supprimée"],"zero":"Aucune suppression effectuée"},"$x":[{"t":"idOrVar","v":"plural"},"n"]},{"$i":"add-to-playlist-song-hint","$v":"Piste ajoutée à"},{"$i":"add-to-playlist-songs-hint","$v":"pistes ajoutées à"},{"$i":"library","$v":"Bibliothèque"},{"$i":"rate","$v":"Évaluation"},{"$i":"gridview","$v":"Affichage en grille"},{"$i":"confirmation-title","$v":"Confirmation"},{"$i":"options","$v":"Options"},{"$i":"opt-player","$v":"Lecteur"},{"$i":"opt-delete","$v":"Supprimer"},{"$i":"opt-mulselect","$v":"Sélection multiple"},{"$i":"opt-selectall","$v":"Tout"},{"$i":"opt-deselectall","$v":"Jamais"},{"$i":"opt-cancel","$v":"Annuler"},{"$i":"opt-library","$v":"Bibliothèque"},{"$i":"opt-shuffleall","$v":"Lecture aléatoire"},{"$i":"opt-repeatall","$v":"Tout répéter"},{"$i":"opt-back","$v":"Retour"},{"$i":"opt-done","$v":"Terminé"},{"$i":"opt-ok","$v":"OK"},{"$i":"opt-play","$v":"Lecture"},{"$i":"opt-pause","$v":"Pause"},{"$i":"opt-setring","$v":"Enreg. comme sonnerie"},{"$i":"opt-shuffleoff","$v":"Lecture aléatoire désactivée"},{"$i":"opt-shuffleon","$v":"Lecture aléatoire activée"},{"$i":"opt-repeatoff","$v":"Répétition désactivée"},{"$i":"opt-repeatone","$v":"Répéter une fois"},{"$i":"opt-share","$v":"Partager"},{"$i":"opt-volume","$v":"Volume"},{"$i":"opt-createplaylist","$v":"Créer une playlist"},{"$i":"opt-addsongs","$v":"Ajouter des morceaux"},{"$i":"opt-rename","$v":"Renommer"},{"$i":"opt-removesongs","$v":"Supprimer les morceaux"},{"$i":"opt-addtoplaylist","$v":"Ajouter à la playlist"},{"$i":"opt-create","$v":"Créer"},{"$i":"opt-settings","$v":"Paramètres"},{"$i":"byteUnit-B","$v":"octets"},{"$i":"byteUnit-KB","$v":"Ko"},{"$i":"byteUnit-MB","$v":"Mo"},{"$i":"byteUnit-GB","$v":"Go"},{"$i":"byteUnit-TB","$v":"To"},{"$i":"byteUnit-PB","$v":"Po"},{"$i":"byteUnit-EB","$v":"Eo"},{"$i":"byteUnit-ZB","$v":"Zo"},{"$i":"byteUnit-YB","$v":"Yo"},{"$i":"opt-fileinfo","$v":"Informations sur le fichier"},{"$i":"info-view","ariaLabel":"Infos"},{"$i":"name-label","$v":"Prénom"},{"$i":"size-label","$v":"Taille"},{"$i":"music-type-label","$v":"Type de musique"},{"$i":"playlists-least-played","$v":"Dernière lecture"},{"$i":"playlists-loading","$v":"Chargement en cours…"},{"$i":"select","$v":"Sélectionner"},{"$i":"deselect","$v":"DÉSÉLECT."},{"$i":"ok","$v":"OK"},{"$i":"new","$v":"Nouveau"},{"$i":"next","$v":"Suivant"},{"$i":"rename","$v":"Renommer"},{"$i":"remove","$v":"Supprimer"},{"$i":"add","$v":"Ajouter"},{"$i":"all","$v":"Tout"},{"$i":"none","$v":"Jamais"}]