[{"$i":"music","$v":"מוזיקה"},{"$i":"mix","$v":"מיקס"},{"$i":"playlists","$v":"רשימת השמעה"},{"$i":"artists","$v":"אמנים"},{"$i":"albums","$v":"אלבומים"},{"$i":"songs","$v":"שירים"},{"$i":"more","$v":"עוד"},{"$i":"songName","$v":"שם השיר"},{"$i":"songArtist","$v":"אמן השיר"},{"$i":"songAlbum","$v":"אלבום השיר"},{"$i":"unknownArtist","$v":"אמן בלתי ידוע"},{"$i":"unknownAlbum","$v":"אלבום בלתי ידוע"},{"$i":"unknownTitle","$v":"כותרת בלתי ידועה"},{"$i":"storageFullTitle","$v":"אחסון הטלפון מלא."},{"$i":"sdcardFullTitle","$v":"כרטיס ה-SD מלא."},{"$i":"storage-not-ready","$v":"סריקה למוזיקה."},{"$i":"empty-text","$v":"ספריית המוזיקה ריקה. הוסף שירים כדי להתחיל."},{"$i":"pick-empty-text","$v":"אין מוסיקה זמינה."},{"$i":"scanning-text","$v":"סורק"},{"$i":"nocard-text","$v":"לא נמצא כרטיס זיכרון. הכנס כרטיס זיכרון כדי להתחיל."},{"$i":"pluggedin-text","$v":"האחסון נמצא כעת בשימוש. נא לנתק את הטלפון כדי להשתמש ביישום הזה."},{"$i":"upgrade-text","$v":"נא להמתין בעוד מוזיקה מעדכנת את מסד הנתונים שלה."},{"$i":"full-text","$v":"מחק קובצי מדיה או נתוני אפליקציות כדי לפנות מקום. תוכל גם להכניס כרטיס SD כדי להרחיב את אחסון המדיה."},{"$i":"full-text-sdcard","$v":"מחק קבצים בכרטיס ה-SD כדי לפנות מקום."},{"$i":"search-music","placeholder":"חפש"},{"$i":"search-cancel","$v":"בטל"},{"$i":"search-artists","$v":"אמנים"},{"$i":"search-albums","$v":"אלבומים"},{"$i":"search-titles","$v":"רצועות"},{"$i":"search-close","$v":"סגור"},{"$i":"search-no-result","$v":"לא נמצאו רצועות, נסה לחפש עם מילת מפתח אחרת."},{"$i":"artists-search-no-result","$v":"לא נמצאו אמנים, נסה לחפש עם מילת מפתח אחרת."},{"$i":"albums-search-no-result","$v":"לא נמצאו אלבומים, נסה לחפש עם מילת מפתח אחרת."},{"$i":"playlists-shuffle-all","$v":"נגן הכל בסדר אקראי"},{"$i":"playlists-recently-added","$v":"נוספו לאחרונה"},{"$i":"playlists-most-played","$v":"המנוגן ביותר"},{"$i":"playlists-discover","$v":"גלה"},{"$i":"playlists-my-playlists","$v":"הפלייליסטים שלי"},{"$i":"playlists-create-playlists","$v":"פלייליסט חדש"},{"$i":"playlists-choose-playlists","$v":"רשימת השמעה"},{"$i":"no-my-playlists","$v":"עדיין לא יצרת רשימות השמעה כלשהן."},{"$i":"no-songs-added","$v":"עדיין לא הוספת שירים לרשימת שירים זו."},{"$i":"no-played-songs","$v":"טרם ניגנת שירים כלשהם."},{"$i":"no-recently-added","$v":"לא נוספו שירים חדשים לאחרונה."},{"$i":"playlists-highest-rated","$v":"מדורג הגבוה ביותר"},{"$i":"picker-title","$v":"בחר רצועה"},{"$i":"save","$v":"שמור"},{"$i":"saved","$v":"נשמרה לספריית המוזיקה."},{"$i":"audioinvalid","$v":"פורמט קובץ זה אינו חוקי או שאינו נתמך."},{"$i":"overlay-cancel-button","$v":"בטל"},{"$i":"music-paused-notification","$v":"המוזיקה הושהתה במהלך השיחה"},{"$i":"done","$v":"בוצע"},{"$i":"share-song","ariaLabel":"שתף"},{"$i":"player-album-rating","ariaLabel":"דירוג"},{"$i":"rating-star","ariaLabel":{"$x":[{"t":"idOrVar","v":"plural"},"n"],"$v":{"few":[{"t":"idOrVar","v":"n"}," כוכבים"],"many":[{"t":"idOrVar","v":"n"}," כוכבים"],"one":[{"t":"idOrVar","v":"n"}," כוכב"],"other":[{"t":"idOrVar","v":"n"}," כוכבים"],"two":[{"t":"idOrVar","v":"n"}," כוכבים"],"zero":[{"t":"idOrVar","v":"n"}," כוכבים"]}}},{"$i":"go-to-player-view","ariaLabel":"עבור לתצוגת נגן"},{"$i":"repeat-off","ariaLabel":"חזור על כבוי"},{"$i":"repeat-list","ariaLabel":"חזור על הכול"},{"$i":"repeat-song","ariaLabel":"חזור על רצועה"},{"$i":"shuffle-toggle","ariaLabel":"ערבוב"},{"$i":"mix-tab","ariaLabel":"מיקס"},{"$i":"playlists-tab","ariaLabel":"רשימות השמעה"},{"$i":"artists-tab","ariaLabel":"אמנים"},{"$i":"albums-tab","ariaLabel":"אלבומים"},{"$i":"songs-tab","ariaLabel":"שירים"},{"$i":"check","$v":"בחר"},{"$i":"remove-track","$v":"מחק רצועה"},{"$i":"remove-tracks","$v":"מחק רצועות"},{"$i":"cancel","$v":"בטל"},{"$i":"delete","$v":"מחק"},{"$i":"song-num-checked","$v":{"few":[{"t":"idOrVar","v":"n"}," נבחרו"],"many":[{"t":"idOrVar","v":"n"}," נבחרו"],"one":[{"t":"idOrVar","v":"n"}," נבחרו"],"other":[{"t":"idOrVar","v":"n"}," נבחרו"],"two":[{"t":"idOrVar","v":"n"}," נבחרו"],"zero":"0 נבחרו"},"$x":[{"t":"idOrVar","v":"plural"},"n"]},{"$i":"delete-playlist-songs","$v":{"few":["למחוק ",{"t":"idOrVar","v":"n"}," רצועות מרשימת השמעה?"],"many":["למחוק ",{"t":"idOrVar","v":"n"}," רצועות מרשימת השמעה?"],"one":"למחוק את הרצועה שנבחרה מרשימת השמעה?","other":["למחוק ",{"t":"idOrVar","v":"n"}," רצועות מרשימת השמעה?"],"two":["למחוק ",{"t":"idOrVar","v":"n"}," רצועות מרשימת השמעה?"],"zero":"לא נבחר דבר"},"$x":[{"t":"idOrVar","v":"plural"},"n"]},{"$i":"delete-playlist-hint","$v":{"few":[{"t":"idOrVar","v":"n"}," רצועות נמחקו מרשימת השמעה"],"many":[{"t":"idOrVar","v":"n"}," רצועות נמחקו מרשימת השמעה"],"one":"הרצועה נמחקה מרשימת השמעה","other":[{"t":"idOrVar","v":"n"}," רצועות נמחקו מרשימת השמעה"],"two":[{"t":"idOrVar","v":"n"}," רצועות נמחקו מרשימת השמעה"],"zero":"לא נמחק דבר"},"$x":[{"t":"idOrVar","v":"plural"},"n"]},{"$i":"delete-playlist","$v":"למחוק רשימת השמעה?"},{"$i":"delete-album-songs","$v":{"few":["למחוק ",{"t":"idOrVar","v":"n"}," רצועות?"],"many":["למחוק ",{"t":"idOrVar","v":"n"}," רצועות?"],"one":"למחוק את הרצועה שנבחרה?","other":["למחוק ",{"t":"idOrVar","v":"n"}," רצועות?"],"two":["למחוק ",{"t":"idOrVar","v":"n"}," רצועות?"],"zero":"לא נבחר דבר"},"$x":[{"t":"idOrVar","v":"plural"},"n"]},{"$i":"delete-album-songs-hint","$v":{"few":[{"t":"idOrVar","v":"n"}," רצועות נמחקו"],"many":[{"t":"idOrVar","v":"n"}," רצועות נמחקו"],"one":"הרצועה נמחקה","other":[{"t":"idOrVar","v":"n"}," רצועות נמחקו"],"two":[{"t":"idOrVar","v":"n"}," רצועות נמחקו"],"zero":"לא נמחק דבר"},"$x":[{"t":"idOrVar","v":"plural"},"n"]},{"$i":"add-to-playlist-song-hint","$v":"מעקב נוסף ל-"},{"$i":"add-to-playlist-songs-hint","$v":"מעקבים נוספו ל-"},{"$i":"library","$v":"ספריה"},{"$i":"rate","$v":"דרג"},{"$i":"gridview","$v":"תצוגת סריג"},{"$i":"confirmation-title","$v":"אישור"},{"$i":"options","$v":"אפשרויות"},{"$i":"opt-player","$v":"נגן"},{"$i":"opt-delete","$v":"מחק"},{"$i":"opt-mulselect","$v":"בחר כמה"},{"$i":"opt-selectall","$v":"בחר הכול"},{"$i":"opt-deselectall","$v":"בחר בחירת הכול"},{"$i":"opt-cancel","$v":"בטל"},{"$i":"opt-library","$v":"ספריה"},{"$i":"opt-shuffleall","$v":"נגן הכל בסדר אקראי"},{"$i":"opt-repeatall","$v":"חזור על הכול"},{"$i":"opt-back","$v":"חזרה"},{"$i":"opt-done","$v":"בוצע"},{"$i":"opt-ok","$v":"OK"},{"$i":"opt-play","$v":"נגן"},{"$i":"opt-pause","$v":"הפסקה"},{"$i":"opt-setring","$v":"שמור בתור רינגטון"},{"$i":"opt-shuffleoff","$v":"ערבוב כבוי"},{"$i":"opt-shuffleon","$v":"ערבוב דלוק"},{"$i":"opt-repeatoff","$v":"ללא חזרה"},{"$i":"opt-repeatone","$v":"חזור על אחד"},{"$i":"opt-share","$v":"שתף"},{"$i":"opt-volume","$v":"עוצמת קול"},{"$i":"opt-createplaylist","$v":"צור פלייליסט"},{"$i":"opt-addsongs","$v":"הוסף שירים"},{"$i":"opt-rename","$v":"שנה שם"},{"$i":"opt-removesongs","$v":"הסר שירים"},{"$i":"opt-addtoplaylist","$v":"הוסף לרשימת ההשמעה"},{"$i":"opt-create","$v":"צור"},{"$i":"opt-settings","$v":"הגדרות"},{"$i":"byteUnit-B","$v":"בתים"},{"$i":"byteUnit-KB","$v":"ק\"ב"},{"$i":"byteUnit-MB","$v":"מ\"ב"},{"$i":"byteUnit-GB","$v":"GB"},{"$i":"byteUnit-TB","$v":"ט\"ב"},{"$i":"byteUnit-PB","$v":"PB"},{"$i":"byteUnit-EB","$v":"EB"},{"$i":"byteUnit-ZB","$v":"ZB"},{"$i":"byteUnit-YB","$v":"YB"},{"$i":"opt-fileinfo","$v":"מידע קובץ"},{"$i":"info-view","ariaLabel":"מידע"},{"$i":"name-label","$v":"שם"},{"$i":"size-label","$v":"גודל"},{"$i":"music-type-label","$v":"סוג מוזיקה"},{"$i":"playlists-least-played","$v":"שוחק הכי פחות"},{"$i":"playlists-loading","$v":"טוען..."},{"$i":"select","$v":"בחירה"},{"$i":"deselect","$v":"בטל בחירה"},{"$i":"ok","$v":"אישור"},{"$i":"new","$v":"חדש"},{"$i":"next","$v":"הבא"},{"$i":"rename","$v":"שנה שם"},{"$i":"remove","$v":"הסר"},{"$i":"add","$v":"הוספה"},{"$i":"all","$v":"הכל"},{"$i":"none","$v":"ללא"}]