[{"$i":"music","$v":"Glazba"},{"$i":"mix","$v":"Promiješaj"},{"$i":"playlists","$v":"Popis pjesama"},{"$i":"artists","$v":"Izvođači"},{"$i":"albums","$v":"Albumi"},{"$i":"songs","$v":"Pjesme"},{"$i":"more","$v":"Više"},{"$i":"songName","$v":"Naziv pjesme"},{"$i":"songArtist","$v":"Izvođač pjesme"},{"$i":"songAlbum","$v":"Album pjesme"},{"$i":"unknownArtist","$v":"Nepoznati izvođač"},{"$i":"unknownAlbum","$v":"Nepoznati album"},{"$i":"unknownTitle","$v":"Nepoznati naslov"},{"$i":"storageFullTitle","$v":"Pohr. tel. puna."},{"$i":"sdcardFullTitle","$v":"SD kartica je puna."},{"$i":"storage-not-ready","$v":"Skeniranje glazbe."},{"$i":"empty-text","$v":"Glazbena je knjižnica prazna. Dodajte pjesme za započinjanje."},{"$i":"pick-empty-text","$v":"Nema dostupne glazbe."},{"$i":"scanning-text","$v":"Skeniranje"},{"$i":"nocard-text","$v":"Memorijska kartica nije pronađena. Umetnite memorijsku karticu da biste počeli."},{"$i":"pluggedin-text","$v":"Pohr. se trenutno koristi. Isklj. telefon za kor. ove aplikacije."},{"$i":"upgrade-text","$v":"Priček. dok Glazba až. svoju b. podataka."},{"$i":"full-text","$v":"Izbrišite medijske datoteke ili podatke aplikacije za oslobađanje prostora. Možete umetnuti i SD karticu za proširivanje medijske pohrane."},{"$i":"full-text-sdcard","$v":"Izbrišite datoteke na SD kartici za oslobađanje prostora."},{"$i":"search-music","placeholder":"Traži"},{"$i":"search-cancel","$v":"Poništi"},{"$i":"search-artists","$v":"Izvođači"},{"$i":"search-albums","$v":"Albumi"},{"$i":"search-titles","$v":"Pjesme"},{"$i":"search-close","$v":"zatvori"},{"$i":"search-no-result","$v":"Nije pronađen nijedan zapis, pokušajte pretraživati ​​s drugom ključnom riječi."},{"$i":"artists-search-no-result","$v":"Umjetnici nisu pronađeni, pokušajte pretraživati ​​s drugom ključnom riječi."},{"$i":"albums-search-no-result","$v":"Nisu pronađeni albumi, pokušajte pretraživati ​​s drugom ključnom riječi."},{"$i":"playlists-shuffle-all","$v":"Pomiješaj sve"},{"$i":"playlists-recently-added","$v":"Nedavno dodano"},{"$i":"playlists-most-played","$v":"Najviše puštano"},{"$i":"playlists-discover","$v":"Otkrij"},{"$i":"playlists-my-playlists","$v":"Moji popisi za reprodukciju"},{"$i":"playlists-create-playlists","$v":"Novi popis pjesama"},{"$i":"playlists-choose-playlists","$v":"Popis pjesama"},{"$i":"no-my-playlists","$v":"Još niste izradili nijedan popis pjesama."},{"$i":"no-songs-added","$v":"Još niste dodali nijednu pjesmu na ovaj popis pjesama."},{"$i":"no-played-songs","$v":"Još niste reproducirali nijednu pjesmu."},{"$i":"no-recently-added","$v":"Nedavno nije dodana nijedna pjesma."},{"$i":"playlists-highest-rated","$v":"Najviša ocjena"},{"$i":"picker-title","$v":"Odabir pjesme"},{"$i":"save","$v":"Spremi"},{"$i":"saved","$v":"spremljeno u glazbeni biblioteku."},{"$i":"audioinvalid","$v":"Ovaj format datoteke nije važeći ili nije podržan."},{"$i":"overlay-cancel-button","$v":"Poništi"},{"$i":"music-paused-notification","$v":"Glazba je zaustavljena tijekom poziva"},{"$i":"done","$v":"Dovršeno"},{"$i":"share-song","ariaLabel":"Podijeli"},{"$i":"player-album-rating","ariaLabel":"Ocjena"},{"$i":"rating-star","ariaLabel":{"$x":[{"t":"idOrVar","v":"plural"},"n"],"$v":{"few":["Zvjezdica: ",{"t":"idOrVar","v":"n"}],"many":["Zvjezdica: ",{"t":"idOrVar","v":"n"}],"one":[{"t":"idOrVar","v":"n"}," zvjezdica"],"other":["Zvjezdica: ",{"t":"idOrVar","v":"n"}],"two":["Zvjezdica: ",{"t":"idOrVar","v":"n"}],"zero":["Zvjezdica: ",{"t":"idOrVar","v":"n"}]}}},{"$i":"go-to-player-view","ariaLabel":"Idi na prikaz reproduktora"},{"$i":"repeat-off","ariaLabel":"Isključi ponavljanje"},{"$i":"repeat-list","ariaLabel":"Ponovi sve"},{"$i":"repeat-song","ariaLabel":"Ponovi pjesmu"},{"$i":"shuffle-toggle","ariaLabel":"Miješanje"},{"$i":"mix-tab","ariaLabel":"Promiješaj"},{"$i":"playlists-tab","ariaLabel":"Popisi pjesama"},{"$i":"artists-tab","ariaLabel":"Izvođači"},{"$i":"albums-tab","ariaLabel":"Albumi"},{"$i":"songs-tab","ariaLabel":"Pjesme"},{"$i":"check","$v":"Odaberi"},{"$i":"remove-track","$v":"Brisanje pjesme"},{"$i":"remove-tracks","$v":"Brisanje pjesama"},{"$i":"cancel","$v":"Poništi"},{"$i":"delete","$v":"Izbriši"},{"$i":"song-num-checked","$v":{"few":["Odabrano: ",{"t":"idOrVar","v":"n"}],"many":["Odabrano: ",{"t":"idOrVar","v":"n"}],"one":["Odabrano: ",{"t":"idOrVar","v":"n"}],"other":["Odabrano: ",{"t":"idOrVar","v":"n"}],"two":["Odabrano: ",{"t":"idOrVar","v":"n"}],"zero":"0 odabrano"},"$x":[{"t":"idOrVar","v":"plural"},"n"]},{"$i":"delete-playlist-songs","$v":{"few":["Želite li izbrisati ovoliko pjesama s popisa za reprodukciju: ",{"t":"idOrVar","v":"n"},"?"],"many":["Želite li izbrisati ovoliko pjesama s popisa za reprodukciju: ",{"t":"idOrVar","v":"n"},"?"],"one":"Želite li izbrisati pjesmi s popisa za reprodukciju?","other":["Želite li izbrisati ovoliko pjesama s popisa za reprodukciju: ",{"t":"idOrVar","v":"n"},"?"],"two":["Želite li izbrisati ovoliko pjesama s popisa za reprodukciju: ",{"t":"idOrVar","v":"n"},"?"],"zero":"Ništa nije odabrano"},"$x":[{"t":"idOrVar","v":"plural"},"n"]},{"$i":"delete-playlist-hint","$v":{"few":[{"t":"idOrVar","v":"n"}," izbrisana pjesma s popisa za reprodukciju"],"many":[{"t":"idOrVar","v":"n"}," izbrisana pjesma s popisa za reprodukciju"],"one":"Pjesma izbr. s pop. za repr.","other":[{"t":"idOrVar","v":"n"}," izbrisana pjesma s popisa za reprodukciju"],"two":[{"t":"idOrVar","v":"n"}," izbrisana pjesma s popisa za reprodukciju"],"zero":"Ništa nije izbrisano"},"$x":[{"t":"idOrVar","v":"plural"},"n"]},{"$i":"delete-playlist","$v":"Izbrisati popis pjesama?"},{"$i":"delete-album-songs","$v":{"few":["Želite li izbrisati ovoliko pjesama: ",{"t":"idOrVar","v":"n"},"?"],"many":["Želite li izbrisati ovoliko pjesama: ",{"t":"idOrVar","v":"n"},"?"],"one":"Želite li izbrisati odabranu pjesmu?","other":["Želite li izbrisati ovoliko pjesama: ",{"t":"idOrVar","v":"n"},"?"],"two":["Želite li izbrisati ovoliko pjesama: ",{"t":"idOrVar","v":"n"},"?"],"zero":"Ništa nije odabrano"},"$x":[{"t":"idOrVar","v":"plural"},"n"]},{"$i":"delete-album-songs-hint","$v":{"few":[{"t":"idOrVar","v":"n"}," izbrisana pjesma"],"many":[{"t":"idOrVar","v":"n"}," izbrisana pjesma"],"one":"Pjesma izbrisana","other":[{"t":"idOrVar","v":"n"}," izbrisana pjesma"],"two":[{"t":"idOrVar","v":"n"}," izbrisana pjesma"],"zero":"Ništa nije izbrisano"},"$x":[{"t":"idOrVar","v":"plural"},"n"]},{"$i":"add-to-playlist-song-hint","$v":"Zapis dodan u"},{"$i":"add-to-playlist-songs-hint","$v":"Zapisi dodani u"},{"$i":"library","$v":"Knjižnica"},{"$i":"rate","$v":"Brzina"},{"$i":"gridview","$v":"Prikaz rešetke"},{"$i":"confirmation-title","$v":"Potvrda"},{"$i":"options","$v":"Opcije"},{"$i":"opt-player","$v":"Reproduktor"},{"$i":"opt-delete","$v":"Izbriši"},{"$i":"opt-mulselect","$v":"Višestruki odabir"},{"$i":"opt-selectall","$v":"Odaberi sve"},{"$i":"opt-deselectall","$v":"Poništi odabir svega"},{"$i":"opt-cancel","$v":"Poništi"},{"$i":"opt-library","$v":"Knjižnica"},{"$i":"opt-shuffleall","$v":"Pomiješaj sve"},{"$i":"opt-repeatall","$v":"Ponovi sve"},{"$i":"opt-back","$v":"Natrag"},{"$i":"opt-done","$v":"Dovršeno"},{"$i":"opt-ok","$v":"U redu"},{"$i":"opt-play","$v":"Reproduciraj"},{"$i":"opt-pause","$v":"Stanka"},{"$i":"opt-setring","$v":"Spremi kao melodiju zvona"},{"$i":"opt-shuffleoff","$v":"Miješanje isključeno"},{"$i":"opt-shuffleon","$v":"Miješanje uključeno"},{"$i":"opt-repeatoff","$v":"Isključi ponavljanje"},{"$i":"opt-repeatone","$v":"Ponovi jednom"},{"$i":"opt-share","$v":"Podijeli"},{"$i":"opt-volume","$v":"Glasnoća"},{"$i":"opt-createplaylist","$v":"Izradite popis za reprodukciju"},{"$i":"opt-addsongs","$v":"Dodajte pjesme"},{"$i":"opt-rename","$v":"Preimenuj"},{"$i":"opt-removesongs","$v":"Ukloni pjesme"},{"$i":"opt-addtoplaylist","$v":"Dodaj na popis za reprodukciju"},{"$i":"opt-create","$v":"Izradi"},{"$i":"opt-settings","$v":"Postavke"},{"$i":"byteUnit-B","$v":"Bajtovi"},{"$i":"byteUnit-KB","$v":"kB"},{"$i":"byteUnit-MB","$v":"MB"},{"$i":"byteUnit-GB","$v":"GB"},{"$i":"byteUnit-TB","$v":"TB"},{"$i":"byteUnit-PB","$v":"PB"},{"$i":"byteUnit-EB","$v":"EB"},{"$i":"byteUnit-ZB","$v":"ZB"},{"$i":"byteUnit-YB","$v":"YB"},{"$i":"opt-fileinfo","$v":"Informacije o datoteci"},{"$i":"info-view","ariaLabel":"Podaci"},{"$i":"name-label","$v":"Ime"},{"$i":"size-label","$v":"Veličina"},{"$i":"music-type-label","$v":"Vrsta glazbe"},{"$i":"playlists-least-played","$v":"Najmanje reproducirano"},{"$i":"playlists-loading","$v":"Učitavanje…"},{"$i":"select","$v":"Odaberi"},{"$i":"deselect","$v":"Poništi odabir"},{"$i":"ok","$v":"U redu"},{"$i":"new","$v":"Novo"},{"$i":"next","$v":"Dalje"},{"$i":"rename","$v":"Preimenuj"},{"$i":"remove","$v":"Ukloni"},{"$i":"add","$v":"Dodaj"},{"$i":"all","$v":"Sve"},{"$i":"none","$v":"Ništa"}]