[{"$i":"music","$v":"Երժշտթյն"},{"$i":"mix","$v":"Խառնում"},{"$i":"playlists","$v":"Երգացանկ"},{"$i":"artists","$v":"Կատարողներ"},{"$i":"albums","$v":"Ալբոմներ"},{"$i":"songs","$v":"Երգեր"},{"$i":"more","$v":"Ավելին"},{"$i":"songName","$v":"Երգի անուն"},{"$i":"songArtist","$v":"Երգի կատարող"},{"$i":"songAlbum","$v":"Երգերի ալբոմ"},{"$i":"unknownArtist","$v":"Անհայտ հեղինակ"},{"$i":"unknownAlbum","$v":"Անհայտ ալբոմ"},{"$i":"unknownTitle","$v":"Անհայտ անվանում"},{"$i":"storageFullTitle","$v":"Հեռախոսի պահոցը լիքն է։"},{"$i":"sdcardFullTitle","$v":"SD քարտը լիքն է։"},{"$i":"storage-not-ready","$v":"Երաժշտության սկանավորում:"},{"$i":"empty-text","$v":"Երաժշտադարանը դատարկ է: Ավելացրեք երգեր սկսելու համար:"},{"$i":"pick-empty-text","$v":"Ոչ երաժշտություն մատչելի չէ:"},{"$i":"scanning-text","$v":"Որոնում"},{"$i":"nocard-text","$v":"Հիշաքարտ չի հայտնաբերվել: Տեղադրեք հիշաքարտ սկսելու համար:"},{"$i":"pluggedin-text","$v":"Պհցն օգտգրծվմ է: Անջտք հռխսը հսնքից ծրգրն օգտգրծ հմր:"},{"$i":"upgrade-text","$v":"Սպսք, մինչ Երժշտթյն թրմցնմ է տվյլ բզն:"},{"$i":"full-text","$v":"Ջնջեք մեդիա նիշքերը կամ հավելվածի տվյալները՝ տարածք ազատելու համար։ Կարող եք նաև տեղադրել SD քարտ՝ մեդիա հիշողությունն ընդլայնելու համար։"},{"$i":"full-text-sdcard","$v":"Ջնջել SD քարտի նիշքերը՝ տարածք ազատելու համար։"},{"$i":"search-music","placeholder":"Որոնել"},{"$i":"search-cancel","$v":"Չեղարկել"},{"$i":"search-artists","$v":"Կատարողներ"},{"$i":"search-albums","$v":"Ալբոմներ"},{"$i":"search-titles","$v":"Երգեր"},{"$i":"search-close","$v":"փակել"},{"$i":"search-no-result","$v":"Ոչ մի հետք չի գտնվել, փորձեք որոնել այլ հիմնաբառով:"},{"$i":"artists-search-no-result","$v":"Ոչ մի նկարիչ չի գտնվել, փորձեք որոնել այլ բառաբառով:"},{"$i":"albums-search-no-result","$v":"Ոչ մի ալբոմ չի գտնվել, փորձեք որոնել այլ հիմնաբառով:"},{"$i":"playlists-shuffle-all","$v":"Խռնել բլրը"},{"$i":"playlists-recently-added","$v":"Վերջերս Ավելացված"},{"$i":"playlists-most-played","$v":"Առվել հճխ նվգրկվղ"},{"$i":"playlists-discover","$v":"Բացահայտել"},{"$i":"playlists-my-playlists","$v":"Իմ երգացանկս"},{"$i":"playlists-create-playlists","$v":"Նոր երգացանկ"},{"$i":"playlists-choose-playlists","$v":"Երգացանկ"},{"$i":"no-my-playlists","$v":"Դուք դեռ չեք ստեղծել որևէ նվագացանկ։"},{"$i":"no-songs-added","$v":"Այս նվագացանկին դեռ երգ չեք ավելացրել։"},{"$i":"no-played-songs","$v":"Դուք դեռ չեք նվագարկել որևէ երգ։"},{"$i":"no-recently-added","$v":"Վերջերս որևէ նոր երգ չեք ավելացրել։"},{"$i":"playlists-highest-rated","$v":"Առավել բարձր վարկանիշ ունեցող"},{"$i":"picker-title","$v":"Ընտրեք երգ"},{"$i":"save","$v":"Պահել"},{"$i":"saved","$v":"պահված է երաժշտադարանում:"},{"$i":"audioinvalid","$v":"Այս ֆայլի ձևաչափն անվավեր է կամ չի ապահովվում:"},{"$i":"overlay-cancel-button","$v":"Չեղարկել"},{"$i":"music-paused-notification","$v":"Երժշտթյնը դադարեցվեց կանչի ընթացքում"},{"$i":"done","$v":"Արված է"},{"$i":"share-song","ariaLabel":"Համօգտագործել"},{"$i":"player-album-rating","ariaLabel":"Վարկանիշ"},{"$i":"rating-star","ariaLabel":{"$x":[{"t":"idOrVar","v":"plural"},"n"],"$v":{"few":[{"t":"idOrVar","v":"n"}," աստղեր"],"many":[{"t":"idOrVar","v":"n"}," աստղեր"],"one":[{"t":"idOrVar","v":"n"}," աստղ"],"other":[{"t":"idOrVar","v":"n"}," աստղեր"],"two":[{"t":"idOrVar","v":"n"}," աստղեր"],"zero":[{"t":"idOrVar","v":"n"}," աստղեր"]}}},{"$i":"go-to-player-view","ariaLabel":"Գնալ նվագարկչի տեսք"},{"$i":"repeat-off","ariaLabel":"Կրկնել գրծռյթն անջտվծ է"},{"$i":"repeat-list","ariaLabel":"Կրկնել բոլորը"},{"$i":"repeat-song","ariaLabel":"Կրկնել հետագիծը"},{"$i":"shuffle-toggle","ariaLabel":"Խռնել"},{"$i":"mix-tab","ariaLabel":"Խառնում"},{"$i":"playlists-tab","ariaLabel":"Երգացանկեր"},{"$i":"artists-tab","ariaLabel":"Կատարողներ"},{"$i":"albums-tab","ariaLabel":"Ալբոմներ"},{"$i":"songs-tab","ariaLabel":"Երգեր"},{"$i":"check","$v":"Ընտրել"},{"$i":"remove-track","$v":"Ջնջել երգը"},{"$i":"remove-tracks","$v":"Ջնջել երգերը"},{"$i":"cancel","$v":"Չեղարկել"},{"$i":"delete","$v":"Ջնջել"},{"$i":"song-num-checked","$v":{"few":["Ընտրվեցին ",{"t":"idOrVar","v":"n"}],"many":["Ընտրվեցին ",{"t":"idOrVar","v":"n"}],"one":["Ընտրվեց ",{"t":"idOrVar","v":"n"}],"other":["Ընտրվեցին ",{"t":"idOrVar","v":"n"}],"two":["Ընտրվեցին ",{"t":"idOrVar","v":"n"}],"zero":"Ընտրվեց 0"},"$x":[{"t":"idOrVar","v":"plural"},"n"]},{"$i":"delete-playlist-songs","$v":{"few":["Ջնջե՞լ ",{"t":"idOrVar","v":"n"}," երգ երգացանկից:"],"many":["Ջնջե՞լ ",{"t":"idOrVar","v":"n"}," երգ երգացանկից:"],"one":"Ջնջե՞լ ընտրված երգը երգացանկից:","other":["Ջնջե՞լ ",{"t":"idOrVar","v":"n"}," երգ երգացանկից:"],"two":["Ջնջե՞լ ",{"t":"idOrVar","v":"n"}," երգ երգացանկից:"],"zero":"Ոչինչ չընտրվեց"},"$x":[{"t":"idOrVar","v":"plural"},"n"]},{"$i":"delete-playlist-hint","$v":{"few":[{"t":"idOrVar","v":"n"}," երգ ջնջվեց երգացանկից"],"many":[{"t":"idOrVar","v":"n"}," երգ ջնջվեց երգացանկից"],"one":"Երգը ջնջվեց երգացանկից","other":[{"t":"idOrVar","v":"n"}," երգ ջնջվեց երգացանկից"],"two":[{"t":"idOrVar","v":"n"}," երգ ջնջվեց երգացանկից"],"zero":"Ոչինչ չջնջվեց"},"$x":[{"t":"idOrVar","v":"plural"},"n"]},{"$i":"delete-playlist","$v":"Ջնջե՞լ նվագացանկը"},{"$i":"delete-album-songs","$v":{"few":["Ջնջե՞լ ",{"t":"idOrVar","v":"n"}," երգ:"],"many":["Ջնջե՞լ ",{"t":"idOrVar","v":"n"}," երգ:"],"one":"Ջնջե՞լ ընտրված երգը:","other":["Ջնջե՞լ ",{"t":"idOrVar","v":"n"}," երգ:"],"two":["Ջնջե՞լ ",{"t":"idOrVar","v":"n"}," երգ:"],"zero":"Ոչինչ չընտրվեց"},"$x":[{"t":"idOrVar","v":"plural"},"n"]},{"$i":"delete-album-songs-hint","$v":{"few":["Ջնջվեց ",{"t":"idOrVar","v":"n"}," երգ"],"many":["Ջնջվեց ",{"t":"idOrVar","v":"n"}," երգ"],"one":"Երգը ջնջվեց","other":["Ջնջվեց ",{"t":"idOrVar","v":"n"}," երգ"],"two":["Ջնջվեց ",{"t":"idOrVar","v":"n"}," երգ"],"zero":"Ոչինչ չջնջվեց"},"$x":[{"t":"idOrVar","v":"plural"},"n"]},{"$i":"add-to-playlist-song-hint","$v":"Կատարումն ավելացվեց"},{"$i":"add-to-playlist-songs-hint","$v":"կատարումներն ավելացվեցին"},{"$i":"library","$v":"Դարան"},{"$i":"rate","$v":"Գնհտ"},{"$i":"gridview","$v":"Վանդակացանցի տեսք"},{"$i":"confirmation-title","$v":"Հաստատում"},{"$i":"options","$v":"Ընտրանքներ"},{"$i":"opt-player","$v":"Նվագարկիչ"},{"$i":"opt-delete","$v":"Ջնջել"},{"$i":"opt-mulselect","$v":"Ընտրել բազմակի"},{"$i":"opt-selectall","$v":"Ընտրել բոլորը"},{"$i":"opt-deselectall","$v":"Ապընտրել բոլորը"},{"$i":"opt-cancel","$v":"Չեղարկել"},{"$i":"opt-library","$v":"Դարան"},{"$i":"opt-shuffleall","$v":"Խռնել բլրը"},{"$i":"opt-repeatall","$v":"Կրկնել բոլորը"},{"$i":"opt-back","$v":"Հետ"},{"$i":"opt-done","$v":"Արված է"},{"$i":"opt-ok","$v":"Լավ"},{"$i":"opt-play","$v":"Նվագարկել"},{"$i":"opt-pause","$v":"Դադարեցնել"},{"$i":"opt-setring","$v":"Պհլ որպս զնգի հնչերնգ"},{"$i":"opt-shuffleoff","$v":"Խռնմը անջտվծ է"},{"$i":"opt-shuffleon","$v":"Խռնմը մցվծ է"},{"$i":"opt-repeatoff","$v":"Կրկնել գրծռյթն անջտվծ է"},{"$i":"opt-repeatone","$v":"Կրկնել Մեկը"},{"$i":"opt-share","$v":"Համօգտագործել"},{"$i":"opt-volume","$v":"Ձայն"},{"$i":"opt-createplaylist","$v":"Ստեղծեք երգացանկ"},{"$i":"opt-addsongs","$v":"Ավելացնել երգեր"},{"$i":"opt-rename","$v":"Վերանվանել"},{"$i":"opt-removesongs","$v":"Հեռացրեք երգերը"},{"$i":"opt-addtoplaylist","$v":"Ավելացնել երգացանկին"},{"$i":"opt-create","$v":"Ստեղծել"},{"$i":"opt-settings","$v":"Պարամետրեր"},{"$i":"byteUnit-B","$v":"Բիթեր"},{"$i":"byteUnit-KB","$v":"ԿԲ"},{"$i":"byteUnit-MB","$v":"ՄԲ"},{"$i":"byteUnit-GB","$v":"ԳԲ"},{"$i":"byteUnit-TB","$v":"ՏԲ"},{"$i":"byteUnit-PB","$v":"ՓԲ"},{"$i":"byteUnit-EB","$v":"Էբ"},{"$i":"byteUnit-ZB","$v":"ԶԲ"},{"$i":"byteUnit-YB","$v":"ՅԲ"},{"$i":"opt-fileinfo","$v":"Ֆայլի տվյալներ"},{"$i":"info-view","ariaLabel":"Տղկթյնն"},{"$i":"name-label","$v":"Անուն"},{"$i":"size-label","$v":"Չափ"},{"$i":"music-type-label","$v":"Երժշտթյն տեսակ"},{"$i":"playlists-least-played","$v":"Ամենաքիչ նվագարկված"},{"$i":"playlists-loading","$v":"Բեռնվում է…"},{"$i":"select","$v":"Ընտրել"},{"$i":"deselect","$v":"Ապընտրել"},{"$i":"ok","$v":"OK"},{"$i":"new","$v":"Նոր"},{"$i":"next","$v":"Հջրդ"},{"$i":"rename","$v":"Վերանվանել"},{"$i":"remove","$v":"Հեռացնել"},{"$i":"add","$v":"Ավլցն"},{"$i":"all","$v":"Բոլոր"},{"$i":"none","$v":"Ոչ մի"}]