[{"$i":"music","$v":"Musik"},{"$i":"mix","$v":"Mix"},{"$i":"playlists","$v":"Daftar putar"},{"$i":"artists","$v":"Artis"},{"$i":"albums","$v":"Album"},{"$i":"songs","$v":"Lagu"},{"$i":"more","$v":"Lebih"},{"$i":"songName","$v":"Nama lagu"},{"$i":"songArtist","$v":"Artis lagu"},{"$i":"songAlbum","$v":"Album lagu"},{"$i":"unknownArtist","$v":"Artis tidak dikenal"},{"$i":"unknownAlbum","$v":"Album tidak dikenal"},{"$i":"unknownTitle","$v":"Judul tak dikenal"},{"$i":"storageFullTitle","$v":"Penyimpanan Telepon Penuh"},{"$i":"sdcardFullTitle","$v":"Kartu SD Penuh"},{"$i":"storage-not-ready","$v":"Memindai musik."},{"$i":"empty-text","$v":"Pustaka musik kosong. Tambah lagu untuk memulai."},{"$i":"pick-empty-text","$v":"Musik tidak tersedia."},{"$i":"scanning-text","$v":"Memindai musik..."},{"$i":"nocard-text","$v":"Kartu memori tidak ditemukan. Masukkan kartu memori untuk memulai."},{"$i":"pluggedin-text","$v":"Penyimpanan sedang digunakan. silakan cabut ponsel untuk menggunakan aplikasi ini."},{"$i":"upgrade-text","$v":"Silakan tunggu selagi Musik memperbaharui database."},{"$i":"full-text","$v":"Hapus file media atau data aplikasi untuk membebaskan ruang. Anda juga dapat memasang kartu SD untuk memperbesar memori media."},{"$i":"full-text-sdcard","$v":"Hapus file dalam kartu SD untuk membebaskan ruang."},{"$i":"search-music","placeholder":"Cari"},{"$i":"search-cancel","$v":"Batal"},{"$i":"search-artists","$v":"Artis"},{"$i":"search-albums","$v":"Album"},{"$i":"search-titles","$v":"Track"},{"$i":"search-close","$v":"tutup"},{"$i":"search-no-result","$v":"Trek tidak ditemukan, coba cari dengan kata kunci lain."},{"$i":"artists-search-no-result","$v":"Penyanyi tidak ditemukan, coba cari dengan kata kunci lain."},{"$i":"albums-search-no-result","$v":"Album tidak ditemukan, coba cari dengan kata kunci lain."},{"$i":"playlists-shuffle-all","$v":"Acak semua"},{"$i":"playlists-recently-added","$v":"Terakhir ditambahkan"},{"$i":"playlists-most-played","$v":"Paling sering diputar"},{"$i":"playlists-discover","$v":"Temukan"},{"$i":"playlists-my-playlists","$v":"Daftar putar saya"},{"$i":"playlists-create-playlists","$v":"Daftar putar baru"},{"$i":"playlists-choose-playlists","$v":"Daftar putar"},{"$i":"no-my-playlists","$v":"Anda belum membuat daftar putar apa pun."},{"$i":"no-songs-added","$v":"Anda belum menambahkan lagu apa pun ke daftar putar ini."},{"$i":"no-played-songs","$v":"Anda belum memainkan lagu apa pun."},{"$i":"no-recently-added","$v":"Tidak ada lagu terbaru ditambah."},{"$i":"playlists-highest-rated","$v":"Rating tertinggi"},{"$i":"picker-title","$v":"Pilih sebuah track"},{"$i":"save","$v":"Simpan"},{"$i":"saved","$v":"simpan ke perpustakaan musik"},{"$i":"audioinvalid","$v":"Format file invalid atau tidak didukung."},{"$i":"overlay-cancel-button","$v":"Batal"},{"$i":"music-paused-notification","$v":"Musik dijeda selama panggilan"},{"$i":"done","$v":"Selesai"},{"$i":"share-song","ariaLabel":"Bagikan"},{"$i":"player-album-rating","ariaLabel":"Penilaian"},{"$i":"rating-star","ariaLabel":{"$x":[{"t":"idOrVar","v":"plural"},"n"],"$v":{"few":[{"t":"idOrVar","v":"n"}," bintang"],"many":[{"t":"idOrVar","v":"n"}," bintang"],"one":[{"t":"idOrVar","v":"n"}," bintang"],"other":[{"t":"idOrVar","v":"n"}," bintang"],"two":[{"t":"idOrVar","v":"n"}," bintang"],"zero":[{"t":"idOrVar","v":"n"}," bintang"]}}},{"$i":"go-to-player-view","ariaLabel":"Pegi ke tampilan player"},{"$i":"repeat-off","ariaLabel":"Ulangi off"},{"$i":"repeat-list","ariaLabel":"Ulangi semua"},{"$i":"repeat-song","ariaLabel":"Ulangi track"},{"$i":"shuffle-toggle","ariaLabel":"Acak"},{"$i":"mix-tab","ariaLabel":"Mix"},{"$i":"playlists-tab","ariaLabel":"Daftar putar"},{"$i":"artists-tab","ariaLabel":"Artis"},{"$i":"albums-tab","ariaLabel":"Album"},{"$i":"songs-tab","ariaLabel":"Lagu"},{"$i":"check","$v":"Pilih"},{"$i":"remove-track","$v":"Hapus Track"},{"$i":"remove-tracks","$v":"Hapus Track"},{"$i":"cancel","$v":"Batal"},{"$i":"delete","$v":"Hapus"},{"$i":"song-num-checked","$v":{"few":[{"t":"idOrVar","v":"n"}," dipilih"],"many":[{"t":"idOrVar","v":"n"}," dipilih"],"one":[{"t":"idOrVar","v":"n"}," dipilih"],"other":[{"t":"idOrVar","v":"n"}," dipilih"],"two":[{"t":"idOrVar","v":"n"}," dipilih"],"zero":"0 dipilih"},"$x":[{"t":"idOrVar","v":"plural"},"n"]},{"$i":"delete-playlist-songs","$v":{"few":["Hapus ",{"t":"idOrVar","v":"n"}," track dari daftar putar?"],"many":["Hapus ",{"t":"idOrVar","v":"n"}," track dari daftar putar?"],"one":"Hapus track yang dipilih dari daftar putar?","other":["Hapus ",{"t":"idOrVar","v":"n"}," track dari daftar putar?"],"two":["Hapus ",{"t":"idOrVar","v":"n"}," track dari daftar putar?"],"zero":"Tidak ada yang dipilih"},"$x":[{"t":"idOrVar","v":"plural"},"n"]},{"$i":"delete-playlist-hint","$v":{"few":[{"t":"idOrVar","v":"n"}," track dihapus dari daftar putar"],"many":[{"t":"idOrVar","v":"n"}," track dihapus dari daftar putar"],"one":"Track dihapus dari daftar putar","other":[{"t":"idOrVar","v":"n"}," track dihapus dari daftar putar"],"two":[{"t":"idOrVar","v":"n"}," track dihapus dari daftar putar"],"zero":"Tidak ada yang dihapus"},"$x":[{"t":"idOrVar","v":"plural"},"n"]},{"$i":"delete-playlist","$v":"Hapus daftar putar?"},{"$i":"delete-album-songs","$v":{"few":["Hapus ",{"t":"idOrVar","v":"n"}," track?"],"many":["Hapus ",{"t":"idOrVar","v":"n"}," track?"],"one":"Hapus track yang dipilih?","other":["Hapus ",{"t":"idOrVar","v":"n"}," track?"],"two":["Hapus ",{"t":"idOrVar","v":"n"}," track?"],"zero":"Tidak ada yang dipilih"},"$x":[{"t":"idOrVar","v":"plural"},"n"]},{"$i":"delete-album-songs-hint","$v":{"few":[{"t":"idOrVar","v":"n"}," track dihapus"],"many":[{"t":"idOrVar","v":"n"}," track dihapus"],"one":"Track dihapus","other":[{"t":"idOrVar","v":"n"}," track dihapus"],"two":[{"t":"idOrVar","v":"n"}," track dihapus"],"zero":"Tidak ada yang dihapus"},"$x":[{"t":"idOrVar","v":"plural"},"n"]},{"$i":"add-to-playlist-song-hint","$v":"Trek ditambahkan ke"},{"$i":"add-to-playlist-songs-hint","$v":"trek ditambahkan ke"},{"$i":"library","$v":"Pustaka"},{"$i":"rate","$v":"Beri nilai"},{"$i":"gridview","$v":"Tampilan Kisi"},{"$i":"confirmation-title","$v":"Konfirmasi"},{"$i":"options","$v":"Opsi"},{"$i":"opt-player","$v":"Pemutar"},{"$i":"opt-delete","$v":"Hapus"},{"$i":"opt-mulselect","$v":"Pilih multi"},{"$i":"opt-selectall","$v":"Semua"},{"$i":"opt-deselectall","$v":"Tidak ada"},{"$i":"opt-cancel","$v":"Batal"},{"$i":"opt-library","$v":"Pustaka"},{"$i":"opt-shuffleall","$v":"Acak semua"},{"$i":"opt-repeatall","$v":"Ulangi semua"},{"$i":"opt-back","$v":"Kembali"},{"$i":"opt-done","$v":"Selesai"},{"$i":"opt-ok","$v":"OK"},{"$i":"opt-play","$v":"Putar"},{"$i":"opt-pause","$v":"Jeda"},{"$i":"opt-setring","$v":"Simpan sebagai nada dering"},{"$i":"opt-shuffleoff","$v":"Acak mati"},{"$i":"opt-shuffleon","$v":"Acak hidup"},{"$i":"opt-repeatoff","$v":"Ulangi off"},{"$i":"opt-repeatone","$v":"Ulangi satu"},{"$i":"opt-share","$v":"Bagikan"},{"$i":"opt-volume","$v":"Volume"},{"$i":"opt-createplaylist","$v":"Buat daftar putar"},{"$i":"opt-addsongs","$v":"Tambah lagu"},{"$i":"opt-rename","$v":"Ganti nama"},{"$i":"opt-removesongs","$v":"Hapus lagu"},{"$i":"opt-addtoplaylist","$v":"Tambahkan ke daftar putar"},{"$i":"opt-create","$v":"Buat"},{"$i":"opt-settings","$v":"Pengaturan"},{"$i":"byteUnit-B","$v":"Bytes"},{"$i":"byteUnit-KB","$v":"KB"},{"$i":"byteUnit-MB","$v":"MB"},{"$i":"byteUnit-GB","$v":"GB"},{"$i":"byteUnit-TB","$v":"TB"},{"$i":"byteUnit-PB","$v":"PB"},{"$i":"byteUnit-EB","$v":"EB"},{"$i":"byteUnit-ZB","$v":"ZB"},{"$i":"byteUnit-YB","$v":"YB"},{"$i":"opt-fileinfo","$v":"Info file"},{"$i":"info-view","ariaLabel":"Info"},{"$i":"name-label","$v":"Nama"},{"$i":"size-label","$v":"Ukuran"},{"$i":"music-type-label","$v":"Jenis Musik"},{"$i":"playlists-least-played","$v":"Paling jarang diputar"},{"$i":"playlists-loading","$v":"Memuat..."},{"$i":"select","$v":"Pilih"},{"$i":"deselect","$v":"Hapus pilihan"},{"$i":"ok","$v":"OK"},{"$i":"new","$v":"Baru"},{"$i":"next","$v":"Berikutnya"},{"$i":"rename","$v":"Ganti nama"},{"$i":"remove","$v":"Hapus"},{"$i":"add","$v":"Tambah"},{"$i":"all","$v":"Semua"},{"$i":"none","$v":"Tidak ada"}]