[{"$i":"music","$v":"Music"},{"$i":"mix","$v":"Mix"},{"$i":"playlists","$v":"Playlist"},{"$i":"artists","$v":"Artisti"},{"$i":"albums","$v":"Album"},{"$i":"songs","$v":"Brani"},{"$i":"more","$v":"Altro"},{"$i":"songName","$v":"Nome brano"},{"$i":"songArtist","$v":"Artista brano"},{"$i":"songAlbum","$v":"Album brano"},{"$i":"unknownArtist","$v":"Artista sconosciuto"},{"$i":"unknownAlbum","$v":"Album sconosciuto"},{"$i":"unknownTitle","$v":"Titolo sconosciuto"},{"$i":"storageFullTitle","$v":"Risorsa di archiviazione del telefono quasi esaurita"},{"$i":"sdcardFullTitle","$v":"Scheda SD esaurita"},{"$i":"storage-not-ready","$v":"Ricerca di musica in corso."},{"$i":"empty-text","$v":"La libreria musicale è vuota. Aggiungere brani per iniziare."},{"$i":"pick-empty-text","$v":"Nessuna musica disponibile."},{"$i":"scanning-text","$v":"Scansione della musica in corso..."},{"$i":"nocard-text","$v":"Scheda di memoria non trovata. Inserire una scheda di memoria per iniziare."},{"$i":"pluggedin-text","$v":"Memoria attualmente in uso. Scollegare il telefono per usare l'applicazione."},{"$i":"upgrade-text","$v":"Attendere mentre Musica aggiorna il database."},{"$i":"full-text","$v":"Eliminare file multimediali o dati delle applicazioni per liberare spazio. È inoltre possibile inserire una scheda SD per aumentare la risorsa di archiviazione per file multimediali."},{"$i":"full-text-sdcard","$v":"Eliminare file sulla scheda SD per liberare spazio."},{"$i":"search-music","placeholder":"Cerca"},{"$i":"search-cancel","$v":"Annulla"},{"$i":"search-artists","$v":"Artisti"},{"$i":"search-albums","$v":"Album"},{"$i":"search-titles","$v":"Brani"},{"$i":"search-close","$v":"chiudi"},{"$i":"search-no-result","$v":"Nessun brano trovato, provare a eseguire la ricerca con un'altra parola chiave."},{"$i":"artists-search-no-result","$v":"Nessun artista trovato, provare a eseguire la ricerca con un'altra parola chiave."},{"$i":"albums-search-no-result","$v":"Nessun album trovato, provare a eseguire la ricerca con un'altra parola chiave."},{"$i":"playlists-shuffle-all","$v":"Casuale"},{"$i":"playlists-recently-added","$v":"Aggiunti di recente"},{"$i":"playlists-most-played","$v":"I più riprodotti"},{"$i":"playlists-discover","$v":"Scopri"},{"$i":"playlists-my-playlists","$v":"Playlist personali"},{"$i":"playlists-create-playlists","$v":"Nuova playlist"},{"$i":"playlists-choose-playlists","$v":"Playlist"},{"$i":"no-my-playlists","$v":"Non è ancora stata creata alcuna playlist."},{"$i":"no-songs-added","$v":"Non è ancora stato aggiunto alcun brano a questa playlist."},{"$i":"no-played-songs","$v":"Non è stato ancora riprodotto alcun brano."},{"$i":"no-recently-added","$v":"Nessun nuovo brano aggiunto di recente."},{"$i":"playlists-highest-rated","$v":"Valutazione più alta"},{"$i":"picker-title","$v":"Selezionare un brano"},{"$i":"save","$v":"Salva"},{"$i":"saved","$v":"salvato nella raccolta Musica."},{"$i":"audioinvalid","$v":"Il formato del file non è valido o non è supportato."},{"$i":"overlay-cancel-button","$v":"Annulla"},{"$i":"music-paused-notification","$v":"Musica in pausa durante la chiamata"},{"$i":"done","$v":"Fine"},{"$i":"share-song","ariaLabel":"Condividi"},{"$i":"player-album-rating","ariaLabel":"Valutazione"},{"$i":"rating-star","ariaLabel":{"$x":[{"t":"idOrVar","v":"plural"},"n"],"$v":{"few":[{"t":"idOrVar","v":"n"}," stelle"],"many":[{"t":"idOrVar","v":"n"}," stelle"],"one":[{"t":"idOrVar","v":"n"}," stella"],"other":[{"t":"idOrVar","v":"n"}," stelle"],"two":[{"t":"idOrVar","v":"n"}," stelle"],"zero":[{"t":"idOrVar","v":"n"}," stelle"]}}},{"$i":"go-to-player-view","ariaLabel":"Vai alla visualizzazione del lettore"},{"$i":"repeat-off","ariaLabel":"Ripetizione disattivata"},{"$i":"repeat-list","ariaLabel":"Ripeti tutto"},{"$i":"repeat-song","ariaLabel":"Ripeti brano"},{"$i":"shuffle-toggle","ariaLabel":"Casuale"},{"$i":"mix-tab","ariaLabel":"Mix"},{"$i":"playlists-tab","ariaLabel":"Playlist"},{"$i":"artists-tab","ariaLabel":"Artisti"},{"$i":"albums-tab","ariaLabel":"Album"},{"$i":"songs-tab","ariaLabel":"Brani"},{"$i":"check","$v":"Seleziona"},{"$i":"remove-track","$v":"Elimina brano"},{"$i":"remove-tracks","$v":"Elimina brani"},{"$i":"cancel","$v":"Annulla"},{"$i":"delete","$v":"Elimina"},{"$i":"song-num-checked","$v":{"few":[{"t":"idOrVar","v":"n"}," selezionati"],"many":[{"t":"idOrVar","v":"n"}," selezionati"],"one":[{"t":"idOrVar","v":"n"}," selezionati"],"other":[{"t":"idOrVar","v":"n"}," selezionati"],"two":[{"t":"idOrVar","v":"n"}," selezionati"],"zero":"0 selezionati"},"$x":[{"t":"idOrVar","v":"plural"},"n"]},{"$i":"delete-playlist-songs","$v":{"few":["Eliminare ",{"t":"idOrVar","v":"n"}," brani dalla playlist?"],"many":["Eliminare ",{"t":"idOrVar","v":"n"}," brani dalla playlist?"],"one":"Eliminare il brano selezionato dalla playlist?","other":["Eliminare ",{"t":"idOrVar","v":"n"}," brani dalla playlist?"],"two":["Eliminare ",{"t":"idOrVar","v":"n"}," brani dalla playlist?"],"zero":"Nessuna selezione"},"$x":[{"t":"idOrVar","v":"plural"},"n"]},{"$i":"delete-playlist-hint","$v":{"few":[{"t":"idOrVar","v":"n"}," brano eliminato dalla playlist"],"many":[{"t":"idOrVar","v":"n"}," brano eliminato dalla playlist"],"one":"Brano eliminato dalla playlist","other":[{"t":"idOrVar","v":"n"}," brano eliminato dalla playlist"],"two":[{"t":"idOrVar","v":"n"}," brano eliminato dalla playlist"],"zero":"Nessuna eliminazione"},"$x":[{"t":"idOrVar","v":"plural"},"n"]},{"$i":"delete-playlist","$v":"Eliminare la playlist?"},{"$i":"delete-album-songs","$v":{"few":["Eliminare ",{"t":"idOrVar","v":"n"}," brani?"],"many":["Eliminare ",{"t":"idOrVar","v":"n"}," brani?"],"one":"Eliminare il brano selezionato?","other":["Eliminare ",{"t":"idOrVar","v":"n"}," brani?"],"two":["Eliminare ",{"t":"idOrVar","v":"n"}," brani?"],"zero":"Nessuna selezione"},"$x":[{"t":"idOrVar","v":"plural"},"n"]},{"$i":"delete-album-songs-hint","$v":{"few":[{"t":"idOrVar","v":"n"}," brano eliminato"],"many":[{"t":"idOrVar","v":"n"}," brano eliminato"],"one":"Brano eliminato","other":[{"t":"idOrVar","v":"n"}," brano eliminato"],"two":[{"t":"idOrVar","v":"n"}," brano eliminato"],"zero":"Nessuna eliminazione"},"$x":[{"t":"idOrVar","v":"plural"},"n"]},{"$i":"add-to-playlist-song-hint","$v":"Brano aggiunto a"},{"$i":"add-to-playlist-songs-hint","$v":"brani aggiunti a"},{"$i":"library","$v":"Raccolta"},{"$i":"rate","$v":"Valutazione"},{"$i":"gridview","$v":"Visualizzazione griglia"},{"$i":"confirmation-title","$v":"Conferma"},{"$i":"options","$v":"Opzioni"},{"$i":"opt-player","$v":"Lettore"},{"$i":"opt-delete","$v":"Elimina"},{"$i":"opt-mulselect","$v":"Selezione multipla"},{"$i":"opt-selectall","$v":"Tutto"},{"$i":"opt-deselectall","$v":"Nessuno"},{"$i":"opt-cancel","$v":"Annulla"},{"$i":"opt-library","$v":"Raccolta"},{"$i":"opt-shuffleall","$v":"Casuale"},{"$i":"opt-repeatall","$v":"Ripeti tutto"},{"$i":"opt-back","$v":"Indietro"},{"$i":"opt-done","$v":"Fine"},{"$i":"opt-ok","$v":"OK"},{"$i":"opt-play","$v":"Riproduci"},{"$i":"opt-pause","$v":"Pausa"},{"$i":"opt-setring","$v":"Salva come suoneria"},{"$i":"opt-shuffleoff","$v":"Riproduzione casuale disattivata"},{"$i":"opt-shuffleon","$v":"Riproduzione casuale attivata"},{"$i":"opt-repeatoff","$v":"Ripetizione disattivata"},{"$i":"opt-repeatone","$v":"Ripeti uno"},{"$i":"opt-share","$v":"Condividi"},{"$i":"opt-volume","$v":"Volume"},{"$i":"opt-createplaylist","$v":"Crea playlist"},{"$i":"opt-addsongs","$v":"Aggiungi brani"},{"$i":"opt-rename","$v":"Rinomina"},{"$i":"opt-removesongs","$v":"Rimuovi brani"},{"$i":"opt-addtoplaylist","$v":"Aggiungi alla playlist"},{"$i":"opt-create","$v":"Crea"},{"$i":"opt-settings","$v":"Impostazioni"},{"$i":"byteUnit-B","$v":"Byte"},{"$i":"byteUnit-KB","$v":"KB"},{"$i":"byteUnit-MB","$v":"MB"},{"$i":"byteUnit-GB","$v":"GB"},{"$i":"byteUnit-TB","$v":"TB"},{"$i":"byteUnit-PB","$v":"PB"},{"$i":"byteUnit-EB","$v":"EB"},{"$i":"byteUnit-ZB","$v":"ZB"},{"$i":"byteUnit-YB","$v":"YB"},{"$i":"opt-fileinfo","$v":"Info sul file"},{"$i":"info-view","ariaLabel":"Info"},{"$i":"name-label","$v":"Nome"},{"$i":"size-label","$v":"Dimensioni"},{"$i":"music-type-label","$v":"Tipo di musica"},{"$i":"playlists-least-played","$v":"Ultimo riprodotto"},{"$i":"playlists-loading","$v":"Caricamento in corso..."},{"$i":"select","$v":"Seleziona"},{"$i":"deselect","$v":"Deseleziona"},{"$i":"ok","$v":"OK"},{"$i":"new","$v":"Nuovo"},{"$i":"next","$v":"Successivo"},{"$i":"rename","$v":"Rinomina"},{"$i":"remove","$v":"Rimuovi"},{"$i":"add","$v":"Aggiungi"},{"$i":"all","$v":"Tutto"},{"$i":"none","$v":"Nessuno"}]