[{"$i":"music","$v":"მუსიკა"},{"$i":"mix","$v":"მიქსი"},{"$i":"playlists","$v":"მუსიკალური ჩანაწერების სია"},{"$i":"artists","$v":"შემსრულებლები"},{"$i":"albums","$v":"ალბომები"},{"$i":"songs","$v":"სიმღერები"},{"$i":"more","$v":"მეტი"},{"$i":"songName","$v":"სიმღერის სახელი"},{"$i":"songArtist","$v":"სიმღერის შემსრულებელი"},{"$i":"songAlbum","$v":"სიმღერის ალბომი"},{"$i":"unknownArtist","$v":"უცნობი შემსრულებელი"},{"$i":"unknownAlbum","$v":"უცნობი ალბომი"},{"$i":"unknownTitle","$v":"უცნობი სათაური"},{"$i":"storageFullTitle","$v":"ტელეფონის მეხსიერება სავსეა."},{"$i":"sdcardFullTitle","$v":"SD ბარათი სავსეა."},{"$i":"storage-not-ready","$v":"მუსიკის სკანირება."},{"$i":"empty-text","$v":"მუსიკის ბიბლიოთეკა ცარიელია. დასაწყებად, დაამატეთ სიმღერები."},{"$i":"pick-empty-text","$v":"მუსიკა არ არის ხელმისაწვდომი."},{"$i":"scanning-text","$v":"სკანირება"},{"$i":"nocard-text","$v":"მეხსიერების ბარათი ნაპოვნი არ არის. დასაწყებად გთხოვთ, ჩასვათ მეხსიერების ბარათი."},{"$i":"pluggedin-text","$v":"მეხსიერება ამჟამად გამოყენების პროცესშია. ამ აპის გამოსაყენებლად, გთხოვთ, გათიშოთ ტელეფონი."},{"$i":"upgrade-text","$v":"დაელ. მონაც. ბაზას განახლებას მუსიკის მიერ."},{"$i":"full-text","$v":"სივრცის გასათავისუფლებლად წაშალეთ მედია ფაილები ან პროგ. მონაცემები. მედია მეხსიერების გასაფართოვებლად, ასევე შეგიძლიათ ჩასვათ SD ბარათი."},{"$i":"full-text-sdcard","$v":"სივრცის გასათავისუფლებლად, წაშალეთ ფაილები SD ბარათზე."},{"$i":"search-music","placeholder":"ძებნა"},{"$i":"search-cancel","$v":"გაუქმება"},{"$i":"search-artists","$v":"შემსრულებლები"},{"$i":"search-albums","$v":"ალბომები"},{"$i":"search-titles","$v":"ჩანაწერები"},{"$i":"search-close","$v":"დახურვა"},{"$i":"search-no-result","$v":"კვალი ვერ მოიძებნა, სცადეთ სხვა სიტყვით ძებნა."},{"$i":"artists-search-no-result","$v":"ვერცერთი მხატვარი ვერ მოიძებნა, სცადეთ მოძებნოთ სხვა საკვანძო სიტყვა."},{"$i":"albums-search-no-result","$v":"ვერცერთი ალბომი ვერ მოიძებნა, სცადე სხვა სიტყვით ძებნა."},{"$i":"playlists-shuffle-all","$v":"ყველას შერევა"},{"$i":"playlists-recently-added","$v":"ბოლოს დამატებული"},{"$i":"playlists-most-played","$v":"ხშირად მოსმენილი"},{"$i":"playlists-discover","$v":"აღმოაჩინე"},{"$i":"playlists-my-playlists","$v":"ჩემი ფლეილისტები"},{"$i":"playlists-create-playlists","$v":"ახალი რეპერტუარი"},{"$i":"playlists-choose-playlists","$v":"მუსიკალური ჩანაწერების სია"},{"$i":"no-my-playlists","$v":"თქვენ ჯერ არ შეგიქმნიათ დასაკრავი სია."},{"$i":"no-songs-added","$v":"თქვენ ჯერ არ დაგიმატებიათ სიმღერები ამ დასაკრავ სიაში."},{"$i":"no-played-songs","$v":"ჯერ სიმღერისთვის არ მოგისმენიათ."},{"$i":"no-recently-added","$v":"ამჟამად ახალი სიმღერები დამატებული არ არის."},{"$i":"playlists-highest-rated","$v":"უმაღლესად შეფასებული"},{"$i":"picker-title","$v":"აირჩიეთ ჩანაწერი"},{"$i":"save","$v":"შენახვა"},{"$i":"saved","$v":"შენახულია მუსიკის ბიბლიოთეკაში."},{"$i":"audioinvalid","$v":"ამ ფაილის ფორმატი არასწორია ან მხარდაჭერილი."},{"$i":"overlay-cancel-button","$v":"გაუქმება"},{"$i":"music-paused-notification","$v":"მუსიკა დაპაუზდება ზარის დროს"},{"$i":"done","$v":"დას."},{"$i":"share-song","ariaLabel":"გაზიარება"},{"$i":"player-album-rating","ariaLabel":"შეფასება"},{"$i":"rating-star","ariaLabel":{"$x":[{"t":"idOrVar","v":"plural"},"n"],"$v":{"few":[{"t":"idOrVar","v":"n"}," ვარსკვლავები"],"many":[{"t":"idOrVar","v":"n"}," ვარსკვლავები"],"one":[{"t":"idOrVar","v":"n"}," ვარსკვლავი"],"other":[{"t":"idOrVar","v":"n"}," ვარსკვლავები"],"two":[{"t":"idOrVar","v":"n"}," ვარსკვლავები"],"zero":[{"t":"idOrVar","v":"n"}," ვარსკვლავები"]}}},{"$i":"go-to-player-view","ariaLabel":"ფლეერის ნახვაში შესვლა"},{"$i":"repeat-off","ariaLabel":"გამეორება გამორთულია"},{"$i":"repeat-list","ariaLabel":"ყველას გამეორება"},{"$i":"repeat-song","ariaLabel":"გაიმეორე ჩანაწერი"},{"$i":"shuffle-toggle","ariaLabel":"შერევა"},{"$i":"mix-tab","ariaLabel":"მიქსი"},{"$i":"playlists-tab","ariaLabel":"მუსიკალური ჩანაწერების სიები"},{"$i":"artists-tab","ariaLabel":"შემსრულებლები"},{"$i":"albums-tab","ariaLabel":"ალბომები"},{"$i":"songs-tab","ariaLabel":"სიმღერები"},{"$i":"check","$v":"არჩევა"},{"$i":"remove-track","$v":"ჩანაწერის წაშლა"},{"$i":"remove-tracks","$v":"ჩანაწერების წაშლა"},{"$i":"cancel","$v":"გაუქმება"},{"$i":"delete","$v":"წაშლა"},{"$i":"song-num-checked","$v":{"few":[{"t":"idOrVar","v":"n"}," არჩეული"],"many":[{"t":"idOrVar","v":"n"}," არჩეული"],"one":[{"t":"idOrVar","v":"n"}," არჩეული"],"other":[{"t":"idOrVar","v":"n"}," არჩეული"],"two":[{"t":"idOrVar","v":"n"}," არჩეული"],"zero":"0 არჩეულია"},"$x":[{"t":"idOrVar","v":"plural"},"n"]},{"$i":"delete-playlist-songs","$v":{"few":["წავშალო ",{"t":"idOrVar","v":"n"}," ჩანაწერი მელოდიების სიიდან?"],"many":["წავშალო ",{"t":"idOrVar","v":"n"}," ჩანაწერი მელოდიების სიიდან?"],"one":"წავშალო არჩეული ჩანაწერი მელოდიების სიიდან?","other":["წავშალო ",{"t":"idOrVar","v":"n"}," ჩანაწერი მელოდიების სიიდან?"],"two":["წავშალო ",{"t":"idOrVar","v":"n"}," ჩანაწერი მელოდიების სიიდან?"],"zero":"არაფერია არჩეული"},"$x":[{"t":"idOrVar","v":"plural"},"n"]},{"$i":"delete-playlist-hint","$v":{"few":[{"t":"idOrVar","v":"n"}," ჩანაწერი წაშლილია მუსიკის სიიდან"],"many":[{"t":"idOrVar","v":"n"}," ჩანაწერი წაშლილია მუსიკის სიიდან"],"one":"ჩანაწერი წაშლილია მუსიკის სიიდან","other":[{"t":"idOrVar","v":"n"}," ჩანაწერი წაშლილია მუსიკის სიიდან"],"two":[{"t":"idOrVar","v":"n"}," ჩანაწერი წაშლილია მუსიკის სიიდან"],"zero":"არაფერია წაშლილი"},"$x":[{"t":"idOrVar","v":"plural"},"n"]},{"$i":"delete-playlist","$v":"წავშალოთ დასაკრავი სია?"},{"$i":"delete-album-songs","$v":{"few":["წავშალო ",{"t":"idOrVar","v":"n"}," ჩანაწერი?"],"many":["წავშალო ",{"t":"idOrVar","v":"n"}," ჩანაწერი?"],"one":"წავშალო არჩეული ჩანაწერი?","other":["წავშალო ",{"t":"idOrVar","v":"n"}," ჩანაწერი?"],"two":["წავშალო ",{"t":"idOrVar","v":"n"}," ჩანაწერი?"],"zero":"არაფერია არჩეული"},"$x":[{"t":"idOrVar","v":"plural"},"n"]},{"$i":"delete-album-songs-hint","$v":{"few":[{"t":"idOrVar","v":"n"}," ჩანაწერი წაშლილია"],"many":[{"t":"idOrVar","v":"n"}," ჩანაწერი წაშლილია"],"one":"ჩანაწერი წაშლილია","other":[{"t":"idOrVar","v":"n"}," ჩანაწერი წაშლილია"],"two":[{"t":"idOrVar","v":"n"}," ჩანაწერი წაშლილია"],"zero":"არაფერია წაშლილი"},"$x":[{"t":"idOrVar","v":"plural"},"n"]},{"$i":"add-to-playlist-song-hint","$v":"ბილიკი დაემატა"},{"$i":"add-to-playlist-songs-hint","$v":"ბილიკები დაემატა"},{"$i":"library","$v":"ბიბლიოთეკა"},{"$i":"rate","$v":"შეფასება"},{"$i":"gridview","$v":"ბადის სახეობა"},{"$i":"confirmation-title","$v":"დადასტურება"},{"$i":"options","$v":"ვარიანტები"},{"$i":"opt-player","$v":"ფლეერი"},{"$i":"opt-delete","$v":"წაშლა"},{"$i":"opt-mulselect","$v":"აირჩიეთ მრავალი"},{"$i":"opt-selectall","$v":"ყველას არჩევა"},{"$i":"opt-deselectall","$v":"ყველა მონიშვნის მოხსნა"},{"$i":"opt-cancel","$v":"გაუქმება"},{"$i":"opt-library","$v":"ბიბლიოთეკა"},{"$i":"opt-shuffleall","$v":"ყველას შერევა"},{"$i":"opt-repeatall","$v":"ყველას გამეორება"},{"$i":"opt-back","$v":"უკან"},{"$i":"opt-done","$v":"დას."},{"$i":"opt-ok","$v":"OK"},{"$i":"opt-play","$v":"დაკვრა"},{"$i":"opt-pause","$v":"პაუზა"},{"$i":"opt-setring","$v":"შეინახე ზარ. მელ."},{"$i":"opt-shuffleoff","$v":"შერევა გამორთულია"},{"$i":"opt-shuffleon","$v":"შერევა ჩართულია"},{"$i":"opt-repeatoff","$v":"გამეორება გამორთულია"},{"$i":"opt-repeatone","$v":"გაიმეორე ერთი"},{"$i":"opt-share","$v":"გაზიარება"},{"$i":"opt-volume","$v":"ხმა"},{"$i":"opt-createplaylist","$v":"დასაკრავი სიის შექმნა"},{"$i":"opt-addsongs","$v":"სიმღერების დამატება"},{"$i":"opt-rename","$v":"სახ.შეცვ."},{"$i":"opt-removesongs","$v":"სიმღერების წაშლა"},{"$i":"opt-addtoplaylist","$v":"დასაკრავ სიაში დამატება"},{"$i":"opt-create","$v":"შექმნა"},{"$i":"opt-settings","$v":"პარამ."},{"$i":"byteUnit-B","$v":"ბაიტები"},{"$i":"byteUnit-KB","$v":"კბ"},{"$i":"byteUnit-MB","$v":"მბ"},{"$i":"byteUnit-GB","$v":"გბ"},{"$i":"byteUnit-TB","$v":"თბ"},{"$i":"byteUnit-PB","$v":"PB"},{"$i":"byteUnit-EB","$v":"ექსაბიტი"},{"$i":"byteUnit-ZB","$v":"ნულოვანი ზღვარი"},{"$i":"byteUnit-YB","$v":"იტერბი"},{"$i":"opt-fileinfo","$v":"ფაილის ინფორმაცია"},{"$i":"info-view","ariaLabel":"ინფო"},{"$i":"name-label","$v":"სახელი"},{"$i":"size-label","$v":"ზომა"},{"$i":"music-type-label","$v":"მუსიკის ტიპი"},{"$i":"playlists-least-played","$v":"ყველაზე ნაკლებად მოსმენილი"},{"$i":"playlists-loading","$v":"იტვირთება…"},{"$i":"select","$v":"არჩევა"},{"$i":"deselect","$v":"განნიშვნა"},{"$i":"ok","$v":"OK"},{"$i":"new","$v":"ახალი"},{"$i":"next","$v":"შემდეგი"},{"$i":"rename","$v":"სახ.შეცვ."},{"$i":"remove","$v":"წაშლა"},{"$i":"add","$v":"დამატება"},{"$i":"all","$v":"ყველა"},{"$i":"none","$v":"არცერთი"}]