[{"$i":"music","$v":"តន្ត្រី"},{"$i":"mix","$v":"លាយ"},{"$i":"playlists","$v":"បញ្ជី​ចម្រៀង"},{"$i":"artists","$v":"សិល្បករ"},{"$i":"albums","$v":"អាល់ប៊ុម"},{"$i":"songs","$v":"ចម្រៀង"},{"$i":"more","$v":"ច្រើន​ទៀត"},{"$i":"songName","$v":"ឈ្មោះ​ចម្រៀង"},{"$i":"songArtist","$v":"តារា​ចម្រៀង"},{"$i":"songAlbum","$v":"អាល់ប៊ុម​ចម្រៀង"},{"$i":"unknownArtist","$v":"សិល្បករ​មិន​ស្គាល់"},{"$i":"unknownAlbum","$v":"អាល់ប៊ុម​មិន​ស្គាល់"},{"$i":"unknownTitle","$v":"ចំណង​ជើង​មិន​ស្គាល់"},{"$i":"storageFullTitle","$v":"ទូរសព្ទ​អស់​ទំហំ​ផ្ទុក​ទំនេរ។"},{"$i":"sdcardFullTitle","$v":"កាត SD ពេញ។"},{"$i":"storage-not-ready","$v":"វិភាគរកតន្ត្រី។"},{"$i":"empty-text","$v":"បណ្ណាល័យតន្ត្រីគឺទទេ។ បញ្ចូលបទចម្រៀង ដើម្បីចាប់ផ្តើម។"},{"$i":"pick-empty-text","$v":"មិនមានតន្ត្រី។"},{"$i":"scanning-text","$v":"កំពុង​ស្កេន"},{"$i":"nocard-text","$v":"រក​មិន​ឃើញ​កាត​អង្គ​ចងចាំ​ទេ។ ស៊ក​បញ្ចូល​កាត​អង្គ​ចងចាំ​ដើម្បី​ចាប់​ផ្ដើម។"},{"$i":"pluggedin-text","$v":"បច្ចុប្បន្ន ឧបករណ៍​ផ្ទុក​កំពុង​ជាប់​ប្រើ។ សូម​ដក​ទូរស័ព្ទ​ដើម្បី​ប្រើ​កម្មវិធី​នេះ។"},{"$i":"upgrade-text","$v":"សូម​រង់ចាំ ពេល​តន្ត្រី​អាប់ដេត​ឃ្លាំង​ទិន្នន័យ។"},{"$i":"full-text","$v":"លុប​ឯកសារ​មេឌៀ ឬ​ទិន្នន័យ​កម្មវិធី ដើម្បី​បង្កើន​ទំហំ​ផ្ទុក​ទំនេរ។ អ្នក​ក៏​អាច​ស៊ក​បញ្ចូល​កាត SD ដើម្បី​បង្កើន​ទំហំ​ផ្ទុក​មេឌៀ​ផងដែរ។"},{"$i":"full-text-sdcard","$v":"លុប​ឯកសារ​ក្នុង​កាត SD ដើម្បី​បង្កើន​ទំហំ​ផ្ទុក​ទំនេរ។"},{"$i":"search-music","placeholder":"ស្វែង​រក"},{"$i":"search-cancel","$v":"បោះ​បង់"},{"$i":"search-artists","$v":"សិល្បករ"},{"$i":"search-albums","$v":"អាល់ប៊ុម"},{"$i":"search-titles","$v":"បទ"},{"$i":"search-close","$v":"បិទ"},{"$i":"search-no-result","$v":"រកមិនឃើញបទទេព្យាយាមស្វែងរកដោយប្រើពាក្យគន្លឹះផ្សេង។"},{"$i":"artists-search-no-result","$v":"រកមិនឃើញសិល្បករព្យាយាមសាកល្បងជាមួយពាក្យគន្លឹះផ្សេង។"},{"$i":"albums-search-no-result","$v":"រកមិនឃើញអាល់ប៊ុមព្យាយាមស្វែងរកជាមួយពាក្យគន្លឹះផ្សេង។"},{"$i":"playlists-shuffle-all","$v":"ចាក់​ចម្រុះ​ទាំង​អស់"},{"$i":"playlists-recently-added","$v":"បាន​បន្ថែម​ថ្មីៗ"},{"$i":"playlists-most-played","$v":"ចាក់​ច្រើន​បំផុត"},{"$i":"playlists-discover","$v":"ស្វែង​យល់"},{"$i":"playlists-my-playlists","$v":"បញ្ជីចាក់របស់ខ្ញុំ"},{"$i":"playlists-create-playlists","$v":"បញ្ជីចាក់ថ្មី"},{"$i":"playlists-choose-playlists","$v":"បញ្ជី​ចម្រៀង"},{"$i":"no-my-playlists","$v":"អ្នក​មិន​ទាន់​បាន​បង្កើត​បញ្ជី​បទ​ចម្រៀង​ទេ។"},{"$i":"no-songs-added","$v":"អ្នក​មិន​ទាន់​បាន​បន្ថែម​ចម្រៀង​ទៅ​ក្នុង​បញ្ជី​បទ​ចម្រៀង​នេះ​ទេ។"},{"$i":"no-played-songs","$v":"អ្នក​មិន​ទាន់​បាន​ចាក់​បទ​ចម្រៀង​ណា​នៅ​ឡើយ​ទេ។"},{"$i":"no-recently-added","$v":"ថ្មីៗ​នេះ មិន​បាន​បន្ថែម​បទ​ចម្រៀង​ថ្មី​ទេ។"},{"$i":"playlists-highest-rated","$v":"បាន​វាយ​តម្លៃ​ខ្ពស់​បំផុត"},{"$i":"picker-title","$v":"ជ្រើស​បទ"},{"$i":"save","$v":"រក្សា​ទុក"},{"$i":"saved","$v":"បាន​រក្សា​ទុក​ចូល​បណ្ណាល័យ​តន្ត្រី។"},{"$i":"audioinvalid","$v":"ទ្រង់ទ្រាយឯកសារនេះមិនត្រឹមត្រូវឬមិនគាំទ្រ។"},{"$i":"overlay-cancel-button","$v":"បោះ​បង់"},{"$i":"music-paused-notification","$v":"បាន​ផ្អាក​តន្ត្រី​ក្នុង​ពេល​ហៅ"},{"$i":"done","$v":"រួច​រាល់"},{"$i":"share-song","ariaLabel":"ចែក​រំលែក"},{"$i":"player-album-rating","ariaLabel":"ការវាយ​តម្លៃ"},{"$i":"rating-star","ariaLabel":{"$x":[{"t":"idOrVar","v":"plural"},"n"],"$v":{"few":["ផ្កាយ ",{"t":"idOrVar","v":"n"}],"many":["ផ្កាយ ",{"t":"idOrVar","v":"n"}],"one":["ផ្កាយ ",{"t":"idOrVar","v":"n"}],"other":["ផ្កាយ ",{"t":"idOrVar","v":"n"}],"two":["ផ្កាយ ",{"t":"idOrVar","v":"n"}],"zero":["ផ្កាយ ",{"t":"idOrVar","v":"n"}]}}},{"$i":"go-to-player-view","ariaLabel":"ទៅ​កាន់​ទិដ្ឋភាព​កម្មវិធី​ចាក់"},{"$i":"repeat-off","ariaLabel":"ការសា​ឡើង​វិញ​បិទ"},{"$i":"repeat-list","ariaLabel":"សា​ឡើង​វិញ​ទាំង​អស់"},{"$i":"repeat-song","ariaLabel":"ចាក់​បទ​សា​ឡើង​វិញ"},{"$i":"shuffle-toggle","ariaLabel":"ចាក់​ចម្រុះ"},{"$i":"mix-tab","ariaLabel":"លាយ"},{"$i":"playlists-tab","ariaLabel":"បញ្ជី​ចម្រៀង"},{"$i":"artists-tab","ariaLabel":"សិល្បករ"},{"$i":"albums-tab","ariaLabel":"អាល់ប៊ុម"},{"$i":"songs-tab","ariaLabel":"ចម្រៀង"},{"$i":"check","$v":"ជ្រើស"},{"$i":"remove-track","$v":"លុប​បទ"},{"$i":"remove-tracks","$v":"លុប​បទ​នានា"},{"$i":"cancel","$v":"បោះ​បង់"},{"$i":"delete","$v":"លុប"},{"$i":"song-num-checked","$v":{"few":["បាន​ជ្រើស ",{"t":"idOrVar","v":"n"}],"many":["បាន​ជ្រើស ",{"t":"idOrVar","v":"n"}],"one":["បាន​ជ្រើស ",{"t":"idOrVar","v":"n"}],"other":["បាន​ជ្រើស ",{"t":"idOrVar","v":"n"}],"two":["បាន​ជ្រើស ",{"t":"idOrVar","v":"n"}],"zero":"បាន​ជ្រើស 0"},"$x":[{"t":"idOrVar","v":"plural"},"n"]},{"$i":"delete-playlist-songs","$v":{"few":["លុប ",{"t":"idOrVar","v":"n"}," បទ​ពី​បញ្ជី​ចម្រៀង​ឬ?"],"many":["លុប ",{"t":"idOrVar","v":"n"}," បទ​ពី​បញ្ជី​ចម្រៀង​ឬ?"],"one":"លុប​បទ​ដែល​បាន​ជ្រើស​ពី​បញ្ជី​ចម្រៀង​ឬ?","other":["លុប ",{"t":"idOrVar","v":"n"}," បទ​ពី​បញ្ជី​ចម្រៀង​ឬ?"],"two":["លុប ",{"t":"idOrVar","v":"n"}," បទ​ពី​បញ្ជី​ចម្រៀង​ឬ?"],"zero":"មិន​បាន​ជ្រើសរើស​អ្វី​ទេ"},"$x":[{"t":"idOrVar","v":"plural"},"n"]},{"$i":"delete-playlist-hint","$v":{"few":["បាន​លុប ",{"t":"idOrVar","v":"n"}," បទ​ពី​បញ្ជី​ចម្រៀង"],"many":["បាន​លុប ",{"t":"idOrVar","v":"n"}," បទ​ពី​បញ្ជី​ចម្រៀង"],"one":"បាន​លុប​បទ​ពី​បញ្ជី​ចម្រៀង","other":["បាន​លុប ",{"t":"idOrVar","v":"n"}," បទ​ពី​បញ្ជី​ចម្រៀង"],"two":["បាន​លុប ",{"t":"idOrVar","v":"n"}," បទ​ពី​បញ្ជី​ចម្រៀង"],"zero":"មិន​បាន​លុប​អ្វី​ទេ"},"$x":[{"t":"idOrVar","v":"plural"},"n"]},{"$i":"delete-playlist","$v":"លុប​បញ្ជី​បទ​ចម្រៀង​ឬ?"},{"$i":"delete-album-songs","$v":{"few":["លុប ",{"t":"idOrVar","v":"n"}," បទ​ឬ?"],"many":["លុប ",{"t":"idOrVar","v":"n"}," បទ​ឬ?"],"one":"លុប​បទ​ដែល​បាន​ជ្រើស​ឬ?","other":["លុប ",{"t":"idOrVar","v":"n"}," បទ​ឬ?"],"two":["លុប ",{"t":"idOrVar","v":"n"}," បទ​ឬ?"],"zero":"មិន​បាន​ជ្រើសរើស​អ្វី​ទេ"},"$x":[{"t":"idOrVar","v":"plural"},"n"]},{"$i":"delete-album-songs-hint","$v":{"few":["បាន​លុប ",{"t":"idOrVar","v":"n"}," បទ"],"many":["បាន​លុប ",{"t":"idOrVar","v":"n"}," បទ"],"one":"បាន​លុប​បទ","other":["បាន​លុប ",{"t":"idOrVar","v":"n"}," បទ"],"two":["បាន​លុប ",{"t":"idOrVar","v":"n"}," បទ"],"zero":"មិន​បាន​លុប​អ្វី​ទេ"},"$x":[{"t":"idOrVar","v":"plural"},"n"]},{"$i":"add-to-playlist-song-hint","$v":"បាន​បន្ថែម​បទ​ចម្រៀង​ទៅ​ក្នុង"},{"$i":"add-to-playlist-songs-hint","$v":"បាន​បន្ថែម​បទ​ចម្រៀង​ទៅ​ក្នុង"},{"$i":"library","$v":"បណ្ណាល័យ"},{"$i":"rate","$v":"វាយ​តម្លៃ"},{"$i":"gridview","$v":"ទិដ្ឋភាព​ក្រឡា"},{"$i":"confirmation-title","$v":"ការបញ្ជាក់"},{"$i":"options","$v":"ជម្រើស"},{"$i":"opt-player","$v":"កម្មវិធី​ចាក់"},{"$i":"opt-delete","$v":"លុប"},{"$i":"opt-mulselect","$v":"ជ្រើស​ច្រើន"},{"$i":"opt-selectall","$v":"ជ្រើស​ទាំង​អស់"},{"$i":"opt-deselectall","$v":"ដក​ការជ្រើស​ទាំង​អស់"},{"$i":"opt-cancel","$v":"បោះ​បង់"},{"$i":"opt-library","$v":"បណ្ណាល័យ"},{"$i":"opt-shuffleall","$v":"ចាក់​ចម្រុះ​ទាំង​អស់"},{"$i":"opt-repeatall","$v":"សា​ឡើង​វិញ​ទាំង​អស់"},{"$i":"opt-back","$v":"ថយ​ក្រោយ"},{"$i":"opt-done","$v":"រួច​រាល់"},{"$i":"opt-ok","$v":"យល់​ព្រម"},{"$i":"opt-play","$v":"ចាក់"},{"$i":"opt-pause","$v":"ផ្អាក"},{"$i":"opt-setring","$v":"រក្សា​ទុក​ជា​សំឡេង​រោទ៍"},{"$i":"opt-shuffleoff","$v":"ចាក់​ចម្រុះ​បិទ"},{"$i":"opt-shuffleon","$v":"ចាក់​ចម្រុះ​បើក"},{"$i":"opt-repeatoff","$v":"ការសា​ឡើង​វិញ​បិទ"},{"$i":"opt-repeatone","$v":"សា​ឡើង​វិញ​មួយ"},{"$i":"opt-share","$v":"ចែក​រំលែក"},{"$i":"opt-volume","$v":"កម្រិត​សំឡេង"},{"$i":"opt-createplaylist","$v":"បង្កើតបញ្ជីលេង"},{"$i":"opt-addsongs","$v":"បន្ថែមបទចម្រៀង"},{"$i":"opt-rename","$v":"ប្ដូរ​ឈ្មោះ"},{"$i":"opt-removesongs","$v":"លុបបទចម្រៀង"},{"$i":"opt-addtoplaylist","$v":"បន្ថែមទៅបញ្ជី"},{"$i":"opt-create","$v":"បង្កើត"},{"$i":"opt-settings","$v":"ការ​កំណត់"},{"$i":"byteUnit-B","$v":"បៃ"},{"$i":"byteUnit-KB","$v":"គ.ប"},{"$i":"byteUnit-MB","$v":"ម.ប"},{"$i":"byteUnit-GB","$v":"ជ.ប"},{"$i":"byteUnit-TB","$v":"ត.ប"},{"$i":"byteUnit-PB","$v":"PB"},{"$i":"byteUnit-EB","$v":"EB"},{"$i":"byteUnit-ZB","$v":"ហ្ស.ប"},{"$i":"byteUnit-YB","$v":"យ.ប"},{"$i":"opt-fileinfo","$v":"ព័ត៌មាន​ឯកសារ"},{"$i":"info-view","ariaLabel":"ព័ត៌មាន"},{"$i":"name-label","$v":"ឈ្មោះ"},{"$i":"size-label","$v":"ទំហំ"},{"$i":"music-type-label","$v":"ប្រភេទ​តន្ត្រី"},{"$i":"playlists-least-played","$v":"ចាក់​តិច​បំផុត"},{"$i":"playlists-loading","$v":"កំពុង​ស្រង់..."},{"$i":"select","$v":"ជ្រើស"},{"$i":"deselect","$v":"ដក​ការជ្រើស"},{"$i":"ok","$v":"យល់ព្រម"},{"$i":"new","$v":"ថ្មី"},{"$i":"next","$v":"បន្ទាប់"},{"$i":"rename","$v":"ប្ដូរ​ឈ្មោះ"},{"$i":"remove","$v":"លុប​ចេញ"},{"$i":"add","$v":"បន្ថែម"},{"$i":"all","$v":"ទាំងអស់"},{"$i":"none","$v":"គ្មាន"}]