[{"$i":"music","$v":"ເພງ"},{"$i":"mix","$v":"ປະສົມ"},{"$i":"playlists","$v":"ລາຍການເພງ"},{"$i":"artists","$v":"ນັກຮ້ອງ"},{"$i":"albums","$v":"ອາລະບ້ຳ"},{"$i":"songs","$v":"ເພງ"},{"$i":"more","$v":"ຂໍ້ຄວາມອື່ນ"},{"$i":"songName","$v":"ຊື່ເພງ"},{"$i":"songArtist","$v":"ນັກຮ້ອງເພງ"},{"$i":"songAlbum","$v":"ອັນລະບັ້ມເພງ"},{"$i":"unknownArtist","$v":"ສິລະປິນທີ່ບໍ່ຮູ້ຈັກ"},{"$i":"unknownAlbum","$v":"ອາລະບໍ້າທີ່ບໍ່ຮູ້ຈັກ"},{"$i":"unknownTitle","$v":"ຊື່ທີ່ບໍ່ຮູ້ຈັກ"},{"$i":"storageFullTitle","$v":"ບ່ອນເກັບຂໍ້ມູນໂທລະສັບເຕັມ."},{"$i":"sdcardFullTitle","$v":"ກາດ SD ເຕັມ."},{"$i":"storage-not-ready","$v":"ການສະແກນດົນຕີ."},{"$i":"empty-text","$v":"ຫ້ອງດົນຕີແມ່ນຫວ່າງເປົ່າ. ເພີ່ມເພງເພື່ອເລີ່ມຕົ້ນ."},{"$i":"pick-empty-text","$v":"ບໍ່ມີເພງ."},{"$i":"scanning-text","$v":"ກຳລັງສະແກນ"},{"$i":"nocard-text","$v":"ບໍ່ພົບກາດຄວາມຈຳ. ຈົ່ງເພີ່ມກາດຄວາມຈຳ ເພື່ອເລີ່ມຕົ້ນໃໝ່."},{"$i":"pluggedin-text","$v":"ບ່ອນເກັບຂໍ້ມູນໃນປະຈຸບັນກຳລັງໃຊ້ຢູ່. ກະລຸນາຖອດສາຍໂທລະສັບເພື່ອໃຊ້ແອັບນີ້."},{"$i":"upgrade-text","$v":"ກະລຸນາລໍຖ້າ ຂະນະທີ່ຫ້ອງມິວສິກກຳລັງອັບເດດຖານຂໍ້ມູນ."},{"$i":"full-text","$v":"ລຶບໄຟລ໌ສື່ ຫຼື ຂໍ້ມູນແອັບພລິເຄຊັນ ເພື່ອເພີ່ມພື້ນທີ່ວ່າງ. ນອກຈາກນີ້ ທ່ານຍັງສາມາດໃສ່ກາດ SD ເພື່ອຂະຫຍາຍພື້ນທີ່ເກັບຂໍ້ມູນສື່."},{"$i":"full-text-sdcard","$v":"ລຶບໄຟລ໌ໃນກາດ SD ເພື່ອເພີ່ມພື້ນທີ່ວ່າງ."},{"$i":"search-music","placeholder":"ຄົ້ນຫາ"},{"$i":"search-cancel","$v":"ຍົກເລີກ"},{"$i":"search-artists","$v":"ນັກຮ້ອງ"},{"$i":"search-albums","$v":"ອາລະບ້ຳ"},{"$i":"search-titles","$v":"ສຽງເພັງ"},{"$i":"search-close","$v":"ປິດ"},{"$i":"search-no-result","$v":"ບໍ່ພົບການຕິດຕາມ, ລອງຄົ້ນຫາດ້ວຍ ຄຳ ຄົ້ນອື່ນ."},{"$i":"artists-search-no-result","$v":"ບໍ່ມີນັກສິລະປິນໃດພົບ, ລອງຄົ້ນຫາດ້ວຍ ຄຳ ຄົ້ນທີ່ຕ່າງ."},{"$i":"albums-search-no-result","$v":"ບໍ່ພົບເຫັນອັນລະບັ້ມ, ລອງຄົ້ນຫາດ້ວຍ ຄຳ ຄົ້ນອື່ນໆ."},{"$i":"playlists-shuffle-all","$v":"ສະລັບທັງໝົດ"},{"$i":"playlists-recently-added","$v":"ໄດ້ເພີ່ມເຂົ້າໃນມໍ່ໆນີ້"},{"$i":"playlists-most-played","$v":"ຫຼິ້ນຫຼາຍທີ່ສຸດ"},{"$i":"playlists-discover","$v":"ຄົ້ນຫາ"},{"$i":"playlists-my-playlists","$v":"My playlists"},{"$i":"playlists-create-playlists","$v":"playlist ໃຫມ່"},{"$i":"playlists-choose-playlists","$v":"ລາຍການເພງ"},{"$i":"no-my-playlists","$v":"ທ່ານຍັງບໍ່ໄດ້ສ້າງລາຍການຫຼິ້ນເທື່ອ."},{"$i":"no-songs-added","$v":"ທ່ານຍັງບໍ່ໄດ້ເພີ່ມເພງໃດໆໄປທີ່ລາຍການຫຼິ້ນນີ້ເທື່ອ."},{"$i":"no-played-songs","$v":"ທ່ານຍັງບໍ່ໄດ້ເປີດເພງເທື່ອ."},{"$i":"no-recently-added","$v":"ບໍ່ມີເພງໃໝ່ໄດ້ເພີ່ມໃນປະຈຸບັນ"},{"$i":"playlists-highest-rated","$v":"ຄະແນນສູງສຸດ"},{"$i":"picker-title","$v":"ເລືອກສຽງ"},{"$i":"save","$v":"ບັນທຶກໄວ້"},{"$i":"saved","$v":"ບັນທຶກລົງໃນຫ້ອງດົນຕີ."},{"$i":"audioinvalid","$v":"ຮູບແບບເອກະສານນີ້ແມ່ນບໍ່ຖືກຕ້ອງຫຼືບໍ່ຮອງຮັບ."},{"$i":"overlay-cancel-button","$v":"ຍົກເລີກ"},{"$i":"music-paused-notification","$v":"ເພງຢຸດຊົ່ວຄາວລະຫວ່າງ ການໂທ"},{"$i":"done","$v":"ສຳເລັດ"},{"$i":"share-song","ariaLabel":"ແຊຣ໌"},{"$i":"player-album-rating","ariaLabel":"ການຈັດລຳດັບ"},{"$i":"rating-star","ariaLabel":{"$x":[{"t":"idOrVar","v":"plural"},"n"],"$v":{"few":[{"t":"idOrVar","v":"n"}," ດາວ"],"many":[{"t":"idOrVar","v":"n"}," ດາວ"],"one":[{"t":"idOrVar","v":"n"}," ດາວ"],"other":[{"t":"idOrVar","v":"n"}," ດາວ"],"two":[{"t":"idOrVar","v":"n"}," ດາວ"],"zero":[{"t":"idOrVar","v":"n"}," ດາວ"]}}},{"$i":"go-to-player-view","ariaLabel":"ໄປຫາມຸມມອງເຄື່ອງຫຼີ້ນ"},{"$i":"repeat-off","ariaLabel":"ປິດການເຮັດຊໍ້າຄືນ"},{"$i":"repeat-list","ariaLabel":"ເຮັດຊໍ້າຄືນທັງໝົດ"},{"$i":"repeat-song","ariaLabel":"ຕິດຕາມຊໍ້າຄືນ"},{"$i":"shuffle-toggle","ariaLabel":"ສຸ່ມ​ເພງ"},{"$i":"mix-tab","ariaLabel":"ປະສົມ"},{"$i":"playlists-tab","ariaLabel":"ລາຍການເພງ"},{"$i":"artists-tab","ariaLabel":"ນັກຮ້ອງ"},{"$i":"albums-tab","ariaLabel":"ອາລະບ້ຳ"},{"$i":"songs-tab","ariaLabel":"ເພງ"},{"$i":"check","$v":"ເລືອກ"},{"$i":"remove-track","$v":"ລຶບເພງ"},{"$i":"remove-tracks","$v":"ລຶບບັນດາເພງ"},{"$i":"cancel","$v":"ຍົກເລີກ"},{"$i":"delete","$v":"ລຶບ"},{"$i":"song-num-checked","$v":{"few":[{"t":"idOrVar","v":"n"}," ລາຍການທີ່ເລືອກ"],"many":[{"t":"idOrVar","v":"n"}," ລາຍການທີ່ເລືອກ"],"one":[{"t":"idOrVar","v":"n"}," ລາຍການທີ່ເລືອກ"],"other":[{"t":"idOrVar","v":"n"}," ລາຍການທີ່ເລືອກ"],"two":[{"t":"idOrVar","v":"n"}," ລາຍການທີ່ເລືອກ"],"zero":"0 ລາຍການທີ່ເລືອກ"},"$x":[{"t":"idOrVar","v":"plural"},"n"]},{"$i":"delete-playlist-songs","$v":{"few":["ລຶບ ",{"t":"idOrVar","v":"n"}," ເພງອອກຈາກລາຍ ການຫຼິ້ນເພງບໍ່?"],"many":["ລຶບ ",{"t":"idOrVar","v":"n"}," ເພງອອກຈາກລາຍ ການຫຼິ້ນເພງບໍ່?"],"one":"ໃຫ້ລຶບເພງນີ້ອອກຈາກ ລາຍການຫຼິ້ນເພງບໍ່?","other":["ລຶບ ",{"t":"idOrVar","v":"n"}," ເພງອອກຈາກລາຍ ການຫຼິ້ນເພງບໍ່?"],"two":["ລຶບ ",{"t":"idOrVar","v":"n"}," ເພງອອກຈາກລາຍ ການຫຼິ້ນເພງບໍ່?"],"zero":"ຍັງບໍ່ມີຫຍັງຄັດເລືອກແລ້ວ"},"$x":[{"t":"idOrVar","v":"plural"},"n"]},{"$i":"delete-playlist-hint","$v":{"few":[{"t":"idOrVar","v":"n"}," ເພງໄດ້ຖືກລຶບອອກ ຈາກລາຍການຫຼິ້ນເພງແລ້ວ"],"many":[{"t":"idOrVar","v":"n"}," ເພງໄດ້ຖືກລຶບອອກ ຈາກລາຍການຫຼິ້ນເພງແລ້ວ"],"one":"ລຶບຮ່ອງສຽງຈາກເພລຍ໌ລິສຕ໌","other":[{"t":"idOrVar","v":"n"}," ເພງໄດ້ຖືກລຶບອອກ ຈາກລາຍການຫຼິ້ນເພງແລ້ວ"],"two":[{"t":"idOrVar","v":"n"}," ເພງໄດ້ຖືກລຶບອອກ ຈາກລາຍການຫຼິ້ນເພງແລ້ວ"],"zero":"ບໍ່ມີຫຍັງຖືກລຶບ"},"$x":[{"t":"idOrVar","v":"plural"},"n"]},{"$i":"delete-playlist","$v":"ລຶບລາຍການຫຼິ້ນຫຼືບໍ່?"},{"$i":"delete-album-songs","$v":{"few":["ລຶບ ",{"t":"idOrVar","v":"n"}," ເພງ?"],"many":["ລຶບ ",{"t":"idOrVar","v":"n"}," ເພງ?"],"one":"ຕ້ອງການລົບເພງນີ້ຫຼືບໍ່?","other":["ລຶບ ",{"t":"idOrVar","v":"n"}," ເພງ?"],"two":["ລຶບ ",{"t":"idOrVar","v":"n"}," ເພງ?"],"zero":"ຍັງບໍ່ມີຫຍັງຄັດເລືອກແລ້ວ"},"$x":[{"t":"idOrVar","v":"plural"},"n"]},{"$i":"delete-album-songs-hint","$v":{"few":[{"t":"idOrVar","v":"n"}," ເພງໄດ້ຖືກລຶບແລ້ວ"],"many":[{"t":"idOrVar","v":"n"}," ເພງໄດ້ຖືກລຶບແລ້ວ"],"one":"ລຶບຮ່ອງສຽງ","other":[{"t":"idOrVar","v":"n"}," ເພງໄດ້ຖືກລຶບແລ້ວ"],"two":[{"t":"idOrVar","v":"n"}," ເພງໄດ້ຖືກລຶບແລ້ວ"],"zero":"ບໍ່ມີຫຍັງຖືກລຶບ"},"$x":[{"t":"idOrVar","v":"plural"},"n"]},{"$i":"add-to-playlist-song-hint","$v":"ໄດ້ເພີ່ມແທຣັກໄປທີ່"},{"$i":"add-to-playlist-songs-hint","$v":"ໄດ້ເພີ່ມແທຣັກໄປທີ່"},{"$i":"library","$v":"ຫໍສະໝຸດ"},{"$i":"rate","$v":"ອັດຕາສ່ວນ"},{"$i":"gridview","$v":"ມູມມອງຕາໜ່າງ"},{"$i":"confirmation-title","$v":"ການຢືນຢັນ"},{"$i":"options","$v":"ຕົວເລືອກ"},{"$i":"opt-player","$v":"ຜູ່ຫຼິ້ນ"},{"$i":"opt-delete","$v":"ລຶບ"},{"$i":"opt-mulselect","$v":"ເລືອກຫຼາຍລາຍການ"},{"$i":"opt-selectall","$v":"ເລືອກທັງໝົດ"},{"$i":"opt-deselectall","$v":"ຍົກເລີກທັງໝົດທີ່ໄດ້ເລືອກໄວ້"},{"$i":"opt-cancel","$v":"ຍົກເລີກ"},{"$i":"opt-library","$v":"ຫໍສະໝຸດ"},{"$i":"opt-shuffleall","$v":"ສັບປ່ຽນທັງໝົດ"},{"$i":"opt-repeatall","$v":"ເຮັດຊໍ້າຄືນທັງໝົດ"},{"$i":"opt-back","$v":"ກັບຄືນ"},{"$i":"opt-done","$v":"ສຳເລັດ"},{"$i":"opt-ok","$v":"ຕົກລົງ"},{"$i":"opt-play","$v":"ຫຼິ້ນ"},{"$i":"opt-pause","$v":"ຢຸດຊົ່ວຄາວ"},{"$i":"opt-setring","$v":"ບັນທຶກເປັນສຽງເອີ້ນເຂົ້າ"},{"$i":"opt-shuffleoff","$v":"ປິດການສັບປ່ຽນ"},{"$i":"opt-shuffleon","$v":"ເປີດການສັບປ່ຽນ"},{"$i":"opt-repeatoff","$v":"ປິດການເຮັດຊໍ້າຄືນ"},{"$i":"opt-repeatone","$v":"ເຮັດຊໍ້າຄືນອີກຄັ້ງ"},{"$i":"opt-share","$v":"ແຊຣ໌"},{"$i":"opt-volume","$v":"ບໍ​ລິ​ມາດ"},{"$i":"opt-createplaylist","$v":"ສ້າງ playlist"},{"$i":"opt-addsongs","$v":"ເພີ່ມເພງ"},{"$i":"opt-rename","$v":"ຕັ້ງຊື່ໃໝ່"},{"$i":"opt-removesongs","$v":"ເອົາເພງອອກ"},{"$i":"opt-addtoplaylist","$v":"ເພີ່ມໄປຫາ playlist"},{"$i":"opt-create","$v":"ສ້າງ"},{"$i":"opt-settings","$v":"ການຕັ້ງຄ່າ"},{"$i":"byteUnit-B","$v":"ໄບຕ໌"},{"$i":"byteUnit-KB","$v":"KB"},{"$i":"byteUnit-MB","$v":"MB"},{"$i":"byteUnit-GB","$v":"GB"},{"$i":"byteUnit-TB","$v":"TB"},{"$i":"byteUnit-PB","$v":"PB"},{"$i":"byteUnit-EB","$v":"EB"},{"$i":"byteUnit-ZB","$v":"ZB"},{"$i":"byteUnit-YB","$v":"YB"},{"$i":"opt-fileinfo","$v":"ຂໍ້ມູນເອກະສານ"},{"$i":"info-view","ariaLabel":"ຂໍ້ມູນ"},{"$i":"name-label","$v":"ຊື່"},{"$i":"size-label","$v":"ຂະໜາດ"},{"$i":"music-type-label","$v":"ປະເພດຂອງເພງ"},{"$i":"playlists-least-played","$v":"ຫຼິ້ນໜ້ອຍທີ່ສຸດ"},{"$i":"playlists-loading","$v":"ກຳລັງໂຫຼດ..."},{"$i":"select","$v":"ເລືອກ"},{"$i":"deselect","$v":"ຍົກເລີກການເລືອກ"},{"$i":"ok","$v":"ຕົກລົງ"},{"$i":"new","$v":"ໃໝ່"},{"$i":"next","$v":"ຕໍ່ໄປ"},{"$i":"rename","$v":"ຕັ້ງຊື່ໃໝ່"},{"$i":"remove","$v":"ລຶບອອກ"},{"$i":"add","$v":"ເພີ່ມ"},{"$i":"all","$v":"ທັງ​ໝົດ"},{"$i":"none","$v":"ບໍ່ມີ"}]