[{"$i":"music","$v":"Muz."},{"$i":"mix","$v":"Mšt."},{"$i":"playlists","$v":"Grojar."},{"$i":"artists","$v":"Atlik."},{"$i":"albums","$v":"Album."},{"$i":"songs","$v":"Dainos"},{"$i":"more","$v":"Daug."},{"$i":"songName","$v":"Dainos pavadinimas"},{"$i":"songArtist","$v":"Dainų atlikėjas"},{"$i":"songAlbum","$v":"Dainų albumas"},{"$i":"unknownArtist","$v":"Nežinomas atlikėjas"},{"$i":"unknownAlbum","$v":"Nežinomas albumas"},{"$i":"unknownTitle","$v":"Nežinomas pavadinimas"},{"$i":"storageFullTitle","$v":"Tel. saugykla pilna."},{"$i":"sdcardFullTitle","$v":"SD kort. pilna."},{"$i":"storage-not-ready","$v":"Ieškoma muzikos."},{"$i":"empty-text","$v":"Fonoteka tuščia. Įtraukite dainų, kad pradėtumėte."},{"$i":"pick-empty-text","$v":"Nėra muzikos."},{"$i":"scanning-text","$v":"Nuskaitymas"},{"$i":"nocard-text","$v":"Atminties kortelė nerasta. Norėd. pradėti, įdėkite atm. kort."},{"$i":"pluggedin-text","$v":"Saugykla šiuo metu naudojama. Norėdami naudoti programą, atjunkite telefoną."},{"$i":"upgrade-text","$v":"Palaukite, kol bus atn. muz. duom. bazė."},{"$i":"full-text","$v":"Jei norite atlaisvinti vietos, ištrinkite medijos failų ar programų duomenų. Taip pat galite įdėti SD kortelę, kad būtų daugiau medijos saugyklos vietos."},{"$i":"full-text-sdcard","$v":"Ištrinkite failus SD kortelėje, kad atlaisvintumėte vietos."},{"$i":"search-music","placeholder":"Paieš."},{"$i":"search-cancel","$v":"Atš."},{"$i":"search-artists","$v":"Atlik."},{"$i":"search-albums","$v":"Album."},{"$i":"search-titles","$v":"Garso takeliai"},{"$i":"search-close","$v":"Užd."},{"$i":"search-no-result","$v":"Takelių nerasta. Pabandykite ieškoti pagal kitą raktinį žodį."},{"$i":"artists-search-no-result","$v":"Menininkų nerasta. Pabandykite ieškoti pagal kitą raktinį žodį."},{"$i":"albums-search-no-result","$v":"Albumų nerasta. Pabandykite ieškoti pagal kitą raktinį žodį."},{"$i":"playlists-shuffle-all","$v":"Viską atkurti atsitiktine tvarka"},{"$i":"playlists-recently-added","$v":"Vėliaus. įtr."},{"$i":"playlists-most-played","$v":"Džn. atkur."},{"$i":"playlists-discover","$v":"Aptikti"},{"$i":"playlists-my-playlists","$v":"Mano grojaraščiai"},{"$i":"playlists-create-playlists","$v":"Naujas grojaraštis"},{"$i":"playlists-choose-playlists","$v":"Grojar."},{"$i":"no-my-playlists","$v":"Dar nesukūrėte grojaraščių."},{"$i":"no-songs-added","$v":"Prie šio grojaraščio dar nepridėjote dainų."},{"$i":"no-played-songs","$v":"Dar neleidote jokių dainų."},{"$i":"no-recently-added","$v":"Nėra neseniai įtrauktų dainų."},{"$i":"playlists-highest-rated","$v":"Aukšč. įvert."},{"$i":"picker-title","$v":"Rinktis garso takelį"},{"$i":"save","$v":"Išsg."},{"$i":"saved","$v":"išsaugota fonotekoje."},{"$i":"audioinvalid","$v":"Šis failo formatas netinkamas arba nepalaikomas."},{"$i":"overlay-cancel-button","$v":"Atš."},{"$i":"music-paused-notification","$v":"Pokal. metu pristabd. muzika"},{"$i":"done","$v":"Atl."},{"$i":"share-song","ariaLabel":"Dalintis"},{"$i":"player-album-rating","ariaLabel":"Įvert."},{"$i":"rating-star","ariaLabel":{"$x":[{"t":"idOrVar","v":"plural"},"n"],"$v":{"few":[{"t":"idOrVar","v":"n"}," žv."],"many":[{"t":"idOrVar","v":"n"}," žv."],"one":[{"t":"idOrVar","v":"n"}," žv."],"other":[{"t":"idOrVar","v":"n"}," žv."],"two":[{"t":"idOrVar","v":"n"}," žv."],"zero":[{"t":"idOrVar","v":"n"}," žv."]}}},{"$i":"go-to-player-view","ariaLabel":"Eiti į žaid. perž."},{"$i":"repeat-off","ariaLabel":"Kart. išj."},{"$i":"repeat-list","ariaLabel":"Kartoti viską"},{"$i":"repeat-song","ariaLabel":"Kartoti tak."},{"$i":"shuffle-toggle","ariaLabel":"Atkurti atsitiktine tvarka"},{"$i":"mix-tab","ariaLabel":"Mšt."},{"$i":"playlists-tab","ariaLabel":"Grojaraš."},{"$i":"artists-tab","ariaLabel":"Atlik."},{"$i":"albums-tab","ariaLabel":"Album."},{"$i":"songs-tab","ariaLabel":"Dainos"},{"$i":"check","$v":"Rinktis"},{"$i":"remove-track","$v":"Takelio tryn."},{"$i":"remove-tracks","$v":"Takelių tryn."},{"$i":"cancel","$v":"Atš."},{"$i":"delete","$v":"Ištrin."},{"$i":"song-num-checked","$v":{"few":["Pasir.: ",{"t":"idOrVar","v":"n"}],"many":["Pasir.: ",{"t":"idOrVar","v":"n"}],"one":["Pasir.: ",{"t":"idOrVar","v":"n"}],"other":["Pasir.: ",{"t":"idOrVar","v":"n"}],"two":["Pasir.: ",{"t":"idOrVar","v":"n"}],"zero":"0 pasir."},"$x":[{"t":"idOrVar","v":"plural"},"n"]},{"$i":"delete-playlist-songs","$v":{"few":["Ištr. ",{"t":"idOrVar","v":"n"}," takel. iš grojar.?"],"many":["Ištr. ",{"t":"idOrVar","v":"n"}," takel. iš grojar.?"],"one":"Ištr. pasir. takelį iš grojaraščio?","other":["Ištr. ",{"t":"idOrVar","v":"n"}," takel. iš grojar.?"],"two":["Ištr. ",{"t":"idOrVar","v":"n"}," takel. iš grojar.?"],"zero":"Niekas nepasir."},"$x":[{"t":"idOrVar","v":"plural"},"n"]},{"$i":"delete-playlist-hint","$v":{"few":["Ištr. ",{"t":"idOrVar","v":"n"}," gars. įr. iš grojar."],"many":["Ištr. ",{"t":"idOrVar","v":"n"}," gars. įr. iš grojar."],"one":"Garso takelis pašalintas iš grojaraščio","other":["Ištr. ",{"t":"idOrVar","v":"n"}," gars. įr. iš grojar."],"two":["Ištr. ",{"t":"idOrVar","v":"n"}," gars. įr. iš grojar."],"zero":"Niekas neištr."},"$x":[{"t":"idOrVar","v":"plural"},"n"]},{"$i":"delete-playlist","$v":"Ištrinti grojaraštį?"},{"$i":"delete-album-songs","$v":{"few":["Ištr. ",{"t":"idOrVar","v":"n"}," takel.?"],"many":["Ištr. ",{"t":"idOrVar","v":"n"}," takel.?"],"one":"Ištrinti pas. takelį?","other":["Ištr. ",{"t":"idOrVar","v":"n"}," takel.?"],"two":["Ištr. ",{"t":"idOrVar","v":"n"}," takel.?"],"zero":"Niekas nepasir."},"$x":[{"t":"idOrVar","v":"plural"},"n"]},{"$i":"delete-album-songs-hint","$v":{"few":["Ištr. ",{"t":"idOrVar","v":"n"}," gars. įr."],"many":["Ištr. ",{"t":"idOrVar","v":"n"}," gars. įr."],"one":"Garso takelis pašalintas","other":["Ištr. ",{"t":"idOrVar","v":"n"}," gars. įr."],"two":["Ištr. ",{"t":"idOrVar","v":"n"}," gars. įr."],"zero":"Niekas neištr."},"$x":[{"t":"idOrVar","v":"plural"},"n"]},{"$i":"add-to-playlist-song-hint","$v":"Takelis pridėtas prie"},{"$i":"add-to-playlist-songs-hint","$v":"takeliai pridėti prie"},{"$i":"library","$v":"Bibliot."},{"$i":"rate","$v":"Įvertinti"},{"$i":"gridview","$v":"Tin. per."},{"$i":"confirmation-title","$v":"Patvirtinim."},{"$i":"options","$v":"Funkc."},{"$i":"opt-player","$v":"Grotuv."},{"$i":"opt-delete","$v":"Ištrin."},{"$i":"opt-mulselect","$v":"Rinktis kelis"},{"$i":"opt-selectall","$v":"Rinktis viską"},{"$i":"opt-deselectall","$v":"Ats. visų pas."},{"$i":"opt-cancel","$v":"Atš."},{"$i":"opt-library","$v":"Bibliot."},{"$i":"opt-shuffleall","$v":"Visk.atk.atsitikt.tvarka"},{"$i":"opt-repeatall","$v":"Kart. vis."},{"$i":"opt-back","$v":"Grįž."},{"$i":"opt-done","$v":"Atl."},{"$i":"opt-ok","$v":"GERAI"},{"$i":"opt-play","$v":"Atk."},{"$i":"opt-pause","$v":"Prist."},{"$i":"opt-setring","$v":"Išsg. kaip skmb. t."},{"$i":"opt-shuffleoff","$v":"Atkūrimas atsitiktine tvarka išjungtas"},{"$i":"opt-shuffleon","$v":"Atkūrim.atsitikt.tvark."},{"$i":"opt-repeatoff","$v":"Kart. išj."},{"$i":"opt-repeatone","$v":"Kart. kartą"},{"$i":"opt-share","$v":"Dalintis"},{"$i":"opt-volume","$v":"Garsas"},{"$i":"opt-createplaylist","$v":"Sukurti grojaraštį"},{"$i":"opt-addsongs","$v":"Pridėti dainų"},{"$i":"opt-rename","$v":"Pervadinti"},{"$i":"opt-removesongs","$v":"Pašalinti dainas"},{"$i":"opt-addtoplaylist","$v":"Pridėti į grojaraštį"},{"$i":"opt-create","$v":"Kurti"},{"$i":"opt-settings","$v":"Parametrai"},{"$i":"byteUnit-B","$v":"Bait."},{"$i":"byteUnit-KB","$v":"KB"},{"$i":"byteUnit-MB","$v":"MB"},{"$i":"byteUnit-GB","$v":"GB"},{"$i":"byteUnit-TB","$v":"TB"},{"$i":"byteUnit-PB","$v":"PB"},{"$i":"byteUnit-EB","$v":"EB"},{"$i":"byteUnit-ZB","$v":"ZB"},{"$i":"byteUnit-YB","$v":"YB"},{"$i":"opt-fileinfo","$v":"Failo inf."},{"$i":"info-view","ariaLabel":"Infor."},{"$i":"name-label","$v":"Vard."},{"$i":"size-label","$v":"Dydis"},{"$i":"music-type-label","$v":"Muz. tipas"},{"$i":"playlists-least-played","$v":"Maž. grota"},{"$i":"playlists-loading","$v":"Įkeliama…"},{"$i":"select","$v":"Rinktis"},{"$i":"deselect","$v":"Atsisak."},{"$i":"ok","$v":"Gerai"},{"$i":"new","$v":"Naujas"},{"$i":"next","$v":"Toliau"},{"$i":"rename","$v":"Pervadinti"},{"$i":"remove","$v":"Šalinti"},{"$i":"add","$v":"Įtraukti"},{"$i":"all","$v":"Visi"},{"$i":"none","$v":"Nėra"}]