[{"$i":"music","$v":"Музика"},{"$i":"mix","$v":"Микс"},{"$i":"playlists","$v":"Листа на песни"},{"$i":"artists","$v":"Изведувачи"},{"$i":"albums","$v":"Албуми"},{"$i":"songs","$v":"Песни"},{"$i":"more","$v":"Повеќе"},{"$i":"songName","$v":"Име на песната"},{"$i":"songArtist","$v":"Исполнител на песната"},{"$i":"songAlbum","$v":"Албум со песни"},{"$i":"unknownArtist","$v":"Непознат исполнител"},{"$i":"unknownAlbum","$v":"Непознат албум"},{"$i":"unknownTitle","$v":"Непознат наслов"},{"$i":"storageFullTitle","$v":"Складот на телефонот е полн."},{"$i":"sdcardFullTitle","$v":"SD карт. е полна."},{"$i":"storage-not-ready","$v":"Скенирање за музика."},{"$i":"empty-text","$v":"Музичката библиотека е празна. Додадете песни за да започнете."},{"$i":"pick-empty-text","$v":"Нема достапна музика."},{"$i":"scanning-text","$v":"Скенирање"},{"$i":"nocard-text","$v":"Мемор.карт. не е откриена. Поставете мемор.карт. за да започнете."},{"$i":"pluggedin-text","$v":"Скл. мом. се кор. Иск.го тел. за да ја кор. оваа апл."},{"$i":"upgrade-text","$v":"Почек. додека Музика ја ажур. својата база со подат."},{"$i":"full-text","$v":"Избришете медиумски датотеки или податоци од апликации за да ослободите простор. Исто така, можете да вметнете SD-картичка за да ја проширите медиумската меморија."},{"$i":"full-text-sdcard","$v":"Избришете датотеки во SD-картичката за да ослободите простор."},{"$i":"search-music","placeholder":"Пребарување"},{"$i":"search-cancel","$v":"Откажи"},{"$i":"search-artists","$v":"Изведувачи"},{"$i":"search-albums","$v":"Албуми"},{"$i":"search-titles","$v":"Муз. записи"},{"$i":"search-close","$v":"затвори"},{"$i":"search-no-result","$v":"Не се пронајдени песни, обидете се да пребарувате со различен клучен збор."},{"$i":"artists-search-no-result","$v":"Не се пронајдени уметници, обидете се да пребарувате со друг клучен збор."},{"$i":"albums-search-no-result","$v":"Не се пронајдени албуми, обидете се да пребарувате со различен клучен збор."},{"$i":"playlists-shuffle-all","$v":"Сите по случаен избор"},{"$i":"playlists-recently-added","$v":"Додадени неодамна"},{"$i":"playlists-most-played","$v":"Најрепродуцирани"},{"$i":"playlists-discover","$v":"Откриј"},{"$i":"playlists-my-playlists","$v":"Мои плејлисти"},{"$i":"playlists-create-playlists","$v":"Нова плејлиста"},{"$i":"playlists-choose-playlists","$v":"Листа на песни"},{"$i":"no-my-playlists","$v":"Сѐ уште немате креирано листи со песни"},{"$i":"no-songs-added","$v":"Сѐ уште не сте додале песни на оваа листа."},{"$i":"no-played-songs","$v":"Сѐ уште не сте репродуцирале песни."},{"$i":"no-recently-added","$v":"Не се додадени нови песни наскоро."},{"$i":"playlists-highest-rated","$v":"Највисоко оценет"},{"$i":"picker-title","$v":"Изберете муз.нумера"},{"$i":"save","$v":"Зачувај"},{"$i":"saved","$v":"Зачувано во музичката библиотека."},{"$i":"audioinvalid","$v":"Овој формат на датотека е невалиден или не е поддржан."},{"$i":"overlay-cancel-button","$v":"Откажи"},{"$i":"music-paused-notification","$v":"Музиката е паузирана за време на повикот"},{"$i":"done","$v":"Готово"},{"$i":"share-song","ariaLabel":"Споделете"},{"$i":"player-album-rating","ariaLabel":"Рејтинг"},{"$i":"rating-star","ariaLabel":{"$x":[{"t":"idOrVar","v":"plural"},"n"],"$v":{"few":[{"t":"idOrVar","v":"n"}," ѕвезди"],"many":[{"t":"idOrVar","v":"n"}," ѕвезди"],"one":[{"t":"idOrVar","v":"n"}," ѕвезда"],"other":[{"t":"idOrVar","v":"n"}," ѕвезди"],"two":[{"t":"idOrVar","v":"n"}," ѕвезди"],"zero":[{"t":"idOrVar","v":"n"}," ѕвезди"]}}},{"$i":"go-to-player-view","ariaLabel":"Одете на приказ на репродукторот"},{"$i":"repeat-off","ariaLabel":"Повторувањето е искл."},{"$i":"repeat-list","ariaLabel":"Повторете ги сите"},{"$i":"repeat-song","ariaLabel":"Повторете муз.нумера"},{"$i":"shuffle-toggle","ariaLabel":"По случаен избор"},{"$i":"mix-tab","ariaLabel":"Микс"},{"$i":"playlists-tab","ariaLabel":"Листи на песни"},{"$i":"artists-tab","ariaLabel":"Изведувачи"},{"$i":"albums-tab","ariaLabel":"Албуми"},{"$i":"songs-tab","ariaLabel":"Песни"},{"$i":"check","$v":"Избор"},{"$i":"remove-track","$v":"Избриши нумера"},{"$i":"remove-tracks","$v":"Избриши Нумери"},{"$i":"cancel","$v":"Откажи"},{"$i":"delete","$v":"Избриши"},{"$i":"song-num-checked","$v":{"few":[{"t":"idOrVar","v":"n"}," избрано"],"many":[{"t":"idOrVar","v":"n"}," избрано"],"one":[{"t":"idOrVar","v":"n"}," избрано"],"other":[{"t":"idOrVar","v":"n"}," избрано"],"two":[{"t":"idOrVar","v":"n"}," избрано"],"zero":"0 избрани"},"$x":[{"t":"idOrVar","v":"plural"},"n"]},{"$i":"delete-playlist-songs","$v":{"few":["Избриши ",{"t":"idOrVar","v":"n"}," нумери од плејлистата?"],"many":["Избриши ",{"t":"idOrVar","v":"n"}," нумери од плејлистата?"],"one":"Избриши ги избраните нумери од плејлистата?","other":["Избриши ",{"t":"idOrVar","v":"n"}," нумери од плејлистата?"],"two":["Избриши ",{"t":"idOrVar","v":"n"}," нумери од плејлистата?"],"zero":"Ништо не е избрано"},"$x":[{"t":"idOrVar","v":"plural"},"n"]},{"$i":"delete-playlist-hint","$v":{"few":[{"t":"idOrVar","v":"n"}," муз.запис е избришан од плејлистата"],"many":[{"t":"idOrVar","v":"n"}," муз.запис е избришан од плејлистата"],"one":"Муз. запис е избр. од плејлис.","other":[{"t":"idOrVar","v":"n"}," муз.запис е избришан од плејлистата"],"two":[{"t":"idOrVar","v":"n"}," муз.запис е избришан од плејлистата"],"zero":"Ништо не е избришано"},"$x":[{"t":"idOrVar","v":"plural"},"n"]},{"$i":"delete-playlist","$v":"Избриши листа со песни?"},{"$i":"delete-album-songs","$v":{"few":["Избриши ",{"t":"idOrVar","v":"n"}," нумери?"],"many":["Избриши ",{"t":"idOrVar","v":"n"}," нумери?"],"one":"Избриши ја избраната нумера?","other":["Избриши ",{"t":"idOrVar","v":"n"}," нумери?"],"two":["Избриши ",{"t":"idOrVar","v":"n"}," нумери?"],"zero":"Ништо не е избрано"},"$x":[{"t":"idOrVar","v":"plural"},"n"]},{"$i":"delete-album-songs-hint","$v":{"few":[{"t":"idOrVar","v":"n"}," муз.запис е избришан"],"many":[{"t":"idOrVar","v":"n"}," муз.запис е избришан"],"one":"Муз.запис е избришан","other":[{"t":"idOrVar","v":"n"}," муз.запис е избришан"],"two":[{"t":"idOrVar","v":"n"}," муз.запис е избришан"],"zero":"Ништо не е избришано"},"$x":[{"t":"idOrVar","v":"plural"},"n"]},{"$i":"add-to-playlist-song-hint","$v":"Песната е додадена на"},{"$i":"add-to-playlist-songs-hint","$v":"песните се додадени на"},{"$i":"library","$v":"Библиотека"},{"$i":"rate","$v":"Оценка"},{"$i":"gridview","$v":"Мрежен приказ"},{"$i":"confirmation-title","$v":"Потврдување"},{"$i":"options","$v":"Опции"},{"$i":"opt-player","$v":"Плејер"},{"$i":"opt-delete","$v":"Избриши"},{"$i":"opt-mulselect","$v":"Изберете неколку"},{"$i":"opt-selectall","$v":"Изберете ги сите"},{"$i":"opt-deselectall","$v":"Поништи избор на сите"},{"$i":"opt-cancel","$v":"Откажи"},{"$i":"opt-library","$v":"Библиотека"},{"$i":"opt-shuffleall","$v":"Сите по случаен избор"},{"$i":"opt-repeatall","$v":"Повторете ги сите"},{"$i":"opt-back","$v":"Назад"},{"$i":"opt-done","$v":"Готово"},{"$i":"opt-ok","$v":"ОК"},{"$i":"opt-play","$v":"Репродукција"},{"$i":"opt-pause","$v":"Паузирај"},{"$i":"opt-setring","$v":"Зачувајте како мелодија"},{"$i":"opt-shuffleoff","$v":"По случ. избор искл."},{"$i":"opt-shuffleon","$v":"По случ избор вкл."},{"$i":"opt-repeatoff","$v":"Повторувањето е искл."},{"$i":"opt-repeatone","$v":"Повторете едно"},{"$i":"opt-share","$v":"Споделете"},{"$i":"opt-volume","$v":"Јачина"},{"$i":"opt-createplaylist","$v":"Креирај плејлиста"},{"$i":"opt-addsongs","$v":"Додај песни"},{"$i":"opt-rename","$v":"Преимен."},{"$i":"opt-removesongs","$v":"Отстрани песни"},{"$i":"opt-addtoplaylist","$v":"Додади на плеј листа"},{"$i":"opt-create","$v":"Создајте"},{"$i":"opt-settings","$v":"Поставувања"},{"$i":"byteUnit-B","$v":"бајти"},{"$i":"byteUnit-KB","$v":"KB"},{"$i":"byteUnit-MB","$v":"MB"},{"$i":"byteUnit-GB","$v":"GB"},{"$i":"byteUnit-TB","$v":"TB"},{"$i":"byteUnit-PB","$v":"PB"},{"$i":"byteUnit-EB","$v":"EB"},{"$i":"byteUnit-ZB","$v":"ZB"},{"$i":"byteUnit-YB","$v":"YB"},{"$i":"opt-fileinfo","$v":"Инфо за датотеката"},{"$i":"info-view","ariaLabel":"Инфо."},{"$i":"name-label","$v":"Име"},{"$i":"size-label","$v":"Големина"},{"$i":"music-type-label","$v":"Тип на музиката"},{"$i":"playlists-least-played","$v":"Најмало репродуцирање"},{"$i":"playlists-loading","$v":"Вчитување…"},{"$i":"select","$v":"Одбери"},{"$i":"deselect","$v":"Пон.ги избр."},{"$i":"ok","$v":"ОК"},{"$i":"new","$v":"Нов"},{"$i":"next","$v":"Следно"},{"$i":"rename","$v":"Преимен."},{"$i":"remove","$v":"Отстрани"},{"$i":"add","$v":"Додај"},{"$i":"all","$v":"Сите"},{"$i":"none","$v":"Ништо"}]