[{"$i":"music","$v":"Musikk"},{"$i":"mix","$v":"Miks"},{"$i":"playlists","$v":"Spilleliste"},{"$i":"artists","$v":"Artister"},{"$i":"albums","$v":"Albumer"},{"$i":"songs","$v":"Sanger"},{"$i":"more","$v":"Mer"},{"$i":"songName","$v":"Sang navn"},{"$i":"songArtist","$v":"Sang artist"},{"$i":"songAlbum","$v":"Sang album"},{"$i":"unknownArtist","$v":"Ukjent artist"},{"$i":"unknownAlbum","$v":"Ukjent album"},{"$i":"unknownTitle","$v":"Ukjent tittel"},{"$i":"storageFullTitle","$v":"Telefonens lagringsplass er full.."},{"$i":"sdcardFullTitle","$v":"SD-kort er fullt."},{"$i":"storage-not-ready","$v":"Skanne etter musikk."},{"$i":"empty-text","$v":"Musikkbiblioteket er tomt. Legg til sanger for å komme i gang."},{"$i":"pick-empty-text","$v":"Ingen musikk tilgjengelig."},{"$i":"scanning-text","$v":"Skanner"},{"$i":"nocard-text","$v":"Fant ikke minnekort. Sett inn et minnekort for å komme i gang."},{"$i":"pluggedin-text","$v":"Lagringsplass brukes. Koble fra telefonen for å bruke appen."},{"$i":"upgrade-text","$v":"Vent mens musikk oppdaterer databasen."},{"$i":"full-text","$v":"Slett mediefiler eller programdata for å frigjøre plass. Du kan også sette inn et SD-kort for å utvide medielagring."},{"$i":"full-text-sdcard","$v":"Slett filer på SD-kort for å frigjøre plass."},{"$i":"search-music","placeholder":"Søk"},{"$i":"search-cancel","$v":"Avbryt"},{"$i":"search-artists","$v":"Artister"},{"$i":"search-albums","$v":"Albumer"},{"$i":"search-titles","$v":"Spor"},{"$i":"search-close","$v":"lukk"},{"$i":"search-no-result","$v":"Ingen spor funnet, prøv å søke med et annet nøkkelord."},{"$i":"artists-search-no-result","$v":"Ingen artister funnet. Prøv å søke med et annet nøkkelord."},{"$i":"albums-search-no-result","$v":"Ingen album funnet. Prøv å søke med et annet nøkkelord."},{"$i":"playlists-shuffle-all","$v":"Spill alle tilfeldig"},{"$i":"playlists-recently-added","$v":"Nylig lagt til"},{"$i":"playlists-most-played","$v":"Mest spilt"},{"$i":"playlists-discover","$v":"Opplev"},{"$i":"playlists-my-playlists","$v":"Mine spillelister"},{"$i":"playlists-create-playlists","$v":"Ny spilleliste"},{"$i":"playlists-choose-playlists","$v":"Spilleliste"},{"$i":"no-my-playlists","$v":"Du har ikke opprettet noen spillelister enda."},{"$i":"no-songs-added","$v":"Du har ikke lagt til noen sanger enda."},{"$i":"no-played-songs","$v":"Du har ikke spilt av sanger enda."},{"$i":"no-recently-added","$v":"Ingen sanger lagt til nylig."},{"$i":"playlists-highest-rated","$v":"Høyest rangert"},{"$i":"picker-title","$v":"Velg et spor"},{"$i":"save","$v":"Lagre"},{"$i":"saved","$v":"lagret til musikkbibliotek."},{"$i":"audioinvalid","$v":"Dette filformatet er ugyldig eller støttes ikke."},{"$i":"overlay-cancel-button","$v":"Avbryt"},{"$i":"music-paused-notification","$v":"Musikk midlertidig stoppet i løpet av samtalen"},{"$i":"done","$v":"Fullført"},{"$i":"share-song","ariaLabel":"Del"},{"$i":"player-album-rating","ariaLabel":"Gradering"},{"$i":"rating-star","ariaLabel":{"$x":[{"t":"idOrVar","v":"plural"},"n"],"$v":{"few":[{"t":"idOrVar","v":"n"}," stjerner"],"many":[{"t":"idOrVar","v":"n"}," stjerner"],"one":[{"t":"idOrVar","v":"n"}," stjerne"],"other":[{"t":"idOrVar","v":"n"}," stjerner"],"two":[{"t":"idOrVar","v":"n"}," stjerner"],"zero":[{"t":"idOrVar","v":"n"}," stjerner"]}}},{"$i":"go-to-player-view","ariaLabel":"Gå til spillervisning"},{"$i":"repeat-off","ariaLabel":"Gjenta av"},{"$i":"repeat-list","ariaLabel":"Gjenta alt"},{"$i":"repeat-song","ariaLabel":"Gjenta spor"},{"$i":"shuffle-toggle","ariaLabel":"Tilfeldig avspilling"},{"$i":"mix-tab","ariaLabel":"Miks"},{"$i":"playlists-tab","ariaLabel":"Spillelister"},{"$i":"artists-tab","ariaLabel":"Artister"},{"$i":"albums-tab","ariaLabel":"Albumer"},{"$i":"songs-tab","ariaLabel":"Sanger"},{"$i":"check","$v":"Velg"},{"$i":"remove-track","$v":"Slett spor"},{"$i":"remove-tracks","$v":"Slett spor"},{"$i":"cancel","$v":"Avbryt"},{"$i":"delete","$v":"Slett"},{"$i":"song-num-checked","$v":{"few":[{"t":"idOrVar","v":"n"}," valgt"],"many":[{"t":"idOrVar","v":"n"}," valgt"],"one":[{"t":"idOrVar","v":"n"}," valgt"],"other":[{"t":"idOrVar","v":"n"}," valgt"],"two":[{"t":"idOrVar","v":"n"}," valgt"],"zero":"0 valgt"},"$x":[{"t":"idOrVar","v":"plural"},"n"]},{"$i":"delete-playlist-songs","$v":{"few":["Slette ",{"t":"idOrVar","v":"n"}," spor fra spilleliste?"],"many":["Slette ",{"t":"idOrVar","v":"n"}," spor fra spilleliste?"],"one":"Slette valgte spor fra spilleliste?","other":["Slette ",{"t":"idOrVar","v":"n"}," spor fra spilleliste?"],"two":["Slette ",{"t":"idOrVar","v":"n"}," spor fra spilleliste?"],"zero":"Ingenting valgt"},"$x":[{"t":"idOrVar","v":"plural"},"n"]},{"$i":"delete-playlist-hint","$v":{"few":[{"t":"idOrVar","v":"n"}," spor slettet fra spilleliste"],"many":[{"t":"idOrVar","v":"n"}," spor slettet fra spilleliste"],"one":"Spor slettet fra spilleliste","other":[{"t":"idOrVar","v":"n"}," spor slettet fra spilleliste"],"two":[{"t":"idOrVar","v":"n"}," spor slettet fra spilleliste"],"zero":"Ingenting slettet"},"$x":[{"t":"idOrVar","v":"plural"},"n"]},{"$i":"delete-playlist","$v":"Slette spilleliste?"},{"$i":"delete-album-songs","$v":{"few":["Slette ",{"t":"idOrVar","v":"n"}," spor?"],"many":["Slette ",{"t":"idOrVar","v":"n"}," spor?"],"one":"Slette valgte spor?","other":["Slette ",{"t":"idOrVar","v":"n"}," spor?"],"two":["Slette ",{"t":"idOrVar","v":"n"}," spor?"],"zero":"Ingenting valgt"},"$x":[{"t":"idOrVar","v":"plural"},"n"]},{"$i":"delete-album-songs-hint","$v":{"few":[{"t":"idOrVar","v":"n"}," spor slettet"],"many":[{"t":"idOrVar","v":"n"}," spor slettet"],"one":"Spor slettet","other":[{"t":"idOrVar","v":"n"}," spor slettet"],"two":[{"t":"idOrVar","v":"n"}," spor slettet"],"zero":"Ingenting slettet"},"$x":[{"t":"idOrVar","v":"plural"},"n"]},{"$i":"add-to-playlist-song-hint","$v":"Spor lagt til"},{"$i":"add-to-playlist-songs-hint","$v":"spor lagt til"},{"$i":"library","$v":"Bibliotek"},{"$i":"rate","$v":"Vurder"},{"$i":"gridview","$v":"Rutenettvisning"},{"$i":"confirmation-title","$v":"Bekreftelse"},{"$i":"options","$v":"Valg"},{"$i":"opt-player","$v":"Spiller"},{"$i":"opt-delete","$v":"Slett"},{"$i":"opt-mulselect","$v":"Velg flere"},{"$i":"opt-selectall","$v":"Velg alle"},{"$i":"opt-deselectall","$v":"Velg bort alle"},{"$i":"opt-cancel","$v":"Avbryt"},{"$i":"opt-library","$v":"Bibliotek"},{"$i":"opt-shuffleall","$v":"Spill alle tilfeldig"},{"$i":"opt-repeatall","$v":"Gjenta alt"},{"$i":"opt-back","$v":"Tilbake"},{"$i":"opt-done","$v":"Fullført"},{"$i":"opt-ok","$v":"OK"},{"$i":"opt-play","$v":"Spill"},{"$i":"opt-pause","$v":"Pause"},{"$i":"opt-setring","$v":"Lagre som ringetone"},{"$i":"opt-shuffleoff","$v":"Tilfeldig avspilling av"},{"$i":"opt-shuffleon","$v":"Tilfeldig avspilling på"},{"$i":"opt-repeatoff","$v":"Gjenta av"},{"$i":"opt-repeatone","$v":"Gjenta én"},{"$i":"opt-share","$v":"Del"},{"$i":"opt-volume","$v":"Volum"},{"$i":"opt-createplaylist","$v":"Lag spilleliste"},{"$i":"opt-addsongs","$v":"Legg til sanger"},{"$i":"opt-rename","$v":"Bytt navn"},{"$i":"opt-removesongs","$v":"Fjern sanger"},{"$i":"opt-addtoplaylist","$v":"Legg til i spilleliste"},{"$i":"opt-create","$v":"Opprett"},{"$i":"opt-settings","$v":"Innstillinger"},{"$i":"byteUnit-B","$v":"Bytes"},{"$i":"byteUnit-KB","$v":"KB"},{"$i":"byteUnit-MB","$v":"MB"},{"$i":"byteUnit-GB","$v":"GB"},{"$i":"byteUnit-TB","$v":"TB"},{"$i":"byteUnit-PB","$v":"PB"},{"$i":"byteUnit-EB","$v":"EB"},{"$i":"byteUnit-ZB","$v":"ZB"},{"$i":"byteUnit-YB","$v":"YB"},{"$i":"opt-fileinfo","$v":"Filinformasjon"},{"$i":"info-view","ariaLabel":"Info"},{"$i":"name-label","$v":"Navn"},{"$i":"size-label","$v":"Størrelse"},{"$i":"music-type-label","$v":"Musikktype"},{"$i":"playlists-least-played","$v":"Minst spilt"},{"$i":"playlists-loading","$v":"Laster …"},{"$i":"select","$v":"Velg"},{"$i":"deselect","$v":"Velg bort"},{"$i":"ok","$v":"OK"},{"$i":"new","$v":"Ny"},{"$i":"next","$v":"Neste"},{"$i":"rename","$v":"Bytt navn"},{"$i":"remove","$v":"Fjern"},{"$i":"add","$v":"Legg til"},{"$i":"all","$v":"Alle"},{"$i":"none","$v":"Ingen"}]