[{"$i":"music","$v":"संगीत"},{"$i":"mix","$v":"मिश्रण गर्नुहोस्"},{"$i":"playlists","$v":"प्लेसूची"},{"$i":"artists","$v":"कलाकारहरू"},{"$i":"albums","$v":"एल्बमहरू"},{"$i":"songs","$v":"गीतहरू"},{"$i":"more","$v":"बढी"},{"$i":"songName","$v":"गीतको नाम"},{"$i":"songArtist","$v":"गीत कलाकार"},{"$i":"songAlbum","$v":"गीत एल्बम"},{"$i":"unknownArtist","$v":"अज्ञात कलाकार"},{"$i":"unknownAlbum","$v":"अज्ञात एल्बम"},{"$i":"unknownTitle","$v":"अज्ञात शीर्षक"},{"$i":"storageFullTitle","$v":"फोन भण्डारण भरिएको छ"},{"$i":"sdcardFullTitle","$v":"एस.डि कार्ड पूरा छ"},{"$i":"storage-not-ready","$v":"सङ्गीतको लागि स्क्यान गर्दै..."},{"$i":"empty-text","$v":"संगीत पुस्तकालय खाली छ सुरु गर्नको लागि गीतहरू थप्नुहोस्।"},{"$i":"pick-empty-text","$v":"कुनै संगीत उपलब्ध छैन।"},{"$i":"scanning-text","$v":"संगीतको लागि स्क्यान गर्दै..."},{"$i":"nocard-text","$v":"मेमोरी कार्ड फेला परेको छैन सुरु गरिएको प्राप्त मेमोरी कार्ड घुसाउनुहोस्।"},{"$i":"pluggedin-text","$v":"भण्डार अहिले प्रयोगमा छ। कृपया फोनबाट यो एप्लिकेसन प्रयोग गर्न अनप्लग गर्नुहोस्।"},{"$i":"upgrade-text","$v":"यसको डेटाबेस संगीतमा अद्यावधिकहरू छन कृपया पर्खनुहोस्।"},{"$i":"full-text","$v":"स्थान खाली गर्न मिडिया फाइल वा आवेदन मितिलाई मेटाउनुहोस्। तपाईंले मिडिया भण्डारणलाई विस्तार गर्न एस.डि कार्डलाई घुसाउन सक्नुहुन्छ ।"},{"$i":"full-text-sdcard","$v":"स्थान खाली गर्न एस.डि कार्डमा रहेका फाइलहरूलाई मेटाउनुहोस्।"},{"$i":"search-music","placeholder":"खोज्नुहोस्"},{"$i":"search-cancel","$v":"रद्द गर्नुहोस्"},{"$i":"search-artists","$v":"कलाकारहरू"},{"$i":"search-albums","$v":"एल्बमहरू"},{"$i":"search-titles","$v":"ट्र्याकहरू"},{"$i":"search-close","$v":"बन्द गर्नुहोस्"},{"$i":"search-no-result","$v":"कुनै ट्रयाकहरू फेला परेनन्, फरक किवर्डबाट खोज्ने प्रयास गर्नुहोस्।"},{"$i":"artists-search-no-result","$v":"कुनै कलाकार फेला परेनन्, फरक किवर्डबाट खोज्ने प्रयास गर्नुहोस्।"},{"$i":"albums-search-no-result","$v":"कुनै एल्बमहरू फेला परेनन्, फरक किवर्डबाट खोज्ने प्रयास गर्नुहोस्।"},{"$i":"playlists-shuffle-all","$v":"सबै शफल गर्ने"},{"$i":"playlists-recently-added","$v":"हालै थपिएको"},{"$i":"playlists-most-played","$v":"धेरै खेलिने"},{"$i":"playlists-discover","$v":"पत्ता लगाउनुहोस्"},{"$i":"playlists-my-playlists","$v":"मेरा प्लेसूचीहरू"},{"$i":"playlists-create-playlists","$v":"नयाँ प्लेसूची"},{"$i":"playlists-choose-playlists","$v":"प्लेसूचीहरू"},{"$i":"no-my-playlists","$v":"तपाईंले अझैसम्म कुनै प्लेसूचीहरू सिर्जना गर्नुभएको छैन।"},{"$i":"no-songs-added","$v":"तपाईंले अझैसम्म प्लेसूचीमा कुनै पनि गीतहरूलाई थप्नुभएको छैन।"},{"$i":"no-played-songs","$v":"तपाईंले अहिले सम्म कुनै पनि गीतहरू प्ले गर्नुभएको छैन।"},{"$i":"no-recently-added","$v":"हाल कुनै नयाँ गीतहरू थपिएका छैनन्।"},{"$i":"playlists-highest-rated","$v":"उच्चतम मूल्याङ्न गरियो"},{"$i":"picker-title","$v":"ट्र्याक चयन गर्नुहोस्"},{"$i":"save","$v":"सुरक्षित गर्नुहोस्"},{"$i":"saved","$v":"संगीत पुस्तकालयमा बचत गरियो।"},{"$i":"audioinvalid","$v":"यो फाइल ढाँचा अमान्य छ वा समर्थन गर्दैन।"},{"$i":"overlay-cancel-button","$v":"रद्द गर्नुहोस्"},{"$i":"music-paused-notification","$v":"कलको समयमा संगीत पज गरियो"},{"$i":"done","$v":"भयो"},{"$i":"share-song","ariaLabel":"साझेदारी"},{"$i":"player-album-rating","ariaLabel":"मूल्याङ्कन"},{"$i":"rating-star","ariaLabel":{"$x":[{"t":"idOrVar","v":"plural"},"n"],"$v":{"few":[{"t":"idOrVar","v":"n"}," ताराहरू"],"many":[{"t":"idOrVar","v":"n"}," ताराहरू"],"one":[{"t":"idOrVar","v":"n"}," तारा"],"other":[{"t":"idOrVar","v":"n"}," ताराहरू"],"two":[{"t":"idOrVar","v":"n"}," ताराहरू"],"zero":[{"t":"idOrVar","v":"n"}," ताराहरू"]}}},{"$i":"go-to-player-view","ariaLabel":"प्लेयर दृश्यमा जानुहोस्"},{"$i":"repeat-off","ariaLabel":"नदोहोर्याउनुहोस्"},{"$i":"repeat-list","ariaLabel":"सबै दोहोर्याउनुहोस्"},{"$i":"repeat-song","ariaLabel":"ट्र्याक दोहोर्याउनुहोस्"},{"$i":"shuffle-toggle","ariaLabel":"शफल गर्नुहोस्"},{"$i":"mix-tab","ariaLabel":"मिश्रण गर्नुहोस्"},{"$i":"playlists-tab","ariaLabel":"प्लेसूचीहरू"},{"$i":"artists-tab","ariaLabel":"कलाकारहरू"},{"$i":"albums-tab","ariaLabel":"एल्बमहरू"},{"$i":"songs-tab","ariaLabel":"गीतहरू"},{"$i":"check","$v":"चयन गर्नुहोस्"},{"$i":"remove-track","$v":"ट्र्याक मेटाउनुहोस्"},{"$i":"remove-tracks","$v":"ट्र्याकहरू मेटाउनुहोस्"},{"$i":"cancel","$v":"रद्द गर्नुहोस्"},{"$i":"delete","$v":"मेट्नुहोस्"},{"$i":"song-num-checked","$v":{"few":[{"t":"idOrVar","v":"n"}," चयन गरियो"],"many":[{"t":"idOrVar","v":"n"}," चयन गरियो"],"one":[{"t":"idOrVar","v":"n"}," चयन गरियो"],"other":[{"t":"idOrVar","v":"n"}," चयन गरियो"],"two":[{"t":"idOrVar","v":"n"}," चयन गरियो"],"zero":"0 चयन गर्नुहोस्"},"$x":[{"t":"idOrVar","v":"plural"},"n"]},{"$i":"delete-playlist-songs","$v":{"few":["प्लेसूचीबाट ",{"t":"idOrVar","v":"n"}," ट्र्याकहरू मेटाउनुहोस् ?"],"many":["प्लेसूचीबाट ",{"t":"idOrVar","v":"n"}," ट्र्याकहरू मेटाउनुहोस् ?"],"one":"पेलेसूवीबाट चयन गरिएका ट्रयाक मेटाउनुहोस् ?","other":["प्लेसूचीबाट ",{"t":"idOrVar","v":"n"}," ट्र्याकहरू मेटाउनुहोस् ?"],"two":["प्लेसूचीबाट ",{"t":"idOrVar","v":"n"}," ट्र्याकहरू मेटाउनुहोस् ?"],"zero":"केहीपनि चयन गरिएन"},"$x":[{"t":"idOrVar","v":"plural"},"n"]},{"$i":"delete-playlist-hint","$v":{"few":["प्लेसूचीबाट ",{"t":"idOrVar","v":"n"}," ट्र्याक मेटाइयो"],"many":["प्लेसूचीबाट ",{"t":"idOrVar","v":"n"}," ट्र्याक मेटाइयो"],"one":"प्लेसूचीबाट ट्र्याक मेटाइयो","other":["प्लेसूचीबाट ",{"t":"idOrVar","v":"n"}," ट्र्याक मेटाइयो"],"two":["प्लेसूचीबाट ",{"t":"idOrVar","v":"n"}," ट्र्याक मेटाइयो"],"zero":"मेटाइएको छैन"},"$x":[{"t":"idOrVar","v":"plural"},"n"]},{"$i":"delete-playlist","$v":"प्लेसूची मेटाउने?"},{"$i":"delete-album-songs","$v":{"few":[{"t":"idOrVar","v":"n"}," ट्रयाकहरू मेटाउनुहोस् ?"],"many":[{"t":"idOrVar","v":"n"}," ट्रयाकहरू मेटाउनुहोस् ?"],"one":"चयन गरिएको ट्रयाक मेटाउनुहोस् ?","other":[{"t":"idOrVar","v":"n"}," ट्रयाकहरू मेटाउनुहोस् ?"],"two":[{"t":"idOrVar","v":"n"}," ट्रयाकहरू मेटाउनुहोस् ?"],"zero":"केहीपनि चयन गरिएन"},"$x":[{"t":"idOrVar","v":"plural"},"n"]},{"$i":"delete-album-songs-hint","$v":{"few":[{"t":"idOrVar","v":"n"}," ट्रयाक मेटाइयो"],"many":[{"t":"idOrVar","v":"n"}," ट्रयाक मेटाइयो"],"one":"ट्रयाक मेटाइयो","other":[{"t":"idOrVar","v":"n"}," ट्रयाक मेटाइयो"],"two":[{"t":"idOrVar","v":"n"}," ट्रयाक मेटाइयो"],"zero":"मेटाइएको छैन"},"$x":[{"t":"idOrVar","v":"plural"},"n"]},{"$i":"add-to-playlist-song-hint","$v":"यसमा ट्र्याक थपियो"},{"$i":"add-to-playlist-songs-hint","$v":"यस ट्र्याकहरू थपियो"},{"$i":"library","$v":"पुस्तकालय"},{"$i":"rate","$v":"दर"},{"$i":"gridview","$v":"ग्रिड दृश्य"},{"$i":"confirmation-title","$v":"पुष्टिकरण"},{"$i":"options","$v":"विकल्पहरू"},{"$i":"opt-player","$v":"प्लेयर"},{"$i":"opt-delete","$v":"मेट्नुहोस्"},{"$i":"opt-mulselect","$v":"विविध चयन गर्नुहोस्"},{"$i":"opt-selectall","$v":"सबै"},{"$i":"opt-deselectall","$v":"कुनै पनि होइन"},{"$i":"opt-cancel","$v":"रद्द गर्नुहोस्"},{"$i":"opt-library","$v":"पुस्तकालय"},{"$i":"opt-shuffleall","$v":"सबै शफल गर्ने"},{"$i":"opt-repeatall","$v":"सबै दोहोर्याउनुहोस्"},{"$i":"opt-back","$v":"पछाडि"},{"$i":"opt-done","$v":"भयो"},{"$i":"opt-ok","$v":"ठीक छ"},{"$i":"opt-play","$v":"चलाउनुहोस्"},{"$i":"opt-pause","$v":"पज गर्नुहोस्"},{"$i":"opt-setring","$v":"रिङ्टोनको रूपमा बचत गर्नुहोस्"},{"$i":"opt-shuffleoff","$v":"शफल बन्द"},{"$i":"opt-shuffleon","$v":"शफल खुला"},{"$i":"opt-repeatoff","$v":"नदोहोर्याउनुहोस्"},{"$i":"opt-repeatone","$v":"एउटा दोहोर्याउनुहोस्"},{"$i":"opt-share","$v":"साझेदारी"},{"$i":"opt-volume","$v":"मात्रा"},{"$i":"opt-createplaylist","$v":"प्लेसूची सिर्जना गर्नुहोस्"},{"$i":"opt-addsongs","$v":"गीतहरू थप्नुहोस्"},{"$i":"opt-rename","$v":"पुनःनामाकरण गर्नुहोस्"},{"$i":"opt-removesongs","$v":"गीतहरू हटाउनुहोस्"},{"$i":"opt-addtoplaylist","$v":"प्लेसूचीमा थप्नुहोस्"},{"$i":"opt-create","$v":"सिर्जना गर्नुहोस्"},{"$i":"opt-settings","$v":"सेटिङ्हरू"},{"$i":"byteUnit-B","$v":"बाइट"},{"$i":"byteUnit-KB","$v":"KB"},{"$i":"byteUnit-MB","$v":"MB"},{"$i":"byteUnit-GB","$v":"GB"},{"$i":"byteUnit-TB","$v":"TB"},{"$i":"byteUnit-PB","$v":"PB"},{"$i":"byteUnit-EB","$v":"EB"},{"$i":"byteUnit-ZB","$v":"ZB"},{"$i":"byteUnit-YB","$v":"YB"},{"$i":"opt-fileinfo","$v":"फाइल जानकारी"},{"$i":"info-view","ariaLabel":"जानकारी"},{"$i":"name-label","$v":"नाम"},{"$i":"size-label","$v":"आकार"},{"$i":"music-type-label","$v":"संगीत प्रकार"},{"$i":"playlists-least-played","$v":"न्युनतम प्ले गरिएको"},{"$i":"playlists-loading","$v":"लोड हुँदै…"},{"$i":"select","$v":"चयन गर्नुहोस्"},{"$i":"deselect","$v":"चयन हटाउनुहोस्"},{"$i":"ok","$v":"ठीक छ"},{"$i":"new","$v":"नयाँ"},{"$i":"next","$v":"अर्को"},{"$i":"rename","$v":"पुनःनामाकरण गर्नुहोस्"},{"$i":"remove","$v":"हटाउनुहोस्"},{"$i":"add","$v":"थप्नुहोस्"},{"$i":"all","$v":"सबै"},{"$i":"none","$v":"कुनै पनि होइन"}]