[{"$i":"music","$v":"Muzyka"},{"$i":"mix","$v":"Mix"},{"$i":"playlists","$v":"Lista odtwarzania"},{"$i":"artists","$v":"Wykonawcy"},{"$i":"albums","$v":"Albumy"},{"$i":"songs","$v":"Utwory"},{"$i":"more","$v":"Więcej"},{"$i":"songName","$v":"Nazwa utworu"},{"$i":"songArtist","$v":"Wykonawca utworu"},{"$i":"songAlbum","$v":"Album utworu"},{"$i":"unknownArtist","$v":"Nieznany wykonawca"},{"$i":"unknownAlbum","$v":"Nieznany album"},{"$i":"unknownTitle","$v":"Nieznany tytuł"},{"$i":"storageFullTitle","$v":"Pamięć telefonu jest pełna"},{"$i":"sdcardFullTitle","$v":"Karta SD jest pełna"},{"$i":"storage-not-ready","$v":"Wyszukiwanie muzyki."},{"$i":"empty-text","$v":"Biblioteka muzyczna jest pusta. Dodaj utwory, aby rozpocząć."},{"$i":"pick-empty-text","$v":"Brak dostępnej muzyki."},{"$i":"scanning-text","$v":"Skanowanie w poszukiwaniu muzyki…"},{"$i":"nocard-text","$v":"Nie znaleziono karty pamięci. Włóż kartę pamięci, aby rozpocząć."},{"$i":"pluggedin-text","$v":"Pamięć jest aktualnie w użyciu. Odłącz telefon, aby móc używać tej aplikacji."},{"$i":"upgrade-text","$v":"Zaczekaj na aktualizację bazy danych biblioteki muzycznej."},{"$i":"full-text","$v":"Aby zwolnić miejsce, usuń pliki multimedialne lub dane aplikacji. Możesz również zwiększyć ilość pamięci, wkładając kartę SD."},{"$i":"full-text-sdcard","$v":"Aby zwolnić miejsce, usuń pliki znajdujące się na karcie SD."},{"$i":"search-music","placeholder":"Szukaj"},{"$i":"search-cancel","$v":"Anuluj"},{"$i":"search-artists","$v":"Wykonawcy"},{"$i":"search-albums","$v":"Albumy"},{"$i":"search-titles","$v":"Utwory"},{"$i":"search-close","$v":"zamknij"},{"$i":"search-no-result","$v":"Nie znaleziono utworów, spróbuj użyć innego hasła wyszukiwania."},{"$i":"artists-search-no-result","$v":"Nie znaleziono artystów, spróbuj użyć innego hasła wyszukiwania."},{"$i":"albums-search-no-result","$v":"Nie znaleziono albumów, spróbuj użyć innego hasła wyszukiwania."},{"$i":"playlists-shuffle-all","$v":"Odtwarzaj wszystkie losowo"},{"$i":"playlists-recently-added","$v":"Niedawno dodane"},{"$i":"playlists-most-played","$v":"Najczęściej odtwarzane"},{"$i":"playlists-discover","$v":"Odkryj"},{"$i":"playlists-my-playlists","$v":"Moje listy odtwarzania"},{"$i":"playlists-create-playlists","$v":"Nowa lista odtwarzania"},{"$i":"playlists-choose-playlists","$v":"Listy odtwarzania"},{"$i":"no-my-playlists","$v":"Nie utworzono jeszcze żadnej listy odtwarzania."},{"$i":"no-songs-added","$v":"Nie dodano jeszcze żadnych utworów do tej listy odtwarzania."},{"$i":"no-played-songs","$v":"Nie odtworzono jeszcze żadnych utworów."},{"$i":"no-recently-added","$v":"Ostatnio nie dodano żadnych nowych utworów."},{"$i":"playlists-highest-rated","$v":"Najwyżej oceniane"},{"$i":"picker-title","$v":"Wybierz utwór"},{"$i":"save","$v":"Zapisz"},{"$i":"saved","$v":"zapisano w bibliotece muzycznej."},{"$i":"audioinvalid","$v":"Nieprawidłowy lub nieobsługiwany format pliku."},{"$i":"overlay-cancel-button","$v":"Anuluj"},{"$i":"music-paused-notification","$v":"Wstrzymywanie muzyki podczas połączenia"},{"$i":"done","$v":"Gotowe"},{"$i":"share-song","ariaLabel":"Udostępnij"},{"$i":"player-album-rating","ariaLabel":"Ocena"},{"$i":"rating-star","ariaLabel":{"$x":[{"t":"idOrVar","v":"plural"},"n"],"$v":{"few":["Gwiazdek: ",{"t":"idOrVar","v":"n"}],"many":["Gwiazdek: ",{"t":"idOrVar","v":"n"}],"one":["Gwiazdek: ",{"t":"idOrVar","v":"n"}],"other":["Gwiazdek: ",{"t":"idOrVar","v":"n"}],"two":["Gwiazdek: ",{"t":"idOrVar","v":"n"}],"zero":["Gwiazdek: ",{"t":"idOrVar","v":"n"}]}}},{"$i":"go-to-player-view","ariaLabel":"Przejdź do widoku odtwarzacza"},{"$i":"repeat-off","ariaLabel":"Powtarzanie wyłączone"},{"$i":"repeat-list","ariaLabel":"Powtórz wszystkie"},{"$i":"repeat-song","ariaLabel":"Powtórz utwór"},{"$i":"shuffle-toggle","ariaLabel":"Losowo"},{"$i":"mix-tab","ariaLabel":"Mix"},{"$i":"playlists-tab","ariaLabel":"Listy odtwarzania"},{"$i":"artists-tab","ariaLabel":"Wykonawcy"},{"$i":"albums-tab","ariaLabel":"Albumy"},{"$i":"songs-tab","ariaLabel":"Utwory"},{"$i":"check","$v":"Wybierz"},{"$i":"remove-track","$v":"Usuń utwór"},{"$i":"remove-tracks","$v":"Usuń utwory"},{"$i":"cancel","$v":"Anuluj"},{"$i":"delete","$v":"Usuń"},{"$i":"song-num-checked","$v":{"few":["Wybrano ",{"t":"idOrVar","v":"n"}],"many":["Wybrano ",{"t":"idOrVar","v":"n"}],"one":["Wybrano ",{"t":"idOrVar","v":"n"}],"other":["Wybrano ",{"t":"idOrVar","v":"n"}],"two":["Wybrano ",{"t":"idOrVar","v":"n"}],"zero":"Wybrano 0"},"$x":[{"t":"idOrVar","v":"plural"},"n"]},{"$i":"delete-playlist-songs","$v":{"few":["Usunąć utwory (",{"t":"idOrVar","v":"n"},") z listy odtwarzania?"],"many":["Usunąć utwory (",{"t":"idOrVar","v":"n"},") z listy odtwarzania?"],"one":"Usunąć wybrany utwór z listy odtwarzania?","other":["Usunąć utwory (",{"t":"idOrVar","v":"n"},") z listy odtwarzania?"],"two":["Usunąć utwory (",{"t":"idOrVar","v":"n"},") z listy odtwarzania?"],"zero":"Niczego nie zaznaczono"},"$x":[{"t":"idOrVar","v":"plural"},"n"]},{"$i":"delete-playlist-hint","$v":{"few":["Usunięto utwory (",{"t":"idOrVar","v":"n"},") z listy odtwarzania"],"many":["Usunięto utwory (",{"t":"idOrVar","v":"n"},") z listy odtwarzania"],"one":"Usunięto utwór z listy odtwarzania","other":["Usunięto utwory (",{"t":"idOrVar","v":"n"},") z listy odtwarzania"],"two":["Usunięto utwory (",{"t":"idOrVar","v":"n"},") z listy odtwarzania"],"zero":"Niczego nie usunięto"},"$x":[{"t":"idOrVar","v":"plural"},"n"]},{"$i":"delete-playlist","$v":"Usunąć listę odtwarzania?"},{"$i":"delete-album-songs","$v":{"few":["Usunąć utwory (",{"t":"idOrVar","v":"n"},")?"],"many":["Usunąć utwory (",{"t":"idOrVar","v":"n"},")?"],"one":"Usunąć wybrany utwór?","other":["Usunąć utwory (",{"t":"idOrVar","v":"n"},")?"],"two":["Usunąć utwory (",{"t":"idOrVar","v":"n"},")?"],"zero":"Niczego nie zaznaczono"},"$x":[{"t":"idOrVar","v":"plural"},"n"]},{"$i":"delete-album-songs-hint","$v":{"few":["Usunięto utwory (",{"t":"idOrVar","v":"n"},")"],"many":["Usunięto utwory (",{"t":"idOrVar","v":"n"},")"],"one":"Usunięto utwór","other":["Usunięto utwory (",{"t":"idOrVar","v":"n"},")"],"two":["Usunięto utwory (",{"t":"idOrVar","v":"n"},")"],"zero":"Niczego nie usunięto"},"$x":[{"t":"idOrVar","v":"plural"},"n"]},{"$i":"add-to-playlist-song-hint","$v":"Dodano utwór do"},{"$i":"add-to-playlist-songs-hint","$v":"dodano utwory do"},{"$i":"library","$v":"Biblioteka"},{"$i":"rate","$v":"Oceń"},{"$i":"gridview","$v":"Widok siatki"},{"$i":"confirmation-title","$v":"Potwierdzenie"},{"$i":"options","$v":"Opcje"},{"$i":"opt-player","$v":"Odtwarzacz"},{"$i":"opt-delete","$v":"Usuń"},{"$i":"opt-mulselect","$v":"Zaznacz kilka"},{"$i":"opt-selectall","$v":"Wszystko"},{"$i":"opt-deselectall","$v":"Brak"},{"$i":"opt-cancel","$v":"Anuluj"},{"$i":"opt-library","$v":"Biblioteka"},{"$i":"opt-shuffleall","$v":"Odtwarzaj wszystkie losowo"},{"$i":"opt-repeatall","$v":"Powtórz wszystkie"},{"$i":"opt-back","$v":"Wstecz"},{"$i":"opt-done","$v":"Gotowe"},{"$i":"opt-ok","$v":"OK"},{"$i":"opt-play","$v":"Odtwórz"},{"$i":"opt-pause","$v":"Wstrzymaj"},{"$i":"opt-setring","$v":"Zapisz jako dzwonek"},{"$i":"opt-shuffleoff","$v":"Kolejność losowa wyłączona"},{"$i":"opt-shuffleon","$v":"Kolejność losowa włączona"},{"$i":"opt-repeatoff","$v":"Powtarzanie wyłączone"},{"$i":"opt-repeatone","$v":"Powtórz jeden"},{"$i":"opt-share","$v":"Udostępnij"},{"$i":"opt-volume","$v":"Głośność"},{"$i":"opt-createplaylist","$v":"Utwórz listę odtwarzania"},{"$i":"opt-addsongs","$v":"Dodaj utwory"},{"$i":"opt-rename","$v":"Zmień nazwę"},{"$i":"opt-removesongs","$v":"Usuń utwory"},{"$i":"opt-addtoplaylist","$v":"Dodaj do listy odtwarzania"},{"$i":"opt-create","$v":"Utwórz"},{"$i":"opt-settings","$v":"Ustawienia"},{"$i":"byteUnit-B","$v":"B"},{"$i":"byteUnit-KB","$v":"KB"},{"$i":"byteUnit-MB","$v":"MB"},{"$i":"byteUnit-GB","$v":"GB"},{"$i":"byteUnit-TB","$v":"TB"},{"$i":"byteUnit-PB","$v":"PB"},{"$i":"byteUnit-EB","$v":"EB"},{"$i":"byteUnit-ZB","$v":"ZB"},{"$i":"byteUnit-YB","$v":"YB"},{"$i":"opt-fileinfo","$v":"Informacje o pliku"},{"$i":"info-view","ariaLabel":"Informacje"},{"$i":"name-label","$v":"Nazwa"},{"$i":"size-label","$v":"Rozmiar"},{"$i":"music-type-label","$v":"Rodzaj muzyki"},{"$i":"playlists-least-played","$v":"Najrzadziej odtwarzane"},{"$i":"playlists-loading","$v":"Wczytywanie..."},{"$i":"select","$v":"Wybierz"},{"$i":"deselect","$v":"Odznacz"},{"$i":"ok","$v":"OK"},{"$i":"new","$v":"Nowe"},{"$i":"next","$v":"Dalej"},{"$i":"rename","$v":"Zmień nazwę"},{"$i":"remove","$v":"Usuń"},{"$i":"add","$v":"Dodaj"},{"$i":"all","$v":"Wszystko"},{"$i":"none","$v":"Brak"}]