[{"$i":"music","$v":"موسیقي"},{"$i":"mix","$v":"مخلوط"},{"$i":"playlists","$v":"د سندرو لست"},{"$i":"artists","$v":"هنرمندان"},{"$i":"albums","$v":"البمونه"},{"$i":"songs","$v":"سندرې"},{"$i":"more","$v":"نور"},{"$i":"songName","$v":"د سندرې نوم"},{"$i":"songArtist","$v":"د سندرې هنرمند"},{"$i":"songAlbum","$v":"د سندرو البوم"},{"$i":"unknownArtist","$v":"نامعلوم هنرمن"},{"$i":"unknownAlbum","$v":"نامعلوم البوم"},{"$i":"unknownTitle","$v":"نامعلوم عنوان"},{"$i":"storageFullTitle","$v":"فون ذخیره ډکه ده"},{"$i":"sdcardFullTitle","$v":"‏SD‏ کارډ ډک دي"},{"$i":"storage-not-ready","$v":"د میوزیک لپاره سکین کول."},{"$i":"empty-text","$v":"‏د موسیقۍ کتابتون خالي دی. د پیل لپاره په ذخیره کې سندرې واچوئ."},{"$i":"pick-empty-text","$v":"موسیقی نشته."},{"$i":"scanning-text","$v":"سکین کول"},{"$i":"nocard-text","$v":"میموري کارډ پیدا نه شو. د پيل لپاره یو میموري کارډ داخل کړئ."},{"$i":"pluggedin-text","$v":"ذخیره اوس مهال مصروفه ده. مهرباني وکړئ. ددې آپلیکیشن د کارولو لپاره ټیلیفون د جارچ څخه وباسئ."},{"$i":"upgrade-text","$v":"مهرباني وکړئ ترڅو موسیقي خپل ډیټابیس آپډیټ کړي."},{"$i":"full-text","$v":"میډیا فایلونه یا اپلیکېشن ډېټا پاکه کړئ تر څو خالي ځای ترلاسه کړئ. تاسو همدا راز کولی شئ د میډیا ذخیرې د پراخولو لپاره SD کارډ د ننه کړئ."},{"$i":"full-text-sdcard","$v":"په SD کارډ کې فایلونه پاک کړئ تر څو ځای خالي کړئ."},{"$i":"search-music","placeholder":"لټون"},{"$i":"search-cancel","$v":"کول"},{"$i":"search-artists","$v":"هنرمندان"},{"$i":"search-albums","$v":"البمونه"},{"$i":"search-titles","$v":"سندرې"},{"$i":"search-close","$v":"بندول"},{"$i":"search-no-result","$v":"هیڅ ٹریک ونه موندل شو ، د مختلف ټکي سره د لټون هڅه وکړه."},{"$i":"artists-search-no-result","$v":"هیڅ هنرمند ونه موندل شو ، د مختلف ټکی سره د لټون هڅه وکړه."},{"$i":"albums-search-no-result","$v":"هیڅ البوم ونه موندل شو ، د مختلف ټکي سره د لټون هڅه وکړه."},{"$i":"playlists-shuffle-all","$v":"ټول ګډوډ کړئ"},{"$i":"playlists-recently-added","$v":"نوي اضافه شوي"},{"$i":"playlists-most-played","$v":"تر ټول ډیر تماش شوی"},{"$i":"playlists-discover","$v":"معلوم کړئ"},{"$i":"playlists-my-playlists","$v":"زما لوبغاړي"},{"$i":"playlists-create-playlists","$v":"نوی لینک"},{"$i":"playlists-choose-playlists","$v":"د سندرو لست"},{"$i":"no-my-playlists","$v":"تاسو تراوسه د غږولو لست ندی رامینځ ته کړی."},{"$i":"no-songs-added","$v":"تاسو د خپرولو دې لیست ته کومه سندره نده اضافه کړئ."},{"$i":"no-played-songs","$v":"تاسو لا کومه سندره نه ده غږولې."},{"$i":"no-recently-added","$v":"نوي سندره په دې وروستیو کې نه ده شامل شوې."},{"$i":"playlists-highest-rated","$v":"ترټولو اوچت ارزیابي شو"},{"$i":"picker-title","$v":"یوه سندره انتخاب کړئ"},{"$i":"save","$v":"محفوظ کړئ"},{"$i":"saved","$v":"د موسیقۍ کتابتون کې يي محفوظ کړئ"},{"$i":"audioinvalid","$v":"د دې فایل ب formatه ناباوره یا ناملاتړې ده."},{"$i":"overlay-cancel-button","$v":"کول"},{"$i":"music-paused-notification","$v":"موسیقي د تماس پر مهال ودرول شوه"},{"$i":"done","$v":"وشو"},{"$i":"share-song","ariaLabel":"شریک کړئ"},{"$i":"player-album-rating","ariaLabel":"درجه بندي"},{"$i":"rating-star","ariaLabel":{"$x":[{"t":"idOrVar","v":"plural"},"n"],"$v":{"few":[{"t":"idOrVar","v":"n"}," ستوري"],"many":[{"t":"idOrVar","v":"n"}," ستوري"],"one":[{"t":"idOrVar","v":"n"}," ستوری"],"other":[{"t":"idOrVar","v":"n"}," ستوري"],"two":[{"t":"idOrVar","v":"n"}," ستوري"],"zero":[{"t":"idOrVar","v":"n"}," ستوري"]}}},{"$i":"go-to-player-view","ariaLabel":"د چلونکې منظر ته لاړ شئ"},{"$i":"repeat-off","ariaLabel":"تکرار بند کړئ"},{"$i":"repeat-list","ariaLabel":"ټول تکرار کړئ"},{"$i":"repeat-song","ariaLabel":"سندره تکرار کړئ"},{"$i":"shuffle-toggle","ariaLabel":"ګډوډول"},{"$i":"mix-tab","ariaLabel":"مخلوط"},{"$i":"playlists-tab","ariaLabel":"د سندرو لستونه"},{"$i":"artists-tab","ariaLabel":"هنرمندان"},{"$i":"albums-tab","ariaLabel":"البمونه"},{"$i":"songs-tab","ariaLabel":"سندرې"},{"$i":"check","$v":"انتخال کړئ"},{"$i":"remove-track","$v":"سندره لرې کړئ"},{"$i":"remove-tracks","$v":"سندرې لرې"},{"$i":"cancel","$v":"کول"},{"$i":"delete","$v":"لرې کول"},{"$i":"song-num-checked","$v":{"few":[{"t":"idOrVar","v":"n"}," انتخاب شو"],"many":[{"t":"idOrVar","v":"n"}," انتخاب شو"],"one":[{"t":"idOrVar","v":"n"}," انتخاب شو"],"other":[{"t":"idOrVar","v":"n"}," انتخاب شو"],"two":[{"t":"idOrVar","v":"n"}," انتخاب شو"],"zero":"0 انتخاب شو"},"$x":[{"t":"idOrVar","v":"plural"},"n"]},{"$i":"delete-playlist-songs","$v":{"few":[{"t":"idOrVar","v":"n"}," سندره د لست څخه لرې کړي؟"],"many":[{"t":"idOrVar","v":"n"}," سندره د لست څخه لرې کړي؟"],"one":"انتخاب شوې سندره د لست څخه لرې کړي؟","other":[{"t":"idOrVar","v":"n"}," سندره د لست څخه لرې کړي؟"],"two":[{"t":"idOrVar","v":"n"}," سندره د لست څخه لرې کړي؟"],"zero":"هیڅ انتخاب شوي ندي"},"$x":[{"t":"idOrVar","v":"plural"},"n"]},{"$i":"delete-playlist-hint","$v":{"few":[{"t":"idOrVar","v":"n"}," بدله له لست څخه لري شوه"],"many":[{"t":"idOrVar","v":"n"}," بدله له لست څخه لري شوه"],"one":"سندره د لست څخه لرې شوه","other":[{"t":"idOrVar","v":"n"}," بدله له لست څخه لري شوه"],"two":[{"t":"idOrVar","v":"n"}," بدله له لست څخه لري شوه"],"zero":"هیڅ لرې شوي ندي"},"$x":[{"t":"idOrVar","v":"plural"},"n"]},{"$i":"delete-playlist","$v":"د غږولو لیست لری کړئ؟"},{"$i":"delete-album-songs","$v":{"few":[{"t":"idOrVar","v":"n"}," سندري لري کړي؟"],"many":[{"t":"idOrVar","v":"n"}," سندري لري کړي؟"],"one":"انتخاب شوې سندره لرې کړي؟","other":[{"t":"idOrVar","v":"n"}," سندري لري کړي؟"],"two":[{"t":"idOrVar","v":"n"}," سندري لري کړي؟"],"zero":"هیڅ انتخاب شوي ندي"},"$x":[{"t":"idOrVar","v":"plural"},"n"]},{"$i":"delete-album-songs-hint","$v":{"few":[{"t":"idOrVar","v":"n"}," ترک لري شو"],"many":[{"t":"idOrVar","v":"n"}," ترک لري شو"],"one":"سندره لرې شوه","other":[{"t":"idOrVar","v":"n"}," ترک لري شو"],"two":[{"t":"idOrVar","v":"n"}," ترک لري شو"],"zero":"هیڅ لرې شوي ندي"},"$x":[{"t":"idOrVar","v":"plural"},"n"]},{"$i":"add-to-playlist-song-hint","$v":"سندره اضافه شوه په"},{"$i":"add-to-playlist-songs-hint","$v":"سندرې اضافه شوې په"},{"$i":"library","$v":"کتابتون"},{"$i":"rate","$v":"درجه"},{"$i":"gridview","$v":"چارخانې ویو"},{"$i":"confirmation-title","$v":"تصدیق"},{"$i":"options","$v":"غوراوي"},{"$i":"opt-player","$v":"چلونکی"},{"$i":"opt-delete","$v":"لرې کول"},{"$i":"opt-mulselect","$v":"متعدد انتخاب کړئ"},{"$i":"opt-selectall","$v":"ټول انتخاب کړئ"},{"$i":"opt-deselectall","$v":"ټول انتخاب نه کول"},{"$i":"opt-cancel","$v":"کول"},{"$i":"opt-library","$v":"کتابتون"},{"$i":"opt-shuffleall","$v":"ټول ګډوډ کړئ"},{"$i":"opt-repeatall","$v":"ټول تکرار کړئ"},{"$i":"opt-back","$v":"شاته"},{"$i":"opt-done","$v":"وشو"},{"$i":"opt-ok","$v":"اوکی"},{"$i":"opt-play","$v":"و چلوئ"},{"$i":"opt-pause","$v":"توقف"},{"$i":"opt-setring","$v":"د نغمې په ډول محفوظ کړئ"},{"$i":"opt-shuffleoff","$v":"کډوډول آف"},{"$i":"opt-shuffleon","$v":"کډوډول آن"},{"$i":"opt-repeatoff","$v":"تکرار بند کړئ"},{"$i":"opt-repeatone","$v":"یو تکرار کړئ"},{"$i":"opt-share","$v":"شریک کړئ"},{"$i":"opt-volume","$v":"والیوم"},{"$i":"opt-createplaylist","$v":"پلېالن جوړه کړه"},{"$i":"opt-addsongs","$v":"سندره زیات کړئ"},{"$i":"opt-rename","$v":"بیانومول"},{"$i":"opt-removesongs","$v":"سندونه لرې کړئ"},{"$i":"opt-addtoplaylist","$v":"په پټه کې اضافه کړئ"},{"$i":"opt-create","$v":"جوړ کړئ"},{"$i":"opt-settings","$v":"تنظیمات"},{"$i":"byteUnit-B","$v":"بایټس"},{"$i":"byteUnit-KB","$v":"KB"},{"$i":"byteUnit-MB","$v":"MB"},{"$i":"byteUnit-GB","$v":"جي بي"},{"$i":"byteUnit-TB","$v":"TB"},{"$i":"byteUnit-PB","$v":"PB"},{"$i":"byteUnit-EB","$v":"EB"},{"$i":"byteUnit-ZB","$v":"ZB"},{"$i":"byteUnit-YB","$v":"YB"},{"$i":"opt-fileinfo","$v":"د فایل معلوت"},{"$i":"info-view","ariaLabel":"معلومات"},{"$i":"name-label","$v":"نوم"},{"$i":"size-label","$v":"اندازه"},{"$i":"music-type-label","$v":"د موسیقۍ ډول"},{"$i":"playlists-least-played","$v":"ترټولو کم تماشا شوی"},{"$i":"playlists-loading","$v":"لوډ کیږي..."},{"$i":"select","$v":"انتخاب کړئ"},{"$i":"deselect","$v":"نا انتخابه کړئ"},{"$i":"ok","$v":"اوکی"},{"$i":"new","$v":"نوی"},{"$i":"next","$v":"بل"},{"$i":"rename","$v":"بیانومول"},{"$i":"remove","$v":"لری‎ کړئ"},{"$i":"add","$v":"شامل کړئ"},{"$i":"all","$v":"ټول"},{"$i":"none","$v":"هیڅ یو"}]