[{"$i":"music","$v":"Muzică"},{"$i":"mix","$v":"Mix"},{"$i":"playlists","$v":"Listă de redare"},{"$i":"artists","$v":"Artiști"},{"$i":"albums","$v":"Albume"},{"$i":"songs","$v":"Melodii"},{"$i":"more","$v":"Mai multe"},{"$i":"songName","$v":"Titlu melodie"},{"$i":"songArtist","$v":"Artist melodie"},{"$i":"songAlbum","$v":"Album melodie"},{"$i":"unknownArtist","$v":"Artist necunoscut"},{"$i":"unknownAlbum","$v":"Album necunoscut"},{"$i":"unknownTitle","$v":"Titlu necunoscut"},{"$i":"storageFullTitle","$v":"Memoria telefonului este plină"},{"$i":"sdcardFullTitle","$v":"Cartelă SD plină"},{"$i":"storage-not-ready","$v":"Se caută piese."},{"$i":"empty-text","$v":"Biblioteca muzicală este goală. Adăugați piese pentru a începe."},{"$i":"pick-empty-text","$v":"Nu există piese disponibile."},{"$i":"scanning-text","$v":"Se caută muzică…"},{"$i":"nocard-text","$v":"Cartela de memorie nu a fost găsită. Introduceți o cartelă de memorie pentru a începe."},{"$i":"pluggedin-text","$v":"Mediul de stocare este în curs de utilizare. Deconectați telefonul pentru a utiliza această aplicație."},{"$i":"upgrade-text","$v":"Așteptați cât timp aplicația Muzică își actualizează baza de date."},{"$i":"full-text","$v":"Ștergeți fișiere media sau date din aplicații pentru a elibera spațiu. De asemenea, puteți introduce o cartelă SD pentru a mări spațiul de stocare pentru fișierele media."},{"$i":"full-text-sdcard","$v":"Ștergeți fișiere de pe cartela SD pentru a elibera spațiu."},{"$i":"search-music","placeholder":"Căutare"},{"$i":"search-cancel","$v":"Anulare"},{"$i":"search-artists","$v":"Artiști"},{"$i":"search-albums","$v":"Albume"},{"$i":"search-titles","$v":"Piese"},{"$i":"search-close","$v":"închidere"},{"$i":"search-no-result","$v":"Nu s-a găsit nicio piesă. Încercați să folosiți un alt cuvânt-cheie pentru căutare."},{"$i":"artists-search-no-result","$v":"Nu s-a găsit niciun artist. Încercați să folosiți un alt cuvânt-cheie pentru căutare."},{"$i":"albums-search-no-result","$v":"Nu s-a găsit niciun album. Încercați să folosiți un alt cuvânt-cheie pentru căutare."},{"$i":"playlists-shuffle-all","$v":"Redare aleatorie tot"},{"$i":"playlists-recently-added","$v":"Adăugate recent"},{"$i":"playlists-most-played","$v":"Cele mai redate"},{"$i":"playlists-discover","$v":"Descoperiți"},{"$i":"playlists-my-playlists","$v":"Listele mele de redare"},{"$i":"playlists-create-playlists","$v":"Listă de redare nouă"},{"$i":"playlists-choose-playlists","$v":"Liste de redare"},{"$i":"no-my-playlists","$v":"Încă nu ați creat nicio listă de redare."},{"$i":"no-songs-added","$v":"Încă nu ați adăugat nicio piesă la această listă de redare."},{"$i":"no-played-songs","$v":"Nu ați redat încă melodii."},{"$i":"no-recently-added","$v":"Nu există melodii noi adăugate recent."},{"$i":"playlists-highest-rated","$v":"Cu cele mai mari calificative"},{"$i":"picker-title","$v":"Selectați o piesă"},{"$i":"save","$v":"Salvare"},{"$i":"saved","$v":"salvată (e) în arhiva cu muzică."},{"$i":"audioinvalid","$v":"Formatul fișierului este nevalid sau nu este acceptat."},{"$i":"overlay-cancel-button","$v":"Anulare"},{"$i":"music-paused-notification","$v":"Redare muzică întreruptă în timpul apelului"},{"$i":"done","$v":"Gata"},{"$i":"share-song","ariaLabel":"Partajare"},{"$i":"player-album-rating","ariaLabel":"Evaluare"},{"$i":"rating-star","ariaLabel":{"$x":[{"t":"idOrVar","v":"plural"},"n"],"$v":{"few":[{"t":"idOrVar","v":"n"}," stele"],"many":[{"t":"idOrVar","v":"n"}," stele"],"one":[{"t":"idOrVar","v":"n"}," stea"],"other":[{"t":"idOrVar","v":"n"}," stele"],"two":[{"t":"idOrVar","v":"n"}," stele"],"zero":[{"t":"idOrVar","v":"n"}," stele"]}}},{"$i":"go-to-player-view","ariaLabel":"Accesați ecranul de redare"},{"$i":"repeat-off","ariaLabel":"Repetare dezactivată"},{"$i":"repeat-list","ariaLabel":"Repetare tot"},{"$i":"repeat-song","ariaLabel":"Repetare piesă"},{"$i":"shuffle-toggle","ariaLabel":"Redare aleatorie"},{"$i":"mix-tab","ariaLabel":"Mix"},{"$i":"playlists-tab","ariaLabel":"Liste de redare"},{"$i":"artists-tab","ariaLabel":"Artiști"},{"$i":"albums-tab","ariaLabel":"Albume"},{"$i":"songs-tab","ariaLabel":"Melodii"},{"$i":"check","$v":"Selectare"},{"$i":"remove-track","$v":"Ștergere piesă"},{"$i":"remove-tracks","$v":"Ștergere piese"},{"$i":"cancel","$v":"Anulare"},{"$i":"delete","$v":"Ștergere"},{"$i":"song-num-checked","$v":{"few":[{"t":"idOrVar","v":"n"}," selectată(e)"],"many":[{"t":"idOrVar","v":"n"}," selectată(e)"],"one":[{"t":"idOrVar","v":"n"}," selectată(e)"],"other":[{"t":"idOrVar","v":"n"}," selectată(e)"],"two":[{"t":"idOrVar","v":"n"}," selectată(e)"],"zero":"0 selectate"},"$x":[{"t":"idOrVar","v":"plural"},"n"]},{"$i":"delete-playlist-songs","$v":{"few":["Ștergeți ",{"t":"idOrVar","v":"n"}," piese din lista de redare?"],"many":["Ștergeți ",{"t":"idOrVar","v":"n"}," piese din lista de redare?"],"one":"Ștergeți piesa selectată din lista de redare?","other":["Ștergeți ",{"t":"idOrVar","v":"n"}," piese din lista de redare?"],"two":["Ștergeți ",{"t":"idOrVar","v":"n"}," piese din lista de redare?"],"zero":"Nimic selectat"},"$x":[{"t":"idOrVar","v":"plural"},"n"]},{"$i":"delete-playlist-hint","$v":{"few":[{"t":"idOrVar","v":"n"}," piese șterse din lista de redare"],"many":[{"t":"idOrVar","v":"n"}," piese șterse din lista de redare"],"one":"Piesa a fost ștearsă din lista de redare","other":[{"t":"idOrVar","v":"n"}," piese șterse din lista de redare"],"two":[{"t":"idOrVar","v":"n"}," piese șterse din lista de redare"],"zero":"Nimic șters"},"$x":[{"t":"idOrVar","v":"plural"},"n"]},{"$i":"delete-playlist","$v":"Ștergeți lista de redare?"},{"$i":"delete-album-songs","$v":{"few":["Ștergeți ",{"t":"idOrVar","v":"n"}," piese?"],"many":["Ștergeți ",{"t":"idOrVar","v":"n"}," piese?"],"one":"Ștergeți piesa selectată?","other":["Ștergeți ",{"t":"idOrVar","v":"n"}," piese?"],"two":["Ștergeți ",{"t":"idOrVar","v":"n"}," piese?"],"zero":"Nimic selectat"},"$x":[{"t":"idOrVar","v":"plural"},"n"]},{"$i":"delete-album-songs-hint","$v":{"few":[{"t":"idOrVar","v":"n"}," piese șterse"],"many":[{"t":"idOrVar","v":"n"}," piese șterse"],"one":"Piesa a fost ștearsă","other":[{"t":"idOrVar","v":"n"}," piese șterse"],"two":[{"t":"idOrVar","v":"n"}," piese șterse"],"zero":"Nimic șters"},"$x":[{"t":"idOrVar","v":"plural"},"n"]},{"$i":"add-to-playlist-song-hint","$v":"Piesă adăugată la"},{"$i":"add-to-playlist-songs-hint","$v":"piese adăugate la"},{"$i":"library","$v":"Bibliotecă"},{"$i":"rate","$v":"Evaluați"},{"$i":"gridview","$v":"Afișare ca grilă"},{"$i":"confirmation-title","$v":"Confirmare"},{"$i":"options","$v":"Opțiuni"},{"$i":"opt-player","$v":"Redă"},{"$i":"opt-delete","$v":"Ștergere"},{"$i":"opt-mulselect","$v":"Selectare multiplă"},{"$i":"opt-selectall","$v":"Toate"},{"$i":"opt-deselectall","$v":"Nimic"},{"$i":"opt-cancel","$v":"Anulare"},{"$i":"opt-library","$v":"Bibliotecă"},{"$i":"opt-shuffleall","$v":"Redare aleatorie tot"},{"$i":"opt-repeatall","$v":"Repetare tot"},{"$i":"opt-back","$v":"Înapoi"},{"$i":"opt-done","$v":"Gata"},{"$i":"opt-ok","$v":"OK"},{"$i":"opt-play","$v":"Redare"},{"$i":"opt-pause","$v":"Întrerupere"},{"$i":"opt-setring","$v":"Salvare ca sonerie"},{"$i":"opt-shuffleoff","$v":"Redare aleatorie dezactivată"},{"$i":"opt-shuffleon","$v":"Redare aleatorie activată"},{"$i":"opt-repeatoff","$v":"Repetare dezactivată"},{"$i":"opt-repeatone","$v":"Repetare o dată"},{"$i":"opt-share","$v":"Partajare"},{"$i":"opt-volume","$v":"Volum"},{"$i":"opt-createplaylist","$v":"Creare listă de redare"},{"$i":"opt-addsongs","$v":"Adăugare piese"},{"$i":"opt-rename","$v":"Redenumire"},{"$i":"opt-removesongs","$v":"Eliminare piese"},{"$i":"opt-addtoplaylist","$v":"Adăugare la lista de redare"},{"$i":"opt-create","$v":"Creați"},{"$i":"opt-settings","$v":"Setări"},{"$i":"byteUnit-B","$v":"Byți"},{"$i":"byteUnit-KB","$v":"KB"},{"$i":"byteUnit-MB","$v":"MB"},{"$i":"byteUnit-GB","$v":"GB"},{"$i":"byteUnit-TB","$v":"TB"},{"$i":"byteUnit-PB","$v":"PB"},{"$i":"byteUnit-EB","$v":"EB"},{"$i":"byteUnit-ZB","$v":"ZB"},{"$i":"byteUnit-YB","$v":"YB"},{"$i":"opt-fileinfo","$v":"Informații fișier"},{"$i":"info-view","ariaLabel":"Informații"},{"$i":"name-label","$v":"Nume"},{"$i":"size-label","$v":"Dimensiune"},{"$i":"music-type-label","$v":"Tip de muzică"},{"$i":"playlists-least-played","$v":"Cele mai puțin redate"},{"$i":"playlists-loading","$v":"Se încarcă…"},{"$i":"select","$v":"Selectare"},{"$i":"deselect","$v":"Deselectare"},{"$i":"ok","$v":"OK"},{"$i":"new","$v":"Nou"},{"$i":"next","$v":"Înainte"},{"$i":"rename","$v":"Redenumire"},{"$i":"remove","$v":"Eliminare"},{"$i":"add","$v":"Adăugare"},{"$i":"all","$v":"Toate"},{"$i":"none","$v":"Nimic"}]