[{"$i":"music","$v":"Музыка"},{"$i":"mix","$v":"Микс"},{"$i":"playlists","$v":"Плейлист"},{"$i":"artists","$v":"Исполнители"},{"$i":"albums","$v":"Альбомы"},{"$i":"songs","$v":"Композиции"},{"$i":"more","$v":"Ещё"},{"$i":"songName","$v":"Композиция"},{"$i":"songArtist","$v":"Исполнитель"},{"$i":"songAlbum","$v":"Альбом"},{"$i":"unknownArtist","$v":"Неизв. исполнитель"},{"$i":"unknownAlbum","$v":"Неизвестный альбом"},{"$i":"unknownTitle","$v":"Неизвестное название"},{"$i":"storageFullTitle","$v":"Память Телефона Заполнена"},{"$i":"sdcardFullTitle","$v":"SD-карта Заполнена"},{"$i":"storage-not-ready","$v":"Сканирование в поисках музыки."},{"$i":"empty-text","$v":"Музыкальная библиотека пуста. Добавьте песни, чтобы начать."},{"$i":"pick-empty-text","$v":"Нет музыки."},{"$i":"scanning-text","$v":"Сканирование музыки…"},{"$i":"nocard-text","$v":"Карта памяти не найдена. Вставьте карту памяти, чтобы начать работу."},{"$i":"pluggedin-text","$v":"Память используется. Пожалуйста, отключите телефон, чтобы использовать это приложение."},{"$i":"upgrade-text","$v":"Подождите, пока приложение Музыка обновит свою базу данных."},{"$i":"full-text","$v":"Удалите файлы мультимедиа или данные приложения, чтобы освободить место. Можно также установить SD-карту для расширения памяти."},{"$i":"full-text-sdcard","$v":"Удалите файлы на SD-карте, чтобы освободить место."},{"$i":"search-music","placeholder":"Поиск"},{"$i":"search-cancel","$v":"Отмена"},{"$i":"search-artists","$v":"Исполнители"},{"$i":"search-albums","$v":"Альбомы"},{"$i":"search-titles","$v":"Композиции"},{"$i":"search-close","$v":"закрыть"},{"$i":"search-no-result","$v":"Композиции не найдены, попробуйте поискать по другому ключевому слову."},{"$i":"artists-search-no-result","$v":"Исполнители не найдены, попробуйте выполнить поиск по другому ключевому слову."},{"$i":"albums-search-no-result","$v":"Альбомы не найдены, попробуйте выполнить поиск по другому ключевому слову."},{"$i":"playlists-shuffle-all","$v":"Перемешать все"},{"$i":"playlists-recently-added","$v":"Недавно добавленные"},{"$i":"playlists-most-played","$v":"Самая популярная"},{"$i":"playlists-discover","$v":"Слушай"},{"$i":"playlists-my-playlists","$v":"Мои плейлисты"},{"$i":"playlists-create-playlists","$v":"Новый плейлист"},{"$i":"playlists-choose-playlists","$v":"Плейлисты"},{"$i":"no-my-playlists","$v":"Вы ещё не создали ни одного плейлиста."},{"$i":"no-songs-added","$v":"Вы ещё не добавили ни одной композиции в этот плейлист."},{"$i":"no-played-songs","$v":"Вы ещё не проигрывали ни одной композиции."},{"$i":"no-recently-added","$v":"За последнее время не добавлено ни одной композиции."},{"$i":"playlists-highest-rated","$v":"Самый высокий рейтинг"},{"$i":"picker-title","$v":"Выбрать композицию"},{"$i":"save","$v":"Сохранить"},{"$i":"saved","$v":"сохранено в Фонотеке."},{"$i":"audioinvalid","$v":"Этот формат файла недействителен или не поддерживается."},{"$i":"overlay-cancel-button","$v":"Отмена"},{"$i":"music-paused-notification","$v":"Музыка приостановлена во время вызова"},{"$i":"done","$v":"Готово"},{"$i":"share-song","ariaLabel":"Отправить"},{"$i":"player-album-rating","ariaLabel":"Рейтинг"},{"$i":"rating-star","ariaLabel":{"$x":[{"t":"idOrVar","v":"plural"},"n"],"$v":{"few":[{"t":"idOrVar","v":"n"}," звезд"],"many":[{"t":"idOrVar","v":"n"}," звезд"],"one":[{"t":"idOrVar","v":"n"}," звезда"],"other":[{"t":"idOrVar","v":"n"}," звезд"],"two":[{"t":"idOrVar","v":"n"}," звезд"],"zero":[{"t":"idOrVar","v":"n"}," звезд"]}}},{"$i":"go-to-player-view","ariaLabel":"Перейти к просмотру плеера"},{"$i":"repeat-off","ariaLabel":"Повтор выкл"},{"$i":"repeat-list","ariaLabel":"Повторять все"},{"$i":"repeat-song","ariaLabel":"Повторить композицию"},{"$i":"shuffle-toggle","ariaLabel":"Перемешать"},{"$i":"mix-tab","ariaLabel":"Микс"},{"$i":"playlists-tab","ariaLabel":"Плейлисты"},{"$i":"artists-tab","ariaLabel":"Исполнители"},{"$i":"albums-tab","ariaLabel":"Альбомы"},{"$i":"songs-tab","ariaLabel":"Композиции"},{"$i":"check","$v":"Выбрать"},{"$i":"remove-track","$v":"Удалить Композицию"},{"$i":"remove-tracks","$v":"Удалить Композиции"},{"$i":"cancel","$v":"Отмена"},{"$i":"delete","$v":"Удалить"},{"$i":"song-num-checked","$v":{"few":[{"t":"idOrVar","v":"n"}," выбрано"],"many":[{"t":"idOrVar","v":"n"}," выбрано"],"one":[{"t":"idOrVar","v":"n"}," выбрано"],"other":[{"t":"idOrVar","v":"n"}," выбрано"],"two":[{"t":"idOrVar","v":"n"}," выбрано"],"zero":"0 выбрано"},"$x":[{"t":"idOrVar","v":"plural"},"n"]},{"$i":"delete-playlist-songs","$v":{"few":["Удалить ",{"t":"idOrVar","v":"n"}," композиций из плейлиста?"],"many":["Удалить ",{"t":"idOrVar","v":"n"}," композиций из плейлиста?"],"one":"Удалить выбранную композицию из плейлиста?","other":["Удалить ",{"t":"idOrVar","v":"n"}," композиций из плейлиста?"],"two":["Удалить ",{"t":"idOrVar","v":"n"}," композиций из плейлиста?"],"zero":"Ничего не выбрано"},"$x":[{"t":"idOrVar","v":"plural"},"n"]},{"$i":"delete-playlist-hint","$v":{"few":[{"t":"idOrVar","v":"n"}," композиция удалена из плейлиста"],"many":[{"t":"idOrVar","v":"n"}," композиция удалена из плейлиста"],"one":"Композиция удалена из плейлиста","other":[{"t":"idOrVar","v":"n"}," композиция удалена из плейлиста"],"two":[{"t":"idOrVar","v":"n"}," композиция удалена из плейлиста"],"zero":"Ничего не удалено"},"$x":[{"t":"idOrVar","v":"plural"},"n"]},{"$i":"delete-playlist","$v":"Удалить плейлист?"},{"$i":"delete-album-songs","$v":{"few":["Удалить ",{"t":"idOrVar","v":"n"}," композиций?"],"many":["Удалить ",{"t":"idOrVar","v":"n"}," композиций?"],"one":"Удалить выбранные композиции?","other":["Удалить ",{"t":"idOrVar","v":"n"}," композиций?"],"two":["Удалить ",{"t":"idOrVar","v":"n"}," композиций?"],"zero":"Ничего не выбрано"},"$x":[{"t":"idOrVar","v":"plural"},"n"]},{"$i":"delete-album-songs-hint","$v":{"few":[{"t":"idOrVar","v":"n"}," композиция удалена"],"many":[{"t":"idOrVar","v":"n"}," композиция удалена"],"one":"Композиция удалена","other":[{"t":"idOrVar","v":"n"}," композиция удалена"],"two":[{"t":"idOrVar","v":"n"}," композиция удалена"],"zero":"Ничего не удалено"},"$x":[{"t":"idOrVar","v":"plural"},"n"]},{"$i":"add-to-playlist-song-hint","$v":"Трек добавлен в"},{"$i":"add-to-playlist-songs-hint","$v":"треки добавлены в"},{"$i":"library","$v":"Фонотека"},{"$i":"rate","$v":"Оценить"},{"$i":"gridview","$v":"Сетка"},{"$i":"confirmation-title","$v":"Подтверждение"},{"$i":"options","$v":"Опции"},{"$i":"opt-player","$v":"Плеер"},{"$i":"opt-delete","$v":"Удалить"},{"$i":"opt-mulselect","$v":"Выбрать несколько"},{"$i":"opt-selectall","$v":"Все"},{"$i":"opt-deselectall","$v":"Нет"},{"$i":"opt-cancel","$v":"Отмена"},{"$i":"opt-library","$v":"Фонотека"},{"$i":"opt-shuffleall","$v":"Перемешать все"},{"$i":"opt-repeatall","$v":"Повторять все"},{"$i":"opt-back","$v":"Назад"},{"$i":"opt-done","$v":"Готово"},{"$i":"opt-ok","$v":"OK"},{"$i":"opt-play","$v":"Воспроизведение"},{"$i":"opt-pause","$v":"Пауза"},{"$i":"opt-setring","$v":"Сохранить как рингтон"},{"$i":"opt-shuffleoff","$v":"Перемешать ВЫКЛ"},{"$i":"opt-shuffleon","$v":"Перемешать ВКЛ"},{"$i":"opt-repeatoff","$v":"Повтор выкл"},{"$i":"opt-repeatone","$v":"Повторить"},{"$i":"opt-share","$v":"Отправить"},{"$i":"opt-volume","$v":"Громкость"},{"$i":"opt-createplaylist","$v":"Создать плейлист"},{"$i":"opt-addsongs","$v":"Добавить композиции"},{"$i":"opt-rename","$v":"Переименовать"},{"$i":"opt-removesongs","$v":"Удалить композиции"},{"$i":"opt-addtoplaylist","$v":"Добавить в плейлист"},{"$i":"opt-create","$v":"Создать"},{"$i":"opt-settings","$v":"Настройки"},{"$i":"byteUnit-B","$v":"Байт"},{"$i":"byteUnit-KB","$v":"КБ"},{"$i":"byteUnit-MB","$v":"МБ"},{"$i":"byteUnit-GB","$v":"ГБ"},{"$i":"byteUnit-TB","$v":"ТБ"},{"$i":"byteUnit-PB","$v":"ПБ"},{"$i":"byteUnit-EB","$v":"ЭБ"},{"$i":"byteUnit-ZB","$v":"ЗБ"},{"$i":"byteUnit-YB","$v":"Ибайт"},{"$i":"opt-fileinfo","$v":"Информация о файле"},{"$i":"info-view","ariaLabel":"Информация"},{"$i":"name-label","$v":"Имя"},{"$i":"size-label","$v":"Размер"},{"$i":"music-type-label","$v":"Тип Музыки"},{"$i":"playlists-least-played","$v":"Не популярная"},{"$i":"playlists-loading","$v":"Загрузка..."},{"$i":"select","$v":"Выбрать"},{"$i":"deselect","$v":"Снять"},{"$i":"ok","$v":"OK"},{"$i":"new","$v":"Новые"},{"$i":"next","$v":"Далее"},{"$i":"rename","$v":"Переименовать"},{"$i":"remove","$v":"Удалить"},{"$i":"add","$v":"Добавить"},{"$i":"all","$v":"Все"},{"$i":"none","$v":"Нет"}]