[{"$i":"music","$v":"Hudba"},{"$i":"mix","$v":"Mix"},{"$i":"playlists","$v":"Zozn. skl."},{"$i":"artists","$v":"Interpreti"},{"$i":"albums","$v":"Albumy"},{"$i":"songs","$v":"Skladby"},{"$i":"more","$v":"Ďalšie"},{"$i":"songName","$v":"Názov skladby"},{"$i":"songArtist","$v":"Interpret"},{"$i":"songAlbum","$v":"Album skladby"},{"$i":"unknownArtist","$v":"Neznámy interpret"},{"$i":"unknownAlbum","$v":"Neznámy album"},{"$i":"unknownTitle","$v":"Neznámy názov"},{"$i":"storageFullTitle","$v":"Úložisko tel. je plné."},{"$i":"sdcardFullTitle","$v":"Karta SD je plná."},{"$i":"storage-not-ready","$v":"Vyhľadávanie hudby."},{"$i":"empty-text","$v":"Hudobná knižnica je prázdna. Ak chcete začať, pridajte skladby."},{"$i":"pick-empty-text","$v":"K dispozícii nie je žiadna hudba."},{"$i":"scanning-text","$v":"Vyhľad."},{"$i":"nocard-text","$v":"Pam. karta sa nenašla. Začnite vložením pam. karty."},{"$i":"pluggedin-text","$v":"Úlož. sa práve používa. Odpojte tel., ak chcete použiť túto apl."},{"$i":"upgrade-text","$v":"Počkajte, kým Hudba aktual. databázu."},{"$i":"full-text","$v":"Zmazaním médií alebo dát aplikácií uvoľnite miesto. Úložisko tiež môžete zväčšiť vložením karty SD."},{"$i":"full-text-sdcard","$v":"Zmazaním súborov uvoľnite miesto na karte SD."},{"$i":"search-music","placeholder":"Vyhľadať"},{"$i":"search-cancel","$v":"Zrušiť"},{"$i":"search-artists","$v":"Interpreti"},{"$i":"search-albums","$v":"Albumy"},{"$i":"search-titles","$v":"Stopy"},{"$i":"search-close","$v":"zavrieť"},{"$i":"search-no-result","$v":"Nenašli sa žiadne stopy, skúste vyhľadať pomocou iného kľúčového slova."},{"$i":"artists-search-no-result","$v":"Nenašli sa žiadni umelci, skúste hľadať pomocou iného kľúčového slova."},{"$i":"albums-search-no-result","$v":"Nenašli sa žiadne albumy, skúste hľadať pomocou iného kľúčového slova."},{"$i":"playlists-shuffle-all","$v":"Náhodné (vš.)"},{"$i":"playlists-recently-added","$v":"Nedáv. pridané"},{"$i":"playlists-most-played","$v":"Najhranejšie"},{"$i":"playlists-discover","$v":"Objaviť"},{"$i":"playlists-my-playlists","$v":"Moje zoznamy skladieb"},{"$i":"playlists-create-playlists","$v":"Nový zoznam skladieb"},{"$i":"playlists-choose-playlists","$v":"Zozn. skl."},{"$i":"no-my-playlists","$v":"Zatiaľ ste nevytvorili žiadne zoznamy skladieb."},{"$i":"no-songs-added","$v":"Zatiaľ ste do tohto zoznamu skladieb nepridali žiadne skladby."},{"$i":"no-played-songs","$v":"Zatiaľ ste si neprehrali žiadne skladby."},{"$i":"no-recently-added","$v":"Nedávno boli pridané nové skladby."},{"$i":"playlists-highest-rated","$v":"Najlepšie hodn."},{"$i":"picker-title","$v":"Vybrať skladbu"},{"$i":"save","$v":"Uložiť"},{"$i":"saved","$v":"uložené do hud. knižnice."},{"$i":"audioinvalid","$v":"Tento formát súboru je neplatný alebo nie je podporovaný."},{"$i":"overlay-cancel-button","$v":"Zrušiť"},{"$i":"music-paused-notification","$v":"Hudba pozast. počas hovoru"},{"$i":"done","$v":"Hotovo"},{"$i":"share-song","ariaLabel":"Zdieľať"},{"$i":"player-album-rating","ariaLabel":"Hodnot."},{"$i":"rating-star","ariaLabel":{"$x":[{"t":"idOrVar","v":"plural"},"n"],"$v":{"few":["Hviezdy: ",{"t":"idOrVar","v":"n"}],"many":["Hviezdy: ",{"t":"idOrVar","v":"n"}],"one":["Hviezda: ",{"t":"idOrVar","v":"n"}],"other":["Hviezdy: ",{"t":"idOrVar","v":"n"}],"two":["Hviezdy: ",{"t":"idOrVar","v":"n"}],"zero":["Hviezdy: ",{"t":"idOrVar","v":"n"}]}}},{"$i":"go-to-player-view","ariaLabel":"Ísť na zobraz. prehrávača"},{"$i":"repeat-off","ariaLabel":"Opakovanie vyp."},{"$i":"repeat-list","ariaLabel":"Opakovať vš."},{"$i":"repeat-song","ariaLabel":"Opakovať skladbu"},{"$i":"shuffle-toggle","ariaLabel":"Náhodný výber"},{"$i":"mix-tab","ariaLabel":"Mix"},{"$i":"playlists-tab","ariaLabel":"Zozn. skl."},{"$i":"artists-tab","ariaLabel":"Interpreti"},{"$i":"albums-tab","ariaLabel":"Albumy"},{"$i":"songs-tab","ariaLabel":"Skladby"},{"$i":"check","$v":"Vybrať"},{"$i":"remove-track","$v":"Vymazať stopu"},{"$i":"remove-tracks","$v":"Vymazať stopy"},{"$i":"cancel","$v":"Zrušiť"},{"$i":"delete","$v":"Vymazať"},{"$i":"song-num-checked","$v":{"few":["Vybraté: ",{"t":"idOrVar","v":"n"}],"many":["Vybraté: ",{"t":"idOrVar","v":"n"}],"one":["Vybraté: ",{"t":"idOrVar","v":"n"}],"other":["Vybraté: ",{"t":"idOrVar","v":"n"}],"two":["Vybraté: ",{"t":"idOrVar","v":"n"}],"zero":"Vybraté: 0"},"$x":[{"t":"idOrVar","v":"plural"},"n"]},{"$i":"delete-playlist-songs","$v":{"few":["Vymazať stopy (",{"t":"idOrVar","v":"n"},") zo zozn. skladieb?"],"many":["Vymazať stopy (",{"t":"idOrVar","v":"n"},") zo zozn. skladieb?"],"one":"Vymazať zvolenú stopu zo zozn. skladieb?","other":["Vymazať stopy (",{"t":"idOrVar","v":"n"},") zo zozn. skladieb?"],"two":["Vymazať stopy (",{"t":"idOrVar","v":"n"},") zo zozn. skladieb?"],"zero":"Bez výberu"},"$x":[{"t":"idOrVar","v":"plural"},"n"]},{"$i":"delete-playlist-hint","$v":{"few":["Stopy vymazané zo zoznamu skladieb: ",{"t":"idOrVar","v":"n"}],"many":["Stopy vymazané zo zoznamu skladieb: ",{"t":"idOrVar","v":"n"}],"one":"Stopa vymaz. zo zozn. skladieb:","other":["Stopy vymazané zo zoznamu skladieb: ",{"t":"idOrVar","v":"n"}],"two":["Stopy vymazané zo zoznamu skladieb: ",{"t":"idOrVar","v":"n"}],"zero":"Nič sa nevymazalo"},"$x":[{"t":"idOrVar","v":"plural"},"n"]},{"$i":"delete-playlist","$v":"Odstrániť zoznam skladieb?"},{"$i":"delete-album-songs","$v":{"few":["Vymazať stopy (",{"t":"idOrVar","v":"n"},")?"],"many":["Vymazať stopy (",{"t":"idOrVar","v":"n"},")?"],"one":"Vymazať zvolenú stopu?","other":["Vymazať stopy (",{"t":"idOrVar","v":"n"},")?"],"two":["Vymazať stopy (",{"t":"idOrVar","v":"n"},")?"],"zero":"Bez výberu"},"$x":[{"t":"idOrVar","v":"plural"},"n"]},{"$i":"delete-album-songs-hint","$v":{"few":["Vymazané stopy: ",{"t":"idOrVar","v":"n"}],"many":["Vymazané stopy: ",{"t":"idOrVar","v":"n"}],"one":"Stopa vymazaná","other":["Vymazané stopy: ",{"t":"idOrVar","v":"n"}],"two":["Vymazané stopy: ",{"t":"idOrVar","v":"n"}],"zero":"Nič sa nevymazalo"},"$x":[{"t":"idOrVar","v":"plural"},"n"]},{"$i":"add-to-playlist-song-hint","$v":"Skladba bola pridaná do"},{"$i":"add-to-playlist-songs-hint","$v":"skladby boli pridané do"},{"$i":"library","$v":"Knižnica"},{"$i":"rate","$v":"Hodnot."},{"$i":"gridview","$v":"Zobr. mriežky"},{"$i":"confirmation-title","$v":"Potvrdenie"},{"$i":"options","$v":"Možnosti"},{"$i":"opt-player","$v":"Prehrávač"},{"$i":"opt-delete","$v":"Vymazať"},{"$i":"opt-mulselect","$v":"Vybrať viac"},{"$i":"opt-selectall","$v":"Označiť všetko"},{"$i":"opt-deselectall","$v":"Zrušiť výber. vš."},{"$i":"opt-cancel","$v":"Zrušiť"},{"$i":"opt-library","$v":"Knižnica"},{"$i":"opt-shuffleall","$v":"Náhodné (vš.)"},{"$i":"opt-repeatall","$v":"Opakovať vš."},{"$i":"opt-back","$v":"Späť"},{"$i":"opt-done","$v":"Hotovo"},{"$i":"opt-ok","$v":"OK"},{"$i":"opt-play","$v":"Prehrať"},{"$i":"opt-pause","$v":"Preruš."},{"$i":"opt-setring","$v":"Uložiť ako zvon."},{"$i":"opt-shuffleoff","$v":"Náhodný výber vyp."},{"$i":"opt-shuffleon","$v":"Náhodný výber zap."},{"$i":"opt-repeatoff","$v":"Opakovanie vyp."},{"$i":"opt-repeatone","$v":"Opakovať 1"},{"$i":"opt-share","$v":"Zdieľať"},{"$i":"opt-volume","$v":"Hlasitosť"},{"$i":"opt-createplaylist","$v":"Vytvorte zoznam skladieb"},{"$i":"opt-addsongs","$v":"Pridať piesne"},{"$i":"opt-rename","$v":"Premenovať"},{"$i":"opt-removesongs","$v":"Odstráňte skladby"},{"$i":"opt-addtoplaylist","$v":"Pridať do zoznamu skladieb"},{"$i":"opt-create","$v":"Vytvoriť"},{"$i":"opt-settings","$v":"Nastavenia"},{"$i":"byteUnit-B","$v":"Bajty"},{"$i":"byteUnit-KB","$v":"KB"},{"$i":"byteUnit-MB","$v":"MB"},{"$i":"byteUnit-GB","$v":"GB"},{"$i":"byteUnit-TB","$v":"TB"},{"$i":"byteUnit-PB","$v":"PB"},{"$i":"byteUnit-EB","$v":"EB"},{"$i":"byteUnit-ZB","$v":"ZB"},{"$i":"byteUnit-YB","$v":"YB"},{"$i":"opt-fileinfo","$v":"Info o súbore"},{"$i":"info-view","ariaLabel":"Info"},{"$i":"name-label","$v":"Názov"},{"$i":"size-label","$v":"Veľkosť"},{"$i":"music-type-label","$v":"Typ hudby"},{"$i":"playlists-least-played","$v":"Najmenej prehr."},{"$i":"playlists-loading","$v":"Načítava sa..."},{"$i":"select","$v":"Zvoliť"},{"$i":"deselect","$v":"Zrušiť výber"},{"$i":"ok","$v":"OK"},{"$i":"new","$v":"Nové"},{"$i":"next","$v":"Ďalšie"},{"$i":"rename","$v":"Premenovať"},{"$i":"remove","$v":"Odstrániť"},{"$i":"add","$v":"Pridať"},{"$i":"all","$v":"Všetky"},{"$i":"none","$v":"Žiadne"}]