[{"$i":"music","$v":"Glasba"},{"$i":"mix","$v":"Miks"},{"$i":"playlists","$v":"Seznam predvajanja"},{"$i":"artists","$v":"Izvajalci"},{"$i":"albums","$v":"Albumi"},{"$i":"songs","$v":"Skladbe"},{"$i":"more","$v":"Več"},{"$i":"songName","$v":"Ime skladbe"},{"$i":"songArtist","$v":"Izvajalec skladbe"},{"$i":"songAlbum","$v":"Album skladbe"},{"$i":"unknownArtist","$v":"Neznan izvajalec"},{"$i":"unknownAlbum","$v":"Neznan album"},{"$i":"unknownTitle","$v":"Neznan naslov"},{"$i":"storageFullTitle","$v":"Shramba telefona je polna."},{"$i":"sdcardFullTitle","$v":"Kartica SD je polna."},{"$i":"storage-not-ready","$v":"Optično branje glasbe."},{"$i":"empty-text","$v":"Knjižnica glasbe je prazna. Če jo želite začeti uporabljati, dodajte skladbe."},{"$i":"pick-empty-text","$v":"Ni glasbe."},{"$i":"scanning-text","$v":"Iskanje"},{"$i":"nocard-text","$v":"Pomnilniške kartice ni mogoče najti. Če želite začeti, jo vstavite."},{"$i":"pluggedin-text","$v":"Shramba je v uporabi. Za uporabo te apl. odklopite telefon."},{"$i":"upgrade-text","$v":"Glasba posod. zbir. pod. Počakajte."},{"$i":"full-text","$v":"Izbrišite predstavnostne datoteke ali podatke aplikacij, da sprostite prostor. Lahko tudi vstavite kartico SD in tako razširite shrambo za predstavnostne vsebine."},{"$i":"full-text-sdcard","$v":"Izbrišite datoteke na kartici SD, da sprostite prostor."},{"$i":"search-music","placeholder":"Iščite"},{"$i":"search-cancel","$v":"Prekliči"},{"$i":"search-artists","$v":"Izvajalci"},{"$i":"search-albums","$v":"Albumi"},{"$i":"search-titles","$v":"Skladbe"},{"$i":"search-close","$v":"zapri"},{"$i":"search-no-result","$v":"Skladb ni mogoče najti, poskusite iskati z drugo ključno besedo."},{"$i":"artists-search-no-result","$v":"Umetnikov ni mogoče najti, poskusite iskati z drugo ključno besedo."},{"$i":"albums-search-no-result","$v":"Ni najdenih albumov, poskusite iskati z drugo ključno besedo."},{"$i":"playlists-shuffle-all","$v":"Naključno predvajaj vse"},{"$i":"playlists-recently-added","$v":"Nedavno dodano"},{"$i":"playlists-most-played","$v":"Pogosto predvajano"},{"$i":"playlists-discover","$v":"Odkrij"},{"$i":"playlists-my-playlists","$v":"Moji seznami predvajanja"},{"$i":"playlists-create-playlists","$v":"Nov seznam predvajanja"},{"$i":"playlists-choose-playlists","$v":"Seznam predvajanja"},{"$i":"no-my-playlists","$v":"Niste še ustvarili nobenega seznama predvajanja."},{"$i":"no-songs-added","$v":"Na ta seznam predvajanja še niste dodali nobene skladbe."},{"$i":"no-played-songs","$v":"Niste še predvajali nobene skladbe."},{"$i":"no-recently-added","$v":"V zadnjem času ni bila dodana nobena nova skladba."},{"$i":"playlists-highest-rated","$v":"Najvišje ocenjeni"},{"$i":"picker-title","$v":"Izberite skladbo"},{"$i":"save","$v":"Shrani"},{"$i":"saved","$v":"shranjeno v knjižnico glasbe."},{"$i":"audioinvalid","$v":"Ta oblika datoteke ni veljavna ali ni podprta."},{"$i":"overlay-cancel-button","$v":"Prekliči"},{"$i":"music-paused-notification","$v":"Med klicem je glasba prekinjena"},{"$i":"done","$v":"Dokončano"},{"$i":"share-song","ariaLabel":"Deli"},{"$i":"player-album-rating","ariaLabel":"Ocena"},{"$i":"rating-star","ariaLabel":{"$x":[{"t":"idOrVar","v":"plural"},"n"],"$v":{"few":[{"t":"idOrVar","v":"n"}," zvezdice"],"many":[{"t":"idOrVar","v":"n"}," zvezdic"],"one":[{"t":"idOrVar","v":"n"}," zvezdica"],"other":[{"t":"idOrVar","v":"n"}," zvezdic"],"two":[{"t":"idOrVar","v":"n"}," zvezdici"],"zero":[{"t":"idOrVar","v":"n"}," zvezdic"]}}},{"$i":"go-to-player-view","ariaLabel":"Pojdi v pogled predvajalnika"},{"$i":"repeat-off","ariaLabel":"Ponavljanje je izklopljeno"},{"$i":"repeat-list","ariaLabel":"Ponovi vse"},{"$i":"repeat-song","ariaLabel":"Ponovi skladbo"},{"$i":"shuffle-toggle","ariaLabel":"Naključno zaporedje"},{"$i":"mix-tab","ariaLabel":"Miks"},{"$i":"playlists-tab","ariaLabel":"Seznami predvajanja"},{"$i":"artists-tab","ariaLabel":"Izvajalci"},{"$i":"albums-tab","ariaLabel":"Albumi"},{"$i":"songs-tab","ariaLabel":"Skladbe"},{"$i":"check","$v":"Izberi"},{"$i":"remove-track","$v":"Izbriši skladbo"},{"$i":"remove-tracks","$v":"Izbriši skladbe"},{"$i":"cancel","$v":"Prekliči"},{"$i":"delete","$v":"Brisanje"},{"$i":"song-num-checked","$v":{"few":["Št. izbranih: ",{"t":"idOrVar","v":"n"}],"many":["Št. izbranih: ",{"t":"idOrVar","v":"n"}],"one":["Št. izbranih: ",{"t":"idOrVar","v":"n"}],"other":["Št. izbranih: ",{"t":"idOrVar","v":"n"}],"two":["Št. izbranih: ",{"t":"idOrVar","v":"n"}],"zero":"0 izbranih"},"$x":[{"t":"idOrVar","v":"plural"},"n"]},{"$i":"delete-playlist-songs","$v":{"few":["Želite izbrisati ",{"t":"idOrVar","v":"n"}," skladbe s seznama predvajanja?"],"many":["Želite izbrisati ",{"t":"idOrVar","v":"n"}," skladb s seznama predvajanja?"],"one":"Želite izbrisati izbrano skladbo s seznama predvajanja?","other":["Želite izbrisati ",{"t":"idOrVar","v":"n"}," skladb s seznama predvajanja?"],"two":["Želite izbrisati ",{"t":"idOrVar","v":"n"}," skladbi s seznama predvajanja?"],"zero":"Nič ni izbrano"},"$x":[{"t":"idOrVar","v":"plural"},"n"]},{"$i":"delete-playlist-hint","$v":{"few":[{"t":"idOrVar","v":"n"}," skladbe so izbrisane s seznama predvajanja"],"many":[{"t":"idOrVar","v":"n"}," skladb je izbrisanih s seznama predvajanja"],"one":"Skladba izbris. s sez. pred.","other":[{"t":"idOrVar","v":"n"}," skladb je izbrisanih s seznama predvajanja"],"two":[{"t":"idOrVar","v":"n"}," skladbi sta izbrisani s seznama predvajanja"],"zero":"Nič ni izbrisano"},"$x":[{"t":"idOrVar","v":"plural"},"n"]},{"$i":"delete-playlist","$v":"Želite izbrisati seznam predvajanja?"},{"$i":"delete-album-songs","$v":{"few":["Želite izbrisati ",{"t":"idOrVar","v":"n"}," skladbe?"],"many":["Želite izbrisati ",{"t":"idOrVar","v":"n"}," skladb?"],"one":"Želite izbrisati izbrano skladbo?","other":["Želite izbrisati ",{"t":"idOrVar","v":"n"}," skladb?"],"two":["Želite izbrisati ",{"t":"idOrVar","v":"n"}," skladbi?"],"zero":"Nič ni izbrano"},"$x":[{"t":"idOrVar","v":"plural"},"n"]},{"$i":"delete-album-songs-hint","$v":{"few":[{"t":"idOrVar","v":"n"}," skladbe so izbrisane"],"many":[{"t":"idOrVar","v":"n"}," skladb je izbrisanih"],"one":"Skladba je izbrisana","other":[{"t":"idOrVar","v":"n"}," skladb je izbrisanih"],"two":[{"t":"idOrVar","v":"n"}," skladbi sta izbrisani"],"zero":"Nič ni izbrisano"},"$x":[{"t":"idOrVar","v":"plural"},"n"]},{"$i":"add-to-playlist-song-hint","$v":"Skladba je dodana na"},{"$i":"add-to-playlist-songs-hint","$v":"skladbe so dodane na"},{"$i":"library","$v":"Knjižnica"},{"$i":"rate","$v":"Oceni"},{"$i":"gridview","$v":"Mrežni pogled"},{"$i":"confirmation-title","$v":"Potrditev"},{"$i":"options","$v":"Možnosti"},{"$i":"opt-player","$v":"Predvajalnik"},{"$i":"opt-delete","$v":"Brisanje"},{"$i":"opt-mulselect","$v":"Izberite več"},{"$i":"opt-selectall","$v":"Izberi vse"},{"$i":"opt-deselectall","$v":"Prekliči izbor vseh"},{"$i":"opt-cancel","$v":"Prekliči"},{"$i":"opt-library","$v":"Knjižnica"},{"$i":"opt-shuffleall","$v":"Naključno predvajaj vse"},{"$i":"opt-repeatall","$v":"Ponovi vse"},{"$i":"opt-back","$v":"Nazaj"},{"$i":"opt-done","$v":"Dokončano"},{"$i":"opt-ok","$v":"V redu"},{"$i":"opt-play","$v":"Predvajaj"},{"$i":"opt-pause","$v":"Premor"},{"$i":"opt-setring","$v":"Shrani kot ton zvonjenja"},{"$i":"opt-shuffleoff","$v":"Naključno zapor. izkloplj."},{"$i":"opt-shuffleon","$v":"Naključno zapor. vkloplj."},{"$i":"opt-repeatoff","$v":"Ponavljanje je izklopljeno"},{"$i":"opt-repeatone","$v":"Ponovi eno"},{"$i":"opt-share","$v":"Deli"},{"$i":"opt-volume","$v":"Glasnost"},{"$i":"opt-createplaylist","$v":"Ustvarite seznam predvajanja"},{"$i":"opt-addsongs","$v":"Dodaj pesmi"},{"$i":"opt-rename","$v":"Preimenuj"},{"$i":"opt-removesongs","$v":"Odstrani pesmi"},{"$i":"opt-addtoplaylist","$v":"Dodaj na seznam predvajanja"},{"$i":"opt-create","$v":"Ustvari"},{"$i":"opt-settings","$v":"Nastavitve"},{"$i":"byteUnit-B","$v":"Bajti"},{"$i":"byteUnit-KB","$v":"KB"},{"$i":"byteUnit-MB","$v":"MB"},{"$i":"byteUnit-GB","$v":"GB"},{"$i":"byteUnit-TB","$v":"TB"},{"$i":"byteUnit-PB","$v":"PB"},{"$i":"byteUnit-EB","$v":"EB"},{"$i":"byteUnit-ZB","$v":"ZB"},{"$i":"byteUnit-YB","$v":"YB"},{"$i":"opt-fileinfo","$v":"Podatki o datoteki"},{"$i":"info-view","ariaLabel":"Informacije"},{"$i":"name-label","$v":"Ime"},{"$i":"size-label","$v":"Velikost"},{"$i":"music-type-label","$v":"Vrsta glasbe"},{"$i":"playlists-least-played","$v":"Najmanj predvajano"},{"$i":"playlists-loading","$v":"Nalaganje ..."},{"$i":"select","$v":"Izberi"},{"$i":"deselect","$v":"Prekliči izbor"},{"$i":"ok","$v":"V redu"},{"$i":"new","$v":"Nov"},{"$i":"next","$v":"Naprej"},{"$i":"rename","$v":"Preimenuj"},{"$i":"remove","$v":"Odstrani"},{"$i":"add","$v":"Dodaj"},{"$i":"all","$v":"Vse"},{"$i":"none","$v":"Brez"}]