[{"$i":"music","$v":"Muzika"},{"$i":"mix","$v":"Miks"},{"$i":"playlists","$v":"Lista pesama"},{"$i":"artists","$v":"Izvođači"},{"$i":"albums","$v":"Albumi"},{"$i":"songs","$v":"Pesme"},{"$i":"more","$v":"Još"},{"$i":"songName","$v":"Naziv pesme"},{"$i":"songArtist","$v":"Izvođač"},{"$i":"songAlbum","$v":"Album"},{"$i":"unknownArtist","$v":"Nepoznati izvođač"},{"$i":"unknownAlbum","$v":"Nepoznati album"},{"$i":"unknownTitle","$v":"Nepoznati naslov"},{"$i":"storageFullTitle","$v":"Skladište telefona je puno."},{"$i":"sdcardFullTitle","$v":"SD kartica je puna."},{"$i":"storage-not-ready","$v":"Скенирање музике."},{"$i":"empty-text","$v":"Biblioteka muzike je prazna. Dodajte pesme da biste počeli."},{"$i":"pick-empty-text","$v":"Нема доступне музике."},{"$i":"scanning-text","$v":"Skeniranje"},{"$i":"nocard-text","$v":"Memorijska kartica nije nađena. Ubacite memorijsku karticu da biste počeli."},{"$i":"pluggedin-text","$v":"Skl. se tren. kor. Isklj. tel. s priklj. da biste mog. da kor. ovu apl."},{"$i":"upgrade-text","$v":"Saček. dok muzika ažur. svoju bazu pod."},{"$i":"full-text","$v":"Obrišite medijske datoteke ili podatke aplikacija da biste oslobodili prostor. Možete i da ubacite SD karticu i proširite skladište za medije."},{"$i":"full-text-sdcard","$v":"Obrišite datoteke sa SD kartice da biste oslobodili prostor."},{"$i":"search-music","placeholder":"Traži"},{"$i":"search-cancel","$v":"Otkaži"},{"$i":"search-artists","$v":"Izvođači"},{"$i":"search-albums","$v":"Albumi"},{"$i":"search-titles","$v":"Pesme"},{"$i":"search-close","$v":"zatvori"},{"$i":"search-no-result","$v":"Трагови нису пронађени, покушајте да претражите другу кључну реч."},{"$i":"artists-search-no-result","$v":"Нису пронађени извођачи, покушајте да претражите другу кључну реч."},{"$i":"albums-search-no-result","$v":"Није пронађен ниједан албум, покушајте да претражите другу кључну реч."},{"$i":"playlists-shuffle-all","$v":"Promešaj sve"},{"$i":"playlists-recently-added","$v":"Nedavno dodato"},{"$i":"playlists-most-played","$v":"Najčešće slušano"},{"$i":"playlists-discover","$v":"Otkrij"},{"$i":"playlists-my-playlists","$v":"Ми плаилистс"},{"$i":"playlists-create-playlists","$v":"Нев плаилист"},{"$i":"playlists-choose-playlists","$v":"Lista pesama"},{"$i":"no-my-playlists","$v":"Još niste napravili nijednu listu pesama."},{"$i":"no-songs-added","$v":"Još niste dodali ništa u ovu listu pesama."},{"$i":"no-played-songs","$v":"Još niste reprodukovali pesme."},{"$i":"no-recently-added","$v":"Nema dodatih novih pesama."},{"$i":"playlists-highest-rated","$v":"Najviše ocenjeno"},{"$i":"picker-title","$v":"Odaberi pesmu"},{"$i":"save","$v":"Sačuvaj"},{"$i":"saved","$v":"sačuvano u muzičku biblioteku."},{"$i":"audioinvalid","$v":"Овај формат датотеке није важећи или није подржан."},{"$i":"overlay-cancel-button","$v":"Otkaži"},{"$i":"music-paused-notification","$v":"Muzika je pauzirana tokom poziva"},{"$i":"done","$v":"Gotovo"},{"$i":"share-song","ariaLabel":"Deli"},{"$i":"player-album-rating","ariaLabel":"Ocena"},{"$i":"rating-star","ariaLabel":{"$x":[{"t":"idOrVar","v":"plural"},"n"],"$v":{"few":[{"t":"idOrVar","v":"n"}," zvezdice"],"many":[{"t":"idOrVar","v":"n"}," zvezdica"],"one":[{"t":"idOrVar","v":"n"}," zvezdica"],"other":[{"t":"idOrVar","v":"n"}," zvezdica"],"two":[{"t":"idOrVar","v":"n"}," zvezdice"],"zero":[{"t":"idOrVar","v":"n"}," zvezdica"]}}},{"$i":"go-to-player-view","ariaLabel":"Idi na prikaz plejera"},{"$i":"repeat-off","ariaLabel":"Ponavljanje isključeno"},{"$i":"repeat-list","ariaLabel":"Ponovi sve"},{"$i":"repeat-song","ariaLabel":"Ponovo pusti pesmu"},{"$i":"shuffle-toggle","ariaLabel":"Promešaj"},{"$i":"mix-tab","ariaLabel":"Miks"},{"$i":"playlists-tab","ariaLabel":"Liste pesama"},{"$i":"artists-tab","ariaLabel":"Izvođači"},{"$i":"albums-tab","ariaLabel":"Albumi"},{"$i":"songs-tab","ariaLabel":"Pesme"},{"$i":"check","$v":"Odaberi"},{"$i":"remove-track","$v":"Izbriši pesmu"},{"$i":"remove-tracks","$v":"Izbriši pesme"},{"$i":"cancel","$v":"Otkaži"},{"$i":"delete","$v":"Izbriši"},{"$i":"song-num-checked","$v":{"few":[{"t":"idOrVar","v":"n"}," odabrane"],"many":[{"t":"idOrVar","v":"n"}," odabrano"],"one":[{"t":"idOrVar","v":"n"}," odabrana"],"other":[{"t":"idOrVar","v":"n"}," odabrano"],"two":[{"t":"idOrVar","v":"n"}," odabrane"],"zero":"0 odabrano"},"$x":[{"t":"idOrVar","v":"plural"},"n"]},{"$i":"delete-playlist-songs","$v":{"few":["Izbrisati ",{"t":"idOrVar","v":"n"}," pesama sa liste pesama?"],"many":["Izbrisati ",{"t":"idOrVar","v":"n"}," pesama sa liste pesama?"],"one":"Izbrisati odabranu pesmu sa liste pesama?","other":["Izbrisati ",{"t":"idOrVar","v":"n"}," pesama sa liste pesama?"],"two":["Izbrisati ",{"t":"idOrVar","v":"n"}," pesama sa liste pesama?"],"zero":"Ništa nije odabrano"},"$x":[{"t":"idOrVar","v":"plural"},"n"]},{"$i":"delete-playlist-hint","$v":{"few":[{"t":"idOrVar","v":"n"}," pesme izbrisane sa liste pesama"],"many":[{"t":"idOrVar","v":"n"}," pesme izbrisane sa liste pesama"],"one":"Pesma je izbr. sa lis. pes.","other":[{"t":"idOrVar","v":"n"}," pesme izbrisane sa liste pesama"],"two":[{"t":"idOrVar","v":"n"}," pesme izbrisane sa liste pesama"],"zero":"Ništa nije izbrisano"},"$x":[{"t":"idOrVar","v":"plural"},"n"]},{"$i":"delete-playlist","$v":"Želite da obrišete listu pesama?"},{"$i":"delete-album-songs","$v":{"few":["Izbrisati ",{"t":"idOrVar","v":"n"}," pesama?"],"many":["Izbrisati ",{"t":"idOrVar","v":"n"}," pesama?"],"one":"Izbrisati odabranu pesmu?","other":["Izbrisati ",{"t":"idOrVar","v":"n"}," pesama?"],"two":["Izbrisati ",{"t":"idOrVar","v":"n"}," pesama?"],"zero":"Ništa nije odabrano"},"$x":[{"t":"idOrVar","v":"plural"},"n"]},{"$i":"delete-album-songs-hint","$v":{"few":[{"t":"idOrVar","v":"n"}," pesme izbrisane"],"many":[{"t":"idOrVar","v":"n"}," pesama izbrisano"],"one":"Pesma je izbrisana","other":[{"t":"idOrVar","v":"n"}," pesama izbrisano"],"two":[{"t":"idOrVar","v":"n"}," pesme izbrisane"],"zero":"Ništa nije izbrisano"},"$x":[{"t":"idOrVar","v":"plural"},"n"]},{"$i":"add-to-playlist-song-hint","$v":"Numera je dodata u"},{"$i":"add-to-playlist-songs-hint","$v":"numere su dodate u"},{"$i":"library","$v":"Biblioteka"},{"$i":"rate","$v":"Oceni"},{"$i":"gridview","$v":"Prikaz mreže"},{"$i":"confirmation-title","$v":"Potvrda"},{"$i":"options","$v":"Opcije"},{"$i":"opt-player","$v":"Plejer"},{"$i":"opt-delete","$v":"Izbriši"},{"$i":"opt-mulselect","$v":"Odaberi više"},{"$i":"opt-selectall","$v":"Odaberi sve"},{"$i":"opt-deselectall","$v":"Opozovi izbor svega"},{"$i":"opt-cancel","$v":"Otkaži"},{"$i":"opt-library","$v":"Biblioteka"},{"$i":"opt-shuffleall","$v":"Promešaj sve"},{"$i":"opt-repeatall","$v":"Ponovi sve"},{"$i":"opt-back","$v":"Nazad"},{"$i":"opt-done","$v":"Gotovo"},{"$i":"opt-ok","$v":"OK"},{"$i":"opt-play","$v":"Reprodukuj"},{"$i":"opt-pause","$v":"Pauziraj"},{"$i":"opt-setring","$v":"Sačuvaj kao ton zvona"},{"$i":"opt-shuffleoff","$v":"Mešanje je isključeno"},{"$i":"opt-shuffleon","$v":"Mešanje je uključeno"},{"$i":"opt-repeatoff","$v":"Ponavljanje isključeno"},{"$i":"opt-repeatone","$v":"Ponavljanje jedne pesme"},{"$i":"opt-share","$v":"Deli"},{"$i":"opt-volume","$v":"Jačina zvuka"},{"$i":"opt-createplaylist","$v":"Цреате плаилист"},{"$i":"opt-addsongs","$v":"Додај песме"},{"$i":"opt-rename","$v":"Preimenuj"},{"$i":"opt-removesongs","$v":"Уклони песме"},{"$i":"opt-addtoplaylist","$v":"Додај на листу за репродукцију"},{"$i":"opt-create","$v":"Kreiraj"},{"$i":"opt-settings","$v":"Podešavanja"},{"$i":"byteUnit-B","$v":"Bajtovi"},{"$i":"byteUnit-KB","$v":"KB"},{"$i":"byteUnit-MB","$v":"MB"},{"$i":"byteUnit-GB","$v":"GB"},{"$i":"byteUnit-TB","$v":"TB"},{"$i":"byteUnit-PB","$v":"PB"},{"$i":"byteUnit-EB","$v":"EB"},{"$i":"byteUnit-ZB","$v":"ZB"},{"$i":"byteUnit-YB","$v":"GR"},{"$i":"opt-fileinfo","$v":"Informacije o datoteci"},{"$i":"info-view","ariaLabel":"Informacije"},{"$i":"name-label","$v":"Ime"},{"$i":"size-label","$v":"Veličina"},{"$i":"music-type-label","$v":"Tip muzike"},{"$i":"playlists-least-played","$v":"Najmanje reprodukovano"},{"$i":"playlists-loading","$v":"Učitavanje…"},{"$i":"select","$v":"Odaberi"},{"$i":"deselect","$v":"Poništi izbor"},{"$i":"ok","$v":"OK"},{"$i":"new","$v":"Novo"},{"$i":"next","$v":"Dalje"},{"$i":"rename","$v":"Preimenuj"},{"$i":"remove","$v":"Ukloni"},{"$i":"add","$v":"Dodaj"},{"$i":"all","$v":"Sve"},{"$i":"none","$v":"Nema"}]