[{"$i":"music","$v":"Musik"},{"$i":"mix","$v":"Mix"},{"$i":"playlists","$v":"Spellista"},{"$i":"artists","$v":"Artister"},{"$i":"albums","$v":"Album"},{"$i":"songs","$v":"Låtar"},{"$i":"more","$v":"Mer"},{"$i":"songName","$v":"Låtnamn"},{"$i":"songArtist","$v":"Låtens artist"},{"$i":"songAlbum","$v":"Musikalbum"},{"$i":"unknownArtist","$v":"Okänd artist"},{"$i":"unknownAlbum","$v":"Okänt album"},{"$i":"unknownTitle","$v":"Okänd titel"},{"$i":"storageFullTitle","$v":"Telefonens minne fullt."},{"$i":"sdcardFullTitle","$v":"SD-kortet är fullt."},{"$i":"storage-not-ready","$v":"Skanna efter musik."},{"$i":"empty-text","$v":"Musikbiblioteket är tomt. Lägg till låtar för att komma igång."},{"$i":"pick-empty-text","$v":"Ingen musik tillgänglig."},{"$i":"scanning-text","$v":"Söker"},{"$i":"nocard-text","$v":"Inget minneskort hittades. Sätt i ett minneskort för att komma igång."},{"$i":"pluggedin-text","$v":"Lagringsutrymme anv. f.n. Koppla från tel. för att anv. appen."},{"$i":"upgrade-text","$v":"Vänta medan musikdatabasen uppdat."},{"$i":"full-text","$v":"Ta bort mediefiler eller programdata för att frigöra utrymme. Du kan även sätta i ett SD-kort för att utöka medielagringen."},{"$i":"full-text-sdcard","$v":"Ta bort filer på SD-kortet för att frigöra utrymme."},{"$i":"search-music","placeholder":"Sök"},{"$i":"search-cancel","$v":"Avbryt"},{"$i":"search-artists","$v":"Artister"},{"$i":"search-albums","$v":"Album"},{"$i":"search-titles","$v":"Spår"},{"$i":"search-close","$v":"Stäng"},{"$i":"search-no-result","$v":"Inga spår hittade, försök att söka med ett annat sökord."},{"$i":"artists-search-no-result","$v":"Inga artister hittades, försök att söka med ett annat nyckelord."},{"$i":"albums-search-no-result","$v":"Inga album hittades, försök att söka med ett annat nyckelord."},{"$i":"playlists-shuffle-all","$v":"Blanda allt"},{"$i":"playlists-recently-added","$v":"Nyligen tillagd"},{"$i":"playlists-most-played","$v":"Mest spelade"},{"$i":"playlists-discover","$v":"Upptäck"},{"$i":"playlists-my-playlists","$v":"Mina spellistor"},{"$i":"playlists-create-playlists","$v":"Ny spellista"},{"$i":"playlists-choose-playlists","$v":"Spellista"},{"$i":"no-my-playlists","$v":"Du har inte skapat några spellistor ännu."},{"$i":"no-songs-added","$v":"Du har inte lagt till några låtar i den här spellistan ännu."},{"$i":"no-played-songs","$v":"Du har inte spelat några låtar än."},{"$i":"no-recently-added","$v":"Inga nya låtar har lagts till nyligen."},{"$i":"playlists-highest-rated","$v":"Högst rankade"},{"$i":"picker-title","$v":"Välj ett spår"},{"$i":"save","$v":"Spara"},{"$i":"saved","$v":"sparad till musikbibliotek."},{"$i":"audioinvalid","$v":"Detta filformat är ogiltigt eller stöds inte."},{"$i":"overlay-cancel-button","$v":"Avbryt"},{"$i":"music-paused-notification","$v":"Musik pausad under samtalet"},{"$i":"done","$v":"Klar"},{"$i":"share-song","ariaLabel":"Dela"},{"$i":"player-album-rating","ariaLabel":"Ranking"},{"$i":"rating-star","ariaLabel":{"$x":[{"t":"idOrVar","v":"plural"},"n"],"$v":{"few":[{"t":"idOrVar","v":"n"}," stjärnor"],"many":[{"t":"idOrVar","v":"n"}," stjärnor"],"one":[{"t":"idOrVar","v":"n"}," stjärna"],"other":[{"t":"idOrVar","v":"n"}," stjärnor"],"two":[{"t":"idOrVar","v":"n"}," stjärnor"],"zero":[{"t":"idOrVar","v":"n"}," stjärnor"]}}},{"$i":"go-to-player-view","ariaLabel":"Gå till spelarvy"},{"$i":"repeat-off","ariaLabel":"Upprepa av"},{"$i":"repeat-list","ariaLabel":"Upprepa alla"},{"$i":"repeat-song","ariaLabel":"Upprepa spår"},{"$i":"shuffle-toggle","ariaLabel":"Blanda"},{"$i":"mix-tab","ariaLabel":"Mix"},{"$i":"playlists-tab","ariaLabel":"Spellistor"},{"$i":"artists-tab","ariaLabel":"Artister"},{"$i":"albums-tab","ariaLabel":"Album"},{"$i":"songs-tab","ariaLabel":"Låtar"},{"$i":"check","$v":"Välj"},{"$i":"remove-track","$v":"Ta bort spår"},{"$i":"remove-tracks","$v":"Ta bort spår"},{"$i":"cancel","$v":"Avbryt"},{"$i":"delete","$v":"Ta bort"},{"$i":"song-num-checked","$v":{"few":[{"t":"idOrVar","v":"n"}," valda"],"many":[{"t":"idOrVar","v":"n"}," valda"],"one":[{"t":"idOrVar","v":"n"}," vald"],"other":[{"t":"idOrVar","v":"n"}," valda"],"two":[{"t":"idOrVar","v":"n"}," valda"],"zero":"0 vald"},"$x":[{"t":"idOrVar","v":"plural"},"n"]},{"$i":"delete-playlist-songs","$v":{"few":["Ta bort ",{"t":"idOrVar","v":"n"}," spår från spellista?"],"many":["Ta bort ",{"t":"idOrVar","v":"n"}," spår från spellista?"],"one":"Ta bort valt spår från spellista?","other":["Ta bort ",{"t":"idOrVar","v":"n"}," spår från spellista?"],"two":["Ta bort ",{"t":"idOrVar","v":"n"}," spår från spellista?"],"zero":"Inget valt"},"$x":[{"t":"idOrVar","v":"plural"},"n"]},{"$i":"delete-playlist-hint","$v":{"few":[{"t":"idOrVar","v":"n"}," spår borttagna från spellista"],"many":[{"t":"idOrVar","v":"n"}," spår borttagna från spellista"],"one":"Spår bortt. från spellista","other":[{"t":"idOrVar","v":"n"}," spår borttagna från spellista"],"two":[{"t":"idOrVar","v":"n"}," spår borttagna från spellista"],"zero":"Inget borttaget"},"$x":[{"t":"idOrVar","v":"plural"},"n"]},{"$i":"delete-playlist","$v":"Vill du radera spellistan?"},{"$i":"delete-album-songs","$v":{"few":["Ta bort ",{"t":"idOrVar","v":"n"}," spår?"],"many":["Ta bort ",{"t":"idOrVar","v":"n"}," spår?"],"one":"Ta bort valt spår?","other":["Ta bort ",{"t":"idOrVar","v":"n"}," spår?"],"two":["Ta bort ",{"t":"idOrVar","v":"n"}," spår?"],"zero":"Inget valt"},"$x":[{"t":"idOrVar","v":"plural"},"n"]},{"$i":"delete-album-songs-hint","$v":{"few":[{"t":"idOrVar","v":"n"}," spår borttagna"],"many":[{"t":"idOrVar","v":"n"}," spår borttagna"],"one":"Spår borttaget","other":[{"t":"idOrVar","v":"n"}," spår borttagna"],"two":[{"t":"idOrVar","v":"n"}," spår borttagna"],"zero":"Inget borttaget"},"$x":[{"t":"idOrVar","v":"plural"},"n"]},{"$i":"add-to-playlist-song-hint","$v":"Låten har lagts till i"},{"$i":"add-to-playlist-songs-hint","$v":"låtar har lagts till i"},{"$i":"library","$v":"Bibliotek"},{"$i":"rate","$v":"Hastighet"},{"$i":"gridview","$v":"Ikonvy"},{"$i":"confirmation-title","$v":"Bekräftelse"},{"$i":"options","$v":"Alternativ"},{"$i":"opt-player","$v":"Spelare"},{"$i":"opt-delete","$v":"Ta bort"},{"$i":"opt-mulselect","$v":"Markera flera"},{"$i":"opt-selectall","$v":"Markera alla"},{"$i":"opt-deselectall","$v":"Avmarkera alla"},{"$i":"opt-cancel","$v":"Avbryt"},{"$i":"opt-library","$v":"Bibliotek"},{"$i":"opt-shuffleall","$v":"Blanda allt"},{"$i":"opt-repeatall","$v":"Upprepa alla"},{"$i":"opt-back","$v":"Tillbaka"},{"$i":"opt-done","$v":"Klar"},{"$i":"opt-ok","$v":"OK"},{"$i":"opt-play","$v":"Spela upp"},{"$i":"opt-pause","$v":"Paus"},{"$i":"opt-setring","$v":"Spara som ringsignal"},{"$i":"opt-shuffleoff","$v":"Blandning av"},{"$i":"opt-shuffleon","$v":"Blandning på"},{"$i":"opt-repeatoff","$v":"Upprepa av"},{"$i":"opt-repeatone","$v":"Upprepa en"},{"$i":"opt-share","$v":"Dela"},{"$i":"opt-volume","$v":"Volym"},{"$i":"opt-createplaylist","$v":"Skapa spellista"},{"$i":"opt-addsongs","$v":"Lägg till låtar"},{"$i":"opt-rename","$v":"Byt namn"},{"$i":"opt-removesongs","$v":"Ta bort låtar"},{"$i":"opt-addtoplaylist","$v":"Lägg till i spellista"},{"$i":"opt-create","$v":"Skapa"},{"$i":"opt-settings","$v":"Inställningar"},{"$i":"byteUnit-B","$v":"Byte"},{"$i":"byteUnit-KB","$v":"KB"},{"$i":"byteUnit-MB","$v":"MB"},{"$i":"byteUnit-GB","$v":"GB"},{"$i":"byteUnit-TB","$v":"TB"},{"$i":"byteUnit-PB","$v":"PB"},{"$i":"byteUnit-EB","$v":"EB"},{"$i":"byteUnit-ZB","$v":"ZB"},{"$i":"byteUnit-YB","$v":"F.Å."},{"$i":"opt-fileinfo","$v":"Filinfo"},{"$i":"info-view","ariaLabel":"Info"},{"$i":"name-label","$v":"Namn"},{"$i":"size-label","$v":"Storlek"},{"$i":"music-type-label","$v":"Musiktyp"},{"$i":"playlists-least-played","$v":"Minst spelade"},{"$i":"playlists-loading","$v":"Laddar..."},{"$i":"select","$v":"Markera"},{"$i":"deselect","$v":"Avmarkera"},{"$i":"ok","$v":"OK"},{"$i":"new","$v":"Ny"},{"$i":"next","$v":"Nästa"},{"$i":"rename","$v":"Byt namn"},{"$i":"remove","$v":"Ta bort"},{"$i":"add","$v":"Lägg till"},{"$i":"all","$v":"Alla"},{"$i":"none","$v":"Inget"}]