[{"$i":"music","$v":"இசை"},{"$i":"mix","$v":"மிக்ஸ்"},{"$i":"playlists","$v":"இசைப்பட்டியல்"},{"$i":"artists","$v":"கலைஞர்கள்"},{"$i":"albums","$v":"ஆல்பங்கள்"},{"$i":"songs","$v":"பாடல்கள்"},{"$i":"more","$v":"மேலும்"},{"$i":"songName","$v":"பாடல் பெயர்"},{"$i":"songArtist","$v":"பாடல் கலைஞர்"},{"$i":"songAlbum","$v":"பாடல் ஆல்பம்"},{"$i":"unknownArtist","$v":"தெரியாத கலைஞர்"},{"$i":"unknownAlbum","$v":"தெரியாத ஆல்பம்"},{"$i":"unknownTitle","$v":"தெரியாத தலைப்பு"},{"$i":"storageFullTitle","$v":"போன் சேமிப்பிடம் நிரம்பியது."},{"$i":"sdcardFullTitle","$v":"எஸ்.டி கார்டு நிரம்பியது"},{"$i":"storage-not-ready","$v":"இசைக்காக ஸ்கேன் செய்கிறது."},{"$i":"empty-text","$v":"மியூசிக் லைப்ரரி காலியாக உள்ளது. தொடங்க பாடல்களை சேர்க்கவும்."},{"$i":"pick-empty-text","$v":"மியூசிக் எதுவும் கிடைக்கவில்லை."},{"$i":"scanning-text","$v":"மியூசிக்காக ஸ்கேன் செய்கிறது..."},{"$i":"nocard-text","$v":"மெமரி கார்டு கிடைக்கவில்லை. தொடங்க, மெமரி கார்டைச் செருகவும்."},{"$i":"pluggedin-text","$v":"ஸ்டோரேஜ் தற்போது பயனில் உள்ளது. இந்த ஆப்-ஐ  பயன்படுத்த தயவுசெய்து ஃபோன்-ஐ அன்பிளக் செய்யவும்."},{"$i":"upgrade-text","$v":"இசை, அதன் டேட்டாபேஸ்-ஐ மேம்படுத்தும் வரை தயவுசெய்து காத்திருக்கவும்."},{"$i":"full-text","$v":"கூடுதல் இடத்தை பெற மீடியா ஃபைல்கள் அல்லது அப்ளிகேஷன் டேட்டாவை நீக்கவும். மீடியா சேமிப்பிடத்தை விரிவாக்க எஸ்.டி கார்டையும் நீங்கள் செருகலாம்."},{"$i":"full-text-sdcard","$v":"கூடுதல் இடத்தை பெற எஸ்.டி கார்டில் ஃபைல்களை நீக்கவும்."},{"$i":"search-music","placeholder":"தேடு"},{"$i":"search-cancel","$v":"ரத்து செய்க"},{"$i":"search-artists","$v":"கலைஞர்கள்"},{"$i":"search-albums","$v":"ஆல்பங்கள்"},{"$i":"search-titles","$v":"ட்ராக்கள்"},{"$i":"search-close","$v":"மூடு"},{"$i":"search-no-result","$v":"டிராக்குகள் எதுவும் கிடைக்கவில்லை, வேறு கீவோர்டுடன் தேட முயற்சிக்கவும்."},{"$i":"artists-search-no-result","$v":"ஆர்டிஸ்ட்கள் யாரும் கிடைக்கவில்லை, வேறு கீவோர்டுடன் தேட முயற்சிக்கவும்."},{"$i":"albums-search-no-result","$v":"ஆல்பங்கள் எதுவும் கிடைக்கவில்லை, வேறு கீவோர்டுடன் தேட முயற்சிக்கவும்."},{"$i":"playlists-shuffle-all","$v":"எல்லாவற்றையும் ஷஃபிள் செய்க"},{"$i":"playlists-recently-added","$v":"சமீபத்தில் சேர்க்கப்பட்டவை"},{"$i":"playlists-most-played","$v":"அதிகம் இயக்கியவை"},{"$i":"playlists-discover","$v":"கண்டுபிடிக்கவும்"},{"$i":"playlists-my-playlists","$v":"எனது பிளேலிஸ்ட்கள்"},{"$i":"playlists-create-playlists","$v":"புதிய பிளேலிஸ்ட்"},{"$i":"playlists-choose-playlists","$v":"இசைப்பட்டியல்கள்"},{"$i":"no-my-playlists","$v":"நீங்கள் இதுவரை பிளேலிஸ்ட்கள் எதையும் உருவாக்கவில்லை."},{"$i":"no-songs-added","$v":"இந்த பிளேலிஸ்ட்டில் நீங்கள் பாடல்கள் எதையும் சேர்க்கவில்லை."},{"$i":"no-played-songs","$v":"இன்னும் எந்த பாடல்களையும் நீங்கள் ப்ளே செய்யவில்லை."},{"$i":"no-recently-added","$v":"சமீபத்தில் புதிய பாடல்கள் எதுவும் சேர்க்கப்படவில்லை."},{"$i":"playlists-highest-rated","$v":"அதிகம் ரேட் செய்யப்பட்டது"},{"$i":"picker-title","$v":"ஒரு ட்ராக்கைத் தேர்ந்தெடு"},{"$i":"save","$v":"சேமி"},{"$i":"saved","$v":"இசை லைப்ரரி-இல் சேமிக்கப்பட்டது."},{"$i":"audioinvalid","$v":"இந்தக் கோப்பு வடிவமைப்பு செல்லுபடியாகவில்லை அல்லது ஆதரிக்கப்படவில்லை."},{"$i":"overlay-cancel-button","$v":"ரத்து செய்க"},{"$i":"music-paused-notification","$v":"கால்-இன் போது இசை இடைநிறுத்தப்படும்"},{"$i":"done","$v":"முடிந்தது"},{"$i":"share-song","ariaLabel":"பகிர்"},{"$i":"player-album-rating","ariaLabel":"ரேட்ங்"},{"$i":"rating-star","ariaLabel":{"$x":[{"t":"idOrVar","v":"plural"},"n"],"$v":{"few":[{"t":"idOrVar","v":"n"}," ஸ்டார்கள்"],"many":[{"t":"idOrVar","v":"n"}," ஸ்டார்கள்"],"one":[{"t":"idOrVar","v":"n"}," ஸ்டார்"],"other":[{"t":"idOrVar","v":"n"}," ஸ்டார்கள்"],"two":[{"t":"idOrVar","v":"n"}," ஸ்டார்கள்"],"zero":[{"t":"idOrVar","v":"n"}," ஸ்டார்கள்"]}}},{"$i":"go-to-player-view","ariaLabel":"பிளேயர் வியூ-க்கு செல்க"},{"$i":"repeat-off","ariaLabel":"இதிலிருந்து ரெக்கார்ட் செய்க"},{"$i":"repeat-list","ariaLabel":"அனைத்தையும் மீண்டும் செய்க"},{"$i":"repeat-song","ariaLabel":"ட்ராக்கை மீண்டும் செய்க"},{"$i":"shuffle-toggle","ariaLabel":"ஷஃபிள்"},{"$i":"mix-tab","ariaLabel":"மிக்ஸ்"},{"$i":"playlists-tab","ariaLabel":"இசைப்பட்டியல்கள்"},{"$i":"artists-tab","ariaLabel":"கலைஞர்கள்"},{"$i":"albums-tab","ariaLabel":"ஆல்பங்கள்"},{"$i":"songs-tab","ariaLabel":"பாடல்கள்"},{"$i":"check","$v":"தேர்ந்தெடு"},{"$i":"remove-track","$v":"ட்ராக்கை நீக்கு"},{"$i":"remove-tracks","$v":"ட்ராக்குகளை நீக்கு"},{"$i":"cancel","$v":"ரத்து செய்க"},{"$i":"delete","$v":"நீக்கு"},{"$i":"song-num-checked","$v":{"few":[{"t":"idOrVar","v":"n"}," தேர்ந்தெடுக்கப்பட்டது"],"many":[{"t":"idOrVar","v":"n"}," தேர்ந்தெடுக்கப்பட்டது"],"one":[{"t":"idOrVar","v":"n"}," தேர்ந்தெடுக்கப்பட்டது"],"other":[{"t":"idOrVar","v":"n"}," தேர்ந்தெடுக்கப்பட்டது"],"two":[{"t":"idOrVar","v":"n"}," தேர்ந்தெடுக்கப்பட்டது"],"zero":"0 தேர்ந்தெடுக்கப்பட்டது"},"$x":[{"t":"idOrVar","v":"plural"},"n"]},{"$i":"delete-playlist-songs","$v":{"few":["பிளேலிஸ்ட்டில் இருந்து ",{"t":"idOrVar","v":"n"}," ட்ராக்குகளை நீக்கவா?"],"many":["பிளேலிஸ்ட்டில் இருந்து ",{"t":"idOrVar","v":"n"}," ட்ராக்குகளை நீக்கவா?"],"one":"பிளேலிஸ்ட்டில் இருந்து தேர்ந்தெடுத்த ட்ராக்கை நீக்கவா?","other":["பிளேலிஸ்ட்டில் இருந்து ",{"t":"idOrVar","v":"n"}," ட்ராக்குகளை நீக்கவா?"],"two":["பிளேலிஸ்ட்டில் இருந்து ",{"t":"idOrVar","v":"n"}," ட்ராக்குகளை நீக்கவா?"],"zero":"ஒன்றும் தேர்வுசெய்யப்படவில்லை"},"$x":[{"t":"idOrVar","v":"plural"},"n"]},{"$i":"delete-playlist-hint","$v":{"few":["பிளேலிஸ்டிலிருந்து ",{"t":"idOrVar","v":"n"}," ட்ராக் நீக்கப்பட்டது"],"many":["பிளேலிஸ்டிலிருந்து ",{"t":"idOrVar","v":"n"}," ட்ராக் நீக்கப்பட்டது"],"one":"பிளேலிஸ்டிலிருந்து ட்ராக் நீக்கப்பட்டது","other":["பிளேலிஸ்டிலிருந்து ",{"t":"idOrVar","v":"n"}," ட்ராக் நீக்கப்பட்டது"],"two":["பிளேலிஸ்டிலிருந்து ",{"t":"idOrVar","v":"n"}," ட்ராக் நீக்கப்பட்டது"],"zero":"ஒன்றும் நீக்கப்படவில்லை"},"$x":[{"t":"idOrVar","v":"plural"},"n"]},{"$i":"delete-playlist","$v":"பிளேலிஸ்ட்டை நீக்கவா?"},{"$i":"delete-album-songs","$v":{"few":[{"t":"idOrVar","v":"n"}," ட்ராக்குகளை நீக்கவா?"],"many":[{"t":"idOrVar","v":"n"}," ட்ராக்குகளை நீக்கவா?"],"one":"தேர்ந்தெடுத்த ட்ராக்கை நீக்கவா?","other":[{"t":"idOrVar","v":"n"}," ட்ராக்குகளை நீக்கவா?"],"two":[{"t":"idOrVar","v":"n"}," ட்ராக்குகளை நீக்கவா?"],"zero":"ஒன்றும் தேர்வுசெய்யப்படவில்லை"},"$x":[{"t":"idOrVar","v":"plural"},"n"]},{"$i":"delete-album-songs-hint","$v":{"few":[{"t":"idOrVar","v":"n"}," ட்ராக் நீக்கப்பட்டது"],"many":[{"t":"idOrVar","v":"n"}," ட்ராக் நீக்கப்பட்டது"],"one":"ட்ராக் நீக்கப்பட்டது","other":[{"t":"idOrVar","v":"n"}," ட்ராக் நீக்கப்பட்டது"],"two":[{"t":"idOrVar","v":"n"}," ட்ராக் நீக்கப்பட்டது"],"zero":"ஒன்றும் நீக்கப்படவில்லை"},"$x":[{"t":"idOrVar","v":"plural"},"n"]},{"$i":"add-to-playlist-song-hint","$v":"இதில் ட்ராக் சேர்க்கப்பட்டது"},{"$i":"add-to-playlist-songs-hint","$v":"இதில் ட்ராக்குகள் சேர்க்கப்பட்டன"},{"$i":"library","$v":"லைப்ரரி"},{"$i":"rate","$v":"ரேட்"},{"$i":"gridview","$v":"கிரிட் வியூ"},{"$i":"confirmation-title","$v":"உறுதிப்படுத்துதல்"},{"$i":"options","$v":"விருப்பங்கள்"},{"$i":"opt-player","$v":"பிளேயர்"},{"$i":"opt-delete","$v":"நீக்கு"},{"$i":"opt-mulselect","$v":"ஒன்றுக்கு மேற்பட்டதை தேர்ந்தெடு"},{"$i":"opt-selectall","$v":"எல்லாம்"},{"$i":"opt-deselectall","$v":"எதுவுமில்லை"},{"$i":"opt-cancel","$v":"ரத்து செய்க"},{"$i":"opt-library","$v":"லைப்ரரி"},{"$i":"opt-shuffleall","$v":"எல்லாவற்றையும் ஷஃபிள் செய்க"},{"$i":"opt-repeatall","$v":"அனைத்தையும் மீண்டும் செய்க"},{"$i":"opt-back","$v":"பின் செல்"},{"$i":"opt-done","$v":"முடிந்தது"},{"$i":"opt-ok","$v":"சரி"},{"$i":"opt-play","$v":"இயக்கு"},{"$i":"opt-pause","$v":"இடைநிறுத்து"},{"$i":"opt-setring","$v":"ரிங்டோனாக சேமி"},{"$i":"opt-shuffleoff","$v":"ஷஃபிள் ஆஃப்"},{"$i":"opt-shuffleon","$v":"ஷஃபிள் ஆன்"},{"$i":"opt-repeatoff","$v":"இதிலிருந்து ரெக்கார்ட் செய்க"},{"$i":"opt-repeatone","$v":"ஒன்றை மீண்டும் செய்க"},{"$i":"opt-share","$v":"பகிர்"},{"$i":"opt-volume","$v":"வால்யூம்"},{"$i":"opt-createplaylist","$v":"பிளேலிஸ்ட்டை உருவாக்கு"},{"$i":"opt-addsongs","$v":"பாடல்களைச் சேர்"},{"$i":"opt-rename","$v":"மறுபெயரிடு"},{"$i":"opt-removesongs","$v":"பாடல்களை அகற்று"},{"$i":"opt-addtoplaylist","$v":"பிளேலிஸ்ட்டில் சேர்"},{"$i":"opt-create","$v":"உருவாக்கு"},{"$i":"opt-settings","$v":"செட்டிங்ஸ்"},{"$i":"byteUnit-B","$v":"பைட்"},{"$i":"byteUnit-KB","$v":"KB"},{"$i":"byteUnit-MB","$v":"MB"},{"$i":"byteUnit-GB","$v":"GB"},{"$i":"byteUnit-TB","$v":"TB"},{"$i":"byteUnit-PB","$v":"PB"},{"$i":"byteUnit-EB","$v":"EB"},{"$i":"byteUnit-ZB","$v":"ZB"},{"$i":"byteUnit-YB","$v":"YB"},{"$i":"opt-fileinfo","$v":"ஃபைல் தகவல்"},{"$i":"info-view","ariaLabel":"தகவல்"},{"$i":"name-label","$v":"பெயர்"},{"$i":"size-label","$v":"அளவு"},{"$i":"music-type-label","$v":"இசை வகை"},{"$i":"playlists-least-played","$v":"குறைவாக இயக்கியவை"},{"$i":"playlists-loading","$v":"லோடிங்..."},{"$i":"select","$v":"தேர்ந்தெடு"},{"$i":"deselect","$v":"தேர்வுநீக்கு"},{"$i":"ok","$v":"சரி"},{"$i":"new","$v":"புதிய"},{"$i":"next","$v":"அடுத்த"},{"$i":"rename","$v":"மறுபெயரிடு"},{"$i":"remove","$v":"அகற்று"},{"$i":"add","$v":"சேர்க்கவும்"},{"$i":"all","$v":"எல்லாம்"},{"$i":"none","$v":"எதுவுமில்லை"}]