[{"$i":"music","$v":"เพลง"},{"$i":"mix","$v":"ผสม"},{"$i":"playlists","$v":"เพลย์ลิสต์"},{"$i":"artists","$v":"ศิลปิน"},{"$i":"albums","$v":"อัลบั้ม"},{"$i":"songs","$v":"เพลง"},{"$i":"more","$v":"เพิ่มเติม"},{"$i":"songName","$v":"ชื่อเพลง"},{"$i":"songArtist","$v":"ศิลปิน"},{"$i":"songAlbum","$v":"อัลบั้มเพลง"},{"$i":"unknownArtist","$v":"ไม่ทราบศิลปิน"},{"$i":"unknownAlbum","$v":"ไม่ทราบอัลบั้ม"},{"$i":"unknownTitle","$v":"ชื่อที่ไม่รู้จัก"},{"$i":"storageFullTitle","$v":"พื้นที่เก็บในโทรศัพท์เต็ม"},{"$i":"sdcardFullTitle","$v":"การ์ด SD เต็ม"},{"$i":"storage-not-ready","$v":"การสแกนหาเพลง"},{"$i":"empty-text","$v":"ไลบรารี่เพลงว่างเปล่า เพิ่มเพลงเพื่อเริ่มใช้งาน"},{"$i":"pick-empty-text","$v":"ไม่มีเพลง"},{"$i":"scanning-text","$v":"กำลังสแกนเพลง..."},{"$i":"nocard-text","$v":"ไม่พบการ์ดหน่วยความจำ ใส่การ์ดหน่วยความจำเพื่อเริ่มต้น"},{"$i":"pluggedin-text","$v":"ที่เก็บข้อมูลถูกใช้งานอยู่ในขณะนี้ โปรดถอดโทรศัพท์ออกเพื่อใช้แอปนี้"},{"$i":"upgrade-text","$v":"โปรดรอขณะเพลงกำลังอัปเดตฐานข้อมูล"},{"$i":"full-text","$v":"เพิ่มพื้นที่ว่างด้วยการลบไฟล์สื่อหรือข้อมูลแอปพลิเคชัน นอกจากนี้ คุณสามารถใส่การ์ด SD เพื่อขยายพื้นที่สื่อ"},{"$i":"full-text-sdcard","$v":"เพิ่มพื้นที่ว่างด้วยการลบไฟล์ในการ์ด SD"},{"$i":"search-music","placeholder":"ค้นหา"},{"$i":"search-cancel","$v":"ยกเลิก"},{"$i":"search-artists","$v":"ศิลปิน"},{"$i":"search-albums","$v":"อัลบั้ม"},{"$i":"search-titles","$v":"แทร็ก"},{"$i":"search-close","$v":"ปิด"},{"$i":"search-no-result","$v":"ไม่พบแทร็ค ลองค้นหาด้วยคำสำคัญอื่น"},{"$i":"artists-search-no-result","$v":"ไม่พบศิลปิน ลองค้นหาด้วยคำสำคัญอื่น"},{"$i":"albums-search-no-result","$v":"ไม่พบอัลบั้ม ลองค้นหาด้วยคำสำคัญอื่น"},{"$i":"playlists-shuffle-all","$v":"สุ่มเพลงทั้งหมด"},{"$i":"playlists-recently-added","$v":"เพิ่งเพิ่ม"},{"$i":"playlists-most-played","$v":"เล่นบ่อยที่สุด"},{"$i":"playlists-discover","$v":"ค้นพบ"},{"$i":"playlists-my-playlists","$v":"เพลย์ลิสต์ของฉัน"},{"$i":"playlists-create-playlists","$v":"เพลย์ลิสต์ใหม่"},{"$i":"playlists-choose-playlists","$v":"เพลย์ลิสต์"},{"$i":"no-my-playlists","$v":"คุณยังไม่ได้สร้างเพลย์ลิสต์นี้"},{"$i":"no-songs-added","$v":"คุณยังไม่ได้เพิ่มเพลงเข้าไปในเพลย์ลิสต์นี้"},{"$i":"no-played-songs","$v":"คุณยังไม่ได้เล่นเพลงใดๆ"},{"$i":"no-recently-added","$v":"ไม่มีเพลงที่ถูกเพิ่มเร็วๆ นี้"},{"$i":"playlists-highest-rated","$v":"คะแนนสูงสุด"},{"$i":"picker-title","$v":"เลือกแทร็ก"},{"$i":"save","$v":"บันทึก"},{"$i":"saved","$v":"บันทึกไปยังไลบรารีเพลงแล้ว"},{"$i":"audioinvalid","$v":"สกุลไฟล์นี้ไม่ถูกต้องหรือไม่รองรับ"},{"$i":"overlay-cancel-button","$v":"ยกเลิก"},{"$i":"music-paused-notification","$v":"เพลงถูกหยุดชั่วคราวเนื่องจากมีการโทร"},{"$i":"done","$v":"เสร็จสิ้น"},{"$i":"share-song","ariaLabel":"แชร์"},{"$i":"player-album-rating","ariaLabel":"คะแนน"},{"$i":"rating-star","ariaLabel":{"$x":[{"t":"idOrVar","v":"plural"},"n"],"$v":{"few":[{"t":"idOrVar","v":"n"}," ดาว"],"many":[{"t":"idOrVar","v":"n"}," ดาว"],"one":[{"t":"idOrVar","v":"n"}," ดาว"],"other":[{"t":"idOrVar","v":"n"}," ดาว"],"two":[{"t":"idOrVar","v":"n"}," ดาว"],"zero":[{"t":"idOrVar","v":"n"}," ดาว"]}}},{"$i":"go-to-player-view","ariaLabel":"ไปที่มุมมองเครื่องเล่น"},{"$i":"repeat-off","ariaLabel":"ปิดการเล่นซ้ำ"},{"$i":"repeat-list","ariaLabel":"เล่นซ้ำทั้งหมด"},{"$i":"repeat-song","ariaLabel":"เล่นซ้ำแทร็ก"},{"$i":"shuffle-toggle","ariaLabel":"สุ่ม"},{"$i":"mix-tab","ariaLabel":"ผสม"},{"$i":"playlists-tab","ariaLabel":"เพลย์ลิสต์"},{"$i":"artists-tab","ariaLabel":"ศิลปิน"},{"$i":"albums-tab","ariaLabel":"อัลบั้ม"},{"$i":"songs-tab","ariaLabel":"เพลง"},{"$i":"check","$v":"เลือก"},{"$i":"remove-track","$v":"ลบแทร็ก"},{"$i":"remove-tracks","$v":"ลบแทร็ก"},{"$i":"cancel","$v":"ยกเลิก"},{"$i":"delete","$v":"ลบ"},{"$i":"song-num-checked","$v":{"few":["เลือก ",{"t":"idOrVar","v":"n"}," รายการ"],"many":["เลือก ",{"t":"idOrVar","v":"n"}," รายการ"],"one":["เลือก ",{"t":"idOrVar","v":"n"}," รายการ"],"other":["เลือก ",{"t":"idOrVar","v":"n"}," รายการ"],"two":["เลือก ",{"t":"idOrVar","v":"n"}," รายการ"],"zero":"เลือก 0 รายการ"},"$x":[{"t":"idOrVar","v":"plural"},"n"]},{"$i":"delete-playlist-songs","$v":{"few":["ลบแทร็ก ",{"t":"idOrVar","v":"n"}," รายการจากเพลย์ลิสต์หรือไม่"],"many":["ลบแทร็ก ",{"t":"idOrVar","v":"n"}," รายการจากเพลย์ลิสต์หรือไม่"],"one":"ลบแทร็กที่เลือกจากเพลย์ลิสต์หรือไม่","other":["ลบแทร็ก ",{"t":"idOrVar","v":"n"}," รายการจากเพลย์ลิสต์หรือไม่"],"two":["ลบแทร็ก ",{"t":"idOrVar","v":"n"}," รายการจากเพลย์ลิสต์หรือไม่"],"zero":"ไม่ได้เลือก"},"$x":[{"t":"idOrVar","v":"plural"},"n"]},{"$i":"delete-playlist-hint","$v":{"few":["แทร็ก ",{"t":"idOrVar","v":"n"}," รายการถูกลบออกจากเพลย์ลิสต์"],"many":["แทร็ก ",{"t":"idOrVar","v":"n"}," รายการถูกลบออกจากเพลย์ลิสต์"],"one":"แทร็กถูกลบออกจากเพลย์ลิสต์","other":["แทร็ก ",{"t":"idOrVar","v":"n"}," รายการถูกลบออกจากเพลย์ลิสต์"],"two":["แทร็ก ",{"t":"idOrVar","v":"n"}," รายการถูกลบออกจากเพลย์ลิสต์"],"zero":"ไม่มีรายการที่ถูกลบ"},"$x":[{"t":"idOrVar","v":"plural"},"n"]},{"$i":"delete-playlist","$v":"ลบเพลย์ลิสต์หรือไม่?"},{"$i":"delete-album-songs","$v":{"few":["ลบแทร็ก ",{"t":"idOrVar","v":"n"}," รายการหรือไม่"],"many":["ลบแทร็ก ",{"t":"idOrVar","v":"n"}," รายการหรือไม่"],"one":"ลบแทร็กที่เลือกหรือไม่","other":["ลบแทร็ก ",{"t":"idOrVar","v":"n"}," รายการหรือไม่"],"two":["ลบแทร็ก ",{"t":"idOrVar","v":"n"}," รายการหรือไม่"],"zero":"ไม่ได้เลือก"},"$x":[{"t":"idOrVar","v":"plural"},"n"]},{"$i":"delete-album-songs-hint","$v":{"few":["ลบแทร็ก ",{"t":"idOrVar","v":"n"}," รายการแล้ว"],"many":["ลบแทร็ก ",{"t":"idOrVar","v":"n"}," รายการแล้ว"],"one":"ลบแทร็กแล้ว","other":["ลบแทร็ก ",{"t":"idOrVar","v":"n"}," รายการแล้ว"],"two":["ลบแทร็ก ",{"t":"idOrVar","v":"n"}," รายการแล้ว"],"zero":"ไม่มีรายการที่ถูกลบ"},"$x":[{"t":"idOrVar","v":"plural"},"n"]},{"$i":"add-to-playlist-song-hint","$v":"เพิ่มเพลงลงใน"},{"$i":"add-to-playlist-songs-hint","$v":"เพิ่มเพลงลงใน"},{"$i":"library","$v":"ไลบรารี"},{"$i":"rate","$v":"ให้คะแนน"},{"$i":"gridview","$v":"มุมมองตาราง"},{"$i":"confirmation-title","$v":"การยืนยัน"},{"$i":"options","$v":"ตัวเลือก"},{"$i":"opt-player","$v":"ผู้เล่น"},{"$i":"opt-delete","$v":"ลบ"},{"$i":"opt-mulselect","$v":"เลือกหลายรายการ"},{"$i":"opt-selectall","$v":"ทั้งหมด"},{"$i":"opt-deselectall","$v":"ไม่มี"},{"$i":"opt-cancel","$v":"ยกเลิก"},{"$i":"opt-library","$v":"ไลบรารี"},{"$i":"opt-shuffleall","$v":"สุ่มเพลงทั้งหมด"},{"$i":"opt-repeatall","$v":"เล่นซ้ำทั้งหมด"},{"$i":"opt-back","$v":"ย้อนกลับ"},{"$i":"opt-done","$v":"เสร็จสิ้น"},{"$i":"opt-ok","$v":"ตกลง"},{"$i":"opt-play","$v":"เล่น"},{"$i":"opt-pause","$v":"หยุดชั่วคราว"},{"$i":"opt-setring","$v":"บันทึกเป็นเสียงสายเรียกเข้า"},{"$i":"opt-shuffleoff","$v":"ปิดการสลับ"},{"$i":"opt-shuffleon","$v":"เปิดการสลับ"},{"$i":"opt-repeatoff","$v":"ปิดการเล่นซ้ำ"},{"$i":"opt-repeatone","$v":"ทำซ้ำหนึ่งครั้ง"},{"$i":"opt-share","$v":"แชร์"},{"$i":"opt-volume","$v":"ระดับเสียง"},{"$i":"opt-createplaylist","$v":"สร้างเพลย์ลิสต์"},{"$i":"opt-addsongs","$v":"เพิ่มเพลง"},{"$i":"opt-rename","$v":"เปลี่ยนชื่อ"},{"$i":"opt-removesongs","$v":"ลบเพลง"},{"$i":"opt-addtoplaylist","$v":"เพิ่มในรายการเพลง"},{"$i":"opt-create","$v":"สร้าง"},{"$i":"opt-settings","$v":"การตั้งค่า"},{"$i":"byteUnit-B","$v":"ไบต์"},{"$i":"byteUnit-KB","$v":"KB"},{"$i":"byteUnit-MB","$v":"MB"},{"$i":"byteUnit-GB","$v":"GB"},{"$i":"byteUnit-TB","$v":"TB"},{"$i":"byteUnit-PB","$v":"PB"},{"$i":"byteUnit-EB","$v":"EB"},{"$i":"byteUnit-ZB","$v":"ZB"},{"$i":"byteUnit-YB","$v":"YB"},{"$i":"opt-fileinfo","$v":"ข้อมูลไฟล์"},{"$i":"info-view","ariaLabel":"ข้อมูล"},{"$i":"name-label","$v":"ชื่อ"},{"$i":"size-label","$v":"ขนาด"},{"$i":"music-type-label","$v":"ประเภทเพลง"},{"$i":"playlists-least-played","$v":"เล่นน้อยครั้งที่สุด"},{"$i":"playlists-loading","$v":"กำลังโหลด..."},{"$i":"select","$v":"เลือก"},{"$i":"deselect","$v":"ยกเลิกการเลือก"},{"$i":"ok","$v":"ตกลง"},{"$i":"new","$v":"ใหม่"},{"$i":"next","$v":"ถัดไป"},{"$i":"rename","$v":"เปลี่ยนชื่อ"},{"$i":"remove","$v":"ลบ"},{"$i":"add","$v":"เพิ่ม"},{"$i":"all","$v":"ทั้งหมด"},{"$i":"none","$v":"ไม่มี"}]