[{"$i":"music","$v":"میوزک"},{"$i":"mix","$v":"مکس"},{"$i":"playlists","$v":"پلے فہرست"},{"$i":"artists","$v":"فنکاران"},{"$i":"albums","$v":"البمز"},{"$i":"songs","$v":"گانوں کے مطابق"},{"$i":"more","$v":"مزید"},{"$i":"songName","$v":"گانے کا نام"},{"$i":"songArtist","$v":"گانے کا فنکار"},{"$i":"songAlbum","$v":"گانے کا البم"},{"$i":"unknownArtist","$v":"نامعلوم فنکار"},{"$i":"unknownAlbum","$v":"نامعلوم البم"},{"$i":"unknownTitle","$v":"نامعلوم عنوان"},{"$i":"storageFullTitle","$v":"فون اسٹوریج مکمل"},{"$i":"sdcardFullTitle","$v":"ایس۔ڈی کارڈ بھر ہوا ہے"},{"$i":"storage-not-ready","$v":"میوزک کے لئے اسکیننگ۔"},{"$i":"empty-text","$v":"موسیقی کی لائبراری خالی ہے۔ شروع کرنے کے لئے گانے شامل کریں۔"},{"$i":"pick-empty-text","$v":"کوئی میوزک دستیاب نہیں ہے۔"},{"$i":"scanning-text","$v":"میوزک کیلئے اسکین کیا جا رہا ہے..."},{"$i":"nocard-text","$v":"میموری کارڈ نہیں ملا ہے۔ شروع کرنے کیلئے میوری کارڈ داخل کریں۔"},{"$i":"pluggedin-text","$v":"اسٹوریج فی الحال زیر استعمال ہے۔ براہ کرم اس ایپ کو استعمال کرنے کیلئے فون کو ان پلگ کریں۔"},{"$i":"upgrade-text","$v":"براہ کرم میوزک کے اپنے ڈیٹا بیس اپ ڈیٹ کرنے تک انتظار کریں۔"},{"$i":"full-text","$v":"جگہ خالی کرنے کے لئے میڈیا فائلوں یا ایپلیکیشن ڈیٹا کو حذف کریں۔ میڈیا اسٹوریج کو بڑھانے کے لئے آپ ایک ایس۔ڈی کارڈ بھی داخل کر سکتے ہیں۔"},{"$i":"full-text-sdcard","$v":"جگہ خالی کرنے کے لئے ایس۔ڈی کارڈ میں موجود فائلوں کو حذف کریں۔"},{"$i":"search-music","placeholder":"تلاش"},{"$i":"search-cancel","$v":"منسوخ کریں"},{"$i":"search-artists","$v":"فنکاران"},{"$i":"search-albums","$v":"البمز"},{"$i":"search-titles","$v":"ٹریکس"},{"$i":"search-close","$v":"بند کریں"},{"$i":"search-no-result","$v":"کوئی ٹریکس نہیں پائے گئے، ایک مختلف لفظ کے ساتھ تلاش کی کوشش کریں۔"},{"$i":"artists-search-no-result","$v":"کوئی فن کار نہیں پایا گیا، ایک مختلف لفظ کے ساتھ تلاش کی کوشش کریں۔"},{"$i":"albums-search-no-result","$v":"کوئی ایلبم نہیں پایا گیا، ایک مختلف لفظ کے ساتھ تلاش کی کوشش کریں۔"},{"$i":"playlists-shuffle-all","$v":"تمام کو شفل کریں"},{"$i":"playlists-recently-added","$v":"حالیہ شامل کردہ"},{"$i":"playlists-most-played","$v":"زیادہ پلے کردہ"},{"$i":"playlists-discover","$v":"دریافت کریں"},{"$i":"playlists-my-playlists","$v":"میرا پلے لسٹ"},{"$i":"playlists-create-playlists","$v":"نیا پلے لسٹ"},{"$i":"playlists-choose-playlists","$v":"پلے فہرست"},{"$i":"no-my-playlists","$v":"آپ نے ابھی تک کوئی پلے لسٹ تکمیل نہیں کیا ہے۔"},{"$i":"no-songs-added","$v":"آپ نے پلے لسٹ میں کوئی گانے شامل نہیں کیے ہے۔"},{"$i":"no-played-songs","$v":"آپ نے ابھی تک کوئی گانے پلے نہیں کئے ہیں"},{"$i":"no-recently-added","$v":"حالیہ طور پر کوئی نئے گانے شامل نہیں کئے گئے"},{"$i":"playlists-highest-rated","$v":"اعلی ترین درجہ بند"},{"$i":"picker-title","$v":"ٹریک منتخب کریں"},{"$i":"save","$v":"محفوظ کریں"},{"$i":"saved","$v":"میوزک گیلری پر محفوظ کردیا گیا۔"},{"$i":"audioinvalid","$v":"یہ فائل فارمیٹ غلط یا سپورٹ نہیں کرتا ہے۔"},{"$i":"overlay-cancel-button","$v":"منسوخ کریں"},{"$i":"music-paused-notification","$v":"کال کے دوران میوزک موقوف ہوگئی"},{"$i":"done","$v":"ہو گیا"},{"$i":"share-song","ariaLabel":"اشتراک کریں"},{"$i":"player-album-rating","ariaLabel":"درجہ بندی"},{"$i":"rating-star","ariaLabel":{"$x":[{"t":"idOrVar","v":"plural"},"n"],"$v":{"few":[{"t":"idOrVar","v":"n"}," اسٹارز"],"many":[{"t":"idOrVar","v":"n"}," اسٹارز"],"one":[{"t":"idOrVar","v":"n"}," اسٹار"],"other":[{"t":"idOrVar","v":"n"}," اسٹارز"],"two":[{"t":"idOrVar","v":"n"}," اسٹارز"],"zero":[{"t":"idOrVar","v":"n"}," اسٹارز"]}}},{"$i":"go-to-player-view","ariaLabel":"پریئر منظر پر جائیں"},{"$i":"repeat-off","ariaLabel":"دوہرانا آف"},{"$i":"repeat-list","ariaLabel":"سبھی کو دہرائیں"},{"$i":"repeat-song","ariaLabel":"ٹریک دوہرائيں"},{"$i":"shuffle-toggle","ariaLabel":"شفل"},{"$i":"mix-tab","ariaLabel":"مکس"},{"$i":"playlists-tab","ariaLabel":"پلے فہرست"},{"$i":"artists-tab","ariaLabel":"فنکاران"},{"$i":"albums-tab","ariaLabel":"البمز"},{"$i":"songs-tab","ariaLabel":"گانوں کے مطابق"},{"$i":"check","$v":"منتخب کریں"},{"$i":"remove-track","$v":"ٹریک حذف کریں"},{"$i":"remove-tracks","$v":"ٹریکس حذف کریں"},{"$i":"cancel","$v":"منسوخ کریں"},{"$i":"delete","$v":"حذف کریں"},{"$i":"song-num-checked","$v":{"few":[{"t":"idOrVar","v":"n"}," منتخب شدہ"],"many":[{"t":"idOrVar","v":"n"}," منتخب شدہ"],"one":[{"t":"idOrVar","v":"n"}," منتخب شدہ"],"other":[{"t":"idOrVar","v":"n"}," منتخب شدہ"],"two":[{"t":"idOrVar","v":"n"}," منتخب شدہ"],"zero":"0 منتخب شدہ"},"$x":[{"t":"idOrVar","v":"plural"},"n"]},{"$i":"delete-playlist-songs","$v":{"few":["پلے لسٹ سے ",{"t":"idOrVar","v":"n"}," ٹریکس حذف کریں؟"],"many":["پلے لسٹ سے ",{"t":"idOrVar","v":"n"}," ٹریکس حذف کریں؟"],"one":"پلے لسٹ سے منتخہ ٹریک حذف کریں؟","other":["پلے لسٹ سے ",{"t":"idOrVar","v":"n"}," ٹریکس حذف کریں؟"],"two":["پلے لسٹ سے ",{"t":"idOrVar","v":"n"}," ٹریکس حذف کریں؟"],"zero":"منتخب کچھ بھی نہیں"},"$x":[{"t":"idOrVar","v":"plural"},"n"]},{"$i":"delete-playlist-hint","$v":{"few":["پلے فہرست سے ",{"t":"idOrVar","v":"n"}," ٹریک حذف کردی گئی"],"many":["پلے فہرست سے ",{"t":"idOrVar","v":"n"}," ٹریک حذف کردی گئی"],"one":"پلے فہرست سے ٹریک حذف کردی گئی","other":["پلے فہرست سے ",{"t":"idOrVar","v":"n"}," ٹریک حذف کردی گئی"],"two":["پلے فہرست سے ",{"t":"idOrVar","v":"n"}," ٹریک حذف کردی گئی"],"zero":"کچھ بھی حذف نہیں کیا گیا"},"$x":[{"t":"idOrVar","v":"plural"},"n"]},{"$i":"delete-playlist","$v":"پلے لسٹ حذف کریں؟"},{"$i":"delete-album-songs","$v":{"few":[{"t":"idOrVar","v":"n"}," ٹریکس حذف کریں؟"],"many":[{"t":"idOrVar","v":"n"}," ٹریکس حذف کریں؟"],"one":"منتخبہ ٹریک کو حذف کریں؟","other":[{"t":"idOrVar","v":"n"}," ٹریکس حذف کریں؟"],"two":[{"t":"idOrVar","v":"n"}," ٹریکس حذف کریں؟"],"zero":"منتخب کچھ بھی نہیں"},"$x":[{"t":"idOrVar","v":"plural"},"n"]},{"$i":"delete-album-songs-hint","$v":{"few":[{"t":"idOrVar","v":"n"}," ٹریک حذف کیے گئے"],"many":[{"t":"idOrVar","v":"n"}," ٹریک حذف کیے گئے"],"one":"ٹریک حذف کردی گئی","other":[{"t":"idOrVar","v":"n"}," ٹریک حذف کیے گئے"],"two":[{"t":"idOrVar","v":"n"}," ٹریک حذف کیے گئے"],"zero":"کچھ بھی حذف نہیں کیا گیا"},"$x":[{"t":"idOrVar","v":"plural"},"n"]},{"$i":"add-to-playlist-song-hint","$v":"ٹریک شامل کیا گیا"},{"$i":"add-to-playlist-songs-hint","$v":"ٹریکس شامل کیے گئے"},{"$i":"library","$v":"لائبریری"},{"$i":"rate","$v":"شرح"},{"$i":"gridview","$v":"جدول کا منظر"},{"$i":"confirmation-title","$v":"توثیق کاری"},{"$i":"options","$v":"اختیارات"},{"$i":"opt-player","$v":"پلیئر"},{"$i":"opt-delete","$v":"حذف کریں"},{"$i":"opt-mulselect","$v":"متعدد منتخب کریں"},{"$i":"opt-selectall","$v":"تمام"},{"$i":"opt-deselectall","$v":"کوئی نہیں"},{"$i":"opt-cancel","$v":"منسوخ کریں"},{"$i":"opt-library","$v":"لائبریری"},{"$i":"opt-shuffleall","$v":"تمام کو شفل کریں"},{"$i":"opt-repeatall","$v":"سبھی کو دہرائیں"},{"$i":"opt-back","$v":"واپس جائیں"},{"$i":"opt-done","$v":"ہو گیا"},{"$i":"opt-ok","$v":"ٹھیک ہے"},{"$i":"opt-play","$v":"چلائیں"},{"$i":"opt-pause","$v":"موقوف کریں"},{"$i":"opt-setring","$v":"رنگ ٹون کے طور پر محفوظ کریں"},{"$i":"opt-shuffleoff","$v":"شفل آف"},{"$i":"opt-shuffleon","$v":"شفل آن"},{"$i":"opt-repeatoff","$v":"دوہرانا آف"},{"$i":"opt-repeatone","$v":"ایک دوہرائيں"},{"$i":"opt-share","$v":"اشتراک کریں"},{"$i":"opt-volume","$v":"والیوم"},{"$i":"opt-createplaylist","$v":"پلے لسٹ تکمیل کریں"},{"$i":"opt-addsongs","$v":"گانے شامل کریں"},{"$i":"opt-rename","$v":"نام تبدیل کریں"},{"$i":"opt-removesongs","$v":"گانے ہٹا دیں"},{"$i":"opt-addtoplaylist","$v":"پلے لسٹ میں شامل کریں"},{"$i":"opt-create","$v":"بنائیں"},{"$i":"opt-settings","$v":"ترتیبات"},{"$i":"byteUnit-B","$v":"بائٹس"},{"$i":"byteUnit-KB","$v":"KB"},{"$i":"byteUnit-MB","$v":"MB"},{"$i":"byteUnit-GB","$v":"GB"},{"$i":"byteUnit-TB","$v":"TB"},{"$i":"byteUnit-PB","$v":"PB"},{"$i":"byteUnit-EB","$v":"EB"},{"$i":"byteUnit-ZB","$v":"ZB"},{"$i":"byteUnit-YB","$v":"YB"},{"$i":"opt-fileinfo","$v":"فائل کی معلومات"},{"$i":"info-view","ariaLabel":"معلومات"},{"$i":"name-label","$v":"نام"},{"$i":"size-label","$v":"سائز"},{"$i":"music-type-label","$v":"میوزک کی قسم"},{"$i":"playlists-least-played","$v":"کم پلے کردہ"},{"$i":"playlists-loading","$v":"لوڈ ہو رہا ہے..."},{"$i":"select","$v":"منتخب کریں"},{"$i":"deselect","$v":"غیر منتخب کریں"},{"$i":"ok","$v":"ٹھیک ہے"},{"$i":"new","$v":"نیا"},{"$i":"next","$v":"اگلا"},{"$i":"rename","$v":"نام تبدیل کریں"},{"$i":"remove","$v":"ہٹائیں"},{"$i":"add","$v":"شامل کریں"},{"$i":"all","$v":"تمام"},{"$i":"none","$v":"کوئی نہیں"}]