[{"$i":"music","$v":"Мусиқа"},{"$i":"mix","$v":"Микс"},{"$i":"playlists","$v":"Плейлист"},{"$i":"artists","$v":"Ижрочилар"},{"$i":"albums","$v":"Албомлар"},{"$i":"songs","$v":"Қўшиқлар"},{"$i":"more","$v":"Яна"},{"$i":"songName","$v":"Қўшиқ номи"},{"$i":"songArtist","$v":"Қўшиқ ижрочиси"},{"$i":"songAlbum","$v":"Қўшиқ албоми"},{"$i":"unknownArtist","$v":"Номаълум ижрочи"},{"$i":"unknownAlbum","$v":"Номаълум албом"},{"$i":"unknownTitle","$v":"Номи номаълум"},{"$i":"storageFullTitle","$v":"Телефон хотираси тўлган."},{"$i":"sdcardFullTitle","$v":"SD карта тўлган."},{"$i":"storage-not-ready","$v":"Musiqa qidirilmoqda"},{"$i":"empty-text","$v":"Мусиқа кутубхонаси бўш. Бошлаш учун қўшиқлар қўшинг."},{"$i":"pick-empty-text","$v":"Хеч qандаы мусиqа мавюд емас."},{"$i":"scanning-text","$v":"Излаш"},{"$i":"nocard-text","$v":"Хотира картаси топилмади. Ишни бошлаш учун хотира картаси солинг."},{"$i":"pluggedin-text","$v":"Хотира банд. Дастурни ишлатиш учун тел-ни узинг."},{"$i":"upgrade-text","$v":"Мусиқа омбори янгиланишини кутинг."},{"$i":"full-text","$v":"Жой бўшатиш учун мултимедиа файллари ёки илова маълумотларини ўчиринг. Қурилма хотирасини кенгайтириш учун SD карта ўрнатишингиз ҳам мумкин."},{"$i":"full-text-sdcard","$v":"Жой бўшатиш учун SD картадаги файлларни ўчиринг."},{"$i":"search-music","placeholder":"Қидирув"},{"$i":"search-cancel","$v":"Бекор"},{"$i":"search-artists","$v":"Ижрочилар"},{"$i":"search-albums","$v":"Албомлар"},{"$i":"search-titles","$v":"Треклар"},{"$i":"search-close","$v":"ёпиш"},{"$i":"search-no-result","$v":"Hech qanday trek topilmadi, boshqa kalit so'z bilan qidirib ko'ring."},{"$i":"artists-search-no-result","$v":"Hech qanday rassom topilmadi, boshqa kalit so'z bilan qidirib ko'ring."},{"$i":"albums-search-no-result","$v":"Albom topilmadi, boshqa kalit so'z bilan qidirib ko'ring."},{"$i":"playlists-shuffle-all","$v":"Ҳаммаси тасодифий"},{"$i":"playlists-recently-added","$v":"Охирги қўшилган"},{"$i":"playlists-most-played","$v":"Кўп ижро қилинган"},{"$i":"playlists-discover","$v":"Кашф этинг"},{"$i":"playlists-my-playlists","$v":"Менинг плеылистларим"},{"$i":"playlists-create-playlists","$v":"Yangi ijro ro'yxati"},{"$i":"playlists-choose-playlists","$v":"Плейлист"},{"$i":"no-my-playlists","$v":"Ҳали плейлист яратмагансиз."},{"$i":"no-songs-added","$v":"Ҳали плейлистга қўшиқ киритмагансиз."},{"$i":"no-played-songs","$v":"Ҳали қўшиқ ижро қилмадингиз."},{"$i":"no-recently-added","$v":"Яқинда қўшиқ қўшилмаган."},{"$i":"playlists-highest-rated","$v":"Энг юқори баҳоланган"},{"$i":"picker-title","$v":"Трек танланг"},{"$i":"save","$v":"Сақлаш"},{"$i":"saved","$v":"мусиқа кутубхонасига сақланди."},{"$i":"audioinvalid","$v":"Ushbu fayl formati noto‘g‘ri yoki qo‘llab-quvvatlanmaydi."},{"$i":"overlay-cancel-button","$v":"Бекор"},{"$i":"music-paused-notification","$v":"Чақирув пайтида мусиқа паузада"},{"$i":"done","$v":"Тайёр"},{"$i":"share-song","ariaLabel":"Баҳам кўриш"},{"$i":"player-album-rating","ariaLabel":"Баҳо"},{"$i":"rating-star","ariaLabel":{"$x":[{"t":"idOrVar","v":"plural"},"n"],"$v":{"few":[{"t":"idOrVar","v":"n"}," юлдуз"],"many":[{"t":"idOrVar","v":"n"}," юлдуз"],"one":[{"t":"idOrVar","v":"n"}," юлдуз"],"other":[{"t":"idOrVar","v":"n"}," юлдуз"],"two":[{"t":"idOrVar","v":"n"}," юлдуз"],"zero":[{"t":"idOrVar","v":"n"}," юлдуз"]}}},{"$i":"go-to-player-view","ariaLabel":"Плеерга ўтиш"},{"$i":"repeat-off","ariaLabel":"Такрорлаш ўчиқ"},{"$i":"repeat-list","ariaLabel":"Ҳаммасини такрорлаш"},{"$i":"repeat-song","ariaLabel":"Трекни такрорлаш"},{"$i":"shuffle-toggle","ariaLabel":"Тасодифий"},{"$i":"mix-tab","ariaLabel":"Микс"},{"$i":"playlists-tab","ariaLabel":"Плейлистлар"},{"$i":"artists-tab","ariaLabel":"Ижрочилар"},{"$i":"albums-tab","ariaLabel":"Албомлар"},{"$i":"songs-tab","ariaLabel":"Қўшиқлар"},{"$i":"check","$v":"Танлаш"},{"$i":"remove-track","$v":"Трекни ўчириш"},{"$i":"remove-tracks","$v":"Трекларни ўчириш"},{"$i":"cancel","$v":"Бекор"},{"$i":"delete","$v":"Ўчириш"},{"$i":"song-num-checked","$v":{"few":[{"t":"idOrVar","v":"n"}," та танланди"],"many":[{"t":"idOrVar","v":"n"}," та танланди"],"one":[{"t":"idOrVar","v":"n"}," та танланди"],"other":[{"t":"idOrVar","v":"n"}," та танланди"],"two":[{"t":"idOrVar","v":"n"}," та танланди"],"zero":"0 та танланди"},"$x":[{"t":"idOrVar","v":"plural"},"n"]},{"$i":"delete-playlist-songs","$v":{"few":[{"t":"idOrVar","v":"n"}," та трек плейлистдан ўчирилсинми?"],"many":[{"t":"idOrVar","v":"n"}," та трек плейлистдан ўчирилсинми?"],"one":"Танланган трек плейлистдан ўчирилсинми?","other":[{"t":"idOrVar","v":"n"}," та трек плейлистдан ўчирилсинми?"],"two":[{"t":"idOrVar","v":"n"}," та трек плейлистдан ўчирилсинми?"],"zero":"Ҳеч нарса танланмади"},"$x":[{"t":"idOrVar","v":"plural"},"n"]},{"$i":"delete-playlist-hint","$v":{"few":[{"t":"idOrVar","v":"n"}," та трек плейлистдан ўчирилди"],"many":[{"t":"idOrVar","v":"n"}," та трек плейлистдан ўчирилди"],"one":"Трек плейлистдан ўч-ди","other":[{"t":"idOrVar","v":"n"}," та трек плейлистдан ўчирилди"],"two":[{"t":"idOrVar","v":"n"}," та трек плейлистдан ўчирилди"],"zero":"Ҳеч нарса ўчирилмади"},"$x":[{"t":"idOrVar","v":"plural"},"n"]},{"$i":"delete-playlist","$v":"Плейлистни ўчирасизми?"},{"$i":"delete-album-songs","$v":{"few":[{"t":"idOrVar","v":"n"}," та трек ўчирилсинми?"],"many":[{"t":"idOrVar","v":"n"}," та трек ўчирилсинми?"],"one":"Танланган трек ўчирилсинми?","other":[{"t":"idOrVar","v":"n"}," та трек ўчирилсинми?"],"two":[{"t":"idOrVar","v":"n"}," та трек ўчирилсинми?"],"zero":"Ҳеч нарса танланмади"},"$x":[{"t":"idOrVar","v":"plural"},"n"]},{"$i":"delete-album-songs-hint","$v":{"few":[{"t":"idOrVar","v":"n"}," та трек ўчирилди"],"many":[{"t":"idOrVar","v":"n"}," та трек ўчирилди"],"one":"Трек ўчирилди","other":[{"t":"idOrVar","v":"n"}," та трек ўчирилди"],"two":[{"t":"idOrVar","v":"n"}," та трек ўчирилди"],"zero":"Ҳеч нарса ўчирилмади"},"$x":[{"t":"idOrVar","v":"plural"},"n"]},{"$i":"add-to-playlist-song-hint","$v":"Трек қўшилди:"},{"$i":"add-to-playlist-songs-hint","$v":"Треклар қўшилди:"},{"$i":"library","$v":"Кутубхона"},{"$i":"rate","$v":"Баҳолаш"},{"$i":"gridview","$v":"Панжара кўриниши"},{"$i":"confirmation-title","$v":"Тасдиқ"},{"$i":"options","$v":"Параметрлар"},{"$i":"opt-player","$v":"Плеер"},{"$i":"opt-delete","$v":"Ўчириш"},{"$i":"opt-mulselect","$v":"Бир нечтасини танлаш"},{"$i":"opt-selectall","$v":"Ҳаммасини танлаш"},{"$i":"opt-deselectall","$v":"Барч-н белгини ўч-ш"},{"$i":"opt-cancel","$v":"Бекор"},{"$i":"opt-library","$v":"Кутубхона"},{"$i":"opt-shuffleall","$v":"Ҳаммаси тасодифий"},{"$i":"opt-repeatall","$v":"Ҳаммасини такрорлаш"},{"$i":"opt-back","$v":"Орқага"},{"$i":"opt-done","$v":"Тайёр"},{"$i":"opt-ok","$v":"OK"},{"$i":"opt-play","$v":"Ижро"},{"$i":"opt-pause","$v":"Пауза"},{"$i":"opt-setring","$v":"Рингтон қилиб сақлаш"},{"$i":"opt-shuffleoff","$v":"Тасодифий ўчиқ"},{"$i":"opt-shuffleon","$v":"Тасодифий ёниқ"},{"$i":"opt-repeatoff","$v":"Такрорлаш ўчиқ"},{"$i":"opt-repeatone","$v":"Биттасини такрорлаш"},{"$i":"opt-share","$v":"Баҳам кўриш"},{"$i":"opt-volume","$v":"Товуш баландлиги"},{"$i":"opt-createplaylist","$v":"Плеылистни ыаратиш"},{"$i":"opt-addsongs","$v":"Qоьшиq qоьшинг"},{"$i":"opt-rename","$v":"Қайта номлаш"},{"$i":"opt-removesongs","$v":"Qоьшиqларни олиб ташланг"},{"$i":"opt-addtoplaylist","$v":"Плеылистга qоьшиш"},{"$i":"opt-create","$v":"Яратиш"},{"$i":"opt-settings","$v":"Созламалар"},{"$i":"byteUnit-B","$v":"Байт"},{"$i":"byteUnit-KB","$v":"КБ"},{"$i":"byteUnit-MB","$v":"МБ"},{"$i":"byteUnit-GB","$v":"ГБ"},{"$i":"byteUnit-TB","$v":"TB"},{"$i":"byteUnit-PB","$v":"PB"},{"$i":"byteUnit-EB","$v":"EB"},{"$i":"byteUnit-ZB","$v":"ЗБ"},{"$i":"byteUnit-YB","$v":"ТЙ"},{"$i":"opt-fileinfo","$v":"Файл маълумоти"},{"$i":"info-view","ariaLabel":"Маълумот"},{"$i":"name-label","$v":"Номи"},{"$i":"size-label","$v":"Ҳажми"},{"$i":"music-type-label","$v":"Мусиқа тури"},{"$i":"playlists-least-played","$v":"Энг кам ижро этилган"},{"$i":"playlists-loading","$v":"Юкланмоқда..."},{"$i":"select","$v":"Танлаш"},{"$i":"deselect","$v":"Қайтариш"},{"$i":"ok","$v":"OK"},{"$i":"new","$v":"Янги"},{"$i":"next","$v":"Кейинги"},{"$i":"rename","$v":"Қайта номлаш"},{"$i":"remove","$v":"Олиб ташлаш"},{"$i":"add","$v":"Қўшиш"},{"$i":"all","$v":"Ҳамма"},{"$i":"none","$v":"Ҳеч бири"}]