[{"$i":"music","$v":"Umculo"},{"$i":"mix","$v":"Umxube"},{"$i":"playlists","$v":"Uluhlu lokudlala"},{"$i":"artists","$v":"Iimvumi"},{"$i":"albums","$v":"Ii-albham"},{"$i":"songs","$v":"Iingoma"},{"$i":"more","$v":"Ngaphezulu"},{"$i":"songName","$v":"Igama lengoma"},{"$i":"songArtist","$v":"Imvumi yengoma"},{"$i":"songAlbum","$v":"I-albham yengoma"},{"$i":"unknownArtist","$v":"Umculi akaziwa"},{"$i":"unknownAlbum","$v":"I-albham ayaziwa"},{"$i":"unknownTitle","$v":"Itayitile ayaziwa"},{"$i":"storageFullTitle","$v":"Indawo yokonga igcwele"},{"$i":"sdcardFullTitle","$v":"Ikhadi leSD ligcwele"},{"$i":"storage-not-ready","$v":"Ikhangela umculo."},{"$i":"empty-text","$v":"Music library is empty. Add songs to get started."},{"$i":"pick-empty-text","$v":"Akukho mculo ukhoyo"},{"$i":"scanning-text","$v":"Kukhangelwa umculo"},{"$i":"nocard-text","$v":"Imemori khadi ayifunyanwanga. Faka imemori khadi ukuze uqale."},{"$i":"pluggedin-text","$v":"Ugcino luyasebenza okwangoku. nceda ukhuphe ifowuni eplagini ukuze usebenzise le aphu."},{"$i":"upgrade-text","$v":"Nceda ulinde ngoxa Umculo uhlaziya i-database yawo."},{"$i":"full-text","$v":"Cima ifayile ukuze uvule indawo. Ungafaka nekhadi leSD ukuze uvule indawo"},{"$i":"full-text-sdcard","$v":"Cima iifayile kwikhadi leSD ukuze kuvuleke indawo"},{"$i":"search-music","placeholder":"Khangela"},{"$i":"search-cancel","$v":"Rhoxisa"},{"$i":"search-artists","$v":"Iimvumi"},{"$i":"search-albums","$v":"Ii-albham"},{"$i":"search-titles","$v":"Izifumani"},{"$i":"search-close","$v":"vala"},{"$i":"search-no-result","$v":"Akufunyenwanga zingoma, zama ukukhangela ngelinye igama eliyintloko."},{"$i":"artists-search-no-result","$v":"Akufunyenwanga zimvumi, zama ukukhangela ngelinye igama eliyintloko."},{"$i":"albums-search-no-result","$v":"Akufunyenwanga zialbham, zama ukukhangela ngelinye igama eliyintloko."},{"$i":"playlists-shuffle-all","$v":"Tshofula Zonke"},{"$i":"playlists-recently-added","$v":"Ezisandofakwa"},{"$i":"playlists-most-played","$v":"Odlalwa kakhulu"},{"$i":"playlists-discover","$v":"Fumanisa"},{"$i":"playlists-my-playlists","$v":"My playlists"},{"$i":"playlists-create-playlists","$v":"New playlist"},{"$i":"playlists-choose-playlists","$v":"Uluhlu lokudlala"},{"$i":"no-my-playlists","$v":"You haven't created any playlists yet."},{"$i":"no-songs-added","$v":"You haven't added any songs to this playlist yet."},{"$i":"no-played-songs","$v":"Akukadlali zingoma okwangoku"},{"$i":"no-recently-added","$v":"Akukho ngoma zintsha zongeziweyo kutshanje."},{"$i":"playlists-highest-rated","$v":"Obonwa uphezulu"},{"$i":"picker-title","$v":"Khetha ingoma"},{"$i":"save","$v":"Gcina"},{"$i":"saved","$v":"Igcinwe kwithala lomculo"},{"$i":"audioinvalid","$v":"Ifomathi yefayile ayifanelekanga okanye ayixhaswa."},{"$i":"overlay-cancel-button","$v":"Rhoxisa"},{"$i":"music-paused-notification","$v":"Umculo uye wamiswa ebudeni bomnxeba"},{"$i":"done","$v":"Igqibile"},{"$i":"share-song","ariaLabel":"Yabelana"},{"$i":"player-album-rating","ariaLabel":"Ukureyitha"},{"$i":"rating-star","ariaLabel":{"$x":[{"t":"idOrVar","v":"plural"},"n"],"$v":{"few":[{"t":"idOrVar","v":"n"}," iinkwenkwezi"],"many":[{"t":"idOrVar","v":"n"}," iinkwenkwezi"],"one":[{"t":"idOrVar","v":"n"}," inkwenkwezi"],"other":[{"t":"idOrVar","v":"n"}," iinkwenkwezi"],"two":[{"t":"idOrVar","v":"n"}," iinkwenkwezi"],"zero":[{"t":"idOrVar","v":"n"}," iinkwenkwezi"]}}},{"$i":"go-to-player-view","ariaLabel":"Yiya kuhlolo lwesidlali"},{"$i":"repeat-off","ariaLabel":"Ukuphinda Kucinyiwe"},{"$i":"repeat-list","ariaLabel":"Phinda Konke"},{"$i":"repeat-song","ariaLabel":"Phinda ingoma"},{"$i":"shuffle-toggle","ariaLabel":"Tshofula"},{"$i":"mix-tab","ariaLabel":"Umxube"},{"$i":"playlists-tab","ariaLabel":"Uluhlu lokudlala"},{"$i":"artists-tab","ariaLabel":"Iimvumi"},{"$i":"albums-tab","ariaLabel":"Ii-albham"},{"$i":"songs-tab","ariaLabel":"Iingoma"},{"$i":"check","$v":"Khetha"},{"$i":"remove-track","$v":"Cima Ingoma"},{"$i":"remove-tracks","$v":"Cima Iingoma"},{"$i":"cancel","$v":"Rhoxisa"},{"$i":"delete","$v":"Cima"},{"$i":"song-num-checked","$v":{"few":[{"t":"idOrVar","v":"n"}," ezikhethiweyo"],"many":[{"t":"idOrVar","v":"n"}," ezikhethiweyo"],"one":[{"t":"idOrVar","v":"n"}," ezikhethiweyo"],"other":[{"t":"idOrVar","v":"n"}," ezikhethiweyo"],"two":[{"t":"idOrVar","v":"n"}," ezikhethiweyo"],"zero":"0 ezikhethiweyo"},"$x":[{"t":"idOrVar","v":"plural"},"n"]},{"$i":"delete-playlist-songs","$v":{"few":["Cima ",{"t":"idOrVar","v":"n"}," iingoma kuluhlu lwezidlalwayo?"],"many":["Cima ",{"t":"idOrVar","v":"n"}," iingoma kuluhlu lwezidlalwayo?"],"one":"Icinywe le ngoma ikhethiweyo kuluhlu lwezidlalayo?","other":["Cima ",{"t":"idOrVar","v":"n"}," iingoma kuluhlu lwezidlalwayo?"],"two":["Cima ",{"t":"idOrVar","v":"n"}," iingoma kuluhlu lwezidlalwayo?"],"zero":"Akukho nto ikhethiweyo"},"$x":[{"t":"idOrVar","v":"plural"},"n"]},{"$i":"delete-playlist-hint","$v":{"few":[{"t":"idOrVar","v":"n"}," ingoma icinyiwe kuluhlu lwezidlalwayo"],"many":[{"t":"idOrVar","v":"n"}," ingoma icinyiwe kuluhlu lwezidlalwayo"],"one":"Ingoma icinyiwe kuluhlu lwezidlalwayo","other":[{"t":"idOrVar","v":"n"}," ingoma icinyiwe kuluhlu lwezidlalwayo"],"two":[{"t":"idOrVar","v":"n"}," ingoma icinyiwe kuluhlu lwezidlalwayo"],"zero":"Akukho nto icinyiweyo"},"$x":[{"t":"idOrVar","v":"plural"},"n"]},{"$i":"delete-playlist","$v":"Delete playlist?"},{"$i":"delete-album-songs","$v":{"few":["Cima ",{"t":"idOrVar","v":"n"}," iingoma?"],"many":["Cima ",{"t":"idOrVar","v":"n"}," iingoma?"],"one":"Icinywe le ngoma ikhethiweyo?","other":["Cima ",{"t":"idOrVar","v":"n"}," iingoma?"],"two":["Cima ",{"t":"idOrVar","v":"n"}," iingoma?"],"zero":"Akukho nto ikhethiweyo"},"$x":[{"t":"idOrVar","v":"plural"},"n"]},{"$i":"delete-album-songs-hint","$v":{"few":[{"t":"idOrVar","v":"n"}," ingoma icinyiwe"],"many":[{"t":"idOrVar","v":"n"}," ingoma icinyiwe"],"one":"Ingoma icinyiwe","other":[{"t":"idOrVar","v":"n"}," ingoma icinyiwe"],"two":[{"t":"idOrVar","v":"n"}," ingoma icinyiwe"],"zero":"Akukho nto icinyiweyo"},"$x":[{"t":"idOrVar","v":"plural"},"n"]},{"$i":"add-to-playlist-song-hint","$v":"Track added to"},{"$i":"add-to-playlist-songs-hint","$v":"tracks added to"},{"$i":"library","$v":"Ithala"},{"$i":"rate","$v":"Ireyithi"},{"$i":"gridview","$v":"Uhlolo Lwegridi"},{"$i":"confirmation-title","$v":"IsiQinisekiso"},{"$i":"options","$v":"Ukhetho"},{"$i":"opt-player","$v":"Isidlali"},{"$i":"opt-delete","$v":"Cima"},{"$i":"opt-mulselect","$v":"Khetha zibeninzi"},{"$i":"opt-selectall","$v":"Zonke"},{"$i":"opt-deselectall","$v":"Akukho nto"},{"$i":"opt-cancel","$v":"Rhoxisa"},{"$i":"opt-library","$v":"Ithala"},{"$i":"opt-shuffleall","$v":"Tshofula Zonke"},{"$i":"opt-repeatall","$v":"Phinda Konke"},{"$i":"opt-back","$v":"Emva"},{"$i":"opt-done","$v":"Igqibile"},{"$i":"opt-ok","$v":"Kulungile"},{"$i":"opt-play","$v":"Dlala"},{"$i":"opt-pause","$v":"Nqumamisa"},{"$i":"opt-setring","$v":"Yigcine njengeringthowuni."},{"$i":"opt-shuffleoff","$v":"Cima ukuxutywa kweengoma"},{"$i":"opt-shuffleon","$v":"Layita ukuxutywa kweengoma"},{"$i":"opt-repeatoff","$v":"Ukuphinda Kucinyiwe"},{"$i":"opt-repeatone","$v":"Phinda enye"},{"$i":"opt-share","$v":"Yabelana"},{"$i":"opt-volume","$v":"Ivolyum"},{"$i":"opt-createplaylist","$v":"Create playlist"},{"$i":"opt-addsongs","$v":"Add songs"},{"$i":"opt-rename","$v":"Thiya Ngokutsha"},{"$i":"opt-removesongs","$v":"Remove songs"},{"$i":"opt-addtoplaylist","$v":"Add to playlist"},{"$i":"opt-create","$v":"Yila"},{"$i":"opt-settings","$v":"Iisetingi"},{"$i":"byteUnit-B","$v":"Ii-bytes"},{"$i":"byteUnit-KB","$v":"KB"},{"$i":"byteUnit-MB","$v":"MB"},{"$i":"byteUnit-GB","$v":"GB"},{"$i":"byteUnit-TB","$v":"TB"},{"$i":"byteUnit-PB","$v":"PB"},{"$i":"byteUnit-EB","$v":"EB"},{"$i":"byteUnit-ZB","$v":"ZB"},{"$i":"byteUnit-YB","$v":"YB"},{"$i":"opt-fileinfo","$v":"File info"},{"$i":"info-view","ariaLabel":"Inkcazelo"},{"$i":"name-label","$v":"Igama"},{"$i":"size-label","$v":"Isayizi"},{"$i":"music-type-label","$v":"Uhlobo Lomculo"},{"$i":"playlists-least-played","$v":"Odlalwa kancinci"},{"$i":"playlists-loading","$v":"Iyalayisha..."},{"$i":"select","$v":"Khetha"},{"$i":"deselect","$v":"Yekisa ukhetho"},{"$i":"ok","$v":"Kulungile"},{"$i":"new","$v":"Entsha"},{"$i":"next","$v":"Okulandelayo"},{"$i":"rename","$v":"Thiya Ngokutsha"},{"$i":"remove","$v":"Shenxisa"},{"$i":"add","$v":"Yongeza"},{"$i":"all","$v":"Zonke"},{"$i":"none","$v":"Akukho nto"}]