[{"$i":"music","$v":"音樂"},{"$i":"mix","$v":"混音"},{"$i":"playlists","$v":"播放清單"},{"$i":"artists","$v":"演出者"},{"$i":"albums","$v":"專輯"},{"$i":"songs","$v":"歌曲"},{"$i":"more","$v":"更多"},{"$i":"songName","$v":"歌曲名稱"},{"$i":"songArtist","$v":"歌曲演出者"},{"$i":"songAlbum","$v":"歌曲專輯"},{"$i":"unknownArtist","$v":"不明演出者"},{"$i":"unknownAlbum","$v":"不明專輯"},{"$i":"unknownTitle","$v":"不明標題"},{"$i":"storageFullTitle","$v":"手機儲存空間已滿。"},{"$i":"sdcardFullTitle","$v":"SD卡已滿。"},{"$i":"storage-not-ready","$v":"掃描音樂。"},{"$i":"empty-text","$v":"音樂資料庫空白。請加入歌曲以開始。"},{"$i":"pick-empty-text","$v":"沒有音樂可用。"},{"$i":"scanning-text","$v":"正在掃描"},{"$i":"nocard-text","$v":"找不到記憶卡。請插入記憶卡以開始。"},{"$i":"pluggedin-text","$v":"儲存空間目前正在使用中。請拔除手機以使用此應用程式。"},{"$i":"upgrade-text","$v":"音樂正在更新其資料庫，請稍候。"},{"$i":"full-text","$v":"刪除媒體檔案或應用程式資料以釋放空間。您還可以插入SD卡來擴充媒體儲存空間。"},{"$i":"full-text-sdcard","$v":"刪除SD卡中的檔案以釋放空間。"},{"$i":"search-music","placeholder":"搜尋"},{"$i":"search-cancel","$v":"取消"},{"$i":"search-artists","$v":"演出者"},{"$i":"search-albums","$v":"專輯"},{"$i":"search-titles","$v":"曲目"},{"$i":"search-close","$v":"關閉"},{"$i":"search-no-result","$v":"找不到曲目，請嘗試使用其他關鍵字進行搜索。"},{"$i":"artists-search-no-result","$v":"找不到藝術家，請嘗試使用其他關鍵字進行搜索。"},{"$i":"albums-search-no-result","$v":"找不到相冊，請嘗試使用其他關鍵字進行搜索。"},{"$i":"playlists-shuffle-all","$v":"隨機播放全部"},{"$i":"playlists-recently-added","$v":"最近加入"},{"$i":"playlists-most-played","$v":"最常播放"},{"$i":"playlists-discover","$v":"搜尋"},{"$i":"playlists-my-playlists","$v":"我的播放列表"},{"$i":"playlists-create-playlists","$v":"新的播放列表"},{"$i":"playlists-choose-playlists","$v":"播放清單"},{"$i":"no-my-playlists","$v":"您尚未建立任何播放清單。"},{"$i":"no-songs-added","$v":"您尚未將任何歌曲增加至此播放清單。"},{"$i":"no-played-songs","$v":"您尚未播放任何歌曲。"},{"$i":"no-recently-added","$v":"最近沒有增加新歌曲。"},{"$i":"playlists-highest-rated","$v":"評分最高"},{"$i":"picker-title","$v":"選取曲目"},{"$i":"save","$v":"儲存"},{"$i":"saved","$v":"儲存至音樂資料庫。"},{"$i":"audioinvalid","$v":"該文件格式無效或不受支持。"},{"$i":"overlay-cancel-button","$v":"取消"},{"$i":"music-paused-notification","$v":"通話期間音樂暫停"},{"$i":"done","$v":"已完成"},{"$i":"share-song","ariaLabel":"分享"},{"$i":"player-album-rating","ariaLabel":"評級"},{"$i":"rating-star","ariaLabel":{"$x":[{"t":"idOrVar","v":"plural"},"n"],"$v":{"few":[{"t":"idOrVar","v":"n"},"顆星"],"many":[{"t":"idOrVar","v":"n"},"顆星"],"one":[{"t":"idOrVar","v":"n"},"顆星"],"other":[{"t":"idOrVar","v":"n"},"顆星"],"two":[{"t":"idOrVar","v":"n"},"顆星"],"zero":[{"t":"idOrVar","v":"n"},"顆星"]}}},{"$i":"go-to-player-view","ariaLabel":"轉至播放機檢視"},{"$i":"repeat-off","ariaLabel":"重複關閉"},{"$i":"repeat-list","ariaLabel":"全部重複"},{"$i":"repeat-song","ariaLabel":"重複曲目"},{"$i":"shuffle-toggle","ariaLabel":"隨機播放"},{"$i":"mix-tab","ariaLabel":"混音"},{"$i":"playlists-tab","ariaLabel":"播放清單"},{"$i":"artists-tab","ariaLabel":"演出者"},{"$i":"albums-tab","ariaLabel":"專輯"},{"$i":"songs-tab","ariaLabel":"歌曲"},{"$i":"check","$v":"選取"},{"$i":"remove-track","$v":"刪除曲目"},{"$i":"remove-tracks","$v":"刪除曲目"},{"$i":"cancel","$v":"取消"},{"$i":"delete","$v":"刪除"},{"$i":"song-num-checked","$v":{"few":["已選取",{"t":"idOrVar","v":"n"}],"many":["已選取",{"t":"idOrVar","v":"n"}],"one":["已選取",{"t":"idOrVar","v":"n"}],"other":["已選取",{"t":"idOrVar","v":"n"}],"two":["已選取",{"t":"idOrVar","v":"n"}],"zero":"已選取0"},"$x":[{"t":"idOrVar","v":"plural"},"n"]},{"$i":"delete-playlist-songs","$v":{"few":["從播放清單中刪除",{"t":"idOrVar","v":"n"},"個曲目？"],"many":["從播放清單中刪除",{"t":"idOrVar","v":"n"},"個曲目？"],"one":"從播放清單中刪除所選的曲目？","other":["從播放清單中刪除",{"t":"idOrVar","v":"n"},"個曲目？"],"two":["從播放清單中刪除",{"t":"idOrVar","v":"n"},"個曲目？"],"zero":"沒有選取任何內容"},"$x":[{"t":"idOrVar","v":"plural"},"n"]},{"$i":"delete-playlist-hint","$v":{"few":["已從播放清單中刪除",{"t":"idOrVar","v":"n"},"首歌曲"],"many":["已從播放清單中刪除",{"t":"idOrVar","v":"n"},"首歌曲"],"one":"已從播放清單中刪除曲目","other":["已從播放清單中刪除",{"t":"idOrVar","v":"n"},"首歌曲"],"two":["已從播放清單中刪除",{"t":"idOrVar","v":"n"},"首歌曲"],"zero":"沒有刪除任何內容"},"$x":[{"t":"idOrVar","v":"plural"},"n"]},{"$i":"delete-playlist","$v":"刪除播放清單？"},{"$i":"delete-album-songs","$v":{"few":["刪除",{"t":"idOrVar","v":"n"},"個曲目？"],"many":["刪除",{"t":"idOrVar","v":"n"},"個曲目？"],"one":"刪除所選的曲目？","other":["刪除",{"t":"idOrVar","v":"n"},"個曲目？"],"two":["刪除",{"t":"idOrVar","v":"n"},"個曲目？"],"zero":"沒有選取任何內容"},"$x":[{"t":"idOrVar","v":"plural"},"n"]},{"$i":"delete-album-songs-hint","$v":{"few":["已刪除",{"t":"idOrVar","v":"n"},"首歌曲"],"many":["已刪除",{"t":"idOrVar","v":"n"},"首歌曲"],"one":"已刪除曲目","other":["已刪除",{"t":"idOrVar","v":"n"},"首歌曲"],"two":["已刪除",{"t":"idOrVar","v":"n"},"首歌曲"],"zero":"沒有刪除任何內容"},"$x":[{"t":"idOrVar","v":"plural"},"n"]},{"$i":"add-to-playlist-song-hint","$v":"歌曲已增加至"},{"$i":"add-to-playlist-songs-hint","$v":"歌曲已增加至"},{"$i":"library","$v":"資料庫"},{"$i":"rate","$v":"評級"},{"$i":"gridview","$v":"圖示顯示格式"},{"$i":"confirmation-title","$v":"確認"},{"$i":"options","$v":"選項"},{"$i":"opt-player","$v":"播放機"},{"$i":"opt-delete","$v":"刪除"},{"$i":"opt-mulselect","$v":"多選"},{"$i":"opt-selectall","$v":"全選"},{"$i":"opt-deselectall","$v":"全部取消"},{"$i":"opt-cancel","$v":"取消"},{"$i":"opt-library","$v":"資料庫"},{"$i":"opt-shuffleall","$v":"隨機播放全部"},{"$i":"opt-repeatall","$v":"全部重複"},{"$i":"opt-back","$v":"返回"},{"$i":"opt-done","$v":"已完成"},{"$i":"opt-ok","$v":"確認"},{"$i":"opt-play","$v":"播放"},{"$i":"opt-pause","$v":"暫停"},{"$i":"opt-setring","$v":"另存為鈴聲"},{"$i":"opt-shuffleoff","$v":"隨機播放關閉"},{"$i":"opt-shuffleon","$v":"隨機播放開啟"},{"$i":"opt-repeatoff","$v":"重複關閉"},{"$i":"opt-repeatone","$v":"單曲循環"},{"$i":"opt-share","$v":"分享"},{"$i":"opt-volume","$v":"音量"},{"$i":"opt-createplaylist","$v":"創建播放列表"},{"$i":"opt-addsongs","$v":"添加歌曲"},{"$i":"opt-rename","$v":"重新命名"},{"$i":"opt-removesongs","$v":"刪除歌曲"},{"$i":"opt-addtoplaylist","$v":"添加到播放列表"},{"$i":"opt-create","$v":"建立"},{"$i":"opt-settings","$v":"設定"},{"$i":"byteUnit-B","$v":"位元組"},{"$i":"byteUnit-KB","$v":"KB"},{"$i":"byteUnit-MB","$v":"MB"},{"$i":"byteUnit-GB","$v":"GB"},{"$i":"byteUnit-TB","$v":"TB"},{"$i":"byteUnit-PB","$v":"PB"},{"$i":"byteUnit-EB","$v":"EB"},{"$i":"byteUnit-ZB","$v":"ZB"},{"$i":"byteUnit-YB","$v":"YB"},{"$i":"opt-fileinfo","$v":"檔案資訊"},{"$i":"info-view","ariaLabel":"資訊"},{"$i":"name-label","$v":"名稱"},{"$i":"size-label","$v":"大小"},{"$i":"music-type-label","$v":"音樂類型"},{"$i":"playlists-least-played","$v":"最少播放"},{"$i":"playlists-loading","$v":"載入中…"},{"$i":"select","$v":"選取"},{"$i":"deselect","$v":"取消選取"},{"$i":"ok","$v":"確認"},{"$i":"new","$v":"新增"},{"$i":"next","$v":"下一步"},{"$i":"rename","$v":"重新命名"},{"$i":"remove","$v":"移除"},{"$i":"add","$v":"增加"},{"$i":"all","$v":"全部"},{"$i":"none","$v":"無"}]