[{"$i":"music","$v":"Umculo"},{"$i":"mix","$v":"Ingxube"},{"$i":"playlists","$v":"Uhlu lwezingoma"},{"$i":"artists","$v":"Abaculi"},{"$i":"albums","$v":"Ama-albhamu"},{"$i":"songs","$v":"Izingoma"},{"$i":"more","$v":"Okwengeziwe"},{"$i":"songName","$v":"Igama Lengoma"},{"$i":"songArtist","$v":"Umculi Wengoma"},{"$i":"songAlbum","$v":"I-albhamu Yengoma"},{"$i":"unknownArtist","$v":"Umculi ongaziwa"},{"$i":"unknownAlbum","$v":"I-Albhamu engaziwa"},{"$i":"unknownTitle","$v":"Isihloko esingaziwa"},{"$i":"storageFullTitle","$v":"Istoreji Sefoni Sigcwele"},{"$i":"sdcardFullTitle","$v":"I-SD Khadi Ligcwele"},{"$i":"storage-not-ready","$v":"Iskena umculo."},{"$i":"empty-text","$v":"Umtapo womculo awunalutho. Faka izingoma ukuze uqale."},{"$i":"pick-empty-text","$v":"Awukho umculo okhona."},{"$i":"scanning-text","$v":"Iskenela umculo..."},{"$i":"nocard-text","$v":"Akukho khadi lememori. Sicela ufake ikhadi lememori ukuze uqale."},{"$i":"pluggedin-text","$v":"Isitoreji siyasebenza. Sicela ukhiphe ifoni yakho ukuze usebenzise le aplikheshini."},{"$i":"upgrade-text","$v":"Sicela ulinde njengoba Umculo ubukeza idatabase yawo."},{"$i":"full-text","$v":"Dilitha amafayela emidiya noma idatha ye-aplikheshini ukuze uvule isikhala. Ungafaka ne-SD khadi ukuze wandisa isikhala sokulondoloza semidiya."},{"$i":"full-text-sdcard","$v":"Dilitha amafayela ku-SD khadi ukuze uvule isikhala."},{"$i":"search-music","placeholder":"Cinga"},{"$i":"search-cancel","$v":"Khansela"},{"$i":"search-artists","$v":"Abaculi"},{"$i":"search-albums","$v":"Ama-albhamu"},{"$i":"search-titles","$v":"Amathrekhi"},{"$i":"search-close","$v":"vala"},{"$i":"search-no-result","$v":"Awekho amathrekhi atholakele, zama ukusesha ngokhiye owehlukile."},{"$i":"artists-search-no-result","$v":"Abekho abaculi abatholakele, zama ukusesha ngokhiye owehlukile."},{"$i":"albums-search-no-result","$v":"Awekho ama-albhamu atholakele, zama ukusesha ngokhiye owehlukile"},{"$i":"playlists-shuffle-all","$v":"Xuba konke"},{"$i":"playlists-recently-added","$v":"Okusanda kufakwa"},{"$i":"playlists-most-played","$v":"Edlalwe kakhulu"},{"$i":"playlists-discover","$v":"Zitholele"},{"$i":"playlists-my-playlists","$v":"Uhlu lwami lokudlalwayo"},{"$i":"playlists-create-playlists","$v":"Uhlu lokudlalwayo olusha"},{"$i":"playlists-choose-playlists","$v":"Uhlu lwezingoma"},{"$i":"no-my-playlists","$v":"Awudalanga uhlu lokudlalwayo okwamanje."},{"$i":"no-songs-added","$v":"Awungezile izingoma kulolu hlu kwamanje."},{"$i":"no-played-songs","$v":"Awukho umculo owudlalile."},{"$i":"no-recently-added","$v":"Azikho izingoma ezintsha osanda kuzifaka."},{"$i":"playlists-highest-rated","$v":"Ibekwe esilinganisweni esiphezulu"},{"$i":"picker-title","$v":"Khetha ingoma"},{"$i":"save","$v":"Londoloza"},{"$i":"saved","$v":"Ilondolozwe kwilabhulali Yomculo"},{"$i":"audioinvalid","$v":"Ifomethi yaleli fayela ayivumelekile noma ayisekelwa."},{"$i":"overlay-cancel-button","$v":"Khansela"},{"$i":"music-paused-notification","$v":"Umculi umisiwe ngesikhathi usocingweni"},{"$i":"done","$v":"Kwenziwe"},{"$i":"share-song","ariaLabel":"Yabelana"},{"$i":"player-album-rating","ariaLabel":"Izinga"},{"$i":"rating-star","ariaLabel":{"$x":[{"t":"idOrVar","v":"plural"},"n"],"$v":{"few":[{"t":"idOrVar","v":"n"}," izinkanyezi"],"many":[{"t":"idOrVar","v":"n"}," izinkanyezi"],"one":[{"t":"idOrVar","v":"n"}," inkanyezi"],"other":[{"t":"idOrVar","v":"n"}," izinkanyezi"],"two":[{"t":"idOrVar","v":"n"}," izinkanyezi"],"zero":[{"t":"idOrVar","v":"n"}," izinkanyezi"]}}},{"$i":"go-to-player-view","ariaLabel":"Yiya entweni yokubuza izingoma"},{"$i":"repeat-off","ariaLabel":"Vala Ukuphinda"},{"$i":"repeat-list","ariaLabel":"Phinda konke"},{"$i":"repeat-song","ariaLabel":"Phinda ingoma"},{"$i":"shuffle-toggle","ariaLabel":"Xuba"},{"$i":"mix-tab","ariaLabel":"Ingxube"},{"$i":"playlists-tab","ariaLabel":"Uhlu lwezingoma"},{"$i":"artists-tab","ariaLabel":"Abaculi"},{"$i":"albums-tab","ariaLabel":"Ama-albhamu"},{"$i":"songs-tab","ariaLabel":"Izingoma"},{"$i":"check","$v":"Khetha"},{"$i":"remove-track","$v":"Susa Ingoma"},{"$i":"remove-tracks","$v":"Susa Izingoma"},{"$i":"cancel","$v":"Khansela"},{"$i":"delete","$v":"Susa"},{"$i":"song-num-checked","$v":{"few":[{"t":"idOrVar","v":"n"}," ikhethiwe"],"many":[{"t":"idOrVar","v":"n"}," ikhethiwe"],"one":[{"t":"idOrVar","v":"n"}," ikhethiwe"],"other":[{"t":"idOrVar","v":"n"}," ikhethiwe"],"two":[{"t":"idOrVar","v":"n"}," ikhethiwe"],"zero":"0 okukhethiwe"},"$x":[{"t":"idOrVar","v":"plural"},"n"]},{"$i":"delete-playlist-songs","$v":{"few":["Susa",{"t":"idOrVar","v":"n"}," izingoma ohlwini lwezingoma?"],"many":["Susa",{"t":"idOrVar","v":"n"}," izingoma ohlwini lwezingoma?"],"one":"Susa ingoma ekhethiwe ohlwini lwezingoma?","other":["Susa",{"t":"idOrVar","v":"n"}," izingoma ohlwini lwezingoma?"],"two":["Susa",{"t":"idOrVar","v":"n"}," izingoma ohlwini lwezingoma?"],"zero":"Akukho lutho olukhethiwe"},"$x":[{"t":"idOrVar","v":"plural"},"n"]},{"$i":"delete-playlist-hint","$v":{"few":[{"t":"idOrVar","v":"n"}," ingoma isusiwe ohlwini lwezingoma"],"many":[{"t":"idOrVar","v":"n"}," ingoma isusiwe ohlwini lwezingoma"],"one":"Ingoma isusiwe ohlwini lwezingoma","other":[{"t":"idOrVar","v":"n"}," ingoma isusiwe ohlwini lwezingoma"],"two":[{"t":"idOrVar","v":"n"}," ingoma isusiwe ohlwini lwezingoma"],"zero":"Akukho okususiwe"},"$x":[{"t":"idOrVar","v":"plural"},"n"]},{"$i":"delete-playlist","$v":"Sula uhlu lokudlalwayo?"},{"$i":"delete-album-songs","$v":{"few":["Susa ",{"t":"idOrVar","v":"n"}," izingoma?"],"many":["Susa ",{"t":"idOrVar","v":"n"}," izingoma?"],"one":"Susa izingoma ezikhethiwe?","other":["Susa ",{"t":"idOrVar","v":"n"}," izingoma?"],"two":["Susa ",{"t":"idOrVar","v":"n"}," izingoma?"],"zero":"Akukho lutho olukhethiwe"},"$x":[{"t":"idOrVar","v":"plural"},"n"]},{"$i":"delete-album-songs-hint","$v":{"few":[{"t":"idOrVar","v":"n"}," ukususa ingoma"],"many":[{"t":"idOrVar","v":"n"}," ukususa ingoma"],"one":"Ingoma isusiwe","other":[{"t":"idOrVar","v":"n"}," ukususa ingoma"],"two":[{"t":"idOrVar","v":"n"}," ukususa ingoma"],"zero":"Akukho okususiwe"},"$x":[{"t":"idOrVar","v":"plural"},"n"]},{"$i":"add-to-playlist-song-hint","$v":"Ithrekhi ingeziwe ku-"},{"$i":"add-to-playlist-songs-hint","$v":"amathrekhi angeziwe ku-"},{"$i":"library","$v":"Ilabhulali"},{"$i":"rate","$v":"Izinga"},{"$i":"gridview","$v":"Ukubuka Igridi"},{"$i":"confirmation-title","$v":"Ukuqinisekisa"},{"$i":"options","$v":"Okhetha kukho"},{"$i":"opt-player","$v":"Isidlali Mculo"},{"$i":"opt-delete","$v":"Susa"},{"$i":"opt-mulselect","$v":"Khetha okuningi"},{"$i":"opt-selectall","$v":"Konke"},{"$i":"opt-deselectall","$v":"Lutho"},{"$i":"opt-cancel","$v":"Khansela"},{"$i":"opt-library","$v":"Ilabhulali"},{"$i":"opt-shuffleall","$v":"Xuba konke"},{"$i":"opt-repeatall","$v":"Phinda konke"},{"$i":"opt-back","$v":"Emuva"},{"$i":"opt-done","$v":"Kwenziwe"},{"$i":"opt-ok","$v":"KULUNGILE"},{"$i":"opt-play","$v":"Dlala"},{"$i":"opt-pause","$v":"Misa"},{"$i":"opt-setring","$v":"Londoloza njengeringithoni"},{"$i":"opt-shuffleoff","$v":"I-shuffle ivaliwe"},{"$i":"opt-shuffleon","$v":"I-shuffle ivuliwe"},{"$i":"opt-repeatoff","$v":"Vala Ukuphinda"},{"$i":"opt-repeatone","$v":"Phinda okukodwa"},{"$i":"opt-share","$v":"Yabelana"},{"$i":"opt-volume","$v":"Ivolumu"},{"$i":"opt-createplaylist","$v":"Dala uhlu lokudlalwayo"},{"$i":"opt-addsongs","$v":"Engeza izingoma"},{"$i":"opt-rename","$v":"Qamba kabusha"},{"$i":"opt-removesongs","$v":"Susa izingoma"},{"$i":"opt-addtoplaylist","$v":"Engehla kuhlu lokudlalwayo"},{"$i":"opt-create","$v":"Yakha"},{"$i":"opt-settings","$v":"Amasethingi"},{"$i":"byteUnit-B","$v":"Amabhayithi"},{"$i":"byteUnit-KB","$v":"I-KB"},{"$i":"byteUnit-MB","$v":"I-MB"},{"$i":"byteUnit-GB","$v":"I-GB"},{"$i":"byteUnit-TB","$v":"I-TB"},{"$i":"byteUnit-PB","$v":"I-PB"},{"$i":"byteUnit-EB","$v":"I-EB"},{"$i":"byteUnit-ZB","$v":"I-ZB"},{"$i":"byteUnit-YB","$v":"I-YB"},{"$i":"opt-fileinfo","$v":"Ulwazi lwefayela"},{"$i":"info-view","ariaLabel":"Ulwazi"},{"$i":"name-label","$v":"Igama"},{"$i":"size-label","$v":"Usayizi"},{"$i":"music-type-label","$v":"Uhlobo Lomculo"},{"$i":"playlists-least-played","$v":"Idlalwe kancane"},{"$i":"playlists-loading","$v":"Iyalowuda..."},{"$i":"select","$v":"Khetha"},{"$i":"deselect","$v":"Yeka ukukhetha"},{"$i":"ok","$v":"KULUNGILE"},{"$i":"new","$v":"Okusha"},{"$i":"next","$v":"Okulandelayo"},{"$i":"rename","$v":"Qamba kabusha"},{"$i":"remove","$v":"Susa"},{"$i":"add","$v":"Faka"},{"$i":"all","$v":"Konke"},{"$i":"none","$v":"Lutho"}]