[{"$i":"error","$v":"Fout"},{"$i":"ok","$v":"Goed"},{"$i":"cancel","$v":"Kanselleer"},{"$i":"emergency-call-only","$v":"Slegs noodoproepe"},{"$i":"emergency-call-error","$v":[{"t":"idOrVar","v":"number"}," is nie ‘n noodnommer nie."]},{"$i":"contact-list-empty-message","$v":"Druk nommerblok om ’n oproep te maak"},{"$i":"kai-call","$v":"Skakel"},{"$i":"emergency-call","$v":"Nood"},{"$i":"sim-chooser-header","$v":"Kies"},{"$i":"select","$v":"Kies"},{"$i":"options","$v":"Opsies"},{"$i":"sim-with-index-and-carrier","$v":["SIM ",{"t":"idOrVar","v":"index"}," - ",{"t":"idOrVar","v":"carrier"}]},{"$i":"sim-without-carrier","$v":["SIM ",{"t":"idOrVar","v":"index"}]},{"$i":"numberBlockedMessage","$v":"Hierdie nommer is geblok. U kan u ouers vra vir toestemming."},{"$i":"emergencyNumber","$v":"Noodnommer"},{"$i":"callAirplaneModeMessage","$v":"Om ‘n oproep te maak moet jy vliegtuigmodus deaktiveer in instellings."},{"$i":"callAirplaneModeBtnOk","$v":"Goed"},{"$i":"callAirplaneModeTitle","$v":"Vliegtuigmodus geaktiveer"},{"$i":"numberIsBusyTitle","$v":"Nommer is beset"},{"$i":"numberIsBusyMessage","$v":"Die nommer is tans beset. Probeer asseblief later weer."},{"$i":"fdnIsActiveTitle","$v":"VBN aktief"},{"$i":"fdnIsActiveMessage","$v":["VBN (Vasgestelde Belnommers) is geaktiveer en die volgende nommer is nie in jou VBN-lys nie: ",{"t":"idOrVar","v":"number"}]},{"$i":"emergencyDialogBodyBadNumber","$v":"Om ‘n oproep te maak moet die telefoon aan ‘n netwerk gekoppel wees."},{"$i":"emergencyDialogBodyDeviceNotAccepted","$v":"Noodoproepe word nie deur die netwerk toegelaat nie."},{"$i":"emergencyDialogBtnOk","$v":"Goed"},{"$i":"emergencyDialogTitle","$v":"Geen netwerkverbinding"},{"$i":"invalidNumberToDialTitle","$v":"Ongeldige foonnommer."},{"$i":"invalidNumberToDialMessage","$v":"Die foonnommer wat jy skakel is ongeldig."},{"$i":"unableToCallTitle","$v":"Kan nie ’n oproep maak nie"},{"$i":"unableToCallMessage","$v":"Kan nie nou ’n foonoproep maak nie."},{"$i":"otherConnectionInUseTitle","$v":"Ander verbinding in gebruik"},{"$i":"otherConnectionInUseMessage","$v":"Jy het ‘n aktiewe oproep op ‘n ander verbinding. Jy kan slegs een verbinding op ‘n slag gebruik."},{"$i":"connectingEllipsis","$v":"Besig om te verbind..."}]