[{"$i":"error","$v":"خطأ"},{"$i":"ok","$v":"موافق"},{"$i":"cancel","$v":"ألغِ"},{"$i":"emergency-call-only","$v":"مكالمات الطوارئ فقط"},{"$i":"emergency-call-error","$v":[{"t":"idOrVar","v":"number"}," ليس رقم طوارئ."]},{"$i":"contact-list-empty-message","$v":"اضغط على لوحة الأرقام لإجراء مكالمة"},{"$i":"kai-call","$v":"اتصال"},{"$i":"emergency-call","$v":"طوارئ"},{"$i":"sim-chooser-header","$v":"تحديد"},{"$i":"select","$v":"تحديد"},{"$i":"options","$v":"الخيارات"},{"$i":"sim-with-index-and-carrier","$v":["SIM",{"t":"idOrVar","v":"index"}," - ",{"t":"idOrVar","v":"carrier"}]},{"$i":"sim-without-carrier","$v":["SIM",{"t":"idOrVar","v":"index"}]},{"$i":"numberBlockedMessage","$v":"تم حظر هذا الرقم. يمكنك أن تطلب من والديك الحصول على إذن."},{"$i":"emergencyNumber","$v":"رقم الطوارئ"},{"$i":"callAirplaneModeMessage","$v":"لإجراء مكالمة، قم بإلغاء وضع الطيران من الاعدادات."},{"$i":"callAirplaneModeBtnOk","$v":"موافق"},{"$i":"callAirplaneModeTitle","$v":"وضع الطيران مُفعّل"},{"$i":"numberIsBusyTitle","$v":"الرقم مشغول"},{"$i":"numberIsBusyMessage","$v":"الرقم مشغول حاليا. يرجى المحاولة مرة أخرى في وقت لاحق."},{"$i":"fdnIsActiveTitle","$v":"FDN نشطة"},{"$i":"fdnIsActiveMessage","$v":["تم تنشيط FDN (أرقام الطلب الثابت) والرقم التالي غير موجود في قائمة FDN الخاصة بك: ",{"t":"idOrVar","v":"number"}]},{"$i":"emergencyDialogBodyBadNumber","$v":"للإتصال يجب أن يكون الجوال مُتصل بشبكة."},{"$i":"emergencyDialogBodyDeviceNotAccepted","$v":"مكالمات الطوارئ غير مسموحة من الشبكة."},{"$i":"emergencyDialogBtnOk","$v":"موافق"},{"$i":"emergencyDialogTitle","$v":"لا يوجد اتصال بالشبكة"},{"$i":"invalidNumberToDialTitle","$v":"رقم هاتف غير صحيح"},{"$i":"invalidNumberToDialMessage","$v":"رقم الهاتف الذي تحاول الاتصال به غير صحيح"},{"$i":"unableToCallTitle","$v":"يتعذر إجراء مكالمة"},{"$i":"unableToCallMessage","$v":"يتعذر إجراء مكالمة هاتفية الآن."},{"$i":"otherConnectionInUseTitle","$v":"وسيلة اتصال اخرى قيد الاستخدام"},{"$i":"otherConnectionInUseMessage","$v":"لديك مكالمة نشطة على اتصال آخر. يمكنك فقط استخدام اتصال واحد في كل مرة."},{"$i":"connectingEllipsis","$v":"جار الاتصال..."}]