[{"$i":"error","$v":"ত্রুটি"},{"$i":"ok","$v":"ঠিক আছে"},{"$i":"cancel","$v":"বাতিল করুন"},{"$i":"emergency-call-only","$v":"শুধুমাত্র জরুরি কল"},{"$i":"emergency-call-error","$v":[{"t":"idOrVar","v":"number"}," জরুরি নম্বর নয়।"]},{"$i":"contact-list-empty-message","$v":"কল করতে নম্বর প্যাড টিপুন"},{"$i":"kai-call","$v":"কল"},{"$i":"emergency-call","$v":"শুধুমাত্র জরুরি কল"},{"$i":"sim-chooser-header","$v":"নির্বাচন করুন"},{"$i":"select","$v":"নির্বাচন করুন"},{"$i":"options","$v":"বিকল্প"},{"$i":"sim-with-index-and-carrier","$v":["SIM ",{"t":"idOrVar","v":"index"},"-",{"t":"idOrVar","v":"carrier"}]},{"$i":"sim-without-carrier","$v":["SIM",{"t":"idOrVar","v":"index"}]},{"$i":"numberBlockedMessage","$v":"এই নম্বরটি অবরুদ্ধ। আপনি আপনার বাবা-মায়ের কাছে অনুমতি চাইতে পারেন।"},{"$i":"emergencyNumber","$v":"জরুরি নম্বর"},{"$i":"callAirplaneModeMessage","$v":"কল করতে আপনাকে সেটিংসে বিমোন মোড অক্ষম করতে হবে।"},{"$i":"callAirplaneModeBtnOk","$v":"ঠিক আছে"},{"$i":"callAirplaneModeTitle","$v":"বিমান মোড সক্রিয় করা হয়েছে"},{"$i":"numberIsBusyTitle","$v":"নম্বর ব্যস্ত"},{"$i":"numberIsBusyMessage","$v":"নম্বরটি বর্তমানে ব্যস্ত। অনুগ্রহ করে পরে চেষ্টা করুন।"},{"$i":"fdnIsActiveTitle","$v":"FDN সক্রিয়"},{"$i":"fdnIsActiveMessage","$v":["FDN (ফিক্সড ডায়ালিং নম্বর) সক্রিয় করা হয়েছে এবং নিচের নম্বরটি আপনার FDN তালিকায় নেই: ",{"t":"idOrVar","v":"number"}]},{"$i":"emergencyDialogBodyBadNumber","$v":"ফোন করতে ফোন অবশ্যই নেটওয়ার্কের সঙ্গে ফোন সংযুক্ত থাকতে হবে।"},{"$i":"emergencyDialogBodyDeviceNotAccepted","$v":"জরুরি কলগুলি নেটওয়ার্ক দ্বারা অনুমোদিত নয়।"},{"$i":"emergencyDialogBtnOk","$v":"ঠিক আছে"},{"$i":"emergencyDialogTitle","$v":"কোনো নেটওয়ার্ক সংযোগ নেই"},{"$i":"invalidNumberToDialTitle","$v":"অবৈধ ফোন নম্বর"},{"$i":"invalidNumberToDialMessage","$v":"আপনি যে ফোন নম্বরে কল করছেন সেটি বৈধ নয়।"},{"$i":"unableToCallTitle","$v":"এখনই ফোন করা যাবে না"},{"$i":"unableToCallMessage","$v":"এখনই ফোন করা যাবে না"},{"$i":"otherConnectionInUseTitle","$v":"অন্য সংযোগ ব্যবহার হচ্ছে"},{"$i":"otherConnectionInUseMessage","$v":"অন্য সংযোগে আপনার একটি সক্রিয় কল রয়েছে। আপনি একই সময়ে কেবল একটি সংযোগ ব্যবহার করতে পারেন।"},{"$i":"connectingEllipsis","$v":"সংযোগ করা হচ্ছে..."}]