[{"$i":"error","$v":"Fejl"},{"$i":"ok","$v":"OK"},{"$i":"cancel","$v":"Annuller"},{"$i":"emergency-call-only","$v":"Kun nødopkald"},{"$i":"emergency-call-error","$v":[{"t":"idOrVar","v":"number"}," er ikke et alarmnummer."]},{"$i":"contact-list-empty-message","$v":"Tryk på det numeriske tastatur for at foretage et opkald"},{"$i":"kai-call","$v":"Opkald"},{"$i":"emergency-call","$v":"Kun nødopkald"},{"$i":"sim-chooser-header","$v":"Vælg"},{"$i":"select","$v":"Vælg"},{"$i":"options","$v":"Valg"},{"$i":"sim-with-index-and-carrier","$v":["SIM",{"t":"idOrVar","v":"index"}," - ",{"t":"idOrVar","v":"carrier"}]},{"$i":"sim-without-carrier","$v":["SIM",{"t":"idOrVar","v":"index"}]},{"$i":"numberBlockedMessage","$v":"Dette nummer er blokeret. Du kan bede dine forældre om tilladelse."},{"$i":"emergencyNumber","$v":"Alarmnummer"},{"$i":"callAirplaneModeMessage","$v":"Hvis du vil foretage et opkald, skal du deaktivere flytilstand i Indstillinger."},{"$i":"callAirplaneModeBtnOk","$v":"OK"},{"$i":"callAirplaneModeTitle","$v":"Flytilstand aktiveret"},{"$i":"numberIsBusyTitle","$v":"Nummeret er optaget"},{"$i":"numberIsBusyMessage","$v":"Nummeret er optaget. Prøv igen senere."},{"$i":"fdnIsActiveTitle","$v":"Begrænsede numre aktiv"},{"$i":"fdnIsActiveMessage","$v":["Begrænsede numre er aktiveret, og følgende nummer er ikke på din liste over begrænsede numre: ",{"t":"idOrVar","v":"number"}]},{"$i":"emergencyDialogBodyBadNumber","$v":"Hvis du vil foretage et opkald, skal telefonen være forbundet til et netværk."},{"$i":"emergencyDialogBodyDeviceNotAccepted","$v":"Nødopkald er ikke tilladt af netværket."},{"$i":"emergencyDialogBtnOk","$v":"OK"},{"$i":"emergencyDialogTitle","$v":"Ingen netværksforbindelse"},{"$i":"invalidNumberToDialTitle","$v":"Ugyldigt telefonnummer"},{"$i":"invalidNumberToDialMessage","$v":"Det telefonnummer, du ringer til, er ikke gyldigt."},{"$i":"unableToCallTitle","$v":"Kan ikke foretage et opkald. "},{"$i":"unableToCallMessage","$v":"Der kan ikke foretages et telefonopkald nu"},{"$i":"otherConnectionInUseTitle","$v":"Anden forbindelse i brug"},{"$i":"otherConnectionInUseMessage","$v":"Du har et aktivt opkald på en anden forbindelse. Du kan kun bruge en forbindelse ad gangen."},{"$i":"connectingEllipsis","$v":"Opretter forbindelse..."}]