[{"$i":"error","$v":"Σφάλμα"},{"$i":"ok","$v":"OK"},{"$i":"cancel","$v":"Ακύρωση"},{"$i":"emergency-call-only","$v":"Μόνο επείγουσα κλήση"},{"$i":"emergency-call-error","$v":["Το ",{"t":"idOrVar","v":"number"}," δεν είναι αριθμός επείγουσας κλήσης."]},{"$i":"contact-list-empty-message","$v":"Πατήστε σοτ αριθμητικό πληκτρολόγιο για να πραγματοποιήσετε κλήση"},{"$i":"kai-call","$v":"Κλήση"},{"$i":"emergency-call","$v":"Μόνο επείγουσα κλήση"},{"$i":"sim-chooser-header","$v":"Επιλογή"},{"$i":"select","$v":"Επιλογή"},{"$i":"options","$v":"Επιλογές"},{"$i":"sim-with-index-and-carrier","$v":["SIM",{"t":"idOrVar","v":"index"}," - ",{"t":"idOrVar","v":"carrier"}]},{"$i":"sim-without-carrier","$v":["SIM",{"t":"idOrVar","v":"index"}]},{"$i":"numberBlockedMessage","$v":"Αυτός ο αριθμός είναι αποκλεισμένος. Μπορείτε να ζητήσετε άδεια από τους γονείς σας."},{"$i":"emergencyNumber","$v":"Αριθμός επείγουσας κλήσης"},{"$i":"callAirplaneModeMessage","$v":"Για πραγματοποίηση κλήσεων, πρέπει να απενεργοποιήσετε τη λειτουργία πτήσης στις ρυθμίσεις."},{"$i":"callAirplaneModeBtnOk","$v":"OK"},{"$i":"callAirplaneModeTitle","$v":"Λειτουργία πτήσης ενεργοποιημένη"},{"$i":"numberIsBusyTitle","$v":"Αρ. κατειλημμένος"},{"$i":"numberIsBusyMessage","$v":"Ο αριθμός είναι κατειλημμένος. Δοκιμάστε ξανά αργότερα."},{"$i":"fdnIsActiveTitle","$v":"Λειτουργία FDN ενεργή"},{"$i":"fdnIsActiveMessage","$v":["Η λειτουργία FDN (Αριθμοί επιτρεπτών κλήσεων) είναι ενεργοποιημένη και ο παρακάτω αριθμός δεν υπάρχει στον κατάλογο FDN: ",{"t":"idOrVar","v":"number"}]},{"$i":"emergencyDialogBodyBadNumber","$v":"Για να πραγματοποιήσετε κλήσεις, το τηλέφωνο πρέπει να είναι συνδεδεμένο σε δίκτυο."},{"$i":"emergencyDialogBodyDeviceNotAccepted","$v":"Οι επείγουσες κλήσεις δεν επιτρέπονται από το δίκτυο."},{"$i":"emergencyDialogBtnOk","$v":"OK"},{"$i":"emergencyDialogTitle","$v":"Χωρίς σύνδεση δικτύου"},{"$i":"invalidNumberToDialTitle","$v":"Μη έγκυρος αριθμός τηλεφώνου"},{"$i":"invalidNumberToDialMessage","$v":"Ο αριθμός τηλεφώνου που καλείτε δεν είναι έγκυρος."},{"$i":"unableToCallTitle","$v":"Δεν είναι δυνατή η κλήση. "},{"$i":"unableToCallMessage","$v":"Αδυναμία πραγματοποίησης κλήσεων αυτή τη στιγμή"},{"$i":"otherConnectionInUseTitle","$v":"Χρησιμοποιείται άλλη σύνδεση"},{"$i":"otherConnectionInUseMessage","$v":"Υπάρχει ενεργή κλήση σε άλλη σύνδεση. Μπορείτε να χρησιμοποιείτε μόνο μία σύνδεση τη φορά."},{"$i":"connectingEllipsis","$v":"Σύνδεση…"}]