[{"$i":"error","$v":"Error"},{"$i":"ok","$v":"OK"},{"$i":"cancel","$v":"Cancel"},{"$i":"emergency-call-only","$v":"Emergency Call Only"},{"$i":"emergency-call-error","$v":[{"t":"idOrVar","v":"number"}," is not an emergency number."]},{"$i":"contact-list-empty-message","$v":"Press number pad to make a call"},{"$i":"kai-call","$v":"Call"},{"$i":"emergency-call","$v":"Emergency"},{"$i":"sim-chooser-header","$v":"Select"},{"$i":"select","$v":"Select"},{"$i":"options","$v":"Options"},{"$i":"sim-with-index-and-carrier","$v":["SIM",{"t":"idOrVar","v":"index"}," - ",{"t":"idOrVar","v":"carrier"}]},{"$i":"sim-without-carrier","$v":["SIM",{"t":"idOrVar","v":"index"}]},{"$i":"numberBlockedMessage","$v":"This number is blocked. You can ask your parents for permission."},{"$i":"emergencyNumber","$v":"Emergency number"},{"$i":"callAirplaneModeMessage","$v":"To make a call you need to disable airplane mode in settings."},{"$i":"callAirplaneModeBtnOk","$v":"OK"},{"$i":"callAirplaneModeTitle","$v":"Airplane mode activated"},{"$i":"numberIsBusyTitle","$v":"Number is busy"},{"$i":"numberIsBusyMessage","$v":"The number is currently busy. Please try again later."},{"$i":"fdnIsActiveTitle","$v":"FDN active"},{"$i":"fdnIsActiveMessage","$v":["FDN (Fixed Dialing Numbers) is activated and the following number is not in your FDN list: ",{"t":"idOrVar","v":"number"}]},{"$i":"emergencyDialogBodyBadNumber","$v":"To make a call, the phone must be connected to a network."},{"$i":"emergencyDialogBodyDeviceNotAccepted","$v":"Emergency calls are not allowed by the network."},{"$i":"emergencyDialogBtnOk","$v":"OK"},{"$i":"emergencyDialogTitle","$v":"No network connection"},{"$i":"invalidNumberToDialTitle","$v":"Invalid phone number"},{"$i":"invalidNumberToDialMessage","$v":"The phone number you are calling is not valid."},{"$i":"unableToCallTitle","$v":"Cannot make a call"},{"$i":"unableToCallMessage","$v":"Unable to make a phone call now."},{"$i":"otherConnectionInUseTitle","$v":"Other connection in use"},{"$i":"otherConnectionInUseMessage","$v":"You have an active call on another connection. You can only use one connection at a time."},{"$i":"connectingEllipsis","$v":"Connecting..."}]