[{"$i":"error","$v":"Error"},{"$i":"ok","$v":"Aceptar"},{"$i":"cancel","$v":"Cancelar"},{"$i":"emergency-call-only","$v":"Solo llamadas de emergencia"},{"$i":"emergency-call-error","$v":[{"t":"idOrVar","v":"number"}," no es un número de emergencia."]},{"$i":"contact-list-empty-message","$v":"Pulse el teclado numérico para hacer una llamada"},{"$i":"kai-call","$v":"Llamar"},{"$i":"emergency-call","$v":"Emergencia"},{"$i":"sim-chooser-header","$v":"Seleccionar"},{"$i":"select","$v":"Selec."},{"$i":"options","$v":"Opciones"},{"$i":"sim-with-index-and-carrier","$v":["SIM",{"t":"idOrVar","v":"index"}," - ",{"t":"idOrVar","v":"carrier"}]},{"$i":"sim-without-carrier","$v":["SIM",{"t":"idOrVar","v":"index"}]},{"$i":"numberBlockedMessage","$v":"El número está bloqueado. Puede pedir permiso a sus padres."},{"$i":"emergencyNumber","$v":"Número de emergencia"},{"$i":"callAirplaneModeMessage","$v":"Para realizar una llamada, debe desactivar el modo vuelo en los ajustes."},{"$i":"callAirplaneModeBtnOk","$v":"Aceptar"},{"$i":"callAirplaneModeTitle","$v":"Modo vuelo activado"},{"$i":"numberIsBusyTitle","$v":"El número está ocupado"},{"$i":"numberIsBusyMessage","$v":"El número está ocupado. Vuelva a intentarlo más tarde."},{"$i":"fdnIsActiveTitle","$v":"Números de marcación fija activos"},{"$i":"fdnIsActiveMessage","$v":["Los números de marcación fija están activados y el número siguiente no se encuentra en la lista de dichos números: ",{"t":"idOrVar","v":"number"}]},{"$i":"emergencyDialogBodyBadNumber","$v":"Para realizar una llamada, el teléfono debe estar conectado a una red."},{"$i":"emergencyDialogBodyDeviceNotAccepted","$v":"La red no permite llamadas de emergencia."},{"$i":"emergencyDialogBtnOk","$v":"Aceptar"},{"$i":"emergencyDialogTitle","$v":"Sin conexión de red"},{"$i":"invalidNumberToDialTitle","$v":"Número de teléfono no válido"},{"$i":"invalidNumberToDialMessage","$v":"El número de teléfono al que está llamando no es válido."},{"$i":"unableToCallTitle","$v":"No puede realizar una llamada."},{"$i":"unableToCallMessage","$v":"No se puede realizar la llamada de teléfono ahora."},{"$i":"otherConnectionInUseTitle","$v":"Hay otra conexión en uso"},{"$i":"otherConnectionInUseMessage","$v":"Tiene una llamada activa en otra conexión. ¿Solo puede utilizar una conexión a la vez."},{"$i":"connectingEllipsis","$v":"Conectando..."}]