[{"$i":"error","$v":"Viga"},{"$i":"ok","$v":"OK"},{"$i":"cancel","$v":"Tühista"},{"$i":"emergency-call-only","$v":"Ainult hädaabikõne"},{"$i":"emergency-call-error","$v":[{"t":"idOrVar","v":"number"}," ei ole hädaabinumber."]},{"$i":"contact-list-empty-message","$v":"Helistamiseks vajutage numbriklahvistikku"},{"$i":"kai-call","$v":"Helista"},{"$i":"emergency-call","$v":"Ainult hädaabikõne"},{"$i":"sim-chooser-header","$v":"Vali"},{"$i":"select","$v":"Vali"},{"$i":"options","$v":"Valikud"},{"$i":"sim-with-index-and-carrier","$v":["SIM",{"t":"idOrVar","v":"index"}," – ",{"t":"idOrVar","v":"carrier"}]},{"$i":"sim-without-carrier","$v":["SIM",{"t":"idOrVar","v":"index"}]},{"$i":"numberBlockedMessage","$v":"See number on blokeeritud. Võite vanematelt luba küsida."},{"$i":"emergencyNumber","$v":"Hädaabinumber"},{"$i":"callAirplaneModeMessage","$v":"Helistamiseks peate seadetes lennurežiimi keelama."},{"$i":"callAirplaneModeBtnOk","$v":"OK"},{"$i":"callAirplaneModeTitle","$v":"Lennurežiim on aktiveeritud"},{"$i":"numberIsBusyTitle","$v":"Number on hõivatud"},{"$i":"numberIsBusyMessage","$v":"Number on hetkel hõivatud. Proovige hiljem uuesti."},{"$i":"fdnIsActiveTitle","$v":"FDN on aktiivne"},{"$i":"fdnIsActiveMessage","$v":["FDN (määratud numbrid) on aktiveeritud ja järgmist numbrit pole teie FDN-i nimekirjas: ",{"t":"idOrVar","v":"number"}]},{"$i":"emergencyDialogBodyBadNumber","$v":"Helistamiseks peab telefon olema võrku ühendatud."},{"$i":"emergencyDialogBodyDeviceNotAccepted","$v":"Hädaabikõned pole võrgus lubatud."},{"$i":"emergencyDialogBtnOk","$v":"OK"},{"$i":"emergencyDialogTitle","$v":"Võrguühendust pole"},{"$i":"invalidNumberToDialTitle","$v":"Kehtetu telefoninumber"},{"$i":"invalidNumberToDialMessage","$v":"Telefoninumber, millele helistate, ei ole kehtiv."},{"$i":"unableToCallTitle","$v":"Ei saa helistada. "},{"$i":"unableToCallMessage","$v":"Helistamine pole praegu võimalik"},{"$i":"otherConnectionInUseTitle","$v":"Kasutatav muu ühendus"},{"$i":"otherConnectionInUseMessage","$v":"Teil on aktiivne kõne teisel ühendusel. Saate kasutada ainult ühte ühendust korraga."},{"$i":"connectingEllipsis","$v":"Ühendamine ..."}]