[{"$i":"error","$v":"Virhe"},{"$i":"ok","$v":"OK"},{"$i":"cancel","$v":"Peruuta"},{"$i":"emergency-call-only","$v":"Vain hätäpuhelut"},{"$i":"emergency-call-error","$v":[{"t":"idOrVar","v":"number"}," ei ole hätänumero."]},{"$i":"contact-list-empty-message","$v":"Paina numerolevyä soittaaksesi puhelun"},{"$i":"kai-call","$v":"Puhelu"},{"$i":"emergency-call","$v":"Vain hätäpuhelu"},{"$i":"sim-chooser-header","$v":"Valitse"},{"$i":"select","$v":"Valitse"},{"$i":"options","$v":"Valinnat"},{"$i":"sim-with-index-and-carrier","$v":["SIM",{"t":"idOrVar","v":"index"}," - ",{"t":"idOrVar","v":"carrier"}]},{"$i":"sim-without-carrier","$v":["SIM",{"t":"idOrVar","v":"index"}]},{"$i":"numberBlockedMessage","$v":"Tämä numero on estetty. Voit pyytää vanhemmiltasi lupaa."},{"$i":"emergencyNumber","$v":"Hätänumero"},{"$i":"callAirplaneModeMessage","$v":"Sinun on otettava lentotila pois käytöstä asetuksissa, jotta voit soittaa puhelun."},{"$i":"callAirplaneModeBtnOk","$v":"OK"},{"$i":"callAirplaneModeTitle","$v":"Lentotila aktivoitu"},{"$i":"numberIsBusyTitle","$v":"Numero on varattu"},{"$i":"numberIsBusyMessage","$v":"Numero on tällä hetkellä varattu. Yritä uudelleen myöhemmin."},{"$i":"fdnIsActiveTitle","$v":"FDN aktiivinen"},{"$i":"fdnIsActiveMessage","$v":["FDN (sallitut numerot) on otettu käyttöön, eikä seuraava numero ole FDN-listallasi: ",{"t":"idOrVar","v":"number"}]},{"$i":"emergencyDialogBodyBadNumber","$v":"Puhelin on kytkettävä verkkoon, jotta voit soittaa puhelun."},{"$i":"emergencyDialogBodyDeviceNotAccepted","$v":"Verkko ei salli hätäpuheluja."},{"$i":"emergencyDialogBtnOk","$v":"OK"},{"$i":"emergencyDialogTitle","$v":"Ei verkkoyhteyttä"},{"$i":"invalidNumberToDialTitle","$v":"Puhelinnumero ei kelpaa"},{"$i":"invalidNumberToDialMessage","$v":"Soitat puhelinnumeroon, joka ei ole kelvollinen."},{"$i":"unableToCallTitle","$v":"Puhelua ei voi soittaa. "},{"$i":"unableToCallMessage","$v":"Puhelua ei voi nyt soittaa"},{"$i":"otherConnectionInUseTitle","$v":"Toinen yhteys käytössä"},{"$i":"otherConnectionInUseMessage","$v":"Toisessa yhteydessä on aktiivinen puhelu. Voit käyttää vain yhtä yhteyttä kerrallaan."},{"$i":"connectingEllipsis","$v":"Yhdistetään..."}]