[{"$i":"error","$v":"Erreur"},{"$i":"ok","$v":"OK"},{"$i":"cancel","$v":"Annuler"},{"$i":"emergency-call-only","$v":"Appels d'urgence seulement"},{"$i":"emergency-call-error","$v":[{"t":"idOrVar","v":"number"}," n'est pas un numéro d'urgence."]},{"$i":"contact-list-empty-message","$v":"Appuyez sur le le pavé numérique pour faire un appel."},{"$i":"kai-call","$v":"Appeler"},{"$i":"emergency-call","$v":"Appel d'urgence seulement"},{"$i":"sim-chooser-header","$v":"Sélectionner"},{"$i":"select","$v":"Sélectionner"},{"$i":"options","$v":"Options"},{"$i":"sim-with-index-and-carrier","$v":["SIM",{"t":"idOrVar","v":"index"}," - ",{"t":"idOrVar","v":"carrier"}]},{"$i":"sim-without-carrier","$v":["SIM",{"t":"idOrVar","v":"index"}]},{"$i":"numberBlockedMessage","$v":"Ce numéro est bloqué. Demande la permission à un de tes parents."},{"$i":"emergencyNumber","$v":"Numéro d'urgence"},{"$i":"callAirplaneModeMessage","$v":"Pour faire un appel, vous devez désactiver le mode Avion dans les paramètres."},{"$i":"callAirplaneModeBtnOk","$v":"OK"},{"$i":"callAirplaneModeTitle","$v":"Mode Avion activé"},{"$i":"numberIsBusyTitle","$v":"La ligne est occupée"},{"$i":"numberIsBusyMessage","$v":"Le numéro est occupé. Réessayez plus tard."},{"$i":"fdnIsActiveTitle","$v":"Liste de numéros autorisés activée"},{"$i":"fdnIsActiveMessage","$v":["La liste de numéros autorisés est active et le numéro suivant n'est pas dans la liste de numéros autorisés : ",{"t":"idOrVar","v":"number"}]},{"$i":"emergencyDialogBodyBadNumber","$v":"Pour faire un appel, le téléphone doit être connecté à un réseau."},{"$i":"emergencyDialogBodyDeviceNotAccepted","$v":"Les appels d'urgence ne sont pas permis par le réseau."},{"$i":"emergencyDialogBtnOk","$v":"OK"},{"$i":"emergencyDialogTitle","$v":"Aucune connexion réseau"},{"$i":"invalidNumberToDialTitle","$v":"Numéro de téléphone non valide"},{"$i":"invalidNumberToDialMessage","$v":"Le numéro de téléphone composé n'est pas valide."},{"$i":"unableToCallTitle","$v":"Impossible de faire un appel"},{"$i":"unableToCallMessage","$v":"Impossible de faire un appel actuellement."},{"$i":"otherConnectionInUseTitle","$v":"Autre connexion active"},{"$i":"otherConnectionInUseMessage","$v":"Un appel est actif sur une autre connexion. Vous pouvez utiliser une seule connexion à la fois."},{"$i":"connectingEllipsis","$v":"Connexion en cours..."}]