[{"$i":"error","$v":"Erreur"},{"$i":"ok","$v":"OK"},{"$i":"cancel","$v":"Annuler"},{"$i":"emergency-call-only","$v":"Appel d'urgence uniquement"},{"$i":"emergency-call-error","$v":[{"t":"idOrVar","v":"number"}," n’est pas un numéro d’urgence."]},{"$i":"contact-list-empty-message","$v":"Appuyer sur le clavier numérique pour passer un appel"},{"$i":"kai-call","$v":"Appeler"},{"$i":"emergency-call","$v":"Appel d'urgence uniq."},{"$i":"sim-chooser-header","$v":"Sélectionner"},{"$i":"select","$v":"Sélectionner"},{"$i":"options","$v":"Options"},{"$i":"sim-with-index-and-carrier","$v":["Carte SIM ",{"t":"idOrVar","v":"index"}," - ",{"t":"idOrVar","v":"carrier"}]},{"$i":"sim-without-carrier","$v":["Carte SIM ",{"t":"idOrVar","v":"index"}]},{"$i":"numberBlockedMessage","$v":"Ce numéro est bloqué. Il est nécessaire de demander la permission aux parents."},{"$i":"emergencyNumber","$v":"Numéro d’urgence"},{"$i":"callAirplaneModeMessage","$v":"Afin de passer un appel vous devez désactiver le mode avion dans les paramètres."},{"$i":"callAirplaneModeBtnOk","$v":"OK"},{"$i":"callAirplaneModeTitle","$v":"Mode avion activé"},{"$i":"numberIsBusyTitle","$v":"Numéro occupé"},{"$i":"numberIsBusyMessage","$v":"Le numéro est actuellement occupé. Veuillez réessayer plus tard."},{"$i":"fdnIsActiveTitle","$v":"Numéros autorisés activés"},{"$i":"fdnIsActiveMessage","$v":["Les numéros autorisés (ou NF pour numéros fixes) sont activés et le numéro suivant ne fait pas partie de votre liste NF : ",{"t":"idOrVar","v":"number"}]},{"$i":"emergencyDialogBodyBadNumber","$v":"Afin d’appeler, vous devez d’abord avoir une couverture réseau."},{"$i":"emergencyDialogBodyDeviceNotAccepted","$v":"Appels d’urgence non autorisés par le réseau."},{"$i":"emergencyDialogBtnOk","$v":"OK"},{"$i":"emergencyDialogTitle","$v":"Pas de réseau"},{"$i":"invalidNumberToDialTitle","$v":"Numéro de téléphone non valide"},{"$i":"invalidNumberToDialMessage","$v":"Le numéro de téléphone que vous essayez de joindre n’est pas valide."},{"$i":"unableToCallTitle","$v":"Appel impossible"},{"$i":"unableToCallMessage","$v":"Passer un appel est impossible pour le moment."},{"$i":"otherConnectionInUseTitle","$v":"Autre ligne active"},{"$i":"otherConnectionInUseMessage","$v":"Un appel est déjà en cours sur une autre ligne. Vous ne pouvez utiliser qu’une ligne à la fois."},{"$i":"connectingEllipsis","$v":"Connexion en cours…"}]