[{"$i":"error","$v":"שגיאה"},{"$i":"ok","$v":"OK"},{"$i":"cancel","$v":"בטל"},{"$i":"emergency-call-only","$v":"שיחת חירום בלבד"},{"$i":"emergency-call-error","$v":[{"t":"idOrVar","v":"number"}," איננו מספר חירום."]},{"$i":"contact-list-empty-message","$v":"הקש על לוח המקשים כדי לבצע שיחה"},{"$i":"kai-call","$v":"התקשר"},{"$i":"emergency-call","$v":"שיחת חירום בלבד"},{"$i":"sim-chooser-header","$v":"בחר"},{"$i":"select","$v":"בחירה"},{"$i":"options","$v":"אפשרויות"},{"$i":"sim-with-index-and-carrier","$v":["SIM",{"t":"idOrVar","v":"index"}," - ",{"t":"idOrVar","v":"carrier"}]},{"$i":"sim-without-carrier","$v":["SIM",{"t":"idOrVar","v":"index"}]},{"$i":"numberBlockedMessage","$v":"המספר הזה חסום. אתה יכול לבקש מההורים שלך רשות."},{"$i":"emergencyNumber","$v":"מספר חירום"},{"$i":"callAirplaneModeMessage","$v":"כדי לבצע שיחה עליך לבטל את מצב הטיסה בהגדרות."},{"$i":"callAirplaneModeBtnOk","$v":"אישור"},{"$i":"callAirplaneModeTitle","$v":"מצב טיסה מופעל"},{"$i":"numberIsBusyTitle","$v":"המספר תפוס"},{"$i":"numberIsBusyMessage","$v":"המספר תפוס כרגע. נא לנסות שוב מאוחר יותר."},{"$i":"fdnIsActiveTitle","$v":"‏FDN פעיל"},{"$i":"fdnIsActiveMessage","$v":["‏FDN (מספרי חיוג קבועים) מופעל והמספר הבא אינו ברשימת FDN שלך: ",{"t":"idOrVar","v":"number"}]},{"$i":"emergencyDialogBodyBadNumber","$v":"כדי לבצע שיחה, הטלפון חייב להיות מחובר לרשת כלשהי."},{"$i":"emergencyDialogBodyDeviceNotAccepted","$v":"שיחות חירום אינן מותרות על ידי הרשת."},{"$i":"emergencyDialogBtnOk","$v":"אישור"},{"$i":"emergencyDialogTitle","$v":"אין חיבור רשת"},{"$i":"invalidNumberToDialTitle","$v":"מספר טלפון בלתי חוקי"},{"$i":"invalidNumberToDialMessage","$v":"מספר הטלפון שאליו אתה מתקשר אינו חוקי."},{"$i":"unableToCallTitle","$v":"לא ניתן לבצע שיחה. "},{"$i":"unableToCallMessage","$v":"אין אפשרות לבצע כעת שיחת טלפון"},{"$i":"otherConnectionInUseTitle","$v":"חיבורים אחרים שבשימוש"},{"$i":"otherConnectionInUseMessage","$v":"יש לך שיחה פעילה בחיבור אחר. ניתן להשתמש רק בחיבור אחד בכל פעם."},{"$i":"connectingEllipsis","$v":"מתחבר…"}]