[{"$i":"error","$v":"Pogreška"},{"$i":"ok","$v":"U redu"},{"$i":"cancel","$v":"Poništi"},{"$i":"emergency-call-only","$v":"Samo hitni poziv"},{"$i":"emergency-call-error","$v":[{"t":"idOrVar","v":"number"}," nije hitni broj."]},{"$i":"contact-list-empty-message","$v":"Pritisnite brojčanik za pozivanje"},{"$i":"kai-call","$v":"Poziv"},{"$i":"emergency-call","$v":"Samo hitni pozivi"},{"$i":"sim-chooser-header","$v":"Odaberi"},{"$i":"select","$v":"Odaberi"},{"$i":"options","$v":"Opcije"},{"$i":"sim-with-index-and-carrier","$v":["SIM",{"t":"idOrVar","v":"index"}," - ",{"t":"idOrVar","v":"carrier"}]},{"$i":"sim-without-carrier","$v":["SIM",{"t":"idOrVar","v":"index"}]},{"$i":"numberBlockedMessage","$v":"Ovaj je broj blokiran. Možete zatražiti od roditelja dopuštenje."},{"$i":"emergencyNumber","$v":"Hitni broj"},{"$i":"callAirplaneModeMessage","$v":"Za uspostavu poziva morate u postavkama onemogućiti način rada u zrakoplovu."},{"$i":"callAirplaneModeBtnOk","$v":"U redu"},{"$i":"callAirplaneModeTitle","$v":"Aktiviran je zrakoplovni način"},{"$i":"numberIsBusyTitle","$v":"Broj je zauzet"},{"$i":"numberIsBusyMessage","$v":"Broj je trenutno zauzet. Pokušajte ponovno poslije."},{"$i":"fdnIsActiveTitle","$v":"FDN je aktivan"},{"$i":"fdnIsActiveMessage","$v":["FDN (fiksni brojevi za biranje) aktivirani su, a sljedeći broj nije na vašem popisu FDN: ",{"t":"idOrVar","v":"number"}]},{"$i":"emergencyDialogBodyBadNumber","$v":"Za uspostavu poziva telefon mora biti povezan s mrežom."},{"$i":"emergencyDialogBodyDeviceNotAccepted","$v":"Mreža ne dopušta hitne pozive."},{"$i":"emergencyDialogBtnOk","$v":"U redu"},{"$i":"emergencyDialogTitle","$v":"Nema mrežne veze"},{"$i":"invalidNumberToDialTitle","$v":"Broj telefona nije valjan"},{"$i":"invalidNumberToDialMessage","$v":"Broj telefona koji zovete nije valjan."},{"$i":"unableToCallTitle","$v":"Poziv se ne može uputiti. "},{"$i":"unableToCallMessage","$v":"Sada nije moguće uspostaviti poziv"},{"$i":"otherConnectionInUseTitle","$v":"Druge veze koje se koriste"},{"$i":"otherConnectionInUseMessage","$v":"Imate aktivan poziv na drugoj vezi. Ne možete koristiti više veza odjednom."},{"$i":"connectingEllipsis","$v":"Povezivanje..."}]