[{"$i":"error","$v":"Hiba"},{"$i":"ok","$v":"OK"},{"$i":"cancel","$v":"Mégse"},{"$i":"emergency-call-only","$v":"Csak segélyhívás"},{"$i":"emergency-call-error","$v":["A ",{"t":"idOrVar","v":"number"}," nem segélyhívószám."]},{"$i":"contact-list-empty-message","$v":"Nyomja meg a tárcsázót a hívás indításához"},{"$i":"kai-call","$v":"Hívás"},{"$i":"emergency-call","$v":"Vészhelyzet"},{"$i":"sim-chooser-header","$v":"Kiválasztás"},{"$i":"select","$v":"Kiválasztás"},{"$i":"options","$v":"Opciók"},{"$i":"sim-with-index-and-carrier","$v":["SIM",{"t":"idOrVar","v":"index"}," - ",{"t":"idOrVar","v":"carrier"}]},{"$i":"sim-without-carrier","$v":["SIM",{"t":"idOrVar","v":"index"}]},{"$i":"numberBlockedMessage","$v":"Ez a telefonszám le van tiltva. Kérj engedélyt a szüleidtől."},{"$i":"emergencyNumber","$v":"Sürgősségi telefonszám"},{"$i":"callAirplaneModeMessage","$v":"Híváshoz ki kell kapcsolni a repülőgép üzemmódot a beállításokban."},{"$i":"callAirplaneModeBtnOk","$v":"OK"},{"$i":"callAirplaneModeTitle","$v":"Repülőgép üzemmód aktiválva"},{"$i":"numberIsBusyTitle","$v":"A szám foglalt"},{"$i":"numberIsBusyMessage","$v":"A szám jelenleg foglalt. Próbálja újra később."},{"$i":"fdnIsActiveTitle","$v":"Fix hívószámok (FDN) mód aktív"},{"$i":"fdnIsActiveMessage","$v":["A fix hívószámok (FDN) mód be van kapcsolva, és ez a szám nincs rajta a fix hívószámok (FDN) listáján: ",{"t":"idOrVar","v":"number"}]},{"$i":"emergencyDialogBodyBadNumber","$v":"Hívás indításához a telefonnak csatlakoznia kell egy hálózathoz."},{"$i":"emergencyDialogBodyDeviceNotAccepted","$v":"A hálózat nem engedélyezi a segélyhívásokat."},{"$i":"emergencyDialogBtnOk","$v":"OK"},{"$i":"emergencyDialogTitle","$v":"Nincs hálózati kapcsolat"},{"$i":"invalidNumberToDialTitle","$v":"Érvénytelen telefonszám"},{"$i":"invalidNumberToDialMessage","$v":"A hívott szám nem érvényes."},{"$i":"unableToCallTitle","$v":"Nem kezdeményezhetők hívások"},{"$i":"unableToCallMessage","$v":"Pillanatnyilag nem indítható telefonhívás."},{"$i":"otherConnectionInUseTitle","$v":"A használatban lévő másik kapcsolat"},{"$i":"otherConnectionInUseMessage","$v":"Egy folyamatban lévő hívása van egy másik kapcsolaton keresztül. Egyszerre csak egy kapcsolatot használhat."},{"$i":"connectingEllipsis","$v":"Csatlakozás..."}]