[{"$i":"error","$v":"Սխալ"},{"$i":"ok","$v":"Լավ"},{"$i":"cancel","$v":"Չեղարկել"},{"$i":"emergency-call-only","$v":"Միայն արտակարգ իրավիճակի կանչ"},{"$i":"emergency-call-error","$v":[{"t":"idOrVar","v":"number"}," արտկրգ իրվճկնր հռխոսհմր չէ:"]},{"$i":"contact-list-empty-message","$v":"Սեղմեք թվային ստեղնաշարը՝ կանչ կատարելու համար"},{"$i":"kai-call","$v":"Կանչ"},{"$i":"emergency-call","$v":"Միայն արտակարգ իրավիճակի կանչ"},{"$i":"sim-chooser-header","$v":"Ընտրել"},{"$i":"select","$v":"Ընտրել"},{"$i":"options","$v":"Ընտրանքներ"},{"$i":"sim-with-index-and-carrier","$v":["SIM",{"t":"idOrVar","v":"index"}," — ",{"t":"idOrVar","v":"carrier"}]},{"$i":"sim-without-carrier","$v":["SIM",{"t":"idOrVar","v":"index"}]},{"$i":"numberBlockedMessage","$v":"Այս համարը արգելափակված է: Կարող եք թույլտվություն խնդրել ձեր ծնողներից:"},{"$i":"emergencyNumber","$v":"Արտակարգ իրավիճակի համար"},{"$i":"callAirplaneModeMessage","$v":"Կանչ կատարելու համար անջատեք օդանավի ռեժիմը պարամետրերից:"},{"$i":"callAirplaneModeBtnOk","$v":"OK"},{"$i":"callAirplaneModeTitle","$v":"Օդանավի ռեժիմն ակտիվացված է"},{"$i":"numberIsBusyTitle","$v":"Համարը զբաղված է"},{"$i":"numberIsBusyMessage","$v":"Այս պահին համարը զբաղված է: Կրկին փորձեք ավելի ուշ:"},{"$i":"fdnIsActiveTitle","$v":"FDN-ն ակտիվ է"},{"$i":"fdnIsActiveMessage","$v":["FDN-ը (Ֆիքսված հավաքման համարներ) ակտիվացված է և հետևյալ համարը FDN ցանկում չէ. ",{"t":"idOrVar","v":"number"}]},{"$i":"emergencyDialogBodyBadNumber","$v":"Կանչ կատարելու համար հեռախոսը պետք է միացված լինի ցանցին:"},{"$i":"emergencyDialogBodyDeviceNotAccepted","$v":"Արտակարգ իրավիճակի կանչերը թույլատրելի չեն առանց ցանցի:"},{"$i":"emergencyDialogBtnOk","$v":"OK"},{"$i":"emergencyDialogTitle","$v":"Ցանց չկա"},{"$i":"invalidNumberToDialTitle","$v":"Անվավեր հեռախոսահամար"},{"$i":"invalidNumberToDialMessage","$v":"Հեռախոսահամարը, որին զանգում եք, վավեր չէ:"},{"$i":"unableToCallTitle","$v":"Հնարավոր չէ կանչ կատարել:"},{"$i":"unableToCallMessage","$v":"Հնարավոր չէ կանչ կատարել հիմա"},{"$i":"otherConnectionInUseTitle","$v":"Օգտգրծվծ այլ միացում"},{"$i":"otherConnectionInUseMessage","$v":"Դուք ունեք ակտիվ կանչ կամ մեկ այլ միացում: Դուք կարող եք միայն օգտագործել մեկ միացում միաժամանակ:"},{"$i":"connectingEllipsis","$v":"Միանում է..."}]