[{"$i":"error","$v":"შეცდომა"},{"$i":"ok","$v":"OK"},{"$i":"cancel","$v":"გაუქმება"},{"$i":"emergency-call-only","$v":"მხოლოდ საგანგებო ზარი"},{"$i":"emergency-call-error","$v":[{"t":"idOrVar","v":"number"}," არ არის საგანგებო სამსახურის ნომერი."]},{"$i":"contact-list-empty-message","$v":"ზარის განსახორციელებლად, დააჭირეთ ციფრულ კლავიატურას"},{"$i":"kai-call","$v":"ზარი"},{"$i":"emergency-call","$v":"მხოლოდ საგანგებო ზარი"},{"$i":"sim-chooser-header","$v":"არჩევა"},{"$i":"select","$v":"არჩევა"},{"$i":"options","$v":"ვარიანტები"},{"$i":"sim-with-index-and-carrier","$v":["SIM",{"t":"idOrVar","v":"index"}," — ",{"t":"idOrVar","v":"carrier"}]},{"$i":"sim-without-carrier","$v":["SIM",{"t":"idOrVar","v":"index"}]},{"$i":"numberBlockedMessage","$v":"ეს ნომერი დაბლოკილია. შეგიძლიათ ნებართვით მიმართოთ მშობლებს."},{"$i":"emergencyNumber","$v":"საგანგებო სამსახურის ნომერი"},{"$i":"callAirplaneModeMessage","$v":"ზარის განსახორციელებლად, თქვენ უნდა გამორთოთ ფრენის რეჟიმი პარამეტრებიდან."},{"$i":"callAirplaneModeBtnOk","$v":"OK"},{"$i":"callAirplaneModeTitle","$v":"ფრენის რეჟიმი გააქტიურებულია"},{"$i":"numberIsBusyTitle","$v":"ნომერი დაკავებულია"},{"$i":"numberIsBusyMessage","$v":"ნომერი ამჟამად დაკავებული. გთხოვთ, მოგვიანებით კიდევ სცადეთ."},{"$i":"fdnIsActiveTitle","$v":"FDN აქტიური"},{"$i":"fdnIsActiveMessage","$v":["FDN (ფიქსირებული ასაკრეფი ნომრები) გააქტიურებულია, ხოლო შემდეგი ნომერი არ არის თქვენი FDN-ის სიაში: ",{"t":"idOrVar","v":"number"}]},{"$i":"emergencyDialogBodyBadNumber","$v":"ზარის განსახორციელებლად, ტელეფონი ჩართული უნდა იყოს ინტერნეტში."},{"$i":"emergencyDialogBodyDeviceNotAccepted","$v":"საგანგებო ზარების განხორციელება ქსელით დაუშვებელია."},{"$i":"emergencyDialogBtnOk","$v":"OK"},{"$i":"emergencyDialogTitle","$v":"ქსელთან კავშირი არ არის"},{"$i":"invalidNumberToDialTitle","$v":"არასწორი ტელეფონის ნომერი"},{"$i":"invalidNumberToDialMessage","$v":"ტელეფონის ნომერი, რომელზეც რეკავთ, არასწორია."},{"$i":"unableToCallTitle","$v":"ზარის განხორციელება შეუძლებელია. "},{"$i":"unableToCallMessage","$v":"სატელეფონო ზარის განხორციელება ახლა შეუძლებელია"},{"$i":"otherConnectionInUseTitle","$v":"სხვა მოქმედი კავშირები"},{"$i":"otherConnectionInUseMessage","$v":"თქვენ გაქვთ აქტიური ზარი მეორე ხაზზე. ერთ ჯერზე მხოლოდ ერთი კავშირის გამოყენება შეგიძლიათ."},{"$i":"connectingEllipsis","$v":"დაკავშირება..."}]