[{"$i":"error","$v":"Қате"},{"$i":"ok","$v":"OK"},{"$i":"cancel","$v":"Бас тарту"},{"$i":"emergency-call-only","$v":"Жедел қоңырау ғана"},{"$i":"emergency-call-error","$v":[{"t":"idOrVar","v":"number"}," төтенше жағдайларда қоңырау шалуға арналған телефон нөмірі емес."]},{"$i":"contact-list-empty-message","$v":"Қоңырау шалу үшін сандық тақтаны басыңыз"},{"$i":"kai-call","$v":"Қоңырау"},{"$i":"emergency-call","$v":"Жедел қоңырау ғана"},{"$i":"sim-chooser-header","$v":"Таңдау"},{"$i":"select","$v":"Таңдау"},{"$i":"options","$v":"Опциялар"},{"$i":"sim-with-index-and-carrier","$v":["SIM",{"t":"idOrVar","v":"index"}," — ",{"t":"idOrVar","v":"carrier"}]},{"$i":"sim-without-carrier","$v":["SIM",{"t":"idOrVar","v":"index"}]},{"$i":"numberBlockedMessage","$v":"Бұл нөмір бұғатталған. Сіз ата-анаңыздан рұқсат сұрай аласыз."},{"$i":"emergencyNumber","$v":"Төтенше байланыс нөмірі"},{"$i":"callAirplaneModeMessage","$v":"Қоңырау шалу үшін параметрлерде ұшақ режимін ажырату қажет."},{"$i":"callAirplaneModeBtnOk","$v":"OK"},{"$i":"callAirplaneModeTitle","$v":"Ұшақ режимі қосылды"},{"$i":"numberIsBusyTitle","$v":"Нөмір бос емес"},{"$i":"numberIsBusyMessage","$v":"Нөмір қазір бос емес. Кейінірек қайталап көріңіз."},{"$i":"fdnIsActiveTitle","$v":"FDN белсенді"},{"$i":"fdnIsActiveMessage","$v":["FDN (Бекітілген терілетін нөмірлер) функциясы белсенді және сіздің FDN тізіміңізде келесі нөмір жоқ: ",{"t":"idOrVar","v":"number"}]},{"$i":"emergencyDialogBodyBadNumber","$v":"Қоңырау шалу үшін телефон желіге қосылуы тиіс."},{"$i":"emergencyDialogBodyDeviceNotAccepted","$v":"Желіде төтенше қоңырауларға рұқсат жоқ."},{"$i":"emergencyDialogBtnOk","$v":"OK"},{"$i":"emergencyDialogTitle","$v":"Желі байланысы жоқ"},{"$i":"invalidNumberToDialTitle","$v":"Жарамсыз телефон нөмірі"},{"$i":"invalidNumberToDialMessage","$v":"Сіз қоңырау шалып жатқан телефон нөмірі жарамсыз."},{"$i":"unableToCallTitle","$v":"Қоңырау шалу мүмкін емес. "},{"$i":"unableToCallMessage","$v":"Қазір телефон арқылы қоңырау шалу мүмкін емес"},{"$i":"otherConnectionInUseTitle","$v":"Пайд. басқа байланыс"},{"$i":"otherConnectionInUseMessage","$v":"Басқа қосылымда белсенді қоңырау бар. Бір уақытта тек бір қосылымды пайдалана аласыз."},{"$i":"connectingEllipsis","$v":"Қосылуда..."}]