[{"$i":"error","$v":"Klaida"},{"$i":"ok","$v":"GERAI"},{"$i":"cancel","$v":"Atš."},{"$i":"emergency-call-only","$v":"Tik skam. sk. pag. t."},{"$i":"emergency-call-error","$v":[{"t":"idOrVar","v":"number"}," nėra pagalbos tarnybos nr."]},{"$i":"contact-list-empty-message","$v":"Kad paskambintumėte, pasp. skaičių klav."},{"$i":"kai-call","$v":"Skambinti"},{"$i":"emergency-call","$v":"Tik skam. sk. pag. t."},{"$i":"sim-chooser-header","$v":"Rinktis"},{"$i":"select","$v":"Rinktis"},{"$i":"options","$v":"Parinktys"},{"$i":"sim-with-index-and-carrier","$v":["SIM",{"t":"idOrVar","v":"index"}," – ",{"t":"idOrVar","v":"carrier"}]},{"$i":"sim-without-carrier","$v":["SIM",{"t":"idOrVar","v":"index"}]},{"$i":"numberBlockedMessage","$v":"Šis numeris užblokuotas. Galite paprašyti tėvų leidimo."},{"$i":"emergencyNumber","$v":"Pagalbos tarnybos numeris"},{"$i":"callAirplaneModeMessage","$v":"Norinti skambinti, reikia išjungti lėktuvo režimą param. skiltyje."},{"$i":"callAirplaneModeBtnOk","$v":"GERAI"},{"$i":"callAirplaneModeTitle","$v":"Lėkt. režimas įjungtas"},{"$i":"numberIsBusyTitle","$v":"Numeris užimtas"},{"$i":"numberIsBusyMessage","$v":"Šiuo metu numeris užimtas. Bandykite dar kartą vėliau."},{"$i":"fdnIsActiveTitle","$v":"FDN įjung."},{"$i":"fdnIsActiveMessage","$v":["FDN (apribotojo rinkimo numerių) funkc. yra įjungta, bet šio numerio nėra jūsų FDN sąraše: ",{"t":"idOrVar","v":"number"}]},{"$i":"emergencyDialogBodyBadNumber","$v":"Norint skambinti, telefonas turi būti prijungtas prie tinklo."},{"$i":"emergencyDialogBodyDeviceNotAccepted","$v":"Tinkle skambučiai pagalbos tarnyboms neleidžiami."},{"$i":"emergencyDialogBtnOk","$v":"Gerai"},{"$i":"emergencyDialogTitle","$v":"Nėra tinklo ryšio"},{"$i":"invalidNumberToDialTitle","$v":"Neteis. telef. num."},{"$i":"invalidNumberToDialMessage","$v":"Telefono numeris, kuriuo skambinate, neteisingas."},{"$i":"unableToCallTitle","$v":"Nepav. paskambinti. "},{"$i":"unableToCallMessage","$v":"Nepavyksta paskambinti"},{"$i":"otherConnectionInUseTitle","$v":"Naudojamas kitas ryšys"},{"$i":"otherConnectionInUseMessage","$v":"Šiuo metu aktyviai skambinate kitam ryšiui. Galite naudotis tik vienu ryšiu tuo pačiu metu."},{"$i":"connectingEllipsis","$v":"Jungiamasi..."}]