[{"$i":"error","$v":"Eroare"},{"$i":"ok","$v":"OK"},{"$i":"cancel","$v":"Anulare"},{"$i":"emergency-call-only","$v":"Numai apel de urgență"},{"$i":"emergency-call-error","$v":[{"t":"idOrVar","v":"number"}," nu este un număr de urgență."]},{"$i":"contact-list-empty-message","$v":"Apăsați tastatura numerică pentru a efectua un apel"},{"$i":"kai-call","$v":"Apel"},{"$i":"emergency-call","$v":"Numai apel de urgență"},{"$i":"sim-chooser-header","$v":"Selectare"},{"$i":"select","$v":"Selectare"},{"$i":"options","$v":"Opțiuni"},{"$i":"sim-with-index-and-carrier","$v":["SIM",{"t":"idOrVar","v":"index"}," — ",{"t":"idOrVar","v":"carrier"}]},{"$i":"sim-without-carrier","$v":["SIM",{"t":"idOrVar","v":"index"}]},{"$i":"numberBlockedMessage","$v":"Acest număr este blocat. Puteți cere permisiunea părinților."},{"$i":"emergencyNumber","$v":"Număr de urgență"},{"$i":"callAirplaneModeMessage","$v":"Pentru a efectua un apel, trebuie să dezactivați modul avion din setări."},{"$i":"callAirplaneModeBtnOk","$v":"OK"},{"$i":"callAirplaneModeTitle","$v":"Mod avion activat"},{"$i":"numberIsBusyTitle","$v":"Numărul este ocupat"},{"$i":"numberIsBusyMessage","$v":"Numărul este ocupat momentan. Încercați din nou mai târziu."},{"$i":"fdnIsActiveTitle","$v":"FDN activ"},{"$i":"fdnIsActiveMessage","$v":["FDN (Numere pentru apelare permise) este activat și următorul număr nu se află în lista dvs. FDN: ",{"t":"idOrVar","v":"number"}]},{"$i":"emergencyDialogBodyBadNumber","$v":"Pentru a efectua un apel, telefonul trebuie să fie conectat la o rețea."},{"$i":"emergencyDialogBodyDeviceNotAccepted","$v":"Apelurile de urgență nu sunt permise de rețea."},{"$i":"emergencyDialogBtnOk","$v":"OK"},{"$i":"emergencyDialogTitle","$v":"Nicio conexiune de rețea"},{"$i":"invalidNumberToDialTitle","$v":"Număr de telefon nevalid"},{"$i":"invalidNumberToDialMessage","$v":"Numărul de telefon pe care îl apelați nu este valabil."},{"$i":"unableToCallTitle","$v":"Imposibil de efectuat un apel. "},{"$i":"unableToCallMessage","$v":"Imposibil să efectuați un apel acum"},{"$i":"otherConnectionInUseTitle","$v":"Altă conexiune utilizată"},{"$i":"otherConnectionInUseMessage","$v":"Aveți un apel activ pe altă conexiune. Puteți utiliza o singură conexiune o dată."},{"$i":"connectingEllipsis","$v":"În curs de conectare..."}]