[{"$i":"error","$v":"Feil"},{"$i":"ok","$v":"OK"},{"$i":"cancel","$v":"Avbryt"},{"$i":"emergency-call-only","$v":"Bare nødanrop"},{"$i":"emergency-call-error","$v":[{"t":"idOrVar","v":"number"}," er ikke et nødnummer."]},{"$i":"contact-list-empty-message","$v":"Trykk på tastaturet for å foreta anrop"},{"$i":"kai-call","$v":"Anrop"},{"$i":"emergency-call","$v":"Bare nødanrop"},{"$i":"sim-chooser-header","$v":"Velg"},{"$i":"select","$v":"Velg"},{"$i":"options","$v":"Valg"},{"$i":"sim-with-index-and-carrier","$v":["SIM",{"t":"idOrVar","v":"index"}," – ",{"t":"idOrVar","v":"carrier"}]},{"$i":"sim-without-carrier","$v":["SIM",{"t":"idOrVar","v":"index"}]},{"$i":"numberBlockedMessage","$v":"Dette nummeret er blokkert. Du kan be foreldrene dine om tillatelse."},{"$i":"emergencyNumber","$v":"Nødnummer"},{"$i":"callAirplaneModeMessage","$v":"For å foreta et anrop må du deaktivere flymodus i innstillinger."},{"$i":"callAirplaneModeBtnOk","$v":"OK"},{"$i":"callAirplaneModeTitle","$v":"Flymodus aktivert"},{"$i":"numberIsBusyTitle","$v":"Nummer er opptatt"},{"$i":"numberIsBusyMessage","$v":"Nummeret er opptatt. Prøv igjen senere."},{"$i":"fdnIsActiveTitle","$v":"FDN aktiv"},{"$i":"fdnIsActiveMessage","$v":["FDN (Fixed Dialling Numbers) er aktivert og følgende nummer er ikke i FDN-listen din: ",{"t":"idOrVar","v":"number"}]},{"$i":"emergencyDialogBodyBadNumber","$v":"For å foreta et anrop må telefonen være tilkoblet et nettverk."},{"$i":"emergencyDialogBodyDeviceNotAccepted","$v":"Nødanrop er ikke tillatt av nettverket."},{"$i":"emergencyDialogBtnOk","$v":"OK"},{"$i":"emergencyDialogTitle","$v":"Ingen nettverkstilkobling"},{"$i":"invalidNumberToDialTitle","$v":"Ugyldig telefonnummer"},{"$i":"invalidNumberToDialMessage","$v":"Telefonnummeret du ringer er ugyldig."},{"$i":"unableToCallTitle","$v":"Kan ikke foreta et anrop. "},{"$i":"unableToCallMessage","$v":"Kan ikke foreta en oppringning nå"},{"$i":"otherConnectionInUseTitle","$v":"Annen tilkobling i bruk"},{"$i":"otherConnectionInUseMessage","$v":"Du har en annen aktiv samtale i en annen forbindelse. Du kan bare bruke én tilkobling om gangen."},{"$i":"connectingEllipsis","$v":"Kobler til…"}]