[{"$i":"error","$v":"Fout"},{"$i":"ok","$v":"OK"},{"$i":"cancel","$v":"Annuleren"},{"$i":"emergency-call-only","$v":"Alleen noodoproep"},{"$i":"emergency-call-error","$v":[{"t":"idOrVar","v":"number"}," is geen alarmnummer."]},{"$i":"contact-list-empty-message","$v":"Druk op de cijfertoetsen om te bellen"},{"$i":"kai-call","$v":"Oproep"},{"$i":"emergency-call","$v":"Noodoproep"},{"$i":"sim-chooser-header","$v":"Selecteer"},{"$i":"select","$v":"Selecteer"},{"$i":"options","$v":"Opties"},{"$i":"sim-with-index-and-carrier","$v":["SIM",{"t":"idOrVar","v":"index"}," - ",{"t":"idOrVar","v":"carrier"}]},{"$i":"sim-without-carrier","$v":["SIM",{"t":"idOrVar","v":"index"}]},{"$i":"numberBlockedMessage","$v":"Dit nummer is geblokkeerd. Vraag je ouders om toestemming."},{"$i":"emergencyNumber","$v":"Noodnummer"},{"$i":"callAirplaneModeMessage","$v":"Om een oproep te plaatsen moet u de vliegtuigmodus uitschakelen in instellingen."},{"$i":"callAirplaneModeBtnOk","$v":"OK"},{"$i":"callAirplaneModeTitle","$v":"Vliegtuigmodus geactiveerd"},{"$i":"numberIsBusyTitle","$v":"Het nummer is in gesprek"},{"$i":"numberIsBusyMessage","$v":"Het nummer is op dit moment in gesprek. Probeer het later nog eens."},{"$i":"fdnIsActiveTitle","$v":"FDN actief"},{"$i":"fdnIsActiveMessage","$v":["FDN (vaste nummers bellen) is geactiveerd en het volgende nummer staat niet in uw FDN-lijst: ",{"t":"idOrVar","v":"number"}]},{"$i":"emergencyDialogBodyBadNumber","$v":"Om een oproep te plaatsen, moet de telefoon verbonden zijn met een netwerk."},{"$i":"emergencyDialogBodyDeviceNotAccepted","$v":"Noodoproepen zijn op het netwerk niet toegestaan."},{"$i":"emergencyDialogBtnOk","$v":"OK"},{"$i":"emergencyDialogTitle","$v":"Geen netwerkverbinding"},{"$i":"invalidNumberToDialTitle","$v":"Ongeldig telefoonnummer"},{"$i":"invalidNumberToDialMessage","$v":"Het telefoonnummer dat u belt is niet geldig."},{"$i":"unableToCallTitle","$v":"Bellen niet mogelijk"},{"$i":"unableToCallMessage","$v":"Bellen is nu niet mogelijk."},{"$i":"otherConnectionInUseTitle","$v":"Andere verbinding in gebruik"},{"$i":"otherConnectionInUseMessage","$v":"U hebt een actieve oproep op een andere verbinding. U kunt slechts één verbinding tegelijk gebruiken."},{"$i":"connectingEllipsis","$v":"Verbinding maken..."}]