[{"$i":"error","$v":"Błąd"},{"$i":"ok","$v":"OK"},{"$i":"cancel","$v":"Anuluj"},{"$i":"emergency-call-only","$v":"Tylko połączenia alarmowe"},{"$i":"emergency-call-error","$v":[{"t":"idOrVar","v":"number"}," nie jest numerem alarmowym."]},{"$i":"contact-list-empty-message","$v":"Aby wykonać połączenie, wybierz klawiaturę numeryczną"},{"$i":"kai-call","$v":"Połączenie"},{"$i":"emergency-call","$v":"Alarmowe"},{"$i":"sim-chooser-header","$v":"Wybierz"},{"$i":"select","$v":"Wybierz"},{"$i":"options","$v":"Opcje"},{"$i":"sim-with-index-and-carrier","$v":["SIM",{"t":"idOrVar","v":"index"}," – ",{"t":"idOrVar","v":"carrier"}]},{"$i":"sim-without-carrier","$v":["SIM",{"t":"idOrVar","v":"index"}]},{"$i":"numberBlockedMessage","$v":"Numer jest zablokowany. Możesz poprosić rodziców o przydzielenie uprawnień."},{"$i":"emergencyNumber","$v":"Numer alarmowy"},{"$i":"callAirplaneModeMessage","$v":"Aby móc wykonać połączenie, musisz wyłączyć tryb samolotowy w ustawieniach."},{"$i":"callAirplaneModeBtnOk","$v":"OK"},{"$i":"callAirplaneModeTitle","$v":"Włączono tryb samolotowy"},{"$i":"numberIsBusyTitle","$v":"Numer jest zajęty"},{"$i":"numberIsBusyMessage","$v":"Numer jest aktualnie zajęty. Spróbuj ponownie później."},{"$i":"fdnIsActiveTitle","$v":"Usługa FDN jest włączona"},{"$i":"fdnIsActiveMessage","$v":["Usługa FDN (ustalone numery) jest włączona, a następujący numer nie znajduje się na liście FDN: ",{"t":"idOrVar","v":"number"}]},{"$i":"emergencyDialogBodyBadNumber","$v":"Aby możliwe było wykonywanie połączeń, telefon musi być połączony z siecią."},{"$i":"emergencyDialogBodyDeviceNotAccepted","$v":"Sieć nie zezwala na połączenia alarmowe."},{"$i":"emergencyDialogBtnOk","$v":"OK"},{"$i":"emergencyDialogTitle","$v":"Brak połączenia z siecią"},{"$i":"invalidNumberToDialTitle","$v":"Nieprawidłowy numer telefonu"},{"$i":"invalidNumberToDialMessage","$v":"Wybrany numer telefonu nie jest prawidłowy."},{"$i":"unableToCallTitle","$v":"Nie można wykonać połączenia"},{"$i":"unableToCallMessage","$v":"Aktualnie nie można nawiązać połączenia głosowego."},{"$i":"otherConnectionInUseTitle","$v":"Inne łącze w użyciu"},{"$i":"otherConnectionInUseMessage","$v":"Masz aktywne połączenie na innym łączu. Nie możesz używać więcej niż jednego łącza."},{"$i":"connectingEllipsis","$v":"Łączenie..."}]