[{"$i":"error","$v":"Erro"},{"$i":"ok","$v":"OK"},{"$i":"cancel","$v":"Cancelar"},{"$i":"emergency-call-only","$v":"Apenas chamada de emergência"},{"$i":"emergency-call-error","$v":[{"t":"idOrVar","v":"number"}," não é um número de emergência."]},{"$i":"contact-list-empty-message","$v":"Premir o teclado numérico para efetuar uma chamada"},{"$i":"kai-call","$v":"Chamar"},{"$i":"emergency-call","$v":"Emergência"},{"$i":"sim-chooser-header","$v":"Selecionar"},{"$i":"select","$v":"Selecionar"},{"$i":"options","$v":"Opções"},{"$i":"sim-with-index-and-carrier","$v":["SIM",{"t":"idOrVar","v":"index"}," - ",{"t":"idOrVar","v":"carrier"}]},{"$i":"sim-without-carrier","$v":["SIM",{"t":"idOrVar","v":"index"}]},{"$i":"numberBlockedMessage","$v":"Este número está bloqueado. Pode pedir permissão aos seus pais."},{"$i":"emergencyNumber","$v":"Número de emergência"},{"$i":"callAirplaneModeMessage","$v":"Para efetuar uma chamada tem de desativar o modo de voo nas definições."},{"$i":"callAirplaneModeBtnOk","$v":"OK"},{"$i":"callAirplaneModeTitle","$v":"Modo de voo ativado"},{"$i":"numberIsBusyTitle","$v":"Número ocupado"},{"$i":"numberIsBusyMessage","$v":"O número está ocupado neste momento. Tente novamente mais tarde."},{"$i":"fdnIsActiveTitle","$v":"FDN ativo"},{"$i":"fdnIsActiveMessage","$v":["O FDN (Números de marcação fixa) está ativado e o número seguinte não está na sua lista FDN: ",{"t":"idOrVar","v":"number"}]},{"$i":"emergencyDialogBodyBadNumber","$v":"Para efetuar uma chamada, o telefone tem de estar ligado a uma rede."},{"$i":"emergencyDialogBodyDeviceNotAccepted","$v":"A rede não permite chamadas de emergência."},{"$i":"emergencyDialogBtnOk","$v":"OK"},{"$i":"emergencyDialogTitle","$v":"Sem ligação"},{"$i":"invalidNumberToDialTitle","$v":"Número de telefone inválido"},{"$i":"invalidNumberToDialMessage","$v":"O número de telefone para onde está a ligar não é válido."},{"$i":"unableToCallTitle","$v":"Não é possível efetuar uma chamada"},{"$i":"unableToCallMessage","$v":"Não é possível efetuar uma chamada agora."},{"$i":"otherConnectionInUseTitle","$v":"Outra ligação em utilização"},{"$i":"otherConnectionInUseMessage","$v":"Tem uma chamada ativa noutra ligação. Apenas pode utilizar uma ligação de cada vez."},{"$i":"connectingEllipsis","$v":"A ligar..."}]