[{"$i":"error","$v":"දෝෂය"},{"$i":"ok","$v":"OK"},{"$i":"cancel","$v":"අවලංගු කරන්න"},{"$i":"emergency-call-only","$v":"හදිසි අවස්ථා ඇමතුම පමණි"},{"$i":"emergency-call-error","$v":[{"t":"idOrVar","v":"number"}," යනු හදිසි අංකයක් නොවේ."]},{"$i":"contact-list-empty-message","$v":"ඇමතුමක් ගැනීමට අංක ඵලකය ඔබන්න"},{"$i":"kai-call","$v":"අමතන්න"},{"$i":"emergency-call","$v":"හදිසි අවස්ථා ඇමතුම පමණි"},{"$i":"sim-chooser-header","$v":"තෝරන්න"},{"$i":"select","$v":"තෝරන්න"},{"$i":"options","$v":"විකල්ප"},{"$i":"sim-with-index-and-carrier","$v":["SIM",{"t":"idOrVar","v":"index"}," - ",{"t":"idOrVar","v":"carrier"}]},{"$i":"sim-without-carrier","$v":["SIM",{"t":"idOrVar","v":"index"}]},{"$i":"numberBlockedMessage","$v":"මෙම අංකය අවහිර කර ඇත. ඔබට ඔබේ දෙමාපියන්ගෙන් අවසර ඉල්ලිය හැකිය."},{"$i":"emergencyNumber","$v":"හදිසි අවස්ථා අංකය"},{"$i":"callAirplaneModeMessage","$v":"ඇමතුමක් ලබා ගැනීමට ඔබ ගුවන්යානා මාදිලිය පසුතලහිදී අක්‍රීය කළ යුතුය."},{"$i":"callAirplaneModeBtnOk","$v":"හරි"},{"$i":"callAirplaneModeTitle","$v":"ගුවන් යානා මාදිලිය සක්‍රීයයි"},{"$i":"numberIsBusyTitle","$v":"අංකය කාර්ය බහුලයි"},{"$i":"numberIsBusyMessage","$v":"අංකය මේ මොහොතේ කාර්යබහුලයි. කරුණාකර පසුව නැවත උත්සාහ කරන්න."},{"$i":"fdnIsActiveTitle","$v":"FDN සක්‍රියයි"},{"$i":"fdnIsActiveMessage","$v":["FDN (ස්ථිර ඩයල් කිරීමේ අංක) සක්‍රිය කර ඇති අතර පහත දැක්වෙන අංකය ඔබේ FDN ලැයිස්තුවේ නැත: ",{"t":"idOrVar","v":"number"}]},{"$i":"emergencyDialogBodyBadNumber","$v":"ඇමතුමක් ලබා ගැනීමට, දුරකථනය ජාලයකට සම්බන්ධ කර තිබිය යුතුය."},{"$i":"emergencyDialogBodyDeviceNotAccepted","$v":"ජාලයෙන් හදිසි අවස්ථා ඇමතුම්වලට ඉඩ නොලැබේ."},{"$i":"emergencyDialogBtnOk","$v":"හරි"},{"$i":"emergencyDialogTitle","$v":"ජාල සම්බන්ධතාවයක් නැත"},{"$i":"invalidNumberToDialTitle","$v":"වලංගු නැති දුරකථන අංකය"},{"$i":"invalidNumberToDialMessage","$v":"ඔබ අමතන දුරකථන අංකය වලංගු එකක් නොවේ."},{"$i":"unableToCallTitle","$v":"ඇමතුමක් ගත නොහැක. "},{"$i":"unableToCallMessage","$v":"දැන් ඇමතුමක් ලබා දිය නොහැකිය"},{"$i":"otherConnectionInUseTitle","$v":"භාවිතා වන අනෙක් සම්බන්ධතාව"},{"$i":"otherConnectionInUseMessage","$v":"ඔබට වෙනත් සම්බන්ධතාවයක සක්‍රීය ඇමතුමක් තිබේ. ඔබට එක් අවස්ථාවක භාවිතා කළ හැක්කේ එක් සම්බන්ධතාවයක් පමණි."},{"$i":"connectingEllipsis","$v":"සම්බන්ධ වෙමින්..."}]