[{"$i":"error","$v":"Gabim"},{"$i":"ok","$v":"OK"},{"$i":"cancel","$v":"Anulo"},{"$i":"emergency-call-only","$v":"Vetëm Tel. Emergjence"},{"$i":"emergency-call-error","$v":[{"t":"idOrVar","v":"number"}," nuk është numër emergjence."]},{"$i":"contact-list-empty-message","$v":"Shtyp bllokun numerik për të kryer thirrje"},{"$i":"kai-call","$v":"Telefonatë"},{"$i":"emergency-call","$v":"Vetëm telefonata emergjence"},{"$i":"sim-chooser-header","$v":"Zgjidh"},{"$i":"select","$v":"Zgjidh"},{"$i":"options","$v":"Opsionet"},{"$i":"sim-with-index-and-carrier","$v":["SIM",{"t":"idOrVar","v":"index"}," - ",{"t":"idOrVar","v":"carrier"}]},{"$i":"sim-without-carrier","$v":["SIM",{"t":"idOrVar","v":"index"}]},{"$i":"numberBlockedMessage","$v":"Ky numër është i bllokuar. Ju mund t'i kërkoni prindërit tuaj leje."},{"$i":"emergencyNumber","$v":"Numri i emergjencës"},{"$i":"callAirplaneModeMessage","$v":"Për të kryer telefonatë duhet të çaktivizosh modalitetin e fluturimit te cilësimet."},{"$i":"callAirplaneModeBtnOk","$v":"OK"},{"$i":"callAirplaneModeTitle","$v":"Modaliteti i fluturimit u aktivizua"},{"$i":"numberIsBusyTitle","$v":"Numri është i zënë"},{"$i":"numberIsBusyMessage","$v":"Numri është i zënë për momentin. Provo sërish më vonë."},{"$i":"fdnIsActiveTitle","$v":"FDN aktive"},{"$i":"fdnIsActiveMessage","$v":["FDN (numra të caktuar telefoni) është aktive dhe numri i mëposhtëm nuk është në listën FDN: ",{"t":"idOrVar","v":"number"}]},{"$i":"emergencyDialogBodyBadNumber","$v":"Për të kryer telefonatë, telefoni duhet të jetë i lidhur me një rrjet."},{"$i":"emergencyDialogBodyDeviceNotAccepted","$v":"Telefonatat e emergjencës nuk lejohen nga rrjeti."},{"$i":"emergencyDialogBtnOk","$v":"OK"},{"$i":"emergencyDialogTitle","$v":"Nuk ka lidhje rrjeti"},{"$i":"invalidNumberToDialTitle","$v":"Numër i pavlefshëm telefoni"},{"$i":"invalidNumberToDialMessage","$v":"Numri i telefonit që formove nuk është i vlefshëm."},{"$i":"unableToCallTitle","$v":"Nuk telefonon dot. "},{"$i":"unableToCallMessage","$v":"Nuk telefonon dot për momentin"},{"$i":"otherConnectionInUseTitle","$v":"Lidhje tjetër në përdorim"},{"$i":"otherConnectionInUseMessage","$v":"Ke një telefonatë aktive në lidhjen tjetër. Mund të përdorësh vetëm një lidhje për rast."},{"$i":"connectingEllipsis","$v":"Po lidhet..."}]