[{"$i":"error","$v":"ข้อผิดพลาด"},{"$i":"ok","$v":"ตกลง"},{"$i":"cancel","$v":"ยกเลิก"},{"$i":"emergency-call-only","$v":"โทรฉุกเฉินเท่านั้น"},{"$i":"emergency-call-error","$v":[{"t":"idOrVar","v":"number"}," ไม่ใช่หมายเลขฉุกเฉิน"]},{"$i":"contact-list-empty-message","$v":"กดตัวเลขบนแป้นเพื่อโทรออก"},{"$i":"kai-call","$v":"การโทร"},{"$i":"emergency-call","$v":"ฉุกเฉิน"},{"$i":"sim-chooser-header","$v":"เลือก"},{"$i":"select","$v":"เลือก"},{"$i":"options","$v":"ตัวเลือก"},{"$i":"sim-with-index-and-carrier","$v":["ซิม ",{"t":"idOrVar","v":"index"}," - ",{"t":"idOrVar","v":"carrier"}]},{"$i":"sim-without-carrier","$v":["ซิม ",{"t":"idOrVar","v":"index"}]},{"$i":"numberBlockedMessage","$v":"หมายเลขนี้ถูกบล็อก"},{"$i":"emergencyNumber","$v":"หมายเลขฉุกเฉิน"},{"$i":"callAirplaneModeMessage","$v":"หากต้องการโทรออก คุณต้องปิดใช้งานโหมดเครื่องบินในการตั้งค่า"},{"$i":"callAirplaneModeBtnOk","$v":"ตกลง"},{"$i":"callAirplaneModeTitle","$v":"เปิดใช้งานโหมดเครื่องบินแล้ว"},{"$i":"numberIsBusyTitle","$v":"หมายเลขไม่ว่าง"},{"$i":"numberIsBusyMessage","$v":"หมายเลขนี้ไม่ว่าง กรุณาลองใหม่ในภายหลัง"},{"$i":"fdnIsActiveTitle","$v":"FDN ใช้งานอยู่"},{"$i":"fdnIsActiveMessage","$v":["FDN (หมายเลขโทรออกที่กำหนด) เปิดใช้งานแล้ว และหมายเลขต่อไปนี้ไม่ได้อยู่ในรายการ FDN ของคุณ: ",{"t":"idOrVar","v":"number"}]},{"$i":"emergencyDialogBodyBadNumber","$v":"หากต้องการโทร โทรศัพท์จะต้องเชื่อมต่อกับเครือข่าย"},{"$i":"emergencyDialogBodyDeviceNotAccepted","$v":"การโทรฉุกเฉินไม่ได้รับอนุญาตโดยเครือข่าย"},{"$i":"emergencyDialogBtnOk","$v":"ตกลง"},{"$i":"emergencyDialogTitle","$v":"ไม่มีการเชื่อมต่อเครือข่าย"},{"$i":"invalidNumberToDialTitle","$v":"หมายเลขโทรศัพท์ไม่ถูกต้อง"},{"$i":"invalidNumberToDialMessage","$v":"หมายเลขโทรศัพท์ที่คุณกำลังโทรไม่ถูกต้อง"},{"$i":"unableToCallTitle","$v":"ไม่สามารถโทรออก"},{"$i":"unableToCallMessage","$v":"ไม่สามารถโทรออกได้ตอนนี้"},{"$i":"otherConnectionInUseTitle","$v":"การเชื่อมต่ออื่นที่กำลังใช้งานอยู่"},{"$i":"otherConnectionInUseMessage","$v":"คุณมีการโทรที่กำลังใช้งานอยู่ในการเชื่อมต่ออื่น คุณสามารถเพิ่มการเชื่อมต่อได้ครั้งละหนึ่งรายการเท่านั้น"},{"$i":"connectingEllipsis","$v":"กำลังเชื่อมต่อ..."}]