[{"$i":"error","$v":"Lỗi"},{"$i":"ok","$v":"OK"},{"$i":"cancel","$v":"Hủy"},{"$i":"emergency-call-only","$v":"Chỉ Cuộc gọi Khẩn cấp"},{"$i":"emergency-call-error","$v":[{"t":"idOrVar","v":"number"}," không phải là số khẩn cấp."]},{"$i":"contact-list-empty-message","$v":"Nhấn phím số để thực hiện cuộc gọi"},{"$i":"kai-call","$v":"Gọi"},{"$i":"emergency-call","$v":"Khẩn cấp"},{"$i":"sim-chooser-header","$v":"Chọn"},{"$i":"select","$v":"Chọn"},{"$i":"options","$v":"Tùy chọn"},{"$i":"sim-with-index-and-carrier","$v":["SIM",{"t":"idOrVar","v":"index"}," - ",{"t":"idOrVar","v":"carrier"}]},{"$i":"sim-without-carrier","$v":["SIM",{"t":"idOrVar","v":"index"}]},{"$i":"numberBlockedMessage","$v":"Số này bị chăn. Bạn có thể yêu cầu phụ huynh để được cho phép."},{"$i":"emergencyNumber","$v":"Số khẩn cấp"},{"$i":"callAirplaneModeMessage","$v":"Để thực hiện cuộc gọi, bạn cần tắt chế độ máy bay trong cài đặt."},{"$i":"callAirplaneModeBtnOk","$v":"OK"},{"$i":"callAirplaneModeTitle","$v":"Chế độ máy bay được kích hoạt"},{"$i":"numberIsBusyTitle","$v":"Số điện thoại đang bận"},{"$i":"numberIsBusyMessage","$v":"Số điện thoại hiện đang bận. Vui lòng gọi lại sau."},{"$i":"fdnIsActiveTitle","$v":"FDN đang hoạt động"},{"$i":"fdnIsActiveMessage","$v":["FDN (Số Quay số Cố định) được kích hoạt và số sau đây không nằm trong danh sách FDN của bạn: ",{"t":"idOrVar","v":"number"}]},{"$i":"emergencyDialogBodyBadNumber","$v":"Để thực hiện một cuộc gọi, phải kết nối điện thoại với mạng."},{"$i":"emergencyDialogBodyDeviceNotAccepted","$v":"Mạng không cho phép các cuộc gọi khẩn cấp."},{"$i":"emergencyDialogBtnOk","$v":"OK"},{"$i":"emergencyDialogTitle","$v":"Không có kết nối mạng"},{"$i":"invalidNumberToDialTitle","$v":"Số điện thoại không hợp lệ"},{"$i":"invalidNumberToDialMessage","$v":"Số điện thoại bạn đang gọi không hợp lệ."},{"$i":"unableToCallTitle","$v":"Không thể thực hiện cuộc gọi"},{"$i":"unableToCallMessage","$v":"Không thể thực hiện cuộc gọi điện thoại ngay bây giờ."},{"$i":"otherConnectionInUseTitle","$v":"Đang sử dụng kết nối khác"},{"$i":"otherConnectionInUseMessage","$v":"Bạn đang có một cuộc gọi trên một kết nối khác. Bạn chỉ có thể sử dụng một kết nối một lần."},{"$i":"connectingEllipsis","$v":"Đang kết nối..."}]