[{"$i":"error","$v":"Impazamo"},{"$i":"ok","$v":"Kulungile"},{"$i":"cancel","$v":"Rhoxisa"},{"$i":"emergency-call-only","$v":"Iminxeba Yongxamiseko Kuphela"},{"$i":"emergency-call-error","$v":[{"t":"idOrVar","v":"number"}," ayiyiyo inombolo yongxamiseko."]},{"$i":"contact-list-empty-message","$v":"Press number pad to make a call"},{"$i":"kai-call","$v":"Umnxeba"},{"$i":"emergency-call","$v":"Ungxamiseko"},{"$i":"sim-chooser-header","$v":"Khetha"},{"$i":"select","$v":"Khetha"},{"$i":"options","$v":"Ukhetho"},{"$i":"sim-with-index-and-carrier","$v":["i-SIM",{"t":"idOrVar","v":"index"}," - ",{"t":"idOrVar","v":"carrier"}]},{"$i":"sim-without-carrier","$v":["i-SIM",{"t":"idOrVar","v":"index"}]},{"$i":"numberBlockedMessage","$v":"Le nombolo ivaliwe. Ungacela imvume kubazali bakho."},{"$i":"emergencyNumber","$v":"Inombolo yongxamiseko"},{"$i":"callAirplaneModeMessage","$v":"Ukuze utsalele umnxeba kufuneka uvalele imowudi yenqwelo-moya kwiisetingi."},{"$i":"callAirplaneModeBtnOk","$v":"Kulungile"},{"$i":"callAirplaneModeTitle","$v":"Imowudi yenqwelo-moya ivulelwe"},{"$i":"numberIsBusyTitle","$v":"Inombolo ixakekile"},{"$i":"numberIsBusyMessage","$v":"Le nombolo isaxakekile okwangoku. Nceda uzame kwakhona kamva."},{"$i":"fdnIsActiveTitle","$v":"i-FDN ivulelwe"},{"$i":"fdnIsActiveMessage","$v":["i-FDN (Fixed Dialing Numbers) ivulelwe yaye le nombolo ilandelayo ayikho kuluhlu lwakho lwe-FDN: ",{"t":"idOrVar","v":"number"}]},{"$i":"emergencyDialogBodyBadNumber","$v":"Ukuze utsalele umnxeba, ifowuni imele ixokonyezelwe kwinethwekhi."},{"$i":"emergencyDialogBodyDeviceNotAccepted","$v":"Iminxeba yongxamiseko ayivunyelwa yinethwekhi."},{"$i":"emergencyDialogBtnOk","$v":"Kulungile"},{"$i":"emergencyDialogTitle","$v":"Alukho uqhagamshelo lwenethwekhi"},{"$i":"invalidNumberToDialTitle","$v":"Inombolo yefowuni ayisebenzi"},{"$i":"invalidNumberToDialMessage","$v":"Inombolo yefowuni otsalela kuyo umnxeba ayisebenzi."},{"$i":"unableToCallTitle","$v":"Ayikwazi ukutsala umnxeba"},{"$i":"unableToCallMessage","$v":"Ayikwazi ukutsala umnxeba okwangoku"},{"$i":"otherConnectionInUseTitle","$v":"Olunye Uqhagamshelo olusetyenziswayo"},{"$i":"otherConnectionInUseMessage","$v":"Unomnxeba osebenzayo kolunye uqhagamshelo. Ungasebenzisa kuphela uqhagamshelo lube lunye ngexesha."},{"$i":"connectingEllipsis","$v":"Iyaqhakamishelana"}]