[{"$i":"error","$v":"錯誤"},{"$i":"ok","$v":"確認"},{"$i":"cancel","$v":"取消"},{"$i":"emergency-call-only","$v":"只能撥出緊急電話"},{"$i":"emergency-call-error","$v":[{"t":"idOrVar","v":"number"},"不是緊急號碼。"]},{"$i":"contact-list-empty-message","$v":"按數字鍵台以撥打電話"},{"$i":"kai-call","$v":"撥號"},{"$i":"emergency-call","$v":"只能撥出緊急電話"},{"$i":"sim-chooser-header","$v":"選取"},{"$i":"select","$v":"選取"},{"$i":"options","$v":"選項"},{"$i":"sim-with-index-and-carrier","$v":["SIM ",{"t":"idOrVar","v":"index"}," - ",{"t":"idOrVar","v":"carrier"}]},{"$i":"sim-without-carrier","$v":["SIM ",{"t":"idOrVar","v":"index"}]},{"$i":"numberBlockedMessage","$v":"該號碼已被阻止。您可以請求父母許可。"},{"$i":"emergencyNumber","$v":"緊急號碼"},{"$i":"callAirplaneModeMessage","$v":"若要撥打電話，您需要在「設定」中停用飛航模式。"},{"$i":"callAirplaneModeBtnOk","$v":"確認"},{"$i":"callAirplaneModeTitle","$v":"飛航模式已啟動"},{"$i":"numberIsBusyTitle","$v":"號碼正在通話中"},{"$i":"numberIsBusyMessage","$v":"此號碼目前正在通話中。請稍後再試。"},{"$i":"fdnIsActiveTitle","$v":"FDN使用中"},{"$i":"fdnIsActiveMessage","$v":["FDN(固定撥號號碼)已啟動，且下列號碼不在您的FDN清單中：",{"t":"idOrVar","v":"number"}]},{"$i":"emergencyDialogBodyBadNumber","$v":"若要撥打電話，手機必須連線至網路。"},{"$i":"emergencyDialogBodyDeviceNotAccepted","$v":"網路不允許緊急電話。"},{"$i":"emergencyDialogBtnOk","$v":"確認"},{"$i":"emergencyDialogTitle","$v":"無網路連線"},{"$i":"invalidNumberToDialTitle","$v":"電話號碼無效"},{"$i":"invalidNumberToDialMessage","$v":"您撥打的電話號碼無效。"},{"$i":"unableToCallTitle","$v":"無法撥打電話。"},{"$i":"unableToCallMessage","$v":"無法立即撥打電話"},{"$i":"otherConnectionInUseTitle","$v":"其他連線在使用中"},{"$i":"otherConnectionInUseMessage","$v":"在其他連線上有一個通話正在進行中。您一次只能查看一個連線。"},{"$i":"connectingEllipsis","$v":"正在連線..."}]