[{"$i":"error","$v":"Iphutha"},{"$i":"ok","$v":"KULUNGILE"},{"$i":"cancel","$v":"Khansela"},{"$i":"emergency-call-only","$v":"Amakholi Aphuthumayo Kuphela"},{"$i":"emergency-call-error","$v":[{"t":"idOrVar","v":"number"}," akuyona eyesimo esiphuthumayo."]},{"$i":"contact-list-empty-message","$v":"Chofoza izinombolo ukuze ushaye ucingo"},{"$i":"kai-call","$v":"Fona"},{"$i":"emergency-call","$v":"Okuphuthumayo"},{"$i":"sim-chooser-header","$v":"Khetha"},{"$i":"select","$v":"Khetha"},{"$i":"options","$v":"Okhetha kukho"},{"$i":"sim-with-index-and-carrier","$v":["I-SIM",{"t":"idOrVar","v":"index"}," - ",{"t":"idOrVar","v":"carrier"}]},{"$i":"sim-without-carrier","$v":["I-SIM",{"t":"idOrVar","v":"index"}]},{"$i":"numberBlockedMessage","$v":"Le nombolo ivinjelwe. Ungacela abazali bakho imvume."},{"$i":"emergencyNumber","$v":"Inombolo yesimo esiphuthumayo"},{"$i":"callAirplaneModeMessage","$v":"Ukuze ufone kumelwe uyikhiphe kwimodi yendiza kumasethingi."},{"$i":"callAirplaneModeBtnOk","$v":"KULUNGILE"},{"$i":"callAirplaneModeTitle","$v":"Imodi yendiza ivuliwe"},{"$i":"numberIsBusyTitle","$v":"Inombolo imatasa"},{"$i":"numberIsBusyMessage","$v":"Inombolo imatasa njengamanje. Sicela uzame futhi ngemva kwesikhathi."},{"$i":"fdnIsActiveTitle","$v":"FND ivuliwe"},{"$i":"fdnIsActiveMessage","$v":["FDN (Fixed Dialing Numbers) iyasebenza futhi inombolo elandelayo ayikho ohlwini lwe FND yakho: ",{"t":"idOrVar","v":"number"}]},{"$i":"emergencyDialogBodyBadNumber","$v":"Ukuze ufone, ucingo lwakho kumelwe luxhunywe kunethiwekhi."},{"$i":"emergencyDialogBodyDeviceNotAccepted","$v":"Amakholi aphuthumayo awavunyelwe yinethiwekhi."},{"$i":"emergencyDialogBtnOk","$v":"KULUNGILE"},{"$i":"emergencyDialogTitle","$v":"Alukho uxhumano lenethiwekhi"},{"$i":"invalidNumberToDialTitle","$v":"Inombolo yocingo engalungile."},{"$i":"invalidNumberToDialMessage","$v":"Inombolo yocingo oyishayelayo ayilungile"},{"$i":"unableToCallTitle","$v":"Ayikwazi ukushaya ucingo"},{"$i":"unableToCallMessage","$v":"Ayikwazi ukushaya ucingo njengamanje."},{"$i":"otherConnectionInUseTitle","$v":"Kunokunye ukuxhumana okuqhubekayo"},{"$i":"otherConnectionInUseMessage","$v":"Unocingo oluqhubekayo kokunye ukuxhumana. Ungakwazi ukusebenzisa ukuxhumana okukodwa ngesikhathi."},{"$i":"connectingEllipsis","$v":"Kuxhunyiwe..."}]