[{"$i":"contacts","$v":"Kontakte"},{"$i":"view","$v":"Bekyk"},{"$i":"no-contacts","$v":"Geen kontakte nie"},{"$i":"reading-contacts","$v":"Besig om kontakte te laai"},{"$i":"start-adding","$v":"Druk Nuut of gaan na Instellings om kontakte by te voeg."},{"$i":"no-contact-available","$v":"Daar is geen kontak beskikbaar"},{"$i":"requested-contact-not-available","$v":"Inligting versoek nie beskikbaar vir bestaande kontakte nie"},{"$i":"cannot-add-as-empty","$v":"Kan nie by kontak byvoeg nie omdat jou kontaklys leeg is"},{"$i":"ok","$v":"Goed"},{"$i":"no-phone-number-to-dial","$v":"Geen telefoonnommer om te skakel nie"},{"$i":"video-call","$v":"Video-oproep"},{"$i":"rtt-call","$v":"RTT oproep"},{"$i":"select-a-contact","$v":"Kies‘n kontak"},{"$i":"multi-pick-max-warn","$v":["Maksimum gekose telling is ",{"t":"idOrVar","v":"n"}]},{"$i":"add-contact-failed","$v":"Byvoeging van kontak het misluk"},{"$i":"no-sim-card-available","$v":"Geen SIM-kaart beskikbaar nie"},{"$i":"email-cannot-add-to-sim","$v":"E-pos word nie ondersteun deur die huidige geheuekeuse nie."},{"$i":"add-info-failed","$v":"Kon nie inligting byvoeg nie"},{"$i":"no-contact-to-add","$v":"Daar is geen beskikbare kontak om by te voeg nie."},{"$i":"move","$v":"Verskuif"},{"$i":"copy","$v":"Kopieer"},{"$i":"copy-contacts","$v":"Kopieer kontakte"},{"$i":"move-contacts","$v":"Verskuif kontakte"},{"$i":"phone-memory","$v":"Foongeheue"},{"$i":"sim-memory","$v":"SIM-geheue"},{"$i":"sim-0-memory","$v":"SIM 1-geheue"},{"$i":"sim-1-memory","$v":"SIM 2-geheue"},{"$i":"move-from","$v":"Verskuif vanaf"},{"$i":"copy-from","$v":"Kopieer vanaf"},{"$i":"to","$v":"Aan"},{"$i":"move-contacts-progressing","$v":"Besig om kontak(te) te verskuif..."},{"$i":"copy-contacts-progressing","$v":"Kopieer tans kontak(te)..."},{"$i":"contact-move-to-sim","$v":{"few":[{"t":"idOrVar","v":"migrated"}," kontakte geskuif na SIM ."],"many":[{"t":"idOrVar","v":"migrated"}," kontakte geskuif na SIM."],"one":"1 kontak geskuif na SIM.","other":[{"t":"idOrVar","v":"migrated"}," kontakte geskuif na SIM."],"two":[{"t":"idOrVar","v":"migrated"}," kontakte geskuif na SIM."],"zero":"Geen kontak geskuif na SIM nie."},"$x":[{"t":"idOrVar","v":"plural"},"migrated"]},{"$i":"contact-copy-to-sim","$v":{"few":[{"t":"idOrVar","v":"migrated"}," kontakte gekopieer na SIM ."],"many":[{"t":"idOrVar","v":"migrated"}," kontakte gekopieer na SIM ."],"one":"1 kontak gekopieer na SIM.","other":[{"t":"idOrVar","v":"migrated"}," kontakte gekopieer na SIM ."],"two":[{"t":"idOrVar","v":"migrated"}," kontakte gekopieer na SIM ."],"zero":"Geen kontak gekopieer na SIM."},"$x":[{"t":"idOrVar","v":"plural"},"migrated"]},{"$i":"contact-move-to-sim0","$v":{"few":[{"t":"idOrVar","v":"migrated"}," kontakte geskuif na SIM 1."],"many":[{"t":"idOrVar","v":"migrated"}," kontakte geskuif na SIM 1."],"one":"1 kontak geskuif na SIM 1.","other":[{"t":"idOrVar","v":"migrated"}," kontakte geskuif na SIM 1."],"two":[{"t":"idOrVar","v":"migrated"}," kontakte geskuif na SIM 1."],"zero":"Geen kontak geskuif na SIM 1 nie."},"$x":[{"t":"idOrVar","v":"plural"},"migrated"]},{"$i":"contact-copy-to-sim0","$v":{"few":[{"t":"idOrVar","v":"migrated"}," kontakte gekopieer na SIM 1."],"many":[{"t":"idOrVar","v":"migrated"}," kontakte gekopieer na SIM 1."],"one":"1 kontak gekopieer na SIM 1.","other":[{"t":"idOrVar","v":"migrated"}," kontakte gekopieer na SIM 1."],"two":[{"t":"idOrVar","v":"migrated"}," kontakte gekopieer na SIM 1."],"zero":"Geen kontak gekopieer na SIM 1 nie."},"$x":[{"t":"idOrVar","v":"plural"},"migrated"]},{"$i":"contact-move-to-sim1","$v":{"few":[{"t":"idOrVar","v":"migrated"}," kontakte geskuif na SIM 2."],"many":[{"t":"idOrVar","v":"migrated"}," kontakte geskuif na SIM 2."],"one":"1 kontak geskuif na SIM 2.","other":[{"t":"idOrVar","v":"migrated"}," kontakte geskuif na SIM 2."],"two":[{"t":"idOrVar","v":"migrated"}," kontakte geskuif na SIM 2."],"zero":"Geen kontak geskuif na SIM 2 nie."},"$x":[{"t":"idOrVar","v":"plural"},"migrated"]},{"$i":"contact-copy-to-sim1","$v":{"few":[{"t":"idOrVar","v":"migrated"}," kontakte gekopieer na SIM 2."],"many":[{"t":"idOrVar","v":"migrated"}," kontakte gekopieer na SIM 2."],"one":"1 kontak gekopieer na SIM 2.","other":[{"t":"idOrVar","v":"migrated"}," kontakte gekopieer na SIM 2."],"two":[{"t":"idOrVar","v":"migrated"}," kontakte gekopieer na SIM 2."],"zero":"Geen kontak gekopieer na SIM 2 nie."},"$x":[{"t":"idOrVar","v":"plural"},"migrated"]},{"$i":"contact-move-to-device","$v":{"one":"1 kontak geskuif na toestel.","zero":"Geen kontak geskuif na toestel nie.","few":[{"t":"idOrVar","v":"migrated"}," kontakte geskuif na toestel."],"many":[{"t":"idOrVar","v":"migrated"}," kontakte geskuif na toestel."],"other":[{"t":"idOrVar","v":"migrated"}," kontakte geskuif na toestel."],"two":[{"t":"idOrVar","v":"migrated"}," kontakte geskuif na toestel."]},"$x":[{"t":"idOrVar","v":"plural"},"migrated"]},{"$i":"contact-copy-to-device","$v":{"one":"1 kontak gekopieer na toestel.","zero":"Geen kontak gekopieer na toestel nie.","few":[{"t":"idOrVar","v":"migrated"}," kontakte gekopieer na toestel."],"many":[{"t":"idOrVar","v":"migrated"}," kontakte gekopieer na toestel."],"other":[{"t":"idOrVar","v":"migrated"}," kontakte gekopieer na toestel."],"two":[{"t":"idOrVar","v":"migrated"}," kontakte gekopieer na toestel."]},"$x":[{"t":"idOrVar","v":"plural"},"migrated"]},{"$i":"copy-contact-failed","$v":"Kon nie kontakte kopieer nie"},{"$i":"move-contact-failed","$v":"Kon nie kontakte verskuif nie"},{"$i":"contact-copy-error-sim-full","$v":"Kon nie kontakte klaar kopieer nie want die SIM-kaart is vol."},{"$i":"contact-copy-error-unknown","$v":"Kon nie kontakte klaar kopieer nie weens ’n fout."},{"$i":"contact-copy-error-limit-exceeded","$v":"Kontakte-kopiëring nie voltooi nie weens oorskryding van foonkontaklimiet."},{"$i":"contact-move-error-sim-full","$v":"Kon nie kontakte klaar verskuif nie want die SIM-kaart is vol."},{"$i":"contact-move-error-unknown","$v":"Kon nie kontakte klaar verskuif nie weens ’n fout."},{"$i":"contact-move-error-limit-exceeded","$v":"Kontakteverskuiwing nie voltooi nie weens oorskryding van foonkontaklimiet."},{"$i":"contact-save-error-unknown","$v":"Kon nie kontakte klaar stoor nie weens ’n fout."},{"$i":"memory","$v":"Geheue"},{"$i":"phone-and-sim","$v":"Foon en SIM"},{"$i":"phone","$v":"Foon"},{"$i":"sim","$v":"SIM"},{"$i":"reloading-contact","$v":"Besig om kontakte te herlaai.."},{"$i":"contact-reloaded","$v":"Kontakte geherlaai"},{"$i":"message","$v":"Boodskap"},{"$i":"changes-saved","$v":"Veranderinge gestoor."},{"$i":"already-ice-contact","$v":"Die gekose kontak is reeds opgestel as ICE."},{"$i":"phone-contacts-limit-exceeded","$v":"Foon se kontaktelimiet oorskry."},{"$i":"sim-contacts-limit-exceeded","$v":"SIM-kaart se kontaktelimiet oorskry."},{"$i":"more-info","$v":"Meer"},{"$i":"callAirplaneModeTitle","$v":"Vliegtuigmodus geaktiveer"},{"$i":"callAirplaneModeMessage","$v":"Om ‘n oproep te maak moet jy vliegtuigmodus deaktiveer in instellings."},{"$i":"emergencyDialogTitle","$v":"Geen netwerkverbinding"},{"$i":"emergencyDialogBodyBadNumber","$v":"Om ‘n oproep te maak moet die telefoon aan ‘n netwerk gekoppel wees."},{"$i":"emergencyDialogBodyDeviceNotAccepted","$v":"Noodoproepe word nie deur die netwerk toegelaat nie."},{"$i":"invalidNumberToDialTitle","$v":"Ongeldige foonnommer."},{"$i":"invalidNumberToDialMessage","$v":"Die foonnommer wat jy skakel is ongeldig."},{"$i":"invalidNumberToSendTitle","$v":"Ongeldige foonnommer."},{"$i":"invalidNumberToSendMessage","$v":"Die foonnommer waarna jy ’n boodskap stuur, is ongeldig."},{"$i":"emergency-call-only","$v":"Slegs noodoproepe"},{"$i":"emergency-call-error","$v":[{"t":"idOrVar","v":"number"}," is nie ‘n noodnommer nie."]},{"$i":"numberIsBusyTitle","$v":"Nommer is beset"},{"$i":"numberIsBusyMessage","$v":"Die nommer is tans beset. Probeer asseblief later weer."},{"$i":"fdnIsActiveTitle","$v":"VBN aktief"},{"$i":"fdnIsActiveMessage","$v":["VBN (Vasgestelde Belnommers) is geaktiveer en die volgende nommer is nie in jou VBN-lys nie: ",{"t":"idOrVar","v":"number"}]},{"$i":"otherConnectionInUseTitle","$v":"Ander verbinding in gebruik"},{"$i":"otherConnectionInUseMessage","$v":"Jy het ‘n aktiewe oproep op ‘n ander verbinding. Jy kan slegs een verbinding op ‘n slag gebruik."},{"$i":"GenericFailure","$v":"Generiese mislukking"},{"$i":"CallFailed","$v":"Oproep het misluk"},{"$i":"scCallBarring","$v":"Oproepblokkering"},{"$i":"scCallForwarding","$v":"Oproepaanstuur"},{"$i":"scClip","$v":"Inkomende Beller ID"},{"$i":"scClir","$v":"Uitgaande Beller ID"},{"$i":"scPwd","$v":"Wagwoord verander"},{"$i":"scCallWaiting","$v":"Wagoproepdiens"},{"$i":"scPin","$v":"PIN verander"},{"$i":"scPin2","$v":"PIN2 verander"},{"$i":"scPuk","$v":"Ontblok PIN"},{"$i":"scPuk2","$v":"Ontblok PIN2"},{"$i":"scImei","$v":"IMEI"},{"$i":"scMeid","$v":"MEID"},{"$i":"scUssd","$v":"USSD"},{"$i":"set-speed-dial","$v":"Stel spoedbelkontakte op"},{"$i":"empty","$v":"Maak leeg"},{"$i":"voicemail","$v":"Stempos"},{"$i":"speed-dial","$v":"Spoedbel"},{"$i":"add","$v":"Voeg by"},{"$i":"replace","$v":"Vervang"},{"$i":"remove-from-speed-dial","$v":"Verwyder  van spoedbel"},{"$i":"custom-dialog-replace-speed-dial","$v":["Is jy seker jy wil die Spoedbel ",{"t":"idOrVar","v":"oldSpeedDial"}," met ",{"t":"idOrVar","v":"newSpeedDial"}," vervang?"]},{"$i":"custom-dialog-remove-speed-dial","$v":["Is jy seker jy wil ",{"t":"idOrVar","v":"name"}," van Spoedbel verwyder?"]},{"$i":"speed-dial-added","$v":"Spoedbelnommer bygevoeg"},{"$i":"speed-dial-removed","$v":"Spoedbelnommer is verwyder."},{"$i":"speed-dial-replaced","$v":"Spoedbelnommer is bygewerk."},{"$i":"voice-mail","$v":"Stempos"},{"$i":"voice-mail-number","$v":["Stempos Nommer - SIM ",{"t":"idOrVar","v":"n"}]},{"$i":"voice-mail-number-single","$v":"Stemposnommer"},{"$i":"voice-mail-number-updated","$v":"Stemposnommer bygewerk"},{"$i":"found-duplicates-message","$v":"Duplikaatinligting is in die volgende kontakte gevind. Wil jy graag saamvoeg?"},{"$i":"confirm-to-merge-contacts","$v":["Is jy seker om kontakte met ",{"t":"idOrVar","v":"name"}," saam te voeg ",{"t":"idOrVar","v":"n"},"?"]},{"$i":"contact-merged","$v":"Kontak saamgevoeg"},{"$i":"find-duplicate-contacts","$v":"Vind duplikaatkontakte"},{"$i":"no-duplicate-contact-found","$v":"Geen duplikaatkontakte gevind"},{"$i":"merge","$v":"Voeg saam"},{"$i":"find-dup","$v":"Vind duplikaatkontakte"},{"$i":"find-dup-title","$v":"Vind duplikaatkontakte"},{"$i":"finding-dup-message","$v":"Op soek na duplikaatkontakte..."},{"$i":"dup-found-title","$v":"Duplikate gevind"},{"$i":"dup-found-message","$v":"Duplikaat-inligting is in die volgende kontak(te) gevind. Wil jy dit saamvoeg?"},{"$i":"no-dup-found","$v":"Geen duplikate gevind nie"},{"$i":"merge-conflict-warn","$v":["Die volgende inligting sal deur “",{"t":"idOrVar","v":"name"},"” oorheengeskryf word:"]},{"$i":"merge-conflict-confirm","$v":"Is jy seker jy wil die kontakte saamvoeg?"},{"$i":"add-favorite","$v":"Voeg by as Gunsteling"},{"$i":"remove-favorite","$v":"Verwyder as gunsteling"},{"$i":"favorite-contacts","$v":"Gunsteling kontakte"},{"$i":"add-block","$v":"Blokkeer hierdie nommer"},{"$i":"remove-block","$v":"Haal blok van nommer af"},{"$i":"add-block-email","$v":"Blokkeer hierdie e-pos"},{"$i":"remove-block-email","$v":"Haal blok van e-pos af"},{"$i":"add-block-contact-warning","$v":"Jy sal nie oproepe of boodskappe ontvang van mense op die blokkeerlys nie."},{"$i":"add-block-email-warning","$v":"Jy sal nie boodskappe vanaf hierdie e-posadres ontvang nie."},{"$i":"block","$v":"Blokkeer"},{"$i":"unblock","$v":"Deblokkeer"},{"$i":"block-contacts","$v":"Blokkeer Kontakte"},{"$i":"add-block-header","$v":"Voeg geblokte nommer by"},{"$i":"remove-block-alert","$v":"Verwyder van geblokte kontakte."},{"$i":"duplicate-block-number","$v":"Kan nie ’n duplikaatnommer byvoeg nie."},{"$i":"sort-contacts","$v":"Sorteer kontakte"},{"$i":"sort-by-first-name","$v":"Sorteer volgens naam"},{"$i":"sort-by-last-name","$v":"Sorteer volgens van"},{"$i":"no-support-open-multi-vcard","$v":"Kan nie vKaart met veelvuldige kontakte oopmaak nie"},{"$i":"import","$v":"Voer in"},{"$i":"sdcard","$v":"Geheuekaart"},{"$i":"simcard","$v":"SIM-kaart"},{"$i":"import-contacts","$v":"Voer kontakte in"},{"$i":"simContacts-error","$v":"Kon nie Kontakte van SIM invoer nie"},{"$i":"memoryCardContacts-error","$v":"Kon nie kontakte vanaf geheuekaart invoer nie"},{"$i":"novCardFiles","$v":"Geen kontakte-lêer beskikbaar op geheuekaart nie."},{"$i":"fullDiskSpace-error","$v":"Berging is vol; kan nie kontakte invoer nie."},{"$i":"socialServiceContacts-error","$v":["Kon nie kontakte vanaf ",{"t":"idOrVar","v":"service"}," invoer nie"]},{"$i":"socialServiceContacts-noNetwork","$v":["Geen internetverbinding nie; kan nie kontakte vanaf ",{"t":"idOrVar","v":"service"}," invoer nie."]},{"$i":"simContacts-reading","$v":"Besig om Kontakte van SIM-kaart te lees"},{"$i":"memoryCardContacts-reading","$v":"Besig om Kontakte vanaf Geheuekaart te lees"},{"$i":"importContactsTitle","$v":"Voer kontakte in"},{"$i":"retry","$v":"Herprobeer"},{"$i":"noSimMsg","$v":"Ontsluit of voeg jou SIM-kaart in om kontakte in te voer"},{"$i":"noSdcardMsg","$v":"Voeg geheuekaart in om kontakte in te voer"},{"$i":"not-imported","$v":"Nie ingevoer"},{"$i":"imported","$v":"Ingevoer"},{"$i":"importing","$v":"Besig om in te voer"},{"$i":"contact-imported","$v":["Ingevoerde ",{"t":"idOrVar","v":"imported"}," kontakte. ",{"t":"idOrVar","v":"dupes"}," kontakte saamgevoeg."]},{"$i":"contact-imported2","$v":{"one":"Het 1 kontak ingevoer.","zero":"Geen kontak ingevoer nie.","few":["Het ",{"t":"idOrVar","v":"imported"}," kontakte ingevoer."],"many":["Het ",{"t":"idOrVar","v":"imported"}," kontakte ingevoer."],"other":["Het ",{"t":"idOrVar","v":"imported"}," kontakte ingevoer."],"two":["Het ",{"t":"idOrVar","v":"imported"}," kontakte ingevoer."]},"$x":[{"t":"idOrVar","v":"plural"},"imported"]},{"$i":"reading-contacts-from-sim","$v":"Lees tans kontak(te) vanaf SIM-kaart..."},{"$i":"reading-contacts-from-gmail","$v":"Lees tans kontak(te) vanaf Gmail..."},{"$i":"reading-contacts-from-live","$v":"Lees tans kontak(te) vanaf Outlook..."},{"$i":"reading-contacts-from-sd","$v":"Lees tans kontak(te) vanaf geheuekaart..."},{"$i":"reading-contacts-from-vcard","$v":"Lees tans kontak(te) vanaf lêer..."},{"$i":"importing-contacts-from-sim","$v":"Voer tans kontak(te) in vanaf SIM-kaart..."},{"$i":"importing-contacts-from-gmail","$v":"Voer tans kontak(te) in vanaf Gmail..."},{"$i":"importing-contacts-from-live","$v":"Voer tans kontak(te) in vanaf Outlook..."},{"$i":"importing-contacts-from-sd","$v":"Voer tans kontak(te) in vanaf geheuekaart..."},{"$i":"importing-contacts-from-vcard","$v":"Voer tans kontak(te) in vanaf lêer..."},{"$i":"connect-network-to-import","$v":"Koppel aan WIFI of datanetwerk om kontakte in te voer"},{"$i":"importing-confirm","$v":["Voer ",{"t":"idOrVar","v":"n"}," kontak(te) in van lêer \"",{"t":"idOrVar","v":"fileName"},"\"?"]},{"$i":"importing-cancel-confirm","$v":"Die invoeringsproses sal ophou as jy hierdie skerm toemaak. Wil jy dit nogsteeds toemaak?"},{"$i":"import-contact-failed","$v":"Kon nie kontak invoer nie"},{"$i":"phone-storage-full","$v":"Foon se berging vol"},{"$i":"import-contact-storage-full","$v":"Nie moontlik om kontakte in te trek nie. Vee toepassingdata uit om stoorspasie te bevry.."},{"$i":"contact-import-error-disk-full","$v":"Invoer van kontakte is onvoltooid omdat berging vol is. Skrap toepassingsdata om spasie oop te maak."},{"$i":"contact-import-error-sim-full","$v":"Kon nie kontakte klaar invoer nie want die SIM-kaart is vol."},{"$i":"contact-import-error-unknown","$v":"Kon nie kontakte klaar invoer nie weens ’n fout."},{"$i":"import-contacts-canceled","$v":"Invoer van kontakte gekanselleer"},{"$i":"close","$v":"Maak toe"},{"$i":"import-process-cancel","$v":"Invoerproses is gekanselleer."},{"$i":"import-limit-header","$v":"Lêergrootte-limiet oorskry"},{"$i":"inner-import-limit-content","$v":"Lontaklêers van meer as 10 MB is nie ingevoer nie."},{"$i":"activity-import-limit-contact","$v":"Kon nie kontakte invoer nie weens lêergrootte-limiet oorskry."},{"$i":"activity-import-limit-additional","$v":"(Lêergrootte moet minder as 10 MB wees.)"},{"$i":"bluetooth","$v":"Bluetooth"},{"$i":"export","$v":"Voer uit"},{"$i":"export-contacts","$v":"Voer kontakte uit"},{"$i":"simExport-title","$v":"Voer uit na SIM"},{"$i":"memoryCardExport-title","$v":"Voer uit na geheuekaart"},{"$i":"btExport-title","$v":"Voer uit na Bluetooth"},{"$i":"noSimMsgExport","$v":"Ontsluit of voeg jou SIM-kaart in om kontakte uit te voer"},{"$i":"noSdcardExport","$v":"Voeg ‘n geheuekaart in om kontakte uit te voer"},{"$i":"bluetoothNoConnection","$v":"Koppel ‘n bluetooth toestel om kontakte uit te voer."},{"$i":"contact-exported","$v":["Uitgevoerde ",{"t":"idOrVar","v":"exported"}," kontakte."]},{"$i":"contact-exported2","$v":{"zero":"Geen kontak is uitgevoer nie.","one":"Het 1 kontak uitgevoer.","few":["Uitgevoerde ",{"t":"idOrVar","v":"exported"}," kontakte."],"many":["Uitgevoerde ",{"t":"idOrVar","v":"exported"}," kontakte."],"other":["Uitgevoerde ",{"t":"idOrVar","v":"exported"}," kontakte."],"two":["Uitgevoerde ",{"t":"idOrVar","v":"exported"}," kontakte."]},"$x":[{"t":"idOrVar","v":"plural"},"exported"]},{"$i":"export-contact-failed","$v":"Uitvoer van die kontak het misluk"},{"$i":"contact-export-error-sim-full","$v":"Uitvoer van kontakte onvoltooid weens SIM-kaart wat vol is."},{"$i":"contact-export-error-sd-full","$v":"Uitvoer van kontakte is nie voltooi nie, want die geheuekaart is vol."},{"$i":"contact-export-error-unknown","$v":"Kon nie kontakte klaar uitvoer nie weens ’n fout."},{"$i":"contact-export-canceled","$v":"Uitvoerproses is gekanselleer."},{"$i":"save","$v":"Stoor"},{"$i":"back","$v":"Terug"},{"$i":"givenName","$v":"Voornaam"},{"$i":"familyName","$v":"Van"},{"$i":"name","$v":"Naam"},{"$i":"org","$v":"Maatskappy"},{"$i":"ringtone","$v":"Luitoon"},{"$i":"note","$v":"Opmerking"},{"$i":"photo","$v":"Prent"},{"$i":"email","$v":"E-pos"},{"$i":"adr","$v":"Adres"},{"$i":"custom","$v":"Pasmaak"},{"$i":"confirm-discard-contact-data","$v":"Kontakinligting sal weggegooi word. Wil jy graag hierdie kontak stoor?"},{"$i":"confirm-discard-contact-update-data","$v":"Die veranderinge sal geïgnoreer word. Wil jy hierdie kontak stoor?"},{"$i":"discard-contact-data","$v":"Die veranderings sal mee weggedoen word."},{"$i":"discard","$v":"Skrap"},{"$i":"add-others","$v":"Voeg ander by"},{"$i":"custom-label","$v":"Gepasmaakte etiket"},{"$i":"input-the-custom-type","$v":"Voer asseblief die pasgemaakte tipe in"},{"$i":"contact-added","$v":"Kontak bygevoeg."},{"$i":"delete-prompt-message","$v":["Vee ",{"t":"idOrVar","v":"field"}," uit?"]},{"$i":"delete-photo-msg","$v":"prent"},{"$i":"delete-ringtone-msg","$v":"luitoon"},{"$i":"delete-bday-msg","$v":"verjaardag"},{"$i":"delete-note-msg","$v":"Nota"},{"$i":"delete-org-msg","$v":"maatskappy"},{"$i":"personal","$v":"Persoonlik"},{"$i":"mobile","$v":"Selfoon"},{"$i":"current","$v":"Huidige"},{"$i":"home","$v":"Tuis"},{"$i":"work","$v":"Werk"},{"$i":"other","$v":"Ander"},{"$i":"fax-home","$v":"Faks huis"},{"$i":"fax-office","$v":"Faks kantoor"},{"$i":"fax-other","$v":"Faks ander"},{"$i":"add-phone","$v":"Voeg foon by"},{"$i":"add-tel","$v":"Voeg foonnommer by"},{"$i":"add-email","$v":"Voeg e-posadres by"},{"$i":"add-ringtone","$v":"Voeg luitoon by"},{"$i":"add-adr","$v":"Voeg adres by"},{"$i":"add-bday","$v":"Voeg verjaardag by"},{"$i":"add-photo","$v":"Voeg prent by"},{"$i":"add-note","$v":"Voeg nota by"},{"$i":"add-org","$v":"Voeg maatskappy by"},{"$i":"add-tel-number","$v":"Voeg foonnommer by"},{"$i":"delete-tel","$v":"Skrap foonnommer"},{"$i":"delete-email","$v":"Skrap E-pos?"},{"$i":"delete-ringtone","$v":"Skrap luitoon"},{"$i":"delete-adr","$v":"Skrap adres"},{"$i":"delete-bday","$v":"Skrap verjaardag"},{"$i":"delete-photo","$v":"Skrap prent"},{"$i":"delete-note","$v":"Skrap nota"},{"$i":"delete-org","$v":"Skrap maatskappy"},{"$i":"edit-tel-type","$v":"Wysig foontipe"},{"$i":"edit-email-type","$v":"Wysig e-postipe"},{"$i":"edit-adr-type","$v":"Wysig adrestipe"},{"$i":"edit-bday-type","$v":"Wysig verjaardag"},{"$i":"replace-photo","$v":"Verander prent"},{"$i":"replace-ringtone","$v":"Verander luitoon"},{"$i":"mobile-tel","$v":"Mobiele foon"},{"$i":"home-tel","$v":"Huistelefoon"},{"$i":"work-tel","$v":"Werktelefoon"},{"$i":"personal-tel","$v":"Persoonlike foon"},{"$i":"fax-home-tel","$v":"Tuisfaks"},{"$i":"fax-office-tel","$v":"Kantoor Faks"},{"$i":"fax-other-tel","$v":"Ander Faks"},{"$i":"other-tel","$v":"Ander telefoon"},{"$i":"personal-email","$v":"Persoonlike e-pos"},{"$i":"work-email","$v":"Werk-epos"},{"$i":"other-email","$v":"Ander e-pos"},{"$i":"custom-email","$v":[{"t":"idOrVar","v":"type"}," e-pos"]},{"$i":"custom-tel","$v":[{"t":"idOrVar","v":"type"}," foon"]},{"$i":"personal-adr","$v":"Persoonlike adres"},{"$i":"current-adr","$v":"Huidige adres"},{"$i":"home-adr","$v":"Huisadres"},{"$i":"work-adr","$v":"Werkadres"},{"$i":"custom-adr","$v":[{"t":"idOrVar","v":"type"}," adres"]},{"$i":"bday","$v":"Verjaardag"},{"$i":"birthday","$v":"Verjaardag"},{"$i":"streetAddress","$v":"Straat"},{"$i":"locality","$v":"Stad"},{"$i":"postalCode","$v":"Poskode"},{"$i":"countryName","$v":"Land"},{"$i":"region","$v":"Provinsie"},{"$i":"no-name","$v":"Geen naam"},{"$i":"new-contact","$v":"Nuwe"},{"$i":"options","$v":"Opsies"},{"$i":"cancel","$v":"Kanselleer"},{"$i":"settings","$v":"Instellings"},{"$i":"edit","$v":"Wysig"},{"$i":"share","$v":"Deel"},{"$i":"remove","$v":"Verwyder"},{"$i":"compose","$v":"Skryf"},{"$i":"new-contact-title","$v":"Nuwe kontak"},{"$i":"edit-title","$v":"Wysig kontak"},{"$i":"music","$v":"Musiek"},{"$i":"adr-type","$v":"Adrestipe"},{"$i":"email-type","$v":"E-postipe"},{"$i":"tel-type","$v":"Foontipe"},{"$i":"ICEContactsGroup","$v":"IGN Kontakte"},{"$i":"setICEButton","$v":"Stel IGN-Kontakte op"},{"$i":"ICESettingTitle","$v":"IGN Kontakte"},{"$i":"ICEDescription","$v":"Voeg vyf kontakte by om “In Geval van Nood”-oproepe te maak."},{"$i":"ICEContact","$v":["IGN Kontak ",{"t":"idOrVar","v":"n"}]},{"$i":"ICESelectContact","$v":"Kies ‘n kontak"},{"$i":"delete-ice-contact-warning","$v":"Is jy seker jy wil die IGN-Kontak verwyder?"},{"$i":"confirm","$v":"Bevestiging"},{"$i":"add-ice-failed","$v":"Byvoeg van ICE het misluk"},{"$i":"create-group","$v":"Skep groep"},{"$i":"group-name","$v":"Groepnaam"},{"$i":"group","$v":"Groep"},{"$i":"new-group-created","$v":"Nuwe groep is geskep."},{"$i":"create-group-failed","$v":"Skep van groep het misluk."},{"$i":"create-group-too-many","$v":["Jy mag net ",{"t":"idOrVar","v":"number"}," groepe skep."]},{"$i":"create-group-duplicate","$v":"Duplikaan naam."},{"$i":"rename-group-failed","$v":"Hernoeming van groep het misluk."},{"$i":"new-group","$v":"Nuwe"},{"$i":"rename","$v":"Hernoem"},{"$i":"duplicate-removed","$v":"Duplikaat kontakname verwyder."},{"$i":"add-to-group","$v":"Voeg by groep"},{"$i":"remove-from-group","$v":"Verwyder van groep"},{"$i":"added-to","$v":["Bygevoeg by ",{"t":"idOrVar","v":"group"}]},{"$i":"removed-from","$v":["Van ",{"t":"idOrVar","v":"group"}," verwyder"]},{"$i":"select-group","$v":"Selekteer groep"},{"$i":"rename-group","$v":"Hernoem groep"},{"$i":"delete-group","$v":["Is jy seker jy wil ",{"t":"idOrVar","v":"group"}," uitvee?"]},{"$i":"unable-add-warn","$v":"Rekeningkontak kan nie by groep gevoeg word nie."},{"$i":"edit-contact","$v":"Wysig kontak"},{"$i":"send-message","$v":"Stuur boodskap"},{"$i":"call","$v":"Skakel"},{"$i":"call-sim-1","$v":"Skakel - SIM 1"},{"$i":"call-sim-2","$v":"Skakel - SIM 2"},{"$i":"send-email","$v":"Stuur e-pos"},{"$i":"choose-number","$v":"Selekteer nommer"},{"$i":"choose-email-address","$v":"Selekteer e-pos"},{"$i":"delete","$v":"Skrap"},{"$i":"select","$v":"Kies"},{"$i":"select-all","$v":"Kies almal"},{"$i":"select-all2","$v":"Almal"},{"$i":"deselect-all","$v":"Deselekteer almal"},{"$i":"deselect-all2","$v":"Geen"},{"$i":"deselect","$v":"Deselekteer"},{"$i":"selected-contacts","$v":{"few":[{"t":"idOrVar","v":"n"}," gekies"],"many":[{"t":"idOrVar","v":"n"}," gekies"],"one":[{"t":"idOrVar","v":"n"}," gekies"],"other":[{"t":"idOrVar","v":"n"}," gekies"],"two":[{"t":"idOrVar","v":"n"}," gekies"],"zero":[{"t":"idOrVar","v":"n"}," gekies"]},"$x":[{"t":"idOrVar","v":"plural"},"n"]},{"$i":"massive-delete","$v":"Skrap kontakte"},{"$i":"confirm-contact-delete","$v":["Is jy seker jy wil die kontak \"",{"t":"idOrVar","v":"name"},"\" skrap?"]},{"$i":"DeletedTxt","$v":{"few":[{"t":"idOrVar","v":"n"}," Kontakte verwyder"],"many":[{"t":"idOrVar","v":"n"}," Kontakte verwyder"],"one":"1 Kontak verwyder","other":[{"t":"idOrVar","v":"n"}," Kontakte verwyder"],"two":[{"t":"idOrVar","v":"n"}," Kontakte verwyder"],"zero":"Geen Kontak om te Skrap"},"$x":[{"t":"idOrVar","v":"plural"},"n"]},{"$i":"DeletingContacts","$v":"Vee kontakte uit"},{"$i":"DeletingContactsProgressing","$v":"Skrap tans kontakte"},{"$i":"ContactConfirmDel","$v":{"few":["Skrap ",{"t":"idOrVar","v":"n"}," Kontakte? Dit kan nie ongedaan gemaak word nie."],"many":["Skrap ",{"t":"idOrVar","v":"n"}," Kontakte? Dit kan nie ongedaan gemaak word nie."],"one":"Skrap 1 Kontak? Dit kan nie ongedaan gemaak word nie.","other":["Skrap ",{"t":"idOrVar","v":"n"}," Kontakte? Dit kan nie ongedaan gemaak word nie."],"two":["Skrap ",{"t":"idOrVar","v":"n"}," Kontakte? Dit kan nie ongedaan gemaak word nie."],"zero":"Geen Kontak om te Skrap"},"$x":[{"t":"idOrVar","v":"plural"},"n"]},{"$i":"contact-deleted","$v":{"zero":"Geen kontak geskrap nie","one":"1 kontak geskrap","few":[{"t":"idOrVar","v":"n"}," kontakte geskrap"],"many":[{"t":"idOrVar","v":"n"}," kontakte geskrap"],"other":[{"t":"idOrVar","v":"n"}," kontakte geskrap"],"two":[{"t":"idOrVar","v":"n"}," kontakte geskrap"]},"$x":[{"t":"idOrVar","v":"plural"},"n"]},{"$i":"a-contact-deleted","$v":"Kontak geskrap."},{"$i":"settings-title","$v":"Kontakinstellings"},{"$i":"change-will-update-until-restart","$v":"Veranderings sal die volgende keer wat Kontakte oopgemaak word, bygewerk word."},{"$i":"transfer-contacts","$v":"Dra kontakte oor"},{"$i":"service-number","$v":"Diensnommer"},{"$i":"no-contacts-found","$v":"Niks gevind wat pas nie."},{"$i":"search","$v":"Soek kontakte","placeholder":"Soek kontakte"},{"$i":"search-option","$v":"Soek"},{"$i":"accounts","$v":"Rekeninge"},{"$i":"account","$v":"Rekening"},{"$i":"add-account","$v":"Voeg rekening by"},{"$i":"add-account-failed","$v":"'n Onbekende fout het ontstaan. Probeer asb. later weer."},{"$i":"duplicate-account-warn","$v":"Rekening bestaan reeds. Sinchronisering is aangeskakel."},{"$i":"setting-up-account","$v":"Om die rekening op te stel"},{"$i":"no-network-warn","$v":"Geen internetverbinding nie."},{"$i":"username","$v":"Gebruikersnaam"},{"$i":"password","$v":"Wagwoord"},{"$i":"delete-account","$v":"Vee rekening uit"},{"$i":"delete-account-long","$v":"Vee rekening uit"},{"$i":"delete-account-warn","$v":"As jy die rekening uitvee, sal die toepassings wat dit gebruik, ook geaffekteer word."},{"$i":"deleting-account","$v":"Vee rekening uit"},{"$i":"delete-account-failed","$v":"Uitvee van rekening het misluk, probeer asb weer later."},{"$i":"delete-account-ok","$v":"Rekening geskrap."},{"$i":"sync","$v":"Sinchronisasie"},{"$i":"sync-title","$v":"Kontaksinchronisering"},{"$i":"sync-failed-warn","$v":"Sinchronisering het misluk."},{"$i":"sync-off-warn","$v":"Die sinchronisering is op Instellings afgeskakel."},{"$i":"show-account-contacts","$v":"Wys rekening se kontakte"},{"$i":"sync-account-contacts","$v":"Sinchroniseer rekeningkontakte"},{"$i":"sync-account-contacts-warning","$v":["Indien die “",{"t":"idOrVar","v":"switch"},"” ontmerk is, sal wysigings aan rekeningkontakte nie met die wolk gesinchroniseer word nie – is u seker u wil dit ontmerk?"]},{"$i":"yes","$v":"Ja"},{"$i":"all-contacts-synced","$v":"Alle kontakinligting is bygewerk."},{"$i":"contact-syncing","$v":"Kontakte sinkroniseer..."},{"$i":"contacts-sync-limit-exceed","$v":"Sinchronisering van kontakte is onvolledig omdat kontakperk oorskry is."},{"$i":"show-password","$v":"Wys wagwoord"},{"$i":"password-incorrect","$v":"Wagwoord verkeerd"},{"$i":"re-enter-password","$v":"Tik wagwoord weer in"},{"$i":"accessing-warn","$v":"Daar was ’n probleem om toegang tot jou rekening te verkry."},{"$i":"accessing-warn-password","$v":"Voer wagwoord asseblief weer in."},{"$i":"re-enter-password-on-setting","$v":"Voer asseblief weer die wagwoord by die Kontakte-instelling in."},{"$i":"accessing-warn-relogin","$v":"Skrap rekening asseblief en meld weer aan."},{"$i":"update-password-failed","$v":"Verandering van wagwoord het misluk, probeer asseblief later weer."},{"$i":"connect-time-out","$v":["Verbinding met \"",{"t":"idOrVar","v":"server"},"\" is nie moontlik nie. Daar is dalk 'n probleem met die netwerk."]},{"$i":"server-error","$v":"Bediener is onbeskikbaar. Probeer asseblief later weer."},{"$i":"loading","$v":"Laai tans ..."},{"$i":"ellipsis","$v":"..."},{"$i":"stop-syncing-warn-title","$v":"Kontakte sinchroniseer"},{"$i":"stop-syncing-warn","$v":"Om die program toe te maak, sal die kontaksinchroniseer-proses stop. Wil u dit nog steeds toemaak?"},{"$i":"weekday-0-long","$v":"Sondag"},{"$i":"weekday-1-long","$v":"Maandag"},{"$i":"weekday-2-long","$v":"Dinsdag"},{"$i":"weekday-3-long","$v":"Woensdag"},{"$i":"weekday-4-long","$v":"Donderdag"},{"$i":"weekday-5-long","$v":"Vrydag"},{"$i":"weekday-6-long","$v":"Saterdag"},{"$i":"weekday-0-short","$v":"So"},{"$i":"weekday-1-short","$v":"Ma"},{"$i":"weekday-2-short","$v":"Di"},{"$i":"weekday-3-short","$v":"Wo"},{"$i":"weekday-4-short","$v":"Do"},{"$i":"weekday-5-short","$v":"Vr"},{"$i":"weekday-6-short","$v":"Sa"},{"$i":"month-0-long","$v":"Januarie"},{"$i":"month-1-long","$v":"Februarie"},{"$i":"month-2-long","$v":"Maart"},{"$i":"month-3-long","$v":"April"},{"$i":"month-4-long","$v":"Mei"},{"$i":"month-5-long","$v":"Junie"},{"$i":"month-6-long","$v":"Julie"},{"$i":"month-7-long","$v":"Augustus"},{"$i":"month-8-long","$v":"September"},{"$i":"month-9-long","$v":"Oktober"},{"$i":"month-10-long","$v":"November"},{"$i":"month-11-long","$v":"Desember"},{"$i":"month-0-genitive","$v":"Januarie"},{"$i":"month-1-genitive","$v":"Februarie"},{"$i":"month-2-genitive","$v":"Maart"},{"$i":"month-3-genitive","$v":"April"},{"$i":"month-4-genitive","$v":"Mei"},{"$i":"month-5-genitive","$v":"Junie"},{"$i":"month-6-genitive","$v":"Julie"},{"$i":"month-7-genitive","$v":"Augustus"},{"$i":"month-8-genitive","$v":"September"},{"$i":"month-9-genitive","$v":"Oktober"},{"$i":"month-10-genitive","$v":"November"},{"$i":"month-11-genitive","$v":"Desember"},{"$i":"month-0-short","$v":"Jan"},{"$i":"month-1-short","$v":"Feb"},{"$i":"month-2-short","$v":"Mrt"},{"$i":"month-3-short","$v":"Apr"},{"$i":"month-4-short","$v":"Mei"},{"$i":"month-5-short","$v":"Jun"},{"$i":"month-6-short","$v":"Jul"},{"$i":"month-7-short","$v":"Aug"},{"$i":"month-8-short","$v":"Sep"},{"$i":"month-9-short","$v":"Okt"},{"$i":"month-10-short","$v":"Nov"},{"$i":"month-11-short","$v":"Des"},{"$i":"minutes-ago-long","$v":{"few":[{"t":"idOrVar","v":"value"},"minute gelede"],"many":[{"t":"idOrVar","v":"value"},"minute gelede"],"other":[{"t":"idOrVar","v":"value"},"minute gelede"],"two":[{"t":"idOrVar","v":"value"},"minute gelede"],"one":"‘n minuut gelede","zero":"Nou-nou"},"$x":[{"t":"idOrVar","v":"plural"},"value"]},{"$i":"hours-ago-long","$v":{"few":[{"t":"idOrVar","v":"value"}," ure gelede"],"many":[{"t":"idOrVar","v":"value"}," ure gelede"],"other":[{"t":"idOrVar","v":"value"}," ure gelede"],"two":[{"t":"idOrVar","v":"value"}," ure gelede"],"one":"‘n uur gelede","zero":"Nou-nou"},"$x":[{"t":"idOrVar","v":"plural"},"value"]},{"$i":"days-ago-long","$v":{"few":[{"t":"idOrVar","v":"value"}," dae gelede"],"many":[{"t":"idOrVar","v":"value"}," dae gelede"],"one":"gister","other":[{"t":"idOrVar","v":"value"}," dae gelede"],"two":[{"t":"idOrVar","v":"value"}," dae gelede"],"zero":"Vandag"},"$x":[{"t":"idOrVar","v":"plural"},"value"]},{"$i":"weeks-ago-long","$v":{"few":[{"t":"idOrVar","v":"value"}," weke gelede"],"many":[{"t":"idOrVar","v":"value"}," weke gelede"],"one":"Verlede week","other":[{"t":"idOrVar","v":"value"}," weke gelede"],"two":[{"t":"idOrVar","v":"value"}," weke gelede"],"zero":"Hierdie week"},"$x":[{"t":"idOrVar","v":"plural"},"value"]},{"$i":"months-ago-long","$v":{"few":[{"t":"idOrVar","v":"value"}," maande gelede"],"many":[{"t":"idOrVar","v":"value"}," maande gelede"],"one":"Verlede maand","other":[{"t":"idOrVar","v":"value"}," maande gelede"],"two":[{"t":"idOrVar","v":"value"}," maande gelede"],"zero":"hierdie maand"},"$x":[{"t":"idOrVar","v":"plural"},"value"]},{"$i":"years-ago-long","$v":{"few":[{"t":"idOrVar","v":"value"}," jare gelede"],"many":[{"t":"idOrVar","v":"value"}," jare gelede"],"one":"Verlede jaar","other":[{"t":"idOrVar","v":"value"}," jare gelede"],"two":[{"t":"idOrVar","v":"value"}," jare gelede"],"zero":"Hierdie jaar"},"$x":[{"t":"idOrVar","v":"plural"},"value"]},{"$i":"minutes-until-long","$v":{"few":["In ",{"t":"idOrVar","v":"value"}," minute"],"many":["In ",{"t":"idOrVar","v":"value"}," minute"],"other":["In ",{"t":"idOrVar","v":"value"}," minute"],"two":["In ",{"t":"idOrVar","v":"value"}," minute"],"zero":"Nou","one":"In ‘n minuut"},"$x":[{"t":"idOrVar","v":"plural"},"value"]},{"$i":"hours-until-long","$v":{"few":["In ",{"t":"idOrVar","v":"value"}," ure"],"many":["In ",{"t":"idOrVar","v":"value"}," ure"],"other":["In ",{"t":"idOrVar","v":"value"}," ure"],"two":["In ",{"t":"idOrVar","v":"value"}," ure"],"zero":"Nou","one":"In ‘n uur"},"$x":[{"t":"idOrVar","v":"plural"},"value"]},{"$i":"days-until-long","$v":{"few":["In ",{"t":"idOrVar","v":"value"}," dae"],"many":["In ",{"t":"idOrVar","v":"value"}," dae"],"one":"môre","other":["In ",{"t":"idOrVar","v":"value"}," dae"],"two":["In ",{"t":"idOrVar","v":"value"}," dae"],"zero":"Vandag"},"$x":[{"t":"idOrVar","v":"plural"},"value"]},{"$i":"weeks-until-long","$v":{"few":["In ",{"t":"idOrVar","v":"value"}," weke"],"many":["In ",{"t":"idOrVar","v":"value"}," weke"],"one":"volgende week","other":["In ",{"t":"idOrVar","v":"value"}," weke"],"two":["In ",{"t":"idOrVar","v":"value"}," weke"],"zero":"Hierdie week"},"$x":[{"t":"idOrVar","v":"plural"},"value"]},{"$i":"months-until-long","$v":{"few":["In ",{"t":"idOrVar","v":"value"}," maande"],"many":["In ",{"t":"idOrVar","v":"value"}," maande"],"one":"Volgende maand","other":["In ",{"t":"idOrVar","v":"value"}," maande"],"two":["In ",{"t":"idOrVar","v":"value"}," maande"],"zero":"hierdie maand"},"$x":[{"t":"idOrVar","v":"plural"},"value"]},{"$i":"years-until-long","$v":{"few":["In ",{"t":"idOrVar","v":"value"}," jare"],"many":["In ",{"t":"idOrVar","v":"value"}," jare"],"one":"Volgende jaar","other":["In ",{"t":"idOrVar","v":"value"}," jare"],"two":["In ",{"t":"idOrVar","v":"value"}," jare"],"zero":"Hierdie jaar"},"$x":[{"t":"idOrVar","v":"plural"},"value"]},{"$i":"minutes-ago-short","$v":{"other":[{"t":"idOrVar","v":"value"},"m gelede"],"zero":"Nou-nou"},"$x":[{"t":"idOrVar","v":"plural"},"value"]},{"$i":"hours-ago-short","$v":{"other":[{"t":"idOrVar","v":"value"},"u gelede"],"zero":"Nou-nou"},"$x":[{"t":"idOrVar","v":"plural"},"value"]},{"$i":"days-ago-short","$v":{"other":[{"t":"idOrVar","v":"value"},"d gelede"],"zero":"Vandag"},"$x":[{"t":"idOrVar","v":"plural"},"value"]},{"$i":"minutes-until-short","$v":{"other":["In ",{"t":"idOrVar","v":"value"},"m"],"zero":"Nou"},"$x":[{"t":"idOrVar","v":"plural"},"value"]},{"$i":"hours-until-short","$v":{"other":["In ",{"t":"idOrVar","v":"value"}," u"],"zero":"Nou"},"$x":[{"t":"idOrVar","v":"plural"},"value"]},{"$i":"days-until-short","$v":{"other":["In ",{"t":"idOrVar","v":"value"},"d"],"zero":"Vandag"},"$x":[{"t":"idOrVar","v":"plural"},"value"]},{"$i":"incorrectDate","$v":"(verkeerde datum)"},{"$i":"dateTimeFormat_%c","$v":"%a %b %e %Y %I:%M:%S %p"},{"$i":"dateTimeFormat_%x","$v":"%m/%d/%Y"},{"$i":"dateTimeFormat_%X","$v":"%I:%M:%S %p"},{"$i":"shortTimeFormat","$v":"%I:%M %p"},{"$i":"shortTimeFormat12","$v":"%I:%M %p"},{"$i":"shortTimeFormat24","$v":"%H:%M"},{"$i":"shortDateTimeFormat","$v":"%X %I:%M %p"},{"$i":"weekStartsOnMonday","$v":"0.0"},{"$i":"firstDayOfTheWeek","$v":"0.0"},{"$i":"time_am","$v":"VM"},{"$i":"time_pm","$v":"NM"},{"$i":"sim-with-index-and-carrier","$v":["SIM ",{"t":"idOrVar","v":"index"}," - ",{"t":"idOrVar","v":"carrier"}]},{"$i":"sim-without-carrier","$v":["SIM ",{"t":"idOrVar","v":"index"}]}]