[{"$i":"contacts","$v":"جهات الاتصال"},{"$i":"view","$v":"اعرض"},{"$i":"no-contacts","$v":"لا توجد جهات اتصال"},{"$i":"reading-contacts","$v":"تحميل جهات الاتصال"},{"$i":"start-adding","$v":"اضغط على \"جديد\" أو انتقل إلى الإعدادات لإضافة جهات اتصال."},{"$i":"no-contact-available","$v":"لا توجد جهة اتصال متوفرة"},{"$i":"requested-contact-not-available","$v":"المعلومات المطلوبة غير متوفرة في جهات الاتصال الحالية"},{"$i":"cannot-add-as-empty","$v":"تتعذر الإضافة إلى جهة اتصال نظرًا لأن قائمة جهات الاتصال الخاصة بك فارغة"},{"$i":"ok","$v":"موافق"},{"$i":"no-phone-number-to-dial","$v":"لا يوجد رقم هاتف للاتصال"},{"$i":"video-call","$v":"مكالمة فيديو"},{"$i":"rtt-call","$v":"اتصال RTT"},{"$i":"select-a-contact","$v":"تحديد جهة اتصال"},{"$i":"multi-pick-max-warn","$v":["يصل أقصى عدد محدَّد إلى ",{"t":"idOrVar","v":"n"}]},{"$i":"add-contact-failed","$v":"فشلت إضافة جهة اتصال"},{"$i":"no-sim-card-available","$v":"لا تتوفر بطاقة SIM"},{"$i":"email-cannot-add-to-sim","$v":"البريد الإلكتروني غير مدعوم من الاختيار الحالي للذاكرة."},{"$i":"add-info-failed","$v":"فشل إضافة المعلومات"},{"$i":"no-contact-to-add","$v":"لا توجد جهة اتصال متاحة للإضافة."},{"$i":"move","$v":"نقل"},{"$i":"copy","$v":"نسخ"},{"$i":"copy-contacts","$v":"نسخ جهات الاتصال"},{"$i":"move-contacts","$v":"نقل جهات الاتصال"},{"$i":"phone-memory","$v":"ذاكرة الهاتف"},{"$i":"sim-memory","$v":"ذاكرة SIM"},{"$i":"sim-0-memory","$v":"ذاكرة SIM 1"},{"$i":"sim-1-memory","$v":"ذاكرة SIM 2"},{"$i":"move-from","$v":"نقل من"},{"$i":"copy-from","$v":"نسخ من"},{"$i":"to","$v":"إلى:"},{"$i":"move-contacts-progressing","$v":"جارٍ نقل جهة (جهات) الاتصال..."},{"$i":"copy-contacts-progressing","$v":"جارٍ نسخ جهة (جهات) اتصال..."},{"$i":"contact-move-to-sim","$v":{"few":["تم نقل ",{"t":"idOrVar","v":"migrated"}," جهات اتصال إلى بطاقة SIM."],"many":["تم نقل ",{"t":"idOrVar","v":"migrated"}," جهات اتصال إلى بطاقة SIM."],"one":"تم نقل جهة اتصال واحدة إلى بطاقة SIM.","other":["تم نقل ",{"t":"idOrVar","v":"migrated"}," جهات اتصال إلى بطاقة SIM."],"two":["تم نقل ",{"t":"idOrVar","v":"migrated"}," جهات اتصال إلى بطاقة SIM."],"zero":"لم يتم نقل أي جهة اتصال إلى بطاقة SIM."},"$x":[{"t":"idOrVar","v":"plural"},"migrated"]},{"$i":"contact-copy-to-sim","$v":{"few":["تم نسخ ",{"t":"idOrVar","v":"migrated"}," جهات اتصال إلى بطاقة SIM."],"many":["تم نسخ ",{"t":"idOrVar","v":"migrated"}," جهات اتصال إلى بطاقة SIM."],"one":"تم نسخ جهة اتصال واحدة إلى بطاقة SIM.","other":["تم نسخ ",{"t":"idOrVar","v":"migrated"}," جهات اتصال إلى بطاقة SIM."],"two":["تم نسخ ",{"t":"idOrVar","v":"migrated"}," جهات اتصال إلى بطاقة SIM."],"zero":"لم يتم نسخ أي جهة اتصال إلى بطاقة SIM."},"$x":[{"t":"idOrVar","v":"plural"},"migrated"]},{"$i":"contact-move-to-sim0","$v":{"few":["تم نقل ",{"t":"idOrVar","v":"migrated"}," جهات اتصال إلى بطاقة SIM 1."],"many":["تم نقل ",{"t":"idOrVar","v":"migrated"}," جهات اتصال إلى بطاقة SIM 1."],"one":"تم نقل جهة اتصال واحدة إلى بطاقة SIM 1.","other":["تم نقل ",{"t":"idOrVar","v":"migrated"}," جهات اتصال إلى بطاقة SIM 1."],"two":["تم نقل ",{"t":"idOrVar","v":"migrated"}," جهات اتصال إلى بطاقة SIM 1."],"zero":"لم يتم نقل أي جهة اتصال إلى بطاقة SIM 1."},"$x":[{"t":"idOrVar","v":"plural"},"migrated"]},{"$i":"contact-copy-to-sim0","$v":{"few":["تم نسخ ",{"t":"idOrVar","v":"migrated"}," جهات اتصال إلى بطاقة SIM 1."],"many":["تم نسخ ",{"t":"idOrVar","v":"migrated"}," جهات اتصال إلى بطاقة SIM 1."],"one":"تم نسخ جهة اتصال واحدة إلى بطاقة SIM 1.","other":["تم نسخ ",{"t":"idOrVar","v":"migrated"}," جهات اتصال إلى بطاقة SIM 1."],"two":["تم نسخ ",{"t":"idOrVar","v":"migrated"}," جهات اتصال إلى بطاقة SIM 1."],"zero":"لم يتم نسخ أي جهة اتصال إلى بطاقة SIM 1."},"$x":[{"t":"idOrVar","v":"plural"},"migrated"]},{"$i":"contact-move-to-sim1","$v":{"few":["تم نقل ",{"t":"idOrVar","v":"migrated"}," جهات اتصال إلى بطاقة SIM 2."],"many":["تم نقل ",{"t":"idOrVar","v":"migrated"}," جهات اتصال إلى بطاقة SIM 2."],"one":"تم نقل جهة اتصال واحدة إلى بطاقة SIM 2.","other":["تم نقل ",{"t":"idOrVar","v":"migrated"}," جهات اتصال إلى بطاقة SIM 2."],"two":["تم نقل ",{"t":"idOrVar","v":"migrated"}," جهات اتصال إلى بطاقة SIM 2."],"zero":"لم يتم نقل أي جهة اتصال إلى بطاقة SIM 2."},"$x":[{"t":"idOrVar","v":"plural"},"migrated"]},{"$i":"contact-copy-to-sim1","$v":{"few":["تم نسخ ",{"t":"idOrVar","v":"migrated"}," جهات اتصال إلى بطاقة SIM 2."],"many":["تم نسخ ",{"t":"idOrVar","v":"migrated"}," جهات اتصال إلى بطاقة SIM 2."],"one":"تم نسخ جهة اتصال واحدة إلى بطاقة SIM 2.","other":["تم نسخ ",{"t":"idOrVar","v":"migrated"}," جهات اتصال إلى بطاقة SIM 2."],"two":["تم نسخ ",{"t":"idOrVar","v":"migrated"}," جهات اتصال إلى بطاقة SIM 2."],"zero":"لم يتم نسخ أي جهة اتصال إلى بطاقة SIM 2."},"$x":[{"t":"idOrVar","v":"plural"},"migrated"]},{"$i":"contact-move-to-device","$v":{"one":"تم نقل جهة اتصال واحدة إلى الجهاز.","zero":"لم يتم نقل أي جهة اتصال إلى الجهاز.","few":["تم نقل ",{"t":"idOrVar","v":"migrated"}," جهات اتصال إلى الجهاز."],"many":["تم نقل ",{"t":"idOrVar","v":"migrated"}," جهات اتصال إلى الجهاز."],"other":["تم نقل ",{"t":"idOrVar","v":"migrated"}," جهات اتصال إلى الجهاز."],"two":["تم نقل ",{"t":"idOrVar","v":"migrated"}," جهات اتصال إلى الجهاز."]},"$x":[{"t":"idOrVar","v":"plural"},"migrated"]},{"$i":"contact-copy-to-device","$v":{"one":"تم نسخ جهة اتصال واحدة إلى الجهاز.","zero":"لم يتم نسخ أي جهة اتصال إلى الجهاز.","few":["تم نسخ ",{"t":"idOrVar","v":"migrated"}," جهات اتصال إلى الجهاز."],"many":["تم نسخ ",{"t":"idOrVar","v":"migrated"}," جهات اتصال إلى الجهاز."],"other":["تم نسخ ",{"t":"idOrVar","v":"migrated"}," جهات اتصال إلى الجهاز."],"two":["تم نسخ ",{"t":"idOrVar","v":"migrated"}," جهات اتصال إلى الجهاز."]},"$x":[{"t":"idOrVar","v":"plural"},"migrated"]},{"$i":"copy-contact-failed","$v":"تعذَّر نسخ جهات الاتصال"},{"$i":"move-contact-failed","$v":"تعذَّر نقل جهات الاتصال"},{"$i":"contact-copy-error-sim-full","$v":"نسخ جهات الاتصال غير مكتمل بسبب امتلاء بطاقة SIM."},{"$i":"contact-copy-error-unknown","$v":"نسخ جهات الاتصال غير مكتمل بسبب وجود خطأ."},{"$i":"contact-copy-error-limit-exceeded","$v":"لم يكتمل نسخ جهات الاتصال بسبب تجاوز حد جهات اتصال الهاتف."},{"$i":"contact-move-error-sim-full","$v":"نقل جهات الاتصال غير مكتمل بسبب امتلاء بطاقة SIM."},{"$i":"contact-move-error-unknown","$v":"نقل جهات الاتصال غير مكتمل بسبب وجود خطأ."},{"$i":"contact-move-error-limit-exceeded","$v":"لم يكتمل نقل جهات الاتصال بسبب تجاوز حد جهات اتصال الهاتف."},{"$i":"contact-save-error-unknown","$v":"حفظ جهة الاتصال غير مكتمل بسبب وجود خطأ."},{"$i":"memory","$v":"الذاكرة"},{"$i":"phone-and-sim","$v":"الهاتف وبطاقة SIM"},{"$i":"phone","$v":"الهاتف"},{"$i":"sim","$v":"SIM"},{"$i":"reloading-contact","$v":"جارٍ إعادة تحميل جهات الاتصال.."},{"$i":"contact-reloaded","$v":"تمت إعادة تحميل جهات الاتصال"},{"$i":"message","$v":"رسالة"},{"$i":"changes-saved","$v":"تم حفظ التغييرات."},{"$i":"already-ice-contact","$v":"تم تعيين جهة الاتصال المحددة بالفعل على طريقة إقامة الاتصال التفاعلي (ICE)."},{"$i":"phone-contacts-limit-exceeded","$v":"تم تجاوز حد جهات اتصال الهاتف."},{"$i":"sim-contacts-limit-exceeded","$v":"تم تجاوز حد جهات اتصال بطاقة SIM."},{"$i":"more-info","$v":"المزيد"},{"$i":"callAirplaneModeTitle","$v":"وضع الطيران مُفعّل"},{"$i":"callAirplaneModeMessage","$v":"لإجراء مكالمة، قم بإلغاء وضع الطيران من الاعدادات."},{"$i":"emergencyDialogTitle","$v":"لا يوجد اتصال بالشبكة"},{"$i":"emergencyDialogBodyBadNumber","$v":"للإتصال يجب أن يكون الجوال مُتصل بشبكة."},{"$i":"emergencyDialogBodyDeviceNotAccepted","$v":"مكالمات الطوارئ غير مسموحة من الشبكة."},{"$i":"invalidNumberToDialTitle","$v":"رقم هاتف غير صحيح"},{"$i":"invalidNumberToDialMessage","$v":"رقم الهاتف الذي تحاول الاتصال به غير صحيح"},{"$i":"invalidNumberToSendTitle","$v":"رقم هاتف غير صحيح"},{"$i":"invalidNumberToSendMessage","$v":"رقم الهاتف الذي تراسله غير صالح."},{"$i":"emergency-call-only","$v":"مكالمات الطوارئ فقط"},{"$i":"emergency-call-error","$v":[{"t":"idOrVar","v":"number"}," ليس رقم طوارئ."]},{"$i":"numberIsBusyTitle","$v":"الرقم مشغول"},{"$i":"numberIsBusyMessage","$v":"الرقم مشغول حاليا. يرجى المحاولة مرة أخرى في وقت لاحق."},{"$i":"fdnIsActiveTitle","$v":"FDN نشطة"},{"$i":"fdnIsActiveMessage","$v":["تم تنشيط FDN (أرقام الطلب الثابت) والرقم التالي غير موجود في قائمة FDN الخاصة بك: ",{"t":"idOrVar","v":"number"}]},{"$i":"otherConnectionInUseTitle","$v":"وسيلة اتصال اخرى قيد الاستخدام"},{"$i":"otherConnectionInUseMessage","$v":"لديك مكالمة نشطة على اتصال آخر. يمكنك فقط استخدام اتصال واحد في كل مرة."},{"$i":"GenericFailure","$v":"فشل عام"},{"$i":"CallFailed","$v":"فشل الاتصال"},{"$i":"scCallBarring","$v":"حظر المكالمات"},{"$i":"scCallForwarding","$v":"إعادة توجيه المكالمات"},{"$i":"scClip","$v":"مُعرّف المتصل الوارد"},{"$i":"scClir","$v":"مُعرّف المتصل الصادر"},{"$i":"scPwd","$v":"تغيير كلمة المرور"},{"$i":"scCallWaiting","$v":"انتظار المكالمات"},{"$i":"scPin","$v":"تغيير رمز PIN"},{"$i":"scPin2","$v":"تغيير PIN2"},{"$i":"scPuk","$v":"إلغاء حظر رمز PIN"},{"$i":"scPuk2","$v":"إلغاء حظر رمز PIN2"},{"$i":"scImei","$v":"IMEI"},{"$i":"scMeid","$v":"MEID"},{"$i":"scUssd","$v":"USSD"},{"$i":"set-speed-dial","$v":"تعيين جهات اتصال الاتصال السريع"},{"$i":"empty","$v":"فارغ"},{"$i":"voicemail","$v":"بريد صوتي"},{"$i":"speed-dial","$v":"اتصال سريع"},{"$i":"add","$v":"إضافة"},{"$i":"replace","$v":"استبدال"},{"$i":"remove-from-speed-dial","$v":"إزالة من الاتصال السريع"},{"$i":"custom-dialog-replace-speed-dial","$v":["هل أنت متأكد أنك تريد استبدال الاتصال السريع ",{"t":"idOrVar","v":"oldSpeedDial"}," بـ ",{"t":"idOrVar","v":"newSpeedDial"},"؟"]},{"$i":"custom-dialog-remove-speed-dial","$v":["هل أنت متأكد من رغبتك في إزالة ",{"t":"idOrVar","v":"name"}," من الاتصال السريع؟"]},{"$i":"speed-dial-added","$v":"تمت إضافة رقم الاتصال السريع"},{"$i":"speed-dial-removed","$v":"تمت إزالة رقم الاتصال السريع."},{"$i":"speed-dial-replaced","$v":"تم تحديث رقم الاتصال السريع."},{"$i":"voice-mail","$v":"البريد الصوتي"},{"$i":"voice-mail-number","$v":["رقم البريد الصوتي - بطاقة SIM ",{"t":"idOrVar","v":"n"}]},{"$i":"voice-mail-number-single","$v":"رقم البريد الصوتي"},{"$i":"voice-mail-number-updated","$v":"تم تحديث رقم البريد الصوتي"},{"$i":"found-duplicates-message","$v":"تم العثور على معلومات مكررة في جهات الاتصال التالية. هل ترغب في دمجها؟"},{"$i":"confirm-to-merge-contacts","$v":["هل تريد دمج ",{"t":"idOrVar","v":"n"}," جهات اتصال مع ",{"t":"idOrVar","v":"name"},"؟"]},{"$i":"contact-merged","$v":"جهة اتصال تم دمجها"},{"$i":"find-duplicate-contacts","$v":"ابحث عن جهات الإتصال المكررة"},{"$i":"no-duplicate-contact-found","$v":"لا توجد جهات إتصال مكررة"},{"$i":"merge","$v":"دمج"},{"$i":"find-dup","$v":"ابحث عن جهات الإتصال المكررة"},{"$i":"find-dup-title","$v":"بحث عن جهات الاتصال المكررة"},{"$i":"finding-dup-message","$v":"جارٍ البحث عن جهات اتصال مكررة..."},{"$i":"dup-found-title","$v":"تم العثور على تكرارات"},{"$i":"dup-found-message","$v":"تم العثور على معلومات مكررة في جهة (جهات) الاتصال التالية. هل ترغب في الدمج؟"},{"$i":"no-dup-found","$v":"لم يتم العثور على تكرارات"},{"$i":"merge-conflict-warn","$v":["سيستبدل \"",{"t":"idOrVar","v":"name"},"\" المعلومات التالية:"]},{"$i":"merge-conflict-confirm","$v":"هل تريد بالتأكيد دمج جهات الاتصال؟"},{"$i":"add-favorite","$v":"إضافة كمفضلة"},{"$i":"remove-favorite","$v":"غير مفضل"},{"$i":"favorite-contacts","$v":"جهات الاتصال المفضلة"},{"$i":"add-block","$v":"حظر هذا الرقم"},{"$i":"remove-block","$v":"إلغاء حظر هذا الرقم"},{"$i":"add-block-email","$v":"حظر هذا البريد الإلكتروني"},{"$i":"remove-block-email","$v":"إلغاء حظر هذا البريد الإلكتروني"},{"$i":"add-block-contact-warning","$v":"لن تتلقى مكالمات هاتفية ولا رسائل من أشخاص في قائمة الحظر."},{"$i":"add-block-email-warning","$v":"لن تتلقى رسائل من عنوان البريد الإلكتروني هذا."},{"$i":"block","$v":"حظر"},{"$i":"unblock","$v":"إلغاء الحظر"},{"$i":"block-contacts","$v":"حظر جهات الاتصال"},{"$i":"add-block-header","$v":"إضافة رقم حظر"},{"$i":"remove-block-alert","$v":"تمت الإزالة من حظر جهات الاتصال."},{"$i":"duplicate-block-number","$v":"لا يمكن إضافة رقم مكرر."},{"$i":"sort-contacts","$v":"فرز جهات الاتصال"},{"$i":"sort-by-first-name","$v":"فرز حسب الاسم الأول"},{"$i":"sort-by-last-name","$v":"فرز حسب الاسم الأخير"},{"$i":"no-support-open-multi-vcard","$v":"يتعذر فتح vCard مع جهات اتصال متعددة"},{"$i":"import","$v":"استيراد"},{"$i":"sdcard","$v":"بطاقة الذاكرة"},{"$i":"simcard","$v":"بطاقة SIM"},{"$i":"import-contacts","$v":"استيراد جهات الاتصال"},{"$i":"simContacts-error","$v":"تعذَر إستيراد جهات الاتصال من بطاقة SIM"},{"$i":"memoryCardContacts-error","$v":"تعذَر إستيراد جهات الاتصال من بطاقة الذاكرة"},{"$i":"novCardFiles","$v":"لا يوجد ملف جهات اتصال متاح في بطاقة الذاكرة."},{"$i":"fullDiskSpace-error","$v":"مساحة التخزين ممتلئة، تعذر استيراد جهات الاتصال."},{"$i":"socialServiceContacts-error","$v":["تعذر استيراد جهات الاتصال من ",{"t":"idOrVar","v":"service"}]},{"$i":"socialServiceContacts-noNetwork","$v":["لا يوجد اتصال بالإنترنت، لا يمكن استيراد جهات الاتصال من ",{"t":"idOrVar","v":"service"},"."]},{"$i":"simContacts-reading","$v":"جارِ القراءة من بطاقة SIM..."},{"$i":"memoryCardContacts-reading","$v":"جارِ القراءة من بطاقة الذاكرة..."},{"$i":"importContactsTitle","$v":"إستورد جهات الإتصال"},{"$i":"retry","$v":"محاولة مرة أخرى"},{"$i":"noSimMsg","$v":"لاستيراد جهات الاتصال ادخل او فك قفل بطاقة SIM"},{"$i":"noSdcardMsg","$v":"لاستيراد جهات الاتصال، أدخل بطاقة ذاكرة"},{"$i":"not-imported","$v":"لم يتم الإستيراد"},{"$i":"imported","$v":"إستورد"},{"$i":"importing","$v":"جارٍ الاستيراد"},{"$i":"contact-imported","$v":[{"t":"idOrVar","v":"imported"}," جهات اتصال تم استيرادها. ",{"t":"idOrVar","v":"dupes"}," جهات اتصال تم دمجها."]},{"$i":"contact-imported2","$v":{"one":"تم استيراد جهة اتصال واحدة.","zero":"لم يتم استيراد جهة اتصال.","few":["تم استيراد ",{"t":"idOrVar","v":"imported"}," جهات الاتصال."],"many":["تم استيراد ",{"t":"idOrVar","v":"imported"}," جهات الاتصال."],"other":["تم استيراد ",{"t":"idOrVar","v":"imported"}," جهات الاتصال."],"two":["تم استيراد ",{"t":"idOrVar","v":"imported"}," جهات الاتصال."]},"$x":[{"t":"idOrVar","v":"plural"},"imported"]},{"$i":"reading-contacts-from-sim","$v":"قراءة جهة (جهات) اتصال من بطاقة SIM..."},{"$i":"reading-contacts-from-gmail","$v":"قراءة جهة (جهات) اتصال من Gmail..."},{"$i":"reading-contacts-from-live","$v":"قراءة جهة (جهات) اتصال من Outlook..."},{"$i":"reading-contacts-from-sd","$v":"قراءة جهة (جهات) اتصال من بطاقة الذاكرة..."},{"$i":"reading-contacts-from-vcard","$v":"قراءة جهة (جهات) اتصال من ملف..."},{"$i":"importing-contacts-from-sim","$v":"استيراد جهة (جهات) اتصال من بطاقة SIM..."},{"$i":"importing-contacts-from-gmail","$v":"استيراد جهة (جهات) اتصال من Gmail..."},{"$i":"importing-contacts-from-live","$v":"استيراد جهة (جهات) اتصال من Outlook..."},{"$i":"importing-contacts-from-sd","$v":"استيراد جهة (جهات) اتصال من بطاقة الذاكرة..."},{"$i":"importing-contacts-from-vcard","$v":"استيراد جهة (جهات) اتصال من ملف..."},{"$i":"connect-network-to-import","$v":"لاستيراد جهات اتصال، قم بالاتصال بشبكة WiFi أو شبكة البيانات"},{"$i":"importing-confirm","$v":["استيراد ",{"t":"idOrVar","v":"n"}," جهة اتصال من الملف \"",{"t":"idOrVar","v":"fileName"},"\"؟"]},{"$i":"importing-cancel-confirm","$v":"سيتم إيقاف عملية الاستيراد إذا قمت بإغلاق هذه الشاشة. هل ما زلت ترغب في إغلاقها؟"},{"$i":"import-contact-failed","$v":"تعذَّر استيراد جهات الاتصال"},{"$i":"phone-storage-full","$v":"مساحة تخزين الهاتف الجوال ممتلئة"},{"$i":"import-contact-storage-full","$v":"تعذر استيراد جهات الاتصال. حذف بيانات التطبيق لتحرير مساحة."},{"$i":"contact-import-error-disk-full","$v":"لم يكتمل استيراد جهات اتصال بسبب امتلاء مساحة التخزين. حذف بيانات التطبيق لتحرير مساحة."},{"$i":"contact-import-error-sim-full","$v":"استيراد جهات الاتصال غير مكتمل بسبب امتلاء بطاقة SIM."},{"$i":"contact-import-error-unknown","$v":"استيراد جهات الاتصال غير مكتمل بسبب وجود خطأ."},{"$i":"import-contacts-canceled","$v":"تم إلغاء استيراد جهات الاتصال."},{"$i":"close","$v":"إغلاق"},{"$i":"import-process-cancel","$v":"تم إلغاء عملية الاستيراد."},{"$i":"import-limit-header","$v":"تجاوز حد حجم الملف"},{"$i":"inner-import-limit-content","$v":"لم يتم استيراد أي ملف من ملفات جهات الاتصال التي يتجاوز حجمها 10 ميجا بايت."},{"$i":"activity-import-limit-contact","$v":"فشل استيراد جهات الاتصال بسبب تجاوز حد حجم الملف."},{"$i":"activity-import-limit-additional","$v":"(يجب أن يكون حجم الملف أقل من 10 ميجا بايت.)"},{"$i":"bluetooth","$v":"بلوتوث"},{"$i":"export","$v":"تصدير"},{"$i":"export-contacts","$v":"تصدير جهات الاتصال"},{"$i":"simExport-title","$v":"تصدير إلى SIM"},{"$i":"memoryCardExport-title","$v":"تصدير إلى بطاقة ذاكرة"},{"$i":"btExport-title","$v":"صدِّر إلى بلوتوث"},{"$i":"noSimMsgExport","$v":"لتصدير جهات الاتصال ادخل او فك قفل بطاقة SIM"},{"$i":"noSdcardExport","$v":"لتصدير جهات الاتصال، أدخل بطاقة ذاكرة."},{"$i":"bluetoothNoConnection","$v":"لتصدير جهات الاتصال، قم بتوصيل جهاز bluetooth."},{"$i":"contact-exported","$v":[{"t":"idOrVar","v":"exported"}," جهات اتصال تم تصديرها."]},{"$i":"contact-exported2","$v":{"zero":"لم يتم تصدير أي جهة اتصال.","one":"تم تصدير جهة اتصال واحدة.","few":[{"t":"idOrVar","v":"exported"}," جهات اتصال تم تصديرها."],"many":[{"t":"idOrVar","v":"exported"}," جهات اتصال تم تصديرها."],"other":[{"t":"idOrVar","v":"exported"}," جهات اتصال تم تصديرها."],"two":[{"t":"idOrVar","v":"exported"}," جهات اتصال تم تصديرها."]},"$x":[{"t":"idOrVar","v":"plural"},"exported"]},{"$i":"export-contact-failed","$v":"فشل تصدير جهة الاتصال"},{"$i":"contact-export-error-sim-full","$v":"لم يكتمل تصدير جهات الاتصال بسبب امتلاء بطاقة SIM."},{"$i":"contact-export-error-sd-full","$v":"لم يكتمل تصدير جهات الاتصال بسبب أن بطاقة الذاكرة ممتلئة."},{"$i":"contact-export-error-unknown","$v":"تصدير جهات الاتصال غير مكتمل بسبب وجود خطأ."},{"$i":"contact-export-canceled","$v":"تم إلغاء عملية التصدير."},{"$i":"save","$v":"حفظ"},{"$i":"back","$v":"رجوع"},{"$i":"givenName","$v":"الاسم الأول"},{"$i":"familyName","$v":"إسم العائلة"},{"$i":"name","$v":"الاسم"},{"$i":"org","$v":"الشركة"},{"$i":"ringtone","$v":"نغمة الرنين"},{"$i":"note","$v":"ملاحظة"},{"$i":"photo","$v":"صورة"},{"$i":"email","$v":"البريد الإلكتروني"},{"$i":"adr","$v":"العنوان"},{"$i":"custom","$v":"مخصص"},{"$i":"confirm-discard-contact-data","$v":"سيتم تجاهل معلومات جهة الاتصال. هل تريد حفظ جهة الاتصال هذه؟"},{"$i":"confirm-discard-contact-update-data","$v":"سيتم تجاهل التغييرات. هل ترغب في حفظ جهة الاتصال هذه؟"},{"$i":"discard-contact-data","$v":"سيتم تجاهل التغييرات."},{"$i":"discard","$v":"تجاهل"},{"$i":"add-others","$v":"إضافة عناصر أخرى"},{"$i":"custom-label","$v":"علامة مخصصة"},{"$i":"input-the-custom-type","$v":"يرجى إدخال النوع المخصص"},{"$i":"contact-added","$v":"تمت إضافة جهة الاتصال."},{"$i":"delete-prompt-message","$v":["حذف ",{"t":"idOrVar","v":"field"},"؟"]},{"$i":"delete-photo-msg","$v":"صورة"},{"$i":"delete-ringtone-msg","$v":"نغمة الرنين"},{"$i":"delete-bday-msg","$v":"تاريخ الميلاد"},{"$i":"delete-note-msg","$v":"مذكرة"},{"$i":"delete-org-msg","$v":"شركة"},{"$i":"personal","$v":"شخصي"},{"$i":"mobile","$v":"الهاتف المحمول"},{"$i":"current","$v":"الحالي"},{"$i":"home","$v":"المنزل"},{"$i":"work","$v":"العمل"},{"$i":"other","$v":"أخرى"},{"$i":"fax-home","$v":"فاكس المنزل"},{"$i":"fax-office","$v":"فاكس المكتب"},{"$i":"fax-other","$v":"فاكس آخر"},{"$i":"add-phone","$v":"إضافة هاتف"},{"$i":"add-tel","$v":"إضافة رقم هاتف"},{"$i":"add-email","$v":"إضافة بريد إلكتروني"},{"$i":"add-ringtone","$v":"إضافة نغمة رنين"},{"$i":"add-adr","$v":"إضافة عنوان"},{"$i":"add-bday","$v":"إضافة عيد الميلاد"},{"$i":"add-photo","$v":"إضافة صورة"},{"$i":"add-note","$v":"إضافة ملاحظة"},{"$i":"add-org","$v":"إضافة شركة"},{"$i":"add-tel-number","$v":"إضافة رقم هاتف"},{"$i":"delete-tel","$v":"حذف رقم الهاتف"},{"$i":"delete-email","$v":"حذف البريد الإلكتروني"},{"$i":"delete-ringtone","$v":"حذف نغمة الرنين"},{"$i":"delete-adr","$v":"حذف العنوان"},{"$i":"delete-bday","$v":"حذف عيد الميلاد"},{"$i":"delete-photo","$v":"حذف صورة"},{"$i":"delete-note","$v":"حذف ملاحظة"},{"$i":"delete-org","$v":"حذف الشركة"},{"$i":"edit-tel-type","$v":"تحرير نوع الهاتف"},{"$i":"edit-email-type","$v":"تحرير نوع البريد الإلكتروني"},{"$i":"edit-adr-type","$v":"تحرير نوع العنوان"},{"$i":"edit-bday-type","$v":"تحرير عيد الميلاد"},{"$i":"replace-photo","$v":"تغيير الصورة"},{"$i":"replace-ringtone","$v":"تغيير نغمة الرنين"},{"$i":"mobile-tel","$v":"الهاتف المحمول"},{"$i":"home-tel","$v":"هاتف المنزل"},{"$i":"work-tel","$v":"هاتف العمل"},{"$i":"personal-tel","$v":"الهاتف الشخصي"},{"$i":"fax-home-tel","$v":"فاكس المنزل"},{"$i":"fax-office-tel","$v":"فاكس المكتب"},{"$i":"fax-other-tel","$v":"فاكس آخر"},{"$i":"other-tel","$v":"هاتف آخر"},{"$i":"personal-email","$v":"البريد إلكتروني الشخصي"},{"$i":"work-email","$v":"البريد إلكتروني للعمل"},{"$i":"other-email","$v":"بريد إلكتروني آخر"},{"$i":"custom-email","$v":[{"t":"idOrVar","v":"type"}," البريد الإلكتروني"]},{"$i":"custom-tel","$v":[{"t":"idOrVar","v":"type"}," الهاتف"]},{"$i":"personal-adr","$v":"العنوان الشخصي"},{"$i":"current-adr","$v":"العنوان الحالي"},{"$i":"home-adr","$v":"عنوان المنزل"},{"$i":"work-adr","$v":"عنوان العمل"},{"$i":"custom-adr","$v":[{"t":"idOrVar","v":"type"}," العنوان"]},{"$i":"bday","$v":"تاريخ الميلاد"},{"$i":"birthday","$v":"تاريخ الميلاد"},{"$i":"streetAddress","$v":"الشارع"},{"$i":"locality","$v":"المدينة"},{"$i":"postalCode","$v":"الرمز البريدي"},{"$i":"countryName","$v":"الدولة"},{"$i":"region","$v":"الحالة"},{"$i":"no-name","$v":"بدون اسم"},{"$i":"new-contact","$v":"جديد"},{"$i":"options","$v":"الخيارات"},{"$i":"cancel","$v":"ألغِ"},{"$i":"settings","$v":"الإعدادات"},{"$i":"edit","$v":"حرّر"},{"$i":"share","$v":"مشاركة"},{"$i":"remove","$v":"إزالة"},{"$i":"compose","$v":"إنشاء"},{"$i":"new-contact-title","$v":"جهة اتصال جديدة"},{"$i":"edit-title","$v":"تحرير جهة الاتصال"},{"$i":"music","$v":"الموسيقى"},{"$i":"adr-type","$v":"نوع العنوان"},{"$i":"email-type","$v":"نوع البريد الإلكتروني"},{"$i":"tel-type","$v":"نوع الهاتف"},{"$i":"ICEContactsGroup","$v":"جهات اتصال ICE"},{"$i":"setICEButton","$v":"تعيين جهات اتصال ICE"},{"$i":"ICESettingTitle","$v":"جهات اتصال ICE"},{"$i":"ICEDescription","$v":"أضف خمس جهات اتصال لإجراء مكالمات \"في حالة الطوارئ\"."},{"$i":"ICEContact","$v":["جهة اتصال ICE ‏",{"t":"idOrVar","v":"n"}]},{"$i":"ICESelectContact","$v":"تحديد جهة اتصال"},{"$i":"delete-ice-contact-warning","$v":"هل تريد بالتأكيد إزالة جهة اتصال ICE؟"},{"$i":"confirm","$v":"تأكيد"},{"$i":"add-ice-failed","$v":"فشل إضافة ICE"},{"$i":"create-group","$v":"إنشاء مجموعة"},{"$i":"group-name","$v":"أسم المجموعة"},{"$i":"group","$v":"المجموعة"},{"$i":"new-group-created","$v":"تم إنشاء مجموعة جديدة."},{"$i":"create-group-failed","$v":"فشل إنشاء مجموعة."},{"$i":"create-group-too-many","$v":["يمكنك فقط إنشاء ",{"t":"idOrVar","v":"number"}," مجموعات."]},{"$i":"create-group-duplicate","$v":"اسم مكرر."},{"$i":"rename-group-failed","$v":"فشلت إعادة تسمية المجموعة."},{"$i":"new-group","$v":"جديد"},{"$i":"rename","$v":"إعادة تسمية"},{"$i":"duplicate-removed","$v":"إزالة جهة (جهات) الاتصال المكررة."},{"$i":"add-to-group","$v":"إضافة إلى المجموعة"},{"$i":"remove-from-group","$v":"إزالة من المجموعة"},{"$i":"added-to","$v":["تمت الإضافة إلى ",{"t":"idOrVar","v":"group"}]},{"$i":"removed-from","$v":["تمت الإزالة من ",{"t":"idOrVar","v":"group"}]},{"$i":"select-group","$v":"تحديد مجموعة"},{"$i":"rename-group","$v":"إعادة تسمية المجموعة"},{"$i":"delete-group","$v":["هل أنت متأكد من أنك تريد حذف ",{"t":"idOrVar","v":"group"},"؟"]},{"$i":"unable-add-warn","$v":"تعذر إضافة جهة اتصال حساب إلى المجموعة."},{"$i":"edit-contact","$v":"حرر جهة الإتصال"},{"$i":"send-message","$v":"إرسال رسالة"},{"$i":"call","$v":"اتصال"},{"$i":"call-sim-1","$v":"اتصال - SIM 1"},{"$i":"call-sim-2","$v":"اتصال - SIM 2"},{"$i":"send-email","$v":"إرسال بريد إلكتروني"},{"$i":"choose-number","$v":"تحديد رقم"},{"$i":"choose-email-address","$v":"تحديد البريد الإلكتروني"},{"$i":"delete","$v":"حذف"},{"$i":"select","$v":"تحديد"},{"$i":"select-all","$v":"تحديد الكل"},{"$i":"select-all2","$v":"الكل"},{"$i":"deselect-all","$v":"ألغ أختيار الكل"},{"$i":"deselect-all2","$v":"لا شئ"},{"$i":"deselect","$v":"إلغاء تحديد"},{"$i":"selected-contacts","$v":{"few":["تم تحديد ",{"t":"idOrVar","v":"n"}],"many":["تم تحديد ",{"t":"idOrVar","v":"n"}],"one":["محدد ",{"t":"idOrVar","v":"n"}],"other":["تم تحديد ",{"t":"idOrVar","v":"n"}],"two":["تم تحديد ",{"t":"idOrVar","v":"n"}],"zero":["تم تحديد ",{"t":"idOrVar","v":"n"}]},"$x":[{"t":"idOrVar","v":"plural"},"n"]},{"$i":"massive-delete","$v":"حذف جهات اتصال"},{"$i":"confirm-contact-delete","$v":["هل أنت متأكد من أنك تريد حذف جهة الاتصال \"",{"t":"idOrVar","v":"name"},"\"؟"]},{"$i":"DeletedTxt","$v":{"few":["تمت إزالة ",{"t":"idOrVar","v":"n"}," جهات اتصال"],"many":["تمت إزالة ",{"t":"idOrVar","v":"n"}," جهات اتصال"],"one":"تمت إزالة جهة اتصال واحدة","other":["تمت إزالة ",{"t":"idOrVar","v":"n"}," جهات اتصال"],"two":["تمت إزالة ",{"t":"idOrVar","v":"n"}," جهات اتصال"],"zero":"لا توجد جهة اتصال ليتم حذفها"},"$x":[{"t":"idOrVar","v":"plural"},"n"]},{"$i":"DeletingContacts","$v":"حذف جهات الاتصال"},{"$i":"DeletingContactsProgressing","$v":"حذف جهات اتصال"},{"$i":"ContactConfirmDel","$v":{"few":["حذف ",{"t":"idOrVar","v":"n"}," جهات اتصال؟ لا يمكن التراجع عن ذلك."],"many":["حذف ",{"t":"idOrVar","v":"n"}," جهات اتصال؟ لا يمكن التراجع عن ذلك."],"one":"حذف جهة اتصال واحدة؟ لا يمكن التراجع عن ذلك.","other":["حذف ",{"t":"idOrVar","v":"n"}," جهات اتصال؟ لا يمكن التراجع عن ذلك."],"two":["حذف ",{"t":"idOrVar","v":"n"}," جهات اتصال؟ لا يمكن التراجع عن ذلك."],"zero":"لا توجد جهة اتصال ليتم حذفها"},"$x":[{"t":"idOrVar","v":"plural"},"n"]},{"$i":"contact-deleted","$v":{"zero":"لم يتم حذف أي جهة اتصال","one":"تم حذف جهة اتصال واحدة","few":["تم حذف ",{"t":"idOrVar","v":"n"}," جهات اتصال"],"many":["تم حذف ",{"t":"idOrVar","v":"n"}," جهات اتصال"],"other":["تم حذف ",{"t":"idOrVar","v":"n"}," جهات اتصال"],"two":["تم حذف ",{"t":"idOrVar","v":"n"}," جهات اتصال"]},"$x":[{"t":"idOrVar","v":"plural"},"n"]},{"$i":"a-contact-deleted","$v":"تم حذف جهة الاتصال."},{"$i":"settings-title","$v":"إعدادات جهة الاتصال"},{"$i":"change-will-update-until-restart","$v":"سيتم تحديث التغييرات عند تشغيل جهات الاتصال في المرة القادمة."},{"$i":"transfer-contacts","$v":"نقل جهات الاتصال"},{"$i":"service-number","$v":"رقم الخدمة"},{"$i":"no-contacts-found","$v":"لم يتم العثور على نتائج مطابقة."},{"$i":"search","$v":"بحث جهات الاتصال","placeholder":"بحث جهات الاتصال"},{"$i":"search-option","$v":"بحث"},{"$i":"accounts","$v":"حسابات"},{"$i":"account","$v":"الحسابات"},{"$i":"add-account","$v":"إعداد يدوي"},{"$i":"add-account-failed","$v":"حدث خطأ غير معروف، يرجى المحاولة مرة أخرى في وقت لاحق."},{"$i":"duplicate-account-warn","$v":"الحساب موجود بالفعل. تم تشغيل المزامنة."},{"$i":"setting-up-account","$v":"اعدّ حساب"},{"$i":"no-network-warn","$v":"لا يوجد اتصال بالإنترنت."},{"$i":"username","$v":"اسم المستخدم"},{"$i":"password","$v":"كلمة السِّر"},{"$i":"delete-account","$v":"حذف الحساب"},{"$i":"delete-account-long","$v":"حذف الحساب"},{"$i":"delete-account-warn","$v":"إذا حذفت هذا الحساب، فستتأثر أيضًا التطبيقات التي تستخدم هذا الحساب."},{"$i":"deleting-account","$v":"حذف الحساب"},{"$i":"delete-account-failed","$v":"فشل حذف الحساب، يرجى المحاولة مرة أخرى في وقت لاحق."},{"$i":"delete-account-ok","$v":"تم حذف الحساب."},{"$i":"sync","$v":"مزامنة"},{"$i":"sync-title","$v":"مزامنة جهات الاتصال"},{"$i":"sync-failed-warn","$v":"فشلت المزامنة."},{"$i":"sync-off-warn","$v":"تم إيقاف المزامنة في الإعدادات."},{"$i":"show-account-contacts","$v":"إظهار جهات اتصال الحساب"},{"$i":"sync-account-contacts","$v":"مزامنة جهات اتصال الحساب"},{"$i":"sync-account-contacts-warning","$v":["لن تتم مزامنة أي تعديل لجهة اتصال الحساب مع السحابة عند إلغاء تحديد خاصية التبديل \"",{"t":"idOrVar","v":"switch"},"\"، فهل ما زلت تريد إلغاء تحديد ذلك؟"]},{"$i":"yes","$v":"نعم"},{"$i":"all-contacts-synced","$v":"تمت مزامنة جميع جهات الاتصال."},{"$i":"contact-syncing","$v":"جارٍ مزامنة جهات الاتصال..."},{"$i":"contacts-sync-limit-exceed","$v":"لم تكتمل مزامنة جهات الاتصال بسبب تجاوز حد جهات الاتصال."},{"$i":"show-password","$v":"إظهار كلمة المرور"},{"$i":"password-incorrect","$v":"كلمة المرور غير صحيحة."},{"$i":"re-enter-password","$v":"إعادة إدخال كلمة السر"},{"$i":"accessing-warn","$v":"حدثت مشكلة في الوصول إلى حسابك."},{"$i":"accessing-warn-password","$v":"يرجى إعادة إدخال كلمة المرور."},{"$i":"re-enter-password-on-setting","$v":"يرجى إعادة إدخال كلمة المرور في إعداد جهات الاتصال."},{"$i":"accessing-warn-relogin","$v":"يرجى حذف الحساب وإعادة تسجيل الدخول."},{"$i":"update-password-failed","$v":"فشل تحديث كلمة المرور، تُرجى المحاولة مرة أخرى في وقت لاحق."},{"$i":"connect-time-out","$v":["تعذر إنشاء اتصال بـ \"",{"t":"idOrVar","v":"server"},"\". قد تكون هناك مشكلة في الشبكة."]},{"$i":"server-error","$v":"الخادم غير متاح. يرجى إعادة المحاولة لاحقًا."},{"$i":"loading","$v":"جار التحميل..."},{"$i":"ellipsis","$v":"..."},{"$i":"stop-syncing-warn-title","$v":"مزامنة جهات الاتصال"},{"$i":"stop-syncing-warn","$v":"سيؤدي إغلاق التطبيق إلى إيقاف عملية مزامنة جهة الاتصال. هل ما زلت تريد إغلاقها؟"},{"$i":"weekday-0-long","$v":"الأحد"},{"$i":"weekday-1-long","$v":"الإثنين"},{"$i":"weekday-2-long","$v":"الثلاثاء"},{"$i":"weekday-3-long","$v":"الأربعاء"},{"$i":"weekday-4-long","$v":"الخميس"},{"$i":"weekday-5-long","$v":"الجمعة"},{"$i":"weekday-6-long","$v":"السبت"},{"$i":"weekday-0-short","$v":"أحد"},{"$i":"weekday-1-short","$v":"إثنين"},{"$i":"weekday-2-short","$v":"ثلاثاء"},{"$i":"weekday-3-short","$v":"أربعاء"},{"$i":"weekday-4-short","$v":"خميس"},{"$i":"weekday-5-short","$v":"جمعة"},{"$i":"weekday-6-short","$v":"سبت"},{"$i":"month-0-long","$v":"يناير"},{"$i":"month-1-long","$v":"فبراير"},{"$i":"month-2-long","$v":"مارس"},{"$i":"month-3-long","$v":"أبريل"},{"$i":"month-4-long","$v":"مايو"},{"$i":"month-5-long","$v":"يونيو"},{"$i":"month-6-long","$v":"يوليو"},{"$i":"month-7-long","$v":"أغسطس"},{"$i":"month-8-long","$v":"سبتمبر"},{"$i":"month-9-long","$v":"أكتوبر"},{"$i":"month-10-long","$v":"نوفمبر"},{"$i":"month-11-long","$v":"ديسمبر"},{"$i":"month-0-genitive","$v":"يناير"},{"$i":"month-1-genitive","$v":"فبراير"},{"$i":"month-2-genitive","$v":"مارس"},{"$i":"month-3-genitive","$v":"أبريل"},{"$i":"month-4-genitive","$v":"مايو"},{"$i":"month-5-genitive","$v":"يونيو"},{"$i":"month-6-genitive","$v":"يوليو"},{"$i":"month-7-genitive","$v":"أغسطس"},{"$i":"month-8-genitive","$v":"سبتمبر"},{"$i":"month-9-genitive","$v":"أكتوبر"},{"$i":"month-10-genitive","$v":"نوفمبر"},{"$i":"month-11-genitive","$v":"ديسمبر"},{"$i":"month-0-short","$v":"يناير"},{"$i":"month-1-short","$v":"فبراير"},{"$i":"month-2-short","$v":"مارس"},{"$i":"month-3-short","$v":"ابريل"},{"$i":"month-4-short","$v":"مايو"},{"$i":"month-5-short","$v":"يونيو"},{"$i":"month-6-short","$v":"يوليو"},{"$i":"month-7-short","$v":"أغسطس"},{"$i":"month-8-short","$v":"سبتمبر"},{"$i":"month-9-short","$v":"أكتوبر"},{"$i":"month-10-short","$v":"نوفمبر"},{"$i":"month-11-short","$v":"ديسمبر"},{"$i":"minutes-ago-long","$v":{"few":["منذ ",{"t":"idOrVar","v":"value"}," دقائق"],"many":["منذ ",{"t":"idOrVar","v":"value"}," دقائق"],"other":["منذ ",{"t":"idOrVar","v":"value"}," دقائق"],"two":["منذ ",{"t":"idOrVar","v":"value"}," دقائق"],"one":"منذ دقيقة","zero":"للتو"},"$x":[{"t":"idOrVar","v":"plural"},"value"]},{"$i":"hours-ago-long","$v":{"few":["منذ ",{"t":"idOrVar","v":"value"}," ساعات"],"many":["منذ ",{"t":"idOrVar","v":"value"}," ساعات"],"other":["منذ ",{"t":"idOrVar","v":"value"}," ساعات"],"two":["منذ ",{"t":"idOrVar","v":"value"}," ساعات"],"one":"قبل ساعة واحدة","zero":"للتو"},"$x":[{"t":"idOrVar","v":"plural"},"value"]},{"$i":"days-ago-long","$v":{"few":["منذ ",{"t":"idOrVar","v":"value"}," أيام"],"many":["منذ ",{"t":"idOrVar","v":"value"}," أيام"],"one":"الأمس","other":["منذ ",{"t":"idOrVar","v":"value"}," أيام"],"two":["منذ ",{"t":"idOrVar","v":"value"}," أيام"],"zero":"اليوم"},"$x":[{"t":"idOrVar","v":"plural"},"value"]},{"$i":"weeks-ago-long","$v":{"few":["منذ ",{"t":"idOrVar","v":"value"}," أسابيع"],"many":["منذ ",{"t":"idOrVar","v":"value"}," أسابيع"],"one":"الأسبوع الماضي","other":["منذ ",{"t":"idOrVar","v":"value"}," أسابيع"],"two":["منذ ",{"t":"idOrVar","v":"value"}," أسابيع"],"zero":"هذا الأسبوع"},"$x":[{"t":"idOrVar","v":"plural"},"value"]},{"$i":"months-ago-long","$v":{"few":["منذ ",{"t":"idOrVar","v":"value"}," أشهر"],"many":["منذ ",{"t":"idOrVar","v":"value"}," أشهر"],"one":"الشهر الماضي","other":["منذ ",{"t":"idOrVar","v":"value"}," أشهر"],"two":["منذ ",{"t":"idOrVar","v":"value"}," أشهر"],"zero":"هذا الشهر"},"$x":[{"t":"idOrVar","v":"plural"},"value"]},{"$i":"years-ago-long","$v":{"few":["منذ ",{"t":"idOrVar","v":"value"}," سنوات"],"many":["منذ ",{"t":"idOrVar","v":"value"}," سنوات"],"one":"السنة الماضية","other":["منذ ",{"t":"idOrVar","v":"value"}," سنوات"],"two":["منذ ",{"t":"idOrVar","v":"value"}," سنوات"],"zero":"هذه السنة"},"$x":[{"t":"idOrVar","v":"plural"},"value"]},{"$i":"minutes-until-long","$v":{"few":["خلال ",{"t":"idOrVar","v":"value"}," دقائق"],"many":["خلال ",{"t":"idOrVar","v":"value"}," دقائق"],"other":["خلال ",{"t":"idOrVar","v":"value"}," دقائق"],"two":["خلال ",{"t":"idOrVar","v":"value"}," دقائق"],"zero":"الآن","one":"خلال دقيقة"},"$x":[{"t":"idOrVar","v":"plural"},"value"]},{"$i":"hours-until-long","$v":{"few":["خلال ",{"t":"idOrVar","v":"value"}," ساعات"],"many":["خلال ",{"t":"idOrVar","v":"value"}," ساعات"],"other":["خلال ",{"t":"idOrVar","v":"value"}," ساعات"],"two":["خلال ",{"t":"idOrVar","v":"value"}," ساعات"],"zero":"الآن","one":"خلال ساعة"},"$x":[{"t":"idOrVar","v":"plural"},"value"]},{"$i":"days-until-long","$v":{"few":["خلال ",{"t":"idOrVar","v":"value"}," أيام"],"many":["خلال ",{"t":"idOrVar","v":"value"}," أيام"],"one":"غداً","other":["خلال ",{"t":"idOrVar","v":"value"}," أيام"],"two":["خلال ",{"t":"idOrVar","v":"value"}," أيام"],"zero":"اليوم"},"$x":[{"t":"idOrVar","v":"plural"},"value"]},{"$i":"weeks-until-long","$v":{"few":["خلال ",{"t":"idOrVar","v":"value"}," أسابيع"],"many":["خلال ",{"t":"idOrVar","v":"value"}," أسابيع"],"one":"الأسبوع القادم","other":["خلال ",{"t":"idOrVar","v":"value"}," أسابيع"],"two":["خلال ",{"t":"idOrVar","v":"value"}," أسابيع"],"zero":"هذا الأسبوع"},"$x":[{"t":"idOrVar","v":"plural"},"value"]},{"$i":"months-until-long","$v":{"few":["خلال ",{"t":"idOrVar","v":"value"}," شهور"],"many":["خلال ",{"t":"idOrVar","v":"value"}," شهور"],"one":"الشهر القادم","other":["خلال ",{"t":"idOrVar","v":"value"}," شهور"],"two":["خلال ",{"t":"idOrVar","v":"value"}," شهور"],"zero":"هذا الشهر"},"$x":[{"t":"idOrVar","v":"plural"},"value"]},{"$i":"years-until-long","$v":{"few":["خلال ",{"t":"idOrVar","v":"value"}," سنوات"],"many":["خلال ",{"t":"idOrVar","v":"value"}," سنوات"],"one":"السنة القادمة","other":["خلال ",{"t":"idOrVar","v":"value"}," سنوات"],"two":["خلال ",{"t":"idOrVar","v":"value"}," سنوات"],"zero":"هذه السنة"},"$x":[{"t":"idOrVar","v":"plural"},"value"]},{"$i":"minutes-ago-short","$v":{"other":["منذ ",{"t":"idOrVar","v":"value"}," دقيقة"],"zero":"للتو"},"$x":[{"t":"idOrVar","v":"plural"},"value"]},{"$i":"hours-ago-short","$v":{"other":["منذ ",{"t":"idOrVar","v":"value"}," س"],"zero":"للتو"},"$x":[{"t":"idOrVar","v":"plural"},"value"]},{"$i":"days-ago-short","$v":{"other":["منذ ",{"t":"idOrVar","v":"value"}," ي"],"zero":"اليوم"},"$x":[{"t":"idOrVar","v":"plural"},"value"]},{"$i":"minutes-until-short","$v":{"other":["خلال ",{"t":"idOrVar","v":"value"}," د"],"zero":"الآن"},"$x":[{"t":"idOrVar","v":"plural"},"value"]},{"$i":"hours-until-short","$v":{"other":["خلال ",{"t":"idOrVar","v":"value"}," س"],"zero":"الآن"},"$x":[{"t":"idOrVar","v":"plural"},"value"]},{"$i":"days-until-short","$v":{"other":["خلال ",{"t":"idOrVar","v":"value"}," ي"],"zero":"اليوم"},"$x":[{"t":"idOrVar","v":"plural"},"value"]},{"$i":"incorrectDate","$v":"(تاريخ غير صحيح)"},{"$i":"dateTimeFormat_%c","$v":"%a %e %b %Y %I:%M:%S %p"},{"$i":"dateTimeFormat_%x","$v":"%Y/%m/%d"},{"$i":"dateTimeFormat_%X","$v":"%I:%M:%S %p"},{"$i":"shortTimeFormat","$v":"%I:%M %p"},{"$i":"shortTimeFormat12","$v":"%I:%M %p"},{"$i":"shortTimeFormat24","$v":"%H:%M"},{"$i":"shortDateTimeFormat","$v":"%x %I:%M %p"},{"$i":"weekStartsOnMonday","$v":"0.0"},{"$i":"firstDayOfTheWeek","$v":"0.0"},{"$i":"time_am","$v":"ص"},{"$i":"time_pm","$v":"م"},{"$i":"sim-with-index-and-carrier","$v":["SIM ",{"t":"idOrVar","v":"index"}," - ",{"t":"idOrVar","v":"carrier"}]},{"$i":"sim-without-carrier","$v":["SIM ",{"t":"idOrVar","v":"index"}]}]