[{"$i":"contacts","$v":"Kontaktlar"},{"$i":"view","$v":"Bax"},{"$i":"no-contacts","$v":"Kontaktlar yoxdur."},{"$i":"reading-contacts","$v":"Kontaktlar yüklənir"},{"$i":"start-adding","$v":"Kontaktlar əlavə etmək üçün Yeni düyməsini basın və ya Parametrlər-ə keçin."},{"$i":"no-contact-available","$v":"Heç bir kontakt mövcud deyil"},{"$i":"requested-contact-not-available","$v":"Tələb olunan məlumatlar mövcud əlaqələrdə mövcud deyil."},{"$i":"cannot-add-as-empty","$v":"Kontakt siyahınız boş olduğundan kontakta əlavə etmək olmur"},{"$i":"ok","$v":"OK"},{"$i":"no-phone-number-to-dial","$v":"Zəng etmək üçün heç bir telefon nömrəsi yoxdur"},{"$i":"video-call","$v":"Video zəng"},{"$i":"rtt-call","$v":"RTT zəngi"},{"$i":"select-a-contact","$v":"Kontakt seç"},{"$i":"multi-pick-max-warn","$v":["Maksimum seçilən say: ",{"t":"idOrVar","v":"n"}]},{"$i":"add-contact-failed","$v":"Kontaktın əlavə edilməsi alınmadı"},{"$i":"no-sim-card-available","$v":"Əlçatan SIM kart yoxdur"},{"$i":"email-cannot-add-to-sim","$v":"Cari yaddaş seçimi tərəfindən e-poçt dəstəklənmir."},{"$i":"add-info-failed","$v":"Məlumat əlavə etmədi"},{"$i":"no-contact-to-add","$v":"Əlavə etmək üçün heç bir əlaqə yoxdur."},{"$i":"move","$v":"Köçür"},{"$i":"copy","$v":"Kopyala"},{"$i":"copy-contacts","$v":"Kontaktların surətini çıxar"},{"$i":"move-contacts","$v":"Kontaktları köçür"},{"$i":"phone-memory","$v":"Telefon yaddaşı"},{"$i":"sim-memory","$v":"SIM yaddaşı"},{"$i":"sim-0-memory","$v":"SIM 1 yaddaşı"},{"$i":"sim-1-memory","$v":"SIM 2 yaddaşı"},{"$i":"move-from","$v":"Buradan köçür"},{"$i":"copy-from","$v":"Kopyalayın"},{"$i":"to","$v":"Üçün"},{"$i":"move-contacts-progressing","$v":"Kontaktlar köçürülür…"},{"$i":"copy-contacts-progressing","$v":"Kontaktlar kopylanır…"},{"$i":"contact-move-to-sim","$v":{"few":[{"t":"idOrVar","v":"migrated"}," kontakt SIM-ə köçürüldü."],"many":[{"t":"idOrVar","v":"migrated"}," kontakt SIM-ə köçürüldü."],"one":"1 kontakt SIM-ə köçürüldü.","other":[{"t":"idOrVar","v":"migrated"}," kontakt SIM-ə köçürüldü."],"two":[{"t":"idOrVar","v":"migrated"}," kontakt SIM-ə köçürüldü."],"zero":"Heç bir kontakt SIM-ə köçürülmədi."},"$x":[{"t":"idOrVar","v":"plural"},"migrated"]},{"$i":"contact-copy-to-sim","$v":{"few":[{"t":"idOrVar","v":"migrated"}," kontakt SIM-ə kopyalandı."],"many":[{"t":"idOrVar","v":"migrated"}," kontakt SIM-ə kopyalandı."],"one":"1 kontakt SIM-ə kopyalandı.","other":[{"t":"idOrVar","v":"migrated"}," kontakt SIM-ə kopyalandı."],"two":[{"t":"idOrVar","v":"migrated"}," kontakt SIM-ə kopyalandı."],"zero":"Heç bir kontakt SIM-ə kopyalanmadı."},"$x":[{"t":"idOrVar","v":"plural"},"migrated"]},{"$i":"contact-move-to-sim0","$v":{"few":[{"t":"idOrVar","v":"migrated"}," kontakt SIM 1-ə köçürüldü."],"many":[{"t":"idOrVar","v":"migrated"}," kontakt SIM 1-ə köçürüldü."],"one":"1 kontakt SIM 1-ə köçürüldü.","other":[{"t":"idOrVar","v":"migrated"}," kontakt SIM 1-ə köçürüldü."],"two":[{"t":"idOrVar","v":"migrated"}," kontakt SIM 1-ə köçürüldü."],"zero":"Heç bir kontakt SIM 1-ə köçürülmədi."},"$x":[{"t":"idOrVar","v":"plural"},"migrated"]},{"$i":"contact-copy-to-sim0","$v":{"few":[{"t":"idOrVar","v":"migrated"}," kontakt SIM 1-ə kopyalandı."],"many":[{"t":"idOrVar","v":"migrated"}," kontakt SIM 1-ə kopyalandı."],"one":"1 kontakt SIM 1-ə kopyalandı.","other":[{"t":"idOrVar","v":"migrated"}," kontakt SIM 1-ə kopyalandı."],"two":[{"t":"idOrVar","v":"migrated"}," kontakt SIM 1-ə kopyalandı."],"zero":"Heç bir kontakt SIM 1-ə kopyalanmadı."},"$x":[{"t":"idOrVar","v":"plural"},"migrated"]},{"$i":"contact-move-to-sim1","$v":{"few":[{"t":"idOrVar","v":"migrated"}," kontakt SIM 2-ə köçürüldü."],"many":[{"t":"idOrVar","v":"migrated"}," kontakt SIM 2-ə köçürüldü."],"one":"1 kontakt SIM 2-ə köçürüldü.","other":[{"t":"idOrVar","v":"migrated"}," kontakt SIM 2-ə köçürüldü."],"two":[{"t":"idOrVar","v":"migrated"}," kontakt SIM 2-ə köçürüldü."],"zero":"Heç bir kontakt SIM 2-ə köçürülmədi."},"$x":[{"t":"idOrVar","v":"plural"},"migrated"]},{"$i":"contact-copy-to-sim1","$v":{"few":[{"t":"idOrVar","v":"migrated"}," kontakt SIM 2-ə kopyalandı."],"many":[{"t":"idOrVar","v":"migrated"}," kontakt SIM 2-ə kopyalandı."],"one":"1 kontakt SIM 2-ə kopyalandı.","other":[{"t":"idOrVar","v":"migrated"}," kontakt SIM 2-ə kopyalandı."],"two":[{"t":"idOrVar","v":"migrated"}," kontakt SIM 2-ə kopyalandı."],"zero":"Heç bir kontakt SIM 2-ə kopyalanmadı."},"$x":[{"t":"idOrVar","v":"plural"},"migrated"]},{"$i":"contact-move-to-device","$v":{"one":"1 əlaqə telefona köçürüldü.","zero":"Heç bir əlaqə telefona köçürüldü.","few":[{"t":"idOrVar","v":"migrated"}," kontakt telefona daşındı ."],"many":[{"t":"idOrVar","v":"migrated"}," kontakt telefona daşındı."],"other":[{"t":"idOrVar","v":"migrated"}," kontakt telefona daşındı."],"two":[{"t":"idOrVar","v":"migrated"}," kontakt telefona daşındı."]},"$x":[{"t":"idOrVar","v":"plural"},"migrated"]},{"$i":"contact-copy-to-device","$v":{"one":"1 əlaqə telefona kopyalandı.","zero":"Telefona heç bir əlaqə kopyalanmadı.","few":[{"t":"idOrVar","v":"migrated"}," kontakt telefona kopyalandı."],"many":[{"t":"idOrVar","v":"migrated"}," kontakt telefona kopyalandı."],"other":[{"t":"idOrVar","v":"migrated"}," kontakt telefona kopyalandı."],"two":[{"t":"idOrVar","v":"migrated"}," kontakt telefona kopyalandı."]},"$x":[{"t":"idOrVar","v":"plural"},"migrated"]},{"$i":"copy-contact-failed","$v":"Kontaktları kopyalamaq alınmadı"},{"$i":"move-contact-failed","$v":"Kontaktlar köçürüldü"},{"$i":"contact-copy-error-sim-full","$v":"Kartları SİM kart dolu olduğuna görə kopyalayın."},{"$i":"contact-copy-error-unknown","$v":"Səhv səbəbindən kontaktları kopyalayın."},{"$i":"contact-copy-error-limit-exceeded","$v":"Telefon kontaktları limiti aşıldığına görə kontaktların kopyalanması tamamlanmadı."},{"$i":"contact-move-error-sim-full","$v":"SİM kart dolu olduğuna görə kontaktları köçürmə."},{"$i":"contact-move-error-unknown","$v":"Səhv səbəbiylə əlaqələri tamamlanmadı."},{"$i":"contact-move-error-limit-exceeded","$v":"Telefon kontaktları limiti aşıldığına görə kontaktların köçürülməsi tamamlanmadı."},{"$i":"contact-save-error-unknown","$v":"Səhv səbəbindən əlaqəni tamamlayın."},{"$i":"memory","$v":"Yaddaş"},{"$i":"phone-and-sim","$v":"Telefon və SIM"},{"$i":"phone","$v":"Telefon"},{"$i":"sim","$v":"SIM"},{"$i":"reloading-contact","$v":"Kontaktlar yenidən yüklənir..."},{"$i":"contact-reloaded","$v":"Kontaktlar yenidən yükləndi"},{"$i":"message","$v":"Mesaj"},{"$i":"changes-saved","$v":"Dəyişikliklər saxlandı."},{"$i":"already-ice-contact","$v":"Seçilmiş əlaqə artıq ICE-yə qoyulmuşdur."},{"$i":"phone-contacts-limit-exceeded","$v":"Telefon kontaktları limiti aşılıb.   "},{"$i":"sim-contacts-limit-exceeded","$v":"SIM kontaktları limiti aşılıb."},{"$i":"more-info","$v":"Daha çox"},{"$i":"callAirplaneModeTitle","$v":"Təyyarə rejimi activ edildi"},{"$i":"callAirplaneModeMessage","$v":"Zəng etmək üçün parametrlərdə təyyarə rejimini qeyri-aktiv etməlisiniz."},{"$i":"emergencyDialogTitle","$v":"Heç bir şəbəkə bağlantısı yoxdur"},{"$i":"emergencyDialogBodyBadNumber","$v":"Zəng etmək üçün telefon şəbəkəyə qoşulmalıdır."},{"$i":"emergencyDialogBodyDeviceNotAccepted","$v":"Təcili zənglərə şəbəkə tərəfindən icazə verilmir."},{"$i":"invalidNumberToDialTitle","$v":"Yanlış telefon nömrəsi"},{"$i":"invalidNumberToDialMessage","$v":"Zəng etdiyiniz telefon nömrəsi etibarsızdır."},{"$i":"invalidNumberToSendTitle","$v":"Yanlış telefon nömrəsi"},{"$i":"invalidNumberToSendMessage","$v":"Mesaj göndərdiyiniz telefon nömrəsi yanlışdır."},{"$i":"emergency-call-only","$v":"Yalnız Təcili Zəng"},{"$i":"emergency-call-error","$v":[{"t":"idOrVar","v":"number"}," təcili nömrə deyil."]},{"$i":"numberIsBusyTitle","$v":"Nömrə məşğuldur"},{"$i":"numberIsBusyMessage","$v":"Nömrə hazırda məşğuldur. Daha sonra yenidən cəhd edin."},{"$i":"fdnIsActiveTitle","$v":"FDN aktivdir"},{"$i":"fdnIsActiveMessage","$v":["FDN (Sabit Nömrə Yığımı Nömrələri) aktiv edildi və aşağıdakı nömrə FDN siyahınızda deyil: ",{"t":"idOrVar","v":"number"}]},{"$i":"otherConnectionInUseTitle","$v":"Dig bağl istif edilir"},{"$i":"otherConnectionInUseMessage","$v":"Sizin başqa bağlantıda aktiv zənginiz var. Eyni vaxtda yalnız bir bağlantı istifadə edə bilərsiniz."},{"$i":"GenericFailure","$v":"Ümumi uğursuzluq"},{"$i":"CallFailed","$v":"Zəng baş tutmadı"},{"$i":"scCallBarring","$v":"Zəng qadağası"},{"$i":"scCallForwarding","$v":"Zəng yönləndirmə"},{"$i":"scClip","$v":"Gələn Zəngedənin ID-si"},{"$i":"scClir","$v":"Gedən Zəngedənin ID-si"},{"$i":"scPwd","$v":"Parol dəyişikliyi"},{"$i":"scCallWaiting","$v":"Zəng gözləmə"},{"$i":"scPin","$v":"PIN dəyişmə"},{"$i":"scPin2","$v":"PIN2 dəyişmə"},{"$i":"scPuk","$v":"PIN-i blokdan aç"},{"$i":"scPuk2","$v":"PIN2 blokdan aç"},{"$i":"scImei","$v":"IMEI"},{"$i":"scMeid","$v":"MEID"},{"$i":"scUssd","$v":"USSD"},{"$i":"set-speed-dial","$v":"Sü nöm yığım kont qur"},{"$i":"empty","$v":"Boşalt"},{"$i":"voicemail","$v":"Səsli poçt"},{"$i":"speed-dial","$v":"Sürətli nömrə yığımı"},{"$i":"add","$v":"Əlavə et"},{"$i":"replace","$v":"Əvəz et"},{"$i":"remove-from-speed-dial","$v":"Sür nöm yığım sil"},{"$i":"custom-dialog-replace-speed-dial","$v":[{"t":"idOrVar","v":"oldSpeedDial"}," Sürətli Nömrə Yığımını ",{"t":"idOrVar","v":"newSpeedDial"}," ilə dəyişmək istədiyinizə əminsiniz?"]},{"$i":"custom-dialog-remove-speed-dial","$v":[{"t":"idOrVar","v":"name"},"-i Sürətli Nömrə Yığımından çıxarmaq istədiyinizə əminsiniz?"]},{"$i":"speed-dial-added","$v":"Sürətli Nömrə Yığımı nömrəsi əlavə edildi."},{"$i":"speed-dial-removed","$v":"Sürətli Nömrə Yığımı nömrəsi silindi."},{"$i":"speed-dial-replaced","$v":"Sürətli Nömrə Yığımı nömrəsi yeniləndi."},{"$i":"voice-mail","$v":"Səsli poçt"},{"$i":"voice-mail-number","$v":["Səsli Poçt Nömrəsi - SIM ",{"t":"idOrVar","v":"n"}]},{"$i":"voice-mail-number-single","$v":"Səs poçtu nömrəsi"},{"$i":"voice-mail-number-updated","$v":"Səs poçtu nömrəsi yeniləndi"},{"$i":"found-duplicates-message","$v":"Aşağıdakı kontaktlarda təkrarlanan məlumat tapıldı. Birləşdirmək istəyirsiniz?"},{"$i":"confirm-to-merge-contacts","$v":[{"t":"idOrVar","v":"n"}," ədəd kontaktı ",{"t":"idOrVar","v":"name"}," ilə birləşdirməyə əminsiniz?"]},{"$i":"contact-merged","$v":"Kontakt birləşdirildi"},{"$i":"find-duplicate-contacts","$v":"Təkrarlanan kontaktları tap"},{"$i":"no-duplicate-contact-found","$v":"Heç bir təkrarlanan kontakt tapılmadı"},{"$i":"merge","$v":"Birləşdir"},{"$i":"find-dup","$v":"Təkrarlanan kontaktları tap"},{"$i":"find-dup-title","$v":"Təkrarlanan Kontaktları Tap"},{"$i":"finding-dup-message","$v":"Təkrarlanan Kontaktlar Axtarılır..."},{"$i":"dup-found-title","$v":"Təkrarlananlar tapıldı"},{"$i":"dup-found-message","$v":"Aşağıdakı kontaktlarda dublikat məlumat tapıldı. Birləşdirmək istərdinizmi?"},{"$i":"no-dup-found","$v":"Dublikat tapılmadı"},{"$i":"merge-conflict-warn","$v":["Aşağıdakı məlumat \"",{"t":"idOrVar","v":"name"},"\" tərəfindən əvəzlənəcək:"]},{"$i":"merge-conflict-confirm","$v":"Kontaktları birləşdirmək istədiyinizə əminsiniz?"},{"$i":"add-favorite","$v":"Sevimli kimi əlavə et"},{"$i":"remove-favorite","$v":"Seçilməyən"},{"$i":"favorite-contacts","$v":"Seçilmiş"},{"$i":"add-block","$v":"Bu nömrəni blokla"},{"$i":"remove-block","$v":"Bu nömrəni blokdan çıxar"},{"$i":"add-block-email","$v":"Bu e-poçtu blokla"},{"$i":"remove-block-email","$v":"Bu e-poçtdan çıxartın"},{"$i":"add-block-contact-warning","$v":"Blok siyahısındakı şəxslərdən telefon zəngi, mesaj almayacaqsınız."},{"$i":"add-block-email-warning","$v":"Bu e-poçt ünvanından mesaj almayacaqsınız."},{"$i":"block","$v":"Bloklayın"},{"$i":"unblock","$v":"Blokdan çıxartın"},{"$i":"block-contacts","$v":"Kontaktları blokla"},{"$i":"add-block-header","$v":"Blok nömrəsi əlavə et"},{"$i":"remove-block-alert","$v":"Bloklanmış Kontaktlardan silindi."},{"$i":"duplicate-block-number","$v":"Dublikat nömrə əlavə etmək olmur."},{"$i":"sort-contacts","$v":"Kontaktları sırala"},{"$i":"sort-by-first-name","$v":"Adına görə sırala"},{"$i":"sort-by-last-name","$v":"Soyadına görə sırala"},{"$i":"no-support-open-multi-vcard","$v":"Çox sayda kontakt olan vCard açmaq olmur"},{"$i":"import","$v":"İdxal et"},{"$i":"sdcard","$v":"Yaddaş kartı"},{"$i":"simcard","$v":"SIM kart"},{"$i":"import-contacts","$v":"Kontaktları idxal et"},{"$i":"simContacts-error","$v":"Kontaktlar SIM kartından idxal edilmədi"},{"$i":"memoryCardContacts-error","$v":"Kontaktlar yaddaş kartından idxal edilmədi"},{"$i":"novCardFiles","$v":"Yaddaş kartında heç bir əlaqə faylı yoxdur."},{"$i":"fullDiskSpace-error","$v":"Yaddaş doludur, kontaktları idxal etmək olmur."},{"$i":"socialServiceContacts-error","$v":[{"t":"idOrVar","v":"service"}," yaddaşından kontaktları import etmək olmur."]},{"$i":"socialServiceContacts-noNetwork","$v":["İnternet bağlantısı yoxdur, ",{"t":"idOrVar","v":"service"}," yaddaşından kontaktları import etmək olmur."]},{"$i":"simContacts-reading","$v":"Kont SIM Kartdan oxunur…"},{"$i":"memoryCardContacts-reading","$v":"Kontaktlar Yaddaş kartından oxunur…"},{"$i":"importContactsTitle","$v":"Kontaktları idxal et"},{"$i":"retry","$v":"Təkrar cəhd et"},{"$i":"noSimMsg","$v":"Kontaktların idxalı üçün SIM kartınızı daxil edin və ya kilidini açın"},{"$i":"noSdcardMsg","$v":"Kontaktların idxalı üçün yaddaş kartını daxil edin"},{"$i":"not-imported","$v":"İdxal edilmədi"},{"$i":"imported","$v":"İdxal edildi"},{"$i":"importing","$v":"İdxal edilir"},{"$i":"contact-imported","$v":[{"t":"idOrVar","v":"imported"}," kontakt import edildi. ",{"t":"idOrVar","v":"dupes"}," kontakt birləşdirildi."]},{"$i":"contact-imported2","$v":{"one":"1 əlaqə idxal edildi.","zero":"Heç bir əlaqə idxal edilmədi.","few":[{"t":"idOrVar","v":"imported"}," kontakt import edildi."],"many":[{"t":"idOrVar","v":"imported"}," kontakt import edildi."],"other":[{"t":"idOrVar","v":"imported"}," kontakt import edildi."],"two":[{"t":"idOrVar","v":"imported"}," kontakt import edildi."]},"$x":[{"t":"idOrVar","v":"plural"},"imported"]},{"$i":"reading-contacts-from-sim","$v":"SIM kartdan kontaktlar oxunur…"},{"$i":"reading-contacts-from-gmail","$v":"Gmail-dən kontaktlar oxunur..."},{"$i":"reading-contacts-from-live","$v":"Outlook-dan kontaktlar oxunur..."},{"$i":"reading-contacts-from-sd","$v":"Yaddaş kartından kontaktlar oxunur…"},{"$i":"reading-contacts-from-vcard","$v":"Fayldan kontaktlar oxunur..."},{"$i":"importing-contacts-from-sim","$v":"SIM kartdan kontaktlar idxal edilir…"},{"$i":"importing-contacts-from-gmail","$v":"Gmail-dən kontaktlar idxal edilir..."},{"$i":"importing-contacts-from-live","$v":"Outlook-dan kontaktlar idxal edilir..."},{"$i":"importing-contacts-from-sd","$v":"Yaddaş kartından kontaktlar idxal edilir…"},{"$i":"importing-contacts-from-vcard","$v":"Fayldan kontaktlar idxal edilir..."},{"$i":"connect-network-to-import","$v":"Kontaktların idxalı üçün Wi-Fi-a və ya məlumat şəbəkəsinə qoşulun"},{"$i":"importing-confirm","$v":[{"t":"idOrVar","v":"fileName"},"\" faylından ",{"t":"idOrVar","v":"n"}," kontakt import edilsin?"]},{"$i":"importing-cancel-confirm","$v":"0.0"},{"$i":"import-contact-failed","$v":"Kontaktlar idxal olunmadı"},{"$i":"phone-storage-full","$v":"Telefon yaddaşı doludur."},{"$i":"import-contact-storage-full","$v":"Kontaktları import etmək olmur. Yer boşaltmaq üçün proqram verilənlərini silin."},{"$i":"contact-import-error-disk-full","$v":"Yaddaş dolu olduğuna görə kontaktların idxalı tamamlanmadı. Yer boşaltmaq üçün proqram məlumatlarını silin."},{"$i":"contact-import-error-sim-full","$v":"SİM kart dolu olduğuna görə tamamlanmayan kontaktları idxal edin."},{"$i":"contact-import-error-unknown","$v":"Bir səhv səbəbindən idxal kontaktları tamamlanmamışdır."},{"$i":"import-contacts-canceled","$v":"0.0"},{"$i":"close","$v":"Bağla"},{"$i":"import-process-cancel","$v":"İdxal əməliyyatı ləğv edildi."},{"$i":"import-limit-header","$v":"Fayl ölçüsü həddi aşdı"},{"$i":"inner-import-limit-content","$v":"Hər hansı bir əlaqə sənədinin ölçüsü 10MB-dən çox olduqda idxal edilmədi."},{"$i":"activity-import-limit-contact","$v":"Fayl ölçüsü həddini aşdığına görə kontaktları idxal etmək alınmadı."},{"$i":"activity-import-limit-additional","$v":"(Fayl ölçüsü 10MB-dən az olmalıdır.)"},{"$i":"bluetooth","$v":"Bluetooth"},{"$i":"export","$v":"İxrac et"},{"$i":"export-contacts","$v":"Kontaktları ixrac et"},{"$i":"simExport-title","$v":"SIM-ə ixrac et"},{"$i":"memoryCardExport-title","$v":"Yaddaş kartına ixrac olunur ..."},{"$i":"btExport-title","$v":"Bluetooth-a ixrac et"},{"$i":"noSimMsgExport","$v":"Kontaktların ixracı üçün SIM kartınızı daxil edin və ya kilidini açın"},{"$i":"noSdcardExport","$v":"Kontaktların ixracı üçün yaddaş kartı daxil edin."},{"$i":"bluetoothNoConnection","$v":"Kontaktların ixracı üçün Bluetooth cihazını qoşun."},{"$i":"contact-exported","$v":[{"t":"idOrVar","v":"exported"}," kontakt eksport edildi."]},{"$i":"contact-exported2","$v":{"zero":"Kontakt yoxdur.","one":"1 əlaqə ixrac edildi.","few":[{"t":"idOrVar","v":"exported"}," kontakt eksport edildi."],"many":[{"t":"idOrVar","v":"exported"}," kontakt eksport edildi."],"other":[{"t":"idOrVar","v":"exported"}," kontakt eksport edildi."],"two":[{"t":"idOrVar","v":"exported"}," kontakt eksport edildi."]},"$x":[{"t":"idOrVar","v":"plural"},"exported"]},{"$i":"export-contact-failed","$v":"Kontakt ixrac edilmədi"},{"$i":"contact-export-error-sim-full","$v":"SIM kart dolu olduğu üçün kontaktların ixracı tamamlanmadı."},{"$i":"contact-export-error-sd-full","$v":"Yaddaş kartından dolayı eksklüziv ixrac kontakları dolmamışdır."},{"$i":"contact-export-error-unknown","$v":"Səhv səbəbiylə əlaqələrin ixracı tamamlanmadı."},{"$i":"contact-export-canceled","$v":"İxrac prosesi ləğv edildi."},{"$i":"save","$v":"Saxla"},{"$i":"back","$v":"Geriyə"},{"$i":"givenName","$v":"Ad"},{"$i":"familyName","$v":"Soyad"},{"$i":"name","$v":"Ad"},{"$i":"org","$v":"Şirkət"},{"$i":"ringtone","$v":"Zəng tonu"},{"$i":"note","$v":"Qeyd"},{"$i":"photo","$v":"Şəkil"},{"$i":"email","$v":"E-poçt məktubu"},{"$i":"adr","$v":"Ünvan"},{"$i":"custom","$v":"Xüsusi"},{"$i":"confirm-discard-contact-data","$v":"Kontakt məlumatı silinəcək. Bu kontaktı saxlamaq istəyirsiniz?"},{"$i":"confirm-discard-contact-update-data","$v":"Dəyişikliklər silinəcək. Bu kontaktı saxlamaq istəyirsiniz?"},{"$i":"discard-contact-data","$v":"Dəyişikliklər ləğv ediləcək."},{"$i":"discard","$v":"Sil"},{"$i":"add-others","$v":"Digərlər əlavə et"},{"$i":"custom-label","$v":"Xüsusi etiket"},{"$i":"input-the-custom-type","$v":"Xüsusi növü daxil edin"},{"$i":"contact-added","$v":"Kontakt əlavə edildi."},{"$i":"delete-prompt-message","$v":[{"t":"idOrVar","v":"field"}," silinsin?"]},{"$i":"delete-photo-msg","$v":"şəkil"},{"$i":"delete-ringtone-msg","$v":"Zəng tonu"},{"$i":"delete-bday-msg","$v":"Doğum günü"},{"$i":"delete-note-msg","$v":"Qeyd"},{"$i":"delete-org-msg","$v":"Şirkət"},{"$i":"personal","$v":"Şəxsi"},{"$i":"mobile","$v":"Mobil"},{"$i":"current","$v":"Cari"},{"$i":"home","$v":"Ev"},{"$i":"work","$v":"İş"},{"$i":"other","$v":"Digər"},{"$i":"fax-home","$v":"Ev Faksı"},{"$i":"fax-office","$v":"Ofis Faksı"},{"$i":"fax-other","$v":"Digər Faks"},{"$i":"add-phone","$v":"Telefon əlavə et"},{"$i":"add-tel","$v":"Telefon əlavə et"},{"$i":"add-email","$v":"Epoçt əlavə et"},{"$i":"add-ringtone","$v":"Zəng tonu əlavə et"},{"$i":"add-adr","$v":"Ünvan əlavə et"},{"$i":"add-bday","$v":"Doğum günü əlavə et"},{"$i":"add-photo","$v":"Şəkil əlavə et"},{"$i":"add-note","$v":"Qeyd əlavə et"},{"$i":"add-org","$v":"Şirkət əlavə et"},{"$i":"add-tel-number","$v":"Telefon nömrəsi əlavə edin"},{"$i":"delete-tel","$v":"Telefon nömrəsini sil"},{"$i":"delete-email","$v":"E-poçtu sil"},{"$i":"delete-ringtone","$v":"Zəng tonunu sil"},{"$i":"delete-adr","$v":"Ünvanı sil"},{"$i":"delete-bday","$v":"Doğum gününü sil"},{"$i":"delete-photo","$v":"Şəkli silmək"},{"$i":"delete-note","$v":"Qeydi sil"},{"$i":"delete-org","$v":"Şirkəti sil"},{"$i":"edit-tel-type","$v":"Telefon növünü redaktə et"},{"$i":"edit-email-type","$v":"E-poçt məktubu növünü redaktə et"},{"$i":"edit-adr-type","$v":"Ünvan növünü redaktə et"},{"$i":"edit-bday-type","$v":"doğum gününü redaktə et"},{"$i":"replace-photo","$v":"Şəkli dəyiş"},{"$i":"replace-ringtone","$v":"Zəng tonunu dəyiş"},{"$i":"mobile-tel","$v":"Mobil telefon"},{"$i":"home-tel","$v":"Ev telefonu"},{"$i":"work-tel","$v":"İş telefonu"},{"$i":"personal-tel","$v":"Şəxsi telefon"},{"$i":"fax-home-tel","$v":"Ev Faksı"},{"$i":"fax-office-tel","$v":"Ofis Faksı"},{"$i":"fax-other-tel","$v":"Digər Faks"},{"$i":"other-tel","$v":"Digər telefon"},{"$i":"personal-email","$v":"Şəxsi e-poçt"},{"$i":"work-email","$v":"İş e-poçtu"},{"$i":"other-email","$v":"Digər e-poçt"},{"$i":"custom-email","$v":[{"t":"idOrVar","v":"type"}," e-məktubu"]},{"$i":"custom-tel","$v":[{"t":"idOrVar","v":"type"}," telefon"]},{"$i":"personal-adr","$v":"Şəxsi ünvan"},{"$i":"current-adr","$v":"Cari ünvan"},{"$i":"home-adr","$v":"Ev ünvanı"},{"$i":"work-adr","$v":"İş ünvanı"},{"$i":"custom-adr","$v":[{"t":"idOrVar","v":"type"}," ünvan"]},{"$i":"bday","$v":"Doğum ğünü"},{"$i":"birthday","$v":"Doğum ğünü"},{"$i":"streetAddress","$v":"Küçə"},{"$i":"locality","$v":"Şəhər"},{"$i":"postalCode","$v":"Zip kod"},{"$i":"countryName","$v":"Ölkə"},{"$i":"region","$v":"Dövlət"},{"$i":"no-name","$v":"Ad yoxdur"},{"$i":"new-contact","$v":"Yeni kontakt"},{"$i":"options","$v":"Seçimlər"},{"$i":"cancel","$v":"Ləğv et"},{"$i":"settings","$v":"Parametrlər"},{"$i":"edit","$v":"Redaktə et"},{"$i":"share","$v":"Paylaş"},{"$i":"remove","$v":"Sil"},{"$i":"compose","$v":"Yarat"},{"$i":"new-contact-title","$v":"Yeni Kontakt"},{"$i":"edit-title","$v":"Kontaktı redaktə et"},{"$i":"music","$v":"Musiqi"},{"$i":"adr-type","$v":"Ünvan növü"},{"$i":"email-type","$v":"E-poçt növü"},{"$i":"tel-type","$v":"Telefon Növü"},{"$i":"ICEContactsGroup","$v":"ICE Kontaktlar"},{"$i":"setICEButton","$v":"ICE Kontaktları qur"},{"$i":"ICESettingTitle","$v":"ICE Kontaktlar"},{"$i":"ICEDescription","$v":"Təcili Hallarda\" zənglər etmək üçün beş kontakt əlavə edin."},{"$i":"ICEContact","$v":["ICE Kontaktlar ",{"t":"idOrVar","v":"n"}]},{"$i":"ICESelectContact","$v":"Kontaktı seç"},{"$i":"delete-ice-contact-warning","$v":"ICE Kontaktı çıxarmaq istədiyinizə əminsiniz?"},{"$i":"confirm","$v":"Təsdiq"},{"$i":"add-ice-failed","$v":"ICE əlavə olunmadı"},{"$i":"create-group","$v":"Qrup yarat"},{"$i":"group-name","$v":"Qrup adı"},{"$i":"group","$v":"QRUP"},{"$i":"new-group-created","$v":"Yeni qrup yaradılıb."},{"$i":"create-group-failed","$v":"Qrup yaradılıb."},{"$i":"create-group-too-many","$v":["Yalnız ",{"t":"idOrVar","v":"number"}," qrup yarada bilərsiniz."]},{"$i":"create-group-duplicate","$v":"Adı dublikat."},{"$i":"rename-group-failed","$v":"Yeniləmə qrupu uğursuz oldu."},{"$i":"new-group","$v":"Yeni"},{"$i":"rename","$v":"Adını dəyişdir"},{"$i":"duplicate-removed","$v":"Dublikat kontaktlar silindi."},{"$i":"add-to-group","$v":"Qrup əlavə edin"},{"$i":"remove-from-group","$v":"Qrupdan çıxarın"},{"$i":"added-to","$v":[{"t":"idOrVar","v":"Qrup"}," səhifəsinə qoşuldu"]},{"$i":"removed-from","$v":[{"t":"idOrVar","v":"Qrup"}," 'dan silindi"]},{"$i":"select-group","$v":"Qrup seçin"},{"$i":"rename-group","$v":"Qrupu yenidən adlandırın"},{"$i":"delete-group","$v":[{"t":"idOrVar","v":"group"}," silmək istədiyinizə əminsiniz?"]},{"$i":"unable-add-warn","$v":"Hesab əlaqəsini qrupa əlavə etmək olmur."},{"$i":"edit-contact","$v":"Kontaktı redaktə et"},{"$i":"send-message","$v":"Mesajı göndər"},{"$i":"call","$v":"Zəng"},{"$i":"call-sim-1","$v":"Zəng edin — SIM 1"},{"$i":"call-sim-2","$v":"Zəng edin — SIM 2"},{"$i":"send-email","$v":"e-poçt məktubu göndər"},{"$i":"choose-number","$v":"Nömrəni seçin"},{"$i":"choose-email-address","$v":"E-poçt seç"},{"$i":"delete","$v":"Sil"},{"$i":"select","$v":"Seç"},{"$i":"select-all","$v":"Hamısını seç"},{"$i":"select-all2","$v":"Hamısı"},{"$i":"deselect-all","$v":"Hamısını ləğv et"},{"$i":"deselect-all2","$v":"Heç biri"},{"$i":"deselect","$v":"Ləğv et"},{"$i":"selected-contacts","$v":{"few":[{"t":"idOrVar","v":"n"}," seçildi"],"many":[{"t":"idOrVar","v":"n"}," seçildi"],"one":[{"t":"idOrVar","v":"n"}," seçildi"],"other":[{"t":"idOrVar","v":"n"}," seçildi"],"two":[{"t":"idOrVar","v":"n"}," seçildi"],"zero":[{"t":"idOrVar","v":"n"}," seçildi"]},"$x":[{"t":"idOrVar","v":"plural"},"n"]},{"$i":"massive-delete","$v":"Kontaktları sil"},{"$i":"confirm-contact-delete","$v":[{"t":"idOrVar","v":"name"},"\"\" kontaktını silmək istədiyinizə əminsiniz?"]},{"$i":"DeletedTxt","$v":{"few":[{"t":"idOrVar","v":"n"}," Kontakt silindi"],"many":[{"t":"idOrVar","v":"n"}," Kontakt silindi"],"one":"1 Kontakt silindi","other":[{"t":"idOrVar","v":"n"}," Kontakt silindi"],"two":[{"t":"idOrVar","v":"n"}," Kontakt silindi"],"zero":"Silinməli heç bir Kontakt yoxdur"},"$x":[{"t":"idOrVar","v":"plural"},"n"]},{"$i":"DeletingContacts","$v":"Kontaktları sil"},{"$i":"DeletingContactsProgressing","$v":"Kontaktların silinməsi"},{"$i":"ContactConfirmDel","$v":{"few":[{"t":"idOrVar","v":"n"}," Kontakt silinsin? Bu, qaytarıla bilməz."],"many":[{"t":"idOrVar","v":"n"}," Kontakt silinsin? Bu, qaytarıla bilməz."],"one":"1 Kontakt silinsin? Bu, qaytarıla bilməz.","other":[{"t":"idOrVar","v":"n"}," Kontakt silinsin? Bu, qaytarıla bilməz."],"two":[{"t":"idOrVar","v":"n"}," Kontakt silinsin? Bu, qaytarıla bilməz."],"zero":"Silinməli heç bir Kontakt yoxdur"},"$x":[{"t":"idOrVar","v":"plural"},"n"]},{"$i":"contact-deleted","$v":{"zero":"Heç bir əlaqə silindi","one":"1 əlaqə silindi.","few":[{"t":"idOrVar","v":"n"}," kontakt silindi."],"many":[{"t":"idOrVar","v":"n"}," kontakt silindi."],"other":[{"t":"idOrVar","v":"n"}," kontakt silindi."],"two":[{"t":"idOrVar","v":"n"}," kontakt silindi."]},"$x":[{"t":"idOrVar","v":"plural"},"n"]},{"$i":"a-contact-deleted","$v":"Kontakt silindi."},{"$i":"settings-title","$v":"Kontakt Parametrləri"},{"$i":"change-will-update-until-restart","$v":"Kontaktlar işə salındıqda dəyişikliklər yenilənəcəkdir."},{"$i":"transfer-contacts","$v":"Kontaktları ötür"},{"$i":"service-number","$v":"Servis nörməsi"},{"$i":"no-contacts-found","$v":"Uyğunluq tapılmadı."},{"$i":"search","$v":"Kontaktları axtarın","placeholder":"Kontaktları axtarın"},{"$i":"search-option","$v":"Axtar"},{"$i":"accounts","$v":"Hesablar"},{"$i":"account","$v":"Hesab"},{"$i":"add-account","$v":"Hesab əlavə et"},{"$i":"add-account-failed","$v":"Naməlum xəta baş verdi, sonra yenidən cəhd edin."},{"$i":"duplicate-account-warn","$v":"Hesab artıq mövcuddur. Sinxronlaşdırma yandırılıb."},{"$i":"setting-up-account","$v":"Hesab quraşdırılır"},{"$i":"no-network-warn","$v":"Heç bir internet bağlantısı yoxdur."},{"$i":"username","$v":"İstifadəçi adı"},{"$i":"password","$v":"Parol"},{"$i":"delete-account","$v":"Hesabı sil"},{"$i":"delete-account-long","$v":"Hesabı sil"},{"$i":"delete-account-warn","$v":"Bu hesabı silsəniz, onu istifadə edən proqramlara da təsir edəcək."},{"$i":"deleting-account","$v":"Hesab silinir ..."},{"$i":"delete-account-failed","$v":"Hesabı silmək alınmadı, sonra yenidən sınayın."},{"$i":"delete-account-ok","$v":"Hesab silindi."},{"$i":"sync","$v":"Sinxronlaşdırma"},{"$i":"sync-title","$v":"Kontaktların sinxronlaşdırılması"},{"$i":"sync-failed-warn","$v":"Sinxronlaşdırıla bilmədi."},{"$i":"sync-off-warn","$v":"Sinxronizasiya Parametrlərdə bağlandı."},{"$i":"show-account-contacts","$v":"Haqq-hesab əlaqə göstər"},{"$i":"sync-account-contacts","$v":"hesab kontaktlarını sinxronlaşdırın"},{"$i":"sync-account-contacts-warning","$v":[{"t":"idOrVar","v":"switch"},"\" seçimi ləğv edildikdə, hər hansı hesab kontaktına düzəliş buludla sinxronlaşmayacaq, bu seçimi hələ də ləğv etmək istəyirsiniz?"]},{"$i":"yes","$v":"Bəli"},{"$i":"all-contacts-synced","$v":"Bütün əlaqələr sinxronlaşdırılıb."},{"$i":"contact-syncing","$v":"Kontaktlar Sinxronlaşdırılır ..."},{"$i":"contacts-sync-limit-exceed","$v":"Kontakt limiti aşıldığına görə kontaktların sinxronlaşdırılması tamamlanmadı."},{"$i":"show-password","$v":"Parolu göstər"},{"$i":"password-incorrect","$v":"Parol yanlışdır."},{"$i":"re-enter-password","$v":"Şifrəni yenidən daxil et"},{"$i":"accessing-warn","$v":"Hesabınıza girişdə problem oldu."},{"$i":"accessing-warn-password","$v":"Parolu yenidən daxil edin."},{"$i":"re-enter-password-on-setting","$v":"Şifrəni Əlaqə ayarına yenidən daxil edin."},{"$i":"accessing-warn-relogin","$v":"Hesabı silin və yenidən daxil olun."},{"$i":"update-password-failed","$v":"Parolu yeniləmək alınmadı, sonra yenidən sınayın."},{"$i":"connect-time-out","$v":[{"t":"idOrVar","v":"server"},"\" ilə bağlantı qurmaq mümkün deyil. Şəbəkə ilə bağlı problem ola bilər."]},{"$i":"server-error","$v":"Server əlçatan deyil. Daha sonra cəhd edin."},{"$i":"loading","$v":"Yüklənir..."},{"$i":"ellipsis","$v":"..."},{"$i":"stop-syncing-warn-title","$v":"Əlaqə Sinxronizasiya"},{"$i":"stop-syncing-warn","$v":"Tətbiqin bağlanması kontaktın sinxronlaşdırılması prosesini dayandıracaq. Hələ də bağlamaq istəyirsən?"},{"$i":"weekday-0-long","$v":"Bazar"},{"$i":"weekday-1-long","$v":"Bazar ertəsi"},{"$i":"weekday-2-long","$v":"Çərşənbə axşamı"},{"$i":"weekday-3-long","$v":"Çərşənbə"},{"$i":"weekday-4-long","$v":"Cümə axşamı"},{"$i":"weekday-5-long","$v":"Cümə"},{"$i":"weekday-6-long","$v":"Şənbə"},{"$i":"weekday-0-short","$v":"Bazar"},{"$i":"weekday-1-short","$v":"Bazar ertəsi"},{"$i":"weekday-2-short","$v":"Çərşənbə axşamı"},{"$i":"weekday-3-short","$v":"Çərşənbə"},{"$i":"weekday-4-short","$v":"Cümə axşamı"},{"$i":"weekday-5-short","$v":"Cüm"},{"$i":"weekday-6-short","$v":"Şənbə"},{"$i":"month-0-long","$v":"Yanvar"},{"$i":"month-1-long","$v":"Fevral"},{"$i":"month-2-long","$v":"Mart"},{"$i":"month-3-long","$v":"Aprel"},{"$i":"month-4-long","$v":"May"},{"$i":"month-5-long","$v":"İyun"},{"$i":"month-6-long","$v":"İyul"},{"$i":"month-7-long","$v":"Avqust"},{"$i":"month-8-long","$v":"Sentyabr"},{"$i":"month-9-long","$v":"Oktyabr"},{"$i":"month-10-long","$v":"Noyabr"},{"$i":"month-11-long","$v":"Dekabr"},{"$i":"month-0-genitive","$v":"Yanvar"},{"$i":"month-1-genitive","$v":"Fevral"},{"$i":"month-2-genitive","$v":"Mart"},{"$i":"month-3-genitive","$v":"Aprel"},{"$i":"month-4-genitive","$v":"May"},{"$i":"month-5-genitive","$v":"İyun"},{"$i":"month-6-genitive","$v":"İyul"},{"$i":"month-7-genitive","$v":"Avqust"},{"$i":"month-8-genitive","$v":"Sentyabr"},{"$i":"month-9-genitive","$v":"Oktyabr"},{"$i":"month-10-genitive","$v":"Noyabr"},{"$i":"month-11-genitive","$v":"Dekabr"},{"$i":"month-0-short","$v":"Yan"},{"$i":"month-1-short","$v":"Fev"},{"$i":"month-2-short","$v":"Mar"},{"$i":"month-3-short","$v":"Apr"},{"$i":"month-4-short","$v":"May"},{"$i":"month-5-short","$v":"İyun"},{"$i":"month-6-short","$v":"İyul"},{"$i":"month-7-short","$v":"Avq"},{"$i":"month-8-short","$v":"Sen"},{"$i":"month-9-short","$v":"Okt"},{"$i":"month-10-short","$v":"Noy"},{"$i":"month-11-short","$v":"Dek"},{"$i":"minutes-ago-long","$v":{"few":[{"t":"idOrVar","v":"value"}," dəqiqə əvvəl"],"many":[{"t":"idOrVar","v":"value"}," dəqiqə əvvəl"],"other":[{"t":"idOrVar","v":"value"}," dəqiqə əvvəl"],"two":[{"t":"idOrVar","v":"value"}," dəqiqə əvvəl"],"one":"bir dəqiqə əvvəl","zero":"indicə"},"$x":[{"t":"idOrVar","v":"plural"},"value"]},{"$i":"hours-ago-long","$v":{"few":[{"t":"idOrVar","v":"value"}," saat əvvəl"],"many":[{"t":"idOrVar","v":"value"}," saat əvvəl"],"other":[{"t":"idOrVar","v":"value"}," saat əvvəl"],"two":[{"t":"idOrVar","v":"value"}," saat əvvəl"],"one":"1 saat əvvəl","zero":"indicə"},"$x":[{"t":"idOrVar","v":"plural"},"value"]},{"$i":"days-ago-long","$v":{"few":[{"t":"idOrVar","v":"value"}," gün əvvəl"],"many":[{"t":"idOrVar","v":"value"}," gün əvvəl"],"one":"dünən","other":[{"t":"idOrVar","v":"value"}," gün əvvəl"],"two":[{"t":"idOrVar","v":"value"}," gün əvvəl"],"zero":"bu gün"},"$x":[{"t":"idOrVar","v":"plural"},"value"]},{"$i":"weeks-ago-long","$v":{"few":[{"t":"idOrVar","v":"value"}," həftə əvvəl"],"many":[{"t":"idOrVar","v":"value"}," həftə əvvəl"],"one":"sonuncu həftə","other":[{"t":"idOrVar","v":"value"}," həftə əvvəl"],"two":[{"t":"idOrVar","v":"value"}," həftə əvvəl"],"zero":"bu həftə"},"$x":[{"t":"idOrVar","v":"plural"},"value"]},{"$i":"months-ago-long","$v":{"few":[{"t":"idOrVar","v":"value"}," ay əvvəl"],"many":[{"t":"idOrVar","v":"value"}," ay əvvəl"],"one":"sonuncu ay","other":[{"t":"idOrVar","v":"value"}," ay əvvəl"],"two":[{"t":"idOrVar","v":"value"}," ay əvvəl"],"zero":"bu ay"},"$x":[{"t":"idOrVar","v":"plural"},"value"]},{"$i":"years-ago-long","$v":{"few":[{"t":"idOrVar","v":"value"}," il əvvəl"],"many":[{"t":"idOrVar","v":"value"}," il əvvəl"],"one":"sonuncu il","other":[{"t":"idOrVar","v":"value"}," il əvvəl"],"two":[{"t":"idOrVar","v":"value"}," il əvvəl"],"zero":"bu il"},"$x":[{"t":"idOrVar","v":"plural"},"value"]},{"$i":"minutes-until-long","$v":{"few":[{"t":"idOrVar","v":"value"}," dəqiqədə"],"many":[{"t":"idOrVar","v":"value"}," dəqiqədə"],"other":[{"t":"idOrVar","v":"value"}," dəqiqədə"],"two":[{"t":"idOrVar","v":"value"}," dəqiqədə"],"zero":"indi","one":"1 dəqiqədə"},"$x":[{"t":"idOrVar","v":"plural"},"value"]},{"$i":"hours-until-long","$v":{"few":[{"t":"idOrVar","v":"value"}," saatda"],"many":[{"t":"idOrVar","v":"value"}," saatda"],"other":[{"t":"idOrVar","v":"value"}," saatda"],"two":[{"t":"idOrVar","v":"value"}," saatda"],"zero":"indi","one":"1 saatda"},"$x":[{"t":"idOrVar","v":"plural"},"value"]},{"$i":"days-until-long","$v":{"few":[{"t":"idOrVar","v":"value"}," gündə"],"many":[{"t":"idOrVar","v":"value"}," gündə"],"one":"sabah","other":[{"t":"idOrVar","v":"value"}," gündə"],"two":[{"t":"idOrVar","v":"value"}," gündə"],"zero":"bu gün"},"$x":[{"t":"idOrVar","v":"plural"},"value"]},{"$i":"weeks-until-long","$v":{"few":[{"t":"idOrVar","v":"value"}," həftədə"],"many":[{"t":"idOrVar","v":"value"}," həftədə"],"one":"növbəti həftə","other":[{"t":"idOrVar","v":"value"}," həftədə"],"two":[{"t":"idOrVar","v":"value"}," həftədə"],"zero":"bu həftə"},"$x":[{"t":"idOrVar","v":"plural"},"value"]},{"$i":"months-until-long","$v":{"few":[{"t":"idOrVar","v":"value"}," ayda"],"many":[{"t":"idOrVar","v":"value"}," ayda"],"one":"növbəti ay","other":[{"t":"idOrVar","v":"value"}," ayda"],"two":[{"t":"idOrVar","v":"value"}," ayda"],"zero":"bu ay"},"$x":[{"t":"idOrVar","v":"plural"},"value"]},{"$i":"years-until-long","$v":{"few":[{"t":"idOrVar","v":"value"}," ildə"],"many":[{"t":"idOrVar","v":"value"}," ildə"],"one":"növbəti il","other":[{"t":"idOrVar","v":"value"}," ildə"],"two":[{"t":"idOrVar","v":"value"}," ildə"],"zero":"bu il"},"$x":[{"t":"idOrVar","v":"plural"},"value"]},{"$i":"minutes-ago-short","$v":{"other":[{"t":"idOrVar","v":"value"},"d əvvəl"],"zero":"indicə"},"$x":[{"t":"idOrVar","v":"plural"},"value"]},{"$i":"hours-ago-short","$v":{"other":[{"t":"idOrVar","v":"value"},"s əvvəl"],"zero":"indicə"},"$x":[{"t":"idOrVar","v":"plural"},"value"]},{"$i":"days-ago-short","$v":{"other":[{"t":"idOrVar","v":"value"},"g əvvəl"],"zero":"bu gün"},"$x":[{"t":"idOrVar","v":"plural"},"value"]},{"$i":"minutes-until-short","$v":{"other":[{"t":"idOrVar","v":"value"}," d-də"],"zero":"indi"},"$x":[{"t":"idOrVar","v":"plural"},"value"]},{"$i":"hours-until-short","$v":{"other":[{"t":"idOrVar","v":"value"}," s-da"],"zero":"indi"},"$x":[{"t":"idOrVar","v":"plural"},"value"]},{"$i":"days-until-short","$v":{"other":[{"t":"idOrVar","v":"value"}," g-də"],"zero":"bu gün"},"$x":[{"t":"idOrVar","v":"plural"},"value"]},{"$i":"incorrectDate","$v":"(yanlış tarix)"},{"$i":"dateTimeFormat_%c","$v":"%a %b %e %Y %I:%M:%S %p"},{"$i":"dateTimeFormat_%x","$v":"%m/%d/%Y"},{"$i":"dateTimeFormat_%X","$v":"%I:%M:%S %p"},{"$i":"shortTimeFormat","$v":"%I:%M %p"},{"$i":"shortTimeFormat12","$v":"%I:%M %p"},{"$i":"shortTimeFormat24","$v":"%H:%M"},{"$i":"shortDateTimeFormat","$v":"%x %I:%M %p"},{"$i":"weekStartsOnMonday","$v":"0.0"},{"$i":"firstDayOfTheWeek","$v":"1.0"},{"$i":"time_am","$v":"AM"},{"$i":"time_pm","$v":"PM"},{"$i":"sim-with-index-and-carrier","$v":["SIM ",{"t":"idOrVar","v":"index"}," - ",{"t":"idOrVar","v":"carrier"}]},{"$i":"sim-without-carrier","$v":["SIM ",{"t":"idOrVar","v":"index"}]}]