[{"$i":"contacts","$v":"Кантакты"},{"$i":"view","$v":"Глядзець"},{"$i":"no-contacts","$v":"Няма кантактаў."},{"$i":"reading-contacts","$v":"Загружаюцца кантакты"},{"$i":"start-adding","$v":"Націсніце кнопку \"Новы\" альбо перайдзіце ў \"Налады\", каб дадаць кантакты."},{"$i":"no-contact-available","$v":"Няма даступнага кантакту"},{"$i":"requested-contact-not-available","$v":"Запытаная інфармацыя адсутнічае ў наяўных кантактах."},{"$i":"cannot-add-as-empty","$v":"Немагчыма дадаць у кантакт, бо ваш спіс кантактаў пусты"},{"$i":"ok","$v":"ОК"},{"$i":"no-phone-number-to-dial","$v":"Няма нумару тэлефона для набору"},{"$i":"video-call","$v":"Відэавыклік"},{"$i":"rtt-call","$v":"Выклік RTT"},{"$i":"select-a-contact","$v":"Выбраць кантакт"},{"$i":"multi-pick-max-warn","$v":["Максімальная выбраная колькасць: ",{"t":"idOrVar","v":"n"}]},{"$i":"add-contact-failed","$v":"Памылка дадавання кантакту"},{"$i":"no-sim-card-available","$v":"SIM-картка недаступна"},{"$i":"email-cannot-add-to-sim","$v":"Бягучы выбар памяці не падтрымліваецца па электроннай пошце."},{"$i":"add-info-failed","$v":"Дадаць інфармацыю не атрымалася"},{"$i":"no-contact-to-add","$v":"Няма даступных кантактаў для дадання."},{"$i":"move","$v":"Перамясціць"},{"$i":"copy","$v":"Капіраваць"},{"$i":"copy-contacts","$v":"Капір. кантакт."},{"$i":"move-contacts","$v":"Перамясціць кантакты"},{"$i":"phone-memory","$v":"Памяць тэлефона"},{"$i":"sim-memory","$v":"Памяць SIM-карткі"},{"$i":"sim-0-memory","$v":"Памяць SIM 1"},{"$i":"sim-1-memory","$v":"Памяць SIM 2"},{"$i":"move-from","$v":"Перамясціць з"},{"$i":"copy-from","$v":"Капіяваць з"},{"$i":"to","$v":"Каму"},{"$i":"move-contacts-progressing","$v":"Перамяшчэнне кантакту(-аў)..."},{"$i":"copy-contacts-progressing","$v":"Капіраванне кантакту(-аў)..."},{"$i":"contact-move-to-sim","$v":{"few":["Кантакты, перамешчаныя на SIM: ",{"t":"idOrVar","v":"migrated"},"."],"many":["Кантакты, перамешчаныя на SIM: ",{"t":"idOrVar","v":"migrated"},"."],"one":"1 кантакт, перамешчаны на SIM.","other":["Кантакты, перамешчаныя на SIM: ",{"t":"idOrVar","v":"migrated"},"."],"two":["Кантакты, перамешчаныя на SIM: ",{"t":"idOrVar","v":"migrated"},"."],"zero":"Няма кантактаў, перамешчаных на SIM."},"$x":[{"t":"idOrVar","v":"plural"},"migrated"]},{"$i":"contact-copy-to-sim","$v":{"few":["Кантакты, скапіраваныя на SIM: ",{"t":"idOrVar","v":"migrated"},"."],"many":["Кантакты, скапіраваныя на SIM: ",{"t":"idOrVar","v":"migrated"},"."],"one":"1 кантакт, скапіраваны на SIM.","other":["Кантакты, скапіраваныя на SIM: ",{"t":"idOrVar","v":"migrated"},"."],"two":["Кантакты, скапіраваныя на SIM: ",{"t":"idOrVar","v":"migrated"},"."],"zero":"Няма кантактаў, скапіраваных на SIM."},"$x":[{"t":"idOrVar","v":"plural"},"migrated"]},{"$i":"contact-move-to-sim0","$v":{"few":["Кантакты, перамешчаныя на SIM 1: ",{"t":"idOrVar","v":"migrated"},"."],"many":["Кантакты, перамешчаныя на SIM 1: ",{"t":"idOrVar","v":"migrated"},"."],"one":"1 кантакт, перамешчаны на SIM 1.","other":["Кантакты, перамешчаныя на SIM 1: ",{"t":"idOrVar","v":"migrated"},"."],"two":["Кантакты, перамешчаныя на SIM 1: ",{"t":"idOrVar","v":"migrated"},"."],"zero":"Няма кантактаў, перамешчанх на SIM 1."},"$x":[{"t":"idOrVar","v":"plural"},"migrated"]},{"$i":"contact-copy-to-sim0","$v":{"few":["Кантакты, скапіраваныя на SIM 1: ",{"t":"idOrVar","v":"migrated"},"."],"many":["Кантакты, скапіраваныя на SIM 1: ",{"t":"idOrVar","v":"migrated"},"."],"one":"1 кантакт, скапіраваны на SIM 1.","other":["Кантакты, скапіраваныя на SIM 1: ",{"t":"idOrVar","v":"migrated"},"."],"two":["Кантакты, скапіраваныя на SIM 1: ",{"t":"idOrVar","v":"migrated"},"."],"zero":"Няма кантактаў, скапіраваных на SIM 1."},"$x":[{"t":"idOrVar","v":"plural"},"migrated"]},{"$i":"contact-move-to-sim1","$v":{"few":["Кантакты, перамешчаныя на SIM 2: ",{"t":"idOrVar","v":"migrated"},"."],"many":["Кантакты, перамешчаныя на SIM 2: ",{"t":"idOrVar","v":"migrated"},"."],"one":"1 кантакт, перамешчаны на SIM 2.","other":["Кантакты, перамешчаныя на SIM 2: ",{"t":"idOrVar","v":"migrated"},"."],"two":["Кантакты, перамешчаныя на SIM 2: ",{"t":"idOrVar","v":"migrated"},"."],"zero":"Няма кантактаў, перамешчанх на SIM 2."},"$x":[{"t":"idOrVar","v":"plural"},"migrated"]},{"$i":"contact-copy-to-sim1","$v":{"few":["Кантакты, скапіраваныя на SIM 2: ",{"t":"idOrVar","v":"migrated"},"."],"many":["Кантакты, скапіраваныя на SIM 2: ",{"t":"idOrVar","v":"migrated"},"."],"one":"1 кантакт, скапіраваны на SIM 2.","other":["Кантакты, скапіраваныя на SIM 2: ",{"t":"idOrVar","v":"migrated"},"."],"two":["Кантакты, скапіраваныя на SIM 2: ",{"t":"idOrVar","v":"migrated"},"."],"zero":"Няма кантактаў, скапіраваных на SIM 2."},"$x":[{"t":"idOrVar","v":"plural"},"migrated"]},{"$i":"contact-move-to-device","$v":{"one":"1 кантакт перанесены на тэлефон.","zero":"Кантакт не перанесены на тэлефон.","few":["Кантакты, перамешчаныя на тэлефон: ",{"t":"idOrVar","v":"migrated"},"."],"many":["Кантакты, перамешчаныя на тэлефон: ",{"t":"idOrVar","v":"migrated"},"."],"other":["Кантакты, перамешчаныя на тэлефон: ",{"t":"idOrVar","v":"migrated"},"."],"two":["Кантакты, перамешчаныя на тэлефон: ",{"t":"idOrVar","v":"migrated"},"."]},"$x":[{"t":"idOrVar","v":"plural"},"migrated"]},{"$i":"contact-copy-to-device","$v":{"one":"1 кантакт скапіяваны на тэлефон.","zero":"Кантакт не скапіяваны на тэлефон.","few":["Кантакты, скапіраваныя на тэлефон: ",{"t":"idOrVar","v":"migrated"},"."],"many":["Кантакты, скапіраваныя на тэлефон: ",{"t":"idOrVar","v":"migrated"},"."],"other":["Кантакты, скапіраваныя на тэлефон: ",{"t":"idOrVar","v":"migrated"},"."],"two":["Кантакты, скапіраваныя на тэлефон: ",{"t":"idOrVar","v":"migrated"},"."]},"$x":[{"t":"idOrVar","v":"plural"},"migrated"]},{"$i":"copy-contact-failed","$v":"Не атрымалася скапіяваць кантакты"},{"$i":"move-contact-failed","$v":"Перамяшчэнне кантактаў не атрымалася"},{"$i":"contact-copy-error-sim-full","$v":"Скапіраванне кантактаў не завершана з-за поўнай SIM-карты."},{"$i":"contact-copy-error-unknown","$v":"Капіраванне кантактаў не завершана з-за памылкі."},{"$i":"contact-copy-error-limit-exceeded","$v":"Капіраванне кантактаў не завершана з-за перавышэння ліміту кантактаў тэлефона."},{"$i":"contact-move-error-sim-full","$v":"Перасоўванне кантактаў не завершана з-за поўнай SIM-карты."},{"$i":"contact-move-error-unknown","$v":"Перамяшчэнне кантактаў не завершана з-за памылкі."},{"$i":"contact-move-error-limit-exceeded","$v":"Перамяшчэнне кантактаў не завершана з-за перавышэння ліміту кантактаў тэлефона."},{"$i":"contact-save-error-unknown","$v":"Захаваць кантакт не завершана з-за памылкі."},{"$i":"memory","$v":"Памяць"},{"$i":"phone-and-sim","$v":"Тэлефон і SIM"},{"$i":"phone","$v":"Тэлефон"},{"$i":"sim","$v":"SIM-картка"},{"$i":"reloading-contact","$v":"Паўторная загрузка кантактаў…"},{"$i":"contact-reloaded","$v":"Кантакты перазагружаны"},{"$i":"message","$v":"Паведамленне"},{"$i":"changes-saved","$v":"Змены захаваны."},{"$i":"already-ice-contact","$v":"Абраны кантакт ужо быў усталяваны ў ICE."},{"$i":"phone-contacts-limit-exceeded","$v":"Ліміт колькасці кантактаў тэлефона перавышаны."},{"$i":"sim-contacts-limit-exceeded","$v":"Ліміт колькасці кантактаў SIM перавышаны."},{"$i":"more-info","$v":"Яшчэ"},{"$i":"callAirplaneModeTitle","$v":"Рэжым \"У самалёце\" уключаны"},{"$i":"callAirplaneModeMessage","$v":"Каб зрабіць выклік, трэба адключыць рэжым \"У самалёце\" у настройках."},{"$i":"emergencyDialogTitle","$v":"Няма падключэння да сеткі"},{"$i":"emergencyDialogBodyBadNumber","$v":"Каб зрабіць выклік, тэлефон павінен быць падключаны да сеткі."},{"$i":"emergencyDialogBodyDeviceNotAccepted","$v":"Экстраныя выклікі не дазволены сеткай."},{"$i":"invalidNumberToDialTitle","$v":"Няправільны нумар тэлефона"},{"$i":"invalidNumberToDialMessage","$v":"Нумар тэлефона, па якім вы званіце, несапраўдны."},{"$i":"invalidNumberToSendTitle","$v":"Няправільны нумар тэлефона"},{"$i":"invalidNumberToSendMessage","$v":"Нум. тэл., на які вы адпр. павед., несапраўдны."},{"$i":"emergency-call-only","$v":"Толькі экстраны выклік"},{"$i":"emergency-call-error","$v":["Нумар ",{"t":"idOrVar","v":"number"}," не з'яўляецца экстраным."]},{"$i":"numberIsBusyTitle","$v":"Нумар заняты"},{"$i":"numberIsBusyMessage","$v":"Номер зараз заняты. Паўтарыце спробу пазней."},{"$i":"fdnIsActiveTitle","$v":"FDN актыўна"},{"$i":"fdnIsActiveMessage","$v":["Функцыя FDN (фіксаваны набор нумароў) уключана, і наступны нумар не знаходзіцца ў вашым спісе FDN: ",{"t":"idOrVar","v":"number"}]},{"$i":"otherConnectionInUseTitle","$v":"Выкар. іншае падкл."},{"$i":"otherConnectionInUseMessage","$v":"У вас актыўны выклік на іншым падлучэнні. Адначасова можна карыстацца толькі адным падлучэннем."},{"$i":"GenericFailure","$v":"Агульны збой"},{"$i":"CallFailed","$v":"Памылка выкліку"},{"$i":"scCallBarring","$v":"Забарона выкліку"},{"$i":"scCallForwarding","$v":"Перанакіраванне выкліку"},{"$i":"scClip","$v":"Ідэнтыфікатар уваходзячага абанента"},{"$i":"scClir","$v":"Ідэнтыф. вых. абанента"},{"$i":"scPwd","$v":"Змена пароля"},{"$i":"scCallWaiting","$v":"Чаканне выкліку"},{"$i":"scPin","$v":"Змена PIN"},{"$i":"scPin2","$v":"Змена PIN2"},{"$i":"scPuk","$v":"Разблакаваць PIN"},{"$i":"scPuk2","$v":"Разблакаваць PIN2"},{"$i":"scImei","$v":"IMEI"},{"$i":"scMeid","$v":"Ідэнтыфікатар мабільнага абсталявання (MEID)"},{"$i":"scUssd","$v":"USSD"},{"$i":"set-speed-dial","$v":"Настр. кант. хутк. выкліку"},{"$i":"empty","$v":"Пуста"},{"$i":"voicemail","$v":"Галасавая пошта"},{"$i":"speed-dial","$v":"Хуткі набор"},{"$i":"add","$v":"Дадаць"},{"$i":"replace","$v":"Замяніць"},{"$i":"remove-from-speed-dial","$v":"Выдаліць з хуткага набору"},{"$i":"custom-dialog-replace-speed-dial","$v":["Напэўна хочаце замяніць хуткі набор ",{"t":"idOrVar","v":"oldSpeedDial"}," на ",{"t":"idOrVar","v":"newSpeedDial"},"?"]},{"$i":"custom-dialog-remove-speed-dial","$v":["Напэўна хочаце выдаліць ",{"t":"idOrVar","v":"name"}," з хуткага набору?"]},{"$i":"speed-dial-added","$v":"Дададзены нумар хуткага набору."},{"$i":"speed-dial-removed","$v":"Выдалены нумар хуткага набору."},{"$i":"speed-dial-replaced","$v":"Абноўлены нумар хуткага набору."},{"$i":"voice-mail","$v":"Галас. пошта"},{"$i":"voice-mail-number","$v":["Нумар галасавой пошты - SIM-карта ",{"t":"idOrVar","v":"n"}]},{"$i":"voice-mail-number-single","$v":"Нумар галасавой пошты"},{"$i":"voice-mail-number-updated","$v":"Нумар галасавой пошты абноўлены"},{"$i":"found-duplicates-message","$v":"У наступных кантактах была знойдзена прадубліраваная інфармацыя. Хочаце спалучыць?"},{"$i":"confirm-to-merge-contacts","$v":["Напэўна хочаце злучыць кантакты (",{"t":"idOrVar","v":"n"},") з ",{"t":"idOrVar","v":"name"},"?"]},{"$i":"contact-merged","$v":"Кантакт спалучаны"},{"$i":"find-duplicate-contacts","$v":"Знайсці дубліраваныя кантакты"},{"$i":"no-duplicate-contact-found","$v":"Не знойдзена дубляваных кантактаў"},{"$i":"merge","$v":"Зліць"},{"$i":"find-dup","$v":"Знайсці дубліраваныя кантакты"},{"$i":"find-dup-title","$v":"Знайсці дубліраваныя кантакты"},{"$i":"finding-dup-message","$v":"Пошук падвойных кантактаў..."},{"$i":"dup-found-title","$v":"Знойдзены дублікаты"},{"$i":"dup-found-message","$v":"У наступных кантактах была знойдзена прадубліраваная інфармацыя. Хочаце спалучыць?"},{"$i":"no-dup-found","$v":"Дублікаты не знойдзены"},{"$i":"merge-conflict-warn","$v":["Наступная інфармацыя будзе перазапісана файлам \"",{"t":"idOrVar","v":"name"},"\":"]},{"$i":"merge-conflict-confirm","$v":"Хочаце спалучыць кантакты?"},{"$i":"add-favorite","$v":"Дадаць як выбранае"},{"$i":"remove-favorite","$v":"Выдаліць з выбранага"},{"$i":"favorite-contacts","$v":"Выбраны"},{"$i":"add-block","$v":"Блакіраваць гэты нумар"},{"$i":"remove-block","$v":"Разблакір. гэты нумар"},{"$i":"add-block-email","$v":"Блакір. адрас эл. пошты"},{"$i":"remove-block-email","$v":"Разблакаваць электронную пошту"},{"$i":"add-block-contact-warning","$v":"Вы не будзеце атрымліваць тэлефонныя выклікі і паведамленні ад людзей са спіса заблакіраваных."},{"$i":"add-block-email-warning","$v":"Вы не будзеце атрымліваць паведамленні з гэтага адраса эл. пошты."},{"$i":"block","$v":"Блакіраваць"},{"$i":"unblock","$v":"адкрыць"},{"$i":"block-contacts","$v":"Заблакіраваць кантакты"},{"$i":"add-block-header","$v":"Дадаць заблакір. нумар"},{"$i":"remove-block-alert","$v":"Выдалена з заблакір. кантактаў."},{"$i":"duplicate-block-number","$v":"Немагчыма дадаць дублікат нумара."},{"$i":"sort-contacts","$v":"Сартаваць кантакты"},{"$i":"sort-by-first-name","$v":"Сартаваць па імяні"},{"$i":"sort-by-last-name","$v":"Сартаваць па прозвішчы"},{"$i":"no-support-open-multi-vcard","$v":"Немагчыма адкрыць vCard з некалькімі кантакамі"},{"$i":"import","$v":"Імпартаваць"},{"$i":"sdcard","$v":"Картка памяці"},{"$i":"simcard","$v":"SIM-картка"},{"$i":"import-contacts","$v":"Імпартаваць кантакты"},{"$i":"simContacts-error","$v":"Немагчыма імпартаваць кантакты з SIM-карткі"},{"$i":"memoryCardContacts-error","$v":"Немагчыма імпартаваць кантакты з карткі памяці"},{"$i":"novCardFiles","$v":"На карце памяці адсутнічаюць файлы кантактаў."},{"$i":"fullDiskSpace-error","$v":"Сховішча запоўнена, немагчыма імпартаваць кантакты."},{"$i":"socialServiceContacts-error","$v":["Не ўдалося імпартаваць кантакты з ",{"t":"idOrVar","v":"service"},"."]},{"$i":"socialServiceContacts-noNetwork","$v":["Няма падключэння да інтэрнэту, не ўдаецца імпартаваць кантакты з ",{"t":"idOrVar","v":"service"},"."]},{"$i":"simContacts-reading","$v":"Чыт. кант. з SIM-карты…"},{"$i":"memoryCardContacts-reading","$v":"Чытаюцца кантакты з карткі памяці…"},{"$i":"importContactsTitle","$v":"Імпартаваць кантакты"},{"$i":"retry","$v":"Паўтарыць спробу"},{"$i":"noSimMsg","$v":"Каб імпартаваць кантакты, устаўце або разблакіруйце SIM-картку"},{"$i":"noSdcardMsg","$v":"Каб імпартаваць кантакты, устаўце картку памяці"},{"$i":"not-imported","$v":"Не імпартавана"},{"$i":"imported","$v":"Імпартавана"},{"$i":"importing","$v":"Імпарт"},{"$i":"contact-imported","$v":["Імпартавана кантактаў: ",{"t":"idOrVar","v":"imported"},". Злучана кантактаў: ",{"t":"idOrVar","v":"dupes"},"."]},{"$i":"contact-imported2","$v":{"one":"Імпартаваны кантакт.","zero":"Кантакт не імпартаваны.","few":["Імпартавана кантактаў: ",{"t":"idOrVar","v":"imported"},"."],"many":["Імпартавана кантактаў: ",{"t":"idOrVar","v":"imported"},"."],"other":["Імпартавана кантактаў: ",{"t":"idOrVar","v":"imported"},"."],"two":["Імпартавана кантактаў: ",{"t":"idOrVar","v":"imported"},"."]},"$x":[{"t":"idOrVar","v":"plural"},"imported"]},{"$i":"reading-contacts-from-sim","$v":"Чытаюцца кантакты з SIM-карткі..."},{"$i":"reading-contacts-from-gmail","$v":"Чытаюцца кантакты з Gmail..."},{"$i":"reading-contacts-from-live","$v":"Чытаюцца кантакты з Outlook..."},{"$i":"reading-contacts-from-sd","$v":"Чытаюцца кантакты з карткі памяці..."},{"$i":"reading-contacts-from-vcard","$v":"Чытаюцца кантакты з файла..."},{"$i":"importing-contacts-from-sim","$v":"Імпартуюцца кантакты з SIM-карткі..."},{"$i":"importing-contacts-from-gmail","$v":"Імпартуюцца кантакты з Gmail..."},{"$i":"importing-contacts-from-live","$v":"Імпартуюцца кантакты з Outlook..."},{"$i":"importing-contacts-from-sd","$v":"Імпартуюцца кантакты з карткі памяці..."},{"$i":"importing-contacts-from-vcard","$v":"Імпартуюцца кантакты з файла..."},{"$i":"connect-network-to-import","$v":"Каб імпартаваць кантакты, падключыцеся да WiFi або сеткі інтэрнэт"},{"$i":"importing-confirm","$v":["Імпартаваць кантакты (",{"t":"idOrVar","v":"n"},") з файла \"",{"t":"idOrVar","v":"fileName"},"\"?"]},{"$i":"importing-cancel-confirm","$v":"0.0"},{"$i":"import-contact-failed","$v":"Не ўдалося імпартаваць кантакты"},{"$i":"phone-storage-full","$v":"Сховішча тэлефона поўнае."},{"$i":"import-contact-storage-full","$v":"Не ўдаецца імпартаваць кантакты. Каб вызваліць месца, выдаліце даныя праграм."},{"$i":"contact-import-error-disk-full","$v":"Імпартаванне кантактаў не завершана, бо сховішча запоўнена. Выдаліце даныя праграмы, каб вызваліць месца."},{"$i":"contact-import-error-sim-full","$v":"Імпартаванне кантактаў не завершана, бо SIM-картка запоўнена."},{"$i":"contact-import-error-unknown","$v":"Імпарт кантактаў няпоўны з-за памылкі."},{"$i":"import-contacts-canceled","$v":"0.0"},{"$i":"close","$v":"Закрыць"},{"$i":"import-process-cancel","$v":"Працэс імпарту адменены."},{"$i":"import-limit-header","$v":"Ліміт памеру файла перавышаны"},{"$i":"inner-import-limit-content","$v":"Любы файл памеру кантактаў, які перавышае 10 Мб, не быў імпартаваны."},{"$i":"activity-import-limit-contact","$v":"Не атрымалася імпартаваць кантакты з-за перавышэння памеру файла."},{"$i":"activity-import-limit-additional","$v":"(Памер файла павінен быць не менш за 10 Мб.)"},{"$i":"bluetooth","$v":"Bluetooth"},{"$i":"export","$v":"Экспартаваць"},{"$i":"export-contacts","$v":"Экспартаваць кантакты"},{"$i":"simExport-title","$v":"Экспартаваць на SIM-картку"},{"$i":"memoryCardExport-title","$v":"Экспарт на карту памяці ..."},{"$i":"btExport-title","$v":"Экспартаваць у Bluetooth"},{"$i":"noSimMsgExport","$v":"Каб эспартаваць кантакты, устаўце або разблакіруйце SIM-карткі"},{"$i":"noSdcardExport","$v":"Каб экспарціраваць кантакты, устаўце картку памяці."},{"$i":"bluetoothNoConnection","$v":"Каб экспартаваць кантакты, падключыцеся да прылады з Bluetooth."},{"$i":"contact-exported","$v":["Экспартавана кантактаў: ",{"t":"idOrVar","v":"exported"},"."]},{"$i":"contact-exported2","$v":{"zero":"Няма кантакту ня экспартуюцца.","one":"1 кантакт экспартаваны.","few":["Экспартавана кантактаў: ",{"t":"idOrVar","v":"exported"},"."],"many":["Экспартавана кантактаў: ",{"t":"idOrVar","v":"exported"},"."],"other":["Экспартавана кантактаў: ",{"t":"idOrVar","v":"exported"},"."],"two":["Экспартавана кантактаў: ",{"t":"idOrVar","v":"exported"},"."]},"$x":[{"t":"idOrVar","v":"plural"},"exported"]},{"$i":"export-contact-failed","$v":"Памылка экспартавання кантактаў"},{"$i":"contact-export-error-sim-full","$v":"Экспарт кантактаў не завершаны, бо SIM-картка запоўнена."},{"$i":"contact-export-error-sd-full","$v":"Экспарт кантактаў не завершаны з-за карты памяці поўны."},{"$i":"contact-export-error-unknown","$v":"Экспарт кантактаў не завершаны з-за памылкі."},{"$i":"contact-export-canceled","$v":"Экспарт скасаваны."},{"$i":"save","$v":"Захаваць"},{"$i":"back","$v":"Назад"},{"$i":"givenName","$v":"Імя"},{"$i":"familyName","$v":"Прозвішча"},{"$i":"name","$v":"Імя"},{"$i":"org","$v":"Кампанія"},{"$i":"ringtone","$v":"Сігнал выкліку"},{"$i":"note","$v":"Нататка"},{"$i":"photo","$v":"Малюнак"},{"$i":"email","$v":"Эл. пошта"},{"$i":"adr","$v":"Адрас"},{"$i":"custom","$v":"Карыстальніцкі"},{"$i":"confirm-discard-contact-data","$v":"Інфармацыя кантакту будзе выдалена. Хочаце захаваць гэты кантакт?"},{"$i":"confirm-discard-contact-update-data","$v":"Змены будуць адхілены. Захаваць гэты кантакт?"},{"$i":"discard-contact-data","$v":"Змены будуць адхілены."},{"$i":"discard","$v":"Скінуць"},{"$i":"add-others","$v":"Дадаць іншыя"},{"$i":"custom-label","$v":"Нестандартная этыкетка"},{"$i":"input-the-custom-type","$v":"Увядзіце карыстальніцкі тып"},{"$i":"contact-added","$v":"Дададзены кантакт."},{"$i":"delete-prompt-message","$v":["Выдаліць ",{"t":"idOrVar","v":"field"},"?"]},{"$i":"delete-photo-msg","$v":"карціна"},{"$i":"delete-ringtone-msg","$v":"Сігнал выкліку"},{"$i":"delete-bday-msg","$v":"Дзень нараджэння"},{"$i":"delete-note-msg","$v":"Нататка"},{"$i":"delete-org-msg","$v":"Кампанія"},{"$i":"personal","$v":"Персанальны"},{"$i":"mobile","$v":"Мабільны"},{"$i":"current","$v":"Бягучы"},{"$i":"home","$v":"Хатні"},{"$i":"work","$v":"Праца"},{"$i":"other","$v":"Іншае"},{"$i":"fax-home","$v":"Хатні факс"},{"$i":"fax-office","$v":"Офісны факс"},{"$i":"fax-other","$v":"Іншы факс"},{"$i":"add-phone","$v":"Дадаць тэлефон"},{"$i":"add-tel","$v":"Дадаць тэлефон"},{"$i":"add-email","$v":"Дадаць эл. пошту"},{"$i":"add-ringtone","$v":"Дадаць сігнал выкліку"},{"$i":"add-adr","$v":"Дадаць адрас"},{"$i":"add-bday","$v":"Дадаць дзень нараджэння"},{"$i":"add-photo","$v":"Дадаць выяву"},{"$i":"add-note","$v":"Дадаць нататку"},{"$i":"add-org","$v":"Дадаць кампанію"},{"$i":"add-tel-number","$v":"Дадаць нумар тэлефона"},{"$i":"delete-tel","$v":"Выдаліць тэлефонны нумар"},{"$i":"delete-email","$v":"Выдаліць адрас эл. пошты"},{"$i":"delete-ringtone","$v":"Выдаліць сігнал выкліку"},{"$i":"delete-adr","$v":"Выдаліць адрас"},{"$i":"delete-bday","$v":"Выдаліць дзень нараджэння"},{"$i":"delete-photo","$v":"Выдаліць малюнак"},{"$i":"delete-note","$v":"Выдаліць нататку"},{"$i":"delete-org","$v":"Выдаліць кампанію"},{"$i":"edit-tel-type","$v":"Рэдагаваць тып тэлефона"},{"$i":"edit-email-type","$v":"Рэдагаваць тып эл. пошты"},{"$i":"edit-adr-type","$v":"Рэдагаваць тып адраса"},{"$i":"edit-bday-type","$v":"Рэдагаваць дзень нараджэння"},{"$i":"replace-photo","$v":"Змяніць фота"},{"$i":"replace-ringtone","$v":"Змяніць сігнал выкліку"},{"$i":"mobile-tel","$v":"Мабільны тэлефон"},{"$i":"home-tel","$v":"Хатні тэлефон"},{"$i":"work-tel","$v":"Працоўны тэлефон"},{"$i":"personal-tel","$v":"Персанальны тэлефон"},{"$i":"fax-home-tel","$v":"Хатні факс"},{"$i":"fax-office-tel","$v":"Офісны факс"},{"$i":"fax-other-tel","$v":"Іншы факс"},{"$i":"other-tel","$v":"Іншы тэлефон"},{"$i":"personal-email","$v":"Асабістая электронная пошта"},{"$i":"work-email","$v":"Праца электроннай пошты"},{"$i":"other-email","$v":"Іншая электронная пошта"},{"$i":"custom-email","$v":["Электронная пошта ",{"t":"idOrVar","v":"type"}]},{"$i":"custom-tel","$v":[{"t":"idOrVar","v":"type"}," тэлефон"]},{"$i":"personal-adr","$v":"Персанальны адрас"},{"$i":"current-adr","$v":"Бягучы адрас"},{"$i":"home-adr","$v":"Хатні адрас"},{"$i":"work-adr","$v":"Працоўны адрас"},{"$i":"custom-adr","$v":[{"t":"idOrVar","v":"type"}," адрас"]},{"$i":"bday","$v":"Дзень нараджэння"},{"$i":"birthday","$v":"Дзень нараджэння"},{"$i":"streetAddress","$v":"Вуліца"},{"$i":"locality","$v":"Горад"},{"$i":"postalCode","$v":"Паштовы індэкс"},{"$i":"countryName","$v":"Краіна"},{"$i":"region","$v":"Стан"},{"$i":"no-name","$v":"Без імяні"},{"$i":"new-contact","$v":"Новы кантакт"},{"$i":"options","$v":"Опцыі"},{"$i":"cancel","$v":"Скасаваць"},{"$i":"settings","$v":"Настройкі"},{"$i":"edit","$v":"Рэдагаваць"},{"$i":"share","$v":"Абагуліць"},{"$i":"remove","$v":"Выдаліць"},{"$i":"compose","$v":"Скласці"},{"$i":"new-contact-title","$v":"Новы кантакт"},{"$i":"edit-title","$v":"Рэдагаваць кантакт"},{"$i":"music","$v":"Музыка"},{"$i":"adr-type","$v":"Тып адрасу"},{"$i":"email-type","$v":"Тып электроннай пошты"},{"$i":"tel-type","$v":"Тып тэлефона"},{"$i":"ICEContactsGroup","$v":"ICE Кантакты"},{"$i":"setICEButton","$v":"Настроіць кантакты ICE"},{"$i":"ICESettingTitle","$v":"ICE Кантакты"},{"$i":"ICEDescription","$v":"Дадаць пяць кантактаў да выклікаў \"У надзвычайным выпадку\"."},{"$i":"ICEContact","$v":["Кантакт ICE ",{"t":"idOrVar","v":"n"}]},{"$i":"ICESelectContact","$v":"Выбраць кантакт"},{"$i":"delete-ice-contact-warning","$v":"Напэўна хочаце выдаліць кантакт ICE?"},{"$i":"confirm","$v":"Пацверджанне"},{"$i":"add-ice-failed","$v":"Не атрымалася дадаць ICE"},{"$i":"create-group","$v":"Стварыць групу"},{"$i":"group-name","$v":"Назва групы"},{"$i":"group","$v":"ГРУПА"},{"$i":"new-group-created","$v":"Новая група будзе створаная."},{"$i":"create-group-failed","$v":"Стварыць групу не ўдалося."},{"$i":"create-group-too-many","$v":["Можаце стварыць толькі наступную колькасць груп: ",{"t":"idOrVar","v":"number"},"."]},{"$i":"create-group-duplicate","$v":"Дублікат назвы."},{"$i":"rename-group-failed","$v":"Перайменаваць групу не ўдалося."},{"$i":"new-group","$v":"Стварыць"},{"$i":"rename","$v":"Перайменаваць"},{"$i":"duplicate-removed","$v":"Выдалены дубліраваныя кантакты."},{"$i":"add-to-group","$v":"Дадаць у групу"},{"$i":"remove-from-group","$v":"Выдаліць з групы"},{"$i":"added-to","$v":["У дадатак да ",{"t":"idOrVar","v":"група"}]},{"$i":"removed-from","$v":["Выключаны з групы "]},{"$i":"select-group","$v":"выбар групы"},{"$i":"rename-group","$v":"перайменаваць групу"},{"$i":"delete-group","$v":["Хочаце выдаліць ",{"t":"idOrVar","v":"group"},"?"]},{"$i":"unable-add-warn","$v":"Немагчыма дадаць кантакт уліковага запісу ў групу."},{"$i":"edit-contact","$v":"Рэдагаваць кантакт"},{"$i":"send-message","$v":"Адправіць павед."},{"$i":"call","$v":"Выклік"},{"$i":"call-sim-1","$v":"Выклік — SIM 1"},{"$i":"call-sim-2","$v":"Выклік — SIM 2"},{"$i":"send-email","$v":"Адправіць электронны ліст"},{"$i":"choose-number","$v":"Абярыце нумар"},{"$i":"choose-email-address","$v":"Выбр. адрас эл. пошты"},{"$i":"delete","$v":"Выдаліць"},{"$i":"select","$v":"Выбраць"},{"$i":"select-all","$v":"Выбраць усе"},{"$i":"select-all2","$v":"Усе"},{"$i":"deselect-all","$v":"Адмяніць выбар усяго"},{"$i":"deselect-all2","$v":"Няма"},{"$i":"deselect","$v":"Адмяніць выбар"},{"$i":"selected-contacts","$v":{"few":[{"t":"idOrVar","v":"n"}," выбрана"],"many":[{"t":"idOrVar","v":"n"}," выбрана"],"one":[{"t":"idOrVar","v":"n"}," выбрана"],"other":[{"t":"idOrVar","v":"n"}," выбрана"],"two":[{"t":"idOrVar","v":"n"}," выбрана"],"zero":[{"t":"idOrVar","v":"n"}," выбрана"]},"$x":[{"t":"idOrVar","v":"plural"},"n"]},{"$i":"massive-delete","$v":"Выдаліць кантакты"},{"$i":"confirm-contact-delete","$v":["Напэўна хочаце выдаліць кантакт \"",{"t":"idOrVar","v":"name"},"\"?"]},{"$i":"DeletedTxt","$v":{"few":["Выдалена кантактаў: ",{"t":"idOrVar","v":"n"}],"many":["Выдалена кантактаў: ",{"t":"idOrVar","v":"n"}],"one":"1 кантакт выдалены","other":["Выдалена кантактаў: ",{"t":"idOrVar","v":"n"}],"two":["Выдалена кантактаў: ",{"t":"idOrVar","v":"n"}],"zero":"Няма кантактаў для выдалення"},"$x":[{"t":"idOrVar","v":"plural"},"n"]},{"$i":"DeletingContacts","$v":"Выдаліць кантакты"},{"$i":"DeletingContactsProgressing","$v":"Выдаляюцца кантакты"},{"$i":"ContactConfirmDel","$v":{"few":["Выдаліць кантакты: ",{"t":"idOrVar","v":"n"},"? Гэта немагчыма адрабіць."],"many":["Выдаліць кантакты: ",{"t":"idOrVar","v":"n"},"? Гэта немагчыма адрабіць."],"one":"Выдаліць 1 кантакт? Гэта немагчыма адрабіць.","other":["Выдаліць кантакты: ",{"t":"idOrVar","v":"n"},"? Гэта немагчыма адрабіць."],"two":["Выдаліць кантакты: ",{"t":"idOrVar","v":"n"},"? Гэта немагчыма адрабіць."],"zero":"Няма кантактаў для выдалення"},"$x":[{"t":"idOrVar","v":"plural"},"n"]},{"$i":"contact-deleted","$v":{"zero":"Кантакт не выдалены","one":"1 кантакт выдалены","few":["Выдалена кантактаў: ",{"t":"idOrVar","v":"n"},"."],"many":["Выдалена кантактаў: ",{"t":"idOrVar","v":"n"},"."],"other":["Выдалена кантактаў: ",{"t":"idOrVar","v":"n"},"."],"two":["Выдалена кантактаў: ",{"t":"idOrVar","v":"n"},"."]},"$x":[{"t":"idOrVar","v":"plural"},"n"]},{"$i":"a-contact-deleted","$v":"Кантакт выдалены."},{"$i":"settings-title","$v":"Настройкі кантакту"},{"$i":"change-will-update-until-restart","$v":"Змены будуць абноўлены пры наступным запуску кантактаў."},{"$i":"transfer-contacts","$v":"Перадаць кантакты"},{"$i":"service-number","$v":"Сервісныя нумары"},{"$i":"no-contacts-found","$v":"Супадзенні не знойдзены."},{"$i":"search","$v":"Пошук кантактаў","placeholder":"Пошук кантактаў"},{"$i":"search-option","$v":"Пошук"},{"$i":"accounts","$v":"Уліковыя запісы"},{"$i":"account","$v":"Ул. запіс"},{"$i":"add-account","$v":"Дадаць уліковы запіс"},{"$i":"add-account-failed","$v":"Адбылася невядомая памылка, паўтарыце спробу пазней."},{"$i":"duplicate-account-warn","$v":"Уліковы запіс ужо існуе. Сінхранізацыя ўключана."},{"$i":"setting-up-account","$v":"Наладжванне ўліковага запісу"},{"$i":"no-network-warn","$v":"Няма падключэння да інтэрнэту"},{"$i":"username","$v":"Імя карыстальніка"},{"$i":"password","$v":"Пароль"},{"$i":"delete-account","$v":"Выдаліць уліковы запіс"},{"$i":"delete-account-long","$v":"Выдаліць уліковы запіс"},{"$i":"delete-account-warn","$v":"Выдаленне гэтага ўліковага запісу паўплывае таксама на праграмы, якія яго выкарыстоўваюць."},{"$i":"deleting-account","$v":"Выдаленне ўліковага запісу ..."},{"$i":"delete-account-failed","$v":"Памылка выдалення ўліковага запісу, паўтарыце спробу пазней."},{"$i":"delete-account-ok","$v":"Акаўнт выдалены."},{"$i":"sync","$v":"Сінхранізацыя"},{"$i":"sync-title","$v":"Сінхранізацыя кантактаў"},{"$i":"sync-failed-warn","$v":"Не атрымалася сінхранізаваць."},{"$i":"sync-off-warn","$v":"Сінхранізацыя адключана ў наладах."},{"$i":"show-account-contacts","$v":"Паказаць кантакты рахункаў"},{"$i":"sync-account-contacts","$v":"сінхранізаваць кантакты ўліковага запісу"},{"$i":"sync-account-contacts-warning","$v":["Рэдагаванне ўліковага запісу кантакту не будзе сінхранізавацца з воблакам, калі не пазначаны «",{"t":"idOrVar","v":"switch"},"», хочаце зняць з яго пазнаку?"]},{"$i":"yes","$v":"Так"},{"$i":"all-contacts-synced","$v":"Усе кантакты сінхранізуюцца."},{"$i":"contact-syncing","$v":"Сінхранізацыя кантактаў ..."},{"$i":"contacts-sync-limit-exceed","$v":"Сінхранізацыя кантактаў не завершана, бо перавышаны ліміт кантактаў."},{"$i":"show-password","$v":"Паказаць пароль"},{"$i":"password-incorrect","$v":"Няправільны пароль."},{"$i":"re-enter-password","$v":"Увядзіце пароль паўторна"},{"$i":"accessing-warn","$v":"Была праблема з доступам у ваш уліковы запіс."},{"$i":"accessing-warn-password","$v":"Увядзіце пароль паўторна."},{"$i":"re-enter-password-on-setting","$v":"Калі ласка, увядзіце пароль зноў у наладах Кантакты."},{"$i":"accessing-warn-relogin","$v":"Выдаліце ўліковы запіс і ўвайдзіце зноў."},{"$i":"update-password-failed","$v":"Памылка абнаўлення пароля, паўтарыце спробу пазней."},{"$i":"connect-time-out","$v":["Не ўдаецца ўсталяваць сувязь з серверам «",{"t":"idOrVar","v":"server"},"». Магчыма, праблема ў сетцы."]},{"$i":"server-error","$v":"Сервер недаступны. Паўтарыце спробу пазней."},{"$i":"loading","$v":"Загружаецца..."},{"$i":"ellipsis","$v":"..."},{"$i":"stop-syncing-warn-title","$v":"Сінхранізацыя кантактаў"},{"$i":"stop-syncing-warn","$v":"Закрыццё прыкладання спыніць працэс сінхранізацыі кантактаў. Вы ўсё яшчэ хочаце закрыць яго?"},{"$i":"weekday-0-long","$v":"Нядзеля"},{"$i":"weekday-1-long","$v":"Панядзелак"},{"$i":"weekday-2-long","$v":"Аўторак"},{"$i":"weekday-3-long","$v":"Серада"},{"$i":"weekday-4-long","$v":"Чацвер"},{"$i":"weekday-5-long","$v":"Пятніца"},{"$i":"weekday-6-long","$v":"Субота"},{"$i":"weekday-0-short","$v":"Нядз"},{"$i":"weekday-1-short","$v":"Пан"},{"$i":"weekday-2-short","$v":"Аўт"},{"$i":"weekday-3-short","$v":"Сер"},{"$i":"weekday-4-short","$v":"Чацв"},{"$i":"weekday-5-short","$v":"Пят"},{"$i":"weekday-6-short","$v":"Суб"},{"$i":"month-0-long","$v":"Студзень"},{"$i":"month-1-long","$v":"Люты"},{"$i":"month-2-long","$v":"Сакавік"},{"$i":"month-3-long","$v":"Красавік"},{"$i":"month-4-long","$v":"Май"},{"$i":"month-5-long","$v":"Чэрвень"},{"$i":"month-6-long","$v":"Ліпень"},{"$i":"month-7-long","$v":"Жнівень"},{"$i":"month-8-long","$v":"Верасень"},{"$i":"month-9-long","$v":"Кастрычнік"},{"$i":"month-10-long","$v":"Лістапад"},{"$i":"month-11-long","$v":"Снежань"},{"$i":"month-0-genitive","$v":"Студзень"},{"$i":"month-1-genitive","$v":"Люты"},{"$i":"month-2-genitive","$v":"Сакавік"},{"$i":"month-3-genitive","$v":"Красавік"},{"$i":"month-4-genitive","$v":"Май"},{"$i":"month-5-genitive","$v":"Чэрвень"},{"$i":"month-6-genitive","$v":"Ліпень"},{"$i":"month-7-genitive","$v":"Жнівень"},{"$i":"month-8-genitive","$v":"Верасень"},{"$i":"month-9-genitive","$v":"Кастрычнік"},{"$i":"month-10-genitive","$v":"Лістапад"},{"$i":"month-11-genitive","$v":"Снежань"},{"$i":"month-0-short","$v":"Сту"},{"$i":"month-1-short","$v":"Лют"},{"$i":"month-2-short","$v":"Сак"},{"$i":"month-3-short","$v":"Кра"},{"$i":"month-4-short","$v":"Май"},{"$i":"month-5-short","$v":"Чэр"},{"$i":"month-6-short","$v":"Ліп"},{"$i":"month-7-short","$v":"Жні"},{"$i":"month-8-short","$v":"Вер"},{"$i":"month-9-short","$v":"Кас"},{"$i":"month-10-short","$v":"Ліс"},{"$i":"month-11-short","$v":"Снж"},{"$i":"minutes-ago-long","$v":{"few":["Хвілін таму: ",{"t":"idOrVar","v":"value"}],"many":["Хвілін таму: ",{"t":"idOrVar","v":"value"}],"other":["Хвілін таму: ",{"t":"idOrVar","v":"value"}],"two":["Хвілін таму: ",{"t":"idOrVar","v":"value"}],"one":"хвіліну таму","zero":"толькі цяпер"},"$x":[{"t":"idOrVar","v":"plural"},"n"]},{"$i":"hours-ago-long","$v":{"few":["Гадзін таму: ",{"t":"idOrVar","v":"value"}],"many":["Гадзін таму: ",{"t":"idOrVar","v":"value"}],"other":["Гадзін таму: ",{"t":"idOrVar","v":"value"}],"two":["Гадзін таму: ",{"t":"idOrVar","v":"value"}],"one":"1 час назад","zero":"толькі цяпер"},"$x":[{"t":"idOrVar","v":"plural"},"n"]},{"$i":"days-ago-long","$v":{"few":["Дзён таму: ",{"t":"idOrVar","v":"value"}],"many":["Дзён таму: ",{"t":"idOrVar","v":"value"}],"one":"учора","other":["Дзён таму: ",{"t":"idOrVar","v":"value"}],"two":["Дзён таму: ",{"t":"idOrVar","v":"value"}],"zero":"сёння"},"$x":[{"t":"idOrVar","v":"plural"},"n"]},{"$i":"weeks-ago-long","$v":{"few":["Тыдняў таму: ",{"t":"idOrVar","v":"value"}],"many":["Тыдняў таму: ",{"t":"idOrVar","v":"value"}],"one":"на мінулым тыдні","other":["Тыдняў таму: ",{"t":"idOrVar","v":"value"}],"two":["Тыдняў таму: ",{"t":"idOrVar","v":"value"}],"zero":"на гэтым тыдні"},"$x":[{"t":"idOrVar","v":"plural"},"n"]},{"$i":"months-ago-long","$v":{"few":["Месяцаў таму: ",{"t":"idOrVar","v":"value"}],"many":["Месяцаў таму: ",{"t":"idOrVar","v":"value"}],"one":"у мінулым месяцы","other":["Месяцаў таму: ",{"t":"idOrVar","v":"value"}],"two":["Месяцаў таму: ",{"t":"idOrVar","v":"value"}],"zero":"у гэтым месяцы"},"$x":[{"t":"idOrVar","v":"plural"},"n"]},{"$i":"years-ago-long","$v":{"few":["Гадоў таму: ",{"t":"idOrVar","v":"value"}],"many":["Гадоў таму: ",{"t":"idOrVar","v":"value"}],"one":"у мінулым годзе","other":["Гадоў таму: ",{"t":"idOrVar","v":"value"}],"two":["Гадоў таму: ",{"t":"idOrVar","v":"value"}],"zero":"у гэтым годзе"},"$x":[{"t":"idOrVar","v":"plural"},"n"]},{"$i":"minutes-until-long","$v":{"few":["праз ",{"t":"idOrVar","v":"value"}," хвілін(-ы)"],"many":["праз ",{"t":"idOrVar","v":"value"}," хвілін(-ы)"],"other":["праз ",{"t":"idOrVar","v":"value"}," хвілін(-ы)"],"two":["праз ",{"t":"idOrVar","v":"value"}," хвілін(-ы)"],"zero":"цяпер","one":"праз 1 хвіліну"},"$x":[{"t":"idOrVar","v":"plural"},"n"]},{"$i":"hours-until-long","$v":{"few":["праз ",{"t":"idOrVar","v":"value"}," гадзін(-ы)"],"many":["праз ",{"t":"idOrVar","v":"value"}," гадзін(-ы)"],"other":["праз ",{"t":"idOrVar","v":"value"}," гадзін(-ы)"],"two":["праз ",{"t":"idOrVar","v":"value"}," гадзін(-ы)"],"zero":"цяпер","one":"праз 1 гадзіну"},"$x":[{"t":"idOrVar","v":"plural"},"n"]},{"$i":"days-until-long","$v":{"few":["праз ",{"t":"idOrVar","v":"value"}," дні(дзён)"],"many":["праз ",{"t":"idOrVar","v":"value"}," дні(дзён)"],"one":"заўтра","other":["праз ",{"t":"idOrVar","v":"value"}," дні(дзён)"],"two":["праз ",{"t":"idOrVar","v":"value"}," дні(дзён)"],"zero":"сёння"},"$x":[{"t":"idOrVar","v":"plural"},"n"]},{"$i":"weeks-until-long","$v":{"few":["праз ",{"t":"idOrVar","v":"value"}," тыдні(-яў)"],"many":["праз ",{"t":"idOrVar","v":"value"}," тыдні(-яў)"],"one":"на наступным тыдні","other":["праз ",{"t":"idOrVar","v":"value"}," тыдні(-яў)"],"two":["праз ",{"t":"idOrVar","v":"value"}," тыдні(-яў)"],"zero":"на гэтым тыдні"},"$x":[{"t":"idOrVar","v":"plural"},"n"]},{"$i":"months-until-long","$v":{"few":["праз ",{"t":"idOrVar","v":"value"}," месяц(-аў)"],"many":["праз ",{"t":"idOrVar","v":"value"}," месяц(-аў)"],"one":"у наступным месяцы","other":["праз ",{"t":"idOrVar","v":"value"}," месяц(-аў)"],"two":["праз ",{"t":"idOrVar","v":"value"}," месяц(-аў)"],"zero":"у гэтым месяцы"},"$x":[{"t":"idOrVar","v":"plural"},"n"]},{"$i":"years-until-long","$v":{"few":["праз ",{"t":"idOrVar","v":"value"}," гады (год)"],"many":["праз ",{"t":"idOrVar","v":"value"}," гады (год)"],"one":"у наступным годзе","other":["праз ",{"t":"idOrVar","v":"value"}," гады (год)"],"two":["праз ",{"t":"idOrVar","v":"value"}," гады (год)"],"zero":"у гэтым годзе"},"$x":[{"t":"idOrVar","v":"plural"},"n"]},{"$i":"minutes-ago-short","$v":{"other":[{"t":"idOrVar","v":"value"},"хв таму"],"zero":"толькі цяпер"},"$x":[{"t":"idOrVar","v":"plural"},"n"]},{"$i":"hours-ago-short","$v":{"other":[{"t":"idOrVar","v":"value"},"гадз таму"],"zero":"толькі цяпер"},"$x":[{"t":"idOrVar","v":"plural"},"n"]},{"$i":"days-ago-short","$v":{"other":[{"t":"idOrVar","v":"value"},"д таму"],"zero":"сёння"},"$x":[{"t":"idOrVar","v":"plural"},"n"]},{"$i":"minutes-until-short","$v":{"other":["праз ",{"t":"idOrVar","v":"value"},"хв"],"zero":"цяпер"},"$x":[{"t":"idOrVar","v":"plural"},"n"]},{"$i":"hours-until-short","$v":{"other":["праз ",{"t":"idOrVar","v":"value"},"гадз"],"zero":"цяпер"},"$x":[{"t":"idOrVar","v":"plural"},"n"]},{"$i":"days-until-short","$v":{"other":["праз ",{"t":"idOrVar","v":"value"},"д"],"zero":"сёння"},"$x":[{"t":"idOrVar","v":"plural"},"n"]},{"$i":"incorrectDate","$v":"(няправільная дата)"},{"$i":"dateTimeFormat_%c","$v":"%a %b %e %Y %I:%M:%S %p"},{"$i":"dateTimeFormat_%x","$v":"%m/%d/%Y"},{"$i":"dateTimeFormat_%X","$v":"%I:%M:%S %p"},{"$i":"shortTimeFormat","$v":"%I:%M %p"},{"$i":"shortTimeFormat12","$v":"%I:%M %p"},{"$i":"shortTimeFormat24","$v":"%H:%M"},{"$i":"shortDateTimeFormat","$v":"%x %I:%M %p"},{"$i":"weekStartsOnMonday","$v":"0.0"},{"$i":"firstDayOfTheWeek","$v":"1.0"},{"$i":"time_am","$v":"Ран."},{"$i":"time_pm","$v":"PM"},{"$i":"sim-with-index-and-carrier","$v":["SIM ",{"t":"idOrVar","v":"index"}," - ",{"t":"idOrVar","v":"carrier"}]},{"$i":"sim-without-carrier","$v":["SIM ",{"t":"idOrVar","v":"index"}]}]