[{"$i":"contacts","$v":"Контакти"},{"$i":"view","$v":"Преглед"},{"$i":"no-contacts","$v":"Няма контакти."},{"$i":"reading-contacts","$v":"Зареждане на контакти"},{"$i":"start-adding","$v":"Натиснете Ново или отидете на Настройки, за да добавите контакти."},{"$i":"no-contact-available","$v":"Няма наличен контакт"},{"$i":"requested-contact-not-available","$v":"Исканата информация не е налична за съществуващи контакти."},{"$i":"cannot-add-as-empty","$v":"Не може да се добави към контакта, защото списъкът с контакти е празен"},{"$i":"ok","$v":"ОК"},{"$i":"no-phone-number-to-dial","$v":"Няма тел. номер за набиране"},{"$i":"video-call","$v":"Видеоразговор"},{"$i":"rtt-call","$v":"RTT повикване"},{"$i":"select-a-contact","$v":"Изберете контакт"},{"$i":"multi-pick-max-warn","$v":["Максимално избраният брой е ",{"t":"idOrVar","v":"n"}]},{"$i":"add-contact-failed","$v":"Неуспешно добавяне на контакта"},{"$i":"no-sim-card-available","$v":"Няма налична SIM карта"},{"$i":"email-cannot-add-to-sim","$v":"Текущият избор на памет не се поддържа по електронната поща."},{"$i":"add-info-failed","$v":"Добавяне на информация не бе успешно"},{"$i":"no-contact-to-add","$v":"Няма наличен контакт за добавяне."},{"$i":"move","$v":"Преместване"},{"$i":"copy","$v":"Копиране"},{"$i":"copy-contacts","$v":"Копир. контакти"},{"$i":"move-contacts","$v":"Преместване контакти"},{"$i":"phone-memory","$v":"Памет на тел."},{"$i":"sim-memory","$v":"SIM памет"},{"$i":"sim-0-memory","$v":"SIM 1 памет"},{"$i":"sim-1-memory","$v":"SIM 2 памет"},{"$i":"move-from","$v":"Преместване от"},{"$i":"copy-from","$v":"Копиране от"},{"$i":"to","$v":"До"},{"$i":"move-contacts-progressing","$v":"Преместване контакти…"},{"$i":"copy-contacts-progressing","$v":"Копир. контакти…"},{"$i":"contact-move-to-sim","$v":{"few":[{"t":"idOrVar","v":"migrated"}," контакта са преместени на SIM."],"many":[{"t":"idOrVar","v":"migrated"}," контакта са преместени на SIM."],"one":"1 контакт е преместен на SIM.","other":[{"t":"idOrVar","v":"migrated"}," контакта са преместени на SIM."],"two":[{"t":"idOrVar","v":"migrated"}," контакта са преместени на SIM."],"zero":"Няма контакти, преместени на SIM."},"$x":[{"t":"idOrVar","v":"plural"},"migrated"]},{"$i":"contact-copy-to-sim","$v":{"few":[{"t":"idOrVar","v":"migrated"}," контакта са копирани на SIM."],"many":[{"t":"idOrVar","v":"migrated"}," контакта са копирани на SIM."],"one":"1 контакт е копиран на SIM.","other":[{"t":"idOrVar","v":"migrated"}," контакта са копирани на SIM."],"two":[{"t":"idOrVar","v":"migrated"}," контакта са копирани на SIM."],"zero":"Няма контакти, копирани на SIM."},"$x":[{"t":"idOrVar","v":"plural"},"migrated"]},{"$i":"contact-move-to-sim0","$v":{"few":[{"t":"idOrVar","v":"migrated"}," контакта са преместени на SIM 1."],"many":[{"t":"idOrVar","v":"migrated"}," контакта са преместени на SIM 1."],"one":"1 контакт е преместени на SIM 1.","other":[{"t":"idOrVar","v":"migrated"}," контакта са преместени на SIM 1."],"two":[{"t":"idOrVar","v":"migrated"}," контакта са преместени на SIM 1."],"zero":"Няма контакти, преместени на SIM 1."},"$x":[{"t":"idOrVar","v":"plural"},"migrated"]},{"$i":"contact-copy-to-sim0","$v":{"few":[{"t":"idOrVar","v":"migrated"}," контакта са копирани на SIM 1."],"many":[{"t":"idOrVar","v":"migrated"}," контакта са копирани на SIM 1."],"one":"1 контакт е копиран на SIM 1.","other":[{"t":"idOrVar","v":"migrated"}," контакта са копирани на SIM 1."],"two":[{"t":"idOrVar","v":"migrated"}," контакта са копирани на SIM 1."],"zero":"Няма контакти, копирани на SIM 1."},"$x":[{"t":"idOrVar","v":"plural"},"migrated"]},{"$i":"contact-move-to-sim1","$v":{"few":[{"t":"idOrVar","v":"migrated"}," контакта са преместени на SIM 2."],"many":[{"t":"idOrVar","v":"migrated"}," контакта са преместени на SIM 2."],"one":"1 контакт е преместени на SIM 2.","other":[{"t":"idOrVar","v":"migrated"}," контакта са преместени на SIM 2."],"two":[{"t":"idOrVar","v":"migrated"}," контакта са преместени на SIM 2."],"zero":"Няма контакти, преместени на SIM 2."},"$x":[{"t":"idOrVar","v":"plural"},"migrated"]},{"$i":"contact-copy-to-sim1","$v":{"few":[{"t":"idOrVar","v":"migrated"}," контакта са копирани на SIM 2."],"many":[{"t":"idOrVar","v":"migrated"}," контакта са копирани на SIM 2."],"one":"1 контакт е копиран на SIM 2.","other":[{"t":"idOrVar","v":"migrated"}," контакта са копирани на SIM 2."],"two":[{"t":"idOrVar","v":"migrated"}," контакта са копирани на SIM 2."],"zero":"Няма контакти, копирани на SIM 2."},"$x":[{"t":"idOrVar","v":"plural"},"migrated"]},{"$i":"contact-move-to-device","$v":{"one":"1 контакт е преместен на телефон.","zero":"Няма контакт преместен на телефон.","few":[{"t":"idOrVar","v":"migrated"}," контакта са преместени на тел."],"many":[{"t":"idOrVar","v":"migrated"}," контакта са преместени на тел."],"other":[{"t":"idOrVar","v":"migrated"}," контакта са преместени на тел."],"two":[{"t":"idOrVar","v":"migrated"}," контакта са преместени на тел."]},"$x":[{"t":"idOrVar","v":"plural"},"migrated"]},{"$i":"contact-copy-to-device","$v":{"one":"1 контакт е копиран на телефон.","zero":"Няма контакт, копиран на телефона.","few":[{"t":"idOrVar","v":"migrated"}," контакта са копирани на тел."],"many":[{"t":"idOrVar","v":"migrated"}," контакта са копирани на тел."],"other":[{"t":"idOrVar","v":"migrated"}," контакта са копирани на тел."],"two":[{"t":"idOrVar","v":"migrated"}," контакта са копирани на тел."]},"$x":[{"t":"idOrVar","v":"plural"},"migrated"]},{"$i":"copy-contact-failed","$v":"Копирането на контакти не бе успешно"},{"$i":"move-contact-failed","$v":"Преместването на контактите не бе успешно"},{"$i":"contact-copy-error-sim-full","$v":"Копирането на контактите не е завършено поради SIM картата е пълно."},{"$i":"contact-copy-error-unknown","$v":"Копирането на контактите не е завършено поради грешка."},{"$i":"contact-copy-error-limit-exceeded","$v":"Копир. на контакти не е завършено заради прев. лимит на контакти в тел."},{"$i":"contact-move-error-sim-full","$v":"Преместването на контактите не е завършено поради SIM картата е пълна."},{"$i":"contact-move-error-unknown","$v":"Преместването на контактите не е завършено поради грешка."},{"$i":"contact-move-error-limit-exceeded","$v":"Прем. на контакти не е завършено заради прев. лимит на контакти в тел."},{"$i":"contact-save-error-unknown","$v":"Запазването на контакта не е завършено поради грешка."},{"$i":"memory","$v":"Памет"},{"$i":"phone-and-sim","$v":"Телефон и СИМ"},{"$i":"phone","$v":"Телефон"},{"$i":"sim","$v":"SIM"},{"$i":"reloading-contact","$v":"Презар. на контакти..."},{"$i":"contact-reloaded","$v":"Контактите са презаредени"},{"$i":"message","$v":"Съобщение"},{"$i":"changes-saved","$v":"Промените са записани."},{"$i":"already-ice-contact","$v":"Избраният контакт вече е зададен на ICE."},{"$i":"phone-contacts-limit-exceeded","$v":"Надхвър. е лим. на контакти в тел."},{"$i":"sim-contacts-limit-exceeded","$v":"Надхв. е лим.на контакти в SIM."},{"$i":"more-info","$v":"Още"},{"$i":"callAirplaneModeTitle","$v":"Режимът за самолет е акт."},{"$i":"callAirplaneModeMessage","$v":"За да се обадите, трябва да дезактивирате режима за самолет в настройките."},{"$i":"emergencyDialogTitle","$v":"Няма връзка с мрежа"},{"$i":"emergencyDialogBodyBadNumber","$v":"За да се обадите, телефонът трябва да е свързан с мрежа."},{"$i":"emergencyDialogBodyDeviceNotAccepted","$v":"Спешните повиквания не са разрешени от мрежата."},{"$i":"invalidNumberToDialTitle","$v":"Невалиден тел. номер"},{"$i":"invalidNumberToDialMessage","$v":"Телефонният номер, който набирате, не е валиден."},{"$i":"invalidNumberToSendTitle","$v":"Невалиден тел. номер"},{"$i":"invalidNumberToSendMessage","$v":"Телефонният номер, на който изпращате съобщение, е невалиден."},{"$i":"emergency-call-only","$v":"Само спешни повиквания"},{"$i":"emergency-call-error","$v":[{"t":"idOrVar","v":"number"}," не е спешен номер."]},{"$i":"numberIsBusyTitle","$v":"Номерът е зает"},{"$i":"numberIsBusyMessage","$v":"Номерът в момента е зает. Опитайте отново по-късно."},{"$i":"fdnIsActiveTitle","$v":"Активни FDN"},{"$i":"fdnIsActiveMessage","$v":["FDN (фиксирани номера за набиране) се активират и следният номер не е в списъка ви с FDN: ",{"t":"idOrVar","v":"number"}]},{"$i":"otherConnectionInUseTitle","$v":"Изп. друга връзка"},{"$i":"otherConnectionInUseMessage","$v":"Имате активно повикване на друга връзка. По едно и също време можете да използвате само една връзка."},{"$i":"GenericFailure","$v":"Общ неуспех"},{"$i":"CallFailed","$v":"Неусп. обаждане"},{"$i":"scCallBarring","$v":"Блокиране повикв."},{"$i":"scCallForwarding","$v":"Прехвърл. на повикв."},{"$i":"scClip","$v":"Вход. ИД на повикващ"},{"$i":"scClir","$v":"Изход. ИД на повикващ"},{"$i":"scPwd","$v":"Промяна на парола"},{"$i":"scCallWaiting","$v":"Изчакване"},{"$i":"scPin","$v":"Промяна на PIN"},{"$i":"scPin2","$v":"Промяна на PIN2"},{"$i":"scPuk","$v":"Отблокиране на PIN"},{"$i":"scPuk2","$v":"Отблокиране на PIN2"},{"$i":"scImei","$v":"IMEI"},{"$i":"scMeid","$v":"MEID"},{"$i":"scUssd","$v":"USSD"},{"$i":"set-speed-dial","$v":"Задаване на контакти за бързо набиране"},{"$i":"empty","$v":"Празен"},{"$i":"voicemail","$v":"Гласова поща"},{"$i":"speed-dial","$v":"Бързо набиране"},{"$i":"add","$v":"Добавяне"},{"$i":"replace","$v":"Замяна"},{"$i":"remove-from-speed-dial","$v":"Премах. от бързо набиране"},{"$i":"custom-dialog-replace-speed-dial","$v":["Наистина ли искате да замените бързото набиране ",{"t":"idOrVar","v":"oldSpeedDial"}," с ",{"t":"idOrVar","v":"newSpeedDial"},"?"]},{"$i":"custom-dialog-remove-speed-dial","$v":["Наистина ли искате да премахнете ",{"t":"idOrVar","v":"name"}," от бързото набиране?"]},{"$i":"speed-dial-added","$v":"Номерът е добавен в бързо наб."},{"$i":"speed-dial-removed","$v":"Номерът е премахнат от бързо наб."},{"$i":"speed-dial-replaced","$v":"Номерът от бързо наб. е актуализ."},{"$i":"voice-mail","$v":"Гласова поща"},{"$i":"voice-mail-number","$v":["Номер на глас. поща – SIM ",{"t":"idOrVar","v":"n"}]},{"$i":"voice-mail-number-single","$v":"Номер на гласовата поща"},{"$i":"voice-mail-number-updated","$v":"Номерът на гласовата поща е актуализиран"},{"$i":"found-duplicates-message","$v":"В долуизброените контакти е намерена дублирана информация. Искате ли да ги слеете?"},{"$i":"confirm-to-merge-contacts","$v":["Наистина ли искате да слеете ",{"t":"idOrVar","v":"n"}," контакта с ",{"t":"idOrVar","v":"name"},"?"]},{"$i":"contact-merged","$v":"Контактът е слят"},{"$i":"find-duplicate-contacts","$v":"Откриване на дублирани контакти"},{"$i":"no-duplicate-contact-found","$v":"Няма намерени дублирани контакти"},{"$i":"merge","$v":"Сливане"},{"$i":"find-dup","$v":"Откриване на дублирани контакти"},{"$i":"find-dup-title","$v":"Откриване на дублирани контакти"},{"$i":"finding-dup-message","$v":"Търсене на дублирани контакти..."},{"$i":"dup-found-title","$v":"Открити дубликати"},{"$i":"dup-found-message","$v":"Открита е дублирана информация в следните контакти. Искате ли да ги обедините?"},{"$i":"no-dup-found","$v":"Не са открити дубликати"},{"$i":"merge-conflict-warn","$v":["Следната информация ще бъде заменена от „",{"t":"idOrVar","v":"name"},"“:"]},{"$i":"merge-conflict-confirm","$v":"Наистина ли искате да обедините контактите?"},{"$i":"add-favorite","$v":"Добавяне в предп."},{"$i":"remove-favorite","$v":"Прем. от предпоч."},{"$i":"favorite-contacts","$v":"Предпочитани"},{"$i":"add-block","$v":"Блокиране на този номер"},{"$i":"remove-block","$v":"Отмяна на блокиране на този номер"},{"$i":"add-block-email","$v":"Блокиране на този имейл"},{"$i":"remove-block-email","$v":"Отблокирайте този имейл"},{"$i":"add-block-contact-warning","$v":"Няма да получавате телефонни повиквания и съобщения от лица от списъка с блокирани."},{"$i":"add-block-email-warning","$v":"Няма да получавате съобщения от този имейл адрес."},{"$i":"block","$v":"Блокиране"},{"$i":"unblock","$v":"Отблокиране"},{"$i":"block-contacts","$v":"Блокиране на контакти"},{"$i":"add-block-header","$v":"Добавяне на номер за блокиране"},{"$i":"remove-block-alert","$v":"Премахнат от блокираните контакти."},{"$i":"duplicate-block-number","$v":"Не може да добави дубл. номер."},{"$i":"sort-contacts","$v":"Сортиране на контакти"},{"$i":"sort-by-first-name","$v":"Сортиране по собст. име"},{"$i":"sort-by-last-name","$v":"Сортиране по фамилия"},{"$i":"no-support-open-multi-vcard","$v":"Не може да се отвори vCard с множество контакти"},{"$i":"import","$v":"импортиране"},{"$i":"sdcard","$v":"Карта с памет"},{"$i":"simcard","$v":"SIM карта"},{"$i":"import-contacts","$v":"Импортиране на контакти"},{"$i":"simContacts-error","$v":"Контактите не можаха да се импортират от SIM"},{"$i":"memoryCardContacts-error","$v":"Контактите не можаха да се импортират от картата с памет"},{"$i":"novCardFiles","$v":"В картата с памет няма наличен файл с контакти."},{"$i":"fullDiskSpace-error","$v":"Паметта е пълна, неуспешно импортиране на контакти."},{"$i":"socialServiceContacts-error","$v":["Не мога да импорт. контакти от ",{"t":"idOrVar","v":"service"},"."]},{"$i":"socialServiceContacts-noNetwork","$v":["Няма интернет връзка, не мога да импорт. контакти от ",{"t":"idOrVar","v":"service"},"."]},{"$i":"simContacts-reading","$v":"Проч. конт. SIM карта..."},{"$i":"memoryCardContacts-reading","$v":"Прочитане на контакти от карта с памет..."},{"$i":"importContactsTitle","$v":"Импортиране на контакти"},{"$i":"retry","$v":"Повт. опит"},{"$i":"noSimMsg","$v":"За да импортирате контакти, поставете или отключете SIM картата си"},{"$i":"noSdcardMsg","$v":"За да импортирате контакти, поставете карта с памет"},{"$i":"not-imported","$v":"Не е импорт."},{"$i":"imported","$v":"Импортирани"},{"$i":"importing","$v":"Импортиране"},{"$i":"contact-imported","$v":[{"t":"idOrVar","v":"imported"}," контакта са импортирани. ",{"t":"idOrVar","v":"dupes"}," са слети."]},{"$i":"contact-imported2","$v":{"one":"1 контакт е импортиран.","zero":"Няма импортиран контакт.","few":[{"t":"idOrVar","v":"imported"}," контакта са импорт."],"many":[{"t":"idOrVar","v":"imported"}," контакта са импорт."],"other":[{"t":"idOrVar","v":"imported"}," контакта са импорт."],"two":[{"t":"idOrVar","v":"imported"}," контакта са импорт."]},"$x":[{"t":"idOrVar","v":"plural"},"imported"]},{"$i":"reading-contacts-from-sim","$v":"Проч. на контакт/и от SIM карта..."},{"$i":"reading-contacts-from-gmail","$v":"Проч. на контакт/и от Gmail..."},{"$i":"reading-contacts-from-live","$v":"Проч. на контакт/и от Outlook..."},{"$i":"reading-contacts-from-sd","$v":"Проч. на контакт/и от карта с памет..."},{"$i":"reading-contacts-from-vcard","$v":"Проч. на контакт/и от файл..."},{"$i":"importing-contacts-from-sim","$v":"Имп. на контакт/и от SIM карта..."},{"$i":"importing-contacts-from-gmail","$v":"Имп. на контакт/и от Gmail..."},{"$i":"importing-contacts-from-live","$v":"Имп. на контакт/и от Outlook..."},{"$i":"importing-contacts-from-sd","$v":"Имп. на контакт/и от карта с памет..."},{"$i":"importing-contacts-from-vcard","$v":"Имп. на контакт/и от файл..."},{"$i":"connect-network-to-import","$v":"За да импортирате контакти, се свържете с WiFi или мрежа за данни"},{"$i":"importing-confirm","$v":["Импортиране на ",{"t":"idOrVar","v":"n"}," контакт(а) от файл „",{"t":"idOrVar","v":"fileName"},"“?"]},{"$i":"importing-cancel-confirm","$v":"0.0"},{"$i":"import-contact-failed","$v":"Импортирането на контакти не бе успешно"},{"$i":"phone-storage-full","$v":"Паметта на телефона е пълна."},{"$i":"import-contact-storage-full","$v":"Контактите не могат да се импортират. Изтрийте данни на приложение, за да освободите място."},{"$i":"contact-import-error-disk-full","$v":"Имп. на контакти не е зав. заради пълна памет. Изтрийте данни на прил., за да осв. място."},{"$i":"contact-import-error-sim-full","$v":"Импортирането на контактите не е завършено, тъй като SIM картата е пълна."},{"$i":"contact-import-error-unknown","$v":"Импортирането на контакти е непълно поради грешка."},{"$i":"import-contacts-canceled","$v":"0.0"},{"$i":"close","$v":"Затваряне"},{"$i":"import-process-cancel","$v":"Процесът на импортиране е анулиран."},{"$i":"import-limit-header","$v":"Превишено е ограничението за размер на файла"},{"$i":"inner-import-limit-content","$v":"Всеки размер на контактите над 10 MB не е импортиран."},{"$i":"activity-import-limit-contact","$v":"Импортирането на контактите не бе надхвърлено поради ограничението за размер на файла."},{"$i":"activity-import-limit-additional","$v":"(Размерът на файла трябва да бъде по-малък от 10MB.)"},{"$i":"bluetooth","$v":"Bluetooth"},{"$i":"export","$v":"Експортиране"},{"$i":"export-contacts","$v":"Експортиране на контакти"},{"$i":"simExport-title","$v":"Експортиране към SIM"},{"$i":"memoryCardExport-title","$v":"Експортиране в карта с памет ..."},{"$i":"btExport-title","$v":"Експортиране към Bluetooth"},{"$i":"noSimMsgExport","$v":"За да експортирате контакти, поставете или отключете SIM картата си"},{"$i":"noSdcardExport","$v":"За да експортирате контакти, поставете карта с памет"},{"$i":"bluetoothNoConnection","$v":"За да експортирате контакти, свържете устройство с Bluetooth."},{"$i":"contact-exported","$v":[{"t":"idOrVar","v":"exported"}," контакта са експорт."]},{"$i":"contact-exported2","$v":{"zero":"Няма изнесен контакт.","one":"1 контакт е изнесен.","few":[{"t":"idOrVar","v":"exported"}," контакта са експорт."],"many":[{"t":"idOrVar","v":"exported"}," контакта са експорт."],"other":[{"t":"idOrVar","v":"exported"}," контакта са експорт."],"two":[{"t":"idOrVar","v":"exported"}," контакта са експорт."]},"$x":[{"t":"idOrVar","v":"plural"},"exported"]},{"$i":"export-contact-failed","$v":"Неуспешно експ. на контакта"},{"$i":"contact-export-error-sim-full","$v":"Експортирането на контактите не е завършено, защото SIM картата е пълна."},{"$i":"contact-export-error-sd-full","$v":"Експортирането на контакти, които не са завършени поради картата с памет, е пълно."},{"$i":"contact-export-error-unknown","$v":"Експортирането на контакти не е завършено поради грешка."},{"$i":"contact-export-canceled","$v":"Процесът по експортиране е отказан."},{"$i":"save","$v":"Запис"},{"$i":"back","$v":"Назад"},{"$i":"givenName","$v":"Собствено име"},{"$i":"familyName","$v":"Фамилно име"},{"$i":"name","$v":"Име"},{"$i":"org","$v":"Компания"},{"$i":"ringtone","$v":"Тон на звънене"},{"$i":"note","$v":"Бележка"},{"$i":"photo","$v":"снимка"},{"$i":"email","$v":"Имейл"},{"$i":"adr","$v":"Адрес"},{"$i":"custom","$v":"Персон."},{"$i":"confirm-discard-contact-data","$v":"Информацията за контакта е отхвърлена. Искате ли да запишете контакта?"},{"$i":"confirm-discard-contact-update-data","$v":"Промените ще бъдат отхвърлени. Искате ли да запишете контакта?"},{"$i":"discard-contact-data","$v":"Промените ще бъдат отхвърлени."},{"$i":"discard","$v":"Отхвърляне"},{"$i":"add-others","$v":"Добавяне на други"},{"$i":"custom-label","$v":"Персонализиран етикет"},{"$i":"input-the-custom-type","$v":"Въведете типа по подразбиране"},{"$i":"contact-added","$v":"Контактът е добавен."},{"$i":"delete-prompt-message","$v":["Изтриване на ",{"t":"idOrVar","v":"field"},"?"]},{"$i":"delete-photo-msg","$v":"снимка"},{"$i":"delete-ringtone-msg","$v":"Тон на звънене"},{"$i":"delete-bday-msg","$v":"Рожден ден"},{"$i":"delete-note-msg","$v":"Бележка"},{"$i":"delete-org-msg","$v":"Компания"},{"$i":"personal","$v":"Лични"},{"$i":"mobile","$v":"Мобилен"},{"$i":"current","$v":"Текущ"},{"$i":"home","$v":"Домашен"},{"$i":"work","$v":"Служебен"},{"$i":"other","$v":"Друго"},{"$i":"fax-home","$v":"Дом. факс"},{"$i":"fax-office","$v":"Офис факс"},{"$i":"fax-other","$v":"Друг факс"},{"$i":"add-phone","$v":"Добавяне на телефон"},{"$i":"add-tel","$v":"Добавяне на телефон"},{"$i":"add-email","$v":"Добавяне на имейл"},{"$i":"add-ringtone","$v":"Добавяне на мелодия"},{"$i":"add-adr","$v":"Добавяне на адрес"},{"$i":"add-bday","$v":"Добавяне на рожден ден"},{"$i":"add-photo","$v":"Добавяне на снимка"},{"$i":"add-note","$v":"Добавяне на бележка"},{"$i":"add-org","$v":"Добавяне на компания"},{"$i":"add-tel-number","$v":"Добавяне на тел. номер"},{"$i":"delete-tel","$v":"Изтриване на тел. номер"},{"$i":"delete-email","$v":"Изтриване на имейл"},{"$i":"delete-ringtone","$v":"Изтриване на мелодия"},{"$i":"delete-adr","$v":"Изтриване на адрес"},{"$i":"delete-bday","$v":"Изтриване на рожден ден"},{"$i":"delete-photo","$v":"Изтриване на снимката"},{"$i":"delete-note","$v":"Изтриване на бележка"},{"$i":"delete-org","$v":"Изтриване на компания"},{"$i":"edit-tel-type","$v":"Редактиране на типа телефон"},{"$i":"edit-email-type","$v":"Редактиране на типа имейл"},{"$i":"edit-adr-type","$v":"Редактиране на типа адрес"},{"$i":"edit-bday-type","$v":"Редактиране на рожден ден"},{"$i":"replace-photo","$v":"Промяна на снимка"},{"$i":"replace-ringtone","$v":"Промяна на мелодия"},{"$i":"mobile-tel","$v":"Моб. телефон"},{"$i":"home-tel","$v":"Дом. телефон"},{"$i":"work-tel","$v":"Служебен телефон"},{"$i":"personal-tel","$v":"Личен телефон"},{"$i":"fax-home-tel","$v":"Дом. факс"},{"$i":"fax-office-tel","$v":"Офис факс"},{"$i":"fax-other-tel","$v":"Друг факс"},{"$i":"other-tel","$v":"Друг телефон"},{"$i":"personal-email","$v":"Личен имейл"},{"$i":"work-email","$v":"Работен имейл"},{"$i":"other-email","$v":"Друг имейл"},{"$i":"custom-email","$v":["имейл в ",{"t":"idOrVar","v":"type"}]},{"$i":"custom-tel","$v":[{"t":"idOrVar","v":"type"}," телефон"]},{"$i":"personal-adr","$v":"Личен адрес"},{"$i":"current-adr","$v":"Текущ адрес"},{"$i":"home-adr","$v":"Дом. адрес"},{"$i":"work-adr","$v":"Служебен адрес"},{"$i":"custom-adr","$v":[{"t":"idOrVar","v":"type"}," адрес"]},{"$i":"bday","$v":"Рожден ден"},{"$i":"birthday","$v":"Рожден ден"},{"$i":"streetAddress","$v":"Улица"},{"$i":"locality","$v":"Град"},{"$i":"postalCode","$v":"Пощ. код"},{"$i":"countryName","$v":"Държава"},{"$i":"region","$v":"Щат"},{"$i":"no-name","$v":"Без име"},{"$i":"new-contact","$v":"Нов контакт"},{"$i":"options","$v":"Опции"},{"$i":"cancel","$v":"Отмяна"},{"$i":"settings","$v":"Настройки"},{"$i":"edit","$v":"Редактиране"},{"$i":"share","$v":"Споделяне"},{"$i":"remove","$v":"Премахване"},{"$i":"compose","$v":"Съставяне"},{"$i":"new-contact-title","$v":"Нов контакт"},{"$i":"edit-title","$v":"Ред. на контакт"},{"$i":"music","$v":"Музика"},{"$i":"adr-type","$v":"вид адрес"},{"$i":"email-type","$v":"Тип имейл"},{"$i":"tel-type","$v":"Тип телефон"},{"$i":"ICEContactsGroup","$v":"ICE контакти"},{"$i":"setICEButton","$v":"Задаване на ICE контакти"},{"$i":"ICESettingTitle","$v":"ICE контакти"},{"$i":"ICEDescription","$v":"Добавете пет контакта, за да се обаждате „При спешен случай“."},{"$i":"ICEContact","$v":["ICE контакт ",{"t":"idOrVar","v":"n"}]},{"$i":"ICESelectContact","$v":"Изберете контакт"},{"$i":"delete-ice-contact-warning","$v":"Наистина ли искате да премахнете контакта в ICE?"},{"$i":"confirm","$v":"Потвърждаване"},{"$i":"add-ice-failed","$v":"Добавяне на ICE не бе успешно"},{"$i":"create-group","$v":"Създаване на група"},{"$i":"group-name","$v":"Име на групата"},{"$i":"group","$v":"ГРУПА"},{"$i":"new-group-created","$v":"Създава се нова група."},{"$i":"create-group-failed","$v":"Неуспешно създаване на група."},{"$i":"create-group-too-many","$v":["Може да създадете само ",{"t":"idOrVar","v":"number"}," групи."]},{"$i":"create-group-duplicate","$v":"Дублиращо име."},{"$i":"rename-group-failed","$v":"Преименуването на групата не бе успешно."},{"$i":"new-group","$v":"Ново"},{"$i":"rename","$v":"Преименуване"},{"$i":"duplicate-removed","$v":"Дублираният(те) контакт(и) са премахнати."},{"$i":"add-to-group","$v":"Добавяне към групата"},{"$i":"remove-from-group","$v":"Премахване от групата"},{"$i":"added-to","$v":["Добавено към ",{"t":"idOrVar","v":"group"}]},{"$i":"removed-from","$v":["Премахнато от ",{"t":"idOrVar","v":"group"}]},{"$i":"select-group","$v":"Изберете Група"},{"$i":"rename-group","$v":"Преименуване на група"},{"$i":"delete-group","$v":["Наистина ли искате да изтриете ",{"t":"idOrVar","v":"group"},"?"]},{"$i":"unable-add-warn","$v":"Не може да се добави контакт за акаунта в групата."},{"$i":"edit-contact","$v":"Ред. на контакт"},{"$i":"send-message","$v":"Изпрати съобщен."},{"$i":"call","$v":"Повикване"},{"$i":"call-sim-1","$v":"Обаждане – SIM 1"},{"$i":"call-sim-2","$v":"Обаждане – SIM 2"},{"$i":"send-email","$v":"Изпращане на имейл"},{"$i":"choose-number","$v":"Изберете номер"},{"$i":"choose-email-address","$v":"Изберете имейл"},{"$i":"delete","$v":"Изтриване"},{"$i":"select","$v":"Избор"},{"$i":"select-all","$v":"Изберете всички"},{"$i":"select-all2","$v":"Всички"},{"$i":"deselect-all","$v":"Размаркиране на всички"},{"$i":"deselect-all2","$v":"Няма"},{"$i":"deselect","$v":"РАЗМАРК."},{"$i":"selected-contacts","$v":{"few":[{"t":"idOrVar","v":"n"}," избрани"],"many":[{"t":"idOrVar","v":"n"}," избрани"],"one":[{"t":"idOrVar","v":"n"}," избрани"],"other":[{"t":"idOrVar","v":"n"}," избрани"],"two":[{"t":"idOrVar","v":"n"}," избрани"],"zero":[{"t":"idOrVar","v":"n"}," избрани"]},"$x":[{"t":"idOrVar","v":"plural"},"n"]},{"$i":"massive-delete","$v":"Изтриване на контакти"},{"$i":"confirm-contact-delete","$v":["Наистина ли искате да изтриете контакта \"",{"t":"idOrVar","v":"name"},"\"?"]},{"$i":"DeletedTxt","$v":{"few":[{"t":"idOrVar","v":"n"}," контакта са премахнати"],"many":[{"t":"idOrVar","v":"n"}," контакта са премахнати"],"one":"1 контакт е премахнат","other":[{"t":"idOrVar","v":"n"}," контакта са премахнати"],"two":[{"t":"idOrVar","v":"n"}," контакта са премахнати"],"zero":"Няма контакти за изтриване"},"$x":[{"t":"idOrVar","v":"plural"},"n"]},{"$i":"DeletingContacts","$v":"Изтриване на контакти"},{"$i":"DeletingContactsProgressing","$v":"Изтриване на контакти"},{"$i":"ContactConfirmDel","$v":{"few":["Изтриване на ",{"t":"idOrVar","v":"n"}," контакта? Това е необратимо."],"many":["Изтриване на ",{"t":"idOrVar","v":"n"}," контакта? Това е необратимо."],"one":"Изтриване на 1 контакт? Това е необратимо.","other":["Изтриване на ",{"t":"idOrVar","v":"n"}," контакта? Това е необратимо."],"two":["Изтриване на ",{"t":"idOrVar","v":"n"}," контакта? Това е необратимо."],"zero":"Няма контакти за изтриване"},"$x":[{"t":"idOrVar","v":"plural"},"n"]},{"$i":"contact-deleted","$v":{"zero":"Няма изтрит контакт","one":"1 контакт е изтрит","few":[{"t":"idOrVar","v":"n"}," контакта са изтрити."],"many":[{"t":"idOrVar","v":"n"}," контакта са изтрити."],"other":[{"t":"idOrVar","v":"n"}," контакта са изтрити."],"two":[{"t":"idOrVar","v":"n"}," контакта са изтрити."]},"$x":[{"t":"idOrVar","v":"plural"},"n"]},{"$i":"a-contact-deleted","$v":"Контактът е изтрит."},{"$i":"settings-title","$v":"Настройки контакти"},{"$i":"change-will-update-until-restart","$v":"Промените ще се актуализират при следващо стартиране на контактите."},{"$i":"transfer-contacts","$v":"Прехв. на контакти"},{"$i":"service-number","$v":"Номер на услуги"},{"$i":"no-contacts-found","$v":"Няма открито съвпадение."},{"$i":"search","$v":"Търсете контакти","placeholder":"Търсете контакти"},{"$i":"search-option","$v":"Търсене"},{"$i":"accounts","$v":"Акаунти"},{"$i":"account","$v":"Профил"},{"$i":"add-account","$v":"Добавяне на акаунт"},{"$i":"add-account-failed","$v":"Възникна непозната грешка, опитайте отново по-късно."},{"$i":"duplicate-account-warn","$v":"Акаунтът вече съществува. Синхр. е включено."},{"$i":"setting-up-account","$v":"Настройване на акаунт"},{"$i":"no-network-warn","$v":"Няма интернет връзка."},{"$i":"username","$v":"Потребителско име"},{"$i":"password","$v":"Парола"},{"$i":"delete-account","$v":"Изтр. ак."},{"$i":"delete-account-long","$v":"Изтриване на профил"},{"$i":"delete-account-warn","$v":"Ако изтриете този акаунт, приложенията, които използват този акаунт, също ще бъдат засегнати."},{"$i":"deleting-account","$v":"Изтриване на акаунт ..."},{"$i":"delete-account-failed","$v":"Изтриването на акаунта е неуспешно, опитайте отново по-късно."},{"$i":"delete-account-ok","$v":"Профилът е изтрит."},{"$i":"sync","$v":"Синхронизиране"},{"$i":"sync-title","$v":"Синхрон. контакти"},{"$i":"sync-failed-warn","$v":"Неуспешно синхронизиране."},{"$i":"sync-off-warn","$v":"Синхронизирането се изключва в Настройки."},{"$i":"show-account-contacts","$v":"Показване на контактите в профила"},{"$i":"sync-account-contacts","$v":"синхронизиране на контактите в профила"},{"$i":"sync-account-contacts-warning","$v":["Ако няма отметка до „",{"t":"idOrVar","v":"switch"},"“, всяка редакция на контакт от акаунта няма да се синхронизира с облака. Премахване на отметката?"]},{"$i":"yes","$v":"Да"},{"$i":"all-contacts-synced","$v":"Всички контакти се синхронизират."},{"$i":"contact-syncing","$v":"Контакти се синхронизират ..."},{"$i":"contacts-sync-limit-exceed","$v":"Синхр. на контакти не е завършено заради превишен лимит на контакти."},{"$i":"show-password","$v":"Показване на парола"},{"$i":"password-incorrect","$v":"Паролата е неправилна."},{"$i":"re-enter-password","$v":"Въведете отново паролата"},{"$i":"accessing-warn","$v":"Имаше проблем с достъпа до акаунта ви."},{"$i":"accessing-warn-password","$v":"Въведете паролата отново."},{"$i":"re-enter-password-on-setting","$v":"Моля, въведете отново паролата в настройката на Контакти."},{"$i":"accessing-warn-relogin","$v":"Изтрийте акаунта и влезте отново."},{"$i":"update-password-failed","$v":"Актуализирането на паролата е неуспешно, опитайте отново по-късно."},{"$i":"connect-time-out","$v":["Неуспешно уст. на връзка с „",{"t":"idOrVar","v":"server"},"“. Възм. е да има проблем с мрежата."]},{"$i":"server-error","$v":"Сървърът е недостъпен. Опитайте пак по-късно."},{"$i":"loading","$v":"Зареждане..."},{"$i":"ellipsis","$v":"..."},{"$i":"stop-syncing-warn-title","$v":"Синхронизиране на контакти"},{"$i":"stop-syncing-warn","$v":"Затварянето на приложението ще спре процеса на синхронизиране на контакти. Все още ли искате да го затворите?"},{"$i":"weekday-0-long","$v":"Неделя"},{"$i":"weekday-1-long","$v":"Понеделник"},{"$i":"weekday-2-long","$v":"Вторник"},{"$i":"weekday-3-long","$v":"Сряда"},{"$i":"weekday-4-long","$v":"Четвъртък"},{"$i":"weekday-5-long","$v":"Петък"},{"$i":"weekday-6-long","$v":"Събота"},{"$i":"weekday-0-short","$v":"нед"},{"$i":"weekday-1-short","$v":"пон"},{"$i":"weekday-2-short","$v":"втор"},{"$i":"weekday-3-short","$v":"ср"},{"$i":"weekday-4-short","$v":"чт"},{"$i":"weekday-5-short","$v":"пет"},{"$i":"weekday-6-short","$v":"сб"},{"$i":"month-0-long","$v":"Януари"},{"$i":"month-1-long","$v":"Февруари"},{"$i":"month-2-long","$v":"Март"},{"$i":"month-3-long","$v":"Април"},{"$i":"month-4-long","$v":"май"},{"$i":"month-5-long","$v":"Юни"},{"$i":"month-6-long","$v":"Юли"},{"$i":"month-7-long","$v":"Август"},{"$i":"month-8-long","$v":"Септември"},{"$i":"month-9-long","$v":"Октомври"},{"$i":"month-10-long","$v":"Ноември"},{"$i":"month-11-long","$v":"Декември"},{"$i":"month-0-genitive","$v":"Януари"},{"$i":"month-1-genitive","$v":"Февруари"},{"$i":"month-2-genitive","$v":"Март"},{"$i":"month-3-genitive","$v":"Април"},{"$i":"month-4-genitive","$v":"май"},{"$i":"month-5-genitive","$v":"Юни"},{"$i":"month-6-genitive","$v":"Юли"},{"$i":"month-7-genitive","$v":"Август"},{"$i":"month-8-genitive","$v":"Септември"},{"$i":"month-9-genitive","$v":"Октомври"},{"$i":"month-10-genitive","$v":"Ноември"},{"$i":"month-11-genitive","$v":"Декември"},{"$i":"month-0-short","$v":"ян"},{"$i":"month-1-short","$v":"фев"},{"$i":"month-2-short","$v":"март"},{"$i":"month-3-short","$v":"апр"},{"$i":"month-4-short","$v":"май"},{"$i":"month-5-short","$v":"юни"},{"$i":"month-6-short","$v":"юли"},{"$i":"month-7-short","$v":"авг"},{"$i":"month-8-short","$v":"септ"},{"$i":"month-9-short","$v":"окт"},{"$i":"month-10-short","$v":"ноем"},{"$i":"month-11-short","$v":"дек"},{"$i":"minutes-ago-long","$v":{"few":["Преди ",{"t":"idOrVar","v":"value"}," минути"],"many":["Преди ",{"t":"idOrVar","v":"value"}," минути"],"other":["Преди ",{"t":"idOrVar","v":"value"}," минути"],"two":["Преди ",{"t":"idOrVar","v":"value"}," минути"],"one":"преди минута","zero":"точно сега"},"$x":[{"t":"idOrVar","v":"plural"},"value"]},{"$i":"hours-ago-long","$v":{"few":["Преди ",{"t":"idOrVar","v":"value"}," часа"],"many":["Преди ",{"t":"idOrVar","v":"value"}," часа"],"other":["Преди ",{"t":"idOrVar","v":"value"}," часа"],"two":["Преди ",{"t":"idOrVar","v":"value"}," часа"],"one":"преди 1 час","zero":"точно сега"},"$x":[{"t":"idOrVar","v":"plural"},"value"]},{"$i":"days-ago-long","$v":{"few":["Преди ",{"t":"idOrVar","v":"value"}," дни"],"many":["Преди ",{"t":"idOrVar","v":"value"}," дни"],"one":"вчера","other":["Преди ",{"t":"idOrVar","v":"value"}," дни"],"two":["Преди ",{"t":"idOrVar","v":"value"}," дни"],"zero":"днес"},"$x":[{"t":"idOrVar","v":"plural"},"value"]},{"$i":"weeks-ago-long","$v":{"few":["Преди ",{"t":"idOrVar","v":"value"}," седмици"],"many":["Преди ",{"t":"idOrVar","v":"value"}," седмици"],"one":"последната седмица","other":["Преди ",{"t":"idOrVar","v":"value"}," седмици"],"two":["Преди ",{"t":"idOrVar","v":"value"}," седмици"],"zero":"тази седмица"},"$x":[{"t":"idOrVar","v":"plural"},"value"]},{"$i":"months-ago-long","$v":{"few":["Преди ",{"t":"idOrVar","v":"value"}," месеца"],"many":["Преди ",{"t":"idOrVar","v":"value"}," месеца"],"one":"последния месец","other":["Преди ",{"t":"idOrVar","v":"value"}," месеца"],"two":["Преди ",{"t":"idOrVar","v":"value"}," месеца"],"zero":"този месец"},"$x":[{"t":"idOrVar","v":"plural"},"value"]},{"$i":"years-ago-long","$v":{"few":["Преди ",{"t":"idOrVar","v":"value"}," години"],"many":["Преди ",{"t":"idOrVar","v":"value"}," години"],"one":"последната година","other":["Преди ",{"t":"idOrVar","v":"value"}," години"],"two":["Преди ",{"t":"idOrVar","v":"value"}," години"],"zero":"тази година"},"$x":[{"t":"idOrVar","v":"plural"},"value"]},{"$i":"minutes-until-long","$v":{"few":["след ",{"t":"idOrVar","v":"value"}," минути"],"many":["след ",{"t":"idOrVar","v":"value"}," минути"],"other":["след ",{"t":"idOrVar","v":"value"}," минути"],"two":["след ",{"t":"idOrVar","v":"value"}," минути"],"zero":"сега","one":"след 1 минута"},"$x":[{"t":"idOrVar","v":"plural"},"value"]},{"$i":"hours-until-long","$v":{"few":["след ",{"t":"idOrVar","v":"value"}," часа"],"many":["след ",{"t":"idOrVar","v":"value"}," часа"],"other":["след ",{"t":"idOrVar","v":"value"}," часа"],"two":["след ",{"t":"idOrVar","v":"value"}," часа"],"zero":"сега","one":"след 1 час"},"$x":[{"t":"idOrVar","v":"plural"},"value"]},{"$i":"days-until-long","$v":{"few":["след ",{"t":"idOrVar","v":"value"}," дни"],"many":["след ",{"t":"idOrVar","v":"value"}," дни"],"one":"утре","other":["след ",{"t":"idOrVar","v":"value"}," дни"],"two":["след ",{"t":"idOrVar","v":"value"}," дни"],"zero":"днес"},"$x":[{"t":"idOrVar","v":"plural"},"value"]},{"$i":"weeks-until-long","$v":{"few":["след ",{"t":"idOrVar","v":"value"}," седмици"],"many":["след ",{"t":"idOrVar","v":"value"}," седмици"],"one":"следващата седмица","other":["след ",{"t":"idOrVar","v":"value"}," седмици"],"two":["след ",{"t":"idOrVar","v":"value"}," седмици"],"zero":"тази седмица"},"$x":[{"t":"idOrVar","v":"plural"},"value"]},{"$i":"months-until-long","$v":{"few":["след ",{"t":"idOrVar","v":"value"}," месеца"],"many":["след ",{"t":"idOrVar","v":"value"}," месеца"],"one":"следващия месец","other":["след ",{"t":"idOrVar","v":"value"}," месеца"],"two":["след ",{"t":"idOrVar","v":"value"}," месеца"],"zero":"този месец"},"$x":[{"t":"idOrVar","v":"plural"},"value"]},{"$i":"years-until-long","$v":{"few":["след ",{"t":"idOrVar","v":"value"}," години"],"many":["след ",{"t":"idOrVar","v":"value"}," години"],"one":"следващата година","other":["след ",{"t":"idOrVar","v":"value"}," години"],"two":["след ",{"t":"idOrVar","v":"value"}," години"],"zero":"тази година"},"$x":[{"t":"idOrVar","v":"plural"},"value"]},{"$i":"minutes-ago-short","$v":{"other":["Преди ",{"t":"idOrVar","v":"value"}," мин."],"zero":"точно сега"},"$x":[{"t":"idOrVar","v":"plural"},"value"]},{"$i":"hours-ago-short","$v":{"other":["Преди ",{"t":"idOrVar","v":"value"}," ч."],"zero":"точно сега"},"$x":[{"t":"idOrVar","v":"plural"},"value"]},{"$i":"days-ago-short","$v":{"other":["Преди ",{"t":"idOrVar","v":"value"}," дни"],"zero":"днес"},"$x":[{"t":"idOrVar","v":"plural"},"value"]},{"$i":"minutes-until-short","$v":{"other":["след ",{"t":"idOrVar","v":"value"},"м."],"zero":"сега"},"$x":[{"t":"idOrVar","v":"plural"},"value"]},{"$i":"hours-until-short","$v":{"other":["след ",{"t":"idOrVar","v":"value"},"ч."],"zero":"сега"},"$x":[{"t":"idOrVar","v":"plural"},"value"]},{"$i":"days-until-short","$v":{"other":["след ",{"t":"idOrVar","v":"value"},"д."],"zero":"днес"},"$x":[{"t":"idOrVar","v":"plural"},"value"]},{"$i":"incorrectDate","$v":"(неправилна дата)"},{"$i":"dateTimeFormat_%c","$v":"%a %b %e %Y %I:%M:%S %p"},{"$i":"dateTimeFormat_%x","$v":"%m/%d/%Y"},{"$i":"dateTimeFormat_%X","$v":"%I:%M:%S ч. %p"},{"$i":"shortTimeFormat","$v":"%I:%M %p"},{"$i":"shortTimeFormat12","$v":"%I:%M %p"},{"$i":"shortTimeFormat24","$v":"%H:%M"},{"$i":"shortDateTimeFormat","$v":"%x %I:%M %p"},{"$i":"weekStartsOnMonday","$v":"0.0"},{"$i":"firstDayOfTheWeek","$v":"1.0"},{"$i":"time_am","$v":"AM"},{"$i":"time_pm","$v":"PM"},{"$i":"sim-with-index-and-carrier","$v":["SIM ",{"t":"idOrVar","v":"index"}," - ",{"t":"idOrVar","v":"carrier"}]},{"$i":"sim-without-carrier","$v":["SIM ",{"t":"idOrVar","v":"index"}]}]