[{"$i":"contacts","$v":"Kontakti"},{"$i":"view","$v":"Prikaži"},{"$i":"no-contacts","$v":"Nema kontakata."},{"$i":"reading-contacts","$v":"Učitavanje kontakata"},{"$i":"start-adding","$v":"Pritisnite Novo ili idite na Settings da biste dodali kontakte."},{"$i":"no-contact-available","$v":"Nema dostupnog kontakta"},{"$i":"requested-contact-not-available","$v":"Tražene informacije nisu dostupne na postojećim kontaktima."},{"$i":"cannot-add-as-empty","$v":"Ne može se dodati u kontakte jer je vaša lista kontakata je prazna"},{"$i":"ok","$v":"U redu"},{"$i":"no-phone-number-to-dial","$v":"Nema broja telefona za pozivanje"},{"$i":"video-call","$v":"Video poziv"},{"$i":"rtt-call","$v":"RTT poziv"},{"$i":"select-a-contact","$v":"Odaberi kontakt"},{"$i":"multi-pick-max-warn","$v":["Maksimalni odabrani broj je ",{"t":"idOrVar","v":"n"}]},{"$i":"add-contact-failed","$v":"Dodavanje kontakta nije uspjelo"},{"$i":"no-sim-card-available","$v":"Nema dostupne SIM kartice"},{"$i":"email-cannot-add-to-sim","$v":"Trenutačni izbor memorije ne podržava e-poštu."},{"$i":"add-info-failed","$v":"Dodavanje informacija nije uspjelo"},{"$i":"no-contact-to-add","$v":"Nema dostupnog kontakta za dodavanje."},{"$i":"move","$v":"Premjesti"},{"$i":"copy","$v":"Kopiraj"},{"$i":"copy-contacts","$v":"Kopiraj kontakte"},{"$i":"move-contacts","$v":"Premjesti kontakte"},{"$i":"phone-memory","$v":"Memorija telefona"},{"$i":"sim-memory","$v":"SIM memorija"},{"$i":"sim-0-memory","$v":"SIM 1 memorija"},{"$i":"sim-1-memory","$v":"SIM 2 memorija"},{"$i":"move-from","$v":"Premjesti iz"},{"$i":"copy-from","$v":"Kopiraj iz"},{"$i":"to","$v":"Za"},{"$i":"move-contacts-progressing","$v":"Premještanje kontakata…"},{"$i":"copy-contacts-progressing","$v":"Kopiranje kontakata…"},{"$i":"contact-move-to-sim","$v":{"few":["Kontakti (njih ",{"t":"idOrVar","v":"migrated"},") su premješteni na SIM karticu."],"many":["Kontakti (njih ",{"t":"idOrVar","v":"migrated"},") su premješteni na SIM karticu."],"one":"1 kontakt je premješten na SIM karticu.","other":["Kontakti (njih ",{"t":"idOrVar","v":"migrated"},") su premješteni na SIM karticu."],"two":["Kontakti (njih ",{"t":"idOrVar","v":"migrated"},") su premješteni na SIM karticu."],"zero":"Nijedan kontakt nije premješten na SIM karticu."},"$x":[{"t":"idOrVar","v":"plural"},"migrated"]},{"$i":"contact-copy-to-sim","$v":{"few":["Kontakti (njih ",{"t":"idOrVar","v":"migrated"},") su kopirani na SIM karticu."],"many":["Kontakti (njih ",{"t":"idOrVar","v":"migrated"},") su kopirani na SIM karticu."],"one":"1 kontakt je kopiran na SIM karticu.","other":["Kontakti (njih ",{"t":"idOrVar","v":"migrated"},") su kopirani na SIM karticu."],"two":["Kontakti (njih ",{"t":"idOrVar","v":"migrated"},") su kopirani na SIM karticu."],"zero":"Nijedan kontakt nije kopiran na SIM karticu."},"$x":[{"t":"idOrVar","v":"plural"},"migrated"]},{"$i":"contact-move-to-sim0","$v":{"few":["Kontakti (njih ",{"t":"idOrVar","v":"migrated"},") su premješteni na SIM 1 karticu."],"many":["Kontakti (njih ",{"t":"idOrVar","v":"migrated"},") su premješteni na SIM 1 karticu."],"one":"1 kontakt je premješten na SIM 1 karticu.","other":["Kontakti (njih ",{"t":"idOrVar","v":"migrated"},") su premješteni na SIM 1 karticu."],"two":["Kontakti (njih ",{"t":"idOrVar","v":"migrated"},") su premješteni na SIM 1 karticu."],"zero":"Nijedan kontakt nije premješten na SIM 1 karticu."},"$x":[{"t":"idOrVar","v":"plural"},"migrated"]},{"$i":"contact-copy-to-sim0","$v":{"few":["Kontakti (njih ",{"t":"idOrVar","v":"migrated"},") su kopirani na SIM 1 karticu."],"many":["Kontakti (njih ",{"t":"idOrVar","v":"migrated"},") su kopirani na SIM 1 karticu."],"one":"1 kontakt je kopiran na SIM 1 karticu.","other":["Kontakti (njih ",{"t":"idOrVar","v":"migrated"},") su kopirani na SIM 1 karticu."],"two":["Kontakti (njih ",{"t":"idOrVar","v":"migrated"},") su kopirani na SIM 1 karticu."],"zero":"Nijedan kontakt nije kopiran na SIM 1 karticu."},"$x":[{"t":"idOrVar","v":"plural"},"migrated"]},{"$i":"contact-move-to-sim1","$v":{"few":["Kontakti (njih ",{"t":"idOrVar","v":"migrated"},") su premješteni na SIM 2 karticu."],"many":["Kontakti (njih ",{"t":"idOrVar","v":"migrated"},") su premješteni na SIM 2 karticu."],"one":"1 kontakt je premješten na SIM 2 karticu.","other":["Kontakti (njih ",{"t":"idOrVar","v":"migrated"},") su premješteni na SIM 2 karticu."],"two":["Kontakti (njih ",{"t":"idOrVar","v":"migrated"},") su premješteni na SIM 2 karticu."],"zero":"Nijedan kontakt nije premješten na SIM 2 karticu."},"$x":[{"t":"idOrVar","v":"plural"},"migrated"]},{"$i":"contact-copy-to-sim1","$v":{"few":["Kontakti (njih ",{"t":"idOrVar","v":"migrated"},") su kopirani na SIM 2 karticu."],"many":["Kontakti (njih ",{"t":"idOrVar","v":"migrated"},") su kopirani na SIM 2 karticu."],"one":"1 kontakt je kopiran na SIM 2 karticu.","other":["Kontakti (njih ",{"t":"idOrVar","v":"migrated"},") su kopirani na SIM 2 karticu."],"two":["Kontakti (njih ",{"t":"idOrVar","v":"migrated"},") su kopirani na SIM 2 karticu."],"zero":"Nijedan kontakt nije kopiran na SIM 2 karticu."},"$x":[{"t":"idOrVar","v":"plural"},"migrated"]},{"$i":"contact-move-to-device","$v":{"one":"1 kontakt je premješten na telefon.","zero":"Nije kontakt prebačen na telefon.","few":["Kontakti premješt. na tel.: ",{"t":"idOrVar","v":"migrated"},"."],"many":["Kontakti premješt. na tel.: ",{"t":"idOrVar","v":"migrated"},"."],"other":["Kontakti premješt. na tel.: ",{"t":"idOrVar","v":"migrated"},"."],"two":["Kontakti premješt. na tel.: ",{"t":"idOrVar","v":"migrated"},"."]},"$x":[{"t":"idOrVar","v":"plural"},"migrated"]},{"$i":"contact-copy-to-device","$v":{"one":"1 kontakt kopiran na telefon.","zero":"Nijedan kontakt nije kopiran na telefon.","few":["Kontakti kopir. na tel.: ",{"t":"idOrVar","v":"migrated"},"."],"many":["Kontakti kopir. na tel.: ",{"t":"idOrVar","v":"migrated"},"."],"other":["Kontakti kopir. na tel.: ",{"t":"idOrVar","v":"migrated"},"."],"two":["Kontakti kopir. na tel.: ",{"t":"idOrVar","v":"migrated"},"."]},"$x":[{"t":"idOrVar","v":"plural"},"migrated"]},{"$i":"copy-contact-failed","$v":"Kopiranje kontakata nije uspjelo"},{"$i":"move-contact-failed","$v":"Premještanje kontakata nije uspjelo"},{"$i":"contact-copy-error-sim-full","$v":"Kopiranje kontakata nije dovršeno jer je SIM kartica puna."},{"$i":"contact-copy-error-unknown","$v":"Kopiranje kontakata nije dovršeno zbog pogreške."},{"$i":"contact-copy-error-limit-exceeded","$v":"Kopiranje kontakata nije završeno zbog prekoračenja ograničenja kontakata na telefonu."},{"$i":"contact-move-error-sim-full","$v":"Premeštanje kontakata nije dovršeno jer je SIM kartica puna."},{"$i":"contact-move-error-unknown","$v":"Pomicanje kontakata nije dovršeno zbog pogreške."},{"$i":"contact-move-error-limit-exceeded","$v":"Premještanje kontakata nije završeno zbog prekoračenja ograničenja kontakata na telefonu."},{"$i":"contact-save-error-unknown","$v":"Spremanje kontakta nije dovršeno zbog pogreške."},{"$i":"memory","$v":"Memorija"},{"$i":"phone-and-sim","$v":"Telefon i SIM"},{"$i":"phone","$v":"Telefon"},{"$i":"sim","$v":"SIM"},{"$i":"reloading-contact","$v":"Ponovno učitavanje kontakata…"},{"$i":"contact-reloaded","$v":"Kontakti su ponovo učitani"},{"$i":"message","$v":"Poruka"},{"$i":"changes-saved","$v":"Promjene sačuvane."},{"$i":"already-ice-contact","$v":"Odabrani kontakt je već postavljen na ICE."},{"$i":"phone-contacts-limit-exceeded","$v":"Premašeno je ograničenje za kontakte u telefonu."},{"$i":"sim-contacts-limit-exceeded","$v":"Premašeno je ograničenje za kontakte na SIM-u."},{"$i":"more-info","$v":"Više"},{"$i":"callAirplaneModeTitle","$v":"Režim u avionu aktiviran"},{"$i":"callAirplaneModeMessage","$v":"Da biste uputili poziv, potrebno je onemogućiti režim u avionu u podešavanjima."},{"$i":"emergencyDialogTitle","$v":"Nema internet veze"},{"$i":"emergencyDialogBodyBadNumber","$v":"Da biste uputili poziv, telefon mora biti povezan na mrežu."},{"$i":"emergencyDialogBodyDeviceNotAccepted","$v":"Pozive u nuždi ne dozvoljava mreža."},{"$i":"invalidNumberToDialTitle","$v":"Nevažeći broj telefona"},{"$i":"invalidNumberToDialMessage","$v":"Broj telefona koji zovete nije važeći."},{"$i":"invalidNumberToSendTitle","$v":"Nevažeći broj telefona"},{"$i":"invalidNumberToSendMessage","$v":"Broj telefona na koji šaljete poruku nije važeći."},{"$i":"emergency-call-only","$v":"Samo pozivi u nuždi"},{"$i":"emergency-call-error","$v":[{"t":"idOrVar","v":"number"}," nije broj za hitne slučajeve."]},{"$i":"numberIsBusyTitle","$v":"Broj je zauzet"},{"$i":"numberIsBusyMessage","$v":"Broj je trenutno zauzet. Pokušajte ponovo kasnije."},{"$i":"fdnIsActiveTitle","$v":"FDN je aktiviran"},{"$i":"fdnIsActiveMessage","$v":["FDN (brojevi fiksnog biranja) je aktiviran i sljedeći broj nije na vašoj FDN listi: ",{"t":"idOrVar","v":"number"}]},{"$i":"otherConnectionInUseTitle","$v":"Druga veza u upotrebi"},{"$i":"otherConnectionInUseMessage","$v":"Imate aktivan poziv na druoj vezi. Ne možete koristiti obje veze u isto vrijeme."},{"$i":"GenericFailure","$v":"Generički neuspjeh"},{"$i":"CallFailed","$v":"Poziv nije uspio"},{"$i":"scCallBarring","$v":"Zabrana poziva"},{"$i":"scCallForwarding","$v":"Preusmj. poz."},{"$i":"scClip","$v":"ID pozivaoca"},{"$i":"scClir","$v":"ID odlaznog pozivaoca"},{"$i":"scPwd","$v":"Promjenjena lozinka"},{"$i":"scCallWaiting","$v":"Poziv na ček"},{"$i":"scPin","$v":"Promjena PIN koda"},{"$i":"scPin2","$v":"Promjena PIN2 koda"},{"$i":"scPuk","$v":"Deblokiraj PIN kôd"},{"$i":"scPuk2","$v":"Deblokiraj PIN2 kôd"},{"$i":"scImei","$v":"IMEI"},{"$i":"scMeid","$v":"MEID"},{"$i":"scUssd","$v":"USSD"},{"$i":"set-speed-dial","$v":"Postavi kontakte za brzo biranje"},{"$i":"empty","$v":"Prazno"},{"$i":"voicemail","$v":"Govorna pošta"},{"$i":"speed-dial","$v":"Brzo biranje"},{"$i":"add","$v":"Dodaj"},{"$i":"replace","$v":"Zamij."},{"$i":"remove-from-speed-dial","$v":"Ukloni iz brzog biranja"},{"$i":"custom-dialog-replace-speed-dial","$v":["Jeste li sigurni da želite zamijeniti brzo biranje ",{"t":"idOrVar","v":"oldSpeedDial"}," sa ",{"t":"idOrVar","v":"newSpeedDial"},"?"]},{"$i":"custom-dialog-remove-speed-dial","$v":["Jeste li sigurni da želite ukloniti ",{"t":"idOrVar","v":"name"}," iz brzog biranja?"]},{"$i":"speed-dial-added","$v":"Broj za brzo biranje je dodan."},{"$i":"speed-dial-removed","$v":"Broj za brzo biranje je uklonjen."},{"$i":"speed-dial-replaced","$v":"Broj za brzo biranje je ažuriran."},{"$i":"voice-mail","$v":"Govorna pošta"},{"$i":"voice-mail-number","$v":["Broj govorne pošte - SIM ",{"t":"idOrVar","v":"n"}]},{"$i":"voice-mail-number-single","$v":"Broj govorne pošte"},{"$i":"voice-mail-number-updated","$v":"Ažuriran je broj govorne pošte"},{"$i":"found-duplicates-message","$v":"Duplirane informacije su pronađene u sljedećim kontaktima. Želite li ih spojiti?"},{"$i":"confirm-to-merge-contacts","$v":["Jeste li sigurni da želite spojiti ",{"t":"idOrVar","v":"n"}," kontakte sa ",{"t":"idOrVar","v":"name"},"?"]},{"$i":"contact-merged","$v":"Kontakti spojeni"},{"$i":"find-duplicate-contacts","$v":"Pronađi duple kontakte"},{"$i":"no-duplicate-contact-found","$v":"Nisu pronađeni dupli kontakti"},{"$i":"merge","$v":"Spoji"},{"$i":"find-dup","$v":"Pronađi duple kontakte"},{"$i":"find-dup-title","$v":"Pronađi duple kontakte"},{"$i":"finding-dup-message","$v":"Pretraga duplih kontakata..."},{"$i":"dup-found-title","$v":"Pronađeni su duplikati"},{"$i":"dup-found-message","$v":"Duplicirane informacije pronađene su u sljedećim kontaktima. Želite li objediniti?"},{"$i":"no-dup-found","$v":"Nisu pronađeni duplikati"},{"$i":"merge-conflict-warn","$v":["Sljedeće informacije prebrisaće \"",{"t":"idOrVar","v":"name"},"\":"]},{"$i":"merge-conflict-confirm","$v":"Jeste li sigurni da želite objediniti kontakte?"},{"$i":"add-favorite","$v":"Dodaj kao omiljeno"},{"$i":"remove-favorite","$v":"Izbaci iz omiljenih"},{"$i":"favorite-contacts","$v":"Omiljeni"},{"$i":"add-block","$v":"Blokiraj ovaj broj"},{"$i":"remove-block","$v":"Deblokiraj ovaj broj"},{"$i":"add-block-email","$v":"Blokiraj ovu adresu e-pošte"},{"$i":"remove-block-email","$v":"Deblokirajte ovu e-poštu"},{"$i":"add-block-contact-warning","$v":"Nećete primati telefonske pozive i poruke od osoba na listi blokiranja."},{"$i":"add-block-email-warning","$v":"Nećete primati poruke s ove adrese e-pošte."},{"$i":"block","$v":"Blokiraj"},{"$i":"unblock","$v":"Deblokiraj"},{"$i":"block-contacts","$v":"Blokiraj kontakte"},{"$i":"add-block-header","$v":"Dodaj blokirani broj"},{"$i":"remove-block-alert","$v":"Uklonjeno iz blokiranih kontakata."},{"$i":"duplicate-block-number","$v":"Nije moguće dodati duplikat broja."},{"$i":"sort-contacts","$v":"Sortiraj kontakte"},{"$i":"sort-by-first-name","$v":"Sortiraj po imenu"},{"$i":"sort-by-last-name","$v":"Sortiraj po prezimenu"},{"$i":"no-support-open-multi-vcard","$v":"Nije moguće otvoriti vCard sa više kontakata"},{"$i":"import","$v":"Prenesi"},{"$i":"sdcard","$v":"Memorijska kartica"},{"$i":"simcard","$v":"SIM kartica"},{"$i":"import-contacts","$v":"Uvezi kontakte"},{"$i":"simContacts-error","$v":"Nije moguće prenijeti kontakte iz SIM kartice"},{"$i":"memoryCardContacts-error","$v":"Nije moguće prenijeti kontakte iz memorijske kartice"},{"$i":"novCardFiles","$v":"Na memorijskoj kartici nije dostupna datoteka sa kontaktima."},{"$i":"fullDiskSpace-error","$v":"Pohrana je puna, nije moguće uvesti kontakte."},{"$i":"socialServiceContacts-error","$v":["Ne mogu se uvesti kontakti s usl. ",{"t":"idOrVar","v":"service"},"."]},{"$i":"socialServiceContacts-noNetwork","$v":["Nema intern. veze, nije moguće uvesti kontakte s usluge ",{"t":"idOrVar","v":"service"},"."]},{"$i":"simContacts-reading","$v":"Čitanje kontakata iz SIM kartice..."},{"$i":"memoryCardContacts-reading","$v":"Čitanje kontakata iz memorijske kartice..."},{"$i":"importContactsTitle","$v":"Prenesi kontakte"},{"$i":"retry","$v":"Probaj ponovo"},{"$i":"noSimMsg","$v":"Za uvoz kontakata umetnite ili otključajte svoju SIM karticu"},{"$i":"noSdcardMsg","$v":"Za uvoz kontakata umetnite memorijsku karticu"},{"$i":"not-imported","$v":"Nije uvezeno"},{"$i":"imported","$v":"Prenešeno"},{"$i":"importing","$v":"Prenošenje"},{"$i":"contact-imported","$v":["Uvezeno kontakata: ",{"t":"idOrVar","v":"imported"},". Spojeno kontakata: ",{"t":"idOrVar","v":"dupes"},"."]},{"$i":"contact-imported2","$v":{"one":"Uvezen je 1 kontakt.","zero":"Nije uvežen kontakt.","few":["Uvezeno kontakata: ",{"t":"idOrVar","v":"imported"},"."],"many":["Uvezeno kontakata: ",{"t":"idOrVar","v":"imported"},"."],"other":["Uvezeno kontakata: ",{"t":"idOrVar","v":"imported"},"."],"two":["Uvezeno kontakata: ",{"t":"idOrVar","v":"imported"},"."]},"$x":[{"t":"idOrVar","v":"plural"},"imported"]},{"$i":"reading-contacts-from-sim","$v":"Čitanje kontakata sa SIM kartice..."},{"$i":"reading-contacts-from-gmail","$v":"Čitanje kontakata s usluge Gmail..."},{"$i":"reading-contacts-from-live","$v":"Čitanje kontakata iz programa Outlook..."},{"$i":"reading-contacts-from-sd","$v":"Čitanje kontakata s memorijske kartice..."},{"$i":"reading-contacts-from-vcard","$v":"Čitanje kontakata iz datoteke..."},{"$i":"importing-contacts-from-sim","$v":"Uvoz kontakata sa SIM kartice..."},{"$i":"importing-contacts-from-gmail","$v":"Uvoz kontakata s usluge Gmail..."},{"$i":"importing-contacts-from-live","$v":"Uvoz kontakata iz programa Outlook..."},{"$i":"importing-contacts-from-sd","$v":"Uvoz kontakata s memorijske kartice..."},{"$i":"importing-contacts-from-vcard","$v":"Uvoz kontakata iz datoteke..."},{"$i":"connect-network-to-import","$v":"Za uvoz kontakata, povežite se na Wi-Fi ili podatkovnu mrežu"},{"$i":"importing-confirm","$v":["Uvesti kontakte (njih ",{"t":"idOrVar","v":"n"},") iz datoteke \"",{"t":"idOrVar","v":"fileName"},"\"?"]},{"$i":"importing-cancel-confirm","$v":"0.0"},{"$i":"import-contact-failed","$v":"Uvoz kontakata nije uspio"},{"$i":"phone-storage-full","$v":"Pohrana telefona je puna."},{"$i":"import-contact-storage-full","$v":"Nije moguće uvesti kontakte. Izbrišite podatke aplikacije kako biste oslobodili prostor."},{"$i":"contact-import-error-disk-full","$v":"Uvoz kontakata nije dovršen zato što je pohrana puna. Obrišite podatke o aplikaciji da biste oslobodili prostor."},{"$i":"contact-import-error-sim-full","$v":"Uvoz kontakata nije dovršen zato što je SIM kartica puna."},{"$i":"contact-import-error-unknown","$v":"Uvoz kontakata je nepotpun zbog pogreške."},{"$i":"import-contacts-canceled","$v":"0.0"},{"$i":"close","$v":"Zatvori"},{"$i":"import-process-cancel","$v":"Postupak uvoza je otkazan."},{"$i":"import-limit-header","$v":"Prekoračeno je ograničenje veličine datoteke"},{"$i":"inner-import-limit-content","$v":"Svaka veličina datoteke kontakata koja prelazi 10 MB nije uvezena."},{"$i":"activity-import-limit-contact","$v":"Uvoz kontakata zbog prekoračenja ograničenja veličine datoteke nije uspio."},{"$i":"activity-import-limit-additional","$v":"(Veličina datoteke mora biti manja od 10MB.)"},{"$i":"bluetooth","$v":"Bluetooth"},{"$i":"export","$v":"Prenošenje"},{"$i":"export-contacts","$v":"Izvezi kontakte"},{"$i":"simExport-title","$v":"Prenesi na SIM"},{"$i":"memoryCardExport-title","$v":"Izvoz na memorijsku karticu ..."},{"$i":"btExport-title","$v":"Prenesi na Bluetooth"},{"$i":"noSimMsgExport","$v":"Za izvoz kontakata umetnite ili otključajte svoju SIM karticu"},{"$i":"noSdcardExport","$v":"Za izvoz kontakata, umetnite memorijsku karticu."},{"$i":"bluetoothNoConnection","$v":"Za izvoz kontakata povežite se na Bluetooth uređaj."},{"$i":"contact-exported","$v":["Izvezeno kontakata: ",{"t":"idOrVar","v":"exported"},"."]},{"$i":"contact-exported2","$v":{"zero":"Nema izvezenog kontakta.","one":"Izvezen je 1 kontakt.","few":["Izvezeno kontakata: ",{"t":"idOrVar","v":"exported"},"."],"many":["Izvezeno kontakata: ",{"t":"idOrVar","v":"exported"},"."],"other":["Izvezeno kontakata: ",{"t":"idOrVar","v":"exported"},"."],"two":["Izvezeno kontakata: ",{"t":"idOrVar","v":"exported"},"."]},"$x":[{"t":"idOrVar","v":"plural"},"exported"]},{"$i":"export-contact-failed","$v":"Izvoz kontakata nije uspio"},{"$i":"contact-export-error-sim-full","$v":"Izvoz kontakata nije završen jer je SIM kartica puna."},{"$i":"contact-export-error-sd-full","$v":"Izvoz kontakata koji nisu završeni zbog memorijske kartice je pun."},{"$i":"contact-export-error-unknown","$v":"Izvoz kontakata nije dovršen zbog pogreške."},{"$i":"contact-export-canceled","$v":"Postupak izvoza je otkazan."},{"$i":"save","$v":"Sačuvaj"},{"$i":"back","$v":"Nazad"},{"$i":"givenName","$v":"Ime"},{"$i":"familyName","$v":"Prezime"},{"$i":"name","$v":"Ime"},{"$i":"org","$v":"Kompanija"},{"$i":"ringtone","$v":"Ton zvona"},{"$i":"note","$v":"Napomena"},{"$i":"photo","$v":"Slika"},{"$i":"email","$v":"Adresa e-pošte"},{"$i":"adr","$v":"Adresa"},{"$i":"custom","$v":"Prilagođeno"},{"$i":"confirm-discard-contact-data","$v":"Informacije o kontaktu će biti otkazane. Želite li sačuvati ovaj kontakt?"},{"$i":"confirm-discard-contact-update-data","$v":"Promjene će biti otkazane. Želite li sačuvati ovaj kontakt?"},{"$i":"discard-contact-data","$v":"Promjene će se odbaciti."},{"$i":"discard","$v":"Otkaži"},{"$i":"add-others","$v":"Dodaj drugo"},{"$i":"custom-label","$v":"Prilagođena etiketa"},{"$i":"input-the-custom-type","$v":"Unesite prilagođeni tip"},{"$i":"contact-added","$v":"Kontakt je dodat."},{"$i":"delete-prompt-message","$v":["Izbrisati ",{"t":"idOrVar","v":"field"},"?"]},{"$i":"delete-photo-msg","$v":"slika"},{"$i":"delete-ringtone-msg","$v":"Ton zvona"},{"$i":"delete-bday-msg","$v":"Rođendan"},{"$i":"delete-note-msg","$v":"Napomena"},{"$i":"delete-org-msg","$v":"Kompanija"},{"$i":"personal","$v":"Lično"},{"$i":"mobile","$v":"Mobilni"},{"$i":"current","$v":"Trenutno"},{"$i":"home","$v":"Kućni"},{"$i":"work","$v":"Posao"},{"$i":"other","$v":"Drugo"},{"$i":"fax-home","$v":"Kućni faks"},{"$i":"fax-office","$v":"Uredski faks"},{"$i":"fax-other","$v":"Drugi faks"},{"$i":"add-phone","$v":"Dodaj telefon"},{"$i":"add-tel","$v":"Dodaj telefon"},{"$i":"add-email","$v":"Dodaj e-poštu"},{"$i":"add-ringtone","$v":"Dodaj melodiju"},{"$i":"add-adr","$v":"Unesite adresu"},{"$i":"add-bday","$v":"Dodaj rođendan"},{"$i":"add-photo","$v":"Dodaj sliku"},{"$i":"add-note","$v":"Dodaj bilješku"},{"$i":"add-org","$v":"Dodaj kompaniju"},{"$i":"add-tel-number","$v":"Dodaj broj telefona"},{"$i":"delete-tel","$v":"Izbriši broj telefona"},{"$i":"delete-email","$v":"Izbriši adresu e-pošte"},{"$i":"delete-ringtone","$v":"Izbriši melodiju"},{"$i":"delete-adr","$v":"Izbriši adresu"},{"$i":"delete-bday","$v":"Izbriši datum rođenja"},{"$i":"delete-photo","$v":"Izbriši sliku"},{"$i":"delete-note","$v":"Izbriši napomenu"},{"$i":"delete-org","$v":"Izbriši kompaniju"},{"$i":"edit-tel-type","$v":"Uredi vrstu telefona"},{"$i":"edit-email-type","$v":"Uredi vrstu adrese e-pošte"},{"$i":"edit-adr-type","$v":"Uredi vrstu adrese"},{"$i":"edit-bday-type","$v":"Uredi rođendan"},{"$i":"replace-photo","$v":"Promijeni fotografiju"},{"$i":"replace-ringtone","$v":"Promijeni melodiju zvona"},{"$i":"mobile-tel","$v":"Mobilni telefon"},{"$i":"home-tel","$v":"Kućni telefon"},{"$i":"work-tel","$v":"Poslovni telefon"},{"$i":"personal-tel","$v":"Lični telefon"},{"$i":"fax-home-tel","$v":"Kućni faks"},{"$i":"fax-office-tel","$v":"Uredski faks"},{"$i":"fax-other-tel","$v":"Drugi faks"},{"$i":"other-tel","$v":"Drugi telefon"},{"$i":"personal-email","$v":"Lični email"},{"$i":"work-email","$v":"Work email"},{"$i":"other-email","$v":"Drugi e-mail"},{"$i":"custom-email","$v":[{"t":"idOrVar","v":"type"}," e-pošta"]},{"$i":"custom-tel","$v":[{"t":"idOrVar","v":"type"}," telefon"]},{"$i":"personal-adr","$v":"Lična adresa"},{"$i":"current-adr","$v":"Trenutna adresa"},{"$i":"home-adr","$v":"Kućna adresa"},{"$i":"work-adr","$v":"Poslovna adresa"},{"$i":"custom-adr","$v":[{"t":"idOrVar","v":"type"}," adresa"]},{"$i":"bday","$v":"Rođendan"},{"$i":"birthday","$v":"Rođendan"},{"$i":"streetAddress","$v":"Ulica"},{"$i":"locality","$v":"Grad"},{"$i":"postalCode","$v":"Poštanski broj"},{"$i":"countryName","$v":"Država"},{"$i":"region","$v":"Država"},{"$i":"no-name","$v":"Bez imena"},{"$i":"new-contact","$v":"Novi kontakt"},{"$i":"options","$v":"Opcije"},{"$i":"cancel","$v":"Otkaži"},{"$i":"settings","$v":"Postavke"},{"$i":"edit","$v":"Uredi"},{"$i":"share","$v":"Podijeli"},{"$i":"remove","$v":"Ukloni"},{"$i":"compose","$v":"Sastavi"},{"$i":"new-contact-title","$v":"Novi kontakt"},{"$i":"edit-title","$v":"Uređivanje kontakta"},{"$i":"music","$v":"Muzika"},{"$i":"adr-type","$v":"vrsta adrese"},{"$i":"email-type","$v":"Vrsta e-pošte"},{"$i":"tel-type","$v":"Tip telefona"},{"$i":"ICEContactsGroup","$v":"ICE kontakti"},{"$i":"setICEButton","$v":"Postavi ICE kontakte"},{"$i":"ICESettingTitle","$v":"ICE kontakti"},{"$i":"ICEDescription","$v":"Dodajte pet kontakata za obavljanje poziva „U hitnom slučaju“."},{"$i":"ICEContact","$v":["ICE kontakt ",{"t":"idOrVar","v":"n"}]},{"$i":"ICESelectContact","$v":"Odaberi kontakt"},{"$i":"delete-ice-contact-warning","$v":"Jeste li sigurni da želite ukloniti ICE kontakt?"},{"$i":"confirm","$v":"Potvrda"},{"$i":"add-ice-failed","$v":"Dodavanje ICE nije uspjelo"},{"$i":"create-group","$v":"Kreiraj grupu"},{"$i":"group-name","$v":"Naziv grupe"},{"$i":"group","$v":"GRUPA"},{"$i":"new-group-created","$v":"Stvara se nova grupa."},{"$i":"create-group-failed","$v":"Kreiraj grupu nije uspelo."},{"$i":"create-group-too-many","$v":["Možete kreirati samo sljedeći broj grupa: ",{"t":"idOrVar","v":"number"},"."]},{"$i":"create-group-duplicate","$v":"Dvostruko ime."},{"$i":"rename-group-failed","$v":"Preimenovanje grupe nije uspjelo."},{"$i":"new-group","$v":"Novo"},{"$i":"rename","$v":"Preimenuj"},{"$i":"duplicate-removed","$v":"Duplicirani kontakti uklonjeni."},{"$i":"add-to-group","$v":"Dodaj grupi"},{"$i":"remove-from-group","$v":"Ukloni iz grupe"},{"$i":"added-to","$v":["Dodano u ",{"t":"idOrVar","v":"group"}]},{"$i":"removed-from","$v":["Uklonjeno iz ",{"t":"idOrVar","v":"group"}]},{"$i":"select-group","$v":"Izaberite Grupa"},{"$i":"rename-group","$v":"Preimenuj grupu"},{"$i":"delete-group","$v":["Jeste li sigurni da želite izbrisati ",{"t":"idOrVar","v":"group"},"?"]},{"$i":"unable-add-warn","$v":"Kontaktu računu nije moguće dodati grupi."},{"$i":"edit-contact","$v":"Uređivanje kontakta"},{"$i":"send-message","$v":"Pošalji poruku"},{"$i":"call","$v":"Poziv"},{"$i":"call-sim-1","$v":"Poziv - SIM 1"},{"$i":"call-sim-2","$v":"Poziv - SIM 2"},{"$i":"send-email","$v":"Pošalji e-poštu"},{"$i":"choose-number","$v":"Odaberite broj"},{"$i":"choose-email-address","$v":"Odaberi e-poštu"},{"$i":"delete","$v":"Izbriši"},{"$i":"select","$v":"Odaberi"},{"$i":"select-all","$v":"Odaberi sve"},{"$i":"select-all2","$v":"Sve"},{"$i":"deselect-all","$v":"Poništi sve"},{"$i":"deselect-all2","$v":"Ništa"},{"$i":"deselect","$v":"Poništi"},{"$i":"selected-contacts","$v":{"few":[{"t":"idOrVar","v":"n"}," izabrano"],"many":[{"t":"idOrVar","v":"n"}," izabrano"],"one":[{"t":"idOrVar","v":"n"}," izabrano"],"other":[{"t":"idOrVar","v":"n"}," izabrano"],"two":[{"t":"idOrVar","v":"n"}," izabrano"],"zero":[{"t":"idOrVar","v":"n"}," izabrano"]},"$x":[{"t":"idOrVar","v":"plural"},"n"]},{"$i":"massive-delete","$v":"Izbriši kontakte"},{"$i":"confirm-contact-delete","$v":["Jeste li sigurni da želite izbrisati kontakt \"",{"t":"idOrVar","v":"name"},"\"?"]},{"$i":"DeletedTxt","$v":{"few":[{"t":"idOrVar","v":"n"}," kontakata uklonjeno"],"many":[{"t":"idOrVar","v":"n"}," kontakata uklonjeno"],"one":"Uklonjen je 1 kontakt","other":[{"t":"idOrVar","v":"n"}," kontakata uklonjeno"],"two":[{"t":"idOrVar","v":"n"}," kontakata uklonjeno"],"zero":"Nema kontakata za brisanje"},"$x":[{"t":"idOrVar","v":"plural"},"n"]},{"$i":"DeletingContacts","$v":"Izbriši kontakte"},{"$i":"DeletingContactsProgressing","$v":"Brisanje kontakata"},{"$i":"ContactConfirmDel","$v":{"few":["Izbriši ",{"t":"idOrVar","v":"n"}," kontakte? Ovo se ne može poništiti."],"many":["Izbriši ",{"t":"idOrVar","v":"n"}," kontakte? Ovo se ne može poništiti."],"one":"Izbriši 1 kontakt? Ovo se ne može poništiti.","other":["Izbriši ",{"t":"idOrVar","v":"n"}," kontakte? Ovo se ne može poništiti."],"two":["Izbriši kontakte (",{"t":"idOrVar","v":"n"},")? Ovo se ne može poništiti."],"zero":"Nema kontakata za brisanje"},"$x":[{"t":"idOrVar","v":"plural"},"n"]},{"$i":"contact-deleted","$v":{"zero":"0.0","one":"1 kontakt je izbrisan","few":["Izbr. kontakata: ",{"t":"idOrVar","v":"n"},"."],"many":["Izbr. kontakata: ",{"t":"idOrVar","v":"n"},"."],"other":["Izbr. kontakata: ",{"t":"idOrVar","v":"n"},"."],"two":["Izbr. kontakata: ",{"t":"idOrVar","v":"n"},"."]},"$x":[{"t":"idOrVar","v":"plural"},"n"]},{"$i":"a-contact-deleted","$v":"Kontakt je izbrisan."},{"$i":"settings-title","$v":"Postavke kontakata"},{"$i":"change-will-update-until-restart","$v":"Promjene će se ažurirati prilikom sljedećeg pokretanja kontakata."},{"$i":"transfer-contacts","$v":"Prenos kontakata"},{"$i":"service-number","$v":"Broj usluge"},{"$i":"no-contacts-found","$v":"Nije pronađeno podudaranje."},{"$i":"search","$v":"Traži kontakte","placeholder":"Traži kontakte"},{"$i":"search-option","$v":"Traži"},{"$i":"accounts","$v":"Računi"},{"$i":"account","$v":"Račun"},{"$i":"add-account","$v":"Dodaj račun"},{"$i":"add-account-failed","$v":"Došlo je do nepoznate greške, pokušajte ponovo kasnije."},{"$i":"duplicate-account-warn","$v":"Račun već postoji. Sinhronizacija je uključena."},{"$i":"setting-up-account","$v":"Postavljanje računa"},{"$i":"no-network-warn","$v":"Nema internet veze."},{"$i":"username","$v":"Korisničko ime"},{"$i":"password","$v":"Lozinka"},{"$i":"delete-account","$v":"Izbriši račun"},{"$i":"delete-account-long","$v":"Obriši račun"},{"$i":"delete-account-warn","$v":"Ako obrišete ovaj račun, to će uticati i na aplikacije koje ga koriste."},{"$i":"deleting-account","$v":"Brisanje računa ..."},{"$i":"delete-account-failed","$v":"Brisanje računa nije uspjelo, pokušajte ponovo kasnije."},{"$i":"delete-account-ok","$v":"Račun je izbrisan."},{"$i":"sync","$v":"Sinhronizuj"},{"$i":"sync-title","$v":"Sinhronizacija kontakata"},{"$i":"sync-failed-warn","$v":"Nije uspela sinhronizacija."},{"$i":"sync-off-warn","$v":"Sinkronizacija je isključena na Postavkama."},{"$i":"show-account-contacts","$v":"Prikaži kontakte računa"},{"$i":"sync-account-contacts","$v":"sinhronizacija kontakata računa"},{"$i":"sync-account-contacts-warning","$v":["Uređivanje kontakta za račun neće se sinhronizirati s oblakom kad je \"",{"t":"idOrVar","v":"switch"},"\" neoznačen. Želite li i dalje ukloniti ovu oznaku?"]},{"$i":"yes","$v":"Da"},{"$i":"all-contacts-synced","$v":"Svi kontakti se sinhronizuju."},{"$i":"contact-syncing","$v":"Kontakti Syncing ..."},{"$i":"contacts-sync-limit-exceed","$v":"Sinhronizacija kontakata nije dovršena zbog prekoračenog ograničenja za kontakte."},{"$i":"show-password","$v":"Prikaži lozinku"},{"$i":"password-incorrect","$v":"Netačna lozinka."},{"$i":"re-enter-password","$v":"Ponovo unesite lozinku"},{"$i":"accessing-warn","$v":"Došlo je do problema prilikom pristupanja računu."},{"$i":"accessing-warn-password","$v":"Ponovo unesite lozinku."},{"$i":"re-enter-password-on-setting","$v":"Ponovo unesite lozinku u postavkama kontakata."},{"$i":"accessing-warn-relogin","$v":"Izbrišite račun i ponovo se prijavite."},{"$i":"update-password-failed","$v":"Ažuriranje lozinke nije uspjelo, pokušajte ponovo kasnije."},{"$i":"connect-time-out","$v":["Uspostavljanje veze sa serverom „",{"t":"idOrVar","v":"server"},"“ nije moguće. Moguć je problem s mrežom."]},{"$i":"server-error","$v":"Server je nedostupan. Pokušajte ponovo kasnije."},{"$i":"loading","$v":"Učitavanje..."},{"$i":"ellipsis","$v":"..."},{"$i":"stop-syncing-warn-title","$v":"Sinhronizacija kontakata"},{"$i":"stop-syncing-warn","$v":"Zatvaranje aplikacije zaustavit će postupak sinkronizacije kontakata. Da li ga i dalje želite zatvoriti?"},{"$i":"weekday-0-long","$v":"Nedjelja"},{"$i":"weekday-1-long","$v":"Ponedjeljak"},{"$i":"weekday-2-long","$v":"Utorak"},{"$i":"weekday-3-long","$v":"Srijeda"},{"$i":"weekday-4-long","$v":"Četvrtak"},{"$i":"weekday-5-long","$v":"Petak"},{"$i":"weekday-6-long","$v":"Subota"},{"$i":"weekday-0-short","$v":"Ned."},{"$i":"weekday-1-short","$v":"Pon."},{"$i":"weekday-2-short","$v":"Uto."},{"$i":"weekday-3-short","$v":"Sri."},{"$i":"weekday-4-short","$v":"Čet."},{"$i":"weekday-5-short","$v":"Pet."},{"$i":"weekday-6-short","$v":"Sub."},{"$i":"month-0-long","$v":"Januar"},{"$i":"month-1-long","$v":"Februar"},{"$i":"month-2-long","$v":"Mart"},{"$i":"month-3-long","$v":"April"},{"$i":"month-4-long","$v":"Maj"},{"$i":"month-5-long","$v":"Juni"},{"$i":"month-6-long","$v":"Juli"},{"$i":"month-7-long","$v":"Avgust"},{"$i":"month-8-long","$v":"Septembar"},{"$i":"month-9-long","$v":"Oktobar"},{"$i":"month-10-long","$v":"Novembar"},{"$i":"month-11-long","$v":"Decembar"},{"$i":"month-0-genitive","$v":"Januar"},{"$i":"month-1-genitive","$v":"Februar"},{"$i":"month-2-genitive","$v":"Mart"},{"$i":"month-3-genitive","$v":"April"},{"$i":"month-4-genitive","$v":"Maj"},{"$i":"month-5-genitive","$v":"Juni"},{"$i":"month-6-genitive","$v":"Juli"},{"$i":"month-7-genitive","$v":"Avgust"},{"$i":"month-8-genitive","$v":"Septembar"},{"$i":"month-9-genitive","$v":"Oktobar"},{"$i":"month-10-genitive","$v":"Novembar"},{"$i":"month-11-genitive","$v":"Decembar"},{"$i":"month-0-short","$v":"Jan."},{"$i":"month-1-short","$v":"Feb."},{"$i":"month-2-short","$v":"Mart"},{"$i":"month-3-short","$v":"Apr."},{"$i":"month-4-short","$v":"Maj"},{"$i":"month-5-short","$v":"Juni"},{"$i":"month-6-short","$v":"Juli"},{"$i":"month-7-short","$v":"Avg."},{"$i":"month-8-short","$v":"Sep."},{"$i":"month-9-short","$v":"Okt."},{"$i":"month-10-short","$v":"Nov."},{"$i":"month-11-short","$v":"Dec."},{"$i":"minutes-ago-long","$v":{"few":["Prije ",{"t":"idOrVar","v":"value"}," minute/a"],"many":["Prije ",{"t":"idOrVar","v":"value"}," minute/a"],"other":["Prije ",{"t":"idOrVar","v":"value"}," minute/a"],"two":["Prije ",{"t":"idOrVar","v":"value"}," minute/a"],"one":"prije jedan minut","zero":"sada"},"$x":[{"t":"idOrVar","v":"plural"},"value"]},{"$i":"hours-ago-long","$v":{"few":["Prije ",{"t":"idOrVar","v":"value"}," sata/i"],"many":["Prije ",{"t":"idOrVar","v":"value"}," sata/i"],"other":["Prije ",{"t":"idOrVar","v":"value"}," sata/i"],"two":["Prije ",{"t":"idOrVar","v":"value"}," sata/i"],"one":"1 sat prije","zero":"sada"},"$x":[{"t":"idOrVar","v":"plural"},"value"]},{"$i":"days-ago-long","$v":{"few":["prije ",{"t":"idOrVar","v":"value"}," dana"],"many":["prije ",{"t":"idOrVar","v":"value"}," dana"],"one":"jučer","other":["prije ",{"t":"idOrVar","v":"value"}," dana"],"two":["prije ",{"t":"idOrVar","v":"value"}," dana"],"zero":"danas"},"$x":[{"t":"idOrVar","v":"plural"},"value"]},{"$i":"weeks-ago-long","$v":{"few":["Prije ",{"t":"idOrVar","v":"value"}," sedmice/a"],"many":["Prije ",{"t":"idOrVar","v":"value"}," sedmice/a"],"one":"prošle sedmice","other":["Prije ",{"t":"idOrVar","v":"value"}," sedmice/a"],"two":["Prije ",{"t":"idOrVar","v":"value"}," sedmice/a"],"zero":"ova sedmica"},"$x":[{"t":"idOrVar","v":"plural"},"value"]},{"$i":"months-ago-long","$v":{"few":["Prije ",{"t":"idOrVar","v":"value"}," mjeseca/i"],"many":["Prije ",{"t":"idOrVar","v":"value"}," mjeseca/i"],"one":"prošli mjesec","other":["Prije ",{"t":"idOrVar","v":"value"}," mjeseca/i"],"two":["Prije ",{"t":"idOrVar","v":"value"}," mjeseca/i"],"zero":"ovaj mjesec"},"$x":[{"t":"idOrVar","v":"plural"},"value"]},{"$i":"years-ago-long","$v":{"few":["Prije ",{"t":"idOrVar","v":"value"}," godine/a"],"many":["Prije ",{"t":"idOrVar","v":"value"}," godine/a"],"one":"prošle godine","other":["Prije ",{"t":"idOrVar","v":"value"}," godine/a"],"two":["Prije ",{"t":"idOrVar","v":"value"}," godine/a"],"zero":"ova godina"},"$x":[{"t":"idOrVar","v":"plural"},"value"]},{"$i":"minutes-until-long","$v":{"few":["za ",{"t":"idOrVar","v":"value"}," minuta"],"many":["za ",{"t":"idOrVar","v":"value"}," minuta"],"other":["za ",{"t":"idOrVar","v":"value"}," minuta"],"two":["za ",{"t":"idOrVar","v":"value"}," minuta"],"zero":"sada","one":"za 1 minutu"},"$x":[{"t":"idOrVar","v":"plural"},"value"]},{"$i":"hours-until-long","$v":{"few":["za ",{"t":"idOrVar","v":"value"}," sati"],"many":["za ",{"t":"idOrVar","v":"value"}," sati"],"other":["za ",{"t":"idOrVar","v":"value"}," sati"],"two":["za ",{"t":"idOrVar","v":"value"}," sati"],"zero":"sada","one":"za 1 sat"},"$x":[{"t":"idOrVar","v":"plural"},"value"]},{"$i":"days-until-long","$v":{"few":["za ",{"t":"idOrVar","v":"value"}," dana"],"many":["za ",{"t":"idOrVar","v":"value"}," dana"],"one":"sutra","other":["za ",{"t":"idOrVar","v":"value"}," dana"],"two":["za ",{"t":"idOrVar","v":"value"}," dana"],"zero":"danas"},"$x":[{"t":"idOrVar","v":"plural"},"value"]},{"$i":"weeks-until-long","$v":{"few":["za ",{"t":"idOrVar","v":"value"}," sedmica"],"many":["za ",{"t":"idOrVar","v":"value"}," sedmica"],"one":"sljedeća sedmica","other":["za ",{"t":"idOrVar","v":"value"}," sedmica"],"two":["za ",{"t":"idOrVar","v":"value"}," sedmica"],"zero":"ova sedmica"},"$x":[{"t":"idOrVar","v":"plural"},"value"]},{"$i":"months-until-long","$v":{"few":["za ",{"t":"idOrVar","v":"value"}," mjeseci"],"many":["za ",{"t":"idOrVar","v":"value"}," mjeseci"],"one":"sljedeći mjesec","other":["za ",{"t":"idOrVar","v":"value"}," mjeseci"],"two":["za ",{"t":"idOrVar","v":"value"}," mjeseci"],"zero":"ovaj mjesec"},"$x":[{"t":"idOrVar","v":"plural"},"value"]},{"$i":"years-until-long","$v":{"few":["za ",{"t":"idOrVar","v":"value"}," godina"],"many":["za ",{"t":"idOrVar","v":"value"}," godina"],"one":"sljedeća godina","other":["za ",{"t":"idOrVar","v":"value"}," godina"],"two":["za ",{"t":"idOrVar","v":"value"}," godina"],"zero":"ova godina"},"$x":[{"t":"idOrVar","v":"plural"},"value"]},{"$i":"minutes-ago-short","$v":{"other":["Prije ",{"t":"idOrVar","v":"value"},"m"],"zero":"sada"},"$x":[{"t":"idOrVar","v":"plural"},"value"]},{"$i":"hours-ago-short","$v":{"other":["Prije ",{"t":"idOrVar","v":"value"},"h"],"zero":"sada"},"$x":[{"t":"idOrVar","v":"plural"},"value"]},{"$i":"days-ago-short","$v":{"other":["Prije ",{"t":"idOrVar","v":"value"},"d"],"zero":"danas"},"$x":[{"t":"idOrVar","v":"plural"},"value"]},{"$i":"minutes-until-short","$v":{"other":["za ",{"t":"idOrVar","v":"value"},"m"],"zero":"sada"},"$x":[{"t":"idOrVar","v":"plural"},"value"]},{"$i":"hours-until-short","$v":{"other":["za ",{"t":"idOrVar","v":"value"},"s"],"zero":"sada"},"$x":[{"t":"idOrVar","v":"plural"},"value"]},{"$i":"days-until-short","$v":{"other":["za ",{"t":"idOrVar","v":"value"},"d"],"zero":"danas"},"$x":[{"t":"idOrVar","v":"plural"},"value"]},{"$i":"incorrectDate","$v":"(netačan datum)"},{"$i":"dateTimeFormat_%c","$v":"%a %b %e %Y %I:%M:%S %p"},{"$i":"dateTimeFormat_%x","$v":"%m/%d/%Y"},{"$i":"dateTimeFormat_%X","$v":"%I:%M:%S %p"},{"$i":"shortTimeFormat","$v":"%I:%M %p"},{"$i":"shortTimeFormat12","$v":"%I:%M %p"},{"$i":"shortTimeFormat24","$v":"%H:%M"},{"$i":"shortDateTimeFormat","$v":"%x %I:%M %p"},{"$i":"weekStartsOnMonday","$v":"0.0"},{"$i":"firstDayOfTheWeek","$v":"1.0"},{"$i":"time_am","$v":"AM"},{"$i":"time_pm","$v":"PM"},{"$i":"sim-with-index-and-carrier","$v":["SIM ",{"t":"idOrVar","v":"index"}," - ",{"t":"idOrVar","v":"carrier"}]},{"$i":"sim-without-carrier","$v":["SIM ",{"t":"idOrVar","v":"index"}]}]