[{"$i":"contacts","$v":"Kontakter"},{"$i":"view","$v":"Vis"},{"$i":"no-contacts","$v":"Ingen kontakter."},{"$i":"reading-contacts","$v":"Indlæser kontakter"},{"$i":"start-adding","$v":"Tryk på Ny eller gå til Indstillinger for at tilføje kontakter."},{"$i":"no-contact-available","$v":"Der er ingen tilgængelig kontakt"},{"$i":"requested-contact-not-available","$v":"Anmodede oplysninger er ikke tilgængelige på eksisterende kontakter."},{"$i":"cannot-add-as-empty","$v":"Kan ikke føje til kontakt, fordi din kontaktliste er tom"},{"$i":"ok","$v":"OK"},{"$i":"no-phone-number-to-dial","$v":"Intet telefonnummer at ringe op"},{"$i":"video-call","$v":"Videoopkald"},{"$i":"rtt-call","$v":"RTT-opkald"},{"$i":"select-a-contact","$v":"Vælg en kontakt"},{"$i":"multi-pick-max-warn","$v":["Det højst tilladte antal valgte er ",{"t":"idOrVar","v":"n"}]},{"$i":"add-contact-failed","$v":"Kontakten kunne ikke tilføjes"},{"$i":"no-sim-card-available","$v":"Intet SIM-kort tilgængeligt"},{"$i":"email-cannot-add-to-sim","$v":"E-mail understøttes ikke af det aktuelle hukommelsesvalg."},{"$i":"add-info-failed","$v":"Tilføj info mislykkedes"},{"$i":"no-contact-to-add","$v":"Der er ingen tilgængelig kontakt at tilføje."},{"$i":"move","$v":"Flyt"},{"$i":"copy","$v":"Kopiér"},{"$i":"copy-contacts","$v":"Kop. kontakter"},{"$i":"move-contacts","$v":"Flyt kontakter"},{"$i":"phone-memory","$v":"Telefonhukom."},{"$i":"sim-memory","$v":"SIM-hukommelse"},{"$i":"sim-0-memory","$v":"SIM 1-hukommelse"},{"$i":"sim-1-memory","$v":"SIM 2-hukommelse"},{"$i":"move-from","$v":"Flyt fra"},{"$i":"copy-from","$v":"Kopiér fra"},{"$i":"to","$v":"Til"},{"$i":"move-contacts-progressing","$v":"Flytter kontakt(er)..."},{"$i":"copy-contacts-progressing","$v":"Kopierer kontakt(er)..."},{"$i":"contact-move-to-sim","$v":{"few":[{"t":"idOrVar","v":"migrated"}," kontakter flyttet til SIM."],"many":[{"t":"idOrVar","v":"migrated"}," kontakter flyttet til SIM."],"one":"1 kontakt flyttet til SIM.","other":[{"t":"idOrVar","v":"migrated"}," kontakter flyttet til SIM."],"two":[{"t":"idOrVar","v":"migrated"}," kontakter flyttet til SIM."],"zero":"Ingen kontakt flyttet til SIM."},"$x":[{"t":"idOrVar","v":"plural"},"migrated"]},{"$i":"contact-copy-to-sim","$v":{"few":[{"t":"idOrVar","v":"migrated"}," kontakter kopieret til SIM."],"many":[{"t":"idOrVar","v":"migrated"}," kontakter kopieret til SIM."],"one":"1 kontakt kopieret til SIM.","other":[{"t":"idOrVar","v":"migrated"}," kontakter kopieret til SIM."],"two":[{"t":"idOrVar","v":"migrated"}," kontakter kopieret til SIM."],"zero":"Ingen kontakt kopieret til SIM."},"$x":[{"t":"idOrVar","v":"plural"},"migrated"]},{"$i":"contact-move-to-sim0","$v":{"few":[{"t":"idOrVar","v":"migrated"}," kontakter flyttet til SIM 1."],"many":[{"t":"idOrVar","v":"migrated"}," kontakter flyttet til SIM 1."],"one":"1 kontakt flyttet til SIM 1.","other":[{"t":"idOrVar","v":"migrated"}," kontakter flyttet til SIM 1."],"two":[{"t":"idOrVar","v":"migrated"}," kontakter flyttet til SIM 1."],"zero":"Ingen kontakt flyttet til SIM 1."},"$x":[{"t":"idOrVar","v":"plural"},"migrated"]},{"$i":"contact-copy-to-sim0","$v":{"few":[{"t":"idOrVar","v":"migrated"}," kontakt(er) kopieret til SIM 1."],"many":[{"t":"idOrVar","v":"migrated"}," kontakt(er) kopieret til SIM 1."],"one":"1 kontakt kopieret til SIM 1.","other":[{"t":"idOrVar","v":"migrated"}," kontakt(er) kopieret til SIM 1."],"two":[{"t":"idOrVar","v":"migrated"}," kontakt(er) kopieret til SIM 1."],"zero":"Ingen kontakt kopieret til SIM 1."},"$x":[{"t":"idOrVar","v":"plural"},"migrated"]},{"$i":"contact-move-to-sim1","$v":{"few":[{"t":"idOrVar","v":"migrated"}," kontakter flyttet til SIM 2."],"many":[{"t":"idOrVar","v":"migrated"}," kontakter flyttet til SIM 2."],"one":"1 kontakt flyttet til SIM 2.","other":[{"t":"idOrVar","v":"migrated"}," kontakter flyttet til SIM 2."],"two":[{"t":"idOrVar","v":"migrated"}," kontakter flyttet til SIM 2."],"zero":"Ingen kontakt flyttet til SIM 2."},"$x":[{"t":"idOrVar","v":"plural"},"migrated"]},{"$i":"contact-copy-to-sim1","$v":{"few":[{"t":"idOrVar","v":"migrated"}," kontakt(er) kopieret til SIM 2."],"many":[{"t":"idOrVar","v":"migrated"}," kontakt(er) kopieret til SIM 2."],"one":"1 kontakt kopieret til SIM 2.","other":[{"t":"idOrVar","v":"migrated"}," kontakt(er) kopieret til SIM 2."],"two":[{"t":"idOrVar","v":"migrated"}," kontakt(er) kopieret til SIM 2."],"zero":"Ingen kontakt kopieret til SIM 2."},"$x":[{"t":"idOrVar","v":"plural"},"migrated"]},{"$i":"contact-move-to-device","$v":{"one":"1 kontakt blev flyttet til telefonen.","zero":"Ingen kontakt blev flyttet til telefonen.","few":[{"t":"idOrVar","v":"migrated"}," kontakter flyttet til telefon."],"many":[{"t":"idOrVar","v":"migrated"}," kontakter flyttet til telefon."],"other":[{"t":"idOrVar","v":"migrated"}," kontakter flyttet til telefon."],"two":[{"t":"idOrVar","v":"migrated"}," kontakter flyttet til telefon."]},"$x":[{"t":"idOrVar","v":"plural"},"migrated"]},{"$i":"contact-copy-to-device","$v":{"one":"1 kontakt kopieret til telefonen.","zero":"Ingen kontakt kopieret til telefonen.","few":[{"t":"idOrVar","v":"migrated"}," kontakter kopieret til telefon."],"many":[{"t":"idOrVar","v":"migrated"}," kontakter kopieret til telefon."],"other":[{"t":"idOrVar","v":"migrated"}," kontakter kopieret til telefon."],"two":[{"t":"idOrVar","v":"migrated"}," kontakter kopieret til telefon."]},"$x":[{"t":"idOrVar","v":"plural"},"migrated"]},{"$i":"copy-contact-failed","$v":"Kopiering af kontakter mislykkedes"},{"$i":"move-contact-failed","$v":"Flytning af kontakter mislykkedes"},{"$i":"contact-copy-error-sim-full","$v":"Kopiering af kontakter, der ikke er fuldført på grund af SIM-kort, er fuld."},{"$i":"contact-copy-error-unknown","$v":"Kopiering af kontakter er ikke afsluttet på grund af en fejl."},{"$i":"contact-copy-error-limit-exceeded","$v":"Kopiering af kontakten blev ikke fuldført, fordi telefonens grænse for kontakter er overskredet."},{"$i":"contact-move-error-sim-full","$v":"Flytning af kontakter, der ikke er fuldført, fordi SIM-kortet er fuldt."},{"$i":"contact-move-error-unknown","$v":"Flyt kontakter, der ikke er komplet på grund af en fejl."},{"$i":"contact-move-error-limit-exceeded","$v":"Flytningen af kontakter blev ikke fuldført, fordi telefonens grænse for kontakter er overskredet."},{"$i":"contact-save-error-unknown","$v":"Gem kontakt ikke fuldført på grund af en fejl."},{"$i":"memory","$v":"Hukommelse"},{"$i":"phone-and-sim","$v":"Telefon og SIM"},{"$i":"phone","$v":"Telefon"},{"$i":"sim","$v":"SIM-kort"},{"$i":"reloading-contact","$v":"Genindlæser kontakter..."},{"$i":"contact-reloaded","$v":"Kontakter genindlæst"},{"$i":"message","$v":"Besked"},{"$i":"changes-saved","$v":"Ændringerne er gemt."},{"$i":"already-ice-contact","$v":"Den valgte kontakt er allerede indstillet til ICE."},{"$i":"phone-contacts-limit-exceeded","$v":"Grænsen for telefonkontakter er overskredet."},{"$i":"sim-contacts-limit-exceeded","$v":"Grænsen for SIM-kontakter er overskredet."},{"$i":"more-info","$v":"Mere"},{"$i":"callAirplaneModeTitle","$v":"Flytilstand aktiveret"},{"$i":"callAirplaneModeMessage","$v":"Hvis du vil foretage et opkald, skal du deaktivere flytilstand i Indstillinger."},{"$i":"emergencyDialogTitle","$v":"Ingen netværksforbindelse"},{"$i":"emergencyDialogBodyBadNumber","$v":"Hvis du vil foretage et opkald, skal telefonen være forbundet til et netværk."},{"$i":"emergencyDialogBodyDeviceNotAccepted","$v":"Nødopkald er ikke tilladt af netværket."},{"$i":"invalidNumberToDialTitle","$v":"Ugyldigt telefonnummer"},{"$i":"invalidNumberToDialMessage","$v":"Det telefonnummer, du ringer til, er ikke gyldigt."},{"$i":"invalidNumberToSendTitle","$v":"Ugyldigt telefonnummer"},{"$i":"invalidNumberToSendMessage","$v":"Det telefonnummer, du sender en besked til, er ikke gyldigt."},{"$i":"emergency-call-only","$v":"Kun nødopkald"},{"$i":"emergency-call-error","$v":[{"t":"idOrVar","v":"number"}," er ikke et alarmnummer."]},{"$i":"numberIsBusyTitle","$v":"Nummeret er optaget"},{"$i":"numberIsBusyMessage","$v":"Nummeret er optaget. Prøv igen senere."},{"$i":"fdnIsActiveTitle","$v":"Begrænsede numre aktiv"},{"$i":"fdnIsActiveMessage","$v":["Begrænsede numre er aktiveret, og følgende nummer er ikke på din liste over begrænsede numre: ",{"t":"idOrVar","v":"number"}]},{"$i":"otherConnectionInUseTitle","$v":"Anden forbindelse i brug"},{"$i":"otherConnectionInUseMessage","$v":"Du har et aktivt opkald på en anden forbindelse. Du kan kun bruge en forbindelse ad gangen."},{"$i":"GenericFailure","$v":"Generisk fejl"},{"$i":"CallFailed","$v":"Opkald mislykkedes"},{"$i":"scCallBarring","$v":"Opkaldsspærring"},{"$i":"scCallForwarding","$v":"Omstilling"},{"$i":"scClip","$v":"Indgående opkalds-id"},{"$i":"scClir","$v":"Udgående opkalds-id"},{"$i":"scPwd","$v":"Adgangskode ændret"},{"$i":"scCallWaiting","$v":"Banke på"},{"$i":"scPin","$v":"PIN-ændring"},{"$i":"scPin2","$v":"PIN2-ændring"},{"$i":"scPuk","$v":"Fjern blokering af PIN"},{"$i":"scPuk2","$v":"Fjern blokering af PIN2"},{"$i":"scImei","$v":"IMEI"},{"$i":"scMeid","$v":"MEID"},{"$i":"scUssd","$v":"USSD"},{"$i":"set-speed-dial","$v":"Indstil kontakter for hurtigkald"},{"$i":"empty","$v":"Tom"},{"$i":"voicemail","$v":"Talebesked"},{"$i":"speed-dial","$v":"Hurtigkald"},{"$i":"add","$v":"Tilføj"},{"$i":"replace","$v":"Erstat"},{"$i":"remove-from-speed-dial","$v":"Fjern fra hurtigkald"},{"$i":"custom-dialog-replace-speed-dial","$v":["Er du sikker på, at du vil erstatte hurtigkald ",{"t":"idOrVar","v":"oldSpeedDial"}," med ",{"t":"idOrVar","v":"newSpeedDial"},"?"]},{"$i":"custom-dialog-remove-speed-dial","$v":["Er du sikker på, at du vil fjerne ",{"t":"idOrVar","v":"name"}," fra hurtigkald?"]},{"$i":"speed-dial-added","$v":"Nummer til hurtigkald tilføjet."},{"$i":"speed-dial-removed","$v":"Nummer til hurtigkald fjernet."},{"$i":"speed-dial-replaced","$v":"Nummer til hurtigkald opdateret."},{"$i":"voice-mail","$v":"Talebesked"},{"$i":"voice-mail-number","$v":["Telefonsvarernummer – SIM ",{"t":"idOrVar","v":"n"}]},{"$i":"voice-mail-number-single","$v":"Voicemail-nummer"},{"$i":"voice-mail-number-updated","$v":"Voicemail-nummer opdateret"},{"$i":"found-duplicates-message","$v":"Der blev fundet duplikerede oplysninger i følgende kontakter. Vil du sammenflette dem?"},{"$i":"confirm-to-merge-contacts","$v":["Er du sikker på, at du vil flette ",{"t":"idOrVar","v":"n"}," kontakter med ",{"t":"idOrVar","v":"name"},"?"]},{"$i":"contact-merged","$v":"Kontakt flettet"},{"$i":"find-duplicate-contacts","$v":"Find dubletter af kontakter"},{"$i":"no-duplicate-contact-found","$v":"Ingen dubletter af kontakter blev fundet"},{"$i":"merge","$v":"Flet"},{"$i":"find-dup","$v":"Find dubletter af kontakter"},{"$i":"find-dup-title","$v":"Find dubletter af kontakter"},{"$i":"finding-dup-message","$v":"Søger efter dubletter af kontakter..."},{"$i":"dup-found-title","$v":"Dubletter fundet"},{"$i":"dup-found-message","$v":"Der blev fundet duplikerede oplysninger i den eller de følgende kontakter. Vil du sammenflette dem?"},{"$i":"no-dup-found","$v":"Der blev ikke fundet nogen dubletter"},{"$i":"merge-conflict-warn","$v":["Følgende oplysninger overskrives af \"",{"t":"idOrVar","v":"name"},"\":"]},{"$i":"merge-conflict-confirm","$v":"Er du sikker på, at du vil sammenflette kontakterne?"},{"$i":"add-favorite","$v":"Tilføj som favorit"},{"$i":"remove-favorite","$v":"Fjern fra favoritter"},{"$i":"favorite-contacts","$v":"Favorit"},{"$i":"add-block","$v":"Bloker dette nummer"},{"$i":"remove-block","$v":"Fjern blokering af dette nummer"},{"$i":"add-block-email","$v":"Bloker denne e-mail"},{"$i":"remove-block-email","$v":"Fjern blokering af denne email"},{"$i":"add-block-contact-warning","$v":"Du modtager ikke telefonopkald og beskeder fra personer på listen over blokerede personer."},{"$i":"add-block-email-warning","$v":"Du vil ikke modtage meddelelser fra denne e-mailadresse."},{"$i":"block","$v":"Blokér"},{"$i":"unblock","$v":"Unblock"},{"$i":"block-contacts","$v":"Bloker kontakter"},{"$i":"add-block-header","$v":"Tilføj blokeret nummer"},{"$i":"remove-block-alert","$v":"Fjernet fra Bloker kontakter."},{"$i":"duplicate-block-number","$v":"Kan ikke tilføje et dubleret nummer."},{"$i":"sort-contacts","$v":"Sortér kontakter"},{"$i":"sort-by-first-name","$v":"Sortér efter fornavn"},{"$i":"sort-by-last-name","$v":"Sortér efter efternavn"},{"$i":"no-support-open-multi-vcard","$v":"Kan ikke åbne vCard med flere kontakter"},{"$i":"import","$v":"Importér"},{"$i":"sdcard","$v":"Hukommelseskort"},{"$i":"simcard","$v":"SIM-kort"},{"$i":"import-contacts","$v":"Importér kontakter"},{"$i":"simContacts-error","$v":"Kontakter kunne ikke importeres fra SIM"},{"$i":"memoryCardContacts-error","$v":"Kontakter kunne ikke importeres fra hukommelseskortet"},{"$i":"novCardFiles","$v":"Der er ingen kontaktfil tilgængelig på hukommelseskortet."},{"$i":"fullDiskSpace-error","$v":"Lageret er fuldt, kontakterne kunne ikke importeres."},{"$i":"socialServiceContacts-error","$v":["Kontakter kan ikke importeres fra ",{"t":"idOrVar","v":"service"},"."]},{"$i":"socialServiceContacts-noNetwork","$v":["Ingen internetforbindelse. Kontakter kan ikke importeres fra ",{"t":"idOrVar","v":"service"},"."]},{"$i":"simContacts-reading","$v":"Læser kontakter fra SIM-kort…"},{"$i":"memoryCardContacts-reading","$v":"Læser kontakter fra hukommelseskort…"},{"$i":"importContactsTitle","$v":"Importér kontakter"},{"$i":"retry","$v":"Prøv igen"},{"$i":"noSimMsg","$v":"Hvis  du vil importere kontakter, skal du indsætte eller låse op for dit SIM-kort"},{"$i":"noSdcardMsg","$v":"Hvis  du vil importere kontakter, skal du indsætte et hukommelseskort"},{"$i":"not-imported","$v":"Ikke importeret"},{"$i":"imported","$v":"Importeret"},{"$i":"importing","$v":"Importerer"},{"$i":"contact-imported","$v":[{"t":"idOrVar","v":"imported"}," kontakter importeret. ",{"t":"idOrVar","v":"dupes"}," kontakter flettet."]},{"$i":"contact-imported2","$v":{"one":"1 kontakt importeret.","zero":"Ingen kontakt importeret.","few":[{"t":"idOrVar","v":"imported"}," kontakter importeret."],"many":[{"t":"idOrVar","v":"imported"}," kontakter importeret."],"other":[{"t":"idOrVar","v":"imported"}," kontakter importeret."],"two":[{"t":"idOrVar","v":"imported"}," kontakter importeret."]},"$x":[{"t":"idOrVar","v":"plural"},"imported"]},{"$i":"reading-contacts-from-sim","$v":"Læser kontakt(er) fra SIM-kort…"},{"$i":"reading-contacts-from-gmail","$v":"Læser kontakt(er) fra Gmail..."},{"$i":"reading-contacts-from-live","$v":"Læser kontakt(er) fra Outlook..."},{"$i":"reading-contacts-from-sd","$v":"Læser kontakt(er) fra hukommelseskort…"},{"$i":"reading-contacts-from-vcard","$v":"Læser kontakt(er) fra fil…"},{"$i":"importing-contacts-from-sim","$v":"Importerer kontakt(er) fra SIM-kort…"},{"$i":"importing-contacts-from-gmail","$v":"Importerer kontakt(er) fra Gmail..."},{"$i":"importing-contacts-from-live","$v":"Importerer kontakt(er) fra Outlook..."},{"$i":"importing-contacts-from-sd","$v":"Importerer kontakt(er) fra hukommelseskort…"},{"$i":"importing-contacts-from-vcard","$v":"Importerer kontakt(er) fra fil…"},{"$i":"connect-network-to-import","$v":"Hvis du vil importere kontakter, skal du oprette forbindelse til Wi-Fi eller et datanetværk"},{"$i":"importing-confirm","$v":["Importér ",{"t":"idOrVar","v":"n"}," kontakt(er) fra filen \"",{"t":"idOrVar","v":"fileName"},"\"?"]},{"$i":"importing-cancel-confirm","$v":"0.0"},{"$i":"import-contact-failed","$v":"Import af kontakter mislykkedes"},{"$i":"phone-storage-full","$v":"Telefonens lager er fuldt."},{"$i":"import-contact-storage-full","$v":"Kontakter kan ikke importeres. Slet applikationsdata for at frigøre plads."},{"$i":"contact-import-error-disk-full","$v":"Kontakterne blev ikke importeret, fordi lageret er fuldt. Slet programdata for at frigøre plads."},{"$i":"contact-import-error-sim-full","$v":"Import af kontakter blev ikke fuldført, fordi SIM-kortet er fuldt."},{"$i":"contact-import-error-unknown","$v":"Import af kontakter er ufuldstændige på grund af en fejl."},{"$i":"import-contacts-canceled","$v":"0.0"},{"$i":"close","$v":"Luk"},{"$i":"import-process-cancel","$v":"Importproces annulleret."},{"$i":"import-limit-header","$v":"Filstørrelsesgrænsen overskredet"},{"$i":"inner-import-limit-content","$v":"Enhver kontakts filstørrelse, der overstiger 10 MB, er ikke importeret."},{"$i":"activity-import-limit-contact","$v":"Kunne ikke importere kontakterne på grund af filstørrelsesgrænsen overskredet."},{"$i":"activity-import-limit-additional","$v":"(Filstørrelsen skal være mindre end 10MB.)"},{"$i":"bluetooth","$v":"Bluetooth"},{"$i":"export","$v":"Eksportér"},{"$i":"export-contacts","$v":"Eksportér kontakter"},{"$i":"simExport-title","$v":"Eksportér til SIM"},{"$i":"memoryCardExport-title","$v":"Eksporterer til hukommelseskort ..."},{"$i":"btExport-title","$v":"Eksportér til Bluetooth"},{"$i":"noSimMsgExport","$v":"Hvis  du vil eksportere kontakter, skal du indsætte eller låse op for dit SIM-kort"},{"$i":"noSdcardExport","$v":"Hvis du vil eksportere kontakter, skal du indsætte et hukommelseskort."},{"$i":"bluetoothNoConnection","$v":"Hvis du vil eksportere kontakter, skal du oprette forbindelse til en Bluetooth-enhed."},{"$i":"contact-exported","$v":[{"t":"idOrVar","v":"exported"}," kontakter eksporteret."]},{"$i":"contact-exported2","$v":{"zero":"Ingen kontakt eksporteret.","one":"1 kontakt blev eksporteret.","few":[{"t":"idOrVar","v":"exported"}," kontakter eksporteret."],"many":[{"t":"idOrVar","v":"exported"}," kontakter eksporteret."],"other":[{"t":"idOrVar","v":"exported"}," kontakter eksporteret."],"two":[{"t":"idOrVar","v":"exported"}," kontakter eksporteret."]},"$x":[{"t":"idOrVar","v":"plural"},"exported"]},{"$i":"export-contact-failed","$v":"Kontakten kunne ikke eksporteres"},{"$i":"contact-export-error-sim-full","$v":"Eksport af kontakter er ikke fuldført, fordi SIM-kortet er fuldt."},{"$i":"contact-export-error-sd-full","$v":"Eksporter kontakter, der ikke er gennemført på grund af hukommelseskort, er fulde."},{"$i":"contact-export-error-unknown","$v":"Eksport af kontakter er ikke afsluttet på grund af en fejl."},{"$i":"contact-export-canceled","$v":"Eksport er annulleret."},{"$i":"save","$v":"Gem"},{"$i":"back","$v":"Tilbage"},{"$i":"givenName","$v":"Fornavn"},{"$i":"familyName","$v":"Efternavn"},{"$i":"name","$v":"Navn"},{"$i":"org","$v":"Virksomhed"},{"$i":"ringtone","$v":"Ringetone"},{"$i":"note","$v":"Note"},{"$i":"photo","$v":"Billede"},{"$i":"email","$v":"E-mail"},{"$i":"adr","$v":"Adresse"},{"$i":"custom","$v":"Tilpas"},{"$i":"confirm-discard-contact-data","$v":"Kontaktoplysninger kasseres. Vil du gemme denne kontakt?"},{"$i":"confirm-discard-contact-update-data","$v":"Ændringerne kasseres. Vil du gemme denne kontakt?"},{"$i":"discard-contact-data","$v":"Ændringerne kasseres."},{"$i":"discard","$v":"Kassér"},{"$i":"add-others","$v":"Tilføj andre"},{"$i":"custom-label","$v":"Brugerdefineret etiket"},{"$i":"input-the-custom-type","$v":"Indtast den brugerdefinerede type"},{"$i":"contact-added","$v":"Kontakten er tilføjet."},{"$i":"delete-prompt-message","$v":["Slet ",{"t":"idOrVar","v":"field"},"?"]},{"$i":"delete-photo-msg","$v":"billede"},{"$i":"delete-ringtone-msg","$v":"Ringetone"},{"$i":"delete-bday-msg","$v":"Fødselsdag"},{"$i":"delete-note-msg","$v":"Note"},{"$i":"delete-org-msg","$v":"Virksomhed"},{"$i":"personal","$v":"Personlig"},{"$i":"mobile","$v":"Mobil"},{"$i":"current","$v":"Aktuel"},{"$i":"home","$v":"Hjem"},{"$i":"work","$v":"Arbejde"},{"$i":"other","$v":"Andet"},{"$i":"fax-home","$v":"Fax privat"},{"$i":"fax-office","$v":"Fax arbejde"},{"$i":"fax-other","$v":"Anden fax"},{"$i":"add-phone","$v":"Tilføj telefon"},{"$i":"add-tel","$v":"Tilføj telefon"},{"$i":"add-email","$v":"Tilføj e-mail"},{"$i":"add-ringtone","$v":"Tilføj ringetone"},{"$i":"add-adr","$v":"Tilføj adresse"},{"$i":"add-bday","$v":"Tilføj fødselsdag"},{"$i":"add-photo","$v":"Tilføj billede"},{"$i":"add-note","$v":"Tilføj note"},{"$i":"add-org","$v":"Tilføj virksomhed"},{"$i":"add-tel-number","$v":"Tilføj telefonnummer"},{"$i":"delete-tel","$v":"Slet telefonnummer"},{"$i":"delete-email","$v":"Slet e-mail"},{"$i":"delete-ringtone","$v":"Slet ringetone"},{"$i":"delete-adr","$v":"Slet adresse"},{"$i":"delete-bday","$v":"Slet fødselsdag"},{"$i":"delete-photo","$v":"Slet billede"},{"$i":"delete-note","$v":"Slet note"},{"$i":"delete-org","$v":"Slet virksomhed"},{"$i":"edit-tel-type","$v":"Rediger telefontype"},{"$i":"edit-email-type","$v":"Rediger e-mailtype"},{"$i":"edit-adr-type","$v":"Rediger adressetype"},{"$i":"edit-bday-type","$v":"Rediger fødselsdag"},{"$i":"replace-photo","$v":"Skift foto"},{"$i":"replace-ringtone","$v":"Skift ringetone"},{"$i":"mobile-tel","$v":"Mobiltelefon"},{"$i":"home-tel","$v":"Telefon privat"},{"$i":"work-tel","$v":"Telefonnummer, arbejde"},{"$i":"personal-tel","$v":"Personlig telefon"},{"$i":"fax-home-tel","$v":"Fax privat"},{"$i":"fax-office-tel","$v":"Fax arbejde"},{"$i":"fax-other-tel","$v":"Anden fax"},{"$i":"other-tel","$v":"Anden telefon"},{"$i":"personal-email","$v":"Personlig e-mail"},{"$i":"work-email","$v":"Arbejds-e-mail"},{"$i":"other-email","$v":"Anden e-mail"},{"$i":"custom-email","$v":[{"t":"idOrVar","v":"type"}," e-mail"]},{"$i":"custom-tel","$v":[{"t":"idOrVar","v":"type"}," telefon"]},{"$i":"personal-adr","$v":"Personlig adresse"},{"$i":"current-adr","$v":"Aktuel adresse"},{"$i":"home-adr","$v":"Privatadresse"},{"$i":"work-adr","$v":"Arbejdsadresse"},{"$i":"custom-adr","$v":[{"t":"idOrVar","v":"type"}," adresse"]},{"$i":"bday","$v":"Fødselsdag"},{"$i":"birthday","$v":"Fødselsdag"},{"$i":"streetAddress","$v":"Gade"},{"$i":"locality","$v":"By"},{"$i":"postalCode","$v":"Postnummer"},{"$i":"countryName","$v":"Land"},{"$i":"region","$v":"Tilstand"},{"$i":"no-name","$v":"Uden navn"},{"$i":"new-contact","$v":"Ny kontakt"},{"$i":"options","$v":"Valg"},{"$i":"cancel","$v":"Annuller"},{"$i":"settings","$v":"Indstillinger"},{"$i":"edit","$v":"Rediger"},{"$i":"share","$v":"Del"},{"$i":"remove","$v":"Fjern"},{"$i":"compose","$v":"Skriv"},{"$i":"new-contact-title","$v":"Ny kontakt"},{"$i":"edit-title","$v":"Rediger kontakt"},{"$i":"music","$v":"Musik"},{"$i":"adr-type","$v":"Adressetype"},{"$i":"email-type","$v":"E-mail-type"},{"$i":"tel-type","$v":"Telefontype"},{"$i":"ICEContactsGroup","$v":"ICE-kontakter"},{"$i":"setICEButton","$v":"Indstil ICE-kontakter"},{"$i":"ICESettingTitle","$v":"ICE-kontakter"},{"$i":"ICEDescription","$v":"Tilføj fem kontakter til opkald i nødsituationer."},{"$i":"ICEContact","$v":["ICE-kontakt ",{"t":"idOrVar","v":"n"}]},{"$i":"ICESelectContact","$v":"Vælg en kontakt"},{"$i":"delete-ice-contact-warning","$v":"Er du sikker på, at du vil fjerne ICE-kontakten?"},{"$i":"confirm","$v":"Bekræftelse"},{"$i":"add-ice-failed","$v":"Tilføj ICE mislykkedes"},{"$i":"create-group","$v":"Opret gruppe"},{"$i":"group-name","$v":"Gruppe navn"},{"$i":"group","$v":"GRUPPE"},{"$i":"new-group-created","$v":"Ny gruppe er oprettet."},{"$i":"create-group-failed","$v":"Opret gruppe fejlede."},{"$i":"create-group-too-many","$v":["Du kan kun oprette ",{"t":"idOrVar","v":"number"}," grupper."]},{"$i":"create-group-duplicate","$v":"Dupliceret navn."},{"$i":"rename-group-failed","$v":"Omdøb gruppen mislykkedes."},{"$i":"new-group","$v":"Ny"},{"$i":"rename","$v":"Omdøb"},{"$i":"duplicate-removed","$v":"Duplikerede kontakter er fjernet."},{"$i":"add-to-group","$v":"Tilføj til gruppe"},{"$i":"remove-from-group","$v":"Fjern fra gruppe"},{"$i":"added-to","$v":["Tilføjet til ",{"t":"idOrVar","v":"group"}]},{"$i":"removed-from","$v":["Fjernet fra ",{"t":"idOrVar","v":"group"}]},{"$i":"select-group","$v":"Vælg gruppe"},{"$i":"rename-group","$v":"Omdøb gruppen"},{"$i":"delete-group","$v":["Er du sikker på, at du vil slette ",{"t":"idOrVar","v":"group"},"?"]},{"$i":"unable-add-warn","$v":"Kan ikke tilføje kontokontakt til gruppen."},{"$i":"edit-contact","$v":"Rediger kontakt"},{"$i":"send-message","$v":"Send besked"},{"$i":"call","$v":"Opkald"},{"$i":"call-sim-1","$v":"Opkald - SIM 1"},{"$i":"call-sim-2","$v":"Opkald - SIM 2"},{"$i":"send-email","$v":"Send e-mail"},{"$i":"choose-number","$v":"Vælg nummer"},{"$i":"choose-email-address","$v":"Vælg e-mail"},{"$i":"delete","$v":"Slet"},{"$i":"select","$v":"Vælg"},{"$i":"select-all","$v":"Vælg alle"},{"$i":"select-all2","$v":"Alle"},{"$i":"deselect-all","$v":"Fravælg alle"},{"$i":"deselect-all2","$v":"Intet"},{"$i":"deselect","$v":"Fravælg"},{"$i":"selected-contacts","$v":{"few":[{"t":"idOrVar","v":"n"}," valgt"],"many":[{"t":"idOrVar","v":"n"}," valgt"],"one":[{"t":"idOrVar","v":"n"}," valgt"],"other":[{"t":"idOrVar","v":"n"}," valgt"],"two":[{"t":"idOrVar","v":"n"}," valgt"],"zero":[{"t":"idOrVar","v":"n"}," valgt"]},"$x":[{"t":"idOrVar","v":"plural"},"n"]},{"$i":"massive-delete","$v":"Slet kontakter"},{"$i":"confirm-contact-delete","$v":["Er du sikker på, at du vil slette kontakten \"",{"t":"idOrVar","v":"name"},"\"?"]},{"$i":"DeletedTxt","$v":{"few":[{"t":"idOrVar","v":"n"}," kontakter fjernet"],"many":[{"t":"idOrVar","v":"n"}," kontakter fjernet"],"one":"1 kontakt fjernet","other":[{"t":"idOrVar","v":"n"}," kontakter fjernet"],"two":[{"t":"idOrVar","v":"n"}," kontakter fjernet"],"zero":"Ingen kontakter at slette"},"$x":[{"t":"idOrVar","v":"plural"},"n"]},{"$i":"DeletingContacts","$v":"Slet kontakter"},{"$i":"DeletingContactsProgressing","$v":"Sletter kontakter"},{"$i":"ContactConfirmDel","$v":{"few":["Slet ",{"t":"idOrVar","v":"n"}," kontakter? Dette kan ikke fortrydes."],"many":["Slet ",{"t":"idOrVar","v":"n"}," kontakter? Dette kan ikke fortrydes."],"one":"Slet 1 kontakt? Dette kan ikke fortrydes.","other":["Slet ",{"t":"idOrVar","v":"n"}," kontakter? Dette kan ikke fortrydes."],"two":["Slet ",{"t":"idOrVar","v":"n"}," kontakter? Dette kan ikke fortrydes."],"zero":"Ingen kontakter at slette"},"$x":[{"t":"idOrVar","v":"plural"},"n"]},{"$i":"contact-deleted","$v":{"zero":"0.0","one":"1 kontakt er slettet.","few":[{"t":"idOrVar","v":"n"}," kontakter slettet."],"many":[{"t":"idOrVar","v":"n"}," kontakter slettet."],"other":[{"t":"idOrVar","v":"n"}," kontakter slettet."],"two":[{"t":"idOrVar","v":"n"}," kontakter slettet."]},"$x":[{"t":"idOrVar","v":"plural"},"n"]},{"$i":"a-contact-deleted","$v":"Kontakten er slettet."},{"$i":"settings-title","$v":"Kontaktindstillinger"},{"$i":"change-will-update-until-restart","$v":"Ændringer opdateres næste gang Kontakter lanceres."},{"$i":"transfer-contacts","$v":"Overfør kontakter"},{"$i":"service-number","$v":"Tjenestenummer"},{"$i":"no-contacts-found","$v":"Der blev ikke fundet noget match."},{"$i":"search","$v":"Søg i kontakter","placeholder":"Søg i kontakter"},{"$i":"search-option","$v":"Søg"},{"$i":"accounts","$v":"Konti"},{"$i":"account","$v":"Konto"},{"$i":"add-account","$v":"Tilføj konto"},{"$i":"add-account-failed","$v":"Der opstod en ukendt fejl, prøv igen senere."},{"$i":"duplicate-account-warn","$v":"Kontoen findes allerede. Synkronisering er slået til."},{"$i":"setting-up-account","$v":"Opsætning af konto"},{"$i":"no-network-warn","$v":"Ingen internetforbindelse."},{"$i":"username","$v":"Brugernavn"},{"$i":"password","$v":"Adgangskode"},{"$i":"delete-account","$v":"Slet konto"},{"$i":"delete-account-long","$v":"Slet konto"},{"$i":"delete-account-warn","$v":"Hvis du sletter denne konto, påvirker det også apps, der bruger denne konto."},{"$i":"deleting-account","$v":"Sleter konto ..."},{"$i":"delete-account-failed","$v":"Kontoen blev ikke slettet. Prøv igen senere."},{"$i":"delete-account-ok","$v":"Konto slettet."},{"$i":"sync","$v":"Synkroniser"},{"$i":"sync-title","$v":"Synkr. kontakter"},{"$i":"sync-failed-warn","$v":"Kan ikke synkroniseres."},{"$i":"sync-off-warn","$v":"Synkroniseringen er slået fra under Indstillinger."},{"$i":"show-account-contacts","$v":"Vis kontokontakter"},{"$i":"sync-account-contacts","$v":"synkroniser kontokontakter"},{"$i":"sync-account-contacts-warning","$v":["Ændrede kontokontakter synkroniseres ikke med clouden, når \"",{"t":"idOrVar","v":"switch"},"\" ikke er markeret. Vil du fjerne markeringen alligevel?"]},{"$i":"yes","$v":"Ja"},{"$i":"all-contacts-synced","$v":"Alle kontakter synkroniseres."},{"$i":"contact-syncing","$v":"Kontakter synkronisering ..."},{"$i":"contacts-sync-limit-exceed","$v":"Synkronisering af kontakter blev ikke fuldført, fordi grænsen for kontakter er overskredet."},{"$i":"show-password","$v":"Vis adgangskode"},{"$i":"password-incorrect","$v":"Adgangskode forkert."},{"$i":"re-enter-password","$v":"Genindtast kodeord"},{"$i":"accessing-warn","$v":"Der var et problem med at få adgang til din konto."},{"$i":"accessing-warn-password","$v":"Indtast adgangskoden igen."},{"$i":"re-enter-password-on-setting","$v":"Venligst indtast adgangskoden igen under Kontakterindstilling."},{"$i":"accessing-warn-relogin","$v":"Slet kontoen, og log på igen."},{"$i":"update-password-failed","$v":"Adgangskoden blev ikke opdateret. Prøv igen senere."},{"$i":"connect-time-out","$v":["Der kunne ikke oprettes forbindelse til \"",{"t":"idOrVar","v":"server"},"\". Der er muligvis et problem med dit netværk."]},{"$i":"server-error","$v":"Serveren er ikke tilgængelig. Prøv igen senere."},{"$i":"loading","$v":"Indlæser..."},{"$i":"ellipsis","$v":"..."},{"$i":"stop-syncing-warn-title","$v":"Kontakter synkronisering"},{"$i":"stop-syncing-warn","$v":"Lukning af appen vil stoppe kontaktsynkroniseringsprocessen. Vil du stadig lukke det?"},{"$i":"weekday-0-long","$v":"Søndag"},{"$i":"weekday-1-long","$v":"Mandag"},{"$i":"weekday-2-long","$v":"Tirsdag"},{"$i":"weekday-3-long","$v":"Onsdag"},{"$i":"weekday-4-long","$v":"Torsdag"},{"$i":"weekday-5-long","$v":"Fredag"},{"$i":"weekday-6-long","$v":"Lørdag"},{"$i":"weekday-0-short","$v":"Søn"},{"$i":"weekday-1-short","$v":"Man"},{"$i":"weekday-2-short","$v":"Tir"},{"$i":"weekday-3-short","$v":"Ons"},{"$i":"weekday-4-short","$v":"Tor"},{"$i":"weekday-5-short","$v":"Fre"},{"$i":"weekday-6-short","$v":"Lør"},{"$i":"month-0-long","$v":"Januar"},{"$i":"month-1-long","$v":"Februar"},{"$i":"month-2-long","$v":"Marts"},{"$i":"month-3-long","$v":"April"},{"$i":"month-4-long","$v":"Maj"},{"$i":"month-5-long","$v":"Juni"},{"$i":"month-6-long","$v":"Juli"},{"$i":"month-7-long","$v":"August"},{"$i":"month-8-long","$v":"September"},{"$i":"month-9-long","$v":"Oktober"},{"$i":"month-10-long","$v":"November"},{"$i":"month-11-long","$v":"December"},{"$i":"month-0-genitive","$v":"Januar"},{"$i":"month-1-genitive","$v":"Februar"},{"$i":"month-2-genitive","$v":"Marts"},{"$i":"month-3-genitive","$v":"April"},{"$i":"month-4-genitive","$v":"Maj"},{"$i":"month-5-genitive","$v":"Juni"},{"$i":"month-6-genitive","$v":"Juli"},{"$i":"month-7-genitive","$v":"August"},{"$i":"month-8-genitive","$v":"September"},{"$i":"month-9-genitive","$v":"Oktober"},{"$i":"month-10-genitive","$v":"November"},{"$i":"month-11-genitive","$v":"December"},{"$i":"month-0-short","$v":"Jan"},{"$i":"month-1-short","$v":"Feb"},{"$i":"month-2-short","$v":"Mar"},{"$i":"month-3-short","$v":"Apr"},{"$i":"month-4-short","$v":"Maj"},{"$i":"month-5-short","$v":"Jun"},{"$i":"month-6-short","$v":"Jul"},{"$i":"month-7-short","$v":"Aug"},{"$i":"month-8-short","$v":"Sep"},{"$i":"month-9-short","$v":"Okt"},{"$i":"month-10-short","$v":"Nov"},{"$i":"month-11-short","$v":"Dec"},{"$i":"minutes-ago-long","$v":{"few":[{"t":"idOrVar","v":"value"}," minutter siden"],"many":[{"t":"idOrVar","v":"value"}," minutter siden"],"other":[{"t":"idOrVar","v":"value"}," minutter siden"],"two":[{"t":"idOrVar","v":"value"}," minutter siden"],"one":"et minut siden","zero":"lige nu"},"$x":[{"t":"idOrVar","v":"plural"},"value"]},{"$i":"hours-ago-long","$v":{"few":[{"t":"idOrVar","v":"value"}," timer siden"],"many":[{"t":"idOrVar","v":"value"}," timer siden"],"other":[{"t":"idOrVar","v":"value"}," timer siden"],"two":[{"t":"idOrVar","v":"value"}," timer siden"],"one":"1 time siden","zero":"lige nu"},"$x":[{"t":"idOrVar","v":"plural"},"value"]},{"$i":"days-ago-long","$v":{"few":[{"t":"idOrVar","v":"value"}," dage siden"],"many":[{"t":"idOrVar","v":"value"}," dage siden"],"one":"i går","other":[{"t":"idOrVar","v":"value"}," dage siden"],"two":[{"t":"idOrVar","v":"value"}," dage siden"],"zero":"i dag"},"$x":[{"t":"idOrVar","v":"plural"},"value"]},{"$i":"weeks-ago-long","$v":{"few":[{"t":"idOrVar","v":"value"}," uger siden"],"many":[{"t":"idOrVar","v":"value"}," uger siden"],"one":"sidste uge","other":[{"t":"idOrVar","v":"value"}," uger siden"],"two":[{"t":"idOrVar","v":"value"}," uger siden"],"zero":"denne uge"},"$x":[{"t":"idOrVar","v":"plural"},"value"]},{"$i":"months-ago-long","$v":{"few":[{"t":"idOrVar","v":"value"}," måneder siden"],"many":[{"t":"idOrVar","v":"value"}," måneder siden"],"one":"sidste måned","other":[{"t":"idOrVar","v":"value"}," måneder siden"],"two":[{"t":"idOrVar","v":"value"}," måneder siden"],"zero":"denne måned"},"$x":[{"t":"idOrVar","v":"plural"},"value"]},{"$i":"years-ago-long","$v":{"few":[{"t":"idOrVar","v":"value"}," år siden"],"many":[{"t":"idOrVar","v":"value"}," år siden"],"one":"sidste år","other":[{"t":"idOrVar","v":"value"}," år siden"],"two":[{"t":"idOrVar","v":"value"}," år siden"],"zero":"i år"},"$x":[{"t":"idOrVar","v":"plural"},"value"]},{"$i":"minutes-until-long","$v":{"few":["om ",{"t":"idOrVar","v":"value"}," minutter"],"many":["om ",{"t":"idOrVar","v":"value"}," minutter"],"other":["om ",{"t":"idOrVar","v":"value"}," minutter"],"two":["om ",{"t":"idOrVar","v":"value"}," minutter"],"zero":"nu","one":"om 1 minut"},"$x":[{"t":"idOrVar","v":"plural"},"value"]},{"$i":"hours-until-long","$v":{"few":["om ",{"t":"idOrVar","v":"value"}," timer"],"many":["om ",{"t":"idOrVar","v":"value"}," timer"],"other":["om ",{"t":"idOrVar","v":"value"}," timer"],"two":["om ",{"t":"idOrVar","v":"value"}," timer"],"zero":"nu","one":"om 1 time"},"$x":[{"t":"idOrVar","v":"plural"},"value"]},{"$i":"days-until-long","$v":{"few":["om ",{"t":"idOrVar","v":"value"}," dage"],"many":["om ",{"t":"idOrVar","v":"value"}," dage"],"one":"i morgen","other":["om ",{"t":"idOrVar","v":"value"}," dage"],"two":["om ",{"t":"idOrVar","v":"value"}," dage"],"zero":"i dag"},"$x":[{"t":"idOrVar","v":"plural"},"value"]},{"$i":"weeks-until-long","$v":{"few":["om ",{"t":"idOrVar","v":"value"}," uger"],"many":["om ",{"t":"idOrVar","v":"value"}," uger"],"one":"næste uge","other":["om ",{"t":"idOrVar","v":"value"}," uger"],"two":["om ",{"t":"idOrVar","v":"value"}," uger"],"zero":"denne uge"},"$x":[{"t":"idOrVar","v":"plural"},"value"]},{"$i":"months-until-long","$v":{"few":["om ",{"t":"idOrVar","v":"value"}," måneder"],"many":["om ",{"t":"idOrVar","v":"value"}," måneder"],"one":"næste måned","other":["om ",{"t":"idOrVar","v":"value"}," måneder"],"two":["om ",{"t":"idOrVar","v":"value"}," måneder"],"zero":"denne måned"},"$x":[{"t":"idOrVar","v":"plural"},"value"]},{"$i":"years-until-long","$v":{"few":["om ",{"t":"idOrVar","v":"value"}," år"],"many":["om ",{"t":"idOrVar","v":"value"}," år"],"one":"næste år","other":["om ",{"t":"idOrVar","v":"value"}," år"],"two":["om ",{"t":"idOrVar","v":"value"}," år"],"zero":"i år"},"$x":[{"t":"idOrVar","v":"plural"},"value"]},{"$i":"minutes-ago-short","$v":{"other":[{"t":"idOrVar","v":"value"},"m siden"],"zero":"lige nu"},"$x":[{"t":"idOrVar","v":"plural"},"value"]},{"$i":"hours-ago-short","$v":{"other":[{"t":"idOrVar","v":"value"},"t siden"],"zero":"lige nu"},"$x":[{"t":"idOrVar","v":"plural"},"value"]},{"$i":"days-ago-short","$v":{"other":[{"t":"idOrVar","v":"value"},"d siden"],"zero":"i dag"},"$x":[{"t":"idOrVar","v":"plural"},"value"]},{"$i":"minutes-until-short","$v":{"other":["om ",{"t":"idOrVar","v":"value"},"m"],"zero":"nu"},"$x":[{"t":"idOrVar","v":"plural"},"value"]},{"$i":"hours-until-short","$v":{"other":["om ",{"t":"idOrVar","v":"value"},"t"],"zero":"nu"},"$x":[{"t":"idOrVar","v":"plural"},"value"]},{"$i":"days-until-short","$v":{"other":["om ",{"t":"idOrVar","v":"value"},"d"],"zero":"i dag"},"$x":[{"t":"idOrVar","v":"plural"},"value"]},{"$i":"incorrectDate","$v":"(forkert dato)"},{"$i":"dateTimeFormat_%c","$v":"%a %b %e %Y %I:%M:%S %p"},{"$i":"dateTimeFormat_%x","$v":"%m/%d/%Y"},{"$i":"dateTimeFormat_%X","$v":"%I:%M:%S %p"},{"$i":"shortTimeFormat","$v":"%I:%M %p"},{"$i":"shortTimeFormat12","$v":"%I:%M %p"},{"$i":"shortTimeFormat24","$v":"%H:%M"},{"$i":"shortDateTimeFormat","$v":"%x %I:%M %p"},{"$i":"weekStartsOnMonday","$v":"0.0"},{"$i":"firstDayOfTheWeek","$v":"1.0"},{"$i":"time_am","$v":"AM"},{"$i":"time_pm","$v":"PM"},{"$i":"sim-with-index-and-carrier","$v":["SIM ",{"t":"idOrVar","v":"index"}," - ",{"t":"idOrVar","v":"carrier"}]},{"$i":"sim-without-carrier","$v":["SIM ",{"t":"idOrVar","v":"index"}]}]