[{"$i":"contacts","$v":"Kontakte"},{"$i":"view","$v":"Anzeigen"},{"$i":"no-contacts","$v":"Keine Kontakte"},{"$i":"reading-contacts","$v":"Kontakte werden geladen..."},{"$i":"start-adding","$v":"„Neu“ berühren/Einstellungen aufrufen: Kontakte hinzufügen"},{"$i":"no-contact-available","$v":"Kein Kontakt verfügbar"},{"$i":"requested-contact-not-available","$v":"Die angeforderten Informationen sind für die vorhandenen Kontakte nicht verfügbar."},{"$i":"cannot-add-as-empty","$v":"Kann nicht zu Kontakt hinzugefügt werden, da Ihre Kontaktliste leer ist"},{"$i":"ok","$v":"OK"},{"$i":"no-phone-number-to-dial","$v":"Keine zu wählende Telefonnummer"},{"$i":"video-call","$v":"Videoanruf"},{"$i":"rtt-call","$v":"RTT-Anruf"},{"$i":"select-a-contact","$v":"Kontakt auswählen"},{"$i":"multi-pick-max-warn","$v":["Maximal zulässige Anzahl: ",{"t":"idOrVar","v":"n"}]},{"$i":"add-contact-failed","$v":"Hinzufügen des Kontakts fehlgeschlagen"},{"$i":"no-sim-card-available","$v":"Keine SIM-Karte verfügbar"},{"$i":"email-cannot-add-to-sim","$v":"E-Mail wird von der aktuellen Speicherauswahl nicht unterstützt."},{"$i":"add-info-failed","$v":"Fehler beim Hinzufügen von Informationen"},{"$i":"no-contact-to-add","$v":"Es ist kein hinzuzufügender Kontakt vorhanden."},{"$i":"move","$v":"Verschieben"},{"$i":"copy","$v":"Kopieren"},{"$i":"copy-contacts","$v":"Kontakte kopieren"},{"$i":"move-contacts","$v":"Kontakte verschieben"},{"$i":"phone-memory","$v":"Telefonspeicher"},{"$i":"sim-memory","$v":"SIM-Speicher"},{"$i":"sim-0-memory","$v":"Speicher SIM 1"},{"$i":"sim-1-memory","$v":"Speicher SIM 2"},{"$i":"move-from","$v":"Verschieben von"},{"$i":"copy-from","$v":"Kopieren von"},{"$i":"to","$v":"An"},{"$i":"move-contacts-progressing","$v":"Kontakte werden verschoben..."},{"$i":"copy-contacts-progressing","$v":"Kontakte werden kopiert..."},{"$i":"contact-move-to-sim","$v":{"few":[{"t":"idOrVar","v":"migrated"}," Kontakte auf SIM-Karte verschoben."],"many":[{"t":"idOrVar","v":"migrated"}," Kontakte auf SIM-Karte verschoben."],"one":"1 Kontakt auf SIM-Karte verschoben.","other":[{"t":"idOrVar","v":"migrated"}," Kontakte auf SIM-Karte verschoben."],"two":[{"t":"idOrVar","v":"migrated"}," Kontakte auf SIM-Karte verschoben."],"zero":"Kein Kontakt auf SIM-Karte verschoben."},"$x":[{"t":"idOrVar","v":"plural"},"migrated"]},{"$i":"contact-copy-to-sim","$v":{"few":[{"t":"idOrVar","v":"migrated"}," Kontakte auf SIM-Karte kopiert."],"many":[{"t":"idOrVar","v":"migrated"}," Kontakte auf SIM-Karte kopiert."],"one":"1 Kontakt auf SIM-Karte kopiert.","other":[{"t":"idOrVar","v":"migrated"}," Kontakte auf SIM-Karte kopiert."],"two":[{"t":"idOrVar","v":"migrated"}," Kontakte auf SIM-Karte kopiert."],"zero":"Kein Kontakt auf SIM-Karte kopiert."},"$x":[{"t":"idOrVar","v":"plural"},"migrated"]},{"$i":"contact-move-to-sim0","$v":{"few":[{"t":"idOrVar","v":"migrated"}," Kontakte auf SIM 1 verschoben."],"many":[{"t":"idOrVar","v":"migrated"}," Kontakte auf SIM 1 verschoben."],"one":"1 Kontakt auf SIM 1 verschoben.","other":[{"t":"idOrVar","v":"migrated"}," Kontakte auf SIM 1 verschoben."],"two":[{"t":"idOrVar","v":"migrated"}," Kontakte auf SIM 1 verschoben."],"zero":"Kein Kontakt auf SIM 1 verschoben."},"$x":[{"t":"idOrVar","v":"plural"},"migrated"]},{"$i":"contact-copy-to-sim0","$v":{"few":[{"t":"idOrVar","v":"migrated"}," Kontakte auf SIM 1 kopiert."],"many":[{"t":"idOrVar","v":"migrated"}," Kontakte auf SIM 1 kopiert."],"one":"1 Kontakt auf SIM 1 kopiert.","other":[{"t":"idOrVar","v":"migrated"}," Kontakte auf SIM 1 kopiert."],"two":[{"t":"idOrVar","v":"migrated"}," Kontakte auf SIM 1 kopiert."],"zero":"Kein Kontakt auf SIM 1 kopiert."},"$x":[{"t":"idOrVar","v":"plural"},"migrated"]},{"$i":"contact-move-to-sim1","$v":{"few":[{"t":"idOrVar","v":"migrated"}," Kontakte auf SIM 2 verschoben."],"many":[{"t":"idOrVar","v":"migrated"}," Kontakte auf SIM 2 verschoben."],"one":"1 Kontakt auf SIM 2 verschoben.","other":[{"t":"idOrVar","v":"migrated"}," Kontakte auf SIM 2 verschoben."],"two":[{"t":"idOrVar","v":"migrated"}," Kontakte auf SIM 2 verschoben."],"zero":"Kein Kontakt auf SIM 2 verschoben."},"$x":[{"t":"idOrVar","v":"plural"},"migrated"]},{"$i":"contact-copy-to-sim1","$v":{"few":[{"t":"idOrVar","v":"migrated"}," Kontakte auf SIM 2 kopiert."],"many":[{"t":"idOrVar","v":"migrated"}," Kontakte auf SIM 2 kopiert."],"one":"1 Kontakt auf SIM 2 kopiert.","other":[{"t":"idOrVar","v":"migrated"}," Kontakte auf SIM 2 kopiert."],"two":[{"t":"idOrVar","v":"migrated"}," Kontakte auf SIM 2 kopiert."],"zero":"Kein Kontakt auf SIM 2 kopiert."},"$x":[{"t":"idOrVar","v":"plural"},"migrated"]},{"$i":"contact-move-to-device","$v":{"one":"1 Kontakt auf Gerät verschoben.","zero":"Kein Kontakt auf Gerät verschoben.","few":[{"t":"idOrVar","v":"migrated"}," Kontakte auf Gerät verschoben."],"many":[{"t":"idOrVar","v":"migrated"}," Kontakte auf Gerät verschoben."],"other":[{"t":"idOrVar","v":"migrated"}," Kontakte auf Gerät verschoben."],"two":[{"t":"idOrVar","v":"migrated"}," Kontakte auf Gerät verschoben."]},"$x":[{"t":"idOrVar","v":"plural"},"migrated"]},{"$i":"contact-copy-to-device","$v":{"one":"1 Kontakt auf Gerät kopiert.","zero":"Kein Kontakt auf Gerät kopiert.","few":[{"t":"idOrVar","v":"migrated"}," Kontakte auf Gerät kopiert."],"many":[{"t":"idOrVar","v":"migrated"}," Kontakte auf Gerät kopiert."],"other":[{"t":"idOrVar","v":"migrated"}," Kontakte auf Gerät kopiert."],"two":[{"t":"idOrVar","v":"migrated"}," Kontakte auf Gerät kopiert."]},"$x":[{"t":"idOrVar","v":"plural"},"migrated"]},{"$i":"copy-contact-failed","$v":"Kopieren der Kontakte fehlgeschlagen"},{"$i":"move-contact-failed","$v":"Verschieben der Kontakte fehlgeschlagen"},{"$i":"contact-copy-error-sim-full","$v":"Das Kopieren der Kontakte konnte nicht abgeschlossen werden, da die SIM-Karte voll ist."},{"$i":"contact-copy-error-unknown","$v":"Das Kopieren der Kontakte konnte aufgrund eines Fehlers nicht abgeschlossen werden."},{"$i":"contact-copy-error-limit-exceeded","$v":"Maximal zulässige Kontaktanzahl für Telefon überschritten, Kopiervorgang nicht abgeschlossen."},{"$i":"contact-move-error-sim-full","$v":"Das Verschieben der Kontakte konnte nicht abgeschlossen werden, da die SIM-Karte voll ist."},{"$i":"contact-move-error-unknown","$v":"Das Verschieben der Kontakte konnte aufgrund eines Fehlers nicht abgeschlossen werden."},{"$i":"contact-move-error-limit-exceeded","$v":"Maximal zulässige Kontaktanzahl für Telefon überschritten, Verschieben der Kontakte konnte nicht abgeschlossen werden."},{"$i":"contact-save-error-unknown","$v":"Das Speichern des Kontakts konnte aufgrund eines Fehlers nicht abgeschlossen werden."},{"$i":"memory","$v":"Arbeitsspeicher"},{"$i":"phone-and-sim","$v":"Telefon und SIM"},{"$i":"phone","$v":"Telefon"},{"$i":"sim","$v":"SIM"},{"$i":"reloading-contact","$v":"Kontakte werden neu geladen..."},{"$i":"contact-reloaded","$v":"Kontakte neu geladen"},{"$i":"message","$v":"Mitteilung"},{"$i":"changes-saved","$v":"Änderungen gespeichert."},{"$i":"already-ice-contact","$v":"Der ausgewählte Kontakt wurde bereits als Notfallkontakt festgelegt."},{"$i":"phone-contacts-limit-exceeded","$v":"Maximal zulässige Anzahl an Telefonkontakten überschritten"},{"$i":"sim-contacts-limit-exceeded","$v":"Maximal zulässige Anzahl an SIM-Kontakten überschritten"},{"$i":"more-info","$v":"Mehr"},{"$i":"callAirplaneModeTitle","$v":"Flugmodus aktiviert"},{"$i":"callAirplaneModeMessage","$v":"Um einen Anruf zu tätigen, müssen Sie den Flugmodus unter „Einstellungen“ deaktivieren."},{"$i":"emergencyDialogTitle","$v":"Keine Netzwerkverbindung"},{"$i":"emergencyDialogBodyBadNumber","$v":"Um einen Anruf zu tätigen, muss das Telefon mit einem Netzwerk verbunden sein."},{"$i":"emergencyDialogBodyDeviceNotAccepted","$v":"Notrufe werden vom Netzwerk nicht gestattet."},{"$i":"invalidNumberToDialTitle","$v":"Ungültige Telefonnummer"},{"$i":"invalidNumberToDialMessage","$v":"Die von Ihnen gewählte Telefonnummer ist ungültig."},{"$i":"invalidNumberToSendTitle","$v":"Ungültige Telefonnummer"},{"$i":"invalidNumberToSendMessage","$v":"Die Telefonnummer, an die Sie eine Mitteilung senden, ist nicht gültig."},{"$i":"emergency-call-only","$v":"Nur Notruf"},{"$i":"emergency-call-error","$v":[{"t":"idOrVar","v":"number"}," ist keine Notrufnummer."]},{"$i":"numberIsBusyTitle","$v":"Rufnummer ist besetzt"},{"$i":"numberIsBusyMessage","$v":"Die gewählte Rufnummer ist momentan besetzt. Versuchen Sie es später erneut."},{"$i":"fdnIsActiveTitle","$v":"Rufnummernbeschränkung aktiv"},{"$i":"fdnIsActiveMessage","$v":["Rufnummernbeschränkung (Fixed Dialing Numbers, FDN) ist aktiviert und folgende Nummer ist nicht in Ihrer FDN-Liste enthalten: ",{"t":"idOrVar","v":"number"}]},{"$i":"otherConnectionInUseTitle","$v":"Andere Verbindung aktiv"},{"$i":"otherConnectionInUseMessage","$v":"Sie haben einen aktiven Anruf auf einer anderen Verbindung. Sie können nur eine Verbindung zur Zeit verwenden."},{"$i":"GenericFailure","$v":"Allgemeiner Fehler"},{"$i":"CallFailed","$v":"Anruf fehlgeschlagen"},{"$i":"scCallBarring","$v":"Anrufsperre"},{"$i":"scCallForwarding","$v":"Rufumleitung"},{"$i":"scClip","$v":"Anrufer-ID bei eingehendem Anruf"},{"$i":"scClir","$v":"Anrufer-ID bei abgehendem Anruf"},{"$i":"scPwd","$v":"Passwort ändern"},{"$i":"scCallWaiting","$v":"Anklopfen"},{"$i":"scPin","$v":"PIN geändert"},{"$i":"scPin2","$v":"PIN2 geändert"},{"$i":"scPuk","$v":"PIN entsperren"},{"$i":"scPuk2","$v":"PIN2 entsperren"},{"$i":"scImei","$v":"IMEI"},{"$i":"scMeid","$v":"MEID"},{"$i":"scUssd","$v":"USSD"},{"$i":"set-speed-dial","$v":"Kurzwahlkontakte festlegen"},{"$i":"empty","$v":"Leer"},{"$i":"voicemail","$v":"Mailbox"},{"$i":"speed-dial","$v":"Kurzwahl"},{"$i":"add","$v":"Hinzufügen"},{"$i":"replace","$v":"Ersetzen"},{"$i":"remove-from-speed-dial","$v":"Aus Kurzwahl entfernen"},{"$i":"custom-dialog-replace-speed-dial","$v":["Möchten Sie Kurzwahl ",{"t":"idOrVar","v":"oldSpeedDial"}," wirklich durch ",{"t":"idOrVar","v":"newSpeedDial"}," ersetzen?"]},{"$i":"custom-dialog-remove-speed-dial","$v":["Möchten Sie ",{"t":"idOrVar","v":"name"}," wirklich aus der Kurzwahl entfernen?"]},{"$i":"speed-dial-added","$v":"Kurzwahlnummer hinzugefügt"},{"$i":"speed-dial-removed","$v":"Kurzwahlnummer entfernt"},{"$i":"speed-dial-replaced","$v":"Kurzwahlnummer aktualisiert"},{"$i":"voice-mail","$v":"Mailbox"},{"$i":"voice-mail-number","$v":["Mailboxnummer – SIM ",{"t":"idOrVar","v":"n"}]},{"$i":"voice-mail-number-single","$v":"Mailboxnummer"},{"$i":"voice-mail-number-updated","$v":"Mailbox-Nummer aktualisiert"},{"$i":"found-duplicates-message","$v":"In folgenden Kontakten wurden doppelte Informationen gefunden. Möchten Sie sie zusammenführen?"},{"$i":"confirm-to-merge-contacts","$v":["Möchten Sie ",{"t":"idOrVar","v":"n"}," Kontakte wirklich mit ",{"t":"idOrVar","v":"name"}," verbinden?"]},{"$i":"contact-merged","$v":"Kontakt zusammengeführt"},{"$i":"find-duplicate-contacts","$v":"Doppelte Kontakte suchen"},{"$i":"no-duplicate-contact-found","$v":"Keine doppelten Kontakte gefunden"},{"$i":"merge","$v":"Zusammenführen"},{"$i":"find-dup","$v":"Doppelte Kontakte suchen"},{"$i":"find-dup-title","$v":"Doppelte Kontakte suchen"},{"$i":"finding-dup-message","$v":"Nach doppelten Kontakten wird gesucht..."},{"$i":"dup-found-title","$v":"Doppelte Einträge gefunden"},{"$i":"dup-found-message","$v":"Für folgende Kontakte sind doppelte Informationen vorhanden: Möchten Sie diese zusammenführen?"},{"$i":"no-dup-found","$v":"Keine doppelten Einträge gefunden"},{"$i":"merge-conflict-warn","$v":["Folgende Informationen werden von „",{"t":"idOrVar","v":"name"},"“ überschrieben:"]},{"$i":"merge-conflict-confirm","$v":"Möchten Sie die Kontakte wirklich zusammenführen?"},{"$i":"add-favorite","$v":"Als Favorit hinzufügen"},{"$i":"remove-favorite","$v":"Favorit löschen"},{"$i":"favorite-contacts","$v":"Bevorzugte Kontakte"},{"$i":"add-block","$v":"Diese Nummer blockieren"},{"$i":"remove-block","$v":"Blockierung dieser Nummer aufheben"},{"$i":"add-block-email","$v":"Diese E-Mail-Adresse blockieren"},{"$i":"remove-block-email","$v":"Blockierung dieser E-Mail aufheben"},{"$i":"add-block-contact-warning","$v":"Sie erhalten keine Telefonanrufe und Mitteilungen von Kontakten, die in der Blockierungsliste enthalten sind."},{"$i":"add-block-email-warning","$v":"Sie erhalten keine Mitteilungen von dieser E-Mail-Adresse."},{"$i":"block","$v":"Blockieren"},{"$i":"unblock","$v":"Blockierung aufheben"},{"$i":"block-contacts","$v":"Kontakte blockieren"},{"$i":"add-block-header","$v":"Zu blockierende Nummer hinzufügen"},{"$i":"remove-block-alert","$v":"Aus „Kontakte blockieren“ entfernt."},{"$i":"duplicate-block-number","$v":"Hinzufügen einer bereits vorhandenen Nummer nicht möglich"},{"$i":"sort-contacts","$v":"Kontakte sortieren"},{"$i":"sort-by-first-name","$v":"Nach Vorname sortieren"},{"$i":"sort-by-last-name","$v":"Nach Nachname sortieren"},{"$i":"no-support-open-multi-vcard","$v":"vCard mit mehreren Kontakten kann nicht geöffnet werden"},{"$i":"import","$v":"Importieren"},{"$i":"sdcard","$v":"Speicherkarte"},{"$i":"simcard","$v":"SIM-Karte"},{"$i":"import-contacts","$v":"Kontakte importieren"},{"$i":"simContacts-error","$v":"Kontakte von SIM konnten nicht importiert werden"},{"$i":"memoryCardContacts-error","$v":"Kontakte von Speicherkarte konnten nicht importiert werden"},{"$i":"novCardFiles","$v":"Auf der Speicherkarte ist keine Datei mit Kontakten verfügbar."},{"$i":"fullDiskSpace-error","$v":"Der Speicher ist voll. Kontakte können nicht importiert werden."},{"$i":"socialServiceContacts-error","$v":["Fehler beim Import der Kontakte von: ",{"t":"idOrVar","v":"service"}]},{"$i":"socialServiceContacts-noNetwork","$v":["Die Kontakte von ",{"t":"idOrVar","v":"service"}," können nicht importiert werden, da keine Verbindung zum Internet besteht."]},{"$i":"simContacts-reading","$v":"Kontakte von SIM-Karte werden gelesen..."},{"$i":"memoryCardContacts-reading","$v":"Kontakte von Speicherkarte werden gelesen..."},{"$i":"importContactsTitle","$v":"Kontakte importieren"},{"$i":"retry","$v":"Wiederholen"},{"$i":"noSimMsg","$v":"Zum Importieren von Kontakten bitte SIM-Karte einlegen oder entsperren"},{"$i":"noSdcardMsg","$v":"Zum Importieren von Kontakten bitte Speicherkarte einlegen"},{"$i":"not-imported","$v":"Nicht importiert"},{"$i":"imported","$v":"Importiert"},{"$i":"importing","$v":"Wird importiert..."},{"$i":"contact-imported","$v":[{"t":"idOrVar","v":"imported"}," Kontakte importiert. ",{"t":"idOrVar","v":"dupes"}," Kontakte zusammengeführt."]},{"$i":"contact-imported2","$v":{"one":"1 Kontakt importiert","zero":"Kein Kontakt importiert.","few":[{"t":"idOrVar","v":"imported"}," Kontakte wurden importiert"],"many":[{"t":"idOrVar","v":"imported"}," Kontakte wurden importiert"],"other":[{"t":"idOrVar","v":"imported"}," Kontakte wurden importiert"],"two":[{"t":"idOrVar","v":"imported"}," Kontakte wurden importiert"]},"$x":[{"t":"idOrVar","v":"plural"},"imported"]},{"$i":"reading-contacts-from-sim","$v":"Kontakte von der SIM-Karte werden gelesen..."},{"$i":"reading-contacts-from-gmail","$v":"Kontakte aus Gmail werden gelesen..."},{"$i":"reading-contacts-from-live","$v":"Kontakte aus Outlook werden gelesen..."},{"$i":"reading-contacts-from-sd","$v":"Kontakte von der Speicherkarte werden gelesen..."},{"$i":"reading-contacts-from-vcard","$v":"Kontakte aus der Datei werden gelesen..."},{"$i":"importing-contacts-from-sim","$v":"Kontakte von der SIM-Karte werden importiert..."},{"$i":"importing-contacts-from-gmail","$v":"Kontakte aus Gmail werden importiert..."},{"$i":"importing-contacts-from-live","$v":"Kontakte aus Outlook werden importiert..."},{"$i":"importing-contacts-from-sd","$v":"Kontakte von der Speicherkarte werden importiert..."},{"$i":"importing-contacts-from-vcard","$v":"Kontakte aus der Datei werden importiert..."},{"$i":"connect-network-to-import","$v":"Verbindung zu Wi-Fi oder Datennetzwerk herstellen, um Kontakte zu importieren"},{"$i":"importing-confirm","$v":[{"t":"idOrVar","v":"n"}," Kontakt(e) aus Datei \"",{"t":"idOrVar","v":"fileName"},"\" importieren?"]},{"$i":"importing-cancel-confirm","$v":"Der Importvorgang wird angehalten, wenn Sie diesen Bildschirm schließen. Möchten Sie ihn trotzdem schließen?"},{"$i":"import-contact-failed","$v":"Kontaktimport fehlgeschlagen"},{"$i":"phone-storage-full","$v":"Telefonspeicher voll"},{"$i":"import-contact-storage-full","$v":"Importieren der Kontakten nicht möglich. Löschen Sie Anwendungsdaten, um Speicherplatz freizugeben."},{"$i":"contact-import-error-disk-full","$v":"Das Importieren der Kontakte konnte nicht abgeschlossen werden, weil der Speicher voll ist. Löschen Sie Anwendungsdaten, um Speicherplatz freizugeben."},{"$i":"contact-import-error-sim-full","$v":"Das Importieren der Kontakte konnte nicht abgeschlossen werden, da die SIM-Karte voll ist."},{"$i":"contact-import-error-unknown","$v":"Das Importieren der Kontakte konnte aufgrund eines Fehlers nicht abgeschlossen werden."},{"$i":"import-contacts-canceled","$v":"Importieren der Kontakte abgebrochen."},{"$i":"close","$v":"Schließen"},{"$i":"import-process-cancel","$v":"Importieren abgebrochen."},{"$i":"import-limit-header","$v":"Die maximale Dateigröße wurde überschritten."},{"$i":"inner-import-limit-content","$v":"Jede Kontaktdatei, die größer als 10 MB ist, wurde nicht importiert."},{"$i":"activity-import-limit-contact","$v":"Fehler beim Importieren der Kontakte, weil die maximale Dateigröße überschritten wurde."},{"$i":"activity-import-limit-additional","$v":"(Die Datei muss kleiner als 10 MB sein.)"},{"$i":"bluetooth","$v":"Bluetooth"},{"$i":"export","$v":"Exportieren"},{"$i":"export-contacts","$v":"Kontakte exportieren"},{"$i":"simExport-title","$v":"Auf SIM-Karte exportieren"},{"$i":"memoryCardExport-title","$v":"Auf Speicherkarte exportieren"},{"$i":"btExport-title","$v":"Per Bluetooth exportieren"},{"$i":"noSimMsgExport","$v":"Zum Exportieren von Kontakten bitte SIM-Karte einlegen oder entsperren"},{"$i":"noSdcardExport","$v":"Legen Sie zum Exportieren von Kontakten bitte eine Speicherkarte ein."},{"$i":"bluetoothNoConnection","$v":"Stellen Sie eine Verbindung zu einem Bluetooth-Gerät her, um Kontakte zu exportieren."},{"$i":"contact-exported","$v":[{"t":"idOrVar","v":"exported"}," Kontakte exportiert."]},{"$i":"contact-exported2","$v":{"zero":"Kein Kontakt exportiert.","one":"1 Kontakt exportiert","few":[{"t":"idOrVar","v":"exported"}," Kontakte exportiert."],"many":[{"t":"idOrVar","v":"exported"}," Kontakte exportiert."],"other":[{"t":"idOrVar","v":"exported"}," Kontakte exportiert."],"two":[{"t":"idOrVar","v":"exported"}," Kontakte exportiert."]},"$x":[{"t":"idOrVar","v":"plural"},"exported"]},{"$i":"export-contact-failed","$v":"Export des Kontakts fehlgeschlagen"},{"$i":"contact-export-error-sim-full","$v":"SIM-Karte voll. Exportieren von Kontakten nicht abgeschlossen."},{"$i":"contact-export-error-sd-full","$v":"Das Exportieren der Kontakte konnte nicht abgeschlossen werden, da die Speicherkarte voll ist."},{"$i":"contact-export-error-unknown","$v":"Das Exportieren der Kontakte konnte aufgrund eines Fehlers nicht abgeschlossen werden."},{"$i":"contact-export-canceled","$v":"Exportvorgang abgebrochen"},{"$i":"save","$v":"Speichern"},{"$i":"back","$v":"Zurück"},{"$i":"givenName","$v":"Vorname"},{"$i":"familyName","$v":"Nachname"},{"$i":"name","$v":"Name"},{"$i":"org","$v":"Unternehmen"},{"$i":"ringtone","$v":"Klingelton"},{"$i":"note","$v":"Hinweis"},{"$i":"photo","$v":"Bild"},{"$i":"email","$v":"E-Mail"},{"$i":"adr","$v":"Adresse"},{"$i":"custom","$v":"Benutzerdefiniert"},{"$i":"confirm-discard-contact-data","$v":"Kontaktinformationen werden verworfen. Möchten Sie diesen Kontakt speichern?"},{"$i":"confirm-discard-contact-update-data","$v":"Die Änderungen werden verworfen. Möchten Sie diesen Kontakt speichern?"},{"$i":"discard-contact-data","$v":"Die Änderungen werden verworfen."},{"$i":"discard","$v":"Verwerfen"},{"$i":"add-others","$v":"Andere hinzufügen"},{"$i":"custom-label","$v":"Benutzerdefiniertes Label"},{"$i":"input-the-custom-type","$v":"Benutzerdefinierten Typ eingeben"},{"$i":"contact-added","$v":"Kontakt hinzugefügt."},{"$i":"delete-prompt-message","$v":[{"t":"idOrVar","v":"field"}," löschen?"]},{"$i":"delete-photo-msg","$v":"Bild"},{"$i":"delete-ringtone-msg","$v":"Klingelton"},{"$i":"delete-bday-msg","$v":"Geburtstag"},{"$i":"delete-note-msg","$v":"Hinweis"},{"$i":"delete-org-msg","$v":"Unternehmen"},{"$i":"personal","$v":"Persönlich"},{"$i":"mobile","$v":"Mobile"},{"$i":"current","$v":"Aktuell"},{"$i":"home","$v":"Privat"},{"$i":"work","$v":"Geschäftlich"},{"$i":"other","$v":"Andere"},{"$i":"fax-home","$v":"Fax (privat)"},{"$i":"fax-office","$v":"Fax (geschäftlich)"},{"$i":"fax-other","$v":"Weiteres Fax"},{"$i":"add-phone","$v":"Telefon hinzufügen"},{"$i":"add-tel","$v":"Telefonnummer hinzufügen"},{"$i":"add-email","$v":"E-Mail hinzufügen"},{"$i":"add-ringtone","$v":"Klingelton hinzufügen"},{"$i":"add-adr","$v":"Adresse hinzufügen"},{"$i":"add-bday","$v":"Geburtstag hinzufügen"},{"$i":"add-photo","$v":"Bild hinzufügen"},{"$i":"add-note","$v":"Hinweis hinzufügen"},{"$i":"add-org","$v":"Firma hinzufügen"},{"$i":"add-tel-number","$v":"Telefonnummer hinzufügen"},{"$i":"delete-tel","$v":"Telefonnummer löschen"},{"$i":"delete-email","$v":"E-Mail löschen"},{"$i":"delete-ringtone","$v":"Klingelton löschen"},{"$i":"delete-adr","$v":"Adresse löschen"},{"$i":"delete-bday","$v":"Geburtstag löschen"},{"$i":"delete-photo","$v":"Bild löschen"},{"$i":"delete-note","$v":"Hinweis löschen"},{"$i":"delete-org","$v":"Firma löschen"},{"$i":"edit-tel-type","$v":"Telefontyp bearbeiten"},{"$i":"edit-email-type","$v":"E-Mail-Typ bearbeiten"},{"$i":"edit-adr-type","$v":"Adresstyp bearbeiten"},{"$i":"edit-bday-type","$v":"Geburtstag bearbeiten"},{"$i":"replace-photo","$v":"Bild ändern"},{"$i":"replace-ringtone","$v":"Klingelton ändern"},{"$i":"mobile-tel","$v":"Mobiltelefon"},{"$i":"home-tel","$v":"Telefon (privat)"},{"$i":"work-tel","$v":"Telefonnummer (geschäftlich)"},{"$i":"personal-tel","$v":"Persönliche Telefonnummer"},{"$i":"fax-home-tel","$v":"Fax (privat)"},{"$i":"fax-office-tel","$v":"Fax (geschäftlich)"},{"$i":"fax-other-tel","$v":"Weiteres Fax"},{"$i":"other-tel","$v":"Andere Telefonnummer"},{"$i":"personal-email","$v":"Persönliche E-Mail-Adresse"},{"$i":"work-email","$v":"E-Mail (geschäftlich)"},{"$i":"other-email","$v":"Andere E-Mail"},{"$i":"custom-email","$v":["E-Mail ",{"t":"idOrVar","v":"type"}]},{"$i":"custom-tel","$v":["Telefonnummer ",{"t":"idOrVar","v":"type"}]},{"$i":"personal-adr","$v":"Persönliche Adresse"},{"$i":"current-adr","$v":"Aktuelle Adresse"},{"$i":"home-adr","$v":"Adresse (privat)"},{"$i":"work-adr","$v":"Adresse (geschäftlich)"},{"$i":"custom-adr","$v":["Adresse ",{"t":"idOrVar","v":"type"}]},{"$i":"bday","$v":"Geburtstag"},{"$i":"birthday","$v":"Geburtstag"},{"$i":"streetAddress","$v":"Straße"},{"$i":"locality","$v":"Ort"},{"$i":"postalCode","$v":"Postleitzahl"},{"$i":"countryName","$v":"Land"},{"$i":"region","$v":"Bundesland"},{"$i":"no-name","$v":"Kein Name"},{"$i":"new-contact","$v":"Neu"},{"$i":"options","$v":"Optionen"},{"$i":"cancel","$v":"Abbre."},{"$i":"settings","$v":"Einstellungen"},{"$i":"edit","$v":"Bearbeiten"},{"$i":"share","$v":"Teilen"},{"$i":"remove","$v":"Entfernen"},{"$i":"compose","$v":"Erstellen"},{"$i":"new-contact-title","$v":"Neuer Kontakt"},{"$i":"edit-title","$v":"Kontakt bearbeiten"},{"$i":"music","$v":"Musik"},{"$i":"adr-type","$v":"Adresstyp"},{"$i":"email-type","$v":"E-Mail-Typ"},{"$i":"tel-type","$v":"Telefontyp"},{"$i":"ICEContactsGroup","$v":"Notfallkontakte"},{"$i":"setICEButton","$v":"Notfallkontakte festlegen"},{"$i":"ICESettingTitle","$v":"Notfallkontakte"},{"$i":"ICEDescription","$v":"Fünf Kontakte für Notfall-Anrufe hinzufügen"},{"$i":"ICEContact","$v":["Notfallkontakt ",{"t":"idOrVar","v":"n"}]},{"$i":"ICESelectContact","$v":"Kontakt auswählen"},{"$i":"delete-ice-contact-warning","$v":"Möchten Sie diesen Notfallkontakt wirklich löschen?"},{"$i":"confirm","$v":"Bestätigung"},{"$i":"add-ice-failed","$v":"Hinzufügen des Notfallkontakts fehlgeschlagen"},{"$i":"create-group","$v":"Gruppe erstellen"},{"$i":"group-name","$v":"Gruppenname"},{"$i":"group","$v":"Gruppe"},{"$i":"new-group-created","$v":"Neue Gruppe wurde erstellt."},{"$i":"create-group-failed","$v":"Erstellen der Gruppe fehlgeschlagen."},{"$i":"create-group-too-many","$v":["Sie können nur ",{"t":"idOrVar","v":"number"}," Gruppen erstellen."]},{"$i":"create-group-duplicate","$v":"Namen duplizieren."},{"$i":"rename-group-failed","$v":"Umbenennung der Gruppe fehlgeschlagen."},{"$i":"new-group","$v":"Neu"},{"$i":"rename","$v":"Umbenennen"},{"$i":"duplicate-removed","$v":"Doppelte Kontakte wurden entfernt."},{"$i":"add-to-group","$v":"Der Gruppe hinzufügen"},{"$i":"remove-from-group","$v":"Aus Gruppe entfernen"},{"$i":"added-to","$v":["Zu ",{"t":"idOrVar","v":"group"}," hinzugefügt"]},{"$i":"removed-from","$v":["Entfernt aus ",{"t":"idOrVar","v":"group"}]},{"$i":"select-group","$v":"Gruppe auswählen"},{"$i":"rename-group","$v":"Gruppe umbenennen"},{"$i":"delete-group","$v":["Möchten Sie ",{"t":"idOrVar","v":"group"}," wirklich löschen?"]},{"$i":"unable-add-warn","$v":"Der Kontokontakt kann der Gruppe nicht hinzugefügt werden."},{"$i":"edit-contact","$v":"Kontakt bearbeiten"},{"$i":"send-message","$v":"Mitteilung senden"},{"$i":"call","$v":"Anruf"},{"$i":"call-sim-1","$v":"Anruf – SIM 1"},{"$i":"call-sim-2","$v":"Anruf – SIM 2"},{"$i":"send-email","$v":"E-Mail senden"},{"$i":"choose-number","$v":"Nummer auswählen"},{"$i":"choose-email-address","$v":"E-Mail auswählen"},{"$i":"delete","$v":"Löschen"},{"$i":"select","$v":"Auswählen"},{"$i":"select-all","$v":"Alles auswählen"},{"$i":"select-all2","$v":"Alle"},{"$i":"deselect-all","$v":"Auswahl für alle aufheben"},{"$i":"deselect-all2","$v":"Keiner"},{"$i":"deselect","$v":"ABWÄHLEN"},{"$i":"selected-contacts","$v":{"few":[{"t":"idOrVar","v":"n"}," ausgewählt"],"many":[{"t":"idOrVar","v":"n"}," ausgewählt"],"one":[{"t":"idOrVar","v":"n"}," ausgewählt"],"other":[{"t":"idOrVar","v":"n"}," ausgewählt"],"two":[{"t":"idOrVar","v":"n"}," ausgewählt"],"zero":[{"t":"idOrVar","v":"n"}," ausgewählt"]},"$x":[{"t":"idOrVar","v":"plural"},"n"]},{"$i":"massive-delete","$v":"Kontakte löschen"},{"$i":"confirm-contact-delete","$v":["Möchten Sie den Kontakt „",{"t":"idOrVar","v":"name"},"“ wirklich löschen?"]},{"$i":"DeletedTxt","$v":{"few":[{"t":"idOrVar","v":"n"}," Kontakte entfernt"],"many":[{"t":"idOrVar","v":"n"}," Kontakte entfernt"],"one":"1 Kontakt entfernt","other":[{"t":"idOrVar","v":"n"}," Kontakte entfernt"],"two":[{"t":"idOrVar","v":"n"}," Kontakte entfernt"],"zero":"Kein zu löschender Kontakt"},"$x":[{"t":"idOrVar","v":"plural"},"n"]},{"$i":"DeletingContacts","$v":"Kontakte löschen"},{"$i":"DeletingContactsProgressing","$v":"Kontakte werden gelöscht..."},{"$i":"ContactConfirmDel","$v":{"few":[{"t":"idOrVar","v":"n"}," Kontakte löschen? Dieser Vorgang kann nicht rückgängig gemacht werden."],"many":[{"t":"idOrVar","v":"n"}," Kontakte löschen? Dieser Vorgang kann nicht rückgängig gemacht werden."],"one":"1 Kontakt löschen? Dieser Vorgang kann nicht rückgängig gemacht werden.","other":[{"t":"idOrVar","v":"n"}," Kontakte löschen? Dieser Vorgang kann nicht rückgängig gemacht werden."],"two":[{"t":"idOrVar","v":"n"}," Kontakte löschen? Dieser Vorgang kann nicht rückgängig gemacht werden."],"zero":"Kein zu löschender Kontakt"},"$x":[{"t":"idOrVar","v":"plural"},"n"]},{"$i":"contact-deleted","$v":{"zero":"Kein Kontakt gelöscht","one":"1 Kontakt gelöscht","few":[{"t":"idOrVar","v":"n"}," Kontakte gelöscht"],"many":[{"t":"idOrVar","v":"n"}," Kontakte gelöscht"],"other":[{"t":"idOrVar","v":"n"}," Kontakte gelöscht"],"two":[{"t":"idOrVar","v":"n"}," Kontakte gelöscht"]},"$x":[{"t":"idOrVar","v":"plural"},"n"]},{"$i":"a-contact-deleted","$v":"Kontakt gelöscht"},{"$i":"settings-title","$v":"Kontakteinstellungen"},{"$i":"change-will-update-until-restart","$v":"Die Änderungen werden beim nächsten Start von „Kontakte“ aktualisiert."},{"$i":"transfer-contacts","$v":"Kontakte übertragen"},{"$i":"service-number","$v":"Servicenummer"},{"$i":"no-contacts-found","$v":"Keine Übereinstimmung gefunden"},{"$i":"search","$v":"Kontakte durchsuchen","placeholder":"Kontakte durchsuchen"},{"$i":"search-option","$v":"Suchen"},{"$i":"accounts","$v":"Konten"},{"$i":"account","$v":"Konto"},{"$i":"add-account","$v":"Konto hinzufügen"},{"$i":"add-account-failed","$v":"Ein unbekannter Fehler ist aufgetreten. Versuchen Sie es später erneut."},{"$i":"duplicate-account-warn","$v":"Konto bereits vorhanden. Synchronisierung ist aktiviert."},{"$i":"setting-up-account","$v":"Konto einrichten"},{"$i":"no-network-warn","$v":"Keine Internetverbindung."},{"$i":"username","$v":"Nutzername"},{"$i":"password","$v":"Passwort"},{"$i":"delete-account","$v":"Konto löschen"},{"$i":"delete-account-long","$v":"Konto löschen"},{"$i":"delete-account-warn","$v":"Wenn Sie dieses Konto löschen, sind davon auch Anwendungen betroffen, die das Konto verwenden."},{"$i":"deleting-account","$v":"Konto wird gelöscht"},{"$i":"delete-account-failed","$v":"Kontolöschung fehlgeschlagen. Versuchen Sie es später erneut."},{"$i":"delete-account-ok","$v":"Konto gelöscht."},{"$i":"sync","$v":"Sync"},{"$i":"sync-title","$v":"Kontaktsynchronisierung"},{"$i":"sync-failed-warn","$v":"Synchronisierung fehlgeschlagen."},{"$i":"sync-off-warn","$v":"Die Synchronisierung ist in den Einstellungen deaktiviert."},{"$i":"show-account-contacts","$v":"Kontokontakte anzeigen"},{"$i":"sync-account-contacts","$v":"Kontokontakte synchronisieren"},{"$i":"sync-account-contacts-warning","$v":["Änderungen an Kontokontakten werden nicht mit der Cloud synchronisiert, wenn das Kontrollkästchen „",{"t":"idOrVar","v":"switch"},"“ deaktiviert ist. Möchten Sie es dennoch deaktivieren?"]},{"$i":"yes","$v":"Ja"},{"$i":"all-contacts-synced","$v":"Alle Kontakte werden synchronisiert."},{"$i":"contact-syncing","$v":"Kontakte werden synchronisiert..."},{"$i":"contacts-sync-limit-exceed","$v":"Maximal zulässige Kontaktanzahl überschritten, Synchronisierung unvollständig."},{"$i":"show-password","$v":"Passwort anzeigen"},{"$i":"password-incorrect","$v":"Das Passwort ist falsch."},{"$i":"re-enter-password","$v":"Passwort erneut eingeben"},{"$i":"accessing-warn","$v":"Beim Zugriff auf das Konto ist ein Problem aufgetreten."},{"$i":"accessing-warn-password","$v":"Passwort erneut eingeben."},{"$i":"re-enter-password-on-setting","$v":"Geben Sie das Passwort in den Einstellungen der Kontakte erneut ein."},{"$i":"accessing-warn-relogin","$v":"Konto löschen und erneut anmelden."},{"$i":"update-password-failed","$v":"Passwortaktualisierung fehlgeschlagen. Versuchen Sie es später erneut."},{"$i":"connect-time-out","$v":["Es kann keine Verbindung mit „",{"t":"idOrVar","v":"server"},"“ hergestellt werden. Möglicherweise gibt es ein Problem mit dem Netzwerk."]},{"$i":"server-error","$v":"Server nicht verfügbar. Versuchen Sie es später erneut."},{"$i":"loading","$v":"Ladevorgang läuft..."},{"$i":"ellipsis","$v":"..."},{"$i":"stop-syncing-warn-title","$v":"Kontakte werden synchronisiert"},{"$i":"stop-syncing-warn","$v":"Beim Schließen der Anwendung wird die Synchronisierung der Kontakte gestoppt. Möchten Sie die Anwendung dennoch schließen?"},{"$i":"weekday-0-long","$v":"Sonntag"},{"$i":"weekday-1-long","$v":"Montag"},{"$i":"weekday-2-long","$v":"Dienstag"},{"$i":"weekday-3-long","$v":"Mittwoch"},{"$i":"weekday-4-long","$v":"Donnerstag"},{"$i":"weekday-5-long","$v":"Freitag"},{"$i":"weekday-6-long","$v":"Samstag"},{"$i":"weekday-0-short","$v":"So"},{"$i":"weekday-1-short","$v":"Mo"},{"$i":"weekday-2-short","$v":"Di"},{"$i":"weekday-3-short","$v":"Mi"},{"$i":"weekday-4-short","$v":"Do"},{"$i":"weekday-5-short","$v":"Fr"},{"$i":"weekday-6-short","$v":"Sa"},{"$i":"month-0-long","$v":"Januar"},{"$i":"month-1-long","$v":"Februar"},{"$i":"month-2-long","$v":"März"},{"$i":"month-3-long","$v":"April"},{"$i":"month-4-long","$v":"Mai"},{"$i":"month-5-long","$v":"Juni"},{"$i":"month-6-long","$v":"Juli"},{"$i":"month-7-long","$v":"August"},{"$i":"month-8-long","$v":"September"},{"$i":"month-9-long","$v":"Oktober"},{"$i":"month-10-long","$v":"November"},{"$i":"month-11-long","$v":"Dezember"},{"$i":"month-0-genitive","$v":"Januar"},{"$i":"month-1-genitive","$v":"Februar"},{"$i":"month-2-genitive","$v":"März"},{"$i":"month-3-genitive","$v":"April"},{"$i":"month-4-genitive","$v":"Mai"},{"$i":"month-5-genitive","$v":"Juni"},{"$i":"month-6-genitive","$v":"Juli"},{"$i":"month-7-genitive","$v":"August"},{"$i":"month-8-genitive","$v":"September"},{"$i":"month-9-genitive","$v":"Oktober"},{"$i":"month-10-genitive","$v":"November"},{"$i":"month-11-genitive","$v":"Dezember"},{"$i":"month-0-short","$v":"Jan"},{"$i":"month-1-short","$v":"Feb"},{"$i":"month-2-short","$v":"Mär"},{"$i":"month-3-short","$v":"Apr"},{"$i":"month-4-short","$v":"Mai"},{"$i":"month-5-short","$v":"Jun"},{"$i":"month-6-short","$v":"Jul"},{"$i":"month-7-short","$v":"Aug"},{"$i":"month-8-short","$v":"Sep"},{"$i":"month-9-short","$v":"Okt"},{"$i":"month-10-short","$v":"Nov"},{"$i":"month-11-short","$v":"Dez"},{"$i":"minutes-ago-long","$v":{"few":["vor ",{"t":"idOrVar","v":"value"}," Minuten"],"many":["vor ",{"t":"idOrVar","v":"value"}," Minuten"],"other":["vor ",{"t":"idOrVar","v":"value"}," Minuten"],"two":["vor ",{"t":"idOrVar","v":"value"}," Minuten"],"one":"vor einer Minute","zero":"Genau jetzt"},"$x":[{"t":"idOrVar","v":"plural"},"value"]},{"$i":"hours-ago-long","$v":{"few":["vor ",{"t":"idOrVar","v":"value"}," Stunden"],"many":["vor ",{"t":"idOrVar","v":"value"}," Stunden"],"other":["vor ",{"t":"idOrVar","v":"value"}," Stunden"],"two":["vor ",{"t":"idOrVar","v":"value"}," Stunden"],"one":"vor einer Stunde","zero":"Genau jetzt"},"$x":[{"t":"idOrVar","v":"plural"},"value"]},{"$i":"days-ago-long","$v":{"few":["vor ",{"t":"idOrVar","v":"value"}," Tagen"],"many":["vor ",{"t":"idOrVar","v":"value"}," Tagen"],"one":"gestern","other":["vor ",{"t":"idOrVar","v":"value"}," Tagen"],"two":["vor ",{"t":"idOrVar","v":"value"}," Tagen"],"zero":"heute"},"$x":[{"t":"idOrVar","v":"plural"},"value"]},{"$i":"weeks-ago-long","$v":{"few":["vor ",{"t":"idOrVar","v":"value"}," Wochen"],"many":["vor ",{"t":"idOrVar","v":"value"}," Wochen"],"one":"letzte Woche","other":["vor ",{"t":"idOrVar","v":"value"}," Wochen"],"two":["vor ",{"t":"idOrVar","v":"value"}," Wochen"],"zero":"diese Woche"},"$x":[{"t":"idOrVar","v":"plural"},"value"]},{"$i":"months-ago-long","$v":{"few":["vor ",{"t":"idOrVar","v":"value"}," Monaten"],"many":["vor ",{"t":"idOrVar","v":"value"}," Monaten"],"one":"letzter Monat","other":["vor ",{"t":"idOrVar","v":"value"}," Monaten"],"two":["vor ",{"t":"idOrVar","v":"value"}," Monaten"],"zero":"diesen Monat"},"$x":[{"t":"idOrVar","v":"plural"},"value"]},{"$i":"years-ago-long","$v":{"few":["vor ",{"t":"idOrVar","v":"value"}," Jahren"],"many":["vor ",{"t":"idOrVar","v":"value"}," Jahren"],"one":"letztes Jahr","other":["vor ",{"t":"idOrVar","v":"value"}," Jahren"],"two":["vor ",{"t":"idOrVar","v":"value"}," Jahren"],"zero":"dieses Jahr"},"$x":[{"t":"idOrVar","v":"plural"},"value"]},{"$i":"minutes-until-long","$v":{"few":["in ",{"t":"idOrVar","v":"value"}," Minuten"],"many":["in ",{"t":"idOrVar","v":"value"}," Minuten"],"other":["in ",{"t":"idOrVar","v":"value"}," Minuten"],"two":["in ",{"t":"idOrVar","v":"value"}," Minuten"],"zero":"jetzt","one":"in einer Minute"},"$x":[{"t":"idOrVar","v":"plural"},"value"]},{"$i":"hours-until-long","$v":{"few":["in ",{"t":"idOrVar","v":"value"}," Stunden"],"many":["in ",{"t":"idOrVar","v":"value"}," Stunden"],"other":["in ",{"t":"idOrVar","v":"value"}," Stunden"],"two":["in ",{"t":"idOrVar","v":"value"}," Stunden"],"zero":"jetzt","one":"in einer Stunde"},"$x":[{"t":"idOrVar","v":"plural"},"value"]},{"$i":"days-until-long","$v":{"few":["in ",{"t":"idOrVar","v":"value"}," Tagen"],"many":["in ",{"t":"idOrVar","v":"value"}," Tagen"],"one":"morgen","other":["in ",{"t":"idOrVar","v":"value"}," Tagen"],"two":["in ",{"t":"idOrVar","v":"value"}," Tagen"],"zero":"heute"},"$x":[{"t":"idOrVar","v":"plural"},"value"]},{"$i":"weeks-until-long","$v":{"few":["in ",{"t":"idOrVar","v":"value"}," Wochen"],"many":["in ",{"t":"idOrVar","v":"value"}," Wochen"],"one":"nächste Woche","other":["in ",{"t":"idOrVar","v":"value"}," Wochen"],"two":["in ",{"t":"idOrVar","v":"value"}," Wochen"],"zero":"diese Woche"},"$x":[{"t":"idOrVar","v":"plural"},"value"]},{"$i":"months-until-long","$v":{"few":["in ",{"t":"idOrVar","v":"value"}," Monaten"],"many":["in ",{"t":"idOrVar","v":"value"}," Monaten"],"one":"im nächsten Monat","other":["in ",{"t":"idOrVar","v":"value"}," Monaten"],"two":["in ",{"t":"idOrVar","v":"value"}," Monaten"],"zero":"diesen Monat"},"$x":[{"t":"idOrVar","v":"plural"},"value"]},{"$i":"years-until-long","$v":{"few":["in ",{"t":"idOrVar","v":"value"}," Jahren"],"many":["in ",{"t":"idOrVar","v":"value"}," Jahren"],"one":"nächstes Jahr","other":["in ",{"t":"idOrVar","v":"value"}," Jahren"],"two":["in ",{"t":"idOrVar","v":"value"}," Jahren"],"zero":"dieses Jahr"},"$x":[{"t":"idOrVar","v":"plural"},"value"]},{"$i":"minutes-ago-short","$v":{"other":["vor ",{"t":"idOrVar","v":"value"}," Std."],"zero":"Genau jetzt"},"$x":[{"t":"idOrVar","v":"plural"},"value"]},{"$i":"hours-ago-short","$v":{"other":["vor ",{"t":"idOrVar","v":"value"}," Std."],"zero":"Genau jetzt"},"$x":[{"t":"idOrVar","v":"plural"},"value"]},{"$i":"days-ago-short","$v":{"other":["vor ",{"t":"idOrVar","v":"value"}," Tag"],"zero":"heute"},"$x":[{"t":"idOrVar","v":"plural"},"value"]},{"$i":"minutes-until-short","$v":{"other":["in ",{"t":"idOrVar","v":"value"}," Min."],"zero":"jetzt"},"$x":[{"t":"idOrVar","v":"plural"},"value"]},{"$i":"hours-until-short","$v":{"other":["in ",{"t":"idOrVar","v":"value"}," Std."],"zero":"jetzt"},"$x":[{"t":"idOrVar","v":"plural"},"value"]},{"$i":"days-until-short","$v":{"other":["in ",{"t":"idOrVar","v":"value"}," Tag"],"zero":"heute"},"$x":[{"t":"idOrVar","v":"plural"},"value"]},{"$i":"incorrectDate","$v":"(falsches Datum)"},{"$i":"dateTimeFormat_%c","$v":"%a %b %e %Y %I:%M:%S %p"},{"$i":"dateTimeFormat_%x","$v":"%m/%d/%Y"},{"$i":"dateTimeFormat_%X","$v":"%I:%M:%S %p"},{"$i":"shortTimeFormat","$v":"%I:%M %p"},{"$i":"shortTimeFormat12","$v":"%I:%M %p"},{"$i":"shortTimeFormat24","$v":"%H:%M"},{"$i":"shortDateTimeFormat","$v":"%x %I:%M %p"},{"$i":"weekStartsOnMonday","$v":"0.0"},{"$i":"firstDayOfTheWeek","$v":"1.0"},{"$i":"time_am","$v":"AM"},{"$i":"time_pm","$v":"PM"},{"$i":"sim-with-index-and-carrier","$v":["SIM ",{"t":"idOrVar","v":"index"}," - ",{"t":"idOrVar","v":"carrier"}]},{"$i":"sim-without-carrier","$v":["SIM ",{"t":"idOrVar","v":"index"}]}]