[{"$i":"contacts","$v":"Contacts"},{"$i":"view","$v":"View"},{"$i":"no-contacts","$v":"No contacts."},{"$i":"reading-contacts","$v":"Loading contacts"},{"$i":"start-adding","$v":"Press New or go to Settings to add contacts."},{"$i":"no-contact-available","$v":"There is no contact available"},{"$i":"requested-contact-not-available","$v":"Requested information not available on existing contacts."},{"$i":"cannot-add-as-empty","$v":"Cannot add to contact as your contact list is empty"},{"$i":"ok","$v":"OK"},{"$i":"no-phone-number-to-dial","$v":"No phone number to dial"},{"$i":"video-call","$v":"Video call"},{"$i":"rtt-call","$v":"RTT call"},{"$i":"select-a-contact","$v":"Select a Contact"},{"$i":"multi-pick-max-warn","$v":["Maximum selected count is ",{"t":"idOrVar","v":"n"}]},{"$i":"add-contact-failed","$v":"Add contact failed"},{"$i":"no-sim-card-available","$v":"No SIM card available"},{"$i":"email-cannot-add-to-sim","$v":"Email is not supported by the current memory selection."},{"$i":"add-info-failed","$v":"Add Info Failed"},{"$i":"no-contact-to-add","$v":"There is no available contact to add."},{"$i":"move","$v":"Move"},{"$i":"copy","$v":"Copy"},{"$i":"copy-contacts","$v":"Copy contacts"},{"$i":"move-contacts","$v":"Move contacts"},{"$i":"phone-memory","$v":"Phone memory"},{"$i":"sim-memory","$v":"SIM memory"},{"$i":"sim-0-memory","$v":"SIM 1 memory"},{"$i":"sim-1-memory","$v":"SIM 2 memory"},{"$i":"move-from","$v":"Move from"},{"$i":"copy-from","$v":"Copy from"},{"$i":"to","$v":"To"},{"$i":"move-contacts-progressing","$v":"Moving contact(s)..."},{"$i":"copy-contacts-progressing","$v":"Copying contact(s)..."},{"$i":"contact-move-to-sim","$v":{"zero":"No contact moved to SIM.","one":"1 contact moved to SIM.","two":[{"t":"idOrVar","v":"migrated"}," contacts moved to SIM."],"few":[{"t":"idOrVar","v":"migrated"}," contacts moved to SIM."],"many":[{"t":"idOrVar","v":"migrated"}," contacts moved to SIM."],"other":[{"t":"idOrVar","v":"migrated"}," contacts moved to SIM."]},"$x":[{"t":"idOrVar","v":"plural"},"migrated"]},{"$i":"contact-copy-to-sim","$v":{"zero":"No contact copied to SIM.","one":"1 contact copied to SIM.","two":[{"t":"idOrVar","v":"migrated"}," contacts copied to SIM."],"few":[{"t":"idOrVar","v":"migrated"}," contacts copied to SIM."],"many":[{"t":"idOrVar","v":"migrated"}," contacts copied to SIM."],"other":[{"t":"idOrVar","v":"migrated"}," contacts copied to SIM."]},"$x":[{"t":"idOrVar","v":"plural"},"migrated"]},{"$i":"contact-move-to-sim0","$v":{"zero":"No contact moved to SIM 1.","one":"1 contact moved to SIM 1.","two":[{"t":"idOrVar","v":"migrated"}," contacts moved to SIM 1."],"few":[{"t":"idOrVar","v":"migrated"}," contacts moved to SIM 1."],"many":[{"t":"idOrVar","v":"migrated"}," contacts moved to SIM 1."],"other":[{"t":"idOrVar","v":"migrated"}," contacts moved to SIM 1."]},"$x":[{"t":"idOrVar","v":"plural"},"migrated"]},{"$i":"contact-copy-to-sim0","$v":{"zero":"No contact copied to SIM 1.","one":"1 contact copied to SIM 1.","two":[{"t":"idOrVar","v":"migrated"}," contacts copied to SIM 1."],"few":[{"t":"idOrVar","v":"migrated"}," contacts copied to SIM 1."],"many":[{"t":"idOrVar","v":"migrated"}," contacts copied to SIM 1."],"other":[{"t":"idOrVar","v":"migrated"}," contacts copied to SIM 1."]},"$x":[{"t":"idOrVar","v":"plural"},"migrated"]},{"$i":"contact-move-to-sim1","$v":{"zero":"No contact moved to SIM 2.","one":"1 contact moved to SIM 2.","two":[{"t":"idOrVar","v":"migrated"}," contacts moved to SIM 2."],"few":[{"t":"idOrVar","v":"migrated"}," contacts moved to SIM 2."],"many":[{"t":"idOrVar","v":"migrated"}," contacts moved to SIM 2."],"other":[{"t":"idOrVar","v":"migrated"}," contacts moved to SIM 2."]},"$x":[{"t":"idOrVar","v":"plural"},"migrated"]},{"$i":"contact-copy-to-sim1","$v":{"zero":"No contact copied to SIM 2.","one":"1 contact copied to SIM 2.","two":[{"t":"idOrVar","v":"migrated"}," contacts copied to SIM 2."],"few":[{"t":"idOrVar","v":"migrated"}," contacts copied to SIM 2."],"many":[{"t":"idOrVar","v":"migrated"}," contacts copied to SIM 2."],"other":[{"t":"idOrVar","v":"migrated"}," contacts copied to SIM 2."]},"$x":[{"t":"idOrVar","v":"plural"},"migrated"]},{"$i":"contact-move-to-device","$v":{"zero":"No contact moved to phone.","one":"1 contact moved to phone.","two":[{"t":"idOrVar","v":"migrated"}," contacts moved to phone."],"few":[{"t":"idOrVar","v":"migrated"}," contacts moved to phone."],"many":[{"t":"idOrVar","v":"migrated"}," contacts moved to phone."],"other":[{"t":"idOrVar","v":"migrated"}," contacts moved to phone."]},"$x":[{"t":"idOrVar","v":"plural"},"migrated"]},{"$i":"contact-copy-to-device","$v":{"zero":"No contact copied to phone.","one":"1 contact copied to phone.","two":[{"t":"idOrVar","v":"migrated"}," contacts copied to phone."],"few":[{"t":"idOrVar","v":"migrated"}," contacts copied to phone."],"many":[{"t":"idOrVar","v":"migrated"}," contacts copied to phone."],"other":[{"t":"idOrVar","v":"migrated"}," contacts copied to phone."]},"$x":[{"t":"idOrVar","v":"plural"},"migrated"]},{"$i":"copy-contact-failed","$v":"Copy contacts failed"},{"$i":"move-contact-failed","$v":"Move contacts failed"},{"$i":"contact-copy-error-sim-full","$v":"Copy contacts not complete due to SIM card is full."},{"$i":"contact-copy-error-unknown","$v":"Copy contacts not complete due to an error."},{"$i":"contact-copy-error-limit-exceeded","$v":"Copy contacts not complete due to phone contacts limit exceeded."},{"$i":"contact-move-error-sim-full","$v":"Move contacts not complete due to SIM card is full."},{"$i":"contact-move-error-unknown","$v":"Move contacts not complete due to an error."},{"$i":"contact-move-error-limit-exceeded","$v":"Move contacts not complete due to phone contacts limit exceeded."},{"$i":"contact-save-error-unknown","$v":"Save contact not complete due to an error."},{"$i":"memory","$v":"Memory"},{"$i":"phone-and-sim","$v":"Phone and SIM"},{"$i":"phone","$v":"Phone"},{"$i":"sim","$v":"SIM"},{"$i":"reloading-contact","$v":"Reloading contacts.."},{"$i":"contact-reloaded","$v":"Contacts reloaded"},{"$i":"message","$v":"Message"},{"$i":"changes-saved","$v":"Changes saved."},{"$i":"already-ice-contact","$v":"The selected contact has already been set to ICE."},{"$i":"phone-contacts-limit-exceeded","$v":"Phone contacts limit exceeded."},{"$i":"sim-contacts-limit-exceeded","$v":"SIM contacts limit exceeded."},{"$i":"more-info","$v":"More"},{"$i":"callAirplaneModeTitle","$v":"Airplane mode activated"},{"$i":"callAirplaneModeMessage","$v":"To make a call you need to disable airplane mode in settings."},{"$i":"emergencyDialogTitle","$v":"No network connection"},{"$i":"emergencyDialogBodyBadNumber","$v":"To make a call, the phone must be connected to a network."},{"$i":"emergencyDialogBodyDeviceNotAccepted","$v":"Emergency calls are not allowed by the network."},{"$i":"invalidNumberToDialTitle","$v":"Invalid phone number"},{"$i":"invalidNumberToDialMessage","$v":"The phone number you are calling is not valid."},{"$i":"invalidNumberToSendTitle","$v":"Invalid phone number"},{"$i":"invalidNumberToSendMessage","$v":"The phone number you are messaging is not valid."},{"$i":"emergency-call-only","$v":"Emergency Call Only"},{"$i":"emergency-call-error","$v":[{"t":"idOrVar","v":"number"}," is not an emergency number."]},{"$i":"numberIsBusyTitle","$v":"Number is busy"},{"$i":"numberIsBusyMessage","$v":"The number is currently busy. Please try again later."},{"$i":"fdnIsActiveTitle","$v":"FDN active"},{"$i":"fdnIsActiveMessage","$v":["FDN (Fixed Dialing Numbers) is activated and the following number is not in your FDN list: ",{"t":"idOrVar","v":"number"}]},{"$i":"otherConnectionInUseTitle","$v":"Other connection in use"},{"$i":"otherConnectionInUseMessage","$v":"You have an active call on another connection. You can only use one connection at a time."},{"$i":"GenericFailure","$v":"Generic failure"},{"$i":"CallFailed","$v":"Call failed"},{"$i":"scCallBarring","$v":"Call barring"},{"$i":"scCallForwarding","$v":"Call forwarding"},{"$i":"scClip","$v":"Incoming Caller ID"},{"$i":"scClir","$v":"Outgoing Caller ID"},{"$i":"scPwd","$v":"Password change"},{"$i":"scCallWaiting","$v":"Call waiting"},{"$i":"scPin","$v":"PIN change"},{"$i":"scPin2","$v":"PIN2 change"},{"$i":"scPuk","$v":"Unblock PIN"},{"$i":"scPuk2","$v":"Unblock PIN2"},{"$i":"scImei","$v":"IMEI"},{"$i":"scMeid","$v":"MEID"},{"$i":"scUssd","$v":"USSD"},{"$i":"set-speed-dial","$v":"Set Speed Dial Contacts"},{"$i":"empty","$v":"Empty"},{"$i":"voicemail","$v":"Voicemail"},{"$i":"speed-dial","$v":"Speed Dial"},{"$i":"add","$v":"Add"},{"$i":"replace","$v":"Replace"},{"$i":"remove-from-speed-dial","$v":"Remove from speed dial"},{"$i":"custom-dialog-replace-speed-dial","$v":["Are you sure you want to replace Speed Dial ",{"t":"idOrVar","v":"oldSpeedDial"}," with ",{"t":"idOrVar","v":"newSpeedDial"},"?"]},{"$i":"custom-dialog-remove-speed-dial","$v":["Are you sure you want to remove ",{"t":"idOrVar","v":"name"}," from Speed Dial?"]},{"$i":"speed-dial-added","$v":"Speed Dial number added."},{"$i":"speed-dial-removed","$v":"Speed Dial number removed."},{"$i":"speed-dial-replaced","$v":"Speed Dial number updated."},{"$i":"voice-mail","$v":"Voicemail"},{"$i":"voice-mail-number","$v":["Voicemail Number - SIM ",{"t":"idOrVar","v":"n"}]},{"$i":"voice-mail-number-single","$v":"Voicemail Number"},{"$i":"voice-mail-number-updated","$v":"Voicemail number updated"},{"$i":"found-duplicates-message","$v":"Duplicate information was found in the following contacts. Would you like to merge?"},{"$i":"confirm-to-merge-contacts","$v":["Are you sure to merge ",{"t":"idOrVar","v":"n"}," contacts with ",{"t":"idOrVar","v":"name"},"?"]},{"$i":"contact-merged","$v":"Contact merged"},{"$i":"find-duplicate-contacts","$v":"Find duplicate contacts"},{"$i":"no-duplicate-contact-found","$v":"No duplicate contacts found"},{"$i":"merge","$v":"Merge"},{"$i":"find-dup","$v":"Find duplicate contacts"},{"$i":"find-dup-title","$v":"Find Duplicate Contacts"},{"$i":"finding-dup-message","$v":"Looking for duplicate contacts..."},{"$i":"dup-found-title","$v":"Duplicates Found"},{"$i":"dup-found-message","$v":"Duplicate information was found in the following contact(s). Would you like to merge?"},{"$i":"no-dup-found","$v":"No Duplicates Found"},{"$i":"merge-conflict-warn","$v":["The following information will be overwritten by \"",{"t":"idOrVar","v":"name"},"\":"]},{"$i":"merge-conflict-confirm","$v":"Are you sure you want to merge the contacts?"},{"$i":"add-favorite","$v":"Add as Favorite"},{"$i":"remove-favorite","$v":"Unfavorite"},{"$i":"favorite-contacts","$v":"Favorite"},{"$i":"add-block","$v":"Block this number"},{"$i":"remove-block","$v":"Unblock this number"},{"$i":"add-block-email","$v":"Block this email"},{"$i":"remove-block-email","$v":"Unblock this email"},{"$i":"add-block-contact-warning","$v":"You will not receive phone calls, messages from people on the block list."},{"$i":"add-block-email-warning","$v":"You will not receive messages from this email address."},{"$i":"block","$v":"Block"},{"$i":"unblock","$v":"Unblock"},{"$i":"block-contacts","$v":"Block Contacts"},{"$i":"add-block-header","$v":"Add Block Number"},{"$i":"remove-block-alert","$v":"Removed from Block Contacts."},{"$i":"duplicate-block-number","$v":"Cannot add a duplicate number."},{"$i":"sort-contacts","$v":"Sort Contacts"},{"$i":"sort-by-first-name","$v":"Sort by first name"},{"$i":"sort-by-last-name","$v":"Sort by last name"},{"$i":"no-support-open-multi-vcard","$v":"Cannot open vCard with multiple contacts"},{"$i":"import","$v":"Import"},{"$i":"sdcard","$v":"Memory card"},{"$i":"simcard","$v":"SIM card"},{"$i":"import-contacts","$v":"Import Contacts"},{"$i":"simContacts-error","$v":"Could not import Сontacts from SIM"},{"$i":"memoryCardContacts-error","$v":"Could not import contacts from memory card"},{"$i":"novCardFiles","$v":"No contacts file available in memory card."},{"$i":"fullDiskSpace-error","$v":"Storage is full, unable to import contacts."},{"$i":"socialServiceContacts-error","$v":["Can't import contacts from ",{"t":"idOrVar","v":"service"},"."]},{"$i":"socialServiceContacts-noNetwork","$v":["No internet connect, can't import contacts from ",{"t":"idOrVar","v":"service"},"."]},{"$i":"simContacts-reading","$v":"Reading Contacts from SIM Card…"},{"$i":"memoryCardContacts-reading","$v":"Reading Contacts from Memory card…"},{"$i":"importContactsTitle","$v":"Import Contacts"},{"$i":"retry","$v":"Retry"},{"$i":"noSimMsg","$v":"To import contacts insert or unlock your SIM card"},{"$i":"noSdcardMsg","$v":"To import contacts insert memory card"},{"$i":"not-imported","$v":"Not imported"},{"$i":"imported","$v":"Imported"},{"$i":"importing","$v":"Importing"},{"$i":"contact-imported","$v":[{"t":"idOrVar","v":"imported"}," contacts imported. ",{"t":"idOrVar","v":"dupes"}," contacts merged."]},{"$i":"contact-imported2","$v":{"zero":"No contact imported.","one":"1 contact imported.","two":[{"t":"idOrVar","v":"imported"}," contacts imported."],"few":[{"t":"idOrVar","v":"imported"}," contacts imported."],"many":[{"t":"idOrVar","v":"imported"}," contacts imported."],"other":[{"t":"idOrVar","v":"imported"}," contacts imported."]},"$x":[{"t":"idOrVar","v":"plural"},"imported"]},{"$i":"reading-contacts-from-sim","$v":"Reading contact(s) from SIM card..."},{"$i":"reading-contacts-from-gmail","$v":"Reading contact(s) from Gmail..."},{"$i":"reading-contacts-from-live","$v":"Reading contact(s) from Outlook..."},{"$i":"reading-contacts-from-sd","$v":"Reading contact(s) from memory card..."},{"$i":"reading-contacts-from-vcard","$v":"Reading contact(s) from file..."},{"$i":"importing-contacts-from-sim","$v":"Importing contact(s) from SIM card..."},{"$i":"importing-contacts-from-gmail","$v":"Importing contact(s) from Gmail..."},{"$i":"importing-contacts-from-live","$v":"Importing contact(s) from Outlook..."},{"$i":"importing-contacts-from-sd","$v":"Importing contact(s) from memory card..."},{"$i":"importing-contacts-from-vcard","$v":"Importing contact(s) from file..."},{"$i":"connect-network-to-import","$v":"To import contacts, connect to WiFi or data network"},{"$i":"importing-confirm","$v":["Import ",{"t":"idOrVar","v":"n"}," contact(s) from file \"",{"t":"idOrVar","v":"fileName"},"\"?"]},{"$i":"importing-cancel-confirm","$v":"The importing process will be stopped if you close this screen. Do you still want to close it?"},{"$i":"import-contact-failed","$v":"Import contacts failed"},{"$i":"phone-storage-full","$v":"Phone Storage Full"},{"$i":"import-contact-storage-full","$v":"Unable to import contacts. Delete application data to free up space."},{"$i":"contact-import-error-disk-full","$v":"Import contacts not complete due to storage full. Delete application data to free up space."},{"$i":"contact-import-error-sim-full","$v":"Import contacts not completed due to SIM card is full."},{"$i":"contact-import-error-unknown","$v":"Import contacts is incomplete due to an error."},{"$i":"import-contacts-canceled","$v":"Import contacts canceled."},{"$i":"close","$v":"Close"},{"$i":"import-process-cancel","$v":"Import process canceled."},{"$i":"import-limit-header","$v":"File size limit exceeded"},{"$i":"inner-import-limit-content","$v":"Any contacts file size exceeds 10MB has not been imported."},{"$i":"activity-import-limit-contact","$v":"Failed to import the contacts due to file size limit exceeded."},{"$i":"activity-import-limit-additional","$v":"(File size must be less than 10MB.)"},{"$i":"bluetooth","$v":"Bluetooth"},{"$i":"export","$v":"Export"},{"$i":"export-contacts","$v":"Export Contacts"},{"$i":"simExport-title","$v":"Export to SIM"},{"$i":"memoryCardExport-title","$v":"Exporting to memory card..."},{"$i":"btExport-title","$v":"Export to Bluetooth"},{"$i":"noSimMsgExport","$v":"To export contacts insert or unlock your SIM card"},{"$i":"noSdcardExport","$v":"To export contacts insert a memory card."},{"$i":"bluetoothNoConnection","$v":"To export contacts connect a Bluetooth device."},{"$i":"contact-exported","$v":[{"t":"idOrVar","v":"exported"}," contacts exported."]},{"$i":"contact-exported2","$v":{"zero":"No contact exported.","one":"1 contact exported.","two":[{"t":"idOrVar","v":"exported"}," contacts exported."],"few":[{"t":"idOrVar","v":"exported"}," contacts exported."],"many":[{"t":"idOrVar","v":"exported"}," contacts exported."],"other":[{"t":"idOrVar","v":"exported"}," contacts exported."]},"$x":[{"t":"idOrVar","v":"plural"},"exported"]},{"$i":"export-contact-failed","$v":"Export contact failed"},{"$i":"contact-export-error-sim-full","$v":"Export contacts not completed due to SIM card is full."},{"$i":"contact-export-error-sd-full","$v":"Export contacts not completed due to memory card is full."},{"$i":"contact-export-error-unknown","$v":"Export contacts not completed due to an error."},{"$i":"contact-export-canceled","$v":"Exporting process is canceled."},{"$i":"save","$v":"Save"},{"$i":"back","$v":"Back"},{"$i":"givenName","$v":"First name"},{"$i":"familyName","$v":"Last name"},{"$i":"name","$v":"Name"},{"$i":"org","$v":"Company"},{"$i":"ringtone","$v":"Ringtone"},{"$i":"note","$v":"Note"},{"$i":"photo","$v":"Picture"},{"$i":"email","$v":"Email"},{"$i":"adr","$v":"Address"},{"$i":"custom","$v":"Custom"},{"$i":"confirm-discard-contact-data","$v":"Contact information will be discarded. Would you like to save this contact?"},{"$i":"confirm-discard-contact-update-data","$v":"The changes will be discarded. Would you like to save this contact?"},{"$i":"discard-contact-data","$v":"The changes will be discarded."},{"$i":"discard","$v":"Discard"},{"$i":"add-others","$v":"Add others"},{"$i":"custom-label","$v":"Custom label"},{"$i":"input-the-custom-type","$v":"Please input the custom type"},{"$i":"contact-added","$v":"Contact added."},{"$i":"delete-prompt-message","$v":["Delete ",{"t":"idOrVar","v":"field"},"?"]},{"$i":"delete-photo-msg","$v":"picture"},{"$i":"delete-ringtone-msg","$v":"ringtone"},{"$i":"delete-bday-msg","$v":"birthday"},{"$i":"delete-note-msg","$v":"note"},{"$i":"delete-org-msg","$v":"company"},{"$i":"personal","$v":"Personal"},{"$i":"mobile","$v":"Mobile"},{"$i":"current","$v":"Current"},{"$i":"home","$v":"Home"},{"$i":"work","$v":"Work"},{"$i":"other","$v":"Other"},{"$i":"fax-home","$v":"Home fax"},{"$i":"fax-office","$v":"Office fax"},{"$i":"fax-other","$v":"Other fax"},{"$i":"add-phone","$v":"Add Phone"},{"$i":"add-tel","$v":"Add phone"},{"$i":"add-email","$v":"Add email"},{"$i":"add-ringtone","$v":"Add ringtone"},{"$i":"add-adr","$v":"Add address"},{"$i":"add-bday","$v":"Add birthday"},{"$i":"add-photo","$v":"Add picture"},{"$i":"add-note","$v":"Add note"},{"$i":"add-org","$v":"Add company"},{"$i":"add-tel-number","$v":"Add phone number"},{"$i":"delete-tel","$v":"Delete phone number"},{"$i":"delete-email","$v":"Delete email"},{"$i":"delete-ringtone","$v":"Delete ringtone"},{"$i":"delete-adr","$v":"Delete address"},{"$i":"delete-bday","$v":"Delete birthday"},{"$i":"delete-photo","$v":"Delete picture"},{"$i":"delete-note","$v":"Delete note"},{"$i":"delete-org","$v":"Delete company"},{"$i":"edit-tel-type","$v":"Edit phone type"},{"$i":"edit-email-type","$v":"Edit email type"},{"$i":"edit-adr-type","$v":"Edit address type"},{"$i":"edit-bday-type","$v":"Edit birthday"},{"$i":"replace-photo","$v":"Change picture"},{"$i":"replace-ringtone","$v":"Change ringtone"},{"$i":"mobile-tel","$v":"Mobile phone"},{"$i":"home-tel","$v":"Home phone"},{"$i":"work-tel","$v":"Work phone"},{"$i":"personal-tel","$v":"Personal phone"},{"$i":"fax-home-tel","$v":"Home Fax"},{"$i":"fax-office-tel","$v":"Office Fax"},{"$i":"fax-other-tel","$v":"Other Fax"},{"$i":"other-tel","$v":"Other phone"},{"$i":"personal-email","$v":"Personal email"},{"$i":"work-email","$v":"Work email"},{"$i":"other-email","$v":"Other email"},{"$i":"custom-email","$v":[{"t":"idOrVar","v":"type"}," email"]},{"$i":"custom-tel","$v":[{"t":"idOrVar","v":"type"}," phone"]},{"$i":"personal-adr","$v":"Personal address"},{"$i":"current-adr","$v":"Current address"},{"$i":"home-adr","$v":"Home address"},{"$i":"work-adr","$v":"Work address"},{"$i":"custom-adr","$v":[{"t":"idOrVar","v":"type"}," address"]},{"$i":"bday","$v":"Birthday"},{"$i":"birthday","$v":"Birthday"},{"$i":"streetAddress","$v":"Street"},{"$i":"locality","$v":"City"},{"$i":"postalCode","$v":"Zip code"},{"$i":"countryName","$v":"Country"},{"$i":"region","$v":"State"},{"$i":"no-name","$v":"No name"},{"$i":"new-contact","$v":"New"},{"$i":"options","$v":"Options"},{"$i":"cancel","$v":"Cancel"},{"$i":"settings","$v":"Settings"},{"$i":"edit","$v":"Edit"},{"$i":"share","$v":"Share"},{"$i":"remove","$v":"Remove"},{"$i":"compose","$v":"Compose"},{"$i":"new-contact-title","$v":"New Contact"},{"$i":"edit-title","$v":"Edit Contact"},{"$i":"music","$v":"Music"},{"$i":"adr-type","$v":"Address Type"},{"$i":"email-type","$v":"Email Type"},{"$i":"tel-type","$v":"Phone Type"},{"$i":"ICEContactsGroup","$v":"ICE Contacts"},{"$i":"setICEButton","$v":"Set ICE Contacts"},{"$i":"ICESettingTitle","$v":"ICE Contacts"},{"$i":"ICEDescription","$v":"Add five contacts for making “In Case of Emergency” calls."},{"$i":"ICEContact","$v":["ICE Contact ",{"t":"idOrVar","v":"n"}]},{"$i":"ICESelectContact","$v":"Select a contact"},{"$i":"delete-ice-contact-warning","$v":"Are you sure you want to remove the ICE Contact ?"},{"$i":"confirm","$v":"Confirmation"},{"$i":"add-ice-failed","$v":"Add ICE Failed"},{"$i":"create-group","$v":"Create Group"},{"$i":"group-name","$v":"Group Name"},{"$i":"group","$v":"Group"},{"$i":"new-group-created","$v":"New group is created."},{"$i":"create-group-failed","$v":"Create group failed."},{"$i":"create-group-too-many","$v":["You can only create ",{"t":"idOrVar","v":"number"}," groups."]},{"$i":"create-group-duplicate","$v":"Duplicate name."},{"$i":"rename-group-failed","$v":"Rename group failed."},{"$i":"new-group","$v":"New"},{"$i":"rename","$v":"Rename"},{"$i":"duplicate-removed","$v":"Duplicate contact(s) removed."},{"$i":"add-to-group","$v":"Add to group"},{"$i":"remove-from-group","$v":"Remove from group"},{"$i":"added-to","$v":["Added to ",{"t":"idOrVar","v":"group"}]},{"$i":"removed-from","$v":["Removed from ",{"t":"idOrVar","v":"group"}]},{"$i":"select-group","$v":"Select Group"},{"$i":"rename-group","$v":"Rename Group"},{"$i":"delete-group","$v":["Are you sure you want to delete ",{"t":"idOrVar","v":"group"},"?"]},{"$i":"unable-add-warn","$v":"Unable to add account contact to group."},{"$i":"edit-contact","$v":"Edit contact"},{"$i":"send-message","$v":"Send message"},{"$i":"call","$v":"Call"},{"$i":"call-sim-1","$v":"Call - SIM 1"},{"$i":"call-sim-2","$v":"Call - SIM 2"},{"$i":"send-email","$v":"Send email"},{"$i":"choose-number","$v":"Select Number"},{"$i":"choose-email-address","$v":"Select Email"},{"$i":"delete","$v":"Delete"},{"$i":"select","$v":"Select"},{"$i":"select-all","$v":"Select all"},{"$i":"select-all2","$v":"All"},{"$i":"deselect-all","$v":"Deselect all"},{"$i":"deselect-all2","$v":"None"},{"$i":"deselect","$v":"Deselect"},{"$i":"selected-contacts","$v":{"zero":[{"t":"idOrVar","v":"n"}," selected"],"one":[{"t":"idOrVar","v":"n"}," selected"],"two":[{"t":"idOrVar","v":"n"}," selected"],"few":[{"t":"idOrVar","v":"n"}," selected"],"many":[{"t":"idOrVar","v":"n"}," selected"],"other":[{"t":"idOrVar","v":"n"}," selected"]},"$x":[{"t":"idOrVar","v":"plural"},"n"]},{"$i":"massive-delete","$v":"Delete contacts"},{"$i":"confirm-contact-delete","$v":["Are you sure you want to delete the contact \"",{"t":"idOrVar","v":"name"},"\" ?"]},{"$i":"DeletedTxt","$v":{"zero":"No Contact to Delete","one":"1 Contact removed","two":[{"t":"idOrVar","v":"n"}," Contacts removed"],"few":[{"t":"idOrVar","v":"n"}," Contacts removed"],"many":[{"t":"idOrVar","v":"n"}," Contacts removed"],"other":[{"t":"idOrVar","v":"n"}," Contacts removed"]},"$x":[{"t":"idOrVar","v":"plural"},"n"]},{"$i":"DeletingContacts","$v":"Delete Contacts"},{"$i":"DeletingContactsProgressing","$v":"Deleting contact(s)..."},{"$i":"ContactConfirmDel","$v":{"zero":"No Contact to Delete","one":"Delete 1 Contact? This cannot be undone.","two":["Delete ",{"t":"idOrVar","v":"n"}," Contacts? This cannot be undone."],"few":["Delete ",{"t":"idOrVar","v":"n"}," Contacts? This cannot be undone."],"many":["Delete ",{"t":"idOrVar","v":"n"}," Contacts? This cannot be undone."],"other":["Delete ",{"t":"idOrVar","v":"n"}," Contacts? This cannot be undone."]},"$x":[{"t":"idOrVar","v":"plural"},"n"]},{"$i":"contact-deleted","$v":{"zero":"No contact deleted","one":"1 contact deleted.","two":[{"t":"idOrVar","v":"n"}," contacts deleted."],"few":[{"t":"idOrVar","v":"n"}," contacts deleted."],"many":[{"t":"idOrVar","v":"n"}," contacts deleted."],"other":[{"t":"idOrVar","v":"n"}," contacts deleted."]},"$x":[{"t":"idOrVar","v":"plural"},"n"]},{"$i":"a-contact-deleted","$v":"Contact deleted."},{"$i":"settings-title","$v":"Contact Settings"},{"$i":"change-will-update-until-restart","$v":"Changes will be updated next time Contacts is launched."},{"$i":"transfer-contacts","$v":"Transfer contacts"},{"$i":"service-number","$v":"Service number"},{"$i":"no-contacts-found","$v":"No match found."},{"$i":"search","$v":"Search contacts","placeholder":"Search contacts"},{"$i":"search-option","$v":"Search"},{"$i":"accounts","$v":"Accounts"},{"$i":"account","$v":"Account"},{"$i":"add-account","$v":"Add Account"},{"$i":"add-account-failed","$v":"An unknown error has occurred, please try again later."},{"$i":"duplicate-account-warn","$v":"Account already exists. Syncing is turned on."},{"$i":"setting-up-account","$v":"Setting up account"},{"$i":"no-network-warn","$v":"No internet connection."},{"$i":"username","$v":"Username"},{"$i":"password","$v":"Password"},{"$i":"delete-account","$v":"Delete Acct"},{"$i":"delete-account-long","$v":"Delete Account"},{"$i":"delete-account-warn","$v":"If you delete this account, apps that use this account will also be affected."},{"$i":"deleting-account","$v":"Deleting account..."},{"$i":"delete-account-failed","$v":"Delete account failed, please try again later."},{"$i":"delete-account-ok","$v":"Account deleted."},{"$i":"sync","$v":"Sync"},{"$i":"sync-title","$v":"Contacts Sync"},{"$i":"sync-failed-warn","$v":"Failed to sync."},{"$i":"sync-off-warn","$v":"The syncing is turned off on Settings."},{"$i":"show-account-contacts","$v":"Show account contacts"},{"$i":"sync-account-contacts","$v":"Sync account contacts"},{"$i":"sync-account-contacts-warning","$v":["Any account contact editing will not sync with cloud when the \"",{"t":"idOrVar","v":"switch"},"\" is unchecked, do you still want to uncheck this?"]},{"$i":"yes","$v":"Yes"},{"$i":"all-contacts-synced","$v":"All contacts are synced."},{"$i":"contact-syncing","$v":"Contacts Syncing..."},{"$i":"contacts-sync-limit-exceed","$v":"Sync contacts is incomplete due to contacts limit exceeded."},{"$i":"show-password","$v":"Show password"},{"$i":"password-incorrect","$v":"Password incorrect."},{"$i":"re-enter-password","$v":"Re-enter Password"},{"$i":"accessing-warn","$v":"There was a problem accessing your account."},{"$i":"accessing-warn-password","$v":"Please re-enter password."},{"$i":"re-enter-password-on-setting","$v":"Please re-enter password on Contacts setting."},{"$i":"accessing-warn-relogin","$v":"Please delete account and re-login."},{"$i":"update-password-failed","$v":"Update password failed, please try again later."},{"$i":"connect-time-out","$v":["Unable to establish connection with \"",{"t":"idOrVar","v":"server"},"\". There may be a problem with the network."]},{"$i":"server-error","$v":"Server unavailable. Please try again later."},{"$i":"loading","$v":"Loading..."},{"$i":"ellipsis","$v":"..."},{"$i":"stop-syncing-warn-title","$v":"Contacts Syncing"},{"$i":"stop-syncing-warn","$v":"Closing the app will stop the contact syncing process. Do you still want to close it?"},{"$i":"weekday-0-long","$v":"Sunday"},{"$i":"weekday-1-long","$v":"Monday"},{"$i":"weekday-2-long","$v":"Tuesday"},{"$i":"weekday-3-long","$v":"Wednesday"},{"$i":"weekday-4-long","$v":"Thursday"},{"$i":"weekday-5-long","$v":"Friday"},{"$i":"weekday-6-long","$v":"Saturday"},{"$i":"weekday-0-short","$v":"Sun"},{"$i":"weekday-1-short","$v":"Mon"},{"$i":"weekday-2-short","$v":"Tue"},{"$i":"weekday-3-short","$v":"Wed"},{"$i":"weekday-4-short","$v":"Thu"},{"$i":"weekday-5-short","$v":"Fri"},{"$i":"weekday-6-short","$v":"Sat"},{"$i":"month-0-long","$v":"January"},{"$i":"month-1-long","$v":"February"},{"$i":"month-2-long","$v":"March"},{"$i":"month-3-long","$v":"April"},{"$i":"month-4-long","$v":"May"},{"$i":"month-5-long","$v":"June"},{"$i":"month-6-long","$v":"July"},{"$i":"month-7-long","$v":"August"},{"$i":"month-8-long","$v":"September"},{"$i":"month-9-long","$v":"October"},{"$i":"month-10-long","$v":"November"},{"$i":"month-11-long","$v":"December"},{"$i":"month-0-genitive","$v":"January"},{"$i":"month-1-genitive","$v":"February"},{"$i":"month-2-genitive","$v":"March"},{"$i":"month-3-genitive","$v":"April"},{"$i":"month-4-genitive","$v":"May"},{"$i":"month-5-genitive","$v":"June"},{"$i":"month-6-genitive","$v":"July"},{"$i":"month-7-genitive","$v":"August"},{"$i":"month-8-genitive","$v":"September"},{"$i":"month-9-genitive","$v":"October"},{"$i":"month-10-genitive","$v":"November"},{"$i":"month-11-genitive","$v":"December"},{"$i":"month-0-short","$v":"Jan"},{"$i":"month-1-short","$v":"Feb"},{"$i":"month-2-short","$v":"Mar"},{"$i":"month-3-short","$v":"Apr"},{"$i":"month-4-short","$v":"May"},{"$i":"month-5-short","$v":"Jun"},{"$i":"month-6-short","$v":"Jul"},{"$i":"month-7-short","$v":"Aug"},{"$i":"month-8-short","$v":"Sep"},{"$i":"month-9-short","$v":"Oct"},{"$i":"month-10-short","$v":"Nov"},{"$i":"month-11-short","$v":"Dec"},{"$i":"minutes-ago-long","$v":{"zero":"Just now","one":"1 minute ago","two":[{"t":"idOrVar","v":"value"}," minutes ago"],"few":[{"t":"idOrVar","v":"value"}," minutes ago"],"many":[{"t":"idOrVar","v":"value"}," minutes ago"],"other":[{"t":"idOrVar","v":"value"}," minutes ago"]},"$x":[{"t":"idOrVar","v":"plural"},"value"]},{"$i":"hours-ago-long","$v":{"zero":"Just now","one":"1 hour ago","two":[{"t":"idOrVar","v":"value"}," hours ago"],"few":[{"t":"idOrVar","v":"value"}," hours ago"],"many":[{"t":"idOrVar","v":"value"}," hours ago"],"other":[{"t":"idOrVar","v":"value"}," hours ago"]},"$x":[{"t":"idOrVar","v":"plural"},"value"]},{"$i":"days-ago-long","$v":{"zero":"today","one":"yesterday","two":[{"t":"idOrVar","v":"value"}," days ago"],"few":[{"t":"idOrVar","v":"value"}," days ago"],"many":[{"t":"idOrVar","v":"value"}," days ago"],"other":[{"t":"idOrVar","v":"value"}," days ago"]},"$x":[{"t":"idOrVar","v":"plural"},"value"]},{"$i":"weeks-ago-long","$v":{"zero":"this week","one":"last week","two":[{"t":"idOrVar","v":"value"}," weeks ago"],"few":[{"t":"idOrVar","v":"value"}," weeks ago"],"many":[{"t":"idOrVar","v":"value"}," weeks ago"],"other":[{"t":"idOrVar","v":"value"}," weeks ago"]},"$x":[{"t":"idOrVar","v":"plural"},"value"]},{"$i":"months-ago-long","$v":{"zero":"this month","one":"last month","two":[{"t":"idOrVar","v":"value"}," months ago"],"few":[{"t":"idOrVar","v":"value"}," months ago"],"many":[{"t":"idOrVar","v":"value"}," months ago"],"other":[{"t":"idOrVar","v":"value"}," months ago"]},"$x":[{"t":"idOrVar","v":"plural"},"value"]},{"$i":"years-ago-long","$v":{"zero":"this year","one":"last year","two":[{"t":"idOrVar","v":"value"}," years ago"],"few":[{"t":"idOrVar","v":"value"}," years ago"],"many":[{"t":"idOrVar","v":"value"}," years ago"],"other":[{"t":"idOrVar","v":"value"}," years ago"]},"$x":[{"t":"idOrVar","v":"plural"},"value"]},{"$i":"minutes-until-long","$v":{"zero":"now","one":"in 1 minute","two":["in ",{"t":"idOrVar","v":"value"}," minutes"],"few":["in ",{"t":"idOrVar","v":"value"}," minutes"],"many":["in ",{"t":"idOrVar","v":"value"}," minutes"],"other":["in ",{"t":"idOrVar","v":"value"}," minutes"]},"$x":[{"t":"idOrVar","v":"plural"},"value"]},{"$i":"hours-until-long","$v":{"zero":"now","one":"in 1 hour","two":["in ",{"t":"idOrVar","v":"value"}," hours"],"few":["in ",{"t":"idOrVar","v":"value"}," hours"],"many":["in ",{"t":"idOrVar","v":"value"}," hours"],"other":["in ",{"t":"idOrVar","v":"value"}," hours"]},"$x":[{"t":"idOrVar","v":"plural"},"value"]},{"$i":"days-until-long","$v":{"zero":"today","one":"tomorrow","two":["in ",{"t":"idOrVar","v":"value"}," days"],"few":["in ",{"t":"idOrVar","v":"value"}," days"],"many":["in ",{"t":"idOrVar","v":"value"}," days"],"other":["in ",{"t":"idOrVar","v":"value"}," days"]},"$x":[{"t":"idOrVar","v":"plural"},"value"]},{"$i":"weeks-until-long","$v":{"zero":"this week","one":"next week","two":["in ",{"t":"idOrVar","v":"value"}," weeks"],"few":["in ",{"t":"idOrVar","v":"value"}," weeks"],"many":["in ",{"t":"idOrVar","v":"value"}," weeks"],"other":["in ",{"t":"idOrVar","v":"value"}," weeks"]},"$x":[{"t":"idOrVar","v":"plural"},"value"]},{"$i":"months-until-long","$v":{"zero":"this month","one":"next month","two":["in ",{"t":"idOrVar","v":"value"}," months"],"few":["in ",{"t":"idOrVar","v":"value"}," months"],"many":["in ",{"t":"idOrVar","v":"value"}," months"],"other":["in ",{"t":"idOrVar","v":"value"}," months"]},"$x":[{"t":"idOrVar","v":"plural"},"value"]},{"$i":"years-until-long","$v":{"zero":"this year","one":"next year","two":["in ",{"t":"idOrVar","v":"value"}," years"],"few":["in ",{"t":"idOrVar","v":"value"}," years"],"many":["in ",{"t":"idOrVar","v":"value"}," years"],"other":["in ",{"t":"idOrVar","v":"value"}," years"]},"$x":[{"t":"idOrVar","v":"plural"},"value"]},{"$i":"minutes-ago-short","$v":{"zero":"Just now","other":[{"t":"idOrVar","v":"value"},"m ago"]},"$x":[{"t":"idOrVar","v":"plural"},"value"]},{"$i":"hours-ago-short","$v":{"zero":"Just now","other":[{"t":"idOrVar","v":"value"},"h ago"]},"$x":[{"t":"idOrVar","v":"plural"},"value"]},{"$i":"days-ago-short","$v":{"zero":"today","other":[{"t":"idOrVar","v":"value"},"d ago"]},"$x":[{"t":"idOrVar","v":"plural"},"value"]},{"$i":"minutes-until-short","$v":{"zero":"now","other":["in ",{"t":"idOrVar","v":"value"},"m"]},"$x":[{"t":"idOrVar","v":"plural"},"value"]},{"$i":"hours-until-short","$v":{"zero":"now","other":["in ",{"t":"idOrVar","v":"value"},"h"]},"$x":[{"t":"idOrVar","v":"plural"},"value"]},{"$i":"days-until-short","$v":{"zero":"today","other":["in ",{"t":"idOrVar","v":"value"},"d"]},"$x":[{"t":"idOrVar","v":"plural"},"value"]},{"$i":"incorrectDate","$v":"(incorrect date)"},{"$i":"dateTimeFormat_%c","$v":"%a %b %e %Y %I:%M:%S %p"},{"$i":"dateTimeFormat_%x","$v":"%m/%d/%Y"},{"$i":"dateTimeFormat_%X","$v":"%I:%M:%S %p"},{"$i":"shortTimeFormat","$v":"%I:%M %p"},{"$i":"shortTimeFormat12","$v":"%I:%M %p"},{"$i":"shortTimeFormat24","$v":"%H:%M"},{"$i":"shortDateTimeFormat","$v":"%x %I:%M %p"},{"$i":"weekStartsOnMonday","$v":"0"},{"$i":"firstDayOfTheWeek","$v":"0"},{"$i":"time_am","$v":"AM"},{"$i":"time_pm","$v":"PM"},{"$i":"sim-with-index-and-carrier","$v":["SIM ",{"t":"idOrVar","v":"index"}," - ",{"t":"idOrVar","v":"carrier"}]},{"$i":"sim-without-carrier","$v":["SIM ",{"t":"idOrVar","v":"index"}]}]