[{"$i":"contacts","$v":"Contactos"},{"$i":"view","$v":"Ver"},{"$i":"no-contacts","$v":"Sin contactos"},{"$i":"reading-contacts","$v":"Cargando contactos"},{"$i":"start-adding","$v":"Pulse Nuevo o acceda a Ajustes para añadir contactos."},{"$i":"no-contact-available","$v":"No hay contactos disponibles"},{"$i":"requested-contact-not-available","$v":"La información solicitada no está disponible en los contactos existentes"},{"$i":"cannot-add-as-empty","$v":"No se puede añadir a contactos dado que su lista de contactos está vacía"},{"$i":"ok","$v":"OK"},{"$i":"no-phone-number-to-dial","$v":"Sin número de teléfono que marcar"},{"$i":"video-call","$v":"Videollamada"},{"$i":"rtt-call","$v":"Llamada RTT"},{"$i":"select-a-contact","$v":"Seleccionar un contacto"},{"$i":"multi-pick-max-warn","$v":["El conteo máximo seleccionado es ",{"t":"idOrVar","v":"n"},"."]},{"$i":"add-contact-failed","$v":"Error al añadir contacto"},{"$i":"no-sim-card-available","$v":"No hay ninguna tarjeta SD disponible"},{"$i":"email-cannot-add-to-sim","$v":"El correo electrónico no es compatible con la selección de memoria actual."},{"$i":"add-info-failed","$v":"Error al agregar información"},{"$i":"no-contact-to-add","$v":"No hay ningún contacto disponible para agregar."},{"$i":"move","$v":"Mover"},{"$i":"copy","$v":"Copiar"},{"$i":"copy-contacts","$v":"Copiar contactos"},{"$i":"move-contacts","$v":"Mover contactos"},{"$i":"phone-memory","$v":"Memoria del teléfono"},{"$i":"sim-memory","$v":"Memoria de SIM"},{"$i":"sim-0-memory","$v":"Memoria de la SIM 1"},{"$i":"sim-1-memory","$v":"Memoria de la SIM 2"},{"$i":"move-from","$v":"Mover desde"},{"$i":"copy-from","$v":"Copiar desde"},{"$i":"to","$v":"A"},{"$i":"move-contacts-progressing","$v":"Moviendo contacto(s)..."},{"$i":"copy-contacts-progressing","$v":"Copiando contacto(s)..."},{"$i":"contact-move-to-sim","$v":{"few":[{"t":"idOrVar","v":"migrated"}," contactos movidos a la SIM."],"many":[{"t":"idOrVar","v":"migrated"}," contactos movidos a la SIM."],"one":"1 contacto movido a la SIM.","other":[{"t":"idOrVar","v":"migrated"}," contactos movidos a la SIM."],"two":[{"t":"idOrVar","v":"migrated"}," contactos movidos a la SIM."],"zero":"Ningún contacto movido a la SIM."},"$x":[{"t":"idOrVar","v":"plural"},"migrated"]},{"$i":"contact-copy-to-sim","$v":{"few":[{"t":"idOrVar","v":"migrated"}," contactos copiados en la SIM."],"many":[{"t":"idOrVar","v":"migrated"}," contactos copiados en la SIM."],"one":"1 contacto copiado en la SIM.","other":[{"t":"idOrVar","v":"migrated"}," contactos copiados en la SIM."],"two":[{"t":"idOrVar","v":"migrated"}," contactos copiados en la SIM."],"zero":"Ningún contacto copiado en la SIM."},"$x":[{"t":"idOrVar","v":"plural"},"migrated"]},{"$i":"contact-move-to-sim0","$v":{"few":[{"t":"idOrVar","v":"migrated"}," contactos movidos a la SIM 1."],"many":[{"t":"idOrVar","v":"migrated"}," contactos movidos a la SIM 1."],"one":"1 contacto movido a la SIM 1.","other":[{"t":"idOrVar","v":"migrated"}," contactos movidos a la SIM 1."],"two":[{"t":"idOrVar","v":"migrated"}," contactos movidos a la SIM 1."],"zero":"Ningún contacto movido  a la SIM 1."},"$x":[{"t":"idOrVar","v":"plural"},"migrated"]},{"$i":"contact-copy-to-sim0","$v":{"few":[{"t":"idOrVar","v":"migrated"}," contactos copiados en la SIM 1."],"many":[{"t":"idOrVar","v":"migrated"}," contactos copiados en la SIM 1."],"one":"1 contacto copiado en la SIM 1.","other":[{"t":"idOrVar","v":"migrated"}," contactos copiados en la SIM 1."],"two":[{"t":"idOrVar","v":"migrated"}," contactos copiados en la SIM 1."],"zero":"Ningún contacto copiado en la SIM 1."},"$x":[{"t":"idOrVar","v":"plural"},"migrated"]},{"$i":"contact-move-to-sim1","$v":{"few":[{"t":"idOrVar","v":"migrated"}," contactos movidos a la SIM 2."],"many":[{"t":"idOrVar","v":"migrated"}," contactos movidos a la SIM 2."],"one":"1 contacto movido a la SIM 2.","other":[{"t":"idOrVar","v":"migrated"}," contactos movidos a la SIM 2."],"two":[{"t":"idOrVar","v":"migrated"}," contactos movidos a la SIM 2."],"zero":"Ningún contacto movido a la SIM 2."},"$x":[{"t":"idOrVar","v":"plural"},"migrated"]},{"$i":"contact-copy-to-sim1","$v":{"few":[{"t":"idOrVar","v":"migrated"}," contactos copiados en la SIM 2."],"many":[{"t":"idOrVar","v":"migrated"}," contactos copiados en la SIM 2."],"one":"1 contacto copiado en la SIM 2.","other":[{"t":"idOrVar","v":"migrated"}," contactos copiados en la SIM 2."],"two":[{"t":"idOrVar","v":"migrated"}," contactos copiados en la SIM 2."],"zero":"Ningún contacto copiado en la SIM 2."},"$x":[{"t":"idOrVar","v":"plural"},"migrated"]},{"$i":"contact-move-to-device","$v":{"one":"1 contacto movido al dispositivo.","zero":"Ningún contacto movido al dispositivo.","few":[{"t":"idOrVar","v":"migrated"}," contactos movidos al dispositivo."],"many":[{"t":"idOrVar","v":"migrated"}," contactos movidos al dispositivo."],"other":[{"t":"idOrVar","v":"migrated"}," contactos movidos al dispositivo."],"two":[{"t":"idOrVar","v":"migrated"}," contactos movidos al dispositivo."]},"$x":[{"t":"idOrVar","v":"plural"},"migrated"]},{"$i":"contact-copy-to-device","$v":{"one":"1 contacto copiado en el dispositivo.","zero":"Ningún contacto copiado en el dispositivo.","few":[{"t":"idOrVar","v":"migrated"}," contactos copiados en el dispositivo."],"many":[{"t":"idOrVar","v":"migrated"}," contactos copiados en el dispositivo."],"other":[{"t":"idOrVar","v":"migrated"}," contactos copiados en el dispositivo."],"two":[{"t":"idOrVar","v":"migrated"}," contactos copiados en el dispositivo."]},"$x":[{"t":"idOrVar","v":"plural"},"migrated"]},{"$i":"copy-contact-failed","$v":"Error al copiar contactos"},{"$i":"move-contact-failed","$v":"Error al mover contactos"},{"$i":"contact-copy-error-sim-full","$v":"No se ha completado la copia de contactos porque la tarjeta SIM está llena."},{"$i":"contact-copy-error-unknown","$v":"No se ha completado la copia de contactos debido a un error."},{"$i":"contact-copy-error-limit-exceeded","$v":"No se ha podido completar la copia de contactos porque se ha superado el límite de contactos del teléfono."},{"$i":"contact-move-error-sim-full","$v":"No se ha completado el traslado de contactos porque la tarjeta SIM está llena."},{"$i":"contact-move-error-unknown","$v":"No se ha completado el traslado de contactos debido a un error."},{"$i":"contact-move-error-limit-exceeded","$v":"No se ha podido completar el traslado de contactos porque se ha superado el límite de contactos del teléfono."},{"$i":"contact-save-error-unknown","$v":"No se ha guardado el contacto debido a un error."},{"$i":"memory","$v":"Memoria"},{"$i":"phone-and-sim","$v":"Teléfono y SIM"},{"$i":"phone","$v":"Teléfono"},{"$i":"sim","$v":"SIM"},{"$i":"reloading-contact","$v":"Recargando contactos..."},{"$i":"contact-reloaded","$v":"Contactos recargados"},{"$i":"message","$v":"Mensaje"},{"$i":"changes-saved","$v":"Cambios guardados."},{"$i":"already-ice-contact","$v":"El contacto seleccionado ya se ha establecido como ICE."},{"$i":"phone-contacts-limit-exceeded","$v":"Se ha superado el límite de contactos del teléfono."},{"$i":"sim-contacts-limit-exceeded","$v":"Se ha superado el límite de contactos de SMS."},{"$i":"more-info","$v":"Más"},{"$i":"callAirplaneModeTitle","$v":"Modo vuelo activado"},{"$i":"callAirplaneModeMessage","$v":"Para realizar una llamada deberá desactivar el modo vuelo en Ajustes."},{"$i":"emergencyDialogTitle","$v":"No hay conexión de red"},{"$i":"emergencyDialogBodyBadNumber","$v":"Para realizar una llamada, el teléfono debe estar conectado a una red."},{"$i":"emergencyDialogBodyDeviceNotAccepted","$v":"La red no permite las llamadas de emergencia."},{"$i":"invalidNumberToDialTitle","$v":"Número de teléfono no válido"},{"$i":"invalidNumberToDialMessage","$v":"El número de teléfono al que llama no es válido."},{"$i":"invalidNumberToSendTitle","$v":"Número de teléfono no válido"},{"$i":"invalidNumberToSendMessage","$v":"El número de teléfono que está enviando no es válido."},{"$i":"emergency-call-only","$v":"Sólo emergencias"},{"$i":"emergency-call-error","$v":[{"t":"idOrVar","v":"number"}," no es un número de emergencia."]},{"$i":"numberIsBusyTitle","$v":"El número está ocupado"},{"$i":"numberIsBusyMessage","$v":"El número está ocupado en estos momentos. Inténtelo de nuevo más tarde."},{"$i":"fdnIsActiveTitle","$v":"FDN activo"},{"$i":"fdnIsActiveMessage","$v":["FDN (números de marcación fija) está activado y el siguiente número no aparece en su lista de FDN: ",{"t":"idOrVar","v":"number"}]},{"$i":"otherConnectionInUseTitle","$v":"Otra conexión en uso"},{"$i":"otherConnectionInUseMessage","$v":"Puede realizar una llamada activa en otra conexión. Solamente puede usar una conexión cada vez."},{"$i":"GenericFailure","$v":"Error genérico"},{"$i":"CallFailed","$v":"Error de llamada"},{"$i":"scCallBarring","$v":"Restricción de llamadas"},{"$i":"scCallForwarding","$v":"Desvío de llamadas"},{"$i":"scClip","$v":"ID del emisor de llamada entrante"},{"$i":"scClir","$v":"ID del emisor de llamada saliente"},{"$i":"scPwd","$v":"Cambio de contraseña"},{"$i":"scCallWaiting","$v":"Llamada en espera"},{"$i":"scPin","$v":"Cambio de PIN"},{"$i":"scPin2","$v":"Cambio de PIN2"},{"$i":"scPuk","$v":"Desbloquear PIN"},{"$i":"scPuk2","$v":"Desbloquear PIN2"},{"$i":"scImei","$v":"IMEI"},{"$i":"scMeid","$v":"MEID"},{"$i":"scUssd","$v":"USSD"},{"$i":"set-speed-dial","$v":"Contactos marcación ráp."},{"$i":"empty","$v":"Vaciar"},{"$i":"voicemail","$v":"Correo de voz"},{"$i":"speed-dial","$v":"Marcación rápida"},{"$i":"add","$v":"Añadir"},{"$i":"replace","$v":"Reemplazar"},{"$i":"remove-from-speed-dial","$v":"Quitar de la marcación rápida"},{"$i":"custom-dialog-replace-speed-dial","$v":["¿Está seguro que desea reemplazar el Discado rápido ",{"t":"idOrVar","v":"oldSpeedDial"}," por ",{"t":"idOrVar","v":"newSpeedDial"},"?"]},{"$i":"custom-dialog-remove-speed-dial","$v":["¿Seguro que desea quitar ",{"t":"idOrVar","v":"name"}," de la marcación rápida?"]},{"$i":"speed-dial-added","$v":"Se añadió un número a Discado rápido"},{"$i":"speed-dial-removed","$v":"Se ha eliminado el número de marcación rápida."},{"$i":"speed-dial-replaced","$v":"Se ha actualizado el número de marcación rápida."},{"$i":"voice-mail","$v":"Correo de voz"},{"$i":"voice-mail-number","$v":["Número de buzón de voz - SIM ",{"t":"idOrVar","v":"n"}]},{"$i":"voice-mail-number-single","$v":"Número de buzón de voz"},{"$i":"voice-mail-number-updated","$v":"Se actualizó un número en el Correo de voz"},{"$i":"found-duplicates-message","$v":"Se encontró información duplicada en los siguientes contactos. ¿Desea combinarlos?"},{"$i":"confirm-to-merge-contacts","$v":["¿Seguro que desea combinar ",{"t":"idOrVar","v":"n"}," contactos con ",{"t":"idOrVar","v":"name"},"?"]},{"$i":"contact-merged","$v":"Contacto combinado"},{"$i":"find-duplicate-contacts","$v":"Encontrar contactos duplicados"},{"$i":"no-duplicate-contact-found","$v":"No se encontraron contactos duplicados"},{"$i":"merge","$v":"Fusionar"},{"$i":"find-dup","$v":"Encontrar contactos duplicados"},{"$i":"find-dup-title","$v":"Encontrar Contactos Duplicados"},{"$i":"finding-dup-message","$v":"Buscando contactos duplicados..."},{"$i":"dup-found-title","$v":"Duplicados encontrados"},{"$i":"dup-found-message","$v":"Se ha encontrado información duplicada en los contactos siguientes. ¿Desea combinarla?"},{"$i":"no-dup-found","$v":"No se ha encontrado ningún duplicado."},{"$i":"merge-conflict-warn","$v":["La información siguiente se sobrescribirá por \"",{"t":"idOrVar","v":"name"},"\":"]},{"$i":"merge-conflict-confirm","$v":"¿Seguro que desea combinar todos los contactos?"},{"$i":"add-favorite","$v":"Añadir como favorito"},{"$i":"remove-favorite","$v":"Quitar de favoritos"},{"$i":"favorite-contacts","$v":"Contactos favoritos"},{"$i":"add-block","$v":"Bloquear este número"},{"$i":"remove-block","$v":"Desbloquear este número"},{"$i":"add-block-email","$v":"Bloquear esta dirección de correo electrónico"},{"$i":"remove-block-email","$v":"Desbloquear esta dirección de correo electrónico"},{"$i":"add-block-contact-warning","$v":"No recibirá llamadas ni mensajes de las personas que se encuentren en la lista de bloqueos."},{"$i":"add-block-email-warning","$v":"No recibirá ningún mensaje de esta dirección de correo electrónico."},{"$i":"block","$v":"Bloquear"},{"$i":"unblock","$v":"Desbloquear"},{"$i":"block-contacts","$v":"Bloquear contactos"},{"$i":"add-block-header","$v":"Añadir número para bloqueo"},{"$i":"remove-block-alert","$v":"Eliminado de Contactos bloqueados."},{"$i":"duplicate-block-number","$v":"No se puede añadir un número duplicado."},{"$i":"sort-contacts","$v":"Ordenar contactos"},{"$i":"sort-by-first-name","$v":"Ordenar por nombre"},{"$i":"sort-by-last-name","$v":"Ordenar por apellido"},{"$i":"no-support-open-multi-vcard","$v":"No se puede abrir la información de contacto con varios contactos"},{"$i":"import","$v":"Importar"},{"$i":"sdcard","$v":"Tarjeta de memoria"},{"$i":"simcard","$v":"Tarjeta SIM"},{"$i":"import-contacts","$v":"Importar contactos"},{"$i":"simContacts-error","$v":"No pudieron importarse los contactos desde SIM"},{"$i":"memoryCardContacts-error","$v":"No pudieron importarse los contactos de la tarjeta de memoria"},{"$i":"novCardFiles","$v":"No hay ningún archivo de contactos disponible en la tarjeta de memoria."},{"$i":"fullDiskSpace-error","$v":"El almacenamiento está lleno; no se pueden importar contactos."},{"$i":"socialServiceContacts-error","$v":["No se pudieron importar contactos de ",{"t":"idOrVar","v":"service"},"."]},{"$i":"socialServiceContacts-noNetwork","$v":["Sin conexión a Internet no se pueden importar los contactos de ",{"t":"idOrVar","v":"service"},"."]},{"$i":"simContacts-reading","$v":"Leyendo contactos de Tarjeta SIM..."},{"$i":"memoryCardContacts-reading","$v":"Leyendo contactos de la tarjeta de memoria…"},{"$i":"importContactsTitle","$v":"Importar contactos"},{"$i":"retry","$v":"Reintentar"},{"$i":"noSimMsg","$v":"Para importar contactos inserte o desbloquee la tarjeta SIM"},{"$i":"noSdcardMsg","$v":"Para importar los contactos, inserte la tarjeta de memoria"},{"$i":"not-imported","$v":"No importado"},{"$i":"imported","$v":"Importados"},{"$i":"importing","$v":"Importando"},{"$i":"contact-imported","$v":[{"t":"idOrVar","v":"imported"}," contactos importados. ",{"t":"idOrVar","v":"dupes"}," contactos combinados."]},{"$i":"contact-imported2","$v":{"one":"Se ha importado 1 contacto.","zero":"Ningún contacto importado.","few":["Se han importado ",{"t":"idOrVar","v":"imported"}," contactos."],"many":["Se han importado ",{"t":"idOrVar","v":"imported"}," contactos."],"other":["Se han importado ",{"t":"idOrVar","v":"imported"}," contactos."],"two":["Se han importado ",{"t":"idOrVar","v":"imported"}," contactos."]},"$x":[{"t":"idOrVar","v":"plural"},"imported"]},{"$i":"reading-contacts-from-sim","$v":"Leyendo contactos de la tarjeta SIM..."},{"$i":"reading-contacts-from-gmail","$v":"Leyendo contactos de Gmail..."},{"$i":"reading-contacts-from-live","$v":"Leyendo contactos de Outlook..."},{"$i":"reading-contacts-from-sd","$v":"Leyendo contactos de la tarjeta de memoria..."},{"$i":"reading-contacts-from-vcard","$v":"Leyendo contactos de un archivo..."},{"$i":"importing-contacts-from-sim","$v":"Importando contactos de la tarjeta SIM..."},{"$i":"importing-contacts-from-gmail","$v":"Importando contactos de Gmail..."},{"$i":"importing-contacts-from-live","$v":"Importando contactos de Outlook..."},{"$i":"importing-contacts-from-sd","$v":"Importando contactos de la tarjeta de memoria..."},{"$i":"importing-contacts-from-vcard","$v":"Importando contactos de un archivo..."},{"$i":"connect-network-to-import","$v":"Para importar contactos, conéctese a una red Wi-Fi o a una red de datos"},{"$i":"importing-confirm","$v":["¿Desea importar ",{"t":"idOrVar","v":"n"}," contacto(s) del archivo \"",{"t":"idOrVar","v":"fileName"},"\"?"]},{"$i":"importing-cancel-confirm","$v":"El proceso de importación se detendrá si cierra esta pantalla. ¿Desea cerrarla?"},{"$i":"import-contact-failed","$v":"Error al importar el contacto"},{"$i":"phone-storage-full","$v":"Almacenamiento del teléfono lleno"},{"$i":"import-contact-storage-full","$v":"No se pueden importar contactos. Elimine datos de aplicaciones para liberar espacio."},{"$i":"contact-import-error-disk-full","$v":"No se han podido importar todos los contactos porque no queda espacio de almacenamiento. Elimine datos de aplicaciones para liberar espacio."},{"$i":"contact-import-error-sim-full","$v":"No se ha completado la importación de contactos porque la tarjeta SIM está llena."},{"$i":"contact-import-error-unknown","$v":"No se ha completado la importación de contactos debido a un error."},{"$i":"import-contacts-canceled","$v":"Importación de contactos cancelada."},{"$i":"close","$v":"Cerrar"},{"$i":"import-process-cancel","$v":"Se ha cancelado el proceso de importación."},{"$i":"import-limit-header","$v":"Se ha superado el límite de tamaño de archivo"},{"$i":"inner-import-limit-content","$v":"No se han importado los archivos de contactos de más de 10 MB."},{"$i":"activity-import-limit-contact","$v":"No se ha podido importar los contactos porque superan el límite de tamaño de archivo."},{"$i":"activity-import-limit-additional","$v":"(El tamaño del archivo debe ser inferior a 10 MB)."},{"$i":"bluetooth","$v":"Bluetooth"},{"$i":"export","$v":"Exportar"},{"$i":"export-contacts","$v":"Exportar contactos"},{"$i":"simExport-title","$v":"Exportar a SIM"},{"$i":"memoryCardExport-title","$v":"Exportar a tarjeta de memoria"},{"$i":"btExport-title","$v":"Exportar a Bluetooth"},{"$i":"noSimMsgExport","$v":"Para exportar contactos inserte o desbloquee la tarjeta SIM"},{"$i":"noSdcardExport","$v":"Para exportar contactos, inserte una tarjeta de memoria."},{"$i":"bluetoothNoConnection","$v":"Para exportar contactos conectar a un dispositivo bluetooth."},{"$i":"contact-exported","$v":[{"t":"idOrVar","v":"exported"}," contactos exportados."]},{"$i":"contact-exported2","$v":{"zero":"No se ha exportado ningún contacto.","one":"Se ha exportado 1 contacto.","few":[{"t":"idOrVar","v":"exported"}," contactos exportados."],"many":[{"t":"idOrVar","v":"exported"}," contactos exportados."],"other":[{"t":"idOrVar","v":"exported"}," contactos exportados."],"two":[{"t":"idOrVar","v":"exported"}," contactos exportados."]},"$x":[{"t":"idOrVar","v":"plural"},"exported"]},{"$i":"export-contact-failed","$v":"Error al exportar el contacto"},{"$i":"contact-export-error-sim-full","$v":"No se ha completado la exportación de los contactos porque la tarjeta SIM está llena."},{"$i":"contact-export-error-sd-full","$v":"No se ha completado la exportación de contactos porque la tarjeta de memoria está llena."},{"$i":"contact-export-error-unknown","$v":"No se ha completado la exportación de contactos debido a un error."},{"$i":"contact-export-canceled","$v":"Se ha cancelado el proceso de exportación."},{"$i":"save","$v":"Guardar"},{"$i":"back","$v":"Volver"},{"$i":"givenName","$v":"Nombre"},{"$i":"familyName","$v":"Apellido"},{"$i":"name","$v":"Nombre"},{"$i":"org","$v":"Empresa"},{"$i":"ringtone","$v":"Tono de llamada"},{"$i":"note","$v":"Nota"},{"$i":"photo","$v":"Imagen"},{"$i":"email","$v":"Correo electrónico"},{"$i":"adr","$v":"Búsqueda relacionada"},{"$i":"custom","$v":"Personalizado"},{"$i":"confirm-discard-contact-data","$v":"Se eliminará la información del contacto. ¿Desea guardarlo?"},{"$i":"confirm-discard-contact-update-data","$v":"Se descartarán los cambios. ¿Desea guardar este contacto?"},{"$i":"discard-contact-data","$v":"Se descartarán los cambios."},{"$i":"discard","$v":"Descartar"},{"$i":"add-others","$v":"Añadir otros"},{"$i":"custom-label","$v":"Etiqueta personalizada"},{"$i":"input-the-custom-type","$v":"Ingrese el tipo personalizado"},{"$i":"contact-added","$v":"Contacto añadido."},{"$i":"delete-prompt-message","$v":["¿Quiere borrar ",{"t":"idOrVar","v":"field"},"?"]},{"$i":"delete-photo-msg","$v":"imagen"},{"$i":"delete-ringtone-msg","$v":"tono de llamada"},{"$i":"delete-bday-msg","$v":"cumpleaños"},{"$i":"delete-note-msg","$v":"nota"},{"$i":"delete-org-msg","$v":"empresa"},{"$i":"personal","$v":"Personal"},{"$i":"mobile","$v":"Celular"},{"$i":"current","$v":"Actual"},{"$i":"home","$v":"Casa"},{"$i":"work","$v":"Trabajo"},{"$i":"other","$v":"Otros"},{"$i":"fax-home","$v":"Fax de casa"},{"$i":"fax-office","$v":"Fax de la oficina"},{"$i":"fax-other","$v":"Otro fax"},{"$i":"add-phone","$v":"Añadir teléfono"},{"$i":"add-tel","$v":"Añadir número de teléfono"},{"$i":"add-email","$v":"Añadir correo electrónico"},{"$i":"add-ringtone","$v":"Añadir tono de llamada"},{"$i":"add-adr","$v":"Añadir dirección"},{"$i":"add-bday","$v":"Añadir cumpleaños"},{"$i":"add-photo","$v":"Añadir imagen"},{"$i":"add-note","$v":"Añadir nota"},{"$i":"add-org","$v":"Añadir compañía"},{"$i":"add-tel-number","$v":"Añadir número de teléfono"},{"$i":"delete-tel","$v":"Eliminar número de teléfono"},{"$i":"delete-email","$v":"Eliminar correo electrónico"},{"$i":"delete-ringtone","$v":"Eliminar tono de llamada"},{"$i":"delete-adr","$v":"Eliminar dirección"},{"$i":"delete-bday","$v":"Eliminar cumpleaños"},{"$i":"delete-photo","$v":"Eliminar imagen"},{"$i":"delete-note","$v":"Eliminar nota"},{"$i":"delete-org","$v":"Eliminar compañía"},{"$i":"edit-tel-type","$v":"Editar Tipo de teléfono"},{"$i":"edit-email-type","$v":"Editar Tipo de correo electrónico"},{"$i":"edit-adr-type","$v":"Editar Tipo de dirección"},{"$i":"edit-bday-type","$v":"Editar cumpleaños"},{"$i":"replace-photo","$v":"Cambiar fotografía"},{"$i":"replace-ringtone","$v":"Cambiar Tono de llamada"},{"$i":"mobile-tel","$v":"Teléfono celular"},{"$i":"home-tel","$v":"Teléfono de casa"},{"$i":"work-tel","$v":"Teléfono de trabajo"},{"$i":"personal-tel","$v":"Teléfono personal"},{"$i":"fax-home-tel","$v":"Fax de casa"},{"$i":"fax-office-tel","$v":"Fax de la oficina"},{"$i":"fax-other-tel","$v":"Otro fax"},{"$i":"other-tel","$v":"Otro teléfono"},{"$i":"personal-email","$v":"Correo electrónico personal"},{"$i":"work-email","$v":"Correo electrónico de trabajo"},{"$i":"other-email","$v":"Otro correo electrónico"},{"$i":"custom-email","$v":["Correo electrónico ",{"t":"idOrVar","v":"type"}]},{"$i":"custom-tel","$v":[{"t":"idOrVar","v":"type"}," teléfono"]},{"$i":"personal-adr","$v":"Dirección personal"},{"$i":"current-adr","$v":"Dirección actual"},{"$i":"home-adr","$v":"Dirección particular"},{"$i":"work-adr","$v":"Dirección de trabajo"},{"$i":"custom-adr","$v":[{"t":"idOrVar","v":"type"}," dirección"]},{"$i":"bday","$v":"Cumpleaños"},{"$i":"birthday","$v":"Cumpleaños"},{"$i":"streetAddress","$v":"Calle"},{"$i":"locality","$v":"Ciudad"},{"$i":"postalCode","$v":"Código postal"},{"$i":"countryName","$v":"País"},{"$i":"region","$v":"Estado"},{"$i":"no-name","$v":"Sin nombre"},{"$i":"new-contact","$v":"Nuevo"},{"$i":"options","$v":"Opciones"},{"$i":"cancel","$v":"Cancelar"},{"$i":"settings","$v":"Ajustes"},{"$i":"edit","$v":"Editar"},{"$i":"share","$v":"Compartir"},{"$i":"remove","$v":"Quitar"},{"$i":"compose","$v":"Componer"},{"$i":"new-contact-title","$v":"Nuevo contacto"},{"$i":"edit-title","$v":"Editar contacto"},{"$i":"music","$v":"Música"},{"$i":"adr-type","$v":"Tipo de dirección"},{"$i":"email-type","$v":"Tipo de correo electrónico"},{"$i":"tel-type","$v":"Tipo de teléfono"},{"$i":"ICEContactsGroup","$v":"Contactos ICE"},{"$i":"setICEButton","$v":"Contactos de emergencia"},{"$i":"ICESettingTitle","$v":"Contactos ICE"},{"$i":"ICEDescription","$v":"Añada cinco contactos a quien llamar en caso de emergencia."},{"$i":"ICEContact","$v":["Contacto de emergencia ",{"t":"idOrVar","v":"n"}]},{"$i":"ICESelectContact","$v":"Seleccionar un contacto"},{"$i":"delete-ice-contact-warning","$v":"¿Seguro que desea quitar el contacto de emergencia?"},{"$i":"confirm","$v":"Confirmación"},{"$i":"add-ice-failed","$v":"No se ha podido añadir ICE"},{"$i":"create-group","$v":"Crear grupo"},{"$i":"group-name","$v":"Nombre del grupo"},{"$i":"group","$v":"Grupo"},{"$i":"new-group-created","$v":"Se ha creado un nuevo grupo."},{"$i":"create-group-failed","$v":"Error al crear el grupo."},{"$i":"create-group-too-many","$v":["Solo puede crear ",{"t":"idOrVar","v":"number"}," grupos."]},{"$i":"create-group-duplicate","$v":"Duplicar nombre."},{"$i":"rename-group-failed","$v":"Error al cambiar el nombre del grupo."},{"$i":"new-group","$v":"Nuevo"},{"$i":"rename","$v":"Renombrar"},{"$i":"duplicate-removed","$v":"Se han eliminado los contactos duplicados."},{"$i":"add-to-group","$v":"Añadir al grupo"},{"$i":"remove-from-group","$v":"Eliminar del grupo"},{"$i":"added-to","$v":["Añadido a ",{"t":"idOrVar","v":"group"}]},{"$i":"removed-from","$v":["Eliminado de ",{"t":"idOrVar","v":"group"}]},{"$i":"select-group","$v":"Seleccionar grupo"},{"$i":"rename-group","$v":"Cambiar nombre del grupo"},{"$i":"delete-group","$v":["¿Seguro que desea eliminar el grupo ",{"t":"idOrVar","v":"group"},"?"]},{"$i":"unable-add-warn","$v":"No se ha podido agregar el contacto de la cuenta al grupo."},{"$i":"edit-contact","$v":"Editar contacto"},{"$i":"send-message","$v":"Enviar mensaje"},{"$i":"call","$v":"Llamar"},{"$i":"call-sim-1","$v":"Llamar - SIM 1"},{"$i":"call-sim-2","$v":"Llamar - SIM 2"},{"$i":"send-email","$v":"Enviar correo electrónico"},{"$i":"choose-number","$v":"Seleccionar número"},{"$i":"choose-email-address","$v":"Seleccionar email"},{"$i":"delete","$v":"Eliminar"},{"$i":"select","$v":"Selec."},{"$i":"select-all","$v":"Seleccionar todo"},{"$i":"select-all2","$v":"Todos"},{"$i":"deselect-all","$v":"Deseleccionar todo"},{"$i":"deselect-all2","$v":"Ninguno"},{"$i":"deselect","$v":"Desmarcar"},{"$i":"selected-contacts","$v":{"few":[{"t":"idOrVar","v":"n"}," seleccionado"],"many":[{"t":"idOrVar","v":"n"}," seleccionado"],"one":[{"t":"idOrVar","v":"n"}," seleccionada"],"other":[{"t":"idOrVar","v":"n"}," seleccionado"],"two":[{"t":"idOrVar","v":"n"}," seleccionado"],"zero":[{"t":"idOrVar","v":"n"}," seleccionado"]},"$x":[{"t":"idOrVar","v":"plural"},"n"]},{"$i":"massive-delete","$v":"Eliminar contactos"},{"$i":"confirm-contact-delete","$v":["¿Seguro que desea eliminar el contacto \"",{"t":"idOrVar","v":"name"},"\"?"]},{"$i":"DeletedTxt","$v":{"few":[{"t":"idOrVar","v":"n"}," Contactos eliminados"],"many":[{"t":"idOrVar","v":"n"}," Contactos eliminados"],"one":"1 Contacto eliminado","other":[{"t":"idOrVar","v":"n"}," Contactos eliminados"],"two":[{"t":"idOrVar","v":"n"}," Contactos eliminados"],"zero":"Ningún Contacto a eliminar"},"$x":[{"t":"idOrVar","v":"plural"},"n"]},{"$i":"DeletingContacts","$v":"Borrar Contactos"},{"$i":"DeletingContactsProgressing","$v":"Eliminando contactos"},{"$i":"ContactConfirmDel","$v":{"few":["¿Eliminar ",{"t":"idOrVar","v":"n"}," Contactos? Este contacto no puede deshacerse."],"many":["¿Eliminar ",{"t":"idOrVar","v":"n"}," Contactos? Este contacto no puede deshacerse."],"one":"¿Eliminar 1 Contacto? Este contacto no puede deshacerse.","other":["¿Eliminar ",{"t":"idOrVar","v":"n"}," Contactos? Este contacto no puede deshacerse."],"two":["¿Eliminar ",{"t":"idOrVar","v":"n"}," Contactos? Este contacto no puede deshacerse."],"zero":"Ningún Contacto a eliminar"},"$x":[{"t":"idOrVar","v":"plural"},"n"]},{"$i":"contact-deleted","$v":{"zero":"Ningún contacto eliminado","one":"1 contacto eliminado","few":[{"t":"idOrVar","v":"n"}," contactos eliminados"],"many":[{"t":"idOrVar","v":"n"}," contactos eliminados"],"other":[{"t":"idOrVar","v":"n"}," contactos eliminados"],"two":[{"t":"idOrVar","v":"n"}," contactos eliminados"]},"$x":[{"t":"idOrVar","v":"plural"},"n"]},{"$i":"a-contact-deleted","$v":"Contacto eliminado"},{"$i":"settings-title","$v":"Ajustes de contactos"},{"$i":"change-will-update-until-restart","$v":"Los cambios se actualizarán la próxima vez que se abra Contactos."},{"$i":"transfer-contacts","$v":"Transferir contactos"},{"$i":"service-number","$v":"Número de servicio"},{"$i":"no-contacts-found","$v":"No se ha encontrado ninguna coincidencia."},{"$i":"search","$v":"Buscar contactos","placeholder":"Buscar contactos"},{"$i":"search-option","$v":"Buscar"},{"$i":"accounts","$v":"Cuentas"},{"$i":"account","$v":"Gestor de cuenta"},{"$i":"add-account","$v":"Configuración Manual"},{"$i":"add-account-failed","$v":"Se ha producido un error desconocido; inténtelo de nuevo más tarde."},{"$i":"duplicate-account-warn","$v":"La cuenta ya existe. Se ha activado la sincronización."},{"$i":"setting-up-account","$v":"Configurando una cuenta"},{"$i":"no-network-warn","$v":"No hay conexión a Internet."},{"$i":"username","$v":"Nombre de usuario"},{"$i":"password","$v":"Contraseña"},{"$i":"delete-account","$v":"Eliminar cuenta"},{"$i":"delete-account-long","$v":"Eliminar cuenta"},{"$i":"delete-account-warn","$v":"Si borra esta cuenta, también se verán afectadas las aplicaciones que la utilizan."},{"$i":"deleting-account","$v":"Borrando cuenta"},{"$i":"delete-account-failed","$v":"Error al eliminar la cuenta. Inténtelo de nuevo más tarde."},{"$i":"delete-account-ok","$v":"Cuenta eliminada"},{"$i":"sync","$v":"Sinc"},{"$i":"sync-title","$v":"Sincronización de contactos"},{"$i":"sync-failed-warn","$v":"No se ha podido sincronizar."},{"$i":"sync-off-warn","$v":"La sincronización está desactivada en Ajustes."},{"$i":"show-account-contacts","$v":"Mostrar contactos de cuenta"},{"$i":"sync-account-contacts","$v":"Sincronizar contactos de la cuenta"},{"$i":"sync-account-contacts-warning","$v":["Cualquier edición de contacto de cuenta no se sincronizará con la nube si no está marcada la opción \"",{"t":"idOrVar","v":"switch"},"\", ¿seguro que desea dejarla sin marcar?"]},{"$i":"yes","$v":"Sí"},{"$i":"all-contacts-synced","$v":"Se han sincronizado todos los contactos."},{"$i":"contact-syncing","$v":"Sincronizando contactos..."},{"$i":"contacts-sync-limit-exceed","$v":"No se han podido sincronizar todos los contactos porque se ha superado el límite de contactos permitido."},{"$i":"show-password","$v":"Mostrar contraseña"},{"$i":"password-incorrect","$v":"Contraseña incorrecta."},{"$i":"re-enter-password","$v":"Vuelva a ingresar la contraseña"},{"$i":"accessing-warn","$v":"Error al acceder a su cuenta."},{"$i":"accessing-warn-password","$v":"Vuelva a ingresar la contraseña."},{"$i":"re-enter-password-on-setting","$v":"Vuelva a introducir la contraseña en los ajustes de Contactos."},{"$i":"accessing-warn-relogin","$v":"Elimine la cuenta y vuelva a iniciar sesión."},{"$i":"update-password-failed","$v":"Error al actualizar la contraseña. Inténtelo de nuevo más tarde."},{"$i":"connect-time-out","$v":["No se ha podido establecer la conexión con el servidor \"",{"t":"idOrVar","v":"server"},"\". Es posible que haya un problema con la red."]},{"$i":"server-error","$v":"Servidor no disponible. Inténtelo de nuevo más tarde."},{"$i":"loading","$v":"Cargando..."},{"$i":"ellipsis","$v":"..."},{"$i":"stop-syncing-warn-title","$v":"Sincronizando contactos"},{"$i":"stop-syncing-warn","$v":"Al cerrar la aplicación se detendrá el proceso de sincronización de contactos. ¿Seguro que desea cerrarlo?"},{"$i":"weekday-0-long","$v":"Domingo"},{"$i":"weekday-1-long","$v":"Lunes"},{"$i":"weekday-2-long","$v":"Martes"},{"$i":"weekday-3-long","$v":"Miércoles"},{"$i":"weekday-4-long","$v":"Jueves"},{"$i":"weekday-5-long","$v":"Viernes"},{"$i":"weekday-6-long","$v":"Sábado"},{"$i":"weekday-0-short","$v":"dom."},{"$i":"weekday-1-short","$v":"lun."},{"$i":"weekday-2-short","$v":"mar."},{"$i":"weekday-3-short","$v":"mié."},{"$i":"weekday-4-short","$v":"jue."},{"$i":"weekday-5-short","$v":"vie."},{"$i":"weekday-6-short","$v":"sáb."},{"$i":"month-0-long","$v":"Enero"},{"$i":"month-1-long","$v":"Febrero"},{"$i":"month-2-long","$v":"Marzo"},{"$i":"month-3-long","$v":"Abril"},{"$i":"month-4-long","$v":"May"},{"$i":"month-5-long","$v":"Junio"},{"$i":"month-6-long","$v":"Julio"},{"$i":"month-7-long","$v":"Agosto"},{"$i":"month-8-long","$v":"Septiembre"},{"$i":"month-9-long","$v":"Octubre"},{"$i":"month-10-long","$v":"Noviembre"},{"$i":"month-11-long","$v":"Diciembre"},{"$i":"month-0-genitive","$v":"Enero"},{"$i":"month-1-genitive","$v":"Febrero"},{"$i":"month-2-genitive","$v":"Marzo"},{"$i":"month-3-genitive","$v":"Abril"},{"$i":"month-4-genitive","$v":"May"},{"$i":"month-5-genitive","$v":"Junio"},{"$i":"month-6-genitive","$v":"Julio"},{"$i":"month-7-genitive","$v":"Agosto"},{"$i":"month-8-genitive","$v":"Septiembre"},{"$i":"month-9-genitive","$v":"Octubre"},{"$i":"month-10-genitive","$v":"Noviembre"},{"$i":"month-11-genitive","$v":"Diciembre"},{"$i":"month-0-short","$v":"Ene"},{"$i":"month-1-short","$v":"Feb"},{"$i":"month-2-short","$v":"Mar"},{"$i":"month-3-short","$v":"Abr"},{"$i":"month-4-short","$v":"May"},{"$i":"month-5-short","$v":"Jun"},{"$i":"month-6-short","$v":"Jul"},{"$i":"month-7-short","$v":"Ago"},{"$i":"month-8-short","$v":"Sep"},{"$i":"month-9-short","$v":"Oct"},{"$i":"month-10-short","$v":"Nov"},{"$i":"month-11-short","$v":"Dec"},{"$i":"minutes-ago-long","$v":{"few":["hace ",{"t":"idOrVar","v":"value"}," minutos"],"many":["hace ",{"t":"idOrVar","v":"value"}," minutos"],"other":["hace ",{"t":"idOrVar","v":"value"}," minutos"],"two":["hace ",{"t":"idOrVar","v":"value"}," minutos"],"one":"hace un minuto","zero":"Justo ahora"},"$x":[{"t":"idOrVar","v":"plural"},"value"]},{"$i":"hours-ago-long","$v":{"few":["hace ",{"t":"idOrVar","v":"value"}," horas"],"many":["hace ",{"t":"idOrVar","v":"value"}," horas"],"other":["hace ",{"t":"idOrVar","v":"value"}," horas"],"two":["hace ",{"t":"idOrVar","v":"value"}," horas"],"one":"hace una hora","zero":"Justo ahora"},"$x":[{"t":"idOrVar","v":"plural"},"value"]},{"$i":"days-ago-long","$v":{"few":["hace ",{"t":"idOrVar","v":"value"}," días"],"many":["hace ",{"t":"idOrVar","v":"value"}," días"],"one":"ayer","other":["hace ",{"t":"idOrVar","v":"value"}," días"],"two":["hace ",{"t":"idOrVar","v":"value"}," días"],"zero":"hoy"},"$x":[{"t":"idOrVar","v":"plural"},"value"]},{"$i":"weeks-ago-long","$v":{"few":["hace ",{"t":"idOrVar","v":"value"}," semanas"],"many":["hace ",{"t":"idOrVar","v":"value"}," semanas"],"one":"la semana pasada","other":["hace ",{"t":"idOrVar","v":"value"}," semanas"],"two":["hace ",{"t":"idOrVar","v":"value"}," semanas"],"zero":"esta semana"},"$x":[{"t":"idOrVar","v":"plural"},"value"]},{"$i":"months-ago-long","$v":{"few":["hace ",{"t":"idOrVar","v":"value"}," meses"],"many":["hace ",{"t":"idOrVar","v":"value"}," meses"],"one":"el último mes","other":["hace ",{"t":"idOrVar","v":"value"}," meses"],"two":["hace ",{"t":"idOrVar","v":"value"}," meses"],"zero":"este mes"},"$x":[{"t":"idOrVar","v":"plural"},"value"]},{"$i":"years-ago-long","$v":{"few":["hace ",{"t":"idOrVar","v":"value"}," años"],"many":["hace ",{"t":"idOrVar","v":"value"}," años"],"one":"el año pasado","other":["hace ",{"t":"idOrVar","v":"value"}," años"],"two":["hace ",{"t":"idOrVar","v":"value"}," años"],"zero":"este año"},"$x":[{"t":"idOrVar","v":"plural"},"value"]},{"$i":"minutes-until-long","$v":{"few":["en ",{"t":"idOrVar","v":"value"}," minutos"],"many":["en ",{"t":"idOrVar","v":"value"}," minutos"],"other":["en ",{"t":"idOrVar","v":"value"}," minutos"],"two":["en ",{"t":"idOrVar","v":"value"}," minutos"],"zero":"ahora","one":"en un minuto"},"$x":[{"t":"idOrVar","v":"plural"},"value"]},{"$i":"hours-until-long","$v":{"few":["en ",{"t":"idOrVar","v":"value"}," horas"],"many":["en ",{"t":"idOrVar","v":"value"}," horas"],"other":["en ",{"t":"idOrVar","v":"value"}," horas"],"two":["en ",{"t":"idOrVar","v":"value"}," horas"],"zero":"ahora","one":"en una hora"},"$x":[{"t":"idOrVar","v":"plural"},"value"]},{"$i":"days-until-long","$v":{"few":["en ",{"t":"idOrVar","v":"value"}," días"],"many":["en ",{"t":"idOrVar","v":"value"}," días"],"one":"mañana","other":["en ",{"t":"idOrVar","v":"value"}," días"],"two":["en ",{"t":"idOrVar","v":"value"}," días"],"zero":"hoy"},"$x":[{"t":"idOrVar","v":"plural"},"value"]},{"$i":"weeks-until-long","$v":{"few":["en ",{"t":"idOrVar","v":"value"}," semanas"],"many":["en ",{"t":"idOrVar","v":"value"}," semanas"],"one":"la semana que viene","other":["en ",{"t":"idOrVar","v":"value"}," semanas"],"two":["en ",{"t":"idOrVar","v":"value"}," semanas"],"zero":"esta semana"},"$x":[{"t":"idOrVar","v":"plural"},"value"]},{"$i":"months-until-long","$v":{"few":["en ",{"t":"idOrVar","v":"value"}," meses"],"many":["en ",{"t":"idOrVar","v":"value"}," meses"],"one":"el próximo mes","other":["en ",{"t":"idOrVar","v":"value"}," meses"],"two":["en ",{"t":"idOrVar","v":"value"}," meses"],"zero":"este mes"},"$x":[{"t":"idOrVar","v":"plural"},"value"]},{"$i":"years-until-long","$v":{"few":["en ",{"t":"idOrVar","v":"value"}," años"],"many":["en ",{"t":"idOrVar","v":"value"}," años"],"one":"el próximo año","other":["en ",{"t":"idOrVar","v":"value"}," años"],"two":["en ",{"t":"idOrVar","v":"value"}," años"],"zero":"este año"},"$x":[{"t":"idOrVar","v":"plural"},"value"]},{"$i":"minutes-ago-short","$v":{"other":["hace ",{"t":"idOrVar","v":"value"},"m"],"zero":"Justo ahora"},"$x":[{"t":"idOrVar","v":"plural"},"value"]},{"$i":"hours-ago-short","$v":{"other":["hace ",{"t":"idOrVar","v":"value"},"h"],"zero":"Justo ahora"},"$x":[{"t":"idOrVar","v":"plural"},"value"]},{"$i":"days-ago-short","$v":{"other":["hace ",{"t":"idOrVar","v":"value"},"d"],"zero":"hoy"},"$x":[{"t":"idOrVar","v":"plural"},"value"]},{"$i":"minutes-until-short","$v":{"other":["en ",{"t":"idOrVar","v":"value"},"m"],"zero":"ahora"},"$x":[{"t":"idOrVar","v":"plural"},"value"]},{"$i":"hours-until-short","$v":{"other":["en ",{"t":"idOrVar","v":"value"},"h"],"zero":"ahora"},"$x":[{"t":"idOrVar","v":"plural"},"value"]},{"$i":"days-until-short","$v":{"other":["en ",{"t":"idOrVar","v":"value"},"d"],"zero":"hoy"},"$x":[{"t":"idOrVar","v":"plural"},"value"]},{"$i":"incorrectDate","$v":"(fecha incorrecta)"},{"$i":"dateTimeFormat_%c","$v":"%a %b %e %Y %I:%M:%S %p"},{"$i":"dateTimeFormat_%x","$v":"%d/%m/%Y"},{"$i":"dateTimeFormat_%X","$v":"%I:%M:%S %p"},{"$i":"shortTimeFormat","$v":"%I:%M %p"},{"$i":"shortTimeFormat12","$v":"%I:%M %p"},{"$i":"shortTimeFormat24","$v":"%H:%M"},{"$i":"shortDateTimeFormat","$v":"%x %I:%M %p"},{"$i":"weekStartsOnMonday","$v":"0.0"},{"$i":"firstDayOfTheWeek","$v":"0.0"},{"$i":"time_am","$v":"AM"},{"$i":"time_pm","$v":"PM"},{"$i":"sim-with-index-and-carrier","$v":["SIM ",{"t":"idOrVar","v":"index"}," - ",{"t":"idOrVar","v":"carrier"}]},{"$i":"sim-without-carrier","$v":["SIM ",{"t":"idOrVar","v":"index"}]}]