[{"$i":"contacts","$v":"مخاطبین"},{"$i":"view","$v":"نمایش"},{"$i":"no-contacts","$v":"مخاطبی وجود ندارد"},{"$i":"reading-contacts","$v":"بارگیری مخاطبین"},{"$i":"start-adding","$v":"برای افزودن مخاطبین، New را فشار دهید یا به Settings بروید."},{"$i":"no-contact-available","$v":"هیچ مخاطبی وجود ندارد"},{"$i":"requested-contact-not-available","$v":"اطلاعات درخواست شده در مخاطبین موجود در دسترس نیست"},{"$i":"cannot-add-as-empty","$v":"نمی توانید به مخاطب اضافه کنید زیرا لیست مخاطب خالی است"},{"$i":"ok","$v":"تأیید"},{"$i":"no-phone-number-to-dial","$v":"شماره تلفنی برای شماره گیری موجود نیست"},{"$i":"video-call","$v":"تماس ویدیویی"},{"$i":"rtt-call","$v":"تماس RTT"},{"$i":"select-a-contact","$v":"انتخاب یک مخاطب"},{"$i":"multi-pick-max-warn","$v":["حداکثر تعداد انتخابی ",{"t":"idOrVar","v":"n"}," است"]},{"$i":"add-contact-failed","$v":"مخاطب اضافه نشد"},{"$i":"no-sim-card-available","$v":"سیم کارتی موجود نیست"},{"$i":"email-cannot-add-to-sim","$v":"ایمیل توسط انتخاب حافظه فعلی پشتیبانی نمی شود."},{"$i":"add-info-failed","$v":"اطلاعات اضافه نشد"},{"$i":"no-contact-to-add","$v":"مخاطبی برای افزودن موجود نیست."},{"$i":"move","$v":"انتقال"},{"$i":"copy","$v":"کپی"},{"$i":"copy-contacts","$v":"کپي مخاطبين"},{"$i":"move-contacts","$v":"انتقال مخاطبین"},{"$i":"phone-memory","$v":"حافظه تلفن"},{"$i":"sim-memory","$v":"حافظه سیم"},{"$i":"sim-0-memory","$v":"حافظه سيم 1"},{"$i":"sim-1-memory","$v":"حافظه سيم 2"},{"$i":"move-from","$v":"انتقال از"},{"$i":"copy-from","$v":"کپی از"},{"$i":"to","$v":"به"},{"$i":"move-contacts-progressing","$v":"انتقال مخاطبین..."},{"$i":"copy-contacts-progressing","$v":"کپی کردن مخاطبین..."},{"$i":"contact-move-to-sim","$v":{"few":[{"t":"idOrVar","v":"migrated"}," مخاطب به SIM منتقل شد."],"many":[{"t":"idOrVar","v":"migrated"}," مخاطب به SIM منتقل شد."],"one":"1 مخاطب به SIM منتقل شد.","other":[{"t":"idOrVar","v":"migrated"}," مخاطب به SIM منتقل شد."],"two":[{"t":"idOrVar","v":"migrated"}," مخاطب به SIM منتقل شد."],"zero":"هیچ مخاطبی به SIM منتقل نشد."},"$x":[{"t":"idOrVar","v":"plural"},"migrated"]},{"$i":"contact-copy-to-sim","$v":{"few":[{"t":"idOrVar","v":"migrated"}," مخاطب در SIM کپی شد."],"many":[{"t":"idOrVar","v":"migrated"}," مخاطب در SIM کپی شد."],"one":"1 مخاطب در SIM کپی شد.","other":[{"t":"idOrVar","v":"migrated"}," مخاطب در SIM کپی شد."],"two":[{"t":"idOrVar","v":"migrated"}," مخاطب در SIM کپی شد."],"zero":"هیچ مخاطبی به SIM کپی نشد."},"$x":[{"t":"idOrVar","v":"plural"},"migrated"]},{"$i":"contact-move-to-sim0","$v":{"few":[{"t":"idOrVar","v":"migrated"}," مخاطب به SIM 1 منتقل شد."],"many":[{"t":"idOrVar","v":"migrated"}," مخاطب به SIM 1 منتقل شد."],"one":"1 مخاطب به SIM 1 منتقل شد.","other":[{"t":"idOrVar","v":"migrated"}," مخاطب به SIM 1 منتقل شد."],"two":[{"t":"idOrVar","v":"migrated"}," مخاطب به SIM 1 منتقل شد."],"zero":"هیچ مخاطبی به SIM 1 منتقل نشد."},"$x":[{"t":"idOrVar","v":"plural"},"migrated"]},{"$i":"contact-copy-to-sim0","$v":{"few":[{"t":"idOrVar","v":"migrated"}," مخاطب در SIM 1 کپی شد."],"many":[{"t":"idOrVar","v":"migrated"}," مخاطب در SIM 1 کپی شد."],"one":"1 مخاطب در SIM 1 کپی شد.","other":[{"t":"idOrVar","v":"migrated"}," مخاطب در SIM 1 کپی شد."],"two":[{"t":"idOrVar","v":"migrated"}," مخاطب در SIM 1 کپی شد."],"zero":"هیچ مخاطبی در SIM 1 کپی نشد."},"$x":[{"t":"idOrVar","v":"plural"},"migrated"]},{"$i":"contact-move-to-sim1","$v":{"few":[{"t":"idOrVar","v":"migrated"}," مخاطب به SIM 2 منتقل شد."],"many":[{"t":"idOrVar","v":"migrated"}," مخاطب به SIM 2 منتقل شد."],"one":"1 مخاطب به SIM 2 منتقل شد.","other":[{"t":"idOrVar","v":"migrated"}," مخاطب به SIM 2 منتقل شد."],"two":[{"t":"idOrVar","v":"migrated"}," مخاطب به SIM 2 منتقل شد."],"zero":"هیچ مخاطبی به SIM 2 منتقل نشد."},"$x":[{"t":"idOrVar","v":"plural"},"migrated"]},{"$i":"contact-copy-to-sim1","$v":{"few":[{"t":"idOrVar","v":"migrated"}," مخاطب در SIM 2 کپی شد."],"many":[{"t":"idOrVar","v":"migrated"}," مخاطب در SIM 2 کپی شد."],"one":"1 مخاطب در SIM 2 کپی شد.","other":[{"t":"idOrVar","v":"migrated"}," مخاطب در SIM 2 کپی شد."],"two":[{"t":"idOrVar","v":"migrated"}," مخاطب در SIM 2 کپی شد."],"zero":"هیچ مخاطبی در SIM 2 کپی نشد."},"$x":[{"t":"idOrVar","v":"plural"},"migrated"]},{"$i":"contact-move-to-device","$v":{"one":"1 مخاطب به دستگاه منتقل شد.","zero":"هیچ مخاطبی به دستگاه منتقل نشد.","few":[{"t":"idOrVar","v":"migrated"}," مخاطب به دستگاه منتقل شد."],"many":[{"t":"idOrVar","v":"migrated"}," مخاطب به دستگاه منتقل شد."],"other":[{"t":"idOrVar","v":"migrated"}," مخاطب به دستگاه منتقل شد."],"two":[{"t":"idOrVar","v":"migrated"}," مخاطب به دستگاه منتقل شد."]},"$x":[{"t":"idOrVar","v":"plural"},"migrated"]},{"$i":"contact-copy-to-device","$v":{"one":"1 مخاطب در دستگاه کپی شد.","zero":"هیچ مخاطبی در دستگاه کپی نشد.","few":[{"t":"idOrVar","v":"migrated"}," مخاطب در دستگاه کپی شد."],"many":[{"t":"idOrVar","v":"migrated"}," مخاطب در دستگاه کپی شد."],"other":[{"t":"idOrVar","v":"migrated"}," مخاطب در دستگاه کپی شد."],"two":[{"t":"idOrVar","v":"migrated"}," مخاطب در دستگاه کپی شد."]},"$x":[{"t":"idOrVar","v":"plural"},"migrated"]},{"$i":"copy-contact-failed","$v":"مخاطبین کپی نشدند"},{"$i":"move-contact-failed","$v":"انتقال مخاطب انجام نشد"},{"$i":"contact-copy-error-sim-full","$v":"کپی مخاطبین به دلیل پر بودن سیم کارت انجام نشد."},{"$i":"contact-copy-error-unknown","$v":"کپی مخاطبین به دلیل یک خطا انجام نشد."},{"$i":"contact-copy-error-limit-exceeded","$v":"کپی مخاطبین انجام نشد زیرا از محدودیت مخاطبین تلفن فراتر رفته است."},{"$i":"contact-move-error-sim-full","$v":"انتقال مخاطبین به دلیل پر بودن سیم کارت انجام نشد."},{"$i":"contact-move-error-unknown","$v":"انتقال مخاطبین به دلیل یک خطا انجام نشد."},{"$i":"contact-move-error-limit-exceeded","$v":"انتقال مخاطبین انجام نشد زیرا از محدودیت مخاطبین تلفن فراتر رفته است."},{"$i":"contact-save-error-unknown","$v":"ذخیره مخاطب به دلیل یک خطا انجام نشد."},{"$i":"memory","$v":"حافظه"},{"$i":"phone-and-sim","$v":"تلفن و سیم"},{"$i":"phone","$v":"تلفن"},{"$i":"sim","$v":"سيم"},{"$i":"reloading-contact","$v":"بارگیری مجدد مخاطبین..."},{"$i":"contact-reloaded","$v":"مخاطبین دوباره بارگیری شدند"},{"$i":"message","$v":"پيام"},{"$i":"changes-saved","$v":"تغییرات ذخیره شد."},{"$i":"already-ice-contact","$v":"مخاطب انتخابی از قبل روی ICE تنظیم شده است."},{"$i":"phone-contacts-limit-exceeded","$v":"از محدوده مجاز مخاطبین تلفن فراتر رفته است."},{"$i":"sim-contacts-limit-exceeded","$v":"از محدوده مجاز مخاطبین سیم کارت فراتر رفته است."},{"$i":"more-info","$v":"بيشتر"},{"$i":"callAirplaneModeTitle","$v":"حالت هواپیما فعال شد"},{"$i":"callAirplaneModeMessage","$v":"برای برقراری تماس، لازم است حالت هواپیما را از قسمت تنظیمات غیرفعال کنید."},{"$i":"emergencyDialogTitle","$v":"بدون اتصال شبکه"},{"$i":"emergencyDialogBodyBadNumber","$v":"برای برقراری یک تماس، تلفن باید به یک شبکه وصل باشد."},{"$i":"emergencyDialogBodyDeviceNotAccepted","$v":"تماس های اضطراری از طرف شبکه مجاز نیستند."},{"$i":"invalidNumberToDialTitle","$v":"شماره تلفن نامعتبر"},{"$i":"invalidNumberToDialMessage","$v":"شماره تلفنی که با آن تماس می گیرید معتبر نیست."},{"$i":"invalidNumberToSendTitle","$v":"شماره تلفن نامعتبر"},{"$i":"invalidNumberToSendMessage","$v":"شماره تلفنی که از آن پیام رسانی می کنید معتبر نیست."},{"$i":"emergency-call-only","$v":"فقط تماس اضطراری"},{"$i":"emergency-call-error","$v":[{"t":"idOrVar","v":"number"}," یک شماره اضطراری نیست."]},{"$i":"numberIsBusyTitle","$v":"شماره مشغول است"},{"$i":"numberIsBusyMessage","$v":"شماره در حال حاضر مشغول است. لطفاً بعداً دوباره امتحان کنید."},{"$i":"fdnIsActiveTitle","$v":"FDN فعال"},{"$i":"fdnIsActiveMessage","$v":["FDN (شماره های شماره گیری ثابت) فعال شد و شماره زیر در لیست FDN موجود نیست: ",{"t":"idOrVar","v":"number"}]},{"$i":"otherConnectionInUseTitle","$v":"اتصال دیگر در حال استفاده است"},{"$i":"otherConnectionInUseMessage","$v":"یک تماس فعال در اتصال دیگر دارید. هر بار فقط می توانید از یک اتصال استفاده کنید."},{"$i":"GenericFailure","$v":"خطاي عمومي"},{"$i":"CallFailed","$v":"تماس برقرار نشد"},{"$i":"scCallBarring","$v":"انسداد تماس"},{"$i":"scCallForwarding","$v":"ارسال تماس"},{"$i":"scClip","$v":"شناسه تماس گیرنده ورودی"},{"$i":"scClir","$v":"شناسه تماس گیرنده خروجی"},{"$i":"scPwd","$v":"تغییر رمز عبور"},{"$i":"scCallWaiting","$v":"انتظار تماس"},{"$i":"scPin","$v":"تغییر PIN"},{"$i":"scPin2","$v":"تغيير پين 2"},{"$i":"scPuk","$v":"پين غيرمسدود"},{"$i":"scPuk2","$v":"پين 2 غيرمسدود"},{"$i":"scImei","$v":"IMEI"},{"$i":"scMeid","$v":"MEID"},{"$i":"scUssd","$v":"USSD"},{"$i":"set-speed-dial","$v":"تنظیم مخاطبین شماره گیری سریع"},{"$i":"empty","$v":"خالی"},{"$i":"voicemail","$v":"پست صوتی"},{"$i":"speed-dial","$v":"شماره گيری سريع"},{"$i":"add","$v":"افزودن"},{"$i":"replace","$v":"جایگزینی"},{"$i":"remove-from-speed-dial","$v":"حذف از شماره گیری سریع"},{"$i":"custom-dialog-replace-speed-dial","$v":["مطمئنید می خواهید شماره گیری سریع ",{"t":"idOrVar","v":"oldSpeedDial"}," را با ",{"t":"idOrVar","v":"newSpeedDial"}," جایگزین کنید؟"]},{"$i":"custom-dialog-remove-speed-dial","$v":["مطمئنيد می خواهيد ",{"t":"idOrVar","v":"name"}," را از شماره گيری سريع حذف کنيد؟"]},{"$i":"speed-dial-added","$v":"شماره شماره گیری سریع افزوده شد"},{"$i":"speed-dial-removed","$v":"شماره شماره گیری سریع حذف شد."},{"$i":"speed-dial-replaced","$v":"شماره شماره گیری سریع به روزرسانی شد."},{"$i":"voice-mail","$v":"پست صوتی"},{"$i":"voice-mail-number","$v":["شماره پست صوتی - SIM ",{"t":"idOrVar","v":"n"}]},{"$i":"voice-mail-number-single","$v":"شماره پست صوتی"},{"$i":"voice-mail-number-updated","$v":"شماره پست صوتی به روزرسانی شد"},{"$i":"found-duplicates-message","$v":"اطلاعات تکراری در مخاطبین زیر یافت شد. می خواهید ادغام کنید؟"},{"$i":"confirm-to-merge-contacts","$v":["مطمئن هستید می خواهید ",{"t":"idOrVar","v":"n"}," مخاطب با ",{"t":"idOrVar","v":"name"}," را ادغام کنید؟"]},{"$i":"contact-merged","$v":"مخاطب ادغام شد"},{"$i":"find-duplicate-contacts","$v":"پافتن مخاطبین تکراری"},{"$i":"no-duplicate-contact-found","$v":"هیچ مخاطب تکراری یافت نشد"},{"$i":"merge","$v":"ادغام"},{"$i":"find-dup","$v":"پافتن مخاطبین تکراری"},{"$i":"find-dup-title","$v":"پافتن مخاطبین تکراری"},{"$i":"finding-dup-message","$v":"جستجو برای مخاطبین تکراری..."},{"$i":"dup-found-title","$v":"تکراری ها یافت شدند"},{"$i":"dup-found-message","$v":"اطلاعات تکراری در مخاطبین زیر یافت شد. آیا می خواهید ادغام کنید؟"},{"$i":"no-dup-found","$v":"هيچ مورد تکراری یافت نشد"},{"$i":"merge-conflict-warn","$v":["اطلاعات زیر توسط \"",{"t":"idOrVar","v":"name"},"\" رونویسی می شود:"]},{"$i":"merge-conflict-confirm","$v":"مطمئنید می خواهيد مخاطبین را ادغام کنید؟"},{"$i":"add-favorite","$v":"افزودن به عنوان مورد دلخواه"},{"$i":"remove-favorite","$v":"مورد غیر دلخواه"},{"$i":"favorite-contacts","$v":"مخاطبین دلخواه"},{"$i":"add-block","$v":"انسداد اين شماره"},{"$i":"remove-block","$v":"باز کردن قفل اين شماره"},{"$i":"add-block-email","$v":"انسداد اين ایمیل"},{"$i":"remove-block-email","$v":"باز کردن قفل اين ایمیل"},{"$i":"add-block-contact-warning","$v":"از افرادی که در لیست مسدود شده ها قرار دارند، تماس تلفنی و پیامی دریافت نمی کنید."},{"$i":"add-block-email-warning","$v":"از این ادرس ایمیل، پیامی دریافت نمی کنید."},{"$i":"block","$v":"مسدود کردن"},{"$i":"unblock","$v":"رفع انسداد"},{"$i":"block-contacts","$v":"مسدود کردن مخاطبين"},{"$i":"add-block-header","$v":"افزودن شماره مسدود"},{"$i":"remove-block-alert","$v":"از مخاطبین مسدود شده حذف شد."},{"$i":"duplicate-block-number","$v":"نمی توانید شماره تکراری اضافه کنید."},{"$i":"sort-contacts","$v":"مرتب کردن مخاطبین"},{"$i":"sort-by-first-name","$v":"مرتب کردن بر اساس نام"},{"$i":"sort-by-last-name","$v":"مرتب کردن بر اساس نام خانوادگی"},{"$i":"no-support-open-multi-vcard","$v":"نمی توانید کارت ویزیت را با چند مخاطب باز کنید"},{"$i":"import","$v":"وارد کردن"},{"$i":"sdcard","$v":"کارت حافظه"},{"$i":"simcard","$v":"سیم کارت"},{"$i":"import-contacts","$v":"وارد کردن مخاطبین"},{"$i":"simContacts-error","$v":"نمی توانید مخاطبین را از سیم کارت وارد کنید"},{"$i":"memoryCardContacts-error","$v":"نمی توانید مخاطبین را از کارت حافظه وارد کنید"},{"$i":"novCardFiles","$v":"هیچ فایل مخاطبی در کارت حافظه موجود نیست."},{"$i":"fullDiskSpace-error","$v":"حافظه پر است، نمی توانید مخاطبین را وارد کنید."},{"$i":"socialServiceContacts-error","$v":["نمی توانید مخاطبین را از ",{"t":"idOrVar","v":"service"}," وارد کنید"]},{"$i":"socialServiceContacts-noNetwork","$v":["اتصال اینترنت وجود ندارد، نمی توانید مخاطبین را از ",{"t":"idOrVar","v":"service"}," وارد کنید."]},{"$i":"simContacts-reading","$v":"خواندن مخاطبین از سیم کارت.."},{"$i":"memoryCardContacts-reading","$v":"خواندن مخاطبین از کارت حافظه.."},{"$i":"importContactsTitle","$v":"وارد کردن مخاطبین"},{"$i":"retry","$v":"امتحان مجدد"},{"$i":"noSimMsg","$v":"برای وارد کردن مخاطبین، سیم کارتی وارد کنید یا قفل آن را باز کنید"},{"$i":"noSdcardMsg","$v":"برای وارد کردن مخاطبین، کارت حافظه را وارد کنید"},{"$i":"not-imported","$v":"وارد نشد"},{"$i":"imported","$v":"وارد شد"},{"$i":"importing","$v":"وارد کردن"},{"$i":"contact-imported","$v":[{"t":"idOrVar","v":"imported"}," مخاطبین وارد شده. ",{"t":"idOrVar","v":"dupes"}," مخاطب ادغام شدند."]},{"$i":"contact-imported2","$v":{"one":"‏1 مخاطب وارد شد.","zero":"هیچ مخاطبی وارد نشد.","few":["مخاطبین ",{"t":"idOrVar","v":"imported"}," وارد شده."],"many":["مخاطبین ",{"t":"idOrVar","v":"imported"}," وارد شده."],"other":["مخاطبین ",{"t":"idOrVar","v":"imported"}," وارد شده."],"two":["مخاطبین ",{"t":"idOrVar","v":"imported"}," وارد شده."]},"$x":[{"t":"idOrVar","v":"plural"},"imported"]},{"$i":"reading-contacts-from-sim","$v":"خواندن مخاطب(ها) از سیم کارت.."},{"$i":"reading-contacts-from-gmail","$v":"خواندن مخاطب(ها) از Gmail..."},{"$i":"reading-contacts-from-live","$v":"خواندن مخاطب(ها) از Outlook..."},{"$i":"reading-contacts-from-sd","$v":"خواندن مخاطب(ها) از کارت حافظه.."},{"$i":"reading-contacts-from-vcard","$v":"خواندن مخاطب(ها) از فایل..."},{"$i":"importing-contacts-from-sim","$v":"وارد کردن مخاطب(ها) از سیم کارت.."},{"$i":"importing-contacts-from-gmail","$v":"وارد کردن مخاطب(ها) از Gmail..."},{"$i":"importing-contacts-from-live","$v":"وارد کردن مخاطب(ها) از Outlook..."},{"$i":"importing-contacts-from-sd","$v":"وارد کردن مخاطب(ها) از کارت حافظه.."},{"$i":"importing-contacts-from-vcard","$v":"وارد کردن مخاطب(ها) از فایل..."},{"$i":"connect-network-to-import","$v":"برای وارد کردن مخاطبین، به WiFi یا شبکه داده وصل شوید"},{"$i":"importing-confirm","$v":["‏",{"t":"idOrVar","v":"n"}," مخاطب از فایل \"",{"t":"idOrVar","v":"fileName"},"\" وارد شود؟"]},{"$i":"importing-cancel-confirm","$v":"اگر این صفحه را ببندید، عملیات وارد کردن متوقف می‌شود. آیا همچنان می‌خواهید آن را ببندید؟"},{"$i":"import-contact-failed","$v":"مخاطب وارد نشد"},{"$i":"phone-storage-full","$v":"حافظه تلفن پر است"},{"$i":"import-contact-storage-full","$v":"نمی توانید مخاطبین را وارد کنید. داده های برنامه را حذف کنید تا فضا آزاد شود."},{"$i":"contact-import-error-disk-full","$v":"وارد کردن مخاطبین به دلیل پر بودن حافظه کامل نشد. برای آزاد کردن فضا، داده برنامه را حذف کنید."},{"$i":"contact-import-error-sim-full","$v":"وارد کردن مخاطبین به دلیل پر بودن سیم کارت انجام نشد."},{"$i":"contact-import-error-unknown","$v":"وارد کردن مخاطبین به دلیل خطایی انجام نشد."},{"$i":"import-contacts-canceled","$v":"وارد کردن مخاطبین لغو شد."},{"$i":"close","$v":"بستن"},{"$i":"import-process-cancel","$v":"روند وارد کردن لغو شد."},{"$i":"import-limit-header","$v":"از محدوده اندازه فایل فراتر رفته است"},{"$i":"inner-import-limit-content","$v":"اندازه فایل مخاطبینی که بیشتر از 10 مگابایت است وارد نشده است."},{"$i":"activity-import-limit-contact","$v":"مخاطبین وارد نشدند چون از محدوده اندازه فایل فراتر رفته است."},{"$i":"activity-import-limit-additional","$v":"(.اندازه فایل باید کمتر از 10 مگابایت باشد)"},{"$i":"bluetooth","$v":"Bluetooth"},{"$i":"export","$v":"صادر کردن"},{"$i":"export-contacts","$v":"صادر کردن مخاطبین"},{"$i":"simExport-title","$v":"صادر کردن به سیم"},{"$i":"memoryCardExport-title","$v":"صادر کردن به کارت حافظه"},{"$i":"btExport-title","$v":"صادر کردن به Bluetooth"},{"$i":"noSimMsgExport","$v":"برای صادر کردن مخاطبین، سیم کارتی وارد کنید یا قفل آن را باز کنید"},{"$i":"noSdcardExport","$v":"برای صادر کردن مخاطبین، یک کارت حافظه وارد کنید."},{"$i":"bluetoothNoConnection","$v":"برای صادر کردن مخاطبین، یک دستگاه bluetooth وصل کنید."},{"$i":"contact-exported","$v":[{"t":"idOrVar","v":"exported"}," مخاطبین صادر شده."]},{"$i":"contact-exported2","$v":{"zero":"مخاطبی صادر نشد.","one":"‏1 مخاطب صادر شد.","few":[{"t":"idOrVar","v":"exported"}," مخاطبین صادر شده."],"many":[{"t":"idOrVar","v":"exported"}," مخاطبین صادر شده."],"other":[{"t":"idOrVar","v":"exported"}," مخاطبین صادر شده."],"two":[{"t":"idOrVar","v":"exported"}," مخاطبین صادر شده."]},"$x":[{"t":"idOrVar","v":"plural"},"exported"]},{"$i":"export-contact-failed","$v":"مخاطب صادر نشد"},{"$i":"contact-export-error-sim-full","$v":"صادر کردن مخاطبین به دلیل پر بودن سیم کارت انجام نشد."},{"$i":"contact-export-error-sd-full","$v":"صادر کردن مخاطبین به دلیل پر بودن سیم کارت کامل نشد."},{"$i":"contact-export-error-unknown","$v":"صادر کردن مخاطبین به دلیل خطایی انجام نشد."},{"$i":"contact-export-canceled","$v":"روند صادر کردن لغو شد."},{"$i":"save","$v":"ذخيره"},{"$i":"back","$v":"برگشت"},{"$i":"givenName","$v":"نام"},{"$i":"familyName","$v":"نام خانوادگی"},{"$i":"name","$v":"نام"},{"$i":"org","$v":"شرکت"},{"$i":"ringtone","$v":"آهنگ زنگ"},{"$i":"note","$v":"توجه"},{"$i":"photo","$v":"تصویر"},{"$i":"email","$v":"ایمیل"},{"$i":"adr","$v":"آدرس"},{"$i":"custom","$v":"سفارشی"},{"$i":"confirm-discard-contact-data","$v":"اطلاعات مخاطب رد می شود. می خواهید این مخاطب را ذخیره کنید؟"},{"$i":"confirm-discard-contact-update-data","$v":"تغييرات رد می شوند. می خواهید این مخاطب را ذخیره کنید؟"},{"$i":"discard-contact-data","$v":"تغییرات نادیده گرفته می شود."},{"$i":"discard","$v":"رد کردن"},{"$i":"add-others","$v":"افزودن سایر موارد"},{"$i":"custom-label","$v":"برچسب سفارشی"},{"$i":"input-the-custom-type","$v":"لطفاً نوع سفارشی را وارد کنید"},{"$i":"contact-added","$v":"مخاطب اضافه شد."},{"$i":"delete-prompt-message","$v":["حذف ",{"t":"idOrVar","v":"field"},"؟"]},{"$i":"delete-photo-msg","$v":"تصویر"},{"$i":"delete-ringtone-msg","$v":"آهنگ زنگ"},{"$i":"delete-bday-msg","$v":"روز تولد"},{"$i":"delete-note-msg","$v":"نکته"},{"$i":"delete-org-msg","$v":"شرکت"},{"$i":"personal","$v":"شخصی"},{"$i":"mobile","$v":"تلفن همراه"},{"$i":"current","$v":"فعلی"},{"$i":"home","$v":"صفحه اصلی"},{"$i":"work","$v":"کار"},{"$i":"other","$v":"مورد دیگر"},{"$i":"fax-home","$v":"فاکس خانه"},{"$i":"fax-office","$v":"فاکس اداره"},{"$i":"fax-other","$v":"فاکس دیگر"},{"$i":"add-phone","$v":"افزودن تلفن"},{"$i":"add-tel","$v":"افزودن شماره تلفن"},{"$i":"add-email","$v":"افزودن ايميل"},{"$i":"add-ringtone","$v":"افزودن آهنگ زنگ"},{"$i":"add-adr","$v":"افزودن آدرس"},{"$i":"add-bday","$v":"افزودن روز تولد"},{"$i":"add-photo","$v":"افزودن عکس"},{"$i":"add-note","$v":"افزودن یادداشت"},{"$i":"add-org","$v":"افزودن شرکت"},{"$i":"add-tel-number","$v":"افزودن شماره تلفن"},{"$i":"delete-tel","$v":"حذف شماره تلفن"},{"$i":"delete-email","$v":"حذف ایمیل"},{"$i":"delete-ringtone","$v":"حذف آهنگ زنگ"},{"$i":"delete-adr","$v":"حذف آدرس"},{"$i":"delete-bday","$v":"حذف روز تولد"},{"$i":"delete-photo","$v":"حذف تصویر"},{"$i":"delete-note","$v":"حذف یادداشت"},{"$i":"delete-org","$v":"حذف شرکت"},{"$i":"edit-tel-type","$v":"ویرایش نوع تلفن"},{"$i":"edit-email-type","$v":"ویرایش نوع ایمیل"},{"$i":"edit-adr-type","$v":"ویرایش نوع آدرس"},{"$i":"edit-bday-type","$v":"ویرایش روز تولد"},{"$i":"replace-photo","$v":"تغییر تصویر"},{"$i":"replace-ringtone","$v":"تغییر آهنگ زنگ"},{"$i":"mobile-tel","$v":"تلفن همراه"},{"$i":"home-tel","$v":"تلفن خانه"},{"$i":"work-tel","$v":"تلفن محل کار"},{"$i":"personal-tel","$v":"تلفن شخصی"},{"$i":"fax-home-tel","$v":"خانه فاکس"},{"$i":"fax-office-tel","$v":"اداره فاکس"},{"$i":"fax-other-tel","$v":"دیگر فاکس"},{"$i":"other-tel","$v":"تلفن دیگر"},{"$i":"personal-email","$v":"ایمیل شخصی"},{"$i":"work-email","$v":"ایمیل کاری"},{"$i":"other-email","$v":"ایمیل دیگر"},{"$i":"custom-email","$v":["ایمیل ",{"t":"idOrVar","v":"type"}]},{"$i":"custom-tel","$v":["تلفن ",{"t":"idOrVar","v":"type"}]},{"$i":"personal-adr","$v":"آدرس شخصی"},{"$i":"current-adr","$v":"آدرس فعلی"},{"$i":"home-adr","$v":"آدرس خانه"},{"$i":"work-adr","$v":"آدرس محل کار"},{"$i":"custom-adr","$v":[{"t":"idOrVar","v":"type"}," آدرس"]},{"$i":"bday","$v":"روز تولد"},{"$i":"birthday","$v":"روز تولد"},{"$i":"streetAddress","$v":"خیابان"},{"$i":"locality","$v":"شهر"},{"$i":"postalCode","$v":"کد پستی"},{"$i":"countryName","$v":"کشور"},{"$i":"region","$v":"ایالت"},{"$i":"no-name","$v":"بدون نام"},{"$i":"new-contact","$v":"جديد"},{"$i":"options","$v":"گزینه ها"},{"$i":"cancel","$v":"لغو کردن"},{"$i":"settings","$v":"تنظیمات"},{"$i":"edit","$v":"ویرایش"},{"$i":"share","$v":"اشتراک"},{"$i":"remove","$v":"حذف"},{"$i":"compose","$v":"نوشتن"},{"$i":"new-contact-title","$v":"مخاطب جدید"},{"$i":"edit-title","$v":"ویرایش مخاطب"},{"$i":"music","$v":"موسيقی"},{"$i":"adr-type","$v":"نوع آدرس"},{"$i":"email-type","$v":"نوع ایمیل"},{"$i":"tel-type","$v":"نوع تلفن"},{"$i":"ICEContactsGroup","$v":"مخاطبین ICE"},{"$i":"setICEButton","$v":"تنظیم مخاطبین ICE"},{"$i":"ICESettingTitle","$v":"مخاطبین ICE"},{"$i":"ICEDescription","$v":"افزودن پنج مخاطب برای برقراری تماس های \"در شرایط اضطراری\"."},{"$i":"ICEContact","$v":["مخاطب ICE ",{"t":"idOrVar","v":"‏n"}]},{"$i":"ICESelectContact","$v":"انتخاب یک مخاطب"},{"$i":"delete-ice-contact-warning","$v":"مطمئنید می خواهید مخاطب ICE را حذف کنید؟"},{"$i":"confirm","$v":"تأييد"},{"$i":"add-ice-failed","$v":"ICE اضافه نشد"},{"$i":"create-group","$v":"ایجاد گروه"},{"$i":"group-name","$v":"نام گروه"},{"$i":"group","$v":"گروه"},{"$i":"new-group-created","$v":"گروه جدید ایجاد شد."},{"$i":"create-group-failed","$v":"ايجاد گروه انجام نشد."},{"$i":"create-group-too-many","$v":["فقط می توانید ",{"t":"idOrVar","v":"number"}," گروه ایجاد کنید."]},{"$i":"create-group-duplicate","$v":"نام تکراری."},{"$i":"rename-group-failed","$v":"تغییر نام گروه انجام نشد."},{"$i":"new-group","$v":"جديد"},{"$i":"rename","$v":"تغيير نام"},{"$i":"duplicate-removed","$v":"مخاطبین تکراری حذف شدند."},{"$i":"add-to-group","$v":"افزودن به گروه"},{"$i":"remove-from-group","$v":"حذف از گروه"},{"$i":"added-to","$v":["اضافه شد به ",{"t":"idOrVar","v":"group"}]},{"$i":"removed-from","$v":["حذف شد از ",{"t":"idOrVar","v":"group"}]},{"$i":"select-group","$v":"انتخاب گروه"},{"$i":"rename-group","$v":"تغييرنام گروه"},{"$i":"delete-group","$v":["مطمئنيد که می خواهيد ",{"t":"idOrVar","v":"group"}," را حذف کنید؟"]},{"$i":"unable-add-warn","$v":"نمی توانید مخاطب حسابی به گروه اضافه کنید."},{"$i":"edit-contact","$v":"ویرایش مخاطب"},{"$i":"send-message","$v":"ارسال پيام"},{"$i":"call","$v":"تماس"},{"$i":"call-sim-1","$v":"تماس - سیم 1"},{"$i":"call-sim-2","$v":"تماس - سیم 2"},{"$i":"send-email","$v":"ارسال ایمیل"},{"$i":"choose-number","$v":"انتخاب شماره"},{"$i":"choose-email-address","$v":"انتخاب ایمیل"},{"$i":"delete","$v":"حذف"},{"$i":"select","$v":"انتخاب"},{"$i":"select-all","$v":"انتخاب همه"},{"$i":"select-all2","$v":"همه"},{"$i":"deselect-all","$v":"لغو انتخاب همه"},{"$i":"deselect-all2","$v":"هيچكدام"},{"$i":"deselect","$v":"عدم انتخاب"},{"$i":"selected-contacts","$v":{"few":[{"t":"idOrVar","v":"n"}," انتخاب شد"],"many":[{"t":"idOrVar","v":"n"}," انتخاب شد"],"one":[{"t":"idOrVar","v":"n"}," انتخاب شد"],"other":[{"t":"idOrVar","v":"n"}," انتخاب شد"],"two":[{"t":"idOrVar","v":"n"}," انتخاب شد"],"zero":[{"t":"idOrVar","v":"n"}," انتخاب شد"]},"$x":[{"t":"idOrVar","v":"plural"},"n"]},{"$i":"massive-delete","$v":"حذف مخاطبین"},{"$i":"confirm-contact-delete","$v":["مطمئن هستید می خواهید مخاطب \"",{"t":"idOrVar","v":"name"},"\" را حذف کنید؟"]},{"$i":"DeletedTxt","$v":{"few":[{"t":"idOrVar","v":"n"}," مخاطب حذف شد"],"many":[{"t":"idOrVar","v":"n"}," مخاطب حذف شد"],"one":"1 مخاطب حذف شد","other":[{"t":"idOrVar","v":"n"}," مخاطب حذف شد"],"two":[{"t":"idOrVar","v":"n"}," مخاطب حذف شد"],"zero":"مخاطبی برای حذف وجود ندارد"},"$x":[{"t":"idOrVar","v":"plural"},"n"]},{"$i":"DeletingContacts","$v":"حذف مخاطبين"},{"$i":"DeletingContactsProgressing","$v":"حذف مخاطبين"},{"$i":"ContactConfirmDel","$v":{"few":["حذف ",{"t":"idOrVar","v":"n"}," مخاطب؟ این عمل برگشت پذیر نیست."],"many":["حذف ",{"t":"idOrVar","v":"n"}," مخاطب؟ این عمل برگشت پذیر نیست."],"one":"حذف 1 مخاطب؟ این عمل برگشت پذیر نیست.","other":["حذف ",{"t":"idOrVar","v":"n"}," مخاطب؟ این عمل برگشت پذیر نیست."],"two":["حذف ",{"t":"idOrVar","v":"n"}," مخاطب؟ این عمل برگشت پذیر نیست."],"zero":"مخاطبی برای حذف وجود ندارد"},"$x":[{"t":"idOrVar","v":"plural"},"n"]},{"$i":"contact-deleted","$v":{"zero":"هیچ مخاطبی حذف نشد","one":"1 مخاطب حذف شد","few":[{"t":"idOrVar","v":"n"}," مخاطب حذف شد"],"many":[{"t":"idOrVar","v":"n"}," مخاطب حذف شد"],"other":[{"t":"idOrVar","v":"n"}," مخاطب حذف شد"],"two":[{"t":"idOrVar","v":"n"}," مخاطب حذف شد"]},"$x":[{"t":"idOrVar","v":"plural"},"n"]},{"$i":"a-contact-deleted","$v":"مخاطب حذف شد."},{"$i":"settings-title","$v":"تنظیمات مخاطب"},{"$i":"change-will-update-until-restart","$v":"مرتبه دیگری که مخاطبین راه اندازی شود تغییرات به روزرسانی می شود."},{"$i":"transfer-contacts","$v":"انتقال مخاطبین"},{"$i":"service-number","$v":"شماره سرویس"},{"$i":"no-contacts-found","$v":"مورد تطبیقی یافت نشد."},{"$i":"search","$v":"جستجوی مخاطبين","placeholder":"جستجوی مخاطبين"},{"$i":"search-option","$v":"جستجو"},{"$i":"accounts","$v":"حساب ها"},{"$i":"account","$v":"حساب"},{"$i":"add-account","$v":"افزودن حساب"},{"$i":"add-account-failed","$v":"خطای ناشناخته ای روی داده است، لطفاً در فرصتی دیگر دوباره امتحان کنید."},{"$i":"duplicate-account-warn","$v":"حساب از قبل موجود است. همگام سازی روشن است."},{"$i":"setting-up-account","$v":"تنظیم حساب"},{"$i":"no-network-warn","$v":"اتصال اینترنت وجود ندارد."},{"$i":"username","$v":"نام كاربر"},{"$i":"password","$v":"رمز عبور"},{"$i":"delete-account","$v":"حذف حساب"},{"$i":"delete-account-long","$v":"حذف حساب"},{"$i":"delete-account-warn","$v":"اگر این حساب را حذف کنید، برنامه هایی که از این حساب استفاده می کنند نیز تحت تأثیر قرار می گیرند."},{"$i":"deleting-account","$v":"حذف حساب"},{"$i":"delete-account-failed","$v":"حساب حذف نشد. لطفاً دوباره در فرصتی دیگر امتحان کنید."},{"$i":"delete-account-ok","$v":"حساب حذف شد."},{"$i":"sync","$v":"همگام سازی"},{"$i":"sync-title","$v":"همگام سازی مخاطبین"},{"$i":"sync-failed-warn","$v":"همگام سازی نشد."},{"$i":"sync-off-warn","$v":"همگام سازی از تنظیمات خاموش است."},{"$i":"show-account-contacts","$v":"نمایش مخاطبین حساب"},{"$i":"sync-account-contacts","$v":"همگام سازی مخاطبین حساب"},{"$i":"sync-account-contacts-warning","$v":["زمانی که علامت «",{"t":"idOrVar","v":"switch"},"» برداشته شود، هیچ ویرایش تماس حسابی با Cloud همگام سازی نمی شود، هنوز هم می خواهید علامت آن را بردارید؟"]},{"$i":"yes","$v":"بله"},{"$i":"all-contacts-synced","$v":"همه مخاطبین همگام سازی می شوند."},{"$i":"contact-syncing","$v":"در حال همگام سازی مخاطبین..."},{"$i":"contacts-sync-limit-exceed","$v":"همگام سازی مخاطبین کامل نشد چون از حد مجاز مخاطبین بیشتر شده است."},{"$i":"show-password","$v":"نمایش رمز عبور"},{"$i":"password-incorrect","$v":"رمز عبور صحیح نیست."},{"$i":"re-enter-password","$v":"وارد کردن مجدد رمز عبور"},{"$i":"accessing-warn","$v":"در دسترسی به حساب شما مشکلی وجود داشت."},{"$i":"accessing-warn-password","$v":"لطفاً دوباره رمز عبور را وارد کنید."},{"$i":"re-enter-password-on-setting","$v":"لطفاً رمز عبور را دوباره در قسمت تنظیم مخاطبین وارد کنید."},{"$i":"accessing-warn-relogin","$v":"لطفاً حساب را حذف کرده و دوباره وارد سیستم شوید."},{"$i":"update-password-failed","$v":"رمز عبور به روزرسانی نشد، لطفاً دوباره در فرصتی دیگر امتحان کنید."},{"$i":"connect-time-out","$v":["نمی توانید اتصالی با \"",{"t":"idOrVar","v":"server"},"\" برقرار کنید. ممکن است شبکه مشکلی داشته باشد."]},{"$i":"server-error","$v":"سرور در دسترس نیست.  لطفاً در فرصتی دیگر دوباره امتحان کنید."},{"$i":"loading","$v":"در حال بارگيری..."},{"$i":"ellipsis","$v":"..."},{"$i":"stop-syncing-warn-title","$v":"همگام سازی مخاطبین"},{"$i":"stop-syncing-warn","$v":"بستن برنامه روند همگام سازی مخاطب را متوقف می کند. هنوز هم می خواهید آن را ببندید؟"},{"$i":"weekday-0-long","$v":"يكشنبه"},{"$i":"weekday-1-long","$v":"دوشنبه"},{"$i":"weekday-2-long","$v":"سه شنبه"},{"$i":"weekday-3-long","$v":"چهارشنبه"},{"$i":"weekday-4-long","$v":"پنج شنبه"},{"$i":"weekday-5-long","$v":"جمعه"},{"$i":"weekday-6-long","$v":"شنبه"},{"$i":"weekday-0-short","$v":"یکشنبه"},{"$i":"weekday-1-short","$v":"دوشنبه"},{"$i":"weekday-2-short","$v":"سه شنبه"},{"$i":"weekday-3-short","$v":"چهارشنبه"},{"$i":"weekday-4-short","$v":"پنج شنبه"},{"$i":"weekday-5-short","$v":"جمعه"},{"$i":"weekday-6-short","$v":"شنبه"},{"$i":"month-0-long","$v":"ژانویه"},{"$i":"month-1-long","$v":"فوریه"},{"$i":"month-2-long","$v":"مارس"},{"$i":"month-3-long","$v":"آوریل"},{"$i":"month-4-long","$v":"مه"},{"$i":"month-5-long","$v":"ژوئن"},{"$i":"month-6-long","$v":"ژوئیه"},{"$i":"month-7-long","$v":"اوت"},{"$i":"month-8-long","$v":"سپتامبر"},{"$i":"month-9-long","$v":"اکتبر"},{"$i":"month-10-long","$v":"نوامبر"},{"$i":"month-11-long","$v":"دسامبر"},{"$i":"month-0-genitive","$v":"ژانویه"},{"$i":"month-1-genitive","$v":"فوریه"},{"$i":"month-2-genitive","$v":"مارس"},{"$i":"month-3-genitive","$v":"آوریل"},{"$i":"month-4-genitive","$v":"مه"},{"$i":"month-5-genitive","$v":"ژوئن"},{"$i":"month-6-genitive","$v":"ژوئیه"},{"$i":"month-7-genitive","$v":"اوت"},{"$i":"month-8-genitive","$v":"سپتامبر"},{"$i":"month-9-genitive","$v":"اکتبر"},{"$i":"month-10-genitive","$v":"نوامبر"},{"$i":"month-11-genitive","$v":"دسامبر"},{"$i":"month-0-short","$v":"ژانويه"},{"$i":"month-1-short","$v":"فوريه"},{"$i":"month-2-short","$v":"مارس"},{"$i":"month-3-short","$v":"آوريل"},{"$i":"month-4-short","$v":"مه"},{"$i":"month-5-short","$v":"ژوئن"},{"$i":"month-6-short","$v":"ژوئيه"},{"$i":"month-7-short","$v":"اوت"},{"$i":"month-8-short","$v":"سپتامبر"},{"$i":"month-9-short","$v":"اكتبر"},{"$i":"month-10-short","$v":"نوامبر"},{"$i":"month-11-short","$v":"دسامبر"},{"$i":"minutes-ago-long","$v":{"few":[{"t":"idOrVar","v":"value"}," دقیقه قبل"],"many":[{"t":"idOrVar","v":"value"}," دقیقه قبل"],"other":[{"t":"idOrVar","v":"value"}," دقیقه قبل"],"two":[{"t":"idOrVar","v":"value"}," دقیقه قبل"],"one":"یک دقيقه قبل","zero":"درست اکنون"},"$x":[{"t":"idOrVar","v":"plural"},"value"]},{"$i":"hours-ago-long","$v":{"few":[{"t":"idOrVar","v":"value"}," ساعت قبل"],"many":[{"t":"idOrVar","v":"value"}," ساعت قبل"],"other":[{"t":"idOrVar","v":"value"}," ساعت قبل"],"two":[{"t":"idOrVar","v":"value"}," ساعت قبل"],"one":"یک ساعت قبل","zero":"درست اکنون"},"$x":[{"t":"idOrVar","v":"plural"},"value"]},{"$i":"days-ago-long","$v":{"few":[{"t":"idOrVar","v":"value"}," روز قبل"],"many":[{"t":"idOrVar","v":"value"}," روز قبل"],"one":"دیروز","other":[{"t":"idOrVar","v":"value"}," روز قبل"],"two":[{"t":"idOrVar","v":"value"}," روز قبل"],"zero":"امروز"},"$x":[{"t":"idOrVar","v":"plural"},"value"]},{"$i":"weeks-ago-long","$v":{"few":[{"t":"idOrVar","v":"value"}," هفته قبل"],"many":[{"t":"idOrVar","v":"value"}," هفته قبل"],"one":"هفته قبل","other":[{"t":"idOrVar","v":"value"}," هفته قبل"],"two":[{"t":"idOrVar","v":"value"}," هفته قبل"],"zero":"این هفته"},"$x":[{"t":"idOrVar","v":"plural"},"value"]},{"$i":"months-ago-long","$v":{"few":[{"t":"idOrVar","v":"value"}," ماه قبل"],"many":[{"t":"idOrVar","v":"value"}," ماه قبل"],"one":"ماه قبل","other":[{"t":"idOrVar","v":"value"}," ماه قبل"],"two":[{"t":"idOrVar","v":"value"}," ماه قبل"],"zero":"این ماه"},"$x":[{"t":"idOrVar","v":"plural"},"value"]},{"$i":"years-ago-long","$v":{"few":[{"t":"idOrVar","v":"value"}," سال قبل"],"many":[{"t":"idOrVar","v":"value"}," سال قبل"],"one":"سال قبل","other":[{"t":"idOrVar","v":"value"}," سال قبل"],"two":[{"t":"idOrVar","v":"value"}," سال قبل"],"zero":"امسال"},"$x":[{"t":"idOrVar","v":"plural"},"value"]},{"$i":"minutes-until-long","$v":{"few":"در {value}} دقیقه","many":"در {value}} دقیقه","other":"در {value}} دقیقه","two":"در {value}} دقیقه","zero":"اکنون","one":"در یک دقیقه"},"$x":[{"t":"idOrVar","v":"plural"},"value"]},{"$i":"hours-until-long","$v":{"few":"در {value}} ساعت","many":"در {value}} ساعت","other":"در {value}} ساعت","two":"در {value}} ساعت","zero":"اکنون","one":"در یک ساعت"},"$x":[{"t":"idOrVar","v":"plural"},"value"]},{"$i":"days-until-long","$v":{"few":["در ",{"t":"idOrVar","v":"value"}," روز"],"many":["در ",{"t":"idOrVar","v":"value"}," روز"],"one":"فردا","other":["در ",{"t":"idOrVar","v":"value"}," روز"],"two":["در ",{"t":"idOrVar","v":"value"}," روز"],"zero":"امروز"},"$x":[{"t":"idOrVar","v":"plural"},"value"]},{"$i":"weeks-until-long","$v":{"few":["در ",{"t":"idOrVar","v":"value"}," هفته"],"many":["در ",{"t":"idOrVar","v":"value"}," هفته"],"one":"هفته بعد","other":["در ",{"t":"idOrVar","v":"value"}," هفته"],"two":["در ",{"t":"idOrVar","v":"value"}," هفته"],"zero":"این هفته"},"$x":[{"t":"idOrVar","v":"plural"},"value"]},{"$i":"months-until-long","$v":{"few":["در ",{"t":"idOrVar","v":"value"}," ماه"],"many":["در ",{"t":"idOrVar","v":"value"}," ماه"],"one":"ماه بعد","other":["در ",{"t":"idOrVar","v":"value"}," ماه"],"two":["در ",{"t":"idOrVar","v":"value"}," ماه"],"zero":"این ماه"},"$x":[{"t":"idOrVar","v":"plural"},"value"]},{"$i":"years-until-long","$v":{"few":["در ",{"t":"idOrVar","v":"value"}," سال"],"many":["در ",{"t":"idOrVar","v":"value"}," سال"],"one":"سال بعد","other":["در ",{"t":"idOrVar","v":"value"}," سال"],"two":["در ",{"t":"idOrVar","v":"value"}," سال"],"zero":"امسال"},"$x":[{"t":"idOrVar","v":"plural"},"value"]},{"$i":"minutes-ago-short","$v":{"other":[{"t":"idOrVar","v":"value"},"دقیقه قبل"],"zero":"درست اکنون"},"$x":[{"t":"idOrVar","v":"plural"},"value"]},{"$i":"hours-ago-short","$v":{"other":[{"t":"idOrVar","v":"value"}," ساعت قبل"],"zero":"درست اکنون"},"$x":[{"t":"idOrVar","v":"plural"},"value"]},{"$i":"days-ago-short","$v":{"other":[{"t":"idOrVar","v":"value"}," روز قبل"],"zero":"امروز"},"$x":[{"t":"idOrVar","v":"plural"},"value"]},{"$i":"minutes-until-short","$v":{"other":"در {value}} دقیقه","zero":"اکنون"},"$x":[{"t":"idOrVar","v":"plural"},"value"]},{"$i":"hours-until-short","$v":{"other":"در {value}} ساعت","zero":"اکنون"},"$x":[{"t":"idOrVar","v":"plural"},"value"]},{"$i":"days-until-short","$v":{"other":"در {value}} روز","zero":"امروز"},"$x":[{"t":"idOrVar","v":"plural"},"value"]},{"$i":"incorrectDate","$v":"(تاریخ نادرست)"},{"$i":"dateTimeFormat_%c","$v":"%a %b %e %Y %I:%M:%S %p"},{"$i":"dateTimeFormat_%x","$v":"%m/%d/%Y"},{"$i":"dateTimeFormat_%X","$v":"%I:%M:%S %p"},{"$i":"shortTimeFormat","$v":"%I:%M %p"},{"$i":"shortTimeFormat12","$v":"%I:%M %p"},{"$i":"shortTimeFormat24","$v":"%H:%M"},{"$i":"shortDateTimeFormat","$v":"%x %I:%M %p"},{"$i":"weekStartsOnMonday","$v":"0.0"},{"$i":"firstDayOfTheWeek","$v":"0.0"},{"$i":"time_am","$v":"ب.ظ"},{"$i":"time_pm","$v":"ق.ظ"},{"$i":"sim-with-index-and-carrier","$v":["SIM ",{"t":"idOrVar","v":"index"}," - ",{"t":"idOrVar","v":"carrier"}]},{"$i":"sim-without-carrier","$v":["SIM ",{"t":"idOrVar","v":"index"}]}]