[{"$i":"contacts","$v":"Mga contact"},{"$i":"view","$v":"Tingnan"},{"$i":"no-contacts","$v":"Walang mga contact."},{"$i":"reading-contacts","$v":"Nilo-load mga contact"},{"$i":"start-adding","$v":"Pindutin ang Bago o pumunta sa Mga Setting upang magdagdag ng mga contact."},{"$i":"no-contact-available","$v":"Walang available na contact"},{"$i":"requested-contact-not-available","$v":"Ang hiniling na impormasyon na hindi magagamit sa umiiral na mga contact."},{"$i":"cannot-add-as-empty","$v":"Hindi maidagdag sa contact dahil walang laman ang iyong listahan ng contact"},{"$i":"ok","$v":"OK"},{"$i":"no-phone-number-to-dial","$v":"Walang numero ng telepono na ida-dial"},{"$i":"video-call","$v":"Video call"},{"$i":"rtt-call","$v":"RTT call"},{"$i":"select-a-contact","$v":"Pumili ng contact"},{"$i":"multi-pick-max-warn","$v":["Ang maximum na napiling bilang ay ",{"t":"idOrVar","v":"n"}]},{"$i":"add-contact-failed","$v":"Di nadagdag ang contact"},{"$i":"no-sim-card-available","$v":"Walang available na SIM card"},{"$i":"email-cannot-add-to-sim","$v":"Ang email ay hindi suportado ng kasalukuyang pagpili ng memorya."},{"$i":"add-info-failed","$v":"Magdagdag ng Impormasyon Nabigo"},{"$i":"no-contact-to-add","$v":"Walang magagamit na contact upang idagdag."},{"$i":"move","$v":"Ilipat"},{"$i":"copy","$v":"Kopyahin"},{"$i":"copy-contacts","$v":"Kopyahin ang mga contact"},{"$i":"move-contacts","$v":"Ilipat contact"},{"$i":"phone-memory","$v":"Memory ng telepono"},{"$i":"sim-memory","$v":"SIM memory"},{"$i":"sim-0-memory","$v":"SIM 1 memory"},{"$i":"sim-1-memory","$v":"SIM 2 memory"},{"$i":"move-from","$v":"Ilipat mula"},{"$i":"copy-from","$v":"Kopyahin mula sa"},{"$i":"to","$v":"Para kay"},{"$i":"move-contacts-progressing","$v":"Nililipat mga contact..."},{"$i":"copy-contacts-progressing","$v":"Kinokopya mga contact..."},{"$i":"contact-move-to-sim","$v":{"few":[{"t":"idOrVar","v":"migrated"}," (na) contact ang nalipat sa SIM."],"many":[{"t":"idOrVar","v":"migrated"}," (na) contact ang nalipat sa SIM."],"one":"1 contact ang nalipat sa SIM.","other":[{"t":"idOrVar","v":"migrated"}," (na) contact ang nalipat sa SIM."],"two":[{"t":"idOrVar","v":"migrated"}," (na) contact ang nalipat sa SIM."],"zero":"Walang contact na nalipat sa SIM."},"$x":[{"t":"idOrVar","v":"plural"},"migrated"]},{"$i":"contact-copy-to-sim","$v":{"few":[{"t":"idOrVar","v":"migrated"}," (na) contact ang nakopya sa SIM."],"many":[{"t":"idOrVar","v":"migrated"}," (na) contact ang nakopya sa SIM."],"one":"1 contact ang nakopya sa SIM.","other":[{"t":"idOrVar","v":"migrated"}," (na) contact ang nakopya sa SIM."],"two":[{"t":"idOrVar","v":"migrated"}," (na) contact ang nakopya sa SIM."],"zero":"Walang contact na nakopya sa SIM."},"$x":[{"t":"idOrVar","v":"plural"},"migrated"]},{"$i":"contact-move-to-sim0","$v":{"few":[{"t":"idOrVar","v":"migrated"}," (na) contact ang nalipat sa SIM 1."],"many":[{"t":"idOrVar","v":"migrated"}," (na) contact ang nalipat sa SIM 1."],"one":"1 contact ang nalipat sa SIM 1.","other":[{"t":"idOrVar","v":"migrated"}," (na) contact ang nalipat sa SIM 1."],"two":[{"t":"idOrVar","v":"migrated"}," (na) contact ang nalipat sa SIM 1."],"zero":"Walang contact na nalipat sa SIM 1."},"$x":[{"t":"idOrVar","v":"plural"},"migrated"]},{"$i":"contact-copy-to-sim0","$v":{"few":[{"t":"idOrVar","v":"migrated"}," (na) contact ang nakopya sa SIM 1."],"many":[{"t":"idOrVar","v":"migrated"}," (na) contact ang nakopya sa SIM 1."],"one":"1 contact ang nakopya sa SIM 1.","other":[{"t":"idOrVar","v":"migrated"}," (na) contact ang nakopya sa SIM 1."],"two":[{"t":"idOrVar","v":"migrated"}," (na) contact ang nakopya sa SIM 1."],"zero":"Walang contact na nakopya sa SIM 1."},"$x":[{"t":"idOrVar","v":"plural"},"migrated"]},{"$i":"contact-move-to-sim1","$v":{"few":[{"t":"idOrVar","v":"migrated"}," (na) contact ang nalipat sa SIM 2."],"many":[{"t":"idOrVar","v":"migrated"}," (na) contact ang nalipat sa SIM 2."],"one":"1 contact ang nalipat sa SIM 2.","other":[{"t":"idOrVar","v":"migrated"}," (na) contact ang nalipat sa SIM 2."],"two":[{"t":"idOrVar","v":"migrated"}," (na) contact ang nalipat sa SIM 2."],"zero":"Walang contact na nalipat sa SIM 2."},"$x":[{"t":"idOrVar","v":"plural"},"migrated"]},{"$i":"contact-copy-to-sim1","$v":{"few":[{"t":"idOrVar","v":"migrated"}," (na) contact ang nakopya sa SIM 2."],"many":[{"t":"idOrVar","v":"migrated"}," (na) contact ang nakopya sa SIM 2."],"one":"1 contact ang nakopya sa SIM 2.","other":[{"t":"idOrVar","v":"migrated"}," (na) contact ang nakopya sa SIM 2."],"two":[{"t":"idOrVar","v":"migrated"}," (na) contact ang nakopya sa SIM 2."],"zero":"Walang contact na nakopya sa SIM 2."},"$x":[{"t":"idOrVar","v":"plural"},"migrated"]},{"$i":"contact-move-to-device","$v":{"one":"1 contact na inilipat sa telepono.","zero":"Walang inilipat na contact sa telepono.","few":[{"t":"idOrVar","v":"migrated"}," contact ang inilipat sa telepono."],"many":[{"t":"idOrVar","v":"migrated"}," contact ang inilipat sa telepono."],"other":[{"t":"idOrVar","v":"migrated"}," na contact ang inilipat sa telepono."],"two":[{"t":"idOrVar","v":"migrated"}," contact ang inilipat sa telepono."]},"$x":[{"t":"idOrVar","v":"plural"},"migrated"]},{"$i":"contact-copy-to-device","$v":{"one":"1 contact na kinopya sa telepono.","zero":"Walang contact na kinopya sa telepono.","few":[{"t":"idOrVar","v":"migrated"}," contact ang nakopya sa telepono."],"many":[{"t":"idOrVar","v":"migrated"}," contact ang nakopya sa telepono."],"other":[{"t":"idOrVar","v":"migrated"}," na contact ang nakopya sa telepono."],"two":[{"t":"idOrVar","v":"migrated"}," contact ang nakopya sa telepono."]},"$x":[{"t":"idOrVar","v":"plural"},"migrated"]},{"$i":"copy-contact-failed","$v":"Nabigo ang mga contact sa kopya"},{"$i":"move-contact-failed","$v":"Nabigo ang mga contact contact"},{"$i":"contact-copy-error-sim-full","$v":"Kopyahin ang mga contact na hindi kumpleto dahil sa SIM card ay puno."},{"$i":"contact-copy-error-unknown","$v":"Kopyahin ang mga contact na hindi kumpleto dahil sa isang error."},{"$i":"contact-copy-error-limit-exceeded","$v":"Hindi nakumpleto ang pagkopya ng mga contact dahil lumampas na sa limitasyon sa bilang ng mga contact sa telepono."},{"$i":"contact-move-error-sim-full","$v":"Ilipat ang mga contact na hindi kumpleto dahil sa SIM card ay puno."},{"$i":"contact-move-error-unknown","$v":"Ilipat ang mga contact na hindi kumpleto dahil sa isang error."},{"$i":"contact-move-error-limit-exceeded","$v":"Hindi nakumpleto ang paglilipat ng mga contact dahil lumampas na sa limitasyon sa bilang ng mga contact sa telepono."},{"$i":"contact-save-error-unknown","$v":"I-save ang contact na hindi kumpleto dahil sa isang error."},{"$i":"memory","$v":"Memory"},{"$i":"phone-and-sim","$v":"Telepono at SIM"},{"$i":"phone","$v":"Telepono"},{"$i":"sim","$v":"SIM"},{"$i":"reloading-contact","$v":"Nire-reload mga contact."},{"$i":"contact-reloaded","$v":"Na-reload ang mga contact"},{"$i":"message","$v":"Mensahe"},{"$i":"changes-saved","$v":"Na-save ang mga pagbabago."},{"$i":"already-ice-contact","$v":"Ang napiling contact ay nakatakda na sa ICE."},{"$i":"phone-contacts-limit-exceeded","$v":"Lumampas na sa limitasyon sa mga contact sa tel."},{"$i":"sim-contacts-limit-exceeded","$v":"Lumampas na sa limitasyon sa mga contact sa SIM."},{"$i":"more-info","$v":"Iba pa"},{"$i":"callAirplaneModeTitle","$v":"Na-activate ang Airplane mode"},{"$i":"callAirplaneModeMessage","$v":"Upang makatawag, kailangan mong i-disable ang airplane mode sa mga setting."},{"$i":"emergencyDialogTitle","$v":"Walang koneksyon sa network"},{"$i":"emergencyDialogBodyBadNumber","$v":"Upang makatawag, dapat maikonekta ang telepono sa isang network."},{"$i":"emergencyDialogBodyDeviceNotAccepted","$v":"Hindi pinapayagan ng network ang mga pang-emergency na tawag."},{"$i":"invalidNumberToDialTitle","$v":"Invalid na numero ng telepono"},{"$i":"invalidNumberToDialMessage","$v":"Hindi valid ang numero ng teleponong tinatawagan mo."},{"$i":"invalidNumberToSendTitle","$v":"Invalid na numero ng telepono"},{"$i":"invalidNumberToSendMessage","$v":"Hindi wasto ang numero ng telepono na pinadadalhan mo ng mensahe."},{"$i":"emergency-call-only","$v":"Pang-emergency na Tawag Lang"},{"$i":"emergency-call-error","$v":["Ang ",{"t":"idOrVar","v":"number"}," ay hindi isang pang-emergency na numero."]},{"$i":"numberIsBusyTitle","$v":"Busy ang numero"},{"$i":"numberIsBusyMessage","$v":"Kasalukuyang busy ang numero. Pakisubukang muli sa ibang pagkakataon."},{"$i":"fdnIsActiveTitle","$v":"Aktibo ang FDN"},{"$i":"fdnIsActiveMessage","$v":["Na-activate ang FDN (mga Fixed Dialling Number) at ang mga sumusunod na numero ay wala sa iyong listahan ng FDN: ",{"t":"idOrVar","v":"number"}]},{"$i":"otherConnectionInUseTitle","$v":"Ginagamit ang iba pang koneksyon"},{"$i":"otherConnectionInUseMessage","$v":"Mayroon kang aktibong tawag sa ibang koneksyon. Maaari ka lang gumamit ng isang koneksyon sa bawat sandali."},{"$i":"GenericFailure","$v":"Pangkaraniwang pagpalya"},{"$i":"CallFailed","$v":"Hindi nakatawag"},{"$i":"scCallBarring","$v":"Call barring"},{"$i":"scCallForwarding","$v":"Call forwarding"},{"$i":"scClip","$v":"Paparating na Caller ID"},{"$i":"scClir","$v":"Mga Papalabas na Caller ID"},{"$i":"scPwd","$v":"Nabago ang password"},{"$i":"scCallWaiting","$v":"Call waiting"},{"$i":"scPin","$v":"Pagpapalit ng PIN"},{"$i":"scPin2","$v":"Pagpapalit ng PIN2"},{"$i":"scPuk","$v":"I-unblock ang PIN"},{"$i":"scPuk2","$v":"I-unblock ang PIN2"},{"$i":"scImei","$v":"IMEI"},{"$i":"scMeid","$v":"MEID"},{"$i":"scUssd","$v":"USSD"},{"$i":"set-speed-dial","$v":"Magtakda ng mga speed dial na contact"},{"$i":"empty","$v":"Walang laman"},{"$i":"voicemail","$v":"Voicemail"},{"$i":"speed-dial","$v":"Speed dial"},{"$i":"add","$v":"Idagdag"},{"$i":"replace","$v":"Palitan"},{"$i":"remove-from-speed-dial","$v":"Alisin sa speed dial"},{"$i":"custom-dialog-replace-speed-dial","$v":["Sigurado ka bang gusto mong palitan ang Speed Dial ",{"t":"idOrVar","v":"oldSpeedDial"}," ng ",{"t":"idOrVar","v":"newSpeedDial"},"?"]},{"$i":"custom-dialog-remove-speed-dial","$v":["Sigurado ka bang gusto mong alisin ang ",{"t":"idOrVar","v":"name"}," sa Speed Dial?"]},{"$i":"speed-dial-added","$v":"Naidagdag ang numero ng Speed Dial."},{"$i":"speed-dial-removed","$v":"Naalis ang numero ng Speed Dial."},{"$i":"speed-dial-replaced","$v":"Na-update ang numero ng Speed Dial."},{"$i":"voice-mail","$v":"Voicemail"},{"$i":"voice-mail-number","$v":["Numero ng Voicemail - SIM ",{"t":"idOrVar","v":"n"}]},{"$i":"voice-mail-number-single","$v":"Numero ng Voicemail"},{"$i":"voice-mail-number-updated","$v":"Nai-update ang numero ng Voicemail"},{"$i":"found-duplicates-message","$v":"May nakitang duplicate na impormasyon sa mga sumusunod na contact. Gusto mo bang mag-merge?"},{"$i":"confirm-to-merge-contacts","$v":["Sigurado ka bang ime-merge ang ",{"t":"idOrVar","v":"n"}," (na) contact sa ",{"t":"idOrVar","v":"name"},"?"]},{"$i":"contact-merged","$v":"Na-merge ang contact"},{"$i":"find-duplicate-contacts","$v":"Hanapin ang mga duplicate na contact"},{"$i":"no-duplicate-contact-found","$v":"Walang nakitang duplicate na contact"},{"$i":"merge","$v":"Isama"},{"$i":"find-dup","$v":"Hanapin ang mga duplicate na contact"},{"$i":"find-dup-title","$v":"Hanapin ang Mga Duplicate na Contact"},{"$i":"finding-dup-message","$v":"Naghahanap ng Mga Duplicate na Contact..."},{"$i":"dup-found-title","$v":"May nakitang mga duplicate"},{"$i":"dup-found-message","$v":"May nakitang duplicate na impormasyon sa mga sumusunod na (mga) contact. Gusto mo bang mag-merge?"},{"$i":"no-dup-found","$v":"Walang Nakitang Mga Duplicate"},{"$i":"merge-conflict-warn","$v":["Ang sumusunod na impormasyon ay io-overwrite ng “",{"t":"idOrVar","v":"name"},"”:"]},{"$i":"merge-conflict-confirm","$v":"Sigurado ka bang gusto mong i-merge ang mga contact?"},{"$i":"add-favorite","$v":"Idagdag bilang Paborito"},{"$i":"remove-favorite","$v":"I-unfavorite"},{"$i":"favorite-contacts","$v":"Paborito"},{"$i":"add-block","$v":"I-block ang numerong ito"},{"$i":"remove-block","$v":"I-unblock ang numerong ito"},{"$i":"add-block-email","$v":"I-block ang email na ito"},{"$i":"remove-block-email","$v":"I-unblock ang email na ito"},{"$i":"add-block-contact-warning","$v":"Hindi ka makakatanggap ng mga tawag sa telepono, mensahe mula sa mga tao sa block list."},{"$i":"add-block-email-warning","$v":"Hindi ka makakatanggap ng mga mensahe mula sa email address na ito."},{"$i":"block","$v":"I-block"},{"$i":"unblock","$v":"I-unblock"},{"$i":"block-contacts","$v":"I-block ang Mga Contact"},{"$i":"add-block-header","$v":"Magdagdag ng Numerong Iba-block"},{"$i":"remove-block-alert","$v":"Tinanggal sa Mga Naka-block na Contact."},{"$i":"duplicate-block-number","$v":"Hindi makakapagdagdag ng duplicate na numero."},{"$i":"sort-contacts","$v":"Pagsunud-sunurin ang mga contact"},{"$i":"sort-by-first-name","$v":"Pagsunud-sunurin ayon sa pangalan"},{"$i":"sort-by-last-name","$v":"Pagsunud-sunurin ayon sa apelyido"},{"$i":"no-support-open-multi-vcard","$v":"Hindi mabuksan ang vCard na maraming contact"},{"$i":"import","$v":"I-import"},{"$i":"sdcard","$v":"Memory card"},{"$i":"simcard","$v":"SIM card"},{"$i":"import-contacts","$v":"I-import ang mga contact"},{"$i":"simContacts-error","$v":"Hindi ma-import ang Mga Сontact mula sa SIM"},{"$i":"memoryCardContacts-error","$v":"Hindi ma-import ang mga contact mula sa memory card"},{"$i":"novCardFiles","$v":"Walang magagamit na mga file ng contact sa memory card."},{"$i":"fullDiskSpace-error","$v":"Puno ang storage, hindi makapag-import ng mga contact."},{"$i":"socialServiceContacts-error","$v":["Hindi ma-import ang contact mula sa ",{"t":"idOrVar","v":"service"},"."]},{"$i":"socialServiceContacts-noNetwork","$v":["Walang internet connection, hindi ma-import ang contact mula sa ",{"t":"idOrVar","v":"service"},"."]},{"$i":"simContacts-reading","$v":"Binabasa ang Mga Contact mula sa SIM Card…"},{"$i":"memoryCardContacts-reading","$v":"Binabasa ang Mga Contact mula sa Memory Card…"},{"$i":"importContactsTitle","$v":"I-import ang Mga Contact"},{"$i":"retry","$v":"Muling subukan"},{"$i":"noSimMsg","$v":"Upang mag-import ng mga contact, ipasok o i-unlock ang iyong SIM card"},{"$i":"noSdcardMsg","$v":"Upang mag-import ng mga contact, magpasok ng memory card"},{"$i":"not-imported","$v":"Hindi na-import"},{"$i":"imported","$v":"Na-import"},{"$i":"importing","$v":"Ini-import"},{"$i":"contact-imported","$v":[{"t":"idOrVar","v":"imported"}," contact ang na-import. ",{"t":"idOrVar","v":"dupes"}," (na) contact ang na-merge."]},{"$i":"contact-imported2","$v":{"one":"1 contact na na-import.","zero":"Walang na-import na contact.","few":[{"t":"idOrVar","v":"imported"}," contact ang na-import."],"many":[{"t":"idOrVar","v":"imported"}," contact ang na-import."],"other":[{"t":"idOrVar","v":"imported"}," na contact ang na-import."],"two":[{"t":"idOrVar","v":"imported"}," contact ang na-import."]},"$x":[{"t":"idOrVar","v":"plural"},"imported"]},{"$i":"reading-contacts-from-sim","$v":"Nagri-read ng (mga) contact mula sa SIM card…"},{"$i":"reading-contacts-from-gmail","$v":"Nagri-read ng (mga) contact mula sa Gmail..."},{"$i":"reading-contacts-from-live","$v":"Nagri-read ng (mga) contact mula sa Outlook..."},{"$i":"reading-contacts-from-sd","$v":"Nagri-read ng (mga) contact mula sa memory card…"},{"$i":"reading-contacts-from-vcard","$v":"Nagri-read ng (mga) contact mula sa file..."},{"$i":"importing-contacts-from-sim","$v":"Nag-i-import ng (mga) contact mula sa SIM card…"},{"$i":"importing-contacts-from-gmail","$v":"Nag-i-import ng (mga) contact mula sa Gmail..."},{"$i":"importing-contacts-from-live","$v":"Nag-i-import ng (mga) contact mula sa Outlook..."},{"$i":"importing-contacts-from-sd","$v":"Nag-i-import ng (mga) contact mula sa memory card…"},{"$i":"importing-contacts-from-vcard","$v":"Nag-i-import ng (mga) contact mula sa file..."},{"$i":"connect-network-to-import","$v":"Para mag-import ng contact, kumonekta sa Wi-Fi o data network"},{"$i":"importing-confirm","$v":["Mag-import ng ",{"t":"idOrVar","v":"n"}," (na) contact mula sa file na \"",{"t":"idOrVar","v":"fileName"},"\"?"]},{"$i":"importing-cancel-confirm","$v":"0.0"},{"$i":"import-contact-failed","$v":"Nabigo ang mga contact contact"},{"$i":"phone-storage-full","$v":"Puno ang storage ng telepono."},{"$i":"import-contact-storage-full","$v":"Hindi ma-import ang mga contact. Mag-delete ng application data para magbakante ng espasyo."},{"$i":"contact-import-error-disk-full","$v":"Hindi natapos ang pag-import ng mga contact dahil puno na ang storage. Mag-delete ng data ng application upang makapagbakante ng espasyo."},{"$i":"contact-import-error-sim-full","$v":"Hindi nakumpleto ang pag-import ng mga contact dahil puno ang SIM card."},{"$i":"contact-import-error-unknown","$v":"Hindi kumpleto ang mga contact contact dahil sa isang error."},{"$i":"import-contacts-canceled","$v":"0.0"},{"$i":"close","$v":"Isara"},{"$i":"import-process-cancel","$v":"Kinansela ang proseso ng pag-import."},{"$i":"import-limit-header","$v":"Ang mga sukat ng laki ng file ay lumampas"},{"$i":"inner-import-limit-content","$v":"Ang anumang sukat ng file ng contact ay lumampas sa 10MB ay hindi nai-import."},{"$i":"activity-import-limit-contact","$v":"Nabigong i-import ang mga contact dahil sa limitasyon ng laki ng file ay lumampas."},{"$i":"activity-import-limit-additional","$v":"(Ang laki ng file ay dapat na mas mababa sa 10MB.)"},{"$i":"bluetooth","$v":"Bluetooth"},{"$i":"export","$v":"I-export"},{"$i":"export-contacts","$v":"I-export ang mga contact"},{"$i":"simExport-title","$v":"I-export sa SIM"},{"$i":"memoryCardExport-title","$v":"Pag-export sa memory card ..."},{"$i":"btExport-title","$v":"I-export sa Bluetooth"},{"$i":"noSimMsgExport","$v":"Upang mag-export ng mga contact, ipasok o i-unlock ang iyong SIM card"},{"$i":"noSdcardExport","$v":"Para mag-export ng mga contact, pakipasok ng memory card."},{"$i":"bluetoothNoConnection","$v":"Upang mag-export ng mga contact, kumonekta sa isang Bluetooth device."},{"$i":"contact-exported","$v":[{"t":"idOrVar","v":"exported"}," contact ang na-export."]},{"$i":"contact-exported2","$v":{"zero":"Walang naka-export na contact.","one":"1 contact na-export.","few":[{"t":"idOrVar","v":"exported"}," contact ang na-export."],"many":[{"t":"idOrVar","v":"exported"}," contact ang na-export."],"other":[{"t":"idOrVar","v":"exported"}," na contact ang na-export."],"two":[{"t":"idOrVar","v":"exported"}," contact ang na-export."]},"$x":[{"t":"idOrVar","v":"plural"},"exported"]},{"$i":"export-contact-failed","$v":"Di na-export ang contact"},{"$i":"contact-export-error-sim-full","$v":"Di nakumpleto ang pag-export ng contact dahil puno ang SIM card."},{"$i":"contact-export-error-sd-full","$v":"Hindi nakumpleto ang pag-export ng mga contact dahil puno na ang memory card."},{"$i":"contact-export-error-unknown","$v":"Hindi nakumpleto ang mga contact ng export dahil sa isang error."},{"$i":"contact-export-canceled","$v":"Kinansela ang proseso ng pag-export."},{"$i":"save","$v":"I-save"},{"$i":"back","$v":"Bumalik"},{"$i":"givenName","$v":"Pangalan"},{"$i":"familyName","$v":"Apelyido"},{"$i":"name","$v":"Pangalan"},{"$i":"org","$v":"Kumpanya"},{"$i":"ringtone","$v":"Ringtone"},{"$i":"note","$v":"Tala"},{"$i":"photo","$v":"Larawan"},{"$i":"email","$v":"Email"},{"$i":"adr","$v":"Address"},{"$i":"custom","$v":"Custom"},{"$i":"confirm-discard-contact-data","$v":"Madi-discard ang impormasyon ng contact. Gusto mo bang i-save ang contact na ito?"},{"$i":"confirm-discard-contact-update-data","$v":"Madi-discard ang mga pagbabago. Gusto mo bang i-save ang contact na ito?"},{"$i":"discard-contact-data","$v":"Madi-discard ang mga pagbabago."},{"$i":"discard","$v":"I-discard"},{"$i":"add-others","$v":"Magdagdag ng iba pa"},{"$i":"custom-label","$v":"Pasadyang label"},{"$i":"input-the-custom-type","$v":"Pakilagay ang custom na uri"},{"$i":"contact-added","$v":"Naidagdag ang contact."},{"$i":"delete-prompt-message","$v":["I-delete ang ",{"t":"idOrVar","v":"field"},"?"]},{"$i":"delete-photo-msg","$v":"larawan"},{"$i":"delete-ringtone-msg","$v":"Ringtone"},{"$i":"delete-bday-msg","$v":"Kaarawan"},{"$i":"delete-note-msg","$v":"Note"},{"$i":"delete-org-msg","$v":"Kumpanya"},{"$i":"personal","$v":"Personal"},{"$i":"mobile","$v":"Mobile"},{"$i":"current","$v":"Kasalukuyan"},{"$i":"home","$v":"Tahanan"},{"$i":"work","$v":"Trabaho"},{"$i":"other","$v":"Iba pa"},{"$i":"fax-home","$v":"Fax sa Tahanan"},{"$i":"fax-office","$v":"Fax sa Opisina"},{"$i":"fax-other","$v":"Iba pang Fax"},{"$i":"add-phone","$v":"Magdagdag ng Telepono"},{"$i":"add-tel","$v":"Magdagdag ng Telepono"},{"$i":"add-email","$v":"Magdagdag ng email"},{"$i":"add-ringtone","$v":"Magdagdag ng ringtone"},{"$i":"add-adr","$v":"Magdagdag ng address"},{"$i":"add-bday","$v":"Magdagdag ng kaarawan"},{"$i":"add-photo","$v":"Magdagdag ng larawan"},{"$i":"add-note","$v":"Magdagdag ng tala"},{"$i":"add-org","$v":"Magdagdag ng kumpanya"},{"$i":"add-tel-number","$v":"Magdagdag ng numero ng telepono"},{"$i":"delete-tel","$v":"I-delete ang numero ng telepono"},{"$i":"delete-email","$v":"I-delete ang email"},{"$i":"delete-ringtone","$v":"I-delete ang ringtone"},{"$i":"delete-adr","$v":"I-delete ang address"},{"$i":"delete-bday","$v":"I-delete ang kaarawan"},{"$i":"delete-photo","$v":"Tanggalin ang larawan"},{"$i":"delete-note","$v":"I-delete ang tala"},{"$i":"delete-org","$v":"I-delete ang kumpanya"},{"$i":"edit-tel-type","$v":"I-edit ang uri ng telepono"},{"$i":"edit-email-type","$v":"I-edit ang uri ng email"},{"$i":"edit-adr-type","$v":"I-edit ang uri ng address"},{"$i":"edit-bday-type","$v":"I-edit ang kaarawan"},{"$i":"replace-photo","$v":"Palitan ang larawan"},{"$i":"replace-ringtone","$v":"Palitan ang ringtone"},{"$i":"mobile-tel","$v":"Mobile phone"},{"$i":"home-tel","$v":"Home phone"},{"$i":"work-tel","$v":"Telepono sa trabaho"},{"$i":"personal-tel","$v":"Personal na telepono"},{"$i":"fax-home-tel","$v":"Fax sa Tahanan"},{"$i":"fax-office-tel","$v":"Fax sa Opisina"},{"$i":"fax-other-tel","$v":"Iba pang Fax"},{"$i":"other-tel","$v":"Iba pang telepono"},{"$i":"personal-email","$v":"Personal na email"},{"$i":"work-email","$v":"Work email"},{"$i":"other-email","$v":"Iba pang email"},{"$i":"custom-email","$v":[{"t":"idOrVar","v":"type"}," email"]},{"$i":"custom-tel","$v":[{"t":"idOrVar","v":"type"}," phone"]},{"$i":"personal-adr","$v":"Personal na address"},{"$i":"current-adr","$v":"Kasalukuyang address"},{"$i":"home-adr","$v":"Address ng tahanan"},{"$i":"work-adr","$v":"Address ng trabaho"},{"$i":"custom-adr","$v":[{"t":"idOrVar","v":"type"}," address"]},{"$i":"bday","$v":"Kaarawan"},{"$i":"birthday","$v":"Kaarawan"},{"$i":"streetAddress","$v":"Lansangan"},{"$i":"locality","$v":"Lungsod"},{"$i":"postalCode","$v":"Zip code"},{"$i":"countryName","$v":"Bansa"},{"$i":"region","$v":"Estado"},{"$i":"no-name","$v":"Walang pangalan"},{"$i":"new-contact","$v":"Bagong contact"},{"$i":"options","$v":"Mga Opsyon"},{"$i":"cancel","$v":"Kanselahin"},{"$i":"settings","$v":"Mga Setting"},{"$i":"edit","$v":"I-edit"},{"$i":"share","$v":"Ibahagi"},{"$i":"remove","$v":"Alisin"},{"$i":"compose","$v":"Bumuo"},{"$i":"new-contact-title","$v":"Bagong Contact"},{"$i":"edit-title","$v":"I-edit ang contact"},{"$i":"music","$v":"Musika"},{"$i":"adr-type","$v":"Uri ng Address"},{"$i":"email-type","$v":"Uri ng Email"},{"$i":"tel-type","$v":"Uri ng Telepono"},{"$i":"ICEContactsGroup","$v":"Mga ICE Contact"},{"$i":"setICEButton","$v":"Itakda ang Mga ICE Contact"},{"$i":"ICESettingTitle","$v":"Mga ICE Contact"},{"$i":"ICEDescription","$v":"Magdagdag ng limang contact para sa mga pagtawag na “Kung Sakaling Nagkaroon ng Emergency.”"},{"$i":"ICEContact","$v":["ICE Contact ",{"t":"idOrVar","v":"n"}]},{"$i":"ICESelectContact","$v":"Pumili ng contact"},{"$i":"delete-ice-contact-warning","$v":"Sigurado ka bang gusto mong alisin ang ICE Contact?"},{"$i":"confirm","$v":"Kumpirmasyon"},{"$i":"add-ice-failed","$v":"Idagdag ang ICE Nabigo"},{"$i":"create-group","$v":"Gumawa ng Grupo"},{"$i":"group-name","$v":"Pangalan ng grupo"},{"$i":"group","$v":"GRUPO"},{"$i":"new-group-created","$v":"Ang bagong grupo ay nilikha."},{"$i":"create-group-failed","$v":"Nabigo ang paglikha ng grupo."},{"$i":"create-group-too-many","$v":["Maaari ka lang gumawa ng ",{"t":"idOrVar","v":"number"}," (na) grupo."]},{"$i":"create-group-duplicate","$v":"Dobleng pangalan."},{"$i":"rename-group-failed","$v":"Nabago ang pangalan ng grupo."},{"$i":"new-group","$v":"Bago"},{"$i":"rename","$v":"I-rename"},{"$i":"duplicate-removed","$v":"Tinanggal ang (mga) duplicate na contact."},{"$i":"add-to-group","$v":"Idagdag sa grupo"},{"$i":"remove-from-group","$v":"Alisin mula sa grupo"},{"$i":"added-to","$v":["Naidagdag sa ",{"t":"idOrVar","v":"group"}]},{"$i":"removed-from","$v":["Inalis mula sa ",{"t":"idOrVar","v":"group"}]},{"$i":"select-group","$v":"Piliin ang Grupo"},{"$i":"rename-group","$v":"Palitan ang Pangalan ng Grupo"},{"$i":"delete-group","$v":["Sigurado ka bang gusto mong i-delete ang ",{"t":"idOrVar","v":"group"},"?"]},{"$i":"unable-add-warn","$v":"Hindi magdagdag ng contact account sa pangkat."},{"$i":"edit-contact","$v":"I-edit ang contact"},{"$i":"send-message","$v":"Magpadala ng mensahe"},{"$i":"call","$v":"Tawag"},{"$i":"call-sim-1","$v":"Tumawag - SIM 1"},{"$i":"call-sim-2","$v":"Tumawag - SIM 2"},{"$i":"send-email","$v":"Ipadala ang email"},{"$i":"choose-number","$v":"Piliin ang Numero"},{"$i":"choose-email-address","$v":"Pumili ng Email"},{"$i":"delete","$v":"I-delete"},{"$i":"select","$v":"Piliin"},{"$i":"select-all","$v":"Piliin lahat"},{"$i":"select-all2","$v":"Lahat"},{"$i":"deselect-all","$v":"Alisin ang pagkakapili sa lahat"},{"$i":"deselect-all2","$v":"Wala"},{"$i":"deselect","$v":"Alisin ang pagkakapili"},{"$i":"selected-contacts","$v":{"few":[{"t":"idOrVar","v":"n"}," ang napili"],"many":[{"t":"idOrVar","v":"n"}," ang napili"],"one":[{"t":"idOrVar","v":"n"}," ang napili"],"other":[{"t":"idOrVar","v":"n"}," ang napili"],"two":[{"t":"idOrVar","v":"n"}," ang napili"],"zero":[{"t":"idOrVar","v":"n"}," ang napili"]},"$x":[{"t":"idOrVar","v":"plural"},"n"]},{"$i":"massive-delete","$v":"I-delete ang mga contact"},{"$i":"confirm-contact-delete","$v":["Sigurado ka bang gusto mong i-delete ang contact na \"",{"t":"idOrVar","v":"name"},"\"?"]},{"$i":"DeletedTxt","$v":{"few":["Naalis ang ",{"t":"idOrVar","v":"n"}," (na) contact"],"many":["Naalis ang ",{"t":"idOrVar","v":"n"}," (na) contact"],"one":"Inalis ang 1 Contact","other":["Naalis ang ",{"t":"idOrVar","v":"n"}," (na) contact"],"two":["Naalis ang ",{"t":"idOrVar","v":"n"}," (na) contact"],"zero":"Walang Ide-delete na Contact"},"$x":[{"t":"idOrVar","v":"plural"},"n"]},{"$i":"DeletingContacts","$v":"I-delete ang mga contact"},{"$i":"DeletingContactsProgressing","$v":"Dine-delete ang mga contact"},{"$i":"ContactConfirmDel","$v":{"few":["I-delete ang ",{"t":"idOrVar","v":"n"}," (na) Contact? Hindi ito maa-undo."],"many":["I-delete ang ",{"t":"idOrVar","v":"n"}," (na) Contact? Hindi ito maa-undo."],"one":"I-delete ang 1 Contact? Hindi ito maa-undo.","other":["I-delete ang ",{"t":"idOrVar","v":"n"}," (na) Contact? Hindi ito maa-undo."],"two":["I-delete ang ",{"t":"idOrVar","v":"n"}," (na) Contact? Hindi ito maa-undo."],"zero":"Walang Ide-delete na Contact"},"$x":[{"t":"idOrVar","v":"plural"},"n"]},{"$i":"contact-deleted","$v":{"zero":"0.0","one":"Natanggal ang 1 contact.","few":[{"t":"idOrVar","v":"n"}," contact ang tinanggal."],"many":[{"t":"idOrVar","v":"n"}," contact ang tinanggal."],"other":[{"t":"idOrVar","v":"n"}," na contact ang tinanggal."],"two":[{"t":"idOrVar","v":"n"}," contact ang tinanggal."]},"$x":[{"t":"idOrVar","v":"plural"},"n"]},{"$i":"a-contact-deleted","$v":"Tinanggal ang contact."},{"$i":"settings-title","$v":"Mga Setting ng Contact"},{"$i":"change-will-update-until-restart","$v":"Ang mga pagbabago ay maa-update sa susunod na ilulunsad ang Mga contact."},{"$i":"transfer-contacts","$v":"Ilipat ang mga contact"},{"$i":"service-number","$v":"Numero ng serbisyo"},{"$i":"no-contacts-found","$v":"Walang nakitang tugma."},{"$i":"search","$v":"Maghanap ng mga contact","placeholder":"Maghanap ng mga contact"},{"$i":"search-option","$v":"Hanapin"},{"$i":"accounts","$v":"Mga Account"},{"$i":"account","$v":"Account"},{"$i":"add-account","$v":"Magdagdag ng account"},{"$i":"add-account-failed","$v":"Nagkaroon ng hindi alam na error, pakisubukang muli sa ibang pagkakataon."},{"$i":"duplicate-account-warn","$v":"Mayroon nang account. Naka-on ang pag-sync."},{"$i":"setting-up-account","$v":"Pag-set up ng account"},{"$i":"no-network-warn","$v":"Walang koneksyon sa internet"},{"$i":"username","$v":"Username"},{"$i":"password","$v":"Password"},{"$i":"delete-account","$v":"I-delete acct"},{"$i":"delete-account-long","$v":"Tanggalin ang Account"},{"$i":"delete-account-warn","$v":"Kung ide-delete mo ang account na ito, maaapektuhan din ang mga app na gumagamit sa account na ito."},{"$i":"deleting-account","$v":"Ang pagtanggal ng account ..."},{"$i":"delete-account-failed","$v":"Hindi na-delete ang account, pakisubukang muli sa ibang pagkakataon."},{"$i":"delete-account-ok","$v":"Tinanggal ang account."},{"$i":"sync","$v":"I-sync"},{"$i":"sync-title","$v":"Pag-sync ng Mga Contact"},{"$i":"sync-failed-warn","$v":"Nabigong i-sync."},{"$i":"sync-off-warn","$v":"Ang pag-sync ay naka-off sa Mga Setting."},{"$i":"show-account-contacts","$v":"Ipakita ang mga contact sa account"},{"$i":"sync-account-contacts","$v":"sync ng mga contact sa account"},{"$i":"sync-account-contacts-warning","$v":["Ang pag-edit ng account contact ay hindi masi-sync sa cloud kapag walang check ang \"",{"t":"idOrVar","v":"switch"},"\", gusto mo pa rin bang alisan ng check?"]},{"$i":"yes","$v":"Oo"},{"$i":"all-contacts-synced","$v":"Ang lahat ng mga contact ay naka-sync."},{"$i":"contact-syncing","$v":"Mga contact na naka-sync ..."},{"$i":"contacts-sync-limit-exceed","$v":"Hindi natapos ang pag-sync ng mga contact dahil lumampas na sa limitasyon sa bilang ng mga contact."},{"$i":"show-password","$v":"Ipakita ang password"},{"$i":"password-incorrect","$v":"Mali ang password."},{"$i":"re-enter-password","$v":"Muling ipasok ang Password"},{"$i":"accessing-warn","$v":"Nagkaproblema sa pag-access sa iyong account."},{"$i":"accessing-warn-password","$v":"Pakilagay muli ang password."},{"$i":"re-enter-password-on-setting","$v":"Mangyaring muling ipasok ang password sa Mga setting ng contact."},{"$i":"accessing-warn-relogin","$v":"Paki-delete ang account at mag-log in muli."},{"$i":"update-password-failed","$v":"Hindi na-update ang password, pakisubukang muli sa ibang pagkakataon."},{"$i":"connect-time-out","$v":["Walang koneksyon sa \"",{"t":"idOrVar","v":"server"},".\" Baka may problema sa network."]},{"$i":"server-error","$v":"Hindi available ang server. Pakisubukang muli sa ibang pagkakataon."},{"$i":"loading","$v":"Nilo-load..."},{"$i":"ellipsis","$v":"..."},{"$i":"stop-syncing-warn-title","$v":"Mga Pag-sync ng Mga contact"},{"$i":"stop-syncing-warn","$v":"Ang pagsasara ng app ay titigil sa proseso ng pag-sync ng contact. Gusto mo pa bang isara ito?"},{"$i":"weekday-0-long","$v":"Linggo"},{"$i":"weekday-1-long","$v":"Lunes"},{"$i":"weekday-2-long","$v":"Martes"},{"$i":"weekday-3-long","$v":"Miyerkules"},{"$i":"weekday-4-long","$v":"Huwebes"},{"$i":"weekday-5-long","$v":"Biyernes"},{"$i":"weekday-6-long","$v":"Sabado"},{"$i":"weekday-0-short","$v":"Lin"},{"$i":"weekday-1-short","$v":"Lun"},{"$i":"weekday-2-short","$v":"Mar"},{"$i":"weekday-3-short","$v":"Miy"},{"$i":"weekday-4-short","$v":"Hwe"},{"$i":"weekday-5-short","$v":"Biy"},{"$i":"weekday-6-short","$v":"Sab"},{"$i":"month-0-long","$v":"Enero"},{"$i":"month-1-long","$v":"Pebrero"},{"$i":"month-2-long","$v":"Marso"},{"$i":"month-3-long","$v":"Abril"},{"$i":"month-4-long","$v":"Mayo"},{"$i":"month-5-long","$v":"Hunyo"},{"$i":"month-6-long","$v":"Hulyo"},{"$i":"month-7-long","$v":"Agosto"},{"$i":"month-8-long","$v":"Setyembre"},{"$i":"month-9-long","$v":"Oktubre"},{"$i":"month-10-long","$v":"Nobyembre"},{"$i":"month-11-long","$v":"Disyembre"},{"$i":"month-0-genitive","$v":"Enero"},{"$i":"month-1-genitive","$v":"Pebrero"},{"$i":"month-2-genitive","$v":"Marso"},{"$i":"month-3-genitive","$v":"Abril"},{"$i":"month-4-genitive","$v":"Mayo"},{"$i":"month-5-genitive","$v":"Hunyo"},{"$i":"month-6-genitive","$v":"Hulyo"},{"$i":"month-7-genitive","$v":"Agosto"},{"$i":"month-8-genitive","$v":"Setyembre"},{"$i":"month-9-genitive","$v":"Oktubre"},{"$i":"month-10-genitive","$v":"Nobyembre"},{"$i":"month-11-genitive","$v":"Disyembre"},{"$i":"month-0-short","$v":"Ene"},{"$i":"month-1-short","$v":"Peb"},{"$i":"month-2-short","$v":"Mar"},{"$i":"month-3-short","$v":"Abr"},{"$i":"month-4-short","$v":"Mayo"},{"$i":"month-5-short","$v":"Hun"},{"$i":"month-6-short","$v":"Hul"},{"$i":"month-7-short","$v":"Ago"},{"$i":"month-8-short","$v":"Set"},{"$i":"month-9-short","$v":"Okt"},{"$i":"month-10-short","$v":"Nob"},{"$i":"month-11-short","$v":"Dis"},{"$i":"minutes-ago-long","$v":{"few":[{"t":"idOrVar","v":"value"}," (na) minuto ang nakalipas"],"many":[{"t":"idOrVar","v":"value"}," (na) minuto ang nakalipas"],"other":[{"t":"idOrVar","v":"value"}," (na) minuto ang nakalipas"],"two":[{"t":"idOrVar","v":"value"}," (na) minuto ang nakalipas"],"one":"isang minuto ang nakalipas","zero":"ngayon lang"},"$x":[{"t":"idOrVar","v":"plural"},"value"]},{"$i":"hours-ago-long","$v":{"few":[{"t":"idOrVar","v":"value"}," (na) oras ang nakalipas"],"many":[{"t":"idOrVar","v":"value"}," (na) oras ang nakalipas"],"other":[{"t":"idOrVar","v":"value"}," (na) oras ang nakalipas"],"two":[{"t":"idOrVar","v":"value"}," (na) oras ang nakalipas"],"one":"1 Oras Ago","zero":"ngayon lang"},"$x":[{"t":"idOrVar","v":"plural"},"value"]},{"$i":"days-ago-long","$v":{"few":[{"t":"idOrVar","v":"value"}," (na) araw ang nakalipas"],"many":[{"t":"idOrVar","v":"value"}," (na) araw ang nakalipas"],"one":"kahapon","other":[{"t":"idOrVar","v":"value"}," (na) araw ang nakalipas"],"two":[{"t":"idOrVar","v":"value"}," (na) araw ang nakalipas"],"zero":"ngayon"},"$x":[{"t":"idOrVar","v":"plural"},"value"]},{"$i":"weeks-ago-long","$v":{"few":[{"t":"idOrVar","v":"value"}," (na) linggo ang nakalipas"],"many":[{"t":"idOrVar","v":"value"}," (na) linggo ang nakalipas"],"one":"nakaraang linggo","other":[{"t":"idOrVar","v":"value"}," (na) linggo ang nakalipas"],"two":[{"t":"idOrVar","v":"value"}," (na) linggo ang nakalipas"],"zero":"ngayong linggo"},"$x":[{"t":"idOrVar","v":"plural"},"value"]},{"$i":"months-ago-long","$v":{"few":[{"t":"idOrVar","v":"value"}," (na) buwan ang nakalipas"],"many":[{"t":"idOrVar","v":"value"}," (na) buwan ang nakalipas"],"one":"nakaraang buwan","other":[{"t":"idOrVar","v":"value"}," (na) buwan ang nakalipas"],"two":[{"t":"idOrVar","v":"value"}," (na) buwan ang nakalipas"],"zero":"ngayong buwan"},"$x":[{"t":"idOrVar","v":"plural"},"value"]},{"$i":"years-ago-long","$v":{"few":[{"t":"idOrVar","v":"value"}," (na) taon ang nakalipas"],"many":[{"t":"idOrVar","v":"value"}," (na) taon ang nakalipas"],"one":"nakaraang taon","other":[{"t":"idOrVar","v":"value"}," (na) taon ang nakalipas"],"two":[{"t":"idOrVar","v":"value"}," (na) taon ang nakalipas"],"zero":"ngayong taon"},"$x":[{"t":"idOrVar","v":"plural"},"value"]},{"$i":"minutes-until-long","$v":{"few":["sa loob ng ",{"t":"idOrVar","v":"value"}," (na) minuto"],"many":["sa loob ng ",{"t":"idOrVar","v":"value"}," (na) minuto"],"other":["sa loob ng ",{"t":"idOrVar","v":"value"}," (na) minuto"],"two":["sa loob ng ",{"t":"idOrVar","v":"value"}," (na) minuto"],"zero":"ngayon","one":"sa 1 minuto"},"$x":[{"t":"idOrVar","v":"plural"},"value"]},{"$i":"hours-until-long","$v":{"few":["sa loob ng ",{"t":"idOrVar","v":"value"}," (na) oras"],"many":["sa loob ng ",{"t":"idOrVar","v":"value"}," (na) oras"],"other":["sa loob ng ",{"t":"idOrVar","v":"value"}," (na) oras"],"two":["sa loob ng ",{"t":"idOrVar","v":"value"}," (na) oras"],"zero":"ngayon","one":"sa 1 oras"},"$x":[{"t":"idOrVar","v":"plural"},"value"]},{"$i":"days-until-long","$v":{"few":["sa loob ng ",{"t":"idOrVar","v":"value"}," (na) araw"],"many":["sa loob ng ",{"t":"idOrVar","v":"value"}," (na) araw"],"one":"bukas","other":["sa loob ng ",{"t":"idOrVar","v":"value"}," (na) araw"],"two":["sa loob ng ",{"t":"idOrVar","v":"value"}," (na) araw"],"zero":"ngayon"},"$x":[{"t":"idOrVar","v":"plural"},"value"]},{"$i":"weeks-until-long","$v":{"few":["sa loob ng ",{"t":"idOrVar","v":"value"}," (na) linggo"],"many":["sa loob ng ",{"t":"idOrVar","v":"value"}," (na) linggo"],"one":"susunod na linggo","other":["sa loob ng ",{"t":"idOrVar","v":"value"}," (na) linggo"],"two":["sa loob ng ",{"t":"idOrVar","v":"value"}," (na) linggo"],"zero":"ngayong linggo"},"$x":[{"t":"idOrVar","v":"plural"},"value"]},{"$i":"months-until-long","$v":{"few":["sa loob ng ",{"t":"idOrVar","v":"value"}," (na) buwan"],"many":["sa loob ng ",{"t":"idOrVar","v":"value"}," (na) buwan"],"one":"susunod na buwan","other":["sa loob ng ",{"t":"idOrVar","v":"value"}," (na) buwan"],"two":["sa loob ng ",{"t":"idOrVar","v":"value"}," (na) buwan"],"zero":"ngayong buwan"},"$x":[{"t":"idOrVar","v":"plural"},"value"]},{"$i":"years-until-long","$v":{"few":["sa loob ng ",{"t":"idOrVar","v":"value"}," (na) taon"],"many":["sa loob ng ",{"t":"idOrVar","v":"value"}," (na) taon"],"one":"susunod na taon","other":["sa loob ng ",{"t":"idOrVar","v":"value"}," (na) taon"],"two":["sa loob ng ",{"t":"idOrVar","v":"value"}," (na) taon"],"zero":"ngayong taon"},"$x":[{"t":"idOrVar","v":"plural"},"value"]},{"$i":"minutes-ago-short","$v":{"other":[{"t":"idOrVar","v":"value"},"m ang nakalipas"],"zero":"ngayon lang"},"$x":[{"t":"idOrVar","v":"plural"},"value"]},{"$i":"hours-ago-short","$v":{"other":[{"t":"idOrVar","v":"value"},"h ang nakalipas"],"zero":"ngayon lang"},"$x":[{"t":"idOrVar","v":"plural"},"value"]},{"$i":"days-ago-short","$v":{"other":[{"t":"idOrVar","v":"value"},"d ang nakalipas"],"zero":"ngayon"},"$x":[{"t":"idOrVar","v":"plural"},"value"]},{"$i":"minutes-until-short","$v":{"other":["sa loob ng ",{"t":"idOrVar","v":"value"},"m"],"zero":"ngayon"},"$x":[{"t":"idOrVar","v":"plural"},"value"]},{"$i":"hours-until-short","$v":{"other":["sa loob ng ",{"t":"idOrVar","v":"value"},"o"],"zero":"ngayon"},"$x":[{"t":"idOrVar","v":"plural"},"value"]},{"$i":"days-until-short","$v":{"other":["sa loob ng ",{"t":"idOrVar","v":"value"},"a"],"zero":"ngayon"},"$x":[{"t":"idOrVar","v":"plural"},"value"]},{"$i":"incorrectDate","$v":"(mali ang petsa)"},{"$i":"dateTimeFormat_%c","$v":"%a %b %e %Y %I:%M:%S %p"},{"$i":"dateTimeFormat_%x","$v":"%m/%d/%Y"},{"$i":"dateTimeFormat_%X","$v":"%I:%M:%S %p"},{"$i":"shortTimeFormat","$v":"%I:%M %p"},{"$i":"shortTimeFormat12","$v":"%I:%M %p"},{"$i":"shortTimeFormat24","$v":"%H:%M"},{"$i":"shortDateTimeFormat","$v":"%x %I:%M %p"},{"$i":"weekStartsOnMonday","$v":"0.0"},{"$i":"firstDayOfTheWeek","$v":"0.0"},{"$i":"time_am","$v":"AM"},{"$i":"time_pm","$v":"PM"},{"$i":"sim-with-index-and-carrier","$v":["SIM ",{"t":"idOrVar","v":"index"}," - ",{"t":"idOrVar","v":"carrier"}]},{"$i":"sim-without-carrier","$v":["SIM ",{"t":"idOrVar","v":"index"}]}]