[{"$i":"contacts","$v":"Contacts"},{"$i":"view","$v":"Visionner"},{"$i":"no-contacts","$v":"Aucun contact"},{"$i":"reading-contacts","$v":"Chargement des contacts"},{"$i":"start-adding","$v":"Appuyer sur Nouveau ou aller aux Paramètres pour ajouter des contacts."},{"$i":"no-contact-available","$v":"Aucun contact disponible"},{"$i":"requested-contact-not-available","$v":"Information demandée non disponible pour les contacts existants"},{"$i":"cannot-add-as-empty","$v":"Impossible d'ajouter au contact puisque votre liste de contacts est vide"},{"$i":"ok","$v":"OK"},{"$i":"no-phone-number-to-dial","$v":"Aucun numéro de téléphone à composer"},{"$i":"video-call","$v":"Appel vidéo"},{"$i":"rtt-call","$v":"Appel TTR"},{"$i":"select-a-contact","$v":"Sélectionnez un contact"},{"$i":"multi-pick-max-warn","$v":["Le nombre maximal d'éléments sélectionnés est de ",{"t":"idOrVar","v":"n"}]},{"$i":"add-contact-failed","$v":"Échec de l'ajout du contact"},{"$i":"no-sim-card-available","$v":"Aucune carte SIM disponible"},{"$i":"email-cannot-add-to-sim","$v":"Adresse de courriel non prise en charge pour la mémoire sélectionnée."},{"$i":"add-info-failed","$v":"Échec de l’ajout d’information"},{"$i":"no-contact-to-add","$v":"Aucun contact à ajouter."},{"$i":"move","$v":"Déplacer"},{"$i":"copy","$v":"Copier"},{"$i":"copy-contacts","$v":"Copier les contacts"},{"$i":"move-contacts","$v":"Déplacer les contacts"},{"$i":"phone-memory","$v":"Mémoire du téléphone"},{"$i":"sim-memory","$v":"Mémoire de la carte SIM"},{"$i":"sim-0-memory","$v":"Mémoire de la carte SIM 1"},{"$i":"sim-1-memory","$v":"Mémoire de la carte SIM 2"},{"$i":"move-from","$v":"Déplacer à partir de"},{"$i":"copy-from","$v":"Copier à partir de"},{"$i":"to","$v":"À"},{"$i":"move-contacts-progressing","$v":"Déplacement du/des contact(s)..."},{"$i":"copy-contacts-progressing","$v":"Copie du/des contact(s)..."},{"$i":"contact-move-to-sim","$v":{"few":[{"t":"idOrVar","v":"migrated"}," contacts déplacés vers la carte SIM."],"many":[{"t":"idOrVar","v":"migrated"}," contacts déplacés vers la carte SIM."],"one":"1 contact déplacé vers la carte SIM.","other":[{"t":"idOrVar","v":"migrated"}," contacts déplacés vers la carte SIM."],"two":[{"t":"idOrVar","v":"migrated"}," contacts déplacés vers la carte SIM."],"zero":"Aucun contact déplacé vers la carte SIM."},"$x":[{"t":"idOrVar","v":"plural"},"migrated"]},{"$i":"contact-copy-to-sim","$v":{"few":[{"t":"idOrVar","v":"migrated"}," contacts copiés vers la carte SIM."],"many":[{"t":"idOrVar","v":"migrated"}," contacts copiés vers la carte SIM."],"one":"1 contact copié vers la carte SIM.","other":[{"t":"idOrVar","v":"migrated"}," contacts copiés vers la carte SIM."],"two":[{"t":"idOrVar","v":"migrated"}," contacts copiés vers la carte SIM."],"zero":"Aucun contact copié vers la carte SIM."},"$x":[{"t":"idOrVar","v":"plural"},"migrated"]},{"$i":"contact-move-to-sim0","$v":{"few":[{"t":"idOrVar","v":"migrated"}," contacts déplacés vers la carte SIM 1."],"many":[{"t":"idOrVar","v":"migrated"}," contacts déplacés vers la carte SIM 1."],"one":"1 contact déplacé vers la carte SIM 1.","other":[{"t":"idOrVar","v":"migrated"}," contacts déplacés vers la carte SIM 1."],"two":[{"t":"idOrVar","v":"migrated"}," contacts déplacés vers la carte SIM 1."],"zero":"Aucun contact déplacé vers la carte SIM 1."},"$x":[{"t":"idOrVar","v":"plural"},"migrated"]},{"$i":"contact-copy-to-sim0","$v":{"few":[{"t":"idOrVar","v":"migrated"}," contacts copiés vers la carte SIM 1."],"many":[{"t":"idOrVar","v":"migrated"}," contacts copiés vers la carte SIM 1."],"one":"1 contact copié vers la carte SIM 1.","other":[{"t":"idOrVar","v":"migrated"}," contacts copiés vers la carte SIM 1."],"two":[{"t":"idOrVar","v":"migrated"}," contacts copiés vers la carte SIM 1."],"zero":"Aucun contact copié vers la carte SIM 1."},"$x":[{"t":"idOrVar","v":"plural"},"migrated"]},{"$i":"contact-move-to-sim1","$v":{"few":[{"t":"idOrVar","v":"migrated"}," contacts déplacés vers la carte SIM 2."],"many":[{"t":"idOrVar","v":"migrated"}," contacts déplacés vers la carte SIM 2."],"one":"1 contact déplacé vers la carte SIM 2.","other":[{"t":"idOrVar","v":"migrated"}," contacts déplacés vers la carte SIM 2."],"two":[{"t":"idOrVar","v":"migrated"}," contacts déplacés vers la carte SIM 2."],"zero":"Aucun contact déplacé vers la carte SIM 2."},"$x":[{"t":"idOrVar","v":"plural"},"migrated"]},{"$i":"contact-copy-to-sim1","$v":{"few":[{"t":"idOrVar","v":"migrated"}," contacts copiés vers la carte SIM 2."],"many":[{"t":"idOrVar","v":"migrated"}," contacts copiés vers la carte SIM 2."],"one":"1 contact copié vers la carte SIM 2.","other":[{"t":"idOrVar","v":"migrated"}," contacts copiés vers la carte SIM 2."],"two":[{"t":"idOrVar","v":"migrated"}," contacts copiés vers la carte SIM 2."],"zero":"Aucun contact copié vers la carte SIM 2."},"$x":[{"t":"idOrVar","v":"plural"},"migrated"]},{"$i":"contact-move-to-device","$v":{"one":"1 contact déplacé vers l'appareil.","zero":"Aucun contact déplacé vers l'appareil.","few":[{"t":"idOrVar","v":"migrated"}," contacts déplacés vers l'appareil."],"many":[{"t":"idOrVar","v":"migrated"}," contacts déplacés vers l'appareil."],"other":[{"t":"idOrVar","v":"migrated"}," contacts déplacés vers l'appareil."],"two":[{"t":"idOrVar","v":"migrated"}," contacts déplacés vers l'appareil."]},"$x":[{"t":"idOrVar","v":"plural"},"migrated"]},{"$i":"contact-copy-to-device","$v":{"one":"1 contact copié vers l'appareil.","zero":"Aucun contact copié vers l'appareil.","few":[{"t":"idOrVar","v":"migrated"}," contacts copiés vers l'appareil."],"many":[{"t":"idOrVar","v":"migrated"}," contacts copiés vers l'appareil."],"other":[{"t":"idOrVar","v":"migrated"}," contacts copiés vers l'appareil."],"two":[{"t":"idOrVar","v":"migrated"}," contacts copiés vers l'appareil."]},"$x":[{"t":"idOrVar","v":"plural"},"migrated"]},{"$i":"copy-contact-failed","$v":"Échec de copie des contacts"},{"$i":"move-contact-failed","$v":"Échec de déplacement des contacts"},{"$i":"contact-copy-error-sim-full","$v":"Copie des contacts non terminée car la carte SIM est pleine."},{"$i":"contact-copy-error-unknown","$v":"Copie des contacts non terminée en raison d'une erreur."},{"$i":"contact-copy-error-limit-exceeded","$v":"Copie des contacts incomplète, car la limite de contacts du téléphone est atteinte."},{"$i":"contact-move-error-sim-full","$v":"Déplacement des contacts non terminé car la carte SIM est pleine."},{"$i":"contact-move-error-unknown","$v":"Déplacement des contacts non terminé en raison d'une erreur."},{"$i":"contact-move-error-limit-exceeded","$v":"Déplacement des contacts incomplet, car la limite de contacts du téléphone est atteinte."},{"$i":"contact-save-error-unknown","$v":"Enregistrement du contact non terminé en raison d'une erreur."},{"$i":"memory","$v":"Mémoire"},{"$i":"phone-and-sim","$v":"Téléphone et carte SIM"},{"$i":"phone","$v":"Téléphone"},{"$i":"sim","$v":"SIM"},{"$i":"reloading-contact","$v":"Recharge des contacts.."},{"$i":"contact-reloaded","$v":"Contact rechargés"},{"$i":"message","$v":"Message"},{"$i":"changes-saved","$v":"Modifications enregistrées."},{"$i":"already-ice-contact","$v":"Le contact sélectionné a déjà été réglé comme contact en cas d'urgence."},{"$i":"phone-contacts-limit-exceeded","$v":"Limite de contacts du téléphone dépassée."},{"$i":"sim-contacts-limit-exceeded","$v":"Limite de contacts de la carte SIM dépassée."},{"$i":"more-info","$v":"Plus"},{"$i":"callAirplaneModeTitle","$v":"Mode Avion activé"},{"$i":"callAirplaneModeMessage","$v":"Pour faire un appel, vous devez désactiver le mode Avion dans les paramètres."},{"$i":"emergencyDialogTitle","$v":"Aucune connexion réseau"},{"$i":"emergencyDialogBodyBadNumber","$v":"Pour faire un appel, le téléphone doit être connecté à un réseau."},{"$i":"emergencyDialogBodyDeviceNotAccepted","$v":"Les appels d'urgence ne sont pas permis par le réseau."},{"$i":"invalidNumberToDialTitle","$v":"Numéro de téléphone non valide"},{"$i":"invalidNumberToDialMessage","$v":"Le numéro de téléphone composé n'est pas valide."},{"$i":"invalidNumberToSendTitle","$v":"Numéro de téléphone non valide"},{"$i":"invalidNumberToSendMessage","$v":"Le numéro de téléphone auquel vous tentez d'envoyer un message texte est invalide."},{"$i":"emergency-call-only","$v":"Appels d'urgence seulement"},{"$i":"emergency-call-error","$v":[{"t":"idOrVar","v":"number"}," n'est pas un numéro d'urgence."]},{"$i":"numberIsBusyTitle","$v":"La ligne est occupée"},{"$i":"numberIsBusyMessage","$v":"Le numéro est occupé. Réessayez plus tard."},{"$i":"fdnIsActiveTitle","$v":"Liste de numéros autorisés activée"},{"$i":"fdnIsActiveMessage","$v":["La liste de numéros autorisés est active et le numéro suivant n'est pas dans la liste de numéros autorisés : ",{"t":"idOrVar","v":"number"}]},{"$i":"otherConnectionInUseTitle","$v":"Autre connexion active"},{"$i":"otherConnectionInUseMessage","$v":"Un appel est actif sur une autre connexion. Vous pouvez utiliser une seule connexion à la fois."},{"$i":"GenericFailure","$v":"Échec général"},{"$i":"CallFailed","$v":"Échec de l'appel"},{"$i":"scCallBarring","$v":"Interdiction d'appels"},{"$i":"scCallForwarding","$v":"Renvoi d'appels"},{"$i":"scClip","$v":"Numéro de l'appelant (entrant)"},{"$i":"scClir","$v":"Numéro de l'appelant (sortant)"},{"$i":"scPwd","$v":"Modification du mot de passe"},{"$i":"scCallWaiting","$v":"Appel en attente"},{"$i":"scPin","$v":"Modification du NIP"},{"$i":"scPin2","$v":"Modification du NIP2"},{"$i":"scPuk","$v":"Débloquer le NIP"},{"$i":"scPuk2","$v":"Débloquer le NIP2"},{"$i":"scImei","$v":"IMEI"},{"$i":"scMeid","$v":"MEID"},{"$i":"scUssd","$v":"USSD"},{"$i":"set-speed-dial","$v":"Déf. comp. rapide"},{"$i":"empty","$v":"Vide"},{"$i":"voicemail","$v":"Messagerie vocale"},{"$i":"speed-dial","$v":"Composition rapide"},{"$i":"add","$v":"Ajouter"},{"$i":"replace","$v":"Remplacer"},{"$i":"remove-from-speed-dial","$v":"Retirer de la composition rapide"},{"$i":"custom-dialog-replace-speed-dial","$v":["Êtes-vous certain de vouloir remplacer la composition abrégée ",{"t":"idOrVar","v":"oldSpeedDial"}," par ",{"t":"idOrVar","v":"newSpeedDial"},"?"]},{"$i":"custom-dialog-remove-speed-dial","$v":["Voulez-vous vraiment supprimer ",{"t":"idOrVar","v":"name"}," de la composition rapide?"]},{"$i":"speed-dial-added","$v":"Numéro de composition abrégée ajouté"},{"$i":"speed-dial-removed","$v":"Numéro de composition rapide supprimé."},{"$i":"speed-dial-replaced","$v":"Numéro de composition rapide modifié."},{"$i":"voice-mail","$v":"Message vocal"},{"$i":"voice-mail-number","$v":["Numéro de boîte vocale - SIM ",{"t":"idOrVar","v":"n"}]},{"$i":"voice-mail-number-single","$v":"Numéro de boîte vocale"},{"$i":"voice-mail-number-updated","$v":"Numéro de la messagerie vocale mis à jour"},{"$i":"found-duplicates-message","$v":"Des renseignements en double ont été trouvés dans les contacts suivants. Voulez-vous les fusionner?"},{"$i":"confirm-to-merge-contacts","$v":["Voulez-vous vraiment fusionner ",{"t":"idOrVar","v":"n"}," contacts avec",{"t":"idOrVar","v":"name"},"?"]},{"$i":"contact-merged","$v":"Contact fusionné"},{"$i":"find-duplicate-contacts","$v":"Chercher des contacts en double"},{"$i":"no-duplicate-contact-found","$v":"Aucun contact en double n'a été trouvé."},{"$i":"merge","$v":"Fusionner"},{"$i":"find-dup","$v":"Chercher des contacts en double"},{"$i":"find-dup-title","$v":"Chercher des contacts en double"},{"$i":"finding-dup-message","$v":"Recherche de contacts en double..."},{"$i":"dup-found-title","$v":"Doublons trouvés"},{"$i":"dup-found-message","$v":"Des données en double ont été trouvées dans les contacts suivants. Voulez-vous les fusionner?"},{"$i":"no-dup-found","$v":"Aucun doublon trouvé"},{"$i":"merge-conflict-warn","$v":["Les données suivantes seront remplacées par '",{"t":"idOrVar","v":"name"},"' :"]},{"$i":"merge-conflict-confirm","$v":"Voulez-vous vraiment fusionner les contacts?"},{"$i":"add-favorite","$v":"Ajouter aux favoris"},{"$i":"remove-favorite","$v":"Retirer des favoris"},{"$i":"favorite-contacts","$v":"Contacts favoris"},{"$i":"add-block","$v":"Bloquer ce numéro"},{"$i":"remove-block","$v":"Débloquer ce numéro"},{"$i":"add-block-email","$v":"Bloquer ce courriel"},{"$i":"remove-block-email","$v":"Débloquer cette adresse courriel"},{"$i":"add-block-contact-warning","$v":"Vous ne recevrez pas d'appels téléphoniques ni de messages des personnes sur la liste de blocage."},{"$i":"add-block-email-warning","$v":"Vous ne recevrez pas de messages de cette adresse de courriel."},{"$i":"block","$v":"Bloquer"},{"$i":"unblock","$v":"Débloquer"},{"$i":"block-contacts","$v":"Bloquer les contacts"},{"$i":"add-block-header","$v":"Ajouter un numéro bloqué"},{"$i":"remove-block-alert","$v":"Retiré des contacts bloqués."},{"$i":"duplicate-block-number","$v":"Impossible d’ajouter un numéro en double."},{"$i":"sort-contacts","$v":"Trier les contacts"},{"$i":"sort-by-first-name","$v":"Triez par prénom"},{"$i":"sort-by-last-name","$v":"Triez par nom de famille"},{"$i":"no-support-open-multi-vcard","$v":"Impossible d'ouvrir une vCard avec plusieurs contacts"},{"$i":"import","$v":"Importer"},{"$i":"sdcard","$v":"Carte mémoire"},{"$i":"simcard","$v":"Carte SIM"},{"$i":"import-contacts","$v":"Importer des contacts"},{"$i":"simContacts-error","$v":"Impossible d'importer des contacts à partir de la carte SIM"},{"$i":"memoryCardContacts-error","$v":"Impossible d'importer des contacts à partir de la carte mémoire"},{"$i":"novCardFiles","$v":"Aucun fichier de contacts disponible sur la carte mémoire."},{"$i":"fullDiskSpace-error","$v":"Le stockage est plein, échec d'importation des contacts."},{"$i":"socialServiceContacts-error","$v":["Impossible d'importer les contacts de ",{"t":"idOrVar","v":"service"}]},{"$i":"socialServiceContacts-noNetwork","$v":["Aucune connexion Internet; échec d’importation des contacts de ",{"t":"idOrVar","v":"service"},"."]},{"$i":"simContacts-reading","$v":"Lecture des contacts à partir de la carte SIM en cours..."},{"$i":"memoryCardContacts-reading","$v":"Lecture des contacts à partir de la carte mémoire en cours..."},{"$i":"importContactsTitle","$v":"Importer des contacts"},{"$i":"retry","$v":"Réessayer"},{"$i":"noSimMsg","$v":"Pour importer des contacts, insérez ou déverrouillez votre carte SIM."},{"$i":"noSdcardMsg","$v":"Pour importer des contacts, insérez la carte mémoire"},{"$i":"not-imported","$v":"Non importé"},{"$i":"imported","$v":"Importé"},{"$i":"importing","$v":"Importation en cours"},{"$i":"contact-imported","$v":[{"t":"idOrVar","v":"imported"}," contacts importés. ",{"t":"idOrVar","v":"dupes"}," contacts fusionnés."]},{"$i":"contact-imported2","$v":{"one":"1 contact importé.","zero":"Aucun contact importé.","few":[{"t":"idOrVar","v":"imported"}," contacts importés."],"many":[{"t":"idOrVar","v":"imported"}," contacts importés."],"other":[{"t":"idOrVar","v":"imported"}," contacts importés."],"two":[{"t":"idOrVar","v":"imported"}," contacts importés."]},"$x":[{"t":"idOrVar","v":"plural"},"imported"]},{"$i":"reading-contacts-from-sim","$v":"Lecture des contacts de la carte SIM..."},{"$i":"reading-contacts-from-gmail","$v":"Lecture des contacts de Gmail..."},{"$i":"reading-contacts-from-live","$v":"Lecture des contacts d’Outlook..."},{"$i":"reading-contacts-from-sd","$v":"Lecture des contacts de la carte mémoire..."},{"$i":"reading-contacts-from-vcard","$v":"Lecture des contacts du fichier..."},{"$i":"importing-contacts-from-sim","$v":"Importation des contacts de la carte SIM..."},{"$i":"importing-contacts-from-gmail","$v":"Importation des contacts de Gmail..."},{"$i":"importing-contacts-from-live","$v":"Importation des contacts d’Outlook..."},{"$i":"importing-contacts-from-sd","$v":"Importation des contacts de la carte mémoire..."},{"$i":"importing-contacts-from-vcard","$v":"Importation des contacts du fichier..."},{"$i":"connect-network-to-import","$v":"Pour importer des contacts, connectez-vous à un réseau de données ou Wi-Fi"},{"$i":"importing-confirm","$v":["Importer ",{"t":"idOrVar","v":"n"}," contact(s) du fichier « ",{"t":"idOrVar","v":"fileName"}," »?"]},{"$i":"importing-cancel-confirm","$v":"L'importation sera arrêtée si vous fermez cet écran. Voulez-vous quand même le fermer?"},{"$i":"import-contact-failed","$v":"Échec d'importation de contact"},{"$i":"phone-storage-full","$v":"Stockage du téléphone plein"},{"$i":"import-contact-storage-full","$v":"Échec d'importation de contacts. Supprimer des données d'application pour libérer de l'espace."},{"$i":"contact-import-error-disk-full","$v":"Importation des contacts incomplète, car le stockage est plein. Supprimer des données d'application pour libérer de l'espace."},{"$i":"contact-import-error-sim-full","$v":"Importation des contacts non terminée car la carte SIM est pleine."},{"$i":"contact-import-error-unknown","$v":"Importation des contacts non terminée en raison d'une erreur."},{"$i":"import-contacts-canceled","$v":"Importation des contacts annulée."},{"$i":"close","$v":"Fermer"},{"$i":"import-process-cancel","$v":"Processus d’importation annulé."},{"$i":"import-limit-header","$v":"Limite de taille de fichier dépassée"},{"$i":"inner-import-limit-content","$v":"Les fichiers de contacts dont la taille dépasse 10 Mo n’ont pas été importés."},{"$i":"activity-import-limit-contact","$v":"Échec d’importation des contacts, car la limite de taille de fichier est dépassée."},{"$i":"activity-import-limit-additional","$v":"(La taille du fichier doit être inférieure à 10 Mo.)"},{"$i":"bluetooth","$v":"Bluetooth"},{"$i":"export","$v":"Exporter"},{"$i":"export-contacts","$v":"Exporter des contacts"},{"$i":"simExport-title","$v":"Exporter vers la SIM"},{"$i":"memoryCardExport-title","$v":"Exporter vers la carte mémoire"},{"$i":"btExport-title","$v":"Exporter vers Bluetooth"},{"$i":"noSimMsgExport","$v":"Pour exporter des contacts, insérez ou déverrouillez votre carte SIM."},{"$i":"noSdcardExport","$v":"Pour exporter des contacts, insérez une carte mémoire."},{"$i":"bluetoothNoConnection","$v":"Connectez-vous à un appareil Bluetooth pour exporter les contacts."},{"$i":"contact-exported","$v":[{"t":"idOrVar","v":"exported"}," contacts exportés."]},{"$i":"contact-exported2","$v":{"zero":"Aucun contact exporté.","one":"1 contact exporté.","few":[{"t":"idOrVar","v":"exported"}," contacts exportés."],"many":[{"t":"idOrVar","v":"exported"}," contacts exportés."],"other":[{"t":"idOrVar","v":"exported"}," contacts exportés."],"two":[{"t":"idOrVar","v":"exported"}," contacts exportés."]},"$x":[{"t":"idOrVar","v":"plural"},"exported"]},{"$i":"export-contact-failed","$v":"Échec de l'exportation du contact"},{"$i":"contact-export-error-sim-full","$v":"L'exportation des contacts a échoué car la carte SIM est pleine."},{"$i":"contact-export-error-sd-full","$v":"Exportation des contacts incomplète, car la carte mémoire est pleine."},{"$i":"contact-export-error-unknown","$v":"Exportation des contacts non terminée en raison d'une erreur."},{"$i":"contact-export-canceled","$v":"Exportation annulée."},{"$i":"save","$v":"Enregistrer"},{"$i":"back","$v":"Arrière"},{"$i":"givenName","$v":"Prénom"},{"$i":"familyName","$v":"Nom de famille"},{"$i":"name","$v":"Nom"},{"$i":"org","$v":"Compagnie"},{"$i":"ringtone","$v":"Sonnerie"},{"$i":"note","$v":"Note"},{"$i":"photo","$v":"Image"},{"$i":"email","$v":"Courriel"},{"$i":"adr","$v":"Adresse"},{"$i":"custom","$v":"Sur mesure"},{"$i":"confirm-discard-contact-data","$v":"Les informations du contact seront rejetées. Voulez-vous enregistrer ce contact?"},{"$i":"confirm-discard-contact-update-data","$v":"Les modifications seront annulées. Voulez-vous enregistrer ce contact?"},{"$i":"discard-contact-data","$v":"Les modifications seront annulées."},{"$i":"discard","$v":"Ignorer"},{"$i":"add-others","$v":"Ajouter d'autres renseignements"},{"$i":"custom-label","$v":"Étiquette personnalisée"},{"$i":"input-the-custom-type","$v":"Veuillez définir le type personnalisé"},{"$i":"contact-added","$v":"Contact ajouté."},{"$i":"delete-prompt-message","$v":["Supprimer ",{"t":"idOrVar","v":"field"},"?"]},{"$i":"delete-photo-msg","$v":"image"},{"$i":"delete-ringtone-msg","$v":"sonnerie"},{"$i":"delete-bday-msg","$v":"anniversaire"},{"$i":"delete-note-msg","$v":"remarque"},{"$i":"delete-org-msg","$v":"entreprise"},{"$i":"personal","$v":"Personnel"},{"$i":"mobile","$v":"Cellulaire"},{"$i":"current","$v":"Actuel"},{"$i":"home","$v":"Domicile"},{"$i":"work","$v":"Travail"},{"$i":"other","$v":"Autre"},{"$i":"fax-home","$v":"Télécopieur à la maison"},{"$i":"fax-office","$v":"Télécopieur au travail"},{"$i":"fax-other","$v":"Télécopieur - autre"},{"$i":"add-phone","$v":"Ajouter un numéro de téléphone"},{"$i":"add-tel","$v":"Ajouter un numéro de tél."},{"$i":"add-email","$v":"Aj. une adresse courriel"},{"$i":"add-ringtone","$v":"Ajouter une sonnerie"},{"$i":"add-adr","$v":"Ajouter une adresse"},{"$i":"add-bday","$v":"Ajouter date de naissance"},{"$i":"add-photo","$v":"Ajouter une image"},{"$i":"add-note","$v":"Ajouter une note"},{"$i":"add-org","$v":"Ajouter une entreprise"},{"$i":"add-tel-number","$v":"Ajouter un numéro de téléphone"},{"$i":"delete-tel","$v":"Supprimer le numéro de téléphone"},{"$i":"delete-email","$v":"Supprimer le courriel"},{"$i":"delete-ringtone","$v":"Supprimer la sonnerie"},{"$i":"delete-adr","$v":"Supprimer l'adresse"},{"$i":"delete-bday","$v":"Supprimer la date de naissance"},{"$i":"delete-photo","$v":"Supprimer l'image"},{"$i":"delete-note","$v":"Supprimer la note"},{"$i":"delete-org","$v":"Supprimer l'entreprise"},{"$i":"edit-tel-type","$v":"Modifier le type de téléphone"},{"$i":"edit-email-type","$v":"Modifier le type de courriel"},{"$i":"edit-adr-type","$v":"Modifier le type d'adresse"},{"$i":"edit-bday-type","$v":"Modifier la date de naissance"},{"$i":"replace-photo","$v":"Changer la photo"},{"$i":"replace-ringtone","$v":"Modifier la sonnerie"},{"$i":"mobile-tel","$v":"Téléphone cellulaire"},{"$i":"home-tel","$v":"Téléphone du domicile"},{"$i":"work-tel","$v":"Téléphone au travail"},{"$i":"personal-tel","$v":"Téléphone personnel"},{"$i":"fax-home-tel","$v":"Télécopieur du domicile"},{"$i":"fax-office-tel","$v":"Télécopieur du bureau"},{"$i":"fax-other-tel","$v":"Autre télécopieur"},{"$i":"other-tel","$v":"Autre téléphone"},{"$i":"personal-email","$v":"Courriel personnel"},{"$i":"work-email","$v":"Courriel au travail"},{"$i":"other-email","$v":"Autre courriel"},{"$i":"custom-email","$v":["Courriel ",{"t":"idOrVar","v":"type"}]},{"$i":"custom-tel","$v":["Téléphone ",{"t":"idOrVar","v":"type"}]},{"$i":"personal-adr","$v":"Adresse personnelle"},{"$i":"current-adr","$v":"Adresse actuelle"},{"$i":"home-adr","$v":"Adresse du domicile"},{"$i":"work-adr","$v":"Adresse au travail"},{"$i":"custom-adr","$v":["Adresse ",{"t":"idOrVar","v":"type"}]},{"$i":"bday","$v":"Date de naissance"},{"$i":"birthday","$v":"Date de naissance"},{"$i":"streetAddress","$v":"Rue"},{"$i":"locality","$v":"Ville"},{"$i":"postalCode","$v":"Code postal"},{"$i":"countryName","$v":"Pays"},{"$i":"region","$v":"Province/État"},{"$i":"no-name","$v":"Aucun nom"},{"$i":"new-contact","$v":"Nouveau"},{"$i":"options","$v":"Options"},{"$i":"cancel","$v":"Annuler"},{"$i":"settings","$v":"Réglages"},{"$i":"edit","$v":"Modifier"},{"$i":"share","$v":"Partager"},{"$i":"remove","$v":"Supprimer"},{"$i":"compose","$v":"Composer"},{"$i":"new-contact-title","$v":"Nouveau contact"},{"$i":"edit-title","$v":"Modifier le contact"},{"$i":"music","$v":"Musique"},{"$i":"adr-type","$v":"Type d’adresse"},{"$i":"email-type","$v":"Type d’adresse de courriel"},{"$i":"tel-type","$v":"Type de téléphone"},{"$i":"ICEContactsGroup","$v":"Contacts ICE"},{"$i":"setICEButton","$v":"Déf. contacts d'urgence"},{"$i":"ICESettingTitle","$v":"Contacts ICE"},{"$i":"ICEDescription","$v":"Ajouter cinq contacts pour les appels en cas d'urgence."},{"$i":"ICEContact","$v":["Contact d'urgence ",{"t":"idOrVar","v":"n"}]},{"$i":"ICESelectContact","$v":"Sélectionnez un contact"},{"$i":"delete-ice-contact-warning","$v":"Êtes-vous certain de vouloir supprimer le contact ICE?"},{"$i":"confirm","$v":"Confirmation"},{"$i":"add-ice-failed","$v":"Échec de l'ajout ICE"},{"$i":"create-group","$v":"Créer un groupe"},{"$i":"group-name","$v":"Nom du groupe"},{"$i":"group","$v":"Groupe"},{"$i":"new-group-created","$v":"Nouveau groupe créé."},{"$i":"create-group-failed","$v":"Échec de création du groupe."},{"$i":"create-group-too-many","$v":["Vous pouvez créer un maximum de ",{"t":"idOrVar","v":"number"}," groupes."]},{"$i":"create-group-duplicate","$v":"Nom en double."},{"$i":"rename-group-failed","$v":"Impossible de renommer le groupe."},{"$i":"new-group","$v":"Nouveau"},{"$i":"rename","$v":"Renommer"},{"$i":"duplicate-removed","$v":"Contact(s) en double retiré(s)."},{"$i":"add-to-group","$v":"Ajouter au groupe"},{"$i":"remove-from-group","$v":"Retirer du groupe"},{"$i":"added-to","$v":["Ajouté à ",{"t":"idOrVar","v":"group"}]},{"$i":"removed-from","$v":["Retiré de ",{"t":"idOrVar","v":"group"}]},{"$i":"select-group","$v":"Sélectionner un groupe"},{"$i":"rename-group","$v":"Renommer le groupe"},{"$i":"delete-group","$v":["Voulez-vous vraiment supprimer ",{"t":"idOrVar","v":"group"},"?"]},{"$i":"unable-add-warn","$v":"Impossible d’ajouter le contact du compte au groupe."},{"$i":"edit-contact","$v":"Modifier le contact"},{"$i":"send-message","$v":"Envoyer le message"},{"$i":"call","$v":"Appeler"},{"$i":"call-sim-1","$v":"Appeler - SIM 1"},{"$i":"call-sim-2","$v":"Appeler - SIM 2"},{"$i":"send-email","$v":"Envoyer un courriel"},{"$i":"choose-number","$v":"Sélectionner un numéro"},{"$i":"choose-email-address","$v":"Sélectionner une adresse courriel"},{"$i":"delete","$v":"Supprimer"},{"$i":"select","$v":"Sélectionner"},{"$i":"select-all","$v":"Sélectionner tout"},{"$i":"select-all2","$v":"Tout"},{"$i":"deselect-all","$v":"Désélection globale"},{"$i":"deselect-all2","$v":"Aucun"},{"$i":"deselect","$v":"Désélectionner"},{"$i":"selected-contacts","$v":{"few":[{"t":"idOrVar","v":"n"}," sélectionnés"],"many":[{"t":"idOrVar","v":"n"}," sélectionnés"],"one":[{"t":"idOrVar","v":"n"}," sélectionné"],"other":[{"t":"idOrVar","v":"n"}," sélectionnés"],"two":[{"t":"idOrVar","v":"n"}," sélectionnés"],"zero":[{"t":"idOrVar","v":"n"}," sélectionnés"]},"$x":[{"t":"idOrVar","v":"plural"},"n"]},{"$i":"massive-delete","$v":"Supprimer des contacts"},{"$i":"confirm-contact-delete","$v":["Voulez-vous vraiment supprimer le contact \"",{"t":"idOrVar","v":"name"},"\" ?"]},{"$i":"DeletedTxt","$v":{"few":[{"t":"idOrVar","v":"n"}," contacts retirés"],"many":[{"t":"idOrVar","v":"n"}," contacts retirés"],"one":"1 contact retiré","other":[{"t":"idOrVar","v":"n"}," contacts retirés"],"two":[{"t":"idOrVar","v":"n"}," contacts retirés"],"zero":"Aucun contact à supprimer"},"$x":[{"t":"idOrVar","v":"plural"},"n"]},{"$i":"DeletingContacts","$v":"Supprimer des contacts"},{"$i":"DeletingContactsProgressing","$v":"Suppression du contact"},{"$i":"ContactConfirmDel","$v":{"few":["Supprimer ",{"t":"idOrVar","v":"n"}," contacts? Ceci ne peut pas être défait."],"many":["Supprimer ",{"t":"idOrVar","v":"n"}," contacts? Ceci ne peut pas être défait."],"one":"Supprimer 1 contact? Ceci ne peut pas être défait.","other":["Supprimer ",{"t":"idOrVar","v":"n"}," contacts? Ceci ne peut pas être défait."],"two":["Supprimer ",{"t":"idOrVar","v":"n"}," contacts? Ceci ne peut pas être défait."],"zero":"Aucun contact à supprimer"},"$x":[{"t":"idOrVar","v":"plural"},"n"]},{"$i":"contact-deleted","$v":{"zero":"Aucun contact supprimé","one":"1 contact supprimé","few":[{"t":"idOrVar","v":"n"}," contacts supprimés"],"many":[{"t":"idOrVar","v":"n"}," contacts supprimés"],"other":[{"t":"idOrVar","v":"n"}," contacts supprimés"],"two":[{"t":"idOrVar","v":"n"}," contacts supprimés"]},"$x":[{"t":"idOrVar","v":"plural"},"n"]},{"$i":"a-contact-deleted","$v":"Contact supprimé."},{"$i":"settings-title","$v":"Paramètres du contact"},{"$i":"change-will-update-until-restart","$v":"Les modifications seront mises à jour la prochaine fois que vous ouvrirez les contacts."},{"$i":"transfer-contacts","$v":"Transférer les contacts"},{"$i":"service-number","$v":"Numéro de service"},{"$i":"no-contacts-found","$v":"Aucune correspondance trouvée."},{"$i":"search","$v":"Rechercher dans les contacts","placeholder":"Rechercher dans les contacts"},{"$i":"search-option","$v":"Chercher"},{"$i":"accounts","$v":"Comptes"},{"$i":"account","$v":"Gestionnaire de compte"},{"$i":"add-account","$v":"Configuration manuelle"},{"$i":"add-account-failed","$v":"Une erreur inconnue s'est produite, veuillez réessayer plus tard."},{"$i":"duplicate-account-warn","$v":"Ce compte existe déjà. La synchronisation est activée."},{"$i":"setting-up-account","$v":"Configuration du compte"},{"$i":"no-network-warn","$v":"Aucune connexion Internet."},{"$i":"username","$v":"Nom d'utilisateur"},{"$i":"password","$v":"Mot de passe"},{"$i":"delete-account","$v":"Supprimer compte"},{"$i":"delete-account-long","$v":"Supprimer le compte"},{"$i":"delete-account-warn","$v":"Si vous supprimez ce compte, les applications qui utilisent ce compte seront aussi affectées."},{"$i":"deleting-account","$v":"Suppression du compte"},{"$i":"delete-account-failed","$v":"Échec de suppression du compte, réessayer plus tard."},{"$i":"delete-account-ok","$v":"Compte supprimé."},{"$i":"sync","$v":"Synchronisation"},{"$i":"sync-title","$v":"Synchronisation des contacts"},{"$i":"sync-failed-warn","$v":"Échec de la synchronisation."},{"$i":"sync-off-warn","$v":"La synchronisation est désactivée sous Paramètres."},{"$i":"show-account-contacts","$v":"Afficher les contacts du compte"},{"$i":"sync-account-contacts","$v":"Synchroniser les contacts du compte"},{"$i":"sync-account-contacts-warning","$v":["Aucune modification des contacts du compte ne sera synchronisée si \"",{"t":"idOrVar","v":"switch"},"\" est désélectionné; voulez-vous quand même le désélectionner?"]},{"$i":"yes","$v":"Oui"},{"$i":"all-contacts-synced","$v":"Tous les contacts sont synchronisés."},{"$i":"contact-syncing","$v":"Synchronisation des contacts..."},{"$i":"contacts-sync-limit-exceed","$v":"La synchronisation des contacts incomplète, car la limite de contacts est atteinte."},{"$i":"show-password","$v":"Afficher le mot de passe"},{"$i":"password-incorrect","$v":"Mot de passe incorrect."},{"$i":"re-enter-password","$v":"Saisir le mot de passe de nouveau"},{"$i":"accessing-warn","$v":"Un problème s'est produit pendant l'accès à votre compte."},{"$i":"accessing-warn-password","$v":"Saisissez le mot de passe de nouveau."},{"$i":"re-enter-password-on-setting","$v":"Saisissez le mot de passe de nouveau dans les paramètres des Contacts."},{"$i":"accessing-warn-relogin","$v":"Supprimez le compte et reconnectez-vous."},{"$i":"update-password-failed","$v":"Échec de modification du mot de passe, réessayer plus tard."},{"$i":"connect-time-out","$v":["Échec de connexion à \"",{"t":"idOrVar","v":"server"},"\". Il pourrait y avoir un problème de réseau."]},{"$i":"server-error","$v":"Serveur non disponible. Réessayez plus tard."},{"$i":"loading","$v":"Chargement..."},{"$i":"ellipsis","$v":"..."},{"$i":"stop-syncing-warn-title","$v":"Synchronisation des contacts"},{"$i":"stop-syncing-warn","$v":"La fermeture de l’application interrompra le processus de synchronisation des contacts. Voulez-vous la fermer quand même?"},{"$i":"weekday-0-long","$v":"Dimanche"},{"$i":"weekday-1-long","$v":"Lundi"},{"$i":"weekday-2-long","$v":"Mardi"},{"$i":"weekday-3-long","$v":"Mercredi"},{"$i":"weekday-4-long","$v":"Jeudi"},{"$i":"weekday-5-long","$v":"Vendredi"},{"$i":"weekday-6-long","$v":"Samedi"},{"$i":"weekday-0-short","$v":"Dim"},{"$i":"weekday-1-short","$v":"Lun"},{"$i":"weekday-2-short","$v":"Mar"},{"$i":"weekday-3-short","$v":"Mer"},{"$i":"weekday-4-short","$v":"Jeu"},{"$i":"weekday-5-short","$v":"Ven"},{"$i":"weekday-6-short","$v":"Sam"},{"$i":"month-0-long","$v":"Janvier"},{"$i":"month-1-long","$v":"Février"},{"$i":"month-2-long","$v":"Mars"},{"$i":"month-3-long","$v":"Avril"},{"$i":"month-4-long","$v":"Mai"},{"$i":"month-5-long","$v":"Juin"},{"$i":"month-6-long","$v":"Juillet"},{"$i":"month-7-long","$v":"Août"},{"$i":"month-8-long","$v":"Septembre"},{"$i":"month-9-long","$v":"Octobre"},{"$i":"month-10-long","$v":"Novembre"},{"$i":"month-11-long","$v":"Décembre"},{"$i":"month-0-genitive","$v":"Janvier"},{"$i":"month-1-genitive","$v":"Février"},{"$i":"month-2-genitive","$v":"Mars"},{"$i":"month-3-genitive","$v":"Avril"},{"$i":"month-4-genitive","$v":"Mai"},{"$i":"month-5-genitive","$v":"Juin"},{"$i":"month-6-genitive","$v":"Juillet"},{"$i":"month-7-genitive","$v":"Août"},{"$i":"month-8-genitive","$v":"Septembre"},{"$i":"month-9-genitive","$v":"Octobre"},{"$i":"month-10-genitive","$v":"Novembre"},{"$i":"month-11-genitive","$v":"Décembre"},{"$i":"month-0-short","$v":"Jan"},{"$i":"month-1-short","$v":"Fév"},{"$i":"month-2-short","$v":"Mar"},{"$i":"month-3-short","$v":"Avr"},{"$i":"month-4-short","$v":"Mai"},{"$i":"month-5-short","$v":"Jun"},{"$i":"month-6-short","$v":"Jul"},{"$i":"month-7-short","$v":"Aoû"},{"$i":"month-8-short","$v":"Sep"},{"$i":"month-9-short","$v":"Oct"},{"$i":"month-10-short","$v":"Nov"},{"$i":"month-11-short","$v":"Déc"},{"$i":"minutes-ago-long","$v":{"few":["il y a ",{"t":"idOrVar","v":"value"}," minutes"],"many":["il y a ",{"t":"idOrVar","v":"value"}," minutes"],"other":["il y a ",{"t":"idOrVar","v":"value"}," minutes"],"two":["il y a ",{"t":"idOrVar","v":"value"}," minutes"],"one":"il y a une minute","zero":"À l'instant"},"$x":[{"t":"idOrVar","v":"plural"},"value"]},{"$i":"hours-ago-long","$v":{"few":["il y a ",{"t":"idOrVar","v":"value"}," heures"],"many":["il y a ",{"t":"idOrVar","v":"value"}," heures"],"other":["il y a ",{"t":"idOrVar","v":"value"}," heures"],"two":["il y a ",{"t":"idOrVar","v":"value"}," heures"],"one":"il y a une heure","zero":"À l'instant"},"$x":[{"t":"idOrVar","v":"plural"},"value"]},{"$i":"days-ago-long","$v":{"few":["il y a ",{"t":"idOrVar","v":"value"}," jours"],"many":["il y a ",{"t":"idOrVar","v":"value"}," jours"],"one":"hier","other":["il y a ",{"t":"idOrVar","v":"value"}," jours"],"two":["il y a ",{"t":"idOrVar","v":"value"}," jours"],"zero":"aujourd'hui"},"$x":[{"t":"idOrVar","v":"plural"},"value"]},{"$i":"weeks-ago-long","$v":{"few":["il y a ",{"t":"idOrVar","v":"value"}," semaines"],"many":["il y a ",{"t":"idOrVar","v":"value"}," semaines"],"one":"la semaine dernière","other":["il y a ",{"t":"idOrVar","v":"value"}," semaines"],"two":["il y a ",{"t":"idOrVar","v":"value"}," semaines"],"zero":"cette semaine"},"$x":[{"t":"idOrVar","v":"plural"},"value"]},{"$i":"months-ago-long","$v":{"few":["il y a ",{"t":"idOrVar","v":"value"}," mois"],"many":["il y a ",{"t":"idOrVar","v":"value"}," mois"],"one":"le mois dernier","other":["il y a ",{"t":"idOrVar","v":"value"}," mois"],"two":["il y a ",{"t":"idOrVar","v":"value"}," mois"],"zero":"ce mois"},"$x":[{"t":"idOrVar","v":"plural"},"value"]},{"$i":"years-ago-long","$v":{"few":["il y a ",{"t":"idOrVar","v":"value"}," années"],"many":["il y a ",{"t":"idOrVar","v":"value"}," années"],"one":"l'année dernière","other":["il y a ",{"t":"idOrVar","v":"value"}," années"],"two":["il y a ",{"t":"idOrVar","v":"value"}," années"],"zero":"cette année"},"$x":[{"t":"idOrVar","v":"plural"},"value"]},{"$i":"minutes-until-long","$v":{"few":["dans ",{"t":"idOrVar","v":"value"}," minutes"],"many":["dans ",{"t":"idOrVar","v":"value"}," minutes"],"other":["dans ",{"t":"idOrVar","v":"value"}," minutes"],"two":["dans ",{"t":"idOrVar","v":"value"}," minutes"],"zero":"maintenant","one":"dans une minute"},"$x":[{"t":"idOrVar","v":"plural"},"value"]},{"$i":"hours-until-long","$v":{"few":["dans ",{"t":"idOrVar","v":"value"}," heures"],"many":["dans ",{"t":"idOrVar","v":"value"}," heures"],"other":["dans ",{"t":"idOrVar","v":"value"}," heures"],"two":["dans ",{"t":"idOrVar","v":"value"}," heures"],"zero":"maintenant","one":"dans une heure"},"$x":[{"t":"idOrVar","v":"plural"},"value"]},{"$i":"days-until-long","$v":{"few":["dans ",{"t":"idOrVar","v":"value"}," jours"],"many":["dans ",{"t":"idOrVar","v":"value"}," jours"],"one":"demain","other":["dans ",{"t":"idOrVar","v":"value"}," jours"],"two":["dans ",{"t":"idOrVar","v":"value"}," jours"],"zero":"aujourd'hui"},"$x":[{"t":"idOrVar","v":"plural"},"value"]},{"$i":"weeks-until-long","$v":{"few":["dans ",{"t":"idOrVar","v":"value"}," semaines"],"many":["dans ",{"t":"idOrVar","v":"value"}," semaines"],"one":"la semaine prochaine","other":["dans ",{"t":"idOrVar","v":"value"}," semaines"],"two":["dans ",{"t":"idOrVar","v":"value"}," semaines"],"zero":"cette semaine"},"$x":[{"t":"idOrVar","v":"plural"},"value"]},{"$i":"months-until-long","$v":{"few":["dans ",{"t":"idOrVar","v":"value"}," mois"],"many":["dans ",{"t":"idOrVar","v":"value"}," mois"],"one":"le mois prochain","other":["dans ",{"t":"idOrVar","v":"value"}," mois"],"two":["dans ",{"t":"idOrVar","v":"value"}," mois"],"zero":"ce mois"},"$x":[{"t":"idOrVar","v":"plural"},"value"]},{"$i":"years-until-long","$v":{"few":["dans ",{"t":"idOrVar","v":"value"}," années"],"many":["dans ",{"t":"idOrVar","v":"value"}," années"],"one":"l'année prochaine","other":["dans ",{"t":"idOrVar","v":"value"}," années"],"two":["dans ",{"t":"idOrVar","v":"value"}," années"],"zero":"cette année"},"$x":[{"t":"idOrVar","v":"plural"},"value"]},{"$i":"minutes-ago-short","$v":{"other":["il y a ",{"t":"idOrVar","v":"value"}," m"],"zero":"À l'instant"},"$x":[{"t":"idOrVar","v":"plural"},"value"]},{"$i":"hours-ago-short","$v":{"other":["il y a ",{"t":"idOrVar","v":"value"}," h"],"zero":"À l'instant"},"$x":[{"t":"idOrVar","v":"plural"},"value"]},{"$i":"days-ago-short","$v":{"other":["il y a ",{"t":"idOrVar","v":"value"}," j"],"zero":"aujourd'hui"},"$x":[{"t":"idOrVar","v":"plural"},"value"]},{"$i":"minutes-until-short","$v":{"other":["dans ",{"t":"idOrVar","v":"value"}," m"],"zero":"maintenant"},"$x":[{"t":"idOrVar","v":"plural"},"value"]},{"$i":"hours-until-short","$v":{"other":["dans ",{"t":"idOrVar","v":"value"}," h"],"zero":"maintenant"},"$x":[{"t":"idOrVar","v":"plural"},"value"]},{"$i":"days-until-short","$v":{"other":["dans ",{"t":"idOrVar","v":"value"}," j"],"zero":"aujourd'hui"},"$x":[{"t":"idOrVar","v":"plural"},"value"]},{"$i":"incorrectDate","$v":"(date erronée)"},{"$i":"dateTimeFormat_%c","$v":"%a %b %e %Y %I:%M:%S %p"},{"$i":"dateTimeFormat_%x","$v":"%m/%d/%Y"},{"$i":"dateTimeFormat_%X","$v":"%I:%M:%S %p"},{"$i":"shortTimeFormat","$v":"%I:%M %p"},{"$i":"shortTimeFormat12","$v":"%I:%M %p"},{"$i":"shortTimeFormat24","$v":"%H:%M"},{"$i":"shortDateTimeFormat","$v":"%x %I:%M %p"},{"$i":"weekStartsOnMonday","$v":"0.0"},{"$i":"firstDayOfTheWeek","$v":"0.0"},{"$i":"time_am","$v":"AM"},{"$i":"time_pm","$v":"PM"},{"$i":"sim-with-index-and-carrier","$v":["SIM ",{"t":"idOrVar","v":"index"}," - ",{"t":"idOrVar","v":"carrier"}]},{"$i":"sim-without-carrier","$v":["SIM ",{"t":"idOrVar","v":"index"}]}]