[{"$i":"contacts","$v":"Contacts"},{"$i":"view","$v":"Voir"},{"$i":"no-contacts","$v":"Aucun contact"},{"$i":"reading-contacts","$v":"Chargement des contacts"},{"$i":"start-adding","$v":"Appuyez sur Nouveau ou accédez à Paramètres pour ajouter des contacts."},{"$i":"no-contact-available","$v":"Aucun contact disponible"},{"$i":"requested-contact-not-available","$v":"Informations demandées indisponibles sur les contacts existants"},{"$i":"cannot-add-as-empty","$v":"Ajout aux contacts impossible, car votre liste de contacts est vide"},{"$i":"ok","$v":"OK"},{"$i":"no-phone-number-to-dial","$v":"Aucun numéro de téléphone à composer"},{"$i":"video-call","$v":"Appel visio"},{"$i":"rtt-call","$v":"Appel TTR"},{"$i":"select-a-contact","$v":"Choisir un contact"},{"$i":"multi-pick-max-warn","$v":["Sélection limitée à : ",{"t":"idOrVar","v":"n"}]},{"$i":"add-contact-failed","$v":"Échec d’ajout de contact"},{"$i":"no-sim-card-available","$v":"Aucune carte SIM disponible"},{"$i":"email-cannot-add-to-sim","$v":"L’adresse e-mail n’est pas prise en charge par la mémoire sélectionnée."},{"$i":"add-info-failed","$v":"Échec d’ajout d’infos"},{"$i":"no-contact-to-add","$v":"Aucun contact n’est disponible pour l’ajout."},{"$i":"move","$v":"Déplacer"},{"$i":"copy","$v":"Copier"},{"$i":"copy-contacts","$v":"Copier des contacts"},{"$i":"move-contacts","$v":"Déplacer des contacts"},{"$i":"phone-memory","$v":"Mémoire interne"},{"$i":"sim-memory","$v":"Mémoire de la carte SIM"},{"$i":"sim-0-memory","$v":"Mémoire de la carte SIM 1"},{"$i":"sim-1-memory","$v":"Mémoire de la carte SIM 2"},{"$i":"move-from","$v":"Déplacer depuis"},{"$i":"copy-from","$v":"Copie depuis"},{"$i":"to","$v":"À :"},{"$i":"move-contacts-progressing","$v":"Déplacement en cours…"},{"$i":"copy-contacts-progressing","$v":"Copie en cours..."},{"$i":"contact-move-to-sim","$v":{"few":[{"t":"idOrVar","v":"migrated"}," contacts déplacés vers la carte SIM."],"many":[{"t":"idOrVar","v":"migrated"}," contacts déplacés vers la carte SIM."],"one":"1 contact déplacé vers la carte SIM.","other":[{"t":"idOrVar","v":"migrated"}," contact déplacé vers la carte SIM."],"two":[{"t":"idOrVar","v":"migrated"}," contacts déplacés vers la carte SIM."],"zero":"Aucun contact déplacé vers la carte SIM."},"$x":[{"t":"idOrVar","v":"plural"},"migrated"]},{"$i":"contact-copy-to-sim","$v":{"few":[{"t":"idOrVar","v":"migrated"}," contacts copiés sur la carte SIM."],"many":[{"t":"idOrVar","v":"migrated"}," contacts copiés sur la carte SIM."],"one":"1 contact copié sur la carte SIM.","other":[{"t":"idOrVar","v":"migrated"}," contact copié sur la carte SIM."],"two":[{"t":"idOrVar","v":"migrated"}," contacts copiés sur la carte SIM."],"zero":"Aucun contact copié sur la carte SIM."},"$x":[{"t":"idOrVar","v":"plural"},"migrated"]},{"$i":"contact-move-to-sim0","$v":{"few":[{"t":"idOrVar","v":"migrated"}," contacts déplacés vers la carte SIM 1."],"many":[{"t":"idOrVar","v":"migrated"}," contacts déplacés vers la carte SIM 1."],"one":"1 contact déplacé vers la carte SIM 1.","other":[{"t":"idOrVar","v":"migrated"}," contact déplacé vers la carte SIM 1."],"two":[{"t":"idOrVar","v":"migrated"}," contacts déplacés vers la carte SIM 1."],"zero":"Aucun contact déplacé vers la carte SIM 1."},"$x":[{"t":"idOrVar","v":"plural"},"migrated"]},{"$i":"contact-copy-to-sim0","$v":{"few":[{"t":"idOrVar","v":"migrated"}," contacts copiés sur la carte SIM 1."],"many":[{"t":"idOrVar","v":"migrated"}," contacts copiés sur la carte SIM 1."],"one":"1 contact copié sur la carte SIM 1.","other":[{"t":"idOrVar","v":"migrated"}," contact copié sur la carte SIM 1."],"two":[{"t":"idOrVar","v":"migrated"}," contacts copiés sur la carte SIM 1."],"zero":"Aucun contact copié sur la carte SIM 1."},"$x":[{"t":"idOrVar","v":"plural"},"migrated"]},{"$i":"contact-move-to-sim1","$v":{"few":[{"t":"idOrVar","v":"migrated"}," contacts déplacés vers la carte SIM 2."],"many":[{"t":"idOrVar","v":"migrated"}," contacts déplacés vers la carte SIM 2."],"one":"1 contact déplacé vers la carte SIM 2.","other":[{"t":"idOrVar","v":"migrated"}," contact déplacé vers la carte SIM 2."],"two":[{"t":"idOrVar","v":"migrated"}," contacts déplacés vers la carte SIM 2."],"zero":"Aucun contact déplacé vers la carte SIM 2."},"$x":[{"t":"idOrVar","v":"plural"},"migrated"]},{"$i":"contact-copy-to-sim1","$v":{"few":[{"t":"idOrVar","v":"migrated"}," contacts copiés sur la carte SIM 2."],"many":[{"t":"idOrVar","v":"migrated"}," contacts copiés sur la carte SIM 2."],"one":"1 contact copié sur la carte SIM 2.","other":[{"t":"idOrVar","v":"migrated"}," contact copié sur la carte SIM 2."],"two":[{"t":"idOrVar","v":"migrated"}," contacts copiés sur la carte SIM 2."],"zero":"Aucun contact copié sur la carte SIM 2."},"$x":[{"t":"idOrVar","v":"plural"},"migrated"]},{"$i":"contact-move-to-device","$v":{"one":"1 contact déplacé vers l’appareil.","zero":"Aucun contact déplacé vers l’appareil.","few":[{"t":"idOrVar","v":"migrated"}," contacts déplacés vers l’appareil."],"many":[{"t":"idOrVar","v":"migrated"}," contacts déplacés vers l’appareil."],"other":[{"t":"idOrVar","v":"migrated"}," contact déplacé vers l’appareil."],"two":[{"t":"idOrVar","v":"migrated"}," contacts déplacés vers l’appareil."]},"$x":[{"t":"idOrVar","v":"plural"},"migrated"]},{"$i":"contact-copy-to-device","$v":{"one":"1 contact copié vers l’appareil.","zero":"Aucun contact copié vers l’appareil.","few":[{"t":"idOrVar","v":"migrated"}," contacts copiés dans l’appareil."],"many":[{"t":"idOrVar","v":"migrated"}," contacts copiés dans l’appareil."],"other":[{"t":"idOrVar","v":"migrated"}," contact copié dans l’appareil."],"two":[{"t":"idOrVar","v":"migrated"}," contacts copiés dans l’appareil."]},"$x":[{"t":"idOrVar","v":"plural"},"migrated"]},{"$i":"copy-contact-failed","$v":"Échec de copie des contacts"},{"$i":"move-contact-failed","$v":"Échec de déplacement des contacts"},{"$i":"contact-copy-error-sim-full","$v":"La copie des contacts est incomplète, car la carte SIM est pleine."},{"$i":"contact-copy-error-unknown","$v":"La copie des contacts est incomplète en raison d’une erreur."},{"$i":"contact-copy-error-limit-exceeded","$v":"La copie des contacts est incomplète, car la limite du nombre de contacts est dépassée."},{"$i":"contact-move-error-sim-full","$v":"Le déplacement des contacts est incomplet, car la carte SIM est pleine."},{"$i":"contact-move-error-unknown","$v":"Le déplacement des contacts est incomplet en raison d’une erreur."},{"$i":"contact-move-error-limit-exceeded","$v":"Le déplacement des contacts est incomplet, car la limite du nombre de contacts est dépassée."},{"$i":"contact-save-error-unknown","$v":"L’enregistrement des contacts est incomplet en raison d’une erreur."},{"$i":"memory","$v":"Mémoire"},{"$i":"phone-and-sim","$v":"Téléphone et carte SIM"},{"$i":"phone","$v":"Menu système"},{"$i":"sim","$v":"Carte SIM"},{"$i":"reloading-contact","$v":"Rechargement des contacts…"},{"$i":"contact-reloaded","$v":"Contacts rechargés"},{"$i":"message","$v":"Message"},{"$i":"changes-saved","$v":"Les modifications sont enregistrées."},{"$i":"already-ice-contact","$v":"Le contact sélectionné est déjà un contact d’appel d’urgence."},{"$i":"phone-contacts-limit-exceeded","$v":"Le nombre de contacts sur le téléphone est dépassée."},{"$i":"sim-contacts-limit-exceeded","$v":"Le nombre de contacts SIM est dépassée."},{"$i":"more-info","$v":"Plus"},{"$i":"callAirplaneModeTitle","$v":"Mode avion activé"},{"$i":"callAirplaneModeMessage","$v":"Afin de passer un appel vous devez désactiver le mode avion dans les paramètres."},{"$i":"emergencyDialogTitle","$v":"Pas de réseau"},{"$i":"emergencyDialogBodyBadNumber","$v":"Afin d’appeler, vous devez d’abord avoir une couverture réseau."},{"$i":"emergencyDialogBodyDeviceNotAccepted","$v":"Appels d’urgence non autorisés par le réseau."},{"$i":"invalidNumberToDialTitle","$v":"Numéro de téléphone non valide"},{"$i":"invalidNumberToDialMessage","$v":"Le numéro de téléphone que vous essayez de joindre n’est pas valide."},{"$i":"invalidNumberToSendTitle","$v":"Numéro de téléphone non valide"},{"$i":"invalidNumberToSendMessage","$v":"Le numéro de téléphone auquel vous envoyez un message n’est pas valide."},{"$i":"emergency-call-only","$v":"Appel d'urgence uniquement"},{"$i":"emergency-call-error","$v":[{"t":"idOrVar","v":"number"}," n’est pas un numéro d’urgence."]},{"$i":"numberIsBusyTitle","$v":"Numéro occupé"},{"$i":"numberIsBusyMessage","$v":"Le numéro est actuellement occupé. Veuillez réessayer plus tard."},{"$i":"fdnIsActiveTitle","$v":"Numéros autorisés activés"},{"$i":"fdnIsActiveMessage","$v":["Les numéros autorisés (ou NF pour numéros fixes) sont activés et le numéro suivant ne fait pas partie de votre liste NF : ",{"t":"idOrVar","v":"number"}]},{"$i":"otherConnectionInUseTitle","$v":"Autre ligne active"},{"$i":"otherConnectionInUseMessage","$v":"Un appel est déjà en cours sur une autre ligne. Vous ne pouvez utiliser qu’une ligne à la fois."},{"$i":"GenericFailure","$v":"Échec générique"},{"$i":"CallFailed","$v":"Échec de l’appel"},{"$i":"scCallBarring","$v":"Interdiction d’appels"},{"$i":"scCallForwarding","$v":"Transfert d’appel"},{"$i":"scClip","$v":"Numéro de l'appelant (entrant)"},{"$i":"scClir","$v":"Numéro de l'appelant (sortant)"},{"$i":"scPwd","$v":"Modification du mot de passe"},{"$i":"scCallWaiting","$v":"Appel en attente"},{"$i":"scPin","$v":"Changement du code PIN"},{"$i":"scPin2","$v":"Changement du code PIN2"},{"$i":"scPuk","$v":"Code PIN de déblocage"},{"$i":"scPuk2","$v":"Code PIN2 de déblocage"},{"$i":"scImei","$v":"IMEI"},{"$i":"scMeid","$v":"MEID"},{"$i":"scUssd","$v":"USSD"},{"$i":"set-speed-dial","$v":"Déf. num. rapide"},{"$i":"empty","$v":"Vide"},{"$i":"voicemail","$v":"Messagerie vocale"},{"$i":"speed-dial","$v":"Numérotation rapide"},{"$i":"add","$v":"Ajouter"},{"$i":"replace","$v":"Remplacer"},{"$i":"remove-from-speed-dial","$v":"Supprimer le n° rapide"},{"$i":"custom-dialog-replace-speed-dial","$v":["Souhaitez-vous remplacer la numérotation rapide ",{"t":"idOrVar","v":"oldSpeedDial"}," par ",{"t":"idOrVar","v":"newSpeedDial"}," ?"]},{"$i":"custom-dialog-remove-speed-dial","$v":["Souhaitez-vous supprimer ",{"t":"idOrVar","v":"name"}," de la numérotation rapide ?"]},{"$i":"speed-dial-added","$v":"Numéro ajouté à la numérotation rapide"},{"$i":"speed-dial-removed","$v":"Le numéro est supprimé de la numérotation rapide."},{"$i":"speed-dial-replaced","$v":"Le numéro est mis à jour dans la numérotation rapide."},{"$i":"voice-mail","$v":"Messagerie vocale"},{"$i":"voice-mail-number","$v":["Numéro de messagerie vocale - Carte SIM ",{"t":"idOrVar","v":"n"}]},{"$i":"voice-mail-number-single","$v":"Numéro de messagerie vocale"},{"$i":"voice-mail-number-updated","$v":"Numéro de messagerie vocale mis à jour"},{"$i":"found-duplicates-message","$v":"Des informations en double ont été trouvées dans les contacts suivants. Voulez-vous les fusionner ?"},{"$i":"confirm-to-merge-contacts","$v":["Voulez-vous fusionner ",{"t":"idOrVar","v":"n"}," contacts portant le nom de ",{"t":"idOrVar","v":"name"}," ?"]},{"$i":"contact-merged","$v":"Contact fusionné"},{"$i":"find-duplicate-contacts","$v":"Rechercher des doublons"},{"$i":"no-duplicate-contact-found","$v":"Aucun contact doublon trouvé"},{"$i":"merge","$v":"Fusionner"},{"$i":"find-dup","$v":"Rechercher des doublons"},{"$i":"find-dup-title","$v":"Rechercher les contacts en double"},{"$i":"finding-dup-message","$v":"Recherche de contacts en double…"},{"$i":"dup-found-title","$v":"Doublons trouvés"},{"$i":"dup-found-message","$v":"Des informations en double ont été trouvées dans les contacts suivants. Voulez-vous les fusionner ?"},{"$i":"no-dup-found","$v":"Aucun doublon trouvé"},{"$i":"merge-conflict-warn","$v":["Les informations suivantes seront remplacées par « ",{"t":"idOrVar","v":"name"}," » :"]},{"$i":"merge-conflict-confirm","$v":"Voulez-vous fusionner les contacts ?"},{"$i":"add-favorite","$v":"Ajouter aux favoris"},{"$i":"remove-favorite","$v":"Retirer des favoris"},{"$i":"favorite-contacts","$v":"Contacts favoris"},{"$i":"add-block","$v":"Bloquer ce numéro"},{"$i":"remove-block","$v":"Débloquer ce numéro"},{"$i":"add-block-email","$v":"Bloquer cet e-mail"},{"$i":"remove-block-email","$v":"Débloquer cet e-mail"},{"$i":"add-block-contact-warning","$v":"Vous ne recevrez aucun appel téléphonique ou message des personnes inscrites en liste noire."},{"$i":"add-block-email-warning","$v":"Vous ne recevrez pas de messages de cette adresse e-mail."},{"$i":"block","$v":"Bloquer"},{"$i":"unblock","$v":"Débloquer"},{"$i":"block-contacts","$v":"Bloquer les contacts"},{"$i":"add-block-header","$v":"Ajouter un numéro à bloquer"},{"$i":"remove-block-alert","$v":"Le contact est retiré de Contacts bloqués."},{"$i":"duplicate-block-number","$v":"Ce numéro existe déjà."},{"$i":"sort-contacts","$v":"Trier les contacts"},{"$i":"sort-by-first-name","$v":"Trier par prénom"},{"$i":"sort-by-last-name","$v":"Trier par nom"},{"$i":"no-support-open-multi-vcard","$v":"Ouverture d’une vCard incluant plusieurs contacts impossible"},{"$i":"import","$v":"Importer"},{"$i":"sdcard","$v":"Carte mémoire"},{"$i":"simcard","$v":"Carte SIM"},{"$i":"import-contacts","$v":"Importer des contacts"},{"$i":"simContacts-error","$v":"Impossible d’importer les contacts de la SIM"},{"$i":"memoryCardContacts-error","$v":"Impossible d’importer les contacts de la carte mémoire"},{"$i":"novCardFiles","$v":"Aucun fichier de contacts disponible sur la carte mémoire."},{"$i":"fullDiskSpace-error","$v":"La mémoire est pleine. L’importation des contacts est impossible."},{"$i":"socialServiceContacts-error","$v":["Importation de contacts impossible depuis ",{"t":"idOrVar","v":"service"}]},{"$i":"socialServiceContacts-noNetwork","$v":["Aucune connexion Internet, impossible d’importer des contacts depuis ",{"t":"idOrVar","v":"service"},"."]},{"$i":"simContacts-reading","$v":"Lecture de la SIM…"},{"$i":"memoryCardContacts-reading","$v":"Lecture de la carte mémoire…"},{"$i":"importContactsTitle","$v":"Importer des contacts"},{"$i":"retry","$v":"Réessayer"},{"$i":"noSimMsg","$v":"Pour importer des contacts, insérez ou déverouillez votre carte SIM"},{"$i":"noSdcardMsg","$v":"Pour importer des contacts, insérer une carte mémoire"},{"$i":"not-imported","$v":"Jamais importé"},{"$i":"imported","$v":"Importé le"},{"$i":"importing","$v":"Importation en cours…"},{"$i":"contact-imported","$v":[{"t":"idOrVar","v":"imported"}," contacts ont été importés. ",{"t":"idOrVar","v":"dupes"}," contacts ont été fusionnés."]},{"$i":"contact-imported2","$v":{"one":"1 contact importé.","zero":"Aucun contact importé.","few":[{"t":"idOrVar","v":"imported"}," contacts ont été importés."],"many":[{"t":"idOrVar","v":"imported"}," contacts ont été importés."],"other":[{"t":"idOrVar","v":"imported"}," contacts ont été importés."],"two":[{"t":"idOrVar","v":"imported"}," contacts ont été importés."]},"$x":[{"t":"idOrVar","v":"plural"},"imported"]},{"$i":"reading-contacts-from-sim","$v":"Lecture du ou des contacts de la carte SIM…"},{"$i":"reading-contacts-from-gmail","$v":"Lecture du ou des contacts de Gmail…"},{"$i":"reading-contacts-from-live","$v":"Lecture du ou des contacts d’Outlook…"},{"$i":"reading-contacts-from-sd","$v":"Lecture du ou des contacts de la carte mémoire…"},{"$i":"reading-contacts-from-vcard","$v":"Lecture du ou des contacts du fichier…"},{"$i":"importing-contacts-from-sim","$v":"Importation du ou des contacts de la carte SIM…"},{"$i":"importing-contacts-from-gmail","$v":"Importation du ou des contacts de Gmail…"},{"$i":"importing-contacts-from-live","$v":"Importation du ou des contacts d’Outlook…"},{"$i":"importing-contacts-from-sd","$v":"Importation du ou des contacts de la carte mémoire…"},{"$i":"importing-contacts-from-vcard","$v":"Importation du ou des contacts du fichier…"},{"$i":"connect-network-to-import","$v":"Pour importer des contacts, se connecter à un réseau Wi-Fi ou Internet mobile"},{"$i":"importing-confirm","$v":["Importer ",{"t":"idOrVar","v":"n"}," contact(s) du fichier « ",{"t":"idOrVar","v":"fileName"}," » ?"]},{"$i":"importing-cancel-confirm","$v":"Le processus d’importation s’arrêtera si vous fermez cet écran. Voulez-vous fermer quand même ?"},{"$i":"import-contact-failed","$v":"Échec d’importation de contact"},{"$i":"phone-storage-full","$v":"Mémoire de stockage interne pleine"},{"$i":"import-contact-storage-full","$v":"Impossible d’importer les contacts. Supprimez les données d’application pour libérer de l’espace."},{"$i":"contact-import-error-disk-full","$v":"L’importation des contacts est incomplète, car la mémoire est pleine. Supprimez les données d’application pour libérer de l’espace."},{"$i":"contact-import-error-sim-full","$v":"L’importation des contacts est incomplète, car la carte SIM est pleine."},{"$i":"contact-import-error-unknown","$v":"L’importation des contacts est incomplète en raison d’une erreur."},{"$i":"import-contacts-canceled","$v":"L’importation de contacts a été annulée."},{"$i":"close","$v":"Fermer"},{"$i":"import-process-cancel","$v":"Processus d’importation annulé."},{"$i":"import-limit-header","$v":"Limite de taille du fichier autorisée dépassée"},{"$i":"inner-import-limit-content","$v":"Les fichiers de contacts dont la taille dépasse 10 Mo n’ont pas été importés."},{"$i":"activity-import-limit-contact","$v":"Échec de l’importation des contacts, car le fichier dépasse la limite de taille autorisée."},{"$i":"activity-import-limit-additional","$v":"(La taille du fichier doit être inférieure à 10 Mo.)"},{"$i":"bluetooth","$v":"Bluetooth"},{"$i":"export","$v":"Exporter"},{"$i":"export-contacts","$v":"Exporter des contacts"},{"$i":"simExport-title","$v":"Exportation vers la SIM"},{"$i":"memoryCardExport-title","$v":"Exporter vers la carte mémoire"},{"$i":"btExport-title","$v":"Exportation par Bluetooth"},{"$i":"noSimMsgExport","$v":"Pour exporter des contacts, insérez ou débloquez votre carte SIM"},{"$i":"noSdcardExport","$v":"Pour exporter des contacts, insérez une carte mémoire."},{"$i":"bluetoothNoConnection","$v":"Pour exporter des contacts, connectez-vous à un appareil Bluetooth."},{"$i":"contact-exported","$v":[{"t":"idOrVar","v":"exported"}," contacts ont été exportés."]},{"$i":"contact-exported2","$v":{"zero":"Aucun contact exporté.","one":"1 contact exporté.","few":[{"t":"idOrVar","v":"exported"}," contacts ont été exportés."],"many":[{"t":"idOrVar","v":"exported"}," contacts ont été exportés."],"other":[{"t":"idOrVar","v":"exported"}," contacts ont été exportés."],"two":[{"t":"idOrVar","v":"exported"}," contacts ont été exportés."]},"$x":[{"t":"idOrVar","v":"plural"},"exported"]},{"$i":"export-contact-failed","$v":"Échec d’exportation de contact"},{"$i":"contact-export-error-sim-full","$v":"L’exportation des contacts est incomplète, car la carte SIM est pleine."},{"$i":"contact-export-error-sd-full","$v":"Exportation des contacts non terminée, car la carte mémoire est saturée."},{"$i":"contact-export-error-unknown","$v":"L’exportation des contacts est incomplète en raison d’une erreur."},{"$i":"contact-export-canceled","$v":"L’exportation a été annulée."},{"$i":"save","$v":"Enregistrer"},{"$i":"back","$v":"Retour"},{"$i":"givenName","$v":"Prénom"},{"$i":"familyName","$v":"Nom"},{"$i":"name","$v":"Prénom"},{"$i":"org","$v":"Entreprise"},{"$i":"ringtone","$v":"Sonnerie"},{"$i":"note","$v":"Note"},{"$i":"photo","$v":"Image"},{"$i":"email","$v":"E-mail"},{"$i":"adr","$v":"Adresse"},{"$i":"custom","$v":"Personnalisée"},{"$i":"confirm-discard-contact-data","$v":"Les coordonnées seront supprimées. Voulez-vous enregistrer ce contact ?"},{"$i":"confirm-discard-contact-update-data","$v":"Les modifications seront annulées. Voulez-vous enregistrer ce contact ?"},{"$i":"discard-contact-data","$v":"Les modifications seront annulées."},{"$i":"discard","$v":"Ignorer"},{"$i":"add-others","$v":"Ajouter d'autres infos"},{"$i":"custom-label","$v":"Étiquette personnalisée"},{"$i":"input-the-custom-type","$v":"Saisir le type personnalisé"},{"$i":"contact-added","$v":"Le contact est ajouté."},{"$i":"delete-prompt-message","$v":["Supprimer ",{"t":"idOrVar","v":"field"}," ?"]},{"$i":"delete-photo-msg","$v":"photo"},{"$i":"delete-ringtone-msg","$v":"sonnerie"},{"$i":"delete-bday-msg","$v":"date de naissance"},{"$i":"delete-note-msg","$v":"note"},{"$i":"delete-org-msg","$v":"société"},{"$i":"personal","$v":"Personnel"},{"$i":"mobile","$v":"Mobile"},{"$i":"current","$v":"En cours"},{"$i":"home","$v":"Domicile"},{"$i":"work","$v":"Professionnelle"},{"$i":"other","$v":"Autre"},{"$i":"fax-home","$v":"Fax (domicile)"},{"$i":"fax-office","$v":"Fax (bureau)"},{"$i":"fax-other","$v":"Fax (autre)"},{"$i":"add-phone","$v":"Ajouter le tél."},{"$i":"add-tel","$v":"Ajouter le n° téléphone"},{"$i":"add-email","$v":"Ajouter un e-mail"},{"$i":"add-ringtone","$v":"Ajouter une sonnerie"},{"$i":"add-adr","$v":"Ajouter une adresse"},{"$i":"add-bday","$v":"Ajouter date d'anniversaire"},{"$i":"add-photo","$v":"Ajouter une photo"},{"$i":"add-note","$v":"Ajouter une note"},{"$i":"add-org","$v":"Ajouter une entreprise"},{"$i":"add-tel-number","$v":"Ajouter le n° téléphone"},{"$i":"delete-tel","$v":"Supprimer le numéro de téléphone"},{"$i":"delete-email","$v":"Supprimer l’e-mail"},{"$i":"delete-ringtone","$v":"Supprimer la sonnerie"},{"$i":"delete-adr","$v":"Supprimer l’adresse"},{"$i":"delete-bday","$v":"Supprimer la date d’anniversaire"},{"$i":"delete-photo","$v":"Supprimer l’image"},{"$i":"delete-note","$v":"Supprimer la note"},{"$i":"delete-org","$v":"Supprimer l'entreprise"},{"$i":"edit-tel-type","$v":"Changer le type de n° de téléphone"},{"$i":"edit-email-type","$v":"Changer le type d’e-mail"},{"$i":"edit-adr-type","$v":"Changer le type d’adresse"},{"$i":"edit-bday-type","$v":"Modifier l’anniversaire"},{"$i":"replace-photo","$v":"Changer d’image"},{"$i":"replace-ringtone","$v":"Changer la sonnerie"},{"$i":"mobile-tel","$v":"Téléphone portable"},{"$i":"home-tel","$v":"Téléphone (domicile)"},{"$i":"work-tel","$v":"Téléphone (professionnel)"},{"$i":"personal-tel","$v":"N° tél. (personnel)"},{"$i":"fax-home-tel","$v":"Télécopie (domicile)"},{"$i":"fax-office-tel","$v":"Télécopie (bureau)"},{"$i":"fax-other-tel","$v":"Télécopie (autre)"},{"$i":"other-tel","$v":"Téléphone (autre)"},{"$i":"personal-email","$v":"E-mail (personnel)"},{"$i":"work-email","$v":"E-mail (professionnel)"},{"$i":"other-email","$v":"E-mail (autre)"},{"$i":"custom-email","$v":["E-mail ",{"t":"idOrVar","v":"type"}]},{"$i":"custom-tel","$v":["N° tél. ",{"t":"idOrVar","v":"type"}]},{"$i":"personal-adr","$v":"Adresse (personnelle)"},{"$i":"current-adr","$v":"Adresse actuelle"},{"$i":"home-adr","$v":"Adresse (domicile)"},{"$i":"work-adr","$v":"Adresse (professionnelle)"},{"$i":"custom-adr","$v":["Adresse ",{"t":"idOrVar","v":"type"}]},{"$i":"bday","$v":"Anniversaire"},{"$i":"birthday","$v":"Anniversaire"},{"$i":"streetAddress","$v":"Rue"},{"$i":"locality","$v":"Ville"},{"$i":"postalCode","$v":"Code postal"},{"$i":"countryName","$v":"Pays"},{"$i":"region","$v":"État"},{"$i":"no-name","$v":"Sans nom"},{"$i":"new-contact","$v":"Nouveau"},{"$i":"options","$v":"Options"},{"$i":"cancel","$v":"Annuler"},{"$i":"settings","$v":"Paramètres"},{"$i":"edit","$v":"Modifier"},{"$i":"share","$v":"Partager"},{"$i":"remove","$v":"Supprimer"},{"$i":"compose","$v":"Rédiger"},{"$i":"new-contact-title","$v":"Nouveau contact"},{"$i":"edit-title","$v":"Modifier le contact"},{"$i":"music","$v":"Musique"},{"$i":"adr-type","$v":"Type d’adresse"},{"$i":"email-type","$v":"Type d’e-mail"},{"$i":"tel-type","$v":"Type de téléphone"},{"$i":"ICEContactsGroup","$v":"Contacts d’appel d’urgence"},{"$i":"setICEButton","$v":"Déf. contacts d'urgence"},{"$i":"ICESettingTitle","$v":"Contacts d’appel d’urgence"},{"$i":"ICEDescription","$v":"Ajouter cinq contacts pour passer des appels de type « En cas d’urgence »."},{"$i":"ICEContact","$v":["Contact d’appel d’urgence ",{"t":"idOrVar","v":"n"}]},{"$i":"ICESelectContact","$v":"Choisir un contact"},{"$i":"delete-ice-contact-warning","$v":"Souhaitez-vous supprimer le contact d’appel d’urgence ?"},{"$i":"confirm","$v":"Confirmation"},{"$i":"add-ice-failed","$v":"Échec d’ajout de contact urgence"},{"$i":"create-group","$v":"Créer un groupe"},{"$i":"group-name","$v":"Nom du groupe"},{"$i":"group","$v":"Groupe"},{"$i":"new-group-created","$v":"Le groupe est créé."},{"$i":"create-group-failed","$v":"La création du groupe a échoué."},{"$i":"create-group-too-many","$v":["Vous ne pouvez créer que ",{"t":"idOrVar","v":"number"}," groupes."]},{"$i":"create-group-duplicate","$v":"Ce nom est déjà présent."},{"$i":"rename-group-failed","$v":"Le changement de nom du groupe a échoué."},{"$i":"new-group","$v":"Nouveau"},{"$i":"rename","$v":"Renommer"},{"$i":"duplicate-removed","$v":"Les contacts en double ont été retirés."},{"$i":"add-to-group","$v":"Ajouter au groupe"},{"$i":"remove-from-group","$v":"Retirer du groupe"},{"$i":"added-to","$v":["Ajout à ",{"t":"idOrVar","v":"group"}]},{"$i":"removed-from","$v":["Contact retiré de ",{"t":"idOrVar","v":"group"}]},{"$i":"select-group","$v":"Sélectionner le groupe"},{"$i":"rename-group","$v":"Renommer le groupe"},{"$i":"delete-group","$v":["Souhaitez-vous supprimer ",{"t":"idOrVar","v":"group"}," ?"]},{"$i":"unable-add-warn","$v":"Impossible d’ajouter le contact du compte au groupe."},{"$i":"edit-contact","$v":"Modifier le contact"},{"$i":"send-message","$v":"Envoyer un message"},{"$i":"call","$v":"Appeler"},{"$i":"call-sim-1","$v":"Appel- Carte SIM 1"},{"$i":"call-sim-2","$v":"Appel- Carte SIM 2"},{"$i":"send-email","$v":"Envoyer un e-mail"},{"$i":"choose-number","$v":"Sélectionner le numéro"},{"$i":"choose-email-address","$v":"Sélectionner le compte e-mail"},{"$i":"delete","$v":"Suppr."},{"$i":"select","$v":"Sélectionner"},{"$i":"select-all","$v":"Tout sélectionner"},{"$i":"select-all2","$v":"Tout"},{"$i":"deselect-all","$v":"Tout désélectionner"},{"$i":"deselect-all2","$v":"Aucun"},{"$i":"deselect","$v":"DÉSÉLECT."},{"$i":"selected-contacts","$v":{"few":["Sélection : ",{"t":"idOrVar","v":"n"}],"many":["Sélection : ",{"t":"idOrVar","v":"n"}],"one":["Sélection : ",{"t":"idOrVar","v":"n"}],"other":["Sélection : ",{"t":"idOrVar","v":"n"}],"two":["Sélection : ",{"t":"idOrVar","v":"n"}],"zero":["Sélection : ",{"t":"idOrVar","v":"n"}]},"$x":[{"t":"idOrVar","v":"plural"},"n"]},{"$i":"massive-delete","$v":"Supprimer des contacts"},{"$i":"confirm-contact-delete","$v":["Voulez-vous retirer « ",{"t":"idOrVar","v":"name"}," » des contacts ?"]},{"$i":"DeletedTxt","$v":{"few":[{"t":"idOrVar","v":"n"}," contacts supprimés"],"many":[{"t":"idOrVar","v":"n"}," contacts supprimés"],"one":"1 contact supprimé","other":[{"t":"idOrVar","v":"n"}," contacts supprimés"],"two":[{"t":"idOrVar","v":"n"}," contacts supprimés"],"zero":"Aucun contact à supprimer"},"$x":[{"t":"idOrVar","v":"plural"},"n"]},{"$i":"DeletingContacts","$v":"Retirer des contacts"},{"$i":"DeletingContactsProgressing","$v":"Suppr. de contact(s)"},{"$i":"ContactConfirmDel","$v":{"few":["Supprimer ",{"t":"idOrVar","v":"n"}," contacts ? Cette action est irréversible."],"many":["Supprimer ",{"t":"idOrVar","v":"n"}," contacts ? Cette action est irréversible."],"one":"Supprimer 1 contact ? Cette action est irréversible.","other":["Supprimer ",{"t":"idOrVar","v":"n"}," contacts ? Cette action est irréversible."],"two":["Supprimer ",{"t":"idOrVar","v":"n"}," contacts ? Cette action est irréversible."],"zero":"Aucun contact à supprimer"},"$x":[{"t":"idOrVar","v":"plural"},"n"]},{"$i":"contact-deleted","$v":{"zero":"Aucun contact supprimé","one":"1 contact supprimé","few":[{"t":"idOrVar","v":"n"}," contacts supprimés"],"many":[{"t":"idOrVar","v":"n"}," contacts supprimés"],"other":[{"t":"idOrVar","v":"n"}," contact supprimé"],"two":[{"t":"idOrVar","v":"n"}," contacts supprimés"]},"$x":[{"t":"idOrVar","v":"plural"},"n"]},{"$i":"a-contact-deleted","$v":"Le contact est retiré."},{"$i":"settings-title","$v":"Paramètres des contacts"},{"$i":"change-will-update-until-restart","$v":"Les modifications seront actualisées à la prochaine ouverture de Contacts."},{"$i":"transfer-contacts","$v":"Transférer les contacts"},{"$i":"service-number","$v":"Numéro d’assistance"},{"$i":"no-contacts-found","$v":"Aucun résultat n’a été trouvé."},{"$i":"search","$v":"Rechercher des contacts","placeholder":"Rechercher des contacts"},{"$i":"search-option","$v":"Rechercher"},{"$i":"accounts","$v":"Comptes"},{"$i":"account","$v":"Gestion du compte"},{"$i":"add-account","$v":"Config. manuelle"},{"$i":"add-account-failed","$v":"Une erreur inconnue s’est produite. Réessayez plus tard."},{"$i":"duplicate-account-warn","$v":"Le compte est déjà utilisé. La synchronisation est activée."},{"$i":"setting-up-account","$v":"Configuration du compte"},{"$i":"no-network-warn","$v":"Sans connexion Internet."},{"$i":"username","$v":"Utilisateur"},{"$i":"password","$v":"Mot de passe"},{"$i":"delete-account","$v":"Supprimer cpte"},{"$i":"delete-account-long","$v":"Supprimer le compte"},{"$i":"delete-account-warn","$v":"Si vous supprimez ce compte, les applications qui l’utilisent seront affectées par le changement."},{"$i":"deleting-account","$v":"Supprimer le compte"},{"$i":"delete-account-failed","$v":"La suppression du compte a échoué. Réessayez plus tard."},{"$i":"delete-account-ok","$v":"Le compte est supprimé."},{"$i":"sync","$v":"Syncho."},{"$i":"sync-title","$v":"Synchronisation des contacts"},{"$i":"sync-failed-warn","$v":"La synchronisation a échoué."},{"$i":"sync-off-warn","$v":"La synchronisation est désactivée dans Paramètres."},{"$i":"show-account-contacts","$v":"Afficher les contacts du compte"},{"$i":"sync-account-contacts","$v":"Synchroniser les contacts du compte"},{"$i":"sync-account-contacts-warning","$v":["Les modifications des contacts du compte ne seront pas synchronisées avec le Cloud si l’option \"",{"t":"idOrVar","v":"switch"},"\" n’est pas cochée. Voulez-vous quand même décocher cette option ?"]},{"$i":"yes","$v":"Oui"},{"$i":"all-contacts-synced","$v":"Tous les contacts sont synchronisés."},{"$i":"contact-syncing","$v":"Synchronisation des contacts…"},{"$i":"contacts-sync-limit-exceed","$v":"La synchronisation des contacts est incomplète, car la limite du nombre de contacts est dépassée."},{"$i":"show-password","$v":"Aff. mot de passe"},{"$i":"password-incorrect","$v":"Mot de passe incorrect."},{"$i":"re-enter-password","$v":"Ressaisir le mot de passe"},{"$i":"accessing-warn","$v":"L’accès à votre compte pose problème."},{"$i":"accessing-warn-password","$v":"Saisissez de nouveau le mot de passe."},{"$i":"re-enter-password-on-setting","$v":"Saisissez de nouveau le mot de passe dans les paramètres des contacts."},{"$i":"accessing-warn-relogin","$v":"Veuillez supprimer le compte et vous reconnecter."},{"$i":"update-password-failed","$v":"Le changement du mot de passe a échoué. Réessayez plus tard."},{"$i":"connect-time-out","$v":["Impossible d’établir la connexion avec « ",{"t":"idOrVar","v":"server"}," ». Il se peut qu’il y ait un problème avec le réseau."]},{"$i":"server-error","$v":"Serveur indisponible. Réessayez plus tard."},{"$i":"loading","$v":"Chargement en cours…"},{"$i":"ellipsis","$v":"..."},{"$i":"stop-syncing-warn-title","$v":"Synchronisation des contacts"},{"$i":"stop-syncing-warn","$v":"Fermer l’application interrompra la synchronisation des contacts en cours. Voulez-vous néanmoins fermer ?"},{"$i":"weekday-0-long","$v":"Dimanche"},{"$i":"weekday-1-long","$v":"Lundi"},{"$i":"weekday-2-long","$v":"Mardi"},{"$i":"weekday-3-long","$v":"Mercredi"},{"$i":"weekday-4-long","$v":"Jeudi"},{"$i":"weekday-5-long","$v":"Vendredi"},{"$i":"weekday-6-long","$v":"Samedi"},{"$i":"weekday-0-short","$v":"dim"},{"$i":"weekday-1-short","$v":"lun"},{"$i":"weekday-2-short","$v":"mar"},{"$i":"weekday-3-short","$v":"mer"},{"$i":"weekday-4-short","$v":"jeu"},{"$i":"weekday-5-short","$v":"ven"},{"$i":"weekday-6-short","$v":"sam"},{"$i":"month-0-long","$v":"Janvier"},{"$i":"month-1-long","$v":"Février"},{"$i":"month-2-long","$v":"Mars"},{"$i":"month-3-long","$v":"Avril"},{"$i":"month-4-long","$v":"mai"},{"$i":"month-5-long","$v":"Juin"},{"$i":"month-6-long","$v":"Juillet"},{"$i":"month-7-long","$v":"Août"},{"$i":"month-8-long","$v":"Septembre"},{"$i":"month-9-long","$v":"Octobre"},{"$i":"month-10-long","$v":"Novembre"},{"$i":"month-11-long","$v":"Décembre"},{"$i":"month-0-genitive","$v":"Janvier"},{"$i":"month-1-genitive","$v":"Février"},{"$i":"month-2-genitive","$v":"Mars"},{"$i":"month-3-genitive","$v":"Avril"},{"$i":"month-4-genitive","$v":"mai"},{"$i":"month-5-genitive","$v":"Juin"},{"$i":"month-6-genitive","$v":"Juillet"},{"$i":"month-7-genitive","$v":"Août"},{"$i":"month-8-genitive","$v":"Septembre"},{"$i":"month-9-genitive","$v":"Octobre"},{"$i":"month-10-genitive","$v":"Novembre"},{"$i":"month-11-genitive","$v":"Décembre"},{"$i":"month-0-short","$v":"jan."},{"$i":"month-1-short","$v":"fév."},{"$i":"month-2-short","$v":"mars"},{"$i":"month-3-short","$v":"avr."},{"$i":"month-4-short","$v":"mai"},{"$i":"month-5-short","$v":"juin"},{"$i":"month-6-short","$v":"juil."},{"$i":"month-7-short","$v":"août"},{"$i":"month-8-short","$v":"sep."},{"$i":"month-9-short","$v":"oct."},{"$i":"month-10-short","$v":"nov."},{"$i":"month-11-short","$v":"déc."},{"$i":"minutes-ago-long","$v":{"few":["il y a ",{"t":"idOrVar","v":"value"}," minutes"],"many":["Il y a ",{"t":"idOrVar","v":"value"}," minutes"],"other":["il y a ",{"t":"idOrVar","v":"value"}," minutes"],"two":["il y a ",{"t":"idOrVar","v":"value"}," minutes"],"one":"Il y a 1 minute","zero":"À l’instant"},"$x":[{"t":"idOrVar","v":"plural"},"value"]},{"$i":"hours-ago-long","$v":{"few":["il y a ",{"t":"idOrVar","v":"value"}," heures"],"many":["Il y a ",{"t":"idOrVar","v":"value"}," heures"],"other":["il y a ",{"t":"idOrVar","v":"value"}," heures"],"two":["il y a ",{"t":"idOrVar","v":"value"}," heures"],"one":"Il y a 1 heure","zero":"À l’instant"},"$x":[{"t":"idOrVar","v":"plural"},"value"]},{"$i":"days-ago-long","$v":{"few":["il y a ",{"t":"idOrVar","v":"value"}," jours"],"many":["il y a ",{"t":"idOrVar","v":"value"}," jours"],"one":"hier","other":["il y a ",{"t":"idOrVar","v":"value"}," jours"],"two":["il y a ",{"t":"idOrVar","v":"value"}," jours"],"zero":"aujourd’hui"},"$x":[{"t":"idOrVar","v":"plural"},"value"]},{"$i":"weeks-ago-long","$v":{"few":["il y a ",{"t":"idOrVar","v":"value"}," semaines"],"many":["il y a ",{"t":"idOrVar","v":"value"}," semaines"],"one":"la semaine dernière","other":["il y a ",{"t":"idOrVar","v":"value"}," semaines"],"two":["il y a ",{"t":"idOrVar","v":"value"}," semaines"],"zero":"cette semaine"},"$x":[{"t":"idOrVar","v":"plural"},"value"]},{"$i":"months-ago-long","$v":{"few":["il y a ",{"t":"idOrVar","v":"value"}," mois"],"many":["il y a ",{"t":"idOrVar","v":"value"}," mois"],"one":"le mois dernier","other":["il y a ",{"t":"idOrVar","v":"value"}," mois"],"two":["il y a ",{"t":"idOrVar","v":"value"}," mois"],"zero":"ce mois-ci"},"$x":[{"t":"idOrVar","v":"plural"},"value"]},{"$i":"years-ago-long","$v":{"few":["il y a ",{"t":"idOrVar","v":"value"}," ans"],"many":["il y a ",{"t":"idOrVar","v":"value"}," ans"],"one":"l’année dernière","other":["il y a ",{"t":"idOrVar","v":"value"}," ans"],"two":["il y a ",{"t":"idOrVar","v":"value"}," ans"],"zero":"cette année"},"$x":[{"t":"idOrVar","v":"plural"},"value"]},{"$i":"minutes-until-long","$v":{"few":["dans ",{"t":"idOrVar","v":"value"}," minutes"],"many":["dans ",{"t":"idOrVar","v":"value"}," minutes"],"other":["dans ",{"t":"idOrVar","v":"value"}," minutes"],"two":["dans ",{"t":"idOrVar","v":"value"}," minutes"],"zero":"maintenant","one":["dans ",{"t":"idOrVar","v":"value"}," minute"]},"$x":[{"t":"idOrVar","v":"plural"},"value"]},{"$i":"hours-until-long","$v":{"few":["dans ",{"t":"idOrVar","v":"value"}," heures"],"many":["dans ",{"t":"idOrVar","v":"value"}," heures"],"other":["dans ",{"t":"idOrVar","v":"value"}," heures"],"two":["dans ",{"t":"idOrVar","v":"value"}," heures"],"zero":"maintenant","one":["dans ",{"t":"idOrVar","v":"value"}," heure"]},"$x":[{"t":"idOrVar","v":"plural"},"value"]},{"$i":"days-until-long","$v":{"few":["dans ",{"t":"idOrVar","v":"value"}," jours"],"many":["dans ",{"t":"idOrVar","v":"value"}," jours"],"one":"demain","other":["dans ",{"t":"idOrVar","v":"value"}," jours"],"two":["dans ",{"t":"idOrVar","v":"value"}," jours"],"zero":"aujourd’hui"},"$x":[{"t":"idOrVar","v":"plural"},"value"]},{"$i":"weeks-until-long","$v":{"few":["dans ",{"t":"idOrVar","v":"value"}," semaines"],"many":["dans ",{"t":"idOrVar","v":"value"}," semaines"],"one":"la semaine prochaine","other":["dans ",{"t":"idOrVar","v":"value"}," semaines"],"two":["dans ",{"t":"idOrVar","v":"value"}," semaines"],"zero":"cette semaine"},"$x":[{"t":"idOrVar","v":"plural"},"value"]},{"$i":"months-until-long","$v":{"few":["dans ",{"t":"idOrVar","v":"value"}," mois"],"many":["dans ",{"t":"idOrVar","v":"value"}," mois"],"one":"le mois prochain","other":["dans ",{"t":"idOrVar","v":"value"}," mois"],"two":["dans ",{"t":"idOrVar","v":"value"}," mois"],"zero":"ce mois-ci"},"$x":[{"t":"idOrVar","v":"plural"},"value"]},{"$i":"years-until-long","$v":{"few":["dans ",{"t":"idOrVar","v":"value"}," ans"],"many":["dans ",{"t":"idOrVar","v":"value"}," ans"],"one":"l’année prochaine","other":["dans ",{"t":"idOrVar","v":"value"}," ans"],"two":["dans ",{"t":"idOrVar","v":"value"}," ans"],"zero":"cette année"},"$x":[{"t":"idOrVar","v":"plural"},"value"]},{"$i":"minutes-ago-short","$v":{"other":["il y a ",{"t":"idOrVar","v":"value"}," min"],"zero":"À l’instant"},"$x":[{"t":"idOrVar","v":"plural"},"value"]},{"$i":"hours-ago-short","$v":{"other":["il y a ",{"t":"idOrVar","v":"value"},"h"],"zero":"À l’instant"},"$x":[{"t":"idOrVar","v":"plural"},"value"]},{"$i":"days-ago-short","$v":{"other":["il y a ",{"t":"idOrVar","v":"value"},"j"],"zero":"aujourd’hui"},"$x":[{"t":"idOrVar","v":"plural"},"value"]},{"$i":"minutes-until-short","$v":{"other":["dans ",{"t":"idOrVar","v":"value"},"m"],"zero":"maintenant"},"$x":[{"t":"idOrVar","v":"plural"},"value"]},{"$i":"hours-until-short","$v":{"other":["dans ",{"t":"idOrVar","v":"value"},"h"],"zero":"maintenant"},"$x":[{"t":"idOrVar","v":"plural"},"value"]},{"$i":"days-until-short","$v":{"other":["dans ",{"t":"idOrVar","v":"value"},"j"],"zero":"aujourd’hui"},"$x":[{"t":"idOrVar","v":"plural"},"value"]},{"$i":"incorrectDate","$v":"(date incorrecte)"},{"$i":"dateTimeFormat_%c","$v":"%a %e %b %Y %H:%M:%S"},{"$i":"dateTimeFormat_%x","$v":"%d/%m/%Y"},{"$i":"dateTimeFormat_%X","$v":"%I:%M:%S %p"},{"$i":"shortTimeFormat","$v":"%I:%M %p"},{"$i":"shortTimeFormat12","$v":"%I:%M %p"},{"$i":"shortTimeFormat24","$v":"%H:%M"},{"$i":"shortDateTimeFormat","$v":"%x %H:%M"},{"$i":"weekStartsOnMonday","$v":"0.0"},{"$i":"firstDayOfTheWeek","$v":"1.0"},{"$i":"time_am","$v":"AM"},{"$i":"time_pm","$v":"PM"},{"$i":"sim-with-index-and-carrier","$v":["SIM ",{"t":"idOrVar","v":"index"}," - ",{"t":"idOrVar","v":"carrier"}]},{"$i":"sim-without-carrier","$v":["SIM ",{"t":"idOrVar","v":"index"}]}]