[{"$i":"contacts","$v":"אנשי קשר"},{"$i":"view","$v":"הצג"},{"$i":"no-contacts","$v":"אין אנשי קשר."},{"$i":"reading-contacts","$v":"טוען אנשי קשר"},{"$i":"start-adding","$v":"לחץ על חדש או עבור אל הגדרות כדי להוסיף אנשי קשר."},{"$i":"no-contact-available","$v":"אין מידע ליצירת קשר"},{"$i":"requested-contact-not-available","$v":"מידע מבוקש אינו זמין באנשי קשר קיימים."},{"$i":"cannot-add-as-empty","$v":"לא ניתן להוסיף לאיש קשר בגלל שרשימת אנשי הקשר שלך ריקה"},{"$i":"ok","$v":"OK"},{"$i":"no-phone-number-to-dial","$v":"אין מספר טלפון לחיוג"},{"$i":"video-call","$v":"שיחת וידאו"},{"$i":"rtt-call","$v":"שיחת RTT"},{"$i":"select-a-contact","$v":"בחר איש קשר"},{"$i":"multi-pick-max-warn","$v":["ניתן לבחור עד ",{"t":"idOrVar","v":"n"}," פריטים"]},{"$i":"add-contact-failed","$v":"הוספת איש קשר נכשלה"},{"$i":"no-sim-card-available","$v":"אין כרטיס SIM זמין"},{"$i":"email-cannot-add-to-sim","$v":"דוא\"ל אינו נתמך על ידי בחירת הזיכרון הנוכחית."},{"$i":"add-info-failed","$v":"הוספת מידע נכשלה"},{"$i":"no-contact-to-add","$v":"אין איש קשר זמין להוסיף."},{"$i":"move","$v":"העבר"},{"$i":"copy","$v":"העתק"},{"$i":"copy-contacts","$v":"העתקת אנשי קשר"},{"$i":"move-contacts","$v":"העברת אנשי קשר"},{"$i":"phone-memory","$v":"זיכרון טלפון"},{"$i":"sim-memory","$v":"זיכרון SIM"},{"$i":"sim-0-memory","$v":"זיכרון SIM 1"},{"$i":"sim-1-memory","$v":"זיכרון SIM 2"},{"$i":"move-from","$v":"העבר מ-"},{"$i":"copy-from","$v":"העתק מ"},{"$i":"to","$v":"אל"},{"$i":"move-contacts-progressing","$v":"מעביר אנשי קשר..."},{"$i":"copy-contacts-progressing","$v":"מעתיק אנשי קשר..."},{"$i":"contact-move-to-sim","$v":{"few":[{"t":"idOrVar","v":"migrated"}," אנשי קשר הועברו ל-SIM."],"many":[{"t":"idOrVar","v":"migrated"}," אנשי קשר הועברו ל-SIM."],"one":"איש קשר אחד הועבר ל-SIM.","other":[{"t":"idOrVar","v":"migrated"}," אנשי קשר הועברו ל-SIM."],"two":[{"t":"idOrVar","v":"migrated"}," אנשי קשר הועברו ל-SIM."],"zero":"אף איש קשר לא הועבר ל-SIM."},"$x":[{"t":"idOrVar","v":"plural"},"migrated"]},{"$i":"contact-copy-to-sim","$v":{"few":[{"t":"idOrVar","v":"migrated"}," אנשי קשר הועתקו ל-SIM."],"many":[{"t":"idOrVar","v":"migrated"}," אנשי קשר הועתקו ל-SIM."],"one":"איש קשר אחד הועתק ל-SIM.","other":[{"t":"idOrVar","v":"migrated"}," אנשי קשר הועתקו ל-SIM."],"two":[{"t":"idOrVar","v":"migrated"}," אנשי קשר הועתקו ל-SIM."],"zero":"אף איש קשר לא הועתק ל-SIM."},"$x":[{"t":"idOrVar","v":"plural"},"migrated"]},{"$i":"contact-move-to-sim0","$v":{"few":[{"t":"idOrVar","v":"migrated"}," אנשי קשר הועברו ל-SIM 1."],"many":[{"t":"idOrVar","v":"migrated"}," אנשי קשר הועברו ל-SIM 1."],"one":"איש קשר אחד הועבר ל-SIM 1.","other":[{"t":"idOrVar","v":"migrated"}," אנשי קשר הועברו ל-SIM 1."],"two":[{"t":"idOrVar","v":"migrated"}," אנשי קשר הועברו ל-SIM 1."],"zero":"אף איש קשר לא הועבר ל-SIM 1."},"$x":[{"t":"idOrVar","v":"plural"},"migrated"]},{"$i":"contact-copy-to-sim0","$v":{"few":[{"t":"idOrVar","v":"migrated"}," אנשי קשר הועתקו ל-SIM 1."],"many":[{"t":"idOrVar","v":"migrated"}," אנשי קשר הועתקו ל-SIM 1."],"one":"איש קשר אחד הועתק ל-SIM 1.","other":[{"t":"idOrVar","v":"migrated"}," אנשי קשר הועתקו ל-SIM 1."],"two":[{"t":"idOrVar","v":"migrated"}," אנשי קשר הועתקו ל-SIM 1."],"zero":"אף איש קשר לא הועתק ל-SIM 1."},"$x":[{"t":"idOrVar","v":"plural"},"migrated"]},{"$i":"contact-move-to-sim1","$v":{"few":[{"t":"idOrVar","v":"migrated"}," אנשי קשר הועברו ל-SIM 2."],"many":[{"t":"idOrVar","v":"migrated"}," אנשי קשר הועברו ל-SIM 2."],"one":"איש קשר אחד הועבר ל-SIM 2.","other":[{"t":"idOrVar","v":"migrated"}," אנשי קשר הועברו ל-SIM 2."],"two":[{"t":"idOrVar","v":"migrated"}," אנשי קשר הועברו ל-SIM 2."],"zero":"אף איש קשר לא הועבר ל-SIM 2."},"$x":[{"t":"idOrVar","v":"plural"},"migrated"]},{"$i":"contact-copy-to-sim1","$v":{"few":[{"t":"idOrVar","v":"migrated"}," אנשי קשר הועתקו ל-SIM 2."],"many":[{"t":"idOrVar","v":"migrated"}," אנשי קשר הועתקו ל-SIM 2."],"one":"איש קשר אחד הועתק ל-SIM 2.","other":[{"t":"idOrVar","v":"migrated"}," אנשי קשר הועתקו ל-SIM 2."],"two":[{"t":"idOrVar","v":"migrated"}," אנשי קשר הועתקו ל-SIM 2."],"zero":"אף איש קשר לא הועתק ל-SIM 2."},"$x":[{"t":"idOrVar","v":"plural"},"migrated"]},{"$i":"contact-move-to-device","$v":{"one":"איש קשר 1 עבר לטלפון.","zero":"אף איש קשר לא עבר לטלפון.","few":[{"t":"idOrVar","v":"migrated"}," אנשי קשר הועברו לטלפון."],"many":[{"t":"idOrVar","v":"migrated"}," אנשי קשר הועברו לטלפון."],"other":[{"t":"idOrVar","v":"migrated"}," אנשי קשר הועברו לטלפון."],"two":[{"t":"idOrVar","v":"migrated"}," אנשי קשר הועברו לטלפון."]},"$x":[{"t":"idOrVar","v":"plural"},"migrated"]},{"$i":"contact-copy-to-device","$v":{"one":"איש קשר אחד הועתק לטלפון.","zero":"שום איש קשר לא הועתק לטלפון.","few":[{"t":"idOrVar","v":"migrated"}," אנשי קשר הועתקו לטלפון."],"many":[{"t":"idOrVar","v":"migrated"}," אנשי קשר הועתקו לטלפון."],"other":[{"t":"idOrVar","v":"migrated"}," אנשי קשר הועתקו לטלפון."],"two":[{"t":"idOrVar","v":"migrated"}," אנשי קשר הועתקו לטלפון."]},"$x":[{"t":"idOrVar","v":"plural"},"migrated"]},{"$i":"copy-contact-failed","$v":"אנשי קשר בהעתקת נכשלו"},{"$i":"move-contact-failed","$v":"העברת אנשי הקשר נכשלה"},{"$i":"contact-copy-error-sim-full","$v":"העתקת אנשי קשר לא הושלמה בגלל כרטיס ה- SIM מלא."},{"$i":"contact-copy-error-unknown","$v":"העתקת אנשי קשר לא הושלמה בגלל שגיאה."},{"$i":"contact-copy-error-limit-exceeded","$v":"העתקת אנשי קשר לא הושלמה עקב חריגה ממגבלת אנשי הקשר בטלפון."},{"$i":"contact-move-error-sim-full","$v":"העברת אנשי קשר שאינם שלמים בגלל כרטיס ה- SIM מלא."},{"$i":"contact-move-error-unknown","$v":"העברת אנשי קשר לא הושלמו בגלל שגיאה."},{"$i":"contact-move-error-limit-exceeded","$v":"העברת אנשי קשר לא הושלמה עקב חריגה ממגבלת אנשי הקשר בטלפון."},{"$i":"contact-save-error-unknown","$v":"שמור איש קשר לא הושלם בגלל שגיאה."},{"$i":"memory","$v":"זיכרון"},{"$i":"phone-and-sim","$v":"טלפון ו-SIM"},{"$i":"phone","$v":"טלפון"},{"$i":"sim","$v":"SIM"},{"$i":"reloading-contact","$v":"טוען מחדש אנשי קשר..."},{"$i":"contact-reloaded","$v":"אנשי קשר נטענו מחדש"},{"$i":"message","$v":"הודעה"},{"$i":"changes-saved","$v":"השינויים נשמרו."},{"$i":"already-ice-contact","$v":"איש הקשר שנבחר כבר הוגדר ל- ICE."},{"$i":"phone-contacts-limit-exceeded","$v":"אירעה חריגה ממגבלת אנשי הקשר בטלפון."},{"$i":"sim-contacts-limit-exceeded","$v":"אירעה חריגה ממגבלת אנשי הקשר בכרטיס ה-SIM."},{"$i":"more-info","$v":"עוד"},{"$i":"callAirplaneModeTitle","$v":"מצב טיסה מופעל"},{"$i":"callAirplaneModeMessage","$v":"כדי לבצע שיחה עליך לבטל את מצב הטיסה בהגדרות."},{"$i":"emergencyDialogTitle","$v":"אין חיבור רשת"},{"$i":"emergencyDialogBodyBadNumber","$v":"כדי לבצע שיחה, הטלפון חייב להיות מחובר לרשת כלשהי."},{"$i":"emergencyDialogBodyDeviceNotAccepted","$v":"שיחות חירום אינן מותרות על ידי הרשת."},{"$i":"invalidNumberToDialTitle","$v":"מספר טלפון בלתי חוקי"},{"$i":"invalidNumberToDialMessage","$v":"מספר הטלפון שאליו אתה מתקשר אינו חוקי."},{"$i":"invalidNumberToSendTitle","$v":"מספר טלפון בלתי חוקי"},{"$i":"invalidNumberToSendMessage","$v":"מספר הטלפון שאליו אתה שולח הודעה אינו חוקי."},{"$i":"emergency-call-only","$v":"שיחת חירום בלבד"},{"$i":"emergency-call-error","$v":[{"t":"idOrVar","v":"number"}," איננו מספר חירום."]},{"$i":"numberIsBusyTitle","$v":"המספר תפוס"},{"$i":"numberIsBusyMessage","$v":"המספר תפוס כרגע. נא לנסות שוב מאוחר יותר."},{"$i":"fdnIsActiveTitle","$v":"FDN פעיל"},{"$i":"fdnIsActiveMessage","$v":["FDN (מספרי חיוג קבועים) מופעל והמספר הבא אינו ברשימת FDN שלך: ",{"t":"idOrVar","v":"number"}]},{"$i":"otherConnectionInUseTitle","$v":"חיבורים אחרים שבשימוש"},{"$i":"otherConnectionInUseMessage","$v":"יש לך שיחה פעילה בחיבור אחר. ניתן להשתמש רק בחיבור אחד בכל פעם."},{"$i":"GenericFailure","$v":"כשל כללי"},{"$i":"CallFailed","$v":"השיחה נכשלה"},{"$i":"scCallBarring","$v":"חסימת שיחה"},{"$i":"scCallForwarding","$v":"העברת שיחה"},{"$i":"scClip","$v":"מזהה מחייג שיחה נכנסת"},{"$i":"scClir","$v":"זיהוי מחייג החוצה"},{"$i":"scPwd","$v":"שינו סיסמה"},{"$i":"scCallWaiting","$v":"שיחה ממתינה"},{"$i":"scPin","$v":"החלפת PIN"},{"$i":"scPin2","$v":"שינוי PIN2"},{"$i":"scPuk","$v":"שחרר נעילת PIN"},{"$i":"scPuk2","$v":"שחרר נעילת PIN2"},{"$i":"scImei","$v":"IMEI"},{"$i":"scMeid","$v":"MEID"},{"$i":"scUssd","$v":"USSD"},{"$i":"set-speed-dial","$v":"הגדר אנשי קשר לחיוג מהיר"},{"$i":"empty","$v":"ריק"},{"$i":"voicemail","$v":"דואר קולי"},{"$i":"speed-dial","$v":"חיוג מהיר"},{"$i":"add","$v":"הוסף"},{"$i":"replace","$v":"החלף"},{"$i":"remove-from-speed-dial","$v":"הסר מחיוג מהיר"},{"$i":"custom-dialog-replace-speed-dial","$v":["האם אתה בטוח שברצונך להחליף חיוג מהיר ",{"t":"idOrVar","v":"oldSpeedDial"}," עם ",{"t":"idOrVar","v":"newSpeedDial"},"?"]},{"$i":"custom-dialog-remove-speed-dial","$v":["האם אתה בטוח שברצונך להסיר את ",{"t":"idOrVar","v":"name"}," מחיוג מהיר?"]},{"$i":"speed-dial-added","$v":"מספר חיוג מהיר נוסף."},{"$i":"speed-dial-removed","$v":"מספר חיוג מהיר הוסר."},{"$i":"speed-dial-replaced","$v":"מספר חיוג מהיר עודכן."},{"$i":"voice-mail","$v":"הודעה קולית"},{"$i":"voice-mail-number","$v":["מספר תא דואר קולי - כרטיס SIM ",{"t":"idOrVar","v":"n"}]},{"$i":"voice-mail-number-single","$v":"מספר תא קולי"},{"$i":"voice-mail-number-updated","$v":"מספר הדואר הקולי עודכן"},{"$i":"found-duplicates-message","$v":"נמצא מידע כפול באנשי הקשר הבאים. האם ברצונך למזג?"},{"$i":"confirm-to-merge-contacts","$v":["האם אתה בטוח למזג ",{"t":"idOrVar","v":"n"}," אנשי קשר עם ",{"t":"idOrVar","v":"name"},"?"]},{"$i":"contact-merged","$v":"איש הקשר מוזג"},{"$i":"find-duplicate-contacts","$v":"מצא אנשי קשר כפולים"},{"$i":"no-duplicate-contact-found","$v":"לא נמצאו אנשי קשר כפולים"},{"$i":"merge","$v":"מזג"},{"$i":"find-dup","$v":"מצא אנשי קשר כפולים"},{"$i":"find-dup-title","$v":"מצא אנשי קשר כפולים"},{"$i":"finding-dup-message","$v":"מחפש אנשי קשר כפולים…"},{"$i":"dup-found-title","$v":"נמצא מידע כפול"},{"$i":"dup-found-message","$v":"נמצא מידע כפול באנשי הקשר הבאים. האם ברצונך למזג?"},{"$i":"no-dup-found","$v":"לא נמצא מידע כפול"},{"$i":"merge-conflict-warn","$v":["המידע הבא יוחלף ב-\"",{"t":"idOrVar","v":"name"},"\":"]},{"$i":"merge-conflict-confirm","$v":"האם אתה בטוח שברצונך למזג את אנשי הקשר?"},{"$i":"add-favorite","$v":"הוסף בתור מועדף"},{"$i":"remove-favorite","$v":"בטל סימון מועדף"},{"$i":"favorite-contacts","$v":"מועדף"},{"$i":"add-block","$v":"חסום מספר זה"},{"$i":"remove-block","$v":"בטל את החסימה של מספר זה"},{"$i":"add-block-email","$v":"חסום דואר אלקטרוני זה"},{"$i":"remove-block-email","$v":"בטל חסימה של הודעת אימייל זו"},{"$i":"add-block-contact-warning","$v":"לא תקבל שיחות טלפון או הודעות מאנשים ברשימת החסימות."},{"$i":"add-block-email-warning","$v":"לא תקבל הודעות מכתובת דואר אלקטרוני זו."},{"$i":"block","$v":"חסום"},{"$i":"unblock","$v":"בטל חסימה"},{"$i":"block-contacts","$v":"חסום אנשי קשר"},{"$i":"add-block-header","$v":"הוסף מספר חסום"},{"$i":"remove-block-alert","$v":"הוסר מרשימת אנשי הקשר החסומים"},{"$i":"duplicate-block-number","$v":"אין אפשרות להוסיף מספר כפול."},{"$i":"sort-contacts","$v":"מיין אנשי קשר"},{"$i":"sort-by-first-name","$v":"מיין לפי שם פרטי"},{"$i":"sort-by-last-name","$v":"מיין לפי שם משפחה"},{"$i":"no-support-open-multi-vcard","$v":"לא ניתן לפתוח vCard עם אנשי קשר רבים"},{"$i":"import","$v":"ייבא"},{"$i":"sdcard","$v":"כרטיס זיכרון"},{"$i":"simcard","$v":"כרטיס SIM"},{"$i":"import-contacts","$v":"ייבא אנשי קשר"},{"$i":"simContacts-error","$v":"לא ניתן לייבא אנשי קשר מהכרטיס SIM"},{"$i":"memoryCardContacts-error","$v":"לא ניתן לייבא אנשי קשר מכרטיס הזיכרון"},{"$i":"novCardFiles","$v":"אין קובץ אנשי קשר בכרטיס הזיכרון."},{"$i":"fullDiskSpace-error","$v":"האחסון מלא, לא ניתן לייבא אנשי קשר."},{"$i":"socialServiceContacts-error","$v":["לא ניתן לייבא אנשי קשר מ-",{"t":"idOrVar","v":"service"},"."]},{"$i":"socialServiceContacts-noNetwork","$v":["אין חיבור אינטרנט. לא ניתן לייבא אנשי קשר מ-",{"t":"idOrVar","v":"service"},"."]},{"$i":"simContacts-reading","$v":"קורא אנשי קשר מכרטיס SIM…"},{"$i":"memoryCardContacts-reading","$v":"קורא אנשי קשר מכרטיס זיכרון…"},{"$i":"importContactsTitle","$v":"ייבא אנשי קשר"},{"$i":"retry","$v":"נסה שוב"},{"$i":"noSimMsg","$v":"כדי לייבא אנשי קשר הכנס כרטיס SIM או שחרר את נעילתו"},{"$i":"noSdcardMsg","$v":"כדי לייצא אנשי קשר הכנס כרטיס זיכרון"},{"$i":"not-imported","$v":"לא מיובא"},{"$i":"imported","$v":"מיובא"},{"$i":"importing","$v":"מייבא"},{"$i":"contact-imported","$v":[{"t":"idOrVar","v":"imported"}," אנשי קשר יובאו. ",{"t":"idOrVar","v":"dupes"}," אנשי קשר מוזגו."]},{"$i":"contact-imported2","$v":{"one":"איש קשר אחד מיובא.","zero":"איש קשר לא מיובא.","few":[{"t":"idOrVar","v":"imported"}," אנשי קשר יובאו."],"many":[{"t":"idOrVar","v":"imported"}," אנשי קשר יובאו."],"other":[{"t":"idOrVar","v":"imported"}," אנשי קשר יובאו."],"two":[{"t":"idOrVar","v":"imported"}," אנשי קשר יובאו."]},"$x":[{"t":"idOrVar","v":"plural"},"imported"]},{"$i":"reading-contacts-from-sim","$v":"קורא אנשי קשר מכרטיס SIM…"},{"$i":"reading-contacts-from-gmail","$v":"קורא אנשי קשר מ-Gmail…"},{"$i":"reading-contacts-from-live","$v":"קורא אנשי קשר מ-Outlook…"},{"$i":"reading-contacts-from-sd","$v":"קורא אנשי קשר מכרטיס זיכרון…"},{"$i":"reading-contacts-from-vcard","$v":"קורא אנשי קשר מקובץ…"},{"$i":"importing-contacts-from-sim","$v":"מייבא אנשי קשר מכרטיס SIM…"},{"$i":"importing-contacts-from-gmail","$v":"מייבא אנשי קשר מ-Gmail…"},{"$i":"importing-contacts-from-live","$v":"מייבא אנשי קשר מ-Outlook…"},{"$i":"importing-contacts-from-sd","$v":"מייבא אנשי קשר מכרטיס זיכרון…"},{"$i":"importing-contacts-from-vcard","$v":"מייבא אנשי קשר מקובץ…"},{"$i":"connect-network-to-import","$v":"כדי לייבא אנשי קשר, התחבר ל-WiFi או לרשת נתונים"},{"$i":"importing-confirm","$v":["האם לייבא ",{"t":"idOrVar","v":"n"}," אנשי קשר מתוך הקובץ \"",{"t":"idOrVar","v":"fileName"},"\"?"]},{"$i":"importing-cancel-confirm","$v":"0.0"},{"$i":"import-contact-failed","$v":"יבוא אנשי קשר נכשל"},{"$i":"phone-storage-full","$v":"אחסון הטלפון מלא."},{"$i":"import-contact-storage-full","$v":"לא ניתן לייבא אנשי קשר. מחק נתוני יישומים כדי לפנות שטח אחסון."},{"$i":"contact-import-error-disk-full","$v":"ייבוא אנשי קשר לא הושלם מכיוון שהאחסון מלא. מחק נתוני יישומים כדי לפנות מקום."},{"$i":"contact-import-error-sim-full","$v":"ייבוא אנשי הקשר לא הושלם משום שכרטיס ה-SIM מלא."},{"$i":"contact-import-error-unknown","$v":"ייבוא ​​אנשי קשר אינו שלם בגלל שגיאה."},{"$i":"import-contacts-canceled","$v":"0.0"},{"$i":"close","$v":"סגור"},{"$i":"import-process-cancel","$v":"תהליך הייבוא ​​בוטל."},{"$i":"import-limit-header","$v":"חריגה ממגבלת גודל הקובץ"},{"$i":"inner-import-limit-content","$v":"גודל קובץ אנשי הקשר העולה על 10MB לא הובא."},{"$i":"activity-import-limit-contact","$v":"ייבוא ​​אנשי הקשר עקב מגבלת גודל הקובץ נכשל."},{"$i":"activity-import-limit-additional","$v":"(גודל הקובץ חייב להיות פחות מ- 10MB.)"},{"$i":"bluetooth","$v":"בלוטות'"},{"$i":"export","$v":"ייצא"},{"$i":"export-contacts","$v":"ייצא אנשי קשר"},{"$i":"simExport-title","$v":"ייצא אל SIM"},{"$i":"memoryCardExport-title","$v":"מייצא לכרטיס זיכרון ..."},{"$i":"btExport-title","$v":"ייצא אל בלוטות'"},{"$i":"noSimMsgExport","$v":"כדי לייצא אנשי קשר הכנס כרטיס SIM או שחרר את נעילתו"},{"$i":"noSdcardExport","$v":"כדי לייצא אנשי קשר, הכנס כרטיס זיכרון."},{"$i":"bluetoothNoConnection","$v":"כדי לייצא אנשי קשר חבר התקן בלוטות'."},{"$i":"contact-exported","$v":[{"t":"idOrVar","v":"exported"}," אנשי קשר יוצאו."]},{"$i":"contact-exported2","$v":{"zero":"איש קשר לא ייצא.","one":"איש קשר אחד מיוצא.","few":[{"t":"idOrVar","v":"exported"}," אנשי קשר יוצאו."],"many":[{"t":"idOrVar","v":"exported"}," אנשי קשר יוצאו."],"other":[{"t":"idOrVar","v":"exported"}," אנשי קשר יוצאו."],"two":[{"t":"idOrVar","v":"exported"}," אנשי קשר יוצאו."]},"$x":[{"t":"idOrVar","v":"plural"},"exported"]},{"$i":"export-contact-failed","$v":"ייצוא איש קשר נכשל"},{"$i":"contact-export-error-sim-full","$v":"ייצוא אנשי הקשר לא הושלם, משום שכרטיס ה-SIM מלא."},{"$i":"contact-export-error-sd-full","$v":"ייצוא אנשי קשר שלא הושלמו בשל כרטיס הזיכרון מלא."},{"$i":"contact-export-error-unknown","$v":"אנשי קשר ליצוא לא הושלמו בגלל שגיאה."},{"$i":"contact-export-canceled","$v":"תהליך הייצוא בוטל."},{"$i":"save","$v":"שמור"},{"$i":"back","$v":"חזרה"},{"$i":"givenName","$v":"שם פרטי"},{"$i":"familyName","$v":"שם משפחה"},{"$i":"name","$v":"שם"},{"$i":"org","$v":"חברה"},{"$i":"ringtone","$v":"רינגטון"},{"$i":"note","$v":"הערה"},{"$i":"photo","$v":"תְמוּנָה"},{"$i":"email","$v":"דוא\"ל"},{"$i":"adr","$v":"כתובת"},{"$i":"custom","$v":"מותאם אישית"},{"$i":"confirm-discard-contact-data","$v":"מידע איש הקשר יימחק. האם ברצונך לשמור את איש הקשר הזה?"},{"$i":"confirm-discard-contact-update-data","$v":"השינויים יימחקו. האם ברצונך לשמור את איש הקשר הזה?"},{"$i":"discard-contact-data","$v":"השינויים יימחקו."},{"$i":"discard","$v":"מחק"},{"$i":"add-others","$v":"הוסף אחרים"},{"$i":"custom-label","$v":"תווית מותאמת אישית"},{"$i":"input-the-custom-type","$v":"נא הזן את הסוג המותאם אישית"},{"$i":"contact-added","$v":"איש קשר נוסף."},{"$i":"delete-prompt-message","$v":["למחוק את ",{"t":"idOrVar","v":"field"},"?"]},{"$i":"delete-photo-msg","$v":"תְמוּנָה"},{"$i":"delete-ringtone-msg","$v":"רינגטון"},{"$i":"delete-bday-msg","$v":"יום הולדת"},{"$i":"delete-note-msg","$v":"הערה"},{"$i":"delete-org-msg","$v":"חברה"},{"$i":"personal","$v":"אישי"},{"$i":"mobile","$v":"נייד"},{"$i":"current","$v":"נוכחי"},{"$i":"home","$v":"בית"},{"$i":"work","$v":"עבודה"},{"$i":"other","$v":"אחר"},{"$i":"fax-home","$v":"פקס בבית"},{"$i":"fax-office","$v":"פס במשרד"},{"$i":"fax-other","$v":"פקס אחר"},{"$i":"add-phone","$v":"הוסף טלפון"},{"$i":"add-tel","$v":"הוסף טלפון"},{"$i":"add-email","$v":"הוסף דוא\"ל"},{"$i":"add-ringtone","$v":"הוסף רינגטון"},{"$i":"add-adr","$v":"הוסף כתובת"},{"$i":"add-bday","$v":"הוסף יום הולדת"},{"$i":"add-photo","$v":"הוסף תמונה"},{"$i":"add-note","$v":"הוסף הערה"},{"$i":"add-org","$v":"הוסף חברה"},{"$i":"add-tel-number","$v":"הוסף מספר טלפון"},{"$i":"delete-tel","$v":"מחק מספר טלפון"},{"$i":"delete-email","$v":"מחק דוא\"ל"},{"$i":"delete-ringtone","$v":"מחק רינגטון"},{"$i":"delete-adr","$v":"מחק כתובת"},{"$i":"delete-bday","$v":"מחק יום הולדת"},{"$i":"delete-photo","$v":"מחק תמונה"},{"$i":"delete-note","$v":"מחק פתקית"},{"$i":"delete-org","$v":"מחק חברה"},{"$i":"edit-tel-type","$v":"ערוך סוג טלפון"},{"$i":"edit-email-type","$v":"ערוך סוג דוא\"ל"},{"$i":"edit-adr-type","$v":"ערוך סוג כתובת"},{"$i":"edit-bday-type","$v":"ערוך יום הולדת"},{"$i":"replace-photo","$v":"החלף תצלום"},{"$i":"replace-ringtone","$v":"החלף רינגטון"},{"$i":"mobile-tel","$v":"טלפון נייד"},{"$i":"home-tel","$v":"טלפון בבית"},{"$i":"work-tel","$v":"מספר טלפון בעבודה"},{"$i":"personal-tel","$v":"טלפון אישי"},{"$i":"fax-home-tel","$v":"פקס בבית"},{"$i":"fax-office-tel","$v":"פס במשרד"},{"$i":"fax-other-tel","$v":"פקס אחר"},{"$i":"other-tel","$v":"טלפון אחר"},{"$i":"personal-email","$v":"דואר אלקטרוני אישי"},{"$i":"work-email","$v":"אימייל לעבודה"},{"$i":"other-email","$v":"דוא\"ל אחר"},{"$i":"custom-email","$v":["דוא\"ל ",{"t":"idOrVar","v":"type"}]},{"$i":"custom-tel","$v":[{"t":"idOrVar","v":"type"}," טלפון"]},{"$i":"personal-adr","$v":"כתובת אישית"},{"$i":"current-adr","$v":"כתובת נוכחית"},{"$i":"home-adr","$v":"כתובת הבית"},{"$i":"work-adr","$v":"כתובת בעבודה"},{"$i":"custom-adr","$v":[{"t":"idOrVar","v":"type"}," כתובת"]},{"$i":"bday","$v":"יום הולדת"},{"$i":"birthday","$v":"יום הולדת"},{"$i":"streetAddress","$v":"רחוב"},{"$i":"locality","$v":"עיר"},{"$i":"postalCode","$v":"מיקוד"},{"$i":"countryName","$v":"מדינה"},{"$i":"region","$v":"State"},{"$i":"no-name","$v":"אין שם"},{"$i":"new-contact","$v":"איש קשר חדש"},{"$i":"options","$v":"אפשרויות"},{"$i":"cancel","$v":"בטל"},{"$i":"settings","$v":"הגדרות"},{"$i":"edit","$v":"ערוך"},{"$i":"share","$v":"שתף"},{"$i":"remove","$v":"הסר"},{"$i":"compose","$v":"צור"},{"$i":"new-contact-title","$v":"איש קשר חדש"},{"$i":"edit-title","$v":"ערוך איש קשר"},{"$i":"music","$v":"מוזיקה"},{"$i":"adr-type","$v":"סוג כתובת"},{"$i":"email-type","$v":"סוג אימייל"},{"$i":"tel-type","$v":"סוג טלפון"},{"$i":"ICEContactsGroup","$v":"אנשי קשר ICE"},{"$i":"setICEButton","$v":"הגדר אנשי קשר ICE"},{"$i":"ICESettingTitle","$v":"אנשי קשר ICE"},{"$i":"ICEDescription","$v":"הוסף חמישה אנשי קשר לביצוע שיחות \"במקרה חירום\"."},{"$i":"ICEContact","$v":["איש קשר ICE ",{"t":"idOrVar","v":"n"}]},{"$i":"ICESelectContact","$v":"בחר איש קשר"},{"$i":"delete-ice-contact-warning","$v":"האם אתה בטוח שברצונך למחוק את איש הקשר ICE?"},{"$i":"confirm","$v":"אישור"},{"$i":"add-ice-failed","$v":"הוסף את ICE נכשל"},{"$i":"create-group","$v":"צור קבוצה"},{"$i":"group-name","$v":"שם קבוצה"},{"$i":"group","$v":"קבוצה"},{"$i":"new-group-created","$v":"נוצרת קבוצה חדשה."},{"$i":"create-group-failed","$v":"יצירת הקבוצה נכשלה."},{"$i":"create-group-too-many","$v":["באפשרותך ליצור רק ",{"t":"idOrVar","v":"number"}," קבוצות."]},{"$i":"create-group-duplicate","$v":"שם כפול."},{"$i":"rename-group-failed","$v":"שינוי שם הקבוצה נכשל."},{"$i":"new-group","$v":"חדש"},{"$i":"rename","$v":"שנה שם"},{"$i":"duplicate-removed","$v":"הוסרו אנשי קשר כפולים."},{"$i":"add-to-group","$v":"הוסף לקבוצה"},{"$i":"remove-from-group","$v":"הסר מהקבוצה"},{"$i":"added-to","$v":["נוסף אל ",{"t":"idOrVar","v":"group"}]},{"$i":"removed-from","$v":["הוסרה מ- ",{"t":"idOrVar","v":"group"}]},{"$i":"select-group","$v":"בחר קבוצה"},{"$i":"rename-group","$v":"שנה את שם הקבוצה"},{"$i":"delete-group","$v":["האם אתה בטוח שברצונך למחוק את ",{"t":"idOrVar","v":"group"},"?"]},{"$i":"unable-add-warn","$v":"לא ניתן להוסיף איש קשר לחשבון לקבוצה."},{"$i":"edit-contact","$v":"ערוך איש קשר"},{"$i":"send-message","$v":"שלח הודעה"},{"$i":"call","$v":"שיחה"},{"$i":"call-sim-1","$v":"התקשר - SIM 1"},{"$i":"call-sim-2","$v":"התקשר - SIM 2"},{"$i":"send-email","$v":"שלח דוא\"ל"},{"$i":"choose-number","$v":"בחר מספר"},{"$i":"choose-email-address","$v":"בחר דואר אלקטרוני"},{"$i":"delete","$v":"מחק"},{"$i":"select","$v":"בחר"},{"$i":"select-all","$v":"בחר הכול"},{"$i":"select-all2","$v":"הכל"},{"$i":"deselect-all","$v":"בחר בחירת הכול"},{"$i":"deselect-all2","$v":"ללא"},{"$i":"deselect","$v":"בטל בחירה"},{"$i":"selected-contacts","$v":{"few":[{"t":"idOrVar","v":"n"}," נבחרו"],"many":[{"t":"idOrVar","v":"n"}," נבחרו"],"one":[{"t":"idOrVar","v":"n"}," נבחרו"],"other":[{"t":"idOrVar","v":"n"}," נבחרו"],"two":[{"t":"idOrVar","v":"n"}," נבחרו"],"zero":[{"t":"idOrVar","v":"n"}," נבחרו"]},"$x":[{"t":"idOrVar","v":"plural"},"n"]},{"$i":"massive-delete","$v":"מחק אנשי קשר"},{"$i":"confirm-contact-delete","$v":["האם אתה בטוח שברצונך למחוק את איש הקשר: \"",{"t":"idOrVar","v":"name"},"\"?"]},{"$i":"DeletedTxt","$v":{"few":[{"t":"idOrVar","v":"n"}," אנשי קשר סולקו"],"many":[{"t":"idOrVar","v":"n"}," אנשי קשר סולקו"],"one":"אישי קשר אחד הוסר","other":[{"t":"idOrVar","v":"n"}," אנשי קשר סולקו"],"two":[{"t":"idOrVar","v":"n"}," אנשי קשר סולקו"],"zero":"אין אנשי קשר למחיקה"},"$x":[{"t":"idOrVar","v":"plural"},"n"]},{"$i":"DeletingContacts","$v":"מחק אנשי קשר"},{"$i":"DeletingContactsProgressing","$v":"מוחק אנשי קשר"},{"$i":"ContactConfirmDel","$v":{"few":["למחוק ",{"t":"idOrVar","v":"n"}," אנשי קשר? לא ניתן לשחזר."],"many":["למחוק ",{"t":"idOrVar","v":"n"}," אנשי קשר? לא ניתן לשחזר."],"one":"למחוק איש קשר? לא ניתן לשחזר.","other":["למחוק ",{"t":"idOrVar","v":"n"}," אנשי קשר? לא ניתן לשחזר."],"two":["למחוק ",{"t":"idOrVar","v":"n"}," אנשי קשר? לא ניתן לשחזר."],"zero":"אין אנשי קשר למחיקה"},"$x":[{"t":"idOrVar","v":"plural"},"n"]},{"$i":"contact-deleted","$v":{"zero":"0.0","one":"איש קשר 1 נמחק.","few":[{"t":"idOrVar","v":"n"}," אנשי קשר נמחקו."],"many":[{"t":"idOrVar","v":"n"}," אנשי קשר נמחקו."],"other":[{"t":"idOrVar","v":"n"}," אנשי קשר נמחקו."],"two":[{"t":"idOrVar","v":"n"}," אנשי קשר נמחקו."]},"$x":[{"t":"idOrVar","v":"plural"},"n"]},{"$i":"a-contact-deleted","$v":"איש קשר נמחק."},{"$i":"settings-title","$v":"הגדרות אנשי קשר"},{"$i":"change-will-update-until-restart","$v":"השינויים יעודכנו בפעם הבאה שאנשי הקשר יושקו."},{"$i":"transfer-contacts","$v":"העבר אנשי קשר"},{"$i":"service-number","$v":"מספר שירות"},{"$i":"no-contacts-found","$v":"לא נמצאה התאמה."},{"$i":"search","$v":"חיפוש אנשי קשר","placeholder":"חיפוש אנשי קשר"},{"$i":"search-option","$v":"חפש"},{"$i":"accounts","$v":"חשבונות"},{"$i":"account","$v":"חשבון"},{"$i":"add-account","$v":"הוסף חשבון"},{"$i":"add-account-failed","$v":"אירעה שגיאה לא מוכרת. נסה שוב מאוחר יותר."},{"$i":"duplicate-account-warn","$v":"החשבון קיים כבר. סנכרון מופעל."},{"$i":"setting-up-account","$v":"הגדרת חשבון"},{"$i":"no-network-warn","$v":"אין חיבור אינטרנט."},{"$i":"username","$v":"שם משתמש"},{"$i":"password","$v":"סיסמה"},{"$i":"delete-account","$v":"מחק חשבון"},{"$i":"delete-account-long","$v":"מחק חשבון"},{"$i":"delete-account-warn","$v":"אם תמחק חשבון זה, יישומים שמשתמשים בחשבון זה יושפעו אף הם."},{"$i":"deleting-account","$v":"מוחק חשבון ..."},{"$i":"delete-account-failed","$v":"מחיקת החשבון נכשלה. נסה שוב מאוחר יותר."},{"$i":"delete-account-ok","$v":"החשבון נמחק."},{"$i":"sync","$v":"סנכרן"},{"$i":"sync-title","$v":"סנכרון אנשי קשר"},{"$i":"sync-failed-warn","$v":"סינכרון נכשל."},{"$i":"sync-off-warn","$v":"הסנכרון כבוי בהגדרות."},{"$i":"show-account-contacts","$v":"הצג אנשי קשר של החשבון"},{"$i":"sync-account-contacts","$v":"סנכרון אנשי קשר"},{"$i":"sync-account-contacts-warning","$v":["לא יתבצע סנכרון של עריכת אנשי קשר בחשבון עם הענן בעת ביטול הסימון של \"",{"t":"idOrVar","v":"switch"},"\". האם עדיין ברצונך לבטל סימון זה?"]},{"$i":"yes","$v":"כן"},{"$i":"all-contacts-synced","$v":"כל אנשי הקשר מסונכרנים."},{"$i":"contact-syncing","$v":"אנשי קשר סנכרון ..."},{"$i":"contacts-sync-limit-exceed","$v":"סנכרון אנשי קשר לא הושלם עקב חריגה ממגבלת אנשי הקשר."},{"$i":"show-password","$v":"הצג סיסמה"},{"$i":"password-incorrect","$v":"סיסמה שגויה."},{"$i":"re-enter-password","$v":"תכניס מחדש סיסמה"},{"$i":"accessing-warn","$v":"אירעה בעיה בגישה לחשבון שלך."},{"$i":"accessing-warn-password","$v":"הזן שוב את הסיסמה."},{"$i":"re-enter-password-on-setting","$v":"הזן מחדש את הסיסמה בהגדרת אנשי הקשר."},{"$i":"accessing-warn-relogin","$v":"מחק את החשבון והיכנס מחדש."},{"$i":"update-password-failed","$v":"עדכון הסיסמה נכשל. נסה שוב מאוחר יותר."},{"$i":"connect-time-out","$v":["לא ניתן ליצור חיבור אל \"",{"t":"idOrVar","v":"server"},"\". ייתכן שיש בעיה ברשת."]},{"$i":"server-error","$v":"השרת לא זמין. נסה שוב מאוחר יותר."},{"$i":"loading","$v":"טוען..."},{"$i":"ellipsis","$v":"..."},{"$i":"stop-syncing-warn-title","$v":"סנכרון אנשי קשר"},{"$i":"stop-syncing-warn","$v":"סגירת האפליקציה תפסיק את תהליך סנכרון אנשי הקשר. האם אתה עדיין רוצה לסגור אותו?"},{"$i":"weekday-0-long","$v":"ראשון"},{"$i":"weekday-1-long","$v":"שני"},{"$i":"weekday-2-long","$v":"שלישי"},{"$i":"weekday-3-long","$v":"רביעי"},{"$i":"weekday-4-long","$v":"חמישי"},{"$i":"weekday-5-long","$v":"שישי"},{"$i":"weekday-6-long","$v":"שבת"},{"$i":"weekday-0-short","$v":"א'"},{"$i":"weekday-1-short","$v":"ב'"},{"$i":"weekday-2-short","$v":"ג'"},{"$i":"weekday-3-short","$v":"ד'"},{"$i":"weekday-4-short","$v":"ה'"},{"$i":"weekday-5-short","$v":"ו'"},{"$i":"weekday-6-short","$v":"ש'"},{"$i":"month-0-long","$v":"ינואר"},{"$i":"month-1-long","$v":"פברואר"},{"$i":"month-2-long","$v":"מרץ"},{"$i":"month-3-long","$v":"אפריל"},{"$i":"month-4-long","$v":"מאי"},{"$i":"month-5-long","$v":"יוני"},{"$i":"month-6-long","$v":"יולי"},{"$i":"month-7-long","$v":"אוגוסט"},{"$i":"month-8-long","$v":"ספטמבר"},{"$i":"month-9-long","$v":"אוקטובר"},{"$i":"month-10-long","$v":"נובמבר"},{"$i":"month-11-long","$v":"דצמבר"},{"$i":"month-0-genitive","$v":"ינואר"},{"$i":"month-1-genitive","$v":"פברואר"},{"$i":"month-2-genitive","$v":"מרץ"},{"$i":"month-3-genitive","$v":"אפריל"},{"$i":"month-4-genitive","$v":"מאי"},{"$i":"month-5-genitive","$v":"יוני"},{"$i":"month-6-genitive","$v":"יולי"},{"$i":"month-7-genitive","$v":"אוגוסט"},{"$i":"month-8-genitive","$v":"ספטמבר"},{"$i":"month-9-genitive","$v":"אוקטובר"},{"$i":"month-10-genitive","$v":"נובמבר"},{"$i":"month-11-genitive","$v":"דצמבר"},{"$i":"month-0-short","$v":"ינו"},{"$i":"month-1-short","$v":"פבר"},{"$i":"month-2-short","$v":"מרץ"},{"$i":"month-3-short","$v":"אפר"},{"$i":"month-4-short","$v":"מאי"},{"$i":"month-5-short","$v":"יונ"},{"$i":"month-6-short","$v":"יול"},{"$i":"month-7-short","$v":"אוג"},{"$i":"month-8-short","$v":"ספט"},{"$i":"month-9-short","$v":"אוק"},{"$i":"month-10-short","$v":"נוב"},{"$i":"month-11-short","$v":"דצמ"},{"$i":"minutes-ago-long","$v":{"few":["לפני ",{"t":"idOrVar","v":"value"}," דקות"],"many":["לפני ",{"t":"idOrVar","v":"value"}," דקות"],"other":["לפני ",{"t":"idOrVar","v":"value"}," דקות"],"two":["לפני ",{"t":"idOrVar","v":"value"}," דקות"],"one":"לפני דקה","zero":"בדיוק כעת"},"$x":[{"t":"idOrVar","v":"plural"},"value"]},{"$i":"hours-ago-long","$v":{"few":["לפני ",{"t":"idOrVar","v":"value"}," שעות"],"many":["לפני ",{"t":"idOrVar","v":"value"}," שעות"],"other":["לפני ",{"t":"idOrVar","v":"value"}," שעות"],"two":["לפני ",{"t":"idOrVar","v":"value"}," שעות"],"one":"לפני 1 שעה","zero":"בדיוק כעת"},"$x":[{"t":"idOrVar","v":"plural"},"value"]},{"$i":"days-ago-long","$v":{"few":["לפני ",{"t":"idOrVar","v":"value"}," ימים"],"many":["לפני ",{"t":"idOrVar","v":"value"}," ימים"],"one":"אתמול","other":["לפני ",{"t":"idOrVar","v":"value"}," ימים"],"two":["לפני ",{"t":"idOrVar","v":"value"}," ימים"],"zero":"היום"},"$x":[{"t":"idOrVar","v":"plural"},"value"]},{"$i":"weeks-ago-long","$v":{"few":["לפני ",{"t":"idOrVar","v":"value"}," שבועות"],"many":["לפני ",{"t":"idOrVar","v":"value"}," שבועות"],"one":"השבוע שעבר","other":["לפני ",{"t":"idOrVar","v":"value"}," שבועות"],"two":["לפני ",{"t":"idOrVar","v":"value"}," שבועות"],"zero":"השבוע"},"$x":[{"t":"idOrVar","v":"plural"},"value"]},{"$i":"months-ago-long","$v":{"few":["לפני ",{"t":"idOrVar","v":"value"}," חודשים"],"many":["לפני ",{"t":"idOrVar","v":"value"}," חודשים"],"one":"חודש האחרון","other":["לפני ",{"t":"idOrVar","v":"value"}," חודשים"],"two":["לפני ",{"t":"idOrVar","v":"value"}," חודשים"],"zero":"החודש"},"$x":[{"t":"idOrVar","v":"plural"},"value"]},{"$i":"years-ago-long","$v":{"few":["לפני ",{"t":"idOrVar","v":"value"}," שנים"],"many":["לפני ",{"t":"idOrVar","v":"value"}," שנים"],"one":"השנה שעברה","other":["לפני ",{"t":"idOrVar","v":"value"}," שנים"],"two":["לפני ",{"t":"idOrVar","v":"value"}," שנים"],"zero":"השנה"},"$x":[{"t":"idOrVar","v":"plural"},"value"]},{"$i":"minutes-until-long","$v":{"few":["בתוך ",{"t":"idOrVar","v":"value"}," דקות"],"many":["בתוך ",{"t":"idOrVar","v":"value"}," דקות"],"other":["בתוך ",{"t":"idOrVar","v":"value"}," דקות"],"two":["בתוך ",{"t":"idOrVar","v":"value"}," דקות"],"zero":"כעת","one":"תוך דקה"},"$x":[{"t":"idOrVar","v":"plural"},"value"]},{"$i":"hours-until-long","$v":{"few":["בתוך ",{"t":"idOrVar","v":"value"}," שעות"],"many":["בתוך ",{"t":"idOrVar","v":"value"}," שעות"],"other":["בתוך ",{"t":"idOrVar","v":"value"}," שעות"],"two":["בתוך ",{"t":"idOrVar","v":"value"}," שעות"],"zero":"כעת","one":"תוך שעה"},"$x":[{"t":"idOrVar","v":"plural"},"value"]},{"$i":"days-until-long","$v":{"few":["בתוך ",{"t":"idOrVar","v":"value"}," ימים"],"many":["בתוך ",{"t":"idOrVar","v":"value"}," ימים"],"one":"מחר","other":["בתוך ",{"t":"idOrVar","v":"value"}," ימים"],"two":["בתוך ",{"t":"idOrVar","v":"value"}," ימים"],"zero":"היום"},"$x":[{"t":"idOrVar","v":"plural"},"value"]},{"$i":"weeks-until-long","$v":{"few":["בתוך ",{"t":"idOrVar","v":"value"}," שבועות"],"many":["בתוך ",{"t":"idOrVar","v":"value"}," שבועות"],"one":"השבוע הבא","other":["בתוך ",{"t":"idOrVar","v":"value"}," שבועות"],"two":["בתוך ",{"t":"idOrVar","v":"value"}," שבועות"],"zero":"השבוע"},"$x":[{"t":"idOrVar","v":"plural"},"value"]},{"$i":"months-until-long","$v":{"few":["בתוך ",{"t":"idOrVar","v":"value"}," חודשים"],"many":["בתוך ",{"t":"idOrVar","v":"value"}," חודשים"],"one":"החודש הבא","other":["בתוך ",{"t":"idOrVar","v":"value"}," חודשים"],"two":["בתוך ",{"t":"idOrVar","v":"value"}," חודשים"],"zero":"החודש"},"$x":[{"t":"idOrVar","v":"plural"},"value"]},{"$i":"years-until-long","$v":{"few":["בתוך ",{"t":"idOrVar","v":"value"}," שנים"],"many":["בתוך ",{"t":"idOrVar","v":"value"}," שנים"],"one":"השנה הבאה","other":["בתוך ",{"t":"idOrVar","v":"value"}," שנים"],"two":["בתוך ",{"t":"idOrVar","v":"value"}," שנים"],"zero":"השנה"},"$x":[{"t":"idOrVar","v":"plural"},"value"]},{"$i":"minutes-ago-short","$v":{"other":[{"t":"idOrVar","v":"value"}," דק' לפני"],"zero":"בדיוק כעת"},"$x":[{"t":"idOrVar","v":"plural"},"value"]},{"$i":"hours-ago-short","$v":{"other":[{"t":"idOrVar","v":"value"}," שע' לפני"],"zero":"בדיוק כעת"},"$x":[{"t":"idOrVar","v":"plural"},"value"]},{"$i":"days-ago-short","$v":{"other":[{"t":"idOrVar","v":"value"}," ימים לפני"],"zero":"היום"},"$x":[{"t":"idOrVar","v":"plural"},"value"]},{"$i":"minutes-until-short","$v":{"other":["בתוך ",{"t":"idOrVar","v":"value"},"דקות"],"zero":"כעת"},"$x":[{"t":"idOrVar","v":"plural"},"value"]},{"$i":"hours-until-short","$v":{"other":["בתוך ",{"t":"idOrVar","v":"value"},"שעות"],"zero":"כעת"},"$x":[{"t":"idOrVar","v":"plural"},"value"]},{"$i":"days-until-short","$v":{"other":["בתוך ",{"t":"idOrVar","v":"value"},"ימים"],"zero":"היום"},"$x":[{"t":"idOrVar","v":"plural"},"value"]},{"$i":"incorrectDate","$v":"(תאריך שגוי)"},{"$i":"dateTimeFormat_%c","$v":"%a %b %e %Y %I:%M:%S %p"},{"$i":"dateTimeFormat_%x","$v":"%m/%d/%Y"},{"$i":"dateTimeFormat_%X","$v":"%I:%M:%S ‏%p"},{"$i":"shortTimeFormat","$v":"%I:%M %p"},{"$i":"shortTimeFormat12","$v":"%I:%M %p"},{"$i":"shortTimeFormat24","$v":"%H:%M"},{"$i":"shortDateTimeFormat","$v":"%x %I:%M %p"},{"$i":"weekStartsOnMonday","$v":"0.0"},{"$i":"firstDayOfTheWeek","$v":"0.0"},{"$i":"time_am","$v":"בבוקר"},{"$i":"time_pm","$v":"אחר הצהריים"},{"$i":"sim-with-index-and-carrier","$v":["SIM ",{"t":"idOrVar","v":"index"}," - ",{"t":"idOrVar","v":"carrier"}]},{"$i":"sim-without-carrier","$v":["SIM ",{"t":"idOrVar","v":"index"}]}]