[{"$i":"contacts","$v":"संपर्क"},{"$i":"view","$v":"देखें"},{"$i":"no-contacts","$v":"कोई संपर्क नहीं"},{"$i":"reading-contacts","$v":"संपर्क लोड हो रहे हैं"},{"$i":"start-adding","$v":"संपर्कों को जोड़ने के लिए नया दबाएं या सेटिंग्स पर जाएं।"},{"$i":"no-contact-available","$v":"कोई संपर्क उपलब्ध नहीं हैं"},{"$i":"requested-contact-not-available","$v":"मांगी गई जानकारी मौजूदा संपर्कों पर उपलब्ध नहीं"},{"$i":"cannot-add-as-empty","$v":"संपर्क में नहीं जोड़ा जा सकता क्योंकि आपका संपर्क लिस्ट खाली हैं"},{"$i":"ok","$v":"ठीक हैं"},{"$i":"no-phone-number-to-dial","$v":"डायल करने के लिए कोई फ़ोन नंबर नहीं हैं"},{"$i":"video-call","$v":"वीडियो कॉल"},{"$i":"rtt-call","$v":"आर.टी.टी कॉल"},{"$i":"select-a-contact","$v":"एक संपर्क चुनें"},{"$i":"multi-pick-max-warn","$v":["अधिकतम चयनित गणना ",{"t":"idOrVar","v":"n"}," है"]},{"$i":"add-contact-failed","$v":"संपर्क जोड़ना विफल रहा"},{"$i":"no-sim-card-available","$v":"कोई सिम कार्ड नहीं है"},{"$i":"email-cannot-add-to-sim","$v":"वर्तमान मेमोरी चयन द्वारा ईमेल समर्थित नहीं है।"},{"$i":"add-info-failed","$v":"जानकारी जोड़ना विफल रहा"},{"$i":"no-contact-to-add","$v":"जोड़ने के लिए कोई संपर्क उपलब्ध नहीं है।"},{"$i":"move","$v":"ले जाएं"},{"$i":"copy","$v":"कॉपी"},{"$i":"copy-contacts","$v":"संपर्क कॉपी कीजिए"},{"$i":"move-contacts","$v":"संपर्क ले जाएं"},{"$i":"phone-memory","$v":"फ़ोन मेमोरी"},{"$i":"sim-memory","$v":"सिम मेमोरी"},{"$i":"sim-0-memory","$v":"सिम 1 मेमोरी"},{"$i":"sim-1-memory","$v":"सिम 2 मेमोरी"},{"$i":"move-from","$v":"से ले जाएं"},{"$i":"copy-from","$v":"से कोपी"},{"$i":"to","$v":"प्रति"},{"$i":"move-contacts-progressing","$v":"संपर्क ले जा रहे है.."},{"$i":"copy-contacts-progressing","$v":"संपर्क कॉपी हो रहे है..."},{"$i":"contact-move-to-sim","$v":{"few":[{"t":"idOrVar","v":"migrated"}," संपर्क सिम में मूव हुए."],"many":[{"t":"idOrVar","v":"migrated"}," संपर्क सिम में मूव हुए."],"one":"1 संपर्क सिम में मूव हुए .","other":[{"t":"idOrVar","v":"migrated"}," संपर्क सिम में मूव हुए."],"two":[{"t":"idOrVar","v":"migrated"}," संपर्क सिम में मूव हुए."],"zero":"कोई भी संपर्क सिम में  मूव नहीं हुए ."},"$x":[{"t":"idOrVar","v":"plural"},"migrated"]},{"$i":"contact-copy-to-sim","$v":{"few":[{"t":"idOrVar","v":"migrated"}," संपर्क सिम में कॉपी हुए."],"many":[{"t":"idOrVar","v":"migrated"}," संपर्क सिम में कॉपी हुए."],"one":"1 संपर्क सिम में कॉपी हुए .","other":[{"t":"idOrVar","v":"migrated"}," संपर्क सिम में कॉपी हुए."],"two":[{"t":"idOrVar","v":"migrated"}," संपर्क सिम में कॉपी हुए."],"zero":"सिम में कोई भी संपर्क कॉपी नहीं हुए."},"$x":[{"t":"idOrVar","v":"plural"},"migrated"]},{"$i":"contact-move-to-sim0","$v":{"few":[{"t":"idOrVar","v":"migrated"}," संपर्क सिम 1 में मूव हुए."],"many":[{"t":"idOrVar","v":"migrated"}," संपर्क सिम 1 में मूव हुए."],"one":"1 संपर्क सिम 1 में मूव हुए .","other":[{"t":"idOrVar","v":"migrated"}," संपर्क सिम 1 में मूव हुए."],"two":[{"t":"idOrVar","v":"migrated"}," संपर्क सिम 1 में मूव हुए."],"zero":"कोई संपर्क सिम 1 में  मूव नहीं हुए ."},"$x":[{"t":"idOrVar","v":"plural"},"migrated"]},{"$i":"contact-copy-to-sim0","$v":{"few":[{"t":"idOrVar","v":"migrated"}," संपर्क सिम 1 में कॉपी हुए."],"many":[{"t":"idOrVar","v":"migrated"}," संपर्क सिम 1 में कॉपी हुए."],"one":"1 संपर्क सिम 1 में कॉपी हुए.","other":[{"t":"idOrVar","v":"migrated"}," संपर्क सिम 1 में कॉपी हुए."],"two":[{"t":"idOrVar","v":"migrated"}," संपर्क सिम 1 में कॉपी हुए."],"zero":"सिम 1 में कोई भी संपर्क कॉपी नहीं हुए."},"$x":[{"t":"idOrVar","v":"plural"},"migrated"]},{"$i":"contact-move-to-sim1","$v":{"few":[{"t":"idOrVar","v":"migrated"}," संपर्क सिम 2 में मूव हुए."],"many":[{"t":"idOrVar","v":"migrated"}," संपर्क सिम 2 में मूव हुए."],"one":"1 संपर्क सिम 2 में मूव हुए .","other":[{"t":"idOrVar","v":"migrated"}," संपर्क सिम 2 में मूव हुए."],"two":[{"t":"idOrVar","v":"migrated"}," संपर्क सिम 2 में मूव हुए."],"zero":"कोई संपर्क सिम 2 में  मूव नहीं हुए ."},"$x":[{"t":"idOrVar","v":"plural"},"migrated"]},{"$i":"contact-copy-to-sim1","$v":{"few":[{"t":"idOrVar","v":"migrated"}," संपर्क सिम 2 में कॉपी हुए."],"many":[{"t":"idOrVar","v":"migrated"}," संपर्क सिम 2 में कॉपी हुए."],"one":"1 संपर्क सिम 2 में कॉपी हुए.","other":[{"t":"idOrVar","v":"migrated"}," संपर्क सिम 2 में कॉपी हुए."],"two":[{"t":"idOrVar","v":"migrated"}," संपर्क सिम 2 में कॉपी हुए."],"zero":"सिम 2 में कोई भी संपर्क कॉपी नहीं हुए."},"$x":[{"t":"idOrVar","v":"plural"},"migrated"]},{"$i":"contact-move-to-device","$v":{"one":"1 संपर्क डिवाइस में मूव हुए .","zero":"कोई भी संपर्क डिवाइस में मूव नहीं हुए .","few":[{"t":"idOrVar","v":"migrated"}," संपर्क डिवाइस में मूव हुए."],"many":[{"t":"idOrVar","v":"migrated"}," संपर्क डिवाइस में मूव हुए."],"other":[{"t":"idOrVar","v":"migrated"}," संपर्क डिवाइस में मूव हुए."],"two":[{"t":"idOrVar","v":"migrated"}," संपर्क डिवाइस में मूव हुए."]},"$x":[{"t":"idOrVar","v":"plural"},"migrated"]},{"$i":"contact-copy-to-device","$v":{"one":"1 संपर्क डिवाइस में कॉपी हुए.","zero":"कोई भी संपर्क डिवाइस में कॉपी नहीं हुए.","few":[{"t":"idOrVar","v":"migrated"}," संपर्क डिवाइस में कॉपी हुए."],"many":[{"t":"idOrVar","v":"migrated"}," संपर्क डिवाइस में कॉपी हुए."],"other":[{"t":"idOrVar","v":"migrated"}," संपर्क डिवाइस में कॉपी हुए."],"two":[{"t":"idOrVar","v":"migrated"}," संपर्क डिवाइस में कॉपी हुए."]},"$x":[{"t":"idOrVar","v":"plural"},"migrated"]},{"$i":"copy-contact-failed","$v":"संपर्क कॉपी करने में विफल"},{"$i":"move-contact-failed","$v":"संपर्क मूव करने में विफ़ल रहा"},{"$i":"contact-copy-error-sim-full","$v":"सिम कार्ड भर जाने के कारण संपर्क कॉपी करने में पूरा नहीं हुआ।"},{"$i":"contact-copy-error-unknown","$v":"किसी त्रुटि के कारण संपर्क कॉपी करने में पूरा नहीं हुआ।"},{"$i":"contact-copy-error-limit-exceeded","$v":"फ़ोन संपर्क की सीमा पार होने के कारण संपर्क कॉपी करना पूरा नहीं हो पाया।"},{"$i":"contact-move-error-sim-full","$v":"सिम कार्ड भर जाने के कारण संपर्क मूव करने में पूरा नहीं हुआ।"},{"$i":"contact-move-error-unknown","$v":"किसी त्रुटि के कारण संपर्क मूव करने में पूरा नहीं हुआ।"},{"$i":"contact-move-error-limit-exceeded","$v":"फ़ोन संपर्क की सीमा पार होने के कारण संपर्क ले जा नही पाएं।"},{"$i":"contact-save-error-unknown","$v":"किसी त्रुटि के कारण सेव किया गया संपर्क पूरा नहीं हुआ।"},{"$i":"memory","$v":"मेमोरी"},{"$i":"phone-and-sim","$v":"फ़ोन और सिम"},{"$i":"phone","$v":"फ़ोन"},{"$i":"sim","$v":"सिम"},{"$i":"reloading-contact","$v":"संपर्क दोबारा लोड हो रहा है..."},{"$i":"contact-reloaded","$v":"संपर्क दोबारा लोड कीये गए"},{"$i":"message","$v":"संदेश"},{"$i":"changes-saved","$v":"परिवर्तन सेव किया गया।"},{"$i":"already-ice-contact","$v":"यह संपर्क पहले से ही एक ICE संपर्क है"},{"$i":"phone-contacts-limit-exceeded","$v":"फ़ोन संपर्क सीमा पार हो गई है।"},{"$i":"sim-contacts-limit-exceeded","$v":"सिम संपर्क सीमा पार हो गई है।"},{"$i":"more-info","$v":"अधिक"},{"$i":"callAirplaneModeTitle","$v":"एयरप्लेन मोड सक्रिय किया गया"},{"$i":"callAirplaneModeMessage","$v":"कॉल करने के लिए आपको सेटिंगस में जाकर एयरप्लेन मोड को अक्षम करना होगा।"},{"$i":"emergencyDialogTitle","$v":"कोई नेटवर्क कनेक्शन नहीं हैं"},{"$i":"emergencyDialogBodyBadNumber","$v":"कॉल करने के लिए, फ़ोन को किसी नेटवर्क से कनेक्ट करना चाहिए।"},{"$i":"emergencyDialogBodyDeviceNotAccepted","$v":"नेटवर्क द्वारा आपातकालीन कॉल की अनुमति नहीं हैं।"},{"$i":"invalidNumberToDialTitle","$v":"अमान्य फ़ोन नंबर"},{"$i":"invalidNumberToDialMessage","$v":"आप जिस फ़ोन नंबर पर कॉल कर रहे हैं, वह मान्य नहीं हैं।"},{"$i":"invalidNumberToSendTitle","$v":"अमान्य फ़ोन नंबर"},{"$i":"invalidNumberToSendMessage","$v":"जिस फ़ोन नंबर पर आप संदेश भेज रहे हैं वह वैध नहीं है।"},{"$i":"emergency-call-only","$v":"केवल आपातकालीन कॉल"},{"$i":"emergency-call-error","$v":[{"t":"idOrVar","v":"number"}," आपातकालीन नंबर नहीं हैं।"]},{"$i":"numberIsBusyTitle","$v":"नंबर व्यस्त हैं"},{"$i":"numberIsBusyMessage","$v":"नंबर वर्तमान में व्यस्त हैं। कृपया पुनः प्रयास करें।"},{"$i":"fdnIsActiveTitle","$v":"FDN सक्रिय हैं"},{"$i":"fdnIsActiveMessage","$v":["FDN (फिक्स्ड डायलिंग नंबर) सक्रिय हैं और निम्न नंबर आपकी FDN लिस्ट में नहीं हैं: ",{"t":"idOrVar","v":"number"}]},{"$i":"otherConnectionInUseTitle","$v":"अन्य कनेक्शन उपयोग में हैं"},{"$i":"otherConnectionInUseMessage","$v":"आपके पास किसी अन्य कनेक्शन पर एक सक्रिय कॉल हैं। आप एक समय में केवल एक कनेक्शन का उपयोग कर सकते हैं।"},{"$i":"GenericFailure","$v":"सामान्य विफलता"},{"$i":"CallFailed","$v":"कॉल विफल रहा"},{"$i":"scCallBarring","$v":"कॉल प्रतिबंध"},{"$i":"scCallForwarding","$v":"कॉल फॉरवार्डिंग"},{"$i":"scClip","$v":"इनकमिंग कॉलर ID"},{"$i":"scClir","$v":"आउटगोइंग कॉलर ID"},{"$i":"scPwd","$v":"पासवर्ड बदलें"},{"$i":"scCallWaiting","$v":"कॉल प्रतीक्षा में हैं"},{"$i":"scPin","$v":"पिन बदलें"},{"$i":"scPin2","$v":"पिन2 बदलें"},{"$i":"scPuk","$v":"पिन अनब्लॉक करें"},{"$i":"scPuk2","$v":"पिन2 अनब्लॉक करें"},{"$i":"scImei","$v":"IMEI"},{"$i":"scMeid","$v":"MEID"},{"$i":"scUssd","$v":"USSD"},{"$i":"set-speed-dial","$v":"स्पीड डायल संपर्क सेट करें"},{"$i":"empty","$v":"खाली हैं"},{"$i":"voicemail","$v":"वॉयसमेल"},{"$i":"speed-dial","$v":"स्पीड डायल"},{"$i":"add","$v":"जोड़ें"},{"$i":"replace","$v":"बदलें"},{"$i":"remove-from-speed-dial","$v":"स्पीड डायल से हटाएं"},{"$i":"custom-dialog-replace-speed-dial","$v":["क्या आप स्पीड डायल ",{"t":"idOrVar","v":"oldSpeedDial"}," को ",{"t":"idOrVar","v":"newSpeedDial"}," से बदलना चाहते हैं?"]},{"$i":"custom-dialog-remove-speed-dial","$v":["क्या आप ",{"t":"idOrVar","v":"name"}," को स्पीड डायल से हटाना चाहते हैं?"]},{"$i":"speed-dial-added","$v":"स्पीड डायल नंबर जोड़ा गया।"},{"$i":"speed-dial-removed","$v":"स्पीड डायल नंबर हटाया गया।"},{"$i":"speed-dial-replaced","$v":"स्पीड डायल नंबर अपडेट किया गया।"},{"$i":"voice-mail","$v":"वॉयस मेल"},{"$i":"voice-mail-number","$v":["वॉयस मेल नंबर - सिम ",{"t":"idOrVar","v":"n"}]},{"$i":"voice-mail-number-single","$v":"वॉयस मेल नंबर"},{"$i":"voice-mail-number-updated","$v":"वॉयस मेल नंबर का अपडेट किया गया"},{"$i":"found-duplicates-message","$v":"निम्नलिखित संपर्कों में डुप्लिकेट जानकारी मिली थी। क्या आप मर्ज करना चाहते हैं?"},{"$i":"confirm-to-merge-contacts","$v":["क्या आप ",{"t":"idOrVar","v":"name"}," वाले ",{"t":"idOrVar","v":"n"}," संपर्कों को मर्ज करना चाहते हैं?"]},{"$i":"contact-merged","$v":"संपर्क मर्ज कर दिए गए हैं"},{"$i":"find-duplicate-contacts","$v":"डुप्लिकेट संपर्क ढूँढें"},{"$i":"no-duplicate-contact-found","$v":"कोई डुप्लिकेट संपर्क नहीं मिले"},{"$i":"merge","$v":"मर्ज करें"},{"$i":"find-dup","$v":"डुप्लिकेट संपर्क ढूँढें"},{"$i":"find-dup-title","$v":"डुप्लिकेट संपर्क ढूँढें"},{"$i":"finding-dup-message","$v":"डुप्लिकेट संपर्क ढूँढ रहे हैं..."},{"$i":"dup-found-title","$v":"डुप्लिकेट मिले"},{"$i":"dup-found-message","$v":"निम्नलिखित संपर्क में डुप्लिकेट जानकारी मिली। क्या आप मर्ज करना चाहेंगे?"},{"$i":"no-dup-found","$v":"कोई डुप्लिकेट नहीं मिला"},{"$i":"merge-conflict-warn","$v":["निम्नलिखित जानकारी \"",{"t":"idOrVar","v":"name"},"\" द्वारा ओवरराइट कर दी जाएगी:"]},{"$i":"merge-conflict-confirm","$v":"क्या आप वाकई संपर्क मर्ज करना चाहते हैं?"},{"$i":"add-favorite","$v":"पसंदीदा के रूप में जोड़ें"},{"$i":"remove-favorite","$v":"पसंदीदा से हटाएं"},{"$i":"favorite-contacts","$v":"पसंदीदा संपर्क"},{"$i":"add-block","$v":"इस नंबर को ब्लॉक करें"},{"$i":"remove-block","$v":"इस नंबर को अनब्लॉक करें"},{"$i":"add-block-email","$v":"इस ईमेल को ब्लॉक करें"},{"$i":"remove-block-email","$v":"इस ईमेल को अनब्लॉक करें"},{"$i":"add-block-contact-warning","$v":"ब्लॉक सूची वाले लोगों से आपको फोन कॉल, संदेश प्राप्त नहीं होंगे।"},{"$i":"add-block-email-warning","$v":"आपको इस ईमेल एड्रेस से संदेश प्राप्त नहीं होंगे।"},{"$i":"block","$v":"ब्लॉक"},{"$i":"unblock","$v":"अनब्लॉक"},{"$i":"block-contacts","$v":"संपर्कों को ब्लॉक करें"},{"$i":"add-block-header","$v":"ब्लॉक नंबर को जोड़ें"},{"$i":"remove-block-alert","$v":"ब्लॉक संपर्कों को हटाया गया।"},{"$i":"duplicate-block-number","$v":"डुप्लिकेट नंबर जोड़ा नहीं जा सकता।"},{"$i":"sort-contacts","$v":"संपर्कों को क्रमबद्ध करें"},{"$i":"sort-by-first-name","$v":"नाम से क्रमबद्ध करें"},{"$i":"sort-by-last-name","$v":"उपनाम से क्रमबद्ध करें"},{"$i":"no-support-open-multi-vcard","$v":"एकाधिक संपर्कों के साथ विकार्ड खोल नहीं सकते"},{"$i":"import","$v":"आयात करें"},{"$i":"sdcard","$v":"मेमोरी कार्ड"},{"$i":"simcard","$v":"सिम कार्ड"},{"$i":"import-contacts","$v":"संपर्क आयात करें"},{"$i":"simContacts-error","$v":"सिम से संपर्क आयात नहीं हुआ"},{"$i":"memoryCardContacts-error","$v":"मेमोरी कार्ड से संपर्क आयात नहीं हुआ"},{"$i":"novCardFiles","$v":"मेमोरी कार्ड में कोई संपर्क फाइल उपलब्ध नहीं है।"},{"$i":"fullDiskSpace-error","$v":"स्टोरेज भरा हुआ है, संपर्कों का आयात करने में असमर्थ हैं।"},{"$i":"socialServiceContacts-error","$v":[{"t":"idOrVar","v":"service"}," से संपर्क आयात नहीं किया जा सका"]},{"$i":"socialServiceContacts-noNetwork","$v":["कोई इंटरनेट कनेक्ट नहीं है, ",{"t":"idOrVar","v":"service"}," से संपर्क आयात नहीं कर सकते।"]},{"$i":"simContacts-reading","$v":"सिम कार्ड से संपर्क पढ़ रहा हैं..."},{"$i":"memoryCardContacts-reading","$v":"मेमोरी कार्ड से संपर्क पढ़ रहा हैं..."},{"$i":"importContactsTitle","$v":"संपर्क आयात करें"},{"$i":"retry","$v":"पुन: प्रयास करें"},{"$i":"noSimMsg","$v":"संपर्क आयात करने के लिए अपना सिम कार्ड डालें या अनलॉक करें"},{"$i":"noSdcardMsg","$v":"संपर्क लेने के लिए मेमोरी कार्ड डालें"},{"$i":"not-imported","$v":"आयात नहीं किया गया"},{"$i":"imported","$v":"आयात किया गया"},{"$i":"importing","$v":"आयात कर रहे है"},{"$i":"contact-imported","$v":["लिए गए ",{"t":"idOrVar","v":"imported"}," संपर्क। ",{"t":"idOrVar","v":"dupes"}," मर्ज किए गए संपर्क।"]},{"$i":"contact-imported2","$v":{"one":"1 संपर्क का आयात किया गया।","zero":"कोई संपर्क आयात नहीं किया गया","few":["आयात ",{"t":"idOrVar","v":"imported"}," संपर्क."],"many":["आयात ",{"t":"idOrVar","v":"imported"}," संपर्क."],"other":["आयात ",{"t":"idOrVar","v":"imported"}," संपर्क."],"two":["आयात ",{"t":"idOrVar","v":"imported"}," संपर्क."]},"$x":[{"t":"idOrVar","v":"plural"},"imported"]},{"$i":"reading-contacts-from-sim","$v":"सिम कार्ड से संपर्क[कों] को रीड किया जा रहा है..."},{"$i":"reading-contacts-from-gmail","$v":"Gmail से संपर्क[कों] को रीड किया जा रहा है..."},{"$i":"reading-contacts-from-live","$v":"आउटलुक से संपर्क[कों] को रीड किया जा रहा है..."},{"$i":"reading-contacts-from-sd","$v":"मेमोरी कार्ड से संपर्क[कों] को रीड किया जा रहा है..."},{"$i":"reading-contacts-from-vcard","$v":"फ़ाइल से संपर्क[कों] को रीड किया जा रहा है..."},{"$i":"importing-contacts-from-sim","$v":"सिम कार्ड से संपर्क[कों] आयात किए जा रहे हैं..."},{"$i":"importing-contacts-from-gmail","$v":"Gmail से संपर्क(कों]आयात किए जा रहे हैं..."},{"$i":"importing-contacts-from-live","$v":"आउटलुक से संपर्क(कों) आयात किए जा रहे हैं..."},{"$i":"importing-contacts-from-sd","$v":"मेमोरी कार्ड से संपर्क(कों) आयात किए जा रहे हैं.."},{"$i":"importing-contacts-from-vcard","$v":"फ़ाइल से संपर्क[कों] आयात किए जा रहे हैं..."},{"$i":"connect-network-to-import","$v":"संपर्कों को आयात करने के लिए, WiFi या डेटा नेटवर्क से कनेक्ट करें"},{"$i":"importing-confirm","$v":["फ़ाइल \"",{"t":"idOrVar","v":"fileName"},"\" से ",{"t":"idOrVar","v":"n"}," संपर्क(ओं) को आयात करना चाहते हैं?"]},{"$i":"importing-cancel-confirm","$v":"अगर आप इस स्क्रीन को बंद करते हैं तो आयात प्रक्रिया बंद कर दी जाएगी।क्या आप अभी भी इसे बंद करना चाहते हैं?"},{"$i":"import-contact-failed","$v":"संपर्क आयत विफ़ल रहा"},{"$i":"phone-storage-full","$v":"फोन स्टोरेज भरा हुआ है"},{"$i":"import-contact-storage-full","$v":"संपर्कों को आयात करने में असमर्थ रहे। खाली करने के लिए ऐप्लिकेशन डेटा को हटाएं।"},{"$i":"contact-import-error-disk-full","$v":"स्टोरेज भरा हुआ होने के कारण संपर्कों का आयात पूर्ण नहीं हो पाया। जगह खाली करने के लिए ऐप्लिकेशन डेटा को हटाएं।"},{"$i":"contact-import-error-sim-full","$v":"सिम कार्ड भर जाने के कारण संपर्क आयात पूरा नहीं हुआ।"},{"$i":"contact-import-error-unknown","$v":"किसी त्रुटि के कारण संपर्क आयात पूरा नहीं हुआ।"},{"$i":"import-contacts-canceled","$v":"संपर्क आयात करना रद्द हुआ।"},{"$i":"close","$v":"बंद करें"},{"$i":"import-process-cancel","$v":"आयात प्रक्रिया रद्द किया गया।"},{"$i":"import-limit-header","$v":"फ़ाइल आकार सीमा पार हो गई"},{"$i":"inner-import-limit-content","$v":"10MB से ज़्यादा आकार की कोई भी संपर्क फ़ाइल इम्पोर्ट नहीं की गई।"},{"$i":"activity-import-limit-contact","$v":"फ़ाइल आकार सीमा पार होने के कारण संपर्क इम्पोर्ट करने में विफल रहे।"},{"$i":"activity-import-limit-additional","$v":"(फ़ाइल का आकार 10MB से कम होना चाहिए।)"},{"$i":"bluetooth","$v":"ब्लूटूथ"},{"$i":"export","$v":"निर्यात करें"},{"$i":"export-contacts","$v":"संपर्क निर्यात करें"},{"$i":"simExport-title","$v":"सिम में निर्यात करें"},{"$i":"memoryCardExport-title","$v":"मेमोरी कार्ड में निर्यात करें"},{"$i":"btExport-title","$v":"ब्लूटूथ में निर्यात करें"},{"$i":"noSimMsgExport","$v":"संपर्क निर्यात करने के लिए अपना सिम कार्ड डालें या अनलॉक करें"},{"$i":"noSdcardExport","$v":"संपर्कों को निर्यात करने के लिए मेमोरी कार्ड डालें।"},{"$i":"bluetoothNoConnection","$v":"संपर्क निर्यात करने के लिए ब्लूटूथ डिवाइस कनेक्ट करें।"},{"$i":"contact-exported","$v":["भेजे गए ",{"t":"idOrVar","v":"exported"}," संपर्क।"]},{"$i":"contact-exported2","$v":{"zero":"कोई संपर्क निर्यात नहीं किया गया।","one":"1 संपर्क का निर्यात किया गया।","few":["भेजे गए ",{"t":"idOrVar","v":"exported"}," संपर्क।"],"many":["भेजे गए ",{"t":"idOrVar","v":"exported"}," संपर्क।"],"other":["भेजे गए ",{"t":"idOrVar","v":"exported"}," संपर्क।"],"two":["भेजे गए ",{"t":"idOrVar","v":"exported"}," संपर्क।"]},"$x":[{"t":"idOrVar","v":"plural"},"exported"]},{"$i":"export-contact-failed","$v":"संपर्क निर्यात करना विफल रहा"},{"$i":"contact-export-error-sim-full","$v":"सिम कार्ड पूरा भरा होने के कारण संपर्क निर्यात पूरा नहीं हुआ।"},{"$i":"contact-export-error-sd-full","$v":"मेमरी कार्ड पूरा भरा होने के कारण संपर्कों का निर्यात पूरा नहीं हुआ।"},{"$i":"contact-export-error-unknown","$v":"किसी त्रुटि के कारण संपर्क निर्यात पूरा नहीं हुआ।"},{"$i":"contact-export-canceled","$v":"निर्यात प्रक्रिया रद्द कर दी गई है।"},{"$i":"save","$v":"सेव करें"},{"$i":"back","$v":"वापस जाएं"},{"$i":"givenName","$v":"पहला नाम"},{"$i":"familyName","$v":"उपनाम"},{"$i":"name","$v":"नाम"},{"$i":"org","$v":"कंपनी"},{"$i":"ringtone","$v":"रिंगटोन"},{"$i":"note","$v":"नोट"},{"$i":"photo","$v":"तस्वीर"},{"$i":"email","$v":"ईमेल"},{"$i":"adr","$v":"पता"},{"$i":"custom","$v":"कस्टम"},{"$i":"confirm-discard-contact-data","$v":"संपर्क जानकारी को हटा दिया जाएगा। क्या आप इस संपर्क को सेव करना चाहते हैं?"},{"$i":"confirm-discard-contact-update-data","$v":"परिवर्तन हटा दिए जाएंगे। क्या आप इस संपर्क को सेव करना चाहते हैं?"},{"$i":"discard-contact-data","$v":"सभी परिवर्तन हटा दिये जाएंगे"},{"$i":"discard","$v":"हटाएं"},{"$i":"add-others","$v":"अन्य जोड़ें"},{"$i":"custom-label","$v":"कस्टम लेबल"},{"$i":"input-the-custom-type","$v":"कृपया कस्टम प्रकार का इनपुट दें"},{"$i":"contact-added","$v":"संपर्क जोड़ा गया।"},{"$i":"delete-prompt-message","$v":[{"t":"idOrVar","v":"field"}," हटाना चाहते हैं?"]},{"$i":"delete-photo-msg","$v":"तस्वीर"},{"$i":"delete-ringtone-msg","$v":"रिंगटोन"},{"$i":"delete-bday-msg","$v":"जन्‍मदिन"},{"$i":"delete-note-msg","$v":"नोट"},{"$i":"delete-org-msg","$v":"कंपनी"},{"$i":"personal","$v":"व्यक्तिगत"},{"$i":"mobile","$v":"मोबाइल"},{"$i":"current","$v":"वर्तमान में"},{"$i":"home","$v":"होम"},{"$i":"work","$v":"वर्क"},{"$i":"other","$v":"अन्य"},{"$i":"fax-home","$v":"Fax होम"},{"$i":"fax-office","$v":"Fax ऑफिस"},{"$i":"fax-other","$v":"अन्य Fax"},{"$i":"add-phone","$v":"फ़ोन जोड़ें"},{"$i":"add-tel","$v":"फ़ोन नंबर जोड़ें"},{"$i":"add-email","$v":"ईमेल जोड़ें"},{"$i":"add-ringtone","$v":"रिंगटोन जोड़ें"},{"$i":"add-adr","$v":"पता जोड़ें"},{"$i":"add-bday","$v":"जन्मदिन जोड़ें"},{"$i":"add-photo","$v":"तस्वीर जोड़ें"},{"$i":"add-note","$v":"नोट जोड़ें"},{"$i":"add-org","$v":"कंपनी जोड़ें"},{"$i":"add-tel-number","$v":"फ़ोन नंबर जोड़ें"},{"$i":"delete-tel","$v":"फ़ोन नंबर हटाएँ"},{"$i":"delete-email","$v":"ईमेल हटाएँ"},{"$i":"delete-ringtone","$v":"रिंगटोन हटाएँ"},{"$i":"delete-adr","$v":"पता हटाएँ"},{"$i":"delete-bday","$v":"जन्मदिन हटाएँ"},{"$i":"delete-photo","$v":"तस्वीर हटाएँ"},{"$i":"delete-note","$v":"नोट हटाएँ"},{"$i":"delete-org","$v":"कंपनी हटाएँ"},{"$i":"edit-tel-type","$v":"फ़ोन प्रकार संपादित करें"},{"$i":"edit-email-type","$v":"ईमेल प्रकार संपादित करें"},{"$i":"edit-adr-type","$v":"पता प्रकार संपादित करें"},{"$i":"edit-bday-type","$v":"जन्मदिन संपादित करें"},{"$i":"replace-photo","$v":"तस्वीर बदलें"},{"$i":"replace-ringtone","$v":"रिंगटोन बदलें"},{"$i":"mobile-tel","$v":"मोबाइल फ़ोन"},{"$i":"home-tel","$v":"घर का फ़ोन"},{"$i":"work-tel","$v":"वर्क फ़ोन"},{"$i":"personal-tel","$v":"व्यक्तिगत फ़ोन"},{"$i":"fax-home-tel","$v":"होम Fax"},{"$i":"fax-office-tel","$v":"कार्यालय का Fax"},{"$i":"fax-other-tel","$v":"अन्य Fax"},{"$i":"other-tel","$v":"अन्य फ़ोन"},{"$i":"personal-email","$v":"व्यक्तिगत ई-मेल"},{"$i":"work-email","$v":"वर्क ई-मेल"},{"$i":"other-email","$v":"अन्य ई-मेल"},{"$i":"custom-email","$v":[{"t":"idOrVar","v":"type"}," ई-मेल"]},{"$i":"custom-tel","$v":[{"t":"idOrVar","v":"type"}," फोन"]},{"$i":"personal-adr","$v":"व्यक्तिगत पता"},{"$i":"current-adr","$v":"वर्तमान पता"},{"$i":"home-adr","$v":"घर का पता"},{"$i":"work-adr","$v":"वर्क पता"},{"$i":"custom-adr","$v":[{"t":"idOrVar","v":"type"}," पता"]},{"$i":"bday","$v":"जन्‍मदिन"},{"$i":"birthday","$v":"जन्‍मदिन"},{"$i":"streetAddress","$v":"मार्ग"},{"$i":"locality","$v":"शहर"},{"$i":"postalCode","$v":"ज़िप कोड"},{"$i":"countryName","$v":"देश"},{"$i":"region","$v":"स्थिति"},{"$i":"no-name","$v":"कोई नाम नहीं"},{"$i":"new-contact","$v":"नया"},{"$i":"options","$v":"विकल्प"},{"$i":"cancel","$v":"रद्द करें"},{"$i":"settings","$v":"सेटिंग्स"},{"$i":"edit","$v":"संपादित करें"},{"$i":"share","$v":"साझा करें"},{"$i":"remove","$v":"हटाएं"},{"$i":"compose","$v":"लिखें"},{"$i":"new-contact-title","$v":"नया संपर्क"},{"$i":"edit-title","$v":"संपर्क संपादित करें"},{"$i":"music","$v":"संगीत"},{"$i":"adr-type","$v":"पता का प्रकार"},{"$i":"email-type","$v":"ईमेल का प्रकार"},{"$i":"tel-type","$v":"फ़ोन का प्रकार"},{"$i":"ICEContactsGroup","$v":"ICE संपर्क"},{"$i":"setICEButton","$v":"ICE संपर्क सेट करें"},{"$i":"ICESettingTitle","$v":"ICE संपर्क"},{"$i":"ICEDescription","$v":"आपातकालीन स्थिति में कॉल करने के लिए पांच संपर्क जोड़ें"},{"$i":"ICEContact","$v":["ICE संपर्क ",{"t":"idOrVar","v":"n"}]},{"$i":"ICESelectContact","$v":"एक संपर्क चुनें"},{"$i":"delete-ice-contact-warning","$v":"क्या आप ICE संपर्क को निकालना चाहते हैं?"},{"$i":"confirm","$v":"पुष्टिकरण"},{"$i":"add-ice-failed","$v":"ICE जोड़ना विफल रहा"},{"$i":"create-group","$v":"ग्रुप बनाएँ"},{"$i":"group-name","$v":"समूह का नाम"},{"$i":"group","$v":"ग्रुप"},{"$i":"new-group-created","$v":"नया समूह बनाया गया है।"},{"$i":"create-group-failed","$v":"समूह बनाना विफल रहा।"},{"$i":"create-group-too-many","$v":["आप केवल ",{"t":"idOrVar","v":"number"}," समूह बना सकते हैं।"]},{"$i":"create-group-duplicate","$v":"डुप्लिकेट नाम।"},{"$i":"rename-group-failed","$v":"समूह का नाम बदलना विफल रहा।"},{"$i":"new-group","$v":"नया"},{"$i":"rename","$v":"नाम बदलें"},{"$i":"duplicate-removed","$v":"डुप्लिकेट संपर्क (ओं) को हटा दिया गया।"},{"$i":"add-to-group","$v":"ग्रुप में जोड़ें"},{"$i":"remove-from-group","$v":"समूह से हटाएं"},{"$i":"added-to","$v":[{"t":"idOrVar","v":"group"}," में जोड़ा गया"]},{"$i":"removed-from","$v":[{"t":"idOrVar","v":"group"}," से हटाया गया"]},{"$i":"select-group","$v":"समूह का चयन करें"},{"$i":"rename-group","$v":"समूह का नाम बदलें"},{"$i":"delete-group","$v":["क्या आप वाकई ",{"t":"idOrVar","v":"group"}," को हटाना चाहते हैं?"]},{"$i":"unable-add-warn","$v":"ग्रुप में अकाउंट संपर्क जोड़ने में असमर्थ।"},{"$i":"edit-contact","$v":"संपर्क संपादित करें"},{"$i":"send-message","$v":"संदेश भेजें"},{"$i":"call","$v":"कॉल करें"},{"$i":"call-sim-1","$v":"कॉल - सिम 1"},{"$i":"call-sim-2","$v":"कॉल - सिम 2"},{"$i":"send-email","$v":"ईमेल भेजें"},{"$i":"choose-number","$v":"नंबर चुनें"},{"$i":"choose-email-address","$v":"ईमेल चुनें"},{"$i":"delete","$v":"हटाएँ"},{"$i":"select","$v":"चुनें"},{"$i":"select-all","$v":"सभी चुनें"},{"$i":"select-all2","$v":"सभी"},{"$i":"deselect-all","$v":"सभी का चयन हटाएं"},{"$i":"deselect-all2","$v":"कुछ भी नहीं"},{"$i":"deselect","$v":"चयन हटाएं"},{"$i":"selected-contacts","$v":{"few":[{"t":"idOrVar","v":"n"}," चयनित"],"many":[{"t":"idOrVar","v":"n"}," चयनित"],"one":[{"t":"idOrVar","v":"n"}," चयनित"],"other":[{"t":"idOrVar","v":"n"}," चयनित"],"two":[{"t":"idOrVar","v":"n"}," चयनित"],"zero":[{"t":"idOrVar","v":"n"}," चयनित"]},"$x":[{"t":"idOrVar","v":"plural"},"n"]},{"$i":"massive-delete","$v":"संपर्क हटाएँ"},{"$i":"confirm-contact-delete","$v":["क्या आप वाकई संपर्क\"",{"t":"idOrVar","v":"name"},"\" हटाना चाहते हैं?"]},{"$i":"DeletedTxt","$v":{"few":[{"t":"idOrVar","v":"n"}," संपर्क निकाले गए"],"many":[{"t":"idOrVar","v":"n"}," संपर्क निकाले गए"],"one":"1 संपर्क निकाला गया","other":[{"t":"idOrVar","v":"n"}," संपर्क निकाले गए"],"two":[{"t":"idOrVar","v":"n"}," संपर्क निकाले गए"],"zero":"हटाने के लिए कोई संपर्क नहीं हैं"},"$x":[{"t":"idOrVar","v":"plural"},"n"]},{"$i":"DeletingContacts","$v":"संपर्क हटाएँ"},{"$i":"DeletingContactsProgressing","$v":"संपर्क हटाए जा रहे हैं"},{"$i":"ContactConfirmDel","$v":{"few":[{"t":"idOrVar","v":"n"}," संपर्क हटाएँ? इसे वापस नहीं किया जा सकता।"],"many":[{"t":"idOrVar","v":"n"}," संपर्क हटाएँ? इसे वापस नहीं किया जा सकता।"],"one":"1 संपर्क हटाएँ? इसे वापस नहीं लाया जा सकता","other":[{"t":"idOrVar","v":"n"}," संपर्क हटाएँ? इसे वापस नहीं किया जा सकता।"],"two":[{"t":"idOrVar","v":"n"}," संपर्क हटाएँ? इसे वापस नहीं किया जा सकता।"],"zero":"हटाने के लिए कोई संपर्क नहीं हैं"},"$x":[{"t":"idOrVar","v":"plural"},"n"]},{"$i":"contact-deleted","$v":{"zero":"कोई भी संपर्क हटाया नहीं गया","one":"1 संपर्क हटाया गया","few":[{"t":"idOrVar","v":"n"}," संपर्क हटाए गए"],"many":[{"t":"idOrVar","v":"n"}," संपर्क हटाए गए"],"other":[{"t":"idOrVar","v":"n"}," संपर्क हटाए गए"],"two":[{"t":"idOrVar","v":"n"}," संपर्क हटाए गए"]},"$x":[{"t":"idOrVar","v":"plural"},"n"]},{"$i":"a-contact-deleted","$v":"संपर्क हटाया गया।"},{"$i":"settings-title","$v":"संपर्क सेटिंग्स"},{"$i":"change-will-update-until-restart","$v":"परिवर्तनों को अगली बार अपडेट किया जाएगा जब संपर्क को लॉन्च किया जायेगा।"},{"$i":"transfer-contacts","$v":"संपर्क स्थानांतरित करें"},{"$i":"service-number","$v":"सेवा संख्या"},{"$i":"no-contacts-found","$v":"कोई मेल नहीं मिला।"},{"$i":"search","$v":"संपर्क खोजें","placeholder":"संपर्क खोजें"},{"$i":"search-option","$v":"खोजें"},{"$i":"accounts","$v":"अकाउंट्स"},{"$i":"account","$v":"अकाउंट"},{"$i":"add-account","$v":"अकाउंट जोड़ें"},{"$i":"add-account-failed","$v":"कोई अज्ञात त्रुटि हो गई, कृपया फिर से प्रयास करें"},{"$i":"duplicate-account-warn","$v":"खाता पहले से मौजूद है। सिंकिंग ऑन है।"},{"$i":"setting-up-account","$v":"खाता सेट अप हो रहा है"},{"$i":"no-network-warn","$v":"कोई इंटरनेट कनेक्शन नहीं हैं"},{"$i":"username","$v":"यूज़र नेम"},{"$i":"password","$v":"पासवर्ड"},{"$i":"delete-account","$v":"अकाउंट हटाएं"},{"$i":"delete-account-long","$v":"खाता हटाएं"},{"$i":"delete-account-warn","$v":"यदि आप इस खाते को हटाते हैं, तो इस खाते का उपयोग करने वाले ऐप भी प्रभावित होंगे।"},{"$i":"deleting-account","$v":"खाता हटा रहे हैं"},{"$i":"delete-account-failed","$v":"खाता हटाना विफल रहा, कृपया बाद में पुनः प्रयास करें।"},{"$i":"delete-account-ok","$v":"खाता हटाया गया।"},{"$i":"sync","$v":"सिंक"},{"$i":"sync-title","$v":"संपर्कों को सिंक करें"},{"$i":"sync-failed-warn","$v":"सिंक करने में विफल रहे।"},{"$i":"sync-off-warn","$v":"सेटिंग्स पर सिंकिंग बंद कर दी गई है।"},{"$i":"show-account-contacts","$v":"खाता संपर्कों को दिखाएं"},{"$i":"sync-account-contacts","$v":"अकाउंट के संपर्कों को सिंक करें"},{"$i":"sync-account-contacts-warning","$v":[{"t":"idOrVar","v":"switch"},"\" अनचेक किए जाने पर कोई भी अकाउंट संपर्क संपादन क्लाउड के साथ सिंक नहीं होगा, क्या आप अभी भी इसे अनचेक करना चाहते हैं?"]},{"$i":"yes","$v":"हां"},{"$i":"all-contacts-synced","$v":"सभी संपर्कों को सिंक किया गया है।"},{"$i":"contact-syncing","$v":"संपर्क सिंक हो रहे हैं..."},{"$i":"contacts-sync-limit-exceed","$v":"संपर्क सीमा पार हो जाने के कारण संपर्कों का सिंक होना अधूरा है।"},{"$i":"show-password","$v":"पासवर्ड दिखाएं"},{"$i":"password-incorrect","$v":"पासवर्ड गलत हैं।"},{"$i":"re-enter-password","$v":"पासवर्ड फिर से दर्ज करें"},{"$i":"accessing-warn","$v":"आपके खाते को एक्सेस करने में समस्या थी।"},{"$i":"accessing-warn-password","$v":"कृपया पासवर्ड पुनः दर्ज करें।"},{"$i":"re-enter-password-on-setting","$v":"कृपया संपर्क सेटिंग में पासवर्ड फिर से दर्ज करें।"},{"$i":"accessing-warn-relogin","$v":"कृपया खाते को हटाएं और पुनः लॉगइन करें।"},{"$i":"update-password-failed","$v":"पासवर्ड को अपडेट करना विफल रहा, कृपया बाद में पुनः प्रयास करें।"},{"$i":"connect-time-out","$v":[{"t":"idOrVar","v":"server"},"\" के साथ कनेक्ट करने में असमर्थ रहे। नेटवर्क के साथ कोई समस्या हो सकती है।"]},{"$i":"server-error","$v":"सर्वर उपलब्ध नहीं है। कृपया बाद में पुनः प्रयास करें।"},{"$i":"loading","$v":"लोड हो रहा है..."},{"$i":"ellipsis","$v":"..."},{"$i":"stop-syncing-warn-title","$v":"संपर्क सिंक हो रहा है"},{"$i":"stop-syncing-warn","$v":"ऐप को बंद करने से संपर्क सिंक प्रक्रिया बंद हो जाएगा। क्या आप इसे फिर भी बंद करना चाहते हैं?"},{"$i":"weekday-0-long","$v":"रविवार"},{"$i":"weekday-1-long","$v":"सोमवार"},{"$i":"weekday-2-long","$v":"मंगलवार"},{"$i":"weekday-3-long","$v":"बुधवार"},{"$i":"weekday-4-long","$v":"गुरुवार"},{"$i":"weekday-5-long","$v":"शुक्रवार"},{"$i":"weekday-6-long","$v":"शनिवार"},{"$i":"weekday-0-short","$v":"रवि"},{"$i":"weekday-1-short","$v":"सोम"},{"$i":"weekday-2-short","$v":"मंगल"},{"$i":"weekday-3-short","$v":"बुध"},{"$i":"weekday-4-short","$v":"गुरु"},{"$i":"weekday-5-short","$v":"शुक्र"},{"$i":"weekday-6-short","$v":"शनि"},{"$i":"month-0-long","$v":"जनवरी"},{"$i":"month-1-long","$v":"फरवरी"},{"$i":"month-2-long","$v":"मार्च"},{"$i":"month-3-long","$v":"अप्रैल"},{"$i":"month-4-long","$v":"मई"},{"$i":"month-5-long","$v":"जून"},{"$i":"month-6-long","$v":"जुलाई"},{"$i":"month-7-long","$v":"अगस्त"},{"$i":"month-8-long","$v":"सितंबर"},{"$i":"month-9-long","$v":"अक्टूबर"},{"$i":"month-10-long","$v":"नवंबर"},{"$i":"month-11-long","$v":"दिसंबर"},{"$i":"month-0-genitive","$v":"जनवरी"},{"$i":"month-1-genitive","$v":"फरवरी"},{"$i":"month-2-genitive","$v":"मार्च"},{"$i":"month-3-genitive","$v":"अप्रैल"},{"$i":"month-4-genitive","$v":"मई"},{"$i":"month-5-genitive","$v":"जून"},{"$i":"month-6-genitive","$v":"जुलाई"},{"$i":"month-7-genitive","$v":"अगस्त"},{"$i":"month-8-genitive","$v":"सितंबर"},{"$i":"month-9-genitive","$v":"अक्टूबर"},{"$i":"month-10-genitive","$v":"नवंबर"},{"$i":"month-11-genitive","$v":"दिसंबर"},{"$i":"month-0-short","$v":"जनवरी"},{"$i":"month-1-short","$v":"फरवरी"},{"$i":"month-2-short","$v":"मार्च"},{"$i":"month-3-short","$v":"अप्रैल"},{"$i":"month-4-short","$v":"मई"},{"$i":"month-5-short","$v":"जून"},{"$i":"month-6-short","$v":"जुलाई"},{"$i":"month-7-short","$v":"अगस्त"},{"$i":"month-8-short","$v":"सितंबर"},{"$i":"month-9-short","$v":"अक्टूबर"},{"$i":"month-10-short","$v":"नवंबर"},{"$i":"month-11-short","$v":"दिसंबर"},{"$i":"minutes-ago-long","$v":{"few":[{"t":"idOrVar","v":"value"}," मिनट पहले"],"many":[{"t":"idOrVar","v":"value"}," मिनट पहले"],"other":[{"t":"idOrVar","v":"value"}," मिनट पहले"],"two":[{"t":"idOrVar","v":"value"}," मिनट पहले"],"one":"एक मिनट पहले","zero":"Just now"},"$x":[{"t":"idOrVar","v":"plural"},"value"]},{"$i":"hours-ago-long","$v":{"few":[{"t":"idOrVar","v":"value"}," घंटे पहले"],"many":[{"t":"idOrVar","v":"value"}," घंटे पहले"],"other":[{"t":"idOrVar","v":"value"}," घंटे पहले"],"two":[{"t":"idOrVar","v":"value"}," घंटे पहले"],"one":"एक घंटे पहले","zero":"Just now"},"$x":[{"t":"idOrVar","v":"plural"},"value"]},{"$i":"days-ago-long","$v":{"few":[{"t":"idOrVar","v":"value"}," दिनों पहले"],"many":[{"t":"idOrVar","v":"value"}," दिनों पहले"],"one":"बीता कल","other":[{"t":"idOrVar","v":"value"}," दिनों पहले"],"two":[{"t":"idOrVar","v":"value"}," दिनों पहले"],"zero":"आज"},"$x":[{"t":"idOrVar","v":"plural"},"value"]},{"$i":"weeks-ago-long","$v":{"few":[{"t":"idOrVar","v":"value"}," सप्ताह पहले"],"many":[{"t":"idOrVar","v":"value"}," सप्ताह पहले"],"one":"पिछले सप्ताह","other":[{"t":"idOrVar","v":"value"}," सप्ताह पहले"],"two":[{"t":"idOrVar","v":"value"}," सप्ताह पहले"],"zero":"इस सप्ताह"},"$x":[{"t":"idOrVar","v":"plural"},"value"]},{"$i":"months-ago-long","$v":{"few":[{"t":"idOrVar","v":"value"}," महीनों पहले"],"many":[{"t":"idOrVar","v":"value"}," महीनों पहले"],"one":"पिछले महीने","other":[{"t":"idOrVar","v":"value"}," महीनों पहले"],"two":[{"t":"idOrVar","v":"value"}," महीनों पहले"],"zero":"इस महीने"},"$x":[{"t":"idOrVar","v":"plural"},"value"]},{"$i":"years-ago-long","$v":{"few":[{"t":"idOrVar","v":"value"}," वर्ष पहले"],"many":[{"t":"idOrVar","v":"value"}," वर्ष पहले"],"one":"पिछले वर्ष","other":[{"t":"idOrVar","v":"value"}," वर्ष पहले"],"two":[{"t":"idOrVar","v":"value"}," वर्ष पहले"],"zero":"इस वर्ष"},"$x":[{"t":"idOrVar","v":"plural"},"value"]},{"$i":"minutes-until-long","$v":{"few":[{"t":"idOrVar","v":"value"}," मिनट में"],"many":[{"t":"idOrVar","v":"value"}," मिनट में"],"other":[{"t":"idOrVar","v":"value"}," मिनट में"],"two":[{"t":"idOrVar","v":"value"}," मिनट में"],"zero":"अभी","one":"एक मिनट में"},"$x":[{"t":"idOrVar","v":"plural"},"value"]},{"$i":"hours-until-long","$v":{"few":[{"t":"idOrVar","v":"value"}," घंटों में"],"many":[{"t":"idOrVar","v":"value"}," घंटों में"],"other":[{"t":"idOrVar","v":"value"}," घंटों में"],"two":[{"t":"idOrVar","v":"value"}," घंटों में"],"zero":"अभी","one":"एक घंटे में"},"$x":[{"t":"idOrVar","v":"plural"},"value"]},{"$i":"days-until-long","$v":{"few":[{"t":"idOrVar","v":"value"}," दिनों में"],"many":[{"t":"idOrVar","v":"value"}," दिनों में"],"one":"कल","other":[{"t":"idOrVar","v":"value"}," दिनों में"],"two":[{"t":"idOrVar","v":"value"}," दिनों में"],"zero":"आज"},"$x":[{"t":"idOrVar","v":"plural"},"value"]},{"$i":"weeks-until-long","$v":{"few":[{"t":"idOrVar","v":"value"}," सप्ताह में"],"many":[{"t":"idOrVar","v":"value"}," सप्ताह में"],"one":"अगले सप्ताह","other":[{"t":"idOrVar","v":"value"}," सप्ताह में"],"two":[{"t":"idOrVar","v":"value"}," सप्ताह में"],"zero":"इस सप्ताह"},"$x":[{"t":"idOrVar","v":"plural"},"value"]},{"$i":"months-until-long","$v":{"few":[{"t":"idOrVar","v":"value"}," महीनो में"],"many":[{"t":"idOrVar","v":"value"}," महीनो में"],"one":"अगले महीने","other":[{"t":"idOrVar","v":"value"}," महीनो में"],"two":[{"t":"idOrVar","v":"value"}," महीनो में"],"zero":"इस महीने"},"$x":[{"t":"idOrVar","v":"plural"},"value"]},{"$i":"years-until-long","$v":{"few":[{"t":"idOrVar","v":"value"}," वर्षों में"],"many":[{"t":"idOrVar","v":"value"}," वर्षों में"],"one":"अगले वर्ष","other":[{"t":"idOrVar","v":"value"}," वर्षों में"],"two":[{"t":"idOrVar","v":"value"}," वर्षों में"],"zero":"इस वर्ष"},"$x":[{"t":"idOrVar","v":"plural"},"value"]},{"$i":"minutes-ago-short","$v":{"other":[{"t":"idOrVar","v":"value"}," मिनट पहले"],"zero":"Just now"},"$x":[{"t":"idOrVar","v":"plural"},"value"]},{"$i":"hours-ago-short","$v":{"other":[{"t":"idOrVar","v":"value"}," घंटे पहले"],"zero":"Just now"},"$x":[{"t":"idOrVar","v":"plural"},"value"]},{"$i":"days-ago-short","$v":{"other":[{"t":"idOrVar","v":"value"}," दिनों पहले"],"zero":"आज"},"$x":[{"t":"idOrVar","v":"plural"},"value"]},{"$i":"minutes-until-short","$v":{"other":[{"t":"idOrVar","v":"value"},"मिनिट में"],"zero":"अभी"},"$x":[{"t":"idOrVar","v":"plural"},"value"]},{"$i":"hours-until-short","$v":{"other":[{"t":"idOrVar","v":"value"},"घंटे में"],"zero":"अभी"},"$x":[{"t":"idOrVar","v":"plural"},"value"]},{"$i":"days-until-short","$v":{"other":[{"t":"idOrVar","v":"value"},"दिन में"],"zero":"आज"},"$x":[{"t":"idOrVar","v":"plural"},"value"]},{"$i":"incorrectDate","$v":"(गलत दिनांक)"},{"$i":"dateTimeFormat_%c","$v":"%a %b %e %Y %I:%M:%S %p"},{"$i":"dateTimeFormat_%x","$v":"%m/%d/%Y"},{"$i":"dateTimeFormat_%X","$v":"%I:%M:%S %p"},{"$i":"shortTimeFormat","$v":"%I:%M %p"},{"$i":"shortTimeFormat12","$v":"%I:%M %p"},{"$i":"shortTimeFormat24","$v":"%H:%M"},{"$i":"shortDateTimeFormat","$v":"%x %I:%M %p"},{"$i":"weekStartsOnMonday","$v":"0.0"},{"$i":"firstDayOfTheWeek","$v":"0.0"},{"$i":"time_am","$v":"AM"},{"$i":"time_pm","$v":"PM"},{"$i":"sim-with-index-and-carrier","$v":["SIM ",{"t":"idOrVar","v":"index"}," - ",{"t":"idOrVar","v":"carrier"}]},{"$i":"sim-without-carrier","$v":["SIM ",{"t":"idOrVar","v":"index"}]}]