[{"$i":"contacts","$v":"Telefonkönyv"},{"$i":"view","$v":"Megtekintés"},{"$i":"no-contacts","$v":"Nincsenek névjegyek"},{"$i":"reading-contacts","$v":"Névjegyek betöltése..."},{"$i":"start-adding","$v":"Névjegyek hozzáadásához nyomja meg az Új gombot vagy lépjen a Beállítások menübe."},{"$i":"no-contact-available","$v":"Nincsenek elérhető névjegyek"},{"$i":"requested-contact-not-available","$v":"A kért információ nem elérhető a már meglévő névjegyek esetében"},{"$i":"cannot-add-as-empty","$v":"Nem adható hozzá névjegyhez, mert a névjegylista üres"},{"$i":"ok","$v":"OK"},{"$i":"no-phone-number-to-dial","$v":"Nincs tárcsázandó telefonszám"},{"$i":"video-call","$v":"Videohívás"},{"$i":"rtt-call","$v":"RTT-hívás"},{"$i":"select-a-contact","$v":"Névjegy kiválasztása"},{"$i":"multi-pick-max-warn","$v":["Kiválasztott névjegyek maximális száma: ",{"t":"idOrVar","v":"n"}]},{"$i":"add-contact-failed","$v":"Névjegy hozzáadása sikertelen"},{"$i":"no-sim-card-available","$v":"Nincs elérhető SIM-kártya"},{"$i":"email-cannot-add-to-sim","$v":"A jelenleg kiválasztott memória nem támogatja az e-mailt."},{"$i":"add-info-failed","$v":"Információ hozzáadása sikertelen"},{"$i":"no-contact-to-add","$v":"Nincs a hozzáadáshoz rendelkezésre álló névjegy."},{"$i":"move","$v":"Áthelyezés"},{"$i":"copy","$v":"Másolás"},{"$i":"copy-contacts","$v":"Névjegyek másolása"},{"$i":"move-contacts","$v":"Névjegyek áthelyezése"},{"$i":"phone-memory","$v":"A telefon memóriája"},{"$i":"sim-memory","$v":"SIM-kártya tárhelye"},{"$i":"sim-0-memory","$v":"SIM1 memória"},{"$i":"sim-1-memory","$v":"SIM2 memória"},{"$i":"move-from","$v":"Áthelyezés innen:"},{"$i":"copy-from","$v":"Másolás innen:"},{"$i":"to","$v":"Címzett"},{"$i":"move-contacts-progressing","$v":"Névjegy(ek) áthelyezése..."},{"$i":"copy-contacts-progressing","$v":"Névjegy(ek) másolása..."},{"$i":"contact-move-to-sim","$v":{"few":[{"t":"idOrVar","v":"migrated"}," névjegy áthelyezve a SIM-kártyára."],"many":[{"t":"idOrVar","v":"migrated"}," névjegy áthelyezve a SIM-kártyára."],"one":"1 névjegy áthelyezve a SIM-kártyára.","other":[{"t":"idOrVar","v":"migrated"}," névjegy áthelyezve a SIM-kártyára."],"two":[{"t":"idOrVar","v":"migrated"}," névjegy áthelyezve a SIM-kártyára."],"zero":"Egy névjegy sem került a SIM-kártyára való áthelyezésre."},"$x":[{"t":"idOrVar","v":"plural"},"migrated"]},{"$i":"contact-copy-to-sim","$v":{"few":[{"t":"idOrVar","v":"migrated"}," névjegy a SIM2-kártyára másolva."],"many":[{"t":"idOrVar","v":"migrated"}," névjegy a SIM-kártyára másolva."],"one":"1 névjegy a SIM-kártyára másolva.","other":[{"t":"idOrVar","v":"migrated"}," névjegy a SIM-kártyára másolva."],"two":[{"t":"idOrVar","v":"migrated"}," névjegy a SIM-kártyára másolva."],"zero":"Egy névjegy sem került a SIM-kártyára való másolásra."},"$x":[{"t":"idOrVar","v":"plural"},"migrated"]},{"$i":"contact-move-to-sim0","$v":{"few":[{"t":"idOrVar","v":"migrated"}," névjegy áthelyezve a SIM1-kártyára."],"many":[{"t":"idOrVar","v":"migrated"}," névjegy áthelyezve a SIM1-kártyára."],"one":"1 névjegy áthelyezve a SIM1-kártyára.","other":[{"t":"idOrVar","v":"migrated"}," névjegy áthelyezve a SIM1-kártyára."],"two":[{"t":"idOrVar","v":"migrated"}," névjegy áthelyezve a SIM1-kártyára."],"zero":"Egy névjegy sem került a SIM1-kártyára való áthelyezésre."},"$x":[{"t":"idOrVar","v":"plural"},"migrated"]},{"$i":"contact-copy-to-sim0","$v":{"few":[{"t":"idOrVar","v":"migrated"}," névjegy a SIM1-kártyára másolva."],"many":[{"t":"idOrVar","v":"migrated"}," névjegy a SIM1-kártyára másolva."],"one":"1 névjegy a SIM1-kártyára másolva.","other":[{"t":"idOrVar","v":"migrated"}," névjegy a SIM1-kártyára másolva."],"two":[{"t":"idOrVar","v":"migrated"}," névjegy a SIM1-kártyára másolva."],"zero":"Egy névjegy sem került a SIM1-kártyára való másolásra."},"$x":[{"t":"idOrVar","v":"plural"},"migrated"]},{"$i":"contact-move-to-sim1","$v":{"few":[{"t":"idOrVar","v":"migrated"}," névjegy áthelyezve a SIM2-kártyára."],"many":[{"t":"idOrVar","v":"migrated"}," névjegy áthelyezve a SIM2-kártyára."],"one":"1 névjegy áthelyezve a SIM2-kártyára.","other":[{"t":"idOrVar","v":"migrated"}," névjegy áthelyezve a SIM2-kártyára."],"two":[{"t":"idOrVar","v":"migrated"}," névjegy áthelyezve a SIM2-kártyára."],"zero":"Egy névjegy sem került a SIM2-kártyára való áthelyezésre."},"$x":[{"t":"idOrVar","v":"plural"},"migrated"]},{"$i":"contact-copy-to-sim1","$v":{"few":[{"t":"idOrVar","v":"migrated"}," névjegy a SIM2-kártyára másolva."],"many":[{"t":"idOrVar","v":"migrated"}," névjegy a SIM2-kártyára másolva."],"one":"1 névjegy a SIM2-kártyára másolva.","other":[{"t":"idOrVar","v":"migrated"}," névjegy a SIM2-kártyára másolva."],"two":[{"t":"idOrVar","v":"migrated"}," névjegy a SIM2-kártyára másolva."],"zero":"Egy névjegy sem került a SIM2-kártyára való másolásra."},"$x":[{"t":"idOrVar","v":"plural"},"migrated"]},{"$i":"contact-move-to-device","$v":{"one":"1 névjegy áthelyezve a készülékre.","zero":"Egy névjegy sem került a készülékre való áthelyezésre.","few":[{"t":"idOrVar","v":"migrated"}," névjegy áthelyezve a készülékre."],"many":[{"t":"idOrVar","v":"migrated"}," névjegy áthelyezve a készülékre."],"other":[{"t":"idOrVar","v":"migrated"}," névjegy áthelyezve a készülékre."],"two":[{"t":"idOrVar","v":"migrated"}," névjegy áthelyezve a készülékre."]},"$x":[{"t":"idOrVar","v":"plural"},"migrated"]},{"$i":"contact-copy-to-device","$v":{"one":"1 névjegy a készülékre másolva.","zero":"Egy névjegy sem került a készülékre való másolásra.","few":[{"t":"idOrVar","v":"migrated"}," névjegy a készülékre másolva."],"many":[{"t":"idOrVar","v":"migrated"}," névjegy a készülékre másolva."],"other":[{"t":"idOrVar","v":"migrated"}," névjegy a készülékre másolva."],"two":[{"t":"idOrVar","v":"migrated"}," névjegy a SIM1-kártyára másolva."]},"$x":[{"t":"idOrVar","v":"plural"},"migrated"]},{"$i":"copy-contact-failed","$v":"Névjegyek másolása sikertelen"},{"$i":"move-contact-failed","$v":"Névjegyek áthelyezése sikertelen"},{"$i":"contact-copy-error-sim-full","$v":"A névjegyek másolása nem fejeződött be, mert a SIM-kártya megtelt."},{"$i":"contact-copy-error-unknown","$v":"Hiba miatt a névjegyek másolása nem fejeződött be."},{"$i":"contact-copy-error-limit-exceeded","$v":"A névjegyek másolása nem fejeződött be, mert a telefonnévjegyek maximális száma meghaladásra került."},{"$i":"contact-move-error-sim-full","$v":"A névjegyek áthelyezése nem fejeződött be, mert a SIM-kártya megtelt."},{"$i":"contact-move-error-unknown","$v":"Hiba miatt a névjegyek áthelyezése nem fejeződött be."},{"$i":"contact-move-error-limit-exceeded","$v":"A névjegyek áthelyezése nem fejeződött be, mert a telefonnévjegyek maximális száma meghaladásra került."},{"$i":"contact-save-error-unknown","$v":"Hiba miatt a névjegy mentése nem fejeződött be."},{"$i":"memory","$v":"Memória"},{"$i":"phone-and-sim","$v":"Telefon és SIM-kártya"},{"$i":"phone","$v":"Telefon"},{"$i":"sim","$v":"SIM-kártya"},{"$i":"reloading-contact","$v":"Névjegyek ismételt betöltése..."},{"$i":"contact-reloaded","$v":"Névjegyek újra betöltve"},{"$i":"message","$v":"Üzenet"},{"$i":"changes-saved","$v":"Módosítások elmentve."},{"$i":"already-ice-contact","$v":"A kiválasztott névjegy már be van állítva értesítendő (ICE) névjegyként."},{"$i":"phone-contacts-limit-exceeded","$v":"A telefonban tárolt névjegyek maximális száma túllépve."},{"$i":"sim-contacts-limit-exceeded","$v":"A SIM-kártyán tárolt névjegyek maximális száma túllépve."},{"$i":"more-info","$v":"Továbbiak"},{"$i":"callAirplaneModeTitle","$v":"Repülőgép üzemmód aktiválva"},{"$i":"callAirplaneModeMessage","$v":"Híváshoz ki kell kapcsolni a repülőgép üzemmódot a beállításokban."},{"$i":"emergencyDialogTitle","$v":"Nincs hálózati kapcsolat"},{"$i":"emergencyDialogBodyBadNumber","$v":"Hívás indításához a telefonnak csatlakoznia kell egy hálózathoz."},{"$i":"emergencyDialogBodyDeviceNotAccepted","$v":"A hálózat nem engedélyezi a segélyhívásokat."},{"$i":"invalidNumberToDialTitle","$v":"Érvénytelen telefonszám"},{"$i":"invalidNumberToDialMessage","$v":"A hívott szám nem érvényes."},{"$i":"invalidNumberToSendTitle","$v":"Érvénytelen telefonszám"},{"$i":"invalidNumberToSendMessage","$v":"A telefonszám, amelyre az üzenetet küldi, nem érvényes."},{"$i":"emergency-call-only","$v":"Csak segélyhívás"},{"$i":"emergency-call-error","$v":["A ",{"t":"idOrVar","v":"number"}," nem segélyhívószám."]},{"$i":"numberIsBusyTitle","$v":"A szám foglalt"},{"$i":"numberIsBusyMessage","$v":"A szám jelenleg foglalt. Próbálja újra később."},{"$i":"fdnIsActiveTitle","$v":"Fix hívószámok (FDN) mód aktív"},{"$i":"fdnIsActiveMessage","$v":["A fix hívószámok (FDN) mód be van kapcsolva, és ez a szám nincs rajta a fix hívószámok (FDN) listáján: ",{"t":"idOrVar","v":"number"}]},{"$i":"otherConnectionInUseTitle","$v":"A használatban lévő másik kapcsolat"},{"$i":"otherConnectionInUseMessage","$v":"Egy folyamatban lévő hívása van egy másik kapcsolaton keresztül. Egyszerre csak egy kapcsolatot használhat."},{"$i":"GenericFailure","$v":"Általános hiba"},{"$i":"CallFailed","$v":"A hívás megszakadt."},{"$i":"scCallBarring","$v":"Híváskorlátozás"},{"$i":"scCallForwarding","$v":"Hívásátirányítás"},{"$i":"scClip","$v":"Bejövő hívóazonosító"},{"$i":"scClir","$v":"Kimenő hívóazonosító"},{"$i":"scPwd","$v":"Jelszóváltoztatás"},{"$i":"scCallWaiting","$v":"Hívásvárakoztatás"},{"$i":"scPin","$v":"PIN-kód módosítása"},{"$i":"scPin2","$v":"PIN2-kód módosítása"},{"$i":"scPuk","$v":"PIN-kód letiltásának feloldása"},{"$i":"scPuk2","$v":"PIN2-kód letiltásának feloldása"},{"$i":"scImei","$v":"IMEI-kód"},{"$i":"scMeid","$v":"MEID"},{"$i":"scUssd","$v":"USSD"},{"$i":"set-speed-dial","$v":"Gyorstárcsázási névjegyek beállítása"},{"$i":"empty","$v":"Üres"},{"$i":"voicemail","$v":"Hangposta"},{"$i":"speed-dial","$v":"Gyorstárcsázás"},{"$i":"add","$v":"Hozzáadás"},{"$i":"replace","$v":"Csere"},{"$i":"remove-from-speed-dial","$v":"Eltávolítás a gyorstárcsázóból"},{"$i":"custom-dialog-replace-speed-dial","$v":["Biztosan le kívánja cserélni a ",{"t":"idOrVar","v":"oldSpeedDial"}," gyorstárcsázást a ",{"t":"idOrVar","v":"newSpeedDial"}," gyorstárcsázással?"]},{"$i":"custom-dialog-remove-speed-dial","$v":["Biztosan el kívánja távolítani a Gyorstárcsázóból a következőt: ",{"t":"idOrVar","v":"name"},"?"]},{"$i":"speed-dial-added","$v":"Gyorstárcsázási szám hozzáadva"},{"$i":"speed-dial-removed","$v":"Gyorstárcsázási szám eltávolítva."},{"$i":"speed-dial-replaced","$v":"Gyorstárcsázási szám frissítve."},{"$i":"voice-mail","$v":"Hangposta"},{"$i":"voice-mail-number","$v":["Hangpostaszám - SIM",{"t":"idOrVar","v":"n"}]},{"$i":"voice-mail-number-single","$v":"Hangpostaszám"},{"$i":"voice-mail-number-updated","$v":"Hangpostaszám frissítve"},{"$i":"found-duplicates-message","$v":"Többször szereplő adatok találhatók a következő névjegyekben. Egyesíteni kívánja őket?"},{"$i":"confirm-to-merge-contacts","$v":["Biztosan egyesíteni kívánja a ",{"t":"idOrVar","v":"n"}," névjegyet a következővel: ",{"t":"idOrVar","v":"name"},"?"]},{"$i":"contact-merged","$v":"Névjegy egyesítve"},{"$i":"find-duplicate-contacts","$v":"Duplikált névjegyek keresése"},{"$i":"no-duplicate-contact-found","$v":"Nincsenek duplikált névjegyek"},{"$i":"merge","$v":"Egyesítés"},{"$i":"find-dup","$v":"Duplikált névjegyek keresése"},{"$i":"find-dup-title","$v":"Duplikált névjegyek keresése"},{"$i":"finding-dup-message","$v":"Duplikált névjegyek keresése..."},{"$i":"dup-found-title","$v":"Duplikált névjegyek találhatók"},{"$i":"dup-found-message","$v":"Duplikált információk észlelve a következő névjegy(ek)nél. Kívánja egyesíteni?"},{"$i":"no-dup-found","$v":"Nem találhatók duplikált névjegyek"},{"$i":"merge-conflict-warn","$v":["A következő információ a(z) „",{"t":"idOrVar","v":"name"},"” szöveggel felülírásra kerül:"]},{"$i":"merge-conflict-confirm","$v":"Biztosan egyesíteni kívánja a névjegyeket?"},{"$i":"add-favorite","$v":"Hozzáadás a Kedvencekhez"},{"$i":"remove-favorite","$v":"Eltávolítás a kedvencek közül"},{"$i":"favorite-contacts","$v":"Kedvenc névjegyek"},{"$i":"add-block","$v":"Szám letiltása"},{"$i":"remove-block","$v":"Szám letiltásának feloldása"},{"$i":"add-block-email","$v":"E-mail letiltása"},{"$i":"remove-block-email","$v":"E-mail letiltásának feloldása"},{"$i":"add-block-contact-warning","$v":"A letiltási listán található személyektől nem fog hívásokat vagy üzeneteket kapni."},{"$i":"add-block-email-warning","$v":"Nem fog üzeneteket kapni erről az e-mail címről."},{"$i":"block","$v":"Letiltás"},{"$i":"unblock","$v":"Feloldás"},{"$i":"block-contacts","$v":"Névjegyek letiltása"},{"$i":"add-block-header","$v":"Letiltott szám hozzáadása"},{"$i":"remove-block-alert","$v":"Eltávolítva a letiltott névjegyek listájáról."},{"$i":"duplicate-block-number","$v":"Duplikált szám hozzáadása nem lehetséges."},{"$i":"sort-contacts","$v":"Névjegyek rendezése"},{"$i":"sort-by-first-name","$v":"Rendezés keresztnév szerint"},{"$i":"sort-by-last-name","$v":"Rendezés családnév szerint"},{"$i":"no-support-open-multi-vcard","$v":"A több névjeggyel rendelkező vCard nem nyitható meg"},{"$i":"import","$v":"Importálás"},{"$i":"sdcard","$v":"Memóriakártya"},{"$i":"simcard","$v":"SIM-kártya"},{"$i":"import-contacts","$v":"Névjegyek importálása"},{"$i":"simContacts-error","$v":"Nem importálhatók névjegyek a SIM-kártyáról"},{"$i":"memoryCardContacts-error","$v":"A memóriában található névjegyek importálása sikertelen"},{"$i":"novCardFiles","$v":"A memóriakártyán nem áll rendelkezésre névjegyeket tartalmazó fájl."},{"$i":"fullDiskSpace-error","$v":"A tárhely megtelt, a névjegyek importálása sikertelen."},{"$i":"socialServiceContacts-error","$v":["Nem sikerült importálni a névjegyeket innen: ",{"t":"idOrVar","v":"service"}]},{"$i":"socialServiceContacts-noNetwork","$v":["Nincs internetkapcsolat, a névjegyek importálása nem lehetséges innen: ",{"t":"idOrVar","v":"service"},"."]},{"$i":"simContacts-reading","$v":"Névjegyek beolvasása a SIM-kártyáról..."},{"$i":"memoryCardContacts-reading","$v":"Névjegyek beolvasása memóriakártyáról..."},{"$i":"importContactsTitle","$v":"Névjegyek importálása"},{"$i":"retry","$v":"Újrapróbálkozás"},{"$i":"noSimMsg","$v":"Névjegyek importálásához helyezze be vagy oldja fel SIM-kártyáját"},{"$i":"noSdcardMsg","$v":"Névjegyek importálásához helyezzen be egy memóriakártyát"},{"$i":"not-imported","$v":"Nincs importálva"},{"$i":"imported","$v":"Importálva"},{"$i":"importing","$v":"Importálás..."},{"$i":"contact-imported","$v":[{"t":"idOrVar","v":"imported"}," névjegy importálva. ",{"t":"idOrVar","v":"dupes"}," névjegy egyesítve."]},{"$i":"contact-imported2","$v":{"one":"1 névjegy importálva.","zero":"Egyetlen névjegy sem került importálásra.","few":[{"t":"idOrVar","v":"imported"}," névjegy importálva."],"many":[{"t":"idOrVar","v":"imported"}," névjegy importálva."],"other":[{"t":"idOrVar","v":"imported"}," névjegy importálva."],"two":[{"t":"idOrVar","v":"imported"}," névjegy importálva."]},"$x":[{"t":"idOrVar","v":"plural"},"imported"]},{"$i":"reading-contacts-from-sim","$v":"Névjegy(ek) beolvasása a SIM-kártyáról..."},{"$i":"reading-contacts-from-gmail","$v":"Névjegy(ek) beolvasása a Gmail fiókból..."},{"$i":"reading-contacts-from-live","$v":"Névjegy(ek) beolvasása az Outlook alkalmazásból..."},{"$i":"reading-contacts-from-sd","$v":"Névjegy(ek) beolvasása a memóriakártyáról..."},{"$i":"reading-contacts-from-vcard","$v":"Névjegy(ek) beolvasása fájlból..."},{"$i":"importing-contacts-from-sim","$v":"Névjegy(ek) importálása SIM-kártyáról..."},{"$i":"importing-contacts-from-gmail","$v":"Névjegy(ek) importálása a Gmail fiókból..."},{"$i":"importing-contacts-from-live","$v":"Névjegy(ek) importálása a Outlook alkalmazásból..."},{"$i":"importing-contacts-from-sd","$v":"Névjegy(ek) importálása memóriakártyáról..."},{"$i":"importing-contacts-from-vcard","$v":"Névjegy(ek) importálása fájlból..."},{"$i":"connect-network-to-import","$v":"Névjegyek importálásához csatlakozzon Wi-Fi vagy mobil adathálózathoz."},{"$i":"importing-confirm","$v":["Importál ",{"t":"idOrVar","v":"n"}," névjegyet a(z) „",{"t":"idOrVar","v":"fileName"},"” fájlból?"]},{"$i":"importing-cancel-confirm","$v":"Ha bezárja ezt a képernyőt, az importálási folyamat leáll. Biztosan be kívánja zárni?"},{"$i":"import-contact-failed","$v":"A névjegy importálása sikertelen"},{"$i":"phone-storage-full","$v":"A telefon memóriája megtelt."},{"$i":"import-contact-storage-full","$v":"A névjegyek importálása sikertelen. Töröljön alkalmazásadatokat a tárhely felszabadítása érdekében."},{"$i":"contact-import-error-disk-full","$v":"A névjegyek importálása nem fejeződött be, mert a tárhely megtelt. Töröljön alkalmazásadatokat a tárhely felszabadítása érdekében."},{"$i":"contact-import-error-sim-full","$v":"A névjegyek importálása nem fejeződött be, mert a SIM-kártya megtelt."},{"$i":"contact-import-error-unknown","$v":"Hiba miatt a névjegyek importálása nem fejeződött be."},{"$i":"import-contacts-canceled","$v":"A névjegyek importálása megszakításra került."},{"$i":"close","$v":"Bezárás"},{"$i":"import-process-cancel","$v":"Az importálási folyamat megszakítva."},{"$i":"import-limit-header","$v":"Fájlméret határértékei túllépve"},{"$i":"inner-import-limit-content","$v":"A 10 MB-ot meghaladó névjegyfájlok nem kerültek importálásra."},{"$i":"activity-import-limit-contact","$v":"A névjegyek importálása sikertelen, mivel a fájlméret határértékei túllépésre kerültek."},{"$i":"activity-import-limit-additional","$v":"(A fájl mérete kisebb kell, hogy legyen mint 10 MB.)"},{"$i":"bluetooth","$v":"Bluetooth"},{"$i":"export","$v":"Exportálás"},{"$i":"export-contacts","$v":"Névjegyek exportálása"},{"$i":"simExport-title","$v":"Exportálás SIM-kártyára"},{"$i":"memoryCardExport-title","$v":"Exportálás a memóriakártyára"},{"$i":"btExport-title","$v":"Exportálás Bluetooth-eszközre"},{"$i":"noSimMsgExport","$v":"Névjegyek exportálásához helyezze be vagy oldja fel SIM-kártyáját"},{"$i":"noSdcardExport","$v":"Névjegyek exportálásához helyezzen be egy memóriakártyát."},{"$i":"bluetoothNoConnection","$v":"A névjegyek exportálásához csatlakoztasson egy Bluetooth-eszközt."},{"$i":"contact-exported","$v":[{"t":"idOrVar","v":"exported"}," névjegy exportálva."]},{"$i":"contact-exported2","$v":{"zero":"Nincs exportálva névjegy.","one":"1 névjegy exportálva.","few":[{"t":"idOrVar","v":"exported"}," névjegy exportálva."],"many":[{"t":"idOrVar","v":"exported"}," névjegy exportálva."],"other":[{"t":"idOrVar","v":"exported"}," névjegy exportálva."],"two":[{"t":"idOrVar","v":"exported"}," névjegy exportálva."]},"$x":[{"t":"idOrVar","v":"plural"},"exported"]},{"$i":"export-contact-failed","$v":"Névjegy exportálása sikertelen"},{"$i":"contact-export-error-sim-full","$v":"A névjegyek exportálása nem fejeződött be, mert a SIM-kártya megtelt."},{"$i":"contact-export-error-sd-full","$v":"A névjegyek exportálása nem fejeződött be, mert a memóriakártya megtelt."},{"$i":"contact-export-error-unknown","$v":"Hiba miatt a névjegyek exportálása nem fejeződött be."},{"$i":"contact-export-canceled","$v":"Az exportálási folyamat megszakításra került."},{"$i":"save","$v":"Mentés"},{"$i":"back","$v":"Vissza"},{"$i":"givenName","$v":"Keresztnév"},{"$i":"familyName","$v":"Családnév"},{"$i":"name","$v":"Név"},{"$i":"org","$v":"Cég"},{"$i":"ringtone","$v":"Csengőhang"},{"$i":"note","$v":"jegyzet"},{"$i":"photo","$v":"Kép"},{"$i":"email","$v":"E-mail"},{"$i":"adr","$v":"Cím"},{"$i":"custom","$v":"Egyéni"},{"$i":"confirm-discard-contact-data","$v":"A névjegyadatok elvetésre fognak kerülni. Menteni kívánja ezt a névjegyet?"},{"$i":"confirm-discard-contact-update-data","$v":"A módosítások elvetésre kerülnek. Kívánja menteni ezt a névjegyet?"},{"$i":"discard-contact-data","$v":"A módosítások elvetésre kerülnek."},{"$i":"discard","$v":"Elvetés"},{"$i":"add-others","$v":"Egyéb hozzáadása"},{"$i":"custom-label","$v":"Egyéni címke"},{"$i":"input-the-custom-type","$v":"Adja meg az egyéni típust:"},{"$i":"contact-added","$v":"Névjegy hozzáadva."},{"$i":"delete-prompt-message","$v":["Törli a(z) ",{"t":"idOrVar","v":"field"}," mezőt?"]},{"$i":"delete-photo-msg","$v":"kép"},{"$i":"delete-ringtone-msg","$v":"csengőhang"},{"$i":"delete-bday-msg","$v":"születésnap"},{"$i":"delete-note-msg","$v":"jegyzet"},{"$i":"delete-org-msg","$v":"vállalat"},{"$i":"personal","$v":"Személyes"},{"$i":"mobile","$v":"Mobil"},{"$i":"current","$v":"Jelenlegi állapot"},{"$i":"home","$v":"Kezdőképernyő"},{"$i":"work","$v":"Munkahelyi"},{"$i":"other","$v":"Egyéb"},{"$i":"fax-home","$v":"Otthoni fax"},{"$i":"fax-office","$v":"Munkahelyi fax"},{"$i":"fax-other","$v":"Egyéb fax"},{"$i":"add-phone","$v":"Telefonszám hozzáadása"},{"$i":"add-tel","$v":"Telefonszám hozzáadása"},{"$i":"add-email","$v":"E-mail cím hozzáadása"},{"$i":"add-ringtone","$v":"Csengőhang hozzáadása"},{"$i":"add-adr","$v":"Cím hozzáadása"},{"$i":"add-bday","$v":"Születésnap hozzáadása"},{"$i":"add-photo","$v":"Kép hozzáadása"},{"$i":"add-note","$v":"Jegyzet hozzáadása"},{"$i":"add-org","$v":"Cég hozzáadása"},{"$i":"add-tel-number","$v":"Telefonszám hozzáadása"},{"$i":"delete-tel","$v":"Telefonszám törlése"},{"$i":"delete-email","$v":"E-mail törlése"},{"$i":"delete-ringtone","$v":"Csengőhang törlése"},{"$i":"delete-adr","$v":"Cím törlése"},{"$i":"delete-bday","$v":"Születésnap törlése"},{"$i":"delete-photo","$v":"Kép törlése"},{"$i":"delete-note","$v":"Jegyzet törlése"},{"$i":"delete-org","$v":"Cég törlése"},{"$i":"edit-tel-type","$v":"Telefontípus szerkesztése"},{"$i":"edit-email-type","$v":"E-mail típus szerkesztése"},{"$i":"edit-adr-type","$v":"Címtípus szerkesztése"},{"$i":"edit-bday-type","$v":"Születésnap szerkesztése"},{"$i":"replace-photo","$v":"Kép módosítása"},{"$i":"replace-ringtone","$v":"Csengőhang módosítása"},{"$i":"mobile-tel","$v":"Mobiltelefon"},{"$i":"home-tel","$v":"Otthoni telefon"},{"$i":"work-tel","$v":"Munkahelyi telefonszám"},{"$i":"personal-tel","$v":"Személyes telefonszám"},{"$i":"fax-home-tel","$v":"Otthoni fax"},{"$i":"fax-office-tel","$v":"Munkahelyi fax"},{"$i":"fax-other-tel","$v":"Egyéb fax"},{"$i":"other-tel","$v":"Egyéb telefon"},{"$i":"personal-email","$v":"Személyes e-mail cím"},{"$i":"work-email","$v":"Munkahelyi e-mail cím"},{"$i":"other-email","$v":"Egyéb e-mail"},{"$i":"custom-email","$v":[{"t":"idOrVar","v":"type"}," e-mail"]},{"$i":"custom-tel","$v":[{"t":"idOrVar","v":"type"}," telefon"]},{"$i":"personal-adr","$v":"Személyes cím"},{"$i":"current-adr","$v":"Jelenlegi cím"},{"$i":"home-adr","$v":"Lakcím"},{"$i":"work-adr","$v":"Munkahelyi cím"},{"$i":"custom-adr","$v":[{"t":"idOrVar","v":"type"}," cím"]},{"$i":"bday","$v":"Születésnap"},{"$i":"birthday","$v":"Születésnap"},{"$i":"streetAddress","$v":"Utca"},{"$i":"locality","$v":"Város"},{"$i":"postalCode","$v":"Irányítószám"},{"$i":"countryName","$v":"Ország"},{"$i":"region","$v":"Állam"},{"$i":"no-name","$v":"Nincs név"},{"$i":"new-contact","$v":"Új"},{"$i":"options","$v":"Opciók"},{"$i":"cancel","$v":"Mégse"},{"$i":"settings","$v":"Beállítások"},{"$i":"edit","$v":"Szerkesztés"},{"$i":"share","$v":"Megosztás"},{"$i":"remove","$v":"Eltávolítás"},{"$i":"compose","$v":"Írás"},{"$i":"new-contact-title","$v":"Új névjegy"},{"$i":"edit-title","$v":"Névjegy szerkesztése"},{"$i":"music","$v":"Zene"},{"$i":"adr-type","$v":"Címtípus"},{"$i":"email-type","$v":"E-mail típus"},{"$i":"tel-type","$v":"Telefon típusa"},{"$i":"ICEContactsGroup","$v":"Értesítendő (ICE) névjegyek"},{"$i":"setICEButton","$v":"Értesítendő (ICE) névjegyek beállítása"},{"$i":"ICESettingTitle","$v":"Értesítendő (ICE) névjegyek"},{"$i":"ICEDescription","$v":"Adjon hozzá öt névjegyet a „Vészhelyzet esetén” történő hívások indításához."},{"$i":"ICEContact","$v":["Értesítendő (ICE) névjegy ",{"t":"idOrVar","v":"n"}]},{"$i":"ICESelectContact","$v":"Névjegy kiválasztása"},{"$i":"delete-ice-contact-warning","$v":"Biztosan el kívánja távolítani az értesítendő (ICE) névjegyet?"},{"$i":"confirm","$v":"Megerősítés"},{"$i":"add-ice-failed","$v":"Értesítendő ICE névjegy hozzáadása sikertelen"},{"$i":"create-group","$v":"Csoport létrehozása"},{"$i":"group-name","$v":"Csoport neve"},{"$i":"group","$v":"Csoport"},{"$i":"new-group-created","$v":"Új csoport létrehozva."},{"$i":"create-group-failed","$v":"A csoport létrehozása sikertelen."},{"$i":"create-group-too-many","$v":["Csak ",{"t":"idOrVar","v":"number"}," csoport létrehozása lehetséges."]},{"$i":"create-group-duplicate","$v":"Duplikált név."},{"$i":"rename-group-failed","$v":"A csoport átnevezése sikertelen."},{"$i":"new-group","$v":"Új"},{"$i":"rename","$v":"Átnevezés"},{"$i":"duplicate-removed","$v":"Duplikált névjegy(ek) eltávolítva."},{"$i":"add-to-group","$v":"Hozzáadás a csoporthoz"},{"$i":"remove-from-group","$v":"Eltávolítás a csoportból"},{"$i":"added-to","$v":["Hozzáadva a(z) ",{"t":"idOrVar","v":"group"}," csoporthoz"]},{"$i":"removed-from","$v":["Eltávolítva a(z) ",{"t":"idOrVar","v":"group"}," csoportból"]},{"$i":"select-group","$v":"Csoport kiválasztása"},{"$i":"rename-group","$v":"Csoport átnevezése"},{"$i":"delete-group","$v":["Biztosan törölni kívánja a(z) ",{"t":"idOrVar","v":"group"}," csoportot?"]},{"$i":"unable-add-warn","$v":"A fiókhoz tartozó névjegy csoporthoz való hozzáadása sikertelen."},{"$i":"edit-contact","$v":"Névjegy szerkesztése"},{"$i":"send-message","$v":"Üzenet küldése"},{"$i":"call","$v":"Hívás"},{"$i":"call-sim-1","$v":"Hívás - SIM1"},{"$i":"call-sim-2","$v":"Hívás - SIM2"},{"$i":"send-email","$v":"E-mail küldése"},{"$i":"choose-number","$v":"Szám kiválasztása"},{"$i":"choose-email-address","$v":"E-mail kiválasztása"},{"$i":"delete","$v":"Törlés"},{"$i":"select","$v":"Kiválasztás"},{"$i":"select-all","$v":"Összes kiválasztása"},{"$i":"select-all2","$v":"Összes"},{"$i":"deselect-all","$v":"Összes kijelölés törlése"},{"$i":"deselect-all2","$v":"Nincs"},{"$i":"deselect","$v":"Kijelölés törlése"},{"$i":"selected-contacts","$v":{"few":[{"t":"idOrVar","v":"n"}," kiválasztva"],"many":[{"t":"idOrVar","v":"n"}," kiválasztva"],"one":[{"t":"idOrVar","v":"n"}," kiválasztva"],"other":[{"t":"idOrVar","v":"n"}," kiválasztva"],"two":[{"t":"idOrVar","v":"n"}," kiválasztva"],"zero":[{"t":"idOrVar","v":"n"}," kiválasztva"]},"$x":[{"t":"idOrVar","v":"plural"},"n"]},{"$i":"massive-delete","$v":"Névjegyek törlése"},{"$i":"confirm-contact-delete","$v":["Biztosan törölni kívánja a(z) „",{"t":"idOrVar","v":"name"},"” névjegyet?"]},{"$i":"DeletedTxt","$v":{"few":[{"t":"idOrVar","v":"n"}," névjegy eltávolítva"],"many":[{"t":"idOrVar","v":"n"}," névjegy eltávolítva"],"one":"1 névjegy eltávolítva","other":[{"t":"idOrVar","v":"n"}," névjegy eltávolítva"],"two":[{"t":"idOrVar","v":"n"}," névjegy eltávolítva"],"zero":"Nincsen törlendő névjegy"},"$x":[{"t":"idOrVar","v":"plural"},"n"]},{"$i":"DeletingContacts","$v":"Névjegyek törlése"},{"$i":"DeletingContactsProgressing","$v":"Névjegyek törlése..."},{"$i":"ContactConfirmDel","$v":{"few":["Törölni kíván ",{"t":"idOrVar","v":"n"}," névjegyet? Ez nem vonható vissza."],"many":["Törölni kíván ",{"t":"idOrVar","v":"n"}," névjegyet? Ez nem vonható vissza."],"one":"Törölni kíván 1 névjegyet? Ez nem vonható vissza.","other":["Törölni kíván ",{"t":"idOrVar","v":"n"}," névjegyet? Ez nem vonható vissza."],"two":["Törölni kíván ",{"t":"idOrVar","v":"n"}," névjegyet? Ez nem vonható vissza."],"zero":"Nincsen törlendő névjegy"},"$x":[{"t":"idOrVar","v":"plural"},"n"]},{"$i":"contact-deleted","$v":{"zero":"Egy névjegy sem került törlésre","one":"1 névjegy törölve","few":[{"t":"idOrVar","v":"n"}," névjegy törölve"],"many":[{"t":"idOrVar","v":"n"}," névjegy törölve"],"other":[{"t":"idOrVar","v":"n"}," névjegy törölve"],"two":[{"t":"idOrVar","v":"n"}," névjegy törölve"]},"$x":[{"t":"idOrVar","v":"plural"},"n"]},{"$i":"a-contact-deleted","$v":"Névjegy törölve."},{"$i":"settings-title","$v":"Névjegybeállítások"},{"$i":"change-will-update-until-restart","$v":"A módosítások a Telefonkönyv következő indításakor lépnek érvénybe."},{"$i":"transfer-contacts","$v":"Névjegyek átvitele"},{"$i":"service-number","$v":"Szolgáltatási szám"},{"$i":"no-contacts-found","$v":"Nincs egyezés."},{"$i":"search","$v":"Névjegyek keresése","placeholder":"Névjegyek keresése"},{"$i":"search-option","$v":"keresés"},{"$i":"accounts","$v":"Fiókok"},{"$i":"account","$v":"Fiók"},{"$i":"add-account","$v":"Fiók hozzáadása"},{"$i":"add-account-failed","$v":"Ismeretlen hiba történt. Próbálja újra később."},{"$i":"duplicate-account-warn","$v":"A fiók már létezik. A szinkronizálás be van kapcsolva."},{"$i":"setting-up-account","$v":"Fiók beállítása..."},{"$i":"no-network-warn","$v":"Nincs internetkapcsolat."},{"$i":"username","$v":"Felhasználónév"},{"$i":"password","$v":"Jelszó"},{"$i":"delete-account","$v":"Fiók törlése"},{"$i":"delete-account-long","$v":"Fiók törlése"},{"$i":"delete-account-warn","$v":"Ennek a fióknak a törlése, a fiókot használó alkalmazásokat is befolyásolja."},{"$i":"deleting-account","$v":"Fiók törlése"},{"$i":"delete-account-failed","$v":"A fiók törlése sikertelen. Próbálja újra később."},{"$i":"delete-account-ok","$v":"Fiók törölve."},{"$i":"sync","$v":"Szinkronizálás"},{"$i":"sync-title","$v":"Névjegyek szinkronizálása"},{"$i":"sync-failed-warn","$v":"A szinkronizálás sikertelen."},{"$i":"sync-off-warn","$v":"A szinkronizálás kikapcsolásra került a Beállítások menüben."},{"$i":"show-account-contacts","$v":"Fiókhoz tartozó névjegyek megjelenítése"},{"$i":"sync-account-contacts","$v":"Fiókhoz tartozó névjegyek szinkronizálása"},{"$i":"sync-account-contacts-warning","$v":["A fiókhoz tartozó bármelyik névjegy szerkesztése nem kerül szinkronizálásra a felhőben, amikor a(z) „",{"t":"idOrVar","v":"switch"},"” nincs bejelölve. Biztosan eltávolítja a jelölést?"]},{"$i":"yes","$v":"Igen"},{"$i":"all-contacts-synced","$v":"Minden névjegy szinkronizálva."},{"$i":"contact-syncing","$v":"Névjegyek szinkronizálása..."},{"$i":"contacts-sync-limit-exceed","$v":"A névjegyek szinkronizálása nem fejeződött be, névjegyek maximális száma meghaladva."},{"$i":"show-password","$v":"Jelszó megjelenítése"},{"$i":"password-incorrect","$v":"A jelszó helytelen."},{"$i":"re-enter-password","$v":"Adja meg ismét a jelszót"},{"$i":"accessing-warn","$v":"Hiba történt a fiókja elérésekor."},{"$i":"accessing-warn-password","$v":"Adja meg ismét a jelszót."},{"$i":"re-enter-password-on-setting","$v":"Adja meg újra a jelszót a Névjegyek beállításaiban."},{"$i":"accessing-warn-relogin","$v":"Törölje a fiókot, majd jelentkezzen be ismét."},{"$i":"update-password-failed","$v":"A jelszó frissítése sikertelen. Próbálja újra később."},{"$i":"connect-time-out","$v":["A(z) „",{"t":"idOrVar","v":"server"},"” szerverrel való kapcsolat létrehozása sikertelen. Előfordulhat, hogy probléma lépett fel a hálózattal."]},{"$i":"server-error","$v":"A szerver nem elérhető. Próbálja újra később."},{"$i":"loading","$v":"Betöltés..."},{"$i":"ellipsis","$v":"..."},{"$i":"stop-syncing-warn-title","$v":"Névjegyek szinkronizálása"},{"$i":"stop-syncing-warn","$v":"Az alkalmazás bezárása leállítja a névjegyszinkronizálási folyamatot. Biztosan be kívánja zárni?"},{"$i":"weekday-0-long","$v":"Vasárnap"},{"$i":"weekday-1-long","$v":"Hétfő"},{"$i":"weekday-2-long","$v":"Kedd"},{"$i":"weekday-3-long","$v":"Szerda"},{"$i":"weekday-4-long","$v":"Csütörtök"},{"$i":"weekday-5-long","$v":"Péntek"},{"$i":"weekday-6-long","$v":"Szombat"},{"$i":"weekday-0-short","$v":"Vas"},{"$i":"weekday-1-short","$v":"Hé."},{"$i":"weekday-2-short","$v":"Ke."},{"$i":"weekday-3-short","$v":"Sze."},{"$i":"weekday-4-short","$v":"Csü."},{"$i":"weekday-5-short","$v":"Pé."},{"$i":"weekday-6-short","$v":"Szo."},{"$i":"month-0-long","$v":"JANUÁR"},{"$i":"month-1-long","$v":"FEBRUÁR"},{"$i":"month-2-long","$v":"MÁRCIUS"},{"$i":"month-3-long","$v":"ÁPRILIS"},{"$i":"month-4-long","$v":"MÁJUS"},{"$i":"month-5-long","$v":"JÚNIUS"},{"$i":"month-6-long","$v":"JÚLIUS"},{"$i":"month-7-long","$v":"AUGUSZTUS"},{"$i":"month-8-long","$v":"SZEPTEMBER"},{"$i":"month-9-long","$v":"OKTÓBER"},{"$i":"month-10-long","$v":"NOVEMBER"},{"$i":"month-11-long","$v":"DECEMBER"},{"$i":"month-0-genitive","$v":"JANUÁR"},{"$i":"month-1-genitive","$v":"FEBRUÁR"},{"$i":"month-2-genitive","$v":"MÁRCIUS"},{"$i":"month-3-genitive","$v":"ÁPRILIS"},{"$i":"month-4-genitive","$v":"MÁJUS"},{"$i":"month-5-genitive","$v":"JÚNIUS"},{"$i":"month-6-genitive","$v":"JÚLIUS"},{"$i":"month-7-genitive","$v":"AUGUSZTUS"},{"$i":"month-8-genitive","$v":"SZEPTEMBER"},{"$i":"month-9-genitive","$v":"OKTÓBER"},{"$i":"month-10-genitive","$v":"NOVEMBER"},{"$i":"month-11-genitive","$v":"DECEMBER"},{"$i":"month-0-short","$v":"Jan."},{"$i":"month-1-short","$v":"Feb."},{"$i":"month-2-short","$v":"Már."},{"$i":"month-3-short","$v":"Ápr."},{"$i":"month-4-short","$v":"MÁJUS"},{"$i":"month-5-short","$v":"Jún."},{"$i":"month-6-short","$v":"Júl."},{"$i":"month-7-short","$v":"Aug."},{"$i":"month-8-short","$v":"Szep."},{"$i":"month-9-short","$v":"Okt."},{"$i":"month-10-short","$v":"Nov."},{"$i":"month-11-short","$v":"Dec."},{"$i":"minutes-ago-long","$v":{"few":[{"t":"idOrVar","v":"value"}," perccel ezelőtt"],"many":[{"t":"idOrVar","v":"value"}," perccel ezelőtt"],"other":[{"t":"idOrVar","v":"value"}," perccel ezelőtt"],"two":[{"t":"idOrVar","v":"value"}," perccel ezelőtt"],"one":"egy perccel ezelőtt","zero":"Éppen most"},"$x":[{"t":"idOrVar","v":"plural"},"value"]},{"$i":"hours-ago-long","$v":{"few":[{"t":"idOrVar","v":"value"}," órával ezelőtt"],"many":[{"t":"idOrVar","v":"value"}," órával ezelőtt"],"other":[{"t":"idOrVar","v":"value"}," órával ezelőtt"],"two":[{"t":"idOrVar","v":"value"}," órával ezelőtt"],"one":"egy órája","zero":"Éppen most"},"$x":[{"t":"idOrVar","v":"plural"},"value"]},{"$i":"days-ago-long","$v":{"few":[{"t":"idOrVar","v":"value"}," nappal ezelőtt"],"many":[{"t":"idOrVar","v":"value"}," nappal ezelőtt"],"one":"Tegnap","other":[{"t":"idOrVar","v":"value"}," nappal ezelőtt"],"two":[{"t":"idOrVar","v":"value"}," nappal ezelőtt"],"zero":"Ma"},"$x":[{"t":"idOrVar","v":"plural"},"value"]},{"$i":"weeks-ago-long","$v":{"few":[{"t":"idOrVar","v":"value"}," héttel ezelőtt"],"many":[{"t":"idOrVar","v":"value"}," héttel ezelőtt"],"one":"múlt héten","other":[{"t":"idOrVar","v":"value"}," héttel ezelőtt"],"two":[{"t":"idOrVar","v":"value"}," héttel ezelőtt"],"zero":"ezen a héten"},"$x":[{"t":"idOrVar","v":"plural"},"value"]},{"$i":"months-ago-long","$v":{"few":[{"t":"idOrVar","v":"value"}," hónappal ezelőtt"],"many":[{"t":"idOrVar","v":"value"}," hónappal ezelőtt"],"one":"Múlt hónapban","other":[{"t":"idOrVar","v":"value"}," hónappal ezelőtt"],"two":[{"t":"idOrVar","v":"value"}," hónappal ezelőtt"],"zero":"EBBEN A HÓNAPBAN"},"$x":[{"t":"idOrVar","v":"plural"},"value"]},{"$i":"years-ago-long","$v":{"few":[{"t":"idOrVar","v":"value"}," évvel ezelőtt"],"many":[{"t":"idOrVar","v":"value"}," évvel ezelőtt"],"one":"tavaly","other":[{"t":"idOrVar","v":"value"}," évvel ezelőtt"],"two":[{"t":"idOrVar","v":"value"}," évvel ezelőtt"],"zero":"idén"},"$x":[{"t":"idOrVar","v":"plural"},"value"]},{"$i":"minutes-until-long","$v":{"few":[{"t":"idOrVar","v":"value"}," perc múlva"],"many":[{"t":"idOrVar","v":"value"}," perc múlva"],"other":[{"t":"idOrVar","v":"value"}," perc múlva"],"two":[{"t":"idOrVar","v":"value"}," perc múlva"],"zero":"most","one":"egy perc múlva"},"$x":[{"t":"idOrVar","v":"plural"},"value"]},{"$i":"hours-until-long","$v":{"few":[{"t":"idOrVar","v":"value"}," óra múlva"],"many":[{"t":"idOrVar","v":"value"}," óra múlva"],"other":[{"t":"idOrVar","v":"value"}," óra múlva"],"two":[{"t":"idOrVar","v":"value"}," óra múlva"],"zero":"most","one":"egy órán múlva"},"$x":[{"t":"idOrVar","v":"plural"},"value"]},{"$i":"days-until-long","$v":{"few":[{"t":"idOrVar","v":"value"}," nap múlva"],"many":[{"t":"idOrVar","v":"value"}," nap múlva"],"one":"holnap","other":[{"t":"idOrVar","v":"value"}," nap múlva"],"two":[{"t":"idOrVar","v":"value"}," nap múlva"],"zero":"Ma"},"$x":[{"t":"idOrVar","v":"plural"},"value"]},{"$i":"weeks-until-long","$v":{"few":[{"t":"idOrVar","v":"value"}," hét múlva"],"many":[{"t":"idOrVar","v":"value"}," hét múlva"],"one":"jövő héten","other":[{"t":"idOrVar","v":"value"}," hét múlva"],"two":[{"t":"idOrVar","v":"value"}," hét múlva"],"zero":"ezen a héten"},"$x":[{"t":"idOrVar","v":"plural"},"value"]},{"$i":"months-until-long","$v":{"few":[{"t":"idOrVar","v":"value"}," hónap múlva"],"many":[{"t":"idOrVar","v":"value"}," hónap múlva"],"one":"következő hónapban","other":[{"t":"idOrVar","v":"value"}," hónap múlva"],"two":[{"t":"idOrVar","v":"value"}," hónap múlva"],"zero":"EBBEN A HÓNAPBAN"},"$x":[{"t":"idOrVar","v":"plural"},"value"]},{"$i":"years-until-long","$v":{"few":[{"t":"idOrVar","v":"value"}," év múlva"],"many":[{"t":"idOrVar","v":"value"}," év múlva"],"one":"jövő évben","other":[{"t":"idOrVar","v":"value"}," év múlva"],"two":[{"t":"idOrVar","v":"value"}," év múlva"],"zero":"idén"},"$x":[{"t":"idOrVar","v":"plural"},"value"]},{"$i":"minutes-ago-short","$v":{"other":[{"t":"idOrVar","v":"value"}," perccel ezelőtt"],"zero":"Éppen most"},"$x":[{"t":"idOrVar","v":"plural"},"value"]},{"$i":"hours-ago-short","$v":{"other":[{"t":"idOrVar","v":"value"}," órával ezelőtt"],"zero":"Éppen most"},"$x":[{"t":"idOrVar","v":"plural"},"value"]},{"$i":"days-ago-short","$v":{"other":[{"t":"idOrVar","v":"value"},"n ezelőtt"],"zero":"Ma"},"$x":[{"t":"idOrVar","v":"plural"},"value"]},{"$i":"minutes-until-short","$v":{"other":[{"t":"idOrVar","v":"value"}," percen belül"],"zero":"most"},"$x":[{"t":"idOrVar","v":"plural"},"value"]},{"$i":"hours-until-short","$v":{"other":[{"t":"idOrVar","v":"value"}," óra múlva"],"zero":"most"},"$x":[{"t":"idOrVar","v":"plural"},"value"]},{"$i":"days-until-short","$v":{"other":[{"t":"idOrVar","v":"value"}," nap múlva"],"zero":"Ma"},"$x":[{"t":"idOrVar","v":"plural"},"value"]},{"$i":"incorrectDate","$v":"(helytelen dátum)"},{"$i":"dateTimeFormat_%c","$v":"%a %b %e %Y %I:%M:%S %p"},{"$i":"dateTimeFormat_%x","$v":"%d/%m/%Y"},{"$i":"dateTimeFormat_%X","$v":"%I:%M:%S %p"},{"$i":"shortTimeFormat","$v":"%I:%M %p"},{"$i":"shortTimeFormat12","$v":"%I:%M %p"},{"$i":"shortTimeFormat24","$v":"%H:%M"},{"$i":"shortDateTimeFormat","$v":"%x %I:%M %p"},{"$i":"weekStartsOnMonday","$v":"0.0"},{"$i":"firstDayOfTheWeek","$v":"1.0"},{"$i":"time_am","$v":"de."},{"$i":"time_pm","$v":"du."},{"$i":"sim-with-index-and-carrier","$v":["SIM ",{"t":"idOrVar","v":"index"}," - ",{"t":"idOrVar","v":"carrier"}]},{"$i":"sim-without-carrier","$v":["SIM ",{"t":"idOrVar","v":"index"}]}]