[{"$i":"contacts","$v":"Կոնտակտներ"},{"$i":"view","$v":"Դիտել"},{"$i":"no-contacts","$v":"Կապ չկա:"},{"$i":"reading-contacts","$v":"Կոնտակտները բեռնվում են"},{"$i":"start-adding","$v":"Սեղմեք Նոր կամ գնացեք Կարգավորումներ ՝ կոնտակտներ ավելացնելու համար:"},{"$i":"no-contact-available","$v":"Հասանելի կոնտակտ չկա"},{"$i":"requested-contact-not-available","$v":"Հայցվող տեղեկատվությունը առկա կոնտակտների վերաբերյալ անհասանելի է:"},{"$i":"cannot-add-as-empty","$v":"Հնարավոր չէ ավելացնել կոնտակտներին։ Կոնտակտների ցանկը դատարկ է"},{"$i":"ok","$v":"Լավ"},{"$i":"no-phone-number-to-dial","$v":"Հավաքելու հեռախոսահամար չկա"},{"$i":"video-call","$v":"Տեսականչ"},{"$i":"rtt-call","$v":"RTT կանչ"},{"$i":"select-a-contact","$v":"Ընտրեք կոնտակտ"},{"$i":"multi-pick-max-warn","$v":["Առավելագույն նշված տարբերակների քանակը՝ ",{"t":"idOrVar","v":"n"}," "]},{"$i":"add-contact-failed","$v":"Կոնտակտի ավելացումը ձախողվեց"},{"$i":"no-sim-card-available","$v":"Մտչլ SIM քարտ չկա"},{"$i":"email-cannot-add-to-sim","$v":"Էլ.փոստը չի ապահովվում ներկայիս հիշողության ընտրությամբ:"},{"$i":"add-info-failed","$v":"Տեղեկատվությունը ձախողվեց"},{"$i":"no-contact-to-add","$v":"Առկա կոնտակտ չկա ավելացնելու համար:"},{"$i":"move","$v":"Տղփխլ"},{"$i":"copy","$v":"Պատճենել"},{"$i":"copy-contacts","$v":"Պտճ. կնտկտնր"},{"$i":"move-contacts","$v":"Տղփխլ կոնտակտները"},{"$i":"phone-memory","$v":"Հեռախոսի հշղթյն"},{"$i":"sim-memory","$v":"SIM հշղթյն"},{"$i":"sim-0-memory","$v":"SIM 1 հշղթյն"},{"$i":"sim-1-memory","$v":"SIM 2 հշղթյն"},{"$i":"move-from","$v":"Տեղափոխել հետևյալից"},{"$i":"copy-from","$v":"Պտճն հտյլց՝"},{"$i":"to","$v":"Ում"},{"$i":"move-contacts-progressing","$v":"Կնտկտ տղփխմ…"},{"$i":"copy-contacts-progressing","$v":"Կնտկտ պտճնմ…"},{"$i":"contact-move-to-sim","$v":{"few":[{"t":"idOrVar","v":"migrated"}," կոնտակտ տեղափոխվեց SIM քարտ:"],"many":[{"t":"idOrVar","v":"migrated"}," կոնտակտ տեղափոխվեց SIM քարտ:"],"one":"1 կոնտակտ տեղափոխվեց SIM քարտ:","other":[{"t":"idOrVar","v":"migrated"}," կոնտակտ տեղափոխվեց SIM քարտ:"],"two":[{"t":"idOrVar","v":"migrated"}," կոնտակտ տեղափոխվեց SIM քարտ:"],"zero":"Ոչ մի կոնտակտ չտեղափոխվեց SIM քարտ։"},"$x":[{"t":"idOrVar","v":"plural"},"migrated"]},{"$i":"contact-copy-to-sim","$v":{"few":[{"t":"idOrVar","v":"migrated"}," կոնտակտ պատճենվեց SIM քարտին։"],"many":[{"t":"idOrVar","v":"migrated"}," կոնտակտ պատճենվեց SIM քարտին։"],"one":"1 կոնտակտ պատճենվեց SIM քարտին։","other":[{"t":"idOrVar","v":"migrated"}," կոնտակտ պատճենվեց SIM քարտին։"],"two":[{"t":"idOrVar","v":"migrated"}," կոնտակտ պատճենվեց SIM քարտին։"],"zero":"Ոչ մի կոնտակտ չպատճենվեց SIM քարտ։"},"$x":[{"t":"idOrVar","v":"plural"},"migrated"]},{"$i":"contact-move-to-sim0","$v":{"few":[{"t":"idOrVar","v":"migrated"}," կոնտակտ տեղափոխվեց SIM 1 քարտ։"],"many":[{"t":"idOrVar","v":"migrated"}," կոնտակտ տեղափոխվեց SIM 1 քարտ։"],"one":"1 կոնտակտ տեղափոխվեց SIM 1 քարտ:","other":[{"t":"idOrVar","v":"migrated"}," կոնտակտ տեղափոխվեց SIM 1 քարտ։"],"two":[{"t":"idOrVar","v":"migrated"}," կոնտակտ տեղափոխվեց SIM 1 քարտ։"],"zero":"Ոչ մի կոնտակտ չտեղափոխվեց SIM 1 քարտ:"},"$x":[{"t":"idOrVar","v":"plural"},"migrated"]},{"$i":"contact-copy-to-sim0","$v":{"few":[{"t":"idOrVar","v":"migrated"}," կոնտակտ պատճենվեց SIM 1 քարտ։"],"many":[{"t":"idOrVar","v":"migrated"}," կոնտակտ պատճենվեց SIM 1 քարտ։"],"one":"1 կոնտակտ պատճենվեց SIM 1 քարտ","other":[{"t":"idOrVar","v":"migrated"}," կոնտակտ պատճենվեց SIM 1 քարտ։"],"two":[{"t":"idOrVar","v":"migrated"}," կոնտակտ պատճենվեց SIM 1 քարտ։"],"zero":"Ոչ մի կոնտակտ չպատճենվեց SIM 1 քարտ։"},"$x":[{"t":"idOrVar","v":"plural"},"migrated"]},{"$i":"contact-move-to-sim1","$v":{"few":[{"t":"idOrVar","v":"migrated"}," կոնտակտ տեղափոխվեց SIM 2 քարտ։"],"many":[{"t":"idOrVar","v":"migrated"}," կոնտակտ տեղափոխվեց SIM 2 քարտ։"],"one":"1 կոնտակտ տեղափոխվեց SIM 2 քարտ:","other":[{"t":"idOrVar","v":"migrated"}," կոնտակտ տեղափոխվեց SIM 2 քարտ։"],"two":[{"t":"idOrVar","v":"migrated"}," կոնտակտ տեղափոխվեց SIM 2 քարտ։"],"zero":"Ոչ մի կոնտակտ չտեղափոխվեց SIM 2 քարտ:"},"$x":[{"t":"idOrVar","v":"plural"},"migrated"]},{"$i":"contact-copy-to-sim1","$v":{"few":[{"t":"idOrVar","v":"migrated"}," կոնտակտ պատճենվեց SIM 2 քարտ։"],"many":[{"t":"idOrVar","v":"migrated"}," կոնտակտ պատճենվեց SIM 2 քարտ։"],"one":"1 կոնտակտ պատճենվեց SIM 2 քարտ:","other":[{"t":"idOrVar","v":"migrated"}," կոնտակտ պատճենվեց SIM 2 քարտ։"],"two":[{"t":"idOrVar","v":"migrated"}," կոնտակտ պատճենվեց SIM 2 քարտ։"],"zero":"Ոչ մի կոնտակտ չպատճենվեց SIM 2 քարտ։"},"$x":[{"t":"idOrVar","v":"plural"},"migrated"]},{"$i":"contact-move-to-device","$v":{"one":"1 կոնտակտը տեղափոխվեց հեռախոս:","zero":"Ոչ մի կոնտակտ չի տեղափոխվել հեռախոս:","few":[{"t":"idOrVar","v":"migrated"}," կոնտակտ տեղափոխվեց հեռախոս:"],"many":[{"t":"idOrVar","v":"migrated"}," կոնտակտ տեղափոխվեց հեռախոս:"],"other":[{"t":"idOrVar","v":"migrated"}," կոնտակտ տեղափոխվեց հեռախոս:"],"two":[{"t":"idOrVar","v":"migrated"}," կոնտակտ տեղափոխվեց հեռախոս:"]},"$x":[{"t":"idOrVar","v":"plural"},"migrated"]},{"$i":"contact-copy-to-device","$v":{"one":"1 կոնտակտ պատճենվել է հեռախոսին:","zero":"Ոչ մի կոնտակտ չի պատճենվել հեռախոսով:","few":[{"t":"idOrVar","v":"migrated"}," կոնտակտ պատճենվեց հեռախոսում:"],"many":[{"t":"idOrVar","v":"migrated"}," կոնտակտ պատճենվեց հեռախոսում:"],"other":[{"t":"idOrVar","v":"migrated"}," կոնտակտ պատճենվեց հեռախոսում:"],"two":[{"t":"idOrVar","v":"migrated"}," կոնտակտ պատճենվեց հեռախոսում:"]},"$x":[{"t":"idOrVar","v":"plural"},"migrated"]},{"$i":"copy-contact-failed","$v":"Կոնտակտների պատճենումը ձախողվեց"},{"$i":"move-contact-failed","$v":"Տեղափոխել կոնտակտները ձախողվել են"},{"$i":"contact-copy-error-sim-full","$v":"Պատճենել SIM քարտի պատճառով կոնտակտները, որոնք ավարտված չեն:"},{"$i":"contact-copy-error-unknown","$v":"Պատճենել սխալների պատճառով պատճենեք կոնտակտները:"},{"$i":"contact-copy-error-limit-exceeded","$v":"Կոնտակտների պատճենումը չավարտվեց։ Գերազանցվեց հեռախոսի կոնտակների սահմանաչափը։"},{"$i":"contact-move-error-sim-full","$v":"Տեղափոխել կոնտակտները SIM քարտի պատճառով լիարժեք չեն:"},{"$i":"contact-move-error-unknown","$v":"Տեղափոխեք կոնտակտները ավարտված չեն սխալի պատճառով:"},{"$i":"contact-move-error-limit-exceeded","$v":"Կոնտակտների տեղափոխումը չավարտվեց։ Գերազանցվեց հեռախոսի կոնտակների սահմանաչափը։"},{"$i":"contact-save-error-unknown","$v":"Պահպանեք կոնտակտը ավարտված չէ սխալի պատճառով:"},{"$i":"memory","$v":"Հիշողություն"},{"$i":"phone-and-sim","$v":"Հեռախոս և SIM"},{"$i":"phone","$v":"Հեռախոս"},{"$i":"sim","$v":"SIM"},{"$i":"reloading-contact","$v":"Կոնտակտները վերբեռնվում են․․․"},{"$i":"contact-reloaded","$v":"Կոնտակտները վերբեռնվեցին"},{"$i":"message","$v":"Հաղորդագրություն"},{"$i":"changes-saved","$v":"Փոփոխությունները պահվեցին:"},{"$i":"already-ice-contact","$v":"Ընտրված կոնտակտը արդեն տեղադրված է ICE- ին:"},{"$i":"phone-contacts-limit-exceeded","$v":"Հեռախոսի կոնտակտների սահմանաչափը գերազանցվել է։"},{"$i":"sim-contacts-limit-exceeded","$v":"SIM-ի կոնտակտների սահմանաչափը գերազանցվել է։"},{"$i":"more-info","$v":"Ավելին"},{"$i":"callAirplaneModeTitle","$v":"Օդանավի ռեժիմը ակտիվացված է"},{"$i":"callAirplaneModeMessage","$v":"Կանչ կատարելու համար անջատեք ինքնաթիռի ռեժիմը պարամետրերից:"},{"$i":"emergencyDialogTitle","$v":"Ցանցի կապ չկա"},{"$i":"emergencyDialogBodyBadNumber","$v":"Կանչ կատարելու համար հեռախոսը պետք է միացված լինին ցանցին:"},{"$i":"emergencyDialogBodyDeviceNotAccepted","$v":"Արտակարգ իրավիճակի կանչերը թույլատրելի չեն առանց ցանցի:"},{"$i":"invalidNumberToDialTitle","$v":"Անվավեր հեռախոսահամար"},{"$i":"invalidNumberToDialMessage","$v":"Հեռախոսահամարը, որին զանգում եք, վավեր չէ:"},{"$i":"invalidNumberToSendTitle","$v":"Անվավեր հեռախոսահամար"},{"$i":"invalidNumberToSendMessage","$v":"Համարը, որին հաղորդագրություն եք ուղարկում, վավեր չէ:"},{"$i":"emergency-call-only","$v":"Միայն արտակարգ իրավիճակի կանչ"},{"$i":"emergency-call-error","$v":[{"t":"idOrVar","v":"number"}," արտկրգ իրվճկնր հռխոսհմր չէ:"]},{"$i":"numberIsBusyTitle","$v":"Համարը զբաղված է"},{"$i":"numberIsBusyMessage","$v":"Այս պահին համարը զբաղված է: Կրկին փորձեք ավելի ուշ:"},{"$i":"fdnIsActiveTitle","$v":"FDN-ն ակտիվ է"},{"$i":"fdnIsActiveMessage","$v":["FDN-ը (Ֆիքսված հավաքման համարներ) ակտիվացված է և հետևյալ համարը FDN ցանկում չէ. ",{"t":"idOrVar","v":"number"}]},{"$i":"otherConnectionInUseTitle","$v":"Օգտգրծվծ այլ միացում"},{"$i":"otherConnectionInUseMessage","$v":"Դուք ունեք ակտիվ կանչ կամ մեկ այլ միացում: Դուք կարող եք միայ օգտագործել մեկ միացում միաժամանակ:"},{"$i":"GenericFailure","$v":"Ընդհանուր ձախողում"},{"$i":"CallFailed","$v":"Կանչը ձախողվեց"},{"$i":"scCallBarring","$v":"Կանչի արգելք"},{"$i":"scCallForwarding","$v":"Կանչի փխնցմ"},{"$i":"scClip","$v":"Մուտքային կանչողի ID"},{"$i":"scClir","$v":"Ելքային կանչողի ID"},{"$i":"scPwd","$v":"Անցակոդի փոխում"},{"$i":"scCallWaiting","$v":"Կանչի սպասում"},{"$i":"scPin","$v":"PIN-ի փոխում"},{"$i":"scPin2","$v":"PIN2-ի փոփոխում"},{"$i":"scPuk","$v":"Արգելաբացել PIN-ը"},{"$i":"scPuk2","$v":"Արգելաբացել PIN2-ը"},{"$i":"scImei","$v":"IMEI"},{"$i":"scMeid","$v":"MEID"},{"$i":"scUssd","$v":"USSD"},{"$i":"set-speed-dial","$v":"Տղկյլ արգ հվք կնտկտնրը"},{"$i":"empty","$v":"Դատարկ"},{"$i":"voicemail","$v":"Ձայնային նամակ"},{"$i":"speed-dial","$v":"Արագ հավաքում"},{"$i":"add","$v":"Ավլցն"},{"$i":"replace","$v":"Փխրնլ"},{"$i":"remove-from-speed-dial","$v":"Հռցնլ արագ հվքմն շարքից"},{"$i":"custom-dialog-replace-speed-dial","$v":["Իսկապես փոխարինե՞լ արագ հավաքման ",{"t":"idOrVar","v":"oldSpeedDial"},"-ը ",{"t":"idOrVar","v":"newSpeedDial"},"-ով:"]},{"$i":"custom-dialog-remove-speed-dial","$v":["Իսկապես հեռացնե՞լ ",{"t":"idOrVar","v":"name"},"-ը արագ հավաքումից:"]},{"$i":"speed-dial-added","$v":"Ավելացվեց արագ հավաքման համար։"},{"$i":"speed-dial-removed","$v":"Արագ հավաքման համարը հեռացվեց։"},{"$i":"speed-dial-replaced","$v":"Արագ հավաքման համարը թարմացվեց։"},{"$i":"voice-mail","$v":"Ձայնային նամակ"},{"$i":"voice-mail-number","$v":["Ձայնային փոստի համար - SIM ",{"t":"idOrVar","v":"n"}]},{"$i":"voice-mail-number-single","$v":"Ձայնային փոստի համարը"},{"$i":"voice-mail-number-updated","$v":"Ձայնային փոստի համարը թարմացվել է"},{"$i":"found-duplicates-message","$v":"Հետևյալ կոնտակտներում հայտնաբերվեց կրկնող տվյալներ: Միավորե՞լ:"},{"$i":"confirm-to-merge-contacts","$v":["Իսկապես միավորե՞լ ",{"t":"idOrVar","v":"n"}," կոնտակտները ",{"t":"idOrVar","v":"name"},"-ի հետ:"]},{"$i":"contact-merged","$v":"Կոնտակտները միավորվեցին"},{"$i":"find-duplicate-contacts","$v":"Հայտնաբերվեցին կրկնակ կոնտակտներ"},{"$i":"no-duplicate-contact-found","$v":"Կրկնակ կոնտակտներ չեն հայտնաբերվել"},{"$i":"merge","$v":"Միավորել"},{"$i":"find-dup","$v":"Հայտնաբերվեցին կրկնակ կոնտակտներ"},{"$i":"find-dup-title","$v":"Հայտնաբերվեցին կրկնակ կոնտակտներ"},{"$i":"finding-dup-message","$v":"Կրկնակ կոնտակտների որոնում..."},{"$i":"dup-found-title","$v":"Հայտնաբերվեցին կրկնակներ"},{"$i":"dup-found-message","$v":"Հետևյալ կոնտակտը (ները) կրկնօրինակվել է (են): Ուզո՞ւմ եք միավորել:"},{"$i":"no-dup-found","$v":"Կրկնօրինակներ չեն գտնվել"},{"$i":"merge-conflict-warn","$v":["\"",{"t":"idOrVar","v":"name"},"\"-ը կվրագրի հետևյալ տեղեկությունը՝"]},{"$i":"merge-conflict-confirm","$v":"Միավորե՞լ կոնտակտները:"},{"$i":"add-favorite","$v":"Ավլցն որպես Նախընտրած"},{"$i":"remove-favorite","$v":"Հռցնլ գրդսլնրց"},{"$i":"favorite-contacts","$v":"Գերադասելի"},{"$i":"add-block","$v":"Արգելափակել այս համարը"},{"$i":"remove-block","$v":"Արգելաբացել այս համարը"},{"$i":"add-block-email","$v":"Արգելափակել այս նամակը"},{"$i":"remove-block-email","$v":"Արգելափակում այս նամակը"},{"$i":"add-block-contact-warning","$v":"Դուք չեք ստանա հեռախոսազանգեր և հաղորդագրություններ արգելափակված ցանկի մարդկանցից:"},{"$i":"add-block-email-warning","$v":"Դուք այս էլ․ հասցեից հաղորդագրություններ չեք ստանա:"},{"$i":"block","$v":"Արգելափակել"},{"$i":"unblock","$v":"Բաց թողնել"},{"$i":"block-contacts","$v":"Արգելափակել կոնտակտներ"},{"$i":"add-block-header","$v":"Ավելացնել արգելափակված համար"},{"$i":"remove-block-alert","$v":"Հեռացված է արգելափակված կոնտակտներից:"},{"$i":"duplicate-block-number","$v":"Կրկնվող համարը չի կարող ավելացվել։"},{"$i":"sort-contacts","$v":"Տեսկվրլ կոնտակտները"},{"$i":"sort-by-first-name","$v":"Տեսկվր ըստ անվան"},{"$i":"sort-by-last-name","$v":"Տեսկվր ըստ ազգանվան"},{"$i":"no-support-open-multi-vcard","$v":"Հնարավոր չէ բացել բազմակի կոնտակտներով vCard-ը"},{"$i":"import","$v":"Ներածել"},{"$i":"sdcard","$v":"Հիշաքարտ"},{"$i":"simcard","$v":"SIM քարտ"},{"$i":"import-contacts","$v":"Ներածել կոնտակտներ"},{"$i":"simContacts-error","$v":"Չհաջողվեց ներածել կոնտակտները SIM-ից"},{"$i":"memoryCardContacts-error","$v":"Չհաջողվեց ներածել կոնտակտները հիշաքարտից"},{"$i":"novCardFiles","$v":"Հիշողության քարտում կոնտակտների ֆայլ չկա:"},{"$i":"fullDiskSpace-error","$v":"Հիշողությունը լիքն է, չհաջողվեց ներմուծել կոնտակները:"},{"$i":"socialServiceContacts-error","$v":["Չհաջողվեց ներմուծել կոնտակները ",{"t":"idOrVar","v":"service"},"-ից:"]},{"$i":"socialServiceContacts-noNetwork","$v":["Կապ չկա: Չհաջողվեց ներմուծել կոնտակտները ",{"t":"idOrVar","v":"service"},"-ից:"]},{"$i":"simContacts-reading","$v":"SIM քրտ կնտկտ ընթրցմ..."},{"$i":"memoryCardContacts-reading","$v":"Ընթերցում է կոնտակտները հիշաքարտից..."},{"$i":"importContactsTitle","$v":"Ներածել կոնտակտներ"},{"$i":"retry","$v":"Նրց փրձլ"},{"$i":"noSimMsg","$v":"Կոնտակտները ներածելու համար տեղադրեք կամ արգելաբացեք ձեր SIM քարտը"},{"$i":"noSdcardMsg","$v":"Կոնտակտները ներածելու համար տեղադրեք հիշաքարտ"},{"$i":"not-imported","$v":"Ներածված չէ"},{"$i":"imported","$v":"Ներածված են"},{"$i":"importing","$v":"Ներածվում է"},{"$i":"contact-imported","$v":[{"t":"idOrVar","v":"imported"}," կոնտակտ ներմուծվեց: ",{"t":"idOrVar","v":"dupes"}," կոնտակտ միավորվեց:"]},{"$i":"contact-imported2","$v":{"one":"Ներմուծվել է 1 կապ:","zero":"Կապ չկա ներմուծված:","few":[{"t":"idOrVar","v":"imported"}," կոնտակտ ներմուծվեց:"],"many":[{"t":"idOrVar","v":"imported"}," կոնտակտ ներմուծվեց:"],"other":[{"t":"idOrVar","v":"imported"}," կոնտակտ ներմուծվեց:"],"two":[{"t":"idOrVar","v":"imported"}," կոնտակտ ներմուծվեց:"]},"$x":[{"t":"idOrVar","v":"plural"},"imported"]},{"$i":"reading-contacts-from-sim","$v":"Կոնտակտ(ներ)ի ընթերցում SIM քարտից..."},{"$i":"reading-contacts-from-gmail","$v":"Կոնտակտ(ներ)ի ընթերցում Gmail-ից..."},{"$i":"reading-contacts-from-live","$v":"Կոնտակտ(ներ)ի ընթերցում Outlook-ից..."},{"$i":"reading-contacts-from-sd","$v":"Կոնտակտ(ներ)ի ընթերցում հիշաքարտից..."},{"$i":"reading-contacts-from-vcard","$v":"Կոնտակտ(ներ)ի ընթերցում ֆայլից..."},{"$i":"importing-contacts-from-sim","$v":"Կոնտակտ(ներ)ի ներմուծում SIM քարտից..."},{"$i":"importing-contacts-from-gmail","$v":"Կոնտակտ(ներ)ի ներմուծում Gmail-ից..."},{"$i":"importing-contacts-from-live","$v":"Կոնտակտ(ներ)ի ներմուծում Outlook-ից..."},{"$i":"importing-contacts-from-sd","$v":"Կոնտակտ(ներ)ի ներմուծում հիշաքարտից..."},{"$i":"importing-contacts-from-vcard","$v":"Կոնտակտ(ներ)ի ներմուծում ֆայլից..."},{"$i":"connect-network-to-import","$v":"Կոնտակտները ներմուծելու համար միացեք WiF-ին կամ տվյալների ցանցին"},{"$i":"importing-confirm","$v":["Ներմուծե՞լ ",{"t":"idOrVar","v":"n"}," կոնտակտը (ները) \"",{"t":"idOrVar","v":"fileName"},"\" ֆայլից:"]},{"$i":"importing-cancel-confirm","$v":"0.0"},{"$i":"import-contact-failed","$v":"Ներմուծման կոնտակտները ձախողվեցին"},{"$i":"phone-storage-full","$v":"Հեռախոսի պահոցը լիքն է։"},{"$i":"import-contact-storage-full","$v":"Չհաջողվեց ներմուծել կոնտակտները: Ջնջեք ծրագրի տվյալները՝ տարածք ազատելու համար:"},{"$i":"contact-import-error-disk-full","$v":"Կոնտակտների ներմուծումը չավարտվեց, քանի որ հիշողությունը լիքն է: Ջնջեք հավելվածի տվյալները տարածք ազատելու համար:"},{"$i":"contact-import-error-sim-full","$v":"Կոնտակտների ներմուծումը չավարտվեց, քանի որ SIM քարտի պահուստը լիքն է:"},{"$i":"contact-import-error-unknown","$v":"Ներմուծման կոնտակտները անավարտ են սխալի պատճառով:"},{"$i":"import-contacts-canceled","$v":"0.0"},{"$i":"close","$v":"Փակել"},{"$i":"import-process-cancel","$v":"Ներմուծման գործընթացը չեղարկվեց:"},{"$i":"import-limit-header","$v":"Ֆայլի չափի սահմանը գերազանցվել է"},{"$i":"inner-import-limit-content","$v":"Contactsանկացած կոնտակտային ֆայլի չափը գերազանցում է 10 ՄԲ-ը, չի ներմուծվել:"},{"$i":"activity-import-limit-contact","$v":"Չհաջողվեց ներմուծել կոնտակտները `ֆայլի չափի սահմանի գերազանցման պատճառով:"},{"$i":"activity-import-limit-additional","$v":"(Ֆայլի չափը պետք է լինի 10 ՄԲ-ից պակաս):"},{"$i":"bluetooth","$v":"Bluetooth"},{"$i":"export","$v":"Արտածել"},{"$i":"export-contacts","$v":"Արտածել կոնտակները"},{"$i":"simExport-title","$v":"Արտածել SIM"},{"$i":"memoryCardExport-title","$v":"Արտահանվում է հիշողության քարտ ..."},{"$i":"btExport-title","$v":"Արտածել Bluetooth"},{"$i":"noSimMsgExport","$v":"Կոնտակտներն արտածելու համար տեղադրեք կամ արգելաբացեք ձեր SIM քարտը"},{"$i":"noSdcardExport","$v":"Կոնտակտներն արտածելու համար տեղադրեք հիշաքարտը։"},{"$i":"bluetoothNoConnection","$v":"Կոնտակտներն արտածելու համար միացրեք Bluetooth սարքը:"},{"$i":"contact-exported","$v":[{"t":"idOrVar","v":"exported"}," կոնտակտ արտահանվեց:"]},{"$i":"contact-exported2","$v":{"zero":"Ոչ մի կոնտակտ արտահանված չէ:","one":"1 կոնտակտ արտահանվել է:","few":[{"t":"idOrVar","v":"exported"}," կոնտակտ արտահանվեց:"],"many":[{"t":"idOrVar","v":"exported"}," կոնտակտ արտահանվեց:"],"other":[{"t":"idOrVar","v":"exported"}," կոնտակտ արտահանվեց:"],"two":[{"t":"idOrVar","v":"exported"}," կոնտակտ արտահանվեց:"]},"$x":[{"t":"idOrVar","v":"plural"},"exported"]},{"$i":"export-contact-failed","$v":"Կոնտակտի արտածումը ձախողվեց"},{"$i":"contact-export-error-sim-full","$v":"Կոնտակտների արտածումը չհաջողվեց, քանի որ SIM քարտը լիքն է։"},{"$i":"contact-export-error-sd-full","$v":"Հիշաքարտի պատճառով արտահանման կոնտակտը չի ավարտվել:"},{"$i":"contact-export-error-unknown","$v":"Արտահանման կոնտակտները չեն ավարտվել սխալի պատճառով:"},{"$i":"contact-export-canceled","$v":"Արտածումը չեղարկվեց։"},{"$i":"save","$v":"Պահել"},{"$i":"back","$v":"Հետ"},{"$i":"givenName","$v":"Անուն"},{"$i":"familyName","$v":"Ազգանուն"},{"$i":"name","$v":"Անուն"},{"$i":"org","$v":"Ընկերություն"},{"$i":"ringtone","$v":"Զանգի հնչերանգ"},{"$i":"note","$v":"Նշում"},{"$i":"photo","$v":"Նկար"},{"$i":"email","$v":"Էլ. փոստ"},{"$i":"adr","$v":"Հասցե"},{"$i":"custom","$v":"Հատուկ"},{"$i":"confirm-discard-contact-data","$v":"Կոնտակտի տվյալները կմերժվեն: Պահե՞լ այս կոնտակտը:"},{"$i":"confirm-discard-contact-update-data","$v":"Փոփոխությունները կմերժվեն: Պահե՞լ այս կոնտակտը:"},{"$i":"discard-contact-data","$v":"Փոփոխությունները կհեռացվեն:"},{"$i":"discard","$v":"Հրաժարվել"},{"$i":"add-others","$v":"Ավլցն ուրիշներին"},{"$i":"custom-label","$v":"Պատվերով պիտակ"},{"$i":"input-the-custom-type","$v":"Խնդրում ենք մուտքագրել հատուկ տեսակը"},{"$i":"contact-added","$v":"Կոնտակտն ավելացված է։"},{"$i":"delete-prompt-message","$v":["Ջնջե՞լ ",{"t":"idOrVar","v":"field"}," անունը:"]},{"$i":"delete-photo-msg","$v":"նկար"},{"$i":"delete-ringtone-msg","$v":"Զանգի հնչերանգ"},{"$i":"delete-bday-msg","$v":"Ծննդյան օր"},{"$i":"delete-note-msg","$v":"Նշում"},{"$i":"delete-org-msg","$v":"Ընկերություն"},{"$i":"personal","$v":"Անձնական"},{"$i":"mobile","$v":"Բջջային"},{"$i":"current","$v":"Ընթացիկ"},{"$i":"home","$v":"Գլխավոր էջ"},{"$i":"work","$v":"Աշխատանք"},{"$i":"other","$v":"Այլ"},{"$i":"fax-home","$v":"Տան ֆաքս"},{"$i":"fax-office","$v":"Գրսնյկի ֆաքս"},{"$i":"fax-other","$v":"Այլ ֆաքս"},{"$i":"add-phone","$v":"Ավլցն հեռախոս"},{"$i":"add-tel","$v":"Ավլցն հեռախոս"},{"$i":"add-email","$v":"Ավլցն էլ. նամակ"},{"$i":"add-ringtone","$v":"Ավլցն զանգի հնչերանգ"},{"$i":"add-adr","$v":"Ավլցն հասցե"},{"$i":"add-bday","$v":"Ավլցն ծննդ օր"},{"$i":"add-photo","$v":"Ավլցն լսնկր"},{"$i":"add-note","$v":"Ավլցն նշում"},{"$i":"add-org","$v":"Ավլցն ընկրթյն"},{"$i":"add-tel-number","$v":"Ավելացրեք հեռախոսահամար"},{"$i":"delete-tel","$v":"Ջնջել հեռախոսահամարը"},{"$i":"delete-email","$v":"Ջնջել էլ. նամակը"},{"$i":"delete-ringtone","$v":"Ջնջել զանգի հնչերանգը"},{"$i":"delete-adr","$v":"Ջնջել հասցեն"},{"$i":"delete-bday","$v":"Ջնջել ծննդյան օրը"},{"$i":"delete-photo","$v":"Deleteնջել նկարը"},{"$i":"delete-note","$v":"Ջնջել նշումը"},{"$i":"delete-org","$v":"Ջնջել ընկերությունը"},{"$i":"edit-tel-type","$v":"Խմբգրլ հեռախոսի տեսակը"},{"$i":"edit-email-type","$v":"Խմբգրլ էլփոստի տեսակը"},{"$i":"edit-adr-type","$v":"Խմբգրլ հասցեի տեսակը"},{"$i":"edit-bday-type","$v":"Խմբգրլ ծննդյան ամսաթիվը"},{"$i":"replace-photo","$v":"Փոխել լուսանկարը"},{"$i":"replace-ringtone","$v":"Փոխել զանգի հնչերանգը"},{"$i":"mobile-tel","$v":"Բջջային հեռախոս"},{"$i":"home-tel","$v":"Տան հեռախոս"},{"$i":"work-tel","$v":"Աշխատանքային համար"},{"$i":"personal-tel","$v":"Անձնկն հեռախսահամար"},{"$i":"fax-home-tel","$v":"Տան ֆաքս"},{"$i":"fax-office-tel","$v":"Գրսնյկի ֆաքս"},{"$i":"fax-other-tel","$v":"Այլ ֆաքս"},{"$i":"other-tel","$v":"Այլ հեռախոս"},{"$i":"personal-email","$v":"Անձնական էլ"},{"$i":"work-email","$v":"Աշխատանքային էլ"},{"$i":"other-email","$v":"Այլ էլ"},{"$i":"custom-email","$v":[{"t":"idOrVar","v":"type"}," էլփոստ"]},{"$i":"custom-tel","$v":[{"t":"idOrVar","v":"type"}," հեռախոս"]},{"$i":"personal-adr","$v":"Անձնական հասցե"},{"$i":"current-adr","$v":"Ընթացիկ հասցե"},{"$i":"home-adr","$v":"Տան հասցե"},{"$i":"work-adr","$v":"Աշխատանքային հասցե"},{"$i":"custom-adr","$v":[{"t":"idOrVar","v":"type"}," հասցե"]},{"$i":"bday","$v":"Ծննդյ օր"},{"$i":"birthday","$v":"Ծննդյ օր"},{"$i":"streetAddress","$v":"Փողոց"},{"$i":"locality","$v":"Քաղաք"},{"$i":"postalCode","$v":"Ինդեքս"},{"$i":"countryName","$v":"Երկիր"},{"$i":"region","$v":"Նահանգ"},{"$i":"no-name","$v":"Անուն չկա"},{"$i":"new-contact","$v":"Նոր կոնտակտ"},{"$i":"options","$v":"Ընտրանքներ"},{"$i":"cancel","$v":"Չեղարկել"},{"$i":"settings","$v":"Պարամետրեր"},{"$i":"edit","$v":"Խմբգրլ"},{"$i":"share","$v":"Համօգտագործել"},{"$i":"remove","$v":"Հեռացնել"},{"$i":"compose","$v":"Կազմել"},{"$i":"new-contact-title","$v":"Նոր կոնտակտ"},{"$i":"edit-title","$v":"Խմբգրլ կոնտակտը"},{"$i":"music","$v":"Երժշտթյն"},{"$i":"adr-type","$v":"Հասցեի տեսակը"},{"$i":"email-type","$v":"Էլ.փոստի տեսակը"},{"$i":"tel-type","$v":"Հեռախոսի տեսակը"},{"$i":"ICEContactsGroup","$v":"ICE կոնտակտներ"},{"$i":"setICEButton","$v":"Տղկյլ ICE կոնտակտները"},{"$i":"ICESettingTitle","$v":"ICE կոնտակտներ"},{"$i":"ICEDescription","$v":"Ավլցրք հինգ կոնտկտ «Արտկրգ իրվճկի դպքմ» կանչ կտրլ հմր:"},{"$i":"ICEContact","$v":["ICE կոնտակտ ",{"t":"idOrVar","v":"n"}]},{"$i":"ICESelectContact","$v":"Ընտրեք կոնտակտ"},{"$i":"delete-ice-contact-warning","$v":"Իսկապես հեռացնե՞լ ICE կոնտակտը:"},{"$i":"confirm","$v":"Հաստատում"},{"$i":"add-ice-failed","$v":"Ավելացնել ICE ձախողված"},{"$i":"create-group","$v":"Ստեղծել խումբ"},{"$i":"group-name","$v":"Խմբի անունը"},{"$i":"group","$v":"ԽՈՒՄԲ"},{"$i":"new-group-created","$v":"Նոր խումբ ստեղծվեց:"},{"$i":"create-group-failed","$v":"Ստեղծեք խումբը չի հաջողվել:"},{"$i":"create-group-too-many","$v":["Դուք կարող եք ստեղծել միայն ",{"t":"idOrVar","v":"number"}," խումբ:"]},{"$i":"create-group-duplicate","$v":"Կրկնօրինակ անուն:"},{"$i":"rename-group-failed","$v":"Վերանվանել խումբը չհաջողվեց:"},{"$i":"new-group","$v":"Նոր"},{"$i":"rename","$v":"Վերանվանել"},{"$i":"duplicate-removed","$v":"Կրկնվող կոնտակտը (ները) հեռացված է (են):"},{"$i":"add-to-group","$v":"Ավելացնել խումբ"},{"$i":"remove-from-group","$v":"Հեռացրեք խմբից"},{"$i":"added-to","$v":["Ավելացված է ",{"t":"idOrVar","v":"խմբի"}]},{"$i":"removed-from","$v":[{"t":"idOrVar","v":"Խմբի"}," - ից հեռացված"]},{"$i":"select-group","$v":"Ընտրեք Խումբ"},{"$i":"rename-group","$v":"Վերանվանել խումբը"},{"$i":"delete-group","$v":["Ջնջե՞լ ",{"t":"idOrVar","v":"group"}," խումբը:"]},{"$i":"unable-add-warn","$v":"Անհնար է ավելացնել հաշվի կոնտակտը խմբին:"},{"$i":"edit-contact","$v":"Խմբգրլ կոնտակտը"},{"$i":"send-message","$v":"Ուղարկել հղգն"},{"$i":"call","$v":"Զանգել"},{"$i":"call-sim-1","$v":"Կանչ — SIM 1"},{"$i":"call-sim-2","$v":"Կանչ — SIM 2"},{"$i":"send-email","$v":"Ուղրկլ էլփոստ"},{"$i":"choose-number","$v":"Ընտրեք համարը"},{"$i":"choose-email-address","$v":"Ընտրեք նամակ:"},{"$i":"delete","$v":"Ջնջել"},{"$i":"select","$v":"Ընտրել"},{"$i":"select-all","$v":"Ընտրել բոլորը"},{"$i":"select-all2","$v":"Բոլորը"},{"$i":"deselect-all","$v":"Ապընտրել բոլորը"},{"$i":"deselect-all2","$v":"Ոչ մի"},{"$i":"deselect","$v":"Ապընտրել"},{"$i":"selected-contacts","$v":{"few":["Ընտրվեցին ",{"t":"idOrVar","v":"n"}],"many":["Ընտրվեցին ",{"t":"idOrVar","v":"n"}],"one":["Ընտրվեց ",{"t":"idOrVar","v":"n"}],"other":["Ընտրվեցին ",{"t":"idOrVar","v":"n"}],"two":["Ընտրվեցին ",{"t":"idOrVar","v":"n"}],"zero":["Ընտրվեց ",{"t":"idOrVar","v":"n"}]},"$x":[{"t":"idOrVar","v":"plural"},"n"]},{"$i":"massive-delete","$v":"Ջնջել կոնտակտներ"},{"$i":"confirm-contact-delete","$v":["Իսկապես ջնջե՞լ \"",{"t":"idOrVar","v":"name"},"\" կոնտակտը:"]},{"$i":"DeletedTxt","$v":{"few":["Հեռացվեցին ",{"t":"idOrVar","v":"n"}," կոնտակտներ"],"many":["Հեռացվեցին ",{"t":"idOrVar","v":"n"}," կոնտակտներ"],"one":"Հեռացվեց 1 կոնտակտ","other":["Հեռացվեցին ",{"t":"idOrVar","v":"n"}," կոնտակտներ"],"two":["Հեռացվեցին ",{"t":"idOrVar","v":"n"}," կոնտակտներ"],"zero":"Ջնջելու համար կոնտակտ չկա"},"$x":[{"t":"idOrVar","v":"plural"},"n"]},{"$i":"DeletingContacts","$v":"Ջնջել կոնտակտներ"},{"$i":"DeletingContactsProgressing","$v":"Կոնտակտների ջնջում"},{"$i":"ContactConfirmDel","$v":{"few":["Ջնջե՞լ ",{"t":"idOrVar","v":"n"}," կոնտակտ: Գործողությունը հետարկելի չէ:"],"many":["Ջնջե՞լ ",{"t":"idOrVar","v":"n"}," կոնտակտ: Գործողությունը հետարկելի չէ:"],"one":"Ջնջե՞լ 1 կոնտակտ: Գործողությունը հետարկելի չէ:","other":["Ջնջե՞լ ",{"t":"idOrVar","v":"n"}," կոնտակտ: Գործողությունը հետարկելի չէ:"],"two":["Ջնջե՞լ ",{"t":"idOrVar","v":"n"}," կոնտակտ: Գործողությունը հետարկելի չէ:"],"zero":"Ջնջելու համար կոնտակտ չկա"},"$x":[{"t":"idOrVar","v":"plural"},"n"]},{"$i":"contact-deleted","$v":{"zero":"Կոնտակտը ջնջված չէ","one":"1 կոնտակտը ջնջվեց:","few":[{"t":"idOrVar","v":"n"}," կոնտակտ ջնջվեց:"],"many":[{"t":"idOrVar","v":"n"}," կոնտակտ ջնջվեց:"],"other":[{"t":"idOrVar","v":"n"}," կոնտակտ ջնջվեց:"],"two":[{"t":"idOrVar","v":"n"}," կոնտակտ ջնջվեց:"]},"$x":[{"t":"idOrVar","v":"plural"},"n"]},{"$i":"a-contact-deleted","$v":"Կոնտակտը ջնջվեց։"},{"$i":"settings-title","$v":"Կոնտակտի պարամետրեր"},{"$i":"change-will-update-until-restart","$v":"Կապերը գործարկելուց հետո փոփոխությունները կթարմացվեն հաջորդ անգամ:"},{"$i":"transfer-contacts","$v":"Փոխանցել կոնտակտները"},{"$i":"service-number","$v":"Ծռյթյ հմր"},{"$i":"no-contacts-found","$v":"Համընկնում չկա։"},{"$i":"search","$v":"Փնտրել կոնտակտները","placeholder":"Փնտրել կոնտակտները"},{"$i":"search-option","$v":"Որոնել"},{"$i":"accounts","$v":"Հաշիվներ"},{"$i":"account","$v":"Հաշիվ"},{"$i":"add-account","$v":"Ավլցն հաշիվ"},{"$i":"add-account-failed","$v":"Անհայտ սխալ: Նորից փորձեք ավելի ուշ:"},{"$i":"duplicate-account-warn","$v":"Հաշիվն արդեն գոյություն ունի: Համաժամումը միացված է:"},{"$i":"setting-up-account","$v":"Հաշվի տեղադրում"},{"$i":"no-network-warn","$v":"Ինտերնետ կապ չկա։"},{"$i":"username","$v":"Օգտանուն"},{"$i":"password","$v":"Գաղտնաբառ"},{"$i":"delete-account","$v":"Ջնջել հաշիվը"},{"$i":"delete-account-long","$v":"Հաշիվը ջնջել"},{"$i":"delete-account-warn","$v":"Եթե ջնջեք հաշիվն, ապա ծրագրերը, որոնք օգտագործում են այն, նույնպես կվնասվեն:"},{"$i":"deleting-account","$v":"Հաշվի ջնջում ..."},{"$i":"delete-account-failed","$v":"Հաշվի ջնջումը ձախողվեց: Փորձեք ավելի ուշ:"},{"$i":"delete-account-ok","$v":"Հաշվի ջնջված է:"},{"$i":"sync","$v":"Համաժամացնել"},{"$i":"sync-title","$v":"Կնտկտների հմժմ"},{"$i":"sync-failed-warn","$v":"Չհաջողվեց համաժամեցնել:"},{"$i":"sync-off-warn","$v":"Համաժամեցումը անջատված է Կարգավորումները:"},{"$i":"show-account-contacts","$v":"Ցույց տալ հաշվի կոնտակտները"},{"$i":"sync-account-contacts","$v":"համաժամեցեք հաշվի կոնտակտները"},{"$i":"sync-account-contacts-warning","$v":["Ցանկացած հաշվի կոնտակտի փոփոխումը չի համաժամացվի ամպի հետ, երբ «",{"t":"idOrVar","v":"switch"},"» կոճակը նշված չէ: Ուզո՞ւմ եք չնշել այն:"]},{"$i":"yes","$v":"Այո"},{"$i":"all-contacts-synced","$v":"Բոլոր կոնտակտները համաժամեցվում են:"},{"$i":"contact-syncing","$v":"Կոնտակտները համաժամեցվում են ..."},{"$i":"contacts-sync-limit-exceed","$v":"Կոնտակտների համաժամումն անավարտ է, քանի որ կոնտակտների սահմանաչափը գերազանցված է:"},{"$i":"show-password","$v":"Ցուցադրել գաղտնաբառը"},{"$i":"password-incorrect","$v":"Սխալ գաղտնաբառ:"},{"$i":"re-enter-password","$v":"Կրկին մուտքագրեք գաղտնաբառը"},{"$i":"accessing-warn","$v":"Ձեր հաշիվը մատչելիս խնդիր առաջացավ:"},{"$i":"accessing-warn-password","$v":"Կրկին մուտքագրեք գաղտնաբառը:"},{"$i":"re-enter-password-on-setting","$v":"Խնդրում ենք նորից մուտքագրել գաղտնաբառը կոնտակտների ընդլայնված կարգում:"},{"$i":"accessing-warn-relogin","$v":"Ջնջեք հաշիվը և նորից մուտք գործեք:"},{"$i":"update-password-failed","$v":"Գաղտնաբառի թարմացումը ձախողվեց: Փորձեք նորից ավելի ուշ:"},{"$i":"connect-time-out","$v":["Չհաջողվեց կապվել «",{"t":"idOrVar","v":"server"},"»-ի հետ: Հնարավոր է՝ առկա է խնդիր ցանցի հետ:"]},{"$i":"server-error","$v":"Սերվերը հասանելի չէ։ Փորձեք ուշ։"},{"$i":"loading","$v":"Բեռնվում է…"},{"$i":"ellipsis","$v":"..."},{"$i":"stop-syncing-warn-title","$v":"Կոնտակտների համաժամեցում"},{"$i":"stop-syncing-warn","$v":"Ծրագիրը փակելը կկանգնեցնի շփման համաժամացման գործընթացը: Դու դեռ ուզում ես փակել այն:"},{"$i":"weekday-0-long","$v":"Կիրակի"},{"$i":"weekday-1-long","$v":"Երկուշաբթի"},{"$i":"weekday-2-long","$v":"Երեքշաբթի"},{"$i":"weekday-3-long","$v":"Չորեքշաբթի"},{"$i":"weekday-4-long","$v":"Հինգշաբթի"},{"$i":"weekday-5-long","$v":"Ուրբաթ"},{"$i":"weekday-6-long","$v":"Շաբաթ"},{"$i":"weekday-0-short","$v":"Կիր"},{"$i":"weekday-1-short","$v":"Երկ"},{"$i":"weekday-2-short","$v":"Երք"},{"$i":"weekday-3-short","$v":"Չրք"},{"$i":"weekday-4-short","$v":"Հնգ"},{"$i":"weekday-5-short","$v":"Ուրբ"},{"$i":"weekday-6-short","$v":"Շբթ"},{"$i":"month-0-long","$v":"Հունվար"},{"$i":"month-1-long","$v":"Փետրվար"},{"$i":"month-2-long","$v":"Մարտ"},{"$i":"month-3-long","$v":"Ապրիլ"},{"$i":"month-4-long","$v":"Մյս"},{"$i":"month-5-long","$v":"Հունիս"},{"$i":"month-6-long","$v":"Հուլիս"},{"$i":"month-7-long","$v":"Օգոստոս"},{"$i":"month-8-long","$v":"Սեպտեմբեր"},{"$i":"month-9-long","$v":"Հոկտեմբեր"},{"$i":"month-10-long","$v":"Նոյեմբեր"},{"$i":"month-11-long","$v":"Դեկտեմբեր"},{"$i":"month-0-genitive","$v":"Հունվար"},{"$i":"month-1-genitive","$v":"Փետրվար"},{"$i":"month-2-genitive","$v":"Մարտ"},{"$i":"month-3-genitive","$v":"Ապրիլ"},{"$i":"month-4-genitive","$v":"Մյս"},{"$i":"month-5-genitive","$v":"Հունիս"},{"$i":"month-6-genitive","$v":"Հուլիս"},{"$i":"month-7-genitive","$v":"Օգոստոս"},{"$i":"month-8-genitive","$v":"Սեպտեմբեր"},{"$i":"month-9-genitive","$v":"Հոկտեմբեր"},{"$i":"month-10-genitive","$v":"Նոյեմբեր"},{"$i":"month-11-genitive","$v":"Դեկտեմբեր"},{"$i":"month-0-short","$v":"Հունվ"},{"$i":"month-1-short","$v":"Փետ"},{"$i":"month-2-short","$v":"Մրտ"},{"$i":"month-3-short","$v":"Ապլ"},{"$i":"month-4-short","$v":"Մյս"},{"$i":"month-5-short","$v":"Հուն"},{"$i":"month-6-short","$v":"Հուլ"},{"$i":"month-7-short","$v":"Օգս"},{"$i":"month-8-short","$v":"Սպտ"},{"$i":"month-9-short","$v":"Հոկտ"},{"$i":"month-10-short","$v":"Նոյ"},{"$i":"month-11-short","$v":"Դեկ"},{"$i":"minutes-ago-long","$v":{"few":[{"t":"idOrVar","v":"value"}," րոպե առաջ"],"many":[{"t":"idOrVar","v":"value"}," րոպե առաջ"],"other":[{"t":"idOrVar","v":"value"}," րոպե առաջ"],"two":[{"t":"idOrVar","v":"value"}," րոպե առաջ"],"one":"րոպե առաջ","zero":"հենց նոր"},"$x":[{"t":"idOrVar","v":"plural"},"value"]},{"$i":"hours-ago-long","$v":{"few":[{"t":"idOrVar","v":"value"}," ժամ առաջ"],"many":[{"t":"idOrVar","v":"value"}," ժամ առաջ"],"other":[{"t":"idOrVar","v":"value"}," ժամ առաջ"],"two":[{"t":"idOrVar","v":"value"}," ժամ առաջ"],"one":"1 ժամ առաջ","zero":"հենց նոր"},"$x":[{"t":"idOrVar","v":"plural"},"value"]},{"$i":"days-ago-long","$v":{"few":[{"t":"idOrVar","v":"value"}," օր առաջ"],"many":[{"t":"idOrVar","v":"value"}," օր առաջ"],"one":"երեկ","other":[{"t":"idOrVar","v":"value"}," օր առաջ"],"two":[{"t":"idOrVar","v":"value"}," օր առաջ"],"zero":"այսօր"},"$x":[{"t":"idOrVar","v":"plural"},"value"]},{"$i":"weeks-ago-long","$v":{"few":[{"t":"idOrVar","v":"value"}," շաբաթ առաջ"],"many":[{"t":"idOrVar","v":"value"}," շաբաթ առաջ"],"one":"անցյալ շաբաթ","other":[{"t":"idOrVar","v":"value"}," շաբաթ առաջ"],"two":[{"t":"idOrVar","v":"value"}," շաբաթ առաջ"],"zero":"այս շաբաթ"},"$x":[{"t":"idOrVar","v":"plural"},"value"]},{"$i":"months-ago-long","$v":{"few":[{"t":"idOrVar","v":"value"}," ամիս առաջ"],"many":[{"t":"idOrVar","v":"value"}," ամիս առաջ"],"one":"անցած ամիս","other":[{"t":"idOrVar","v":"value"}," ամիս առաջ"],"two":[{"t":"idOrVar","v":"value"}," ամիս առաջ"],"zero":"այս ամիս"},"$x":[{"t":"idOrVar","v":"plural"},"value"]},{"$i":"years-ago-long","$v":{"few":[{"t":"idOrVar","v":"value"}," տարի առաջ"],"many":[{"t":"idOrVar","v":"value"}," տարի առաջ"],"one":"անցյալ տարի","other":[{"t":"idOrVar","v":"value"}," տարի առաջ"],"two":[{"t":"idOrVar","v":"value"}," տարի առաջ"],"zero":"այս տարի"},"$x":[{"t":"idOrVar","v":"plural"},"value"]},{"$i":"minutes-until-long","$v":{"few":[{"t":"idOrVar","v":"value"}," րոպեից"],"many":[{"t":"idOrVar","v":"value"}," րոպեից"],"other":[{"t":"idOrVar","v":"value"}," րոպեից"],"two":[{"t":"idOrVar","v":"value"}," րոպեից"],"zero":"հիմա","one":"1 րոպեի ընթացքում"},"$x":[{"t":"idOrVar","v":"plural"},"value"]},{"$i":"hours-until-long","$v":{"few":[{"t":"idOrVar","v":"value"}," ժամից"],"many":[{"t":"idOrVar","v":"value"}," ժամից"],"other":[{"t":"idOrVar","v":"value"}," ժամից"],"two":[{"t":"idOrVar","v":"value"}," ժամից"],"zero":"հիմա","one":"1 ժամում"},"$x":[{"t":"idOrVar","v":"plural"},"value"]},{"$i":"days-until-long","$v":{"few":[{"t":"idOrVar","v":"value"}," օրից"],"many":[{"t":"idOrVar","v":"value"}," օրից"],"one":"վաղը","other":[{"t":"idOrVar","v":"value"}," օրից"],"two":[{"t":"idOrVar","v":"value"}," օրից"],"zero":"այսօր"},"$x":[{"t":"idOrVar","v":"plural"},"value"]},{"$i":"weeks-until-long","$v":{"few":[{"t":"idOrVar","v":"value"}," շաբաթից"],"many":[{"t":"idOrVar","v":"value"}," շաբաթից"],"one":"հաջորդ շաբաթ","other":[{"t":"idOrVar","v":"value"}," շաբաթից"],"two":[{"t":"idOrVar","v":"value"}," շաբաթից"],"zero":"այս շաբաթ"},"$x":[{"t":"idOrVar","v":"plural"},"value"]},{"$i":"months-until-long","$v":{"few":[{"t":"idOrVar","v":"value"}," ամսից"],"many":[{"t":"idOrVar","v":"value"}," ամսից"],"one":"հաջորդ ամիս","other":[{"t":"idOrVar","v":"value"}," ամսից"],"two":[{"t":"idOrVar","v":"value"}," ամսից"],"zero":"այս ամիս"},"$x":[{"t":"idOrVar","v":"plural"},"value"]},{"$i":"years-until-long","$v":{"few":[{"t":"idOrVar","v":"value"}," տարուց"],"many":[{"t":"idOrVar","v":"value"}," տարուց"],"one":"հաջորդ տարի","other":[{"t":"idOrVar","v":"value"}," տարուց"],"two":[{"t":"idOrVar","v":"value"}," տարուց"],"zero":"այս տարի"},"$x":[{"t":"idOrVar","v":"plural"},"value"]},{"$i":"minutes-ago-short","$v":{"other":[{"t":"idOrVar","v":"value"}," ր առաջ"],"zero":"հենց նոր"},"$x":[{"t":"idOrVar","v":"plural"},"value"]},{"$i":"hours-ago-short","$v":{"other":[{"t":"idOrVar","v":"value"}," ժ առաջ"],"zero":"հենց նոր"},"$x":[{"t":"idOrVar","v":"plural"},"value"]},{"$i":"days-ago-short","$v":{"other":[{"t":"idOrVar","v":"value"}," օր առաջ"],"zero":"այսօր"},"$x":[{"t":"idOrVar","v":"plural"},"value"]},{"$i":"minutes-until-short","$v":{"other":[{"t":"idOrVar","v":"value"}," ր-ից"],"zero":"հիմա"},"$x":[{"t":"idOrVar","v":"plural"},"value"]},{"$i":"hours-until-short","$v":{"other":[{"t":"idOrVar","v":"value"}," ժ-ից"],"zero":"հիմա"},"$x":[{"t":"idOrVar","v":"plural"},"value"]},{"$i":"days-until-short","$v":{"other":[{"t":"idOrVar","v":"value"}," օրից"],"zero":"այսօր"},"$x":[{"t":"idOrVar","v":"plural"},"value"]},{"$i":"incorrectDate","$v":"(սխալ ամսաթիվ)"},{"$i":"dateTimeFormat_%c","$v":"%a %b %e %Y %I:%M:%S %p"},{"$i":"dateTimeFormat_%x","$v":"%m/%d/%Y"},{"$i":"dateTimeFormat_%X","$v":"%I:%M:%S %p"},{"$i":"shortTimeFormat","$v":"%I:%M %p"},{"$i":"shortTimeFormat12","$v":"%I:%M %p"},{"$i":"shortTimeFormat24","$v":"%H:%M"},{"$i":"shortDateTimeFormat","$v":"%x %I:%M %p"},{"$i":"weekStartsOnMonday","$v":"0.0"},{"$i":"firstDayOfTheWeek","$v":"1.0"},{"$i":"time_am","$v":"AM"},{"$i":"time_pm","$v":"PM"},{"$i":"sim-with-index-and-carrier","$v":["SIM ",{"t":"idOrVar","v":"index"}," - ",{"t":"idOrVar","v":"carrier"}]},{"$i":"sim-without-carrier","$v":["SIM ",{"t":"idOrVar","v":"index"}]}]