[{"$i":"contacts","$v":"Kontak"},{"$i":"view","$v":"Lihat"},{"$i":"no-contacts","$v":"Tidak ada kontak"},{"$i":"reading-contacts","$v":"Memuat kontak"},{"$i":"start-adding","$v":"Tekan Baru untuk membuka Pengaturan untuk menambahkan kontak."},{"$i":"no-contact-available","$v":"Tidak ada kontak tersedia"},{"$i":"requested-contact-not-available","$v":"Informasi yang diminta tidak tersedia di kontak yang ada"},{"$i":"cannot-add-as-empty","$v":"Tidak dapat menambahkan kontak karena daftar kontak Anda kosong"},{"$i":"ok","$v":"OK"},{"$i":"no-phone-number-to-dial","$v":"Tidak ada nomor telepon untuk dipanggilan"},{"$i":"video-call","$v":"Panggilan video"},{"$i":"rtt-call","$v":"Panggilan RTT"},{"$i":"select-a-contact","$v":"Pilih Kontak"},{"$i":"multi-pick-max-warn","$v":["Jumlah pilihan maksimum adalah ",{"t":"idOrVar","v":"n"}]},{"$i":"add-contact-failed","$v":"Menambah kontak gagal"},{"$i":"no-sim-card-available","$v":"Tidak ada kartu SIM yang tersedia"},{"$i":"email-cannot-add-to-sim","$v":"Surel tidak didukung oleh seleksi memori saat ini."},{"$i":"add-info-failed","$v":"Gagal Menambahkan Info"},{"$i":"no-contact-to-add","$v":"Tidak ada kontak untuk ditambahkan."},{"$i":"move","$v":"Pindahkan"},{"$i":"copy","$v":"Salin"},{"$i":"copy-contacts","$v":"Salin kontak"},{"$i":"move-contacts","$v":"Pindah kontak"},{"$i":"phone-memory","$v":"Memori Ponsel"},{"$i":"sim-memory","$v":"Memori SIM"},{"$i":"sim-0-memory","$v":"Memori SIM 1"},{"$i":"sim-1-memory","$v":"Memori SIM 2"},{"$i":"move-from","$v":"Pindah dari"},{"$i":"copy-from","$v":"Salin dari"},{"$i":"to","$v":"Ke"},{"$i":"move-contacts-progressing","$v":"Memindahkan kontak..."},{"$i":"copy-contacts-progressing","$v":"Menyalin kontak..."},{"$i":"contact-move-to-sim","$v":{"few":[{"t":"idOrVar","v":"migrated"}," kontak dipindahkan ke SIM."],"many":[{"t":"idOrVar","v":"migrated"}," kontak dipindahkan ke SIM."],"one":"1 kontak dipindahkan ke SIM.","other":[{"t":"idOrVar","v":"migrated"}," kontak dipindahkan ke SIM."],"two":[{"t":"idOrVar","v":"migrated"}," kontak dipindahkan ke SIM."],"zero":"Tidak ada kontak dipindahkan ke SIM."},"$x":[{"t":"idOrVar","v":"plural"},"migrated"]},{"$i":"contact-copy-to-sim","$v":{"few":[{"t":"idOrVar","v":"migrated"}," kontak disalin ke SIM."],"many":[{"t":"idOrVar","v":"migrated"}," kontak disalin ke SIM."],"one":"1 kontak disalin ke SIM.","other":[{"t":"idOrVar","v":"migrated"}," kontak disalin ke SIM."],"two":[{"t":"idOrVar","v":"migrated"}," kontak disalin ke SIM."],"zero":"Tidak ada kontak disalin ke SIM."},"$x":[{"t":"idOrVar","v":"plural"},"migrated"]},{"$i":"contact-move-to-sim0","$v":{"few":[{"t":"idOrVar","v":"migrated"}," kontak dipindahkan ke SIM 1."],"many":[{"t":"idOrVar","v":"migrated"}," kontak dipindahkan ke SIM 1."],"one":"1 kontak dipindahkan ke SIM 1.","other":[{"t":"idOrVar","v":"migrated"}," kontak dipindahkan ke SIM 1."],"two":[{"t":"idOrVar","v":"migrated"}," kontak dipindahkan ke SIM 1."],"zero":"Tidak ada kontak dipindahkan ke SIM 1."},"$x":[{"t":"idOrVar","v":"plural"},"migrated"]},{"$i":"contact-copy-to-sim0","$v":{"few":[{"t":"idOrVar","v":"migrated"}," kontak disalin ke SIM 1."],"many":[{"t":"idOrVar","v":"migrated"}," kontak disalin ke SIM 1."],"one":"1 kontak disalin ke SIM 1.","other":[{"t":"idOrVar","v":"migrated"}," kontak disalin ke SIM 1."],"two":[{"t":"idOrVar","v":"migrated"}," kontak disalin ke SIM 1."],"zero":"Tidak ada kontak disalin ke SIM 1."},"$x":[{"t":"idOrVar","v":"plural"},"migrated"]},{"$i":"contact-move-to-sim1","$v":{"few":[{"t":"idOrVar","v":"migrated"}," kontak dipindahkan ke SIM 2."],"many":[{"t":"idOrVar","v":"migrated"}," kontak dipindahkan ke SIM 2."],"one":"1 kontak dipindahkan ke SIM 2.","other":[{"t":"idOrVar","v":"migrated"}," kontak dipindahkan ke SIM 2."],"two":[{"t":"idOrVar","v":"migrated"}," kontak dipindahkan ke SIM 2."],"zero":"Tidak ada kontak dipindahkan ke SIM 2."},"$x":[{"t":"idOrVar","v":"plural"},"migrated"]},{"$i":"contact-copy-to-sim1","$v":{"few":[{"t":"idOrVar","v":"migrated"}," kontak disalin ke SIM 2."],"many":[{"t":"idOrVar","v":"migrated"}," kontak disalin ke SIM 2."],"one":"1 kontak disalin ke SIM 2.","other":[{"t":"idOrVar","v":"migrated"}," kontak disalin ke SIM 2."],"two":[{"t":"idOrVar","v":"migrated"}," kontak disalin ke SIM 2."],"zero":"Tidak ada kontak disalin ke SIM 2."},"$x":[{"t":"idOrVar","v":"plural"},"migrated"]},{"$i":"contact-move-to-device","$v":{"one":"1 kontak dipindahkan ke perangkat.","zero":"Tidak ada kontak dipindahkan ke perangkat.","few":[{"t":"idOrVar","v":"migrated"}," kontak dipindahkan ke perangkat."],"many":[{"t":"idOrVar","v":"migrated"}," kontak dipindahkan ke perangkat."],"other":[{"t":"idOrVar","v":"migrated"}," kontak dipindahkan ke perangkat."],"two":[{"t":"idOrVar","v":"migrated"}," kontak dipindahkan ke perangkat."]},"$x":[{"t":"idOrVar","v":"plural"},"migrated"]},{"$i":"contact-copy-to-device","$v":{"one":"1 kontak disalin ke perangkat.","zero":"Tidak ada kontak disalin ke perangkat.","few":[{"t":"idOrVar","v":"migrated"}," kontak disalin ke perangkat."],"many":[{"t":"idOrVar","v":"migrated"}," kontak disalin ke perangkat."],"other":[{"t":"idOrVar","v":"migrated"}," kontak disalin ke perangkat."],"two":[{"t":"idOrVar","v":"migrated"}," kontak disalin ke perangkat."]},"$x":[{"t":"idOrVar","v":"plural"},"migrated"]},{"$i":"copy-contact-failed","$v":"Gagal menyalin kontak"},{"$i":"move-contact-failed","$v":"Gagal memindahkan kontak"},{"$i":"contact-copy-error-sim-full","$v":"Penyalinan kontak tidak selesai karena kartu SIM penuh."},{"$i":"contact-copy-error-unknown","$v":"Penyalinan kontak tidak selesai karena ada kesalahan."},{"$i":"contact-copy-error-limit-exceeded","$v":"Penyalinan kontak tidak selesai karena batas kontak telepon terlampaui."},{"$i":"contact-move-error-sim-full","$v":"Pemindahan kontak tidak selesai karena kartu SIM penuh."},{"$i":"contact-move-error-unknown","$v":"Pemindahan kontak tidak selesai karena ada kesalahan."},{"$i":"contact-move-error-limit-exceeded","$v":"Pemindahan kontak tidak selesai karena batas kontak telepon terlampaui."},{"$i":"contact-save-error-unknown","$v":"Penyimpanan kontak tidak selesai karena ada kesalahan."},{"$i":"memory","$v":"Memori"},{"$i":"phone-and-sim","$v":"Ponsel dan SIM"},{"$i":"phone","$v":"Ponsel"},{"$i":"sim","$v":"SIM"},{"$i":"reloading-contact","$v":"Memuat ulang kontak.."},{"$i":"contact-reloaded","$v":"Kontak dimuat ulang"},{"$i":"message","$v":"Pesan"},{"$i":"changes-saved","$v":"Perubahan disimpan."},{"$i":"already-ice-contact","$v":"Kontak terpilih telah diset ke ICE."},{"$i":"phone-contacts-limit-exceeded","$v":"Melebihi batas jumlah kontak di telepon."},{"$i":"sim-contacts-limit-exceeded","$v":"Melebihi batas jumlah kontak di SIM."},{"$i":"more-info","$v":"Lebih"},{"$i":"callAirplaneModeTitle","$v":"Mode pesawat terbang aktif"},{"$i":"callAirplaneModeMessage","$v":"Untuk melakukan panggilan Anda perlu mematikan mode pesawat terbang di pengaturan."},{"$i":"emergencyDialogTitle","$v":"Tidak ada koneksi jaringan"},{"$i":"emergencyDialogBodyBadNumber","$v":"Untuk melakukan panggilan, ponsel harus tersambung ke jaringan."},{"$i":"emergencyDialogBodyDeviceNotAccepted","$v":"Panggilan darurat tidak diizinkan oleh jaringan."},{"$i":"invalidNumberToDialTitle","$v":"Nomor telepon tidak valid"},{"$i":"invalidNumberToDialMessage","$v":"Nomor telepon yang ada panggil tidak valid."},{"$i":"invalidNumberToSendTitle","$v":"Nomor telepon tidak valid"},{"$i":"invalidNumberToSendMessage","$v":"Nomor telepon yang Anda kirimi pesan tidak valid."},{"$i":"emergency-call-only","$v":"Hanya Panggilan Darurat"},{"$i":"emergency-call-error","$v":[{"t":"idOrVar","v":"number"}," bukan nomor darurat."]},{"$i":"numberIsBusyTitle","$v":"Nomor sedang sibuk"},{"$i":"numberIsBusyMessage","$v":"Nomor sedang sibuk. Silakan coba sesaat lagi."},{"$i":"fdnIsActiveTitle","$v":"NPT aktif"},{"$i":"fdnIsActiveMessage","$v":["FDN (Fixed Dialing Numbers) diaktifkan dan nomor berikut tidak dalam daftar NPT Anda: ",{"t":"idOrVar","v":"number"}]},{"$i":"otherConnectionInUseTitle","$v":"Koneksi lain sedang digunakan"},{"$i":"otherConnectionInUseMessage","$v":"Anda memiliki panggilan aktif di koneksi lain. Anda hanya dapat menggunakan satu koneksi pada satu waktu."},{"$i":"GenericFailure","$v":"Kegagalan umum"},{"$i":"CallFailed","$v":"Panggilan gagal"},{"$i":"scCallBarring","$v":"Pembatasan panggilan"},{"$i":"scCallForwarding","$v":"Penerusan panggilan"},{"$i":"scClip","$v":"ID Pemanggil Masuk"},{"$i":"scClir","$v":"ID Pemanggil Keluar"},{"$i":"scPwd","$v":"Sandi berubah"},{"$i":"scCallWaiting","$v":"Panggilan tunggu"},{"$i":"scPin","$v":"PIN berubah"},{"$i":"scPin2","$v":"PIN2 berubah"},{"$i":"scPuk","$v":"Lepas blokir PIN"},{"$i":"scPuk2","$v":"Lepas blokir PIN2"},{"$i":"scImei","$v":"IMEI"},{"$i":"scMeid","$v":"MEID"},{"$i":"scUssd","$v":"USSD"},{"$i":"set-speed-dial","$v":"Tetapkan kontak panggilan cepat"},{"$i":"empty","$v":"Kosong"},{"$i":"voicemail","$v":"Pesan suara"},{"$i":"speed-dial","$v":"Panggilan cepat"},{"$i":"add","$v":"Tambah"},{"$i":"replace","$v":"Ganti"},{"$i":"remove-from-speed-dial","$v":"Hapus dari panggilan cepat"},{"$i":"custom-dialog-replace-speed-dial","$v":["Anda yakin ingin mengganti Panggilan Cepat ",{"t":"idOrVar","v":"oldSpeedDial"}," dengan ",{"t":"idOrVar","v":"newSpeedDial"},"?"]},{"$i":"custom-dialog-remove-speed-dial","$v":["Anda yakin ingin menghapus ",{"t":"idOrVar","v":"name"}," dari Panggilan Cepat?"]},{"$i":"speed-dial-added","$v":"Nomor Panggilan Cepat ditambah"},{"$i":"speed-dial-removed","$v":"Nomor Panggilan Cepat dihapus."},{"$i":"speed-dial-replaced","$v":"Nomor Panggilan Cepat diperbarui."},{"$i":"voice-mail","$v":"Pesan Suara"},{"$i":"voice-mail-number","$v":["Nomor Pesan Suara - SIM ",{"t":"idOrVar","v":"n"}]},{"$i":"voice-mail-number-single","$v":"Nomor Pesan Suara"},{"$i":"voice-mail-number-updated","$v":"Nomor Pesan Suara diperbaharui"},{"$i":"found-duplicates-message","$v":"Informasi duplikasi ditemukan dalam kontak berikut. Apakah anda ingin menggabungkan?"},{"$i":"confirm-to-merge-contacts","$v":["Anda yakin ingin menggabungkan kontak ",{"t":"idOrVar","v":"n"}," dengan ",{"t":"idOrVar","v":"name"},"?"]},{"$i":"contact-merged","$v":"Kontak digabung"},{"$i":"find-duplicate-contacts","$v":"Temukan kontak duplikasi"},{"$i":"no-duplicate-contact-found","$v":"Tidak ada kontak duplikasi ditemukan"},{"$i":"merge","$v":"Gabungkan"},{"$i":"find-dup","$v":"Temukan kontak duplikasi"},{"$i":"find-dup-title","$v":"Temukan Kontak Duplikasi"},{"$i":"finding-dup-message","$v":"Mencari kontak ganda..."},{"$i":"dup-found-title","$v":"Duplikat Ditemukan"},{"$i":"dup-found-message","$v":"Informasi ganda ditemukan dalam kontak berikut. Anda ingin menyatukannya?"},{"$i":"no-dup-found","$v":"Duplikat Tidak Ditemukan"},{"$i":"merge-conflict-warn","$v":["Informasi berikut akan ditimpa oleh \"",{"t":"idOrVar","v":"name"},"\":"]},{"$i":"merge-conflict-confirm","$v":"Anda yakin ingin menggabungkan kontak?"},{"$i":"add-favorite","$v":"Tambah sebagai favorit"},{"$i":"remove-favorite","$v":"Hapus dari Favorit"},{"$i":"favorite-contacts","$v":"Kontak favorit"},{"$i":"add-block","$v":"Blokir nomor ini"},{"$i":"remove-block","$v":"Buka blokir nomor ini"},{"$i":"add-block-email","$v":"Blokir email ini"},{"$i":"remove-block-email","$v":"Buka blokir email ini"},{"$i":"add-block-contact-warning","$v":"Anda tidak akan menerima panggilan telepon, pesan dari orang dalam daftar blokir."},{"$i":"add-block-email-warning","$v":"Anda tidak akan menerima pesan dari alamat email ini."},{"$i":"block","$v":"Blokir"},{"$i":"unblock","$v":"Hapus blokir"},{"$i":"block-contacts","$v":"Blokir Kontak"},{"$i":"add-block-header","$v":"Tambah Nomor Blokir"},{"$i":"remove-block-alert","$v":"Dihapus dari Blokir Kontak."},{"$i":"duplicate-block-number","$v":"Tidak dapat menambahkan nomor yang sama."},{"$i":"sort-contacts","$v":"Sortir kontak"},{"$i":"sort-by-first-name","$v":"Sortir berdasarkan nama depan"},{"$i":"sort-by-last-name","$v":"Sortir berdasarkan nama belakang"},{"$i":"no-support-open-multi-vcard","$v":"Tidak dapat membuka vCard dengan banyak kontak"},{"$i":"import","$v":"Impor"},{"$i":"sdcard","$v":"Kartu memori"},{"$i":"simcard","$v":"Kartu SIM"},{"$i":"import-contacts","$v":"Impor kontak"},{"$i":"simContacts-error","$v":"Tidak dapat mengimpor Kontak dari SIM"},{"$i":"memoryCardContacts-error","$v":"Tidak dapat mengimpor kontak dari kartu memori"},{"$i":"novCardFiles","$v":"File kontak tidak ada dalam kartu memori."},{"$i":"fullDiskSpace-error","$v":"Penyimpanan penuh, tidak dapat mengimpor kontak."},{"$i":"socialServiceContacts-error","$v":["Tidak dapat mengimpor kontak dari ",{"t":"idOrVar","v":"service"}]},{"$i":"socialServiceContacts-noNetwork","$v":["Tidak ada koneksi internet, tidak dapat mengimpor kontak dari ",{"t":"idOrVar","v":"service"},"."]},{"$i":"simContacts-reading","$v":"Membaca Kontak dari Kartu SIM…"},{"$i":"memoryCardContacts-reading","$v":"Membaca Kontak dari Kartu Memori…"},{"$i":"importContactsTitle","$v":"Impor Kontak"},{"$i":"retry","$v":"Coba lagi"},{"$i":"noSimMsg","$v":"Untuk impor kontak masukkan atau buka kunci kartu SIM Anda"},{"$i":"noSdcardMsg","$v":"Untuk impor kontak masukkan kartu memori"},{"$i":"not-imported","$v":"Tidak diimpor"},{"$i":"imported","$v":"Diimpor"},{"$i":"importing","$v":"Mengimpor"},{"$i":"contact-imported","$v":["Kontak yang telah diimpor ",{"t":"idOrVar","v":"imported"},". ",{"t":"idOrVar","v":"dupes"}," kontak digabung."]},{"$i":"contact-imported2","$v":{"one":"Mengimpor 1 kontak","zero":"Kontak tidak diimpor.","few":["Mengimpor ",{"t":"idOrVar","v":"imported"}," kontak."],"many":["Mengimpor ",{"t":"idOrVar","v":"imported"}," kontak."],"other":["Mengimpor ",{"t":"idOrVar","v":"imported"}," kontak."],"two":["Mengimpor ",{"t":"idOrVar","v":"imported"}," kontak."]},"$x":[{"t":"idOrVar","v":"plural"},"imported"]},{"$i":"reading-contacts-from-sim","$v":"Membaca kontak dari kartu SIM..."},{"$i":"reading-contacts-from-gmail","$v":"Membaca kontak dari Gmail..."},{"$i":"reading-contacts-from-live","$v":"Membaca kontak dari Outlook..."},{"$i":"reading-contacts-from-sd","$v":"Membaca kontak dari kartu memori..."},{"$i":"reading-contacts-from-vcard","$v":"Membaca kontak dari berkas..."},{"$i":"importing-contacts-from-sim","$v":"Mengimpor kontak dari kartu SIM..."},{"$i":"importing-contacts-from-gmail","$v":"Mengimpor kontak dari Gmail..."},{"$i":"importing-contacts-from-live","$v":"Mengimpor kontak dari Outlook..."},{"$i":"importing-contacts-from-sd","$v":"Mengimpor kontak dari kartu memori..."},{"$i":"importing-contacts-from-vcard","$v":"Mengimpor kontak dari berkas..."},{"$i":"connect-network-to-import","$v":"Untuk mengimport kontak, sambung ke WiFi atau jaringan data"},{"$i":"importing-confirm","$v":["Impor ",{"t":"idOrVar","v":"n"}," kontak dari file \"",{"t":"idOrVar","v":"fileName"},"\"?"]},{"$i":"importing-cancel-confirm","$v":"Proses impor akan dihentikan jika Anda menutup layar ini. Masih ingin menutupnya?"},{"$i":"import-contact-failed","$v":"Impor kontak gagal"},{"$i":"phone-storage-full","$v":"Penyimpanan Telepon Penuh"},{"$i":"import-contact-storage-full","$v":"Tidak dapat mengimpor kontak. Hapus data aplikasi untuk membebaskan ruang."},{"$i":"contact-import-error-disk-full","$v":"Impor kontak tidak selesai karena penyimpanan penuh. Hapus data aplikasi untuk membebaskan ruang."},{"$i":"contact-import-error-sim-full","$v":"Impor kontak tidak selesai karena kartu SIM penuh."},{"$i":"contact-import-error-unknown","$v":"Impor kontak tidak selesai karena ada kesalahan."},{"$i":"import-contacts-canceled","$v":"Batal mengimpor kontak."},{"$i":"close","$v":"Tutup"},{"$i":"import-process-cancel","$v":"Proses impor dibatalkan."},{"$i":"import-limit-header","$v":"Melebihi batas ukuran berkas"},{"$i":"inner-import-limit-content","$v":"Berkas kontak yang lebih besar dari 10MB tidak diimpor."},{"$i":"activity-import-limit-contact","$v":"Gagal mengimpor kontak karena melebihi batas ukuran berkas."},{"$i":"activity-import-limit-additional","$v":"(Ukuran berkas harus kurang dari 10MB.)"},{"$i":"bluetooth","$v":"Bluetooth"},{"$i":"export","$v":"Ekspor"},{"$i":"export-contacts","$v":"Ekspor kontak"},{"$i":"simExport-title","$v":"Ekspor ke SIM"},{"$i":"memoryCardExport-title","$v":"Ekspor ke kartu memori"},{"$i":"btExport-title","$v":"Ekspor ke Bluetooth"},{"$i":"noSimMsgExport","$v":"Untuk ekspor kontak masukkan atau buka kunci kartu SIM Anda"},{"$i":"noSdcardExport","$v":"Untuk mengekspor kontak, masukkan kartu memori."},{"$i":"bluetoothNoConnection","$v":"Untuk mengekspor kontak sambungkan perangkat bluetooth."},{"$i":"contact-exported","$v":["Kontak yang telah diekspor ",{"t":"idOrVar","v":"exported"}]},{"$i":"contact-exported2","$v":{"zero":"Kontak tidak diekspor.","one":"Ekspor 1 kontak","few":["Kontak yang telah diekspor ",{"t":"idOrVar","v":"exported"}],"many":["Kontak yang telah diekspor ",{"t":"idOrVar","v":"exported"}],"other":["Kontak yang telah diekspor ",{"t":"idOrVar","v":"exported"}],"two":["Kontak yang telah diekspor ",{"t":"idOrVar","v":"exported"}]},"$x":[{"t":"idOrVar","v":"plural"},"exported"]},{"$i":"export-contact-failed","$v":"Ekspor kontak gagal"},{"$i":"contact-export-error-sim-full","$v":"Ekspor kontak tidak terpenuhi karena kartu SIM penuh."},{"$i":"contact-export-error-sd-full","$v":"Ekspor kontak tidak selesai karena kartu memori penuh."},{"$i":"contact-export-error-unknown","$v":"Ekspor kontak tidak selesai karena ada kesalahan."},{"$i":"contact-export-canceled","$v":"Proses mengekspor dibatalkan."},{"$i":"save","$v":"Simpan"},{"$i":"back","$v":"Kembali"},{"$i":"givenName","$v":"Nama depan"},{"$i":"familyName","$v":"Nama belakang"},{"$i":"name","$v":"Nama"},{"$i":"org","$v":"Perusahaan"},{"$i":"ringtone","$v":"Nada dering"},{"$i":"note","$v":"Catatan"},{"$i":"photo","$v":"Gambar"},{"$i":"email","$v":"Email"},{"$i":"adr","$v":"Alamat"},{"$i":"custom","$v":"Kustom"},{"$i":"confirm-discard-contact-data","$v":"Informasi kontak akan dibuang. Apakah Anda ingin menyimpan kontak ini?"},{"$i":"confirm-discard-contact-update-data","$v":"Perubahan akan dibuang. Anda ingin menyimpan kontak ini?"},{"$i":"discard-contact-data","$v":"Perubahan akan dibuang."},{"$i":"discard","$v":"Buang"},{"$i":"add-others","$v":"Tambah lainnya"},{"$i":"custom-label","$v":"Label kustom"},{"$i":"input-the-custom-type","$v":"Silakan masukkan jenis custom"},{"$i":"contact-added","$v":"Kontak ditambahkan."},{"$i":"delete-prompt-message","$v":["Hapus ",{"t":"idOrVar","v":"field"},"?"]},{"$i":"delete-photo-msg","$v":"gambar"},{"$i":"delete-ringtone-msg","$v":"nada dering"},{"$i":"delete-bday-msg","$v":"tanggal Lahir"},{"$i":"delete-note-msg","$v":"catatan"},{"$i":"delete-org-msg","$v":"perusahaan"},{"$i":"personal","$v":"Pribadi"},{"$i":"mobile","$v":"Seluler"},{"$i":"current","$v":"Saat ini"},{"$i":"home","$v":"Rumah"},{"$i":"work","$v":"Kantor"},{"$i":"other","$v":"Lainnya"},{"$i":"fax-home","$v":"Fax rumah"},{"$i":"fax-office","$v":"Fax kantor"},{"$i":"fax-other","$v":"Fax lainnya"},{"$i":"add-phone","$v":"Tambahkan Telepon"},{"$i":"add-tel","$v":"Tambahkan nomor telepon"},{"$i":"add-email","$v":"Tambah email"},{"$i":"add-ringtone","$v":"Tambah nada dering"},{"$i":"add-adr","$v":"Tambah alamat"},{"$i":"add-bday","$v":"Tambah ulang tahun"},{"$i":"add-photo","$v":"Tambah gambar"},{"$i":"add-note","$v":"Tambah catatan"},{"$i":"add-org","$v":"Tambah kumpulan"},{"$i":"add-tel-number","$v":"Tambahkan nomor telepon"},{"$i":"delete-tel","$v":"Hapus nomor telepon"},{"$i":"delete-email","$v":"Hapus email"},{"$i":"delete-ringtone","$v":"Hapus nada dering"},{"$i":"delete-adr","$v":"Hapus alamat"},{"$i":"delete-bday","$v":"Hapus ulang tahun"},{"$i":"delete-photo","$v":"Hapus gambar"},{"$i":"delete-note","$v":"Hapus catatan"},{"$i":"delete-org","$v":"Hapus kumpulan"},{"$i":"edit-tel-type","$v":"Edit jenis ponsel"},{"$i":"edit-email-type","$v":"Edit jenis email"},{"$i":"edit-adr-type","$v":"Edit jenis alamat"},{"$i":"edit-bday-type","$v":"Edit ulang tahun"},{"$i":"replace-photo","$v":"Ubah gambar"},{"$i":"replace-ringtone","$v":"Ubah nada dering"},{"$i":"mobile-tel","$v":"Telepon seluler"},{"$i":"home-tel","$v":"Telepon rumah"},{"$i":"work-tel","$v":"Telepon kantor"},{"$i":"personal-tel","$v":"Ponsel pribadi"},{"$i":"fax-home-tel","$v":"Fax Rumah"},{"$i":"fax-office-tel","$v":"Fax Kantor"},{"$i":"fax-other-tel","$v":"Fax Lainnya"},{"$i":"other-tel","$v":"Ponsel lainnya"},{"$i":"personal-email","$v":"Email pribadi"},{"$i":"work-email","$v":"Email kantor"},{"$i":"other-email","$v":"Email lainnya"},{"$i":"custom-email","$v":[{"t":"idOrVar","v":"type"}," email"]},{"$i":"custom-tel","$v":[{"t":"idOrVar","v":"type"}," ponsel"]},{"$i":"personal-adr","$v":"Alamat pribadi"},{"$i":"current-adr","$v":"Alamat sekarang"},{"$i":"home-adr","$v":"Alamat rumah"},{"$i":"work-adr","$v":"Alamat kantor"},{"$i":"custom-adr","$v":[{"t":"idOrVar","v":"type"}," alamat"]},{"$i":"bday","$v":"Ulang tahun"},{"$i":"birthday","$v":"Ulang tahun"},{"$i":"streetAddress","$v":"Jalan"},{"$i":"locality","$v":"Kota"},{"$i":"postalCode","$v":"Kode Zip"},{"$i":"countryName","$v":"Negara"},{"$i":"region","$v":"Negara Bagian"},{"$i":"no-name","$v":"Tidak ada nama"},{"$i":"new-contact","$v":"Baru"},{"$i":"options","$v":"Opsi"},{"$i":"cancel","$v":"Batal"},{"$i":"settings","$v":"Pengaturan"},{"$i":"edit","$v":"Edit"},{"$i":"share","$v":"Bagikan"},{"$i":"remove","$v":"Hapus"},{"$i":"compose","$v":"Tulis"},{"$i":"new-contact-title","$v":"Kontak Baru"},{"$i":"edit-title","$v":"Edit Kontak"},{"$i":"music","$v":"Musik"},{"$i":"adr-type","$v":"Jenis Alamat"},{"$i":"email-type","$v":"Jenis Surel"},{"$i":"tel-type","$v":"Jenis Telepon"},{"$i":"ICEContactsGroup","$v":"Kontak DKD"},{"$i":"setICEButton","$v":"Tetapkan kontak DKD"},{"$i":"ICESettingTitle","$v":"Kontak DKD"},{"$i":"ICEDescription","$v":"Tambah lima kontak untuk membuat panggilan “Dalam Keadaan Darurat”."},{"$i":"ICEContact","$v":["Kontak DKD ",{"t":"idOrVar","v":"n"}]},{"$i":"ICESelectContact","$v":"Pilih kontak"},{"$i":"delete-ice-contact-warning","$v":"Anda yakin ingin menghapus kontak ICE?"},{"$i":"confirm","$v":"Konfirmasi"},{"$i":"add-ice-failed","$v":"Gagal Menambahkan ICE"},{"$i":"create-group","$v":"Buat Grup"},{"$i":"group-name","$v":"Nama Grup"},{"$i":"group","$v":"Grup"},{"$i":"new-group-created","$v":"Grup baru dibuat."},{"$i":"create-group-failed","$v":"Gagal membuat grup."},{"$i":"create-group-too-many","$v":["Anda hanya dapat menghapus ",{"t":"idOrVar","v":"number"}," grup."]},{"$i":"create-group-duplicate","$v":"Nama ganda."},{"$i":"rename-group-failed","$v":"Gagal mengubah nama grup."},{"$i":"new-group","$v":"Baru"},{"$i":"rename","$v":"Ganti nama"},{"$i":"duplicate-removed","$v":"Kontak ganda dihapus."},{"$i":"add-to-group","$v":"Tambahkan ke grup"},{"$i":"remove-from-group","$v":"Hapus dari grup"},{"$i":"added-to","$v":["Ditambahkan ke ",{"t":"idOrVar","v":"group"}]},{"$i":"removed-from","$v":["Dihapus dari ",{"t":"idOrVar","v":"group"}]},{"$i":"select-group","$v":"Pilih Grup"},{"$i":"rename-group","$v":"Ubah Nama Grup"},{"$i":"delete-group","$v":["Anda yakin ingin menghapus ",{"t":"idOrVar","v":"group"},"?"]},{"$i":"unable-add-warn","$v":"Tidak dapat menambahkan kontak akun ke grup."},{"$i":"edit-contact","$v":"Edit kontak"},{"$i":"send-message","$v":"Kirim pesan"},{"$i":"call","$v":"Panggilan"},{"$i":"call-sim-1","$v":"Panggiilan - SIM 1"},{"$i":"call-sim-2","$v":"Panggiilan - SIM 2"},{"$i":"send-email","$v":"Kirim email"},{"$i":"choose-number","$v":"Pilih Nomor"},{"$i":"choose-email-address","$v":"Pilih Email"},{"$i":"delete","$v":"Hapus"},{"$i":"select","$v":"Pilih"},{"$i":"select-all","$v":"Pilih Semua"},{"$i":"select-all2","$v":"Semua"},{"$i":"deselect-all","$v":"Batalkan Semua Pilihan"},{"$i":"deselect-all2","$v":"Tidak ada"},{"$i":"deselect","$v":"Hapus pilihan"},{"$i":"selected-contacts","$v":{"few":[{"t":"idOrVar","v":"n"}," dipilih"],"many":[{"t":"idOrVar","v":"n"}," dipilih"],"one":[{"t":"idOrVar","v":"n"}," dipilih"],"other":[{"t":"idOrVar","v":"n"}," dipilih"],"two":[{"t":"idOrVar","v":"n"}," dipilih"],"zero":[{"t":"idOrVar","v":"n"}," dipilih"]},"$x":[{"t":"idOrVar","v":"plural"},"n"]},{"$i":"massive-delete","$v":"Hapus kontak"},{"$i":"confirm-contact-delete","$v":["Anda yakin ingin menghapus kontak \"",{"t":"idOrVar","v":"name"},"\"?"]},{"$i":"DeletedTxt","$v":{"few":[{"t":"idOrVar","v":"n"}," Kontak dihapuskan"],"many":[{"t":"idOrVar","v":"n"}," Kontak dihapuskan"],"one":"1 Kontak dihapuskan","other":[{"t":"idOrVar","v":"n"}," Kontak dihapuskan"],"two":[{"t":"idOrVar","v":"n"}," Kontak dihapuskan"],"zero":"Tidak ada Kontak untuk Dihapus"},"$x":[{"t":"idOrVar","v":"plural"},"n"]},{"$i":"DeletingContacts","$v":"Hapus Kontak"},{"$i":"DeletingContactsProgressing","$v":"Menghapus kontak"},{"$i":"ContactConfirmDel","$v":{"few":["Hapus ",{"t":"idOrVar","v":"n"}," kontak? Tindakan tidak dapat dibatalkan."],"many":["Hapus ",{"t":"idOrVar","v":"n"}," kontak? Tindakan tidak dapat dibatalkan."],"one":"Hapus 1 Kontak? Tindakan tidak dapat dibatalkan.","other":["Hapus ",{"t":"idOrVar","v":"n"}," kontak? Tindakan tidak dapat dibatalkan."],"two":["Hapus ",{"t":"idOrVar","v":"n"}," kontak? Tindakan tidak dapat dibatalkan."],"zero":"Tidak ada Kontak untuk Dihapus"},"$x":[{"t":"idOrVar","v":"plural"},"n"]},{"$i":"contact-deleted","$v":{"zero":"Tidak ada kontak dihapus","one":"1 kontak dihapus","few":[{"t":"idOrVar","v":"n"}," kontak dihapus"],"many":[{"t":"idOrVar","v":"n"}," kontak dihapus"],"other":[{"t":"idOrVar","v":"n"}," kontak dihapus"],"two":[{"t":"idOrVar","v":"n"}," kontak dihapus"]},"$x":[{"t":"idOrVar","v":"plural"},"n"]},{"$i":"a-contact-deleted","$v":"Kontak dihapus."},{"$i":"settings-title","$v":"Pengaturan Kontak"},{"$i":"change-will-update-until-restart","$v":"Perubahan akan diperbaharui ketika Kontak dijalankan selanjutnya."},{"$i":"transfer-contacts","$v":"Transfer kontak"},{"$i":"service-number","$v":"Nomor layanan"},{"$i":"no-contacts-found","$v":"Tidak ada kecocokan yang ditemukan."},{"$i":"search","$v":"Cari kontak","placeholder":"Cari kontak"},{"$i":"search-option","$v":"Cari"},{"$i":"accounts","$v":"Akun"},{"$i":"account","$v":"Akun"},{"$i":"add-account","$v":"Tambah Akun"},{"$i":"add-account-failed","$v":"Terjadi kesalahan tidak diketahui, coba lagi nanti."},{"$i":"duplicate-account-warn","$v":"Akun sudah ada. Sinkronisasi aktif."},{"$i":"setting-up-account","$v":"Mengatur akun"},{"$i":"no-network-warn","$v":"Tidak ada koneksi internet."},{"$i":"username","$v":"Nama pengguna"},{"$i":"password","$v":"Sandi"},{"$i":"delete-account","$v":"Hapus Ak"},{"$i":"delete-account-long","$v":"Hapus Akun"},{"$i":"delete-account-warn","$v":"Jika Anda menghapus akun ini, apl yang menggunakan akun ini juga akan terdampak."},{"$i":"deleting-account","$v":"Menghapus akun"},{"$i":"delete-account-failed","$v":"Gagal menghapus akun, coba lagi nanti."},{"$i":"delete-account-ok","$v":"Akun dihapus."},{"$i":"sync","$v":"Sinkronisasi"},{"$i":"sync-title","$v":"Sink Kontak"},{"$i":"sync-failed-warn","$v":"Gagal menyinkronkan."},{"$i":"sync-off-warn","$v":"Sinkronisasi dimatikan dalam Pengaturan."},{"$i":"show-account-contacts","$v":"Tampilkan akun kontak"},{"$i":"sync-account-contacts","$v":"Sinkronkan kontak akun"},{"$i":"sync-account-contacts-warning","$v":["Setiap pengeditan kontak akun tidak akan disinkronkan dengan awan ketika centang \"",{"t":"idOrVar","v":"switch"},"\" dihapus. Anda yakin ingin menghapus centang?"]},{"$i":"yes","$v":"Ya"},{"$i":"all-contacts-synced","$v":"Semua kontak disinkronkan."},{"$i":"contact-syncing","$v":"Menyinkronkan Kontak..."},{"$i":"contacts-sync-limit-exceed","$v":"Sinkronkan kontak tidak selesai karena batas kontak terlampaui."},{"$i":"show-password","$v":"Tampilkan sandi"},{"$i":"password-incorrect","$v":"Sandi salah."},{"$i":"re-enter-password","$v":"Masukkan lagi Sandi"},{"$i":"accessing-warn","$v":"Ada masalah saat mengakses akun Anda."},{"$i":"accessing-warn-password","$v":"Masukkan lagi sandi."},{"$i":"re-enter-password-on-setting","$v":"Masukkan lagi sandi pada pengaturan Kontak."},{"$i":"accessing-warn-relogin","$v":"Silakan hapus akun dan login ulang."},{"$i":"update-password-failed","$v":"Gagal memperbarui sandi, coba lagi nanti."},{"$i":"connect-time-out","$v":["Tidak dapat menjalin koneksi dengan \"",{"t":"idOrVar","v":"server"},"\". Mungkin ada masalah dengan jaringan."]},{"$i":"server-error","$v":"Server tidak tersedia. Coba lagi nanti."},{"$i":"loading","$v":"Memuat..."},{"$i":"ellipsis","$v":"..."},{"$i":"stop-syncing-warn-title","$v":"Mensikronkan Kontak"},{"$i":"stop-syncing-warn","$v":"Menutup apl akan menghentikan proses sinkronisasi kontak. Kamu masih ingin menutupnya?"},{"$i":"weekday-0-long","$v":"Minggu"},{"$i":"weekday-1-long","$v":"Senin"},{"$i":"weekday-2-long","$v":"Selasa"},{"$i":"weekday-3-long","$v":"Rabu"},{"$i":"weekday-4-long","$v":"Kamis"},{"$i":"weekday-5-long","$v":"Jumat"},{"$i":"weekday-6-long","$v":"Sabtu"},{"$i":"weekday-0-short","$v":"Min"},{"$i":"weekday-1-short","$v":"Sen"},{"$i":"weekday-2-short","$v":"Sel"},{"$i":"weekday-3-short","$v":"Rab"},{"$i":"weekday-4-short","$v":"Kam"},{"$i":"weekday-5-short","$v":"Jum"},{"$i":"weekday-6-short","$v":"Sab"},{"$i":"month-0-long","$v":"Januari"},{"$i":"month-1-long","$v":"Februari"},{"$i":"month-2-long","$v":"Maret"},{"$i":"month-3-long","$v":"April"},{"$i":"month-4-long","$v":"Mei"},{"$i":"month-5-long","$v":"Juni"},{"$i":"month-6-long","$v":"Juli"},{"$i":"month-7-long","$v":"Agustus"},{"$i":"month-8-long","$v":"September"},{"$i":"month-9-long","$v":"Oktober"},{"$i":"month-10-long","$v":"November"},{"$i":"month-11-long","$v":"Desember"},{"$i":"month-0-genitive","$v":"Januari"},{"$i":"month-1-genitive","$v":"Februari"},{"$i":"month-2-genitive","$v":"Maret"},{"$i":"month-3-genitive","$v":"April"},{"$i":"month-4-genitive","$v":"Mei"},{"$i":"month-5-genitive","$v":"Juni"},{"$i":"month-6-genitive","$v":"Juli"},{"$i":"month-7-genitive","$v":"Agustus"},{"$i":"month-8-genitive","$v":"September"},{"$i":"month-9-genitive","$v":"Oktober"},{"$i":"month-10-genitive","$v":"November"},{"$i":"month-11-genitive","$v":"Desember"},{"$i":"month-0-short","$v":"Jan"},{"$i":"month-1-short","$v":"Feb"},{"$i":"month-2-short","$v":"Mar"},{"$i":"month-3-short","$v":"Apr"},{"$i":"month-4-short","$v":"Mei"},{"$i":"month-5-short","$v":"Jun"},{"$i":"month-6-short","$v":"Jul"},{"$i":"month-7-short","$v":"Agt"},{"$i":"month-8-short","$v":"Sep"},{"$i":"month-9-short","$v":"Okt"},{"$i":"month-10-short","$v":"Nov"},{"$i":"month-11-short","$v":"Des"},{"$i":"minutes-ago-long","$v":{"few":[{"t":"idOrVar","v":"value"}," menit yang lalu"],"many":[{"t":"idOrVar","v":"value"}," menit yang lalu"],"other":[{"t":"idOrVar","v":"value"}," menit yang lalu"],"two":[{"t":"idOrVar","v":"value"}," menit yang lalu"],"one":"semenit yang lalu","zero":"Baru Saja"},"$x":[{"t":"idOrVar","v":"plural"},"value"]},{"$i":"hours-ago-long","$v":{"few":[{"t":"idOrVar","v":"value"}," jam yang lalu"],"many":[{"t":"idOrVar","v":"value"}," jam yang lalu"],"other":[{"t":"idOrVar","v":"value"}," jam yang lalu"],"two":[{"t":"idOrVar","v":"value"}," jam yang lalu"],"one":"sejam yang lalu","zero":"Baru Saja"},"$x":[{"t":"idOrVar","v":"plural"},"value"]},{"$i":"days-ago-long","$v":{"few":[{"t":"idOrVar","v":"value"}," hari yang lalu"],"many":[{"t":"idOrVar","v":"value"}," hari yang lalu"],"one":"kemarin","other":[{"t":"idOrVar","v":"value"}," hari yang lalu"],"two":[{"t":"idOrVar","v":"value"}," hari yang lalu"],"zero":"hari ini"},"$x":[{"t":"idOrVar","v":"plural"},"value"]},{"$i":"weeks-ago-long","$v":{"few":[{"t":"idOrVar","v":"value"}," pekan yang lalu"],"many":[{"t":"idOrVar","v":"value"}," pekan yang lalu"],"one":"pekan lalu","other":[{"t":"idOrVar","v":"value"}," pekan yang lalu"],"two":[{"t":"idOrVar","v":"value"}," pekan yang lalu"],"zero":"pekan ini"},"$x":[{"t":"idOrVar","v":"plural"},"value"]},{"$i":"months-ago-long","$v":{"few":[{"t":"idOrVar","v":"value"}," bulan yang lalu"],"many":[{"t":"idOrVar","v":"value"}," bulan yang lalu"],"one":"bulan lalu","other":[{"t":"idOrVar","v":"value"}," bulan yang lalu"],"two":[{"t":"idOrVar","v":"value"}," bulan yang lalu"],"zero":"bulan ini"},"$x":[{"t":"idOrVar","v":"plural"},"value"]},{"$i":"years-ago-long","$v":{"few":[{"t":"idOrVar","v":"value"}," tahun yang lalu"],"many":[{"t":"idOrVar","v":"value"}," tahun yang lalu"],"one":"tahun lalu","other":[{"t":"idOrVar","v":"value"}," tahun yang lalu"],"two":[{"t":"idOrVar","v":"value"}," tahun yang lalu"],"zero":"tahun ini"},"$x":[{"t":"idOrVar","v":"plural"},"value"]},{"$i":"minutes-until-long","$v":{"few":["dalam ",{"t":"idOrVar","v":"value"}," menit"],"many":["dalam ",{"t":"idOrVar","v":"value"}," menit"],"other":["dalam ",{"t":"idOrVar","v":"value"}," menit"],"two":["dalam ",{"t":"idOrVar","v":"value"}," menit"],"zero":"sekarang","one":"dalam satu menit"},"$x":[{"t":"idOrVar","v":"plural"},"value"]},{"$i":"hours-until-long","$v":{"few":["dalam ",{"t":"idOrVar","v":"value"}," jam"],"many":["dalam ",{"t":"idOrVar","v":"value"}," jam"],"other":["dalam ",{"t":"idOrVar","v":"value"}," jam"],"two":["dalam ",{"t":"idOrVar","v":"value"}," jam"],"zero":"sekarang","one":"dalam satu jam"},"$x":[{"t":"idOrVar","v":"plural"},"value"]},{"$i":"days-until-long","$v":{"few":["dalam ",{"t":"idOrVar","v":"value"}," hari"],"many":["dalam ",{"t":"idOrVar","v":"value"}," hari"],"one":"besok","other":["dalam ",{"t":"idOrVar","v":"value"}," hari"],"two":["dalam ",{"t":"idOrVar","v":"value"}," hari"],"zero":"hari ini"},"$x":[{"t":"idOrVar","v":"plural"},"value"]},{"$i":"weeks-until-long","$v":{"few":["dalam ",{"t":"idOrVar","v":"value"}," pekan"],"many":["dalam ",{"t":"idOrVar","v":"value"}," pekan"],"one":"pekan depan","other":["dalam ",{"t":"idOrVar","v":"value"}," pekan"],"two":["dalam ",{"t":"idOrVar","v":"value"}," pekan"],"zero":"pekan ini"},"$x":[{"t":"idOrVar","v":"plural"},"value"]},{"$i":"months-until-long","$v":{"few":["dalam ",{"t":"idOrVar","v":"value"}," bulan"],"many":["dalam ",{"t":"idOrVar","v":"value"}," bulan"],"one":"bulan depan","other":["dalam ",{"t":"idOrVar","v":"value"}," bulan"],"two":["dalam ",{"t":"idOrVar","v":"value"}," bulan"],"zero":"bulan ini"},"$x":[{"t":"idOrVar","v":"plural"},"value"]},{"$i":"years-until-long","$v":{"few":["dalam ",{"t":"idOrVar","v":"value"}," tahun"],"many":["dalam ",{"t":"idOrVar","v":"value"}," tahun"],"one":"tahun depan","other":["dalam ",{"t":"idOrVar","v":"value"}," tahun"],"two":["dalam ",{"t":"idOrVar","v":"value"}," tahun"],"zero":"tahun ini"},"$x":[{"t":"idOrVar","v":"plural"},"value"]},{"$i":"minutes-ago-short","$v":{"other":[{"t":"idOrVar","v":"value"},"menit yang lalu"],"zero":"Baru Saja"},"$x":[{"t":"idOrVar","v":"plural"},"value"]},{"$i":"hours-ago-short","$v":{"other":[{"t":"idOrVar","v":"value"},"j yang lalu"],"zero":"Baru Saja"},"$x":[{"t":"idOrVar","v":"plural"},"value"]},{"$i":"days-ago-short","$v":{"other":[{"t":"idOrVar","v":"value"},"h yang lalu"],"zero":"hari ini"},"$x":[{"t":"idOrVar","v":"plural"},"value"]},{"$i":"minutes-until-short","$v":{"other":["dalam ",{"t":"idOrVar","v":"value"},"m"],"zero":"sekarang"},"$x":[{"t":"idOrVar","v":"plural"},"value"]},{"$i":"hours-until-short","$v":{"other":["dalam ",{"t":"idOrVar","v":"value"},"j"],"zero":"sekarang"},"$x":[{"t":"idOrVar","v":"plural"},"value"]},{"$i":"days-until-short","$v":{"other":["dalam ",{"t":"idOrVar","v":"value"},"h"],"zero":"hari ini"},"$x":[{"t":"idOrVar","v":"plural"},"value"]},{"$i":"incorrectDate","$v":"(tanggal salah)"},{"$i":"dateTimeFormat_%c","$v":"%a %b %e %Y %I:%M:%S %p"},{"$i":"dateTimeFormat_%x","$v":"%m/%d/%Y"},{"$i":"dateTimeFormat_%X","$v":"%I:%M:%S %p"},{"$i":"shortTimeFormat","$v":"%I:%M %p"},{"$i":"shortTimeFormat12","$v":"%I:%M %p"},{"$i":"shortTimeFormat24","$v":"%H:%M"},{"$i":"shortDateTimeFormat","$v":"%x %I:%M %p"},{"$i":"weekStartsOnMonday","$v":"0.0"},{"$i":"firstDayOfTheWeek","$v":"0.0"},{"$i":"time_am","$v":"AM"},{"$i":"time_pm","$v":"PM"},{"$i":"sim-with-index-and-carrier","$v":["SIM ",{"t":"idOrVar","v":"index"}," - ",{"t":"idOrVar","v":"carrier"}]},{"$i":"sim-without-carrier","$v":["SIM ",{"t":"idOrVar","v":"index"}]}]