[{"$i":"contacts","$v":"Tengiliðir"},{"$i":"view","$v":"Skoða"},{"$i":"no-contacts","$v":"Engir tengiliðir."},{"$i":"reading-contacts","$v":"Hleður tengiliðum"},{"$i":"start-adding","$v":"Styddu á Nýtt eða farðu í Stillingar til að bæta við tengiliðum."},{"$i":"no-contact-available","$v":"Enginn tengiliður tiltækur"},{"$i":"requested-contact-not-available","$v":"Umbeðnar upplýsingar eru ekki tiltækar um núverandi tengiliði."},{"$i":"cannot-add-as-empty","$v":"Ekki hægt að bæta við tengil. því að tengiliðalistinn er tómur"},{"$i":"ok","$v":"Í lagi"},{"$i":"no-phone-number-to-dial","$v":"Ekkert símanr. til að hringja í"},{"$i":"video-call","$v":"Myndsímtal"},{"$i":"rtt-call","$v":"RTT-símtal"},{"$i":"select-a-contact","$v":"Veldu tengilið"},{"$i":"multi-pick-max-warn","$v":["Hámarksfjöldi valinna er ",{"t":"idOrVar","v":"n"}]},{"$i":"add-contact-failed","$v":"Mistókst að bæta við tengilið"},{"$i":"no-sim-card-available","$v":"Ekkert SIM-kort tiltækt"},{"$i":"email-cannot-add-to-sim","$v":"Núverandi minnisval styður ekki tölvupóst."},{"$i":"add-info-failed","$v":"Bæta við upplýsingum mistókst"},{"$i":"no-contact-to-add","$v":"Það er enginn tiltækur tengiliður til að bæta við."},{"$i":"move","$v":"Færa"},{"$i":"copy","$v":"Afrita"},{"$i":"copy-contacts","$v":"Afrita tengiliði"},{"$i":"move-contacts","$v":"Færa tengiliði"},{"$i":"phone-memory","$v":"Minni símans"},{"$i":"sim-memory","$v":"SIM-minni"},{"$i":"sim-0-memory","$v":"SIM 1-minni"},{"$i":"sim-1-memory","$v":"SIM 2-minni"},{"$i":"move-from","$v":"Færa úr"},{"$i":"copy-from","$v":"Afrita úr"},{"$i":"to","$v":"Til"},{"$i":"move-contacts-progressing","$v":"Færir tengil. ..."},{"$i":"copy-contacts-progressing","$v":"Afritar tengil. ..."},{"$i":"contact-move-to-sim","$v":{"few":[{"t":"idOrVar","v":"migrated"}," tengiliðir færðir á SIM."],"many":[{"t":"idOrVar","v":"migrated"}," tengiliðir færðir á SIM."],"one":"1 tengiliður færður á SIM.","other":[{"t":"idOrVar","v":"migrated"}," tengiliðir færðir á SIM."],"two":[{"t":"idOrVar","v":"migrated"}," tengiliðir færðir á SIM."],"zero":"Enginn tengiliður færður á SIM."},"$x":[{"t":"idOrVar","v":"plural"},"migrated"]},{"$i":"contact-copy-to-sim","$v":{"few":[{"t":"idOrVar","v":"migrated"}," tengiliðir afritaðir á SIM."],"many":[{"t":"idOrVar","v":"migrated"}," tengiliðir afritaðir á SIM."],"one":"1 tengiliður afritaður á SIM.","other":[{"t":"idOrVar","v":"migrated"}," tengiliðir afritaðir á SIM."],"two":[{"t":"idOrVar","v":"migrated"}," tengiliðir afritaðir á SIM."],"zero":"Enginn tengiliður afritaður á SIM."},"$x":[{"t":"idOrVar","v":"plural"},"migrated"]},{"$i":"contact-move-to-sim0","$v":{"few":[{"t":"idOrVar","v":"migrated"}," tengiliðir færðir á SIM 1."],"many":[{"t":"idOrVar","v":"migrated"}," tengiliðir færðir á SIM 1."],"one":"1 tengiliður færður á SIM 1.","other":[{"t":"idOrVar","v":"migrated"}," tengiliðir færðir á SIM 1."],"two":[{"t":"idOrVar","v":"migrated"}," tengiliðir færðir á SIM 1."],"zero":"Enginn tengiliður færður á SIM 1."},"$x":[{"t":"idOrVar","v":"plural"},"migrated"]},{"$i":"contact-copy-to-sim0","$v":{"few":[{"t":"idOrVar","v":"migrated"}," tengiliðir afritaðir á SIM 1."],"many":[{"t":"idOrVar","v":"migrated"}," tengiliðir afritaðir á SIM 1."],"one":"1 tengiliður afritaður á SIM 1.","other":[{"t":"idOrVar","v":"migrated"}," tengiliðir afritaðir á SIM 1."],"two":[{"t":"idOrVar","v":"migrated"}," tengiliðir afritaðir á SIM 1."],"zero":"Enginn tengiliður afritaður á SIM 1."},"$x":[{"t":"idOrVar","v":"plural"},"migrated"]},{"$i":"contact-move-to-sim1","$v":{"few":[{"t":"idOrVar","v":"migrated"}," tengiliðir færðir á SIM 2."],"many":[{"t":"idOrVar","v":"migrated"}," tengiliðir færðir á SIM 2."],"one":"1 tengiliður færður á SIM 2.","other":[{"t":"idOrVar","v":"migrated"}," tengiliðir færðir á SIM 2."],"two":[{"t":"idOrVar","v":"migrated"}," tengiliðir færðir á SIM 2."],"zero":"Enginn tengiliður færður á SIM 2."},"$x":[{"t":"idOrVar","v":"plural"},"migrated"]},{"$i":"contact-copy-to-sim1","$v":{"few":[{"t":"idOrVar","v":"migrated"}," tengiliðir afritaðir á SIM 2."],"many":[{"t":"idOrVar","v":"migrated"}," tengiliðir afritaðir á SIM 2."],"one":"1 tengiliður afritaður á SIM 2.","other":[{"t":"idOrVar","v":"migrated"}," tengiliðir afritaðir á SIM 2."],"two":[{"t":"idOrVar","v":"migrated"}," tengiliðir afritaðir á SIM 2."],"zero":"Enginn tengiliður afritaður á SIM 2."},"$x":[{"t":"idOrVar","v":"plural"},"migrated"]},{"$i":"contact-move-to-device","$v":{"one":"1 tengiliður fluttur í símann.","zero":"Enginn tengiliður færður í síma.","few":[{"t":"idOrVar","v":"migrated"}," tengiliðir færðir í símann."],"many":[{"t":"idOrVar","v":"migrated"}," tengiliðir færðir í símann."],"other":[{"t":"idOrVar","v":"migrated"}," tengiliðir færðir í símann."],"two":[{"t":"idOrVar","v":"migrated"}," tengiliðir færðir í símann."]},"$x":[{"t":"idOrVar","v":"plural"},"migrated"]},{"$i":"contact-copy-to-device","$v":{"one":"1 tengiliður afritaður í símann.","zero":"Enginn tengiliður er afritaður í símann.","few":[{"t":"idOrVar","v":"migrated"}," tengiliðir afritaðir í símann."],"many":[{"t":"idOrVar","v":"migrated"}," tengiliðir afritaðir í símann."],"other":[{"t":"idOrVar","v":"migrated"}," tengiliðir afritaðir í símann."],"two":[{"t":"idOrVar","v":"migrated"}," tengiliðir afritaðir í símann."]},"$x":[{"t":"idOrVar","v":"plural"},"migrated"]},{"$i":"copy-contact-failed","$v":"Ekki tókst að afrita tengiliði"},{"$i":"move-contact-failed","$v":"Ekki tókst að færa tengiliði"},{"$i":"contact-copy-error-sim-full","$v":"Afrita tengiliði sem ekki er lokið vegna þess að SIM-kortið er fullt."},{"$i":"contact-copy-error-unknown","$v":"Afritaðu tengiliði ekki lokið vegna villu."},{"$i":"contact-copy-error-limit-exceeded","$v":"Ekki tókst að afrita alla tengiliði þar sem tengiliðir í síma eru komnir yfir mörk."},{"$i":"contact-move-error-sim-full","$v":"Færa tengiliði sem ekki er lokið vegna þess að SIM-kortið er fullt."},{"$i":"contact-move-error-unknown","$v":"Færa tengiliði ekki lokið vegna villu."},{"$i":"contact-move-error-limit-exceeded","$v":"Ekki tókst að færa alla tengiliði þar sem tengiliðir í síma eru komnir yfir mörk."},{"$i":"contact-save-error-unknown","$v":"Vista tengiliðinn er ekki lokið vegna villu."},{"$i":"memory","$v":"Minni"},{"$i":"phone-and-sim","$v":"Sími og SIM-kort"},{"$i":"phone","$v":"Sími"},{"$i":"sim","$v":"SIM-kort"},{"$i":"reloading-contact","$v":"Hleður tengiliðum aftur ..."},{"$i":"contact-reloaded","$v":"Tengiliðum hlaðið aftur"},{"$i":"message","$v":"Skilaboð"},{"$i":"changes-saved","$v":"Breyt. vist."},{"$i":"already-ice-contact","$v":"Valinn tengiliður hefur þegar verið stilltur á ICE."},{"$i":"phone-contacts-limit-exceeded","$v":"Hámarksfjölda símatengiliða náð."},{"$i":"sim-contacts-limit-exceeded","$v":"Hámarksfjölda SIM-tengiliða náð."},{"$i":"more-info","$v":"Meira"},{"$i":"callAirplaneModeTitle","$v":"Flugstilling virkjuð"},{"$i":"callAirplaneModeMessage","$v":"Til að hringja þarftu að slökkva á flugstillingu í stillingum."},{"$i":"emergencyDialogTitle","$v":"Engin nettenging"},{"$i":"emergencyDialogBodyBadNumber","$v":"Til að hringja þarf síminn að vera nettengdur."},{"$i":"emergencyDialogBodyDeviceNotAccepted","$v":"Símkerfið leyfir ekki neyðarsímtöl."},{"$i":"invalidNumberToDialTitle","$v":"Ógilt símanúmer"},{"$i":"invalidNumberToDialMessage","$v":"Símanúmerið sem þú hringir í er ekki gilt."},{"$i":"invalidNumberToSendTitle","$v":"Ógilt símanúmer"},{"$i":"invalidNumberToSendMessage","$v":"Símanúmerið sem þú ert að senda skilaboð í er ekki gilt."},{"$i":"emergency-call-only","$v":"Aðeins neyðarsímtöl"},{"$i":"emergency-call-error","$v":[{"t":"idOrVar","v":"number"}," er ekki neyðarnúmer."]},{"$i":"numberIsBusyTitle","$v":"Númerið er á tali"},{"$i":"numberIsBusyMessage","$v":"Símanúmerið er á tali. Reyndu aftur síðar."},{"$i":"fdnIsActiveTitle","$v":"Fast númeraval virkt"},{"$i":"fdnIsActiveMessage","$v":["Fast númeraval (FDN) er virkt og eftirfarandi númer er ekki á lista yfir fast númeraval: ",{"t":"idOrVar","v":"number"}]},{"$i":"otherConnectionInUseTitle","$v":"Önnur tenging í notkun"},{"$i":"otherConnectionInUseMessage","$v":"Þú ert með símtal í gangi á annarri tengingu. Þú getur aðeins notað eina tengingu í einu."},{"$i":"GenericFailure","$v":"Almenn bilun"},{"$i":"CallFailed","$v":"Símtal mistókst"},{"$i":"scCallBarring","$v":"Útil. símt."},{"$i":"scCallForwarding","$v":"Framsend. símt."},{"$i":"scClip","$v":"Númerabirting"},{"$i":"scClir","$v":"Númerab. fyrir h. símt."},{"$i":"scPwd","$v":"Aðgangsorði breytt"},{"$i":"scCallWaiting","$v":"Símtal bíður"},{"$i":"scPin","$v":"PIN-nr. breytt"},{"$i":"scPin2","$v":"PIN2-nr. breytt"},{"$i":"scPuk","$v":"PIN-nr. fyrir opnun"},{"$i":"scPuk2","$v":"PIN2-nr. fyrir opnun"},{"$i":"scImei","$v":"IMEI-nr."},{"$i":"scMeid","$v":"MEID-nr."},{"$i":"scUssd","$v":"USSD"},{"$i":"set-speed-dial","$v":"Velja hraðvalstengiliði"},{"$i":"empty","$v":"Tómt"},{"$i":"voicemail","$v":"Talhólf"},{"$i":"speed-dial","$v":"Hraðval"},{"$i":"add","$v":"Bæta við"},{"$i":"replace","$v":"Skipta út"},{"$i":"remove-from-speed-dial","$v":"Fjarlægja úr hraðvali"},{"$i":"custom-dialog-replace-speed-dial","$v":["Viltu örugglega skipta hraðvalinu ",{"t":"idOrVar","v":"oldSpeedDial"}," út fyrir ",{"t":"idOrVar","v":"newSpeedDial"},"?"]},{"$i":"custom-dialog-remove-speed-dial","$v":["Viltu örugglega fjarlægja ",{"t":"idOrVar","v":"name"}," úr hraðvali?"]},{"$i":"speed-dial-added","$v":"Hraðvalsnúmeri bætt við."},{"$i":"speed-dial-removed","$v":"Hraðvalsnúmer fjarlægt."},{"$i":"speed-dial-replaced","$v":"Hraðvalsnúmer uppfært."},{"$i":"voice-mail","$v":"Talhólf"},{"$i":"voice-mail-number","$v":["Talhólfsnúmer – SIM ",{"t":"idOrVar","v":"n"}]},{"$i":"voice-mail-number-single","$v":"Talhólfsnúmer"},{"$i":"voice-mail-number-updated","$v":"Talhólfsnúmerið var uppfært"},{"$i":"found-duplicates-message","$v":"Tvíteknar upplýsingar fundust um eftirfarandi tengiliði. Viltu sameina þá?"},{"$i":"confirm-to-merge-contacts","$v":["Viltu örugglega sameina ",{"t":"idOrVar","v":"n"}," tengil. við ",{"t":"idOrVar","v":"name"},"?"]},{"$i":"contact-merged","$v":"Tengil. samein."},{"$i":"find-duplicate-contacts","$v":"Finna tvítekna tengil."},{"$i":"no-duplicate-contact-found","$v":"Engir tvíteknir tengil. fundust"},{"$i":"merge","$v":"Sameina"},{"$i":"find-dup","$v":"Finna tvítekna tengil."},{"$i":"find-dup-title","$v":"Finna tvítekna tengil."},{"$i":"finding-dup-message","$v":"Leitar að tvíteknum tengiliðum ..."},{"$i":"dup-found-title","$v":"Tvítekn. fundust"},{"$i":"dup-found-message","$v":"Tvíteknar upplýsingar fundust hjá eftirfarandi tengilið(um). Viltu sameina?"},{"$i":"no-dup-found","$v":"Engar tvítekningar fundust"},{"$i":"merge-conflict-warn","$v":["„",{"t":"idOrVar","v":"name"},"“ mun skrifa yfir eftirfarandi upplýsingar:"]},{"$i":"merge-conflict-confirm","$v":"Viltu örugglega sameina tengiliðina?"},{"$i":"add-favorite","$v":"Bæta við uppáhald"},{"$i":"remove-favorite","$v":"Taka úr uppáh."},{"$i":"favorite-contacts","$v":"Uppáhald"},{"$i":"add-block","$v":"Loka fyrir þetta númer"},{"$i":"remove-block","$v":"Taka þetta númer af útilokunarlista"},{"$i":"add-block-email","$v":"Loka fyrir þetta netfang"},{"$i":"remove-block-email","$v":"Opnaðu þetta netfang"},{"$i":"add-block-contact-warning","$v":"Þú færð ekki símtöl eða skilaboð frá fólki á útilokunarlistanum."},{"$i":"add-block-email-warning","$v":"Þú færð ekki skilaboð frá þessu netfangi."},{"$i":"block","$v":"Útiloka"},{"$i":"unblock","$v":"Aflæsa"},{"$i":"block-contacts","$v":"Loka fyrir tengiliði"},{"$i":"add-block-header","$v":"Bæta númeri á útilokunarlista"},{"$i":"remove-block-alert","$v":"Fjarlægt úr útilokuðum tengiliðum."},{"$i":"duplicate-block-number","$v":"Ekki hægt að bæta við tvíteknu númeri."},{"$i":"sort-contacts","$v":"Raða tengiliðum"},{"$i":"sort-by-first-name","$v":"Raða eftir fornafni"},{"$i":"sort-by-last-name","$v":"Raða eftir eftirnafni"},{"$i":"no-support-open-multi-vcard","$v":"Ekki hægt að opna vCard með mörgum tengil."},{"$i":"import","$v":"Flytja inn"},{"$i":"sdcard","$v":"Minniskort"},{"$i":"simcard","$v":"SIM-kort"},{"$i":"import-contacts","$v":"Flytja inn tengil."},{"$i":"simContacts-error","$v":"Mist. að flytja inn tengil. af SIM-korti"},{"$i":"memoryCardContacts-error","$v":"Mist. að flytja inn tengil. af minniskorti"},{"$i":"novCardFiles","$v":"Engar tengiliðaskrár eru tiltækar á minniskortinu."},{"$i":"fullDiskSpace-error","$v":"Geymslan er full og því ekki hægt að flytja inn tengiliði."},{"$i":"socialServiceContacts-error","$v":["Ekki er hægt að flytja inn tengiliði úr ",{"t":"idOrVar","v":"service"},"."]},{"$i":"socialServiceContacts-noNetwork","$v":["Engin nettenging, ekki er hægt að flytja inn tengiliði úr ",{"t":"idOrVar","v":"service"},"."]},{"$i":"simContacts-reading","$v":"Les tengiliði af SIM-korti ..."},{"$i":"memoryCardContacts-reading","$v":"Les tengiliði af minniskorti ..."},{"$i":"importContactsTitle","$v":"Flytja inn tengil."},{"$i":"retry","$v":"Reyna aftur"},{"$i":"noSimMsg","$v":"Til að flytja inn tengil. skaltu setja SIM-kort í eða opna það"},{"$i":"noSdcardMsg","$v":"Til að flytja inn tengil. skaltu setja minniskort í"},{"$i":"not-imported","$v":"Ekki flutt inn"},{"$i":"imported","$v":"Flutt inn"},{"$i":"importing","$v":"Innflutn."},{"$i":"contact-imported","$v":[{"t":"idOrVar","v":"imported"}," tengiliðir fluttir inn. ",{"t":"idOrVar","v":"dupes"}," tengiliðir sameinaðir."]},{"$i":"contact-imported2","$v":{"one":"1 tengiliður fluttur inn.","zero":"Enginn tengiliður fluttur inn.","few":[{"t":"idOrVar","v":"imported"}," tengiliðir fluttir inn."],"many":[{"t":"idOrVar","v":"imported"}," tengiliðir fluttir inn."],"other":[{"t":"idOrVar","v":"imported"}," tengiliðir fluttir inn."],"two":[{"t":"idOrVar","v":"imported"}," tengiliðir fluttir inn."]},"$x":[{"t":"idOrVar","v":"plural"},"imported"]},{"$i":"reading-contacts-from-sim","$v":"Les tengilið(i) af SIM-korti ..."},{"$i":"reading-contacts-from-gmail","$v":"Les tengilið(i) úr Gmail ..."},{"$i":"reading-contacts-from-live","$v":"Les tengilið(i) úr Outlook ..."},{"$i":"reading-contacts-from-sd","$v":"Les tengilið(i) af minniskorti ..."},{"$i":"reading-contacts-from-vcard","$v":"Les tengilið(i) úr skrá ..."},{"$i":"importing-contacts-from-sim","$v":"Flytur inn tengilið(i) af SIM-korti ..."},{"$i":"importing-contacts-from-gmail","$v":"Flytur inn tengilið(i) úr Gmail ..."},{"$i":"importing-contacts-from-live","$v":"Flytur inn tengilið(i) úr Outlook ..."},{"$i":"importing-contacts-from-sd","$v":"Flytur inn tengilið(i) af minniskorti ..."},{"$i":"importing-contacts-from-vcard","$v":"Flyt inn tengilið(i) úr skrá ..."},{"$i":"connect-network-to-import","$v":"Til að flytja inn tengil. skaltu tengjast Wi-Fi eða gagnaneti"},{"$i":"importing-confirm","$v":["Flytja inn ",{"t":"idOrVar","v":"n"}," tengilið(i) úr skránni „",{"t":"idOrVar","v":"fileName"},"“?"]},{"$i":"importing-cancel-confirm","$v":"0.0"},{"$i":"import-contact-failed","$v":"Innflutningur tengiliða mistókst"},{"$i":"phone-storage-full","$v":"Símageymsla full."},{"$i":"import-contact-storage-full","$v":"Ekki tókst að flytja inni tengiliði. Eyddu forritsgögnum til að losa um pláss."},{"$i":"contact-import-error-disk-full","$v":"Ekki var lokið við að flytja tengiliði inn vegna þess að geymslan er full. Eyddu forritsgögnum til að losa um pláss."},{"$i":"contact-import-error-sim-full","$v":"Ekki var lokið við að flytja inn tengiliði því símkortið er fullt."},{"$i":"contact-import-error-unknown","$v":"Innflutningur tengiliða er ófullnægjandi vegna villu."},{"$i":"import-contacts-canceled","$v":"0.0"},{"$i":"close","$v":"Loka"},{"$i":"import-process-cancel","$v":"Hætt við innflutningsferlið."},{"$i":"import-limit-header","$v":"Hámarksstærð skrár fór yfir"},{"$i":"inner-import-limit-content","$v":"Stærð tengiliða sem er meiri en 10MB hefur ekki verið flutt inn."},{"$i":"activity-import-limit-contact","$v":"Mistókst að flytja inn tengiliðina vegna hámarksstærðar skrár."},{"$i":"activity-import-limit-additional","$v":"(Stærð skrár verður að vera minna en 10MB.)"},{"$i":"bluetooth","$v":"Bluetooth"},{"$i":"export","$v":"Flytja út"},{"$i":"export-contacts","$v":"Flytja út tengil."},{"$i":"simExport-title","$v":"Flytja út á SIM-kort"},{"$i":"memoryCardExport-title","$v":"Flytur út á minniskort ..."},{"$i":"btExport-title","$v":"Flytja út í Bluetooth"},{"$i":"noSimMsgExport","$v":"Til að flytja út tengil. skaltu setja SIM-kort í eða opna það"},{"$i":"noSdcardExport","$v":"Til að flytja út tengil. skaltu setja minniskort í."},{"$i":"bluetoothNoConnection","$v":"Til að flytja út tengil. skaltu tengja Bluetooth-tæki."},{"$i":"contact-exported","$v":[{"t":"idOrVar","v":"exported"}," tengiliðir fluttir út."]},{"$i":"contact-exported2","$v":{"zero":"Engin tengiliður fluttur.","one":"1 tengiliður fluttur út.","few":[{"t":"idOrVar","v":"exported"}," tengiliðir fluttir út."],"many":[{"t":"idOrVar","v":"exported"}," tengiliðir fluttir út."],"other":[{"t":"idOrVar","v":"exported"}," tengiliðir fluttir út."],"two":[{"t":"idOrVar","v":"exported"}," tengiliðir fluttir út."]},"$x":[{"t":"idOrVar","v":"plural"},"exported"]},{"$i":"export-contact-failed","$v":"Mist. að flyt. út tengil."},{"$i":"contact-export-error-sim-full","$v":"Ekki tókst að flyt. út tengil. þar sem SIM er fullt."},{"$i":"contact-export-error-sd-full","$v":"Flytja út tengiliði sem ekki er lokið vegna minniskorts er full."},{"$i":"contact-export-error-unknown","$v":"Útflutningi tengiliða er ekki lokið vegna villu."},{"$i":"contact-export-canceled","$v":"Hætt var við útflutningsferli."},{"$i":"save","$v":"Vista"},{"$i":"back","$v":"Til baka"},{"$i":"givenName","$v":"Fornafn"},{"$i":"familyName","$v":"Eftirnafn"},{"$i":"name","$v":"Nafn"},{"$i":"org","$v":"Fyrirtæki"},{"$i":"ringtone","$v":"Hringitónn"},{"$i":"note","$v":"Minnismiði"},{"$i":"photo","$v":"Mynd"},{"$i":"email","$v":"Póstur"},{"$i":"adr","$v":"Vistfang"},{"$i":"custom","$v":"Sérsn."},{"$i":"confirm-discard-contact-data","$v":"Samskiptaupplýsingum verður fleygt. Viltu vista þennan tengilið?"},{"$i":"confirm-discard-contact-update-data","$v":"Breytingunum verður fleygt. Viltu vista þennan tengilið?"},{"$i":"discard-contact-data","$v":"Breytingunum verður fleygt."},{"$i":"discard","$v":"Fleygja"},{"$i":"add-others","$v":"Bæta öðrum við"},{"$i":"custom-label","$v":"Sérsniðin merki"},{"$i":"input-the-custom-type","$v":"Sláðu inn sérsnið"},{"$i":"contact-added","$v":"Tengilið bætt við."},{"$i":"delete-prompt-message","$v":["Eyða ",{"t":"idOrVar","v":"field"},"?"]},{"$i":"delete-photo-msg","$v":"mynd"},{"$i":"delete-ringtone-msg","$v":"Hringitónn"},{"$i":"delete-bday-msg","$v":"Fæðingardagur"},{"$i":"delete-note-msg","$v":"Minnismiði"},{"$i":"delete-org-msg","$v":"Fyrirtæki"},{"$i":"personal","$v":"Persónulegt"},{"$i":"mobile","$v":"Farsími"},{"$i":"current","$v":"Núverandi"},{"$i":"home","$v":"Heima"},{"$i":"work","$v":"Vinna"},{"$i":"other","$v":"Annað"},{"$i":"fax-home","$v":"Fax (heima)"},{"$i":"fax-office","$v":"Fax (skrifstofa)"},{"$i":"fax-other","$v":"Annað fax"},{"$i":"add-phone","$v":"Bæta við síma"},{"$i":"add-tel","$v":"Bæta við síma"},{"$i":"add-email","$v":"Bæta við netf."},{"$i":"add-ringtone","$v":"Bæta við hringitóni"},{"$i":"add-adr","$v":"Bæta við heimilisf."},{"$i":"add-bday","$v":"Bæta við fæðingard."},{"$i":"add-photo","$v":"Bæta við mynd"},{"$i":"add-note","$v":"Bæta við aths."},{"$i":"add-org","$v":"Bæta við fyrirtæki"},{"$i":"add-tel-number","$v":"Bæta við símanr."},{"$i":"delete-tel","$v":"Eyða símanúmeri"},{"$i":"delete-email","$v":"Eyða netfangi"},{"$i":"delete-ringtone","$v":"Eyða hringitóni"},{"$i":"delete-adr","$v":"Eyða heimilisf."},{"$i":"delete-bday","$v":"Eyða fæðingard."},{"$i":"delete-photo","$v":"Eyða mynd"},{"$i":"delete-note","$v":"Eyða minnism."},{"$i":"delete-org","$v":"Eyða fyrirtæki"},{"$i":"edit-tel-type","$v":"Br. gerð síma"},{"$i":"edit-email-type","$v":"Breyta gerð netfangs"},{"$i":"edit-adr-type","$v":"Br. gerð heimilisf."},{"$i":"edit-bday-type","$v":"Br. fæðingard."},{"$i":"replace-photo","$v":"Breyta mynd"},{"$i":"replace-ringtone","$v":"Br. hringitóni"},{"$i":"mobile-tel","$v":"Farsími"},{"$i":"home-tel","$v":"Heimasími"},{"$i":"work-tel","$v":"Vinnusími"},{"$i":"personal-tel","$v":"Eigið símanúmer"},{"$i":"fax-home-tel","$v":"Fax (heima)"},{"$i":"fax-office-tel","$v":"Fax (skrifstofa)"},{"$i":"fax-other-tel","$v":"Annað fax"},{"$i":"other-tel","$v":"Annar sími"},{"$i":"personal-email","$v":"Persónulegur tölvupóstur"},{"$i":"work-email","$v":"Vinnupóstur"},{"$i":"other-email","$v":"Annar tölvupóstur"},{"$i":"custom-email","$v":[{"t":"idOrVar","v":"type"}," tölvupóstur"]},{"$i":"custom-tel","$v":["Sími fyrir ",{"t":"idOrVar","v":"type"}]},{"$i":"personal-adr","$v":"Eigið vistfang"},{"$i":"current-adr","$v":"Núverand heimilsf."},{"$i":"home-adr","$v":"Heimilisfang"},{"$i":"work-adr","$v":"Heimilisf. vinnu"},{"$i":"custom-adr","$v":["Heimilisfang fyrir ",{"t":"idOrVar","v":"type"}]},{"$i":"bday","$v":"Fæðingard."},{"$i":"birthday","$v":"Fæðingard."},{"$i":"streetAddress","$v":"Gata"},{"$i":"locality","$v":"Borg"},{"$i":"postalCode","$v":"Póstnúmer"},{"$i":"countryName","$v":"Land"},{"$i":"region","$v":"Fylki"},{"$i":"no-name","$v":"Ekkert nafn"},{"$i":"new-contact","$v":"Nýr tengil."},{"$i":"options","$v":"Valkostir"},{"$i":"cancel","$v":"H. við"},{"$i":"settings","$v":"Still."},{"$i":"edit","$v":"Breyta"},{"$i":"share","$v":"Deila"},{"$i":"remove","$v":"Fjarlægja"},{"$i":"compose","$v":"Skrifa"},{"$i":"new-contact-title","$v":"Nýr tengil."},{"$i":"edit-title","$v":"Br. tengil."},{"$i":"music","$v":"Tónlist"},{"$i":"adr-type","$v":"tegund heimilisfangs"},{"$i":"email-type","$v":"Gerð tölvupósts"},{"$i":"tel-type","$v":"Gerð símans"},{"$i":"ICEContactsGroup","$v":"ICE-tengil."},{"$i":"setICEButton","$v":"Velja neyðartengilið"},{"$i":"ICESettingTitle","$v":"ICE-tengil."},{"$i":"ICEDescription","$v":"Bættu við fimm tengiliðum til að hringja neyðarsímtöl."},{"$i":"ICEContact","$v":["ICE-tengil. ",{"t":"idOrVar","v":"n"}]},{"$i":"ICESelectContact","$v":"Veldu tengilið"},{"$i":"delete-ice-contact-warning","$v":"Viltu örugglega fjarlægja ICE-tengiliðinn?"},{"$i":"confirm","$v":"Staðfesting"},{"$i":"add-ice-failed","$v":"Bæta við ICE mistókst"},{"$i":"create-group","$v":"Búa til hóp"},{"$i":"group-name","$v":"Heiti hóps"},{"$i":"group","$v":"HÓPUR"},{"$i":"new-group-created","$v":"Ný hópur er búinn til."},{"$i":"create-group-failed","$v":"Búa til hóp mistókst."},{"$i":"create-group-too-many","$v":["Þú getur aðeins stofnað ",{"t":"idOrVar","v":"number"}," hópa."]},{"$i":"create-group-duplicate","$v":"Afrit nafn."},{"$i":"rename-group-failed","$v":"Endurnefna hóp mistókst."},{"$i":"new-group","$v":"Nýtt"},{"$i":"rename","$v":"Endurnefna"},{"$i":"duplicate-removed","$v":"Tvíteknir tengiliðir fjarlægðir."},{"$i":"add-to-group","$v":"Bæta við í hóp"},{"$i":"remove-from-group","$v":"Fjarlægja úr hópi"},{"$i":"added-to","$v":["Bætt við ",{"t":"idOrVar","v":"group"}]},{"$i":"removed-from","$v":["Fjarlægt úr ",{"t":"idOrVar","v":"hóp"}]},{"$i":"select-group","$v":"Veldu hóp"},{"$i":"rename-group","$v":"Endurnefna hóp"},{"$i":"delete-group","$v":["Viltu örugglega eyða ",{"t":"idOrVar","v":"group"},"?"]},{"$i":"unable-add-warn","$v":"Ekki tókst að bæta tengilið reikningsins við hópinn."},{"$i":"edit-contact","$v":"Br. tengil."},{"$i":"send-message","$v":"Senda skilaboð"},{"$i":"call","$v":"Hringja"},{"$i":"call-sim-1","$v":"Hringja – SIM 1"},{"$i":"call-sim-2","$v":"Hringja – SIM 2"},{"$i":"send-email","$v":"Senda tölvupóst"},{"$i":"choose-number","$v":"Veldu númer"},{"$i":"choose-email-address","$v":"Velja netfang"},{"$i":"delete","$v":"Eyða"},{"$i":"select","$v":"Velja"},{"$i":"select-all","$v":"Velja allt"},{"$i":"select-all2","$v":"Allt"},{"$i":"deselect-all","$v":"Velja ekkert"},{"$i":"deselect-all2","$v":"Ekkert"},{"$i":"deselect","$v":"Afturkalla"},{"$i":"selected-contacts","$v":{"few":[{"t":"idOrVar","v":"n"}," valdir"],"many":[{"t":"idOrVar","v":"n"}," valið"],"one":[{"t":"idOrVar","v":"n"}," valinn"],"other":[{"t":"idOrVar","v":"n"}," valdir"],"two":[{"t":"idOrVar","v":"n"}," valdir"],"zero":[{"t":"idOrVar","v":"n"}," valið"]},"$x":[{"t":"idOrVar","v":"plural"},"n"]},{"$i":"massive-delete","$v":"Eyða tengiliðum"},{"$i":"confirm-contact-delete","$v":["Viltu örugglega eyða tengiliðnum „\"",{"t":"idOrVar","v":"name"},"\"?"]},{"$i":"DeletedTxt","$v":{"few":[{"t":"idOrVar","v":"n"}," tengil. fjarl."],"many":[{"t":"idOrVar","v":"n"}," tengil. fjarl."],"one":"1 tengiliður fjarl.","other":[{"t":"idOrVar","v":"n"}," tengil. fjarl."],"two":[{"t":"idOrVar","v":"n"}," tengil. fjarl."],"zero":"Enginn tengil. til að eyða"},"$x":[{"t":"idOrVar","v":"plural"},"n"]},{"$i":"DeletingContacts","$v":"Eyða tengiliðum"},{"$i":"DeletingContactsProgressing","$v":"Tengiliðum eytt"},{"$i":"ContactConfirmDel","$v":{"few":["Eyða ",{"t":"idOrVar","v":"n"}," tengiliðum? Þetta er ekki hægt að afturkalla."],"many":["Eyða ",{"t":"idOrVar","v":"n"}," tengiliðum? Þetta er ekki hægt að afturkalla."],"one":"Eyða 1 tengilið? Þetta er ekki hægt að afturkalla.","other":["Eyða ",{"t":"idOrVar","v":"n"}," tengiliðum? Þetta er ekki hægt að afturkalla."],"two":["Eyða ",{"t":"idOrVar","v":"n"}," tengiliðum? Þetta er ekki hægt að afturkalla."],"zero":"Enginn tengil. til að eyða"},"$x":[{"t":"idOrVar","v":"plural"},"n"]},{"$i":"contact-deleted","$v":{"zero":"0.0","one":"1 tengilið eytt.","few":[{"t":"idOrVar","v":"n"}," tengiliðum eytt."],"many":[{"t":"idOrVar","v":"n"}," tengiliðum eytt."],"other":[{"t":"idOrVar","v":"n"}," tengiliðum eytt."],"two":[{"t":"idOrVar","v":"n"}," tengiliðum eytt."]},"$x":[{"t":"idOrVar","v":"plural"},"n"]},{"$i":"a-contact-deleted","$v":"Tengilið eytt."},{"$i":"settings-title","$v":"Tengiliðastill."},{"$i":"change-will-update-until-restart","$v":"Breytingar verða uppfærðar næst þegar tengiliðir eru settir af stað."},{"$i":"transfer-contacts","$v":"Flytja tengiliði"},{"$i":"service-number","$v":"Þjónustunúmer"},{"$i":"no-contacts-found","$v":"Engin niðurstaða."},{"$i":"search","$v":"Leitaðu að tengiliðum","placeholder":"Leitaðu að tengiliðum"},{"$i":"search-option","$v":"Leita"},{"$i":"accounts","$v":"Reikn."},{"$i":"account","$v":"Reikn."},{"$i":"add-account","$v":"Bæta við reikn."},{"$i":"add-account-failed","$v":"Óþekkt villa kom upp. Reyndu aftur síðar."},{"$i":"duplicate-account-warn","$v":"Reikningur þegar til. Kveikt er á samstillingu."},{"$i":"setting-up-account","$v":"Uppsetning reiknings"},{"$i":"no-network-warn","$v":"Engin internettenging."},{"$i":"username","$v":"Notandanafn"},{"$i":"password","$v":"Aðgangsorð"},{"$i":"delete-account","$v":"Eyða reikn."},{"$i":"delete-account-long","$v":"Eyða reikningi"},{"$i":"delete-account-warn","$v":"Ef þú eyðir þessum reikningi mun það einnig hafa áhrif á forrit sem nota þennan reikning."},{"$i":"deleting-account","$v":"Eyðir reikningi ..."},{"$i":"delete-account-failed","$v":"Ekki tókst að eyða reikningi, reyndu aftur síðar."},{"$i":"delete-account-ok","$v":"Reikningur eytt."},{"$i":"sync","$v":"Samst."},{"$i":"sync-title","$v":"Samstilling tengiliða"},{"$i":"sync-failed-warn","$v":"Mistókst að samstilla."},{"$i":"sync-off-warn","$v":"Slökkt er á samstillingu við Stillingar."},{"$i":"show-account-contacts","$v":"Sýna reikningstengiliði"},{"$i":"sync-account-contacts","$v":"Samstilla tengiliði tengiliða"},{"$i":"sync-account-contacts-warning","$v":["Breytingar sem gerðar eru á tengiliðum verða ekki samstilltar í skýinu þegar ekki er merkt við „",{"t":"idOrVar","v":"switch"},"“, á samt að afmerkja þetta?"]},{"$i":"yes","$v":"Já"},{"$i":"all-contacts-synced","$v":"Allir tengiliðir eru samstillt."},{"$i":"contact-syncing","$v":"Tengiliðir samstillir ..."},{"$i":"contacts-sync-limit-exceed","$v":"Ekki var lokið við að samstilla tengiliði vegna þess að farið var yfir leyfilegan fjölda tengiliða."},{"$i":"show-password","$v":"Sýna aðgangsorð"},{"$i":"password-incorrect","$v":"Rangt aðgangsorð."},{"$i":"re-enter-password","$v":"Sláðu inn lykilorð aftur"},{"$i":"accessing-warn","$v":"Vandamál kom upp við að opna reikninginn þinn."},{"$i":"accessing-warn-password","$v":"Sláðu aðgangsorðið inn aftur."},{"$i":"re-enter-password-on-setting","$v":"Vinsamlegast sláðu aftur inn lykilorðið í Stillingar tengiliða."},{"$i":"accessing-warn-relogin","$v":"Eyddu reikningnum og skráðu þig aftur inn."},{"$i":"update-password-failed","$v":"Ekki tókst að uppfæra aðgangsorð, reyndu aftur síðar."},{"$i":"connect-time-out","$v":["Ekki er hægt að koma á tengingu við „",{"t":"idOrVar","v":"server"},"“. Hugsanlega kom upp vandamál tengt netinu."]},{"$i":"server-error","$v":"Netþjónninn er ekki tiltækur. Reyndu aftur síðar."},{"$i":"loading","$v":"Hleður ..."},{"$i":"ellipsis","$v":"..."},{"$i":"stop-syncing-warn-title","$v":"Samstilling tengiliða"},{"$i":"stop-syncing-warn","$v":"Með því að loka forritinu verður samstillingarferlið stöðvað. Viltu samt loka því?"},{"$i":"weekday-0-long","$v":"Sunnudagur"},{"$i":"weekday-1-long","$v":"Mánudagur"},{"$i":"weekday-2-long","$v":"Þriðjudagur"},{"$i":"weekday-3-long","$v":"Miðvikudagur"},{"$i":"weekday-4-long","$v":"Fimmtudagur"},{"$i":"weekday-5-long","$v":"Föstudagur"},{"$i":"weekday-6-long","$v":"Laugardagur"},{"$i":"weekday-0-short","$v":"Sun."},{"$i":"weekday-1-short","$v":"Mán."},{"$i":"weekday-2-short","$v":"Þri."},{"$i":"weekday-3-short","$v":"Mið."},{"$i":"weekday-4-short","$v":"Fim."},{"$i":"weekday-5-short","$v":"Fös."},{"$i":"weekday-6-short","$v":"Lau."},{"$i":"month-0-long","$v":"Janúar"},{"$i":"month-1-long","$v":"Febrúar"},{"$i":"month-2-long","$v":"Mars"},{"$i":"month-3-long","$v":"Apríl"},{"$i":"month-4-long","$v":"Maí"},{"$i":"month-5-long","$v":"Júní"},{"$i":"month-6-long","$v":"Júlí"},{"$i":"month-7-long","$v":"Ágúst"},{"$i":"month-8-long","$v":"September"},{"$i":"month-9-long","$v":"Október"},{"$i":"month-10-long","$v":"Nóvember"},{"$i":"month-11-long","$v":"Desember"},{"$i":"month-0-genitive","$v":"Janúar"},{"$i":"month-1-genitive","$v":"Febrúar"},{"$i":"month-2-genitive","$v":"Mars"},{"$i":"month-3-genitive","$v":"Apríl"},{"$i":"month-4-genitive","$v":"Maí"},{"$i":"month-5-genitive","$v":"Júní"},{"$i":"month-6-genitive","$v":"Júlí"},{"$i":"month-7-genitive","$v":"Ágúst"},{"$i":"month-8-genitive","$v":"September"},{"$i":"month-9-genitive","$v":"Október"},{"$i":"month-10-genitive","$v":"Nóvember"},{"$i":"month-11-genitive","$v":"Desember"},{"$i":"month-0-short","$v":"Jan."},{"$i":"month-1-short","$v":"Feb."},{"$i":"month-2-short","$v":"Mar."},{"$i":"month-3-short","$v":"Apr."},{"$i":"month-4-short","$v":"Maí"},{"$i":"month-5-short","$v":"Jún."},{"$i":"month-6-short","$v":"Júl."},{"$i":"month-7-short","$v":"Ágú."},{"$i":"month-8-short","$v":"Sep."},{"$i":"month-9-short","$v":"Okt."},{"$i":"month-10-short","$v":"Nóv."},{"$i":"month-11-short","$v":"Des."},{"$i":"minutes-ago-long","$v":{"few":["Fyrir ",{"t":"idOrVar","v":"value"}," mín."],"many":["Fyrir ",{"t":"idOrVar","v":"value"}," mín."],"other":["Fyrir ",{"t":"idOrVar","v":"value"}," mín."],"two":["Fyrir ",{"t":"idOrVar","v":"value"}," mín."],"one":"fyrir mínútu","zero":"rétt í þessu"},"$x":[{"t":"idOrVar","v":"plural"},"value"]},{"$i":"hours-ago-long","$v":{"few":["Fyrir ",{"t":"idOrVar","v":"value"}," klst."],"many":["Fyrir ",{"t":"idOrVar","v":"value"}," klst."],"other":["Fyrir ",{"t":"idOrVar","v":"value"}," klst."],"two":["Fyrir ",{"t":"idOrVar","v":"value"}," klst."],"one":"1 klst","zero":"rétt í þessu"},"$x":[{"t":"idOrVar","v":"plural"},"value"]},{"$i":"days-ago-long","$v":{"few":["Fyrir ",{"t":"idOrVar","v":"value"}," dögum"],"many":["Fyrir ",{"t":"idOrVar","v":"value"}," dögum"],"one":"í gær","other":["Fyrir ",{"t":"idOrVar","v":"value"}," dögum"],"two":["Fyrir ",{"t":"idOrVar","v":"value"}," dögum"],"zero":"í dag"},"$x":[{"t":"idOrVar","v":"plural"},"value"]},{"$i":"weeks-ago-long","$v":{"few":["Fyrir ",{"t":"idOrVar","v":"value"}," vikum"],"many":["Fyrir ",{"t":"idOrVar","v":"value"}," vikum"],"one":"í síð. viku","other":["Fyrir ",{"t":"idOrVar","v":"value"}," vikum"],"two":["Fyrir ",{"t":"idOrVar","v":"value"}," vikum"],"zero":"í þessari viku"},"$x":[{"t":"idOrVar","v":"plural"},"value"]},{"$i":"months-ago-long","$v":{"few":["Fyrir ",{"t":"idOrVar","v":"value"}," mánuðum"],"many":["Fyrir ",{"t":"idOrVar","v":"value"}," mánuðum"],"one":"í síð. mán.","other":["Fyrir ",{"t":"idOrVar","v":"value"}," mánuðum"],"two":["Fyrir ",{"t":"idOrVar","v":"value"}," mánuðum"],"zero":"í þessum mán."},"$x":[{"t":"idOrVar","v":"plural"},"value"]},{"$i":"years-ago-long","$v":{"few":["Fyrir ",{"t":"idOrVar","v":"value"}," árum"],"many":["Fyrir ",{"t":"idOrVar","v":"value"}," árum"],"one":"á síð. ári","other":["Fyrir ",{"t":"idOrVar","v":"value"}," árum"],"two":["Fyrir ",{"t":"idOrVar","v":"value"}," árum"],"zero":"á þessu ári"},"$x":[{"t":"idOrVar","v":"plural"},"value"]},{"$i":"minutes-until-long","$v":{"few":["eftir ",{"t":"idOrVar","v":"value"}," mín."],"many":["eftir ",{"t":"idOrVar","v":"value"}," mín."],"other":["eftir ",{"t":"idOrVar","v":"value"}," mín."],"two":["eftir ",{"t":"idOrVar","v":"value"}," mín."],"zero":"núna","one":"eftir 1 mínútu"},"$x":[{"t":"idOrVar","v":"plural"},"value"]},{"$i":"hours-until-long","$v":{"few":["eftir ",{"t":"idOrVar","v":"value"}," klst."],"many":["eftir ",{"t":"idOrVar","v":"value"}," klst."],"other":["eftir ",{"t":"idOrVar","v":"value"}," klst."],"two":["eftir ",{"t":"idOrVar","v":"value"}," klst."],"zero":"núna","one":"eftir 1 klukkustund"},"$x":[{"t":"idOrVar","v":"plural"},"value"]},{"$i":"days-until-long","$v":{"few":["eftir ",{"t":"idOrVar","v":"value"}," daga"],"many":["eftir ",{"t":"idOrVar","v":"value"}," daga"],"one":"á morgun","other":["eftir ",{"t":"idOrVar","v":"value"}," daga"],"two":["eftir ",{"t":"idOrVar","v":"value"}," daga"],"zero":"í dag"},"$x":[{"t":"idOrVar","v":"plural"},"value"]},{"$i":"weeks-until-long","$v":{"few":["eftir ",{"t":"idOrVar","v":"value"}," vikur"],"many":["eftir ",{"t":"idOrVar","v":"value"}," vikur"],"one":"í næstu viku","other":["eftir ",{"t":"idOrVar","v":"value"}," vikur"],"two":["eftir ",{"t":"idOrVar","v":"value"}," vikur"],"zero":"í þessari viku"},"$x":[{"t":"idOrVar","v":"plural"},"value"]},{"$i":"months-until-long","$v":{"few":["eftir ",{"t":"idOrVar","v":"value"}," mán."],"many":["eftir ",{"t":"idOrVar","v":"value"}," mán."],"one":"í næsta mán.","other":["eftir ",{"t":"idOrVar","v":"value"}," mán."],"two":["eftir ",{"t":"idOrVar","v":"value"}," mán."],"zero":"í þessum mán."},"$x":[{"t":"idOrVar","v":"plural"},"value"]},{"$i":"years-until-long","$v":{"few":["eftir ",{"t":"idOrVar","v":"value"}," ár"],"many":["eftir ",{"t":"idOrVar","v":"value"}," ár"],"one":"á næsta ári","other":["eftir ",{"t":"idOrVar","v":"value"}," ár"],"two":["eftir ",{"t":"idOrVar","v":"value"}," ár"],"zero":"á þessu ári"},"$x":[{"t":"idOrVar","v":"plural"},"value"]},{"$i":"minutes-ago-short","$v":{"other":["Fyrir ",{"t":"idOrVar","v":"value"}," m."],"zero":"rétt í þessu"},"$x":[{"t":"idOrVar","v":"plural"},"value"]},{"$i":"hours-ago-short","$v":{"other":["Fyrir ",{"t":"idOrVar","v":"value"}," k."],"zero":"rétt í þessu"},"$x":[{"t":"idOrVar","v":"plural"},"value"]},{"$i":"days-ago-short","$v":{"other":["Fyrir ",{"t":"idOrVar","v":"value"}," d."],"zero":"í dag"},"$x":[{"t":"idOrVar","v":"plural"},"value"]},{"$i":"minutes-until-short","$v":{"other":["eftir ",{"t":"idOrVar","v":"value"}," m"],"zero":"núna"},"$x":[{"t":"idOrVar","v":"plural"},"value"]},{"$i":"hours-until-short","$v":{"other":["eftir ",{"t":"idOrVar","v":"value"}," k"],"zero":"núna"},"$x":[{"t":"idOrVar","v":"plural"},"value"]},{"$i":"days-until-short","$v":{"other":["eftir ",{"t":"idOrVar","v":"value"}," d"],"zero":"í dag"},"$x":[{"t":"idOrVar","v":"plural"},"value"]},{"$i":"incorrectDate","$v":"(röng dags.)"},{"$i":"dateTimeFormat_%c","$v":"%a %b %e %Y %I:%M:%S %p"},{"$i":"dateTimeFormat_%x","$v":"%m/%d/%Y"},{"$i":"dateTimeFormat_%X","$v":"%I:%M:%S %p"},{"$i":"shortTimeFormat","$v":"%I:%M %p"},{"$i":"shortTimeFormat12","$v":"%I:%M %p"},{"$i":"shortTimeFormat24","$v":"%H:%M"},{"$i":"shortDateTimeFormat","$v":"%x %I:%M %p"},{"$i":"weekStartsOnMonday","$v":"0.0"},{"$i":"firstDayOfTheWeek","$v":"1.0"},{"$i":"time_am","$v":"f.h."},{"$i":"time_pm","$v":"e.h."},{"$i":"sim-with-index-and-carrier","$v":["SIM ",{"t":"idOrVar","v":"index"}," - ",{"t":"idOrVar","v":"carrier"}]},{"$i":"sim-without-carrier","$v":["SIM ",{"t":"idOrVar","v":"index"}]}]