[{"$i":"contacts","$v":"Контактілер"},{"$i":"view","$v":"Көру"},{"$i":"no-contacts","$v":"Контактілер жоқ."},{"$i":"reading-contacts","$v":"Контактілер жүктелуде"},{"$i":"start-adding","$v":"Контактілерді қосу үшін Жаңа түймесін басыңыз немесе Параметрлер тармағына өтіңіз."},{"$i":"no-contact-available","$v":"Қолжетімді контакт жоқ"},{"$i":"requested-contact-not-available","$v":"Сұралған ақпарат бар контактілерде жоқ."},{"$i":"cannot-add-as-empty","$v":"Контактіге қосылмайды, контактілер тізімі бос"},{"$i":"ok","$v":"OK"},{"$i":"no-phone-number-to-dial","$v":"Терілетін телефон нөмірі жоқ"},{"$i":"video-call","$v":"Бейне қоңырау"},{"$i":"rtt-call","$v":"RTT қоңырауы"},{"$i":"select-a-contact","$v":"Контакт таңдау"},{"$i":"multi-pick-max-warn","$v":["Ең көп таңдалған саны — ",{"t":"idOrVar","v":"n"}]},{"$i":"add-contact-failed","$v":"Контакт қосылмады"},{"$i":"no-sim-card-available","$v":"Ешқандай SIM картасы жоқ"},{"$i":"email-cannot-add-to-sim","$v":"Ағымдағы жадты таңдау арқылы электрондық поштаға қолдау көрсетілмейді."},{"$i":"add-info-failed","$v":"Ақпарат қосу сәтсіз аяқталды"},{"$i":"no-contact-to-add","$v":"Қосуға болатын контакт жоқ."},{"$i":"move","$v":"Жылжыту"},{"$i":"copy","$v":"Көшіру"},{"$i":"copy-contacts","$v":"Контактілерді көшіру"},{"$i":"move-contacts","$v":"Контактілерді жылжыту"},{"$i":"phone-memory","$v":"Телефон жады"},{"$i":"sim-memory","$v":"SIM жады"},{"$i":"sim-0-memory","$v":"SIM 1 жады"},{"$i":"sim-1-memory","$v":"SIM 2 жады"},{"$i":"move-from","$v":"Келесіден жылжыту"},{"$i":"copy-from","$v":"Келесіден көшіру"},{"$i":"to","$v":"Қайда"},{"$i":"move-contacts-progressing","$v":"Контактілер жылжытылуда…"},{"$i":"copy-contacts-progressing","$v":"Контактілер көшірілуде…"},{"$i":"contact-move-to-sim","$v":{"few":[{"t":"idOrVar","v":"migrated"}," контакт SIM картасына жылжытылды."],"many":[{"t":"idOrVar","v":"migrated"}," контакт SIM картасына жылжытылды."],"one":"1 контакт SIM картасына жылжытылды.","other":[{"t":"idOrVar","v":"migrated"}," контакт SIM картасына жылжытылды."],"two":[{"t":"idOrVar","v":"migrated"}," контакт SIM картасына жылжытылды."],"zero":"Ешбір контакт SIM картасына жылжытылмады."},"$x":[{"t":"idOrVar","v":"plural"},"migrated"]},{"$i":"contact-copy-to-sim","$v":{"few":[{"t":"idOrVar","v":"migrated"}," контакт SIM картасына көшірілді."],"many":[{"t":"idOrVar","v":"migrated"}," контакт SIM картасына көшірілді."],"one":"1 контакт SIM картасына көшірілді.","other":[{"t":"idOrVar","v":"migrated"}," контакт SIM картасына көшірілді."],"two":[{"t":"idOrVar","v":"migrated"}," контакт SIM картасына көшірілді."],"zero":"Ешбір контакт SIM картасына көшірілмеді."},"$x":[{"t":"idOrVar","v":"plural"},"migrated"]},{"$i":"contact-move-to-sim0","$v":{"few":[{"t":"idOrVar","v":"migrated"}," контакт SIM 1 картасына жылжытылды."],"many":[{"t":"idOrVar","v":"migrated"}," контакт SIM 1 картасына жылжытылды."],"one":"1 контакт SIM 1 картасына жылжытылды.","other":[{"t":"idOrVar","v":"migrated"}," контакт SIM 1 картасына жылжытылды."],"two":[{"t":"idOrVar","v":"migrated"}," контакт SIM 1 картасына жылжытылды."],"zero":"Ешбір контакт SIM 1 картасына жылжытылмады."},"$x":[{"t":"idOrVar","v":"plural"},"migrated"]},{"$i":"contact-copy-to-sim0","$v":{"few":[{"t":"idOrVar","v":"migrated"}," контакт SIM 1 картасына көшірілді."],"many":[{"t":"idOrVar","v":"migrated"}," контакт SIM 1 картасына көшірілді."],"one":"1 контакт SIM 1 картасына көшірілді.","other":[{"t":"idOrVar","v":"migrated"}," контакт SIM 1 картасына көшірілді."],"two":[{"t":"idOrVar","v":"migrated"}," контакт SIM 1 картасына көшірілді."],"zero":"Ешбір контакт SIM 1 картасына көшірілмеді."},"$x":[{"t":"idOrVar","v":"plural"},"migrated"]},{"$i":"contact-move-to-sim1","$v":{"few":[{"t":"idOrVar","v":"migrated"}," контакт SIM 2 картасына жылжытылды."],"many":[{"t":"idOrVar","v":"migrated"}," контакт SIM 2 картасына жылжытылды."],"one":"1 контакт SIM 2 картасына жылжытылды.","other":[{"t":"idOrVar","v":"migrated"}," контакт SIM 2 картасына жылжытылды."],"two":[{"t":"idOrVar","v":"migrated"}," контакт SIM 2 картасына жылжытылды."],"zero":"Ешбір контакт SIM 2 картасына жылжытылмады."},"$x":[{"t":"idOrVar","v":"plural"},"migrated"]},{"$i":"contact-copy-to-sim1","$v":{"few":[{"t":"idOrVar","v":"migrated"}," контакт SIM 2 картасына көшірілді."],"many":[{"t":"idOrVar","v":"migrated"}," контакт SIM 2 картасына көшірілді."],"one":"1 контакт SIM 2 картасына көшірілді.","other":[{"t":"idOrVar","v":"migrated"}," контакт SIM 2 картасына көшірілді."],"two":[{"t":"idOrVar","v":"migrated"}," контакт SIM 2 картасына көшірілді."],"zero":"Ешбір контакт SIM 2 картасына көшірілмеді."},"$x":[{"t":"idOrVar","v":"plural"},"migrated"]},{"$i":"contact-move-to-device","$v":{"one":"1 контакт телефонға жылжытылды.","zero":"Телефонға ешқандай контакті жіберілмеді.","few":[{"t":"idOrVar","v":"migrated"}," контакт телефонға жылжытылды."],"many":[{"t":"idOrVar","v":"migrated"}," контакт телефонға жылжытылды."],"other":[{"t":"idOrVar","v":"migrated"}," контакт телефонға жылжытылды."],"two":[{"t":"idOrVar","v":"migrated"}," контакт телефонға жылжытылды."]},"$x":[{"t":"idOrVar","v":"plural"},"migrated"]},{"$i":"contact-copy-to-device","$v":{"one":"1 контакт телефонға көшірілді.","zero":"Телефонға ешқандай контакт көшірілмеді.","few":[{"t":"idOrVar","v":"migrated"}," контакт телефонға көшірілді."],"many":[{"t":"idOrVar","v":"migrated"}," контакт телефонға көшірілді."],"other":[{"t":"idOrVar","v":"migrated"}," контакт телефонға көшірілді."],"two":[{"t":"idOrVar","v":"migrated"}," контакт телефонға көшірілді."]},"$x":[{"t":"idOrVar","v":"plural"},"migrated"]},{"$i":"copy-contact-failed","$v":"Контактілерді көшіру сәтсіз аяқталды"},{"$i":"move-contact-failed","$v":"Контактілерді ауыстыру сәтсіз аяқталды"},{"$i":"contact-copy-error-sim-full","$v":"SIM картасының толуына байланысты контактілерді көшіру аяқталмады."},{"$i":"contact-copy-error-unknown","$v":"Қатеге байланысты контактілерді көшіру аяқталмады."},{"$i":"contact-copy-error-limit-exceeded","$v":"Телефондағы контактілер шегінен асып кеткендіктен контактілерді көшіру толық орындалмады."},{"$i":"contact-move-error-sim-full","$v":"SIM картасы толғандықтан контактілерді ауыстыру аяқталмады."},{"$i":"contact-move-error-unknown","$v":"Қатеге байланысты контактілерді жылжыту аяқталмады."},{"$i":"contact-move-error-limit-exceeded","$v":"Телефондағы контактілер шегінен асып кеткендіктен контактілерді жылжыту толық орындалмады."},{"$i":"contact-save-error-unknown","$v":"Қатеге байланысты контактіні сақтау аяқталмады."},{"$i":"memory","$v":"Жад"},{"$i":"phone-and-sim","$v":"Телефон мен SIM"},{"$i":"phone","$v":"Телефон"},{"$i":"sim","$v":"SIM"},{"$i":"reloading-contact","$v":"Контактілер қайта жүктелуде…"},{"$i":"contact-reloaded","$v":"Контактілер қайта жүктелді"},{"$i":"message","$v":"Хабар"},{"$i":"changes-saved","$v":"Өзгерістер сақталды."},{"$i":"already-ice-contact","$v":"Таңдалған контакт ICE деңгейіне қойылған."},{"$i":"phone-contacts-limit-exceeded","$v":"Телефон контактілерінің лимиті асырылды."},{"$i":"sim-contacts-limit-exceeded","$v":"SIM контактілерінің лимиті асырылды."},{"$i":"more-info","$v":"Қосымша"},{"$i":"callAirplaneModeTitle","$v":"Ұшақ режимі қосылды"},{"$i":"callAirplaneModeMessage","$v":"Қоңырау шалу үшін параметрлерде ұшақ режимін ажырату қажет."},{"$i":"emergencyDialogTitle","$v":"Желі байланысы жоқ"},{"$i":"emergencyDialogBodyBadNumber","$v":"Қоңырау шалу үшін телефон желіге қосылуы тиіс."},{"$i":"emergencyDialogBodyDeviceNotAccepted","$v":"Желіде төтенше қоңырауларға рұқсат жоқ."},{"$i":"invalidNumberToDialTitle","$v":"Жарамсыз телефон нөмірі"},{"$i":"invalidNumberToDialMessage","$v":"Сіз қоңырау шалып жатқан телефон нөмірі жарамсыз."},{"$i":"invalidNumberToSendTitle","$v":"Жарамсыз телефон нөмірі"},{"$i":"invalidNumberToSendMessage","$v":"Сіз хабар жіберіп жатқан телефон нөмірі жарамсыз."},{"$i":"emergency-call-only","$v":"Жедел қоңырау ғана"},{"$i":"emergency-call-error","$v":[{"t":"idOrVar","v":"number"}," төтенше жағдайларда қоңырау шалуға арналған телефон нөмірі емес."]},{"$i":"numberIsBusyTitle","$v":"Нөмір бос емес"},{"$i":"numberIsBusyMessage","$v":"Нөмір қазір бос емес. Кейінірек қайталап көріңіз."},{"$i":"fdnIsActiveTitle","$v":"FDN белсенді"},{"$i":"fdnIsActiveMessage","$v":["FDN (Бекітілген терілетін нөмірлер) функциясы белсенді және сіздің FDN тізіміңізде келесі нөмір жоқ: ",{"t":"idOrVar","v":"number"}]},{"$i":"otherConnectionInUseTitle","$v":"Пайд. басқа байланыс"},{"$i":"otherConnectionInUseMessage","$v":"Басқа қосылымда белсенді қоңырау бар. Бір уақытта тек бір қосылымды пайдалана аласыз."},{"$i":"GenericFailure","$v":"Негізгі ақаулық"},{"$i":"CallFailed","$v":"Қоңырау орындалмады"},{"$i":"scCallBarring","$v":"Қоңырауға тыйым салу"},{"$i":"scCallForwarding","$v":"Коңырауды бұру"},{"$i":"scClip","$v":"Қоңырау шалушының идентификаторы"},{"$i":"scClir","$v":"Шығыс қоң. шалушы ид."},{"$i":"scPwd","$v":"Кілтсөзді өзгерту"},{"$i":"scCallWaiting","$v":"Қоңырау күтуде"},{"$i":"scPin","$v":"PIN өзгерту"},{"$i":"scPin2","$v":"PIN2 өзгерту"},{"$i":"scPuk","$v":"PIN кодын блоктан шығару"},{"$i":"scPuk2","$v":"PIN2 кодын блоктан шығару"},{"$i":"scImei","$v":"IMEI"},{"$i":"scMeid","$v":"MEID"},{"$i":"scUssd","$v":"USSD"},{"$i":"set-speed-dial","$v":"Тез теру конт. орнату"},{"$i":"empty","$v":"Бос"},{"$i":"voicemail","$v":"Дауыс хаты"},{"$i":"speed-dial","$v":"Тез терілетін нөмір"},{"$i":"add","$v":"Қосу"},{"$i":"replace","$v":"Ауыстыру"},{"$i":"remove-from-speed-dial","$v":"Тез теруден шығару"},{"$i":"custom-dialog-replace-speed-dial","$v":[{"t":"idOrVar","v":"oldSpeedDial"}," тез терілетін нөмірін ",{"t":"idOrVar","v":"newSpeedDial"}," етіп ауыстыру керек пе?"]},{"$i":"custom-dialog-remove-speed-dial","$v":[{"t":"idOrVar","v":"name"}," контактісін тез терілетін нөмірлерден жою керек пе?"]},{"$i":"speed-dial-added","$v":"Тез терілетін нөмір қосылды."},{"$i":"speed-dial-removed","$v":"Тез терілетін нөмір жойылды."},{"$i":"speed-dial-replaced","$v":"Тез терілетін нөмір жаңартылды."},{"$i":"voice-mail","$v":"Дауыстық хат"},{"$i":"voice-mail-number","$v":["Дауыстық пошта нөмірі - SIM ",{"t":"idOrVar","v":"n"}]},{"$i":"voice-mail-number-single","$v":"Дауыстық пошта нөмірі"},{"$i":"voice-mail-number-updated","$v":"Дауыстық пошта нөмірі жаңартылды"},{"$i":"found-duplicates-message","$v":"Келесі контактілерде бірдей ақпарат табылды. Біріктіру керек пе?"},{"$i":"confirm-to-merge-contacts","$v":[{"t":"idOrVar","v":"n"}," контактіні ",{"t":"idOrVar","v":"name"}," біріктіру керек пе?"]},{"$i":"contact-merged","$v":"Контакт біріктірілді"},{"$i":"find-duplicate-contacts","$v":"Қайталанатын контактілерді іздеу"},{"$i":"no-duplicate-contact-found","$v":"Қайталанатын контактілер табылмады"},{"$i":"merge","$v":"Біріктіру"},{"$i":"find-dup","$v":"Қайталанатын контактілерді іздеу"},{"$i":"find-dup-title","$v":"Қайталанатын контактілерді іздеу"},{"$i":"finding-dup-message","$v":"Көшірме контактілерді іздеу..."},{"$i":"dup-found-title","$v":"Бірдей контактілер табылды"},{"$i":"dup-found-message","$v":"Келесі контактілерде қайталанатын ақпарат табылды. Біріктіру керек пе?"},{"$i":"no-dup-found","$v":"Қайталанатындар табылмады"},{"$i":"merge-conflict-warn","$v":["Келесі ақпарат орнына \"",{"t":"idOrVar","v":"name"},"\" жазылады:"]},{"$i":"merge-conflict-confirm","$v":"Контактілерді біріктіру керек пе?"},{"$i":"add-favorite","$v":"Таңдаулы ретінде қосу"},{"$i":"remove-favorite","$v":"Таңдаулылардан жою"},{"$i":"favorite-contacts","$v":"Таңдаулы"},{"$i":"add-block","$v":"Бұл нөмірді бұғаттау"},{"$i":"remove-block","$v":"Бұл нөмірді бұғаттаудан шығару"},{"$i":"add-block-email","$v":"Бұл электрондық поштаны бұғаттау"},{"$i":"remove-block-email","$v":"Бұл электрондық поштаны бұғаттан шығарыңыз"},{"$i":"add-block-contact-warning","$v":"Сіз бұғаттау тізіміндегі адамдардан телефон қоңырауларын, хабарларды алмайсыз."},{"$i":"add-block-email-warning","$v":"Бұл электрондық пошта мекенжайынан хабарларды алмайсыз."},{"$i":"block","$v":"Блоктау"},{"$i":"unblock","$v":"Бұғаттамау"},{"$i":"block-contacts","$v":"Бұғатталған контактілер"},{"$i":"add-block-header","$v":"Бұғатталатын нөмірді қосу"},{"$i":"remove-block-alert","$v":"Бұғатталған контактілерден жойылды."},{"$i":"duplicate-block-number","$v":"Қайталанатын нөмірді қосу мүмкін емес."},{"$i":"sort-contacts","$v":"Контактілерді сұрыптау"},{"$i":"sort-by-first-name","$v":"Аты бойынша сұрыптау"},{"$i":"sort-by-last-name","$v":"Тегі бойынша сұрыптау"},{"$i":"no-support-open-multi-vcard","$v":"Бірнеше контактісі бар vCard ашылмады"},{"$i":"import","$v":"Импорттау"},{"$i":"sdcard","$v":"Жад картасы"},{"$i":"simcard","$v":"SIM картасы"},{"$i":"import-contacts","$v":"Контактілерді импорттау"},{"$i":"simContacts-error","$v":"SIM картасынан контактілерді импорттау мүмкін болмады"},{"$i":"memoryCardContacts-error","$v":"Жад картасынан контактілерді импорттау мүмкін болмады"},{"$i":"novCardFiles","$v":"Жад картасында контакт файлы жоқ."},{"$i":"fullDiskSpace-error","$v":"Жад толы, контактілерді импорттау мүмкін емес."},{"$i":"socialServiceContacts-error","$v":[{"t":"idOrVar","v":"service"}," қызметінен контактілерді импорттау мүмкін емес."]},{"$i":"socialServiceContacts-noNetwork","$v":["Интернет байланысы жоқ, ",{"t":"idOrVar","v":"service"}," қызметінен контактілерді импорттау мүмкін емес."]},{"$i":"simContacts-reading","$v":"SIM карт. конт. оқу…"},{"$i":"memoryCardContacts-reading","$v":"Жад картасынан контактілерді оқу…"},{"$i":"importContactsTitle","$v":"Контактілерді импорттау"},{"$i":"retry","$v":"Қайталау"},{"$i":"noSimMsg","$v":"Контактілерді импорттау үшін SIM картасын салыңыз немесе құлпын ашыңыз"},{"$i":"noSdcardMsg","$v":"Контактілерді импорттау үшін жад картасын салыңыз"},{"$i":"not-imported","$v":"Импортталмады"},{"$i":"imported","$v":"Импортталды"},{"$i":"importing","$v":"Импортталуда"},{"$i":"contact-imported","$v":[{"t":"idOrVar","v":"imported"}," контакт импортталды. ",{"t":"idOrVar","v":"dupes"}," контакт біріктірілді."]},{"$i":"contact-imported2","$v":{"one":"1 контакт импортталды.","zero":"Ешқандай контакт импортталмады.","few":[{"t":"idOrVar","v":"imported"}," контакт импортталды."],"many":[{"t":"idOrVar","v":"imported"}," контакт импортталды."],"other":[{"t":"idOrVar","v":"imported"}," контакт импортталды."],"two":[{"t":"idOrVar","v":"imported"}," контакт импортталды."]},"$x":[{"t":"idOrVar","v":"plural"},"imported"]},{"$i":"reading-contacts-from-sim","$v":"SIM картасынан контактілер оқылуда..."},{"$i":"reading-contacts-from-gmail","$v":"Gmail ішінен контактілер оқылуда..."},{"$i":"reading-contacts-from-live","$v":"Outlook ішінен контактілер оқылуда..."},{"$i":"reading-contacts-from-sd","$v":"Жад картасынан контактілер оқылуда..."},{"$i":"reading-contacts-from-vcard","$v":"Файлдан контактілер оқылуда..."},{"$i":"importing-contacts-from-sim","$v":"SIM картасынан контактілер импортталуда..."},{"$i":"importing-contacts-from-gmail","$v":"Gmail ішінен контактілер импортталуда..."},{"$i":"importing-contacts-from-live","$v":"Outlook ішінен контактілер импортталуда..."},{"$i":"importing-contacts-from-sd","$v":"Жад картасынан контактілер импортталуда..."},{"$i":"importing-contacts-from-vcard","$v":"Файлдан контактілер импортталуда..."},{"$i":"connect-network-to-import","$v":"Контактілерді импорттау үшін Wi-Fi немесе деректер желісіне қосылыңыз"},{"$i":"importing-confirm","$v":[{"t":"idOrVar","v":"fileName"},"\" файлынан ",{"t":"idOrVar","v":"n"}," контактіні импорттау керек пе?"]},{"$i":"importing-cancel-confirm","$v":"0.0"},{"$i":"import-contact-failed","$v":"Контактілерді импорттау сәтсіз аяқталды"},{"$i":"phone-storage-full","$v":"Телефон жады толы."},{"$i":"import-contact-storage-full","$v":"Контактілерді импорттау мүмкін емес. Орынды босату үшін қолданба деректерін жойыңыз."},{"$i":"contact-import-error-disk-full","$v":"Жад толы болғандықтан контактілер импортталмады. Орын босату үшін қолданба деректерін жойыңыз."},{"$i":"contact-import-error-sim-full","$v":"Контактілерді импорттау SIM картасының толы болуына байланысты аяқталмады."},{"$i":"contact-import-error-unknown","$v":"Қатеге байланысты контактілерді импорттау аяқталмады."},{"$i":"import-contacts-canceled","$v":"0.0"},{"$i":"close","$v":"Жабу"},{"$i":"import-process-cancel","$v":"Импорттау тоқтатылды."},{"$i":"import-limit-header","$v":"Файл өлшемінің шегінен асты"},{"$i":"inner-import-limit-content","$v":"Кез келген контактілер файлының өлшемі 10 МБ-дан асады, импортталмады."},{"$i":"activity-import-limit-contact","$v":"Файл өлшемінің шегінен асқандықтан контактілерді импорттау сәтсіз аяқталды."},{"$i":"activity-import-limit-additional","$v":"(Файл өлшемі 10МБ-тан аз болуы керек.)"},{"$i":"bluetooth","$v":"блютуз"},{"$i":"export","$v":"Экспорттау"},{"$i":"export-contacts","$v":"Контактілерді экспорттау"},{"$i":"simExport-title","$v":"SIM картасына экспорттау"},{"$i":"memoryCardExport-title","$v":"Жад картасына экспорттау ..."},{"$i":"btExport-title","$v":"Bluetooth құрылғысына экспорттау"},{"$i":"noSimMsgExport","$v":"Контактілерді экспорттау үшін SIM картасын салыңыз немесе құлпын ашыңыз"},{"$i":"noSdcardExport","$v":"Контактілерді экспорттау үшін жад картасын салыңыз."},{"$i":"bluetoothNoConnection","$v":"Контактілерді экспорттау үшін Bluetooth құрылғысын қосыңыз."},{"$i":"contact-exported","$v":[{"t":"idOrVar","v":"exported"}," контакт экспортталды."]},{"$i":"contact-exported2","$v":{"zero":"Контакті экспортталмады.","one":"1 байланыс экспортталды.","few":[{"t":"idOrVar","v":"exported"}," контакт экспортталды."],"many":[{"t":"idOrVar","v":"exported"}," контакт экспортталды."],"other":[{"t":"idOrVar","v":"exported"}," контакт экспортталды."],"two":[{"t":"idOrVar","v":"exported"}," контакт экспортталды."]},"$x":[{"t":"idOrVar","v":"plural"},"exported"]},{"$i":"export-contact-failed","$v":"Контакт экспортталмады"},{"$i":"contact-export-error-sim-full","$v":"Контактілер экспортталмады, себебі SIM картасы толған."},{"$i":"contact-export-error-sd-full","$v":"Жад картасына байланысты аяқталмаған экспорттау контактілері толы."},{"$i":"contact-export-error-unknown","$v":"Қатеге байланысты контактілерді экспорттау аяқталмады."},{"$i":"contact-export-canceled","$v":"Экспорттаудан бас тартылды."},{"$i":"save","$v":"Сақтау"},{"$i":"back","$v":"Артқа"},{"$i":"givenName","$v":"Аты"},{"$i":"familyName","$v":"Тегі"},{"$i":"name","$v":"Аты"},{"$i":"org","$v":"Компания"},{"$i":"ringtone","$v":"Қоңырау үні"},{"$i":"note","$v":"Жазба"},{"$i":"photo","$v":"Сурет"},{"$i":"email","$v":"Электрондық пошта"},{"$i":"adr","$v":"Мекенжай"},{"$i":"custom","$v":"Реттелетін"},{"$i":"confirm-discard-contact-data","$v":"Контактінің ақпараты жойылады. Бұл контактіні сақтау керек пе?"},{"$i":"confirm-discard-contact-update-data","$v":"Өзгерістер алып тасталады. Осы контактіні сақтағыңыз келе ме?"},{"$i":"discard-contact-data","$v":"Өзгерістер жойылады."},{"$i":"discard","$v":"Бас тарту"},{"$i":"add-others","$v":"Басқаларды қосу"},{"$i":"custom-label","$v":"Пайдаланушы белгісі"},{"$i":"input-the-custom-type","$v":"Реттелетін түрді енгізіңіз"},{"$i":"contact-added","$v":"Контакт қосылды."},{"$i":"delete-prompt-message","$v":[{"t":"idOrVar","v":"field"}," жою керек пе?"]},{"$i":"delete-photo-msg","$v":"сурет"},{"$i":"delete-ringtone-msg","$v":"Қоңырау үні"},{"$i":"delete-bday-msg","$v":"Туған күн"},{"$i":"delete-note-msg","$v":"Жазба"},{"$i":"delete-org-msg","$v":"Компания"},{"$i":"personal","$v":"Жеке"},{"$i":"mobile","$v":"Мобильді"},{"$i":"current","$v":"Ағымдағы"},{"$i":"home","$v":"Үй"},{"$i":"work","$v":"Жұмыс"},{"$i":"other","$v":"Басқа"},{"$i":"fax-home","$v":"Үй факсы"},{"$i":"fax-office","$v":"Кеңсе факсы"},{"$i":"fax-other","$v":"Басқа факс"},{"$i":"add-phone","$v":"Телефонды қосу"},{"$i":"add-tel","$v":"Телефонды қосу"},{"$i":"add-email","$v":"Эл. поштаны қосу"},{"$i":"add-ringtone","$v":"Қоңырау үнін қосу"},{"$i":"add-adr","$v":"Мекенжай қосу"},{"$i":"add-bday","$v":"Туған күнді қосу"},{"$i":"add-photo","$v":"Сурет қосу"},{"$i":"add-note","$v":"Жазба қосу"},{"$i":"add-org","$v":"Компания қосу"},{"$i":"add-tel-number","$v":"Телефон нөмірін қосу"},{"$i":"delete-tel","$v":"Телефон нөмірін жою"},{"$i":"delete-email","$v":"Электрондық поштаны жою"},{"$i":"delete-ringtone","$v":"Қоңырау үнін жою"},{"$i":"delete-adr","$v":"Мекенжайды жою"},{"$i":"delete-bday","$v":"Туған күнді жою"},{"$i":"delete-photo","$v":"Суретті жою"},{"$i":"delete-note","$v":"Жазбаны жою"},{"$i":"delete-org","$v":"Компанияны жою"},{"$i":"edit-tel-type","$v":"Телефон түрін өзгерту"},{"$i":"edit-email-type","$v":"Электрондық поштаның түрін өзгерту"},{"$i":"edit-adr-type","$v":"Мекенжай түрін өзгерту"},{"$i":"edit-bday-type","$v":"Туған күнді өзгерту"},{"$i":"replace-photo","$v":"Фотосуретті өзгерту"},{"$i":"replace-ringtone","$v":"Қоңырау үнін өзгерту"},{"$i":"mobile-tel","$v":"Мобильді телефон"},{"$i":"home-tel","$v":"Үй телефоны"},{"$i":"work-tel","$v":"Жұмыс телефоны"},{"$i":"personal-tel","$v":"Жеке телефон"},{"$i":"fax-home-tel","$v":"Үй факсы"},{"$i":"fax-office-tel","$v":"Кеңсе факсы"},{"$i":"fax-other-tel","$v":"Басқа факс"},{"$i":"other-tel","$v":"Басқа телефон"},{"$i":"personal-email","$v":"Жеке электронды пошта"},{"$i":"work-email","$v":"Жұмыс электрондық поштасы"},{"$i":"other-email","$v":"Басқа электрондық пошталар"},{"$i":"custom-email","$v":[{"t":"idOrVar","v":"type"}," электрондық поштасы"]},{"$i":"custom-tel","$v":[{"t":"idOrVar","v":"type"}," телефон"]},{"$i":"personal-adr","$v":"Жеке мекенжай"},{"$i":"current-adr","$v":"Ағымдағы мекенжай"},{"$i":"home-adr","$v":"Үй мекенжайы"},{"$i":"work-adr","$v":"Жұмыс мекенжайы"},{"$i":"custom-adr","$v":[{"t":"idOrVar","v":"type"}," мекенжай"]},{"$i":"bday","$v":"Туған күн"},{"$i":"birthday","$v":"Туған күн"},{"$i":"streetAddress","$v":"Көше"},{"$i":"locality","$v":"Қала"},{"$i":"postalCode","$v":"Пошта индексі"},{"$i":"countryName","$v":"Ел"},{"$i":"region","$v":"Аймақ"},{"$i":"no-name","$v":"Аты жоқ"},{"$i":"new-contact","$v":"Жаңа контакт"},{"$i":"options","$v":"Опциялар"},{"$i":"cancel","$v":"Бас тарту"},{"$i":"settings","$v":"Параметрлер"},{"$i":"edit","$v":"Өзгерту"},{"$i":"share","$v":"Бөлісу"},{"$i":"remove","$v":"Жою"},{"$i":"compose","$v":"Жасау"},{"$i":"new-contact-title","$v":"Жаңа контакт"},{"$i":"edit-title","$v":"Контактіні өзгерту"},{"$i":"music","$v":"Музыка"},{"$i":"adr-type","$v":"Мекенжай түрі"},{"$i":"email-type","$v":"Электрондық пошта түрі"},{"$i":"tel-type","$v":"Телефон түрі"},{"$i":"ICEContactsGroup","$v":"ICE контактілері"},{"$i":"setICEButton","$v":"ICE контактілерін орнату"},{"$i":"ICESettingTitle","$v":"ICE контактілері"},{"$i":"ICEDescription","$v":"Төтенше жағдайда\" қоңырауларын шалу үшін бес контакт қосыңыз."},{"$i":"ICEContact","$v":["ICE контакті ",{"t":"idOrVar","v":"n"}]},{"$i":"ICESelectContact","$v":"Контакт таңдау"},{"$i":"delete-ice-contact-warning","$v":"ICE контактісін жою керек пе?"},{"$i":"confirm","$v":"Растау"},{"$i":"add-ice-failed","$v":"ICE қосу сәтсіз аяқталды"},{"$i":"create-group","$v":"Топ жасау"},{"$i":"group-name","$v":"Топ атауы"},{"$i":"group","$v":"ТОП"},{"$i":"new-group-created","$v":"Жаңа топ құрылды."},{"$i":"create-group-failed","$v":"Топты құру сәтсіз аяқталды."},{"$i":"create-group-too-many","$v":["Сіз тек ",{"t":"idOrVar","v":"number"}," топты жасай аласыз."]},{"$i":"create-group-duplicate","$v":"Көшірме атауы."},{"$i":"rename-group-failed","$v":"Топты қайта атау сәтсіз аяқталды."},{"$i":"new-group","$v":"Жаңа"},{"$i":"rename","$v":"Атын өзгерту"},{"$i":"duplicate-removed","$v":"Қайталанатын контакт(ілер) жойылды."},{"$i":"add-to-group","$v":"Топқа қосу"},{"$i":"remove-from-group","$v":"Топтан жою"},{"$i":"added-to","$v":[{"t":"idOrVar","v":"Group"}," ішіне қосылды"]},{"$i":"removed-from","$v":[{"t":"idOrVar","v":"Group"}," ішінен жойылды"]},{"$i":"select-group","$v":"Топты таңдаңыз"},{"$i":"rename-group","$v":"Топты қайта атаңыз"},{"$i":"delete-group","$v":[{"t":"idOrVar","v":"group"}," жою керек пе?"]},{"$i":"unable-add-warn","$v":"Есептік жазбаның контактісін топқа қосу мүмкін емес."},{"$i":"edit-contact","$v":"Контактіні өзгерту"},{"$i":"send-message","$v":"Хабар жіберу"},{"$i":"call","$v":"Қоңырау"},{"$i":"call-sim-1","$v":"Қоңырау — SIM 1"},{"$i":"call-sim-2","$v":"Қоңырау — SIM 2"},{"$i":"send-email","$v":"Электрондық хат жіберу"},{"$i":"choose-number","$v":"Нөмірді таңдаңыз"},{"$i":"choose-email-address","$v":"Эл. пошта таңдау"},{"$i":"delete","$v":"Жою"},{"$i":"select","$v":"Таңдау"},{"$i":"select-all","$v":"Барлығын таңдау"},{"$i":"select-all2","$v":"Барлығы"},{"$i":"deselect-all","$v":"Барлығынан таңдауды алу"},{"$i":"deselect-all2","$v":"Жоқ"},{"$i":"deselect","$v":"Таңдауды алу"},{"$i":"selected-contacts","$v":{"few":[{"t":"idOrVar","v":"n"}," таңдалды"],"many":[{"t":"idOrVar","v":"n"}," таңдалды"],"one":[{"t":"idOrVar","v":"n"}," таңдалды"],"other":[{"t":"idOrVar","v":"n"}," таңдалды"],"two":[{"t":"idOrVar","v":"n"}," таңдалды"],"zero":[{"t":"idOrVar","v":"n"}," таңдалды"]},"$x":[{"t":"idOrVar","v":"plural"},"n"]},{"$i":"massive-delete","$v":"Контактілерді жою"},{"$i":"confirm-contact-delete","$v":[{"t":"idOrVar","v":"name"},"\" контактісін жою керек пе?"]},{"$i":"DeletedTxt","$v":{"few":[{"t":"idOrVar","v":"n"}," контакт шығарылды"],"many":[{"t":"idOrVar","v":"n"}," контакт шығарылды"],"one":"1 контакт шығарылды","other":[{"t":"idOrVar","v":"n"}," контакт шығарылды"],"two":[{"t":"idOrVar","v":"n"}," контакт шығарылды"],"zero":"Жою үшін контакт жоқ"},"$x":[{"t":"idOrVar","v":"plural"},"n"]},{"$i":"DeletingContacts","$v":"Контактілерді жою"},{"$i":"DeletingContactsProgressing","$v":"Контактілер жойылуда"},{"$i":"ContactConfirmDel","$v":{"few":[{"t":"idOrVar","v":"n"}," контактіні жою керек пе? Бұл әрекетті кері қайтаруға болмайды."],"many":[{"t":"idOrVar","v":"n"}," контактіні жою керек пе? Бұл әрекетті кері қайтаруға болмайды."],"one":"1 контактіні жою керек пе? Бұл әрекетті кері қайтаруға болмайды.","other":[{"t":"idOrVar","v":"n"}," контактіні жою керек пе? Бұл әрекетті кері қайтаруға болмайды."],"two":[{"t":"idOrVar","v":"n"}," контактіні жою керек пе? Бұл әрекетті кері қайтаруға болмайды."],"zero":"Жою үшін контакт жоқ"},"$x":[{"t":"idOrVar","v":"plural"},"n"]},{"$i":"contact-deleted","$v":{"zero":"0.0","one":"1 контакт жойылды.","few":[{"t":"idOrVar","v":"n"}," контакт жойылды."],"many":[{"t":"idOrVar","v":"n"}," контакт жойылды."],"other":[{"t":"idOrVar","v":"n"}," контакт жойылды."],"two":[{"t":"idOrVar","v":"n"}," контакт жойылды."]},"$x":[{"t":"idOrVar","v":"plural"},"n"]},{"$i":"a-contact-deleted","$v":"Контакт жойылды."},{"$i":"settings-title","$v":"Контакт параметрлері"},{"$i":"change-will-update-until-restart","$v":"Контактілер іске қосылғанда өзгертулер жаңартылады."},{"$i":"transfer-contacts","$v":"Конт. тасым."},{"$i":"service-number","$v":"Қызм. нөмір"},{"$i":"no-contacts-found","$v":"Сәйкестік табылмады."},{"$i":"search","$v":"Контактілерді іздеу","placeholder":"Контактілерді іздеу"},{"$i":"search-option","$v":"Іздеу"},{"$i":"accounts","$v":"Есептік жазбалар"},{"$i":"account","$v":"Есептік жазба"},{"$i":"add-account","$v":"Есептік жазба қосу"},{"$i":"add-account-failed","$v":"Белгісіз қате пайда болды, кейінірек қайталап көріңіз."},{"$i":"duplicate-account-warn","$v":"Есептік жазба бұрыннан бар. Синхрондау қосылған."},{"$i":"setting-up-account","$v":"Есептік жазбаны реттеу"},{"$i":"no-network-warn","$v":"Интернет байланысы жоқ."},{"$i":"username","$v":"Пайдаланушы аты"},{"$i":"password","$v":"Кілтсөз"},{"$i":"delete-account","$v":"Есептік жазбаны жою"},{"$i":"delete-account-long","$v":"Тіркелгіні жою"},{"$i":"delete-account-warn","$v":"Осы тіркелгіні жойсаңыз, бұл тіркелгіні пайдаланатын қолданбаларға да әсер етіледі."},{"$i":"deleting-account","$v":"Есептік жазба жойылуда ..."},{"$i":"delete-account-failed","$v":"Тіркелгі жойылмады, әрекетті кейінірек қайталаңыз."},{"$i":"delete-account-ok","$v":"Тіркелгі жойылды."},{"$i":"sync","$v":"Синхрондау"},{"$i":"sync-title","$v":"Контактілерді синхрондау"},{"$i":"sync-failed-warn","$v":"Синхрондау сәтсіз аяқталды."},{"$i":"sync-off-warn","$v":"Синхрондау Параметрлерде өшірілген."},{"$i":"show-account-contacts","$v":"Тіркелгі контактілерін көрсету"},{"$i":"sync-account-contacts","$v":"тіркелгі контактілерін синхрондау"},{"$i":"sync-account-contacts-warning","$v":[{"t":"idOrVar","v":"switch"},"\" құсбелгісі қойылмаған болса, есептік жазба контактісін кез келген өңдеу бұлтпен синхрондалмайды, бұл құсбелгіні бәрібір алғыңыз келе ме?          "]},{"$i":"yes","$v":"Иә"},{"$i":"all-contacts-synced","$v":"Барлық контактілер синхрондалған."},{"$i":"contact-syncing","$v":"Контактілерді синхрондау ..."},{"$i":"contacts-sync-limit-exceed","$v":"Контактілер шегінен асып кеткендіктен контактілерді синхрондау толық орындалмады."},{"$i":"show-password","$v":"Кілтсөзді көрсету"},{"$i":"password-incorrect","$v":"Кілтсөз дұрыс емес."},{"$i":"re-enter-password","$v":"Құпия сөзді қайтадан енгізіңіз"},{"$i":"accessing-warn","$v":"Есептік жазбаға кіру кезінде проблема пайда болды."},{"$i":"accessing-warn-password","$v":"Кілтсөзді қайта енгізіңіз."},{"$i":"re-enter-password-on-setting","$v":"Контактілер параметрінде құпия сөзді қайта енгізіңіз."},{"$i":"accessing-warn-relogin","$v":"Есептік жазбаны жойып, қайта кіріңіз."},{"$i":"update-password-failed","$v":"Құпиясөз жаңартылмады, әрекетті кейінірек қайталаңыз."},{"$i":"connect-time-out","$v":[{"t":"idOrVar","v":"server"},"\" серверімен байланыс орнату мүмкін емес. Желіде проблема болуы мүмкін."]},{"$i":"server-error","$v":"Сервер қолжетімді емес. Кейінірек қайталаңыз."},{"$i":"loading","$v":"Жүктелуде…"},{"$i":"ellipsis","$v":"..."},{"$i":"stop-syncing-warn-title","$v":"Контактілерді синхрондау"},{"$i":"stop-syncing-warn","$v":"Бағдарламаны жабу контактілерді синхрондау процесін тоқтатады. Сіз оны әлі де жапқыңыз келе ме?"},{"$i":"weekday-0-long","$v":"Жексенбі"},{"$i":"weekday-1-long","$v":"Дүйсенбі"},{"$i":"weekday-2-long","$v":"Сейсенбі"},{"$i":"weekday-3-long","$v":"Сәрсенбі"},{"$i":"weekday-4-long","$v":"Бейсенбі"},{"$i":"weekday-5-long","$v":"Жұма"},{"$i":"weekday-6-long","$v":"Сенбі"},{"$i":"weekday-0-short","$v":"Жс"},{"$i":"weekday-1-short","$v":"Дс"},{"$i":"weekday-2-short","$v":"Сс"},{"$i":"weekday-3-short","$v":"Ср"},{"$i":"weekday-4-short","$v":"Бс"},{"$i":"weekday-5-short","$v":"Жм"},{"$i":"weekday-6-short","$v":"Сб"},{"$i":"month-0-long","$v":"Қаңтар"},{"$i":"month-1-long","$v":"Ақпан"},{"$i":"month-2-long","$v":"Наурыз"},{"$i":"month-3-long","$v":"Сәуір"},{"$i":"month-4-long","$v":"Мамыр"},{"$i":"month-5-long","$v":"Маусым"},{"$i":"month-6-long","$v":"Шілде"},{"$i":"month-7-long","$v":"Тамыз"},{"$i":"month-8-long","$v":"Қыркүйек"},{"$i":"month-9-long","$v":"Қазан"},{"$i":"month-10-long","$v":"Қараша"},{"$i":"month-11-long","$v":"Желтоқсан"},{"$i":"month-0-genitive","$v":"Қаңтар"},{"$i":"month-1-genitive","$v":"Ақпан"},{"$i":"month-2-genitive","$v":"Наурыз"},{"$i":"month-3-genitive","$v":"Сәуір"},{"$i":"month-4-genitive","$v":"Мам"},{"$i":"month-5-genitive","$v":"Маусым"},{"$i":"month-6-genitive","$v":"Шілде"},{"$i":"month-7-genitive","$v":"Тамыз"},{"$i":"month-8-genitive","$v":"Қыркүйек"},{"$i":"month-9-genitive","$v":"Қазан"},{"$i":"month-10-genitive","$v":"Қараша"},{"$i":"month-11-genitive","$v":"Желтоқсан"},{"$i":"month-0-short","$v":"Қаң"},{"$i":"month-1-short","$v":"Ақп"},{"$i":"month-2-short","$v":"Нау"},{"$i":"month-3-short","$v":"Сәу"},{"$i":"month-4-short","$v":"Мам"},{"$i":"month-5-short","$v":"Мау"},{"$i":"month-6-short","$v":"Шілде"},{"$i":"month-7-short","$v":"Там"},{"$i":"month-8-short","$v":"Қыр"},{"$i":"month-9-short","$v":"Қаз"},{"$i":"month-10-short","$v":"Қар"},{"$i":"month-11-short","$v":"Жел"},{"$i":"minutes-ago-long","$v":{"few":[{"t":"idOrVar","v":"value"}," минут бұрын"],"many":[{"t":"idOrVar","v":"value"}," минут бұрын"],"other":[{"t":"idOrVar","v":"value"}," минут бұрын"],"two":[{"t":"idOrVar","v":"value"}," минут бұрын"],"one":"бір минут бұрын","zero":"қазір ғана"},"$x":[{"t":"idOrVar","v":"plural"},"value"]},{"$i":"hours-ago-long","$v":{"few":[{"t":"idOrVar","v":"value"}," сағат бұрын"],"many":[{"t":"idOrVar","v":"value"}," сағат бұрын"],"other":[{"t":"idOrVar","v":"value"}," сағат бұрын"],"two":[{"t":"idOrVar","v":"value"}," сағат бұрын"],"one":"1 сағат бұрын","zero":"қазір ғана"},"$x":[{"t":"idOrVar","v":"plural"},"value"]},{"$i":"days-ago-long","$v":{"few":[{"t":"idOrVar","v":"value"}," күн бұрын"],"many":[{"t":"idOrVar","v":"value"}," күн бұрын"],"one":"кеше","other":[{"t":"idOrVar","v":"value"}," күн бұрын"],"two":[{"t":"idOrVar","v":"value"}," күн бұрын"],"zero":"бүгін"},"$x":[{"t":"idOrVar","v":"plural"},"value"]},{"$i":"weeks-ago-long","$v":{"few":[{"t":"idOrVar","v":"value"}," апта бұрын"],"many":[{"t":"idOrVar","v":"value"}," апта бұрын"],"one":"өткен апта","other":[{"t":"idOrVar","v":"value"}," апта бұрын"],"two":[{"t":"idOrVar","v":"value"}," апта бұрын"],"zero":"осы апта"},"$x":[{"t":"idOrVar","v":"plural"},"value"]},{"$i":"months-ago-long","$v":{"few":[{"t":"idOrVar","v":"value"}," ай бұрын"],"many":[{"t":"idOrVar","v":"value"}," ай бұрын"],"one":"өткен ай","other":[{"t":"idOrVar","v":"value"}," ай бұрын"],"two":[{"t":"idOrVar","v":"value"}," ай бұрын"],"zero":"осы ай"},"$x":[{"t":"idOrVar","v":"plural"},"value"]},{"$i":"years-ago-long","$v":{"few":[{"t":"idOrVar","v":"value"}," жыл бұрын"],"many":[{"t":"idOrVar","v":"value"}," жыл бұрын"],"one":"өткен жыл","other":[{"t":"idOrVar","v":"value"}," жыл бұрын"],"two":[{"t":"idOrVar","v":"value"}," жыл бұрын"],"zero":"осы жыл"},"$x":[{"t":"idOrVar","v":"plural"},"value"]},{"$i":"minutes-until-long","$v":{"few":[{"t":"idOrVar","v":"value"}," минутта"],"many":[{"t":"idOrVar","v":"value"}," минутта"],"other":[{"t":"idOrVar","v":"value"}," минутта"],"two":[{"t":"idOrVar","v":"value"}," минутта"],"zero":"қазір","one":"1 минут ішінде"},"$x":[{"t":"idOrVar","v":"plural"},"value"]},{"$i":"hours-until-long","$v":{"few":[{"t":"idOrVar","v":"value"}," сағатта"],"many":[{"t":"idOrVar","v":"value"}," сағатта"],"other":[{"t":"idOrVar","v":"value"}," сағатта"],"two":[{"t":"idOrVar","v":"value"}," сағатта"],"zero":"қазір","one":"1 сағатта"},"$x":[{"t":"idOrVar","v":"plural"},"value"]},{"$i":"days-until-long","$v":{"few":[{"t":"idOrVar","v":"value"}," күнде"],"many":[{"t":"idOrVar","v":"value"}," күнде"],"one":"ертең","other":[{"t":"idOrVar","v":"value"}," күнде"],"two":[{"t":"idOrVar","v":"value"}," күнде"],"zero":"бүгін"},"$x":[{"t":"idOrVar","v":"plural"},"value"]},{"$i":"weeks-until-long","$v":{"few":[{"t":"idOrVar","v":"value"}," аптада"],"many":[{"t":"idOrVar","v":"value"}," аптада"],"one":"келесі апта","other":[{"t":"idOrVar","v":"value"}," аптада"],"two":[{"t":"idOrVar","v":"value"}," аптада"],"zero":"осы апта"},"$x":[{"t":"idOrVar","v":"plural"},"value"]},{"$i":"months-until-long","$v":{"few":[{"t":"idOrVar","v":"value"}," айда"],"many":[{"t":"idOrVar","v":"value"}," айда"],"one":"келесі ай","other":[{"t":"idOrVar","v":"value"}," айда"],"two":[{"t":"idOrVar","v":"value"}," айда"],"zero":"осы ай"},"$x":[{"t":"idOrVar","v":"plural"},"value"]},{"$i":"years-until-long","$v":{"few":[{"t":"idOrVar","v":"value"}," жылда"],"many":[{"t":"idOrVar","v":"value"}," жылда"],"one":"келесі жыл","other":[{"t":"idOrVar","v":"value"}," жылда"],"two":[{"t":"idOrVar","v":"value"}," жылда"],"zero":"осы жыл"},"$x":[{"t":"idOrVar","v":"plural"},"value"]},{"$i":"minutes-ago-short","$v":{"other":[{"t":"idOrVar","v":"value"}," минут бұрын"],"zero":"қазір ғана"},"$x":[{"t":"idOrVar","v":"plural"},"value"]},{"$i":"hours-ago-short","$v":{"other":[{"t":"idOrVar","v":"value"}," сағат бұрын"],"zero":"қазір ғана"},"$x":[{"t":"idOrVar","v":"plural"},"value"]},{"$i":"days-ago-short","$v":{"other":[{"t":"idOrVar","v":"value"}," күн бұрын"],"zero":"бүгін"},"$x":[{"t":"idOrVar","v":"plural"},"value"]},{"$i":"minutes-until-short","$v":{"other":[{"t":"idOrVar","v":"value"}," минутта"],"zero":"қазір"},"$x":[{"t":"idOrVar","v":"plural"},"value"]},{"$i":"hours-until-short","$v":{"other":[{"t":"idOrVar","v":"value"}," сағатта"],"zero":"қазір"},"$x":[{"t":"idOrVar","v":"plural"},"value"]},{"$i":"days-until-short","$v":{"other":[{"t":"idOrVar","v":"value"}," күнде"],"zero":"бүгін"},"$x":[{"t":"idOrVar","v":"plural"},"value"]},{"$i":"incorrectDate","$v":"(дұрыс емес күн)"},{"$i":"dateTimeFormat_%c","$v":"%a %b %e %Y %I:%M:%S %p"},{"$i":"dateTimeFormat_%x","$v":"%m/%d/%Y"},{"$i":"dateTimeFormat_%X","$v":"%I:%M:%S %p"},{"$i":"shortTimeFormat","$v":"%I:%M %p"},{"$i":"shortTimeFormat12","$v":"%I:%M %p"},{"$i":"shortTimeFormat24","$v":"%H:%M"},{"$i":"shortDateTimeFormat","$v":"%x %I:%M %p"},{"$i":"weekStartsOnMonday","$v":"0.0"},{"$i":"firstDayOfTheWeek","$v":"1.0"},{"$i":"time_am","$v":"ТД"},{"$i":"time_pm","$v":"түстен кейін"},{"$i":"sim-with-index-and-carrier","$v":["SIM ",{"t":"idOrVar","v":"index"}," - ",{"t":"idOrVar","v":"carrier"}]},{"$i":"sim-without-carrier","$v":["SIM ",{"t":"idOrVar","v":"index"}]}]