[{"$i":"contacts","$v":"ទំនាក់ទំនង"},{"$i":"view","$v":"មើល"},{"$i":"no-contacts","$v":"គ្មានទំនាក់ទំនង។"},{"$i":"reading-contacts","$v":"កំពុង​ស្រង់​ទំនាក់ទំនង"},{"$i":"start-adding","$v":"ចុចថ្មីឬចូលទៅកាន់ការកំណត់ដើម្បីបន្ថែមទំនាក់ទំនង។"},{"$i":"no-contact-available","$v":"គ្មាន​ទំនាក់ទំនង​ដែល​អាច​រក​បាន​ទេ"},{"$i":"requested-contact-not-available","$v":"ព័ត៌មានដែលបានស្នើមិនមាននៅលើទំនាក់ទំនងដែលមានស្រាប់។"},{"$i":"cannot-add-as-empty","$v":"មិន​អាច​បន្ថែម​ចូល​ទំនាក់ទំនង​បាន​ទេ ដោយសារ​បញ្ជី​ទំនាក់ទំនង​ទទេ"},{"$i":"ok","$v":"យល់​ព្រម"},{"$i":"no-phone-number-to-dial","$v":"គ្មាន​លេខ​ទូរសព្ទ​ត្រូវ​ហៅ​ទេ"},{"$i":"video-call","$v":"ហៅ​វីដេអូ"},{"$i":"rtt-call","$v":"ការហៅ RTT"},{"$i":"select-a-contact","$v":"ជ្រើស​ទំនាក់ទំនង"},{"$i":"multi-pick-max-warn","$v":["អតិប្បរិមាការរាប់ដែលត្រូវបានជ្រើសរើសគឺ ",{"t":"idOrVar","v":"n"}]},{"$i":"add-contact-failed","$v":"ការបន្ថែម​ទំនាក់ទំនង​មិន​បាន​សម្រេច"},{"$i":"no-sim-card-available","$v":"គ្មាន​ស៊ីម​កាត"},{"$i":"email-cannot-add-to-sim","$v":"អ៊ីមែលមិនត្រូវបានគាំទ្រដោយការជ្រើសរើសមេម៉ូរីបច្ចុប្បន្នទេ។"},{"$i":"add-info-failed","$v":"ព័ត៌មានបន្ថែមបរាជ័យ"},{"$i":"no-contact-to-add","$v":"មិនមានទំនាក់ទំនងដើម្បីបន្ថែម។"},{"$i":"move","$v":"ផ្លាស់​ទី"},{"$i":"copy","$v":"ចម្លង"},{"$i":"copy-contacts","$v":"ចម្លងទំនាក់ទំនង"},{"$i":"move-contacts","$v":"ផ្លាស់​ទី​ទំនាក់ទំនង"},{"$i":"phone-memory","$v":"អង្គ​ចងចាំ​ទូរសព្ទ"},{"$i":"sim-memory","$v":"អង្គ​ចងចាំ​ស៊ីម"},{"$i":"sim-0-memory","$v":"អង្គ​ចងចាំ​ស៊ីម 1"},{"$i":"sim-1-memory","$v":"អង្គ​ចងចាំ​ស៊ីម 2"},{"$i":"move-from","$v":"ផ្លាស់​ទី​ពី"},{"$i":"copy-from","$v":"ចម្លង​ពី"},{"$i":"to","$v":"ទៅ"},{"$i":"move-contacts-progressing","$v":"កំពុង​ផ្លាស់​ទី​ទំនាក់ទំនង..."},{"$i":"copy-contacts-progressing","$v":"កំពុង​ចម្លង​ទំនាក់ទំនង..."},{"$i":"contact-move-to-sim","$v":{"few":["បាន​ផ្លាស់​ទី​ទំនាក់ទំនង ",{"t":"idOrVar","v":"migrated"}," ចូល​ស៊ីម។"],"many":["បាន​ផ្លាស់​ទី​ទំនាក់ទំនង ",{"t":"idOrVar","v":"migrated"}," ចូល​ស៊ីម។"],"one":"បាន​ផ្លាស់​ទី​ទំនាក់ទំនង 1 ចូល​ស៊ីម។","other":["បាន​ផ្លាស់​ទី​ទំនាក់ទំនង ",{"t":"idOrVar","v":"migrated"}," ចូល​ស៊ីម។"],"two":["បាន​ផ្លាស់​ទី​ទំនាក់ទំនង ",{"t":"idOrVar","v":"migrated"}," ចូល​ស៊ីម។"],"zero":"មិន​បាន​ផ្លាស់​ទី​ទំនាក់ទំនង​ណា​មួយ​ចូល​ស៊ីម​ទេ។"},"$x":[{"t":"idOrVar","v":"plural"},"migrated"]},{"$i":"contact-copy-to-sim","$v":{"few":["បាន​ចម្លង​ទំនាក់ទំនង ",{"t":"idOrVar","v":"migrated"}," ចូល​ស៊ីម។"],"many":["បាន​ចម្លង​ទំនាក់ទំនង ",{"t":"idOrVar","v":"migrated"}," ចូល​ស៊ីម។"],"one":"បាន​ចម្លង​ទំនាក់ទំនង 1 ចូល​ស៊ីម។","other":["បាន​ចម្លង​ទំនាក់ទំនង ",{"t":"idOrVar","v":"migrated"}," ចូល​ស៊ីម។"],"two":["បាន​ចម្លង​ទំនាក់ទំនង ",{"t":"idOrVar","v":"migrated"}," ចូល​ស៊ីម។"],"zero":"មិន​បាន​ចម្លង​ទំនាក់ទំនង​ណា​មួយ​ចូល​ស៊ីម​ទេ។"},"$x":[{"t":"idOrVar","v":"plural"},"migrated"]},{"$i":"contact-move-to-sim0","$v":{"few":["បាន​ផ្លាស់​ទី​ទំនាក់ទំនង ",{"t":"idOrVar","v":"migrated"}," ចូល​ស៊ីម​លេខ 1។"],"many":["បាន​ផ្លាស់​ទី​ទំនាក់ទំនង ",{"t":"idOrVar","v":"migrated"}," ចូល​ស៊ីម​លេខ 1។"],"one":"បាន​ផ្លាស់​ទី​ទំនាក់ទំនង 1 ចូល​ស៊ីម​លេខ 1។","other":["បាន​ផ្លាស់​ទី​ទំនាក់ទំនង ",{"t":"idOrVar","v":"migrated"}," ចូល​ស៊ីម​លេខ 1។"],"two":["បាន​ផ្លាស់​ទី​ទំនាក់ទំនង ",{"t":"idOrVar","v":"migrated"}," ចូល​ស៊ីម​លេខ 1។"],"zero":"មិន​បាន​ផ្លាស់​ទី​ទំនាក់ទំនង​ណា​មួយ​ចូល​ស៊ីម​លេខ 1 ទេ។"},"$x":[{"t":"idOrVar","v":"plural"},"migrated"]},{"$i":"contact-copy-to-sim0","$v":{"few":["បាន​ចម្លង​ទំនាក់ទំនង ",{"t":"idOrVar","v":"migrated"}," ចូល​ស៊ីម​លេខ 1។"],"many":["បាន​ចម្លង​ទំនាក់ទំនង ",{"t":"idOrVar","v":"migrated"}," ចូល​ស៊ីម​លេខ 1។"],"one":"បាន​ចម្លង​ទំនាក់ទំនង 1 ចូល​ស៊ីម​លេខ 1។","other":["បាន​ចម្លង​ទំនាក់ទំនង ",{"t":"idOrVar","v":"migrated"}," ចូល​ស៊ីម​លេខ 1។"],"two":["បាន​ចម្លង​ទំនាក់ទំនង ",{"t":"idOrVar","v":"migrated"}," ចូល​ស៊ីម​លេខ 1។"],"zero":"មិន​បាន​ចម្លង​ទំនាក់ទំនង​ណា​មួយ​ចូល​ស៊ីម​លេខ 1 ទេ។"},"$x":[{"t":"idOrVar","v":"plural"},"migrated"]},{"$i":"contact-move-to-sim1","$v":{"few":["បាន​ផ្លាស់​ទី​ទំនាក់ទំនង ",{"t":"idOrVar","v":"migrated"}," ចូល​ស៊ីម​លេខ 2។"],"many":["បាន​ផ្លាស់​ទី​ទំនាក់ទំនង ",{"t":"idOrVar","v":"migrated"}," ចូល​ស៊ីម​លេខ 2។"],"one":"បាន​ផ្លាស់​ទី​ទំនាក់ទំនង 1 ចូល​ស៊ីម​លេខ 2។","other":["បាន​ផ្លាស់​ទី​ទំនាក់ទំនង ",{"t":"idOrVar","v":"migrated"}," ចូល​ស៊ីម​លេខ 2។"],"two":["បាន​ផ្លាស់​ទី​ទំនាក់ទំនង ",{"t":"idOrVar","v":"migrated"}," ចូល​ស៊ីម​លេខ 2។"],"zero":"មិន​បាន​ផ្លាស់​ទី​ទំនាក់ទំនង​ណា​មួយ​ចូល​ស៊ីម​លេខ 2 ទេ។"},"$x":[{"t":"idOrVar","v":"plural"},"migrated"]},{"$i":"contact-copy-to-sim1","$v":{"few":["បាន​ចម្លង​ទំនាក់ទំនង ",{"t":"idOrVar","v":"migrated"}," ចូល​ស៊ីម​លេខ 2។"],"many":["បាន​ចម្លង​ទំនាក់ទំនង ",{"t":"idOrVar","v":"migrated"}," ចូល​ស៊ីម​លេខ 2។"],"one":"បាន​ចម្លង​ទំនាក់ទំនង 1 ចូល​ស៊ីម​លេខ 2។","other":["បាន​ចម្លង​ទំនាក់ទំនង ",{"t":"idOrVar","v":"migrated"}," ចូល​ស៊ីម​លេខ 2។"],"two":["បាន​ចម្លង​ទំនាក់ទំនង ",{"t":"idOrVar","v":"migrated"}," ចូល​ស៊ីម​លេខ 2។"],"zero":"មិន​បាន​ចម្លង​ទំនាក់ទំនង​ណា​មួយ​ចូល​ស៊ីម​លេខ 2 ទេ។"},"$x":[{"t":"idOrVar","v":"plural"},"migrated"]},{"$i":"contact-move-to-device","$v":{"one":"ទំនាក់ទំនង ១ ត្រូវបានប្តូរទៅទូរស័ព្ទ។","zero":"មិនមានការផ្លាស់ប្តូរទំនាក់ទំនងទៅទូរស័ព្ទទេ។","few":["បាន​បញ្ចូលទំនាក់ទំនង ",{"t":"idOrVar","v":"migrated"}," ចូល​ទូរសព្ទ។"],"many":["បាន​បញ្ចូលទំនាក់ទំនង ",{"t":"idOrVar","v":"migrated"}," ចូល​ទូរសព្ទ។"],"other":["បាន​បញ្ចូលទំនាក់ទំនង ",{"t":"idOrVar","v":"migrated"}," ចូល​ទូរសព្ទ។"],"two":["បាន​បញ្ចូលទំនាក់ទំនង ",{"t":"idOrVar","v":"migrated"}," ចូល​ទូរសព្ទ។"]},"$x":[{"t":"idOrVar","v":"plural"},"migrated"]},{"$i":"contact-copy-to-device","$v":{"one":"បានចម្លងទំនាក់ទំនងមួយទៅទូរស័ព្ទ។","zero":"មិនបានចម្លងទំនាក់ទំនងទៅទូរស័ព្ទទេ។","few":["បាន​ចម្លង​ទំនាក់ទំនង ",{"t":"idOrVar","v":"migrated"}," ចូល​ទូរសព្ទ។"],"many":["បាន​ចម្លង​ទំនាក់ទំនង ",{"t":"idOrVar","v":"migrated"}," ចូល​ទូរសព្ទ។"],"other":["បាន​ចម្លង​ទំនាក់ទំនង ",{"t":"idOrVar","v":"migrated"}," ចូល​ទូរសព្ទ។"],"two":["បាន​ចម្លង​ទំនាក់ទំនង ",{"t":"idOrVar","v":"migrated"}," ចូល​ទូរសព្ទ។"]},"$x":[{"t":"idOrVar","v":"plural"},"migrated"]},{"$i":"copy-contact-failed","$v":"បានបរាជ័យក្នុងការចម្លងទំនាក់ទំនង"},{"$i":"move-contact-failed","$v":"ការផ្លាស់ទីទំនាក់ទំនងបរាជ័យ"},{"$i":"contact-copy-error-sim-full","$v":"ចម្លងទំនាក់ទំនងមិនពេញលេញដោយសារស៊ីមកាតពេញ។"},{"$i":"contact-copy-error-unknown","$v":"ចម្លងទំនាក់ទំនងមិនបានបញ្ចប់ដោយសារមានកំហុស។"},{"$i":"contact-copy-error-limit-exceeded","$v":"មិន​បាន​បញ្ចប់​ការចម្លង​ទំនាក់ទំនង​ទេ ដោយសារ​តែ​លើស​ដែន​កំណត់​ទំនាក់ទំនង​លើ​ទូរសព្ទ។"},{"$i":"contact-move-error-sim-full","$v":"ផ្លាស់ទីទំនាក់ទំនងមិនពេញលេញដោយសារស៊ីមកាតពេញ។"},{"$i":"contact-move-error-unknown","$v":"ផ្លាស់ទីទំនាក់ទំនងមិនពេញលេញដោយសារកំហុស។"},{"$i":"contact-move-error-limit-exceeded","$v":"មិន​បាន​បញ្ចប់​ការផ្លាស់ទី​ទំនាក់ទំនង​ទេ ដោយសារ​តែ​លើស​ដែន​កំណត់​ទំនាក់ទំនង​លើ​ទូរសព្ទ។"},{"$i":"contact-save-error-unknown","$v":"រក្សាទុកទំនាក់ទំនងមិនពេញលេញដោយសារមានកំហុស។"},{"$i":"memory","$v":"អង្គ​ចងចាំ"},{"$i":"phone-and-sim","$v":"ទូរសព្ទ និង​ស៊ីម"},{"$i":"phone","$v":"ទូរស័ព្ទ"},{"$i":"sim","$v":"ស៊ីម"},{"$i":"reloading-contact","$v":"កំពុង​ស្រង់​ទំនាក់ទំនង​ឡើង​វិញ.."},{"$i":"contact-reloaded","$v":"បាន​ស្រង់​ទំនាក់ទំនង​ឡើង​វិញ"},{"$i":"message","$v":"សារ"},{"$i":"changes-saved","$v":"បាន​រក្សា​ទុក​ការផ្លាស់​ប្ដូរ។"},{"$i":"already-ice-contact","$v":"ទំនាក់ទំនងដែលបានជ្រើសរើសត្រូវបានកំណត់ទៅ ICE រួចហើយ។"},{"$i":"phone-contacts-limit-exceeded","$v":"លេខទូរស័ព្ទទំនាក់ទំនងបានលើសកំណត់។"},{"$i":"sim-contacts-limit-exceeded","$v":"ទំនាក់ទំនងស៊ីម​​បានលើសកំណត់។"},{"$i":"more-info","$v":"ច្រើន​ទៀត"},{"$i":"callAirplaneModeTitle","$v":"បាន​ដំណើរការ​ទម្រង់​លើ​យន្តហោះ"},{"$i":"callAirplaneModeMessage","$v":"ដើម្បី​ធ្វើ​ការហៅ អ្នក​ត្រូវ​បិទ​ទម្រង់​លើ​យន្តហោះ​ក្នុង​ការកំណត់។"},{"$i":"emergencyDialogTitle","$v":"គ្មាន​ការភ្ជាប់​បណ្ដាញ​ទេ"},{"$i":"emergencyDialogBodyBadNumber","$v":"ដើម្បី​ធ្វើ​ការហៅ ត្រូវ​ភ្ជាប់​ទូរស័ព្ទ​អ្នក​ទៅ​បណ្ដាញ។"},{"$i":"emergencyDialogBodyDeviceNotAccepted","$v":"បណ្ដាញ​មិន​អនុញ្ញាត​ការហៅ​បន្ទាន់។"},{"$i":"invalidNumberToDialTitle","$v":"លេខ​ទូរស័ព្ទ​មិន​ត្រឹមត្រូវ"},{"$i":"invalidNumberToDialMessage","$v":"លេខ​ទូរស័ព្ទ​ដែល​អ្នក​កំពុង​ហៅ​មិន​ត្រឹមត្រូវ។"},{"$i":"invalidNumberToSendTitle","$v":"លេខ​ទូរសព្ទ​មិន​ត្រឹមត្រូវ"},{"$i":"invalidNumberToSendMessage","$v":"លេខ​ទូរស័ព្ទ​ដែល​អ្នក​កំពុងផ្ញើសារទៅគឺ​មិន​ត្រឹមត្រូវទេ។"},{"$i":"emergency-call-only","$v":"ការហៅ​បន្ទាន់​ប៉ុណ្ណោះ"},{"$i":"emergency-call-error","$v":[{"t":"idOrVar","v":"number"}," មិន​មែន​ជា​លេខ​ទាក់ទង​បន្ទាន់​ទេ។"]},{"$i":"numberIsBusyTitle","$v":"លេខ​ជាប់​រវល់"},{"$i":"numberIsBusyMessage","$v":"ឥឡូវ លេខ​កំពុង​ជាប់​រវល់។ សូម​ព្យាយាម​ម្ដង​ទៀត​ពេល​ក្រោយ។"},{"$i":"fdnIsActiveTitle","$v":"FDN ដែល​ដំណើរការ"},{"$i":"fdnIsActiveMessage","$v":["FDN (លេខ​ហៅ​ដែល​បាន​កំណត់) ត្រូវ​បាន​ដាក់​ដំណើរការ ហើយ​លេខ​ដូច​ត​ទៅ​មិន​ស្ថិត​នៅ​ក្នុង​បញ្ជី FDN អ្នក​ទេ៖ ",{"t":"idOrVar","v":"number"}]},{"$i":"otherConnectionInUseTitle","$v":"ការភ្ជាប់​ផ្សេង​ជាប់​ប្រើ"},{"$i":"otherConnectionInUseMessage","$v":"អ្នក​មាន​ការហៅ​ដំណើរការ​លើ​ការភ្ជាប់​មួយ​ទៀត។ អ្នក​អាច​ប្រើ​ការភ្ជាប់​ម្ដង​បាន​តែ​មួយ​ប៉ុណ្ណោះ។"},{"$i":"GenericFailure","$v":"បញ្ហា​ទូទៅ"},{"$i":"CallFailed","$v":"ការហៅ​មិន​បាន​សម្រេច"},{"$i":"scCallBarring","$v":"រារាំង​ការហៅ"},{"$i":"scCallForwarding","$v":"បង្វែរ​ការ​ហៅ"},{"$i":"scClip","$v":"អត្ត.អ្នក​ហៅ​ចូល"},{"$i":"scClir","$v":"អត្ត.អ្នក​ហៅ​ចេញ"},{"$i":"scPwd","$v":"ពាក្យ​សម្ងាត់​ប្ដូរ"},{"$i":"scCallWaiting","$v":"ការរង់ចាំ​ការហៅ"},{"$i":"scPin","$v":"ការផ្លាស់​ប្ដូរ​លេខ PIN"},{"$i":"scPin2","$v":"ការផ្លាស់​ប្ដូរ​លេខ PIN2"},{"$i":"scPuk","$v":"ឈប់​បង្ខាំង​លេខ PIN"},{"$i":"scPuk2","$v":"ឈប់​បង្ខាំង​លេខ PIN2"},{"$i":"scImei","$v":"IMEI"},{"$i":"scMeid","$v":"MEID"},{"$i":"scUssd","$v":"USSD"},{"$i":"set-speed-dial","$v":"កំណត់​ទំនាក់ទំនង​ហៅ​រហ័ស"},{"$i":"empty","$v":"ទទេ"},{"$i":"voicemail","$v":"អ៊ីមែល​សំឡេង"},{"$i":"speed-dial","$v":"ការហៅ​រហ័ស"},{"$i":"add","$v":"បន្ថែម"},{"$i":"replace","$v":"ជំនួស"},{"$i":"remove-from-speed-dial","$v":"លុប​ចេញ​ពី​ការហៅ​រហ័ស"},{"$i":"custom-dialog-replace-speed-dial","$v":["តើ​អ្នក​ប្រាកដ​ថា​ចង់​ប្ដូរ​ការហៅ​រហ័ស ",{"t":"idOrVar","v":"oldSpeedDial"}," ទៅ​ជា ",{"t":"idOrVar","v":"newSpeedDial"}," មែន​ឬ?"]},{"$i":"custom-dialog-remove-speed-dial","$v":["តើ​អ្នក​ប្រាកដ​ថា​ចង់​លុប ",{"t":"idOrVar","v":"name"}," ចេញ​ពី​ការហៅ​រហ័ស​មែន​ឬ?"]},{"$i":"speed-dial-added","$v":"បាន​បន្ថែម​លេខ​ហៅ​រហ័ស។"},{"$i":"speed-dial-removed","$v":"បាន​លុប​លេខ​ហៅ​រហ័ស​ចេញ។"},{"$i":"speed-dial-replaced","$v":"បាន​ធ្វើ​បច្ចុប្បន្នភាព​លេខ​ហៅ​រហ័ស។"},{"$i":"voice-mail","$v":"អ៊ីមែល​សំឡេង"},{"$i":"voice-mail-number","$v":["លេខសារជាសំឡេង - SIM ",{"t":"idOrVar","v":"n"}]},{"$i":"voice-mail-number-single","$v":"លេខសារសំឡេង"},{"$i":"voice-mail-number-updated","$v":"បានធ្វើបច្ចុប្បន្នភាពលេខសារជាសំឡេង"},{"$i":"found-duplicates-message","$v":"រក​ឃើញ​ព័ត៌មាន​ស្ទួន​ក្នុង​ទំនាក់ទំនង​ខាង​ក្រោម។ តើ​អ្នក​ចង់​ដាក់​បញ្ចូល​គ្នា​ទេ?"},{"$i":"confirm-to-merge-contacts","$v":["តើ​អ្នក​ប្រាកដ​ថា​បញ្ចូល​ទំនាក់ទំនង​ទាំង ",{"t":"idOrVar","v":"n"}," ជាមួយ​ឈ្មោះ ",{"t":"idOrVar","v":"name"}," មែន​ឬ?"]},{"$i":"contact-merged","$v":"បាន​ដាក់​ទំនាក់ទំនង​បញ្ចូល​គ្នា"},{"$i":"find-duplicate-contacts","$v":"រក​ទំនាក់ទំនង​ស្ទួន"},{"$i":"no-duplicate-contact-found","$v":"រក​មិន​ឃើញ​មាន​ទំនាក់ទំនង​ស្ទួន​ទេ"},{"$i":"merge","$v":"បញ្ចូល​គ្នា"},{"$i":"find-dup","$v":"រក​ទំនាក់ទំនង​ស្ទួន"},{"$i":"find-dup-title","$v":"រក​ទំនាក់ទំនង​ស្ទួន"},{"$i":"finding-dup-message","$v":"រក​ទំនាក់ទំនង​ស្ទួន..."},{"$i":"dup-found-title","$v":"រក​ឃើញ​មាន​ស្ទួន"},{"$i":"dup-found-message","$v":"រក​ឃើញ​ព័ត៌មាន​ស្ទួន​ក្នុង​ទំនាក់ទំនង​ខាង​ក្រោម។ តើអ្នកចង់ដាក់បញ្ចូលគ្នាទេ?"},{"$i":"no-dup-found","$v":"គ្មានការស្ទួនត្រូវបានរកឃើញទេ"},{"$i":"merge-conflict-warn","$v":["ពត៌មានខាងក្រោមនឹងត្រូវបានសរសេរពីលើដោយ \"",{"t":"idOrVar","v":"name"},"\":"]},{"$i":"merge-conflict-confirm","$v":"តើ​អ្នក​ប្រាកដ​ទេថាអ្នកចង់រួមបញ្ចូលទំនាក់ទំនងនេះជាមួយគ្នា?"},{"$i":"add-favorite","$v":"បន្ថែម​ជា​សំណព្វ"},{"$i":"remove-favorite","$v":"ដក​ពី​សំណព្វ"},{"$i":"favorite-contacts","$v":"សំណព្វ"},{"$i":"add-block","$v":"ប្លុកលេខនេះ"},{"$i":"remove-block","$v":"ដោះប្លុកលេខនេះ"},{"$i":"add-block-email","$v":"ប្លុក email នេះ"},{"$i":"remove-block-email","$v":"មិនទប់ស្កាត់អ៊ីមែលនេះ"},{"$i":"add-block-contact-warning","$v":"អ្នកនឹងមិនទទួលបានការហៅទូរស័ព្ទ សារពីមនុស្សនៅក្នុងបញ្ជីរប្លុកនោះទេ។"},{"$i":"add-block-email-warning","$v":"អ្នកនឹងមិនទទួលបានសារពីអាសយដ្ឋានអ៊ីមែលនេះទេ។"},{"$i":"block","$v":"ទប់ស្កាត់"},{"$i":"unblock","$v":"មិនទប់ស្កាត់"},{"$i":"block-contacts","$v":"ប្លុកលេខទំនាក់ទំនង"},{"$i":"add-block-header","$v":"បន្ថែម​លេខ​ទូរស័ព្ទប្លុក"},{"$i":"remove-block-alert","$v":"ត្រូវបានលុបចេញពីបញ្ជីរទំនាក់ទំនងដែលបានប្លុក។"},{"$i":"duplicate-block-number","$v":"លេខស្ទួនមិនអាចបន្ថែមបានទេ។"},{"$i":"sort-contacts","$v":"តម្រៀប​ទំនាក់ទំនង"},{"$i":"sort-by-first-name","$v":"តម្រៀប​តាម​នាម​ខ្លួន"},{"$i":"sort-by-last-name","$v":"តម្រៀប​តាម​នាម​ត្រកូល"},{"$i":"no-support-open-multi-vcard","$v":"មិន​អាច​បើក vCard ដែល​មាន​ទំនាក់ទំនង​ច្រើន​ទេ"},{"$i":"import","$v":"នាំ​ចូល"},{"$i":"sdcard","$v":"កាត​អង្គ​ចង​ចាំ"},{"$i":"simcard","$v":"ស៊ីម​កាត"},{"$i":"import-contacts","$v":"នាំ​ចូល​ទំនាក់ទំនង"},{"$i":"simContacts-error","$v":"មិន​អាច​នាំ​ចូល​ទំនាក់ទំនង​ពី​ស៊ីម"},{"$i":"memoryCardContacts-error","$v":"មិន​អាច​នាំ​ចូល​ទំនាក់ទំនង​ពី​កាត​អង្គ​ចងចាំ"},{"$i":"novCardFiles","$v":"មិនមានឯកសារទំនាក់ទំនងនៅក្នុងកាតមេម៉ូរីទេ។"},{"$i":"fullDiskSpace-error","$v":"ទំហំផ្ទុកពេញហើយ មិនអាចបញ្ចូលទំនាក់ទំនងបានទេ។"},{"$i":"socialServiceContacts-error","$v":["មិន​អាច​នាំ​ចូល​ទំនាក់ទំនង​ពី ",{"t":"idOrVar","v":"service"},"។"]},{"$i":"socialServiceContacts-noNetwork","$v":["មិន​អាច​នាំ​ចូល​ទំនាក់ទំនង​ពី ",{"t":"idOrVar","v":"service"}," ទេ ព្រោះគ្មាន​ការតភ្ជាប់​អ៊ីនធឺណិត។"]},{"$i":"simContacts-reading","$v":"អាន​ទំនាក់ទំនង​ពី​ស៊ីម​កាត…"},{"$i":"memoryCardContacts-reading","$v":"កំពុង​អាន​ទំនាក់ទំនង​ពី​កាត​អង្គ​ចងចាំ…"},{"$i":"importContactsTitle","$v":"នាំ​ចូល​ទំនាក់ទំនង"},{"$i":"retry","$v":"សាក​ម្ដង​ទៀត"},{"$i":"noSimMsg","$v":"ដើម្បី​នាំ​ចូល​ទំនាក់ទំនង សូម​ស៊ក​បញ្ចូល ឬ​ដោះ​សោ​ស៊ីម​កាត​អ្នក"},{"$i":"noSdcardMsg","$v":"ដើម្បី​នាំ​ចូល​ទំនាក់ទំនង សូម​ស៊ក​បញ្ចូល​កាត​អង្គ​ចងចាំ"},{"$i":"not-imported","$v":"មិន​បាន​នាំ​ចូល"},{"$i":"imported","$v":"បាន​នាំ​ចូល"},{"$i":"importing","$v":"កំពុង​នាំ​ចូល"},{"$i":"contact-imported","$v":["បាន​នាំ​ចូល​ទំនាក់ទំនង ",{"t":"idOrVar","v":"imported"},"។ បាន​ដាក់​ទំនាក់ទំនង ",{"t":"idOrVar","v":"dupes"}," បញ្ចូល​គ្នា។"]},{"$i":"contact-imported2","$v":{"one":"បាននាំចូលទំនាក់ទំនង ១ ។","zero":"គ្មានទំនាក់ទំនងត្រូវបាននាំចូលទេ។","few":["បាន​នាំ​ចូល​ទំនាក់ទំនង ",{"t":"idOrVar","v":"imported"},"។"],"many":["បាន​នាំ​ចូល​ទំនាក់ទំនង ",{"t":"idOrVar","v":"imported"},"។"],"other":["បាន​នាំ​ចូល​ទំនាក់ទំនង ",{"t":"idOrVar","v":"imported"},"។"],"two":["បាន​នាំ​ចូល​ទំនាក់ទំនង ",{"t":"idOrVar","v":"imported"},"។"]},"$x":[{"t":"idOrVar","v":"plural"},"imported"]},{"$i":"reading-contacts-from-sim","$v":"កំពុង​អានទំនាក់ទំនង​(នានា)ពី​ស៊ីម​កាត…"},{"$i":"reading-contacts-from-gmail","$v":"កំពុង​អាន​ទំនាក់ទំនង​(នានា)​ពីសារ..."},{"$i":"reading-contacts-from-live","$v":"កំពុង​អាន​ទំនាក់ទំនង​(នានា)​ពី Outlook..."},{"$i":"reading-contacts-from-sd","$v":"កំពុង​អានទំនាក់ទំនង​(នានា)ពី​កាត​អង្គ​ចងចាំ…"},{"$i":"reading-contacts-from-vcard","$v":"កំពុង​អាន​ទំនាក់ទំនង​(នានា)​ពីឯកសារ..."},{"$i":"importing-contacts-from-sim","$v":"កំពុង​នាំ​ចូល​ទំនាក់ទំនង​(នានា)ពី​ស៊ីម​កាត…"},{"$i":"importing-contacts-from-gmail","$v":"កំពុង​នាំ​នាំ​ចូល​ទំនាក់ទំនង​(នានា)​ពីសារ…"},{"$i":"importing-contacts-from-live","$v":"កំពុង​នាំ​នាំ​ចូល​ទំនាក់ទំនង​(នានា)​ពី Outlook..."},{"$i":"importing-contacts-from-sd","$v":"កំពុង​នាំ​ចូល​ទំនាក់ទំនង​(នានា)ពី​កាត​អង្គ​ចងចាំ…"},{"$i":"importing-contacts-from-vcard","$v":"កំពុង​នាំ​ចូល​ទំនាក់ទំនង​(នានា)​ពីឯកសារ..."},{"$i":"connect-network-to-import","$v":"ដើម្បី​នាំ​ចូល​ទំនាក់ទំនង សូម​ភ្ជាប់​ទៅ Wi-Fi ឬ​បណ្ដាញ​ទិន្នន័យ"},{"$i":"importing-confirm","$v":["ការដាក់បញ្ចូល ",{"t":"idOrVar","v":"n"}," ទំនាក់ទំនងពីឯកសារ \"",{"t":"idOrVar","v":"fileName"},"\"?"]},{"$i":"importing-cancel-confirm","$v":"0.0"},{"$i":"import-contact-failed","$v":"ការនាំចូលទំនាក់ទំនងបរាជ័យ"},{"$i":"phone-storage-full","$v":"ទូរសព្ទ​អស់​ទំហំ​ផ្ទុក​ទំនេរ។"},{"$i":"import-contact-storage-full","$v":"មិនអាចបញ្ចូលលេខទំនាក់ទំនងបាន។ លុបទិន្នន័យកម្មវិធីដើម្បីបង្កើនទំហំរក្សាទុក។"},{"$i":"contact-import-error-disk-full","$v":"ការបញ្ចូលទំនាក់ទំនងមិនបានបញ្ចប់ដោយសារតែទំហំផ្ទុកពេញ។ សូមលុបទិន្នន័យកម្មវិធីដើម្បីបង្កើនទំហំផ្ទុក។"},{"$i":"contact-import-error-sim-full","$v":"ការចម្លង​ទំនាក់ទំនង​មិន​ទាន់​បញ្ចប់ ដោយសារ​ស៊ីម​កាត​ពេញ។"},{"$i":"contact-import-error-unknown","$v":"ទំនាក់ទំនងនាំចូលមិនពេញលេញទេដោយសារតែមានកំហុស។"},{"$i":"import-contacts-canceled","$v":"0.0"},{"$i":"close","$v":"បិទ"},{"$i":"import-process-cancel","$v":"បានបោះបង់ដំណើរការនាំចូល។"},{"$i":"import-limit-header","$v":"លើសទំហំកំណត់ឯកសារ"},{"$i":"inner-import-limit-content","$v":"ទំហំឯកសារទំនាក់ទំនងលើសពី ១០ មេកាបៃមិនត្រូវបាននាំចូលទេ។"},{"$i":"activity-import-limit-contact","$v":"បានបរាជ័យក្នុងការនាំចូលទំនាក់ទំនងដោយសារទំហំឯកសារលើសកំណត់។"},{"$i":"activity-import-limit-additional","$v":"(ទំហំឯកសារត្រូវតែតិចជាង ១០ មេកាបៃ។ )"},{"$i":"bluetooth","$v":"Bluetooth"},{"$i":"export","$v":"នាំ​ចេញ"},{"$i":"export-contacts","$v":"នាំ​ចេញ​ទំនាក់ទំនង"},{"$i":"simExport-title","$v":"នាំ​ចេញ​ទៅ​ស៊ីម"},{"$i":"memoryCardExport-title","$v":"នាំចេញទៅកាតមេម៉ូរី ..."},{"$i":"btExport-title","$v":"នាំ​ចេញ​ទៅ Bluetooth"},{"$i":"noSimMsgExport","$v":"ដើម្បី​នាំ​ចេញ​ទំនាក់ទំនង សូម​ស៊ក​បញ្ចូល ឬ​ដោះ​សោ​ស៊ីម​កាត​អ្នក"},{"$i":"noSdcardExport","$v":"ដើម្បី​នាំ​ចេញ​ទំនាក់ទំនង សូម​ស៊ក​បញ្ចូល​កាត​អង្គ​ចងចាំ។"},{"$i":"bluetoothNoConnection","$v":"ដើម្បី​នាំ​ចេញ​ទំនាក់ទំនង សូម​ភ្ជាប់​ឧបករណ៍ Bluetooth។"},{"$i":"contact-exported","$v":["បាន​នាំ​ចេញ​ទំនាក់ទំនង ",{"t":"idOrVar","v":"exported"},"។"]},{"$i":"contact-exported2","$v":{"zero":"គ្មានទំនាក់ទំនងដែលបាននាំចេញ។","one":"នាំចេញទំនាក់ទំនង ១ ។","few":["បាន​នាំ​ចេញ​ទំនាក់ទំនង ",{"t":"idOrVar","v":"exported"},"។"],"many":["បាន​នាំ​ចេញ​ទំនាក់ទំនង ",{"t":"idOrVar","v":"exported"},"។"],"other":["បាន​នាំ​ចេញ​ទំនាក់ទំនង ",{"t":"idOrVar","v":"exported"},"។"],"two":["បាន​នាំ​ចេញ​ទំនាក់ទំនង ",{"t":"idOrVar","v":"exported"},"។"]},"$x":[{"t":"idOrVar","v":"plural"},"exported"]},{"$i":"export-contact-failed","$v":"ការនាំ​ចេញ​ទំនាក់ទំនង​មិន​បាន​សម្រេច"},{"$i":"contact-export-error-sim-full","$v":"ការនាំ​ចេញ​ទំនាក់ទំនង​មិន​ទាន់​បញ្ចប់ ដោយសារ​ស៊ីម​កាត​ពេញ។"},{"$i":"contact-export-error-sd-full","$v":"នាំចេញទំនាក់ទំនងមិនបានបញ្ចប់ដោយសារកាតមេម៉ូរីពេញ។"},{"$i":"contact-export-error-unknown","$v":"ទំនាក់ទំនងនាំចេញមិនបានបញ្ចប់ដោយសារមានកំហុស។"},{"$i":"contact-export-canceled","$v":"បាន​បោះបង់​ដំណើរការ​នាំ​ចេញ។"},{"$i":"save","$v":"រក្សា​ទុក"},{"$i":"back","$v":"ថយ​ក្រោយ"},{"$i":"givenName","$v":"នាម​ខ្លួន"},{"$i":"familyName","$v":"នាម​ត្រកូល"},{"$i":"name","$v":"ឈ្មោះ"},{"$i":"org","$v":"ក្រុមហ៊ុន"},{"$i":"ringtone","$v":"សំឡេង​រោទ៍"},{"$i":"note","$v":"កំណត់​សម្គាល់"},{"$i":"photo","$v":"រូបភាព"},{"$i":"email","$v":"អ៊ីមែល"},{"$i":"adr","$v":"អាសយដ្ឋាន"},{"$i":"custom","$v":"តាម​បំណង"},{"$i":"confirm-discard-contact-data","$v":"ព័ត៌មានទំនាក់ទំនងនឹងត្រូវបោះចោល។តើអ្នកចង់រក្សាទុកទំនាក់ទំនងនេះទេ?"},{"$i":"confirm-discard-contact-update-data","$v":"ការផ្លាស់ប្ដូរ​នឹង​ត្រូវ​បាន​បោះបង់។ តើ​អ្នក​ចង់​រក្សា​ទុក​ទំនាក់ទំនង​នេះ​ទេ?"},{"$i":"discard-contact-data","$v":"ការផ្លាស់ប្តូរនឹងត្រូវបានបោះបង់ចោល។"},{"$i":"discard","$v":"ចោល"},{"$i":"add-others","$v":"បន្ថែម​អ្វី​ផ្សេង​ទៀត"},{"$i":"custom-label","$v":"ស្លាកផ្ទាល់ខ្លួន"},{"$i":"input-the-custom-type","$v":"សូម​បញ្ចូល​ប្រភេទ​ផ្ទាល់​ខ្លួន"},{"$i":"contact-added","$v":"បាន​បន្ថែម​ទំនាក់ទំនង។"},{"$i":"delete-prompt-message","$v":["លុប ",{"t":"idOrVar","v":"field"}," ឬ?"]},{"$i":"delete-photo-msg","$v":"រូបភាព"},{"$i":"delete-ringtone-msg","$v":"សំឡេង​រោទ៍"},{"$i":"delete-bday-msg","$v":"ថ្ងៃ​ខែ​ឆ្នាំ​កំណើត"},{"$i":"delete-note-msg","$v":"កំណត់​សម្គាល់"},{"$i":"delete-org-msg","$v":"ក្រុមហ៊ុន"},{"$i":"personal","$v":"ផ្ទាល់​ខ្លួន"},{"$i":"mobile","$v":"ចល័ត"},{"$i":"current","$v":"បច្ចុប្បន្ន"},{"$i":"home","$v":"ផ្ទះ"},{"$i":"work","$v":"ការងារ"},{"$i":"other","$v":"ផ្សេង"},{"$i":"fax-home","$v":"ទូរសារ​តាម​ផ្ទះ"},{"$i":"fax-office","$v":"ទូរសារ​ការិយាល័យ"},{"$i":"fax-other","$v":"ទូរសារ​ផ្សេង"},{"$i":"add-phone","$v":"បន្ថែម​ទូរស័ព្ទ"},{"$i":"add-tel","$v":"បន្ថែម​ទូរស័ព្ទ"},{"$i":"add-email","$v":"បន្ថែម​អ៊ីមែល"},{"$i":"add-ringtone","$v":"បន្ថែម​សំឡេង​រោទ៍"},{"$i":"add-adr","$v":"បន្ថែម​អាសយដ្ឋាន"},{"$i":"add-bday","$v":"បន្ថែម​ថ្ងៃ​ខែ​ឆ្នាំ​កំណើត"},{"$i":"add-photo","$v":"បន្ថែម​រូប​ភាព"},{"$i":"add-note","$v":"បន្ថែម​កំណត់​សម្គាល់"},{"$i":"add-org","$v":"បន្ថែម​ក្រុមហ៊ុន"},{"$i":"add-tel-number","$v":"បន្ថែម​លេខ​ទូរស័ព្ទ"},{"$i":"delete-tel","$v":"លុប​លេខ​ទូរស័ព្ទ"},{"$i":"delete-email","$v":"លុប​អ៊ីមែល"},{"$i":"delete-ringtone","$v":"លុប​សំឡេង​រោទ៍"},{"$i":"delete-adr","$v":"លុប​អាសយដ្ឋាន"},{"$i":"delete-bday","$v":"លុប​ថ្ងៃ​ខែ​ឆ្នាំ​កំណើត"},{"$i":"delete-photo","$v":"លុបរូបភាព"},{"$i":"delete-note","$v":"លុប​កំណត់​សម្គាល់"},{"$i":"delete-org","$v":"លុប​ក្រុមហ៊ុន"},{"$i":"edit-tel-type","$v":"កែ​សម្រួល​ប្រភេទ​ទូរស័ព្ទ"},{"$i":"edit-email-type","$v":"កែ​សម្រួល​ប្រភេទ​អ៊ីមែល"},{"$i":"edit-adr-type","$v":"កែ​សម្រួល​ប្រភេទ​អាសយដ្ឋាន"},{"$i":"edit-bday-type","$v":"កែ​សម្រួល​ថ្ងៃ​ខែ​ឆ្នាំ​កំណើត"},{"$i":"replace-photo","$v":"ប្ដូរ​រូប​ថត"},{"$i":"replace-ringtone","$v":"ប្ដូរ​សំឡេង​រោទ៍"},{"$i":"mobile-tel","$v":"ទូរស័ព្ទ​ចល័ត"},{"$i":"home-tel","$v":"ទូរស័ព្ទ​តាម​ផ្ទះ"},{"$i":"work-tel","$v":"ទូរស័ព្ទ​ការងារ"},{"$i":"personal-tel","$v":"ទូរស័ព្ទ​ផ្ទាល់​ខ្លួន"},{"$i":"fax-home-tel","$v":"ទូរសារ​តាម​ផ្ទះ"},{"$i":"fax-office-tel","$v":"ទូរសារ​ការិយាល័យ"},{"$i":"fax-other-tel","$v":"ទូរសារ​ផ្សេង"},{"$i":"other-tel","$v":"ទូរស័ព្ទ​ផ្សេង"},{"$i":"personal-email","$v":"អ៊ីមែលផ្ទាល់ខ្លួន"},{"$i":"work-email","$v":"អ៊ីមែលការងារ"},{"$i":"other-email","$v":"អ៊ីមែលផ្សេងទៀត"},{"$i":"custom-email","$v":["អ៊ីមែល ",{"t":"idOrVar","v":"type"}]},{"$i":"custom-tel","$v":["ទូរស័ព្ទ ",{"t":"idOrVar","v":"type"}]},{"$i":"personal-adr","$v":"អាសយដ្ឋាន​ផ្ទាល់​ខ្លួន"},{"$i":"current-adr","$v":"អាសយដ្ឋាន​បច្ចុប្បន្ន"},{"$i":"home-adr","$v":"អាសយដ្ឋាន​ផ្ទះ"},{"$i":"work-adr","$v":"អាសយដ្ឋាន​ការងារ"},{"$i":"custom-adr","$v":["អាសយដ្ឋាន ",{"t":"idOrVar","v":"type"}]},{"$i":"bday","$v":"ថ្ងៃ​ខែ​ឆ្នាំ​កំណើត"},{"$i":"birthday","$v":"ថ្ងៃ​ខែ​ឆ្នាំ​កំណើត"},{"$i":"streetAddress","$v":"ផ្លូវ"},{"$i":"locality","$v":"ទី​ក្រុង"},{"$i":"postalCode","$v":"កូដ​តំបន់"},{"$i":"countryName","$v":"ប្រទេស"},{"$i":"region","$v":"រដ្ឋ"},{"$i":"no-name","$v":"គ្មាន​ឈ្មោះ"},{"$i":"new-contact","$v":"ទំនាក់​ទំនង​ថ្មី"},{"$i":"options","$v":"ជម្រើស"},{"$i":"cancel","$v":"បោះបង់"},{"$i":"settings","$v":"ការកំណត់"},{"$i":"edit","$v":"កែ​សម្រួល"},{"$i":"share","$v":"ចែក​រំលែក"},{"$i":"remove","$v":"លុប​ចេញ"},{"$i":"compose","$v":"សរសេរ"},{"$i":"new-contact-title","$v":"ទំនាក់​ទំនង​ថ្មី"},{"$i":"edit-title","$v":"កែ​សម្រួល​ទំនាក់​ទំនង"},{"$i":"music","$v":"តន្ត្រី"},{"$i":"adr-type","$v":"ប្រភេទ​អាសយដ្ឋាន"},{"$i":"email-type","$v":"ប្រភេទអ៊ីមែល"},{"$i":"tel-type","$v":"ប្រភេទទូរស័ព្ទ"},{"$i":"ICEContactsGroup","$v":"ទំនាក់ទំនង ICE"},{"$i":"setICEButton","$v":"កំណត់​ទំនាក់ទំនង ICE"},{"$i":"ICESettingTitle","$v":"ទំនាក់ទំនង ICE"},{"$i":"ICEDescription","$v":"បន្ថែម​ទំនាក់ទំនង​ប្រាំ​សម្រាប់​ធ្វើ​ការហៅ “ក្នុង​ករណី​បន្ទាន់”។"},{"$i":"ICEContact","$v":["ទំនាក់ទំនង ICE ",{"t":"idOrVar","v":"n"}]},{"$i":"ICESelectContact","$v":"ជ្រើស​ទំនាក់ទំនង"},{"$i":"delete-ice-contact-warning","$v":"តើ​អ្នក​ប្រាកដ​ថា​ចង់​លុប​ទំនាក់ទំនង ICE ចេញ​មែន​ឬ?"},{"$i":"confirm","$v":"ការបញ្ជាក់"},{"$i":"add-ice-failed","$v":"បន្ថែមបរាជ័យ ICE"},{"$i":"create-group","$v":"បង្កើត​ក្រុម"},{"$i":"group-name","$v":"ឈ្មោះ​ក្រុម"},{"$i":"group","$v":"ក្រុម"},{"$i":"new-group-created","$v":"ក្រុមថ្មីត្រូវបានបង្កើត។"},{"$i":"create-group-failed","$v":"បង្កើតក្រុមបរាជ័យ។"},{"$i":"create-group-too-many","$v":["អ្នកអាចបង្កើត ",{"t":"idOrVar","v":"number"}," ក្រុមតែប៉ុណ្ណោះ។"]},{"$i":"create-group-duplicate","$v":"ឈ្មោះស្ទួន។"},{"$i":"rename-group-failed","$v":"ប្ដូរឈ្មោះក្រុមបរាជ័យ។"},{"$i":"new-group","$v":"ថ្មី"},{"$i":"rename","$v":"ប្ដូរ​ឈ្មោះ"},{"$i":"duplicate-removed","$v":"លេខទំនាក់ទំនងដែលស្ទួនត្រូវបានលុបចោល។"},{"$i":"add-to-group","$v":"បន្ថែមទៅក្រុម"},{"$i":"remove-from-group","$v":"យកចេញពីក្រុម"},{"$i":"added-to","$v":["បានបន្ថែមទៅ ",{"t":"idOrVar","v":"ក្រុម"}]},{"$i":"removed-from","$v":["ដកចេញពី ",{"t":"idOrVar","v":"ក្រុម"}]},{"$i":"select-group","$v":"ជ្រើសរើសក្រុម"},{"$i":"rename-group","$v":"ប្តូរឈ្មោះក្រុម"},{"$i":"delete-group","$v":["តើ​អ្នក​ប្រាកដ​ទេថាអ្នកចង់លុប ",{"t":"idOrVar","v":"group"},"?"]},{"$i":"unable-add-warn","$v":"មិនអាចបន្ថែមទំនាក់ទំនងគណនីទៅក្រុម។"},{"$i":"edit-contact","$v":"កែ​សម្រួល​ទំនាក់​ទំនង"},{"$i":"send-message","$v":"ផ្ញើ​សារ"},{"$i":"call","$v":"ការហៅ"},{"$i":"call-sim-1","$v":"ការហៅ - ស៊ីម 1"},{"$i":"call-sim-2","$v":"ការហៅ - ស៊ីម 2"},{"$i":"send-email","$v":"ផ្ញើ​អ៊ីមែល"},{"$i":"choose-number","$v":"ជ្រើសរើសលេខ"},{"$i":"choose-email-address","$v":"ជ្រើស​រើសអ៊ីមែល"},{"$i":"delete","$v":"លុប"},{"$i":"select","$v":"ជ្រើស"},{"$i":"select-all","$v":"ជ្រើស​ទាំង​អស់"},{"$i":"select-all2","$v":"ទាំងអស់"},{"$i":"deselect-all","$v":"ដក​ការជ្រើស​ទាំង​អស់"},{"$i":"deselect-all2","$v":"គ្មាន"},{"$i":"deselect","$v":"ដក​ការជ្រើស"},{"$i":"selected-contacts","$v":{"few":["បាន​ជ្រើស ",{"t":"idOrVar","v":"n"}],"many":["បាន​ជ្រើស ",{"t":"idOrVar","v":"n"}],"one":["បាន​ជ្រើស ",{"t":"idOrVar","v":"n"}],"other":["បាន​ជ្រើស ",{"t":"idOrVar","v":"n"}],"two":["បាន​ជ្រើស ",{"t":"idOrVar","v":"n"}],"zero":["បាន​ជ្រើស ",{"t":"idOrVar","v":"n"}]},"$x":[{"t":"idOrVar","v":"plural"},"n"]},{"$i":"massive-delete","$v":"លុប​ទំនាក់ទំនង"},{"$i":"confirm-contact-delete","$v":["តើ​អ្នក​ប្រាកដ​ថា​ចង់​លុប​ទំនាក់ទំនង \"",{"t":"idOrVar","v":"name"},"\" មែន​ឬ?"]},{"$i":"DeletedTxt","$v":{"few":["បាន​លុប​ទំនាក់ទំនង ",{"t":"idOrVar","v":"n"}," ចេញ"],"many":["បាន​លុប​ទំនាក់ទំនង ",{"t":"idOrVar","v":"n"}," ចេញ"],"one":"បាន​លុប​ទំនាក់​ទំនង 1 ចេញ","other":["បាន​លុប​ទំនាក់ទំនង ",{"t":"idOrVar","v":"n"}," ចេញ"],"two":["បាន​លុប​ទំនាក់ទំនង ",{"t":"idOrVar","v":"n"}," ចេញ"],"zero":"គ្មាន​ទំនាក់ទំនង​ត្រូវ​លុប​ទេ"},"$x":[{"t":"idOrVar","v":"plural"},"n"]},{"$i":"DeletingContacts","$v":"លុប​ទំនាក់ទំនង"},{"$i":"DeletingContactsProgressing","$v":"កំពុង​លុប​ទំនាក់ទំនង"},{"$i":"ContactConfirmDel","$v":{"few":["លុប​ទំនាក់ទំនង ",{"t":"idOrVar","v":"n"}," ឬ? នេះ​មិន​អាច​ត្រឡប់​វិញ​បាន​ទេ។"],"many":["លុប​ទំនាក់ទំនង ",{"t":"idOrVar","v":"n"}," ឬ? នេះ​មិន​អាច​ត្រឡប់​វិញ​បាន​ទេ។"],"one":"លុប​ទំនាក់ទំនង 1 ឬ? នេះ​មិន​អាច​ត្រឡប់​វិញ​បាន​ទេ។","other":["លុប​ទំនាក់ទំនង ",{"t":"idOrVar","v":"n"}," ឬ? នេះ​មិន​អាច​ត្រឡប់​វិញ​បាន​ទេ។"],"two":["លុប​ទំនាក់ទំនង ",{"t":"idOrVar","v":"n"}," ឬ? នេះ​មិន​អាច​ត្រឡប់​វិញ​បាន​ទេ។"],"zero":"គ្មាន​ទំនាក់ទំនង​ត្រូវ​លុប​ទេ"},"$x":[{"t":"idOrVar","v":"plural"},"n"]},{"$i":"contact-deleted","$v":{"zero":"0.0","one":"បានលុបទំនាក់ទំនងមួយ។","few":["បាន​លុប​ទំនាក់ទំនង ",{"t":"idOrVar","v":"n"},"។"],"many":["បាន​លុប​ទំនាក់ទំនង ",{"t":"idOrVar","v":"n"},"។"],"other":["បាន​លុប​ទំនាក់ទំនង ",{"t":"idOrVar","v":"n"},"។"],"two":["បាន​លុប​ទំនាក់ទំនង ",{"t":"idOrVar","v":"n"},"។"]},"$x":[{"t":"idOrVar","v":"plural"},"n"]},{"$i":"a-contact-deleted","$v":"បាន​លុប​ទំនាក់ទំនង។"},{"$i":"settings-title","$v":"ការកំណត់​ទំនាក់ទំនង"},{"$i":"change-will-update-until-restart","$v":"ការផ្លាស់ប្តូរនឹងត្រូវធ្វើបច្ចុប្បន្នភាពនៅពេលទំនាក់ទំនងចាប់ផ្តើម។"},{"$i":"transfer-contacts","$v":"ផ្ទេរ​ទំនាក់ទំនង"},{"$i":"service-number","$v":"លេខ​សេវា​កម្ម"},{"$i":"no-contacts-found","$v":"រក​មិន​ឃើញ​ទំនាក់ទំនង​ត្រូវ​គ្នា។"},{"$i":"search","$v":"ស្វែងរកទំនាក់ទំនង","placeholder":"ស្វែងរកទំនាក់ទំនង"},{"$i":"search-option","$v":"ស្វែង​រក"},{"$i":"accounts","$v":"គណនី"},{"$i":"account","$v":"គណនី"},{"$i":"add-account","$v":"បន្ថែម​គណនី"},{"$i":"add-account-failed","$v":"បញ្ហា​មិន​ស្គាល់​មួយ​បាន​កើត​ឡើង សូម​សាក​ម្តង​ទៀត​នៅ​ពេល​ក្រោយ។"},{"$i":"duplicate-account-warn","$v":"គណនីមានរួចហើយ។ ការធ្វើសមកាលកម្មត្រូវបានបើក។"},{"$i":"setting-up-account","$v":"កំពុង​បង្កើត​គណនី"},{"$i":"no-network-warn","$v":"គ្មាន​ការភ្ជាប់​អ៊ីនធឺណិត​ទេ។"},{"$i":"username","$v":"ឈ្មោះ​អ្នក​ប្រើ"},{"$i":"password","$v":"ពាក្យ​សម្ងាត់"},{"$i":"delete-account","$v":"លុប​គណនី"},{"$i":"delete-account-long","$v":"លុប​គណនី"},{"$i":"delete-account-warn","$v":"ប្រសិនបើអ្នកលុបគណនីនេះ កម្មវិធីដែលប្រើប្រាស់គណនីនេះនឹងត្រូវបានជះឥទ្ធិពលផងដែរ។"},{"$i":"deleting-account","$v":"កំពុងលុបគណនី ..."},{"$i":"delete-account-failed","$v":"ការលុបគណនីត្រូវបានបរាជ័យ សូមព្យាយាមម្តងទៀតនៅពេលក្រោយ។"},{"$i":"delete-account-ok","$v":"បានលុបគណនី។"},{"$i":"sync","$v":"សមកាលកម្ម"},{"$i":"sync-title","$v":"ការធ្វើសមកាលកម្មទំនាក់ទំនង"},{"$i":"sync-failed-warn","$v":"បានបរាជ័យក្នុងការធ្វើសមកាលកម្ម។"},{"$i":"sync-off-warn","$v":"សមកាលត្រូវបានបិទនៅលើការកំណត់។"},{"$i":"show-account-contacts","$v":"បង្ហាញទំនាក់ទំនងគណនី"},{"$i":"sync-account-contacts","$v":"ធ្វើសមកាលកម្មទំនាក់ទំនងគណនី"},{"$i":"sync-account-contacts-warning","$v":["រាល់ការកែសម្រួលទំនាក់ទំនងគណនីណាមួយនឹងមិនបញ្ចូលទៅក្នុងបណ្ដាញសមូហកម្មទេ នៅពេលគណនី \"",{"t":"idOrVar","v":"switch"},"\" មិនបានត្រួតពិនិត្យ តើអ្នកនៅតែចង់មិនត្រួតពិនត្យបែបនេះឬ?"]},{"$i":"yes","$v":"បាទ/ចាស"},{"$i":"all-contacts-synced","$v":"ទំនាក់ទំនងទាំងអស់ត្រូវបានធ្វើសមកាលកម្ម។"},{"$i":"contact-syncing","$v":"ទំនាក់ទំនងកំពុងធ្វើសមកាលកម្ម ..."},{"$i":"contacts-sync-limit-exceed","$v":"ការធ្វើសមកាលកម្មទំនាក់ទំនងមិនត្រូវបានបញ្ចប់ដោយសារតែលើសដែនកំណត់ទំនាក់ទំនង។"},{"$i":"show-password","$v":"បង្ហាញ​ពាក្យ​សម្ងាត់"},{"$i":"password-incorrect","$v":"ពាក្យ​សម្ងាត់​ខុស។"},{"$i":"re-enter-password","$v":"បញ្ចូល​លេខសំងាត់​ម្តង​ទៀត"},{"$i":"accessing-warn","$v":"មានបញ្ហាក្នុងការចូលប្រើគណនីរបស់អ្នក។"},{"$i":"accessing-warn-password","$v":"សូមបញ្ចូលពាក្យសម្ងាត់ឡើងវិញ។"},{"$i":"re-enter-password-on-setting","$v":"សូមបញ្ចូលពាក្យសម្ងាត់ឡើងវិញនៅលើការកំណត់ទំនាក់ទំនង។"},{"$i":"accessing-warn-relogin","$v":"សូមលុបគណនីចោល ហើយចូលម្ដងទៀត។"},{"$i":"update-password-failed","$v":"ការធ្វើបច្ចុប្បន្នភាពលេខសម្ងាត់បរាជ័យ សូម​ព្យាយាម​ម្ដង​ទៀត​នៅ​ពេល​ក្រោយ។"},{"$i":"connect-time-out","$v":["មិនអាចបង្កើតការតភ្ជាប់ជាមួយ \"",{"t":"idOrVar","v":"server"},"\" បានទេ។ ប្រហែលជាមានបញ្ហាជាមួយបណ្តាញ។ "]},{"$i":"server-error","$v":"ម៉ាស៊ីន​បម្រើ​មិន​អាច​ប្រើ​បាន។ សូម​សាក​ម្ដង​ទៀត​ពេល​ក្រោយ។"},{"$i":"loading","$v":"កំពុង​ស្រង់..."},{"$i":"ellipsis","$v":"..."},{"$i":"stop-syncing-warn-title","$v":"ទំនាក់ទំនងធ្វើសមកាលកម្ម"},{"$i":"stop-syncing-warn","$v":"ការបិទកម្មវិធីនឹងបញ្ឈប់ដំណើរការធ្វើសមកាលកម្មទំនាក់ទំនង។ តើអ្នកនៅតែចង់បិទវាទេ?"},{"$i":"weekday-0-long","$v":"អាទិត្យ"},{"$i":"weekday-1-long","$v":"ចន្ទ"},{"$i":"weekday-2-long","$v":"អង្គារ"},{"$i":"weekday-3-long","$v":"ពុធ"},{"$i":"weekday-4-long","$v":"ព្រហស្បតិ៍"},{"$i":"weekday-5-long","$v":"សុក្រ"},{"$i":"weekday-6-long","$v":"សៅរ៍"},{"$i":"weekday-0-short","$v":"អា"},{"$i":"weekday-1-short","$v":"ច"},{"$i":"weekday-2-short","$v":"អ"},{"$i":"weekday-3-short","$v":"ពុ"},{"$i":"weekday-4-short","$v":"ព្រ"},{"$i":"weekday-5-short","$v":"សុ"},{"$i":"weekday-6-short","$v":"ស"},{"$i":"month-0-long","$v":"មករា"},{"$i":"month-1-long","$v":"កុម្ភៈ"},{"$i":"month-2-long","$v":"មីនា"},{"$i":"month-3-long","$v":"មេសា"},{"$i":"month-4-long","$v":"ឧសភា"},{"$i":"month-5-long","$v":"មិថុនា"},{"$i":"month-6-long","$v":"កក្កដា"},{"$i":"month-7-long","$v":"សីហា"},{"$i":"month-8-long","$v":"កញ្ញា"},{"$i":"month-9-long","$v":"តុលា"},{"$i":"month-10-long","$v":"វិច្ឆិកា"},{"$i":"month-11-long","$v":"ធ្នូ"},{"$i":"month-0-genitive","$v":"មករា"},{"$i":"month-1-genitive","$v":"កុម្ភៈ"},{"$i":"month-2-genitive","$v":"មីនា"},{"$i":"month-3-genitive","$v":"មេសា"},{"$i":"month-4-genitive","$v":"ឧសភា"},{"$i":"month-5-genitive","$v":"មិថុនា"},{"$i":"month-6-genitive","$v":"កក្កដា"},{"$i":"month-7-genitive","$v":"សីហា"},{"$i":"month-8-genitive","$v":"កញ្ញា"},{"$i":"month-9-genitive","$v":"តុលា"},{"$i":"month-10-genitive","$v":"វិច្ឆិកា"},{"$i":"month-11-genitive","$v":"ធ្នូ"},{"$i":"month-0-short","$v":"មករា"},{"$i":"month-1-short","$v":"កុម្ភៈ"},{"$i":"month-2-short","$v":"មីនា"},{"$i":"month-3-short","$v":"មេសា"},{"$i":"month-4-short","$v":"ឧសភា"},{"$i":"month-5-short","$v":"មិថុនា"},{"$i":"month-6-short","$v":"កក្កដា"},{"$i":"month-7-short","$v":"សីហា"},{"$i":"month-8-short","$v":"កញ្ញា"},{"$i":"month-9-short","$v":"តុលា"},{"$i":"month-10-short","$v":"វិច្ឆិកា"},{"$i":"month-11-short","$v":"ធ្នូ"},{"$i":"minutes-ago-long","$v":{"few":[{"t":"idOrVar","v":"value"}," នាទី​មុន"],"many":[{"t":"idOrVar","v":"value"}," នាទី​មុន"],"other":[{"t":"idOrVar","v":"value"}," នាទី​មុន"],"two":[{"t":"idOrVar","v":"value"}," នាទី​មុន"],"one":"មួយ​នាទី​មុន","zero":"អម្បាញ់​មិញ"},"$x":[{"t":"idOrVar","v":"plural"},"value"]},{"$i":"hours-ago-long","$v":{"few":[{"t":"idOrVar","v":"value"}," ម៉ោង​មុន"],"many":[{"t":"idOrVar","v":"value"}," ម៉ោង​មុន"],"other":[{"t":"idOrVar","v":"value"}," ម៉ោង​មុន"],"two":[{"t":"idOrVar","v":"value"}," ម៉ោង​មុន"],"one":"1 ម៉ោងមុន","zero":"អម្បាញ់​មិញ"},"$x":[{"t":"idOrVar","v":"plural"},"value"]},{"$i":"days-ago-long","$v":{"few":[{"t":"idOrVar","v":"value"}," ថ្ងៃ​មុន"],"many":[{"t":"idOrVar","v":"value"}," ថ្ងៃ​មុន"],"one":"ម្សិល​មិញ","other":[{"t":"idOrVar","v":"value"}," ថ្ងៃ​មុន"],"two":[{"t":"idOrVar","v":"value"}," ថ្ងៃ​មុន"],"zero":"ថ្ងៃ​នេះ"},"$x":[{"t":"idOrVar","v":"plural"},"value"]},{"$i":"weeks-ago-long","$v":{"few":[{"t":"idOrVar","v":"value"}," សប្ដាហ៍​មុន"],"many":[{"t":"idOrVar","v":"value"}," សប្ដាហ៍​មុន"],"one":"សប្ដាហ៍​មុន","other":[{"t":"idOrVar","v":"value"}," សប្ដាហ៍​មុន"],"two":[{"t":"idOrVar","v":"value"}," សប្ដាហ៍​មុន"],"zero":"សប្ដាហ៍​នេះ"},"$x":[{"t":"idOrVar","v":"plural"},"value"]},{"$i":"months-ago-long","$v":{"few":[{"t":"idOrVar","v":"value"}," ខែ​មុន"],"many":[{"t":"idOrVar","v":"value"}," ខែ​មុន"],"one":"ខែ​មុន","other":[{"t":"idOrVar","v":"value"}," ខែ​មុន"],"two":[{"t":"idOrVar","v":"value"}," ខែ​មុន"],"zero":"ខែ​នេះ"},"$x":[{"t":"idOrVar","v":"plural"},"value"]},{"$i":"years-ago-long","$v":{"few":[{"t":"idOrVar","v":"value"}," ឆ្នាំ​មុន"],"many":[{"t":"idOrVar","v":"value"}," ឆ្នាំ​មុន"],"one":"ឆ្នាំ​មុន","other":[{"t":"idOrVar","v":"value"}," ឆ្នាំ​មុន"],"two":[{"t":"idOrVar","v":"value"}," ឆ្នាំ​មុន"],"zero":"ឆ្នាំ​នេះ"},"$x":[{"t":"idOrVar","v":"plural"},"value"]},{"$i":"minutes-until-long","$v":{"few":["ក្នុង​ពេល ",{"t":"idOrVar","v":"value"}," នាទី"],"many":["ក្នុង​ពេល ",{"t":"idOrVar","v":"value"}," នាទី"],"other":["ក្នុង​ពេល ",{"t":"idOrVar","v":"value"}," នាទី"],"two":["ក្នុង​ពេល ",{"t":"idOrVar","v":"value"}," នាទី"],"zero":"ឥឡូវ","one":"ក្នុង ១ នាទី"},"$x":[{"t":"idOrVar","v":"plural"},"value"]},{"$i":"hours-until-long","$v":{"few":["ក្នុង​ពេល ",{"t":"idOrVar","v":"value"}," ម៉ោង"],"many":["ក្នុង​ពេល ",{"t":"idOrVar","v":"value"}," ម៉ោង"],"other":["ក្នុង​ពេល ",{"t":"idOrVar","v":"value"}," ម៉ោង"],"two":["ក្នុង​ពេល ",{"t":"idOrVar","v":"value"}," ម៉ោង"],"zero":"ឥឡូវ","one":"ក្នុង ១ ម៉ោង"},"$x":[{"t":"idOrVar","v":"plural"},"value"]},{"$i":"days-until-long","$v":{"few":["ក្នុង​ពេល ",{"t":"idOrVar","v":"value"}," ថ្ងៃ"],"many":["ក្នុង​ពេល ",{"t":"idOrVar","v":"value"}," ថ្ងៃ"],"one":"ស្អែក","other":["ក្នុង​ពេល ",{"t":"idOrVar","v":"value"}," ថ្ងៃ"],"two":["ក្នុង​ពេល ",{"t":"idOrVar","v":"value"}," ថ្ងៃ"],"zero":"ថ្ងៃ​នេះ"},"$x":[{"t":"idOrVar","v":"plural"},"value"]},{"$i":"weeks-until-long","$v":{"few":["ក្នុង​ពេល ",{"t":"idOrVar","v":"value"}," សប្ដាហ៍"],"many":["ក្នុង​ពេល ",{"t":"idOrVar","v":"value"}," សប្ដាហ៍"],"one":"សប្ដាហ៍​ក្រោយ","other":["ក្នុង​ពេល ",{"t":"idOrVar","v":"value"}," សប្ដាហ៍"],"two":["ក្នុង​ពេល ",{"t":"idOrVar","v":"value"}," សប្ដាហ៍"],"zero":"សប្ដាហ៍​នេះ"},"$x":[{"t":"idOrVar","v":"plural"},"value"]},{"$i":"months-until-long","$v":{"few":["ក្នុង​ពេល ",{"t":"idOrVar","v":"value"}," ខែ"],"many":["ក្នុង​ពេល ",{"t":"idOrVar","v":"value"}," ខែ"],"one":"ខែ​ក្រោយ","other":["ក្នុង​ពេល ",{"t":"idOrVar","v":"value"}," ខែ"],"two":["ក្នុង​ពេល ",{"t":"idOrVar","v":"value"}," ខែ"],"zero":"ខែ​នេះ"},"$x":[{"t":"idOrVar","v":"plural"},"value"]},{"$i":"years-until-long","$v":{"few":["ក្នុង​ពេល ",{"t":"idOrVar","v":"value"}," ឆ្នាំ"],"many":["ក្នុង​ពេល ",{"t":"idOrVar","v":"value"}," ឆ្នាំ"],"one":"ឆ្នាំ​ក្រោយ","other":["ក្នុង​ពេល ",{"t":"idOrVar","v":"value"}," ឆ្នាំ"],"two":["ក្នុង​ពេល ",{"t":"idOrVar","v":"value"}," ឆ្នាំ"],"zero":"ឆ្នាំ​នេះ"},"$x":[{"t":"idOrVar","v":"plural"},"value"]},{"$i":"minutes-ago-short","$v":{"other":[{"t":"idOrVar","v":"value"}," នា. មុន"],"zero":"អម្បាញ់​មិញ"},"$x":[{"t":"idOrVar","v":"plural"},"value"]},{"$i":"hours-ago-short","$v":{"other":[{"t":"idOrVar","v":"value"}," ម៉. មុន"],"zero":"អម្បាញ់​មិញ"},"$x":[{"t":"idOrVar","v":"plural"},"value"]},{"$i":"days-ago-short","$v":{"other":[{"t":"idOrVar","v":"value"}," ថ្ងៃ​មុន"],"zero":"ថ្ងៃ​នេះ"},"$x":[{"t":"idOrVar","v":"plural"},"value"]},{"$i":"minutes-until-short","$v":{"other":["ក្នុង​ពេល ",{"t":"idOrVar","v":"value"}," នា"],"zero":"ឥឡូវ"},"$x":[{"t":"idOrVar","v":"plural"},"value"]},{"$i":"hours-until-short","$v":{"other":["ក្នុងពេល  ",{"t":"idOrVar","v":"value"}," ម៉"],"zero":"ឥឡូវ"},"$x":[{"t":"idOrVar","v":"plural"},"value"]},{"$i":"days-until-short","$v":{"other":["ក្នុង​ពេល ",{"t":"idOrVar","v":"value"}," ថ្ងៃ"],"zero":"ថ្ងៃ​នេះ"},"$x":[{"t":"idOrVar","v":"plural"},"value"]},{"$i":"incorrectDate","$v":"(កាល​បរិច្ឆេទ​ខុស)"},{"$i":"dateTimeFormat_%c","$v":"%a %b %e %Y %I:%M:%S %p"},{"$i":"dateTimeFormat_%x","$v":"%d/%m/%Y"},{"$i":"dateTimeFormat_%X","$v":"%I:%M:%S %p"},{"$i":"shortTimeFormat","$v":"%I:%M %p"},{"$i":"shortTimeFormat12","$v":"%I:%M %p"},{"$i":"shortTimeFormat24","$v":"%H:%M"},{"$i":"shortDateTimeFormat","$v":"%x %I:%M %p"},{"$i":"weekStartsOnMonday","$v":"0.0"},{"$i":"firstDayOfTheWeek","$v":"0.0"},{"$i":"time_am","$v":"ព្រឹក"},{"$i":"time_pm","$v":"រសៀល"},{"$i":"sim-with-index-and-carrier","$v":["SIM ",{"t":"idOrVar","v":"index"}," - ",{"t":"idOrVar","v":"carrier"}]},{"$i":"sim-without-carrier","$v":["SIM ",{"t":"idOrVar","v":"index"}]}]