[{"$i":"contacts","$v":"ລາຍຊື່ຜູ່ຕິດຕໍ່"},{"$i":"view","$v":"ເບິ່ງ"},{"$i":"no-contacts","$v":"ບໍ່ມີລາຍຊື່ຜູ້ຕິດຕໍ່ໃດໆ."},{"$i":"reading-contacts","$v":"ກຳລັງໂຫຼດລາຍຊື່ຜູ້ຕິດຕໍ່"},{"$i":"start-adding","$v":"ກົດ ໃໝ່ ຫລືເຂົ້າໄປທີ່ Settings ເພື່ອເພີ່ມລາຍຊື່ຜູ້ຕິດຕໍ່."},{"$i":"no-contact-available","$v":"ບໍ່ມີລາຍຊື່ຜູ້ຕິດຕໍ່"},{"$i":"requested-contact-not-available","$v":"ຂໍ້ມູນທີ່ຮ້ອງຂໍບໍ່ມີຢູ່ໃນລາຍຊື່ຜູ້ຕິດຕໍ່ທີ່ມີຢູ່."},{"$i":"cannot-add-as-empty","$v":"ບໍ່ສາມາດເພີ່ມເຂົ້າໃນລາຍຊື່ຕິດຕໍ່ ເນື່ອງຈາກຊື່ຕິດຕໍ່ຂອງທ່ານວ່າງເປົ່າ"},{"$i":"ok","$v":"ຕົກລົງ"},{"$i":"no-phone-number-to-dial","$v":"ບໍ່ມີເບີໂທລະສັບທີ່ຈະໂທອອກ"},{"$i":"video-call","$v":"ໂທວິດີໂອ"},{"$i":"rtt-call","$v":"ການໂທ RTT"},{"$i":"select-a-contact","$v":"ເລືອກຊື່ຕິດຕໍ່"},{"$i":"multi-pick-max-warn","$v":["ຈໍານວນການເລືອກທີ່ສູງສຸດແມ່ນ ",{"t":"idOrVar","v":"n"}]},{"$i":"add-contact-failed","$v":"ເພີ່ມລາຍຊື່ຜູ້ຕິດຕໍ່ໄດ້ບໍ່ສຳເລັດ"},{"$i":"no-sim-card-available","$v":"ບໍ່ມີບັດ SIM"},{"$i":"email-cannot-add-to-sim","$v":"ອີເມວບໍ່ໄດ້ຮັບການສະ ໜັບ ສະ ໜູນ ຈາກການເລືອກ ໜ່ວຍ ຄວາມ ຈຳ ໃນປະຈຸບັນ."},{"$i":"add-info-failed","$v":"ເພີ່ມຂໍ້ມູນລົ້ມເຫລວ"},{"$i":"no-contact-to-add","$v":"ບໍ່ມີການຕິດຕໍ່ທີ່ມີຢູ່ເພື່ອເພີ່ມ."},{"$i":"move","$v":"ຍ້າຍ"},{"$i":"copy","$v":"ຄັດລອກ"},{"$i":"copy-contacts","$v":"ຄັດລອກ​ລາຍ​ຊື່​​ຕິດ​ຕໍ່"},{"$i":"move-contacts","$v":"ຍ້າຍລາຍຊື່ຜູ້ຕິດຕໍ່"},{"$i":"phone-memory","$v":"ໜ່ວຍຄວາມຈຳໃນໂທລະສັບ"},{"$i":"sim-memory","$v":"ໜ່ວຍຄວາມຈຳ SIM"},{"$i":"sim-0-memory","$v":"ໜ່ວຍຄວາມຈຳ SIM 1"},{"$i":"sim-1-memory","$v":"ໜ່ວຍຄວາມຈຳ SIM 2"},{"$i":"move-from","$v":"ຍ້າຍຈາກ"},{"$i":"copy-from","$v":"ຄັດລອກຈາກ"},{"$i":"to","$v":"ເຖິງ"},{"$i":"move-contacts-progressing","$v":"ກຳລັງຍ້າຍລາຍຊື່ຜູ້ຕິດຕໍ່..."},{"$i":"copy-contacts-progressing","$v":"ກຳລັງຄັດລອກລາຍຊື່ຜູ້ຕິດຕໍ່..."},{"$i":"contact-move-to-sim","$v":{"few":[{"t":"idOrVar","v":"migrated"}," ໄດ້ຍ້າຍລາຍຊື່ຜູ້ຕິດຕໍ່ຫາ ຊິມ."],"many":[{"t":"idOrVar","v":"migrated"}," ໄດ້ຍ້າຍລາຍຊື່ຜູ້ຕິດຕໍ່ຫາ ຊິມ."],"one":"1 ລາຍຊື່ຜູ້ຕິດຕໍ່ໄດ້ຍ້າຍຫາ ຊິມ.","other":[{"t":"idOrVar","v":"migrated"}," ໄດ້ຍ້າຍລາຍຊື່ຜູ້ຕິດຕໍ່ຫາ ຊິມ."],"two":[{"t":"idOrVar","v":"migrated"}," ໄດ້ຍ້າຍລາຍຊື່ຜູ້ຕິດຕໍ່ຫາ ຊິມ."],"zero":"ບໍ່ມີລາຍຊື່ຜູ້ຕິດຕໍ່ຍ້າຍຫາ ຊິມ."},"$x":[{"t":"idOrVar","v":"plural"},"migrated"]},{"$i":"contact-copy-to-sim","$v":{"few":[{"t":"idOrVar","v":"migrated"}," ໄດ້ສຳເນົາລາຍຊື່ຜູ້ຕິດຕໍ່ຫາ ຊິມ."],"many":[{"t":"idOrVar","v":"migrated"}," ໄດ້ສຳເນົາລາຍຊື່ຜູ້ຕິດຕໍ່ຫາ ຊິມ."],"one":"1 ລາຍຊື່ຜູ້ຕິດຕໍ່ໄດ້ສຳເນົາຫາ ຊິມ.","other":[{"t":"idOrVar","v":"migrated"}," ໄດ້ສຳເນົາລາຍຊື່ຜູ້ຕິດຕໍ່ຫາ ຊິມ."],"two":[{"t":"idOrVar","v":"migrated"}," ໄດ້ສຳເນົາລາຍຊື່ຜູ້ຕິດຕໍ່ຫາ ຊິມ."],"zero":"ບໍ່ມີລາຍຊື່ຜູ້ຕິດຕໍ່ສຳເນົາຫາ ຊິມ."},"$x":[{"t":"idOrVar","v":"plural"},"migrated"]},{"$i":"contact-move-to-sim0","$v":{"few":[{"t":"idOrVar","v":"migrated"}," ໄດ້ຍ້າຍລາຍຊື່ຜູ້ຕິດຕໍ່ຫາ ຊິມ 1."],"many":[{"t":"idOrVar","v":"migrated"}," ໄດ້ຍ້າຍລາຍຊື່ຜູ້ຕິດຕໍ່ຫາ ຊິມ 1."],"one":"1 ລາຍຊື່ຜູ້ຕິດຕໍ່ໄດ້ຍ້າຍຫາ ຊິມ 1.","other":[{"t":"idOrVar","v":"migrated"}," ໄດ້ຍ້າຍລາຍຊື່ຜູ້ຕິດຕໍ່ຫາ ຊິມ 1."],"two":[{"t":"idOrVar","v":"migrated"}," ໄດ້ຍ້າຍລາຍຊື່ຜູ້ຕິດຕໍ່ຫາ ຊິມ 1."],"zero":"ບໍ່ມີລາຍຊື່ຜູ້ຕິດຕໍ່ຍ້າຍຫາ ຊິມ 1."},"$x":[{"t":"idOrVar","v":"plural"},"migrated"]},{"$i":"contact-copy-to-sim0","$v":{"few":[{"t":"idOrVar","v":"migrated"}," ໄດ້ສຳເນົາລາຍຊື່ຜູ້ຕິດຕໍ່ຫາ ຊິມ 1."],"many":[{"t":"idOrVar","v":"migrated"}," ໄດ້ສຳເນົາລາຍຊື່ຜູ້ຕິດຕໍ່ຫາ ຊິມ 1."],"one":"1 ລາຍຊື່ຜູ້ຕິດຕໍ່ໄດ້ສຳເນົາຫາ ຊິມ 1.","other":[{"t":"idOrVar","v":"migrated"}," ໄດ້ສຳເນົາລາຍຊື່ຜູ້ຕິດຕໍ່ຫາ ຊິມ 1."],"two":[{"t":"idOrVar","v":"migrated"}," ໄດ້ສຳເນົາລາຍຊື່ຜູ້ຕິດຕໍ່ຫາ ຊິມ 1."],"zero":"ບໍ່ມີລາຍຊື່ຜູ້ຕິດຕໍ່ສຳເນົາຫາ ຊິມ 1."},"$x":[{"t":"idOrVar","v":"plural"},"migrated"]},{"$i":"contact-move-to-sim1","$v":{"few":[{"t":"idOrVar","v":"migrated"}," ໄດ້ຍ້າຍລາຍຊື່ຜູ້ຕິດຕໍ່ຫາ ຊິມ 2."],"many":[{"t":"idOrVar","v":"migrated"}," ໄດ້ຍ້າຍລາຍຊື່ຜູ້ຕິດຕໍ່ຫາ ຊິມ 2."],"one":"1 ລາຍຊື່ຜູ້ຕິດຕໍ່ໄດ້ຍ້າຍຫາ ຊິມ 2.","other":[{"t":"idOrVar","v":"migrated"}," ໄດ້ຍ້າຍລາຍຊື່ຜູ້ຕິດຕໍ່ຫາ ຊິມ 2."],"two":[{"t":"idOrVar","v":"migrated"}," ໄດ້ຍ້າຍລາຍຊື່ຜູ້ຕິດຕໍ່ຫາ ຊິມ 2."],"zero":"ບໍ່ມີລາຍຊື່ຜູ້ຕິດຕໍ່ຍ້າຍຫາ ຊິມ 2."},"$x":[{"t":"idOrVar","v":"plural"},"migrated"]},{"$i":"contact-copy-to-sim1","$v":{"few":[{"t":"idOrVar","v":"migrated"}," ໄດ້ສຳເນົາລາຍຊື່ຜູ້ຕິດຕໍ່ຫາ ຊິມ 2."],"many":[{"t":"idOrVar","v":"migrated"}," ໄດ້ສຳເນົາລາຍຊື່ຜູ້ຕິດຕໍ່ຫາ ຊິມ 2."],"one":"1 ລາຍຊື່ຜູ້ຕິດຕໍ່ໄດ້ສຳເນົາຫາ ຊິມ 2.","other":[{"t":"idOrVar","v":"migrated"}," ໄດ້ສຳເນົາລາຍຊື່ຜູ້ຕິດຕໍ່ຫາ ຊິມ 2."],"two":[{"t":"idOrVar","v":"migrated"}," ໄດ້ສຳເນົາລາຍຊື່ຜູ້ຕິດຕໍ່ຫາ ຊິມ 2."],"zero":"ບໍ່ມີລາຍຊື່ຜູ້ຕິດຕໍ່ສຳເນົາຫາ ຊິມ 2"},"$x":[{"t":"idOrVar","v":"plural"},"migrated"]},{"$i":"contact-move-to-device","$v":{"one":"1 ລາຍຊື່ຜູ້ຕິດຕໍ່ຖືກຍ້າຍໄປຢູ່ໃນໂທລະສັບ.","zero":"ບໍ່ໄດ້ຕິດຕໍ່ຫາໂທລະສັບ.","few":["ຍ້າຍ ",{"t":"idOrVar","v":"migrated"}," ລາຍຊື່ຜູ້ຕິດຕໍ່ໄປໃສ່ໂທລະສັບແລ້ວ."],"many":["ຍ້າຍ ",{"t":"idOrVar","v":"migrated"}," ລາຍຊື່ຜູ້ຕິດຕໍ່ໄປໃສ່ໂທລະສັບແລ້ວ."],"other":["ຍ້າຍ ",{"t":"idOrVar","v":"migrated"}," ລາຍຊື່ຜູ້ຕິດຕໍ່ໄປໃສ່ໂທລະສັບແລ້ວ."],"two":["ຍ້າຍ ",{"t":"idOrVar","v":"migrated"}," ລາຍຊື່ຜູ້ຕິດຕໍ່ໄປໃສ່ໂທລະສັບແລ້ວ."]},"$x":[{"t":"idOrVar","v":"plural"},"migrated"]},{"$i":"contact-copy-to-device","$v":{"one":"1 ລາຍຊື່ຜູ້ຕິດຕໍ່ທີ່ຖືກຄັດລອກໄປທີ່ໂທລະສັບ.","zero":"ບໍ່ມີການຕິດຕໍ່ ສຳ ເນົາໂທລະສັບ.","few":["ສຳເນົາ ",{"t":"idOrVar","v":"migrated"}," ລາຍຊື່ຜູ້ຕິດຕໍ່ໄປໃສ່ໂທລະສັບແລ້ວ."],"many":["ສຳເນົາ ",{"t":"idOrVar","v":"migrated"}," ລາຍຊື່ຜູ້ຕິດຕໍ່ໄປໃສ່ໂທລະສັບແລ້ວ."],"other":["ສຳເນົາ ",{"t":"idOrVar","v":"migrated"}," ລາຍຊື່ຜູ້ຕິດຕໍ່ໄປໃສ່ໂທລະສັບແລ້ວ."],"two":["ສຳເນົາ ",{"t":"idOrVar","v":"migrated"}," ລາຍຊື່ຜູ້ຕິດຕໍ່ໄປໃສ່ໂທລະສັບແລ້ວ."]},"$x":[{"t":"idOrVar","v":"plural"},"migrated"]},{"$i":"copy-contact-failed","$v":"ລາຍຊື່ຜູ້ຕິດຕໍ່ ສຳ ເລັດລົ້ມເຫລວ"},{"$i":"move-contact-failed","$v":"ການຍ້າຍຕິດຕໍ່ລົ້ມເຫລວ"},{"$i":"contact-copy-error-sim-full","$v":"ຕິດຕໍ່ ສຳ ເນົາບໍ່ ສຳ ເລັດເນື່ອງຈາກຊິມກາດເຕັມແລ້ວ."},{"$i":"contact-copy-error-unknown","$v":"ສຳ ເນົາລາຍຊື່ຜູ້ຕິດຕໍ່ບໍ່ ສຳ ເລັດຍ້ອນມີຂໍ້ຜິດພາດ."},{"$i":"contact-copy-error-limit-exceeded","$v":"ສຳເນົາຊື່ຜູ້ຕິດຕໍ່ບໍ່ສົມບູນເນື່ອງຈາກເກີນຂີດຈຳກັດຂອງຊື່ຜູ້ຕິດຕໍ່."},{"$i":"contact-move-error-sim-full","$v":"ຍ້າຍລາຍຊື່ຜູ້ຕິດຕໍ່ບໍ່ ສຳ ເລັດເນື່ອງຈາກຊິມກາດເຕັມແລ້ວ."},{"$i":"contact-move-error-unknown","$v":"ຍ້າຍການຕິດຕໍ່ບໍ່ ສຳ ເລັດເນື່ອງຈາກມີຂໍ້ຜິດພາດ."},{"$i":"contact-move-error-limit-exceeded","$v":"ຍ້າຍຊື່ຜູ້ຕິດຕໍ່ບໍ່ສົມບູນເນື່ອງຈາກເກີນຂີດຈຳກັດຂອງຊື່ຜູ້ຕິດຕໍ່."},{"$i":"contact-save-error-unknown","$v":"ບັນທຶກການຕິດຕໍ່ບໍ່ ສຳ ເລັດເນື່ອງຈາກມີຂໍ້ຜິດພາດ."},{"$i":"memory","$v":"ໜ່ວຍຄວາມຈຳ"},{"$i":"phone-and-sim","$v":"ໂທລະສັບ ແລະ SIM"},{"$i":"phone","$v":"ໂທລະສັບ"},{"$i":"sim","$v":"SIM"},{"$i":"reloading-contact","$v":"ກຳລັງໂຫຼດລາຍຊື່ຜູ້ຕິດຕໍ່ອີກຄັ້ງ…"},{"$i":"contact-reloaded","$v":"ໂຫຼດລາຍຊື່ຜູ້ຕິດຕໍ່ແລ້ວ"},{"$i":"message","$v":"ຂໍ້ຄວາມ"},{"$i":"changes-saved","$v":"ບັນທຶກການປ່ຽນແປງແລ້ວ."},{"$i":"already-ice-contact","$v":"ລາຍຊື່ຜູ້ຕິດຕໍ່ທີ່ເລືອກໄດ້ຖືກຕັ້ງໄວ້ເປັນ ICE ແລ້ວ."},{"$i":"phone-contacts-limit-exceeded","$v":"ເກີດຂີດຈຳກັດລາຍຊື່ຕິດຕໍ່ໂທລະສັບແລ້ວ."},{"$i":"sim-contacts-limit-exceeded","$v":"ເກີນຂີດຈຳກັດລາຍຊື່ຕິດຕໍ່ SIM ແລ້ວ."},{"$i":"more-info","$v":"ຂໍ້ຄວາມອື່ນ"},{"$i":"callAirplaneModeTitle","$v":"ເປີດນຳໃຊ້ໂໝດເຄື່ອງບິນ ແລ້ວ"},{"$i":"callAirplaneModeMessage","$v":"ເພື່ອຈະໂທອອກ ທ່ານຕ້ອງປິດ ໂໝດເຄື່ອງບິນໃນການຕັ້ງຄ່າ."},{"$i":"emergencyDialogTitle","$v":"ເຄືອຂ່າຍບໍ່ເຊື່ອມຕໍ່"},{"$i":"emergencyDialogBodyBadNumber","$v":"ເມື່ອຕ້ອງການໂທ, ໂທລະສັບຕ້ອງເຊື່ອມຕໍ່ກັບເຄືອຂ່າຍ."},{"$i":"emergencyDialogBodyDeviceNotAccepted","$v":"ທາງເຄືອຂ່າຍບໍ່ໄດ້ ໃຫ້ອານຸຍາດນຳໃຊ້ ການໂທສຸກເສີນ"},{"$i":"invalidNumberToDialTitle","$v":"ໝາຍເລກໂທລະສັບບໍ່ຖືກຕ້ອງ"},{"$i":"invalidNumberToDialMessage","$v":"ໝາຍເລກໂທລະສັບທີ່ທ່ານ ກຳລັງໂທບໍ່ຖືກຕ້ອງ."},{"$i":"invalidNumberToSendTitle","$v":"ເບີໂທລະສັບບໍ່ຖືກຕ້ອງ"},{"$i":"invalidNumberToSendMessage","$v":"ເບີໂທທີ່ທ່ານສົ່ງຂໍ້ຄວາມບໍ່ຖືກຕ້ອງ."},{"$i":"emergency-call-only","$v":"ສະເພາະການໂທສຸກເສີນ"},{"$i":"emergency-call-error","$v":[{"t":"idOrVar","v":"number"}," ບໍ່ແມ່ນເບີໂທສຸກເສີນ."]},{"$i":"numberIsBusyTitle","$v":"ໝາຍເລກໂທລະສັບຍັງບໍ່ວ່າງ"},{"$i":"numberIsBusyMessage","$v":"ໝາຍເລກທີ່ທ່ານເອີ້ນຍັງ ບໍ່ຫວ່າງ. ກະລຸນາໂທໃໝ່ ໃນຄັ້ງໜ້າ."},{"$i":"fdnIsActiveTitle","$v":"FDN ຖືກນຳໃຊ້ຢູ່"},{"$i":"fdnIsActiveMessage","$v":["FDN (ເບີກຳນົດແທນເບີໂທ) ໄດ້ຖືກເປີດນຳໃຊ້ ແລະເບີດັ່ງຕໍ່ໄປນີ້ ແມ່ນບໍ່ຢູ່ໃນ ລາຍການ FDN ຂອງທ່ານ: ",{"t":"idOrVar","v":"number"}]},{"$i":"otherConnectionInUseTitle","$v":"ການເຊື່ອມຕໍ່ອື່ນກຳລັງໃຊ້ງານ"},{"$i":"otherConnectionInUseMessage","$v":"ທ່ານມີສາຍທີ່ໃຊ້ງານໄດ້ໃນ ການເຊື່ອມຕໍ່ກັບສາຍອື່ນໆ. ທ່ານສາມາດໃຊ້ການເຊື່ອມຕໍ່ ໄດ້ພຽງຄັ້ງລະເທື່ອເທົ່ານັ້ນ."},{"$i":"GenericFailure","$v":"ຄວາມລົ້ມເຫຼວທົ່ວໄປ"},{"$i":"CallFailed","$v":"ໂທບໍ່ສຳເລັດ"},{"$i":"scCallBarring","$v":"ຈຳກັດການໂທ"},{"$i":"scCallForwarding","$v":"ການໂອນສາຍ"},{"$i":"scClip","$v":"ID ຜູ້ໂທເຂົ້າ"},{"$i":"scClir","$v":"ID ຜູ່ໂທອອກ"},{"$i":"scPwd","$v":"ປ່ຽນລະຫັດຜ່ານໃໝ່"},{"$i":"scCallWaiting","$v":"ການລໍຖ້າສາຍ"},{"$i":"scPin","$v":"ປ່ຽນລະຫັດ PIN"},{"$i":"scPin2","$v":"ປ່ຽນລະຫັດ PIN2"},{"$i":"scPuk","$v":"ປົດລັອກ PIN"},{"$i":"scPuk2","$v":"ປົດລັອກ PIN2"},{"$i":"scImei","$v":"IMEI"},{"$i":"scMeid","$v":"MEID"},{"$i":"scUssd","$v":"USSD"},{"$i":"set-speed-dial","$v":"ຕັ້ງລາຍຊື່ໂທດ່ວນ"},{"$i":"empty","$v":"ເປົ່າຫວ່າງ"},{"$i":"voicemail","$v":"ຂໍ້ຄວາມສຽງ"},{"$i":"speed-dial","$v":"ໂທດ່ວນ"},{"$i":"add","$v":"ເພີ່ມ"},{"$i":"replace","$v":"ແທນທີ່"},{"$i":"remove-from-speed-dial","$v":"ລຶບອອກຈາກການໂທດ່ວນ"},{"$i":"custom-dialog-replace-speed-dial","$v":["ທ່ານໝັ້ນໃຈຫຼືບໍ່ວ່າ ຕ້ອງການຍ້າຍສາຍໂທດ່ວນ ",{"t":"idOrVar","v":"oldSpeedDial"}," ກັບ ",{"t":"idOrVar","v":"newSpeedDial"},"?"]},{"$i":"custom-dialog-remove-speed-dial","$v":["ທ່ານໝັ້ນໃຈຫຼືບໍ່ວ່າ ຕ້ອງການຍ້າຍ ",{"t":"idOrVar","v":"name"}," ຈາກການໂທດ່ວນ?"]},{"$i":"speed-dial-added","$v":"ເພີ່ມເລກໝາຍໂທດ່ວນແລ້ວ."},{"$i":"speed-dial-removed","$v":"ລຶບເລກໝາຍໂທດ່ວນອອກແລ້ວ."},{"$i":"speed-dial-replaced","$v":"ອັບເດດເລກໝາຍໂທດ່ວນແລ້ວ."},{"$i":"voice-mail","$v":"ຂໍ້ຄວາມສຽງ"},{"$i":"voice-mail-number","$v":["ເບີຂໍ້ຄວາມສຽງ - SIM ",{"t":"idOrVar","v":"n"},"          "]},{"$i":"voice-mail-number-single","$v":"ໝາຍ ເລກ Voicemail"},{"$i":"voice-mail-number-updated","$v":"ຈຳ ນວນ Voicemail ຖືກປັບປຸງແລ້ວ"},{"$i":"found-duplicates-message","$v":"ພົບມີຂໍ້ມູນຊຳ້ກັນໃນບັນຊີ ລາຍຊື່ດັ່ງຕໍ່ໄປນີ້. ທ່ານຕ້ອງການຮວມເຂົ້າກັນບໍ່?"},{"$i":"confirm-to-merge-contacts","$v":["ທ່ານໝັ້ນໃຈຫຼືບໍວ່າຈະຮວມ ",{"t":"idOrVar","v":"n"}," ລາຍຊື່ຕິດຕໍ່ກັບ ",{"t":"idOrVar","v":"name"},"?"]},{"$i":"contact-merged","$v":"ໄດ້ຮວບຮວມຜູ່ຕິດຕໍ່ແລ້ວ"},{"$i":"find-duplicate-contacts","$v":"ຄົ້ນຫາບັນຊີລາຍຊື່ຊຳ້ຊ້ອນ"},{"$i":"no-duplicate-contact-found","$v":"ບໍ່ພົບລາຍຊື່ຕິດຕໍ່ທີ່ຊໍ້າກັນ"},{"$i":"merge","$v":"ປະສານ"},{"$i":"find-dup","$v":"ຄົ້ນຫາບັນຊີລາຍຊື່ຊຳ້ຊ້ອນ"},{"$i":"find-dup-title","$v":"ຄົ້ນຫາບັນຊີລາຍຊື່ຊຳ້ຊ້ອນ"},{"$i":"finding-dup-message","$v":"ກຳລັງຄົ້ນຫາທີ່ຢູ່ຕິດຕໍ່ ທີ່ຊໍ້າກັນ..."},{"$i":"dup-found-title","$v":"ພົບຂໍ້ມູນຊຳ້ຊ້ອນ"},{"$i":"dup-found-message","$v":"ພົບຂໍ້ມູນທີ່ຊ້ຳກັນຢູ່ໃນລາຍຊື່ຜູ້ຕິດຕໍ່ໄປນີ້. ທ່ານຕ້ອງການຮວມເຂົ້າກັນບໍ?"},{"$i":"no-dup-found","$v":"ບໍ່ພົບລາຍການຊ້ຳກັນ"},{"$i":"merge-conflict-warn","$v":["ຂໍ້ມູນຕໍ່ໄປນີ້ຈະຖືກຂຽນທັບໂດຍ \"",{"t":"idOrVar","v":"name"},"\":"]},{"$i":"merge-conflict-confirm","$v":"ທ່ານແນ່ໃຈບໍວ່າທ່ານຕ້ອງການທີ່ຈະຮວມລາຍຊື່ຜູ້ຕິດຕໍ່ເຂົ້າກັນ?"},{"$i":"add-favorite","$v":"ເພີ່ມໃນລາຍການທີ່ມັກ"},{"$i":"remove-favorite","$v":"ລາຍການທີ່ມັກ"},{"$i":"favorite-contacts","$v":"ໃຊ້ປະຈຳ"},{"$i":"add-block","$v":"ບລັອກເບີໂທນີ້"},{"$i":"remove-block","$v":"ປົດບລັອກເບີໂທນີ້"},{"$i":"add-block-email","$v":"ບລັອກອີເມວນີ້"},{"$i":"remove-block-email","$v":"ຍົກເລີກອີເມວນີ້"},{"$i":"add-block-contact-warning","$v":"ທ່ານຈະບໍ່ໄດ້ຮັບໂທລະສັບ ແລະ ຂໍ້ຄວາມຈາກຄົນທີ່ຢູ່ໃນລາຍຊື່ບລັອກໄດ້."},{"$i":"add-block-email-warning","$v":"ທ່ານຈະບໍ່ໄດ້ຮັບຂໍ້ຄວາມຈາກທີ່ຢູ່ອີເມວນີ້."},{"$i":"block","$v":"ປິດກັ້ນ"},{"$i":"unblock","$v":"Unblock"},{"$i":"block-contacts","$v":"ບລັອກຜູ້ຕິດຕໍ່"},{"$i":"add-block-header","$v":"ເພີ່ມການບລັອກເບີໂທ"},{"$i":"remove-block-alert","$v":"ລຶບອອກຈາກບລັອກຜູ້ຕິດຕໍ່ແລ້ວ."},{"$i":"duplicate-block-number","$v":"ບໍ່ສາມາດເພີ່ມເບີຊ້ຳກັນໄດ້."},{"$i":"sort-contacts","$v":"ຈັດປະເພດຜູ້ຕິດຕໍ່"},{"$i":"sort-by-first-name","$v":"ຈັດປະເພດໂດຍຊື່"},{"$i":"sort-by-last-name","$v":"ຈັດປະເພດໂດຍນາມສະກຸນ"},{"$i":"no-support-open-multi-vcard","$v":"ບໍ່ສາມາດເປີດ vCard ທີ່ມີຜູ້ຕິດຕໍ່ຫຼາຍຄົນໄດ້"},{"$i":"import","$v":"ນຳເຂົ້າ"},{"$i":"sdcard","$v":"ກາດຄວາມຈຳ"},{"$i":"simcard","$v":"SIM ກາດ"},{"$i":"import-contacts","$v":"ນຳເຂົ້າລາຍຊື່ຜູ່ຕິດຕໍ່"},{"$i":"simContacts-error","$v":"ບໍ່ສາມາດນຳເຂົ້າຊື່ຕິດຕໍ່ ຈາກຊິມໄດ້"},{"$i":"memoryCardContacts-error","$v":"ບໍ່ສາມາດນຳເຂົ້າລາຍຊື່ ຕິດຕໍ່ຈາກກາຣ໌ດໜ່ວຍຄວາມ ຈຳ"},{"$i":"novCardFiles","$v":"ບໍ່ມີເອກະສານຕິດຕໍ່ພົວພັນທີ່ມີຢູ່ໃນບັດຄວາມຊົງຈໍາ."},{"$i":"fullDiskSpace-error","$v":"ພື້ນທີ່ເກັບຂໍ້ມູນເຕັມ, ບໍ່ສາມາດນຳເຂົ້າຊື່ຕິດຕໍ່ໄດ້."},{"$i":"socialServiceContacts-error","$v":["ບໍ່ສາມາດນຳລາຍຊື່ຜູ້ຕິດຕໍ່ເຂົ້າມາຈາກ ",{"t":"idOrVar","v":"service"}," ໄດ້."]},{"$i":"socialServiceContacts-noNetwork","$v":["ບໍ່ມີການເຊື່ອມຕໍ່ອິນເຕີເນັດ, ບໍ່ສາມາດນຳລາຍຊື່ຜູ້ຕິດຕໍ່ເຂົ້າມາຈາກ ",{"t":"idOrVar","v":"service"}," ໄດ້.      "]},{"$i":"simContacts-reading","$v":"ການອ່ານລາຍຊື່ຈາກ SIM…"},{"$i":"memoryCardContacts-reading","$v":"ການອ່ານລາຍຊື່ຈາກໜ່ວຍ ຄວາມຈຳ…"},{"$i":"importContactsTitle","$v":"ນຳເຂົ້າລາຍຊື່ຜູ່ຕິດຕໍ່"},{"$i":"retry","$v":"ກະລຸນາລອງໃໝ່ອີກຄັ້ງ"},{"$i":"noSimMsg","$v":"ເມື່ອຕ້ອງການເອົາລາຍຊື່ຜູ້ຕິດຕໍ່ເຂົ້າ ໃສ່ ຫຼື ປົດລັອກSIM ກາດ"},{"$i":"noSdcardMsg","$v":"ເມື່ອຕ້ອງການເອົາລາຍຊື່ຜູ້ຕິດເຂົ້າ ໃສ່ກາດໜ່ວຍຄວາມຈຳ"},{"$i":"not-imported","$v":"ບໍ່ໄດ້ນໍາເຂົ້າ"},{"$i":"imported","$v":"ນຳເຂົ້າແລ້ວ"},{"$i":"importing","$v":"ການນຳເຂົ້າ"},{"$i":"contact-imported","$v":["ນຳເຂົ້າ ",{"t":"idOrVar","v":"imported"}," ລາຍຊື່ຜູ້ຕິດຕໍ່ແລ້ວ. ລວມ ",{"t":"idOrVar","v":"dupes"}," ລາຍຊື່ຜູ້ຕິດຕໍ່ເຂົ້າກັນແລ້ວ."]},{"$i":"contact-imported2","$v":{"one":"1 ລາຍຊື່ຜູ້ຕິດຕໍ່ທີ່ ນຳ ເຂົ້າ.","zero":"ບໍ່ມີການຕິດຕໍ່ ນຳ ເຂົ້າ.","few":["ນຳ ",{"t":"idOrVar","v":"imported"}," ລາຍຊື່ຜູ້ຕິດຕໍ່ເຂົ້າມາແລ້ວ."],"many":["ນຳ ",{"t":"idOrVar","v":"imported"}," ລາຍຊື່ຜູ້ຕິດຕໍ່ເຂົ້າມາແລ້ວ."],"other":["ນຳ ",{"t":"idOrVar","v":"imported"}," ລາຍຊື່ຜູ້ຕິດຕໍ່ເຂົ້າມາແລ້ວ."],"two":["ນຳ ",{"t":"idOrVar","v":"imported"}," ລາຍຊື່ຜູ້ຕິດຕໍ່ເຂົ້າມາແລ້ວ."]},"$x":[{"t":"idOrVar","v":"plural"},"imported"]},{"$i":"reading-contacts-from-sim","$v":"ກຳລັງອ່ານລາຍຊື່ຕິດຕໍ່ຈາກແຜ່ນຊິມ..."},{"$i":"reading-contacts-from-gmail","$v":"ກຳລັງອ່ານລາຍຊື່ຕິດຕໍ່ຈາກ Gmail..."},{"$i":"reading-contacts-from-live","$v":"ກຳລັງອ່ານລາຍຊື່ຕິດຕໍ່ຈາກ Outlook..."},{"$i":"reading-contacts-from-sd","$v":"ກຳລັງອ່ານລາຍຊື່ຕິດຕໍ່ຈາກແຜ່ນຄວາມຈຳ..."},{"$i":"reading-contacts-from-vcard","$v":"ກຳລັງອ່ານລາຍຊື່ຕິດຕໍ່ຈາກໄຟລ໌..."},{"$i":"importing-contacts-from-sim","$v":"ກຳລັງນຳລາຍຊື່ຕິດຕໍ່ເຂົ້າມາຈາກແຜ່ນຊິມ..."},{"$i":"importing-contacts-from-gmail","$v":"ກຳລັງນຳລາຍຊື່ຕິດຕໍ່ເຂົ້າມາຈາກ Gmail..."},{"$i":"importing-contacts-from-live","$v":"ກຳລັງນຳລາຍຊື່ຕິດຕໍ່ເຂົ້າມາຈາກ Outlook..."},{"$i":"importing-contacts-from-sd","$v":"ກຳລັງນຳລາຍຊື່ຕິດຕໍ່ເຂົ້າມາຈາກແຜ່ນຄວາມຈຳ..."},{"$i":"importing-contacts-from-vcard","$v":"ກຳລັງນຳລາຍຊື່ຕິດຕໍ່ເຂົ້າມາຈາກໄຟລ໌..."},{"$i":"connect-network-to-import","$v":"ນຳເຂົ້າລາຍຊື່ຕິດຕໍ່, ເຊື່ອມຕໍ່ WiFi ຫຼື ເຄືອຂ່າຍຂໍ້ມູນ"},{"$i":"importing-confirm","$v":["ນໍາເຂົ້າລາຍຊື່ຜູ້ຕິດຕໍ່ ",{"t":"idOrVar","v":"n"}," ຄົນຈາກໄຟ \"",{"t":"idOrVar","v":"fileName"},"\" ບໍ?"]},{"$i":"importing-cancel-confirm","$v":"0.0"},{"$i":"import-contact-failed","$v":"ລາຍຊື່ຜູ້ ນຳ ເຂົ້າລົ້ມເຫລວ"},{"$i":"phone-storage-full","$v":"ບ່ອນເກັບຂໍ້ມູນໂທລະສັບເຕັມ."},{"$i":"import-contact-storage-full","$v":"ບໍ່ສາມາດນໍາເຂົ້າລາຍຊື່ຜູ້ຕິດຕໍ່ໄດ້. ໃຫ້ລຶບຂໍ້ມູນແອັບພລິເຄຊັນເພື່ອເພີ່ມພື້ນທີ່ຫວ່າງ."},{"$i":"contact-import-error-disk-full","$v":"ນຳເຂົ້າຊື່ຕິດຕໍ່ບໍ່ສຳເລັດ ເນື່ອງຈາກພື້ນທີ່ເກັບຂໍ້ມູນເຕັມ. ລຶບຂໍ້ມູນແອັບພລິເຄຊັນ ເພື່ອເພີ່ມພື້ນທີ່ຫວ່າງ."},{"$i":"contact-import-error-sim-full","$v":"ນຳເຂົ້າລາຍຊື່ຜູ້ຕິດຕໍ່ບໍ່ສຳເລັດເນື່ອງຈາກ SIM ກາດເຕັມ."},{"$i":"contact-import-error-unknown","$v":"ລາຍຊື່ຜູ້ຕິດຕໍ່ ນຳ ເຂົ້າບໍ່ຄົບຖ້ວນຍ້ອນມີຂໍ້ຜິດພາດ."},{"$i":"import-contacts-canceled","$v":"0.0"},{"$i":"close","$v":"ປິດ"},{"$i":"import-process-cancel","$v":"ຂັ້ນຕອນການ ນຳ ເຂົ້າຖືກຍົກເລີກ."},{"$i":"import-limit-header","$v":"ເກີນຂະ ໜາດ ຈຳ ກັດໄຟລ໌"},{"$i":"inner-import-limit-content","$v":"ຂະ ໜາດ ແຟ້ມເອກະສານໃດໆເກີນ 10MB ບໍ່ໄດ້ຖືກ ນຳ ເຂົ້າ."},{"$i":"activity-import-limit-contact","$v":"ລົ້ມເຫລວໃນການ ນຳ ເຂົ້າລາຍຊື່ຜູ້ຕິດຕໍ່ເນື່ອງຈາກ ຈຳ ກັດຂະ ໜາດ ໄຟລ໌."},{"$i":"activity-import-limit-additional","$v":"(ຂະ ໜາດ ເອກະສານຕ້ອງນ້ອຍກວ່າ 10MB.)"},{"$i":"bluetooth","$v":"ບລູທູດ"},{"$i":"export","$v":"ສົ່ງອອກ"},{"$i":"export-contacts","$v":"ສົ່ງອອກບັນຊີລາຍຊື່"},{"$i":"simExport-title","$v":"ສົ່ງອອກທາງຊິມ"},{"$i":"memoryCardExport-title","$v":"ສົ່ງອອກໄປບັດຄວາມ ຈຳ ..."},{"$i":"btExport-title","$v":"ສົ່ງອອກທາງ Bluetooth"},{"$i":"noSimMsgExport","$v":"ເພື່ອນຳອອກລາຍຊື່ຕິດຕໍ່ ໃຫ້ໃສ່ ຫຼື ປົດລັອກ SIM ຂອງທ່ານ"},{"$i":"noSdcardExport","$v":"ເພື່ອຈະສົ່ງອອກລາຍຊື່ຕິດຕໍ່, ກະລຸນາໃສ່ກາດໜ່ວຍຄວາມຈຳ."},{"$i":"bluetoothNoConnection","$v":"ເພື່ອນຳອອກລາຍຊື່ຕິດຕໍ່ ໃຫ້ເຊື່ອມຕໍ່ອຸປະກອນບລູທູດ."},{"$i":"contact-exported","$v":["ສົ່ງ ",{"t":"idOrVar","v":"exported"}," ລາຍຊື່ຜູ້ຕິດຕໍ່ອອກແລ້ວ."]},{"$i":"contact-exported2","$v":{"zero":"ບໍ່ມີຜູ້ຕິດຕໍ່ໃດສົ່ງອອກ.","one":"ສົ່ງອອກ 1 ລາຍຊື່ຜູ້ຕິດຕໍ່.","few":["ສົ່ງ ",{"t":"idOrVar","v":"exported"}," ລາຍຊື່ຜູ້ຕິດຕໍ່ອອກແລ້ວ."],"many":["ສົ່ງ ",{"t":"idOrVar","v":"exported"}," ລາຍຊື່ຜູ້ຕິດຕໍ່ອອກແລ້ວ."],"other":["ສົ່ງ ",{"t":"idOrVar","v":"exported"}," ລາຍຊື່ຜູ້ຕິດຕໍ່ອອກແລ້ວ."],"two":["ສົ່ງ ",{"t":"idOrVar","v":"exported"}," ລາຍຊື່ຜູ້ຕິດຕໍ່ອອກແລ້ວ."]},"$x":[{"t":"idOrVar","v":"plural"},"exported"]},{"$i":"export-contact-failed","$v":"ສົ່ງອອກລາຍຊື່ຜູ້ຕິດຕໍ່ບໍ່ສຳເລັດ"},{"$i":"contact-export-error-sim-full","$v":"ສົ່ງອອກລາຍຊື່ຕິດຕໍ່ບໍ່ສຳເລັດເນື່ອງຈາກບັດ SIM ເຕັມ."},{"$i":"contact-export-error-sd-full","$v":"ການຕິດຕໍ່ການສົ່ງອອກບໍ່ສໍາເລັດເນື່ອງຈາກບັດຫນ່ວຍຄວາມຈໍາເຕັມ."},{"$i":"contact-export-error-unknown","$v":"ລາຍຊື່ຜູ້ສົ່ງອອກບໍ່ ສຳ ເລັດເນື່ອງຈາກມີຂໍ້ຜິດພາດ."},{"$i":"contact-export-canceled","$v":"ຂະບວນການສົ່ງອອກໄດ້ຖືກຍົກເລີກ."},{"$i":"save","$v":"ບັນທຶກໄວ້"},{"$i":"back","$v":"ກັບຄືນ"},{"$i":"givenName","$v":"ຊື່"},{"$i":"familyName","$v":"ນາມສະກຸນ"},{"$i":"name","$v":"ຊື່"},{"$i":"org","$v":"ບໍລິສັດ"},{"$i":"ringtone","$v":"ສຽງເອີ້ນເຂົ້າ"},{"$i":"note","$v":"ໝາຍເຫດ"},{"$i":"photo","$v":"ຮູບພາບ"},{"$i":"email","$v":"ອີເມວ"},{"$i":"adr","$v":"ທີ່ຢູ່"},{"$i":"custom","$v":"ກຳນົດເອງ"},{"$i":"confirm-discard-contact-data","$v":"ຂໍ້ມູນການຕິດຕໍ່ຈະຖືກ ຍົກເລີກ. ທ່ານຕ້ອງການ ບັນທຶກຊື່ຕິດຕໍ່ນີ້ ຫຼືບໍ່?"},{"$i":"confirm-discard-contact-update-data","$v":"ການປ່ຽນແປງຈະຖືກຍົກເລີກ. ທ່ານຕ້ອງການບັນທຶກຊື່ຜູ້ຕິດຕໍ່ ນີ້ບໍ?"},{"$i":"discard-contact-data","$v":"ການປ່ຽນແປງຈະຖືກຍົກເລີກ."},{"$i":"discard","$v":"ບົກເລີກ"},{"$i":"add-others","$v":"ເພີ່ມລາຍການອື່ນໆ"},{"$i":"custom-label","$v":"ປ້າຍ ກຳ ກັບເອງ"},{"$i":"input-the-custom-type","$v":"ກະລຸນາກຳນົດປະເພດ ຂອງການປ້ອນຂໍ້ມູນ."},{"$i":"contact-added","$v":"ເພີ່ມການຕິດຕໍ່ແລ້ວ."},{"$i":"delete-prompt-message","$v":["ລຶບ ",{"t":"idOrVar","v":"field"}," ອອກບໍ?"]},{"$i":"delete-photo-msg","$v":"ຮູບພາບ"},{"$i":"delete-ringtone-msg","$v":"ສຽງເອີ້ນເຂົ້າ"},{"$i":"delete-bday-msg","$v":"ວັນເກີດ"},{"$i":"delete-note-msg","$v":"ໝາຍເຫດ"},{"$i":"delete-org-msg","$v":"ບໍລິສັດ"},{"$i":"personal","$v":"ຄວາມເປັນສ່ວນຕົວ"},{"$i":"mobile","$v":"ມືຖື"},{"$i":"current","$v":"ປະຈຸບັນ"},{"$i":"home","$v":"ບ້ານ"},{"$i":"work","$v":"ວຽກງານ"},{"$i":"other","$v":"ອື່ນ"},{"$i":"fax-home","$v":"ເບີແຟັກບ້ານ"},{"$i":"fax-office","$v":"ເບີແຟັກຫ້ອງການ"},{"$i":"fax-other","$v":"ແຟັກອື່ນໆ"},{"$i":"add-phone","$v":"ເພີ່ມໂທລະສັບ"},{"$i":"add-tel","$v":"ເພີ່ມໂທລະສັບ"},{"$i":"add-email","$v":"ເພີ່ມອີເມວ"},{"$i":"add-ringtone","$v":"ເພີ່ມສຽງເອີ້ນເຂົ້າ"},{"$i":"add-adr","$v":"ເພີ່ມທີ່ຢູ່"},{"$i":"add-bday","$v":"ເພີ່ມວັນເກີດ"},{"$i":"add-photo","$v":"ເພີ່ມຮູບພາບ"},{"$i":"add-note","$v":"ເພີ່ມບົດບັນທຶກ"},{"$i":"add-org","$v":"ເພີ່ມບໍລິສັດ"},{"$i":"add-tel-number","$v":"ເພີ່ມເບີໂທລະສັບ"},{"$i":"delete-tel","$v":"ລຶບເບີໂທລະສັບ"},{"$i":"delete-email","$v":"ລຶບອີເມລ"},{"$i":"delete-ringtone","$v":"ລຶບສຽງເອີ້ນເຂົ້າ"},{"$i":"delete-adr","$v":"ລຶບທີ່ຢູ່"},{"$i":"delete-bday","$v":"ລຶບວັນເກີດ"},{"$i":"delete-photo","$v":"ລົບຮູບ"},{"$i":"delete-note","$v":"ລຶບບັນທຶກ"},{"$i":"delete-org","$v":"ລຶບບໍລິສັດ"},{"$i":"edit-tel-type","$v":"ແກ້ໄຂປະເພດຂອງໂທລະສັບ"},{"$i":"edit-email-type","$v":"ແກ້ໄຂປະເພດຂອງອີເມລ"},{"$i":"edit-adr-type","$v":"ແກ້ໄຂປະເພດຂອງທີ່ຢູ່"},{"$i":"edit-bday-type","$v":"ແກ້ໄຂວັນເກີດ"},{"$i":"replace-photo","$v":"ປ່ຽນຮູບ"},{"$i":"replace-ringtone","$v":"ປ່ຽນສຽງໂທເຂົ້າ"},{"$i":"mobile-tel","$v":"ໂທລະສັບມືຖື"},{"$i":"home-tel","$v":"ໂທລະສັບບ້ານ"},{"$i":"work-tel","$v":"ໂທລະສັບຕິດຕໍ່ທາງການ"},{"$i":"personal-tel","$v":"ໂທລະສັບສ່ວນຕົວ"},{"$i":"fax-home-tel","$v":"ເບີແຟັກບ້ານ"},{"$i":"fax-office-tel","$v":"ເບີແຟັກຫ້ອງການ"},{"$i":"fax-other-tel","$v":"ແຟັກອື່ນໆ"},{"$i":"other-tel","$v":"ໂທລະສັບອື່ນໆ"},{"$i":"personal-email","$v":"ອີເມວສ່ວນຕົວ"},{"$i":"work-email","$v":"ອີເມວເຮັດວຽກ"},{"$i":"other-email","$v":"ອີເມວອື່ນໆ"},{"$i":"custom-email","$v":["ອີເມວ ",{"t":"idOrVar","v":"type"}]},{"$i":"custom-tel","$v":[{"t":"idOrVar","v":"type"}," ໂທລະສັບ"]},{"$i":"personal-adr","$v":"ທີ່ຢູ່ສ່ວນຕົວ"},{"$i":"current-adr","$v":"ທີ່ຢູ່ປະຈຸບັນ"},{"$i":"home-adr","$v":"ທີ່ຢູ່ບ້ານ"},{"$i":"work-adr","$v":"ບ່ອນເຮັດວຽກ"},{"$i":"custom-adr","$v":[{"t":"idOrVar","v":"type"}," ທີ່ຢູ່"]},{"$i":"bday","$v":"ວັນເກີດ"},{"$i":"birthday","$v":"ວັນເກີດ"},{"$i":"streetAddress","$v":"ຖະໜົນ"},{"$i":"locality","$v":"ເມືອງ"},{"$i":"postalCode","$v":"ລະຫັດໄປສະນີ"},{"$i":"countryName","$v":"ປະເທດ"},{"$i":"region","$v":"ລັດ"},{"$i":"no-name","$v":"ບໍ່ມີຊື່"},{"$i":"new-contact","$v":"ລາຍຊື່ຜູ່ຕິດຕໍ່ໃໝ່"},{"$i":"options","$v":"ຕົວເລືອກ"},{"$i":"cancel","$v":"ຍົກເລີກ"},{"$i":"settings","$v":"ການຕັ້ງຄ່າ"},{"$i":"edit","$v":"ແກ້ໄຂ"},{"$i":"share","$v":"ແຊຣ໌"},{"$i":"remove","$v":"ລຶບອອກ"},{"$i":"compose","$v":"ແຕ່ງ"},{"$i":"new-contact-title","$v":"ລາຍຊື່ຜູ່ຕິດຕໍ່ໃໝ່"},{"$i":"edit-title","$v":"ແກໄຂບັນຊືລາຍຊື່"},{"$i":"music","$v":"ເພງ"},{"$i":"adr-type","$v":"ປະເພດທີ່ຢູ່"},{"$i":"email-type","$v":"ປະເພດອີເມວ"},{"$i":"tel-type","$v":"ປະເພດໂທລະສັບ"},{"$i":"ICEContactsGroup","$v":"ຜູ່ຕິດຕໍ່່ ICE"},{"$i":"setICEButton","$v":"ຕັ້ງຄ່າຜູ້ຕິດຕໍ່ ICE"},{"$i":"ICESettingTitle","$v":"ຜູ່ຕິດຕໍ່່ ICE"},{"$i":"ICEDescription","$v":"ເພີ່ມຊື່ຕິດຕໍ່ 5 ຊື່ສຳລັບການໂທ “ໃນກໍລະນີສຸກເສີນ”."},{"$i":"ICEContact","$v":["ລາຍຊື່ຕິດຕໍ່ສຸກເສີນ ICE ",{"t":"idOrVar","v":"n"}]},{"$i":"ICESelectContact","$v":"ເລືອກຜູ້ຕິດຕໍ່"},{"$i":"delete-ice-contact-warning","$v":"ທ່ານໝັ້ນໃຈຫຼືບໍ່ວ່າ ຕ້ອງການລຶບບັນຊີຕິດຕໍ່ ICE?"},{"$i":"confirm","$v":"ການຢືນຢັນ"},{"$i":"add-ice-failed","$v":"ເພີ່ມ ICE ລົ້ມເຫລວ"},{"$i":"create-group","$v":"ສ້າງກຸ່ມ"},{"$i":"group-name","$v":"ຊື່ກຸ່ມ"},{"$i":"group","$v":"ກຸ່ມ"},{"$i":"new-group-created","$v":"ກຸ່ມໃຫມ່ຖືກສ້າງຂຶ້ນ."},{"$i":"create-group-failed","$v":"ສ້າງກຸ່ມລົ້ມເຫລວ."},{"$i":"create-group-too-many","$v":["ທ່ານສາມາດສ້າງໄດ້ ",{"t":"idOrVar","v":"number"}," ກຸ່ມເທົ່ານັ້ນ."]},{"$i":"create-group-duplicate","$v":"ຊື່ຊ້ ຳ."},{"$i":"rename-group-failed","$v":"ການປ່ຽນຊື່ກຸ່ມລົ້ມເຫລວ."},{"$i":"new-group","$v":"ໃໝ່"},{"$i":"rename","$v":"ຕັ້ງຊື່ໃໝ່"},{"$i":"duplicate-removed","$v":"ລຶບຜູ້ຕິດຕໍ່ທີ່ຊ້ຳກັນອອກແລ້ວ."},{"$i":"add-to-group","$v":"ເພີ່ມກຸ່ມ"},{"$i":"remove-from-group","$v":"ດຶງອອກຈາກກຸ່ມ"},{"$i":"added-to","$v":["ເພີ່ມກັບ ",{"t":"idOrVar","v":"ກຸ່ມ"}]},{"$i":"removed-from","$v":["ລຶບອອກຈາກ ",{"t":"idOrVar","v":"ກຸ່ມ"}]},{"$i":"select-group","$v":"ເລືອກກຸ່ມ"},{"$i":"rename-group","$v":"Rename Group"},{"$i":"delete-group","$v":["ທ່ານແນ່ໃຈບໍວ່າທ່ານຕ້ອງການລຶບ ",{"t":"idOrVar","v":"group"}," ອອກ?"]},{"$i":"unable-add-warn","$v":"ບໍ່ສາມາດເພີ່ມລາຍຊື່ຜູ້ຕິດຕໍ່ເຂົ້າໃນກຸ່ມ."},{"$i":"edit-contact","$v":"ແກໄຂບັນຊືລາຍຊື່"},{"$i":"send-message","$v":"ສົ່ງ​ຂໍ້​ຄວາມ"},{"$i":"call","$v":"ການໂທ"},{"$i":"call-sim-1","$v":"ໂທ- SIM 1"},{"$i":"call-sim-2","$v":"ໂທ- SIM 2"},{"$i":"send-email","$v":"ສົ່ງອີເມວ"},{"$i":"choose-number","$v":"ເລືອກ ໝາຍ ເລກ"},{"$i":"choose-email-address","$v":"ເລືອກອີເມວ"},{"$i":"delete","$v":"ລຶບ"},{"$i":"select","$v":"ເລືອກ"},{"$i":"select-all","$v":"ເລືອກທັງໝົດ"},{"$i":"select-all2","$v":"ທັງ​ໝົດ"},{"$i":"deselect-all","$v":"ຍົກເລີກທັງໝົດທີ່ໄດ້ເລືອກໄວ້"},{"$i":"deselect-all2","$v":"ບໍ່ມີ"},{"$i":"deselect","$v":"ຍົກເລີກທີ່ໄດ້ເລືອກໄວ້"},{"$i":"selected-contacts","$v":{"few":[{"t":"idOrVar","v":"n"}," ລາຍການທີ່ເລືອກ"],"many":[{"t":"idOrVar","v":"n"}," ລາຍການທີ່ເລືອກ"],"one":[{"t":"idOrVar","v":"n"}," ລາຍການທີ່ເລືອກ"],"other":[{"t":"idOrVar","v":"n"}," ລາຍການທີ່ເລືອກ"],"two":[{"t":"idOrVar","v":"n"}," ລາຍການທີ່ເລືອກ"],"zero":[{"t":"idOrVar","v":"n"}," ລາຍການທີ່ເລືອກ"]},"$x":[{"t":"idOrVar","v":"plural"},"n"]},{"$i":"massive-delete","$v":"ລຶບລາຍຊື່​ຜູ່ຕິດຕໍ່"},{"$i":"confirm-contact-delete","$v":["ທ່ານໝັ້ນໃຈຫຼືບໍ່ວ່າຕ້ອງ ການລຶບຊື່ຕິດຕໍ່ \"",{"t":"idOrVar","v":"name"},"\"?"]},{"$i":"DeletedTxt","$v":{"few":[{"t":"idOrVar","v":"n"}," ຊື່ຕິດຕໍ່ໄດ້ຖືກລຶບອອກແລ້ວ"],"many":[{"t":"idOrVar","v":"n"}," ຊື່ຕິດຕໍ່ໄດ້ຖືກລຶບອອກແລ້ວ"],"one":"1 ຊື່ຕິດຕໍ່ໄດ້ຖືກລຶບອອກ","other":[{"t":"idOrVar","v":"n"}," ຊື່ຕິດຕໍ່ໄດ້ຖືກລຶບອອກແລ້ວ"],"two":[{"t":"idOrVar","v":"n"}," ຊື່ຕິດຕໍ່ໄດ້ຖືກລຶບອອກແລ້ວ"],"zero":"ບໍ່ມີລາຍຊື່ຕິດຕໍ່ເພື່ອລຶບ"},"$x":[{"t":"idOrVar","v":"plural"},"n"]},{"$i":"DeletingContacts","$v":"ລຶບລາຍຊື່​ຜູ່ຕິດຕໍ່"},{"$i":"DeletingContactsProgressing","$v":"ທຳການລຶບບັນດາບັນຊີລາຍຊື່"},{"$i":"ContactConfirmDel","$v":{"few":["ລຶບ ",{"t":"idOrVar","v":"n"}," ລາຍການຊື່? ການລຶບນີ້ ບໍ່ສາມາດເອົາຂໍມູນຄືນໄດ້ ຫຼັງໄດ້ສຳເລັດ."],"many":["ລຶບ ",{"t":"idOrVar","v":"n"}," ລາຍການຊື່? ການລຶບນີ້ ບໍ່ສາມາດເອົາຂໍມູນຄືນໄດ້ ຫຼັງໄດ້ສຳເລັດ."],"one":"ລຶບ 1 ຊື່ຕິດຕໍ່ບໍ? ນີ້ຈະບໍ່ສາມາດ ຍົກເລີກຄຳສັ່ງໄດ້.","other":["ລຶບ ",{"t":"idOrVar","v":"n"}," ລາຍການຊື່? ການລຶບນີ້ ບໍ່ສາມາດເອົາຂໍມູນຄືນໄດ້ ຫຼັງໄດ້ສຳເລັດ."],"two":["ລຶບ ",{"t":"idOrVar","v":"n"}," ລາຍການຊື່? ການລຶບນີ້ ບໍ່ສາມາດເອົາຂໍມູນຄືນໄດ້ ຫຼັງໄດ້ສຳເລັດ."],"zero":"ບໍ່ມີລາຍຊື່ຕິດຕໍ່ເພື່ອລຶບ"},"$x":[{"t":"idOrVar","v":"plural"},"n"]},{"$i":"contact-deleted","$v":{"zero":"0.0","one":"1 ລາຍຊື່ຜູ້ຕິດຕໍ່ຖືກລຶບແລ້ວ.","few":["ລຶບ ",{"t":"idOrVar","v":"n"}," ລາຍຊື່ຜູ້ຕິດຕໍ່ອອກແລ້ວ."],"many":["ລຶບ ",{"t":"idOrVar","v":"n"}," ລາຍຊື່ຜູ້ຕິດຕໍ່ອອກແລ້ວ."],"other":["ລຶບ ",{"t":"idOrVar","v":"n"}," ລາຍຊື່ຜູ້ຕິດຕໍ່ອອກແລ້ວ."],"two":["ລຶບ ",{"t":"idOrVar","v":"n"}," ລາຍຊື່ຜູ້ຕິດຕໍ່ອອກແລ້ວ."]},"$x":[{"t":"idOrVar","v":"plural"},"n"]},{"$i":"a-contact-deleted","$v":"ລຶບຊື່ຕິດຕໍ່ແລ້ວ."},{"$i":"settings-title","$v":"ການຕັ້ງຄ່າລາຍຊື່ຕິດຕໍ່"},{"$i":"change-will-update-until-restart","$v":"ການປ່ຽນແປງຈະຖືກປັບປຸງ ໃໝ່ ໃນຄັ້ງຕໍ່ໄປການຕິດຕໍ່ຈະຖືກເປີດໃຊ້."},{"$i":"transfer-contacts","$v":"ການຖ່າຍໂອນຜູ້ຕິດຕໍ່"},{"$i":"service-number","$v":"ບໍລິການໝາຍເລກໂທລະສັບ"},{"$i":"no-contacts-found","$v":"ບໍ່ເຫັນລາຍການທີ່ກົງກັນ."},{"$i":"search","$v":"ຊອກຫາລາຍຊື່ຜູ້ຕິດຕໍ່","placeholder":"ຊອກຫາລາຍຊື່ຜູ້ຕິດຕໍ່"},{"$i":"search-option","$v":"ຄົ້ນຫາ"},{"$i":"accounts","$v":"ບັນຊີ"},{"$i":"account","$v":"ບັນຊີ"},{"$i":"add-account","$v":"ເພີ່ມບັນຊີ"},{"$i":"add-account-failed","$v":"ເກີດມີຂໍ້ຜິດພາດທີ່ບໍ່ຮູ້ຈັກ, ກະລຸນາລອງອີກຄັ້ງໃນພາຍຫຼັງ."},{"$i":"duplicate-account-warn","$v":"ບັນຊີມີຢູ່ແລ້ວ. ຊິ້ງຄ໌ໄດ້ເປີດໄວ້."},{"$i":"setting-up-account","$v":"ການຕັ້ງບັນຊີ"},{"$i":"no-network-warn","$v":"ບໍ່ມີການເຊື່ອມຕໍ່ອິນເຕີເນັດ."},{"$i":"username","$v":"ຊື່ຜູ່ໃຊ້"},{"$i":"password","$v":"ລະຫັດຜ່ານ"},{"$i":"delete-account","$v":"ລົບບັນຊີ"},{"$i":"delete-account-long","$v":"ລຶບບັນຊີ"},{"$i":"delete-account-warn","$v":"ຖ້າທ່ານລຶບບັນຊີນີ້, ແອັບທີ່ໃຊ້ບັນຊີນີ້ກໍ່ຈະໄດ້ຮັບຜົນກະທົບໄປນຳ."},{"$i":"deleting-account","$v":"ກຳ ລັງລຶບບັນຊີ ..."},{"$i":"delete-account-failed","$v":"ລຶບບັນຊີບໍ່ສຳເລັດ, ກະລຸນາລອງໃໝ່ໃນພາຍຫຼັງ."},{"$i":"delete-account-ok","$v":"ບັນຊີຖືກລຶບ."},{"$i":"sync","$v":"ຊິ້ງຂໍ້ມູນ"},{"$i":"sync-title","$v":"ການປະສານຊື່ຕິດຕໍ່"},{"$i":"sync-failed-warn","$v":"Failed to sync."},{"$i":"sync-off-warn","$v":"ການຊິ້ງຂໍ້ມູນຖືກປິດໃນການຕັ້ງຄ່າ."},{"$i":"show-account-contacts","$v":"ສະແດງລາຍຊື່ຜູ້ຕິດຕໍ່ບັນຊີ"},{"$i":"sync-account-contacts","$v":"sync ບັນຊີລາຍຊື່ບັນຊີ"},{"$i":"sync-account-contacts-warning","$v":["ການແກ້ໄຂລາຍຊື່ຜູ້ຕິດຕໍ່ໃດກໍຕາມຈະບໍ່ຊິ້ງຂໍ້ມູນກັບຄລາວຫາກບໍ່ໝາຍຖືກ \"",{"t":"idOrVar","v":"switch"},"\" ໄວ້, ທ່ານຍັງຄົງຕ້ອງການບໍ່ໝາຍຖືກຕົວເລືອກນີ້ບໍ?"]},{"$i":"yes","$v":"ແມ່ນແລ້ວ"},{"$i":"all-contacts-synced","$v":"ລາຍຊື່ຜູ້ຕິດຕໍ່ທັງ ໝົດ ຖືກຊິ້ງແລ້ວ."},{"$i":"contact-syncing","$v":"ລາຍຊື່ຜູ້ຕິດຕໍ່ ກຳ ລັງຊິ້ງຂໍ້ມູນ ..."},{"$i":"contacts-sync-limit-exceed","$v":"ຊີ້ງຄ໌ຊື່ຕິດຕໍ່ປະສານບໍ່ສົມບູນ ເນື່ອງຈາກເກີນຂີດຈຳກັດຂອງຊື່ຕິດຕໍ່."},{"$i":"show-password","$v":"ສະແດງລະຫັດຜ່ານ"},{"$i":"password-incorrect","$v":"ລະຫັດຜ່ານບໍ່ຖືກຕ້ອງ."},{"$i":"re-enter-password","$v":"Re-enter Password"},{"$i":"accessing-warn","$v":"ມີບັນຫາໃນການເຂົ້າເຖິງບັນຊີຂອງທ່ານ."},{"$i":"accessing-warn-password","$v":"ກະລຸນາໃສ່ລະຫັດຜ່ານອີກຄັ້ງ."},{"$i":"re-enter-password-on-setting","$v":"ກະລຸນາໃສ່ລະຫັດລັບໃຫມ່ໃນການຕິດຕໍ່ພົວພັນ."},{"$i":"accessing-warn-relogin","$v":"ກະລຸນາລຶບບັນຊີ ແລະ ລົງຊື່ເຂົ້າໃຊ້ອີກຄັ້ງ."},{"$i":"update-password-failed","$v":"ອັບເດດລະຫັດຜ່ານບໍ່ສຳເລັດ, ກະລຸນາລອງໃໝ່ພາຍຫຼັງ."},{"$i":"connect-time-out","$v":["ບໍ່ສາມາດສ້າງການເຊື່ອມຕໍ່ກັບ \"",{"t":"idOrVar","v":"server"},"\". ອາດຈະມີບັນຫາກັບເຄືອຂ່າຍ."]},{"$i":"server-error","$v":"ເຊີຟເວີບໍ່ສາມາດນຳໃຊ້ໄດ້. ກະລຸນາລອງອີກຄັ້ງໃນພາຍຫຼັງ."},{"$i":"loading","$v":"ກຳລັງໂຫຼດ…"},{"$i":"ellipsis","$v":"..."},{"$i":"stop-syncing-warn-title","$v":"ລາຍຊື່ຜູ້ຕິດຕໍ່"},{"$i":"stop-syncing-warn","$v":"ການປິດແອັບຈະຢຸດຂະບວນການຊິ້ງຂໍ້ມູນການຕິດຕໍ່. ທ່ານຍັງຕ້ອງການປິດມັນບໍ?"},{"$i":"weekday-0-long","$v":"ວັນອາທິດ"},{"$i":"weekday-1-long","$v":"ວັນ​ຈັນ"},{"$i":"weekday-2-long","$v":"ວັນຄານ"},{"$i":"weekday-3-long","$v":"ວັນ​ພຸດ"},{"$i":"weekday-4-long","$v":"ວັນພະຫັດ"},{"$i":"weekday-5-long","$v":"ວັນ​ສຸກ"},{"$i":"weekday-6-long","$v":"ວັນ​ເສົາ"},{"$i":"weekday-0-short","$v":"ອາທິດ"},{"$i":"weekday-1-short","$v":"ຈັນ"},{"$i":"weekday-2-short","$v":"ຄານ"},{"$i":"weekday-3-short","$v":"ພຸດ"},{"$i":"weekday-4-short","$v":"ພະຫັດ"},{"$i":"weekday-5-short","$v":"ສຸກ"},{"$i":"weekday-6-short","$v":"ເສົາ"},{"$i":"month-0-long","$v":"ມັງ​ກອນ"},{"$i":"month-1-long","$v":"ມ​ພາ"},{"$i":"month-2-long","$v":"ມີ​ນາ"},{"$i":"month-3-long","$v":"ເມ​ສາ"},{"$i":"month-4-long","$v":"ພຶດ​ສະ​ພາ"},{"$i":"month-5-long","$v":"ມິ​ຖຸ​ນາ"},{"$i":"month-6-long","$v":"ກໍ​ລະ​ກົດ"},{"$i":"month-7-long","$v":"ສິງຫາ"},{"$i":"month-8-long","$v":"ກັນ​ຍາ"},{"$i":"month-9-long","$v":"ຕຸ​ລາ"},{"$i":"month-10-long","$v":"ພະ​ຈິກ"},{"$i":"month-11-long","$v":"ທັນ​ວາ"},{"$i":"month-0-genitive","$v":"ມັງ​ກອນ"},{"$i":"month-1-genitive","$v":"ມ​ພາ"},{"$i":"month-2-genitive","$v":"ມີ​ນາ"},{"$i":"month-3-genitive","$v":"ເມ​ສາ"},{"$i":"month-4-genitive","$v":"ພຶດ​ສະ​ພາ"},{"$i":"month-5-genitive","$v":"ມິ​ຖຸ​ນາ"},{"$i":"month-6-genitive","$v":"ກໍ​ລະ​ກົດ"},{"$i":"month-7-genitive","$v":"ສິງຫາ"},{"$i":"month-8-genitive","$v":"ກັນ​ຍາ"},{"$i":"month-9-genitive","$v":"ຕຸ​ລາ"},{"$i":"month-10-genitive","$v":"ພະ​ຈິກ"},{"$i":"month-11-genitive","$v":"ທັນ​ວາ"},{"$i":"month-0-short","$v":"ມັງ​ກອນ"},{"$i":"month-1-short","$v":"ກຸມພາ"},{"$i":"month-2-short","$v":"ມີ​ນາ"},{"$i":"month-3-short","$v":"ເມ​ສາ"},{"$i":"month-4-short","$v":"ພຶດ​ສະ​ພາ"},{"$i":"month-5-short","$v":"ມິ​ຖຸ​ນາ"},{"$i":"month-6-short","$v":"ກໍ​​ລະ​​ກົດ"},{"$i":"month-7-short","$v":"ສິງຫາ"},{"$i":"month-8-short","$v":"ກັນຍາ"},{"$i":"month-9-short","$v":"ຕຸ​ລາ"},{"$i":"month-10-short","$v":"ພະ​ຈິກ"},{"$i":"month-11-short","$v":"ທັນ​ວາ"},{"$i":"minutes-ago-long","$v":{"few":[{"t":"idOrVar","v":"value"}," ນາທີກ່ອນ"],"many":[{"t":"idOrVar","v":"value"}," ນາທີກ່ອນ"],"other":[{"t":"idOrVar","v":"value"}," ນາທີກ່ອນ"],"two":[{"t":"idOrVar","v":"value"}," ນາທີກ່ອນ"],"one":"ໜຶ່ງນາທີຜ່ານມາ","zero":"ຕອນນີ້"},"$x":[{"t":"idOrVar","v":"plural"},"value"]},{"$i":"hours-ago-long","$v":{"few":[{"t":"idOrVar","v":"value"}," ຊົ່ວໂມງກ່ອນ"],"many":[{"t":"idOrVar","v":"value"}," ຊົ່ວໂມງກ່ອນ"],"other":[{"t":"idOrVar","v":"value"}," ຊົ່ວໂມງກ່ອນ"],"two":[{"t":"idOrVar","v":"value"}," ຊົ່ວໂມງກ່ອນ"],"one":"1 ຊົ່ວໂມງກ່ອນຫນ້ານີ້","zero":"ຕອນນີ້"},"$x":[{"t":"idOrVar","v":"plural"},"value"]},{"$i":"days-ago-long","$v":{"few":[{"t":"idOrVar","v":"value"}," ມື້ກ່ອນ"],"many":[{"t":"idOrVar","v":"value"}," ມື້ກ່ອນ"],"one":"ມື້ວານ","other":[{"t":"idOrVar","v":"value"}," ມື້ກ່ອນ"],"two":[{"t":"idOrVar","v":"value"}," ມື້ກ່ອນ"],"zero":"ມື້ນີ້"},"$x":[{"t":"idOrVar","v":"plural"},"value"]},{"$i":"weeks-ago-long","$v":{"few":[{"t":"idOrVar","v":"value"}," ເດືອນກ່ອນໜ້າ"],"many":[{"t":"idOrVar","v":"value"}," ເດືອນກ່ອນໜ້າ"],"one":"ອາທິດຜ່ານມາ","other":[{"t":"idOrVar","v":"value"}," ເດືອນກ່ອນໜ້າ"],"two":[{"t":"idOrVar","v":"value"}," ເດືອນກ່ອນໜ້າ"],"zero":"ທິດນີ້"},"$x":[{"t":"idOrVar","v":"plural"},"value"]},{"$i":"months-ago-long","$v":{"few":[{"t":"idOrVar","v":"value"}," ເດືອນກ່ອນ"],"many":[{"t":"idOrVar","v":"value"}," ເດືອນກ່ອນ"],"one":"ເດືອນກ່ອນນີ້","other":[{"t":"idOrVar","v":"value"}," ເດືອນກ່ອນ"],"two":[{"t":"idOrVar","v":"value"}," ເດືອນກ່ອນ"],"zero":"ເດືອນນີ້"},"$x":[{"t":"idOrVar","v":"plural"},"value"]},{"$i":"years-ago-long","$v":{"few":[{"t":"idOrVar","v":"value"}," ປີຕໍ່ໄປ"],"many":[{"t":"idOrVar","v":"value"}," ປີຕໍ່ໄປ"],"one":"ປີກາຍນີ້","other":[{"t":"idOrVar","v":"value"}," ປີຕໍ່ໄປ"],"two":[{"t":"idOrVar","v":"value"}," ປີຕໍ່ໄປ"],"zero":"ປີນີ້"},"$x":[{"t":"idOrVar","v":"plural"},"value"]},{"$i":"minutes-until-long","$v":{"few":["ໃນ ",{"t":"idOrVar","v":"value"}," ຫຼາຍນາທີ"],"many":["ໃນ ",{"t":"idOrVar","v":"value"}," ຫຼາຍນາທີ"],"other":["ໃນ ",{"t":"idOrVar","v":"value"}," ຫຼາຍນາທີ"],"two":["ໃນ ",{"t":"idOrVar","v":"value"}," ຫຼາຍນາທີ"],"zero":"ຕອນນີ້","one":"ໃນ 1 ນາທີ"},"$x":[{"t":"idOrVar","v":"plural"},"value"]},{"$i":"hours-until-long","$v":{"few":["ໃນ ",{"t":"idOrVar","v":"value"}," ຫຼາຍຊົ່ວໂມງ"],"many":["ໃນ ",{"t":"idOrVar","v":"value"}," ຫຼາຍຊົ່ວໂມງ"],"other":["ໃນ ",{"t":"idOrVar","v":"value"}," ຫຼາຍຊົ່ວໂມງ"],"two":["ໃນ ",{"t":"idOrVar","v":"value"}," ຫຼາຍຊົ່ວໂມງ"],"zero":"ຕອນນີ້","one":"ໃນ 1 ຊົ່ວໂມງ"},"$x":[{"t":"idOrVar","v":"plural"},"value"]},{"$i":"days-until-long","$v":{"few":["ໃນ ",{"t":"idOrVar","v":"value"}," ຫຼາຍວັນ"],"many":["ໃນ ",{"t":"idOrVar","v":"value"}," ຫຼາຍວັນ"],"one":"ມື້ອື່ນ","other":["ໃນ ",{"t":"idOrVar","v":"value"}," ຫຼາຍວັນ"],"two":["ໃນ ",{"t":"idOrVar","v":"value"}," ຫຼາຍວັນ"],"zero":"ມື້ນີ້"},"$x":[{"t":"idOrVar","v":"plural"},"value"]},{"$i":"weeks-until-long","$v":{"few":["ໃນ ",{"t":"idOrVar","v":"value"}," ຫຼາຍອາທິດ"],"many":["ໃນ ",{"t":"idOrVar","v":"value"}," ຫຼາຍອາທິດ"],"one":"ອາທິດໜ້າ","other":["ໃນ ",{"t":"idOrVar","v":"value"}," ຫຼາຍອາທິດ"],"two":["ໃນ ",{"t":"idOrVar","v":"value"}," ຫຼາຍອາທິດ"],"zero":"ທິດນີ້"},"$x":[{"t":"idOrVar","v":"plural"},"value"]},{"$i":"months-until-long","$v":{"few":["ໃນ ",{"t":"idOrVar","v":"value"}," ຫຼາຍເດືອນ"],"many":["ໃນ ",{"t":"idOrVar","v":"value"}," ຫຼາຍເດືອນ"],"one":"ເດືອນໜ້າ","other":["ໃນ ",{"t":"idOrVar","v":"value"}," ຫຼາຍເດືອນ"],"two":["ໃນ ",{"t":"idOrVar","v":"value"}," ຫຼາຍເດືອນ"],"zero":"ເດືອນນີ້"},"$x":[{"t":"idOrVar","v":"plural"},"value"]},{"$i":"years-until-long","$v":{"few":["ໃນ ",{"t":"idOrVar","v":"value"}," ຫຼາຍປີ"],"many":["ໃນ ",{"t":"idOrVar","v":"value"}," ຫຼາຍປີ"],"one":"ປີໜ້າ","other":["ໃນ ",{"t":"idOrVar","v":"value"}," ຫຼາຍປີ"],"two":["ໃນ ",{"t":"idOrVar","v":"value"}," ຫຼາຍປີ"],"zero":"ປີນີ້"},"$x":[{"t":"idOrVar","v":"plural"},"value"]},{"$i":"minutes-ago-short","$v":{"other":[{"t":"idOrVar","v":"value"},"ນ ກ່ອນ"],"zero":"ຕອນນີ້"},"$x":[{"t":"idOrVar","v":"plural"},"value"]},{"$i":"hours-ago-short","$v":{"other":[{"t":"idOrVar","v":"value"},"ມ ກ່ອນ"],"zero":"ຕອນນີ້"},"$x":[{"t":"idOrVar","v":"plural"},"value"]},{"$i":"days-ago-short","$v":{"other":[{"t":"idOrVar","v":"value"},"ມື້ກ່ອນ"],"zero":"ມື້ນີ້"},"$x":[{"t":"idOrVar","v":"plural"},"value"]},{"$i":"minutes-until-short","$v":{"other":["ໃນ ",{"t":"idOrVar","v":"value"},"ດ"],"zero":"ຕອນນີ້"},"$x":[{"t":"idOrVar","v":"plural"},"value"]},{"$i":"hours-until-short","$v":{"other":["ໃນ ",{"t":"idOrVar","v":"value"},"ຊ.ມ"],"zero":"ຕອນນີ້"},"$x":[{"t":"idOrVar","v":"plural"},"value"]},{"$i":"days-until-short","$v":{"other":["ໃນ ",{"t":"idOrVar","v":"value"},"ວ"],"zero":"ມື້ນີ້"},"$x":[{"t":"idOrVar","v":"plural"},"value"]},{"$i":"incorrectDate","$v":"(ວັນທີບໍ່ຖືກຕ້ອງ)"},{"$i":"dateTimeFormat_%c","$v":"%a %b %e %Y %I:%M:%S %p"},{"$i":"dateTimeFormat_%x","$v":"%m/%d/%Y"},{"$i":"dateTimeFormat_%X","$v":"%I:%M:%S %p"},{"$i":"shortTimeFormat","$v":"%I:%M %p"},{"$i":"shortTimeFormat12","$v":"%I:%M %p"},{"$i":"shortTimeFormat24","$v":"%H:%M"},{"$i":"shortDateTimeFormat","$v":"%x %I:%M %p"},{"$i":"weekStartsOnMonday","$v":"0.0"},{"$i":"firstDayOfTheWeek","$v":"0.0"},{"$i":"time_am","$v":"AM"},{"$i":"time_pm","$v":"ຕອນເຊົ້າ"},{"$i":"sim-with-index-and-carrier","$v":["SIM ",{"t":"idOrVar","v":"index"}," - ",{"t":"idOrVar","v":"carrier"}]},{"$i":"sim-without-carrier","$v":["SIM ",{"t":"idOrVar","v":"index"}]}]