[{"$i":"contacts","$v":"Adresat."},{"$i":"view","$v":"Peržiūrėti"},{"$i":"no-contacts","$v":"Nėra kontaktų."},{"$i":"reading-contacts","$v":"Įkel. adresatai"},{"$i":"start-adding","$v":"Norėdami pridėti adresatus, paspauskite Naujas arba eikite į „Nustatymai“."},{"$i":"no-contact-available","$v":"Adresatų nėra"},{"$i":"requested-contact-not-available","$v":"Prašomos informacijos apie esamus kontaktus nėra."},{"$i":"cannot-add-as-empty","$v":"Nepavyko įtr. į adresatą, nes adresatų sąrašas tuščias"},{"$i":"ok","$v":"GERAI"},{"$i":"no-phone-number-to-dial","$v":"Nėra rinktinų numerių"},{"$i":"video-call","$v":"Vaizdo skambutis"},{"$i":"rtt-call","$v":"RTT skambutis"},{"$i":"select-a-contact","$v":"Rinktis adresatą"},{"$i":"multi-pick-max-warn","$v":["Didžiausias pasirinktas skaičius yra ",{"t":"idOrVar","v":"n"}]},{"$i":"add-contact-failed","$v":"Adresato įtr. nepavyko"},{"$i":"no-sim-card-available","$v":"SIM kortelė nepasiekiama"},{"$i":"email-cannot-add-to-sim","$v":"El. Pašto adresas nepalaiko dabartinio atminties pasirinkimo."},{"$i":"add-info-failed","$v":"Nepavyko pridėti informacijos"},{"$i":"no-contact-to-add","$v":"Nėra prieinamo kontakto."},{"$i":"move","$v":"Perkelti"},{"$i":"copy","$v":"Kopijuoti"},{"$i":"copy-contacts","$v":"Kopijuoti adres."},{"$i":"move-contacts","$v":"Perkelti adresatus"},{"$i":"phone-memory","$v":"Telefono atmintis"},{"$i":"sim-memory","$v":"SIM atmintis"},{"$i":"sim-0-memory","$v":"SIM 1 atmintis"},{"$i":"sim-1-memory","$v":"SIM 2 atmintis"},{"$i":"move-from","$v":"Perkelti iš"},{"$i":"copy-from","$v":"Kopijuoti iš"},{"$i":"to","$v":"Skirta"},{"$i":"move-contacts-progressing","$v":"Perkeliamas (-i) adresatas (-ai)..."},{"$i":"copy-contacts-progressing","$v":"Kopijuojamas (-i) adresatas (-ai)"},{"$i":"contact-move-to-sim","$v":{"few":[{"t":"idOrVar","v":"migrated"}," adresatai (-ų) perkelti (-a) į SIM."],"many":[{"t":"idOrVar","v":"migrated"}," adresatai (-ų) perkelti (-a) į SIM."],"one":"1 adresatas perkeltas į SIM.","other":[{"t":"idOrVar","v":"migrated"}," adresatai (-ų) perkelti (-a) į SIM."],"two":[{"t":"idOrVar","v":"migrated"}," adresatai (-ų) perkelti (-a) į SIM."],"zero":"Į SIM perkeltų adresatų nėra."},"$x":[{"t":"idOrVar","v":"plural"},"migrated"]},{"$i":"contact-copy-to-sim","$v":{"few":[{"t":"idOrVar","v":"migrated"}," adresatai (-ų) nukopijuoti (-a) į SIM."],"many":[{"t":"idOrVar","v":"migrated"}," adresatai (-ų) nukopijuoti (-a) į SIM."],"one":"1 adresatas nukopijuotas į SIM.","other":[{"t":"idOrVar","v":"migrated"}," adresatai (-ų) nukopijuoti (-a) į SIM."],"two":[{"t":"idOrVar","v":"migrated"}," adresatai (-ų) nukopijuoti (-a) į SIM."],"zero":"Į SIM nukopijuotų adresatų nėra."},"$x":[{"t":"idOrVar","v":"plural"},"migrated"]},{"$i":"contact-move-to-sim0","$v":{"few":[{"t":"idOrVar","v":"migrated"}," adresatai (-ų) perkelti (-a) į SIM 1."],"many":[{"t":"idOrVar","v":"migrated"}," adresatai (-ų) perkelti (-a) į SIM 1."],"one":"1 adresatas perkeltas į SIM 1.","other":[{"t":"idOrVar","v":"migrated"}," adresatai (-ų) perkelti (-a) į SIM 1."],"two":[{"t":"idOrVar","v":"migrated"}," adresatai (-ų) perkelti (-a) į SIM 1."],"zero":"Į SIM 1 perkeltų adresatų nėra."},"$x":[{"t":"idOrVar","v":"plural"},"migrated"]},{"$i":"contact-copy-to-sim0","$v":{"few":[{"t":"idOrVar","v":"migrated"}," adresatai (-ų) nukopijuoti (-a) į SIM 1."],"many":[{"t":"idOrVar","v":"migrated"}," adresatai (-ų) nukopijuoti (-a) į SIM 1."],"one":"1 adresatas nukopijuotas į SIM 1.","other":[{"t":"idOrVar","v":"migrated"}," adresatai (-ų) nukopijuoti (-a) į SIM 1."],"two":[{"t":"idOrVar","v":"migrated"}," adresatai (-ų) nukopijuoti (-a) į SIM 1."],"zero":"Į SIM 1 nukopijuotų adresatų nėra."},"$x":[{"t":"idOrVar","v":"plural"},"migrated"]},{"$i":"contact-move-to-sim1","$v":{"few":[{"t":"idOrVar","v":"migrated"}," adresatai (-ų) perkelti (-a) į SIM 2."],"many":[{"t":"idOrVar","v":"migrated"}," adresatai (-ų) perkelti (-a) į SIM 2."],"one":"1 adresatas perkeltas į SIM 2.","other":[{"t":"idOrVar","v":"migrated"}," adresatai (-ų) perkelti (-a) į SIM 2."],"two":[{"t":"idOrVar","v":"migrated"}," adresatai (-ų) perkelti (-a) į SIM 2."],"zero":"Į SIM 2 perkeltų adresatų nėra."},"$x":[{"t":"idOrVar","v":"plural"},"migrated"]},{"$i":"contact-copy-to-sim1","$v":{"few":[{"t":"idOrVar","v":"migrated"}," adresatai (-ų) nukopijuoti (-a) į SIM 2."],"many":[{"t":"idOrVar","v":"migrated"}," adresatai (-ų) nukopijuoti (-a) į SIM 2."],"one":"1 adresatas nukopijuotas į SIM 2.","other":[{"t":"idOrVar","v":"migrated"}," adresatai (-ų) nukopijuoti (-a) į SIM 2."],"two":[{"t":"idOrVar","v":"migrated"}," adresatai (-ų) nukopijuoti (-a) į SIM 2."],"zero":"Į SIM 2 nukopijuotų adresatų nėra."},"$x":[{"t":"idOrVar","v":"plural"},"migrated"]},{"$i":"contact-move-to-device","$v":{"one":"1 kontaktas perkeltas į telefoną.","zero":"Nei vienas kontaktas nebuvo perkeltas į telefoną.","few":["Tiek adresatų perkelta į telefoną: ",{"t":"idOrVar","v":"migrated"},"."],"many":["Tiek adresatų perkelta į telefoną: ",{"t":"idOrVar","v":"migrated"},"."],"other":["Tiek adresatų perkelta į telefoną: ",{"t":"idOrVar","v":"migrated"},"."],"two":["Tiek adresatų perkelta į telefoną: ",{"t":"idOrVar","v":"migrated"},"."]},"$x":[{"t":"idOrVar","v":"plural"},"migrated"]},{"$i":"contact-copy-to-device","$v":{"one":"1 kontaktas nukopijuotas į telefoną.","zero":"Į telefoną nenukopijuotas joks kontaktas.","few":["Tiek adresatų nukopijuota į telefoną: ",{"t":"idOrVar","v":"migrated"},"."],"many":["Tiek adresatų nukopijuota į telefoną: ",{"t":"idOrVar","v":"migrated"},"."],"other":["Tiek adresatų nukopijuota į telefoną: ",{"t":"idOrVar","v":"migrated"},"."],"two":["Tiek adresatų nukopijuota į telefoną: ",{"t":"idOrVar","v":"migrated"},"."]},"$x":[{"t":"idOrVar","v":"plural"},"migrated"]},{"$i":"copy-contact-failed","$v":"Nepavyko nukopijuoti kontaktų"},{"$i":"move-contact-failed","$v":"Nepavyko perkelti kontaktų"},{"$i":"contact-copy-error-sim-full","$v":"Kopijuoti kontaktus neužbaigtus dėl SIM kortelės yra pilna."},{"$i":"contact-copy-error-unknown","$v":"Kontaktų kopijavimas nėra baigtas dėl klaidos."},{"$i":"contact-copy-error-limit-exceeded","$v":"Adresatų kopijavimas nebaigtas, nes viršytas telefono adresatų limitas."},{"$i":"contact-move-error-sim-full","$v":"Adresatų perkėlimas nėra baigtas, nes SIM kortelė pilna."},{"$i":"contact-move-error-unknown","$v":"Perkelkite kontaktus neužbaigtus dėl klaidos."},{"$i":"contact-move-error-limit-exceeded","$v":"Adresatų perkėlimas nebaigtas, nes viršytas telefono adresatų limitas."},{"$i":"contact-save-error-unknown","$v":"Išsaugoti adresatą neužbaigta dėl klaidos."},{"$i":"memory","$v":"Atmintis"},{"$i":"phone-and-sim","$v":"Telefonas ir SIM"},{"$i":"phone","$v":"Telef."},{"$i":"sim","$v":"SIM"},{"$i":"reloading-contact","$v":"Iš naujo įkel. adresat."},{"$i":"contact-reloaded","$v":"Adresatai įkelti iš naujo"},{"$i":"message","$v":"Pranešimas"},{"$i":"changes-saved","$v":"Pak. išsaug."},{"$i":"already-ice-contact","$v":"Pasirinktas kontaktas jau buvo nustatytas į ICE."},{"$i":"phone-contacts-limit-exceeded","$v":"Viršyt. telef. adres. limitas."},{"$i":"sim-contacts-limit-exceeded","$v":"Viršyt. SIM adres. limitas."},{"$i":"more-info","$v":"Daug."},{"$i":"callAirplaneModeTitle","$v":"Lėkt. režimas įjungtas"},{"$i":"callAirplaneModeMessage","$v":"Norinti skambinti, reikia išjungti lėktuvo režimą parametrų skiltyje."},{"$i":"emergencyDialogTitle","$v":"Nėra tinklo ryšio"},{"$i":"emergencyDialogBodyBadNumber","$v":"Norint skambinti, telefonas turi būti prijungtas prie tinklo."},{"$i":"emergencyDialogBodyDeviceNotAccepted","$v":"Tinkle skamb. skub. pag. tarnyboms neleidžiami."},{"$i":"invalidNumberToDialTitle","$v":"Neteis. telef. num."},{"$i":"invalidNumberToDialMessage","$v":"Telefono numeris, kuriuo skambinate, neteisingas."},{"$i":"invalidNumberToSendTitle","$v":"Neteis. telef. num."},{"$i":"invalidNumberToSendMessage","$v":"Telefono numeris, kuriuo siunčiate pranešimą, neteisingas."},{"$i":"emergency-call-only","$v":"Tik skam. sk. pag. t."},{"$i":"emergency-call-error","$v":[{"t":"idOrVar","v":"number"}," nėra pagalbos tarnybos nr."]},{"$i":"numberIsBusyTitle","$v":"Numeris užimt."},{"$i":"numberIsBusyMessage","$v":"Šiuo metu numeris užimtas. Bandykite dar kartą vėliau."},{"$i":"fdnIsActiveTitle","$v":"FDN įjung."},{"$i":"fdnIsActiveMessage","$v":["FDN (apribotojo rinkimo numerių) funkc. yra įjungta, bet šio numerio nėra jūsų FDN sąraše: ",{"t":"idOrVar","v":"number"}]},{"$i":"otherConnectionInUseTitle","$v":"Naudojamas kitas ryšys"},{"$i":"otherConnectionInUseMessage","$v":"Šiuo metu aktyviai skambinate kitam ryšiui. Galite naudotis tik vienu ryšiu tuo pačiu metu."},{"$i":"GenericFailure","$v":"Bendroji klaida"},{"$i":"CallFailed","$v":"Paskambinti nepavyko"},{"$i":"scCallBarring","$v":"Skmb. draud."},{"$i":"scCallForwarding","$v":"Skmb. peradres."},{"$i":"scClip","$v":"Priim. skambin. ID"},{"$i":"scClir","$v":"Siunč. skambin. ID"},{"$i":"scPwd","$v":"Slaptaž. keit."},{"$i":"scCallWaiting","$v":"Skamb. lauk."},{"$i":"scPin","$v":"PIN keit."},{"$i":"scPin2","$v":"PIN2 keit."},{"$i":"scPuk","$v":"Atblokuoti PIN"},{"$i":"scPuk2","$v":"Atblokuoti PIN2"},{"$i":"scImei","$v":"IMEI"},{"$i":"scMeid","$v":"MEID"},{"$i":"scUssd","$v":"USSD"},{"$i":"set-speed-dial","$v":"Nust. greit. rink. adr."},{"$i":"empty","$v":"Nėra"},{"$i":"voicemail","$v":"Balso paštas"},{"$i":"speed-dial","$v":"Greitasis rinkimas"},{"$i":"add","$v":"Įtraukti"},{"$i":"replace","$v":"Pakeis."},{"$i":"remove-from-speed-dial","$v":"Pašal. iš greit. rink."},{"$i":"custom-dialog-replace-speed-dial","$v":["Ar tikrai norite greitojo rink. num. ",{"t":"idOrVar","v":"oldSpeedDial"}," pakeisti ",{"t":"idOrVar","v":"newSpeedDial"},"?"]},{"$i":"custom-dialog-remove-speed-dial","$v":["Ar tikrai norite pašalinti ",{"t":"idOrVar","v":"name"}," iš greitojo rinkimo?"]},{"$i":"speed-dial-added","$v":"Įtrauktas greitojo rinkimo numeris."},{"$i":"speed-dial-removed","$v":"Greitojo rinkimo numeris pašalintas."},{"$i":"speed-dial-replaced","$v":"Greitojo rinkimo numeris atnaujintas."},{"$i":"voice-mail","$v":"Balso paštas"},{"$i":"voice-mail-number","$v":["Balso pašto numeris – SIM ",{"t":"idOrVar","v":"n"}]},{"$i":"voice-mail-number-single","$v":"Balso pašto numeris"},{"$i":"voice-mail-number-updated","$v":"Balso pašto numeris atnaujintas"},{"$i":"found-duplicates-message","$v":"Toliau pateiktuose adresatuose rasta pasikartojanti inf. Ar norėtumėte ją sulieti?"},{"$i":"confirm-to-merge-contacts","$v":["Ar tikrai nor. sul. ",{"t":"idOrVar","v":"n"}," adresat. su ",{"t":"idOrVar","v":"name"},"?"]},{"$i":"contact-merged","$v":"Adresat. suliet."},{"$i":"find-duplicate-contacts","$v":"Rasti pasik. adresatus"},{"$i":"no-duplicate-contact-found","$v":"Pasikart. adresatų nerasta"},{"$i":"merge","$v":"Sul."},{"$i":"find-dup","$v":"Rasti pasik. adresatus"},{"$i":"find-dup-title","$v":"Rasti pasikar. adresat."},{"$i":"finding-dup-message","$v":"Ieškoma pasikartojan. adresat.…"},{"$i":"dup-found-title","$v":"Rasta pasikart."},{"$i":"dup-found-message","$v":"Pasikartojanti informacija buvo rasta šiame (šiuose) adresate (adresatuose). Ar norite sujungti?"},{"$i":"no-dup-found","$v":"Pasikartojimų nerasta"},{"$i":"merge-conflict-warn","$v":["Toliau pateikta informacija bus perrašyta kaip „",{"t":"idOrVar","v":"name"},"“:"]},{"$i":"merge-conflict-confirm","$v":"Ar tikrai norite sujungti adresatus?"},{"$i":"add-favorite","$v":"Įtr. kaip mėgs."},{"$i":"remove-favorite","$v":"Pašalinti iš adresyno"},{"$i":"favorite-contacts","$v":"Mėgstam."},{"$i":"add-block","$v":"Blokuoti šį numerį"},{"$i":"remove-block","$v":"Atblokuoti šį numerį"},{"$i":"add-block-email","$v":"Blokuoti šį el. paštą"},{"$i":"remove-block-email","$v":"Atblokuokite šį el. Laišką"},{"$i":"add-block-contact-warning","$v":"Negausite skambučių, pranešimų iš žmonių, esančių blokuojamų numerių sąraše."},{"$i":"add-block-email-warning","$v":"Negausite pranešimų iš šio e. pašto adreso."},{"$i":"block","$v":"Blokuoti"},{"$i":"unblock","$v":"Atblokuoti"},{"$i":"block-contacts","$v":"Blokuoti adresatus"},{"$i":"add-block-header","$v":"Pridėti blokuojamą numerį"},{"$i":"remove-block-alert","$v":"Pašalinta iš blokuojamų adresatų."},{"$i":"duplicate-block-number","$v":"Nepavyko įtr. pasikart. nr."},{"$i":"sort-contacts","$v":"Rikiuoti adresatus"},{"$i":"sort-by-first-name","$v":"Rikiuoti pagal vardą"},{"$i":"sort-by-last-name","$v":"Rikiuoti pagal pavardę"},{"$i":"no-support-open-multi-vcard","$v":"Nepav. atidaryti kelių adresatų „vCard“"},{"$i":"import","$v":"Impor."},{"$i":"sdcard","$v":"Atm. kort."},{"$i":"simcard","$v":"SIM kortelė"},{"$i":"import-contacts","$v":"Impor. adresat."},{"$i":"simContacts-error","$v":"Nepavyko import. adresatų iš SIM"},{"$i":"memoryCardContacts-error","$v":"Nepavyko importuoti adresatų iš atm. kort."},{"$i":"novCardFiles","$v":"Atminties kortelėje nėra kontaktų failo."},{"$i":"fullDiskSpace-error","$v":"Saugykla pilna, kontaktų importuoti negalima."},{"$i":"socialServiceContacts-error","$v":["Nepavyko importuoti adresatų iš ",{"t":"idOrVar","v":"service"},"."]},{"$i":"socialServiceContacts-noNetwork","$v":["Nėra interneto ryšio, nepavyksta importuoti adresatų iš ",{"t":"idOrVar","v":"service"},"."]},{"$i":"simContacts-reading","$v":"Skait. SIM k. esan. adresat..."},{"$i":"memoryCardContacts-reading","$v":"Skait. atm. kort. esan. adresat..."},{"$i":"importContactsTitle","$v":"Adresatų impor."},{"$i":"retry","$v":"Iš nauj."},{"$i":"noSimMsg","$v":"Norėdami importuoti adresatus, įdėkite arba atrakinkite SIM kortelę"},{"$i":"noSdcardMsg","$v":"Norėdami importuoti adresatus, įdėkite atminties kortelę"},{"$i":"not-imported","$v":"Neimportuota"},{"$i":"imported","$v":"Import."},{"$i":"importing","$v":"Imprtuoj."},{"$i":"contact-imported","$v":["Tiek adresatų importuota: ",{"t":"idOrVar","v":"imported"},". Tiek adresatų sulieta: ",{"t":"idOrVar","v":"dupes"},"."]},{"$i":"contact-imported2","$v":{"one":"1 kontaktas importuotas.","zero":"Neįvestas kontaktas.","few":["Tiek adresatų importuota: ",{"t":"idOrVar","v":"imported"},"."],"many":["Tiek adresatų importuota: ",{"t":"idOrVar","v":"imported"},"."],"other":["Tiek adresatų importuota: ",{"t":"idOrVar","v":"imported"},"."],"two":["Tiek adresatų importuota: ",{"t":"idOrVar","v":"imported"},"."]},"$x":[{"t":"idOrVar","v":"plural"},"imported"]},{"$i":"reading-contacts-from-sim","$v":"Skaitomi SIM k. esan. adresat..."},{"$i":"reading-contacts-from-gmail","$v":"Skaitomi „Gmail“ adresat..."},{"$i":"reading-contacts-from-live","$v":"Skaitomi „Outlook“ adresat..."},{"$i":"reading-contacts-from-sd","$v":"Skaitomi atm. kort. esan. adresat..."},{"$i":"reading-contacts-from-vcard","$v":"Skait. faile esan. adresat..."},{"$i":"importing-contacts-from-sim","$v":"Import. adresat. iš SIM kort…"},{"$i":"importing-contacts-from-gmail","$v":"Import. adresat. iš „Gmail“..."},{"$i":"importing-contacts-from-live","$v":"Import. adresat. iš „Outlook“..."},{"$i":"importing-contacts-from-sd","$v":"Import. adresat. iš atm. kortelės…"},{"$i":"importing-contacts-from-vcard","$v":"Import. adresat. iš failo…"},{"$i":"connect-network-to-import","$v":"Norėdami importuoti adresatus, prisijunkite prie „WiFi“ arba duomenų tinklo"},{"$i":"importing-confirm","$v":["Importuoti ",{"t":"idOrVar","v":"n"}," adresatą (-us) iš failo „",{"t":"idOrVar","v":"fileName"},"“?"]},{"$i":"importing-cancel-confirm","$v":"0.0"},{"$i":"import-contact-failed","$v":"Nepavyko importuoti kontaktų"},{"$i":"phone-storage-full","$v":"Tel. saugykla pilna."},{"$i":"import-contact-storage-full","$v":"Nepavyko importuoti adresatų. Ištrinkite programos duomenis, kad atlaisvintumėte vietos."},{"$i":"contact-import-error-disk-full","$v":"Kontaktų import. nebaigtas dėl pilnos saugyklos. Ištrinkite progr. duomenis, kad liktų daugiau vietos."},{"$i":"contact-import-error-sim-full","$v":"Adresatų importavimas neužbaigtas, nes SIM kortelė pilna."},{"$i":"contact-import-error-unknown","$v":"Importuoti kontaktus neužbaigta dėl klaidos."},{"$i":"import-contacts-canceled","$v":"0.0"},{"$i":"close","$v":"Užd."},{"$i":"import-process-cancel","$v":"Importavimo procesas atšauktas."},{"$i":"import-limit-header","$v":"Viršytas failo dydžio apribojimas"},{"$i":"inner-import-limit-content","$v":"Bet koks kontaktų failo dydis viršija 10 MB nebuvo importuotas."},{"$i":"activity-import-limit-contact","$v":"Nepavyko importuoti kontaktų, nes viršytas failo dydžio apribojimas."},{"$i":"activity-import-limit-additional","$v":"(Failo dydis turi būti mažesnis nei 10 MB.)"},{"$i":"bluetooth","$v":"Bluetooth"},{"$i":"export","$v":"Eksp."},{"$i":"export-contacts","$v":"Eksp. adresatus"},{"$i":"simExport-title","$v":"Ekspor. į SIM"},{"$i":"memoryCardExport-title","$v":"Eksportuojama į atminties kortelę ..."},{"$i":"btExport-title","$v":"Eksp. į „Bluetooth“"},{"$i":"noSimMsgExport","$v":"Norėdami eksportuoti adresatus, įdėkite arba atrakinkite SIM kortelę"},{"$i":"noSdcardExport","$v":"Norėdami eksportuoti adresatus, įdėkite atminties kortelę."},{"$i":"bluetoothNoConnection","$v":"Norėdami eksportuoti adresatus, prijunkite „Bluetooth“ prietaisą."},{"$i":"contact-exported","$v":["Tiek adresatų eksportuota: ",{"t":"idOrVar","v":"exported"},"."]},{"$i":"contact-exported2","$v":{"zero":"Nėra eksportuojamų kontaktų.","one":"Eksportuotas 1 kontaktas.","few":["Tiek adresatų eksportuota: ",{"t":"idOrVar","v":"exported"},"."],"many":["Tiek adresatų eksportuota: ",{"t":"idOrVar","v":"exported"},"."],"other":["Tiek adresatų eksportuota: ",{"t":"idOrVar","v":"exported"},"."],"two":["Tiek adresatų eksportuota: ",{"t":"idOrVar","v":"exported"},"."]},"$x":[{"t":"idOrVar","v":"plural"},"exported"]},{"$i":"export-contact-failed","$v":"Nepavyko eksportuoti adresatų"},{"$i":"contact-export-error-sim-full","$v":"Adresatų eksportavimas neužbaigtas, nes SIM kortelė pilna."},{"$i":"contact-export-error-sd-full","$v":"Eksportuoti kontaktai, kurie nėra baigti dėl atminties kortelės, yra pilni."},{"$i":"contact-export-error-unknown","$v":"Kontaktų eksportavimas neužbaigtas dėl klaidos."},{"$i":"contact-export-canceled","$v":"Eksportavimas atšauktas."},{"$i":"save","$v":"Išsg."},{"$i":"back","$v":"Grįž."},{"$i":"givenName","$v":"Vardas"},{"$i":"familyName","$v":"Pavardė"},{"$i":"name","$v":"Vardas"},{"$i":"org","$v":"Įmonė"},{"$i":"ringtone","$v":"Skmb. t."},{"$i":"note","$v":"Past."},{"$i":"photo","$v":"Paveikslėlis"},{"$i":"email","$v":"El. p."},{"$i":"adr","$v":"Adresas"},{"$i":"custom","$v":"Pasirinktinis"},{"$i":"confirm-discard-contact-data","$v":"Adresato informacija bus atmesta. Išsaugoti šį adresatą?"},{"$i":"confirm-discard-contact-update-data","$v":"Pakeitimai bus atmesti. Ar norėtumėte išsaugoti šį adresatą?"},{"$i":"discard-contact-data","$v":"Pakeitimai bus atmesti."},{"$i":"discard","$v":"Atmesti"},{"$i":"add-others","$v":"Įtr. kt."},{"$i":"custom-label","$v":"Individualizuota etiketė"},{"$i":"input-the-custom-type","$v":"Įveskite pasirinktinį tipą"},{"$i":"contact-added","$v":"Adresat. įtr."},{"$i":"delete-prompt-message","$v":["Ištrinti ",{"t":"idOrVar","v":"field"},"?"]},{"$i":"delete-photo-msg","$v":"paveikslas"},{"$i":"delete-ringtone-msg","$v":"Skmb. t."},{"$i":"delete-bday-msg","$v":"Gimimo data"},{"$i":"delete-note-msg","$v":"Past."},{"$i":"delete-org-msg","$v":"Įmonė"},{"$i":"personal","$v":"Asmenin."},{"$i":"mobile","$v":"Mobil."},{"$i":"current","$v":"Dabart."},{"$i":"home","$v":"Prd."},{"$i":"work","$v":"Darbas"},{"$i":"other","$v":"Kita"},{"$i":"fax-home","$v":"Namų faks."},{"$i":"fax-office","$v":"Darbo fak."},{"$i":"fax-other","$v":"Kit. faks."},{"$i":"add-phone","$v":"Įtr. tel."},{"$i":"add-tel","$v":"Įtr. tel."},{"$i":"add-email","$v":"Įtr. el. pašt."},{"$i":"add-ringtone","$v":"Įtr. sk. t."},{"$i":"add-adr","$v":"Įtr. adresą"},{"$i":"add-bday","$v":"Įtr. gimtad."},{"$i":"add-photo","$v":"Įtr. pav."},{"$i":"add-note","$v":"Įtr. past."},{"$i":"add-org","$v":"Įtr. įmonę"},{"$i":"add-tel-number","$v":"Įtr. telef. nr."},{"$i":"delete-tel","$v":"Tel. nr. ištrynim."},{"$i":"delete-email","$v":"Ištr. el. laiš."},{"$i":"delete-ringtone","$v":"Ištr. skamb. t."},{"$i":"delete-adr","$v":"Ištrin. adresą"},{"$i":"delete-bday","$v":"Ištrin. gimtad."},{"$i":"delete-photo","$v":"Ištrinti paveikslėlį"},{"$i":"delete-note","$v":"Ištr. pas."},{"$i":"delete-org","$v":"Ištrinti įmonę"},{"$i":"edit-tel-type","$v":"Red. tel. tipą"},{"$i":"edit-email-type","$v":"Red. el. p. tipą"},{"$i":"edit-adr-type","$v":"Red. adreso tipą"},{"$i":"edit-bday-type","$v":"Red. gimtad."},{"$i":"replace-photo","$v":"Keisti nuot."},{"$i":"replace-ringtone","$v":"Keisti skmb. t."},{"$i":"mobile-tel","$v":"Mob. telef."},{"$i":"home-tel","$v":"Namų tel."},{"$i":"work-tel","$v":"Darbo telefonas"},{"$i":"personal-tel","$v":"Asmen. telef."},{"$i":"fax-home-tel","$v":"Namų faks."},{"$i":"fax-office-tel","$v":"Darbo fak."},{"$i":"fax-other-tel","$v":"Kit. faks."},{"$i":"other-tel","$v":"Kitas tel."},{"$i":"personal-email","$v":"Asmeninis el. Paštas"},{"$i":"work-email","$v":"Darbo el"},{"$i":"other-email","$v":"Kitas el. Paštas"},{"$i":"custom-email","$v":[{"t":"idOrVar","v":"type"}," el. laiškas"]},{"$i":"custom-tel","$v":[{"t":"idOrVar","v":"type"}," tel."]},{"$i":"personal-adr","$v":"Asmeninis adres."},{"$i":"current-adr","$v":"Dabartinis adresas"},{"$i":"home-adr","$v":"Namų adresas"},{"$i":"work-adr","$v":"Darbovietės adresas"},{"$i":"custom-adr","$v":[{"t":"idOrVar","v":"type"}," adresas"]},{"$i":"bday","$v":"Gimtad."},{"$i":"birthday","$v":"Gimtad."},{"$i":"streetAddress","$v":"Gatvė"},{"$i":"locality","$v":"Mst."},{"$i":"postalCode","$v":"Pašto kodas"},{"$i":"countryName","$v":"Šalis"},{"$i":"region","$v":"Rajonas"},{"$i":"no-name","$v":"Pvd. nėra"},{"$i":"new-contact","$v":"Nauj. adrest."},{"$i":"options","$v":"Funkc."},{"$i":"cancel","$v":"Atš."},{"$i":"settings","$v":"Parametrai"},{"$i":"edit","$v":"Red."},{"$i":"share","$v":"Dalintis"},{"$i":"remove","$v":"Pašal."},{"$i":"compose","$v":"Kurti"},{"$i":"new-contact-title","$v":"Nauj. adrest."},{"$i":"edit-title","$v":"Red. adresatą"},{"$i":"music","$v":"Muz."},{"$i":"adr-type","$v":"adreso tipas"},{"$i":"email-type","$v":"El. Pašto tipas"},{"$i":"tel-type","$v":"Telefono tipas"},{"$i":"ICEContactsGroup","$v":"„ICE“ adrst."},{"$i":"setICEButton","$v":"Nust.kont.nelaim.atv."},{"$i":"ICESettingTitle","$v":"„ICE“ adrst."},{"$i":"ICEDescription","$v":"Įtr. penkis adresatus į skambučius „Nelaimės atveju“."},{"$i":"ICEContact","$v":["Adresatai nelaimės atveju ",{"t":"idOrVar","v":"n"}]},{"$i":"ICESelectContact","$v":"Rinktis adresatą"},{"$i":"delete-ice-contact-warning","$v":"Ar tikrai norite pašalinti šį ICE adresatą?"},{"$i":"confirm","$v":"Patvirtinim."},{"$i":"add-ice-failed","$v":"Nepavyko pridėti ICE"},{"$i":"create-group","$v":"Kurti grupę"},{"$i":"group-name","$v":"Grupės pavadinimas"},{"$i":"group","$v":"GRUPĖ"},{"$i":"new-group-created","$v":"Sukuriama nauja grupė."},{"$i":"create-group-failed","$v":"Sukurti grupę nepavyko."},{"$i":"create-group-too-many","$v":["Galite sukurti tik ",{"t":"idOrVar","v":"number"}," grupes (-ių)."]},{"$i":"create-group-duplicate","$v":"Vardo kopija"},{"$i":"rename-group-failed","$v":"Nepavyko pervardyti grupės."},{"$i":"new-group","$v":"Naujas"},{"$i":"rename","$v":"Pervadinti"},{"$i":"duplicate-removed","$v":"Pasikartojantis (-ys) adresatas (-ai) pašalintas (-i)."},{"$i":"add-to-group","$v":"Pridėti prie grupės"},{"$i":"remove-from-group","$v":"Pašalinti iš grupės"},{"$i":"added-to","$v":["Pridėta prie ",{"t":"idOrVar","v":"group"}]},{"$i":"removed-from","$v":["Pašalinta iš ",{"t":"idOrVar","v":"group"}]},{"$i":"select-group","$v":"Pasirinkite grupę"},{"$i":"rename-group","$v":"Pervardyti grupę"},{"$i":"delete-group","$v":["Ar tikrai norite pašalinti ",{"t":"idOrVar","v":"group"},"?"]},{"$i":"unable-add-warn","$v":"Neįmanoma pridėti paskyros kontakto prie grupės."},{"$i":"edit-contact","$v":"Red. adresatą"},{"$i":"send-message","$v":"Siųsti pranešimą"},{"$i":"call","$v":"Skam."},{"$i":"call-sim-1","$v":"Skambutis – SIM 1"},{"$i":"call-sim-2","$v":"Skambutis – SIM 2"},{"$i":"send-email","$v":"Siųsti el. laišką"},{"$i":"choose-number","$v":"Pasirinkite numerį"},{"$i":"choose-email-address","$v":"Rinktis el. laišką"},{"$i":"delete","$v":"Ištrin."},{"$i":"select","$v":"Rinktis"},{"$i":"select-all","$v":"Rinktis viską"},{"$i":"select-all2","$v":"Visi"},{"$i":"deselect-all","$v":"Ats. visų pas."},{"$i":"deselect-all2","$v":"Niek."},{"$i":"deselect","$v":"Atsisak."},{"$i":"selected-contacts","$v":{"few":["Pasir.: ",{"t":"idOrVar","v":"n"}],"many":["Pasir.: ",{"t":"idOrVar","v":"n"}],"one":["Pasir.: ",{"t":"idOrVar","v":"n"}],"other":["Pasir.: ",{"t":"idOrVar","v":"n"}],"two":["Pasir.: ",{"t":"idOrVar","v":"n"}],"zero":["Pasir.: ",{"t":"idOrVar","v":"n"}]},"$x":[{"t":"idOrVar","v":"plural"},"n"]},{"$i":"massive-delete","$v":"Ištr. adresatus"},{"$i":"confirm-contact-delete","$v":["Ar tikrai norite ištrinti adresatą \"",{"t":"idOrVar","v":"name"},"\"?"]},{"$i":"DeletedTxt","$v":{"few":["Pašal. adresatų: ",{"t":"idOrVar","v":"n"}],"many":["Pašal. adresatų: ",{"t":"idOrVar","v":"n"}],"one":"Pašal. 1 adresat.","other":["Pašal. adresatų: ",{"t":"idOrVar","v":"n"}],"two":["Pašal. adresatų: ",{"t":"idOrVar","v":"n"}],"zero":"Nėra trint. adresatų"},"$x":[{"t":"idOrVar","v":"plural"},"n"]},{"$i":"DeletingContacts","$v":"Ištr. adresatus"},{"$i":"DeletingContactsProgressing","$v":"Ištrin. adresatai"},{"$i":"ContactConfirmDel","$v":{"few":["Ištr. ",{"t":"idOrVar","v":"n"}," adres.? Veiksmo atš. negalima."],"many":["Ištr. ",{"t":"idOrVar","v":"n"}," adres.? Veiksmo atš. negalima."],"one":"Ištrinti 1 adres.? Veiksmo atš. negal.","other":["Ištr. ",{"t":"idOrVar","v":"n"}," adres.? Veiksmo atš. negalima."],"two":["Ištr. ",{"t":"idOrVar","v":"n"}," adres.? Veiksmo atš. negalima."],"zero":"Nėra trint. adresatų"},"$x":[{"t":"idOrVar","v":"plural"},"n"]},{"$i":"contact-deleted","$v":{"zero":"0.0","one":"1 kontaktas ištrintas.","few":["Tiek adresatų ištrinta: ",{"t":"idOrVar","v":"n"},"."],"many":["Tiek adresatų ištrinta: ",{"t":"idOrVar","v":"n"},"."],"other":["Tiek adresatų ištrinta: ",{"t":"idOrVar","v":"n"},"."],"two":["Tiek adresatų ištrinta: ",{"t":"idOrVar","v":"n"},"."]},"$x":[{"t":"idOrVar","v":"plural"},"n"]},{"$i":"a-contact-deleted","$v":"Adresatas ištrintas."},{"$i":"settings-title","$v":"Adresato paramet."},{"$i":"change-will-update-until-restart","$v":"Pakeitimai bus atnaujinti kitą kartą paleidus kontaktus."},{"$i":"transfer-contacts","$v":"Perkelti adresatus"},{"$i":"service-number","$v":"Paslaugų nr."},{"$i":"no-contacts-found","$v":"Atitiktis nerasta."},{"$i":"search","$v":"Ieškokite kontaktų","placeholder":"Ieškokite kontaktų"},{"$i":"search-option","$v":"Paieš."},{"$i":"accounts","$v":"Paskyros"},{"$i":"account","$v":"Paskyra"},{"$i":"add-account","$v":"Įtraukti paskyrą"},{"$i":"add-account-failed","$v":"Įvyko nežinoma klaida, bandykite dar kartą vėliau."},{"$i":"duplicate-account-warn","$v":"Paskyra jau egzistuoja. Sinchr. įjungtas."},{"$i":"setting-up-account","$v":"Paskyros nustatymas"},{"$i":"no-network-warn","$v":"Nėra interneto ryšio."},{"$i":"username","$v":"Vartotojo vardas"},{"$i":"password","$v":"Slaptaž."},{"$i":"delete-account","$v":"Šalinti paskyrą"},{"$i":"delete-account-long","$v":"Ištrinti paskyrą"},{"$i":"delete-account-warn","$v":"Jei ištrinsite šią paskyrą, bus paveiktos ir šioje paskyroje naudojamos programos."},{"$i":"deleting-account","$v":"Trinama paskyra ..."},{"$i":"delete-account-failed","$v":"Nepavyko ištrinti paskyros, bandykite dar kartą vėliau."},{"$i":"delete-account-ok","$v":"Paskyra ištrinta."},{"$i":"sync","$v":"Sinchronizuoti"},{"$i":"sync-title","$v":"Kontaktų sinchr."},{"$i":"sync-failed-warn","$v":"Nepavyko sinchronizuoti."},{"$i":"sync-off-warn","$v":"Sinchronizavimas yra išjungtas „Nustatymuose“."},{"$i":"show-account-contacts","$v":"Rodyti paskyros kontaktus"},{"$i":"sync-account-contacts","$v":"sinchronizuoti paskyros kontaktus"},{"$i":"sync-account-contacts-warning","$v":["Panaikinus ",{"t":"idOrVar","v":"switch"}," žymėjimą joks paskyros adresato redagavimas nebus sinchronizuojamas su debesimi. Ar vis tiek norite panaikinti žymėjimą?"]},{"$i":"yes","$v":"Taip"},{"$i":"all-contacts-synced","$v":"Visi kontaktai sinchronizuojami."},{"$i":"contact-syncing","$v":"Sinchronizuojami kontaktai ..."},{"$i":"contacts-sync-limit-exceed","$v":"Kontaktų sinchr. nebaigtas dėl viršyto kontaktų limito."},{"$i":"show-password","$v":"Rodyti slaptažodį"},{"$i":"password-incorrect","$v":"Neteising. slaptaž."},{"$i":"re-enter-password","$v":"Pakartokite slaptažodį"},{"$i":"accessing-warn","$v":"Bandant pasiekti jūsų paskyrą kilo problema."},{"$i":"accessing-warn-password","$v":"Įveskite slaptažodį iš naujo."},{"$i":"re-enter-password-on-setting","$v":"Pakartotinai įveskite slaptažodį „Contacts“ nustatyme."},{"$i":"accessing-warn-relogin","$v":"Ištrinkite paskyrą ir prisijunkite iš naujo."},{"$i":"update-password-failed","$v":"Nepavyko atnaujinti slaptažodžio, bandykite dar kartą vėliau."},{"$i":"connect-time-out","$v":["Nepavyksta užmegzti ryšio su „",{"t":"idOrVar","v":"server"},"“. Gali būti tinklo problema."]},{"$i":"server-error","$v":"Serveris nepasiekiamas. Bandykite vėliau."},{"$i":"loading","$v":"Įkeliama…"},{"$i":"ellipsis","$v":"..."},{"$i":"stop-syncing-warn-title","$v":"Kontaktų sinchronizavimas"},{"$i":"stop-syncing-warn","$v":"Uždarius programą bus sustabdytas kontaktų sinchronizavimo procesas. Ar vis dar norite jį uždaryti?"},{"$i":"weekday-0-long","$v":"Sekmadienis"},{"$i":"weekday-1-long","$v":"Pirmadienis"},{"$i":"weekday-2-long","$v":"Antradienis"},{"$i":"weekday-3-long","$v":"Trečiadienis"},{"$i":"weekday-4-long","$v":"Ketvirtadienis"},{"$i":"weekday-5-long","$v":"Penktadienis"},{"$i":"weekday-6-long","$v":"Šeštadienis"},{"$i":"weekday-0-short","$v":"Sk"},{"$i":"weekday-1-short","$v":"Pr"},{"$i":"weekday-2-short","$v":"An"},{"$i":"weekday-3-short","$v":"Tr"},{"$i":"weekday-4-short","$v":"Kt"},{"$i":"weekday-5-short","$v":"Pn"},{"$i":"weekday-6-short","$v":"Št"},{"$i":"month-0-long","$v":"Sausis"},{"$i":"month-1-long","$v":"Vasaris"},{"$i":"month-2-long","$v":"Kovas"},{"$i":"month-3-long","$v":"Balandis"},{"$i":"month-4-long","$v":"Gegužė"},{"$i":"month-5-long","$v":"Birželis"},{"$i":"month-6-long","$v":"Liepa"},{"$i":"month-7-long","$v":"Rugpjūtis"},{"$i":"month-8-long","$v":"Rugsėjis"},{"$i":"month-9-long","$v":"Spalis"},{"$i":"month-10-long","$v":"Lapkritis"},{"$i":"month-11-long","$v":"Gruodis"},{"$i":"month-0-genitive","$v":"Sausis"},{"$i":"month-1-genitive","$v":"Vasaris"},{"$i":"month-2-genitive","$v":"Kovas"},{"$i":"month-3-genitive","$v":"Balandis"},{"$i":"month-4-genitive","$v":"Gegužė"},{"$i":"month-5-genitive","$v":"Birželis"},{"$i":"month-6-genitive","$v":"Liepa"},{"$i":"month-7-genitive","$v":"Rugpjūtis"},{"$i":"month-8-genitive","$v":"Rugsėjis"},{"$i":"month-9-genitive","$v":"Spalis"},{"$i":"month-10-genitive","$v":"Lapkritis"},{"$i":"month-11-genitive","$v":"Gruodis"},{"$i":"month-0-short","$v":"saus."},{"$i":"month-1-short","$v":"vasar."},{"$i":"month-2-short","$v":"kov."},{"$i":"month-3-short","$v":"balan."},{"$i":"month-4-short","$v":"Geg"},{"$i":"month-5-short","$v":"birž."},{"$i":"month-6-short","$v":"liep."},{"$i":"month-7-short","$v":"rugpj."},{"$i":"month-8-short","$v":"rugs"},{"$i":"month-9-short","$v":"spal."},{"$i":"month-10-short","$v":"lapkr."},{"$i":"month-11-short","$v":"grd."},{"$i":"minutes-ago-long","$v":{"few":["Prieš ",{"t":"idOrVar","v":"value"}," min."],"many":["Prieš ",{"t":"idOrVar","v":"value"}," min."],"other":["Prieš ",{"t":"idOrVar","v":"value"}," min."],"two":["Prieš ",{"t":"idOrVar","v":"value"}," min."],"one":"prieš minutę","zero":"ką tik"},"$x":[{"t":"idOrVar","v":"plural"},"value"]},{"$i":"hours-ago-long","$v":{"few":["Prieš ",{"t":"idOrVar","v":"value"}," val."],"many":["Prieš ",{"t":"idOrVar","v":"value"}," val."],"other":["Prieš ",{"t":"idOrVar","v":"value"}," val."],"two":["Prieš ",{"t":"idOrVar","v":"value"}," val."],"one":"Prieš 1 valandą","zero":"ką tik"},"$x":[{"t":"idOrVar","v":"plural"},"value"]},{"$i":"days-ago-long","$v":{"few":["Prieš ",{"t":"idOrVar","v":"value"}," d."],"many":["Prieš ",{"t":"idOrVar","v":"value"}," d."],"one":"vakar","other":["Prieš ",{"t":"idOrVar","v":"value"}," d."],"two":["Prieš ",{"t":"idOrVar","v":"value"}," d."],"zero":"šiandien"},"$x":[{"t":"idOrVar","v":"plural"},"value"]},{"$i":"weeks-ago-long","$v":{"few":["Prieš ",{"t":"idOrVar","v":"value"}," sav."],"many":["Prieš ",{"t":"idOrVar","v":"value"}," sav."],"one":"pas. sav.","other":["Prieš ",{"t":"idOrVar","v":"value"}," sav."],"two":["Prieš ",{"t":"idOrVar","v":"value"}," sav."],"zero":"ši savaitė"},"$x":[{"t":"idOrVar","v":"plural"},"value"]},{"$i":"months-ago-long","$v":{"few":[{"t":"idOrVar","v":"value"}," mėn. po"],"many":[{"t":"idOrVar","v":"value"}," mėn. po"],"one":"pask. mėn.","other":[{"t":"idOrVar","v":"value"}," mėn. po"],"two":[{"t":"idOrVar","v":"value"}," mėn. po"],"zero":"šis mėnuo"},"$x":[{"t":"idOrVar","v":"plural"},"value"]},{"$i":"years-ago-long","$v":{"few":["Prieš ",{"t":"idOrVar","v":"value"}," met."],"many":["Prieš ",{"t":"idOrVar","v":"value"}," met."],"one":"Pas. met.","other":["Prieš ",{"t":"idOrVar","v":"value"}," met."],"two":["Prieš ",{"t":"idOrVar","v":"value"}," met."],"zero":"šie metai"},"$x":[{"t":"idOrVar","v":"plural"},"value"]},{"$i":"minutes-until-long","$v":{"few":["per ",{"t":"idOrVar","v":"value"}," min."],"many":["per ",{"t":"idOrVar","v":"value"}," min."],"other":["per ",{"t":"idOrVar","v":"value"}," min."],"two":["per ",{"t":"idOrVar","v":"value"}," min."],"zero":"dabar","one":"per 1 min"},"$x":[{"t":"idOrVar","v":"plural"},"value"]},{"$i":"hours-until-long","$v":{"few":["per ",{"t":"idOrVar","v":"value"}," val."],"many":["per ",{"t":"idOrVar","v":"value"}," val."],"other":["per ",{"t":"idOrVar","v":"value"}," val."],"two":["per ",{"t":"idOrVar","v":"value"}," val."],"zero":"dabar","one":"per 1 valandą"},"$x":[{"t":"idOrVar","v":"plural"},"value"]},{"$i":"days-until-long","$v":{"few":["per ",{"t":"idOrVar","v":"value"}," d."],"many":["per ",{"t":"idOrVar","v":"value"}," d."],"one":"rytoj","other":["per ",{"t":"idOrVar","v":"value"}," d."],"two":["per ",{"t":"idOrVar","v":"value"}," d."],"zero":"šiandien"},"$x":[{"t":"idOrVar","v":"plural"},"value"]},{"$i":"weeks-until-long","$v":{"few":["per ",{"t":"idOrVar","v":"value"}," sav."],"many":["per ",{"t":"idOrVar","v":"value"}," sav."],"one":"kita sav.","other":["per ",{"t":"idOrVar","v":"value"}," sav."],"two":["per ",{"t":"idOrVar","v":"value"}," sav."],"zero":"ši savaitė"},"$x":[{"t":"idOrVar","v":"plural"},"value"]},{"$i":"months-until-long","$v":{"few":["per ",{"t":"idOrVar","v":"value"}," mėn."],"many":["per ",{"t":"idOrVar","v":"value"}," mėn."],"one":"kit. mėn.","other":["per ",{"t":"idOrVar","v":"value"}," mėn."],"two":["per ",{"t":"idOrVar","v":"value"}," mėn."],"zero":"šis mėnuo"},"$x":[{"t":"idOrVar","v":"plural"},"value"]},{"$i":"years-until-long","$v":{"few":["per ",{"t":"idOrVar","v":"value"}," met."],"many":["per ",{"t":"idOrVar","v":"value"}," met."],"one":"kit. met.","other":["per ",{"t":"idOrVar","v":"value"}," met."],"two":["per ",{"t":"idOrVar","v":"value"}," met."],"zero":"šie metai"},"$x":[{"t":"idOrVar","v":"plural"},"value"]},{"$i":"minutes-ago-short","$v":{"other":["Prieš ",{"t":"idOrVar","v":"value"},"min."],"zero":"ką tik"},"$x":[{"t":"idOrVar","v":"plural"},"value"]},{"$i":"hours-ago-short","$v":{"other":["Prieš ",{"t":"idOrVar","v":"value"},"val."],"zero":"ką tik"},"$x":[{"t":"idOrVar","v":"plural"},"value"]},{"$i":"days-ago-short","$v":{"other":["Prieš ",{"t":"idOrVar","v":"value"},"d."],"zero":"šiandien"},"$x":[{"t":"idOrVar","v":"plural"},"value"]},{"$i":"minutes-until-short","$v":{"other":["per ",{"t":"idOrVar","v":"value"},"min."],"zero":"dabar"},"$x":[{"t":"idOrVar","v":"plural"},"value"]},{"$i":"hours-until-short","$v":{"other":["per ",{"t":"idOrVar","v":"value"},"val."],"zero":"dabar"},"$x":[{"t":"idOrVar","v":"plural"},"value"]},{"$i":"days-until-short","$v":{"other":["per ",{"t":"idOrVar","v":"value"},"d"],"zero":"šiandien"},"$x":[{"t":"idOrVar","v":"plural"},"value"]},{"$i":"incorrectDate","$v":"(neteisinga data)"},{"$i":"dateTimeFormat_%c","$v":"%a %b %e %Y %I:%M:%S %p"},{"$i":"dateTimeFormat_%x","$v":"%m/%d/%Y"},{"$i":"dateTimeFormat_%X","$v":"%I:%M:%S %p"},{"$i":"shortTimeFormat","$v":"%I:%M %p"},{"$i":"shortTimeFormat12","$v":"%I:%M %p"},{"$i":"shortTimeFormat24","$v":"%H:%M"},{"$i":"shortDateTimeFormat","$v":"%x %I:%M %p"},{"$i":"weekStartsOnMonday","$v":"0.0"},{"$i":"firstDayOfTheWeek","$v":"1.0"},{"$i":"time_am","$v":"AM"},{"$i":"time_pm","$v":"PM"},{"$i":"sim-with-index-and-carrier","$v":["SIM ",{"t":"idOrVar","v":"index"}," - ",{"t":"idOrVar","v":"carrier"}]},{"$i":"sim-without-carrier","$v":["SIM ",{"t":"idOrVar","v":"index"}]}]