[{"$i":"contacts","$v":"Kontakti"},{"$i":"view","$v":"Apskatīt"},{"$i":"no-contacts","$v":"Nav kontaktu."},{"$i":"reading-contacts","$v":"Notiek kontaktu ielāde"},{"$i":"start-adding","$v":"Nospiediet Jauns vai dodieties uz Iestatījumi, lai pievienotu kontaktus."},{"$i":"no-contact-available","$v":"Nav pieejams neviens kontakts"},{"$i":"requested-contact-not-available","$v":"Pieprasītā informācija par esošajiem kontaktiem nav pieejama."},{"$i":"cannot-add-as-empty","$v":"Nevar pievienot kontaktam, jo kontaktu saraksts ir tukšs"},{"$i":"ok","$v":"LABI"},{"$i":"no-phone-number-to-dial","$v":"Nav neviena tālruņa numura, ko izsaukt"},{"$i":"video-call","$v":"Videozvans"},{"$i":"rtt-call","$v":"RTT zvans"},{"$i":"select-a-contact","$v":"Atlasiet kontaktu"},{"$i":"multi-pick-max-warn","$v":["Maksimālais atlasīto vienumu skaits ir ",{"t":"idOrVar","v":"n"}]},{"$i":"add-contact-failed","$v":"Neizdevās pievienot kontaktu"},{"$i":"no-sim-card-available","$v":"Nav pieejamas SIM kartes"},{"$i":"email-cannot-add-to-sim","$v":"Pašreizējā atmiņas izvēle neatbalsta e-pastu."},{"$i":"add-info-failed","$v":"Neizdevās pievienot informāciju"},{"$i":"no-contact-to-add","$v":"Pievienojamā kontaktpersona nav pieejama."},{"$i":"move","$v":"Pārvietošana"},{"$i":"copy","$v":"Kopēt"},{"$i":"copy-contacts","$v":"Kopēt kontaktus"},{"$i":"move-contacts","$v":"Pārvietot kontaktus"},{"$i":"phone-memory","$v":"Tālruņa atmiņas"},{"$i":"sim-memory","$v":"SIM atmiņa"},{"$i":"sim-0-memory","$v":"SIM 1 atmiņa"},{"$i":"sim-1-memory","$v":"SIM 2 atmiņa"},{"$i":"move-from","$v":"Pārvietot no"},{"$i":"copy-from","$v":"Kopēt no"},{"$i":"to","$v":"Darbība"},{"$i":"move-contacts-progressing","$v":"Pārvieto kontaktu(-us)..."},{"$i":"copy-contacts-progressing","$v":"Kontaktpersonas(-u) kopēšana..."},{"$i":"contact-move-to-sim","$v":{"few":[{"t":"idOrVar","v":"migrated"}," kontakti ir pārvietoti uz SIM karti."],"many":[{"t":"idOrVar","v":"migrated"}," kontakti ir pārvietoti uz SIM karti."],"one":"1 kontakts ir pārvietots uz SIM karti.","other":[{"t":"idOrVar","v":"migrated"}," kontakti ir pārvietoti uz SIM karti."],"two":[{"t":"idOrVar","v":"migrated"}," kontakti ir pārvietoti uz SIM karti."],"zero":"Neviens kontakts nav pārvietots uz SIM karti."},"$x":[{"t":"idOrVar","v":"plural"},"migrated"]},{"$i":"contact-copy-to-sim","$v":{"few":[{"t":"idOrVar","v":"migrated"}," kontakti ir nokopēti SIM kartē."],"many":[{"t":"idOrVar","v":"migrated"}," kontakti ir nokopēti SIM kartē."],"one":"1 kontakts ir nokopēts SIM kartē.","other":[{"t":"idOrVar","v":"migrated"}," kontakti ir nokopēti SIM kartē."],"two":[{"t":"idOrVar","v":"migrated"}," kontakti ir nokopēti SIM kartē."],"zero":"Neviens kontakts nav nokopēts SIM kartē."},"$x":[{"t":"idOrVar","v":"plural"},"migrated"]},{"$i":"contact-move-to-sim0","$v":{"few":[{"t":"idOrVar","v":"migrated"}," kontakti ir pārvietoti uz SIM 1 karti."],"many":[{"t":"idOrVar","v":"migrated"}," kontakti ir pārvietoti uz SIM 1 karti."],"one":"1 kontakts ir pārvietots uz SIM 1 karti.","other":[{"t":"idOrVar","v":"migrated"}," kontakti ir pārvietoti uz SIM 1 karti."],"two":[{"t":"idOrVar","v":"migrated"}," kontakti ir pārvietoti uz SIM 1 karti."],"zero":"Neviens kontakts nav pārvietots uz SIM 1 karti."},"$x":[{"t":"idOrVar","v":"plural"},"migrated"]},{"$i":"contact-copy-to-sim0","$v":{"few":[{"t":"idOrVar","v":"migrated"}," kontakti ir nokopēti SIM 1 kartē."],"many":[{"t":"idOrVar","v":"migrated"}," kontakti ir nokopēti SIM 1 kartē."],"one":"1 kontakts ir nokopēts SIM 1 kartē.","other":[{"t":"idOrVar","v":"migrated"}," kontakti ir nokopēti SIM 1 kartē."],"two":[{"t":"idOrVar","v":"migrated"}," kontakti ir nokopēti SIM 1 kartē."],"zero":"Neviens kontakts nav nokopēts SIM 1 kartē."},"$x":[{"t":"idOrVar","v":"plural"},"migrated"]},{"$i":"contact-move-to-sim1","$v":{"few":[{"t":"idOrVar","v":"migrated"}," kontakti ir pārvietoti uz SIM 2 karti."],"many":[{"t":"idOrVar","v":"migrated"}," kontakti ir pārvietoti uz SIM 2 karti."],"one":"1 kontakts ir pārvietots uz SIM 2 karti.","other":[{"t":"idOrVar","v":"migrated"}," kontakti ir pārvietoti uz SIM 2 karti."],"two":[{"t":"idOrVar","v":"migrated"}," kontakti ir pārvietoti uz SIM 2 karti."],"zero":"Neviens kontakts nav pārvietots uz SIM 2 karti."},"$x":[{"t":"idOrVar","v":"plural"},"migrated"]},{"$i":"contact-copy-to-sim1","$v":{"few":[{"t":"idOrVar","v":"migrated"}," kontakti ir nokopēti SIM 2 kartē."],"many":[{"t":"idOrVar","v":"migrated"}," kontakti ir nokopēti SIM 2 kartē."],"one":"1 kontakts ir nokopēts SIM 2 kartē.","other":[{"t":"idOrVar","v":"migrated"}," kontakti ir nokopēti SIM 2 kartē."],"two":[{"t":"idOrVar","v":"migrated"}," kontakti ir nokopēti SIM 2 kartē."],"zero":"Neviens kontakts nav nokopēts SIM 2 kartē."},"$x":[{"t":"idOrVar","v":"plural"},"migrated"]},{"$i":"contact-move-to-device","$v":{"one":"1 kontaktpersona ir pārvietota uz tālruni.","zero":"Neviena kontaktpersona nav pārvietota uz tālruni.","few":["Uz tālruni pārvietotie kontakti: ",{"t":"idOrVar","v":"migrated"},"."],"many":["Uz tālruni pārvietotie kontakti: ",{"t":"idOrVar","v":"migrated"},"."],"other":["Uz tālruni pārvietotie kontakti: ",{"t":"idOrVar","v":"migrated"},"."],"two":["Uz tālruni pārvietotie kontakti: ",{"t":"idOrVar","v":"migrated"},"."]},"$x":[{"t":"idOrVar","v":"plural"},"migrated"]},{"$i":"contact-copy-to-device","$v":{"one":"1 kontaktpersona ir kopēta tālrunī.","zero":"Tālrunī nav kopēts neviens kontakts.","few":["Uz tālruni nokopētie kontakti: ",{"t":"idOrVar","v":"migrated"},"."],"many":["Uz tālruni nokopētie kontakti: ",{"t":"idOrVar","v":"migrated"},"."],"other":["Uz tālruni nokopētie kontakti: ",{"t":"idOrVar","v":"migrated"},"."],"two":["Uz tālruni nokopētie kontakti: ",{"t":"idOrVar","v":"migrated"},"."]},"$x":[{"t":"idOrVar","v":"plural"},"migrated"]},{"$i":"copy-contact-failed","$v":"Kontaktpersonu kopēšana neizdevās"},{"$i":"move-contact-failed","$v":"Neizdevās pārvietot kontaktpersonas"},{"$i":"contact-copy-error-sim-full","$v":"Kontaktpersonu kopēšana, kas nav pabeigta SIM kartes dēļ, ir pilna."},{"$i":"contact-copy-error-unknown","$v":"Kontaktpersonu kopēšana kļūdas dēļ nav pabeigta."},{"$i":"contact-copy-error-limit-exceeded","$v":"Kontaktu kopēšana nav pabeigta, jo pārsniegts tālruņa kontaktu ierobežojums."},{"$i":"contact-move-error-sim-full","$v":"Kontaktpersonu pārvietošana nav pabeigta, jo SIM karte ir pilna."},{"$i":"contact-move-error-unknown","$v":"Kontaktpersonu pārvietošana kļūdas dēļ nav pabeigta."},{"$i":"contact-move-error-limit-exceeded","$v":"Kontaktu pārvietošana nav pabeigta, jo pārsniegts tālruņa kontaktu ierobežojums."},{"$i":"contact-save-error-unknown","$v":"Kontaktinformācijas saglabāšana kļūdas dēļ nav pabeigta."},{"$i":"memory","$v":"Atmiņa"},{"$i":"phone-and-sim","$v":"Tālrunis un SIM"},{"$i":"phone","$v":"Tālrunis"},{"$i":"sim","$v":"SIM"},{"$i":"reloading-contact","$v":"Kontaktu pārlādēšana..."},{"$i":"contact-reloaded","$v":"Kontakti ir pārlādēti"},{"$i":"message","$v":"Ziņa"},{"$i":"changes-saved","$v":"Izmaiņas saglabātas."},{"$i":"already-ice-contact","$v":"Atlasītais kontakts jau ir iestatīts uz ICE."},{"$i":"phone-contacts-limit-exceeded","$v":"Pārsniegts tālruņa kontaktu ierobežojums."},{"$i":"sim-contacts-limit-exceeded","$v":"Pārsniegts SIM kartes kontaktu ierobežojums."},{"$i":"more-info","$v":"vairāk"},{"$i":"callAirplaneModeTitle","$v":"Aktivizēts lidmašīnas režīms"},{"$i":"callAirplaneModeMessage","$v":"Lai veiktu zvanu, sadaļā Uzstādījumi nepieciešams deaktivizēt lidmašīnas režīmu."},{"$i":"emergencyDialogTitle","$v":"Nav tīkla savienojuma"},{"$i":"emergencyDialogBodyBadNumber","$v":"Lai veiktu zvanu, tālrunim jābūt savienotam ar tīklu."},{"$i":"emergencyDialogBodyDeviceNotAccepted","$v":"Tīklā ārkārtas zvani nav atļauti."},{"$i":"invalidNumberToDialTitle","$v":"Nederīgs tālruņa numurs"},{"$i":"invalidNumberToDialMessage","$v":"Jūsu izsauktais tālruņa numurs nav derīgs."},{"$i":"invalidNumberToSendTitle","$v":"Nederīgs tālruņa numurs"},{"$i":"invalidNumberToSendMessage","$v":"Tālruņa numurs, uz kuru vēlaties sūtīt ziņojumu, nav derīgs."},{"$i":"emergency-call-only","$v":"Tikai ārkārtas zvans"},{"$i":"emergency-call-error","$v":[{"t":"idOrVar","v":"number"}," nav ārkārtas numurs."]},{"$i":"numberIsBusyTitle","$v":"Numurs ir aizņemts"},{"$i":"numberIsBusyMessage","$v":"Pašlaik šis numurs ir aizņemts. Vēlāk mēģiniet vēlreiz."},{"$i":"fdnIsActiveTitle","$v":"FDN aktīvs"},{"$i":"fdnIsActiveMessage","$v":["FDN (Fixed Dialling Numbers — fiksēto zvanu numuri) ir aktivizēti, bet šis numurs nav iekļauts jūsu FDN sarakstā: ",{"t":"idOrVar","v":"number"}]},{"$i":"otherConnectionInUseTitle","$v":"Izmanto citu savienojumu"},{"$i":"otherConnectionInUseMessage","$v":"Jums ir aktīvs zvans citā savienojumā. Vienlaikus varat izmantot tikai vienu savienojumu."},{"$i":"GenericFailure","$v":"Vispārēja kļūme"},{"$i":"CallFailed","$v":"Zvans neizdevās"},{"$i":"scCallBarring","$v":"Zvanu liegums"},{"$i":"scCallForwarding","$v":"Zvanu pāradresācija"},{"$i":"scClip","$v":"Ienākošā zvanītāja ID"},{"$i":"scClir","$v":"Izejošais zvanītāja ID"},{"$i":"scPwd","$v":"Paroles maiņa"},{"$i":"scCallWaiting","$v":"Zvanu gaidīšana"},{"$i":"scPin","$v":"PIN koda maiņa"},{"$i":"scPin2","$v":"PIN2 koda maiņa"},{"$i":"scPuk","$v":"Atbloķēt PIN"},{"$i":"scPuk2","$v":"Atbloķēt PIN2"},{"$i":"scImei","$v":"IMEI"},{"$i":"scMeid","$v":"MEID"},{"$i":"scUssd","$v":"USSD"},{"$i":"set-speed-dial","$v":"Uzstādīt ātrā zv. kont."},{"$i":"empty","$v":"Tukšs"},{"$i":"voicemail","$v":"Balss pasts"},{"$i":"speed-dial","$v":"Ātrais zvans"},{"$i":"add","$v":"Pievienot"},{"$i":"replace","$v":"Aizstāt"},{"$i":"remove-from-speed-dial","$v":"Noņemiet no ātro zvana"},{"$i":"custom-dialog-replace-speed-dial","$v":["Vai tiešām vēlaties aizstāt ātro zvanu ",{"t":"idOrVar","v":"oldSpeedDial"}," ar ",{"t":"idOrVar","v":"newSpeedDial"},"?"]},{"$i":"custom-dialog-remove-speed-dial","$v":["Vai tiešām vēlaties noņemt ",{"t":"idOrVar","v":"name"}," no ātrā zvana?"]},{"$i":"speed-dial-added","$v":"Ātrā zvana numurs pievienots."},{"$i":"speed-dial-removed","$v":"Ātrā zvana numurs noņemts."},{"$i":"speed-dial-replaced","$v":"Ātrā zvana numurs atjaunināts."},{"$i":"voice-mail","$v":"Balss pasts"},{"$i":"voice-mail-number","$v":["Balss pasta numurs — ",{"t":"idOrVar","v":"n"},". SIM karte"]},{"$i":"voice-mail-number-single","$v":"Balss pasta numurs"},{"$i":"voice-mail-number-updated","$v":"Balss pasta numurs ir atjaunināts"},{"$i":"found-duplicates-message","$v":"Šajos kontaktos tika atrasta dublēta informācija. Vai vēlaties to apvienot?"},{"$i":"confirm-to-merge-contacts","$v":["Vai tiešām apvienot ",{"t":"idOrVar","v":"n"}," kontaktus, izmantojot vārdu ",{"t":"idOrVar","v":"name"},"?"]},{"$i":"contact-merged","$v":"Kontakts apvienots"},{"$i":"find-duplicate-contacts","$v":"Atrast dublētus kontaktus"},{"$i":"no-duplicate-contact-found","$v":"Nav atrasts neviens dublēts kontakts"},{"$i":"merge","$v":"Apvienošana"},{"$i":"find-dup","$v":"Atrast dublētus kontaktus"},{"$i":"find-dup-title","$v":"Atrast dublētus kontaktus"},{"$i":"finding-dup-message","$v":"Notiek dublētu kontaktu meklēšana..."},{"$i":"dup-found-title","$v":"Atrasti dublikāti"},{"$i":"dup-found-message","$v":"Šajos kontaktos tika atrasta dublēta informācija. Vai vēlaties sapludināt?"},{"$i":"no-dup-found","$v":"Dublikāti nav atrasti"},{"$i":"merge-conflict-warn","$v":["Šī informācija tiks aizstāta ar \"",{"t":"idOrVar","v":"name"},"\":"]},{"$i":"merge-conflict-confirm","$v":"Vai tiešām vēlaties sapludināt kontaktus?"},{"$i":"add-favorite","$v":"Pievienot izlasei"},{"$i":"remove-favorite","$v":"Noņemt no izlases"},{"$i":"favorite-contacts","$v":"Izlase"},{"$i":"add-block","$v":"Bloķēt šo numuru"},{"$i":"remove-block","$v":"Atbloķēt šo numuru"},{"$i":"add-block-email","$v":"Bloķēt šo e-pastu"},{"$i":"remove-block-email","$v":"Atbloķējiet šo e-pasta ziņojumu"},{"$i":"add-block-contact-warning","$v":"Jūs nesaņemsiet tālruņa zvanus, ziņojumus no personām, kas iekļautas bloķēto sarakstā."},{"$i":"add-block-email-warning","$v":"Jūs nesaņemsiet ziņas no šīs e-pasta adreses."},{"$i":"block","$v":"Bloķēt"},{"$i":"unblock","$v":"Atbloķēt"},{"$i":"block-contacts","$v":"Bloķēt kontaktus"},{"$i":"add-block-header","$v":"Pievienot bloķēto numuru"},{"$i":"remove-block-alert","$v":"Noņemts no bloķētajiem kontaktiem."},{"$i":"duplicate-block-number","$v":"Numura dublikātu nevar pievienot."},{"$i":"sort-contacts","$v":"Kārtot kontaktus"},{"$i":"sort-by-first-name","$v":"Kārtot pēc vārda"},{"$i":"sort-by-last-name","$v":"Kārtot pēc uzvārda"},{"$i":"no-support-open-multi-vcard","$v":"Nevar atvērt vCard ar vairākiem kontaktiem"},{"$i":"import","$v":"Importēšana"},{"$i":"sdcard","$v":"Atmiņas karte"},{"$i":"simcard","$v":"SIM karte"},{"$i":"import-contacts","$v":"Importēt kontaktus"},{"$i":"simContacts-error","$v":"Neizdevās importēt kontaktus no SIM kartes"},{"$i":"memoryCardContacts-error","$v":"Neizdevās importēt kontaktus no atmiņas kartes"},{"$i":"novCardFiles","$v":"Atmiņas kartē nav pieejams neviens kontaktu fails."},{"$i":"fullDiskSpace-error","$v":"Atmiņa ir pilna. Nevar importēt kontaktus."},{"$i":"socialServiceContacts-error","$v":["Nevar importēt kontaktus no pakalpojuma ",{"t":"idOrVar","v":"service"},"."]},{"$i":"socialServiceContacts-noNetwork","$v":["Nav interneta savienojuma, nevar importēt kontaktus no pakalpojuma ",{"t":"idOrVar","v":"service"},"."]},{"$i":"simContacts-reading","$v":"Lasa kontaktus no SIM..."},{"$i":"memoryCardContacts-reading","$v":"Notiek kontaktu lasīšana no atmiņas kartes..."},{"$i":"importContactsTitle","$v":"Importēt kontaktus"},{"$i":"retry","$v":"Atkārtot"},{"$i":"noSimMsg","$v":"Lai importētu kontaktus, ielieciet vai atbloķējiet SIM karti"},{"$i":"noSdcardMsg","$v":"Lai importētu kontaktus, ielieciet atmiņas karti"},{"$i":"not-imported","$v":"Nav importēts"},{"$i":"imported","$v":"Importēts"},{"$i":"importing","$v":"importēšana"},{"$i":"contact-imported","$v":["Importētie kontakti: ",{"t":"idOrVar","v":"imported"},". Apvienotie kontakti: ",{"t":"idOrVar","v":"dupes"},"."]},{"$i":"contact-imported2","$v":{"one":"1 kontaktpersona ir importēta.","zero":"Nav importēts neviens kontakts.","few":["Importētie kontakti: ",{"t":"idOrVar","v":"imported"},"."],"many":["Importētie kontakti: ",{"t":"idOrVar","v":"imported"},"."],"other":["Importētie kontakti: ",{"t":"idOrVar","v":"imported"},"."],"two":["Importētie kontakti: ",{"t":"idOrVar","v":"imported"},"."]},"$x":[{"t":"idOrVar","v":"plural"},"imported"]},{"$i":"reading-contacts-from-sim","$v":"Lasa SIM kartes kontaktus..."},{"$i":"reading-contacts-from-gmail","$v":"Lasa Gmail kontaktus..."},{"$i":"reading-contacts-from-live","$v":"Lasa Outlook kontaktus..."},{"$i":"reading-contacts-from-sd","$v":"Lasa atmiņas kartes kontaktus..."},{"$i":"reading-contacts-from-vcard","$v":"Lasa faila kontaktus..."},{"$i":"importing-contacts-from-sim","$v":"Importē kontaktus no SIM kartes..."},{"$i":"importing-contacts-from-gmail","$v":"Importē kontaktus no Gmail..."},{"$i":"importing-contacts-from-live","$v":"Importē kontaktus no Outlook..."},{"$i":"importing-contacts-from-sd","$v":"Importē kontaktus no atmiņas kartes..."},{"$i":"importing-contacts-from-vcard","$v":"Importē kontaktus no faila..."},{"$i":"connect-network-to-import","$v":"Lai importētu kontaktus, izveidojiet savienojumu ar Wi-Fi vai datu tīklu"},{"$i":"importing-confirm","$v":["Vai importēt ",{"t":"idOrVar","v":"n"}," kontaktus no faila \"",{"t":"idOrVar","v":"fileName"},"\"?"]},{"$i":"importing-cancel-confirm","$v":"0.0"},{"$i":"import-contact-failed","$v":"Kontaktu importēšana neizdevās"},{"$i":"phone-storage-full","$v":"Tālruņa krātuve ir pilna."},{"$i":"import-contact-storage-full","$v":"Nevar importēt kontaktus. Lai atbrīvotu vietu, izdzēsiet lietojumprogrammas datus."},{"$i":"contact-import-error-disk-full","$v":"Kontaktu importēšana nav pabeigta, jo atmiņa ir pilna. Dzēsiet programmu datus, lai atbrīvotu vietu."},{"$i":"contact-import-error-sim-full","$v":"Kontaktu importēšana nav pabeigta, jo SIM karte ir pilna."},{"$i":"contact-import-error-unknown","$v":"Kontaktpersonu importēšana kļūdas dēļ nav pabeigta."},{"$i":"import-contacts-canceled","$v":"0.0"},{"$i":"close","$v":"Aizvērt"},{"$i":"import-process-cancel","$v":"Importēšanas process atcelts."},{"$i":"import-limit-header","$v":"Pārsniegts faila lieluma ierobežojums"},{"$i":"inner-import-limit-content","$v":"Kontaktu faila lielums pārsniedz 10 MB nav importēts."},{"$i":"activity-import-limit-contact","$v":"Neizdevās importēt kontaktpersonas, jo tika pārsniegts faila lieluma ierobežojums."},{"$i":"activity-import-limit-additional","$v":"(Faila lielumam jābūt mazākam par 10 MB.)"},{"$i":"bluetooth","$v":"Bluetooth"},{"$i":"export","$v":"Eksportēt"},{"$i":"export-contacts","$v":"Eksportēt kontaktus"},{"$i":"simExport-title","$v":"Eksportēt uz SIM karti"},{"$i":"memoryCardExport-title","$v":"Notiek eksportēšana uz atmiņas karti ..."},{"$i":"btExport-title","$v":"Eksportēt uz Bluetooth"},{"$i":"noSimMsgExport","$v":"Lai eksportētu kontaktus, ielieciet vai atbloķējiet SIM karti"},{"$i":"noSdcardExport","$v":"Lai eksportētu kontaktus, lūdzu, ievietojiet atmiņas karti."},{"$i":"bluetoothNoConnection","$v":"Lai eksportētu kontaktus, pievienojiet Bluetooth ierīci."},{"$i":"contact-exported","$v":["Eksportētie kontakti: ",{"t":"idOrVar","v":"exported"},"."]},{"$i":"contact-exported2","$v":{"zero":"Neviens kontakts nav eksportēts.","one":"Eksportēta 1 kontaktpersona.","few":["Eksportētie kontakti: ",{"t":"idOrVar","v":"exported"},"."],"many":["Eksportētie kontakti: ",{"t":"idOrVar","v":"exported"},"."],"other":["Eksportētie kontakti: ",{"t":"idOrVar","v":"exported"},"."],"two":["Eksportētie kontakti: ",{"t":"idOrVar","v":"exported"},"."]},"$x":[{"t":"idOrVar","v":"plural"},"exported"]},{"$i":"export-contact-failed","$v":"Neizdevās eksportēt kontaktpersonu"},{"$i":"contact-export-error-sim-full","$v":"Kontaktu eksportēšana nav pabeigta, jo SIM karte ir pilna."},{"$i":"contact-export-error-sd-full","$v":"Eksportētie kontakti, kas nav pabeigti atmiņas kartes dēļ, ir pilni."},{"$i":"contact-export-error-unknown","$v":"Kontaktpersonu eksportēšana kļūdas dēļ nav pabeigta."},{"$i":"contact-export-canceled","$v":"Eksportēšanas process ir atcelts."},{"$i":"save","$v":"Saglabāt"},{"$i":"back","$v":"Atpakaļ"},{"$i":"givenName","$v":"Vārds"},{"$i":"familyName","$v":"Uzvārds"},{"$i":"name","$v":"Vārds"},{"$i":"org","$v":"Uzņēmums"},{"$i":"ringtone","$v":"Zvana signāls"},{"$i":"note","$v":"Piezīme"},{"$i":"photo","$v":"Bilde"},{"$i":"email","$v":"E-pasts"},{"$i":"adr","$v":"Adrese"},{"$i":"custom","$v":"Pielāgots"},{"$i":"confirm-discard-contact-data","$v":"Kontaktinformācija tiks atmesta. Vai vēlaties saglabāt šo kontaktu?"},{"$i":"confirm-discard-contact-update-data","$v":"Izmaiņas tiks atmestas. Vai vēlaties saglabāt šo kontaktu?"},{"$i":"discard-contact-data","$v":"Izmaiņas tiks atmestas."},{"$i":"discard","$v":"Atmest"},{"$i":"add-others","$v":"Pievienot citus"},{"$i":"custom-label","$v":"Pielāgota etiķete"},{"$i":"input-the-custom-type","$v":"Lūdzu, ievadiet pielāgoto veidu"},{"$i":"contact-added","$v":"Kontakts pievienots."},{"$i":"delete-prompt-message","$v":["Vai dzēst ",{"t":"idOrVar","v":"field"},"?"]},{"$i":"delete-photo-msg","$v":"bilde"},{"$i":"delete-ringtone-msg","$v":"Zvana signāls"},{"$i":"delete-bday-msg","$v":"Dzimšanas diena"},{"$i":"delete-note-msg","$v":"Piezīme"},{"$i":"delete-org-msg","$v":"Uzņēmums"},{"$i":"personal","$v":"Personiskais"},{"$i":"mobile","$v":"Mobilais"},{"$i":"current","$v":"Pašreizējais"},{"$i":"home","$v":"Mājas"},{"$i":"work","$v":"Darba"},{"$i":"other","$v":"Cits"},{"$i":"fax-home","$v":"Mājas fakss"},{"$i":"fax-office","$v":"Biroja fakss"},{"$i":"fax-other","$v":"Cits fakss"},{"$i":"add-phone","$v":"Pievienot tālruni"},{"$i":"add-tel","$v":"Pievienot tālruni"},{"$i":"add-email","$v":"Pievienot e-pasta adresi"},{"$i":"add-ringtone","$v":"Pievienot zvana signālu"},{"$i":"add-adr","$v":"Pievienot adresi"},{"$i":"add-bday","$v":"Pievienot Dzimšanas dienu"},{"$i":"add-photo","$v":"Pievienot attēlu"},{"$i":"add-note","$v":"Pievienot piezīmi"},{"$i":"add-org","$v":"Pievienot uzņēmumu"},{"$i":"add-tel-number","$v":"Pievienot tālruņa numuru"},{"$i":"delete-tel","$v":"Dzēst tālruņa numuru"},{"$i":"delete-email","$v":"Dzēst e-pastu"},{"$i":"delete-ringtone","$v":"Dzēst zvana signālu"},{"$i":"delete-adr","$v":"Dzēst adresi"},{"$i":"delete-bday","$v":"Dzēst Dzimšanas dienu"},{"$i":"delete-photo","$v":"Dzēst attēlu"},{"$i":"delete-note","$v":"Dzēst piezīmi"},{"$i":"delete-org","$v":"Dzēst uzņēmumu"},{"$i":"edit-tel-type","$v":"Rediģēt tālruņa veidu"},{"$i":"edit-email-type","$v":"Rediģēt e-pasta veidu"},{"$i":"edit-adr-type","$v":"Rediģēt adreses veidu"},{"$i":"edit-bday-type","$v":"Rediģēt Dzimšanas dienu"},{"$i":"replace-photo","$v":"Mainīt fotoattēlu"},{"$i":"replace-ringtone","$v":"Mainīt zvana signālu"},{"$i":"mobile-tel","$v":"Mobilais tālrunis"},{"$i":"home-tel","$v":"Mājas tālrunis"},{"$i":"work-tel","$v":"Darba tālrunis"},{"$i":"personal-tel","$v":"Personiskais tālrunis"},{"$i":"fax-home-tel","$v":"Mājas fakss"},{"$i":"fax-office-tel","$v":"Biroja fakss"},{"$i":"fax-other-tel","$v":"Cits fakss"},{"$i":"other-tel","$v":"Cits tālruņa numurs"},{"$i":"personal-email","$v":"Personīgais e-pasts"},{"$i":"work-email","$v":"Darba e-pasts"},{"$i":"other-email","$v":"Cits e-pasts"},{"$i":"custom-email","$v":[{"t":"idOrVar","v":"type"}," e-pasts"]},{"$i":"custom-tel","$v":[{"t":"idOrVar","v":"type"}," tālrunis"]},{"$i":"personal-adr","$v":"Personiskā adrese"},{"$i":"current-adr","$v":"Pašreizējā adrese"},{"$i":"home-adr","$v":"Mājas adrese"},{"$i":"work-adr","$v":"Darba adrese"},{"$i":"custom-adr","$v":[{"t":"idOrVar","v":"type"}," adrese"]},{"$i":"bday","$v":"Dzimšanas datums"},{"$i":"birthday","$v":"Dzimšanas datums"},{"$i":"streetAddress","$v":"Iela"},{"$i":"locality","$v":"Pilsēta"},{"$i":"postalCode","$v":"Indekss"},{"$i":"countryName","$v":"Valsts"},{"$i":"region","$v":"Štats"},{"$i":"no-name","$v":"Bez nosaukuma"},{"$i":"new-contact","$v":"Jauns kontakts"},{"$i":"options","$v":"Iespējas"},{"$i":"cancel","$v":"Atcelt"},{"$i":"settings","$v":"Uzstādījumi"},{"$i":"edit","$v":"Rediģēt"},{"$i":"share","$v":"Kopīgot"},{"$i":"remove","$v":"Noņemt"},{"$i":"compose","$v":"Rakstīt"},{"$i":"new-contact-title","$v":"Jauns"},{"$i":"edit-title","$v":"Rediģēt kontaktu"},{"$i":"music","$v":"Mūzika"},{"$i":"adr-type","$v":"Adreses veids"},{"$i":"email-type","$v":"E-pasta tips"},{"$i":"tel-type","$v":"Tālruņa tips"},{"$i":"ICEContactsGroup","$v":"ICE kontakti"},{"$i":"setICEButton","$v":"Uzstādīt ICE kontaktus"},{"$i":"ICESettingTitle","$v":"ICE kontakti"},{"$i":"ICEDescription","$v":"Pievienojiet piecus kontaktus, lai veiktu ārkārtas zvanus."},{"$i":"ICEContact","$v":["ICE kontaktinformācija ",{"t":"idOrVar","v":"n"}]},{"$i":"ICESelectContact","$v":"Atlasiet kontaktu"},{"$i":"delete-ice-contact-warning","$v":"Vai tiešām vēlaties noņemt ICE kontaktu?"},{"$i":"confirm","$v":"Apstiprinājums"},{"$i":"add-ice-failed","$v":"Neizdevās pievienot ICE"},{"$i":"create-group","$v":"Izveidot grupu"},{"$i":"group-name","$v":"Grupas nosaukums"},{"$i":"group","$v":"GRUPA"},{"$i":"new-group-created","$v":"Tiek izveidota jauna grupa."},{"$i":"create-group-failed","$v":"Izveidot grupu neizdevās."},{"$i":"create-group-too-many","$v":["Varat izveidot tikai ",{"t":"idOrVar","v":"number"}," grupas."]},{"$i":"create-group-duplicate","$v":"Vārda dublikāts"},{"$i":"rename-group-failed","$v":"Pārdēvēt grupu neizdevās."},{"$i":"new-group","$v":"Jauns"},{"$i":"rename","$v":"Pārdēvēt"},{"$i":"duplicate-removed","$v":"Dublētie kontakti noņemti."},{"$i":"add-to-group","$v":"Pievienot grupai"},{"$i":"remove-from-group","$v":"Noņemt no grupas"},{"$i":"added-to","$v":["Pievienots ",{"t":"idOrVar","v":"group"}]},{"$i":"removed-from","$v":["Noņemts no ",{"t":"idOrVar","v":"group"}]},{"$i":"select-group","$v":"Izvēlieties grupu"},{"$i":"rename-group","$v":"Pārdēvēt grupu"},{"$i":"delete-group","$v":["Vai tiešām vēlaties dzēst grupu ",{"t":"idOrVar","v":"group"},"?"]},{"$i":"unable-add-warn","$v":"Konta kontaktu nevar pievienot grupai."},{"$i":"edit-contact","$v":"Rediģēt kontaktu"},{"$i":"send-message","$v":"Sūtīt ziņu"},{"$i":"call","$v":"Zvans"},{"$i":"call-sim-1","$v":"Zvanīt - SIM 1"},{"$i":"call-sim-2","$v":"Zvanīt - SIM 2"},{"$i":"send-email","$v":"Sūtīt e-pastu"},{"$i":"choose-number","$v":"Izvēlieties numuru"},{"$i":"choose-email-address","$v":"Atlasiet e-pastu"},{"$i":"delete","$v":"Dzēst"},{"$i":"select","$v":"Atlasīt"},{"$i":"select-all","$v":"Atlasīt visu"},{"$i":"select-all2","$v":"Visi"},{"$i":"deselect-all","$v":"Noņemt izvēli visam"},{"$i":"deselect-all2","$v":"Neviens"},{"$i":"deselect","$v":"NOŅĒMT"},{"$i":"selected-contacts","$v":{"few":["Atlasīti ",{"t":"idOrVar","v":"n"}],"many":["Atlasīti ",{"t":"idOrVar","v":"n"}],"one":["Atlasīti ",{"t":"idOrVar","v":"n"}],"other":["Atlasīti ",{"t":"idOrVar","v":"n"}],"two":["Atlasīti ",{"t":"idOrVar","v":"n"}],"zero":["Atlasīti ",{"t":"idOrVar","v":"n"}]},"$x":[{"t":"idOrVar","v":"plural"},"n"]},{"$i":"massive-delete","$v":"Dzēst kontaktus"},{"$i":"confirm-contact-delete","$v":["Vai tiešām vēlaties dzēst kontaktu \"",{"t":"idOrVar","v":"name"},"\"?"]},{"$i":"DeletedTxt","$v":{"few":[{"t":"idOrVar","v":"n"}," kontakti ir noņemti"],"many":[{"t":"idOrVar","v":"n"}," kontakti ir noņemti"],"one":"1 kontakts ir noņemts","other":[{"t":"idOrVar","v":"n"}," kontakti ir noņemti"],"two":[{"t":"idOrVar","v":"n"}," kontakti ir noņemti"],"zero":"Nav neviena kontakta, ko dzēst"},"$x":[{"t":"idOrVar","v":"plural"},"n"]},{"$i":"DeletingContacts","$v":"Dzēst kontaktus"},{"$i":"DeletingContactsProgressing","$v":"Notiek kontaktu dzēšana"},{"$i":"ContactConfirmDel","$v":{"few":["Vai dzēst ",{"t":"idOrVar","v":"n"}," kontaktus? Šo darbību nevar atsaukt."],"many":["Vai dzēst ",{"t":"idOrVar","v":"n"}," kontaktus? Šo darbību nevar atsaukt."],"one":"Vai dzēst 1 kontaktu? Šo darbību nevar atsaukt.","other":["Vai dzēst ",{"t":"idOrVar","v":"n"}," kontaktus? Šo darbību nevar atsaukt."],"two":["Vai dzēst ",{"t":"idOrVar","v":"n"}," kontaktus? Šo darbību nevar atsaukt."],"zero":"Nav neviena kontakta, ko dzēst"},"$x":[{"t":"idOrVar","v":"plural"},"n"]},{"$i":"contact-deleted","$v":{"zero":"0.0","one":"1 kontaktpersona ir izdzēsta.","few":[{"t":"idOrVar","v":"n"}," kontakti dzēsti."],"many":[{"t":"idOrVar","v":"n"}," kontakti dzēsti."],"other":[{"t":"idOrVar","v":"n"}," kontakti dzēsti."],"two":[{"t":"idOrVar","v":"n"}," kontakti dzēsti."]},"$x":[{"t":"idOrVar","v":"plural"},"n"]},{"$i":"a-contact-deleted","$v":"Kontakts dzēsts."},{"$i":"settings-title","$v":"Kontaktu uzstādījumi"},{"$i":"change-will-update-until-restart","$v":"Izmaiņas tiks atjauninātas, nākamreiz atverot kontaktpersonas."},{"$i":"transfer-contacts","$v":"Pārsūtīt kontaktus"},{"$i":"service-number","$v":"Pakalpojumu numurs"},{"$i":"no-contacts-found","$v":"Neatrada nevienu atbilstību."},{"$i":"search","$v":"Meklēt kontaktpersonas","placeholder":"Meklēt kontaktpersonas"},{"$i":"search-option","$v":"Meklēt"},{"$i":"accounts","$v":"Konti"},{"$i":"account","$v":"Konts"},{"$i":"add-account","$v":"Pievienot kontu"},{"$i":"add-account-failed","$v":"Radās nezināma kļūda. Lūdzu, vēlāk mēģiniet vēlreiz."},{"$i":"duplicate-account-warn","$v":"Konts jau pastāv. Sinhronizācija ir ieslēgta."},{"$i":"setting-up-account","$v":"Konta izveide"},{"$i":"no-network-warn","$v":"Nav interneta savienojuma."},{"$i":"username","$v":"Lietotājvārds"},{"$i":"password","$v":"Parole"},{"$i":"delete-account","$v":"Dzēst acct"},{"$i":"delete-account-long","$v":"Dzēst kontu"},{"$i":"delete-account-warn","$v":"Ja dzēsīsiet šo kontu, tiks ietekmētas arī programmas, kas izmanto šo kontu."},{"$i":"deleting-account","$v":"Notiek konta dzēšana ..."},{"$i":"delete-account-failed","$v":"Konta dzēšana neizdevās. Lūdzu, vēlāk mēģiniet vēlreiz."},{"$i":"delete-account-ok","$v":"Konts ir dzēsts."},{"$i":"sync","$v":"Sinhronizēt"},{"$i":"sync-title","$v":"Kontaktu sinhronizācija"},{"$i":"sync-failed-warn","$v":"Neizdevās sinhronizēt."},{"$i":"sync-off-warn","$v":"Sinhronizācija ir izslēgta iestatījumos."},{"$i":"show-account-contacts","$v":"Rādīt konta kontaktus"},{"$i":"sync-account-contacts","$v":"sinhronizēt konta kontaktus"},{"$i":"sync-account-contacts-warning","$v":["Konta kontaktu rediģēšana netiks sinhronizēta ar mākoni, ja nav atzīmēta izvēles rūtiņa ",{"t":"idOrVar","v":"switch"},". Vai tomēr vēlaties noņemt šīs izvēles rūtiņas atzīmi?"]},{"$i":"yes","$v":"Jā"},{"$i":"all-contacts-synced","$v":"Visi kontakti tiek sinhronizēti."},{"$i":"contact-syncing","$v":"Kontaktpersonu sinhronizācija ..."},{"$i":"contacts-sync-limit-exceed","$v":"Kontaktu sinhronizācija nav pabeigta, jo pārsniegts kontaktu ierobežojums."},{"$i":"show-password","$v":"Rādīt paroli"},{"$i":"password-incorrect","$v":"Nepareiza parole."},{"$i":"re-enter-password","$v":"Ievadiet paroli vēlreiz"},{"$i":"accessing-warn","$v":"Piekļūstot kontam, radās problēma."},{"$i":"accessing-warn-password","$v":"Lūdzu, ievadiet paroli vēlreiz."},{"$i":"re-enter-password-on-setting","$v":"Lūdzu, vēlreiz ievadiet paroli kontaktu iestatījumā."},{"$i":"accessing-warn-relogin","$v":"Lūdzu, dzēsiet kontu un piesakieties vēlreiz."},{"$i":"update-password-failed","$v":"Paroles atjaunināšana neizdevās. Lūdzu, vēlāk mēģiniet vēlreiz."},{"$i":"connect-time-out","$v":["Nevar izveidot savienojumu ar serveri “",{"t":"idOrVar","v":"server"},"”. Tīklā var būt problēma."]},{"$i":"server-error","$v":"Serveris nav pieejams. Lūdzu, vēlāk mēģiniet vēlreiz."},{"$i":"loading","$v":"Ielādē…"},{"$i":"ellipsis","$v":"..."},{"$i":"stop-syncing-warn-title","$v":"Kontaktu sinhronizācija"},{"$i":"stop-syncing-warn","$v":"Aizverot lietotni, kontaktu sinhronizācijas process tiks pārtraukts. Vai jūs joprojām vēlaties to aizvērt?"},{"$i":"weekday-0-long","$v":"Svētdiena"},{"$i":"weekday-1-long","$v":"Pirmdiena"},{"$i":"weekday-2-long","$v":"Otrdiena"},{"$i":"weekday-3-long","$v":"Trešdiens"},{"$i":"weekday-4-long","$v":"Ceturtdiena"},{"$i":"weekday-5-long","$v":"Piektdiena"},{"$i":"weekday-6-long","$v":"Sestdiena"},{"$i":"weekday-0-short","$v":"Sv"},{"$i":"weekday-1-short","$v":"P"},{"$i":"weekday-2-short","$v":"O"},{"$i":"weekday-3-short","$v":"T"},{"$i":"weekday-4-short","$v":"C"},{"$i":"weekday-5-short","$v":"Pk"},{"$i":"weekday-6-short","$v":"S"},{"$i":"month-0-long","$v":"Janvāris"},{"$i":"month-1-long","$v":"Februāris"},{"$i":"month-2-long","$v":"Marts"},{"$i":"month-3-long","$v":"Aprīlis"},{"$i":"month-4-long","$v":"Maijs"},{"$i":"month-5-long","$v":"Jūnijs"},{"$i":"month-6-long","$v":"Jūlijs"},{"$i":"month-7-long","$v":"Augusts"},{"$i":"month-8-long","$v":"Septembris"},{"$i":"month-9-long","$v":"Oktobris"},{"$i":"month-10-long","$v":"Novembris"},{"$i":"month-11-long","$v":"Decembris"},{"$i":"month-0-genitive","$v":"Janvāris"},{"$i":"month-1-genitive","$v":"Februāris"},{"$i":"month-2-genitive","$v":"Marts"},{"$i":"month-3-genitive","$v":"Aprīlis"},{"$i":"month-4-genitive","$v":"Maijs"},{"$i":"month-5-genitive","$v":"Jūnijs"},{"$i":"month-6-genitive","$v":"Jūlijs"},{"$i":"month-7-genitive","$v":"Augusts"},{"$i":"month-8-genitive","$v":"Septembris"},{"$i":"month-9-genitive","$v":"Oktobris"},{"$i":"month-10-genitive","$v":"Novembris"},{"$i":"month-11-genitive","$v":"Decembris"},{"$i":"month-0-short","$v":"Jan."},{"$i":"month-1-short","$v":"Febr."},{"$i":"month-2-short","$v":"Marts"},{"$i":"month-3-short","$v":"Apr."},{"$i":"month-4-short","$v":"Maijs"},{"$i":"month-5-short","$v":"Jūn."},{"$i":"month-6-short","$v":"Jūl."},{"$i":"month-7-short","$v":"Aug."},{"$i":"month-8-short","$v":"Sept."},{"$i":"month-9-short","$v":"Okt."},{"$i":"month-10-short","$v":"Nov."},{"$i":"month-11-short","$v":"Dec."},{"$i":"minutes-ago-long","$v":{"few":["Pirms ",{"t":"idOrVar","v":"value"}," minūtēm"],"many":["Pirms ",{"t":"idOrVar","v":"value"}," minūtēm"],"other":["Pirms ",{"t":"idOrVar","v":"value"}," minūtēm"],"two":["Pirms ",{"t":"idOrVar","v":"value"}," minūtēm"],"one":"pirms minūtes","zero":"tikko"},"$x":[{"t":"idOrVar","v":"plural"},"value"]},{"$i":"hours-ago-long","$v":{"few":["Pirms ",{"t":"idOrVar","v":"value"}," stundām"],"many":["Pirms ",{"t":"idOrVar","v":"value"}," stundām"],"other":["Pirms ",{"t":"idOrVar","v":"value"}," stundām"],"two":["Pirms ",{"t":"idOrVar","v":"value"}," stundām"],"one":"1 stunda","zero":"tikko"},"$x":[{"t":"idOrVar","v":"plural"},"value"]},{"$i":"days-ago-long","$v":{"few":["Pirms ",{"t":"idOrVar","v":"value"}," dienām"],"many":["Pirms ",{"t":"idOrVar","v":"value"}," dienām"],"one":"vakar","other":["Pirms ",{"t":"idOrVar","v":"value"}," dienām"],"two":["Pirms ",{"t":"idOrVar","v":"value"}," dienām"],"zero":"šodien"},"$x":[{"t":"idOrVar","v":"plural"},"value"]},{"$i":"weeks-ago-long","$v":{"few":["Pirms ",{"t":"idOrVar","v":"value"}," nedēļām"],"many":["Pirms ",{"t":"idOrVar","v":"value"}," nedēļām"],"one":"pagājušajā nedēļā","other":["Pirms ",{"t":"idOrVar","v":"value"}," nedēļām"],"two":["Pirms ",{"t":"idOrVar","v":"value"}," nedēļām"],"zero":"šonedēļ"},"$x":[{"t":"idOrVar","v":"plural"},"value"]},{"$i":"months-ago-long","$v":{"few":["Pirms ",{"t":"idOrVar","v":"value"}," mēnešiem"],"many":["Pirms ",{"t":"idOrVar","v":"value"}," mēnešiem"],"one":"pagājušajā mēnesī","other":["Pirms ",{"t":"idOrVar","v":"value"}," mēnešiem"],"two":["Pirms ",{"t":"idOrVar","v":"value"}," mēnešiem"],"zero":"šomēnes"},"$x":[{"t":"idOrVar","v":"plural"},"value"]},{"$i":"years-ago-long","$v":{"few":["Pirms ",{"t":"idOrVar","v":"value"}," gadiem"],"many":["Pirms ",{"t":"idOrVar","v":"value"}," gadiem"],"one":"pagājušajā gadā","other":["Pirms ",{"t":"idOrVar","v":"value"}," gadiem"],"two":["Pirms ",{"t":"idOrVar","v":"value"}," gadiem"],"zero":"šogad"},"$x":[{"t":"idOrVar","v":"plural"},"value"]},{"$i":"minutes-until-long","$v":{"few":[{"t":"idOrVar","v":"value"}," minūtēs"],"many":[{"t":"idOrVar","v":"value"}," minūtēs"],"other":[{"t":"idOrVar","v":"value"}," minūtēs"],"two":[{"t":"idOrVar","v":"value"}," minūtēs"],"zero":"tūlīt","one":"pēc 1 minūtes"},"$x":[{"t":"idOrVar","v":"plural"},"value"]},{"$i":"hours-until-long","$v":{"few":[{"t":"idOrVar","v":"value"}," stundās"],"many":[{"t":"idOrVar","v":"value"}," stundās"],"other":[{"t":"idOrVar","v":"value"}," stundās"],"two":[{"t":"idOrVar","v":"value"}," stundās"],"zero":"tūlīt","one":"pēc 1 stundas"},"$x":[{"t":"idOrVar","v":"plural"},"value"]},{"$i":"days-until-long","$v":{"few":[{"t":"idOrVar","v":"value"}," dienās"],"many":[{"t":"idOrVar","v":"value"}," dienās"],"one":"rīt","other":[{"t":"idOrVar","v":"value"}," dienās"],"two":[{"t":"idOrVar","v":"value"}," dienās"],"zero":"šodien"},"$x":[{"t":"idOrVar","v":"plural"},"value"]},{"$i":"weeks-until-long","$v":{"few":[{"t":"idOrVar","v":"value"}," nedēļās"],"many":[{"t":"idOrVar","v":"value"}," nedēļās"],"one":"nākamā nedēļa","other":[{"t":"idOrVar","v":"value"}," nedēļās"],"two":[{"t":"idOrVar","v":"value"}," nedēļās"],"zero":"šonedēļ"},"$x":[{"t":"idOrVar","v":"plural"},"value"]},{"$i":"months-until-long","$v":{"few":[{"t":"idOrVar","v":"value"}," mēnešos"],"many":[{"t":"idOrVar","v":"value"}," mēnešos"],"one":"nākamais mēnesis","other":[{"t":"idOrVar","v":"value"}," mēnešos"],"two":[{"t":"idOrVar","v":"value"}," mēnešos"],"zero":"šomēnes"},"$x":[{"t":"idOrVar","v":"plural"},"value"]},{"$i":"years-until-long","$v":{"few":[{"t":"idOrVar","v":"value"}," gados"],"many":[{"t":"idOrVar","v":"value"}," gados"],"one":"nākamais gads","other":[{"t":"idOrVar","v":"value"}," gados"],"two":[{"t":"idOrVar","v":"value"}," gados"],"zero":"šogad"},"$x":[{"t":"idOrVar","v":"plural"},"value"]},{"$i":"minutes-ago-short","$v":{"other":["Pirms ",{"t":"idOrVar","v":"value"}," min."],"zero":"tikko"},"$x":[{"t":"idOrVar","v":"plural"},"value"]},{"$i":"hours-ago-short","$v":{"other":["Pirms ",{"t":"idOrVar","v":"value"}," stundām"],"zero":"tikko"},"$x":[{"t":"idOrVar","v":"plural"},"value"]},{"$i":"days-ago-short","$v":{"other":["Pirms ",{"t":"idOrVar","v":"value"}," d."],"zero":"šodien"},"$x":[{"t":"idOrVar","v":"plural"},"value"]},{"$i":"minutes-until-short","$v":{"other":[{"t":"idOrVar","v":"value"}," min."],"zero":"tūlīt"},"$x":[{"t":"idOrVar","v":"plural"},"value"]},{"$i":"hours-until-short","$v":{"other":[{"t":"idOrVar","v":"value"}," st."],"zero":"tūlīt"},"$x":[{"t":"idOrVar","v":"plural"},"value"]},{"$i":"days-until-short","$v":{"other":[{"t":"idOrVar","v":"value"}," dienās"],"zero":"šodien"},"$x":[{"t":"idOrVar","v":"plural"},"value"]},{"$i":"incorrectDate","$v":"(nepareizs datums)"},{"$i":"dateTimeFormat_%c","$v":"%a %b %e %Y %I:%M:%S %p"},{"$i":"dateTimeFormat_%x","$v":"%m/%d/%Y"},{"$i":"dateTimeFormat_%X","$v":"%I:%M (%p)"},{"$i":"shortTimeFormat","$v":"%I:%M %p"},{"$i":"shortTimeFormat12","$v":"%I:%M %p"},{"$i":"shortTimeFormat24","$v":"%H:%M"},{"$i":"shortDateTimeFormat","$v":"%x %I:%M %p"},{"$i":"weekStartsOnMonday","$v":"0.0"},{"$i":"firstDayOfTheWeek","$v":"1.0"},{"$i":"time_am","$v":"no rīta"},{"$i":"time_pm","$v":"Pēc plkst."},{"$i":"sim-with-index-and-carrier","$v":["SIM ",{"t":"idOrVar","v":"index"}," - ",{"t":"idOrVar","v":"carrier"}]},{"$i":"sim-without-carrier","$v":["SIM ",{"t":"idOrVar","v":"index"}]}]