[{"$i":"contacts","$v":"Contacte"},{"$i":"view","$v":"Vizualizare"},{"$i":"no-contacts","$v":"Fără contacte."},{"$i":"reading-contacts","$v":"Încărcare contacte"},{"$i":"start-adding","$v":"Apăsați Nou sau accesați Setări pentru a adăuga contacte."},{"$i":"no-contact-available","$v":"Nu există niciun contact disponibil"},{"$i":"requested-contact-not-available","$v":"Informațiile solicitate nu sunt disponibile pentru contactele existente."},{"$i":"cannot-add-as-empty","$v":"Imposibil de adăugat la contacte întrucât lista de contacte este goală"},{"$i":"ok","$v":"OK"},{"$i":"no-phone-number-to-dial","$v":"Niciun număr de telefon de format"},{"$i":"video-call","$v":"Apel video"},{"$i":"rtt-call","$v":"Apel RTT"},{"$i":"select-a-contact","$v":"Selectați un contact"},{"$i":"multi-pick-max-warn","$v":["Numărul maxim selectat este ",{"t":"idOrVar","v":"n"}]},{"$i":"add-contact-failed","$v":"Adăugare contact nereușită"},{"$i":"no-sim-card-available","$v":"Nicio cartelă SIM disponibilă"},{"$i":"email-cannot-add-to-sim","$v":"E-mailul nu este acceptat de selecția curentă de memorie."},{"$i":"add-info-failed","$v":"Adăugarea informațiilor a eșuat"},{"$i":"no-contact-to-add","$v":"Nu există niciun contact disponibil pentru adăugare."},{"$i":"move","$v":"Mutare"},{"$i":"copy","$v":"Copiere"},{"$i":"copy-contacts","$v":"Copiere contacte"},{"$i":"move-contacts","$v":"Mutare contacte"},{"$i":"phone-memory","$v":"Memorie telefon"},{"$i":"sim-memory","$v":"Memorie SIM"},{"$i":"sim-0-memory","$v":"Memorie SIM 1"},{"$i":"sim-1-memory","$v":"Memorie SIM 2"},{"$i":"move-from","$v":"Mutare din"},{"$i":"copy-from","$v":"Copiere din"},{"$i":"to","$v":"Către"},{"$i":"move-contacts-progressing","$v":"Mutare contact(e)..."},{"$i":"copy-contacts-progressing","$v":"Copiere contact(e)..."},{"$i":"contact-move-to-sim","$v":{"few":[{"t":"idOrVar","v":"migrated"}," contact(e) mutat(e) pe SIM."],"many":[{"t":"idOrVar","v":"migrated"}," contact(e) mutat(e) pe SIM."],"one":"1 contact mutat pe SIM.","other":[{"t":"idOrVar","v":"migrated"}," contact(e) mutat(e) pe SIM."],"two":[{"t":"idOrVar","v":"migrated"}," contact(e) mutat(e) pe SIM."],"zero":"Niciun contact mutat pe SIM."},"$x":[{"t":"idOrVar","v":"plural"},"migrated"]},{"$i":"contact-copy-to-sim","$v":{"few":[{"t":"idOrVar","v":"migrated"}," contact(e) copiat(e) pe SIM."],"many":[{"t":"idOrVar","v":"migrated"}," contact(e) copiat(e) pe SIM."],"one":"1 contact copiat pe SIM.","other":[{"t":"idOrVar","v":"migrated"}," contact(e) copiat(e) pe SIM."],"two":[{"t":"idOrVar","v":"migrated"}," contact(e) copiat(e) pe SIM."],"zero":"Niciun contact copiat pe SIM."},"$x":[{"t":"idOrVar","v":"plural"},"migrated"]},{"$i":"contact-move-to-sim0","$v":{"few":[{"t":"idOrVar","v":"migrated"}," contact(e) mutat(e) pe SIM 1."],"many":[{"t":"idOrVar","v":"migrated"}," contact(e) mutat(e) pe SIM 1."],"one":"1 contact mutat pe SIM 1.","other":[{"t":"idOrVar","v":"migrated"}," contact(e) mutat(e) pe SIM 1."],"two":[{"t":"idOrVar","v":"migrated"}," contact(e) mutat(e) pe SIM 1."],"zero":"Niciun contact mutat pe SIM 1."},"$x":[{"t":"idOrVar","v":"plural"},"migrated"]},{"$i":"contact-copy-to-sim0","$v":{"few":[{"t":"idOrVar","v":"migrated"}," contact(e) copiat(e) pe SIM 1."],"many":[{"t":"idOrVar","v":"migrated"}," contact(e) copiat(e) pe SIM 1."],"one":"1 contact copiat pe SIM 1.","other":[{"t":"idOrVar","v":"migrated"}," contact(e) copiat(e) pe SIM 1."],"two":[{"t":"idOrVar","v":"migrated"}," contact(e) copiat(e) pe SIM 1."],"zero":"Niciun contact copiat pe SIM 1."},"$x":[{"t":"idOrVar","v":"plural"},"migrated"]},{"$i":"contact-move-to-sim1","$v":{"few":[{"t":"idOrVar","v":"migrated"}," contact(e) mutat(e) pe SIM 2."],"many":[{"t":"idOrVar","v":"migrated"}," contact(e) mutat(e) pe SIM 2."],"one":"1 contact mutat pe SIM 2.","other":[{"t":"idOrVar","v":"migrated"}," contact(e) mutat(e) pe SIM 2."],"two":[{"t":"idOrVar","v":"migrated"}," contact(e) mutat(e) pe SIM 2."],"zero":"Niciun contact mutat pe SIM 2."},"$x":[{"t":"idOrVar","v":"plural"},"migrated"]},{"$i":"contact-copy-to-sim1","$v":{"few":[{"t":"idOrVar","v":"migrated"}," contact(e) copiat(e) pe SIM 2."],"many":[{"t":"idOrVar","v":"migrated"}," contact(e) copiat(e) pe SIM 2."],"one":"1 contact copiat pe SIM 2.","other":[{"t":"idOrVar","v":"migrated"}," contact(e) copiat(e) pe SIM 2."],"two":[{"t":"idOrVar","v":"migrated"}," contact(e) copiat(e) pe SIM 2."],"zero":"Niciun contact copiat pe SIM 2."},"$x":[{"t":"idOrVar","v":"plural"},"migrated"]},{"$i":"contact-move-to-device","$v":{"one":"1 contact a fost mutat la telefon.","zero":"Niciun contact nu a fost mutat la telefon.","few":[{"t":"idOrVar","v":"migrated"}," contacte mutate pe telefon."],"many":[{"t":"idOrVar","v":"migrated"}," contacte mutate pe telefon."],"other":[{"t":"idOrVar","v":"migrated"}," contacte mutate pe telefon."],"two":[{"t":"idOrVar","v":"migrated"}," contacte mutate pe telefon."]},"$x":[{"t":"idOrVar","v":"plural"},"migrated"]},{"$i":"contact-copy-to-device","$v":{"one":"1 contact copiat pe telefon.","zero":"Niciun contact nu a fost copiat pe telefon.","few":[{"t":"idOrVar","v":"migrated"}," contacte copiate pe telefon."],"many":[{"t":"idOrVar","v":"migrated"}," contacte copiate pe telefon."],"other":[{"t":"idOrVar","v":"migrated"}," contacte copiate pe telefon."],"two":[{"t":"idOrVar","v":"migrated"}," contacte copiate pe telefon."]},"$x":[{"t":"idOrVar","v":"plural"},"migrated"]},{"$i":"copy-contact-failed","$v":"Copierea contactelor a eșuat"},{"$i":"move-contact-failed","$v":"Contactele de mutare au eșuat"},{"$i":"contact-copy-error-sim-full","$v":"Copierea contactelor nu este completă din cauza cartelei SIM este plină."},{"$i":"contact-copy-error-unknown","$v":"Copiați contactele care nu sunt complete din cauza unei erori."},{"$i":"contact-copy-error-limit-exceeded","$v":"Nu s-a finalizat copierea contactelor din cauza limitei de contacte depășite."},{"$i":"contact-move-error-sim-full","$v":"Mutarea contactelor nu este completă din cauza cartelei SIM este plină."},{"$i":"contact-move-error-unknown","$v":"Mutarea contactelor nu este completă din cauza unei erori."},{"$i":"contact-move-error-limit-exceeded","$v":"Nu s-a finalizat mutarea contactelor din cauza limitei de contacte depășite."},{"$i":"contact-save-error-unknown","$v":"Salvați contactul nu este complet din cauza unei erori."},{"$i":"memory","$v":"Memorie"},{"$i":"phone-and-sim","$v":"Telefon și SIM"},{"$i":"phone","$v":"Telefon"},{"$i":"sim","$v":"SIM"},{"$i":"reloading-contact","$v":"Reîncărcare contacte..."},{"$i":"contact-reloaded","$v":"Contacte reîncărcate"},{"$i":"message","$v":"Mesaj"},{"$i":"changes-saved","$v":"Modificări salvate."},{"$i":"already-ice-contact","$v":"Contactul selectat a fost deja setat la ICE."},{"$i":"phone-contacts-limit-exceeded","$v":"Limita de contacte a telefonului atinsă"},{"$i":"sim-contacts-limit-exceeded","$v":"Limita de contacte a cartelei SIM atinsă"},{"$i":"more-info","$v":"Mai multe"},{"$i":"callAirplaneModeTitle","$v":"Mod avion activat"},{"$i":"callAirplaneModeMessage","$v":"Pentru a efectua un apel, trebuie să dezactivați modul avion din setări."},{"$i":"emergencyDialogTitle","$v":"Nicio conexiune de rețea"},{"$i":"emergencyDialogBodyBadNumber","$v":"Pentru a efectua un apel, telefonul trebuie să fie conectat la o rețea."},{"$i":"emergencyDialogBodyDeviceNotAccepted","$v":"Apelurile de urgență nu sunt permise de rețea."},{"$i":"invalidNumberToDialTitle","$v":"Număr de telefon nevalid"},{"$i":"invalidNumberToDialMessage","$v":"Numărul de telefon pe care îl apelați nu este valabil."},{"$i":"invalidNumberToSendTitle","$v":"Număr de telefon nevalid"},{"$i":"invalidNumberToSendMessage","$v":"Numărul de telefon la care trimiteți mesaje nu este valabil."},{"$i":"emergency-call-only","$v":"Numai apel de urgență"},{"$i":"emergency-call-error","$v":[{"t":"idOrVar","v":"number"}," nu este un număr de urgență."]},{"$i":"numberIsBusyTitle","$v":"Numărul este ocupat"},{"$i":"numberIsBusyMessage","$v":"Numărul este ocupat momentan. Încercați din nou mai târziu."},{"$i":"fdnIsActiveTitle","$v":"FDN activ"},{"$i":"fdnIsActiveMessage","$v":["FDN (Numere pentru apelare permise) este activat și următorul număr nu se află în lista dvs. FDN: ",{"t":"idOrVar","v":"number"}]},{"$i":"otherConnectionInUseTitle","$v":"Altă conexiune utilizată"},{"$i":"otherConnectionInUseMessage","$v":"Aveți un apel activ pe altă conexiune. Puteți utiliza o singură conexiune o dată."},{"$i":"GenericFailure","$v":"Nereușită generală"},{"$i":"CallFailed","$v":"Apel nereușit"},{"$i":"scCallBarring","$v":"Restricționare apel"},{"$i":"scCallForwarding","$v":"Redirecționare apel"},{"$i":"scClip","$v":"ID apelant de intrare"},{"$i":"scClir","$v":"ID apelant efectuat"},{"$i":"scPwd","$v":"Schimbare parolă"},{"$i":"scCallWaiting","$v":"Apel în așteptare"},{"$i":"scPin","$v":"Schimbare PIN"},{"$i":"scPin2","$v":"Schimbare PIN2"},{"$i":"scPuk","$v":"Deblocare PIN"},{"$i":"scPuk2","$v":"Deblocare PIN2"},{"$i":"scImei","$v":"IMEI"},{"$i":"scMeid","$v":"MEID"},{"$i":"scUssd","$v":"USSD"},{"$i":"set-speed-dial","$v":"Set. cont. apelare rapidă"},{"$i":"empty","$v":"Gol"},{"$i":"voicemail","$v":"Mesaj de poștă vocală"},{"$i":"speed-dial","$v":"Apelare rapidă"},{"$i":"add","$v":"Adăugați"},{"$i":"replace","$v":"Înlocuiți"},{"$i":"remove-from-speed-dial","$v":"Eliminați de la apelarea rapidă"},{"$i":"custom-dialog-replace-speed-dial","$v":["Sunteți sigur că doriți să înlocuiți apelarea rapidă ",{"t":"idOrVar","v":"oldSpeedDial"}," cu ",{"t":"idOrVar","v":"newSpeedDial"},"?"]},{"$i":"custom-dialog-remove-speed-dial","$v":["Sunteți sigur că doriți să eliminați ",{"t":"idOrVar","v":"name"}," din apelarea rapidă?"]},{"$i":"speed-dial-added","$v":"Număr apelare rapidă adăugat."},{"$i":"speed-dial-removed","$v":"Număr apelare rapidă eliminat."},{"$i":"speed-dial-replaced","$v":"Număr apelare rapidă actualizat."},{"$i":"voice-mail","$v":"Mesaj de poștă vocală"},{"$i":"voice-mail-number","$v":["Nr. mes. poștă voc. – SIM ",{"t":"idOrVar","v":"n"}]},{"$i":"voice-mail-number-single","$v":"Număr vocal"},{"$i":"voice-mail-number-updated","$v":"Număr de mesagerie vocală actualizat"},{"$i":"found-duplicates-message","$v":"S-au găsit informații dublate la următoarele contacte. Doriți să le fuzionați?"},{"$i":"confirm-to-merge-contacts","$v":["Sunteți sigur că doriți să fuzionați ",{"t":"idOrVar","v":"n"}," contactele cu ",{"t":"idOrVar","v":"name"},"?"]},{"$i":"contact-merged","$v":"Contact fuzionat"},{"$i":"find-duplicate-contacts","$v":"Găsire contacte duble"},{"$i":"no-duplicate-contact-found","$v":"Nu s-au găsit contacte duble"},{"$i":"merge","$v":"Fuziune"},{"$i":"find-dup","$v":"Găsire contacte duble"},{"$i":"find-dup-title","$v":"Găsire contacte duble"},{"$i":"finding-dup-message","$v":"Căutare contacte duble..."},{"$i":"dup-found-title","$v":"Dubluri găsite"},{"$i":"dup-found-message","$v":"S-au găsit informații dublate la următorul(următoarele) contact(e). Doriți să fuzionați?"},{"$i":"no-dup-found","$v":"Nicio dublură găsită"},{"$i":"merge-conflict-warn","$v":["Următoarele informații vor fi suprascrise de „",{"t":"idOrVar","v":"name"},"”:"]},{"$i":"merge-conflict-confirm","$v":"Sunteți sigur că doriți să fuzionați contactele?"},{"$i":"add-favorite","$v":"Adăugați ca Preferat"},{"$i":"remove-favorite","$v":"Nepreferat"},{"$i":"favorite-contacts","$v":"Preferate"},{"$i":"add-block","$v":"Blocați acest număr"},{"$i":"remove-block","$v":"Deblocați acest număr"},{"$i":"add-block-email","$v":"Blocați această adresă de e-mail"},{"$i":"remove-block-email","$v":"Deblocați acest e-mail"},{"$i":"add-block-contact-warning","$v":"Nu veți primi apeluri și mesaje de la persoanele din lista de numere blocate."},{"$i":"add-block-email-warning","$v":"Nu veți primi mesaje de la această adresă de e-mail."},{"$i":"block","$v":"Blocare"},{"$i":"unblock","$v":"deblocaţi"},{"$i":"block-contacts","$v":"Blocați contactele"},{"$i":"add-block-header","$v":"Adăugați numărul blocat"},{"$i":"remove-block-alert","$v":"Eliminat din contactele blocate."},{"$i":"duplicate-block-number","$v":"Nu se poate adăuga un număr duplicat."},{"$i":"sort-contacts","$v":"Sortați contacte"},{"$i":"sort-by-first-name","$v":"Sortați după prenume"},{"$i":"sort-by-last-name","$v":"Sortați după nume"},{"$i":"no-support-open-multi-vcard","$v":"Imposibil de deschis vCard cu mai multe contacte"},{"$i":"import","$v":"Importare"},{"$i":"sdcard","$v":"Card de memorie"},{"$i":"simcard","$v":"Cartelă SIM"},{"$i":"import-contacts","$v":"Importare contacte"},{"$i":"simContacts-error","$v":"Nu s-au importat contactele de pe SIM"},{"$i":"memoryCardContacts-error","$v":"Nu s-au importat contactele din cardul de memorie"},{"$i":"novCardFiles","$v":"Nu există fișier de contacte disponibil pe cardul de memorie."},{"$i":"fullDiskSpace-error","$v":"Memoria este plină; imposibil de importat contacte."},{"$i":"socialServiceContacts-error","$v":["Imposibil de importat contacte din ",{"t":"idOrVar","v":"service"},"."]},{"$i":"socialServiceContacts-noNetwork","$v":["Nicio conexiune la internet, imposibil de importat contacte din ",{"t":"idOrVar","v":"service"},"."]},{"$i":"simContacts-reading","$v":"Citire contacte de pe cartela SIM..."},{"$i":"memoryCardContacts-reading","$v":"Citire contacte din cardul de memorie..."},{"$i":"importContactsTitle","$v":"Importare contacte"},{"$i":"retry","$v":"Reîncercare"},{"$i":"noSimMsg","$v":"Pentru a importa contactele, introduceți sau deblocați cartela SIM"},{"$i":"noSdcardMsg","$v":"Pentru a importa contactele, introduceți un card de memorie"},{"$i":"not-imported","$v":"Neimportat"},{"$i":"imported","$v":"Importat"},{"$i":"importing","$v":"Importare"},{"$i":"contact-imported","$v":[{"t":"idOrVar","v":"imported"}," contacte importate. ",{"t":"idOrVar","v":"dupes"}," contacte fuzionate."]},{"$i":"contact-imported2","$v":{"one":"1 contact importat.","zero":"Fără contact importat.","few":[{"t":"idOrVar","v":"imported"}," contacte importate."],"many":[{"t":"idOrVar","v":"imported"}," contacte importate."],"other":[{"t":"idOrVar","v":"imported"}," contacte importate."],"two":[{"t":"idOrVar","v":"imported"}," contacte importate."]},"$x":[{"t":"idOrVar","v":"plural"},"imported"]},{"$i":"reading-contacts-from-sim","$v":"Citire contact(e) din cartela SIM…"},{"$i":"reading-contacts-from-gmail","$v":"Citire contact(e) din Gmail..."},{"$i":"reading-contacts-from-live","$v":"Citire contact(e) din Outlook..."},{"$i":"reading-contacts-from-sd","$v":"Citire contact(e) din cardul de memorie..."},{"$i":"reading-contacts-from-vcard","$v":"Citire contact(e) din fișier..."},{"$i":"importing-contacts-from-sim","$v":"Importare contact(e) din cartela SIM…"},{"$i":"importing-contacts-from-gmail","$v":"Importare contact(e) din Gmail..."},{"$i":"importing-contacts-from-live","$v":"Importare contact(e) din Outlook..."},{"$i":"importing-contacts-from-sd","$v":"Importare contact(e) din cardul de memorie..."},{"$i":"importing-contacts-from-vcard","$v":"Importare contact(e) din fișier..."},{"$i":"connect-network-to-import","$v":"Pentru a importa contacte, conectați-vă la Wi-Fi sau la o rețea de date"},{"$i":"importing-confirm","$v":["Importați ",{"t":"idOrVar","v":"n"}," contact(e) din fișierul „",{"t":"idOrVar","v":"fileName"},"”?"]},{"$i":"importing-cancel-confirm","$v":"0.0"},{"$i":"import-contact-failed","$v":"Contactele de import nu au reușit"},{"$i":"phone-storage-full","$v":"Memorie telefon plină."},{"$i":"import-contact-storage-full","$v":"Import contacte nereușit. Ștergeți date ale aplicațiilor pentru a elibera spațiu."},{"$i":"contact-import-error-disk-full","$v":"Importarea contactelor nefinalizată din cauza memoriei pline. Ștergeți datele aplicației pentru a elibera spațiu."},{"$i":"contact-import-error-sim-full","$v":"Import contacte nefinalizat deoarece cartela SIM este plină."},{"$i":"contact-import-error-unknown","$v":"Contactarea importurilor este incompletă din cauza unei erori."},{"$i":"import-contacts-canceled","$v":"0.0"},{"$i":"close","$v":"Închidere"},{"$i":"import-process-cancel","$v":"Procesul de import a fost anulat."},{"$i":"import-limit-header","$v":"Limita dimensiunii fișierului a fost depășită"},{"$i":"inner-import-limit-content","$v":"Orice dimensiune a fișierului de contacte depășește 10 MB nu a fost importată."},{"$i":"activity-import-limit-contact","$v":"Imposibilitatea importării contactelor din cauza depășirii dimensiunii fișierului."},{"$i":"activity-import-limit-additional","$v":"(Dimensiunea fișierului trebuie să fie mai mică de 10 MB.)"},{"$i":"bluetooth","$v":"Bluetooth"},{"$i":"export","$v":"Exportare"},{"$i":"export-contacts","$v":"Exportare contacte"},{"$i":"simExport-title","$v":"Export pe SIM"},{"$i":"memoryCardExport-title","$v":"Exportul pe cardul de memorie ..."},{"$i":"btExport-title","$v":"Export la Bluetooth"},{"$i":"noSimMsgExport","$v":"Pentru a exporta contactele, introduceți sau deblocați cartela SIM"},{"$i":"noSdcardExport","$v":"Pentru a exporta contactele, introduceți un card de memorie."},{"$i":"bluetoothNoConnection","$v":"Pentru a exporta contactele, conectați un aparat Bluetooth."},{"$i":"contact-exported","$v":[{"t":"idOrVar","v":"exported"}," contacte exportate."]},{"$i":"contact-exported2","$v":{"zero":"Niciun contact nu a fost exportat.","one":"1 contact exportat.","few":[{"t":"idOrVar","v":"exported"}," contacte exportate."],"many":[{"t":"idOrVar","v":"exported"}," contacte exportate."],"other":[{"t":"idOrVar","v":"exported"}," contacte exportate."],"two":[{"t":"idOrVar","v":"exported"}," contacte exportate."]},"$x":[{"t":"idOrVar","v":"plural"},"exported"]},{"$i":"export-contact-failed","$v":"Exportare contact nereușită"},{"$i":"contact-export-error-sim-full","$v":"Exportare contacte nefinalizată întrucât cartela SIM este plină."},{"$i":"contact-export-error-sd-full","$v":"Exportați contactele care nu au fost finalizate din cauza cărții de memorie sunt pline."},{"$i":"contact-export-error-unknown","$v":"Exportul contactelor nu a fost finalizat din cauza unei erori."},{"$i":"contact-export-canceled","$v":"Procesul de export s-a anulat."},{"$i":"save","$v":"Salvare"},{"$i":"back","$v":"Înapoi"},{"$i":"givenName","$v":"Prenume"},{"$i":"familyName","$v":"Nume"},{"$i":"name","$v":"Denumire"},{"$i":"org","$v":"Companie"},{"$i":"ringtone","$v":"Sunet de apel"},{"$i":"note","$v":"Notă"},{"$i":"photo","$v":"Imagine"},{"$i":"email","$v":"E-mail"},{"$i":"adr","$v":"Adresă"},{"$i":"custom","$v":"Personalizare"},{"$i":"confirm-discard-contact-data","$v":"Informațiile contactului vor fi eliminate. Doriți să salvați acest contact?"},{"$i":"confirm-discard-contact-update-data","$v":"Modificările vor fi eliminate. Doriți să salvați acest contact?"},{"$i":"discard-contact-data","$v":"Modificările se vor elimina."},{"$i":"discard","$v":"Renunțare"},{"$i":"add-others","$v":"Adăugați altele"},{"$i":"custom-label","$v":"Etichetă personalizată"},{"$i":"input-the-custom-type","$v":"Introduceți tipul de personalizare"},{"$i":"contact-added","$v":"Contact adăugat."},{"$i":"delete-prompt-message","$v":["Ștergeți ",{"t":"idOrVar","v":"field"},"?"]},{"$i":"delete-photo-msg","$v":"imagine"},{"$i":"delete-ringtone-msg","$v":"Sunet de apel"},{"$i":"delete-bday-msg","$v":"Zi de naștere"},{"$i":"delete-note-msg","$v":"Notă"},{"$i":"delete-org-msg","$v":"Companie"},{"$i":"personal","$v":"Personal"},{"$i":"mobile","$v":"Mobil"},{"$i":"current","$v":"Actual"},{"$i":"home","$v":"Acasă"},{"$i":"work","$v":"Birou"},{"$i":"other","$v":"Altele"},{"$i":"fax-home","$v":"Fax acasă"},{"$i":"fax-office","$v":"Fax birou"},{"$i":"fax-other","$v":"Alt fax"},{"$i":"add-phone","$v":"Adăugați telefon"},{"$i":"add-tel","$v":"Adăugați telefon"},{"$i":"add-email","$v":"Adăugați e-mail"},{"$i":"add-ringtone","$v":"Adăugați sunet de apel"},{"$i":"add-adr","$v":"Adăugați adresă"},{"$i":"add-bday","$v":"Adăugați zi de naștere"},{"$i":"add-photo","$v":"Adăugați imagine"},{"$i":"add-note","$v":"Adăugați notă"},{"$i":"add-org","$v":"Adăugați companie"},{"$i":"add-tel-number","$v":"Adăugați număr de telefon"},{"$i":"delete-tel","$v":"Ștergeți număr de telefon"},{"$i":"delete-email","$v":"Ștergeți e-mail"},{"$i":"delete-ringtone","$v":"Ștergeți sunet de apel"},{"$i":"delete-adr","$v":"Ștergeți adresă"},{"$i":"delete-bday","$v":"Ștergeți zi de naștere"},{"$i":"delete-photo","$v":"Ștergeți poza"},{"$i":"delete-note","$v":"Ștergeți notă"},{"$i":"delete-org","$v":"Ștergeți companie"},{"$i":"edit-tel-type","$v":"Editați tip telefon"},{"$i":"edit-email-type","$v":"Editați tip e-mail"},{"$i":"edit-adr-type","$v":"Editați tip adresă"},{"$i":"edit-bday-type","$v":"Editați zi de naștere"},{"$i":"replace-photo","$v":"Modificați fotografie"},{"$i":"replace-ringtone","$v":"Modificați sunet de apel"},{"$i":"mobile-tel","$v":"Telefon mobil"},{"$i":"home-tel","$v":"Telefon acasă"},{"$i":"work-tel","$v":"Telefon de birou"},{"$i":"personal-tel","$v":"Telefon personal"},{"$i":"fax-home-tel","$v":"Fax acasă"},{"$i":"fax-office-tel","$v":"Fax birou"},{"$i":"fax-other-tel","$v":"Alt fax"},{"$i":"other-tel","$v":"Alt telefon"},{"$i":"personal-email","$v":"Email personal"},{"$i":"work-email","$v":"E-mail de lucru"},{"$i":"other-email","$v":"Alt e-mail"},{"$i":"custom-email","$v":[{"t":"idOrVar","v":"type"}," e-mail"]},{"$i":"custom-tel","$v":[{"t":"idOrVar","v":"type"}," telefon"]},{"$i":"personal-adr","$v":"Adresă personală"},{"$i":"current-adr","$v":"Adresa curentă"},{"$i":"home-adr","$v":"Adresă acasă"},{"$i":"work-adr","$v":"Adresă de birou"},{"$i":"custom-adr","$v":[{"t":"idOrVar","v":"type"}," adresă"]},{"$i":"bday","$v":"Zi de naștere"},{"$i":"birthday","$v":"Zi de naștere"},{"$i":"streetAddress","$v":"Stradă"},{"$i":"locality","$v":"Oraș"},{"$i":"postalCode","$v":"Cod poștal"},{"$i":"countryName","$v":"Țară"},{"$i":"region","$v":"Stat"},{"$i":"no-name","$v":"Nicio denumire"},{"$i":"new-contact","$v":"Cont. nou"},{"$i":"options","$v":"Opțiuni"},{"$i":"cancel","$v":"Anulare"},{"$i":"settings","$v":"Setări"},{"$i":"edit","$v":"Editare"},{"$i":"share","$v":"Partajare"},{"$i":"remove","$v":"Îndepărtare"},{"$i":"compose","$v":"Alcătuire"},{"$i":"new-contact-title","$v":"Contact nou"},{"$i":"edit-title","$v":"Editați contact"},{"$i":"music","$v":"Muzică"},{"$i":"adr-type","$v":"Tip de Adresă"},{"$i":"email-type","$v":"Tip de e-mail"},{"$i":"tel-type","$v":"Tip telefon"},{"$i":"ICEContactsGroup","$v":"Contacte ICE"},{"$i":"setICEButton","$v":"Setați contacte ICE"},{"$i":"ICESettingTitle","$v":"Contacte ICE"},{"$i":"ICEDescription","$v":"Adăugați cinci contacte pentru a efectua apeluri „În caz de urgență”."},{"$i":"ICEContact","$v":["Contacte ICE ",{"t":"idOrVar","v":"n"}]},{"$i":"ICESelectContact","$v":"Selectați un contact"},{"$i":"delete-ice-contact-warning","$v":"Sunteți sigur că doriți să eliminați contactul ICE?"},{"$i":"confirm","$v":"Confirmare"},{"$i":"add-ice-failed","$v":"Adăugarea ICE a eșuat"},{"$i":"create-group","$v":"Creare grup"},{"$i":"group-name","$v":"Numele Grupului"},{"$i":"group","$v":"GRUP"},{"$i":"new-group-created","$v":"Se creează un grup nou."},{"$i":"create-group-failed","$v":"Crearea grupului a eșuat."},{"$i":"create-group-too-many","$v":["Puteți crea doar ",{"t":"idOrVar","v":"number"}," grupuri."]},{"$i":"create-group-duplicate","$v":"Numele duplicat."},{"$i":"rename-group-failed","$v":"Redenumirea grupului a eșuat."},{"$i":"new-group","$v":"Nou"},{"$i":"rename","$v":"Redenumire"},{"$i":"duplicate-removed","$v":"Contact(e) dublat(e) eliminat(e)."},{"$i":"add-to-group","$v":"Adăugați la grup"},{"$i":"remove-from-group","$v":"Eliminați din grup"},{"$i":"added-to","$v":["Adăugat la ",{"t":"idOrVar","v":"group"}]},{"$i":"removed-from","$v":["Eliminat din ",{"t":"idOrVar","v":"group"}]},{"$i":"select-group","$v":"Selectați Grup"},{"$i":"rename-group","$v":"Redenumiți grupul"},{"$i":"delete-group","$v":["Sunteți sigur că doriți să ștergeți ",{"t":"idOrVar","v":"group"},"?"]},{"$i":"unable-add-warn","$v":"Imposibil de adăugat contactul contului la grup."},{"$i":"edit-contact","$v":"Editați contact"},{"$i":"send-message","$v":"Trimitere mesaj"},{"$i":"call","$v":"Apel"},{"$i":"call-sim-1","$v":"Apel — SIM 1"},{"$i":"call-sim-2","$v":"Apel — SIM 2"},{"$i":"send-email","$v":"Trimitere e-mail"},{"$i":"choose-number","$v":"Selectați numărul"},{"$i":"choose-email-address","$v":"Selectați e-mailul"},{"$i":"delete","$v":"Ștergere"},{"$i":"select","$v":"Selectare"},{"$i":"select-all","$v":"Selectați toate"},{"$i":"select-all2","$v":"Toate"},{"$i":"deselect-all","$v":"Deselectați toate"},{"$i":"deselect-all2","$v":"Niciunul"},{"$i":"deselect","$v":"Deselectați"},{"$i":"selected-contacts","$v":{"few":[{"t":"idOrVar","v":"n"}," selectat"],"many":[{"t":"idOrVar","v":"n"}," selectat"],"one":[{"t":"idOrVar","v":"n"}," selectat"],"other":[{"t":"idOrVar","v":"n"}," selectat"],"two":[{"t":"idOrVar","v":"n"}," selectat"],"zero":[{"t":"idOrVar","v":"n"}," selectat"]},"$x":[{"t":"idOrVar","v":"plural"},"n"]},{"$i":"massive-delete","$v":"Ștergeți contacte"},{"$i":"confirm-contact-delete","$v":["Sunteți sigur că doriți să ștergeți contactul \"",{"t":"idOrVar","v":"name"},"\"?"]},{"$i":"DeletedTxt","$v":{"few":[{"t":"idOrVar","v":"n"}," Contacte eliminate"],"many":[{"t":"idOrVar","v":"n"}," Contacte eliminate"],"one":"1 contact eliminat","other":[{"t":"idOrVar","v":"n"}," Contacte eliminate"],"two":[{"t":"idOrVar","v":"n"}," Contacte eliminate"],"zero":"Niciun contact de șters"},"$x":[{"t":"idOrVar","v":"plural"},"n"]},{"$i":"DeletingContacts","$v":"Ștergeți contacte"},{"$i":"DeletingContactsProgressing","$v":"Ștergere contacte"},{"$i":"ContactConfirmDel","$v":{"few":["Ștergeți ",{"t":"idOrVar","v":"n"}," contacte? Această acțiune nu poate fi anulată."],"many":["Ștergeți ",{"t":"idOrVar","v":"n"}," contacte? Această acțiune nu poate fi anulată."],"one":"Ștergeți 1 contact? Această acțiune nu poate fi anulată.","other":["Ștergeți ",{"t":"idOrVar","v":"n"}," contacte? Această acțiune nu poate fi anulată."],"two":["Ștergeți ",{"t":"idOrVar","v":"n"}," contacte? Această acțiune nu poate fi anulată."],"zero":"Niciun contact de șters"},"$x":[{"t":"idOrVar","v":"plural"},"n"]},{"$i":"contact-deleted","$v":{"zero":"0.0","one":"1 contact șters.","few":[{"t":"idOrVar","v":"n"}," contacte șterse."],"many":[{"t":"idOrVar","v":"n"}," contacte șterse."],"other":[{"t":"idOrVar","v":"n"}," contacte șterse."],"two":[{"t":"idOrVar","v":"n"}," contacte șterse."]},"$x":[{"t":"idOrVar","v":"plural"},"n"]},{"$i":"a-contact-deleted","$v":"Contact șters."},{"$i":"settings-title","$v":"Setări contacte"},{"$i":"change-will-update-until-restart","$v":"Modificările vor fi actualizate data viitoare când contactele sunt lansate."},{"$i":"transfer-contacts","$v":"Transfer contacte"},{"$i":"service-number","$v":"Număr serviciu"},{"$i":"no-contacts-found","$v":"Nicio potrivire găsită."},{"$i":"search","$v":"Căutați contacte","placeholder":"Căutați contacte"},{"$i":"search-option","$v":"Căutare"},{"$i":"accounts","$v":"Conturi"},{"$i":"account","$v":"Cont"},{"$i":"add-account","$v":"Adăugați cont"},{"$i":"add-account-failed","$v":"A apărut o eroare necunoscută, încercați din nou mai târziu."},{"$i":"duplicate-account-warn","$v":"Contul există deja. Sincronizarea este pornită."},{"$i":"setting-up-account","$v":"Setarea unui cont"},{"$i":"no-network-warn","$v":"Nicio conexiune de Internet"},{"$i":"username","$v":"Nume de utilizator"},{"$i":"password","$v":"Parolă"},{"$i":"delete-account","$v":"Ștergere cont"},{"$i":"delete-account-long","$v":"Șterge cont"},{"$i":"delete-account-warn","$v":"Dacă ștergeți acest cont, vor fi afectate și aplicațiile care utilizează acest cont."},{"$i":"deleting-account","$v":"Ștergerea contului ..."},{"$i":"delete-account-failed","$v":"Ștergere cont nereușită, încercați din nou mai târziu."},{"$i":"delete-account-ok","$v":"Contul a fost șters."},{"$i":"sync","$v":"Sinc."},{"$i":"sync-title","$v":"Sinc. contacte"},{"$i":"sync-failed-warn","$v":"Sincronizarea nu a reușit."},{"$i":"sync-off-warn","$v":"Sincronizarea este dezactivată pe Setări."},{"$i":"show-account-contacts","$v":"Afișați contactele contului"},{"$i":"sync-account-contacts","$v":"0.0"},{"$i":"sync-account-contacts-warning","$v":["Atunci când „",{"t":"idOrVar","v":"switch"},"” este debifat, editările contactelor din cont nu se vor sincroniza cu cloud-ul, dorești să debifezi oricum?"]},{"$i":"yes","$v":"Da"},{"$i":"all-contacts-synced","$v":"Toate persoanele de contact sunt sincronizate."},{"$i":"contact-syncing","$v":"Contacte Sincronizare ..."},{"$i":"contacts-sync-limit-exceed","$v":"Sinc. contactelor este incompletă din cauza limitei de contacte depășite."},{"$i":"show-password","$v":"Afișare parolă"},{"$i":"password-incorrect","$v":"Parolă greșită."},{"$i":"re-enter-password","$v":"Reintrodu parola"},{"$i":"accessing-warn","$v":"A existat o problemă la accesarea contului dvs."},{"$i":"accessing-warn-password","$v":"Reintroduceți parola."},{"$i":"re-enter-password-on-setting","$v":"Reintroduceți parola în setările pentru Contacte."},{"$i":"accessing-warn-relogin","$v":"Ștergeți contul și reconectați-vă."},{"$i":"update-password-failed","$v":"Actualizare parolă nereușită, încercați din nou mai târziu."},{"$i":"connect-time-out","$v":["Imposibil de stabilit conexiunea cu „",{"t":"idOrVar","v":"server"},"”. Este posibil să existe o problemă cu rețeaua."]},{"$i":"server-error","$v":"Server indisponibil. Încercați din nou mai târziu."},{"$i":"loading","$v":"În curs de încărcare..."},{"$i":"ellipsis","$v":"..."},{"$i":"stop-syncing-warn-title","$v":"Contacte de sincronizare"},{"$i":"stop-syncing-warn","$v":"Închiderea aplicației va opri procesul de sincronizare a contactului. Mai vrei să o închizi?"},{"$i":"weekday-0-long","$v":"Duminică"},{"$i":"weekday-1-long","$v":"Luni"},{"$i":"weekday-2-long","$v":"Marți"},{"$i":"weekday-3-long","$v":"Miercuri"},{"$i":"weekday-4-long","$v":"Joi"},{"$i":"weekday-5-long","$v":"Vineri"},{"$i":"weekday-6-long","$v":"Sâmbătă"},{"$i":"weekday-0-short","$v":"Dum"},{"$i":"weekday-1-short","$v":"Lun"},{"$i":"weekday-2-short","$v":"Ma"},{"$i":"weekday-3-short","$v":"Mie"},{"$i":"weekday-4-short","$v":"Joi"},{"$i":"weekday-5-short","$v":"Vi"},{"$i":"weekday-6-short","$v":"Sâm"},{"$i":"month-0-long","$v":"Ianuarie"},{"$i":"month-1-long","$v":"Februarie"},{"$i":"month-2-long","$v":"Martie"},{"$i":"month-3-long","$v":"Aprilie"},{"$i":"month-4-long","$v":"Mai"},{"$i":"month-5-long","$v":"Iunie"},{"$i":"month-6-long","$v":"Iulie"},{"$i":"month-7-long","$v":"August"},{"$i":"month-8-long","$v":"Septembrie"},{"$i":"month-9-long","$v":"Octombrie"},{"$i":"month-10-long","$v":"Noiembrie"},{"$i":"month-11-long","$v":"Decembrie"},{"$i":"month-0-genitive","$v":"Ianuarie"},{"$i":"month-1-genitive","$v":"Februarie"},{"$i":"month-2-genitive","$v":"Martie"},{"$i":"month-3-genitive","$v":"Aprilie"},{"$i":"month-4-genitive","$v":"Mai"},{"$i":"month-5-genitive","$v":"Iunie"},{"$i":"month-6-genitive","$v":"Iulie"},{"$i":"month-7-genitive","$v":"August"},{"$i":"month-8-genitive","$v":"Septembrie"},{"$i":"month-9-genitive","$v":"Octombrie"},{"$i":"month-10-genitive","$v":"Noiembrie"},{"$i":"month-11-genitive","$v":"Decembrie"},{"$i":"month-0-short","$v":"Ian"},{"$i":"month-1-short","$v":"Feb"},{"$i":"month-2-short","$v":"Mar"},{"$i":"month-3-short","$v":"Apr"},{"$i":"month-4-short","$v":"Mai"},{"$i":"month-5-short","$v":"Iun"},{"$i":"month-6-short","$v":"Iul"},{"$i":"month-7-short","$v":"Aug"},{"$i":"month-8-short","$v":"Sep"},{"$i":"month-9-short","$v":"Oct"},{"$i":"month-10-short","$v":"Nov"},{"$i":"month-11-short","$v":"Dec"},{"$i":"minutes-ago-long","$v":{"few":[{"t":"idOrVar","v":"value"}," minute în urmă"],"many":[{"t":"idOrVar","v":"value"}," minute în urmă"],"other":[{"t":"idOrVar","v":"value"}," minute în urmă"],"two":[{"t":"idOrVar","v":"value"}," minute în urmă"],"one":"un minut în urmă","zero":"chiar acum"},"$x":[{"t":"idOrVar","v":"plural"},"value"]},{"$i":"hours-ago-long","$v":{"few":[{"t":"idOrVar","v":"value"}," ore în urmă"],"many":[{"t":"idOrVar","v":"value"}," ore în urmă"],"other":[{"t":"idOrVar","v":"value"}," ore în urmă"],"two":[{"t":"idOrVar","v":"value"}," ore în urmă"],"one":"1 oră în urmă","zero":"chiar acum"},"$x":[{"t":"idOrVar","v":"plural"},"value"]},{"$i":"days-ago-long","$v":{"few":[{"t":"idOrVar","v":"value"}," zile în urmă"],"many":[{"t":"idOrVar","v":"value"}," zile în urmă"],"one":"ieri","other":[{"t":"idOrVar","v":"value"}," zile în urmă"],"two":[{"t":"idOrVar","v":"value"}," zile în urmă"],"zero":"azi"},"$x":[{"t":"idOrVar","v":"plural"},"value"]},{"$i":"weeks-ago-long","$v":{"few":[{"t":"idOrVar","v":"value"}," săptămâni în urmă"],"many":[{"t":"idOrVar","v":"value"}," săptămâni în urmă"],"one":"ultima săptămână","other":[{"t":"idOrVar","v":"value"}," săptămâni în urmă"],"two":[{"t":"idOrVar","v":"value"}," săptămâni în urmă"],"zero":"această săptămână"},"$x":[{"t":"idOrVar","v":"plural"},"value"]},{"$i":"months-ago-long","$v":{"few":[{"t":"idOrVar","v":"value"}," luni în urmă"],"many":[{"t":"idOrVar","v":"value"}," luni în urmă"],"one":"ultima lună","other":[{"t":"idOrVar","v":"value"}," luni în urmă"],"two":[{"t":"idOrVar","v":"value"}," luni în urmă"],"zero":"această lună"},"$x":[{"t":"idOrVar","v":"plural"},"value"]},{"$i":"years-ago-long","$v":{"few":[{"t":"idOrVar","v":"value"}," ani în urmă"],"many":[{"t":"idOrVar","v":"value"}," ani în urmă"],"one":"ultimul an","other":[{"t":"idOrVar","v":"value"}," ani în urmă"],"two":[{"t":"idOrVar","v":"value"}," ani în urmă"],"zero":"acest an"},"$x":[{"t":"idOrVar","v":"plural"},"value"]},{"$i":"minutes-until-long","$v":{"few":["în ",{"t":"idOrVar","v":"value"}," minute"],"many":["în ",{"t":"idOrVar","v":"value"}," minute"],"other":["în ",{"t":"idOrVar","v":"value"}," minute"],"two":["în ",{"t":"idOrVar","v":"value"}," minute"],"zero":"acum","one":"în 1 minut"},"$x":[{"t":"idOrVar","v":"plural"},"value"]},{"$i":"hours-until-long","$v":{"few":["în ",{"t":"idOrVar","v":"value"}," ore"],"many":["în ",{"t":"idOrVar","v":"value"}," ore"],"other":["în ",{"t":"idOrVar","v":"value"}," ore"],"two":["în ",{"t":"idOrVar","v":"value"}," ore"],"zero":"acum","one":"în 1 oră"},"$x":[{"t":"idOrVar","v":"plural"},"value"]},{"$i":"days-until-long","$v":{"few":["în ",{"t":"idOrVar","v":"value"}," zile"],"many":["în ",{"t":"idOrVar","v":"value"}," zile"],"one":"mâine","other":["în ",{"t":"idOrVar","v":"value"}," zile"],"two":["în ",{"t":"idOrVar","v":"value"}," zile"],"zero":"azi"},"$x":[{"t":"idOrVar","v":"plural"},"value"]},{"$i":"weeks-until-long","$v":{"few":["în ",{"t":"idOrVar","v":"value"}," săptămâni"],"many":["în ",{"t":"idOrVar","v":"value"}," săptămâni"],"one":"săptămâna viitoare","other":["în ",{"t":"idOrVar","v":"value"}," săptămâni"],"two":["în ",{"t":"idOrVar","v":"value"}," săptămâni"],"zero":"această săptămână"},"$x":[{"t":"idOrVar","v":"plural"},"value"]},{"$i":"months-until-long","$v":{"few":["în ",{"t":"idOrVar","v":"value"}," luni"],"many":["în ",{"t":"idOrVar","v":"value"}," luni"],"one":"luna viitoare","other":["în ",{"t":"idOrVar","v":"value"}," luni"],"two":["în ",{"t":"idOrVar","v":"value"}," luni"],"zero":"această lună"},"$x":[{"t":"idOrVar","v":"plural"},"value"]},{"$i":"years-until-long","$v":{"few":["în ",{"t":"idOrVar","v":"value"}," ani"],"many":["în ",{"t":"idOrVar","v":"value"}," ani"],"one":"anul viitor","other":["în ",{"t":"idOrVar","v":"value"}," ani"],"two":["în ",{"t":"idOrVar","v":"value"}," ani"],"zero":"acest an"},"$x":[{"t":"idOrVar","v":"plural"},"value"]},{"$i":"minutes-ago-short","$v":{"other":[{"t":"idOrVar","v":"value"},"m în urmă"],"zero":"chiar acum"},"$x":[{"t":"idOrVar","v":"plural"},"value"]},{"$i":"hours-ago-short","$v":{"other":[{"t":"idOrVar","v":"value"},"h în urmă"],"zero":"chiar acum"},"$x":[{"t":"idOrVar","v":"plural"},"value"]},{"$i":"days-ago-short","$v":{"other":[{"t":"idOrVar","v":"value"},"z în urmă"],"zero":"azi"},"$x":[{"t":"idOrVar","v":"plural"},"value"]},{"$i":"minutes-until-short","$v":{"other":["în ",{"t":"idOrVar","v":"value"},"m"],"zero":"acum"},"$x":[{"t":"idOrVar","v":"plural"},"value"]},{"$i":"hours-until-short","$v":{"other":["în ",{"t":"idOrVar","v":"value"},"h"],"zero":"acum"},"$x":[{"t":"idOrVar","v":"plural"},"value"]},{"$i":"days-until-short","$v":{"other":["în ",{"t":"idOrVar","v":"value"},"z"],"zero":"azi"},"$x":[{"t":"idOrVar","v":"plural"},"value"]},{"$i":"incorrectDate","$v":"(dată incorectă)"},{"$i":"dateTimeFormat_%c","$v":"%a %b %e %Y %I:%M:%S %p"},{"$i":"dateTimeFormat_%x","$v":"%m/%d/%Y"},{"$i":"dateTimeFormat_%X","$v":"%I:%M:%S %p"},{"$i":"shortTimeFormat","$v":"%I:%M %p"},{"$i":"shortTimeFormat12","$v":"%I:%M %p"},{"$i":"shortTimeFormat24","$v":"%H:%M"},{"$i":"shortDateTimeFormat","$v":"%x %I:%M %p"},{"$i":"weekStartsOnMonday","$v":"0.0"},{"$i":"firstDayOfTheWeek","$v":"1.0"},{"$i":"time_am","$v":"AM"},{"$i":"time_pm","$v":"PM"},{"$i":"sim-with-index-and-carrier","$v":["SIM ",{"t":"idOrVar","v":"index"}," - ",{"t":"idOrVar","v":"carrier"}]},{"$i":"sim-without-carrier","$v":["SIM ",{"t":"idOrVar","v":"index"}]}]