[{"$i":"contacts","$v":"Kenalan"},{"$i":"view","$v":"Lihat"},{"$i":"no-contacts","$v":"Tiada kenalan"},{"$i":"reading-contacts","$v":"Memuatkan kenalan"},{"$i":"start-adding","$v":"Tekan Baharu atau pergi ke Tetapan untuk menambah kenalan."},{"$i":"no-contact-available","$v":"Tiada kenalan yang tersedia"},{"$i":"requested-contact-not-available","$v":"Maklumat yang diminta tidak tersedia pada kenalan yang sedia ada"},{"$i":"cannot-add-as-empty","$v":"Tidak boleh menambah kepada kenalan kerana senarai kenalan anda kosong"},{"$i":"ok","$v":"OK"},{"$i":"no-phone-number-to-dial","$v":"Tiada nombor telefon untuk didail"},{"$i":"video-call","$v":"Panggilan video"},{"$i":"rtt-call","$v":"Panggilan RTT"},{"$i":"select-a-contact","$v":"Pilih Kenalan"},{"$i":"multi-pick-max-warn","$v":["Kiraan dipilih maksimum adalah ",{"t":"idOrVar","v":"n"}]},{"$i":"add-contact-failed","$v":"Gagal menambah kenalan"},{"$i":"no-sim-card-available","$v":"Tiada kad SIM tersedia"},{"$i":"email-cannot-add-to-sim","$v":"E-mel tidak disokong oleh pilihan memori semasa."},{"$i":"add-info-failed","$v":"Tambah Maklumat Gagal"},{"$i":"no-contact-to-add","$v":"Tidak ada kenalan yang tersedia untuk ditambah."},{"$i":"move","$v":"Pindahkan"},{"$i":"copy","$v":"Salin"},{"$i":"copy-contacts","$v":"Salin kenalan"},{"$i":"move-contacts","$v":"Pindahkan kenalan"},{"$i":"phone-memory","$v":"Memori telefon"},{"$i":"sim-memory","$v":"Memori SIM"},{"$i":"sim-0-memory","$v":"Memori SIM 1"},{"$i":"sim-1-memory","$v":"Memori SIM 2"},{"$i":"move-from","$v":"Pindah dari"},{"$i":"copy-from","$v":"Salin daripada"},{"$i":"to","$v":"Kepada"},{"$i":"move-contacts-progressing","$v":"Memindahkan kenalan..."},{"$i":"copy-contacts-progressing","$v":"Menyalin kenalan..."},{"$i":"contact-move-to-sim","$v":{"few":[{"t":"idOrVar","v":"migrated"}," kenalan dipindahkan ke SIM."],"many":[{"t":"idOrVar","v":"migrated"}," kenalan dipindahkan ke SIM."],"one":"1 kenalan dipindahkan ke SIM.","other":[{"t":"idOrVar","v":"migrated"}," kenalan dipindahkan ke SIM."],"two":[{"t":"idOrVar","v":"migrated"}," kenalan dipindahkan ke SIM."],"zero":"Tiada kenalan dipindahkan ke SIM."},"$x":[{"t":"idOrVar","v":"plural"},"migrated"]},{"$i":"contact-copy-to-sim","$v":{"few":[{"t":"idOrVar","v":"migrated"}," kenalan disalin ke SIM."],"many":[{"t":"idOrVar","v":"migrated"}," kenalan disalin ke SIM."],"one":"1 kenalan disalin ke SIM.","other":[{"t":"idOrVar","v":"migrated"}," kenalan disalin ke SIM."],"two":[{"t":"idOrVar","v":"migrated"}," kenalan disalin ke SIM."],"zero":"Tiada kenalan disalin ke SIM."},"$x":[{"t":"idOrVar","v":"plural"},"migrated"]},{"$i":"contact-move-to-sim0","$v":{"few":[{"t":"idOrVar","v":"migrated"}," kenalan dipindahkan ke SIM 1."],"many":[{"t":"idOrVar","v":"migrated"}," kenalan dipindahkan ke SIM 1."],"one":"1 kenalan dipindahkan ke SIM 1.","other":[{"t":"idOrVar","v":"migrated"}," kenalan dipindahkan ke SIM 1."],"two":[{"t":"idOrVar","v":"migrated"}," kenalan dipindahkan ke SIM 1."],"zero":"Tiada kenalan dipindahkan ke SIM 1."},"$x":[{"t":"idOrVar","v":"plural"},"migrated"]},{"$i":"contact-copy-to-sim0","$v":{"few":[{"t":"idOrVar","v":"migrated"}," kenalan disalin ke SIM 1."],"many":[{"t":"idOrVar","v":"migrated"}," kenalan disalin ke SIM 1."],"one":"1 kenalan disalin ke SIM 1.","other":[{"t":"idOrVar","v":"migrated"}," kenalan disalin ke SIM 1."],"two":[{"t":"idOrVar","v":"migrated"}," kenalan disalin ke SIM 1."],"zero":"Tiada kenalan disalin ke SIM 1."},"$x":[{"t":"idOrVar","v":"plural"},"migrated"]},{"$i":"contact-move-to-sim1","$v":{"few":[{"t":"idOrVar","v":"migrated"}," kenalan dipindahkan ke SIM 2."],"many":[{"t":"idOrVar","v":"migrated"}," kenalan dipindahkan ke SIM 2."],"one":"1 kenalan dipindahkan ke SIM 2.","other":[{"t":"idOrVar","v":"migrated"}," kenalan dipindahkan ke SIM 2."],"two":[{"t":"idOrVar","v":"migrated"}," kenalan dipindahkan ke SIM 2."],"zero":"Tiada kenalan dipindahkan ke SIM 2."},"$x":[{"t":"idOrVar","v":"plural"},"migrated"]},{"$i":"contact-copy-to-sim1","$v":{"few":[{"t":"idOrVar","v":"migrated"}," kenalan disalin ke SIM 2."],"many":[{"t":"idOrVar","v":"migrated"}," kenalan disalin ke SIM 2."],"one":"1 kenalan disalin ke SIM 2.","other":[{"t":"idOrVar","v":"migrated"}," kenalan disalin ke SIM 2."],"two":[{"t":"idOrVar","v":"migrated"}," kenalan disalin ke SIM 2."],"zero":"Tiada kenalan disalin ke SIM 2."},"$x":[{"t":"idOrVar","v":"plural"},"migrated"]},{"$i":"contact-move-to-device","$v":{"one":"1 kenalan dipindahkan ke peranti.","zero":"Tiada kenalan dipindahkan ke peranti.","few":[{"t":"idOrVar","v":"migrated"}," kenalan dipindahkan ke peranti."],"many":[{"t":"idOrVar","v":"migrated"}," kenalan dipindahkan ke peranti."],"other":[{"t":"idOrVar","v":"migrated"}," kenalan dipindahkan ke peranti."],"two":[{"t":"idOrVar","v":"migrated"}," kenalan dipindahkan ke peranti."]},"$x":[{"t":"idOrVar","v":"plural"},"migrated"]},{"$i":"contact-copy-to-device","$v":{"one":"1 kenalan disalin ke peranti.","zero":"Tiada kenalan disalin ke peranti.","few":[{"t":"idOrVar","v":"migrated"}," kenalan disalin ke peranti."],"many":[{"t":"idOrVar","v":"migrated"}," kenalan disalin ke peranti."],"other":[{"t":"idOrVar","v":"migrated"}," kenalan disalin ke peranti."],"two":[{"t":"idOrVar","v":"migrated"}," kenalan disalin ke peranti."]},"$x":[{"t":"idOrVar","v":"plural"},"migrated"]},{"$i":"copy-contact-failed","$v":"Salin kenalan gagal"},{"$i":"move-contact-failed","$v":"Alih kenalan gagal"},{"$i":"contact-copy-error-sim-full","$v":"Salin kenalan tidak lengkap disebabkan kad SIM penuh."},{"$i":"contact-copy-error-unknown","$v":"Salin kenalan tidak lengkap disebabkan ralat."},{"$i":"contact-copy-error-limit-exceeded","$v":"Salin kenalan tidak lengkap kerana had kenalan telefon dilepasi."},{"$i":"contact-move-error-sim-full","$v":"Alih kenalan tidak lengkap disebabkan kad SIM penuh."},{"$i":"contact-move-error-unknown","$v":"Alih kenalan tidak lengkap disebabkan ralat."},{"$i":"contact-move-error-limit-exceeded","$v":"Alih kenalan tidak lengkap kerana had kenalan telefon dilepasi."},{"$i":"contact-save-error-unknown","$v":"Simpan kenalan tidak lengkap disebabkan ralat."},{"$i":"memory","$v":"Memori"},{"$i":"phone-and-sim","$v":"Telefon dan SIM"},{"$i":"phone","$v":"Telefon"},{"$i":"sim","$v":"SIM"},{"$i":"reloading-contact","$v":"Memuatkan semula kenalan.."},{"$i":"contact-reloaded","$v":"Kenalan dimuatkan semula"},{"$i":"message","$v":"Mesej"},{"$i":"changes-saved","$v":"Perubahan disimpan."},{"$i":"already-ice-contact","$v":"Kenalan yang dipilih telah ditetapkan ke ICE."},{"$i":"phone-contacts-limit-exceeded","$v":"Had hubungan telefon telah dilebihi."},{"$i":"sim-contacts-limit-exceeded","$v":"Had hubungan SIM telah dilebihi."},{"$i":"more-info","$v":"Lagi"},{"$i":"callAirplaneModeTitle","$v":"Mod pesawat diaktifkan"},{"$i":"callAirplaneModeMessage","$v":"Untuk membuat panggilan, anda perlu menyahdayakan mod pesawat dalam tetapan."},{"$i":"emergencyDialogTitle","$v":"Tiada sambungan rangkaian"},{"$i":"emergencyDialogBodyBadNumber","$v":"Untuk membuat panggilan, telefon mestilah bersambung kepada rangkaian."},{"$i":"emergencyDialogBodyDeviceNotAccepted","$v":"Panggilan kecemasan tidak dibenarkan oleh rangkaian."},{"$i":"invalidNumberToDialTitle","$v":"Nombor telefon tidak sah"},{"$i":"invalidNumberToDialMessage","$v":"Nombor telefon yang anda panggil tidak sah."},{"$i":"invalidNumberToSendTitle","$v":"Nombor telefon tidak sah"},{"$i":"invalidNumberToSendMessage","$v":"Nombor telefon yang anda hantar mesej tidak sah."},{"$i":"emergency-call-only","$v":"Panggilan Kecemasan Sahaja"},{"$i":"emergency-call-error","$v":[{"t":"idOrVar","v":"number"}," bukan nombor kecemasan."]},{"$i":"numberIsBusyTitle","$v":"Nombor sibuk"},{"$i":"numberIsBusyMessage","$v":"Nombor tidak tersedia pada masa ini. Sila cuba lagi kemudian."},{"$i":"fdnIsActiveTitle","$v":"FDN aktif"},{"$i":"fdnIsActiveMessage","$v":["FDN (Nombor Dailan Tetap) diaktifkan dan nombor yang berikut tiada dalam senarai FDN anda: ",{"t":"idOrVar","v":"number"}]},{"$i":"otherConnectionInUseTitle","$v":"Sambungan yang satu lagi sedang digunakan"},{"$i":"otherConnectionInUseMessage","$v":"Anda mempunyai panggilan aktif dalam sambungan yang lain. Anda hanya boleh menggunakan satu sambungan pada satu-satu masa."},{"$i":"GenericFailure","$v":"Kegagalan generik"},{"$i":"CallFailed","$v":"Panggilan gagal"},{"$i":"scCallBarring","$v":"Sekatan panggilan"},{"$i":"scCallForwarding","$v":"Pemajuan panggilan"},{"$i":"scClip","$v":"ID Pemanggil Masuk"},{"$i":"scClir","$v":"ID Pemanggil Keluar"},{"$i":"scPwd","$v":"Penukaran kata laluan"},{"$i":"scCallWaiting","$v":"Panggilan menunggu"},{"$i":"scPin","$v":"Menukar PIN"},{"$i":"scPin2","$v":"Menukar PIN2"},{"$i":"scPuk","$v":"Nyahsekat PIN"},{"$i":"scPuk2","$v":"Nyahsekat PIN2"},{"$i":"scImei","$v":"IMEI"},{"$i":"scMeid","$v":"MEID"},{"$i":"scUssd","$v":"USSD"},{"$i":"set-speed-dial","$v":"Tetapkan kenalan dail pantas"},{"$i":"empty","$v":"Kosong"},{"$i":"voicemail","$v":"Mel suara"},{"$i":"speed-dial","$v":"Dail pantas"},{"$i":"add","$v":"Tambah"},{"$i":"replace","$v":"Gantikan"},{"$i":"remove-from-speed-dial","$v":"Alih keluar daripada dail pantas"},{"$i":"custom-dialog-replace-speed-dial","$v":["Adakah anda pasti anda ingin menggantikan Dail Pantas ",{"t":"idOrVar","v":"oldSpeedDial"}," dengan ",{"t":"idOrVar","v":"newSpeedDial"},"?"]},{"$i":"custom-dialog-remove-speed-dial","$v":["Adakah anda pasti anda ingin mengalih keluar ",{"t":"idOrVar","v":"name"}," daripada Dail Pantas?"]},{"$i":"speed-dial-added","$v":"Nombor Dail pantas ditambah"},{"$i":"speed-dial-removed","$v":"Nombor Dail Pantas dialih keluar."},{"$i":"speed-dial-replaced","$v":"Nombor Dail Pantas dikemas kini."},{"$i":"voice-mail","$v":"Mel Suara"},{"$i":"voice-mail-number","$v":["Nombor Mel Suara - SIM ",{"t":"idOrVar","v":"n"}]},{"$i":"voice-mail-number-single","$v":"Nombor Mel Suara"},{"$i":"voice-mail-number-updated","$v":"Nombor Mel suara dikemas kini"},{"$i":"found-duplicates-message","$v":"Maklumat pendua dijumpai dalam kenalan yang berikut. Adakah anda ingin menggabungkan?"},{"$i":"confirm-to-merge-contacts","$v":["Adakah anda pasti untuk menggabungkan ",{"t":"idOrVar","v":"n"}," kenalan dengan ",{"t":"idOrVar","v":"name"},"?"]},{"$i":"contact-merged","$v":"Kenalan digabungkan"},{"$i":"find-duplicate-contacts","$v":"Cari kenalan pendua"},{"$i":"no-duplicate-contact-found","$v":"Tiada kenalan pendua dijumpai"},{"$i":"merge","$v":"Gabungkan"},{"$i":"find-dup","$v":"Cari kenalan pendua"},{"$i":"find-dup-title","$v":"Cari Kenalan Pendua"},{"$i":"finding-dup-message","$v":"Mencari kenalan pendua..."},{"$i":"dup-found-title","$v":"Pendua Ditemui"},{"$i":"dup-found-message","$v":"Maklumat pendua ditemui dalam kenalan berikut. Adakah anda mahu gabungkan?"},{"$i":"no-dup-found","$v":"Tiada Pendua Ditemui"},{"$i":"merge-conflict-warn","$v":["Maklumat berikut akan ditulis ganti oleh \"",{"t":"idOrVar","v":"name"},"\":"]},{"$i":"merge-conflict-confirm","$v":"Adakah anda pasti anda mahu menggabungkan kenalan?"},{"$i":"add-favorite","$v":"Tambah sebagai Kegemaran"},{"$i":"remove-favorite","$v":"Buang kegemaran"},{"$i":"favorite-contacts","$v":"Kenalan kegemaran"},{"$i":"add-block","$v":"Sekat nombor ini"},{"$i":"remove-block","$v":"Nyahsekat nombor ini"},{"$i":"add-block-email","$v":"Sekat e-mel ini"},{"$i":"remove-block-email","$v":"Nyahsekat e-mel ini"},{"$i":"add-block-contact-warning","$v":"Anda tidak akan menerima panggilan telefon, mesej daripada orang di senarai sekatan."},{"$i":"add-block-email-warning","$v":"Anda tidak akan menerima mesej dari alamat e-mel ini."},{"$i":"block","$v":"Sekat"},{"$i":"unblock","$v":"Buka sekatan"},{"$i":"block-contacts","$v":"Sekat Kenalan"},{"$i":"add-block-header","$v":"Tambah Nombor Sekat"},{"$i":"remove-block-alert","$v":"Dialih keluar dari Sekat Kenalan."},{"$i":"duplicate-block-number","$v":"Tidak boleh menambah nombor yang sama."},{"$i":"sort-contacts","$v":"Isih kenalan"},{"$i":"sort-by-first-name","$v":"Isih mengikut nama pertama"},{"$i":"sort-by-last-name","$v":"Isih mengikut nama akhir"},{"$i":"no-support-open-multi-vcard","$v":"Tidak boleh membuka vKad dengan berbilang kenalan"},{"$i":"import","$v":"Import"},{"$i":"sdcard","$v":"Kad memori"},{"$i":"simcard","$v":"Kad SIM"},{"$i":"import-contacts","$v":"Import kenalan"},{"$i":"simContacts-error","$v":"Tidak dapat mengimport Kenalan dari SIM"},{"$i":"memoryCardContacts-error","$v":"Tidak dapat mengimport kenalan dari kad memori"},{"$i":"novCardFiles","$v":"Tiada fail kenalan tersedia dalam kad memori."},{"$i":"fullDiskSpace-error","$v":"Storan penuh, tidak dapat mengimport kenalan."},{"$i":"socialServiceContacts-error","$v":["Tidak dapat mengimport kenalan dari ",{"t":"idOrVar","v":"service"}]},{"$i":"socialServiceContacts-noNetwork","$v":["Tiada sambungan internet, tidak dapat mengimport kenalan dari ",{"t":"idOrVar","v":"service"},"."]},{"$i":"simContacts-reading","$v":"Membaca Kenalan dari Kad SIM…"},{"$i":"memoryCardContacts-reading","$v":"Membaca Kenalan dari kad Memori…"},{"$i":"importContactsTitle","$v":"Import Kenalan"},{"$i":"retry","$v":"Cuba semula"},{"$i":"noSimMsg","$v":"Untuk mengimport kenalan, masukkan atau buka kunci kad SIM anda"},{"$i":"noSdcardMsg","$v":"Untuk mengimport kenalan, masukkan kad memori"},{"$i":"not-imported","$v":"Tidak diimport"},{"$i":"imported","$v":"Diimport"},{"$i":"importing","$v":"Mengimport"},{"$i":"contact-imported","$v":["Mengimport ",{"t":"idOrVar","v":"imported"}," kenalan. ",{"t":"idOrVar","v":"dupes"}," kenalan digabungkan."]},{"$i":"contact-imported2","$v":{"one":"Mengimport 1 kenalan,","zero":"Tiada kenalan diimport.","few":["Mengimport ",{"t":"idOrVar","v":"imported"}," kenalan."],"many":["Mengimport ",{"t":"idOrVar","v":"imported"}," kenalan."],"other":["Mengimport ",{"t":"idOrVar","v":"imported"}," kenalan."],"two":["Mengimport ",{"t":"idOrVar","v":"imported"}," kenalan."]},"$x":[{"t":"idOrVar","v":"plural"},"imported"]},{"$i":"reading-contacts-from-sim","$v":"Membaca kenalan daripada kad SIM…"},{"$i":"reading-contacts-from-gmail","$v":"Membaca kenalan daripada Gmail…"},{"$i":"reading-contacts-from-live","$v":"Membaca kenalan daripada Outlook…"},{"$i":"reading-contacts-from-sd","$v":"Membaca kenalan daripada kad ingatan…"},{"$i":"reading-contacts-from-vcard","$v":"Membaca kenalan daripada fail…"},{"$i":"importing-contacts-from-sim","$v":"Mengimport kenalan daripada kad SIM…"},{"$i":"importing-contacts-from-gmail","$v":"Mengimport kenalan daripada Gmail…"},{"$i":"importing-contacts-from-live","$v":"Mengimport kenalan daripada Outlook…"},{"$i":"importing-contacts-from-sd","$v":"Mengimport kenalan daripada kad ingatan…"},{"$i":"importing-contacts-from-vcard","$v":"Mengimport kenalan daripada fail…"},{"$i":"connect-network-to-import","$v":"Untuk mengimport kenalan, sambung kepada WiFi atau rangkaian data"},{"$i":"importing-confirm","$v":["Import ",{"t":"idOrVar","v":"n"}," kenalan dari fail \"",{"t":"idOrVar","v":"fileName"},"\"?"]},{"$i":"importing-cancel-confirm","$v":"Proses mengimport akan dihentikan jika anda menutup skrin ini. Adakah anda masih mahu menutupnya?"},{"$i":"import-contact-failed","$v":"Import kenalan gagal"},{"$i":"phone-storage-full","$v":"Storan Telefon Penuh"},{"$i":"import-contact-storage-full","$v":"Tidak dapat mengimport kenalan. Padam data aplikasi untuk membebaskan ruang."},{"$i":"contact-import-error-disk-full","$v":"Import kenalan tidak lengkap kerana storan penuh. Padam aplikasi untuk mengosongkan ruang."},{"$i":"contact-import-error-sim-full","$v":"Import kenalan tidak lengkap disebabkan kad SIM penuh."},{"$i":"contact-import-error-unknown","$v":"Import kenalan tidak lengkap disebabkan ralat."},{"$i":"import-contacts-canceled","$v":"Import kenalan dipadam."},{"$i":"close","$v":"Tutup"},{"$i":"import-process-cancel","$v":"Proses import dibatalkan."},{"$i":"import-limit-header","$v":"Had saiz fail dilepasi"},{"$i":"inner-import-limit-content","$v":"Sebarang saiz fail kenalan melebihi 10MB belum diimport."},{"$i":"activity-import-limit-contact","$v":"Gagal mengimport kenalan kerana had saiz fail dilepasi."},{"$i":"activity-import-limit-additional","$v":"(Saiz fail mesti kurang dari 10MB.)"},{"$i":"bluetooth","$v":"Bluetooth"},{"$i":"export","$v":"Eksport"},{"$i":"export-contacts","$v":"Eksport kenalan"},{"$i":"simExport-title","$v":"Eksport ke SIM"},{"$i":"memoryCardExport-title","$v":"Eksport ke kad memori"},{"$i":"btExport-title","$v":"Eksport ke Bluetooth"},{"$i":"noSimMsgExport","$v":"Untuk mengeksport kenalan, masukkan atau buka kunci kad SIM anda"},{"$i":"noSdcardExport","$v":"Untuk mengeksport kenalan, masukkan kad memori."},{"$i":"bluetoothNoConnection","$v":"Untuk mengeksport kenalan, sambung peranti Bluetooth."},{"$i":"contact-exported","$v":["Mengeksport ",{"t":"idOrVar","v":"exported"}," kenalan."]},{"$i":"contact-exported2","$v":{"zero":"Tiada kenalan dieksport.","one":"Mengeksport 1 kenalan","few":["Mengeksport ",{"t":"idOrVar","v":"exported"}," kenalan."],"many":["Mengeksport ",{"t":"idOrVar","v":"exported"}," kenalan."],"other":["Mengeksport ",{"t":"idOrVar","v":"exported"}," kenalan."],"two":["Mengeksport ",{"t":"idOrVar","v":"exported"}," kenalan."]},"$x":[{"t":"idOrVar","v":"plural"},"exported"]},{"$i":"export-contact-failed","$v":"Eksport kenalan gagal"},{"$i":"contact-export-error-sim-full","$v":"Eksport kenalan tidak dilengkapkan kerana kad SIM penuh."},{"$i":"contact-export-error-sd-full","$v":"Eksport kenalan tidak selesai kerana kad memori penuh."},{"$i":"contact-export-error-unknown","$v":"Eksport kenalan tidak lengkap disebabkan ralat."},{"$i":"contact-export-canceled","$v":"Proses eksport dibatalkan."},{"$i":"save","$v":"Simpan"},{"$i":"back","$v":"Undur"},{"$i":"givenName","$v":"Nama pertama"},{"$i":"familyName","$v":"Nama akhir"},{"$i":"name","$v":"Nama"},{"$i":"org","$v":"Syarikat"},{"$i":"ringtone","$v":"Nada dering"},{"$i":"note","$v":"Nota"},{"$i":"photo","$v":"Gambar"},{"$i":"email","$v":"E-mel"},{"$i":"adr","$v":"Alamat"},{"$i":"custom","$v":"Tersuai"},{"$i":"confirm-discard-contact-data","$v":"Maklumat kenalan akan dipadam. Adakah anda ingin menyimpan kenalan ini?"},{"$i":"confirm-discard-contact-update-data","$v":"Perubahan akan dibuang. Adakah anda mahu menyimpan kenalan ini?"},{"$i":"discard-contact-data","$v":"Perubahan akan dibuang."},{"$i":"discard","$v":"Buang"},{"$i":"add-others","$v":"Tambah lain-lain"},{"$i":"custom-label","$v":"Label tersuai"},{"$i":"input-the-custom-type","$v":"Sila masukkan jenis tersuai"},{"$i":"contact-added","$v":"Kenalan ditambah."},{"$i":"delete-prompt-message","$v":["Padam ",{"t":"idOrVar","v":"field"},"?"]},{"$i":"delete-photo-msg","$v":"gambar"},{"$i":"delete-ringtone-msg","$v":"nada dering"},{"$i":"delete-bday-msg","$v":"hari lahir"},{"$i":"delete-note-msg","$v":"nota"},{"$i":"delete-org-msg","$v":"syarikat"},{"$i":"personal","$v":"Peribadi"},{"$i":"mobile","$v":"Mudah alih"},{"$i":"current","$v":"Semasa"},{"$i":"home","$v":"Rumah"},{"$i":"work","$v":"Kerja"},{"$i":"other","$v":"Lain-lain"},{"$i":"fax-home","$v":"Faks rumah"},{"$i":"fax-office","$v":"Faks pejabat"},{"$i":"fax-other","$v":"Faks lain-lain"},{"$i":"add-phone","$v":"Tambah Telefon"},{"$i":"add-tel","$v":"Tambah nombor telefon"},{"$i":"add-email","$v":"Tambah e-mel"},{"$i":"add-ringtone","$v":"Tambah nada dering"},{"$i":"add-adr","$v":"Tambah alamat"},{"$i":"add-bday","$v":"Tambah hari lahir"},{"$i":"add-photo","$v":"Tambah gambar"},{"$i":"add-note","$v":"Tambah nota"},{"$i":"add-org","$v":"Tambah syarikat"},{"$i":"add-tel-number","$v":"Tambah nombor telefon"},{"$i":"delete-tel","$v":"Padam nombor telefon"},{"$i":"delete-email","$v":"Padam e-mel"},{"$i":"delete-ringtone","$v":"Padam nada dering"},{"$i":"delete-adr","$v":"Padam alamat"},{"$i":"delete-bday","$v":"Padam hari lahir"},{"$i":"delete-photo","$v":"Padam gambar"},{"$i":"delete-note","$v":"Padam nota"},{"$i":"delete-org","$v":"Padam syarikat"},{"$i":"edit-tel-type","$v":"Edit jenis telefon"},{"$i":"edit-email-type","$v":"Edit jenis e-mel"},{"$i":"edit-adr-type","$v":"Edit jenis alamat"},{"$i":"edit-bday-type","$v":"Edit hari lahir"},{"$i":"replace-photo","$v":"Tukar gambar"},{"$i":"replace-ringtone","$v":"Tukar nada dering"},{"$i":"mobile-tel","$v":"Telefon bimbit"},{"$i":"home-tel","$v":"Telefon rumah"},{"$i":"work-tel","$v":"Telefon kerja"},{"$i":"personal-tel","$v":"Telefon peribadi"},{"$i":"fax-home-tel","$v":"Faks Rumah"},{"$i":"fax-office-tel","$v":"Faks Pejabat"},{"$i":"fax-other-tel","$v":"Faks Lain"},{"$i":"other-tel","$v":"Telefon lain"},{"$i":"personal-email","$v":"E-mel peribadi"},{"$i":"work-email","$v":"E-mel kerja"},{"$i":"other-email","$v":"E-mel lain"},{"$i":"custom-email","$v":[{"t":"idOrVar","v":"type"}," e-mel"]},{"$i":"custom-tel","$v":[{"t":"idOrVar","v":"type"}," telefon"]},{"$i":"personal-adr","$v":"Alamat peribadi"},{"$i":"current-adr","$v":"Alamat semasa"},{"$i":"home-adr","$v":"Alamat rumah"},{"$i":"work-adr","$v":"Alamat kerja"},{"$i":"custom-adr","$v":[{"t":"idOrVar","v":"type"}," alamat"]},{"$i":"bday","$v":"Hari lahir"},{"$i":"birthday","$v":"Hari lahir"},{"$i":"streetAddress","$v":"Jalan"},{"$i":"locality","$v":"Bandar"},{"$i":"postalCode","$v":"Poskod"},{"$i":"countryName","$v":"Negara"},{"$i":"region","$v":"Negeri"},{"$i":"no-name","$v":"Tiada nama"},{"$i":"new-contact","$v":"Baharu"},{"$i":"options","$v":"Pilihan"},{"$i":"cancel","$v":"Batal"},{"$i":"settings","$v":"Tetapan"},{"$i":"edit","$v":"Edit"},{"$i":"share","$v":"Kongsi"},{"$i":"remove","$v":"Alih keluar"},{"$i":"compose","$v":"Karang"},{"$i":"new-contact-title","$v":"Kenalan Baharu"},{"$i":"edit-title","$v":"Edit Kenalan"},{"$i":"music","$v":"Muzik"},{"$i":"adr-type","$v":"Jenis Alamat"},{"$i":"email-type","$v":"Jenis E-mel"},{"$i":"tel-type","$v":"Jenis Telefon"},{"$i":"ICEContactsGroup","$v":"Kenalan ICE"},{"$i":"setICEButton","$v":"Tetapkan Kenalan ICE"},{"$i":"ICESettingTitle","$v":"Kenalan ICE"},{"$i":"ICEDescription","$v":"Tambah lima kenalan untuk membuat panggilan “Sekiranya Berlaku Kecemasan”."},{"$i":"ICEContact","$v":["Kenalan ICE ",{"t":"idOrVar","v":"n"}]},{"$i":"ICESelectContact","$v":"Pilih kenalan"},{"$i":"delete-ice-contact-warning","$v":"Adakah anda pasti anda ingin mengalih keluar Kenalan ICE?"},{"$i":"confirm","$v":"Pengesahan"},{"$i":"add-ice-failed","$v":"Tambah ICE Gagal"},{"$i":"create-group","$v":"Buat Kumpulan"},{"$i":"group-name","$v":"Nama Kumpulan"},{"$i":"group","$v":"Kumpulan"},{"$i":"new-group-created","$v":"Kumpulan baharu dicipta."},{"$i":"create-group-failed","$v":"Cipta kumpulan gagal."},{"$i":"create-group-too-many","$v":["Anda hanya dapat mencipta ",{"t":"idOrVar","v":"number"}," kumpulan."]},{"$i":"create-group-duplicate","$v":"Nama pendua."},{"$i":"rename-group-failed","$v":"Namakan semula kumpulan gagal."},{"$i":"new-group","$v":"Baharu"},{"$i":"rename","$v":"Namakan Semula"},{"$i":"duplicate-removed","$v":"Kenalan pendua dialih keluar."},{"$i":"add-to-group","$v":"Tambah ke kumpulan"},{"$i":"remove-from-group","$v":"Alih keluar dari kumpulan"},{"$i":"added-to","$v":["Ditambah ke ",{"t":"idOrVar","v":"group"}]},{"$i":"removed-from","$v":["Dialih keluar dari ",{"t":"idOrVar","v":"group"}]},{"$i":"select-group","$v":"Pilih Kumpulan"},{"$i":"rename-group","$v":"Namakan Semula Kumpulan"},{"$i":"delete-group","$v":["Adakah anda pasti anda mahu menggabungkan ",{"t":"idOrVar","v":"group"},"?"]},{"$i":"unable-add-warn","$v":"Tidak dapat menambah kenalan akaun kepada kumpulan."},{"$i":"edit-contact","$v":"Edit kenalan"},{"$i":"send-message","$v":"Hantar mesej"},{"$i":"call","$v":"Panggil"},{"$i":"call-sim-1","$v":"Panggilan - SIM 1"},{"$i":"call-sim-2","$v":"Panggilan - SIM 2"},{"$i":"send-email","$v":"Hantar e-mel"},{"$i":"choose-number","$v":"Pilih Nombor"},{"$i":"choose-email-address","$v":"Pilih E-mel"},{"$i":"delete","$v":"Padam"},{"$i":"select","$v":"Pilih"},{"$i":"select-all","$v":"Pilih Semua"},{"$i":"select-all2","$v":"Semua"},{"$i":"deselect-all","$v":"Nyahpilih Semua"},{"$i":"deselect-all2","$v":"Tiada"},{"$i":"deselect","$v":"Nyahpilih"},{"$i":"selected-contacts","$v":{"few":[{"t":"idOrVar","v":"n"}," dipilih"],"many":[{"t":"idOrVar","v":"n"}," dipilih"],"one":[{"t":"idOrVar","v":"n"}," dipilih"],"other":[{"t":"idOrVar","v":"n"}," dipilih"],"two":[{"t":"idOrVar","v":"n"}," dipilih"],"zero":[{"t":"idOrVar","v":"n"}," dipilih"]},"$x":[{"t":"idOrVar","v":"plural"},"n"]},{"$i":"massive-delete","$v":"Padam kenalan"},{"$i":"confirm-contact-delete","$v":["Adakah anda pasti anda mahu memadam kenalan \"",{"t":"idOrVar","v":"name"},"\"?"]},{"$i":"DeletedTxt","$v":{"few":[{"t":"idOrVar","v":"n"}," Kenalan dialih keluar"],"many":[{"t":"idOrVar","v":"n"}," Kenalan dialih keluar"],"one":"1 Kenalan dialih keluar","other":[{"t":"idOrVar","v":"n"}," Kenalan dialih keluar"],"two":[{"t":"idOrVar","v":"n"}," Kenalan dialih keluar"],"zero":"Tiada Kenalan untuk Dipadam"},"$x":[{"t":"idOrVar","v":"plural"},"n"]},{"$i":"DeletingContacts","$v":"Padam Kenalan"},{"$i":"DeletingContactsProgressing","$v":"Memadam kenalan"},{"$i":"ContactConfirmDel","$v":{"few":["Padam ",{"t":"idOrVar","v":"n"}," Kenalan? Ini tidak boleh dibuat asal."],"many":["Padam ",{"t":"idOrVar","v":"n"}," Kenalan? Ini tidak boleh dibuat asal."],"one":"Padam 1 Kenalan? Ini tidak boleh dibuat asal.","other":["Padam ",{"t":"idOrVar","v":"n"}," Kenalan? Ini tidak boleh dibuat asal."],"two":["Padam ",{"t":"idOrVar","v":"n"}," Kenalan? Ini tidak boleh dibuat asal."],"zero":"Tiada Kenalan untuk Dipadam"},"$x":[{"t":"idOrVar","v":"plural"},"n"]},{"$i":"contact-deleted","$v":{"zero":"Tiada kenalan dipadam","one":"1 kenalan dipadam","few":[{"t":"idOrVar","v":"n"}," kenalan dipadam"],"many":[{"t":"idOrVar","v":"n"}," kenalan dipadam"],"other":[{"t":"idOrVar","v":"n"}," kenalan dipadam"],"two":[{"t":"idOrVar","v":"n"}," kenalan dipadam"]},"$x":[{"t":"idOrVar","v":"plural"},"n"]},{"$i":"a-contact-deleted","$v":"Kenalan dipadam."},{"$i":"settings-title","$v":"Tetapan Kenalan"},{"$i":"change-will-update-until-restart","$v":"Perubahan akan dikemas kini pada kali seterusnya Kenalan dilancarkan."},{"$i":"transfer-contacts","$v":"Pindahkan kenalan"},{"$i":"service-number","$v":"Nombor perkhidmatan"},{"$i":"no-contacts-found","$v":"Tiada padanan dijumpai."},{"$i":"search","$v":"Cari kenalan","placeholder":"Cari kenalan"},{"$i":"search-option","$v":"Cari"},{"$i":"accounts","$v":"Akaun"},{"$i":"account","$v":"Akaun"},{"$i":"add-account","$v":"Tambah Akaun"},{"$i":"add-account-failed","$v":"Ralat tidak diketahui telah berlaku, sila cuba lagi kemudian."},{"$i":"duplicate-account-warn","$v":"Akaun telah wujud. Penyegerakan dihidupkan."},{"$i":"setting-up-account","$v":"Menyediakan akaun"},{"$i":"no-network-warn","$v":"Tiada sambungan Internet."},{"$i":"username","$v":"Nama Pengguna"},{"$i":"password","$v":"Kata laluan"},{"$i":"delete-account","$v":"Padam Akaun"},{"$i":"delete-account-long","$v":"Padam Akaun"},{"$i":"delete-account-warn","$v":"Jika anda memadam akaun ini, apl yang menggunakan akaun ini juga akan terjejas."},{"$i":"deleting-account","$v":"Memadam akaun"},{"$i":"delete-account-failed","$v":"Padam akaun gagal, sila cuba sekali lagi kemudian."},{"$i":"delete-account-ok","$v":"Akaun dipadam."},{"$i":"sync","$v":"Segerakkan"},{"$i":"sync-title","$v":"Penyegerakan Kenalan"},{"$i":"sync-failed-warn","$v":"Gagal untuk segerak."},{"$i":"sync-off-warn","$v":"Penyegerakan dimatikan pada Tetapan."},{"$i":"show-account-contacts","$v":"Tunjukkan kenalan akaun"},{"$i":"sync-account-contacts","$v":"Segerakkan kenalan akaun"},{"$i":"sync-account-contacts-warning","$v":["Sebarang penyuntingan hubungan akaun tidak akan diselaraskan dengan awan apabila \"",{"t":"idOrVar","v":"switch"},"\" tidak ditandakan, adakah anda masih mahu ini tidak ditandakan?"]},{"$i":"yes","$v":"Ya"},{"$i":"all-contacts-synced","$v":"Semua kenalan disegerakkan."},{"$i":"contact-syncing","$v":"Kenalan Disegerakkan"},{"$i":"contacts-sync-limit-exceed","$v":"Penyegerakan kenalan tidak lengkap kerana had kenalan dilepasi."},{"$i":"show-password","$v":"Tunjukkan kata laluan"},{"$i":"password-incorrect","$v":"Kata laluan salah."},{"$i":"re-enter-password","$v":"Masukkan Semula Kata Laluan"},{"$i":"accessing-warn","$v":"Terdapat masalah mengakses akaun anda."},{"$i":"accessing-warn-password","$v":"Sila masukkan semula kata laluan."},{"$i":"re-enter-password-on-setting","$v":"Sila masukkan kembali kata laluan pada tetapan Kenalan."},{"$i":"accessing-warn-relogin","$v":"Sila padam akaun dan log masuk semula."},{"$i":"update-password-failed","$v":"Kemas kini kata laluan gagal, sila cuba lagi kemudian."},{"$i":"connect-time-out","$v":["Tidak dapat mewujudkan sambungan dengan \"",{"t":"idOrVar","v":"server"},"\". Mungkin terdapat masalah dengan rangkaian."]},{"$i":"server-error","$v":"Pelayan tidak tersedia. Sila cuba lagi kemudian."},{"$i":"loading","$v":"Memuatkan..."},{"$i":"ellipsis","$v":"..."},{"$i":"stop-syncing-warn-title","$v":"Penyegerakan Kenalan"},{"$i":"stop-syncing-warn","$v":"Menutup aplikasi akan menghentikan proses penyegerakan kenalan. Adakah anda masih mahu menutupnya?"},{"$i":"weekday-0-long","$v":"Ahad"},{"$i":"weekday-1-long","$v":"Isnin"},{"$i":"weekday-2-long","$v":"Selasa"},{"$i":"weekday-3-long","$v":"Rabu"},{"$i":"weekday-4-long","$v":"Khamis"},{"$i":"weekday-5-long","$v":"Jumaat"},{"$i":"weekday-6-long","$v":"Sabtu"},{"$i":"weekday-0-short","$v":"Aha"},{"$i":"weekday-1-short","$v":"Isn"},{"$i":"weekday-2-short","$v":"Sel"},{"$i":"weekday-3-short","$v":"Rab"},{"$i":"weekday-4-short","$v":"Kha"},{"$i":"weekday-5-short","$v":"Jum"},{"$i":"weekday-6-short","$v":"Sab"},{"$i":"month-0-long","$v":"Januari"},{"$i":"month-1-long","$v":"Februari"},{"$i":"month-2-long","$v":"Mac"},{"$i":"month-3-long","$v":"April"},{"$i":"month-4-long","$v":"Mei"},{"$i":"month-5-long","$v":"Jun"},{"$i":"month-6-long","$v":"Julai"},{"$i":"month-7-long","$v":"Ogos"},{"$i":"month-8-long","$v":"September"},{"$i":"month-9-long","$v":"Oktober"},{"$i":"month-10-long","$v":"November"},{"$i":"month-11-long","$v":"Disember"},{"$i":"month-0-genitive","$v":"Januari"},{"$i":"month-1-genitive","$v":"Februari"},{"$i":"month-2-genitive","$v":"Mac"},{"$i":"month-3-genitive","$v":"April"},{"$i":"month-4-genitive","$v":"Mei"},{"$i":"month-5-genitive","$v":"Jun"},{"$i":"month-6-genitive","$v":"Julai"},{"$i":"month-7-genitive","$v":"Ogos"},{"$i":"month-8-genitive","$v":"September"},{"$i":"month-9-genitive","$v":"Oktober"},{"$i":"month-10-genitive","$v":"November"},{"$i":"month-11-genitive","$v":"Disember"},{"$i":"month-0-short","$v":"Jan"},{"$i":"month-1-short","$v":"Feb"},{"$i":"month-2-short","$v":"Mac"},{"$i":"month-3-short","$v":"Apr"},{"$i":"month-4-short","$v":"Mei"},{"$i":"month-5-short","$v":"Jun"},{"$i":"month-6-short","$v":"Jul"},{"$i":"month-7-short","$v":"Ogo"},{"$i":"month-8-short","$v":"Sep"},{"$i":"month-9-short","$v":"Okt"},{"$i":"month-10-short","$v":"Nov"},{"$i":"month-11-short","$v":"Dis"},{"$i":"minutes-ago-long","$v":{"few":[{"t":"idOrVar","v":"value"}," minit yang lalu"],"many":[{"t":"idOrVar","v":"value"}," minit yang lalu"],"other":[{"t":"idOrVar","v":"value"}," minit yang lalu"],"two":[{"t":"idOrVar","v":"value"}," minit yang lalu"],"one":"seminit yang lalu","zero":"Sebentar Tadi"},"$x":[{"t":"idOrVar","v":"plural"},"value"]},{"$i":"hours-ago-long","$v":{"few":[{"t":"idOrVar","v":"value"}," jam yang lalu"],"many":[{"t":"idOrVar","v":"value"}," jam yang lalu"],"other":[{"t":"idOrVar","v":"value"}," jam yang lalu"],"two":[{"t":"idOrVar","v":"value"}," jam yang lalu"],"one":"sejam yang lalu","zero":"Sebentar Tadi"},"$x":[{"t":"idOrVar","v":"plural"},"value"]},{"$i":"days-ago-long","$v":{"few":[{"t":"idOrVar","v":"value"}," hari yang lalu"],"many":[{"t":"idOrVar","v":"value"}," hari yang lalu"],"one":"semalam","other":[{"t":"idOrVar","v":"value"}," hari yang lalu"],"two":[{"t":"idOrVar","v":"value"}," hari yang lalu"],"zero":"hari ini"},"$x":[{"t":"idOrVar","v":"plural"},"value"]},{"$i":"weeks-ago-long","$v":{"few":[{"t":"idOrVar","v":"value"}," minggu yang lalu"],"many":[{"t":"idOrVar","v":"value"}," minggu yang lalu"],"one":"minggu lepas","other":[{"t":"idOrVar","v":"value"}," minggu yang lalu"],"two":[{"t":"idOrVar","v":"value"}," minggu yang lalu"],"zero":"minggu ini"},"$x":[{"t":"idOrVar","v":"plural"},"value"]},{"$i":"months-ago-long","$v":{"few":[{"t":"idOrVar","v":"value"}," bulan yang lalu"],"many":[{"t":"idOrVar","v":"value"}," bulan yang lalu"],"one":"bulan lepas","other":[{"t":"idOrVar","v":"value"}," bulan yang lalu"],"two":[{"t":"idOrVar","v":"value"}," bulan yang lalu"],"zero":"bulan ini"},"$x":[{"t":"idOrVar","v":"plural"},"value"]},{"$i":"years-ago-long","$v":{"few":[{"t":"idOrVar","v":"value"}," tahun yang lalu"],"many":[{"t":"idOrVar","v":"value"}," tahun yang lalu"],"one":"tahun lepas","other":[{"t":"idOrVar","v":"value"}," tahun yang lalu"],"two":[{"t":"idOrVar","v":"value"}," tahun yang lalu"],"zero":"tahun ini"},"$x":[{"t":"idOrVar","v":"plural"},"value"]},{"$i":"minutes-until-long","$v":{"few":["dalam ",{"t":"idOrVar","v":"value"}," minit"],"many":["dalam ",{"t":"idOrVar","v":"value"}," minit"],"other":["dalam ",{"t":"idOrVar","v":"value"}," minit"],"two":["dalam ",{"t":"idOrVar","v":"value"}," minit"],"zero":"sekarang","one":"dalam masa seminit"},"$x":[{"t":"idOrVar","v":"plural"},"value"]},{"$i":"hours-until-long","$v":{"few":["dalam ",{"t":"idOrVar","v":"value"}," jam"],"many":["dalam ",{"t":"idOrVar","v":"value"}," jam"],"other":["dalam ",{"t":"idOrVar","v":"value"}," jam"],"two":["dalam ",{"t":"idOrVar","v":"value"}," jam"],"zero":"sekarang","one":"dalam masa sejam"},"$x":[{"t":"idOrVar","v":"plural"},"value"]},{"$i":"days-until-long","$v":{"few":["dalam ",{"t":"idOrVar","v":"value"}," hari"],"many":["dalam ",{"t":"idOrVar","v":"value"}," hari"],"one":"esok","other":["dalam ",{"t":"idOrVar","v":"value"}," hari"],"two":["dalam ",{"t":"idOrVar","v":"value"}," hari"],"zero":"hari ini"},"$x":[{"t":"idOrVar","v":"plural"},"value"]},{"$i":"weeks-until-long","$v":{"few":["dalam ",{"t":"idOrVar","v":"value"}," minggu"],"many":["dalam ",{"t":"idOrVar","v":"value"}," minggu"],"one":"minggu depan","other":["dalam ",{"t":"idOrVar","v":"value"}," minggu"],"two":["dalam ",{"t":"idOrVar","v":"value"}," minggu"],"zero":"minggu ini"},"$x":[{"t":"idOrVar","v":"plural"},"value"]},{"$i":"months-until-long","$v":{"few":["dalam ",{"t":"idOrVar","v":"value"}," bulan"],"many":["dalam ",{"t":"idOrVar","v":"value"}," bulan"],"one":"bulan depan","other":["dalam ",{"t":"idOrVar","v":"value"}," bulan"],"two":["dalam ",{"t":"idOrVar","v":"value"}," bulan"],"zero":"bulan ini"},"$x":[{"t":"idOrVar","v":"plural"},"value"]},{"$i":"years-until-long","$v":{"few":["dalam ",{"t":"idOrVar","v":"value"}," tahun"],"many":["dalam ",{"t":"idOrVar","v":"value"}," tahun"],"one":"tahun depan","other":["dalam ",{"t":"idOrVar","v":"value"}," tahun"],"two":["dalam ",{"t":"idOrVar","v":"value"}," tahun"],"zero":"tahun ini"},"$x":[{"t":"idOrVar","v":"plural"},"value"]},{"$i":"minutes-ago-short","$v":{"other":[{"t":"idOrVar","v":"value"},"m yang lalu"],"zero":"Sebentar Tadi"},"$x":[{"t":"idOrVar","v":"plural"},"value"]},{"$i":"hours-ago-short","$v":{"other":[{"t":"idOrVar","v":"value"},"j yang lalu"],"zero":"Sebentar Tadi"},"$x":[{"t":"idOrVar","v":"plural"},"value"]},{"$i":"days-ago-short","$v":{"other":[{"t":"idOrVar","v":"value"},"h yang lalu"],"zero":"hari ini"},"$x":[{"t":"idOrVar","v":"plural"},"value"]},{"$i":"minutes-until-short","$v":{"other":["dalam ",{"t":"idOrVar","v":"value"},"m"],"zero":"sekarang"},"$x":[{"t":"idOrVar","v":"plural"},"value"]},{"$i":"hours-until-short","$v":{"other":["dalam ",{"t":"idOrVar","v":"value"},"j"],"zero":"sekarang"},"$x":[{"t":"idOrVar","v":"plural"},"value"]},{"$i":"days-until-short","$v":{"other":["dalam ",{"t":"idOrVar","v":"value"},"h"],"zero":"hari ini"},"$x":[{"t":"idOrVar","v":"plural"},"value"]},{"$i":"incorrectDate","$v":"(tarikh salah)"},{"$i":"dateTimeFormat_%c","$v":"%a %b %e %Y %I:%M:%S %p"},{"$i":"dateTimeFormat_%x","$v":"%m/%d/%Y"},{"$i":"dateTimeFormat_%X","$v":"%I:%M:%S %p"},{"$i":"shortTimeFormat","$v":"%I:%M %p"},{"$i":"shortTimeFormat12","$v":"%I:%M %p"},{"$i":"shortTimeFormat24","$v":"%H:%M"},{"$i":"shortDateTimeFormat","$v":"%x %I:%M %p"},{"$i":"weekStartsOnMonday","$v":"0.0"},{"$i":"firstDayOfTheWeek","$v":"0.0"},{"$i":"time_am","$v":"Pagi"},{"$i":"time_pm","$v":"Petang"},{"$i":"sim-with-index-and-carrier","$v":["SIM ",{"t":"idOrVar","v":"index"}," - ",{"t":"idOrVar","v":"carrier"}]},{"$i":"sim-without-carrier","$v":["SIM ",{"t":"idOrVar","v":"index"}]}]