[{"$i":"contacts","$v":"Kontakter"},{"$i":"view","$v":"Vis"},{"$i":"no-contacts","$v":"Ingen kontakter."},{"$i":"reading-contacts","$v":"Laster kontakter"},{"$i":"start-adding","$v":"Trykk på Ny eller gå til Innstillinger for å legge til kontakter."},{"$i":"no-contact-available","$v":"Det finnes ingen tilgjengelige kontakter"},{"$i":"requested-contact-not-available","$v":"Forespurt informasjon ikke tilgjengelig på eksisterende kontakter."},{"$i":"cannot-add-as-empty","$v":"Kan ikke legge kontakt da kontaktlisten er tom"},{"$i":"ok","$v":"OK"},{"$i":"no-phone-number-to-dial","$v":"Ingen telefonnummer å ringe"},{"$i":"video-call","$v":"Videoanrop"},{"$i":"rtt-call","$v":"RTT-anrop"},{"$i":"select-a-contact","$v":"Velg en kontakt"},{"$i":"multi-pick-max-warn","$v":["Maksantallet valgte er ",{"t":"idOrVar","v":"n"}]},{"$i":"add-contact-failed","$v":"Kunne ikke legge til kontakt"},{"$i":"no-sim-card-available","$v":"Ingen tilgjengelige SIM-kort"},{"$i":"email-cannot-add-to-sim","$v":"E-post støttes ikke av det gjeldende minnevalget."},{"$i":"add-info-failed","$v":"Legg til info mislyktes"},{"$i":"no-contact-to-add","$v":"Det er ingen tilgjengelig kontakt å legge til."},{"$i":"move","$v":"Flytt"},{"$i":"copy","$v":"Kopier"},{"$i":"copy-contacts","$v":"Kopier kontakter"},{"$i":"move-contacts","$v":"Flytt kontakter"},{"$i":"phone-memory","$v":"Telefonminne"},{"$i":"sim-memory","$v":"SIM-minne"},{"$i":"sim-0-memory","$v":"SIM 1-minne"},{"$i":"sim-1-memory","$v":"SIM 2-minne"},{"$i":"move-from","$v":"Flytt fra"},{"$i":"copy-from","$v":"Kopier fra"},{"$i":"to","$v":"Til"},{"$i":"move-contacts-progressing","$v":"Flytter kontakt(er) …"},{"$i":"copy-contacts-progressing","$v":"Kopierer kontakt(er) …"},{"$i":"contact-move-to-sim","$v":{"few":[{"t":"idOrVar","v":"migrated"}," kontakter flyttet til SIM."],"many":[{"t":"idOrVar","v":"migrated"}," kontakter flyttet til SIM."],"one":"1 kontakt flyttet til SIM.","other":[{"t":"idOrVar","v":"migrated"}," kontakter flyttet til SIM."],"two":[{"t":"idOrVar","v":"migrated"}," kontakter flyttet til SIM."],"zero":"Ingen kontakt flyttet til SIM."},"$x":[{"t":"idOrVar","v":"plural"},"migrated"]},{"$i":"contact-copy-to-sim","$v":{"few":[{"t":"idOrVar","v":"migrated"}," kontakter kopiert til SIM."],"many":[{"t":"idOrVar","v":"migrated"}," kontakter kopiert til SIM."],"one":"1 kontakt kopiert til SIM.","other":[{"t":"idOrVar","v":"migrated"}," kontakter kopiert til SIM."],"two":[{"t":"idOrVar","v":"migrated"}," kontakter kopiert til SIM."],"zero":"Ingen kontakt kopiert til SIM."},"$x":[{"t":"idOrVar","v":"plural"},"migrated"]},{"$i":"contact-move-to-sim0","$v":{"few":[{"t":"idOrVar","v":"migrated"}," kontakter flyttet til SIM 1."],"many":[{"t":"idOrVar","v":"migrated"}," kontakter flyttet til SIM 1."],"one":"1 kontakt flyttet til SIM 1.","other":[{"t":"idOrVar","v":"migrated"}," kontakter flyttet til SIM 1."],"two":[{"t":"idOrVar","v":"migrated"}," kontakter flyttet til SIM 1."],"zero":"Ingen kontakt flyttet til SIM 1."},"$x":[{"t":"idOrVar","v":"plural"},"migrated"]},{"$i":"contact-copy-to-sim0","$v":{"few":[{"t":"idOrVar","v":"migrated"}," kontakter kopiert til SIM 1."],"many":[{"t":"idOrVar","v":"migrated"}," kontakter kopiert til SIM 1."],"one":"1 kontakt kopiert til SIM 1.","other":[{"t":"idOrVar","v":"migrated"}," kontakter kopiert til SIM 1."],"two":[{"t":"idOrVar","v":"migrated"}," kontakter kopiert til SIM 1."],"zero":"Ingen kontakt kopiert til SIM 1."},"$x":[{"t":"idOrVar","v":"plural"},"migrated"]},{"$i":"contact-move-to-sim1","$v":{"few":[{"t":"idOrVar","v":"migrated"}," kontakter flyttet til SIM 2."],"many":[{"t":"idOrVar","v":"migrated"}," kontakter flyttet til SIM 2."],"one":"1 kontakt flyttet til SIM 2.","other":[{"t":"idOrVar","v":"migrated"}," kontakter flyttet til SIM 2."],"two":[{"t":"idOrVar","v":"migrated"}," kontakter flyttet til SIM 2."],"zero":"Ingen kontakt flyttet til SIM 2."},"$x":[{"t":"idOrVar","v":"plural"},"migrated"]},{"$i":"contact-copy-to-sim1","$v":{"few":[{"t":"idOrVar","v":"migrated"}," kontakter kopiert til SIM 2."],"many":[{"t":"idOrVar","v":"migrated"}," kontakter kopiert til SIM 2."],"one":"1 kontakt kopiert til SIM 2.","other":[{"t":"idOrVar","v":"migrated"}," kontakter kopiert til SIM 2."],"two":[{"t":"idOrVar","v":"migrated"}," kontakter kopiert til SIM 2."],"zero":"Ingen kontakt kopiert til SIM 2."},"$x":[{"t":"idOrVar","v":"plural"},"migrated"]},{"$i":"contact-move-to-device","$v":{"one":"1 kontakt ble flyttet til telefonen.","zero":"Ingen kontakt ble flyttet til telefon.","few":[{"t":"idOrVar","v":"migrated"}," kontakter flyttet til telefon."],"many":[{"t":"idOrVar","v":"migrated"}," kontakter flyttet til telefon."],"other":[{"t":"idOrVar","v":"migrated"}," kontakter flyttet til telefon."],"two":[{"t":"idOrVar","v":"migrated"}," kontakter flyttet til telefon."]},"$x":[{"t":"idOrVar","v":"plural"},"migrated"]},{"$i":"contact-copy-to-device","$v":{"one":"1 kontakt kopiert til telefon.","zero":"Ingen kontakt kopiert til telefon.","few":[{"t":"idOrVar","v":"migrated"}," kontakter kopiert til telefon."],"many":[{"t":"idOrVar","v":"migrated"}," kontakter kopiert til telefon."],"other":[{"t":"idOrVar","v":"migrated"}," kontakter kopiert til telefon."],"two":[{"t":"idOrVar","v":"migrated"}," kontakter kopiert til telefon."]},"$x":[{"t":"idOrVar","v":"plural"},"migrated"]},{"$i":"copy-contact-failed","$v":"Kopiering av kontakter mislyktes"},{"$i":"move-contact-failed","$v":"Flytting av kontakter mislyktes"},{"$i":"contact-copy-error-sim-full","$v":"Kopiering av kontakter som ikke er fullført på grunn av SIM-kortet, er full."},{"$i":"contact-copy-error-unknown","$v":"Kopier kontakter ikke fullført på grunn av en feil."},{"$i":"contact-copy-error-limit-exceeded","$v":"Kontaktkopi er ikke fullført da kontaktgrensen til telefonen er overskredet."},{"$i":"contact-move-error-sim-full","$v":"Flytt kontakter som ikke er fullførte på grunn av at SIM-kortet er fullt."},{"$i":"contact-move-error-unknown","$v":"Flytt kontakter som ikke er fullført på grunn av en feil."},{"$i":"contact-move-error-limit-exceeded","$v":"Kontaktflytting er ikke fullført da kontaktgrensen til telefonen er overskredet."},{"$i":"contact-save-error-unknown","$v":"Lagre kontakten ikke fullført på grunn av en feil."},{"$i":"memory","$v":"Minne"},{"$i":"phone-and-sim","$v":"Telefon og SIM"},{"$i":"phone","$v":"Telefon"},{"$i":"sim","$v":"SIM"},{"$i":"reloading-contact","$v":"Laster kontakter på nytt …"},{"$i":"contact-reloaded","$v":"Kontakter lastet på nytt"},{"$i":"message","$v":"Melding"},{"$i":"changes-saved","$v":"Endringer lagret."},{"$i":"already-ice-contact","$v":"Den valgte kontakten er allerede satt til ICE."},{"$i":"phone-contacts-limit-exceeded","$v":"Grense for telefonkontakter er overskredet."},{"$i":"sim-contacts-limit-exceeded","$v":"Grense for SIM-kontakter er overskredet."},{"$i":"more-info","$v":"Mer"},{"$i":"callAirplaneModeTitle","$v":"Flymodus aktivert"},{"$i":"callAirplaneModeMessage","$v":"For å foreta et anrop må du deaktivere flymodus i innstillinger."},{"$i":"emergencyDialogTitle","$v":"Ingen nettverkstilkobling"},{"$i":"emergencyDialogBodyBadNumber","$v":"For å foreta et anrop på telefonen være tilkoblet et nettverk."},{"$i":"emergencyDialogBodyDeviceNotAccepted","$v":"Nødanrop er ikke tillatt av nettverket."},{"$i":"invalidNumberToDialTitle","$v":"Ugyldig telefonnummer"},{"$i":"invalidNumberToDialMessage","$v":"Telefonnummeret du ringer er ugyldig."},{"$i":"invalidNumberToSendTitle","$v":"Ugyldig telefonnummer"},{"$i":"invalidNumberToSendMessage","$v":"Telefonnummeret du sender melding til, er ugyldig."},{"$i":"emergency-call-only","$v":"Bare nødanrop"},{"$i":"emergency-call-error","$v":[{"t":"idOrVar","v":"number"}," er ikke et nødnummer."]},{"$i":"numberIsBusyTitle","$v":"Nummer er opptatt"},{"$i":"numberIsBusyMessage","$v":"Nummeret er opptatt. Prøv igjen senere."},{"$i":"fdnIsActiveTitle","$v":"FDN aktiv"},{"$i":"fdnIsActiveMessage","$v":["FDN (Fixed Dialling Numbers) er aktivert og følgende nummer er ikke i FDN-listen din: ",{"t":"idOrVar","v":"number"}]},{"$i":"otherConnectionInUseTitle","$v":"Annen tilkobling i bruk"},{"$i":"otherConnectionInUseMessage","$v":"Du har en annen aktiv samtale i en annen forbindelse. Du kan bare bruke én tilkobling om gangen."},{"$i":"GenericFailure","$v":"Generell feil"},{"$i":"CallFailed","$v":"Anrop mislyktes"},{"$i":"scCallBarring","$v":"Anropssperring"},{"$i":"scCallForwarding","$v":"Viderekobling"},{"$i":"scClip","$v":"Innkommende anrops-ID"},{"$i":"scClir","$v":"Utgående anrops-ID"},{"$i":"scPwd","$v":"Passordendring"},{"$i":"scCallWaiting","$v":"Samtale venter"},{"$i":"scPin","$v":"PIN-endring"},{"$i":"scPin2","$v":"PIN2-endring"},{"$i":"scPuk","$v":"Opphev blokkering av PIN-kode"},{"$i":"scPuk2","$v":"Opphev blokkering av PIN2"},{"$i":"scImei","$v":"IMEI"},{"$i":"scMeid","$v":"MEID"},{"$i":"scUssd","$v":"USSD"},{"$i":"set-speed-dial","$v":"Angi hurtigvalgkontakter"},{"$i":"empty","$v":"Tøm"},{"$i":"voicemail","$v":"Talemelding"},{"$i":"speed-dial","$v":"Hurtigvalg"},{"$i":"add","$v":"Legg til"},{"$i":"replace","$v":"Bytt ut"},{"$i":"remove-from-speed-dial","$v":"Fjern fra hurtigvalg"},{"$i":"custom-dialog-replace-speed-dial","$v":["Er du sikker på at du vil bytte ut hurtigvalget ",{"t":"idOrVar","v":"oldSpeedDial"}," med ",{"t":"idOrVar","v":"newSpeedDial"},"?"]},{"$i":"custom-dialog-remove-speed-dial","$v":["Er du sikker på at du vil fjerne ",{"t":"idOrVar","v":"name"}," fra hurtigvalg?"]},{"$i":"speed-dial-added","$v":"Hurtigvalgnummer lagt til."},{"$i":"speed-dial-removed","$v":"Hurtigvalgnummer fjernet."},{"$i":"speed-dial-replaced","$v":"Hurtigvalgnummer oppdatert."},{"$i":"voice-mail","$v":"Talemelding"},{"$i":"voice-mail-number","$v":["Talepostnummer – SIM ",{"t":"idOrVar","v":"n"}]},{"$i":"voice-mail-number-single","$v":"Talepostnummer"},{"$i":"voice-mail-number-updated","$v":"Talepostnummeret er oppdatert"},{"$i":"found-duplicates-message","$v":"Duplisert informasjon ble funnet i følgende kontakter. Vil du flette?"},{"$i":"confirm-to-merge-contacts","$v":["Er du sikker på at du vil flette ",{"t":"idOrVar","v":"n"}," kontakter med ",{"t":"idOrVar","v":"name"},"?"]},{"$i":"contact-merged","$v":"Kontakt flettet"},{"$i":"find-duplicate-contacts","$v":"Finn dupliserte kontakter"},{"$i":"no-duplicate-contact-found","$v":"Fant ingen dupliserte kontakter"},{"$i":"merge","$v":"Flett"},{"$i":"find-dup","$v":"Finn dupliserte kontakter"},{"$i":"find-dup-title","$v":"Finn dupliserte kontakter"},{"$i":"finding-dup-message","$v":"Ser etter dupliserte kontakter …"},{"$i":"dup-found-title","$v":"Duplikater funnet"},{"$i":"dup-found-message","$v":"Duplisert informasjon ble funnet i følgende kontakt(er). Vil du slå den sammen?"},{"$i":"no-dup-found","$v":"Ingen duplikater funnet"},{"$i":"merge-conflict-warn","$v":["Følgende informasjon vil bli overskrevet av «",{"t":"idOrVar","v":"name"},"»:"]},{"$i":"merge-conflict-confirm","$v":"Er du sikker på at du vil slå sammen kontaktene?"},{"$i":"add-favorite","$v":"Legg til som favoritt"},{"$i":"remove-favorite","$v":"Fjern fra favoritter"},{"$i":"favorite-contacts","$v":"Favoritt"},{"$i":"add-block","$v":"Blokker dette nummeret"},{"$i":"remove-block","$v":"Opphev blokkering av dette nummeret"},{"$i":"add-block-email","$v":"Blokker denne e-postadressen"},{"$i":"remove-block-email","$v":"Fjern blokkering av denne e-posten"},{"$i":"add-block-contact-warning","$v":"Du vil ikke motta anrop eller meldinger fra personer på blokkert-listen."},{"$i":"add-block-email-warning","$v":"Du vil ikke mota meldinger fra denne e-postadressen."},{"$i":"block","$v":"Blokker"},{"$i":"unblock","$v":"Unblock"},{"$i":"block-contacts","$v":"Blokker kontakter"},{"$i":"add-block-header","$v":"Legg til blokkert telefonnummer"},{"$i":"remove-block-alert","$v":"Fjernet fra Blokkerte kontakter."},{"$i":"duplicate-block-number","$v":"Kan ikke legge til et duplikatnummer."},{"$i":"sort-contacts","$v":"Sorter kontakter"},{"$i":"sort-by-first-name","$v":"Sorter etter fornavn"},{"$i":"sort-by-last-name","$v":"Sorter etter etternavn"},{"$i":"no-support-open-multi-vcard","$v":"Kan ikke åpne vCard med flere kontakter"},{"$i":"import","$v":"Importer"},{"$i":"sdcard","$v":"Minnekort"},{"$i":"simcard","$v":"SIM-kort"},{"$i":"import-contacts","$v":"Importer kontakter"},{"$i":"simContacts-error","$v":"Kunne ikke importere kontakter fra SIM"},{"$i":"memoryCardContacts-error","$v":"Kunne ikke importere kontakter fra minnekort"},{"$i":"novCardFiles","$v":"Ingen kontakter er tilgjengelige på minnekortet."},{"$i":"fullDiskSpace-error","$v":"Lagringsplassen er full, kan ikke importere kontakter."},{"$i":"socialServiceContacts-error","$v":["Kan ikke importere kontakter fra ",{"t":"idOrVar","v":"service"},"."]},{"$i":"socialServiceContacts-noNetwork","$v":["Ingen internett-tilkobling, kan ikke importere kontakter fra ",{"t":"idOrVar","v":"service"},"."]},{"$i":"simContacts-reading","$v":"Leser kontakter fra SIM-kort …"},{"$i":"memoryCardContacts-reading","$v":"Leser kontakter fra minnekort …"},{"$i":"importContactsTitle","$v":"Importer kontakter"},{"$i":"retry","$v":"Prøv igjen"},{"$i":"noSimMsg","$v":"Sett inn eller lås opp SIM-kortet for å importere kontakter"},{"$i":"noSdcardMsg","$v":"Sett inn minnekort for å importere kontakter"},{"$i":"not-imported","$v":"Ikke importert"},{"$i":"imported","$v":"Importert"},{"$i":"importing","$v":"Importerer"},{"$i":"contact-imported","$v":[{"t":"idOrVar","v":"imported"}," kontakter importert. ",{"t":"idOrVar","v":"dupes"}," kontakter flettet."]},{"$i":"contact-imported2","$v":{"one":"1 kontakt importert.","zero":"Ingen kontakt importert.","few":[{"t":"idOrVar","v":"imported"}," kontakter importert."],"many":[{"t":"idOrVar","v":"imported"}," kontakter importert."],"other":[{"t":"idOrVar","v":"imported"}," kontakter importert."],"two":[{"t":"idOrVar","v":"imported"}," kontakter importert."]},"$x":[{"t":"idOrVar","v":"plural"},"imported"]},{"$i":"reading-contacts-from-sim","$v":"Leser kontakt(er) fra SIM-kort …"},{"$i":"reading-contacts-from-gmail","$v":"Leser kontakt(er) fra Gmail …"},{"$i":"reading-contacts-from-live","$v":"Leser kontakt(er) fra Outlook …"},{"$i":"reading-contacts-from-sd","$v":"Leser kontakt(er) fra minnekort …"},{"$i":"reading-contacts-from-vcard","$v":"Leser kontakt(er) fra fil …"},{"$i":"importing-contacts-from-sim","$v":"Importerer kontakt(er) fra SIM-kort …"},{"$i":"importing-contacts-from-gmail","$v":"Importerer kontakt(er) fra Gmail …"},{"$i":"importing-contacts-from-live","$v":"Importerer kontakt(er) fra Outlook …"},{"$i":"importing-contacts-from-sd","$v":"Importerer kontakt(er) fra minnekort …"},{"$i":"importing-contacts-from-vcard","$v":"Importerer kontakt(er) fra fil …"},{"$i":"connect-network-to-import","$v":"Koble til Wi-Fi eller datanettverk for å importere kontakter"},{"$i":"importing-confirm","$v":["Importere ",{"t":"idOrVar","v":"n"}," kontakt(er) fra filen «",{"t":"idOrVar","v":"fileName"},"»?"]},{"$i":"importing-cancel-confirm","$v":"0.0"},{"$i":"import-contact-failed","$v":"Importkontaktene mislyktes"},{"$i":"phone-storage-full","$v":"Telefonens lagringsplass er full.."},{"$i":"import-contact-storage-full","$v":"Kunne ikke importere kontakter. Slett appdata for å frigjøre plass."},{"$i":"contact-import-error-disk-full","$v":"Kontaktimport ikke fullført da lagringsplassen er full. Slett programdata for å frigjøre plass."},{"$i":"contact-import-error-sim-full","$v":"Import av kontakter ikke fullført fordi SIM-kortet er fullt."},{"$i":"contact-import-error-unknown","$v":"Import av kontakter er ufullstendig på grunn av en feil."},{"$i":"import-contacts-canceled","$v":"0.0"},{"$i":"close","$v":"Lukk"},{"$i":"import-process-cancel","$v":"Importprosessen kansellert."},{"$i":"import-limit-header","$v":"Filstørrelsesgrensen overskredet"},{"$i":"inner-import-limit-content","$v":"Eventuelle kontakter filstørrelse over 10MB er ikke importert."},{"$i":"activity-import-limit-contact","$v":"Kunne ikke importere kontaktene på grunn av filstørrelsesgrensen overskredet."},{"$i":"activity-import-limit-additional","$v":"(Filstørrelsen må være mindre enn 10MB.)"},{"$i":"bluetooth","$v":"Bluetooth"},{"$i":"export","$v":"Eksporter"},{"$i":"export-contacts","$v":"Eksporter kontakter"},{"$i":"simExport-title","$v":"Eksporter til SIM"},{"$i":"memoryCardExport-title","$v":"Eksporterer til minnekort ..."},{"$i":"btExport-title","$v":"Eksporter til Bluetooth"},{"$i":"noSimMsgExport","$v":"Sett inn eller lås opp SIM-kortet for å eksportere kontakter"},{"$i":"noSdcardExport","$v":"Sett inn et minnekort for å eksportere kontakter."},{"$i":"bluetoothNoConnection","$v":"Koble til en Bluetooth-enhet for å eksportere kontakter."},{"$i":"contact-exported","$v":[{"t":"idOrVar","v":"exported"}," kontakter eksportert."]},{"$i":"contact-exported2","$v":{"zero":"Ingen kontakt eksportert.","one":"1 kontakt eksportert.","few":[{"t":"idOrVar","v":"exported"}," kontakter eksportert."],"many":[{"t":"idOrVar","v":"exported"}," kontakter eksportert."],"other":[{"t":"idOrVar","v":"exported"}," kontakter eksportert."],"two":[{"t":"idOrVar","v":"exported"}," kontakter eksportert."]},"$x":[{"t":"idOrVar","v":"plural"},"exported"]},{"$i":"export-contact-failed","$v":"Kunne ikke eksportere kontakt"},{"$i":"contact-export-error-sim-full","$v":"Eksportering av kontakter er ikke fullført fordi SIM-kortet er fullt."},{"$i":"contact-export-error-sd-full","$v":"Eksporter kontakter som ikke er fullført på grunn av minnekortet, er fullt."},{"$i":"contact-export-error-unknown","$v":"Eksportkontakter er ikke fullført på grunn av en feil."},{"$i":"contact-export-canceled","$v":"Eksportprosessen er avbrutt."},{"$i":"save","$v":"Lagre"},{"$i":"back","$v":"Tilbake"},{"$i":"givenName","$v":"Fornavn"},{"$i":"familyName","$v":"Etternavn"},{"$i":"name","$v":"Navn"},{"$i":"org","$v":"Selskap"},{"$i":"ringtone","$v":"Ringetone"},{"$i":"note","$v":"Notat"},{"$i":"photo","$v":"Bilde"},{"$i":"email","$v":"E-post"},{"$i":"adr","$v":"Adresse"},{"$i":"custom","$v":"Egendefinert"},{"$i":"confirm-discard-contact-data","$v":"Kontaktinformasjon blir forkastet. Vil du lagre denne kontakten?"},{"$i":"confirm-discard-contact-update-data","$v":"Endringene blir forkastet. Vil du lagre denne kontakten?"},{"$i":"discard-contact-data","$v":"Alle endringer vil bli forkastet."},{"$i":"discard","$v":"Forkast"},{"$i":"add-others","$v":"Legg til andre"},{"$i":"custom-label","$v":"Tilpasset etikett"},{"$i":"input-the-custom-type","$v":"Angi tilpasset type"},{"$i":"contact-added","$v":"Kontakt lagt til."},{"$i":"delete-prompt-message","$v":["Slette ",{"t":"idOrVar","v":"field"},"?"]},{"$i":"delete-photo-msg","$v":"bilde"},{"$i":"delete-ringtone-msg","$v":"Ringetone"},{"$i":"delete-bday-msg","$v":"Fødselsdag"},{"$i":"delete-note-msg","$v":"Notat"},{"$i":"delete-org-msg","$v":"Selskap"},{"$i":"personal","$v":"Personlig"},{"$i":"mobile","$v":"Mobil"},{"$i":"current","$v":"Nåværende"},{"$i":"home","$v":"Hjem"},{"$i":"work","$v":"Arbeid"},{"$i":"other","$v":"Annet"},{"$i":"fax-home","$v":"Hjemmefaks"},{"$i":"fax-office","$v":"Kontorfaks"},{"$i":"fax-other","$v":"Annet faksnummer"},{"$i":"add-phone","$v":"Legg til telefon"},{"$i":"add-tel","$v":"Legg til telefon"},{"$i":"add-email","$v":"Legg til e-post"},{"$i":"add-ringtone","$v":"Legg til ringetone"},{"$i":"add-adr","$v":"Legg til adresse"},{"$i":"add-bday","$v":"Legg til fødselsdag"},{"$i":"add-photo","$v":"Legg til bilde"},{"$i":"add-note","$v":"Legg til notat"},{"$i":"add-org","$v":"Legg til selskap"},{"$i":"add-tel-number","$v":"Legg til telefonnummer"},{"$i":"delete-tel","$v":"Slett telefonnummer"},{"$i":"delete-email","$v":"Slett e-post"},{"$i":"delete-ringtone","$v":"Slett ringetone"},{"$i":"delete-adr","$v":"Slett adresse"},{"$i":"delete-bday","$v":"Slett fødselsdag"},{"$i":"delete-photo","$v":"Slett bilde"},{"$i":"delete-note","$v":"Slett notat"},{"$i":"delete-org","$v":"Slett selskap"},{"$i":"edit-tel-type","$v":"Rediger telefontype"},{"$i":"edit-email-type","$v":"Rediger e-posttype"},{"$i":"edit-adr-type","$v":"Rediger adressetype"},{"$i":"edit-bday-type","$v":"Rediger fødselsdag"},{"$i":"replace-photo","$v":"Endre bilde"},{"$i":"replace-ringtone","$v":"Endre ringetone"},{"$i":"mobile-tel","$v":"Mobiltelefon"},{"$i":"home-tel","$v":"Hjemmetelefon"},{"$i":"work-tel","$v":"Arbeidstelefon"},{"$i":"personal-tel","$v":"Personlig telefon"},{"$i":"fax-home-tel","$v":"Hjemmefaks"},{"$i":"fax-office-tel","$v":"Kontorfaks"},{"$i":"fax-other-tel","$v":"Annet faksnummer"},{"$i":"other-tel","$v":"Annen telefon"},{"$i":"personal-email","$v":"Personlig e-post"},{"$i":"work-email","$v":"Arbeid e-post"},{"$i":"other-email","$v":"Annen e-post"},{"$i":"custom-email","$v":[{"t":"idOrVar","v":"type"},"-e-post"]},{"$i":"custom-tel","$v":[{"t":"idOrVar","v":"type"}," telefon"]},{"$i":"personal-adr","$v":"Personlig adresse"},{"$i":"current-adr","$v":"Nåværende adresse"},{"$i":"home-adr","$v":"Hjemmeadresse"},{"$i":"work-adr","$v":"Arbeidsadresse"},{"$i":"custom-adr","$v":[{"t":"idOrVar","v":"type"}," adresse"]},{"$i":"bday","$v":"Fødselsdag"},{"$i":"birthday","$v":"Fødselsdag"},{"$i":"streetAddress","$v":"Gate"},{"$i":"locality","$v":"Poststed"},{"$i":"postalCode","$v":"Postnummer"},{"$i":"countryName","$v":"Land"},{"$i":"region","$v":"Delstat"},{"$i":"no-name","$v":"Ingen navn"},{"$i":"new-contact","$v":"Ny kontakt"},{"$i":"options","$v":"Valg"},{"$i":"cancel","$v":"Avbryt"},{"$i":"settings","$v":"Innstillinger"},{"$i":"edit","$v":"Rediger"},{"$i":"share","$v":"Del"},{"$i":"remove","$v":"Fjern"},{"$i":"compose","$v":"Skriv"},{"$i":"new-contact-title","$v":"Ny kontakt"},{"$i":"edit-title","$v":"Rediger kontakt"},{"$i":"music","$v":"Musikk"},{"$i":"adr-type","$v":"Adressetype"},{"$i":"email-type","$v":"E-posttype"},{"$i":"tel-type","$v":"Telefontype"},{"$i":"ICEContactsGroup","$v":"ICE-kontakter"},{"$i":"setICEButton","$v":"Angi ICE-kontakter"},{"$i":"ICESettingTitle","$v":"ICE-kontakter"},{"$i":"ICEDescription","$v":"Legg til fem kontakter for å foreta «I nødstilfelle»-anrop."},{"$i":"ICEContact","$v":["ICE-kontakt ",{"t":"idOrVar","v":"n"}]},{"$i":"ICESelectContact","$v":"Velg en kontakt"},{"$i":"delete-ice-contact-warning","$v":"Er du sikker på at du vil fjerne ICE-kontakten?"},{"$i":"confirm","$v":"Bekreftelse"},{"$i":"add-ice-failed","$v":"Legg til ICE Failed"},{"$i":"create-group","$v":"Opprett gruppe"},{"$i":"group-name","$v":"Gruppenavn"},{"$i":"group","$v":"GRUPPE"},{"$i":"new-group-created","$v":"Ny gruppe er opprettet."},{"$i":"create-group-failed","$v":"Opprett gruppe mislyktes."},{"$i":"create-group-too-many","$v":["Du kan kun opprette ",{"t":"idOrVar","v":"number"}," grupper."]},{"$i":"create-group-duplicate","$v":"Dupliser navn."},{"$i":"rename-group-failed","$v":"Gi nytt navn til gruppen mislyktes."},{"$i":"new-group","$v":"Ny"},{"$i":"rename","$v":"Bytt navn"},{"$i":"duplicate-removed","$v":"Duplisert(e) kontakt(er) fjernet."},{"$i":"add-to-group","$v":"Legg til i gruppe"},{"$i":"remove-from-group","$v":"Fjern fra gruppe"},{"$i":"added-to","$v":["Lagt til ",{"t":"idOrVar","v":"group"}]},{"$i":"removed-from","$v":["Fjernet fra ",{"t":"idOrVar","v":"group"}]},{"$i":"select-group","$v":"Velg gruppe"},{"$i":"rename-group","$v":"Gi nytt navn til gruppen"},{"$i":"delete-group","$v":["Er du sikker på at du vil slette ",{"t":"idOrVar","v":"group"},"?"]},{"$i":"unable-add-warn","$v":"Kan ikke legge til kontokontakt i gruppen."},{"$i":"edit-contact","$v":"Rediger kontakt"},{"$i":"send-message","$v":"Send melding"},{"$i":"call","$v":"Ring"},{"$i":"call-sim-1","$v":"Ring – SIM 1"},{"$i":"call-sim-2","$v":"Ring – SIM 2"},{"$i":"send-email","$v":"Send e-post"},{"$i":"choose-number","$v":"Velg nummer"},{"$i":"choose-email-address","$v":"Velg E-post"},{"$i":"delete","$v":"Slett"},{"$i":"select","$v":"Velg"},{"$i":"select-all","$v":"Velg alle"},{"$i":"select-all2","$v":"Alle"},{"$i":"deselect-all","$v":"Velg bort alle"},{"$i":"deselect-all2","$v":"Ingen"},{"$i":"deselect","$v":"Velg bort"},{"$i":"selected-contacts","$v":{"few":[{"t":"idOrVar","v":"n"}," valgt"],"many":[{"t":"idOrVar","v":"n"}," valgt"],"one":[{"t":"idOrVar","v":"n"}," valgt"],"other":[{"t":"idOrVar","v":"n"}," valgt"],"two":[{"t":"idOrVar","v":"n"}," valgt"],"zero":"ingen valgt"},"$x":[{"t":"idOrVar","v":"plural"},"n"]},{"$i":"massive-delete","$v":"Slett kontakter"},{"$i":"confirm-contact-delete","$v":["Er du sikker på at du vil slette kontakten \"",{"t":"idOrVar","v":"name"},"\"?"]},{"$i":"DeletedTxt","$v":{"few":[{"t":"idOrVar","v":"n"}," kontakter fjernet"],"many":[{"t":"idOrVar","v":"n"}," kontakter fjernet"],"one":"1 kontakt fjernet","other":[{"t":"idOrVar","v":"n"}," kontakter fjernet"],"two":[{"t":"idOrVar","v":"n"}," kontakter fjernet"],"zero":"Ingen kontakter å slette"},"$x":[{"t":"idOrVar","v":"plural"},"n"]},{"$i":"DeletingContacts","$v":"Slett kontakter"},{"$i":"DeletingContactsProgressing","$v":"Sletter kontakter"},{"$i":"ContactConfirmDel","$v":{"few":["Slette ",{"t":"idOrVar","v":"n"}," kontakter? Dette kan ikke angres."],"many":["Slette ",{"t":"idOrVar","v":"n"}," kontakter? Dette kan ikke angres."],"one":"Slette 1 kontakt? Dette kan ikke angres.","other":["Slette ",{"t":"idOrVar","v":"n"}," kontakter? Dette kan ikke angres."],"two":["Slette ",{"t":"idOrVar","v":"n"}," kontakter? Dette kan ikke angres."],"zero":"Ingen kontakter å slette"},"$x":[{"t":"idOrVar","v":"plural"},"n"]},{"$i":"contact-deleted","$v":{"zero":"0.0","one":"1 kontakt slettet.","few":[{"t":"idOrVar","v":"n"}," kontakter slettet."],"many":[{"t":"idOrVar","v":"n"}," kontakter slettet."],"other":[{"t":"idOrVar","v":"n"}," kontakter slettet."],"two":[{"t":"idOrVar","v":"n"}," kontakter slettet."]},"$x":[{"t":"idOrVar","v":"plural"},"n"]},{"$i":"a-contact-deleted","$v":"Kontakten er slettet."},{"$i":"settings-title","$v":"Kontaktinnstillinger"},{"$i":"change-will-update-until-restart","$v":"Endringer oppdateres neste gang Kontakter blir lansert."},{"$i":"transfer-contacts","$v":"Overfør kontakter"},{"$i":"service-number","$v":"Tjenestenummer"},{"$i":"no-contacts-found","$v":"Fant ingen match."},{"$i":"search","$v":"Søk i kontakter","placeholder":"Søk i kontakter"},{"$i":"search-option","$v":"Søk"},{"$i":"accounts","$v":"Kontoer"},{"$i":"account","$v":"Konto"},{"$i":"add-account","$v":"Legg til konto"},{"$i":"add-account-failed","$v":"Det har oppstått en uventet feil, prøv igjen senere."},{"$i":"duplicate-account-warn","$v":"Konto eksisterer allerede. Synkronisering er slått på."},{"$i":"setting-up-account","$v":"Konfigurere konto"},{"$i":"no-network-warn","$v":"Ingen internett-tilkobling."},{"$i":"username","$v":"Brukernavn"},{"$i":"password","$v":"Passord"},{"$i":"delete-account","$v":"Slett konto"},{"$i":"delete-account-long","$v":"Slett konto"},{"$i":"delete-account-warn","$v":"Dersom du sletter denne kontoen, vil apper som bruker denne kontoen også bli påvirket."},{"$i":"deleting-account","$v":"Sletter konto ..."},{"$i":"delete-account-failed","$v":"Kontoen ble ikke slettet. Prøv igjen senere."},{"$i":"delete-account-ok","$v":"Kontoen slettet."},{"$i":"sync","$v":"Synkroniser"},{"$i":"sync-title","$v":"Kontaktsynkronisering"},{"$i":"sync-failed-warn","$v":"Kan ikke synkroniseres."},{"$i":"sync-off-warn","$v":"Synkroniseringen er slått av på Innstillinger."},{"$i":"show-account-contacts","$v":"Vis kontokontakter"},{"$i":"sync-account-contacts","$v":"synkroniser kontokontakter"},{"$i":"sync-account-contacts-warning","$v":["Enhver kontaktredigering for konto synkroniseres ikke med skyen når \"",{"t":"idOrVar","v":"switch"},"\" ikke er merket av. Vil du fortsatt fjerne merkingen for dette?"]},{"$i":"yes","$v":"Ja"},{"$i":"all-contacts-synced","$v":"Alle kontakter er synkronisert."},{"$i":"contact-syncing","$v":"Kontakt informasjon Synkronisering ..."},{"$i":"contacts-sync-limit-exceed","$v":"Kontaktsynkronisering er ikke fullført da kontaktgrensen er overskredet."},{"$i":"show-password","$v":"Vis passord"},{"$i":"password-incorrect","$v":"Passord feil."},{"$i":"re-enter-password","$v":"Skriv inn passord på nytt"},{"$i":"accessing-warn","$v":"Det oppstod et problem med kontoen."},{"$i":"accessing-warn-password","$v":"Angi passordet på nytt."},{"$i":"re-enter-password-on-setting","$v":"Vennligst skriv inn passordet på Kontakterinnstilling."},{"$i":"accessing-warn-relogin","$v":"Slett kontoen og logg deg på igjen."},{"$i":"update-password-failed","$v":"Kunne ikke oppdatere passordet. Prøv igjen senere."},{"$i":"connect-time-out","$v":["Kan ikke etablere tilkobling til \"",{"t":"idOrVar","v":"server"},"\". Det kan være et problem med nettverket."]},{"$i":"server-error","$v":"Serveren er utilgjengelig. Prøv igjen senere."},{"$i":"loading","$v":"Laster …"},{"$i":"ellipsis","$v":"..."},{"$i":"stop-syncing-warn-title","$v":"Kontakter synkronisering"},{"$i":"stop-syncing-warn","$v":"Å lukke appen vil stoppe kontaktsynkroniseringsprosessen. Vil du fremdeles lukke den?"},{"$i":"weekday-0-long","$v":"Søndag"},{"$i":"weekday-1-long","$v":"Mandag"},{"$i":"weekday-2-long","$v":"Tirsdag"},{"$i":"weekday-3-long","$v":"Onsdag"},{"$i":"weekday-4-long","$v":"Torsdag"},{"$i":"weekday-5-long","$v":"Fredag"},{"$i":"weekday-6-long","$v":"Lørdag"},{"$i":"weekday-0-short","$v":"Sø."},{"$i":"weekday-1-short","$v":"Ma."},{"$i":"weekday-2-short","$v":"Ti."},{"$i":"weekday-3-short","$v":"On."},{"$i":"weekday-4-short","$v":"To."},{"$i":"weekday-5-short","$v":"Fr."},{"$i":"weekday-6-short","$v":"Lø."},{"$i":"month-0-long","$v":"Januar"},{"$i":"month-1-long","$v":"Februar"},{"$i":"month-2-long","$v":"Mars"},{"$i":"month-3-long","$v":"April"},{"$i":"month-4-long","$v":"Mai"},{"$i":"month-5-long","$v":"Juni"},{"$i":"month-6-long","$v":"Juli"},{"$i":"month-7-long","$v":"August"},{"$i":"month-8-long","$v":"September"},{"$i":"month-9-long","$v":"Oktober"},{"$i":"month-10-long","$v":"November"},{"$i":"month-11-long","$v":"Desember"},{"$i":"month-0-genitive","$v":"Januar"},{"$i":"month-1-genitive","$v":"Februar"},{"$i":"month-2-genitive","$v":"Mars"},{"$i":"month-3-genitive","$v":"April"},{"$i":"month-4-genitive","$v":"Mai"},{"$i":"month-5-genitive","$v":"Juni"},{"$i":"month-6-genitive","$v":"Juli"},{"$i":"month-7-genitive","$v":"August"},{"$i":"month-8-genitive","$v":"September"},{"$i":"month-9-genitive","$v":"Oktober"},{"$i":"month-10-genitive","$v":"November"},{"$i":"month-11-genitive","$v":"Desember"},{"$i":"month-0-short","$v":"Jan."},{"$i":"month-1-short","$v":"Feb."},{"$i":"month-2-short","$v":"Mars"},{"$i":"month-3-short","$v":"Apr."},{"$i":"month-4-short","$v":"Mai"},{"$i":"month-5-short","$v":"Juni"},{"$i":"month-6-short","$v":"Juli"},{"$i":"month-7-short","$v":"Aug."},{"$i":"month-8-short","$v":"Sep."},{"$i":"month-9-short","$v":"Okt."},{"$i":"month-10-short","$v":"Nov."},{"$i":"month-11-short","$v":"Des."},{"$i":"minutes-ago-long","$v":{"few":[{"t":"idOrVar","v":"value"}," minutter siden"],"many":[{"t":"idOrVar","v":"value"}," minutter siden"],"other":[{"t":"idOrVar","v":"value"}," minutter siden"],"two":[{"t":"idOrVar","v":"value"}," minutter siden"],"one":"et minutt siden","zero":"akkurat nå"},"$x":[{"t":"idOrVar","v":"plural"},"value"]},{"$i":"hours-ago-long","$v":{"few":[{"t":"idOrVar","v":"value"}," timer siden"],"many":[{"t":"idOrVar","v":"value"}," timer siden"],"other":[{"t":"idOrVar","v":"value"}," timer siden"],"two":[{"t":"idOrVar","v":"value"}," timer siden"],"one":"1 time siden","zero":"akkurat nå"},"$x":[{"t":"idOrVar","v":"plural"},"value"]},{"$i":"days-ago-long","$v":{"few":[{"t":"idOrVar","v":"value"}," dager siden"],"many":[{"t":"idOrVar","v":"value"}," dager siden"],"one":"i går","other":[{"t":"idOrVar","v":"value"}," dager siden"],"two":[{"t":"idOrVar","v":"value"}," dager siden"],"zero":"i dag"},"$x":[{"t":"idOrVar","v":"plural"},"value"]},{"$i":"weeks-ago-long","$v":{"few":[{"t":"idOrVar","v":"value"}," uker siden"],"many":[{"t":"idOrVar","v":"value"}," uker siden"],"one":"sist uke","other":[{"t":"idOrVar","v":"value"}," uker siden"],"two":[{"t":"idOrVar","v":"value"}," uker siden"],"zero":"denne uken"},"$x":[{"t":"idOrVar","v":"plural"},"value"]},{"$i":"months-ago-long","$v":{"few":[{"t":"idOrVar","v":"value"}," måneder siden"],"many":[{"t":"idOrVar","v":"value"}," måneder siden"],"one":"sist måned","other":[{"t":"idOrVar","v":"value"}," måneder siden"],"two":[{"t":"idOrVar","v":"value"}," måneder siden"],"zero":"denne måneden"},"$x":[{"t":"idOrVar","v":"plural"},"value"]},{"$i":"years-ago-long","$v":{"few":[{"t":"idOrVar","v":"value"}," år siden"],"many":[{"t":"idOrVar","v":"value"}," år siden"],"one":"i fjor","other":[{"t":"idOrVar","v":"value"}," år siden"],"two":[{"t":"idOrVar","v":"value"}," år siden"],"zero":"i år"},"$x":[{"t":"idOrVar","v":"plural"},"value"]},{"$i":"minutes-until-long","$v":{"few":["om ",{"t":"idOrVar","v":"value"}," minutter"],"many":["om ",{"t":"idOrVar","v":"value"}," minutter"],"other":["om ",{"t":"idOrVar","v":"value"}," minutter"],"two":["om ",{"t":"idOrVar","v":"value"}," minutter"],"zero":"nå","one":"om 1 minutt"},"$x":[{"t":"idOrVar","v":"plural"},"value"]},{"$i":"hours-until-long","$v":{"few":["om ",{"t":"idOrVar","v":"value"}," timer"],"many":["om ",{"t":"idOrVar","v":"value"}," timer"],"other":["om ",{"t":"idOrVar","v":"value"}," timer"],"two":["om ",{"t":"idOrVar","v":"value"}," timer"],"zero":"nå","one":"om 1 time"},"$x":[{"t":"idOrVar","v":"plural"},"value"]},{"$i":"days-until-long","$v":{"few":["om ",{"t":"idOrVar","v":"value"}," dager"],"many":["om ",{"t":"idOrVar","v":"value"}," dager"],"one":"i morgen","other":["om ",{"t":"idOrVar","v":"value"}," dager"],"two":["om ",{"t":"idOrVar","v":"value"}," dager"],"zero":"i dag"},"$x":[{"t":"idOrVar","v":"plural"},"value"]},{"$i":"weeks-until-long","$v":{"few":["om ",{"t":"idOrVar","v":"value"}," uker"],"many":["om ",{"t":"idOrVar","v":"value"}," uker"],"one":"neste uke","other":["om ",{"t":"idOrVar","v":"value"}," uker"],"two":["om ",{"t":"idOrVar","v":"value"}," uker"],"zero":"denne uken"},"$x":[{"t":"idOrVar","v":"plural"},"value"]},{"$i":"months-until-long","$v":{"few":["om ",{"t":"idOrVar","v":"value"}," måneder"],"many":["om ",{"t":"idOrVar","v":"value"}," måneder"],"one":"neste måned","other":["om ",{"t":"idOrVar","v":"value"}," måneder"],"two":["om ",{"t":"idOrVar","v":"value"}," måneder"],"zero":"denne måneden"},"$x":[{"t":"idOrVar","v":"plural"},"value"]},{"$i":"years-until-long","$v":{"few":["om ",{"t":"idOrVar","v":"value"}," år"],"many":["om ",{"t":"idOrVar","v":"value"}," år"],"one":"neste år","other":["om ",{"t":"idOrVar","v":"value"}," år"],"two":["om ",{"t":"idOrVar","v":"value"}," år"],"zero":"i år"},"$x":[{"t":"idOrVar","v":"plural"},"value"]},{"$i":"minutes-ago-short","$v":{"other":[{"t":"idOrVar","v":"value"}," m siden"],"zero":"akkurat nå"},"$x":[{"t":"idOrVar","v":"plural"},"value"]},{"$i":"hours-ago-short","$v":{"other":[{"t":"idOrVar","v":"value"}," t siden"],"zero":"akkurat nå"},"$x":[{"t":"idOrVar","v":"plural"},"value"]},{"$i":"days-ago-short","$v":{"other":[{"t":"idOrVar","v":"value"}," d siden"],"zero":"i dag"},"$x":[{"t":"idOrVar","v":"plural"},"value"]},{"$i":"minutes-until-short","$v":{"other":["om ",{"t":"idOrVar","v":"value"},"m"],"zero":"nå"},"$x":[{"t":"idOrVar","v":"plural"},"value"]},{"$i":"hours-until-short","$v":{"other":["om ",{"t":"idOrVar","v":"value"},"t"],"zero":"nå"},"$x":[{"t":"idOrVar","v":"plural"},"value"]},{"$i":"days-until-short","$v":{"other":["om ",{"t":"idOrVar","v":"value"},"d"],"zero":"i dag"},"$x":[{"t":"idOrVar","v":"plural"},"value"]},{"$i":"incorrectDate","$v":"(feil dato)"},{"$i":"dateTimeFormat_%c","$v":"%a %b %e %Y %I:%M:%S %p"},{"$i":"dateTimeFormat_%x","$v":"%m/%d/%Y"},{"$i":"dateTimeFormat_%X","$v":"%I:%M:%S %p"},{"$i":"shortTimeFormat","$v":"%I:%M %p"},{"$i":"shortTimeFormat12","$v":"%I:%M %p"},{"$i":"shortTimeFormat24","$v":"%H:%M"},{"$i":"shortDateTimeFormat","$v":"%x %I:%M %p"},{"$i":"weekStartsOnMonday","$v":"0.0"},{"$i":"firstDayOfTheWeek","$v":"1.0"},{"$i":"time_am","$v":"AM"},{"$i":"time_pm","$v":"PM"},{"$i":"sim-with-index-and-carrier","$v":["SIM ",{"t":"idOrVar","v":"index"}," - ",{"t":"idOrVar","v":"carrier"}]},{"$i":"sim-without-carrier","$v":["SIM ",{"t":"idOrVar","v":"index"}]}]