[{"$i":"contacts","$v":"सम्पर्कहरू"},{"$i":"view","$v":"हेर्नुहोस्"},{"$i":"no-contacts","$v":"कुनै सम्पर्कहरू छैनन्"},{"$i":"reading-contacts","$v":"सम्पर्कहरु लोड हुँदै"},{"$i":"start-adding","$v":"सम्पर्कहरू थप्नको लागि नयाँ थिच्नुहोस् वा सेटिङहरूमा जानुहोस्।"},{"$i":"no-contact-available","$v":"कुनै सम्पर्क उपलब्ध छैन"},{"$i":"requested-contact-not-available","$v":"विद्यमान सम्पर्कहरूमा अनुपलब्ध जानकारी अनुरोध गरियो"},{"$i":"cannot-add-as-empty","$v":"तपाईंको सम्पर्क सूची खाली हुनाले सम्पर्कहरू थप्न सकिंदैन"},{"$i":"ok","$v":"ठीक छ"},{"$i":"no-phone-number-to-dial","$v":"डायल गर्नको लागि फोन नम्बर छैन"},{"$i":"video-call","$v":"भिडियोकल"},{"$i":"rtt-call","$v":"आर.टि.टि कल गर्नुहोस्"},{"$i":"select-a-contact","$v":"सम्पर्क चयन गर्नुहोस्"},{"$i":"multi-pick-max-warn","$v":["अधिकतम चयन गरिएको गणना ",{"t":"idOrVar","v":"n"}," हो"]},{"$i":"add-contact-failed","$v":"सम्पर्क थप्न असफल भयो"},{"$i":"no-sim-card-available","$v":"SIMकार्डउपलब्धछैन"},{"$i":"email-cannot-add-to-sim","$v":"हालको मेमोरी चयनद्वारा इमेल समर्थित छैन।"},{"$i":"add-info-failed","$v":"जानकारी थप्न असफल भयो"},{"$i":"no-contact-to-add","$v":"थप्नको लागि कुनै पनि उपलब्ध सम्पर्क छैन।"},{"$i":"move","$v":"सार्नुहोस्"},{"$i":"copy","$v":"प्रतिलिपि बनाउनुहोस्"},{"$i":"copy-contacts","$v":"सम्पर्कहरू प्रतिलिपि गर्नुहोस्"},{"$i":"move-contacts","$v":"सम्पर्कहरू सार्नुहोस्"},{"$i":"phone-memory","$v":"फोन मेमोरी"},{"$i":"sim-memory","$v":"सिम मेमोरी"},{"$i":"sim-0-memory","$v":"सिम1मेमोरी"},{"$i":"sim-1-memory","$v":"सिम2मेमोरी"},{"$i":"move-from","$v":"बाट सार्नुहोस्"},{"$i":"copy-from","$v":"बाट प्रतिलिपि गर्नुहोस्"},{"$i":"to","$v":"सम्म"},{"$i":"move-contacts-progressing","$v":"सम्पर्क(हरू) सार्ने...."},{"$i":"copy-contacts-progressing","$v":"सम्पर्क(हरू)को प्रतिलिपि बनाउने.."},{"$i":"contact-move-to-sim","$v":{"few":[{"t":"idOrVar","v":"migrated"}," सम्पर्क(हरू) को सिममा सारियो."],"many":[{"t":"idOrVar","v":"migrated"}," सम्पर्क(हरू) को सिममा सारियो."],"one":"सिममा 1 सम्पर्कको सारियो.","other":[{"t":"idOrVar","v":"migrated"}," सम्पर्क(हरू) को सिममा सारियो."],"two":[{"t":"idOrVar","v":"migrated"}," सम्पर्क(हरू) को सिममा सारियो."],"zero":"सिममा कुनै पनि सम्पर्कको सारिएन."},"$x":[{"t":"idOrVar","v":"plural"},"migrated"]},{"$i":"contact-copy-to-sim","$v":{"few":[{"t":"idOrVar","v":"migrated"}," सम्पर्क(हरू) को सिममा प्रतिलिपि बनाइयो."],"many":[{"t":"idOrVar","v":"migrated"}," सम्पर्क(हरू) को सिममा प्रतिलिपि बनाइयो."],"one":"सिममा 1 सम्पर्कको प्रतिलिपि बनाइयो.","other":[{"t":"idOrVar","v":"migrated"}," सम्पर्क(हरू) को सिममा प्रतिलिपि बनाइयो."],"two":[{"t":"idOrVar","v":"migrated"}," सम्पर्क(हरू) को सिममा प्रतिलिपि बनाइयो."],"zero":"सिममा कुनै पनि सम्पर्कको प्रतिलिपि गरिएन."},"$x":[{"t":"idOrVar","v":"plural"},"migrated"]},{"$i":"contact-move-to-sim0","$v":{"few":[{"t":"idOrVar","v":"migrated"}," सम्पर्क(हरू) को सिम 1 मा सारियो."],"many":[{"t":"idOrVar","v":"migrated"}," सम्पर्क(हरू) को सिम 1 मा सारियो."],"one":"सिम 1 मा 1 सम्पर्कको सारियो.","other":[{"t":"idOrVar","v":"migrated"}," सम्पर्क(हरू) को सिम 1 मा सारियो."],"two":[{"t":"idOrVar","v":"migrated"}," सम्पर्क(हरू) को सिम 1 मा सारियो."],"zero":"सिम 1 मा कुनै पनि सम्पर्कको सारिएन."},"$x":[{"t":"idOrVar","v":"plural"},"migrated"]},{"$i":"contact-copy-to-sim0","$v":{"few":[{"t":"idOrVar","v":"migrated"}," सम्पर्क(हरू) को सिम 1 मा प्रतिलिपि बनाइयो."],"many":[{"t":"idOrVar","v":"migrated"}," सम्पर्क(हरू) को सिम 1 मा प्रतिलिपि बनाइयो."],"one":"सिम 1 मा 1 सम्पर्कको प्रतिलिपि बनाइयो.","other":[{"t":"idOrVar","v":"migrated"}," सम्पर्क(हरू) को सिम 1 मा प्रतिलिपि बनाइयो."],"two":[{"t":"idOrVar","v":"migrated"}," सम्पर्क(हरू) को सिम 1 मा प्रतिलिपि बनाइयो."],"zero":"सिम 1 मा कुनै पनि सम्पर्कको प्रतिलिपि गरिएन."},"$x":[{"t":"idOrVar","v":"plural"},"migrated"]},{"$i":"contact-move-to-sim1","$v":{"few":[{"t":"idOrVar","v":"migrated"}," सम्पर्क(हरू) को सिम 2 मा सारियो."],"many":[{"t":"idOrVar","v":"migrated"}," सम्पर्क(हरू) को सिम 2 मा सारियो."],"one":"सिम 2 मा 1 सम्पर्कको सारियो.","other":[{"t":"idOrVar","v":"migrated"}," सम्पर्क(हरू) को सिम 2 मा सारियो."],"two":[{"t":"idOrVar","v":"migrated"}," सम्पर्क(हरू) को सिम 2 मा सारियो."],"zero":"सिम 2 मा कुनै पनि सम्पर्कको सारिएन."},"$x":[{"t":"idOrVar","v":"plural"},"migrated"]},{"$i":"contact-copy-to-sim1","$v":{"few":[{"t":"idOrVar","v":"migrated"}," सम्पर्क(हरू) को सिम 2 मा प्रतिलिपि बनाइयो."],"many":[{"t":"idOrVar","v":"migrated"}," सम्पर्क(हरू) को सिम 2 मा प्रतिलिपि बनाइयो."],"one":"सिम 2 मा 1 सम्पर्कको प्रतिलिपि बनाइयो.","other":[{"t":"idOrVar","v":"migrated"}," सम्पर्क(हरू) को सिम 2 मा प्रतिलिपि बनाइयो."],"two":[{"t":"idOrVar","v":"migrated"}," सम्पर्क(हरू) को सिम 2 मा प्रतिलिपि बनाइयो."],"zero":"सिम 2 मा कुनै पनि सम्पर्कको प्रतिलिपि गरिएन."},"$x":[{"t":"idOrVar","v":"plural"},"migrated"]},{"$i":"contact-move-to-device","$v":{"one":"यन्त्रमा 1 सम्पर्कको सारियो.","zero":"यन्त्रमा कुनै पनि सम्पर्कको सारिएन.","few":[{"t":"idOrVar","v":"migrated"}," सम्पर्क(हरू) को यन्त्रमा सारियो."],"many":[{"t":"idOrVar","v":"migrated"}," सम्पर्क(हरू) को यन्त्रमा सारियो."],"other":[{"t":"idOrVar","v":"migrated"}," सम्पर्क(हरू) को यन्त्रमा सारियो."],"two":[{"t":"idOrVar","v":"migrated"}," सम्पर्क(हरू) को यन्त्रमा सारियो."]},"$x":[{"t":"idOrVar","v":"plural"},"migrated"]},{"$i":"contact-copy-to-device","$v":{"one":"यन्त्रमा 1 सम्पर्कको प्रतिलिपि बनाइयो.","zero":"यन्त्रमा कुनै पनि सम्पर्कको प्रतिलिपि गरिएन.","few":[{"t":"idOrVar","v":"migrated"}," सम्पर्क(हरू) को यन्त्रमा प्रतिलिपि बनाइयो."],"many":[{"t":"idOrVar","v":"migrated"}," सम्पर्क(हरू) को यन्त्रमा प्रतिलिपि बनाइयो."],"other":[{"t":"idOrVar","v":"migrated"}," सम्पर्क(हरू) को यन्त्रमा प्रतिलिपि बनाइयो."],"two":[{"t":"idOrVar","v":"migrated"}," सम्पर्क(हरू) को यन्त्रमा प्रतिलिपि बनाइयो."]},"$x":[{"t":"idOrVar","v":"plural"},"migrated"]},{"$i":"copy-contact-failed","$v":"सम्पर्कहरूको प्रतिलिपि बनाउन असफल भयो"},{"$i":"move-contact-failed","$v":"सम्पर्कहरू सार्न असफल भयो"},{"$i":"contact-copy-error-sim-full","$v":"सिम कार्ड पूर्ण भएको कारणले सम्पर्कहरूको प्रतिलिपि बनाउने कार्य पूरा भएन।"},{"$i":"contact-copy-error-unknown","$v":"त्रुटिको कारणले सम्पर्कहरूको प्रतिलिपि बनाउने कार्य पूरा भएन।"},{"$i":"contact-copy-error-limit-exceeded","$v":"फोन सम्पर्कहरूको सीमा नाँघेको कारणले सम्पर्कहरू प्रतिलिपि कार्य असफल भयो।"},{"$i":"contact-move-error-sim-full","$v":"सिम कार्ड पूर्ण भएकोले सम्पर्कहरू सार्ने पूरा हुन्न।"},{"$i":"contact-move-error-unknown","$v":"त्रुटिको कारणले सम्पर्कहरू सार्ने कार्य पूरा भएन।"},{"$i":"contact-move-error-limit-exceeded","$v":"फोन सम्पर्कहरूको सीमा नाँघेको कारणले सम्पर्कहरू लैजानुहोस् कार्य असफल भयो।"},{"$i":"contact-save-error-unknown","$v":"अज्ञात त्रुटिका कारण सम्पर्क बचत गर्ने कार्य पूरा हुन्न।"},{"$i":"memory","$v":"मेमोरी"},{"$i":"phone-and-sim","$v":"फोन र सिम"},{"$i":"phone","$v":"फोन"},{"$i":"sim","$v":"SIM"},{"$i":"reloading-contact","$v":"सम्पर्कहरू रिलोड गर्दै.."},{"$i":"contact-reloaded","$v":"सम्पर्कहरू रिलोड गरियो"},{"$i":"message","$v":"सन्देश"},{"$i":"changes-saved","$v":"परिवर्तनहरू बचत गरियो।"},{"$i":"already-ice-contact","$v":"यो सम्पर्क पहिले नै ICE सम्पर्क हो"},{"$i":"phone-contacts-limit-exceeded","$v":"फोन सम्पर्कको सीमा नाघ्यो।"},{"$i":"sim-contacts-limit-exceeded","$v":"सिम सम्पर्कको सीमा नाघ्यो।"},{"$i":"more-info","$v":"बढी"},{"$i":"callAirplaneModeTitle","$v":"विमान मोड सक्रिय भयो"},{"$i":"callAirplaneModeMessage","$v":"सम्पर्क राख्न चाहनु हुन्छ भनी तपाईंले सेटिङहरूमा गएर हवाइजहाज मोडलाई असक्षम गर्नुपर्छ"},{"$i":"emergencyDialogTitle","$v":"नेटवर्क जडान छैन"},{"$i":"emergencyDialogBodyBadNumber","$v":"सम्पर्क राख्न चाहनु हुन्छ भनि फोनलाई नेटवर्कमा जडान गरिएको हुनुपर्छ"},{"$i":"emergencyDialogBodyDeviceNotAccepted","$v":"आपतकालीन कलहरू नेटवर्कद्वारा अनुमति छैन्।"},{"$i":"invalidNumberToDialTitle","$v":"अवैधानिक फोन नम्बर"},{"$i":"invalidNumberToDialMessage","$v":"तपाईंले सम्पर्क गर्नु भएको फोन उपलब्ध छैन्"},{"$i":"invalidNumberToSendTitle","$v":"अवैधानिक फोन नम्बर"},{"$i":"invalidNumberToSendMessage","$v":"तपाईंले मेसेजिङ गर्नुभइरहेको फोन नम्बर मान्य छैन।"},{"$i":"emergency-call-only","$v":"आपतकालीन कल मात्र"},{"$i":"emergency-call-error","$v":[{"t":"idOrVar","v":"number"}," आकस्मिक नम्बर होइन।"]},{"$i":"numberIsBusyTitle","$v":"नम्बर ब्यस्त छ"},{"$i":"numberIsBusyMessage","$v":"नम्बर हालैमा व्यस्त छ। कृपया पछि फेरि प्रयास गर्नुहोस्।"},{"$i":"fdnIsActiveTitle","$v":"FDN सक्रिय"},{"$i":"fdnIsActiveMessage","$v":["FDN (फिक्स्ड डायलिङ नम्बर) सक्रिय भयो र तपाईंको FDN नम्बर निम्नलिखित सुचीमा छैन्: ",{"t":"idOrVar","v":"number"}]},{"$i":"otherConnectionInUseTitle","$v":"अन्य जडानलाई प्रयोग गर्नुहोस्"},{"$i":"otherConnectionInUseMessage","$v":"तपाईंसँग अर्को जडानमा सक्रिय कल छ। एक पटकमा तपाईंले एउटा मात्र जडान गर्न सक्नुहुन्छ?"},{"$i":"GenericFailure","$v":"जेनेरिक असफलता"},{"$i":"CallFailed","$v":"कल असफल भयो"},{"$i":"scCallBarring","$v":"कल ब्यारिङ"},{"$i":"scCallForwarding","$v":"कल फोरवार्डिङ"},{"$i":"scClip","$v":"आगमन कलर ID"},{"$i":"scClir","$v":"बाहिरिने कलर ID"},{"$i":"scPwd","$v":"पासवर्ड परिवर्तन"},{"$i":"scCallWaiting","$v":"कल प्रतिक्षा"},{"$i":"scPin","$v":"PIN परिवर्तन"},{"$i":"scPin2","$v":"PIN2 परिवर्तन"},{"$i":"scPuk","$v":"PIN अनब्लक गर्नुहोस्"},{"$i":"scPuk2","$v":"PIN2 अनब्लक गर्नुहोस्"},{"$i":"scImei","$v":"IMEI"},{"$i":"scMeid","$v":"MEID"},{"$i":"scUssd","$v":"USSD"},{"$i":"set-speed-dial","$v":"स्पिड डायल सम्पर्कहरू सेट गर्नुहोस्"},{"$i":"empty","$v":"खाली"},{"$i":"voicemail","$v":"भ्वाइस मेल"},{"$i":"speed-dial","$v":"द्रूत डायल"},{"$i":"add","$v":"थप्नुहोस्"},{"$i":"replace","$v":"प्रतिस्थापन गर्नुहोस्"},{"$i":"remove-from-speed-dial","$v":"स्पिड डायलबाट हटाउनुहोस्"},{"$i":"custom-dialog-replace-speed-dial","$v":["तपाईं निश्चित रूपमा ",{"t":"idOrVar","v":"newSpeedDial"}," सँग ",{"t":"idOrVar","v":"oldSpeedDial"}," स्पीड डायल बदल्न चाहनुहुन्छ?"]},{"$i":"custom-dialog-remove-speed-dial","$v":["तपाईं निश्चित रूपमा स्पीड डायलबाट ",{"t":"idOrVar","v":"name"}," हटाउन चाहनुहुन्छ"]},{"$i":"speed-dial-added","$v":"स्पिड डायल नम्बर थपियो।"},{"$i":"speed-dial-removed","$v":"स्पिड डायल नम्बर हटाइयो।"},{"$i":"speed-dial-replaced","$v":"स्पिड डायल नम्बर अद्यावधिक गरियो।"},{"$i":"voice-mail","$v":"भ्वाइस मेल"},{"$i":"voice-mail-number","$v":["भ्वाइस मेल नम्बर -सिम ",{"t":"idOrVar","v":"n"}]},{"$i":"voice-mail-number-single","$v":"भ्वाइस मेल नम्बर"},{"$i":"voice-mail-number-updated","$v":"भ्वाइस मेल नम्बरलाई अद्यावधिक गरियो"},{"$i":"found-duplicates-message","$v":"निम्नलिखित सम्पर्कहरूमा प्रतिलिपि जानकारी फेला परेका छन्। तपाईंले मर्ज गर्न चाहनुहुन्छ?"},{"$i":"confirm-to-merge-contacts","$v":["तपाईं ",{"t":"idOrVar","v":"name"}," सँग ",{"t":"idOrVar","v":"n"}," सम्पर्कहरूलाई मर्ज गर्न सुनिश्चित हुनुहुन्छ?"]},{"$i":"contact-merged","$v":"सम्पर्क मर्ज गरियो"},{"$i":"find-duplicate-contacts","$v":"नक्कली सम्पर्कहरू पत्ता लगाउनुहोस्"},{"$i":"no-duplicate-contact-found","$v":"प्रतिलिपि सम्पर्कहरू फेला परेनन्"},{"$i":"merge","$v":"मर्ज गर्नुहोस्"},{"$i":"find-dup","$v":"नक्कली सम्पर्कहरू पत्ता लगाउनुहोस्"},{"$i":"find-dup-title","$v":"नक्कली सम्पर्कहरू पत्ता लगाउनुहोस्"},{"$i":"finding-dup-message","$v":"प्रतिलिपि सम्पर्कहरूको लागि हेर्दै गर्नुहोस्..."},{"$i":"dup-found-title","$v":"प्रतिलिपिहरू भेटिए"},{"$i":"dup-found-message","$v":"निम्न सम्पर्क(हरू) मा नक्कली जानकारी फेला परेको थियो। तपाईंले मर्ज गर्न चाहनुहुन्छ?"},{"$i":"no-dup-found","$v":"कुनै नक्कलीहरू फेला परेन"},{"$i":"merge-conflict-warn","$v":["निम्नलिखित जानकारी \"",{"t":"idOrVar","v":"name"},"” द्वारा प्रतिस्थापन गरिनेछ:"]},{"$i":"merge-conflict-confirm","$v":"तपाईंले निश्चित रूपमा सम्पर्कहरूलाई मर्ज गर्न चाहनुहुन्छ?"},{"$i":"add-favorite","$v":"मनपर्ने रूपमा थप्नुहोस्"},{"$i":"remove-favorite","$v":"मनपर्नेबाट हटाउनुहोस्"},{"$i":"favorite-contacts","$v":"मनपर्ने सम्पर्कहरू"},{"$i":"add-block","$v":"यो नम्बर ब्लक गर्नुहोस्"},{"$i":"remove-block","$v":"यो नम्बरलाई अनब्लक गर्नुहोस्"},{"$i":"add-block-email","$v":"यो इमेल ब्लक गर्नुहोस्"},{"$i":"remove-block-email","$v":"यो इमेललाई अनब्लक गर्नुहोस्"},{"$i":"add-block-contact-warning","$v":"तपाईंले ब्लक सूचीमा रहेको व्यक्तिबाट फोन कल, सन्देशहरू प्राप्त गर्नुहुनेछैन।"},{"$i":"add-block-email-warning","$v":"तपाईंले यो इमेल ठेगानाबाट सन्देशहरू प्राप्त गर्नुहुने छैन।"},{"$i":"block","$v":"ब्लक गर्नुहोस्"},{"$i":"unblock","$v":"अनब्लक गर्नुहोस्"},{"$i":"block-contacts","$v":"सम्पर्कहरूलाई ब्लक गर्नुहोस्"},{"$i":"add-block-header","$v":"ब्लक गरिएको नम्बरमा थप्नुहोस्"},{"$i":"remove-block-alert","$v":"ब्लक सम्पर्कहरूबाट हटाइयो।"},{"$i":"duplicate-block-number","$v":"नक्कली नम्बर थप्न सकिँदैन।"},{"$i":"sort-contacts","$v":"सम्पर्कहरू क्रमबद्ध गर्नुहोस्"},{"$i":"sort-by-first-name","$v":"पहिलो नामद्वारा क्रमबद्ध गर्नुहोस्"},{"$i":"sort-by-last-name","$v":"अन्तिम नामद्वारा क्रमबद्ध गर्नुहोस्"},{"$i":"no-support-open-multi-vcard","$v":"बहु सम्पर्कहरूसँग vCard खोल्न सकिंदैन"},{"$i":"import","$v":"आयात गर्नुहोस्"},{"$i":"sdcard","$v":"मेमोरी कार्ड"},{"$i":"simcard","$v":"SIM कार्ड"},{"$i":"import-contacts","$v":"सम्पर्कहरू आयात गर्नुहोस्"},{"$i":"simContacts-error","$v":"SIM बाट सम्पर्कहरू आयत गर्न सकिएन"},{"$i":"memoryCardContacts-error","$v":"मेमोरीबाट सम्पर्कहरू आयात गर्न सकिदैन"},{"$i":"novCardFiles","$v":"कुनै सम्पर्क फाईल मेमोरी कार्डमा उपलब्ध छैन।"},{"$i":"fullDiskSpace-error","$v":"भण्डारण भरिएको छ, सम्पर्कहरू आयात गर्न असक्षम भयो।"},{"$i":"socialServiceContacts-error","$v":[{"t":"idOrVar","v":"service"}," बाट सम्पर्कहरू आयत गर्न सकिएन"]},{"$i":"socialServiceContacts-noNetwork","$v":["कुनै इन्टरनेट जडान छैन, ",{"t":"idOrVar","v":"service"}," बाट सम्पर्कहरु आयात गर्न सक्दैन।"]},{"$i":"simContacts-reading","$v":"SIM कार्डबाट पढ्दै"},{"$i":"memoryCardContacts-reading","$v":"मेमोरी कार्डबाट सम्पर्कहरू पढ्दै"},{"$i":"importContactsTitle","$v":"सम्पर्कहरू आयात गर्नुहोस्"},{"$i":"retry","$v":"पुनःप्रयास गर्नुहोस्"},{"$i":"noSimMsg","$v":"सम्पर्कहरूलाई आयात गनको लागि तपाईको SIM कार्ड अनलक वा सम्मिलित गर्नुहोस्"},{"$i":"noSdcardMsg","$v":"सम्पर्कहरू आयात गर्नको लागि मेमोरी कार्ड घुसाउनुहोस्"},{"$i":"not-imported","$v":"आयात गरिएको छैन"},{"$i":"imported","$v":"आयात गरियो"},{"$i":"importing","$v":"आयात गर्दै"},{"$i":"contact-imported","$v":["आयात गरिएका ",{"t":"idOrVar","v":"imported"}," सम्पर्कहरू. ",{"t":"idOrVar","v":"dupes"}," सम्पर्कहरूलाई मर्ज गरियो"]},{"$i":"contact-imported2","$v":{"one":"आयात गरिएको 1 सम्पर्क।","zero":"कुनै सम्पर्कहरू आयात गरिएन","few":[{"t":"idOrVar","v":"imported"},"सम्पर्कहरूआयातगरियो"],"many":[{"t":"idOrVar","v":"imported"},"सम्पर्कहरूआयातगरियो"],"other":[{"t":"idOrVar","v":"imported"},"सम्पर्कहरूआयातगरियो"],"two":[{"t":"idOrVar","v":"imported"},"सम्पर्कहरूआयातगरियो"]},"$x":[{"t":"idOrVar","v":"plural"},"imported"]},{"$i":"reading-contacts-from-sim","$v":"सिम कार्डबाट सम्पर्क(हरू) पढिँदैछ..."},{"$i":"reading-contacts-from-gmail","$v":"जिमेलबाट सम्पर्क(हरू) पढिँदैछ..."},{"$i":"reading-contacts-from-live","$v":"आउटलुकबाट सम्पर्क(हरू) पढिँदैछ..."},{"$i":"reading-contacts-from-sd","$v":"मेमोरी कार्डबाट सम्पर्क(हरू) पढिँदैछ..."},{"$i":"reading-contacts-from-vcard","$v":"फाइलबाट सम्पर्क(हरू) पढिँदैछ..."},{"$i":"importing-contacts-from-sim","$v":"सिम कार्डबाट सम्पर्क(हरू) आयात गरिँदैछ..."},{"$i":"importing-contacts-from-gmail","$v":"जिमेलबाट सम्पर्क(हरू) आयात गरिँदैछ..."},{"$i":"importing-contacts-from-live","$v":"आउटलुकबाट सम्पर्क(हरू) आयात गरिँदैछ..."},{"$i":"importing-contacts-from-sd","$v":"मेमोरी कार्डबाट सम्पर्क(हरू) आयात गरिँदैछ..."},{"$i":"importing-contacts-from-vcard","$v":"फाइलबाट सम्पर्क(हरू) आयात गरिँदैछ..."},{"$i":"connect-network-to-import","$v":"सम्पर्कहरूलाई आयात गर्नको लागि WiFi वा डेटा नेटवर्कमा जडान गर्नुहोस्"},{"$i":"importing-confirm","$v":["फाइल \"",{"t":"idOrVar","v":"fileName"},"\" बाट ",{"t":"idOrVar","v":"n"}," सम्पर्क(हरू) आयात गर्ने?"]},{"$i":"importing-cancel-confirm","$v":"तपाईंले यो स्क्रिन बन्द गर्नुहुन्छ भने आयात प्रक्रिया रोकिनेछ। तपाईं अझै पनि यसलाई बन्द गर्न चाहनुहुन्छ?"},{"$i":"import-contact-failed","$v":"आयात सम्पर्क असफल भयो"},{"$i":"phone-storage-full","$v":"फोन भण्डारण भरिएको छ"},{"$i":"import-contact-storage-full","$v":"सम्पर्कहरू आयात गर्न असक्षम। स्थान खाली गर्न एप्लिकेसन डाटा मेटाउनुहोस्।"},{"$i":"contact-import-error-disk-full","$v":"भण्डारण भरिएको कारणले सम्पर्कहरूलाई आयात गर्न असफल भयो। ठाउँ खाली गर्न एप्लिकेसन डाटा मेटाउनुहोस्।"},{"$i":"contact-import-error-sim-full","$v":"सिम पूरा भएको कारणले आयात सम्पर्कहरू पूरा भएन।"},{"$i":"contact-import-error-unknown","$v":"त्रुटिको कारणले आयात सम्पर्कहरू पूरा भएन।"},{"$i":"import-contacts-canceled","$v":"सम्पर्कहरूको आयात गर्ने रद्द गरियो।"},{"$i":"close","$v":"बन्द गर्नुहोस्"},{"$i":"import-process-cancel","$v":"आयात प्रक्रिया रद्द गरियो।"},{"$i":"import-limit-header","$v":"फाइलको आकार सीमा नाघ्यो"},{"$i":"inner-import-limit-content","$v":"फाइलको आकार 10MB नाघ्ने कुनै पनि सम्पर्क आयात गरिएको छैन।"},{"$i":"activity-import-limit-contact","$v":"फाइलको आकार सीमा नाघेको कारणले सम्पर्कहरू आयात गर्न असफल भयो।"},{"$i":"activity-import-limit-additional","$v":"(फाइलको आकार 10MB भन्दा कम हुनुपर्छ।)"},{"$i":"bluetooth","$v":"ब्लुटुथ"},{"$i":"export","$v":"निर्यात"},{"$i":"export-contacts","$v":"सम्पर्कहरू निर्यात गर्नुहोस्"},{"$i":"simExport-title","$v":"SIM मा निर्यात गर्नुहोस्"},{"$i":"memoryCardExport-title","$v":"मेमोरी कार्डमा निर्यात गर्नुहोस्"},{"$i":"btExport-title","$v":"ब्लुटुथमा निर्यात गर्नुहोस्"},{"$i":"noSimMsgExport","$v":"सम्पर्कहरूलाई निर्यात गनको लागि तपाईको SIM कार्ड अनलक वा सम्मिलित गर्नुहोस्"},{"$i":"noSdcardExport","$v":"सम्पर्कहरूलाई निर्यात गनको लागि मेमोरी कार्ड घुसाउनुहोस्।"},{"$i":"bluetoothNoConnection","$v":"सम्पर्कहरूलाई निर्यात गनर्को लागि यन्त्रमा ब्लुटुथ जडान गर्नुहोस्"},{"$i":"contact-exported","$v":["निर्यात गरिएका ",{"t":"idOrVar","v":"exported"}," सम्पर्कहरू"]},{"$i":"contact-exported2","$v":{"zero":"कुनै सम्पर्कहरू निर्यात भएनन्।","one":"1 सम्पर्क निर्यात गरियो।","few":["निर्यात गरिएका ",{"t":"idOrVar","v":"exported"}," सम्पर्कहरू"],"many":["निर्यात गरिएका ",{"t":"idOrVar","v":"exported"}," सम्पर्कहरू"],"other":["निर्यात गरिएका ",{"t":"idOrVar","v":"exported"}," सम्पर्कहरू"],"two":["निर्यात गरिएका ",{"t":"idOrVar","v":"exported"}," सम्पर्कहरू"]},"$x":[{"t":"idOrVar","v":"plural"},"exported"]},{"$i":"export-contact-failed","$v":"सम्पर्क निर्यात असफल भयो"},{"$i":"contact-export-error-sim-full","$v":"सिम कार्ड पूर्ण भएकोले सम्पर्कहरू निर्यात पूरा भएन।"},{"$i":"contact-export-error-sd-full","$v":"मेमोरी कार्ड पूर्ण भएकोले सम्पर्कहरूको निर्यात पूरा भएन।"},{"$i":"contact-export-error-unknown","$v":"त्रुटि को कारणले निर्यात सम्पर्कहरूलाई पूरा गरिएन।"},{"$i":"contact-export-canceled","$v":"निर्यात गर्ने प्रक्रिया रद्द गरियो।"},{"$i":"save","$v":"सुरक्षित गर्नुहोस्"},{"$i":"back","$v":"पछाडि"},{"$i":"givenName","$v":"पहिलो नाम"},{"$i":"familyName","$v":"अन्तिम नाम"},{"$i":"name","$v":"नाम"},{"$i":"org","$v":"कम्पनी"},{"$i":"ringtone","$v":"रिङटोन"},{"$i":"note","$v":"टिप्पणी"},{"$i":"photo","$v":"तस्विर"},{"$i":"email","$v":"इमेल"},{"$i":"adr","$v":"ठेगाना"},{"$i":"custom","$v":"अनुकूलन"},{"$i":"confirm-discard-contact-data","$v":"सम्पर्क जानकारी असक्षम बनाइनेछ। तपाईं यस सम्पर्कलाई बचत गर्न चाहनुहुन्छ?"},{"$i":"confirm-discard-contact-update-data","$v":"परिवर्तनहरू खारेज गरिनेछ। तपाईं यस सम्पर्कलाई बचत गर्न चाहनुहुन्छ?"},{"$i":"discard-contact-data","$v":"परिवर्तनहरू खारेज गरिनेछ।"},{"$i":"discard","$v":"त्याग्नुहोस्"},{"$i":"add-others","$v":"अन्य थप्नुहोस्"},{"$i":"custom-label","$v":"अनुकूल लेबल"},{"$i":"input-the-custom-type","$v":"कृपया अनुकूलनको प्रकार इन्पुट गर्नुहोस्"},{"$i":"contact-added","$v":"सम्पर्क थपियो।"},{"$i":"delete-prompt-message","$v":[{"t":"idOrVar","v":"field"}," लाई मेटाउने?"]},{"$i":"delete-photo-msg","$v":"तस्विर"},{"$i":"delete-ringtone-msg","$v":"रिङटोन"},{"$i":"delete-bday-msg","$v":"जन्मदिन"},{"$i":"delete-note-msg","$v":"टिप्पणी"},{"$i":"delete-org-msg","$v":"कम्पनी"},{"$i":"personal","$v":"व्यक्तिगत"},{"$i":"mobile","$v":"मोबाइल"},{"$i":"current","$v":"हालको"},{"$i":"home","$v":"गृह"},{"$i":"work","$v":"काम"},{"$i":"other","$v":"अन्य"},{"$i":"fax-home","$v":"फ्याक्स गृह"},{"$i":"fax-office","$v":"फ्याक्स अफिस"},{"$i":"fax-other","$v":"अन्य फ्याक्स गर्नुहोस्"},{"$i":"add-phone","$v":"फोन थप्नुहोस्"},{"$i":"add-tel","$v":"फोन नम्बर थप्नुहोस्"},{"$i":"add-email","$v":"इमेल थप्नुहोस्"},{"$i":"add-ringtone","$v":"रिङ्गटोन थप्नुहोस्"},{"$i":"add-adr","$v":"ठेगाना थप्नुहोस्"},{"$i":"add-bday","$v":"जन्मदिन थप्नुहोस्"},{"$i":"add-photo","$v":"तस्विर थप्नुहोस्"},{"$i":"add-note","$v":"नोट थप्नुहोस्"},{"$i":"add-org","$v":"कम्पनी थप्नुहोस्"},{"$i":"add-tel-number","$v":"फोन नम्बर थप्नुहोस्"},{"$i":"delete-tel","$v":"फोन नम्बर हटाउनुहोस्"},{"$i":"delete-email","$v":"इमेलहरू हटाउनुहोस्"},{"$i":"delete-ringtone","$v":"रिङटोन हटाउनुहोस्"},{"$i":"delete-adr","$v":"ठेगाना मेटाउनुहोस्"},{"$i":"delete-bday","$v":"जन्मदिन मेटाउनुहोस्"},{"$i":"delete-photo","$v":"तस्विर मेटाउनुहोस्"},{"$i":"delete-note","$v":"नोट मेटाउनुहोस्"},{"$i":"delete-org","$v":"कम्पनी मेटाउनुहोस्"},{"$i":"edit-tel-type","$v":"फोनको प्रकार सम्पादन गर्नुहोस्"},{"$i":"edit-email-type","$v":"इमेलको प्रकार सम्पादन गर्नुहोस्"},{"$i":"edit-adr-type","$v":"ठेगानाको प्रकार सम्पादन गर्नुहोस्"},{"$i":"edit-bday-type","$v":"जन्मदिन सम्पादन गर्नुहोस्"},{"$i":"replace-photo","$v":"तस्वीर परिवर्तन गर्नुहोस्"},{"$i":"replace-ringtone","$v":"रिङटोन परिवर्तन गर्नुहोस्"},{"$i":"mobile-tel","$v":"मोबाइ फोन"},{"$i":"home-tel","$v":"गृह फोन"},{"$i":"work-tel","$v":"कार्यालयको फोन"},{"$i":"personal-tel","$v":"व्यक्तिगत फोन"},{"$i":"fax-home-tel","$v":"घरको फ्याक्स"},{"$i":"fax-office-tel","$v":"अफिस फ्याक्स"},{"$i":"fax-other-tel","$v":"अन्य फ्याक्स"},{"$i":"other-tel","$v":"अन्य फोन"},{"$i":"personal-email","$v":"व्यक्तिगत इमेल"},{"$i":"work-email","$v":"कार्य इमेल"},{"$i":"other-email","$v":"अन्य इमेल"},{"$i":"custom-email","$v":[{"t":"idOrVar","v":"type"}," इ-मेल"]},{"$i":"custom-tel","$v":[{"t":"idOrVar","v":"type"}," फोन"]},{"$i":"personal-adr","$v":"व्यक्तिगत ठेगानाहरू"},{"$i":"current-adr","$v":"हालको ठेगाना"},{"$i":"home-adr","$v":"गृह ठेगाना"},{"$i":"work-adr","$v":"कार्यालय ठेगाना"},{"$i":"custom-adr","$v":[{"t":"idOrVar","v":"type"}," ठेगाना"]},{"$i":"bday","$v":"जन्मदिन"},{"$i":"birthday","$v":"जन्मदिन"},{"$i":"streetAddress","$v":"स्ट्रीट"},{"$i":"locality","$v":"सहर"},{"$i":"postalCode","$v":"ZIP कोड"},{"$i":"countryName","$v":"देश"},{"$i":"region","$v":"राज्य"},{"$i":"no-name","$v":"नाम छैन"},{"$i":"new-contact","$v":"नयाँ"},{"$i":"options","$v":"विकल्पहरू"},{"$i":"cancel","$v":"रद्द गर्नुहोस्"},{"$i":"settings","$v":"सेटिङ्हरू"},{"$i":"edit","$v":"सम्पादन गर्नुहोस्"},{"$i":"share","$v":"साझेदारी"},{"$i":"remove","$v":"हटाउनुहोस्"},{"$i":"compose","$v":"रचना गर्नुहोस"},{"$i":"new-contact-title","$v":"नयाँ सम्पर्क"},{"$i":"edit-title","$v":"सम्पर्क सम्पादन"},{"$i":"music","$v":"संगीत"},{"$i":"adr-type","$v":"ठेगानाको प्रकार"},{"$i":"email-type","$v":"इमेलको प्रकार"},{"$i":"tel-type","$v":"फोनको प्रकार"},{"$i":"ICEContactsGroup","$v":"ICE सम्पर्कहरू"},{"$i":"setICEButton","$v":"ICE सम्पर्कहरू सेट गर्नुहोस्"},{"$i":"ICESettingTitle","$v":"ICE सम्पर्कहरू"},{"$i":"ICEDescription","$v":"आपतकालीन अवस्थाका कलहरू गर्न पाँच सम्पर्कहरू थप्नुहोस्।"},{"$i":"ICEContact","$v":["ICE सम्पर्क ",{"t":"idOrVar","v":"n"}]},{"$i":"ICESelectContact","$v":"सम्पर्क चयन गर्नुहोस्"},{"$i":"delete-ice-contact-warning","$v":"तपाईं निश्चित रूपमा ICE सम्पर्क हटाउन चाहनुहुन्छ  ?"},{"$i":"confirm","$v":"पुष्टिकरण"},{"$i":"add-ice-failed","$v":"ICE थप्न असफल भयो"},{"$i":"create-group","$v":"समूह सिर्जना गर्नुहोस्"},{"$i":"group-name","$v":"समूहको नाम"},{"$i":"group","$v":"समूह"},{"$i":"new-group-created","$v":"नयाँ समूह सृजना भएको छ।"},{"$i":"create-group-failed","$v":"समूह सिर्जना गर्न असफल भयो।"},{"$i":"create-group-too-many","$v":["तपाईंले ",{"t":"idOrVar","v":"number"}," समूहहरूमा मात्र सिर्जना गर्न सक्नुहुन्छ।"]},{"$i":"create-group-duplicate","$v":"नक्कली नाम।"},{"$i":"rename-group-failed","$v":"समूहको पुनः नामाकरण गर्न असफल भयो।"},{"$i":"new-group","$v":"नयाँ"},{"$i":"rename","$v":"पुनःनामाकरण गर्नुहोस्"},{"$i":"duplicate-removed","$v":"नक्कली सम्पर्क(हरू) हटाइयो।"},{"$i":"add-to-group","$v":"समूहमा थप्नुहोस्"},{"$i":"remove-from-group","$v":"समूहबाट हटाउनुहोस्"},{"$i":"added-to","$v":[{"t":"idOrVar","v":"group"}," मा थपियो"]},{"$i":"removed-from","$v":[{"t":"idOrVar","v":"group"}," बाट हटाइयो"]},{"$i":"select-group","$v":"समूह चयन गर्नुहोस्"},{"$i":"rename-group","$v":"समूहको पुनः नामाकरण गर्नुहोस्"},{"$i":"delete-group","$v":["तपाईं निश्चित रूपमा ",{"t":"idOrVar","v":"group"}," लाई मेटाउन चाहनुहुन्छ?"]},{"$i":"unable-add-warn","$v":"समूहमा खाता सम्पर्क थप्न असमर्थ।"},{"$i":"edit-contact","$v":"सम्पर्क सम्पादन"},{"$i":"send-message","$v":"सन्देश टाइप गर्नुहोस्"},{"$i":"call","$v":"कल गर्नुहोस्"},{"$i":"call-sim-1","$v":"कल- SIM 1"},{"$i":"call-sim-2","$v":"कल- SIM 2"},{"$i":"send-email","$v":"इमेल पठाउनुहोस्"},{"$i":"choose-number","$v":"संख्या चयन गर्नुहोस्"},{"$i":"choose-email-address","$v":"इमेल चयन गर्नुहोस्"},{"$i":"delete","$v":"मेट्नुहोस्"},{"$i":"select","$v":"चयन गर्नुहोस्"},{"$i":"select-all","$v":"सबै चयन गर्नुहोस्"},{"$i":"select-all2","$v":"सबै"},{"$i":"deselect-all","$v":"सबै चयनलाई रद्द गर्नुहोस्"},{"$i":"deselect-all2","$v":"कुनै पनि होइन"},{"$i":"deselect","$v":"चयन हटाउनुहोस्"},{"$i":"selected-contacts","$v":{"few":[{"t":"idOrVar","v":"n"}," चयन गरियो"],"many":[{"t":"idOrVar","v":"n"}," चयन गरियो"],"one":[{"t":"idOrVar","v":"n"}," चयन गरियो"],"other":[{"t":"idOrVar","v":"n"}," चयन गरियो"],"two":[{"t":"idOrVar","v":"n"}," चयन गरियो"],"zero":[{"t":"idOrVar","v":"n"}," चयन गरियो"]},"$x":[{"t":"idOrVar","v":"plural"},"n"]},{"$i":"massive-delete","$v":"सम्पर्क मेटाउने हो"},{"$i":"confirm-contact-delete","$v":["तपाईं \"",{"t":"idOrVar","v":"name"},"” सम्पर्क मेटाउन सुनिश्चित हुनुहुन्छ?"]},{"$i":"DeletedTxt","$v":{"few":[{"t":"idOrVar","v":"n"}," सम्पर्कहरू हटाइयो"],"many":[{"t":"idOrVar","v":"n"}," सम्पर्कहरू हटाइयो"],"one":"1 सम्पर्क हटाउनुहोस्","other":[{"t":"idOrVar","v":"n"}," सम्पर्कहरू हटाइयो"],"two":[{"t":"idOrVar","v":"n"}," सम्पर्कहरू हटाइयो"],"zero":"मेटाउनको लागि सम्पर्क छैन"},"$x":[{"t":"idOrVar","v":"plural"},"n"]},{"$i":"DeletingContacts","$v":"सम्पर्क मेटाउने हो"},{"$i":"DeletingContactsProgressing","$v":"सम्पर्कहरू मेटाउनु"},{"$i":"ContactConfirmDel","$v":{"few":[{"t":"idOrVar","v":"n"}," सम्पर्कहरू मेटाउने? यसलाई पूर्ववत् पार्न सकिँदैन।"],"many":[{"t":"idOrVar","v":"n"}," सम्पर्कहरू मेटाउने? यसलाई पूर्ववत् पार्न सकिँदैन।"],"one":"1 सम्पर्क मेटाउने? यसलाई पूर्ववत् पार्न सकिँदैन।","other":[{"t":"idOrVar","v":"n"}," सम्पर्कहरू मेटाउने? यसलाई पूर्ववत् पार्न सकिँदैन।"],"two":[{"t":"idOrVar","v":"n"}," सम्पर्कहरू मेटाउने? यसलाई पूर्ववत् पार्न सकिँदैन।"],"zero":"मेटाउनको लागि सम्पर्क छैन"},"$x":[{"t":"idOrVar","v":"plural"},"n"]},{"$i":"contact-deleted","$v":{"zero":"कुनै सम्पर्क मेटाइएन","one":"1 सम्पर्क को मेटाइयो","few":[{"t":"idOrVar","v":"n"}," सम्पर्क(हरू) को मेटाइयो"],"many":[{"t":"idOrVar","v":"n"}," सम्पर्क(हरू) को मेटाइयो"],"other":[{"t":"idOrVar","v":"n"}," सम्पर्क(हरू) को मेटाइयो"],"two":[{"t":"idOrVar","v":"n"}," सम्पर्क(हरू) को मेटाइयो"]},"$x":[{"t":"idOrVar","v":"plural"},"n"]},{"$i":"a-contact-deleted","$v":"सम्पर्क मेटाइयो।"},{"$i":"settings-title","$v":"सम्पर्कहरूको सेटिङहरू"},{"$i":"change-will-update-until-restart","$v":"अर्को पटक सम्पर्कहरू सुरू हुदा परिवर्तनहरु अद्यावधिक गरिनेछ।"},{"$i":"transfer-contacts","$v":"सम्पर्कहरूलाई स्थानान्तरण गर्नुहोस्"},{"$i":"service-number","$v":"सेवा संख्या"},{"$i":"no-contacts-found","$v":"कुनै मिल्दो भेटिएन।"},{"$i":"search","$v":"सम्पर्कहरू खोज्नुहोस्","placeholder":"सम्पर्कहरू खोज्नुहोस्"},{"$i":"search-option","$v":"खोज्नुहोस्"},{"$i":"accounts","$v":"खाताहरू"},{"$i":"account","$v":"खाता"},{"$i":"add-account","$v":"खाता थप्नुहोस्"},{"$i":"add-account-failed","$v":"एउटा अज्ञात त्रुटि भयो, कृपया फेरी प्रयास गर्नुहोस्"},{"$i":"duplicate-account-warn","$v":"खाता पहिले नै छ। समक्रमण चालू गरिएको छ।"},{"$i":"setting-up-account","$v":"खाता सेट अप गर्दै"},{"$i":"no-network-warn","$v":"इन्टरनेट जडान छैन।"},{"$i":"username","$v":"एक-पटके पाठ सन्देश"},{"$i":"password","$v":"पासवर्ड"},{"$i":"delete-account","$v":"कार्य मेटाउनुहोस्"},{"$i":"delete-account-long","$v":"खाता मेटाउनुहोस्"},{"$i":"delete-account-warn","$v":"तपाईंले यो खाता मेटाउनु भयो भने, यो खाता प्रयोग गरेको एपहरूलाई पनि प्रभावित पर्नेछ।"},{"$i":"deleting-account","$v":"खाता मेटाउँदै"},{"$i":"delete-account-failed","$v":"खाता मेटाउन असफल भयो, कृपया पछि पुनः प्रयास गर्नुहोस्।"},{"$i":"delete-account-ok","$v":"खाता मेटाइयो।"},{"$i":"sync","$v":"सिंक गर्नुहोस्"},{"$i":"sync-title","$v":"सम्पर्क समक्रमण"},{"$i":"sync-failed-warn","$v":"समक्रमण असफल भयो।"},{"$i":"sync-off-warn","$v":"समक्रमण सेटिङहरूमा बन्द गरिएको छ।"},{"$i":"show-account-contacts","$v":"खाताका सम्पर्कहरू देखाउनुहोस्"},{"$i":"sync-account-contacts","$v":"खाताका सम्पर्कहरू समक्रमण गर्नुहोस्"},{"$i":"sync-account-contacts-warning","$v":["कुनै खाता सम्पर्क सम्पादन क्लाउडसँग सिंक हुनेछैन जब \"",{"t":"idOrVar","v":"switch"},"\"अनचेक गरिएको हुन्छ, के तपाईं अझै यसलाई अनचेक गर्न चाहनुहुन्छ?"]},{"$i":"yes","$v":"हो"},{"$i":"all-contacts-synced","$v":"सबै सम्पर्कहरू समक्रमण भएका छन्।"},{"$i":"contact-syncing","$v":"सम्पर्कहरू समक्रमण हुँदै..."},{"$i":"contacts-sync-limit-exceed","$v":"सम्पर्कहरूको सीमा नाँघेको कारणले सम्पर्कहरू समक्रमण गर्ने असफल भयो।"},{"$i":"show-password","$v":"पासवर्ड देखाउनु"},{"$i":"password-incorrect","$v":"पासवर्ड गलत छ।"},{"$i":"re-enter-password","$v":"पासवर्ड पुनः प्रविष्ट गर्नुहोस्"},{"$i":"accessing-warn","$v":"तपाईंको खाता पहुँच गर्दा समस्या भयो।"},{"$i":"accessing-warn-password","$v":"कृपया पासवर्ड फेरि प्रविष्ट गर्नुहोस्।"},{"$i":"re-enter-password-on-setting","$v":"कृपया सम्पर्कहरूको सेटिङमा पासवर्ड पुन: प्रविष्ट गर्नुहोस्।"},{"$i":"accessing-warn-relogin","$v":"कृपया खाता मेटाउनुहोस् र फेरि लगइन गर्नुहोस्।"},{"$i":"update-password-failed","$v":"अद्यावधिक पासवर्ड असफल भयो, कृपया पछि फेरि प्रयास गर्नुहोस्"},{"$i":"connect-time-out","$v":[{"t":"idOrVar","v":"server"},"\" सँग जडान स्थापना गर्न असक्षम। त्यहाँ सञ्जालसँग समस्या हुनसक्छ।"]},{"$i":"server-error","$v":"सर्भर अनुपलब्ध छ। कृपया पछि फेरि प्रयास गर्नुहोस्।"},{"$i":"loading","$v":"लोड हुँदै…"},{"$i":"ellipsis","$v":"..."},{"$i":"stop-syncing-warn-title","$v":"सम्पर्क सिंक गर्दै"},{"$i":"stop-syncing-warn","$v":"एप बन्द गर्नाले सम्पर्क सिंक प्रक्रिया रोकिनेछ। के तपाईं यसलाई अझै बन्द गर्न चाहनुहुन्छ?"},{"$i":"weekday-0-long","$v":"आइतबार"},{"$i":"weekday-1-long","$v":"सोमबार"},{"$i":"weekday-2-long","$v":"मङ्गलबार"},{"$i":"weekday-3-long","$v":"बुधबार"},{"$i":"weekday-4-long","$v":"बिहिबार"},{"$i":"weekday-5-long","$v":"शुक्रबार"},{"$i":"weekday-6-long","$v":"शनिबार"},{"$i":"weekday-0-short","$v":"सूर्य"},{"$i":"weekday-1-short","$v":"सोमबार"},{"$i":"weekday-2-short","$v":"मङ्गलबार"},{"$i":"weekday-3-short","$v":"बुधबार"},{"$i":"weekday-4-short","$v":"बिहीबार"},{"$i":"weekday-5-short","$v":"शुक्रबार"},{"$i":"weekday-6-short","$v":"शनिबार"},{"$i":"month-0-long","$v":"जनवरी"},{"$i":"month-1-long","$v":"फेब्रुअरी"},{"$i":"month-2-long","$v":"मार्च"},{"$i":"month-3-long","$v":"अप्रिल"},{"$i":"month-4-long","$v":"मे"},{"$i":"month-5-long","$v":"जुन"},{"$i":"month-6-long","$v":"जुलाइ"},{"$i":"month-7-long","$v":"अगस्ट"},{"$i":"month-8-long","$v":"सेप्टेम्बर"},{"$i":"month-9-long","$v":"अक्टुबर"},{"$i":"month-10-long","$v":"नोभेम्बर"},{"$i":"month-11-long","$v":"डिसेम्बर"},{"$i":"month-0-genitive","$v":"जनवरी"},{"$i":"month-1-genitive","$v":"फेब्रुअरी"},{"$i":"month-2-genitive","$v":"मार्च"},{"$i":"month-3-genitive","$v":"अप्रिल"},{"$i":"month-4-genitive","$v":"मे"},{"$i":"month-5-genitive","$v":"जुन"},{"$i":"month-6-genitive","$v":"जुलाइ"},{"$i":"month-7-genitive","$v":"अगस्ट"},{"$i":"month-8-genitive","$v":"सेप्टेम्बर"},{"$i":"month-9-genitive","$v":"अक्टुबर"},{"$i":"month-10-genitive","$v":"नोभेम्बर"},{"$i":"month-11-genitive","$v":"डिसेम्बर"},{"$i":"month-0-short","$v":"जनवरी"},{"$i":"month-1-short","$v":"फेब्रुअरी"},{"$i":"month-2-short","$v":"मार्च"},{"$i":"month-3-short","$v":"अप्रिल"},{"$i":"month-4-short","$v":"मे"},{"$i":"month-5-short","$v":"जुन"},{"$i":"month-6-short","$v":"जुलाई"},{"$i":"month-7-short","$v":"अगस्ट"},{"$i":"month-8-short","$v":"सेप्टेम्बर"},{"$i":"month-9-short","$v":"अक्टोबर"},{"$i":"month-10-short","$v":"नोभेम्बर"},{"$i":"month-11-short","$v":"डिसेम्बर"},{"$i":"minutes-ago-long","$v":{"few":[{"t":"idOrVar","v":"value"}," मिनेट पहिला"],"many":[{"t":"idOrVar","v":"value"}," मिनेट पहिला"],"other":[{"t":"idOrVar","v":"value"}," मिनेट पहिला"],"two":[{"t":"idOrVar","v":"value"}," मिनेट पहिला"],"one":"एक मिनेट अघि","zero":"Just now"},"$x":[{"t":"idOrVar","v":"plural"},"value"]},{"$i":"hours-ago-long","$v":{"few":[{"t":"idOrVar","v":"value"}," घण्टा पहिला"],"many":[{"t":"idOrVar","v":"value"}," घण्टा पहिला"],"other":[{"t":"idOrVar","v":"value"}," घण्टा पहिला"],"two":[{"t":"idOrVar","v":"value"}," घण्टा पहिला"],"one":"एक घण्टा अघि","zero":"Just now"},"$x":[{"t":"idOrVar","v":"plural"},"value"]},{"$i":"days-ago-long","$v":{"few":[{"t":"idOrVar","v":"value"}," दिन पहिला"],"many":[{"t":"idOrVar","v":"value"}," दिन पहिला"],"one":"हिजो","other":[{"t":"idOrVar","v":"value"}," दिन पहिला"],"two":[{"t":"idOrVar","v":"value"}," दिन पहिला"],"zero":"आज"},"$x":[{"t":"idOrVar","v":"plural"},"value"]},{"$i":"weeks-ago-long","$v":{"few":[{"t":"idOrVar","v":"value"}," हप्ता पहिला"],"many":[{"t":"idOrVar","v":"value"}," हप्ता पहिला"],"one":"गत हप्ता","other":[{"t":"idOrVar","v":"value"}," हप्ता पहिला"],"two":[{"t":"idOrVar","v":"value"}," हप्ता पहिला"],"zero":"यो हप्ता"},"$x":[{"t":"idOrVar","v":"plural"},"value"]},{"$i":"months-ago-long","$v":{"few":[{"t":"idOrVar","v":"value"}," महिना पहिला"],"many":[{"t":"idOrVar","v":"value"}," महिना पहिला"],"one":"गत महिना","other":[{"t":"idOrVar","v":"value"}," महिना पहिला"],"two":[{"t":"idOrVar","v":"value"}," महिना पहिला"],"zero":"यो महिना"},"$x":[{"t":"idOrVar","v":"plural"},"value"]},{"$i":"years-ago-long","$v":{"few":[{"t":"idOrVar","v":"value"}," वर्ष पहिला"],"many":[{"t":"idOrVar","v":"value"}," वर्ष पहिला"],"one":"गएको वर्ष","other":[{"t":"idOrVar","v":"value"}," वर्ष पहिला"],"two":[{"t":"idOrVar","v":"value"}," वर्ष पहिला"],"zero":"यो वर्ष"},"$x":[{"t":"idOrVar","v":"plural"},"value"]},{"$i":"minutes-until-long","$v":{"few":[{"t":"idOrVar","v":"value"}," मिनेटमा"],"many":[{"t":"idOrVar","v":"value"}," मिनेटमा"],"other":[{"t":"idOrVar","v":"value"}," मिनेटमा"],"two":[{"t":"idOrVar","v":"value"}," मिनेटमा"],"zero":"अहिले","one":"एक मिनेटमा"},"$x":[{"t":"idOrVar","v":"plural"},"value"]},{"$i":"hours-until-long","$v":{"few":[{"t":"idOrVar","v":"value"}," घण्टामा"],"many":[{"t":"idOrVar","v":"value"}," घण्टामा"],"other":[{"t":"idOrVar","v":"value"}," घण्टामा"],"two":[{"t":"idOrVar","v":"value"}," घण्टामा"],"zero":"अहिले","one":"एक घण्टामा"},"$x":[{"t":"idOrVar","v":"plural"},"value"]},{"$i":"days-until-long","$v":{"few":[{"t":"idOrVar","v":"value"}," दिनमा"],"many":[{"t":"idOrVar","v":"value"}," दिनमा"],"one":"भोली","other":[{"t":"idOrVar","v":"value"}," दिनमा"],"two":[{"t":"idOrVar","v":"value"}," दिनमा"],"zero":"आज"},"$x":[{"t":"idOrVar","v":"plural"},"value"]},{"$i":"weeks-until-long","$v":{"few":[{"t":"idOrVar","v":"value"}," हप्तामा"],"many":[{"t":"idOrVar","v":"value"}," हप्तामा"],"one":"अर्को हप्ता","other":[{"t":"idOrVar","v":"value"}," हप्तामा"],"two":[{"t":"idOrVar","v":"value"}," हप्तामा"],"zero":"यो हप्ता"},"$x":[{"t":"idOrVar","v":"plural"},"value"]},{"$i":"months-until-long","$v":{"few":[{"t":"idOrVar","v":"value"}," महिनामा"],"many":[{"t":"idOrVar","v":"value"}," महिनामा"],"one":"अर्को महिना","other":[{"t":"idOrVar","v":"value"}," महिनामा"],"two":[{"t":"idOrVar","v":"value"}," महिनामा"],"zero":"यो महिना"},"$x":[{"t":"idOrVar","v":"plural"},"value"]},{"$i":"years-until-long","$v":{"few":[{"t":"idOrVar","v":"value"}," वर्षमा"],"many":[{"t":"idOrVar","v":"value"}," वर्षमा"],"one":"अर्को वर्ष","other":[{"t":"idOrVar","v":"value"}," वर्षमा"],"two":[{"t":"idOrVar","v":"value"}," वर्षमा"],"zero":"यो वर्ष"},"$x":[{"t":"idOrVar","v":"plural"},"value"]},{"$i":"minutes-ago-short","$v":{"other":[{"t":"idOrVar","v":"value"}," मिनेट पहिला"],"zero":"Just now"},"$x":[{"t":"idOrVar","v":"plural"},"value"]},{"$i":"hours-ago-short","$v":{"other":[{"t":"idOrVar","v":"value"},"घण्टा पहिला"],"zero":"Just now"},"$x":[{"t":"idOrVar","v":"plural"},"value"]},{"$i":"days-ago-short","$v":{"other":[{"t":"idOrVar","v":"value"},"दिन पहिला"],"zero":"आज"},"$x":[{"t":"idOrVar","v":"plural"},"value"]},{"$i":"minutes-until-short","$v":{"other":[{"t":"idOrVar","v":"value"}," मिनेटमा"],"zero":"अहिले"},"$x":[{"t":"idOrVar","v":"plural"},"value"]},{"$i":"hours-until-short","$v":{"other":[{"t":"idOrVar","v":"value"}," घण्टामा"],"zero":"अहिले"},"$x":[{"t":"idOrVar","v":"plural"},"value"]},{"$i":"days-until-short","$v":{"other":[{"t":"idOrVar","v":"value"}," दिनमा"],"zero":"आज"},"$x":[{"t":"idOrVar","v":"plural"},"value"]},{"$i":"incorrectDate","$v":"(गलत मिति)"},{"$i":"dateTimeFormat_%c","$v":"%a %b %e %Y %I:%M:%S %p"},{"$i":"dateTimeFormat_%x","$v":"%m/%d/%Y"},{"$i":"dateTimeFormat_%X","$v":"%I:%M:%S %p"},{"$i":"shortTimeFormat","$v":"%I:%M %p"},{"$i":"shortTimeFormat12","$v":"%I:%M %p"},{"$i":"shortTimeFormat24","$v":"%H:%M"},{"$i":"shortDateTimeFormat","$v":"%x %I:%M %p"},{"$i":"weekStartsOnMonday","$v":"0.0"},{"$i":"firstDayOfTheWeek","$v":"0.0"},{"$i":"time_am","$v":"AM"},{"$i":"time_pm","$v":"PM"},{"$i":"sim-with-index-and-carrier","$v":["SIM ",{"t":"idOrVar","v":"index"}," - ",{"t":"idOrVar","v":"carrier"}]},{"$i":"sim-without-carrier","$v":["SIM ",{"t":"idOrVar","v":"index"}]}]