[{"$i":"contacts","$v":"Contacten"},{"$i":"view","$v":"Weergeven"},{"$i":"no-contacts","$v":"Geen contacten"},{"$i":"reading-contacts","$v":"Bezig met laden van contacten"},{"$i":"start-adding","$v":"Druk op de toets NIEUW of ga naar Instellingen om contacten toe te voegen."},{"$i":"no-contact-available","$v":"Er is geen contact beschikbaar"},{"$i":"requested-contact-not-available","$v":"Gevraagde informatie niet beschikbaar voor bestaande contacten"},{"$i":"cannot-add-as-empty","$v":"Kan niet toevoegen aan contact omdat u contactenlijst leeg is"},{"$i":"ok","$v":"OK"},{"$i":"no-phone-number-to-dial","$v":"Geen telefoonnummer om te bellen"},{"$i":"video-call","$v":"Videogesprek"},{"$i":"rtt-call","$v":"RTT-gesprek"},{"$i":"select-a-contact","$v":"Een contact selecteren"},{"$i":"multi-pick-max-warn","$v":["Het maximale aantal voor selectie is ",{"t":"idOrVar","v":"n"}]},{"$i":"add-contact-failed","$v":"Kan contact niet toevoegen"},{"$i":"no-sim-card-available","$v":"Geen SIM-kaart beschikbaar"},{"$i":"email-cannot-add-to-sim","$v":"E-mail wordt niet ondersteund door de huidige geheugenselectie."},{"$i":"add-info-failed","$v":"Informatie toevoegen mislukt"},{"$i":"no-contact-to-add","$v":"Er is geen beschikbare contactpersoon om toe te voegen."},{"$i":"move","$v":"Verplaatsen"},{"$i":"copy","$v":"Kopiëren"},{"$i":"copy-contacts","$v":"Contacten kopiëren"},{"$i":"move-contacts","$v":"Verplaats contacten"},{"$i":"phone-memory","$v":"Telefoongeheugen"},{"$i":"sim-memory","$v":"SIM-geheugen"},{"$i":"sim-0-memory","$v":"SIM 1-geheugen"},{"$i":"sim-1-memory","$v":"SIM 2-geheugen"},{"$i":"move-from","$v":"Verplaatsen van"},{"$i":"copy-from","$v":"Kopiëren van"},{"$i":"to","$v":"Naar"},{"$i":"move-contacts-progressing","$v":"Contact(en) verplaatsen..."},{"$i":"copy-contacts-progressing","$v":"Contact(en) kopiëren..."},{"$i":"contact-move-to-sim","$v":{"few":[{"t":"idOrVar","v":"migrated"}," contacten verplaatst naar SIM."],"many":[{"t":"idOrVar","v":"migrated"}," contacten verplaatst naar SIM."],"one":"1 contact verplaatst naar SIM.","other":[{"t":"idOrVar","v":"migrated"}," contacten verplaatst naar SIM."],"two":[{"t":"idOrVar","v":"migrated"}," contacten verplaatst naar SIM."],"zero":"Geen contact verplaatst naar SIM."},"$x":[{"t":"idOrVar","v":"plural"},"migrated"]},{"$i":"contact-copy-to-sim","$v":{"few":[{"t":"idOrVar","v":"migrated"}," contacten gekopieerd naar SIM."],"many":[{"t":"idOrVar","v":"migrated"}," contacten gekopieerd naar SIM."],"one":"1 contact gekopieerd naar SIM.","other":[{"t":"idOrVar","v":"migrated"}," contacten gekopieerd naar SIM."],"two":[{"t":"idOrVar","v":"migrated"}," contacten gekopieerd naar SIM."],"zero":"Geen contact gekopieerd naar SIM."},"$x":[{"t":"idOrVar","v":"plural"},"migrated"]},{"$i":"contact-move-to-sim0","$v":{"few":[{"t":"idOrVar","v":"migrated"}," contacten verplaatst naar SIM 1."],"many":[{"t":"idOrVar","v":"migrated"}," contacten verplaatst naar SIM 1."],"one":"1 contact verplaatst naar SIM 1.","other":[{"t":"idOrVar","v":"migrated"}," contacten verplaatst naar SIM 1."],"two":[{"t":"idOrVar","v":"migrated"}," contacten verplaatst naar SIM 1."],"zero":"Geen contact verplaatst naar SIM 1."},"$x":[{"t":"idOrVar","v":"plural"},"migrated"]},{"$i":"contact-copy-to-sim0","$v":{"few":[{"t":"idOrVar","v":"migrated"}," contacten gekopieerd naar SIM 1."],"many":[{"t":"idOrVar","v":"migrated"}," contacten gekopieerd naar SIM 1."],"one":"1 contact gekopieerd naar SIM 1.","other":[{"t":"idOrVar","v":"migrated"}," contacten gekopieerd naar SIM 1."],"two":[{"t":"idOrVar","v":"migrated"}," contacten gekopieerd naar SIM 1."],"zero":"Geen contact gekopieerd naar SIM 1."},"$x":[{"t":"idOrVar","v":"plural"},"migrated"]},{"$i":"contact-move-to-sim1","$v":{"few":[{"t":"idOrVar","v":"migrated"}," contacten verplaatst naar SIM 2."],"many":[{"t":"idOrVar","v":"migrated"}," contacten verplaatst naar SIM 2."],"one":"1 contact verplaatst naar SIM 2.","other":[{"t":"idOrVar","v":"migrated"}," contacten verplaatst naar SIM 2."],"two":[{"t":"idOrVar","v":"migrated"}," contacten verplaatst naar SIM 2."],"zero":"Geen contact verplaatst naar SIM 2."},"$x":[{"t":"idOrVar","v":"plural"},"migrated"]},{"$i":"contact-copy-to-sim1","$v":{"few":[{"t":"idOrVar","v":"migrated"}," contacten gekopieerd naar SIM 2."],"many":[{"t":"idOrVar","v":"migrated"}," contacten gekopieerd naar SIM 2."],"one":"1 contact gekopieerd naar SIM 2.","other":[{"t":"idOrVar","v":"migrated"}," contacten gekopieerd naar SIM 2."],"two":[{"t":"idOrVar","v":"migrated"}," contacten gekopieerd naar SIM 2."],"zero":"Geen contact gekopieerd naar SIM 2."},"$x":[{"t":"idOrVar","v":"plural"},"migrated"]},{"$i":"contact-move-to-device","$v":{"one":"1 contact verplaatst naar apparaat.","zero":"Geen contact verplaatst naar apparaat.","few":[{"t":"idOrVar","v":"migrated"}," contacten verplaatst naar apparaat."],"many":[{"t":"idOrVar","v":"migrated"}," contacten verplaatst naar apparaat."],"other":[{"t":"idOrVar","v":"migrated"}," contacten verplaatst naar apparaat."],"two":[{"t":"idOrVar","v":"migrated"}," contacten verplaatst naar apparaat."]},"$x":[{"t":"idOrVar","v":"plural"},"migrated"]},{"$i":"contact-copy-to-device","$v":{"one":"1 contact gekopieerd naar apparaat.","zero":"Geen contact gekopieerd naar apparaat.","few":[{"t":"idOrVar","v":"migrated"}," contacten gekopieerd naar apparaat."],"many":[{"t":"idOrVar","v":"migrated"}," contacten gekopieerd naar apparaat."],"other":[{"t":"idOrVar","v":"migrated"}," contacten gekopieerd naar apparaat."],"two":[{"t":"idOrVar","v":"migrated"}," contacten gekopieerd naar apparaat."]},"$x":[{"t":"idOrVar","v":"plural"},"migrated"]},{"$i":"copy-contact-failed","$v":"Contacten kopiëren mislukt"},{"$i":"move-contact-failed","$v":"Contacten verplaatsen mislukt"},{"$i":"contact-copy-error-sim-full","$v":"Contacten niet volledig gekopieerd omdat SIM-kaart vol is."},{"$i":"contact-copy-error-unknown","$v":"Contacten niet volledig gekopieerd vanwege een fout."},{"$i":"contact-copy-error-limit-exceeded","$v":"Contacten zijn niet volledig gekopieerd omdat de limiet voor contacten op de telefoon is overschreden."},{"$i":"contact-move-error-sim-full","$v":"Contacten niet volledig verplaatst omdat SIM-kaart vol is."},{"$i":"contact-move-error-unknown","$v":"Contacten niet volledig verplaatst vanwege een fout."},{"$i":"contact-move-error-limit-exceeded","$v":"Contacten zijn niet volledig verplaatst omdat de limiet voor contacten op de telefoon is overschreden."},{"$i":"contact-save-error-unknown","$v":"Contact niet volledig opgeslagen vanwege een fout."},{"$i":"memory","$v":"Geheugen"},{"$i":"phone-and-sim","$v":"Telefoon en SIM-kaart"},{"$i":"phone","$v":"Telefoon"},{"$i":"sim","$v":"SIM"},{"$i":"reloading-contact","$v":"Contacten opnieuw laden..."},{"$i":"contact-reloaded","$v":"Contacten opnieuw geladen"},{"$i":"message","$v":"Bericht"},{"$i":"changes-saved","$v":"Wijzigingen opgeslagen."},{"$i":"already-ice-contact","$v":"De geselecteerde contactpersoon is al ingesteld op ICE."},{"$i":"phone-contacts-limit-exceeded","$v":"Limiet voor telefooncontacten overschreden."},{"$i":"sim-contacts-limit-exceeded","$v":"Limiet voor SIM-contacten overschreden."},{"$i":"more-info","$v":"Meer"},{"$i":"callAirplaneModeTitle","$v":"Vliegtuigmodus geactiveerd"},{"$i":"callAirplaneModeMessage","$v":"Om een oproep te plaatsen moet u de vliegtuigmodus uitschakelen in instellingen."},{"$i":"emergencyDialogTitle","$v":"Geen netwerkverbinding"},{"$i":"emergencyDialogBodyBadNumber","$v":"Om een oproep te plaatsen, moet de telefoon verbonden zijn met een netwerk."},{"$i":"emergencyDialogBodyDeviceNotAccepted","$v":"Noodoproepen zijn op het netwerk niet toegestaan."},{"$i":"invalidNumberToDialTitle","$v":"Ongeldig telefoonnummer"},{"$i":"invalidNumberToDialMessage","$v":"Het telefoonnummer dat u belt is niet geldig."},{"$i":"invalidNumberToSendTitle","$v":"Ongeldig telefoonnummer"},{"$i":"invalidNumberToSendMessage","$v":"Het telefoonnummer waarnaar u een SMS stuurt, is ongeldig."},{"$i":"emergency-call-only","$v":"Alleen noodoproep"},{"$i":"emergency-call-error","$v":[{"t":"idOrVar","v":"number"}," is geen alarmnummer."]},{"$i":"numberIsBusyTitle","$v":"Het nummer is in gesprek"},{"$i":"numberIsBusyMessage","$v":"Het nummer is op dit moment in gesprek. Probeer het later nog eens."},{"$i":"fdnIsActiveTitle","$v":"FDN actief"},{"$i":"fdnIsActiveMessage","$v":["FDN (vaste nummers bellen) is geactiveerd en het volgende nummer staat niet in uw FDN-lijst: ",{"t":"idOrVar","v":"number"}]},{"$i":"otherConnectionInUseTitle","$v":"Andere verbinding in gebruik"},{"$i":"otherConnectionInUseMessage","$v":"U hebt een actieve oproep op een andere verbinding. U kunt slechts één verbinding tegelijk gebruiken."},{"$i":"GenericFailure","$v":"Algemene fout"},{"$i":"CallFailed","$v":"Oproep mislukt"},{"$i":"scCallBarring","$v":"Blokkering"},{"$i":"scCallForwarding","$v":"Oproepdoorschakeling"},{"$i":"scClip","$v":"Inkomende beller-ID"},{"$i":"scClir","$v":"Uitgaande beller-ID"},{"$i":"scPwd","$v":"Wachtwoord wijzigen"},{"$i":"scCallWaiting","$v":"Wachtende oproep"},{"$i":"scPin","$v":"PIN wijzigen"},{"$i":"scPin2","$v":"PIN2 wijzigen"},{"$i":"scPuk","$v":"PIN deblokkeren"},{"$i":"scPuk2","$v":"PIN2 deblokkeren"},{"$i":"scImei","$v":"IMEI"},{"$i":"scMeid","$v":"MEID"},{"$i":"scUssd","$v":"USSD"},{"$i":"set-speed-dial","$v":"Snelkeuzecontacten instellen"},{"$i":"empty","$v":"Leeg"},{"$i":"voicemail","$v":"Voicemail"},{"$i":"speed-dial","$v":"Snelkiezen"},{"$i":"add","$v":"Toevoegen"},{"$i":"replace","$v":"Vervang"},{"$i":"remove-from-speed-dial","$v":"Verwijderen uit snelkeuze"},{"$i":"custom-dialog-replace-speed-dial","$v":["Weet u zeker dat u Snelkeuze ",{"t":"idOrVar","v":"oldSpeedDial"}," wilt vervangen door ",{"t":"idOrVar","v":"newSpeedDial"},"?"]},{"$i":"custom-dialog-remove-speed-dial","$v":["Weet u zeker dat u ",{"t":"idOrVar","v":"name"}," wilt verwijderen uit snelkeuze?"]},{"$i":"speed-dial-added","$v":"Snelkeuzenummer toegevoegd"},{"$i":"speed-dial-removed","$v":"Snelkeuzenummer verwijderd."},{"$i":"speed-dial-replaced","$v":"Snelkeuzenummer bijgewerkt."},{"$i":"voice-mail","$v":"Voicemail"},{"$i":"voice-mail-number","$v":["Voicemailnummer - SIM ",{"t":"idOrVar","v":"n"}]},{"$i":"voice-mail-number-single","$v":"Voicemailnummer"},{"$i":"voice-mail-number-updated","$v":"Voicemailnummer bijgewerkt"},{"$i":"found-duplicates-message","$v":"Dubbele informatie is gevonden in de volgende contacten. Wilt u samenvoegen?"},{"$i":"confirm-to-merge-contacts","$v":["Weet u zeker dat u ",{"t":"idOrVar","v":"n"}," contacten wilt samenvoegen met ",{"t":"idOrVar","v":"name"},"?"]},{"$i":"contact-merged","$v":"Contact samengevoegd"},{"$i":"find-duplicate-contacts","$v":"Dubbele contacten zoeken"},{"$i":"no-duplicate-contact-found","$v":"Geen dubbele contacten gevonden"},{"$i":"merge","$v":"Samenvoegen"},{"$i":"find-dup","$v":"Dubbele contacten zoeken"},{"$i":"find-dup-title","$v":"Dubbele contacten zoeken"},{"$i":"finding-dup-message","$v":"Zoeken naar dubbele contacten..."},{"$i":"dup-found-title","$v":"Dubbele gevonden"},{"$i":"dup-found-message","$v":"Voor uw volgende contact(en) is dubbele informatie gevonden. Wilt u de informatie samenvoegen?"},{"$i":"no-dup-found","$v":"Geen dubbele gevonden"},{"$i":"merge-conflict-warn","$v":["De volgende informatie wordt overschreven door '",{"t":"idOrVar","v":"name"},"':"]},{"$i":"merge-conflict-confirm","$v":"Weet u zeker dat u de contacten wilt samenvoegen?"},{"$i":"add-favorite","$v":"Toevoegen als favoriet"},{"$i":"remove-favorite","$v":"Niet meer markeren als favoriet"},{"$i":"favorite-contacts","$v":"Favoriete contacten"},{"$i":"add-block","$v":"Dit nummer blokkeren"},{"$i":"remove-block","$v":"Dit nummer deblokkeren"},{"$i":"add-block-email","$v":"Dit e-mailadres blokkeren"},{"$i":"remove-block-email","$v":"Dit e-mailadres deblokkeren"},{"$i":"add-block-contact-warning","$v":"U ontvangt geen oproepen of berichten van personen die zijn geblokkeerd."},{"$i":"add-block-email-warning","$v":"U ontvangt geen berichten van dit e-mailadres."},{"$i":"block","$v":"Blokkeren"},{"$i":"unblock","$v":"Blokkering opheffen"},{"$i":"block-contacts","$v":"Contacten blokkeren"},{"$i":"add-block-header","$v":"Blokkeringsnummer toevoegen"},{"$i":"remove-block-alert","$v":"Verwijderd uit Geblokkeerde contacten."},{"$i":"duplicate-block-number","$v":"Kan geen dubbel nummer toevoegen."},{"$i":"sort-contacts","$v":"Contacten sorteren"},{"$i":"sort-by-first-name","$v":"Sorteren op voornaam"},{"$i":"sort-by-last-name","$v":"Sorteren op achternaam"},{"$i":"no-support-open-multi-vcard","$v":"Kan vCard met meerdere contacten niet openen"},{"$i":"import","$v":"Importeren"},{"$i":"sdcard","$v":"Geheugenkaart"},{"$i":"simcard","$v":"SIM-kaart"},{"$i":"import-contacts","$v":"Contacten importeren"},{"$i":"simContacts-error","$v":"Kan contacten niet importeren van SIM-kaart"},{"$i":"memoryCardContacts-error","$v":"Kan contacten niet importeren van geheugenkaart"},{"$i":"novCardFiles","$v":"Geen contactenbestand beschikbaar in geheugenkaart."},{"$i":"fullDiskSpace-error","$v":"Geheugen is vol. Kan geen contacten importeren."},{"$i":"socialServiceContacts-error","$v":["Kan contacten niet importeren uit ",{"t":"idOrVar","v":"service"}]},{"$i":"socialServiceContacts-noNetwork","$v":["Geen internetverbinding, kan contacten niet importeren uit ",{"t":"idOrVar","v":"service"},"."]},{"$i":"simContacts-reading","$v":"Contacten lezen van SIM-kaart..."},{"$i":"memoryCardContacts-reading","$v":"Contacten lezen van geheugenkaart..."},{"$i":"importContactsTitle","$v":"Contacten importeren"},{"$i":"retry","$v":"Opnieuw"},{"$i":"noSimMsg","$v":"Plaats of ontgrendel uw SIM-kaart om contacten te importeren"},{"$i":"noSdcardMsg","$v":"Als u contacten wilt importeren, moet u een geheugenkaart plaatsen"},{"$i":"not-imported","$v":"Niet geïmporteerd"},{"$i":"imported","$v":"Geïmporteerd"},{"$i":"importing","$v":"Importeren"},{"$i":"contact-imported","$v":[{"t":"idOrVar","v":"imported"}," contacten geïmporteerd. ",{"t":"idOrVar","v":"dupes"}," contacten samengevoegd."]},{"$i":"contact-imported2","$v":{"one":"1 contact geïmporteerd.","zero":"Geen contacten geïmporteerd.","few":[{"t":"idOrVar","v":"imported"}," contacten geïmporteerd."],"many":[{"t":"idOrVar","v":"imported"}," contacten geïmporteerd."],"other":[{"t":"idOrVar","v":"imported"}," contacten geïmporteerd."],"two":[{"t":"idOrVar","v":"imported"}," contacten geïmporteerd."]},"$x":[{"t":"idOrVar","v":"plural"},"imported"]},{"$i":"reading-contacts-from-sim","$v":"Contact(en) van de SIM-kaart lezen..."},{"$i":"reading-contacts-from-gmail","$v":"Gmail-contact(en) lezen..."},{"$i":"reading-contacts-from-live","$v":"Outlook-contact(en) lezen..."},{"$i":"reading-contacts-from-sd","$v":"Contact(en) van de geheugenkaart lezen..."},{"$i":"reading-contacts-from-vcard","$v":"Contact(en) uit het bestand lezen..."},{"$i":"importing-contacts-from-sim","$v":"Contact(en) van de SIM-kaart importeren..."},{"$i":"importing-contacts-from-gmail","$v":"Gmail-contact(en) importeren..."},{"$i":"importing-contacts-from-live","$v":"Outlook-contact(en) importeren..."},{"$i":"importing-contacts-from-sd","$v":"Contact(en) van de geheugenkaart importeren..."},{"$i":"importing-contacts-from-vcard","$v":"Contact(en) uit het bestand importeren..."},{"$i":"connect-network-to-import","$v":"Als u contacten wilt importeren, moet u verbinding maken met een wifi- of datanetwerk"},{"$i":"importing-confirm","$v":[{"t":"idOrVar","v":"n"}," contact(en) importeren uit het bestand \"",{"t":"idOrVar","v":"fileName"},"\"?"]},{"$i":"importing-cancel-confirm","$v":"Het importproces wordt stopgezet als u dit scherm sluit. Wilt u het nog steeds sluiten?"},{"$i":"import-contact-failed","$v":"Contact importeren mislukt"},{"$i":"phone-storage-full","$v":"Telefoonopslag vol"},{"$i":"import-contact-storage-full","$v":"Kan geen contacten importeren. Verwijder app-gegevens om geheugen vrij te maken."},{"$i":"contact-import-error-disk-full","$v":"Contacten zijn niet volledig geïmporteerd omdat de opslagruimte vol is. Verwijder app-gegevens om geheugen vrij te maken."},{"$i":"contact-import-error-sim-full","$v":"Contacten niet volledig geïmporteerd omdat SIM-kaart vol is."},{"$i":"contact-import-error-unknown","$v":"Contacten niet volledig geïmporteerd vanwege een fout."},{"$i":"import-contacts-canceled","$v":"Importeren van contacten geannuleerd."},{"$i":"close","$v":"Sluiten"},{"$i":"import-process-cancel","$v":"Importproces geannuleerd."},{"$i":"import-limit-header","$v":"Limiet voor bestandsgrootte overschreden"},{"$i":"inner-import-limit-content","$v":"Een contactpersonenbestand van meer dan 10 MB kan niet worden geïmporteerd."},{"$i":"activity-import-limit-contact","$v":"De contacten zijn niet geïmporteerd omdat de limiet voor de bestandsgrootte is overschreden."},{"$i":"activity-import-limit-additional","$v":"(Bestandsgrootte moet minder dan 10 MB zijn.)"},{"$i":"bluetooth","$v":"Bluetooth"},{"$i":"export","$v":"Exporteren"},{"$i":"export-contacts","$v":"Contacten exporteren"},{"$i":"simExport-title","$v":"Exporteren naar SIM"},{"$i":"memoryCardExport-title","$v":"Exporteren naar geheugenkaart"},{"$i":"btExport-title","$v":"Exporteren naar Bluetooth"},{"$i":"noSimMsgExport","$v":"Als u contacten wilt exporteren, moet u een SIM-kaart plaatsen of ontgrendelen"},{"$i":"noSdcardExport","$v":"Plaats een geheugenkaart om contacten te exporteren"},{"$i":"bluetoothNoConnection","$v":"Als u contacten wilt exporteren, moet u een Bluetooth-apparaat aansluiten."},{"$i":"contact-exported","$v":[{"t":"idOrVar","v":"exported"}," contacten geëxporteerd."]},{"$i":"contact-exported2","$v":{"zero":"Geen contact geëxporteerd.","one":"1 contact geëxporteerd.","few":[{"t":"idOrVar","v":"exported"}," contacten geëxporteerd."],"many":[{"t":"idOrVar","v":"exported"}," contacten geëxporteerd."],"other":[{"t":"idOrVar","v":"exported"}," contacten geëxporteerd."],"two":[{"t":"idOrVar","v":"exported"}," contacten geëxporteerd."]},"$x":[{"t":"idOrVar","v":"plural"},"exported"]},{"$i":"export-contact-failed","$v":"Exporteren van contact mislukt"},{"$i":"contact-export-error-sim-full","$v":"Het exporteren van contacten is niet voltooid omdat de SIM-kaart vol is."},{"$i":"contact-export-error-sd-full","$v":"Contacten niet volledig geëxporteerd omdat geheugenkaart vol is."},{"$i":"contact-export-error-unknown","$v":"Contacten niet volledig geëxporteerd vanwege een fout."},{"$i":"contact-export-canceled","$v":"Exportproces is geannuleerd"},{"$i":"save","$v":"Opslaan"},{"$i":"back","$v":"Terug"},{"$i":"givenName","$v":"Voornaam"},{"$i":"familyName","$v":"Achternaam"},{"$i":"name","$v":"Naam"},{"$i":"org","$v":"Bedrijf"},{"$i":"ringtone","$v":"Beltoon"},{"$i":"note","$v":"Opmerking"},{"$i":"photo","$v":"Afbeelding"},{"$i":"email","$v":"E-mail"},{"$i":"adr","$v":"Adres"},{"$i":"custom","$v":"Aangepast"},{"$i":"confirm-discard-contact-data","$v":"Contactinformatie wordt verwijderd. Wilt u dit contact opslaan?"},{"$i":"confirm-discard-contact-update-data","$v":"De wijzigingen worden verwijderd. Wilt u dit contant opslaan?"},{"$i":"discard-contact-data","$v":"De wijzigingen worden verwijderd."},{"$i":"discard","$v":"Weggooien"},{"$i":"add-others","$v":"Anderen toevoegen"},{"$i":"custom-label","$v":"Aangepast label"},{"$i":"input-the-custom-type","$v":"Voer aangepast type in"},{"$i":"contact-added","$v":"Contact toegevoegd."},{"$i":"delete-prompt-message","$v":[{"t":"idOrVar","v":"field"}," verwijderen?"]},{"$i":"delete-photo-msg","$v":"afbeelding"},{"$i":"delete-ringtone-msg","$v":"beltoon"},{"$i":"delete-bday-msg","$v":"verjaardag"},{"$i":"delete-note-msg","$v":"Opmerking"},{"$i":"delete-org-msg","$v":"bedrijf"},{"$i":"personal","$v":"Persoonlijk"},{"$i":"mobile","$v":"Mobiel"},{"$i":"current","$v":"Huidig"},{"$i":"home","$v":"Thuis"},{"$i":"work","$v":"Werk"},{"$i":"other","$v":"Anders"},{"$i":"fax-home","$v":"Fax thuis"},{"$i":"fax-office","$v":"Fax kantoor"},{"$i":"fax-other","$v":"Fax anders"},{"$i":"add-phone","$v":"Telefoon toevoegen"},{"$i":"add-tel","$v":"Telefoonnummer toevoegen"},{"$i":"add-email","$v":"E-mail toevoegen"},{"$i":"add-ringtone","$v":"Beltoon toevoegen"},{"$i":"add-adr","$v":"Adres toevoegen"},{"$i":"add-bday","$v":"Verjaardag toevoegen"},{"$i":"add-photo","$v":"Afbeelding toevoegen"},{"$i":"add-note","$v":"Notitie toevoegen"},{"$i":"add-org","$v":"Bedrijf toevoegen"},{"$i":"add-tel-number","$v":"Een telefoonnummer toevoegen"},{"$i":"delete-tel","$v":"Telefoonnummer verwijderen"},{"$i":"delete-email","$v":"E-mail verwijderen"},{"$i":"delete-ringtone","$v":"Beltoon verwijderen"},{"$i":"delete-adr","$v":"Adres verwijderen"},{"$i":"delete-bday","$v":"Verjaardag verwijderen"},{"$i":"delete-photo","$v":"Afbeelding verwijderen"},{"$i":"delete-note","$v":"Notitie verwijderen"},{"$i":"delete-org","$v":"Bedrijf verwijderen"},{"$i":"edit-tel-type","$v":"Telefoontype bewerken"},{"$i":"edit-email-type","$v":"E-mailtype bewerken"},{"$i":"edit-adr-type","$v":"Adrestype bewerken"},{"$i":"edit-bday-type","$v":"Verjaardag bewerken"},{"$i":"replace-photo","$v":"Afbeelding wijzigen"},{"$i":"replace-ringtone","$v":"Beltoon wijzigen"},{"$i":"mobile-tel","$v":"Mobiele telefoon"},{"$i":"home-tel","$v":"Thuistelefoon"},{"$i":"work-tel","$v":"Werktelefoon"},{"$i":"personal-tel","$v":"Persoonlijke telefoon"},{"$i":"fax-home-tel","$v":"Fax thuis"},{"$i":"fax-office-tel","$v":"Kantoorfax"},{"$i":"fax-other-tel","$v":"Andere fax"},{"$i":"other-tel","$v":"Andere telefoon"},{"$i":"personal-email","$v":"Persoonlijke e-mail"},{"$i":"work-email","$v":"Werk-e-mail"},{"$i":"other-email","$v":"Andere e-mail"},{"$i":"custom-email","$v":[{"t":"idOrVar","v":"type"}," e-mail"]},{"$i":"custom-tel","$v":[{"t":"idOrVar","v":"type"}," telefoon"]},{"$i":"personal-adr","$v":"Persoonlijk adres"},{"$i":"current-adr","$v":"Huidig adres"},{"$i":"home-adr","$v":"Thuisadres"},{"$i":"work-adr","$v":"Werkadres"},{"$i":"custom-adr","$v":[{"t":"idOrVar","v":"type"}," adres"]},{"$i":"bday","$v":"Verjaardag"},{"$i":"birthday","$v":"Verjaardag"},{"$i":"streetAddress","$v":"Straat"},{"$i":"locality","$v":"Plaats"},{"$i":"postalCode","$v":"Postcode"},{"$i":"countryName","$v":"Land"},{"$i":"region","$v":"Status"},{"$i":"no-name","$v":"Geen naam"},{"$i":"new-contact","$v":"Nieuw"},{"$i":"options","$v":"Opties"},{"$i":"cancel","$v":"Annuleren"},{"$i":"settings","$v":"Instellingen"},{"$i":"edit","$v":"Bewerken"},{"$i":"share","$v":"Delen"},{"$i":"remove","$v":"Verwijderen"},{"$i":"compose","$v":"Opstellen"},{"$i":"new-contact-title","$v":"Nieuw contact"},{"$i":"edit-title","$v":"Contact bewerken"},{"$i":"music","$v":"Muziek"},{"$i":"adr-type","$v":"Adrestype"},{"$i":"email-type","$v":"E-mailtype"},{"$i":"tel-type","$v":"Telefoontype"},{"$i":"ICEContactsGroup","$v":"ICE-contacten"},{"$i":"setICEButton","$v":"ICE-contacten instellen"},{"$i":"ICESettingTitle","$v":"ICE-contacten"},{"$i":"ICEDescription","$v":"Voeg vijf contacten toe voor 'In Case of Emergency'-oproepen (noodoproepen)."},{"$i":"ICEContact","$v":["ICE-contact ",{"t":"idOrVar","v":"n"}]},{"$i":"ICESelectContact","$v":"Een contact selecteren"},{"$i":"delete-ice-contact-warning","$v":"Weet u zeker dat u het ICE-contact wilt verwijderen?"},{"$i":"confirm","$v":"Bevestiging"},{"$i":"add-ice-failed","$v":"ICE toevoegen mislukt"},{"$i":"create-group","$v":"Groep maken"},{"$i":"group-name","$v":"Groepsnaam"},{"$i":"group","$v":"Groep"},{"$i":"new-group-created","$v":"Nieuwe groep is gemaakt."},{"$i":"create-group-failed","$v":"Groep maken mislukt."},{"$i":"create-group-too-many","$v":["U kunt slechts ",{"t":"idOrVar","v":"number"}," groepen maken."]},{"$i":"create-group-duplicate","$v":"Dubbele naam."},{"$i":"rename-group-failed","$v":"Groep hernoemen mislukt."},{"$i":"new-group","$v":"Nieuw"},{"$i":"rename","$v":"Naam wijzigen"},{"$i":"duplicate-removed","$v":"Dubbel(e) contact(en) verwijderd."},{"$i":"add-to-group","$v":"Aan groep toevoegen"},{"$i":"remove-from-group","$v":"Verwijderen uit groep"},{"$i":"added-to","$v":["Toegevoegd aan ",{"t":"idOrVar","v":"group"}]},{"$i":"removed-from","$v":["Verwijderd uit ",{"t":"idOrVar","v":"group"}]},{"$i":"select-group","$v":"Selecteer groep"},{"$i":"rename-group","$v":"Groep hernoemen"},{"$i":"delete-group","$v":["Weet u zeker dat u ",{"t":"idOrVar","v":"group"}," wilt verwijderen?"]},{"$i":"unable-add-warn","$v":"Kan geen accountcontact aan groep toevoegen."},{"$i":"edit-contact","$v":"Contact bewerken"},{"$i":"send-message","$v":"Bericht verzenden"},{"$i":"call","$v":"Oproep"},{"$i":"call-sim-1","$v":"Bellen - SIM 1"},{"$i":"call-sim-2","$v":"Bellen - SIM 2"},{"$i":"send-email","$v":"E-mail verzenden"},{"$i":"choose-number","$v":"Selecteer nummer"},{"$i":"choose-email-address","$v":"Selecteer e-mailadres"},{"$i":"delete","$v":"Verwijderen"},{"$i":"select","$v":"Selecteer"},{"$i":"select-all","$v":"Alles selecteren"},{"$i":"select-all2","$v":"Alle"},{"$i":"deselect-all","$v":"Alle selecties opheffen"},{"$i":"deselect-all2","$v":"Geen"},{"$i":"deselect","$v":"Selectie opheffen"},{"$i":"selected-contacts","$v":{"few":[{"t":"idOrVar","v":"n"}," geselecteerd"],"many":[{"t":"idOrVar","v":"n"}," geselecteerd"],"one":[{"t":"idOrVar","v":"n"}," geselecteerd"],"other":[{"t":"idOrVar","v":"n"}," geselecteerd"],"two":[{"t":"idOrVar","v":"n"}," geselecteerd"],"zero":[{"t":"idOrVar","v":"n"}," geselecteerd"]},"$x":[{"t":"idOrVar","v":"plural"},"n"]},{"$i":"massive-delete","$v":"Contacten verwijderen"},{"$i":"confirm-contact-delete","$v":["Weet u zeker dat u het contact '",{"t":"idOrVar","v":"name"},"' wilt verwijderen?"]},{"$i":"DeletedTxt","$v":{"few":[{"t":"idOrVar","v":"n"}," contacten verwijderd"],"many":[{"t":"idOrVar","v":"n"}," contacten verwijderd"],"one":"1 contact verwijderd","other":[{"t":"idOrVar","v":"n"}," contacten verwijderd"],"two":[{"t":"idOrVar","v":"n"}," contacten verwijderd"],"zero":"Geen contact om te verwijderen"},"$x":[{"t":"idOrVar","v":"plural"},"n"]},{"$i":"DeletingContacts","$v":"Contacten verwijderen"},{"$i":"DeletingContactsProgressing","$v":"Contacten worden verwijderd"},{"$i":"ContactConfirmDel","$v":{"few":[{"t":"idOrVar","v":"n"}," contacten verwijderen? Dit kan niet ongedaan worden gemaakt."],"many":[{"t":"idOrVar","v":"n"}," contacten verwijderen? Dit kan niet ongedaan worden gemaakt."],"one":"1 contact verwijderen? Dit kan niet ongedaan worden gemaakt.","other":[{"t":"idOrVar","v":"n"}," contacten verwijderen? Dit kan niet ongedaan worden gemaakt."],"two":[{"t":"idOrVar","v":"n"}," contacten verwijderen? Dit kan niet ongedaan worden gemaakt."],"zero":"Geen contact om te verwijderen"},"$x":[{"t":"idOrVar","v":"plural"},"n"]},{"$i":"contact-deleted","$v":{"zero":"Geen contact verwijderd","one":"1 contact verwijderd","few":[{"t":"idOrVar","v":"n"}," contacten verwijderd"],"many":[{"t":"idOrVar","v":"n"}," contacten verwijderd"],"other":[{"t":"idOrVar","v":"n"}," contacten verwijderd"],"two":[{"t":"idOrVar","v":"n"}," contacten verwijderd"]},"$x":[{"t":"idOrVar","v":"plural"},"n"]},{"$i":"a-contact-deleted","$v":"Contact verwijderd."},{"$i":"settings-title","$v":"Contactinstellingen"},{"$i":"change-will-update-until-restart","$v":"Wijzigingen worden bijgewerkt de volgende keer dat Contacten wordt gestart."},{"$i":"transfer-contacts","$v":"Contacten overzetten"},{"$i":"service-number","$v":"Servicenummer"},{"$i":"no-contacts-found","$v":"Geen overeenkomst gevonden."},{"$i":"search","$v":"Contacten doorzoeken","placeholder":"Contacten doorzoeken"},{"$i":"search-option","$v":"Zoeken"},{"$i":"accounts","$v":"Accounts"},{"$i":"account","$v":"Account"},{"$i":"add-account","$v":"Account toevoegen"},{"$i":"add-account-failed","$v":"Er is een onbekende fout opgetreden. Probeer het later opnieuw."},{"$i":"duplicate-account-warn","$v":"Account bestaat al. Synchroniseren is ingeschakeld."},{"$i":"setting-up-account","$v":"Account instellen"},{"$i":"no-network-warn","$v":"Geen internetverbinding."},{"$i":"username","$v":"Gebruikersnaam"},{"$i":"password","$v":"Wachtwoord"},{"$i":"delete-account","$v":"Account verwijderen"},{"$i":"delete-account-long","$v":"Account verwijderen"},{"$i":"delete-account-warn","$v":"Als u dit account verwijdert, worden apps die dit account gebruiken ook beïnvloed."},{"$i":"deleting-account","$v":"Account verwijderen"},{"$i":"delete-account-failed","$v":"Account verwijderen mislukt, probeer het later opnieuw."},{"$i":"delete-account-ok","$v":"Account verwijderd."},{"$i":"sync","$v":"Synchroniseren"},{"$i":"sync-title","$v":"Contacten synchroniseren"},{"$i":"sync-failed-warn","$v":"Synchroniseren is mislukt."},{"$i":"sync-off-warn","$v":"Synchroniseren is uitgeschakeld in Instellingen."},{"$i":"show-account-contacts","$v":"Accountcontacten weergeven"},{"$i":"sync-account-contacts","$v":"Accountcontacten synchroniseren"},{"$i":"sync-account-contacts-warning","$v":["Geen enkele bewerking van een accountcontact leidt tot synchronisatie met de cloud wanneer de \"",{"t":"idOrVar","v":"switch"},"\" is gedeselecteerd. Wilt u deze toch deselecteren?"]},{"$i":"yes","$v":"Ja"},{"$i":"all-contacts-synced","$v":"Alle contacten zijn gesynchroniseerd."},{"$i":"contact-syncing","$v":"Contacten synchroniseren..."},{"$i":"contacts-sync-limit-exceed","$v":"Contacten zijn niet volledig geïmporteerd omdat de limiet voor contacten is overschreden."},{"$i":"show-password","$v":"Wachtwoord weergeven"},{"$i":"password-incorrect","$v":"Wachtwoord onjuist."},{"$i":"re-enter-password","$v":"Wachtwoord opnieuw invoeren"},{"$i":"accessing-warn","$v":"Er was een probleem bij de toegang tot uw account."},{"$i":"accessing-warn-password","$v":"Voer uw wachtwoord opnieuw in."},{"$i":"re-enter-password-on-setting","$v":"Voer uw wachtwoord voor Contacten-instelling opnieuw in."},{"$i":"accessing-warn-relogin","$v":"Verwijder het account en log opnieuw in."},{"$i":"update-password-failed","$v":"Wachtwoord bijwerken mislukt, probeer het later opnieuw."},{"$i":"connect-time-out","$v":["Kan geen verbinding maken met \"",{"t":"idOrVar","v":"server"},"\". Er is mogelijk een probleem met het netwerk."]},{"$i":"server-error","$v":"Server niet beschikbaar. Probeer het later opnieuw."},{"$i":"loading","$v":"Laden..."},{"$i":"ellipsis","$v":"..."},{"$i":"stop-syncing-warn-title","$v":"Contacten synchroniseren"},{"$i":"stop-syncing-warn","$v":"Als u de app sluit, zal het synchronisatieproces van de contacten worden stopgezet. Wilt u de app nog steeds sluiten?"},{"$i":"weekday-0-long","$v":"zondag"},{"$i":"weekday-1-long","$v":"maandag"},{"$i":"weekday-2-long","$v":"dinsdag"},{"$i":"weekday-3-long","$v":"woensdag"},{"$i":"weekday-4-long","$v":"donderdag"},{"$i":"weekday-5-long","$v":"vrijdag"},{"$i":"weekday-6-long","$v":"zaterdag"},{"$i":"weekday-0-short","$v":"Zon"},{"$i":"weekday-1-short","$v":"Maa"},{"$i":"weekday-2-short","$v":"Din"},{"$i":"weekday-3-short","$v":"Woe"},{"$i":"weekday-4-short","$v":"Don"},{"$i":"weekday-5-short","$v":"Vrij"},{"$i":"weekday-6-short","$v":"Zat"},{"$i":"month-0-long","$v":"januari"},{"$i":"month-1-long","$v":"februari"},{"$i":"month-2-long","$v":"maart"},{"$i":"month-3-long","$v":"april"},{"$i":"month-4-long","$v":"mei"},{"$i":"month-5-long","$v":"juni"},{"$i":"month-6-long","$v":"juli"},{"$i":"month-7-long","$v":"augustus"},{"$i":"month-8-long","$v":"september"},{"$i":"month-9-long","$v":"oktober"},{"$i":"month-10-long","$v":"november"},{"$i":"month-11-long","$v":"december"},{"$i":"month-0-genitive","$v":"januari"},{"$i":"month-1-genitive","$v":"februari"},{"$i":"month-2-genitive","$v":"maart"},{"$i":"month-3-genitive","$v":"april"},{"$i":"month-4-genitive","$v":"mei"},{"$i":"month-5-genitive","$v":"juni"},{"$i":"month-6-genitive","$v":"juli"},{"$i":"month-7-genitive","$v":"augustus"},{"$i":"month-8-genitive","$v":"september"},{"$i":"month-9-genitive","$v":"oktober"},{"$i":"month-10-genitive","$v":"november"},{"$i":"month-11-genitive","$v":"december"},{"$i":"month-0-short","$v":"Jan"},{"$i":"month-1-short","$v":"Feb"},{"$i":"month-2-short","$v":"Maa"},{"$i":"month-3-short","$v":"Apr"},{"$i":"month-4-short","$v":"mei"},{"$i":"month-5-short","$v":"Jun"},{"$i":"month-6-short","$v":"Jul"},{"$i":"month-7-short","$v":"Aug"},{"$i":"month-8-short","$v":"Sep"},{"$i":"month-9-short","$v":"Okt"},{"$i":"month-10-short","$v":"Nov"},{"$i":"month-11-short","$v":"Dec"},{"$i":"minutes-ago-long","$v":{"few":[{"t":"idOrVar","v":"value"}," minuten geleden"],"many":[{"t":"idOrVar","v":"value"}," minuten geleden"],"other":[{"t":"idOrVar","v":"value"}," minuten geleden"],"two":[{"t":"idOrVar","v":"value"}," minuten geleden"],"one":"een minuut geleden","zero":"Zojuist"},"$x":[{"t":"idOrVar","v":"plural"},"value"]},{"$i":"hours-ago-long","$v":{"few":[{"t":"idOrVar","v":"value"}," uur geleden"],"many":[{"t":"idOrVar","v":"value"}," uur geleden"],"other":[{"t":"idOrVar","v":"value"}," uur geleden"],"two":[{"t":"idOrVar","v":"value"}," uur geleden"],"one":"een uur geleden","zero":"Zojuist"},"$x":[{"t":"idOrVar","v":"plural"},"value"]},{"$i":"days-ago-long","$v":{"few":[{"t":"idOrVar","v":"value"}," dagen geleden"],"many":[{"t":"idOrVar","v":"value"}," dagen geleden"],"one":"gisteren","other":[{"t":"idOrVar","v":"value"}," dagen geleden"],"two":[{"t":"idOrVar","v":"value"}," dagen geleden"],"zero":"vandaag"},"$x":[{"t":"idOrVar","v":"plural"},"value"]},{"$i":"weeks-ago-long","$v":{"few":[{"t":"idOrVar","v":"value"}," weken geleden"],"many":[{"t":"idOrVar","v":"value"}," weken geleden"],"one":"vorige week","other":[{"t":"idOrVar","v":"value"}," weken geleden"],"two":[{"t":"idOrVar","v":"value"}," weken geleden"],"zero":"deze week"},"$x":[{"t":"idOrVar","v":"plural"},"value"]},{"$i":"months-ago-long","$v":{"few":[{"t":"idOrVar","v":"value"}," maanden geleden"],"many":[{"t":"idOrVar","v":"value"}," maanden geleden"],"one":"vorige maand","other":[{"t":"idOrVar","v":"value"}," maanden geleden"],"two":[{"t":"idOrVar","v":"value"}," maanden geleden"],"zero":"deze maand"},"$x":[{"t":"idOrVar","v":"plural"},"value"]},{"$i":"years-ago-long","$v":{"few":[{"t":"idOrVar","v":"value"}," jaar geleden"],"many":[{"t":"idOrVar","v":"value"}," jaar geleden"],"one":"vorig jaar","other":[{"t":"idOrVar","v":"value"}," jaar geleden"],"two":[{"t":"idOrVar","v":"value"}," jaar geleden"],"zero":"dit jaar"},"$x":[{"t":"idOrVar","v":"plural"},"value"]},{"$i":"minutes-until-long","$v":{"few":["over ",{"t":"idOrVar","v":"value"}," minuten"],"many":["over ",{"t":"idOrVar","v":"value"}," minuten"],"other":["over ",{"t":"idOrVar","v":"value"}," minuten"],"two":["over ",{"t":"idOrVar","v":"value"}," minuten"],"zero":"nu","one":"over een minuut"},"$x":[{"t":"idOrVar","v":"plural"},"value"]},{"$i":"hours-until-long","$v":{"few":["over ",{"t":"idOrVar","v":"value"}," uur"],"many":["over ",{"t":"idOrVar","v":"value"}," uur"],"other":["over ",{"t":"idOrVar","v":"value"}," uur"],"two":["over ",{"t":"idOrVar","v":"value"}," uur"],"zero":"nu","one":"over een uur"},"$x":[{"t":"idOrVar","v":"plural"},"value"]},{"$i":"days-until-long","$v":{"few":["over ",{"t":"idOrVar","v":"value"}," dagen"],"many":["over ",{"t":"idOrVar","v":"value"}," dagen"],"one":"morgen","other":["over ",{"t":"idOrVar","v":"value"}," dagen"],"two":["over ",{"t":"idOrVar","v":"value"}," dagen"],"zero":"vandaag"},"$x":[{"t":"idOrVar","v":"plural"},"value"]},{"$i":"weeks-until-long","$v":{"few":["over ",{"t":"idOrVar","v":"value"}," weken"],"many":["over ",{"t":"idOrVar","v":"value"}," weken"],"one":"volgende week","other":["over ",{"t":"idOrVar","v":"value"}," weken"],"two":["over ",{"t":"idOrVar","v":"value"}," weken"],"zero":"deze week"},"$x":[{"t":"idOrVar","v":"plural"},"value"]},{"$i":"months-until-long","$v":{"few":["over ",{"t":"idOrVar","v":"value"}," maanden"],"many":["over ",{"t":"idOrVar","v":"value"}," maanden"],"one":"volgende maand","other":["over ",{"t":"idOrVar","v":"value"}," maanden"],"two":["over ",{"t":"idOrVar","v":"value"}," maanden"],"zero":"deze maand"},"$x":[{"t":"idOrVar","v":"plural"},"value"]},{"$i":"years-until-long","$v":{"few":["over ",{"t":"idOrVar","v":"value"}," jaar"],"many":["over ",{"t":"idOrVar","v":"value"}," jaar"],"one":"volgend jaar","other":["over ",{"t":"idOrVar","v":"value"}," jaar"],"two":["over ",{"t":"idOrVar","v":"value"}," jaar"],"zero":"dit jaar"},"$x":[{"t":"idOrVar","v":"plural"},"value"]},{"$i":"minutes-ago-short","$v":{"other":[{"t":"idOrVar","v":"value"},"m geleden"],"zero":"Zojuist"},"$x":[{"t":"idOrVar","v":"plural"},"value"]},{"$i":"hours-ago-short","$v":{"other":[{"t":"idOrVar","v":"value"},"u geleden"],"zero":"Zojuist"},"$x":[{"t":"idOrVar","v":"plural"},"value"]},{"$i":"days-ago-short","$v":{"other":[{"t":"idOrVar","v":"value"},"d geleden"],"zero":"vandaag"},"$x":[{"t":"idOrVar","v":"plural"},"value"]},{"$i":"minutes-until-short","$v":{"other":["over ",{"t":"idOrVar","v":"value"},"m"],"zero":"nu"},"$x":[{"t":"idOrVar","v":"plural"},"value"]},{"$i":"hours-until-short","$v":{"other":["over ",{"t":"idOrVar","v":"value"},"u"],"zero":"nu"},"$x":[{"t":"idOrVar","v":"plural"},"value"]},{"$i":"days-until-short","$v":{"other":["over ",{"t":"idOrVar","v":"value"},"d"],"zero":"vandaag"},"$x":[{"t":"idOrVar","v":"plural"},"value"]},{"$i":"incorrectDate","$v":"(onjuiste datum)"},{"$i":"dateTimeFormat_%c","$v":"%a %b %e %Y %I:%M:%S %p"},{"$i":"dateTimeFormat_%x","$v":"%m/%d/%Y"},{"$i":"dateTimeFormat_%X","$v":"%I:%M:%S %p"},{"$i":"shortTimeFormat","$v":"%I:%M %p"},{"$i":"shortTimeFormat12","$v":"%I:%M %p"},{"$i":"shortTimeFormat24","$v":"%H:%M"},{"$i":"shortDateTimeFormat","$v":"%x %I:%M %p"},{"$i":"weekStartsOnMonday","$v":"0.0"},{"$i":"firstDayOfTheWeek","$v":"1.0"},{"$i":"time_am","$v":"AM"},{"$i":"time_pm","$v":"PM"},{"$i":"sim-with-index-and-carrier","$v":["SIM ",{"t":"idOrVar","v":"index"}," - ",{"t":"idOrVar","v":"carrier"}]},{"$i":"sim-without-carrier","$v":["SIM ",{"t":"idOrVar","v":"index"}]}]