[{"$i":"contacts","$v":"Kontakty"},{"$i":"view","$v":"Wyświetl"},{"$i":"no-contacts","$v":"Brak kontaktów"},{"$i":"reading-contacts","$v":"Wczytywanie kontaktów"},{"$i":"start-adding","$v":"Naciśnij przycisk „Nowy” lub przejdź do ustawień, aby dodać kontakty."},{"$i":"no-contact-available","$v":"Brak dostępnych kontaktów"},{"$i":"requested-contact-not-available","$v":"Wymagane informacje nie są dostępne w przypadku istniejących kontaktów"},{"$i":"cannot-add-as-empty","$v":"Nie można dodać do kontaktu, ponieważ lista kontaktów jest pusta"},{"$i":"ok","$v":"OK"},{"$i":"no-phone-number-to-dial","$v":"Brak numeru telefonu do połączenia"},{"$i":"video-call","$v":"Połączenie wideo"},{"$i":"rtt-call","$v":"Połączenie RTT"},{"$i":"select-a-contact","$v":"Wybierz kontakt"},{"$i":"multi-pick-max-warn","$v":["Maksymalna wybrana liczba to ",{"t":"idOrVar","v":"n"}]},{"$i":"add-contact-failed","$v":"Dodawanie kontaktu nie powiodło się"},{"$i":"no-sim-card-available","$v":"Brak dostępnej karty SIM"},{"$i":"email-cannot-add-to-sim","$v":"Obecny wybór pamięci nie obsługuje poczty e-mail."},{"$i":"add-info-failed","$v":"Dodanie informacji nie powiodło się"},{"$i":"no-contact-to-add","$v":"Nie są dostępne żadne kontakty, które można dodać."},{"$i":"move","$v":"Przenieś"},{"$i":"copy","$v":"Kopiuj"},{"$i":"copy-contacts","$v":"Kopiuj kontakty"},{"$i":"move-contacts","$v":"Przenieś kontakty"},{"$i":"phone-memory","$v":"Pamięć telefonu"},{"$i":"sim-memory","$v":"Pamięć SIM"},{"$i":"sim-0-memory","$v":"Pamięć SIM 1"},{"$i":"sim-1-memory","$v":"Pamięć SIM 2"},{"$i":"move-from","$v":"Przenieś z"},{"$i":"copy-from","$v":"Kopiuj z"},{"$i":"to","$v":"Do"},{"$i":"move-contacts-progressing","$v":"Przenoszenie kontaktów..."},{"$i":"copy-contacts-progressing","$v":"Kopiowanie kontaktów..."},{"$i":"contact-move-to-sim","$v":{"few":["Na kartę SIM przeniesiono ",{"t":"idOrVar","v":"migrated"}," kontakty."],"many":["Na kartę SIM przeniesiono ",{"t":"idOrVar","v":"migrated"}," kontaktów."],"one":"Na kartę SIM przeniesiono 1 kontakt.","other":["Na kartę SIM przeniesiono ",{"t":"idOrVar","v":"migrated"}," kontaktu."],"two":["Na kartę SIM przeniesiono ",{"t":"idOrVar","v":"migrated"}," kontakty."],"zero":"Na kartę SIM nie przeniesiono żadnego kontaktu."},"$x":[{"t":"idOrVar","v":"plural"},"migrated"]},{"$i":"contact-copy-to-sim","$v":{"few":["Na kartę SIM skopiowano ",{"t":"idOrVar","v":"migrated"}," kontakty."],"many":["Na kartę SIM skopiowano ",{"t":"idOrVar","v":"migrated"}," kontaktów."],"one":"Na kartę SIM skopiowano 1 kontakt.","other":["Na kartę SIM skopiowano ",{"t":"idOrVar","v":"migrated"}," kontaktu."],"two":["Na kartę SIM skopiowano ",{"t":"idOrVar","v":"migrated"}," kontakty."],"zero":"Na kartę SIM nie skopiowano żadnych kontaktów."},"$x":[{"t":"idOrVar","v":"plural"},"migrated"]},{"$i":"contact-move-to-sim0","$v":{"few":["Na kartę SIM 1 przeniesiono ",{"t":"idOrVar","v":"migrated"}," kontakty."],"many":["Na kartę SIM 1 przeniesiono ",{"t":"idOrVar","v":"migrated"}," kontaktów."],"one":"Na kartę SIM 1 przeniesiono 1 kontakt.","other":["Na kartę SIM 1 przeniesiono ",{"t":"idOrVar","v":"migrated"}," kontaktu."],"two":["Na kartę SIM 1 przeniesiono ",{"t":"idOrVar","v":"migrated"}," kontakty."],"zero":"Na kartę SIM 1 nie przeniesiono żadnego kontaktu."},"$x":[{"t":"idOrVar","v":"plural"},"migrated"]},{"$i":"contact-copy-to-sim0","$v":{"few":["Na kartę SIM 1 skopiowano ",{"t":"idOrVar","v":"migrated"}," kontakty."],"many":["Na kartę SIM 1 skopiowano ",{"t":"idOrVar","v":"migrated"}," kontaktów."],"one":"Na kartę SIM 1 skopiowano 1 kontakt.","other":["Na kartę SIM 1 skopiowano ",{"t":"idOrVar","v":"migrated"}," kontaktu."],"two":["Na kartę SIM 1 skopiowano ",{"t":"idOrVar","v":"migrated"}," kontakty."],"zero":"Na kartę SIM 1 nie skopiowano żadnego kontaktu."},"$x":[{"t":"idOrVar","v":"plural"},"migrated"]},{"$i":"contact-move-to-sim1","$v":{"few":["Na kartę SIM 2 przeniesiono ",{"t":"idOrVar","v":"migrated"}," kontakty."],"many":["Na kartę SIM 2 przeniesiono ",{"t":"idOrVar","v":"migrated"}," kontaktów."],"one":"Na kartę SIM 2 przeniesiono 1 kontakt.","other":["Na kartę SIM 2 przeniesiono ",{"t":"idOrVar","v":"migrated"}," kontaktu."],"two":["Na kartę SIM 2 przeniesiono ",{"t":"idOrVar","v":"migrated"}," kontakty."],"zero":"Na kartę SIM 2 nie przeniesiono żadnego kontaktu."},"$x":[{"t":"idOrVar","v":"plural"},"migrated"]},{"$i":"contact-copy-to-sim1","$v":{"few":["Na kartę SIM 2 skopiowano ",{"t":"idOrVar","v":"migrated"}," kontakty."],"many":["Na kartę SIM 2 skopiowano ",{"t":"idOrVar","v":"migrated"}," kontaktów."],"one":"Na kartę SIM 2 skopiowano 1 kontakt.","other":["Na kartę SIM 2 skopiowano ",{"t":"idOrVar","v":"migrated"}," kontaktu."],"two":["Na kartę SIM 2 skopiowano ",{"t":"idOrVar","v":"migrated"}," kontakty."],"zero":"Na kartę SIM 2 nie skopiowano żadnego kontaktu."},"$x":[{"t":"idOrVar","v":"plural"},"migrated"]},{"$i":"contact-move-to-device","$v":{"one":"Do pamięci urządzenia przeniesiono 1 kontakt.","zero":"Do pamięci urządzenia nie przeniesiono żadnego kontaktu.","few":["Do pamięci urządzenia przeniesiono ",{"t":"idOrVar","v":"migrated"}," kontakty."],"many":["Do pamięci urządzenia przeniesiono ",{"t":"idOrVar","v":"migrated"}," kontaktów."],"other":["Do pamięci urządzenia przeniesiono ",{"t":"idOrVar","v":"migrated"}," kontaktu."],"two":["Do pamięci urządzenia przeniesiono ",{"t":"idOrVar","v":"migrated"}," kontakty."]},"$x":[{"t":"idOrVar","v":"plural"},"migrated"]},{"$i":"contact-copy-to-device","$v":{"one":"Do pamięci urządzenia skopiowano 1 kontakt.","zero":"Do pamięci urządzenia nie skopiowano żadnego kontaktu.","few":["Do pamięci urządzenia skopiowano ",{"t":"idOrVar","v":"migrated"}," kontakty."],"many":["Do pamięci urządzenia skopiowano ",{"t":"idOrVar","v":"migrated"}," kontaktów."],"other":["Do pamięci urządzenia skopiowano ",{"t":"idOrVar","v":"migrated"}," kontaktu."],"two":["Do pamięci urządzenia skopiowano ",{"t":"idOrVar","v":"migrated"}," kontakty."]},"$x":[{"t":"idOrVar","v":"plural"},"migrated"]},{"$i":"copy-contact-failed","$v":"Kopiowanie kontaktów nie powiodło się"},{"$i":"move-contact-failed","$v":"Przenoszenie kontaktów nie powiodło się"},{"$i":"contact-copy-error-sim-full","$v":"Kopiowanie kontaktów nie zostało ukończone, ponieważ karta SIM jest pełna."},{"$i":"contact-copy-error-unknown","$v":"Kopiowanie kontaktów nie zostało ukończone z powodu błędu."},{"$i":"contact-copy-error-limit-exceeded","$v":"Kopiowanie kontaktów nie zostało zakończone z powodu przekroczenia limitu kontaktów w telefonie."},{"$i":"contact-move-error-sim-full","$v":"Przenoszenie kontaktów nie zostało ukończone, ponieważ karta SIM jest pełna."},{"$i":"contact-move-error-unknown","$v":"Przenoszenie kontaktów nie zostało ukończone z powodu błędu."},{"$i":"contact-move-error-limit-exceeded","$v":"Przenoszenie kontaktów nie zostało zakończone z powodu przekroczenia limitu kontaktów w telefonie."},{"$i":"contact-save-error-unknown","$v":"Zapisywanie kontaktu nie zostało ukończone z powodu błędu."},{"$i":"memory","$v":"Memory"},{"$i":"phone-and-sim","$v":"Telefon i karta SIM"},{"$i":"phone","$v":"Telefon"},{"$i":"sim","$v":"SIM"},{"$i":"reloading-contact","$v":"Ponowne wczytywanie kontaktów..."},{"$i":"contact-reloaded","$v":"Ponownie wczytano kontakty"},{"$i":"message","$v":"Wiadomość"},{"$i":"changes-saved","$v":"Zapisano zmiany."},{"$i":"already-ice-contact","$v":"Wybrany kontakt został już ustawiony jako ICE."},{"$i":"phone-contacts-limit-exceeded","$v":"Przekroczono liczbę kontaktów w telefonie."},{"$i":"sim-contacts-limit-exceeded","$v":"Przekroczono liczbę kontaktów na karcie SIM."},{"$i":"more-info","$v":"Więcej"},{"$i":"callAirplaneModeTitle","$v":"Włączono tryb samolotowy"},{"$i":"callAirplaneModeMessage","$v":"Aby móc wykonać połączenie, musisz wyłączyć tryb samolotowy w ustawieniach."},{"$i":"emergencyDialogTitle","$v":"Brak połączenia z siecią"},{"$i":"emergencyDialogBodyBadNumber","$v":"Aby możliwe było wykonywanie połączeń, telefon musi być połączony z siecią."},{"$i":"emergencyDialogBodyDeviceNotAccepted","$v":"Sieć nie zezwala na połączenia alarmowe."},{"$i":"invalidNumberToDialTitle","$v":"Nieprawidłowy numer telefonu"},{"$i":"invalidNumberToDialMessage","$v":"Wybrany numer telefonu nie jest prawidłowy."},{"$i":"invalidNumberToSendTitle","$v":"Nieprawidłowy numer telefonu"},{"$i":"invalidNumberToSendMessage","$v":"Numer, na który próbujesz wysłać wiadomość, jest nieprawidłowy"},{"$i":"emergency-call-only","$v":"Tylko połączenia alarmowe"},{"$i":"emergency-call-error","$v":[{"t":"idOrVar","v":"number"}," nie jest numerem alarmowym."]},{"$i":"numberIsBusyTitle","$v":"Numer jest zajęty"},{"$i":"numberIsBusyMessage","$v":"Numer jest aktualnie zajęty. Spróbuj ponownie później."},{"$i":"fdnIsActiveTitle","$v":"Usługa FDN jest włączona"},{"$i":"fdnIsActiveMessage","$v":["Usługa FDN (ustalone numery) jest włączona, a następujący numer nie znajduje się na liście FDN: ",{"t":"idOrVar","v":"number"}]},{"$i":"otherConnectionInUseTitle","$v":"Inne łącze w użyciu"},{"$i":"otherConnectionInUseMessage","$v":"Masz aktywne połączenie na innym łączu. Nie możesz używać więcej niż jednego łącza."},{"$i":"GenericFailure","$v":"Błąd ogólny"},{"$i":"CallFailed","$v":"Błąd połączenia"},{"$i":"scCallBarring","$v":"Blokada połączeń"},{"$i":"scCallForwarding","$v":"Przekierowanie połączeń"},{"$i":"scClip","$v":"Identyfikator połączenia przychodzącego"},{"$i":"scClir","$v":"Identyfikator połączenia wychodzącego"},{"$i":"scPwd","$v":"Zmiana hasła"},{"$i":"scCallWaiting","$v":"Połączenia oczekujące"},{"$i":"scPin","$v":"Zmiana kodu PIN"},{"$i":"scPin2","$v":"Zmiana kodu PIN2"},{"$i":"scPuk","$v":"Odblokuj PIN"},{"$i":"scPuk2","$v":"Odblokuj PIN2"},{"$i":"scImei","$v":"IMEI"},{"$i":"scMeid","$v":"MEID"},{"$i":"scUssd","$v":"USSD"},{"$i":"set-speed-dial","$v":"Ustaw kontakty do szybkiego wybierania"},{"$i":"empty","$v":"Pusty"},{"$i":"voicemail","$v":"Poczta głosowa"},{"$i":"speed-dial","$v":"Szybkie wybieranie"},{"$i":"add","$v":"Dodaj"},{"$i":"replace","$v":"Zastąp"},{"$i":"remove-from-speed-dial","$v":"Usuń z szybkiego wybierania"},{"$i":"custom-dialog-replace-speed-dial","$v":["Czy na pewno chcesz użyć ",{"t":"idOrVar","v":"newSpeedDial"}," zamiast ",{"t":"idOrVar","v":"oldSpeedDial"}," w szybkim wybieraniu?"]},{"$i":"custom-dialog-remove-speed-dial","$v":["Czy na pewno chcesz usunąć kontakt ",{"t":"idOrVar","v":"name"}," z szybkiego wybierania?"]},{"$i":"speed-dial-added","$v":"Dodano numer szybkiego wybierania"},{"$i":"speed-dial-removed","$v":"Usunięto numer szybkiego wybierania."},{"$i":"speed-dial-replaced","$v":"Zaktualizowano numer szybkiego wybierania."},{"$i":"voice-mail","$v":"Poczta głosowa"},{"$i":"voice-mail-number","$v":["Numer poczty głosowej – SIM ",{"t":"idOrVar","v":"n"}]},{"$i":"voice-mail-number-single","$v":"Numer poczty głosowej"},{"$i":"voice-mail-number-updated","$v":"Zaktualizowano numer poczty głosowej"},{"$i":"found-duplicates-message","$v":"W następujących kontaktach znaleziono zduplikowane informacje. Czy chcesz scalić te kontakty?"},{"$i":"confirm-to-merge-contacts","$v":["Czy na pewno chcesz scalić kontakty (",{"t":"idOrVar","v":"n"},") z ",{"t":"idOrVar","v":"name"},"?"]},{"$i":"contact-merged","$v":"Scalono kontakty"},{"$i":"find-duplicate-contacts","$v":"Znajdź zduplikowane kontakty"},{"$i":"no-duplicate-contact-found","$v":"Nie znaleziono zduplikowanych kontaktów"},{"$i":"merge","$v":"Scal"},{"$i":"find-dup","$v":"Znajdź zduplikowane kontakty"},{"$i":"find-dup-title","$v":"Znajdź zduplikowane kontakty"},{"$i":"finding-dup-message","$v":"Wyszukiwanie zduplikowanych kontaktów..."},{"$i":"dup-found-title","$v":"Znaleziono duplikaty"},{"$i":"dup-found-message","$v":"W następujących kontaktach znaleziono zduplikowane informacje. Scalić?"},{"$i":"no-dup-found","$v":"Nie znaleziono duplikatów"},{"$i":"merge-conflict-warn","$v":[{"t":"idOrVar","v":"name"},"\" zastąpi następujące informacje:"]},{"$i":"merge-conflict-confirm","$v":"Czy na pewno chcesz scalić kontakty?"},{"$i":"add-favorite","$v":"Dodaj do ulubionych"},{"$i":"remove-favorite","$v":"Usuń z ulubionych"},{"$i":"favorite-contacts","$v":"Ulubione kontakty"},{"$i":"add-block","$v":"Zablokuj ten numer"},{"$i":"remove-block","$v":"Odblokuj ten numer"},{"$i":"add-block-email","$v":"Zablokuj ten adres e-mail"},{"$i":"remove-block-email","$v":"Odblokuj ten adres e-mail"},{"$i":"add-block-contact-warning","$v":"Nie będziesz otrzymywać połączeń ani wiadomości od osób znajdujących się na liście zablokowanych."},{"$i":"add-block-email-warning","$v":"Nie będziesz otrzymywać wiadomości z tego adresu e-mail."},{"$i":"block","$v":"Zablokuj"},{"$i":"unblock","$v":"Odblokuj"},{"$i":"block-contacts","$v":"Zablokuj kontakty"},{"$i":"add-block-header","$v":"Dodaj numer do listy numerów zablokowanych"},{"$i":"remove-block-alert","$v":"Usunięto z zablokowanych kontaktów."},{"$i":"duplicate-block-number","$v":"Nie można dodać duplikatu numeru."},{"$i":"sort-contacts","$v":"Sortuj kontakty"},{"$i":"sort-by-first-name","$v":"Sortuj według imienia"},{"$i":"sort-by-last-name","$v":"Sortuj według nazwiska"},{"$i":"no-support-open-multi-vcard","$v":"Nie można otworzyć pliku vCard w wielu kontaktach"},{"$i":"import","$v":"Importuj"},{"$i":"sdcard","$v":"Karta pamięci"},{"$i":"simcard","$v":"Karta SIM"},{"$i":"import-contacts","$v":"Importuj kontakty"},{"$i":"simContacts-error","$v":"Importowanie kontaktów z karty SIM nie powiodło się"},{"$i":"memoryCardContacts-error","$v":"Importowanie kontaktów z karty pamięci nie powiodło się"},{"$i":"novCardFiles","$v":"Brak dostępnego pliku kontaktów na karcie pamięci."},{"$i":"fullDiskSpace-error","$v":"Pamięć jest pełna, nie udało się zaimportować kontaktów."},{"$i":"socialServiceContacts-error","$v":["Importowanie kontaktów z ",{"t":"idOrVar","v":"service"}," nie powiodło się"]},{"$i":"socialServiceContacts-noNetwork","$v":["Brak połączenia z Internetem, nie można zaimportować kontaktów z ",{"t":"idOrVar","v":"service"},"."]},{"$i":"simContacts-reading","$v":"Wczytywanie kontaktów z karty SIM…"},{"$i":"memoryCardContacts-reading","$v":"Wczytywanie kontaktów z karty pamięci…"},{"$i":"importContactsTitle","$v":"Importuj kontakty"},{"$i":"retry","$v":"Spróbuj ponownie"},{"$i":"noSimMsg","$v":"Aby zaimportować kontakty, włóż lub odblokuj kartę SIM"},{"$i":"noSdcardMsg","$v":"Aby zaimportować kontakty, włóż kartę pamięci"},{"$i":"not-imported","$v":"Nie zaimportowano"},{"$i":"imported","$v":"Zaimportowano"},{"$i":"importing","$v":"Importowanie"},{"$i":"contact-imported","$v":["Zaimportowano kontakty (",{"t":"idOrVar","v":"imported"},"). Liczba scalonych kontaktów: (",{"t":"idOrVar","v":"dupes"},")."]},{"$i":"contact-imported2","$v":{"one":"Zaimportowano 1 kontakt.","zero":"Nie zaimportowano kontaktu.","few":["Zaimportowano ",{"t":"idOrVar","v":"imported"}," kontaktów."],"many":["Zaimportowano ",{"t":"idOrVar","v":"imported"}," kontaktów."],"other":["Zaimportowano ",{"t":"idOrVar","v":"imported"}," kontaktów."],"two":["Zaimportowano ",{"t":"idOrVar","v":"imported"}," kontaktów."]},"$x":[{"t":"idOrVar","v":"plural"},"imported"]},{"$i":"reading-contacts-from-sim","$v":"Odczytywanie kontaktu/-ów z karty SIM..."},{"$i":"reading-contacts-from-gmail","$v":"Odczytywanie kontaktu/-ów z usługi Gmail..."},{"$i":"reading-contacts-from-live","$v":"Odczytywanie kontaktu/-ów z programu Outlook..."},{"$i":"reading-contacts-from-sd","$v":"Odczytywanie kontaktu/-ów z karty pamięci..."},{"$i":"reading-contacts-from-vcard","$v":"Odczytywanie kontaktu/-ów z pliku..."},{"$i":"importing-contacts-from-sim","$v":"Importowanie kontaktu/-ów z karty SIM..."},{"$i":"importing-contacts-from-gmail","$v":"Importowanie kontaktu/-ów z usługi Gmail..."},{"$i":"importing-contacts-from-live","$v":"Importowanie kontaktu/-ów z programu Outlook..."},{"$i":"importing-contacts-from-sd","$v":"Importowanie kontaktu/-ów z karty pamięci..."},{"$i":"importing-contacts-from-vcard","$v":"Importowanie kontaktu/-ów z pliku..."},{"$i":"connect-network-to-import","$v":"Aby zaimportować kontakty, połącz się z Wi-Fi lub siecią danych"},{"$i":"importing-confirm","$v":["Zaimportować ",{"t":"idOrVar","v":"n"}," kontaktów z pliku \"",{"t":"idOrVar","v":"fileName"},"\"?"]},{"$i":"importing-cancel-confirm","$v":"Zamknięcie ekranu spowoduje zatrzymanie procesu importowania. Czy na pewno chcesz zamknąć?"},{"$i":"import-contact-failed","$v":"Importowanie kontaktu nie powiodło się"},{"$i":"phone-storage-full","$v":"Pamięć telefonu jest pełna"},{"$i":"import-contact-storage-full","$v":"Nie można zaimportować kontaktów. Aby zwolnić miejsce, usuń dane aplikacji."},{"$i":"contact-import-error-disk-full","$v":"Importowanie kontaktów nie zostało ukończone z powodu pełnej pamięci. Aby zwolnić miejsce, usuń dane aplikacji."},{"$i":"contact-import-error-sim-full","$v":"Importowanie kontaktów nie zostało ukończone, ponieważ karta SIM jest pełna."},{"$i":"contact-import-error-unknown","$v":"Importowanie kontaktów nie zostało ukończone z powodu błędu."},{"$i":"import-contacts-canceled","$v":"Anulowano importowanie kontaktów."},{"$i":"close","$v":"Zamknij"},{"$i":"import-process-cancel","$v":"Anulowano proces importowania."},{"$i":"import-limit-header","$v":"Przekroczono limit rozmiaru pliku"},{"$i":"inner-import-limit-content","$v":"Pliki kontaktów przekraczające 10 MB nie zostały pobrane."},{"$i":"activity-import-limit-contact","$v":"Importowanie kontaktów nie powiodło się z powodu przekroczenia limitu rozmiaru pliku."},{"$i":"activity-import-limit-additional","$v":"(Rozmiar pliku musi być mniejszy niż 10 MB)."},{"$i":"bluetooth","$v":"Bluetooth"},{"$i":"export","$v":"Eksportuj"},{"$i":"export-contacts","$v":"Eksportuj kontakty"},{"$i":"simExport-title","$v":"Eksportuj na kartę SIM"},{"$i":"memoryCardExport-title","$v":"Eksportowanie na kartę pamięci"},{"$i":"btExport-title","$v":"Eksportuj przez Bluetooth"},{"$i":"noSimMsgExport","$v":"Aby wyeksportować kontakty, włóż lub odblokuj kartę SIM"},{"$i":"noSdcardExport","$v":"Aby wyeksportować kontakty, włóż kartę pamięci."},{"$i":"bluetoothNoConnection","$v":"Podłącz urządzenie Bluetooth, aby wyeksportować kontakty."},{"$i":"contact-exported","$v":["Wyeksportowano kontakty (",{"t":"idOrVar","v":"exported"},")."]},{"$i":"contact-exported2","$v":{"zero":"Brak wyeksportowanych kontaktów.","one":"Wyeksportowano 1 kontakt.","few":["Wyeksportowano kontakty (",{"t":"idOrVar","v":"exported"},")."],"many":["Wyeksportowano kontakty (",{"t":"idOrVar","v":"exported"},")."],"other":["Wyeksportowano kontakty (",{"t":"idOrVar","v":"exported"},")."],"two":["Wyeksportowano kontakty (",{"t":"idOrVar","v":"exported"},")."]},"$x":[{"t":"idOrVar","v":"plural"},"exported"]},{"$i":"export-contact-failed","$v":"Eksportowanie kontaktu nie powiodło się"},{"$i":"contact-export-error-sim-full","$v":"Eksportowanie kontaktów nie zostało ukończone. Karta SIM jest pełna."},{"$i":"contact-export-error-sd-full","$v":"Nie zakończono eksportowania kontaktów, ponieważ karta pamięci jest pełna."},{"$i":"contact-export-error-unknown","$v":"Eksportowanie kontaktów nie zostało ukończone z powodu błędu."},{"$i":"contact-export-canceled","$v":"Anulowano eksportowanie."},{"$i":"save","$v":"Zapisz"},{"$i":"back","$v":"Wstecz"},{"$i":"givenName","$v":"Imię"},{"$i":"familyName","$v":"Nazwisko"},{"$i":"name","$v":"Nazwa"},{"$i":"org","$v":"Firma"},{"$i":"ringtone","$v":"Dzwonek"},{"$i":"note","$v":"Notatka"},{"$i":"photo","$v":"Obraz"},{"$i":"email","$v":"E-mail"},{"$i":"adr","$v":"Adres"},{"$i":"custom","$v":"Niestandardowo"},{"$i":"confirm-discard-contact-data","$v":"Informacje o kontakcie zostaną odrzucone. Czy chcesz zapisać ten kontakt?"},{"$i":"confirm-discard-contact-update-data","$v":"Zmiany zostaną odrzucone. Czy chcesz zapisać ten kontakt?"},{"$i":"discard-contact-data","$v":"Zmiany zostaną odrzucone."},{"$i":"discard","$v":"Odrzuć"},{"$i":"add-others","$v":"Dodaj inne"},{"$i":"custom-label","$v":"Etykieta niestandardowa"},{"$i":"input-the-custom-type","$v":"Wprowadź typ niestandardowy"},{"$i":"contact-added","$v":"Dodano kontakt."},{"$i":"delete-prompt-message","$v":["Usunąć ",{"t":"idOrVar","v":"field"},"?"]},{"$i":"delete-photo-msg","$v":"zdjęcie"},{"$i":"delete-ringtone-msg","$v":"CB"},{"$i":"delete-bday-msg","$v":"urodziny"},{"$i":"delete-note-msg","$v":"notatka"},{"$i":"delete-org-msg","$v":"firma"},{"$i":"personal","$v":"Osobiste"},{"$i":"mobile","$v":"Komórkowy"},{"$i":"current","$v":"Bieżący"},{"$i":"home","$v":"Dom"},{"$i":"work","$v":"Praca"},{"$i":"other","$v":"Inny"},{"$i":"fax-home","$v":"Faks domowy"},{"$i":"fax-office","$v":"Faks służbowy"},{"$i":"fax-other","$v":"Inny faks"},{"$i":"add-phone","$v":"Dodaj telefon"},{"$i":"add-tel","$v":"Dodaj numer telefonu"},{"$i":"add-email","$v":"Dodaj adres e-mail"},{"$i":"add-ringtone","$v":"Dodaj dzwonek"},{"$i":"add-adr","$v":"Dodaj adres"},{"$i":"add-bday","$v":"Dodaj datę urodzenia"},{"$i":"add-photo","$v":"Dodaj zdjęcie"},{"$i":"add-note","$v":"Dodaj notatkę"},{"$i":"add-org","$v":"Dodaj firmę"},{"$i":"add-tel-number","$v":"Dodaj numer telefonu"},{"$i":"delete-tel","$v":"Usuń numer telefonu"},{"$i":"delete-email","$v":"Usuń e-mail"},{"$i":"delete-ringtone","$v":"Usuń dzwonek"},{"$i":"delete-adr","$v":"Usuń adres"},{"$i":"delete-bday","$v":"Usuń datę urodzenia"},{"$i":"delete-photo","$v":"Usuń obraz"},{"$i":"delete-note","$v":"Usuń notatkę"},{"$i":"delete-org","$v":"Usuń firmę"},{"$i":"edit-tel-type","$v":"Edytuj typ telefonu"},{"$i":"edit-email-type","$v":"Edytuj typ adresu e-mail"},{"$i":"edit-adr-type","$v":"Edytuj typ adresu"},{"$i":"edit-bday-type","$v":"Edytuj datę urodzenia"},{"$i":"replace-photo","$v":"Zmień zdjęcie"},{"$i":"replace-ringtone","$v":"Zmień dzwonek"},{"$i":"mobile-tel","$v":"Telefon komórkowy"},{"$i":"home-tel","$v":"Domowy nr telefonu"},{"$i":"work-tel","$v":"Służbowy numer telefonu"},{"$i":"personal-tel","$v":"Prywatny nr telefonu"},{"$i":"fax-home-tel","$v":"Faks domowy"},{"$i":"fax-office-tel","$v":"Faks służbowy"},{"$i":"fax-other-tel","$v":"Inny faks"},{"$i":"other-tel","$v":"Inny numer telefonu"},{"$i":"personal-email","$v":"Prywatny adres e-mail"},{"$i":"work-email","$v":"Służbowy adres e-mail"},{"$i":"other-email","$v":"Inny adres e-mail"},{"$i":"custom-email","$v":["E-mail ",{"t":"idOrVar","v":"type"}]},{"$i":"custom-tel","$v":["Telefon ",{"t":"idOrVar","v":"type"}]},{"$i":"personal-adr","$v":"Prywatny adres"},{"$i":"current-adr","$v":"Bieżący adres"},{"$i":"home-adr","$v":"Adres domowy"},{"$i":"work-adr","$v":"Służbowy adres"},{"$i":"custom-adr","$v":["Adres ",{"t":"idOrVar","v":"type"}]},{"$i":"bday","$v":"Urodziny"},{"$i":"birthday","$v":"Urodziny"},{"$i":"streetAddress","$v":"Ulica"},{"$i":"locality","$v":"Miasto"},{"$i":"postalCode","$v":"Kod pocztowy"},{"$i":"countryName","$v":"Kraj"},{"$i":"region","$v":"Stan/województwo"},{"$i":"no-name","$v":"Brak nazwy"},{"$i":"new-contact","$v":"Nowe"},{"$i":"options","$v":"Opcje"},{"$i":"cancel","$v":"Anuluj"},{"$i":"settings","$v":"Ustawienia"},{"$i":"edit","$v":"Edytuj"},{"$i":"share","$v":"Udostępnij"},{"$i":"remove","$v":"Usuń"},{"$i":"compose","$v":"Utwórz"},{"$i":"new-contact-title","$v":"Nowy kontakt"},{"$i":"edit-title","$v":"Edytuj kontakt"},{"$i":"music","$v":"Muzyka"},{"$i":"adr-type","$v":"Typ adresu"},{"$i":"email-type","$v":"Typ poczty e-mail"},{"$i":"tel-type","$v":"Typ telefonu"},{"$i":"ICEContactsGroup","$v":"Kontakty ICE"},{"$i":"setICEButton","$v":"Ustaw kontakty ICE"},{"$i":"ICESettingTitle","$v":"Kontakty ICE"},{"$i":"ICEDescription","$v":"Dodaj pięć kontaktów do połączeń w razie nagłego wypadku."},{"$i":"ICEContact","$v":["Kontakt ICE ",{"t":"idOrVar","v":"n"}]},{"$i":"ICESelectContact","$v":"Wybierz kontakt"},{"$i":"delete-ice-contact-warning","$v":"Czy na pewno chcesz usunąć kontakt ICE?"},{"$i":"confirm","$v":"Potwierdzenie"},{"$i":"add-ice-failed","$v":"Dodanie ICE nie powiodło się"},{"$i":"create-group","$v":"Utwórz grupę"},{"$i":"group-name","$v":"Nazwa grupy"},{"$i":"group","$v":"Grupa"},{"$i":"new-group-created","$v":"Utworzono nową grupę."},{"$i":"create-group-failed","$v":"Tworzenie grupy nie powiodło się."},{"$i":"create-group-too-many","$v":["Maksymalna liczba grup, jakie możesz utworzyć, to ",{"t":"idOrVar","v":"number"},"."]},{"$i":"create-group-duplicate","$v":"Zduplikowana nazwa."},{"$i":"rename-group-failed","$v":"Zmiana nazwy grupy nie powiodła się."},{"$i":"new-group","$v":"Nowe"},{"$i":"rename","$v":"Zmień nazwę"},{"$i":"duplicate-removed","$v":"Usunięto zduplikowane kontakty."},{"$i":"add-to-group","$v":"Dodaj do grupy"},{"$i":"remove-from-group","$v":"Usuń z grupy"},{"$i":"added-to","$v":["Dodano do ",{"t":"idOrVar","v":"group"}]},{"$i":"removed-from","$v":["Usunięto z ",{"t":"idOrVar","v":"group"}]},{"$i":"select-group","$v":"Wybierz grupę"},{"$i":"rename-group","$v":"Zmień nazwę grupy"},{"$i":"delete-group","$v":["Czy na pewno chcesz usunąć ",{"t":"idOrVar","v":"group"},"?"]},{"$i":"unable-add-warn","$v":"Nie można dodać kontaktu z konta do grupy."},{"$i":"edit-contact","$v":"Edytuj kontakt"},{"$i":"send-message","$v":"Wyślij wiadomość"},{"$i":"call","$v":"Połączenie"},{"$i":"call-sim-1","$v":"Połączenie – SIM 1"},{"$i":"call-sim-2","$v":"Połączenie – SIM 2"},{"$i":"send-email","$v":"Wyślij e-mail"},{"$i":"choose-number","$v":"Wybierz numer"},{"$i":"choose-email-address","$v":"Wybierz e-mail"},{"$i":"delete","$v":"Usuń"},{"$i":"select","$v":"Wybierz"},{"$i":"select-all","$v":"Zaznacz wszystkie"},{"$i":"select-all2","$v":"Wszystko"},{"$i":"deselect-all","$v":"Odznacz wszystkie"},{"$i":"deselect-all2","$v":"Brak"},{"$i":"deselect","$v":"Odznacz"},{"$i":"selected-contacts","$v":{"few":["Wybrano ",{"t":"idOrVar","v":"n"}],"many":["Wybrano ",{"t":"idOrVar","v":"n"}],"one":["Wybrano ",{"t":"idOrVar","v":"n"}],"other":["Wybrano ",{"t":"idOrVar","v":"n"}],"two":["Wybrano ",{"t":"idOrVar","v":"n"}],"zero":["Wybrano ",{"t":"idOrVar","v":"n"}]},"$x":[{"t":"idOrVar","v":"plural"},"n"]},{"$i":"massive-delete","$v":"Usuń kontakty"},{"$i":"confirm-contact-delete","$v":["Czy na pewno chcesz usunąć kontakt \"",{"t":"idOrVar","v":"name"},"\"?"]},{"$i":"DeletedTxt","$v":{"few":["Usunięto kontakty (",{"t":"idOrVar","v":"n"},")"],"many":["Usunięto kontakty (",{"t":"idOrVar","v":"n"},")"],"one":"Usunięto 1 kontakt","other":["Usunięto kontakty (",{"t":"idOrVar","v":"n"},")"],"two":["Usunięto kontakty (",{"t":"idOrVar","v":"n"},")"],"zero":"Brak kontaktów do usunięcia"},"$x":[{"t":"idOrVar","v":"plural"},"n"]},{"$i":"DeletingContacts","$v":"Usuń kontakty"},{"$i":"DeletingContactsProgressing","$v":"Usuwanie kontaktów"},{"$i":"ContactConfirmDel","$v":{"few":["Usunąć kontakty (",{"t":"idOrVar","v":"n"},")? Tej czynności nie można cofnąć."],"many":["Usunąć kontakty (",{"t":"idOrVar","v":"n"},")? Tej czynności nie można cofnąć."],"one":"Usunąć 1 kontakt? Tej czynności nie można cofnąć.","other":["Usunąć kontakty (",{"t":"idOrVar","v":"n"},")? Tej czynności nie można cofnąć."],"two":["Usunąć kontakty (",{"t":"idOrVar","v":"n"},")? Tej czynności nie można cofnąć."],"zero":"Brak kontaktów do usunięcia"},"$x":[{"t":"idOrVar","v":"plural"},"n"]},{"$i":"contact-deleted","$v":{"zero":"Nie usunięto żadnych kontaktów","one":"Usunięto 1 kontakt","few":["Usunięto ",{"t":"idOrVar","v":"n"}," kontakty"],"many":["Usunięto ",{"t":"idOrVar","v":"n"}," kontaktów"],"other":["Usunięto ",{"t":"idOrVar","v":"n"}," kontaktu"],"two":["Usunięto ",{"t":"idOrVar","v":"n"}," kontakty"]},"$x":[{"t":"idOrVar","v":"plural"},"n"]},{"$i":"a-contact-deleted","$v":"Usunięto kontakt."},{"$i":"settings-title","$v":"Ustawienia kontaktów"},{"$i":"change-will-update-until-restart","$v":"Zmiany zostaną wprowadzone przy następnym uruchomieniu aplikacji Kontakty."},{"$i":"transfer-contacts","$v":"Prześlij kontakty"},{"$i":"service-number","$v":"Numery usług"},{"$i":"no-contacts-found","$v":"Nie znaleziono dopasowania."},{"$i":"search","$v":"Przeszukaj kontakty","placeholder":"Przeszukaj kontakty"},{"$i":"search-option","$v":"Szukaj"},{"$i":"accounts","$v":"Konta"},{"$i":"account","$v":"Konto"},{"$i":"add-account","$v":"Dodaj konto"},{"$i":"add-account-failed","$v":"Wystąpił nieznany błąd, spróbuj ponownie później."},{"$i":"duplicate-account-warn","$v":"Konto już istnieje. Synchronizacja włączona."},{"$i":"setting-up-account","$v":"Konfiguracja konta"},{"$i":"no-network-warn","$v":"Brak połączenia z Internetem."},{"$i":"username","$v":"Nazwa użytkownika"},{"$i":"password","$v":"Hasło"},{"$i":"delete-account","$v":"Usuń konto"},{"$i":"delete-account-long","$v":"Usuń konto"},{"$i":"delete-account-warn","$v":"Usunięcie tego konta będzie mieć wpływ na działanie powiązanych z nim aplikacji."},{"$i":"deleting-account","$v":"Usuwanie konta"},{"$i":"delete-account-failed","$v":"Usuwanie konta nie powiodło się. Spróbuj ponownie później."},{"$i":"delete-account-ok","$v":"Konto zostało usunięte."},{"$i":"sync","$v":"Synchr."},{"$i":"sync-title","$v":"Synchronizacja kontaktów"},{"$i":"sync-failed-warn","$v":"Synchronizacja nie powiodła się."},{"$i":"sync-off-warn","$v":"Synchronizacja została wyłączona w Ustawieniach."},{"$i":"show-account-contacts","$v":"Pokaż kontakty z konta"},{"$i":"sync-account-contacts","$v":"Synchronizuj kontakty na koncie"},{"$i":"sync-account-contacts-warning","$v":["Funkcja edytowania kontaktów na koncie nie zostanie zsynchronizowana z chmurą, jeśli opcja „",{"t":"idOrVar","v":"switch"},"” będzie odznaczona. Czy chcesz ją odznaczyć?"]},{"$i":"yes","$v":"Tak"},{"$i":"all-contacts-synced","$v":"Wszystkie kontakty zostały zsynchronizowane."},{"$i":"contact-syncing","$v":"Synchronizacja kontaktów…"},{"$i":"contacts-sync-limit-exceed","$v":"Synchronizacja kontaktów nie została zakończona z powodu przekroczenia limitu kontaktów."},{"$i":"show-password","$v":"Pokaż hasło"},{"$i":"password-incorrect","$v":"Nieprawidłowe hasło."},{"$i":"re-enter-password","$v":"Ponownie wprowadź hasło"},{"$i":"accessing-warn","$v":"Wystąpił problem z uzyskaniem dostępu do konta."},{"$i":"accessing-warn-password","$v":"Ponownie wprowadź hasło."},{"$i":"re-enter-password-on-setting","$v":"Wprowadź hasło w ustawieniu Kontakty."},{"$i":"accessing-warn-relogin","$v":"Usuń konto i zaloguj się ponownie."},{"$i":"update-password-failed","$v":"Aktualizacja hasła nie powiodła się. Spróbuj ponownie później."},{"$i":"connect-time-out","$v":["Nie udało się nawiązać połączenia z „",{"t":"idOrVar","v":"server"},"”. Możliwe, że wystąpił problem z siecią."]},{"$i":"server-error","$v":"Serwer jest niedostępny. Spróbuj ponownie później."},{"$i":"loading","$v":"Wczytywanie..."},{"$i":"ellipsis","$v":"..."},{"$i":"stop-syncing-warn-title","$v":"Synchronizacja kontaktów"},{"$i":"stop-syncing-warn","$v":"Zamknięcie aplikacji spowoduje zatrzymanie synchronizacji kontaktów. Czy na pewno zamknąć aplikację?"},{"$i":"weekday-0-long","$v":"Niedziela"},{"$i":"weekday-1-long","$v":"Poniedziałek"},{"$i":"weekday-2-long","$v":"Wtorek"},{"$i":"weekday-3-long","$v":"Środa"},{"$i":"weekday-4-long","$v":"Czwartek"},{"$i":"weekday-5-long","$v":"Piątek"},{"$i":"weekday-6-long","$v":"Sobota"},{"$i":"weekday-0-short","$v":"Nd"},{"$i":"weekday-1-short","$v":"Pn"},{"$i":"weekday-2-short","$v":"Wt"},{"$i":"weekday-3-short","$v":"Śr"},{"$i":"weekday-4-short","$v":"Czw"},{"$i":"weekday-5-short","$v":"Pt"},{"$i":"weekday-6-short","$v":"Sob"},{"$i":"month-0-long","$v":"Styczeń"},{"$i":"month-1-long","$v":"Luty"},{"$i":"month-2-long","$v":"Marzec"},{"$i":"month-3-long","$v":"Kwiecień"},{"$i":"month-4-long","$v":"Maj"},{"$i":"month-5-long","$v":"Czerwiec"},{"$i":"month-6-long","$v":"Lipiec"},{"$i":"month-7-long","$v":"Sierpień"},{"$i":"month-8-long","$v":"Wrzesień"},{"$i":"month-9-long","$v":"Październik"},{"$i":"month-10-long","$v":"Listopad"},{"$i":"month-11-long","$v":"Grudzień"},{"$i":"month-0-genitive","$v":"Styczeń"},{"$i":"month-1-genitive","$v":"Luty"},{"$i":"month-2-genitive","$v":"Marzec"},{"$i":"month-3-genitive","$v":"Kwiecień"},{"$i":"month-4-genitive","$v":"Maj"},{"$i":"month-5-genitive","$v":"Czerwiec"},{"$i":"month-6-genitive","$v":"Lipiec"},{"$i":"month-7-genitive","$v":"Sierpień"},{"$i":"month-8-genitive","$v":"Wrzesień"},{"$i":"month-9-genitive","$v":"Październik"},{"$i":"month-10-genitive","$v":"Listopad"},{"$i":"month-11-genitive","$v":"Grudzień"},{"$i":"month-0-short","$v":"Sty"},{"$i":"month-1-short","$v":"Lut"},{"$i":"month-2-short","$v":"Mar"},{"$i":"month-3-short","$v":"Kwi"},{"$i":"month-4-short","$v":"Maj"},{"$i":"month-5-short","$v":"Cze"},{"$i":"month-6-short","$v":"Lip"},{"$i":"month-7-short","$v":"Sie"},{"$i":"month-8-short","$v":"Wrz"},{"$i":"month-9-short","$v":"Paź"},{"$i":"month-10-short","$v":"Lis"},{"$i":"month-11-short","$v":"Gru"},{"$i":"minutes-ago-long","$v":{"few":[{"t":"idOrVar","v":"value"}," minut(y) temu"],"many":[{"t":"idOrVar","v":"value"}," minut(y) temu"],"other":[{"t":"idOrVar","v":"value"}," minut"],"two":[{"t":"idOrVar","v":"value"}," minut(y) temu"],"one":"minutę temu","zero":"Przed chwilą"},"$x":[{"t":"idOrVar","v":"plural"},"value"]},{"$i":"hours-ago-long","$v":{"few":[{"t":"idOrVar","v":"value"}," godzin(y) temu"],"many":[{"t":"idOrVar","v":"value"}," godzin(y) temu"],"other":[{"t":"idOrVar","v":"value"}," godzin(y) temu"],"two":[{"t":"idOrVar","v":"value"}," godzin(y) temu"],"one":"godzinę temu","zero":"Przed chwilą"},"$x":[{"t":"idOrVar","v":"plural"},"value"]},{"$i":"days-ago-long","$v":{"few":[{"t":"idOrVar","v":"value"}," dni temu"],"many":[{"t":"idOrVar","v":"value"}," dni temu"],"one":"wczoraj","other":[{"t":"idOrVar","v":"value"}," dni temu"],"two":[{"t":"idOrVar","v":"value"}," dni temu"],"zero":"dzisiaj"},"$x":[{"t":"idOrVar","v":"plural"},"value"]},{"$i":"weeks-ago-long","$v":{"few":[{"t":"idOrVar","v":"value"}," tygodni(e) temu"],"many":[{"t":"idOrVar","v":"value"}," tygodni(e) temu"],"one":"w zeszłym tygodniu","other":[{"t":"idOrVar","v":"value"}," tygodni(e) temu"],"two":[{"t":"idOrVar","v":"value"}," tygodni(e) temu"],"zero":"w tym tygodniu"},"$x":[{"t":"idOrVar","v":"plural"},"value"]},{"$i":"months-ago-long","$v":{"few":[{"t":"idOrVar","v":"value"}," miesiące/miesięcy temu"],"many":[{"t":"idOrVar","v":"value"}," miesiące/miesięcy temu"],"one":"w zeszłym miesiącu","other":[{"t":"idOrVar","v":"value"}," miesiące/miesięcy temu"],"two":[{"t":"idOrVar","v":"value"}," miesiące/miesięcy temu"],"zero":"w tym miesiącu"},"$x":[{"t":"idOrVar","v":"plural"},"value"]},{"$i":"years-ago-long","$v":{"few":[{"t":"idOrVar","v":"value"}," lat(a) temu"],"many":[{"t":"idOrVar","v":"value"}," lat(a) temu"],"one":"w zeszłym roku","other":[{"t":"idOrVar","v":"value"}," lat(a) temu"],"two":[{"t":"idOrVar","v":"value"}," lat(a) temu"],"zero":"w tym roku"},"$x":[{"t":"idOrVar","v":"plural"},"value"]},{"$i":"minutes-until-long","$v":{"few":["za ",{"t":"idOrVar","v":"value"}," minut(y)"],"many":["za ",{"t":"idOrVar","v":"value"}," minut(y)"],"other":["za ",{"t":"idOrVar","v":"value"}," minut"],"two":["za ",{"t":"idOrVar","v":"value"}," minut(y)"],"zero":"teraz","one":"za minutę"},"$x":[{"t":"idOrVar","v":"plural"},"value"]},{"$i":"hours-until-long","$v":{"few":["za ",{"t":"idOrVar","v":"value"}," godzin(y)"],"many":["za ",{"t":"idOrVar","v":"value"}," godzin(y)"],"other":["za ",{"t":"idOrVar","v":"value"}," godzin"],"two":["za ",{"t":"idOrVar","v":"value"}," godzin(y)"],"zero":"teraz","one":"za godzinę"},"$x":[{"t":"idOrVar","v":"plural"},"value"]},{"$i":"days-until-long","$v":{"few":["za ",{"t":"idOrVar","v":"value"}," dni"],"many":["za ",{"t":"idOrVar","v":"value"}," dni"],"one":"jutro","other":["za ",{"t":"idOrVar","v":"value"}," dni"],"two":["za ",{"t":"idOrVar","v":"value"}," dni"],"zero":"dzisiaj"},"$x":[{"t":"idOrVar","v":"plural"},"value"]},{"$i":"weeks-until-long","$v":{"few":["za ",{"t":"idOrVar","v":"value"}," tygodni(e)"],"many":["za ",{"t":"idOrVar","v":"value"}," tygodni(e)"],"one":"w następnym tygodniu","other":["za ",{"t":"idOrVar","v":"value"}," tygodni(e)"],"two":["za ",{"t":"idOrVar","v":"value"}," tygodni(e)"],"zero":"w tym tygodniu"},"$x":[{"t":"idOrVar","v":"plural"},"value"]},{"$i":"months-until-long","$v":{"few":["za ",{"t":"idOrVar","v":"value"}," miesiące/miesięcy"],"many":["za ",{"t":"idOrVar","v":"value"}," miesiące/miesięcy"],"one":"w następnym miesiącu","other":["za ",{"t":"idOrVar","v":"value"}," miesiące/miesięcy"],"two":["za ",{"t":"idOrVar","v":"value"}," miesiące/miesięcy"],"zero":"w tym miesiącu"},"$x":[{"t":"idOrVar","v":"plural"},"value"]},{"$i":"years-until-long","$v":{"few":["za ",{"t":"idOrVar","v":"value"}," lat(a)"],"many":["za ",{"t":"idOrVar","v":"value"}," lat(a)"],"one":"w następnym roku","other":["za ",{"t":"idOrVar","v":"value"}," lat(a)"],"two":["za ",{"t":"idOrVar","v":"value"}," lat(a)"],"zero":"w tym roku"},"$x":[{"t":"idOrVar","v":"plural"},"value"]},{"$i":"minutes-ago-short","$v":{"other":[{"t":"idOrVar","v":"value"}," m temu"],"zero":"Przed chwilą"},"$x":[{"t":"idOrVar","v":"plural"},"value"]},{"$i":"hours-ago-short","$v":{"other":[{"t":"idOrVar","v":"value"}," g temu"],"zero":"Przed chwilą"},"$x":[{"t":"idOrVar","v":"plural"},"value"]},{"$i":"days-ago-short","$v":{"other":[{"t":"idOrVar","v":"value"}," d temu"],"zero":"dzisiaj"},"$x":[{"t":"idOrVar","v":"plural"},"value"]},{"$i":"minutes-until-short","$v":{"other":["za ",{"t":"idOrVar","v":"value"}," m"],"zero":"teraz"},"$x":[{"t":"idOrVar","v":"plural"},"value"]},{"$i":"hours-until-short","$v":{"other":["za ",{"t":"idOrVar","v":"value"}," g"],"zero":"teraz"},"$x":[{"t":"idOrVar","v":"plural"},"value"]},{"$i":"days-until-short","$v":{"other":["za ",{"t":"idOrVar","v":"value"}," d"],"zero":"dzisiaj"},"$x":[{"t":"idOrVar","v":"plural"},"value"]},{"$i":"incorrectDate","$v":"(nieprawidłowa data)"},{"$i":"dateTimeFormat_%c","$v":"%a %b %e %Y %I:%M:%S %p"},{"$i":"dateTimeFormat_%x","$v":"%m/%d/%Y"},{"$i":"dateTimeFormat_%X","$v":"%I:%M:%S %p"},{"$i":"shortTimeFormat","$v":"%I:%M %p"},{"$i":"shortTimeFormat12","$v":"%I:%M %p"},{"$i":"shortTimeFormat24","$v":"%H:%M"},{"$i":"shortDateTimeFormat","$v":"%x %I:%M %p"},{"$i":"weekStartsOnMonday","$v":"0.0"},{"$i":"firstDayOfTheWeek","$v":"1.0"},{"$i":"time_am","$v":"AM"},{"$i":"time_pm","$v":"PM"},{"$i":"sim-with-index-and-carrier","$v":["SIM ",{"t":"idOrVar","v":"index"}," - ",{"t":"idOrVar","v":"carrier"}]},{"$i":"sim-without-carrier","$v":["SIM ",{"t":"idOrVar","v":"index"}]}]