[{"$i":"contacts","$v":"تماسونه"},{"$i":"view","$v":"ښکاره کړئ"},{"$i":"no-contacts","$v":"اړیکې نه دي."},{"$i":"reading-contacts","$v":"تماسونه لوډ کیږي"},{"$i":"start-adding","$v":"د تماس اضافو لپاره نوي فشار ورکړئ یا تنظیماتو ته لاړ شئ."},{"$i":"no-contact-available","$v":"هیڅ تماس شتون نلري."},{"$i":"requested-contact-not-available","$v":"غوښتل شوي معلومات په موجوده اړیکو کې شتون نلري."},{"$i":"cannot-add-as-empty","$v":"تماسونو ته علاوه کیدای نه شي ځکه ستاسو د تماسونو لست خالي دی"},{"$i":"ok","$v":"اوکی"},{"$i":"no-phone-number-to-dial","$v":"د ډایل کول لپاره شمیره نشته"},{"$i":"video-call","$v":"ویډیویی زنګ"},{"$i":"rtt-call","$v":"د RTT کال"},{"$i":"select-a-contact","$v":"یو تماس انتخاب کړئ"},{"$i":"multi-pick-max-warn","$v":["زیات نه زیات غوره شوی شمیر ",{"t":"idOrVar","v":"n"}," دي"]},{"$i":"add-contact-failed","$v":"تماس شاملول فیل شو"},{"$i":"no-sim-card-available","$v":"سیم کارډ نشته"},{"$i":"email-cannot-add-to-sim","$v":"بریښنالیک د اوسني حافظې انتخاب لخوا ملاتړ نلري."},{"$i":"add-info-failed","$v":"معلومات اضافه کول ناکام شول"},{"$i":"no-contact-to-add","$v":"د اضافه کولو لپاره هیڅ شتون نلري."},{"$i":"move","$v":"منتقل کړئ"},{"$i":"copy","$v":"کاپی کړئ"},{"$i":"copy-contacts","$v":"تماسونه کاپي کړﺉ"},{"$i":"move-contacts","$v":"تماسونه منتقل کړئ"},{"$i":"phone-memory","$v":"فون میموري"},{"$i":"sim-memory","$v":"‏SIM میمورې"},{"$i":"sim-0-memory","$v":"‏SIM 1 میمورې"},{"$i":"sim-1-memory","$v":"‏SIM 2 میمورې"},{"$i":"move-from","$v":"منتقل کړئ له"},{"$i":"copy-from","$v":"کاپی له"},{"$i":"to","$v":"ته"},{"$i":"move-contacts-progressing","$v":"تماس (تماسونه) منتقل کیږي…"},{"$i":"copy-contacts-progressing","$v":"تماس (تماسونه) کاپی کیږي…"},{"$i":"contact-move-to-sim","$v":{"few":[{"t":"idOrVar","v":"migrated"}," تماس SIM ته انتقال شول۔"],"many":[{"t":"idOrVar","v":"migrated"}," تماس SIM ته انتقال شول۔"],"one":"1 تماس SIM ته انتقال شو۔","other":[{"t":"idOrVar","v":"migrated"}," تماس SIM ته انتقال شول۔"],"two":[{"t":"idOrVar","v":"migrated"}," تماس SIM ته انتقال شول۔"],"zero":"هيڅ تماس SIM ته انتقال نشو۔"},"$x":[{"t":"idOrVar","v":"plural"},"migrated"]},{"$i":"contact-copy-to-sim","$v":{"few":[{"t":"idOrVar","v":"migrated"}," تماسونه SIM ته کاپي شول۔"],"many":[{"t":"idOrVar","v":"migrated"}," تماسونه SIM ته کاپي شول۔"],"one":"1 تماس SIM ته کاپي شو۔","other":[{"t":"idOrVar","v":"migrated"}," تماسونه SIM ته کاپي شول۔"],"two":[{"t":"idOrVar","v":"migrated"}," تماسونه SIM ته کاپي شول۔"],"zero":"هيڅ تماس SIM ته کاپي نشو۔"},"$x":[{"t":"idOrVar","v":"plural"},"migrated"]},{"$i":"contact-move-to-sim0","$v":{"few":[{"t":"idOrVar","v":"migrated"}," تماسونه SIM 1 ته انتقال شول۔"],"many":[{"t":"idOrVar","v":"migrated"}," تماسونه SIM 1 ته انتقال شول۔"],"one":"1 تماس SIM 1 ته انتقال شو۔","other":[{"t":"idOrVar","v":"migrated"}," تماسونه SIM 1 ته انتقال شول۔"],"two":[{"t":"idOrVar","v":"migrated"}," تماسونه SIM 1 ته انتقال شول۔"],"zero":"هيڅ تماس SIM 1 ته انتقال نشو۔"},"$x":[{"t":"idOrVar","v":"plural"},"migrated"]},{"$i":"contact-copy-to-sim0","$v":{"few":[{"t":"idOrVar","v":"migrated"}," تماسونه SIM 1 ته کاپي شول۔"],"many":[{"t":"idOrVar","v":"migrated"}," تماسونه SIM 1 ته کاپي شول۔"],"one":"1 تماس SIM 1 ته کاپي شو۔","other":[{"t":"idOrVar","v":"migrated"}," تماسونه SIM 1 ته کاپي شول۔"],"two":[{"t":"idOrVar","v":"migrated"}," تماسونه SIM 1 ته کاپي شول۔"],"zero":"هيڅ تماس SIM 1 ته کاپي نشو۔"},"$x":[{"t":"idOrVar","v":"plural"},"migrated"]},{"$i":"contact-move-to-sim1","$v":{"few":[{"t":"idOrVar","v":"migrated"}," تماسونه SIM 2 ته انتقال شول۔"],"many":[{"t":"idOrVar","v":"migrated"}," تماسونه SIM 2 ته انتقال شول۔"],"one":"1 تماس SIM 2 ته انتقال شو۔","other":[{"t":"idOrVar","v":"migrated"}," تماسونه SIM 2 ته انتقال شول۔"],"two":[{"t":"idOrVar","v":"migrated"}," تماسونه SIM 2 ته انتقال شول۔"],"zero":"هيڅ تماس SIM 2 ته انتقال نشو۔"},"$x":[{"t":"idOrVar","v":"plural"},"migrated"]},{"$i":"contact-copy-to-sim1","$v":{"few":[{"t":"idOrVar","v":"migrated"}," تماسونه SIM 2 ته کاپي شول۔"],"many":[{"t":"idOrVar","v":"migrated"}," تماسونه SIM 2 ته کاپي شول۔"],"one":"1 تماس SIM 2 ته کاپي شو۔","other":[{"t":"idOrVar","v":"migrated"}," تماسونه SIM 2 ته کاپي شول۔"],"two":[{"t":"idOrVar","v":"migrated"}," تماسونه SIM 2 ته کاپي شول۔"],"zero":"هيڅ تماس SIM 2 ته کاپي نشو۔"},"$x":[{"t":"idOrVar","v":"plural"},"migrated"]},{"$i":"contact-move-to-device","$v":{"one":"1 اړیکه تلیفون ته لیږدول شوې.","zero":"تلیفون ته هیڅ اړیکه نه ده لیږدول شوې.","few":[{"t":"idOrVar","v":"migrated"}," تماسونه فون ته اړول شو."],"many":[{"t":"idOrVar","v":"migrated"}," تماسونه فون ته اړول شو."],"other":[{"t":"idOrVar","v":"migrated"}," تماسونه فون ته اړول شو."],"two":[{"t":"idOrVar","v":"migrated"}," تماسونه فون ته اړول شو."]},"$x":[{"t":"idOrVar","v":"plural"},"migrated"]},{"$i":"contact-copy-to-device","$v":{"one":"تلیفون ته 1 تماس کاپي شوی.","zero":"تلیفون ته هیڅ تماس نه دی کاپي شوی.","few":[{"t":"idOrVar","v":"migrated"}," تماسونه فون ته نقل شو."],"many":[{"t":"idOrVar","v":"migrated"}," تماسونه فون ته نقل شو."],"other":[{"t":"idOrVar","v":"migrated"}," تماسونه فون ته نقل شو."],"two":[{"t":"idOrVar","v":"migrated"}," تماسونه فون ته نقل شو."]},"$x":[{"t":"idOrVar","v":"plural"},"migrated"]},{"$i":"copy-contact-failed","$v":"د کاپي اړیکې ناکامې شوې"},{"$i":"move-contact-failed","$v":"اړیکې خوځول ناکام شول"},{"$i":"contact-copy-error-sim-full","$v":"کاپي اړیکې د سیم کارت له امله ندي بشپړې شوي."},{"$i":"contact-copy-error-unknown","$v":"د کاپي اړیکې د غلطۍ له امله ندي بشپړې شوې."},{"$i":"contact-copy-error-limit-exceeded","$v":"د تماسونو له حد څخه تجاوز له کبله د تماسونو کاپي کېدل بشپړه نشو.‏"},{"$i":"contact-move-error-sim-full","$v":"د سیم کارت له امله اړیکې بشپړې ندي بشپړې شوي."},{"$i":"contact-move-error-unknown","$v":"تماسونه د تیروتنې له امله بشپړ ندي."},{"$i":"contact-move-error-limit-exceeded","$v":"د تماسونو له حد څخه تجاوز له کبله د تماسونو انتقال بشپړه نشو.‏"},{"$i":"contact-save-error-unknown","$v":"د اړیکې خوندي کول د خطا له امله بشپړ ندي."},{"$i":"memory","$v":"میموري"},{"$i":"phone-and-sim","$v":"فون اؤ SIM"},{"$i":"phone","$v":"فون"},{"$i":"sim","$v":"SIM"},{"$i":"reloading-contact","$v":"تماسونه بیا لوډ کیږي..."},{"$i":"contact-reloaded","$v":"تماسونه بیا لوډ شو"},{"$i":"message","$v":"پیغام"},{"$i":"changes-saved","$v":"تغیرات ثبت شول"},{"$i":"already-ice-contact","$v":"ټاکل شوې اړیکه دمخه ICE ته ټاکل شوې وه."},{"$i":"phone-contacts-limit-exceeded","$v":"د فون اړیکو حد ډیر شو ."},{"$i":"sim-contacts-limit-exceeded","$v":"د SIM تماسونه حد ډیر شو"},{"$i":"more-info","$v":"نور"},{"$i":"callAirplaneModeTitle","$v":"طیارې حالت فعال شو"},{"$i":"callAirplaneModeMessage","$v":"د کال کولو لپاره تاسو په تنظیماتو کې د هوایی چلند غیر فعالولو ته اړتیا لرئ."},{"$i":"emergencyDialogTitle","$v":"نیټ ورک اتصال نشته"},{"$i":"emergencyDialogBodyBadNumber","$v":"د کال کولو لپاره، تلیفون باید د شبکې سره وصل شي."},{"$i":"emergencyDialogBodyDeviceNotAccepted","$v":"د شبکې لخوا د ایمرجنسي زنګ وهلو اجازه نه شته."},{"$i":"invalidNumberToDialTitle","$v":"د ټیلیفونه غلطه شمیره"},{"$i":"invalidNumberToDialMessage","$v":"د ټیلیفون شمیره چې تاسو ورته زنګ وهئ اعتبار نلري."},{"$i":"invalidNumberToSendTitle","$v":"د ټیلیفونه غلطه شمیره"},{"$i":"invalidNumberToSendMessage","$v":"ستاسو وړاندی کونکی فون نمبر سم نه ده"},{"$i":"emergency-call-only","$v":"یواځې ایمرجنسي زنګ وهل"},{"$i":"emergency-call-error","$v":[{"t":"idOrVar","v":"number"}," یوه بیړنۍ شمیره نده."]},{"$i":"numberIsBusyTitle","$v":"شمیره مصروفه ده"},{"$i":"numberIsBusyMessage","$v":"دا شمیره اوس مصروفه ده. مهرباني وکړئ وروسته کوښښ وکړئ."},{"$i":"fdnIsActiveTitle","$v":"FDN فعال"},{"$i":"fdnIsActiveMessage","$v":["FDN( ثابتې شمیرې) فعال شوي او لاندې شمیرې ستاسو د FDN په لست کې نشته: ",{"t":"idOrVar","v":"number"}]},{"$i":"otherConnectionInUseTitle","$v":"بل کنیکشن مصروف دی"},{"$i":"otherConnectionInUseMessage","$v":"تاسو په بل کنکشن کې یو فعال کال لرئ. تاسو په یو وخت کې یواځې یو کنکشن کارولی شئ."},{"$i":"GenericFailure","$v":"عمومي خرابي"},{"$i":"CallFailed","$v":"کال فیل شو"},{"$i":"scCallBarring","$v":"کال بیرینګ"},{"$i":"scCallForwarding","$v":"اړیکه لیږل"},{"$i":"scClip","$v":"د راتلونکې کالر ID"},{"$i":"scClir","$v":"د تلونکې کالر ID"},{"$i":"scPwd","$v":"پاسورډ بدلول"},{"$i":"scCallWaiting","$v":"د اړیکې انتظار"},{"$i":"scPin","$v":"PIN بدلول"},{"$i":"scPin2","$v":"PIN2 بدلول"},{"$i":"scPuk","$v":"PIN خلاصول"},{"$i":"scPuk2","$v":"PIN2 خلاصول"},{"$i":"scImei","$v":"IMEI"},{"$i":"scMeid","$v":"MEID"},{"$i":"scUssd","$v":"USSD"},{"$i":"set-speed-dial","$v":"سپیډ ډایل تماسونه برابر کړئ"},{"$i":"empty","$v":"خالي"},{"$i":"voicemail","$v":"غږیز پيغام"},{"$i":"speed-dial","$v":"سپډ ډایل"},{"$i":"add","$v":"اضافه کړئ"},{"$i":"replace","$v":"عوض کړئ"},{"$i":"remove-from-speed-dial","$v":"د سپیډ ډایل څخه لرې کړئ"},{"$i":"custom-dialog-replace-speed-dial","$v":["ایا غواړئ سپیډ ډایل",{"t":"idOrVar","v":"oldSpeedDial"}," د ",{"t":"idOrVar","v":"newSpeedDial"}," سره بدل کړئ؟"]},{"$i":"custom-dialog-remove-speed-dial","$v":["ایا غواړئ د سپیډ ډایل څخه ",{"t":"idOrVar","v":"name"}," لرې کړئ؟"]},{"$i":"speed-dial-added","$v":"سپډ ډایل شمیره اضافه شوه."},{"$i":"speed-dial-removed","$v":"سپډ ډایل شمیره لرې شوه."},{"$i":"speed-dial-replaced","$v":"سپډ ډایل شمیره آپډيټ شوه."},{"$i":"voice-mail","$v":"غږیزمیل"},{"$i":"voice-mail-number","$v":["آواز کال نمبر - SIM",{"t":"idOrVar","v":"n"}]},{"$i":"voice-mail-number-single","$v":"غږیز شمیره"},{"$i":"voice-mail-number-updated","$v":"د وایس میل شمیره تازه شوه"},{"$i":"found-duplicates-message","$v":"په لاندې تماسونو کې تکراري معلومات پیدا شوې وو. ایا غواړئ چې سره یوځای شي؟"},{"$i":"confirm-to-merge-contacts","$v":["ایا غواړئ ",{"t":"idOrVar","v":"n"}," تماس د ",{"t":"idOrVar","v":"name"}," سره یوځای کړئ؟"]},{"$i":"contact-merged","$v":"تماس یوځآی کړئ"},{"$i":"find-duplicate-contacts","$v":"تکراري تماسونه پیدا کړئ"},{"$i":"no-duplicate-contact-found","$v":"تکراري تماسونه پیدا نشو."},{"$i":"merge","$v":"یوځای کول"},{"$i":"find-dup","$v":"تکراري تماسونه پیدا کړئ"},{"$i":"find-dup-title","$v":"تکراري تماسونه پیدا کړئ"},{"$i":"finding-dup-message","$v":"د تکراري تماسونو لټه..."},{"$i":"dup-found-title","$v":"تکراري پیدا شو"},{"$i":"dup-found-message","$v":"په دغه تماسونو کی دوهم معلومات نه شو موندلی. تاسو ضمیمه کول غواړئ؟"},{"$i":"no-dup-found","$v":"یو دوهم موندلی نه شو"},{"$i":"merge-conflict-warn","$v":["د لاندینی معلومات به \"",{"t":"idOrVar","v":"name"},"\" څخه بدل کړی شي:"]},{"$i":"merge-conflict-confirm","$v":"ایا تاسو باؤري یې چی تماسونه دی ضمیمه کړی شي؟"},{"$i":"add-favorite","$v":"غوراویو ته زیات کړئ"},{"$i":"remove-favorite","$v":"ناخوښ"},{"$i":"favorite-contacts","$v":"غوره"},{"$i":"add-block","$v":"دغه نمبر بلاک کړئ"},{"$i":"remove-block","$v":"دغه نمبر بی کلپه کړئ"},{"$i":"add-block-email","$v":"دغه بريښنالیک بلاک کړئ"},{"$i":"remove-block-email","$v":"دا برېښلیک ړنګ کړئ"},{"$i":"add-block-contact-warning","$v":"تاسو به د بلاکس لیسټ په اړه د خلکو پیغامونه د تلیفون غوښتنې نه ترلاسه کوئ."},{"$i":"add-block-email-warning","$v":"تاسې به له دې اې مېل ادرس څخه پیغامونه نه ترلاسه کوئ.‏"},{"$i":"block","$v":"بلاک"},{"$i":"unblock","$v":"ړنګول"},{"$i":"block-contacts","$v":"تماسونه بلاک کړئ"},{"$i":"add-block-header","$v":"بلاک نمبر اضافه کړئ"},{"$i":"remove-block-alert","$v":"د بلاک تماسونه څخه لیرې شوي."},{"$i":"duplicate-block-number","$v":"ورته شمیره نشی اضافه کولی."},{"$i":"sort-contacts","$v":"تماسونه ترتیب کړئ"},{"$i":"sort-by-first-name","$v":"د لومړي نوم په اساس ترتیب کړئ"},{"$i":"sort-by-last-name","$v":"د وروستي نوم په اساس ترتیب کړئ"},{"$i":"no-support-open-multi-vcard","$v":"V کارډ د ډیرو اړیکو سره نشي خلاصولی"},{"$i":"import","$v":"واردول"},{"$i":"sdcard","$v":"میموري کارډ"},{"$i":"simcard","$v":"سیم کارډ"},{"$i":"import-contacts","$v":"تماسونه وارد کړئ"},{"$i":"simContacts-error","$v":"د سیم څخه تماسونه وارد نه شول"},{"$i":"memoryCardContacts-error","$v":"د میموري کارډ څخه تماسونه وارد نه شول"},{"$i":"novCardFiles","$v":"په حافظه کارت کې د اړیکو فایل نشته."},{"$i":"fullDiskSpace-error","$v":"ذخیره ډکه ده، تماسونه نه شي لیږدول کیدی.‏"},{"$i":"socialServiceContacts-error","$v":[{"t":"idOrVar","v":"service"}," څخه تماسونه وارد کیدی نشي."]},{"$i":"socialServiceContacts-noNetwork","$v":["هیڅ انټرنیټ ارتباط نشته، ",{"t":"idOrVar","v":"service"}," څخه تماسونه وارد کیدی نشي."]},{"$i":"simContacts-reading","$v":"د سیم کارډ څخه د تماسونو لوستل..."},{"$i":"memoryCardContacts-reading","$v":"د میموري کارډ څخه د تماسونو لوستل..."},{"$i":"importContactsTitle","$v":"تماسونه وارد کړئ"},{"$i":"retry","$v":"دوباره هڅه کول"},{"$i":"noSimMsg","$v":"د تماسونو د واردولو لپاره خپل سیم کارډ داخل یا خلاص کړئ."},{"$i":"noSdcardMsg","$v":"د تماسونو د واردولو لپاره یو میموري کارډ داخل کړئ."},{"$i":"not-imported","$v":"وارد شوی ندی"},{"$i":"imported","$v":"وارد شوی"},{"$i":"importing","$v":"واردول"},{"$i":"contact-imported","$v":[{"t":"idOrVar","v":"imported"}," تماسونه صادر شو. {dupes}} تماسونه یوځای شوې."]},{"$i":"contact-imported2","$v":{"one":"1 اړیکه وارد شوه.","zero":"هیڅ اړیکه نه ده وارد شوې.","few":[{"t":"idOrVar","v":"imported"}," تماسونه وارد شو."],"many":[{"t":"idOrVar","v":"imported"}," تماسونه وارد شو."],"other":[{"t":"idOrVar","v":"imported"}," تماسونه وارد شو."],"two":[{"t":"idOrVar","v":"imported"}," تماسونه وارد شو."]},"$x":[{"t":"idOrVar","v":"plural"},"imported"]},{"$i":"reading-contacts-from-sim","$v":"له SIM کارډ څخه د تماسونه لوستل..."},{"$i":"reading-contacts-from-gmail","$v":"له Gmail څخه د تماسونه لوستل..."},{"$i":"reading-contacts-from-live","$v":"له Outlook څخه د تماسونه لوستل..."},{"$i":"reading-contacts-from-sd","$v":"له میموري کارډ څخه د تماسونه لوستل..."},{"$i":"reading-contacts-from-vcard","$v":"له فایل څخه د تماسونه لوستل..."},{"$i":"importing-contacts-from-sim","$v":"د SIM کارډ نه تماسونه واردول کیږي..."},{"$i":"importing-contacts-from-gmail","$v":"د Gmail له تماسونه د واردولو..."},{"$i":"importing-contacts-from-live","$v":"د Outlook نه تماس (تماسونه) واردول کیږي ..."},{"$i":"importing-contacts-from-sd","$v":"د میموري کارډ له تماسونه ...واردول کیږي"},{"$i":"importing-contacts-from-vcard","$v":"د فایل نه تماسونه  واردول کیږي..."},{"$i":"connect-network-to-import","$v":"د تماسونو د واردولو لپاره د Wi-Fi یا ډیټا نیټ ورک سره وصل شي."},{"$i":"importing-confirm","$v":["د \"",{"t":"idOrVar","v":"fileName"},"\" فایل نه ",{"t":"idOrVar","v":"n"}," تماسونه راؤړئ؟"]},{"$i":"importing-cancel-confirm","$v":"0.0"},{"$i":"import-contact-failed","$v":"د اړیکو واردول ونشول"},{"$i":"phone-storage-full","$v":"فون ذخیره ډکه ده"},{"$i":"import-contact-storage-full","$v":"د تماسونو د راؤړلو توان نلري. ایپلیکشن ډیټا لرې کړئ چی ذخیره زیاته شی"},{"$i":"contact-import-error-disk-full","$v":"د تماسونو لیږل د ذخیرې د بشپړتیا له کبله بشپړ نه شو. د ځای خالي کولو لپاره د ایپلیکیشن ډیټا ډیلیټ کړئ.‏ "},{"$i":"contact-import-error-sim-full","$v":"هغه تماسونه راؤړئ کوم چی د SIM کارډ بشپړ له امله مکمل شوی نه وو."},{"$i":"contact-import-error-unknown","$v":"د واردولو اړیکې د غلطۍ له امله نیمګړې دي."},{"$i":"import-contacts-canceled","$v":"0.0"},{"$i":"close","$v":"بنده ‎کړئ"},{"$i":"import-process-cancel","$v":"د واردولو پروسه لغوه شوه."},{"$i":"import-limit-header","$v":"د دوتنې کچه حد اوړي"},{"$i":"inner-import-limit-content","$v":"د هرې اړیکې فایل اندازه له 10MB څخه پورته نه ده وارد شوې."},{"$i":"activity-import-limit-contact","$v":"د فایل اندازې حد زیات کولو له امله د اړیکو واردولو کې پاتې راغی."},{"$i":"activity-import-limit-additional","$v":"(د فایل اندازه باید له 10MB څخه کم وي.)"},{"$i":"bluetooth","$v":"بلوتوت"},{"$i":"export","$v":"لیږدول"},{"$i":"export-contacts","$v":"شمیرې لیږدول"},{"$i":"simExport-title","$v":"سیم ته لیږدول"},{"$i":"memoryCardExport-title","$v":"میموری کارت ته صادرول ..."},{"$i":"btExport-title","$v":"بلوتوت ته لیږدول"},{"$i":"noSimMsgExport","$v":"د تماسونو د صادرولو لپاره خپل سیم کارډ داخل یا خلاص کړئ."},{"$i":"noSdcardExport","$v":"د تماسونو د صادرولو لپاره یو میموري کارډ داخل کړئ."},{"$i":"bluetoothNoConnection","$v":"د تماسونو د صادرولو لپاره د بلوتوت د یوې الې سره وصل شئ."},{"$i":"contact-exported","$v":[{"t":"idOrVar","v":"exported"}," تماسونه صادر شو."]},{"$i":"contact-exported2","$v":{"zero":"هیڅ اړیکه صادر نه شوه.","one":"contact رابطه صادر شوه","few":[{"t":"idOrVar","v":"exported"}," تماسونه صادر شو."],"many":[{"t":"idOrVar","v":"exported"}," تماسونه صادر شو."],"other":[{"t":"idOrVar","v":"exported"}," تماسونه صادر شو."],"two":[{"t":"idOrVar","v":"exported"}," تماسونه صادر شو."]},"$x":[{"t":"idOrVar","v":"plural"},"exported"]},{"$i":"export-contact-failed","$v":"تماس خوځول فیل شو"},{"$i":"contact-export-error-sim-full","$v":"لیږل شوي تماسونه بشپړ نه شو ځکه چې SIM کارت ډک دی."},{"$i":"contact-export-error-sd-full","$v":"د صادراتو اړیکې بشپړ ندي بشپړ شوي د حافظې کارت بشپړ دی."},{"$i":"contact-export-error-unknown","$v":"د غلطۍ له امله صادر شوي اړیکې ندي بشپړې شوي."},{"$i":"contact-export-canceled","$v":"د لېږلو پروسه فسخ کړی شوه."},{"$i":"save","$v":"محفوظ کړئ"},{"$i":"back","$v":"شاته"},{"$i":"givenName","$v":"اصلي نوم"},{"$i":"familyName","$v":"وروستی نوم"},{"$i":"name","$v":"نوم"},{"$i":"org","$v":"کمپنۍ"},{"$i":"ringtone","$v":"نغمه"},{"$i":"note","$v":"یادښت"},{"$i":"photo","$v":"انځور"},{"$i":"email","$v":"بریښنالیک"},{"$i":"adr","$v":"ادرس"},{"$i":"custom","$v":"عیار"},{"$i":"confirm-discard-contact-data","$v":"د تماس معلومات به ترک شو. ایا غواړی دا تماس ثبت کړئ."},{"$i":"confirm-discard-contact-update-data","$v":"تغیرات به ترک کړل شي. ایا غواړئ چې دا تماس ثبت کړئ؟"},{"$i":"discard-contact-data","$v":"تغیرات به ترک شي.‏"},{"$i":"discard","$v":"پریښودل"},{"$i":"add-others","$v":"نور زیات کړئ"},{"$i":"custom-label","$v":"دود دود"},{"$i":"input-the-custom-type","$v":"مهرباني وکړئ کسټم ډول داخل کړئ"},{"$i":"contact-added","$v":"تماس اضافه شو۔"},{"$i":"delete-prompt-message","$v":["لرې کړﺉ شي ",{"t":"idOrVar","v":"field"},"؟"]},{"$i":"delete-photo-msg","$v":"انځور"},{"$i":"delete-ringtone-msg","$v":"نغمه"},{"$i":"delete-bday-msg","$v":"زوکړي ورز"},{"$i":"delete-note-msg","$v":"یادښت"},{"$i":"delete-org-msg","$v":"کمپنۍ"},{"$i":"personal","$v":"شخصي"},{"$i":"mobile","$v":"مبائیل"},{"$i":"current","$v":"اوسنی"},{"$i":"home","$v":"کور"},{"$i":"work","$v":"دنده"},{"$i":"other","$v":"بل"},{"$i":"fax-home","$v":"د کور فکس"},{"$i":"fax-office","$v":"د دفتر فکس"},{"$i":"fax-other","$v":"بل فکس"},{"$i":"add-phone","$v":"فون زیات کړئ"},{"$i":"add-tel","$v":"فون زیات کړئ"},{"$i":"add-email","$v":"ایمیل زیات کړئ"},{"$i":"add-ringtone","$v":"نغمه زیاته کړئ"},{"$i":"add-adr","$v":"ادرس زیات کړئ"},{"$i":"add-bday","$v":"زیږون نیټه زیاته کړئ"},{"$i":"add-photo","$v":"تصویر زیات کړئ"},{"$i":"add-note","$v":"نوټ زیات کړئ"},{"$i":"add-org","$v":"کمپنۍ زیاته کړئ"},{"$i":"add-tel-number","$v":"فون اضافه کړئ"},{"$i":"delete-tel","$v":"د اړیکې شمیره لرې کړئ"},{"$i":"delete-email","$v":"بریښنالیک لرې کړئ"},{"$i":"delete-ringtone","$v":"نغمه لرې کړئ"},{"$i":"delete-adr","$v":"ادرس لرې کړئ"},{"$i":"delete-bday","$v":"د پیدایښت ورځ لرئ کړئ"},{"$i":"delete-photo","$v":"انځور ړنګ کړئ"},{"$i":"delete-note","$v":"یاداشت لرې کړئ"},{"$i":"delete-org","$v":"کمپنۍ لرئ کړئ"},{"$i":"edit-tel-type","$v":"د ټیلیفون ډول اصلاح کړئ"},{"$i":"edit-email-type","$v":"د بریښنالیک ډول اصلاح کړئ"},{"$i":"edit-adr-type","$v":"ادرس ډول اصلاح کړئ"},{"$i":"edit-bday-type","$v":"پیدایښت نیټه اصلاح کړئ"},{"$i":"replace-photo","$v":"انځور بدل کړئ"},{"$i":"replace-ringtone","$v":"نغمه بدله کړئ"},{"$i":"mobile-tel","$v":"مبائیل ټیلیفون"},{"$i":"home-tel","$v":"د کور ټیلیفون"},{"$i":"work-tel","$v":"د دندې ټیلیفون"},{"$i":"personal-tel","$v":"شخصي ټیلیفون"},{"$i":"fax-home-tel","$v":"د کور فکس"},{"$i":"fax-office-tel","$v":"د دفتر فکس"},{"$i":"fax-other-tel","$v":"بل فکس"},{"$i":"other-tel","$v":"بل ټیلیفون"},{"$i":"personal-email","$v":"شخصي بریښنالیک"},{"$i":"work-email","$v":"کاري بریښنالیک"},{"$i":"other-email","$v":"نور بریښنالیک"},{"$i":"custom-email","$v":[{"t":"idOrVar","v":"type"}," بریښنا لیک"]},{"$i":"custom-tel","$v":[{"t":"idOrVar","v":"type"}," فون"]},{"$i":"personal-adr","$v":"شخصي ادرس"},{"$i":"current-adr","$v":"اوسنی ادرس"},{"$i":"home-adr","$v":"د کور ادرس"},{"$i":"work-adr","$v":"د دندې ادرس"},{"$i":"custom-adr","$v":[{"t":"idOrVar","v":"type"}," ادرس"]},{"$i":"bday","$v":"پیدایښت نیټه"},{"$i":"birthday","$v":"پیدایښت نیټه"},{"$i":"streetAddress","$v":"سرک"},{"$i":"locality","$v":"ښار"},{"$i":"postalCode","$v":"زیپ کوډ"},{"$i":"countryName","$v":"هیواد"},{"$i":"region","$v":"دولت"},{"$i":"no-name","$v":"نوم نشته"},{"$i":"new-contact","$v":"نوی تماس"},{"$i":"options","$v":"غوراوي"},{"$i":"cancel","$v":"کول"},{"$i":"settings","$v":"تنظیمات"},{"$i":"edit","$v":"اصلاح کول"},{"$i":"share","$v":"شریک کړئ"},{"$i":"remove","$v":"لرې کړئ"},{"$i":"compose","$v":"کمپوز کړئ"},{"$i":"new-contact-title","$v":"نوی تماس"},{"$i":"edit-title","$v":"تماسونه اصلاح کړئ"},{"$i":"music","$v":"موسیقي"},{"$i":"adr-type","$v":"د پته ډول"},{"$i":"email-type","$v":"د بریښنالیک ډول"},{"$i":"tel-type","$v":"د تلیفون ډول"},{"$i":"ICEContactsGroup","$v":"ICE تماسونه"},{"$i":"setICEButton","$v":"د ICE د تماسونو په ډول وټاکئ"},{"$i":"ICESettingTitle","$v":"ICE تماسونه"},{"$i":"ICEDescription","$v":"د بیړني حالت په حالت کې\" د اړیکو لپاره پنځه اړیکې شامل کړئ."},{"$i":"ICEContact","$v":["‏ICE تماسونه ",{"t":"idOrVar","v":"n"}]},{"$i":"ICESelectContact","$v":"یو تماس انتخاب کړئ"},{"$i":"delete-ice-contact-warning","$v":"ایا غواړئ ICE تماس لرې کړئ؟"},{"$i":"confirm","$v":"تصدیق"},{"$i":"add-ice-failed","$v":"د ICE اضافه کول ونشول"},{"$i":"create-group","$v":"ګروپ جوړ کړئ"},{"$i":"group-name","$v":"د ډلې نوم"},{"$i":"group","$v":"ګروپ"},{"$i":"new-group-created","$v":"نوې ډله جوړه شوې ده."},{"$i":"create-group-failed","$v":"ډله جوړه شوه."},{"$i":"create-group-too-many","$v":["تاسو یواځی ",{"t":"idOrVar","v":"number"}," ډله تخلیق کولی شئ."]},{"$i":"create-group-duplicate","$v":"ورته نوم."},{"$i":"rename-group-failed","$v":"د نوم نوم بدل شو."},{"$i":"new-group","$v":"نوی"},{"$i":"rename","$v":"بیانومول"},{"$i":"duplicate-removed","$v":"د دوه اړخیز تماسونه لرې کړی شو."},{"$i":"add-to-group","$v":"ګروپ ته اضافه کړئ"},{"$i":"remove-from-group","$v":"له ډلې څخه لرې کړئ"},{"$i":"added-to","$v":[{"t":"idOrVar","v":"ګروپ"}," ته ورګډ شوی"]},{"$i":"removed-from","$v":[{"t":"idOrVar","v":"group"}," څخه لرې شوی"]},{"$i":"select-group","$v":"ډله غوره کړه"},{"$i":"rename-group","$v":"د ډلې نوم"},{"$i":"delete-group","$v":["ایا تاسو باؤري یې چې ",{"t":"idOrVar","v":"group"}," لرې کړﺉ شي؟"]},{"$i":"unable-add-warn","$v":"په ګروپ کې د حساب اړیکې اضافه کولو توان نلري."},{"$i":"edit-contact","$v":"تماسونه اصلاح کړئ"},{"$i":"send-message","$v":"پیغام ولیږئ"},{"$i":"call","$v":"کال"},{"$i":"call-sim-1","$v":"‏SIM 1 ته زنګ ووهئ"},{"$i":"call-sim-2","$v":"‏SIM 2 ته زنګ ووهئ"},{"$i":"send-email","$v":"ایمیل ولیږئ"},{"$i":"choose-number","$v":"شمیره غوره کړئ"},{"$i":"choose-email-address","$v":"بريښنالیک انتخاب کړه"},{"$i":"delete","$v":"لرې کول"},{"$i":"select","$v":"انتخال کړئ"},{"$i":"select-all","$v":"ټول انتخاب کړئ"},{"$i":"select-all2","$v":"ټول"},{"$i":"deselect-all","$v":"ټول انتخاب نه کول"},{"$i":"deselect-all2","$v":"هیڅ یو"},{"$i":"deselect","$v":"انتخاب نه کول"},{"$i":"selected-contacts","$v":{"few":[{"t":"idOrVar","v":"n"}," انتخاب شو"],"many":[{"t":"idOrVar","v":"n"}," انتخاب شو"],"one":[{"t":"idOrVar","v":"n"}," انتخاب شو"],"other":[{"t":"idOrVar","v":"n"}," انتخاب شو"],"two":[{"t":"idOrVar","v":"n"}," انتخاب شو"],"zero":[{"t":"idOrVar","v":"n"}," انتخاب‎ شو"]},"$x":[{"t":"idOrVar","v":"plural"},"n"]},{"$i":"massive-delete","$v":"تماسونه لرې کړي"},{"$i":"confirm-contact-delete","$v":["ایا غواړئ \"",{"t":"idOrVar","v":"name"},"\" تماس لرې کړئ؟"]},{"$i":"DeletedTxt","$v":{"few":[{"t":"idOrVar","v":"n"}," تماسونه لری شو"],"many":[{"t":"idOrVar","v":"n"}," تماسونه لری شو"],"one":"1 تماس لري شو","other":[{"t":"idOrVar","v":"n"}," تماسونه لری شو"],"two":[{"t":"idOrVar","v":"n"}," تماسونه لری شو"],"zero":"تماس لرې شوی ندی"},"$x":[{"t":"idOrVar","v":"plural"},"n"]},{"$i":"DeletingContacts","$v":"تماسونه لرې کړي"},{"$i":"DeletingContactsProgressing","$v":"د اړیکو لرې کول"},{"$i":"ContactConfirmDel","$v":{"few":[{"t":"idOrVar","v":"n"}," تماس لري کړي؟ دا رد کیدای نه شي."],"many":[{"t":"idOrVar","v":"n"}," تماس لري کړي؟ دا رد کیدای نه شي."],"one":"1 تماس لري کړي؟ دا رد کیدای نه شي.","other":[{"t":"idOrVar","v":"n"}," تماس لري کړي؟ دا رد کیدای نه شي."],"two":[{"t":"idOrVar","v":"n"}," تماس لري کړي؟ دا رد کیدای نه شي."],"zero":"تماس لرې شوی ندی"},"$x":[{"t":"idOrVar","v":"plural"},"n"]},{"$i":"contact-deleted","$v":{"zero":"0.0","one":"contact رابطه ړنګه شوه","few":[{"t":"idOrVar","v":"n"}," تماسونه لری شو."],"many":[{"t":"idOrVar","v":"n"}," تماسونه لری شو."],"other":[{"t":"idOrVar","v":"n"}," تماسونه لری شو."],"two":[{"t":"idOrVar","v":"n"}," تماسونه لری شو."]},"$x":[{"t":"idOrVar","v":"plural"},"n"]},{"$i":"a-contact-deleted","$v":"تماس لري شو."},{"$i":"settings-title","$v":"تماس تنظیمات"},{"$i":"change-will-update-until-restart","$v":"بدلونونه به تازه شي کله چې اړیکې په لاره اچول کیږي."},{"$i":"transfer-contacts","$v":"تماسونه ولیږئ"},{"$i":"service-number","$v":"د خدمت شمیره"},{"$i":"no-contacts-found","$v":"هیڅ ساری ونه موندل شو"},{"$i":"search","$v":"تماسونه وپلټئ","placeholder":"تماسونه وپلټئ"},{"$i":"search-option","$v":"لټون"},{"$i":"accounts","$v":"اکاونټونه"},{"$i":"account","$v":"اکاونټ"},{"$i":"add-account","$v":"حساب اضافه کړئ"},{"$i":"add-account-failed","$v":"نامعلومه تیروتنه رامنځته شوه، لطفاً بیا کوشش وکړئ.‏"},{"$i":"duplicate-account-warn","$v":"اکاونټ له مخکې نه موجود دی، هممهالي کیدل آن دي.‏"},{"$i":"setting-up-account","$v":"اکاونټ جوړول"},{"$i":"no-network-warn","$v":"انټرنیټ اړیکه نشته."},{"$i":"username","$v":"کاري نوم"},{"$i":"password","$v":"پاسورډ"},{"$i":"delete-account","$v":"اکاونټ لرې کړئ"},{"$i":"delete-account-long","$v":"ګڼون ړنګ کړئ"},{"$i":"delete-account-warn","$v":"که تاسو دا اکاؤنټ لرې کړئ، هغه ایپس چې دا اکاؤنټ کاروي به هم اغیزمن شي."},{"$i":"deleting-account","$v":"اکاونټ حذف کول ..."},{"$i":"delete-account-failed","$v":"اکاؤنټ لرې کول ناکام شو، لطفا وروسته بیا هڅه وکړئ."},{"$i":"delete-account-ok","$v":"ګڼون ړنګ شو."},{"$i":"sync","$v":"هم مهاله"},{"$i":"sync-title","$v":"اړیکې هم مهاله شوي"},{"$i":"sync-failed-warn","$v":"په همغږۍ کې ناکام شو."},{"$i":"sync-off-warn","$v":"همغږی په امستنو بند دی."},{"$i":"show-account-contacts","$v":"د محاسبې اړیکې وښیه"},{"$i":"sync-account-contacts","$v":"د محاسبې اړیکې اړیکه"},{"$i":"sync-account-contacts-warning","$v":["یو انټرنیټ حساب تماس کی ترمیم به ترهغه پوری کلاؤډ سره همهالي نشي کله چی \"",{"t":"idOrVar","v":"switch"},"\" په نښه شوی نه وي، تاسي اوس لاهم دی څخه نښه لری کول غواړی."]},{"$i":"yes","$v":"هو"},{"$i":"all-contacts-synced","$v":"ټولې اړیکې هماهنګ شوي دي."},{"$i":"contact-syncing","$v":"د اړیکو همغږي کول ..."},{"$i":"contacts-sync-limit-exceed","$v":"د تماسونو د حد د تجاوز له کبله د تماسونو برابرول نابشپړه دي.‏"},{"$i":"show-password","$v":"پاسورډ ښکاره کړئ"},{"$i":"password-incorrect","$v":"غلط پاسورډ"},{"$i":"re-enter-password","$v":"پټ نوم مو بیا ځلې ولیکئ"},{"$i":"accessing-warn","$v":"ستاسې اکاونټ ته په لاس رسۍ کې ستونزه وه.‏"},{"$i":"accessing-warn-password","$v":"لطفاً پاس ورډ بیا ورکړئ.‏"},{"$i":"re-enter-password-on-setting","$v":"مهرباني وکړئ د اړیکو په ترتیب کې پټنوم بیا تکرار کړئ."},{"$i":"accessing-warn-relogin","$v":"لطفاً اکاونټ ډیلیټ کړئ او بیا لاګ ان شئ.‏"},{"$i":"update-password-failed","$v":"د پاس ورډ اپ ډیټ ناکام شو، لطفا وروسته بیا هڅه وکړئ."},{"$i":"connect-time-out","$v":["‏د \"",{"t":"idOrVar","v":"server"},"\" سره خوندي کنیکشن نه برابریږي. ښایي په نیټ ورک کې ستونزه وي."]},{"$i":"server-error","$v":"سرور نشته. وروسته بیا هڅه وکړئ."},{"$i":"loading","$v":"لوډ کیږي..."},{"$i":"ellipsis","$v":"..."},{"$i":"stop-syncing-warn-title","$v":"د اړیکو همغږي کول"},{"$i":"stop-syncing-warn","$v":"د اپل بندول به د اړیکې همغږي کولو پروسه ودروي. ایا تاسو اوس هم غواړئ چې دې وتړئ؟"},{"$i":"weekday-0-long","$v":"یکشنبه"},{"$i":"weekday-1-long","$v":"دوشنبه"},{"$i":"weekday-2-long","$v":"سه شنبه"},{"$i":"weekday-3-long","$v":"چهارشنبه"},{"$i":"weekday-4-long","$v":"پنجشنبه"},{"$i":"weekday-5-long","$v":"جمعه"},{"$i":"weekday-6-long","$v":"شنبه"},{"$i":"weekday-0-short","$v":"لمر"},{"$i":"weekday-1-short","$v":"دو"},{"$i":"weekday-2-short","$v":"سه"},{"$i":"weekday-3-short","$v":"چهار"},{"$i":"weekday-4-short","$v":"پنج."},{"$i":"weekday-5-short","$v":"جمعه"},{"$i":"weekday-6-short","$v":"هفته"},{"$i":"month-0-long","$v":"جنوری"},{"$i":"month-1-long","$v":"فروری"},{"$i":"month-2-long","$v":"مارچ"},{"$i":"month-3-long","$v":"اپریل"},{"$i":"month-4-long","$v":"مئی"},{"$i":"month-5-long","$v":"جون"},{"$i":"month-6-long","$v":"جولائی"},{"$i":"month-7-long","$v":"اګست"},{"$i":"month-8-long","$v":"ستمبر"},{"$i":"month-9-long","$v":"اکتوبر"},{"$i":"month-10-long","$v":"نومبر"},{"$i":"month-11-long","$v":"دسمبر"},{"$i":"month-0-genitive","$v":"جنوری"},{"$i":"month-1-genitive","$v":"فروری"},{"$i":"month-2-genitive","$v":"مارچ"},{"$i":"month-3-genitive","$v":"اپریل"},{"$i":"month-4-genitive","$v":"مئی"},{"$i":"month-5-genitive","$v":"جون"},{"$i":"month-6-genitive","$v":"جولائی"},{"$i":"month-7-genitive","$v":"اګست"},{"$i":"month-8-genitive","$v":"ستمبر"},{"$i":"month-9-genitive","$v":"اکتوبر"},{"$i":"month-10-genitive","$v":"نومبر"},{"$i":"month-11-genitive","$v":"دسمبر"},{"$i":"month-0-short","$v":"جنوری"},{"$i":"month-1-short","$v":"فروری"},{"$i":"month-2-short","$v":"مارچ"},{"$i":"month-3-short","$v":"اپریل"},{"$i":"month-4-short","$v":"مئی"},{"$i":"month-5-short","$v":"جون"},{"$i":"month-6-short","$v":"جولائی"},{"$i":"month-7-short","$v":"اګست"},{"$i":"month-8-short","$v":"ستمبر"},{"$i":"month-9-short","$v":"اکتوبر"},{"$i":"month-10-short","$v":"نومبر"},{"$i":"month-11-short","$v":"دسمبر"},{"$i":"minutes-ago-long","$v":{"few":[{"t":"idOrVar","v":"value"}," دقی مخکې"],"many":[{"t":"idOrVar","v":"value"}," دقی مخکې"],"other":[{"t":"idOrVar","v":"value"}," دقی مخکې"],"two":[{"t":"idOrVar","v":"value"}," دقی مخکې"],"one":"یو دقیقه مخکې","zero":"همدا اوس"},"$x":[{"t":"idOrVar","v":"plural"},"value"]},{"$i":"hours-ago-long","$v":{"few":[{"t":"idOrVar","v":"value"}," ساعته مخکې"],"many":[{"t":"idOrVar","v":"value"}," ساعته مخکې"],"other":[{"t":"idOrVar","v":"value"}," ساعته مخکې"],"two":[{"t":"idOrVar","v":"value"}," ساعته مخکې"],"one":"یو ساعت وخت","zero":"همدا اوس"},"$x":[{"t":"idOrVar","v":"plural"},"value"]},{"$i":"days-ago-long","$v":{"few":[{"t":"idOrVar","v":"value"}," ورځي مخکې"],"many":[{"t":"idOrVar","v":"value"}," ورځي مخکې"],"one":"پرون","other":[{"t":"idOrVar","v":"value"}," ورځي مخکې"],"two":[{"t":"idOrVar","v":"value"}," ورځي مخکې"],"zero":"نن"},"$x":[{"t":"idOrVar","v":"plural"},"value"]},{"$i":"weeks-ago-long","$v":{"few":[{"t":"idOrVar","v":"value"}," اوونئ مخکې"],"many":[{"t":"idOrVar","v":"value"}," اوونئ مخکې"],"one":"تیره اوونۍ","other":[{"t":"idOrVar","v":"value"}," اوونئ مخکې"],"two":[{"t":"idOrVar","v":"value"}," اوونئ مخکې"],"zero":"دا اونۍ"},"$x":[{"t":"idOrVar","v":"plural"},"value"]},{"$i":"months-ago-long","$v":{"few":[{"t":"idOrVar","v":"value"}," میاشتي مخکې"],"many":[{"t":"idOrVar","v":"value"}," میاشتي مخکې"],"one":"تیره میاشت","other":[{"t":"idOrVar","v":"value"}," میاشتي مخکې"],"two":[{"t":"idOrVar","v":"value"}," میاشتي مخکې"],"zero":"دا میاشت"},"$x":[{"t":"idOrVar","v":"plural"},"value"]},{"$i":"years-ago-long","$v":{"few":[{"t":"idOrVar","v":"value"}," کاله مخکې"],"many":[{"t":"idOrVar","v":"value"}," کاله مخکې"],"one":"تیر کال","other":[{"t":"idOrVar","v":"value"}," کاله مخکې"],"two":[{"t":"idOrVar","v":"value"}," کاله مخکې"],"zero":"دا کال"},"$x":[{"t":"idOrVar","v":"plural"},"value"]},{"$i":"minutes-until-long","$v":{"few":["په ",{"t":"idOrVar","v":"value"}," دقیقو"],"many":["په ",{"t":"idOrVar","v":"value"}," دقیقو"],"other":["په ",{"t":"idOrVar","v":"value"}," دقیقو"],"two":["په ",{"t":"idOrVar","v":"value"}," دقیقو"],"zero":"اوس","one":"په 1 دقیقه کې"},"$x":[{"t":"idOrVar","v":"plural"},"value"]},{"$i":"hours-until-long","$v":{"few":["په ",{"t":"idOrVar","v":"value"}," ساعتونو"],"many":["په ",{"t":"idOrVar","v":"value"}," ساعتونو"],"other":["په ",{"t":"idOrVar","v":"value"}," ساعتونو"],"two":["په ",{"t":"idOrVar","v":"value"}," ساعتونو"],"zero":"اوس","one":"په 1 ساعت کې"},"$x":[{"t":"idOrVar","v":"plural"},"value"]},{"$i":"days-until-long","$v":{"few":["په ",{"t":"idOrVar","v":"value"}," ورځو"],"many":["په ",{"t":"idOrVar","v":"value"}," ورځو"],"one":"سبا","other":["په ",{"t":"idOrVar","v":"value"}," ورځو"],"two":["په ",{"t":"idOrVar","v":"value"}," ورځو"],"zero":"نن"},"$x":[{"t":"idOrVar","v":"plural"},"value"]},{"$i":"weeks-until-long","$v":{"few":["په ",{"t":"idOrVar","v":"value"}," اوونیو"],"many":["په ",{"t":"idOrVar","v":"value"}," اوونیو"],"one":"راتلونکې اوونۍ","other":["په ",{"t":"idOrVar","v":"value"}," اوونیو"],"two":["په ",{"t":"idOrVar","v":"value"}," اوونیو"],"zero":"دا اونۍ"},"$x":[{"t":"idOrVar","v":"plural"},"value"]},{"$i":"months-until-long","$v":{"few":["په ",{"t":"idOrVar","v":"value"}," میاشتو"],"many":["په ",{"t":"idOrVar","v":"value"}," میاشتو"],"one":"راتلونکې میاشت","other":["په ",{"t":"idOrVar","v":"value"}," میاشتو"],"two":["په ",{"t":"idOrVar","v":"value"}," میاشتو"],"zero":"دا میاشت"},"$x":[{"t":"idOrVar","v":"plural"},"value"]},{"$i":"years-until-long","$v":{"few":["په ",{"t":"idOrVar","v":"value"}," کلونو"],"many":["په ",{"t":"idOrVar","v":"value"}," کلونو"],"one":"راتلونکی کال","other":["په ",{"t":"idOrVar","v":"value"}," کلونو"],"two":["په ",{"t":"idOrVar","v":"value"}," کلونو"],"zero":"دا کال"},"$x":[{"t":"idOrVar","v":"plural"},"value"]},{"$i":"minutes-ago-short","$v":{"other":[{"t":"idOrVar","v":"value"},"دقه مخکې"],"zero":"همدا اوس"},"$x":[{"t":"idOrVar","v":"plural"},"value"]},{"$i":"hours-ago-short","$v":{"other":[{"t":"idOrVar","v":"value"},"ساعت مخکې"],"zero":"همدا اوس"},"$x":[{"t":"idOrVar","v":"plural"},"value"]},{"$i":"days-ago-short","$v":{"other":[{"t":"idOrVar","v":"value"},"ورځ مخکې"],"zero":"نن"},"$x":[{"t":"idOrVar","v":"plural"},"value"]},{"$i":"minutes-until-short","$v":{"other":["په ",{"t":"idOrVar","v":"value"}," دقیقو"],"zero":"اوس"},"$x":[{"t":"idOrVar","v":"plural"},"value"]},{"$i":"hours-until-short","$v":{"other":["په ",{"t":"idOrVar","v":"value"}," ساعتونو"],"zero":"اوس"},"$x":[{"t":"idOrVar","v":"plural"},"value"]},{"$i":"days-until-short","$v":{"other":["په ",{"t":"idOrVar","v":"value"}," ورځو"],"zero":"نن"},"$x":[{"t":"idOrVar","v":"plural"},"value"]},{"$i":"incorrectDate","$v":"(غلطه نیټه)"},{"$i":"dateTimeFormat_%c","$v":"%a %b %e %Y %I:%M:%S %p"},{"$i":"dateTimeFormat_%x","$v":"%m/%d/%Y"},{"$i":"dateTimeFormat_%X","$v":"%I:%M:%S %p"},{"$i":"shortTimeFormat","$v":"%I:%M %p"},{"$i":"shortTimeFormat12","$v":"%I:%M %p"},{"$i":"shortTimeFormat24","$v":"%H:%M"},{"$i":"shortDateTimeFormat","$v":"%x %I:%M %p"},{"$i":"weekStartsOnMonday","$v":"0.0"},{"$i":"firstDayOfTheWeek","$v":"0.0"},{"$i":"time_am","$v":"سهار"},{"$i":"time_pm","$v":"ماښام"},{"$i":"sim-with-index-and-carrier","$v":["SIM ",{"t":"idOrVar","v":"index"}," - ",{"t":"idOrVar","v":"carrier"}]},{"$i":"sim-without-carrier","$v":["SIM ",{"t":"idOrVar","v":"index"}]}]