[{"$i":"contacts","$v":"Contactos"},{"$i":"view","$v":"Ver"},{"$i":"no-contacts","$v":"Nenhum contacto"},{"$i":"reading-contacts","$v":"A carregar contactos"},{"$i":"start-adding","$v":"Prima Novo ou vá para Definições para adicionar contactos."},{"$i":"no-contact-available","$v":"Nenhum contacto disponível"},{"$i":"requested-contact-not-available","$v":"Informações solicitadas não disponíveis nos contactos existentes"},{"$i":"cannot-add-as-empty","$v":"Não é possível adicionar ao contacto porque a lista de contactos está vazia"},{"$i":"ok","$v":"OK"},{"$i":"no-phone-number-to-dial","$v":"Nenhum número de telefone para marcar"},{"$i":"video-call","$v":"Chamada de vídeo"},{"$i":"rtt-call","$v":"Chamada RTT"},{"$i":"select-a-contact","$v":"Selecionar um contacto"},{"$i":"multi-pick-max-warn","$v":["O número máximo selecionado é ",{"t":"idOrVar","v":"n"}]},{"$i":"add-contact-failed","$v":"Falha ao adicionar contacto"},{"$i":"no-sim-card-available","$v":"Nenhum cartão SIM disponível"},{"$i":"email-cannot-add-to-sim","$v":"O e-mail não é suportado pela seleção de memória atual."},{"$i":"add-info-failed","$v":"Falha ao adicionar informação"},{"$i":"no-contact-to-add","$v":"Não existe um contacto disponível para adicionar."},{"$i":"move","$v":"Mover"},{"$i":"copy","$v":"Copiar"},{"$i":"copy-contacts","$v":"Copiar contactos"},{"$i":"move-contacts","$v":"Mover contactos"},{"$i":"phone-memory","$v":"Memória do telefone"},{"$i":"sim-memory","$v":"Memória SIM"},{"$i":"sim-0-memory","$v":"Memória do SIM 1"},{"$i":"sim-1-memory","$v":"Memória do SIM 2"},{"$i":"move-from","$v":"Mover de"},{"$i":"copy-from","$v":"Copiar de"},{"$i":"to","$v":"Para"},{"$i":"move-contacts-progressing","$v":"A mover contacto(s)..."},{"$i":"copy-contacts-progressing","$v":"A copiar contacto(s)..."},{"$i":"contact-move-to-sim","$v":{"few":[{"t":"idOrVar","v":"migrated"}," contactos movidos para o SIM."],"many":[{"t":"idOrVar","v":"migrated"}," contactos movidos para o SIM."],"one":"1 contacto movido para o SIM.","other":[{"t":"idOrVar","v":"migrated"}," contactos movidos para o SIM."],"two":[{"t":"idOrVar","v":"migrated"}," contactos movidos para o SIM."],"zero":"Nenhum contacto movido para o SIM."},"$x":[{"t":"idOrVar","v":"plural"},"migrated"]},{"$i":"contact-copy-to-sim","$v":{"few":[{"t":"idOrVar","v":"migrated"}," contactos copiados para o SIM."],"many":[{"t":"idOrVar","v":"migrated"}," contactos copiados para o SIM."],"one":"1 contacto copiado para o SIM.","other":[{"t":"idOrVar","v":"migrated"}," contactos copiados para o SIM."],"two":[{"t":"idOrVar","v":"migrated"}," contactos copiados para o SIM."],"zero":"Nenhum contacto copiado para o SIM."},"$x":[{"t":"idOrVar","v":"plural"},"migrated"]},{"$i":"contact-move-to-sim0","$v":{"few":[{"t":"idOrVar","v":"migrated"}," contactos movidos para o SIM 1."],"many":[{"t":"idOrVar","v":"migrated"}," contactos movidos para o SIM 1."],"one":"1 contacto movido para o SIM 1.","other":[{"t":"idOrVar","v":"migrated"}," contactos movidos para o SIM 1."],"two":[{"t":"idOrVar","v":"migrated"}," contactos movidos para o SIM 1."],"zero":"Nenhum contacto movido para o SIM 1."},"$x":[{"t":"idOrVar","v":"plural"},"migrated"]},{"$i":"contact-copy-to-sim0","$v":{"few":[{"t":"idOrVar","v":"migrated"}," contactos copiados para o SIM 1."],"many":[{"t":"idOrVar","v":"migrated"}," contactos copiados para o SIM 1."],"one":"1 contacto copiado para o SIM 1.","other":[{"t":"idOrVar","v":"migrated"}," contactos copiados para o SIM 1."],"two":[{"t":"idOrVar","v":"migrated"}," contactos copiados para o SIM 1."],"zero":"Nenhum contacto copiado para o SIM 1."},"$x":[{"t":"idOrVar","v":"plural"},"migrated"]},{"$i":"contact-move-to-sim1","$v":{"few":[{"t":"idOrVar","v":"migrated"}," contactos movidos para o SIM 2."],"many":[{"t":"idOrVar","v":"migrated"}," contactos movidos para o SIM 2."],"one":"1 contacto movido para o SIM 2.","other":[{"t":"idOrVar","v":"migrated"}," contactos movidos para o SIM 2."],"two":[{"t":"idOrVar","v":"migrated"}," contactos movidos para o SIM 2."],"zero":"Nenhum contacto movido para o SIM 2."},"$x":[{"t":"idOrVar","v":"plural"},"migrated"]},{"$i":"contact-copy-to-sim1","$v":{"few":[{"t":"idOrVar","v":"migrated"}," contactos copiados para o SIM 2."],"many":[{"t":"idOrVar","v":"migrated"}," contactos copiados para o SIM 2."],"one":"1 contacto copiado para o SIM 2.","other":[{"t":"idOrVar","v":"migrated"}," contactos copiados para o SIM 2."],"two":[{"t":"idOrVar","v":"migrated"}," contactos copiados para o SIM 2."],"zero":"Nenhum contacto copiado para o SIM 2."},"$x":[{"t":"idOrVar","v":"plural"},"migrated"]},{"$i":"contact-move-to-device","$v":{"one":"1 contacto movido para o dispositivo.","zero":"Nenhum contacto movido para o dispositivo.","few":[{"t":"idOrVar","v":"migrated"}," contactos movidos para o dispositivo."],"many":[{"t":"idOrVar","v":"migrated"}," contactos movidos para o dispositivo."],"other":[{"t":"idOrVar","v":"migrated"}," contactos movidos para o dispositivo."],"two":[{"t":"idOrVar","v":"migrated"}," contactos movidos para o dispositivo."]},"$x":[{"t":"idOrVar","v":"plural"},"migrated"]},{"$i":"contact-copy-to-device","$v":{"one":"1 contacto copiado para o dispositivo.","zero":"Nenhum contacto copiado para o dispositivo.","few":[{"t":"idOrVar","v":"migrated"}," contactos copiados para o dispositivo."],"many":[{"t":"idOrVar","v":"migrated"}," contactos copiados para o dispositivo."],"other":[{"t":"idOrVar","v":"migrated"}," contactos copiados para o dispositivo."],"two":[{"t":"idOrVar","v":"migrated"}," contactos copiados para o dispositivo."]},"$x":[{"t":"idOrVar","v":"plural"},"migrated"]},{"$i":"copy-contact-failed","$v":"Falha ao copiar contactos"},{"$i":"move-contact-failed","$v":"Falha ao mover contactos"},{"$i":"contact-copy-error-sim-full","$v":"Não foi possível copiar os contactos porque o cartão SIM está cheio."},{"$i":"contact-copy-error-unknown","$v":"Não foi possível copiar os contactos devido a um erro."},{"$i":"contact-copy-error-limit-exceeded","$v":"Cópia de contactos não concluída porque o limite de contactos no telefone foi excedido."},{"$i":"contact-move-error-sim-full","$v":"Não foi possível mover os contactos porque o cartão SIM está cheio."},{"$i":"contact-move-error-unknown","$v":"Não foi possível mover os contactos devido a um erro."},{"$i":"contact-move-error-limit-exceeded","$v":"Transferência de contactos não concluída porque o limite de contactos do telefone foi excedido."},{"$i":"contact-save-error-unknown","$v":"Não foi possível guardar o contacto devido a um erro."},{"$i":"memory","$v":"Memória"},{"$i":"phone-and-sim","$v":"Telefone e SIM"},{"$i":"phone","$v":"Telefone"},{"$i":"sim","$v":"SIM"},{"$i":"reloading-contact","$v":"A recarregar contactos.."},{"$i":"contact-reloaded","$v":"Contactos recarregados"},{"$i":"message","$v":"Mensagem"},{"$i":"changes-saved","$v":"Alterações guardadas."},{"$i":"already-ice-contact","$v":"O contacto selecionado já foi definido para ECE."},{"$i":"phone-contacts-limit-exceeded","$v":"Limite de contactos do telefone excedido."},{"$i":"sim-contacts-limit-exceeded","$v":"Limite de contactos do SIM excedido."},{"$i":"more-info","$v":"Mais"},{"$i":"callAirplaneModeTitle","$v":"Modo de voo ativado"},{"$i":"callAirplaneModeMessage","$v":"Para efetuar uma chamada tem de desativar o modo de voo nas definições."},{"$i":"emergencyDialogTitle","$v":"Sem ligação"},{"$i":"emergencyDialogBodyBadNumber","$v":"Para efetuar uma chamada, o telefone tem de estar ligado a uma rede."},{"$i":"emergencyDialogBodyDeviceNotAccepted","$v":"A rede não permite chamadas de emergência."},{"$i":"invalidNumberToDialTitle","$v":"Número de telefone inválido"},{"$i":"invalidNumberToDialMessage","$v":"O número de telefone para onde está a ligar não é válido."},{"$i":"invalidNumberToSendTitle","$v":"Número de telefone inválido"},{"$i":"invalidNumberToSendMessage","$v":"O número de telefone para o qual está a enviar mensagem não é válido."},{"$i":"emergency-call-only","$v":"Apenas chamada de emergência"},{"$i":"emergency-call-error","$v":[{"t":"idOrVar","v":"number"}," não é um número de emergência."]},{"$i":"numberIsBusyTitle","$v":"Número ocupado"},{"$i":"numberIsBusyMessage","$v":"O número está ocupado neste momento. Tente novamente mais tarde."},{"$i":"fdnIsActiveTitle","$v":"FDN ativo"},{"$i":"fdnIsActiveMessage","$v":["O FDN (Números de marcação fixa) está ativado e o número seguinte não está na sua lista FDN: ",{"t":"idOrVar","v":"number"}]},{"$i":"otherConnectionInUseTitle","$v":"Outra ligação em utilização"},{"$i":"otherConnectionInUseMessage","$v":"Tem uma chamada ativa noutra ligação. Apenas pode utilizar uma ligação de cada vez."},{"$i":"GenericFailure","$v":"Falha geral"},{"$i":"CallFailed","$v":"A chamada falhou"},{"$i":"scCallBarring","$v":"Interdição de chamadas"},{"$i":"scCallForwarding","$v":"Reenvio de chamadas"},{"$i":"scClip","$v":"ID do chamador de entrada"},{"$i":"scClir","$v":"ID do chamador de saída"},{"$i":"scPwd","$v":"Alteração da palavra-passe"},{"$i":"scCallWaiting","$v":"Chamada em espera"},{"$i":"scPin","$v":"Alteração do PIN"},{"$i":"scPin2","$v":"Alteração do PIN2"},{"$i":"scPuk","$v":"Desbloquear PIN"},{"$i":"scPuk2","$v":"Desbloquear PIN2"},{"$i":"scImei","$v":"IMEI"},{"$i":"scMeid","$v":"MEID"},{"$i":"scUssd","$v":"USSD"},{"$i":"set-speed-dial","$v":"Definir contactos de marcação rápida"},{"$i":"empty","$v":"Vazio"},{"$i":"voicemail","$v":"Correio de voz"},{"$i":"speed-dial","$v":"Marcação rápida"},{"$i":"add","$v":"Adicionar"},{"$i":"replace","$v":"Substituir"},{"$i":"remove-from-speed-dial","$v":"Remover da marcação rápida"},{"$i":"custom-dialog-replace-speed-dial","$v":["Tem a certeza de que pretende substituir a marcação rápida ",{"t":"idOrVar","v":"oldSpeedDial"}," por ",{"t":"idOrVar","v":"newSpeedDial"},"?"]},{"$i":"custom-dialog-remove-speed-dial","$v":["Pretende remover ",{"t":"idOrVar","v":"name"}," da marcação rápida?"]},{"$i":"speed-dial-added","$v":"Número de marcação rápida adicionado"},{"$i":"speed-dial-removed","$v":"Número de marcação rápida removido."},{"$i":"speed-dial-replaced","$v":"Número de marcação rápida atualizado."},{"$i":"voice-mail","$v":"Correio de voz"},{"$i":"voice-mail-number","$v":["Número de correio de voz - SIM ",{"t":"idOrVar","v":"n"}]},{"$i":"voice-mail-number-single","$v":"Número do correio de voz"},{"$i":"voice-mail-number-updated","$v":"Número do correio de voz atualizado"},{"$i":"found-duplicates-message","$v":"Foi encontrada informação duplicada nos seguintes contactos. Gostaria de unir?"},{"$i":"confirm-to-merge-contacts","$v":["Pretende unir ",{"t":"idOrVar","v":"n"}," contactos com ",{"t":"idOrVar","v":"name"},"?"]},{"$i":"contact-merged","$v":"Contacto unido"},{"$i":"find-duplicate-contacts","$v":"Localizar contactos duplicados"},{"$i":"no-duplicate-contact-found","$v":"Nenhum contacto duplicado encontrado"},{"$i":"merge","$v":"Unir"},{"$i":"find-dup","$v":"Localizar contactos duplicados"},{"$i":"find-dup-title","$v":"Localizar contactos duplicados"},{"$i":"finding-dup-message","$v":"A procurar contactos duplicados..."},{"$i":"dup-found-title","$v":"Duplicados encontrados"},{"$i":"dup-found-message","$v":"Foram encontradas informações duplicadas no(s) seguinte(s) contacto(s). Pretende unir?"},{"$i":"no-dup-found","$v":"Nenhum duplicado encontrado"},{"$i":"merge-conflict-warn","$v":["As informações seguintes serão substituídas por \"",{"t":"idOrVar","v":"name"},"\":"]},{"$i":"merge-conflict-confirm","$v":"Tem a certeza de que pretende unir os contactos?"},{"$i":"add-favorite","$v":"Adicionar como favorito"},{"$i":"remove-favorite","$v":"Desmarcar como favorito"},{"$i":"favorite-contacts","$v":"Contactos favoritos"},{"$i":"add-block","$v":"Bloquear este número"},{"$i":"remove-block","$v":"Desbloquear este número"},{"$i":"add-block-email","$v":"Bloquear este e-mail"},{"$i":"remove-block-email","$v":"Desbloquear este e-mail"},{"$i":"add-block-contact-warning","$v":"Não receberá chamadas ou mensagens de pessoas na lista de bloqueios."},{"$i":"add-block-email-warning","$v":"Não irá receber mensagens deste endereço de e-mail."},{"$i":"block","$v":"Bloquear"},{"$i":"unblock","$v":"Desbloquear"},{"$i":"block-contacts","$v":"Bloquear contactos"},{"$i":"add-block-header","$v":"Adicionar número de bloqueio"},{"$i":"remove-block-alert","$v":"Removido de Contactos bloqueados."},{"$i":"duplicate-block-number","$v":"Não é possível adicionar um número duplicado."},{"$i":"sort-contacts","$v":"Ordenar contactos"},{"$i":"sort-by-first-name","$v":"Ordenar por nome próprio"},{"$i":"sort-by-last-name","$v":"Ordenar por apelido"},{"$i":"no-support-open-multi-vcard","$v":"Não é possível abrir o vCard com vários contactos"},{"$i":"import","$v":"Importar"},{"$i":"sdcard","$v":"Cartão de memória"},{"$i":"simcard","$v":"Cartão SIM"},{"$i":"import-contacts","$v":"Importar contactos"},{"$i":"simContacts-error","$v":"Não foi possível importar contactos do SIM"},{"$i":"memoryCardContacts-error","$v":"Não foi possível importar contactos do cartão de memória"},{"$i":"novCardFiles","$v":"Nenhum ficheiro de contactos disponível no cartão de memória."},{"$i":"fullDiskSpace-error","$v":"Armazenamento completo. Não é possível importar os contactos."},{"$i":"socialServiceContacts-error","$v":["Não foi possível importar contactos do ",{"t":"idOrVar","v":"service"}]},{"$i":"socialServiceContacts-noNetwork","$v":["Sem ligação à Internet. Não é possível importar contactos de ",{"t":"idOrVar","v":"service"},"."]},{"$i":"simContacts-reading","$v":"A ler contactos do cartão SIM…"},{"$i":"memoryCardContacts-reading","$v":"A ler contactos do cartão de memória…"},{"$i":"importContactsTitle","$v":"Importar contactos"},{"$i":"retry","$v":"Tentar novamente"},{"$i":"noSimMsg","$v":"Para importar contactos insira ou desbloqueie o cartão SIM"},{"$i":"noSdcardMsg","$v":"Para importar contactos insira o cartão de memória"},{"$i":"not-imported","$v":"Não importado"},{"$i":"imported","$v":"Importados"},{"$i":"importing","$v":"A importar"},{"$i":"contact-imported","$v":[{"t":"idOrVar","v":"imported"}," contactos importados. ",{"t":"idOrVar","v":"dupes"}," contactos unidos."]},{"$i":"contact-imported2","$v":{"one":"1 contacto importado.","zero":"Nenhum contacto importado.","few":[{"t":"idOrVar","v":"imported"}," contactos importados."],"many":[{"t":"idOrVar","v":"imported"}," contactos importados."],"other":[{"t":"idOrVar","v":"imported"}," contactos importados."],"two":[{"t":"idOrVar","v":"imported"}," contactos importados."]},"$x":[{"t":"idOrVar","v":"plural"},"imported"]},{"$i":"reading-contacts-from-sim","$v":"A ler contacto(s) do cartão SIM..."},{"$i":"reading-contacts-from-gmail","$v":"A ler contacto(s) do Gmail..."},{"$i":"reading-contacts-from-live","$v":"A ler contacto(s) do Outlook..."},{"$i":"reading-contacts-from-sd","$v":"A ler contacto(s) do cartão de memória..."},{"$i":"reading-contacts-from-vcard","$v":"A ler contacto(s) do ficheiro..."},{"$i":"importing-contacts-from-sim","$v":"A importar contacto(s) do cartão SIM..."},{"$i":"importing-contacts-from-gmail","$v":"A importar contacto(s) do Gmail..."},{"$i":"importing-contacts-from-live","$v":"A importar contacto(s) do Outlook..."},{"$i":"importing-contacts-from-sd","$v":"A importar contacto(s) do cartão de memória..."},{"$i":"importing-contacts-from-vcard","$v":"A importar contacto(s) do ficheiro..."},{"$i":"connect-network-to-import","$v":"Para importar contactos, ligue-se ao Wi-Fi ou rede de dados"},{"$i":"importing-confirm","$v":["Importar ",{"t":"idOrVar","v":"n"}," contacto(s) do ficheiro \"",{"t":"idOrVar","v":"fileName"},"\"?"]},{"$i":"importing-cancel-confirm","$v":"O processo de importação será parado se fechar este ecrã. Pretende fechá-lo mesmo assim?"},{"$i":"import-contact-failed","$v":"Falha ao importar contacto"},{"$i":"phone-storage-full","$v":"Memória do telefone cheia"},{"$i":"import-contact-storage-full","$v":"Não foi possível importar os contactos. Elimine dados de aplicação para libertar espaço."},{"$i":"contact-import-error-disk-full","$v":"Não foi possível importar os contactos devido a armazenamento cheio. Elimine dados de aplicação para libertar espaço."},{"$i":"contact-import-error-sim-full","$v":"Não foi possível importar os contactos porque o cartão SIM está cheio."},{"$i":"contact-import-error-unknown","$v":"Não foi possível importar os contactos devido a um erro."},{"$i":"import-contacts-canceled","$v":"Importação de contactos cancelada."},{"$i":"close","$v":"Fechar"},{"$i":"import-process-cancel","$v":"Processo de importação cancelado."},{"$i":"import-limit-header","$v":"Limite de tamanho do ficheiro excedido"},{"$i":"inner-import-limit-content","$v":"O ficheiro de contactos que exceda 10 MB de tamanho não é importado."},{"$i":"activity-import-limit-contact","$v":"Falha ao importar os contactos porque o limite de tamanho do ficheiro foi excedido."},{"$i":"activity-import-limit-additional","$v":"(O tamanho do ficheiro deve ser inferior a 10 MB.)"},{"$i":"bluetooth","$v":"Bluetooth"},{"$i":"export","$v":"Exportar"},{"$i":"export-contacts","$v":"Exportar contactos"},{"$i":"simExport-title","$v":"Exportar para o SIM"},{"$i":"memoryCardExport-title","$v":"Exportar para cartão de memória"},{"$i":"btExport-title","$v":"Exportar para Bluetooth"},{"$i":"noSimMsgExport","$v":"Para exportar contactos insira ou desbloqueie o cartão SIM"},{"$i":"noSdcardExport","$v":"Para exportar contactos insira um cartão de memória."},{"$i":"bluetoothNoConnection","$v":"Para exportar contactos ligue um dispositivo Bluetooth."},{"$i":"contact-exported","$v":[{"t":"idOrVar","v":"exported"}," contactos exportados."]},{"$i":"contact-exported2","$v":{"zero":"Nenhum contacto exportado.","one":"1 contacto exportado.","few":[{"t":"idOrVar","v":"exported"}," contactos exportados."],"many":[{"t":"idOrVar","v":"exported"}," contactos exportados."],"other":[{"t":"idOrVar","v":"exported"}," contactos exportados."],"two":[{"t":"idOrVar","v":"exported"}," contactos exportados."]},"$x":[{"t":"idOrVar","v":"plural"},"exported"]},{"$i":"export-contact-failed","$v":"Falha ao exportar contacto"},{"$i":"contact-export-error-sim-full","$v":"Exportação de contactos não concluída porque o cartão SIM está cheio."},{"$i":"contact-export-error-sd-full","$v":"Exportação de contactos não concluída porque o cartão de memória está cheio."},{"$i":"contact-export-error-unknown","$v":"Não foi possível exportar os contactos devido a um erro."},{"$i":"contact-export-canceled","$v":"Processo de exportação cancelado."},{"$i":"save","$v":"Guardar"},{"$i":"back","$v":"Voltar"},{"$i":"givenName","$v":"Nome próprio"},{"$i":"familyName","$v":"Apelido"},{"$i":"name","$v":"Nome"},{"$i":"org","$v":"Empresa"},{"$i":"ringtone","$v":"Toque"},{"$i":"note","$v":"Nota"},{"$i":"photo","$v":"Imagem"},{"$i":"email","$v":"E-mail"},{"$i":"adr","$v":"Endereço"},{"$i":"custom","$v":"Personalizado"},{"$i":"confirm-discard-contact-data","$v":"As informações de contacto serão rejeitadas. Gostaria de guardar este contacto?"},{"$i":"confirm-discard-contact-update-data","$v":"As alterações serão rejeitadas. Pretende guardar este contacto?"},{"$i":"discard-contact-data","$v":"As alterações serão rejeitadas."},{"$i":"discard","$v":"Rejeitar"},{"$i":"add-others","$v":"Adicionar outros"},{"$i":"custom-label","$v":"Etiqueta personalizada"},{"$i":"input-the-custom-type","$v":"Introduza o tipo personalizado"},{"$i":"contact-added","$v":"Contacto adicionado."},{"$i":"delete-prompt-message","$v":["Eliminar ",{"t":"idOrVar","v":"field"},"?"]},{"$i":"delete-photo-msg","$v":"imagem"},{"$i":"delete-ringtone-msg","$v":"toque de chamada"},{"$i":"delete-bday-msg","$v":"aniversário"},{"$i":"delete-note-msg","$v":"Nota"},{"$i":"delete-org-msg","$v":"empresa"},{"$i":"personal","$v":"Pessoal"},{"$i":"mobile","$v":"Telemóvel"},{"$i":"current","$v":"Atual"},{"$i":"home","$v":"Casa"},{"$i":"work","$v":"Trabalho"},{"$i":"other","$v":"Outro"},{"$i":"fax-home","$v":"Fax doméstico"},{"$i":"fax-office","$v":"Fax escritório"},{"$i":"fax-other","$v":"Fax outro"},{"$i":"add-phone","$v":"Adicionar telefone"},{"$i":"add-tel","$v":"Adicionar número de telefone"},{"$i":"add-email","$v":"Adicionar e-mail"},{"$i":"add-ringtone","$v":"Adicionar toque"},{"$i":"add-adr","$v":"Adicionar endereço"},{"$i":"add-bday","$v":"Adicionar aniversário"},{"$i":"add-photo","$v":"Adicionar imagem"},{"$i":"add-note","$v":"Adicionar nota"},{"$i":"add-org","$v":"Adicionar empresa"},{"$i":"add-tel-number","$v":"Adicionar número de telefone"},{"$i":"delete-tel","$v":"Eliminar número de telefone"},{"$i":"delete-email","$v":"Eliminar e-mail"},{"$i":"delete-ringtone","$v":"Eliminar toque"},{"$i":"delete-adr","$v":"Eliminar endereço"},{"$i":"delete-bday","$v":"Eliminar aniversário"},{"$i":"delete-photo","$v":"Eliminar imagem"},{"$i":"delete-note","$v":"Eliminar nota"},{"$i":"delete-org","$v":"Eliminar empresa"},{"$i":"edit-tel-type","$v":"Editar tipo de telefone"},{"$i":"edit-email-type","$v":"Editar tipo de e-mail"},{"$i":"edit-adr-type","$v":"Editar tipo de endereço"},{"$i":"edit-bday-type","$v":"Editar aniversário"},{"$i":"replace-photo","$v":"Alterar imagem"},{"$i":"replace-ringtone","$v":"Alterar toque"},{"$i":"mobile-tel","$v":"Telemóvel"},{"$i":"home-tel","$v":"Telefone residencial"},{"$i":"work-tel","$v":"Telefone de trabalho"},{"$i":"personal-tel","$v":"Telefone pessoal"},{"$i":"fax-home-tel","$v":"Fax doméstico"},{"$i":"fax-office-tel","$v":"Fax escritório"},{"$i":"fax-other-tel","$v":"Outro fax"},{"$i":"other-tel","$v":"Outro telefone"},{"$i":"personal-email","$v":"E-mail pessoal"},{"$i":"work-email","$v":"E-mail de trabalho"},{"$i":"other-email","$v":"Outro e-mail"},{"$i":"custom-email","$v":["E-mail ",{"t":"idOrVar","v":"type"}]},{"$i":"custom-tel","$v":["Telefone ",{"t":"idOrVar","v":"type"}]},{"$i":"personal-adr","$v":"Endereço pessoal"},{"$i":"current-adr","$v":"Endereço atual"},{"$i":"home-adr","$v":"Endereço residencial"},{"$i":"work-adr","$v":"Endereço de trabalho"},{"$i":"custom-adr","$v":["Endereço ",{"t":"idOrVar","v":"type"}]},{"$i":"bday","$v":"Aniversário"},{"$i":"birthday","$v":"Aniversário"},{"$i":"streetAddress","$v":"Rua"},{"$i":"locality","$v":"Cidade"},{"$i":"postalCode","$v":"Código postal"},{"$i":"countryName","$v":"País"},{"$i":"region","$v":"Estado"},{"$i":"no-name","$v":"Sem nome"},{"$i":"new-contact","$v":"Novo"},{"$i":"options","$v":"Opções"},{"$i":"cancel","$v":"Cancelar"},{"$i":"settings","$v":"Definições"},{"$i":"edit","$v":"Editar"},{"$i":"share","$v":"Partilhar"},{"$i":"remove","$v":"Remover"},{"$i":"compose","$v":"Escrever"},{"$i":"new-contact-title","$v":"Novo contacto"},{"$i":"edit-title","$v":"Editar contacto"},{"$i":"music","$v":"Música"},{"$i":"adr-type","$v":"Tipo de endereço"},{"$i":"email-type","$v":"Tipo de e-mail"},{"$i":"tel-type","$v":"Tipo de telefone"},{"$i":"ICEContactsGroup","$v":"Contactos de emergência"},{"$i":"setICEButton","$v":"Definir contatos ICE"},{"$i":"ICESettingTitle","$v":"Contactos de emergência"},{"$i":"ICEDescription","$v":"Adicionar cinco contactos para efetuar chamadas “Em caso de emergência”."},{"$i":"ICEContact","$v":["Contacto de emergência ",{"t":"idOrVar","v":"n"}]},{"$i":"ICESelectContact","$v":"Selecionar um contacto"},{"$i":"delete-ice-contact-warning","$v":"Tem a certeza de que pretende remover o contacto de emergência?"},{"$i":"confirm","$v":"Confirmação"},{"$i":"add-ice-failed","$v":"Falha ao adicionar ECE"},{"$i":"create-group","$v":"Criar grupo"},{"$i":"group-name","$v":"Nome do grupo"},{"$i":"group","$v":"Grupo"},{"$i":"new-group-created","$v":"Novo grupo criado."},{"$i":"create-group-failed","$v":"Falha ao criar grupo."},{"$i":"create-group-too-many","$v":["Apenas pode criar ",{"t":"idOrVar","v":"number"}," grupos."]},{"$i":"create-group-duplicate","$v":"Duplicar nome."},{"$i":"rename-group-failed","$v":"Falha ao mudar o nome do grupo."},{"$i":"new-group","$v":"Novo"},{"$i":"rename","$v":"Mudar o nome"},{"$i":"duplicate-removed","$v":"Contacto(s) duplicado(s) removido(s)."},{"$i":"add-to-group","$v":"Adicionar ao grupo"},{"$i":"remove-from-group","$v":"Remover do grupo"},{"$i":"added-to","$v":["Adicionado a ",{"t":"idOrVar","v":"group"}]},{"$i":"removed-from","$v":["Remover de ",{"t":"idOrVar","v":"group"}]},{"$i":"select-group","$v":"Selecionar grupo"},{"$i":"rename-group","$v":"Mudar nome do grupo"},{"$i":"delete-group","$v":["Tem a certeza de que pretende eliminar ",{"t":"idOrVar","v":"group"},"?"]},{"$i":"unable-add-warn","$v":"Não é possível adicionar contacto da conta ao grupo."},{"$i":"edit-contact","$v":"Editar contacto"},{"$i":"send-message","$v":"Enviar mensagem"},{"$i":"call","$v":"Chamar"},{"$i":"call-sim-1","$v":"Chamada - SIM 1"},{"$i":"call-sim-2","$v":"Chamada - SIM 2"},{"$i":"send-email","$v":"Enviar e-mail"},{"$i":"choose-number","$v":"Selecionar número"},{"$i":"choose-email-address","$v":"Selecionar e-mail"},{"$i":"delete","$v":"Eliminar"},{"$i":"select","$v":"Selecionar"},{"$i":"select-all","$v":"Selecionar tudo"},{"$i":"select-all2","$v":"Todos"},{"$i":"deselect-all","$v":"Desmarcar tudo"},{"$i":"deselect-all2","$v":"Nenhum"},{"$i":"deselect","$v":"Desmarcar"},{"$i":"selected-contacts","$v":{"few":[{"t":"idOrVar","v":"n"}," selecionados"],"many":[{"t":"idOrVar","v":"n"}," selecionados"],"one":[{"t":"idOrVar","v":"n"}," selecionado"],"other":[{"t":"idOrVar","v":"n"}," selecionados"],"two":[{"t":"idOrVar","v":"n"}," selecionados"],"zero":[{"t":"idOrVar","v":"n"}," selecionados"]},"$x":[{"t":"idOrVar","v":"plural"},"n"]},{"$i":"massive-delete","$v":"Eliminar contactos"},{"$i":"confirm-contact-delete","$v":["Tem a certeza de que pretende eliminar o contacto \"",{"t":"idOrVar","v":"name"},"\"?"]},{"$i":"DeletedTxt","$v":{"few":[{"t":"idOrVar","v":"n"}," contactos removidos"],"many":[{"t":"idOrVar","v":"n"}," contactos removidos"],"one":"1 contacto removido","other":[{"t":"idOrVar","v":"n"}," contactos removidos"],"two":[{"t":"idOrVar","v":"n"}," contactos removidos"],"zero":"Nenhum contacto para eliminar"},"$x":[{"t":"idOrVar","v":"plural"},"n"]},{"$i":"DeletingContacts","$v":"Eliminar contactos"},{"$i":"DeletingContactsProgressing","$v":"A eliminar contactos"},{"$i":"ContactConfirmDel","$v":{"few":["Eliminar ",{"t":"idOrVar","v":"n"}," contactos? Isto não pode ser anulado."],"many":["Eliminar ",{"t":"idOrVar","v":"n"}," contactos? Isto não pode ser anulado."],"one":"Eliminar 1 contacto? Isto não pode ser anulado.","other":["Eliminar ",{"t":"idOrVar","v":"n"}," contactos? Isto não pode ser anulado."],"two":["Eliminar ",{"t":"idOrVar","v":"n"}," contactos? Isto não pode ser anulado."],"zero":"Nenhum contacto para eliminar"},"$x":[{"t":"idOrVar","v":"plural"},"n"]},{"$i":"contact-deleted","$v":{"zero":"Nenhum contacto eliminado","one":"1 contacto eliminado","few":[{"t":"idOrVar","v":"n"}," contactos eliminados"],"many":[{"t":"idOrVar","v":"n"}," contactos eliminados"],"other":[{"t":"idOrVar","v":"n"}," contactos eliminados"],"two":[{"t":"idOrVar","v":"n"}," contactos eliminados"]},"$x":[{"t":"idOrVar","v":"plural"},"n"]},{"$i":"a-contact-deleted","$v":"Contacto eliminado."},{"$i":"settings-title","$v":"Definições de contactos"},{"$i":"change-will-update-until-restart","$v":"As alterações serão atualizadas da próxima vez que os Contactos forem iniciados."},{"$i":"transfer-contacts","$v":"Transferir contactos"},{"$i":"service-number","$v":"Número de serviço"},{"$i":"no-contacts-found","$v":"Nenhum resultado encontrado."},{"$i":"search","$v":"Procurar contactos","placeholder":"Procurar contactos"},{"$i":"search-option","$v":"Pesquisar"},{"$i":"accounts","$v":"Contas"},{"$i":"account","$v":"Conta"},{"$i":"add-account","$v":"Adicionar conta"},{"$i":"add-account-failed","$v":"Ocorreu um erro desconhecido. Tente mais tarde."},{"$i":"duplicate-account-warn","$v":"A conta já existe. A sincronização está ativada."},{"$i":"setting-up-account","$v":"Configurar uma conta"},{"$i":"no-network-warn","$v":"Sem ligação à Internet."},{"$i":"username","$v":"Nome de utilizador"},{"$i":"password","$v":"Palavra-passe"},{"$i":"delete-account","$v":"Eliminar conta"},{"$i":"delete-account-long","$v":"Eliminar conta"},{"$i":"delete-account-warn","$v":"Se eliminar esta conta, as aplicações que utilizam esta conta também serão afetadas."},{"$i":"deleting-account","$v":"A eliminar conta"},{"$i":"delete-account-failed","$v":"Falha ao eliminar conta. Tente mais tarde."},{"$i":"delete-account-ok","$v":"Conta eliminada."},{"$i":"sync","$v":"Sincronização"},{"$i":"sync-title","$v":"Sincronização de contactos"},{"$i":"sync-failed-warn","$v":"Falha ao sincronizar."},{"$i":"sync-off-warn","$v":"A sincronização está desativada nas Definições."},{"$i":"show-account-contacts","$v":"Mostrar contactos da conta"},{"$i":"sync-account-contacts","$v":"Sincronizar contactos da conta"},{"$i":"sync-account-contacts-warning","$v":["Qualquer edição de contactos da conta não irá sincronizar com a nuvem quando o \"",{"t":"idOrVar","v":"switch"},"\" está desmarcado. Pretende desmarcar mesmo assim?"]},{"$i":"yes","$v":"Sim"},{"$i":"all-contacts-synced","$v":"Todos os contactos foram sincronizados."},{"$i":"contact-syncing","$v":"A sincronizar contactos..."},{"$i":"contacts-sync-limit-exceed","$v":"A sincronização de contactos não foi concluída porque o limite de contactos foi excedido."},{"$i":"show-password","$v":"Mostrar palavra-passe"},{"$i":"password-incorrect","$v":"Palavra-passe incorreta."},{"$i":"re-enter-password","$v":"Voltar a introduzir a palavra-passe"},{"$i":"accessing-warn","$v":"Ocorreu um problema ao aceder à conta."},{"$i":"accessing-warn-password","$v":"Volte a introduzir a palavra-passe."},{"$i":"re-enter-password-on-setting","$v":"Volte a introduzir a palavra-passe na definição dos Contactos."},{"$i":"accessing-warn-relogin","$v":"Elimine a conta e volte a iniciar sessão."},{"$i":"update-password-failed","$v":"Falha ao atualizar palavra-passe. Tente mais tarde."},{"$i":"connect-time-out","$v":["Não foi possível estabelecer ligação a \"",{"t":"idOrVar","v":"server"},"\". Pode existir um problema com a rede."]},{"$i":"server-error","$v":"Servidor indisponível. Tente mais tarde."},{"$i":"loading","$v":"A carregar..."},{"$i":"ellipsis","$v":"..."},{"$i":"stop-syncing-warn-title","$v":"Sincronização de contactos"},{"$i":"stop-syncing-warn","$v":"Fechar a aplicação irá parar o processo de sincronização de contactos. Ainda pretende fechá-la?"},{"$i":"weekday-0-long","$v":"Domingo"},{"$i":"weekday-1-long","$v":"Segunda-feira"},{"$i":"weekday-2-long","$v":"Terça-feira"},{"$i":"weekday-3-long","$v":"Quarta-feira"},{"$i":"weekday-4-long","$v":"Quinta-feira"},{"$i":"weekday-5-long","$v":"Sexta-feira"},{"$i":"weekday-6-long","$v":"Sábado"},{"$i":"weekday-0-short","$v":"Dom"},{"$i":"weekday-1-short","$v":"Seg"},{"$i":"weekday-2-short","$v":"Ter"},{"$i":"weekday-3-short","$v":"Qua"},{"$i":"weekday-4-short","$v":"Qui"},{"$i":"weekday-5-short","$v":"Sex"},{"$i":"weekday-6-short","$v":"Sáb"},{"$i":"month-0-long","$v":"Janeiro"},{"$i":"month-1-long","$v":"Fevereiro"},{"$i":"month-2-long","$v":"Março"},{"$i":"month-3-long","$v":"Abril"},{"$i":"month-4-long","$v":"Mai"},{"$i":"month-5-long","$v":"Junho"},{"$i":"month-6-long","$v":"Julho"},{"$i":"month-7-long","$v":"Agosto"},{"$i":"month-8-long","$v":"Setembro"},{"$i":"month-9-long","$v":"Outubro"},{"$i":"month-10-long","$v":"Novembro"},{"$i":"month-11-long","$v":"Dezembro"},{"$i":"month-0-genitive","$v":"Janeiro"},{"$i":"month-1-genitive","$v":"Fevereiro"},{"$i":"month-2-genitive","$v":"Março"},{"$i":"month-3-genitive","$v":"Abril"},{"$i":"month-4-genitive","$v":"Mai"},{"$i":"month-5-genitive","$v":"Junho"},{"$i":"month-6-genitive","$v":"Julho"},{"$i":"month-7-genitive","$v":"Agosto"},{"$i":"month-8-genitive","$v":"Setembro"},{"$i":"month-9-genitive","$v":"Outubro"},{"$i":"month-10-genitive","$v":"Novembro"},{"$i":"month-11-genitive","$v":"Dezembro"},{"$i":"month-0-short","$v":"Jan"},{"$i":"month-1-short","$v":"Fev"},{"$i":"month-2-short","$v":"Mar"},{"$i":"month-3-short","$v":"Abr"},{"$i":"month-4-short","$v":"Mai"},{"$i":"month-5-short","$v":"Jun"},{"$i":"month-6-short","$v":"Jul"},{"$i":"month-7-short","$v":"Ago"},{"$i":"month-8-short","$v":"Set"},{"$i":"month-9-short","$v":"Out"},{"$i":"month-10-short","$v":"Nov"},{"$i":"month-11-short","$v":"Dez"},{"$i":"minutes-ago-long","$v":{"few":[{"t":"idOrVar","v":"value"}," minutos atrás"],"many":[{"t":"idOrVar","v":"value"}," minutos atrás"],"other":[{"t":"idOrVar","v":"value"}," minutos atrás"],"two":[{"t":"idOrVar","v":"value"}," minutos atrás"],"one":"há um minuto","zero":"Mesmo agora"},"$x":[{"t":"idOrVar","v":"plural"},"value"]},{"$i":"hours-ago-long","$v":{"few":[{"t":"idOrVar","v":"value"}," horas atrás"],"many":[{"t":"idOrVar","v":"value"}," horas atrás"],"other":[{"t":"idOrVar","v":"value"}," horas atrás"],"two":[{"t":"idOrVar","v":"value"}," horas atrás"],"one":"há uma hora","zero":"Mesmo agora"},"$x":[{"t":"idOrVar","v":"plural"},"value"]},{"$i":"days-ago-long","$v":{"few":[{"t":"idOrVar","v":"value"}," dias atrás"],"many":[{"t":"idOrVar","v":"value"}," dias atrás"],"one":"ontem","other":[{"t":"idOrVar","v":"value"}," dias atrás"],"two":[{"t":"idOrVar","v":"value"}," dias atrás"],"zero":"hoje"},"$x":[{"t":"idOrVar","v":"plural"},"value"]},{"$i":"weeks-ago-long","$v":{"few":[{"t":"idOrVar","v":"value"}," semanas atrás"],"many":[{"t":"idOrVar","v":"value"}," semanas atrás"],"one":"semana passada","other":[{"t":"idOrVar","v":"value"}," semanas atrás"],"two":[{"t":"idOrVar","v":"value"}," semanas atrás"],"zero":"esta semana"},"$x":[{"t":"idOrVar","v":"plural"},"value"]},{"$i":"months-ago-long","$v":{"few":[{"t":"idOrVar","v":"value"}," meses atrás"],"many":[{"t":"idOrVar","v":"value"}," meses atrás"],"one":"mês passado","other":[{"t":"idOrVar","v":"value"}," meses atrás"],"two":[{"t":"idOrVar","v":"value"}," meses atrás"],"zero":"este mês"},"$x":[{"t":"idOrVar","v":"plural"},"value"]},{"$i":"years-ago-long","$v":{"few":[{"t":"idOrVar","v":"value"}," anos atrás"],"many":[{"t":"idOrVar","v":"value"}," anos atrás"],"one":"ano passado","other":[{"t":"idOrVar","v":"value"}," anos atrás"],"two":[{"t":"idOrVar","v":"value"}," anos atrás"],"zero":"este ano"},"$x":[{"t":"idOrVar","v":"plural"},"value"]},{"$i":"minutes-until-long","$v":{"few":["em ",{"t":"idOrVar","v":"value"}," minutos"],"many":["em ",{"t":"idOrVar","v":"value"}," minutos"],"other":["em ",{"t":"idOrVar","v":"value"}," minutos"],"two":["em ",{"t":"idOrVar","v":"value"}," minutos"],"zero":"agora","one":"em um minuto"},"$x":[{"t":"idOrVar","v":"plural"},"value"]},{"$i":"hours-until-long","$v":{"few":["em ",{"t":"idOrVar","v":"value"}," horas"],"many":["em ",{"t":"idOrVar","v":"value"}," horas"],"other":["em ",{"t":"idOrVar","v":"value"}," horas"],"two":["em ",{"t":"idOrVar","v":"value"}," horas"],"zero":"agora","one":"dentro de uma hora"},"$x":[{"t":"idOrVar","v":"plural"},"value"]},{"$i":"days-until-long","$v":{"few":["em ",{"t":"idOrVar","v":"value"}," dias"],"many":["em ",{"t":"idOrVar","v":"value"}," dias"],"one":"amanhã","other":["em ",{"t":"idOrVar","v":"value"}," dias"],"two":["em ",{"t":"idOrVar","v":"value"}," dias"],"zero":"hoje"},"$x":[{"t":"idOrVar","v":"plural"},"value"]},{"$i":"weeks-until-long","$v":{"few":["em ",{"t":"idOrVar","v":"value"}," semanas"],"many":["em ",{"t":"idOrVar","v":"value"}," semanas"],"one":"próxima semana","other":["em ",{"t":"idOrVar","v":"value"}," semanas"],"two":["em ",{"t":"idOrVar","v":"value"}," semanas"],"zero":"esta semana"},"$x":[{"t":"idOrVar","v":"plural"},"value"]},{"$i":"months-until-long","$v":{"few":["em ",{"t":"idOrVar","v":"value"}," meses"],"many":["em ",{"t":"idOrVar","v":"value"}," meses"],"one":"próximo mês","other":["em ",{"t":"idOrVar","v":"value"}," meses"],"two":["em ",{"t":"idOrVar","v":"value"}," meses"],"zero":"este mês"},"$x":[{"t":"idOrVar","v":"plural"},"value"]},{"$i":"years-until-long","$v":{"few":["em ",{"t":"idOrVar","v":"value"}," anos"],"many":["em ",{"t":"idOrVar","v":"value"}," anos"],"one":"próximo ano","other":["em ",{"t":"idOrVar","v":"value"}," anos"],"two":["em ",{"t":"idOrVar","v":"value"}," anos"],"zero":"este ano"},"$x":[{"t":"idOrVar","v":"plural"},"value"]},{"$i":"minutes-ago-short","$v":{"other":[{"t":"idOrVar","v":"value"},"m atrás"],"zero":"Mesmo agora"},"$x":[{"t":"idOrVar","v":"plural"},"value"]},{"$i":"hours-ago-short","$v":{"other":[{"t":"idOrVar","v":"value"},"h atrás"],"zero":"Mesmo agora"},"$x":[{"t":"idOrVar","v":"plural"},"value"]},{"$i":"days-ago-short","$v":{"other":[{"t":"idOrVar","v":"value"},"d atrás"],"zero":"hoje"},"$x":[{"t":"idOrVar","v":"plural"},"value"]},{"$i":"minutes-until-short","$v":{"other":["em ",{"t":"idOrVar","v":"value"},"m"],"zero":"agora"},"$x":[{"t":"idOrVar","v":"plural"},"value"]},{"$i":"hours-until-short","$v":{"other":["em ",{"t":"idOrVar","v":"value"},"h"],"zero":"agora"},"$x":[{"t":"idOrVar","v":"plural"},"value"]},{"$i":"days-until-short","$v":{"other":["em ",{"t":"idOrVar","v":"value"},"d"],"zero":"hoje"},"$x":[{"t":"idOrVar","v":"plural"},"value"]},{"$i":"incorrectDate","$v":"(data incorreta)"},{"$i":"dateTimeFormat_%c","$v":"%a %b %e %Y %I:%M:%S %p"},{"$i":"dateTimeFormat_%x","$v":"%m/%d/%Y"},{"$i":"dateTimeFormat_%X","$v":"%I:%M:%S %p"},{"$i":"shortTimeFormat","$v":"%I:%M %p"},{"$i":"shortTimeFormat12","$v":"%I:%M %p"},{"$i":"shortTimeFormat24","$v":"%H:%M"},{"$i":"shortDateTimeFormat","$v":"%x %I:%M %p"},{"$i":"weekStartsOnMonday","$v":"0.0"},{"$i":"firstDayOfTheWeek","$v":"1.0"},{"$i":"time_am","$v":"AM"},{"$i":"time_pm","$v":"PM"},{"$i":"sim-with-index-and-carrier","$v":["SIM ",{"t":"idOrVar","v":"index"}," - ",{"t":"idOrVar","v":"carrier"}]},{"$i":"sim-without-carrier","$v":["SIM ",{"t":"idOrVar","v":"index"}]}]