[{"$i":"contacts","$v":"Agendă"},{"$i":"view","$v":"Afișare"},{"$i":"no-contacts","$v":"Nu există contacte"},{"$i":"reading-contacts","$v":"Încărcare contacte în curs"},{"$i":"start-adding","$v":"Apăsați opțiunea Nou sau accesați Setările pentru a adăuga contacte."},{"$i":"no-contact-available","$v":"Nu există niciun contact disponibil"},{"$i":"requested-contact-not-available","$v":"Informațiile solicitate nu sunt disponibile pentru contactele existente"},{"$i":"cannot-add-as-empty","$v":"Nu se poate adăuga la contact, deoarece lista de contacte este goală"},{"$i":"ok","$v":"OK"},{"$i":"no-phone-number-to-dial","$v":"Niciun număr de telefon de apelat"},{"$i":"video-call","$v":"Apel video"},{"$i":"rtt-call","$v":"Apel RTT"},{"$i":"select-a-contact","$v":"Selectați un contact"},{"$i":"multi-pick-max-warn","$v":["Numărul maxim selectat este ",{"t":"idOrVar","v":"n"}]},{"$i":"add-contact-failed","$v":"Adăugare contact nereușită"},{"$i":"no-sim-card-available","$v":"Nu este disponibilă nicio cartelă SIM"},{"$i":"email-cannot-add-to-sim","$v":"E-mailul nu este acceptat de selecția actuală pentru memorie."},{"$i":"add-info-failed","$v":"Adăugare informații nereușită"},{"$i":"no-contact-to-add","$v":"Nu există niciun contact disponibil pentru adăugare."},{"$i":"move","$v":"Mutare"},{"$i":"copy","$v":"Copiere"},{"$i":"copy-contacts","$v":"Copiați contacte"},{"$i":"move-contacts","$v":"Mutare contacte"},{"$i":"phone-memory","$v":"Memorie telefon"},{"$i":"sim-memory","$v":"Memorie SIM"},{"$i":"sim-0-memory","$v":"Memorie SIM 1"},{"$i":"sim-1-memory","$v":"Memorie SIM 2"},{"$i":"move-from","$v":"Mutați din"},{"$i":"copy-from","$v":"Copiere din"},{"$i":"to","$v":"Către"},{"$i":"move-contacts-progressing","$v":"Se mută contactul (contactele)..."},{"$i":"copy-contacts-progressing","$v":"Se copiază contact(e)..."},{"$i":"contact-move-to-sim","$v":{"few":[{"t":"idOrVar","v":"migrated"}," contacte mutate pe SIM."],"many":[{"t":"idOrVar","v":"migrated"}," contacte mutate pe SIM."],"one":"1 contact mutat pe SIM.","other":[{"t":"idOrVar","v":"migrated"}," contacte mutate pe SIM."],"two":[{"t":"idOrVar","v":"migrated"}," contacte mutate pe SIM."],"zero":"Nu s-a mutat niciun contact pe SIM."},"$x":[{"t":"idOrVar","v":"plural"},"migrated"]},{"$i":"contact-copy-to-sim","$v":{"few":[{"t":"idOrVar","v":"migrated"}," contacte copiate pe SIM."],"many":[{"t":"idOrVar","v":"migrated"}," contacte copiate pe SIM."],"one":"1 contact copiat pe SIM.","other":[{"t":"idOrVar","v":"migrated"}," contacte copiate pe SIM."],"two":[{"t":"idOrVar","v":"migrated"}," contacte copiate pe SIM."],"zero":"Nu s-a copiat niciun contact pe SIM."},"$x":[{"t":"idOrVar","v":"plural"},"migrated"]},{"$i":"contact-move-to-sim0","$v":{"few":[{"t":"idOrVar","v":"migrated"}," contacte mutate pe SIM 1."],"many":[{"t":"idOrVar","v":"migrated"}," contacte mutate pe SIM 1."],"one":"1 contact mutat pe SIM 1.","other":[{"t":"idOrVar","v":"migrated"}," contacte mutate pe SIM 1."],"two":[{"t":"idOrVar","v":"migrated"}," contacte mutate pe SIM 1."],"zero":"Nu s-a mutat niciun contact pe SIM 1."},"$x":[{"t":"idOrVar","v":"plural"},"migrated"]},{"$i":"contact-copy-to-sim0","$v":{"few":[{"t":"idOrVar","v":"migrated"}," contacte copiate pe SIM 1."],"many":[{"t":"idOrVar","v":"migrated"}," contacte copiate pe SIM 1."],"one":"1 contact copiat pe SIM 1.","other":[{"t":"idOrVar","v":"migrated"}," contacte copiate pe SIM 1."],"two":[{"t":"idOrVar","v":"migrated"}," contacte copiate pe SIM 1."],"zero":"Nu s-a copiat niciun contact pe SIM 1."},"$x":[{"t":"idOrVar","v":"plural"},"migrated"]},{"$i":"contact-move-to-sim1","$v":{"few":[{"t":"idOrVar","v":"migrated"}," contacte mutate pe SIM 2."],"many":[{"t":"idOrVar","v":"migrated"}," contacte mutate pe SIM 2."],"one":"1 contact mutat pe SIM 2.","other":[{"t":"idOrVar","v":"migrated"}," contacte mutate pe SIM 2."],"two":[{"t":"idOrVar","v":"migrated"}," contacte mutate pe SIM 2."],"zero":"Nu s-a mutat niciun contact pe SIM 2."},"$x":[{"t":"idOrVar","v":"plural"},"migrated"]},{"$i":"contact-copy-to-sim1","$v":{"few":[{"t":"idOrVar","v":"migrated"}," contacte copiate pe SIM 2."],"many":[{"t":"idOrVar","v":"migrated"}," contacte copiate pe SIM 2."],"one":"1 contact copiat pe SIM 2.","other":[{"t":"idOrVar","v":"migrated"}," contacte copiate pe SIM 2."],"two":[{"t":"idOrVar","v":"migrated"}," contacte copiate pe SIM 2."],"zero":"Nu s-a copiat niciun contact pe SIM 2."},"$x":[{"t":"idOrVar","v":"plural"},"migrated"]},{"$i":"contact-move-to-device","$v":{"one":"1 contact mutat pe dispozitiv.","zero":"Nu s-a mutat niciun contact pe dispozitiv.","few":[{"t":"idOrVar","v":"migrated"}," contacte mutate pe dispozitiv."],"many":[{"t":"idOrVar","v":"migrated"}," contacte mutate pe dispozitiv."],"other":[{"t":"idOrVar","v":"migrated"}," contacte mutate pe dispozitiv."],"two":[{"t":"idOrVar","v":"migrated"}," contacte mutate pe dispozitiv."]},"$x":[{"t":"idOrVar","v":"plural"},"migrated"]},{"$i":"contact-copy-to-device","$v":{"one":"1 contact copiat pe dispozitiv.","zero":"Nu s-a copiat niciun contact pe dispozitiv.","few":[{"t":"idOrVar","v":"migrated"}," contacte copiate pe dispozitiv."],"many":[{"t":"idOrVar","v":"migrated"}," contacte copiate pe dispozitiv."],"other":[{"t":"idOrVar","v":"migrated"}," contacte copiate pe dispozitiv."],"two":[{"t":"idOrVar","v":"migrated"}," contacte copiate pe dispozitiv."]},"$x":[{"t":"idOrVar","v":"plural"},"migrated"]},{"$i":"copy-contact-failed","$v":"Copiere contacte eșuată"},{"$i":"move-contact-failed","$v":"Mutare contacte eșuată"},{"$i":"contact-copy-error-sim-full","$v":"Copierea contactelor nu a fost finalizată deoarece cartela SIM este plină."},{"$i":"contact-copy-error-unknown","$v":"Copierea contactelor nu a fost finalizată din cauza unei erori."},{"$i":"contact-copy-error-limit-exceeded","$v":"Copierea contactelor nu a fost finalizată deoarece limita de contacte din telefon a fost depășită."},{"$i":"contact-move-error-sim-full","$v":"Mutarea contactelor nu a fost finalizată deoarece cartela SIM este plină."},{"$i":"contact-move-error-unknown","$v":"Mutarea contactelor nu a fost finalizată din cauza unei erori."},{"$i":"contact-move-error-limit-exceeded","$v":"Mutarea contactelor nu a fost finalizată deoarece limita de contacte din telefon a fost depășită."},{"$i":"contact-save-error-unknown","$v":"Salvarea contactului nu a fost finalizată din cauza unei erori."},{"$i":"memory","$v":"Memorie"},{"$i":"phone-and-sim","$v":"Telefon și SIM"},{"$i":"phone","$v":"Telefon"},{"$i":"sim","$v":"SIM"},{"$i":"reloading-contact","$v":"Reîncărcare contacte în curs..."},{"$i":"contact-reloaded","$v":"Contactele au fost reîncărcate"},{"$i":"message","$v":"Mesaj"},{"$i":"changes-saved","$v":"Modificările au fost salvate."},{"$i":"already-ice-contact","$v":"Contactul selectat a fost deja adăugat în lista persoanelor de contactat în caz de urgență."},{"$i":"phone-contacts-limit-exceeded","$v":"Limita de contacte din telefon a fost depășită."},{"$i":"sim-contacts-limit-exceeded","$v":"Limita de contacte de pe cartela SIM a fost depășită."},{"$i":"more-info","$v":"Mai multe"},{"$i":"callAirplaneModeTitle","$v":"Mod avion activat"},{"$i":"callAirplaneModeMessage","$v":"Pentru a efectua un apel, trebuie să dezactivați modul avion, din Setări."},{"$i":"emergencyDialogTitle","$v":"Nu există conexiune la rețea"},{"$i":"emergencyDialogBodyBadNumber","$v":"Pentru a efectua un apel, telefonul trebuie să fie conectat la o rețea."},{"$i":"emergencyDialogBodyDeviceNotAccepted","$v":"Apelurile de urgență nu sunt permise de rețea."},{"$i":"invalidNumberToDialTitle","$v":"Număr de telefon incorect"},{"$i":"invalidNumberToDialMessage","$v":"Numărul de telefon pe care îl apelați nu este corect."},{"$i":"invalidNumberToSendTitle","$v":"Număr de telefon incorect"},{"$i":"invalidNumberToSendMessage","$v":"Numărul de telefon la care trimiteți mesajul nu este corect."},{"$i":"emergency-call-only","$v":"Numai apeluri de urgență"},{"$i":"emergency-call-error","$v":[{"t":"idOrVar","v":"number"}," nu este un număr de urgență."]},{"$i":"numberIsBusyTitle","$v":"Numărul este ocupat"},{"$i":"numberIsBusyMessage","$v":"Numărul este momentan ocupat. Încercați din nou mai târziu."},{"$i":"fdnIsActiveTitle","$v":"Funcție FDN activă"},{"$i":"fdnIsActiveMessage","$v":["Funcția FDN (Fixed Dialing Numbers - Numere de apelare fixă) este activată, iar numărul următor nu se află pe lista FDN: ",{"t":"idOrVar","v":"number"}]},{"$i":"otherConnectionInUseTitle","$v":"Altă conexiune este în curs de utilizare"},{"$i":"otherConnectionInUseMessage","$v":"Aveți un apel activ într-o altă conexiune. Puteți utiliza o singură conexiune odată."},{"$i":"GenericFailure","$v":"Eroare generică"},{"$i":"CallFailed","$v":"Apel nereușit"},{"$i":"scCallBarring","$v":"Blocare apeluri"},{"$i":"scCallForwarding","$v":"Redirecționare apeluri"},{"$i":"scClip","$v":"Identificator apelant (apel primit)"},{"$i":"scClir","$v":"Identificator apelant (apel efectuat)"},{"$i":"scPwd","$v":"Modificare parolă"},{"$i":"scCallWaiting","$v":"Apel în așteptare"},{"$i":"scPin","$v":"Modificare PIN"},{"$i":"scPin2","$v":"Modificare PIN2"},{"$i":"scPuk","$v":"Deblocare PIN"},{"$i":"scPuk2","$v":"Deblocare PIN2"},{"$i":"scImei","$v":"IMEI"},{"$i":"scMeid","$v":"MEID"},{"$i":"scUssd","$v":"USSD"},{"$i":"set-speed-dial","$v":"Setare contacte pentru tastele rapide"},{"$i":"empty","$v":"Nu există"},{"$i":"voicemail","$v":"Mesagerie vocală"},{"$i":"speed-dial","$v":"Taste rapide"},{"$i":"add","$v":"Adăugare"},{"$i":"replace","$v":"Înlocuire"},{"$i":"remove-from-speed-dial","$v":"Eliminare din tastele rapide"},{"$i":"custom-dialog-replace-speed-dial","$v":["Sigur doriți să înlocuiți tasta rapidă ",{"t":"idOrVar","v":"oldSpeedDial"}," cu tasta rapidă ",{"t":"idOrVar","v":"newSpeedDial"},"?"]},{"$i":"custom-dialog-remove-speed-dial","$v":["Sigur doriți să eliminați ",{"t":"idOrVar","v":"name"}," dintre tastele rapide?"]},{"$i":"speed-dial-added","$v":"Număr adăugat la tastele rapide"},{"$i":"speed-dial-removed","$v":"Numărul a fost eliminat dintre tastele rapide."},{"$i":"speed-dial-replaced","$v":"Numărul de la tastele rapide fost actualizat."},{"$i":"voice-mail","$v":"Mesagerie vocală"},{"$i":"voice-mail-number","$v":["Număr mesagerie vocală - SIM ",{"t":"idOrVar","v":"n"}]},{"$i":"voice-mail-number-single","$v":"Număr de mesagerie vocală"},{"$i":"voice-mail-number-updated","$v":"Număr de mesagerie vocală actualizat"},{"$i":"found-duplicates-message","$v":"Au fost găsite date duplicate la următoarele contacte. Doriți să le îmbinați?"},{"$i":"confirm-to-merge-contacts","$v":["Sigur doriți să îmbinați ",{"t":"idOrVar","v":"n"}," contacte cu ",{"t":"idOrVar","v":"name"},"?"]},{"$i":"contact-merged","$v":"Contactul a fost îmbinat"},{"$i":"find-duplicate-contacts","$v":"Găsiți contactele duplicate"},{"$i":"no-duplicate-contact-found","$v":"Nu au fost găsite contacte duplicate"},{"$i":"merge","$v":"Îmbinare"},{"$i":"find-dup","$v":"Găsiți contactele duplicate"},{"$i":"find-dup-title","$v":"Găsiți contactele duplicate"},{"$i":"finding-dup-message","$v":"Se caută contacte duplicat…"},{"$i":"dup-found-title","$v":"S-au găsit duplicate"},{"$i":"dup-found-message","$v":"S-au găsit duplicate la următoarele contacte. Doriți să le îmbinați?"},{"$i":"no-dup-found","$v":"Nu au fost găsite duplicate"},{"$i":"merge-conflict-warn","$v":["Următoarea informație va fi suprascrisă de „",{"t":"idOrVar","v":"name"},"”:"]},{"$i":"merge-conflict-confirm","$v":"Sigur doriți să îmbinați contactele?"},{"$i":"add-favorite","$v":"Adăugare ca favorit"},{"$i":"remove-favorite","$v":"Anulare marcare ca favorit"},{"$i":"favorite-contacts","$v":"Contacte favorite"},{"$i":"add-block","$v":"Blocați acest număr"},{"$i":"remove-block","$v":"Deblocați acest număr"},{"$i":"add-block-email","$v":"Blocați acest e-mail"},{"$i":"remove-block-email","$v":"Deblocați acest e-mail"},{"$i":"add-block-contact-warning","$v":"Nu veți primi apeluri și mesaje de la persoanele din lista de blocare."},{"$i":"add-block-email-warning","$v":"Nu veți primi mesaje de la această adresă e-mail."},{"$i":"block","$v":"Blocare"},{"$i":"unblock","$v":"Deblocare"},{"$i":"block-contacts","$v":"Blocați contactele"},{"$i":"add-block-header","$v":"Adăugare număr blocat"},{"$i":"remove-block-alert","$v":"Contactul a fost eliminat din lista de contacte blocate."},{"$i":"duplicate-block-number","$v":"Nu poate fi adăugat un număr de telefon duplicat."},{"$i":"sort-contacts","$v":"Sortare contacte"},{"$i":"sort-by-first-name","$v":"Sortare după prenume"},{"$i":"sort-by-last-name","$v":"Sortare după nume"},{"$i":"no-support-open-multi-vcard","$v":"Nu se poate deschide un fișier vCard cu mai multe contacte"},{"$i":"import","$v":"Importați"},{"$i":"sdcard","$v":"Cartelă de memorie"},{"$i":"simcard","$v":"Cartelă SIM"},{"$i":"import-contacts","$v":"Importare contacte"},{"$i":"simContacts-error","$v":"Contactele nu au putut fi importate de pe cartela SIM"},{"$i":"memoryCardContacts-error","$v":"Contactele nu au putut fi importate de pe cartela de memorie"},{"$i":"novCardFiles","$v":"Nu este disponibil niciun fișier cu contacte pe cartela de memorie."},{"$i":"fullDiskSpace-error","$v":"Spațiul de stocare este plin. Contactele nu pot fi importate."},{"$i":"socialServiceContacts-error","$v":["Importarea contactelor de pe ",{"t":"idOrVar","v":"service"}," nu a putut fi realizată."]},{"$i":"socialServiceContacts-noNetwork","$v":["Nu există conexiune la internet. Contactele din ",{"t":"idOrVar","v":"service"}," nu pot fi importate."]},{"$i":"simContacts-reading","$v":"Citire contacte de pe cartela SIM în curs..."},{"$i":"memoryCardContacts-reading","$v":"Citire contacte de pe cartela de memorie în curs..."},{"$i":"importContactsTitle","$v":"Importare contacte"},{"$i":"retry","$v":"Reîncercare"},{"$i":"noSimMsg","$v":"Pentru a importa contacte, introduceți sau deblocați cartela SIM"},{"$i":"noSdcardMsg","$v":"Pentru a importa contacte, introduceți cartela de memorie"},{"$i":"not-imported","$v":"Importare nereușită"},{"$i":"imported","$v":"Importare reușită"},{"$i":"importing","$v":"Se importă"},{"$i":"contact-imported","$v":["Contacte ",{"t":"idOrVar","v":"imported"}," importate. ",{"t":"idOrVar","v":"dupes"}," contacte îmbinate."]},{"$i":"contact-imported2","$v":{"one":"A fost importat 1 contact.","zero":"Nu a fost importat niciun contact.","few":["Au fost importate ",{"t":"idOrVar","v":"imported"}," contacte."],"many":["Au fost importate ",{"t":"idOrVar","v":"imported"}," contacte."],"other":["Au fost importate ",{"t":"idOrVar","v":"imported"}," contacte."],"two":["Au fost importate ",{"t":"idOrVar","v":"imported"}," contacte."]},"$x":[{"t":"idOrVar","v":"plural"},"imported"]},{"$i":"reading-contacts-from-sim","$v":"Citire contact(e) din cartela SIM în curs..."},{"$i":"reading-contacts-from-gmail","$v":"Citire contact(e) din Gmail în curs..."},{"$i":"reading-contacts-from-live","$v":"Citire contact(e) din Outlook în curs..."},{"$i":"reading-contacts-from-sd","$v":"Citire contact(e) din cartela de memorie în curs..."},{"$i":"reading-contacts-from-vcard","$v":"Citire contact(e) din fișier în curs..."},{"$i":"importing-contacts-from-sim","$v":"Importare contact(e) din cartela SIM în curs..."},{"$i":"importing-contacts-from-gmail","$v":"Importare contact(e) din Gmail în curs..."},{"$i":"importing-contacts-from-live","$v":"Importare contact(e) din Outlook în curs..."},{"$i":"importing-contacts-from-sd","$v":"Importare contact(e) din cartela de memorie în curs..."},{"$i":"importing-contacts-from-vcard","$v":"Importare contact(e) din fișier în curs..."},{"$i":"connect-network-to-import","$v":"Pentru a importa contacte, conectați-vă la Wi-Fi sau la rețeaua de date"},{"$i":"importing-confirm","$v":["Importați ",{"t":"idOrVar","v":"n"}," contact(e) din fișierul „",{"t":"idOrVar","v":"fileName"},"”?"]},{"$i":"importing-cancel-confirm","$v":"Procesul de importare va fi oprit dacă închideți acest ecran. Sigur doriți să îl închideți?"},{"$i":"import-contact-failed","$v":"Importare contact eșuată"},{"$i":"phone-storage-full","$v":"Memoria telefonului este plină"},{"$i":"import-contact-storage-full","$v":"Contactele nu au putut fi importate. Ștergeți date ale aplicațiilor pentru a elibera spațiu."},{"$i":"contact-import-error-disk-full","$v":"Importarea contactelor nu a fost finalizată deoarece spațiul de stocare este plin. Ștergeți date ale aplicațiilor pentru a elibera spațiu."},{"$i":"contact-import-error-sim-full","$v":"Importarea contactelor nu a fost finalizată deoarece cartela SIM este plină."},{"$i":"contact-import-error-unknown","$v":"Importarea contactelor nu a fost finalizată din cauza unei erori."},{"$i":"import-contacts-canceled","$v":"Importarea contactelor a fost anulată."},{"$i":"close","$v":"Închidere"},{"$i":"import-process-cancel","$v":"Proces de importare anulat."},{"$i":"import-limit-header","$v":"Limita de dimensiune a fișierului depășită"},{"$i":"inner-import-limit-content","$v":"Nu a fost importat niciun fișier de contacte cu dimensiunea de peste 10 MB."},{"$i":"activity-import-limit-contact","$v":"Importarea contactelor nu a reușit din cauza depășirii limitei dimensiunii fișierului."},{"$i":"activity-import-limit-additional","$v":"(Dimensiunea fișierul trebuie să fie sub 10 MB.)"},{"$i":"bluetooth","$v":"Bluetooth"},{"$i":"export","$v":"Exportare"},{"$i":"export-contacts","$v":"Exportare contacte"},{"$i":"simExport-title","$v":"Exportați pe cartela SIM"},{"$i":"memoryCardExport-title","$v":"Exportați pe cartela de memorie"},{"$i":"btExport-title","$v":"Exportare spre Bluetooth"},{"$i":"noSimMsgExport","$v":"Pentru a exporta contacte, introduceți sau deblocați cartela SIM"},{"$i":"noSdcardExport","$v":"Pentru a exporta contacte, introduceți o cartelă de memorie."},{"$i":"bluetoothNoConnection","$v":"Pentru a exporta contacte, conectați un dispozitiv Bluetooth."},{"$i":"contact-exported","$v":["Contacte ",{"t":"idOrVar","v":"exported"}," exportate."]},{"$i":"contact-exported2","$v":{"zero":"Nu a fost exportat niciun contact.","one":"A fost exportat 1 contact.","few":["Contacte ",{"t":"idOrVar","v":"exported"}," exportate."],"many":["Contacte ",{"t":"idOrVar","v":"exported"}," exportate."],"other":["Contacte ",{"t":"idOrVar","v":"exported"}," exportate."],"two":["Contacte ",{"t":"idOrVar","v":"exported"}," exportate."]},"$x":[{"t":"idOrVar","v":"plural"},"exported"]},{"$i":"export-contact-failed","$v":"Exportare contact nereușită"},{"$i":"contact-export-error-sim-full","$v":"Exportarea contactelor nu a fost finalizată, deoarece cartela SIM este plină."},{"$i":"contact-export-error-sd-full","$v":"Exportarea contactelor nu a putut fi finalizată deoarece cartela de memorie este plină."},{"$i":"contact-export-error-unknown","$v":"Exportarea contactelor nu a fost finalizată din cauza unei erori."},{"$i":"contact-export-canceled","$v":"Procesul de exportare a fost anulat."},{"$i":"save","$v":"Salvare"},{"$i":"back","$v":"Înapoi"},{"$i":"givenName","$v":"Prenume"},{"$i":"familyName","$v":"Nume"},{"$i":"name","$v":"Nume"},{"$i":"org","$v":"Companie"},{"$i":"ringtone","$v":"Sonerie"},{"$i":"note","$v":"Notă"},{"$i":"photo","$v":"Imagine"},{"$i":"email","$v":"E-mail"},{"$i":"adr","$v":"Adresă"},{"$i":"custom","$v":"Particularizare"},{"$i":"confirm-discard-contact-data","$v":"Datele de contact vor fi anulate. Doriți să salvați acest contact?"},{"$i":"confirm-discard-contact-update-data","$v":"Modificările vor fi anulate. Doriți să salvați acest contact?"},{"$i":"discard-contact-data","$v":"Modificările vor fi anulate."},{"$i":"discard","$v":"Anulare"},{"$i":"add-others","$v":"Adăugare altele"},{"$i":"custom-label","$v":"Etichetă personalizată"},{"$i":"input-the-custom-type","$v":"Introduceți tipul personalizat"},{"$i":"contact-added","$v":"Contactul a fost adăugat."},{"$i":"delete-prompt-message","$v":["Ștergeți ",{"t":"idOrVar","v":"field"},"?"]},{"$i":"delete-photo-msg","$v":"imagine"},{"$i":"delete-ringtone-msg","$v":"sonerie"},{"$i":"delete-bday-msg","$v":"zi de naștere"},{"$i":"delete-note-msg","$v":"notă"},{"$i":"delete-org-msg","$v":"Companie"},{"$i":"personal","$v":"Personal"},{"$i":"mobile","$v":"Mobile"},{"$i":"current","$v":"Actual"},{"$i":"home","$v":"Domiciliu"},{"$i":"work","$v":"Serviciu"},{"$i":"other","$v":"Altele"},{"$i":"fax-home","$v":"Fax acasă"},{"$i":"fax-office","$v":"Fax birou"},{"$i":"fax-other","$v":"Fax altele"},{"$i":"add-phone","$v":"Adăugare număr de telefon"},{"$i":"add-tel","$v":"Adăugare număr de telefon"},{"$i":"add-email","$v":"Adăugare e-mail"},{"$i":"add-ringtone","$v":"Adăugare sonerie"},{"$i":"add-adr","$v":"Adăugare adresă"},{"$i":"add-bday","$v":"Adăugare zi de naștere"},{"$i":"add-photo","$v":"Adăugare imagine"},{"$i":"add-note","$v":"Adăugare notă"},{"$i":"add-org","$v":"Adăugare companie"},{"$i":"add-tel-number","$v":"Adăugare număr de telefon"},{"$i":"delete-tel","$v":"Ștergere număr de telefon"},{"$i":"delete-email","$v":"Ștergere e-mail"},{"$i":"delete-ringtone","$v":"Ștergere sonerie"},{"$i":"delete-adr","$v":"Ștergere adresă"},{"$i":"delete-bday","$v":"Ștergere zi de naștere"},{"$i":"delete-photo","$v":"Ștergere fotografie"},{"$i":"delete-note","$v":"Ștergere notă"},{"$i":"delete-org","$v":"Ștergere companie"},{"$i":"edit-tel-type","$v":"Modificare tip telefon"},{"$i":"edit-email-type","$v":"Modificare tip e-mail"},{"$i":"edit-adr-type","$v":"Modificare tip adresă"},{"$i":"edit-bday-type","$v":"Modificare zi de naștere"},{"$i":"replace-photo","$v":"Modificare imagine"},{"$i":"replace-ringtone","$v":"Modificare sonerie"},{"$i":"mobile-tel","$v":"Telefon mobil"},{"$i":"home-tel","$v":"Telefon domiciliu"},{"$i":"work-tel","$v":"Telefon serviciu"},{"$i":"personal-tel","$v":"Telefon personal"},{"$i":"fax-home-tel","$v":"Fax acasă"},{"$i":"fax-office-tel","$v":"Fax birou"},{"$i":"fax-other-tel","$v":"Alt fax"},{"$i":"other-tel","$v":"Alt telefon"},{"$i":"personal-email","$v":"E-mail personal"},{"$i":"work-email","$v":"E-mail serviciu"},{"$i":"other-email","$v":"Alt e-mail"},{"$i":"custom-email","$v":["E-mail ",{"t":"idOrVar","v":"type"}]},{"$i":"custom-tel","$v":["Telefon ",{"t":"idOrVar","v":"type"}]},{"$i":"personal-adr","$v":"Adresă personală"},{"$i":"current-adr","$v":"Adresă actuală"},{"$i":"home-adr","$v":"Adresă domiciliu"},{"$i":"work-adr","$v":"Adresă serviciu"},{"$i":"custom-adr","$v":["Adresă ",{"t":"idOrVar","v":"type"}]},{"$i":"bday","$v":"Zi de naștere"},{"$i":"birthday","$v":"Zi de naștere"},{"$i":"streetAddress","$v":"Stradă"},{"$i":"locality","$v":"Oraș"},{"$i":"postalCode","$v":"Cod poștal"},{"$i":"countryName","$v":"Țară"},{"$i":"region","$v":"Stat"},{"$i":"no-name","$v":"Fără nume"},{"$i":"new-contact","$v":"Nou"},{"$i":"options","$v":"Opțiuni"},{"$i":"cancel","$v":"Anulare"},{"$i":"settings","$v":"Setări"},{"$i":"edit","$v":"Modificare"},{"$i":"share","$v":"Partajare"},{"$i":"remove","$v":"Eliminare"},{"$i":"compose","$v":"Scrieți mesaj"},{"$i":"new-contact-title","$v":"Contact nou"},{"$i":"edit-title","$v":"Modificare contact"},{"$i":"music","$v":"Muzică"},{"$i":"adr-type","$v":"Tip de adresă"},{"$i":"email-type","$v":"Tip de e-mail"},{"$i":"tel-type","$v":"Tip de telefon"},{"$i":"ICEContactsGroup","$v":"Contacte în caz de urgență"},{"$i":"setICEButton","$v":"Setare contacte în caz de urgență"},{"$i":"ICESettingTitle","$v":"Contacte în caz de urgență"},{"$i":"ICEDescription","$v":"Adăugați cinci contacte pentru efectuarea de apeluri „în caz de urgență”."},{"$i":"ICEContact","$v":["Contact în caz de urgență ",{"t":"idOrVar","v":"n"}]},{"$i":"ICESelectContact","$v":"Selectați un contact"},{"$i":"delete-ice-contact-warning","$v":"Sigur doriți să eliminați contactul în caz de urgență?"},{"$i":"confirm","$v":"Confirmare"},{"$i":"add-ice-failed","$v":"Adăugarea persoanei de contactat în caz de urgență a eșuat"},{"$i":"create-group","$v":"Creare grup"},{"$i":"group-name","$v":"Nume grup"},{"$i":"group","$v":"Grup"},{"$i":"new-group-created","$v":"Grupul nou a fost creat."},{"$i":"create-group-failed","$v":"Crearea grupului nu a reușit."},{"$i":"create-group-too-many","$v":["Puteți crea doar ",{"t":"idOrVar","v":"number"}," grupuri."]},{"$i":"create-group-duplicate","$v":"Nume duplicat."},{"$i":"rename-group-failed","$v":"Redenumirea grupului nu a reușit."},{"$i":"new-group","$v":"Nou"},{"$i":"rename","$v":"Redenumire"},{"$i":"duplicate-removed","$v":"Contactul(-ele) duplicat au fost eliminate."},{"$i":"add-to-group","$v":"Adăugare la grup"},{"$i":"remove-from-group","$v":"Eliminare din grup"},{"$i":"added-to","$v":["Adăugat la grupul ",{"t":"idOrVar","v":"group"}]},{"$i":"removed-from","$v":["Eliminare din grupul ",{"t":"idOrVar","v":"group"}," realizată"]},{"$i":"select-group","$v":"Selectare grup"},{"$i":"rename-group","$v":"Redenumire grup"},{"$i":"delete-group","$v":["Sigur doriți să ștergeți grupul ",{"t":"idOrVar","v":"group"},"?"]},{"$i":"unable-add-warn","$v":"Contactul din cont nu a putut fi adăugat în grup."},{"$i":"edit-contact","$v":"Modificare contact"},{"$i":"send-message","$v":"Trimitere mesaj"},{"$i":"call","$v":"Apel"},{"$i":"call-sim-1","$v":"Apelare - SIM 1"},{"$i":"call-sim-2","$v":"Apelare - SIM 2"},{"$i":"send-email","$v":"Trimitere e-mail"},{"$i":"choose-number","$v":"Selectare număr"},{"$i":"choose-email-address","$v":"Selectare e-mail"},{"$i":"delete","$v":"Ștergere"},{"$i":"select","$v":"Selectare"},{"$i":"select-all","$v":"Selectare tot"},{"$i":"select-all2","$v":"Toate"},{"$i":"deselect-all","$v":"Deselectare tot"},{"$i":"deselect-all2","$v":"Nimic"},{"$i":"deselect","$v":"Deselectare"},{"$i":"selected-contacts","$v":{"few":[{"t":"idOrVar","v":"n"}," selectat(e)"],"many":[{"t":"idOrVar","v":"n"}," selectat(e)"],"one":[{"t":"idOrVar","v":"n"}," selectat"],"other":[{"t":"idOrVar","v":"n"}," selectat(e)"],"two":[{"t":"idOrVar","v":"n"}," selectat(e)"],"zero":[{"t":"idOrVar","v":"n"}," selectat(e)"]},"$x":[{"t":"idOrVar","v":"plural"},"n"]},{"$i":"massive-delete","$v":"Ștergere contacte"},{"$i":"confirm-contact-delete","$v":["Sigur doriți să ștergeți contactul „",{"t":"idOrVar","v":"name"},"”?"]},{"$i":"DeletedTxt","$v":{"few":[{"t":"idOrVar","v":"n"}," contacte eliminate"],"many":[{"t":"idOrVar","v":"n"}," contacte eliminate"],"one":"1 contact eliminat","other":[{"t":"idOrVar","v":"n"}," contacte eliminate"],"two":[{"t":"idOrVar","v":"n"}," contacte eliminate"],"zero":"Niciun contact de șters"},"$x":[{"t":"idOrVar","v":"plural"},"n"]},{"$i":"DeletingContacts","$v":"Ștergere contacte"},{"$i":"DeletingContactsProgressing","$v":"Se șterg contactele"},{"$i":"ContactConfirmDel","$v":{"few":["Ștergeți ",{"t":"idOrVar","v":"n"}," contacte? Această acțiune nu poate fi anulată."],"many":["Ștergeți ",{"t":"idOrVar","v":"n"}," contacte? Această acțiune nu poate fi anulată."],"one":"Ștergeți 1 contact? Această acțiune nu poate fi anulată.","other":["Ștergeți ",{"t":"idOrVar","v":"n"}," contacte? Această acțiune nu poate fi anulată."],"two":["Ștergeți ",{"t":"idOrVar","v":"n"}," contacte? Această acțiune nu poate fi anulată."],"zero":"Niciun contact de șters"},"$x":[{"t":"idOrVar","v":"plural"},"n"]},{"$i":"contact-deleted","$v":{"zero":"Nu s-a șters niciun contact","one":"1 contact șters","few":[{"t":"idOrVar","v":"n"}," contacte șterse"],"many":[{"t":"idOrVar","v":"n"}," contacte șterse"],"other":[{"t":"idOrVar","v":"n"}," contacte șterse"],"two":[{"t":"idOrVar","v":"n"}," contacte șterse"]},"$x":[{"t":"idOrVar","v":"plural"},"n"]},{"$i":"a-contact-deleted","$v":"Contactul a fost șters."},{"$i":"settings-title","$v":"Setări privind contactele"},{"$i":"change-will-update-until-restart","$v":"Modificările vor fi actualizate la următoarea deschidere a Agendei."},{"$i":"transfer-contacts","$v":"Transfer contacte"},{"$i":"service-number","$v":"Număr serviciu"},{"$i":"no-contacts-found","$v":"Nu a fost găsită nicio potrivire."},{"$i":"search","$v":"Căutare contacte","placeholder":"Căutare contacte"},{"$i":"search-option","$v":"Căutare"},{"$i":"accounts","$v":"Conturi"},{"$i":"account","$v":"Cont"},{"$i":"add-account","$v":"Adăugare cont"},{"$i":"add-account-failed","$v":"A apărut o eroare necunoscută. Încercați din nou mai târziu."},{"$i":"duplicate-account-warn","$v":"Contul există deja. Sincronizarea este activată."},{"$i":"setting-up-account","$v":"Setare cont"},{"$i":"no-network-warn","$v":"Nu există conexiune la internet."},{"$i":"username","$v":"Nume de utilizator"},{"$i":"password","$v":"Parolă"},{"$i":"delete-account","$v":"Ștergere cont"},{"$i":"delete-account-long","$v":"Ștergere cont"},{"$i":"delete-account-warn","$v":"Dacă ștergeți acest cont, această acțiune va afecta și aplicațiile cu care utilizați acest cont."},{"$i":"deleting-account","$v":"Se șterge contul"},{"$i":"delete-account-failed","$v":"Ștergerea contului nu a reușit. Încercați din nou mai târziu."},{"$i":"delete-account-ok","$v":"Cont șters."},{"$i":"sync","$v":"Sincronizare"},{"$i":"sync-title","$v":"Sincronizare contacte"},{"$i":"sync-failed-warn","$v":"Sincronizarea nu a reușit."},{"$i":"sync-off-warn","$v":"Sincronizarea este dezactivată din Setări."},{"$i":"show-account-contacts","$v":"Afișați contactele pentru cont"},{"$i":"sync-account-contacts","$v":"Sincronizați contactele din cont"},{"$i":"sync-account-contacts-warning","$v":["Nicio modificare a contactelor din cont nu se va sincroniza în cloud când opțiunea „",{"t":"idOrVar","v":"switch"},"” nu este bifată. Doriți să debifați această opțiune oricum?"]},{"$i":"yes","$v":"Da"},{"$i":"all-contacts-synced","$v":"Toate contactele au fost sincronizate."},{"$i":"contact-syncing","$v":"Se sincronizează contactele..."},{"$i":"contacts-sync-limit-exceed","$v":"Sincronizarea contactelor nu a fost finalizată deoarece limita de contacte a fost depășită."},{"$i":"show-password","$v":"Afișare parolă"},{"$i":"password-incorrect","$v":"Parolă incorectă."},{"$i":"re-enter-password","$v":"Introduceți din nou parola"},{"$i":"accessing-warn","$v":"A apărut o problemă la accesarea contului."},{"$i":"accessing-warn-password","$v":"Introduceți din nou parola."},{"$i":"re-enter-password-on-setting","$v":"Introduceți parola din nou în setarea Contacte."},{"$i":"accessing-warn-relogin","$v":"Ștergeți contul și conectați-vă din nou."},{"$i":"update-password-failed","$v":"Actualizarea parolei nu a reușit. Încercați din nou mai târziu."},{"$i":"connect-time-out","$v":["Nu poate fi stabilită o conexiune cu serverul „",{"t":"idOrVar","v":"server"},"”. Este posibil să existe o problemă cu rețeaua."]},{"$i":"server-error","$v":"Server indisponibil. Încercați din nou mai târziu."},{"$i":"loading","$v":"Se încarcă…"},{"$i":"ellipsis","$v":"..."},{"$i":"stop-syncing-warn-title","$v":"Se sincronizează contactele"},{"$i":"stop-syncing-warn","$v":"Prin închiderea aplicației, procesul de sincronizare a contactelor va fi oprit. Doriți să o închideți și în acest caz?"},{"$i":"weekday-0-long","$v":"Duminică"},{"$i":"weekday-1-long","$v":"Luni"},{"$i":"weekday-2-long","$v":"Marți"},{"$i":"weekday-3-long","$v":"Miercuri"},{"$i":"weekday-4-long","$v":"Joi"},{"$i":"weekday-5-long","$v":"Vineri"},{"$i":"weekday-6-long","$v":"Sâmbătă"},{"$i":"weekday-0-short","$v":"Dum"},{"$i":"weekday-1-short","$v":"Lun"},{"$i":"weekday-2-short","$v":"Mar"},{"$i":"weekday-3-short","$v":"Mie"},{"$i":"weekday-4-short","$v":"Joi"},{"$i":"weekday-5-short","$v":"Vin"},{"$i":"weekday-6-short","$v":"Sâm"},{"$i":"month-0-long","$v":"Ianuarie"},{"$i":"month-1-long","$v":"Februarie"},{"$i":"month-2-long","$v":"Martie"},{"$i":"month-3-long","$v":"Aprilie"},{"$i":"month-4-long","$v":"Mai"},{"$i":"month-5-long","$v":"Iunie"},{"$i":"month-6-long","$v":"Iulie"},{"$i":"month-7-long","$v":"August"},{"$i":"month-8-long","$v":"Septembrie"},{"$i":"month-9-long","$v":"Octombrie"},{"$i":"month-10-long","$v":"Noiembrie"},{"$i":"month-11-long","$v":"Decembrie"},{"$i":"month-0-genitive","$v":"Ianuarie"},{"$i":"month-1-genitive","$v":"Februarie"},{"$i":"month-2-genitive","$v":"Martie"},{"$i":"month-3-genitive","$v":"Aprilie"},{"$i":"month-4-genitive","$v":"Mai"},{"$i":"month-5-genitive","$v":"Iunie"},{"$i":"month-6-genitive","$v":"Iulie"},{"$i":"month-7-genitive","$v":"August"},{"$i":"month-8-genitive","$v":"Septembrie"},{"$i":"month-9-genitive","$v":"Octombrie"},{"$i":"month-10-genitive","$v":"Noiembrie"},{"$i":"month-11-genitive","$v":"Decembrie"},{"$i":"month-0-short","$v":"Ian"},{"$i":"month-1-short","$v":"Feb"},{"$i":"month-2-short","$v":"Mar"},{"$i":"month-3-short","$v":"Apr"},{"$i":"month-4-short","$v":"Mai"},{"$i":"month-5-short","$v":"Iun"},{"$i":"month-6-short","$v":"Iul"},{"$i":"month-7-short","$v":"Aug"},{"$i":"month-8-short","$v":"Sep"},{"$i":"month-9-short","$v":"Oct"},{"$i":"month-10-short","$v":"Nov"},{"$i":"month-11-short","$v":"Dec"},{"$i":"minutes-ago-long","$v":{"few":["în urmă cu ",{"t":"idOrVar","v":"value"}," minute"],"many":["în urmă cu ",{"t":"idOrVar","v":"value"}," minute"],"other":["în urmă cu ",{"t":"idOrVar","v":"value"}," minute"],"two":["în urmă cu ",{"t":"idOrVar","v":"value"}," minute"],"one":"în urmă cu un minut","zero":"Chiar acum"},"$x":[{"t":"idOrVar","v":"plural"},"value"]},{"$i":"hours-ago-long","$v":{"few":["în urmă cu ",{"t":"idOrVar","v":"value"}," ore"],"many":["în urmă cu ",{"t":"idOrVar","v":"value"}," ore"],"other":["în urmă cu ",{"t":"idOrVar","v":"value"}," ore"],"two":["în urmă cu ",{"t":"idOrVar","v":"value"}," ore"],"one":"în urmă cu o oră","zero":"Chiar acum"},"$x":[{"t":"idOrVar","v":"plural"},"value"]},{"$i":"days-ago-long","$v":{"few":["În urmă cu ",{"t":"idOrVar","v":"value"}," zile"],"many":["În urmă cu ",{"t":"idOrVar","v":"value"}," zile"],"one":"ieri","other":["În urmă cu ",{"t":"idOrVar","v":"value"}," zile"],"two":["În urmă cu ",{"t":"idOrVar","v":"value"}," zile"],"zero":"astăzi"},"$x":[{"t":"idOrVar","v":"plural"},"value"]},{"$i":"weeks-ago-long","$v":{"few":["în urmă cu ",{"t":"idOrVar","v":"value"}," săptămâni"],"many":["în urmă cu ",{"t":"idOrVar","v":"value"}," săptămâni"],"one":"săptămâna trecută","other":["în urmă cu ",{"t":"idOrVar","v":"value"}," săptămâni"],"two":["în urmă cu ",{"t":"idOrVar","v":"value"}," săptămâni"],"zero":"săptămâna aceasta"},"$x":[{"t":"idOrVar","v":"plural"},"value"]},{"$i":"months-ago-long","$v":{"few":["în urmă cu ",{"t":"idOrVar","v":"value"}," luni"],"many":["în urmă cu ",{"t":"idOrVar","v":"value"}," luni"],"one":"luna trecută","other":["în urmă cu ",{"t":"idOrVar","v":"value"}," luni"],"two":["în urmă cu ",{"t":"idOrVar","v":"value"}," luni"],"zero":"această lună"},"$x":[{"t":"idOrVar","v":"plural"},"value"]},{"$i":"years-ago-long","$v":{"few":["în urmă cu ",{"t":"idOrVar","v":"value"}," ani"],"many":["în urmă cu ",{"t":"idOrVar","v":"value"}," ani"],"one":"anul trecut","other":["în urmă cu ",{"t":"idOrVar","v":"value"}," ani"],"two":["în urmă cu ",{"t":"idOrVar","v":"value"}," ani"],"zero":"anul acesta"},"$x":[{"t":"idOrVar","v":"plural"},"value"]},{"$i":"minutes-until-long","$v":{"few":["peste ",{"t":"idOrVar","v":"value"}," minute"],"many":["peste ",{"t":"idOrVar","v":"value"}," minute"],"other":["peste ",{"t":"idOrVar","v":"value"}," minute"],"two":["peste ",{"t":"idOrVar","v":"value"}," minute"],"zero":"acum","one":"peste un minut"},"$x":[{"t":"idOrVar","v":"plural"},"value"]},{"$i":"hours-until-long","$v":{"few":["peste ",{"t":"idOrVar","v":"value"}," ore"],"many":["peste ",{"t":"idOrVar","v":"value"}," ore"],"other":["peste ",{"t":"idOrVar","v":"value"}," ore"],"two":["peste ",{"t":"idOrVar","v":"value"}," ore"],"zero":"acum","one":"peste o oră"},"$x":[{"t":"idOrVar","v":"plural"},"value"]},{"$i":"days-until-long","$v":{"few":["peste ",{"t":"idOrVar","v":"value"}," zile"],"many":["peste ",{"t":"idOrVar","v":"value"}," zile"],"one":"mâine","other":["peste ",{"t":"idOrVar","v":"value"}," zile"],"two":["peste ",{"t":"idOrVar","v":"value"}," zile"],"zero":"astăzi"},"$x":[{"t":"idOrVar","v":"plural"},"value"]},{"$i":"weeks-until-long","$v":{"few":["peste ",{"t":"idOrVar","v":"value"}," săptămâni"],"many":["peste ",{"t":"idOrVar","v":"value"}," săptămâni"],"one":"săptămâna viitoare","other":["peste ",{"t":"idOrVar","v":"value"}," săptămâni"],"two":["peste ",{"t":"idOrVar","v":"value"}," săptămâni"],"zero":"săptămâna aceasta"},"$x":[{"t":"idOrVar","v":"plural"},"value"]},{"$i":"months-until-long","$v":{"few":["peste ",{"t":"idOrVar","v":"value"}," luni"],"many":["peste ",{"t":"idOrVar","v":"value"}," luni"],"one":"luna următoare","other":["peste ",{"t":"idOrVar","v":"value"}," luni"],"two":["peste ",{"t":"idOrVar","v":"value"}," luni"],"zero":"această lună"},"$x":[{"t":"idOrVar","v":"plural"},"value"]},{"$i":"years-until-long","$v":{"few":["peste ",{"t":"idOrVar","v":"value"}," ani"],"many":["peste ",{"t":"idOrVar","v":"value"}," ani"],"one":"anul viitor","other":["peste ",{"t":"idOrVar","v":"value"}," ani"],"two":["peste ",{"t":"idOrVar","v":"value"}," ani"],"zero":"anul acesta"},"$x":[{"t":"idOrVar","v":"plural"},"value"]},{"$i":"minutes-ago-short","$v":{"other":["în urmă cu ",{"t":"idOrVar","v":"value"}," m"],"zero":"Chiar acum"},"$x":[{"t":"idOrVar","v":"plural"},"value"]},{"$i":"hours-ago-short","$v":{"other":["în urmă cu ",{"t":"idOrVar","v":"value"}," h"],"zero":"Chiar acum"},"$x":[{"t":"idOrVar","v":"plural"},"value"]},{"$i":"days-ago-short","$v":{"other":["În urmă cu ",{"t":"idOrVar","v":"value"}," z"],"zero":"astăzi"},"$x":[{"t":"idOrVar","v":"plural"},"value"]},{"$i":"minutes-until-short","$v":{"other":["peste ",{"t":"idOrVar","v":"value"}," m"],"zero":"acum"},"$x":[{"t":"idOrVar","v":"plural"},"value"]},{"$i":"hours-until-short","$v":{"other":["peste ",{"t":"idOrVar","v":"value"}," h"],"zero":"acum"},"$x":[{"t":"idOrVar","v":"plural"},"value"]},{"$i":"days-until-short","$v":{"other":["peste ",{"t":"idOrVar","v":"value"}," z"],"zero":"astăzi"},"$x":[{"t":"idOrVar","v":"plural"},"value"]},{"$i":"incorrectDate","$v":"(dată incorectă)"},{"$i":"dateTimeFormat_%c","$v":"%a %b %e %Y %I:%M:%S %p"},{"$i":"dateTimeFormat_%x","$v":"%m/%d/%Y"},{"$i":"dateTimeFormat_%X","$v":"%I:%M:%S %p"},{"$i":"shortTimeFormat","$v":"%I:%M %p"},{"$i":"shortTimeFormat12","$v":"%I:%M %p"},{"$i":"shortTimeFormat24","$v":"%H:%M"},{"$i":"shortDateTimeFormat","$v":"%x %I:%M %p"},{"$i":"weekStartsOnMonday","$v":"0.0"},{"$i":"firstDayOfTheWeek","$v":"1.0"},{"$i":"time_am","$v":"AM"},{"$i":"time_pm","$v":"PM"},{"$i":"sim-with-index-and-carrier","$v":["SIM ",{"t":"idOrVar","v":"index"}," - ",{"t":"idOrVar","v":"carrier"}]},{"$i":"sim-without-carrier","$v":["SIM ",{"t":"idOrVar","v":"index"}]}]