[{"$i":"contacts","$v":"Контакты"},{"$i":"view","$v":"Просмотр"},{"$i":"no-contacts","$v":"Нет контактов"},{"$i":"reading-contacts","$v":"Загрузка контактов"},{"$i":"start-adding","$v":"Нажмите Новый или перейдите в Настройки, чтобы добавить контакты."},{"$i":"no-contact-available","$v":"Нет доступного контакта"},{"$i":"requested-contact-not-available","$v":"Запрашиваемая информация недоступна для существующих контактов"},{"$i":"cannot-add-as-empty","$v":"Невозможно добавить контакт, так как ваш список контактов пуст"},{"$i":"ok","$v":"OK"},{"$i":"no-phone-number-to-dial","$v":"Нет номера телефона для набора"},{"$i":"video-call","$v":"Видеовызов"},{"$i":"rtt-call","$v":"RTT вызов"},{"$i":"select-a-contact","$v":"Выбрать Контакт"},{"$i":"multi-pick-max-warn","$v":["Максимальное выбранное количество ",{"t":"idOrVar","v":"n"}]},{"$i":"add-contact-failed","$v":"Ошибка добавления контакта"},{"$i":"no-sim-card-available","$v":"Нет доступной SIM-карты"},{"$i":"email-cannot-add-to-sim","$v":"Электронная почта не поддерживается текущим выбором памяти."},{"$i":"add-info-failed","$v":"Не удалось добавить информацию"},{"$i":"no-contact-to-add","$v":"Нет доступных контактов для добавления."},{"$i":"move","$v":"Переместить"},{"$i":"copy","$v":"Копировать"},{"$i":"copy-contacts","$v":"Скопировать контакты"},{"$i":"move-contacts","$v":"Переместить контакты"},{"$i":"phone-memory","$v":"Память телефона"},{"$i":"sim-memory","$v":"Память SIM-карты"},{"$i":"sim-0-memory","$v":"Память SIM 1"},{"$i":"sim-1-memory","$v":"Память SIM 2"},{"$i":"move-from","$v":"Перемести из"},{"$i":"copy-from","$v":"Копировать с"},{"$i":"to","$v":"Кому"},{"$i":"move-contacts-progressing","$v":"Перемещение контакта(ов)..."},{"$i":"copy-contacts-progressing","$v":"Копирование контакта(ов)..."},{"$i":"contact-move-to-sim","$v":{"few":[{"t":"idOrVar","v":"migrated"}," контактов перенесены на SIM-карту."],"many":[{"t":"idOrVar","v":"migrated"}," контактов перенесены на SIM-карту."],"one":"1 контакт перенесен на SIM-карту.","other":[{"t":"idOrVar","v":"migrated"}," контактов перенесены на SIM-карту."],"two":[{"t":"idOrVar","v":"migrated"}," контакта перенесены на SIM-карту."],"zero":"Нет контактов, перенесенных на SIM-карту."},"$x":[{"t":"idOrVar","v":"plural"},"migrated"]},{"$i":"contact-copy-to-sim","$v":{"few":[{"t":"idOrVar","v":"migrated"}," контактов скопированы на SIM-карту."],"many":[{"t":"idOrVar","v":"migrated"}," контактов скпированы на SIM-карту."],"one":"1 контакт скопирован на SIM-карту.","other":[{"t":"idOrVar","v":"migrated"}," контактов скопированы на SIM-карту."],"two":[{"t":"idOrVar","v":"migrated"}," контакта скопированы на SIM-карту."],"zero":"Нет контактов, скопированных на SIM-карту."},"$x":[{"t":"idOrVar","v":"plural"},"migrated"]},{"$i":"contact-move-to-sim0","$v":{"few":[{"t":"idOrVar","v":"migrated"}," контактов перенесены на SIM 1."],"many":[{"t":"idOrVar","v":"migrated"}," контактов перенесены на SIM 1."],"one":"1 контакт перенесен на SIM 1.","other":[{"t":"idOrVar","v":"migrated"}," контактов перенесены на SIM 1."],"two":[{"t":"idOrVar","v":"migrated"}," контакта перенесены на SIM 1."],"zero":"Нет контактов, перенесенных на SIM 1."},"$x":[{"t":"idOrVar","v":"plural"},"migrated"]},{"$i":"contact-copy-to-sim0","$v":{"few":[{"t":"idOrVar","v":"migrated"}," контактов скопированы на SIM 1."],"many":[{"t":"idOrVar","v":"migrated"}," контактов скопированы на SIM 1."],"one":"1 контакт скопирован на SIM 1.","other":[{"t":"idOrVar","v":"migrated"}," контактов скопированы на SIM 1."],"two":[{"t":"idOrVar","v":"migrated"}," контакта скопированы на SIM 1."],"zero":"Нет контактов, скопированных на SIM 1."},"$x":[{"t":"idOrVar","v":"plural"},"migrated"]},{"$i":"contact-move-to-sim1","$v":{"few":[{"t":"idOrVar","v":"migrated"}," контактов перенесены на SIM 2."],"many":[{"t":"idOrVar","v":"migrated"}," контактов перенесены на SIM 2."],"one":"1 контакт перенесен на SIM 2.","other":[{"t":"idOrVar","v":"migrated"}," контактов перенесены на SIM 2."],"two":[{"t":"idOrVar","v":"migrated"}," контакта перенесены на SIM 2."],"zero":"Нет контактов, перенесенных на SIM 2."},"$x":[{"t":"idOrVar","v":"plural"},"migrated"]},{"$i":"contact-copy-to-sim1","$v":{"few":[{"t":"idOrVar","v":"migrated"}," контактов скопированы на SIM 2."],"many":[{"t":"idOrVar","v":"migrated"}," контактов скопированы на SIM 2."],"one":"1 контакт скопирован на SIM 2.","other":[{"t":"idOrVar","v":"migrated"}," контактов скопированы на SIM 2."],"two":[{"t":"idOrVar","v":"migrated"}," контакта скопированы на SIM 2."],"zero":"Нет контактов, скопированных на SIM 2."},"$x":[{"t":"idOrVar","v":"plural"},"migrated"]},{"$i":"contact-move-to-device","$v":{"one":"1 контакт перенесен на устройство.","zero":"Нет контактов, перенесенных на устройство.","few":[{"t":"idOrVar","v":"migrated"}," контактов перенесены на устройство."],"many":[{"t":"idOrVar","v":"migrated"}," контактов перенесены на устройство."],"other":[{"t":"idOrVar","v":"migrated"}," контактов перенесены на устройство."],"two":[{"t":"idOrVar","v":"migrated"}," контакта перенесены на устройство."]},"$x":[{"t":"idOrVar","v":"plural"},"migrated"]},{"$i":"contact-copy-to-device","$v":{"one":"1 контакт скопирован на устройство.","zero":"Нет контактов, скопированных на устройство.","few":[{"t":"idOrVar","v":"migrated"}," контактов скопированы на устройство."],"many":[{"t":"idOrVar","v":"migrated"}," контактов скопированы на устройство."],"other":[{"t":"idOrVar","v":"migrated"}," контактов скопированы на устройство."],"two":[{"t":"idOrVar","v":"migrated"}," контакта скопированы на устройство."]},"$x":[{"t":"idOrVar","v":"plural"},"migrated"]},{"$i":"copy-contact-failed","$v":"Ошибка копирования контактов"},{"$i":"move-contact-failed","$v":"Ошибка перемещения контактов"},{"$i":"contact-copy-error-sim-full","$v":"Копирование контактов не завершено, так как SIM-карта заполнена."},{"$i":"contact-copy-error-unknown","$v":"Копирование контактов не завершено из-за ошибки."},{"$i":"contact-copy-error-limit-exceeded","$v":"Копирование контактов не завершено из-за превышения ограничения контактов телефона."},{"$i":"contact-move-error-sim-full","$v":"Перемещение контактов не завершено, так как SIM-карта заполнена."},{"$i":"contact-move-error-unknown","$v":"Перемещение контактов не завершено из-за ошибки."},{"$i":"contact-move-error-limit-exceeded","$v":"Перемещение контактов не завершено из-за превышения ограничения контактов телефона."},{"$i":"contact-save-error-unknown","$v":"Сохранение контакта не завершено из-за ошибки."},{"$i":"memory","$v":"Память"},{"$i":"phone-and-sim","$v":"Телефон и SIM-карта"},{"$i":"phone","$v":"Телефон"},{"$i":"sim","$v":"SIM"},{"$i":"reloading-contact","$v":"Перезагрузка контактов.."},{"$i":"contact-reloaded","$v":"Контакты перезагружены"},{"$i":"message","$v":"Сообщение"},{"$i":"changes-saved","$v":"Изменения сохранены."},{"$i":"already-ice-contact","$v":"Выбранный контакт уже установлен в ICE."},{"$i":"phone-contacts-limit-exceeded","$v":"Превышен лимит телефонных контактов."},{"$i":"sim-contacts-limit-exceeded","$v":"Превышен лимит контактов SIM-карты."},{"$i":"more-info","$v":"Ещё"},{"$i":"callAirplaneModeTitle","$v":"Активирован режим «В самолёте»"},{"$i":"callAirplaneModeMessage","$v":"Чтобы сделать вызов, вам необходимо отключить в настройках режим «В самолёте»."},{"$i":"emergencyDialogTitle","$v":"Отсутствует подключение к сети"},{"$i":"emergencyDialogBodyBadNumber","$v":"Чтобы сделать вызов, телефон должен быть подключен к сети."},{"$i":"emergencyDialogBodyDeviceNotAccepted","$v":"Экстренные вызовы не поддерживаются сетью."},{"$i":"invalidNumberToDialTitle","$v":"Недействительный номер телефона"},{"$i":"invalidNumberToDialMessage","$v":"Номер телефона, который вы вызываете, недействителен."},{"$i":"invalidNumberToSendTitle","$v":"Недействительный номер телефона"},{"$i":"invalidNumberToSendMessage","$v":"Номер телефона, на который вы отправляете сообщения, недействителен."},{"$i":"emergency-call-only","$v":"Только Экстренные вызовы"},{"$i":"emergency-call-error","$v":[{"t":"idOrVar","v":"number"}," не является номером службы экстренной помощи."]},{"$i":"numberIsBusyTitle","$v":"Абонент занят"},{"$i":"numberIsBusyMessage","$v":"Абонент в данный момент занят. Пожалуйста, повторите попытку позже."},{"$i":"fdnIsActiveTitle","$v":"FDN активен"},{"$i":"fdnIsActiveMessage","$v":["Активирован FDN (Фиксированный набор). Следующий номер не указан в вашем списке разрешённых номеров: ",{"t":"idOrVar","v":"number"}]},{"$i":"otherConnectionInUseTitle","$v":"Используется другое подключение"},{"$i":"otherConnectionInUseMessage","$v":"У вас есть активный вызов на другом подключении. Одновременно можно использовать только одно подключение."},{"$i":"GenericFailure","$v":"Общий сбой"},{"$i":"CallFailed","$v":"Ошибка вызова"},{"$i":"scCallBarring","$v":"Запрет вызовов"},{"$i":"scCallForwarding","$v":"Переадресация"},{"$i":"scClip","$v":"Номер вызывающего абонента"},{"$i":"scClir","$v":"Номер вызываемого абонента"},{"$i":"scPwd","$v":"Изменение пароля"},{"$i":"scCallWaiting","$v":"Ожидание вызова"},{"$i":"scPin","$v":"Изменение PIN-кода"},{"$i":"scPin2","$v":"Изменение PIN2"},{"$i":"scPuk","$v":"Разблокировать PIN-код"},{"$i":"scPuk2","$v":"Разблокировать код PIN2"},{"$i":"scImei","$v":"IMEI"},{"$i":"scMeid","$v":"MEID"},{"$i":"scUssd","$v":"USSD"},{"$i":"set-speed-dial","$v":"Установить контакты быстрого набора"},{"$i":"empty","$v":"Пусто"},{"$i":"voicemail","$v":"Голосовая почта"},{"$i":"speed-dial","$v":"Быстрый набор"},{"$i":"add","$v":"Добавить"},{"$i":"replace","$v":"Заменить"},{"$i":"remove-from-speed-dial","$v":"Удалить  из быстрого набора"},{"$i":"custom-dialog-replace-speed-dial","$v":["Хотите заменить Быстрый набор ",{"t":"idOrVar","v":"oldSpeedDial"}," на ",{"t":"idOrVar","v":"newSpeedDial"},"?"]},{"$i":"custom-dialog-remove-speed-dial","$v":["Вы хотите удалить ",{"t":"idOrVar","v":"name"}," из Быстрого набора?"]},{"$i":"speed-dial-added","$v":"Добавлен номер Быстрого набора"},{"$i":"speed-dial-removed","$v":"Номер Быстрого набора удален."},{"$i":"speed-dial-replaced","$v":"Номер Быстрого набора обновлен."},{"$i":"voice-mail","$v":"Голосовая почта"},{"$i":"voice-mail-number","$v":["Номер Голосовой Почты - SIM ",{"t":"idOrVar","v":"n"}]},{"$i":"voice-mail-number-single","$v":"Номер Голосовой Почты"},{"$i":"voice-mail-number-updated","$v":"Номер Голосовой почты обновлен"},{"$i":"found-duplicates-message","$v":"Дублированная информация была найдена в следующих контактах. Хотите объединить их?"},{"$i":"confirm-to-merge-contacts","$v":["Вы уверены, что хотите объединить ",{"t":"idOrVar","v":"n"}," контактов с ",{"t":"idOrVar","v":"name"},"?"]},{"$i":"contact-merged","$v":"Контакт объединен"},{"$i":"find-duplicate-contacts","$v":"Поиск дубликатов контактов"},{"$i":"no-duplicate-contact-found","$v":"Не найдено дубликатов контактов"},{"$i":"merge","$v":"Объединить"},{"$i":"find-dup","$v":"Поиск дубликатов контактов"},{"$i":"find-dup-title","$v":"Поиск Дубликатов Контактов"},{"$i":"finding-dup-message","$v":"Поиск дубликатов контактов..."},{"$i":"dup-found-title","$v":"Найдены Дубликаты"},{"$i":"dup-found-message","$v":"Дублированная информация была найдена у следующих контактов. Хотите объединить?"},{"$i":"no-dup-found","$v":"Дубликаты Не Найдены"},{"$i":"merge-conflict-warn","$v":["Следующая информация будет перезаписана «",{"t":"idOrVar","v":"name"},"»:"]},{"$i":"merge-conflict-confirm","$v":"Вы уверены, что хотите объединить контакты?"},{"$i":"add-favorite","$v":"Добавить как Избранный"},{"$i":"remove-favorite","$v":"Удалить из избранного"},{"$i":"favorite-contacts","$v":"Избранные контакты"},{"$i":"add-block","$v":"Заблокировать этот номер"},{"$i":"remove-block","$v":"Разблокировать этот номер"},{"$i":"add-block-email","$v":"Заблокировать этот адрес электронной почты"},{"$i":"remove-block-email","$v":"Разблокировать этот адрес электронной почты"},{"$i":"add-block-contact-warning","$v":"Вы не будете получать телефонные вызовы, сообщения от людей из черного списка."},{"$i":"add-block-email-warning","$v":"Вы не будете получать сообщения с этого адреса электронной почты."},{"$i":"block","$v":"Блокировать"},{"$i":"unblock","$v":"Разблокировать"},{"$i":"block-contacts","$v":"Заблокированные Контакты"},{"$i":"add-block-header","$v":"Добавить Заблокированный Номер"},{"$i":"remove-block-alert","$v":"Удалить из Заблокированных Контактов"},{"$i":"duplicate-block-number","$v":"Невозможно добавить дубликат номера."},{"$i":"sort-contacts","$v":"Сортировка контактов"},{"$i":"sort-by-first-name","$v":"Сортировать по имени"},{"$i":"sort-by-last-name","$v":"Сортировать по фамилии"},{"$i":"no-support-open-multi-vcard","$v":"Не удается открыть визитную карточку с несколькими контактами"},{"$i":"import","$v":"Импорт"},{"$i":"sdcard","$v":"Карта памяти"},{"$i":"simcard","$v":"SIM-карта"},{"$i":"import-contacts","$v":"Импорт контактов"},{"$i":"simContacts-error","$v":"Не удалось импортировать Контакты с SIM-карты"},{"$i":"memoryCardContacts-error","$v":"Не удалось импортировать контакты с карты памяти"},{"$i":"novCardFiles","$v":"На карте памяти нет файла контактов."},{"$i":"fullDiskSpace-error","$v":"Память заполнена, невозможно импортировать контакты."},{"$i":"socialServiceContacts-error","$v":["Не удалось импортировать контакты из ",{"t":"idOrVar","v":"service"}]},{"$i":"socialServiceContacts-noNetwork","$v":["Нет подключения к Интернету, невозможно импортировать контакты из ",{"t":"idOrVar","v":"service"},"."]},{"$i":"simContacts-reading","$v":"Чтение Контактов с SIM-карты..."},{"$i":"memoryCardContacts-reading","$v":"Чтение Контактов с Карты памяти..."},{"$i":"importContactsTitle","$v":"Импорт Контактов"},{"$i":"retry","$v":"Повторить"},{"$i":"noSimMsg","$v":"Для импорта контактов вставьте или разблокируйте SIM-карту"},{"$i":"noSdcardMsg","$v":"Для импорта контактов вставьте карту памяти"},{"$i":"not-imported","$v":"Не импортировано"},{"$i":"imported","$v":"Импорт успешно выполнен"},{"$i":"importing","$v":"Импорт"},{"$i":"contact-imported","$v":["Импортировано ",{"t":"idOrVar","v":"imported"}," контактов. ",{"t":"idOrVar","v":"dupes"}," контакты объединены."]},{"$i":"contact-imported2","$v":{"one":"Импортирован 1 контакт.","zero":"Нет импортированных контактов.","few":["Импортировано ",{"t":"idOrVar","v":"imported"}," контакта."],"many":["Импортировано ",{"t":"idOrVar","v":"imported"}," контакта."],"other":["Импортировано ",{"t":"idOrVar","v":"imported"}," контакта."],"two":["Импортировано ",{"t":"idOrVar","v":"imported"}," контакта."]},"$x":[{"t":"idOrVar","v":"plural"},"imported"]},{"$i":"reading-contacts-from-sim","$v":"Чтение контакта(ов) с SIM-карты…"},{"$i":"reading-contacts-from-gmail","$v":"Чтение контакта(ов) из Gmail…"},{"$i":"reading-contacts-from-live","$v":"Чтение контакта(ов) из Outlook…"},{"$i":"reading-contacts-from-sd","$v":"Чтение контакта(ов) с карты памяти…"},{"$i":"reading-contacts-from-vcard","$v":"Чтение контакта(ов) из файла…"},{"$i":"importing-contacts-from-sim","$v":"Импорт контакта(ов) с SIM-карты…"},{"$i":"importing-contacts-from-gmail","$v":"Импорт контакта(ов) из Gmail…"},{"$i":"importing-contacts-from-live","$v":"Импорт контакта(ов) из Outlook…"},{"$i":"importing-contacts-from-sd","$v":"Импорт контакта(ов) с карты памяти…"},{"$i":"importing-contacts-from-vcard","$v":"Импорт контакта(ов) из файла…"},{"$i":"connect-network-to-import","$v":"Чтобы импортировать контакты, подключитесь к Wi-Fi или передаче данных в мобильной сети"},{"$i":"importing-confirm","$v":["Импортировать ",{"t":"idOrVar","v":"n"}," контакт(ов) из файла \"",{"t":"idOrVar","v":"fileName"},"\"?"]},{"$i":"importing-cancel-confirm","$v":"Процесс импорта будет остановлен, если вы закроете этот экран. Закрыть экран?"},{"$i":"import-contact-failed","$v":"Ошибка импорта контакта"},{"$i":"phone-storage-full","$v":"Память Телефона Заполнена"},{"$i":"import-contact-storage-full","$v":"Невозможно импортировать контакты. Удалите данные приложения, чтобы освободить место."},{"$i":"contact-import-error-disk-full","$v":"Импорт контактов не завершен из-за переполнения памяти. Удалите данные приложения, чтобы освободить место."},{"$i":"contact-import-error-sim-full","$v":"Импорт контактов не завершен, так как SIM-карта заполнена."},{"$i":"contact-import-error-unknown","$v":"Импорт контактов не завершен из-за ошибки."},{"$i":"import-contacts-canceled","$v":"Импорт контактов отменен."},{"$i":"close","$v":"Закрыть"},{"$i":"import-process-cancel","$v":"Процесс импорта отменен."},{"$i":"import-limit-header","$v":"Превышен лимит размера файла"},{"$i":"inner-import-limit-content","$v":"Файлы контактов размером более 10 МБ не были импортированы."},{"$i":"activity-import-limit-contact","$v":"Не удалось импортировать контакты из-за превышения предельного размера файла."},{"$i":"activity-import-limit-additional","$v":"(Размер файла должен быть меньше 10 МБ.)"},{"$i":"bluetooth","$v":"Bluetooth"},{"$i":"export","$v":"Экспорт"},{"$i":"export-contacts","$v":"Экспорт контактов"},{"$i":"simExport-title","$v":"Экспорт на SIM-карту"},{"$i":"memoryCardExport-title","$v":"Экспорт на карту памяти"},{"$i":"btExport-title","$v":"Экспорт по Bluetooth"},{"$i":"noSimMsgExport","$v":"Для экспорта контактов вставьте или разблокируйте SIM-карту"},{"$i":"noSdcardExport","$v":"Для экспорта контактов вставьте карту памяти."},{"$i":"bluetoothNoConnection","$v":"Для экспорта контактов подключите Bluetooth-устройство."},{"$i":"contact-exported","$v":["Экспортировано ",{"t":"idOrVar","v":"exported"}," контактов."]},{"$i":"contact-exported2","$v":{"zero":"Контакт не экспортирован.","one":"Экспортирован 1 контакт.","few":["Экспортировано ",{"t":"idOrVar","v":"exported"}," контактов."],"many":["Экспортировано ",{"t":"idOrVar","v":"exported"}," контактов."],"other":["Экспортировано ",{"t":"idOrVar","v":"exported"}," контактов."],"two":["Экспортировано ",{"t":"idOrVar","v":"exported"}," контактов."]},"$x":[{"t":"idOrVar","v":"plural"},"exported"]},{"$i":"export-contact-failed","$v":"Ошибка экспорта контакта"},{"$i":"contact-export-error-sim-full","$v":"SIM-карта заполнена, экспорт контактов не завершен."},{"$i":"contact-export-error-sd-full","$v":"Экспорт контактов не завершен: карта памяти переполнена."},{"$i":"contact-export-error-unknown","$v":"Экспорт контактов не завершен из-за ошибки."},{"$i":"contact-export-canceled","$v":"Процесс экспорта отменен."},{"$i":"save","$v":"Сохранить"},{"$i":"back","$v":"Назад"},{"$i":"givenName","$v":"Имя"},{"$i":"familyName","$v":"Фамилия"},{"$i":"name","$v":"Имя"},{"$i":"org","$v":"Компания"},{"$i":"ringtone","$v":"Мелодия"},{"$i":"note","$v":"Заметка"},{"$i":"photo","$v":"Изображение"},{"$i":"email","$v":"Email"},{"$i":"adr","$v":"Адрес"},{"$i":"custom","$v":"Пользовательский"},{"$i":"confirm-discard-contact-data","$v":"Информация о контакте будет удалена. Хотите сохранить этот контакт?"},{"$i":"confirm-discard-contact-update-data","$v":"Изменения будут отменены. Хотите сохранить этот контакт?"},{"$i":"discard-contact-data","$v":"Изменения будут отменены."},{"$i":"discard","$v":"Отменить"},{"$i":"add-others","$v":"Добавить другое"},{"$i":"custom-label","$v":"Пользовательский ярлык"},{"$i":"input-the-custom-type","$v":"Пожалуйста, введите пользовательский тип"},{"$i":"contact-added","$v":"Контакт добавлен."},{"$i":"delete-prompt-message","$v":["Удалить ",{"t":"idOrVar","v":"field"},"?"]},{"$i":"delete-photo-msg","$v":"изображение"},{"$i":"delete-ringtone-msg","$v":"мелодия"},{"$i":"delete-bday-msg","$v":"дата рождения"},{"$i":"delete-note-msg","$v":"заметка"},{"$i":"delete-org-msg","$v":"компания"},{"$i":"personal","$v":"Личные"},{"$i":"mobile","$v":"Мобильный"},{"$i":"current","$v":"Текущее"},{"$i":"home","$v":"Дом"},{"$i":"work","$v":"Работа"},{"$i":"other","$v":"Другой"},{"$i":"fax-home","$v":"Домашний факс"},{"$i":"fax-office","$v":"Рабочий факс"},{"$i":"fax-other","$v":"Дополнительный факс"},{"$i":"add-phone","$v":"Добавить Телефон"},{"$i":"add-tel","$v":"Добавить номер телефона"},{"$i":"add-email","$v":"Добавить email"},{"$i":"add-ringtone","$v":"Добавить мелодию"},{"$i":"add-adr","$v":"Добавить адрес"},{"$i":"add-bday","$v":"Добавить дату рождения"},{"$i":"add-photo","$v":"Добавить изображение"},{"$i":"add-note","$v":"Добавить заметку"},{"$i":"add-org","$v":"Добавить компанию"},{"$i":"add-tel-number","$v":"Добавить номер телефона"},{"$i":"delete-tel","$v":"Удалить номер телефона"},{"$i":"delete-email","$v":"Удалить email"},{"$i":"delete-ringtone","$v":"Удалить мелодию"},{"$i":"delete-adr","$v":"Удалить адрес"},{"$i":"delete-bday","$v":"Удалить дату рождения"},{"$i":"delete-photo","$v":"Удалить изображение"},{"$i":"delete-note","$v":"Удалить заметку"},{"$i":"delete-org","$v":"Удалить компанию"},{"$i":"edit-tel-type","$v":"Изменить тип телефона"},{"$i":"edit-email-type","$v":"Изменить тип электронной почты"},{"$i":"edit-adr-type","$v":"Изменить тип адреса"},{"$i":"edit-bday-type","$v":"Изменить дату рождения"},{"$i":"replace-photo","$v":"Изменить изображение"},{"$i":"replace-ringtone","$v":"Изменить мелодию"},{"$i":"mobile-tel","$v":"Мобильный телефон"},{"$i":"home-tel","$v":"Домашний телефон"},{"$i":"work-tel","$v":"Рабочий номер телефона"},{"$i":"personal-tel","$v":"Личный номер телефона"},{"$i":"fax-home-tel","$v":"Домашний Факс"},{"$i":"fax-office-tel","$v":"Рабочий Факс"},{"$i":"fax-other-tel","$v":"Дополнительный Факс"},{"$i":"other-tel","$v":"Дополнительный номер телефона"},{"$i":"personal-email","$v":"Личный e-mail"},{"$i":"work-email","$v":"Рабочий e-mail"},{"$i":"other-email","$v":"Дополнительный e-mail"},{"$i":"custom-email","$v":[{"t":"idOrVar","v":"type"}," e-mail"]},{"$i":"custom-tel","$v":[{"t":"idOrVar","v":"type"}," телефон"]},{"$i":"personal-adr","$v":"Личный адрес"},{"$i":"current-adr","$v":"Текущий адрес"},{"$i":"home-adr","$v":"Домашний адрес"},{"$i":"work-adr","$v":"Рабочий адрес"},{"$i":"custom-adr","$v":[{"t":"idOrVar","v":"type"}," адрес"]},{"$i":"bday","$v":"День рождения"},{"$i":"birthday","$v":"День рождения"},{"$i":"streetAddress","$v":"Улица"},{"$i":"locality","$v":"Город"},{"$i":"postalCode","$v":"Почтовый индекс"},{"$i":"countryName","$v":"Страна"},{"$i":"region","$v":"Область"},{"$i":"no-name","$v":"Имя отсутствует"},{"$i":"new-contact","$v":"Новые"},{"$i":"options","$v":"Опции"},{"$i":"cancel","$v":"Отмена"},{"$i":"settings","$v":"Настройки"},{"$i":"edit","$v":"Изменить"},{"$i":"share","$v":"Отправить"},{"$i":"remove","$v":"Удалить"},{"$i":"compose","$v":"Новое письмо"},{"$i":"new-contact-title","$v":"Новый Контакт"},{"$i":"edit-title","$v":"Изменить Контакт"},{"$i":"music","$v":"Музыка"},{"$i":"adr-type","$v":"Тип адреса"},{"$i":"email-type","$v":"Тип электронной почты"},{"$i":"tel-type","$v":"Тип телефона"},{"$i":"ICEContactsGroup","$v":"Важные Контакты"},{"$i":"setICEButton","$v":"Задать Важные Контакты"},{"$i":"ICESettingTitle","$v":"Важные Контакты"},{"$i":"ICEDescription","$v":"Добавьте пять контактов для вызовов «В случае чрезвычайной ситуации»."},{"$i":"ICEContact","$v":["Важный Контакт  ",{"t":"idOrVar","v":"n"}]},{"$i":"ICESelectContact","$v":"Добавить контакт"},{"$i":"delete-ice-contact-warning","$v":"Вы уверены, что хотите удалить Важный контакт?"},{"$i":"confirm","$v":"Подтверждение"},{"$i":"add-ice-failed","$v":"Не удалось добавить экстренный контакт"},{"$i":"create-group","$v":"Создать группу"},{"$i":"group-name","$v":"Имя Группы"},{"$i":"group","$v":"Группа"},{"$i":"new-group-created","$v":"Новая группа создана."},{"$i":"create-group-failed","$v":"Ошибка создания группы."},{"$i":"create-group-too-many","$v":["Вы можете создавать только ",{"t":"idOrVar","v":"number"}," групп(ы)."]},{"$i":"create-group-duplicate","$v":"Повторяющееся имя."},{"$i":"rename-group-failed","$v":"Ошибка переименования группы."},{"$i":"new-group","$v":"Новые"},{"$i":"rename","$v":"Переименовать"},{"$i":"duplicate-removed","$v":"Повторяющиеся контакты удалены."},{"$i":"add-to-group","$v":"Добавить в группу"},{"$i":"remove-from-group","$v":"Удалить из группы"},{"$i":"added-to","$v":["Добавить в ",{"t":"idOrVar","v":"group"}]},{"$i":"removed-from","$v":["Удалить из ",{"t":"idOrVar","v":"group"}]},{"$i":"select-group","$v":"Выберите Группу"},{"$i":"rename-group","$v":"Переименовать Группу"},{"$i":"delete-group","$v":["Вы уверены, что хотите удалить ",{"t":"idOrVar","v":"group"},"?"]},{"$i":"unable-add-warn","$v":"Невозможно добавить контакт аккаунта в группу."},{"$i":"edit-contact","$v":"Изменить контакт"},{"$i":"send-message","$v":"Отправить сообщение"},{"$i":"call","$v":"Вызов"},{"$i":"call-sim-1","$v":"Вызов - SIM 1"},{"$i":"call-sim-2","$v":"Вызов - SIM 2"},{"$i":"send-email","$v":"Отправить email"},{"$i":"choose-number","$v":"Выберите Номер"},{"$i":"choose-email-address","$v":"Выберите Адрес Электронной Почты"},{"$i":"delete","$v":"Удалить"},{"$i":"select","$v":"Выбрать"},{"$i":"select-all","$v":"Выбрать все"},{"$i":"select-all2","$v":"Все"},{"$i":"deselect-all","$v":"Снять отметки со всех"},{"$i":"deselect-all2","$v":"Нет"},{"$i":"deselect","$v":"СНЯТЬ"},{"$i":"selected-contacts","$v":{"few":[{"t":"idOrVar","v":"n"}," выбрано"],"many":[{"t":"idOrVar","v":"n"}," выбрано"],"one":[{"t":"idOrVar","v":"n"}," выбрано"],"other":[{"t":"idOrVar","v":"n"}," выбрано"],"two":[{"t":"idOrVar","v":"n"}," выбрано"],"zero":[{"t":"idOrVar","v":"n"}," выбрано"]},"$x":[{"t":"idOrVar","v":"plural"},"n"]},{"$i":"massive-delete","$v":"Удалить контакты"},{"$i":"confirm-contact-delete","$v":["Вы уверены, что хотите удалить контакт \"",{"t":"idOrVar","v":"name"},"\"?"]},{"$i":"DeletedTxt","$v":{"few":[{"t":"idOrVar","v":"n"}," Контактов удалено"],"many":[{"t":"idOrVar","v":"n"}," Контактов удалено"],"one":"1 Контакт удален","other":[{"t":"idOrVar","v":"n"}," Контактов удалено"],"two":[{"t":"idOrVar","v":"n"}," Контактов удалено"],"zero":"Нет Контакта для Удаления"},"$x":[{"t":"idOrVar","v":"plural"},"n"]},{"$i":"DeletingContacts","$v":"Удалить Контакты"},{"$i":"DeletingContactsProgressing","$v":"Удаление контактов"},{"$i":"ContactConfirmDel","$v":{"few":["Удалить ",{"t":"idOrVar","v":"n"}," Контактов? Действие невозможно будет отменить."],"many":["Удалить ",{"t":"idOrVar","v":"n"}," Контактов? Действие невозможно будет отменить."],"one":"Удалить 1 Контакт? Действие невозможно будет отменить.","other":["Удалить ",{"t":"idOrVar","v":"n"}," Контактов? Действие невозможно будет отменить."],"two":["Удалить ",{"t":"idOrVar","v":"n"}," Контактов? Действие невозможно будет отменить."],"zero":"Нет Контакта для Удаления"},"$x":[{"t":"idOrVar","v":"plural"},"n"]},{"$i":"contact-deleted","$v":{"zero":"Нет удаленных контактов","one":"1 контакт удален","few":[{"t":"idOrVar","v":"n"}," контактов удалены"],"many":[{"t":"idOrVar","v":"n"}," контактов удалены"],"other":[{"t":"idOrVar","v":"n"}," контактов удалены"],"two":[{"t":"idOrVar","v":"n"}," контакта удалены"]},"$x":[{"t":"idOrVar","v":"plural"},"n"]},{"$i":"a-contact-deleted","$v":"Контакт удален."},{"$i":"settings-title","$v":"Настройки Контактов"},{"$i":"change-will-update-until-restart","$v":"Изменения будут обновлены при следующем запуске Контактов."},{"$i":"transfer-contacts","$v":"Перенос контактов"},{"$i":"service-number","$v":"Сервисные номера"},{"$i":"no-contacts-found","$v":"Не найдено ни одного совпадения."},{"$i":"search","$v":"Поиск контактов","placeholder":"Поиск контактов"},{"$i":"search-option","$v":"Поиск"},{"$i":"accounts","$v":"Аккаунты"},{"$i":"account","$v":"Аккаунт"},{"$i":"add-account","$v":"Добавить аккаунт"},{"$i":"add-account-failed","$v":"Произошла неизвестная ошибка, повторите попытку позже."},{"$i":"duplicate-account-warn","$v":"Аккаунт уже существует. Синхронизация включена."},{"$i":"setting-up-account","$v":"Настройка аккаунта"},{"$i":"no-network-warn","$v":"Нет подключения к Интернету."},{"$i":"username","$v":"Имя пользователя"},{"$i":"password","$v":"Пароль"},{"$i":"delete-account","$v":"Удалить Аккаунт"},{"$i":"delete-account-long","$v":"Удалить Аккаунт"},{"$i":"delete-account-warn","$v":"Если вы удалите этот аккаунт, это также повлияет на приложения, использующие его."},{"$i":"deleting-account","$v":"Удаление аккаунта"},{"$i":"delete-account-failed","$v":"Не удалось удалить аккаунт, повторите попытку позже."},{"$i":"delete-account-ok","$v":"Аккаунт удалён."},{"$i":"sync","$v":"Синхронизация"},{"$i":"sync-title","$v":"Синхронизация Контактов"},{"$i":"sync-failed-warn","$v":"Не удалось синхронизировать."},{"$i":"sync-off-warn","$v":"Синхронизация отключена в Настройках."},{"$i":"show-account-contacts","$v":"Показать контакты аккаунта"},{"$i":"sync-account-contacts","$v":"Синхронизировать контакты аккаунта"},{"$i":"sync-account-contacts-warning","$v":["Любое изменение контактов аккаунта не будет синхронизироваться с облаком, когда снят флажок \"",{"t":"idOrVar","v":"switch"},"\". Хотите снять этот флажок?"]},{"$i":"yes","$v":"Да"},{"$i":"all-contacts-synced","$v":"Все контакты синхронизированы."},{"$i":"contact-syncing","$v":"Синхронизация Контактов…"},{"$i":"contacts-sync-limit-exceed","$v":"Синхронизация контактов не завершена из-за превышения лимита контактов."},{"$i":"show-password","$v":"Показать пароль"},{"$i":"password-incorrect","$v":"Неверный пароль."},{"$i":"re-enter-password","$v":"Введите Повторно Пароль"},{"$i":"accessing-warn","$v":"Возникла проблема с доступом к вашему аккаунту."},{"$i":"accessing-warn-password","$v":"Пожалуйста, введите пароль ещё раз."},{"$i":"re-enter-password-on-setting","$v":"Пожалуйста, введите пароль ещё раз в настройках Контактов."},{"$i":"accessing-warn-relogin","$v":"Пожалуйста, удалите аккаунт и войдите снова."},{"$i":"update-password-failed","$v":"Не удалось обновить пароль, повторите попытку позже."},{"$i":"connect-time-out","$v":["Невозможно установить соединение с \"",{"t":"idOrVar","v":"server"},"\". Возможно проблема с сетью."]},{"$i":"server-error","$v":"Сервер недоступен. Пожалуйста, повторите попытку позже."},{"$i":"loading","$v":"Загрузка..."},{"$i":"ellipsis","$v":"..."},{"$i":"stop-syncing-warn-title","$v":"Синхронизация контактов"},{"$i":"stop-syncing-warn","$v":"Закрытие приложения остановит процесс синхронизации контактов. Всё равно закрыть?"},{"$i":"weekday-0-long","$v":"Воскресенье"},{"$i":"weekday-1-long","$v":"Понедельник"},{"$i":"weekday-2-long","$v":"Вторник"},{"$i":"weekday-3-long","$v":"Среда"},{"$i":"weekday-4-long","$v":"Четверг"},{"$i":"weekday-5-long","$v":"Пятница"},{"$i":"weekday-6-long","$v":"Суббота"},{"$i":"weekday-0-short","$v":"Вс"},{"$i":"weekday-1-short","$v":"Пн"},{"$i":"weekday-2-short","$v":"Вт"},{"$i":"weekday-3-short","$v":"Ср"},{"$i":"weekday-4-short","$v":"Чт"},{"$i":"weekday-5-short","$v":"Пт"},{"$i":"weekday-6-short","$v":"Сб"},{"$i":"month-0-long","$v":"Январь"},{"$i":"month-1-long","$v":"Февраль"},{"$i":"month-2-long","$v":"Март"},{"$i":"month-3-long","$v":"Апрель"},{"$i":"month-4-long","$v":"Май"},{"$i":"month-5-long","$v":"Июнь"},{"$i":"month-6-long","$v":"Июль"},{"$i":"month-7-long","$v":"Август"},{"$i":"month-8-long","$v":"Сентябрь"},{"$i":"month-9-long","$v":"Октябрь"},{"$i":"month-10-long","$v":"Ноябрь"},{"$i":"month-11-long","$v":"Декабрь"},{"$i":"month-0-genitive","$v":"Январь"},{"$i":"month-1-genitive","$v":"Февраль"},{"$i":"month-2-genitive","$v":"Март"},{"$i":"month-3-genitive","$v":"Апрель"},{"$i":"month-4-genitive","$v":"Май"},{"$i":"month-5-genitive","$v":"Июнь"},{"$i":"month-6-genitive","$v":"Июль"},{"$i":"month-7-genitive","$v":"Август"},{"$i":"month-8-genitive","$v":"Сентябрь"},{"$i":"month-9-genitive","$v":"Октябрь"},{"$i":"month-10-genitive","$v":"Ноябрь"},{"$i":"month-11-genitive","$v":"Декабрь"},{"$i":"month-0-short","$v":"Янв"},{"$i":"month-1-short","$v":"Фев"},{"$i":"month-2-short","$v":"Мар"},{"$i":"month-3-short","$v":"Апр"},{"$i":"month-4-short","$v":"Май"},{"$i":"month-5-short","$v":"Июн"},{"$i":"month-6-short","$v":"Июл"},{"$i":"month-7-short","$v":"Авг"},{"$i":"month-8-short","$v":"Сен"},{"$i":"month-9-short","$v":"Окт"},{"$i":"month-10-short","$v":"Ноя"},{"$i":"month-11-short","$v":"Дек"},{"$i":"minutes-ago-long","$v":{"few":[{"t":"idOrVar","v":"value"}," минут назад"],"many":[{"t":"idOrVar","v":"value"}," минут назад"],"other":[{"t":"idOrVar","v":"value"}," минут назад"],"two":[{"t":"idOrVar","v":"value"}," минут назад"],"one":"минуту назад","zero":"Сейчас"},"$x":[{"t":"idOrVar","v":"plural"},"value"]},{"$i":"hours-ago-long","$v":{"few":[{"t":"idOrVar","v":"value"}," часов назад"],"many":[{"t":"idOrVar","v":"value"}," часов назад"],"other":[{"t":"idOrVar","v":"value"}," часов назад"],"two":[{"t":"idOrVar","v":"value"}," часов назад"],"one":"час назад","zero":"Сейчас"},"$x":[{"t":"idOrVar","v":"plural"},"value"]},{"$i":"days-ago-long","$v":{"few":[{"t":"idOrVar","v":"value"}," дней назад"],"many":[{"t":"idOrVar","v":"value"}," дней назад"],"one":"вчера","other":[{"t":"idOrVar","v":"value"}," дней назад"],"two":[{"t":"idOrVar","v":"value"}," дней назад"],"zero":"сегодня"},"$x":[{"t":"idOrVar","v":"plural"},"value"]},{"$i":"weeks-ago-long","$v":{"few":[{"t":"idOrVar","v":"value"}," недель назад"],"many":[{"t":"idOrVar","v":"value"}," недель назад"],"one":"последняя неделя","other":[{"t":"idOrVar","v":"value"}," недель назад"],"two":[{"t":"idOrVar","v":"value"}," недель назад"],"zero":"эта неделя"},"$x":[{"t":"idOrVar","v":"plural"},"value"]},{"$i":"months-ago-long","$v":{"few":[{"t":"idOrVar","v":"value"}," месяцев назад"],"many":[{"t":"idOrVar","v":"value"}," месяцев назад"],"one":"прошлый месяц","other":[{"t":"idOrVar","v":"value"}," месяцев назад"],"two":[{"t":"idOrVar","v":"value"}," месяцев назад"],"zero":"этот месяц"},"$x":[{"t":"idOrVar","v":"plural"},"value"]},{"$i":"years-ago-long","$v":{"few":[{"t":"idOrVar","v":"value"}," лет назад"],"many":[{"t":"idOrVar","v":"value"}," лет назад"],"one":"прошлый год","other":[{"t":"idOrVar","v":"value"}," лет назад"],"two":[{"t":"idOrVar","v":"value"}," лет назад"],"zero":"этот год"},"$x":[{"t":"idOrVar","v":"plural"},"value"]},{"$i":"minutes-until-long","$v":{"few":["через ",{"t":"idOrVar","v":"value"}," минут"],"many":["через ",{"t":"idOrVar","v":"value"}," минут"],"other":["через ",{"t":"idOrVar","v":"value"}," минут"],"two":["через ",{"t":"idOrVar","v":"value"}," минут"],"zero":"сейчас","one":"через минуту"},"$x":[{"t":"idOrVar","v":"plural"},"value"]},{"$i":"hours-until-long","$v":{"few":["через ",{"t":"idOrVar","v":"value"}," часов"],"many":["через ",{"t":"idOrVar","v":"value"}," часов"],"other":["через ",{"t":"idOrVar","v":"value"}," часов"],"two":["через ",{"t":"idOrVar","v":"value"}," часов"],"zero":"сейчас","one":"через  час"},"$x":[{"t":"idOrVar","v":"plural"},"value"]},{"$i":"days-until-long","$v":{"few":["через ",{"t":"idOrVar","v":"value"}," дней"],"many":["через ",{"t":"idOrVar","v":"value"}," дней"],"one":"завтра","other":["через ",{"t":"idOrVar","v":"value"}," дней"],"two":["через ",{"t":"idOrVar","v":"value"}," дней"],"zero":"сегодня"},"$x":[{"t":"idOrVar","v":"plural"},"value"]},{"$i":"weeks-until-long","$v":{"few":["через ",{"t":"idOrVar","v":"value"}," нед."],"many":["через ",{"t":"idOrVar","v":"value"}," нед."],"one":"следующая неделя","other":["через ",{"t":"idOrVar","v":"value"}," нед."],"two":["через ",{"t":"idOrVar","v":"value"}," нед."],"zero":"эта неделя"},"$x":[{"t":"idOrVar","v":"plural"},"value"]},{"$i":"months-until-long","$v":{"few":["через ",{"t":"idOrVar","v":"value"}," мес."],"many":["через ",{"t":"idOrVar","v":"value"}," мес."],"one":"в следующем месяце","other":["через ",{"t":"idOrVar","v":"value"}," мес."],"two":["через ",{"t":"idOrVar","v":"value"}," мес."],"zero":"этот месяц"},"$x":[{"t":"idOrVar","v":"plural"},"value"]},{"$i":"years-until-long","$v":{"few":["через ",{"t":"idOrVar","v":"value"}," лет"],"many":["через ",{"t":"idOrVar","v":"value"}," лет"],"one":"следующий год","other":["через ",{"t":"idOrVar","v":"value"}," лет"],"two":["через ",{"t":"idOrVar","v":"value"}," лет"],"zero":"этот год"},"$x":[{"t":"idOrVar","v":"plural"},"value"]},{"$i":"minutes-ago-short","$v":{"other":[{"t":"idOrVar","v":"value"}," мин назад"],"zero":"Сейчас"},"$x":[{"t":"idOrVar","v":"plural"},"value"]},{"$i":"hours-ago-short","$v":{"other":[{"t":"idOrVar","v":"value"}," ч назад"],"zero":"Сейчас"},"$x":[{"t":"idOrVar","v":"plural"},"value"]},{"$i":"days-ago-short","$v":{"other":[{"t":"idOrVar","v":"value"}," д назад"],"zero":"сегодня"},"$x":[{"t":"idOrVar","v":"plural"},"value"]},{"$i":"minutes-until-short","$v":{"other":["через ",{"t":"idOrVar","v":"value"}," мин"],"zero":"сейчас"},"$x":[{"t":"idOrVar","v":"plural"},"value"]},{"$i":"hours-until-short","$v":{"other":["через ",{"t":"idOrVar","v":"value"}," ч"],"zero":"сейчас"},"$x":[{"t":"idOrVar","v":"plural"},"value"]},{"$i":"days-until-short","$v":{"other":["через ",{"t":"idOrVar","v":"value"}," д"],"zero":"сегодня"},"$x":[{"t":"idOrVar","v":"plural"},"value"]},{"$i":"incorrectDate","$v":"(неверная дата)"},{"$i":"dateTimeFormat_%c","$v":"%a %b %e %Y %I:%M:%S %p"},{"$i":"dateTimeFormat_%x","$v":"%m/%d/%Y"},{"$i":"dateTimeFormat_%X","$v":"%I:%M:%S %p"},{"$i":"shortTimeFormat","$v":"%I:%M %p"},{"$i":"shortTimeFormat12","$v":"%I:%M %p"},{"$i":"shortTimeFormat24","$v":"%H:%M"},{"$i":"shortDateTimeFormat","$v":"%x %I:%M %p"},{"$i":"weekStartsOnMonday","$v":"0.0"},{"$i":"firstDayOfTheWeek","$v":"1.0"},{"$i":"time_am","$v":"AM"},{"$i":"time_pm","$v":"PM"},{"$i":"sim-with-index-and-carrier","$v":["SIM ",{"t":"idOrVar","v":"index"}," - ",{"t":"idOrVar","v":"carrier"}]},{"$i":"sim-without-carrier","$v":["SIM ",{"t":"idOrVar","v":"index"}]}]