[{"$i":"contacts","$v":"Kontakty"},{"$i":"view","$v":"Zobraziť"},{"$i":"no-contacts","$v":"Žiadne kontakty."},{"$i":"reading-contacts","$v":"Prebieha načítanie kontaktov"},{"$i":"start-adding","$v":"Ak chcete pridať kontakty, stlačte Nový alebo prejdite na Nastavenia."},{"$i":"no-contact-available","$v":"Nie je dostupný žiadny kontakt"},{"$i":"requested-contact-not-available","$v":"Požadované informácie nie sú k dispozícii o existujúcich kontaktoch."},{"$i":"cannot-add-as-empty","$v":"Nemožno pridať do kont. – zozn. kont. prázdny"},{"$i":"ok","$v":"OK"},{"$i":"no-phone-number-to-dial","$v":"Žiadne tel. č. na vytočenie"},{"$i":"video-call","$v":"Videohovor"},{"$i":"rtt-call","$v":"RTT hovor"},{"$i":"select-a-contact","$v":"Vybrať kontakt"},{"$i":"multi-pick-max-warn","$v":["Max. zvolený počet je ",{"t":"idOrVar","v":"n"}]},{"$i":"add-contact-failed","$v":"Pridanie kontaktu zlyhalo"},{"$i":"no-sim-card-available","$v":"Žiadna dostupná SIM karta"},{"$i":"email-cannot-add-to-sim","$v":"Aktuálny výber pamäte nepodporuje e-mail."},{"$i":"add-info-failed","$v":"Pridanie informácií zlyhalo"},{"$i":"no-contact-to-add","$v":"Nie je k dispozícii žiadny kontakt na pridanie."},{"$i":"move","$v":"Presunúť"},{"$i":"copy","$v":"Kopírovať"},{"$i":"copy-contacts","$v":"Kopírovať kontakty"},{"$i":"move-contacts","$v":"Presunúť kontakty"},{"$i":"phone-memory","$v":"Pamäť telefónu"},{"$i":"sim-memory","$v":"Pamäť SIM"},{"$i":"sim-0-memory","$v":"Pamäť SIM 1"},{"$i":"sim-1-memory","$v":"Pamäť SIM 2"},{"$i":"move-from","$v":"Presunúť z"},{"$i":"copy-from","$v":"Kopírovať z"},{"$i":"to","$v":"Komu"},{"$i":"move-contacts-progressing","$v":"Prebieha presúvanie kontaktov..."},{"$i":"copy-contacts-progressing","$v":"Prebieha kopírovanie kontaktov..."},{"$i":"contact-move-to-sim","$v":{"few":["Počet kontaktov presunutých na SIM kartu: ",{"t":"idOrVar","v":"migrated"}],"many":["Počet kontaktov presunutých na SIM kartu: ",{"t":"idOrVar","v":"migrated"}],"one":"1 kontakt presunutý na SIM kartu.","other":["Počet kontaktov presunutých na SIM kartu: ",{"t":"idOrVar","v":"migrated"}],"two":["Počet kontaktov presunutých na SIM kartu: ",{"t":"idOrVar","v":"migrated"}],"zero":"Žiadne kontakty sa nepresunuli na SIM kartu."},"$x":[{"t":"idOrVar","v":"plural"},"migrated"]},{"$i":"contact-copy-to-sim","$v":{"few":["Počet kontaktov skopírovaných na SIM kartu: ",{"t":"idOrVar","v":"migrated"}],"many":["Počet kontaktov skopírovaných na SIM kartu: ",{"t":"idOrVar","v":"migrated"}],"one":"1 kontakt skopírovaný na SIM kartu.","other":["Počet kontaktov skopírovaných na SIM kartu: ",{"t":"idOrVar","v":"migrated"}],"two":["Počet kontaktov skopírovaných na SIM kartu: ",{"t":"idOrVar","v":"migrated"}],"zero":"Žiadne kontakty sa neskopírovali na SIM kartu."},"$x":[{"t":"idOrVar","v":"plural"},"migrated"]},{"$i":"contact-move-to-sim0","$v":{"few":["Počet kontaktov presunutých na SIM kartu 1: ",{"t":"idOrVar","v":"migrated"}],"many":["Počet kontaktov presunutých na SIM kartu 1: ",{"t":"idOrVar","v":"migrated"}],"one":"1 kontakt presunutý na SIM kartu 1.","other":["Počet kontaktov presunutých na SIM kartu 1: ",{"t":"idOrVar","v":"migrated"}],"two":["Počet kontaktov presunutých na SIM kartu 1: ",{"t":"idOrVar","v":"migrated"}],"zero":"Žiadne kontakty sa nepresunuli na SIM kartu 1."},"$x":[{"t":"idOrVar","v":"plural"},"migrated"]},{"$i":"contact-copy-to-sim0","$v":{"few":["Počet kontaktov skopírovaných na SIM kartu 1: ",{"t":"idOrVar","v":"migrated"}],"many":["Počet kontaktov skopírovaných na SIM kartu 1: ",{"t":"idOrVar","v":"migrated"}],"one":"1 kontakt skopírovaný na SIM kartu 1.","other":["Počet kontaktov skopírovaných na SIM kartu 1: ",{"t":"idOrVar","v":"migrated"}],"two":["Počet kontaktov skopírovaných na SIM kartu 1: ",{"t":"idOrVar","v":"migrated"}],"zero":"Žiadne kontakty neskopírované na SIM kartu 1."},"$x":[{"t":"idOrVar","v":"plural"},"migrated"]},{"$i":"contact-move-to-sim1","$v":{"few":["Počet kontaktov presunutých na SIM kartu 2: ",{"t":"idOrVar","v":"migrated"}],"many":["Počet kontaktov presunutých na SIM kartu 2: ",{"t":"idOrVar","v":"migrated"}],"one":"1 kontakt presunutý na SIM kartu 2.","other":["Počet kontaktov presunutých na SIM kartu 2: ",{"t":"idOrVar","v":"migrated"}],"two":["Počet kontaktov presunutých na SIM kartu 2: ",{"t":"idOrVar","v":"migrated"}],"zero":"Žiadne kontakty sa nepresunuli na SIM kartu 2."},"$x":[{"t":"idOrVar","v":"plural"},"migrated"]},{"$i":"contact-copy-to-sim1","$v":{"few":["Počet kontaktov skopírovaných na SIM kartu 2: ",{"t":"idOrVar","v":"migrated"}],"many":["Počet kontaktov skopírovaných na SIM kartu 2: ",{"t":"idOrVar","v":"migrated"}],"one":"1 kontakt skopírovaný na SIM kartu 2.","other":["Počet kontaktov skopírovaných na SIM kartu 2: ",{"t":"idOrVar","v":"migrated"}],"two":["Počet kontaktov skopírovaných na SIM kartu 2: ",{"t":"idOrVar","v":"migrated"}],"zero":"Žiadne kontakty neskopírované na SIM kartu 2."},"$x":[{"t":"idOrVar","v":"plural"},"migrated"]},{"$i":"contact-move-to-device","$v":{"one":"1 kontakt bol presunutý do telefónu.","zero":"Do telefónu nebol presunutý žiadny kontakt.","few":["Do telefónu sa presunuli ",{"t":"idOrVar","v":"migrated"}," kontakty."],"many":["Do telefónu sa presunulo ",{"t":"idOrVar","v":"migrated"}," kontaktu."],"other":["Do telefónu sa presunulo ",{"t":"idOrVar","v":"migrated"}," kontaktov."],"two":["Do telefónu sa presunuli ",{"t":"idOrVar","v":"migrated"}," kontakty."]},"$x":[{"t":"idOrVar","v":"plural"},"migrated"]},{"$i":"contact-copy-to-device","$v":{"one":"1 kontakt bol skopírovaný do telefónu.","zero":"Do telefónu nebol skopírovaný žiadny kontakt.","few":["Do telefónu sa skopírovali ",{"t":"idOrVar","v":"migrated"}," kontakty."],"many":["Do telefónu sa skopírovalo ",{"t":"idOrVar","v":"migrated"}," kontaktu."],"other":["Do telefónu sa skopírovalo ",{"t":"idOrVar","v":"migrated"}," kontaktov."],"two":["Do telefónu sa skopírovali ",{"t":"idOrVar","v":"migrated"}," kontakty."]},"$x":[{"t":"idOrVar","v":"plural"},"migrated"]},{"$i":"copy-contact-failed","$v":"Kopírovanie kontaktov zlyhalo"},{"$i":"move-contact-failed","$v":"Presun kontaktov zlyhal"},{"$i":"contact-copy-error-sim-full","$v":"Kopírovanie kontaktov nie je dokončených kvôli SIM karte je plná."},{"$i":"contact-copy-error-unknown","$v":"Kopírovanie kontaktov nebolo dokončené kvôli chybe."},{"$i":"contact-copy-error-limit-exceeded","$v":"Kopírovanie kontaktov nie je dokončené v dôsledku prekročenia limitu kontaktov telefónu."},{"$i":"contact-move-error-sim-full","$v":"Presunutie kontaktov nie je dokončených, pretože karta SIM je plná."},{"$i":"contact-move-error-unknown","$v":"Presunúť kontakty nie je dokončené kvôli chybe."},{"$i":"contact-move-error-limit-exceeded","$v":"Presunutie kontaktov nie je dokončené v dôsledku prekročenia limitu kontaktov telefónu."},{"$i":"contact-save-error-unknown","$v":"Uloženie kontaktu nebolo dokončené kvôli chybe."},{"$i":"memory","$v":"Pamäť"},{"$i":"phone-and-sim","$v":"Telefón a SIM"},{"$i":"phone","$v":"Telef."},{"$i":"sim","$v":"SIM"},{"$i":"reloading-contact","$v":"Opätovné načítanie kontaktov.."},{"$i":"contact-reloaded","$v":"Kontakty sa opätovne načítali"},{"$i":"message","$v":"Správa"},{"$i":"changes-saved","$v":"Zmeny uložené."},{"$i":"already-ice-contact","$v":"Vybraný kontakt už bol nastavený na ICE."},{"$i":"phone-contacts-limit-exceeded","$v":"Prekročený limit kontaktov telefónu."},{"$i":"sim-contacts-limit-exceeded","$v":"Prekročený limit kontaktov SIM karty."},{"$i":"more-info","$v":"Ďalšie"},{"$i":"callAirplaneModeTitle","$v":"Režim Lietadlo zapnutý"},{"$i":"callAirplaneModeMessage","$v":"Ak chcete uskutočniť hovor, vypnite režim Lietadlo v nastaveniach."},{"$i":"emergencyDialogTitle","$v":"Žiad. sieťové pripojenie"},{"$i":"emergencyDialogBodyBadNumber","$v":"Ak chcete uskutočniť hovor, telefón musí byť pripojený k sieti."},{"$i":"emergencyDialogBodyDeviceNotAccepted","$v":"Sieť nepovoľuje núdzové volania."},{"$i":"invalidNumberToDialTitle","$v":"Nepl. tel. číslo"},{"$i":"invalidNumberToDialMessage","$v":"Telefónne číslo, na ktoré voláte, je neplatné."},{"$i":"invalidNumberToSendTitle","$v":"Nepl. tel. číslo"},{"$i":"invalidNumberToSendMessage","$v":"Telefónne číslo, na ktoré píšete, je neplatné."},{"$i":"emergency-call-only","$v":"Len núdzový hovor"},{"$i":"emergency-call-error","$v":[{"t":"idOrVar","v":"number"}," nie je núdzové číslo."]},{"$i":"numberIsBusyTitle","$v":"Číslo je obs."},{"$i":"numberIsBusyMessage","$v":"Číslo je obsadené. Skúste to znova neskôr."},{"$i":"fdnIsActiveTitle","$v":"FDN aktívne"},{"$i":"fdnIsActiveMessage","$v":["Povolené čísla (FDN) sú aktiv. a nasled. číslo nie je v zozname FDN: ",{"t":"idOrVar","v":"number"}]},{"$i":"otherConnectionInUseTitle","$v":"Používa sa iné spojenie"},{"$i":"otherConnectionInUseMessage","$v":"Na inom spojení máte aktívny hovor. Môžete používať len 1 spojenie súčasne."},{"$i":"GenericFailure","$v":"Gener. chyba"},{"$i":"CallFailed","$v":"Hovor zlyhal"},{"$i":"scCallBarring","$v":"Blokovanie h."},{"$i":"scCallForwarding","$v":"Presmer. hov."},{"$i":"scClip","$v":"ID volaj. prich. hov."},{"$i":"scClir","$v":"ID volajúceho odch. h."},{"$i":"scPwd","$v":"Zmena hesla"},{"$i":"scCallWaiting","$v":"Čakanie na h."},{"$i":"scPin","$v":"Zmena k. PIN"},{"$i":"scPin2","$v":"Zmena k. PIN2"},{"$i":"scPuk","$v":"Odblokovať PIN"},{"$i":"scPuk2","$v":"Odblokovať PIN2"},{"$i":"scImei","$v":"IMEI"},{"$i":"scMeid","$v":"MEID"},{"$i":"scUssd","$v":"USSD"},{"$i":"set-speed-dial","$v":"Nast. kontakty rýchlej voľby"},{"$i":"empty","$v":"Prázdne"},{"$i":"voicemail","$v":"Hlasová schránka"},{"$i":"speed-dial","$v":"Rýchla voľba"},{"$i":"add","$v":"Pridať"},{"$i":"replace","$v":"Nahradiť"},{"$i":"remove-from-speed-dial","$v":"Odstrániť z rýchlej voľby"},{"$i":"custom-dialog-replace-speed-dial","$v":["Naozaj chcete nahradiť rýchlu voľbu ",{"t":"idOrVar","v":"oldSpeedDial"}," s ",{"t":"idOrVar","v":"newSpeedDial"},"?"]},{"$i":"custom-dialog-remove-speed-dial","$v":["Naozaj chcete odstrániť ",{"t":"idOrVar","v":"name"}," z rýchlej voľby?"]},{"$i":"speed-dial-added","$v":"Č. rýchlej voľby pridané."},{"$i":"speed-dial-removed","$v":"Č. rýchlej voľby odstránené."},{"$i":"speed-dial-replaced","$v":"Č. rýchlej voľby aktualizované."},{"$i":"voice-mail","$v":"Hlasová pošta"},{"$i":"voice-mail-number","$v":["Číslo hlasovej schránky – SIM ",{"t":"idOrVar","v":"n"}]},{"$i":"voice-mail-number-single","$v":"Číslo hlasovej schránky"},{"$i":"voice-mail-number-updated","$v":"Číslo hlasovej schránky bolo aktualizované"},{"$i":"found-duplicates-message","$v":"Nasled. kontakty obsahujú duplicitné informácie. Chcete ich zlúčiť?"},{"$i":"confirm-to-merge-contacts","$v":["Naozaj chcete zlúčiť kontakty (",{"t":"idOrVar","v":"n"},") s ",{"t":"idOrVar","v":"name"},"?"]},{"$i":"contact-merged","$v":"Kontakt zlúčený"},{"$i":"find-duplicate-contacts","$v":"Nájsť dupl. kontakty"},{"$i":"no-duplicate-contact-found","$v":"Žiadne nájd. dupl. kontakty"},{"$i":"merge","$v":"Zlúčiť"},{"$i":"find-dup","$v":"Nájsť dupl. kontakty"},{"$i":"find-dup-title","$v":"Nájsť dupl. kontakty"},{"$i":"finding-dup-message","$v":"Hľadanie dupl. kontaktov..."},{"$i":"dup-found-title","$v":"Našli sa duplikáty"},{"$i":"dup-found-message","$v":"Nasledovné kontakty obsahujú duplicitné informácie. Chcete ich zlúčiť?"},{"$i":"no-dup-found","$v":"Nenašli sa žiadne duplicity"},{"$i":"merge-conflict-warn","$v":["Nasledovné informácie prepíše ",{"t":"idOrVar","v":"name"},":"]},{"$i":"merge-conflict-confirm","$v":"Naozaj chcete zlúčiť kontakty?"},{"$i":"add-favorite","$v":"Pridať ako obľúb."},{"$i":"remove-favorite","$v":"Zrušiť obľúb."},{"$i":"favorite-contacts","$v":"Obľúbené"},{"$i":"add-block","$v":"Blokovať toto číslo"},{"$i":"remove-block","$v":"Odblokovať toto číslo"},{"$i":"add-block-email","$v":"Blokovať tento e-mail"},{"$i":"remove-block-email","$v":"Odblokujte tento e-mail"},{"$i":"add-block-contact-warning","$v":"Od ľudí v zozname blokovania nebudete prijímať hovory a správy."},{"$i":"add-block-email-warning","$v":"Z tejto e-mailovej adresy nebudete dostávať správy."},{"$i":"block","$v":"Zablokovať"},{"$i":"unblock","$v":"odblokovať"},{"$i":"block-contacts","$v":"Blokovať kontakty"},{"$i":"add-block-header","$v":"Pridať číslo na blokovanie"},{"$i":"remove-block-alert","$v":"Odstránené z blokovaných kontaktov."},{"$i":"duplicate-block-number","$v":"Nemožno pridať duplicitné číslo."},{"$i":"sort-contacts","$v":"Zoradiť kontakty"},{"$i":"sort-by-first-name","$v":"Zoradiť podľa mena"},{"$i":"sort-by-last-name","$v":"Zoradiť podľa priezviska"},{"$i":"no-support-open-multi-vcard","$v":"Nemožno otvoriť vCard s viac. kontaktmi"},{"$i":"import","$v":"Importovať"},{"$i":"sdcard","$v":"Pam. karta"},{"$i":"simcard","$v":"SIM karta"},{"$i":"import-contacts","$v":"Import. kontakty"},{"$i":"simContacts-error","$v":"Nepod. sa import. kont. zo SIM karty"},{"$i":"memoryCardContacts-error","$v":"Nepodarilo sa import. kontakty z pam. karty"},{"$i":"novCardFiles","$v":"Na pamäťovej karte nie je k dispozícii žiadny súbor kontaktov."},{"$i":"fullDiskSpace-error","$v":"Úložisko je plné, nie je možné importovať kontakty."},{"$i":"socialServiceContacts-error","$v":["Nemožno importovať kontakty zo služby ",{"t":"idOrVar","v":"service"},"."]},{"$i":"socialServiceContacts-noNetwork","$v":["Nemáte internetové pripojenie, nemôžete importovať kontakty zo služby ",{"t":"idOrVar","v":"service"},"."]},{"$i":"simContacts-reading","$v":"Čítanie kontakt. zo SIM karty..."},{"$i":"memoryCardContacts-reading","$v":"Čítanie kontakt. z pam. karty..."},{"$i":"importContactsTitle","$v":"Import. kontakty"},{"$i":"retry","$v":"Opak."},{"$i":"noSimMsg","$v":"Pre import kont. vložte alebo odomknite kartu SIM"},{"$i":"noSdcardMsg","$v":"Pre import kontaktov vložte pam. kartu"},{"$i":"not-imported","$v":"Neimportované"},{"$i":"imported","$v":"Importov."},{"$i":"importing","$v":"Importovanie"},{"$i":"contact-imported","$v":["Importované kontakty: ",{"t":"idOrVar","v":"imported"},". Zlúčené kontakty: ",{"t":"idOrVar","v":"dupes"},"."]},{"$i":"contact-imported2","$v":{"one":"Importovaný 1 kontakt.","zero":"Nebol importovaný žiadny kontakt.","few":["Importovali sa ",{"t":"idOrVar","v":"imported"}," kontakty."],"many":["Importovalo sa ",{"t":"idOrVar","v":"imported"}," kontaktu."],"other":["Importovalo sa ",{"t":"idOrVar","v":"imported"}," kontaktov."],"two":["Importovali sa ",{"t":"idOrVar","v":"imported"}," kontakty."]},"$x":[{"t":"idOrVar","v":"plural"},"imported"]},{"$i":"reading-contacts-from-sim","$v":"Čítanie kontaktov zo SIM karty..."},{"$i":"reading-contacts-from-gmail","$v":"Čítanie kontaktov z Gmailu..."},{"$i":"reading-contacts-from-live","$v":"Čítanie kontaktov z Outlooku..."},{"$i":"reading-contacts-from-sd","$v":"Čítanie kontakt. z pam. karty..."},{"$i":"reading-contacts-from-vcard","$v":"Čítanie kontaktov zo súboru..."},{"$i":"importing-contacts-from-sim","$v":"Importovanie kontaktov zo SIM karty..."},{"$i":"importing-contacts-from-gmail","$v":"Importovanie kontaktov z Gmailu..."},{"$i":"importing-contacts-from-live","$v":"Importovanie kontaktov z Outlooku..."},{"$i":"importing-contacts-from-sd","$v":"Importovanie kontakt. z pam. karty..."},{"$i":"importing-contacts-from-vcard","$v":"Importovanie kontaktov zo súboru..."},{"$i":"connect-network-to-import","$v":"Pre import kontaktov sa pripojte k Wi-Fi alebo dát. sieti"},{"$i":"importing-confirm","$v":["Importovať ",{"t":"idOrVar","v":"n"}," kont. zo súboru ",{"t":"idOrVar","v":"fileName"},"?"]},{"$i":"importing-cancel-confirm","$v":"0.0"},{"$i":"import-contact-failed","$v":"Import kontaktov zlyhal"},{"$i":"phone-storage-full","$v":"Úložisko tel. je plné."},{"$i":"import-contact-storage-full","$v":"Nepodarilo sa importovať kontakty. Vymažte údaje aplikácií na uvoľnenie miesta."},{"$i":"contact-import-error-disk-full","$v":"Importovanie kontaktov nie je dokončené z dôvodu nedostatku miesta na úložisku. Odstráňte údaje aplikácie, aby ste uvoľnili miesto."},{"$i":"contact-import-error-sim-full","$v":"Importovanie kontaktov sa nedokončilo, pretože SIM karta je plná."},{"$i":"contact-import-error-unknown","$v":"Import kontaktov je neúplný z dôvodu chyby."},{"$i":"import-contacts-canceled","$v":"0.0"},{"$i":"close","$v":"Zavrieť"},{"$i":"import-process-cancel","$v":"Proces importu bol zrušený."},{"$i":"import-limit-header","$v":"Bol prekročený limit veľkosti súboru"},{"$i":"inner-import-limit-content","$v":"Akákoľvek veľkosť súboru kontaktov presahujúca 10 MB nebola importovaná."},{"$i":"activity-import-limit-contact","$v":"Importovanie kontaktov zlyhalo z dôvodu prekročenia limitu veľkosti súboru."},{"$i":"activity-import-limit-additional","$v":"(Veľkosť súboru musí byť menšia ako 10 MB.)"},{"$i":"bluetooth","$v":"Bluetooth"},{"$i":"export","$v":"Exportovať"},{"$i":"export-contacts","$v":"Exportovať kontakty"},{"$i":"simExport-title","$v":"Exportovať na SIM"},{"$i":"memoryCardExport-title","$v":"Exportuje sa na pamäťovú kartu ..."},{"$i":"btExport-title","$v":"Exportovať do Bluetooth"},{"$i":"noSimMsgExport","$v":"Pre export kontaktov vložte alebo odomknite kartu SIM"},{"$i":"noSdcardExport","$v":"Pre export kontaktov vložte pamäťovú kartu."},{"$i":"bluetoothNoConnection","$v":"Pre export kontaktov pripojte zariadenie s Bluetooth."},{"$i":"contact-exported","$v":["Exportované kontakty: ",{"t":"idOrVar","v":"exported"},"."]},{"$i":"contact-exported2","$v":{"zero":"Žiadny kontakt nebol exportovaný.","one":"Exportovaný 1 kontakt.","few":["Exportovali sa ",{"t":"idOrVar","v":"exported"}," kontakty."],"many":["Exportovalo sa ",{"t":"idOrVar","v":"exported"}," kontaktu."],"other":["Exportovalo sa ",{"t":"idOrVar","v":"exported"}," kontaktov."],"two":["Exportovali sa ",{"t":"idOrVar","v":"exported"}," kontakty."]},"$x":[{"t":"idOrVar","v":"plural"},"exported"]},{"$i":"export-contact-failed","$v":"Exportovanie kontaktov zlyhalo"},{"$i":"contact-export-error-sim-full","$v":"Exportovanie kontaktov nebolo dokončené, pretože SIM karta je plná."},{"$i":"contact-export-error-sd-full","$v":"Exportné kontakty, ktoré neboli dokončené kvôli pamäťovej karte, sú plné."},{"$i":"contact-export-error-unknown","$v":"Export kontaktov nebol dokončený kvôli chybe."},{"$i":"contact-export-canceled","$v":"Exportovanie bolo zrušené."},{"$i":"save","$v":"Uložiť"},{"$i":"back","$v":"Späť"},{"$i":"givenName","$v":"Meno"},{"$i":"familyName","$v":"Priezvisko"},{"$i":"name","$v":"Názov"},{"$i":"org","$v":"Spoločnosť"},{"$i":"ringtone","$v":"Zvonenie"},{"$i":"note","$v":"Pozn."},{"$i":"photo","$v":"obrázok"},{"$i":"email","$v":"E-mail"},{"$i":"adr","$v":"Adresa"},{"$i":"custom","$v":"Vlastné"},{"$i":"confirm-discard-contact-data","$v":"Inf. kontaktu sa zahodia. Chcete tento kontakt uložiť?"},{"$i":"confirm-discard-contact-update-data","$v":"Zmeny sa zahodia. Chcete tento kontakt uložiť?"},{"$i":"discard-contact-data","$v":"Zmeny sa zahodia."},{"$i":"discard","$v":"Zahodiť"},{"$i":"add-others","$v":"Pridať iných"},{"$i":"custom-label","$v":"Vlastný štítok"},{"$i":"input-the-custom-type","$v":"Zadajte vlastný typ"},{"$i":"contact-added","$v":"Kontakt pridaný."},{"$i":"delete-prompt-message","$v":["Vymazať ",{"t":"idOrVar","v":"field"},"?"]},{"$i":"delete-photo-msg","$v":"obrázok"},{"$i":"delete-ringtone-msg","$v":"Zvonenie"},{"$i":"delete-bday-msg","$v":"Narodeniny"},{"$i":"delete-note-msg","$v":"Poznámka"},{"$i":"delete-org-msg","$v":"Spoločnosť"},{"$i":"personal","$v":"Osobné"},{"$i":"mobile","$v":"Mobilný"},{"$i":"current","$v":"Aktuálne"},{"$i":"home","$v":"Domov"},{"$i":"work","$v":"Práca"},{"$i":"other","$v":"Iné"},{"$i":"fax-home","$v":"Fax (domov)"},{"$i":"fax-office","$v":"Fax (práca)"},{"$i":"fax-other","$v":"Iný fax"},{"$i":"add-phone","$v":"Pridať telefón"},{"$i":"add-tel","$v":"Pridať telefón"},{"$i":"add-email","$v":"Pridať e-mail"},{"$i":"add-ringtone","$v":"Pridať zvonenie"},{"$i":"add-adr","$v":"Pridať adresu"},{"$i":"add-bday","$v":"Pridať narodeniny"},{"$i":"add-photo","$v":"Pridať obrázok"},{"$i":"add-note","$v":"Pridať poznámku"},{"$i":"add-org","$v":"Pridať spoločnosť"},{"$i":"add-tel-number","$v":"Pridať telefónne číslo"},{"$i":"delete-tel","$v":"Vymazať telefónne číslo"},{"$i":"delete-email","$v":"Vymazať e-mail"},{"$i":"delete-ringtone","$v":"Vymazať zvonenie"},{"$i":"delete-adr","$v":"Vymazať adresu"},{"$i":"delete-bday","$v":"Vymazať dát. narodenia"},{"$i":"delete-photo","$v":"Odstrániť obrázok"},{"$i":"delete-note","$v":"Vymazať poznámku"},{"$i":"delete-org","$v":"Vymazať spoločnosť"},{"$i":"edit-tel-type","$v":"Upraviť typ telefónu"},{"$i":"edit-email-type","$v":"Upraviť typ e-mailu"},{"$i":"edit-adr-type","$v":"Upraviť typ adresy"},{"$i":"edit-bday-type","$v":"Upraviť dátum narod."},{"$i":"replace-photo","$v":"Zmeniť fotogr."},{"$i":"replace-ringtone","$v":"Zmeniť zvonenie"},{"$i":"mobile-tel","$v":"Mob. telefón"},{"$i":"home-tel","$v":"Telefón (domov)"},{"$i":"work-tel","$v":"Pracovný telefón"},{"$i":"personal-tel","$v":"Osobný telefón"},{"$i":"fax-home-tel","$v":"Fax (domov)"},{"$i":"fax-office-tel","$v":"Fax (práca)"},{"$i":"fax-other-tel","$v":"Iný fax"},{"$i":"other-tel","$v":"Iný telefón"},{"$i":"personal-email","$v":"Osobný e-mail"},{"$i":"work-email","$v":"Pracovný e-mail"},{"$i":"other-email","$v":"Iný e-mail"},{"$i":"custom-email","$v":[{"t":"idOrVar","v":"type"}," e-mail"]},{"$i":"custom-tel","$v":["Telefón: ",{"t":"idOrVar","v":"type"}]},{"$i":"personal-adr","$v":"Osobná adresa"},{"$i":"current-adr","$v":"Aktuálna adresa"},{"$i":"home-adr","$v":"Dom. adresa"},{"$i":"work-adr","$v":"Pracovná adresa"},{"$i":"custom-adr","$v":["Adresa: ",{"t":"idOrVar","v":"type"}]},{"$i":"bday","$v":"Narodeniny"},{"$i":"birthday","$v":"Narodeniny"},{"$i":"streetAddress","$v":"Ulica"},{"$i":"locality","$v":"Mesto"},{"$i":"postalCode","$v":"PSČ"},{"$i":"countryName","$v":"Krajina"},{"$i":"region","$v":"Štát"},{"$i":"no-name","$v":"Žiad. meno"},{"$i":"new-contact","$v":"Nový kontakt"},{"$i":"options","$v":"Možnosti"},{"$i":"cancel","$v":"Zrušiť"},{"$i":"settings","$v":"Nastavenia"},{"$i":"edit","$v":"Upraviť"},{"$i":"share","$v":"Zdieľať"},{"$i":"remove","$v":"Odobrať"},{"$i":"compose","$v":"Napísať"},{"$i":"new-contact-title","$v":"Nový kontakt"},{"$i":"edit-title","$v":"Upr. kontakt"},{"$i":"music","$v":"Hudba"},{"$i":"adr-type","$v":"typ adresy"},{"$i":"email-type","$v":"Typ e-mailu"},{"$i":"tel-type","$v":"Typ telefónu"},{"$i":"ICEContactsGroup","$v":"Tiesň. kontakty"},{"$i":"setICEButton","$v":"Nastaviť tiesň. kontakty"},{"$i":"ICESettingTitle","$v":"Tiesň. kontakty"},{"$i":"ICEDescription","$v":"Pridajte päť kontaktov na uskutočňovanie „núdzových“ hovorov."},{"$i":"ICEContact","$v":["Tiesňový kontakt ",{"t":"idOrVar","v":"n"}]},{"$i":"ICESelectContact","$v":"Vybrať kontakt"},{"$i":"delete-ice-contact-warning","$v":"Naozaj chcete odstrániť tiesňový kontakt?"},{"$i":"confirm","$v":"Potvrdenie"},{"$i":"add-ice-failed","$v":"Pridanie ICE zlyhalo"},{"$i":"create-group","$v":"Vytv. skupinu"},{"$i":"group-name","$v":"Názov skupiny"},{"$i":"group","$v":"SKUPINA"},{"$i":"new-group-created","$v":"Vytvorí sa nová skupina."},{"$i":"create-group-failed","$v":"Vytvoriť skupinu zlyhala."},{"$i":"create-group-too-many","$v":["Môžete vytvoriť len ",{"t":"idOrVar","v":"number"}," skup."]},{"$i":"create-group-duplicate","$v":"Duplicitné meno."},{"$i":"rename-group-failed","$v":"Premenovanie skupiny zlyhalo."},{"$i":"new-group","$v":"Nové"},{"$i":"rename","$v":"Premenovať"},{"$i":"duplicate-removed","$v":"Duplicitné kontakty odstránené."},{"$i":"add-to-group","$v":"Pridať do skupiny"},{"$i":"remove-from-group","$v":"Odstrániť zo skupiny"},{"$i":"added-to","$v":["Pridané do ",{"t":"idOrVar","v":"group"}]},{"$i":"removed-from","$v":["Odstránené z ",{"t":"idOrVar","v":"group"}]},{"$i":"select-group","$v":"Vyberte položku Skupina"},{"$i":"rename-group","$v":"Premenovať skupinu"},{"$i":"delete-group","$v":["Naozaj chcete vymazať ",{"t":"idOrVar","v":"group"},"?"]},{"$i":"unable-add-warn","$v":"Nepodarilo sa pridať kontakt na účet do skupiny."},{"$i":"edit-contact","$v":"Upr. kontakt"},{"$i":"send-message","$v":"Poslať správu"},{"$i":"call","$v":"Volať"},{"$i":"call-sim-1","$v":"Hovor – SIM 1"},{"$i":"call-sim-2","$v":"Hovor – SIM 2"},{"$i":"send-email","$v":"Poslať e-mail"},{"$i":"choose-number","$v":"Vyberte číslo"},{"$i":"choose-email-address","$v":"Vybrať e-mail"},{"$i":"delete","$v":"Vymazať"},{"$i":"select","$v":"Vybrať"},{"$i":"select-all","$v":"Označiť všetko"},{"$i":"select-all2","$v":"Všetky"},{"$i":"deselect-all","$v":"Zrušiť výber vš."},{"$i":"deselect-all2","$v":"Žiadne"},{"$i":"deselect","$v":"Zrušiť výber"},{"$i":"selected-contacts","$v":{"few":["Vybraté: ",{"t":"idOrVar","v":"n"}],"many":["Vybraté: ",{"t":"idOrVar","v":"n"}],"one":["Vybraté: ",{"t":"idOrVar","v":"n"}],"other":["Vybraté: ",{"t":"idOrVar","v":"n"}],"two":["Vybraté: ",{"t":"idOrVar","v":"n"}],"zero":["Vybraté: ",{"t":"idOrVar","v":"n"}]},"$x":[{"t":"idOrVar","v":"plural"},"n"]},{"$i":"massive-delete","$v":"Vymazať kontakty"},{"$i":"confirm-contact-delete","$v":["Naozaj chcete vymazať kontakt \"",{"t":"idOrVar","v":"name"},"\"?"]},{"$i":"DeletedTxt","$v":{"few":["Odstránené kontakty: ",{"t":"idOrVar","v":"n"}],"many":["Odstránené kontakty: ",{"t":"idOrVar","v":"n"}],"one":"1 kontakt odstránený","other":["Odstránené kontakty: ",{"t":"idOrVar","v":"n"}],"two":["Odstránené kontakty: ",{"t":"idOrVar","v":"n"}],"zero":"Žiadny kontakt na vymaz."},"$x":[{"t":"idOrVar","v":"plural"},"n"]},{"$i":"DeletingContacts","$v":"Vymazať kontakty"},{"$i":"DeletingContactsProgressing","$v":"Vymazávanie kontaktov"},{"$i":"ContactConfirmDel","$v":{"few":["Vymazať kontakty (",{"t":"idOrVar","v":"n"},")? Proces nie je možné zvrátiť."],"many":["Vymazať kontakty (",{"t":"idOrVar","v":"n"},")? Proces nie je možné zvrátiť."],"one":"Vymazať 1 kontakt? Proces nie je možné zvrátiť.","other":["Vymazať kontakty (",{"t":"idOrVar","v":"n"},")? Proces nie je možné zvrátiť."],"two":["Vymazať kontakty (",{"t":"idOrVar","v":"n"},")? Proces nie je možné zvrátiť."],"zero":"Žiadny kontakt na vymaz."},"$x":[{"t":"idOrVar","v":"plural"},"n"]},{"$i":"contact-deleted","$v":{"zero":"0.0","one":"1 kontakt bol odstránený.","few":["Vymazali sa ",{"t":"idOrVar","v":"n"}," kontakty."],"many":["Vymazalo sa ",{"t":"idOrVar","v":"n"}," kontaktu."],"other":["Vymazalo sa ",{"t":"idOrVar","v":"n"}," kontaktov."],"two":["Vymazali sa ",{"t":"idOrVar","v":"n"}," kontakty."]},"$x":[{"t":"idOrVar","v":"plural"},"n"]},{"$i":"a-contact-deleted","$v":"Kontakt vymazaný."},{"$i":"settings-title","$v":"Nast. kontaktov"},{"$i":"change-will-update-until-restart","$v":"Zmeny sa aktualizujú pri ďalšom spustení kontaktov."},{"$i":"transfer-contacts","$v":"Preniesť kontakty"},{"$i":"service-number","$v":"Servisné číslo"},{"$i":"no-contacts-found","$v":"Žiadne zhody."},{"$i":"search","$v":"Vyhľadajte kontakty","placeholder":"Vyhľadajte kontakty"},{"$i":"search-option","$v":"Vyhľadať"},{"$i":"accounts","$v":"Účty"},{"$i":"account","$v":"Účet"},{"$i":"add-account","$v":"Pridať účet"},{"$i":"add-account-failed","$v":"Vyskytla sa neznáma chyba, skúste to znova neskôr."},{"$i":"duplicate-account-warn","$v":"Účet už existuje. Synchronizácia sa zapne."},{"$i":"setting-up-account","$v":"Nastavenie účtu"},{"$i":"no-network-warn","$v":"Žiad. internet. pripojenie."},{"$i":"username","$v":"Používateľské meno"},{"$i":"password","$v":"Heslo"},{"$i":"delete-account","$v":"Vymazať účet"},{"$i":"delete-account-long","$v":"Zmazať účet"},{"$i":"delete-account-warn","$v":"Ak vymažete tento účet, bude to mať vplyv na aplikácie, ktoré ho používajú."},{"$i":"deleting-account","$v":"Odstraňuje sa účet ..."},{"$i":"delete-account-failed","$v":"Účet sa nepodarilo vymazať, skúste to znova neskôr."},{"$i":"delete-account-ok","$v":"Účet bol odstránený."},{"$i":"sync","$v":"Synchr."},{"$i":"sync-title","$v":"Synchronizácia kontaktov"},{"$i":"sync-failed-warn","$v":"Nepodarilo sa synchronizovať."},{"$i":"sync-off-warn","$v":"Synchronizácia je vypnutá v Nastaveniach."},{"$i":"show-account-contacts","$v":"Zobraziť kontakty konta"},{"$i":"sync-account-contacts","$v":"synchronizovať kontakty účtu"},{"$i":"sync-account-contacts-warning","$v":["Keď nie je začiarknutý prepínač „",{"t":"idOrVar","v":"switch"},"“, nebudú sa synchronizovať úpravy kontaktov v účte s cloudom. Chcete aj tak zrušiť začiarknutie?"]},{"$i":"yes","$v":"Áno"},{"$i":"all-contacts-synced","$v":"Všetky kontakty sa synchronizujú."},{"$i":"contact-syncing","$v":"Synchronizujú sa kontakty ..."},{"$i":"contacts-sync-limit-exceed","$v":"Synchronizácia kontaktov nie je dokončená z dôvodu prekročenia maximálneho počtu kontaktov."},{"$i":"show-password","$v":"Zobraziť heslo"},{"$i":"password-incorrect","$v":"Nesprávne heslo."},{"$i":"re-enter-password","$v":"Zadajte znovu heslo"},{"$i":"accessing-warn","$v":"Pri prístupe k vášmu účtu sa vyskytla chyba."},{"$i":"accessing-warn-password","$v":"Znova zadajte heslo."},{"$i":"re-enter-password-on-setting","$v":"V nastaveniach kontaktov znova zadajte heslo."},{"$i":"accessing-warn-relogin","$v":"Odstráňte účet a znova sa prihláste."},{"$i":"update-password-failed","$v":"Aktualizácia hesla zlyhala, skúste to znova neskôr."},{"$i":"connect-time-out","$v":["Nepodarilo sa vytvoriť pripojenie so serverom „",{"t":"idOrVar","v":"server"},"“. Môže ísť o problém so sieťou."]},{"$i":"server-error","$v":"Server je nedostupný. Skúste znova neskôr."},{"$i":"loading","$v":"Načítava sa..."},{"$i":"ellipsis","$v":"..."},{"$i":"stop-syncing-warn-title","$v":"Synchronizácia kontaktov"},{"$i":"stop-syncing-warn","$v":"Ukončenie aplikácie zastaví proces synchronizácie kontaktov. Stále ho chcete zatvoriť?"},{"$i":"weekday-0-long","$v":"Nedeľa"},{"$i":"weekday-1-long","$v":"Pondelok"},{"$i":"weekday-2-long","$v":"Utorok"},{"$i":"weekday-3-long","$v":"Streda"},{"$i":"weekday-4-long","$v":"Štvrtok"},{"$i":"weekday-5-long","$v":"Piatok"},{"$i":"weekday-6-long","$v":"Sobota"},{"$i":"weekday-0-short","$v":"Ned"},{"$i":"weekday-1-short","$v":"Pon"},{"$i":"weekday-2-short","$v":"Uto"},{"$i":"weekday-3-short","$v":"Str"},{"$i":"weekday-4-short","$v":"Štv"},{"$i":"weekday-5-short","$v":"Pia"},{"$i":"weekday-6-short","$v":"Sob"},{"$i":"month-0-long","$v":"Január"},{"$i":"month-1-long","$v":"Február"},{"$i":"month-2-long","$v":"Marec"},{"$i":"month-3-long","$v":"Apríl"},{"$i":"month-4-long","$v":"Máj"},{"$i":"month-5-long","$v":"Jún"},{"$i":"month-6-long","$v":"Júl"},{"$i":"month-7-long","$v":"August"},{"$i":"month-8-long","$v":"September"},{"$i":"month-9-long","$v":"Október"},{"$i":"month-10-long","$v":"November"},{"$i":"month-11-long","$v":"December"},{"$i":"month-0-genitive","$v":"Január"},{"$i":"month-1-genitive","$v":"Február"},{"$i":"month-2-genitive","$v":"Marec"},{"$i":"month-3-genitive","$v":"Apríl"},{"$i":"month-4-genitive","$v":"Máj"},{"$i":"month-5-genitive","$v":"Jún"},{"$i":"month-6-genitive","$v":"Júl"},{"$i":"month-7-genitive","$v":"August"},{"$i":"month-8-genitive","$v":"September"},{"$i":"month-9-genitive","$v":"Október"},{"$i":"month-10-genitive","$v":"November"},{"$i":"month-11-genitive","$v":"December"},{"$i":"month-0-short","$v":"Jan"},{"$i":"month-1-short","$v":"Feb"},{"$i":"month-2-short","$v":"Mar"},{"$i":"month-3-short","$v":"Apr"},{"$i":"month-4-short","$v":"Máj"},{"$i":"month-5-short","$v":"Jún"},{"$i":"month-6-short","$v":"Júl"},{"$i":"month-7-short","$v":"Aug"},{"$i":"month-8-short","$v":"Sep"},{"$i":"month-9-short","$v":"Okt"},{"$i":"month-10-short","$v":"Nov"},{"$i":"month-11-short","$v":"Dec"},{"$i":"minutes-ago-long","$v":{"few":["Pred počtom min.: ",{"t":"idOrVar","v":"value"}],"many":["Pred počtom min.: ",{"t":"idOrVar","v":"value"}],"other":["Pred počtom min.: ",{"t":"idOrVar","v":"value"}],"two":["Pred počtom min.: ",{"t":"idOrVar","v":"value"}],"one":"pred 1 min.","zero":"práve teraz"},"$x":[{"t":"idOrVar","v":"plural"},"value"]},{"$i":"hours-ago-long","$v":{"few":["Pred počtom hod.: ",{"t":"idOrVar","v":"value"}],"many":["Pred počtom hod.: ",{"t":"idOrVar","v":"value"}],"other":["Pred počtom hod.: ",{"t":"idOrVar","v":"value"}],"two":["Pred počtom hod.: ",{"t":"idOrVar","v":"value"}],"one":"pred 1 hodinou","zero":"práve teraz"},"$x":[{"t":"idOrVar","v":"plural"},"value"]},{"$i":"days-ago-long","$v":{"few":["Pred počtom dní: ",{"t":"idOrVar","v":"value"}],"many":["Pred počtom dní: ",{"t":"idOrVar","v":"value"}],"one":"včera","other":["Pred počtom dní: ",{"t":"idOrVar","v":"value"}],"two":["Pred počtom dní: ",{"t":"idOrVar","v":"value"}],"zero":"dnes"},"$x":[{"t":"idOrVar","v":"plural"},"value"]},{"$i":"weeks-ago-long","$v":{"few":["Pred počtom týžd.: ",{"t":"idOrVar","v":"value"}],"many":["Pred počtom týžd.: ",{"t":"idOrVar","v":"value"}],"one":"min. týždeň","other":["Pred počtom týžd.: ",{"t":"idOrVar","v":"value"}],"two":["Pred počtom týžd.: ",{"t":"idOrVar","v":"value"}],"zero":"tento týždeň"},"$x":[{"t":"idOrVar","v":"plural"},"value"]},{"$i":"months-ago-long","$v":{"few":["Pred počtom mes.: ",{"t":"idOrVar","v":"value"}],"many":["Pred počtom mes.: ",{"t":"idOrVar","v":"value"}],"one":"min. mesiac","other":["Pred počtom mes.: ",{"t":"idOrVar","v":"value"}],"two":["Pred počtom mes.: ",{"t":"idOrVar","v":"value"}],"zero":"tento mesiac"},"$x":[{"t":"idOrVar","v":"plural"},"value"]},{"$i":"years-ago-long","$v":{"few":["Pred počtom rokov: ",{"t":"idOrVar","v":"value"}],"many":["Pred počtom rokov: ",{"t":"idOrVar","v":"value"}],"one":"min. rok","other":["Pred počtom rokov: ",{"t":"idOrVar","v":"value"}],"two":["Pred počtom rokov: ",{"t":"idOrVar","v":"value"}],"zero":"tento rok"},"$x":[{"t":"idOrVar","v":"plural"},"value"]},{"$i":"minutes-until-long","$v":{"few":["o ",{"t":"idOrVar","v":"value"}," min"],"many":["o ",{"t":"idOrVar","v":"value"}," min"],"other":["o ",{"t":"idOrVar","v":"value"}," min"],"two":["o ",{"t":"idOrVar","v":"value"}," min"],"zero":"teraz","one":"za 1 minútu"},"$x":[{"t":"idOrVar","v":"plural"},"value"]},{"$i":"hours-until-long","$v":{"few":["o ",{"t":"idOrVar","v":"value"}," hod."],"many":["o ",{"t":"idOrVar","v":"value"}," hod."],"other":["o ",{"t":"idOrVar","v":"value"}," hod."],"two":["o ",{"t":"idOrVar","v":"value"}," hod."],"zero":"teraz","one":"za 1 hodinu"},"$x":[{"t":"idOrVar","v":"plural"},"value"]},{"$i":"days-until-long","$v":{"few":["o ",{"t":"idOrVar","v":"value"}," d."],"many":["o ",{"t":"idOrVar","v":"value"}," d."],"one":"zajtra","other":["o ",{"t":"idOrVar","v":"value"}," d."],"two":["o ",{"t":"idOrVar","v":"value"}," d."],"zero":"dnes"},"$x":[{"t":"idOrVar","v":"plural"},"value"]},{"$i":"weeks-until-long","$v":{"few":["o ",{"t":"idOrVar","v":"value"}," týžd."],"many":["o ",{"t":"idOrVar","v":"value"}," týžd."],"one":"nasl. týždeň","other":["o ",{"t":"idOrVar","v":"value"}," týžd."],"two":["o ",{"t":"idOrVar","v":"value"}," týžd."],"zero":"tento týždeň"},"$x":[{"t":"idOrVar","v":"plural"},"value"]},{"$i":"months-until-long","$v":{"few":["o ",{"t":"idOrVar","v":"value"}," mes."],"many":["o ",{"t":"idOrVar","v":"value"}," mes."],"one":"nasl. mesiac","other":["o ",{"t":"idOrVar","v":"value"}," mes."],"two":["o ",{"t":"idOrVar","v":"value"}," mes."],"zero":"tento mesiac"},"$x":[{"t":"idOrVar","v":"plural"},"value"]},{"$i":"years-until-long","$v":{"few":["o ",{"t":"idOrVar","v":"value"}," rok."],"many":["o ",{"t":"idOrVar","v":"value"}," rok."],"one":"nasl. rok","other":["o ",{"t":"idOrVar","v":"value"}," rok."],"two":["o ",{"t":"idOrVar","v":"value"}," rok."],"zero":"tento rok"},"$x":[{"t":"idOrVar","v":"plural"},"value"]},{"$i":"minutes-ago-short","$v":{"other":["Pred ",{"t":"idOrVar","v":"value"}," m"],"zero":"práve teraz"},"$x":[{"t":"idOrVar","v":"plural"},"value"]},{"$i":"hours-ago-short","$v":{"other":["Pred ",{"t":"idOrVar","v":"value"}," h"],"zero":"práve teraz"},"$x":[{"t":"idOrVar","v":"plural"},"value"]},{"$i":"days-ago-short","$v":{"other":["Pred ",{"t":"idOrVar","v":"value"}," d"],"zero":"dnes"},"$x":[{"t":"idOrVar","v":"plural"},"value"]},{"$i":"minutes-until-short","$v":{"other":["o ",{"t":"idOrVar","v":"value"}," m"],"zero":"teraz"},"$x":[{"t":"idOrVar","v":"plural"},"value"]},{"$i":"hours-until-short","$v":{"other":["o ",{"t":"idOrVar","v":"value"}," h"],"zero":"teraz"},"$x":[{"t":"idOrVar","v":"plural"},"value"]},{"$i":"days-until-short","$v":{"other":["o ",{"t":"idOrVar","v":"value"}," d"],"zero":"dnes"},"$x":[{"t":"idOrVar","v":"plural"},"value"]},{"$i":"incorrectDate","$v":"(nesprávny dátum)"},{"$i":"dateTimeFormat_%c","$v":"%a %b %e %Y %I:%M:%S %p"},{"$i":"dateTimeFormat_%x","$v":"%m/%d/%Y"},{"$i":"dateTimeFormat_%X","$v":"%I:%M:%S %p"},{"$i":"shortTimeFormat","$v":"%I:%M %p"},{"$i":"shortTimeFormat12","$v":"%I:%M %p"},{"$i":"shortTimeFormat24","$v":"%H:%M"},{"$i":"shortDateTimeFormat","$v":"%x %I:%M %p"},{"$i":"weekStartsOnMonday","$v":"0.0"},{"$i":"firstDayOfTheWeek","$v":"1.0"},{"$i":"time_am","$v":"AM"},{"$i":"time_pm","$v":"PM"},{"$i":"sim-with-index-and-carrier","$v":["SIM ",{"t":"idOrVar","v":"index"}," - ",{"t":"idOrVar","v":"carrier"}]},{"$i":"sim-without-carrier","$v":["SIM ",{"t":"idOrVar","v":"index"}]}]