[{"$i":"contacts","$v":"Stiki"},{"$i":"view","$v":"Prikaži"},{"$i":"no-contacts","$v":"Ni stikov."},{"$i":"reading-contacts","$v":"Nalaganje stikov"},{"$i":"start-adding","$v":"Pritisnite Novo ali pojdite v Nastavitve, če želite dodati stike."},{"$i":"no-contact-available","$v":"Na voljo ni nobenega stika"},{"$i":"requested-contact-not-available","$v":"Zahtevane informacije niso na voljo za obstoječe stike."},{"$i":"cannot-add-as-empty","$v":"Ni mogoče dodati stiku, ker je seznam stikov prazen"},{"$i":"ok","$v":"V redu"},{"$i":"no-phone-number-to-dial","$v":"Ni telefonske številke za klic"},{"$i":"video-call","$v":"Videoklic"},{"$i":"rtt-call","$v":"Klic RTT"},{"$i":"select-a-contact","$v":"Izberite stik"},{"$i":"multi-pick-max-warn","$v":["Največje število izbranih je ",{"t":"idOrVar","v":"n"}]},{"$i":"add-contact-failed","$v":"Dodajanje stika ni uspelo"},{"$i":"no-sim-card-available","$v":"Nobena kartica SIM ni na voljo"},{"$i":"email-cannot-add-to-sim","$v":"Trenutni izbor pomnilnika ne podpira e-pošte."},{"$i":"add-info-failed","$v":"Dodajanje informacij ni uspelo"},{"$i":"no-contact-to-add","$v":"Za dodajanje ni na voljo stika."},{"$i":"move","$v":"Premakni"},{"$i":"copy","$v":"Kopiraj"},{"$i":"copy-contacts","$v":"Kopiraj stike"},{"$i":"move-contacts","$v":"Premakni stike"},{"$i":"phone-memory","$v":"Pomnilnik telefona"},{"$i":"sim-memory","$v":"Pomnilnik kartice SIM"},{"$i":"sim-0-memory","$v":"Pomnilnik kartice SIM 1"},{"$i":"sim-1-memory","$v":"Pomnilnik kartice SIM 2"},{"$i":"move-from","$v":"Premakni iz"},{"$i":"copy-from","$v":"Kopiranje iz"},{"$i":"to","$v":"V"},{"$i":"move-contacts-progressing","$v":"Premikanje stikov …"},{"$i":"copy-contacts-progressing","$v":"Kopiranje stikov …"},{"$i":"contact-move-to-sim","$v":{"few":[{"t":"idOrVar","v":"migrated"}," stiki so premaknjeni na kartico SIM."],"many":[{"t":"idOrVar","v":"migrated"}," stikov je premaknjenih na kartico SIM."],"one":"1 stik je premaknjen na kartico SIM.","other":[{"t":"idOrVar","v":"migrated"}," stikov je premaknjenih na kartico SIM."],"two":[{"t":"idOrVar","v":"migrated"}," stika sta premaknjena na kartico SIM."],"zero":"Noben stik ni premaknjen na kartico SIM."},"$x":[{"t":"idOrVar","v":"plural"},"migrated"]},{"$i":"contact-copy-to-sim","$v":{"few":[{"t":"idOrVar","v":"migrated"}," stiki so kopirani na kartico SIM."],"many":[{"t":"idOrVar","v":"migrated"}," stikov je kopiranih na kartico SIM."],"one":"1 stik je kopiran na kartico SIM.","other":[{"t":"idOrVar","v":"migrated"}," stikov je kopiranih na kartico SIM."],"two":[{"t":"idOrVar","v":"migrated"}," stika sta kopirana na kartico SIM."],"zero":"Noben stik ni kopiran na kartico SIM."},"$x":[{"t":"idOrVar","v":"plural"},"migrated"]},{"$i":"contact-move-to-sim0","$v":{"few":[{"t":"idOrVar","v":"migrated"}," stiki so premaknjeni na kartico SIM 1."],"many":[{"t":"idOrVar","v":"migrated"}," stikov je premaknjenih na kartico SIM 1."],"one":"1 stik je premaknjen na kartico SIM 1.","other":[{"t":"idOrVar","v":"migrated"}," stikov je premaknjenih na kartico SIM 1."],"two":[{"t":"idOrVar","v":"migrated"}," stika sta premaknjena na kartico SIM 1."],"zero":"Noben stik ni premaknjen na kartico SIM 1."},"$x":[{"t":"idOrVar","v":"plural"},"migrated"]},{"$i":"contact-copy-to-sim0","$v":{"few":[{"t":"idOrVar","v":"migrated"}," stiki so kopirani na kartico SIM 1."],"many":[{"t":"idOrVar","v":"migrated"}," stikov je kopiranih na kartico SIM 1."],"one":"1 stik je kopiran na kartico SIM 1.","other":[{"t":"idOrVar","v":"migrated"}," stikov je kopiranih na kartico SIM 1."],"two":[{"t":"idOrVar","v":"migrated"}," stika sta kopirana na kartico SIM 1."],"zero":"Noben stik ni kopiran na kartico SIM 1."},"$x":[{"t":"idOrVar","v":"plural"},"migrated"]},{"$i":"contact-move-to-sim1","$v":{"few":[{"t":"idOrVar","v":"migrated"}," stiki so premaknjeni na kartico SIM 2."],"many":[{"t":"idOrVar","v":"migrated"}," stikov je premaknjenih na kartico SIM 2."],"one":"1 stik je premaknjen na kartico SIM 2.","other":[{"t":"idOrVar","v":"migrated"}," stikov je premaknjenih na kartico SIM 2."],"two":[{"t":"idOrVar","v":"migrated"}," stika sta premaknjena na kartico SIM 2."],"zero":"Noben stik ni premaknjen na kartico SIM 2."},"$x":[{"t":"idOrVar","v":"plural"},"migrated"]},{"$i":"contact-copy-to-sim1","$v":{"few":[{"t":"idOrVar","v":"migrated"}," stiki so kopirani na kartico SIM 2."],"many":[{"t":"idOrVar","v":"migrated"}," stikov je kopiranih na kartico SIM 2."],"one":"1 stik je kopiran na kartico SIM 2.","other":[{"t":"idOrVar","v":"migrated"}," stikov je kopiranih na kartico SIM 2."],"two":[{"t":"idOrVar","v":"migrated"}," stika sta kopirana na kartico SIM 2."],"zero":"Noben stik ni kopiran na kartico SIM 2."},"$x":[{"t":"idOrVar","v":"plural"},"migrated"]},{"$i":"contact-move-to-device","$v":{"one":"1 stik je bil premaknjen na telefon.","zero":"Noben stik ni bil premaknjen na telefon.","few":["Št. stikov, premaknjenih v telefon: ",{"t":"idOrVar","v":"migrated"},"."],"many":["Št. Stikov, premaknjenih v telefon: ",{"t":"idOrVar","v":"migrated"},"."],"other":["Št. Stikov, premaknjenih v telefon: ",{"t":"idOrVar","v":"migrated"},"."],"two":["Št. Stikov, premaknjenih v telefon: ",{"t":"idOrVar","v":"migrated"},"."]},"$x":[{"t":"idOrVar","v":"plural"},"migrated"]},{"$i":"contact-copy-to-device","$v":{"one":"1 kontakt je bil kopiran v telefon.","zero":"V telefon ni bil kopiran noben stik.","few":["Št. stikov, kopiranih v telefon: ",{"t":"idOrVar","v":"migrated"},"."],"many":["Št. stikov, kopiranih v telefon: ",{"t":"idOrVar","v":"migrated"},"."],"other":["Št. stikov, kopiranih v telefon: ",{"t":"idOrVar","v":"migrated"},"."],"two":["Št. stikov, kopiranih v telefon: ",{"t":"idOrVar","v":"migrated"},"."]},"$x":[{"t":"idOrVar","v":"plural"},"migrated"]},{"$i":"copy-contact-failed","$v":"Kopiranje stikov ni uspelo"},{"$i":"move-contact-failed","$v":"Premik stikov ni uspel"},{"$i":"contact-copy-error-sim-full","$v":"Kopiranje stikov ni popolno zaradi kartice SIM je polno."},{"$i":"contact-copy-error-unknown","$v":"Kopiranje stikov ni dokončano zaradi napake."},{"$i":"contact-copy-error-limit-exceeded","$v":"Kopiranje stikov ni dokončano, ker je presežena omejitev števila stikov v telefonu."},{"$i":"contact-move-error-sim-full","$v":"Premakni stike, ki niso popolni, ker je kartica SIM polna."},{"$i":"contact-move-error-unknown","$v":"Premik stikov ni dokončan zaradi napake."},{"$i":"contact-move-error-limit-exceeded","$v":"Premikanje stikov ni dokončano, ker je presežena omejitev števila stikov v telefonu."},{"$i":"contact-save-error-unknown","$v":"Shrani stik ni dokončan zaradi napake."},{"$i":"memory","$v":"Pomnilnik"},{"$i":"phone-and-sim","$v":"Telefon in SIM"},{"$i":"phone","$v":"Telefon"},{"$i":"sim","$v":"SIM"},{"$i":"reloading-contact","$v":"Vnovično nalaganje stikov …"},{"$i":"contact-reloaded","$v":"Stiki so znova naloženi"},{"$i":"message","$v":"Sporočilo"},{"$i":"changes-saved","$v":"Spremembe so shranjene."},{"$i":"already-ice-contact","$v":"Izbrani stik je že nastavljen na ICE."},{"$i":"phone-contacts-limit-exceeded","$v":"Omejitev za telefonske stike je presežena."},{"$i":"sim-contacts-limit-exceeded","$v":"Omejitev za stike SIM je presežena."},{"$i":"more-info","$v":"Več"},{"$i":"callAirplaneModeTitle","$v":"Način za letalo aktiviran"},{"$i":"callAirplaneModeMessage","$v":"Če želite opraviti klic, v nastavitvah izklopite način za letalo."},{"$i":"emergencyDialogTitle","$v":"Ni omrežne povezave"},{"$i":"emergencyDialogBodyBadNumber","$v":"Če želite opraviti klic, mora biti telefon povezan v omrežje."},{"$i":"emergencyDialogBodyDeviceNotAccepted","$v":"Omrežje ne dovoljuje klicev v sili."},{"$i":"invalidNumberToDialTitle","$v":"Neveljavna telefonska številka"},{"$i":"invalidNumberToDialMessage","$v":"Telefonska številka, ki jo kličete, ni veljavna."},{"$i":"invalidNumberToSendTitle","$v":"Neveljavna telefonska številka"},{"$i":"invalidNumberToSendMessage","$v":"Telefonska številka, na katero pošiljate sporočilo, ni veljavna."},{"$i":"emergency-call-only","$v":"Samo klici v sili"},{"$i":"emergency-call-error","$v":[{"t":"idOrVar","v":"number"}," ni številka za klic v sili."]},{"$i":"numberIsBusyTitle","$v":"Številka je zasedena"},{"$i":"numberIsBusyMessage","$v":"Številka je trenutno zasedena. Poskusite znova pozneje."},{"$i":"fdnIsActiveTitle","$v":"Omejeno klicanje je aktivno"},{"$i":"fdnIsActiveMessage","$v":["Omejeno klicanje (FDN) je aktivirano in te številke ni na vašem seznamu za omejeno klicanje: ",{"t":"idOrVar","v":"number"}]},{"$i":"otherConnectionInUseTitle","$v":"Druga povezava v uporabi"},{"$i":"otherConnectionInUseMessage","$v":"Imate aktiven klic prek druge povezave. Uporabljate lahko le eno povezavo naenkrat."},{"$i":"GenericFailure","$v":"Splošna napaka"},{"$i":"CallFailed","$v":"Klic ni uspel"},{"$i":"scCallBarring","$v":"Zapora klicev"},{"$i":"scCallForwarding","$v":"Preusmeritev klicev"},{"$i":"scClip","$v":"ID klicatelja pri dohodnem klicu"},{"$i":"scClir","$v":"ID klicat. pri odhod. klicu"},{"$i":"scPwd","$v":"Sprememba gesla"},{"$i":"scCallWaiting","$v":"Čakajoči klic"},{"$i":"scPin","$v":"Sprememba kode PIN"},{"$i":"scPin2","$v":"Sprememba kode PIN2"},{"$i":"scPuk","$v":"Odblokiraj kodo PIN"},{"$i":"scPuk2","$v":"Odblokiraj kodo PIN2"},{"$i":"scImei","$v":"IMEI"},{"$i":"scMeid","$v":"MEID"},{"$i":"scUssd","$v":"USSD"},{"$i":"set-speed-dial","$v":"Nastav. stike za hitro klic."},{"$i":"empty","$v":"Prazno"},{"$i":"voicemail","$v":"Glasovna pošta"},{"$i":"speed-dial","$v":"Hitro klicanje"},{"$i":"add","$v":"Dodaj"},{"$i":"replace","$v":"Zamenjaj"},{"$i":"remove-from-speed-dial","$v":"Odstr. s sezn. za hitro klic."},{"$i":"custom-dialog-replace-speed-dial","$v":["Ali ste prepričani, da želite nadomestiti stik za hitro klicanje ",{"t":"idOrVar","v":"oldSpeedDial"}," s stikom ",{"t":"idOrVar","v":"newSpeedDial"},"?"]},{"$i":"custom-dialog-remove-speed-dial","$v":["Ali ste prepričani, da želite odstraniti stik ",{"t":"idOrVar","v":"name"}," s seznama za hitro klicanje?"]},{"$i":"speed-dial-added","$v":"Številka za hitro klicanje je dodana."},{"$i":"speed-dial-removed","$v":"Številka za hitro klicanje je odstranjena."},{"$i":"speed-dial-replaced","$v":"Številka za hitro klicanje je spremenjena."},{"$i":"voice-mail","$v":"Glasovna pošta"},{"$i":"voice-mail-number","$v":["Številka glasovnega sporočila – SIM ",{"t":"idOrVar","v":"n"}]},{"$i":"voice-mail-number-single","$v":"Številka glasovne pošte"},{"$i":"voice-mail-number-updated","$v":"Številka glasovne pošte je posodobljena"},{"$i":"found-duplicates-message","$v":"V naslednjih stikih so podvojeni podatki. Jih želite združiti?"},{"$i":"confirm-to-merge-contacts","$v":["Ali ste prepričani, da želite združiti stike (",{"t":"idOrVar","v":"n"},") z imenom ",{"t":"idOrVar","v":"name"},"?"]},{"$i":"contact-merged","$v":"Stik je združen"},{"$i":"find-duplicate-contacts","$v":"Poišči podvojene stike"},{"$i":"no-duplicate-contact-found","$v":"Ni najdenih podvojenih stikov"},{"$i":"merge","$v":"Združi"},{"$i":"find-dup","$v":"Poišči podvojene stike"},{"$i":"find-dup-title","$v":"Poišči podvojene stike"},{"$i":"finding-dup-message","$v":"Iskanje podvojenih stikov ..."},{"$i":"dup-found-title","$v":"Najdeni so podvojeni podatki"},{"$i":"dup-found-message","$v":"V teh stikih so najdeni podvojeni podatki. Ali jih želite združiti?"},{"$i":"no-dup-found","$v":"Najden ni bil noben dvojnik"},{"$i":"merge-conflict-warn","$v":["»",{"t":"idOrVar","v":"name"},"« bo prepisal te podatke:"]},{"$i":"merge-conflict-confirm","$v":"Ali res želite združiti stike?"},{"$i":"add-favorite","$v":"Dodaj med priljubljene"},{"$i":"remove-favorite","$v":"Odstrani iz priljubljenih"},{"$i":"favorite-contacts","$v":"Priljubljeni"},{"$i":"add-block","$v":"Blokiraj to številko"},{"$i":"remove-block","$v":"Odblokiraj to številko"},{"$i":"add-block-email","$v":"Blokiraj ta e-poštni naslov"},{"$i":"remove-block-email","$v":"Odblokiranje tega e-poštnega sporočila"},{"$i":"add-block-contact-warning","$v":"Telefonskih klicev in sporočil oseb, ki so na seznamu blokiranih, ne boste prejemali."},{"$i":"add-block-email-warning","$v":"S tega e-poštnega naslova ne boste prejemali sporočil."},{"$i":"block","$v":"Blokiraj"},{"$i":"unblock","$v":"Odblokiraj"},{"$i":"block-contacts","$v":"Blokiraj stike"},{"$i":"add-block-header","$v":"Dodaj številko za blokiranje"},{"$i":"remove-block-alert","$v":"Odstranjeno iz blokiranih stikov."},{"$i":"duplicate-block-number","$v":"Podvojene številke ni mogoče dodati."},{"$i":"sort-contacts","$v":"Razvrsti stike"},{"$i":"sort-by-first-name","$v":"Razvrsti po imenu"},{"$i":"sort-by-last-name","$v":"Razvrsti po priimku"},{"$i":"no-support-open-multi-vcard","$v":"Ni mogoče odpreti datoteke vCard z več stiki"},{"$i":"import","$v":"Uvozi"},{"$i":"sdcard","$v":"Pomnilniška kartica"},{"$i":"simcard","$v":"Kartica SIM"},{"$i":"import-contacts","$v":"Uvozi stike"},{"$i":"simContacts-error","$v":"Stikov ni bilo mogoče uvoziti s kartice SIM"},{"$i":"memoryCardContacts-error","$v":"Stikov ni bilo mogoče uvoziti s pomnilniške kartice"},{"$i":"novCardFiles","$v":"Na pomnilniški kartici ni na voljo nobene datoteke s stiki."},{"$i":"fullDiskSpace-error","$v":"Stikov ni mogoče uvoziti, ker je shramba polna."},{"$i":"socialServiceContacts-error","$v":["Stikov iz storitve ",{"t":"idOrVar","v":"service"}," ni mogoče uvoziti."]},{"$i":"socialServiceContacts-noNetwork","$v":["Ni internetne povezave. Stikov iz storitve ",{"t":"idOrVar","v":"service"}," ni mogoče uvoziti."]},{"$i":"simContacts-reading","$v":"Branje stikov s kar. SIM ..."},{"$i":"memoryCardContacts-reading","$v":"Branje stikov s pomnilniške kartice ..."},{"$i":"importContactsTitle","$v":"Uvozi stike"},{"$i":"retry","$v":"Poskusi znova"},{"$i":"noSimMsg","$v":"Če želite uvoziti stike, vstavite ali odklenite kartico SIM"},{"$i":"noSdcardMsg","$v":"Če želite uvoziti stike, vstavite pomnilniško kartico"},{"$i":"not-imported","$v":"Ni uvoženo"},{"$i":"imported","$v":"Uvoženo"},{"$i":"importing","$v":"Uvažanje"},{"$i":"contact-imported","$v":["Št. uvoženih stikov: ",{"t":"idOrVar","v":"imported"},". Št. združenih stikov: ",{"t":"idOrVar","v":"dupes"},"."]},{"$i":"contact-imported2","$v":{"one":"1 uvoz uvožen stik.","zero":"Uvoženi noben stik.","few":["Št. uvoženih stikov: ",{"t":"idOrVar","v":"imported"},"."],"many":["Št. uvoženih stikov: ",{"t":"idOrVar","v":"imported"},"."],"other":["Št. uvoženih stikov: ",{"t":"idOrVar","v":"imported"},"."],"two":["Št. uvoženih stikov: ",{"t":"idOrVar","v":"imported"},"."]},"$x":[{"t":"idOrVar","v":"plural"},"imported"]},{"$i":"reading-contacts-from-sim","$v":"Branje stikov s kartice SIM ..."},{"$i":"reading-contacts-from-gmail","$v":"Branje stikov iz Gmaila ..."},{"$i":"reading-contacts-from-live","$v":"Branje stikov iz Outlooka ..."},{"$i":"reading-contacts-from-sd","$v":"Branje stikov s pomnilniške kartice ..."},{"$i":"reading-contacts-from-vcard","$v":"Branje stikov iz datoteke ..."},{"$i":"importing-contacts-from-sim","$v":"Uvažanje stikov s kartice SIM ..."},{"$i":"importing-contacts-from-gmail","$v":"Uvažanje stikov iz Gmaila ..."},{"$i":"importing-contacts-from-live","$v":"Uvažanje stikov iz Outlooka ..."},{"$i":"importing-contacts-from-sd","$v":"Uvažanje stikov s pomnilniške kartice ..."},{"$i":"importing-contacts-from-vcard","$v":"Uvažanje stikov iz datoteke ..."},{"$i":"connect-network-to-import","$v":"Če želite uvoziti stike, vzpostavite povezavo z omrežjem Wi-Fi ali podatkovnim omrežjem"},{"$i":"importing-confirm","$v":["Ali želite uvoziti stike (",{"t":"idOrVar","v":"n"},") iz datoteke »",{"t":"idOrVar","v":"fileName"},"«?"]},{"$i":"importing-cancel-confirm","$v":"0.0"},{"$i":"import-contact-failed","$v":"Uvoz stikov ni uspel"},{"$i":"phone-storage-full","$v":"Shramba telefona je polna."},{"$i":"import-contact-storage-full","$v":"Stikov ni mogoče uvoziti. Izbrišite podatke aplikacije, da sprostite prostor."},{"$i":"contact-import-error-disk-full","$v":"Uvažanje stikov ni dokončano, ker je shramba polna. Izbrišite podvojene podatke, da sprostite prostor."},{"$i":"contact-import-error-sim-full","$v":"Uvoz stikov ni dokončan, ker je kartica SIM polna."},{"$i":"contact-import-error-unknown","$v":"Uvoz stikov je nepopoln zaradi napake."},{"$i":"import-contacts-canceled","$v":"0.0"},{"$i":"close","$v":"Zapri"},{"$i":"import-process-cancel","$v":"Uvozni postopek je preklican."},{"$i":"import-limit-header","$v":"Omejitev velikosti datoteke je presežena"},{"$i":"inner-import-limit-content","$v":"Vsaka velikost datoteke s stiki, ki presega 10 MB, ni bila uvožena."},{"$i":"activity-import-limit-contact","$v":"Uvoz stikov ni uspel zaradi presežene omejitve velikosti datoteke."},{"$i":"activity-import-limit-additional","$v":"(Velikost datoteke mora biti manjša od 10 MB.)"},{"$i":"bluetooth","$v":"Bluetooth"},{"$i":"export","$v":"Izvozi"},{"$i":"export-contacts","$v":"Izvozi stike"},{"$i":"simExport-title","$v":"Izvozi na kartico SIM"},{"$i":"memoryCardExport-title","$v":"Izvoz na pomnilniško kartico ..."},{"$i":"btExport-title","$v":"Izvozi prek Bluetootha"},{"$i":"noSimMsgExport","$v":"Če želite izvoziti stike, vstavite ali odklenite kartico SIM"},{"$i":"noSdcardExport","$v":"Če želite izvoziti stike, vstavite pomnilniško kartico."},{"$i":"bluetoothNoConnection","$v":"Če želite izvoziti stike, vzpostavite povezavo z napravo Bluetooth."},{"$i":"contact-exported","$v":["Št. izvoženih stikov: ",{"t":"idOrVar","v":"exported"},"."]},{"$i":"contact-exported2","$v":{"zero":"Ni izvoženega stika.","one":"Izvezen je bil 1 stik.","few":["Št. izvoženih stikov: ",{"t":"idOrVar","v":"exported"},"."],"many":["Št. izvoženih stikov: ",{"t":"idOrVar","v":"exported"},"."],"other":["Št. izvoženih stikov: ",{"t":"idOrVar","v":"exported"},"."],"two":["Št. izvoženih stikov: ",{"t":"idOrVar","v":"exported"},"."]},"$x":[{"t":"idOrVar","v":"plural"},"exported"]},{"$i":"export-contact-failed","$v":"Izvoz stika ni uspel"},{"$i":"contact-export-error-sim-full","$v":"Izvoz stikov ni dokončan, ker je kartica SIM polna."},{"$i":"contact-export-error-sd-full","$v":"Izvoz stikov, ki niso bili dokončani zaradi pomnilniške kartice, je poln."},{"$i":"contact-export-error-unknown","$v":"Izvoz stikov ni dokončan zaradi napake."},{"$i":"contact-export-canceled","$v":"Postopek izvoza je preklican."},{"$i":"save","$v":"Shrani"},{"$i":"back","$v":"Nazaj"},{"$i":"givenName","$v":"Ime"},{"$i":"familyName","$v":"Priimek"},{"$i":"name","$v":"Ime"},{"$i":"org","$v":"Podjetje"},{"$i":"ringtone","$v":"Ton zvonjenja"},{"$i":"note","$v":"Beležka"},{"$i":"photo","$v":"Slika"},{"$i":"email","$v":"E-pošta"},{"$i":"adr","$v":"Naslov"},{"$i":"custom","$v":"Po meri"},{"$i":"confirm-discard-contact-data","$v":"Podatki o stiku bodo zavrženi. Želite shraniti ta stik?"},{"$i":"confirm-discard-contact-update-data","$v":"Spremembe bodo zavržene. Želite shraniti ta stik?"},{"$i":"discard-contact-data","$v":"Spremembe bodo zavržene."},{"$i":"discard","$v":"Zavrzi"},{"$i":"add-others","$v":"Dodaj druge"},{"$i":"custom-label","$v":"Oznaka po meri"},{"$i":"input-the-custom-type","$v":"Vnesite vrsto po meri"},{"$i":"contact-added","$v":"Stik je dodan."},{"$i":"delete-prompt-message","$v":["Želite izbrisati ",{"t":"idOrVar","v":"field"},"?"]},{"$i":"delete-photo-msg","$v":"slika"},{"$i":"delete-ringtone-msg","$v":"Ton zvonjenja"},{"$i":"delete-bday-msg","$v":"Rojstni dan"},{"$i":"delete-note-msg","$v":"Beležka"},{"$i":"delete-org-msg","$v":"Podjetje"},{"$i":"personal","$v":"Osebno"},{"$i":"mobile","$v":"Mobilno"},{"$i":"current","$v":"Trenutni"},{"$i":"home","$v":"Dom"},{"$i":"work","$v":"Služba"},{"$i":"other","$v":"Drugo"},{"$i":"fax-home","$v":"Domači faks"},{"$i":"fax-office","$v":"Faks v pisarni"},{"$i":"fax-other","$v":"Drug faks"},{"$i":"add-phone","$v":"Dodaj telefon"},{"$i":"add-tel","$v":"Dodaj telefon"},{"$i":"add-email","$v":"Dodaj e-pošto"},{"$i":"add-ringtone","$v":"Dodaj ton zvonjenja"},{"$i":"add-adr","$v":"Dodaj naslov"},{"$i":"add-bday","$v":"Dodaj rojstni dan"},{"$i":"add-photo","$v":"Dodaj sliko"},{"$i":"add-note","$v":"Dodaj beležko"},{"$i":"add-org","$v":"Dodaj podjetje"},{"$i":"add-tel-number","$v":"Dodaj telefonsko številko"},{"$i":"delete-tel","$v":"Izbriši telefonsko številko"},{"$i":"delete-email","$v":"Izbriši e-pošto"},{"$i":"delete-ringtone","$v":"Izbriši ton zvonjenja"},{"$i":"delete-adr","$v":"Izbriši naslov"},{"$i":"delete-bday","$v":"Izbriši rojstni dan"},{"$i":"delete-photo","$v":"Izbriši sliko"},{"$i":"delete-note","$v":"Izbriši beležko"},{"$i":"delete-org","$v":"Izbriši podjetje"},{"$i":"edit-tel-type","$v":"Uredi vrsto telefona"},{"$i":"edit-email-type","$v":"Uredi vrsto e-pošte"},{"$i":"edit-adr-type","$v":"Uredi vrsto naslova"},{"$i":"edit-bday-type","$v":"Uredi rojstni dan"},{"$i":"replace-photo","$v":"Spremeni fotografijo"},{"$i":"replace-ringtone","$v":"Spremeni ton zvonjenja"},{"$i":"mobile-tel","$v":"Mobilni telefon"},{"$i":"home-tel","$v":"Domači telefon"},{"$i":"work-tel","$v":"Službeni telefon"},{"$i":"personal-tel","$v":"Osebni telefon"},{"$i":"fax-home-tel","$v":"Domači faks"},{"$i":"fax-office-tel","$v":"Faks v pisarni"},{"$i":"fax-other-tel","$v":"Drug faks"},{"$i":"other-tel","$v":"Drug telefon"},{"$i":"personal-email","$v":"Osebni e-poštni naslov"},{"$i":"work-email","$v":"Delovni e-poštni naslov"},{"$i":"other-email","$v":"Drugo e-poštno sporočilo"},{"$i":"custom-email","$v":["E-pošta ",{"t":"idOrVar","v":"type"}]},{"$i":"custom-tel","$v":["Telefon – ",{"t":"idOrVar","v":"type"}]},{"$i":"personal-adr","$v":"Osebni naslov"},{"$i":"current-adr","$v":"Trenutni naslov"},{"$i":"home-adr","$v":"Domači naslov"},{"$i":"work-adr","$v":"Službeni naslov"},{"$i":"custom-adr","$v":["Naslov – ",{"t":"idOrVar","v":"type"}]},{"$i":"bday","$v":"Rojstni dan"},{"$i":"birthday","$v":"Rojstni dan"},{"$i":"streetAddress","$v":"Ulica"},{"$i":"locality","$v":"Mesto"},{"$i":"postalCode","$v":"Poštna številka"},{"$i":"countryName","$v":"Država"},{"$i":"region","$v":"Zvezna država"},{"$i":"no-name","$v":"Ni imena"},{"$i":"new-contact","$v":"Nov stik"},{"$i":"options","$v":"Možnosti"},{"$i":"cancel","$v":"Prekliči"},{"$i":"settings","$v":"Nastavitve"},{"$i":"edit","$v":"Uredi"},{"$i":"share","$v":"Deli"},{"$i":"remove","$v":"Odstrani"},{"$i":"compose","$v":"Novo"},{"$i":"new-contact-title","$v":"Nov stik"},{"$i":"edit-title","$v":"Uredi stik"},{"$i":"music","$v":"Glasba"},{"$i":"adr-type","$v":"Tip naslova"},{"$i":"email-type","$v":"Vrsta e-pošte"},{"$i":"tel-type","$v":"Vrsta telefona"},{"$i":"ICEContactsGroup","$v":"Stiki za nujne primere"},{"$i":"setICEButton","$v":"Nastav. stike za nuj. prim."},{"$i":"ICESettingTitle","$v":"Stiki za nujne primere"},{"$i":"ICEDescription","$v":"Dodajte pet stikov za klice v sili."},{"$i":"ICEContact","$v":["Stik za nujne primere ",{"t":"idOrVar","v":"n"}]},{"$i":"ICESelectContact","$v":"Izberite stik"},{"$i":"delete-ice-contact-warning","$v":"Ali ste prepričani, da želite odstraniti stik za nujne primere?"},{"$i":"confirm","$v":"Potrditev"},{"$i":"add-ice-failed","$v":"Dodajanje ICE ni uspelo"},{"$i":"create-group","$v":"Ustvari skupino"},{"$i":"group-name","$v":"Ime skupine"},{"$i":"group","$v":"SKUPINA"},{"$i":"new-group-created","$v":"Ustvari se nova skupina."},{"$i":"create-group-failed","$v":"Ustvari skupino ni uspelo."},{"$i":"create-group-too-many","$v":["Ustvarite lahko največ toliko skupin: ",{"t":"idOrVar","v":"number"},"."]},{"$i":"create-group-duplicate","$v":"Podvojeno ime."},{"$i":"rename-group-failed","$v":"Preimenovanje skupine ni uspelo."},{"$i":"new-group","$v":"Nov"},{"$i":"rename","$v":"Preimenuj"},{"$i":"duplicate-removed","$v":"Podvojeni stiki so odstranjeni."},{"$i":"add-to-group","$v":"Dodaj v skupino"},{"$i":"remove-from-group","$v":"Odstrani iz skupine"},{"$i":"added-to","$v":["Dodano v ",{"t":"idOrVar","v":"group"}]},{"$i":"removed-from","$v":["Odstranjeno iz skupine ",{"t":"idOrVar","v":"group"}]},{"$i":"select-group","$v":"Izberite Skupina"},{"$i":"rename-group","$v":"Preimenuj skupino"},{"$i":"delete-group","$v":["Ali res želite izbrisati skupino ",{"t":"idOrVar","v":"group"},"?"]},{"$i":"unable-add-warn","$v":"Stika računa ni mogoče dodati skupini."},{"$i":"edit-contact","$v":"Uredi stik"},{"$i":"send-message","$v":"Pošlji sporočilo"},{"$i":"call","$v":"Klic"},{"$i":"call-sim-1","$v":"Klic – SIM 1"},{"$i":"call-sim-2","$v":"Klic – SIM 2"},{"$i":"send-email","$v":"Pošlji e-pošto"},{"$i":"choose-number","$v":"Izberite Številka"},{"$i":"choose-email-address","$v":"Izberite e-pošto"},{"$i":"delete","$v":"Brisanje"},{"$i":"select","$v":"Izberi"},{"$i":"select-all","$v":"Izberi vse"},{"$i":"select-all2","$v":"Vse"},{"$i":"deselect-all","$v":"Prekliči izbor vseh"},{"$i":"deselect-all2","$v":"Nič"},{"$i":"deselect","$v":"Prekliči izbor"},{"$i":"selected-contacts","$v":{"few":[{"t":"idOrVar","v":"n"}," izbrani"],"many":[{"t":"idOrVar","v":"n"}," izbranih"],"one":[{"t":"idOrVar","v":"n"}," izbran"],"other":[{"t":"idOrVar","v":"n"}," izbranih"],"two":[{"t":"idOrVar","v":"n"}," izbrana"],"zero":[{"t":"idOrVar","v":"n"}," izbranih"]},"$x":[{"t":"idOrVar","v":"plural"},"n"]},{"$i":"massive-delete","$v":"Izbriši stike"},{"$i":"confirm-contact-delete","$v":["Ali ste prepričani, da želite izbrisati stik \"",{"t":"idOrVar","v":"name"},"\"?"]},{"$i":"DeletedTxt","$v":{"few":[{"t":"idOrVar","v":"n"}," stiki so odstranjeni"],"many":[{"t":"idOrVar","v":"n"}," stikov je odstranjenih"],"one":"1 stik je odstranjen","other":[{"t":"idOrVar","v":"n"}," stikov je odstranjenih"],"two":[{"t":"idOrVar","v":"n"}," stika sta odstranjena"],"zero":"Ni stikov, ki bi jih bilo mogoče izbrisati"},"$x":[{"t":"idOrVar","v":"plural"},"n"]},{"$i":"DeletingContacts","$v":"Izbriši stike"},{"$i":"DeletingContactsProgressing","$v":"Brisanje stikov"},{"$i":"ContactConfirmDel","$v":{"few":["Želite izbrisati ",{"t":"idOrVar","v":"n"}," stike? Tega ni mogoče razveljaviti."],"many":["Želite izbrisati ",{"t":"idOrVar","v":"n"}," stikov? Tega ni mogoče razveljaviti."],"one":"Želite izbrisati 1 stik? Tega ni mogoče razveljaviti.","other":["Želite izbrisati ",{"t":"idOrVar","v":"n"}," stikov? Tega ni mogoče razveljaviti."],"two":["Želite izbrisati ",{"t":"idOrVar","v":"n"}," stika? Tega ni mogoče razveljaviti."],"zero":"Ni stikov, ki bi jih bilo mogoče izbrisati"},"$x":[{"t":"idOrVar","v":"plural"},"n"]},{"$i":"contact-deleted","$v":{"zero":"0.0","one":"1 stik je bil izbrisan.","few":["Št. izbrisanih stikov: ",{"t":"idOrVar","v":"n"},"."],"many":["Št. izbrisanih stikov: ",{"t":"idOrVar","v":"n"},"."],"other":["Št. izbrisanih stikov: ",{"t":"idOrVar","v":"n"},"."],"two":["Št. izbrisanih stikov: ",{"t":"idOrVar","v":"n"},"."]},"$x":[{"t":"idOrVar","v":"plural"},"n"]},{"$i":"a-contact-deleted","$v":"Stik je izbrisan."},{"$i":"settings-title","$v":"Nastavitve stikov"},{"$i":"change-will-update-until-restart","$v":"Spremembe bodo posodobljene ob naslednjem zagonu stikov."},{"$i":"transfer-contacts","$v":"Prenesi stike"},{"$i":"service-number","$v":"Številka storitve"},{"$i":"no-contacts-found","$v":"Ni ujemanj."},{"$i":"search","$v":"Iščite stike","placeholder":"Iščite stike"},{"$i":"search-option","$v":"Iščite"},{"$i":"accounts","$v":"Računi"},{"$i":"account","$v":"Račun"},{"$i":"add-account","$v":"Dodaj račun"},{"$i":"add-account-failed","$v":"Prišlo je do neznane napake. Poskusite znova pozneje."},{"$i":"duplicate-account-warn","$v":"Račun že obstaja. Sinhroniziranje je vklopljeno."},{"$i":"setting-up-account","$v":"Nastavljanje računa"},{"$i":"no-network-warn","$v":"Ni internetne povezave."},{"$i":"username","$v":"Uporabniško ime"},{"$i":"password","$v":"Geslo"},{"$i":"delete-account","$v":"Izbriši račun"},{"$i":"delete-account-long","$v":"Izbriši račun"},{"$i":"delete-account-warn","$v":"Če izbrišete ta račun, bo to vplivalo tudi na aplikacije, ki ga uporabljajo."},{"$i":"deleting-account","$v":"Brisanje računa ..."},{"$i":"delete-account-failed","$v":"Računa ni mogoče izbrisati. Poskusite znova pozneje."},{"$i":"delete-account-ok","$v":"Račun je izbrisan."},{"$i":"sync","$v":"Sinhronizacija"},{"$i":"sync-title","$v":"Sinhroniziranje stikov"},{"$i":"sync-failed-warn","$v":"Sinhronizacije ni bilo mogoče."},{"$i":"sync-off-warn","$v":"Sinhronizacija je izklopljena v nastavitvah."},{"$i":"show-account-contacts","$v":"Prikaži stike računa"},{"$i":"sync-account-contacts","$v":"sinhronizirajte stike računa"},{"$i":"sync-account-contacts-warning","$v":["Če možnost »",{"t":"idOrVar","v":"switch"},"« ne bo potrjena, morebitno urejanje stika ne bo sinhronizirano z oblakom. Ali še vedno želite odstraniti potrditev te možnosti?"]},{"$i":"yes","$v":"Da"},{"$i":"all-contacts-synced","$v":"Vsi stiki so sinhronizirani."},{"$i":"contact-syncing","$v":"Sinhronizacija stikov ..."},{"$i":"contacts-sync-limit-exceed","$v":"Sinhroniziranje stikov ni dokončano, ker je presežena omejitev števila stikov."},{"$i":"show-password","$v":"Pokaži geslo"},{"$i":"password-incorrect","$v":"Geslo ni pravilno."},{"$i":"re-enter-password","$v":"Ponovno vpišite geslo"},{"$i":"accessing-warn","$v":"Pri dostopu do vašega računa je prišlo do težave."},{"$i":"accessing-warn-password","$v":"Znova vnesite geslo."},{"$i":"re-enter-password-on-setting","$v":"Ponovno vnesite geslo v nastavitvah stikov."},{"$i":"accessing-warn-relogin","$v":"Izbrišite račun in se znova prijavite."},{"$i":"update-password-failed","$v":"Gesla ni mogoče posodobiti. Poskusite znova pozneje."},{"$i":"connect-time-out","$v":["Ni mogoče vzpostaviti povezave s strežnikom »",{"t":"idOrVar","v":"server"},"«. Morda je težava v omrežju."]},{"$i":"server-error","$v":"Strežnik ni na voljo. Poskusite znova pozneje."},{"$i":"loading","$v":"Nalaganje ..."},{"$i":"ellipsis","$v":"..."},{"$i":"stop-syncing-warn-title","$v":"Sinhronizacija stikov"},{"$i":"stop-syncing-warn","$v":"Če zaprete aplikacijo, se ustavi postopek sinhronizacije stikov. Ali ga še vedno želite zapreti?"},{"$i":"weekday-0-long","$v":"Nedelja"},{"$i":"weekday-1-long","$v":"Ponedeljek"},{"$i":"weekday-2-long","$v":"Torek"},{"$i":"weekday-3-long","$v":"Sreda"},{"$i":"weekday-4-long","$v":"Četrtek"},{"$i":"weekday-5-long","$v":"Petek"},{"$i":"weekday-6-long","$v":"Sobota"},{"$i":"weekday-0-short","$v":"ned"},{"$i":"weekday-1-short","$v":"pon"},{"$i":"weekday-2-short","$v":"tor"},{"$i":"weekday-3-short","$v":"sre"},{"$i":"weekday-4-short","$v":"čet"},{"$i":"weekday-5-short","$v":"pet"},{"$i":"weekday-6-short","$v":"sob"},{"$i":"month-0-long","$v":"januar"},{"$i":"month-1-long","$v":"februar"},{"$i":"month-2-long","$v":"marec"},{"$i":"month-3-long","$v":"april"},{"$i":"month-4-long","$v":"maj"},{"$i":"month-5-long","$v":"junij"},{"$i":"month-6-long","$v":"julij"},{"$i":"month-7-long","$v":"avgust"},{"$i":"month-8-long","$v":"september"},{"$i":"month-9-long","$v":"oktober"},{"$i":"month-10-long","$v":"november"},{"$i":"month-11-long","$v":"december"},{"$i":"month-0-genitive","$v":"januar"},{"$i":"month-1-genitive","$v":"februar"},{"$i":"month-2-genitive","$v":"marec"},{"$i":"month-3-genitive","$v":"april"},{"$i":"month-4-genitive","$v":"maj"},{"$i":"month-5-genitive","$v":"junij"},{"$i":"month-6-genitive","$v":"julij"},{"$i":"month-7-genitive","$v":"avgust"},{"$i":"month-8-genitive","$v":"september"},{"$i":"month-9-genitive","$v":"oktober"},{"$i":"month-10-genitive","$v":"november"},{"$i":"month-11-genitive","$v":"december"},{"$i":"month-0-short","$v":"jan"},{"$i":"month-1-short","$v":"feb"},{"$i":"month-2-short","$v":"mar"},{"$i":"month-3-short","$v":"apr"},{"$i":"month-4-short","$v":"maj"},{"$i":"month-5-short","$v":"jun"},{"$i":"month-6-short","$v":"jul"},{"$i":"month-7-short","$v":"avg"},{"$i":"month-8-short","$v":"sep"},{"$i":"month-9-short","$v":"okt"},{"$i":"month-10-short","$v":"nov"},{"$i":"month-11-short","$v":"dec"},{"$i":"minutes-ago-long","$v":{"few":["pred ",{"t":"idOrVar","v":"value"}," minutami"],"many":["pred ",{"t":"idOrVar","v":"value"}," minutami"],"other":["pred ",{"t":"idOrVar","v":"value"}," minutami"],"two":["pred ",{"t":"idOrVar","v":"value"}," minutama"],"one":"pred minuto","zero":"pravkar"},"$x":[{"t":"idOrVar","v":"plural"},"value"]},{"$i":"hours-ago-long","$v":{"few":["pred ",{"t":"idOrVar","v":"value"}," urami"],"many":["pred ",{"t":"idOrVar","v":"value"}," urami"],"other":["pred ",{"t":"idOrVar","v":"value"}," urami"],"two":["pred ",{"t":"idOrVar","v":"value"}," urama"],"one":"Pred 1 uro","zero":"pravkar"},"$x":[{"t":"idOrVar","v":"plural"},"value"]},{"$i":"days-ago-long","$v":{"few":["pred ",{"t":"idOrVar","v":"value"}," dnevi"],"many":["pred ",{"t":"idOrVar","v":"value"}," dnevi"],"one":"včeraj","other":["pred ",{"t":"idOrVar","v":"value"}," dnevi"],"two":["pred ",{"t":"idOrVar","v":"value"}," dnevoma"],"zero":"danes"},"$x":[{"t":"idOrVar","v":"plural"},"value"]},{"$i":"weeks-ago-long","$v":{"few":["pred ",{"t":"idOrVar","v":"value"}," tedni"],"many":["pred ",{"t":"idOrVar","v":"value"}," tedni"],"one":"prejšnji teden","other":["pred ",{"t":"idOrVar","v":"value"}," tedni"],"two":["pred ",{"t":"idOrVar","v":"value"}," tednoma"],"zero":"ta teden"},"$x":[{"t":"idOrVar","v":"plural"},"value"]},{"$i":"months-ago-long","$v":{"few":["pred ",{"t":"idOrVar","v":"value"}," meseci"],"many":["pred ",{"t":"idOrVar","v":"value"}," meseci"],"one":"prejšnji mesec","other":["pred ",{"t":"idOrVar","v":"value"}," meseci"],"two":["pred ",{"t":"idOrVar","v":"value"}," mesecema"],"zero":"ta mesec"},"$x":[{"t":"idOrVar","v":"plural"},"value"]},{"$i":"years-ago-long","$v":{"few":["pred ",{"t":"idOrVar","v":"value"}," leti"],"many":["pred ",{"t":"idOrVar","v":"value"}," leti"],"one":"prejšnje leto","other":["pred ",{"t":"idOrVar","v":"value"}," leti"],"two":["pred ",{"t":"idOrVar","v":"value"}," letoma"],"zero":"to leto"},"$x":[{"t":"idOrVar","v":"plural"},"value"]},{"$i":"minutes-until-long","$v":{"few":["čez ",{"t":"idOrVar","v":"value"}," minute"],"many":["čez ",{"t":"idOrVar","v":"value"}," minut"],"other":["čez ",{"t":"idOrVar","v":"value"}," minut"],"two":["čez ",{"t":"idOrVar","v":"value"}," minuti"],"zero":"zdaj","one":"v 1 minuti"},"$x":[{"t":"idOrVar","v":"plural"},"value"]},{"$i":"hours-until-long","$v":{"few":["čez ",{"t":"idOrVar","v":"value"}," ure"],"many":["čez ",{"t":"idOrVar","v":"value"}," ur"],"other":["čez ",{"t":"idOrVar","v":"value"}," ur"],"two":["čez ",{"t":"idOrVar","v":"value"}," uri"],"zero":"zdaj","one":"čez 1 uro"},"$x":[{"t":"idOrVar","v":"plural"},"value"]},{"$i":"days-until-long","$v":{"few":["čez ",{"t":"idOrVar","v":"value"}," dni"],"many":["čez ",{"t":"idOrVar","v":"value"}," dni"],"one":"jutri","other":["čez ",{"t":"idOrVar","v":"value"}," dni"],"two":["čez ",{"t":"idOrVar","v":"value"}," dni"],"zero":"danes"},"$x":[{"t":"idOrVar","v":"plural"},"value"]},{"$i":"weeks-until-long","$v":{"few":["čez ",{"t":"idOrVar","v":"value"}," tedne"],"many":["čez ",{"t":"idOrVar","v":"value"}," tednov"],"one":"naslednji teden","other":["čez ",{"t":"idOrVar","v":"value"}," tednov"],"two":["čez ",{"t":"idOrVar","v":"value"}," tedna"],"zero":"ta teden"},"$x":[{"t":"idOrVar","v":"plural"},"value"]},{"$i":"months-until-long","$v":{"few":["čez ",{"t":"idOrVar","v":"value"}," mesece"],"many":["čez ",{"t":"idOrVar","v":"value"}," mesecev"],"one":"naslednji mesec","other":["čez ",{"t":"idOrVar","v":"value"}," mesecev"],"two":["čez ",{"t":"idOrVar","v":"value"}," meseca"],"zero":"ta mesec"},"$x":[{"t":"idOrVar","v":"plural"},"value"]},{"$i":"years-until-long","$v":{"few":["čez ",{"t":"idOrVar","v":"value"}," leta"],"many":["čez ",{"t":"idOrVar","v":"value"}," let"],"one":"naslednje leto","other":["čez ",{"t":"idOrVar","v":"value"}," let"],"two":["čez ",{"t":"idOrVar","v":"value"}," leti"],"zero":"to leto"},"$x":[{"t":"idOrVar","v":"plural"},"value"]},{"$i":"minutes-ago-short","$v":{"other":["Pred ",{"t":"idOrVar","v":"value"}," m"],"zero":"pravkar"},"$x":[{"t":"idOrVar","v":"plural"},"value"]},{"$i":"hours-ago-short","$v":{"other":["pred ",{"t":"idOrVar","v":"value"}," h"],"zero":"pravkar"},"$x":[{"t":"idOrVar","v":"plural"},"value"]},{"$i":"days-ago-short","$v":{"other":["pred ",{"t":"idOrVar","v":"value"}," d"],"zero":"danes"},"$x":[{"t":"idOrVar","v":"plural"},"value"]},{"$i":"minutes-until-short","$v":{"other":["čez ",{"t":"idOrVar","v":"value"}," m"],"zero":"zdaj"},"$x":[{"t":"idOrVar","v":"plural"},"value"]},{"$i":"hours-until-short","$v":{"other":["čez ",{"t":"idOrVar","v":"value"}," h"],"zero":"zdaj"},"$x":[{"t":"idOrVar","v":"plural"},"value"]},{"$i":"days-until-short","$v":{"other":["čez ",{"t":"idOrVar","v":"value"}," d"],"zero":"danes"},"$x":[{"t":"idOrVar","v":"plural"},"value"]},{"$i":"incorrectDate","$v":"(nepravilen datum)"},{"$i":"dateTimeFormat_%c","$v":"%a %b %e %Y %I.%M.%S %p"},{"$i":"dateTimeFormat_%x","$v":"%m/%d/%Y"},{"$i":"dateTimeFormat_%X","$v":"%I:%M:%S %p"},{"$i":"shortTimeFormat","$v":"%I.%M %p"},{"$i":"shortTimeFormat12","$v":"%I.%M %p"},{"$i":"shortTimeFormat24","$v":"%H.%M"},{"$i":"shortDateTimeFormat","$v":"%x %I.%M %p"},{"$i":"weekStartsOnMonday","$v":"0.0"},{"$i":"firstDayOfTheWeek","$v":"1.0"},{"$i":"time_am","$v":"dop."},{"$i":"time_pm","$v":"pop."},{"$i":"sim-with-index-and-carrier","$v":["SIM ",{"t":"idOrVar","v":"index"}," - ",{"t":"idOrVar","v":"carrier"}]},{"$i":"sim-without-carrier","$v":["SIM ",{"t":"idOrVar","v":"index"}]}]