[{"$i":"contacts","$v":"Kontakti"},{"$i":"view","$v":"Prikaži"},{"$i":"no-contacts","$v":"Нема контаката."},{"$i":"reading-contacts","$v":"Učitavanje kontakata"},{"$i":"start-adding","$v":"Притисните Ново или идите на Подешавања да бисте додали контакте."},{"$i":"no-contact-available","$v":"Kontakt nije dostupan"},{"$i":"requested-contact-not-available","$v":"Тражене информације нису доступне о постојећим контактима."},{"$i":"cannot-add-as-empty","$v":"Nije moguće dodati kontaktu jer je vaša lista kontakata prazna"},{"$i":"ok","$v":"OK"},{"$i":"no-phone-number-to-dial","$v":"Nema broj telefona za pozivanje"},{"$i":"video-call","$v":"Video poziv"},{"$i":"rtt-call","$v":"RTT poziv"},{"$i":"select-a-contact","$v":"Odaberi kontakt"},{"$i":"multi-pick-max-warn","$v":["Najveći broj izabranih je ",{"t":"idOrVar","v":"n"}]},{"$i":"add-contact-failed","$v":"Neuspelo dodavanje kontakta"},{"$i":"no-sim-card-available","$v":"SIM kartica nije dostupna"},{"$i":"email-cannot-add-to-sim","$v":"Тренутни избор меморије не подржава е-пошту."},{"$i":"add-info-failed","$v":"Додавање информација није успјело"},{"$i":"no-contact-to-add","$v":"Нема доступног контакта за додавање."},{"$i":"move","$v":"Premesti"},{"$i":"copy","$v":"Kopiraj"},{"$i":"copy-contacts","$v":"Kopiraj kontakte"},{"$i":"move-contacts","$v":"Premesti kontakte"},{"$i":"phone-memory","$v":"Memorija telefona"},{"$i":"sim-memory","$v":"SIM memorija"},{"$i":"sim-0-memory","$v":"SIM 1 memorija"},{"$i":"sim-1-memory","$v":"SIM 2 memorija"},{"$i":"move-from","$v":"Premesti iz"},{"$i":"copy-from","$v":"Kopiranje iz"},{"$i":"to","$v":"Prima"},{"$i":"move-contacts-progressing","$v":"Premeštanje kontakata…"},{"$i":"copy-contacts-progressing","$v":"Kopiranje kontakata…"},{"$i":"contact-move-to-sim","$v":{"few":["Kontakti premešteni na SIM: ",{"t":"idOrVar","v":"migrated"},"."],"many":["Kontakti premešteni na SIM: ",{"t":"idOrVar","v":"migrated"},"."],"one":"1 kontakt je premešten na SIM.","other":["Kontakti premešteni na SIM: ",{"t":"idOrVar","v":"migrated"},"."],"two":["Kontakti premešteni na SIM: ",{"t":"idOrVar","v":"migrated"},"."],"zero":"Nijedan kontakt nije premešten na SIM."},"$x":[{"t":"idOrVar","v":"plural"},"migrated"]},{"$i":"contact-copy-to-sim","$v":{"few":["Kontakti kopirani na SIM: ",{"t":"idOrVar","v":"migrated"},"."],"many":["Kontakti kopirani na SIM: ",{"t":"idOrVar","v":"migrated"},"."],"one":"1 kontakt je kopiran na SIM.","other":["Kontakti kopirani na SIM: ",{"t":"idOrVar","v":"migrated"},"."],"two":["Kontakti kopirani na SIM: ",{"t":"idOrVar","v":"migrated"},"."],"zero":"Nijedan kontakt nije kopiran na SIM."},"$x":[{"t":"idOrVar","v":"plural"},"migrated"]},{"$i":"contact-move-to-sim0","$v":{"few":["Kontakti premešteni na SIM 1: ",{"t":"idOrVar","v":"migrated"},"."],"many":["Kontakti premešteni na SIM 1: ",{"t":"idOrVar","v":"migrated"},"."],"one":"1 kontakt je premešten na SIM 1.","other":["Kontakti premešteni na SIM 1: ",{"t":"idOrVar","v":"migrated"},"."],"two":["Kontakti premešteni na SIM 1: ",{"t":"idOrVar","v":"migrated"},"."],"zero":"Nijedan kontakt nije premešten na SIM 1."},"$x":[{"t":"idOrVar","v":"plural"},"migrated"]},{"$i":"contact-copy-to-sim0","$v":{"few":["Kontakti kopirani na SIM 1: ",{"t":"idOrVar","v":"migrated"},"."],"many":["Kontakti kopirani na SIM 1: ",{"t":"idOrVar","v":"migrated"},"."],"one":"1 kontakt je kopiran na SIM 1.","other":["Kontakti kopirani na SIM 1: ",{"t":"idOrVar","v":"migrated"},"."],"two":["Kontakti kopirani na SIM 1: ",{"t":"idOrVar","v":"migrated"},"."],"zero":"Nijedan kontakt nije kopiran na SIM 1."},"$x":[{"t":"idOrVar","v":"plural"},"migrated"]},{"$i":"contact-move-to-sim1","$v":{"few":["Kontakti premešteni na SIM 2: ",{"t":"idOrVar","v":"migrated"},"."],"many":["Kontakti premešteni na SIM 2: ",{"t":"idOrVar","v":"migrated"},"."],"one":"1 kontakt je premešten na SIM 2.","other":["Kontakti premešteni na SIM 2: ",{"t":"idOrVar","v":"migrated"},"."],"two":["Kontakti premešteni na SIM 2: ",{"t":"idOrVar","v":"migrated"},"."],"zero":"Nijedan kontakt nije premešten na SIM 2."},"$x":[{"t":"idOrVar","v":"plural"},"migrated"]},{"$i":"contact-copy-to-sim1","$v":{"few":["Kontakti kopirani na SIM 2: ",{"t":"idOrVar","v":"migrated"},"."],"many":["Kontakti kopirani na SIM 2: ",{"t":"idOrVar","v":"migrated"},"."],"one":"1 kontakt je kopiran na SIM 2.","other":["Kontakti kopirani na SIM 2: ",{"t":"idOrVar","v":"migrated"},"."],"two":["Kontakti kopirani na SIM 2: ",{"t":"idOrVar","v":"migrated"},"."],"zero":"Nijedan kontakt nije kopiran na SIM 2."},"$x":[{"t":"idOrVar","v":"plural"},"migrated"]},{"$i":"contact-move-to-device","$v":{"one":"1 контакт је премештен на телефон.","zero":"Ниједан контакт није премештен на телефон.","few":[{"t":"idOrVar","v":"migrated"}," kontakta su premeštena na telefon."],"many":[{"t":"idOrVar","v":"migrated"}," kontakata je premešteno na telefon."],"other":[{"t":"idOrVar","v":"migrated"}," kontakata je premešteno na telefon."],"two":[{"t":"idOrVar","v":"migrated"}," kontakta su premeštena na telefon."]},"$x":[{"t":"idOrVar","v":"plural"},"migrated"]},{"$i":"contact-copy-to-device","$v":{"one":"1 контакт копиран на телефон.","zero":"Ниједан контакт није копиран на телефон.","few":[{"t":"idOrVar","v":"migrated"}," kontakta su kopirana na telefon."],"many":[{"t":"idOrVar","v":"migrated"}," kontakata je kopirano na telefon."],"other":[{"t":"idOrVar","v":"migrated"}," kontakata je kopirano na telefon."],"two":[{"t":"idOrVar","v":"migrated"}," kontakta su kopirana na telefon."]},"$x":[{"t":"idOrVar","v":"plural"},"migrated"]},{"$i":"copy-contact-failed","$v":"Копирање контаката није успело"},{"$i":"move-contact-failed","$v":"Премештање контаката није успело"},{"$i":"contact-copy-error-sim-full","$v":"Копирање контаката није довршено јер је СИМ картица пуна."},{"$i":"contact-copy-error-unknown","$v":"Копирање контаката није довршено због грешке."},{"$i":"contact-copy-error-limit-exceeded","$v":"Kopiranje kontakata nije dovršeno jer je premašeno ograničenje broja kontakata na telefonu."},{"$i":"contact-move-error-sim-full","$v":"Премештање контаката није довршено јер је СИМ картица пуна."},{"$i":"contact-move-error-unknown","$v":"Премештање контаката није довршено због грешке."},{"$i":"contact-move-error-limit-exceeded","$v":"Premeštanje kontakata nije dovršeno jer je premašeno ograničenje broja kontakata na telefonu."},{"$i":"contact-save-error-unknown","$v":"Спреми контакт није завршен због грешке."},{"$i":"memory","$v":"Memorija"},{"$i":"phone-and-sim","$v":"Telefon i SIM"},{"$i":"phone","$v":"Telefon"},{"$i":"sim","$v":"SIM"},{"$i":"reloading-contact","$v":"Ponovno učitavanje kontakata..."},{"$i":"contact-reloaded","$v":"Kontakti su ponovo učitani"},{"$i":"message","$v":"Poruka"},{"$i":"changes-saved","$v":"Promene su sačuvane."},{"$i":"already-ice-contact","$v":"Изабрани контакт је већ постављен на ИЦЕ."},{"$i":"phone-contacts-limit-exceeded","$v":"Premašeno je ograničenje tel. kontakata."},{"$i":"sim-contacts-limit-exceeded","$v":"Premašeno je ograničenje SIM kontakata."},{"$i":"more-info","$v":"Još"},{"$i":"callAirplaneModeTitle","$v":"Režim rada u avionu je aktiviran"},{"$i":"callAirplaneModeMessage","$v":"Da biste obavili poziv, morate onemogućiti režim rada u avionu u podešavanjima."},{"$i":"emergencyDialogTitle","$v":"Nema mrežne veze"},{"$i":"emergencyDialogBodyBadNumber","$v":"Da biste obavili poziv, telefon mora biti povezan na mrežu."},{"$i":"emergencyDialogBodyDeviceNotAccepted","$v":"Mreža ne dozvoljava hitne pozive."},{"$i":"invalidNumberToDialTitle","$v":"Nevažeći broj telefona"},{"$i":"invalidNumberToDialMessage","$v":"Broj koji pokušavate da pozovete nije važeći."},{"$i":"invalidNumberToSendTitle","$v":"Nevažeći broj telefona"},{"$i":"invalidNumberToSendMessage","$v":"Broj telefona kojem šaljete poruku nije važeći."},{"$i":"emergency-call-only","$v":"Samo hitni pozivi"},{"$i":"emergency-call-error","$v":[{"t":"idOrVar","v":"number"}," nije broj za hitne pozive."]},{"$i":"numberIsBusyTitle","$v":"Broj je zauzet"},{"$i":"numberIsBusyMessage","$v":"Broj je trenutno zauzet. Pokušajte ponovo kasnije."},{"$i":"fdnIsActiveTitle","$v":"Opcija FDN je aktivirana"},{"$i":"fdnIsActiveMessage","$v":["Opcija FDN (brojevi fiksnog biranja) je aktivirana i sledeći broj se ne nalazi na vašoj FDN listi: ",{"t":"idOrVar","v":"number"}]},{"$i":"otherConnectionInUseTitle","$v":"Koristi se druga veza"},{"$i":"otherConnectionInUseMessage","$v":"Imate aktivan poziv na drugoj vezi. Ne možete koristiti više veza istovremeno."},{"$i":"GenericFailure","$v":"Generička greška"},{"$i":"CallFailed","$v":"Poziv nije uspeo"},{"$i":"scCallBarring","$v":"Zabrana poziva"},{"$i":"scCallForwarding","$v":"Preusmeravanje poziva"},{"$i":"scClip","$v":"ID pozivaoca dolaznog poziva"},{"$i":"scClir","$v":"ID poziv. odl. poziva"},{"$i":"scPwd","$v":"Promena lozinke"},{"$i":"scCallWaiting","$v":"Poziv na čekanju"},{"$i":"scPin","$v":"Promena PIN koda"},{"$i":"scPin2","$v":"Promena PIN2 koda"},{"$i":"scPuk","$v":"Odblokiraj PIN kod"},{"$i":"scPuk2","$v":"Odblokiraj PIN2 kod"},{"$i":"scImei","$v":"IMEI"},{"$i":"scMeid","$v":"MEID"},{"$i":"scUssd","$v":"USSD"},{"$i":"set-speed-dial","$v":"Pod. kont. za brzo bir."},{"$i":"empty","$v":"Prazno"},{"$i":"voicemail","$v":"Govorna pošta"},{"$i":"speed-dial","$v":"Brzo biranje"},{"$i":"add","$v":"Dodaj"},{"$i":"replace","$v":"Zameni"},{"$i":"remove-from-speed-dial","$v":"Ukloni sa brzog biranja"},{"$i":"custom-dialog-replace-speed-dial","$v":["Želite li sigurno da brzo biranje ",{"t":"idOrVar","v":"oldSpeedDial"}," zamenite ",{"t":"idOrVar","v":"newSpeedDial"},"?"]},{"$i":"custom-dialog-remove-speed-dial","$v":["Želite li sigurno da uklonite ",{"t":"idOrVar","v":"name"}," sa brzog biranja?"]},{"$i":"speed-dial-added","$v":"Broj za brzo biranje je dodat."},{"$i":"speed-dial-removed","$v":"Broj za brzo biranje je uklonjen."},{"$i":"speed-dial-replaced","$v":"Broj za brzo biranje je ažuriran."},{"$i":"voice-mail","$v":"Govorna pošta"},{"$i":"voice-mail-number","$v":["Broj govorne pošte – SIM ",{"t":"idOrVar","v":"n"}]},{"$i":"voice-mail-number-single","$v":"Број говорне поште"},{"$i":"voice-mail-number-updated","$v":"Број говорне поште је ажуриран"},{"$i":"found-duplicates-message","$v":"Pronađen je duplikat informacija za sledeće kontakte. Želite li da ih spojite?"},{"$i":"confirm-to-merge-contacts","$v":["Želite li sigurno da spojite ",{"t":"idOrVar","v":"n"}," kontakata sa ",{"t":"idOrVar","v":"name"},"?"]},{"$i":"contact-merged","$v":"Kontakt je spojen"},{"$i":"find-duplicate-contacts","$v":"Pronađite duplikate kontakata"},{"$i":"no-duplicate-contact-found","$v":"Duplirani kontakti nisu nađeni"},{"$i":"merge","$v":"Spoji"},{"$i":"find-dup","$v":"Pronađite duplikate kontakata"},{"$i":"find-dup-title","$v":"Pronađite duplikate kontakata"},{"$i":"finding-dup-message","$v":"Traženje dupliranih kontakata..."},{"$i":"dup-found-title","$v":"Pronađeni su duplikati"},{"$i":"dup-found-message","$v":"Pronađen je duplikat informacija za sledeće kontakte. Želite li da ih spojite?"},{"$i":"no-dup-found","$v":"Nisu pronađeni duplikati"},{"$i":"merge-conflict-warn","$v":["Sledeće informacije će zameniti „",{"t":"idOrVar","v":"name"},"“:"]},{"$i":"merge-conflict-confirm","$v":"Želite li sigurno da spojite kontakte?"},{"$i":"add-favorite","$v":"Dodaj kao omiljeno"},{"$i":"remove-favorite","$v":"Ukloni omiljeno"},{"$i":"favorite-contacts","$v":"Favoriti"},{"$i":"add-block","$v":"Blokiraj ovaj broj"},{"$i":"remove-block","$v":"Odblokiraj ovaj broj"},{"$i":"add-block-email","$v":"Blokiraj ovu e-adresu"},{"$i":"remove-block-email","$v":"Деблокирај ову поруку е-поште"},{"$i":"add-block-contact-warning","$v":"Nećete primati telefonske pozive ni poruke od ljudi sa liste blokiranja."},{"$i":"add-block-email-warning","$v":"Nećete primati poruke sa ove e-adrese."},{"$i":"block","$v":"Blokiraj"},{"$i":"unblock","$v":"Деблокирај"},{"$i":"block-contacts","$v":"Blokiraj kontakte"},{"$i":"add-block-header","$v":"Dodaj broj za blokiranje"},{"$i":"remove-block-alert","$v":"Uklonjeno je iz blokiranih kontakata."},{"$i":"duplicate-block-number","$v":"Ne možete dodati duplirani broj."},{"$i":"sort-contacts","$v":"Sortiraj kontakte"},{"$i":"sort-by-first-name","$v":"Sortiraj po imenu"},{"$i":"sort-by-last-name","$v":"Sortiraj po prezimenu"},{"$i":"no-support-open-multi-vcard","$v":"Nije moguće otvoriti vCard sa više kontakata"},{"$i":"import","$v":"Uvezi"},{"$i":"sdcard","$v":"Memorijska kartica"},{"$i":"simcard","$v":"SIM kartica"},{"$i":"import-contacts","$v":"Uvezi kontakte"},{"$i":"simContacts-error","$v":"Uvoz kontakata sa SIM kartice nije uspeo"},{"$i":"memoryCardContacts-error","$v":"Uvoz kontakata sa memorijske kartice nije uspeo"},{"$i":"novCardFiles","$v":"На меморијској картици није доступна датотека са контактима."},{"$i":"fullDiskSpace-error","$v":"Skladište je puno, nije moguće uvesti kontakte."},{"$i":"socialServiceContacts-error","$v":["Nije moguće uvesti kontakte iz usluge ",{"t":"idOrVar","v":"service"},"."]},{"$i":"socialServiceContacts-noNetwork","$v":["Ne postoji internet veza, nije moguće uvesti kontakte iz usluge ",{"t":"idOrVar","v":"service"},"."]},{"$i":"simContacts-reading","$v":"Čit. kont. sa SIM kartice..."},{"$i":"memoryCardContacts-reading","$v":"Čitanje kontakata sa memorijske kartice..."},{"$i":"importContactsTitle","$v":"Uvezi kontakte"},{"$i":"retry","$v":"Ponovni pokušaj"},{"$i":"noSimMsg","$v":"Ubacite ili otključajte SIM karticu da biste uvezli kontakte"},{"$i":"noSdcardMsg","$v":"Ubacite memorijsku karticu da biste uvezli kontakte"},{"$i":"not-imported","$v":"Nije uvezeno"},{"$i":"imported","$v":"Uvezeno"},{"$i":"importing","$v":"Uvoz"},{"$i":"contact-imported","$v":["Uvezeni kontakti: ",{"t":"idOrVar","v":"imported"},". Objedinjeni kontakti: ",{"t":"idOrVar","v":"dupes"},"."]},{"$i":"contact-imported2","$v":{"one":"Увезен је 1 контакт.","zero":"Није увежен контакт.","few":[{"t":"idOrVar","v":"imported"}," kontakta su uvezena."],"many":[{"t":"idOrVar","v":"imported"}," kontakata je uvezeno."],"other":[{"t":"idOrVar","v":"imported"}," kontakata je uvezeno."],"two":[{"t":"idOrVar","v":"imported"}," kontakta su uvezena."]},"$x":[{"t":"idOrVar","v":"plural"},"imported"]},{"$i":"reading-contacts-from-sim","$v":"Čitanje kontakata sa SIM kartice..."},{"$i":"reading-contacts-from-gmail","$v":"Čitanje kontakata sa Gmail naloga..."},{"$i":"reading-contacts-from-live","$v":"Čitanje kontakata iz programa Outlook..."},{"$i":"reading-contacts-from-sd","$v":"Čitanje kontakata sa memorijske kartice..."},{"$i":"reading-contacts-from-vcard","$v":"Čitanje kontakata iz datoteke..."},{"$i":"importing-contacts-from-sim","$v":"Uvoz kontakata sa SIM kartice..."},{"$i":"importing-contacts-from-gmail","$v":"Uvoz kontakata sa Gmail naloga..."},{"$i":"importing-contacts-from-live","$v":"Uvoz kontakata iz programa Outlook..."},{"$i":"importing-contacts-from-sd","$v":"Uvoz kontakata sa memorijske kartice..."},{"$i":"importing-contacts-from-vcard","$v":"Uvoz kontakata iz datoteke..."},{"$i":"connect-network-to-import","$v":"Povežite se na WiFi ili mrežu za prenos pod. da biste uvezli kontakte"},{"$i":"importing-confirm","$v":["Uvesti kontakte (",{"t":"idOrVar","v":"n"},") iz datoteke „",{"t":"idOrVar","v":"fileName"},"“?"]},{"$i":"importing-cancel-confirm","$v":"0.0"},{"$i":"import-contact-failed","$v":"Увоз контаката није успео"},{"$i":"phone-storage-full","$v":"Skladište telefona je puno."},{"$i":"import-contact-storage-full","$v":"Uvoz kontakata nije uspeo. Izbrišite podatke aplikacije da biste oslobodili prostor."},{"$i":"contact-import-error-disk-full","$v":"Uvoz kontakata nije dovršen jer je skladište puno. Izbrišite podatke aplikacije da biste oslobodili prostor."},{"$i":"contact-import-error-sim-full","$v":"Uvoz kontakata nije dovršen jer je SIM kartica puna."},{"$i":"contact-import-error-unknown","$v":"Увоз контаката је непотпун због грешке."},{"$i":"import-contacts-canceled","$v":"0.0"},{"$i":"close","$v":"Zatvori"},{"$i":"import-process-cancel","$v":"Процес увоза је отказан."},{"$i":"import-limit-header","$v":"Прекорачено је ограничење величине датотеке"},{"$i":"inner-import-limit-content","$v":"Свака величина датотеке контаката која прелази 10 МБ није увезена."},{"$i":"activity-import-limit-contact","$v":"Увоз контаката није успео због прекорачења ограничења величине датотеке."},{"$i":"activity-import-limit-additional","$v":"(Величина датотеке мора бити мања од 10МБ.)"},{"$i":"bluetooth","$v":"Bluetooth"},{"$i":"export","$v":"Izvoz"},{"$i":"export-contacts","$v":"Izvezi kontakte"},{"$i":"simExport-title","$v":"Izvezi na SIM karticu"},{"$i":"memoryCardExport-title","$v":"Извоз на меморијску картицу ..."},{"$i":"btExport-title","$v":"Izvezi preko Bluetooth-a"},{"$i":"noSimMsgExport","$v":"Ubacite ili otključajte SIM karticu da biste izvezli kontakte"},{"$i":"noSdcardExport","$v":"Ubacite memorijsku karticu da biste izvezli kontakte."},{"$i":"bluetoothNoConnection","$v":"Povežite Bluetooth uređaj da biste izvezli kontakte."},{"$i":"contact-exported","$v":["Izvezeni kontakti: ",{"t":"idOrVar","v":"exported"},"."]},{"$i":"contact-exported2","$v":{"zero":"Ниједан контакт није извезен.","one":"Извезен је 1 контакт.","few":[{"t":"idOrVar","v":"exported"}," kontakta su izvezena."],"many":[{"t":"idOrVar","v":"exported"}," kontakata je izvezeno."],"other":[{"t":"idOrVar","v":"exported"}," kontakata je izvezeno."],"two":[{"t":"idOrVar","v":"exported"}," kontakta su izvezena."]},"$x":[{"t":"idOrVar","v":"plural"},"exported"]},{"$i":"export-contact-failed","$v":"Izvoz kontakta nije uspeo"},{"$i":"contact-export-error-sim-full","$v":"Izvoz kontakata nije dovršen jer je SIM kartica puna."},{"$i":"contact-export-error-sd-full","$v":"Извезени контакти који нису завршени због меморијске картице су пуни."},{"$i":"contact-export-error-unknown","$v":"Извоз контаката није завршен због грешке."},{"$i":"contact-export-canceled","$v":"Proces izvoza je otkazan."},{"$i":"save","$v":"Sačuvaj"},{"$i":"back","$v":"Nazad"},{"$i":"givenName","$v":"Ime"},{"$i":"familyName","$v":"Prezime"},{"$i":"name","$v":"Naziv"},{"$i":"org","$v":"Kompanija"},{"$i":"ringtone","$v":"Ton zvona"},{"$i":"note","$v":"Napomena"},{"$i":"photo","$v":"Слика"},{"$i":"email","$v":"E-pošta"},{"$i":"adr","$v":"Adresa"},{"$i":"custom","$v":"Prilagođeno"},{"$i":"confirm-discard-contact-data","$v":"Informacije kontakta će biti odbačene. Želite li da sačuvate ovaj kontakt?"},{"$i":"confirm-discard-contact-update-data","$v":"Promene će biti odbačene. Želite li da sačuvate ovaj kontakt?"},{"$i":"discard-contact-data","$v":"Promene će biti odbačene."},{"$i":"discard","$v":"Odbaci"},{"$i":"add-others","$v":"Dodaj drugo"},{"$i":"custom-label","$v":"Прилагођена налепница"},{"$i":"input-the-custom-type","$v":"Unesite prilagođeni tip"},{"$i":"contact-added","$v":"Kontakt je dodat."},{"$i":"delete-prompt-message","$v":["Izbrisati ",{"t":"idOrVar","v":"field"},"?"]},{"$i":"delete-photo-msg","$v":"слика"},{"$i":"delete-ringtone-msg","$v":"Ton zvona"},{"$i":"delete-bday-msg","$v":"Rođendan"},{"$i":"delete-note-msg","$v":"Napomena"},{"$i":"delete-org-msg","$v":"Kompanija"},{"$i":"personal","$v":"Lično"},{"$i":"mobile","$v":"Mobilni"},{"$i":"current","$v":"Trenutno"},{"$i":"home","$v":"Kuća"},{"$i":"work","$v":"Posao"},{"$i":"other","$v":"Drugo"},{"$i":"fax-home","$v":"Faks kod kuće"},{"$i":"fax-office","$v":"Faks na poslu"},{"$i":"fax-other","$v":"Drugi faks"},{"$i":"add-phone","$v":"Dodaj telefon"},{"$i":"add-tel","$v":"Dodaj telefon"},{"$i":"add-email","$v":"Dodaj poštu"},{"$i":"add-ringtone","$v":"Dodaj ton zvona"},{"$i":"add-adr","$v":"Dodaj adresu"},{"$i":"add-bday","$v":"Dodaj rođendan"},{"$i":"add-photo","$v":"Dodaj sliku"},{"$i":"add-note","$v":"Dodaj belešku"},{"$i":"add-org","$v":"Dodaj kompaniju"},{"$i":"add-tel-number","$v":"Dodaj broj telefona"},{"$i":"delete-tel","$v":"Izbriši broj telefona"},{"$i":"delete-email","$v":"Izbriši e-poruku"},{"$i":"delete-ringtone","$v":"Izbriši ton zvona"},{"$i":"delete-adr","$v":"Izbriši adresu"},{"$i":"delete-bday","$v":"Izbriši rođendan"},{"$i":"delete-photo","$v":"Избриши слику"},{"$i":"delete-note","$v":"Izbriši napomenu"},{"$i":"delete-org","$v":"Izbriši kompaniju"},{"$i":"edit-tel-type","$v":"Uredi tip telefona"},{"$i":"edit-email-type","$v":"Uredi tip pošte"},{"$i":"edit-adr-type","$v":"Uredi tip adrese"},{"$i":"edit-bday-type","$v":"Uredi rođendan"},{"$i":"replace-photo","$v":"Promeni fotografiju"},{"$i":"replace-ringtone","$v":"Promeni ton zvona"},{"$i":"mobile-tel","$v":"Mobilni telefon"},{"$i":"home-tel","$v":"Telefon kod kuće"},{"$i":"work-tel","$v":"Telefon na poslu"},{"$i":"personal-tel","$v":"Lični telefon"},{"$i":"fax-home-tel","$v":"Faks kod kuće"},{"$i":"fax-office-tel","$v":"Faks na poslu"},{"$i":"fax-other-tel","$v":"Drugi faks"},{"$i":"other-tel","$v":"Drugi telefon"},{"$i":"personal-email","$v":"Лични е-маил"},{"$i":"work-email","$v":"Ворк емаил"},{"$i":"other-email","$v":"Други емаил"},{"$i":"custom-email","$v":[{"t":"idOrVar","v":"type"}," e-pošta"]},{"$i":"custom-tel","$v":[{"t":"idOrVar","v":"type"}," telefon"]},{"$i":"personal-adr","$v":"Lična adresa"},{"$i":"current-adr","$v":"Trenutna adresa"},{"$i":"home-adr","$v":"Kućna adresa"},{"$i":"work-adr","$v":"Adresa na poslu"},{"$i":"custom-adr","$v":[{"t":"idOrVar","v":"type"}," adresa"]},{"$i":"bday","$v":"Rođendan"},{"$i":"birthday","$v":"Rođendan"},{"$i":"streetAddress","$v":"Ulica"},{"$i":"locality","$v":"Grad"},{"$i":"postalCode","$v":"Pošt. broj"},{"$i":"countryName","$v":"Zemlja"},{"$i":"region","$v":"Država"},{"$i":"no-name","$v":"Bez imena"},{"$i":"new-contact","$v":"Novi kontakt"},{"$i":"options","$v":"Opcije"},{"$i":"cancel","$v":"Otkaži"},{"$i":"settings","$v":"Podešavanja"},{"$i":"edit","$v":"Uređivanje"},{"$i":"share","$v":"Deli"},{"$i":"remove","$v":"Ukloni"},{"$i":"compose","$v":"Sastavi"},{"$i":"new-contact-title","$v":"Novi kontakt"},{"$i":"edit-title","$v":"Uredi kontakt"},{"$i":"music","$v":"Muzika"},{"$i":"adr-type","$v":"Врста адресе"},{"$i":"email-type","$v":"Врста е-поште"},{"$i":"tel-type","$v":"Тип телефона"},{"$i":"ICEContactsGroup","$v":"Kontakti u hitnim slučajevima"},{"$i":"setICEButton","$v":"Pod. kontakte u hit. sluč."},{"$i":"ICESettingTitle","$v":"Kontakti u hitnim slučajevima"},{"$i":"ICEDescription","$v":"Dodajte pet kontakata za kreiranje poziva „u hitnim slučajevima“."},{"$i":"ICEContact","$v":["Kontakt u hitnim slučajevima ",{"t":"idOrVar","v":"n"}]},{"$i":"ICESelectContact","$v":"Odaberi kontakt"},{"$i":"delete-ice-contact-warning","$v":"Želite li sigurno da uklonite kontakt u hitnim slučajevima?"},{"$i":"confirm","$v":"Potvrda"},{"$i":"add-ice-failed","$v":"Додавање ИЦЕ није успјело"},{"$i":"create-group","$v":"Kreiraj grupu"},{"$i":"group-name","$v":"Назив групе"},{"$i":"group","$v":"GRUPA"},{"$i":"new-group-created","$v":"Нова група је креирана."},{"$i":"create-group-failed","$v":"Креирај групу није успело."},{"$i":"create-group-too-many","$v":["Možete da kreirate samo ovoliko grupa: ",{"t":"idOrVar","v":"number"},"."]},{"$i":"create-group-duplicate","$v":"Дуплирано име."},{"$i":"rename-group-failed","$v":"Преименуј групу није успело."},{"$i":"new-group","$v":"Novo"},{"$i":"rename","$v":"Preimenuj"},{"$i":"duplicate-removed","$v":"Duplirani kontakti su uklonjeni."},{"$i":"add-to-group","$v":"Додај групи"},{"$i":"remove-from-group","$v":"Уклони из групе"},{"$i":"added-to","$v":["Додато у ",{"t":"idOrVar","v":"гроуп"}]},{"$i":"removed-from","$v":["Уклоњено из ",{"t":"idOrVar","v":"гроуп"}]},{"$i":"select-group","$v":"Изаберите Група"},{"$i":"rename-group","$v":"Преименуј групу"},{"$i":"delete-group","$v":["Želite li sigurno da izbrišete ",{"t":"idOrVar","v":"group"},"?"]},{"$i":"unable-add-warn","$v":"Није могуће додати контакт налогу групи."},{"$i":"edit-contact","$v":"Uredi kontakt"},{"$i":"send-message","$v":"Pošalji poruku"},{"$i":"call","$v":"Poziv"},{"$i":"call-sim-1","$v":"Pozovi - SIM 1"},{"$i":"call-sim-2","$v":"Pozovi - SIM 2"},{"$i":"send-email","$v":"Pošalji poštu"},{"$i":"choose-number","$v":"Изаберите број"},{"$i":"choose-email-address","$v":"Izaberi e-adresu"},{"$i":"delete","$v":"Izbriši"},{"$i":"select","$v":"Odaberi"},{"$i":"select-all","$v":"Odaberi sve"},{"$i":"select-all2","$v":"Sve"},{"$i":"deselect-all","$v":"Opozovi izbor svega"},{"$i":"deselect-all2","$v":"Nema"},{"$i":"deselect","$v":"Poništi izbor"},{"$i":"selected-contacts","$v":{"few":[{"t":"idOrVar","v":"n"}," odabrana"],"many":[{"t":"idOrVar","v":"n"}," odabrano"],"one":[{"t":"idOrVar","v":"n"}," odabran"],"other":[{"t":"idOrVar","v":"n"}," odabrano"],"two":[{"t":"idOrVar","v":"n"}," odabrana"],"zero":"nijedan nije odabran"},"$x":[{"t":"idOrVar","v":"plural"},"n"]},{"$i":"massive-delete","$v":"Izbriši kontakte"},{"$i":"confirm-contact-delete","$v":["Želite li sigurno da izbrišete kontakt \"",{"t":"idOrVar","v":"name"},"\"?"]},{"$i":"DeletedTxt","$v":{"few":[{"t":"idOrVar","v":"n"}," kontakta uklonjena"],"many":[{"t":"idOrVar","v":"n"}," kontakata uklonjeno"],"one":"1 kontakt uklonjen","other":[{"t":"idOrVar","v":"n"}," kontakata uklonjeno"],"two":[{"t":"idOrVar","v":"n"}," kontakta uklonjena"],"zero":"Nema kontakta za brisanje"},"$x":[{"t":"idOrVar","v":"plural"},"n"]},{"$i":"DeletingContacts","$v":"Izbriši kontakte"},{"$i":"DeletingContactsProgressing","$v":"Brisanje kontakata"},{"$i":"ContactConfirmDel","$v":{"few":["Izbrisati ",{"t":"idOrVar","v":"n"}," kontakata? Ovo nije moguće opozvati."],"many":["Izbrisati ",{"t":"idOrVar","v":"n"}," kontakata? Ovo nije moguće opozvati."],"one":"Izbrisati 1 kontakt? Ovo nije moguće opozvati.","other":["Izbrisati ",{"t":"idOrVar","v":"n"}," kontakata? Ovo nije moguće opozvati."],"two":["Izbrisati kontakte (",{"t":"idOrVar","v":"n"},")? Ovo nije moguće opozvati."],"zero":"Nema kontakta za brisanje"},"$x":[{"t":"idOrVar","v":"plural"},"n"]},{"$i":"contact-deleted","$v":{"zero":"0.0","one":"1 контакт је избрисан","few":[{"t":"idOrVar","v":"n"}," kontakta su izbrisana."],"many":[{"t":"idOrVar","v":"n"}," kontakata je izbrisano."],"other":[{"t":"idOrVar","v":"n"}," kontakata je izbrisano."],"two":[{"t":"idOrVar","v":"n"}," kontakta su izbrisana."]},"$x":[{"t":"idOrVar","v":"plural"},"n"]},{"$i":"a-contact-deleted","$v":"Kontakt je obrisan."},{"$i":"settings-title","$v":"Podešavanja kontakta"},{"$i":"change-will-update-until-restart","$v":"Промене ће се ажурирати следећи пут када се покрену Контакти."},{"$i":"transfer-contacts","$v":"Prenos kontakata"},{"$i":"service-number","$v":"Broj usluge"},{"$i":"no-contacts-found","$v":"Nema pogodaka."},{"$i":"search","$v":"Претражите контакте","placeholder":"Претражите контакте"},{"$i":"search-option","$v":"Traži"},{"$i":"accounts","$v":"Nalozi"},{"$i":"account","$v":"Nalog"},{"$i":"add-account","$v":"Dodaj nalog"},{"$i":"add-account-failed","$v":"Došlo je do nepoznate greške, pokušajte ponovo kasnije."},{"$i":"duplicate-account-warn","$v":"Nalog već postoji. Sinhronizacija je uključena."},{"$i":"setting-up-account","$v":"Podešavanje naloga"},{"$i":"no-network-warn","$v":"Nema internet veze."},{"$i":"username","$v":"Korisničko ime"},{"$i":"password","$v":"Lozinka"},{"$i":"delete-account","$v":"Obriši nalog"},{"$i":"delete-account-long","$v":"Обришите налог"},{"$i":"delete-account-warn","$v":"Ako izbrišete ovaj nalog, to će uticati i na aplikacije koje ga koriste."},{"$i":"deleting-account","$v":"Брисање налога ..."},{"$i":"delete-account-failed","$v":"Brisanje naloga nije uspelo, pokušajte ponovo kasnije."},{"$i":"delete-account-ok","$v":"Рачун је избрисан."},{"$i":"sync","$v":"Sinhronizacija"},{"$i":"sync-title","$v":"Sinhr. kontakata"},{"$i":"sync-failed-warn","$v":"Синхронизација није успела."},{"$i":"sync-off-warn","$v":"Синхронизација се искључује у подешавањима."},{"$i":"show-account-contacts","$v":"Прикажи контакте рачуна"},{"$i":"sync-account-contacts","$v":"0.0"},{"$i":"sync-account-contacts-warning","$v":["Nalozi koje kontakt uređuje neće se sinhronizovati sa oblakom kada se opozove izbor prekidača „",{"t":"idOrVar","v":"switch"},"“, želite li ipak da opozovete izbor?"]},{"$i":"yes","$v":"Da"},{"$i":"all-contacts-synced","$v":"Сви контакти се синхронизују."},{"$i":"contact-syncing","$v":"Синхронизација контаката ..."},{"$i":"contacts-sync-limit-exceed","$v":"Sinhronizacija kontakata nije dovršena jer je premašeno ograničenje za kontakte."},{"$i":"show-password","$v":"Prikaži lozinku"},{"$i":"password-incorrect","$v":"Lozinka nije tačna."},{"$i":"re-enter-password","$v":"Поново унесите лозинку"},{"$i":"accessing-warn","$v":"Došlo je do problema prilikom pristupa vašem nalogu."},{"$i":"accessing-warn-password","$v":"Ponovo unesite lozinku."},{"$i":"re-enter-password-on-setting","$v":"Молимо вас да поново унесете лозинку у поставкама контаката."},{"$i":"accessing-warn-relogin","$v":"Izbrišite nalog i ponovo se prijavite."},{"$i":"update-password-failed","$v":"Ažuriranje lozinke nije uspelo, pokušajte ponovo kasnije."},{"$i":"connect-time-out","$v":["Nije moguće uspostaviti vezu sa serverom „",{"t":"idOrVar","v":"server"},"“. Možda postoji problem sa mrežom."]},{"$i":"server-error","$v":"Server je nedostupan. Pokušajte ponovo kasnije."},{"$i":"loading","$v":"Učitavanje…"},{"$i":"ellipsis","$v":"..."},{"$i":"stop-syncing-warn-title","$v":"Синхронизација контаката"},{"$i":"stop-syncing-warn","$v":"Затварање апликације зауставит ће процес синхронизације контаката. Да ли га и даље желите затворити?"},{"$i":"weekday-0-long","$v":"Nedelja"},{"$i":"weekday-1-long","$v":"Ponedeljak"},{"$i":"weekday-2-long","$v":"Utorak"},{"$i":"weekday-3-long","$v":"Sreda"},{"$i":"weekday-4-long","$v":"Četvrtak"},{"$i":"weekday-5-long","$v":"Petak"},{"$i":"weekday-6-long","$v":"Subota"},{"$i":"weekday-0-short","$v":"Ned"},{"$i":"weekday-1-short","$v":"Pon"},{"$i":"weekday-2-short","$v":"Uto"},{"$i":"weekday-3-short","$v":"Sre"},{"$i":"weekday-4-short","$v":"Čet"},{"$i":"weekday-5-short","$v":"Pet"},{"$i":"weekday-6-short","$v":"Sub"},{"$i":"month-0-long","$v":"Januar"},{"$i":"month-1-long","$v":"Februar"},{"$i":"month-2-long","$v":"Mart"},{"$i":"month-3-long","$v":"April"},{"$i":"month-4-long","$v":"Maj"},{"$i":"month-5-long","$v":"Jun"},{"$i":"month-6-long","$v":"Jul"},{"$i":"month-7-long","$v":"Avgust"},{"$i":"month-8-long","$v":"Septembar"},{"$i":"month-9-long","$v":"Oktobar"},{"$i":"month-10-long","$v":"Novembar"},{"$i":"month-11-long","$v":"Decembar"},{"$i":"month-0-genitive","$v":"Januar"},{"$i":"month-1-genitive","$v":"Februar"},{"$i":"month-2-genitive","$v":"Mart"},{"$i":"month-3-genitive","$v":"April"},{"$i":"month-4-genitive","$v":"Maj"},{"$i":"month-5-genitive","$v":"Jun"},{"$i":"month-6-genitive","$v":"Jul"},{"$i":"month-7-genitive","$v":"Avgust"},{"$i":"month-8-genitive","$v":"Septembar"},{"$i":"month-9-genitive","$v":"Oktobar"},{"$i":"month-10-genitive","$v":"Novembar"},{"$i":"month-11-genitive","$v":"Decembar"},{"$i":"month-0-short","$v":"Jan"},{"$i":"month-1-short","$v":"Feb"},{"$i":"month-2-short","$v":"Mar"},{"$i":"month-3-short","$v":"Apr"},{"$i":"month-4-short","$v":"Maj"},{"$i":"month-5-short","$v":"Jun"},{"$i":"month-6-short","$v":"Jul"},{"$i":"month-7-short","$v":"Avg"},{"$i":"month-8-short","$v":"Sep"},{"$i":"month-9-short","$v":"Okt"},{"$i":"month-10-short","$v":"Nov"},{"$i":"month-11-short","$v":"Dec"},{"$i":"minutes-ago-long","$v":{"few":["Pre ",{"t":"idOrVar","v":"value"}," minuta"],"many":["Pre ",{"t":"idOrVar","v":"value"}," minuta"],"other":["Pre ",{"t":"idOrVar","v":"value"}," minuta"],"two":["Pre ",{"t":"idOrVar","v":"value"}," minuta"],"one":"pre jednog minuta","zero":"malopre"},"$x":[{"t":"idOrVar","v":"plural"},"value"]},{"$i":"hours-ago-long","$v":{"few":["Pre ovoliko sati: ",{"t":"idOrVar","v":"value"}],"many":["Pre ovoliko sati: ",{"t":"idOrVar","v":"value"}],"other":["Pre ovoliko sati: ",{"t":"idOrVar","v":"value"}],"two":["Pre ovoliko sati: ",{"t":"idOrVar","v":"value"}],"one":"пре 1 сат","zero":"malopre"},"$x":[{"t":"idOrVar","v":"plural"},"value"]},{"$i":"days-ago-long","$v":{"few":["Pre ",{"t":"idOrVar","v":"value"}," dana"],"many":["Pre ",{"t":"idOrVar","v":"value"}," dana"],"one":"juče","other":["Pre ",{"t":"idOrVar","v":"value"}," dana"],"two":["Pre ",{"t":"idOrVar","v":"value"}," dana"],"zero":"danas"},"$x":[{"t":"idOrVar","v":"plural"},"value"]},{"$i":"weeks-ago-long","$v":{"few":["Pre ovoliko nedelja: ",{"t":"idOrVar","v":"value"}],"many":["Pre ovoliko nedelja: ",{"t":"idOrVar","v":"value"}],"one":"prošle nedelje","other":["Pre ovoliko nedelja: ",{"t":"idOrVar","v":"value"}],"two":["Pre ovoliko nedelja: ",{"t":"idOrVar","v":"value"}],"zero":"ove nedelje"},"$x":[{"t":"idOrVar","v":"plural"},"value"]},{"$i":"months-ago-long","$v":{"few":["Pre ovoliko meseci: ",{"t":"idOrVar","v":"value"}],"many":["Pre ovoliko meseci: ",{"t":"idOrVar","v":"value"}],"one":"prošli mesec","other":["Pre ovoliko meseci: ",{"t":"idOrVar","v":"value"}],"two":["Pre ovoliko meseci: ",{"t":"idOrVar","v":"value"}],"zero":"ovog meseca"},"$x":[{"t":"idOrVar","v":"plural"},"value"]},{"$i":"years-ago-long","$v":{"few":["Pre ovoliko godina: ",{"t":"idOrVar","v":"value"}],"many":["Pre ovoliko godina: ",{"t":"idOrVar","v":"value"}],"one":"prošle godine","other":["Pre ovoliko godina: ",{"t":"idOrVar","v":"value"}],"two":["Pre ovoliko godina: ",{"t":"idOrVar","v":"value"}],"zero":"ove godine"},"$x":[{"t":"idOrVar","v":"plural"},"value"]},{"$i":"minutes-until-long","$v":{"few":["za ",{"t":"idOrVar","v":"value"}," minuta"],"many":["za ",{"t":"idOrVar","v":"value"}," minuta"],"other":["za ",{"t":"idOrVar","v":"value"}," minuta"],"two":["za ",{"t":"idOrVar","v":"value"}," minuta"],"zero":"sada","one":"за 1 минут"},"$x":[{"t":"idOrVar","v":"plural"},"value"]},{"$i":"hours-until-long","$v":{"few":["za ",{"t":"idOrVar","v":"value"}," sata/i"],"many":["za ",{"t":"idOrVar","v":"value"}," sata/i"],"other":["za ",{"t":"idOrVar","v":"value"}," sata/i"],"two":["za ",{"t":"idOrVar","v":"value"}," sata/i"],"zero":"sada","one":"за 1 сат"},"$x":[{"t":"idOrVar","v":"plural"},"value"]},{"$i":"days-until-long","$v":{"few":["za ",{"t":"idOrVar","v":"value"}," dana"],"many":["za ",{"t":"idOrVar","v":"value"}," dana"],"one":"sutra","other":["za ",{"t":"idOrVar","v":"value"}," dana"],"two":["za ",{"t":"idOrVar","v":"value"}," dana"],"zero":"danas"},"$x":[{"t":"idOrVar","v":"plural"},"value"]},{"$i":"weeks-until-long","$v":{"few":["za ",{"t":"idOrVar","v":"value"}," nedelje/a"],"many":["za ",{"t":"idOrVar","v":"value"}," nedelje/a"],"one":"sledeća nedelja","other":["za ",{"t":"idOrVar","v":"value"}," nedelje/a"],"two":["za ",{"t":"idOrVar","v":"value"}," nedelje/a"],"zero":"ove nedelje"},"$x":[{"t":"idOrVar","v":"plural"},"value"]},{"$i":"months-until-long","$v":{"few":["za ",{"t":"idOrVar","v":"value"}," meseca/i"],"many":["za ",{"t":"idOrVar","v":"value"}," meseca/i"],"one":"sledeći mesec","other":["za ",{"t":"idOrVar","v":"value"}," meseca/i"],"two":["za ",{"t":"idOrVar","v":"value"}," meseca/i"],"zero":"ovog meseca"},"$x":[{"t":"idOrVar","v":"plural"},"value"]},{"$i":"years-until-long","$v":{"few":["za ",{"t":"idOrVar","v":"value"}," godine/a"],"many":["za ",{"t":"idOrVar","v":"value"}," godine/a"],"one":"sledeća godina","other":["za ",{"t":"idOrVar","v":"value"}," godine/a"],"two":["za ",{"t":"idOrVar","v":"value"}," godine/a"],"zero":"ove godine"},"$x":[{"t":"idOrVar","v":"plural"},"value"]},{"$i":"minutes-ago-short","$v":{"other":["Pre ",{"t":"idOrVar","v":"value"}," m"],"zero":"malopre"},"$x":[{"t":"idOrVar","v":"plural"},"value"]},{"$i":"hours-ago-short","$v":{"other":["Pre ",{"t":"idOrVar","v":"value"}," h"],"zero":"malopre"},"$x":[{"t":"idOrVar","v":"plural"},"value"]},{"$i":"days-ago-short","$v":{"other":["Pre ",{"t":"idOrVar","v":"value"}," d"],"zero":"danas"},"$x":[{"t":"idOrVar","v":"plural"},"value"]},{"$i":"minutes-until-short","$v":{"other":["za ",{"t":"idOrVar","v":"value"}," m"],"zero":"sada"},"$x":[{"t":"idOrVar","v":"plural"},"value"]},{"$i":"hours-until-short","$v":{"other":["za ",{"t":"idOrVar","v":"value"}," h"],"zero":"sada"},"$x":[{"t":"idOrVar","v":"plural"},"value"]},{"$i":"days-until-short","$v":{"other":["za ",{"t":"idOrVar","v":"value"}," d"],"zero":"danas"},"$x":[{"t":"idOrVar","v":"plural"},"value"]},{"$i":"incorrectDate","$v":"(netačan datum)"},{"$i":"dateTimeFormat_%c","$v":"%a %b %e %Y %I:%M:%S %p"},{"$i":"dateTimeFormat_%x","$v":"%m/%d/%Y"},{"$i":"dateTimeFormat_%X","$v":"%I:%M:%S %p"},{"$i":"shortTimeFormat","$v":"%I:%M %p"},{"$i":"shortTimeFormat12","$v":"%I:%M %p"},{"$i":"shortTimeFormat24","$v":"%H:%M"},{"$i":"shortDateTimeFormat","$v":"%x %I:%M %p"},{"$i":"weekStartsOnMonday","$v":"0.0"},{"$i":"firstDayOfTheWeek","$v":"1.0"},{"$i":"time_am","$v":"AM"},{"$i":"time_pm","$v":"Posle podne"},{"$i":"sim-with-index-and-carrier","$v":["SIM ",{"t":"idOrVar","v":"index"}," - ",{"t":"idOrVar","v":"carrier"}]},{"$i":"sim-without-carrier","$v":["SIM ",{"t":"idOrVar","v":"index"}]}]