[{"$i":"contacts","$v":"Kişiler"},{"$i":"view","$v":"Görüntüle"},{"$i":"no-contacts","$v":"Kişi yok"},{"$i":"reading-contacts","$v":"Kişiler yükleniyor..."},{"$i":"start-adding","$v":"Kişi eklemek için Yeni seçeneğine basın ya da Ayarlar seçeneğine gidin."},{"$i":"no-contact-available","$v":"Kullanılabilir kişi yok"},{"$i":"requested-contact-not-available","$v":"İstenilen bilgi mevcut kişilerde yok"},{"$i":"cannot-add-as-empty","$v":"Kişi listeniz boş olduğundan kişiye eklenemez"},{"$i":"ok","$v":"Tamam"},{"$i":"no-phone-number-to-dial","$v":"Çevrilecek telefon numarası yok"},{"$i":"video-call","$v":"Görüntülü arama"},{"$i":"rtt-call","$v":"RTT araması"},{"$i":"select-a-contact","$v":"Kişi seç"},{"$i":"multi-pick-max-warn","$v":["Maksimum ",{"t":"idOrVar","v":"n"}," adet seçildi"]},{"$i":"add-contact-failed","$v":"Kişi eklenemedi"},{"$i":"no-sim-card-available","$v":"Kullanılabilir SIM kart yok"},{"$i":"email-cannot-add-to-sim","$v":"E-posta, mevcut bellek seçimi tarafından desteklenmiyor."},{"$i":"add-info-failed","$v":"Bilgi Ekleme Başarısız"},{"$i":"no-contact-to-add","$v":"Eklenebilecek kullanılabilir bir kişi yok."},{"$i":"move","$v":"Taşı"},{"$i":"copy","$v":"Kopyala"},{"$i":"copy-contacts","$v":"Kişileri kopyala"},{"$i":"move-contacts","$v":"Kişileri taşı"},{"$i":"phone-memory","$v":"Telefon belleği"},{"$i":"sim-memory","$v":"SIM belleği"},{"$i":"sim-0-memory","$v":"SIM 1 belleği"},{"$i":"sim-1-memory","$v":"SIM 2 belleği"},{"$i":"move-from","$v":"Buradan taşı"},{"$i":"copy-from","$v":"Buradan kopyala:"},{"$i":"to","$v":"Alıcı"},{"$i":"move-contacts-progressing","$v":"Kişiler taşınıyor..."},{"$i":"copy-contacts-progressing","$v":"Kişiler kopyalanıyor..."},{"$i":"contact-move-to-sim","$v":{"few":[{"t":"idOrVar","v":"migrated"}," kişi SIM'e taşındı."],"many":[{"t":"idOrVar","v":"migrated"}," kişi SIM'e taşındı."],"one":"1 kişi SIM'e taşındı.","other":[{"t":"idOrVar","v":"migrated"}," kişi SIM'e taşındı."],"two":[{"t":"idOrVar","v":"migrated"}," kişi SIM'e taşındı."],"zero":"SIM'e kişi taşınmadı."},"$x":[{"t":"idOrVar","v":"plural"},"migrated"]},{"$i":"contact-copy-to-sim","$v":{"few":[{"t":"idOrVar","v":"migrated"}," kişi SIM'e kopyalandı."],"many":[{"t":"idOrVar","v":"migrated"}," kişi SIM'e kopyalandı."],"one":"1 kişi SIM'e kopyalandı.","other":[{"t":"idOrVar","v":"migrated"}," kişi SIM'e kopyalandı."],"two":[{"t":"idOrVar","v":"migrated"}," kişi SIM'e kopyalandı."],"zero":"SIM'e kişi kopyalanmadı."},"$x":[{"t":"idOrVar","v":"plural"},"migrated"]},{"$i":"contact-move-to-sim0","$v":{"few":[{"t":"idOrVar","v":"migrated"}," kişi SIM 1'e taşındı."],"many":[{"t":"idOrVar","v":"migrated"}," kişi SIM 1'e taşındı."],"one":"1 kişi SIM 1'e taşındı.","other":[{"t":"idOrVar","v":"migrated"}," kişi SIM 1'e taşındı."],"two":[{"t":"idOrVar","v":"migrated"}," kişi SIM 1'e taşındı."],"zero":"SIM 1'e kişi taşınmadı."},"$x":[{"t":"idOrVar","v":"plural"},"migrated"]},{"$i":"contact-copy-to-sim0","$v":{"few":[{"t":"idOrVar","v":"migrated"}," kişi SIM 1'e kopyalandı."],"many":[{"t":"idOrVar","v":"migrated"}," kişi SIM 1'e kopyalandı."],"one":"1 kişi SIM 1'e kopyalandı.","other":[{"t":"idOrVar","v":"migrated"}," kişi SIM 1'e kopyalandı."],"two":[{"t":"idOrVar","v":"migrated"}," kişi SIM 1'e kopyalandı."],"zero":"SIM 1'e kişi kopyalanmadı."},"$x":[{"t":"idOrVar","v":"plural"},"migrated"]},{"$i":"contact-move-to-sim1","$v":{"few":[{"t":"idOrVar","v":"migrated"}," kişi SIM 2'ye taşındı."],"many":[{"t":"idOrVar","v":"migrated"}," kişi SIM 2'ye taşındı."],"one":"1 kişi SIM 2'ye taşındı.","other":[{"t":"idOrVar","v":"migrated"}," kişi SIM 2'ye taşındı."],"two":[{"t":"idOrVar","v":"migrated"}," kişi SIM 2'ye taşındı."],"zero":"SIM 2'ye kişi taşınmadı."},"$x":[{"t":"idOrVar","v":"plural"},"migrated"]},{"$i":"contact-copy-to-sim1","$v":{"few":[{"t":"idOrVar","v":"migrated"}," kişi SIM 2'ye kopyalandı."],"many":[{"t":"idOrVar","v":"migrated"}," kişi SIM 2'ye kopyalandı."],"one":"1 kişi SIM 2'ye kopyalandı.","other":[{"t":"idOrVar","v":"migrated"}," kişi SIM 2'ye kopyalandı."],"two":[{"t":"idOrVar","v":"migrated"}," kişi SIM 2'ye kopyalandı."],"zero":"SIM 2'ye kişi kopyalanmadı."},"$x":[{"t":"idOrVar","v":"plural"},"migrated"]},{"$i":"contact-move-to-device","$v":{"one":"1 kişi cihaza taşındı.","zero":"Cihaza kişi taşınmadı.","few":[{"t":"idOrVar","v":"migrated"}," kişi cihaza taşındı."],"many":[{"t":"idOrVar","v":"migrated"}," kişi cihaza taşındı."],"other":[{"t":"idOrVar","v":"migrated"}," kişi cihaza taşındı."],"two":[{"t":"idOrVar","v":"migrated"}," kişi cihaza taşındı."]},"$x":[{"t":"idOrVar","v":"plural"},"migrated"]},{"$i":"contact-copy-to-device","$v":{"one":"1 kişi cihaza kopyalandı.","zero":"Cihaza kişi kopyalanmadı.","few":[{"t":"idOrVar","v":"migrated"}," kişi cihaza kopyalandı."],"many":[{"t":"idOrVar","v":"migrated"}," kişi cihaza kopyalandı."],"other":[{"t":"idOrVar","v":"migrated"}," kişi cihaza kopyalandı."],"two":[{"t":"idOrVar","v":"migrated"}," kişi cihaza kopyalandı."]},"$x":[{"t":"idOrVar","v":"plural"},"migrated"]},{"$i":"copy-contact-failed","$v":"Kişileri kopyalama başarısız"},{"$i":"move-contact-failed","$v":"Kişileri taşıma başarısız"},{"$i":"contact-copy-error-sim-full","$v":"SIM kart dolu olduğundan kişileri kopyalama işlemi tamamlanamadı."},{"$i":"contact-copy-error-unknown","$v":"Bir hata yüzünden kişileri kopyalama işlemi tamamlanamadı."},{"$i":"contact-copy-error-limit-exceeded","$v":"Telefon kişisi sınırı aşıldığından kişi kopyalama işlemi tamamlanamadı."},{"$i":"contact-move-error-sim-full","$v":"SIM kart dolu olduğundan kişileri taşıma işlemi tamamlanamadı."},{"$i":"contact-move-error-unknown","$v":"Bir hata yüzünden kişileri taşıma işlemi tamamlanamadı."},{"$i":"contact-move-error-limit-exceeded","$v":"Telefon kişisi sınırı aşıldığından kişi taşıma işlemi tamamlanamadı."},{"$i":"contact-save-error-unknown","$v":"Bir hata yüzünden kişi kaydetme işlemi tamamlanamadı."},{"$i":"memory","$v":"Bellek"},{"$i":"phone-and-sim","$v":"Telefon ve SIM"},{"$i":"phone","$v":"Telefon"},{"$i":"sim","$v":"SIM"},{"$i":"reloading-contact","$v":"Kişiler yeniden yükleniyor.."},{"$i":"contact-reloaded","$v":"Kişiler tekrar yüklendi"},{"$i":"message","$v":"Mesaj"},{"$i":"changes-saved","$v":"Değişiklikler kaydedildi."},{"$i":"already-ice-contact","$v":"Seçili kişi, Acil Durumda Aranacak (ICE) olarak ayarlanmış durumdadır."},{"$i":"phone-contacts-limit-exceeded","$v":"Telefon rehber sınırına ulaşıldı."},{"$i":"sim-contacts-limit-exceeded","$v":"SIM rehber sınırına ulaşıldı."},{"$i":"more-info","$v":"Diğer"},{"$i":"callAirplaneModeTitle","$v":"Uçak modu etkin"},{"$i":"callAirplaneModeMessage","$v":"Çağrı yapabilmek için Ayarlar'da uçak modunu kapatmalısınız."},{"$i":"emergencyDialogTitle","$v":"Şebeke bağlantısı yok"},{"$i":"emergencyDialogBodyBadNumber","$v":"Çağrı yapmak için telefon bir şebekeye bağlı olmalıdır."},{"$i":"emergencyDialogBodyDeviceNotAccepted","$v":"Acil çağrılara şebeke tarafından izin verilmemektedir."},{"$i":"invalidNumberToDialTitle","$v":"Geçersiz telefon numarası"},{"$i":"invalidNumberToDialMessage","$v":"Aradığınız telefon numarası geçersiz."},{"$i":"invalidNumberToSendTitle","$v":"Geçersiz telefon numarası"},{"$i":"invalidNumberToSendMessage","$v":"Mesaj gönderdiğiniz telefon numarası geçerli değil."},{"$i":"emergency-call-only","$v":"Yalnızca Acil Çağrı"},{"$i":"emergency-call-error","$v":[{"t":"idOrVar","v":"number"}," bir acil durum numarası değil."]},{"$i":"numberIsBusyTitle","$v":"Numara meşgul"},{"$i":"numberIsBusyMessage","$v":"Aradığınız numara şu anda meşgul. Lütfen daha sonra tekrar deneyin."},{"$i":"fdnIsActiveTitle","$v":"FDN etkin"},{"$i":"fdnIsActiveMessage","$v":["FDN (Sabit Arama Numaraları) etkinleştirildi ve şu numara FDN listenizde değil: ",{"t":"idOrVar","v":"number"}]},{"$i":"otherConnectionInUseTitle","$v":"Başka bir bağlantı kullanımda"},{"$i":"otherConnectionInUseMessage","$v":"Başka bir bağlantıda aktif bir çağrınız var. Bir seferde sadece bir bağlantı kullanabilirsiniz."},{"$i":"GenericFailure","$v":"Genel Hata"},{"$i":"CallFailed","$v":"Çağrı başarısız"},{"$i":"scCallBarring","$v":"Çağrı engelleme"},{"$i":"scCallForwarding","$v":"Çağrı yönlendirme"},{"$i":"scClip","$v":"Arayan kimliği"},{"$i":"scClir","$v":"Aranan kimliği"},{"$i":"scPwd","$v":"Şifre değiştir"},{"$i":"scCallWaiting","$v":"Çağrı bekletiliyor"},{"$i":"scPin","$v":"PIN değiştir"},{"$i":"scPin2","$v":"PIN2 değiştir"},{"$i":"scPuk","$v":"PIN blokesini kaldır"},{"$i":"scPuk2","$v":"PIN2 blokesini kaldır"},{"$i":"scImei","$v":"IMEI"},{"$i":"scMeid","$v":"MEID"},{"$i":"scUssd","$v":"USSD"},{"$i":"set-speed-dial","$v":"Hızl arama kişilerini belirle"},{"$i":"empty","$v":"Boş"},{"$i":"voicemail","$v":"Sesli mesaj"},{"$i":"speed-dial","$v":"Hızlı arama"},{"$i":"add","$v":"Ekle"},{"$i":"replace","$v":"Değiştir"},{"$i":"remove-from-speed-dial","$v":"Hızlı aramadan kaldır"},{"$i":"custom-dialog-replace-speed-dial","$v":[{"t":"idOrVar","v":"oldSpeedDial"}," Hızlı Aramasını ",{"t":"idOrVar","v":"newSpeedDial"}," ile değiştirmek istediğinizden emin misiniz?"]},{"$i":"custom-dialog-remove-speed-dial","$v":[{"t":"idOrVar","v":"name"}," kişisini Hızlı Aramadan kaldırmak istediğinizden emin misiniz?"]},{"$i":"speed-dial-added","$v":"Hızlı Arama numarası eklendi"},{"$i":"speed-dial-removed","$v":"Hızlı Arama numarası kaldırıldı."},{"$i":"speed-dial-replaced","$v":"Hızlı Arama numarası güncellendi."},{"$i":"voice-mail","$v":"Sesli Mesaj"},{"$i":"voice-mail-number","$v":["Sesli Posta Numarası - SIM ",{"t":"idOrVar","v":"n"}]},{"$i":"voice-mail-number-single","$v":"Sesli Mesaj Numarası"},{"$i":"voice-mail-number-updated","$v":"Sesli Mesaj numarası güncellendi"},{"$i":"found-duplicates-message","$v":"Aşağıdaki kişilerde yinelenen bilgiler bulundu. Birleştirmek ister misiniz?"},{"$i":"confirm-to-merge-contacts","$v":[{"t":"idOrVar","v":"n"}," kişiyi ",{"t":"idOrVar","v":"name"}," ile birleştirmek istediğinizden emin misiniz?"]},{"$i":"contact-merged","$v":"Kişi birleştirildi"},{"$i":"find-duplicate-contacts","$v":"Yinelenen kişileri bul"},{"$i":"no-duplicate-contact-found","$v":"Yinelenen kişi yok"},{"$i":"merge","$v":"Birleştir"},{"$i":"find-dup","$v":"Yinelenen kişileri bul"},{"$i":"find-dup-title","$v":"Yinelenen Kişileri Bul"},{"$i":"finding-dup-message","$v":"İki kez kaydedilen kişiler aranıyor..."},{"$i":"dup-found-title","$v":"Yinelenenler Bulundu"},{"$i":"dup-found-message","$v":"Aşağıdaki kişi(ler) iki kez kaydedilmiş. Birleştirmek ister misiniz?"},{"$i":"no-dup-found","$v":"Yinelenen Bulunamadı"},{"$i":"merge-conflict-warn","$v":["Aşağıdaki bilgiler “",{"t":"idOrVar","v":"name"},"” tarafından üzerine yazılacak:"]},{"$i":"merge-conflict-confirm","$v":"Kişileri birleştirmek istediğinizden emin misiniz?"},{"$i":"add-favorite","$v":"Sık kullanılanlara ekle"},{"$i":"remove-favorite","$v":"Favorilerden çıkar"},{"$i":"favorite-contacts","$v":"Sık kullanılan kişiler"},{"$i":"add-block","$v":"Bu numarayı engelle"},{"$i":"remove-block","$v":"Bu numaranın engelini kaldır"},{"$i":"add-block-email","$v":"Bu e-postayı engelle"},{"$i":"remove-block-email","$v":"Bu e-postanın engelini kaldır"},{"$i":"add-block-contact-warning","$v":"Engellediğiniz kişilerden telefon çağrısı ve mesaj almayacaksınız."},{"$i":"add-block-email-warning","$v":"Bu e-posta adresinden mesaj almayacaksınız."},{"$i":"block","$v":"Engelle"},{"$i":"unblock","$v":"Engeli kaldır"},{"$i":"block-contacts","$v":"Kişileri Engelle"},{"$i":"add-block-header","$v":"Blok Numarası Ekle"},{"$i":"remove-block-alert","$v":"Engellenen Kişiler'den kaldırıldı."},{"$i":"duplicate-block-number","$v":"Aynı numara eklenemez."},{"$i":"sort-contacts","$v":"Kişileri sırala"},{"$i":"sort-by-first-name","$v":"Ada göre sırala"},{"$i":"sort-by-last-name","$v":"Soyadına göre sırala"},{"$i":"no-support-open-multi-vcard","$v":"Birden fazla kişiyle vCard açılamaz"},{"$i":"import","$v":"İçe aktar"},{"$i":"sdcard","$v":"Bellek kartı"},{"$i":"simcard","$v":"SIM kart"},{"$i":"import-contacts","$v":"Kişileri içe aktar"},{"$i":"simContacts-error","$v":"Kişiler SIM karttan içe aktarılamadı"},{"$i":"memoryCardContacts-error","$v":"Kişiler bellek kartından içe aktarılamadı"},{"$i":"novCardFiles","$v":"Hafıza kartında kişi dosyası bulunamadı."},{"$i":"fullDiskSpace-error","$v":"Depolama alanı dolu, kişiler içeri aktarılamıyor."},{"$i":"socialServiceContacts-error","$v":["Kişiler ",{"t":"idOrVar","v":"service"}," üzerinden içe aktarılamıyor."]},{"$i":"socialServiceContacts-noNetwork","$v":["İnternet bağlantısı yok, kişiler ",{"t":"idOrVar","v":"service"}," üzerinden içeri aktarılamıyor."]},{"$i":"simContacts-reading","$v":"Kişiler SIM Karttan Okunuyor..."},{"$i":"memoryCardContacts-reading","$v":"Kişiler bellek kartından okunuyor..."},{"$i":"importContactsTitle","$v":"Kişileri içe aktar"},{"$i":"retry","$v":"Tekrar dene"},{"$i":"noSimMsg","$v":"Kişileri içe aktarmak için SIM kartınızı takın veya SIM kart kilidini açın"},{"$i":"noSdcardMsg","$v":"Kişileri içe aktarmak için bellek kartı takın"},{"$i":"not-imported","$v":"İçe aktarılmadı"},{"$i":"imported","$v":"İçe aktarıldı"},{"$i":"importing","$v":"İçe aktarılıyor"},{"$i":"contact-imported","$v":[{"t":"idOrVar","v":"imported"}," kişi içe aktarıldı. ",{"t":"idOrVar","v":"dupes"}," kişi birleştirildi."]},{"$i":"contact-imported2","$v":{"one":"1 kişi içeri aktarıldı.","zero":"Kişi içeri aktarılamadı.","few":[{"t":"idOrVar","v":"imported"}," kişi içeri aktarıldı."],"many":[{"t":"idOrVar","v":"imported"}," kişi içeri aktarıldı."],"other":[{"t":"idOrVar","v":"imported"}," kişi içeri aktarıldı."],"two":[{"t":"idOrVar","v":"imported"}," kişi içeri aktarıldı."]},"$x":[{"t":"idOrVar","v":"plural"},"imported"]},{"$i":"reading-contacts-from-sim","$v":"SIM kart kişileri okunuyor..."},{"$i":"reading-contacts-from-gmail","$v":"Gmail kişileri okunuyor..."},{"$i":"reading-contacts-from-live","$v":"Outlook kişileri okunuyor..."},{"$i":"reading-contacts-from-sd","$v":"Hafıza kartı kişileri okunuyor..."},{"$i":"reading-contacts-from-vcard","$v":"Dosyalar kişileri okunuyor..."},{"$i":"importing-contacts-from-sim","$v":"Kişiler SIM kartından içe aktarılıyor..."},{"$i":"importing-contacts-from-gmail","$v":"Kişiler Gmail’den içe aktarılıyor..."},{"$i":"importing-contacts-from-live","$v":"Kişiler Outlook’tan içe aktarılıyor..."},{"$i":"importing-contacts-from-sd","$v":"Kişiler hafıza kartından içe aktarılıyor..."},{"$i":"importing-contacts-from-vcard","$v":"Kişiler dosyalardan içe aktarılıyor..."},{"$i":"connect-network-to-import","$v":"Kişileri içe aktarmak için Wi-Fi veya veri ağına bağlanın"},{"$i":"importing-confirm","$v":[{"t":"idOrVar","v":"n"}," kişileri  \"",{"t":"idOrVar","v":"fileName"},"\" dosyasından alınsın mı?"]},{"$i":"importing-cancel-confirm","$v":"Bu ekranı kapatırsanız içe aktarma işlemi durdurulur. Yine de kapatmak istiyor musunuz?"},{"$i":"import-contact-failed","$v":"Kişi içeri aktarma başarısız"},{"$i":"phone-storage-full","$v":"Telefon Hafızası Dolu"},{"$i":"import-contact-storage-full","$v":"Kişiler aktarılamıyor. Yer açmak için uygulama verilerini silin."},{"$i":"contact-import-error-disk-full","$v":"Depolama alanı dolu olduğundan kişileri içeri aktarma işlemi tamamlanmadı. Yer açmak için uygulama verilerini silin."},{"$i":"contact-import-error-sim-full","$v":"SIM kart dolu olduğundan kişileri içeri aktarma işlemi tamamlanamadı."},{"$i":"contact-import-error-unknown","$v":"Bir hata yüzünden kişileri içeri aktarma işlemi tamamlanamadı."},{"$i":"import-contacts-canceled","$v":"Kişileri içe aktarma iptal edildi."},{"$i":"close","$v":"Kapat"},{"$i":"import-process-cancel","$v":"İçeri aktarma iptal edildi."},{"$i":"import-limit-header","$v":"Dosya boyutu sınırı aşıldı"},{"$i":"inner-import-limit-content","$v":"10 MB’yi aşan kişiler dosyası içe aktarılamaz."},{"$i":"activity-import-limit-contact","$v":"Dosya boyutu sınırının aşılması nedeniyle kişiler içe aktarılamadı."},{"$i":"activity-import-limit-additional","$v":"(Dosya boyutu 10 MB’den küçük olmalıdır)"},{"$i":"bluetooth","$v":"Bluetooth"},{"$i":"export","$v":"Dışa aktar"},{"$i":"export-contacts","$v":"Kişileri dışa aktar"},{"$i":"simExport-title","$v":"SIM'e aktar"},{"$i":"memoryCardExport-title","$v":"Bellek kartına aktar"},{"$i":"btExport-title","$v":"Bluetooth'a aktar"},{"$i":"noSimMsgExport","$v":"Kişileri dışa aktarmak için SIM kartınızı takın veya SIM kart kilidini açın"},{"$i":"noSdcardExport","$v":"Kişileri dışa aktarmak için bir bellek kartı takın."},{"$i":"bluetoothNoConnection","$v":"Kişileri dışa aktarmak için bir bluetooth cihazına bağlanın."},{"$i":"contact-exported","$v":[{"t":"idOrVar","v":"exported"}," kişi dışa aktarıldı."]},{"$i":"contact-exported2","$v":{"zero":"Hiçbir kişi dışarı aktarılmadı.","one":"1 kişi dışarı aktarıldı.","few":[{"t":"idOrVar","v":"exported"}," kişi dışa aktarıldı."],"many":[{"t":"idOrVar","v":"exported"}," kişi dışa aktarıldı."],"other":[{"t":"idOrVar","v":"exported"}," kişi dışa aktarıldı."],"two":[{"t":"idOrVar","v":"exported"}," kişi dışa aktarıldı."]},"$x":[{"t":"idOrVar","v":"plural"},"exported"]},{"$i":"export-contact-failed","$v":"Kişi dışa aktarılamadı"},{"$i":"contact-export-error-sim-full","$v":"SIM kart dolu olduğu için kişileri dışa aktarma işlemi tamamlanamadı."},{"$i":"contact-export-error-sd-full","$v":"Hafıza kartı dolu olduğu için kişileri dışarı aktarma tamamlanamadı."},{"$i":"contact-export-error-unknown","$v":"Bir hata yüzünden kişileri dışarı aktarma işlemi tamamlanamadı."},{"$i":"contact-export-canceled","$v":"Dışa aktarma işlemi iptal edildi."},{"$i":"save","$v":"Kaydet"},{"$i":"back","$v":"Geri"},{"$i":"givenName","$v":"Ad"},{"$i":"familyName","$v":"Soyadı"},{"$i":"name","$v":"Ad"},{"$i":"org","$v":"Şirket"},{"$i":"ringtone","$v":"Zil sesi"},{"$i":"note","$v":"Not"},{"$i":"photo","$v":"Resim"},{"$i":"email","$v":"E-posta"},{"$i":"adr","$v":"Adres"},{"$i":"custom","$v":"Özel"},{"$i":"confirm-discard-contact-data","$v":"Kişi bilgisi yok sayılacaktır. Bu kişiyi kaydetmek ister misiniz?"},{"$i":"confirm-discard-contact-update-data","$v":"Değişikliklerden vazgeçilecek. Bu kişiyi kaydetmek ister misiniz?"},{"$i":"discard-contact-data","$v":"Değişikliklerden vazgeçilecek."},{"$i":"discard","$v":"Vazgeç"},{"$i":"add-others","$v":"Diğerlerini ekle"},{"$i":"custom-label","$v":"Özel etiket"},{"$i":"input-the-custom-type","$v":"Lütfen özel türü girin"},{"$i":"contact-added","$v":"Kişi eklendi."},{"$i":"delete-prompt-message","$v":[{"t":"idOrVar","v":"field"}," silinsin mi?"]},{"$i":"delete-photo-msg","$v":"resim"},{"$i":"delete-ringtone-msg","$v":"zil sesi"},{"$i":"delete-bday-msg","$v":"doğum günü"},{"$i":"delete-note-msg","$v":"not"},{"$i":"delete-org-msg","$v":"şirket"},{"$i":"personal","$v":"Kişisel"},{"$i":"mobile","$v":"Mobil"},{"$i":"current","$v":"Geçerli"},{"$i":"home","$v":"Ev"},{"$i":"work","$v":"İş"},{"$i":"other","$v":"Diğer"},{"$i":"fax-home","$v":"Ev faks"},{"$i":"fax-office","$v":"Ofis faks"},{"$i":"fax-other","$v":"Diğer faks"},{"$i":"add-phone","$v":"Telefon Ekle"},{"$i":"add-tel","$v":"Telefon numarası ekle"},{"$i":"add-email","$v":"E-posta ekle"},{"$i":"add-ringtone","$v":"Zil sesi ekle"},{"$i":"add-adr","$v":"Adres ekle"},{"$i":"add-bday","$v":"Doğum günü ekle"},{"$i":"add-photo","$v":"Resim ekle"},{"$i":"add-note","$v":"Not ekle"},{"$i":"add-org","$v":"Şirket ekle"},{"$i":"add-tel-number","$v":"Telefon numarası ekle"},{"$i":"delete-tel","$v":"Telefon numarası sil"},{"$i":"delete-email","$v":"E-posta sil"},{"$i":"delete-ringtone","$v":"Zil sesini sil"},{"$i":"delete-adr","$v":"Adresi sil"},{"$i":"delete-bday","$v":"Doğum gününü sil"},{"$i":"delete-photo","$v":"Fotoğrafı sil"},{"$i":"delete-note","$v":"Notu sil"},{"$i":"delete-org","$v":"Şirketi sil"},{"$i":"edit-tel-type","$v":"Telefon türünü düzenle"},{"$i":"edit-email-type","$v":"E-posta türünü düzenle"},{"$i":"edit-adr-type","$v":"Adres türünü düzenle"},{"$i":"edit-bday-type","$v":"Doğum gününü düzenle"},{"$i":"replace-photo","$v":"Resmi değiştir"},{"$i":"replace-ringtone","$v":"Zil sesini değiştir"},{"$i":"mobile-tel","$v":"Cep telefonu"},{"$i":"home-tel","$v":"Ev telefonu"},{"$i":"work-tel","$v":"İş telefonu"},{"$i":"personal-tel","$v":"Kişisel telefon"},{"$i":"fax-home-tel","$v":"Ev Faks"},{"$i":"fax-office-tel","$v":"Ofis faks"},{"$i":"fax-other-tel","$v":"Diğer Faks"},{"$i":"other-tel","$v":"Diğer e-posta"},{"$i":"personal-email","$v":"Kişisel e-posta"},{"$i":"work-email","$v":"İş e-postası"},{"$i":"other-email","$v":"Diğer e-posta"},{"$i":"custom-email","$v":[{"t":"idOrVar","v":"type"}," e-posta adresi"]},{"$i":"custom-tel","$v":[{"t":"idOrVar","v":"type"}," telefon numarası"]},{"$i":"personal-adr","$v":"Kişisel adres"},{"$i":"current-adr","$v":"Geçerli adres"},{"$i":"home-adr","$v":"Ev adresi"},{"$i":"work-adr","$v":"İş adresi"},{"$i":"custom-adr","$v":[{"t":"idOrVar","v":"type"}," adres"]},{"$i":"bday","$v":"Doğum günü"},{"$i":"birthday","$v":"Doğum günü"},{"$i":"streetAddress","$v":"Sokak"},{"$i":"locality","$v":"Şehir"},{"$i":"postalCode","$v":"Posta kodu"},{"$i":"countryName","$v":"Ülke"},{"$i":"region","$v":"Eyalet"},{"$i":"no-name","$v":"Ad Yok"},{"$i":"new-contact","$v":"Yeni"},{"$i":"options","$v":"Seçenekler"},{"$i":"cancel","$v":"İptal"},{"$i":"settings","$v":"Ayarlar"},{"$i":"edit","$v":"Düzenle"},{"$i":"share","$v":"Paylaş"},{"$i":"remove","$v":"Kaldır"},{"$i":"compose","$v":"Oluştur"},{"$i":"new-contact-title","$v":"Yeni Kişi"},{"$i":"edit-title","$v":"Kişiyi Düzenle"},{"$i":"music","$v":"Müzik"},{"$i":"adr-type","$v":"Adres Tipi"},{"$i":"email-type","$v":"E-posta Tipi"},{"$i":"tel-type","$v":"Telefon Tipi"},{"$i":"ICEContactsGroup","$v":"Acil Durum Kişileri"},{"$i":"setICEButton","$v":"Acil durum kişilerini belirle"},{"$i":"ICESettingTitle","$v":"Acil Durum Kişileri"},{"$i":"ICEDescription","$v":"“Acil Durum” araması yapmak için beş kişi ekleyin."},{"$i":"ICEContact","$v":["Acil Durum Kişisi ",{"t":"idOrVar","v":"n"}]},{"$i":"ICESelectContact","$v":"Kişi seç"},{"$i":"delete-ice-contact-warning","$v":"Acil durum kişisini kaldırmak istediğinizden emin misiniz?"},{"$i":"confirm","$v":"Onay"},{"$i":"add-ice-failed","$v":"ICE Ekleme Başarısız"},{"$i":"create-group","$v":"Grup Oluştur"},{"$i":"group-name","$v":"Grup Adı"},{"$i":"group","$v":"Grup"},{"$i":"new-group-created","$v":"Yeni grup oluşturuldu."},{"$i":"create-group-failed","$v":"Grup oluşturma başarısız oldu."},{"$i":"create-group-too-many","$v":["Sadece ",{"t":"idOrVar","v":"number"}," adet grup oluşturabilirsiniz."]},{"$i":"create-group-duplicate","$v":"İsmi kopyalayın."},{"$i":"rename-group-failed","$v":"Grubu yeniden adlandırma başarısız oldu."},{"$i":"new-group","$v":"Yeni"},{"$i":"rename","$v":"Yeniden adlandır"},{"$i":"duplicate-removed","$v":"Kopyalanan kişiler kaldırıldı."},{"$i":"add-to-group","$v":"Gruba ekle"},{"$i":"remove-from-group","$v":"Gruptan kaldır"},{"$i":"added-to","$v":[{"t":"idOrVar","v":"group"}," öğesine eklendi"]},{"$i":"removed-from","$v":[{"t":"idOrVar","v":"group"}," öğesinden kaldırıldı"]},{"$i":"select-group","$v":"Grup Seçin"},{"$i":"rename-group","$v":"Grubu Yeniden Adlandır"},{"$i":"delete-group","$v":[{"t":"idOrVar","v":"group"}," öğesini silmek istediğinize emin misiniz?"]},{"$i":"unable-add-warn","$v":"Hesap kişileri gruba eklenemiyor."},{"$i":"edit-contact","$v":"Kişiyi düzenle"},{"$i":"send-message","$v":"Mesaj gönder"},{"$i":"call","$v":"Çağrı"},{"$i":"call-sim-1","$v":"Çağrı - SIM 1"},{"$i":"call-sim-2","$v":"Çağrı - SIM 2"},{"$i":"send-email","$v":"E-posta gönder"},{"$i":"choose-number","$v":"Sayı Seçin"},{"$i":"choose-email-address","$v":"E-posta Seçin"},{"$i":"delete","$v":"Sil"},{"$i":"select","$v":"Seç"},{"$i":"select-all","$v":"Tümünü Seç"},{"$i":"select-all2","$v":"Tümü"},{"$i":"deselect-all","$v":"Tüm Seçimleri Kaldır"},{"$i":"deselect-all2","$v":"Hiçbiri"},{"$i":"deselect","$v":"Seçimi kaldır"},{"$i":"selected-contacts","$v":{"few":[{"t":"idOrVar","v":"n"}," tane seçildi"],"many":[{"t":"idOrVar","v":"n"}," tane seçildi"],"one":[{"t":"idOrVar","v":"n"}," seçildi"],"other":[{"t":"idOrVar","v":"n"}," tane seçildi"],"two":[{"t":"idOrVar","v":"n"}," tane seçildi"],"zero":[{"t":"idOrVar","v":"n"}," tane seçildi"]},"$x":[{"t":"idOrVar","v":"plural"},"n"]},{"$i":"massive-delete","$v":"Kişileri sil"},{"$i":"confirm-contact-delete","$v":[{"t":"idOrVar","v":"name"},"\" adlı kişiyi silmek istediğinizden emin misiniz?"]},{"$i":"DeletedTxt","$v":{"few":[{"t":"idOrVar","v":"n"}," Kişi kaldırıldı"],"many":[{"t":"idOrVar","v":"n"}," Kişi kaldırıldı"],"one":"1 kişi kaldırıldı","other":[{"t":"idOrVar","v":"n"}," Kişi kaldırıldı"],"two":[{"t":"idOrVar","v":"n"}," Kişi kaldırıldı"],"zero":"Silinecek kişi yok"},"$x":[{"t":"idOrVar","v":"plural"},"n"]},{"$i":"DeletingContacts","$v":"Kişileri Sil"},{"$i":"DeletingContactsProgressing","$v":"Kişiler siliniyor"},{"$i":"ContactConfirmDel","$v":{"few":[{"t":"idOrVar","v":"n"}," kişiyi sil? Bu işlem geri alınamaz."],"many":[{"t":"idOrVar","v":"n"}," kişiyi sil? Bu işlem geri alınamaz."],"one":"1 kişi silinsin mi? Bu işlem geri alinamaz.","other":[{"t":"idOrVar","v":"n"}," kişiyi sil? Bu işlem geri alınamaz."],"two":[{"t":"idOrVar","v":"n"}," kişiyi sil? Bu işlem geri alınamaz."],"zero":"Silinecek kişi yok"},"$x":[{"t":"idOrVar","v":"plural"},"n"]},{"$i":"contact-deleted","$v":{"zero":"Kişi silinmedi","one":"1 kişi silindi","few":[{"t":"idOrVar","v":"n"}," kişi silindi"],"many":[{"t":"idOrVar","v":"n"}," kişi silindi"],"other":[{"t":"idOrVar","v":"n"}," kişi silindi"],"two":[{"t":"idOrVar","v":"n"}," kişi silindi"]},"$x":[{"t":"idOrVar","v":"plural"},"n"]},{"$i":"a-contact-deleted","$v":"Kişi silindi."},{"$i":"settings-title","$v":"Kişi Ayarları"},{"$i":"change-will-update-until-restart","$v":"Değişiklikler Kişileri açtığınız zaman güncellenecek."},{"$i":"transfer-contacts","$v":"Kişileri aktar"},{"$i":"service-number","$v":"Hizmet numarası"},{"$i":"no-contacts-found","$v":"Eşleşme bulunamadı."},{"$i":"search","$v":"Kişilerde ara","placeholder":"Kişilerde ara"},{"$i":"search-option","$v":"Arama"},{"$i":"accounts","$v":"Hesaplar"},{"$i":"account","$v":"Hesap"},{"$i":"add-account","$v":"Hesap Ekle"},{"$i":"add-account-failed","$v":"Bilinmeyen bir hata oluştu, lütfen daha sonra tekrar deneyin."},{"$i":"duplicate-account-warn","$v":"Hesap zaten mevcut. Senkronizasyon açık."},{"$i":"setting-up-account","$v":"Hesap kurma"},{"$i":"no-network-warn","$v":"İnternet bağlantısı yok."},{"$i":"username","$v":"Kullanıcı adı"},{"$i":"password","$v":"Parola"},{"$i":"delete-account","$v":"Hesabı Sil"},{"$i":"delete-account-long","$v":"Hesabı Sil"},{"$i":"delete-account-warn","$v":"Bu hesabı silerseniz, bu hesabı kullanan uygulamalar da etkilenir."},{"$i":"deleting-account","$v":"Hesap siliniyor"},{"$i":"delete-account-failed","$v":"Hesap silme başarısız oldu, lütfen daha sonra tekrar deneyin."},{"$i":"delete-account-ok","$v":"Hesap silindi."},{"$i":"sync","$v":"Senkron"},{"$i":"sync-title","$v":"Kişileri Senkronize Etme"},{"$i":"sync-failed-warn","$v":"Eşitleme başarısız oldu."},{"$i":"sync-off-warn","$v":"Senkronizasyon, Ayarlar'da kapalı."},{"$i":"show-account-contacts","$v":"Hesap kişilerini göster"},{"$i":"sync-account-contacts","$v":"Hesap kişilerini senkronize et"},{"$i":"sync-account-contacts-warning","$v":["“",{"t":"idOrVar","v":"switch"},"” seçili değilken hesap kişilerinde yapılan düzenlemeler bulut ile senkronize edilmez, yine de seçimi kaldırmak istiyor musunuz?"]},{"$i":"yes","$v":"Evet"},{"$i":"all-contacts-synced","$v":"Tüm kişiler senkronize edildi."},{"$i":"contact-syncing","$v":"Kişiler Senkronize Ediliyor..."},{"$i":"contacts-sync-limit-exceed","$v":"Kişi sınırı aşıldığından senkronizasyon işlemi tamamlanmadı."},{"$i":"show-password","$v":"Şifreyi göster"},{"$i":"password-incorrect","$v":"Şifre hatalı."},{"$i":"re-enter-password","$v":"Şifreyi Yeniden Gir"},{"$i":"accessing-warn","$v":"Hesabınıza erişirken bir sorun oluştu."},{"$i":"accessing-warn-password","$v":"Lütfen parolayı yeniden girin."},{"$i":"re-enter-password-on-setting","$v":"Lütfen Kişiler ayar bölümünde parolayı tekrar girin."},{"$i":"accessing-warn-relogin","$v":"Lütfen hesabı silin ve yeniden oturum açın."},{"$i":"update-password-failed","$v":"Şifre güncelleme başarısız, lütfen daha sonra tekrar deneyin."},{"$i":"connect-time-out","$v":[{"t":"idOrVar","v":"server"}," ile bağlantı kurulamıyor. Ağ ile ilgili bir problem olabilir."]},{"$i":"server-error","$v":"Sunucu kullanılamıyor. Lütfen daha sonra tekrar deneyin."},{"$i":"loading","$v":"Yükleniyor..."},{"$i":"ellipsis","$v":"..."},{"$i":"stop-syncing-warn-title","$v":"Kişiler Senkronize Ediliyor"},{"$i":"stop-syncing-warn","$v":"Uygulama kapatılırsa kişileri senkronize etme işlemini durdurulur. Yine de kapatmak istiyor musunuz?"},{"$i":"weekday-0-long","$v":"Pazar"},{"$i":"weekday-1-long","$v":"Pazartesi"},{"$i":"weekday-2-long","$v":"Salı"},{"$i":"weekday-3-long","$v":"Çarşamba"},{"$i":"weekday-4-long","$v":"Perşembe"},{"$i":"weekday-5-long","$v":"Cuma"},{"$i":"weekday-6-long","$v":"Cumartesi"},{"$i":"weekday-0-short","$v":"Paz"},{"$i":"weekday-1-short","$v":"Pzt"},{"$i":"weekday-2-short","$v":"Sal"},{"$i":"weekday-3-short","$v":"Çrş"},{"$i":"weekday-4-short","$v":"Per"},{"$i":"weekday-5-short","$v":"Cum"},{"$i":"weekday-6-short","$v":"Cmt"},{"$i":"month-0-long","$v":"Ocak"},{"$i":"month-1-long","$v":"Şubat"},{"$i":"month-2-long","$v":"Mart"},{"$i":"month-3-long","$v":"Nisan"},{"$i":"month-4-long","$v":"Mayıs"},{"$i":"month-5-long","$v":"Haziran"},{"$i":"month-6-long","$v":"Temmuz"},{"$i":"month-7-long","$v":"Ağustos"},{"$i":"month-8-long","$v":"Eylül"},{"$i":"month-9-long","$v":"Ekim"},{"$i":"month-10-long","$v":"Kasım"},{"$i":"month-11-long","$v":"Aralık"},{"$i":"month-0-genitive","$v":"Ocak"},{"$i":"month-1-genitive","$v":"Şubat"},{"$i":"month-2-genitive","$v":"Mart"},{"$i":"month-3-genitive","$v":"Nisan"},{"$i":"month-4-genitive","$v":"Mayıs"},{"$i":"month-5-genitive","$v":"Haziran"},{"$i":"month-6-genitive","$v":"Temmuz"},{"$i":"month-7-genitive","$v":"Ağustos"},{"$i":"month-8-genitive","$v":"Eylül"},{"$i":"month-9-genitive","$v":"Ekim"},{"$i":"month-10-genitive","$v":"Kasım"},{"$i":"month-11-genitive","$v":"Aralık"},{"$i":"month-0-short","$v":"Oca"},{"$i":"month-1-short","$v":"Şub"},{"$i":"month-2-short","$v":"Mar"},{"$i":"month-3-short","$v":"Nis"},{"$i":"month-4-short","$v":"Mayıs"},{"$i":"month-5-short","$v":"Haz"},{"$i":"month-6-short","$v":"Tem"},{"$i":"month-7-short","$v":"Ağu"},{"$i":"month-8-short","$v":"Eyl"},{"$i":"month-9-short","$v":"Eki"},{"$i":"month-10-short","$v":"Kas"},{"$i":"month-11-short","$v":"Ara"},{"$i":"minutes-ago-long","$v":{"few":[{"t":"idOrVar","v":"value"}," dakika önce"],"many":[{"t":"idOrVar","v":"value"}," dakika önce"],"other":[{"t":"idOrVar","v":"value"}," dakika önce"],"two":[{"t":"idOrVar","v":"value"}," dakika önce"],"one":"bir dakika önce","zero":"Hemen Şimdi"},"$x":[{"t":"idOrVar","v":"plural"},"value"]},{"$i":"hours-ago-long","$v":{"few":[{"t":"idOrVar","v":"value"}," saat önce"],"many":[{"t":"idOrVar","v":"value"}," saat önce"],"other":[{"t":"idOrVar","v":"value"}," saat önce"],"two":[{"t":"idOrVar","v":"value"}," saat önce"],"one":"bir saat önce","zero":"Hemen Şimdi"},"$x":[{"t":"idOrVar","v":"plural"},"value"]},{"$i":"days-ago-long","$v":{"few":[{"t":"idOrVar","v":"value"}," gün önce"],"many":[{"t":"idOrVar","v":"value"}," gün önce"],"one":"dün","other":[{"t":"idOrVar","v":"value"}," gün önce"],"two":[{"t":"idOrVar","v":"value"}," gün önce"],"zero":"bugün"},"$x":[{"t":"idOrVar","v":"plural"},"value"]},{"$i":"weeks-ago-long","$v":{"few":[{"t":"idOrVar","v":"value"}," hafta önce"],"many":[{"t":"idOrVar","v":"value"}," hafta önce"],"one":"geçen hafta","other":[{"t":"idOrVar","v":"value"}," hafta önce"],"two":[{"t":"idOrVar","v":"value"}," hafta önce"],"zero":"bu hafta"},"$x":[{"t":"idOrVar","v":"plural"},"value"]},{"$i":"months-ago-long","$v":{"few":[{"t":"idOrVar","v":"value"}," ay önce"],"many":[{"t":"idOrVar","v":"value"}," ay önce"],"one":"geçen ay","other":[{"t":"idOrVar","v":"value"}," ay önce"],"two":[{"t":"idOrVar","v":"value"}," ay önce"],"zero":"bu ay"},"$x":[{"t":"idOrVar","v":"plural"},"value"]},{"$i":"years-ago-long","$v":{"few":[{"t":"idOrVar","v":"value"}," yıl önce"],"many":[{"t":"idOrVar","v":"value"}," yıl önce"],"one":"geçen yıl","other":[{"t":"idOrVar","v":"value"}," yıl önce"],"two":[{"t":"idOrVar","v":"value"}," yıl önce"],"zero":"bu yıl"},"$x":[{"t":"idOrVar","v":"plural"},"value"]},{"$i":"minutes-until-long","$v":{"few":[{"t":"idOrVar","v":"value"}," dakika içinde"],"many":[{"t":"idOrVar","v":"value"}," dakika içinde"],"other":[{"t":"idOrVar","v":"value"}," dakika içinde"],"two":[{"t":"idOrVar","v":"value"}," dakika içinde"],"zero":"şimdi","one":"bir dakika içinde"},"$x":[{"t":"idOrVar","v":"plural"},"value"]},{"$i":"hours-until-long","$v":{"few":[{"t":"idOrVar","v":"value"}," saat içinde"],"many":[{"t":"idOrVar","v":"value"}," saat içinde"],"other":[{"t":"idOrVar","v":"value"}," saat içinde"],"two":[{"t":"idOrVar","v":"value"}," saat içinde"],"zero":"şimdi","one":"bir saat içinde"},"$x":[{"t":"idOrVar","v":"plural"},"value"]},{"$i":"days-until-long","$v":{"few":[{"t":"idOrVar","v":"value"}," gün içinde"],"many":[{"t":"idOrVar","v":"value"}," gün içinde"],"one":"yarın","other":[{"t":"idOrVar","v":"value"}," gün içinde"],"two":[{"t":"idOrVar","v":"value"}," gün içinde"],"zero":"bugün"},"$x":[{"t":"idOrVar","v":"plural"},"value"]},{"$i":"weeks-until-long","$v":{"few":[{"t":"idOrVar","v":"value"}," hafta içinde"],"many":[{"t":"idOrVar","v":"value"}," hafta içinde"],"one":"gelecek hafta","other":[{"t":"idOrVar","v":"value"}," hafta içinde"],"two":[{"t":"idOrVar","v":"value"}," hafta içinde"],"zero":"bu hafta"},"$x":[{"t":"idOrVar","v":"plural"},"value"]},{"$i":"months-until-long","$v":{"few":[{"t":"idOrVar","v":"value"}," ay içinde"],"many":[{"t":"idOrVar","v":"value"}," ay içinde"],"one":"gelecek ay","other":[{"t":"idOrVar","v":"value"}," ay içinde"],"two":[{"t":"idOrVar","v":"value"}," ay içinde"],"zero":"bu ay"},"$x":[{"t":"idOrVar","v":"plural"},"value"]},{"$i":"years-until-long","$v":{"few":[{"t":"idOrVar","v":"value"}," yıl içinde"],"many":[{"t":"idOrVar","v":"value"}," yıl içinde"],"one":"gelecek yıl","other":[{"t":"idOrVar","v":"value"}," yıl içinde"],"two":[{"t":"idOrVar","v":"value"}," yıl içinde"],"zero":"bu yıl"},"$x":[{"t":"idOrVar","v":"plural"},"value"]},{"$i":"minutes-ago-short","$v":{"other":[{"t":"idOrVar","v":"value"},"d önce"],"zero":"Hemen Şimdi"},"$x":[{"t":"idOrVar","v":"plural"},"value"]},{"$i":"hours-ago-short","$v":{"other":[{"t":"idOrVar","v":"value"},"s önce"],"zero":"Hemen Şimdi"},"$x":[{"t":"idOrVar","v":"plural"},"value"]},{"$i":"days-ago-short","$v":{"other":[{"t":"idOrVar","v":"value"},"g önce"],"zero":"bugün"},"$x":[{"t":"idOrVar","v":"plural"},"value"]},{"$i":"minutes-until-short","$v":{"other":[{"t":"idOrVar","v":"value"},"d içinde"],"zero":"şimdi"},"$x":[{"t":"idOrVar","v":"plural"},"value"]},{"$i":"hours-until-short","$v":{"other":[{"t":"idOrVar","v":"value"},"s içinde"],"zero":"şimdi"},"$x":[{"t":"idOrVar","v":"plural"},"value"]},{"$i":"days-until-short","$v":{"other":[{"t":"idOrVar","v":"value"},"g içinde"],"zero":"bugün"},"$x":[{"t":"idOrVar","v":"plural"},"value"]},{"$i":"incorrectDate","$v":"(hatalı tarih)"},{"$i":"dateTimeFormat_%c","$v":"%a %b %e %Y %I:%M:%S %p"},{"$i":"dateTimeFormat_%x","$v":"%d/%m/%Y"},{"$i":"dateTimeFormat_%X","$v":"%I:%M:%S %p"},{"$i":"shortTimeFormat","$v":"%I:%M %p"},{"$i":"shortTimeFormat12","$v":"%I:%M %p"},{"$i":"shortTimeFormat24","$v":"%H:%M"},{"$i":"shortDateTimeFormat","$v":"%x %I:%M %p"},{"$i":"weekStartsOnMonday","$v":"0.0"},{"$i":"firstDayOfTheWeek","$v":"1.0"},{"$i":"time_am","$v":"AM"},{"$i":"time_pm","$v":"PM"},{"$i":"sim-with-index-and-carrier","$v":["SIM ",{"t":"idOrVar","v":"index"}," - ",{"t":"idOrVar","v":"carrier"}]},{"$i":"sim-without-carrier","$v":["SIM ",{"t":"idOrVar","v":"index"}]}]