[{"$i":"contacts","$v":"Контакти"},{"$i":"view","$v":"Переглянути"},{"$i":"no-contacts","$v":"Немає контактів."},{"$i":"reading-contacts","$v":"Завантаження контактів"},{"$i":"start-adding","$v":"Натисніть Створити або перейдіть до Установки, щоб додати контакти."},{"$i":"no-contact-available","$v":"Немає доступних контактів"},{"$i":"requested-contact-not-available","$v":"Запитувана інформація недоступна для існуючих контактів."},{"$i":"cannot-add-as-empty","$v":"Не вдалося додати до контактів, оскільки список контактів пустий."},{"$i":"ok","$v":"OK"},{"$i":"no-phone-number-to-dial","$v":"Немає номерів телефону, які можна набрати"},{"$i":"video-call","$v":"Відеодзвінок"},{"$i":"rtt-call","$v":"Дзвінок RTT"},{"$i":"select-a-contact","$v":"Вибрати контакт"},{"$i":"multi-pick-max-warn","$v":["Максимальна кількість вибраних елементів: ",{"t":"idOrVar","v":"n"}]},{"$i":"add-contact-failed","$v":"Помилка додавання контакту"},{"$i":"no-sim-card-available","$v":"Немає доступної SIM-картки"},{"$i":"email-cannot-add-to-sim","$v":"Поточний вибір пам'яті не підтримується електронною поштою."},{"$i":"add-info-failed","$v":"Не вдалося додати інформацію"},{"$i":"no-contact-to-add","$v":"Немає доступного контакту для додання."},{"$i":"move","$v":"Перемістити"},{"$i":"copy","$v":"Копіювати"},{"$i":"copy-contacts","$v":"Копіювати контакти"},{"$i":"move-contacts","$v":"Перемістити контакти"},{"$i":"phone-memory","$v":"Пам’ять телефону"},{"$i":"sim-memory","$v":"Пам’ять SIM-картки"},{"$i":"sim-0-memory","$v":"Пам’ять SIM-картки 1"},{"$i":"sim-1-memory","$v":"Пам’ять SIM-картки 2"},{"$i":"move-from","$v":"Перемістити з"},{"$i":"copy-from","$v":"Копіювати з"},{"$i":"to","$v":"Кому"},{"$i":"move-contacts-progressing","$v":"Переміщення контактів…"},{"$i":"copy-contacts-progressing","$v":"Копіювання контактів…"},{"$i":"contact-move-to-sim","$v":{"few":["На SIM переміщено ",{"t":"idOrVar","v":"migrated"}," контакти."],"many":["На SIM переміщено ",{"t":"idOrVar","v":"migrated"}," контактів."],"one":"На SIM переміщено 1 контакт.","other":["На SIM переміщено ",{"t":"idOrVar","v":"migrated"}," контакту."],"two":["На SIM переміщено ",{"t":"idOrVar","v":"migrated"}," контакти."],"zero":"Жоден контакт не переміщено на SIM."},"$x":[{"t":"idOrVar","v":"plural"},"migrated"]},{"$i":"contact-copy-to-sim","$v":{"few":["На SIM скопійовано ",{"t":"idOrVar","v":"migrated"}," контакти."],"many":["На SIM скопійовано ",{"t":"idOrVar","v":"migrated"}," контактів."],"one":"На SIM скопійовано 1 контакт.","other":["На SIM скопійовано ",{"t":"idOrVar","v":"migrated"}," контакту."],"two":["На SIM скопійовано ",{"t":"idOrVar","v":"migrated"}," контакти."],"zero":"Жоден контакт не скопійовано на SIM."},"$x":[{"t":"idOrVar","v":"plural"},"migrated"]},{"$i":"contact-move-to-sim0","$v":{"few":["На SIM 1 переміщено ",{"t":"idOrVar","v":"migrated"}," контакти."],"many":["На SIM 1 переміщено ",{"t":"idOrVar","v":"migrated"}," контактів."],"one":"На SIM 1 переміщено 1 контакт.","other":["На SIM 1 переміщено ",{"t":"idOrVar","v":"migrated"}," контакту."],"two":["На SIM 1 переміщено ",{"t":"idOrVar","v":"migrated"}," контакти."],"zero":"Жоден контакт не переміщено на SIM 1."},"$x":[{"t":"idOrVar","v":"plural"},"migrated"]},{"$i":"contact-copy-to-sim0","$v":{"few":["На SIM 1 скопійовано ",{"t":"idOrVar","v":"migrated"}," контакти."],"many":["На SIM 1 скопійовано ",{"t":"idOrVar","v":"migrated"}," контактів."],"one":"На SIM 1 скопійовано 1 контакт.","other":["На SIM 1 скопійовано ",{"t":"idOrVar","v":"migrated"}," контакту."],"two":["На SIM 1 скопійовано ",{"t":"idOrVar","v":"migrated"}," контакти."],"zero":"Жоден контакт не скопійовано на SIM 1."},"$x":[{"t":"idOrVar","v":"plural"},"migrated"]},{"$i":"contact-move-to-sim1","$v":{"few":["На SIM 2 переміщено ",{"t":"idOrVar","v":"migrated"}," контакти."],"many":["На SIM 2 переміщено ",{"t":"idOrVar","v":"migrated"}," контактів."],"one":"На SIM 2 переміщено 1 контакт.","other":["На SIM 2 переміщено ",{"t":"idOrVar","v":"migrated"}," контакту."],"two":["На SIM 2 переміщено ",{"t":"idOrVar","v":"migrated"}," контакти."],"zero":"Жоден контакт не переміщено на SIM 2."},"$x":[{"t":"idOrVar","v":"plural"},"migrated"]},{"$i":"contact-copy-to-sim1","$v":{"few":["На SIM 2 скопійовано ",{"t":"idOrVar","v":"migrated"}," контакти."],"many":["На SIM 2 скопійовано ",{"t":"idOrVar","v":"migrated"}," контактів."],"one":"На SIM 2 скопійовано 1 контакт.","other":["На SIM 2 скопійовано ",{"t":"idOrVar","v":"migrated"}," контакту."],"two":["На SIM 2 скопійовано ",{"t":"idOrVar","v":"migrated"}," контакти."],"zero":"Жоден контакт не скопійовано на SIM 2."},"$x":[{"t":"idOrVar","v":"plural"},"migrated"]},{"$i":"contact-move-to-device","$v":{"one":"1 контакт переміщено на телефон.","zero":"Жоден контакт не переміщений на телефон.","few":["На телефон переміщено ",{"t":"idOrVar","v":"migrated"}," контакти."],"many":["На телефон переміщено ",{"t":"idOrVar","v":"migrated"}," контактів."],"other":["Контактів переміщено на телефон: ",{"t":"idOrVar","v":"migrated"},"."],"two":["На телефон переміщено ",{"t":"idOrVar","v":"migrated"}," контакти."]},"$x":[{"t":"idOrVar","v":"plural"},"migrated"]},{"$i":"contact-copy-to-device","$v":{"one":"1 контакт скопійовано на телефон.","zero":"Жоден контакт не скопійований на телефон.","few":["На телефон скопійовано ",{"t":"idOrVar","v":"migrated"}," контакти."],"many":["На телефон скопійовано ",{"t":"idOrVar","v":"migrated"}," контактів."],"other":["Контактів скопійовано на телефон: ",{"t":"idOrVar","v":"migrated"},"."],"two":["На телефон скопійовано ",{"t":"idOrVar","v":"migrated"}," контакти."]},"$x":[{"t":"idOrVar","v":"plural"},"migrated"]},{"$i":"copy-contact-failed","$v":"Не вдалося скопіювати контакти"},{"$i":"move-contact-failed","$v":"Не вдалося перемістити контакти"},{"$i":"contact-copy-error-sim-full","$v":"Копіювання контактів не завершено через SIM-карту."},{"$i":"contact-copy-error-unknown","$v":"Копіювання контактів не завершено через помилку."},{"$i":"contact-copy-error-limit-exceeded","$v":"Копіювання контактів не завершено: перевищено ліміт контактів на телефоні."},{"$i":"contact-move-error-sim-full","$v":"Переміщення контактів не завершено через SIM-карту повної."},{"$i":"contact-move-error-unknown","$v":"Переміщення контактів не завершено через помилку."},{"$i":"contact-move-error-limit-exceeded","$v":"Переміщення контактів не завершено: перевищено ліміт контактів на телефоні."},{"$i":"contact-save-error-unknown","$v":"Збереження контакту не завершено через помилку."},{"$i":"memory","$v":"Пам’ять"},{"$i":"phone-and-sim","$v":"Телефон і SIM"},{"$i":"phone","$v":"Телефон"},{"$i":"sim","$v":"SIM-картка"},{"$i":"reloading-contact","$v":"Перезавантаження контактів…"},{"$i":"contact-reloaded","$v":"Контакти перезавантажено"},{"$i":"message","$v":"Повідомлення"},{"$i":"changes-saved","$v":"Зміни збережено."},{"$i":"already-ice-contact","$v":"Для обраного контакту вже встановлено ICE."},{"$i":"phone-contacts-limit-exceeded","$v":"Перевищено обмеж. контактів телеф."},{"$i":"sim-contacts-limit-exceeded","$v":"Перевищено обмеж. контактів SIM."},{"$i":"more-info","$v":"Більше"},{"$i":"callAirplaneModeTitle","$v":"Режим \"У літаку\" ввімкнено"},{"$i":"callAirplaneModeMessage","$v":"Щоб здійснити дзвінок, у настройках вимкніть режим \"У літаку\"."},{"$i":"emergencyDialogTitle","$v":"Немає підключення до мережі"},{"$i":"emergencyDialogBodyBadNumber","$v":"Щоб здійснити дзвінок, телефон має бути підключений до мережі."},{"$i":"emergencyDialogBodyDeviceNotAccepted","$v":"Екстрені дзвінки не дозволені мережею."},{"$i":"invalidNumberToDialTitle","$v":"Неправильний номер телефону"},{"$i":"invalidNumberToDialMessage","$v":"Номер телефону, на який ви дзвоните, недійсний."},{"$i":"invalidNumberToSendTitle","$v":"Недійсний номер телефону"},{"$i":"invalidNumberToSendMessage","$v":"Повідомлення адресовано на недійсний номер."},{"$i":"emergency-call-only","$v":"Тільки екстрені дзвінки"},{"$i":"emergency-call-error","$v":[{"t":"idOrVar","v":"number"}," не є екстреним номером."]},{"$i":"numberIsBusyTitle","$v":"Номер зайнятий"},{"$i":"numberIsBusyMessage","$v":"Номер зараз зайнятий. Спробуйте ще раз пізніше."},{"$i":"fdnIsActiveTitle","$v":"Номери фіксованого набору ввімкнено"},{"$i":"fdnIsActiveMessage","$v":["Номери фіксованого набору ввімкнено. Наведений номер відсутній у вашому списку номерів фіксованого набору: ",{"t":"idOrVar","v":"number"}]},{"$i":"otherConnectionInUseTitle","$v":"Інше з’єднання, що наразі використовується"},{"$i":"otherConnectionInUseMessage","$v":"На іншому каналі очікує активний дзвінок. Одночасно можна використовувати тільки одне з’єднання."},{"$i":"GenericFailure","$v":"Загальна помилка"},{"$i":"CallFailed","$v":"Помилка дзвінка"},{"$i":"scCallBarring","$v":"Заборона дзвінків"},{"$i":"scCallForwarding","$v":"Переадр. дзвінків"},{"$i":"scClip","$v":"Дані абонента, що дзвонить"},{"$i":"scClir","$v":"Дані абонента, якому ви дзвоните"},{"$i":"scPwd","$v":"Змінення пароля"},{"$i":"scCallWaiting","$v":"Очікування дзвінків"},{"$i":"scPin","$v":"Змінення PIN-коду"},{"$i":"scPin2","$v":"Змінення PIN2-коду"},{"$i":"scPuk","$v":"Розблокувати PIN-код"},{"$i":"scPuk2","$v":"Розблокувати PIN2-код"},{"$i":"scImei","$v":"IMEI"},{"$i":"scMeid","$v":"MEID"},{"$i":"scUssd","$v":"USSD"},{"$i":"set-speed-dial","$v":"Установити контакти швидкого набору"},{"$i":"empty","$v":"Пусто"},{"$i":"voicemail","$v":"Голос. повід."},{"$i":"speed-dial","$v":"Швидкий набір"},{"$i":"add","$v":"Додати"},{"$i":"replace","$v":"Замінити"},{"$i":"remove-from-speed-dial","$v":"Видалити зі швидкого набору"},{"$i":"custom-dialog-replace-speed-dial","$v":["Замінити швидкий набір \"",{"t":"idOrVar","v":"oldSpeedDial"},"\" на \"",{"t":"idOrVar","v":"newSpeedDial"},"\"?"]},{"$i":"custom-dialog-remove-speed-dial","$v":["Видалити контакт ",{"t":"idOrVar","v":"name"}," зі швидкого набору?"]},{"$i":"speed-dial-added","$v":"Номер швидкого набору додано."},{"$i":"speed-dial-removed","$v":"Номер швидкого набору видалено."},{"$i":"speed-dial-replaced","$v":"Номер швидкого набору оновлено."},{"$i":"voice-mail","$v":"Голос. повід."},{"$i":"voice-mail-number","$v":["Номер голосової пошти: SIM ",{"t":"idOrVar","v":"n"}]},{"$i":"voice-mail-number-single","$v":"Номер голосової пошти"},{"$i":"voice-mail-number-updated","$v":"Номер голосової пошти оновлений"},{"$i":"found-duplicates-message","$v":"У деяких контактах виявлено інформацію, що повторюється. Об’єднати?"},{"$i":"confirm-to-merge-contacts","$v":["Об’єднати контакти (",{"t":"idOrVar","v":"n"},") з ім’ям ",{"t":"idOrVar","v":"name"},"?"]},{"$i":"contact-merged","$v":"Контакти об’єднано"},{"$i":"find-duplicate-contacts","$v":"Знайти однакові контакти"},{"$i":"no-duplicate-contact-found","$v":"Однакових контактів не знайдено"},{"$i":"merge","$v":"Об’єднати"},{"$i":"find-dup","$v":"Знайти однакові контакти"},{"$i":"find-dup-title","$v":"Знайти однакові контакти"},{"$i":"finding-dup-message","$v":"Пошук контактів, що повторюються..."},{"$i":"dup-found-title","$v":"Виявлено повтор"},{"$i":"dup-found-message","$v":"В указаних контактів виявлено однакові дані. Об’єднати їх?"},{"$i":"no-dup-found","$v":"Повторів не знайдено"},{"$i":"merge-conflict-warn","$v":["Ці дані будуть замінені на дані \"",{"t":"idOrVar","v":"name"},"\":"]},{"$i":"merge-conflict-confirm","$v":"Справді об’єднати ці контакти?"},{"$i":"add-favorite","$v":"Додати до вподобань"},{"$i":"remove-favorite","$v":"Видалити з обраного"},{"$i":"favorite-contacts","$v":"Обране"},{"$i":"add-block","$v":"Заблокувати цей номер"},{"$i":"remove-block","$v":"Розблокувати цей номер"},{"$i":"add-block-email","$v":"Блокувати цю ел. адресу"},{"$i":"remove-block-email","$v":"Розблокувати це повідомлення"},{"$i":"add-block-contact-warning","$v":"Ви не отримуватимете телефонних дзвінків і повідомлень від людей зі списку заблокованих."},{"$i":"add-block-email-warning","$v":"Ви не отримуватимете повідомлень із цієї адреси ел. пошти."},{"$i":"block","$v":"Заблокувати"},{"$i":"unblock","$v":"Розблокувати"},{"$i":"block-contacts","$v":"Заблоковані контакти"},{"$i":"add-block-header","$v":"Заблокувати номер"},{"$i":"remove-block-alert","$v":"Видалено зі списку заблокованих контактів."},{"$i":"duplicate-block-number","$v":"Неможливо додати ідентичний номер."},{"$i":"sort-contacts","$v":"Сортувати контакти"},{"$i":"sort-by-first-name","$v":"Сортувати за ім’ям"},{"$i":"sort-by-last-name","$v":"Сортувати за прізвищем"},{"$i":"no-support-open-multi-vcard","$v":"Не вдалося відкрити vCard з кількома контактами."},{"$i":"import","$v":"Імпорт"},{"$i":"sdcard","$v":"Картка пам’яті"},{"$i":"simcard","$v":"SIM-картка"},{"$i":"import-contacts","$v":"Імпортувати контакти"},{"$i":"simContacts-error","$v":"Не вдалось імпортувати контакти із SIM-картки"},{"$i":"memoryCardContacts-error","$v":"Не вдалось імпортувати контакти з картки пам’яті"},{"$i":"novCardFiles","$v":"На картці пам'яті немає файлу контактів."},{"$i":"fullDiskSpace-error","$v":"Пам’ять заповнена, не можна імпортувати контакти."},{"$i":"socialServiceContacts-error","$v":["Не вдалось імпортувати контакти зі служби ",{"t":"idOrVar","v":"service"},"."]},{"$i":"socialServiceContacts-noNetwork","$v":["Немає підключення до Інтернету, неможливо імпортувати контакти зі служби ",{"t":"idOrVar","v":"service"},"."]},{"$i":"simContacts-reading","$v":"Читання контактів із SIM-картки…"},{"$i":"memoryCardContacts-reading","$v":"Читання контактів із картки пам’яті..."},{"$i":"importContactsTitle","$v":"Імпортувати контакти"},{"$i":"retry","$v":"Повторити"},{"$i":"noSimMsg","$v":"Щоб імпортувати контакти, вставте або розблокуйте SIM-картку."},{"$i":"noSdcardMsg","$v":"Щоб імпортувати контакти, вставте картку пам’яті."},{"$i":"not-imported","$v":"Не імпортовано"},{"$i":"imported","$v":"Імпортовано"},{"$i":"importing","$v":"Імпорт"},{"$i":"contact-imported","$v":["Імпортовано контактів: ",{"t":"idOrVar","v":"imported"},". Об’єднано контактів: ",{"t":"idOrVar","v":"dupes"},"."]},{"$i":"contact-imported2","$v":{"one":"Імпортовано 1 контакт.","zero":"Не імпортовано жодного контакту.","few":["Імпортовано ",{"t":"idOrVar","v":"imported"}," контакти."],"many":["Імпортовано ",{"t":"idOrVar","v":"imported"}," контакти."],"other":["Імпортовано ",{"t":"idOrVar","v":"imported"}," контакти."],"two":["Імпортовано ",{"t":"idOrVar","v":"imported"}," контакти."]},"$x":[{"t":"idOrVar","v":"plural"},"imported"]},{"$i":"reading-contacts-from-sim","$v":"Читання контакту(ів) із SIM-картки..."},{"$i":"reading-contacts-from-gmail","$v":"Читання контакту(ів) із Gmail..."},{"$i":"reading-contacts-from-live","$v":"Читання контакту(ів) з Outlook..."},{"$i":"reading-contacts-from-sd","$v":"Читання контакту(ів) із картки пам’яті..."},{"$i":"reading-contacts-from-vcard","$v":"Читання контакту(ів) із файлу..."},{"$i":"importing-contacts-from-sim","$v":"Імпорт контакту(ів) із SIM-картки..."},{"$i":"importing-contacts-from-gmail","$v":"Імпорт контакту(ів) із Gmail..."},{"$i":"importing-contacts-from-live","$v":"Імпорт контакту(ів) з Outlook..."},{"$i":"importing-contacts-from-sd","$v":"Імпорт контакту(ів) із картки пам’яті..."},{"$i":"importing-contacts-from-vcard","$v":"Імпорт контакту(ів) із файлу..."},{"$i":"connect-network-to-import","$v":"Щоб імпортувати контакти, підключіться до мережі Wi-Fi або мережі передачі даних."},{"$i":"importing-confirm","$v":["Імпортувати контакти (",{"t":"idOrVar","v":"n"},") з файлу \"",{"t":"idOrVar","v":"fileName"},"\"?"]},{"$i":"importing-cancel-confirm","$v":"0.0"},{"$i":"import-contact-failed","$v":"Не вдалося імпортувати контакти"},{"$i":"phone-storage-full","$v":"Пам’ять телефону заповнена"},{"$i":"import-contact-storage-full","$v":"Не вдалось імпортувати контакти. Видаліть дані програм, щоб звільнити простір."},{"$i":"contact-import-error-disk-full","$v":"Імпорт контактів не завершено: пам’ять заповнена. Видаліть дані програм, щоб звільнити місце."},{"$i":"contact-import-error-sim-full","$v":"Контакти не імпортовано, оскільки SIM-картка переповнена."},{"$i":"contact-import-error-unknown","$v":"Імпорт контактів є неповним через помилку."},{"$i":"import-contacts-canceled","$v":"0.0"},{"$i":"close","$v":"Закрити"},{"$i":"import-process-cancel","$v":"Процес імпорту скасовано."},{"$i":"import-limit-header","$v":"Обмеження розміру файлу перевищено"},{"$i":"inner-import-limit-content","$v":"Будь-який розмір файлу контактів перевищує 10 Мб не імпортовано."},{"$i":"activity-import-limit-contact","$v":"Не вдалося імпортувати контакти через перевищення обмеження розміру файлу."},{"$i":"activity-import-limit-additional","$v":"(Розмір файлу повинен бути менше 10 МБ.)"},{"$i":"bluetooth","$v":"Bluetooth"},{"$i":"export","$v":"Експорт"},{"$i":"export-contacts","$v":"Експорт контактів"},{"$i":"simExport-title","$v":"Експорт на SIM-карту"},{"$i":"memoryCardExport-title","$v":"Експорт на карту пам'яті ..."},{"$i":"btExport-title","$v":"Експорт через Bluetooth"},{"$i":"noSimMsgExport","$v":"Щоб експортувати контакти, вставте або розблокуйте SIM-картку."},{"$i":"noSdcardExport","$v":"Щоб експортувати контакти, вставте картку пам’яті."},{"$i":"bluetoothNoConnection","$v":"Щоб експортувати контакти, підключіть пристрій через Bluetooth."},{"$i":"contact-exported","$v":["Контактів експортовано: ",{"t":"idOrVar","v":"exported"},"."]},{"$i":"contact-exported2","$v":{"zero":"Не експортовано жодного контакту.","one":"1 контакт експортується.","few":["Експортовано ",{"t":"idOrVar","v":"exported"}," контакти."],"many":["Експортовано ",{"t":"idOrVar","v":"exported"}," контактів."],"other":["Експортовано контактів: ",{"t":"idOrVar","v":"exported"},"."],"two":["Експортовано ",{"t":"idOrVar","v":"exported"}," контакти."]},"$x":[{"t":"idOrVar","v":"plural"},"exported"]},{"$i":"export-contact-failed","$v":"Помилка експорту контакту"},{"$i":"contact-export-error-sim-full","$v":"Експорт контактів не завершено, оскільки пам’ять SIM-картки заповнена."},{"$i":"contact-export-error-sd-full","$v":"Експорт контактів, які не було завершено через картку пам'яті, заповнений."},{"$i":"contact-export-error-unknown","$v":"Експорт контактів не завершений через помилку."},{"$i":"contact-export-canceled","$v":"Експорт скасовано."},{"$i":"save","$v":"Зберегти"},{"$i":"back","$v":"Назад"},{"$i":"givenName","$v":"Ім’я"},{"$i":"familyName","$v":"Прізвище"},{"$i":"name","$v":"Ім’я"},{"$i":"org","$v":"Компанія"},{"$i":"ringtone","$v":"Тон дзвінка"},{"$i":"note","$v":"Нотатка"},{"$i":"photo","$v":"Картина"},{"$i":"email","$v":"Електронна пошта"},{"$i":"adr","$v":"Адреса"},{"$i":"custom","$v":"Користувацький"},{"$i":"confirm-discard-contact-data","$v":"Дані контакту буде втрачено. Зберегти контакт?"},{"$i":"confirm-discard-contact-update-data","$v":"Зміни буде втрачено. Зберегти цей контакт?"},{"$i":"discard-contact-data","$v":"Зміни буде скасовано."},{"$i":"discard","$v":"Відхилити"},{"$i":"add-others","$v":"Додати інше"},{"$i":"custom-label","$v":"Спеціальна етикетка"},{"$i":"input-the-custom-type","$v":"Укажіть спеціальний тип"},{"$i":"contact-added","$v":"Контакт додано."},{"$i":"delete-prompt-message","$v":["Видалити \"",{"t":"idOrVar","v":"field"},"\"?"]},{"$i":"delete-photo-msg","$v":"картина"},{"$i":"delete-ringtone-msg","$v":"Тон дзвінка"},{"$i":"delete-bday-msg","$v":"День народження"},{"$i":"delete-note-msg","$v":"Нотатка"},{"$i":"delete-org-msg","$v":"Компанія"},{"$i":"personal","$v":"Особист."},{"$i":"mobile","$v":"Моб."},{"$i":"current","$v":"Поточн."},{"$i":"home","$v":"Дім"},{"$i":"work","$v":"Роб."},{"$i":"other","$v":"Інше"},{"$i":"fax-home","$v":"Факс (дім)"},{"$i":"fax-office","$v":"Факс (офіс)"},{"$i":"fax-other","$v":"Інший факс"},{"$i":"add-phone","$v":"Додати телефон"},{"$i":"add-tel","$v":"Додати телефон"},{"$i":"add-email","$v":"Додати ел. пошту"},{"$i":"add-ringtone","$v":"Додати тон дзвінка"},{"$i":"add-adr","$v":"Додати адресу"},{"$i":"add-bday","$v":"Додати день народження"},{"$i":"add-photo","$v":"Додати зображення"},{"$i":"add-note","$v":"Додати нотатку"},{"$i":"add-org","$v":"Додати компанію"},{"$i":"add-tel-number","$v":"Додати номер телефону"},{"$i":"delete-tel","$v":"Видалити номер тел."},{"$i":"delete-email","$v":"Видалити ел. лист"},{"$i":"delete-ringtone","$v":"Видалити тон дзвінка"},{"$i":"delete-adr","$v":"Видалити адресу"},{"$i":"delete-bday","$v":"Видалити день народження"},{"$i":"delete-photo","$v":"Видалити зображення"},{"$i":"delete-note","$v":"Видалити нотатку"},{"$i":"delete-org","$v":"Видалити компанію"},{"$i":"edit-tel-type","$v":"Редагувати тип телефону"},{"$i":"edit-email-type","$v":"Редагувати тип ел. пошти"},{"$i":"edit-adr-type","$v":"Редагувати тип адреси"},{"$i":"edit-bday-type","$v":"Редагувати день народження"},{"$i":"replace-photo","$v":"Змінити фото"},{"$i":"replace-ringtone","$v":"Змінити тон дзвінка"},{"$i":"mobile-tel","$v":"Моб. телефон"},{"$i":"home-tel","$v":"Телефон (дім)"},{"$i":"work-tel","$v":"Робочий телефон"},{"$i":"personal-tel","$v":"Особистий телефон"},{"$i":"fax-home-tel","$v":"Факс (дім)"},{"$i":"fax-office-tel","$v":"Факс (офіс)"},{"$i":"fax-other-tel","$v":"Інший факс"},{"$i":"other-tel","$v":"Інший телефон"},{"$i":"personal-email","$v":"Особистий електронний лист"},{"$i":"work-email","$v":"Робота електронної пошти"},{"$i":"other-email","$v":"Інший електронний лист"},{"$i":"custom-email","$v":[{"t":"idOrVar","v":"type"}," ел. адреса"]},{"$i":"custom-tel","$v":[{"t":"idOrVar","v":"type"}," телефон"]},{"$i":"personal-adr","$v":"Особиста адреса"},{"$i":"current-adr","$v":"Поточна адреса"},{"$i":"home-adr","$v":"Домашня адреса"},{"$i":"work-adr","$v":"Робоча адреса"},{"$i":"custom-adr","$v":[{"t":"idOrVar","v":"type"}," адреса"]},{"$i":"bday","$v":"День народження"},{"$i":"birthday","$v":"День народження"},{"$i":"streetAddress","$v":"Вулиця"},{"$i":"locality","$v":"Місто"},{"$i":"postalCode","$v":"Поштовий індекс"},{"$i":"countryName","$v":"Країна"},{"$i":"region","$v":"Стан"},{"$i":"no-name","$v":"Без імені/прізвища"},{"$i":"new-contact","$v":"Новий контакт"},{"$i":"options","$v":"Опції"},{"$i":"cancel","$v":"Скасувати"},{"$i":"settings","$v":"Настройки"},{"$i":"edit","$v":"Редагувати"},{"$i":"share","$v":"Обмінятися"},{"$i":"remove","$v":"Видалити"},{"$i":"compose","$v":"Створити"},{"$i":"new-contact-title","$v":"Новий контакт"},{"$i":"edit-title","$v":"Редагувати контакт"},{"$i":"music","$v":"Музика"},{"$i":"adr-type","$v":"тип адреси"},{"$i":"email-type","$v":"Тип електронної пошти"},{"$i":"tel-type","$v":"Тип телефону"},{"$i":"ICEContactsGroup","$v":"Контакти ICE"},{"$i":"setICEButton","$v":"Установити контакти ICE"},{"$i":"ICESettingTitle","$v":"Контакти ICE"},{"$i":"ICEDescription","$v":"Додайте п’ять контактів, щоб здійснювати дзвінки \"У екстрених ситуаціях\"."},{"$i":"ICEContact","$v":["Контакт ICE ",{"t":"idOrVar","v":"n"}]},{"$i":"ICESelectContact","$v":"Вибрати контакт"},{"$i":"delete-ice-contact-warning","$v":"Видалити контакт ICE?"},{"$i":"confirm","$v":"Підтвердження"},{"$i":"add-ice-failed","$v":"Не вдалося додати ICE"},{"$i":"create-group","$v":"Створити групове повідомлення"},{"$i":"group-name","$v":"Назва групи"},{"$i":"group","$v":"ГРУПА"},{"$i":"new-group-created","$v":"Створено нову групу."},{"$i":"create-group-failed","$v":"Помилка створення групи."},{"$i":"create-group-too-many","$v":["Максимальна кількість груп: ",{"t":"idOrVar","v":"number"},"."]},{"$i":"create-group-duplicate","$v":"Дублюючу назву."},{"$i":"rename-group-failed","$v":"Не вдалося перейменувати групу."},{"$i":"new-group","$v":"Створити"},{"$i":"rename","$v":"Перейменувати"},{"$i":"duplicate-removed","$v":"Повторювані контакти видалено."},{"$i":"add-to-group","$v":"Додати до групи"},{"$i":"remove-from-group","$v":"Видалити з групи"},{"$i":"added-to","$v":["Додано до ",{"t":"idOrVar","v":"group"}]},{"$i":"removed-from","$v":["Видалено з групи ",{"t":"idOrVar","v":"group"}]},{"$i":"select-group","$v":"Виберіть групу"},{"$i":"rename-group","$v":"Перейменувати групу"},{"$i":"delete-group","$v":["Видалити групу \"",{"t":"idOrVar","v":"group"},"\"?"]},{"$i":"unable-add-warn","$v":"Неможливо додати контакт до облікового запису до групи."},{"$i":"edit-contact","$v":"Редагувати контакт"},{"$i":"send-message","$v":"Надіслати повідомлення"},{"$i":"call","$v":"Подзвонити"},{"$i":"call-sim-1","$v":"Подзвонити – SIM 1"},{"$i":"call-sim-2","$v":"Подзвонити – SIM 2"},{"$i":"send-email","$v":"Надіслати ел. лист"},{"$i":"choose-number","$v":"Виберіть номер"},{"$i":"choose-email-address","$v":"Вибрати адресу ел. пошти"},{"$i":"delete","$v":"Видалити"},{"$i":"select","$v":"Вибрати"},{"$i":"select-all","$v":"Вибрати все"},{"$i":"select-all2","$v":"Усі"},{"$i":"deselect-all","$v":"Скасувати вибір усіх"},{"$i":"deselect-all2","$v":"Немає"},{"$i":"deselect","$v":"Скасувати вибір"},{"$i":"selected-contacts","$v":{"few":["Вибрано: ",{"t":"idOrVar","v":"n"}],"many":["Вибрано: ",{"t":"idOrVar","v":"n"}],"one":["Вибрано: ",{"t":"idOrVar","v":"n"}],"other":["Вибрано: ",{"t":"idOrVar","v":"n"}],"two":["Вибрано: ",{"t":"idOrVar","v":"n"}],"zero":["Вибрано: ",{"t":"idOrVar","v":"n"}]},"$x":[{"t":"idOrVar","v":"plural"},"n"]},{"$i":"massive-delete","$v":"Видалити контакти"},{"$i":"confirm-contact-delete","$v":["Видалити контакт \"",{"t":"idOrVar","v":"name"},"\"?"]},{"$i":"DeletedTxt","$v":{"few":["Видалено ",{"t":"idOrVar","v":"n"}," контакти"],"many":["Видалено ",{"t":"idOrVar","v":"n"}," контактів"],"one":"Видалено 1 контакт","other":["Видалено ",{"t":"idOrVar","v":"n"}," контакту"],"two":["Видалено ",{"t":"idOrVar","v":"n"}," контакти"],"zero":"Немає контактів, які можна видалити"},"$x":[{"t":"idOrVar","v":"plural"},"n"]},{"$i":"DeletingContacts","$v":"Видалити контакти"},{"$i":"DeletingContactsProgressing","$v":"Видалення контактів"},{"$i":"ContactConfirmDel","$v":{"few":["Видалити ",{"t":"idOrVar","v":"n"}," контакти? Цю дію не можна скасувати."],"many":["Видалити ",{"t":"idOrVar","v":"n"}," контактів? Цю дію не можна скасувати."],"one":"Видалити 1 контакт? Цю дію не можна скасувати.","other":["Видалити ",{"t":"idOrVar","v":"n"}," контакту? Цю дію не можна скасувати."],"two":["Видалити ",{"t":"idOrVar","v":"n"}," контакти? Цю дію не можна скасувати."],"zero":"Немає контактів, які можна видалити"},"$x":[{"t":"idOrVar","v":"plural"},"n"]},{"$i":"contact-deleted","$v":{"zero":"0.0","one":"1 контакт видалений","few":["Видалено ",{"t":"idOrVar","v":"n"}," контакти."],"many":["Видалено ",{"t":"idOrVar","v":"n"}," контактів."],"other":["Видалено контактів: ",{"t":"idOrVar","v":"n"},"."],"two":["Видалено ",{"t":"idOrVar","v":"n"}," контакти."]},"$x":[{"t":"idOrVar","v":"plural"},"n"]},{"$i":"a-contact-deleted","$v":"Контакт видалено."},{"$i":"settings-title","$v":"Настройки контактів"},{"$i":"change-will-update-until-restart","$v":"Зміни будуть оновлені при наступному запуску \"Контакти\"."},{"$i":"transfer-contacts","$v":"Передати контакти"},{"$i":"service-number","$v":"Сервісний номер"},{"$i":"no-contacts-found","$v":"Збігів не знайдено."},{"$i":"search","$v":"Шукати контакти","placeholder":"Шукати контакти"},{"$i":"search-option","$v":"Пошук"},{"$i":"accounts","$v":"Облікові записи"},{"$i":"account","$v":"Обліковий запис"},{"$i":"add-account","$v":"Додати облік. запис"},{"$i":"add-account-failed","$v":"Сталася невідома помилка, спробуйте знову пізніше."},{"$i":"duplicate-account-warn","$v":"Обліковий запис уже існує. Синхр. ввімкнено."},{"$i":"setting-up-account","$v":"Настроювання облікового запису"},{"$i":"no-network-warn","$v":"Немає з’єднання з Інтернетом."},{"$i":"username","$v":"Ім’я користувача"},{"$i":"password","$v":"Пароль"},{"$i":"delete-account","$v":"Видалити обліковий запис"},{"$i":"delete-account-long","$v":"Видалити аккаунт"},{"$i":"delete-account-warn","$v":"Якщо видалити цей обліковий запис, це також вплине на програми, які використовують його."},{"$i":"deleting-account","$v":"Видалення облікового запису ..."},{"$i":"delete-account-failed","$v":"Помилка видалення облікового запису. Повторіть спробу пізніше."},{"$i":"delete-account-ok","$v":"Обліковий запис видалено."},{"$i":"sync","$v":"Синхронізувати"},{"$i":"sync-title","$v":"Синхронізація контактів"},{"$i":"sync-failed-warn","$v":"Не вдалося синхронізувати."},{"$i":"sync-off-warn","$v":"Синхронізацію вимкнено в налаштуваннях."},{"$i":"show-account-contacts","$v":"Показати контакти облікового запису"},{"$i":"sync-account-contacts","$v":"синхронізувати контакти облікового запису"},{"$i":"sync-account-contacts-warning","$v":["Якщо не встановлено прапорець \"",{"t":"idOrVar","v":"switch"},"\", будь-які зміни контактів облікового запису не синхронізуватимуться з хмарою. Усе одно зняти прапорець?"]},{"$i":"yes","$v":"Так"},{"$i":"all-contacts-synced","$v":"Усі контакти синхронізовані."},{"$i":"contact-syncing","$v":"Контакти синхронізуються ..."},{"$i":"contacts-sync-limit-exceed","$v":"Синхр. контактів не завершено: перевищено ліміт контактів."},{"$i":"show-password","$v":"Відобразити пароль"},{"$i":"password-incorrect","$v":"Неправильний пароль."},{"$i":"re-enter-password","$v":"Повторно введіть пароль"},{"$i":"accessing-warn","$v":"Проблема з доступом до вашого облікового запису."},{"$i":"accessing-warn-password","$v":"Введіть пароль знову."},{"$i":"re-enter-password-on-setting","$v":"Повторно введіть пароль у налаштуваннях Контакти."},{"$i":"accessing-warn-relogin","$v":"Видаліть обліковий запис і знову ввійдіть."},{"$i":"update-password-failed","$v":"Помилка оновлення пароля. Повторіть спробу пізніше."},{"$i":"connect-time-out","$v":["Не вдалося встановити з’єднання із сервером ",{"t":"idOrVar","v":"server"},". Можливо, сталася помилка мережі."]},{"$i":"server-error","$v":"Сервер недоступний. Повторіть спробу пізніше."},{"$i":"loading","$v":"Завантаження…"},{"$i":"ellipsis","$v":"..."},{"$i":"stop-syncing-warn-title","$v":"Синхронізація контактів"},{"$i":"stop-syncing-warn","$v":"Закриття програми зупинить процес синхронізації контактів. Ви все ще хочете його закрити?"},{"$i":"weekday-0-long","$v":"Неділя"},{"$i":"weekday-1-long","$v":"Понеділок"},{"$i":"weekday-2-long","$v":"Вівторок"},{"$i":"weekday-3-long","$v":"Середа"},{"$i":"weekday-4-long","$v":"Четвер"},{"$i":"weekday-5-long","$v":"П’ятниця"},{"$i":"weekday-6-long","$v":"Субота"},{"$i":"weekday-0-short","$v":"Нд"},{"$i":"weekday-1-short","$v":"Пн"},{"$i":"weekday-2-short","$v":"Вт"},{"$i":"weekday-3-short","$v":"Ср"},{"$i":"weekday-4-short","$v":"Чт"},{"$i":"weekday-5-short","$v":"Пт"},{"$i":"weekday-6-short","$v":"Сб"},{"$i":"month-0-long","$v":"Січень"},{"$i":"month-1-long","$v":"Лютий"},{"$i":"month-2-long","$v":"Березень"},{"$i":"month-3-long","$v":"Квітень"},{"$i":"month-4-long","$v":"Травень"},{"$i":"month-5-long","$v":"Червень"},{"$i":"month-6-long","$v":"Липень"},{"$i":"month-7-long","$v":"Серпень"},{"$i":"month-8-long","$v":"Вересень"},{"$i":"month-9-long","$v":"Жовтень"},{"$i":"month-10-long","$v":"Листопад"},{"$i":"month-11-long","$v":"Грудень"},{"$i":"month-0-genitive","$v":"січня"},{"$i":"month-1-genitive","$v":"лютого"},{"$i":"month-2-genitive","$v":"березня"},{"$i":"month-3-genitive","$v":"квітня"},{"$i":"month-4-genitive","$v":"травня"},{"$i":"month-5-genitive","$v":"червня"},{"$i":"month-6-genitive","$v":"липня"},{"$i":"month-7-genitive","$v":"серпня"},{"$i":"month-8-genitive","$v":"вересня"},{"$i":"month-9-genitive","$v":"жовтня"},{"$i":"month-10-genitive","$v":"листопада"},{"$i":"month-11-genitive","$v":"грудня"},{"$i":"month-0-short","$v":"Січ"},{"$i":"month-1-short","$v":"Лют"},{"$i":"month-2-short","$v":"Бер"},{"$i":"month-3-short","$v":"Кві"},{"$i":"month-4-short","$v":"Тра"},{"$i":"month-5-short","$v":"Чер"},{"$i":"month-6-short","$v":"Лип"},{"$i":"month-7-short","$v":"Сер"},{"$i":"month-8-short","$v":"Вер"},{"$i":"month-9-short","$v":"Жов"},{"$i":"month-10-short","$v":"Лис"},{"$i":"month-11-short","$v":"Гру"},{"$i":"minutes-ago-long","$v":{"few":[{"t":"idOrVar","v":"value"}," хвилини тому"],"many":[{"t":"idOrVar","v":"value"}," хвилин тому"],"other":[{"t":"idOrVar","v":"value"}," хвилини тому"],"two":[{"t":"idOrVar","v":"value"}," хвилини тому"],"one":"Хвилину тому","zero":"просто зараз"},"$x":[{"t":"idOrVar","v":"plural"},"value"]},{"$i":"hours-ago-long","$v":{"few":[{"t":"idOrVar","v":"value"}," години тому"],"many":[{"t":"idOrVar","v":"value"}," годин тому"],"other":[{"t":"idOrVar","v":"value"}," години тому"],"two":[{"t":"idOrVar","v":"value"}," години тому"],"one":"1 год","zero":"просто зараз"},"$x":[{"t":"idOrVar","v":"plural"},"value"]},{"$i":"days-ago-long","$v":{"few":[{"t":"idOrVar","v":"value"}," дні тому"],"many":[{"t":"idOrVar","v":"value"}," днів тому"],"one":"учора","other":[{"t":"idOrVar","v":"value"}," дня тому"],"two":[{"t":"idOrVar","v":"value"}," дні тому"],"zero":"сьогодні"},"$x":[{"t":"idOrVar","v":"plural"},"value"]},{"$i":"weeks-ago-long","$v":{"few":[{"t":"idOrVar","v":"value"}," тижні тому"],"many":[{"t":"idOrVar","v":"value"}," тижнів тому"],"one":"минулий тиждень","other":[{"t":"idOrVar","v":"value"}," тижня тому"],"two":[{"t":"idOrVar","v":"value"}," тижні тому"],"zero":"цього тижня"},"$x":[{"t":"idOrVar","v":"plural"},"value"]},{"$i":"months-ago-long","$v":{"few":[{"t":"idOrVar","v":"value"}," місяці тому"],"many":[{"t":"idOrVar","v":"value"}," місяців тому"],"one":"минулий місяць","other":[{"t":"idOrVar","v":"value"}," місяця тому"],"two":[{"t":"idOrVar","v":"value"}," місяці тому"],"zero":"цього місяця"},"$x":[{"t":"idOrVar","v":"plural"},"value"]},{"$i":"years-ago-long","$v":{"few":[{"t":"idOrVar","v":"value"}," роки тому"],"many":[{"t":"idOrVar","v":"value"}," років тому"],"one":"минулий рік","other":[{"t":"idOrVar","v":"value"}," року тому"],"two":[{"t":"idOrVar","v":"value"}," роки тому"],"zero":"цього року"},"$x":[{"t":"idOrVar","v":"plural"},"value"]},{"$i":"minutes-until-long","$v":{"few":["через ",{"t":"idOrVar","v":"value"}," хв."],"many":["через ",{"t":"idOrVar","v":"value"}," хв."],"other":["через ",{"t":"idOrVar","v":"value"}," хв."],"two":["через ",{"t":"idOrVar","v":"value"}," хв."],"zero":"зараз","one":"за 1 хвилину"},"$x":[{"t":"idOrVar","v":"plural"},"value"]},{"$i":"hours-until-long","$v":{"few":["через ",{"t":"idOrVar","v":"value"}," год."],"many":["через ",{"t":"idOrVar","v":"value"}," год."],"other":["через ",{"t":"idOrVar","v":"value"}," год."],"two":["через ",{"t":"idOrVar","v":"value"}," год."],"zero":"зараз","one":"через 1 годину"},"$x":[{"t":"idOrVar","v":"plural"},"value"]},{"$i":"days-until-long","$v":{"few":["через ",{"t":"idOrVar","v":"value"}," дн."],"many":["через ",{"t":"idOrVar","v":"value"}," дн."],"one":"завтра","other":["через ",{"t":"idOrVar","v":"value"}," дн."],"two":["через ",{"t":"idOrVar","v":"value"}," дн."],"zero":"сьогодні"},"$x":[{"t":"idOrVar","v":"plural"},"value"]},{"$i":"weeks-until-long","$v":{"few":["через ",{"t":"idOrVar","v":"value"}," тиж."],"many":["через ",{"t":"idOrVar","v":"value"}," тиж."],"one":"наступного тижня","other":["через ",{"t":"idOrVar","v":"value"}," тиж."],"two":["через ",{"t":"idOrVar","v":"value"}," тиж."],"zero":"цього тижня"},"$x":[{"t":"idOrVar","v":"plural"},"value"]},{"$i":"months-until-long","$v":{"few":["через ",{"t":"idOrVar","v":"value"}," міс."],"many":["через ",{"t":"idOrVar","v":"value"}," міс."],"one":"наступного місяця","other":["через ",{"t":"idOrVar","v":"value"}," міс."],"two":["через ",{"t":"idOrVar","v":"value"}," міс."],"zero":"цього місяця"},"$x":[{"t":"idOrVar","v":"plural"},"value"]},{"$i":"years-until-long","$v":{"few":["через ",{"t":"idOrVar","v":"value"}," р."],"many":["через ",{"t":"idOrVar","v":"value"}," р."],"one":"наступного року","other":["через ",{"t":"idOrVar","v":"value"}," р."],"two":["через ",{"t":"idOrVar","v":"value"}," р."],"zero":"цього року"},"$x":[{"t":"idOrVar","v":"plural"},"value"]},{"$i":"minutes-ago-short","$v":{"other":[{"t":"idOrVar","v":"value"}," хвилини тому"],"zero":"просто зараз"},"$x":[{"t":"idOrVar","v":"plural"},"value"]},{"$i":"hours-ago-short","$v":{"other":[{"t":"idOrVar","v":"value"}," години тому"],"zero":"просто зараз"},"$x":[{"t":"idOrVar","v":"plural"},"value"]},{"$i":"days-ago-short","$v":{"other":[{"t":"idOrVar","v":"value"}," дня тому"],"zero":"сьогодні"},"$x":[{"t":"idOrVar","v":"plural"},"value"]},{"$i":"minutes-until-short","$v":{"other":["через ",{"t":"idOrVar","v":"value"}," хв."],"zero":"зараз"},"$x":[{"t":"idOrVar","v":"plural"},"value"]},{"$i":"hours-until-short","$v":{"other":["через ",{"t":"idOrVar","v":"value"}," год."],"zero":"зараз"},"$x":[{"t":"idOrVar","v":"plural"},"value"]},{"$i":"days-until-short","$v":{"other":["через ",{"t":"idOrVar","v":"value"}," дн."],"zero":"сьогодні"},"$x":[{"t":"idOrVar","v":"plural"},"value"]},{"$i":"incorrectDate","$v":"(неправильна дата)"},{"$i":"dateTimeFormat_%c","$v":"%a %b %e %Y %I:%M:%S %p"},{"$i":"dateTimeFormat_%x","$v":"%m/%d/%Y"},{"$i":"dateTimeFormat_%X","$v":"%I:%M:%S %p"},{"$i":"shortTimeFormat","$v":"%I:%M %p"},{"$i":"shortTimeFormat12","$v":"%I:%M %p"},{"$i":"shortTimeFormat24","$v":"%H:%M"},{"$i":"shortDateTimeFormat","$v":"%x %I:%M %p"},{"$i":"weekStartsOnMonday","$v":"0.0"},{"$i":"firstDayOfTheWeek","$v":"1.0"},{"$i":"time_am","$v":"ДП"},{"$i":"time_pm","$v":"ПП"},{"$i":"sim-with-index-and-carrier","$v":["SIM ",{"t":"idOrVar","v":"index"}," - ",{"t":"idOrVar","v":"carrier"}]},{"$i":"sim-without-carrier","$v":["SIM ",{"t":"idOrVar","v":"index"}]}]