[{"$i":"contacts","$v":"رابطے"},{"$i":"view","$v":"دیکھیں"},{"$i":"no-contacts","$v":"کوئی روابط نہیں"},{"$i":"reading-contacts","$v":"روابط لوڈ ہورہے ہیں"},{"$i":"start-adding","$v":"رابطے شامل کرنے کے لئے نیا دبائیں یا سیٹنگز میں جائیں۔"},{"$i":"no-contact-available","$v":"کوئی رابطہ دستیاب نہیں ہے"},{"$i":"requested-contact-not-available","$v":"موجودہ روابط پر مطلوبہ معلومات دستیاب نہیں ہے"},{"$i":"cannot-add-as-empty","$v":"آپ کی رابطہ کی فہرست خالی ہے کے طور پر رابطہ میں شامل نہیں کیا جاسکتا"},{"$i":"ok","$v":"ٹھیک ہے"},{"$i":"no-phone-number-to-dial","$v":"ڈائل کرنے کیلئے کوئی فون نمبر نہیں"},{"$i":"video-call","$v":"ویڈیو کال"},{"$i":"rtt-call","$v":"آر۔ٹی۔ٹی کال"},{"$i":"select-a-contact","$v":"اے رابطہ منتخب کریں"},{"$i":"multi-pick-max-warn","$v":["زیادہ سے زیادہ منتخب شدہ شمار ",{"t":"idOrVar","v":"n"}," ہے"]},{"$i":"add-contact-failed","$v":"اکاؤنٹ شامل کرنا ناکام ہوگیا"},{"$i":"no-sim-card-available","$v":"کوئی سم کارڈ دستیاب نہیں"},{"$i":"email-cannot-add-to-sim","$v":"موجودہ میموری انتخاب کے ذریعہ ای میل سپورٹ نہیں کرتی ہے۔"},{"$i":"add-info-failed","$v":"معلومات شامل کرنے میں ناکام"},{"$i":"no-contact-to-add","$v":"شامل کرنے کے لئے کوئی رابطہ دستیاب نہیں ہے۔"},{"$i":"move","$v":"منتقل کریں"},{"$i":"copy","$v":"کاپی کریں"},{"$i":"copy-contacts","$v":"روابط کاپی کریں"},{"$i":"move-contacts","$v":"روابط کو منتقل کریں"},{"$i":"phone-memory","$v":"فون میموری"},{"$i":"sim-memory","$v":"سم میموری"},{"$i":"sim-0-memory","$v":"سم 1 میموری"},{"$i":"sim-1-memory","$v":"سم 2 میموری"},{"$i":"move-from","$v":"سے منتقل کریں"},{"$i":"copy-from","$v":"کاپی منجانب"},{"$i":"to","$v":"بنام"},{"$i":"move-contacts-progressing","$v":"روابط کو منتقل کر رہا ہے..."},{"$i":"copy-contacts-progressing","$v":"روابط کو کاپی کر رہا ہے..."},{"$i":"contact-move-to-sim","$v":{"few":[{"t":"idOrVar","v":"migrated"}," رابطے سم پر منتقل کر دیے گئے."],"many":[{"t":"idOrVar","v":"migrated"}," رابطے سم پر منتقل کر دیے گئے."],"one":"1 رابطہ سم پر منتقل کر دیا گیا.","other":[{"t":"idOrVar","v":"migrated"}," رابطے سم پر منتقل کر دیے گئے."],"two":[{"t":"idOrVar","v":"migrated"}," رابطے سم پر منتقل کر دیے گئے."],"zero":"کوئی رابطہ سم پر منتقل نہیں کیا گیا."},"$x":[{"t":"idOrVar","v":"plural"},"migrated"]},{"$i":"contact-copy-to-sim","$v":{"few":[{"t":"idOrVar","v":"migrated"}," رابطے سم پر کاپی کر دیے گئے."],"many":[{"t":"idOrVar","v":"migrated"}," رابطے سم پر کاپی کر دیے گئے."],"one":"1 رابطہ سم پر کاپی کر دیا گیا.","other":[{"t":"idOrVar","v":"migrated"}," رابطے سم پر کاپی کر دیے گئے."],"two":[{"t":"idOrVar","v":"migrated"}," رابطے سم پر کاپی کر دیے گئے."],"zero":"سم پر کوئی رابطے کاپی نہیں کیے گئے."},"$x":[{"t":"idOrVar","v":"plural"},"migrated"]},{"$i":"contact-move-to-sim0","$v":{"few":[{"t":"idOrVar","v":"migrated"}," رابطے سم 1 پر منتقل کر دیے گئے."],"many":[{"t":"idOrVar","v":"migrated"}," رابطے سم 1 پر منتقل کر دیے گئے."],"one":"1 رابطہ سم 1 پر منتقل کر دیا گیا.","other":[{"t":"idOrVar","v":"migrated"}," رابطے سم 1 پر منتقل کر دیے گئے."],"two":[{"t":"idOrVar","v":"migrated"}," رابطے سم 1 پر منتقل کر دیے گئے."],"zero":"کوئی رابطہ سم 1 پر منتقل نہیں کیا گیا."},"$x":[{"t":"idOrVar","v":"plural"},"migrated"]},{"$i":"contact-copy-to-sim0","$v":{"few":[{"t":"idOrVar","v":"migrated"}," رابطے سم 1 پر کاپی کر دیے گئے."],"many":[{"t":"idOrVar","v":"migrated"}," رابطے سم 1 پر کاپی کر دیے گئے."],"one":"1 رابطہ سم 1 پر کاپی کر دیا گیا.","other":[{"t":"idOrVar","v":"migrated"}," رابطے سم 1 پر کاپی کر دیے گئے."],"two":[{"t":"idOrVar","v":"migrated"}," رابطے سم 1 پر کاپی کر دیے گئے."],"zero":"سم 1 پر کوئی رابطہ کاپی نہیں کیا گیا."},"$x":[{"t":"idOrVar","v":"plural"},"migrated"]},{"$i":"contact-move-to-sim1","$v":{"few":[{"t":"idOrVar","v":"migrated"}," رابطے سم 2 پر منتقل کر دیے گئے."],"many":[{"t":"idOrVar","v":"migrated"}," رابطے سم 2 پر منتقل کر دیے گئے."],"one":"1 رابطہ سم 2 پر منتقل کر دیا گیا.","other":[{"t":"idOrVar","v":"migrated"}," رابطے سم 2 پر منتقل کر دیے گئے."],"two":[{"t":"idOrVar","v":"migrated"}," رابطے سم 2 پر منتقل کر دیے گئے."],"zero":"کوئی رابطہ سم 2 پر منتقل نہیں کیا گیا."},"$x":[{"t":"idOrVar","v":"plural"},"migrated"]},{"$i":"contact-copy-to-sim1","$v":{"few":[{"t":"idOrVar","v":"migrated"}," رابطے سم 2 پر کاپی کر دیے گئے."],"many":[{"t":"idOrVar","v":"migrated"}," رابطے سم 2 پر کاپی کر دیے گئے."],"one":"1 رابطہ سم 2 پر کاپی کر دیا گیا.","other":[{"t":"idOrVar","v":"migrated"}," رابطے سم 2 پر کاپی کر دیے گئے."],"two":[{"t":"idOrVar","v":"migrated"}," رابطے سم 2 پر کاپی کر دیے گئے."],"zero":"سم 2 پر کوئی رابطہ کاپی نہیں کیا گیا."},"$x":[{"t":"idOrVar","v":"plural"},"migrated"]},{"$i":"contact-move-to-device","$v":{"one":"1 رابطہ ڈیوائس پر منتقل کر دیا گیا.","zero":"کوئی رابطہ ڈیوائس پر منتقل نہیں کیا گیا.","few":[{"t":"idOrVar","v":"migrated"}," رابطے ڈیوائس پر منتقل کر دیے گئے."],"many":[{"t":"idOrVar","v":"migrated"}," رابطے ڈیوائس پر منتقل کر دیے گئے."],"other":[{"t":"idOrVar","v":"migrated"}," رابطے ڈیوائس پر منتقل کر دیے گئے."],"two":[{"t":"idOrVar","v":"migrated"}," رابطے ڈیوائس پر منتقل کر دیے گئے."]},"$x":[{"t":"idOrVar","v":"plural"},"migrated"]},{"$i":"contact-copy-to-device","$v":{"one":"1 رابطہ ڈیوائس پر کاپی کر دیا گیا.","zero":"کوئی رابطہ ڈیوائس پر کاپی نہیں کیا گیا.","few":[{"t":"idOrVar","v":"migrated"}," رابطے ڈیوائس پر کاپی کر دیے گئے."],"many":[{"t":"idOrVar","v":"migrated"}," رابطے ڈیوائس پر کاپی کر دیے گئے."],"other":[{"t":"idOrVar","v":"migrated"}," رابطے ڈیوائس پر کاپی کر دیے گئے."],"two":[{"t":"idOrVar","v":"migrated"}," رابطے ڈیوائس پر کاپی کر دیے گئے."]},"$x":[{"t":"idOrVar","v":"plural"},"migrated"]},{"$i":"copy-contact-failed","$v":"روابط کی نقل کرنے میں ناکام ہوگیا"},{"$i":"move-contact-failed","$v":"روابط منتقل کرنا ناکام ہوگيا"},{"$i":"contact-copy-error-sim-full","$v":"سم کارڈ بھرا ہوا ہونے کی وجہ سے روابط کی نقل مکمل نہیں ہوئی۔"},{"$i":"contact-copy-error-unknown","$v":"نقص کی وجہ سے روابط کی نقل مکمل نہیں ہوئی۔"},{"$i":"contact-copy-error-limit-exceeded","$v":"فون کے رابطوں کے حد سے تجاوز کر جانے کی وجہ سے رابطوں کی نقل مکمل نہیں ہوئی۔"},{"$i":"contact-move-error-sim-full","$v":"سم کارڈ بھرا ہوا ہونے کی وجہ سے روابط منتقل کرنا مکمل نہیں ہوا۔"},{"$i":"contact-move-error-unknown","$v":"نقص کی وجہ سے روابط منتقل کرنا مکمل نہیں ہوا۔"},{"$i":"contact-move-error-limit-exceeded","$v":"فون کے رابطوں کے حد سے تجاوز کر جانے کی وجہ سے رابطوں کی منتقلی مکمل نہیں ہوئی۔"},{"$i":"contact-save-error-unknown","$v":"نقص کی وجہ سے رابطہ محفوظ کرنا مکمل نہیں ہوا۔"},{"$i":"memory","$v":"میموری"},{"$i":"phone-and-sim","$v":"فون اور سم"},{"$i":"phone","$v":"فون"},{"$i":"sim","$v":"سم"},{"$i":"reloading-contact","$v":"روابط کو دوبارہ لوڈ کر رہا ہے.."},{"$i":"contact-reloaded","$v":"روابط کو دوبارہ لوڈ کر رہا ہے.."},{"$i":"message","$v":"پیغام"},{"$i":"changes-saved","$v":"تبدیلیاں محفوظ ہوگئی۔"},{"$i":"already-ice-contact","$v":"یہ رابطہ پہلے سے ایک ICE کا رابطہ ہے"},{"$i":"phone-contacts-limit-exceeded","$v":"فون رابطوں کی حد تجاوز ہوگئی۔"},{"$i":"sim-contacts-limit-exceeded","$v":"سم رابطوں کی حد تجاوز ہوگئی۔"},{"$i":"more-info","$v":"مزید"},{"$i":"callAirplaneModeTitle","$v":"ایئر پلین موڈ فعال شدہ"},{"$i":"callAirplaneModeMessage","$v":"کال کرنے کیلئے آپ کو سیٹنگز میں ہوائی جہاز موڈ غیر فعال کرنے کی ضرورت ہوگی۔"},{"$i":"emergencyDialogTitle","$v":"کوئی نیٹ ورک کنکشن نہیں"},{"$i":"emergencyDialogBodyBadNumber","$v":"کال کرنے کیلئے، فون کو نیٹ ورک سے جڑا ہونا ضروری ہے۔"},{"$i":"emergencyDialogBodyDeviceNotAccepted","$v":"ہنگامی کالز نیٹ ورک کے ذریعے اجازت یافتہ نہیں ہے۔"},{"$i":"invalidNumberToDialTitle","$v":"غیر مجاز فون نمبر"},{"$i":"invalidNumberToDialMessage","$v":"آپ جس نمبر پر کال کررہے ہیں وہ غلط ہے۔"},{"$i":"invalidNumberToSendTitle","$v":"غیر مجاز فون نمبر"},{"$i":"invalidNumberToSendMessage","$v":"آپ جس نمبر پر پیغام رسانی کررہے ہیں وہ غلط ہے۔"},{"$i":"emergency-call-only","$v":"صرف ہنگامی کال"},{"$i":"emergency-call-error","$v":[{"t":"idOrVar","v":"number"}," ایک ہنگامی نمبر نہیں ہے۔"]},{"$i":"numberIsBusyTitle","$v":"نمبر مصروف ہے"},{"$i":"numberIsBusyMessage","$v":"نمبر فی الحال مصروف ہے۔ براہ کرم بعد ازاں دوبارہ کوشش کریں۔"},{"$i":"fdnIsActiveTitle","$v":"FDN فعال"},{"$i":"fdnIsActiveMessage","$v":["FDN (فکسڈ ڈائلنگ نمبرز) فعال شدہ ہے اور مندرجہ ذیل نمبر آپ کی FDN فہرست میں نہیں ہے: ",{"t":"idOrVar","v":"number"}]},{"$i":"otherConnectionInUseTitle","$v":"دوسرا کنیکشن زیر استعمال ہے"},{"$i":"otherConnectionInUseMessage","$v":"دیگر کنیکشن پر آپ کا کوئی فعال کال ہے۔ آپ ایک وقت میں صرف ایک کنیکشن استعمال کر سکتے ہیں۔"},{"$i":"GenericFailure","$v":"کلی ناکامی"},{"$i":"CallFailed","$v":"کال ناکام"},{"$i":"scCallBarring","$v":"کال بارنگ"},{"$i":"scCallForwarding","$v":"کال فارورڈ کرنا"},{"$i":"scClip","$v":"‏ان کمنگ کالر ID"},{"$i":"scClir","$v":"‏آؤٹ گوئنگ کالر ID"},{"$i":"scPwd","$v":"پاس ورڈ میں تبدیلی"},{"$i":"scCallWaiting","$v":"کال منتظر"},{"$i":"scPin","$v":"‏PIN میں تبدیلی"},{"$i":"scPin2","$v":"PIN2 تبدیل"},{"$i":"scPuk","$v":"ان بلاک PIN"},{"$i":"scPuk2","$v":"ان بلاک PIN2"},{"$i":"scImei","$v":"IMEI"},{"$i":"scMeid","$v":"MEID"},{"$i":"scUssd","$v":"USSD"},{"$i":"set-speed-dial","$v":"تیز ڈائل روابط سیٹ کریں"},{"$i":"empty","$v":"خالی"},{"$i":"voicemail","$v":"صوتی میل"},{"$i":"speed-dial","$v":"تیز ڈائل"},{"$i":"add","$v":"شامل کریں"},{"$i":"replace","$v":"بدلیں"},{"$i":"remove-from-speed-dial","$v":"اسپیڈ ڈائل سے ہٹائیں"},{"$i":"custom-dialog-replace-speed-dial","$v":["کیا آپ یقیناً تیز ڈائل ",{"t":"idOrVar","v":"oldSpeedDial"}," کو ",{"t":"idOrVar","v":"newSpeedDial"}," سے تبدیل کرنا چاہتے ہیں؟"]},{"$i":"custom-dialog-remove-speed-dial","$v":["کیا آپ یقیناً تیز ڈائل سے ",{"t":"idOrVar","v":"name"}," نکالنا چاہتے ہیں"]},{"$i":"speed-dial-added","$v":"تیز ڈائل نمبر شامل کر دیا گیا۔"},{"$i":"speed-dial-removed","$v":"تیز ڈائل نمبر نکال دیا گیا۔"},{"$i":"speed-dial-replaced","$v":"تیز ڈائل نمبر اپ ڈیٹ کر دیا گیا۔"},{"$i":"voice-mail","$v":"وائس میل"},{"$i":"voice-mail-number","$v":["صوتی میل نمبر - سم ",{"t":"idOrVar","v":"n"}]},{"$i":"voice-mail-number-single","$v":"وائس میل کا نمبر"},{"$i":"voice-mail-number-updated","$v":"وائس میل نمبر اپ ڈیٹ کردیا گیا"},{"$i":"found-duplicates-message","$v":"مندرجہ روابط میں نقلی معلومات پائی گئی تھی۔ کیا آپ ضم کرنا چاہیں گے؟"},{"$i":"confirm-to-merge-contacts","$v":["کیا آپ یقیناً ",{"t":"idOrVar","v":"n"}," روابط کو ",{"t":"idOrVar","v":"name"}," ساتھ ضم کرنا چاہتے ہیں؟"]},{"$i":"contact-merged","$v":"رابطہ ضم کیا گیا"},{"$i":"find-duplicate-contacts","$v":"دوہرائے ہوئے رابطے تلاش کریں"},{"$i":"no-duplicate-contact-found","$v":"کوئی دہرائے ہوئے روابط نہیں ملے"},{"$i":"merge","$v":"ملائیں"},{"$i":"find-dup","$v":"دوہرائے ہوئے رابطے تلاش کریں"},{"$i":"find-dup-title","$v":"دوہرائے ہوئے رابطے تلاش کریں"},{"$i":"finding-dup-message","$v":"دوہرائے ہوئے رابطے تلاش کررہا ہے…"},{"$i":"dup-found-title","$v":"نقلیں پائيں گئی"},{"$i":"dup-found-message","$v":"مندرجہ ذیل روابط میں نقلی معلومات پائی گئی تھی۔ کیا آپ ضم کرنا چاہیں گے؟"},{"$i":"no-dup-found","$v":"کوئی نقلیں نہیں پائيں گئیں"},{"$i":"merge-conflict-warn","$v":["مندرجہ ذیل معلومات کو \"",{"t":"idOrVar","v":"name"},"\" کے ذریعہ اوور رائٹ کر دیا جائے گا:"]},{"$i":"merge-conflict-confirm","$v":"کیا آپ یقیناً رابطوں کو ضم کرنا چاہتے ہیں؟"},{"$i":"add-favorite","$v":"بطور پسندیدہ شامل کریں"},{"$i":"remove-favorite","$v":"ناپسندیدہ"},{"$i":"favorite-contacts","$v":"پسندیدہ روابط"},{"$i":"add-block","$v":"یہ نمبر بلاک کریں"},{"$i":"remove-block","$v":"یہ نمبر ان بلاک کریں"},{"$i":"add-block-email","$v":"یہ ای میل بلاک کریں"},{"$i":"remove-block-email","$v":"یہ ای میل ان بلاک کریں"},{"$i":"add-block-contact-warning","$v":"آپ کو بلاک فہسرت پر لوگوں کی طرف سے فون کالز، پیغامات موصول نہیں ہوں گے۔"},{"$i":"add-block-email-warning","$v":"آپ اس ای میل ایڈرس سے میسجز محصول نہیں کریں گے۔"},{"$i":"block","$v":"بلاک کریں"},{"$i":"unblock","$v":"ان بلاک کریں"},{"$i":"block-contacts","$v":"رابطے بلاک کریں"},{"$i":"add-block-header","$v":"بلاک نمبر شامل کریں"},{"$i":"remove-block-alert","$v":"بلاک رابطوں سے ہٹایا گیا۔"},{"$i":"duplicate-block-number","$v":"ایک نقل نمبر شامل نہیں کر سکتا۔"},{"$i":"sort-contacts","$v":"روابط کو ترتیب دیں"},{"$i":"sort-by-first-name","$v":"پہلے نام سے ترتیب دیں"},{"$i":"sort-by-last-name","$v":"آخری نام سے ترتیب دیں"},{"$i":"no-support-open-multi-vcard","$v":"متعدد روابط کے ساتھ vCard نہیں کھولا جاسکتا"},{"$i":"import","$v":"درآمد کریں"},{"$i":"sdcard","$v":"میموری کارڈ"},{"$i":"simcard","$v":"سم کارڈ"},{"$i":"import-contacts","$v":"روابط درآمد کریں"},{"$i":"simContacts-error","$v":"روابط کو سم سے درآمد نہیں کرسکا"},{"$i":"memoryCardContacts-error","$v":"میموری کارڈ سے روابط درآمد نہیں کیے جاسکے"},{"$i":"novCardFiles","$v":"میموری کارڈ میں کوئی رابطہ فائل دستیاب نہیں ہے۔"},{"$i":"fullDiskSpace-error","$v":"اسٹوریج بھرا ہوا ہے، رابطے درآمد کرنے میں ناکام۔"},{"$i":"socialServiceContacts-error","$v":["روابط کو ",{"t":"idOrVar","v":"service"}," سے درآمد نہیں کرسکا"]},{"$i":"socialServiceContacts-noNetwork","$v":["کوئی انٹرنیٹ کنیکٹ نہیں، ",{"t":"idOrVar","v":"service"}," سے رابطے درآمد نہیں کر سکتا۔"]},{"$i":"simContacts-reading","$v":"سم کارڈ سے روابط پڑھ رہا ہے…"},{"$i":"memoryCardContacts-reading","$v":"میموری کارڈ سے روابط پڑھ رہا ہے…"},{"$i":"importContactsTitle","$v":"روابط درآمد کریں"},{"$i":"retry","$v":"دوبارہ کوشش کریں"},{"$i":"noSimMsg","$v":"روابط درآمد کرنے کیلئے اپنے سم کارڈ داخل کریں یا انلاک کریں"},{"$i":"noSdcardMsg","$v":"روابط درآمد کرنے کیلئے میموری کارڈ داخل کریں"},{"$i":"not-imported","$v":"درآمد نہیں کیا گیا"},{"$i":"imported","$v":"درآمد شدہ"},{"$i":"importing","$v":"درآمد کرنا"},{"$i":"contact-imported","$v":[{"t":"idOrVar","v":"imported"}," روابط درآمد کیے گئے۔ ",{"t":"idOrVar","v":"dupes"}," روابط ملائے گئے۔"]},{"$i":"contact-imported2","$v":{"one":"1 رابطہ درآمد کیا۔","zero":"کوئی رابطہ درآمد نہیں کیا گیا","few":[{"t":"idOrVar","v":"imported"}," روابط درآمد کیے گئے۔"],"many":[{"t":"idOrVar","v":"imported"}," روابط درآمد کیے گئے۔"],"other":[{"t":"idOrVar","v":"imported"}," روابط درآمد کیے گئے۔"],"two":[{"t":"idOrVar","v":"imported"}," روابط درآمد کیے گئے۔"]},"$x":[{"t":"idOrVar","v":"plural"},"imported"]},{"$i":"reading-contacts-from-sim","$v":"سم کارڈ سے رابطہ (رابطے) پڑھ رہا ہے..."},{"$i":"reading-contacts-from-gmail","$v":"جی میل سے رابطہ (رابطے) پڑھ رہا ہے..."},{"$i":"reading-contacts-from-live","$v":"آؤٹ لک سے رابطہ (رابطے) پڑھ رہا ہے..."},{"$i":"reading-contacts-from-sd","$v":"میموری کارڈ سے رابطہ (رابطے) پڑھ رہا ہے..."},{"$i":"reading-contacts-from-vcard","$v":"فائل سے رابطہ (رابطے) پڑھ رہا ہے..."},{"$i":"importing-contacts-from-sim","$v":"سم کارڈ سے رابطہ (رابطے) برآمد کر رہا ہے..."},{"$i":"importing-contacts-from-gmail","$v":"جی میل سے رابطہ (رابطے) برآمد کر رہا ہے..."},{"$i":"importing-contacts-from-live","$v":"آؤٹ لک سے رابطہ (رابطے) برآمد کر رہا ہے..."},{"$i":"importing-contacts-from-sd","$v":"میموری کارڈ سے رابطہ (رابطے) برآمد کر رہا ہے..."},{"$i":"importing-contacts-from-vcard","$v":"فائل سے رابطہ (رابطے) برآمد کر رہا ہے..."},{"$i":"connect-network-to-import","$v":"روابط درآمد کرنے کیلئے WiFi یا ڈیٹا نیٹ ورک سے مربوط ہوں"},{"$i":"importing-confirm","$v":[{"t":"idOrVar","v":"fileName"},"\" سے ",{"t":"idOrVar","v":"n"}," رابطہ (رابطے) درآمد کریں؟"]},{"$i":"importing-cancel-confirm","$v":"اگر آپ اس اسکرین کو بند کرتے ہیں تو درآمد کرنے کا عمل روک دیا جائے گا۔ کیا آپ اب بھی اسے بند کرنا چاہتے ہیں؟"},{"$i":"import-contact-failed","$v":"رابطہ درآمد کرنا ناکام ہوگيا"},{"$i":"phone-storage-full","$v":"فون اسٹوریج مکمل"},{"$i":"import-contact-storage-full","$v":"رابطے درآمد کرنے میں ناکام۔ جگہ خالی کرنے کے لئے اپلی کیشن ڈیٹا حذف کریں۔"},{"$i":"contact-import-error-disk-full","$v":"اسٹوریج بھرا ہوا ہونے کے سبب رابطے درآمد کرنا مکمل نہیں ہو سکھا۔ جگہ خالی کرنے کے لئے اپلی کیشن ڈیٹا ہذف کریں۔"},{"$i":"contact-import-error-sim-full","$v":"سم کارڈ بھرا ہوا ہونے کی وجہ سے روابط درآمد کرنا مکمل نہیں ہوا۔"},{"$i":"contact-import-error-unknown","$v":"نقص کی وجہ سے روابط درآمد کرنا مکمل نہیں ہوا۔"},{"$i":"import-contacts-canceled","$v":"رابطے درآمد کرنا منسوخ ہو گیا۔"},{"$i":"close","$v":"بند کریں"},{"$i":"import-process-cancel","$v":"درآمد کا عمل منسوخ کر دیا گیا۔"},{"$i":"import-limit-header","$v":"فائل سائز کی حد تجاوز کر گئی"},{"$i":"inner-import-limit-content","$v":"کوئی بھی 10MB سائز سے تجاوز روابط کی فائل درآمد نہیں کی گئی ہے۔"},{"$i":"activity-import-limit-contact","$v":"فائل سائز کی حد سے تجاوز کرنے کی وجہ سے روابط درآمد کرنے میں ناکام۔"},{"$i":"activity-import-limit-additional","$v":"﴿فائل کا سائز 10MB سے کم ہونا چاہئے۔﴾"},{"$i":"bluetooth","$v":"بلوٹوتھ"},{"$i":"export","$v":"برآمد کریں"},{"$i":"export-contacts","$v":"روابط برآمد کریں"},{"$i":"simExport-title","$v":"سم پر برآمد کریں"},{"$i":"memoryCardExport-title","$v":"میموری کارڈ پر برآمد کریں"},{"$i":"btExport-title","$v":"بلوٹوتھ پر برآمد کریں"},{"$i":"noSimMsgExport","$v":"روابط برآمد کرنے کیلئے اپنے سم کارڈ داخل کریں یا انلاک کریں"},{"$i":"noSdcardExport","$v":"روابط برآمد کرنے کیلئے ایک میموری کارڈ داخل کریں۔"},{"$i":"bluetoothNoConnection","$v":"روابط برآمد کرنے کیلئے ایک بلوٹوتھ آلہ جوڑیں۔"},{"$i":"contact-exported","$v":[{"t":"idOrVar","v":"exported"}," روابط برآمد کیے گئے۔"]},{"$i":"contact-exported2","$v":{"zero":"کوئی رابطہ برآمد نہیں کیا۔","one":"1 رابطہ برآمد کیا۔","few":[{"t":"idOrVar","v":"exported"}," روابط برآمد کیے گئے۔"],"many":[{"t":"idOrVar","v":"exported"}," روابط برآمد کیے گئے۔"],"other":[{"t":"idOrVar","v":"exported"}," روابط برآمد کیے گئے۔"],"two":[{"t":"idOrVar","v":"exported"}," روابط برآمد کیے گئے۔"]},"$x":[{"t":"idOrVar","v":"plural"},"exported"]},{"$i":"export-contact-failed","$v":"رابطہ برآمد کرنا ناکام ہوگيا"},{"$i":"contact-export-error-sim-full","$v":"سم کارڈ بھرا ہوا ہونے کی وجہ سے روابط برآمد کرنا مکمل نہیں ہوا۔"},{"$i":"contact-export-error-sd-full","$v":"میموری کارڈ بھرا ہوا ہونے کے سبب رابطے برآمد کرنا مکمل نہیں ہوا۔"},{"$i":"contact-export-error-unknown","$v":"نقص کی وجہ سے روابط برآمد کرنا مکمل نہیں ہوا۔"},{"$i":"contact-export-canceled","$v":"برآمد کے عمل کو منسوخ کردیا گیا ہے۔"},{"$i":"save","$v":"محفوظ کریں"},{"$i":"back","$v":"واپس جائیں"},{"$i":"givenName","$v":"پہلا نام"},{"$i":"familyName","$v":"آخری نام"},{"$i":"name","$v":"نام"},{"$i":"org","$v":"کمپنی"},{"$i":"ringtone","$v":"رنگ ٹون"},{"$i":"note","$v":"نوٹ"},{"$i":"photo","$v":"تصویر"},{"$i":"email","$v":"ای میل"},{"$i":"adr","$v":"پتہ"},{"$i":"custom","$v":"حسب ضرورت"},{"$i":"confirm-discard-contact-data","$v":"رابطہ کی معلومات رد کر دی جائے گی۔ کیا آپ اس رابطہ کو محفوظ کرنا چاہیں گے؟"},{"$i":"confirm-discard-contact-update-data","$v":"تبدیلیوں کو مسترد کردیا جائے گا۔ کیا آپ اس رابطہ کو محفوظ کرنا چاہیں گے؟"},{"$i":"discard-contact-data","$v":"تبدیلیان مسترد کی جائے گی۔"},{"$i":"discard","$v":"رد کریں"},{"$i":"add-others","$v":"دیگر شامل کریں"},{"$i":"custom-label","$v":"کسٹم لیبل"},{"$i":"input-the-custom-type","$v":"براہ کرم کسٹم ٹائپ درج کریں"},{"$i":"contact-added","$v":"رابطہ شامل کر دیا گیا۔"},{"$i":"delete-prompt-message","$v":[{"t":"idOrVar","v":"field"}," حذف کریں؟"]},{"$i":"delete-photo-msg","$v":"تصویر"},{"$i":"delete-ringtone-msg","$v":"رنگ ٹون"},{"$i":"delete-bday-msg","$v":"یوم پیدائش"},{"$i":"delete-note-msg","$v":"نوٹ"},{"$i":"delete-org-msg","$v":"کمپنی"},{"$i":"personal","$v":"ذاتی"},{"$i":"mobile","$v":"موبائل"},{"$i":"current","$v":"موجودہ"},{"$i":"home","$v":"گھر"},{"$i":"work","$v":"دفتر"},{"$i":"other","$v":"دیگر"},{"$i":"fax-home","$v":"فیکس ہوم"},{"$i":"fax-office","$v":"فیکس آفیس"},{"$i":"fax-other","$v":"فیکس دیگر"},{"$i":"add-phone","$v":"فون شامل کریں"},{"$i":"add-tel","$v":"فون نمبر شامل کریں"},{"$i":"add-email","$v":"ای میل شامل کریں"},{"$i":"add-ringtone","$v":"رنگ ٹون شامل کریں"},{"$i":"add-adr","$v":"پتہ شامل کریں"},{"$i":"add-bday","$v":"یوم پیدائش شامل کریں"},{"$i":"add-photo","$v":"تصویر شامل کریں"},{"$i":"add-note","$v":"نوٹ شامل کریں"},{"$i":"add-org","$v":"کمپنی شامل کریں"},{"$i":"add-tel-number","$v":"فون نمبر شامل کریں"},{"$i":"delete-tel","$v":"فون نمبر حذف کریں"},{"$i":"delete-email","$v":"ای میل حذف کریں"},{"$i":"delete-ringtone","$v":"رنگ ٹون حذف کریں"},{"$i":"delete-adr","$v":"پتہ حذف کریں"},{"$i":"delete-bday","$v":"یوم پیدائش حذف کریں"},{"$i":"delete-photo","$v":"تصویر حذ‌ف کریں"},{"$i":"delete-note","$v":"نوٹ حذف کریں"},{"$i":"delete-org","$v":"کمپنی حذف کریں"},{"$i":"edit-tel-type","$v":"فون کی قسم کی تدوین کریں"},{"$i":"edit-email-type","$v":"ای میل کی قسم کی تدوین کریں"},{"$i":"edit-adr-type","$v":"پتہ کی قسم کی تدوین کریں"},{"$i":"edit-bday-type","$v":"یوم پیدائش میں ترمیم کریں"},{"$i":"replace-photo","$v":"تصویر تبدیل کریں"},{"$i":"replace-ringtone","$v":"رنگ ٹون تبدیل کریں"},{"$i":"mobile-tel","$v":"موبائل فون"},{"$i":"home-tel","$v":"ہوم فون"},{"$i":"work-tel","$v":"دفرت کا فون"},{"$i":"personal-tel","$v":"ذاتی فون"},{"$i":"fax-home-tel","$v":"گھر کا فیکس"},{"$i":"fax-office-tel","$v":"آفیس فیکس"},{"$i":"fax-other-tel","$v":"دیگر فیکس"},{"$i":"other-tel","$v":"دیگر فون"},{"$i":"personal-email","$v":"ذاتی ای میل"},{"$i":"work-email","$v":"دفتر کا ای میل"},{"$i":"other-email","$v":"دیگر ای میل"},{"$i":"custom-email","$v":[{"t":"idOrVar","v":"type"}," ای میل"]},{"$i":"custom-tel","$v":[{"t":"idOrVar","v":"type"}," فون"]},{"$i":"personal-adr","$v":"ذاتی پتہ"},{"$i":"current-adr","$v":"موجودہ پتہ"},{"$i":"home-adr","$v":"گھر کا پتہ"},{"$i":"work-adr","$v":"دفتر کا پتہ"},{"$i":"custom-adr","$v":[{"t":"idOrVar","v":"type"}," پتہ"]},{"$i":"bday","$v":"یوم پیدائش"},{"$i":"birthday","$v":"یوم پیدائش"},{"$i":"streetAddress","$v":"گلی"},{"$i":"locality","$v":"شہر"},{"$i":"postalCode","$v":"زپ کوڈ"},{"$i":"countryName","$v":"ملک"},{"$i":"region","$v":"ریاست"},{"$i":"no-name","$v":"کوئی نام نہیں"},{"$i":"new-contact","$v":"نیا"},{"$i":"options","$v":"اختیارات"},{"$i":"cancel","$v":"منسوخ کریں"},{"$i":"settings","$v":"ترتیبات"},{"$i":"edit","$v":"ترمیم کریں"},{"$i":"share","$v":"اشتراک کریں"},{"$i":"remove","$v":"ہٹائیں"},{"$i":"compose","$v":"کمپوز کریں"},{"$i":"new-contact-title","$v":"نیا رابطہ"},{"$i":"edit-title","$v":"رابطہ میں ترمیم کریں"},{"$i":"music","$v":"میوزک"},{"$i":"adr-type","$v":"پتہ قسم"},{"$i":"email-type","$v":"ای میل قسم"},{"$i":"tel-type","$v":"فون قسم"},{"$i":"ICEContactsGroup","$v":"ICE روابط"},{"$i":"setICEButton","$v":"ICE روابط سیٹ کریں"},{"$i":"ICESettingTitle","$v":"ICE روابط"},{"$i":"ICEDescription","$v":"ہنگامی صورتحال میں کالز کرنے کیلئے پانچ روابط شامل کریں۔"},{"$i":"ICEContact","$v":["ICE کا رابطہ ",{"t":"idOrVar","v":"n"}]},{"$i":"ICESelectContact","$v":"اے رابطہ منتخب کریں"},{"$i":"delete-ice-contact-warning","$v":"کیا آپ یقیناً ICE رابطہ نکالنا چاہتے ہیں؟"},{"$i":"confirm","$v":"توثیق کاری"},{"$i":"add-ice-failed","$v":"ICE شامل کرنا ناکام ہوا"},{"$i":"create-group","$v":"گروپ بنائیں"},{"$i":"group-name","$v":"گروپ کا نام"},{"$i":"group","$v":"گروپ"},{"$i":"new-group-created","$v":"نیا گروپ تکمیل کیا گیا۔"},{"$i":"create-group-failed","$v":"گروپ تکمیل کرنا ناکام ہوا۔"},{"$i":"create-group-too-many","$v":["آپ صرف ",{"t":"idOrVar","v":"number"}," گروپس تکمیل کر سکتے ہے۔"]},{"$i":"create-group-duplicate","$v":"ڈوپلیکیٹ نام۔"},{"$i":"rename-group-failed","$v":"گروپ دوبارہ نام دینا ناکام ہوا۔"},{"$i":"new-group","$v":"نیا"},{"$i":"rename","$v":"نام تبدیل کریں"},{"$i":"duplicate-removed","$v":"ڈوپلیکیٹ رابطہ (رابطے) ہٹاے گئے۔"},{"$i":"add-to-group","$v":"گروپ میں شامل کریں"},{"$i":"remove-from-group","$v":"گروپ سے ہٹا دیں"},{"$i":"added-to","$v":[{"t":"idOrVar","v":"group"}," میں شامل کیا گیا"]},{"$i":"removed-from","$v":[{"t":"idOrVar","v":"group"}," سے ہٹائے گئے"]},{"$i":"select-group","$v":"گروپ منتخب کریں"},{"$i":"rename-group","$v":"گروپ دوبارہ نام دیں"},{"$i":"delete-group","$v":["کیا آپ کو یقین ہے آپ ",{"t":"idOrVar","v":"group"}," کو حذف کرنا چاہتے ہے؟"]},{"$i":"unable-add-warn","$v":"گروپ میں اکاؤنٹ کا رابطہ شامل کرنے سے قاصر ہے۔"},{"$i":"edit-contact","$v":"رابطہ میں ترمیم کریں"},{"$i":"send-message","$v":"پیغام بھیجیں"},{"$i":"call","$v":"کال کریں"},{"$i":"call-sim-1","$v":"کال - سم 1"},{"$i":"call-sim-2","$v":"کال - سم 2"},{"$i":"send-email","$v":"ای میل بھیجیں"},{"$i":"choose-number","$v":"نمبر منتخب کریں"},{"$i":"choose-email-address","$v":"ای میل منتخب کریں"},{"$i":"delete","$v":"حذف کریں"},{"$i":"select","$v":"منتخب کریں"},{"$i":"select-all","$v":"تمام منتخب کریں"},{"$i":"select-all2","$v":"تمام"},{"$i":"deselect-all","$v":"سبھی کو غیرمنتخب کریں"},{"$i":"deselect-all2","$v":"کوئی نہیں"},{"$i":"deselect","$v":"غیر منتخب کریں"},{"$i":"selected-contacts","$v":{"few":[{"t":"idOrVar","v":"n"}," منتخب شدہ"],"many":[{"t":"idOrVar","v":"n"}," منتخب شدہ"],"one":[{"t":"idOrVar","v":"n"}," منتخب شدہ"],"other":[{"t":"idOrVar","v":"n"}," منتخب شدہ"],"two":[{"t":"idOrVar","v":"n"}," منتخب شدہ"],"zero":[{"t":"idOrVar","v":"n"}," منتخب شدہ"]},"$x":[{"t":"idOrVar","v":"plural"},"n"]},{"$i":"massive-delete","$v":"رابطہ کو حذف کریں"},{"$i":"confirm-contact-delete","$v":["کیا آپکو یقین ہے کہ آپ \"",{"t":"idOrVar","v":"name"},"\" رابطہ ہذف کرنا چاہتے ہے ؟"]},{"$i":"DeletedTxt","$v":{"few":[{"t":"idOrVar","v":"n"}," روابط نکال دیا گیا"],"many":[{"t":"idOrVar","v":"n"}," روابط نکال دیا گیا"],"one":"1 رابطہ نکال دیا گیا","other":[{"t":"idOrVar","v":"n"}," روابط نکال دیا گیا"],"two":[{"t":"idOrVar","v":"n"}," روابط نکال دیا گیا"],"zero":"حذف کرنے کیلئے کوئی رابطہ نہیں"},"$x":[{"t":"idOrVar","v":"plural"},"n"]},{"$i":"DeletingContacts","$v":"رابطہ کو حذف کریں"},{"$i":"DeletingContactsProgressing","$v":"روابط حذف کرنا"},{"$i":"ContactConfirmDel","$v":{"few":[{"t":"idOrVar","v":"n"}," روابط حذف کریں؟ اس عمل کو منسوخ نہیں کیا جاسکتا۔"],"many":[{"t":"idOrVar","v":"n"}," روابط حذف کریں؟ اس عمل کو منسوخ نہیں کیا جاسکتا۔"],"one":"1 رابطہ حذف کریں؟ اس عمل کو منسوخ نہیں کیا جاسکتا۔","other":[{"t":"idOrVar","v":"n"}," روابط حذف کریں؟ اس عمل کو منسوخ نہیں کیا جاسکتا۔"],"two":[{"t":"idOrVar","v":"n"}," روابط حذف کریں؟ اس عمل کو منسوخ نہیں کیا جاسکتا۔"],"zero":"حذف کرنے کیلئے کوئی رابطہ نہیں"},"$x":[{"t":"idOrVar","v":"plural"},"n"]},{"$i":"contact-deleted","$v":{"zero":"کوئی رابطہ حذف نہیں کیا گیا","one":"1 رابطہ حذف کر دیا گیا","few":[{"t":"idOrVar","v":"n"}," رابطے حذف کیے گئے"],"many":[{"t":"idOrVar","v":"n"}," رابطے حذف کیے گئے"],"other":[{"t":"idOrVar","v":"n"}," رابطے حذف کیے گئے"],"two":[{"t":"idOrVar","v":"n"}," رابطے حذف کیے گئے"]},"$x":[{"t":"idOrVar","v":"plural"},"n"]},{"$i":"a-contact-deleted","$v":"رابطہ حذف کردیا گیا۔"},{"$i":"settings-title","$v":"روابط کی سیٹنگز"},{"$i":"change-will-update-until-restart","$v":"اگلی دفعہ روابط کے اجرا ہونے پر تبدیلیاں اپ ڈیٹ ہو جائے گی۔"},{"$i":"transfer-contacts","$v":"رابطہ منتقل کریں"},{"$i":"service-number","$v":"سروس نمبر"},{"$i":"no-contacts-found","$v":"کوئی بھی میچ نہیں ملا۔"},{"$i":"search","$v":"رابطوں کو تلاش کریں","placeholder":"رابطوں کو تلاش کریں"},{"$i":"search-option","$v":"تلاش"},{"$i":"accounts","$v":"اکاؤنٹس"},{"$i":"account","$v":"اکاؤنٹ"},{"$i":"add-account","$v":"اکاؤںٹ شامل کریں"},{"$i":"add-account-failed","$v":"ایک نامعلوم نقص واقع ہوا ہے ,براہ کرم دوبارہ کوشش کریں"},{"$i":"duplicate-account-warn","$v":"اکاؤنٹ پہلے ہی موجود ہے۔ سنسنگ آن کی گئے ہے۔"},{"$i":"setting-up-account","$v":"اکاؤنٹ ترتیب دے رہا ہے"},{"$i":"no-network-warn","$v":"کوئی انٹرنیٹ کنیکشن نہیں۔"},{"$i":"username","$v":"صارف نام"},{"$i":"password","$v":"پاس ورڈ"},{"$i":"delete-account","$v":"اکاؤنٹ حذف کریں"},{"$i":"delete-account-long","$v":"اکاؤنٹ حذف کریں"},{"$i":"delete-account-warn","$v":"اگر آپ یہ اکاؤنٹ حذف کریں گے، اپلی کیشنز جو اس اکاؤنٹ کا استعمال کرتے ہے متاثر ہوگی۔"},{"$i":"deleting-account","$v":"اکاؤنٹ حذف کر رہا ہے"},{"$i":"delete-account-failed","$v":"اکاؤنٹ حذف کرنا ناکام ہوا، براہ کرم بعد میں دوبارہ کوشش کریں۔"},{"$i":"delete-account-ok","$v":"اکاؤنٹ حذف کر دیا گیا۔"},{"$i":"sync","$v":"مطابقت پذیری کریں"},{"$i":"sync-title","$v":"رابطے سنک"},{"$i":"sync-failed-warn","$v":"سنک کرنے میں ناکام ہوا۔"},{"$i":"sync-off-warn","$v":"سیٹنگز پر مطابقت پذیری بند ہے۔"},{"$i":"show-account-contacts","$v":"رابطے اکاؤنٹ دکھائیں"},{"$i":"sync-account-contacts","$v":"اکاؤنٹ رابطے سنک کریں"},{"$i":"sync-account-contacts-warning","$v":["کسی بھی اکاؤنٹ سے رابطہ کی ترمیم کلاؤڈ کے ساتھ مطابقت پذیر نہیں ہوگی جب \"",{"t":"idOrVar","v":"switch"},"\" چیک نہیں ہوگا، کیا آپ پھر بھی اسے ان چیک کرنا چاہتے ہیں؟"]},{"$i":"yes","$v":"ہاں"},{"$i":"all-contacts-synced","$v":"تمام رابطے سنکڈ ہے۔"},{"$i":"contact-syncing","$v":"رابطوں کو سنک کر رہا ہے۔۔۔"},{"$i":"contacts-sync-limit-exceed","$v":"رابطے حدود تجاوز ہونے کے سبب رابطے سنک کرنا نامکمل رہا۔"},{"$i":"show-password","$v":"پاس ورڈ دکھائیں"},{"$i":"password-incorrect","$v":"پاس ورڈ غلط ہے۔"},{"$i":"re-enter-password","$v":"پاس ورڈ دوبارہ داخل کریں"},{"$i":"accessing-warn","$v":"آپکے اکاؤنٹ کی رسائی پانے میں یہاں ایک مشکلات آئی۔"},{"$i":"accessing-warn-password","$v":"براہ کرم پاس ورڈ دوبارہ داخل کریں۔"},{"$i":"re-enter-password-on-setting","$v":"براہ کرم رابطوں کی ترتیب پر دوبارہ پاس ورڈ داخل کریں۔"},{"$i":"accessing-warn-relogin","$v":"براہ کرم اکاؤنٹ ہذف کریں اور دوبارہ لاگ ان کریں۔"},{"$i":"update-password-failed","$v":"پاس ورڈ اپ ڈیٹ کرنا ناکام ہوا، براہ کرم بعد میں دوبارہ کوشش کریں۔"},{"$i":"connect-time-out","$v":[{"t":"idOrVar","v":"server"},"\" سے کنکشن بنانے میں ناکام۔ یہاں نیٹ ورک میں ایک مشکلات ہو سکتی ہے۔"]},{"$i":"server-error","$v":"سرور دستیاب نہیں ہے۔ براہ کرم بعد ازاں دوبارہ کوشش کریں۔"},{"$i":"loading","$v":"لوڈ ہو رہا ہے..."},{"$i":"ellipsis","$v":"..."},{"$i":"stop-syncing-warn-title","$v":"رابطوں کی مطابقت پذیری"},{"$i":"stop-syncing-warn","$v":"ایپ کو بند کرنے سے رابطہ کی مطابقت پذیری کا عمل بند ہو جائے گا۔ کیا آپ ابھی بھی اسے بند کرنا چاہتے ہیں؟"},{"$i":"weekday-0-long","$v":"اتوار"},{"$i":"weekday-1-long","$v":"پیر"},{"$i":"weekday-2-long","$v":"منگل"},{"$i":"weekday-3-long","$v":"بدھ"},{"$i":"weekday-4-long","$v":"جمعرات"},{"$i":"weekday-5-long","$v":"جمعہ"},{"$i":"weekday-6-long","$v":"سنیچر"},{"$i":"weekday-0-short","$v":"اتوار"},{"$i":"weekday-1-short","$v":"پیر"},{"$i":"weekday-2-short","$v":"منگل"},{"$i":"weekday-3-short","$v":"بدھ"},{"$i":"weekday-4-short","$v":"جمعرات"},{"$i":"weekday-5-short","$v":"جمعہ"},{"$i":"weekday-6-short","$v":"ہفتہ"},{"$i":"month-0-long","$v":"جنوری"},{"$i":"month-1-long","$v":"فروری"},{"$i":"month-2-long","$v":"مارچ"},{"$i":"month-3-long","$v":"اپریل"},{"$i":"month-4-long","$v":"مئی"},{"$i":"month-5-long","$v":"جون"},{"$i":"month-6-long","$v":"جولائی"},{"$i":"month-7-long","$v":"اگست"},{"$i":"month-8-long","$v":"ستمبر"},{"$i":"month-9-long","$v":"اکتوبر"},{"$i":"month-10-long","$v":"نومبر"},{"$i":"month-11-long","$v":"دسمبر"},{"$i":"month-0-genitive","$v":"جنوری"},{"$i":"month-1-genitive","$v":"فروری"},{"$i":"month-2-genitive","$v":"مارچ"},{"$i":"month-3-genitive","$v":"اپریل"},{"$i":"month-4-genitive","$v":"مئی"},{"$i":"month-5-genitive","$v":"جون"},{"$i":"month-6-genitive","$v":"جولائی"},{"$i":"month-7-genitive","$v":"اگست"},{"$i":"month-8-genitive","$v":"ستمبر"},{"$i":"month-9-genitive","$v":"اکتوبر"},{"$i":"month-10-genitive","$v":"نومبر"},{"$i":"month-11-genitive","$v":"دسمبر"},{"$i":"month-0-short","$v":"جنوری"},{"$i":"month-1-short","$v":"فروری"},{"$i":"month-2-short","$v":"مارچ"},{"$i":"month-3-short","$v":"اپریل"},{"$i":"month-4-short","$v":"مئی"},{"$i":"month-5-short","$v":"جون"},{"$i":"month-6-short","$v":"جولائی"},{"$i":"month-7-short","$v":"اگست"},{"$i":"month-8-short","$v":"ستمبر"},{"$i":"month-9-short","$v":"اکتوبر"},{"$i":"month-10-short","$v":"نومبر"},{"$i":"month-11-short","$v":"دسمبر"},{"$i":"minutes-ago-long","$v":{"few":[{"t":"idOrVar","v":"value"}," منٹس قبل"],"many":[{"t":"idOrVar","v":"value"}," منٹس قبل"],"other":[{"t":"idOrVar","v":"value"}," منٹس قبل"],"two":[{"t":"idOrVar","v":"value"}," منٹس قبل"],"one":"ایک منٹ قبل","zero":"Just now"},"$x":[{"t":"idOrVar","v":"plural"},"value"]},{"$i":"hours-ago-long","$v":{"few":[{"t":"idOrVar","v":"value"}," گھنٹوں قبل"],"many":[{"t":"idOrVar","v":"value"}," گھنٹوں قبل"],"other":[{"t":"idOrVar","v":"value"}," گھنٹوں قبل"],"two":[{"t":"idOrVar","v":"value"}," گھنٹوں قبل"],"one":"ایک گھنٹہ قبل","zero":"Just now"},"$x":[{"t":"idOrVar","v":"plural"},"value"]},{"$i":"days-ago-long","$v":{"few":[{"t":"idOrVar","v":"value"}," دن قبل"],"many":[{"t":"idOrVar","v":"value"}," دن قبل"],"one":"گزشتہ کل","other":[{"t":"idOrVar","v":"value"}," دن قبل"],"two":[{"t":"idOrVar","v":"value"}," دن قبل"],"zero":"آج"},"$x":[{"t":"idOrVar","v":"plural"},"value"]},{"$i":"weeks-ago-long","$v":{"few":[{"t":"idOrVar","v":"value"}," ہفتے قبل"],"many":[{"t":"idOrVar","v":"value"}," ہفتے قبل"],"one":"آخری ہفتہ","other":[{"t":"idOrVar","v":"value"}," ہفتے قبل"],"two":[{"t":"idOrVar","v":"value"}," ہفتے قبل"],"zero":"اس ہفتہ"},"$x":[{"t":"idOrVar","v":"plural"},"value"]},{"$i":"months-ago-long","$v":{"few":[{"t":"idOrVar","v":"value"}," مہینہ قبل"],"many":[{"t":"idOrVar","v":"value"}," مہینہ قبل"],"one":"آخری مہینہ","other":[{"t":"idOrVar","v":"value"}," مہینہ قبل"],"two":[{"t":"idOrVar","v":"value"}," مہینہ قبل"],"zero":"اس ماہ"},"$x":[{"t":"idOrVar","v":"plural"},"value"]},{"$i":"years-ago-long","$v":{"few":[{"t":"idOrVar","v":"value"}," سال قبل"],"many":[{"t":"idOrVar","v":"value"}," سال قبل"],"one":"آخری سال","other":[{"t":"idOrVar","v":"value"}," سال قبل"],"two":[{"t":"idOrVar","v":"value"}," سال قبل"],"zero":"اس سال"},"$x":[{"t":"idOrVar","v":"plural"},"value"]},{"$i":"minutes-until-long","$v":{"few":[{"t":"idOrVar","v":"value"}," منٹوں میں"],"many":[{"t":"idOrVar","v":"value"}," منٹوں میں"],"other":[{"t":"idOrVar","v":"value"}," منٹوں میں"],"two":[{"t":"idOrVar","v":"value"}," منٹوں میں"],"zero":"ابھی","one":"ایک منٹ میں"},"$x":[{"t":"idOrVar","v":"plural"},"value"]},{"$i":"hours-until-long","$v":{"few":[{"t":"idOrVar","v":"value"}," گھنٹوں میں"],"many":[{"t":"idOrVar","v":"value"}," گھنٹوں میں"],"other":[{"t":"idOrVar","v":"value"}," گھنٹوں میں"],"two":[{"t":"idOrVar","v":"value"}," گھنٹوں میں"],"zero":"ابھی","one":"ایک گھٹے میں"},"$x":[{"t":"idOrVar","v":"plural"},"value"]},{"$i":"days-until-long","$v":{"few":[{"t":"idOrVar","v":"value"}," دنوں میں"],"many":[{"t":"idOrVar","v":"value"}," دنوں میں"],"one":"tomorrow","other":[{"t":"idOrVar","v":"value"}," دنوں میں"],"two":[{"t":"idOrVar","v":"value"}," دنوں میں"],"zero":"آج"},"$x":[{"t":"idOrVar","v":"plural"},"value"]},{"$i":"weeks-until-long","$v":{"few":[{"t":"idOrVar","v":"value"}," ہفتوں میں"],"many":[{"t":"idOrVar","v":"value"}," ہفتوں میں"],"one":"اگلے ہفتے","other":[{"t":"idOrVar","v":"value"}," ہفتوں میں"],"two":[{"t":"idOrVar","v":"value"}," ہفتوں میں"],"zero":"اس ہفتہ"},"$x":[{"t":"idOrVar","v":"plural"},"value"]},{"$i":"months-until-long","$v":{"few":[{"t":"idOrVar","v":"value"}," مہینوں میں"],"many":[{"t":"idOrVar","v":"value"}," مہینوں میں"],"one":"اگلے ماہ","other":[{"t":"idOrVar","v":"value"}," مہینوں میں"],"two":[{"t":"idOrVar","v":"value"}," مہینوں میں"],"zero":"اس ماہ"},"$x":[{"t":"idOrVar","v":"plural"},"value"]},{"$i":"years-until-long","$v":{"few":[{"t":"idOrVar","v":"value"}," سالوں میں"],"many":[{"t":"idOrVar","v":"value"}," سالوں میں"],"one":"اگلے سال","other":[{"t":"idOrVar","v":"value"}," سالوں میں"],"two":[{"t":"idOrVar","v":"value"}," سالوں میں"],"zero":"اس سال"},"$x":[{"t":"idOrVar","v":"plural"},"value"]},{"$i":"minutes-ago-short","$v":{"other":[{"t":"idOrVar","v":"value"}," منٹ قبل"],"zero":"Just now"},"$x":[{"t":"idOrVar","v":"plural"},"value"]},{"$i":"hours-ago-short","$v":{"other":[{"t":"idOrVar","v":"value"}," گھنٹہ قبل"],"zero":"Just now"},"$x":[{"t":"idOrVar","v":"plural"},"value"]},{"$i":"days-ago-short","$v":{"other":[{"t":"idOrVar","v":"value"}," دن قبل"],"zero":"آج"},"$x":[{"t":"idOrVar","v":"plural"},"value"]},{"$i":"minutes-until-short","$v":{"other":[{"t":"idOrVar","v":"value"}," منٹ میں"],"zero":"ابھی"},"$x":[{"t":"idOrVar","v":"plural"},"value"]},{"$i":"hours-until-short","$v":{"other":[{"t":"idOrVar","v":"value"}," گھنٹے میں"],"zero":"ابھی"},"$x":[{"t":"idOrVar","v":"plural"},"value"]},{"$i":"days-until-short","$v":{"other":[{"t":"idOrVar","v":"value"}," دن میں"],"zero":"آج"},"$x":[{"t":"idOrVar","v":"plural"},"value"]},{"$i":"incorrectDate","$v":"(غلط تاریخ)"},{"$i":"dateTimeFormat_%c","$v":"%a %b %e %Y %I:%M:%S %p"},{"$i":"dateTimeFormat_%x","$v":"%m/%d/%Y"},{"$i":"dateTimeFormat_%X","$v":"%I:%M:%S %p"},{"$i":"shortTimeFormat","$v":"%I:%M %p"},{"$i":"shortTimeFormat12","$v":"%I:%M %p"},{"$i":"shortTimeFormat24","$v":"%H:%M"},{"$i":"shortDateTimeFormat","$v":"%x %I:%M %p"},{"$i":"weekStartsOnMonday","$v":"0.0"},{"$i":"firstDayOfTheWeek","$v":"0.0"},{"$i":"time_am","$v":"AM"},{"$i":"time_pm","$v":"PM"},{"$i":"sim-with-index-and-carrier","$v":["SIM ",{"t":"idOrVar","v":"index"}," - ",{"t":"idOrVar","v":"carrier"}]},{"$i":"sim-without-carrier","$v":["SIM ",{"t":"idOrVar","v":"index"}]}]