[{"$i":"contacts","$v":"Контактлар"},{"$i":"view","$v":"Кўриш"},{"$i":"no-contacts","$v":"Kontaktlar yo‘q."},{"$i":"reading-contacts","$v":"Контактлар юкланмоқда"},{"$i":"start-adding","$v":"Kontaktlarni qo'shish uchun \"Yangi\" yoki \"Sozlamalar\" ga o'ting."},{"$i":"no-contact-available","$v":"Контакт йўқ"},{"$i":"requested-contact-not-available","$v":"Talab qilingan ma'lumotlar mavjud kontaktlarda mavjud emas."},{"$i":"cannot-add-as-empty","$v":"Контактлар рўйхати бўшлиги сабабли унга қўшилмайди"},{"$i":"ok","$v":"OK"},{"$i":"no-phone-number-to-dial","$v":"Теришга рақам йўқ"},{"$i":"video-call","$v":"Видео чақирув"},{"$i":"rtt-call","$v":"RTT чақирув"},{"$i":"select-a-contact","$v":"Контакт танланг"},{"$i":"multi-pick-max-warn","$v":["Максимал танланганлар сони ",{"t":"idOrVar","v":"n"}]},{"$i":"add-contact-failed","$v":"Контакт қўшилмади"},{"$i":"no-sim-card-available","$v":"SIM-карта йўқ"},{"$i":"email-cannot-add-to-sim","$v":"Joriy xotira tanlovi orqali elektron pochta-ni qo'llab-quvvatlamaydi."},{"$i":"add-info-failed","$v":"Ma'lumot qo'shish amalga oshmadi"},{"$i":"no-contact-to-add","$v":"Qo'shish uchun mavjud kontakt mavjud emas."},{"$i":"move","$v":"Кўчириш"},{"$i":"copy","$v":"Нусхалаш"},{"$i":"copy-contacts","$v":"Контакт нусхалаш"},{"$i":"move-contacts","$v":"Контакт кўчириш"},{"$i":"phone-memory","$v":"Телефон хотираси"},{"$i":"sim-memory","$v":"SIM хотираси"},{"$i":"sim-0-memory","$v":"SIM 1 хотираси"},{"$i":"sim-1-memory","$v":"SIM 2 хотираси"},{"$i":"move-from","$v":"Бундан кўчириш"},{"$i":"copy-from","$v":"Бундан нусха"},{"$i":"to","$v":"Кимга"},{"$i":"move-contacts-progressing","$v":"Контакт кўчирилмоқда..."},{"$i":"copy-contacts-progressing","$v":"Контакт нусхаланмоқда..."},{"$i":"contact-move-to-sim","$v":{"few":[{"t":"idOrVar","v":"migrated"}," та контакт SIM картага кўчирилди."],"many":[{"t":"idOrVar","v":"migrated"}," та контакт SIM картага кўчирилди."],"one":"1 та контакт SIM картага кўчирилди.","other":[{"t":"idOrVar","v":"migrated"}," та контакт SIM картага кўчирилди."],"two":[{"t":"idOrVar","v":"migrated"}," та контакт SIM картага кўчирилди."],"zero":"Ҳеч қандай контакт SIM картага кўчирилмади."},"$x":[{"t":"idOrVar","v":"plural"},"migrated"]},{"$i":"contact-copy-to-sim","$v":{"few":[{"t":"idOrVar","v":"migrated"}," та контакт SIM картага нусхаланди."],"many":[{"t":"idOrVar","v":"migrated"}," та контакт SIM картага нусхаланди."],"one":"1 та контакт SIM картага нусхаланди.","other":[{"t":"idOrVar","v":"migrated"}," та контакт SIM картага нусхаланди."],"two":[{"t":"idOrVar","v":"migrated"}," та контакт SIM картага нусхаланди."],"zero":"Ҳеч қандай контакт SIM картага нусхаланмади."},"$x":[{"t":"idOrVar","v":"plural"},"migrated"]},{"$i":"contact-move-to-sim0","$v":{"few":[{"t":"idOrVar","v":"migrated"}," та контакт 1-SIM картага кўчирилди."],"many":[{"t":"idOrVar","v":"migrated"}," та контакт 1-SIM картага кўчирилди."],"one":"1 та контакт 1-SIM картага кўчирилди.","other":[{"t":"idOrVar","v":"migrated"}," та контакт 1-SIM картага кўчирилди."],"two":[{"t":"idOrVar","v":"migrated"}," та контакт 1-SIM картага кўчирилди."],"zero":"Ҳеч қандай контакт 1-SIM картага кўчирилмади."},"$x":[{"t":"idOrVar","v":"plural"},"migrated"]},{"$i":"contact-copy-to-sim0","$v":{"few":[{"t":"idOrVar","v":"migrated"}," та контакт 1-SIM картага нусхаланди."],"many":[{"t":"idOrVar","v":"migrated"}," та контакт 1-SIM картага нусхаланди."],"one":"1 та контакт 1-SIM картага нусхаланди.","other":[{"t":"idOrVar","v":"migrated"}," та контакт 1-SIM картага нусхаланди."],"two":[{"t":"idOrVar","v":"migrated"}," та контакт 1-SIM картага нусхаланди."],"zero":"Ҳеч қандай контакт 1-SIM картага нусхаланмади."},"$x":[{"t":"idOrVar","v":"plural"},"migrated"]},{"$i":"contact-move-to-sim1","$v":{"few":[{"t":"idOrVar","v":"migrated"}," та контакт 2-SIM картага кўчирилди."],"many":[{"t":"idOrVar","v":"migrated"}," та контакт 2-SIM картага кўчирилди."],"one":"1 та контакт 2-SIM картага кўчирилди.","other":[{"t":"idOrVar","v":"migrated"}," та контакт 2-SIM картага кўчирилди."],"two":[{"t":"idOrVar","v":"migrated"}," та контакт 2-SIM картага кўчирилди."],"zero":"Ҳеч қандай контакт 2-SIM картага кўчирилмади."},"$x":[{"t":"idOrVar","v":"plural"},"migrated"]},{"$i":"contact-copy-to-sim1","$v":{"few":[{"t":"idOrVar","v":"migrated"}," та контакт 2-SIM картага нусхаланди."],"many":[{"t":"idOrVar","v":"migrated"}," та контакт 2-SIM картага нусхаланди."],"one":"1 та контакт 2-SIM картага нусхаланди.","other":[{"t":"idOrVar","v":"migrated"}," та контакт 2-SIM картага нусхаланди."],"two":[{"t":"idOrVar","v":"migrated"}," та контакт 2-SIM картага нусхаланди."],"zero":"Ҳеч қандай контакт 2-SIM картага нусхаланмади."},"$x":[{"t":"idOrVar","v":"plural"},"migrated"]},{"$i":"contact-move-to-device","$v":{"one":"1 ta kontakt telefonga ko'chirildi.","zero":"Telefonga hech qanday kontakt ko'chirilmadi.","few":[{"t":"idOrVar","v":"migrated"}," та контакт телефонга кўчирилди."],"many":[{"t":"idOrVar","v":"migrated"}," та контакт телефонга кўчирилди."],"other":[{"t":"idOrVar","v":"migrated"}," та контакт телефонга кўчирилди."],"two":[{"t":"idOrVar","v":"migrated"}," та контакт телефонга кўчирилди."]},"$x":[{"t":"idOrVar","v":"plural"},"migrated"]},{"$i":"contact-copy-to-device","$v":{"one":"1 ta kontakt telefonga ko'chirildi.","zero":"Hech qanday kontakt telefonga ko'chirilmagan.","few":[{"t":"idOrVar","v":"migrated"}," та контакт телефонга нусхаланди."],"many":[{"t":"idOrVar","v":"migrated"}," та контакт телефонга нусхаланди."],"other":[{"t":"idOrVar","v":"migrated"}," та контакт телефонга нусхаланди."],"two":[{"t":"idOrVar","v":"migrated"}," та контакт телефонга нусхаланди."]},"$x":[{"t":"idOrVar","v":"plural"},"migrated"]},{"$i":"copy-contact-failed","$v":"Kontaktlardan nusxa olib bo'lmadi"},{"$i":"move-contact-failed","$v":"Kontaktlarni ko‘chirib bo‘lmadi"},{"$i":"contact-copy-error-sim-full","$v":"SIM karta to'lganligi sababli kontaktlarni nusxalash tugallanmadi."},{"$i":"contact-copy-error-unknown","$v":"Xatolik tufayli kontaktlarni nusxalash tugallanmadi."},{"$i":"contact-copy-error-limit-exceeded","$v":"Телефон контактлари лимитига етилгани туфайли контактлар тўлиқ нусхаланмади."},{"$i":"contact-move-error-sim-full","$v":"SIM karta to'lganligi sababli kontaktlarni ko'chirish tugallanmadi."},{"$i":"contact-move-error-unknown","$v":"Xatolik tufayli kontaktlarni boshqa joyga ko'chiring."},{"$i":"contact-move-error-limit-exceeded","$v":"Телефон контактлари лимитига етилгани туфайли контактлар тўлиқ кўчирилмади."},{"$i":"contact-save-error-unknown","$v":"Xatolik tufayli kontaktni saqlash tugallanmadi."},{"$i":"memory","$v":"Хотира"},{"$i":"phone-and-sim","$v":"Телефон ва SIM"},{"$i":"phone","$v":"Телефон"},{"$i":"sim","$v":"SIM-карта"},{"$i":"reloading-contact","$v":"Контактлар қайта юкланмоқда…"},{"$i":"contact-reloaded","$v":"Контактлар қайта юкланди"},{"$i":"message","$v":"Хабар"},{"$i":"changes-saved","$v":"Ўзгаришлар сақланди."},{"$i":"already-ice-contact","$v":"Tanlangan kontakt allaqachon ICE-ga o'rnatilgan."},{"$i":"phone-contacts-limit-exceeded","$v":"Телефон контактлари чекловдан ошди."},{"$i":"sim-contacts-limit-exceeded","$v":"SIM контактлари чекловдан ошди."},{"$i":"more-info","$v":"Яна"},{"$i":"callAirplaneModeTitle","$v":"Парвоз режими фаоллашди"},{"$i":"callAirplaneModeMessage","$v":"Чақирув учун созламаларда парвоз режимини ўчиринг."},{"$i":"emergencyDialogTitle","$v":"Тармоқ уланиши йўқ"},{"$i":"emergencyDialogBodyBadNumber","$v":"Чақирув учун телефон тармоққа уланиши керак."},{"$i":"emergencyDialogBodyDeviceNotAccepted","$v":"Тармоқ фавқулодда чақирувга рухсат бермайди."},{"$i":"invalidNumberToDialTitle","$v":"Телефон рақами хато"},{"$i":"invalidNumberToDialMessage","$v":"Чақирилаётган рақам мавжуд эмас."},{"$i":"invalidNumberToSendTitle","$v":"Телефон рақами хато"},{"$i":"invalidNumberToSendMessage","$v":"Сиз хабар юбораётган телефон рақами хато."},{"$i":"emergency-call-only","$v":"Фақат фавқулодда чақ."},{"$i":"emergency-call-error","$v":[{"t":"idOrVar","v":"number"}," фавқулодда рақам эмас."]},{"$i":"numberIsBusyTitle","$v":"Рақам банд"},{"$i":"numberIsBusyMessage","$v":"Рақам ҳозирча банд. Кейинроқ қайта урининг."},{"$i":"fdnIsActiveTitle","$v":"FDN ёқилди"},{"$i":"fdnIsActiveMessage","$v":["FDN (Рухсат этилган рақамлар) ёқилди, аммо қуйидаги рақам FDN рўйхатида йўқ: ",{"t":"idOrVar","v":"number"}]},{"$i":"otherConnectionInUseTitle","$v":"Бошқа фаол уланиш"},{"$i":"otherConnectionInUseMessage","$v":"Бошқа уланишда чақирув кетмоқда. Бир вақтда биттагина уланиш ишлатасиз."},{"$i":"GenericFailure","$v":"Умумий носозлик"},{"$i":"CallFailed","$v":"Чақирилмади"},{"$i":"scCallBarring","$v":"Чақирувни тақиқлаш"},{"$i":"scCallForwarding","$v":"Чақирувни йўналтириш"},{"$i":"scClip","$v":"Кирувчи абонент рақами"},{"$i":"scClir","$v":"Чиқувчи абонент рақами"},{"$i":"scPwd","$v":"Паролни ўзгартириш"},{"$i":"scCallWaiting","$v":"Чақирувни кутиш"},{"$i":"scPin","$v":"PIN ўзгариши"},{"$i":"scPin2","$v":"PIN2 ўзгариши"},{"$i":"scPuk","$v":"PIN қулфини очиш"},{"$i":"scPuk2","$v":"PIN2 қулфини очиш"},{"$i":"scImei","$v":"IMEI"},{"$i":"scMeid","$v":"MEID"},{"$i":"scUssd","$v":"USSD"},{"$i":"set-speed-dial","$v":"Тезкор рақам конт."},{"$i":"empty","$v":"Бўш"},{"$i":"voicemail","$v":"Овозли почта"},{"$i":"speed-dial","$v":"Тезкор рақам"},{"$i":"add","$v":"Қўшиш"},{"$i":"replace","$v":"Алмаштириш"},{"$i":"remove-from-speed-dial","$v":"Тезкор рақ-н олиб таш."},{"$i":"custom-dialog-replace-speed-dial","$v":["Ҳақиқатан ҳам тезкор рақам ",{"t":"idOrVar","v":"oldSpeedDial"}," ўрнига ",{"t":"idOrVar","v":"newSpeedDial"}," ёзасизми?"]},{"$i":"custom-dialog-remove-speed-dial","$v":["Ҳақиқатан ҳам тезкор рақамдан ",{"t":"idOrVar","v":"name"}," ни олиб ташлайсизми?"]},{"$i":"speed-dial-added","$v":"Тезкор рақам қўшилди."},{"$i":"speed-dial-removed","$v":"Тезкор рақам олиб ташланди."},{"$i":"speed-dial-replaced","$v":"Тезкор рақам янгиланди."},{"$i":"voice-mail","$v":"Овозли почта"},{"$i":"voice-mail-number","$v":["Овозли почта рақами - SIM ",{"t":"idOrVar","v":"n"}]},{"$i":"voice-mail-number-single","$v":"Ovozli pochta raqami"},{"$i":"voice-mail-number-updated","$v":"Ovozli pochta raqami yangilandi"},{"$i":"found-duplicates-message","$v":"Бу контактларда дубликат маълумот топилди. Бирлаштирасизми?"},{"$i":"confirm-to-merge-contacts","$v":["Ҳақиқатан ҳам ",{"t":"idOrVar","v":"n"}," та контактни ",{"t":"idOrVar","v":"name"}," билан бирлаштирасизми?"]},{"$i":"contact-merged","$v":"Контакт бирлашди"},{"$i":"find-duplicate-contacts","$v":"Дубликат контактларни топиш"},{"$i":"no-duplicate-contact-found","$v":"Бирорта ҳам дубликат контакт топилмади"},{"$i":"merge","$v":"Бирлаштириш"},{"$i":"find-dup","$v":"Дубликат контактларни топиш"},{"$i":"find-dup-title","$v":"Дубликат контактларни топиш"},{"$i":"finding-dup-message","$v":"Дубликат контактлар изланмоқда..."},{"$i":"dup-found-title","$v":"Дубликатлар топилди"},{"$i":"dup-found-message","$v":"Қуйидаги контакт(лар)да такрорий маълумот борлиги аниқланди. Бирлаштирасизми?"},{"$i":"no-dup-found","$v":"Ҳеч қандай такрорланиш топилмади"},{"$i":"merge-conflict-warn","$v":[{"t":"idOrVar","v":"name"},"\" қуйидаги маълумотнинг устидан ёзилади:"]},{"$i":"merge-conflict-confirm","$v":"Бу контактларни бирлаштирасизми?"},{"$i":"add-favorite","$v":"Севимлиларга қўшиш"},{"$i":"remove-favorite","$v":"Севимлидан ўчириш"},{"$i":"favorite-contacts","$v":"Севимли"},{"$i":"add-block","$v":"Бу рақамни блоклаш"},{"$i":"remove-block","$v":"Бу рақамни очиш"},{"$i":"add-block-email","$v":"Бу э-почтани блоклаш"},{"$i":"remove-block-email","$v":"Ushbu e-pochtani blokdan chiqarish"},{"$i":"add-block-contact-warning","$v":"Қора рўйхатдаги контактлардан телефон чақирувлари ва хабарларни олмайсиз."},{"$i":"add-block-email-warning","$v":"Бу э-почта манзилидан хат олмайсиз."},{"$i":"block","$v":"Блоклаш"},{"$i":"unblock","$v":"Бекор qилинг"},{"$i":"block-contacts","$v":"Контакларни блоклаш"},{"$i":"add-block-header","$v":"Блокланган рақамни қўшиш"},{"$i":"remove-block-alert","$v":"Блокланган контаклардан олиб ташланди."},{"$i":"duplicate-block-number","$v":"Такрорий рақам қўшилмади."},{"$i":"sort-contacts","$v":"Контактларни саралаш"},{"$i":"sort-by-first-name","$v":"Исми бўйича саралаш"},{"$i":"sort-by-last-name","$v":"Фамилия б-ча саралаш"},{"$i":"no-support-open-multi-vcard","$v":"Бир нечта контактли vCard очилмади"},{"$i":"import","$v":"Импорт"},{"$i":"sdcard","$v":"Хотира картаси"},{"$i":"simcard","$v":"SIM карта"},{"$i":"import-contacts","$v":"Контакт импорти"},{"$i":"simContacts-error","$v":"SIM картадан контакт импорт қилиб бўлмади"},{"$i":"memoryCardContacts-error","$v":"Хотира картасидан контакт импорт қилиб бўлмади"},{"$i":"novCardFiles","$v":"Xotira kartasida kontaktlar fayli mavjud emas."},{"$i":"fullDiskSpace-error","$v":"Хотирада жой қолмаган, контактлар импорт қилинмади."},{"$i":"socialServiceContacts-error","$v":["Контактлар ",{"t":"idOrVar","v":"service"}," хизматидан импорт қилинмади."]},{"$i":"socialServiceContacts-noNetwork","$v":["Интернетга уланмагансиз, контактлар ",{"t":"idOrVar","v":"service"}," хизматидан импорт қилинмади."]},{"$i":"simContacts-reading","$v":"SIM карта. конт. ўқилмоқда…"},{"$i":"memoryCardContacts-reading","$v":"Хотира картасидан контакт ўқилмоқда…"},{"$i":"importContactsTitle","$v":"Контакт импорти"},{"$i":"retry","$v":"Қайта уриниш"},{"$i":"noSimMsg","$v":"Контакт импорти учун SIM карта солинг ёки қулфдан очинг"},{"$i":"noSdcardMsg","$v":"Контакт импорти учун хотира картасини солинг"},{"$i":"not-imported","$v":"Импорт қилинмади"},{"$i":"imported","$v":"Импорт қилинди"},{"$i":"importing","$v":"Импорт қилинмоқда"},{"$i":"contact-imported","$v":[{"t":"idOrVar","v":"imported"}," та контакт импорт қилинди. ",{"t":"idOrVar","v":"dupes"}," та контакт бирлаштирилди."]},{"$i":"contact-imported2","$v":{"one":"1 ta kontakt import qilindi.","zero":"Kontakt import qilinmadi.","few":[{"t":"idOrVar","v":"imported"}," та контакт импорт қилинди."],"many":[{"t":"idOrVar","v":"imported"}," та контакт импорт қилинди."],"other":[{"t":"idOrVar","v":"imported"}," та контакт импорт қилинди."],"two":[{"t":"idOrVar","v":"imported"}," та контакт импорт қилинди."]},"$x":[{"t":"idOrVar","v":"plural"},"imported"]},{"$i":"reading-contacts-from-sim","$v":"SIM картадан контакт(лар) ўқилмоқда..."},{"$i":"reading-contacts-from-gmail","$v":"Gmail контакт(лар)и ўқилмоқда..."},{"$i":"reading-contacts-from-live","$v":"Outlook контакт(лар)и ўқилмоқда..."},{"$i":"reading-contacts-from-sd","$v":"Хотира картасидан контакт(лар) ўқилмоқда..."},{"$i":"reading-contacts-from-vcard","$v":"Файлдан контакт(лар) ўқилмоқда..."},{"$i":"importing-contacts-from-sim","$v":"SIM картадан контакт(лар) импорт қилинмоқда..."},{"$i":"importing-contacts-from-gmail","$v":"Gmail контакт(лар)и импорт қилинмоқда..."},{"$i":"importing-contacts-from-live","$v":"Outlook контакт(лар)и импорт қилинмоқда..."},{"$i":"importing-contacts-from-sd","$v":"Хотира картасидан контакт(лар) импорт қилинмоқда..."},{"$i":"importing-contacts-from-vcard","$v":"Файлдан контакт(лар) импорт қилинмоқда..."},{"$i":"connect-network-to-import","$v":"Контакт импорти учун Wi-Fi ёки мобил интернетга уланинг"},{"$i":"importing-confirm","$v":[{"t":"idOrVar","v":"fileName"},"\" файлидан ",{"t":"idOrVar","v":"n"}," та контакт импорт қилинсинми?"]},{"$i":"importing-cancel-confirm","$v":"0.0"},{"$i":"import-contact-failed","$v":"Kontaktlarni import qilib bo‘lmadi"},{"$i":"phone-storage-full","$v":"Телефон хотираси тўлган."},{"$i":"import-contact-storage-full","$v":"Контактлар импорт қилинмади. Жой бўшатиш учун илова маълумотларини ўчиринг."},{"$i":"contact-import-error-disk-full","$v":"Контактлар импорт қилинмади, хотирада жой қолмаган. Жой бўшатиш учун иловалар маълумотларини ўчиринг."},{"$i":"contact-import-error-sim-full","$v":"SIM карта тўлгани учун контакларни импорт қилиш якунланмади."},{"$i":"contact-import-error-unknown","$v":"Xatolik tufayli kontaktlarni import qilish tugallanmadi."},{"$i":"import-contacts-canceled","$v":"0.0"},{"$i":"close","$v":"Ёпиш"},{"$i":"import-process-cancel","$v":"Import jarayoni bekor qilindi."},{"$i":"import-limit-header","$v":"Fayl hajmi cheklovidan oshib ketdi"},{"$i":"inner-import-limit-content","$v":"Kontaktlar fayl hajmi 10MB dan oshsa, import qilinmadi."},{"$i":"activity-import-limit-contact","$v":"Fayl hajmi cheklovidan oshgani sababli kontaktlarni import qilib bo‘lmadi."},{"$i":"activity-import-limit-additional","$v":"(Fayl hajmi 10MB dan kam bo‘lmasligi kerak.)"},{"$i":"bluetooth","$v":"Bluetooth"},{"$i":"export","$v":"Экспорт"},{"$i":"export-contacts","$v":"Контактларни экспорт қилиш"},{"$i":"simExport-title","$v":"SIM картага экспорт"},{"$i":"memoryCardExport-title","$v":"Xotira kartasiga eksport qilinmoqda ..."},{"$i":"btExport-title","$v":"Bluetooth экспорти"},{"$i":"noSimMsgExport","$v":"Контакт экспорти учун SIM карта солинг ёки қулфдан очинг"},{"$i":"noSdcardExport","$v":"Контакт экспорти учун хотира картасини солинг."},{"$i":"bluetoothNoConnection","$v":"Контакт экспорти учун Bluetooth қурилмасига уланинг."},{"$i":"contact-exported","$v":[{"t":"idOrVar","v":"exported"}," та контакт экспорт қилинди."]},{"$i":"contact-exported2","$v":{"zero":"Хеч qандаы контакт експорт qилинмади.","one":"1 ta kontakt eksport qilindi.","few":[{"t":"idOrVar","v":"exported"}," та контакт экспорт қилинди."],"many":[{"t":"idOrVar","v":"exported"}," та контакт экспорт қилинди."],"other":[{"t":"idOrVar","v":"exported"}," та контакт экспорт қилинди."],"two":[{"t":"idOrVar","v":"exported"}," та контакт экспорт қилинди."]},"$x":[{"t":"idOrVar","v":"plural"},"exported"]},{"$i":"export-contact-failed","$v":"Контакт экспорт қилинмади"},{"$i":"contact-export-error-sim-full","$v":"Контактлар экспорти тугалланмади, чунки SIM карта тўлган."},{"$i":"contact-export-error-sd-full","$v":"Xotira kartasi tufayli kontaktlarni tugallanmagan kontaktlarni eksport qilish to'la."},{"$i":"contact-export-error-unknown","$v":"Xatolik tufayli kontaktlarni eksport qilish tugallanmadi."},{"$i":"contact-export-canceled","$v":"Экспорт жараёни бекор қилинди."},{"$i":"save","$v":"Сақлаш"},{"$i":"back","$v":"Орқага"},{"$i":"givenName","$v":"Исми"},{"$i":"familyName","$v":"Фамилияси"},{"$i":"name","$v":"Номи"},{"$i":"org","$v":"Компания"},{"$i":"ringtone","$v":"Рингтон"},{"$i":"note","$v":"Қайд"},{"$i":"photo","$v":"Rasm"},{"$i":"email","$v":"Эл. почта"},{"$i":"adr","$v":"Манзили"},{"$i":"custom","$v":"Махсус"},{"$i":"confirm-discard-contact-data","$v":"Контакт маълумоти ўчиб кетади. Бу контактни сақлайсизми?"},{"$i":"confirm-discard-contact-update-data","$v":"Ўзгаришлар сақланмайди. Бу контактни сақлайсизми?"},{"$i":"discard-contact-data","$v":"Ўзгаришлар сақланмайди."},{"$i":"discard","$v":"Воз кечиш"},{"$i":"add-others","$v":"Бошқа қўшиш"},{"$i":"custom-label","$v":"Maxsus yorliq"},{"$i":"input-the-custom-type","$v":"Махсус турни киритинг"},{"$i":"contact-added","$v":"Контакт қўшилди."},{"$i":"delete-prompt-message","$v":[{"t":"idOrVar","v":"field"}," ўчирилсинми?"]},{"$i":"delete-photo-msg","$v":"rasm"},{"$i":"delete-ringtone-msg","$v":"Рингтон"},{"$i":"delete-bday-msg","$v":"Туғилган кун"},{"$i":"delete-note-msg","$v":"Эслатма"},{"$i":"delete-org-msg","$v":"Компания"},{"$i":"personal","$v":"Шахсий"},{"$i":"mobile","$v":"Мобил"},{"$i":"current","$v":"Жорий"},{"$i":"home","$v":"Уй"},{"$i":"work","$v":"Иш"},{"$i":"other","$v":"Бошқа"},{"$i":"fax-home","$v":"Уй факси"},{"$i":"fax-office","$v":"Офис факси"},{"$i":"fax-other","$v":"Бошқа факс"},{"$i":"add-phone","$v":"Телефон қўшиш"},{"$i":"add-tel","$v":"Телефон қўшиш"},{"$i":"add-email","$v":"Э-почта қўшиш"},{"$i":"add-ringtone","$v":"Рингтон қўшиш"},{"$i":"add-adr","$v":"Манзилни киритинг"},{"$i":"add-bday","$v":"Таваллуд сана қўшиш"},{"$i":"add-photo","$v":"Расм қўшиш"},{"$i":"add-note","$v":"Эслатма қўшиш"},{"$i":"add-org","$v":"Компания қўшиш"},{"$i":"add-tel-number","$v":"Телефон рақами қўшиш"},{"$i":"delete-tel","$v":"Телефон рақамини ўчириш"},{"$i":"delete-email","$v":"Э-почтани ўчириш"},{"$i":"delete-ringtone","$v":"Рингтонни ўчириш"},{"$i":"delete-adr","$v":"Манзилни ўчириш"},{"$i":"delete-bday","$v":"Таваллув санасини ўчириш"},{"$i":"delete-photo","$v":"Rasmni o'chirish"},{"$i":"delete-note","$v":"Қайдни ўчириш"},{"$i":"delete-org","$v":"Компанияни ўчириш"},{"$i":"edit-tel-type","$v":"Телефон турини таҳрирлаш"},{"$i":"edit-email-type","$v":"Э-почта турини таҳрирлаш"},{"$i":"edit-adr-type","$v":"Манзил турини таҳрирлаш"},{"$i":"edit-bday-type","$v":"Таваллуд санасини таҳрирлаш"},{"$i":"replace-photo","$v":"Суратни ўзгартириш"},{"$i":"replace-ringtone","$v":"Рингтонни ўзгартириш"},{"$i":"mobile-tel","$v":"Мобил телефон"},{"$i":"home-tel","$v":"Уй телефони"},{"$i":"work-tel","$v":"Иш телефони"},{"$i":"personal-tel","$v":"Шахсий телефон"},{"$i":"fax-home-tel","$v":"Уй факси"},{"$i":"fax-office-tel","$v":"Офис факси"},{"$i":"fax-other-tel","$v":"Бошқа факс"},{"$i":"other-tel","$v":"Бошқа телефон"},{"$i":"personal-email","$v":"Shaxsiy elektron pochta"},{"$i":"work-email","$v":"Ish elektron pochtasi"},{"$i":"other-email","$v":"Boshqa elektron pochta xabarlari"},{"$i":"custom-email","$v":[{"t":"idOrVar","v":"type"}," э-почта"]},{"$i":"custom-tel","$v":[{"t":"idOrVar","v":"type"}," телефон"]},{"$i":"personal-adr","$v":"Шахсий манзил"},{"$i":"current-adr","$v":"Жорий манзил"},{"$i":"home-adr","$v":"Уй манзили"},{"$i":"work-adr","$v":"Иш манзили"},{"$i":"custom-adr","$v":[{"t":"idOrVar","v":"type"}," манзил"]},{"$i":"bday","$v":"Туғилган кун"},{"$i":"birthday","$v":"Туғилган кун"},{"$i":"streetAddress","$v":"Кўча"},{"$i":"locality","$v":"Шаҳар"},{"$i":"postalCode","$v":"Индекс"},{"$i":"countryName","$v":"Мамлакат"},{"$i":"region","$v":"Ҳолати"},{"$i":"no-name","$v":"Исми йўқ"},{"$i":"new-contact","$v":"Янги контакт"},{"$i":"options","$v":"Параметрлар"},{"$i":"cancel","$v":"Бекор"},{"$i":"settings","$v":"Созламалар"},{"$i":"edit","$v":"Таҳрирлаш"},{"$i":"share","$v":"Баҳам кўриш"},{"$i":"remove","$v":"Олиб ташлаш"},{"$i":"compose","$v":"Ёзиш"},{"$i":"new-contact-title","$v":"Янги контакт"},{"$i":"edit-title","$v":"Контактни таҳрирлаш"},{"$i":"music","$v":"Мусиқа"},{"$i":"adr-type","$v":"Manzil turi"},{"$i":"email-type","$v":"Elektron pochta turi"},{"$i":"tel-type","$v":"Telefon turi"},{"$i":"ICEContactsGroup","$v":"ICE контактлар"},{"$i":"setICEButton","$v":"ICE контактларни қўйиш"},{"$i":"ICESettingTitle","$v":"ICE контактлар"},{"$i":"ICEDescription","$v":"“Фавқулодда” чақирув учун бешта контакт қўшинг."},{"$i":"ICEContact","$v":["ICE ",{"t":"idOrVar","v":"n"},"-контакт"]},{"$i":"ICESelectContact","$v":"Контакт танланг"},{"$i":"delete-ice-contact-warning","$v":"Ҳақиқатан ҳам ICE контактни олиб ташлайсизми?"},{"$i":"confirm","$v":"Тасдиқ"},{"$i":"add-ice-failed","$v":"ICE qo'shilmadi"},{"$i":"create-group","$v":"Гуруҳ яратиш"},{"$i":"group-name","$v":"Гурух номи"},{"$i":"group","$v":"ГУРУҲ"},{"$i":"new-group-created","$v":"Yangi guruh yaratildi."},{"$i":"create-group-failed","$v":"Гурух тузиб боьлмади."},{"$i":"create-group-too-many","$v":["Фақат ",{"t":"idOrVar","v":"number"}," та гуруҳ ярата оласиз."]},{"$i":"create-group-duplicate","$v":"Исми нушаси."},{"$i":"rename-group-failed","$v":"Гурух номини оьзгартириб боьлмади."},{"$i":"new-group","$v":"Янги"},{"$i":"rename","$v":"Қайта номлаш"},{"$i":"duplicate-removed","$v":"Такрорланган контакт(лар) ўчирилди."},{"$i":"add-to-group","$v":"Гурухга qоьшиш"},{"$i":"remove-from-group","$v":"Гурухдан олиб ташлаш"},{"$i":"added-to","$v":[{"t":"idOrVar","v":"Group"}," ga qo'shildi"]},{"$i":"removed-from","$v":[{"t":"idOrVar","v":"Group"}," dan olib tashlandi"]},{"$i":"select-group","$v":"Гурухни танланг"},{"$i":"rename-group","$v":"Гурухни qаыта номлаш"},{"$i":"delete-group","$v":[{"t":"idOrVar","v":"group"}," гуруҳини ўчирасизми?"]},{"$i":"unable-add-warn","$v":"Hisob qaydnomasi bilan aloqani guruhga qo'shib bo'lmadi."},{"$i":"edit-contact","$v":"Контактни таҳрирлаш"},{"$i":"send-message","$v":"Хабар юбориш"},{"$i":"call","$v":"Чақирув"},{"$i":"call-sim-1","$v":"Чақирув - SIM 1"},{"$i":"call-sim-2","$v":"Чақирув - SIM 2"},{"$i":"send-email","$v":"Хат юбориш"},{"$i":"choose-number","$v":"Raqamni tanlang"},{"$i":"choose-email-address","$v":"Э-почтани танланг"},{"$i":"delete","$v":"Ўчириш"},{"$i":"select","$v":"Танлаш"},{"$i":"select-all","$v":"Ҳаммасини танлаш"},{"$i":"select-all2","$v":"Ҳаммаси"},{"$i":"deselect-all","$v":"Барч-н белгини ўч-ш"},{"$i":"deselect-all2","$v":"Ҳеч бири"},{"$i":"deselect","$v":"Белгини олиб ташлаш"},{"$i":"selected-contacts","$v":{"few":[{"t":"idOrVar","v":"n"}," та танланди"],"many":[{"t":"idOrVar","v":"n"}," та танланди"],"one":[{"t":"idOrVar","v":"n"}," та танланди"],"other":[{"t":"idOrVar","v":"n"}," та танланди"],"two":[{"t":"idOrVar","v":"n"}," та танланди"],"zero":[{"t":"idOrVar","v":"n"}," та танланди"]},"$x":[{"t":"idOrVar","v":"plural"},"n"]},{"$i":"massive-delete","$v":"Контактлар. ўчириш"},{"$i":"confirm-contact-delete","$v":["Ҳақиқатан ҳам бу контактни ўчирасизми: \"",{"t":"idOrVar","v":"name"},"\"?"]},{"$i":"DeletedTxt","$v":{"few":[{"t":"idOrVar","v":"n"}," та контакт олиб ташланди"],"many":[{"t":"idOrVar","v":"n"}," та контакт олиб ташланди"],"one":"1 та контакт олиб ташланди","other":[{"t":"idOrVar","v":"n"}," та контакт олиб ташланди"],"two":[{"t":"idOrVar","v":"n"}," та контакт олиб ташланди"],"zero":"Ўчиришга контакт йўқ"},"$x":[{"t":"idOrVar","v":"plural"},"n"]},{"$i":"DeletingContacts","$v":"Контактлар. ўчириш"},{"$i":"DeletingContactsProgressing","$v":"Контактлар ўчирилмоқда"},{"$i":"ContactConfirmDel","$v":{"few":[{"t":"idOrVar","v":"n"}," та контакт ўчирилсинми? Бу ортга қайтарилмайди."],"many":[{"t":"idOrVar","v":"n"}," та контакт ўчирилсинми? Бу ортга қайтарилмайди."],"one":"1  та контакт ўчирилсинми? Бу ортга қайтарилмайди.","other":[{"t":"idOrVar","v":"n"}," та контакт ўчирилсинми? Бу ортга қайтарилмайди."],"two":[{"t":"idOrVar","v":"n"}," та контакт ўчирилсинми? Бу ортга қайтарилмайди."],"zero":"Ўчиришга контакт йўқ"},"$x":[{"t":"idOrVar","v":"plural"},"n"]},{"$i":"contact-deleted","$v":{"zero":"0.0","one":"1 ta kontakt o'chirildi.","few":[{"t":"idOrVar","v":"n"}," та контакт ўчирилди."],"many":[{"t":"idOrVar","v":"n"}," та контакт ўчирилди."],"other":[{"t":"idOrVar","v":"n"}," та контакт ўчирилди."],"two":[{"t":"idOrVar","v":"n"}," та контакт ўчирилди."]},"$x":[{"t":"idOrVar","v":"plural"},"n"]},{"$i":"a-contact-deleted","$v":"Контакт ўчирилди."},{"$i":"settings-title","$v":"Контакт созламалари"},{"$i":"change-will-update-until-restart","$v":"Kontaktlar ishga tushirilganda o'zgartirishlar yangilanadi."},{"$i":"transfer-contacts","$v":"Контактларни ўтказиш"},{"$i":"service-number","$v":"Хизмат рақами"},{"$i":"no-contacts-found","$v":"Ҳеч нарса топилмади."},{"$i":"search","$v":"Kontaktlarni qidirish","placeholder":"Kontaktlarni qidirish"},{"$i":"search-option","$v":"Қидирув"},{"$i":"accounts","$v":"Ҳисоблар"},{"$i":"account","$v":"Ҳисоб"},{"$i":"add-account","$v":"Ҳисоб қўшиш"},{"$i":"add-account-failed","$v":"Ноаниқ хатолик юз берди, кейинроқ қайта урининг."},{"$i":"duplicate-account-warn","$v":"Бундай ҳисоб мавжуд. Синхронизация ёқилди."},{"$i":"setting-up-account","$v":"Ҳисоб созлаш"},{"$i":"no-network-warn","$v":"Интернет алоқаси мавжуд эмас."},{"$i":"username","$v":"Фойдаланувчи номи"},{"$i":"password","$v":"Парол"},{"$i":"delete-account","$v":"Ҳисобни ўчириш"},{"$i":"delete-account-long","$v":"Хисобни оьчириш"},{"$i":"delete-account-warn","$v":"Бу ҳисобни ўчирсангиз, бу амал ушбу ҳисобдан фойдаланадиган иловаларга ҳам таъсир қилади."},{"$i":"deleting-account","$v":"Hisob o‘chirilmoqda ..."},{"$i":"delete-account-failed","$v":"Ҳисоб ўчирилмади, кейинроқ қайта урининг."},{"$i":"delete-account-ok","$v":"Хисоб оьчирилди."},{"$i":"sync","$v":"Синхронлаш"},{"$i":"sync-title","$v":"Контакларни синхронлаш"},{"$i":"sync-failed-warn","$v":"Sinxronlash amalga oshmadi."},{"$i":"sync-off-warn","$v":"Sinxronlash Sozlamalar-da o'chirilgan."},{"$i":"show-account-contacts","$v":"Хисоб раqамларини коьрсатиш"},{"$i":"sync-account-contacts","$v":"хисоб qаыдномаларини синхронлаш"},{"$i":"sync-account-contacts-warning","$v":["“",{"t":"idOrVar","v":"switch"},"” белгиланмаса, ҳисоб контакти таҳрирлашлари булут хизматига синхронланмайди, уни барибир белгиламайсизми?"]},{"$i":"yes","$v":"Ҳа"},{"$i":"all-contacts-synced","$v":"Барча контактлар синхронлаштирилди."},{"$i":"contact-syncing","$v":"Kontaktlar sinxronlanmoqda ..."},{"$i":"contacts-sync-limit-exceed","$v":"Контактлар синхронланмади, контактлар лимитига етилган."},{"$i":"show-password","$v":"Паролни кўрсатиш"},{"$i":"password-incorrect","$v":"Паро хато."},{"$i":"re-enter-password","$v":"Паролни qаыта киритинг"},{"$i":"accessing-warn","$v":"Ҳисобингизга киришда муаммо юз берди."},{"$i":"accessing-warn-password","$v":"Паролни қайтадан киритинг."},{"$i":"re-enter-password-on-setting","$v":"Илтимос, паролни Контактлар-га оьзгартиринг."},{"$i":"accessing-warn-relogin","$v":"Ҳисобни ўчиринг ва қайтадан киринг."},{"$i":"update-password-failed","$v":"Парол янгиланмади, кейинроқ қайта урининг."},{"$i":"connect-time-out","$v":["“",{"t":"idOrVar","v":"server"},"” билан алоқа ўрнатилмади. Тармоқда муаммо бўлиши мумкин."]},{"$i":"server-error","$v":"Сервер билан алоқа йўқ, кейинроқ қайта урининг."},{"$i":"loading","$v":"Юкланмоқда..."},{"$i":"ellipsis","$v":"..."},{"$i":"stop-syncing-warn-title","$v":"Kontaktlarni sinxronlash"},{"$i":"stop-syncing-warn","$v":"Ilovani yopish kontaktlarni sinxronlash jarayonini to'xtatadi. Hali ham yopmoqchimisiz?"},{"$i":"weekday-0-long","$v":"Якшанба"},{"$i":"weekday-1-long","$v":"Душанба"},{"$i":"weekday-2-long","$v":"Сешанба"},{"$i":"weekday-3-long","$v":"Чоршанба"},{"$i":"weekday-4-long","$v":"Пайшанба"},{"$i":"weekday-5-long","$v":"Жума"},{"$i":"weekday-6-long","$v":"Шанба"},{"$i":"weekday-0-short","$v":"Якш"},{"$i":"weekday-1-short","$v":"Душ"},{"$i":"weekday-2-short","$v":"Сеш"},{"$i":"weekday-3-short","$v":"Чор"},{"$i":"weekday-4-short","$v":"Пай"},{"$i":"weekday-5-short","$v":"Жум"},{"$i":"weekday-6-short","$v":"Шан"},{"$i":"month-0-long","$v":"Январ"},{"$i":"month-1-long","$v":"Феврал"},{"$i":"month-2-long","$v":"Март"},{"$i":"month-3-long","$v":"Апрель"},{"$i":"month-4-long","$v":"Май"},{"$i":"month-5-long","$v":"Июн"},{"$i":"month-6-long","$v":"Июл"},{"$i":"month-7-long","$v":"Август"},{"$i":"month-8-long","$v":"Сентябр"},{"$i":"month-9-long","$v":"Октябр"},{"$i":"month-10-long","$v":"Ноябр"},{"$i":"month-11-long","$v":"Декабр"},{"$i":"month-0-genitive","$v":"Январь"},{"$i":"month-1-genitive","$v":"Февраль"},{"$i":"month-2-genitive","$v":"Март"},{"$i":"month-3-genitive","$v":"Апрель"},{"$i":"month-4-genitive","$v":"Май"},{"$i":"month-5-genitive","$v":"Июнь"},{"$i":"month-6-genitive","$v":"Июль"},{"$i":"month-7-genitive","$v":"Август"},{"$i":"month-8-genitive","$v":"Сентябрь"},{"$i":"month-9-genitive","$v":"Октябрь"},{"$i":"month-10-genitive","$v":"Ноябрь"},{"$i":"month-11-genitive","$v":"Декабрь"},{"$i":"month-0-short","$v":"Янв"},{"$i":"month-1-short","$v":"Фев"},{"$i":"month-2-short","$v":"Мар"},{"$i":"month-3-short","$v":"Апр"},{"$i":"month-4-short","$v":"Май"},{"$i":"month-5-short","$v":"Июн"},{"$i":"month-6-short","$v":"Июл"},{"$i":"month-7-short","$v":"Авг"},{"$i":"month-8-short","$v":"Сен"},{"$i":"month-9-short","$v":"Окт"},{"$i":"month-10-short","$v":"Ноя"},{"$i":"month-11-short","$v":"Дек"},{"$i":"minutes-ago-long","$v":{"few":[{"t":"idOrVar","v":"value"}," дақиқа олдин"],"many":[{"t":"idOrVar","v":"value"}," дақиқа олдин"],"other":[{"t":"idOrVar","v":"value"}," дақиқа олдин"],"two":[{"t":"idOrVar","v":"value"}," дақиқа олдин"],"one":"бир дақиқа аввал","zero":"ҳозиргина"},"$x":[{"t":"idOrVar","v":"plural"},"value"]},{"$i":"hours-ago-long","$v":{"few":[{"t":"idOrVar","v":"value"}," соат олдин"],"many":[{"t":"idOrVar","v":"value"}," соат олдин"],"other":[{"t":"idOrVar","v":"value"}," соат олдин"],"two":[{"t":"idOrVar","v":"value"}," соат олдин"],"one":"1 soat avval","zero":"ҳозиргина"},"$x":[{"t":"idOrVar","v":"plural"},"value"]},{"$i":"days-ago-long","$v":{"few":[{"t":"idOrVar","v":"value"}," кун олдин"],"many":[{"t":"idOrVar","v":"value"}," кун олдин"],"one":"кеча","other":[{"t":"idOrVar","v":"value"}," кун олдин"],"two":[{"t":"idOrVar","v":"value"}," кун олдин"],"zero":"бугун"},"$x":[{"t":"idOrVar","v":"plural"},"value"]},{"$i":"weeks-ago-long","$v":{"few":[{"t":"idOrVar","v":"value"}," ҳафта олдин"],"many":[{"t":"idOrVar","v":"value"}," ҳафта олдин"],"one":"ўтган ҳафта","other":[{"t":"idOrVar","v":"value"}," ҳафта олдин"],"two":[{"t":"idOrVar","v":"value"}," ҳафта олдин"],"zero":"шу ҳафта"},"$x":[{"t":"idOrVar","v":"plural"},"value"]},{"$i":"months-ago-long","$v":{"few":[{"t":"idOrVar","v":"value"}," ой олдин"],"many":[{"t":"idOrVar","v":"value"}," ой олдин"],"one":"ўтган ой","other":[{"t":"idOrVar","v":"value"}," ой олдин"],"two":[{"t":"idOrVar","v":"value"}," ой олдин"],"zero":"бу ой"},"$x":[{"t":"idOrVar","v":"plural"},"value"]},{"$i":"years-ago-long","$v":{"few":[{"t":"idOrVar","v":"value"}," йил олдин"],"many":[{"t":"idOrVar","v":"value"}," йил олдин"],"one":"ўтган йил","other":[{"t":"idOrVar","v":"value"}," йил олдин"],"two":[{"t":"idOrVar","v":"value"}," йил олдин"],"zero":"шу йил"},"$x":[{"t":"idOrVar","v":"plural"},"value"]},{"$i":"minutes-until-long","$v":{"few":[{"t":"idOrVar","v":"value"}," дақиқада"],"many":[{"t":"idOrVar","v":"value"}," дақиқада"],"other":[{"t":"idOrVar","v":"value"}," дақиқада"],"two":[{"t":"idOrVar","v":"value"}," дақиқада"],"zero":"ҳозир","one":"1 daqiqada"},"$x":[{"t":"idOrVar","v":"plural"},"value"]},{"$i":"hours-until-long","$v":{"few":[{"t":"idOrVar","v":"value"}," соатда"],"many":[{"t":"idOrVar","v":"value"}," соатда"],"other":[{"t":"idOrVar","v":"value"}," соатда"],"two":[{"t":"idOrVar","v":"value"}," соатда"],"zero":"ҳозир","one":"1 soat ichida"},"$x":[{"t":"idOrVar","v":"plural"},"value"]},{"$i":"days-until-long","$v":{"few":[{"t":"idOrVar","v":"value"}," кунда"],"many":[{"t":"idOrVar","v":"value"}," кунда"],"one":"эртага","other":[{"t":"idOrVar","v":"value"}," кунда"],"two":[{"t":"idOrVar","v":"value"}," кунда"],"zero":"бугун"},"$x":[{"t":"idOrVar","v":"plural"},"value"]},{"$i":"weeks-until-long","$v":{"few":[{"t":"idOrVar","v":"value"}," ҳафтада"],"many":[{"t":"idOrVar","v":"value"}," ҳафтада"],"one":"кейинги ҳафта","other":[{"t":"idOrVar","v":"value"}," ҳафтада"],"two":[{"t":"idOrVar","v":"value"}," ҳафтада"],"zero":"шу ҳафта"},"$x":[{"t":"idOrVar","v":"plural"},"value"]},{"$i":"months-until-long","$v":{"few":[{"t":"idOrVar","v":"value"}," ойда"],"many":[{"t":"idOrVar","v":"value"}," ойда"],"one":"кейинги ой","other":[{"t":"idOrVar","v":"value"}," ойда"],"two":[{"t":"idOrVar","v":"value"}," ойда"],"zero":"бу ой"},"$x":[{"t":"idOrVar","v":"plural"},"value"]},{"$i":"years-until-long","$v":{"few":[{"t":"idOrVar","v":"value"}," йилда"],"many":[{"t":"idOrVar","v":"value"}," йилда"],"one":"кейинги йил","other":[{"t":"idOrVar","v":"value"}," йилда"],"two":[{"t":"idOrVar","v":"value"}," йилда"],"zero":"шу йил"},"$x":[{"t":"idOrVar","v":"plural"},"value"]},{"$i":"minutes-ago-short","$v":{"other":[{"t":"idOrVar","v":"value"},"д олдин"],"zero":"ҳозиргина"},"$x":[{"t":"idOrVar","v":"plural"},"value"]},{"$i":"hours-ago-short","$v":{"other":[{"t":"idOrVar","v":"value"},"с олдин"],"zero":"ҳозиргина"},"$x":[{"t":"idOrVar","v":"plural"},"value"]},{"$i":"days-ago-short","$v":{"other":[{"t":"idOrVar","v":"value"},"к олдин"],"zero":"бугун"},"$x":[{"t":"idOrVar","v":"plural"},"value"]},{"$i":"minutes-until-short","$v":{"other":[{"t":"idOrVar","v":"value"},"д"],"zero":"ҳозир"},"$x":[{"t":"idOrVar","v":"plural"},"value"]},{"$i":"hours-until-short","$v":{"other":[{"t":"idOrVar","v":"value"},"с"],"zero":"ҳозир"},"$x":[{"t":"idOrVar","v":"plural"},"value"]},{"$i":"days-until-short","$v":{"other":[{"t":"idOrVar","v":"value"},"к"],"zero":"бугун"},"$x":[{"t":"idOrVar","v":"plural"},"value"]},{"$i":"incorrectDate","$v":"(сана хато)"},{"$i":"dateTimeFormat_%c","$v":"%a %b %e %Y %I:%M:%S %p"},{"$i":"dateTimeFormat_%x","$v":"%m/%d/%Y"},{"$i":"dateTimeFormat_%X","$v":"%I:%M:%S %p"},{"$i":"shortTimeFormat","$v":"%I:%M %p"},{"$i":"shortTimeFormat12","$v":"%I:%M %p"},{"$i":"shortTimeFormat24","$v":"%H:%M"},{"$i":"shortDateTimeFormat","$v":"%x %I:%M %p"},{"$i":"weekStartsOnMonday","$v":"0.0"},{"$i":"firstDayOfTheWeek","$v":"1.0"},{"$i":"time_am","$v":"ТО"},{"$i":"time_pm","$v":"ТК"},{"$i":"sim-with-index-and-carrier","$v":["SIM ",{"t":"idOrVar","v":"index"}," - ",{"t":"idOrVar","v":"carrier"}]},{"$i":"sim-without-carrier","$v":["SIM ",{"t":"idOrVar","v":"index"}]}]