[{"$i":"contacts","$v":"Danh bạ"},{"$i":"view","$v":"Xem"},{"$i":"no-contacts","$v":"Không có liên hệ nào"},{"$i":"reading-contacts","$v":"Đang tải danh bạ"},{"$i":"start-adding","$v":"Nhấn Mới hoặc vào Cài đặt để thêm liên hệ."},{"$i":"no-contact-available","$v":"Không có liên hệ nào khả dụng"},{"$i":"requested-contact-not-available","$v":"Thông tin yêu cầu không có sẵn trên số liên lạc hiện tại"},{"$i":"cannot-add-as-empty","$v":"Không thể thêm liên hệ khi danh sách liên hệ của bạn trống"},{"$i":"ok","$v":"OK"},{"$i":"no-phone-number-to-dial","$v":"Không có số điện thoại nào để quay số"},{"$i":"video-call","$v":"Cuộc gọi video"},{"$i":"rtt-call","$v":"Cuộc gọi RTT"},{"$i":"select-a-contact","$v":"Chọn một Liên hệ"},{"$i":"multi-pick-max-warn","$v":["Số lượng được chọn tối đa là ",{"t":"idOrVar","v":"n"}]},{"$i":"add-contact-failed","$v":"Không thể thêm số liên lạc"},{"$i":"no-sim-card-available","$v":"Không có sẵn thẻ SIM"},{"$i":"email-cannot-add-to-sim","$v":"Lựa chọn bộ nhớ hiện tại không hỗ trợ email."},{"$i":"add-info-failed","$v":"Thêm Thông tin Thất bại"},{"$i":"no-contact-to-add","$v":"Không có sẵn danh bạ để thêm."},{"$i":"move","$v":"Di chuyển"},{"$i":"copy","$v":"Sao chép"},{"$i":"copy-contacts","$v":"Sao chép danh bạ"},{"$i":"move-contacts","$v":"Chuyển danh bạ"},{"$i":"phone-memory","$v":"Bộ nhớ điện thoại"},{"$i":"sim-memory","$v":"Bộ nhớ SIM"},{"$i":"sim-0-memory","$v":"Bộ nhớ SIM 1"},{"$i":"sim-1-memory","$v":"Bộ nhớ SIM 2"},{"$i":"move-from","$v":"Di chuyển từ"},{"$i":"copy-from","$v":"Sao chép từ"},{"$i":"to","$v":"Tới"},{"$i":"move-contacts-progressing","$v":"Đang di chuyển (các) liên hệ…"},{"$i":"copy-contacts-progressing","$v":"Đã sao chép (các) liên hệ..."},{"$i":"contact-move-to-sim","$v":{"few":[{"t":"idOrVar","v":"migrated"}," danh bạ đã được di chuyển sang SIM."],"many":[{"t":"idOrVar","v":"migrated"}," danh bạ đã được di chuyển sang SIM."],"one":"1 số danh bạ đã được di chuyển sang SIM.","other":[{"t":"idOrVar","v":"migrated"}," danh bạ đã được di chuyển sang SIM."],"two":[{"t":"idOrVar","v":"migrated"}," danh bạ đã được di chuyển sang SIM."],"zero":"Không có số danh bạ nào được di chuyển sang SIM."},"$x":[{"t":"idOrVar","v":"plural"},"migrated"]},{"$i":"contact-copy-to-sim","$v":{"few":[{"t":"idOrVar","v":"migrated"}," danh bạ đã được sao chép sang SIM."],"many":[{"t":"idOrVar","v":"migrated"}," danh bạ đã được sao chép sang SIM."],"one":"1 số danh bạ đã được sao chép sang SIM.","other":[{"t":"idOrVar","v":"migrated"}," danh bạ đã được sao chép sang SIM."],"two":[{"t":"idOrVar","v":"migrated"}," danh bạ đã được sao chép sang SIM."],"zero":"Không có số danh bạ nào được sao chép sang SIM."},"$x":[{"t":"idOrVar","v":"plural"},"migrated"]},{"$i":"contact-move-to-sim0","$v":{"few":[{"t":"idOrVar","v":"migrated"}," danh bạ đã được di chuyển sang SIM 1."],"many":[{"t":"idOrVar","v":"migrated"}," danh bạ đã được di chuyển sang SIM 1."],"one":"1 số danh bạ đã được di chuyển sang SIM 1.","other":[{"t":"idOrVar","v":"migrated"}," danh bạ đã được di chuyển sang SIM 1."],"two":[{"t":"idOrVar","v":"migrated"}," danh bạ đã được di chuyển sang SIM 1."],"zero":"Không có số danh bạ nào được di chuyển sang SIM 1."},"$x":[{"t":"idOrVar","v":"plural"},"migrated"]},{"$i":"contact-copy-to-sim0","$v":{"few":[{"t":"idOrVar","v":"migrated"}," danh bạ đã được sao chép sang SIM 1."],"many":[{"t":"idOrVar","v":"migrated"}," danh bạ đã được sao chép sang SIM 1."],"one":"1 số danh bạ đã được sao chép sang SIM 1.","other":[{"t":"idOrVar","v":"migrated"}," danh bạ đã được sao chép sang SIM 1."],"two":[{"t":"idOrVar","v":"migrated"}," danh bạ đã được sao chép sang SIM 1."],"zero":"Không có số danh bạ nào được sao chép sang SIM 1."},"$x":[{"t":"idOrVar","v":"plural"},"migrated"]},{"$i":"contact-move-to-sim1","$v":{"few":[{"t":"idOrVar","v":"migrated"}," danh bạ đã được di chuyển sang SIM 2."],"many":[{"t":"idOrVar","v":"migrated"}," danh bạ đã được di chuyển sang SIM 2."],"one":"1 số danh bạ đã được di chuyển sang SIM 2.","other":[{"t":"idOrVar","v":"migrated"}," danh bạ đã được di chuyển sang SIM 2."],"two":[{"t":"idOrVar","v":"migrated"}," danh bạ đã được di chuyển sang SIM 2."],"zero":"Không có số danh bạ nào được di chuyển sang SIM 2."},"$x":[{"t":"idOrVar","v":"plural"},"migrated"]},{"$i":"contact-copy-to-sim1","$v":{"few":[{"t":"idOrVar","v":"migrated"}," danh bạ đã được sao chép sang SIM 2."],"many":[{"t":"idOrVar","v":"migrated"}," danh bạ đã được sao chép sang SIM 2."],"one":"1 số danh bạ đã được sao chép sang SIM 2.","other":[{"t":"idOrVar","v":"migrated"}," danh bạ đã được sao chép sang SIM 2."],"two":[{"t":"idOrVar","v":"migrated"}," danh bạ đã được sao chép sang SIM 2."],"zero":"Không có số danh bạ nào được sao chép sang SIM 2."},"$x":[{"t":"idOrVar","v":"plural"},"migrated"]},{"$i":"contact-move-to-device","$v":{"one":"1 số danh bạ đã được di chuyển sang thiết bị.","zero":"Không có số danh bạ nào được di chuyển sang thiết bị.","few":[{"t":"idOrVar","v":"migrated"}," danh bạ đã được di chuyển sang thiết bị."],"many":[{"t":"idOrVar","v":"migrated"}," danh bạ đã được di chuyển sang thiết bị."],"other":[{"t":"idOrVar","v":"migrated"}," danh bạ đã được di chuyển sang thiết bị."],"two":[{"t":"idOrVar","v":"migrated"}," danh bạ đã được di chuyển sang thiết bị."]},"$x":[{"t":"idOrVar","v":"plural"},"migrated"]},{"$i":"contact-copy-to-device","$v":{"one":"1 số danh bạ đã được sao chép sang thiết bị.","zero":"Không có số danh bạ nào được sao chép sang thiết bị.","few":[{"t":"idOrVar","v":"migrated"}," danh bạ đã được sao chép sang thiết bị."],"many":[{"t":"idOrVar","v":"migrated"}," danh bạ đã được sao chép sang thiết bị."],"other":[{"t":"idOrVar","v":"migrated"}," danh bạ đã được sao chép sang thiết bị."],"two":[{"t":"idOrVar","v":"migrated"}," danh bạ đã được sao chép sang thiết bị."]},"$x":[{"t":"idOrVar","v":"plural"},"migrated"]},{"$i":"copy-contact-failed","$v":"Sao chép liên hệ thất bại"},{"$i":"move-contact-failed","$v":"Di chuyển liên hệ thất bại"},{"$i":"contact-copy-error-sim-full","$v":"Sao chép liên hệ chưa hoàn thành do thẻ SIM đã đầy."},{"$i":"contact-copy-error-unknown","$v":"Sao chép liên hệ chưa hoàn thành do lỗi."},{"$i":"contact-copy-error-limit-exceeded","$v":"Chưa hoàn tất sao chép liên hệ do vượt quá giới hạn liên hệ trong điện thoại."},{"$i":"contact-move-error-sim-full","$v":"Di chuyển liên hệ chưa hoàn thành do thẻ SIM đã đầy."},{"$i":"contact-move-error-unknown","$v":"Di chuyển liên hệ chưa hoàn thành do lỗi."},{"$i":"contact-move-error-limit-exceeded","$v":"Chưa hoàn tất di chuyển liên hệ do vượt quá giới hạn liên hệ trong điện thoại."},{"$i":"contact-save-error-unknown","$v":"Lưu liên hệ chưa hoàn thành do lỗi."},{"$i":"memory","$v":"Bộ nhớ"},{"$i":"phone-and-sim","$v":"Điện thoại và SIM"},{"$i":"phone","$v":"Điện thoại"},{"$i":"sim","$v":"SIM"},{"$i":"reloading-contact","$v":"Đang tải lại danh bạ.."},{"$i":"contact-reloaded","$v":"Đã tải lại liên hệ"},{"$i":"message","$v":"Tin nhắn"},{"$i":"changes-saved","$v":"Đã lưu thay đổi."},{"$i":"already-ice-contact","$v":"Số liên lạc được chọn đã được đặt thành ICE."},{"$i":"phone-contacts-limit-exceeded","$v":"Đã vượt quá giới hạn danh bạ trên điện thoại."},{"$i":"sim-contacts-limit-exceeded","$v":"Đã vượt quá giới hạn danh bạ trên SIM."},{"$i":"more-info","$v":"Thêm"},{"$i":"callAirplaneModeTitle","$v":"Chế độ máy bay được kích hoạt"},{"$i":"callAirplaneModeMessage","$v":"Để thực hiện cuộc gọi, bạn cần tắt chế độ máy bay trong cài đặt."},{"$i":"emergencyDialogTitle","$v":"Không có kết nối mạng"},{"$i":"emergencyDialogBodyBadNumber","$v":"Để thực hiện một cuộc gọi, phải kết nối điện thoại với mạng."},{"$i":"emergencyDialogBodyDeviceNotAccepted","$v":"Mạng không cho phép các cuộc gọi khẩn cấp."},{"$i":"invalidNumberToDialTitle","$v":"Số điện thoại không hợp lệ"},{"$i":"invalidNumberToDialMessage","$v":"Số điện thoại bạn đang gọi không hợp lệ."},{"$i":"invalidNumberToSendTitle","$v":"Số điện thoại không hợp lệ"},{"$i":"invalidNumberToSendMessage","$v":"Số điện thoại bạn đang nhắn tin không hợp lệ."},{"$i":"emergency-call-only","$v":"Chỉ Cuộc gọi Khẩn cấp"},{"$i":"emergency-call-error","$v":[{"t":"idOrVar","v":"number"}," không phải là số khẩn cấp."]},{"$i":"numberIsBusyTitle","$v":"Số điện thoại đang bận"},{"$i":"numberIsBusyMessage","$v":"Số điện thoại hiện đang bận. Vui lòng gọi lại sau."},{"$i":"fdnIsActiveTitle","$v":"FDN đang hoạt động"},{"$i":"fdnIsActiveMessage","$v":["FDN (Số Quay số Cố định) được kích hoạt và số sau đây không nằm trong danh sách FDN của bạn: ",{"t":"idOrVar","v":"number"}]},{"$i":"otherConnectionInUseTitle","$v":"Đang sử dụng kết nối khác"},{"$i":"otherConnectionInUseMessage","$v":"Bạn đang có một cuộc gọi trên một kết nối khác. Bạn chỉ có thể sử dụng một kết nối một lần."},{"$i":"GenericFailure","$v":"Hỏng hóc chung"},{"$i":"CallFailed","$v":"Cuộc gọi không thành công"},{"$i":"scCallBarring","$v":"Chặn cuộc gọi"},{"$i":"scCallForwarding","$v":"Chuyển hướng cuộc gọi"},{"$i":"scClip","$v":"ID Số gọi Đến"},{"$i":"scClir","$v":"ID Số gọi Đi"},{"$i":"scPwd","$v":"Thay đổi mật khẩu"},{"$i":"scCallWaiting","$v":"Chờ cuộc gọi"},{"$i":"scPin","$v":"Thay đổi mã PIN"},{"$i":"scPin2","$v":"Thay đổi mã PIN2"},{"$i":"scPuk","$v":"Mở khóa mã PIN"},{"$i":"scPuk2","$v":"Mở khóa mã PIN2"},{"$i":"scImei","$v":"IMEI"},{"$i":"scMeid","$v":"MEID"},{"$i":"scUssd","$v":"USSD"},{"$i":"set-speed-dial","$v":"Đặt danh bạ quay số nhanh"},{"$i":"empty","$v":"Trống"},{"$i":"voicemail","$v":"Thư thoại"},{"$i":"speed-dial","$v":"Quay số nhanh"},{"$i":"add","$v":"Thêm"},{"$i":"replace","$v":"Thay thế"},{"$i":"remove-from-speed-dial","$v":"Xóa khỏi danh sách quay số nhanh"},{"$i":"custom-dialog-replace-speed-dial","$v":["Bạn có chắc muốn thay thế danh sách Quay số Nhanh ",{"t":"idOrVar","v":"oldSpeedDial"}," bằng danh sách ",{"t":"idOrVar","v":"newSpeedDial"}," không?"]},{"$i":"custom-dialog-remove-speed-dial","$v":["Bạn có chắc muốn xóa ",{"t":"idOrVar","v":"name"}," khỏi danh sách Quay số Nhanh không?"]},{"$i":"speed-dial-added","$v":"Đã thêm vào danh sách số Quay số nhanh"},{"$i":"speed-dial-removed","$v":"Đã gỡ khỏi danh sách số Quay số nhanh."},{"$i":"speed-dial-replaced","$v":"Đã cập nhật danh sách số Quay số nhanh."},{"$i":"voice-mail","$v":"Thư Thoại"},{"$i":"voice-mail-number","$v":["Số Hộp thư Thoại - SIM ",{"t":"idOrVar","v":"n"}]},{"$i":"voice-mail-number-single","$v":"Số Hộp thư Thoại"},{"$i":"voice-mail-number-updated","$v":"Đã cập nhật số Thư Thoại"},{"$i":"found-duplicates-message","$v":"Đã phát hiện thông tin trùng lặp trong các liên hệ sau đây. Bạn có muốn hợp nhất không?"},{"$i":"confirm-to-merge-contacts","$v":["Bạn có muốn hợp nhất ",{"t":"idOrVar","v":"n"}," liên hệ với ",{"t":"idOrVar","v":"name"}," không?"]},{"$i":"contact-merged","$v":"Liên hệ được hợp nhất"},{"$i":"find-duplicate-contacts","$v":"Tìm các liên hệ trùng lặp"},{"$i":"no-duplicate-contact-found","$v":"Không tìm thấy liên hệ trùng lặp nào"},{"$i":"merge","$v":"Hợp nhất"},{"$i":"find-dup","$v":"Tìm các liên hệ trùng lặp"},{"$i":"find-dup-title","$v":"Tìm các Liên hệ Trùng lặp"},{"$i":"finding-dup-message","$v":"Đang tìm liên hệ trùng lặp..."},{"$i":"dup-found-title","$v":"Đã tìm thấy Trùng lặp"},{"$i":"dup-found-message","$v":"Đã tìm thấy thông tin trùng lặp trong (các) liên hệ sau. Bạn có muốn hợp nhất không?"},{"$i":"no-dup-found","$v":"Không Tìm thấy Trùng lặp"},{"$i":"merge-conflict-warn","$v":["Thông tin sau sẽ bị ghi đè bởi \"",{"t":"idOrVar","v":"name"},"\":"]},{"$i":"merge-conflict-confirm","$v":"Bạn có chắc chắn muốn hợp nhất các liên hệ không?"},{"$i":"add-favorite","$v":"Thêm vào liên hệ Ưa thích"},{"$i":"remove-favorite","$v":"Hủy yêu thích"},{"$i":"favorite-contacts","$v":"Các liên hệ ưa thích"},{"$i":"add-block","$v":"Chặn số này"},{"$i":"remove-block","$v":"Bỏ chặn số điện thoại này"},{"$i":"add-block-email","$v":"Chặn email này"},{"$i":"remove-block-email","$v":"Bỏ chặn email này"},{"$i":"add-block-contact-warning","$v":"Bạn sẽ không nhận được cuộc gọi điện thoại, tin nhắn từ những người trong danh sách chặn."},{"$i":"add-block-email-warning","$v":"Bạn sẽ không nhận được tin nhắn từ địa chỉ email này."},{"$i":"block","$v":"Chặn"},{"$i":"unblock","$v":"Bỏ chặn"},{"$i":"block-contacts","$v":"Chặn các Liên hệ"},{"$i":"add-block-header","$v":"Thêm Số Chặn"},{"$i":"remove-block-alert","$v":"Xóa từ Liên hệ Bị chặn."},{"$i":"duplicate-block-number","$v":"Không thể thêm một số trùng lặp."},{"$i":"sort-contacts","$v":"Sắp xếp danh bạ"},{"$i":"sort-by-first-name","$v":"Phân loại theo tên"},{"$i":"sort-by-last-name","$v":"Phân loại theo họ"},{"$i":"no-support-open-multi-vcard","$v":"Không thể mở vCard với nhiều danh bạ"},{"$i":"import","$v":"Nhập"},{"$i":"sdcard","$v":"Thẻ nhớ"},{"$i":"simcard","$v":"Thẻ SIM"},{"$i":"import-contacts","$v":"Nhập danh bạ"},{"$i":"simContacts-error","$v":"Không thể nhập Danh bạ từ SIM"},{"$i":"memoryCardContacts-error","$v":"Không thể nhập danh bạ từ thẻ nhớ"},{"$i":"novCardFiles","$v":"Không có sẵn tập tin danh bạ nào trong thẻ nhớ."},{"$i":"fullDiskSpace-error","$v":"Bộ nhớ đã đầy, không thể nhập danh bạ."},{"$i":"socialServiceContacts-error","$v":["Không thể nhập các số liên hệ từ ",{"t":"idOrVar","v":"service"}]},{"$i":"socialServiceContacts-noNetwork","$v":["Không có kết nối internet, không thể nhập danh bạ từ ",{"t":"idOrVar","v":"service"},"."]},{"$i":"simContacts-reading","$v":"Đang Đọc Danh bạ từ Thẻ SIM..."},{"$i":"memoryCardContacts-reading","$v":"Đang Đọc Danh bạ từ thẻ Nhớ…"},{"$i":"importContactsTitle","$v":"Nhập Danh bạ"},{"$i":"retry","$v":"Thử lại"},{"$i":"noSimMsg","$v":"Để nhập danh bạ, hãy lắp hoặc mở khóa thẻ SIM của bạn"},{"$i":"noSdcardMsg","$v":"Để nhập danh bạ, hãy lắp thẻ nhớ"},{"$i":"not-imported","$v":"Không được nhập"},{"$i":"imported","$v":"Đã nhập"},{"$i":"importing","$v":"Đang nhập"},{"$i":"contact-imported","$v":["Đã xuất ",{"t":"idOrVar","v":"imported"}," danh bạ. Đã hợp nhất ",{"t":"idOrVar","v":"dupes"}," danh bạ."]},{"$i":"contact-imported2","$v":{"one":"Đã nhập 1 liên hệ.","zero":"Không có liên hệ nào được nhập.","few":["Đã nhập ",{"t":"idOrVar","v":"imported"}," liên hệ."],"many":["Đã nhập ",{"t":"idOrVar","v":"imported"}," liên hệ."],"other":["Đã nhập ",{"t":"idOrVar","v":"imported"}," liên hệ."],"two":["Đã nhập ",{"t":"idOrVar","v":"imported"}," liên hệ."]},"$x":[{"t":"idOrVar","v":"plural"},"imported"]},{"$i":"reading-contacts-from-sim","$v":"Đang đọc (các) liên hệ từ thẻ SIM..."},{"$i":"reading-contacts-from-gmail","$v":"Đang đọc (các) liên hệ từ Gmail..."},{"$i":"reading-contacts-from-live","$v":"Đang đọc (các) liên hệ từ Outlook..."},{"$i":"reading-contacts-from-sd","$v":"Đang đọc (các) liên hệ từ thẻ nhớ..."},{"$i":"reading-contacts-from-vcard","$v":"Đang đọc (các) liên hệ từ tệp..."},{"$i":"importing-contacts-from-sim","$v":"Đang nhập (các) liên hệ từ thẻ SIM..."},{"$i":"importing-contacts-from-gmail","$v":"Đang nhập (các) liên hệ từ Gmail..."},{"$i":"importing-contacts-from-live","$v":"Đang nhập (các) liên hệ từ Outlook..."},{"$i":"importing-contacts-from-sd","$v":"Đang nhập (các) liên hệ từ thẻ nhớ..."},{"$i":"importing-contacts-from-vcard","$v":"Đang nhập (các) liên hệ từ tệp..."},{"$i":"connect-network-to-import","$v":"Để nhập danh bạ, hãy kết nối với mạng WiFi hoặc dữ liệu"},{"$i":"importing-confirm","$v":["Nhập ",{"t":"idOrVar","v":"n"}," (các) số liên hệ từ tập tin \"",{"t":"idOrVar","v":"fileName"},"\"?"]},{"$i":"importing-cancel-confirm","$v":"Quá trình nhập sẽ bị dừng lại nếu bạn đóng màn hình này. Bạn vẫn muốn đóng?"},{"$i":"import-contact-failed","$v":"Nhập liên hệ thất bại"},{"$i":"phone-storage-full","$v":"Bộ nhớ Điện thoại Đầy"},{"$i":"import-contact-storage-full","$v":"Không thể nhập danh bạ. Xóa dữ liệu ứng dụng để giải phóng dung lượng trống."},{"$i":"contact-import-error-disk-full","$v":"Chưa hoàn tất nhập danh bạ do bộ nhớ đã đầy. Xóa dữ liệu ứng dụng để giải phóng bộ nhớ."},{"$i":"contact-import-error-sim-full","$v":"Nhập các liên hệ chưa hoàn thành do thẻ SIM đã đầy."},{"$i":"contact-import-error-unknown","$v":"Nhập các liên hệ chưa hoàn thành do lỗi."},{"$i":"import-contacts-canceled","$v":"Đã hủy nhập danh bạ."},{"$i":"close","$v":"Đóng"},{"$i":"import-process-cancel","$v":"Quá trình nhập bị hủy bỏ."},{"$i":"import-limit-header","$v":"Vượt quá giới hạn kích thước tệp"},{"$i":"inner-import-limit-content","$v":"Mọi kích thước tệp danh bạ nào vượt quá 10MB chưa được nhập."},{"$i":"activity-import-limit-contact","$v":"Không thể nhập danh bạ do vượt quá giới hạn kích thước tệp."},{"$i":"activity-import-limit-additional","$v":"(Kích thước tệp phải nhỏ hơn 10MB.)"},{"$i":"bluetooth","$v":"Bluetooth"},{"$i":"export","$v":"Xuất"},{"$i":"export-contacts","$v":"Xuất danh bạ"},{"$i":"simExport-title","$v":"Xuất sang SIM"},{"$i":"memoryCardExport-title","$v":"Xuất sang thẻ nhớ"},{"$i":"btExport-title","$v":"Xuất sang Bluetooth"},{"$i":"noSimMsgExport","$v":"Để xuất danh bạ, hãy lắp hoặc mở khóa thẻ SIM của bạn"},{"$i":"noSdcardExport","$v":"Để xuất danh bạ, hãy lắp một thẻ nhớ."},{"$i":"bluetoothNoConnection","$v":"Để xuất danh bạ, hãy kết nối với một thiết bị có tính năng bluetooth."},{"$i":"contact-exported","$v":["Đã xuất ",{"t":"idOrVar","v":"exported"}," danh bạ."]},{"$i":"contact-exported2","$v":{"zero":"Không có liên hệ nào được xuất.","one":"Đã xuất 1 liên hệ.","few":["Đã xuất ",{"t":"idOrVar","v":"exported"}," danh bạ."],"many":["Đã xuất ",{"t":"idOrVar","v":"exported"}," danh bạ."],"other":["Đã xuất ",{"t":"idOrVar","v":"exported"}," danh bạ."],"two":["Đã xuất ",{"t":"idOrVar","v":"exported"}," danh bạ."]},"$x":[{"t":"idOrVar","v":"plural"},"exported"]},{"$i":"export-contact-failed","$v":"Không xuất liên hệ được"},{"$i":"contact-export-error-sim-full","$v":"Xuất danh bạ không hoàn thành do thẻ SIM đã đầy."},{"$i":"contact-export-error-sd-full","$v":"Không thể hoàn thành xuất danh bạ do thẻ nhớ đã đầy."},{"$i":"contact-export-error-unknown","$v":"Xuất các liên hệ chưa hoàn thành do lỗi."},{"$i":"contact-export-canceled","$v":"Quá trình xuất bị hủy."},{"$i":"save","$v":"Lưu"},{"$i":"back","$v":"Quay lại"},{"$i":"givenName","$v":"Tên"},{"$i":"familyName","$v":"Họ"},{"$i":"name","$v":"Tên"},{"$i":"org","$v":"Công ty"},{"$i":"ringtone","$v":"Nhạc chuông"},{"$i":"note","$v":"Ghi chú"},{"$i":"photo","$v":"Ảnh"},{"$i":"email","$v":"Email"},{"$i":"adr","$v":"Địa chỉ"},{"$i":"custom","$v":"Tùy chỉnh"},{"$i":"confirm-discard-contact-data","$v":"Thông tin về liên hệ sẽ bị loại bỏ. Bạn có muốn lưu liên hệ này không?"},{"$i":"confirm-discard-contact-update-data","$v":"Những thay đổi này sẽ bị loại bỏ. Bạn có muốn lưu liên hệ này không?"},{"$i":"discard-contact-data","$v":"Các thay đổi sẽ bị hủy bỏ."},{"$i":"discard","$v":"Loại bỏ"},{"$i":"add-others","$v":"Thêm thông tin khác"},{"$i":"custom-label","$v":"Nhãn tùy chỉnh"},{"$i":"input-the-custom-type","$v":"Vui lòng nhập loại tùy chỉnh"},{"$i":"contact-added","$v":"Đã thêm liên hệ."},{"$i":"delete-prompt-message","$v":["Xóa ",{"t":"idOrVar","v":"field"},"?"]},{"$i":"delete-photo-msg","$v":"ảnh"},{"$i":"delete-ringtone-msg","$v":"nhạc chuông"},{"$i":"delete-bday-msg","$v":"ngày sinh"},{"$i":"delete-note-msg","$v":"ghi chú"},{"$i":"delete-org-msg","$v":"công ty"},{"$i":"personal","$v":"Cá nhân"},{"$i":"mobile","$v":"Di động"},{"$i":"current","$v":"Hiện tại"},{"$i":"home","$v":"Nhà"},{"$i":"work","$v":"Công việc"},{"$i":"other","$v":"Khác"},{"$i":"fax-home","$v":"Số fax nhà riêng"},{"$i":"fax-office","$v":"Số fax văn phòng"},{"$i":"fax-other","$v":"Số fax khác"},{"$i":"add-phone","$v":"Thêm Số điện thoại"},{"$i":"add-tel","$v":"Thêm số điện thoại"},{"$i":"add-email","$v":"Thêm email"},{"$i":"add-ringtone","$v":"Thêm nhạc chuông"},{"$i":"add-adr","$v":"Thêm địa chỉ"},{"$i":"add-bday","$v":"Thêm ngày sinh"},{"$i":"add-photo","$v":"Thêm ảnh"},{"$i":"add-note","$v":"Thêm ghi chú"},{"$i":"add-org","$v":"Thêm công ty"},{"$i":"add-tel-number","$v":"Thêm số điện thoại"},{"$i":"delete-tel","$v":"Xóa số điện thoại"},{"$i":"delete-email","$v":"Xóa email"},{"$i":"delete-ringtone","$v":"Xóa nhạc chuông"},{"$i":"delete-adr","$v":"Xóa địa chỉ"},{"$i":"delete-bday","$v":"Xóa ngày sinh"},{"$i":"delete-photo","$v":"Xóa ảnh"},{"$i":"delete-note","$v":"Xóa ghi chú"},{"$i":"delete-org","$v":"Xóa công ty"},{"$i":"edit-tel-type","$v":"Chỉnh sửa loại điện thoại"},{"$i":"edit-email-type","$v":"Chỉnh sửa loại email"},{"$i":"edit-adr-type","$v":"Chỉnh sửa loại địa chỉ"},{"$i":"edit-bday-type","$v":"Chỉnh sửa ngày sinh"},{"$i":"replace-photo","$v":"Thay đổi hình ảnh"},{"$i":"replace-ringtone","$v":"Thay đổi nhạc chuông"},{"$i":"mobile-tel","$v":"Điện thoại di động"},{"$i":"home-tel","$v":"Điện thoại nhà riêng"},{"$i":"work-tel","$v":"Điện thoại cơ quan"},{"$i":"personal-tel","$v":"Số điện thoại cá nhân"},{"$i":"fax-home-tel","$v":"Số fax Nhà riêng"},{"$i":"fax-office-tel","$v":"Số Fax Văn phòng"},{"$i":"fax-other-tel","$v":"Số fax khác"},{"$i":"other-tel","$v":"Điện thoại khác"},{"$i":"personal-email","$v":"E-mail cá nhân"},{"$i":"work-email","$v":"E-mail cơ quan"},{"$i":"other-email","$v":"E-mail khác"},{"$i":"custom-email","$v":["E-mail ",{"t":"idOrVar","v":"type"}]},{"$i":"custom-tel","$v":["Điện thoại ",{"t":"idOrVar","v":"type"}]},{"$i":"personal-adr","$v":"Địa chỉ cá nhân"},{"$i":"current-adr","$v":"Hiện tại"},{"$i":"home-adr","$v":"Địa chỉ nhà riêng"},{"$i":"work-adr","$v":"Địa chỉ cơ quan"},{"$i":"custom-adr","$v":["Địa chỉ ",{"t":"idOrVar","v":"type"}]},{"$i":"bday","$v":"Ngày sinh"},{"$i":"birthday","$v":"Ngày sinh"},{"$i":"streetAddress","$v":"Phố"},{"$i":"locality","$v":"Thành phố"},{"$i":"postalCode","$v":"Mã Zip"},{"$i":"countryName","$v":"Quốc gia"},{"$i":"region","$v":"Tiểu bang"},{"$i":"no-name","$v":"Không có tên"},{"$i":"new-contact","$v":"Mới"},{"$i":"options","$v":"Tùy chọn"},{"$i":"cancel","$v":"Hủy"},{"$i":"settings","$v":"Cài đặt"},{"$i":"edit","$v":"Chỉnh sửa"},{"$i":"share","$v":"Chia sẻ"},{"$i":"remove","$v":"Xóa"},{"$i":"compose","$v":"Soạn"},{"$i":"new-contact-title","$v":"Liên hệ Mới"},{"$i":"edit-title","$v":"Chỉnh sửa Liên hệ"},{"$i":"music","$v":"Nhạc"},{"$i":"adr-type","$v":"Loại Địa chỉ"},{"$i":"email-type","$v":"Loại Email"},{"$i":"tel-type","$v":"Loại Điện thoại"},{"$i":"ICEContactsGroup","$v":"Danh bạ ICE"},{"$i":"setICEButton","$v":"Đặt Danh bạ ICE"},{"$i":"ICESettingTitle","$v":"Danh bạ ICE"},{"$i":"ICEDescription","$v":"Thêm năm liên hệ dành cho việc thực hiện các cuộc gọi “Trong trường hợp Khẩn cấp”."},{"$i":"ICEContact","$v":["Liên hệ ICE ",{"t":"idOrVar","v":"n"}]},{"$i":"ICESelectContact","$v":"Chọn một liên hệ"},{"$i":"delete-ice-contact-warning","$v":"Bạn có chắc chắn muốn xóa Liên hệ ICE này không?"},{"$i":"confirm","$v":"Xác nhận"},{"$i":"add-ice-failed","$v":"Thêm ICE Thất bại"},{"$i":"create-group","$v":"Tạo Nhóm"},{"$i":"group-name","$v":"Tên Nhóm"},{"$i":"group","$v":"Nhóm"},{"$i":"new-group-created","$v":"Đã tạo nhóm mới."},{"$i":"create-group-failed","$v":"Tạo nhóm thất bại."},{"$i":"create-group-too-many","$v":["Bạn chỉ có thể tạo ",{"t":"idOrVar","v":"number"}," nhóm."]},{"$i":"create-group-duplicate","$v":"Tên trùng lặp."},{"$i":"rename-group-failed","$v":"Đổi tên nhóm thất bại."},{"$i":"new-group","$v":"Mới"},{"$i":"rename","$v":"Đổi tên"},{"$i":"duplicate-removed","$v":"(Các) liên hệ trùng lặp đã được gỡ bỏ."},{"$i":"add-to-group","$v":"Thêm vào nhóm"},{"$i":"remove-from-group","$v":"Xóa từ nhóm"},{"$i":"added-to","$v":["Đã thêm vào ",{"t":"idOrVar","v":"group"}]},{"$i":"removed-from","$v":["Xóa từ ",{"t":"idOrVar","v":"group"}]},{"$i":"select-group","$v":"Chọn Nhóm"},{"$i":"rename-group","$v":"Đổi tên Nhóm"},{"$i":"delete-group","$v":["Bạn có chắc chắn muốn xóa ",{"t":"idOrVar","v":"group"}," không?"]},{"$i":"unable-add-warn","$v":"Không thể thêm danh bạ tài khoản vào nhóm."},{"$i":"edit-contact","$v":"Chỉnh sửa liên hệ"},{"$i":"send-message","$v":"Gửi tin nhắn"},{"$i":"call","$v":"Gọi"},{"$i":"call-sim-1","$v":"Cuộc gọi - SIM 1"},{"$i":"call-sim-2","$v":"Cuộc gọi - SIM 2"},{"$i":"send-email","$v":"Gửi email"},{"$i":"choose-number","$v":"Chọn Số"},{"$i":"choose-email-address","$v":"Chọn Email"},{"$i":"delete","$v":"Xóa"},{"$i":"select","$v":"Chọn"},{"$i":"select-all","$v":"Chọn Tất cả"},{"$i":"select-all2","$v":"Tất cả"},{"$i":"deselect-all","$v":"Bỏ chọn Tất cả"},{"$i":"deselect-all2","$v":"Không"},{"$i":"deselect","$v":"Bỏ chọn"},{"$i":"selected-contacts","$v":{"few":["Đã chọn ",{"t":"idOrVar","v":"n"}],"many":["Đã chọn ",{"t":"idOrVar","v":"n"}],"one":["Đã chọn ",{"t":"idOrVar","v":"n"}],"other":["Đã chọn ",{"t":"idOrVar","v":"n"}],"two":["Đã chọn ",{"t":"idOrVar","v":"n"}],"zero":["Đã chọn ",{"t":"idOrVar","v":"n"}]},"$x":[{"t":"idOrVar","v":"plural"},"n"]},{"$i":"massive-delete","$v":"Xóa danh bạ"},{"$i":"confirm-contact-delete","$v":["Bạn có chắc chắn muốn xóa liên hệ \"",{"t":"idOrVar","v":"name"},"\" không?"]},{"$i":"DeletedTxt","$v":{"few":["Đã xóa ",{"t":"idOrVar","v":"n"}," Liên hệ"],"many":["Đã xóa ",{"t":"idOrVar","v":"n"}," Liên hệ"],"one":"Đã xóa 1 Liên hệ","other":["Đã xóa ",{"t":"idOrVar","v":"n"}," Liên hệ"],"two":["Đã xóa ",{"t":"idOrVar","v":"n"}," Liên hệ"],"zero":"Không có Liên hệ nào cần Xóa"},"$x":[{"t":"idOrVar","v":"plural"},"n"]},{"$i":"DeletingContacts","$v":"Xóa Liên hệ"},{"$i":"DeletingContactsProgressing","$v":"Xóa danh bạ"},{"$i":"ContactConfirmDel","$v":{"few":["Xóa ",{"t":"idOrVar","v":"n"}," Liên hệ? Tác vụ này sẽ không thể được hoàn tác."],"many":["Xóa ",{"t":"idOrVar","v":"n"}," Liên hệ? Tác vụ này sẽ không thể được hoàn tác."],"one":"Xóa 1 Liên hệ? Tác vụ này sẽ không thể được hoàn tác.","other":["Xóa ",{"t":"idOrVar","v":"n"}," Liên hệ? Tác vụ này sẽ không thể được hoàn tác."],"two":["Xóa ",{"t":"idOrVar","v":"n"}," Liên hệ? Tác vụ này sẽ không thể được hoàn tác."],"zero":"Không có Liên hệ nào cần Xóa"},"$x":[{"t":"idOrVar","v":"plural"},"n"]},{"$i":"contact-deleted","$v":{"zero":"Không có số danh bạ nào bị xóa","one":"Đã xóa 1 số danh bạ","few":[{"t":"idOrVar","v":"n"}," đã xóa danh bạ"],"many":[{"t":"idOrVar","v":"n"}," đã xóa danh bạ"],"other":[{"t":"idOrVar","v":"n"}," đã xóa danh bạ"],"two":[{"t":"idOrVar","v":"n"}," đã xóa danh bạ"]},"$x":[{"t":"idOrVar","v":"plural"},"n"]},{"$i":"a-contact-deleted","$v":"Đã xóa liên lạc."},{"$i":"settings-title","$v":"Cài đặt Danh bạ"},{"$i":"change-will-update-until-restart","$v":"Các thay đổi sẽ được cập nhật lần tới khi Danh bạ được khởi chạy."},{"$i":"transfer-contacts","$v":"Chuyển danh bạ"},{"$i":"service-number","$v":"Số dịch vụ"},{"$i":"no-contacts-found","$v":"Không tìm thấy sự phù hợp."},{"$i":"search","$v":"Tìm kiếm danh bạ","placeholder":"Tìm kiếm danh bạ"},{"$i":"search-option","$v":"Tìm kiếm"},{"$i":"accounts","$v":"Tài khoản"},{"$i":"account","$v":"Tài khoản"},{"$i":"add-account","$v":"Thêm Tài khoản"},{"$i":"add-account-failed","$v":"Đã xảy ra lỗi không xác định, vui lòng thử lại sau."},{"$i":"duplicate-account-warn","$v":"Tài khoản đã tồn tại. Đã bật đồng bộ hóa."},{"$i":"setting-up-account","$v":"Thiết lập tài khoản"},{"$i":"no-network-warn","$v":"Không có kết nối Internet."},{"$i":"username","$v":"Tên người dùng"},{"$i":"password","$v":"Mật khẩu"},{"$i":"delete-account","$v":"Xóa Tài khoản"},{"$i":"delete-account-long","$v":"Xóa Tài khoản"},{"$i":"delete-account-warn","$v":"Nếu bạn xóa tài khoản này, các ứng dụng sử dụng tài khoản này cũng sẽ bị ảnh hưởng."},{"$i":"deleting-account","$v":"Đang xóa tài khoản"},{"$i":"delete-account-failed","$v":"Xóa tài khoản thất bại, vui lòng thử lại sau."},{"$i":"delete-account-ok","$v":"Đã xóa tài khoản."},{"$i":"sync","$v":"Đồng bộ"},{"$i":"sync-title","$v":"Đồng bộ hóa Danh bạ"},{"$i":"sync-failed-warn","$v":"Đồng bộ hóa không thành công."},{"$i":"sync-off-warn","$v":"Đã tắt đồng bộ hóa trong Settings (Cài đặt)."},{"$i":"show-account-contacts","$v":"Hiển thị các liên hệ của tài khoản"},{"$i":"sync-account-contacts","$v":"Đồng bộ hóa danh bạ tài khoản"},{"$i":"sync-account-contacts-warning","$v":["Mọi chỉnh sửa số liên lạc tài khoản sẽ không đồng bộ hóa với đám mây khi \"",{"t":"idOrVar","v":"switch"},"\" không được chọn, bạn vẫn muốn bỏ chọn chứ?"]},{"$i":"yes","$v":"Có"},{"$i":"all-contacts-synced","$v":"Đã đồng bộ tất cả liên hệ."},{"$i":"contact-syncing","$v":"Đồng bộ Hóa Danh bạ ..."},{"$i":"contacts-sync-limit-exceed","$v":"Chưa hoàn tất đồng bộ hóa danh bạ do vượt quá giới hạn liên hệ."},{"$i":"show-password","$v":"Hiển thị mật khẩu"},{"$i":"password-incorrect","$v":"Mật khẩu không đúng."},{"$i":"re-enter-password","$v":"Nhập lại Mật khẩu"},{"$i":"accessing-warn","$v":"Có vấn đề khi truy cập tài khoản của bạn."},{"$i":"accessing-warn-password","$v":"Vui lòng nhập lại mật khẩu."},{"$i":"re-enter-password-on-setting","$v":"Vui lòng nhập lại mật khẩu trên cài đặt Danh bạ."},{"$i":"accessing-warn-relogin","$v":"Vui lòng xóa tài khoản và đăng nhập lại."},{"$i":"update-password-failed","$v":"Cập nhật mật khẩu thất bại, vui lòng thử lại sau."},{"$i":"connect-time-out","$v":["Không thể tạo lập kết nối với \"",{"t":"idOrVar","v":"server"},"\". Có thể có vấn đề với mạng."]},{"$i":"server-error","$v":"Máy chủ không khả dụng. Vui lòng thử lại sau."},{"$i":"loading","$v":"Đang tải..."},{"$i":"ellipsis","$v":"..."},{"$i":"stop-syncing-warn-title","$v":"Đang Đồng bộ hóa Danh bạ"},{"$i":"stop-syncing-warn","$v":"Đóng ứng dụng sẽ dừng quá trình đồng bộ hóa danh bạ. Bạn vẫn muốn đóng ứng dụng?"},{"$i":"weekday-0-long","$v":"Chủ nhật"},{"$i":"weekday-1-long","$v":"Thứ Hai"},{"$i":"weekday-2-long","$v":"Thứ Ba"},{"$i":"weekday-3-long","$v":"Thứ Tư"},{"$i":"weekday-4-long","$v":"Thứ Năm"},{"$i":"weekday-5-long","$v":"Thứ Sáu"},{"$i":"weekday-6-long","$v":"Thứ Bảy"},{"$i":"weekday-0-short","$v":"CN"},{"$i":"weekday-1-short","$v":"Thứ 2"},{"$i":"weekday-2-short","$v":"Thứ 3"},{"$i":"weekday-3-short","$v":"Thứ 4"},{"$i":"weekday-4-short","$v":"Thứ 5"},{"$i":"weekday-5-short","$v":"Thứ 6"},{"$i":"weekday-6-short","$v":"Thứ 7"},{"$i":"month-0-long","$v":"Tháng 1"},{"$i":"month-1-long","$v":"Tháng 2"},{"$i":"month-2-long","$v":"Tháng 3"},{"$i":"month-3-long","$v":"Tháng 4"},{"$i":"month-4-long","$v":"Tháng 5"},{"$i":"month-5-long","$v":"Tháng 6"},{"$i":"month-6-long","$v":"Tháng 7"},{"$i":"month-7-long","$v":"Tháng 8"},{"$i":"month-8-long","$v":"Tháng 9"},{"$i":"month-9-long","$v":"Tháng 10"},{"$i":"month-10-long","$v":"Tháng 11"},{"$i":"month-11-long","$v":"Tháng 12"},{"$i":"month-0-genitive","$v":"Tháng 1"},{"$i":"month-1-genitive","$v":"Tháng 2"},{"$i":"month-2-genitive","$v":"Tháng 3"},{"$i":"month-3-genitive","$v":"Tháng 4"},{"$i":"month-4-genitive","$v":"Tháng 5"},{"$i":"month-5-genitive","$v":"Tháng 6"},{"$i":"month-6-genitive","$v":"Tháng 7"},{"$i":"month-7-genitive","$v":"Tháng 8"},{"$i":"month-8-genitive","$v":"Tháng 9"},{"$i":"month-9-genitive","$v":"Tháng 10"},{"$i":"month-10-genitive","$v":"Tháng 11"},{"$i":"month-11-genitive","$v":"Tháng 12"},{"$i":"month-0-short","$v":"Tháng 1"},{"$i":"month-1-short","$v":"Tháng 2"},{"$i":"month-2-short","$v":"Tháng 3"},{"$i":"month-3-short","$v":"Tháng 4"},{"$i":"month-4-short","$v":"Tháng 5"},{"$i":"month-5-short","$v":"Tháng 6"},{"$i":"month-6-short","$v":"Tháng 7"},{"$i":"month-7-short","$v":"Tháng 8"},{"$i":"month-8-short","$v":"Tháng 9"},{"$i":"month-9-short","$v":"Tháng 10"},{"$i":"month-10-short","$v":"Tháng 11"},{"$i":"month-11-short","$v":"Tháng 12"},{"$i":"minutes-ago-long","$v":{"few":[{"t":"idOrVar","v":"value"}," phút trước"],"many":[{"t":"idOrVar","v":"value"}," phút trước"],"other":[{"t":"idOrVar","v":"value"}," phút trước"],"two":[{"t":"idOrVar","v":"value"}," phút trước"],"one":"một phút trước","zero":"Vừa Rồi"},"$x":[{"t":"idOrVar","v":"plural"},"value"]},{"$i":"hours-ago-long","$v":{"few":[{"t":"idOrVar","v":"value"}," giờ trước"],"many":[{"t":"idOrVar","v":"value"}," giờ trước"],"other":[{"t":"idOrVar","v":"value"}," giờ trước"],"two":[{"t":"idOrVar","v":"value"}," giờ trước"],"one":"giờ trước","zero":"Vừa Rồi"},"$x":[{"t":"idOrVar","v":"plural"},"value"]},{"$i":"days-ago-long","$v":{"few":[{"t":"idOrVar","v":"value"}," ngày trước"],"many":[{"t":"idOrVar","v":"value"}," ngày trước"],"one":"hôm qua","other":[{"t":"idOrVar","v":"value"}," ngày trước"],"two":[{"t":"idOrVar","v":"value"}," ngày trước"],"zero":"hôm nay"},"$x":[{"t":"idOrVar","v":"plural"},"value"]},{"$i":"weeks-ago-long","$v":{"few":[{"t":"idOrVar","v":"value"}," tuần trước"],"many":[{"t":"idOrVar","v":"value"}," tuần trước"],"one":"tuần trước","other":[{"t":"idOrVar","v":"value"}," tuần trước"],"two":[{"t":"idOrVar","v":"value"}," tuần trước"],"zero":"tuần này"},"$x":[{"t":"idOrVar","v":"plural"},"value"]},{"$i":"months-ago-long","$v":{"few":[{"t":"idOrVar","v":"value"}," tháng trước"],"many":[{"t":"idOrVar","v":"value"}," tháng trước"],"one":"tháng trước","other":[{"t":"idOrVar","v":"value"}," tháng trước"],"two":[{"t":"idOrVar","v":"value"}," tháng trước"],"zero":"tháng này"},"$x":[{"t":"idOrVar","v":"plural"},"value"]},{"$i":"years-ago-long","$v":{"few":[{"t":"idOrVar","v":"value"}," năm trước"],"many":[{"t":"idOrVar","v":"value"}," năm trước"],"one":"năm ngoái","other":[{"t":"idOrVar","v":"value"}," năm trước"],"two":[{"t":"idOrVar","v":"value"}," năm trước"],"zero":"năm nay"},"$x":[{"t":"idOrVar","v":"plural"},"value"]},{"$i":"minutes-until-long","$v":{"few":["trong ",{"t":"idOrVar","v":"value"}," phút"],"many":["trong ",{"t":"idOrVar","v":"value"}," phút"],"other":["trong ",{"t":"idOrVar","v":"value"}," phút"],"two":["trong ",{"t":"idOrVar","v":"value"}," phút"],"zero":"hiện tại","one":"trong một phút"},"$x":[{"t":"idOrVar","v":"plural"},"value"]},{"$i":"hours-until-long","$v":{"few":["trong ",{"t":"idOrVar","v":"value"}," giờ"],"many":["trong ",{"t":"idOrVar","v":"value"}," giờ"],"other":["trong ",{"t":"idOrVar","v":"value"}," giờ"],"two":["trong ",{"t":"idOrVar","v":"value"}," giờ"],"zero":"hiện tại","one":"trong một giờ"},"$x":[{"t":"idOrVar","v":"plural"},"value"]},{"$i":"days-until-long","$v":{"few":["trong ",{"t":"idOrVar","v":"value"}," ngày"],"many":["trong ",{"t":"idOrVar","v":"value"}," ngày"],"one":"ngày mai","other":["trong ",{"t":"idOrVar","v":"value"}," ngày"],"two":["trong ",{"t":"idOrVar","v":"value"}," ngày"],"zero":"hôm nay"},"$x":[{"t":"idOrVar","v":"plural"},"value"]},{"$i":"weeks-until-long","$v":{"few":["trong ",{"t":"idOrVar","v":"value"}," tuần"],"many":["trong ",{"t":"idOrVar","v":"value"}," tuần"],"one":"tuần tới","other":["trong ",{"t":"idOrVar","v":"value"}," tuần"],"two":["trong ",{"t":"idOrVar","v":"value"}," tuần"],"zero":"tuần này"},"$x":[{"t":"idOrVar","v":"plural"},"value"]},{"$i":"months-until-long","$v":{"few":["trong ",{"t":"idOrVar","v":"value"}," tháng"],"many":["trong ",{"t":"idOrVar","v":"value"}," tháng"],"one":"tháng tiếp theo","other":["trong ",{"t":"idOrVar","v":"value"}," tháng"],"two":["trong ",{"t":"idOrVar","v":"value"}," tháng"],"zero":"tháng này"},"$x":[{"t":"idOrVar","v":"plural"},"value"]},{"$i":"years-until-long","$v":{"few":["trong ",{"t":"idOrVar","v":"value"}," năm"],"many":["trong ",{"t":"idOrVar","v":"value"}," năm"],"one":"năm tới","other":["trong ",{"t":"idOrVar","v":"value"}," năm"],"two":["trong ",{"t":"idOrVar","v":"value"}," năm"],"zero":"năm nay"},"$x":[{"t":"idOrVar","v":"plural"},"value"]},{"$i":"minutes-ago-short","$v":{"other":[{"t":"idOrVar","v":"value"}," tháng trước"],"zero":"Vừa Rồi"},"$x":[{"t":"idOrVar","v":"plural"},"value"]},{"$i":"hours-ago-short","$v":{"other":[{"t":"idOrVar","v":"value"}," giờ trước"],"zero":"Vừa Rồi"},"$x":[{"t":"idOrVar","v":"plural"},"value"]},{"$i":"days-ago-short","$v":{"other":[{"t":"idOrVar","v":"value"}," ngày trước"],"zero":"hôm nay"},"$x":[{"t":"idOrVar","v":"plural"},"value"]},{"$i":"minutes-until-short","$v":{"other":["trong ",{"t":"idOrVar","v":"value"},"m"],"zero":"hiện tại"},"$x":[{"t":"idOrVar","v":"plural"},"value"]},{"$i":"hours-until-short","$v":{"other":["trong ",{"t":"idOrVar","v":"value"}],"zero":"hiện tại"},"$x":[{"t":"idOrVar","v":"plural"},"value"]},{"$i":"days-until-short","$v":{"other":["in ",{"t":"idOrVar","v":"value"},"d"],"zero":"hôm nay"},"$x":[{"t":"idOrVar","v":"plural"},"value"]},{"$i":"incorrectDate","$v":"(ngày không chính xác)"},{"$i":"dateTimeFormat_%c","$v":"%a %b %e %Y %I:%M:%S %p"},{"$i":"dateTimeFormat_%x","$v":"%m/%d/%Y"},{"$i":"dateTimeFormat_%X","$v":"%I:%M:%S %p"},{"$i":"shortTimeFormat","$v":"%I:%M %p"},{"$i":"shortTimeFormat12","$v":"%I:%M %p"},{"$i":"shortTimeFormat24","$v":"%H:%M"},{"$i":"shortDateTimeFormat","$v":"%x %I:%M %p"},{"$i":"weekStartsOnMonday","$v":"0.0"},{"$i":"firstDayOfTheWeek","$v":"0.0"},{"$i":"time_am","$v":"AM"},{"$i":"time_pm","$v":"PM"},{"$i":"sim-with-index-and-carrier","$v":["SIM ",{"t":"idOrVar","v":"index"}," - ",{"t":"idOrVar","v":"carrier"}]},{"$i":"sim-without-carrier","$v":["SIM ",{"t":"idOrVar","v":"index"}]}]