[{"$i":"contacts","$v":"Abaqhagamshelwa"},{"$i":"view","$v":"Khangela"},{"$i":"no-contacts","$v":"Abekho abaqhagamshelwa"},{"$i":"reading-contacts","$v":"Ilayisha abaqhagamshelwa"},{"$i":"start-adding","$v":"Cofa ku Entsha okanye yiya ku Iisetingi ukuze ufake iikhontakthi."},{"$i":"no-contact-available","$v":"Akukho mqhagamshelwa ukhoyo"},{"$i":"requested-contact-not-available","$v":"Inkcazelo eceliweyo ayikho kwaba baqhagamshelwa bakhoyo"},{"$i":"cannot-add-as-empty","$v":"Ayikwazi kongeza kumqhagamshelwa kuba uluhlu lwabaqhagamshelwa alunanto"},{"$i":"ok","$v":"Kulungile"},{"$i":"no-phone-number-to-dial","$v":"Akukho nombolo yefowuni yokutsalela"},{"$i":"video-call","$v":"Umnxeba wevidiyo"},{"$i":"rtt-call","$v":"RTT call"},{"$i":"select-a-contact","$v":"Khetha umqhagamshelwa"},{"$i":"multi-pick-max-warn","$v":["Inani lonele ",{"t":"idOrVar","v":"n"}]},{"$i":"add-contact-failed","$v":"Ukongeza Umqhagamshelwa kusilele"},{"$i":"no-sim-card-available","$v":"Akukho SIM-khadi ikhoyo"},{"$i":"email-cannot-add-to-sim","$v":"I-Imeyile ayixhaswa kolu khetho lwe-memory."},{"$i":"add-info-failed","$v":"Ukufaka Inkcazelo Akuphumelelanga"},{"$i":"no-contact-to-add","$v":"Akukho mntu wokuqhagamshela onokumfaka."},{"$i":"move","$v":"Thutha"},{"$i":"copy","$v":"Kopa"},{"$i":"copy-contacts","$v":"Kopa abaqhagamshelwa"},{"$i":"move-contacts","$v":"Thutha abaqhagamshelwa"},{"$i":"phone-memory","$v":"Imemori yefowuni"},{"$i":"sim-memory","$v":"Imemori ye-SIM"},{"$i":"sim-0-memory","$v":"Imemori ye-SIM 1"},{"$i":"sim-1-memory","$v":"Imemori ye-SIM 2"},{"$i":"move-from","$v":"Thutha ukusuka"},{"$i":"copy-from","$v":"Kopa ukusuka"},{"$i":"to","$v":"Ukuya"},{"$i":"move-contacts-progressing","$v":"Ithutha (um)abaqhagamshelwa..."},{"$i":"copy-contacts-progressing","$v":"Ikopa (um)abaqhagamshelwa..."},{"$i":"contact-move-to-sim","$v":{"few":[{"t":"idOrVar","v":"migrated"}," iinkcukaca zisiwe kwiSIM"],"many":[{"t":"idOrVar","v":"migrated"}," iinkcukaca zisiwe kwiSIM"],"one":"Kusiwe inkcukaca enye kwiSIM","other":[{"t":"idOrVar","v":"migrated"}," iinkcukaca zisiwe kwiSIM"],"two":[{"t":"idOrVar","v":"migrated"}," iinkcukaca zisiwe kwiSIM"],"zero":"Akusiwanga nkcukaca kwiSIM"},"$x":[{"t":"idOrVar","v":"plural"},"migrated"]},{"$i":"contact-copy-to-sim","$v":{"few":[{"t":"idOrVar","v":"migrated"}," iinkcukaca zisiwe kwiSIM"],"many":[{"t":"idOrVar","v":"migrated"}," iinkcukaca zisiwe kwiSIM"],"one":"Kusiwe inkcukaca enye kwiSIM","other":[{"t":"idOrVar","v":"migrated"}," iinkcukaca zisiwe kwiSIM"],"two":[{"t":"idOrVar","v":"migrated"}," iinkcukaca zisiwe kwiSIM"],"zero":"Akusiwanga ncukaca kwiSIM"},"$x":[{"t":"idOrVar","v":"plural"},"migrated"]},{"$i":"contact-move-to-sim0","$v":{"few":[{"t":"idOrVar","v":"migrated"}," iinkcukaca zisiwe kuSIM 1"],"many":[{"t":"idOrVar","v":"migrated"}," iinkcukaca zisiwe kuSIM 1"],"one":"Kusiwe inkcukaca enye kuSIM 1","other":[{"t":"idOrVar","v":"migrated"}," iinkcukaca zisiwe kuSIM 1"],"two":[{"t":"idOrVar","v":"migrated"}," iinkcukaca zisiwe kuSIM 1"],"zero":"Akusiwanga nkcukaca kuSIM 1"},"$x":[{"t":"idOrVar","v":"plural"},"migrated"]},{"$i":"contact-copy-to-sim0","$v":{"few":[{"t":"idOrVar","v":"migrated"}," iinkukaca zisiwe kuSIM 1"],"many":[{"t":"idOrVar","v":"migrated"}," iinkukaca zisiwe kuSIM 1"],"one":"Kufakwe inckukaca enye kuSIM 1","other":[{"t":"idOrVar","v":"migrated"}," iinkukaca zisiwe kuSIM 1"],"two":[{"t":"idOrVar","v":"migrated"}," iinkukaca zisiwe kuSIM 1"],"zero":"Akufakwanga ncukaca emnxebeni"},"$x":[{"t":"idOrVar","v":"plural"},"migrated"]},{"$i":"contact-move-to-sim1","$v":{"few":[{"t":"idOrVar","v":"migrated"}," iinkcukaca zisiwe kuSIM 2"],"many":[{"t":"idOrVar","v":"migrated"}," iinkcukaca zisiwe kUSIM 2"],"one":"Kusiwe inkcukaca enye kuSIM 2","other":[{"t":"idOrVar","v":"migrated"}," iinkcukaca zisiwe kuSIM 2"],"two":[{"t":"idOrVar","v":"migrated"}," iinkcukaca zisiwe kuSIM 2"],"zero":"Akusiwanga nkcukaca kwiSIM"},"$x":[{"t":"idOrVar","v":"plural"},"migrated"]},{"$i":"contact-copy-to-sim1","$v":{"few":[{"t":"idOrVar","v":"migrated"}," inkcukaca zisiwe kuSIM 2"],"many":[{"t":"idOrVar","v":"migrated"}," inkcukaca zisiwe kuSIM 2"],"one":"Kusiwe inkcukaca enye kuSIM 2","other":[{"t":"idOrVar","v":"migrated"}," inkcukaca zisiwe kuSIM 2"],"two":[{"t":"idOrVar","v":"migrated"}," inkcukaca zisiwe kuSIM 2"],"zero":"Akusiwanga nkukaca kuSIM 2"},"$x":[{"t":"idOrVar","v":"plural"},"migrated"]},{"$i":"contact-move-to-device","$v":{"one":"Kusiwe inkcukaca enye emnxebeni","zero":"Akusiwanga nenye inkcukaca emnxebeni","few":[{"t":"idOrVar","v":"migrated"}," iinkcukaca zisiwe emnxebeni"],"many":[{"t":"idOrVar","v":"migrated"}," iinkcukaca zisiwe emnxebeni"],"other":[{"t":"idOrVar","v":"migrated"}," iinkcukaca zisiwe emnxebeni"],"two":[{"t":"idOrVar","v":"migrated"}," iinkcukaca zisiwe emnxebeni"]},"$x":[{"t":"idOrVar","v":"plural"},"migrated"]},{"$i":"contact-copy-to-device","$v":{"one":"Kufakwe inkcukaca enye emnxebeni","zero":"Akufakwanga ncukaca emnxebeni","few":[{"t":"idOrVar","v":"migrated"}," iinkcukaca zifakwe emnxebeni"],"many":[{"t":"idOrVar","v":"migrated"}," iinkcukaca zifakwe emnxebeni"],"other":[{"t":"idOrVar","v":"migrated"}," iinkcukaca zifakwe emnxebeni"],"two":[{"t":"idOrVar","v":"migrated"}," iinkcukaca zifakwe emnxebeni"]},"$x":[{"t":"idOrVar","v":"plural"},"migrated"]},{"$i":"copy-contact-failed","$v":"Akukwazangwa ukukotshwa iinkcukaca"},{"$i":"move-contact-failed","$v":"Hambisa oxhumana nabo bahlulekile"},{"$i":"contact-copy-error-sim-full","$v":"Azikwazangwa ukufaniselwa kwiSIM ngoba igcwele"},{"$i":"contact-copy-error-unknown","$v":"Azikwazangwa ukufaniswa ngenxa yengxaki"},{"$i":"contact-copy-error-limit-exceeded","$v":"Copy contacts not complete due to phone contacts limit exceeded."},{"$i":"contact-move-error-sim-full","$v":"Akukwazangwa ukususwa iincukaca ngenxa yokubhalela iSIM igcwele"},{"$i":"contact-move-error-unknown","$v":"Akususwanga nkcukaca ngenxa yokubhalela kukho ingxaki"},{"$i":"contact-move-error-limit-exceeded","$v":"Move contacts not complete due to phone contacts limit exceeded."},{"$i":"contact-save-error-unknown","$v":"Akukwazanga ukongiwa inkcukaca ngenxa Yoruba kukho ingxaki"},{"$i":"memory","$v":"IMemori"},{"$i":"phone-and-sim","$v":"Ifowuni ne-SIM"},{"$i":"phone","$v":"Ifowuni"},{"$i":"sim","$v":"i-SIM"},{"$i":"reloading-contact","$v":"Iphinda ukulowuda abaqhagamshelwa.."},{"$i":"contact-reloaded","$v":"Abaqhagamshelwa balayishiwe kwakhona"},{"$i":"message","$v":"Umyalezo"},{"$i":"changes-saved","$v":"Utshintsho lugciniwe."},{"$i":"already-ice-contact","$v":"Le khontakthi ikhethiweyo sele isetwe njenge-ICE."},{"$i":"phone-contacts-limit-exceeded","$v":"Umlinganiselo weekhontakthi zefowuni kugqithiwe kuwo."},{"$i":"sim-contacts-limit-exceeded","$v":"Umlinganiselo weekhontakthi ze-SIM kugqithiwe kuwo."},{"$i":"more-info","$v":"Ngaphezulu"},{"$i":"callAirplaneModeTitle","$v":"Imowudi yenqwelo-moya ivulelwe"},{"$i":"callAirplaneModeMessage","$v":"Ukuze utsalele umnxeba kufuneka uvalele imowudi yenqwelo-moya kwiisetingi."},{"$i":"emergencyDialogTitle","$v":"Alukho uqhagamshelo lwenethwekhi"},{"$i":"emergencyDialogBodyBadNumber","$v":"Ukuze utsalele umnxeba, ifowuni imele ixokonyezelwe kwinethwekhi."},{"$i":"emergencyDialogBodyDeviceNotAccepted","$v":"Iminxeba yongxamiseko ayivunyelwa yinethwekhi."},{"$i":"invalidNumberToDialTitle","$v":"Inombolo yefowuni ayisebenzi"},{"$i":"invalidNumberToDialMessage","$v":"Inombolo yefowuni otsalela kuyo umnxeba ayisebenzi."},{"$i":"invalidNumberToSendTitle","$v":"Inombolo yefowuni ayisebenzi"},{"$i":"invalidNumberToSendMessage","$v":"Le nombolo yalo mnxeba uwuthumelayo ayisebenzi"},{"$i":"emergency-call-only","$v":"Iminxeba Yongxamiseko Kuphela"},{"$i":"emergency-call-error","$v":[{"t":"idOrVar","v":"number"}," ayiyiyo inombolo yongxamiseko."]},{"$i":"numberIsBusyTitle","$v":"Inombolo ixakekile"},{"$i":"numberIsBusyMessage","$v":"Le nombolo isaxakekile okwangoku. Nceda uzame kwakhona kamva."},{"$i":"fdnIsActiveTitle","$v":"i-FDN ivulelwe"},{"$i":"fdnIsActiveMessage","$v":["i-FDN (Fixed Dialing Numbers) ivulelwe yaye le nombolo ilandelayo ayikho kuluhlu lwakho lwe-FDN: ",{"t":"idOrVar","v":"number"}]},{"$i":"otherConnectionInUseTitle","$v":"Olunye Uqhagamshelo olusetyenziswayo"},{"$i":"otherConnectionInUseMessage","$v":"Unomnxeba osebenzayo kolunye uqhagamshelo. Ungasebenzisa kuphela uqhagamshelo lube lunye ngexesha."},{"$i":"GenericFailure","$v":"Ukusilela kwejeneriki"},{"$i":"CallFailed","$v":"Umnxeba usilele"},{"$i":"scCallBarring","$v":"Ibheringi yomnxeba"},{"$i":"scCallForwarding","$v":"Ukudlulisela umnxeba"},{"$i":"scClip","$v":"I-ID Yomfowuni Engenayo"},{"$i":"scClir","$v":"I-ID Yomfowuni Ephumayo"},{"$i":"scPwd","$v":"Utshintsho Lwepaswedi"},{"$i":"scCallWaiting","$v":"Umnxeba ulindile"},{"$i":"scPin","$v":"Utshintsho LwePIN"},{"$i":"scPin2","$v":"Ukutshintshwa kwe-PIN2"},{"$i":"scPuk","$v":"Vula uthintelo lwe-PIN"},{"$i":"scPuk2","$v":"Vula thintelo lwe-PIN2"},{"$i":"scImei","$v":"IMEI"},{"$i":"scMeid","$v":"MEID"},{"$i":"scUssd","$v":"i-USSD"},{"$i":"set-speed-dial","$v":"Seta uqhagamshelo lokutsala okukhawulezayo"},{"$i":"empty","$v":"Ayinanto"},{"$i":"voicemail","$v":"Imeyile yelizwi"},{"$i":"speed-dial","$v":"Utsalelo Olukhawulezayo"},{"$i":"add","$v":"Yongeza"},{"$i":"replace","$v":"Thathel’ indawo"},{"$i":"remove-from-speed-dial","$v":"Yisuse kutsalelo olukhawulezileyo"},{"$i":"custom-dialog-replace-speed-dial","$v":["Ngaba uqinisekile ufuna endaweni Yokutsalela Okhawulezileyo ",{"t":"idOrVar","v":"oldSpeedDial"}," ufake i-",{"t":"idOrVar","v":"newSpeedDial"},"?"]},{"$i":"custom-dialog-remove-speed-dial","$v":["Ngaba uqinisekile uyafuna ukususa ",{"t":"idOrVar","v":"name"}," Kutsalelo Olukhawulezileyo?"]},{"$i":"speed-dial-added","$v":"Inombolo Yotsalelo Olukhawulezayo yongeziwe."},{"$i":"speed-dial-removed","$v":"Inombolo Yotsalelo Olukhawulezayo ishenxisiwe."},{"$i":"speed-dial-replaced","$v":"Inombolo Yotsalelo Olukhawulezayo ihlaziyiwe."},{"$i":"voice-mail","$v":"Imeyile yeLizwi"},{"$i":"voice-mail-number","$v":["Inombolo yeMeyile yeLizwi - SIM ",{"t":"idOrVar","v":"n"}]},{"$i":"voice-mail-number-single","$v":"Inombolo ye-Voicemail"},{"$i":"voice-mail-number-updated","$v":"Inombolo yeMeyile yeLizwi ihlaziyiwe"},{"$i":"found-duplicates-message","$v":"Inkcazelo ephindiweyo iye yafunyanwa kwaba baqhagamshelwa balandelayo. Ngaba ungathanda ukudibanisa?"},{"$i":"confirm-to-merge-contacts","$v":["Ngaba uqinisekile ufuna ukudinisa ",{"t":"idOrVar","v":"n"}," abaqhagamshelwa kunye ",{"t":"idOrVar","v":"name"},"?"]},{"$i":"contact-merged","$v":"Umqhagamshelwa udityanisiwe"},{"$i":"find-duplicate-contacts","$v":"Fumana abaqhagamshelwa abaphindiweyo"},{"$i":"no-duplicate-contact-found","$v":"Akukho baqhagamshelwa baphindiweyo abafunyenweyo"},{"$i":"merge","$v":"Dibanisa"},{"$i":"find-dup","$v":"Fumana abaqhagamshelwa abaphindiweyo"},{"$i":"find-dup-title","$v":"Fumana Abaqhagamshelwa Abaphindiweyo"},{"$i":"finding-dup-message","$v":"Kukhangelwa iinkcukaca ezifanayo"},{"$i":"dup-found-title","$v":"Kufunyanwe iinkcukaca ezifanayo"},{"$i":"dup-found-message","$v":"Kufunyanwe iinkcukaca ezifanayo. Ungathanda ukuzidibanisa?"},{"$i":"no-dup-found","$v":"Akufunyenwanga zikncukaca zifanayo"},{"$i":"merge-conflict-warn","$v":"Ezi nkcukaca zilandelayo zizakukhwezelwa koku"},{"$i":"merge-conflict-confirm","$v":"Uqinisekile ukuba ufuna ukudibanisa iinkcukaca?"},{"$i":"add-favorite","$v":"Yongeze Njengethandwayo"},{"$i":"remove-favorite","$v":"Ezingathandwayo"},{"$i":"favorite-contacts","$v":"Abaqhagamshelwa abathandwayo"},{"$i":"add-block","$v":"Block this number"},{"$i":"remove-block","$v":"Unblock this number"},{"$i":"add-block-email","$v":"Block this email"},{"$i":"remove-block-email","$v":"Unblock this email"},{"$i":"add-block-contact-warning","$v":"Awuzokufumana miyalezo okanye iiminxeba lubantu obamisileyo"},{"$i":"add-block-email-warning","$v":"You will not receive messages from this email address."},{"$i":"block","$v":"Misa"},{"$i":"unblock","$v":"Susa abantu obamisileyo"},{"$i":"block-contacts","$v":"Block Contacts"},{"$i":"add-block-header","$v":"Add Block Number"},{"$i":"remove-block-alert","$v":"Removed from Block Contacts."},{"$i":"duplicate-block-number","$v":"Ayikwazi ukuphindaphinda inombolo."},{"$i":"sort-contacts","$v":"Hlengahlengisa abaqhagamshelwa"},{"$i":"sort-by-first-name","$v":"Hlengahlengisa ngokwegama"},{"$i":"sort-by-last-name","$v":"Hlengahlengisa ngokwefani"},{"$i":"no-support-open-multi-vcard","$v":"Ayikwazi kuvula i-vCard enabaqhagamshelwa abaliqela"},{"$i":"import","$v":"Susa"},{"$i":"sdcard","$v":"Ikhadi leMemori"},{"$i":"simcard","$v":"i-SIM-khadi"},{"$i":"import-contacts","$v":"Faka abaqhagamshelwa"},{"$i":"simContacts-error","$v":"Ayikwazanga kufaka Abaqhagamshelwa abasuka kwi-SIM"},{"$i":"memoryCardContacts-error","$v":"Ayikwazanga kufaka abaqhagamshelwa abasuka kwikhadi lenkumbulo"},{"$i":"novCardFiles","$v":"Akukho fayile yabantu efumanekayo kwikhadi lokugcina."},{"$i":"fullDiskSpace-error","$v":"Storage is full, unable to import contacts."},{"$i":"socialServiceContacts-error","$v":["Ayikwazanga kufaka abaqhagamshelwa abasuka ",{"t":"idOrVar","v":"service"}]},{"$i":"socialServiceContacts-noNetwork","$v":["Akukho intanethi, ayikwazi ukungenisa abantu ukusuka kwi-",{"t":"idOrVar","v":"service"},"."]},{"$i":"simContacts-reading","$v":"Ifunda abaqhagamshelwa abasuka kwi-SIM khadi.."},{"$i":"memoryCardContacts-reading","$v":"Ifunda abaqhagamshelwa abasuka kwikhadi lenkumbulo.."},{"$i":"importContactsTitle","$v":"Faka Abaqhagamshelwa"},{"$i":"retry","$v":"Zama kwakhona"},{"$i":"noSimMsg","$v":"Ukuze ufake abaqhagamshelwa faka okanye vulela i-SIM khadi yakho"},{"$i":"noSdcardMsg","$v":"Ukuze ufake abaqhagamshelwa faka ikhadi lenkumbulo"},{"$i":"not-imported","$v":"Ayithunyelwanga"},{"$i":"imported","$v":"Ifakiwe"},{"$i":"importing","$v":"Iyafaka"},{"$i":"contact-imported","$v":["Abaqhagamshelwa ",{"t":"idOrVar","v":"imported"}," abafakiweyo. ",{"t":"idOrVar","v":"dupes"}," Abaqhagamshelwa badityanisiwe"]},{"$i":"contact-imported2","$v":{"one":"Inombolo yefowuni eyi-1 ifakiwe.","zero":"Akukho khontakthi efakiweyo.","few":["Iikhontakthi eziyi-",{"t":"idOrVar","v":"imported"}," zifakiwe."],"many":["Iikhontakthi eziyi-",{"t":"idOrVar","v":"imported"}," zifakiwe."],"other":["Iikhontakthi eziyi-",{"t":"idOrVar","v":"imported"}," zifakiwe."],"two":["Iikhontakthi eziyi-",{"t":"idOrVar","v":"imported"}," zifakiwe."]},"$x":[{"t":"idOrVar","v":"plural"},"imported"]},{"$i":"reading-contacts-from-sim","$v":"Kufundwa iikhontakthi ezivela kwi-SIM khadi..."},{"$i":"reading-contacts-from-gmail","$v":"Kufundwa iikhontakthi ezivela ku-Gmail..."},{"$i":"reading-contacts-from-live","$v":"Kufundwa iikhontakthi ezivela ku-Outlook..."},{"$i":"reading-contacts-from-sd","$v":"Kufundwa iikhontakthi ezivela kwi-memory card..."},{"$i":"reading-contacts-from-vcard","$v":"Kufundwa iikhontakthi ezivela kwifayile..."},{"$i":"importing-contacts-from-sim","$v":"Kufakwa iikhontakthi ezivela kwi-SIM khadi..."},{"$i":"importing-contacts-from-gmail","$v":"Kufakwa iikhontakthi ezivela ku-Gmail..."},{"$i":"importing-contacts-from-live","$v":"Kufakwa iikhontakthi ezivela ku-Outlook..."},{"$i":"importing-contacts-from-sd","$v":"Kufakwa iikhontakthi ezivela kwi-memory card..."},{"$i":"importing-contacts-from-vcard","$v":"Kufakwa iikhontakthi ezivela kwifayile..."},{"$i":"connect-network-to-import","$v":"Ukuze uthumele abaqhagamshelwa, xokomezela kwinethwekhi ye-WiFi okanye yedatha"},{"$i":"importing-confirm","$v":["Thatha ",{"t":"idOrVar","v":"n"}," iinkcukaca apha uzise ngapha  \"",{"t":"idOrVar","v":"fileName"},"\"?"]},{"$i":"importing-cancel-confirm","$v":"Ukususwa kweenkcukaca kuzakuniswa ukuba uvale eli phepha. Usafuna ukulivala?"},{"$i":"import-contact-failed","$v":"Ayikwazanga akususwanga inkcukaca"},{"$i":"phone-storage-full","$v":"Umnxeba ugcwele"},{"$i":"import-contact-storage-full","$v":"Unable to import contacts. Delete application data to free up space."},{"$i":"contact-import-error-disk-full","$v":"Import contacts not complete due to storage full. Delete application data to free up space."},{"$i":"contact-import-error-sim-full","$v":"Azisuswanga iinkcukaca ngenxa yokugcwala kweSIM"},{"$i":"contact-import-error-unknown","$v":"Azifakwanga iincukaca ngenxa yengxaki"},{"$i":"import-contacts-canceled","$v":"Iyekiwe into Yokosuka inkcukaca"},{"$i":"close","$v":"Vala"},{"$i":"import-process-cancel","$v":"Inkqubo yokungenisa irhoxisiwe."},{"$i":"import-limit-header","$v":"Kudluliwe kumlinganiselo wefayile"},{"$i":"inner-import-limit-content","$v":"Nayiphi ifayile enabantu oqhagamshelana nabo engaphezu kwe-10MB ayifakwanga."},{"$i":"activity-import-limit-contact","$v":"Ayikwazanga ukungenisa abantu oqhagamshelana nabo ngenxa yokuba ifayile ingaphezu komlinganiselo ovumelekileyo."},{"$i":"activity-import-limit-additional","$v":"(Ifayile imele ibe nobukhulu obungaphantsi kwe-10MB.)"},{"$i":"bluetooth","$v":"i-Bluetooth"},{"$i":"export","$v":"Thumela"},{"$i":"export-contacts","$v":"Thumela abaqhagamshelwa"},{"$i":"simExport-title","$v":"Thumela kwi-SIM"},{"$i":"memoryCardExport-title","$v":"Thumela kwikhadi lenkumbulo"},{"$i":"btExport-title","$v":"Thumela kwi-Bluetooth"},{"$i":"noSimMsgExport","$v":"Ukuze uthumele abaqhagamshelwa faka okanye vulela i-SIM khadi yakho"},{"$i":"noSdcardExport","$v":"Ukuze uthumele abaqhagamshelwa faka ikhadi lenkumbulo."},{"$i":"bluetoothNoConnection","$v":"Ukuze uthumele abaqhagamshelwa xokomezela kwisixhobo se-device."},{"$i":"contact-exported","$v":["Abaqhagamshelwa ",{"t":"idOrVar","v":"exported"}," abathunyelweyo."]},{"$i":"contact-exported2","$v":{"zero":"No contact exported.","one":"ikhontakthi eyi-1 ikhutshelwe","few":["Abaqhagamshelwa ",{"t":"idOrVar","v":"exported"}," abathunyelweyo."],"many":["Abaqhagamshelwa ",{"t":"idOrVar","v":"exported"}," abathunyelweyo."],"other":["Abaqhagamshelwa ",{"t":"idOrVar","v":"exported"}," abathunyelweyo."],"two":["Abaqhagamshelwa ",{"t":"idOrVar","v":"exported"}," abathunyelweyo."]},"$x":[{"t":"idOrVar","v":"plural"},"exported"]},{"$i":"export-contact-failed","$v":"Ukuthumela uqhagamshelo kusilele"},{"$i":"contact-export-error-sim-full","$v":"Ukuthumela abaqhagamshelwa akugqitywanga ngenxa ye-SIM khadi egcweleyo."},{"$i":"contact-export-error-sd-full","$v":"Akugqitywanga ukukhuphela abantu abakwifowuni ngenxa yokuba ikhadi lokugcina ligcwele."},{"$i":"contact-export-error-unknown","$v":"Azisuswanga iinkcukaca ngenxa yengxaki"},{"$i":"contact-export-canceled","$v":"Inkqubo yokuthumela irhoxisiwe."},{"$i":"save","$v":"Gcina"},{"$i":"back","$v":"Emva"},{"$i":"givenName","$v":"IGama"},{"$i":"familyName","$v":"IFani"},{"$i":"name","$v":"Igama"},{"$i":"org","$v":"Inkampani"},{"$i":"ringtone","$v":"Iringthowuni"},{"$i":"note","$v":"Igqabaza"},{"$i":"photo","$v":"Ifoto"},{"$i":"email","$v":"I-imeyile"},{"$i":"adr","$v":"Idilesi"},{"$i":"custom","$v":"Ikhastom"},{"$i":"confirm-discard-contact-data","$v":"Inkcazelo yomqhagamshelwa iza kulahlwa. Ngaba ungathanda ukumgcina lo mqhagamshelwa?"},{"$i":"confirm-discard-contact-update-data","$v":"The changes will be discarded. Would you like to save this contact?"},{"$i":"discard-contact-data","$v":"The changes will be discarded."},{"$i":"discard","$v":"Yilahle"},{"$i":"add-others","$v":"Yongeza abanye"},{"$i":"custom-label","$v":"Ileyibheli ozenzelayo."},{"$i":"input-the-custom-type","$v":"Nceda ufake uhlolo lwekhastom"},{"$i":"contact-added","$v":"Contact added."},{"$i":"delete-prompt-message","$v":["Cima i ",{"t":"idOrVar","v":"field"},"?"]},{"$i":"delete-photo-msg","$v":"umfanekiso"},{"$i":"delete-ringtone-msg","$v":"ringtone"},{"$i":"delete-bday-msg","$v":"birthday"},{"$i":"delete-note-msg","$v":"igqabaza"},{"$i":"delete-org-msg","$v":"company"},{"$i":"personal","$v":"Eyobuqu"},{"$i":"mobile","$v":"Imobhayile"},{"$i":"current","$v":"Yangoku"},{"$i":"home","$v":"Ekhaya"},{"$i":"work","$v":"Emsebenzini"},{"$i":"other","$v":"Ezinye"},{"$i":"fax-home","$v":"Ifeksi yasekhaya"},{"$i":"fax-office","$v":"Ifeksi yaseofisi"},{"$i":"fax-other","$v":"Ifeksi enye"},{"$i":"add-phone","$v":"Yongeza umnxeba"},{"$i":"add-tel","$v":"Yongeza inombolo yefowuni"},{"$i":"add-email","$v":"Yongeza i-imeyile"},{"$i":"add-ringtone","$v":"Yongeza iringthowuni"},{"$i":"add-adr","$v":"Yongeza Idilesi"},{"$i":"add-bday","$v":"Yongeza usuku lokuzalwa"},{"$i":"add-photo","$v":"Yongeza Umfanekiso"},{"$i":"add-note","$v":"Yongeza igqabaza"},{"$i":"add-org","$v":"Yongeza inkampani"},{"$i":"add-tel-number","$v":"Faka inombolo yefowuni"},{"$i":"delete-tel","$v":"Cima inombolo yefowuni"},{"$i":"delete-email","$v":"Cima i-imeyile"},{"$i":"delete-ringtone","$v":"Cima iringthowni"},{"$i":"delete-adr","$v":"Cima idilesi"},{"$i":"delete-bday","$v":"Cima umhla wokuzalwa"},{"$i":"delete-photo","$v":"Cima ifoto"},{"$i":"delete-note","$v":"Cima ugqabazo"},{"$i":"delete-org","$v":"Cima inkampani"},{"$i":"edit-tel-type","$v":"Hlela uhlobo lwefowuni"},{"$i":"edit-email-type","$v":"Hlela uhlobo lwe-imeyile"},{"$i":"edit-adr-type","$v":"Hlela iintlobo zedilesi"},{"$i":"edit-bday-type","$v":"Hlela umhla wokuzalwa"},{"$i":"replace-photo","$v":"Tshintsha umfanekiso"},{"$i":"replace-ringtone","$v":"Tshintsha iringthowni"},{"$i":"mobile-tel","$v":"Iselula"},{"$i":"home-tel","$v":"Umnxeba wasekhaya"},{"$i":"work-tel","$v":"Umnxeba wasemsebenzini"},{"$i":"personal-tel","$v":"Ifowuni yomntu"},{"$i":"fax-home-tel","$v":"Ifeksi Yasekhaya"},{"$i":"fax-office-tel","$v":"Ifeksi Yaseofisini"},{"$i":"fax-other-tel","$v":"Enye iFeksi"},{"$i":"other-tel","$v":"Enye ifowuni"},{"$i":"personal-email","$v":"I-imeyile yomntu"},{"$i":"work-email","$v":"I-imeyili yomsebenzi"},{"$i":"other-email","$v":"Enye i-imeyile"},{"$i":"custom-email","$v":[{"t":"idOrVar","v":"type"}," i-imeyile"]},{"$i":"custom-tel","$v":[{"t":"idOrVar","v":"type"}," ifowuni"]},{"$i":"personal-adr","$v":"I-adresi yomntu"},{"$i":"current-adr","$v":"Idilesi yangoku"},{"$i":"home-adr","$v":"Idilesi yasekhaya"},{"$i":"work-adr","$v":"Iadresi yomsebenzi"},{"$i":"custom-adr","$v":[{"t":"idOrVar","v":"type"}," idilesi"]},{"$i":"bday","$v":"Umhla Wokuzalwa"},{"$i":"birthday","$v":"Umhla Wokuzalwa"},{"$i":"streetAddress","$v":"Isitrato"},{"$i":"locality","$v":"ISixeko"},{"$i":"postalCode","$v":"IZip khowudi"},{"$i":"countryName","$v":"Ilizwe"},{"$i":"region","$v":"Ilizwe"},{"$i":"no-name","$v":"Alikho igama"},{"$i":"new-contact","$v":"Entsha"},{"$i":"options","$v":"Ukhetho"},{"$i":"cancel","$v":"Rhoxisa"},{"$i":"settings","$v":"Iisetingi"},{"$i":"edit","$v":"Hlela"},{"$i":"share","$v":"Yabelana"},{"$i":"remove","$v":"Shenxisa"},{"$i":"compose","$v":"Bhala"},{"$i":"new-contact-title","$v":"Inkcukaca entsha"},{"$i":"edit-title","$v":"Lungisa inkcukaca"},{"$i":"music","$v":"Umculo"},{"$i":"adr-type","$v":"Uhlobo Lwedilesi"},{"$i":"email-type","$v":"Uhlobo lwe-Imeyile"},{"$i":"tel-type","$v":"Uhlobo Lwefowuni"},{"$i":"ICEContactsGroup","$v":"Abaqhagamshelwa be-ICE"},{"$i":"setICEButton","$v":"Seta njengabaQbagamshelwa be-ICE"},{"$i":"ICESettingTitle","$v":"Abaqhagamshelwa be-ICE"},{"$i":"ICEDescription","$v":"Yongeza abaqhagamshelwa amahlanu ukuze wenze iminxeba “Kwimeko Yongxamiseko”."},{"$i":"ICEContact","$v":["Umqhagamshelwa we-ICE ",{"t":"idOrVar","v":"n"}]},{"$i":"ICESelectContact","$v":"Khetha umqhagamshelwa"},{"$i":"delete-ice-contact-warning","$v":"Ngaba uqinisekile uyafuna ukususa Umqhagamshelwa we-ICE?"},{"$i":"confirm","$v":"IsiQinisekiso"},{"$i":"add-ice-failed","$v":"Ukufaka i-ICE akuphumelelanga."},{"$i":"create-group","$v":"Yenza iqembu"},{"$i":"group-name","$v":"Group Name"},{"$i":"group","$v":"Group"},{"$i":"new-group-created","$v":"New group is created."},{"$i":"create-group-failed","$v":"Create group failed."},{"$i":"create-group-too-many","$v":["You can only create ",{"t":"idOrVar","v":"number"}," groups."]},{"$i":"create-group-duplicate","$v":"Duplicate name."},{"$i":"rename-group-failed","$v":"Rename group failed."},{"$i":"new-group","$v":"Entsha"},{"$i":"rename","$v":"Thiya Ngokutsha"},{"$i":"duplicate-removed","$v":"Duplicate contact(s) removed."},{"$i":"add-to-group","$v":"Add to group"},{"$i":"remove-from-group","$v":"Remove from group"},{"$i":"added-to","$v":["Added to ",{"t":"idOrVar","v":"group"}]},{"$i":"removed-from","$v":["Removed from ",{"t":"idOrVar","v":"group"}]},{"$i":"select-group","$v":"Select Group"},{"$i":"rename-group","$v":"Rename Group"},{"$i":"delete-group","$v":["Are you sure you want to delete ",{"t":"idOrVar","v":"group"},"?"]},{"$i":"unable-add-warn","$v":"Ayikwazi ukufaka iakhawunti yabantu kwiqela."},{"$i":"edit-contact","$v":"Ukuhlela umqhagamshelwa"},{"$i":"send-message","$v":"Thumela umyalezo"},{"$i":"call","$v":"Umnxeba"},{"$i":"call-sim-1","$v":"Umnxeba ­ SIM 1"},{"$i":"call-sim-2","$v":"Umnxeba ­ SIM 2"},{"$i":"send-email","$v":"Thumela i-imeyile"},{"$i":"choose-number","$v":"Khetha Inombolo"},{"$i":"choose-email-address","$v":"Select Email"},{"$i":"delete","$v":"Cima"},{"$i":"select","$v":"Khetha"},{"$i":"select-all","$v":"Khetha zonke"},{"$i":"select-all2","$v":"Zonke"},{"$i":"deselect-all","$v":"Yeka ukuKhetha zonke"},{"$i":"deselect-all2","$v":"Akukho nto"},{"$i":"deselect","$v":"Yekisa ukhetho"},{"$i":"selected-contacts","$v":{"few":[{"t":"idOrVar","v":"n"}," ezikhethiweyo"],"many":[{"t":"idOrVar","v":"n"}," ezikhethiweyo"],"one":[{"t":"idOrVar","v":"n"}," ezikhethiweyo"],"other":[{"t":"idOrVar","v":"n"}," ezikhethiweyo"],"two":[{"t":"idOrVar","v":"n"}," ezikhethiweyo"],"zero":[{"t":"idOrVar","v":"n"}," ezikhethiweyo"]},"$x":[{"t":"idOrVar","v":"plural"},"n"]},{"$i":"massive-delete","$v":"Cima abaqhagamshelwa"},{"$i":"confirm-contact-delete","$v":["Are you sure you want to delete the contact \"",{"t":"idOrVar","v":"name"},"\" ?"]},{"$i":"DeletedTxt","$v":{"few":[{"t":"idOrVar","v":"n"}," Abaqhagamshelwa basusiwe"],"many":[{"t":"idOrVar","v":"n"}," Abaqhagamshelwa basusiwe"],"one":"1 Umqhagamshelwa osusiweyo","other":[{"t":"idOrVar","v":"n"}," Abaqhagamshelwa basusiwe"],"two":[{"t":"idOrVar","v":"n"}," Abaqhagamshelwa basusiwe"],"zero":"Akukho mqhagamshelwa Ucinywayo"},"$x":[{"t":"idOrVar","v":"plural"},"n"]},{"$i":"DeletingContacts","$v":"Cima Iikhontakthi"},{"$i":"DeletingContactsProgressing","$v":"Icima abaqhagamshelwa"},{"$i":"ContactConfirmDel","$v":{"few":["Cima ",{"t":"idOrVar","v":"n"}," Abaqhagamshelwa? Oku akunakubuyiselwa umva."],"many":["Cima ",{"t":"idOrVar","v":"n"}," Abaqhagamshelwa? Oku akunakubuyiselwa umva."],"one":"Icime umqhagamshelwa om-1? Oku akunakubuyiselwa umva.","other":["Cima ",{"t":"idOrVar","v":"n"}," Abaqhagamshelwa? Oku akunakubuyiselwa umva."],"two":["Cima ",{"t":"idOrVar","v":"n"}," Abaqhagamshelwa? Oku akunakubuyiselwa umva."],"zero":"Akukho mqhagamshelwa Ucinywayo"},"$x":[{"t":"idOrVar","v":"plural"},"n"]},{"$i":"contact-deleted","$v":{"zero":"Akuswanga ncukaca","one":"Kususwe incukaca enye","few":"Kususwe iinkcukaca ezinga","many":"Kususwe iinkcukaca ezinga","other":"Kususwe iinkcukaca ezinga","two":"Kususwe iinkcukaca ezinga"},"$x":[{"t":"idOrVar","v":"plural"},"n"]},{"$i":"a-contact-deleted","$v":"Umqhagamshelwa ucinyiwe."},{"$i":"settings-title","$v":"Iisetingi Zomqhagamshelwa"},{"$i":"change-will-update-until-restart","$v":"Utshintsho luza kuhlaziywa kwixesha elilandelayo Abaqhagamshelwa besungulwa."},{"$i":"transfer-contacts","$v":"Dlulisela abaqhagamshelwa"},{"$i":"service-number","$v":"Inombolo yenkonzo"},{"$i":"no-contacts-found","$v":"Akukho ukuhambisana okufunyenweyo"},{"$i":"search","$v":"Khangela","placeholder":"Khangela"},{"$i":"search-option","$v":"Khangela"},{"$i":"accounts","$v":"Iiakhawunti"},{"$i":"account","$v":"Iakhawunti"},{"$i":"add-account","$v":"Yongeza Iakhawunti"},{"$i":"add-account-failed","$v":"An unknown error has occurred, please try again later."},{"$i":"duplicate-account-warn","$v":"Account already exists. Syncing is turned on."},{"$i":"setting-up-account","$v":"Seta iakhawunti"},{"$i":"no-network-warn","$v":"Alukho uqhagamshelo lweintanethi"},{"$i":"username","$v":"Igama lomsebenzisi"},{"$i":"password","$v":"Iphaswedi"},{"$i":"delete-account","$v":"Delete Acct"},{"$i":"delete-account-long","$v":"Delete Account"},{"$i":"delete-account-warn","$v":"If you delete this account, apps that use this account will also be affected."},{"$i":"deleting-account","$v":"Kucinywa iakhawunti..."},{"$i":"delete-account-failed","$v":"Delete account failed, please try again later."},{"$i":"delete-account-ok","$v":"Account deleted."},{"$i":"sync","$v":"Dibanisa"},{"$i":"sync-title","$v":"Contacts Sync"},{"$i":"sync-failed-warn","$v":"Failed to sync."},{"$i":"sync-off-warn","$v":"Ukudibanisa kucinywe kwiiSetingi."},{"$i":"show-account-contacts","$v":"Show account contacts"},{"$i":"sync-account-contacts","$v":"Dibanisa abantu abakwi-akhawunti"},{"$i":"sync-account-contacts-warning","$v":["Nakuphi ukuhlelwa kwabantu akuzukudityaniswa ne-intanethi xa i \"",{"t":"idOrVar","v":"switch"},"\" ingatikishwanga, ngaba usafuna ukungayitikishi le nto?"]},{"$i":"yes","$v":"Ewe"},{"$i":"all-contacts-synced","$v":"All contacts are synced."},{"$i":"contact-syncing","$v":"Kudityaniswa iiKhontakthi.."},{"$i":"contacts-sync-limit-exceed","$v":"Sync contacts is incomplete due to contacts limit exceeded."},{"$i":"show-password","$v":"Bonisa iphaswedi"},{"$i":"password-incorrect","$v":"Iphaswedi ayichananga."},{"$i":"re-enter-password","$v":"Re-enter Password"},{"$i":"accessing-warn","$v":"There was a problem accessing your account."},{"$i":"accessing-warn-password","$v":"Please re-enter password."},{"$i":"re-enter-password-on-setting","$v":"Nceda uphinde ufake iphasiwedi kwisetingi Yabantu."},{"$i":"accessing-warn-relogin","$v":"Please delete account and re-login."},{"$i":"update-password-failed","$v":"Update password failed, please try again later."},{"$i":"connect-time-out","$v":["Unable to establish connection with \"",{"t":"idOrVar","v":"server"},"\". There may be a problem with the network."]},{"$i":"server-error","$v":"Iseva ayifumaneki. Nceda uzame kwakhona kamva."},{"$i":"loading","$v":"Loading..."},{"$i":"ellipsis","$v":"..."},{"$i":"stop-syncing-warn-title","$v":"Ukudibanisa Abantu Oqhagamshelana Nabo"},{"$i":"stop-syncing-warn","$v":"Ukuvala i-app kuza kuyiyekisa inkqubo yokudibanisa abantu oqhagamshelana nabo. Ngaba usafuna ukuyivala?"},{"$i":"weekday-0-long","$v":"Cawa"},{"$i":"weekday-1-long","$v":"Mvulo"},{"$i":"weekday-2-long","$v":"Lwesibini"},{"$i":"weekday-3-long","$v":"Lwesithathu"},{"$i":"weekday-4-long","$v":"Lwesine"},{"$i":"weekday-5-long","$v":"Lwesihlanu"},{"$i":"weekday-6-long","$v":"Mgqibelo"},{"$i":"weekday-0-short","$v":"NgeCawe"},{"$i":"weekday-1-short","$v":"NgoMvulo"},{"$i":"weekday-2-short","$v":"NgoLwesibini"},{"$i":"weekday-3-short","$v":"NgoLwesithathu"},{"$i":"weekday-4-short","$v":"NgoLwesine"},{"$i":"weekday-5-short","$v":"NgoLwesihlanu"},{"$i":"weekday-6-short","$v":"NgoMgqibelo"},{"$i":"month-0-long","$v":"UJanyuwari"},{"$i":"month-1-long","$v":"UFebhruwari"},{"$i":"month-2-long","$v":"UMatshi"},{"$i":"month-3-long","$v":"UApreli"},{"$i":"month-4-long","$v":"UMeyi"},{"$i":"month-5-long","$v":"UJuni"},{"$i":"month-6-long","$v":"UJulayi"},{"$i":"month-7-long","$v":"UAgasti"},{"$i":"month-8-long","$v":"USeptembha"},{"$i":"month-9-long","$v":"UOktobha"},{"$i":"month-10-long","$v":"UNovembha"},{"$i":"month-11-long","$v":"UDisembha"},{"$i":"month-0-genitive","$v":"UJanyuwari"},{"$i":"month-1-genitive","$v":"UFebhruwari"},{"$i":"month-2-genitive","$v":"UMatshi"},{"$i":"month-3-genitive","$v":"UApreli"},{"$i":"month-4-genitive","$v":"UMeyi"},{"$i":"month-5-genitive","$v":"UJuni"},{"$i":"month-6-genitive","$v":"UJulayi"},{"$i":"month-7-genitive","$v":"UAgasti"},{"$i":"month-8-genitive","$v":"USeptembha"},{"$i":"month-9-genitive","$v":"UOktobha"},{"$i":"month-10-genitive","$v":"UNovembha"},{"$i":"month-11-genitive","$v":"UDisembha"},{"$i":"month-0-short","$v":"UJanyuwari"},{"$i":"month-1-short","$v":"UFebhruwari"},{"$i":"month-2-short","$v":"UMatshi"},{"$i":"month-3-short","$v":"UApreli"},{"$i":"month-4-short","$v":"UMeyi"},{"$i":"month-5-short","$v":"UJuni"},{"$i":"month-6-short","$v":"UJulayi"},{"$i":"month-7-short","$v":"UAgasti"},{"$i":"month-8-short","$v":"USeptembha"},{"$i":"month-9-short","$v":"UOktobha"},{"$i":"month-10-short","$v":"UNovembha"},{"$i":"month-11-short","$v":"UDisembha"},{"$i":"minutes-ago-long","$v":{"few":[{"t":"idOrVar","v":"value"}," kwimizuzu edlulileyo"],"many":[{"t":"idOrVar","v":"value"}," kwimizuzu edlulileyo"],"other":[{"t":"idOrVar","v":"value"}," kwimizuzu edlulileyo"],"two":[{"t":"idOrVar","v":"value"}," kwimizuzu edlulileyo"],"one":"Kumzuzu odlulileyo","zero":"Ngoku nje"},"$x":[{"t":"idOrVar","v":"plural"},"value"]},{"$i":"hours-ago-long","$v":{"few":[{"t":"idOrVar","v":"value"}," kwiiyure ezidlulileyo"],"many":[{"t":"idOrVar","v":"value"}," kwiiyure ezidlulileyo"],"other":[{"t":"idOrVar","v":"value"}," kwiiyure ezidlulileyo"],"two":[{"t":"idOrVar","v":"value"}," kwiiyure ezidlulileyo"],"one":"Kwiyure enye edlulileyo","zero":"Ngoku nje"},"$x":[{"t":"idOrVar","v":"plural"},"value"]},{"$i":"days-ago-long","$v":{"few":[{"t":"idOrVar","v":"value"}," kwiimini ezidlulileyo"],"many":[{"t":"idOrVar","v":"value"}," kwiimini ezidlulileyo"],"one":"Izolo","other":[{"t":"idOrVar","v":"value"}," kwiimini ezidlulileyo"],"two":[{"t":"idOrVar","v":"value"}," kwiimini ezidlulileyo"],"zero":"Namhlanje"},"$x":[{"t":"idOrVar","v":"plural"},"value"]},{"$i":"weeks-ago-long","$v":{"few":[{"t":"idOrVar","v":"value"}," ngeeveki ezadlulayo"],"many":[{"t":"idOrVar","v":"value"}," ngeeveki ezadlulayo"],"one":"Kwiveki edlulileyo","other":[{"t":"idOrVar","v":"value"}," ngeeveki ezadlulayo"],"two":[{"t":"idOrVar","v":"value"}," ngeeveki ezadlulayo"],"zero":"Kule veki"},"$x":[{"t":"idOrVar","v":"plural"},"value"]},{"$i":"months-ago-long","$v":{"few":[{"t":"idOrVar","v":"value"}," kwiinyanga ezadlulayo"],"many":[{"t":"idOrVar","v":"value"}," kwiinyanga ezadlulayo"],"one":"Kwinyanga enye edlulileyo","other":[{"t":"idOrVar","v":"value"}," kwiinyanga ezadlulayo"],"two":[{"t":"idOrVar","v":"value"}," kwiinyanga ezadlulayo"],"zero":"Kule nyanga"},"$x":[{"t":"idOrVar","v":"plural"},"value"]},{"$i":"years-ago-long","$v":{"few":[{"t":"idOrVar","v":"value"}," kwiminyaka eyadlulayo"],"many":[{"t":"idOrVar","v":"value"}," kwiminyaka eyadlulayo"],"one":"Kunyaka ophelileyo","other":[{"t":"idOrVar","v":"value"}," kwiminyaka eyadlulayo"],"two":[{"t":"idOrVar","v":"value"}," kwiminyaka eyadlulayo"],"zero":"Kulo nyaka"},"$x":[{"t":"idOrVar","v":"plural"},"value"]},{"$i":"minutes-until-long","$v":{"few":["Ngaphakathi ",{"t":"idOrVar","v":"value"}," imizuzu"],"many":["Ngaphakathi ",{"t":"idOrVar","v":"value"}," imizuzu"],"other":["Ngaphakathi ",{"t":"idOrVar","v":"value"}," imizuzu"],"two":["Ngaphakathi ",{"t":"idOrVar","v":"value"}," imizuzu"],"zero":"Ngoku","one":"Ngomzuzu olandelayo"},"$x":[{"t":"idOrVar","v":"plural"},"value"]},{"$i":"hours-until-long","$v":{"few":["Ngaphakathi ",{"t":"idOrVar","v":"value"}," iiyure"],"many":["Ngaphakathi ",{"t":"idOrVar","v":"value"}," iiyure"],"other":["Ngaphakathi ",{"t":"idOrVar","v":"value"}," iiyure"],"two":["Ngaphakathi ",{"t":"idOrVar","v":"value"}," iiyure"],"zero":"Ngoku","one":"Kwiyure enye ezayo"},"$x":[{"t":"idOrVar","v":"plural"},"value"]},{"$i":"days-until-long","$v":{"few":["Ngaphakathi ",{"t":"idOrVar","v":"value"}," iimini"],"many":["Ngaphakathi ",{"t":"idOrVar","v":"value"}," iimini"],"one":"Ngomso","other":["Ngaphakathi ",{"t":"idOrVar","v":"value"}," iimini"],"two":["Ngaphakathi ",{"t":"idOrVar","v":"value"}," iimini"],"zero":"Namhlanje"},"$x":[{"t":"idOrVar","v":"plural"},"value"]},{"$i":"weeks-until-long","$v":{"few":["Ngaphakathi ",{"t":"idOrVar","v":"value"}," iiveki"],"many":["Ngaphakathi ",{"t":"idOrVar","v":"value"}," iiveki"],"one":"Kwiveki ezayo","other":["Ngaphakathi ",{"t":"idOrVar","v":"value"}," iiveki"],"two":["Ngaphakathi ",{"t":"idOrVar","v":"value"}," iiveki"],"zero":"Kule veki"},"$x":[{"t":"idOrVar","v":"plural"},"value"]},{"$i":"months-until-long","$v":{"few":["Ngaphakathi ",{"t":"idOrVar","v":"value"}," iinyanga"],"many":["Ngaphakathi ",{"t":"idOrVar","v":"value"}," iinyanga"],"one":"Kwinyanga elandelayo","other":["Ngaphakathi ",{"t":"idOrVar","v":"value"}," iinyanga"],"two":["Ngaphakathi ",{"t":"idOrVar","v":"value"}," iinyanga"],"zero":"Kule nyanga"},"$x":[{"t":"idOrVar","v":"plural"},"value"]},{"$i":"years-until-long","$v":{"few":["Ngaphakathi ",{"t":"idOrVar","v":"value"}," iminyaka"],"many":["Ngaphakathi ",{"t":"idOrVar","v":"value"}," iminyaka"],"one":"Kunyaka ozayo","other":["Ngaphakathi ",{"t":"idOrVar","v":"value"}," iminyaka"],"two":["Ngaphakathi ",{"t":"idOrVar","v":"value"}," iminyaka"],"zero":"Kulo nyaka"},"$x":[{"t":"idOrVar","v":"plural"},"value"]},{"$i":"minutes-ago-short","$v":{"other":[{"t":"idOrVar","v":"value"}," kwimizuzu edlulileyo"],"zero":"Ngoku nje"},"$x":[{"t":"idOrVar","v":"plural"},"value"]},{"$i":"hours-ago-short","$v":{"other":[{"t":"idOrVar","v":"value"}," kwiiyure ezidlulileyo"],"zero":"Ngoku nje"},"$x":[{"t":"idOrVar","v":"plural"},"value"]},{"$i":"days-ago-short","$v":{"other":[{"t":"idOrVar","v":"value"}," kwiimini ezidlulileyo"],"zero":"Namhlanje"},"$x":[{"t":"idOrVar","v":"plural"},"value"]},{"$i":"minutes-until-short","$v":{"other":["Ngaphakathi ",{"t":"idOrVar","v":"value"}," imizuzu"],"zero":"Ngoku"},"$x":[{"t":"idOrVar","v":"plural"},"value"]},{"$i":"hours-until-short","$v":{"other":["Ngaphakathi ",{"t":"idOrVar","v":"value"}," iiyure"],"zero":"Ngoku"},"$x":[{"t":"idOrVar","v":"plural"},"value"]},{"$i":"days-until-short","$v":{"other":["Ngaphakathi ",{"t":"idOrVar","v":"value"}," iimini"],"zero":"Namhlanje"},"$x":[{"t":"idOrVar","v":"plural"},"value"]},{"$i":"incorrectDate","$v":"(umhla awuchananga)"},{"$i":"dateTimeFormat_%c","$v":"%a %b %e %Y %I:%M:%S %p"},{"$i":"dateTimeFormat_%x","$v":"%I:%M:%S %p"},{"$i":"dateTimeFormat_%X","$v":"%I:%M:%S %p"},{"$i":"shortTimeFormat","$v":"%I:%M %p"},{"$i":"shortTimeFormat12","$v":"%I:%M %p"},{"$i":"shortTimeFormat24","$v":"%H:%M"},{"$i":"shortDateTimeFormat","$v":"%x %I:%M %p"},{"$i":"weekStartsOnMonday","$v":"0.0"},{"$i":"firstDayOfTheWeek","$v":"0.0"},{"$i":"time_am","$v":"AM"},{"$i":"time_pm","$v":"PM"},{"$i":"sim-with-index-and-carrier","$v":["SIM ",{"t":"idOrVar","v":"index"}," - ",{"t":"idOrVar","v":"carrier"}]},{"$i":"sim-without-carrier","$v":["SIM ",{"t":"idOrVar","v":"index"}]}]