[{"$i":"contacts","$v":"通讯录"},{"$i":"view","$v":"查看"},{"$i":"no-contacts","$v":"没有联系人"},{"$i":"reading-contacts","$v":"正在加载联系人"},{"$i":"start-adding","$v":"按“新建”或进入“设置”添加联系人。"},{"$i":"no-contact-available","$v":"无可用联系人"},{"$i":"requested-contact-not-available","$v":"当前联系人的所请求信息不可用"},{"$i":"cannot-add-as-empty","$v":"您的联系人列表为空，无法添加至联系人"},{"$i":"ok","$v":"确定"},{"$i":"no-phone-number-to-dial","$v":"没有可拨打的电话号码"},{"$i":"video-call","$v":"视频电话"},{"$i":"rtt-call","$v":"RTT 通话"},{"$i":"select-a-contact","$v":"选择一位联系人"},{"$i":"multi-pick-max-warn","$v":["最大可选数量为 ",{"t":"idOrVar","v":"n"}]},{"$i":"add-contact-failed","$v":"添加联系人失败"},{"$i":"no-sim-card-available","$v":"无可用 SIM 卡"},{"$i":"email-cannot-add-to-sim","$v":"当前存储方式不支持邮件格式。"},{"$i":"add-info-failed","$v":"无法添加信息"},{"$i":"no-contact-to-add","$v":"没有可添加的联系人。"},{"$i":"move","$v":"移动"},{"$i":"copy","$v":"复制"},{"$i":"copy-contacts","$v":"复制联系人"},{"$i":"move-contacts","$v":"移动联系人"},{"$i":"phone-memory","$v":"手机存储"},{"$i":"sim-memory","$v":"SIM 卡存储空间"},{"$i":"sim-0-memory","$v":"SIM 1 存储"},{"$i":"sim-1-memory","$v":"SIM 2 存储"},{"$i":"move-from","$v":"移动自"},{"$i":"copy-from","$v":"复制自"},{"$i":"to","$v":"至"},{"$i":"move-contacts-progressing","$v":"正在移动联系人..."},{"$i":"copy-contacts-progressing","$v":"正在复制联系人"},{"$i":"contact-move-to-sim","$v":{"few":[{"t":"idOrVar","v":"migrated"},"个联系人被移至 SIM 卡。"],"many":[{"t":"idOrVar","v":"migrated"},"个联系人被移至 SIM 卡。"],"one":"1个联系人被移至 SIM 卡。","other":[{"t":"idOrVar","v":"migrated"},"个联系人被移至 SIM 卡。"],"two":[{"t":"idOrVar","v":"migrated"},"个联系人被移至 SIM 卡。"],"zero":"没有联系人被移至 SIM 卡。"},"$x":[{"t":"idOrVar","v":"plural"},"migrated"]},{"$i":"contact-copy-to-sim","$v":{"few":[{"t":"idOrVar","v":"migrated"},"个联系人被复制到 SIM 卡。"],"many":[{"t":"idOrVar","v":"migrated"},"个联系人被复制到 SIM 卡。"],"one":"1个联系人被复制到 SIM 卡。","other":[{"t":"idOrVar","v":"migrated"},"个联系人被复制到 SIM 卡。"],"two":[{"t":"idOrVar","v":"migrated"},"个联系人被复制到 SIM 卡。"],"zero":"没有联系人被复制到 SIM 卡。"},"$x":[{"t":"idOrVar","v":"plural"},"migrated"]},{"$i":"contact-move-to-sim0","$v":{"few":[{"t":"idOrVar","v":"migrated"},"个联系人被移至 SIM 卡1。"],"many":[{"t":"idOrVar","v":"migrated"},"个联系人被移至 SIM 卡1。"],"one":"1个联系人被移至 SIM 卡1。","other":[{"t":"idOrVar","v":"migrated"},"个联系人被移至 SIM 卡1。"],"two":[{"t":"idOrVar","v":"migrated"},"个联系人被移至 SIM 卡1。"],"zero":"没有联系人被移至 SIM 卡1。"},"$x":[{"t":"idOrVar","v":"plural"},"migrated"]},{"$i":"contact-copy-to-sim0","$v":{"few":[{"t":"idOrVar","v":"migrated"},"个联系人被复制到 SIM 卡1。"],"many":[{"t":"idOrVar","v":"migrated"},"个联系人被复制到 SIM 卡1。"],"one":"1个联系人被复制到 SIM 卡1。","other":[{"t":"idOrVar","v":"migrated"},"个联系人被复制到 SIM 卡1。"],"two":[{"t":"idOrVar","v":"migrated"},"个联系人被复制到 SIM 卡1。"],"zero":"没有联系人被复制到 SIM 卡1。"},"$x":[{"t":"idOrVar","v":"plural"},"migrated"]},{"$i":"contact-move-to-sim1","$v":{"few":[{"t":"idOrVar","v":"migrated"},"个联系人被移至 SIM 卡2。"],"many":[{"t":"idOrVar","v":"migrated"},"个联系人被移至 SIM 卡2。"],"one":"1个联系人被移至 SIM 卡2。","other":[{"t":"idOrVar","v":"migrated"},"个联系人被移至 SIM 卡2。"],"two":[{"t":"idOrVar","v":"migrated"},"个联系人被移至 SIM 卡2。"],"zero":"没有联系人被移至 SIM 卡2。"},"$x":[{"t":"idOrVar","v":"plural"},"migrated"]},{"$i":"contact-copy-to-sim1","$v":{"few":[{"t":"idOrVar","v":"migrated"},"个联系人被复制到 SIM 卡2。"],"many":[{"t":"idOrVar","v":"migrated"},"个联系人被复制到 SIM 卡2。"],"one":"1个联系人被复制到 SIM 卡2。","other":[{"t":"idOrVar","v":"migrated"},"个联系人被复制到 SIM 卡2。"],"two":[{"t":"idOrVar","v":"migrated"},"个联系人被复制到 SIM 卡2。"],"zero":"没有联系人被复制到 SIM 卡2。"},"$x":[{"t":"idOrVar","v":"plural"},"migrated"]},{"$i":"contact-move-to-device","$v":{"one":"1个联系人被移至设备。","zero":"没有联系人被移至设备。","few":[{"t":"idOrVar","v":"migrated"},"个联系人被移至设备。"],"many":[{"t":"idOrVar","v":"migrated"},"个联系人被移至设备。"],"other":[{"t":"idOrVar","v":"migrated"},"个联系人被移至设备。"],"two":[{"t":"idOrVar","v":"migrated"},"个联系人被移至设备。"]},"$x":[{"t":"idOrVar","v":"plural"},"migrated"]},{"$i":"contact-copy-to-device","$v":{"one":"1个联系人被复制到设备。","zero":"没有联系人被复制到设备。","few":[{"t":"idOrVar","v":"migrated"},"个联系人被复制到设备。"],"many":[{"t":"idOrVar","v":"migrated"},"个联系人被复制到设备。"],"other":[{"t":"idOrVar","v":"migrated"},"个联系人被复制到设备。"],"two":[{"t":"idOrVar","v":"migrated"},"个联系人被复制到设备。"]},"$x":[{"t":"idOrVar","v":"plural"},"migrated"]},{"$i":"copy-contact-failed","$v":"复制通讯录失败"},{"$i":"move-contact-failed","$v":"通讯录转移失败"},{"$i":"contact-copy-error-sim-full","$v":"SIM 卡已满，复制通讯录未完成"},{"$i":"contact-copy-error-unknown","$v":"出现错误，复制通讯录未完成"},{"$i":"contact-copy-error-limit-exceeded","$v":"由于超过手机联系人人数限制，将不能完全复制联系人。"},{"$i":"contact-move-error-sim-full","$v":"SIM 卡已满，通讯录转移未完成"},{"$i":"contact-move-error-unknown","$v":"出现错误，通讯录转移未完成"},{"$i":"contact-move-error-limit-exceeded","$v":"由于超过手机联系人人数限制，将不能完全移动联系人。"},{"$i":"contact-save-error-unknown","$v":"出现错误，联系人保存未完成。"},{"$i":"memory","$v":"存储位置"},{"$i":"phone-and-sim","$v":"手机和 SIM 卡"},{"$i":"phone","$v":"手机"},{"$i":"sim","$v":"SIM 卡"},{"$i":"reloading-contact","$v":"正在重新加载联系人.."},{"$i":"contact-reloaded","$v":"联系人已重新加载"},{"$i":"message","$v":"发短信"},{"$i":"changes-saved","$v":"更改已保存。"},{"$i":"already-ice-contact","$v":"所选联系人已被设为ICE联系人。"},{"$i":"phone-contacts-limit-exceeded","$v":"已超过手机联系人数量上限。"},{"$i":"sim-contacts-limit-exceeded","$v":"已超过 SIM 卡联系人数量上限。"},{"$i":"more-info","$v":"更多"},{"$i":"callAirplaneModeTitle","$v":"飞行模式已启用"},{"$i":"callAirplaneModeMessage","$v":"如需拨打电话，需在“设置”中禁用飞行模式。"},{"$i":"emergencyDialogTitle","$v":"无网络连接"},{"$i":"emergencyDialogBodyBadNumber","$v":"手机必须连接网络才能拨打电话。"},{"$i":"emergencyDialogBodyDeviceNotAccepted","$v":"网络不允许紧急呼叫。"},{"$i":"invalidNumberToDialTitle","$v":"无效电话号码"},{"$i":"invalidNumberToDialMessage","$v":"你拨打的号码无效。"},{"$i":"invalidNumberToSendTitle","$v":"无效电话号码"},{"$i":"invalidNumberToSendMessage","$v":"您在发短信的号码无效。"},{"$i":"emergency-call-only","$v":"只能拨打紧急电话"},{"$i":"emergency-call-error","$v":[{"t":"idOrVar","v":"number"}," 不是紧急电话号码。"]},{"$i":"numberIsBusyTitle","$v":"此号码正在通话中"},{"$i":"numberIsBusyMessage","$v":"此号码正在通话中。请稍后再拨。"},{"$i":"fdnIsActiveTitle","$v":"激活 FDN"},{"$i":"fdnIsActiveMessage","$v":["固定拨号 (FDN) 已激活，下列号码不在您的 FDN 列表中：",{"t":"idOrVar","v":"number"}]},{"$i":"otherConnectionInUseTitle","$v":"其他使用中的连线"},{"$i":"otherConnectionInUseMessage","$v":"您的另一连线正在通话中。一次只能使用一个连线。"},{"$i":"GenericFailure","$v":"一般故障"},{"$i":"CallFailed","$v":"呼叫失败"},{"$i":"scCallBarring","$v":"呼叫禁止"},{"$i":"scCallForwarding","$v":"呼叫转移"},{"$i":"scClip","$v":"来电显示"},{"$i":"scClir","$v":"本机号码"},{"$i":"scPwd","$v":"密码更改"},{"$i":"scCallWaiting","$v":"呼叫等待"},{"$i":"scPin","$v":"PIN码更改"},{"$i":"scPin2","$v":"PIN2码更改"},{"$i":"scPuk","$v":"解锁PIN码"},{"$i":"scPuk2","$v":"解锁PIN2码"},{"$i":"scImei","$v":"IMEI"},{"$i":"scMeid","$v":"MEID"},{"$i":"scUssd","$v":"USSD"},{"$i":"set-speed-dial","$v":"设置快速拨号联系人"},{"$i":"empty","$v":"空白"},{"$i":"voicemail","$v":"语音信箱"},{"$i":"speed-dial","$v":"快速拨号"},{"$i":"add","$v":"添加"},{"$i":"replace","$v":"替换"},{"$i":"remove-from-speed-dial","$v":"从快速拨号中移除"},{"$i":"custom-dialog-replace-speed-dial","$v":["确定要将快速拨号 ",{"t":"idOrVar","v":"oldSpeedDial"}," 替换为 ",{"t":"idOrVar","v":"newSpeedDial"},"？"]},{"$i":"custom-dialog-remove-speed-dial","$v":["确定要从快速拨号中移除 ",{"t":"idOrVar","v":"name"},"？"]},{"$i":"speed-dial-added","$v":"快速拨号号码已添加"},{"$i":"speed-dial-removed","$v":"快速拨号已移除。"},{"$i":"speed-dial-replaced","$v":"快速拨号已更新。"},{"$i":"voice-mail","$v":"语音信箱"},{"$i":"voice-mail-number","$v":["语音邮箱号码-SIM 卡",{"t":"idOrVar","v":"n"}]},{"$i":"voice-mail-number-single","$v":"语音邮件号码"},{"$i":"voice-mail-number-updated","$v":"语音信箱号码已更新"},{"$i":"found-duplicates-message","$v":"下列联系人中有重复信息。是否要合并？"},{"$i":"confirm-to-merge-contacts","$v":["确定要将 ",{"t":"idOrVar","v":"n"}," 位联系人与",{"t":"idOrVar","v":"name"},"合并？"]},{"$i":"contact-merged","$v":"联系人已合并"},{"$i":"find-duplicate-contacts","$v":"查找重复联系人"},{"$i":"no-duplicate-contact-found","$v":"未发现重复联系人"},{"$i":"merge","$v":"合并"},{"$i":"find-dup","$v":"查找重复联系人"},{"$i":"find-dup-title","$v":"查找重复联系人"},{"$i":"finding-dup-message","$v":"正在查找相同的联系人..."},{"$i":"dup-found-title","$v":"发现相同的联系人"},{"$i":"dup-found-message","$v":"以下联系人的信息相同。要合并吗？"},{"$i":"no-dup-found","$v":"未发现相同的联系人"},{"$i":"merge-conflict-warn","$v":["以下信息将被 \"",{"t":"idOrVar","v":"name"},"” 覆盖："]},{"$i":"merge-conflict-confirm","$v":"确认要合并通讯录吗？"},{"$i":"add-favorite","$v":"添加为收藏"},{"$i":"remove-favorite","$v":"非常用联系人"},{"$i":"favorite-contacts","$v":"常用联系人"},{"$i":"add-block","$v":"屏蔽此号码"},{"$i":"remove-block","$v":"取消屏蔽此号码"},{"$i":"add-block-email","$v":"屏蔽此邮件"},{"$i":"remove-block-email","$v":"取消屏蔽此邮件"},{"$i":"add-block-contact-warning","$v":"您将不会接到黑名单上人员的电话和信息。"},{"$i":"add-block-email-warning","$v":"您将不再收到此邮件地址发送的消息。"},{"$i":"block","$v":"屏蔽"},{"$i":"unblock","$v":"解除屏蔽"},{"$i":"block-contacts","$v":"屏蔽联系人"},{"$i":"add-block-header","$v":"添加屏蔽号码"},{"$i":"remove-block-alert","$v":"从屏蔽联系人中移除。"},{"$i":"duplicate-block-number","$v":"无法添加重复的号码"},{"$i":"sort-contacts","$v":"联系人排序"},{"$i":"sort-by-first-name","$v":"按名字排序"},{"$i":"sort-by-last-name","$v":"按姓氏排序"},{"$i":"no-support-open-multi-vcard","$v":"无法同时打开多名联系人的 vCard"},{"$i":"import","$v":"导入"},{"$i":"sdcard","$v":"存储卡"},{"$i":"simcard","$v":"SIM 卡"},{"$i":"import-contacts","$v":"导入联系人"},{"$i":"simContacts-error","$v":"无法从 SIM 卡导入联系人"},{"$i":"memoryCardContacts-error","$v":"无法从存储卡导入联系人"},{"$i":"novCardFiles","$v":"存储卡中没有联系人文件。"},{"$i":"fullDiskSpace-error","$v":"存储已满，无法导入联系人。"},{"$i":"socialServiceContacts-error","$v":["不能从",{"t":"idOrVar","v":"service"},"导入联系人"]},{"$i":"socialServiceContacts-noNetwork","$v":["无互联网连接，无法从",{"t":"idOrVar","v":"service"},"中导入联系人。"]},{"$i":"simContacts-reading","$v":"正在从 SIM 卡读取联系人…"},{"$i":"memoryCardContacts-reading","$v":"正在从存储卡读取联系人…"},{"$i":"importContactsTitle","$v":"导入联系人"},{"$i":"retry","$v":"重试"},{"$i":"noSimMsg","$v":"如需导入联系人，请插入或解锁 SIM 卡"},{"$i":"noSdcardMsg","$v":"如需导入联系人，请插入存储卡"},{"$i":"not-imported","$v":"未导入"},{"$i":"imported","$v":"已导入"},{"$i":"importing","$v":"正在导入"},{"$i":"contact-imported","$v":["已导入 ",{"t":"idOrVar","v":"imported"}," 位联系人。已合并 ",{"t":"idOrVar","v":"dupes"}," 位联系人。"]},{"$i":"contact-imported2","$v":{"one":"导入了 1 位联系人。","zero":"未导入联系人。","few":["导入了 ",{"t":"idOrVar","v":"imported"}," 位联系人。"],"many":["导入了 ",{"t":"idOrVar","v":"imported"}," 位联系人。"],"other":["导入了 ",{"t":"idOrVar","v":"imported"}," 位联系人。"],"two":["导入了 ",{"t":"idOrVar","v":"imported"}," 位联系人。"]},"$x":[{"t":"idOrVar","v":"plural"},"imported"]},{"$i":"reading-contacts-from-sim","$v":"正在从 SIM 卡读取联系人.."},{"$i":"reading-contacts-from-gmail","$v":"正在从 Gmail 读取联系人…"},{"$i":"reading-contacts-from-live","$v":"正在从 Outlook 读取联系人.."},{"$i":"reading-contacts-from-sd","$v":"正在从存储卡读取联系人.."},{"$i":"reading-contacts-from-vcard","$v":"正在从文件读取联系人…"},{"$i":"importing-contacts-from-sim","$v":"正在从 SIM 卡导入联系人…"},{"$i":"importing-contacts-from-gmail","$v":"正在从 Gmail 导入联系人.."},{"$i":"importing-contacts-from-live","$v":"正在从 Outlook 导入联系人.."},{"$i":"importing-contacts-from-sd","$v":"正在从存储卡导入联系人…"},{"$i":"importing-contacts-from-vcard","$v":"正在从文件导入联系人…"},{"$i":"connect-network-to-import","$v":"如需导入联系人，请连接 Wi-Fi 或数据网络"},{"$i":"importing-confirm","$v":["从\"",{"t":"idOrVar","v":"fileName"},"\"中导入",{"t":"idOrVar","v":"n"},"个联系人？"]},{"$i":"importing-cancel-confirm","$v":"关闭此屏幕将停止导入进程，是否关闭？"},{"$i":"import-contact-failed","$v":"通讯录导入失败"},{"$i":"phone-storage-full","$v":"手机存储已满。"},{"$i":"import-contact-storage-full","$v":"无法导入通讯录。删除应用数据以释放空间。"},{"$i":"contact-import-error-disk-full","$v":"存储已满，联系人导入未完成。请删除应用数据以释放空间。"},{"$i":"contact-import-error-sim-full","$v":"SIM 卡已满，通讯录导入未完成。"},{"$i":"contact-import-error-unknown","$v":"出现错误，通讯录导入未完成。"},{"$i":"import-contacts-canceled","$v":"已取消联系人导入。"},{"$i":"close","$v":"关闭"},{"$i":"import-process-cancel","$v":"导入进程已取消。"},{"$i":"import-limit-header","$v":"文件大小超过上限"},{"$i":"inner-import-limit-content","$v":"未导入超过10MB大小的联系人。"},{"$i":"activity-import-limit-contact","$v":"联系人大小超过上限，无法导入。"},{"$i":"activity-import-limit-additional","$v":"（文件大小不能超过10MB。）"},{"$i":"bluetooth","$v":"蓝牙"},{"$i":"export","$v":"导出"},{"$i":"export-contacts","$v":"导出联系人"},{"$i":"simExport-title","$v":"导出至 SIM 卡"},{"$i":"memoryCardExport-title","$v":"导出至存储卡"},{"$i":"btExport-title","$v":"导出至蓝牙设备"},{"$i":"noSimMsgExport","$v":"如需导出联系人，请插入或解锁 SIM 卡"},{"$i":"noSdcardExport","$v":"插入存储卡导出联系人。"},{"$i":"bluetoothNoConnection","$v":"如需导出联系人，请连接蓝牙设备。"},{"$i":"contact-exported","$v":["已导出 ",{"t":"idOrVar","v":"exported"}," 位联系人。"]},{"$i":"contact-exported2","$v":{"zero":"没有导出联系人。","one":"导出 1 位联系人。","few":["已导出 ",{"t":"idOrVar","v":"exported"}," 位联系人。"],"many":["已导出 ",{"t":"idOrVar","v":"exported"}," 位联系人。"],"other":["已导出 ",{"t":"idOrVar","v":"exported"}," 位联系人。"],"two":["已导出 ",{"t":"idOrVar","v":"exported"}," 位联系人。"]},"$x":[{"t":"idOrVar","v":"plural"},"exported"]},{"$i":"export-contact-failed","$v":"导出联系人失败"},{"$i":"contact-export-error-sim-full","$v":"由于 SIM 卡已满，联系人导出未完成。"},{"$i":"contact-export-error-sd-full","$v":"存储卡已满，无法导出联系人。"},{"$i":"contact-export-error-unknown","$v":"出现错误，通讯录导出未完成。"},{"$i":"contact-export-canceled","$v":"导出已取消。"},{"$i":"save","$v":"保存"},{"$i":"back","$v":"上一步"},{"$i":"givenName","$v":"名字"},{"$i":"familyName","$v":"姓氏"},{"$i":"name","$v":"姓名"},{"$i":"org","$v":"公司"},{"$i":"ringtone","$v":"铃声"},{"$i":"note","$v":"备注"},{"$i":"photo","$v":"照片"},{"$i":"email","$v":"电子邮件"},{"$i":"adr","$v":"地址"},{"$i":"custom","$v":"自定义"},{"$i":"confirm-discard-contact-data","$v":"联系人信息将被删除。是否要保存此联系人？"},{"$i":"confirm-discard-contact-update-data","$v":"修改即将放弃。是否要保存联系人？"},{"$i":"discard-contact-data","$v":"修改将被丢弃。"},{"$i":"discard","$v":"舍弃"},{"$i":"add-others","$v":"添加其他"},{"$i":"custom-label","$v":"自定义标签"},{"$i":"input-the-custom-type","$v":"请输入自定义类型"},{"$i":"contact-added","$v":"已添加联系人。"},{"$i":"delete-prompt-message","$v":["删除",{"t":"idOrVar","v":"field"},"？"]},{"$i":"delete-photo-msg","$v":"照片"},{"$i":"delete-ringtone-msg","$v":"铃声"},{"$i":"delete-bday-msg","$v":"生日"},{"$i":"delete-note-msg","$v":"备注"},{"$i":"delete-org-msg","$v":"公司"},{"$i":"personal","$v":"个人"},{"$i":"mobile","$v":"手机"},{"$i":"current","$v":"当前"},{"$i":"home","$v":"住宅"},{"$i":"work","$v":"单位"},{"$i":"other","$v":"其他"},{"$i":"fax-home","$v":"家庭传真"},{"$i":"fax-office","$v":"办公传真"},{"$i":"fax-other","$v":"其他传真"},{"$i":"add-phone","$v":"添加手机号码"},{"$i":"add-tel","$v":"添加电话号码"},{"$i":"add-email","$v":"添加电子邮件地址"},{"$i":"add-ringtone","$v":"添加铃声"},{"$i":"add-adr","$v":"添加地址"},{"$i":"add-bday","$v":"添加生日"},{"$i":"add-photo","$v":"添加图片"},{"$i":"add-note","$v":"添加备注"},{"$i":"add-org","$v":"添加公司"},{"$i":"add-tel-number","$v":"添加手机号码"},{"$i":"delete-tel","$v":"删除电话号码"},{"$i":"delete-email","$v":"删除邮件"},{"$i":"delete-ringtone","$v":"删除铃声"},{"$i":"delete-adr","$v":"删除地址"},{"$i":"delete-bday","$v":"删除生日"},{"$i":"delete-photo","$v":"删除照片"},{"$i":"delete-note","$v":"删除备注"},{"$i":"delete-org","$v":"删除公司"},{"$i":"edit-tel-type","$v":"编辑电话类型"},{"$i":"edit-email-type","$v":"编辑邮件类型"},{"$i":"edit-adr-type","$v":"编辑地址类型"},{"$i":"edit-bday-type","$v":"编辑生日"},{"$i":"replace-photo","$v":"更改图片"},{"$i":"replace-ringtone","$v":"更改铃声"},{"$i":"mobile-tel","$v":"手机号码"},{"$i":"home-tel","$v":"家庭电话"},{"$i":"work-tel","$v":"办公电话"},{"$i":"personal-tel","$v":"个人电话"},{"$i":"fax-home-tel","$v":"住宅传真"},{"$i":"fax-office-tel","$v":"办公传真"},{"$i":"fax-other-tel","$v":"其他传真"},{"$i":"other-tel","$v":"其他电话号码"},{"$i":"personal-email","$v":"个人邮件地址"},{"$i":"work-email","$v":"工作电子邮件"},{"$i":"other-email","$v":"其他邮件地址"},{"$i":"custom-email","$v":[{"t":"idOrVar","v":"type"}," 电子邮件地址"]},{"$i":"custom-tel","$v":[{"t":"idOrVar","v":"type"}," 电话号码"]},{"$i":"personal-adr","$v":"个人地址"},{"$i":"current-adr","$v":"当前地址"},{"$i":"home-adr","$v":"家庭地址"},{"$i":"work-adr","$v":"工作地址"},{"$i":"custom-adr","$v":[{"t":"idOrVar","v":"type"}," 地址"]},{"$i":"bday","$v":"生日"},{"$i":"birthday","$v":"生日"},{"$i":"streetAddress","$v":"街道"},{"$i":"locality","$v":"城市"},{"$i":"postalCode","$v":"邮编"},{"$i":"countryName","$v":"国家/地区"},{"$i":"region","$v":"省"},{"$i":"no-name","$v":"无姓名"},{"$i":"new-contact","$v":"新建"},{"$i":"options","$v":"选项"},{"$i":"cancel","$v":"取消"},{"$i":"settings","$v":"设置"},{"$i":"edit","$v":"编辑"},{"$i":"share","$v":"分享"},{"$i":"remove","$v":"删除"},{"$i":"compose","$v":"写邮件"},{"$i":"new-contact-title","$v":"新联系人"},{"$i":"edit-title","$v":"编辑联系人"},{"$i":"music","$v":"音乐"},{"$i":"adr-type","$v":"地址类型"},{"$i":"email-type","$v":"邮件类型"},{"$i":"tel-type","$v":"手机类型"},{"$i":"ICEContactsGroup","$v":"紧急联系人"},{"$i":"setICEButton","$v":"设置紧急联系人"},{"$i":"ICESettingTitle","$v":"紧急联系人"},{"$i":"ICEDescription","$v":"添加五个联系人以备“紧急情况”呼叫。"},{"$i":"ICEContact","$v":["紧急联系人 ",{"t":"idOrVar","v":"n"}]},{"$i":"ICESelectContact","$v":"选择一位联系人"},{"$i":"delete-ice-contact-warning","$v":"确定要移除紧急联系人？"},{"$i":"confirm","$v":"确认"},{"$i":"add-ice-failed","$v":"添加ICE失败"},{"$i":"create-group","$v":"创建群组"},{"$i":"group-name","$v":"组名"},{"$i":"group","$v":"组"},{"$i":"new-group-created","$v":"新组已创建。"},{"$i":"create-group-failed","$v":"创建组失败。"},{"$i":"create-group-too-many","$v":["仅可创建",{"t":"idOrVar","v":"number"},"个组。"]},{"$i":"create-group-duplicate","$v":"重复的姓名。"},{"$i":"rename-group-failed","$v":"重命名组失败。"},{"$i":"new-group","$v":"新建"},{"$i":"rename","$v":"重命名"},{"$i":"duplicate-removed","$v":"已删除重复的联系人。"},{"$i":"add-to-group","$v":"添加到组"},{"$i":"remove-from-group","$v":"从组中移除"},{"$i":"added-to","$v":["添加到",{"t":"idOrVar","v":"group"},"组"]},{"$i":"removed-from","$v":["从",{"t":"idOrVar","v":"group"},"中移除"]},{"$i":"select-group","$v":"选择组"},{"$i":"rename-group","$v":"重命名组"},{"$i":"delete-group","$v":["确认要删除“",{"t":"idOrVar","v":"group"},"”吗？"]},{"$i":"unable-add-warn","$v":"无法将账户联系人添加到群组。"},{"$i":"edit-contact","$v":"修改联系人"},{"$i":"send-message","$v":"发送短信"},{"$i":"call","$v":"电话"},{"$i":"call-sim-1","$v":"通话 - SIM 1"},{"$i":"call-sim-2","$v":"通话 - SIM 2"},{"$i":"send-email","$v":"发送电子邮件"},{"$i":"choose-number","$v":"选择号码"},{"$i":"choose-email-address","$v":"选择邮件"},{"$i":"delete","$v":"删除"},{"$i":"select","$v":"选择"},{"$i":"select-all","$v":"全选"},{"$i":"select-all2","$v":"全部"},{"$i":"deselect-all","$v":"取消全选"},{"$i":"deselect-all2","$v":"取消"},{"$i":"deselect","$v":"取消选择"},{"$i":"selected-contacts","$v":{"few":["已选 ",{"t":"idOrVar","v":"n"}," 项"],"many":["已选 ",{"t":"idOrVar","v":"n"}," 项"],"one":["已选 ",{"t":"idOrVar","v":"n"}," 项"],"other":["已选 ",{"t":"idOrVar","v":"n"}," 项"],"two":["已选 ",{"t":"idOrVar","v":"n"}," 项"],"zero":["已选 ",{"t":"idOrVar","v":"n"}," 项"]},"$x":[{"t":"idOrVar","v":"plural"},"n"]},{"$i":"massive-delete","$v":"删除联系人"},{"$i":"confirm-contact-delete","$v":["确定要删除联系人 ",{"t":"idOrVar","v":"name"}," 吗？"]},{"$i":"DeletedTxt","$v":{"few":["已移除 ",{"t":"idOrVar","v":"n"}," 位联系人"],"many":["已移除 ",{"t":"idOrVar","v":"n"}," 位联系人"],"one":"已移除 1 位联系人","other":["已移除 ",{"t":"idOrVar","v":"n"}," 位联系人"],"two":["已移除 ",{"t":"idOrVar","v":"n"}," 位联系人"],"zero":"无联系人可供删除"},"$x":[{"t":"idOrVar","v":"plural"},"n"]},{"$i":"DeletingContacts","$v":"删除联系人"},{"$i":"DeletingContactsProgressing","$v":"正在删除联系人"},{"$i":"ContactConfirmDel","$v":{"few":["是否删除 ",{"t":"idOrVar","v":"n"}," 位联系人？此操作无法撤销。"],"many":["是否删除 ",{"t":"idOrVar","v":"n"}," 位联系人？此操作无法撤销。"],"one":"是否删除 1 位联系人？此操作无法撤销。","other":["是否删除 ",{"t":"idOrVar","v":"n"}," 位联系人？此操作无法撤销。"],"two":["是否删除 ",{"t":"idOrVar","v":"n"}," 位联系人？此操作无法撤销。"],"zero":"无联系人可供删除"},"$x":[{"t":"idOrVar","v":"plural"},"n"]},{"$i":"contact-deleted","$v":{"zero":"没有联系人被删除","one":"1个联系人被删除","few":[{"t":"idOrVar","v":"n"},"个联系人被删除"],"many":[{"t":"idOrVar","v":"n"},"个联系人被删除"],"other":[{"t":"idOrVar","v":"n"},"个联系人被删除"],"two":[{"t":"idOrVar","v":"n"},"个联系人被删除"]},"$x":[{"t":"idOrVar","v":"plural"},"n"]},{"$i":"a-contact-deleted","$v":"联系人已删除。"},{"$i":"settings-title","$v":"联系人设置"},{"$i":"change-will-update-until-restart","$v":"下次启用联系人时，系统将更新更改。"},{"$i":"transfer-contacts","$v":"转移联系人"},{"$i":"service-number","$v":"服务号"},{"$i":"no-contacts-found","$v":"没有找到匹配的。"},{"$i":"search","$v":"搜索联系人","placeholder":"搜索联系人"},{"$i":"search-option","$v":"搜索"},{"$i":"accounts","$v":"帐号"},{"$i":"account","$v":"帐号"},{"$i":"add-account","$v":"添加帐号"},{"$i":"add-account-failed","$v":"发生未知错误。请稍后重试。"},{"$i":"duplicate-account-warn","$v":"账号已存在。同步已开启。"},{"$i":"setting-up-account","$v":"设置账户"},{"$i":"no-network-warn","$v":"无网络连接"},{"$i":"username","$v":"用户名"},{"$i":"password","$v":"密码"},{"$i":"delete-account","$v":"删除账户"},{"$i":"delete-account-long","$v":"删除账户"},{"$i":"delete-account-warn","$v":"如果删除此账户，则也会影响使用此账户的应用。"},{"$i":"deleting-account","$v":"正在删除账户"},{"$i":"delete-account-failed","$v":"删除账户失败，请稍后重试。"},{"$i":"delete-account-ok","$v":"账户已删除"},{"$i":"sync","$v":"同步"},{"$i":"sync-title","$v":"联系人同步"},{"$i":"sync-failed-warn","$v":"同步失败。"},{"$i":"sync-off-warn","$v":"已在“设置”中关闭同步。"},{"$i":"show-account-contacts","$v":"显示账户通讯录"},{"$i":"sync-account-contacts","$v":"同步账户联系人"},{"$i":"sync-account-contacts-warning","$v":["若未勾选\"",{"t":"idOrVar","v":"switch"},"\"，所有新建、编辑或删除账户联系人的操作都不会被同步至云。仍要取消勾选吗？"]},{"$i":"yes","$v":"是"},{"$i":"all-contacts-synced","$v":"已同步所有联系人。"},{"$i":"contact-syncing","$v":"联系人同步..."},{"$i":"contacts-sync-limit-exceed","$v":"超出联系人限制，联系人同步未完成。"},{"$i":"show-password","$v":"显示密码"},{"$i":"password-incorrect","$v":"密码错误。"},{"$i":"re-enter-password","$v":"重新输入密码"},{"$i":"accessing-warn","$v":"访问您的账号时出错。"},{"$i":"accessing-warn-password","$v":"请重新输入密码。"},{"$i":"re-enter-password-on-setting","$v":"请在联系人设置中重新输入密码。"},{"$i":"accessing-warn-relogin","$v":"请删除账号并重新登录。"},{"$i":"update-password-failed","$v":"更新密码失败，请稍后重试。"},{"$i":"connect-time-out","$v":["无法与“",{"t":"idOrVar","v":"server"},"”建立连接。网络可能出错。"]},{"$i":"server-error","$v":"服务器不可用，请稍后重试。"},{"$i":"loading","$v":"正在加载..."},{"$i":"ellipsis","$v":"..."},{"$i":"stop-syncing-warn-title","$v":"联系人同步中"},{"$i":"stop-syncing-warn","$v":"关闭此应用将中断联系人同步。确认关闭？"},{"$i":"weekday-0-long","$v":"周日"},{"$i":"weekday-1-long","$v":"周一"},{"$i":"weekday-2-long","$v":"周二"},{"$i":"weekday-3-long","$v":"周三"},{"$i":"weekday-4-long","$v":"周四"},{"$i":"weekday-5-long","$v":"周五"},{"$i":"weekday-6-long","$v":"周六"},{"$i":"weekday-0-short","$v":"周日"},{"$i":"weekday-1-short","$v":"周一"},{"$i":"weekday-2-short","$v":"周二"},{"$i":"weekday-3-short","$v":"周三"},{"$i":"weekday-4-short","$v":"周四"},{"$i":"weekday-5-short","$v":"周五"},{"$i":"weekday-6-short","$v":"周六"},{"$i":"month-0-long","$v":"一月"},{"$i":"month-1-long","$v":"二月"},{"$i":"month-2-long","$v":"三月"},{"$i":"month-3-long","$v":"四月"},{"$i":"month-4-long","$v":"五月"},{"$i":"month-5-long","$v":"六月"},{"$i":"month-6-long","$v":"七月"},{"$i":"month-7-long","$v":"八月"},{"$i":"month-8-long","$v":"九月"},{"$i":"month-9-long","$v":"十月"},{"$i":"month-10-long","$v":"十一月"},{"$i":"month-11-long","$v":"十二月"},{"$i":"month-0-genitive","$v":"一月"},{"$i":"month-1-genitive","$v":"二月"},{"$i":"month-2-genitive","$v":"三月"},{"$i":"month-3-genitive","$v":"四月"},{"$i":"month-4-genitive","$v":"五月"},{"$i":"month-5-genitive","$v":"六月"},{"$i":"month-6-genitive","$v":"七月"},{"$i":"month-7-genitive","$v":"八月"},{"$i":"month-8-genitive","$v":"九月"},{"$i":"month-9-genitive","$v":"十月"},{"$i":"month-10-genitive","$v":"十一月"},{"$i":"month-11-genitive","$v":"十二月"},{"$i":"month-0-short","$v":"1 月"},{"$i":"month-1-short","$v":"2 月"},{"$i":"month-2-short","$v":"3 月"},{"$i":"month-3-short","$v":"4 月"},{"$i":"month-4-short","$v":"5 月"},{"$i":"month-5-short","$v":"6 月"},{"$i":"month-6-short","$v":"7 月"},{"$i":"month-7-short","$v":"8 月"},{"$i":"month-8-short","$v":"9 月"},{"$i":"month-9-short","$v":"10 月"},{"$i":"month-10-short","$v":"11 月"},{"$i":"month-11-short","$v":"12 月"},{"$i":"minutes-ago-long","$v":{"few":[{"t":"idOrVar","v":"value"}," 分钟前"],"many":[{"t":"idOrVar","v":"value"}," 分钟前"],"other":[{"t":"idOrVar","v":"value"}," 分钟前"],"two":[{"t":"idOrVar","v":"value"}," 分钟前"],"one":"1 分钟前","zero":"刚才"},"$x":[{"t":"idOrVar","v":"plural"},"value"]},{"$i":"hours-ago-long","$v":{"few":[{"t":"idOrVar","v":"value"}," 小时前"],"many":[{"t":"idOrVar","v":"value"}," 小时前"],"other":[{"t":"idOrVar","v":"value"}," 小时前"],"two":[{"t":"idOrVar","v":"value"}," 小时前"],"one":"1 小时前","zero":"刚才"},"$x":[{"t":"idOrVar","v":"plural"},"value"]},{"$i":"days-ago-long","$v":{"few":[{"t":"idOrVar","v":"value"}," 天前"],"many":[{"t":"idOrVar","v":"value"}," 天前"],"one":"昨天","other":[{"t":"idOrVar","v":"value"}," 天前"],"two":[{"t":"idOrVar","v":"value"}," 天前"],"zero":"今天"},"$x":[{"t":"idOrVar","v":"plural"},"value"]},{"$i":"weeks-ago-long","$v":{"few":[{"t":"idOrVar","v":"value"}," 周前"],"many":[{"t":"idOrVar","v":"value"}," 周前"],"one":"最近一周","other":[{"t":"idOrVar","v":"value"}," 周前"],"two":[{"t":"idOrVar","v":"value"}," 周前"],"zero":"本周"},"$x":[{"t":"idOrVar","v":"plural"},"value"]},{"$i":"months-ago-long","$v":{"few":[{"t":"idOrVar","v":"value"}," 月前"],"many":[{"t":"idOrVar","v":"value"}," 月前"],"one":"上月","other":[{"t":"idOrVar","v":"value"}," 月前"],"two":[{"t":"idOrVar","v":"value"}," 月前"],"zero":"本月"},"$x":[{"t":"idOrVar","v":"plural"},"value"]},{"$i":"years-ago-long","$v":{"few":[{"t":"idOrVar","v":"value"}," 年前"],"many":[{"t":"idOrVar","v":"value"}," 年前"],"one":"去年","other":[{"t":"idOrVar","v":"value"}," 年前"],"two":[{"t":"idOrVar","v":"value"}," 年前"],"zero":"今年"},"$x":[{"t":"idOrVar","v":"plural"},"value"]},{"$i":"minutes-until-long","$v":{"few":[{"t":"idOrVar","v":"value"}," 分钟内"],"many":[{"t":"idOrVar","v":"value"}," 分钟内"],"other":[{"t":"idOrVar","v":"value"}," 分钟内"],"two":[{"t":"idOrVar","v":"value"}," 分钟内"],"zero":"現在","one":"1 分钟内"},"$x":[{"t":"idOrVar","v":"plural"},"value"]},{"$i":"hours-until-long","$v":{"few":[{"t":"idOrVar","v":"value"}," 小时内"],"many":[{"t":"idOrVar","v":"value"}," 小时内"],"other":[{"t":"idOrVar","v":"value"}," 小时内"],"two":[{"t":"idOrVar","v":"value"}," 小时内"],"zero":"現在","one":"1 小时内"},"$x":[{"t":"idOrVar","v":"plural"},"value"]},{"$i":"days-until-long","$v":{"few":[{"t":"idOrVar","v":"value"}," 天内"],"many":[{"t":"idOrVar","v":"value"}," 天内"],"one":"明天","other":[{"t":"idOrVar","v":"value"}," 天内"],"two":[{"t":"idOrVar","v":"value"}," 天内"],"zero":"今天"},"$x":[{"t":"idOrVar","v":"plural"},"value"]},{"$i":"weeks-until-long","$v":{"few":[{"t":"idOrVar","v":"value"}," 周内"],"many":[{"t":"idOrVar","v":"value"}," 周内"],"one":"下周","other":[{"t":"idOrVar","v":"value"}," 周内"],"two":[{"t":"idOrVar","v":"value"}," 周内"],"zero":"本周"},"$x":[{"t":"idOrVar","v":"plural"},"value"]},{"$i":"months-until-long","$v":{"few":[{"t":"idOrVar","v":"value"}," 个月内"],"many":[{"t":"idOrVar","v":"value"}," 个月内"],"one":"下个月","other":[{"t":"idOrVar","v":"value"}," 个月内"],"two":[{"t":"idOrVar","v":"value"}," 个月内"],"zero":"本月"},"$x":[{"t":"idOrVar","v":"plural"},"value"]},{"$i":"years-until-long","$v":{"few":[{"t":"idOrVar","v":"value"}," 年内"],"many":[{"t":"idOrVar","v":"value"}," 年内"],"one":"明年","other":[{"t":"idOrVar","v":"value"}," 年内"],"two":[{"t":"idOrVar","v":"value"}," 年内"],"zero":"今年"},"$x":[{"t":"idOrVar","v":"plural"},"value"]},{"$i":"minutes-ago-short","$v":{"other":[{"t":"idOrVar","v":"value"}," 分钟前"],"zero":"刚才"},"$x":[{"t":"idOrVar","v":"plural"},"value"]},{"$i":"hours-ago-short","$v":{"other":[{"t":"idOrVar","v":"value"}," 小时前"],"zero":"刚才"},"$x":[{"t":"idOrVar","v":"plural"},"value"]},{"$i":"days-ago-short","$v":{"other":[{"t":"idOrVar","v":"value"}," 天前"],"zero":"今天"},"$x":[{"t":"idOrVar","v":"plural"},"value"]},{"$i":"minutes-until-short","$v":{"other":[{"t":"idOrVar","v":"value"}," 分内"],"zero":"現在"},"$x":[{"t":"idOrVar","v":"plural"},"value"]},{"$i":"hours-until-short","$v":{"other":[{"t":"idOrVar","v":"value"}," 小时内"],"zero":"現在"},"$x":[{"t":"idOrVar","v":"plural"},"value"]},{"$i":"days-until-short","$v":{"other":[{"t":"idOrVar","v":"value"}," 天内"],"zero":"今天"},"$x":[{"t":"idOrVar","v":"plural"},"value"]},{"$i":"incorrectDate","$v":"（日期有误）"},{"$i":"dateTimeFormat_%c","$v":"%Y年%b%d日 %a %p %I:%M:%S"},{"$i":"dateTimeFormat_%x","$v":"%Y/%m/%d"},{"$i":"dateTimeFormat_%X","$v":"%I:%M:%S %p"},{"$i":"shortTimeFormat","$v":"%p %I:%M"},{"$i":"shortTimeFormat12","$v":"%p %I:%M"},{"$i":"shortTimeFormat24","$v":"%H:%M"},{"$i":"shortDateTimeFormat","$v":"%p %x %I:%M"},{"$i":"weekStartsOnMonday","$v":"0.0"},{"$i":"firstDayOfTheWeek","$v":"0.0"},{"$i":"time_am","$v":"上午"},{"$i":"time_pm","$v":"下午"},{"$i":"sim-with-index-and-carrier","$v":["SIM ",{"t":"idOrVar","v":"index"}," - ",{"t":"idOrVar","v":"carrier"}]},{"$i":"sim-without-carrier","$v":["SIM ",{"t":"idOrVar","v":"index"}]}]