[{"$i":"contacts","$v":"連絡人"},{"$i":"view","$v":"檢視"},{"$i":"no-contacts","$v":"沒有聯絡人"},{"$i":"reading-contacts","$v":"正在載入連絡人"},{"$i":"start-adding","$v":"按“新增”或轉到“設定”以添加聯絡人。"},{"$i":"no-contact-available","$v":"沒有連絡人可用"},{"$i":"requested-contact-not-available","$v":"請求的信息在現有聯絡人上不可用。"},{"$i":"cannot-add-as-empty","$v":"無法增加至連絡人，因為連絡人清單空白"},{"$i":"ok","$v":"確認"},{"$i":"no-phone-number-to-dial","$v":"沒有可撥出的電話號碼"},{"$i":"video-call","$v":"視訊通話"},{"$i":"rtt-call","$v":"RTT 通話"},{"$i":"select-a-contact","$v":"選取聯絡人"},{"$i":"multi-pick-max-warn","$v":["可選取的數量上限為 ",{"t":"idOrVar","v":"n"}]},{"$i":"add-contact-failed","$v":"增加連絡人失敗"},{"$i":"no-sim-card-available","$v":"無可用的SIM卡"},{"$i":"email-cannot-add-to-sim","$v":"當前的內存選擇不支持電子郵件。"},{"$i":"add-info-failed","$v":"添加信息失敗"},{"$i":"no-contact-to-add","$v":"沒有可添加的聯絡人。"},{"$i":"move","$v":"移動"},{"$i":"copy","$v":"複製"},{"$i":"copy-contacts","$v":"複製連絡人"},{"$i":"move-contacts","$v":"移動連絡人"},{"$i":"phone-memory","$v":"手機記憶體"},{"$i":"sim-memory","$v":"SIM卡記憶體"},{"$i":"sim-0-memory","$v":"SIM1卡記憶體"},{"$i":"sim-1-memory","$v":"SIM2卡記憶體"},{"$i":"move-from","$v":"移動來源"},{"$i":"copy-from","$v":"複製來源"},{"$i":"to","$v":"至"},{"$i":"move-contacts-progressing","$v":"正在移動連絡人…"},{"$i":"copy-contacts-progressing","$v":"正在複製連絡人…"},{"$i":"contact-move-to-sim","$v":{"few":["已將",{"t":"idOrVar","v":"migrated"},"個連絡人移到SIM卡。"],"many":["已將",{"t":"idOrVar","v":"migrated"},"個連絡人移到SIM卡。"],"one":"已將1個連絡人移到SIM卡。","other":["已將",{"t":"idOrVar","v":"migrated"},"個連絡人移到SIM卡。"],"two":["已將",{"t":"idOrVar","v":"migrated"},"個連絡人移到SIM卡。"],"zero":"未將任何連絡人移到SIM卡。"},"$x":[{"t":"idOrVar","v":"plural"},"migrated"]},{"$i":"contact-copy-to-sim","$v":{"few":["已將",{"t":"idOrVar","v":"migrated"},"個連絡人複製到SIM卡。"],"many":["已將",{"t":"idOrVar","v":"migrated"},"個連絡人複製到SIM卡。"],"one":"已將1個連絡人複製到SIM卡。","other":["已將",{"t":"idOrVar","v":"migrated"},"個連絡人複製到SIM卡。"],"two":["已將",{"t":"idOrVar","v":"migrated"},"個連絡人複製到SIM卡。"],"zero":"未將任何連絡人複製到SIM卡。"},"$x":[{"t":"idOrVar","v":"plural"},"migrated"]},{"$i":"contact-move-to-sim0","$v":{"few":["已將",{"t":"idOrVar","v":"migrated"},"個連絡人移到SIM1卡。"],"many":["已將",{"t":"idOrVar","v":"migrated"},"個連絡人移到SIM1卡。"],"one":"已將1個連絡人移到SIM1卡。","other":["已將",{"t":"idOrVar","v":"migrated"},"個連絡人移到SIM1卡。"],"two":["已將",{"t":"idOrVar","v":"migrated"},"個連絡人移到SIM1卡。"],"zero":"未將任何連絡人移到SIM1卡。"},"$x":[{"t":"idOrVar","v":"plural"},"migrated"]},{"$i":"contact-copy-to-sim0","$v":{"few":["已將",{"t":"idOrVar","v":"migrated"},"個連絡人複製到SIM1卡。"],"many":["已將",{"t":"idOrVar","v":"migrated"},"個連絡人複製到SIM1卡。"],"one":"已將1個連絡人複製到SIM1卡。","other":["已將",{"t":"idOrVar","v":"migrated"},"個連絡人複製到SIM1卡。"],"two":["已將",{"t":"idOrVar","v":"migrated"},"個連絡人複製到SIM1卡。"],"zero":"未將任何連絡人複製到SIM1卡。"},"$x":[{"t":"idOrVar","v":"plural"},"migrated"]},{"$i":"contact-move-to-sim1","$v":{"few":["已將",{"t":"idOrVar","v":"migrated"},"個連絡人移到SIM2卡。"],"many":["已將",{"t":"idOrVar","v":"migrated"},"個連絡人移到SIM2卡。"],"one":"已將1個連絡人移到SIM2卡。","other":["已將",{"t":"idOrVar","v":"migrated"},"個連絡人移到SIM2卡。"],"two":["已將",{"t":"idOrVar","v":"migrated"},"個連絡人移到SIM2卡。"],"zero":"未將任何連絡人移到SIM2卡。"},"$x":[{"t":"idOrVar","v":"plural"},"migrated"]},{"$i":"contact-copy-to-sim1","$v":{"few":["已將",{"t":"idOrVar","v":"migrated"},"個連絡人複製到SIM2卡。"],"many":["已將",{"t":"idOrVar","v":"migrated"},"個連絡人複製到SIM2卡。"],"one":"已將1個連絡人複製到SIM2卡。","other":["已將",{"t":"idOrVar","v":"migrated"},"個連絡人複製到SIM2卡。"],"two":["已將",{"t":"idOrVar","v":"migrated"},"個連絡人複製到SIM2卡。"],"zero":"未將任何連絡人複製到SIM2卡。"},"$x":[{"t":"idOrVar","v":"plural"},"migrated"]},{"$i":"contact-move-to-device","$v":{"one":"1位聯絡人已移至電話。","zero":"沒有聯絡人移動到電話。","few":["已將",{"t":"idOrVar","v":"migrated"},"位連絡人移到手機。"],"many":["已將",{"t":"idOrVar","v":"migrated"},"位連絡人移到手機。"],"other":["已將",{"t":"idOrVar","v":"migrated"},"位連絡人移到手機。"],"two":["已將",{"t":"idOrVar","v":"migrated"},"位連絡人移到手機。"]},"$x":[{"t":"idOrVar","v":"plural"},"migrated"]},{"$i":"contact-copy-to-device","$v":{"one":"1位聯絡人已復製到手機。","zero":"沒有聯絡人復製到電話。","few":["已將",{"t":"idOrVar","v":"migrated"},"位連絡人複製到手機。"],"many":["已將",{"t":"idOrVar","v":"migrated"},"位連絡人複製到手機。"],"other":["已將",{"t":"idOrVar","v":"migrated"},"位連絡人複製到手機。"],"two":["已將",{"t":"idOrVar","v":"migrated"},"位連絡人複製到手機。"]},"$x":[{"t":"idOrVar","v":"plural"},"migrated"]},{"$i":"copy-contact-failed","$v":"複製聯絡人失敗"},{"$i":"move-contact-failed","$v":"移動聯絡人失敗"},{"$i":"contact-copy-error-sim-full","$v":"由於SIM卡已滿，複製聯絡人不完整。"},{"$i":"contact-copy-error-unknown","$v":"由於錯誤，複製聯絡人未完成。"},{"$i":"contact-copy-error-limit-exceeded","$v":"由於已超過手機連絡人限制，複製連絡人未完成。"},{"$i":"contact-move-error-sim-full","$v":"由於SIM卡已滿，移動聯絡人未完成。"},{"$i":"contact-move-error-unknown","$v":"由於錯誤，移動聯絡人未完成。"},{"$i":"contact-move-error-limit-exceeded","$v":"由於已超過手機連絡人限制，移動連絡人未完成。"},{"$i":"contact-save-error-unknown","$v":"保存聯絡人由於錯誤而無法完成。"},{"$i":"memory","$v":"記憶體"},{"$i":"phone-and-sim","$v":"手機和SIM卡"},{"$i":"phone","$v":"手機"},{"$i":"sim","$v":"SIM卡"},{"$i":"reloading-contact","$v":"正在重新載入連絡人.."},{"$i":"contact-reloaded","$v":"連絡人已重新載入"},{"$i":"message","$v":"訊息"},{"$i":"changes-saved","$v":"變更已儲存。"},{"$i":"already-ice-contact","$v":"所選聯絡人已設定為ICE。"},{"$i":"phone-contacts-limit-exceeded","$v":"已超出手機連絡人數量上限。"},{"$i":"sim-contacts-limit-exceeded","$v":"已超出SIM卡連絡人數量上限。"},{"$i":"more-info","$v":"更多"},{"$i":"callAirplaneModeTitle","$v":"飛航模式已啟動"},{"$i":"callAirplaneModeMessage","$v":"若要撥打電話，您需要在「設定」中停用飛航模式。"},{"$i":"emergencyDialogTitle","$v":"無網路連線"},{"$i":"emergencyDialogBodyBadNumber","$v":"若要撥打電話，手機必須連線至網路。"},{"$i":"emergencyDialogBodyDeviceNotAccepted","$v":"網路不允許緊急電話。"},{"$i":"invalidNumberToDialTitle","$v":"電話號碼無效"},{"$i":"invalidNumberToDialMessage","$v":"您撥打的電話號碼無效。"},{"$i":"invalidNumberToSendTitle","$v":"電話號碼無效"},{"$i":"invalidNumberToSendMessage","$v":"您傳送訊息的電話號碼無效。"},{"$i":"emergency-call-only","$v":"只能撥出緊急電話"},{"$i":"emergency-call-error","$v":[{"t":"idOrVar","v":"number"},"不是緊急號碼。"]},{"$i":"numberIsBusyTitle","$v":"號碼正在通話中"},{"$i":"numberIsBusyMessage","$v":"此號碼目前正在通話中。請稍後再試。"},{"$i":"fdnIsActiveTitle","$v":"FDN使用中"},{"$i":"fdnIsActiveMessage","$v":["FDN(固定撥號號碼)已啟動，且下列號碼不在您的FDN清單中：",{"t":"idOrVar","v":"number"}]},{"$i":"otherConnectionInUseTitle","$v":"其他連線在使用中"},{"$i":"otherConnectionInUseMessage","$v":"在其他連線上有一個通話正在進行中。您一次只能查看一個連線。"},{"$i":"GenericFailure","$v":"一般故障"},{"$i":"CallFailed","$v":"通話失敗"},{"$i":"scCallBarring","$v":"通話限制"},{"$i":"scCallForwarding","$v":"來電轉接"},{"$i":"scClip","$v":"來電本機號碼"},{"$i":"scClir","$v":"撥出電話本機號碼"},{"$i":"scPwd","$v":"密碼變更"},{"$i":"scCallWaiting","$v":"來電等待"},{"$i":"scPin","$v":"PIN變更"},{"$i":"scPin2","$v":"PIN2變更"},{"$i":"scPuk","$v":"解除封鎖PIN"},{"$i":"scPuk2","$v":"解除封鎖PIN2"},{"$i":"scImei","$v":"IMEI"},{"$i":"scMeid","$v":"MEID"},{"$i":"scUssd","$v":"USSD"},{"$i":"set-speed-dial","$v":"設定單鍵撥號連絡人"},{"$i":"empty","$v":"空白"},{"$i":"voicemail","$v":"語音留言"},{"$i":"speed-dial","$v":"單鍵撥號"},{"$i":"add","$v":"增加"},{"$i":"replace","$v":"替換"},{"$i":"remove-from-speed-dial","$v":"從單鍵撥號移除"},{"$i":"custom-dialog-replace-speed-dial","$v":["確認要將單鍵撥號",{"t":"idOrVar","v":"oldSpeedDial"},"替換為",{"t":"idOrVar","v":"newSpeedDial"},"？"]},{"$i":"custom-dialog-remove-speed-dial","$v":["確認要從單鍵撥號移除",{"t":"idOrVar","v":"name"},"？"]},{"$i":"speed-dial-added","$v":"已增加單鍵撥號號碼。"},{"$i":"speed-dial-removed","$v":"已移除單鍵撥號號碼。"},{"$i":"speed-dial-replaced","$v":"已更新單鍵撥號號碼。"},{"$i":"voice-mail","$v":"語音留言"},{"$i":"voice-mail-number","$v":["語音留言號碼 - SIM卡",{"t":"idOrVar","v":"n"}]},{"$i":"voice-mail-number-single","$v":"語音信箱號碼"},{"$i":"voice-mail-number-updated","$v":"語音信箱號碼已更新"},{"$i":"found-duplicates-message","$v":"在以下連絡人中找到重複的資訊。是否要合併？"},{"$i":"confirm-to-merge-contacts","$v":["確認要合併",{"t":"idOrVar","v":"n"},"個連絡人(具有",{"t":"idOrVar","v":"name"},")？"]},{"$i":"contact-merged","$v":"連絡人已合併"},{"$i":"find-duplicate-contacts","$v":"尋找重複的連絡人"},{"$i":"no-duplicate-contact-found","$v":"找不到重複的連絡人"},{"$i":"merge","$v":"合併"},{"$i":"find-dup","$v":"尋找重複的連絡人"},{"$i":"find-dup-title","$v":"尋找重複的連絡人"},{"$i":"finding-dup-message","$v":"正在尋找重複的連絡人..."},{"$i":"dup-found-title","$v":"找到重複項"},{"$i":"dup-found-message","$v":"在以下連絡人中找到重複的資訊。是否要合併？"},{"$i":"no-dup-found","$v":"找不到重複項目"},{"$i":"merge-conflict-warn","$v":["「",{"t":"idOrVar","v":"name"},"」將會覆寫下列資訊："]},{"$i":"merge-conflict-confirm","$v":"確認要合併連絡人？"},{"$i":"add-favorite","$v":"增加為我的最愛"},{"$i":"remove-favorite","$v":"移除我的最愛"},{"$i":"favorite-contacts","$v":"我的最愛"},{"$i":"add-block","$v":"封鎖此號碼"},{"$i":"remove-block","$v":"解除封鎖此號碼"},{"$i":"add-block-email","$v":"封鎖此電子郵件"},{"$i":"remove-block-email","$v":"取消屏蔽此電子郵件"},{"$i":"add-block-contact-warning","$v":"您將不會收到封鎖對象的來電和訊息。"},{"$i":"add-block-email-warning","$v":"您不會收到來自此電子郵件地址的郵件。"},{"$i":"block","$v":"屏蔽"},{"$i":"unblock","$v":"解除封鎖"},{"$i":"block-contacts","$v":"封鎖的連絡人"},{"$i":"add-block-header","$v":"新增封鎖號碼"},{"$i":"remove-block-alert","$v":"已從封鎖的連絡人中移除。"},{"$i":"duplicate-block-number","$v":"無法增加重複的號碼。"},{"$i":"sort-contacts","$v":"排序連絡人"},{"$i":"sort-by-first-name","$v":"依名字排序"},{"$i":"sort-by-last-name","$v":"依姓氏排序"},{"$i":"no-support-open-multi-vcard","$v":"無法開啟具有多個連絡人的vCard"},{"$i":"import","$v":"匯入"},{"$i":"sdcard","$v":"記憶卡"},{"$i":"simcard","$v":"SIM卡"},{"$i":"import-contacts","$v":"匯入連絡人"},{"$i":"simContacts-error","$v":"無法從SIM卡匯入連絡人"},{"$i":"memoryCardContacts-error","$v":"無法從記憶卡匯入連絡人"},{"$i":"novCardFiles","$v":"存儲卡中沒有聯絡人文件。"},{"$i":"fullDiskSpace-error","$v":"儲存空間已滿，無法匯入連絡人。"},{"$i":"socialServiceContacts-error","$v":["無法從",{"t":"idOrVar","v":"service"},"匯入連絡人。"]},{"$i":"socialServiceContacts-noNetwork","$v":["沒有網際網路連線，無法從",{"t":"idOrVar","v":"service"},"匯入連絡人。"]},{"$i":"simContacts-reading","$v":"正在從SIM卡讀取連絡人…"},{"$i":"memoryCardContacts-reading","$v":"正在從記憶卡讀取連絡人…"},{"$i":"importContactsTitle","$v":"匯入連絡人"},{"$i":"retry","$v":"重試"},{"$i":"noSimMsg","$v":"若要匯入連絡人，請插入或解鎖SIM卡"},{"$i":"noSdcardMsg","$v":"若要匯入連絡人，請插入記憶卡"},{"$i":"not-imported","$v":"未匯入"},{"$i":"imported","$v":"已匯入"},{"$i":"importing","$v":"正在匯入"},{"$i":"contact-imported","$v":["已匯入",{"t":"idOrVar","v":"imported"},"位連絡人。已合併",{"t":"idOrVar","v":"dupes"},"位連絡人。"]},{"$i":"contact-imported2","$v":{"one":"已導入1個聯絡人。","zero":"沒有導入的聯絡人。","few":["已匯入",{"t":"idOrVar","v":"imported"},"位連絡人。"],"many":["已匯入",{"t":"idOrVar","v":"imported"},"位連絡人。"],"other":["已匯入",{"t":"idOrVar","v":"imported"},"位連絡人。"],"two":["已匯入",{"t":"idOrVar","v":"imported"},"位連絡人。"]},"$x":[{"t":"idOrVar","v":"plural"},"imported"]},{"$i":"reading-contacts-from-sim","$v":"正在從SIM卡讀取連絡人…"},{"$i":"reading-contacts-from-gmail","$v":"正在從Gmail讀取連絡人..."},{"$i":"reading-contacts-from-live","$v":"正在從Outlook讀取連絡人..."},{"$i":"reading-contacts-from-sd","$v":"正在從記憶卡讀取連絡人…"},{"$i":"reading-contacts-from-vcard","$v":"正在從檔案讀取連絡人..."},{"$i":"importing-contacts-from-sim","$v":"正在從SIM卡匯入連絡人…"},{"$i":"importing-contacts-from-gmail","$v":"正在從Gmail匯入連絡人..."},{"$i":"importing-contacts-from-live","$v":"正在從Outlook匯入連絡人..."},{"$i":"importing-contacts-from-sd","$v":"正在從記憶卡匯入連絡人…"},{"$i":"importing-contacts-from-vcard","$v":"正在從檔案匯入連絡人..."},{"$i":"connect-network-to-import","$v":"若要匯入連絡人，請連線至WiFi或數據網路"},{"$i":"importing-confirm","$v":["從「",{"t":"idOrVar","v":"fileName"},"」檔案中匯入 ",{"t":"idOrVar","v":"n"}," 個連絡人？"]},{"$i":"importing-cancel-confirm","$v":"關閉此屏幕將停止導入進程，是否關閉？"},{"$i":"import-contact-failed","$v":"導入聯絡人失敗"},{"$i":"phone-storage-full","$v":"手機儲存空間已滿。"},{"$i":"import-contact-storage-full","$v":"無法匯入連絡人。請刪除應用程式資料以釋出空間。"},{"$i":"contact-import-error-disk-full","$v":"由於儲存空間已滿，匯入連絡人未完成。請刪除應用程式資料以釋放空間。"},{"$i":"contact-import-error-sim-full","$v":"由於 SIM 卡已滿，未完成匯入連絡人。"},{"$i":"contact-import-error-unknown","$v":"由於錯誤，導入聯絡人不完整。"},{"$i":"import-contacts-canceled","$v":"已取消聯絡人導入。"},{"$i":"close","$v":"關閉"},{"$i":"import-process-cancel","$v":"導入過程已取消。"},{"$i":"import-limit-header","$v":"超出文件大小限制"},{"$i":"inner-import-limit-content","$v":"尚未導入任何超過10MB的聯絡人文件。"},{"$i":"activity-import-limit-contact","$v":"由於超出文件大小限制，無法導入聯絡人。"},{"$i":"activity-import-limit-additional","$v":"（文件大小必須小於10MB。）"},{"$i":"bluetooth","$v":"藍牙"},{"$i":"export","$v":"匯出"},{"$i":"export-contacts","$v":"匯出連絡人"},{"$i":"simExport-title","$v":"匯出至SIM卡"},{"$i":"memoryCardExport-title","$v":"正在導出到存儲卡..."},{"$i":"btExport-title","$v":"匯出至藍牙"},{"$i":"noSimMsgExport","$v":"若要匯出連絡人，請插入或解鎖SIM卡"},{"$i":"noSdcardExport","$v":"若要匯出連絡人，請插入記憶卡。"},{"$i":"bluetoothNoConnection","$v":"若要匯出連絡人，請連線藍牙裝置。"},{"$i":"contact-exported","$v":["已匯出",{"t":"idOrVar","v":"exported"},"位連絡人。"]},{"$i":"contact-exported2","$v":{"zero":"沒有匯出連絡人 ","one":"1個聯絡人已導出。","few":["已匯出",{"t":"idOrVar","v":"exported"},"位連絡人。"],"many":["已匯出",{"t":"idOrVar","v":"exported"},"位連絡人。"],"other":["已匯出",{"t":"idOrVar","v":"exported"},"位連絡人。"],"two":["已匯出",{"t":"idOrVar","v":"exported"},"位連絡人。"]},"$x":[{"t":"idOrVar","v":"plural"},"exported"]},{"$i":"export-contact-failed","$v":"匯出連絡人失敗"},{"$i":"contact-export-error-sim-full","$v":"匯出連絡人未完成，因為SIM卡已滿。"},{"$i":"contact-export-error-sd-full","$v":"由於存儲卡已滿，導出的聯絡人未完成。"},{"$i":"contact-export-error-unknown","$v":"導出聯絡人由於錯誤而未完成。"},{"$i":"contact-export-canceled","$v":"匯出程序已取消。"},{"$i":"save","$v":"儲存"},{"$i":"back","$v":"返回"},{"$i":"givenName","$v":"名字"},{"$i":"familyName","$v":"姓氏"},{"$i":"name","$v":"名稱"},{"$i":"org","$v":"公司"},{"$i":"ringtone","$v":"鈴聲"},{"$i":"note","$v":"備註"},{"$i":"photo","$v":"圖片"},{"$i":"email","$v":"電子郵件"},{"$i":"adr","$v":"地址"},{"$i":"custom","$v":"自訂"},{"$i":"confirm-discard-contact-data","$v":"連絡人資訊將會捨棄。是否要儲存此連絡人？"},{"$i":"confirm-discard-contact-update-data","$v":"變更將會捨棄。是否要儲存此連絡人？"},{"$i":"discard-contact-data","$v":"將捨棄變更。"},{"$i":"discard","$v":"放棄"},{"$i":"add-others","$v":"增加其他事項"},{"$i":"custom-label","$v":"自定義標籤"},{"$i":"input-the-custom-type","$v":"請輸入自訂類型"},{"$i":"contact-added","$v":"連絡人已增加。"},{"$i":"delete-prompt-message","$v":["刪除 ",{"t":"idOrVar","v":"field"},"？"]},{"$i":"delete-photo-msg","$v":"圖片"},{"$i":"delete-ringtone-msg","$v":"鈴聲"},{"$i":"delete-bday-msg","$v":"生日"},{"$i":"delete-note-msg","$v":"備註"},{"$i":"delete-org-msg","$v":"公司"},{"$i":"personal","$v":"個人"},{"$i":"mobile","$v":"行動電話"},{"$i":"current","$v":"當前"},{"$i":"home","$v":"住家"},{"$i":"work","$v":"工作"},{"$i":"other","$v":"其他"},{"$i":"fax-home","$v":"住家傳真"},{"$i":"fax-office","$v":"辦公室傳真"},{"$i":"fax-other","$v":"其他傳真"},{"$i":"add-phone","$v":"增加電話"},{"$i":"add-tel","$v":"增加電話"},{"$i":"add-email","$v":"增加電子郵件"},{"$i":"add-ringtone","$v":"增加鈴聲"},{"$i":"add-adr","$v":"增加地址"},{"$i":"add-bday","$v":"增加生日"},{"$i":"add-photo","$v":"增加圖片"},{"$i":"add-note","$v":"增加備註"},{"$i":"add-org","$v":"增加公司"},{"$i":"add-tel-number","$v":"增加電話號碼"},{"$i":"delete-tel","$v":"刪除電話號碼"},{"$i":"delete-email","$v":"刪除電子郵件"},{"$i":"delete-ringtone","$v":"刪除鈴聲"},{"$i":"delete-adr","$v":"刪除地址"},{"$i":"delete-bday","$v":"刪除生日"},{"$i":"delete-photo","$v":"刪除圖片"},{"$i":"delete-note","$v":"刪除備註"},{"$i":"delete-org","$v":"刪除公司"},{"$i":"edit-tel-type","$v":"編輯電話類型"},{"$i":"edit-email-type","$v":"編輯電子郵件類型"},{"$i":"edit-adr-type","$v":"編輯地址類型"},{"$i":"edit-bday-type","$v":"編輯生日"},{"$i":"replace-photo","$v":"變更相片"},{"$i":"replace-ringtone","$v":"變更鈴聲"},{"$i":"mobile-tel","$v":"行動電話"},{"$i":"home-tel","$v":"住家電話"},{"$i":"work-tel","$v":"工作電話"},{"$i":"personal-tel","$v":"個人行動電話"},{"$i":"fax-home-tel","$v":"住家傳真"},{"$i":"fax-office-tel","$v":"辦公室傳真"},{"$i":"fax-other-tel","$v":"其他傳真"},{"$i":"other-tel","$v":"其他手機"},{"$i":"personal-email","$v":"個人電郵"},{"$i":"work-email","$v":"工作電郵"},{"$i":"other-email","$v":"其他電子郵件"},{"$i":"custom-email","$v":[{"t":"idOrVar","v":"type"},"電子郵件"]},{"$i":"custom-tel","$v":[{"t":"idOrVar","v":"type"},"電話"]},{"$i":"personal-adr","$v":"個人地址"},{"$i":"current-adr","$v":"當前地址"},{"$i":"home-adr","$v":"住家地址"},{"$i":"work-adr","$v":"工作地址"},{"$i":"custom-adr","$v":[{"t":"idOrVar","v":"type"},"地址"]},{"$i":"bday","$v":"生日"},{"$i":"birthday","$v":"生日"},{"$i":"streetAddress","$v":"街道"},{"$i":"locality","$v":"城市"},{"$i":"postalCode","$v":"郵遞區號"},{"$i":"countryName","$v":"國家/地區"},{"$i":"region","$v":"省縣市區"},{"$i":"no-name","$v":"無名稱"},{"$i":"new-contact","$v":"新增"},{"$i":"options","$v":"選項"},{"$i":"cancel","$v":"取消"},{"$i":"settings","$v":"設定"},{"$i":"edit","$v":"編輯"},{"$i":"share","$v":"分享"},{"$i":"remove","$v":"移除"},{"$i":"compose","$v":"撰寫"},{"$i":"new-contact-title","$v":"新增連絡人"},{"$i":"edit-title","$v":"編輯連絡人"},{"$i":"music","$v":"音樂"},{"$i":"adr-type","$v":"地址類型"},{"$i":"email-type","$v":"電郵類型"},{"$i":"tel-type","$v":"手機類型"},{"$i":"ICEContactsGroup","$v":"ICE連絡人"},{"$i":"setICEButton","$v":"設定ICE連絡人"},{"$i":"ICESettingTitle","$v":"ICE連絡人"},{"$i":"ICEDescription","$v":"增加五個可向其撥打「緊急」電話的連絡人。"},{"$i":"ICEContact","$v":["ICE連絡人",{"t":"idOrVar","v":"n"}]},{"$i":"ICESelectContact","$v":"選取連絡人"},{"$i":"delete-ice-contact-warning","$v":"確認要移除ICE連絡人？"},{"$i":"confirm","$v":"確認"},{"$i":"add-ice-failed","$v":"添加ICE失敗"},{"$i":"create-group","$v":"建立群組"},{"$i":"group-name","$v":"團隊名字"},{"$i":"group","$v":"群組"},{"$i":"new-group-created","$v":"新組已創建。"},{"$i":"create-group-failed","$v":"創建組失敗。"},{"$i":"create-group-too-many","$v":["您只能建立 ",{"t":"idOrVar","v":"number"}," 個群組。"]},{"$i":"create-group-duplicate","$v":"名稱重複。"},{"$i":"rename-group-failed","$v":"重命名組失敗。"},{"$i":"new-group","$v":"新增"},{"$i":"rename","$v":"重新命名"},{"$i":"duplicate-removed","$v":"已移除重複的連絡人。"},{"$i":"add-to-group","$v":"添加到組"},{"$i":"remove-from-group","$v":"從組中刪除"},{"$i":"added-to","$v":["已添加到",{"t":"idOrVar","v":"group"}]},{"$i":"removed-from","$v":["已從",{"t":"idOrVar","v":"group"},"中刪除"]},{"$i":"select-group","$v":"選擇組"},{"$i":"rename-group","$v":"重命名組"},{"$i":"delete-group","$v":["確認要刪除 ",{"t":"idOrVar","v":"group"},"？"]},{"$i":"unable-add-warn","$v":"無法將帳戶聯絡人添加到群組。"},{"$i":"edit-contact","$v":"編輯連絡人"},{"$i":"send-message","$v":"傳送訊息"},{"$i":"call","$v":"撥號"},{"$i":"call-sim-1","$v":"通話 - SIM1卡"},{"$i":"call-sim-2","$v":"通話 - SIM2卡"},{"$i":"send-email","$v":"傳送電子郵件"},{"$i":"choose-number","$v":"選擇號碼"},{"$i":"choose-email-address","$v":"選取電子郵件"},{"$i":"delete","$v":"刪除"},{"$i":"select","$v":"選取"},{"$i":"select-all","$v":"全選"},{"$i":"select-all2","$v":"全部"},{"$i":"deselect-all","$v":"全部取消"},{"$i":"deselect-all2","$v":"無"},{"$i":"deselect","$v":"取消選取"},{"$i":"selected-contacts","$v":{"few":["已選取",{"t":"idOrVar","v":"n"}],"many":["已選取",{"t":"idOrVar","v":"n"}],"one":["已選取",{"t":"idOrVar","v":"n"}],"other":["已選取",{"t":"idOrVar","v":"n"}],"two":["已選取",{"t":"idOrVar","v":"n"}],"zero":["已選取",{"t":"idOrVar","v":"n"}]},"$x":[{"t":"idOrVar","v":"plural"},"n"]},{"$i":"massive-delete","$v":"刪除連絡人"},{"$i":"confirm-contact-delete","$v":["確認要刪除連絡人\"",{"t":"idOrVar","v":"name"},"\"？"]},{"$i":"DeletedTxt","$v":{"few":["已移除",{"t":"idOrVar","v":"n"},"個連絡人"],"many":["已移除",{"t":"idOrVar","v":"n"},"個連絡人"],"one":"已移除1個連絡人","other":["已移除",{"t":"idOrVar","v":"n"},"個連絡人"],"two":["已移除",{"t":"idOrVar","v":"n"},"個連絡人"],"zero":"無連絡人可刪除"},"$x":[{"t":"idOrVar","v":"plural"},"n"]},{"$i":"DeletingContacts","$v":"刪除連絡人"},{"$i":"DeletingContactsProgressing","$v":"正在刪除連絡人"},{"$i":"ContactConfirmDel","$v":{"few":["刪除",{"t":"idOrVar","v":"n"},"個連絡人？此動作無法復原。"],"many":["刪除",{"t":"idOrVar","v":"n"},"個連絡人？此動作無法復原。"],"one":"刪除1個連絡人？此動作無法復原。","other":["刪除",{"t":"idOrVar","v":"n"},"個連絡人？此動作無法復原。"],"two":["刪除",{"t":"idOrVar","v":"n"},"個連絡人？此動作無法復原。"],"zero":"無連絡人可刪除"},"$x":[{"t":"idOrVar","v":"plural"},"n"]},{"$i":"contact-deleted","$v":{"zero":"沒有聯絡人被刪除","one":"1個聯絡人已刪除。","few":[{"t":"idOrVar","v":"n"},"位連絡人已刪除。"],"many":[{"t":"idOrVar","v":"n"},"位連絡人已刪除。"],"other":[{"t":"idOrVar","v":"n"},"位連絡人已刪除。"],"two":[{"t":"idOrVar","v":"n"},"位連絡人已刪除。"]},"$x":[{"t":"idOrVar","v":"plural"},"n"]},{"$i":"a-contact-deleted","$v":"連絡人已刪除。"},{"$i":"settings-title","$v":"連絡人設定"},{"$i":"change-will-update-until-restart","$v":"更改將在下次啟動“聯絡人”時更新。"},{"$i":"transfer-contacts","$v":"傳輸連絡人"},{"$i":"service-number","$v":"服務號碼"},{"$i":"no-contacts-found","$v":"找不到相符項。"},{"$i":"search","$v":"搜索聯絡人","placeholder":"搜索聯絡人"},{"$i":"search-option","$v":"搜尋"},{"$i":"accounts","$v":"帳號"},{"$i":"account","$v":"帳號"},{"$i":"add-account","$v":"增加帳號"},{"$i":"add-account-failed","$v":"發生不明錯誤，請稍後再試一次。"},{"$i":"duplicate-account-warn","$v":"帳號已存在。已開啟同步。"},{"$i":"setting-up-account","$v":"正在設定帳號"},{"$i":"no-network-warn","$v":"沒有網際網路連線。"},{"$i":"username","$v":"使用者名稱"},{"$i":"password","$v":"密碼"},{"$i":"delete-account","$v":"刪除帳號"},{"$i":"delete-account-long","$v":"刪除帳戶"},{"$i":"delete-account-warn","$v":"如果您刪除此帳號，則使用此帳號的應用程式也會受到影響。"},{"$i":"deleting-account","$v":"正在刪除帳戶..."},{"$i":"delete-account-failed","$v":"刪除帳號失敗，請稍後再試。"},{"$i":"delete-account-ok","$v":"帳戶已刪除。"},{"$i":"sync","$v":"同步"},{"$i":"sync-title","$v":"連絡人同步"},{"$i":"sync-failed-warn","$v":"無法同步。"},{"$i":"sync-off-warn","$v":"在“設定”上關閉了同步。"},{"$i":"show-account-contacts","$v":"顯示帳戶聯絡人"},{"$i":"sync-account-contacts","$v":"同步帳戶聯絡人"},{"$i":"sync-account-contacts-warning","$v":["取消勾選「",{"t":"idOrVar","v":"switch"},"」時，對帳號連絡人進行的任何編輯都不會與雲端同步，您仍然要取消勾選此選項嗎？"]},{"$i":"yes","$v":"是"},{"$i":"all-contacts-synced","$v":"所有聯絡人都已同步。"},{"$i":"contact-syncing","$v":"聯絡人同步中..."},{"$i":"contacts-sync-limit-exceed","$v":"由於已超過連絡人限制，同步連絡人未完成。"},{"$i":"show-password","$v":"顯示密碼"},{"$i":"password-incorrect","$v":"密碼不正確。"},{"$i":"re-enter-password","$v":"重新輸入密碼"},{"$i":"accessing-warn","$v":"存取您的帳號時發生問題。"},{"$i":"accessing-warn-password","$v":"請重新輸入密碼。"},{"$i":"re-enter-password-on-setting","$v":"請在“通訊錄”設定中重新輸入密碼。"},{"$i":"accessing-warn-relogin","$v":"請刪除帳號並重新登入。"},{"$i":"update-password-failed","$v":"更新密碼失敗，請稍後再試。"},{"$i":"connect-time-out","$v":["無法建立與「",{"t":"idOrVar","v":"server"},"」的連線。網路可能存在問題。"]},{"$i":"server-error","$v":"伺服器無法使用，請稍後再試一次。"},{"$i":"loading","$v":"載入中…"},{"$i":"ellipsis","$v":"..."},{"$i":"stop-syncing-warn-title","$v":"聯絡人同步"},{"$i":"stop-syncing-warn","$v":"關閉應用程序將停止聯絡人同步過程。您仍然要關閉它嗎？"},{"$i":"weekday-0-long","$v":"星期日"},{"$i":"weekday-1-long","$v":"星期一"},{"$i":"weekday-2-long","$v":"星期二"},{"$i":"weekday-3-long","$v":"星期三"},{"$i":"weekday-4-long","$v":"星期四"},{"$i":"weekday-5-long","$v":"星期五"},{"$i":"weekday-6-long","$v":"星期六"},{"$i":"weekday-0-short","$v":"周日"},{"$i":"weekday-1-short","$v":"周一"},{"$i":"weekday-2-short","$v":"周二"},{"$i":"weekday-3-short","$v":"周三"},{"$i":"weekday-4-short","$v":"周四"},{"$i":"weekday-5-short","$v":"周五"},{"$i":"weekday-6-short","$v":"周六"},{"$i":"month-0-long","$v":"一月"},{"$i":"month-1-long","$v":"二月"},{"$i":"month-2-long","$v":"三月"},{"$i":"month-3-long","$v":"四月"},{"$i":"month-4-long","$v":"五月"},{"$i":"month-5-long","$v":"六月"},{"$i":"month-6-long","$v":"七月"},{"$i":"month-7-long","$v":"八月"},{"$i":"month-8-long","$v":"九月"},{"$i":"month-9-long","$v":"十月"},{"$i":"month-10-long","$v":"十一月"},{"$i":"month-11-long","$v":"十二月"},{"$i":"month-0-genitive","$v":"一月"},{"$i":"month-1-genitive","$v":"二月"},{"$i":"month-2-genitive","$v":"三月"},{"$i":"month-3-genitive","$v":"四月"},{"$i":"month-4-genitive","$v":"五月"},{"$i":"month-5-genitive","$v":"六月"},{"$i":"month-6-genitive","$v":"七月"},{"$i":"month-7-genitive","$v":"八月"},{"$i":"month-8-genitive","$v":"九月"},{"$i":"month-9-genitive","$v":"十月"},{"$i":"month-10-genitive","$v":"十一月"},{"$i":"month-11-genitive","$v":"十二月"},{"$i":"month-0-short","$v":"1月"},{"$i":"month-1-short","$v":"2月"},{"$i":"month-2-short","$v":"3月"},{"$i":"month-3-short","$v":"4月"},{"$i":"month-4-short","$v":"5月"},{"$i":"month-5-short","$v":"6月"},{"$i":"month-6-short","$v":"7月"},{"$i":"month-7-short","$v":"8月"},{"$i":"month-8-short","$v":"9月"},{"$i":"month-9-short","$v":"10月"},{"$i":"month-10-short","$v":"11月"},{"$i":"month-11-short","$v":"12月"},{"$i":"minutes-ago-long","$v":{"few":[{"t":"idOrVar","v":"value"},"分鐘前"],"many":[{"t":"idOrVar","v":"value"},"分鐘前"],"other":[{"t":"idOrVar","v":"value"},"分鐘前"],"two":[{"t":"idOrVar","v":"value"},"分鐘前"],"one":"一分鐘前","zero":"現在"},"$x":[{"t":"idOrVar","v":"plural"},"value"]},{"$i":"hours-ago-long","$v":{"few":[{"t":"idOrVar","v":"value"},"小時前"],"many":[{"t":"idOrVar","v":"value"},"小時前"],"other":[{"t":"idOrVar","v":"value"},"小時前"],"two":[{"t":"idOrVar","v":"value"},"小時前"],"one":"1小時前","zero":"現在"},"$x":[{"t":"idOrVar","v":"plural"},"value"]},{"$i":"days-ago-long","$v":{"few":[{"t":"idOrVar","v":"value"},"天前"],"many":[{"t":"idOrVar","v":"value"},"天前"],"one":"昨天","other":[{"t":"idOrVar","v":"value"},"天前"],"two":[{"t":"idOrVar","v":"value"},"天前"],"zero":"今天"},"$x":[{"t":"idOrVar","v":"plural"},"value"]},{"$i":"weeks-ago-long","$v":{"few":[{"t":"idOrVar","v":"value"},"星期前"],"many":[{"t":"idOrVar","v":"value"},"星期前"],"one":"上週","other":[{"t":"idOrVar","v":"value"},"星期前"],"two":[{"t":"idOrVar","v":"value"},"星期前"],"zero":"本週"},"$x":[{"t":"idOrVar","v":"plural"},"value"]},{"$i":"months-ago-long","$v":{"few":[{"t":"idOrVar","v":"value"},"個月前"],"many":[{"t":"idOrVar","v":"value"},"個月前"],"one":"上個月","other":[{"t":"idOrVar","v":"value"},"個月前"],"two":[{"t":"idOrVar","v":"value"},"個月前"],"zero":"本月"},"$x":[{"t":"idOrVar","v":"plural"},"value"]},{"$i":"years-ago-long","$v":{"few":[{"t":"idOrVar","v":"value"},"年前"],"many":[{"t":"idOrVar","v":"value"},"年前"],"one":"上一年","other":[{"t":"idOrVar","v":"value"},"年前"],"two":[{"t":"idOrVar","v":"value"},"年前"],"zero":"今年"},"$x":[{"t":"idOrVar","v":"plural"},"value"]},{"$i":"minutes-until-long","$v":{"few":["在",{"t":"idOrVar","v":"value"},"分鐘後"],"many":["在",{"t":"idOrVar","v":"value"},"分鐘後"],"other":["在",{"t":"idOrVar","v":"value"},"分鐘後"],"two":["在",{"t":"idOrVar","v":"value"},"分鐘後"],"zero":"現在","one":"1分鐘內"},"$x":[{"t":"idOrVar","v":"plural"},"value"]},{"$i":"hours-until-long","$v":{"few":["在",{"t":"idOrVar","v":"value"},"小時後"],"many":["在",{"t":"idOrVar","v":"value"},"小時後"],"other":["在",{"t":"idOrVar","v":"value"},"小時後"],"two":[{"t":"idOrVar","v":"value"},"小時"],"zero":"現在","one":"1小時內"},"$x":[{"t":"idOrVar","v":"plural"},"value"]},{"$i":"days-until-long","$v":{"few":["在",{"t":"idOrVar","v":"value"},"天後"],"many":["在",{"t":"idOrVar","v":"value"},"天後"],"one":"明天","other":["在",{"t":"idOrVar","v":"value"},"天後"],"two":["在",{"t":"idOrVar","v":"value"},"天後"],"zero":"今天"},"$x":[{"t":"idOrVar","v":"plural"},"value"]},{"$i":"weeks-until-long","$v":{"few":["在",{"t":"idOrVar","v":"value"},"週後"],"many":["在",{"t":"idOrVar","v":"value"},"週後"],"one":"下週","other":["在",{"t":"idOrVar","v":"value"},"週後"],"two":["在",{"t":"idOrVar","v":"value"},"週後"],"zero":"本週"},"$x":[{"t":"idOrVar","v":"plural"},"value"]},{"$i":"months-until-long","$v":{"few":["在",{"t":"idOrVar","v":"value"},"個月後"],"many":["在",{"t":"idOrVar","v":"value"},"個月後"],"one":"下個月","other":["在",{"t":"idOrVar","v":"value"},"個月後"],"two":["在",{"t":"idOrVar","v":"value"},"個月後"],"zero":"本月"},"$x":[{"t":"idOrVar","v":"plural"},"value"]},{"$i":"years-until-long","$v":{"few":["在",{"t":"idOrVar","v":"value"},"年後"],"many":["在",{"t":"idOrVar","v":"value"},"年後"],"one":"明年","other":["在",{"t":"idOrVar","v":"value"},"年後"],"two":["在",{"t":"idOrVar","v":"value"},"年後"],"zero":"今年"},"$x":[{"t":"idOrVar","v":"plural"},"value"]},{"$i":"minutes-ago-short","$v":{"other":[{"t":"idOrVar","v":"value"},"分鐘前"],"zero":"現在"},"$x":[{"t":"idOrVar","v":"plural"},"value"]},{"$i":"hours-ago-short","$v":{"other":[{"t":"idOrVar","v":"value"},"小時前"],"zero":"現在"},"$x":[{"t":"idOrVar","v":"plural"},"value"]},{"$i":"days-ago-short","$v":{"other":[{"t":"idOrVar","v":"value"},"天前"],"zero":"今天"},"$x":[{"t":"idOrVar","v":"plural"},"value"]},{"$i":"minutes-until-short","$v":{"other":["在",{"t":"idOrVar","v":"value"},"分鐘後"],"zero":"現在"},"$x":[{"t":"idOrVar","v":"plural"},"value"]},{"$i":"hours-until-short","$v":{"other":["在",{"t":"idOrVar","v":"value"},"小時後"],"zero":"現在"},"$x":[{"t":"idOrVar","v":"plural"},"value"]},{"$i":"days-until-short","$v":{"other":["在",{"t":"idOrVar","v":"value"},"天後"],"zero":"今天"},"$x":[{"t":"idOrVar","v":"plural"},"value"]},{"$i":"incorrectDate","$v":"(日期不正確)"},{"$i":"dateTimeFormat_%c","$v":"%a %b %e %Y %I:%M:%S %p"},{"$i":"dateTimeFormat_%x","$v":"%m/%d/%Y"},{"$i":"dateTimeFormat_%X","$v":"%p %I:%M:%S"},{"$i":"shortTimeFormat","$v":"%I:%M %p"},{"$i":"shortTimeFormat12","$v":"%I:%M %p"},{"$i":"shortTimeFormat24","$v":"%H:%M"},{"$i":"shortDateTimeFormat","$v":"%x %I:%M %p"},{"$i":"weekStartsOnMonday","$v":"0.0"},{"$i":"firstDayOfTheWeek","$v":"0.0"},{"$i":"time_am","$v":"上午"},{"$i":"time_pm","$v":"下午"},{"$i":"sim-with-index-and-carrier","$v":["SIM ",{"t":"idOrVar","v":"index"}," - ",{"t":"idOrVar","v":"carrier"}]},{"$i":"sim-without-carrier","$v":["SIM ",{"t":"idOrVar","v":"index"}]}]