[{"$i":"loading-prompt","$v":"جار التحميل..."},{"$i":"header-title","$v":"تحديث البرنامج"},{"$i":"settings-title","$v":"إعدادات تحديث البرنامج"},{"$i":"settings-auto-update","$v":"تحديث تلقائيًا"},{"$i":"settings-auto-update-none","$v":"لا يوجد"},{"$i":"settings-auto-update-daily","$v":"يومي"},{"$i":"settings-auto-update-weekly","$v":"أسبوعي"},{"$i":"settings-auto-update-monthly","$v":"شهري"},{"$i":"settings-download-via","$v":"تنزيل عبر"},{"$i":"settings-download-via-wifi-mob","$v":"Wi-Fi أو شبكة المحمول"},{"$i":"settings-download-via-wifionly","$v":"Wi-Fi فقط"},{"$i":"checking-for-update","$v":"جارٍ التحقق من وجود تحديثات..."},{"$i":"please-wait","$v":"يرجى الانتظار"},{"$i":"downloading-update","$v":"جارٍ تنزيل التحديث..."},{"$i":"install-prompt","$v":"تم تنزيل التحديث."},{"$i":"release-notes","$v":"ملاحظات الإصدار"},{"$i":"release-notes-label","$v":"ملاحظات الإصدار"},{"$i":"software-update-available","$v":"تحديث البرنامج متوفر."},{"$i":"software-up-to-date","$v":"برنامجك محدث."},{"$i":"check","$v":"التحقق من وجود تحديثات"},{"$i":"install","$v":"تثبيت"},{"$i":"download","$v":"تنزيل"},{"$i":"options","$v":"الخيارات"},{"$i":"settings","$v":"الإعدادات"},{"$i":"select","$v":"تحديد"},{"$i":"stop","$v":"إيقاف"},{"$i":"cancel","$v":"ألغِ"},{"$i":"ok","$v":"موافق"},{"$i":"current-version-label","$v":"الإصدار الحالي:"},{"$i":"update-version-label","$v":"إصدار التحديث:"},{"$i":"size-label","$v":"الحجم:"},{"$i":"last-check-label","$v":"آخر تحديث تم التحقق من وجوده"},{"$i":"date-label","$v":"التاريخ:"},{"$i":"version-label","$v":"الإصدار:"},{"$i":"software-download-failed","$v":"فشل تنزيل البرنامج."},{"$i":"engine-start-failed","$v":"فشل بدء محرك FOTA!"},{"$i":"engine-check-failed","$v":"فشل التحقق من وجود التحديث."},{"$i":"engine-download-failed","$v":"فشل تنزيل البرنامج."},{"$i":"engine-install-failed","$v":"حدث خطأ ما في هذا التنزيل، يرجى المحاولة مرة أخرى."},{"$i":"bizlogic-no-network","$v":"لا يوجد اتصال بالشبكة."},{"$i":"bizlogic-network-type","$v":"اتصل بشبكة Wi-Fi ثم أعد المحاولة."},{"$i":"bizlogic-free-space","$v":["نظف مساحة التخزين أو أدخل بطاقة SD مع مساحة خالية تبلغ على الأقل ",{"t":"idOrVar","v":"n"}," ميجابايت وحاول مرة أخرى."]},{"$i":"bizlogic-install-free-space","$v":["تأكد من وجود مساحة تخزين خالية ",{"t":"idOrVar","v":"n"},"ميجابايت على الأقل وحاول مرة أخرى."]},{"$i":"bizlogic-battery","$v":"تأكد من أن مستوى البطارية لا يقل عن 30% ثم أعد المحاولة."},{"$i":"bizlogic-insert-sd","$v":["أدرج بطاقة SD بمساحة خالية لا تقل عن ",{"t":"idOrVar","v":"n"},"ميجابايت وأعد المحاولة."]},{"$i":"config-downloadvia-mobile-warning","$v":"عند التنزيل عبر شبكة الهاتف المحمول، قد يتم فرض رسوم إضافية."},{"$i":"verify-update","$v":"جارٍ التحقق من التحديث..."},{"$i":"verify-failed","$v":"حدث خطأ ما في هذا التنزيل، يرجى المحاولة مرة أخرى."},{"$i":"weekday-0-long","$v":"الأحد"},{"$i":"weekday-1-long","$v":"الإثنين"},{"$i":"weekday-2-long","$v":"الثلاثاء"},{"$i":"weekday-3-long","$v":"الأربعاء"},{"$i":"weekday-4-long","$v":"الخميس"},{"$i":"weekday-5-long","$v":"الجمعة"},{"$i":"weekday-6-long","$v":"السبت"},{"$i":"weekday-0-short","$v":"أحد"},{"$i":"weekday-1-short","$v":"إثنين"},{"$i":"weekday-2-short","$v":"ثلاثاء"},{"$i":"weekday-3-short","$v":"أربعاء"},{"$i":"weekday-4-short","$v":"خميس"},{"$i":"weekday-5-short","$v":"جمعة"},{"$i":"weekday-6-short","$v":"سبت"},{"$i":"month-0-long","$v":"يناير"},{"$i":"month-1-long","$v":"فبراير"},{"$i":"month-2-long","$v":"مارس"},{"$i":"month-3-long","$v":"أبريل"},{"$i":"month-4-long","$v":"مايو"},{"$i":"month-5-long","$v":"يونيو"},{"$i":"month-6-long","$v":"يوليو"},{"$i":"month-7-long","$v":"أغسطس"},{"$i":"month-8-long","$v":"سبتمبر"},{"$i":"month-9-long","$v":"أكتوبر"},{"$i":"month-10-long","$v":"نوفمبر"},{"$i":"month-11-long","$v":"ديسمبر"},{"$i":"month-0-genitive","$v":"يناير"},{"$i":"month-1-genitive","$v":"فبراير"},{"$i":"month-2-genitive","$v":"مارس"},{"$i":"month-3-genitive","$v":"أبريل"},{"$i":"month-4-genitive","$v":"مايو"},{"$i":"month-5-genitive","$v":"يونيو"},{"$i":"month-6-genitive","$v":"يوليو"},{"$i":"month-7-genitive","$v":"أغسطس"},{"$i":"month-8-genitive","$v":"سبتمبر"},{"$i":"month-9-genitive","$v":"أكتوبر"},{"$i":"month-10-genitive","$v":"نوفمبر"},{"$i":"month-11-genitive","$v":"ديسمبر"},{"$i":"month-0-short","$v":"يناير"},{"$i":"month-1-short","$v":"فبراير"},{"$i":"month-2-short","$v":"مارس"},{"$i":"month-3-short","$v":"ابريل"},{"$i":"month-4-short","$v":"مايو"},{"$i":"month-5-short","$v":"يونيو"},{"$i":"month-6-short","$v":"يوليو"},{"$i":"month-7-short","$v":"أغسطس"},{"$i":"month-8-short","$v":"سبتمبر"},{"$i":"month-9-short","$v":"أكتوبر"},{"$i":"month-10-short","$v":"نوفمبر"},{"$i":"month-11-short","$v":"ديسمبر"},{"$i":"minutes-ago-long","$v":{"few":["منذ ",{"t":"idOrVar","v":"value"}," دقائق"],"many":["منذ ",{"t":"idOrVar","v":"value"}," دقائق"],"other":["منذ ",{"t":"idOrVar","v":"value"}," دقائق"],"two":["منذ ",{"t":"idOrVar","v":"value"}," دقائق"],"one":"منذ دقيقة","zero":"للتو"},"$x":[{"t":"idOrVar","v":"plural"},"value"]},{"$i":"hours-ago-long","$v":{"few":["منذ ",{"t":"idOrVar","v":"value"}," ساعات"],"many":["منذ ",{"t":"idOrVar","v":"value"}," ساعات"],"other":["منذ ",{"t":"idOrVar","v":"value"}," ساعات"],"two":["منذ ",{"t":"idOrVar","v":"value"}," ساعات"],"one":"قبل ساعة واحدة","zero":"للتو"},"$x":[{"t":"idOrVar","v":"plural"},"value"]},{"$i":"days-ago-long","$v":{"few":["منذ ",{"t":"idOrVar","v":"value"}," أيام"],"many":["منذ ",{"t":"idOrVar","v":"value"}," أيام"],"one":"الأمس","other":["منذ ",{"t":"idOrVar","v":"value"}," أيام"],"two":["منذ ",{"t":"idOrVar","v":"value"}," أيام"],"zero":"اليوم"},"$x":[{"t":"idOrVar","v":"plural"},"value"]},{"$i":"weeks-ago-long","$v":{"few":["منذ ",{"t":"idOrVar","v":"value"}," أسابيع"],"many":["منذ ",{"t":"idOrVar","v":"value"}," أسابيع"],"one":"الأسبوع الماضي","other":["منذ ",{"t":"idOrVar","v":"value"}," أسابيع"],"two":["منذ ",{"t":"idOrVar","v":"value"}," أسابيع"],"zero":"هذا الأسبوع"},"$x":[{"t":"idOrVar","v":"plural"},"value"]},{"$i":"months-ago-long","$v":{"few":["منذ ",{"t":"idOrVar","v":"value"}," أشهر"],"many":["منذ ",{"t":"idOrVar","v":"value"}," أشهر"],"one":"الشهر الماضي","other":["منذ ",{"t":"idOrVar","v":"value"}," أشهر"],"two":["منذ ",{"t":"idOrVar","v":"value"}," أشهر"],"zero":"هذا الشهر"},"$x":[{"t":"idOrVar","v":"plural"},"value"]},{"$i":"years-ago-long","$v":{"few":["منذ ",{"t":"idOrVar","v":"value"}," سنوات"],"many":["منذ ",{"t":"idOrVar","v":"value"}," سنوات"],"one":"السنة الماضية","other":["منذ ",{"t":"idOrVar","v":"value"}," سنوات"],"two":["منذ ",{"t":"idOrVar","v":"value"}," سنوات"],"zero":"هذه السنة"},"$x":[{"t":"idOrVar","v":"plural"},"value"]},{"$i":"minutes-until-long","$v":{"few":["خلال ",{"t":"idOrVar","v":"value"}," دقائق"],"many":["خلال ",{"t":"idOrVar","v":"value"}," دقائق"],"other":["خلال ",{"t":"idOrVar","v":"value"}," دقائق"],"two":["خلال ",{"t":"idOrVar","v":"value"}," دقائق"],"zero":"الآن","one":"خلال دقيقة"},"$x":[{"t":"idOrVar","v":"plural"},"value"]},{"$i":"hours-until-long","$v":{"few":["خلال ",{"t":"idOrVar","v":"value"}," ساعات"],"many":["خلال ",{"t":"idOrVar","v":"value"}," ساعات"],"other":["خلال ",{"t":"idOrVar","v":"value"}," ساعات"],"two":["خلال ",{"t":"idOrVar","v":"value"}," ساعات"],"zero":"الآن","one":"خلال ساعة"},"$x":[{"t":"idOrVar","v":"plural"},"value"]},{"$i":"days-until-long","$v":{"few":["خلال ",{"t":"idOrVar","v":"value"}," أيام"],"many":["خلال ",{"t":"idOrVar","v":"value"}," أيام"],"one":"غداً","other":["خلال ",{"t":"idOrVar","v":"value"}," أيام"],"two":["خلال ",{"t":"idOrVar","v":"value"}," أيام"],"zero":"اليوم"},"$x":[{"t":"idOrVar","v":"plural"},"value"]},{"$i":"weeks-until-long","$v":{"few":["خلال ",{"t":"idOrVar","v":"value"}," أسابيع"],"many":["خلال ",{"t":"idOrVar","v":"value"}," أسابيع"],"one":"الأسبوع القادم","other":["خلال ",{"t":"idOrVar","v":"value"}," أسابيع"],"two":["خلال ",{"t":"idOrVar","v":"value"}," أسابيع"],"zero":"هذا الأسبوع"},"$x":[{"t":"idOrVar","v":"plural"},"value"]},{"$i":"months-until-long","$v":{"few":["خلال ",{"t":"idOrVar","v":"value"}," شهور"],"many":["خلال ",{"t":"idOrVar","v":"value"}," شهور"],"one":"الشهر القادم","other":["خلال ",{"t":"idOrVar","v":"value"}," شهور"],"two":["خلال ",{"t":"idOrVar","v":"value"}," شهور"],"zero":"هذا الشهر"},"$x":[{"t":"idOrVar","v":"plural"},"value"]},{"$i":"years-until-long","$v":{"few":["خلال ",{"t":"idOrVar","v":"value"}," سنوات"],"many":["خلال ",{"t":"idOrVar","v":"value"}," سنوات"],"one":"السنة القادمة","other":["خلال ",{"t":"idOrVar","v":"value"}," سنوات"],"two":["خلال ",{"t":"idOrVar","v":"value"}," سنوات"],"zero":"هذه السنة"},"$x":[{"t":"idOrVar","v":"plural"},"value"]},{"$i":"minutes-ago-short","$v":{"other":["منذ ",{"t":"idOrVar","v":"value"}," دقيقة"],"zero":"للتو"},"$x":[{"t":"idOrVar","v":"plural"},"value"]},{"$i":"hours-ago-short","$v":{"other":["منذ ",{"t":"idOrVar","v":"value"}," س"],"zero":"للتو"},"$x":[{"t":"idOrVar","v":"plural"},"value"]},{"$i":"days-ago-short","$v":{"other":["منذ ",{"t":"idOrVar","v":"value"}," ي"],"zero":"اليوم"},"$x":[{"t":"idOrVar","v":"plural"},"value"]},{"$i":"minutes-until-short","$v":{"other":["خلال ",{"t":"idOrVar","v":"value"}," د"],"zero":"الآن"},"$x":[{"t":"idOrVar","v":"plural"},"value"]},{"$i":"hours-until-short","$v":{"other":["خلال ",{"t":"idOrVar","v":"value"}," س"],"zero":"الآن"},"$x":[{"t":"idOrVar","v":"plural"},"value"]},{"$i":"days-until-short","$v":{"other":["خلال ",{"t":"idOrVar","v":"value"}," ي"],"zero":"اليوم"},"$x":[{"t":"idOrVar","v":"plural"},"value"]},{"$i":"incorrectDate","$v":"(تاريخ غير صحيح)"},{"$i":"dateTimeFormat_%c","$v":"%a %e %b %Y %I:%M:%S %p"},{"$i":"dateTimeFormat_%x","$v":"%Y/%m/%d"},{"$i":"dateTimeFormat_%X","$v":"%I:%M:%S %p"},{"$i":"shortTimeFormat","$v":"%I:%M %p"},{"$i":"shortTimeFormat12","$v":"%I:%M %p"},{"$i":"shortTimeFormat24","$v":"%H:%M"},{"$i":"shortDateTimeFormat","$v":"%x %I:%M %p"},{"$i":"weekStartsOnMonday","$v":"0.0"},{"$i":"firstDayOfTheWeek","$v":"0.0"},{"$i":"time_am","$v":"ص"},{"$i":"time_pm","$v":"م"}]