[{"$i":"loading-prompt","$v":"Загружаецца..."},{"$i":"header-title","$v":"Абнаўленне праграмнага забеспячэння"},{"$i":"settings-title","$v":"Налады абнаўлення ПЗ"},{"$i":"settings-auto-update","$v":"Аўтаматычнае абнаўленне"},{"$i":"settings-auto-update-none","$v":"Няма"},{"$i":"settings-auto-update-daily","$v":"Штодня"},{"$i":"settings-auto-update-weekly","$v":"Штотыдзень"},{"$i":"settings-auto-update-monthly","$v":"Штомесяц"},{"$i":"settings-download-via","$v":"Спампаваць праз"},{"$i":"settings-download-via-wifi-mob","$v":"Wi-Fi або мабільную сетку"},{"$i":"settings-download-via-wifionly","$v":"Тольк Wi-Fi"},{"$i":"checking-for-update","$v":"Правяраюцца абнаўленні…"},{"$i":"please-wait","$v":"Пачакайце"},{"$i":"downloading-update","$v":"Спампоўка абнаўлення..."},{"$i":"install-prompt","$v":"Абнаўленне загружана."},{"$i":"release-notes","$v":"Нататкі аб выпуску"},{"$i":"release-notes-label","$v":"Нататкі аб выпуску"},{"$i":"software-update-available","$v":"Ёсць абнаўленне ПЗ."},{"$i":"software-up-to-date","$v":"Вы маеце найноўшае ПЗ."},{"$i":"check","$v":"Праверыць абнаўленні"},{"$i":"install","$v":"Усталяваць"},{"$i":"download","$v":"Спампаваць"},{"$i":"options","$v":"Параметры"},{"$i":"settings","$v":"Настройкі"},{"$i":"select","$v":"Выбраць"},{"$i":"stop","$v":"Спыніць"},{"$i":"cancel","$v":"Скасаваць"},{"$i":"ok","$v":"OK"},{"$i":"current-version-label","$v":"Бягучая версія:"},{"$i":"update-version-label","$v":"Версія абнаўлення:"},{"$i":"size-label","$v":"Памер:"},{"$i":"last-check-label","$v":"Апоняя праверка на абнаўленні:"},{"$i":"date-label","$v":"Дата:"},{"$i":"version-label","$v":"Версія:"},{"$i":"software-download-failed","$v":"Памылка спампавання ПЗ"},{"$i":"engine-start-failed","$v":"Памылка запуску механізма FOTA!"},{"$i":"engine-check-failed","$v":"Памылка праверкі абнаўлення."},{"$i":"engine-download-failed","$v":"Памылка спампавання ПЗ"},{"$i":"engine-install-failed","$v":"Што - то пайшло не так з гэтай загрузкай, калі ласка , паспрабуйце яшчэ раз."},{"$i":"bizlogic-no-network","$v":"Няма падключэння да інтэрнэту."},{"$i":"bizlogic-network-type","$v":"Падключыцеся да сеткі Wi-Fi і паўтарыце спробу."},{"$i":"bizlogic-free-space","$v":["Ачысціце сховішча або ўстаўце SD-картку, на якой ёсць мінімум ",{"t":"idOrVar","v":"n"}," МБ вольнага месца, і паўтарыце спробу."]},{"$i":"bizlogic-install-free-space","$v":["Упэўніцеся, што сховішча мае мінімум ",{"t":"idOrVar","v":"n"},"МБ вольнага месца і паўтарыце спробу."]},{"$i":"bizlogic-battery","$v":"Упэўніцеся, што зарад акумулятара складае мінімум 30% і паўтарыце спробу."},{"$i":"bizlogic-insert-sd","$v":["Устаўце SD-карту з як мінімум ",{"t":"idOrVar","v":"n"},"МБ вольнага месца і паўтарыце спробу."]},{"$i":"config-downloadvia-mobile-warning","$v":"Падчас спампавання па мабільным інтэрнэце можа спаганяцца дадатковая аплата."},{"$i":"verify-update","$v":"Праверка абнаўлення ..."},{"$i":"verify-failed","$v":"Што - то пайшло не так з гэтай загрузкай, калі ласка , паспрабуйце яшчэ раз."},{"$i":"weekday-0-long","$v":"Нядзеля"},{"$i":"weekday-1-long","$v":"Панядзелак"},{"$i":"weekday-2-long","$v":"Аўторак"},{"$i":"weekday-3-long","$v":"Серада"},{"$i":"weekday-4-long","$v":"Чацвер"},{"$i":"weekday-5-long","$v":"Пятніца"},{"$i":"weekday-6-long","$v":"Субота"},{"$i":"weekday-0-short","$v":"Нядз"},{"$i":"weekday-1-short","$v":"Пан"},{"$i":"weekday-2-short","$v":"Аўт"},{"$i":"weekday-3-short","$v":"Сер"},{"$i":"weekday-4-short","$v":"Чацв"},{"$i":"weekday-5-short","$v":"Пят"},{"$i":"weekday-6-short","$v":"Суб"},{"$i":"month-0-long","$v":"Студзень"},{"$i":"month-1-long","$v":"Люты"},{"$i":"month-2-long","$v":"Сакавік"},{"$i":"month-3-long","$v":"Красавік"},{"$i":"month-4-long","$v":"Май"},{"$i":"month-5-long","$v":"Чэрвень"},{"$i":"month-6-long","$v":"Ліпень"},{"$i":"month-7-long","$v":"Жнівень"},{"$i":"month-8-long","$v":"Верасень"},{"$i":"month-9-long","$v":"Кастрычнік"},{"$i":"month-10-long","$v":"Лістапад"},{"$i":"month-11-long","$v":"Снежань"},{"$i":"month-0-genitive","$v":"Студзень"},{"$i":"month-1-genitive","$v":"Люты"},{"$i":"month-2-genitive","$v":"Сакавік"},{"$i":"month-3-genitive","$v":"Красавік"},{"$i":"month-4-genitive","$v":"Май"},{"$i":"month-5-genitive","$v":"Чэрвень"},{"$i":"month-6-genitive","$v":"Ліпень"},{"$i":"month-7-genitive","$v":"Жнівень"},{"$i":"month-8-genitive","$v":"Верасень"},{"$i":"month-9-genitive","$v":"Кастрычнік"},{"$i":"month-10-genitive","$v":"Лістапад"},{"$i":"month-11-genitive","$v":"Снежань"},{"$i":"month-0-short","$v":"Сту"},{"$i":"month-1-short","$v":"Лют"},{"$i":"month-2-short","$v":"Сак"},{"$i":"month-3-short","$v":"Кра"},{"$i":"month-4-short","$v":"Май"},{"$i":"month-5-short","$v":"Чэр"},{"$i":"month-6-short","$v":"Ліп"},{"$i":"month-7-short","$v":"Жні"},{"$i":"month-8-short","$v":"Вер"},{"$i":"month-9-short","$v":"Кас"},{"$i":"month-10-short","$v":"Ліс"},{"$i":"month-11-short","$v":"Снж"},{"$i":"minutes-ago-long","$v":{"few":["Хвілін таму: ",{"t":"idOrVar","v":"value"}],"many":["Хвілін таму: ",{"t":"idOrVar","v":"value"}],"other":["Хвілін таму: ",{"t":"idOrVar","v":"value"}],"two":["Хвілін таму: ",{"t":"idOrVar","v":"value"}],"one":"хвіліну таму","zero":"толькі цяпер"},"$x":[{"t":"idOrVar","v":"plural"},"n"]},{"$i":"hours-ago-long","$v":{"few":["Гадзін таму: ",{"t":"idOrVar","v":"value"}],"many":["Гадзін таму: ",{"t":"idOrVar","v":"value"}],"other":["Гадзін таму: ",{"t":"idOrVar","v":"value"}],"two":["Гадзін таму: ",{"t":"idOrVar","v":"value"}],"one":"1 час назад","zero":"толькі цяпер"},"$x":[{"t":"idOrVar","v":"plural"},"n"]},{"$i":"days-ago-long","$v":{"few":["Дзён таму: ",{"t":"idOrVar","v":"value"}],"many":["Дзён таму: ",{"t":"idOrVar","v":"value"}],"one":"учора","other":["Дзён таму: ",{"t":"idOrVar","v":"value"}],"two":["Дзён таму: ",{"t":"idOrVar","v":"value"}],"zero":"сёння"},"$x":[{"t":"idOrVar","v":"plural"},"n"]},{"$i":"weeks-ago-long","$v":{"few":["Тыдняў таму: ",{"t":"idOrVar","v":"value"}],"many":["Тыдняў таму: ",{"t":"idOrVar","v":"value"}],"one":"на мінулым тыдні","other":["Тыдняў таму: ",{"t":"idOrVar","v":"value"}],"two":["Тыдняў таму: ",{"t":"idOrVar","v":"value"}],"zero":"на гэтым тыдні"},"$x":[{"t":"idOrVar","v":"plural"},"n"]},{"$i":"months-ago-long","$v":{"few":["Месяцаў таму: ",{"t":"idOrVar","v":"value"}],"many":["Месяцаў таму: ",{"t":"idOrVar","v":"value"}],"one":"у мінулым месяцы","other":["Месяцаў таму: ",{"t":"idOrVar","v":"value"}],"two":["Месяцаў таму: ",{"t":"idOrVar","v":"value"}],"zero":"у гэтым месяцы"},"$x":[{"t":"idOrVar","v":"plural"},"n"]},{"$i":"years-ago-long","$v":{"few":["Гадоў таму: ",{"t":"idOrVar","v":"value"}],"many":["Гадоў таму: ",{"t":"idOrVar","v":"value"}],"one":"у мінулым годзе","other":["Гадоў таму: ",{"t":"idOrVar","v":"value"}],"two":["Гадоў таму: ",{"t":"idOrVar","v":"value"}],"zero":"у гэтым годзе"},"$x":[{"t":"idOrVar","v":"plural"},"n"]},{"$i":"minutes-until-long","$v":{"few":["праз ",{"t":"idOrVar","v":"value"}," хвілін(-ы)"],"many":["праз ",{"t":"idOrVar","v":"value"}," хвілін(-ы)"],"other":["праз ",{"t":"idOrVar","v":"value"}," хвілін(-ы)"],"two":["праз ",{"t":"idOrVar","v":"value"}," хвілін(-ы)"],"zero":"цяпер","one":"праз 1 хвіліну"},"$x":[{"t":"idOrVar","v":"plural"},"n"]},{"$i":"hours-until-long","$v":{"few":["праз ",{"t":"idOrVar","v":"value"}," гадзін(-ы)"],"many":["праз ",{"t":"idOrVar","v":"value"}," гадзін(-ы)"],"other":["праз ",{"t":"idOrVar","v":"value"}," гадзін(-ы)"],"two":["праз ",{"t":"idOrVar","v":"value"}," гадзін(-ы)"],"zero":"цяпер","one":"праз 1 гадзіну"},"$x":[{"t":"idOrVar","v":"plural"},"n"]},{"$i":"days-until-long","$v":{"few":["праз ",{"t":"idOrVar","v":"value"}," дні(дзён)"],"many":["праз ",{"t":"idOrVar","v":"value"}," дні(дзён)"],"one":"заўтра","other":["праз ",{"t":"idOrVar","v":"value"}," дні(дзён)"],"two":["праз ",{"t":"idOrVar","v":"value"}," дні(дзён)"],"zero":"сёння"},"$x":[{"t":"idOrVar","v":"plural"},"n"]},{"$i":"weeks-until-long","$v":{"few":["праз ",{"t":"idOrVar","v":"value"}," тыдні(-яў)"],"many":["праз ",{"t":"idOrVar","v":"value"}," тыдні(-яў)"],"one":"на наступным тыдні","other":["праз ",{"t":"idOrVar","v":"value"}," тыдні(-яў)"],"two":["праз ",{"t":"idOrVar","v":"value"}," тыдні(-яў)"],"zero":"на гэтым тыдні"},"$x":[{"t":"idOrVar","v":"plural"},"n"]},{"$i":"months-until-long","$v":{"few":["праз ",{"t":"idOrVar","v":"value"}," месяц(-аў)"],"many":["праз ",{"t":"idOrVar","v":"value"}," месяц(-аў)"],"one":"у наступным месяцы","other":["праз ",{"t":"idOrVar","v":"value"}," месяц(-аў)"],"two":["праз ",{"t":"idOrVar","v":"value"}," месяц(-аў)"],"zero":"у гэтым месяцы"},"$x":[{"t":"idOrVar","v":"plural"},"n"]},{"$i":"years-until-long","$v":{"few":["праз ",{"t":"idOrVar","v":"value"}," гады (год)"],"many":["праз ",{"t":"idOrVar","v":"value"}," гады (год)"],"one":"у наступным годзе","other":["праз ",{"t":"idOrVar","v":"value"}," гады (год)"],"two":["праз ",{"t":"idOrVar","v":"value"}," гады (год)"],"zero":"у гэтым годзе"},"$x":[{"t":"idOrVar","v":"plural"},"n"]},{"$i":"minutes-ago-short","$v":{"other":[{"t":"idOrVar","v":"value"},"хв таму"],"zero":"толькі цяпер"},"$x":[{"t":"idOrVar","v":"plural"},"n"]},{"$i":"hours-ago-short","$v":{"other":[{"t":"idOrVar","v":"value"},"гадз таму"],"zero":"толькі цяпер"},"$x":[{"t":"idOrVar","v":"plural"},"n"]},{"$i":"days-ago-short","$v":{"other":[{"t":"idOrVar","v":"value"},"д таму"],"zero":"сёння"},"$x":[{"t":"idOrVar","v":"plural"},"n"]},{"$i":"minutes-until-short","$v":{"other":["праз ",{"t":"idOrVar","v":"value"},"хв"],"zero":"цяпер"},"$x":[{"t":"idOrVar","v":"plural"},"n"]},{"$i":"hours-until-short","$v":{"other":["праз ",{"t":"idOrVar","v":"value"},"гадз"],"zero":"цяпер"},"$x":[{"t":"idOrVar","v":"plural"},"n"]},{"$i":"days-until-short","$v":{"other":["праз ",{"t":"idOrVar","v":"value"},"д"],"zero":"сёння"},"$x":[{"t":"idOrVar","v":"plural"},"n"]},{"$i":"incorrectDate","$v":"(няправільная дата)"},{"$i":"dateTimeFormat_%c","$v":"%a %b %e %Y %I:%M:%S %p"},{"$i":"dateTimeFormat_%x","$v":"%m/%d/%Y"},{"$i":"dateTimeFormat_%X","$v":"%I:%M:%S %p"},{"$i":"shortTimeFormat","$v":"%I:%M %p"},{"$i":"shortTimeFormat12","$v":"%I:%M %p"},{"$i":"shortTimeFormat24","$v":"%H:%M"},{"$i":"shortDateTimeFormat","$v":"%x %I:%M %p"},{"$i":"weekStartsOnMonday","$v":"0.0"},{"$i":"firstDayOfTheWeek","$v":"1.0"},{"$i":"time_am","$v":"Ран."},{"$i":"time_pm","$v":"PM"}]