[{"$i":"loading-prompt","$v":"Зареждане..."},{"$i":"header-title","$v":"Актуал. за софтуер"},{"$i":"settings-title","$v":"Настройки на актуал. за софтуер"},{"$i":"settings-auto-update","$v":"Автоматично актуал."},{"$i":"settings-auto-update-none","$v":"Няма"},{"$i":"settings-auto-update-daily","$v":"Ежедневно"},{"$i":"settings-auto-update-weekly","$v":"Седмично"},{"$i":"settings-auto-update-monthly","$v":"Месечно"},{"$i":"settings-download-via","$v":"Изтегляне чрез"},{"$i":"settings-download-via-wifi-mob","$v":"Wi-Fi или мобилна мрежа"},{"$i":"settings-download-via-wifionly","$v":"Само Wi-Fi"},{"$i":"checking-for-update","$v":"Проверка за актуал…"},{"$i":"please-wait","$v":"Изчакайте"},{"$i":"downloading-update","$v":"Изтегляне на актуал..."},{"$i":"install-prompt","$v":"Актуализация изтеглена."},{"$i":"release-notes","$v":"Бележки по изданието"},{"$i":"release-notes-label","$v":"Бележки по изданието"},{"$i":"software-update-available","$v":"Налична актуал. за софтуер."},{"$i":"software-up-to-date","$v":"Софтуерът ви е актуален."},{"$i":"check","$v":"Проверка за актуал."},{"$i":"install","$v":"Инсталиране"},{"$i":"download","$v":"Изтегляне"},{"$i":"options","$v":"Опции"},{"$i":"settings","$v":"Настройки"},{"$i":"select","$v":"Избор"},{"$i":"stop","$v":"Стоп"},{"$i":"cancel","$v":"Отказ"},{"$i":"ok","$v":"ОК"},{"$i":"current-version-label","$v":"Текуща версия:"},{"$i":"update-version-label","$v":"Версия на актуал.:"},{"$i":"size-label","$v":"Размер:"},{"$i":"last-check-label","$v":"Последна проверка за актуал.:"},{"$i":"date-label","$v":"Дата:"},{"$i":"version-label","$v":"Версия:"},{"$i":"software-download-failed","$v":"Неуспешно изтегляне на софтуер."},{"$i":"engine-start-failed","$v":"Неуспешно стартиране на система FOTA!"},{"$i":"engine-check-failed","$v":"Неуспешна проверка за актуал."},{"$i":"engine-download-failed","$v":"Неуспешно изтегляне на софтуер."},{"$i":"engine-install-failed","$v":"Нещо се обърка с това изтегляне. Моля, опитайте отново."},{"$i":"bizlogic-no-network","$v":"Няма връзка с мрежа."},{"$i":"bizlogic-network-type","$v":"Свържете се с Wi-Fi и опитайте пак."},{"$i":"bizlogic-free-space","$v":["Освободете памет или поставете SD карта с поне ",{"t":"idOrVar","v":"n"},"MB празно място и опитайте отново."]},{"$i":"bizlogic-install-free-space","$v":["Уверете се, че в паметта има поне ",{"t":"idOrVar","v":"n"}," MB свободно място и опитайте пак."]},{"$i":"bizlogic-battery","$v":"Уверете се, че батерията е поне на 30% и опитайте пак."},{"$i":"bizlogic-insert-sd","$v":["Поставете SD карта с поне ",{"t":"idOrVar","v":"n"}," MB празно място и опитайте отново."]},{"$i":"config-downloadvia-mobile-warning","$v":"Когато изтегляте чрез мобилна мрежа, може да са приложими допълнителни такси."},{"$i":"verify-update","$v":"Проверка на актуализацията ..."},{"$i":"verify-failed","$v":"Нещо се обърка с това изтегляне. Моля, опитайте отново."},{"$i":"weekday-0-long","$v":"Неделя"},{"$i":"weekday-1-long","$v":"Понеделник"},{"$i":"weekday-2-long","$v":"Вторник"},{"$i":"weekday-3-long","$v":"Сряда"},{"$i":"weekday-4-long","$v":"Четвъртък"},{"$i":"weekday-5-long","$v":"Петък"},{"$i":"weekday-6-long","$v":"Събота"},{"$i":"weekday-0-short","$v":"нед"},{"$i":"weekday-1-short","$v":"пон"},{"$i":"weekday-2-short","$v":"втор"},{"$i":"weekday-3-short","$v":"ср"},{"$i":"weekday-4-short","$v":"чт"},{"$i":"weekday-5-short","$v":"пет"},{"$i":"weekday-6-short","$v":"сб"},{"$i":"month-0-long","$v":"Януари"},{"$i":"month-1-long","$v":"Февруари"},{"$i":"month-2-long","$v":"Март"},{"$i":"month-3-long","$v":"Април"},{"$i":"month-4-long","$v":"май"},{"$i":"month-5-long","$v":"Юни"},{"$i":"month-6-long","$v":"Юли"},{"$i":"month-7-long","$v":"Август"},{"$i":"month-8-long","$v":"Септември"},{"$i":"month-9-long","$v":"Октомври"},{"$i":"month-10-long","$v":"Ноември"},{"$i":"month-11-long","$v":"Декември"},{"$i":"month-0-genitive","$v":"Януари"},{"$i":"month-1-genitive","$v":"Февруари"},{"$i":"month-2-genitive","$v":"Март"},{"$i":"month-3-genitive","$v":"Април"},{"$i":"month-4-genitive","$v":"май"},{"$i":"month-5-genitive","$v":"Юни"},{"$i":"month-6-genitive","$v":"Юли"},{"$i":"month-7-genitive","$v":"Август"},{"$i":"month-8-genitive","$v":"Септември"},{"$i":"month-9-genitive","$v":"Октомври"},{"$i":"month-10-genitive","$v":"Ноември"},{"$i":"month-11-genitive","$v":"Декември"},{"$i":"month-0-short","$v":"ян"},{"$i":"month-1-short","$v":"фев"},{"$i":"month-2-short","$v":"март"},{"$i":"month-3-short","$v":"апр"},{"$i":"month-4-short","$v":"май"},{"$i":"month-5-short","$v":"юни"},{"$i":"month-6-short","$v":"юли"},{"$i":"month-7-short","$v":"авг"},{"$i":"month-8-short","$v":"септ"},{"$i":"month-9-short","$v":"окт"},{"$i":"month-10-short","$v":"ноем"},{"$i":"month-11-short","$v":"дек"},{"$i":"minutes-ago-long","$v":{"few":["Преди ",{"t":"idOrVar","v":"value"}," минути"],"many":["Преди ",{"t":"idOrVar","v":"value"}," минути"],"other":["Преди ",{"t":"idOrVar","v":"value"}," минути"],"two":["Преди ",{"t":"idOrVar","v":"value"}," минути"],"one":"преди минута","zero":"точно сега"},"$x":[{"t":"idOrVar","v":"plural"},"value"]},{"$i":"hours-ago-long","$v":{"few":["Преди ",{"t":"idOrVar","v":"value"}," часа"],"many":["Преди ",{"t":"idOrVar","v":"value"}," часа"],"other":["Преди ",{"t":"idOrVar","v":"value"}," часа"],"two":["Преди ",{"t":"idOrVar","v":"value"}," часа"],"one":"преди 1 час","zero":"точно сега"},"$x":[{"t":"idOrVar","v":"plural"},"value"]},{"$i":"days-ago-long","$v":{"few":["Преди ",{"t":"idOrVar","v":"value"}," дни"],"many":["Преди ",{"t":"idOrVar","v":"value"}," дни"],"one":"вчера","other":["Преди ",{"t":"idOrVar","v":"value"}," дни"],"two":["Преди ",{"t":"idOrVar","v":"value"}," дни"],"zero":"днес"},"$x":[{"t":"idOrVar","v":"plural"},"value"]},{"$i":"weeks-ago-long","$v":{"few":["Преди ",{"t":"idOrVar","v":"value"}," седмици"],"many":["Преди ",{"t":"idOrVar","v":"value"}," седмици"],"one":"последната седмица","other":["Преди ",{"t":"idOrVar","v":"value"}," седмици"],"two":["Преди ",{"t":"idOrVar","v":"value"}," седмици"],"zero":"тази седмица"},"$x":[{"t":"idOrVar","v":"plural"},"value"]},{"$i":"months-ago-long","$v":{"few":["Преди ",{"t":"idOrVar","v":"value"}," месеца"],"many":["Преди ",{"t":"idOrVar","v":"value"}," месеца"],"one":"последния месец","other":["Преди ",{"t":"idOrVar","v":"value"}," месеца"],"two":["Преди ",{"t":"idOrVar","v":"value"}," месеца"],"zero":"този месец"},"$x":[{"t":"idOrVar","v":"plural"},"value"]},{"$i":"years-ago-long","$v":{"few":["Преди ",{"t":"idOrVar","v":"value"}," години"],"many":["Преди ",{"t":"idOrVar","v":"value"}," години"],"one":"последната година","other":["Преди ",{"t":"idOrVar","v":"value"}," години"],"two":["Преди ",{"t":"idOrVar","v":"value"}," години"],"zero":"тази година"},"$x":[{"t":"idOrVar","v":"plural"},"value"]},{"$i":"minutes-until-long","$v":{"few":["след ",{"t":"idOrVar","v":"value"}," минути"],"many":["след ",{"t":"idOrVar","v":"value"}," минути"],"other":["след ",{"t":"idOrVar","v":"value"}," минути"],"two":["след ",{"t":"idOrVar","v":"value"}," минути"],"zero":"сега","one":"след 1 минута"},"$x":[{"t":"idOrVar","v":"plural"},"value"]},{"$i":"hours-until-long","$v":{"few":["след ",{"t":"idOrVar","v":"value"}," часа"],"many":["след ",{"t":"idOrVar","v":"value"}," часа"],"other":["след ",{"t":"idOrVar","v":"value"}," часа"],"two":["след ",{"t":"idOrVar","v":"value"}," часа"],"zero":"сега","one":"след 1 час"},"$x":[{"t":"idOrVar","v":"plural"},"value"]},{"$i":"days-until-long","$v":{"few":["след ",{"t":"idOrVar","v":"value"}," дни"],"many":["след ",{"t":"idOrVar","v":"value"}," дни"],"one":"утре","other":["след ",{"t":"idOrVar","v":"value"}," дни"],"two":["след ",{"t":"idOrVar","v":"value"}," дни"],"zero":"днес"},"$x":[{"t":"idOrVar","v":"plural"},"value"]},{"$i":"weeks-until-long","$v":{"few":["след ",{"t":"idOrVar","v":"value"}," седмици"],"many":["след ",{"t":"idOrVar","v":"value"}," седмици"],"one":"следващата седмица","other":["след ",{"t":"idOrVar","v":"value"}," седмици"],"two":["след ",{"t":"idOrVar","v":"value"}," седмици"],"zero":"тази седмица"},"$x":[{"t":"idOrVar","v":"plural"},"value"]},{"$i":"months-until-long","$v":{"few":["след ",{"t":"idOrVar","v":"value"}," месеца"],"many":["след ",{"t":"idOrVar","v":"value"}," месеца"],"one":"следващия месец","other":["след ",{"t":"idOrVar","v":"value"}," месеца"],"two":["след ",{"t":"idOrVar","v":"value"}," месеца"],"zero":"този месец"},"$x":[{"t":"idOrVar","v":"plural"},"value"]},{"$i":"years-until-long","$v":{"few":["след ",{"t":"idOrVar","v":"value"}," години"],"many":["след ",{"t":"idOrVar","v":"value"}," години"],"one":"следващата година","other":["след ",{"t":"idOrVar","v":"value"}," години"],"two":["след ",{"t":"idOrVar","v":"value"}," години"],"zero":"тази година"},"$x":[{"t":"idOrVar","v":"plural"},"value"]},{"$i":"minutes-ago-short","$v":{"other":["Преди ",{"t":"idOrVar","v":"value"}," мин."],"zero":"точно сега"},"$x":[{"t":"idOrVar","v":"plural"},"value"]},{"$i":"hours-ago-short","$v":{"other":["Преди ",{"t":"idOrVar","v":"value"}," ч."],"zero":"точно сега"},"$x":[{"t":"idOrVar","v":"plural"},"value"]},{"$i":"days-ago-short","$v":{"other":["Преди ",{"t":"idOrVar","v":"value"}," дни"],"zero":"днес"},"$x":[{"t":"idOrVar","v":"plural"},"value"]},{"$i":"minutes-until-short","$v":{"other":["след ",{"t":"idOrVar","v":"value"},"м."],"zero":"сега"},"$x":[{"t":"idOrVar","v":"plural"},"value"]},{"$i":"hours-until-short","$v":{"other":["след ",{"t":"idOrVar","v":"value"},"ч."],"zero":"сега"},"$x":[{"t":"idOrVar","v":"plural"},"value"]},{"$i":"days-until-short","$v":{"other":["след ",{"t":"idOrVar","v":"value"},"д."],"zero":"днес"},"$x":[{"t":"idOrVar","v":"plural"},"value"]},{"$i":"incorrectDate","$v":"(неправилна дата)"},{"$i":"dateTimeFormat_%c","$v":"%a %b %e %Y %I:%M:%S %p"},{"$i":"dateTimeFormat_%x","$v":"%m/%d/%Y"},{"$i":"dateTimeFormat_%X","$v":"%I:%M:%S ч. %p"},{"$i":"shortTimeFormat","$v":"%I:%M %p"},{"$i":"shortTimeFormat12","$v":"%I:%M %p"},{"$i":"shortTimeFormat24","$v":"%H:%M"},{"$i":"shortDateTimeFormat","$v":"%x %I:%M %p"},{"$i":"weekStartsOnMonday","$v":"0.0"},{"$i":"firstDayOfTheWeek","$v":"1.0"},{"$i":"time_am","$v":"AM"},{"$i":"time_pm","$v":"PM"}]