[{"$i":"loading-prompt","$v":"লোড হচ্ছে..."},{"$i":"header-title","$v":"সফটওয়্যারের আপডেট"},{"$i":"settings-title","$v":"সফ্টওয়্যার আপডেটের সেটিংস"},{"$i":"settings-auto-update","$v":"স্বয়ংক্রিয় আপডেট"},{"$i":"settings-auto-update-none","$v":"একটিও নয়"},{"$i":"settings-auto-update-daily","$v":"দৈনিক"},{"$i":"settings-auto-update-weekly","$v":"সাপ্তাহিক"},{"$i":"settings-auto-update-monthly","$v":"মাসিক"},{"$i":"settings-download-via","$v":"এর মাধ্যমে ডাউনলোড করুন"},{"$i":"settings-download-via-wifi-mob","$v":"Wi-Fi অথবা মোবাইল নেটওয়ার্ক"},{"$i":"settings-download-via-wifionly","$v":"শুধুমাত্র Wi-Fi"},{"$i":"checking-for-update","$v":"হালনাগাদ আছে কিনা চেক করা হচ্ছে..."},{"$i":"please-wait","$v":"অনুগ্রহ করে অপেক্ষা করুন"},{"$i":"downloading-update","$v":"আপডেট ডাউনলোড হচ্ছে..."},{"$i":"install-prompt","$v":"আপডেট ডাউনলোড হয়েছে।"},{"$i":"release-notes","$v":"প্রকাশের বিষয়ে দ্রষ্টব্য"},{"$i":"release-notes-label","$v":"প্রকাশের বিষয়ে দ্রষ্টব্য"},{"$i":"software-update-available","$v":"সফ্টওয়্যার আপডেট রয়েছে।"},{"$i":"software-up-to-date","$v":"আপনার সফ্টওয়্যার আপ-টু-ডেট আছে।"},{"$i":"check","$v":"হালনাগাদ আছে কিনা চেক করুন"},{"$i":"install","$v":"ইনস্টল করুন"},{"$i":"download","$v":"ডাউনলোড করুন"},{"$i":"options","$v":"বিকল্প"},{"$i":"settings","$v":"সেটিং"},{"$i":"select","$v":"নির্বাচন করুন"},{"$i":"stop","$v":"থামান"},{"$i":"cancel","$v":"বাতিল করুন"},{"$i":"ok","$v":"ঠিক আছে"},{"$i":"current-version-label","$v":"বর্তমান সংস্করণ:"},{"$i":"update-version-label","$v":"আপডেটের সংস্করণ:"},{"$i":"size-label","$v":"আকার:"},{"$i":"last-check-label","$v":"আপডেটের জন্য শেষবার দেখা হয়েছে:"},{"$i":"date-label","$v":"তারিখ:"},{"$i":"version-label","$v":"সংস্করণ:"},{"$i":"software-download-failed","$v":"সফ্টওয়্যার ডাউনলোড করা গেল না।"},{"$i":"engine-start-failed","$v":"FOTA ইঞ্জিন শুরু করা গেল না!"},{"$i":"engine-check-failed","$v":"আপডেট পরীক্ষা করা গেল না।"},{"$i":"engine-download-failed","$v":"সফ্টওয়্যার ডাউনলোড করা গেল না।"},{"$i":"engine-install-failed","$v":"এই ডাউনলোডে কিছু ভুল হয়েছে, আবার চেষ্টা করুন।"},{"$i":"bizlogic-no-network","$v":"কোনো নেটওয়ার্ক সংযোগ নেই।"},{"$i":"bizlogic-network-type","$v":"Wi-Fi এ সংযোগ করে আবার চেষ্টা করুন।"},{"$i":"bizlogic-free-space","$v":["স্টোরেজ খালি করুন অথবা অন্তত ",{"t":"idOrVar","v":"n"},"MB খালি স্থান থাকা একটি SD কার্ড প্রবেশ করান এবং আবার চেষ্টা করুন।"]},{"$i":"bizlogic-install-free-space","$v":["সঞ্চয়স্থানে অন্ততপক্ষে ",{"t":"idOrVar","v":"n"},"MB খালি জায়গা আছে তা নিশ্চিত হয়ে নিয়ে আবার চেষ্টা করুন।"]},{"$i":"bizlogic-battery","$v":"ব্যাটারি অন্ততপক্ষে 30% তা নিশ্চিত হয়ে নিয়ে আবার চেষ্টা করুন।"},{"$i":"bizlogic-insert-sd","$v":["অন্তত ",{"t":"idOrVar","v":"n"},"MB খালি স্থান থাকা একটি SD কার্ড প্রবেশ করান এবং আবার চেষ্টা করুন।"]},{"$i":"config-downloadvia-mobile-warning","$v":"মোবাইল নেটওয়ার্ক ব্যবহার করে ডাউনলোড করলে অতিরিক্ত খরচ লাগতে পারে।"},{"$i":"verify-update","$v":"আপডেট যাচাই করা হচ্ছে ..."},{"$i":"verify-failed","$v":"এই ডাউনলোডে কিছু ভুল হয়েছে, আবার চেষ্টা করুন।"},{"$i":"weekday-0-long","$v":"রবিবার"},{"$i":"weekday-1-long","$v":"সোমবার"},{"$i":"weekday-2-long","$v":"মঙ্গলবার"},{"$i":"weekday-3-long","$v":"বুধবার"},{"$i":"weekday-4-long","$v":"বৃহস্পতিবার"},{"$i":"weekday-5-long","$v":"শুক্রবার"},{"$i":"weekday-6-long","$v":"শনিবার"},{"$i":"weekday-0-short","$v":"রবি"},{"$i":"weekday-1-short","$v":"সোম"},{"$i":"weekday-2-short","$v":"মঙ্গল"},{"$i":"weekday-3-short","$v":"বুধ"},{"$i":"weekday-4-short","$v":"বৃহ"},{"$i":"weekday-5-short","$v":"শুক্র"},{"$i":"weekday-6-short","$v":"শনি"},{"$i":"month-0-long","$v":"জানুয়ারী"},{"$i":"month-1-long","$v":"ফেব্রুয়ারী"},{"$i":"month-2-long","$v":"মার্চ"},{"$i":"month-3-long","$v":"এপ্রিল"},{"$i":"month-4-long","$v":"মে"},{"$i":"month-5-long","$v":"জুন"},{"$i":"month-6-long","$v":"জুলাই"},{"$i":"month-7-long","$v":"আগস্ট"},{"$i":"month-8-long","$v":"সেপ্টেম্বর"},{"$i":"month-9-long","$v":"অক্টোবর"},{"$i":"month-10-long","$v":"নভেম্বর"},{"$i":"month-11-long","$v":"ডিসেম্বর"},{"$i":"month-0-genitive","$v":"জানুয়ারী"},{"$i":"month-1-genitive","$v":"ফেব্রুয়ারী"},{"$i":"month-2-genitive","$v":"মার্চ"},{"$i":"month-3-genitive","$v":"এপ্রিল"},{"$i":"month-4-genitive","$v":"মে"},{"$i":"month-5-genitive","$v":"জুন"},{"$i":"month-6-genitive","$v":"জুলাই"},{"$i":"month-7-genitive","$v":"আগস্ট"},{"$i":"month-8-genitive","$v":"সেপ্টেম্বর"},{"$i":"month-9-genitive","$v":"অক্টোবর"},{"$i":"month-10-genitive","$v":"নভেম্বর"},{"$i":"month-11-genitive","$v":"ডিসেম্বর"},{"$i":"month-0-short","$v":"জানু"},{"$i":"month-1-short","$v":"ফেব্রু"},{"$i":"month-2-short","$v":"মার্চ"},{"$i":"month-3-short","$v":"এপ্রি"},{"$i":"month-4-short","$v":"মে"},{"$i":"month-5-short","$v":"জুন"},{"$i":"month-6-short","$v":"জুলা"},{"$i":"month-7-short","$v":"আগ"},{"$i":"month-8-short","$v":"সেপ্টে"},{"$i":"month-9-short","$v":"অক্টো"},{"$i":"month-10-short","$v":"নভে"},{"$i":"month-11-short","$v":"ডিসে"},{"$i":"minutes-ago-long","$v":{"few":[{"t":"idOrVar","v":"value"}," মিনিট আগে"],"many":[{"t":"idOrVar","v":"value"}," মিনিট আগে"],"other":[{"t":"idOrVar","v":"value"}," মিনিট আগে"],"two":[{"t":"idOrVar","v":"value"}," মিনিট আগে"],"one":"এক মিনিট আগে","zero":"এখনই"},"$x":[{"t":"idOrVar","v":"plural"},"value"]},{"$i":"hours-ago-long","$v":{"few":[{"t":"idOrVar","v":"value"}," ঘন্টা আগে"],"many":[{"t":"idOrVar","v":"value"}," ঘন্টা আগে"],"other":[{"t":"idOrVar","v":"value"}," ঘন্টা আগে"],"two":[{"t":"idOrVar","v":"value"}," ঘন্টা আগে"],"one":"1 ঘন্টা আগে","zero":"এখনই"},"$x":[{"t":"idOrVar","v":"plural"},"value"]},{"$i":"days-ago-long","$v":{"few":[{"t":"idOrVar","v":"value"}," দিন আগে"],"many":[{"t":"idOrVar","v":"value"}," দিন আগে"],"one":"গতকাল","other":[{"t":"idOrVar","v":"value"}," দিন আগে"],"two":[{"t":"idOrVar","v":"value"}," দিন আগে"],"zero":"আজ"},"$x":[{"t":"idOrVar","v":"plural"},"value"]},{"$i":"weeks-ago-long","$v":{"few":[{"t":"idOrVar","v":"value"}," সপ্তাহ আগে"],"many":[{"t":"idOrVar","v":"value"}," সপ্তাহ আগে"],"one":"গত সপ্তাহ","other":[{"t":"idOrVar","v":"value"}," সপ্তাহ আগে"],"two":[{"t":"idOrVar","v":"value"}," সপ্তাহ আগে"],"zero":"এই সপ্তাহ"},"$x":[{"t":"idOrVar","v":"plural"},"value"]},{"$i":"months-ago-long","$v":{"few":[{"t":"idOrVar","v":"value"}," মাস আগে"],"many":[{"t":"idOrVar","v":"value"}," মাস আগে"],"one":"গত মাস","other":[{"t":"idOrVar","v":"value"}," মাস আগে"],"two":[{"t":"idOrVar","v":"value"}," মাস আগে"],"zero":"এই মাস"},"$x":[{"t":"idOrVar","v":"plural"},"value"]},{"$i":"years-ago-long","$v":{"few":[{"t":"idOrVar","v":"value"}," বছর আগে"],"many":[{"t":"idOrVar","v":"value"}," বছর আগে"],"one":"গত বছর","other":[{"t":"idOrVar","v":"value"}," বছর আগে"],"two":[{"t":"idOrVar","v":"value"}," বছর আগে"],"zero":"এই বছর"},"$x":[{"t":"idOrVar","v":"plural"},"value"]},{"$i":"minutes-until-long","$v":{"few":["মিনিটে ",{"t":"idOrVar","v":"value"}],"many":["মিনিটে ",{"t":"idOrVar","v":"value"}],"other":["মিনিটে ",{"t":"idOrVar","v":"value"}],"two":["মিনিটে ",{"t":"idOrVar","v":"value"}],"zero":"এখনই","one":"1 মিনিটে"},"$x":[{"t":"idOrVar","v":"plural"},"value"]},{"$i":"hours-until-long","$v":{"few":["ঘন্টায় ",{"t":"idOrVar","v":"value"}],"many":["ঘন্টায় ",{"t":"idOrVar","v":"value"}],"other":["ঘন্টায় ",{"t":"idOrVar","v":"value"}],"two":["ঘন্টায় ",{"t":"idOrVar","v":"value"}],"zero":"এখনই","one":"1 ঘন্টা"},"$x":[{"t":"idOrVar","v":"plural"},"value"]},{"$i":"days-until-long","$v":{"few":["দিনে ",{"t":"idOrVar","v":"value"}],"many":["দিনে ",{"t":"idOrVar","v":"value"}],"one":"আগামীকাল","other":["দিনে ",{"t":"idOrVar","v":"value"}],"two":["দিনে ",{"t":"idOrVar","v":"value"}],"zero":"আজ"},"$x":[{"t":"idOrVar","v":"plural"},"value"]},{"$i":"weeks-until-long","$v":{"few":["সপ্তাহে ",{"t":"idOrVar","v":"value"}],"many":["সপ্তাহে ",{"t":"idOrVar","v":"value"}],"one":"পরের সপ্তাহ","other":["সপ্তাহে ",{"t":"idOrVar","v":"value"}],"two":["সপ্তাহে ",{"t":"idOrVar","v":"value"}],"zero":"এই সপ্তাহ"},"$x":[{"t":"idOrVar","v":"plural"},"value"]},{"$i":"months-until-long","$v":{"few":["মাসে ",{"t":"idOrVar","v":"value"}],"many":["মাসে ",{"t":"idOrVar","v":"value"}],"one":"পরের মাস","other":["মাসে ",{"t":"idOrVar","v":"value"}],"two":["মাসে ",{"t":"idOrVar","v":"value"}],"zero":"এই মাস"},"$x":[{"t":"idOrVar","v":"plural"},"value"]},{"$i":"years-until-long","$v":{"few":["বছরে ",{"t":"idOrVar","v":"value"}],"many":["বছরে ",{"t":"idOrVar","v":"value"}],"one":"পরের বছর","other":["বছরে ",{"t":"idOrVar","v":"value"}],"two":["বছরে ",{"t":"idOrVar","v":"value"}],"zero":"এই বছর"},"$x":[{"t":"idOrVar","v":"plural"},"value"]},{"$i":"minutes-ago-short","$v":{"other":[{"t":"idOrVar","v":"value"},"মিঃ আগে"],"zero":"এখনই"},"$x":[{"t":"idOrVar","v":"plural"},"value"]},{"$i":"hours-ago-short","$v":{"other":[{"t":"idOrVar","v":"value"},"ঘঃ আগে"],"zero":"এখনই"},"$x":[{"t":"idOrVar","v":"plural"},"value"]},{"$i":"days-ago-short","$v":{"other":[{"t":"idOrVar","v":"value"},"দিন আগে"],"zero":"আজ"},"$x":[{"t":"idOrVar","v":"plural"},"value"]},{"$i":"minutes-until-short","$v":{"other":["m ",{"t":"idOrVar","v":"value"}],"zero":"এখনই"},"$x":[{"t":"idOrVar","v":"plural"},"value"]},{"$i":"hours-until-short","$v":{"other":["h ",{"t":"idOrVar","v":"value"}],"zero":"এখনই"},"$x":[{"t":"idOrVar","v":"plural"},"value"]},{"$i":"days-until-short","$v":{"other":["d ",{"t":"idOrVar","v":"value"}],"zero":"আজ"},"$x":[{"t":"idOrVar","v":"plural"},"value"]},{"$i":"incorrectDate","$v":"(ভুল তারিখ)"},{"$i":"dateTimeFormat_%c","$v":"%a %b %e %Y %I:%M:%S %p"},{"$i":"dateTimeFormat_%x","$v":"%m/%d/%Y"},{"$i":"dateTimeFormat_%X","$v":"%I:%M:%S %p"},{"$i":"shortTimeFormat","$v":"%I:%M %p"},{"$i":"shortTimeFormat12","$v":"%I:%M %p"},{"$i":"shortTimeFormat24","$v":"%H:%M"},{"$i":"shortDateTimeFormat","$v":"%x %I:%M %p"},{"$i":"weekStartsOnMonday","$v":"0.0"},{"$i":"firstDayOfTheWeek","$v":"0.0"},{"$i":"time_am","$v":"AM"},{"$i":"time_pm","$v":"PM"}]