[{"$i":"loading-prompt","$v":"লোড হচ্ছে..."},{"$i":"header-title","$v":"সফ্টওয়্যার আপডেট"},{"$i":"settings-title","$v":"সফ্টওয়্যার আপডেট সেটিংস"},{"$i":"settings-auto-update","$v":"স্বয়ংক্রিয় আপডেট"},{"$i":"settings-auto-update-none","$v":"কোনো কিছুই নয়"},{"$i":"settings-auto-update-daily","$v":"দৈনিক"},{"$i":"settings-auto-update-weekly","$v":"সাপ্তাহিক"},{"$i":"settings-auto-update-monthly","$v":"মাসিক"},{"$i":"settings-download-via","$v":"এর মাধ্যমে ডাউনলোড করুন"},{"$i":"settings-download-via-wifi-mob","$v":"ওয়াই-ফাই বা মোবাইল নেটওয়ার্ক"},{"$i":"settings-download-via-wifionly","$v":"শুধুমাত্র ওয়াই-ফাই"},{"$i":"checking-for-update","$v":"আপডেট আছে কিনা পরীক্ষা করা হচ্ছে..."},{"$i":"please-wait","$v":"অনুগ্রহ করে অপেক্ষা করুন"},{"$i":"downloading-update","$v":"আপডেট ডাউনলোড হচ্ছে ..."},{"$i":"install-prompt","$v":"আপডেট  ডাউনলোড করা হয়েছে I"},{"$i":"release-notes","$v":"রিলিজ নোটস"},{"$i":"release-notes-label","$v":"রিলিজ নোটস"},{"$i":"software-update-available","$v":"সফ্টওয়্যার আপডেট উপলব্ধ আছে I"},{"$i":"software-up-to-date","$v":"আপনার সফ্টওয়্যার আপ টু ডেট আছে I"},{"$i":"check","$v":"আপডেটের জন্য চেক করুন"},{"$i":"install","$v":"ইনস্টল করুন"},{"$i":"download","$v":"ডাউনলোড"},{"$i":"options","$v":"বিকল্পগুলি"},{"$i":"settings","$v":"সেটিংস"},{"$i":"select","$v":"নির্বাচন করুন"},{"$i":"stop","$v":"বন্ধ"},{"$i":"cancel","$v":"বাতিল করুন"},{"$i":"ok","$v":"ঠিক আছে"},{"$i":"current-version-label","$v":"বর্তমান সংস্করণ:"},{"$i":"update-version-label","$v":"আপডেট সংস্করণ:"},{"$i":"size-label","$v":"আকার:"},{"$i":"last-check-label","$v":"আপডেটের জন্য সর্বশেষ চেক করেছেন:"},{"$i":"date-label","$v":"তারিখ:"},{"$i":"version-label","$v":"সংস্করণ:"},{"$i":"software-download-failed","$v":"সফ্টওয়্যার ডাউনলোড ব্যর্থ হয়েছে।"},{"$i":"engine-start-failed","$v":"FOTA ইঞ্জিন চালু ব্যর্থ হয়েছে!"},{"$i":"engine-check-failed","$v":"আপডেট চেক করা ব্যর্থ হয়েছে ।"},{"$i":"engine-download-failed","$v":"সফ্টওয়্যার ডাউনলোড ব্যর্থ হয়েছে।"},{"$i":"engine-install-failed","$v":"এই ডাউনলোডে কিছু ভুল হচ্ছে, অনুগ্রহ করে আবার চেষ্টা করুন।"},{"$i":"bizlogic-no-network","$v":"কোনো নেটওয়ার্ক সংযোগ নেই।"},{"$i":"bizlogic-network-type","$v":"ওয়াই-ফাই এ সংযোগ করুন এবং তারপরে আবার চেষ্টা করুন।"},{"$i":"bizlogic-free-space","$v":["স্টোরেজ ক্লিন করুন অথবা কমপক্ষে ",{"t":"idOrVar","v":"n"}," এম.বি খালি স্থান যুক্ত একটি এস.ডি কার্ড ইনসার্ট করুন এবং পুনরায় আবার চেষ্টা করুন।"]},{"$i":"bizlogic-install-free-space","$v":["স্টোরেজে কমপক্ষে ",{"t":"idOrVar","v":"n"}," এম.বি খালি স্থান রয়েছে তা নিশ্চিত করুন এবং তারপর আবার চেষ্টা করুন।"]},{"$i":"bizlogic-battery","$v":"নিশ্চিত করুন যে ব্যাটারী অন্তত 30% থাকে এবং তারপর আবার চেষ্টা করুন"},{"$i":"bizlogic-insert-sd","$v":["অন্তত ",{"t":"idOrVar","v":"n"}," এম.বি খালি স্থান যুক্ত একটি এস.ডি কার্ড ঢোকান এবং তারপরে আবার চেষ্টা করুন।"]},{"$i":"config-downloadvia-mobile-warning","$v":"মোবাইল নেটওয়ার্কের মাধ্যমে ডাউনলোড করার সময়, অতিরিক্ত চার্জ প্রযোজ্য হতে পারে।"},{"$i":"verify-update","$v":"আপডেট যাচাই করা হচ্ছে..."},{"$i":"verify-failed","$v":"এই ডাউনলোডে কিছু ভুল হচ্ছে, অনুগ্রহ করে আবার চেষ্টা করুন।"},{"$i":"weekday-0-long","$v":"রবিবার"},{"$i":"weekday-1-long","$v":"সোমবার"},{"$i":"weekday-2-long","$v":"মঙ্গলবার"},{"$i":"weekday-3-long","$v":"বুধবার"},{"$i":"weekday-4-long","$v":"বৃহস্পতিবার"},{"$i":"weekday-5-long","$v":"শুক্রবার"},{"$i":"weekday-6-long","$v":"শনিবার"},{"$i":"weekday-0-short","$v":"রবি"},{"$i":"weekday-1-short","$v":"সোম"},{"$i":"weekday-2-short","$v":"মঙ্গল"},{"$i":"weekday-3-short","$v":"বুধ"},{"$i":"weekday-4-short","$v":"বৃহস্পতি"},{"$i":"weekday-5-short","$v":"শুক্র"},{"$i":"weekday-6-short","$v":"শনি"},{"$i":"month-0-long","$v":"জানুয়ারি"},{"$i":"month-1-long","$v":"ফেব্রুয়ারি"},{"$i":"month-2-long","$v":"মার্চ"},{"$i":"month-3-long","$v":"এপ্রিল"},{"$i":"month-4-long","$v":"মে"},{"$i":"month-5-long","$v":"জুন"},{"$i":"month-6-long","$v":"জুলাই"},{"$i":"month-7-long","$v":"আগস্ট"},{"$i":"month-8-long","$v":"সেপ্টেম্বর"},{"$i":"month-9-long","$v":"অক্টোবর"},{"$i":"month-10-long","$v":"নভেম্বর"},{"$i":"month-11-long","$v":"ডিসেম্বর"},{"$i":"month-0-genitive","$v":"জানুয়ারি"},{"$i":"month-1-genitive","$v":"ফেব্রুয়ারি"},{"$i":"month-2-genitive","$v":"মার্চ"},{"$i":"month-3-genitive","$v":"এপ্রিল"},{"$i":"month-4-genitive","$v":"মে"},{"$i":"month-5-genitive","$v":"জুন"},{"$i":"month-6-genitive","$v":"জুলাই"},{"$i":"month-7-genitive","$v":"আগস্ট"},{"$i":"month-8-genitive","$v":"সেপ্টেম্বর"},{"$i":"month-9-genitive","$v":"অক্টোবর"},{"$i":"month-10-genitive","$v":"নভেম্বর"},{"$i":"month-11-genitive","$v":"ডিসেম্বর"},{"$i":"month-0-short","$v":"জানুয়ারী"},{"$i":"month-1-short","$v":"ফেব্রুয়ারি"},{"$i":"month-2-short","$v":"মার্চ"},{"$i":"month-3-short","$v":"এপ্রিল"},{"$i":"month-4-short","$v":"মে"},{"$i":"month-5-short","$v":"জুন"},{"$i":"month-6-short","$v":"জুলাই"},{"$i":"month-7-short","$v":"আগস্ট"},{"$i":"month-8-short","$v":"সেপ্টেম্বর"},{"$i":"month-9-short","$v":"অক্টোবর"},{"$i":"month-10-short","$v":"নভেম্বর"},{"$i":"month-11-short","$v":"ডিসেম্বর"},{"$i":"minutes-ago-long","$v":{"few":[{"t":"idOrVar","v":"value"}," মিনিট আগে"],"many":[{"t":"idOrVar","v":"value"}," মিনিট আগে"],"other":[{"t":"idOrVar","v":"value"}," মিনিট আগে"],"two":[{"t":"idOrVar","v":"value"}," মিনিট আগে"],"one":"এক মিনিট আগে","zero":"Just now"},"$x":[{"t":"idOrVar","v":"plural"},"value"]},{"$i":"hours-ago-long","$v":{"few":[{"t":"idOrVar","v":"value"}," ঘন্টা আগে"],"many":[{"t":"idOrVar","v":"value"}," ঘন্টা আগে"],"other":[{"t":"idOrVar","v":"value"}," ঘন্টা আগে"],"two":[{"t":"idOrVar","v":"value"}," ঘন্টা আগে"],"one":"এক ঘন্টা আগে","zero":"Just now"},"$x":[{"t":"idOrVar","v":"plural"},"value"]},{"$i":"days-ago-long","$v":{"few":[{"t":"idOrVar","v":"value"}," দিন আগে"],"many":[{"t":"idOrVar","v":"value"}," দিন আগে"],"one":"গতকাল","other":[{"t":"idOrVar","v":"value"}," দিন আগে"],"two":[{"t":"idOrVar","v":"value"}," দিন আগে"],"zero":"আজ"},"$x":[{"t":"idOrVar","v":"plural"},"value"]},{"$i":"weeks-ago-long","$v":{"few":[{"t":"idOrVar","v":"value"}," সপ্তাহ আগে"],"many":[{"t":"idOrVar","v":"value"}," সপ্তাহ আগে"],"one":"গত সপ্তাহ","other":[{"t":"idOrVar","v":"value"}," সপ্তাহ আগে"],"two":[{"t":"idOrVar","v":"value"}," সপ্তাহ আগে"],"zero":"এই সপ্তাহ"},"$x":[{"t":"idOrVar","v":"plural"},"value"]},{"$i":"months-ago-long","$v":{"few":[{"t":"idOrVar","v":"value"}," মাস আগে"],"many":[{"t":"idOrVar","v":"value"}," মাস আগে"],"one":"গত মাস","other":[{"t":"idOrVar","v":"value"}," মাস আগে"],"two":[{"t":"idOrVar","v":"value"}," মাস আগে"],"zero":"এই মাস"},"$x":[{"t":"idOrVar","v":"plural"},"value"]},{"$i":"years-ago-long","$v":{"few":[{"t":"idOrVar","v":"value"}," বছর আগে"],"many":[{"t":"idOrVar","v":"value"}," বছর আগে"],"one":"গত বছর","other":[{"t":"idOrVar","v":"value"}," বছর আগে"],"two":[{"t":"idOrVar","v":"value"}," বছর আগে"],"zero":"এই বছর"},"$x":[{"t":"idOrVar","v":"plural"},"value"]},{"$i":"minutes-until-long","$v":{"few":[{"t":"idOrVar","v":"value"}," মিনিটে"],"many":[{"t":"idOrVar","v":"value"}," মিনিটে"],"other":[{"t":"idOrVar","v":"value"}," মিনিটে"],"two":[{"t":"idOrVar","v":"value"}," মিনিটে"],"zero":"এখন","one":"এক মিনিটে"},"$x":[{"t":"idOrVar","v":"plural"},"value"]},{"$i":"hours-until-long","$v":{"few":[{"t":"idOrVar","v":"value"}," ঘন্টায়"],"many":[{"t":"idOrVar","v":"value"}," ঘন্টায়"],"other":[{"t":"idOrVar","v":"value"}," ঘন্টায়"],"two":[{"t":"idOrVar","v":"value"}," ঘন্টায়"],"zero":"এখন","one":"এক ঘন্টায়"},"$x":[{"t":"idOrVar","v":"plural"},"value"]},{"$i":"days-until-long","$v":{"few":[{"t":"idOrVar","v":"value"}," দিনে"],"many":[{"t":"idOrVar","v":"value"}," দিনে"],"one":"আগামীকাল","other":[{"t":"idOrVar","v":"value"}," দিনে"],"two":[{"t":"idOrVar","v":"value"}," দিনে"],"zero":"আজ"},"$x":[{"t":"idOrVar","v":"plural"},"value"]},{"$i":"weeks-until-long","$v":{"few":[{"t":"idOrVar","v":"value"}," সপ্তাহে"],"many":[{"t":"idOrVar","v":"value"}," সপ্তাহে"],"one":"পরের সপ্তাহ","other":[{"t":"idOrVar","v":"value"}," সপ্তাহে"],"two":[{"t":"idOrVar","v":"value"}," সপ্তাহে"],"zero":"এই সপ্তাহ"},"$x":[{"t":"idOrVar","v":"plural"},"value"]},{"$i":"months-until-long","$v":{"few":[{"t":"idOrVar","v":"value"}," মাসে"],"many":[{"t":"idOrVar","v":"value"}," মাসে"],"one":"পরের মাস","other":[{"t":"idOrVar","v":"value"}," মাসে"],"two":[{"t":"idOrVar","v":"value"}," মাসে"],"zero":"এই মাস"},"$x":[{"t":"idOrVar","v":"plural"},"value"]},{"$i":"years-until-long","$v":{"few":[{"t":"idOrVar","v":"value"}," বছরে"],"many":[{"t":"idOrVar","v":"value"}," বছরে"],"one":"পরের বছর","other":[{"t":"idOrVar","v":"value"}," বছরে"],"two":[{"t":"idOrVar","v":"value"}," বছরে"],"zero":"এই বছর"},"$x":[{"t":"idOrVar","v":"plural"},"value"]},{"$i":"minutes-ago-short","$v":{"other":[{"t":"idOrVar","v":"value"},"মিনিট আগে"],"zero":"Just now"},"$x":[{"t":"idOrVar","v":"plural"},"value"]},{"$i":"hours-ago-short","$v":{"other":[{"t":"idOrVar","v":"value"},"ঘন্টা আগে"],"zero":"Just now"},"$x":[{"t":"idOrVar","v":"plural"},"value"]},{"$i":"days-ago-short","$v":{"other":[{"t":"idOrVar","v":"value"},"দিন আগে"],"zero":"আজ"},"$x":[{"t":"idOrVar","v":"plural"},"value"]},{"$i":"minutes-until-short","$v":{"other":[{"t":"idOrVar","v":"value"},"মাসে"],"zero":"এখন"},"$x":[{"t":"idOrVar","v":"plural"},"value"]},{"$i":"hours-until-short","$v":{"other":[{"t":"idOrVar","v":"value"},"ঘন্টায়"],"zero":"এখন"},"$x":[{"t":"idOrVar","v":"plural"},"value"]},{"$i":"days-until-short","$v":{"other":[{"t":"idOrVar","v":"value"},"দিনে"],"zero":"আজ"},"$x":[{"t":"idOrVar","v":"plural"},"value"]},{"$i":"incorrectDate","$v":"(ভুল তারিখ)"},{"$i":"dateTimeFormat_%c","$v":"%a %b %e %Y %I:%M:%S %p"},{"$i":"dateTimeFormat_%x","$v":"%m/%d/%Y"},{"$i":"dateTimeFormat_%X","$v":"%I:%M:%S %p"},{"$i":"shortTimeFormat","$v":"%I:%M %p"},{"$i":"shortTimeFormat12","$v":"%I:%M %p"},{"$i":"shortTimeFormat24","$v":"%H:%M"},{"$i":"shortDateTimeFormat","$v":"%x %I:%M %p"},{"$i":"weekStartsOnMonday","$v":"0.0"},{"$i":"firstDayOfTheWeek","$v":"0.0"},{"$i":"time_am","$v":"AM"},{"$i":"time_pm","$v":"PM"}]