[{"$i":"loading-prompt","$v":"Načítání…"},{"$i":"header-title","$v":"Aktualizace softwaru"},{"$i":"settings-title","$v":"Nastavení aktualizace softwaru"},{"$i":"settings-auto-update","$v":"Automatická aktualizace"},{"$i":"settings-auto-update-none","$v":"Žádný"},{"$i":"settings-auto-update-daily","$v":"Denně"},{"$i":"settings-auto-update-weekly","$v":"Každý týden"},{"$i":"settings-auto-update-monthly","$v":"Každý měsíc"},{"$i":"settings-download-via","$v":"Stáhnout prostřednictvím"},{"$i":"settings-download-via-wifi-mob","$v":"Wi-Fi nebo mobilní data"},{"$i":"settings-download-via-wifionly","$v":"Pouze Wi-Fi"},{"$i":"checking-for-update","$v":"Kontrola aktualizací…"},{"$i":"please-wait","$v":"Čekejte"},{"$i":"downloading-update","$v":"Stahování aktualizace…"},{"$i":"install-prompt","$v":"Aktualizace stažena."},{"$i":"release-notes","$v":"Poznámky k verzi"},{"$i":"release-notes-label","$v":"Poznámky k verzi"},{"$i":"software-update-available","$v":"Je dostupná aktualizace softwaru."},{"$i":"software-up-to-date","$v":"Váš software je aktuální."},{"$i":"check","$v":"Zkontrolovat aktualizace"},{"$i":"install","$v":"Instalovat"},{"$i":"download","$v":"Stáhnout"},{"$i":"options","$v":"Možnosti"},{"$i":"settings","$v":"Nastavení"},{"$i":"select","$v":"Vybrat"},{"$i":"stop","$v":"Zastavit"},{"$i":"cancel","$v":"Zrušit"},{"$i":"ok","$v":"OK"},{"$i":"current-version-label","$v":"Stávající verze:"},{"$i":"update-version-label","$v":"Verze aktualizace:"},{"$i":"size-label","$v":"Velikost:"},{"$i":"last-check-label","$v":"Poslední kontrola aktualizací:"},{"$i":"date-label","$v":"Datum:"},{"$i":"version-label","$v":"Verze:"},{"$i":"software-download-failed","$v":"Stažení softwaru se nezdařilo."},{"$i":"engine-start-failed","$v":"FOTA Spuštění modulu selhalo!"},{"$i":"engine-check-failed","$v":"Kontrola aktualizací selhala."},{"$i":"engine-download-failed","$v":"Stažení softwaru se nezdařilo."},{"$i":"engine-install-failed","$v":"V tomto stahování se něco pokazilo, zkuste to prosím znovu."},{"$i":"bizlogic-no-network","$v":"Žádné připojení k síti."},{"$i":"bizlogic-network-type","$v":"Připojte se k Wi-Fi síti a zkuste to znovu."},{"$i":"bizlogic-free-space","$v":["Uvolněte úložiště nebo vložte SD kartu s alespoň ",{"t":"idOrVar","v":"n"}," MB volného místa a zkuste to znovu."]},{"$i":"bizlogic-install-free-space","$v":["Ověřte, že je v úložišti alespoň ",{"t":"idOrVar","v":"n"}," MB volného místa, a zkuste to znovu."]},{"$i":"bizlogic-battery","$v":"Ověřte, že je baterie nabitá alespoň z 30 %, a zkuste to znovu."},{"$i":"bizlogic-insert-sd","$v":["Vložte kartu SD s alespoň ",{"t":"idOrVar","v":"n"}," MB volného místa a zkuste to znovu."]},{"$i":"config-downloadvia-mobile-warning","$v":"Při stahování přes mobilní síť mohou být účtovány další poplatky."},{"$i":"verify-update","$v":"Ověření aktualizace ..."},{"$i":"verify-failed","$v":"V tomto stahování se něco pokazilo, zkuste to prosím znovu."},{"$i":"weekday-0-long","$v":"Neděle"},{"$i":"weekday-1-long","$v":"Pondělí"},{"$i":"weekday-2-long","$v":"Úterý"},{"$i":"weekday-3-long","$v":"Středa"},{"$i":"weekday-4-long","$v":"Čtvrtek"},{"$i":"weekday-5-long","$v":"Pátek"},{"$i":"weekday-6-long","$v":"Sobota"},{"$i":"weekday-0-short","$v":"Ne"},{"$i":"weekday-1-short","$v":"Po"},{"$i":"weekday-2-short","$v":"Út"},{"$i":"weekday-3-short","$v":"St"},{"$i":"weekday-4-short","$v":"Čt"},{"$i":"weekday-5-short","$v":"Pá"},{"$i":"weekday-6-short","$v":"So"},{"$i":"month-0-long","$v":"Leden"},{"$i":"month-1-long","$v":"Únor"},{"$i":"month-2-long","$v":"Březen"},{"$i":"month-3-long","$v":"Duben"},{"$i":"month-4-long","$v":"Květen"},{"$i":"month-5-long","$v":"Červen"},{"$i":"month-6-long","$v":"Červenec"},{"$i":"month-7-long","$v":"Srpen"},{"$i":"month-8-long","$v":"Září"},{"$i":"month-9-long","$v":"Říjen"},{"$i":"month-10-long","$v":"Listopad"},{"$i":"month-11-long","$v":"Prosinec"},{"$i":"month-0-genitive","$v":"Leden"},{"$i":"month-1-genitive","$v":"Únor"},{"$i":"month-2-genitive","$v":"Březen"},{"$i":"month-3-genitive","$v":"Duben"},{"$i":"month-4-genitive","$v":"Květen"},{"$i":"month-5-genitive","$v":"Červen"},{"$i":"month-6-genitive","$v":"Červenec"},{"$i":"month-7-genitive","$v":"Srpen"},{"$i":"month-8-genitive","$v":"Září"},{"$i":"month-9-genitive","$v":"Říjen"},{"$i":"month-10-genitive","$v":"Listopad"},{"$i":"month-11-genitive","$v":"Prosinec"},{"$i":"month-0-short","$v":"Led"},{"$i":"month-1-short","$v":"Úno"},{"$i":"month-2-short","$v":"Bře"},{"$i":"month-3-short","$v":"Dub"},{"$i":"month-4-short","$v":"Kvě"},{"$i":"month-5-short","$v":"Čer"},{"$i":"month-6-short","$v":"Čvc"},{"$i":"month-7-short","$v":"Srp"},{"$i":"month-8-short","$v":"Zář"},{"$i":"month-9-short","$v":"Říj"},{"$i":"month-10-short","$v":"Lis"},{"$i":"month-11-short","$v":"Pro"},{"$i":"minutes-ago-long","$v":{"few":["před ",{"t":"idOrVar","v":"value"}," minutami"],"many":["před ",{"t":"idOrVar","v":"value"}," minutami"],"other":["před ",{"t":"idOrVar","v":"value"}," minutami"],"two":["před ",{"t":"idOrVar","v":"value"}," minutami"],"one":"před minutou","zero":"právě teď"},"$x":[{"t":"idOrVar","v":"plural"},"value"]},{"$i":"hours-ago-long","$v":{"few":["před ",{"t":"idOrVar","v":"value"}," hodinami"],"many":["před ",{"t":"idOrVar","v":"value"}," hodinami"],"other":["před ",{"t":"idOrVar","v":"value"}," hodinami"],"two":["před ",{"t":"idOrVar","v":"value"}," hodinami"],"one":"před 1 hodinou","zero":"právě teď"},"$x":[{"t":"idOrVar","v":"plural"},"value"]},{"$i":"days-ago-long","$v":{"few":["před ",{"t":"idOrVar","v":"value"}," dny"],"many":["před ",{"t":"idOrVar","v":"value"}," dny"],"one":"včera","other":["před ",{"t":"idOrVar","v":"value"}," dny"],"two":["před ",{"t":"idOrVar","v":"value"}," dny"],"zero":"dnes"},"$x":[{"t":"idOrVar","v":"plural"},"value"]},{"$i":"weeks-ago-long","$v":{"few":["před ",{"t":"idOrVar","v":"value"}," týdny"],"many":["před ",{"t":"idOrVar","v":"value"}," týdny"],"one":"minulý týden","other":["před ",{"t":"idOrVar","v":"value"}," týdny"],"two":["před ",{"t":"idOrVar","v":"value"}," týdny"],"zero":"tento týden"},"$x":[{"t":"idOrVar","v":"plural"},"value"]},{"$i":"months-ago-long","$v":{"few":["před ",{"t":"idOrVar","v":"value"}," měsíci"],"many":["před ",{"t":"idOrVar","v":"value"}," měsíci"],"one":"poslední měsíc","other":["před ",{"t":"idOrVar","v":"value"}," měsíci"],"two":["před ",{"t":"idOrVar","v":"value"}," měsíci"],"zero":"tento měsíc"},"$x":[{"t":"idOrVar","v":"plural"},"value"]},{"$i":"years-ago-long","$v":{"few":["před ",{"t":"idOrVar","v":"value"}," lety"],"many":["před ",{"t":"idOrVar","v":"value"}," lety"],"one":"minulý rok","other":["před ",{"t":"idOrVar","v":"value"}," lety"],"two":["před ",{"t":"idOrVar","v":"value"}," lety"],"zero":"tento rok"},"$x":[{"t":"idOrVar","v":"plural"},"value"]},{"$i":"minutes-until-long","$v":{"few":["za ",{"t":"idOrVar","v":"value"}," min."],"many":["za ",{"t":"idOrVar","v":"value"}," min."],"other":["za ",{"t":"idOrVar","v":"value"}," min."],"two":["za ",{"t":"idOrVar","v":"value"}," min."],"zero":"nyní","one":"za 1 minutu"},"$x":[{"t":"idOrVar","v":"plural"},"value"]},{"$i":"hours-until-long","$v":{"few":["za ",{"t":"idOrVar","v":"value"}," hod."],"many":["za ",{"t":"idOrVar","v":"value"}," hod."],"other":["za ",{"t":"idOrVar","v":"value"}," hod."],"two":["za ",{"t":"idOrVar","v":"value"}," hod."],"zero":"nyní","one":"za 1 hodinu"},"$x":[{"t":"idOrVar","v":"plural"},"value"]},{"$i":"days-until-long","$v":{"few":["za ",{"t":"idOrVar","v":"value"}," dny/dní"],"many":["za ",{"t":"idOrVar","v":"value"}," dny/dní"],"one":"zítra","other":["za ",{"t":"idOrVar","v":"value"}," dny/dní"],"two":["za ",{"t":"idOrVar","v":"value"}," dny/dní"],"zero":"dnes"},"$x":[{"t":"idOrVar","v":"plural"},"value"]},{"$i":"weeks-until-long","$v":{"few":["za ",{"t":"idOrVar","v":"value"}," týdny/týdnů"],"many":["za ",{"t":"idOrVar","v":"value"}," týdny/týdnů"],"one":"příští týden","other":["za ",{"t":"idOrVar","v":"value"}," týdny/týdnů"],"two":["za ",{"t":"idOrVar","v":"value"}," týdny/týdnů"],"zero":"tento týden"},"$x":[{"t":"idOrVar","v":"plural"},"value"]},{"$i":"months-until-long","$v":{"few":["za ",{"t":"idOrVar","v":"value"}," měsíce/měsíců"],"many":["za ",{"t":"idOrVar","v":"value"}," měsíce/měsíců"],"one":"příští měsíc","other":["za ",{"t":"idOrVar","v":"value"}," měsíce/měsíců"],"two":["za ",{"t":"idOrVar","v":"value"}," měsíce/měsíců"],"zero":"tento měsíc"},"$x":[{"t":"idOrVar","v":"plural"},"value"]},{"$i":"years-until-long","$v":{"few":["za ",{"t":"idOrVar","v":"value"}," roky/let"],"many":["za ",{"t":"idOrVar","v":"value"}," roky/let"],"one":"příští rok","other":["za ",{"t":"idOrVar","v":"value"}," roky/let"],"two":["za ",{"t":"idOrVar","v":"value"}," roky/let"],"zero":"tento rok"},"$x":[{"t":"idOrVar","v":"plural"},"value"]},{"$i":"minutes-ago-short","$v":{"other":["před ",{"t":"idOrVar","v":"value"}," m"],"zero":"právě teď"},"$x":[{"t":"idOrVar","v":"plural"},"value"]},{"$i":"hours-ago-short","$v":{"other":["před ",{"t":"idOrVar","v":"value"}," h"],"zero":"právě teď"},"$x":[{"t":"idOrVar","v":"plural"},"value"]},{"$i":"days-ago-short","$v":{"other":["před ",{"t":"idOrVar","v":"value"}," d"],"zero":"dnes"},"$x":[{"t":"idOrVar","v":"plural"},"value"]},{"$i":"minutes-until-short","$v":{"other":["za ",{"t":"idOrVar","v":"value"}," m"],"zero":"nyní"},"$x":[{"t":"idOrVar","v":"plural"},"value"]},{"$i":"hours-until-short","$v":{"other":["za ",{"t":"idOrVar","v":"value"}," h"],"zero":"nyní"},"$x":[{"t":"idOrVar","v":"plural"},"value"]},{"$i":"days-until-short","$v":{"other":["za ",{"t":"idOrVar","v":"value"}," d"],"zero":"dnes"},"$x":[{"t":"idOrVar","v":"plural"},"value"]},{"$i":"incorrectDate","$v":"(nesprávné datum)"},{"$i":"dateTimeFormat_%c","$v":"%a %b %e %Y %I:%M:%S %p"},{"$i":"dateTimeFormat_%x","$v":"%m/%d/%Y"},{"$i":"dateTimeFormat_%X","$v":"%I:%M:%S %p"},{"$i":"shortTimeFormat","$v":"%I:%M %p"},{"$i":"shortTimeFormat12","$v":"%I:%M %p"},{"$i":"shortTimeFormat24","$v":"%H:%M"},{"$i":"shortDateTimeFormat","$v":"%x %I:%M %p"},{"$i":"weekStartsOnMonday","$v":"0.0"},{"$i":"firstDayOfTheWeek","$v":"1.0"},{"$i":"time_am","$v":"dop."},{"$i":"time_pm","$v":"odp."}]