[{"$i":"loading-prompt","$v":"Laadimine …"},{"$i":"header-title","$v":"Tarkvarauuendus"},{"$i":"settings-title","$v":"Tarkvarauuend. seaded"},{"$i":"settings-auto-update","$v":"Autom. värskend."},{"$i":"settings-auto-update-none","$v":"Puudub"},{"$i":"settings-auto-update-daily","$v":"Iga päev"},{"$i":"settings-auto-update-weekly","$v":"Iga nädal"},{"$i":"settings-auto-update-monthly","$v":"Iga kuu"},{"$i":"settings-download-via","$v":"Allalaadim.:"},{"$i":"settings-download-via-wifi-mob","$v":"Wi-Fi-st, mob. võrgust"},{"$i":"settings-download-via-wifionly","$v":"ainult Wi-Fi-st"},{"$i":"checking-for-update","$v":"Otsin uuendusi..."},{"$i":"please-wait","$v":"Oodake"},{"$i":"downloading-update","$v":"Värs. allalaad. ..."},{"$i":"install-prompt","$v":"Värskendus on alla laaditud."},{"$i":"release-notes","$v":"Väljal.märkm."},{"$i":"release-notes-label","$v":"Väljal.märkm."},{"$i":"software-update-available","$v":"Tarkvarauuend. saadaval."},{"$i":"software-up-to-date","$v":"Tarkvara on ajakohane."},{"$i":"check","$v":"Otsi uuendusi"},{"$i":"install","$v":"Installi"},{"$i":"download","$v":"Laadi alla"},{"$i":"options","$v":"Valikud"},{"$i":"settings","$v":"Seaded"},{"$i":"select","$v":"Vali"},{"$i":"stop","$v":"Lõpeta"},{"$i":"cancel","$v":"Tühista"},{"$i":"ok","$v":"OK"},{"$i":"current-version-label","$v":"Praegune vers.:"},{"$i":"update-version-label","$v":"Värsk. versioon:"},{"$i":"size-label","$v":"Maht:"},{"$i":"last-check-label","$v":"Viim. värsken. kontroll:"},{"$i":"date-label","$v":"Kuupäev:"},{"$i":"version-label","$v":"Versioon:"},{"$i":"software-download-failed","$v":"Tarkvara allalaad. nurj."},{"$i":"engine-start-failed","$v":"FOTA-moot. käiv. nurjus!"},{"$i":"engine-check-failed","$v":"Värskenduskont. nurjus."},{"$i":"engine-download-failed","$v":"Tarkvara allalaadimine nurjus."},{"$i":"engine-install-failed","$v":"Selle allalaadimisega juhtus midagi valesti, proovige uuesti."},{"$i":"bizlogic-no-network","$v":"Võrguühendust pole."},{"$i":"bizlogic-network-type","$v":"Ühendage Wi-Fi-ga ja proovige uuesti."},{"$i":"bizlogic-free-space","$v":["Puhastage mälu või sisestage vähemalt ",{"t":"idOrVar","v":"n"},"MB suurune SD-kaart ja proovige uuesti."]},{"$i":"bizlogic-install-free-space","$v":["Veenduge, et mälus oleks vähemalt ",{"t":"idOrVar","v":"n"}," MB vaba ruumi ja proovige uuesti."]},{"$i":"bizlogic-battery","$v":"Veenduge, et aku täituvus oleks vähemalt 30% ja proovige uuesti."},{"$i":"bizlogic-insert-sd","$v":["Sisestage vähemalt ",{"t":"idOrVar","v":"n"},"MB suuruse vaba ruumiga SD-kaart ja proovige uuesti."]},{"$i":"config-downloadvia-mobile-warning","$v":"Mobiilivõrgu kaudu alla laadides võivad rakenduda lisakulud."},{"$i":"verify-update","$v":"Värskenduse kinnitamine ..."},{"$i":"verify-failed","$v":"Selle allalaadimisega juhtus midagi valesti, proovige uuesti."},{"$i":"weekday-0-long","$v":"Pühapäev"},{"$i":"weekday-1-long","$v":"Esmaspäev"},{"$i":"weekday-2-long","$v":"Teisipäev"},{"$i":"weekday-3-long","$v":"Kolmapäev"},{"$i":"weekday-4-long","$v":"Neljapäev"},{"$i":"weekday-5-long","$v":"Reede"},{"$i":"weekday-6-long","$v":"Laupäev"},{"$i":"weekday-0-short","$v":"P"},{"$i":"weekday-1-short","$v":"E"},{"$i":"weekday-2-short","$v":"T"},{"$i":"weekday-3-short","$v":"K"},{"$i":"weekday-4-short","$v":"N"},{"$i":"weekday-5-short","$v":"R"},{"$i":"weekday-6-short","$v":"L"},{"$i":"month-0-long","$v":"Jaanuar"},{"$i":"month-1-long","$v":"Veebruar"},{"$i":"month-2-long","$v":"Märts"},{"$i":"month-3-long","$v":"Aprill"},{"$i":"month-4-long","$v":"Mai"},{"$i":"month-5-long","$v":"Juuni"},{"$i":"month-6-long","$v":"Juuli"},{"$i":"month-7-long","$v":"August"},{"$i":"month-8-long","$v":"September"},{"$i":"month-9-long","$v":"Oktoober"},{"$i":"month-10-long","$v":"November"},{"$i":"month-11-long","$v":"Detsember"},{"$i":"month-0-genitive","$v":"Jaanuar"},{"$i":"month-1-genitive","$v":"Veebruar"},{"$i":"month-2-genitive","$v":"Märts"},{"$i":"month-3-genitive","$v":"Aprill"},{"$i":"month-4-genitive","$v":"Mai"},{"$i":"month-5-genitive","$v":"Juuni"},{"$i":"month-6-genitive","$v":"Juuli"},{"$i":"month-7-genitive","$v":"August"},{"$i":"month-8-genitive","$v":"September"},{"$i":"month-9-genitive","$v":"Oktoober"},{"$i":"month-10-genitive","$v":"November"},{"$i":"month-11-genitive","$v":"Detsember"},{"$i":"month-0-short","$v":"jaan"},{"$i":"month-1-short","$v":"veebr"},{"$i":"month-2-short","$v":"märts"},{"$i":"month-3-short","$v":"apr"},{"$i":"month-4-short","$v":"Mai"},{"$i":"month-5-short","$v":"juuni"},{"$i":"month-6-short","$v":"juuli"},{"$i":"month-7-short","$v":"aug"},{"$i":"month-8-short","$v":"sept"},{"$i":"month-9-short","$v":"okt"},{"$i":"month-10-short","$v":"nov"},{"$i":"month-11-short","$v":"dets"},{"$i":"minutes-ago-long","$v":{"few":[{"t":"idOrVar","v":"value"}," minutit tagasi"],"many":[{"t":"idOrVar","v":"value"}," minutit tagasi"],"other":[{"t":"idOrVar","v":"value"}," minutit tagasi"],"two":[{"t":"idOrVar","v":"value"}," minutit tagasi"],"one":"üks minut tagasi","zero":"just nüüd"},"$x":[{"t":"idOrVar","v":"plural"},"value"]},{"$i":"hours-ago-long","$v":{"few":[{"t":"idOrVar","v":"value"}," tundi tagasi"],"many":[{"t":"idOrVar","v":"value"}," tundi tagasi"],"other":[{"t":"idOrVar","v":"value"}," tundi tagasi"],"two":[{"t":"idOrVar","v":"value"}," tundi tagasi"],"one":"1 tund tagasi","zero":"just nüüd"},"$x":[{"t":"idOrVar","v":"plural"},"value"]},{"$i":"days-ago-long","$v":{"few":[{"t":"idOrVar","v":"value"}," päeva tagasi"],"many":[{"t":"idOrVar","v":"value"}," päeva tagasi"],"one":"eile","other":[{"t":"idOrVar","v":"value"}," päeva tagasi"],"two":[{"t":"idOrVar","v":"value"}," päeva tagasi"],"zero":"täna"},"$x":[{"t":"idOrVar","v":"plural"},"value"]},{"$i":"weeks-ago-long","$v":{"few":[{"t":"idOrVar","v":"value"}," nädalat tagasi"],"many":[{"t":"idOrVar","v":"value"}," nädalat tagasi"],"one":"eelmine nädal","other":[{"t":"idOrVar","v":"value"}," nädalat tagasi"],"two":[{"t":"idOrVar","v":"value"}," nädalat tagasi"],"zero":"sel nädalal"},"$x":[{"t":"idOrVar","v":"plural"},"value"]},{"$i":"months-ago-long","$v":{"few":[{"t":"idOrVar","v":"value"}," kuud tagasi"],"many":[{"t":"idOrVar","v":"value"}," kuud tagasi"],"one":"eelmine kuu","other":[{"t":"idOrVar","v":"value"}," kuud tagasi"],"two":[{"t":"idOrVar","v":"value"}," kuud tagasi"],"zero":"see kuu"},"$x":[{"t":"idOrVar","v":"plural"},"value"]},{"$i":"years-ago-long","$v":{"few":[{"t":"idOrVar","v":"value"}," aastat tagasi"],"many":[{"t":"idOrVar","v":"value"}," aastat tagasi"],"one":"eelmine aasta","other":[{"t":"idOrVar","v":"value"}," aastat tagasi"],"two":[{"t":"idOrVar","v":"value"}," aastat tagasi"],"zero":"see aasta"},"$x":[{"t":"idOrVar","v":"plural"},"value"]},{"$i":"minutes-until-long","$v":{"few":[{"t":"idOrVar","v":"value"}," minuti pärast"],"many":[{"t":"idOrVar","v":"value"}," minuti pärast"],"other":[{"t":"idOrVar","v":"value"}," minuti pärast"],"two":[{"t":"idOrVar","v":"value"}," minuti pärast"],"zero":"kohe","one":"1 minutiga"},"$x":[{"t":"idOrVar","v":"plural"},"value"]},{"$i":"hours-until-long","$v":{"few":[{"t":"idOrVar","v":"value"}," tunni pärast"],"many":[{"t":"idOrVar","v":"value"}," tunni pärast"],"other":[{"t":"idOrVar","v":"value"}," tunni pärast"],"two":[{"t":"idOrVar","v":"value"}," tunni pärast"],"zero":"kohe","one":"1 tunni pärast"},"$x":[{"t":"idOrVar","v":"plural"},"value"]},{"$i":"days-until-long","$v":{"few":[{"t":"idOrVar","v":"value"}," päeva pärast"],"many":[{"t":"idOrVar","v":"value"}," päeva pärast"],"one":"homme","other":[{"t":"idOrVar","v":"value"}," päeva pärast"],"two":[{"t":"idOrVar","v":"value"}," päeva pärast"],"zero":"täna"},"$x":[{"t":"idOrVar","v":"plural"},"value"]},{"$i":"weeks-until-long","$v":{"few":[{"t":"idOrVar","v":"value"}," nädala pärast"],"many":[{"t":"idOrVar","v":"value"}," nädala pärast"],"one":"järgmine nädal","other":[{"t":"idOrVar","v":"value"}," nädala pärast"],"two":[{"t":"idOrVar","v":"value"}," nädala pärast"],"zero":"sel nädalal"},"$x":[{"t":"idOrVar","v":"plural"},"value"]},{"$i":"months-until-long","$v":{"few":[{"t":"idOrVar","v":"value"}," kuu pärast"],"many":[{"t":"idOrVar","v":"value"}," kuu pärast"],"one":"järgmine kuu","other":[{"t":"idOrVar","v":"value"}," kuu pärast"],"two":[{"t":"idOrVar","v":"value"}," kuu pärast"],"zero":"see kuu"},"$x":[{"t":"idOrVar","v":"plural"},"value"]},{"$i":"years-until-long","$v":{"few":[{"t":"idOrVar","v":"value"}," aasta pärast"],"many":[{"t":"idOrVar","v":"value"}," aasta pärast"],"one":"järgmine aasta","other":[{"t":"idOrVar","v":"value"}," aasta pärast"],"two":[{"t":"idOrVar","v":"value"}," aasta pärast"],"zero":"see aasta"},"$x":[{"t":"idOrVar","v":"plural"},"value"]},{"$i":"minutes-ago-short","$v":{"other":[{"t":"idOrVar","v":"value"}," m tagasi"],"zero":"just nüüd"},"$x":[{"t":"idOrVar","v":"plural"},"value"]},{"$i":"hours-ago-short","$v":{"other":[{"t":"idOrVar","v":"value"}," h tagasi"],"zero":"just nüüd"},"$x":[{"t":"idOrVar","v":"plural"},"value"]},{"$i":"days-ago-short","$v":{"other":[{"t":"idOrVar","v":"value"}," p tagasi"],"zero":"täna"},"$x":[{"t":"idOrVar","v":"plural"},"value"]},{"$i":"minutes-until-short","$v":{"other":[{"t":"idOrVar","v":"value"}," min pärast"],"zero":"kohe"},"$x":[{"t":"idOrVar","v":"plural"},"value"]},{"$i":"hours-until-short","$v":{"other":[{"t":"idOrVar","v":"value"},"h pärast"],"zero":"kohe"},"$x":[{"t":"idOrVar","v":"plural"},"value"]},{"$i":"days-until-short","$v":{"other":[{"t":"idOrVar","v":"value"},"p pärast"],"zero":"täna"},"$x":[{"t":"idOrVar","v":"plural"},"value"]},{"$i":"incorrectDate","$v":"(vale kuupäev)"},{"$i":"dateTimeFormat_%c","$v":"%a %b %e %Y %I:%M:%S %p"},{"$i":"dateTimeFormat_%x","$v":"%m/%d/%Y"},{"$i":"dateTimeFormat_%X","$v":"%I:%M:%S %p"},{"$i":"shortTimeFormat","$v":"%I:%M %p"},{"$i":"shortTimeFormat12","$v":"%I:%M %p"},{"$i":"shortTimeFormat24","$v":"%H:%M"},{"$i":"shortDateTimeFormat","$v":"%x %I:%M %p"},{"$i":"weekStartsOnMonday","$v":"0.0"},{"$i":"firstDayOfTheWeek","$v":"1.0"},{"$i":"time_am","$v":"AM"},{"$i":"time_pm","$v":"PM"}]