[{"$i":"loading-prompt","$v":"در حال بارگيری..."},{"$i":"header-title","$v":"به روز رسانی نرم افزار"},{"$i":"settings-title","$v":"تنظیمات به روزرسانی نرم افزار"},{"$i":"settings-auto-update","$v":"به روزرسانی خودکار"},{"$i":"settings-auto-update-none","$v":"هيچكدام"},{"$i":"settings-auto-update-daily","$v":"روزانه"},{"$i":"settings-auto-update-weekly","$v":"هفتگی"},{"$i":"settings-auto-update-monthly","$v":"ماهانه"},{"$i":"settings-download-via","$v":"دانلود از طریق"},{"$i":"settings-download-via-wifi-mob","$v":"شبکه Wi-Fi یا تلفن همراه"},{"$i":"settings-download-via-wifionly","$v":"فقط Wi-Fi"},{"$i":"checking-for-update","$v":"در حال بررسی برای به روزرسانی..."},{"$i":"please-wait","$v":"لطفاً صبر کنيد"},{"$i":"downloading-update","$v":"در حال دانلود به روزرسانی..."},{"$i":"install-prompt","$v":"به روزرسانی دانلود شد."},{"$i":"release-notes","$v":"انتشار نکات"},{"$i":"release-notes-label","$v":"انتشار نکات"},{"$i":"software-update-available","$v":"به روزرسانی نرم افزار موجود است."},{"$i":"software-up-to-date","$v":"نرم افزار به روز است."},{"$i":"check","$v":"بررسی برای به روزرسانی"},{"$i":"install","$v":"نصب"},{"$i":"download","$v":"دانلود"},{"$i":"options","$v":"گزینه ها"},{"$i":"settings","$v":"تنظیمات"},{"$i":"select","$v":"انتخاب"},{"$i":"stop","$v":"توقف"},{"$i":"cancel","$v":"لغو کردن"},{"$i":"ok","$v":"تأیید"},{"$i":"current-version-label","$v":"نسخه فعلی:"},{"$i":"update-version-label","$v":"نسخه به روزرسانی:"},{"$i":"size-label","$v":"اندازه:"},{"$i":"last-check-label","$v":"آخرین بررسی برای به روزرسانی:"},{"$i":"date-label","$v":"تاريخ:"},{"$i":"version-label","$v":"نسخه:"},{"$i":"software-download-failed","$v":"دانلود نرم افزار انجام نشد."},{"$i":"engine-start-failed","$v":"راه اندازی موتور FOTA انجام نشد!"},{"$i":"engine-check-failed","$v":"به روزرسانی بررسی نشد."},{"$i":"engine-download-failed","$v":"دانلود نرم افزار انجام نشد."},{"$i":"engine-install-failed","$v":"مشکلی در این دانلود پیش آمد، لطفاً دوباره امتحان کنید."},{"$i":"bizlogic-no-network","$v":"بدون اتصال شبکه."},{"$i":"bizlogic-network-type","$v":"به Wi-Fi وصل شوید و سپس دوباره امتحان کنید."},{"$i":"bizlogic-free-space","$v":["حافظه را پاک کنید یا یک کارت SD با حداقل ",{"t":"idOrVar","v":"n"}," مگابایت فضای آزاد وارد کنید و دوباره امتحان نمایید."]},{"$i":"bizlogic-install-free-space","$v":["دقت کنید حافظه حداقل ",{"t":"idOrVar","v":"n"}," مگابایت فضای آزاد داشته باشد و سپس دوباره امتحان کنید."]},{"$i":"bizlogic-battery","$v":"دقت کنید باتری حداقل 30 درصد شارژ داشته باشد و سپس دوباره امتحان کنید."},{"$i":"bizlogic-insert-sd","$v":["یک کارت SD با حداقل ",{"t":"idOrVar","v":"n"}," مگابایت فضای آزاد وارد کنید و سپس دوباره امتحان کنید."]},{"$i":"config-downloadvia-mobile-warning","$v":"زمان دانلود از طریق شبکه تلفن همراه، ممکن است هزینه های اضافی اعمال شود."},{"$i":"verify-update","$v":"در حال تأیید به روزرسانی..."},{"$i":"verify-failed","$v":"مشکلی در این دانلود پیش آمد، لطفاً دوباره امتحان کنید."},{"$i":"weekday-0-long","$v":"يكشنبه"},{"$i":"weekday-1-long","$v":"دوشنبه"},{"$i":"weekday-2-long","$v":"سه شنبه"},{"$i":"weekday-3-long","$v":"چهارشنبه"},{"$i":"weekday-4-long","$v":"پنج شنبه"},{"$i":"weekday-5-long","$v":"جمعه"},{"$i":"weekday-6-long","$v":"شنبه"},{"$i":"weekday-0-short","$v":"یکشنبه"},{"$i":"weekday-1-short","$v":"دوشنبه"},{"$i":"weekday-2-short","$v":"سه شنبه"},{"$i":"weekday-3-short","$v":"چهارشنبه"},{"$i":"weekday-4-short","$v":"پنج شنبه"},{"$i":"weekday-5-short","$v":"جمعه"},{"$i":"weekday-6-short","$v":"شنبه"},{"$i":"month-0-long","$v":"ژانویه"},{"$i":"month-1-long","$v":"فوریه"},{"$i":"month-2-long","$v":"مارس"},{"$i":"month-3-long","$v":"آوریل"},{"$i":"month-4-long","$v":"مه"},{"$i":"month-5-long","$v":"ژوئن"},{"$i":"month-6-long","$v":"ژوئیه"},{"$i":"month-7-long","$v":"اوت"},{"$i":"month-8-long","$v":"سپتامبر"},{"$i":"month-9-long","$v":"اکتبر"},{"$i":"month-10-long","$v":"نوامبر"},{"$i":"month-11-long","$v":"دسامبر"},{"$i":"month-0-genitive","$v":"ژانویه"},{"$i":"month-1-genitive","$v":"فوریه"},{"$i":"month-2-genitive","$v":"مارس"},{"$i":"month-3-genitive","$v":"آوریل"},{"$i":"month-4-genitive","$v":"مه"},{"$i":"month-5-genitive","$v":"ژوئن"},{"$i":"month-6-genitive","$v":"ژوئیه"},{"$i":"month-7-genitive","$v":"اوت"},{"$i":"month-8-genitive","$v":"سپتامبر"},{"$i":"month-9-genitive","$v":"اکتبر"},{"$i":"month-10-genitive","$v":"نوامبر"},{"$i":"month-11-genitive","$v":"دسامبر"},{"$i":"month-0-short","$v":"ژانويه"},{"$i":"month-1-short","$v":"فوريه"},{"$i":"month-2-short","$v":"مارس"},{"$i":"month-3-short","$v":"آوريل"},{"$i":"month-4-short","$v":"مه"},{"$i":"month-5-short","$v":"ژوئن"},{"$i":"month-6-short","$v":"ژوئيه"},{"$i":"month-7-short","$v":"اوت"},{"$i":"month-8-short","$v":"سپتامبر"},{"$i":"month-9-short","$v":"اكتبر"},{"$i":"month-10-short","$v":"نوامبر"},{"$i":"month-11-short","$v":"دسامبر"},{"$i":"minutes-ago-long","$v":{"few":[{"t":"idOrVar","v":"value"}," دقیقه قبل"],"many":[{"t":"idOrVar","v":"value"}," دقیقه قبل"],"other":[{"t":"idOrVar","v":"value"}," دقیقه قبل"],"two":[{"t":"idOrVar","v":"value"}," دقیقه قبل"],"one":"یک دقيقه قبل","zero":"درست اکنون"},"$x":[{"t":"idOrVar","v":"plural"},"value"]},{"$i":"hours-ago-long","$v":{"few":[{"t":"idOrVar","v":"value"}," ساعت قبل"],"many":[{"t":"idOrVar","v":"value"}," ساعت قبل"],"other":[{"t":"idOrVar","v":"value"}," ساعت قبل"],"two":[{"t":"idOrVar","v":"value"}," ساعت قبل"],"one":"یک ساعت قبل","zero":"درست اکنون"},"$x":[{"t":"idOrVar","v":"plural"},"value"]},{"$i":"days-ago-long","$v":{"few":[{"t":"idOrVar","v":"value"}," روز قبل"],"many":[{"t":"idOrVar","v":"value"}," روز قبل"],"one":"دیروز","other":[{"t":"idOrVar","v":"value"}," روز قبل"],"two":[{"t":"idOrVar","v":"value"}," روز قبل"],"zero":"امروز"},"$x":[{"t":"idOrVar","v":"plural"},"value"]},{"$i":"weeks-ago-long","$v":{"few":[{"t":"idOrVar","v":"value"}," هفته قبل"],"many":[{"t":"idOrVar","v":"value"}," هفته قبل"],"one":"هفته قبل","other":[{"t":"idOrVar","v":"value"}," هفته قبل"],"two":[{"t":"idOrVar","v":"value"}," هفته قبل"],"zero":"این هفته"},"$x":[{"t":"idOrVar","v":"plural"},"value"]},{"$i":"months-ago-long","$v":{"few":[{"t":"idOrVar","v":"value"}," ماه قبل"],"many":[{"t":"idOrVar","v":"value"}," ماه قبل"],"one":"ماه قبل","other":[{"t":"idOrVar","v":"value"}," ماه قبل"],"two":[{"t":"idOrVar","v":"value"}," ماه قبل"],"zero":"این ماه"},"$x":[{"t":"idOrVar","v":"plural"},"value"]},{"$i":"years-ago-long","$v":{"few":[{"t":"idOrVar","v":"value"}," سال قبل"],"many":[{"t":"idOrVar","v":"value"}," سال قبل"],"one":"سال قبل","other":[{"t":"idOrVar","v":"value"}," سال قبل"],"two":[{"t":"idOrVar","v":"value"}," سال قبل"],"zero":"امسال"},"$x":[{"t":"idOrVar","v":"plural"},"value"]},{"$i":"minutes-until-long","$v":{"few":"در {value}} دقیقه","many":"در {value}} دقیقه","other":"در {value}} دقیقه","two":"در {value}} دقیقه","zero":"اکنون","one":"در یک دقیقه"},"$x":[{"t":"idOrVar","v":"plural"},"value"]},{"$i":"hours-until-long","$v":{"few":"در {value}} ساعت","many":"در {value}} ساعت","other":"در {value}} ساعت","two":"در {value}} ساعت","zero":"اکنون","one":"در یک ساعت"},"$x":[{"t":"idOrVar","v":"plural"},"value"]},{"$i":"days-until-long","$v":{"few":["در ",{"t":"idOrVar","v":"value"}," روز"],"many":["در ",{"t":"idOrVar","v":"value"}," روز"],"one":"فردا","other":["در ",{"t":"idOrVar","v":"value"}," روز"],"two":["در ",{"t":"idOrVar","v":"value"}," روز"],"zero":"امروز"},"$x":[{"t":"idOrVar","v":"plural"},"value"]},{"$i":"weeks-until-long","$v":{"few":["در ",{"t":"idOrVar","v":"value"}," هفته"],"many":["در ",{"t":"idOrVar","v":"value"}," هفته"],"one":"هفته بعد","other":["در ",{"t":"idOrVar","v":"value"}," هفته"],"two":["در ",{"t":"idOrVar","v":"value"}," هفته"],"zero":"این هفته"},"$x":[{"t":"idOrVar","v":"plural"},"value"]},{"$i":"months-until-long","$v":{"few":["در ",{"t":"idOrVar","v":"value"}," ماه"],"many":["در ",{"t":"idOrVar","v":"value"}," ماه"],"one":"ماه بعد","other":["در ",{"t":"idOrVar","v":"value"}," ماه"],"two":["در ",{"t":"idOrVar","v":"value"}," ماه"],"zero":"این ماه"},"$x":[{"t":"idOrVar","v":"plural"},"value"]},{"$i":"years-until-long","$v":{"few":["در ",{"t":"idOrVar","v":"value"}," سال"],"many":["در ",{"t":"idOrVar","v":"value"}," سال"],"one":"سال بعد","other":["در ",{"t":"idOrVar","v":"value"}," سال"],"two":["در ",{"t":"idOrVar","v":"value"}," سال"],"zero":"امسال"},"$x":[{"t":"idOrVar","v":"plural"},"value"]},{"$i":"minutes-ago-short","$v":{"other":[{"t":"idOrVar","v":"value"},"دقیقه قبل"],"zero":"درست اکنون"},"$x":[{"t":"idOrVar","v":"plural"},"value"]},{"$i":"hours-ago-short","$v":{"other":[{"t":"idOrVar","v":"value"}," ساعت قبل"],"zero":"درست اکنون"},"$x":[{"t":"idOrVar","v":"plural"},"value"]},{"$i":"days-ago-short","$v":{"other":[{"t":"idOrVar","v":"value"}," روز قبل"],"zero":"امروز"},"$x":[{"t":"idOrVar","v":"plural"},"value"]},{"$i":"minutes-until-short","$v":{"other":"در {value}} دقیقه","zero":"اکنون"},"$x":[{"t":"idOrVar","v":"plural"},"value"]},{"$i":"hours-until-short","$v":{"other":"در {value}} ساعت","zero":"اکنون"},"$x":[{"t":"idOrVar","v":"plural"},"value"]},{"$i":"days-until-short","$v":{"other":"در {value}} روز","zero":"امروز"},"$x":[{"t":"idOrVar","v":"plural"},"value"]},{"$i":"incorrectDate","$v":"(تاریخ نادرست)"},{"$i":"dateTimeFormat_%c","$v":"%a %b %e %Y %I:%M:%S %p"},{"$i":"dateTimeFormat_%x","$v":"%m/%d/%Y"},{"$i":"dateTimeFormat_%X","$v":"%I:%M:%S %p"},{"$i":"shortTimeFormat","$v":"%I:%M %p"},{"$i":"shortTimeFormat12","$v":"%I:%M %p"},{"$i":"shortTimeFormat24","$v":"%H:%M"},{"$i":"shortDateTimeFormat","$v":"%x %I:%M %p"},{"$i":"weekStartsOnMonday","$v":"0.0"},{"$i":"firstDayOfTheWeek","$v":"0.0"},{"$i":"time_am","$v":"ب.ظ"},{"$i":"time_pm","$v":"ق.ظ"}]