[{"$i":"loading-prompt","$v":"Chargement en cours…"},{"$i":"header-title","$v":"Mise à jour du logiciel"},{"$i":"settings-title","$v":"Paramètres de mise à jour du logiciel"},{"$i":"settings-auto-update","$v":"Mise à jour automatique"},{"$i":"settings-auto-update-none","$v":"Jamais"},{"$i":"settings-auto-update-daily","$v":"Chaque jour"},{"$i":"settings-auto-update-weekly","$v":"Chaque semaine"},{"$i":"settings-auto-update-monthly","$v":"Chaque mois"},{"$i":"settings-download-via","$v":"Télécharger via"},{"$i":"settings-download-via-wifi-mob","$v":"Réseau Wi-Fi ou mobile"},{"$i":"settings-download-via-wifionly","$v":"Wi-Fi uniquement"},{"$i":"checking-for-update","$v":"Vérification des mises à jour…"},{"$i":"please-wait","$v":"Veuillez patienter"},{"$i":"downloading-update","$v":"Téléchargement de la mise à jour…"},{"$i":"install-prompt","$v":"La mise à jour est téléchargée."},{"$i":"release-notes","$v":"Notes de mise à jour"},{"$i":"release-notes-label","$v":"Notes de mise à jour"},{"$i":"software-update-available","$v":"Une mise à jour du logiciel est disponible."},{"$i":"software-up-to-date","$v":"Votre logiciel est à jour."},{"$i":"check","$v":"Vérifier les mises à jour"},{"$i":"install","$v":"Installer"},{"$i":"download","$v":"Télécharger"},{"$i":"options","$v":"Options"},{"$i":"settings","$v":"Paramètres"},{"$i":"select","$v":"Sélectionner"},{"$i":"stop","$v":"Arrêter"},{"$i":"cancel","$v":"Annuler"},{"$i":"ok","$v":"OK"},{"$i":"current-version-label","$v":"Version actuelle :"},{"$i":"update-version-label","$v":"Version de mise à jour :"},{"$i":"size-label","$v":"Taille :"},{"$i":"last-check-label","$v":"Dernière vérification des mises à jour :"},{"$i":"date-label","$v":"Date :"},{"$i":"version-label","$v":"Version :"},{"$i":"software-download-failed","$v":"Le téléchargement du logiciel a échoué."},{"$i":"engine-start-failed","$v":"Le démarrage du moteur FOTA a échoué !"},{"$i":"engine-check-failed","$v":"La vérification de mise à jour a échoué."},{"$i":"engine-download-failed","$v":"Le téléchargement du logiciel a échoué."},{"$i":"engine-install-failed","$v":"Le téléchargement a échoué. Veuillez réessayer."},{"$i":"bizlogic-no-network","$v":"Sans connexion réseau."},{"$i":"bizlogic-network-type","$v":"Connectez-vous en Wi-Fi, puis réessayez."},{"$i":"bizlogic-free-space","$v":["Effacez la mémoire ou insérez une carte SD avec au moins ",{"t":"idOrVar","v":"n"}," Mo d’espace libre, puis réessayez."]},{"$i":"bizlogic-install-free-space","$v":["Assurez-vous que l’espace de stockage disponible est d’au moins ",{"t":"idOrVar","v":"n"}," Mo, puis réessayez."]},{"$i":"bizlogic-battery","$v":"Assurez-vous que la batterie est chargée à au moins 30 %, puis réessayez."},{"$i":"bizlogic-insert-sd","$v":["Insérez une carte SD avec au moins ",{"t":"idOrVar","v":"n"}," Mo d’espace libre, puis réessayez."]},{"$i":"config-downloadvia-mobile-warning","$v":"En cas de téléchargement par un réseau mobile, des frais supplémentaires peuvent s’appliquer."},{"$i":"verify-update","$v":"Vérification de la mise à jour..."},{"$i":"verify-failed","$v":"Le téléchargement a échoué. Veuillez réessayer."},{"$i":"weekday-0-long","$v":"Dimanche"},{"$i":"weekday-1-long","$v":"Lundi"},{"$i":"weekday-2-long","$v":"Mardi"},{"$i":"weekday-3-long","$v":"Mercredi"},{"$i":"weekday-4-long","$v":"Jeudi"},{"$i":"weekday-5-long","$v":"Vendredi"},{"$i":"weekday-6-long","$v":"Samedi"},{"$i":"weekday-0-short","$v":"dim"},{"$i":"weekday-1-short","$v":"lun"},{"$i":"weekday-2-short","$v":"mar"},{"$i":"weekday-3-short","$v":"mer"},{"$i":"weekday-4-short","$v":"jeu"},{"$i":"weekday-5-short","$v":"ven"},{"$i":"weekday-6-short","$v":"sam"},{"$i":"month-0-long","$v":"Janvier"},{"$i":"month-1-long","$v":"Février"},{"$i":"month-2-long","$v":"Mars"},{"$i":"month-3-long","$v":"Avril"},{"$i":"month-4-long","$v":"mai"},{"$i":"month-5-long","$v":"Juin"},{"$i":"month-6-long","$v":"Juillet"},{"$i":"month-7-long","$v":"Août"},{"$i":"month-8-long","$v":"Septembre"},{"$i":"month-9-long","$v":"Octobre"},{"$i":"month-10-long","$v":"Novembre"},{"$i":"month-11-long","$v":"Décembre"},{"$i":"month-0-genitive","$v":"Janvier"},{"$i":"month-1-genitive","$v":"Février"},{"$i":"month-2-genitive","$v":"Mars"},{"$i":"month-3-genitive","$v":"Avril"},{"$i":"month-4-genitive","$v":"mai"},{"$i":"month-5-genitive","$v":"Juin"},{"$i":"month-6-genitive","$v":"Juillet"},{"$i":"month-7-genitive","$v":"Août"},{"$i":"month-8-genitive","$v":"Septembre"},{"$i":"month-9-genitive","$v":"Octobre"},{"$i":"month-10-genitive","$v":"Novembre"},{"$i":"month-11-genitive","$v":"Décembre"},{"$i":"month-0-short","$v":"jan."},{"$i":"month-1-short","$v":"fév."},{"$i":"month-2-short","$v":"mars"},{"$i":"month-3-short","$v":"avr."},{"$i":"month-4-short","$v":"mai"},{"$i":"month-5-short","$v":"juin"},{"$i":"month-6-short","$v":"juil."},{"$i":"month-7-short","$v":"août"},{"$i":"month-8-short","$v":"sep."},{"$i":"month-9-short","$v":"oct."},{"$i":"month-10-short","$v":"nov."},{"$i":"month-11-short","$v":"déc."},{"$i":"minutes-ago-long","$v":{"few":["il y a ",{"t":"idOrVar","v":"value"}," minutes"],"many":["Il y a ",{"t":"idOrVar","v":"value"}," minutes"],"other":["il y a ",{"t":"idOrVar","v":"value"}," minutes"],"two":["il y a ",{"t":"idOrVar","v":"value"}," minutes"],"one":"Il y a 1 minute","zero":"À l’instant"},"$x":[{"t":"idOrVar","v":"plural"},"value"]},{"$i":"hours-ago-long","$v":{"few":["il y a ",{"t":"idOrVar","v":"value"}," heures"],"many":["Il y a ",{"t":"idOrVar","v":"value"}," heures"],"other":["il y a ",{"t":"idOrVar","v":"value"}," heures"],"two":["il y a ",{"t":"idOrVar","v":"value"}," heures"],"one":"Il y a 1 heure","zero":"À l’instant"},"$x":[{"t":"idOrVar","v":"plural"},"value"]},{"$i":"days-ago-long","$v":{"few":["il y a ",{"t":"idOrVar","v":"value"}," jours"],"many":["il y a ",{"t":"idOrVar","v":"value"}," jours"],"one":"hier","other":["il y a ",{"t":"idOrVar","v":"value"}," jours"],"two":["il y a ",{"t":"idOrVar","v":"value"}," jours"],"zero":"aujourd’hui"},"$x":[{"t":"idOrVar","v":"plural"},"value"]},{"$i":"weeks-ago-long","$v":{"few":["il y a ",{"t":"idOrVar","v":"value"}," semaines"],"many":["il y a ",{"t":"idOrVar","v":"value"}," semaines"],"one":"la semaine dernière","other":["il y a ",{"t":"idOrVar","v":"value"}," semaines"],"two":["il y a ",{"t":"idOrVar","v":"value"}," semaines"],"zero":"cette semaine"},"$x":[{"t":"idOrVar","v":"plural"},"value"]},{"$i":"months-ago-long","$v":{"few":["il y a ",{"t":"idOrVar","v":"value"}," mois"],"many":["il y a ",{"t":"idOrVar","v":"value"}," mois"],"one":"le mois dernier","other":["il y a ",{"t":"idOrVar","v":"value"}," mois"],"two":["il y a ",{"t":"idOrVar","v":"value"}," mois"],"zero":"ce mois-ci"},"$x":[{"t":"idOrVar","v":"plural"},"value"]},{"$i":"years-ago-long","$v":{"few":["il y a ",{"t":"idOrVar","v":"value"}," ans"],"many":["il y a ",{"t":"idOrVar","v":"value"}," ans"],"one":"l’année dernière","other":["il y a ",{"t":"idOrVar","v":"value"}," ans"],"two":["il y a ",{"t":"idOrVar","v":"value"}," ans"],"zero":"cette année"},"$x":[{"t":"idOrVar","v":"plural"},"value"]},{"$i":"minutes-until-long","$v":{"few":["dans ",{"t":"idOrVar","v":"value"}," minutes"],"many":["dans ",{"t":"idOrVar","v":"value"}," minutes"],"other":["dans ",{"t":"idOrVar","v":"value"}," minutes"],"two":["dans ",{"t":"idOrVar","v":"value"}," minutes"],"zero":"maintenant","one":["dans ",{"t":"idOrVar","v":"value"}," minute"]},"$x":[{"t":"idOrVar","v":"plural"},"value"]},{"$i":"hours-until-long","$v":{"few":["dans ",{"t":"idOrVar","v":"value"}," heures"],"many":["dans ",{"t":"idOrVar","v":"value"}," heures"],"other":["dans ",{"t":"idOrVar","v":"value"}," heures"],"two":["dans ",{"t":"idOrVar","v":"value"}," heures"],"zero":"maintenant","one":["dans ",{"t":"idOrVar","v":"value"}," heure"]},"$x":[{"t":"idOrVar","v":"plural"},"value"]},{"$i":"days-until-long","$v":{"few":["dans ",{"t":"idOrVar","v":"value"}," jours"],"many":["dans ",{"t":"idOrVar","v":"value"}," jours"],"one":"demain","other":["dans ",{"t":"idOrVar","v":"value"}," jours"],"two":["dans ",{"t":"idOrVar","v":"value"}," jours"],"zero":"aujourd’hui"},"$x":[{"t":"idOrVar","v":"plural"},"value"]},{"$i":"weeks-until-long","$v":{"few":["dans ",{"t":"idOrVar","v":"value"}," semaines"],"many":["dans ",{"t":"idOrVar","v":"value"}," semaines"],"one":"la semaine prochaine","other":["dans ",{"t":"idOrVar","v":"value"}," semaines"],"two":["dans ",{"t":"idOrVar","v":"value"}," semaines"],"zero":"cette semaine"},"$x":[{"t":"idOrVar","v":"plural"},"value"]},{"$i":"months-until-long","$v":{"few":["dans ",{"t":"idOrVar","v":"value"}," mois"],"many":["dans ",{"t":"idOrVar","v":"value"}," mois"],"one":"le mois prochain","other":["dans ",{"t":"idOrVar","v":"value"}," mois"],"two":["dans ",{"t":"idOrVar","v":"value"}," mois"],"zero":"ce mois-ci"},"$x":[{"t":"idOrVar","v":"plural"},"value"]},{"$i":"years-until-long","$v":{"few":["dans ",{"t":"idOrVar","v":"value"}," ans"],"many":["dans ",{"t":"idOrVar","v":"value"}," ans"],"one":"l’année prochaine","other":["dans ",{"t":"idOrVar","v":"value"}," ans"],"two":["dans ",{"t":"idOrVar","v":"value"}," ans"],"zero":"cette année"},"$x":[{"t":"idOrVar","v":"plural"},"value"]},{"$i":"minutes-ago-short","$v":{"other":["il y a ",{"t":"idOrVar","v":"value"}," min"],"zero":"À l’instant"},"$x":[{"t":"idOrVar","v":"plural"},"value"]},{"$i":"hours-ago-short","$v":{"other":["il y a ",{"t":"idOrVar","v":"value"},"h"],"zero":"À l’instant"},"$x":[{"t":"idOrVar","v":"plural"},"value"]},{"$i":"days-ago-short","$v":{"other":["il y a ",{"t":"idOrVar","v":"value"},"j"],"zero":"aujourd’hui"},"$x":[{"t":"idOrVar","v":"plural"},"value"]},{"$i":"minutes-until-short","$v":{"other":["dans ",{"t":"idOrVar","v":"value"},"m"],"zero":"maintenant"},"$x":[{"t":"idOrVar","v":"plural"},"value"]},{"$i":"hours-until-short","$v":{"other":["dans ",{"t":"idOrVar","v":"value"},"h"],"zero":"maintenant"},"$x":[{"t":"idOrVar","v":"plural"},"value"]},{"$i":"days-until-short","$v":{"other":["dans ",{"t":"idOrVar","v":"value"},"j"],"zero":"aujourd’hui"},"$x":[{"t":"idOrVar","v":"plural"},"value"]},{"$i":"incorrectDate","$v":"(date incorrecte)"},{"$i":"dateTimeFormat_%c","$v":"%a %e %b %Y %H:%M:%S"},{"$i":"dateTimeFormat_%x","$v":"%d/%m/%Y"},{"$i":"dateTimeFormat_%X","$v":"%I:%M:%S %p"},{"$i":"shortTimeFormat","$v":"%I:%M %p"},{"$i":"shortTimeFormat12","$v":"%I:%M %p"},{"$i":"shortTimeFormat24","$v":"%H:%M"},{"$i":"shortDateTimeFormat","$v":"%x %H:%M"},{"$i":"weekStartsOnMonday","$v":"0.0"},{"$i":"firstDayOfTheWeek","$v":"1.0"},{"$i":"time_am","$v":"AM"},{"$i":"time_pm","$v":"PM"}]