[{"$i":"loading-prompt","$v":"लोड हो रहा है..."},{"$i":"header-title","$v":"सॉफ़्टवेयर अद्यतन"},{"$i":"settings-title","$v":"सॉफ़्टवेयर अपडेट सेटिंग्स"},{"$i":"settings-auto-update","$v":"स्वचालित अपडेट"},{"$i":"settings-auto-update-none","$v":"कुछ भी नहीं"},{"$i":"settings-auto-update-daily","$v":"दैनिक"},{"$i":"settings-auto-update-weekly","$v":"साप्ताहिक"},{"$i":"settings-auto-update-monthly","$v":"मासिक"},{"$i":"settings-download-via","$v":"के माध्यम से डाउनलोड करें"},{"$i":"settings-download-via-wifi-mob","$v":"वाई-फाई या मोबाइल नेटवर्क"},{"$i":"settings-download-via-wifionly","$v":"केवल वाई - फाई"},{"$i":"checking-for-update","$v":"अपडेट की जांच कर रहे हैं..."},{"$i":"please-wait","$v":"कृपया प्रतीक्षा करें"},{"$i":"downloading-update","$v":"अपडेट डाउनलोड हो रहा है..."},{"$i":"install-prompt","$v":"अपडेट डाउनलोड किया गया।"},{"$i":"release-notes","$v":"रिलीज नोट्स"},{"$i":"release-notes-label","$v":"रिलीज नोट्स"},{"$i":"software-update-available","$v":"सॉफ़्टवेयर अद्यतन उपलब्ध है।"},{"$i":"software-up-to-date","$v":"आपका सॉफ्टवेयर अप टु डेट है।"},{"$i":"check","$v":"अपडेट के लिये जांचें"},{"$i":"install","$v":"इंस्टॉल करें"},{"$i":"download","$v":"डाउनलोड करें"},{"$i":"options","$v":"विकल्प"},{"$i":"settings","$v":"सेटिंग्स"},{"$i":"select","$v":"चुनें"},{"$i":"stop","$v":"रोकें"},{"$i":"cancel","$v":"रद्द करें"},{"$i":"ok","$v":"ठीक हैं"},{"$i":"current-version-label","$v":"वर्तमान संस्करण:"},{"$i":"update-version-label","$v":"अपडेट संस्करण :"},{"$i":"size-label","$v":"आकार:"},{"$i":"last-check-label","$v":"अपडेट के लिए अंतिम जांच की गई:"},{"$i":"date-label","$v":"तारीख:"},{"$i":"version-label","$v":"संस्करण:"},{"$i":"software-download-failed","$v":"सॉफ्टवेयर डाउनलोड असफल रहा"},{"$i":"engine-start-failed","$v":"FOTA इंजन प्रारंभ विफल!"},{"$i":"engine-check-failed","$v":"अपडेट की जांच विफल रही।"},{"$i":"engine-download-failed","$v":"सॉफ्टवेयर डाउनलोड असफल रहा"},{"$i":"engine-install-failed","$v":"इस डाउनलोड में कुछ गलत हुआ है, कृपया फिर से प्रयास करें।"},{"$i":"bizlogic-no-network","$v":"कोई नेटवर्क कनेक्शन नहीं है।"},{"$i":"bizlogic-network-type","$v":"वाई-फाई से कनेक्ट करें और फिर पुन: प्रयास करें।"},{"$i":"bizlogic-free-space","$v":["स्टोरेज को खाली करें या कम से कम ",{"t":"idOrVar","v":"n"}," एम.बी का खाली एस.डी कार्ड डालें और फिर से प्रयास करें।"]},{"$i":"bizlogic-install-free-space","$v":["सुनिश्चित करें कि स्टोरेज में कम से कम ",{"t":"idOrVar","v":"n"},"एम.बी फ्री स्पेस रहे और उसके बाद फिर से प्रयास करें।"]},{"$i":"bizlogic-battery","$v":"सुनिश्चित करें कि बैटरी कम से कम 30% रहे और फिर पुन: प्रयास करें।"},{"$i":"bizlogic-insert-sd","$v":["कम से कम ",{"t":"idOrVar","v":"n"},"MB खाली जगह के साथ एस.डी कार्ड डालें और फिर से प्रयास करें।"]},{"$i":"config-downloadvia-mobile-warning","$v":"मोबाइल नेटवर्क के माध्यम से डाउनलोड करने पर, अतिरिक्त शुल्क लग सकता है।"},{"$i":"verify-update","$v":"अपडेट सत्यापित हो रहा है..."},{"$i":"verify-failed","$v":"इस डाउनलोड में कुछ गलत हुआ है, कृपया फिर से प्रयास करें।"},{"$i":"weekday-0-long","$v":"रविवार"},{"$i":"weekday-1-long","$v":"सोमवार"},{"$i":"weekday-2-long","$v":"मंगलवार"},{"$i":"weekday-3-long","$v":"बुधवार"},{"$i":"weekday-4-long","$v":"गुरुवार"},{"$i":"weekday-5-long","$v":"शुक्रवार"},{"$i":"weekday-6-long","$v":"शनिवार"},{"$i":"weekday-0-short","$v":"रवि"},{"$i":"weekday-1-short","$v":"सोम"},{"$i":"weekday-2-short","$v":"मंगल"},{"$i":"weekday-3-short","$v":"बुध"},{"$i":"weekday-4-short","$v":"गुरु"},{"$i":"weekday-5-short","$v":"शुक्र"},{"$i":"weekday-6-short","$v":"शनि"},{"$i":"month-0-long","$v":"जनवरी"},{"$i":"month-1-long","$v":"फरवरी"},{"$i":"month-2-long","$v":"मार्च"},{"$i":"month-3-long","$v":"अप्रैल"},{"$i":"month-4-long","$v":"मई"},{"$i":"month-5-long","$v":"जून"},{"$i":"month-6-long","$v":"जुलाई"},{"$i":"month-7-long","$v":"अगस्त"},{"$i":"month-8-long","$v":"सितंबर"},{"$i":"month-9-long","$v":"अक्टूबर"},{"$i":"month-10-long","$v":"नवंबर"},{"$i":"month-11-long","$v":"दिसंबर"},{"$i":"month-0-genitive","$v":"जनवरी"},{"$i":"month-1-genitive","$v":"फरवरी"},{"$i":"month-2-genitive","$v":"मार्च"},{"$i":"month-3-genitive","$v":"अप्रैल"},{"$i":"month-4-genitive","$v":"मई"},{"$i":"month-5-genitive","$v":"जून"},{"$i":"month-6-genitive","$v":"जुलाई"},{"$i":"month-7-genitive","$v":"अगस्त"},{"$i":"month-8-genitive","$v":"सितंबर"},{"$i":"month-9-genitive","$v":"अक्टूबर"},{"$i":"month-10-genitive","$v":"नवंबर"},{"$i":"month-11-genitive","$v":"दिसंबर"},{"$i":"month-0-short","$v":"जनवरी"},{"$i":"month-1-short","$v":"फरवरी"},{"$i":"month-2-short","$v":"मार्च"},{"$i":"month-3-short","$v":"अप्रैल"},{"$i":"month-4-short","$v":"मई"},{"$i":"month-5-short","$v":"जून"},{"$i":"month-6-short","$v":"जुलाई"},{"$i":"month-7-short","$v":"अगस्त"},{"$i":"month-8-short","$v":"सितंबर"},{"$i":"month-9-short","$v":"अक्टूबर"},{"$i":"month-10-short","$v":"नवंबर"},{"$i":"month-11-short","$v":"दिसंबर"},{"$i":"minutes-ago-long","$v":{"few":[{"t":"idOrVar","v":"value"}," मिनट पहले"],"many":[{"t":"idOrVar","v":"value"}," मिनट पहले"],"other":[{"t":"idOrVar","v":"value"}," मिनट पहले"],"two":[{"t":"idOrVar","v":"value"}," मिनट पहले"],"one":"एक मिनट पहले","zero":"Just now"},"$x":[{"t":"idOrVar","v":"plural"},"value"]},{"$i":"hours-ago-long","$v":{"few":[{"t":"idOrVar","v":"value"}," घंटे पहले"],"many":[{"t":"idOrVar","v":"value"}," घंटे पहले"],"other":[{"t":"idOrVar","v":"value"}," घंटे पहले"],"two":[{"t":"idOrVar","v":"value"}," घंटे पहले"],"one":"एक घंटे पहले","zero":"Just now"},"$x":[{"t":"idOrVar","v":"plural"},"value"]},{"$i":"days-ago-long","$v":{"few":[{"t":"idOrVar","v":"value"}," दिनों पहले"],"many":[{"t":"idOrVar","v":"value"}," दिनों पहले"],"one":"बीता कल","other":[{"t":"idOrVar","v":"value"}," दिनों पहले"],"two":[{"t":"idOrVar","v":"value"}," दिनों पहले"],"zero":"आज"},"$x":[{"t":"idOrVar","v":"plural"},"value"]},{"$i":"weeks-ago-long","$v":{"few":[{"t":"idOrVar","v":"value"}," सप्ताह पहले"],"many":[{"t":"idOrVar","v":"value"}," सप्ताह पहले"],"one":"पिछले सप्ताह","other":[{"t":"idOrVar","v":"value"}," सप्ताह पहले"],"two":[{"t":"idOrVar","v":"value"}," सप्ताह पहले"],"zero":"इस सप्ताह"},"$x":[{"t":"idOrVar","v":"plural"},"value"]},{"$i":"months-ago-long","$v":{"few":[{"t":"idOrVar","v":"value"}," महीनों पहले"],"many":[{"t":"idOrVar","v":"value"}," महीनों पहले"],"one":"पिछले महीने","other":[{"t":"idOrVar","v":"value"}," महीनों पहले"],"two":[{"t":"idOrVar","v":"value"}," महीनों पहले"],"zero":"इस महीने"},"$x":[{"t":"idOrVar","v":"plural"},"value"]},{"$i":"years-ago-long","$v":{"few":[{"t":"idOrVar","v":"value"}," वर्ष पहले"],"many":[{"t":"idOrVar","v":"value"}," वर्ष पहले"],"one":"पिछले वर्ष","other":[{"t":"idOrVar","v":"value"}," वर्ष पहले"],"two":[{"t":"idOrVar","v":"value"}," वर्ष पहले"],"zero":"इस वर्ष"},"$x":[{"t":"idOrVar","v":"plural"},"value"]},{"$i":"minutes-until-long","$v":{"few":[{"t":"idOrVar","v":"value"}," मिनट में"],"many":[{"t":"idOrVar","v":"value"}," मिनट में"],"other":[{"t":"idOrVar","v":"value"}," मिनट में"],"two":[{"t":"idOrVar","v":"value"}," मिनट में"],"zero":"अभी","one":"एक मिनट में"},"$x":[{"t":"idOrVar","v":"plural"},"value"]},{"$i":"hours-until-long","$v":{"few":[{"t":"idOrVar","v":"value"}," घंटों में"],"many":[{"t":"idOrVar","v":"value"}," घंटों में"],"other":[{"t":"idOrVar","v":"value"}," घंटों में"],"two":[{"t":"idOrVar","v":"value"}," घंटों में"],"zero":"अभी","one":"एक घंटे में"},"$x":[{"t":"idOrVar","v":"plural"},"value"]},{"$i":"days-until-long","$v":{"few":[{"t":"idOrVar","v":"value"}," दिनों में"],"many":[{"t":"idOrVar","v":"value"}," दिनों में"],"one":"कल","other":[{"t":"idOrVar","v":"value"}," दिनों में"],"two":[{"t":"idOrVar","v":"value"}," दिनों में"],"zero":"आज"},"$x":[{"t":"idOrVar","v":"plural"},"value"]},{"$i":"weeks-until-long","$v":{"few":[{"t":"idOrVar","v":"value"}," सप्ताह में"],"many":[{"t":"idOrVar","v":"value"}," सप्ताह में"],"one":"अगले सप्ताह","other":[{"t":"idOrVar","v":"value"}," सप्ताह में"],"two":[{"t":"idOrVar","v":"value"}," सप्ताह में"],"zero":"इस सप्ताह"},"$x":[{"t":"idOrVar","v":"plural"},"value"]},{"$i":"months-until-long","$v":{"few":[{"t":"idOrVar","v":"value"}," महीनो में"],"many":[{"t":"idOrVar","v":"value"}," महीनो में"],"one":"अगले महीने","other":[{"t":"idOrVar","v":"value"}," महीनो में"],"two":[{"t":"idOrVar","v":"value"}," महीनो में"],"zero":"इस महीने"},"$x":[{"t":"idOrVar","v":"plural"},"value"]},{"$i":"years-until-long","$v":{"few":[{"t":"idOrVar","v":"value"}," वर्षों में"],"many":[{"t":"idOrVar","v":"value"}," वर्षों में"],"one":"अगले वर्ष","other":[{"t":"idOrVar","v":"value"}," वर्षों में"],"two":[{"t":"idOrVar","v":"value"}," वर्षों में"],"zero":"इस वर्ष"},"$x":[{"t":"idOrVar","v":"plural"},"value"]},{"$i":"minutes-ago-short","$v":{"other":[{"t":"idOrVar","v":"value"}," मिनट पहले"],"zero":"Just now"},"$x":[{"t":"idOrVar","v":"plural"},"value"]},{"$i":"hours-ago-short","$v":{"other":[{"t":"idOrVar","v":"value"}," घंटे पहले"],"zero":"Just now"},"$x":[{"t":"idOrVar","v":"plural"},"value"]},{"$i":"days-ago-short","$v":{"other":[{"t":"idOrVar","v":"value"}," दिनों पहले"],"zero":"आज"},"$x":[{"t":"idOrVar","v":"plural"},"value"]},{"$i":"minutes-until-short","$v":{"other":[{"t":"idOrVar","v":"value"},"मिनिट में"],"zero":"अभी"},"$x":[{"t":"idOrVar","v":"plural"},"value"]},{"$i":"hours-until-short","$v":{"other":[{"t":"idOrVar","v":"value"},"घंटे में"],"zero":"अभी"},"$x":[{"t":"idOrVar","v":"plural"},"value"]},{"$i":"days-until-short","$v":{"other":[{"t":"idOrVar","v":"value"},"दिन में"],"zero":"आज"},"$x":[{"t":"idOrVar","v":"plural"},"value"]},{"$i":"incorrectDate","$v":"(गलत दिनांक)"},{"$i":"dateTimeFormat_%c","$v":"%a %b %e %Y %I:%M:%S %p"},{"$i":"dateTimeFormat_%x","$v":"%m/%d/%Y"},{"$i":"dateTimeFormat_%X","$v":"%I:%M:%S %p"},{"$i":"shortTimeFormat","$v":"%I:%M %p"},{"$i":"shortTimeFormat12","$v":"%I:%M %p"},{"$i":"shortTimeFormat24","$v":"%H:%M"},{"$i":"shortDateTimeFormat","$v":"%x %I:%M %p"},{"$i":"weekStartsOnMonday","$v":"0.0"},{"$i":"firstDayOfTheWeek","$v":"0.0"},{"$i":"time_am","$v":"AM"},{"$i":"time_pm","$v":"PM"}]