[{"$i":"loading-prompt","$v":"Učitavanje…"},{"$i":"header-title","$v":"Ažuriranje softvera"},{"$i":"settings-title","$v":"Postavke ažuriranja softvera"},{"$i":"settings-auto-update","$v":"Automatsko ažuriranje"},{"$i":"settings-auto-update-none","$v":"Ništa"},{"$i":"settings-auto-update-daily","$v":"Svakodnevno"},{"$i":"settings-auto-update-weekly","$v":"Tjedno"},{"$i":"settings-auto-update-monthly","$v":"Mjesečno"},{"$i":"settings-download-via","$v":"Preuzmi putem"},{"$i":"settings-download-via-wifi-mob","$v":"Wi-Fi ili mobilna mreža"},{"$i":"settings-download-via-wifionly","$v":"Samo Wi-Fi"},{"$i":"checking-for-update","$v":"Traženje ažuriranja…"},{"$i":"please-wait","$v":"Pričekajte"},{"$i":"downloading-update","$v":"Preuzimanje ažuriranja..."},{"$i":"install-prompt","$v":"Ažurirano preuzeto."},{"$i":"release-notes","$v":"Bilješke o izdanju"},{"$i":"release-notes-label","$v":"Bilješke o izdanju"},{"$i":"software-update-available","$v":"Dostupno je ažuriranje softvera."},{"$i":"software-up-to-date","$v":"Vaš softver je ažuriran."},{"$i":"check","$v":"Potraži ažuriranja"},{"$i":"install","$v":"Instaliraj"},{"$i":"download","$v":"Preuzmi"},{"$i":"options","$v":"Opcije"},{"$i":"settings","$v":"Postavke"},{"$i":"select","$v":"Odaberi"},{"$i":"stop","$v":"Zaustavi"},{"$i":"cancel","$v":"Otkaži"},{"$i":"ok","$v":"U redu"},{"$i":"current-version-label","$v":"Trenutna verzija:"},{"$i":"update-version-label","$v":"Verzija ažuriranja:"},{"$i":"size-label","$v":"Veličina:"},{"$i":"last-check-label","$v":"Posljednja provjera ažuriranja:"},{"$i":"date-label","$v":"Datum:"},{"$i":"version-label","$v":"Verzija:"},{"$i":"software-download-failed","$v":"Preuzimanje softvera nije uspjelo."},{"$i":"engine-start-failed","$v":"Pokretanje modula FOTA nije uspjelo!"},{"$i":"engine-check-failed","$v":"Provjera ažuriranja nije uspjela."},{"$i":"engine-download-failed","$v":"Preuzimanje softvera nije uspjelo."},{"$i":"engine-install-failed","$v":"Nešto je pošlo po zlu s ovim preuzimanjem, pokušajte ponovno."},{"$i":"bizlogic-no-network","$v":"Nema mrežne veze."},{"$i":"bizlogic-network-type","$v":"Povežite se s Wi-Fi-jem i pokušajte ponovno-"},{"$i":"bizlogic-free-space","$v":["Očistite pohranu ili umetnite SD karticu s najmanje ",{"t":"idOrVar","v":"n"}," MB slobodnog prostora i pokušajte ponovno."]},{"$i":"bizlogic-install-free-space","$v":["Provjerite ima li pohrana najmanje ",{"t":"idOrVar","v":"n"}," MB besplatnog prostora i pokušajte ponovno."]},{"$i":"bizlogic-battery","$v":"Provjerite je li baterija na najmanje 30 % i pokušajte ponovno."},{"$i":"bizlogic-insert-sd","$v":["Umetnite SD karticu s najmanje ",{"t":"idOrVar","v":"n"}," MB slobodnog prostora pa pokušajte ponovno."]},{"$i":"config-downloadvia-mobile-warning","$v":"Pri preuzimanju putem mobilne mreže mogu se naplatiti dodatni troškovi."},{"$i":"verify-update","$v":"Provjera ažuriranja ..."},{"$i":"verify-failed","$v":"Nešto je pošlo po zlu s ovim preuzimanjem, pokušajte ponovno."},{"$i":"weekday-0-long","$v":"Nedjelja"},{"$i":"weekday-1-long","$v":"Ponedjeljak"},{"$i":"weekday-2-long","$v":"Utorak"},{"$i":"weekday-3-long","$v":"Srijeda"},{"$i":"weekday-4-long","$v":"Četvrtak"},{"$i":"weekday-5-long","$v":"Petak"},{"$i":"weekday-6-long","$v":"Subota"},{"$i":"weekday-0-short","$v":"Ned"},{"$i":"weekday-1-short","$v":"Pon"},{"$i":"weekday-2-short","$v":"Uto"},{"$i":"weekday-3-short","$v":"Sri"},{"$i":"weekday-4-short","$v":"Čet"},{"$i":"weekday-5-short","$v":"Pet"},{"$i":"weekday-6-short","$v":"Sub"},{"$i":"month-0-long","$v":"Siječanj"},{"$i":"month-1-long","$v":"Veljača"},{"$i":"month-2-long","$v":"Ožujak"},{"$i":"month-3-long","$v":"Travanj"},{"$i":"month-4-long","$v":"Svibanj"},{"$i":"month-5-long","$v":"Lipanj"},{"$i":"month-6-long","$v":"Srpanj"},{"$i":"month-7-long","$v":"Kolovoz"},{"$i":"month-8-long","$v":"Rujan"},{"$i":"month-9-long","$v":"Listopad"},{"$i":"month-10-long","$v":"Studeni"},{"$i":"month-11-long","$v":"Prosinac"},{"$i":"month-0-genitive","$v":"Siječanj"},{"$i":"month-1-genitive","$v":"Veljača"},{"$i":"month-2-genitive","$v":"Ožujak"},{"$i":"month-3-genitive","$v":"Travanj"},{"$i":"month-4-genitive","$v":"Svibanj"},{"$i":"month-5-genitive","$v":"Lipanj"},{"$i":"month-6-genitive","$v":"Srpanj"},{"$i":"month-7-genitive","$v":"Kolovoz"},{"$i":"month-8-genitive","$v":"Rujan"},{"$i":"month-9-genitive","$v":"Listopad"},{"$i":"month-10-genitive","$v":"Studeni"},{"$i":"month-11-genitive","$v":"Prosinac"},{"$i":"month-0-short","$v":"SIJEC."},{"$i":"month-1-short","$v":"VELJ."},{"$i":"month-2-short","$v":"OZUJ."},{"$i":"month-3-short","$v":"TRAV."},{"$i":"month-4-short","$v":"SVIB."},{"$i":"month-5-short","$v":"LIP."},{"$i":"month-6-short","$v":"SRP."},{"$i":"month-7-short","$v":"KOL."},{"$i":"month-8-short","$v":"RUJ."},{"$i":"month-9-short","$v":"LIST."},{"$i":"month-10-short","$v":"STUD."},{"$i":"month-11-short","$v":"PROS."},{"$i":"minutes-ago-long","$v":{"few":["Prije ",{"t":"idOrVar","v":"value"}," min"],"many":["Prije ",{"t":"idOrVar","v":"value"}," min"],"other":["Prije ",{"t":"idOrVar","v":"value"}," min"],"two":["Prije ",{"t":"idOrVar","v":"value"}," min"],"one":"prije 1 min","zero":"upravo sad"},"$x":[{"t":"idOrVar","v":"plural"},"value"]},{"$i":"hours-ago-long","$v":{"few":["Prije ",{"t":"idOrVar","v":"value"}," h"],"many":["Prije ",{"t":"idOrVar","v":"value"}," h"],"other":["Prije ",{"t":"idOrVar","v":"value"}," h"],"two":["Prije ",{"t":"idOrVar","v":"value"}," h"],"one":"prije 1 sat","zero":"upravo sad"},"$x":[{"t":"idOrVar","v":"plural"},"value"]},{"$i":"days-ago-long","$v":{"few":["Prije ",{"t":"idOrVar","v":"value"}," dana"],"many":["Prije ",{"t":"idOrVar","v":"value"}," dana"],"one":"jučer","other":["Prije ",{"t":"idOrVar","v":"value"}," dana"],"two":["Prije ",{"t":"idOrVar","v":"value"}," dana"],"zero":"danas"},"$x":[{"t":"idOrVar","v":"plural"},"value"]},{"$i":"weeks-ago-long","$v":{"few":["Prije ",{"t":"idOrVar","v":"value"}," tjed(a)na"],"many":["Prije ",{"t":"idOrVar","v":"value"}," tjed(a)na"],"one":"prošli tjedan","other":["Prije ",{"t":"idOrVar","v":"value"}," tjed(a)na"],"two":["Prije ",{"t":"idOrVar","v":"value"}," tjed(a)na"],"zero":"ovaj tjedan"},"$x":[{"t":"idOrVar","v":"plural"},"value"]},{"$i":"months-ago-long","$v":{"few":["Prije ",{"t":"idOrVar","v":"value"}," mjeseci(a)"],"many":["Prije ",{"t":"idOrVar","v":"value"}," mjeseci(a)"],"one":"prošli mjesec","other":["Prije ",{"t":"idOrVar","v":"value"}," mjeseci(a)"],"two":["Prije ",{"t":"idOrVar","v":"value"}," mjeseci(a)"],"zero":"ovaj mjesec"},"$x":[{"t":"idOrVar","v":"plural"},"value"]},{"$i":"years-ago-long","$v":{"few":["Prije ",{"t":"idOrVar","v":"value"}," godina"],"many":["Prije ",{"t":"idOrVar","v":"value"}," godina"],"one":"prošle godine","other":["Prije ",{"t":"idOrVar","v":"value"}," godina"],"two":["Prije ",{"t":"idOrVar","v":"value"}," godina"],"zero":"ova godina"},"$x":[{"t":"idOrVar","v":"plural"},"value"]},{"$i":"minutes-until-long","$v":{"few":["za ",{"t":"idOrVar","v":"value"}," min"],"many":["za ",{"t":"idOrVar","v":"value"}," min"],"other":["za ",{"t":"idOrVar","v":"value"}," min"],"two":["za ",{"t":"idOrVar","v":"value"}," min"],"zero":"sada","one":"za 1 minutu"},"$x":[{"t":"idOrVar","v":"plural"},"value"]},{"$i":"hours-until-long","$v":{"few":["za ",{"t":"idOrVar","v":"value"}," h"],"many":["za ",{"t":"idOrVar","v":"value"}," h"],"other":["za ",{"t":"idOrVar","v":"value"}," h"],"two":["za ",{"t":"idOrVar","v":"value"}," h"],"zero":"sada","one":"za 1 sat"},"$x":[{"t":"idOrVar","v":"plural"},"value"]},{"$i":"days-until-long","$v":{"few":["za ",{"t":"idOrVar","v":"value"}," dana"],"many":["za ",{"t":"idOrVar","v":"value"}," dana"],"one":"sutra","other":["za ",{"t":"idOrVar","v":"value"}," dana"],"two":["za ",{"t":"idOrVar","v":"value"}," dana"],"zero":"danas"},"$x":[{"t":"idOrVar","v":"plural"},"value"]},{"$i":"weeks-until-long","$v":{"few":["za ",{"t":"idOrVar","v":"value"}," tjed(a)na"],"many":["za ",{"t":"idOrVar","v":"value"}," tjed(a)na"],"one":"sljedećeg tjedna","other":["za ",{"t":"idOrVar","v":"value"}," tjed(a)na"],"two":["za ",{"t":"idOrVar","v":"value"}," tjed(a)na"],"zero":"ovaj tjedan"},"$x":[{"t":"idOrVar","v":"plural"},"value"]},{"$i":"months-until-long","$v":{"few":["za ",{"t":"idOrVar","v":"value"}," mjeseci(a)"],"many":["za ",{"t":"idOrVar","v":"value"}," mjeseci(a)"],"one":"sljedećeg mjeseca","other":["za ",{"t":"idOrVar","v":"value"}," mjeseci(a)"],"two":["za ",{"t":"idOrVar","v":"value"}," mjeseci(a)"],"zero":"ovaj mjesec"},"$x":[{"t":"idOrVar","v":"plural"},"value"]},{"$i":"years-until-long","$v":{"few":["za ",{"t":"idOrVar","v":"value"}," godina"],"many":["za ",{"t":"idOrVar","v":"value"}," godina"],"one":"sljedeće godine","other":["za ",{"t":"idOrVar","v":"value"}," godina"],"two":["za ",{"t":"idOrVar","v":"value"}," godina"],"zero":"ova godina"},"$x":[{"t":"idOrVar","v":"plural"},"value"]},{"$i":"minutes-ago-short","$v":{"other":["Prije ",{"t":"idOrVar","v":"value"}," min"],"zero":"upravo sad"},"$x":[{"t":"idOrVar","v":"plural"},"value"]},{"$i":"hours-ago-short","$v":{"other":["Prije ",{"t":"idOrVar","v":"value"}," h"],"zero":"upravo sad"},"$x":[{"t":"idOrVar","v":"plural"},"value"]},{"$i":"days-ago-short","$v":{"other":["Prije ",{"t":"idOrVar","v":"value"}," dana"],"zero":"danas"},"$x":[{"t":"idOrVar","v":"plural"},"value"]},{"$i":"minutes-until-short","$v":{"other":["za ",{"t":"idOrVar","v":"value"}," min"],"zero":"sada"},"$x":[{"t":"idOrVar","v":"plural"},"value"]},{"$i":"hours-until-short","$v":{"other":["za ",{"t":"idOrVar","v":"value"}," h"],"zero":"sada"},"$x":[{"t":"idOrVar","v":"plural"},"value"]},{"$i":"days-until-short","$v":{"other":["za ",{"t":"idOrVar","v":"value"}," d."],"zero":"danas"},"$x":[{"t":"idOrVar","v":"plural"},"value"]},{"$i":"incorrectDate","$v":"(netočan datum)"},{"$i":"dateTimeFormat_%c","$v":"%a %b %e %Y %I:%M:%S %p"},{"$i":"dateTimeFormat_%x","$v":"%m/%d/%Y"},{"$i":"dateTimeFormat_%X","$v":"%I.%M:%S %p"},{"$i":"shortTimeFormat","$v":"%x %I:%M %p"},{"$i":"shortTimeFormat12","$v":"%x %I:%M %p"},{"$i":"shortTimeFormat24","$v":"%H:%M"},{"$i":"shortDateTimeFormat","$v":"%x %I:%M %p"},{"$i":"weekStartsOnMonday","$v":"0.0"},{"$i":"firstDayOfTheWeek","$v":"1.0"},{"$i":"time_am","$v":"AM"},{"$i":"time_pm","$v":"PM"}]