[{"$i":"loading-prompt","$v":"Բեռնվում է…"},{"$i":"header-title","$v":"Ծրագրաշարի թարմացում"},{"$i":"settings-title","$v":"Ծրագրաշարի թարմացման կարգավորումներ"},{"$i":"settings-auto-update","$v":"Ինքնաշխատ թարմացում"},{"$i":"settings-auto-update-none","$v":"Ոչ մի"},{"$i":"settings-auto-update-daily","$v":"Օրական"},{"$i":"settings-auto-update-weekly","$v":"Շաբաթական"},{"$i":"settings-auto-update-monthly","$v":"Ամսական"},{"$i":"settings-download-via","$v":"Ներբեռնել հետևայլով"},{"$i":"settings-download-via-wifi-mob","$v":"Wi-Fi կամ բջջային ցանց"},{"$i":"settings-download-via-wifionly","$v":"Միայն Wi-Fi"},{"$i":"checking-for-update","$v":"Արդիացմն ստուգում…"},{"$i":"please-wait","$v":"Սպասեք"},{"$i":"downloading-update","$v":"Թարմացումը բեռնվում է..."},{"$i":"install-prompt","$v":"Ներբեռնված ներբեռնումը:"},{"$i":"release-notes","$v":"Թողարկման նշումներ"},{"$i":"release-notes-label","$v":"Թողարկման նշումներ"},{"$i":"software-update-available","$v":"Հասանելի է Ծրագրաշարի թարմացում։"},{"$i":"software-up-to-date","$v":"Ձեր ծրագրաշարը ամենավերջինն է։"},{"$i":"check","$v":"Ստգլ արդցմն"},{"$i":"install","$v":"Տեղադրել"},{"$i":"download","$v":"Ներբեռնել"},{"$i":"options","$v":"Ընտրանքներ"},{"$i":"settings","$v":"Պարամետրեր"},{"$i":"select","$v":"Ընտրել"},{"$i":"stop","$v":"Դդրցնլ"},{"$i":"cancel","$v":"Չեղարկել"},{"$i":"ok","$v":"OK"},{"$i":"current-version-label","$v":"Ընթացիկ տարբերակ՝"},{"$i":"update-version-label","$v":"Թարմացված տարբերակ՝"},{"$i":"size-label","$v":"Չափ."},{"$i":"last-check-label","$v":"Վերջին անգամ թարմացումը ստուգվել է՝"},{"$i":"date-label","$v":"Ամսաթիվ՝"},{"$i":"version-label","$v":"Տարբերակ՝"},{"$i":"software-download-failed","$v":"Ծրագրաշարի ներբեռնումը ձախողվեց։"},{"$i":"engine-start-failed","$v":"FOTA համակարգի մեկնարկը ձախողվեց։"},{"$i":"engine-check-failed","$v":"Թարմացման ստուգումը ձախողվեց։"},{"$i":"engine-download-failed","$v":"Ծրագրաշարի ներբեռնումը ձախողվեց։"},{"$i":"engine-install-failed","$v":"Այս ներբեռնման հետ կապված որեւէ սխալ տեղի ունեցավ, կրկին փորձեք:"},{"$i":"bizlogic-no-network","$v":"Ցանց չկա։"},{"$i":"bizlogic-network-type","$v":"Միացեք Wi-Fi-ին, ապա կրկին փորձեք։"},{"$i":"bizlogic-free-space","$v":["Մաքրեք հիշողությունը կամ տեղադրեք առնվազն ",{"t":"idOrVar","v":"n"}," ՄԲ ազատ տարածքով SD քարտ և կրկին փորձեք:"]},{"$i":"bizlogic-install-free-space","$v":["Համոզվեք, որ հիշապահեստն ունի առնվազն ",{"t":"idOrVar","v":"n"}," ՄԲ ազատ տարածք, ապա նորից փորձեք։"]},{"$i":"bizlogic-battery","$v":"Համոզվեք, որ մարտկոցի լիցքն առնվազն 30% է, ապա կրկին փորձեք։"},{"$i":"bizlogic-insert-sd","$v":["Տեղադրեք SD քարտ առնվազն ",{"t":"idOrVar","v":"n"}," ՄԲ ազատ տարածքով, ապա նորից փորձեք:"]},{"$i":"config-downloadvia-mobile-warning","$v":"Բջջային ինտերնետի միջոցով ներբեռնելիս կարող են կիրառվել լրացուցիչ գանձումներ։"},{"$i":"verify-update","$v":"Ստուգվում է թարմացումը ..."},{"$i":"verify-failed","$v":"Այս ներբեռնման հետ կապված որեւէ սխալ տեղի ունեցավ, կրկին փորձեք:"},{"$i":"weekday-0-long","$v":"Կիրակի"},{"$i":"weekday-1-long","$v":"Երկուշաբթի"},{"$i":"weekday-2-long","$v":"Երեքշաբթի"},{"$i":"weekday-3-long","$v":"Չորեքշաբթի"},{"$i":"weekday-4-long","$v":"Հինգշաբթի"},{"$i":"weekday-5-long","$v":"Ուրբաթ"},{"$i":"weekday-6-long","$v":"Շաբաթ"},{"$i":"weekday-0-short","$v":"Կիր"},{"$i":"weekday-1-short","$v":"Երկ"},{"$i":"weekday-2-short","$v":"Երք"},{"$i":"weekday-3-short","$v":"Չրք"},{"$i":"weekday-4-short","$v":"Հնգ"},{"$i":"weekday-5-short","$v":"Ուրբ"},{"$i":"weekday-6-short","$v":"Շբթ"},{"$i":"month-0-long","$v":"Հունվար"},{"$i":"month-1-long","$v":"Փետրվար"},{"$i":"month-2-long","$v":"Մարտ"},{"$i":"month-3-long","$v":"Ապրիլ"},{"$i":"month-4-long","$v":"Մյս"},{"$i":"month-5-long","$v":"Հունիս"},{"$i":"month-6-long","$v":"Հուլիս"},{"$i":"month-7-long","$v":"Օգոստոս"},{"$i":"month-8-long","$v":"Սեպտեմբեր"},{"$i":"month-9-long","$v":"Հոկտեմբեր"},{"$i":"month-10-long","$v":"Նոյեմբեր"},{"$i":"month-11-long","$v":"Դեկտեմբեր"},{"$i":"month-0-genitive","$v":"Հունվար"},{"$i":"month-1-genitive","$v":"Փետրվար"},{"$i":"month-2-genitive","$v":"Մարտ"},{"$i":"month-3-genitive","$v":"Ապրիլ"},{"$i":"month-4-genitive","$v":"Մյս"},{"$i":"month-5-genitive","$v":"Հունիս"},{"$i":"month-6-genitive","$v":"Հուլիս"},{"$i":"month-7-genitive","$v":"Օգոստոս"},{"$i":"month-8-genitive","$v":"Սեպտեմբեր"},{"$i":"month-9-genitive","$v":"Հոկտեմբեր"},{"$i":"month-10-genitive","$v":"Նոյեմբեր"},{"$i":"month-11-genitive","$v":"Դեկտեմբեր"},{"$i":"month-0-short","$v":"Հունվ"},{"$i":"month-1-short","$v":"Փետ"},{"$i":"month-2-short","$v":"Մրտ"},{"$i":"month-3-short","$v":"Ապլ"},{"$i":"month-4-short","$v":"Մյս"},{"$i":"month-5-short","$v":"Հուն"},{"$i":"month-6-short","$v":"Հուլ"},{"$i":"month-7-short","$v":"Օգս"},{"$i":"month-8-short","$v":"Սպտ"},{"$i":"month-9-short","$v":"Հոկտ"},{"$i":"month-10-short","$v":"Նոյ"},{"$i":"month-11-short","$v":"Դեկ"},{"$i":"minutes-ago-long","$v":{"few":[{"t":"idOrVar","v":"value"}," րոպե առաջ"],"many":[{"t":"idOrVar","v":"value"}," րոպե առաջ"],"other":[{"t":"idOrVar","v":"value"}," րոպե առաջ"],"two":[{"t":"idOrVar","v":"value"}," րոպե առաջ"],"one":"րոպե առաջ","zero":"հենց նոր"},"$x":[{"t":"idOrVar","v":"plural"},"value"]},{"$i":"hours-ago-long","$v":{"few":[{"t":"idOrVar","v":"value"}," ժամ առաջ"],"many":[{"t":"idOrVar","v":"value"}," ժամ առաջ"],"other":[{"t":"idOrVar","v":"value"}," ժամ առաջ"],"two":[{"t":"idOrVar","v":"value"}," ժամ առաջ"],"one":"1 ժամ առաջ","zero":"հենց նոր"},"$x":[{"t":"idOrVar","v":"plural"},"value"]},{"$i":"days-ago-long","$v":{"few":[{"t":"idOrVar","v":"value"}," օր առաջ"],"many":[{"t":"idOrVar","v":"value"}," օր առաջ"],"one":"երեկ","other":[{"t":"idOrVar","v":"value"}," օր առաջ"],"two":[{"t":"idOrVar","v":"value"}," օր առաջ"],"zero":"այսօր"},"$x":[{"t":"idOrVar","v":"plural"},"value"]},{"$i":"weeks-ago-long","$v":{"few":[{"t":"idOrVar","v":"value"}," շաբաթ առաջ"],"many":[{"t":"idOrVar","v":"value"}," շաբաթ առաջ"],"one":"անցյալ շաբաթ","other":[{"t":"idOrVar","v":"value"}," շաբաթ առաջ"],"two":[{"t":"idOrVar","v":"value"}," շաբաթ առաջ"],"zero":"այս շաբաթ"},"$x":[{"t":"idOrVar","v":"plural"},"value"]},{"$i":"months-ago-long","$v":{"few":[{"t":"idOrVar","v":"value"}," ամիս առաջ"],"many":[{"t":"idOrVar","v":"value"}," ամիս առաջ"],"one":"անցած ամիս","other":[{"t":"idOrVar","v":"value"}," ամիս առաջ"],"two":[{"t":"idOrVar","v":"value"}," ամիս առաջ"],"zero":"այս ամիս"},"$x":[{"t":"idOrVar","v":"plural"},"value"]},{"$i":"years-ago-long","$v":{"few":[{"t":"idOrVar","v":"value"}," տարի առաջ"],"many":[{"t":"idOrVar","v":"value"}," տարի առաջ"],"one":"անցյալ տարի","other":[{"t":"idOrVar","v":"value"}," տարի առաջ"],"two":[{"t":"idOrVar","v":"value"}," տարի առաջ"],"zero":"այս տարի"},"$x":[{"t":"idOrVar","v":"plural"},"value"]},{"$i":"minutes-until-long","$v":{"few":[{"t":"idOrVar","v":"value"}," րոպեից"],"many":[{"t":"idOrVar","v":"value"}," րոպեից"],"other":[{"t":"idOrVar","v":"value"}," րոպեից"],"two":[{"t":"idOrVar","v":"value"}," րոպեից"],"zero":"հիմա","one":"1 րոպեի ընթացքում"},"$x":[{"t":"idOrVar","v":"plural"},"value"]},{"$i":"hours-until-long","$v":{"few":[{"t":"idOrVar","v":"value"}," ժամից"],"many":[{"t":"idOrVar","v":"value"}," ժամից"],"other":[{"t":"idOrVar","v":"value"}," ժամից"],"two":[{"t":"idOrVar","v":"value"}," ժամից"],"zero":"հիմա","one":"1 ժամում"},"$x":[{"t":"idOrVar","v":"plural"},"value"]},{"$i":"days-until-long","$v":{"few":[{"t":"idOrVar","v":"value"}," օրից"],"many":[{"t":"idOrVar","v":"value"}," օրից"],"one":"վաղը","other":[{"t":"idOrVar","v":"value"}," օրից"],"two":[{"t":"idOrVar","v":"value"}," օրից"],"zero":"այսօր"},"$x":[{"t":"idOrVar","v":"plural"},"value"]},{"$i":"weeks-until-long","$v":{"few":[{"t":"idOrVar","v":"value"}," շաբաթից"],"many":[{"t":"idOrVar","v":"value"}," շաբաթից"],"one":"հաջորդ շաբաթ","other":[{"t":"idOrVar","v":"value"}," շաբաթից"],"two":[{"t":"idOrVar","v":"value"}," շաբաթից"],"zero":"այս շաբաթ"},"$x":[{"t":"idOrVar","v":"plural"},"value"]},{"$i":"months-until-long","$v":{"few":[{"t":"idOrVar","v":"value"}," ամսից"],"many":[{"t":"idOrVar","v":"value"}," ամսից"],"one":"հաջորդ ամիս","other":[{"t":"idOrVar","v":"value"}," ամսից"],"two":[{"t":"idOrVar","v":"value"}," ամսից"],"zero":"այս ամիս"},"$x":[{"t":"idOrVar","v":"plural"},"value"]},{"$i":"years-until-long","$v":{"few":[{"t":"idOrVar","v":"value"}," տարուց"],"many":[{"t":"idOrVar","v":"value"}," տարուց"],"one":"հաջորդ տարի","other":[{"t":"idOrVar","v":"value"}," տարուց"],"two":[{"t":"idOrVar","v":"value"}," տարուց"],"zero":"այս տարի"},"$x":[{"t":"idOrVar","v":"plural"},"value"]},{"$i":"minutes-ago-short","$v":{"other":[{"t":"idOrVar","v":"value"}," ր առաջ"],"zero":"հենց նոր"},"$x":[{"t":"idOrVar","v":"plural"},"value"]},{"$i":"hours-ago-short","$v":{"other":[{"t":"idOrVar","v":"value"}," ժ առաջ"],"zero":"հենց նոր"},"$x":[{"t":"idOrVar","v":"plural"},"value"]},{"$i":"days-ago-short","$v":{"other":[{"t":"idOrVar","v":"value"}," օր առաջ"],"zero":"այսօր"},"$x":[{"t":"idOrVar","v":"plural"},"value"]},{"$i":"minutes-until-short","$v":{"other":[{"t":"idOrVar","v":"value"}," ր-ից"],"zero":"հիմա"},"$x":[{"t":"idOrVar","v":"plural"},"value"]},{"$i":"hours-until-short","$v":{"other":[{"t":"idOrVar","v":"value"}," ժ-ից"],"zero":"հիմա"},"$x":[{"t":"idOrVar","v":"plural"},"value"]},{"$i":"days-until-short","$v":{"other":[{"t":"idOrVar","v":"value"}," օրից"],"zero":"այսօր"},"$x":[{"t":"idOrVar","v":"plural"},"value"]},{"$i":"incorrectDate","$v":"(սխալ ամսաթիվ)"},{"$i":"dateTimeFormat_%c","$v":"%a %b %e %Y %I:%M:%S %p"},{"$i":"dateTimeFormat_%x","$v":"%m/%d/%Y"},{"$i":"dateTimeFormat_%X","$v":"%I:%M:%S %p"},{"$i":"shortTimeFormat","$v":"%I:%M %p"},{"$i":"shortTimeFormat12","$v":"%I:%M %p"},{"$i":"shortTimeFormat24","$v":"%H:%M"},{"$i":"shortDateTimeFormat","$v":"%x %I:%M %p"},{"$i":"weekStartsOnMonday","$v":"0.0"},{"$i":"firstDayOfTheWeek","$v":"1.0"},{"$i":"time_am","$v":"AM"},{"$i":"time_pm","$v":"PM"}]