[{"$i":"loading-prompt","$v":"កំពុង​ស្រង់..."},{"$i":"header-title","$v":"ធ្វើ​បច្ចុប្បន្នភាព Software"},{"$i":"settings-title","$v":"ការកំណត់​ធ្វើ​បច្ចុប្បន្នភាព Software"},{"$i":"settings-auto-update","$v":"ការធ្វើ​បច្ចុប្បន្នភាព​ស្វ័យ​ប្រវត្តិ"},{"$i":"settings-auto-update-none","$v":"គ្មាន"},{"$i":"settings-auto-update-daily","$v":"រាល់ថ្ងៃ"},{"$i":"settings-auto-update-weekly","$v":"រាល់សប្តាហ៍"},{"$i":"settings-auto-update-monthly","$v":"រាល់ខែ"},{"$i":"settings-download-via","$v":"ទាញ​យក​តាម"},{"$i":"settings-download-via-wifi-mob","$v":"Wi-Fi ឬ​បណ្ដាញ​ចល័ត"},{"$i":"settings-download-via-wifionly","$v":"Wi-Fi ប៉ុណ្ណោះ"},{"$i":"checking-for-update","$v":"កំពុង​រក​មើល​កំណែ​ថ្មី…"},{"$i":"please-wait","$v":"សូម​រង់ចាំ"},{"$i":"downloading-update","$v":"កំពុង​ទាញ​យក​កំណែ​ថ្មី..."},{"$i":"install-prompt","$v":"ទាញយកបច្ចុប្បន្នភាព។"},{"$i":"release-notes","$v":"កំណត់​សម្គាល់​ការចេញ​ផ្សាយ"},{"$i":"release-notes-label","$v":"កំណត់​សម្គាល់​ការចេញ​ផ្សាយ"},{"$i":"software-update-available","$v":"មាន​កំណែ Software ថ្មី។"},{"$i":"software-up-to-date","$v":"Software របស់​អ្នក​មាន​កំណែ​ថ្មី​បំផុត​ហើយ។"},{"$i":"check","$v":"រក​មើល​កំណែ​ថ្មី"},{"$i":"install","$v":"ដំឡើង"},{"$i":"download","$v":"ទាញ​យក"},{"$i":"options","$v":"ជម្រើស"},{"$i":"settings","$v":"ការ​កំណត់"},{"$i":"select","$v":"ជ្រើស"},{"$i":"stop","$v":"បញ្ឈប់"},{"$i":"cancel","$v":"បោះបង់"},{"$i":"ok","$v":"យល់ព្រម"},{"$i":"current-version-label","$v":"កំណែ​បច្ចុប្បន្ន៖"},{"$i":"update-version-label","$v":"កំណែ​ថ្មី៖"},{"$i":"size-label","$v":"ទំហំ៖"},{"$i":"last-check-label","$v":"បាន​រក​មើល​កំណែ​ថ្មី​ចុង​ក្រោយ៖"},{"$i":"date-label","$v":"កាល​បរិច្ឆេទ៖"},{"$i":"version-label","$v":"កំណែ៖"},{"$i":"software-download-failed","$v":"ការទាញ​យក Software មិន​បាន​សម្រេច។"},{"$i":"engine-start-failed","$v":"ការចាប់ផ្ដើម​កម្មវិធី FOTA Engine មិន​បាន​សម្រេច!"},{"$i":"engine-check-failed","$v":"ការរក​មើល​កំណែ​ថ្មី​មិន​បាន​សម្រេច"},{"$i":"engine-download-failed","$v":"ទាញ​យក Software មិន​បាន។"},{"$i":"engine-install-failed","$v":"មានអ្វីមួយខុសប្រក្រតីជាមួយការទាញយកនេះសូមព្យាយាមម្តងទៀត។"},{"$i":"bizlogic-no-network","$v":"គ្មាន​ការភ្ជាប់​បណ្ដាញ​ទេ។"},{"$i":"bizlogic-network-type","$v":"ភ្ជាប់​ទៅ Wi-Fi រួច​ហើយ​ព្យាយាម​ម្ដង​ទៀត។"},{"$i":"bizlogic-free-space","$v":["លុបទំហំផ្ទុក ឬបញ្ចូលកាត SD ដោយមានទំហំទំនេរយ៉ាងហោចណាស់ ",{"t":"idOrVar","v":"n"},"MB ហើយព្យាយាមម្តងទៀត។"]},{"$i":"bizlogic-install-free-space","$v":["ត្រូវ​ប្រាកដ​ថា ទំហំ​ផ្ទុក​ទំនេរ​សល់​យ៉ាង​ហោច ",{"t":"idOrVar","v":"n"}," មេកាបៃ រួច​ហើយ​សាក​ម្ដង​ទៀត។"]},{"$i":"bizlogic-battery","$v":"ត្រូវ​ប្រាកដ​ថា ថ្ម​យ៉ាង​ហោច​សល់ 30% រួច​ហើយ​ព្យាយាម​ម្ដង​ទៀត។"},{"$i":"bizlogic-insert-sd","$v":["បញ្ចូល​កាត SD ដោយ​មាន​ទំហំ​ទំនេរ​យ៉ាង​ហោច​ណាស់ ",{"t":"idOrVar","v":"n"},"MB ហើយ​ព្យាយាម​ម្តង​ទៀត។"]},{"$i":"config-downloadvia-mobile-warning","$v":"នៅ​ពេល​ទាញ​យក​តាម​បណ្ដាញ​ទូរសព្ទ​ចល័ត អាច​នឹង​មាន​ការគិត​ថ្លៃ​បន្ថែម។"},{"$i":"verify-update","$v":"កំពុងផ្ទៀងផ្ទាត់បច្ចុប្បន្នភាព ..."},{"$i":"verify-failed","$v":"មានអ្វីមួយខុសប្រក្រតីជាមួយការទាញយកនេះសូមព្យាយាមម្តងទៀត។"},{"$i":"weekday-0-long","$v":"អាទិត្យ"},{"$i":"weekday-1-long","$v":"ចន្ទ"},{"$i":"weekday-2-long","$v":"អង្គារ"},{"$i":"weekday-3-long","$v":"ពុធ"},{"$i":"weekday-4-long","$v":"ព្រហស្បតិ៍"},{"$i":"weekday-5-long","$v":"សុក្រ"},{"$i":"weekday-6-long","$v":"សៅរ៍"},{"$i":"weekday-0-short","$v":"អា"},{"$i":"weekday-1-short","$v":"ច"},{"$i":"weekday-2-short","$v":"អ"},{"$i":"weekday-3-short","$v":"ពុ"},{"$i":"weekday-4-short","$v":"ព្រ"},{"$i":"weekday-5-short","$v":"សុ"},{"$i":"weekday-6-short","$v":"ស"},{"$i":"month-0-long","$v":"មករា"},{"$i":"month-1-long","$v":"កុម្ភៈ"},{"$i":"month-2-long","$v":"មីនា"},{"$i":"month-3-long","$v":"មេសា"},{"$i":"month-4-long","$v":"ឧសភា"},{"$i":"month-5-long","$v":"មិថុនា"},{"$i":"month-6-long","$v":"កក្កដា"},{"$i":"month-7-long","$v":"សីហា"},{"$i":"month-8-long","$v":"កញ្ញា"},{"$i":"month-9-long","$v":"តុលា"},{"$i":"month-10-long","$v":"វិច្ឆិកា"},{"$i":"month-11-long","$v":"ធ្នូ"},{"$i":"month-0-genitive","$v":"មករា"},{"$i":"month-1-genitive","$v":"កុម្ភៈ"},{"$i":"month-2-genitive","$v":"មីនា"},{"$i":"month-3-genitive","$v":"មេសា"},{"$i":"month-4-genitive","$v":"ឧសភា"},{"$i":"month-5-genitive","$v":"មិថុនា"},{"$i":"month-6-genitive","$v":"កក្កដា"},{"$i":"month-7-genitive","$v":"សីហា"},{"$i":"month-8-genitive","$v":"កញ្ញា"},{"$i":"month-9-genitive","$v":"តុលា"},{"$i":"month-10-genitive","$v":"វិច្ឆិកា"},{"$i":"month-11-genitive","$v":"ធ្នូ"},{"$i":"month-0-short","$v":"មករា"},{"$i":"month-1-short","$v":"កុម្ភៈ"},{"$i":"month-2-short","$v":"មីនា"},{"$i":"month-3-short","$v":"មេសា"},{"$i":"month-4-short","$v":"ឧសភា"},{"$i":"month-5-short","$v":"មិថុនា"},{"$i":"month-6-short","$v":"កក្កដា"},{"$i":"month-7-short","$v":"សីហា"},{"$i":"month-8-short","$v":"កញ្ញា"},{"$i":"month-9-short","$v":"តុលា"},{"$i":"month-10-short","$v":"វិច្ឆិកា"},{"$i":"month-11-short","$v":"ធ្នូ"},{"$i":"minutes-ago-long","$v":{"few":[{"t":"idOrVar","v":"value"}," នាទី​មុន"],"many":[{"t":"idOrVar","v":"value"}," នាទី​មុន"],"other":[{"t":"idOrVar","v":"value"}," នាទី​មុន"],"two":[{"t":"idOrVar","v":"value"}," នាទី​មុន"],"one":"មួយ​នាទី​មុន","zero":"អម្បាញ់​មិញ"},"$x":[{"t":"idOrVar","v":"plural"},"value"]},{"$i":"hours-ago-long","$v":{"few":[{"t":"idOrVar","v":"value"}," ម៉ោង​មុន"],"many":[{"t":"idOrVar","v":"value"}," ម៉ោង​មុន"],"other":[{"t":"idOrVar","v":"value"}," ម៉ោង​មុន"],"two":[{"t":"idOrVar","v":"value"}," ម៉ោង​មុន"],"one":"1 ម៉ោងមុន","zero":"អម្បាញ់​មិញ"},"$x":[{"t":"idOrVar","v":"plural"},"value"]},{"$i":"days-ago-long","$v":{"few":[{"t":"idOrVar","v":"value"}," ថ្ងៃ​មុន"],"many":[{"t":"idOrVar","v":"value"}," ថ្ងៃ​មុន"],"one":"ម្សិល​មិញ","other":[{"t":"idOrVar","v":"value"}," ថ្ងៃ​មុន"],"two":[{"t":"idOrVar","v":"value"}," ថ្ងៃ​មុន"],"zero":"ថ្ងៃ​នេះ"},"$x":[{"t":"idOrVar","v":"plural"},"value"]},{"$i":"weeks-ago-long","$v":{"few":[{"t":"idOrVar","v":"value"}," សប្ដាហ៍​មុន"],"many":[{"t":"idOrVar","v":"value"}," សប្ដាហ៍​មុន"],"one":"សប្ដាហ៍​មុន","other":[{"t":"idOrVar","v":"value"}," សប្ដាហ៍​មុន"],"two":[{"t":"idOrVar","v":"value"}," សប្ដាហ៍​មុន"],"zero":"សប្ដាហ៍​នេះ"},"$x":[{"t":"idOrVar","v":"plural"},"value"]},{"$i":"months-ago-long","$v":{"few":[{"t":"idOrVar","v":"value"}," ខែ​មុន"],"many":[{"t":"idOrVar","v":"value"}," ខែ​មុន"],"one":"ខែ​មុន","other":[{"t":"idOrVar","v":"value"}," ខែ​មុន"],"two":[{"t":"idOrVar","v":"value"}," ខែ​មុន"],"zero":"ខែ​នេះ"},"$x":[{"t":"idOrVar","v":"plural"},"value"]},{"$i":"years-ago-long","$v":{"few":[{"t":"idOrVar","v":"value"}," ឆ្នាំ​មុន"],"many":[{"t":"idOrVar","v":"value"}," ឆ្នាំ​មុន"],"one":"ឆ្នាំ​មុន","other":[{"t":"idOrVar","v":"value"}," ឆ្នាំ​មុន"],"two":[{"t":"idOrVar","v":"value"}," ឆ្នាំ​មុន"],"zero":"ឆ្នាំ​នេះ"},"$x":[{"t":"idOrVar","v":"plural"},"value"]},{"$i":"minutes-until-long","$v":{"few":["ក្នុង​ពេល ",{"t":"idOrVar","v":"value"}," នាទី"],"many":["ក្នុង​ពេល ",{"t":"idOrVar","v":"value"}," នាទី"],"other":["ក្នុង​ពេល ",{"t":"idOrVar","v":"value"}," នាទី"],"two":["ក្នុង​ពេល ",{"t":"idOrVar","v":"value"}," នាទី"],"zero":"ឥឡូវ","one":"ក្នុង ១ នាទី"},"$x":[{"t":"idOrVar","v":"plural"},"value"]},{"$i":"hours-until-long","$v":{"few":["ក្នុង​ពេល ",{"t":"idOrVar","v":"value"}," ម៉ោង"],"many":["ក្នុង​ពេល ",{"t":"idOrVar","v":"value"}," ម៉ោង"],"other":["ក្នុង​ពេល ",{"t":"idOrVar","v":"value"}," ម៉ោង"],"two":["ក្នុង​ពេល ",{"t":"idOrVar","v":"value"}," ម៉ោង"],"zero":"ឥឡូវ","one":"ក្នុង ១ ម៉ោង"},"$x":[{"t":"idOrVar","v":"plural"},"value"]},{"$i":"days-until-long","$v":{"few":["ក្នុង​ពេល ",{"t":"idOrVar","v":"value"}," ថ្ងៃ"],"many":["ក្នុង​ពេល ",{"t":"idOrVar","v":"value"}," ថ្ងៃ"],"one":"ស្អែក","other":["ក្នុង​ពេល ",{"t":"idOrVar","v":"value"}," ថ្ងៃ"],"two":["ក្នុង​ពេល ",{"t":"idOrVar","v":"value"}," ថ្ងៃ"],"zero":"ថ្ងៃ​នេះ"},"$x":[{"t":"idOrVar","v":"plural"},"value"]},{"$i":"weeks-until-long","$v":{"few":["ក្នុង​ពេល ",{"t":"idOrVar","v":"value"}," សប្ដាហ៍"],"many":["ក្នុង​ពេល ",{"t":"idOrVar","v":"value"}," សប្ដាហ៍"],"one":"សប្ដាហ៍​ក្រោយ","other":["ក្នុង​ពេល ",{"t":"idOrVar","v":"value"}," សប្ដាហ៍"],"two":["ក្នុង​ពេល ",{"t":"idOrVar","v":"value"}," សប្ដាហ៍"],"zero":"សប្ដាហ៍​នេះ"},"$x":[{"t":"idOrVar","v":"plural"},"value"]},{"$i":"months-until-long","$v":{"few":["ក្នុង​ពេល ",{"t":"idOrVar","v":"value"}," ខែ"],"many":["ក្នុង​ពេល ",{"t":"idOrVar","v":"value"}," ខែ"],"one":"ខែ​ក្រោយ","other":["ក្នុង​ពេល ",{"t":"idOrVar","v":"value"}," ខែ"],"two":["ក្នុង​ពេល ",{"t":"idOrVar","v":"value"}," ខែ"],"zero":"ខែ​នេះ"},"$x":[{"t":"idOrVar","v":"plural"},"value"]},{"$i":"years-until-long","$v":{"few":["ក្នុង​ពេល ",{"t":"idOrVar","v":"value"}," ឆ្នាំ"],"many":["ក្នុង​ពេល ",{"t":"idOrVar","v":"value"}," ឆ្នាំ"],"one":"ឆ្នាំ​ក្រោយ","other":["ក្នុង​ពេល ",{"t":"idOrVar","v":"value"}," ឆ្នាំ"],"two":["ក្នុង​ពេល ",{"t":"idOrVar","v":"value"}," ឆ្នាំ"],"zero":"ឆ្នាំ​នេះ"},"$x":[{"t":"idOrVar","v":"plural"},"value"]},{"$i":"minutes-ago-short","$v":{"other":[{"t":"idOrVar","v":"value"}," នា. មុន"],"zero":"អម្បាញ់​មិញ"},"$x":[{"t":"idOrVar","v":"plural"},"value"]},{"$i":"hours-ago-short","$v":{"other":[{"t":"idOrVar","v":"value"}," ម៉. មុន"],"zero":"អម្បាញ់​មិញ"},"$x":[{"t":"idOrVar","v":"plural"},"value"]},{"$i":"days-ago-short","$v":{"other":[{"t":"idOrVar","v":"value"}," ថ្ងៃ​មុន"],"zero":"ថ្ងៃ​នេះ"},"$x":[{"t":"idOrVar","v":"plural"},"value"]},{"$i":"minutes-until-short","$v":{"other":["ក្នុង​ពេល ",{"t":"idOrVar","v":"value"}," នា"],"zero":"ឥឡូវ"},"$x":[{"t":"idOrVar","v":"plural"},"value"]},{"$i":"hours-until-short","$v":{"other":["ក្នុងពេល  ",{"t":"idOrVar","v":"value"}," ម៉"],"zero":"ឥឡូវ"},"$x":[{"t":"idOrVar","v":"plural"},"value"]},{"$i":"days-until-short","$v":{"other":["ក្នុង​ពេល ",{"t":"idOrVar","v":"value"}," ថ្ងៃ"],"zero":"ថ្ងៃ​នេះ"},"$x":[{"t":"idOrVar","v":"plural"},"value"]},{"$i":"incorrectDate","$v":"(កាល​បរិច្ឆេទ​ខុស)"},{"$i":"dateTimeFormat_%c","$v":"%a %b %e %Y %I:%M:%S %p"},{"$i":"dateTimeFormat_%x","$v":"%d/%m/%Y"},{"$i":"dateTimeFormat_%X","$v":"%I:%M:%S %p"},{"$i":"shortTimeFormat","$v":"%I:%M %p"},{"$i":"shortTimeFormat12","$v":"%I:%M %p"},{"$i":"shortTimeFormat24","$v":"%H:%M"},{"$i":"shortDateTimeFormat","$v":"%x %I:%M %p"},{"$i":"weekStartsOnMonday","$v":"0.0"},{"$i":"firstDayOfTheWeek","$v":"0.0"},{"$i":"time_am","$v":"ព្រឹក"},{"$i":"time_pm","$v":"រសៀល"}]