[{"$i":"loading-prompt","$v":"लोड हुँदै…"},{"$i":"header-title","$v":"सफ्टवेयर अद्यावधिक"},{"$i":"settings-title","$v":"सफ्टवेयर अद्यावधिक सेटिङहरू"},{"$i":"settings-auto-update","$v":"स्वत: अद्यावधिक"},{"$i":"settings-auto-update-none","$v":"कुनै पनि होइन"},{"$i":"settings-auto-update-daily","$v":"दैनिक"},{"$i":"settings-auto-update-weekly","$v":"साप्ताहिक"},{"$i":"settings-auto-update-monthly","$v":"मासिक रूपमा"},{"$i":"settings-download-via","$v":"यसमार्फत डाउनलोड गर्नुहोस्"},{"$i":"settings-download-via-wifi-mob","$v":"वाइ-फाइ वा मोबाइल सञ्जाल"},{"$i":"settings-download-via-wifionly","$v":"वाइ-फाइ मात्र"},{"$i":"checking-for-update","$v":"अपडेटहरूको लागि जाँच गर्दै..."},{"$i":"please-wait","$v":"कृपया पर्खनुहोस्"},{"$i":"downloading-update","$v":"अद्यावधिक डाउनलोड गर्दै..."},{"$i":"install-prompt","$v":"अद्यावधिक डाउनलोड गरियो"},{"$i":"release-notes","$v":"जारी नोटहरू"},{"$i":"release-notes-label","$v":"जारी नोटहरू"},{"$i":"software-update-available","$v":"सफ्टवेयर अद्यावधिक उपलब्ध छ।"},{"$i":"software-up-to-date","$v":"तपाईंको सफ्टवेयर नविनतम छ।"},{"$i":"check","$v":"अद्यावधिकहरू जाँच्नुहोस्"},{"$i":"install","$v":"स्थापना गर्नुहोस्"},{"$i":"download","$v":"डाउनलोड गर्नुहोस्"},{"$i":"options","$v":"विकल्पहरू"},{"$i":"settings","$v":"सेटिङ्हरू"},{"$i":"select","$v":"चयन गर्नुहोस्"},{"$i":"stop","$v":"रोक्नुहोस्"},{"$i":"cancel","$v":"रद्द गर्नुहोस्"},{"$i":"ok","$v":"ठीक छ"},{"$i":"current-version-label","$v":"हालको संस्करण:"},{"$i":"update-version-label","$v":"अद्यावधिक गरिएको संस्करण:"},{"$i":"size-label","$v":"आकार:"},{"$i":"last-check-label","$v":"पछिल्लो पटक अद्यावधिकको लागि जाँच गरिएको:"},{"$i":"date-label","$v":"मितिः"},{"$i":"version-label","$v":"संस्करण:"},{"$i":"software-download-failed","$v":"सफ्टवेयर डाउनलोड गर्न असफल भयो।"},{"$i":"engine-start-failed","$v":"FOTA इन्जिन सुरु गर्न असफल भयो!"},{"$i":"engine-check-failed","$v":"अद्यावधिक जाँच असफल भयो।"},{"$i":"engine-download-failed","$v":"सफ्टवेयर डाउनलोड गर्न असफल भयो।"},{"$i":"engine-install-failed","$v":"यो डाउनलोडमा केही गलत भयो, कृपया फेरि प्रयास गर्नुहोस्।"},{"$i":"bizlogic-no-network","$v":"कुनै नेटवर्क जडान छैन।"},{"$i":"bizlogic-network-type","$v":"वाइ-फाइमा जडान गर्नुहोस् र पुन: प्रयास गर्नुहोस्।"},{"$i":"bizlogic-free-space","$v":["भण्डारण खाली गर्नुहोस् वा कम्तीमा पनि ",{"t":"idOrVar","v":"n"}," एम.बी खाली ठाउँ भएको एस.डी कार्ड घुसाउनुहोस् र फेरि प्रयास गर्नुहोस्।"]},{"$i":"bizlogic-install-free-space","$v":["भण्डारणमा कम्तीमा पनि ",{"t":"idOrVar","v":"n"}," एम.बी खाली ठाउँ छ भनी सुनिश्चित गर्नुहोस् र त्यसपछि पुन: प्रयास गर्नुहोस्।"]},{"$i":"bizlogic-battery","$v":"ब्याट्री कम्तीमा पनि 30% छ भनी सुनिश्चित गर्नुहोस् र त्यसपछि पुन: प्रयास गर्नुहोस्।"},{"$i":"bizlogic-insert-sd","$v":["कम्तीमा पनि ",{"t":"idOrVar","v":"n"},"एम.बि खाली ठाउँ भएको एस.डि कार्ड घुसाउनुहोस् र त्यसपछि फेरि प्रयास गर्नुहोस्।"]},{"$i":"config-downloadvia-mobile-warning","$v":"मोबाइल नेटवर्कमार्फत डाउनलोड गर्दा, अतिरिक्त शुल्क लागू हुन सक्छ।"},{"$i":"verify-update","$v":"अपडेट प्रमाणित गर्दै ..."},{"$i":"verify-failed","$v":"यो डाउनलोडमा केही गलत भयो, कृपया फेरि प्रयास गर्नुहोस्।"},{"$i":"weekday-0-long","$v":"आइतबार"},{"$i":"weekday-1-long","$v":"सोमबार"},{"$i":"weekday-2-long","$v":"मङ्गलबार"},{"$i":"weekday-3-long","$v":"बुधबार"},{"$i":"weekday-4-long","$v":"बिहिबार"},{"$i":"weekday-5-long","$v":"शुक्रबार"},{"$i":"weekday-6-long","$v":"शनिबार"},{"$i":"weekday-0-short","$v":"सूर्य"},{"$i":"weekday-1-short","$v":"सोमबार"},{"$i":"weekday-2-short","$v":"मङ्गलबार"},{"$i":"weekday-3-short","$v":"बुधबार"},{"$i":"weekday-4-short","$v":"बिहीबार"},{"$i":"weekday-5-short","$v":"शुक्रबार"},{"$i":"weekday-6-short","$v":"शनिबार"},{"$i":"month-0-long","$v":"जनवरी"},{"$i":"month-1-long","$v":"फेब्रुअरी"},{"$i":"month-2-long","$v":"मार्च"},{"$i":"month-3-long","$v":"अप्रिल"},{"$i":"month-4-long","$v":"मे"},{"$i":"month-5-long","$v":"जुन"},{"$i":"month-6-long","$v":"जुलाइ"},{"$i":"month-7-long","$v":"अगस्ट"},{"$i":"month-8-long","$v":"सेप्टेम्बर"},{"$i":"month-9-long","$v":"अक्टुबर"},{"$i":"month-10-long","$v":"नोभेम्बर"},{"$i":"month-11-long","$v":"डिसेम्बर"},{"$i":"month-0-genitive","$v":"जनवरी"},{"$i":"month-1-genitive","$v":"फेब्रुअरी"},{"$i":"month-2-genitive","$v":"मार्च"},{"$i":"month-3-genitive","$v":"अप्रिल"},{"$i":"month-4-genitive","$v":"मे"},{"$i":"month-5-genitive","$v":"जुन"},{"$i":"month-6-genitive","$v":"जुलाइ"},{"$i":"month-7-genitive","$v":"अगस्ट"},{"$i":"month-8-genitive","$v":"सेप्टेम्बर"},{"$i":"month-9-genitive","$v":"अक्टुबर"},{"$i":"month-10-genitive","$v":"नोभेम्बर"},{"$i":"month-11-genitive","$v":"डिसेम्बर"},{"$i":"month-0-short","$v":"जनवरी"},{"$i":"month-1-short","$v":"फेब्रुअरी"},{"$i":"month-2-short","$v":"मार्च"},{"$i":"month-3-short","$v":"अप्रिल"},{"$i":"month-4-short","$v":"मे"},{"$i":"month-5-short","$v":"जुन"},{"$i":"month-6-short","$v":"जुलाई"},{"$i":"month-7-short","$v":"अगस्ट"},{"$i":"month-8-short","$v":"सेप्टेम्बर"},{"$i":"month-9-short","$v":"अक्टोबर"},{"$i":"month-10-short","$v":"नोभेम्बर"},{"$i":"month-11-short","$v":"डिसेम्बर"},{"$i":"minutes-ago-long","$v":{"few":[{"t":"idOrVar","v":"value"}," मिनेट पहिला"],"many":[{"t":"idOrVar","v":"value"}," मिनेट पहिला"],"other":[{"t":"idOrVar","v":"value"}," मिनेट पहिला"],"two":[{"t":"idOrVar","v":"value"}," मिनेट पहिला"],"one":"एक मिनेट अघि","zero":"Just now"},"$x":[{"t":"idOrVar","v":"plural"},"value"]},{"$i":"hours-ago-long","$v":{"few":[{"t":"idOrVar","v":"value"}," घण्टा पहिला"],"many":[{"t":"idOrVar","v":"value"}," घण्टा पहिला"],"other":[{"t":"idOrVar","v":"value"}," घण्टा पहिला"],"two":[{"t":"idOrVar","v":"value"}," घण्टा पहिला"],"one":"एक घण्टा अघि","zero":"Just now"},"$x":[{"t":"idOrVar","v":"plural"},"value"]},{"$i":"days-ago-long","$v":{"few":[{"t":"idOrVar","v":"value"}," दिन पहिला"],"many":[{"t":"idOrVar","v":"value"}," दिन पहिला"],"one":"हिजो","other":[{"t":"idOrVar","v":"value"}," दिन पहिला"],"two":[{"t":"idOrVar","v":"value"}," दिन पहिला"],"zero":"आज"},"$x":[{"t":"idOrVar","v":"plural"},"value"]},{"$i":"weeks-ago-long","$v":{"few":[{"t":"idOrVar","v":"value"}," हप्ता पहिला"],"many":[{"t":"idOrVar","v":"value"}," हप्ता पहिला"],"one":"गत हप्ता","other":[{"t":"idOrVar","v":"value"}," हप्ता पहिला"],"two":[{"t":"idOrVar","v":"value"}," हप्ता पहिला"],"zero":"यो हप्ता"},"$x":[{"t":"idOrVar","v":"plural"},"value"]},{"$i":"months-ago-long","$v":{"few":[{"t":"idOrVar","v":"value"}," महिना पहिला"],"many":[{"t":"idOrVar","v":"value"}," महिना पहिला"],"one":"गत महिना","other":[{"t":"idOrVar","v":"value"}," महिना पहिला"],"two":[{"t":"idOrVar","v":"value"}," महिना पहिला"],"zero":"यो महिना"},"$x":[{"t":"idOrVar","v":"plural"},"value"]},{"$i":"years-ago-long","$v":{"few":[{"t":"idOrVar","v":"value"}," वर्ष पहिला"],"many":[{"t":"idOrVar","v":"value"}," वर्ष पहिला"],"one":"गएको वर्ष","other":[{"t":"idOrVar","v":"value"}," वर्ष पहिला"],"two":[{"t":"idOrVar","v":"value"}," वर्ष पहिला"],"zero":"यो वर्ष"},"$x":[{"t":"idOrVar","v":"plural"},"value"]},{"$i":"minutes-until-long","$v":{"few":[{"t":"idOrVar","v":"value"}," मिनेटमा"],"many":[{"t":"idOrVar","v":"value"}," मिनेटमा"],"other":[{"t":"idOrVar","v":"value"}," मिनेटमा"],"two":[{"t":"idOrVar","v":"value"}," मिनेटमा"],"zero":"अहिले","one":"एक मिनेटमा"},"$x":[{"t":"idOrVar","v":"plural"},"value"]},{"$i":"hours-until-long","$v":{"few":[{"t":"idOrVar","v":"value"}," घण्टामा"],"many":[{"t":"idOrVar","v":"value"}," घण्टामा"],"other":[{"t":"idOrVar","v":"value"}," घण्टामा"],"two":[{"t":"idOrVar","v":"value"}," घण्टामा"],"zero":"अहिले","one":"एक घण्टामा"},"$x":[{"t":"idOrVar","v":"plural"},"value"]},{"$i":"days-until-long","$v":{"few":[{"t":"idOrVar","v":"value"}," दिनमा"],"many":[{"t":"idOrVar","v":"value"}," दिनमा"],"one":"भोली","other":[{"t":"idOrVar","v":"value"}," दिनमा"],"two":[{"t":"idOrVar","v":"value"}," दिनमा"],"zero":"आज"},"$x":[{"t":"idOrVar","v":"plural"},"value"]},{"$i":"weeks-until-long","$v":{"few":[{"t":"idOrVar","v":"value"}," हप्तामा"],"many":[{"t":"idOrVar","v":"value"}," हप्तामा"],"one":"अर्को हप्ता","other":[{"t":"idOrVar","v":"value"}," हप्तामा"],"two":[{"t":"idOrVar","v":"value"}," हप्तामा"],"zero":"यो हप्ता"},"$x":[{"t":"idOrVar","v":"plural"},"value"]},{"$i":"months-until-long","$v":{"few":[{"t":"idOrVar","v":"value"}," महिनामा"],"many":[{"t":"idOrVar","v":"value"}," महिनामा"],"one":"अर्को महिना","other":[{"t":"idOrVar","v":"value"}," महिनामा"],"two":[{"t":"idOrVar","v":"value"}," महिनामा"],"zero":"यो महिना"},"$x":[{"t":"idOrVar","v":"plural"},"value"]},{"$i":"years-until-long","$v":{"few":[{"t":"idOrVar","v":"value"}," वर्षमा"],"many":[{"t":"idOrVar","v":"value"}," वर्षमा"],"one":"अर्को वर्ष","other":[{"t":"idOrVar","v":"value"}," वर्षमा"],"two":[{"t":"idOrVar","v":"value"}," वर्षमा"],"zero":"यो वर्ष"},"$x":[{"t":"idOrVar","v":"plural"},"value"]},{"$i":"minutes-ago-short","$v":{"other":[{"t":"idOrVar","v":"value"}," मिनेट पहिला"],"zero":"Just now"},"$x":[{"t":"idOrVar","v":"plural"},"value"]},{"$i":"hours-ago-short","$v":{"other":[{"t":"idOrVar","v":"value"},"घण्टा पहिला"],"zero":"Just now"},"$x":[{"t":"idOrVar","v":"plural"},"value"]},{"$i":"days-ago-short","$v":{"other":[{"t":"idOrVar","v":"value"},"दिन पहिला"],"zero":"आज"},"$x":[{"t":"idOrVar","v":"plural"},"value"]},{"$i":"minutes-until-short","$v":{"other":[{"t":"idOrVar","v":"value"}," मिनेटमा"],"zero":"अहिले"},"$x":[{"t":"idOrVar","v":"plural"},"value"]},{"$i":"hours-until-short","$v":{"other":[{"t":"idOrVar","v":"value"}," घण्टामा"],"zero":"अहिले"},"$x":[{"t":"idOrVar","v":"plural"},"value"]},{"$i":"days-until-short","$v":{"other":[{"t":"idOrVar","v":"value"}," दिनमा"],"zero":"आज"},"$x":[{"t":"idOrVar","v":"plural"},"value"]},{"$i":"incorrectDate","$v":"(गलत मिति)"},{"$i":"dateTimeFormat_%c","$v":"%a %b %e %Y %I:%M:%S %p"},{"$i":"dateTimeFormat_%x","$v":"%m/%d/%Y"},{"$i":"dateTimeFormat_%X","$v":"%I:%M:%S %p"},{"$i":"shortTimeFormat","$v":"%I:%M %p"},{"$i":"shortTimeFormat12","$v":"%I:%M %p"},{"$i":"shortTimeFormat24","$v":"%H:%M"},{"$i":"shortDateTimeFormat","$v":"%x %I:%M %p"},{"$i":"weekStartsOnMonday","$v":"0.0"},{"$i":"firstDayOfTheWeek","$v":"0.0"},{"$i":"time_am","$v":"AM"},{"$i":"time_pm","$v":"PM"}]