[{"$i":"loading-prompt","$v":"Wczytywanie..."},{"$i":"header-title","$v":"Aktualizacja oprogramowania"},{"$i":"settings-title","$v":"Ustawienia aktualizacji oprogramowania"},{"$i":"settings-auto-update","$v":"Aktualizacja automatyczna"},{"$i":"settings-auto-update-none","$v":"Brak"},{"$i":"settings-auto-update-daily","$v":"Codziennie"},{"$i":"settings-auto-update-weekly","$v":"Co tydzień"},{"$i":"settings-auto-update-monthly","$v":"Co miesiąc"},{"$i":"settings-download-via","$v":"Pobierz przez"},{"$i":"settings-download-via-wifi-mob","$v":"Wi-Fi lub sieć komórkowa"},{"$i":"settings-download-via-wifionly","$v":"Tylko Wi-Fi"},{"$i":"checking-for-update","$v":"Sprawdzanie aktualizacji..."},{"$i":"please-wait","$v":"Czekaj"},{"$i":"downloading-update","$v":"Pobieranie aktualizacji..."},{"$i":"install-prompt","$v":"Pobrano aktualizację."},{"$i":"release-notes","$v":"Informacje o wersji"},{"$i":"release-notes-label","$v":"Informacje o wersji"},{"$i":"software-update-available","$v":"Dostępna jest aktualizacja oprogramowania."},{"$i":"software-up-to-date","$v":"Twoja wersja oprogramowania jest aktualna."},{"$i":"check","$v":"Sprawdź aktualizacje"},{"$i":"install","$v":"Zainstaluj"},{"$i":"download","$v":"Pobierz"},{"$i":"options","$v":"Opcje"},{"$i":"settings","$v":"Ustawienia"},{"$i":"select","$v":"Wybierz"},{"$i":"stop","$v":"Zakończ"},{"$i":"cancel","$v":"Anuluj"},{"$i":"ok","$v":"OK"},{"$i":"current-version-label","$v":"Bieżąca wersja:"},{"$i":"update-version-label","$v":"Zaktualizowana wersja"},{"$i":"size-label","$v":"Rozmiar:"},{"$i":"last-check-label","$v":"Ostatnie sprawdzanie dostępności aktualizacji:"},{"$i":"date-label","$v":"Data:"},{"$i":"version-label","$v":"Wersja:"},{"$i":"software-download-failed","$v":"Pobieranie oprogramowania nieudane."},{"$i":"engine-start-failed","$v":"Uruchamianie narzędzia FOTA nie powiodło się!"},{"$i":"engine-check-failed","$v":"Sprawdzanie aktualizacji nieudane."},{"$i":"engine-download-failed","$v":"Pobieranie oprogramowania nieudane."},{"$i":"engine-install-failed","$v":"Podczas pobierania wystąpiły błędy, spróbuj ponownie."},{"$i":"bizlogic-no-network","$v":"Brak połączenia z siecią."},{"$i":"bizlogic-network-type","$v":"Połącz się z Wi-Fi i spróbuj ponownie."},{"$i":"bizlogic-free-space","$v":["Zwolnij miejsce w pamięci lub włóż kartę SD z co najmniej ",{"t":"idOrVar","v":"n"},"MB wolnego miejsca i spróbuj ponownie."]},{"$i":"bizlogic-install-free-space","$v":["Upewnij się, że dostępnych jest co najmniej ",{"t":"idOrVar","v":"n"}," MB wolnej pamięci i spróbuj ponownie."]},{"$i":"bizlogic-battery","$v":"Upewnij się, że poziom baterii wynosi minimum 30% i spróbuj ponownie."},{"$i":"bizlogic-insert-sd","$v":["Włóż kartę SD z co najmniej ",{"t":"idOrVar","v":"n"},"MB wolnego miejsca, a następnie spróbuj ponownie."]},{"$i":"config-downloadvia-mobile-warning","$v":"Pobieranie za pośrednictwem sieci komórkowej może spowodować naliczenie dodatkowych opłat."},{"$i":"verify-update","$v":"Weryfikowanie aktualizacji..."},{"$i":"verify-failed","$v":"Podczas pobierania wystąpiły błędy, spróbuj ponownie."},{"$i":"weekday-0-long","$v":"Niedziela"},{"$i":"weekday-1-long","$v":"Poniedziałek"},{"$i":"weekday-2-long","$v":"Wtorek"},{"$i":"weekday-3-long","$v":"Środa"},{"$i":"weekday-4-long","$v":"Czwartek"},{"$i":"weekday-5-long","$v":"Piątek"},{"$i":"weekday-6-long","$v":"Sobota"},{"$i":"weekday-0-short","$v":"Nd"},{"$i":"weekday-1-short","$v":"Pn"},{"$i":"weekday-2-short","$v":"Wt"},{"$i":"weekday-3-short","$v":"Śr"},{"$i":"weekday-4-short","$v":"Czw"},{"$i":"weekday-5-short","$v":"Pt"},{"$i":"weekday-6-short","$v":"Sob"},{"$i":"month-0-long","$v":"Styczeń"},{"$i":"month-1-long","$v":"Luty"},{"$i":"month-2-long","$v":"Marzec"},{"$i":"month-3-long","$v":"Kwiecień"},{"$i":"month-4-long","$v":"Maj"},{"$i":"month-5-long","$v":"Czerwiec"},{"$i":"month-6-long","$v":"Lipiec"},{"$i":"month-7-long","$v":"Sierpień"},{"$i":"month-8-long","$v":"Wrzesień"},{"$i":"month-9-long","$v":"Październik"},{"$i":"month-10-long","$v":"Listopad"},{"$i":"month-11-long","$v":"Grudzień"},{"$i":"month-0-genitive","$v":"Styczeń"},{"$i":"month-1-genitive","$v":"Luty"},{"$i":"month-2-genitive","$v":"Marzec"},{"$i":"month-3-genitive","$v":"Kwiecień"},{"$i":"month-4-genitive","$v":"Maj"},{"$i":"month-5-genitive","$v":"Czerwiec"},{"$i":"month-6-genitive","$v":"Lipiec"},{"$i":"month-7-genitive","$v":"Sierpień"},{"$i":"month-8-genitive","$v":"Wrzesień"},{"$i":"month-9-genitive","$v":"Październik"},{"$i":"month-10-genitive","$v":"Listopad"},{"$i":"month-11-genitive","$v":"Grudzień"},{"$i":"month-0-short","$v":"Sty"},{"$i":"month-1-short","$v":"Lut"},{"$i":"month-2-short","$v":"Mar"},{"$i":"month-3-short","$v":"Kwi"},{"$i":"month-4-short","$v":"Maj"},{"$i":"month-5-short","$v":"Cze"},{"$i":"month-6-short","$v":"Lip"},{"$i":"month-7-short","$v":"Sie"},{"$i":"month-8-short","$v":"Wrz"},{"$i":"month-9-short","$v":"Paź"},{"$i":"month-10-short","$v":"Lis"},{"$i":"month-11-short","$v":"Gru"},{"$i":"minutes-ago-long","$v":{"few":[{"t":"idOrVar","v":"value"}," minut(y) temu"],"many":[{"t":"idOrVar","v":"value"}," minut(y) temu"],"other":[{"t":"idOrVar","v":"value"}," minut"],"two":[{"t":"idOrVar","v":"value"}," minut(y) temu"],"one":"minutę temu","zero":"Przed chwilą"},"$x":[{"t":"idOrVar","v":"plural"},"value"]},{"$i":"hours-ago-long","$v":{"few":[{"t":"idOrVar","v":"value"}," godzin(y) temu"],"many":[{"t":"idOrVar","v":"value"}," godzin(y) temu"],"other":[{"t":"idOrVar","v":"value"}," godzin(y) temu"],"two":[{"t":"idOrVar","v":"value"}," godzin(y) temu"],"one":"godzinę temu","zero":"Przed chwilą"},"$x":[{"t":"idOrVar","v":"plural"},"value"]},{"$i":"days-ago-long","$v":{"few":[{"t":"idOrVar","v":"value"}," dni temu"],"many":[{"t":"idOrVar","v":"value"}," dni temu"],"one":"wczoraj","other":[{"t":"idOrVar","v":"value"}," dni temu"],"two":[{"t":"idOrVar","v":"value"}," dni temu"],"zero":"dzisiaj"},"$x":[{"t":"idOrVar","v":"plural"},"value"]},{"$i":"weeks-ago-long","$v":{"few":[{"t":"idOrVar","v":"value"}," tygodni(e) temu"],"many":[{"t":"idOrVar","v":"value"}," tygodni(e) temu"],"one":"w zeszłym tygodniu","other":[{"t":"idOrVar","v":"value"}," tygodni(e) temu"],"two":[{"t":"idOrVar","v":"value"}," tygodni(e) temu"],"zero":"w tym tygodniu"},"$x":[{"t":"idOrVar","v":"plural"},"value"]},{"$i":"months-ago-long","$v":{"few":[{"t":"idOrVar","v":"value"}," miesiące/miesięcy temu"],"many":[{"t":"idOrVar","v":"value"}," miesiące/miesięcy temu"],"one":"w zeszłym miesiącu","other":[{"t":"idOrVar","v":"value"}," miesiące/miesięcy temu"],"two":[{"t":"idOrVar","v":"value"}," miesiące/miesięcy temu"],"zero":"w tym miesiącu"},"$x":[{"t":"idOrVar","v":"plural"},"value"]},{"$i":"years-ago-long","$v":{"few":[{"t":"idOrVar","v":"value"}," lat(a) temu"],"many":[{"t":"idOrVar","v":"value"}," lat(a) temu"],"one":"w zeszłym roku","other":[{"t":"idOrVar","v":"value"}," lat(a) temu"],"two":[{"t":"idOrVar","v":"value"}," lat(a) temu"],"zero":"w tym roku"},"$x":[{"t":"idOrVar","v":"plural"},"value"]},{"$i":"minutes-until-long","$v":{"few":["za ",{"t":"idOrVar","v":"value"}," minut(y)"],"many":["za ",{"t":"idOrVar","v":"value"}," minut(y)"],"other":["za ",{"t":"idOrVar","v":"value"}," minut"],"two":["za ",{"t":"idOrVar","v":"value"}," minut(y)"],"zero":"teraz","one":"za minutę"},"$x":[{"t":"idOrVar","v":"plural"},"value"]},{"$i":"hours-until-long","$v":{"few":["za ",{"t":"idOrVar","v":"value"}," godzin(y)"],"many":["za ",{"t":"idOrVar","v":"value"}," godzin(y)"],"other":["za ",{"t":"idOrVar","v":"value"}," godzin"],"two":["za ",{"t":"idOrVar","v":"value"}," godzin(y)"],"zero":"teraz","one":"za godzinę"},"$x":[{"t":"idOrVar","v":"plural"},"value"]},{"$i":"days-until-long","$v":{"few":["za ",{"t":"idOrVar","v":"value"}," dni"],"many":["za ",{"t":"idOrVar","v":"value"}," dni"],"one":"jutro","other":["za ",{"t":"idOrVar","v":"value"}," dni"],"two":["za ",{"t":"idOrVar","v":"value"}," dni"],"zero":"dzisiaj"},"$x":[{"t":"idOrVar","v":"plural"},"value"]},{"$i":"weeks-until-long","$v":{"few":["za ",{"t":"idOrVar","v":"value"}," tygodni(e)"],"many":["za ",{"t":"idOrVar","v":"value"}," tygodni(e)"],"one":"w następnym tygodniu","other":["za ",{"t":"idOrVar","v":"value"}," tygodni(e)"],"two":["za ",{"t":"idOrVar","v":"value"}," tygodni(e)"],"zero":"w tym tygodniu"},"$x":[{"t":"idOrVar","v":"plural"},"value"]},{"$i":"months-until-long","$v":{"few":["za ",{"t":"idOrVar","v":"value"}," miesiące/miesięcy"],"many":["za ",{"t":"idOrVar","v":"value"}," miesiące/miesięcy"],"one":"w następnym miesiącu","other":["za ",{"t":"idOrVar","v":"value"}," miesiące/miesięcy"],"two":["za ",{"t":"idOrVar","v":"value"}," miesiące/miesięcy"],"zero":"w tym miesiącu"},"$x":[{"t":"idOrVar","v":"plural"},"value"]},{"$i":"years-until-long","$v":{"few":["za ",{"t":"idOrVar","v":"value"}," lat(a)"],"many":["za ",{"t":"idOrVar","v":"value"}," lat(a)"],"one":"w następnym roku","other":["za ",{"t":"idOrVar","v":"value"}," lat(a)"],"two":["za ",{"t":"idOrVar","v":"value"}," lat(a)"],"zero":"w tym roku"},"$x":[{"t":"idOrVar","v":"plural"},"value"]},{"$i":"minutes-ago-short","$v":{"other":[{"t":"idOrVar","v":"value"}," m temu"],"zero":"Przed chwilą"},"$x":[{"t":"idOrVar","v":"plural"},"value"]},{"$i":"hours-ago-short","$v":{"other":[{"t":"idOrVar","v":"value"}," g temu"],"zero":"Przed chwilą"},"$x":[{"t":"idOrVar","v":"plural"},"value"]},{"$i":"days-ago-short","$v":{"other":[{"t":"idOrVar","v":"value"}," d temu"],"zero":"dzisiaj"},"$x":[{"t":"idOrVar","v":"plural"},"value"]},{"$i":"minutes-until-short","$v":{"other":["za ",{"t":"idOrVar","v":"value"}," m"],"zero":"teraz"},"$x":[{"t":"idOrVar","v":"plural"},"value"]},{"$i":"hours-until-short","$v":{"other":["za ",{"t":"idOrVar","v":"value"}," g"],"zero":"teraz"},"$x":[{"t":"idOrVar","v":"plural"},"value"]},{"$i":"days-until-short","$v":{"other":["za ",{"t":"idOrVar","v":"value"}," d"],"zero":"dzisiaj"},"$x":[{"t":"idOrVar","v":"plural"},"value"]},{"$i":"incorrectDate","$v":"(nieprawidłowa data)"},{"$i":"dateTimeFormat_%c","$v":"%a %b %e %Y %I:%M:%S %p"},{"$i":"dateTimeFormat_%x","$v":"%m/%d/%Y"},{"$i":"dateTimeFormat_%X","$v":"%I:%M:%S %p"},{"$i":"shortTimeFormat","$v":"%I:%M %p"},{"$i":"shortTimeFormat12","$v":"%I:%M %p"},{"$i":"shortTimeFormat24","$v":"%H:%M"},{"$i":"shortDateTimeFormat","$v":"%x %I:%M %p"},{"$i":"weekStartsOnMonday","$v":"0.0"},{"$i":"firstDayOfTheWeek","$v":"1.0"},{"$i":"time_am","$v":"AM"},{"$i":"time_pm","$v":"PM"}]