[{"$i":"loading-prompt","$v":"A carregar..."},{"$i":"header-title","$v":"Atualização do software"},{"$i":"settings-title","$v":"Definições da atualização do software"},{"$i":"settings-auto-update","$v":"Atualização automática"},{"$i":"settings-auto-update-none","$v":"Nenhum"},{"$i":"settings-auto-update-daily","$v":"Diariamente"},{"$i":"settings-auto-update-weekly","$v":"Semanalmente"},{"$i":"settings-auto-update-monthly","$v":"Mensalmente"},{"$i":"settings-download-via","$v":"Transferir por"},{"$i":"settings-download-via-wifi-mob","$v":"Rede Wi-Fi ou rede móvel"},{"$i":"settings-download-via-wifionly","$v":"Apenas Wi-Fi"},{"$i":"checking-for-update","$v":"A procurar atualizações..."},{"$i":"please-wait","$v":"Aguarde"},{"$i":"downloading-update","$v":"A transferir atualização..."},{"$i":"install-prompt","$v":"Atualização transferida."},{"$i":"release-notes","$v":"Notas da versão"},{"$i":"release-notes-label","$v":"Notas da versão"},{"$i":"software-update-available","$v":"Atualização do software disponível."},{"$i":"software-up-to-date","$v":"O software está atualizado."},{"$i":"check","$v":"Procurar atualizações"},{"$i":"install","$v":"Instalar"},{"$i":"download","$v":"Transferir"},{"$i":"options","$v":"Opções"},{"$i":"settings","$v":"Definições"},{"$i":"select","$v":"Selecionar"},{"$i":"stop","$v":"Parar"},{"$i":"cancel","$v":"Cancelar"},{"$i":"ok","$v":"OK"},{"$i":"current-version-label","$v":"Versão atual:"},{"$i":"update-version-label","$v":"Versão da atualização:"},{"$i":"size-label","$v":"Tamanho:"},{"$i":"last-check-label","$v":"Última procura de atualizações:"},{"$i":"date-label","$v":"Data:"},{"$i":"version-label","$v":"Versão:"},{"$i":"software-download-failed","$v":"Falha ao transferir o software."},{"$i":"engine-start-failed","$v":"Falha ao iniciar o motor FOTA!"},{"$i":"engine-check-failed","$v":"Falha ao verificar a atualização."},{"$i":"engine-download-failed","$v":"Falha ao transferir o software."},{"$i":"engine-install-failed","$v":"Ocorreu um erro com esta transferência, tente novamente."},{"$i":"bizlogic-no-network","$v":"Sem ligação de rede."},{"$i":"bizlogic-network-type","$v":"Ligue ao Wi-Fi e tente novamente."},{"$i":"bizlogic-free-space","$v":["Limpe a memória ou insira um cartão SD com, pelo menos, ",{"t":"idOrVar","v":"n"},"MB de espaço livre e tente novamente."]},{"$i":"bizlogic-install-free-space","$v":["Certifique-se de que a memória tem, pelo menos, ",{"t":"idOrVar","v":"n"},"MB de espaço livre e tente novamente."]},{"$i":"bizlogic-battery","$v":"Certifique-se de que a bateria tem, pelo menos, 30% de carga e tente novamente."},{"$i":"bizlogic-insert-sd","$v":["Insira um cartão SD com, pelo menos, ",{"t":"idOrVar","v":"n"},"MB de espaço livre e tente novamente."]},{"$i":"config-downloadvia-mobile-warning","$v":"Ao transferir através da rede móvel, podem aplicar-se custos adicionais."},{"$i":"verify-update","$v":"A verificar atualização..."},{"$i":"verify-failed","$v":"Ocorreu um erro com esta transferência, tente novamente."},{"$i":"weekday-0-long","$v":"Domingo"},{"$i":"weekday-1-long","$v":"Segunda-feira"},{"$i":"weekday-2-long","$v":"Terça-feira"},{"$i":"weekday-3-long","$v":"Quarta-feira"},{"$i":"weekday-4-long","$v":"Quinta-feira"},{"$i":"weekday-5-long","$v":"Sexta-feira"},{"$i":"weekday-6-long","$v":"Sábado"},{"$i":"weekday-0-short","$v":"Dom"},{"$i":"weekday-1-short","$v":"Seg"},{"$i":"weekday-2-short","$v":"Ter"},{"$i":"weekday-3-short","$v":"Qua"},{"$i":"weekday-4-short","$v":"Qui"},{"$i":"weekday-5-short","$v":"Sex"},{"$i":"weekday-6-short","$v":"Sáb"},{"$i":"month-0-long","$v":"Janeiro"},{"$i":"month-1-long","$v":"Fevereiro"},{"$i":"month-2-long","$v":"Março"},{"$i":"month-3-long","$v":"Abril"},{"$i":"month-4-long","$v":"Mai"},{"$i":"month-5-long","$v":"Junho"},{"$i":"month-6-long","$v":"Julho"},{"$i":"month-7-long","$v":"Agosto"},{"$i":"month-8-long","$v":"Setembro"},{"$i":"month-9-long","$v":"Outubro"},{"$i":"month-10-long","$v":"Novembro"},{"$i":"month-11-long","$v":"Dezembro"},{"$i":"month-0-genitive","$v":"Janeiro"},{"$i":"month-1-genitive","$v":"Fevereiro"},{"$i":"month-2-genitive","$v":"Março"},{"$i":"month-3-genitive","$v":"Abril"},{"$i":"month-4-genitive","$v":"Mai"},{"$i":"month-5-genitive","$v":"Junho"},{"$i":"month-6-genitive","$v":"Julho"},{"$i":"month-7-genitive","$v":"Agosto"},{"$i":"month-8-genitive","$v":"Setembro"},{"$i":"month-9-genitive","$v":"Outubro"},{"$i":"month-10-genitive","$v":"Novembro"},{"$i":"month-11-genitive","$v":"Dezembro"},{"$i":"month-0-short","$v":"Jan"},{"$i":"month-1-short","$v":"Fev"},{"$i":"month-2-short","$v":"Mar"},{"$i":"month-3-short","$v":"Abr"},{"$i":"month-4-short","$v":"Mai"},{"$i":"month-5-short","$v":"Jun"},{"$i":"month-6-short","$v":"Jul"},{"$i":"month-7-short","$v":"Ago"},{"$i":"month-8-short","$v":"Set"},{"$i":"month-9-short","$v":"Out"},{"$i":"month-10-short","$v":"Nov"},{"$i":"month-11-short","$v":"Dez"},{"$i":"minutes-ago-long","$v":{"few":[{"t":"idOrVar","v":"value"}," minutos atrás"],"many":[{"t":"idOrVar","v":"value"}," minutos atrás"],"other":[{"t":"idOrVar","v":"value"}," minutos atrás"],"two":[{"t":"idOrVar","v":"value"}," minutos atrás"],"one":"há um minuto","zero":"Mesmo agora"},"$x":[{"t":"idOrVar","v":"plural"},"value"]},{"$i":"hours-ago-long","$v":{"few":[{"t":"idOrVar","v":"value"}," horas atrás"],"many":[{"t":"idOrVar","v":"value"}," horas atrás"],"other":[{"t":"idOrVar","v":"value"}," horas atrás"],"two":[{"t":"idOrVar","v":"value"}," horas atrás"],"one":"há uma hora","zero":"Mesmo agora"},"$x":[{"t":"idOrVar","v":"plural"},"value"]},{"$i":"days-ago-long","$v":{"few":[{"t":"idOrVar","v":"value"}," dias atrás"],"many":[{"t":"idOrVar","v":"value"}," dias atrás"],"one":"ontem","other":[{"t":"idOrVar","v":"value"}," dias atrás"],"two":[{"t":"idOrVar","v":"value"}," dias atrás"],"zero":"hoje"},"$x":[{"t":"idOrVar","v":"plural"},"value"]},{"$i":"weeks-ago-long","$v":{"few":[{"t":"idOrVar","v":"value"}," semanas atrás"],"many":[{"t":"idOrVar","v":"value"}," semanas atrás"],"one":"semana passada","other":[{"t":"idOrVar","v":"value"}," semanas atrás"],"two":[{"t":"idOrVar","v":"value"}," semanas atrás"],"zero":"esta semana"},"$x":[{"t":"idOrVar","v":"plural"},"value"]},{"$i":"months-ago-long","$v":{"few":[{"t":"idOrVar","v":"value"}," meses atrás"],"many":[{"t":"idOrVar","v":"value"}," meses atrás"],"one":"mês passado","other":[{"t":"idOrVar","v":"value"}," meses atrás"],"two":[{"t":"idOrVar","v":"value"}," meses atrás"],"zero":"este mês"},"$x":[{"t":"idOrVar","v":"plural"},"value"]},{"$i":"years-ago-long","$v":{"few":[{"t":"idOrVar","v":"value"}," anos atrás"],"many":[{"t":"idOrVar","v":"value"}," anos atrás"],"one":"ano passado","other":[{"t":"idOrVar","v":"value"}," anos atrás"],"two":[{"t":"idOrVar","v":"value"}," anos atrás"],"zero":"este ano"},"$x":[{"t":"idOrVar","v":"plural"},"value"]},{"$i":"minutes-until-long","$v":{"few":["em ",{"t":"idOrVar","v":"value"}," minutos"],"many":["em ",{"t":"idOrVar","v":"value"}," minutos"],"other":["em ",{"t":"idOrVar","v":"value"}," minutos"],"two":["em ",{"t":"idOrVar","v":"value"}," minutos"],"zero":"agora","one":"em um minuto"},"$x":[{"t":"idOrVar","v":"plural"},"value"]},{"$i":"hours-until-long","$v":{"few":["em ",{"t":"idOrVar","v":"value"}," horas"],"many":["em ",{"t":"idOrVar","v":"value"}," horas"],"other":["em ",{"t":"idOrVar","v":"value"}," horas"],"two":["em ",{"t":"idOrVar","v":"value"}," horas"],"zero":"agora","one":"dentro de uma hora"},"$x":[{"t":"idOrVar","v":"plural"},"value"]},{"$i":"days-until-long","$v":{"few":["em ",{"t":"idOrVar","v":"value"}," dias"],"many":["em ",{"t":"idOrVar","v":"value"}," dias"],"one":"amanhã","other":["em ",{"t":"idOrVar","v":"value"}," dias"],"two":["em ",{"t":"idOrVar","v":"value"}," dias"],"zero":"hoje"},"$x":[{"t":"idOrVar","v":"plural"},"value"]},{"$i":"weeks-until-long","$v":{"few":["em ",{"t":"idOrVar","v":"value"}," semanas"],"many":["em ",{"t":"idOrVar","v":"value"}," semanas"],"one":"próxima semana","other":["em ",{"t":"idOrVar","v":"value"}," semanas"],"two":["em ",{"t":"idOrVar","v":"value"}," semanas"],"zero":"esta semana"},"$x":[{"t":"idOrVar","v":"plural"},"value"]},{"$i":"months-until-long","$v":{"few":["em ",{"t":"idOrVar","v":"value"}," meses"],"many":["em ",{"t":"idOrVar","v":"value"}," meses"],"one":"próximo mês","other":["em ",{"t":"idOrVar","v":"value"}," meses"],"two":["em ",{"t":"idOrVar","v":"value"}," meses"],"zero":"este mês"},"$x":[{"t":"idOrVar","v":"plural"},"value"]},{"$i":"years-until-long","$v":{"few":["em ",{"t":"idOrVar","v":"value"}," anos"],"many":["em ",{"t":"idOrVar","v":"value"}," anos"],"one":"próximo ano","other":["em ",{"t":"idOrVar","v":"value"}," anos"],"two":["em ",{"t":"idOrVar","v":"value"}," anos"],"zero":"este ano"},"$x":[{"t":"idOrVar","v":"plural"},"value"]},{"$i":"minutes-ago-short","$v":{"other":[{"t":"idOrVar","v":"value"},"m atrás"],"zero":"Mesmo agora"},"$x":[{"t":"idOrVar","v":"plural"},"value"]},{"$i":"hours-ago-short","$v":{"other":[{"t":"idOrVar","v":"value"},"h atrás"],"zero":"Mesmo agora"},"$x":[{"t":"idOrVar","v":"plural"},"value"]},{"$i":"days-ago-short","$v":{"other":[{"t":"idOrVar","v":"value"},"d atrás"],"zero":"hoje"},"$x":[{"t":"idOrVar","v":"plural"},"value"]},{"$i":"minutes-until-short","$v":{"other":["em ",{"t":"idOrVar","v":"value"},"m"],"zero":"agora"},"$x":[{"t":"idOrVar","v":"plural"},"value"]},{"$i":"hours-until-short","$v":{"other":["em ",{"t":"idOrVar","v":"value"},"h"],"zero":"agora"},"$x":[{"t":"idOrVar","v":"plural"},"value"]},{"$i":"days-until-short","$v":{"other":["em ",{"t":"idOrVar","v":"value"},"d"],"zero":"hoje"},"$x":[{"t":"idOrVar","v":"plural"},"value"]},{"$i":"incorrectDate","$v":"(data incorreta)"},{"$i":"dateTimeFormat_%c","$v":"%a %b %e %Y %I:%M:%S %p"},{"$i":"dateTimeFormat_%x","$v":"%m/%d/%Y"},{"$i":"dateTimeFormat_%X","$v":"%I:%M:%S %p"},{"$i":"shortTimeFormat","$v":"%I:%M %p"},{"$i":"shortTimeFormat12","$v":"%I:%M %p"},{"$i":"shortTimeFormat24","$v":"%H:%M"},{"$i":"shortDateTimeFormat","$v":"%x %I:%M %p"},{"$i":"weekStartsOnMonday","$v":"0.0"},{"$i":"firstDayOfTheWeek","$v":"1.0"},{"$i":"time_am","$v":"AM"},{"$i":"time_pm","$v":"PM"}]