[{"$i":"loading-prompt","$v":"Se încarcă…"},{"$i":"header-title","$v":"Actualizare software"},{"$i":"settings-title","$v":"Setări actualizare software"},{"$i":"settings-auto-update","$v":"Actualizare automată"},{"$i":"settings-auto-update-none","$v":"Nimic"},{"$i":"settings-auto-update-daily","$v":"Zilnic"},{"$i":"settings-auto-update-weekly","$v":"Săptămânal"},{"$i":"settings-auto-update-monthly","$v":"Lunar"},{"$i":"settings-download-via","$v":"Descărcare prin"},{"$i":"settings-download-via-wifi-mob","$v":"Wi-Fi sau rețea mobilă"},{"$i":"settings-download-via-wifionly","$v":"Numai Wi-Fi"},{"$i":"checking-for-update","$v":"Se caută actualizări..."},{"$i":"please-wait","$v":"Așteptați"},{"$i":"downloading-update","$v":"Se descarcă actualizarea..."},{"$i":"install-prompt","$v":"Actualizare descărcată."},{"$i":"release-notes","$v":"Note privind versiunea"},{"$i":"release-notes-label","$v":"Note privind versiunea"},{"$i":"software-update-available","$v":"Este disponibilă o actualizare software."},{"$i":"software-up-to-date","$v":"Aveți cea mai recentă versiune software."},{"$i":"check","$v":"Căutare actualizări"},{"$i":"install","$v":"Instalare"},{"$i":"download","$v":"Descărcare"},{"$i":"options","$v":"Opțiuni"},{"$i":"settings","$v":"Setări"},{"$i":"select","$v":"Selectare"},{"$i":"stop","$v":"Oprire"},{"$i":"cancel","$v":"Anulare"},{"$i":"ok","$v":"OK"},{"$i":"current-version-label","$v":"Versiunea actuală:"},{"$i":"update-version-label","$v":"Versiune actualizată la:"},{"$i":"size-label","$v":"Dimensiune:"},{"$i":"last-check-label","$v":"Ultima căutare de actualizări:"},{"$i":"date-label","$v":"Data:"},{"$i":"version-label","$v":"Versiune:"},{"$i":"software-download-failed","$v":"Descărcarea software a eșuat."},{"$i":"engine-start-failed","$v":"Pornire motor FOTA nereușită!"},{"$i":"engine-check-failed","$v":"Căutarea unei actualizări nu a reușit."},{"$i":"engine-download-failed","$v":"Descărcarea software a eșuat."},{"$i":"engine-install-failed","$v":"A apărut o eroare în timpul descărcării. Încercați din nou."},{"$i":"bizlogic-no-network","$v":"Nu există conexiune la rețea."},{"$i":"bizlogic-network-type","$v":"Conectați-vă la rețeaua Wi-Fi, apoi încercați din nou."},{"$i":"bizlogic-free-space","$v":["Curățați spațiul de stocare sau introduceți o cartelă SD cu un spațiu liber de cel puțin ",{"t":"idOrVar","v":"n"}," MB și încercați din nou."]},{"$i":"bizlogic-install-free-space","$v":["Asigurați-vă că există cel puțin ",{"t":"idOrVar","v":"n"}," MB spațiu de stocare liber, apoi încercați din nou."]},{"$i":"bizlogic-battery","$v":"Asigurați-vă că nivelul de încărcare al bateriei este de cel puțin 30%, apoi încercați din nou."},{"$i":"bizlogic-insert-sd","$v":["Introduceți o cartelă SD cu cel puțin ",{"t":"idOrVar","v":"n"}," MB spațiu liber și încercați din nou."]},{"$i":"config-downloadvia-mobile-warning","$v":"Când efectuați descărcări prin rețeaua mobilă, pot fi percepute costuri suplimentare."},{"$i":"verify-update","$v":"Se verifică actualizarea..."},{"$i":"verify-failed","$v":"A apărut o eroare în timpul descărcării. Încercați din nou."},{"$i":"weekday-0-long","$v":"Duminică"},{"$i":"weekday-1-long","$v":"Luni"},{"$i":"weekday-2-long","$v":"Marți"},{"$i":"weekday-3-long","$v":"Miercuri"},{"$i":"weekday-4-long","$v":"Joi"},{"$i":"weekday-5-long","$v":"Vineri"},{"$i":"weekday-6-long","$v":"Sâmbătă"},{"$i":"weekday-0-short","$v":"Dum"},{"$i":"weekday-1-short","$v":"Lun"},{"$i":"weekday-2-short","$v":"Mar"},{"$i":"weekday-3-short","$v":"Mie"},{"$i":"weekday-4-short","$v":"Joi"},{"$i":"weekday-5-short","$v":"Vin"},{"$i":"weekday-6-short","$v":"Sâm"},{"$i":"month-0-long","$v":"Ianuarie"},{"$i":"month-1-long","$v":"Februarie"},{"$i":"month-2-long","$v":"Martie"},{"$i":"month-3-long","$v":"Aprilie"},{"$i":"month-4-long","$v":"Mai"},{"$i":"month-5-long","$v":"Iunie"},{"$i":"month-6-long","$v":"Iulie"},{"$i":"month-7-long","$v":"August"},{"$i":"month-8-long","$v":"Septembrie"},{"$i":"month-9-long","$v":"Octombrie"},{"$i":"month-10-long","$v":"Noiembrie"},{"$i":"month-11-long","$v":"Decembrie"},{"$i":"month-0-genitive","$v":"Ianuarie"},{"$i":"month-1-genitive","$v":"Februarie"},{"$i":"month-2-genitive","$v":"Martie"},{"$i":"month-3-genitive","$v":"Aprilie"},{"$i":"month-4-genitive","$v":"Mai"},{"$i":"month-5-genitive","$v":"Iunie"},{"$i":"month-6-genitive","$v":"Iulie"},{"$i":"month-7-genitive","$v":"August"},{"$i":"month-8-genitive","$v":"Septembrie"},{"$i":"month-9-genitive","$v":"Octombrie"},{"$i":"month-10-genitive","$v":"Noiembrie"},{"$i":"month-11-genitive","$v":"Decembrie"},{"$i":"month-0-short","$v":"Ian"},{"$i":"month-1-short","$v":"Feb"},{"$i":"month-2-short","$v":"Mar"},{"$i":"month-3-short","$v":"Apr"},{"$i":"month-4-short","$v":"Mai"},{"$i":"month-5-short","$v":"Iun"},{"$i":"month-6-short","$v":"Iul"},{"$i":"month-7-short","$v":"Aug"},{"$i":"month-8-short","$v":"Sep"},{"$i":"month-9-short","$v":"Oct"},{"$i":"month-10-short","$v":"Nov"},{"$i":"month-11-short","$v":"Dec"},{"$i":"minutes-ago-long","$v":{"few":["în urmă cu ",{"t":"idOrVar","v":"value"}," minute"],"many":["în urmă cu ",{"t":"idOrVar","v":"value"}," minute"],"other":["în urmă cu ",{"t":"idOrVar","v":"value"}," minute"],"two":["în urmă cu ",{"t":"idOrVar","v":"value"}," minute"],"one":"în urmă cu un minut","zero":"Chiar acum"},"$x":[{"t":"idOrVar","v":"plural"},"value"]},{"$i":"hours-ago-long","$v":{"few":["în urmă cu ",{"t":"idOrVar","v":"value"}," ore"],"many":["în urmă cu ",{"t":"idOrVar","v":"value"}," ore"],"other":["în urmă cu ",{"t":"idOrVar","v":"value"}," ore"],"two":["în urmă cu ",{"t":"idOrVar","v":"value"}," ore"],"one":"în urmă cu o oră","zero":"Chiar acum"},"$x":[{"t":"idOrVar","v":"plural"},"value"]},{"$i":"days-ago-long","$v":{"few":["În urmă cu ",{"t":"idOrVar","v":"value"}," zile"],"many":["În urmă cu ",{"t":"idOrVar","v":"value"}," zile"],"one":"ieri","other":["În urmă cu ",{"t":"idOrVar","v":"value"}," zile"],"two":["În urmă cu ",{"t":"idOrVar","v":"value"}," zile"],"zero":"astăzi"},"$x":[{"t":"idOrVar","v":"plural"},"value"]},{"$i":"weeks-ago-long","$v":{"few":["în urmă cu ",{"t":"idOrVar","v":"value"}," săptămâni"],"many":["în urmă cu ",{"t":"idOrVar","v":"value"}," săptămâni"],"one":"săptămâna trecută","other":["în urmă cu ",{"t":"idOrVar","v":"value"}," săptămâni"],"two":["în urmă cu ",{"t":"idOrVar","v":"value"}," săptămâni"],"zero":"săptămâna aceasta"},"$x":[{"t":"idOrVar","v":"plural"},"value"]},{"$i":"months-ago-long","$v":{"few":["în urmă cu ",{"t":"idOrVar","v":"value"}," luni"],"many":["în urmă cu ",{"t":"idOrVar","v":"value"}," luni"],"one":"luna trecută","other":["în urmă cu ",{"t":"idOrVar","v":"value"}," luni"],"two":["în urmă cu ",{"t":"idOrVar","v":"value"}," luni"],"zero":"această lună"},"$x":[{"t":"idOrVar","v":"plural"},"value"]},{"$i":"years-ago-long","$v":{"few":["în urmă cu ",{"t":"idOrVar","v":"value"}," ani"],"many":["în urmă cu ",{"t":"idOrVar","v":"value"}," ani"],"one":"anul trecut","other":["în urmă cu ",{"t":"idOrVar","v":"value"}," ani"],"two":["în urmă cu ",{"t":"idOrVar","v":"value"}," ani"],"zero":"anul acesta"},"$x":[{"t":"idOrVar","v":"plural"},"value"]},{"$i":"minutes-until-long","$v":{"few":["peste ",{"t":"idOrVar","v":"value"}," minute"],"many":["peste ",{"t":"idOrVar","v":"value"}," minute"],"other":["peste ",{"t":"idOrVar","v":"value"}," minute"],"two":["peste ",{"t":"idOrVar","v":"value"}," minute"],"zero":"acum","one":"peste un minut"},"$x":[{"t":"idOrVar","v":"plural"},"value"]},{"$i":"hours-until-long","$v":{"few":["peste ",{"t":"idOrVar","v":"value"}," ore"],"many":["peste ",{"t":"idOrVar","v":"value"}," ore"],"other":["peste ",{"t":"idOrVar","v":"value"}," ore"],"two":["peste ",{"t":"idOrVar","v":"value"}," ore"],"zero":"acum","one":"peste o oră"},"$x":[{"t":"idOrVar","v":"plural"},"value"]},{"$i":"days-until-long","$v":{"few":["peste ",{"t":"idOrVar","v":"value"}," zile"],"many":["peste ",{"t":"idOrVar","v":"value"}," zile"],"one":"mâine","other":["peste ",{"t":"idOrVar","v":"value"}," zile"],"two":["peste ",{"t":"idOrVar","v":"value"}," zile"],"zero":"astăzi"},"$x":[{"t":"idOrVar","v":"plural"},"value"]},{"$i":"weeks-until-long","$v":{"few":["peste ",{"t":"idOrVar","v":"value"}," săptămâni"],"many":["peste ",{"t":"idOrVar","v":"value"}," săptămâni"],"one":"săptămâna viitoare","other":["peste ",{"t":"idOrVar","v":"value"}," săptămâni"],"two":["peste ",{"t":"idOrVar","v":"value"}," săptămâni"],"zero":"săptămâna aceasta"},"$x":[{"t":"idOrVar","v":"plural"},"value"]},{"$i":"months-until-long","$v":{"few":["peste ",{"t":"idOrVar","v":"value"}," luni"],"many":["peste ",{"t":"idOrVar","v":"value"}," luni"],"one":"luna următoare","other":["peste ",{"t":"idOrVar","v":"value"}," luni"],"two":["peste ",{"t":"idOrVar","v":"value"}," luni"],"zero":"această lună"},"$x":[{"t":"idOrVar","v":"plural"},"value"]},{"$i":"years-until-long","$v":{"few":["peste ",{"t":"idOrVar","v":"value"}," ani"],"many":["peste ",{"t":"idOrVar","v":"value"}," ani"],"one":"anul viitor","other":["peste ",{"t":"idOrVar","v":"value"}," ani"],"two":["peste ",{"t":"idOrVar","v":"value"}," ani"],"zero":"anul acesta"},"$x":[{"t":"idOrVar","v":"plural"},"value"]},{"$i":"minutes-ago-short","$v":{"other":["în urmă cu ",{"t":"idOrVar","v":"value"}," m"],"zero":"Chiar acum"},"$x":[{"t":"idOrVar","v":"plural"},"value"]},{"$i":"hours-ago-short","$v":{"other":["în urmă cu ",{"t":"idOrVar","v":"value"}," h"],"zero":"Chiar acum"},"$x":[{"t":"idOrVar","v":"plural"},"value"]},{"$i":"days-ago-short","$v":{"other":["În urmă cu ",{"t":"idOrVar","v":"value"}," z"],"zero":"astăzi"},"$x":[{"t":"idOrVar","v":"plural"},"value"]},{"$i":"minutes-until-short","$v":{"other":["peste ",{"t":"idOrVar","v":"value"}," m"],"zero":"acum"},"$x":[{"t":"idOrVar","v":"plural"},"value"]},{"$i":"hours-until-short","$v":{"other":["peste ",{"t":"idOrVar","v":"value"}," h"],"zero":"acum"},"$x":[{"t":"idOrVar","v":"plural"},"value"]},{"$i":"days-until-short","$v":{"other":["peste ",{"t":"idOrVar","v":"value"}," z"],"zero":"astăzi"},"$x":[{"t":"idOrVar","v":"plural"},"value"]},{"$i":"incorrectDate","$v":"(dată incorectă)"},{"$i":"dateTimeFormat_%c","$v":"%a %b %e %Y %I:%M:%S %p"},{"$i":"dateTimeFormat_%x","$v":"%m/%d/%Y"},{"$i":"dateTimeFormat_%X","$v":"%I:%M:%S %p"},{"$i":"shortTimeFormat","$v":"%I:%M %p"},{"$i":"shortTimeFormat12","$v":"%I:%M %p"},{"$i":"shortTimeFormat24","$v":"%H:%M"},{"$i":"shortDateTimeFormat","$v":"%x %I:%M %p"},{"$i":"weekStartsOnMonday","$v":"0.0"},{"$i":"firstDayOfTheWeek","$v":"1.0"},{"$i":"time_am","$v":"AM"},{"$i":"time_pm","$v":"PM"}]