[{"$i":"loading-prompt","$v":"ප්‍රවේශනය කරමින්..."},{"$i":"header-title","$v":"මෘදුකාංග යාවත්කාලය"},{"$i":"settings-title","$v":"මෘදුකාංග යාවත්කාල සැකසුම්"},{"$i":"settings-auto-update","$v":"ස්වයංක්‍රීය යාවත්කාලය"},{"$i":"settings-auto-update-none","$v":"කිසිවක් නැත"},{"$i":"settings-auto-update-daily","$v":"දිනපතා"},{"$i":"settings-auto-update-weekly","$v":"සතිපතා"},{"$i":"settings-auto-update-monthly","$v":"මාසිකව"},{"$i":"settings-download-via","$v":"මෙය ඔස්සේ බාගන්න"},{"$i":"settings-download-via-wifi-mob","$v":"Wi-Fi හෝ ජංගම ජාලය"},{"$i":"settings-download-via-wifionly","$v":"Wi-Fi පමණි"},{"$i":"checking-for-update","$v":"යාවත්කාලීන සඳහා පරීක්ෂා කරමින්..."},{"$i":"please-wait","$v":"කරුණාකර රැඳී සිටින්න"},{"$i":"downloading-update","$v":"යාවත්කාලය බාගනිමින්..."},{"$i":"install-prompt","$v":"යාවත්කාලීන බාගත කර ඇත."},{"$i":"release-notes","$v":"නිකුතු සටහන්"},{"$i":"release-notes-label","$v":"නිකුතු සටහන්"},{"$i":"software-update-available","$v":"මෘදුකාංග යාවත්කාලය ලද හැකිය."},{"$i":"software-up-to-date","$v":"ඔබගේ මෘදුකාංගය යාවත්කාලීනව ඇත."},{"$i":"check","$v":"යාවත්කාල සඳහා පරීක්ෂා කරන්න"},{"$i":"install","$v":"ස්ථාපනය කරන්න"},{"$i":"download","$v":"බාගන්න"},{"$i":"options","$v":"විකල්ප"},{"$i":"settings","$v":"පසුතල"},{"$i":"select","$v":"තෝරන්න"},{"$i":"stop","$v":"නවතන්න"},{"$i":"cancel","$v":"අවලංගු කරන්න"},{"$i":"ok","$v":"OK"},{"$i":"current-version-label","$v":"වත්මන් අනුවාදය:"},{"$i":"update-version-label","$v":"යාවත්කාල අනුවාදය:"},{"$i":"size-label","$v":"ප්‍රමාණය:"},{"$i":"last-check-label","$v":"යාවත්කාලය සඳහා අවසන් වරට යාවත් කළේ:"},{"$i":"date-label","$v":"දිනය:"},{"$i":"version-label","$v":"අනුවාදය:"},{"$i":"software-download-failed","$v":"මෘදුකාංගය බාගැනීමට අසමත් විය."},{"$i":"engine-start-failed","$v":"FOTA එන්ජිම ඇරඹීමට අසමත් විය!"},{"$i":"engine-check-failed","$v":"යාවත්කාලය පරික්ෂා කිරීමට අසමත් විය."},{"$i":"engine-download-failed","$v":"මෘදුකාංගය බාගැනීමට අසමත් විය."},{"$i":"engine-install-failed","$v":"මෙම බාගැනීම සමග යම් දෙයක් වැරදියි, කරුණාකර නැවත උත්සාහ කරන්න."},{"$i":"bizlogic-no-network","$v":"ජාල සම්බන්ධතාවයක් නැත."},{"$i":"bizlogic-network-type","$v":"Wi-Fi වෙත සම්බන්ධ කර ඉන්පසු නැවත උත්සාහ කරන්න."},{"$i":"bizlogic-free-space","$v":["ගබඩාව හිස් කරන්න නැතහොත් ",{"t":"idOrVar","v":"n"},"MB ක වත් නිදහස් ඉඩක් ඇති SD කාඩ්පතක් ඇතුල් කර නැවත උත්සාහ කරන්න."]},{"$i":"bizlogic-install-free-space","$v":["ගබඩාවට අවම ",{"t":"idOrVar","v":"n"},"MB ක වත් ඉඩක් ඇති බව තහවුරු කරගෙන ඉන්පසු නැවත උත්සාහ කරන්න."]},{"$i":"bizlogic-battery","$v":"කරුණාකර බැටරිය අවම වශයෙන් 30% ක් වත් වන බව තහවුරු කරගෙන ඉන්පසු නැවත උත්සාහ කරන්න."},{"$i":"bizlogic-insert-sd","$v":["අවම වශයෙන් ",{"t":"idOrVar","v":"n"},"MB නිදහස් ඉඩක් ඇති SD කාඩ්පතක් ඇතුළත් කර නැවත උත්සාහ කරන්න."]},{"$i":"config-downloadvia-mobile-warning","$v":"ජංගම ජාලය ඔස්සේ බාගැනීමේදී, අතිරේක ගාස්තු අදාල විය හැකිය."},{"$i":"verify-update","$v":"යාවත්කාලීන සත්‍යාපනය ..."},{"$i":"verify-failed","$v":"මෙම බාගැනීම සමග යම් දෙයක් වැරදියි, කරුණාකර නැවත උත්සාහ කරන්න."},{"$i":"weekday-0-long","$v":"ඉරිදා"},{"$i":"weekday-1-long","$v":"සඳුදා"},{"$i":"weekday-2-long","$v":"අඟහරුවාදා"},{"$i":"weekday-3-long","$v":"බදාදා"},{"$i":"weekday-4-long","$v":"බ්‍රහස්පතින්දා"},{"$i":"weekday-5-long","$v":"සිකුරාදා"},{"$i":"weekday-6-long","$v":"සෙනසුරාදා"},{"$i":"weekday-0-short","$v":"ඉරිදා"},{"$i":"weekday-1-short","$v":"සඳු"},{"$i":"weekday-2-short","$v":"අඟ"},{"$i":"weekday-3-short","$v":"බදා"},{"$i":"weekday-4-short","$v":"බ්‍රහස්"},{"$i":"weekday-5-short","$v":"සිකු"},{"$i":"weekday-6-short","$v":"සෙන"},{"$i":"month-0-long","$v":"ජනවාරි"},{"$i":"month-1-long","$v":"පෙබරවාරි"},{"$i":"month-2-long","$v":"මාර්තු"},{"$i":"month-3-long","$v":"අප්‍රේල්"},{"$i":"month-4-long","$v":"මැයි"},{"$i":"month-5-long","$v":"ජුනි"},{"$i":"month-6-long","$v":"ජූලි"},{"$i":"month-7-long","$v":"අගෝස්තු"},{"$i":"month-8-long","$v":"සැප්තැම්බර්"},{"$i":"month-9-long","$v":"ඔක්තෝබර්"},{"$i":"month-10-long","$v":"නොවැම්බර්"},{"$i":"month-11-long","$v":"දෙසැම්බර්"},{"$i":"month-0-genitive","$v":"ජනවාරි"},{"$i":"month-1-genitive","$v":"පෙබරවාරි"},{"$i":"month-2-genitive","$v":"මාර්තු"},{"$i":"month-3-genitive","$v":"අප්‍රේල්"},{"$i":"month-4-genitive","$v":"මැයි"},{"$i":"month-5-genitive","$v":"ජූනි"},{"$i":"month-6-genitive","$v":"ජුලි"},{"$i":"month-7-genitive","$v":"අගෝස්තු"},{"$i":"month-8-genitive","$v":"සැප්තැම්බර්"},{"$i":"month-9-genitive","$v":"ඔක්තෝබර්"},{"$i":"month-10-genitive","$v":"නොවැම්බර්"},{"$i":"month-11-genitive","$v":"දෙසැම්බර්"},{"$i":"month-0-short","$v":"ජන"},{"$i":"month-1-short","$v":"පෙබ"},{"$i":"month-2-short","$v":"මාර්."},{"$i":"month-3-short","$v":"අප්‍රේ"},{"$i":"month-4-short","$v":"මැයි"},{"$i":"month-5-short","$v":"ජූනි"},{"$i":"month-6-short","$v":"ජූලි"},{"$i":"month-7-short","$v":"අගෝ"},{"$i":"month-8-short","$v":"සැප්"},{"$i":"month-9-short","$v":"ඔක්"},{"$i":"month-10-short","$v":"නොවැ"},{"$i":"month-11-short","$v":"දෙසැ"},{"$i":"minutes-ago-long","$v":{"few":[{"t":"idOrVar","v":"value"}," මිනිත්තුවකට පෙර"],"many":[{"t":"idOrVar","v":"value"}," මිනිත්තුවකට පෙර"],"other":[{"t":"idOrVar","v":"value"}," මිනිත්තුවකට පෙර"],"two":[{"t":"idOrVar","v":"value"}," මිනිත්තුවකට පෙර"],"one":"මිනිත්තුවකට පෙර","zero":"මේ දැන්"},"$x":[{"t":"idOrVar","v":"plural"},"value"]},{"$i":"hours-ago-long","$v":{"few":[{"t":"idOrVar","v":"value"}," පැයකට ඉහත"],"many":[{"t":"idOrVar","v":"value"}," පැයකට ඉහත"],"other":[{"t":"idOrVar","v":"value"}," පැයකට ඉහත"],"two":[{"t":"idOrVar","v":"value"}," පැයකට ඉහත"],"one":"පැය 1 කට පෙර","zero":"මේ දැන්"},"$x":[{"t":"idOrVar","v":"plural"},"value"]},{"$i":"days-ago-long","$v":{"few":[{"t":"idOrVar","v":"value"}," දවසකට ඉහත"],"many":[{"t":"idOrVar","v":"value"}," දවසකට ඉහත"],"one":"ඊයේ","other":[{"t":"idOrVar","v":"value"}," දවසකට ඉහත"],"two":[{"t":"idOrVar","v":"value"}," දවසකට ඉහත"],"zero":"අද"},"$x":[{"t":"idOrVar","v":"plural"},"value"]},{"$i":"weeks-ago-long","$v":{"few":[{"t":"idOrVar","v":"value"}," සතියකට ඉහත"],"many":[{"t":"idOrVar","v":"value"}," සතියකට ඉහත"],"one":"පසුගිය සතිය","other":[{"t":"idOrVar","v":"value"}," සතියකට ඉහත"],"two":[{"t":"idOrVar","v":"value"}," සතියකට ඉහත"],"zero":"මේ සතිය"},"$x":[{"t":"idOrVar","v":"plural"},"value"]},{"$i":"months-ago-long","$v":{"few":[{"t":"idOrVar","v":"value"}," මසකට ඉහත"],"many":[{"t":"idOrVar","v":"value"}," මසකට ඉහත"],"one":"අවසන් මාසය","other":[{"t":"idOrVar","v":"value"}," මසකට ඉහත"],"two":[{"t":"idOrVar","v":"value"}," මසකට ඉහත"],"zero":"මේ මාසය"},"$x":[{"t":"idOrVar","v":"plural"},"value"]},{"$i":"years-ago-long","$v":{"few":[{"t":"idOrVar","v":"value"}," වසරකට ඉහත"],"many":[{"t":"idOrVar","v":"value"}," වසරකට ඉහත"],"one":"පසුගිය වසර","other":[{"t":"idOrVar","v":"value"}," වසරකට ඉහත"],"two":[{"t":"idOrVar","v":"value"}," වසරකට ඉහත"],"zero":"මෙම වසර"},"$x":[{"t":"idOrVar","v":"plural"},"value"]},{"$i":"minutes-until-long","$v":{"few":["මිනිත්තු",{"t":"idOrVar","v":"value"}," කින්"],"many":["මිනිත්තු",{"t":"idOrVar","v":"value"}," කින්"],"other":["මිනිත්තු",{"t":"idOrVar","v":"value"}," කින්"],"two":["මිනිත්තු",{"t":"idOrVar","v":"value"}," කින්"],"zero":"දැන්","one":"මිනිත්තු 1 කින්"},"$x":[{"t":"idOrVar","v":"plural"},"value"]},{"$i":"hours-until-long","$v":{"few":["පැය ",{"t":"idOrVar","v":"value"}," කින්"],"many":["පැය ",{"t":"idOrVar","v":"value"}," කින්"],"other":["පැය ",{"t":"idOrVar","v":"value"}," කින්"],"two":["පැය ",{"t":"idOrVar","v":"value"}," කින්"],"zero":"දැන්","one":"පැය 1 කින්"},"$x":[{"t":"idOrVar","v":"plural"},"value"]},{"$i":"days-until-long","$v":{"few":["දින ",{"t":"idOrVar","v":"value"}," කින්"],"many":["දින ",{"t":"idOrVar","v":"value"}," කින්"],"one":"හෙට","other":["දින ",{"t":"idOrVar","v":"value"}," කින්"],"two":["දින ",{"t":"idOrVar","v":"value"}," කින්"],"zero":"අද"},"$x":[{"t":"idOrVar","v":"plural"},"value"]},{"$i":"weeks-until-long","$v":{"few":["සති ",{"t":"idOrVar","v":"value"}," කින්"],"many":["සති ",{"t":"idOrVar","v":"value"}," කින්"],"one":"ඊළඟ සතිය","other":["සති ",{"t":"idOrVar","v":"value"}," කින්"],"two":["සති ",{"t":"idOrVar","v":"value"}," කින්"],"zero":"මේ සතිය"},"$x":[{"t":"idOrVar","v":"plural"},"value"]},{"$i":"months-until-long","$v":{"few":["මාස ",{"t":"idOrVar","v":"value"}," කින්"],"many":["මාස ",{"t":"idOrVar","v":"value"}," කින්"],"one":"ඊළඟ මාසය","other":["මාස ",{"t":"idOrVar","v":"value"}," කින්"],"two":["මාස ",{"t":"idOrVar","v":"value"}," කින්"],"zero":"මේ මාසය"},"$x":[{"t":"idOrVar","v":"plural"},"value"]},{"$i":"years-until-long","$v":{"few":["වසර ",{"t":"idOrVar","v":"value"}," කින්"],"many":["වසර ",{"t":"idOrVar","v":"value"}," කින්"],"one":"ඊළඟ වසර","other":["වසර ",{"t":"idOrVar","v":"value"}," කින්"],"two":["වසර ",{"t":"idOrVar","v":"value"}," කින්"],"zero":"මෙම වසර"},"$x":[{"t":"idOrVar","v":"plural"},"value"]},{"$i":"minutes-ago-short","$v":{"other":[{"t":"idOrVar","v":"value"},"මි. පෙර"],"zero":"මේ දැන්"},"$x":[{"t":"idOrVar","v":"plural"},"value"]},{"$i":"hours-ago-short","$v":{"other":[{"t":"idOrVar","v":"value"},"පැ. පෙර"],"zero":"මේ දැන්"},"$x":[{"t":"idOrVar","v":"plural"},"value"]},{"$i":"days-ago-short","$v":{"other":[{"t":"idOrVar","v":"value"},"දි. පෙර"],"zero":"අද"},"$x":[{"t":"idOrVar","v":"plural"},"value"]},{"$i":"minutes-until-short","$v":{"other":["මාස ",{"t":"idOrVar","v":"value"},"කින්"],"zero":"දැන්"},"$x":[{"t":"idOrVar","v":"plural"},"value"]},{"$i":"hours-until-short","$v":{"other":["පැය ",{"t":"idOrVar","v":"value"},"කින්"],"zero":"දැන්"},"$x":[{"t":"idOrVar","v":"plural"},"value"]},{"$i":"days-until-short","$v":{"other":["දින ",{"t":"idOrVar","v":"value"},"කින්"],"zero":"අද"},"$x":[{"t":"idOrVar","v":"plural"},"value"]},{"$i":"incorrectDate","$v":"(වැරදිදිනය)"},{"$i":"dateTimeFormat_%c","$v":"%a %b %e %Y %I:%M:%S %p"},{"$i":"dateTimeFormat_%x","$v":"%m/%d/%Y"},{"$i":"dateTimeFormat_%X","$v":"%I:%M:%S %p"},{"$i":"shortTimeFormat","$v":"%I:%M %p"},{"$i":"shortTimeFormat12","$v":"%I:%M %p"},{"$i":"shortTimeFormat24","$v":"%H:%M"},{"$i":"shortDateTimeFormat","$v":"%x %I:%M %p"},{"$i":"weekStartsOnMonday","$v":"0.0"},{"$i":"firstDayOfTheWeek","$v":"0.0"},{"$i":"time_am","$v":"AM"},{"$i":"time_pm","$v":"PM"}]