[{"$i":"loading-prompt","$v":"Načítava sa..."},{"$i":"header-title","$v":"Aktualizácia softvéru"},{"$i":"settings-title","$v":"Nastavenia aktualizácie softvéru"},{"$i":"settings-auto-update","$v":"Automatická aktualizácia"},{"$i":"settings-auto-update-none","$v":"Žiadne"},{"$i":"settings-auto-update-daily","$v":"Denne"},{"$i":"settings-auto-update-weekly","$v":"Týždenne"},{"$i":"settings-auto-update-monthly","$v":"Mesačne"},{"$i":"settings-download-via","$v":"Stiahnuť cez"},{"$i":"settings-download-via-wifi-mob","$v":"Wi-Fi alebo mobilnú sieť"},{"$i":"settings-download-via-wifionly","$v":"Len Wi-Fi"},{"$i":"checking-for-update","$v":"Kontrolujú sa aktualizácie…"},{"$i":"please-wait","$v":"Čakajte, prosím"},{"$i":"downloading-update","$v":"Prebieha sťahovanie aktualizácie..."},{"$i":"install-prompt","$v":"Aktualizácia bola stiahnutá."},{"$i":"release-notes","$v":"Poznámky k vydaniu"},{"$i":"release-notes-label","$v":"Poznámky k vydaniu"},{"$i":"software-update-available","$v":"Je dostupná aktualizácia softvéru."},{"$i":"software-up-to-date","$v":"Váš softvér je aktuálny."},{"$i":"check","$v":"Skontrolovať aktualizácie"},{"$i":"install","$v":"Inštalovať"},{"$i":"download","$v":"Stiahnuť"},{"$i":"options","$v":"Voľby"},{"$i":"settings","$v":"Nastavenia"},{"$i":"select","$v":"Vybrať"},{"$i":"stop","$v":"Zastaviť"},{"$i":"cancel","$v":"Zrušiť"},{"$i":"ok","$v":"OK"},{"$i":"current-version-label","$v":"Aktuálna verzia:"},{"$i":"update-version-label","$v":"Verzia aktualizácie:"},{"$i":"size-label","$v":"Veľkosť:"},{"$i":"last-check-label","$v":"Posledná kontrola aktualizácie:"},{"$i":"date-label","$v":"Dátum:"},{"$i":"version-label","$v":"Verzia:"},{"$i":"software-download-failed","$v":"Sťahovanie softvéru zlyhalo."},{"$i":"engine-start-failed","$v":"Spúšťanie systému FOTA zlyhalo!"},{"$i":"engine-check-failed","$v":"Kontrola aktualizácie zlyhala."},{"$i":"engine-download-failed","$v":"Sťahovanie softvéru zlyhalo."},{"$i":"engine-install-failed","$v":"Pri tomto sťahovaní sa vyskytla chyba, skúste to znova."},{"$i":"bizlogic-no-network","$v":"Bez sieťového pripojenia."},{"$i":"bizlogic-network-type","$v":"Pripojte sa k sieti Wi-Fi a skúste to znova."},{"$i":"bizlogic-free-space","$v":["Vyčistite úložný priestor alebo vložte kartu SD s aspoň ",{"t":"idOrVar","v":"n"}," MB voľného miesta a skúste to znova."]},{"$i":"bizlogic-install-free-space","$v":["Uistite sa, že je v pamäti aspoň ",{"t":"idOrVar","v":"n"}," MB voľného miesta a skúste to znova."]},{"$i":"bizlogic-battery","$v":"Uistite sa, že je úroveň nabitia batérie aspoň 30 % a skúste to znova."},{"$i":"bizlogic-insert-sd","$v":["Vložte SD kartu s minimálnou voľnou kapacitou ",{"t":"idOrVar","v":"n"},"MB a potom to skúste znova."]},{"$i":"config-downloadvia-mobile-warning","$v":"Pri sťahovaní cez mobilnú sieť sa môžu účtovať dodatočné poplatky."},{"$i":"verify-update","$v":"Overuje sa aktualizácia ..."},{"$i":"verify-failed","$v":"Pri tomto sťahovaní sa vyskytla chyba, skúste to znova."},{"$i":"weekday-0-long","$v":"Nedeľa"},{"$i":"weekday-1-long","$v":"Pondelok"},{"$i":"weekday-2-long","$v":"Utorok"},{"$i":"weekday-3-long","$v":"Streda"},{"$i":"weekday-4-long","$v":"Štvrtok"},{"$i":"weekday-5-long","$v":"Piatok"},{"$i":"weekday-6-long","$v":"Sobota"},{"$i":"weekday-0-short","$v":"Ned"},{"$i":"weekday-1-short","$v":"Pon"},{"$i":"weekday-2-short","$v":"Uto"},{"$i":"weekday-3-short","$v":"Str"},{"$i":"weekday-4-short","$v":"Štv"},{"$i":"weekday-5-short","$v":"Pia"},{"$i":"weekday-6-short","$v":"Sob"},{"$i":"month-0-long","$v":"Január"},{"$i":"month-1-long","$v":"Február"},{"$i":"month-2-long","$v":"Marec"},{"$i":"month-3-long","$v":"Apríl"},{"$i":"month-4-long","$v":"Máj"},{"$i":"month-5-long","$v":"Jún"},{"$i":"month-6-long","$v":"Júl"},{"$i":"month-7-long","$v":"August"},{"$i":"month-8-long","$v":"September"},{"$i":"month-9-long","$v":"Október"},{"$i":"month-10-long","$v":"November"},{"$i":"month-11-long","$v":"December"},{"$i":"month-0-genitive","$v":"Január"},{"$i":"month-1-genitive","$v":"Február"},{"$i":"month-2-genitive","$v":"Marec"},{"$i":"month-3-genitive","$v":"Apríl"},{"$i":"month-4-genitive","$v":"Máj"},{"$i":"month-5-genitive","$v":"Jún"},{"$i":"month-6-genitive","$v":"Júl"},{"$i":"month-7-genitive","$v":"August"},{"$i":"month-8-genitive","$v":"September"},{"$i":"month-9-genitive","$v":"Október"},{"$i":"month-10-genitive","$v":"November"},{"$i":"month-11-genitive","$v":"December"},{"$i":"month-0-short","$v":"Jan"},{"$i":"month-1-short","$v":"Feb"},{"$i":"month-2-short","$v":"Mar"},{"$i":"month-3-short","$v":"Apr"},{"$i":"month-4-short","$v":"Máj"},{"$i":"month-5-short","$v":"Jún"},{"$i":"month-6-short","$v":"Júl"},{"$i":"month-7-short","$v":"Aug"},{"$i":"month-8-short","$v":"Sep"},{"$i":"month-9-short","$v":"Okt"},{"$i":"month-10-short","$v":"Nov"},{"$i":"month-11-short","$v":"Dec"},{"$i":"minutes-ago-long","$v":{"few":["Pred počtom min.: ",{"t":"idOrVar","v":"value"}],"many":["Pred počtom min.: ",{"t":"idOrVar","v":"value"}],"other":["Pred počtom min.: ",{"t":"idOrVar","v":"value"}],"two":["Pred počtom min.: ",{"t":"idOrVar","v":"value"}],"one":"pred 1 min.","zero":"práve teraz"},"$x":[{"t":"idOrVar","v":"plural"},"value"]},{"$i":"hours-ago-long","$v":{"few":["Pred počtom hod.: ",{"t":"idOrVar","v":"value"}],"many":["Pred počtom hod.: ",{"t":"idOrVar","v":"value"}],"other":["Pred počtom hod.: ",{"t":"idOrVar","v":"value"}],"two":["Pred počtom hod.: ",{"t":"idOrVar","v":"value"}],"one":"pred 1 hodinou","zero":"práve teraz"},"$x":[{"t":"idOrVar","v":"plural"},"value"]},{"$i":"days-ago-long","$v":{"few":["Pred počtom dní: ",{"t":"idOrVar","v":"value"}],"many":["Pred počtom dní: ",{"t":"idOrVar","v":"value"}],"one":"včera","other":["Pred počtom dní: ",{"t":"idOrVar","v":"value"}],"two":["Pred počtom dní: ",{"t":"idOrVar","v":"value"}],"zero":"dnes"},"$x":[{"t":"idOrVar","v":"plural"},"value"]},{"$i":"weeks-ago-long","$v":{"few":["Pred počtom týžd.: ",{"t":"idOrVar","v":"value"}],"many":["Pred počtom týžd.: ",{"t":"idOrVar","v":"value"}],"one":"min. týždeň","other":["Pred počtom týžd.: ",{"t":"idOrVar","v":"value"}],"two":["Pred počtom týžd.: ",{"t":"idOrVar","v":"value"}],"zero":"tento týždeň"},"$x":[{"t":"idOrVar","v":"plural"},"value"]},{"$i":"months-ago-long","$v":{"few":["Pred počtom mes.: ",{"t":"idOrVar","v":"value"}],"many":["Pred počtom mes.: ",{"t":"idOrVar","v":"value"}],"one":"min. mesiac","other":["Pred počtom mes.: ",{"t":"idOrVar","v":"value"}],"two":["Pred počtom mes.: ",{"t":"idOrVar","v":"value"}],"zero":"tento mesiac"},"$x":[{"t":"idOrVar","v":"plural"},"value"]},{"$i":"years-ago-long","$v":{"few":["Pred počtom rokov: ",{"t":"idOrVar","v":"value"}],"many":["Pred počtom rokov: ",{"t":"idOrVar","v":"value"}],"one":"min. rok","other":["Pred počtom rokov: ",{"t":"idOrVar","v":"value"}],"two":["Pred počtom rokov: ",{"t":"idOrVar","v":"value"}],"zero":"tento rok"},"$x":[{"t":"idOrVar","v":"plural"},"value"]},{"$i":"minutes-until-long","$v":{"few":["o ",{"t":"idOrVar","v":"value"}," min"],"many":["o ",{"t":"idOrVar","v":"value"}," min"],"other":["o ",{"t":"idOrVar","v":"value"}," min"],"two":["o ",{"t":"idOrVar","v":"value"}," min"],"zero":"teraz","one":"za 1 minútu"},"$x":[{"t":"idOrVar","v":"plural"},"value"]},{"$i":"hours-until-long","$v":{"few":["o ",{"t":"idOrVar","v":"value"}," hod."],"many":["o ",{"t":"idOrVar","v":"value"}," hod."],"other":["o ",{"t":"idOrVar","v":"value"}," hod."],"two":["o ",{"t":"idOrVar","v":"value"}," hod."],"zero":"teraz","one":"za 1 hodinu"},"$x":[{"t":"idOrVar","v":"plural"},"value"]},{"$i":"days-until-long","$v":{"few":["o ",{"t":"idOrVar","v":"value"}," d."],"many":["o ",{"t":"idOrVar","v":"value"}," d."],"one":"zajtra","other":["o ",{"t":"idOrVar","v":"value"}," d."],"two":["o ",{"t":"idOrVar","v":"value"}," d."],"zero":"dnes"},"$x":[{"t":"idOrVar","v":"plural"},"value"]},{"$i":"weeks-until-long","$v":{"few":["o ",{"t":"idOrVar","v":"value"}," týžd."],"many":["o ",{"t":"idOrVar","v":"value"}," týžd."],"one":"nasl. týždeň","other":["o ",{"t":"idOrVar","v":"value"}," týžd."],"two":["o ",{"t":"idOrVar","v":"value"}," týžd."],"zero":"tento týždeň"},"$x":[{"t":"idOrVar","v":"plural"},"value"]},{"$i":"months-until-long","$v":{"few":["o ",{"t":"idOrVar","v":"value"}," mes."],"many":["o ",{"t":"idOrVar","v":"value"}," mes."],"one":"nasl. mesiac","other":["o ",{"t":"idOrVar","v":"value"}," mes."],"two":["o ",{"t":"idOrVar","v":"value"}," mes."],"zero":"tento mesiac"},"$x":[{"t":"idOrVar","v":"plural"},"value"]},{"$i":"years-until-long","$v":{"few":["o ",{"t":"idOrVar","v":"value"}," rok."],"many":["o ",{"t":"idOrVar","v":"value"}," rok."],"one":"nasl. rok","other":["o ",{"t":"idOrVar","v":"value"}," rok."],"two":["o ",{"t":"idOrVar","v":"value"}," rok."],"zero":"tento rok"},"$x":[{"t":"idOrVar","v":"plural"},"value"]},{"$i":"minutes-ago-short","$v":{"other":["Pred ",{"t":"idOrVar","v":"value"}," m"],"zero":"práve teraz"},"$x":[{"t":"idOrVar","v":"plural"},"value"]},{"$i":"hours-ago-short","$v":{"other":["Pred ",{"t":"idOrVar","v":"value"}," h"],"zero":"práve teraz"},"$x":[{"t":"idOrVar","v":"plural"},"value"]},{"$i":"days-ago-short","$v":{"other":["Pred ",{"t":"idOrVar","v":"value"}," d"],"zero":"dnes"},"$x":[{"t":"idOrVar","v":"plural"},"value"]},{"$i":"minutes-until-short","$v":{"other":["o ",{"t":"idOrVar","v":"value"}," m"],"zero":"teraz"},"$x":[{"t":"idOrVar","v":"plural"},"value"]},{"$i":"hours-until-short","$v":{"other":["o ",{"t":"idOrVar","v":"value"}," h"],"zero":"teraz"},"$x":[{"t":"idOrVar","v":"plural"},"value"]},{"$i":"days-until-short","$v":{"other":["o ",{"t":"idOrVar","v":"value"}," d"],"zero":"dnes"},"$x":[{"t":"idOrVar","v":"plural"},"value"]},{"$i":"incorrectDate","$v":"(nesprávny dátum)"},{"$i":"dateTimeFormat_%c","$v":"%a %b %e %Y %I:%M:%S %p"},{"$i":"dateTimeFormat_%x","$v":"%m/%d/%Y"},{"$i":"dateTimeFormat_%X","$v":"%I:%M:%S %p"},{"$i":"shortTimeFormat","$v":"%I:%M %p"},{"$i":"shortTimeFormat12","$v":"%I:%M %p"},{"$i":"shortTimeFormat24","$v":"%H:%M"},{"$i":"shortDateTimeFormat","$v":"%x %I:%M %p"},{"$i":"weekStartsOnMonday","$v":"0.0"},{"$i":"firstDayOfTheWeek","$v":"1.0"},{"$i":"time_am","$v":"AM"},{"$i":"time_pm","$v":"PM"}]