[{"$i":"loading-prompt","$v":"Po ngarkohet..."},{"$i":"header-title","$v":"Përditësimi i softuerit"},{"$i":"settings-title","$v":"Cilësimet e përditësimit të softuerit"},{"$i":"settings-auto-update","$v":"Përditësim automatik"},{"$i":"settings-auto-update-none","$v":"Asnjë"},{"$i":"settings-auto-update-daily","$v":"Ditor"},{"$i":"settings-auto-update-weekly","$v":"Javor"},{"$i":"settings-auto-update-monthly","$v":"Mujor"},{"$i":"settings-download-via","$v":"Shkarko nëpërmjet"},{"$i":"settings-download-via-wifi-mob","$v":"Wi-Fi\" ose rrjetit celular"},{"$i":"settings-download-via-wifionly","$v":"vetëm \"Wi-Fi"},{"$i":"checking-for-update","$v":"Duke kontrolluar për përditësim..."},{"$i":"please-wait","$v":"Prit"},{"$i":"downloading-update","$v":"Po shkarkohen përditësimet..."},{"$i":"install-prompt","$v":"Përditësimi i shkarkuar."},{"$i":"release-notes","$v":"Shënimet e qarkullimit"},{"$i":"release-notes-label","$v":"Shënimet e qarkullimit"},{"$i":"software-update-available","$v":"Ka përditësim të softuerit."},{"$i":"software-up-to-date","$v":"Softueri yt është i përditësuar."},{"$i":"check","$v":"Kontrollo për përditësim"},{"$i":"install","$v":"Instalo"},{"$i":"download","$v":"Shkarko"},{"$i":"options","$v":"Opsionet"},{"$i":"settings","$v":"Cilësimet"},{"$i":"select","$v":"Zgjidh"},{"$i":"stop","$v":"Ndalo"},{"$i":"cancel","$v":"Anulo"},{"$i":"ok","$v":"OK"},{"$i":"current-version-label","$v":"Versioni aktual:"},{"$i":"update-version-label","$v":"Versioni i përditësimit:"},{"$i":"size-label","$v":"Madhësia:"},{"$i":"last-check-label","$v":"Kontrolli i fundit për përditësim:"},{"$i":"date-label","$v":"Data:"},{"$i":"version-label","$v":"Versioni:"},{"$i":"software-download-failed","$v":"Softueri nuk u shkarkua dot."},{"$i":"engine-start-failed","$v":"FOTA Engine\" nuk u nis dot!"},{"$i":"engine-check-failed","$v":"Përditësimi nuk u kontrollua dot."},{"$i":"engine-download-failed","$v":"Softueri nuk u shkarkua dot."},{"$i":"engine-install-failed","$v":"Diçka shkoi keq me këtë shkarkim, provo përsëri."},{"$i":"bizlogic-no-network","$v":"Nuk ka lidhje rrjeti."},{"$i":"bizlogic-network-type","$v":"Lidhu me \"Wi-Fi\" dhe riprovo."},{"$i":"bizlogic-free-space","$v":["Pastro memorien ose fut një kartë SD me të paktën ",{"t":"idOrVar","v":"n"}," MB hapësirë të lirë dhe provo sërish."]},{"$i":"bizlogic-install-free-space","$v":["Sigurohu që memoria të ketë të paktën ",{"t":"idOrVar","v":"n"}," MB hapësirë të lirë dhe riprovo."]},{"$i":"bizlogic-battery","$v":"Sigurohu që bateria të jetë të paktën 30% dhe riprovo."},{"$i":"bizlogic-insert-sd","$v":["Fut një kartë SD me të paktën ",{"t":"idOrVar","v":"n"}," MB hapësirë të lirë dhe më pas provo përsëri."]},{"$i":"config-downloadvia-mobile-warning","$v":"Kur shkarkon nëpërmjet rrjetit celular, mund të ketë tarifa shtesë."},{"$i":"verify-update","$v":"Verifikimi i azhurnimit ..."},{"$i":"verify-failed","$v":"Diçka shkoi keq me këtë shkarkim, provo përsëri."},{"$i":"weekday-0-long","$v":"E diel"},{"$i":"weekday-1-long","$v":"E hënë"},{"$i":"weekday-2-long","$v":"E martë"},{"$i":"weekday-3-long","$v":"E mërkurë"},{"$i":"weekday-4-long","$v":"E enjte"},{"$i":"weekday-5-long","$v":"E premte"},{"$i":"weekday-6-long","$v":"E shtunë"},{"$i":"weekday-0-short","$v":"Die"},{"$i":"weekday-1-short","$v":"Hën"},{"$i":"weekday-2-short","$v":"Mar"},{"$i":"weekday-3-short","$v":"Mër"},{"$i":"weekday-4-short","$v":"Enj"},{"$i":"weekday-5-short","$v":"Pre"},{"$i":"weekday-6-short","$v":"Sht"},{"$i":"month-0-long","$v":"Janar"},{"$i":"month-1-long","$v":"Shkurt"},{"$i":"month-2-long","$v":"Mars"},{"$i":"month-3-long","$v":"Prill"},{"$i":"month-4-long","$v":"Maj"},{"$i":"month-5-long","$v":"Qershor"},{"$i":"month-6-long","$v":"Korrik"},{"$i":"month-7-long","$v":"Gusht"},{"$i":"month-8-long","$v":"Shtator"},{"$i":"month-9-long","$v":"Tetor"},{"$i":"month-10-long","$v":"Nëntor"},{"$i":"month-11-long","$v":"Dhjetor"},{"$i":"month-0-genitive","$v":"Janar"},{"$i":"month-1-genitive","$v":"Shkurt"},{"$i":"month-2-genitive","$v":"Mars"},{"$i":"month-3-genitive","$v":"Prill"},{"$i":"month-4-genitive","$v":"Maj"},{"$i":"month-5-genitive","$v":"Qershor"},{"$i":"month-6-genitive","$v":"Korrik"},{"$i":"month-7-genitive","$v":"Gusht"},{"$i":"month-8-genitive","$v":"Shtator"},{"$i":"month-9-genitive","$v":"Tetor"},{"$i":"month-10-genitive","$v":"Nëntor"},{"$i":"month-11-genitive","$v":"Dhjetor"},{"$i":"month-0-short","$v":"Jan"},{"$i":"month-1-short","$v":"Shku"},{"$i":"month-2-short","$v":"Mar"},{"$i":"month-3-short","$v":"Pri"},{"$i":"month-4-short","$v":"Maj"},{"$i":"month-5-short","$v":"Qer"},{"$i":"month-6-short","$v":"Korr"},{"$i":"month-7-short","$v":"Gush"},{"$i":"month-8-short","$v":"Shta"},{"$i":"month-9-short","$v":"Tet"},{"$i":"month-10-short","$v":"Nën"},{"$i":"month-11-short","$v":"Dhj"},{"$i":"minutes-ago-long","$v":{"few":[{"t":"idOrVar","v":"value"}," minuta më parë"],"many":[{"t":"idOrVar","v":"value"}," minuta më parë"],"other":[{"t":"idOrVar","v":"value"}," minuta më parë"],"two":[{"t":"idOrVar","v":"value"}," minuta më parë"],"one":"një minutë më parë","zero":"sapo"},"$x":[{"t":"idOrVar","v":"plural"},"value"]},{"$i":"hours-ago-long","$v":{"few":[{"t":"idOrVar","v":"value"}," orë më parë"],"many":[{"t":"idOrVar","v":"value"}," orë më parë"],"other":[{"t":"idOrVar","v":"value"}," orë më parë"],"two":[{"t":"idOrVar","v":"value"}," orë më parë"],"one":"1 orë më parë","zero":"sapo"},"$x":[{"t":"idOrVar","v":"plural"},"value"]},{"$i":"days-ago-long","$v":{"few":[{"t":"idOrVar","v":"value"}," ditë më parë"],"many":[{"t":"idOrVar","v":"value"}," ditë më parë"],"one":"dje","other":[{"t":"idOrVar","v":"value"}," ditë më parë"],"two":[{"t":"idOrVar","v":"value"}," ditë më parë"],"zero":"sot"},"$x":[{"t":"idOrVar","v":"plural"},"value"]},{"$i":"weeks-ago-long","$v":{"few":[{"t":"idOrVar","v":"value"}," javë më parë"],"many":[{"t":"idOrVar","v":"value"}," javë më parë"],"one":"javën e kaluar","other":[{"t":"idOrVar","v":"value"}," javë më parë"],"two":[{"t":"idOrVar","v":"value"}," javë më parë"],"zero":"këtë javë"},"$x":[{"t":"idOrVar","v":"plural"},"value"]},{"$i":"months-ago-long","$v":{"few":[{"t":"idOrVar","v":"value"}," muaj më parë"],"many":[{"t":"idOrVar","v":"value"}," muaj më parë"],"one":"muajin e kaluar","other":[{"t":"idOrVar","v":"value"}," muaj më parë"],"two":[{"t":"idOrVar","v":"value"}," muaj më parë"],"zero":"këtë muaj"},"$x":[{"t":"idOrVar","v":"plural"},"value"]},{"$i":"years-ago-long","$v":{"few":[{"t":"idOrVar","v":"value"}," vite më parë"],"many":[{"t":"idOrVar","v":"value"}," vite më parë"],"one":"vitin e kaluar","other":[{"t":"idOrVar","v":"value"}," vite më parë"],"two":[{"t":"idOrVar","v":"value"}," vite më parë"],"zero":"këtë vit"},"$x":[{"t":"idOrVar","v":"plural"},"value"]},{"$i":"minutes-until-long","$v":{"few":["për ",{"t":"idOrVar","v":"value"}," minuta"],"many":["për ",{"t":"idOrVar","v":"value"}," minuta"],"other":["për ",{"t":"idOrVar","v":"value"}," minuta"],"two":["për ",{"t":"idOrVar","v":"value"}," minuta"],"zero":"tani","one":"në 1 minutë"},"$x":[{"t":"idOrVar","v":"plural"},"value"]},{"$i":"hours-until-long","$v":{"few":["për ",{"t":"idOrVar","v":"value"}," orë"],"many":["për ",{"t":"idOrVar","v":"value"}," orë"],"other":["për ",{"t":"idOrVar","v":"value"}," orë"],"two":["për ",{"t":"idOrVar","v":"value"}," orë"],"zero":"tani","one":"në 1 orë"},"$x":[{"t":"idOrVar","v":"plural"},"value"]},{"$i":"days-until-long","$v":{"few":["për ",{"t":"idOrVar","v":"value"}," ditë"],"many":["për ",{"t":"idOrVar","v":"value"}," ditë"],"one":"nesër","other":["për ",{"t":"idOrVar","v":"value"}," ditë"],"two":["për ",{"t":"idOrVar","v":"value"}," ditë"],"zero":"sot"},"$x":[{"t":"idOrVar","v":"plural"},"value"]},{"$i":"weeks-until-long","$v":{"few":["për ",{"t":"idOrVar","v":"value"}," javë"],"many":["për ",{"t":"idOrVar","v":"value"}," javë"],"one":"javën tjetër","other":["për ",{"t":"idOrVar","v":"value"}," javë"],"two":["për ",{"t":"idOrVar","v":"value"}," javë"],"zero":"këtë javë"},"$x":[{"t":"idOrVar","v":"plural"},"value"]},{"$i":"months-until-long","$v":{"few":["për ",{"t":"idOrVar","v":"value"}," muaj"],"many":["për ",{"t":"idOrVar","v":"value"}," muaj"],"one":"muajin tjetër","other":["për ",{"t":"idOrVar","v":"value"}," muaj"],"two":["për ",{"t":"idOrVar","v":"value"}," muaj"],"zero":"këtë muaj"},"$x":[{"t":"idOrVar","v":"plural"},"value"]},{"$i":"years-until-long","$v":{"few":["për ",{"t":"idOrVar","v":"value"}," vjet"],"many":["për ",{"t":"idOrVar","v":"value"}," vjet"],"one":"vitin tjetër","other":["për ",{"t":"idOrVar","v":"value"}," vjet"],"two":["për ",{"t":"idOrVar","v":"value"}," vjet"],"zero":"këtë vit"},"$x":[{"t":"idOrVar","v":"plural"},"value"]},{"$i":"minutes-ago-short","$v":{"other":[{"t":"idOrVar","v":"value"}," min më parë"],"zero":"sapo"},"$x":[{"t":"idOrVar","v":"plural"},"value"]},{"$i":"hours-ago-short","$v":{"other":[{"t":"idOrVar","v":"value"}," orë më parë"],"zero":"sapo"},"$x":[{"t":"idOrVar","v":"plural"},"value"]},{"$i":"days-ago-short","$v":{"other":[{"t":"idOrVar","v":"value"}," ditë më parë"],"zero":"sot"},"$x":[{"t":"idOrVar","v":"plural"},"value"]},{"$i":"minutes-until-short","$v":{"other":["për ",{"t":"idOrVar","v":"value"}," min"],"zero":"tani"},"$x":[{"t":"idOrVar","v":"plural"},"value"]},{"$i":"hours-until-short","$v":{"other":["për ",{"t":"idOrVar","v":"value"}," orë"],"zero":"tani"},"$x":[{"t":"idOrVar","v":"plural"},"value"]},{"$i":"days-until-short","$v":{"other":["për ",{"t":"idOrVar","v":"value"}," ditë"],"zero":"sot"},"$x":[{"t":"idOrVar","v":"plural"},"value"]},{"$i":"incorrectDate","$v":"(datë e pasaktë)"},{"$i":"dateTimeFormat_%c","$v":"%a %b %e %Y %I:%M:%S %p"},{"$i":"dateTimeFormat_%x","$v":"%m/%d/%Y"},{"$i":"dateTimeFormat_%X","$v":"%I:%M:%S %p"},{"$i":"shortTimeFormat","$v":"%I:%M %p"},{"$i":"shortTimeFormat12","$v":"%I:%M %p"},{"$i":"shortTimeFormat24","$v":"%H:%M"},{"$i":"shortDateTimeFormat","$v":"%x %I:%M %p"},{"$i":"weekStartsOnMonday","$v":"0.0"},{"$i":"firstDayOfTheWeek","$v":"1.0"},{"$i":"time_am","$v":"p.d."},{"$i":"time_pm","$v":"m.d."}]