[{"$i":"loading-prompt","$v":"Laddar..."},{"$i":"header-title","$v":"Programvaruuppdat."},{"$i":"settings-title","$v":"Programvaruuppdat. inst."},{"$i":"settings-auto-update","$v":"Automatisk uppdat."},{"$i":"settings-auto-update-none","$v":"Inget"},{"$i":"settings-auto-update-daily","$v":"Dagligen"},{"$i":"settings-auto-update-weekly","$v":"Varje vecka"},{"$i":"settings-auto-update-monthly","$v":"Varje månad"},{"$i":"settings-download-via","$v":"Hämta via"},{"$i":"settings-download-via-wifi-mob","$v":"Wi-Fi eller mobilnät"},{"$i":"settings-download-via-wifionly","$v":"Wi-Fi enbart"},{"$i":"checking-for-update","$v":"Söker efter uppdateringar …"},{"$i":"please-wait","$v":"Vänta"},{"$i":"downloading-update","$v":"Hämtar uppdatering..."},{"$i":"install-prompt","$v":"Uppdatering nedladdad."},{"$i":"release-notes","$v":"Versionsinfo"},{"$i":"release-notes-label","$v":"Versionsinfo"},{"$i":"software-update-available","$v":"Programvaruuppdat. finns."},{"$i":"software-up-to-date","$v":"Din programvara är uppdaterad."},{"$i":"check","$v":"Sök efter uppdatering"},{"$i":"install","$v":"Installera"},{"$i":"download","$v":"Ladda ned"},{"$i":"options","$v":"Alternativ"},{"$i":"settings","$v":"Inställningar"},{"$i":"select","$v":"Välj"},{"$i":"stop","$v":"Stopp"},{"$i":"cancel","$v":"Avbryt"},{"$i":"ok","$v":"OK"},{"$i":"current-version-label","$v":"Aktuell version:"},{"$i":"update-version-label","$v":"Uppdat. version:"},{"$i":"size-label","$v":"Storlek:"},{"$i":"last-check-label","$v":"Senaste uppdat. kontroll:"},{"$i":"date-label","$v":"Datum:"},{"$i":"version-label","$v":"Version:"},{"$i":"software-download-failed","$v":"Hämtningen misslyckades."},{"$i":"engine-start-failed","$v":"Start av FOTA-motorn misslyckades!"},{"$i":"engine-check-failed","$v":"Uppdat. kontroll misslyckad."},{"$i":"engine-download-failed","$v":"Hämtningen av program misslyckades."},{"$i":"engine-install-failed","$v":"Något gick fel med den här hämtningen, var vänlig försök igen."},{"$i":"bizlogic-no-network","$v":"Ingen nätverksanslutning."},{"$i":"bizlogic-network-type","$v":"Anslut med Wi-Fi och försök igen."},{"$i":"bizlogic-free-space","$v":["Rensa lagring eller sätt i SD-kort med minst ",{"t":"idOrVar","v":"n"}," MB ledigt utrymme och försök igen."]},{"$i":"bizlogic-install-free-space","$v":["Kontrollera att det finns minst ",{"t":"idOrVar","v":"n"}," MB ledigt lagringsutrymme och försök igen."]},{"$i":"bizlogic-battery","$v":"Kontrollera att batterinivån är minst 30 % och försök igen."},{"$i":"bizlogic-insert-sd","$v":["Sätt in ett SD-kort med minst ",{"t":"idOrVar","v":"n"}," MB ledigt utrymme och försök sedan igen."]},{"$i":"config-downloadvia-mobile-warning","$v":"Vid hämtning via mobilt nätverk kan extra avgifter tillkomma."},{"$i":"verify-update","$v":"Verifierar uppdatering ..."},{"$i":"verify-failed","$v":"Något gick fel med den här hämtningen, var vänlig försök igen."},{"$i":"weekday-0-long","$v":"Söndag"},{"$i":"weekday-1-long","$v":"Måndag"},{"$i":"weekday-2-long","$v":"Tisdag"},{"$i":"weekday-3-long","$v":"Onsdag"},{"$i":"weekday-4-long","$v":"Torsdag"},{"$i":"weekday-5-long","$v":"Fredag"},{"$i":"weekday-6-long","$v":"Lördag"},{"$i":"weekday-0-short","$v":"Sön"},{"$i":"weekday-1-short","$v":"Mån"},{"$i":"weekday-2-short","$v":"Tis"},{"$i":"weekday-3-short","$v":"Ons"},{"$i":"weekday-4-short","$v":"Tor"},{"$i":"weekday-5-short","$v":"Fre"},{"$i":"weekday-6-short","$v":"Lör"},{"$i":"month-0-long","$v":"Januari"},{"$i":"month-1-long","$v":"Februari"},{"$i":"month-2-long","$v":"Mars"},{"$i":"month-3-long","$v":"April"},{"$i":"month-4-long","$v":"Maj"},{"$i":"month-5-long","$v":"Juni"},{"$i":"month-6-long","$v":"Juli"},{"$i":"month-7-long","$v":"Augusti"},{"$i":"month-8-long","$v":"September"},{"$i":"month-9-long","$v":"Oktober"},{"$i":"month-10-long","$v":"November"},{"$i":"month-11-long","$v":"December"},{"$i":"month-0-genitive","$v":"Januari"},{"$i":"month-1-genitive","$v":"Februari"},{"$i":"month-2-genitive","$v":"Mars"},{"$i":"month-3-genitive","$v":"April"},{"$i":"month-4-genitive","$v":"Maj"},{"$i":"month-5-genitive","$v":"Juni"},{"$i":"month-6-genitive","$v":"Juli"},{"$i":"month-7-genitive","$v":"Augusti"},{"$i":"month-8-genitive","$v":"September"},{"$i":"month-9-genitive","$v":"Oktober"},{"$i":"month-10-genitive","$v":"November"},{"$i":"month-11-genitive","$v":"December"},{"$i":"month-0-short","$v":"Jan"},{"$i":"month-1-short","$v":"Feb"},{"$i":"month-2-short","$v":"Mar"},{"$i":"month-3-short","$v":"Apr"},{"$i":"month-4-short","$v":"Maj"},{"$i":"month-5-short","$v":"Jun"},{"$i":"month-6-short","$v":"Jul"},{"$i":"month-7-short","$v":"Aug"},{"$i":"month-8-short","$v":"Sep"},{"$i":"month-9-short","$v":"Okt"},{"$i":"month-10-short","$v":"Nov"},{"$i":"month-11-short","$v":"Dec"},{"$i":"minutes-ago-long","$v":{"few":[{"t":"idOrVar","v":"value"}," minuter sedan"],"many":[{"t":"idOrVar","v":"value"}," minuter sedan"],"other":[{"t":"idOrVar","v":"value"}," minuter sedan"],"two":[{"t":"idOrVar","v":"value"}," minuter sedan"],"one":"en minut sedan","zero":"just nu"},"$x":[{"t":"idOrVar","v":"plural"},"value"]},{"$i":"hours-ago-long","$v":{"few":[{"t":"idOrVar","v":"value"}," timmar sedan"],"many":[{"t":"idOrVar","v":"value"}," timmar sedan"],"other":[{"t":"idOrVar","v":"value"}," timmar sedan"],"two":[{"t":"idOrVar","v":"value"}," timmar sedan"],"one":"1 timme sedan","zero":"just nu"},"$x":[{"t":"idOrVar","v":"plural"},"value"]},{"$i":"days-ago-long","$v":{"few":[{"t":"idOrVar","v":"value"}," dagar sedan"],"many":[{"t":"idOrVar","v":"value"}," dagar sedan"],"one":"igår","other":[{"t":"idOrVar","v":"value"}," dagar sedan"],"two":[{"t":"idOrVar","v":"value"}," dagar sedan"],"zero":"idag"},"$x":[{"t":"idOrVar","v":"plural"},"value"]},{"$i":"weeks-ago-long","$v":{"few":[{"t":"idOrVar","v":"value"}," veckor sedan"],"many":[{"t":"idOrVar","v":"value"}," veckor sedan"],"one":"förra veckan","other":[{"t":"idOrVar","v":"value"}," veckor sedan"],"two":[{"t":"idOrVar","v":"value"}," veckor sedan"],"zero":"den här veckan"},"$x":[{"t":"idOrVar","v":"plural"},"value"]},{"$i":"months-ago-long","$v":{"few":[{"t":"idOrVar","v":"value"}," månader sedan"],"many":[{"t":"idOrVar","v":"value"}," månader sedan"],"one":"förra månaden","other":[{"t":"idOrVar","v":"value"}," månader sedan"],"two":[{"t":"idOrVar","v":"value"}," månader sedan"],"zero":"den här månaden"},"$x":[{"t":"idOrVar","v":"plural"},"value"]},{"$i":"years-ago-long","$v":{"few":[{"t":"idOrVar","v":"value"}," år sedan"],"many":[{"t":"idOrVar","v":"value"}," år sedan"],"one":"förra året","other":[{"t":"idOrVar","v":"value"}," år sedan"],"two":[{"t":"idOrVar","v":"value"}," år sedan"],"zero":"det här året"},"$x":[{"t":"idOrVar","v":"plural"},"value"]},{"$i":"minutes-until-long","$v":{"few":["om ",{"t":"idOrVar","v":"value"}," minuter"],"many":["om ",{"t":"idOrVar","v":"value"}," minuter"],"other":["om ",{"t":"idOrVar","v":"value"}," minuter"],"two":["om ",{"t":"idOrVar","v":"value"}," minuter"],"zero":"nu","one":"på 1 minut"},"$x":[{"t":"idOrVar","v":"plural"},"value"]},{"$i":"hours-until-long","$v":{"few":["om ",{"t":"idOrVar","v":"value"}," timmar"],"many":["om ",{"t":"idOrVar","v":"value"}," timmar"],"other":["om ",{"t":"idOrVar","v":"value"}," timmar"],"two":["om ",{"t":"idOrVar","v":"value"}," timmar"],"zero":"nu","one":"om 1 timme"},"$x":[{"t":"idOrVar","v":"plural"},"value"]},{"$i":"days-until-long","$v":{"few":["om ",{"t":"idOrVar","v":"value"}," dagar"],"many":["om ",{"t":"idOrVar","v":"value"}," dagar"],"one":"imorgon","other":["om ",{"t":"idOrVar","v":"value"}," dagar"],"two":["om ",{"t":"idOrVar","v":"value"}," dagar"],"zero":"idag"},"$x":[{"t":"idOrVar","v":"plural"},"value"]},{"$i":"weeks-until-long","$v":{"few":["om ",{"t":"idOrVar","v":"value"}," veckor"],"many":["om ",{"t":"idOrVar","v":"value"}," veckor"],"one":"nästa vecka","other":["om ",{"t":"idOrVar","v":"value"}," veckor"],"two":["om ",{"t":"idOrVar","v":"value"}," veckor"],"zero":"den här veckan"},"$x":[{"t":"idOrVar","v":"plural"},"value"]},{"$i":"months-until-long","$v":{"few":["om ",{"t":"idOrVar","v":"value"}," månader"],"many":["om ",{"t":"idOrVar","v":"value"}," månader"],"one":"nästa månad","other":["om ",{"t":"idOrVar","v":"value"}," månader"],"two":["om ",{"t":"idOrVar","v":"value"}," månader"],"zero":"den här månaden"},"$x":[{"t":"idOrVar","v":"plural"},"value"]},{"$i":"years-until-long","$v":{"few":["om ",{"t":"idOrVar","v":"value"}," år"],"many":["om ",{"t":"idOrVar","v":"value"}," år"],"one":"nästa år","other":["om ",{"t":"idOrVar","v":"value"}," år"],"two":["om ",{"t":"idOrVar","v":"value"}," år"],"zero":"det här året"},"$x":[{"t":"idOrVar","v":"plural"},"value"]},{"$i":"minutes-ago-short","$v":{"other":[{"t":"idOrVar","v":"value"}," m sedan"],"zero":"just nu"},"$x":[{"t":"idOrVar","v":"plural"},"value"]},{"$i":"hours-ago-short","$v":{"other":[{"t":"idOrVar","v":"value"}," tim. sedan"],"zero":"just nu"},"$x":[{"t":"idOrVar","v":"plural"},"value"]},{"$i":"days-ago-short","$v":{"other":[{"t":"idOrVar","v":"value"}," d sedan"],"zero":"idag"},"$x":[{"t":"idOrVar","v":"plural"},"value"]},{"$i":"minutes-until-short","$v":{"other":["om ",{"t":"idOrVar","v":"value"}," min."],"zero":"nu"},"$x":[{"t":"idOrVar","v":"plural"},"value"]},{"$i":"hours-until-short","$v":{"other":["om ",{"t":"idOrVar","v":"value"}," tim."],"zero":"nu"},"$x":[{"t":"idOrVar","v":"plural"},"value"]},{"$i":"days-until-short","$v":{"other":["om ",{"t":"idOrVar","v":"value"}," dag"],"zero":"idag"},"$x":[{"t":"idOrVar","v":"plural"},"value"]},{"$i":"incorrectDate","$v":"(fel datum)"},{"$i":"dateTimeFormat_%c","$v":"%a %b %e %Y %I:%M:%S %p"},{"$i":"dateTimeFormat_%x","$v":"%m/%d/%Y"},{"$i":"dateTimeFormat_%X","$v":"%I:%M:%S %p"},{"$i":"shortTimeFormat","$v":"%I:%M %p"},{"$i":"shortTimeFormat12","$v":"%I:%M %p"},{"$i":"shortTimeFormat24","$v":"%H:%M"},{"$i":"shortDateTimeFormat","$v":"%x %I:%M %p"},{"$i":"weekStartsOnMonday","$v":"0.0"},{"$i":"firstDayOfTheWeek","$v":"1.0"},{"$i":"time_am","$v":"am"},{"$i":"time_pm","$v":"PM"}]