[{"$i":"loading-prompt","$v":"กำลังโหลด..."},{"$i":"header-title","$v":"การอัปเดตซอฟต์แวร์"},{"$i":"settings-title","$v":"การตั้งค่าการอัปเดตซอฟต์แวร์"},{"$i":"settings-auto-update","$v":"การอัปเดตอัตโนมัติ"},{"$i":"settings-auto-update-none","$v":"ไม่มี"},{"$i":"settings-auto-update-daily","$v":"รายวัน"},{"$i":"settings-auto-update-weekly","$v":"รายสัปดาห์"},{"$i":"settings-auto-update-monthly","$v":"รายเดือน"},{"$i":"settings-download-via","$v":"ดาวน์โหลดผ่าน"},{"$i":"settings-download-via-wifi-mob","$v":"Wi-Fi หรือเครือข่ายมือถือ"},{"$i":"settings-download-via-wifionly","$v":"เฉพาะ Wi-Fi"},{"$i":"checking-for-update","$v":"กำลังตรวจสอบหารายการอัปเดต..."},{"$i":"please-wait","$v":"โปรดรอ"},{"$i":"downloading-update","$v":"กำลังดาวน์โหลดการอัปเดต..."},{"$i":"install-prompt","$v":"ดาวน์โหดอัปเดตแล้ว"},{"$i":"release-notes","$v":"บันทึกย่อประจำรุ่น"},{"$i":"release-notes-label","$v":"บันทึกย่อประจำรุ่น"},{"$i":"software-update-available","$v":"มีการอัพเดตซอฟต์แวร์"},{"$i":"software-up-to-date","$v":"ซอฟต์แวร์ของคุณเป็นปัจจุบัน"},{"$i":"check","$v":"ตรวจสอบหารายการอัปเดต"},{"$i":"install","$v":"ติดตั้ง"},{"$i":"download","$v":"ดาวน์โหลด"},{"$i":"options","$v":"ตัวเลือก"},{"$i":"settings","$v":"การตั้งค่า"},{"$i":"select","$v":"เลือก"},{"$i":"stop","$v":"หยุด"},{"$i":"cancel","$v":"ยกเลิก"},{"$i":"ok","$v":"ตกลง"},{"$i":"current-version-label","$v":"เวอร์ชันปัจจุบัน:"},{"$i":"update-version-label","$v":"เวอร์ชันที่อัพเดต:"},{"$i":"size-label","$v":"ขนาด:"},{"$i":"last-check-label","$v":"ตรวจสอบหารายการอัปเดตครั้งล่าสุด:"},{"$i":"date-label","$v":"วันที่:"},{"$i":"version-label","$v":"เวอร์ชัน:"},{"$i":"software-download-failed","$v":"การดาวน์โหลดซอฟต์แวร์ล้มเหลว"},{"$i":"engine-start-failed","$v":"การเริ่มใช้เครื่อง FOTA ล้มเหลว!"},{"$i":"engine-check-failed","$v":"การตรวจสอบหาการอัปเดตล้มเหลว"},{"$i":"engine-download-failed","$v":"การดาวน์โหลดซอฟต์แวร์ล้มเหลว"},{"$i":"engine-install-failed","$v":"เกิดข้อผิดพลาดกับการดาวน์โหลด โปรดลองอีกครั้ง"},{"$i":"bizlogic-no-network","$v":"ไม่มีการเชื่อมต่อเครือข่าย"},{"$i":"bizlogic-network-type","$v":"เชื่อมต่อกับ Wi-Fi แล้วลองใหม่อีกครั้ง"},{"$i":"bizlogic-free-space","$v":["ล้างที่เก็บข้อมูลหรือใส่การ์ด SD ที่มีที่ว่างอย่างน้อย ",{"t":"idOrVar","v":"n"},"MB และลองอีกครั้ง"]},{"$i":"bizlogic-install-free-space","$v":["ตรวจสอบว่าพื้นที่จัดเก็บมีพื้นที่ว่างอย่างน้อย ",{"t":"idOrVar","v":"n"},"MB แล้วลองใหม่อีกครั้ง"]},{"$i":"bizlogic-battery","$v":"ตรวจสอบให้แน่ใจว่ามีแบตเตอรี่อย่างน้อย 30% จากนั้นลองใหม่อีกครั้ง"},{"$i":"bizlogic-insert-sd","$v":["ใส่การ์ด SD ที่มีพื้นที่ว่างอย่างน้อย ",{"t":"idOrVar","v":"n"},"MB  และลองอีกครั้ง"]},{"$i":"config-downloadvia-mobile-warning","$v":"เมื่อดาวน์โหลดผ่านเครือข่ายมือถือ อาจมีค่าใช้จ่ายเพิ่มเติม"},{"$i":"verify-update","$v":"กำลังตราวจสอบการอัปเดต..."},{"$i":"verify-failed","$v":"เกิดข้อผิดพลาดกับการดาวน์โหลด โปรดลองอีกครั้ง"},{"$i":"weekday-0-long","$v":"อาทิตย์"},{"$i":"weekday-1-long","$v":"จันทร์"},{"$i":"weekday-2-long","$v":"อังคาร"},{"$i":"weekday-3-long","$v":"พุธ"},{"$i":"weekday-4-long","$v":"พฤหัสบดี"},{"$i":"weekday-5-long","$v":"ศุกร์"},{"$i":"weekday-6-long","$v":"เสาร์"},{"$i":"weekday-0-short","$v":"อาทิตย์"},{"$i":"weekday-1-short","$v":"จันทร์"},{"$i":"weekday-2-short","$v":"อังคาร"},{"$i":"weekday-3-short","$v":"พุธ"},{"$i":"weekday-4-short","$v":"พฤหัสบดี"},{"$i":"weekday-5-short","$v":"ศุกร์"},{"$i":"weekday-6-short","$v":"เสาร์"},{"$i":"month-0-long","$v":"มกราคม"},{"$i":"month-1-long","$v":"กุมภาพันธ์"},{"$i":"month-2-long","$v":"มีนาคม"},{"$i":"month-3-long","$v":"เมษายน"},{"$i":"month-4-long","$v":"พฤษภาคม"},{"$i":"month-5-long","$v":"มิถุนายน"},{"$i":"month-6-long","$v":"กรกฎาคม"},{"$i":"month-7-long","$v":"สิงหาคม"},{"$i":"month-8-long","$v":"กันยายน"},{"$i":"month-9-long","$v":"ตุลาคม"},{"$i":"month-10-long","$v":"พฤศจิกายน"},{"$i":"month-11-long","$v":"ธันวาคม"},{"$i":"month-0-genitive","$v":"มกราคม"},{"$i":"month-1-genitive","$v":"กุมภาพันธ์"},{"$i":"month-2-genitive","$v":"มีนาคม"},{"$i":"month-3-genitive","$v":"เมษายน"},{"$i":"month-4-genitive","$v":"พฤษภาคม"},{"$i":"month-5-genitive","$v":"มิถุนายน"},{"$i":"month-6-genitive","$v":"กรกฎาคม"},{"$i":"month-7-genitive","$v":"สิงหาคม"},{"$i":"month-8-genitive","$v":"กันยายน"},{"$i":"month-9-genitive","$v":"ตุลาคม"},{"$i":"month-10-genitive","$v":"พฤศจิกายน"},{"$i":"month-11-genitive","$v":"ธันวาคม"},{"$i":"month-0-short","$v":"ม.ค."},{"$i":"month-1-short","$v":"ก.พ."},{"$i":"month-2-short","$v":"มี.ค."},{"$i":"month-3-short","$v":"เม.ย."},{"$i":"month-4-short","$v":"พ.ค."},{"$i":"month-5-short","$v":"มิ.ย."},{"$i":"month-6-short","$v":"ก.ค."},{"$i":"month-7-short","$v":"ส.ค."},{"$i":"month-8-short","$v":"ก.ย."},{"$i":"month-9-short","$v":"ต.ค."},{"$i":"month-10-short","$v":"พ.ย."},{"$i":"month-11-short","$v":"ธ.ค."},{"$i":"minutes-ago-long","$v":{"few":[{"t":"idOrVar","v":"value"}," นาทีที่แล้ว"],"many":[{"t":"idOrVar","v":"value"}," นาทีที่แล้ว"],"other":[{"t":"idOrVar","v":"value"}," นาทีที่แล้ว"],"two":[{"t":"idOrVar","v":"value"}," นาทีที่แล้ว"],"one":"1 นาทีที่แล้ว","zero":"เมื่อซักครู่"},"$x":[{"t":"idOrVar","v":"plural"},"value"]},{"$i":"hours-ago-long","$v":{"few":[{"t":"idOrVar","v":"value"}," ชั่วโมงที่แล้ว"],"many":[{"t":"idOrVar","v":"value"}," ชั่วโมงที่แล้ว"],"other":[{"t":"idOrVar","v":"value"}," ชั่วโมงที่แล้ว"],"two":[{"t":"idOrVar","v":"value"}," ชั่วโมงที่แล้ว"],"one":"ชั่วโมงที่แล้ว","zero":"เมื่อซักครู่"},"$x":[{"t":"idOrVar","v":"plural"},"value"]},{"$i":"days-ago-long","$v":{"few":[{"t":"idOrVar","v":"value"}," วันที่แล้ว"],"many":[{"t":"idOrVar","v":"value"}," วันที่แล้ว"],"one":"เมื่อวานนี้","other":[{"t":"idOrVar","v":"value"}," วันที่แล้ว"],"two":[{"t":"idOrVar","v":"value"}," วันที่แล้ว"],"zero":"วันนี้"},"$x":[{"t":"idOrVar","v":"plural"},"value"]},{"$i":"weeks-ago-long","$v":{"few":[{"t":"idOrVar","v":"value"}," สัปดาห์ที่แล้ว"],"many":[{"t":"idOrVar","v":"value"}," สัปดาห์ที่แล้ว"],"one":"สัปดาห์ที่แล้ว","other":[{"t":"idOrVar","v":"value"}," สัปดาห์ที่แล้ว"],"two":[{"t":"idOrVar","v":"value"}," สัปดาห์ที่แล้ว"],"zero":"สัปดาห์นี้"},"$x":[{"t":"idOrVar","v":"plural"},"value"]},{"$i":"months-ago-long","$v":{"few":[{"t":"idOrVar","v":"value"}," เดือนที่แล้ว"],"many":[{"t":"idOrVar","v":"value"}," เดือนที่แล้ว"],"one":"เดือนที่แล้ว","other":[{"t":"idOrVar","v":"value"}," เดือนที่แล้ว"],"two":[{"t":"idOrVar","v":"value"}," เดือนที่แล้ว"],"zero":"เดือนนี้"},"$x":[{"t":"idOrVar","v":"plural"},"value"]},{"$i":"years-ago-long","$v":{"few":[{"t":"idOrVar","v":"value"}," ปีที่แล้ว"],"many":[{"t":"idOrVar","v":"value"}," ปีที่แล้ว"],"one":"ปีที่แล้ว","other":[{"t":"idOrVar","v":"value"}," ปีที่แล้ว"],"two":[{"t":"idOrVar","v":"value"}," ปีที่แล้ว"],"zero":"ปีนี้"},"$x":[{"t":"idOrVar","v":"plural"},"value"]},{"$i":"minutes-until-long","$v":{"few":["ใน ",{"t":"idOrVar","v":"value"}," นาที"],"many":["ใน ",{"t":"idOrVar","v":"value"}," นาที"],"other":["ใน ",{"t":"idOrVar","v":"value"}," นาที"],"two":["ใน ",{"t":"idOrVar","v":"value"}," นาที"],"zero":"ตอนนี้","one":"ใน 1 นาที"},"$x":[{"t":"idOrVar","v":"plural"},"value"]},{"$i":"hours-until-long","$v":{"few":["ใน ",{"t":"idOrVar","v":"value"}," ชั่วโมง"],"many":["ใน ",{"t":"idOrVar","v":"value"}," ชั่วโมง"],"other":["ใน ",{"t":"idOrVar","v":"value"}," ชั่วโมง"],"two":["ใน ",{"t":"idOrVar","v":"value"}," ชั่วโมง"],"zero":"ตอนนี้","one":"ใน 1 ชั่วโมง"},"$x":[{"t":"idOrVar","v":"plural"},"value"]},{"$i":"days-until-long","$v":{"few":["ใน ",{"t":"idOrVar","v":"value"}," วัน"],"many":["ใน ",{"t":"idOrVar","v":"value"}," วัน"],"one":"พรุ่งนี้","other":["ใน ",{"t":"idOrVar","v":"value"}," วัน"],"two":["ใน ",{"t":"idOrVar","v":"value"}," วัน"],"zero":"วันนี้"},"$x":[{"t":"idOrVar","v":"plural"},"value"]},{"$i":"weeks-until-long","$v":{"few":["ใน ",{"t":"idOrVar","v":"value"}," สัปดาห์"],"many":["ใน ",{"t":"idOrVar","v":"value"}," สัปดาห์"],"one":"สัปดาห์ถัดไป","other":["ใน ",{"t":"idOrVar","v":"value"}," สัปดาห์"],"two":["ใน ",{"t":"idOrVar","v":"value"}," สัปดาห์"],"zero":"สัปดาห์นี้"},"$x":[{"t":"idOrVar","v":"plural"},"value"]},{"$i":"months-until-long","$v":{"few":["ใน ",{"t":"idOrVar","v":"value"}," เดือน"],"many":["ใน ",{"t":"idOrVar","v":"value"}," เดือน"],"one":"เดือนถัดไป","other":["ใน ",{"t":"idOrVar","v":"value"}," เดือน"],"two":["ใน ",{"t":"idOrVar","v":"value"}," เดือน"],"zero":"เดือนนี้"},"$x":[{"t":"idOrVar","v":"plural"},"value"]},{"$i":"years-until-long","$v":{"few":["ใน ",{"t":"idOrVar","v":"value"}," ปี"],"many":["ใน ",{"t":"idOrVar","v":"value"}," ปี"],"one":"ปีถัดไป","other":["ใน ",{"t":"idOrVar","v":"value"}," ปี"],"two":["ใน ",{"t":"idOrVar","v":"value"}," ปี"],"zero":"ปีนี้"},"$x":[{"t":"idOrVar","v":"plural"},"value"]},{"$i":"minutes-ago-short","$v":{"other":[{"t":"idOrVar","v":"value"}," นาทีที่แล้ว"],"zero":"เมื่อซักครู่"},"$x":[{"t":"idOrVar","v":"plural"},"value"]},{"$i":"hours-ago-short","$v":{"other":[{"t":"idOrVar","v":"value"}," ชั่วโมงที่แล้ว"],"zero":"เมื่อซักครู่"},"$x":[{"t":"idOrVar","v":"plural"},"value"]},{"$i":"days-ago-short","$v":{"other":[{"t":"idOrVar","v":"value"}," วันที่แล้ว"],"zero":"วันนี้"},"$x":[{"t":"idOrVar","v":"plural"},"value"]},{"$i":"minutes-until-short","$v":{"other":["ใน ",{"t":"idOrVar","v":"value"}," นาที"],"zero":"ตอนนี้"},"$x":[{"t":"idOrVar","v":"plural"},"value"]},{"$i":"hours-until-short","$v":{"other":["ใน ",{"t":"idOrVar","v":"value"}," ชั่วโมง"],"zero":"ตอนนี้"},"$x":[{"t":"idOrVar","v":"plural"},"value"]},{"$i":"days-until-short","$v":{"other":["ใน ",{"t":"idOrVar","v":"value"}," วัน"],"zero":"วันนี้"},"$x":[{"t":"idOrVar","v":"plural"},"value"]},{"$i":"incorrectDate","$v":"(วันที่ไม่ถูกต้อง)"},{"$i":"dateTimeFormat_%c","$v":"%a %b %e %Y %I:%M:%S %p"},{"$i":"dateTimeFormat_%x","$v":"%m/%d/%Y"},{"$i":"dateTimeFormat_%X","$v":"%I:%M:%S %p"},{"$i":"shortTimeFormat","$v":"%I:%M %p"},{"$i":"shortTimeFormat12","$v":"%I:%M %p"},{"$i":"shortTimeFormat24","$v":"%H:%M"},{"$i":"shortDateTimeFormat","$v":"%x %I:%M %p"},{"$i":"weekStartsOnMonday","$v":"0.0"},{"$i":"firstDayOfTheWeek","$v":"0.0"},{"$i":"time_am","$v":"AM"},{"$i":"time_pm","$v":"PM"}]