[{"$i":"loading-prompt","$v":"Yükleniyor..."},{"$i":"header-title","$v":"Yazılım Güncelleme"},{"$i":"settings-title","$v":"Yazılım Güncelleme Ayarları"},{"$i":"settings-auto-update","$v":"Otomatik Güncelleme"},{"$i":"settings-auto-update-none","$v":"Hiçbiri"},{"$i":"settings-auto-update-daily","$v":"Her gün"},{"$i":"settings-auto-update-weekly","$v":"Her hafta"},{"$i":"settings-auto-update-monthly","$v":"Her ay"},{"$i":"settings-download-via","$v":"Şunun aracılığıyla indir:"},{"$i":"settings-download-via-wifi-mob","$v":"Wi-Fi veya mobil ağ"},{"$i":"settings-download-via-wifionly","$v":"Sadece Wi-Fi"},{"$i":"checking-for-update","$v":"Güncelleme denetleniyor..."},{"$i":"please-wait","$v":"Lütfen bekleyin"},{"$i":"downloading-update","$v":"Güncelleme İndiriliyor..."},{"$i":"install-prompt","$v":"Güncelleme indirildi."},{"$i":"release-notes","$v":"Sürüm Notları"},{"$i":"release-notes-label","$v":"Sürüm Notları"},{"$i":"software-update-available","$v":"Yazılım güncellemesi var."},{"$i":"software-up-to-date","$v":"Yazılımınız güncel."},{"$i":"check","$v":"Güncelleme Denetle"},{"$i":"install","$v":"Yükle"},{"$i":"download","$v":"İndir"},{"$i":"options","$v":"Seçenekler"},{"$i":"settings","$v":"Ayarlar"},{"$i":"select","$v":"Seç"},{"$i":"stop","$v":"Durdur"},{"$i":"cancel","$v":"İptal"},{"$i":"ok","$v":"Tamam"},{"$i":"current-version-label","$v":"Mevcut Versiyon:"},{"$i":"update-version-label","$v":"Güncelleme Versiyonu:"},{"$i":"size-label","$v":"Boyut:"},{"$i":"last-check-label","$v":"Güncelleme için son kontrol:"},{"$i":"date-label","$v":"Tarih:"},{"$i":"version-label","$v":"Sürüm:"},{"$i":"software-download-failed","$v":"Yazılım indirme başarısız oldu."},{"$i":"engine-start-failed","$v":"FOTA Engine Başlatma Başarısız!"},{"$i":"engine-check-failed","$v":"Güncelleme kontrolü başarısız."},{"$i":"engine-download-failed","$v":"Yazılım indirme başarısız oldu."},{"$i":"engine-install-failed","$v":"Bu indirme işleminde bir sorun oluştu, lütfen tekrar deneyin."},{"$i":"bizlogic-no-network","$v":"Ağ bağlantısı yok."},{"$i":"bizlogic-network-type","$v":"Wi-Fi’a bağlanıp tekrar deneyin."},{"$i":"bizlogic-free-space","$v":["Depolama alanını temizleyin veya en az ",{"t":"idOrVar","v":"n"}," MB boş alana sahip bir SD kart takın ve yeniden deneyin."]},{"$i":"bizlogic-install-free-space","$v":["Kullanılabilir en az ",{"t":"idOrVar","v":"n"}," MB depolama alanı olduğundan emin olup tekrar deneyin."]},{"$i":"bizlogic-battery","$v":"Pil düzeyinin en az %30 olduğundan emin olun ve tekrar deneyin."},{"$i":"bizlogic-insert-sd","$v":["En az ",{"t":"idOrVar","v":"n"}," MB boş yer olan bir SD kart takıp yeniden deneyin."]},{"$i":"config-downloadvia-mobile-warning","$v":"Mobil ağ üzerinden indirme yaparken ek ücretler uygulanabilir."},{"$i":"verify-update","$v":"Güncelleme Doğrulanıyor..."},{"$i":"verify-failed","$v":"Bu indirme işleminde bir sorun oluştu, lütfen tekrar deneyin."},{"$i":"weekday-0-long","$v":"Pazar"},{"$i":"weekday-1-long","$v":"Pazartesi"},{"$i":"weekday-2-long","$v":"Salı"},{"$i":"weekday-3-long","$v":"Çarşamba"},{"$i":"weekday-4-long","$v":"Perşembe"},{"$i":"weekday-5-long","$v":"Cuma"},{"$i":"weekday-6-long","$v":"Cumartesi"},{"$i":"weekday-0-short","$v":"Paz"},{"$i":"weekday-1-short","$v":"Pzt"},{"$i":"weekday-2-short","$v":"Sal"},{"$i":"weekday-3-short","$v":"Çrş"},{"$i":"weekday-4-short","$v":"Per"},{"$i":"weekday-5-short","$v":"Cum"},{"$i":"weekday-6-short","$v":"Cmt"},{"$i":"month-0-long","$v":"Ocak"},{"$i":"month-1-long","$v":"Şubat"},{"$i":"month-2-long","$v":"Mart"},{"$i":"month-3-long","$v":"Nisan"},{"$i":"month-4-long","$v":"Mayıs"},{"$i":"month-5-long","$v":"Haziran"},{"$i":"month-6-long","$v":"Temmuz"},{"$i":"month-7-long","$v":"Ağustos"},{"$i":"month-8-long","$v":"Eylül"},{"$i":"month-9-long","$v":"Ekim"},{"$i":"month-10-long","$v":"Kasım"},{"$i":"month-11-long","$v":"Aralık"},{"$i":"month-0-genitive","$v":"Ocak"},{"$i":"month-1-genitive","$v":"Şubat"},{"$i":"month-2-genitive","$v":"Mart"},{"$i":"month-3-genitive","$v":"Nisan"},{"$i":"month-4-genitive","$v":"Mayıs"},{"$i":"month-5-genitive","$v":"Haziran"},{"$i":"month-6-genitive","$v":"Temmuz"},{"$i":"month-7-genitive","$v":"Ağustos"},{"$i":"month-8-genitive","$v":"Eylül"},{"$i":"month-9-genitive","$v":"Ekim"},{"$i":"month-10-genitive","$v":"Kasım"},{"$i":"month-11-genitive","$v":"Aralık"},{"$i":"month-0-short","$v":"Oca"},{"$i":"month-1-short","$v":"Şub"},{"$i":"month-2-short","$v":"Mar"},{"$i":"month-3-short","$v":"Nis"},{"$i":"month-4-short","$v":"Mayıs"},{"$i":"month-5-short","$v":"Haz"},{"$i":"month-6-short","$v":"Tem"},{"$i":"month-7-short","$v":"Ağu"},{"$i":"month-8-short","$v":"Eyl"},{"$i":"month-9-short","$v":"Eki"},{"$i":"month-10-short","$v":"Kas"},{"$i":"month-11-short","$v":"Ara"},{"$i":"minutes-ago-long","$v":{"few":[{"t":"idOrVar","v":"value"}," dakika önce"],"many":[{"t":"idOrVar","v":"value"}," dakika önce"],"other":[{"t":"idOrVar","v":"value"}," dakika önce"],"two":[{"t":"idOrVar","v":"value"}," dakika önce"],"one":"bir dakika önce","zero":"Hemen Şimdi"},"$x":[{"t":"idOrVar","v":"plural"},"value"]},{"$i":"hours-ago-long","$v":{"few":[{"t":"idOrVar","v":"value"}," saat önce"],"many":[{"t":"idOrVar","v":"value"}," saat önce"],"other":[{"t":"idOrVar","v":"value"}," saat önce"],"two":[{"t":"idOrVar","v":"value"}," saat önce"],"one":"bir saat önce","zero":"Hemen Şimdi"},"$x":[{"t":"idOrVar","v":"plural"},"value"]},{"$i":"days-ago-long","$v":{"few":[{"t":"idOrVar","v":"value"}," gün önce"],"many":[{"t":"idOrVar","v":"value"}," gün önce"],"one":"dün","other":[{"t":"idOrVar","v":"value"}," gün önce"],"two":[{"t":"idOrVar","v":"value"}," gün önce"],"zero":"bugün"},"$x":[{"t":"idOrVar","v":"plural"},"value"]},{"$i":"weeks-ago-long","$v":{"few":[{"t":"idOrVar","v":"value"}," hafta önce"],"many":[{"t":"idOrVar","v":"value"}," hafta önce"],"one":"geçen hafta","other":[{"t":"idOrVar","v":"value"}," hafta önce"],"two":[{"t":"idOrVar","v":"value"}," hafta önce"],"zero":"bu hafta"},"$x":[{"t":"idOrVar","v":"plural"},"value"]},{"$i":"months-ago-long","$v":{"few":[{"t":"idOrVar","v":"value"}," ay önce"],"many":[{"t":"idOrVar","v":"value"}," ay önce"],"one":"geçen ay","other":[{"t":"idOrVar","v":"value"}," ay önce"],"two":[{"t":"idOrVar","v":"value"}," ay önce"],"zero":"bu ay"},"$x":[{"t":"idOrVar","v":"plural"},"value"]},{"$i":"years-ago-long","$v":{"few":[{"t":"idOrVar","v":"value"}," yıl önce"],"many":[{"t":"idOrVar","v":"value"}," yıl önce"],"one":"geçen yıl","other":[{"t":"idOrVar","v":"value"}," yıl önce"],"two":[{"t":"idOrVar","v":"value"}," yıl önce"],"zero":"bu yıl"},"$x":[{"t":"idOrVar","v":"plural"},"value"]},{"$i":"minutes-until-long","$v":{"few":[{"t":"idOrVar","v":"value"}," dakika içinde"],"many":[{"t":"idOrVar","v":"value"}," dakika içinde"],"other":[{"t":"idOrVar","v":"value"}," dakika içinde"],"two":[{"t":"idOrVar","v":"value"}," dakika içinde"],"zero":"şimdi","one":"bir dakika içinde"},"$x":[{"t":"idOrVar","v":"plural"},"value"]},{"$i":"hours-until-long","$v":{"few":[{"t":"idOrVar","v":"value"}," saat içinde"],"many":[{"t":"idOrVar","v":"value"}," saat içinde"],"other":[{"t":"idOrVar","v":"value"}," saat içinde"],"two":[{"t":"idOrVar","v":"value"}," saat içinde"],"zero":"şimdi","one":"bir saat içinde"},"$x":[{"t":"idOrVar","v":"plural"},"value"]},{"$i":"days-until-long","$v":{"few":[{"t":"idOrVar","v":"value"}," gün içinde"],"many":[{"t":"idOrVar","v":"value"}," gün içinde"],"one":"yarın","other":[{"t":"idOrVar","v":"value"}," gün içinde"],"two":[{"t":"idOrVar","v":"value"}," gün içinde"],"zero":"bugün"},"$x":[{"t":"idOrVar","v":"plural"},"value"]},{"$i":"weeks-until-long","$v":{"few":[{"t":"idOrVar","v":"value"}," hafta içinde"],"many":[{"t":"idOrVar","v":"value"}," hafta içinde"],"one":"gelecek hafta","other":[{"t":"idOrVar","v":"value"}," hafta içinde"],"two":[{"t":"idOrVar","v":"value"}," hafta içinde"],"zero":"bu hafta"},"$x":[{"t":"idOrVar","v":"plural"},"value"]},{"$i":"months-until-long","$v":{"few":[{"t":"idOrVar","v":"value"}," ay içinde"],"many":[{"t":"idOrVar","v":"value"}," ay içinde"],"one":"gelecek ay","other":[{"t":"idOrVar","v":"value"}," ay içinde"],"two":[{"t":"idOrVar","v":"value"}," ay içinde"],"zero":"bu ay"},"$x":[{"t":"idOrVar","v":"plural"},"value"]},{"$i":"years-until-long","$v":{"few":[{"t":"idOrVar","v":"value"}," yıl içinde"],"many":[{"t":"idOrVar","v":"value"}," yıl içinde"],"one":"gelecek yıl","other":[{"t":"idOrVar","v":"value"}," yıl içinde"],"two":[{"t":"idOrVar","v":"value"}," yıl içinde"],"zero":"bu yıl"},"$x":[{"t":"idOrVar","v":"plural"},"value"]},{"$i":"minutes-ago-short","$v":{"other":[{"t":"idOrVar","v":"value"},"d önce"],"zero":"Hemen Şimdi"},"$x":[{"t":"idOrVar","v":"plural"},"value"]},{"$i":"hours-ago-short","$v":{"other":[{"t":"idOrVar","v":"value"},"s önce"],"zero":"Hemen Şimdi"},"$x":[{"t":"idOrVar","v":"plural"},"value"]},{"$i":"days-ago-short","$v":{"other":[{"t":"idOrVar","v":"value"},"g önce"],"zero":"bugün"},"$x":[{"t":"idOrVar","v":"plural"},"value"]},{"$i":"minutes-until-short","$v":{"other":[{"t":"idOrVar","v":"value"},"d içinde"],"zero":"şimdi"},"$x":[{"t":"idOrVar","v":"plural"},"value"]},{"$i":"hours-until-short","$v":{"other":[{"t":"idOrVar","v":"value"},"s içinde"],"zero":"şimdi"},"$x":[{"t":"idOrVar","v":"plural"},"value"]},{"$i":"days-until-short","$v":{"other":[{"t":"idOrVar","v":"value"},"g içinde"],"zero":"bugün"},"$x":[{"t":"idOrVar","v":"plural"},"value"]},{"$i":"incorrectDate","$v":"(hatalı tarih)"},{"$i":"dateTimeFormat_%c","$v":"%a %b %e %Y %I:%M:%S %p"},{"$i":"dateTimeFormat_%x","$v":"%d/%m/%Y"},{"$i":"dateTimeFormat_%X","$v":"%I:%M:%S %p"},{"$i":"shortTimeFormat","$v":"%I:%M %p"},{"$i":"shortTimeFormat12","$v":"%I:%M %p"},{"$i":"shortTimeFormat24","$v":"%H:%M"},{"$i":"shortDateTimeFormat","$v":"%x %I:%M %p"},{"$i":"weekStartsOnMonday","$v":"0.0"},{"$i":"firstDayOfTheWeek","$v":"1.0"},{"$i":"time_am","$v":"AM"},{"$i":"time_pm","$v":"PM"}]