[{"$i":"loading-prompt","$v":"Đang tải..."},{"$i":"header-title","$v":"Cập nhật Phần mềm"},{"$i":"settings-title","$v":"Cài đặt Cập nhật Phần mềm"},{"$i":"settings-auto-update","$v":"Tự động Cập nhật"},{"$i":"settings-auto-update-none","$v":"Không"},{"$i":"settings-auto-update-daily","$v":"Hàng ngày"},{"$i":"settings-auto-update-weekly","$v":"Hàng tuần"},{"$i":"settings-auto-update-monthly","$v":"Hàng tháng"},{"$i":"settings-download-via","$v":"Tải xuống qua"},{"$i":"settings-download-via-wifi-mob","$v":"Wi-Fi hoặc mạng di động"},{"$i":"settings-download-via-wifionly","$v":"Chỉ dùng Wi-Fi"},{"$i":"checking-for-update","$v":"Đang kiểm tra cập nhật..."},{"$i":"please-wait","$v":"Vui lòng đợi"},{"$i":"downloading-update","$v":"Đang tải xuống Cập nhật..."},{"$i":"install-prompt","$v":"Đã tải xuống bản cập nhật."},{"$i":"release-notes","$v":"Lưu ý Phát hành"},{"$i":"release-notes-label","$v":"Lưu ý Phát hành"},{"$i":"software-update-available","$v":"Có sẵn cập nhật phần mềm."},{"$i":"software-up-to-date","$v":"Phần mềm của bạn được cập nhật mới nhất."},{"$i":"check","$v":"Kiểm tra Cập nhật"},{"$i":"install","$v":"Cài đặt"},{"$i":"download","$v":"Tải xuống"},{"$i":"options","$v":"Tùy chọn"},{"$i":"settings","$v":"Cài đặt"},{"$i":"select","$v":"Chọn"},{"$i":"stop","$v":"Dừng"},{"$i":"cancel","$v":"Hủy"},{"$i":"ok","$v":"OK"},{"$i":"current-version-label","$v":"Phiên bản Hiện hành:"},{"$i":"update-version-label","$v":"Cập nhật Phiên bản:"},{"$i":"size-label","$v":"Kích thước:"},{"$i":"last-check-label","$v":"Lần kiểm tra cập nhật cuối cùng:"},{"$i":"date-label","$v":"Ngày:"},{"$i":"version-label","$v":"Phiên bản:"},{"$i":"software-download-failed","$v":"Không thể tải xuống phần mềm."},{"$i":"engine-start-failed","$v":"Không thể Bắt đầu Công cụ FOTA!"},{"$i":"engine-check-failed","$v":"Kiểm tra cập nhật không thành công."},{"$i":"engine-download-failed","$v":"Không thể tải xuống phần mềm."},{"$i":"engine-install-failed","$v":"Đã xảy ra lỗi với bản tải xuống này, vui lòng thử lại."},{"$i":"bizlogic-no-network","$v":"Không có kết nối mạng."},{"$i":"bizlogic-network-type","$v":"Kết nối với Wi-Fi và sau đó thử lại."},{"$i":"bizlogic-free-space","$v":["Dọn dẹp bộ nhớ hoặc lắp thẻ SD trống tối thiểu ",{"t":"idOrVar","v":"n"},"MB và thử lại sau."]},{"$i":"bizlogic-install-free-space","$v":["Hãy đảm bảo rằng bộ nhớ còn ít nhất ",{"t":"idOrVar","v":"n"},"MB dung lượng trống và sau đó thử lại."]},{"$i":"bizlogic-battery","$v":"Đảm bảo rằng pin còn ít nhất 30% và sau đó thử lại."},{"$i":"bizlogic-insert-sd","$v":["Lắp thẻ SD có ít nhất ",{"t":"idOrVar","v":"n"},"MB dung lượng trống và sau đó thử lại."]},{"$i":"config-downloadvia-mobile-warning","$v":"Khi tải xuống thông qua mạng di động, chi phí bổ sung có thể áp dụng."},{"$i":"verify-update","$v":"Xác minh Cập nhật..."},{"$i":"verify-failed","$v":"Đã xảy ra lỗi với bản tải xuống này, vui lòng thử lại."},{"$i":"weekday-0-long","$v":"Chủ nhật"},{"$i":"weekday-1-long","$v":"Thứ Hai"},{"$i":"weekday-2-long","$v":"Thứ Ba"},{"$i":"weekday-3-long","$v":"Thứ Tư"},{"$i":"weekday-4-long","$v":"Thứ Năm"},{"$i":"weekday-5-long","$v":"Thứ Sáu"},{"$i":"weekday-6-long","$v":"Thứ Bảy"},{"$i":"weekday-0-short","$v":"CN"},{"$i":"weekday-1-short","$v":"Thứ 2"},{"$i":"weekday-2-short","$v":"Thứ 3"},{"$i":"weekday-3-short","$v":"Thứ 4"},{"$i":"weekday-4-short","$v":"Thứ 5"},{"$i":"weekday-5-short","$v":"Thứ 6"},{"$i":"weekday-6-short","$v":"Thứ 7"},{"$i":"month-0-long","$v":"Tháng 1"},{"$i":"month-1-long","$v":"Tháng 2"},{"$i":"month-2-long","$v":"Tháng 3"},{"$i":"month-3-long","$v":"Tháng 4"},{"$i":"month-4-long","$v":"Tháng 5"},{"$i":"month-5-long","$v":"Tháng 6"},{"$i":"month-6-long","$v":"Tháng 7"},{"$i":"month-7-long","$v":"Tháng 8"},{"$i":"month-8-long","$v":"Tháng 9"},{"$i":"month-9-long","$v":"Tháng 10"},{"$i":"month-10-long","$v":"Tháng 11"},{"$i":"month-11-long","$v":"Tháng 12"},{"$i":"month-0-genitive","$v":"Tháng 1"},{"$i":"month-1-genitive","$v":"Tháng 2"},{"$i":"month-2-genitive","$v":"Tháng 3"},{"$i":"month-3-genitive","$v":"Tháng 4"},{"$i":"month-4-genitive","$v":"Tháng 5"},{"$i":"month-5-genitive","$v":"Tháng 6"},{"$i":"month-6-genitive","$v":"Tháng 7"},{"$i":"month-7-genitive","$v":"Tháng 8"},{"$i":"month-8-genitive","$v":"Tháng 9"},{"$i":"month-9-genitive","$v":"Tháng 10"},{"$i":"month-10-genitive","$v":"Tháng 11"},{"$i":"month-11-genitive","$v":"Tháng 12"},{"$i":"month-0-short","$v":"Tháng 1"},{"$i":"month-1-short","$v":"Tháng 2"},{"$i":"month-2-short","$v":"Tháng 3"},{"$i":"month-3-short","$v":"Tháng 4"},{"$i":"month-4-short","$v":"Tháng 5"},{"$i":"month-5-short","$v":"Tháng 6"},{"$i":"month-6-short","$v":"Tháng 7"},{"$i":"month-7-short","$v":"Tháng 8"},{"$i":"month-8-short","$v":"Tháng 9"},{"$i":"month-9-short","$v":"Tháng 10"},{"$i":"month-10-short","$v":"Tháng 11"},{"$i":"month-11-short","$v":"Tháng 12"},{"$i":"minutes-ago-long","$v":{"few":[{"t":"idOrVar","v":"value"}," phút trước"],"many":[{"t":"idOrVar","v":"value"}," phút trước"],"other":[{"t":"idOrVar","v":"value"}," phút trước"],"two":[{"t":"idOrVar","v":"value"}," phút trước"],"one":"một phút trước","zero":"Vừa Rồi"},"$x":[{"t":"idOrVar","v":"plural"},"value"]},{"$i":"hours-ago-long","$v":{"few":[{"t":"idOrVar","v":"value"}," giờ trước"],"many":[{"t":"idOrVar","v":"value"}," giờ trước"],"other":[{"t":"idOrVar","v":"value"}," giờ trước"],"two":[{"t":"idOrVar","v":"value"}," giờ trước"],"one":"giờ trước","zero":"Vừa Rồi"},"$x":[{"t":"idOrVar","v":"plural"},"value"]},{"$i":"days-ago-long","$v":{"few":[{"t":"idOrVar","v":"value"}," ngày trước"],"many":[{"t":"idOrVar","v":"value"}," ngày trước"],"one":"hôm qua","other":[{"t":"idOrVar","v":"value"}," ngày trước"],"two":[{"t":"idOrVar","v":"value"}," ngày trước"],"zero":"hôm nay"},"$x":[{"t":"idOrVar","v":"plural"},"value"]},{"$i":"weeks-ago-long","$v":{"few":[{"t":"idOrVar","v":"value"}," tuần trước"],"many":[{"t":"idOrVar","v":"value"}," tuần trước"],"one":"tuần trước","other":[{"t":"idOrVar","v":"value"}," tuần trước"],"two":[{"t":"idOrVar","v":"value"}," tuần trước"],"zero":"tuần này"},"$x":[{"t":"idOrVar","v":"plural"},"value"]},{"$i":"months-ago-long","$v":{"few":[{"t":"idOrVar","v":"value"}," tháng trước"],"many":[{"t":"idOrVar","v":"value"}," tháng trước"],"one":"tháng trước","other":[{"t":"idOrVar","v":"value"}," tháng trước"],"two":[{"t":"idOrVar","v":"value"}," tháng trước"],"zero":"tháng này"},"$x":[{"t":"idOrVar","v":"plural"},"value"]},{"$i":"years-ago-long","$v":{"few":[{"t":"idOrVar","v":"value"}," năm trước"],"many":[{"t":"idOrVar","v":"value"}," năm trước"],"one":"năm ngoái","other":[{"t":"idOrVar","v":"value"}," năm trước"],"two":[{"t":"idOrVar","v":"value"}," năm trước"],"zero":"năm nay"},"$x":[{"t":"idOrVar","v":"plural"},"value"]},{"$i":"minutes-until-long","$v":{"few":["trong ",{"t":"idOrVar","v":"value"}," phút"],"many":["trong ",{"t":"idOrVar","v":"value"}," phút"],"other":["trong ",{"t":"idOrVar","v":"value"}," phút"],"two":["trong ",{"t":"idOrVar","v":"value"}," phút"],"zero":"hiện tại","one":"trong một phút"},"$x":[{"t":"idOrVar","v":"plural"},"value"]},{"$i":"hours-until-long","$v":{"few":["trong ",{"t":"idOrVar","v":"value"}," giờ"],"many":["trong ",{"t":"idOrVar","v":"value"}," giờ"],"other":["trong ",{"t":"idOrVar","v":"value"}," giờ"],"two":["trong ",{"t":"idOrVar","v":"value"}," giờ"],"zero":"hiện tại","one":"trong một giờ"},"$x":[{"t":"idOrVar","v":"plural"},"value"]},{"$i":"days-until-long","$v":{"few":["trong ",{"t":"idOrVar","v":"value"}," ngày"],"many":["trong ",{"t":"idOrVar","v":"value"}," ngày"],"one":"ngày mai","other":["trong ",{"t":"idOrVar","v":"value"}," ngày"],"two":["trong ",{"t":"idOrVar","v":"value"}," ngày"],"zero":"hôm nay"},"$x":[{"t":"idOrVar","v":"plural"},"value"]},{"$i":"weeks-until-long","$v":{"few":["trong ",{"t":"idOrVar","v":"value"}," tuần"],"many":["trong ",{"t":"idOrVar","v":"value"}," tuần"],"one":"tuần tới","other":["trong ",{"t":"idOrVar","v":"value"}," tuần"],"two":["trong ",{"t":"idOrVar","v":"value"}," tuần"],"zero":"tuần này"},"$x":[{"t":"idOrVar","v":"plural"},"value"]},{"$i":"months-until-long","$v":{"few":["trong ",{"t":"idOrVar","v":"value"}," tháng"],"many":["trong ",{"t":"idOrVar","v":"value"}," tháng"],"one":"tháng tiếp theo","other":["trong ",{"t":"idOrVar","v":"value"}," tháng"],"two":["trong ",{"t":"idOrVar","v":"value"}," tháng"],"zero":"tháng này"},"$x":[{"t":"idOrVar","v":"plural"},"value"]},{"$i":"years-until-long","$v":{"few":["trong ",{"t":"idOrVar","v":"value"}," năm"],"many":["trong ",{"t":"idOrVar","v":"value"}," năm"],"one":"năm tới","other":["trong ",{"t":"idOrVar","v":"value"}," năm"],"two":["trong ",{"t":"idOrVar","v":"value"}," năm"],"zero":"năm nay"},"$x":[{"t":"idOrVar","v":"plural"},"value"]},{"$i":"minutes-ago-short","$v":{"other":[{"t":"idOrVar","v":"value"}," tháng trước"],"zero":"Vừa Rồi"},"$x":[{"t":"idOrVar","v":"plural"},"value"]},{"$i":"hours-ago-short","$v":{"other":[{"t":"idOrVar","v":"value"}," giờ trước"],"zero":"Vừa Rồi"},"$x":[{"t":"idOrVar","v":"plural"},"value"]},{"$i":"days-ago-short","$v":{"other":[{"t":"idOrVar","v":"value"}," ngày trước"],"zero":"hôm nay"},"$x":[{"t":"idOrVar","v":"plural"},"value"]},{"$i":"minutes-until-short","$v":{"other":["trong ",{"t":"idOrVar","v":"value"},"m"],"zero":"hiện tại"},"$x":[{"t":"idOrVar","v":"plural"},"value"]},{"$i":"hours-until-short","$v":{"other":["trong ",{"t":"idOrVar","v":"value"}],"zero":"hiện tại"},"$x":[{"t":"idOrVar","v":"plural"},"value"]},{"$i":"days-until-short","$v":{"other":["in ",{"t":"idOrVar","v":"value"},"d"],"zero":"hôm nay"},"$x":[{"t":"idOrVar","v":"plural"},"value"]},{"$i":"incorrectDate","$v":"(ngày không chính xác)"},{"$i":"dateTimeFormat_%c","$v":"%a %b %e %Y %I:%M:%S %p"},{"$i":"dateTimeFormat_%x","$v":"%m/%d/%Y"},{"$i":"dateTimeFormat_%X","$v":"%I:%M:%S %p"},{"$i":"shortTimeFormat","$v":"%I:%M %p"},{"$i":"shortTimeFormat12","$v":"%I:%M %p"},{"$i":"shortTimeFormat24","$v":"%H:%M"},{"$i":"shortDateTimeFormat","$v":"%x %I:%M %p"},{"$i":"weekStartsOnMonday","$v":"0.0"},{"$i":"firstDayOfTheWeek","$v":"0.0"},{"$i":"time_am","$v":"AM"},{"$i":"time_pm","$v":"PM"}]