[{"$i":"loading-prompt","$v":"Iyalayisha..."},{"$i":"header-title","$v":"Uhlaziyo LweSoftwe."},{"$i":"settings-title","$v":"Iisetingi Zohlaziyo lwesoftwe."},{"$i":"settings-auto-update","$v":"Ukuhlaziya Okuzenzekelayo"},{"$i":"settings-auto-update-none","$v":"Akukho nto"},{"$i":"settings-auto-update-daily","$v":"Yonke imihla"},{"$i":"settings-auto-update-weekly","$v":"Qho ngeveki"},{"$i":"settings-auto-update-monthly","$v":"Qho ngenyanga"},{"$i":"settings-download-via","$v":"Dawnlowuda nge"},{"$i":"settings-download-via-wifi-mob","$v":"Iinethiwekhi zeWi-Fi okanye ezemobhayili"},{"$i":"settings-download-via-wifionly","$v":"IWi-Fi kuphela"},{"$i":"checking-for-update","$v":"Ihlola uhlaziyo..."},{"$i":"please-wait","$v":"Nceda ulinde"},{"$i":"downloading-update","$v":"Idawnlowuda Uhlaziyo..."},{"$i":"install-prompt","$v":"Ifakiwe into yokwenyusa izinga"},{"$i":"release-notes","$v":"Izaziso Zokukhululwa"},{"$i":"release-notes-label","$v":"Izaziso Zokukhululwa"},{"$i":"software-update-available","$v":"Uhlaziyo lwesoftwe lukhona."},{"$i":"software-up-to-date","$v":"Isoftwe yakho ihlaziyiwe"},{"$i":"check","$v":"Korekisha Uhlaziyo"},{"$i":"install","$v":"Fakela"},{"$i":"download","$v":"Dawnlowuda"},{"$i":"options","$v":"Ukhetho"},{"$i":"settings","$v":"Iisetingi"},{"$i":"select","$v":"Khetha"},{"$i":"stop","$v":"Misa"},{"$i":"cancel","$v":"Rhoxisa"},{"$i":"ok","$v":"Kulungile"},{"$i":"current-version-label","$v":"Uhlobo Lwangoku:"},{"$i":"update-version-label","$v":"Hlaziya Uhlobo:"},{"$i":"size-label","$v":"Isayizi:"},{"$i":"last-check-label","$v":"Ukuhlolwa kokugqibela kohlaziyo:"},{"$i":"date-label","$v":"Umhla:"},{"$i":"version-label","$v":"Uhlelo:"},{"$i":"software-download-failed","$v":"Ukudawnlowuda kwesoftwe kusilele."},{"$i":"engine-start-failed","$v":"Ukuqala Kwenjini ye-FOTA Kusilele!"},{"$i":"engine-check-failed","$v":"Uhlolo lokuhlaziya lusilele."},{"$i":"engine-download-failed","$v":"Ukudawnlowuda kwesoftwe kusilele."},{"$i":"engine-install-failed","$v":"Something went wrong with this download, please try again."},{"$i":"bizlogic-no-network","$v":"Alukho uqhagamshelo lwenethwekhi"},{"$i":"bizlogic-network-type","$v":"Xokomezela kwi-Wi-Fi uze wandule uzame kwakhona."},{"$i":"bizlogic-free-space","$v":["Clean up storage or insert an SD card with at least ",{"t":"idOrVar","v":"n"},"MB free space and try again."]},{"$i":"bizlogic-install-free-space","$v":["Make sure that storage has at least ",{"t":"idOrVar","v":"n"},"MB free space and then try again."]},{"$i":"bizlogic-battery","$v":"Qinisekisa ukuba ibhetri ubuncinane yi-30% uze uphinde uzame kwakhona."},{"$i":"bizlogic-insert-sd","$v":["Faka ikhadi lSD elinendawo yonkonga ",{"t":"idOrVar","v":"n"}," elingeneyo uphinde uzame kwakhona"]},{"$i":"config-downloadvia-mobile-warning","$v":"Xa udawnlowuda ngenethwekhi yemobhayili, kunokubakho iindleko ezithe chatha."},{"$i":"verify-update","$v":"Iqinisekisa Ukuhlaziya..."},{"$i":"verify-failed","$v":"Kukho into engahambanga kakuhle ngoku kudawunlowuda, nceda uzame kwakhona."},{"$i":"weekday-0-long","$v":"Cawa"},{"$i":"weekday-1-long","$v":"Mvulo"},{"$i":"weekday-2-long","$v":"Lwesibini"},{"$i":"weekday-3-long","$v":"Lwesithathu"},{"$i":"weekday-4-long","$v":"Lwesine"},{"$i":"weekday-5-long","$v":"Lwesihlanu"},{"$i":"weekday-6-long","$v":"Mgqibelo"},{"$i":"weekday-0-short","$v":"NgeCawe"},{"$i":"weekday-1-short","$v":"NgoMvulo"},{"$i":"weekday-2-short","$v":"NgoLwesibini"},{"$i":"weekday-3-short","$v":"NgoLwesithathu"},{"$i":"weekday-4-short","$v":"NgoLwesine"},{"$i":"weekday-5-short","$v":"NgoLwesihlanu"},{"$i":"weekday-6-short","$v":"NgoMgqibelo"},{"$i":"month-0-long","$v":"UJanyuwari"},{"$i":"month-1-long","$v":"UFebhruwari"},{"$i":"month-2-long","$v":"UMatshi"},{"$i":"month-3-long","$v":"UApreli"},{"$i":"month-4-long","$v":"UMeyi"},{"$i":"month-5-long","$v":"UJuni"},{"$i":"month-6-long","$v":"UJulayi"},{"$i":"month-7-long","$v":"UAgasti"},{"$i":"month-8-long","$v":"USeptembha"},{"$i":"month-9-long","$v":"UOktobha"},{"$i":"month-10-long","$v":"UNovembha"},{"$i":"month-11-long","$v":"UDisembha"},{"$i":"month-0-genitive","$v":"UJanyuwari"},{"$i":"month-1-genitive","$v":"UFebhruwari"},{"$i":"month-2-genitive","$v":"UMatshi"},{"$i":"month-3-genitive","$v":"UApreli"},{"$i":"month-4-genitive","$v":"UMeyi"},{"$i":"month-5-genitive","$v":"UJuni"},{"$i":"month-6-genitive","$v":"UJulayi"},{"$i":"month-7-genitive","$v":"UAgasti"},{"$i":"month-8-genitive","$v":"USeptembha"},{"$i":"month-9-genitive","$v":"UOktobha"},{"$i":"month-10-genitive","$v":"UNovembha"},{"$i":"month-11-genitive","$v":"UDisembha"},{"$i":"month-0-short","$v":"UJanyuwari"},{"$i":"month-1-short","$v":"UFebhruwari"},{"$i":"month-2-short","$v":"UMatshi"},{"$i":"month-3-short","$v":"UApreli"},{"$i":"month-4-short","$v":"UMeyi"},{"$i":"month-5-short","$v":"UJuni"},{"$i":"month-6-short","$v":"UJulayi"},{"$i":"month-7-short","$v":"UAgasti"},{"$i":"month-8-short","$v":"USeptembha"},{"$i":"month-9-short","$v":"UOktobha"},{"$i":"month-10-short","$v":"UNovembha"},{"$i":"month-11-short","$v":"UDisembha"},{"$i":"minutes-ago-long","$v":{"few":[{"t":"idOrVar","v":"value"}," kwimizuzu edlulileyo"],"many":[{"t":"idOrVar","v":"value"}," kwimizuzu edlulileyo"],"other":[{"t":"idOrVar","v":"value"}," kwimizuzu edlulileyo"],"two":[{"t":"idOrVar","v":"value"}," kwimizuzu edlulileyo"],"one":"Kumzuzu odlulileyo","zero":"Ngoku nje"},"$x":[{"t":"idOrVar","v":"plural"},"value"]},{"$i":"hours-ago-long","$v":{"few":[{"t":"idOrVar","v":"value"}," kwiiyure ezidlulileyo"],"many":[{"t":"idOrVar","v":"value"}," kwiiyure ezidlulileyo"],"other":[{"t":"idOrVar","v":"value"}," kwiiyure ezidlulileyo"],"two":[{"t":"idOrVar","v":"value"}," kwiiyure ezidlulileyo"],"one":"Kwiyure enye edlulileyo","zero":"Ngoku nje"},"$x":[{"t":"idOrVar","v":"plural"},"value"]},{"$i":"days-ago-long","$v":{"few":[{"t":"idOrVar","v":"value"}," kwiimini ezidlulileyo"],"many":[{"t":"idOrVar","v":"value"}," kwiimini ezidlulileyo"],"one":"Izolo","other":[{"t":"idOrVar","v":"value"}," kwiimini ezidlulileyo"],"two":[{"t":"idOrVar","v":"value"}," kwiimini ezidlulileyo"],"zero":"Namhlanje"},"$x":[{"t":"idOrVar","v":"plural"},"value"]},{"$i":"weeks-ago-long","$v":{"few":[{"t":"idOrVar","v":"value"}," ngeeveki ezadlulayo"],"many":[{"t":"idOrVar","v":"value"}," ngeeveki ezadlulayo"],"one":"Kwiveki edlulileyo","other":[{"t":"idOrVar","v":"value"}," ngeeveki ezadlulayo"],"two":[{"t":"idOrVar","v":"value"}," ngeeveki ezadlulayo"],"zero":"Kule veki"},"$x":[{"t":"idOrVar","v":"plural"},"value"]},{"$i":"months-ago-long","$v":{"few":[{"t":"idOrVar","v":"value"}," kwiinyanga ezadlulayo"],"many":[{"t":"idOrVar","v":"value"}," kwiinyanga ezadlulayo"],"one":"Kwinyanga enye edlulileyo","other":[{"t":"idOrVar","v":"value"}," kwiinyanga ezadlulayo"],"two":[{"t":"idOrVar","v":"value"}," kwiinyanga ezadlulayo"],"zero":"Kule nyanga"},"$x":[{"t":"idOrVar","v":"plural"},"value"]},{"$i":"years-ago-long","$v":{"few":[{"t":"idOrVar","v":"value"}," kwiminyaka eyadlulayo"],"many":[{"t":"idOrVar","v":"value"}," kwiminyaka eyadlulayo"],"one":"Kunyaka ophelileyo","other":[{"t":"idOrVar","v":"value"}," kwiminyaka eyadlulayo"],"two":[{"t":"idOrVar","v":"value"}," kwiminyaka eyadlulayo"],"zero":"Kulo nyaka"},"$x":[{"t":"idOrVar","v":"plural"},"value"]},{"$i":"minutes-until-long","$v":{"few":["Ngaphakathi ",{"t":"idOrVar","v":"value"}," imizuzu"],"many":["Ngaphakathi ",{"t":"idOrVar","v":"value"}," imizuzu"],"other":["Ngaphakathi ",{"t":"idOrVar","v":"value"}," imizuzu"],"two":["Ngaphakathi ",{"t":"idOrVar","v":"value"}," imizuzu"],"zero":"Ngoku","one":"Ngomzuzu olandelayo"},"$x":[{"t":"idOrVar","v":"plural"},"value"]},{"$i":"hours-until-long","$v":{"few":["Ngaphakathi ",{"t":"idOrVar","v":"value"}," iiyure"],"many":["Ngaphakathi ",{"t":"idOrVar","v":"value"}," iiyure"],"other":["Ngaphakathi ",{"t":"idOrVar","v":"value"}," iiyure"],"two":["Ngaphakathi ",{"t":"idOrVar","v":"value"}," iiyure"],"zero":"Ngoku","one":"Kwiyure enye ezayo"},"$x":[{"t":"idOrVar","v":"plural"},"value"]},{"$i":"days-until-long","$v":{"few":["Ngaphakathi ",{"t":"idOrVar","v":"value"}," iimini"],"many":["Ngaphakathi ",{"t":"idOrVar","v":"value"}," iimini"],"one":"Ngomso","other":["Ngaphakathi ",{"t":"idOrVar","v":"value"}," iimini"],"two":["Ngaphakathi ",{"t":"idOrVar","v":"value"}," iimini"],"zero":"Namhlanje"},"$x":[{"t":"idOrVar","v":"plural"},"value"]},{"$i":"weeks-until-long","$v":{"few":["Ngaphakathi ",{"t":"idOrVar","v":"value"}," iiveki"],"many":["Ngaphakathi ",{"t":"idOrVar","v":"value"}," iiveki"],"one":"Kwiveki ezayo","other":["Ngaphakathi ",{"t":"idOrVar","v":"value"}," iiveki"],"two":["Ngaphakathi ",{"t":"idOrVar","v":"value"}," iiveki"],"zero":"Kule veki"},"$x":[{"t":"idOrVar","v":"plural"},"value"]},{"$i":"months-until-long","$v":{"few":["Ngaphakathi ",{"t":"idOrVar","v":"value"}," iinyanga"],"many":["Ngaphakathi ",{"t":"idOrVar","v":"value"}," iinyanga"],"one":"Kwinyanga elandelayo","other":["Ngaphakathi ",{"t":"idOrVar","v":"value"}," iinyanga"],"two":["Ngaphakathi ",{"t":"idOrVar","v":"value"}," iinyanga"],"zero":"Kule nyanga"},"$x":[{"t":"idOrVar","v":"plural"},"value"]},{"$i":"years-until-long","$v":{"few":["Ngaphakathi ",{"t":"idOrVar","v":"value"}," iminyaka"],"many":["Ngaphakathi ",{"t":"idOrVar","v":"value"}," iminyaka"],"one":"Kunyaka ozayo","other":["Ngaphakathi ",{"t":"idOrVar","v":"value"}," iminyaka"],"two":["Ngaphakathi ",{"t":"idOrVar","v":"value"}," iminyaka"],"zero":"Kulo nyaka"},"$x":[{"t":"idOrVar","v":"plural"},"value"]},{"$i":"minutes-ago-short","$v":{"other":[{"t":"idOrVar","v":"value"}," kwimizuzu edlulileyo"],"zero":"Ngoku nje"},"$x":[{"t":"idOrVar","v":"plural"},"value"]},{"$i":"hours-ago-short","$v":{"other":[{"t":"idOrVar","v":"value"}," kwiiyure ezidlulileyo"],"zero":"Ngoku nje"},"$x":[{"t":"idOrVar","v":"plural"},"value"]},{"$i":"days-ago-short","$v":{"other":[{"t":"idOrVar","v":"value"}," kwiimini ezidlulileyo"],"zero":"Namhlanje"},"$x":[{"t":"idOrVar","v":"plural"},"value"]},{"$i":"minutes-until-short","$v":{"other":["Ngaphakathi ",{"t":"idOrVar","v":"value"}," imizuzu"],"zero":"Ngoku"},"$x":[{"t":"idOrVar","v":"plural"},"value"]},{"$i":"hours-until-short","$v":{"other":["Ngaphakathi ",{"t":"idOrVar","v":"value"}," iiyure"],"zero":"Ngoku"},"$x":[{"t":"idOrVar","v":"plural"},"value"]},{"$i":"days-until-short","$v":{"other":["Ngaphakathi ",{"t":"idOrVar","v":"value"}," iimini"],"zero":"Namhlanje"},"$x":[{"t":"idOrVar","v":"plural"},"value"]},{"$i":"incorrectDate","$v":"(umhla awuchananga)"},{"$i":"dateTimeFormat_%c","$v":"%a %b %e %Y %I:%M:%S %p"},{"$i":"dateTimeFormat_%x","$v":"%I:%M:%S %p"},{"$i":"dateTimeFormat_%X","$v":"%I:%M:%S %p"},{"$i":"shortTimeFormat","$v":"%I:%M %p"},{"$i":"shortTimeFormat12","$v":"%I:%M %p"},{"$i":"shortTimeFormat24","$v":"%H:%M"},{"$i":"shortDateTimeFormat","$v":"%x %I:%M %p"},{"$i":"weekStartsOnMonday","$v":"0.0"},{"$i":"firstDayOfTheWeek","$v":"0.0"},{"$i":"time_am","$v":"AM"},{"$i":"time_pm","$v":"PM"}]