[{"$i":"loading-prompt","$v":"載入中…"},{"$i":"header-title","$v":"軟體更新"},{"$i":"settings-title","$v":"軟體更新設定"},{"$i":"settings-auto-update","$v":"自動更新"},{"$i":"settings-auto-update-none","$v":"無"},{"$i":"settings-auto-update-daily","$v":"每日"},{"$i":"settings-auto-update-weekly","$v":"每週"},{"$i":"settings-auto-update-monthly","$v":"每月"},{"$i":"settings-download-via","$v":"下載方式"},{"$i":"settings-download-via-wifi-mob","$v":"Wi-Fi或行動網路"},{"$i":"settings-download-via-wifionly","$v":"僅Wi-Fi"},{"$i":"checking-for-update","$v":"正在檢查更新…"},{"$i":"please-wait","$v":"請稍候"},{"$i":"downloading-update","$v":"正在下載更新..."},{"$i":"install-prompt","$v":"更新已下載。"},{"$i":"release-notes","$v":"版本說明"},{"$i":"release-notes-label","$v":"版本說明"},{"$i":"software-update-available","$v":"軟體更新可用。"},{"$i":"software-up-to-date","$v":"您的軟體為最新版本。"},{"$i":"check","$v":"檢查更新"},{"$i":"install","$v":"安裝"},{"$i":"download","$v":"下載"},{"$i":"options","$v":"選項"},{"$i":"settings","$v":"設定"},{"$i":"select","$v":"選取"},{"$i":"stop","$v":"停止"},{"$i":"cancel","$v":"取消"},{"$i":"ok","$v":"確認"},{"$i":"current-version-label","$v":"目前版本："},{"$i":"update-version-label","$v":"更新版本："},{"$i":"size-label","$v":"大小："},{"$i":"last-check-label","$v":"上次檢查更新時間："},{"$i":"date-label","$v":"日期："},{"$i":"version-label","$v":"版本："},{"$i":"software-download-failed","$v":"軟體下載失敗。"},{"$i":"engine-start-failed","$v":"FOTA引擎啟動失敗！"},{"$i":"engine-check-failed","$v":"更新檢查失敗。"},{"$i":"engine-download-failed","$v":"軟體下載失敗。"},{"$i":"engine-install-failed","$v":"這次下載出了點問題，請再試一次。"},{"$i":"bizlogic-no-network","$v":"無網路連線。"},{"$i":"bizlogic-network-type","$v":"連接至Wi-Fi，然後再試一次。"},{"$i":"bizlogic-free-space","$v":["清理儲存空間或插入至少包含",{"t":"idOrVar","v":"n"},"MB可用空間的SD卡，然後再試一次。"]},{"$i":"bizlogic-install-free-space","$v":["請確認至少有",{"t":"idOrVar","v":"n"},"MB的可用儲存空間，然後再試一次。"]},{"$i":"bizlogic-battery","$v":"請確認電池電量至少為30%，然後再試一次。"},{"$i":"bizlogic-insert-sd","$v":["插入至少包含",{"t":"idOrVar","v":"n"}," MB可用空間的SD卡，然後再試一次。"]},{"$i":"config-downloadvia-mobile-warning","$v":"透過行動網路下載時，可能會產生其他費用。"},{"$i":"verify-update","$v":"正在驗證更新..."},{"$i":"verify-failed","$v":"這次下載出了點問題，請再試一次。"},{"$i":"weekday-0-long","$v":"星期日"},{"$i":"weekday-1-long","$v":"星期一"},{"$i":"weekday-2-long","$v":"星期二"},{"$i":"weekday-3-long","$v":"星期三"},{"$i":"weekday-4-long","$v":"星期四"},{"$i":"weekday-5-long","$v":"星期五"},{"$i":"weekday-6-long","$v":"星期六"},{"$i":"weekday-0-short","$v":"周日"},{"$i":"weekday-1-short","$v":"周一"},{"$i":"weekday-2-short","$v":"周二"},{"$i":"weekday-3-short","$v":"周三"},{"$i":"weekday-4-short","$v":"周四"},{"$i":"weekday-5-short","$v":"周五"},{"$i":"weekday-6-short","$v":"周六"},{"$i":"month-0-long","$v":"一月"},{"$i":"month-1-long","$v":"二月"},{"$i":"month-2-long","$v":"三月"},{"$i":"month-3-long","$v":"四月"},{"$i":"month-4-long","$v":"五月"},{"$i":"month-5-long","$v":"六月"},{"$i":"month-6-long","$v":"七月"},{"$i":"month-7-long","$v":"八月"},{"$i":"month-8-long","$v":"九月"},{"$i":"month-9-long","$v":"十月"},{"$i":"month-10-long","$v":"十一月"},{"$i":"month-11-long","$v":"十二月"},{"$i":"month-0-genitive","$v":"一月"},{"$i":"month-1-genitive","$v":"二月"},{"$i":"month-2-genitive","$v":"三月"},{"$i":"month-3-genitive","$v":"四月"},{"$i":"month-4-genitive","$v":"五月"},{"$i":"month-5-genitive","$v":"六月"},{"$i":"month-6-genitive","$v":"七月"},{"$i":"month-7-genitive","$v":"八月"},{"$i":"month-8-genitive","$v":"九月"},{"$i":"month-9-genitive","$v":"十月"},{"$i":"month-10-genitive","$v":"十一月"},{"$i":"month-11-genitive","$v":"十二月"},{"$i":"month-0-short","$v":"1月"},{"$i":"month-1-short","$v":"2月"},{"$i":"month-2-short","$v":"3月"},{"$i":"month-3-short","$v":"4月"},{"$i":"month-4-short","$v":"5月"},{"$i":"month-5-short","$v":"6月"},{"$i":"month-6-short","$v":"7月"},{"$i":"month-7-short","$v":"8月"},{"$i":"month-8-short","$v":"9月"},{"$i":"month-9-short","$v":"10月"},{"$i":"month-10-short","$v":"11月"},{"$i":"month-11-short","$v":"12月"},{"$i":"minutes-ago-long","$v":{"few":[{"t":"idOrVar","v":"value"},"分鐘前"],"many":[{"t":"idOrVar","v":"value"},"分鐘前"],"other":[{"t":"idOrVar","v":"value"},"分鐘前"],"two":[{"t":"idOrVar","v":"value"},"分鐘前"],"one":"一分鐘前","zero":"現在"},"$x":[{"t":"idOrVar","v":"plural"},"value"]},{"$i":"hours-ago-long","$v":{"few":[{"t":"idOrVar","v":"value"},"小時前"],"many":[{"t":"idOrVar","v":"value"},"小時前"],"other":[{"t":"idOrVar","v":"value"},"小時前"],"two":[{"t":"idOrVar","v":"value"},"小時前"],"one":"1小時前","zero":"現在"},"$x":[{"t":"idOrVar","v":"plural"},"value"]},{"$i":"days-ago-long","$v":{"few":[{"t":"idOrVar","v":"value"},"天前"],"many":[{"t":"idOrVar","v":"value"},"天前"],"one":"昨天","other":[{"t":"idOrVar","v":"value"},"天前"],"two":[{"t":"idOrVar","v":"value"},"天前"],"zero":"今天"},"$x":[{"t":"idOrVar","v":"plural"},"value"]},{"$i":"weeks-ago-long","$v":{"few":[{"t":"idOrVar","v":"value"},"星期前"],"many":[{"t":"idOrVar","v":"value"},"星期前"],"one":"上週","other":[{"t":"idOrVar","v":"value"},"星期前"],"two":[{"t":"idOrVar","v":"value"},"星期前"],"zero":"本週"},"$x":[{"t":"idOrVar","v":"plural"},"value"]},{"$i":"months-ago-long","$v":{"few":[{"t":"idOrVar","v":"value"},"個月前"],"many":[{"t":"idOrVar","v":"value"},"個月前"],"one":"上個月","other":[{"t":"idOrVar","v":"value"},"個月前"],"two":[{"t":"idOrVar","v":"value"},"個月前"],"zero":"本月"},"$x":[{"t":"idOrVar","v":"plural"},"value"]},{"$i":"years-ago-long","$v":{"few":[{"t":"idOrVar","v":"value"},"年前"],"many":[{"t":"idOrVar","v":"value"},"年前"],"one":"上一年","other":[{"t":"idOrVar","v":"value"},"年前"],"two":[{"t":"idOrVar","v":"value"},"年前"],"zero":"今年"},"$x":[{"t":"idOrVar","v":"plural"},"value"]},{"$i":"minutes-until-long","$v":{"few":["在",{"t":"idOrVar","v":"value"},"分鐘後"],"many":["在",{"t":"idOrVar","v":"value"},"分鐘後"],"other":["在",{"t":"idOrVar","v":"value"},"分鐘後"],"two":["在",{"t":"idOrVar","v":"value"},"分鐘後"],"zero":"現在","one":"1分鐘內"},"$x":[{"t":"idOrVar","v":"plural"},"value"]},{"$i":"hours-until-long","$v":{"few":["在",{"t":"idOrVar","v":"value"},"小時後"],"many":["在",{"t":"idOrVar","v":"value"},"小時後"],"other":["在",{"t":"idOrVar","v":"value"},"小時後"],"two":[{"t":"idOrVar","v":"value"},"小時"],"zero":"現在","one":"1小時內"},"$x":[{"t":"idOrVar","v":"plural"},"value"]},{"$i":"days-until-long","$v":{"few":["在",{"t":"idOrVar","v":"value"},"天後"],"many":["在",{"t":"idOrVar","v":"value"},"天後"],"one":"明天","other":["在",{"t":"idOrVar","v":"value"},"天後"],"two":["在",{"t":"idOrVar","v":"value"},"天後"],"zero":"今天"},"$x":[{"t":"idOrVar","v":"plural"},"value"]},{"$i":"weeks-until-long","$v":{"few":["在",{"t":"idOrVar","v":"value"},"週後"],"many":["在",{"t":"idOrVar","v":"value"},"週後"],"one":"下週","other":["在",{"t":"idOrVar","v":"value"},"週後"],"two":["在",{"t":"idOrVar","v":"value"},"週後"],"zero":"本週"},"$x":[{"t":"idOrVar","v":"plural"},"value"]},{"$i":"months-until-long","$v":{"few":["在",{"t":"idOrVar","v":"value"},"個月後"],"many":["在",{"t":"idOrVar","v":"value"},"個月後"],"one":"下個月","other":["在",{"t":"idOrVar","v":"value"},"個月後"],"two":["在",{"t":"idOrVar","v":"value"},"個月後"],"zero":"本月"},"$x":[{"t":"idOrVar","v":"plural"},"value"]},{"$i":"years-until-long","$v":{"few":["在",{"t":"idOrVar","v":"value"},"年後"],"many":["在",{"t":"idOrVar","v":"value"},"年後"],"one":"明年","other":["在",{"t":"idOrVar","v":"value"},"年後"],"two":["在",{"t":"idOrVar","v":"value"},"年後"],"zero":"今年"},"$x":[{"t":"idOrVar","v":"plural"},"value"]},{"$i":"minutes-ago-short","$v":{"other":[{"t":"idOrVar","v":"value"},"分鐘前"],"zero":"現在"},"$x":[{"t":"idOrVar","v":"plural"},"value"]},{"$i":"hours-ago-short","$v":{"other":[{"t":"idOrVar","v":"value"},"小時前"],"zero":"現在"},"$x":[{"t":"idOrVar","v":"plural"},"value"]},{"$i":"days-ago-short","$v":{"other":[{"t":"idOrVar","v":"value"},"天前"],"zero":"今天"},"$x":[{"t":"idOrVar","v":"plural"},"value"]},{"$i":"minutes-until-short","$v":{"other":["在",{"t":"idOrVar","v":"value"},"分鐘後"],"zero":"現在"},"$x":[{"t":"idOrVar","v":"plural"},"value"]},{"$i":"hours-until-short","$v":{"other":["在",{"t":"idOrVar","v":"value"},"小時後"],"zero":"現在"},"$x":[{"t":"idOrVar","v":"plural"},"value"]},{"$i":"days-until-short","$v":{"other":["在",{"t":"idOrVar","v":"value"},"天後"],"zero":"今天"},"$x":[{"t":"idOrVar","v":"plural"},"value"]},{"$i":"incorrectDate","$v":"(日期不正確)"},{"$i":"dateTimeFormat_%c","$v":"%a %b %e %Y %I:%M:%S %p"},{"$i":"dateTimeFormat_%x","$v":"%m/%d/%Y"},{"$i":"dateTimeFormat_%X","$v":"%p %I:%M:%S"},{"$i":"shortTimeFormat","$v":"%I:%M %p"},{"$i":"shortTimeFormat12","$v":"%I:%M %p"},{"$i":"shortTimeFormat24","$v":"%H:%M"},{"$i":"shortDateTimeFormat","$v":"%x %I:%M %p"},{"$i":"weekStartsOnMonday","$v":"0.0"},{"$i":"firstDayOfTheWeek","$v":"0.0"},{"$i":"time_am","$v":"上午"},{"$i":"time_pm","$v":"下午"}]