[{"$i":"loading-prompt","$v":"Iyalowuda..."},{"$i":"header-title","$v":"Ukuthuthukiswa Kwesofthiwe"},{"$i":"settings-title","$v":"Amasethingi Okuthuthukiswa Kwesofthiwe"},{"$i":"settings-auto-update","$v":"Ukuthuthukiswa Okuzenzakalelayo"},{"$i":"settings-auto-update-none","$v":"Lutho"},{"$i":"settings-auto-update-daily","$v":"Nsuku zonke"},{"$i":"settings-auto-update-weekly","$v":"Njalo ngeviki"},{"$i":"settings-auto-update-monthly","$v":"Nyanga zonke"},{"$i":"settings-download-via","$v":"Dawuniloda nge"},{"$i":"settings-download-via-wifi-mob","$v":"I-Wi-Fi noma inethiwekhi yemobhayili"},{"$i":"settings-download-via-wifionly","$v":"I-Wi-Fi kuphela"},{"$i":"checking-for-update","$v":"Ihlola okuthuthukisiwe..."},{"$i":"please-wait","$v":"Sicela ulinde"},{"$i":"downloading-update","$v":"Idawuniloda okuthuthukisiwe..."},{"$i":"install-prompt","$v":"Okokubuyekeza kudawunilodiwe."},{"$i":"release-notes","$v":"Khulula Amanothi"},{"$i":"release-notes-label","$v":"Khulula Amanothi"},{"$i":"software-update-available","$v":"Ukuthuthukiswa Kwesofthiwe kuyatholakala."},{"$i":"software-up-to-date","$v":"Isofthiwe yakho inokwakamuva."},{"$i":"check","$v":"Hlola okuthuthukisiwe"},{"$i":"install","$v":"Faka"},{"$i":"download","$v":"Dawuniloda"},{"$i":"options","$v":"Okhetha kukho"},{"$i":"settings","$v":"Amasethingi"},{"$i":"select","$v":"Khetha"},{"$i":"stop","$v":"Yima"},{"$i":"cancel","$v":"Khansela"},{"$i":"ok","$v":"KULUNGILE"},{"$i":"current-version-label","$v":"Uhlelo olukhona manje"},{"$i":"update-version-label","$v":"Uhlelo Lokuthuthukisa:"},{"$i":"size-label","$v":"Usayizi:"},{"$i":"last-check-label","$v":"Isikhathi  ogcine ngaso uhlola okuthuthukisiwe:"},{"$i":"date-label","$v":"Usuku:"},{"$i":"version-label","$v":"Uhlelo:"},{"$i":"software-download-failed","$v":"Ukudawuniloda Isofthiwe kuhlulekile."},{"$i":"engine-start-failed","$v":"Ukuqala Kwenjini YeFOTA kuhlulekile!"},{"$i":"engine-check-failed","$v":"Ukuhlola ukuthuthukiswa kuhlulekile."},{"$i":"engine-download-failed","$v":"Ukudawuniloda Isofthiwe kuhlulekile."},{"$i":"engine-install-failed","$v":"Kukhona okungahambanga kahle ngalokhu kudawuniloda, sicela uzame futhi."},{"$i":"bizlogic-no-network","$v":"Alukho uxhumano lwenethiwekhi."},{"$i":"bizlogic-network-type","$v":"Xhuma ku-Wi-Fi bese uyazama futhi."},{"$i":"bizlogic-free-space","$v":["Hlanza istoreji noma ufake ikhadi le-SD okungenani elinesikhala esingu ",{"t":"idOrVar","v":"n"},"MB esikhululekile uphinde uzame."]},{"$i":"bizlogic-install-free-space","$v":["Qiniseksa ukuthi isitoreji okungenani sino-",{"t":"idOrVar","v":"n"},"MB wesikhala esikhululekile bese uyazama futhi."]},{"$i":"bizlogic-battery","$v":"Qinisekisa ukuthi ibhethri okungenani lingu-30% bese uyazama futhi."},{"$i":"bizlogic-insert-sd","$v":["Faka i-SD khadi okungenani elinesikhala esingu ",{"t":"idOrVar","v":"n"},"MB esikhululekile bese uphinde uzame."]},{"$i":"config-downloadvia-mobile-warning","$v":"Uma ilanda ngenethiwekhi yeselula, izindleko ezingeziwe zingasebenza."},{"$i":"verify-update","$v":"Iqinisekisa Isibuyekezo ..."},{"$i":"verify-failed","$v":"Kukhona okungahambanga kahle ngalokhu kudawuniloda, sicela uzame futhi."},{"$i":"weekday-0-long","$v":"ISonto"},{"$i":"weekday-1-long","$v":"UMsombuluko"},{"$i":"weekday-2-long","$v":"ULwesibili"},{"$i":"weekday-3-long","$v":"ULwesithathu"},{"$i":"weekday-4-long","$v":"ULwesine"},{"$i":"weekday-5-long","$v":"ULwesihlanu"},{"$i":"weekday-6-long","$v":"UMgqibelo"},{"$i":"weekday-0-short","$v":"Isonto"},{"$i":"weekday-1-short","$v":"Mso"},{"$i":"weekday-2-short","$v":"Lwbl"},{"$i":"weekday-3-short","$v":"Lwth"},{"$i":"weekday-4-short","$v":"Lwesn"},{"$i":"weekday-5-short","$v":"Lwshl"},{"$i":"weekday-6-short","$v":"Mgq"},{"$i":"month-0-long","$v":"Januwari"},{"$i":"month-1-long","$v":"Febhuwari"},{"$i":"month-2-long","$v":"Mashi"},{"$i":"month-3-long","$v":"Ephreli"},{"$i":"month-4-long","$v":"Meyi"},{"$i":"month-5-long","$v":"Juni"},{"$i":"month-6-long","$v":"Julayi"},{"$i":"month-7-long","$v":"Agasti"},{"$i":"month-8-long","$v":"Septhemba"},{"$i":"month-9-long","$v":"Okthoba"},{"$i":"month-10-long","$v":"Novemba"},{"$i":"month-11-long","$v":"Disemba"},{"$i":"month-0-genitive","$v":"Januwari"},{"$i":"month-1-genitive","$v":"Febhuwari"},{"$i":"month-2-genitive","$v":"Mashi"},{"$i":"month-3-genitive","$v":"Ephreli"},{"$i":"month-4-genitive","$v":"Meyi"},{"$i":"month-5-genitive","$v":"Juni"},{"$i":"month-6-genitive","$v":"Julayi"},{"$i":"month-7-genitive","$v":"Agasti"},{"$i":"month-8-genitive","$v":"Septhemba"},{"$i":"month-9-genitive","$v":"Okthoba"},{"$i":"month-10-genitive","$v":"Novemba"},{"$i":"month-11-genitive","$v":"Disemba"},{"$i":"month-0-short","$v":"Jan"},{"$i":"month-1-short","$v":"Feb"},{"$i":"month-2-short","$v":"Mas"},{"$i":"month-3-short","$v":"Ephr"},{"$i":"month-4-short","$v":"Meyi"},{"$i":"month-5-short","$v":"Jun"},{"$i":"month-6-short","$v":"Jul"},{"$i":"month-7-short","$v":"Aga"},{"$i":"month-8-short","$v":"Sep"},{"$i":"month-9-short","$v":"Okt"},{"$i":"month-10-short","$v":"Nov"},{"$i":"month-11-short","$v":"Dis"},{"$i":"minutes-ago-long","$v":{"few":[{"t":"idOrVar","v":"value"}," imizuzu edlule"],"many":[{"t":"idOrVar","v":"value"}," imizuzu edlule"],"other":[{"t":"idOrVar","v":"value"}," imizuzu edlule"],"two":[{"t":"idOrVar","v":"value"}," imizuzu edlule"],"one":"Umzuzu odlule","zero":"Manje"},"$x":[{"t":"idOrVar","v":"plural"},"value"]},{"$i":"hours-ago-long","$v":{"few":[{"t":"idOrVar","v":"value"}," amahora adlule"],"many":[{"t":"idOrVar","v":"value"}," amahora adlule"],"other":[{"t":"idOrVar","v":"value"}," amahora adlule"],"two":[{"t":"idOrVar","v":"value"}," amahora adlule"],"one":"ihora elidlule","zero":"Manje"},"$x":[{"t":"idOrVar","v":"plural"},"value"]},{"$i":"days-ago-long","$v":{"few":[{"t":"idOrVar","v":"value"}," izinsuku ezidlule"],"many":[{"t":"idOrVar","v":"value"}," izinsuku ezidlule"],"one":"izolo","other":[{"t":"idOrVar","v":"value"}," izinsuku ezidlule"],"two":[{"t":"idOrVar","v":"value"}," izinsuku ezidlule"],"zero":"namuhla"},"$x":[{"t":"idOrVar","v":"plural"},"value"]},{"$i":"weeks-ago-long","$v":{"few":[{"t":"idOrVar","v":"value"}," amaviki adlule"],"many":[{"t":"idOrVar","v":"value"}," amaviki adlule"],"one":"iviki eledlule","other":[{"t":"idOrVar","v":"value"}," amaviki adlule"],"two":[{"t":"idOrVar","v":"value"}," amaviki adlule"],"zero":"kuleli viki"},"$x":[{"t":"idOrVar","v":"plural"},"value"]},{"$i":"months-ago-long","$v":{"few":[{"t":"idOrVar","v":"value"}," izinyanga ezidlule"],"many":[{"t":"idOrVar","v":"value"}," izinyanga ezidlule"],"one":"inyanga edlule","other":[{"t":"idOrVar","v":"value"}," izinyanga ezidlule"],"two":[{"t":"idOrVar","v":"value"}," izinyanga ezidlule"],"zero":"kule nyanga"},"$x":[{"t":"idOrVar","v":"plural"},"value"]},{"$i":"years-ago-long","$v":{"few":[{"t":"idOrVar","v":"value"}," iminyaka edlule"],"many":[{"t":"idOrVar","v":"value"}," iminyaka edlule"],"one":"ngonyaka odlule","other":[{"t":"idOrVar","v":"value"}," iminyaka edlule"],"two":[{"t":"idOrVar","v":"value"}," iminyaka edlule"],"zero":"kulo nyaka"},"$x":[{"t":"idOrVar","v":"plural"},"value"]},{"$i":"minutes-until-long","$v":{"few":["emizuzwini engu ",{"t":"idOrVar","v":"value"}],"many":["emizuzwini engu ",{"t":"idOrVar","v":"value"}],"other":["emizuzwini engu ",{"t":"idOrVar","v":"value"}],"two":["emizuzwini engu ",{"t":"idOrVar","v":"value"}],"zero":"manje","one":"Ngemva komzuzu"},"$x":[{"t":"idOrVar","v":"plural"},"value"]},{"$i":"hours-until-long","$v":{"few":["emahoreni angu ",{"t":"idOrVar","v":"value"}],"many":["emahoreni angu ",{"t":"idOrVar","v":"value"}],"other":["emahoreni angu ",{"t":"idOrVar","v":"value"}],"two":["emahoreni angu ",{"t":"idOrVar","v":"value"}],"zero":"manje","one":"Ngemva kwehora"},"$x":[{"t":"idOrVar","v":"plural"},"value"]},{"$i":"days-until-long","$v":{"few":["Ezinsukwini ezingu ",{"t":"idOrVar","v":"value"}],"many":["Ezinsukwini ezingu ",{"t":"idOrVar","v":"value"}],"one":"kusasa","other":["Ezinsukwini ezingu ",{"t":"idOrVar","v":"value"}],"two":["Ezinsukwini ezingu ",{"t":"idOrVar","v":"value"}],"zero":"namuhla"},"$x":[{"t":"idOrVar","v":"plural"},"value"]},{"$i":"weeks-until-long","$v":{"few":["emavikini angu ",{"t":"idOrVar","v":"value"}],"many":["emavikini angu ",{"t":"idOrVar","v":"value"}],"one":"ngeviki elizayo","other":["emavikini angu ",{"t":"idOrVar","v":"value"}],"two":["emavikini angu ",{"t":"idOrVar","v":"value"}],"zero":"kuleli viki"},"$x":[{"t":"idOrVar","v":"plural"},"value"]},{"$i":"months-until-long","$v":{"few":["ezinyangeni ezingu ",{"t":"idOrVar","v":"value"}],"many":["ezinyangeni ezingu ",{"t":"idOrVar","v":"value"}],"one":"ngenyanga ezayo","other":["ezinyangeni ezingu ",{"t":"idOrVar","v":"value"}],"two":["ezinyangeni ezingu ",{"t":"idOrVar","v":"value"}],"zero":"kule nyanga"},"$x":[{"t":"idOrVar","v":"plural"},"value"]},{"$i":"years-until-long","$v":{"few":["eminyakeni engu ",{"t":"idOrVar","v":"value"}],"many":["eminyakeni engu ",{"t":"idOrVar","v":"value"}],"one":"ngonyaka ozayo","other":["eminyakeni engu ",{"t":"idOrVar","v":"value"}],"two":["eminyakeni engu ",{"t":"idOrVar","v":"value"}],"zero":"kulo nyaka"},"$x":[{"t":"idOrVar","v":"plural"},"value"]},{"$i":"minutes-ago-short","$v":{"other":[{"t":"idOrVar","v":"value"}," umzuzu odlule"],"zero":"Manje"},"$x":[{"t":"idOrVar","v":"plural"},"value"]},{"$i":"hours-ago-short","$v":{"other":[{"t":"idOrVar","v":"value"}," ihora elidlule"],"zero":"Manje"},"$x":[{"t":"idOrVar","v":"plural"},"value"]},{"$i":"days-ago-short","$v":{"other":[{"t":"idOrVar","v":"value"}," usuku oludlule"],"zero":"namuhla"},"$x":[{"t":"idOrVar","v":"plural"},"value"]},{"$i":"minutes-until-short","$v":{"other":["Ngemva kwemizuzu engu ",{"t":"idOrVar","v":"value"}],"zero":"manje"},"$x":[{"t":"idOrVar","v":"plural"},"value"]},{"$i":"hours-until-short","$v":{"other":["Ngehora ",{"t":"idOrVar","v":"value"}],"zero":"manje"},"$x":[{"t":"idOrVar","v":"plural"},"value"]},{"$i":"days-until-short","$v":{"other":["osukwini ",{"t":"idOrVar","v":"value"}],"zero":"namuhla"},"$x":[{"t":"idOrVar","v":"plural"},"value"]},{"$i":"incorrectDate","$v":"(Usuku olunganembile)"},{"$i":"dateTimeFormat_%c","$v":"%a %b %e %Y %I:%M:%S %p"},{"$i":"dateTimeFormat_%x","$v":"%m/%d/%Y"},{"$i":"dateTimeFormat_%X","$v":"%I:%M:%S %p"},{"$i":"shortTimeFormat","$v":"%I:%M %p"},{"$i":"shortTimeFormat12","$v":"%I:%M %p"},{"$i":"shortTimeFormat24","$v":"%H:%M"},{"$i":"shortDateTimeFormat","$v":"%x %I:%M %p"},{"$i":"weekStartsOnMonday","$v":"0.0"},{"$i":"firstDayOfTheWeek","$v":"0.0"},{"$i":"time_am","$v":"AM"},{"$i":"time_pm","$v":"PM"}]