[{"$i":"noAntenna","$v":"Prop ‘n kopstuk in"},{"$i":"noAntennaMsg","$v":"Prop oorfone in om radioseine te ontvang."},{"$i":"airplaneModeHeader","$v":"Vliegtuigmodus is aan"},{"$i":"airplaneModeMsg","$v":"Skakel vliegtuigmodus af om FM Radio te gebruik."},{"$i":"noFavoritelistMsg","$v":"Voeg gunsteling stasties hier by!"},{"$i":"scan-stations-msg","$v":"Skandeer vir alle beskikbare stasies?"},{"$i":"speaker-switch","ariaLabel":"Luidspreker"},{"$i":"bookmark-button","ariaLabel":"Gunsteling"},{"$i":"dialer-container","ariaLabel":"Frekwensie"},{"$i":"frequency-op-seekdown","ariaLabel":"Soek Af"},{"$i":"frequency-op-seekup","ariaLabel":"Soek Op"},{"$i":"power-switch-on","ariaLabel":"Aan"},{"$i":"power-switch-off","ariaLabel":"Af"},{"$i":"frequency-list-container","ariaLabel":"Gunsteling stasies"},{"$i":"kai-station-added","$v":"Stasie by Gunstelinge gevoeg"},{"$i":"kai-station-removed","$v":"Stasie van Gunstelinge verwyder"},{"$i":"kai-changes-saved","$v":"Veranderinge is gestoor"},{"$i":"kai-fm-radio","$v":"FM-radio"},{"$i":"kai-edit-favorites","$v":"Hernoem Stasie"},{"$i":"kai-all-stations","$v":"Alle Stasies"},{"$i":"kai-stations-scanning","$v":"Skandeer tans..."},{"$i":"kai-scanning-completed","$v":"Skandering is klaar"},{"$i":"kai-scanning-failed","$v":"Skandering het misluk"},{"$i":"kai-scanning-abort","$v":"Skandering gestaak"},{"$i":"options","$v":"Opsies"},{"$i":"stations-list-header","$v":"Stasies"},{"$i":"switchToHeadphones","$v":"Verander na oorfone"},{"$i":"switchToSpeaker","$v":"Skakel oor na luidspreker"},{"$i":"play","$v":"Speel"},{"$i":"pause","$v":"Onderbreek"},{"$i":"rename","$v":"Hernoem stasie"},{"$i":"cancel","$v":"Kanselleer"},{"$i":"unfavorite","$v":"Verwyder van gunstelinge"},{"$i":"add-to-favorites","$v":"Voeg by Gunstelinge"},{"$i":"edit-favorites","$v":"Wysig gunstelinge"},{"$i":"save","$v":"Stoor"},{"$i":"select","$v":"Kies"},{"$i":"settings","$v":"Instellings"},{"$i":"volume","$v":"Volume"},{"$i":"abort","$v":"Staak"},{"$i":"allstations","$v":"Stasies"},{"$i":"favorites","$v":"Gunstelinge"},{"$i":"scan-stations","$v":"Skandeer Stasies"},{"$i":"turn-on","$v":"Skakel aan"},{"$i":"turn-off","$v":"Skakel af"},{"$i":"ok","$v":"Goed"},{"$i":"default-ok","$v":"Goed"},{"$i":"save-ok","$v":"Goed"},{"$i":"station-renamed","$v":"Stasie herbenoem."},{"$i":"turning-on","$v":"Skakel tans aan ..."},{"$i":"not-now","$v":"Nie nou nie"},{"$i":"scan","$v":"Skandeer"},{"$i":"record","$v":"Neem op"},{"$i":"stop-recording","$v":"Staak opname"},{"$i":"my-recordings","$v":"My opnames"},{"$i":"no-sd-card-error","$v":"Voeg asseblief ’n SD-kaart in en stel verstek mediaberging op ekstern om op te neem."},{"$i":"not-default-external","$v":"Stel verstek mediaberging asseblief op ekstern om op te neem."},{"$i":"record-saved-success","$v":[{"t":"idOrVar","v":"name"}," gestoor na SD-kaart > FM Radio."]},{"$i":"sd-card-full","$v":"SD-kaart is vol. Skrap lêers in SD-kaart om spasie oop te maak."}]