[{"$i":"noAntenna","$v":"قم بتوصيل السماعة"},{"$i":"noAntennaMsg","$v":"راديو FM يحتاج إلى سماعات متصلة لاستقبال إشارات الراديو."},{"$i":"airplaneModeHeader","$v":"وضع الطيران مفعل"},{"$i":"airplaneModeMsg","$v":"ألغِ وضع الطائرة لتستخدم الراديو."},{"$i":"noFavoritelistMsg","$v":"إضافة محطات المفضلة هنا!"},{"$i":"scan-stations-msg","$v":"البحث عن جميع المحطات المتوفره ؟"},{"$i":"speaker-switch","ariaLabel":"السماعة الخارجية"},{"$i":"bookmark-button","ariaLabel":"المفضلة"},{"$i":"dialer-container","ariaLabel":"التردد"},{"$i":"frequency-op-seekdown","ariaLabel":"البحث لأسفل"},{"$i":"frequency-op-seekup","ariaLabel":"البحث لأعلى"},{"$i":"power-switch-on","ariaLabel":"فعّال"},{"$i":"power-switch-off","ariaLabel":"غيرفعّال"},{"$i":"frequency-list-container","ariaLabel":"المحطات المفضلة"},{"$i":"kai-station-added","$v":"تمت إضافة المحطة إلى المفضلات"},{"$i":"kai-station-removed","$v":"تمت إزالة المحطة من المفضلات"},{"$i":"kai-changes-saved","$v":"تم حفظ التغييرات"},{"$i":"kai-fm-radio","$v":"راديو FM"},{"$i":"kai-edit-favorites","$v":"إعادة تسمية المحطة"},{"$i":"kai-all-stations","$v":"كل المحطات"},{"$i":"kai-stations-scanning","$v":"جار البحث..."},{"$i":"kai-scanning-completed","$v":"اكتمال المسح"},{"$i":"kai-scanning-failed","$v":"فشل المسح"},{"$i":"kai-scanning-abort","$v":"إيقاف المسح قبل اكتماله"},{"$i":"options","$v":"الخيارات"},{"$i":"stations-list-header","$v":"المحطات"},{"$i":"switchToHeadphones","$v":"تبديل إلى سماعات الرأس"},{"$i":"switchToSpeaker","$v":"تبديل إلى السماعة الخارجية"},{"$i":"play","$v":"تشغيل"},{"$i":"pause","$v":"إيقاف مؤقت"},{"$i":"rename","$v":"إعادة تسمية المحطة"},{"$i":"cancel","$v":"ألغِ"},{"$i":"unfavorite","$v":"إزالة من المفضلات"},{"$i":"add-to-favorites","$v":"إضافة إلى المفضلات"},{"$i":"edit-favorites","$v":"تحرير المفضلات"},{"$i":"save","$v":"حفظ"},{"$i":"select","$v":"تحديد"},{"$i":"settings","$v":"الإعدادات"},{"$i":"volume","$v":"مستوى الصوت"},{"$i":"abort","$v":"إيقاف"},{"$i":"allstations","$v":"المحطات"},{"$i":"favorites","$v":"المفضلات"},{"$i":"scan-stations","$v":"بحث المحطات"},{"$i":"turn-on","$v":"تشغيل"},{"$i":"turn-off","$v":"إيقاف التشغيل"},{"$i":"ok","$v":"موافق"},{"$i":"default-ok","$v":"موافق"},{"$i":"save-ok","$v":"موافق"},{"$i":"station-renamed","$v":"تمت إعادة تسمية المحطة."},{"$i":"turning-on","$v":"جارٍ التشغيل..."},{"$i":"not-now","$v":"ليس الآن"},{"$i":"scan","$v":"بحث"},{"$i":"record","$v":"تسجيل"},{"$i":"stop-recording","$v":"إيقاف التسجيل"},{"$i":"my-recordings","$v":"تسجيلاتي"},{"$i":"no-sd-card-error","$v":"يُرجى إدخال بطاقة SD وتعيين وحدة تخزين الوسائط الافتراضية على خيار التسجيل الخارجي."},{"$i":"not-default-external","$v":"يرجى تعيين وحدة تخزين الوسائط الافتراضية للتسجيل الخارجي."},{"$i":"record-saved-success","$v":["تم حفظ ",{"t":"idOrVar","v":"name"}," إلى بطاقة SD > راديو FM."]},{"$i":"sd-card-full","$v":"بطاقة SD ممتلئة. احذف الملفات في بطاقة SD لتحرير مساحة."}]