[{"$i":"noAntenna","$v":"Уключыць гарнітуру"},{"$i":"noAntennaMsg","$v":"Радыё FM патрабуе падключанай гарнітуры, каб атрымліваць радыёсігналы."},{"$i":"airplaneModeHeader","$v":"Рэж. \"У самал.\" укл"},{"$i":"airplaneModeMsg","$v":"Выкл. рэжым \"У самалёце\", каб карыс. радыё FM."},{"$i":"noFavoritelistMsg","$v":"Дадайце абраныя станцыі сюды!"},{"$i":"scan-stations-msg","$v":"Шукаць усе даступныя станцыі?"},{"$i":"speaker-switch","ariaLabel":"Дынамік"},{"$i":"bookmark-button","ariaLabel":"Выбраны"},{"$i":"dialer-container","ariaLabel":"Частата"},{"$i":"frequency-op-seekdown","ariaLabel":"Пошук унізе"},{"$i":"frequency-op-seekup","ariaLabel":"Пошук зверху"},{"$i":"power-switch-on","ariaLabel":"Укл"},{"$i":"power-switch-off","ariaLabel":"выкл"},{"$i":"frequency-list-container","ariaLabel":"Абраныя станцыі"},{"$i":"kai-station-added","$v":"Станцыя дададзена ў абранае"},{"$i":"kai-station-removed","$v":"Станцыя выдаленая з абранага"},{"$i":"kai-changes-saved","$v":"Змены захаваны"},{"$i":"kai-fm-radio","$v":"Радыё FM"},{"$i":"kai-edit-favorites","$v":"Перайменаваць"},{"$i":"kai-all-stations","$v":"Усе станцыі"},{"$i":"kai-stations-scanning","$v":"Сканіраванне ..."},{"$i":"kai-scanning-completed","$v":"Сканіраванне завершана"},{"$i":"kai-scanning-failed","$v":"Сканаванне не атрымалася"},{"$i":"kai-scanning-abort","$v":"Сканаванне перапыніць"},{"$i":"options","$v":"Опцыі"},{"$i":"stations-list-header","$v":"Станцыі"},{"$i":"switchToHeadphones","$v":"Пераключыць на навушнікі"},{"$i":"switchToSpeaker","$v":"Перакл. на дынамік"},{"$i":"play","$v":"Прайграваць"},{"$i":"pause","$v":"Паўза"},{"$i":"rename","$v":"Перайменаваць"},{"$i":"cancel","$v":"Скасаваць"},{"$i":"unfavorite","$v":"Выдаліць з выбранага"},{"$i":"add-to-favorites","$v":"Дадаць у выбранае"},{"$i":"edit-favorites","$v":"Рэдагаваць выбранае"},{"$i":"save","$v":"Захаваць"},{"$i":"select","$v":"Выбраць"},{"$i":"settings","$v":"Настройкі"},{"$i":"volume","$v":"Гучнасць"},{"$i":"abort","$v":"Адмена"},{"$i":"allstations","$v":"Станцыі"},{"$i":"favorites","$v":"Абранае"},{"$i":"scan-stations","$v":"Сканаваць станцыі"},{"$i":"turn-on","$v":"Уключыць"},{"$i":"turn-off","$v":"Выключыць"},{"$i":"ok","$v":"ОК"},{"$i":"default-ok","$v":"OK"},{"$i":"save-ok","$v":"OK"},{"$i":"station-renamed","$v":"Станцыя перайменавана."},{"$i":"turning-on","$v":"Уключэнне..."},{"$i":"not-now","$v":"Не цяпер"},{"$i":"scan","$v":"Шукаць"},{"$i":"record","$v":"запіс"},{"$i":"stop-recording","$v":"спыніць запіс"},{"$i":"my-recordings","$v":"Мае запісы"},{"$i":"no-sd-card-error","$v":"Для запісу ўстаўце SD-картку і наладзьце стандартнае медыясховішча як знешняе."},{"$i":"not-default-external","$v":"Для запісу наладзьце стандартнае медыясховішча як знешняе."},{"$i":"record-saved-success","$v":["Файл «",{"t":"idOrVar","v":"name"},"» захаваны на SD-картку > FM радыё."]},{"$i":"sd-card-full","$v":"SD-карта поўная. Выдаліце ​​файлы на SD-карце, каб вызваліць месца."}]