[{"$i":"noAntenna","$v":"Включете слушалки"},{"$i":"noAntennaMsg","$v":"FM радиото изисква включени слушалки, за да получава радио сигнали."},{"$i":"airplaneModeHeader","$v":"Режим за самолет е вкл."},{"$i":"airplaneModeMsg","$v":"Изк. рж. пол, из. FM рад."},{"$i":"noFavoritelistMsg","$v":"Всички любими станции са тук!"},{"$i":"scan-stations-msg","$v":"Сканиране на всички налични станции?"},{"$i":"speaker-switch","ariaLabel":"Високоговорител"},{"$i":"bookmark-button","ariaLabel":"Предпочитани"},{"$i":"dialer-container","ariaLabel":"Честота"},{"$i":"frequency-op-seekdown","ariaLabel":"Търсене надолу"},{"$i":"frequency-op-seekup","ariaLabel":"Търсене нагоре"},{"$i":"power-switch-on","ariaLabel":"Включено"},{"$i":"power-switch-off","ariaLabel":"Изкл."},{"$i":"frequency-list-container","ariaLabel":"Предпочитани станции"},{"$i":"kai-station-added","$v":"Станцията е добавена към Любими"},{"$i":"kai-station-removed","$v":"Станцията е премахната от Любими"},{"$i":"kai-changes-saved","$v":"Промените са записани"},{"$i":"kai-fm-radio","$v":"FM радио"},{"$i":"kai-edit-favorites","$v":"Преименуване"},{"$i":"kai-all-stations","$v":"Всички гари"},{"$i":"kai-stations-scanning","$v":"Сканиране ..."},{"$i":"kai-scanning-completed","$v":"Сканирането завършено"},{"$i":"kai-scanning-failed","$v":"Сканирането не бе успешно"},{"$i":"kai-scanning-abort","$v":"Сканирането прекъсва"},{"$i":"options","$v":"Опции"},{"$i":"stations-list-header","$v":"Станции"},{"$i":"switchToHeadphones","$v":"Превключване към слушалки"},{"$i":"switchToSpeaker","$v":"Превкл. към говорител"},{"$i":"play","$v":"Възпроизвеждане"},{"$i":"pause","$v":"Пауза"},{"$i":"rename","$v":"Преименуване"},{"$i":"cancel","$v":"Отмяна"},{"$i":"unfavorite","$v":"Премахване от предпоч."},{"$i":"add-to-favorites","$v":"Добав. към предп."},{"$i":"edit-favorites","$v":"Редактиране на предпочитани"},{"$i":"save","$v":"Запис"},{"$i":"select","$v":"Избор"},{"$i":"settings","$v":"Настройки"},{"$i":"volume","$v":"Сила на звука"},{"$i":"abort","$v":"Прекратяване"},{"$i":"allstations","$v":"Всички станции"},{"$i":"favorites","$v":"Любими"},{"$i":"scan-stations","$v":"Сканиране на станции"},{"$i":"turn-on","$v":"Включване"},{"$i":"turn-off","$v":"Изключи"},{"$i":"ok","$v":"OK"},{"$i":"default-ok","$v":"OK"},{"$i":"save-ok","$v":"OK"},{"$i":"station-renamed","$v":"Станцията е преименувана."},{"$i":"turning-on","$v":"Включване..."},{"$i":"not-now","$v":"Не сега"},{"$i":"scan","$v":"Сканиране"},{"$i":"record","$v":"рекорд"},{"$i":"stop-recording","$v":"Спрете записа"},{"$i":"my-recordings","$v":"Моите записи"},{"$i":"no-sd-card-error","$v":"Поставете SD карта и задайте съхр. на мултимедия по подр. на „външно“, за да записвате."},{"$i":"not-default-external","$v":"Задайте съхр. на мултимедия по подр. на „външно“, за да записвате."},{"$i":"record-saved-success","$v":[{"t":"idOrVar","v":"name"}," е записано в SD карта > FM радио."]},{"$i":"sd-card-full","$v":"SD карта пълна. Изтрийте файловете в SD картата, за да освободите място."}]