[{"$i":"noAntenna","$v":"হেডসেটে প্ল্যাগইন করুন"},{"$i":"noAntennaMsg","$v":"FM রেডিওর রেডিও সিগন্যাল গ্রহণ করার জন্য হেডসেট লাগানো থাকতে হবে।"},{"$i":"airplaneModeHeader","$v":"বিমান মোড চালু আছে"},{"$i":"airplaneModeMsg","$v":"FM রেডিও ব্যবহার করতে বিমান মোড বন্ধ করুন।"},{"$i":"noFavoritelistMsg","$v":"এখানে পছন্দের স্টেশনগুলি যোগ করুন!"},{"$i":"scan-stations-msg","$v":"সকল উপলব্ধ স্টেশনের জন্য স্ক্যান করবেন?"},{"$i":"speaker-switch","ariaLabel":"স্পীকার"},{"$i":"bookmark-button","ariaLabel":"পছন্দসই"},{"$i":"dialer-container","ariaLabel":"ফ্রিকোয়েন্সি"},{"$i":"frequency-op-seekdown","ariaLabel":"নীচে খুঁজুন"},{"$i":"frequency-op-seekup","ariaLabel":"উপরে খুঁজুন"},{"$i":"power-switch-on","ariaLabel":"চালু"},{"$i":"power-switch-off","ariaLabel":"বন্ধ"},{"$i":"frequency-list-container","ariaLabel":"পছন্দসই স্টেশন"},{"$i":"kai-station-added","$v":"স্টেশন ফেভারিটে যোগ করা হয়েছে"},{"$i":"kai-station-removed","$v":"স্টেশন প্রিয় থেকে সরানো হয়েছে"},{"$i":"kai-changes-saved","$v":"পরিবর্তনগুলো সংরক্ষণ করা হয়েছে"},{"$i":"kai-fm-radio","$v":"FM রেডিও"},{"$i":"kai-edit-favorites","$v":"পুনঃনামকরণ করুন"},{"$i":"kai-all-stations","$v":"সমস্ত স্টেশন"},{"$i":"kai-stations-scanning","$v":"স্ক্যান করা হচ্ছে ..."},{"$i":"kai-scanning-completed","$v":"স্ক্যান সম্পূর্ণ"},{"$i":"kai-scanning-failed","$v":"স্ক্যান করা ব্যর্থ"},{"$i":"kai-scanning-abort","$v":"বাতিল স্ক্যান করা"},{"$i":"options","$v":"বিকল্প"},{"$i":"stations-list-header","$v":"স্টেশনগুলি"},{"$i":"switchToHeadphones","$v":"হেডফোনে পাল্টান"},{"$i":"switchToSpeaker","$v":"স্পীকারে পাল্টান"},{"$i":"play","$v":"প্লে করুন"},{"$i":"pause","$v":"বিরাম দিন"},{"$i":"rename","$v":"পুনঃনামকরণ করুন"},{"$i":"cancel","$v":"বাতিল করুন"},{"$i":"unfavorite","$v":"অপছন্দ"},{"$i":"add-to-favorites","$v":"পছন্দসইতে যোগ করুন"},{"$i":"edit-favorites","$v":"পছন্দসই সম্পাদনা করুন"},{"$i":"save","$v":"সংরক্ষণ করুন"},{"$i":"select","$v":"নির্বাচন করুন"},{"$i":"settings","$v":"সেটিং"},{"$i":"volume","$v":"ভলিউম"},{"$i":"abort","$v":"বন্ধ করুন"},{"$i":"allstations","$v":"স্টেশনগুলি"},{"$i":"favorites","$v":"প্রিয়গুলি"},{"$i":"scan-stations","$v":"স্টেশন স্ক্যান করুন"},{"$i":"turn-on","$v":"চালু করুন"},{"$i":"turn-off","$v":"বন্ধ করুন"},{"$i":"ok","$v":"ঠিক আছে"},{"$i":"default-ok","$v":"ঠিক আছে"},{"$i":"save-ok","$v":"ঠিক আছে"},{"$i":"station-renamed","$v":"স্টেশনের নাম পাল্টানো হয়েছে।"},{"$i":"turning-on","$v":"চালু করা হচ্ছে..."},{"$i":"not-now","$v":"এখনই নয়"},{"$i":"scan","$v":"স্ক্যান করুন"},{"$i":"record","$v":"নথি"},{"$i":"stop-recording","$v":"রেকর্ডিং বন্ধ করুন"},{"$i":"my-recordings","$v":"আমার রেকর্ডিং"},{"$i":"no-sd-card-error","$v":"রেকর্ড করতে অনুগ্রহ করে SD কার্ড প্রবেশ করান এবং বহিরাগত-কে ডিফল্ট মিডিয়া সেট করুন।"},{"$i":"not-default-external","$v":"রেকর্ড করতে অনুগ্রহ করে বহিরাগত-কে ডিফল্ট মিডিয়া সেট করুন।"},{"$i":"record-saved-success","$v":[{"t":"idOrVar","v":"name"}," SD কার্ড > FM রেডিওতে সংরক্ষণ করা হয়েছে।"]},{"$i":"sd-card-full","$v":"এসডি কার্ড পূর্ণ। স্থান খালি করার জন্য এসডি কার্ডে ফাইলগুলি মুছুন।"}]