[{"$i":"noAntenna","$v":"একটি হেডসেট প্লাগ ইন করুন"},{"$i":"noAntennaMsg","$v":"রেডিও সিগন্যাল পেতে হেডফোন প্লাগ ইন করুন I"},{"$i":"airplaneModeHeader","$v":"এয়ারপ্লেন মোড চালু আছে"},{"$i":"airplaneModeMsg","$v":"FM রেডিও ব্যবহার করতে এয়ারপ্লেন মোড অফ করুন।"},{"$i":"noFavoritelistMsg","$v":"এখানে প্রিয় স্টেশন যোগ করুন!"},{"$i":"scan-stations-msg","$v":"সমস্ত উপলব্ধ স্টেশন কে স্ক্যান করুন ?"},{"$i":"speaker-switch","ariaLabel":"স্পীকার"},{"$i":"bookmark-button","ariaLabel":"পছন্দসই"},{"$i":"dialer-container","ariaLabel":"ফ্রিকুয়েন্সি"},{"$i":"frequency-op-seekdown","ariaLabel":"নীচে খুঁজুন"},{"$i":"frequency-op-seekup","ariaLabel":"উপরে খুঁজুন"},{"$i":"power-switch-on","ariaLabel":"অন"},{"$i":"power-switch-off","ariaLabel":"অফ"},{"$i":"frequency-list-container","ariaLabel":"পছন্দ করা স্টেশনগুলি"},{"$i":"kai-station-added","$v":"স্টেশন পছন্দতে যোগ করা হয়েছে"},{"$i":"kai-station-removed","$v":"স্টেশন পছন্দ থেকে সরানো হয়েছে"},{"$i":"kai-changes-saved","$v":"পরিবর্তনগুলি সেভ করা হয়েছে"},{"$i":"kai-fm-radio","$v":"FM রেডিও"},{"$i":"kai-edit-favorites","$v":"স্টেশন পুনরায় নামকরণ করুন"},{"$i":"kai-all-stations","$v":"সমস্ত স্টেশন"},{"$i":"kai-stations-scanning","$v":"স্ক্যান করা হচ্ছে ..."},{"$i":"kai-scanning-completed","$v":"স্ক্যানিং সম্পূর্ণ হয়েছে"},{"$i":"kai-scanning-failed","$v":"স্ক্যানিং ব্যর্থ হয়েছে"},{"$i":"kai-scanning-abort","$v":"স্ক্যানিং অ্য়াবর্ট হয়েছে"},{"$i":"options","$v":"বিকল্পগুলি"},{"$i":"stations-list-header","$v":"স্টেশন"},{"$i":"switchToHeadphones","$v":"হেডফোনে স্যুইচ করুন"},{"$i":"switchToSpeaker","$v":"স্পীকারে সুইচ করুন"},{"$i":"play","$v":"বাজান"},{"$i":"pause","$v":"বিরাম দিন"},{"$i":"rename","$v":"স্টেশন পুনরায় নামকরণ করুন"},{"$i":"cancel","$v":"বাতিল করুন"},{"$i":"unfavorite","$v":"প্রিয় তালিকা থেকে অপসারণ করুন"},{"$i":"add-to-favorites","$v":"পছন্দতে যোগ করুন"},{"$i":"edit-favorites","$v":"পছন্দগুলি সম্পাদনা করুন"},{"$i":"save","$v":"সেভ করুন"},{"$i":"select","$v":"নির্বাচন করুন"},{"$i":"settings","$v":"সেটিংস"},{"$i":"volume","$v":"ভলিউম"},{"$i":"abort","$v":"অ্য়াবর্ট করুন"},{"$i":"allstations","$v":"স্টেশন"},{"$i":"favorites","$v":"প্রিয়"},{"$i":"scan-stations","$v":"স্টেশন স্ক্যান করুন"},{"$i":"turn-on","$v":"অন করুন"},{"$i":"turn-off","$v":"অফ করুন"},{"$i":"ok","$v":"ঠিক আছে"},{"$i":"default-ok","$v":"ঠিক আছে"},{"$i":"save-ok","$v":"ঠিক আছে"},{"$i":"station-renamed","$v":"স্টেশন পুনঃনামকরণ করা হয়েছে ।"},{"$i":"turning-on","$v":"চালু হচ্ছে ..."},{"$i":"not-now","$v":"এখন নয়"},{"$i":"scan","$v":"স্ক্যান"},{"$i":"record","$v":"রেকর্ড"},{"$i":"stop-recording","$v":"রেকর্ডিং বন্ধ করুন"},{"$i":"my-recordings","$v":"আমার রেকর্ডিংগুলি"},{"$i":"no-sd-card-error","$v":"অনুগ্রহ করে একটি এস.ডি কার্ড ইনসার্ট করুন এবং ডিফল্ট মিডিয়া স্টোরেজকে এক্সটার্নাল থেকে রেকর্ডে সেট করুন।"},{"$i":"not-default-external","$v":"অনুগ্রহ করে ডিফল্ট মিডিয়া স্টোরেজকে এক্সটার্নাল থেকে রেকর্ডে সেট করুন।"},{"$i":"record-saved-success","$v":[{"t":"idOrVar","v":"name"}," এস.ডি কার্ড > এফ.এম রেডিও তে সেভ করা হয়েছে I"]},{"$i":"sd-card-full","$v":"এস.ডি কার্ড ভর্তি আছে। স্থান খালি করতে এস.ডি কার্ড থেকে ফাইল মুছুন।"}]