[{"$i":"noAntenna","$v":"Uključi slušalice"},{"$i":"noAntennaMsg","$v":"FM Radio zahtijeva priključene slušalice za prijem radio signala."},{"$i":"airplaneModeHeader","$v":"Režim u avionu je uklj."},{"$i":"airplaneModeMsg","$v":"Isključi avio. režim za korištenje FM radija."},{"$i":"noFavoritelistMsg","$v":"Dodajte omiljene stanice ovdje!"},{"$i":"scan-stations-msg","$v":"Pretražiti sve dostupne stanice?"},{"$i":"speaker-switch","ariaLabel":"Zvučnik"},{"$i":"bookmark-button","ariaLabel":"Omiljeni"},{"$i":"dialer-container","ariaLabel":"Frekvencija"},{"$i":"frequency-op-seekdown","ariaLabel":"Traži dolje"},{"$i":"frequency-op-seekup","ariaLabel":"Traži gore"},{"$i":"power-switch-on","ariaLabel":"Uklj."},{"$i":"power-switch-off","ariaLabel":"Isklj."},{"$i":"frequency-list-container","ariaLabel":"Omiljene stanice"},{"$i":"kai-station-added","$v":"Stanica je dodana u favorite"},{"$i":"kai-station-removed","$v":"Stanica je uklonjena iz favorita"},{"$i":"kai-changes-saved","$v":"Promjene su sačuvane"},{"$i":"kai-fm-radio","$v":"FM radio"},{"$i":"kai-edit-favorites","$v":"Preimenuj"},{"$i":"kai-all-stations","$v":"Sve stanice"},{"$i":"kai-stations-scanning","$v":"Skeniranje ..."},{"$i":"kai-scanning-completed","$v":"Skeniranje je završeno"},{"$i":"kai-scanning-failed","$v":"Skeniranje nije uspjelo"},{"$i":"kai-scanning-abort","$v":"Skeniranje prekida"},{"$i":"options","$v":"Opcije"},{"$i":"stations-list-header","$v":"Stanice"},{"$i":"switchToHeadphones","$v":"Pređi na slušalice"},{"$i":"switchToSpeaker","$v":"Prebaci na zvučnik"},{"$i":"play","$v":"Reprodukuj"},{"$i":"pause","$v":"Pauza"},{"$i":"rename","$v":"Preimenuj"},{"$i":"cancel","$v":"Otkaži"},{"$i":"unfavorite","$v":"Izbaci iz omiljenih"},{"$i":"add-to-favorites","$v":"Dodati u omiljene"},{"$i":"edit-favorites","$v":"Uredi omiljene"},{"$i":"save","$v":"Sačuvaj"},{"$i":"select","$v":"Odaberi"},{"$i":"settings","$v":"Postavke"},{"$i":"volume","$v":"Jačina zvuka"},{"$i":"abort","$v":"Prekini"},{"$i":"allstations","$v":"Stanice"},{"$i":"favorites","$v":"Omiljeni"},{"$i":"scan-stations","$v":"Skeniraj stanice"},{"$i":"turn-on","$v":"Uključi"},{"$i":"turn-off","$v":"Isključi"},{"$i":"ok","$v":"OK"},{"$i":"default-ok","$v":"OK"},{"$i":"save-ok","$v":"OK"},{"$i":"station-renamed","$v":"Stanica je preimenovana."},{"$i":"turning-on","$v":"Uključivanje..."},{"$i":"not-now","$v":"Ne sada"},{"$i":"scan","$v":"Pretraži"},{"$i":"record","$v":"Record"},{"$i":"stop-recording","$v":"Zaustavite snimanje"},{"$i":"my-recordings","$v":"Moji snimci"},{"$i":"no-sd-card-error","$v":"Umetnite SD karticu i postavite zadanu pohranu za medije na vanjsku da biste snimali."},{"$i":"not-default-external","$v":"Postavite zadanu pohranu za medije na vanjsku da biste snimali."},{"$i":"record-saved-success","$v":[{"t":"idOrVar","v":"name"},": sačuvano na SD kartici > FM Radio."]},{"$i":"sd-card-full","$v":"SD kartica puna. Izbrišite datoteke na SD kartici da biste oslobodili prostor."}]