[{"$i":"noAntenna","$v":"Tilslut et headset"},{"$i":"noAntennaMsg","$v":"FM-radio kræver et tilsluttet headset for at modtage radiosignaler."},{"$i":"airplaneModeHeader","$v":"Flytilstand er til"},{"$i":"airplaneModeMsg","$v":"Slå flytilstand fra for at bruge FM-radio."},{"$i":"noFavoritelistMsg","$v":"Tilføj foretrukne stationer her."},{"$i":"scan-stations-msg","$v":"Scan efter alle tilgængelige stationer?"},{"$i":"speaker-switch","ariaLabel":"Højttaler"},{"$i":"bookmark-button","ariaLabel":"Favorit"},{"$i":"dialer-container","ariaLabel":"Frekvens"},{"$i":"frequency-op-seekdown","ariaLabel":"Søg ned"},{"$i":"frequency-op-seekup","ariaLabel":"Søg op"},{"$i":"power-switch-on","ariaLabel":"Til"},{"$i":"power-switch-off","ariaLabel":"Fra"},{"$i":"frequency-list-container","ariaLabel":"Favoritstationer"},{"$i":"kai-station-added","$v":"Station tilføjet til favoritter"},{"$i":"kai-station-removed","$v":"Station fjernet fra favoritter"},{"$i":"kai-changes-saved","$v":"Ændringerne er gemt"},{"$i":"kai-fm-radio","$v":"FM-radio"},{"$i":"kai-edit-favorites","$v":"Omdøb"},{"$i":"kai-all-stations","$v":"Alle stationer"},{"$i":"kai-stations-scanning","$v":"Scanning ..."},{"$i":"kai-scanning-completed","$v":"Scanning fuldført"},{"$i":"kai-scanning-failed","$v":"Scanning mislykkedes"},{"$i":"kai-scanning-abort","$v":"Scanning afbrudt"},{"$i":"options","$v":"Valg"},{"$i":"stations-list-header","$v":"Stationer"},{"$i":"switchToHeadphones","$v":"Skift til hovedtelefoner"},{"$i":"switchToSpeaker","$v":"Skift til højttaler"},{"$i":"play","$v":"Afspil"},{"$i":"pause","$v":"Pause"},{"$i":"rename","$v":"Omdøb"},{"$i":"cancel","$v":"Annuller"},{"$i":"unfavorite","$v":"Fjern fra favoritter"},{"$i":"add-to-favorites","$v":"Føj til foretrukne"},{"$i":"edit-favorites","$v":"Rediger foretrukne"},{"$i":"save","$v":"Gem"},{"$i":"select","$v":"Vælg"},{"$i":"settings","$v":"Indstillinger"},{"$i":"volume","$v":"Lydstyrke"},{"$i":"abort","$v":"Afbryd"},{"$i":"allstations","$v":"Stationer"},{"$i":"favorites","$v":"Foretrukne"},{"$i":"scan-stations","$v":"Søg efter stationer"},{"$i":"turn-on","$v":"Slå til"},{"$i":"turn-off","$v":"Slå fra"},{"$i":"ok","$v":"OK"},{"$i":"default-ok","$v":"OK"},{"$i":"save-ok","$v":"OK"},{"$i":"station-renamed","$v":"Stationen er omdøbt."},{"$i":"turning-on","$v":"Slår til..."},{"$i":"not-now","$v":"Ikke nu"},{"$i":"scan","$v":"Scan"},{"$i":"record","$v":"Optage"},{"$i":"stop-recording","$v":"Stop optagelsen"},{"$i":"my-recordings","$v":"Mine optagelser"},{"$i":"no-sd-card-error","$v":"Indsæt et SD-kort, og indstil standardmedielageret til eksternt for at optage."},{"$i":"not-default-external","$v":"Indstil standardmedielageret til eksternt for at optage."},{"$i":"record-saved-success","$v":[{"t":"idOrVar","v":"name"}," er gemt på SD-kortet > FM-radio."]},{"$i":"sd-card-full","$v":"SD-kort fuldt. Slet filer på SD-kort for at frigøre plads."}]