[{"$i":"noAntenna","$v":"Kopfhörer einstecken"},{"$i":"noAntennaMsg","$v":"Stecken Sie einen Kopfhörer ein, um Radiosignale zu empfangen."},{"$i":"airplaneModeHeader","$v":"Flugmodus ist EIN"},{"$i":"airplaneModeMsg","$v":"Schalten Sie den Flugmodus aus, um UKW-Radio zu verwenden."},{"$i":"noFavoritelistMsg","$v":"Bevorzugte Sender hier hinzufügen."},{"$i":"scan-stations-msg","$v":"Nach allen verfügbaren Sendern suchen?"},{"$i":"speaker-switch","ariaLabel":"Lautsprecher"},{"$i":"bookmark-button","ariaLabel":"Favorit"},{"$i":"dialer-container","ariaLabel":"Frequenz"},{"$i":"frequency-op-seekdown","ariaLabel":"Abwärts suchen"},{"$i":"frequency-op-seekup","ariaLabel":"Aufwärts suchen"},{"$i":"power-switch-on","ariaLabel":"Ein"},{"$i":"power-switch-off","ariaLabel":"Aus"},{"$i":"frequency-list-container","ariaLabel":"Bevorzugte Sender"},{"$i":"kai-station-added","$v":"Sender zu Favoriten hinzugefügt"},{"$i":"kai-station-removed","$v":"Sender aus Favoriten entfernt"},{"$i":"kai-changes-saved","$v":"Änderungen gespeichert"},{"$i":"kai-fm-radio","$v":"UKW-Radio"},{"$i":"kai-edit-favorites","$v":"Sender umbenennen"},{"$i":"kai-all-stations","$v":"Alle Sender"},{"$i":"kai-stations-scanning","$v":"Suche..."},{"$i":"kai-scanning-completed","$v":"Scan abgeschlossen"},{"$i":"kai-scanning-failed","$v":"Scan fehlgeschlagen"},{"$i":"kai-scanning-abort","$v":"Scan abbrechen"},{"$i":"options","$v":"Optionen"},{"$i":"stations-list-header","$v":"Sender"},{"$i":"switchToHeadphones","$v":"Zu Kopfhörern wechseln"},{"$i":"switchToSpeaker","$v":"Zu Lautsprecher wechseln"},{"$i":"play","$v":"Wiedergabe"},{"$i":"pause","$v":"Pause"},{"$i":"rename","$v":"Sender umbenennen"},{"$i":"cancel","$v":"Abbrechen"},{"$i":"unfavorite","$v":"Aus Favoriten entfernen"},{"$i":"add-to-favorites","$v":"Zu Favoriten hinzufügen"},{"$i":"edit-favorites","$v":"Favoriten bearbeiten"},{"$i":"save","$v":"Speichern"},{"$i":"select","$v":"Auswählen"},{"$i":"settings","$v":"Einstellungen"},{"$i":"volume","$v":"Lautstärke"},{"$i":"abort","$v":"Abbrechen"},{"$i":"allstations","$v":"Sender"},{"$i":"favorites","$v":"Favoriten"},{"$i":"scan-stations","$v":"Sender scannen"},{"$i":"turn-on","$v":"Aktivieren"},{"$i":"turn-off","$v":"Ausschalten"},{"$i":"ok","$v":"OK"},{"$i":"default-ok","$v":"OK"},{"$i":"save-ok","$v":"OK"},{"$i":"station-renamed","$v":"Sendername wurde geändert"},{"$i":"turning-on","$v":"Wird eingeschaltet..."},{"$i":"not-now","$v":"Später"},{"$i":"scan","$v":"Suchen"},{"$i":"record","$v":"Aufzeichnen"},{"$i":"stop-recording","$v":"Aufnahme beenden"},{"$i":"my-recordings","$v":"Eigene Aufnahmen"},{"$i":"no-sd-card-error","$v":"Setzen Sie zum Aufnehmen eine SD-Karte ein und legen Sie den externen Medienspeicher als Standard fest."},{"$i":"not-default-external","$v":"Legen Sie zum Aufnehmen den externen Medienspeicher als Standard fest."},{"$i":"record-saved-success","$v":[{"t":"idOrVar","v":"name"}," auf SD-Karte unter „Radio“ gespeichert."]},{"$i":"sd-card-full","$v":"SD-Karte voll. Löschen Sie Dateien auf der SD-Karte, um für freien Speicherplatz zu sorgen."}]