[{"$i":"noAntenna","$v":"Plug in a headset"},{"$i":"noAntennaMsg","$v":"Plug in headphones to receive radio signals."},{"$i":"airplaneModeHeader","$v":"Aeroplane mode is on"},{"$i":"airplaneModeMsg","$v":"Turn off aeroplane mode to use FM Radio."},{"$i":"noFavoritelistMsg","$v":"Add favourite stations here!"},{"$i":"scan-stations-msg","$v":"Scan for all available stations?"},{"$i":"speaker-switch","ariaLabel":"Speaker"},{"$i":"bookmark-button","ariaLabel":"Favourite"},{"$i":"dialer-container","ariaLabel":"Frequency"},{"$i":"frequency-op-seekdown","ariaLabel":"Seek Down"},{"$i":"frequency-op-seekup","ariaLabel":"Seek Up"},{"$i":"power-switch-on","ariaLabel":"On"},{"$i":"power-switch-off","ariaLabel":"Off"},{"$i":"frequency-list-container","ariaLabel":"Favourited stations"},{"$i":"kai-station-added","$v":"Station added to Favorites"},{"$i":"kai-station-removed","$v":"Station removed from Favorites"},{"$i":"kai-changes-saved","$v":"Changes saved"},{"$i":"kai-fm-radio","$v":"FM Radio"},{"$i":"kai-edit-favorites","$v":"Rename Station"},{"$i":"kai-all-stations","$v":"All Stations"},{"$i":"kai-stations-scanning","$v":"Scanning..."},{"$i":"kai-scanning-completed","$v":"Scanning complete"},{"$i":"kai-scanning-failed","$v":"Scanning failed"},{"$i":"kai-scanning-abort","$v":"Scanning abort"},{"$i":"options","$v":"Options"},{"$i":"stations-list-header","$v":"Stations"},{"$i":"switchToHeadphones","$v":"Switch to headphones"},{"$i":"switchToSpeaker","$v":"Switch to speaker"},{"$i":"play","$v":"Play"},{"$i":"pause","$v":"Pause"},{"$i":"rename","$v":"Rename station"},{"$i":"cancel","$v":"Cancel"},{"$i":"unfavorite","$v":"Remove from favourites"},{"$i":"add-to-favorites","$v":"Add to favourites"},{"$i":"edit-favorites","$v":"Edit favourites"},{"$i":"save","$v":"Save"},{"$i":"select","$v":"Select"},{"$i":"settings","$v":"Settings"},{"$i":"volume","$v":"Volume"},{"$i":"abort","$v":"Abort"},{"$i":"allstations","$v":"Stations"},{"$i":"favorites","$v":"Favourites"},{"$i":"scan-stations","$v":"Scan Stations"},{"$i":"turn-on","$v":"Turn On"},{"$i":"turn-off","$v":"Turn Off"},{"$i":"ok","$v":"OK"},{"$i":"default-ok","$v":"OK"},{"$i":"save-ok","$v":"OK"},{"$i":"station-renamed","$v":"Station Renamed."},{"$i":"turning-on","$v":"Turning on..."},{"$i":"not-now","$v":"Not now"},{"$i":"scan","$v":"Scan"},{"$i":"record","$v":"Record"},{"$i":"stop-recording","$v":"Stop recording"},{"$i":"my-recordings","$v":"My recordings"},{"$i":"no-sd-card-error","$v":"Please insert an SD card and set default media storage to external to record."},{"$i":"not-default-external","$v":"Please set default media storage to external to record."},{"$i":"record-saved-success","$v":[{"t":"idOrVar","v":"name"}," saved to SD card > FM Radio."]},{"$i":"sd-card-full","$v":"SD Card Full. Delete files in SD card to free up space."}]