[{"$i":"noAntenna","$v":"Ühendage peakomplekt"},{"$i":"noAntennaMsg","$v":"FM-raadio nõuab raadiosignaali vastuvõtmiseks ühendatud peakomplekti."},{"$i":"airplaneModeHeader","$v":"Lennurežiim on sees"},{"$i":"airplaneModeMsg","$v":"FM-raadio kasut. lülit. lennurež. välja."},{"$i":"noFavoritelistMsg","$v":"Lisage lemmikjaamad siin!"},{"$i":"scan-stations-msg","$v":"Kas otsida kõiki saadaolevaid jaamu?"},{"$i":"speaker-switch","ariaLabel":"Kõlar"},{"$i":"bookmark-button","ariaLabel":"Lemmik"},{"$i":"dialer-container","ariaLabel":"Sagedus"},{"$i":"frequency-op-seekdown","ariaLabel":"Otsi alla"},{"$i":"frequency-op-seekup","ariaLabel":"Otsi üles"},{"$i":"power-switch-on","ariaLabel":"Sees"},{"$i":"power-switch-off","ariaLabel":"Väljas"},{"$i":"frequency-list-container","ariaLabel":"Lemmikjaamad"},{"$i":"kai-station-added","$v":"Jaam on lisatud lemmikute hulka"},{"$i":"kai-station-removed","$v":"Jaam eemaldati lemmikute hulgast"},{"$i":"kai-changes-saved","$v":"Muudatused on salvestatud"},{"$i":"kai-fm-radio","$v":"FM-raadio"},{"$i":"kai-edit-favorites","$v":"Ümbernimetamine"},{"$i":"kai-all-stations","$v":"Kõik jaamad"},{"$i":"kai-stations-scanning","$v":"Skaneerimine ..."},{"$i":"kai-scanning-completed","$v":"Skaneerimine on lõpetatud"},{"$i":"kai-scanning-failed","$v":"Skaneerimine nurjus"},{"$i":"kai-scanning-abort","$v":"Skaneerimine katkestati"},{"$i":"options","$v":"Valikud"},{"$i":"stations-list-header","$v":"Jaamad"},{"$i":"switchToHeadphones","$v":"Minge üle kõrvaklap."},{"$i":"switchToSpeaker","$v":"Lülita kõlarile ümber"},{"$i":"play","$v":"Esita"},{"$i":"pause","$v":"Peata"},{"$i":"rename","$v":"Ümbernimetamine"},{"$i":"cancel","$v":"Tühista"},{"$i":"unfavorite","$v":"Eemal. lemmikutest"},{"$i":"add-to-favorites","$v":"Lisa lemmikutesse"},{"$i":"edit-favorites","$v":"Redigeeri lemmikuid"},{"$i":"save","$v":"Salvesta"},{"$i":"select","$v":"Vali"},{"$i":"settings","$v":"Seaded"},{"$i":"volume","$v":"Helitugevus"},{"$i":"abort","$v":"Katkesta"},{"$i":"allstations","$v":"Jaamad"},{"$i":"favorites","$v":"Lemmikud"},{"$i":"scan-stations","$v":"Skanni jaamu"},{"$i":"turn-on","$v":"Lülita sisse"},{"$i":"turn-off","$v":"Väljas"},{"$i":"ok","$v":"OK"},{"$i":"default-ok","$v":"OK"},{"$i":"save-ok","$v":"OK"},{"$i":"station-renamed","$v":"Jaamanimi muut."},{"$i":"turning-on","$v":"Sisselül. ..."},{"$i":"not-now","$v":"Mitte praegu"},{"$i":"scan","$v":"Otsi"},{"$i":"record","$v":"Salvestage"},{"$i":"stop-recording","$v":"Peatage salvestamine"},{"$i":"my-recordings","$v":"Minu salvestised"},{"$i":"no-sd-card-error","$v":"Salvestamiseks sisestage SD-kaart ja määrake vaikemäluks välismälu."},{"$i":"not-default-external","$v":"Salvestamiseks määrake vaikemäluks välismälu."},{"$i":"record-saved-success","$v":[{"t":"idOrVar","v":"name"}," on salvestatud SD-kaardile > FM-raadio."]},{"$i":"sd-card-full","$v":"SD-kaart täis. Ruumi vabastamiseks kustutage SD-kaardilt failid."}]