[{"$i":"noAntenna","$v":"اتصال یک هدست"},{"$i":"noAntennaMsg","$v":"اتصال هدفون ها برای دریافت سیگنال های رادیویی."},{"$i":"airplaneModeHeader","$v":"حالت هواپیما روشن است"},{"$i":"airplaneModeMsg","$v":"برای استفاده از رادیو FM، حالت هواپیما را خاموش کنید."},{"$i":"noFavoritelistMsg","$v":"ایستگاه های دلخواه را اینجا اضافه کنید!"},{"$i":"scan-stations-msg","$v":"اسکن برای تمام ایستگاه های موجود؟"},{"$i":"speaker-switch","ariaLabel":"بلندگو"},{"$i":"bookmark-button","ariaLabel":"مورد دلخواه"},{"$i":"dialer-container","ariaLabel":"فركانس"},{"$i":"frequency-op-seekdown","ariaLabel":"جستجو به پایین"},{"$i":"frequency-op-seekup","ariaLabel":"جستجو به بالا"},{"$i":"power-switch-on","ariaLabel":"روشن"},{"$i":"power-switch-off","ariaLabel":"خاموش"},{"$i":"frequency-list-container","ariaLabel":"ایستگاه های به صورت دلخواه درآمده"},{"$i":"kai-station-added","$v":"ایستگاه به موارد دلخواه اضافه شد"},{"$i":"kai-station-removed","$v":"ایستگاه از موارد دلخواه حذف شد"},{"$i":"kai-changes-saved","$v":"تغییرات ذخیره شد"},{"$i":"kai-fm-radio","$v":"رادیو FM"},{"$i":"kai-edit-favorites","$v":"تغییرنام ایستگاه"},{"$i":"kai-all-stations","$v":"همه ایستگاه ها"},{"$i":"kai-stations-scanning","$v":"در حال اسکن کردن..."},{"$i":"kai-scanning-completed","$v":"اسکن کامل شد"},{"$i":"kai-scanning-failed","$v":"اسکن نشد"},{"$i":"kai-scanning-abort","$v":"لغو اسکن کردن"},{"$i":"options","$v":"گزینه ها"},{"$i":"stations-list-header","$v":"ایستگاه ها"},{"$i":"switchToHeadphones","$v":"تغییر به هدفون ها"},{"$i":"switchToSpeaker","$v":"تغییر به بلندگو"},{"$i":"play","$v":"پخش"},{"$i":"pause","$v":"توقف موقت"},{"$i":"rename","$v":"تغییرنام ایستگاه"},{"$i":"cancel","$v":"لغو کردن"},{"$i":"unfavorite","$v":"حذف از موارد دلخواه"},{"$i":"add-to-favorites","$v":"افزودن به موارد دلخواه"},{"$i":"edit-favorites","$v":"ویرایش موارد دلخواه"},{"$i":"save","$v":"ذخيره"},{"$i":"select","$v":"انتخاب"},{"$i":"settings","$v":"تنظیمات"},{"$i":"volume","$v":"ميزان صدا"},{"$i":"abort","$v":"لغو"},{"$i":"allstations","$v":"ایستگاه ها"},{"$i":"favorites","$v":"موارد دلخواه"},{"$i":"scan-stations","$v":"اسکن ایستگاه ها"},{"$i":"turn-on","$v":"روشن کردن"},{"$i":"turn-off","$v":"خاموش کردن"},{"$i":"ok","$v":"تأیید"},{"$i":"default-ok","$v":"تأیید"},{"$i":"save-ok","$v":"تأیید"},{"$i":"station-renamed","$v":"نام ایستگاه تغییر کرد."},{"$i":"turning-on","$v":"در حال روشن کردن..."},{"$i":"not-now","$v":"اکنون خیر"},{"$i":"scan","$v":"اسكن"},{"$i":"record","$v":"ضبط های من"},{"$i":"stop-recording","$v":"توقف ضبط"},{"$i":"my-recordings","$v":"ضبط های من"},{"$i":"no-sd-card-error","$v":"لطفاً یک کارت SD وارد کرده و حافظه رسانه پیش فرض را برای ضبط روی خارجی تنظیم کنید."},{"$i":"not-default-external","$v":"لطفاً حافظه رسانه پیش فرض را برای ضبط روی خارجی تنظیم کنید."},{"$i":"record-saved-success","$v":["‏",{"t":"idOrVar","v":"name"}," در کارت SD > رادیو FM ذخیره شد."]},{"$i":"sd-card-full","$v":"کارت SD پر است. برای آزاد کردن فضا، فایل های روی کارت SD را حذف کنید."}]