[{"$i":"noAntenna","$v":"Kytke kuulokkeet"},{"$i":"noAntennaMsg","$v":"FM-radio edellyttää kytkettyjä kuulokkeita radiosignaalien vastaanottamiseksi."},{"$i":"airplaneModeHeader","$v":"Lentotila on päällä"},{"$i":"airplaneModeMsg","$v":"Poista lentotila käytöstä, jotta voit käyttää FM-radiota."},{"$i":"noFavoritelistMsg","$v":"Lisää suosikkikanavat tähän!"},{"$i":"scan-stations-msg","$v":"Haetaanko kaikki käytettävissä olevat asemat?"},{"$i":"speaker-switch","ariaLabel":"Kaiutin"},{"$i":"bookmark-button","ariaLabel":"Suosikki"},{"$i":"dialer-container","ariaLabel":"Taajuus"},{"$i":"frequency-op-seekdown","ariaLabel":"Haku alas"},{"$i":"frequency-op-seekup","ariaLabel":"Haku ylös"},{"$i":"power-switch-on","ariaLabel":"Käytössä"},{"$i":"power-switch-off","ariaLabel":"Ei käytössä"},{"$i":"frequency-list-container","ariaLabel":"Suosikkikanavat"},{"$i":"kai-station-added","$v":"Asema lisätty suosikkeihin"},{"$i":"kai-station-removed","$v":"Asema poistettu Suosikkeista"},{"$i":"kai-changes-saved","$v":"Muutokset tallennettu"},{"$i":"kai-fm-radio","$v":"FM-radio"},{"$i":"kai-edit-favorites","$v":"Muuta nimi"},{"$i":"kai-all-stations","$v":"Kaikki asemat"},{"$i":"kai-stations-scanning","$v":"Skannaus ..."},{"$i":"kai-scanning-completed","$v":"Skannaus valmis"},{"$i":"kai-scanning-failed","$v":"Skannaus epäonnistui"},{"$i":"kai-scanning-abort","$v":"Skannaus keskeytetään"},{"$i":"options","$v":"Valinnat"},{"$i":"stations-list-header","$v":"Kanavat"},{"$i":"switchToHeadphones","$v":"Vaihda kuulokkeisiin"},{"$i":"switchToSpeaker","$v":"Vaihda kaiuttimeen"},{"$i":"play","$v":"Toista"},{"$i":"pause","$v":"Tauko"},{"$i":"rename","$v":"Muuta nimi"},{"$i":"cancel","$v":"Peruuta"},{"$i":"unfavorite","$v":"Poista suosikeista"},{"$i":"add-to-favorites","$v":"Lisää suosikkeihin"},{"$i":"edit-favorites","$v":"Muokkaa suosikkeja"},{"$i":"save","$v":"Tallenna"},{"$i":"select","$v":"Valitse"},{"$i":"settings","$v":"Asetukset"},{"$i":"volume","$v":"Äänenvoim."},{"$i":"abort","$v":"Keskeytä"},{"$i":"allstations","$v":"Kanavat"},{"$i":"favorites","$v":"Suosikit"},{"$i":"scan-stations","$v":"Hae kanavia"},{"$i":"turn-on","$v":"Ota käyttöön"},{"$i":"turn-off","$v":"Poista käytöstä"},{"$i":"ok","$v":"OK"},{"$i":"default-ok","$v":"OK"},{"$i":"save-ok","$v":"OK"},{"$i":"station-renamed","$v":"Asema nimetty uudelleen."},{"$i":"turning-on","$v":"Otetaan käyttöön..."},{"$i":"not-now","$v":"Ei nyt"},{"$i":"scan","$v":"Hae"},{"$i":"record","$v":"Ennätys"},{"$i":"stop-recording","$v":"Lopeta tallennus"},{"$i":"my-recordings","$v":"Omat tallennukset"},{"$i":"no-sd-card-error","$v":"Liitä SD-kortti ja aseta oletustallennustila ulkoiseen laitteeseen tallentaaksesi."},{"$i":"not-default-external","$v":"Aseta oletustallennustila ulkoiseen laitteeseen tallentaaksesi."},{"$i":"record-saved-success","$v":[{"t":"idOrVar","v":"name"}," tallennettu kohtaan SD-kortti > FM-radio."]},{"$i":"sd-card-full","$v":"SD-kortti täynnä. Poista tilaa SD-kortilla poistamalla tiedostoja."}]