[{"$i":"noAntenna","$v":"Magsaksak ng headset"},{"$i":"noAntennaMsg","$v":"Kailangang may nakasaksak na headset para sa FM Radio upang makasagap ng mga signal ng radyo."},{"$i":"airplaneModeHeader","$v":"Naka-on ang Airplane mode"},{"$i":"airplaneModeMsg","$v":"I-off ang Airplane mode upang magamit ang FM Radio."},{"$i":"noFavoritelistMsg","$v":"Magdagdag ng paboritong istasyon dito!"},{"$i":"scan-stations-msg","$v":"I-scan para sa lahat ng available na istasyon?"},{"$i":"speaker-switch","ariaLabel":"Speaker"},{"$i":"bookmark-button","ariaLabel":"Paborito"},{"$i":"dialer-container","ariaLabel":"Frequency"},{"$i":"frequency-op-seekdown","ariaLabel":"Maghanap Pababa"},{"$i":"frequency-op-seekup","ariaLabel":"Maghanap Pataas"},{"$i":"power-switch-on","ariaLabel":"Bukas"},{"$i":"power-switch-off","ariaLabel":"I-off"},{"$i":"frequency-list-container","ariaLabel":"Mga paboritong istasyon"},{"$i":"kai-station-added","$v":"Ang istasyon ay idinagdag sa Mga Paborito"},{"$i":"kai-station-removed","$v":"Inalis ang istasyon mula sa Mga Paborito"},{"$i":"kai-changes-saved","$v":"Na-save ang mga pagbabago"},{"$i":"kai-fm-radio","$v":"FM Radio"},{"$i":"kai-edit-favorites","$v":"Palitan ang pangalan"},{"$i":"kai-all-stations","$v":"Lahat ng Stations"},{"$i":"kai-stations-scanning","$v":"Nag-scan ..."},{"$i":"kai-scanning-completed","$v":"Kumpleto ang pag-scan"},{"$i":"kai-scanning-failed","$v":"Nabigo ang pag-scan"},{"$i":"kai-scanning-abort","$v":"Pag-scan ng pagpapalaglag"},{"$i":"options","$v":"Mga Opsyon"},{"$i":"stations-list-header","$v":"Mga Istasyon"},{"$i":"switchToHeadphones","$v":"Lumipat sa headphones"},{"$i":"switchToSpeaker","$v":"Lumipat sa speaker"},{"$i":"play","$v":"I-play"},{"$i":"pause","$v":"I-pause"},{"$i":"rename","$v":"Palitan ang pangalan"},{"$i":"cancel","$v":"Kanselahin"},{"$i":"unfavorite","$v":"I-unfavorite"},{"$i":"add-to-favorites","$v":"Idagdag sa mga paborito"},{"$i":"edit-favorites","$v":"I-edit ang mga paborito"},{"$i":"save","$v":"I-save"},{"$i":"select","$v":"Piliin"},{"$i":"settings","$v":"Mga Setting"},{"$i":"volume","$v":"Volume"},{"$i":"abort","$v":"I-abort"},{"$i":"allstations","$v":"Mga Istasyon"},{"$i":"favorites","$v":"Mga Paborito"},{"$i":"scan-stations","$v":"Mag-scan ng Istasyon"},{"$i":"turn-on","$v":"I-on"},{"$i":"turn-off","$v":"I-off"},{"$i":"ok","$v":"OK"},{"$i":"default-ok","$v":"OK"},{"$i":"save-ok","$v":"OK"},{"$i":"station-renamed","$v":"Pinalitan ang Pangalan ng Istasyon."},{"$i":"turning-on","$v":"Ino-on..."},{"$i":"not-now","$v":"Hindi muna"},{"$i":"scan","$v":"I-scan"},{"$i":"record","$v":"Mag-record"},{"$i":"stop-recording","$v":"Itigil ang pagtatala"},{"$i":"my-recordings","$v":"Aking mga recording"},{"$i":"no-sd-card-error","$v":"Magpasok ng SD card at itakda sa external ang default na storage ng media upang mag-record."},{"$i":"not-default-external","$v":"Pakitakda sa external ang default na storage ng media upang mag-record."},{"$i":"record-saved-success","$v":["Nag-save si ",{"t":"idOrVar","v":"name"}," sa SD card > FM Radio."]},{"$i":"sd-card-full","$v":"Buong Kard ng SD. Tanggalin ang mga file sa SD card upang malaya ang espasyo."}]