[{"$i":"noAntenna","$v":"Branchez des écouteurs"},{"$i":"noAntennaMsg","$v":"La radio FM nécessite un casque d'écoute branché pour pouvoir recevoir les signaux radio."},{"$i":"airplaneModeHeader","$v":"Le mode avion est activé."},{"$i":"airplaneModeMsg","$v":"Désactivez le mode avion pour pouvoir utiliser la radio FM."},{"$i":"noFavoritelistMsg","$v":"Balayer les stations"},{"$i":"scan-stations-msg","$v":"Rechercher toutes les stations disponibles?"},{"$i":"speaker-switch","ariaLabel":"Haut-parleur"},{"$i":"bookmark-button","ariaLabel":"Favori"},{"$i":"dialer-container","ariaLabel":"Fréquence"},{"$i":"frequency-op-seekdown","ariaLabel":"Chercher vers le bas"},{"$i":"frequency-op-seekup","ariaLabel":"Chercher vers le haut"},{"$i":"power-switch-on","ariaLabel":"Activé"},{"$i":"power-switch-off","ariaLabel":"Désactivé"},{"$i":"frequency-list-container","ariaLabel":"Stations favorites"},{"$i":"kai-station-added","$v":"Station ajoutée aux favoris"},{"$i":"kai-station-removed","$v":"Station retirée des favoris"},{"$i":"kai-changes-saved","$v":"Modifications enregistrées"},{"$i":"kai-fm-radio","$v":"Radio FM"},{"$i":"kai-edit-favorites","$v":"Modifier les favoris"},{"$i":"kai-all-stations","$v":"Toutes les stations"},{"$i":"kai-stations-scanning","$v":"Balayage..."},{"$i":"kai-scanning-completed","$v":"Balayage terminé"},{"$i":"kai-scanning-failed","$v":"Échec du balayage"},{"$i":"kai-scanning-abort","$v":"Abandonner le balayage"},{"$i":"options","$v":"Options"},{"$i":"stations-list-header","$v":"Stations"},{"$i":"switchToHeadphones","$v":"Changer au mode écouteurs"},{"$i":"switchToSpeaker","$v":"Changer à haut-parleur"},{"$i":"play","$v":"Écouter"},{"$i":"pause","$v":"Pause"},{"$i":"rename","$v":"Renommer"},{"$i":"cancel","$v":"Annuler"},{"$i":"unfavorite","$v":"Retirer des favoris"},{"$i":"add-to-favorites","$v":"Ajouter aux favoris"},{"$i":"edit-favorites","$v":"Modifier les favoris"},{"$i":"save","$v":"Enregistrer"},{"$i":"select","$v":"Sélectionner"},{"$i":"settings","$v":"Réglages"},{"$i":"volume","$v":"Volume"},{"$i":"abort","$v":"Abandonner"},{"$i":"allstations","$v":"Stations"},{"$i":"favorites","$v":"Favoris"},{"$i":"scan-stations","$v":"Balayer les stations"},{"$i":"turn-on","$v":"Activer"},{"$i":"turn-off","$v":"Désactiver"},{"$i":"ok","$v":"OK"},{"$i":"default-ok","$v":"OK"},{"$i":"save-ok","$v":"OK"},{"$i":"station-renamed","$v":"Station renommée."},{"$i":"turning-on","$v":"Activation..."},{"$i":"not-now","$v":"Pas maintenant"},{"$i":"scan","$v":"Rechercher"},{"$i":"record","$v":"Enregistrer"},{"$i":"stop-recording","$v":"Arrêter l'enregistrement"},{"$i":"my-recordings","$v":"Mes enregistrements"},{"$i":"no-sd-card-error","$v":"Insérez une carte SD et réglez le stockage de média par défaut à Externe pour enregistrer."},{"$i":"not-default-external","$v":"Réglez le stockage de média par défaut à Externe pour enregistrer."},{"$i":"record-saved-success","$v":[{"t":"idOrVar","v":"name"}," enregistré sur la carte SD > Radio FM."]},{"$i":"sd-card-full","$v":"La carte SD est pleine. Supprimez des fichiers de la carte SD pour libérer de l'espace."}]