[{"$i":"noAntenna","$v":"חבר מערכת ראש"},{"$i":"noAntennaMsg","$v":"רדיו FM מצריך אוזניה מחוברת לקליטת אותות רדיו."},{"$i":"airplaneModeHeader","$v":"מצב טיסה מופעל"},{"$i":"airplaneModeMsg","$v":"כבה מצב טיסה כדי להשתמש ברדיו FM."},{"$i":"noFavoritelistMsg","$v":"!הוסף כאן תחנות מועדפות"},{"$i":"scan-stations-msg","$v":"לסרוק את כל התחנות הזמינות?"},{"$i":"speaker-switch","ariaLabel":"רמקול"},{"$i":"bookmark-button","ariaLabel":"מועדף"},{"$i":"dialer-container","ariaLabel":"תדירות"},{"$i":"frequency-op-seekdown","ariaLabel":"חפש מטה"},{"$i":"frequency-op-seekup","ariaLabel":"חפש מעלה"},{"$i":"power-switch-on","ariaLabel":"מופעל"},{"$i":"power-switch-off","ariaLabel":"כבוי"},{"$i":"frequency-list-container","ariaLabel":"תחנות מועדפות"},{"$i":"kai-station-added","$v":"התחנה נוספה למועדפים"},{"$i":"kai-station-removed","$v":"התחנה הוסרה מהמועדפים"},{"$i":"kai-changes-saved","$v":"השינויים נשמרו"},{"$i":"kai-fm-radio","$v":"רדיו FM"},{"$i":"kai-edit-favorites","$v":"שנה שם"},{"$i":"kai-all-stations","$v":"כל התחנות"},{"$i":"kai-stations-scanning","$v":"סורק ..."},{"$i":"kai-scanning-completed","$v":"הסריקה הושלמה"},{"$i":"kai-scanning-failed","$v":"הסריקה נכשלה"},{"$i":"kai-scanning-abort","$v":"סורק הפלה"},{"$i":"options","$v":"אפשרויות"},{"$i":"stations-list-header","$v":"תחנות"},{"$i":"switchToHeadphones","$v":"עבור לאוזניות"},{"$i":"switchToSpeaker","$v":"עבור לרמקול"},{"$i":"play","$v":"נגן"},{"$i":"pause","$v":"הפסקה"},{"$i":"rename","$v":"שנה שם"},{"$i":"cancel","$v":"בטל"},{"$i":"unfavorite","$v":"בטל סימון מועדף"},{"$i":"add-to-favorites","$v":"הוסף למועדפים"},{"$i":"edit-favorites","$v":"ערוך מועדפים"},{"$i":"save","$v":"שמור"},{"$i":"select","$v":"בחר"},{"$i":"settings","$v":"הגדרות"},{"$i":"volume","$v":"עוצמת קול"},{"$i":"abort","$v":"בטל"},{"$i":"allstations","$v":"תחנות"},{"$i":"favorites","$v":"מועדפים"},{"$i":"scan-stations","$v":"סרוק תחנות"},{"$i":"turn-on","$v":"הפעל"},{"$i":"turn-off","$v":"כבה"},{"$i":"ok","$v":"אישור"},{"$i":"default-ok","$v":"אישור"},{"$i":"save-ok","$v":"אישור"},{"$i":"station-renamed","$v":"שם התחנה שונה."},{"$i":"turning-on","$v":"מפעיל..."},{"$i":"not-now","$v":"לא כעת"},{"$i":"scan","$v":"סרוק"},{"$i":"record","$v":"תקליט"},{"$i":"stop-recording","$v":"הפסק להקליט"},{"$i":"my-recordings","$v":"ההקלטות שלי"},{"$i":"no-sd-card-error","$v":"הכנס כרטיס SD וקבע את ברירת המחדל לאחסון במדיה חיצונית לשם הקלטה."},{"$i":"not-default-external","$v":"קבע את ברירת המחדל לאחסון במדיה חיצונית לשם הקלטה."},{"$i":"record-saved-success","$v":[{"t":"idOrVar","v":"name"}," נשמר בכרטיס SD > רדיו FM."]},{"$i":"sd-card-full","$v":"כרטיס SD מלא. מחק קבצים בכרטיס SD כדי לפנות מקום."}]