[{"$i":"noAntenna","$v":"Priključite slušalice"},{"$i":"noAntennaMsg","$v":"Da biste primali radijske signale putem FM radija, potrebno je priključiti naglavne slušalice."},{"$i":"airplaneModeHeader","$v":"Zrakoplovni način uključen"},{"$i":"airplaneModeMsg","$v":"Za kor. FM radija isklj. zrak. način."},{"$i":"noFavoritelistMsg","$v":"Dodajte omiljene postaje ovdje!"},{"$i":"scan-stations-msg","$v":"Sken. sve dostupne post.?"},{"$i":"speaker-switch","ariaLabel":"Zvučnik"},{"$i":"bookmark-button","ariaLabel":"Omiljeno"},{"$i":"dialer-container","ariaLabel":"Frekvencija"},{"$i":"frequency-op-seekdown","ariaLabel":"Traži dolje"},{"$i":"frequency-op-seekup","ariaLabel":"Traži gore"},{"$i":"power-switch-on","ariaLabel":"Uključeno"},{"$i":"power-switch-off","ariaLabel":"Isključeno"},{"$i":"frequency-list-container","ariaLabel":"Omiljene stanice"},{"$i":"kai-station-added","$v":"Stanica je dodana u favorite"},{"$i":"kai-station-removed","$v":"Stanica je uklonjena iz favorita"},{"$i":"kai-changes-saved","$v":"Promjene spremljene"},{"$i":"kai-fm-radio","$v":"FM radio"},{"$i":"kai-edit-favorites","$v":"Preimenuj"},{"$i":"kai-all-stations","$v":"Sve stanice"},{"$i":"kai-stations-scanning","$v":"Skeniranje..."},{"$i":"kai-scanning-completed","$v":"Skeniranje je dovršeno"},{"$i":"kai-scanning-failed","$v":"Skeniranje nije uspjelo"},{"$i":"kai-scanning-abort","$v":"Skeniranje prekida"},{"$i":"options","$v":"Opcije"},{"$i":"stations-list-header","$v":"Postaje"},{"$i":"switchToHeadphones","$v":"Prebaci na slušalice"},{"$i":"switchToSpeaker","$v":"Prebaci na zvučnik"},{"$i":"play","$v":"Reproduciraj"},{"$i":"pause","$v":"Stanka"},{"$i":"rename","$v":"Preimenuj"},{"$i":"cancel","$v":"Poništi"},{"$i":"unfavorite","$v":"Ukloni iz favorita"},{"$i":"add-to-favorites","$v":"Dodaj u omiljene"},{"$i":"edit-favorites","$v":"Uređivanje favorita"},{"$i":"save","$v":"Spremi"},{"$i":"select","$v":"Odaberi"},{"$i":"settings","$v":"Postavke"},{"$i":"volume","$v":"Glasnoća"},{"$i":"abort","$v":"Prekini"},{"$i":"allstations","$v":"Postaje"},{"$i":"favorites","$v":"Omiljeni"},{"$i":"scan-stations","$v":"Skeniraj postaje"},{"$i":"turn-on","$v":"Uključi"},{"$i":"turn-off","$v":"Isključi"},{"$i":"ok","$v":"U redu"},{"$i":"default-ok","$v":"U redu"},{"$i":"save-ok","$v":"U redu"},{"$i":"station-renamed","$v":"Postaja preimenovana."},{"$i":"turning-on","$v":"Uključivanje..."},{"$i":"not-now","$v":"Ne sada"},{"$i":"scan","$v":"Sken."},{"$i":"record","$v":"Snimiti"},{"$i":"stop-recording","$v":"Zaustavite snimanje"},{"$i":"my-recordings","$v":"Moje snimke"},{"$i":"no-sd-card-error","$v":"Umetnite SD karticu i postavite zadanu medijsku pohranu na vanjsku za snimanje."},{"$i":"not-default-external","$v":"Postavite zadanu medijsku pohranu na vanjsku za snimanje."},{"$i":"record-saved-success","$v":[{"t":"idOrVar","v":"name"}," spremljen na SD karticu > FM Radio."]},{"$i":"sd-card-full","$v":"SD kartica puna. Izbrišite datoteke na SD kartici da biste oslobodili prostor."}]