[{"$i":"noAntenna","$v":"Csatlakoztasson egy headsetet"},{"$i":"noAntennaMsg","$v":"A rádiójelek vételéhez csatlakoztasson egy headsetet."},{"$i":"airplaneModeHeader","$v":"Repülőgép üzemmód bekapcsolva"},{"$i":"airplaneModeMsg","$v":"Kapcsolja ki a repülőgép üzemmódot az FM rádió használatához."},{"$i":"noFavoritelistMsg","$v":"Itt adja hozzá a kedvenc állomásait!"},{"$i":"scan-stations-msg","$v":"Minden elérhető csatorna keresése?"},{"$i":"speaker-switch","ariaLabel":"Hangszóró"},{"$i":"bookmark-button","ariaLabel":"Kedvenc"},{"$i":"dialer-container","ariaLabel":"Frekvencia"},{"$i":"frequency-op-seekdown","ariaLabel":"Keresés lefelé"},{"$i":"frequency-op-seekup","ariaLabel":"Keresés felfelé"},{"$i":"power-switch-on","ariaLabel":"Be"},{"$i":"power-switch-off","ariaLabel":"Ki"},{"$i":"frequency-list-container","ariaLabel":"Kedvenc állomások"},{"$i":"kai-station-added","$v":"Állomás hozzáadva a kedvencekhez"},{"$i":"kai-station-removed","$v":"Állomás eltávolítva a kedvencek közül"},{"$i":"kai-changes-saved","$v":"Módosítások elmentve"},{"$i":"kai-fm-radio","$v":"FM rádió"},{"$i":"kai-edit-favorites","$v":"Állomás átnevezése"},{"$i":"kai-all-stations","$v":"Összes állomás"},{"$i":"kai-stations-scanning","$v":"Keresés..."},{"$i":"kai-scanning-completed","$v":"Keresés befejezve"},{"$i":"kai-scanning-failed","$v":"Keresés sikertelen"},{"$i":"kai-scanning-abort","$v":"Keresés megszakítása"},{"$i":"options","$v":"Opciók"},{"$i":"stations-list-header","$v":"Állomások"},{"$i":"switchToHeadphones","$v":"Váltás fejhallgatóra"},{"$i":"switchToSpeaker","$v":"Átváltás hangszóróra"},{"$i":"play","$v":"Lejátszás"},{"$i":"pause","$v":"Szüneteltetés"},{"$i":"rename","$v":"Állomás átnevezése"},{"$i":"cancel","$v":"Mégse"},{"$i":"unfavorite","$v":"Eltávolítás a kedvencek közül"},{"$i":"add-to-favorites","$v":"Hozzáadás a kedvencekhez"},{"$i":"edit-favorites","$v":"Kedvencek szerkesztése"},{"$i":"save","$v":"Mentés"},{"$i":"select","$v":"Kiválasztás"},{"$i":"settings","$v":"Beállítások"},{"$i":"volume","$v":"Hangerő"},{"$i":"abort","$v":"Megszakítás"},{"$i":"allstations","$v":"Állomások"},{"$i":"favorites","$v":"Kedvencek"},{"$i":"scan-stations","$v":"Állomások keresése"},{"$i":"turn-on","$v":"Bekapcsolás"},{"$i":"turn-off","$v":"Kikapcsolás"},{"$i":"ok","$v":"OK"},{"$i":"default-ok","$v":"OK"},{"$i":"save-ok","$v":"OK"},{"$i":"station-renamed","$v":"Állomás átnevezve."},{"$i":"turning-on","$v":"Bekapcsolás..."},{"$i":"not-now","$v":"Most nem"},{"$i":"scan","$v":"Keresés"},{"$i":"record","$v":"Rögzítés"},{"$i":"stop-recording","$v":"Rögzítés leállítása"},{"$i":"my-recordings","$v":"Saját felvételeim"},{"$i":"no-sd-card-error","$v":"Helyezzen be egy SD-kártyát, és állítsa be alapértelmezettként a külső médiatárhelyet a rögzítéshez."},{"$i":"not-default-external","$v":"Rögzítéshez állítsa be alapértelmezettként a külső médiatárhelyet."},{"$i":"record-saved-success","$v":[{"t":"idOrVar","v":"name"}," mentve ide: SD kártya > FM-rádió."]},{"$i":"sd-card-full","$v":"Az SD-kártya megtelt. Töröljön fájlokat az SD-kártyáról a memória felszabadítása érdekében."}]