[{"$i":"noAntenna","$v":"Միացրեք ակնջկլնր"},{"$i":"noAntennaMsg","$v":"FM ռադիոն պահանջում է միացված ականջակալներ՝ ռադիո ազդանշանները ստանալու համար:"},{"$i":"airplaneModeHeader","$v":"Օդնվի ռեժիմը մցվծ է"},{"$i":"airplaneModeMsg","$v":"Անջտ ինքնթռ ռժմ FM ռադիոն օգտ հմր:"},{"$i":"noFavoritelistMsg","$v":"Ավելացրեք նախընտրելի կայաններն այստեղ։"},{"$i":"scan-stations-msg","$v":"Որոնե՞լ բոլոր հասանելի կայանների համար։"},{"$i":"speaker-switch","ariaLabel":"Բարձրախոս"},{"$i":"bookmark-button","ariaLabel":"Գերադասելի"},{"$i":"dialer-container","ariaLabel":"Հճխկնթյ"},{"$i":"frequency-op-seekdown","ariaLabel":"Փնտրել վար"},{"$i":"frequency-op-seekup","ariaLabel":"Փնտրել վեր"},{"$i":"power-switch-on","ariaLabel":"Միացված է"},{"$i":"power-switch-off","ariaLabel":"Անջատված է"},{"$i":"frequency-list-container","ariaLabel":"Նախընտրելի կայաններ"},{"$i":"kai-station-added","$v":"Կայանը ավելացվել է նախընտրածներին"},{"$i":"kai-station-removed","$v":"Կայանը հանվել է Ընտրվածներից"},{"$i":"kai-changes-saved","$v":"Փոփոխությունները պահվեցին"},{"$i":"kai-fm-radio","$v":"FM ռադիո"},{"$i":"kai-edit-favorites","$v":"Վերանվանել"},{"$i":"kai-all-stations","$v":"Բոլոր կայանները"},{"$i":"kai-stations-scanning","$v":"Սկանավորում ..."},{"$i":"kai-scanning-completed","$v":"Սկանավորումն ավարտված է"},{"$i":"kai-scanning-failed","$v":"Սկանավորումը ձախողվեց"},{"$i":"kai-scanning-abort","$v":"Սկան դադարելը"},{"$i":"options","$v":"Ընտրանքներ"},{"$i":"stations-list-header","$v":"Կայաններ"},{"$i":"switchToHeadphones","$v":"Միացնել ականջակալները"},{"$i":"switchToSpeaker","$v":"Փոխարկել բարձրախոսին"},{"$i":"play","$v":"Նվագարկել"},{"$i":"pause","$v":"Դադարեցնել"},{"$i":"rename","$v":"Վերանվանել"},{"$i":"cancel","$v":"Չեղարկել"},{"$i":"unfavorite","$v":"Չհավանել"},{"$i":"add-to-favorites","$v":"Ավլցն նախընտրածներին"},{"$i":"edit-favorites","$v":"Խմբգրլ ընտրնանին"},{"$i":"save","$v":"Պահել"},{"$i":"select","$v":"Ընտրել"},{"$i":"settings","$v":"Պարամետրեր"},{"$i":"volume","$v":"Ձայն"},{"$i":"abort","$v":"Ընդհատել"},{"$i":"allstations","$v":"Կայաններ"},{"$i":"favorites","$v":"Ընտրանի"},{"$i":"scan-stations","$v":"Որոնել կայանները"},{"$i":"turn-on","$v":"Միացնել"},{"$i":"turn-off","$v":"Անջատել"},{"$i":"ok","$v":"OK"},{"$i":"default-ok","$v":"OK"},{"$i":"save-ok","$v":"OK"},{"$i":"station-renamed","$v":"Կայանն անվանափոխվեց։"},{"$i":"turning-on","$v":"Միացվում է․․․"},{"$i":"not-now","$v":"Հիմա չէ"},{"$i":"scan","$v":"Որոնել"},{"$i":"record","$v":"Գրառում"},{"$i":"stop-recording","$v":"Դադարեցնել ձայնագրությունը"},{"$i":"my-recordings","$v":"Իմ ձայնագրումները"},{"$i":"no-sd-card-error","$v":"Տեղադրեք SD քարտը և տեղակայեք մեդիայի պահման կանխադրյալը արտաքին՝ ձայնագրելու համար:"},{"$i":"not-default-external","$v":"Տեղակայեք մեդիայի պահման կանխադրյալը արտաքին՝ ձայնագրելու համար:"},{"$i":"record-saved-success","$v":[{"t":"idOrVar","v":"name"},"-ը պահվեց SD քարտի վրա > FM Ռադիո:"]},{"$i":"sd-card-full","$v":"SD քարտ ՝ ամբողջական: Տեղերը ազատելու համար ջնջեք ֆայլերը SD քարտում:"}]