[{"$i":"noAntenna","$v":"ყურსასმენის შეერთება"},{"$i":"noAntennaMsg","$v":"FM რადიოს ჭირდება შეერთებული ყურსასმენი რადიო სიგნალების მისაღებად."},{"$i":"airplaneModeHeader","$v":"თვითმფ. რეჟიმი ჩართ."},{"$i":"airplaneModeMsg","$v":"FM რადიოს გამოსაყენებლად, გამორთეთ ფრენის რეჟიმი."},{"$i":"noFavoritelistMsg","$v":"დაამატეთ რჩეული სადგურები აქ!"},{"$i":"scan-stations-msg","$v":"დავასკანერო ყველა ხელმისაწვდომი სადგური?"},{"$i":"speaker-switch","ariaLabel":"დინამიკი"},{"$i":"bookmark-button","ariaLabel":"რჩეული"},{"$i":"dialer-container","ariaLabel":"სიხშირე"},{"$i":"frequency-op-seekdown","ariaLabel":"ძებნა ქვედა მიმართ."},{"$i":"frequency-op-seekup","ariaLabel":"ძებნა ზედა მიმართ."},{"$i":"power-switch-on","ariaLabel":"ჩართული"},{"$i":"power-switch-off","ariaLabel":"გამორთული"},{"$i":"frequency-list-container","ariaLabel":"რჩეული სადგურები"},{"$i":"kai-station-added","$v":"სადგური დაემატა ფავორიტებს"},{"$i":"kai-station-removed","$v":"სადგური ამოიღეს ფავორიტებისაგან"},{"$i":"kai-changes-saved","$v":"ცვლილებები შენახულია"},{"$i":"kai-fm-radio","$v":"FM რადიო"},{"$i":"kai-edit-favorites","$v":"სახელის გადარქმევა"},{"$i":"kai-all-stations","$v":"ყველა სადგური"},{"$i":"kai-stations-scanning","$v":"სკანირება ..."},{"$i":"kai-scanning-completed","$v":"სკანირება დასრულებულია"},{"$i":"kai-scanning-failed","$v":"სკანირება ვერ მოხერხდა"},{"$i":"kai-scanning-abort","$v":"სკანირების შეწყვეტა"},{"$i":"options","$v":"პარამე."},{"$i":"stations-list-header","$v":"სადგურები"},{"$i":"switchToHeadphones","$v":"ყურსასმენებზე გადართვა"},{"$i":"switchToSpeaker","$v":"დინამიკზე გადართვა"},{"$i":"play","$v":"დაკვრა"},{"$i":"pause","$v":"პაუზა"},{"$i":"rename","$v":"სახელის გადარქმევა"},{"$i":"cancel","$v":"გაუქმება"},{"$i":"unfavorite","$v":"არასასურველი"},{"$i":"add-to-favorites","$v":"ფავოტირებში დამატება"},{"$i":"edit-favorites","$v":"რჩეულების რედაქტირება"},{"$i":"save","$v":"შენახვა"},{"$i":"select","$v":"არჩევა"},{"$i":"settings","$v":"პარამეტრები"},{"$i":"volume","$v":"ხმა"},{"$i":"abort","$v":"გაუქმება"},{"$i":"allstations","$v":"სადგურები"},{"$i":"favorites","$v":"ფავორიტები"},{"$i":"scan-stations","$v":"სადგურების სკანირება"},{"$i":"turn-on","$v":"ჩართვა"},{"$i":"turn-off","$v":"გამორ."},{"$i":"ok","$v":"OK"},{"$i":"default-ok","$v":"OK"},{"$i":"save-ok","$v":"OK"},{"$i":"station-renamed","$v":"სადგურის სახელის გადარქმ."},{"$i":"turning-on","$v":"ჩართვა..."},{"$i":"not-now","$v":"ახლა არა"},{"$i":"scan","$v":"სკანირება"},{"$i":"record","$v":"ჩანაწერი"},{"$i":"stop-recording","$v":"ჩაწერის შეჩერება"},{"$i":"my-recordings","$v":"ჩემი ჩანაწერები"},{"$i":"no-sd-card-error","$v":"გთხოვთ, ჩასვათ მეხსიერების ბარათი და დააყენოთ ნაგულისხმევი მედიის მეხსიერება გარეთაზე ჩასაწერად."},{"$i":"not-default-external","$v":"დააყენეთ ნაგულისხმევი მედიის საცავი გარეთაზე ჩასაწერად."},{"$i":"record-saved-success","$v":[{"t":"idOrVar","v":"name"}," შენახულია მეხსიერების ბარათზე > FM რადიო."]},{"$i":"sd-card-full","$v":"SD ბარათი სრული. SD ბარათის ფაილების წაშლა, სივრცის გასათავისუფლებლად."}]