[{"$i":"noAntenna","$v":"ដោត​កាស"},{"$i":"noAntennaMsg","$v":"វិទ្យុ FM ត្រូវការ​កាស​ដោត​មួយ​ដើម្បី​ទទួល​សញ្ញា​វិទ្យុ​បាន។"},{"$i":"airplaneModeHeader","$v":"ទម្រង់​លើ​យន្តហោះ​បើក"},{"$i":"airplaneModeMsg","$v":"បិទ​ម៉ូដ​យន្តហោះ​ដើម្បី​ប្រើ​វិទ្យុ FM។"},{"$i":"noFavoritelistMsg","$v":"បន្ថែម​ស្ថានីយ​សំណព្វ​ត្រង់​នេះ!"},{"$i":"scan-stations-msg","$v":"ស្កេ​ន​រក​ស្ថានីយ​ដែល​មាន​ទាំង​អស់?"},{"$i":"speaker-switch","ariaLabel":"អូបាល័រ"},{"$i":"bookmark-button","ariaLabel":"សំណព្វ"},{"$i":"dialer-container","ariaLabel":"ប្រេកង់"},{"$i":"frequency-op-seekdown","ariaLabel":"រក​ទៅ​ក្រោម"},{"$i":"frequency-op-seekup","ariaLabel":"ស្វែង​រក​ទៅ​លើ"},{"$i":"power-switch-on","ariaLabel":"បើក"},{"$i":"power-switch-off","ariaLabel":"បិទ"},{"$i":"frequency-list-container","ariaLabel":"ស្ថានីយ​ដែល​ជា​សំណព្វ"},{"$i":"kai-station-added","$v":"ស្ថានីយ៍បានបន្ថែមទៅសំណព្វ"},{"$i":"kai-station-removed","$v":"ស្ថានីយ៍បានយកចេញពីសំណព្វ"},{"$i":"kai-changes-saved","$v":"បាន​រក្សា​ទុក​ការផ្លាស់​ប្ដូរ"},{"$i":"kai-fm-radio","$v":"វិទ្យុ FM"},{"$i":"kai-edit-favorites","$v":"ប្ដូរ​ឈ្មោះ"},{"$i":"kai-all-stations","$v":"ស្ថានីយ៍ទាំងអស់"},{"$i":"kai-stations-scanning","$v":"កំពុងស្កេន ..."},{"$i":"kai-scanning-completed","$v":"ការស្កេនបានបញ្ចប់"},{"$i":"kai-scanning-failed","$v":"ការស្កេនបានបរាជ័យ"},{"$i":"kai-scanning-abort","$v":"ការស្កេនបោះបង់"},{"$i":"options","$v":"ជម្រើស"},{"$i":"stations-list-header","$v":"ស្ថានីយ"},{"$i":"switchToHeadphones","$v":"ប្ដូរ​ទៅ​កាស"},{"$i":"switchToSpeaker","$v":"ប្ដូរ​ទៅ​អូបាល័រ"},{"$i":"play","$v":"ចាក់"},{"$i":"pause","$v":"ផ្អាក"},{"$i":"rename","$v":"ប្ដូរ​ឈ្មោះ"},{"$i":"cancel","$v":"បោះ​បង់"},{"$i":"unfavorite","$v":"ដក​ពី​សំណព្វ"},{"$i":"add-to-favorites","$v":"បន្ថែម​ទៅ​សំណព្វ"},{"$i":"edit-favorites","$v":"កែ​សម្រួល​សំណព្វ"},{"$i":"save","$v":"រក្សា​ទុក"},{"$i":"select","$v":"ជ្រើស"},{"$i":"settings","$v":"ការកំណត់"},{"$i":"volume","$v":"កម្រិត​សំឡេង"},{"$i":"abort","$v":"បោះបង់"},{"$i":"allstations","$v":"ស្ថានីយ"},{"$i":"favorites","$v":"សំណព្វ"},{"$i":"scan-stations","$v":"ស្កេន​រក​ស្ថានីយ"},{"$i":"turn-on","$v":"បើក"},{"$i":"turn-off","$v":"បិទ"},{"$i":"ok","$v":"យល់ព្រម"},{"$i":"default-ok","$v":"យល់ព្រម"},{"$i":"save-ok","$v":"យល់ព្រម"},{"$i":"station-renamed","$v":"បាន​ប្ដូរ​ឈ្មោះ​ស្ថានីយ។"},{"$i":"turning-on","$v":"កំពុង​បើក..."},{"$i":"not-now","$v":"កុំ​ទាន់"},{"$i":"scan","$v":"ស្កេន"},{"$i":"record","$v":"កត់ត្រា"},{"$i":"stop-recording","$v":"បញ្ឈប់ការថត"},{"$i":"my-recordings","$v":"ការថតរបស់ខ្ញុំ"},{"$i":"no-sd-card-error","$v":"សូមបញ្ចូលកាត SD និងកំណត់ឧបករណ៍ផ្ទុកមេឌៀលំនាំដើមទៅខាងក្រៅដើម្បីថត។"},{"$i":"not-default-external","$v":"សូមកំណត់ការផ្ទុកមេឌៀលំនាំដើមទៅខាងក្រៅដើម្បីថត។"},{"$i":"record-saved-success","$v":[{"t":"idOrVar","v":"name"}," បានរក្សាទុកទៅជាកាត SD > វិទ្យុ FM ។"]},{"$i":"sd-card-full","$v":"កាតអេសឌីពេញ។ លុបឯកសារនៅក្នុងកាតអេសឌីដើម្បីបង្កើនទំហំទំនេរ។"}]