[{"$i":"noAntenna","$v":"Prij. aus.-mikr."},{"$i":"noAntennaMsg","$v":"Kad FM rad. galėtų priimti radijo sign, reikia prijungti ausin."},{"$i":"airplaneModeHeader","$v":"Lėkt. rež. įjungtas"},{"$i":"airplaneModeMsg","$v":"Išjunkite lėktuvo režimą, kad galėtumėte klausytis FM radijo."},{"$i":"noFavoritelistMsg","$v":"Čia įtraukite mėgstamas stotis!"},{"$i":"scan-stations-msg","$v":"Ieškoti visų galimų stočių?"},{"$i":"speaker-switch","ariaLabel":"Garsiakalbis"},{"$i":"bookmark-button","ariaLabel":"Mėgstam."},{"$i":"dialer-container","ariaLabel":"Dažnis"},{"$i":"frequency-op-seekdown","ariaLabel":"Ieškoti apačioje"},{"$i":"frequency-op-seekup","ariaLabel":"Ieškoti viršuje"},{"$i":"power-switch-on","ariaLabel":"Įj."},{"$i":"power-switch-off","ariaLabel":"Išjungti"},{"$i":"frequency-list-container","ariaLabel":"Mėgstamos stotys"},{"$i":"kai-station-added","$v":"Stotis pridėta prie parankinių"},{"$i":"kai-station-removed","$v":"Stotis pašalinta iš parankinių"},{"$i":"kai-changes-saved","$v":"Pak. išsaug."},{"$i":"kai-fm-radio","$v":"FM rad."},{"$i":"kai-edit-favorites","$v":"Pervd."},{"$i":"kai-all-stations","$v":"Visos stotys"},{"$i":"kai-stations-scanning","$v":"Nuskaitymas ..."},{"$i":"kai-scanning-completed","$v":"Nuskaitymas baigtas"},{"$i":"kai-scanning-failed","$v":"Nuskaityti nepavyko"},{"$i":"kai-scanning-abort","$v":"Nuskaitymas nutrauktas"},{"$i":"options","$v":"Funkc."},{"$i":"stations-list-header","$v":"Stotys"},{"$i":"switchToHeadphones","$v":"Perjungti į ausines"},{"$i":"switchToSpeaker","$v":"Perjungti į garsiakalbį"},{"$i":"play","$v":"Atk."},{"$i":"pause","$v":"Prist."},{"$i":"rename","$v":"Pervd."},{"$i":"cancel","$v":"Atš."},{"$i":"unfavorite","$v":"Pašalinti iš adresyno"},{"$i":"add-to-favorites","$v":"Įtr. į mėgstamus"},{"$i":"edit-favorites","$v":"Redag. mėgstam."},{"$i":"save","$v":"Išsg."},{"$i":"select","$v":"Rinktis"},{"$i":"settings","$v":"Parametrai"},{"$i":"volume","$v":"Garsumas"},{"$i":"abort","$v":"Nutraukti"},{"$i":"allstations","$v":"Stotys"},{"$i":"favorites","$v":"Mėgstami"},{"$i":"scan-stations","$v":"Nuskaityti stotis"},{"$i":"turn-on","$v":"Įjungti"},{"$i":"turn-off","$v":"Išjungti"},{"$i":"ok","$v":"GERAI"},{"$i":"default-ok","$v":"Gerai"},{"$i":"save-ok","$v":"Gerai"},{"$i":"station-renamed","$v":"Stotis pervardyta."},{"$i":"turning-on","$v":"Įjungiama..."},{"$i":"not-now","$v":"Ne dabar"},{"$i":"scan","$v":"Ieškoti"},{"$i":"record","$v":"Įrašai"},{"$i":"stop-recording","$v":"Sustabdyti įrašymą"},{"$i":"my-recordings","$v":"Mano įrašai"},{"$i":"no-sd-card-error","$v":"Įdėkite SD kort. ir nustatykite numatyt. medijos saugyklą į išorinę, kad įrašytumėte."},{"$i":"not-default-external","$v":"Nustatykite numatyt. medijos saugyklą į išorinę, kad įrašytumėte."},{"$i":"record-saved-success","$v":[{"t":"idOrVar","v":"name"}," išsaugota į „SD kortelė“ > „FM radijas“."]},{"$i":"sd-card-full","$v":"SD kortelė pilna. Ištrinkite failus iš SD kortelės, kad atlaisvintumėte vietos."}]