[{"$i":"noAntenna","$v":"हेडसेटमा प्लग इन गर्नुहोस्"},{"$i":"noAntennaMsg","$v":"रेडियो सिग्नलहरू प्राप्त गर्नको लागि हेडफोनहरू प्लग इन गर्नुहोस्।"},{"$i":"airplaneModeHeader","$v":"विमान मोड अन छ"},{"$i":"airplaneModeMsg","$v":"FM रेडियोको प्रयोग गर्न एयरप्लेन मोड बन्द गर्नुहोस्"},{"$i":"noFavoritelistMsg","$v":"मनपर्ने स्टेशनहरू यहाँ थप्नुहोस्!"},{"$i":"scan-stations-msg","$v":"सबै उपलब्ध स्टेसनहरू स्क्यान गर्ने?"},{"$i":"speaker-switch","ariaLabel":"स्पिकर"},{"$i":"bookmark-button","ariaLabel":"मनपर्ने"},{"$i":"dialer-container","ariaLabel":"आवृत्ति"},{"$i":"frequency-op-seekdown","ariaLabel":"तल खोज्नुहोस्"},{"$i":"frequency-op-seekup","ariaLabel":"माथि खोज्नुहोस्"},{"$i":"power-switch-on","ariaLabel":"खुला"},{"$i":"power-switch-off","ariaLabel":"निष्क्रिय"},{"$i":"frequency-list-container","ariaLabel":"मनपर्ने स्टेशनहरू"},{"$i":"kai-station-added","$v":"मनपर्नेहरूमा स्टेशन थपियो"},{"$i":"kai-station-removed","$v":"मनपर्नेहरूबाट हटाइएका स्टेशनहरू"},{"$i":"kai-changes-saved","$v":"परिवर्तनहरू बचत गरियो"},{"$i":"kai-fm-radio","$v":"FM रेडियो"},{"$i":"kai-edit-favorites","$v":"स्टेशनको नाम फेर्नुहोस्"},{"$i":"kai-all-stations","$v":"सबै स्टेशनहरू"},{"$i":"kai-stations-scanning","$v":"सक्यान गर्दै..."},{"$i":"kai-scanning-completed","$v":"स्क्यानिङ पूरा भयो"},{"$i":"kai-scanning-failed","$v":"स्क्यानिङ असफल भयो"},{"$i":"kai-scanning-abort","$v":"स्क्यानिङ समापन गरियो"},{"$i":"options","$v":"विकल्पहरू"},{"$i":"stations-list-header","$v":"स्टेशनहरू"},{"$i":"switchToHeadphones","$v":"हेडफोनहरूमा स्विच गर्नुहोस्"},{"$i":"switchToSpeaker","$v":"स्पीकर स्विच गर्नुहोस्"},{"$i":"play","$v":"चलाउनुहोस्"},{"$i":"pause","$v":"पज गर्नुहोस्"},{"$i":"rename","$v":"स्टेशनको नाम फेर्नुहोस्"},{"$i":"cancel","$v":"रद्द गर्नुहोस्"},{"$i":"unfavorite","$v":"मनपर्नेहरूबाट हटाउनुहोस्"},{"$i":"add-to-favorites","$v":"मनपर्नेहरूमा थप्नुहोस्"},{"$i":"edit-favorites","$v":"मनपर्नेहरू सम्पादन गर्नुहोस्"},{"$i":"save","$v":"सुरक्षित गर्नुहोस्"},{"$i":"select","$v":"चयन गर्नुहोस्"},{"$i":"settings","$v":"सेटिङ्हरू"},{"$i":"volume","$v":"मात्रा"},{"$i":"abort","$v":"समापन गर्नुहोस्"},{"$i":"allstations","$v":"स्टेशनहरू"},{"$i":"favorites","$v":"मनपर्नेहरू"},{"$i":"scan-stations","$v":"स्टेशनहरू स्क्यान गर्नुहोस्"},{"$i":"turn-on","$v":"सक्रिय गर्नुहोस्"},{"$i":"turn-off","$v":"अफ गर्नुहोस्"},{"$i":"ok","$v":"ठीक छ"},{"$i":"default-ok","$v":"ठीक छ"},{"$i":"save-ok","$v":"ठीक छ"},{"$i":"station-renamed","$v":"स्टेशन पुन: नामाकरण गरियो।"},{"$i":"turning-on","$v":"चालू गर्दै..."},{"$i":"not-now","$v":"अहिले होईन"},{"$i":"scan","$v":"स्क्यान गर्नुहोस्"},{"$i":"record","$v":"रेकर्ड गर्नुहोस्"},{"$i":"stop-recording","$v":"रेकर्डिङ रोक्नुहोस्"},{"$i":"my-recordings","$v":"मेरा रेकर्डिङहरू"},{"$i":"no-sd-card-error","$v":"रेकर्ड गर्नका लागि कृपया एस.डि कार्ड घुसाउनुहोस् र पूर्वनिर्धारित मिडिया भण्डारणलाई बाह्यमा सेट गर्नहोस्।"},{"$i":"not-default-external","$v":"रेकर्ड गर्नका लागि कृपया पूर्वनिर्धारित मिडिया भण्डारणलाई बाह्यमा सेट गर्नहोस्।"},{"$i":"record-saved-success","$v":[{"t":"idOrVar","v":"Name"}," लाई एस.डी कार्ड > एफ.एम रेडियोमा बचत गरियो"]},{"$i":"sd-card-full","$v":"एस.डि कार्ड भरियो। स्थान खाली गर्न एस.डि कार्डमा रहेका फाइलहरूलाई मेटाउनुहोस्।"}]