[{"$i":"noAntenna","$v":"هیډ سټ وصل کړئ"},{"$i":"noAntennaMsg","$v":"د ایف ایم راډیو د سیګنل ترلاسه کولو لپاره هیډسټ اړین دی"},{"$i":"airplaneModeHeader","$v":"طیارې حالت فعال دی"},{"$i":"airplaneModeMsg","$v":"د راډیو د کارولو لباره د هوايي چلند حالت غیر فعال کړئ."},{"$i":"noFavoritelistMsg","$v":"غوره سټیشنې  دلته شاملې کړئ!"},{"$i":"scan-stations-msg","$v":"د ټولو موجود سټشنو لپاره سکین کوئ؟"},{"$i":"speaker-switch","ariaLabel":"سپیکر"},{"$i":"bookmark-button","ariaLabel":"غوره"},{"$i":"dialer-container","ariaLabel":"فریکوینسی"},{"$i":"frequency-op-seekdown","ariaLabel":"ښکته ولټوئ"},{"$i":"frequency-op-seekup","ariaLabel":"پورته ولټوئ"},{"$i":"power-switch-on","ariaLabel":"آن"},{"$i":"power-switch-off","ariaLabel":"خاموش"},{"$i":"frequency-list-container","ariaLabel":"غوره اسټیشنونه"},{"$i":"kai-station-added","$v":"سټیشن په خوښیو کې اضافه شوی"},{"$i":"kai-station-removed","$v":"سټیشن د مطلوب څخه لرې شوی"},{"$i":"kai-changes-saved","$v":"تغیرات ثبت شول"},{"$i":"kai-fm-radio","$v":"ایف ایم راډیو"},{"$i":"kai-edit-favorites","$v":"نوم بدل کړئ"},{"$i":"kai-all-stations","$v":"ټول سټیشنونه"},{"$i":"kai-stations-scanning","$v":"سکین کول ..."},{"$i":"kai-scanning-completed","$v":"سکینګ بشپړ دی"},{"$i":"kai-scanning-failed","$v":"سکینګ ناکام شو"},{"$i":"kai-scanning-abort","$v":"د سکینګ ضایع کول"},{"$i":"options","$v":"غوراوي"},{"$i":"stations-list-header","$v":"سټیشنې"},{"$i":"switchToHeadphones","$v":"هیډفونونو ته بدل کړئ"},{"$i":"switchToSpeaker","$v":"سپیکر ته بدل کړئ"},{"$i":"play","$v":"و چلوئ"},{"$i":"pause","$v":"توقف"},{"$i":"rename","$v":"نوم بدل کړئ"},{"$i":"cancel","$v":"کول"},{"$i":"unfavorite","$v":"ناخوښ"},{"$i":"add-to-favorites","$v":"غوراویو ته اضافه کړئ"},{"$i":"edit-favorites","$v":"غوره شیان اصلاح کړئ"},{"$i":"save","$v":"محفوظ کړئ"},{"$i":"select","$v":"انتخال کړئ"},{"$i":"settings","$v":"تنظیمات"},{"$i":"volume","$v":"والیوم"},{"$i":"abort","$v":"ترک کړئ"},{"$i":"allstations","$v":"سټیشنونه"},{"$i":"favorites","$v":"غوراوی"},{"$i":"scan-stations","$v":"سټیشنې سکین کړئ"},{"$i":"turn-on","$v":"فعال کړئ"},{"$i":"turn-off","$v":"بند کړئ"},{"$i":"ok","$v":"اوکی"},{"$i":"default-ok","$v":"اوکی"},{"$i":"save-ok","$v":"اوکی"},{"$i":"station-renamed","$v":"سټیشن به بیا نوم ورکړل شو."},{"$i":"turning-on","$v":"آن کیږي..."},{"$i":"not-now","$v":"اوس نه"},{"$i":"scan","$v":"سکین کړئ"},{"$i":"record","$v":"ریکارډ"},{"$i":"stop-recording","$v":"ثبت کول بند کړئ"},{"$i":"my-recordings","$v":"زما ریکارډنګونه‏"},{"$i":"no-sd-card-error","$v":"لطفاً SD کارت دننه کړئ او د ډیفالټ میډیا ذخیره د ریکارډ کولو لپاره بهرني ته برابر کړئ.‏"},{"$i":"not-default-external","$v":"لطفاً د ریکارډ کولو لپاره د ډیفالټ میډیا ذخیره بهرني ته برابر کړئ.‏"},{"$i":"record-saved-success","$v":[{"t":"idOrVar","v":"name"}," SD card > FM Radio ته محفوظ شو.‏"]},{"$i":"sd-card-full","$v":"د SD کارت ډک دی. د ځای خالي کولو لپاره په SD کارت کې فایلونه حذف کړئ."}]