[{"$i":"noAntenna","$v":"Conectați căștile"},{"$i":"noAntennaMsg","$v":"Conectați căștile pentru a avea semnal radio."},{"$i":"airplaneModeHeader","$v":"Modul avion este activat"},{"$i":"airplaneModeMsg","$v":"Dezactivați modul avion pentru a utiliza Radioul FM."},{"$i":"noFavoritelistMsg","$v":"Adăugați posturile favorite aici!"},{"$i":"scan-stations-msg","$v":"Căutați toate posturile disponibile?"},{"$i":"speaker-switch","ariaLabel":"Difuzor"},{"$i":"bookmark-button","ariaLabel":"Favorite"},{"$i":"dialer-container","ariaLabel":"Frecvență"},{"$i":"frequency-op-seekdown","ariaLabel":"Căutare în jos"},{"$i":"frequency-op-seekup","ariaLabel":"Căutare în sus"},{"$i":"power-switch-on","ariaLabel":"Activat"},{"$i":"power-switch-off","ariaLabel":"Dezactivat"},{"$i":"frequency-list-container","ariaLabel":"Posturi favorite"},{"$i":"kai-station-added","$v":"Post adăugat la Favorite"},{"$i":"kai-station-removed","$v":"Post eliminat din Favorite"},{"$i":"kai-changes-saved","$v":"Modificările au fost salvate"},{"$i":"kai-fm-radio","$v":"Radio FM"},{"$i":"kai-edit-favorites","$v":"Redenumire post"},{"$i":"kai-all-stations","$v":"Toate posturile"},{"$i":"kai-stations-scanning","$v":"Se caută…"},{"$i":"kai-scanning-completed","$v":"Căutare finalizată"},{"$i":"kai-scanning-failed","$v":"Căutare nereușită"},{"$i":"kai-scanning-abort","$v":"Anulare căutare"},{"$i":"options","$v":"Opțiuni"},{"$i":"stations-list-header","$v":"Posturi"},{"$i":"switchToHeadphones","$v":"Comutare pe căști"},{"$i":"switchToSpeaker","$v":"Comutați la difuzor"},{"$i":"play","$v":"Redare"},{"$i":"pause","$v":"Întrerupere"},{"$i":"rename","$v":"Redenumire post"},{"$i":"cancel","$v":"Anulare"},{"$i":"unfavorite","$v":"Ștergere din Favorite"},{"$i":"add-to-favorites","$v":"Adăugare la Favorite"},{"$i":"edit-favorites","$v":"Modificare Favorite"},{"$i":"save","$v":"Salvare"},{"$i":"select","$v":"Selectare"},{"$i":"settings","$v":"Setări"},{"$i":"volume","$v":"Volum"},{"$i":"abort","$v":"Renunțare"},{"$i":"allstations","$v":"Posturi"},{"$i":"favorites","$v":"Favorite"},{"$i":"scan-stations","$v":"Căutare posturi"},{"$i":"turn-on","$v":"Activare"},{"$i":"turn-off","$v":"Dezactivare"},{"$i":"ok","$v":"OK"},{"$i":"default-ok","$v":"OK"},{"$i":"save-ok","$v":"OK"},{"$i":"station-renamed","$v":"Post redenumit."},{"$i":"turning-on","$v":"Se pornește..."},{"$i":"not-now","$v":"Nu acum"},{"$i":"scan","$v":"Căutare"},{"$i":"record","$v":"Înregistrare"},{"$i":"stop-recording","$v":"Opriți înregistrarea"},{"$i":"my-recordings","$v":"Înregistrările mele"},{"$i":"no-sd-card-error","$v":"Pentru înregistrare, introduceți o cartelă SD și setați pe extern mediul de stocare implicit pentru conținutul media."},{"$i":"not-default-external","$v":"Pentru înregistrare, setați pe extern mediul de stocare implicit pentru fișiere."},{"$i":"record-saved-success","$v":[{"t":"idOrVar","v":"name"}," s-a salvat în Cartelă SD > Radio FM."]},{"$i":"sd-card-full","$v":"Cartela SD este plină. Ștergeți fișiere de pe cartela SD pentru a elibera spațiu."}]