[{"$i":"noAntenna","$v":"Koppla in ett headset"},{"$i":"noAntennaMsg","$v":"FM-radio kräver ett anslutet headset för att ta emot radiosignaler."},{"$i":"airplaneModeHeader","$v":"Flygläge är på"},{"$i":"airplaneModeMsg","$v":"Stäng av flygläge för att anv. FM-radio."},{"$i":"noFavoritelistMsg","$v":"Lägg till favoritstationer här!"},{"$i":"scan-stations-msg","$v":"Skanna efter tillgängliga stationer?"},{"$i":"speaker-switch","ariaLabel":"Högtalare"},{"$i":"bookmark-button","ariaLabel":"Favorit"},{"$i":"dialer-container","ariaLabel":"Frekvens"},{"$i":"frequency-op-seekdown","ariaLabel":"Sök nedåt"},{"$i":"frequency-op-seekup","ariaLabel":"Sök uppåt"},{"$i":"power-switch-on","ariaLabel":"På"},{"$i":"power-switch-off","ariaLabel":"Av"},{"$i":"frequency-list-container","ariaLabel":"Favoritmarkerade stationer"},{"$i":"kai-station-added","$v":"Station läggs till i Favoriter"},{"$i":"kai-station-removed","$v":"Station tas bort från favoriter"},{"$i":"kai-changes-saved","$v":"Ändringar sparade"},{"$i":"kai-fm-radio","$v":"FM-radio"},{"$i":"kai-edit-favorites","$v":"Byt namn"},{"$i":"kai-all-stations","$v":"Alla stationer"},{"$i":"kai-stations-scanning","$v":"Läser in..."},{"$i":"kai-scanning-completed","$v":"Skanningen är klar"},{"$i":"kai-scanning-failed","$v":"Skanningen misslyckades"},{"$i":"kai-scanning-abort","$v":"Skanna avbryta"},{"$i":"options","$v":"Alternativ"},{"$i":"stations-list-header","$v":"Kanaler"},{"$i":"switchToHeadphones","$v":"Byt till hörlurar"},{"$i":"switchToSpeaker","$v":"Växla till högtalare"},{"$i":"play","$v":"Spela upp"},{"$i":"pause","$v":"Paus"},{"$i":"rename","$v":"Byt namn"},{"$i":"cancel","$v":"Avbryt"},{"$i":"unfavorite","$v":"Ta bort favorit"},{"$i":"add-to-favorites","$v":"Lägg till i favoriter"},{"$i":"edit-favorites","$v":"Redigera favoriter"},{"$i":"save","$v":"Spara"},{"$i":"select","$v":"Välj"},{"$i":"settings","$v":"Inställningar"},{"$i":"volume","$v":"Volym"},{"$i":"abort","$v":"Avbryt"},{"$i":"allstations","$v":"Kanaler"},{"$i":"favorites","$v":"Favoriter"},{"$i":"scan-stations","$v":"Skanna efter stationer"},{"$i":"turn-on","$v":"Sätt på"},{"$i":"turn-off","$v":"Stäng av"},{"$i":"ok","$v":"OK"},{"$i":"default-ok","$v":"OK"},{"$i":"save-ok","$v":"OK"},{"$i":"station-renamed","$v":"Kanal omdöpt."},{"$i":"turning-on","$v":"Slår på..."},{"$i":"not-now","$v":"Inte nu"},{"$i":"scan","$v":"Skanna"},{"$i":"record","$v":"Spela in"},{"$i":"stop-recording","$v":"Sluta inspelningen"},{"$i":"my-recordings","$v":"Mina inspelningar"},{"$i":"no-sd-card-error","$v":"Sätt i ett SD-kort och ställ in standardmedialagring till extern för att spela in."},{"$i":"not-default-external","$v":"Ställ in standardmedialagring till extern för att spela in."},{"$i":"record-saved-success","$v":[{"t":"idOrVar","v":"name"}," sparat till SD-kort > FM-radio."]},{"$i":"sd-card-full","$v":"SD-kort fullt. Ta bort filer på SD-kort för att frigöra utrymme."}]