[{"$i":"noAntenna","$v":"Chomeka vipokea sauti"},{"$i":"noAntennaMsg","$v":"Chomeka cipokea sauti ili upokee mawimbi ya redio."},{"$i":"airplaneModeHeader","$v":"Modi ya ndege imewashwa"},{"$i":"airplaneModeMsg","$v":"Zima modi ya ndege ili utumie Redio ya FM."},{"$i":"noFavoritelistMsg","$v":"Ongeza vituo vipendwa hapa!"},{"$i":"scan-stations-msg","$v":"Changanua"},{"$i":"speaker-switch","ariaLabel":"Spika"},{"$i":"bookmark-button","ariaLabel":"Vipendwa"},{"$i":"dialer-container","ariaLabel":"Mawimbi"},{"$i":"frequency-op-seekdown","ariaLabel":"Tatufa Chini"},{"$i":"frequency-op-seekup","ariaLabel":"Tafuta Juu"},{"$i":"power-switch-on","ariaLabel":"Washa"},{"$i":"power-switch-off","ariaLabel":"Zima"},{"$i":"frequency-list-container","ariaLabel":"Vituo vipendwa"},{"$i":"kai-station-added","$v":"Kituo kimeongezwa kwenye Vipendwa"},{"$i":"kai-station-removed","$v":"Kituo kimeondolewa kutoka kwenye Vipendwa"},{"$i":"kai-changes-saved","$v":"Mabadiliko yamehifadhiwa"},{"$i":"kai-fm-radio","$v":"Redio ya FM"},{"$i":"kai-edit-favorites","$v":"Badilisha Jina la Kituo"},{"$i":"kai-all-stations","$v":"Vituo Vyote"},{"$i":"kai-stations-scanning","$v":"Inatafuta..."},{"$i":"kai-scanning-completed","$v":"Utambazaji umekamilika"},{"$i":"kai-scanning-failed","$v":"Utambazaji haujafaulu"},{"$i":"kai-scanning-abort","$v":"Utambazaji umekatizwa"},{"$i":"options","$v":"Chaguo"},{"$i":"stations-list-header","$v":"Vituo"},{"$i":"switchToHeadphones","$v":"Badilisha na vipokea sauti"},{"$i":"switchToSpeaker","$v":"Badilsha kwa spika"},{"$i":"play","$v":"Cheza"},{"$i":"pause","$v":"Simamisha"},{"$i":"rename","$v":"Badilisha jina la kituo"},{"$i":"cancel","$v":"Ghairi"},{"$i":"unfavorite","$v":"Ondoa kutoka kwenye vipendwa"},{"$i":"add-to-favorites","$v":"Ongeza kwenye vipendwa"},{"$i":"edit-favorites","$v":"Hariri vipendwa"},{"$i":"save","$v":"Hifadhi"},{"$i":"select","$v":"Chagua"},{"$i":"settings","$v":"Mipangilio"},{"$i":"volume","$v":"Kiwango-sauti"},{"$i":"abort","$v":"Katiza"},{"$i":"allstations","$v":"Vituo"},{"$i":"favorites","$v":"Vipendwa"},{"$i":"scan-stations","$v":"Tambaza Vituo"},{"$i":"turn-on","$v":"Washa"},{"$i":"turn-off","$v":"Zima"},{"$i":"ok","$v":"SAWA"},{"$i":"default-ok","$v":"SAWA"},{"$i":"save-ok","$v":"SAWA"},{"$i":"station-renamed","$v":"Kituo Kimebadilishwa Jina."},{"$i":"turning-on","$v":"Inawasha..."},{"$i":"not-now","$v":"Sio sasa hii"},{"$i":"scan","$v":"Tafuta"},{"$i":"record","$v":"Rekodi"},{"$i":"stop-recording","$v":"Acha kurekodi"},{"$i":"my-recordings","$v":"Rekodi zangu"},{"$i":"no-sd-card-error","$v":"Tafadhali weka kadi ya SD kisha uweke hifadhi chaguomsingi ya kuweka maudhui kuwa hifadhi ya nje ili urekodi."},{"$i":"not-default-external","$v":"Tafadhali weka hufadhi chaguomsingi ya kuweka maudhui kuwa hifadhi ya nje ili urekodi."},{"$i":"record-saved-success","$v":[{"t":"idOrVar","v":"name"}," imehifadhiwa kwenye kadi ya SD > Redio ya FM."]},{"$i":"sd-card-full","$v":"Kadi ya SD imejaa. Futa faili zilizo kwenye kadi ya SD ili uongeze nafasi."}]