[{"$i":"noAntenna","$v":"Bir kulaklık takın"},{"$i":"noAntennaMsg","$v":"Radyo sinyallerini almak için bir kulaklık takın"},{"$i":"airplaneModeHeader","$v":"Uçak modu açık"},{"$i":"airplaneModeMsg","$v":"FM Radyo'yu kullanmak için uçak modunu kapatın"},{"$i":"noFavoritelistMsg","$v":"Sık kullanılan istasyonları buraya ekleyin!"},{"$i":"scan-stations-msg","$v":"Kullanılabilir tüm istasyonlar için tarama yapılsın mı?"},{"$i":"speaker-switch","ariaLabel":"Hoparlör"},{"$i":"bookmark-button","ariaLabel":"Favori"},{"$i":"dialer-container","ariaLabel":"Frekans"},{"$i":"frequency-op-seekdown","ariaLabel":"Aşağıda Ara"},{"$i":"frequency-op-seekup","ariaLabel":"Yukarıda Ara"},{"$i":"power-switch-on","ariaLabel":"Açık"},{"$i":"power-switch-off","ariaLabel":"Kapalı"},{"$i":"frequency-list-container","ariaLabel":"Sık Kullanılanlara eklenen istasyonlar"},{"$i":"kai-station-added","$v":"İstasyon Sık Kullanılanlara eklendi."},{"$i":"kai-station-removed","$v":"İstasyon Sık Kullanılanlardan kaldırıldı."},{"$i":"kai-changes-saved","$v":"Değişiklikler kaydedildi"},{"$i":"kai-fm-radio","$v":"FM Radyo"},{"$i":"kai-edit-favorites","$v":"İstasyonu yeniden adlandır"},{"$i":"kai-all-stations","$v":"Tüm istasyonlar"},{"$i":"kai-stations-scanning","$v":"Taranıyor..."},{"$i":"kai-scanning-completed","$v":"Tarama tamamlandı"},{"$i":"kai-scanning-failed","$v":"Tarama başarısız"},{"$i":"kai-scanning-abort","$v":"Taramadan vazgeç"},{"$i":"options","$v":"Seçenekler"},{"$i":"stations-list-header","$v":"İstasyonlar"},{"$i":"switchToHeadphones","$v":"Kulaklığa geç"},{"$i":"switchToSpeaker","$v":"Hoparlöre geçiş yap"},{"$i":"play","$v":"Oynat"},{"$i":"pause","$v":"Duraklat"},{"$i":"rename","$v":"İstasyonu yeniden adlandır"},{"$i":"cancel","$v":"İptal"},{"$i":"unfavorite","$v":"Favorilerden kaldır"},{"$i":"add-to-favorites","$v":"Favorilere ekle"},{"$i":"edit-favorites","$v":"Sık Kullanılanları düzenle"},{"$i":"save","$v":"Kaydet"},{"$i":"select","$v":"Seç"},{"$i":"settings","$v":"Ayarlar"},{"$i":"volume","$v":"Ses düzeyi"},{"$i":"abort","$v":"İptal"},{"$i":"allstations","$v":"İstasyonlar"},{"$i":"favorites","$v":"Sık Kullanılanlar"},{"$i":"scan-stations","$v":"İstasyonları tara"},{"$i":"turn-on","$v":"Aç"},{"$i":"turn-off","$v":"Kapat"},{"$i":"ok","$v":"Tamam"},{"$i":"default-ok","$v":"Tamam"},{"$i":"save-ok","$v":"Tamam"},{"$i":"station-renamed","$v":"İstasyon Yeniden Adlandırıldı."},{"$i":"turning-on","$v":"Açılıyor..."},{"$i":"not-now","$v":"Şimdi değil"},{"$i":"scan","$v":"Tara"},{"$i":"record","$v":"Kaydet"},{"$i":"stop-recording","$v":"Kaydı durdur"},{"$i":"my-recordings","$v":"Kayıtlarım"},{"$i":"no-sd-card-error","$v":"Lütfen bir SD kart takın ve kaydetmek için varsayılan depolama ortamını harici olarak ayarlayın."},{"$i":"not-default-external","$v":"Lütfen kaydetmek için varsayılan depolama ortamını harici olarak ayarlayın."},{"$i":"record-saved-success","$v":[{"t":"idOrVar","v":"name"},", SD kart > FM Radyo'ya kaydedildi."]},{"$i":"sd-card-full","$v":"SD Kart Dolu. Yer açmak için SD karttaki dosyaları silin."}]