[{"$i":"noAntenna","$v":"Підключіть гарнітуру"},{"$i":"noAntennaMsg","$v":"Для роботи радіо потрібно підключити гарнітуру, щоб приймати радіосигнали."},{"$i":"airplaneModeHeader","$v":"Режим \"У літаку\" ввімк."},{"$i":"airplaneModeMsg","$v":"Щоб використ. радіо, вимк. режим \"У літаку\"."},{"$i":"noFavoritelistMsg","$v":"Додавайте сюди улюблені станції!"},{"$i":"scan-stations-msg","$v":"Знайти всі доступні станції?"},{"$i":"speaker-switch","ariaLabel":"Динамік"},{"$i":"bookmark-button","ariaLabel":"Обране"},{"$i":"dialer-container","ariaLabel":"Частота"},{"$i":"frequency-op-seekdown","ariaLabel":"Пошук униз"},{"$i":"frequency-op-seekup","ariaLabel":"Пошук угору"},{"$i":"power-switch-on","ariaLabel":"Увімкнено"},{"$i":"power-switch-off","ariaLabel":"Вимкнено"},{"$i":"frequency-list-container","ariaLabel":"Обрані станції"},{"$i":"kai-station-added","$v":"Станція додана до обраного"},{"$i":"kai-station-removed","$v":"Станцію видалено з вибраного"},{"$i":"kai-changes-saved","$v":"Зміни збережено"},{"$i":"kai-fm-radio","$v":"Радіо"},{"$i":"kai-edit-favorites","$v":"Перейменувати"},{"$i":"kai-all-stations","$v":"Усі станції"},{"$i":"kai-stations-scanning","$v":"Сканування ..."},{"$i":"kai-scanning-completed","$v":"Сканування завершено"},{"$i":"kai-scanning-failed","$v":"Не вдалося сканувати"},{"$i":"kai-scanning-abort","$v":"Сканування перервати"},{"$i":"options","$v":"Опції"},{"$i":"stations-list-header","$v":"Станції"},{"$i":"switchToHeadphones","$v":"Переключити на навушники"},{"$i":"switchToSpeaker","$v":"Переключити на динамік"},{"$i":"play","$v":"Відтворити"},{"$i":"pause","$v":"Пауза"},{"$i":"rename","$v":"Перейменувати"},{"$i":"cancel","$v":"Скасувати"},{"$i":"unfavorite","$v":"Видалити з обраного"},{"$i":"add-to-favorites","$v":"Додати до обраного"},{"$i":"edit-favorites","$v":"Редагувати обране"},{"$i":"save","$v":"Зберегти"},{"$i":"select","$v":"Вибрати"},{"$i":"settings","$v":"Настройки"},{"$i":"volume","$v":"Гучність"},{"$i":"abort","$v":"Перервати"},{"$i":"allstations","$v":"Станції"},{"$i":"favorites","$v":"Обране"},{"$i":"scan-stations","$v":"Сканувати станції"},{"$i":"turn-on","$v":"Увімкнути"},{"$i":"turn-off","$v":"Вимкнути"},{"$i":"ok","$v":"OK"},{"$i":"default-ok","$v":"OK"},{"$i":"save-ok","$v":"OK"},{"$i":"station-renamed","$v":"Станцію перейменовано."},{"$i":"turning-on","$v":"Увімкнення…"},{"$i":"not-now","$v":"Не зараз"},{"$i":"scan","$v":"Пошук"},{"$i":"record","$v":"Запис"},{"$i":"stop-recording","$v":"Зупинити запис"},{"$i":"my-recordings","$v":"Мої записи"},{"$i":"no-sd-card-error","$v":"Для записування вставте SD-картку та встановіть зовнішнє медіасховище як стандартне."},{"$i":"not-default-external","$v":"Для записування встановіть зовнішнє медіасховище як стандартне."},{"$i":"record-saved-success","$v":[{"t":"idOrVar","v":"name"}," збережено на SD-картку > радіо."]},{"$i":"sd-card-full","$v":"SD-карта повна. Видаліть файли на SD-картці, щоб звільнити місце."}]