[{"$i":"noAntenna","$v":"Қулоқчинни уланг"},{"$i":"noAntennaMsg","$v":"FM радио тўлқин тутиши учун қулоқчин суқилиши лозим."},{"$i":"airplaneModeHeader","$v":"Парвоз режими ёниқ"},{"$i":"airplaneModeMsg","$v":"FM радио у-н парвоз режимини ўчиринг."},{"$i":"noFavoritelistMsg","$v":"Бу ерда севимли канал қўшинг!"},{"$i":"scan-stations-msg","$v":"Барча мавжуд станциялар қидирилсинми?"},{"$i":"speaker-switch","ariaLabel":"Карнай"},{"$i":"bookmark-button","ariaLabel":"Севимли"},{"$i":"dialer-container","ariaLabel":"Частота"},{"$i":"frequency-op-seekdown","ariaLabel":"Пастга"},{"$i":"frequency-op-seekup","ariaLabel":"Юқорига"},{"$i":"power-switch-on","ariaLabel":"Ёниқ"},{"$i":"power-switch-off","ariaLabel":"Ўчиқ"},{"$i":"frequency-list-container","ariaLabel":"Севимли каналлар"},{"$i":"kai-station-added","$v":"Sevimlilarga qo'shilgan stantsiya"},{"$i":"kai-station-removed","$v":"Stantsiya Sevimlilar ro'yxatidan o'chirildi"},{"$i":"kai-changes-saved","$v":"Ўзгаришлар сақланди"},{"$i":"kai-fm-radio","$v":"FM радио"},{"$i":"kai-edit-favorites","$v":"Қайта номлаш"},{"$i":"kai-all-stations","$v":"Barcha stansiyalar"},{"$i":"kai-stations-scanning","$v":"Tekshirilmoqda ..."},{"$i":"kai-scanning-completed","$v":"Tekshiruv yakunlandi"},{"$i":"kai-scanning-failed","$v":"Tekshirib bo'lmadi"},{"$i":"kai-scanning-abort","$v":"Abort tekshirilmoqda"},{"$i":"options","$v":"Параметрлар"},{"$i":"stations-list-header","$v":"Каналлар"},{"$i":"switchToHeadphones","$v":"Қулоқчинга ўтиш"},{"$i":"switchToSpeaker","$v":"Карнайга ўтиш"},{"$i":"play","$v":"Ижро"},{"$i":"pause","$v":"Пауза"},{"$i":"rename","$v":"Қайта номлаш"},{"$i":"cancel","$v":"Бекор"},{"$i":"unfavorite","$v":"Севимлидан ўчириш"},{"$i":"add-to-favorites","$v":"Севимлиларга қўшиш"},{"$i":"edit-favorites","$v":"Севимлиларни таҳрирлаш"},{"$i":"save","$v":"Сақлаш"},{"$i":"select","$v":"Танлаш"},{"$i":"settings","$v":"Созламалар"},{"$i":"volume","$v":"Товуш баландлиги"},{"$i":"abort","$v":"Тўхтатиш"},{"$i":"allstations","$v":"Каналлар"},{"$i":"favorites","$v":"Севимлилар"},{"$i":"scan-stations","$v":"Канал қидириш"},{"$i":"turn-on","$v":"Ёқиш"},{"$i":"turn-off","$v":"ЎЧИРИШ"},{"$i":"ok","$v":"OK"},{"$i":"default-ok","$v":"OK"},{"$i":"save-ok","$v":"OK"},{"$i":"station-renamed","$v":"Канал қайта номланди."},{"$i":"turning-on","$v":"Ёқилмоқда..."},{"$i":"not-now","$v":"Ҳозир эмас"},{"$i":"scan","$v":"Қидириш"},{"$i":"record","$v":"Yozib oling"},{"$i":"stop-recording","$v":"Yozishni to'xtatish"},{"$i":"my-recordings","$v":"Қайдларим"},{"$i":"no-sd-card-error","$v":"Қайд қилиш учун SD карта солинг ва ташқи хотирани бирламчи қилиб белгиланг."},{"$i":"not-default-external","$v":"Қайд қилиш учун ташқи хотирани бирламчи қилиб белгиланг."},{"$i":"record-saved-success","$v":[{"t":"idOrVar","v":"name"}," SD карта > FM Radio жилдига сақланди."]},{"$i":"sd-card-full","$v":"SD karta to‘la. Joy bo'shatish uchun SD-kartadagi fayllarni o'chiring."}]