[{"$i":"noAntenna","$v":"Cắm tai nghe"},{"$i":"noAntennaMsg","$v":"Cắm tai nghe để nhận tín hiệu radio."},{"$i":"airplaneModeHeader","$v":"Chế độ trên máy bay đang bật"},{"$i":"airplaneModeMsg","$v":"Tắt chế độ máy bay để sử dụng Đài FM."},{"$i":"noFavoritelistMsg","$v":"Thêm các đài ưa thích ở đây!"},{"$i":"scan-stations-msg","$v":"Quét tất cả các trạm khả dụng?"},{"$i":"speaker-switch","ariaLabel":"Loa"},{"$i":"bookmark-button","ariaLabel":"Mục ưa thích"},{"$i":"dialer-container","ariaLabel":"Tần số"},{"$i":"frequency-op-seekdown","ariaLabel":"Tìm kiếm Xuống"},{"$i":"frequency-op-seekup","ariaLabel":"Tìm kiếm Lên"},{"$i":"power-switch-on","ariaLabel":"Bật"},{"$i":"power-switch-off","ariaLabel":"Tắt"},{"$i":"frequency-list-container","ariaLabel":"Các đài ưa thích"},{"$i":"kai-station-added","$v":"Đã thêm Đài vào Mục ưa thích"},{"$i":"kai-station-removed","$v":"Đã xóa Đài khỏi Mục ưa thích"},{"$i":"kai-changes-saved","$v":"Đã lưu các thay đổi"},{"$i":"kai-fm-radio","$v":"Đài FM"},{"$i":"kai-edit-favorites","$v":"Đổi tên Đài"},{"$i":"kai-all-stations","$v":"Tất cả các Đài"},{"$i":"kai-stations-scanning","$v":"Đang quét..."},{"$i":"kai-scanning-completed","$v":"Hoàn thành quét"},{"$i":"kai-scanning-failed","$v":"Quét không thành công"},{"$i":"kai-scanning-abort","$v":"Hủy quét"},{"$i":"options","$v":"Tùy chọn"},{"$i":"stations-list-header","$v":"Đài"},{"$i":"switchToHeadphones","$v":"Chuyển sang tai nghe"},{"$i":"switchToSpeaker","$v":"Chuyển sang loa ngoài"},{"$i":"play","$v":"Phát"},{"$i":"pause","$v":"Tạm dừng"},{"$i":"rename","$v":"Đổi tên đài"},{"$i":"cancel","$v":"Hủy"},{"$i":"unfavorite","$v":"Xóa khỏi mục ưa thích"},{"$i":"add-to-favorites","$v":"Thêm vào mục ưa thích"},{"$i":"edit-favorites","$v":"Chỉnh sửa mục ưa thích"},{"$i":"save","$v":"Lưu"},{"$i":"select","$v":"Chọn"},{"$i":"settings","$v":"Cài đặt"},{"$i":"volume","$v":"Âm lượng"},{"$i":"abort","$v":"Hủy bỏ"},{"$i":"allstations","$v":"Đài"},{"$i":"favorites","$v":"Các mục ưa thích"},{"$i":"scan-stations","$v":"Quét Đài"},{"$i":"turn-on","$v":"Bật"},{"$i":"turn-off","$v":"Tắt"},{"$i":"ok","$v":"OK"},{"$i":"default-ok","$v":"OK"},{"$i":"save-ok","$v":"OK"},{"$i":"station-renamed","$v":"Đã đổi tên Đài."},{"$i":"turning-on","$v":"Đang bật..."},{"$i":"not-now","$v":"Không phải bây giờ"},{"$i":"scan","$v":"Quét"},{"$i":"record","$v":"Ghi"},{"$i":"stop-recording","$v":"Dừng ghi âm"},{"$i":"my-recordings","$v":"Các bản ghi âm của tôi"},{"$i":"no-sd-card-error","$v":"Vui lòng lắp thẻ SD và đặt bộ nhớ phương tiện mặc định thành bộ nhớ ngoài để ghi."},{"$i":"not-default-external","$v":"Vui lòng đặt bộ nhớ phương tiện mặc định thành bộ nhớ ngoài để ghi."},{"$i":"record-saved-success","$v":[{"t":"idOrVar","v":"name"}," đã lưu vào thẻ SD > FM Radio."]},{"$i":"sd-card-full","$v":"Thẻ SD đã Đầy. Xóa các tập tin trong thẻ SD để giải phóng bộ nhớ."}]