[{"$i":"noAntenna","$v":"Plaga ihedseti"},{"$i":"noAntennaMsg","$v":"Plaga iihedfowuni ukuze ufumane iisignali zerediyo."},{"$i":"airplaneModeHeader","$v":"Imowudi yenqwelo-moya ilayitiwe"},{"$i":"airplaneModeMsg","$v":"Cima imowudi yenqwelo-moya ukuze usebenzise i-FM Rediyo."},{"$i":"noFavoritelistMsg","$v":"Yongeza izitishi ezithandwayo apha!"},{"$i":"scan-stations-msg","$v":"Iskene zonke izitishi ezikhoyo?"},{"$i":"speaker-switch","ariaLabel":"Isipika"},{"$i":"bookmark-button","ariaLabel":"Oyithandayo"},{"$i":"dialer-container","ariaLabel":"Ifrekwensi"},{"$i":"frequency-op-seekdown","ariaLabel":"Funa Ezantsi"},{"$i":"frequency-op-seekup","ariaLabel":"Funa Phezulu"},{"$i":"power-switch-on","ariaLabel":"Layitile"},{"$i":"power-switch-off","ariaLabel":"Cimile"},{"$i":"frequency-list-container","ariaLabel":"Izitishi ezithandwayo"},{"$i":"kai-station-added","$v":"Isitishi songezwe Kwezithandwayo"},{"$i":"kai-station-removed","$v":"Isitishi sisusiwe Kwezithandwayo"},{"$i":"kai-changes-saved","$v":"Utshintsho lugciniwe"},{"$i":"kai-fm-radio","$v":"i-FM reyidiyo"},{"$i":"kai-edit-favorites","$v":"Thiya ngokutsha Isitishi"},{"$i":"kai-all-stations","$v":"Zonke Izitishi"},{"$i":"kai-stations-scanning","$v":"Isakhangela..."},{"$i":"kai-scanning-completed","$v":"Ukuskena kugqibile"},{"$i":"kai-scanning-failed","$v":"Ukuskena kusilele"},{"$i":"kai-scanning-abort","$v":"Ukuskena kuphelisiwe"},{"$i":"options","$v":"Ukhetho"},{"$i":"stations-list-header","$v":"Izitishi"},{"$i":"switchToHeadphones","$v":"Tshintshela kwiihedfowuni"},{"$i":"switchToSpeaker","$v":"Tshintshela kwisipika"},{"$i":"play","$v":"Dlala"},{"$i":"pause","$v":"Nqumamisa"},{"$i":"rename","$v":"Thiya ngokutsha isitishi"},{"$i":"cancel","$v":"Rhoxisa"},{"$i":"unfavorite","$v":"Yisuse kwezithandwayo"},{"$i":"add-to-favorites","$v":"Yongeze kwezithandwayo"},{"$i":"edit-favorites","$v":"Hlela ezithandwayo"},{"$i":"save","$v":"Gcina"},{"$i":"select","$v":"Khetha"},{"$i":"settings","$v":"Iisetingi"},{"$i":"volume","$v":"Ivolyum"},{"$i":"abort","$v":"Shenxisa"},{"$i":"allstations","$v":"Izitishi"},{"$i":"favorites","$v":"Ezithandwayo"},{"$i":"scan-stations","$v":"Skena Izitishi"},{"$i":"turn-on","$v":"Layita"},{"$i":"turn-off","$v":"Yicime"},{"$i":"ok","$v":"Kulungile"},{"$i":"default-ok","$v":"Kulungile"},{"$i":"save-ok","$v":"Kulungile"},{"$i":"station-renamed","$v":"Iisitishi Sithiywe Ngokutsha."},{"$i":"turning-on","$v":"Iyalayita..."},{"$i":"not-now","$v":"Hayi ngoku"},{"$i":"scan","$v":"Iskena"},{"$i":"record","$v":"Record"},{"$i":"stop-recording","$v":"Stop recording"},{"$i":"my-recordings","$v":"My recordings"},{"$i":"no-sd-card-error","$v":"Please insert an SD card and set default media storage to external to record."},{"$i":"not-default-external","$v":"Please set default media storage to external to record."},{"$i":"record-saved-success","$v":[{"t":"idOrVar","v":"name"}," saved to SD card > FM Radio."]},{"$i":"sd-card-full","$v":"I-SD Card Igcwele Cima iifayile  ezikwi-SD card ukuze wenze kubekho indawo engakumbi."}]