[{"$i":"noAntenna","$v":"插入耳機"},{"$i":"noAntennaMsg","$v":"FM收音機需要您插入耳機才能收到收音機訊號。"},{"$i":"airplaneModeHeader","$v":"飛航模式已開啟"},{"$i":"airplaneModeMsg","$v":"關閉飛航模式以使用FM收音機。"},{"$i":"noFavoritelistMsg","$v":"請在這裡新增我的最愛電台！"},{"$i":"scan-stations-msg","$v":"掃描所有可用的電台？"},{"$i":"speaker-switch","ariaLabel":"揚聲器"},{"$i":"bookmark-button","ariaLabel":"我的最愛"},{"$i":"dialer-container","ariaLabel":"頻率"},{"$i":"frequency-op-seekdown","ariaLabel":"向下搜尋"},{"$i":"frequency-op-seekup","ariaLabel":"向上搜尋"},{"$i":"power-switch-on","ariaLabel":"開"},{"$i":"power-switch-off","ariaLabel":"關"},{"$i":"frequency-list-container","ariaLabel":"我的最愛電台"},{"$i":"kai-station-added","$v":"站已添加到我的最愛"},{"$i":"kai-station-removed","$v":"站點已從我的最愛中刪除"},{"$i":"kai-changes-saved","$v":"已儲存變更"},{"$i":"kai-fm-radio","$v":"FM收音機"},{"$i":"kai-edit-favorites","$v":"重新命名"},{"$i":"kai-all-stations","$v":"所有電台"},{"$i":"kai-stations-scanning","$v":"掃描..."},{"$i":"kai-scanning-completed","$v":"掃描完成"},{"$i":"kai-scanning-failed","$v":"掃描失敗"},{"$i":"kai-scanning-abort","$v":"掃描中止"},{"$i":"options","$v":"選項"},{"$i":"stations-list-header","$v":"電台"},{"$i":"switchToHeadphones","$v":"切換至耳機"},{"$i":"switchToSpeaker","$v":"切換至揚聲器"},{"$i":"play","$v":"播放"},{"$i":"pause","$v":"暫停"},{"$i":"rename","$v":"重新命名"},{"$i":"cancel","$v":"取消"},{"$i":"unfavorite","$v":"移除我的最愛"},{"$i":"add-to-favorites","$v":"新增至我的最愛"},{"$i":"edit-favorites","$v":"編輯我的最愛"},{"$i":"save","$v":"儲存"},{"$i":"select","$v":"選擇"},{"$i":"settings","$v":"設定"},{"$i":"volume","$v":"音量"},{"$i":"abort","$v":"中止"},{"$i":"allstations","$v":"電台"},{"$i":"favorites","$v":"我的最愛"},{"$i":"scan-stations","$v":"掃描電台"},{"$i":"turn-on","$v":"開啟"},{"$i":"turn-off","$v":"關閉"},{"$i":"ok","$v":"確定"},{"$i":"default-ok","$v":"確定"},{"$i":"save-ok","$v":"確定"},{"$i":"station-renamed","$v":"已重新命名電台。"},{"$i":"turning-on","$v":"正在開啟..."},{"$i":"not-now","$v":"現在不要"},{"$i":"scan","$v":"掃描"},{"$i":"record","$v":"記錄"},{"$i":"stop-recording","$v":"停止錄音"},{"$i":"my-recordings","$v":"我的錄音"},{"$i":"no-sd-card-error","$v":"請插入SD卡並將預設媒體儲存裝置設定為外部裝置，以進行錄製。"},{"$i":"not-default-external","$v":"請將預設媒體儲存裝置設定為外部裝置，以進行錄製。"},{"$i":"record-saved-success","$v":["已將",{"t":"idOrVar","v":"name"},"儲存至SD卡 >「FM收音機」。"]},{"$i":"sd-card-full","$v":"SD卡已滿。刪除SD卡中的文件以釋放空間。"}]