[{"$i":"noAntenna","$v":"Faka ama-headset"},{"$i":"noAntennaMsg","$v":"Faka ama-headset ukuthi umsakaze udonse."},{"$i":"airplaneModeHeader","$v":"Imodi yendiza ivuliwe"},{"$i":"airplaneModeMsg","$v":"Vala imodi yendiza ukuze usebenzise Umsakazo."},{"$i":"noFavoritelistMsg","$v":"Faka iziteshi ozithanda kakhulu lapha!"},{"$i":"scan-stations-msg","$v":"Skenela zonke iziteshi ezitholakalayo?"},{"$i":"speaker-switch","ariaLabel":"Isipikha"},{"$i":"bookmark-button","ariaLabel":"Intandokazi"},{"$i":"dialer-container","ariaLabel":"Ukuvama"},{"$i":"frequency-op-seekdown","ariaLabel":"Funa Yehla"},{"$i":"frequency-op-seekup","ariaLabel":"Funa Khuphuka"},{"$i":"power-switch-on","ariaLabel":"Ivuliwe"},{"$i":"power-switch-off","ariaLabel":"IValiwe"},{"$i":"frequency-list-container","ariaLabel":"Iziteshi ozithanda kakhulu"},{"$i":"kai-station-added","$v":"Isiteshi sifakiwe Ezintandokazini"},{"$i":"kai-station-removed","$v":"Isiteshi sisusiwe Ezintandokazini"},{"$i":"kai-changes-saved","$v":"Ushintsho lulondoloziwe"},{"$i":"kai-fm-radio","$v":"Umsakazo"},{"$i":"kai-edit-favorites","$v":"Qamba kabusha isiteshi"},{"$i":"kai-all-stations","$v":"Zonke iziteshi"},{"$i":"kai-stations-scanning","$v":"Iyaskena..."},{"$i":"kai-scanning-completed","$v":"Ukuthungatha kuphelile"},{"$i":"kai-scanning-failed","$v":"Ukuthungatha kuhlulekile"},{"$i":"kai-scanning-abort","$v":"Ukuthungatha kuyekiwe"},{"$i":"options","$v":"Okhetha kukho"},{"$i":"stations-list-header","$v":"Iziteshi"},{"$i":"switchToHeadphones","$v":"Shintshela kuma-headphone"},{"$i":"switchToSpeaker","$v":"Shintshelwe kwispikha"},{"$i":"play","$v":"Dlala"},{"$i":"pause","$v":"Misa"},{"$i":"rename","$v":"Qamba kabusha isiteshi"},{"$i":"cancel","$v":"Khansela"},{"$i":"unfavorite","$v":"Yikhiphe ezintandokazini"},{"$i":"add-to-favorites","$v":"Faka Kwizintandokazi"},{"$i":"edit-favorites","$v":"Hlela izintandokazi"},{"$i":"save","$v":"Londoloza"},{"$i":"select","$v":"Khetha"},{"$i":"settings","$v":"Amasethingi"},{"$i":"volume","$v":"Ivolumu"},{"$i":"abort","$v":"Vala ucingo"},{"$i":"allstations","$v":"Iziteshi"},{"$i":"favorites","$v":"Izintandokazi"},{"$i":"scan-stations","$v":"Thungatha Isiteshi"},{"$i":"turn-on","$v":"Vula"},{"$i":"turn-off","$v":"Vala"},{"$i":"ok","$v":"KULUNGILE"},{"$i":"default-ok","$v":"KULUNGILE"},{"$i":"save-ok","$v":"KULUNGILE"},{"$i":"station-renamed","$v":"Isiteshi Sethiwe Kabusha."},{"$i":"turning-on","$v":"Vula"},{"$i":"not-now","$v":"Hhayi manje"},{"$i":"scan","$v":"Thwebula"},{"$i":"record","$v":"Rekhoda"},{"$i":"stop-recording","$v":"Yeka ukurekhoda"},{"$i":"my-recordings","$v":"Engikurekhodile"},{"$i":"no-sd-card-error","$v":"Sicela ufake ikhadi le-SD bese usetha istoreji semidiya kokungaphandle ukuze urekhode."},{"$i":"not-default-external","$v":"Sicela usethe isitoreji semidiya kokungaphandle ukuze urekhode."},{"$i":"record-saved-success","$v":[{"t":"idOrVar","v":"igama"}," lilondolozwe ekhadini le-SD > Umsakazo."]},{"$i":"sd-card-full","$v":"Ikhadi le-SD ligcwele. Dilitha amafayela ekhadini le-SD ukuze uvule isikhala."}]