[{"$i":"callLog","$v":"কল লগ"},{"$i":"all","$v":"সব"},{"$i":"missed","$v":"মিস করা"},{"$i":"outgoing","$v":"ডায়াল করা হয়েছে"},{"$i":"incoming","$v":"গৃহীত"},{"$i":"missedCall","$v":"মিসড কল"},{"$i":"outgoingCall","$v":"আউটগোয়িং কল"},{"$i":"incomingCall","$v":"ইনকামিং কল"},{"$i":"rttCall","$v":"RTT কল"},{"$i":"rtt-call","$v":"RTT কল"},{"$i":"videoCall","$v":"ভিডিও কল"},{"$i":"call","$v":"কল"},{"$i":"options","$v":"বিকল্প"},{"$i":"callInformation","$v":"কলের তথ্য"},{"$i":"sendSms","$v":"বার্তা পাঠান"},{"$i":"createNewContact","$v":"নতুন পরিচিতি তৈরি করুন"},{"$i":"addToExistingContact","$v":"বিদ্যমান পরিচিতিতে যোগ করুন"},{"$i":"editCalllog","$v":"কল লগ সম্পাদনা করুন"},{"$i":"numberType","$v":[{"t":"idOrVar","v":"type"},", ",{"t":"idOrVar","v":"number"}]},{"$i":"withheld-number","$v":"অজানা"},{"$i":"unknown","$v":"অজানা"},{"$i":"today","$v":"আজ"},{"$i":"yesterday","$v":"গতকাল"},{"$i":"no-logs-msg-1","$v":"কোনও কল রেকর্ড করা হয়নি"},{"$i":"no-logs-msg-2","$v":"এখন যোগাযোগ করা শুরু করুন"},{"$i":"voicemail","$v":"ভয়েসমেল"},{"$i":"emergencyNumber","$v":"জরুরি নম্বর"},{"$i":"select","$v":"নির্বাচন করুন"},{"$i":"calllog-all","$v":"সব"},{"$i":"delete","$v":"মুছুন"},{"$i":"deselect","$v":"অনির্বাচন করুন"},{"$i":"calllog-none","$v":"কিছুই না"},{"$i":"checkedCount","$v":"selected"},{"$i":"confirmation","$v":"নিশ্চিতকরণ"},{"$i":"deleteLog","$v":"আপনি কি কল লগ থেকে বেছে নেওয়া এন্ট্রিগুলিকে মুছে ফেলার বিষয়ে নিশ্চিত?"},{"$i":"delete-single-log","$v":["আপনি কি কল লগ থেকে ",{"t":"idOrVar","v":"name"}," মুছে ফেলার বিষয়ে নিশ্চিত?"]},{"$i":"blockContact","$v":"ব্লক করা তালিকায় থাকা লোকজনদের থেকে আপনি কল, মেসেজ পাবেন না।"},{"$i":"no-recent-numbers","$v":"কল লগে ডায়াল করার মতো কোনো সাম্প্রতিক নম্বর নেই।"},{"$i":"ok","$v":"ঠিক আছে"},{"$i":"cancel","$v":"বাতিল করুন"},{"$i":"block","$v":"ব্লক করুন"},{"$i":"unblock","$v":"অবরোধ মুক্ত করুন"},{"$i":"deletedNotification","$v":[{"t":"idOrVar","v":"n"},"টি এন্ট্রি মোছা হয়েছে"]},{"$i":"deletedNotification-1","$v":{"few":[{"t":"idOrVar","v":"n"},"টি এন্ট্রি মোছা হয়েছে"],"many":[{"t":"idOrVar","v":"n"},"টি এন্ট্রি মোছা হয়েছে"],"one":"1টি এন্ট্রি মোছা হয়েছে","other":[{"t":"idOrVar","v":"n"},"টি এন্ট্রি মোছা হয়েছে"],"two":[{"t":"idOrVar","v":"n"},"টি এন্ট্রি মোছা হয়েছে"]},"$x":[{"t":"idOrVar","v":"plural"},"n"]},{"$i":"durationHours","$v":{"few":[{"t":"idOrVar","v":"value"}," ঘন্টা"],"many":[{"t":"idOrVar","v":"value"}," ঘন্টা"],"one":"1 ঘন্টা","other":[{"t":"idOrVar","v":"value"}," ঘন্টা"],"two":[{"t":"idOrVar","v":"value"}," ঘন্টা"],"zero":"0 ঘন্টা"},"$x":[{"t":"idOrVar","v":"plural"},"value"]},{"$i":"durationMinutes","$v":{"few":[{"t":"idOrVar","v":"value"}," মিনিট"],"many":[{"t":"idOrVar","v":"value"}," মিনিট"],"one":"1 মিনিট","other":[{"t":"idOrVar","v":"value"}," মিনিট"],"two":[{"t":"idOrVar","v":"value"}," মিনিট"],"zero":"0 মিনিট"},"$x":[{"t":"idOrVar","v":"plural"},"value"]},{"$i":"durationSeconds","$v":{"few":[{"t":"idOrVar","v":"value"}," ঘন্টা"],"many":[{"t":"idOrVar","v":"value"}," ঘন্টা"],"one":"1 সেকন্ড","other":[{"t":"idOrVar","v":"value"}," ঘন্টা"],"two":[{"t":"idOrVar","v":"value"}," ঘন্টা"],"zero":"0 সেকেন্ড"},"$x":[{"t":"idOrVar","v":"plural"},"value"]},{"$i":"mobile","$v":"মোবাইল"},{"$i":"home","$v":"হোম"},{"$i":"work","$v":"কর্মক্ষেত্র"},{"$i":"personal","$v":"ব্যক্তিগত"},{"$i":"other","$v":"অন্যান্য"},{"$i":"fax-home","$v":"বা‌ড়ির ফ্যাক্স"},{"$i":"fax-office","$v":"অফিসের ফ্যাক্স"},{"$i":"fax-other","$v":"অন্যান্য ফ্যাক্স"},{"$i":"numberBlockedMessage","$v":"এই নম্বরটি অবরুদ্ধ। আপনি আপনার বাবা-মায়ের কাছে অনুমতি চাইতে পারেন।"},{"$i":"callAirplaneModeTitle","$v":"বিমান মোড সক্রিয় করা হয়েছে"},{"$i":"callAirplaneModeMessage","$v":"কল করতে আপনাকে সেটিংসে বিমোন মোড অক্ষম করতে হবে।"},{"$i":"emergencyDialogTitle","$v":"কোনো নেটওয়ার্ক সংযোগ নেই"},{"$i":"emergencyDialogBodyBadNumber","$v":"ফোন করতে ফোন অবশ্যই নেটওয়ার্কের সঙ্গে ফোন সংযুক্ত থাকতে হবে।"},{"$i":"emergencyDialogBodyDeviceNotAccepted","$v":"জরুরি কলগুলি নেটওয়ার্ক দ্বারা অনুমোদিত নয়।"},{"$i":"invalidNumberToDialTitle","$v":"অবৈধ ফোন নম্বর"},{"$i":"invalidNumberToDialMessage","$v":"আপনি যে ফোন নম্বরে কল করছেন সেটি বৈধ নয়।"},{"$i":"emergency-call-only","$v":"শুধুমাত্র জরুরি কল"},{"$i":"emergency-call-error","$v":[{"t":"idOrVar","v":"number"}," জরুরি নম্বর নয়।"]},{"$i":"numberIsBusyTitle","$v":"নম্বর ব্যস্ত"},{"$i":"numberIsBusyMessage","$v":"নম্বরটি বর্তমানে ব্যস্ত। অনুগ্রহ করে পরে চেষ্টা করুন।"},{"$i":"fdnIsActiveTitle","$v":"FDN সক্রিয়"},{"$i":"fdnIsActiveMessage","$v":["FDN (ফিক্সড ডায়ালিং নম্বর) সক্রিয় করা হয়েছে এবং নিচের নম্বরটি আপনার FDN তালিকায় নেই: ",{"t":"idOrVar","v":"number"}]},{"$i":"otherConnectionInUseTitle","$v":"অন্য সংযোগ ব্যবহার হচ্ছে"},{"$i":"otherConnectionInUseMessage","$v":"অন্য সংযোগে আপনার একটি সক্রিয় কল রয়েছে। আপনি একই সময়ে কেবল একটি সংযোগ ব্যবহার করতে পারেন।"},{"$i":"GenericFailure","$v":"জেনেরিক ব্যর্থতা"},{"$i":"CallFailed","$v":"কল ব্যর্থ হয়েছে"},{"$i":"weekday-0-long","$v":"Sunday"},{"$i":"weekday-1-long","$v":"Monday"},{"$i":"weekday-2-long","$v":"Tuesday"},{"$i":"weekday-3-long","$v":"Wednesday"},{"$i":"weekday-4-long","$v":"Thursday"},{"$i":"weekday-5-long","$v":"Friday"},{"$i":"weekday-6-long","$v":"Saturday"},{"$i":"weekday-0-short","$v":"Sun"},{"$i":"weekday-1-short","$v":"Mon"},{"$i":"weekday-2-short","$v":"Tue"},{"$i":"weekday-3-short","$v":"Wed"},{"$i":"weekday-4-short","$v":"Thu"},{"$i":"weekday-5-short","$v":"Fri"},{"$i":"weekday-6-short","$v":"Sat"},{"$i":"month-0-long","$v":"January"},{"$i":"month-1-long","$v":"February"},{"$i":"month-2-long","$v":"March"},{"$i":"month-3-long","$v":"April"},{"$i":"month-4-long","$v":"May"},{"$i":"month-5-long","$v":"June"},{"$i":"month-6-long","$v":"July"},{"$i":"month-7-long","$v":"August"},{"$i":"month-8-long","$v":"September"},{"$i":"month-9-long","$v":"October"},{"$i":"month-10-long","$v":"November"},{"$i":"month-11-long","$v":"December"},{"$i":"month-0-genitive","$v":"January"},{"$i":"month-1-genitive","$v":"February"},{"$i":"month-2-genitive","$v":"March"},{"$i":"month-3-genitive","$v":"April"},{"$i":"month-4-genitive","$v":"May"},{"$i":"month-5-genitive","$v":"June"},{"$i":"month-6-genitive","$v":"July"},{"$i":"month-7-genitive","$v":"August"},{"$i":"month-8-genitive","$v":"September"},{"$i":"month-9-genitive","$v":"October"},{"$i":"month-10-genitive","$v":"November"},{"$i":"month-11-genitive","$v":"December"},{"$i":"month-0-short","$v":"Jan"},{"$i":"month-1-short","$v":"Feb"},{"$i":"month-2-short","$v":"Mar"},{"$i":"month-3-short","$v":"Apr"},{"$i":"month-4-short","$v":"May"},{"$i":"month-5-short","$v":"Jun"},{"$i":"month-6-short","$v":"Jul"},{"$i":"month-7-short","$v":"Aug"},{"$i":"month-8-short","$v":"Sep"},{"$i":"month-9-short","$v":"Oct"},{"$i":"month-10-short","$v":"Nov"},{"$i":"month-11-short","$v":"Dec"},{"$i":"minutes-ago-long","$v":{"zero":"just now","one":"a minute ago","two":[{"t":"idOrVar","v":"value"}," minutes ago"],"few":[{"t":"idOrVar","v":"value"}," minutes ago"],"many":[{"t":"idOrVar","v":"value"}," minutes ago"],"other":[{"t":"idOrVar","v":"value"}," minutes ago"]},"$x":[{"t":"idOrVar","v":"plural"},"value"]},{"$i":"hours-ago-long","$v":{"zero":"just now","one":"an hour ago","two":[{"t":"idOrVar","v":"value"}," hours ago"],"few":[{"t":"idOrVar","v":"value"}," hours ago"],"many":[{"t":"idOrVar","v":"value"}," hours ago"],"other":[{"t":"idOrVar","v":"value"}," hours ago"]},"$x":[{"t":"idOrVar","v":"plural"},"value"]},{"$i":"days-ago-long","$v":{"zero":"today","one":"yesterday","two":[{"t":"idOrVar","v":"value"}," days ago"],"few":[{"t":"idOrVar","v":"value"}," days ago"],"many":[{"t":"idOrVar","v":"value"}," days ago"],"other":[{"t":"idOrVar","v":"value"}," days ago"]},"$x":[{"t":"idOrVar","v":"plural"},"value"]},{"$i":"weeks-ago-long","$v":{"zero":"this week","one":"last week","two":[{"t":"idOrVar","v":"value"}," weeks ago"],"few":[{"t":"idOrVar","v":"value"}," weeks ago"],"many":[{"t":"idOrVar","v":"value"}," weeks ago"],"other":[{"t":"idOrVar","v":"value"}," weeks ago"]},"$x":[{"t":"idOrVar","v":"plural"},"value"]},{"$i":"months-ago-long","$v":{"zero":"this month","one":"last month","two":[{"t":"idOrVar","v":"value"}," months ago"],"few":[{"t":"idOrVar","v":"value"}," months ago"],"many":[{"t":"idOrVar","v":"value"}," months ago"],"other":[{"t":"idOrVar","v":"value"}," months ago"]},"$x":[{"t":"idOrVar","v":"plural"},"value"]},{"$i":"years-ago-long","$v":{"zero":"this year","one":"last year","two":[{"t":"idOrVar","v":"value"}," years ago"],"few":[{"t":"idOrVar","v":"value"}," years ago"],"many":[{"t":"idOrVar","v":"value"}," years ago"],"other":[{"t":"idOrVar","v":"value"}," years ago"]},"$x":[{"t":"idOrVar","v":"plural"},"value"]},{"$i":"minutes-until-long","$v":{"zero":"now","one":"in a minute","two":["in ",{"t":"idOrVar","v":"value"}," minutes"],"few":["in ",{"t":"idOrVar","v":"value"}," minutes"],"many":["in ",{"t":"idOrVar","v":"value"}," minutes"],"other":["in ",{"t":"idOrVar","v":"value"}," minutes"]},"$x":[{"t":"idOrVar","v":"plural"},"value"]},{"$i":"hours-until-long","$v":{"zero":"now","one":"in an hour","two":["in ",{"t":"idOrVar","v":"value"}," hours"],"few":["in ",{"t":"idOrVar","v":"value"}," hours"],"many":["in ",{"t":"idOrVar","v":"value"}," hours"],"other":["in ",{"t":"idOrVar","v":"value"}," hours"]},"$x":[{"t":"idOrVar","v":"plural"},"value"]},{"$i":"days-until-long","$v":{"zero":"today","one":"tomorrow","two":["in ",{"t":"idOrVar","v":"value"}," days"],"few":["in ",{"t":"idOrVar","v":"value"}," days"],"many":["in ",{"t":"idOrVar","v":"value"}," days"],"other":["in ",{"t":"idOrVar","v":"value"}," days"]},"$x":[{"t":"idOrVar","v":"plural"},"value"]},{"$i":"weeks-until-long","$v":{"zero":"this week","one":"next week","two":["in ",{"t":"idOrVar","v":"value"}," weeks"],"few":["in ",{"t":"idOrVar","v":"value"}," weeks"],"many":["in ",{"t":"idOrVar","v":"value"}," weeks"],"other":["in ",{"t":"idOrVar","v":"value"}," weeks"]},"$x":[{"t":"idOrVar","v":"plural"},"value"]},{"$i":"months-until-long","$v":{"zero":"this month","one":"next month","two":["in ",{"t":"idOrVar","v":"value"}," months"],"few":["in ",{"t":"idOrVar","v":"value"}," months"],"many":["in ",{"t":"idOrVar","v":"value"}," months"],"other":["in ",{"t":"idOrVar","v":"value"}," months"]},"$x":[{"t":"idOrVar","v":"plural"},"value"]},{"$i":"years-until-long","$v":{"zero":"this year","one":"next year","two":["in ",{"t":"idOrVar","v":"value"}," years"],"few":["in ",{"t":"idOrVar","v":"value"}," years"],"many":["in ",{"t":"idOrVar","v":"value"}," years"],"other":["in ",{"t":"idOrVar","v":"value"}," years"]},"$x":[{"t":"idOrVar","v":"plural"},"value"]},{"$i":"minutes-ago-short","$v":{"zero":"just now","other":[{"t":"idOrVar","v":"value"},"m ago"]},"$x":[{"t":"idOrVar","v":"plural"},"value"]},{"$i":"hours-ago-short","$v":{"zero":"just now","other":[{"t":"idOrVar","v":"value"},"h ago"]},"$x":[{"t":"idOrVar","v":"plural"},"value"]},{"$i":"days-ago-short","$v":{"zero":"today","other":[{"t":"idOrVar","v":"value"},"d ago"]},"$x":[{"t":"idOrVar","v":"plural"},"value"]},{"$i":"minutes-until-short","$v":{"zero":"now","other":["in ",{"t":"idOrVar","v":"value"},"m"]},"$x":[{"t":"idOrVar","v":"plural"},"value"]},{"$i":"hours-until-short","$v":{"zero":"now","other":["in ",{"t":"idOrVar","v":"value"},"h"]},"$x":[{"t":"idOrVar","v":"plural"},"value"]},{"$i":"days-until-short","$v":{"zero":"today","other":["in ",{"t":"idOrVar","v":"value"},"d"]},"$x":[{"t":"idOrVar","v":"plural"},"value"]},{"$i":"incorrectDate","$v":"(incorrect date)"},{"$i":"dateTimeFormat_%c","$v":"%a %b %e %Y %I:%M:%S %p"},{"$i":"dateTimeFormat_%x","$v":"%m/%d/%Y"},{"$i":"dateTimeFormat_%X","$v":"%I:%M:%S %p"},{"$i":"shortTimeFormat","$v":"%I:%M %p"},{"$i":"shortTimeFormat12","$v":"%I:%M %p"},{"$i":"shortTimeFormat24","$v":"%H:%M"},{"$i":"shortDateTimeFormat","$v":"%x %I:%M %p"},{"$i":"weekStartsOnMonday","$v":"0"},{"$i":"firstDayOfTheWeek","$v":"0"},{"$i":"time_am","$v":"AM"},{"$i":"time_pm","$v":"PM"},{"$i":"sim-with-index-and-carrier","$v":["SIM ",{"t":"idOrVar","v":"index"}," - ",{"t":"idOrVar","v":"carrier"}]},{"$i":"sim-without-carrier","$v":["SIM ",{"t":"idOrVar","v":"index"}]}]