[{"$i":"callLog","$v":"Opkaldslog"},{"$i":"all","$v":"Alle"},{"$i":"missed","$v":"Ubesvarede"},{"$i":"outgoing","$v":"Ringet op"},{"$i":"incoming","$v":"Modtaget"},{"$i":"missedCall","$v":"Ubesvaret opkald"},{"$i":"outgoingCall","$v":"Udgående opkald"},{"$i":"incomingCall","$v":"Indgående opkald"},{"$i":"rttCall","$v":"RTT-opkald"},{"$i":"rtt-call","$v":"RTT-OPKALD"},{"$i":"videoCall","$v":"Videoopkald"},{"$i":"call","$v":"Opkald"},{"$i":"options","$v":"Valg"},{"$i":"callInformation","$v":"Opkaldsoplysninger"},{"$i":"sendSms","$v":"Send besked"},{"$i":"createNewContact","$v":"Opret ny kontakt"},{"$i":"addToExistingContact","$v":"Føj til eksisterende kontakt"},{"$i":"editCalllog","$v":"Rediger opkaldslog"},{"$i":"numberType","$v":[{"t":"idOrVar","v":"type"},", ",{"t":"idOrVar","v":"number"}]},{"$i":"withheld-number","$v":"Ukendt"},{"$i":"unknown","$v":"Ukendt"},{"$i":"today","$v":"I dag"},{"$i":"yesterday","$v":"I går"},{"$i":"no-logs-msg-1","$v":"Ingen optagelser optaget"},{"$i":"no-logs-msg-2","$v":"Begynd at kommunikere nu"},{"$i":"voicemail","$v":"Talebesked"},{"$i":"emergencyNumber","$v":"Alarmnummer"},{"$i":"select","$v":"Vælg"},{"$i":"calllog-all","$v":"Alle"},{"$i":"delete","$v":"Slet"},{"$i":"deselect","$v":"Fravælg"},{"$i":"calllog-none","$v":"Intet"},{"$i":"checkedCount","$v":"selected"},{"$i":"confirmation","$v":"Bekræftelse"},{"$i":"deleteLog","$v":"Er du sikker på, at du vil slette markerede poster fra opkaldsloggen?"},{"$i":"delete-single-log","$v":["Er du sikker på, at du vil slette ",{"t":"idOrVar","v":"name"}," fra opkaldsloggen?"]},{"$i":"blockContact","$v":"Du modtager ikke telefonopkald og beskeder fra personer på listen over blokerede personer."},{"$i":"no-recent-numbers","$v":"Der er ingen seneste numre i opkaldsloggen at ringe op."},{"$i":"ok","$v":"OK"},{"$i":"cancel","$v":"Annuller"},{"$i":"block","$v":"Blokér"},{"$i":"unblock","$v":"Unblock"},{"$i":"deletedNotification","$v":[{"t":"idOrVar","v":"n"}," poster blev slettet"]},{"$i":"deletedNotification-1","$v":{"few":[{"t":"idOrVar","v":"n"}," poster blev slettet"],"many":[{"t":"idOrVar","v":"n"}," poster blev slettet"],"one":"1 post blev slettet","other":[{"t":"idOrVar","v":"n"}," poster blev slettet"],"two":[{"t":"idOrVar","v":"n"}," poster blev slettet"]},"$x":[{"t":"idOrVar","v":"plural"},"n"]},{"$i":"durationHours","$v":{"few":[{"t":"idOrVar","v":"value"}," timer"],"many":[{"t":"idOrVar","v":"value"}," timer"],"one":"1 time","other":[{"t":"idOrVar","v":"value"}," timer"],"two":[{"t":"idOrVar","v":"value"}," timer"],"zero":"0 time"},"$x":[{"t":"idOrVar","v":"plural"},"value"]},{"$i":"durationMinutes","$v":{"few":[{"t":"idOrVar","v":"value"}," minutter"],"many":[{"t":"idOrVar","v":"value"}," minutter"],"one":"1 minut","other":[{"t":"idOrVar","v":"value"}," minutter"],"two":[{"t":"idOrVar","v":"value"}," minutter"],"zero":"0 minut"},"$x":[{"t":"idOrVar","v":"plural"},"value"]},{"$i":"durationSeconds","$v":{"few":[{"t":"idOrVar","v":"value"}," timer"],"many":[{"t":"idOrVar","v":"value"}," timer"],"one":"1 sekund","other":[{"t":"idOrVar","v":"value"}," timer"],"two":[{"t":"idOrVar","v":"value"}," timer"],"zero":"0 sekund"},"$x":[{"t":"idOrVar","v":"plural"},"value"]},{"$i":"mobile","$v":"Mobil"},{"$i":"home","$v":"Hjem"},{"$i":"work","$v":"Arbejde"},{"$i":"personal","$v":"Personlig"},{"$i":"other","$v":"Andet"},{"$i":"fax-home","$v":"Fax privat"},{"$i":"fax-office","$v":"Fax kontor"},{"$i":"fax-other","$v":"Fax andet"},{"$i":"numberBlockedMessage","$v":"Dette nummer er blokeret. Du kan bede dine forældre om tilladelse."},{"$i":"callAirplaneModeTitle","$v":"Flytilstand aktiveret"},{"$i":"callAirplaneModeMessage","$v":"Hvis du vil foretage et opkald, skal du deaktivere flytilstand i Indstillinger."},{"$i":"emergencyDialogTitle","$v":"Ingen netværksforbindelse"},{"$i":"emergencyDialogBodyBadNumber","$v":"Hvis du vil foretage et opkald, skal telefonen være forbundet til et netværk."},{"$i":"emergencyDialogBodyDeviceNotAccepted","$v":"Nødopkald er ikke tilladt af netværket."},{"$i":"invalidNumberToDialTitle","$v":"Ugyldigt telefonnummer"},{"$i":"invalidNumberToDialMessage","$v":"Det telefonnummer, du ringer til, er ikke gyldigt."},{"$i":"emergency-call-only","$v":"Kun nødopkald"},{"$i":"emergency-call-error","$v":[{"t":"idOrVar","v":"number"}," er ikke et alarmnummer."]},{"$i":"numberIsBusyTitle","$v":"Nummeret er optaget"},{"$i":"numberIsBusyMessage","$v":"Nummeret er optaget. Prøv igen senere."},{"$i":"fdnIsActiveTitle","$v":"Begrænsede numre aktiv"},{"$i":"fdnIsActiveMessage","$v":["Begrænsede numre er aktiveret, og følgende nummer er ikke på din liste over begrænsede numre: ",{"t":"idOrVar","v":"number"}]},{"$i":"otherConnectionInUseTitle","$v":"Anden forbindelse i brug"},{"$i":"otherConnectionInUseMessage","$v":"Du har et aktivt opkald på en anden forbindelse. Du kan kun bruge en forbindelse ad gangen."},{"$i":"GenericFailure","$v":"Generisk fejl"},{"$i":"CallFailed","$v":"Opkald mislykkedes"},{"$i":"weekday-0-long","$v":"Sunday"},{"$i":"weekday-1-long","$v":"Monday"},{"$i":"weekday-2-long","$v":"Tuesday"},{"$i":"weekday-3-long","$v":"Wednesday"},{"$i":"weekday-4-long","$v":"Thursday"},{"$i":"weekday-5-long","$v":"Friday"},{"$i":"weekday-6-long","$v":"Saturday"},{"$i":"weekday-0-short","$v":"Sun"},{"$i":"weekday-1-short","$v":"Mon"},{"$i":"weekday-2-short","$v":"Tue"},{"$i":"weekday-3-short","$v":"Wed"},{"$i":"weekday-4-short","$v":"Thu"},{"$i":"weekday-5-short","$v":"Fri"},{"$i":"weekday-6-short","$v":"Sat"},{"$i":"month-0-long","$v":"January"},{"$i":"month-1-long","$v":"February"},{"$i":"month-2-long","$v":"March"},{"$i":"month-3-long","$v":"April"},{"$i":"month-4-long","$v":"May"},{"$i":"month-5-long","$v":"June"},{"$i":"month-6-long","$v":"July"},{"$i":"month-7-long","$v":"August"},{"$i":"month-8-long","$v":"September"},{"$i":"month-9-long","$v":"October"},{"$i":"month-10-long","$v":"November"},{"$i":"month-11-long","$v":"December"},{"$i":"month-0-genitive","$v":"January"},{"$i":"month-1-genitive","$v":"February"},{"$i":"month-2-genitive","$v":"March"},{"$i":"month-3-genitive","$v":"April"},{"$i":"month-4-genitive","$v":"May"},{"$i":"month-5-genitive","$v":"June"},{"$i":"month-6-genitive","$v":"July"},{"$i":"month-7-genitive","$v":"August"},{"$i":"month-8-genitive","$v":"September"},{"$i":"month-9-genitive","$v":"October"},{"$i":"month-10-genitive","$v":"November"},{"$i":"month-11-genitive","$v":"December"},{"$i":"month-0-short","$v":"Jan"},{"$i":"month-1-short","$v":"Feb"},{"$i":"month-2-short","$v":"Mar"},{"$i":"month-3-short","$v":"Apr"},{"$i":"month-4-short","$v":"May"},{"$i":"month-5-short","$v":"Jun"},{"$i":"month-6-short","$v":"Jul"},{"$i":"month-7-short","$v":"Aug"},{"$i":"month-8-short","$v":"Sep"},{"$i":"month-9-short","$v":"Oct"},{"$i":"month-10-short","$v":"Nov"},{"$i":"month-11-short","$v":"Dec"},{"$i":"minutes-ago-long","$v":{"zero":"just now","one":"a minute ago","two":[{"t":"idOrVar","v":"value"}," minutes ago"],"few":[{"t":"idOrVar","v":"value"}," minutes ago"],"many":[{"t":"idOrVar","v":"value"}," minutes ago"],"other":[{"t":"idOrVar","v":"value"}," minutes ago"]},"$x":[{"t":"idOrVar","v":"plural"},"value"]},{"$i":"hours-ago-long","$v":{"zero":"just now","one":"an hour ago","two":[{"t":"idOrVar","v":"value"}," hours ago"],"few":[{"t":"idOrVar","v":"value"}," hours ago"],"many":[{"t":"idOrVar","v":"value"}," hours ago"],"other":[{"t":"idOrVar","v":"value"}," hours ago"]},"$x":[{"t":"idOrVar","v":"plural"},"value"]},{"$i":"days-ago-long","$v":{"zero":"today","one":"yesterday","two":[{"t":"idOrVar","v":"value"}," days ago"],"few":[{"t":"idOrVar","v":"value"}," days ago"],"many":[{"t":"idOrVar","v":"value"}," days ago"],"other":[{"t":"idOrVar","v":"value"}," days ago"]},"$x":[{"t":"idOrVar","v":"plural"},"value"]},{"$i":"weeks-ago-long","$v":{"zero":"this week","one":"last week","two":[{"t":"idOrVar","v":"value"}," weeks ago"],"few":[{"t":"idOrVar","v":"value"}," weeks ago"],"many":[{"t":"idOrVar","v":"value"}," weeks ago"],"other":[{"t":"idOrVar","v":"value"}," weeks ago"]},"$x":[{"t":"idOrVar","v":"plural"},"value"]},{"$i":"months-ago-long","$v":{"zero":"this month","one":"last month","two":[{"t":"idOrVar","v":"value"}," months ago"],"few":[{"t":"idOrVar","v":"value"}," months ago"],"many":[{"t":"idOrVar","v":"value"}," months ago"],"other":[{"t":"idOrVar","v":"value"}," months ago"]},"$x":[{"t":"idOrVar","v":"plural"},"value"]},{"$i":"years-ago-long","$v":{"zero":"this year","one":"last year","two":[{"t":"idOrVar","v":"value"}," years ago"],"few":[{"t":"idOrVar","v":"value"}," years ago"],"many":[{"t":"idOrVar","v":"value"}," years ago"],"other":[{"t":"idOrVar","v":"value"}," years ago"]},"$x":[{"t":"idOrVar","v":"plural"},"value"]},{"$i":"minutes-until-long","$v":{"zero":"now","one":"in a minute","two":["in ",{"t":"idOrVar","v":"value"}," minutes"],"few":["in ",{"t":"idOrVar","v":"value"}," minutes"],"many":["in ",{"t":"idOrVar","v":"value"}," minutes"],"other":["in ",{"t":"idOrVar","v":"value"}," minutes"]},"$x":[{"t":"idOrVar","v":"plural"},"value"]},{"$i":"hours-until-long","$v":{"zero":"now","one":"in an hour","two":["in ",{"t":"idOrVar","v":"value"}," hours"],"few":["in ",{"t":"idOrVar","v":"value"}," hours"],"many":["in ",{"t":"idOrVar","v":"value"}," hours"],"other":["in ",{"t":"idOrVar","v":"value"}," hours"]},"$x":[{"t":"idOrVar","v":"plural"},"value"]},{"$i":"days-until-long","$v":{"zero":"today","one":"tomorrow","two":["in ",{"t":"idOrVar","v":"value"}," days"],"few":["in ",{"t":"idOrVar","v":"value"}," days"],"many":["in ",{"t":"idOrVar","v":"value"}," days"],"other":["in ",{"t":"idOrVar","v":"value"}," days"]},"$x":[{"t":"idOrVar","v":"plural"},"value"]},{"$i":"weeks-until-long","$v":{"zero":"this week","one":"next week","two":["in ",{"t":"idOrVar","v":"value"}," weeks"],"few":["in ",{"t":"idOrVar","v":"value"}," weeks"],"many":["in ",{"t":"idOrVar","v":"value"}," weeks"],"other":["in ",{"t":"idOrVar","v":"value"}," weeks"]},"$x":[{"t":"idOrVar","v":"plural"},"value"]},{"$i":"months-until-long","$v":{"zero":"this month","one":"next month","two":["in ",{"t":"idOrVar","v":"value"}," months"],"few":["in ",{"t":"idOrVar","v":"value"}," months"],"many":["in ",{"t":"idOrVar","v":"value"}," months"],"other":["in ",{"t":"idOrVar","v":"value"}," months"]},"$x":[{"t":"idOrVar","v":"plural"},"value"]},{"$i":"years-until-long","$v":{"zero":"this year","one":"next year","two":["in ",{"t":"idOrVar","v":"value"}," years"],"few":["in ",{"t":"idOrVar","v":"value"}," years"],"many":["in ",{"t":"idOrVar","v":"value"}," years"],"other":["in ",{"t":"idOrVar","v":"value"}," years"]},"$x":[{"t":"idOrVar","v":"plural"},"value"]},{"$i":"minutes-ago-short","$v":{"zero":"just now","other":[{"t":"idOrVar","v":"value"},"m ago"]},"$x":[{"t":"idOrVar","v":"plural"},"value"]},{"$i":"hours-ago-short","$v":{"zero":"just now","other":[{"t":"idOrVar","v":"value"},"h ago"]},"$x":[{"t":"idOrVar","v":"plural"},"value"]},{"$i":"days-ago-short","$v":{"zero":"today","other":[{"t":"idOrVar","v":"value"},"d ago"]},"$x":[{"t":"idOrVar","v":"plural"},"value"]},{"$i":"minutes-until-short","$v":{"zero":"now","other":["in ",{"t":"idOrVar","v":"value"},"m"]},"$x":[{"t":"idOrVar","v":"plural"},"value"]},{"$i":"hours-until-short","$v":{"zero":"now","other":["in ",{"t":"idOrVar","v":"value"},"h"]},"$x":[{"t":"idOrVar","v":"plural"},"value"]},{"$i":"days-until-short","$v":{"zero":"today","other":["in ",{"t":"idOrVar","v":"value"},"d"]},"$x":[{"t":"idOrVar","v":"plural"},"value"]},{"$i":"incorrectDate","$v":"(incorrect date)"},{"$i":"dateTimeFormat_%c","$v":"%a %b %e %Y %I:%M:%S %p"},{"$i":"dateTimeFormat_%x","$v":"%m/%d/%Y"},{"$i":"dateTimeFormat_%X","$v":"%I:%M:%S %p"},{"$i":"shortTimeFormat","$v":"%I:%M %p"},{"$i":"shortTimeFormat12","$v":"%I:%M %p"},{"$i":"shortTimeFormat24","$v":"%H:%M"},{"$i":"shortDateTimeFormat","$v":"%x %I:%M %p"},{"$i":"weekStartsOnMonday","$v":"0"},{"$i":"firstDayOfTheWeek","$v":"0"},{"$i":"time_am","$v":"AM"},{"$i":"time_pm","$v":"PM"},{"$i":"sim-with-index-and-carrier","$v":["SIM ",{"t":"idOrVar","v":"index"}," - ",{"t":"idOrVar","v":"carrier"}]},{"$i":"sim-without-carrier","$v":["SIM ",{"t":"idOrVar","v":"index"}]}]