[{"$i":"callLog","$v":"Μητρώο κλήσεων"},{"$i":"all","$v":"Όλα"},{"$i":"missed","$v":"Αναπάντητες"},{"$i":"outgoing","$v":"Πραγματοποιημένες κλήσεις"},{"$i":"incoming","$v":"Εισερχόμενες"},{"$i":"missedCall","$v":"Αναπάντητη κλήση"},{"$i":"outgoingCall","$v":"Εξερχόμενη κλήση"},{"$i":"incomingCall","$v":"Εισερχόμενη κλήση"},{"$i":"rttCall","$v":"Κλήση RTT"},{"$i":"rtt-call","$v":"ΚΛΗΣΗ RTT"},{"$i":"videoCall","$v":"Κλήση βίντεο"},{"$i":"call","$v":"Κλήση"},{"$i":"options","$v":"Επιλογές"},{"$i":"callInformation","$v":"Πληροφορίες κλήσης"},{"$i":"sendSms","$v":"Αποστολή μηνύματος"},{"$i":"createNewContact","$v":"Δημιουργία νέας επαφής"},{"$i":"addToExistingContact","$v":"Προσθήκη σε υπάρχουσα επαφή"},{"$i":"editCalllog","$v":"Επεξ. μητρ. κλήσεων"},{"$i":"numberType","$v":[{"t":"idOrVar","v":"type"},", ",{"t":"idOrVar","v":"number"}]},{"$i":"withheld-number","$v":"Άγνωστο"},{"$i":"unknown","$v":"Άγνωστο"},{"$i":"today","$v":"Σήμερα"},{"$i":"yesterday","$v":"Χθες"},{"$i":"no-logs-msg-1","$v":"Δεν καταγράφονται κλήσεις"},{"$i":"no-logs-msg-2","$v":"Ξεκινήστε την επικοινωνία"},{"$i":"voicemail","$v":"Τηλεφωνητής"},{"$i":"emergencyNumber","$v":"Αριθμός επείγουσας κλήσης"},{"$i":"select","$v":"Επιλογή"},{"$i":"calllog-all","$v":"Όλα"},{"$i":"delete","$v":"Διαγραφή"},{"$i":"deselect","$v":"Αναίρεση επιλογής"},{"$i":"calllog-none","$v":"Κανένα"},{"$i":"checkedCount","$v":"selected"},{"$i":"confirmation","$v":"Επιβεβαίωση"},{"$i":"deleteLog","$v":"Είστε βέβαιοι ότι θέλετε να διαγράψετε τις επιλεγμένες καταχωρήσεις από το μητρώο κλήσεων;"},{"$i":"delete-single-log","$v":["Είστε βέβαιοι ότι θέλετε να διαγράψετε το χρήστη ",{"t":"idOrVar","v":"name"}," από το αρχείο καταγραφής κλήσεων;"]},{"$i":"blockContact","$v":"Δεν θα λαμβάνετε κλήσεις, μηνύματα από άτομα που βρίσκονται στη λίστα αποκλεισμένων."},{"$i":"no-recent-numbers","$v":"Δεν υπάρχουν πρόσφατοι αριθμοί στο αρχείο καταγραφής κλήσεων για κλήση."},{"$i":"ok","$v":"OK"},{"$i":"cancel","$v":"Ακύρωση"},{"$i":"block","$v":"Αποκλεισμός"},{"$i":"unblock","$v":"Ξεβουλώνω"},{"$i":"deletedNotification","$v":[{"t":"idOrVar","v":"n"}," καταχωρίσεις διαγράφηκαν"]},{"$i":"deletedNotification-1","$v":{"few":[{"t":"idOrVar","v":"n"}," καταχωρίσεις διαγράφηκαν"],"many":[{"t":"idOrVar","v":"n"}," καταχωρίσεις διαγράφηκαν"],"one":"Διαγράφηκε 1 καταχώριση","other":[{"t":"idOrVar","v":"n"}," καταχωρίσεις διαγράφηκαν"],"two":[{"t":"idOrVar","v":"n"}," καταχωρίσεις διαγράφηκαν"]},"$x":[{"t":"idOrVar","v":"plural"},"n"]},{"$i":"durationHours","$v":{"few":[{"t":"idOrVar","v":"value"}," ώρες"],"many":[{"t":"idOrVar","v":"value"}," ώρες"],"one":"1 ώρα","other":[{"t":"idOrVar","v":"value"}," ώρες"],"two":[{"t":"idOrVar","v":"value"}," ώρες"],"zero":"0 ώρα"},"$x":[{"t":"idOrVar","v":"plural"},"value"]},{"$i":"durationMinutes","$v":{"few":[{"t":"idOrVar","v":"value"}," λεπτά"],"many":[{"t":"idOrVar","v":"value"}," λεπτά"],"one":"1 λεπτό","other":[{"t":"idOrVar","v":"value"}," λεπτά"],"two":[{"t":"idOrVar","v":"value"}," λεπτά"],"zero":"0 λεπτό"},"$x":[{"t":"idOrVar","v":"plural"},"value"]},{"$i":"durationSeconds","$v":{"few":[{"t":"idOrVar","v":"value"}," ώρες"],"many":[{"t":"idOrVar","v":"value"}," ώρες"],"one":"1 δευτερόλεπτο","other":[{"t":"idOrVar","v":"value"}," ώρες"],"two":[{"t":"idOrVar","v":"value"}," ώρες"],"zero":"0 δευτερόλεπτο"},"$x":[{"t":"idOrVar","v":"plural"},"value"]},{"$i":"mobile","$v":"Κινητό"},{"$i":"home","$v":"Σπίτι"},{"$i":"work","$v":"Εργασία"},{"$i":"personal","$v":"Προσωπικό"},{"$i":"other","$v":"Άλλο"},{"$i":"fax-home","$v":"Φαξ οικίας"},{"$i":"fax-office","$v":"Φαξ γραφείου"},{"$i":"fax-other","$v":"Άλλο φαξ"},{"$i":"numberBlockedMessage","$v":"Αυτός ο αριθμός είναι αποκλεισμένος. Μπορείτε να ζητήσετε άδεια από τους γονείς σας."},{"$i":"callAirplaneModeTitle","$v":"Λειτουργία πτήσης ενεργοποιημένη"},{"$i":"callAirplaneModeMessage","$v":"Για πραγματοποίηση κλήσεων, πρέπει να απενεργοποιήσετε τη λειτουργία πτήσης στις ρυθμίσεις."},{"$i":"emergencyDialogTitle","$v":"Χωρίς σύνδεση δικτύου"},{"$i":"emergencyDialogBodyBadNumber","$v":"Για να πραγματοποιήσετε κλήσεις, το τηλέφωνο πρέπει να είναι συνδεδεμένο σε δίκτυο."},{"$i":"emergencyDialogBodyDeviceNotAccepted","$v":"Οι επείγουσες κλήσεις δεν επιτρέπονται από το δίκτυο."},{"$i":"invalidNumberToDialTitle","$v":"Μη έγκυρος αριθμός τηλεφώνου"},{"$i":"invalidNumberToDialMessage","$v":"Ο αριθμός τηλεφώνου που καλείτε δεν είναι έγκυρος."},{"$i":"emergency-call-only","$v":"Μόνο επείγουσα κλήση"},{"$i":"emergency-call-error","$v":["Το ",{"t":"idOrVar","v":"number"}," δεν είναι αριθμός επείγουσας κλήσης."]},{"$i":"numberIsBusyTitle","$v":"Αρ. κατειλημμένος"},{"$i":"numberIsBusyMessage","$v":"Ο αριθμός είναι κατειλημμένος. Δοκιμάστε ξανά αργότερα."},{"$i":"fdnIsActiveTitle","$v":"Λειτουργία FDN ενεργή"},{"$i":"fdnIsActiveMessage","$v":["Η λειτουργία FDN (Αριθμοί επιτρεπτών κλήσεων) είναι ενεργοποιημένη και ο παρακάτω αριθμός δεν υπάρχει στον κατάλογο FDN: ",{"t":"idOrVar","v":"number"}]},{"$i":"otherConnectionInUseTitle","$v":"Χρησιμοπ. άλλη σύνδεση"},{"$i":"otherConnectionInUseMessage","$v":"Υπάρχει ενεργή κλήση σε άλλη σύνδεση. Μπορείτε να χρησιμοποιείτε μόνο μία σύνδεση τη φορά."},{"$i":"GenericFailure","$v":"Γενικό σφάλμα"},{"$i":"CallFailed","$v":"Η κλήση απέτυχε"},{"$i":"weekday-0-long","$v":"Sunday"},{"$i":"weekday-1-long","$v":"Monday"},{"$i":"weekday-2-long","$v":"Tuesday"},{"$i":"weekday-3-long","$v":"Wednesday"},{"$i":"weekday-4-long","$v":"Thursday"},{"$i":"weekday-5-long","$v":"Friday"},{"$i":"weekday-6-long","$v":"Saturday"},{"$i":"weekday-0-short","$v":"Sun"},{"$i":"weekday-1-short","$v":"Mon"},{"$i":"weekday-2-short","$v":"Tue"},{"$i":"weekday-3-short","$v":"Wed"},{"$i":"weekday-4-short","$v":"Thu"},{"$i":"weekday-5-short","$v":"Fri"},{"$i":"weekday-6-short","$v":"Sat"},{"$i":"month-0-long","$v":"January"},{"$i":"month-1-long","$v":"February"},{"$i":"month-2-long","$v":"March"},{"$i":"month-3-long","$v":"April"},{"$i":"month-4-long","$v":"May"},{"$i":"month-5-long","$v":"June"},{"$i":"month-6-long","$v":"July"},{"$i":"month-7-long","$v":"August"},{"$i":"month-8-long","$v":"September"},{"$i":"month-9-long","$v":"October"},{"$i":"month-10-long","$v":"November"},{"$i":"month-11-long","$v":"December"},{"$i":"month-0-genitive","$v":"January"},{"$i":"month-1-genitive","$v":"February"},{"$i":"month-2-genitive","$v":"March"},{"$i":"month-3-genitive","$v":"April"},{"$i":"month-4-genitive","$v":"May"},{"$i":"month-5-genitive","$v":"June"},{"$i":"month-6-genitive","$v":"July"},{"$i":"month-7-genitive","$v":"August"},{"$i":"month-8-genitive","$v":"September"},{"$i":"month-9-genitive","$v":"October"},{"$i":"month-10-genitive","$v":"November"},{"$i":"month-11-genitive","$v":"December"},{"$i":"month-0-short","$v":"Jan"},{"$i":"month-1-short","$v":"Feb"},{"$i":"month-2-short","$v":"Mar"},{"$i":"month-3-short","$v":"Apr"},{"$i":"month-4-short","$v":"May"},{"$i":"month-5-short","$v":"Jun"},{"$i":"month-6-short","$v":"Jul"},{"$i":"month-7-short","$v":"Aug"},{"$i":"month-8-short","$v":"Sep"},{"$i":"month-9-short","$v":"Oct"},{"$i":"month-10-short","$v":"Nov"},{"$i":"month-11-short","$v":"Dec"},{"$i":"minutes-ago-long","$v":{"zero":"just now","one":"a minute ago","two":[{"t":"idOrVar","v":"value"}," minutes ago"],"few":[{"t":"idOrVar","v":"value"}," minutes ago"],"many":[{"t":"idOrVar","v":"value"}," minutes ago"],"other":[{"t":"idOrVar","v":"value"}," minutes ago"]},"$x":[{"t":"idOrVar","v":"plural"},"value"]},{"$i":"hours-ago-long","$v":{"zero":"just now","one":"an hour ago","two":[{"t":"idOrVar","v":"value"}," hours ago"],"few":[{"t":"idOrVar","v":"value"}," hours ago"],"many":[{"t":"idOrVar","v":"value"}," hours ago"],"other":[{"t":"idOrVar","v":"value"}," hours ago"]},"$x":[{"t":"idOrVar","v":"plural"},"value"]},{"$i":"days-ago-long","$v":{"zero":"today","one":"yesterday","two":[{"t":"idOrVar","v":"value"}," days ago"],"few":[{"t":"idOrVar","v":"value"}," days ago"],"many":[{"t":"idOrVar","v":"value"}," days ago"],"other":[{"t":"idOrVar","v":"value"}," days ago"]},"$x":[{"t":"idOrVar","v":"plural"},"value"]},{"$i":"weeks-ago-long","$v":{"zero":"this week","one":"last week","two":[{"t":"idOrVar","v":"value"}," weeks ago"],"few":[{"t":"idOrVar","v":"value"}," weeks ago"],"many":[{"t":"idOrVar","v":"value"}," weeks ago"],"other":[{"t":"idOrVar","v":"value"}," weeks ago"]},"$x":[{"t":"idOrVar","v":"plural"},"value"]},{"$i":"months-ago-long","$v":{"zero":"this month","one":"last month","two":[{"t":"idOrVar","v":"value"}," months ago"],"few":[{"t":"idOrVar","v":"value"}," months ago"],"many":[{"t":"idOrVar","v":"value"}," months ago"],"other":[{"t":"idOrVar","v":"value"}," months ago"]},"$x":[{"t":"idOrVar","v":"plural"},"value"]},{"$i":"years-ago-long","$v":{"zero":"this year","one":"last year","two":[{"t":"idOrVar","v":"value"}," years ago"],"few":[{"t":"idOrVar","v":"value"}," years ago"],"many":[{"t":"idOrVar","v":"value"}," years ago"],"other":[{"t":"idOrVar","v":"value"}," years ago"]},"$x":[{"t":"idOrVar","v":"plural"},"value"]},{"$i":"minutes-until-long","$v":{"zero":"now","one":"in a minute","two":["in ",{"t":"idOrVar","v":"value"}," minutes"],"few":["in ",{"t":"idOrVar","v":"value"}," minutes"],"many":["in ",{"t":"idOrVar","v":"value"}," minutes"],"other":["in ",{"t":"idOrVar","v":"value"}," minutes"]},"$x":[{"t":"idOrVar","v":"plural"},"value"]},{"$i":"hours-until-long","$v":{"zero":"now","one":"in an hour","two":["in ",{"t":"idOrVar","v":"value"}," hours"],"few":["in ",{"t":"idOrVar","v":"value"}," hours"],"many":["in ",{"t":"idOrVar","v":"value"}," hours"],"other":["in ",{"t":"idOrVar","v":"value"}," hours"]},"$x":[{"t":"idOrVar","v":"plural"},"value"]},{"$i":"days-until-long","$v":{"zero":"today","one":"tomorrow","two":["in ",{"t":"idOrVar","v":"value"}," days"],"few":["in ",{"t":"idOrVar","v":"value"}," days"],"many":["in ",{"t":"idOrVar","v":"value"}," days"],"other":["in ",{"t":"idOrVar","v":"value"}," days"]},"$x":[{"t":"idOrVar","v":"plural"},"value"]},{"$i":"weeks-until-long","$v":{"zero":"this week","one":"next week","two":["in ",{"t":"idOrVar","v":"value"}," weeks"],"few":["in ",{"t":"idOrVar","v":"value"}," weeks"],"many":["in ",{"t":"idOrVar","v":"value"}," weeks"],"other":["in ",{"t":"idOrVar","v":"value"}," weeks"]},"$x":[{"t":"idOrVar","v":"plural"},"value"]},{"$i":"months-until-long","$v":{"zero":"this month","one":"next month","two":["in ",{"t":"idOrVar","v":"value"}," months"],"few":["in ",{"t":"idOrVar","v":"value"}," months"],"many":["in ",{"t":"idOrVar","v":"value"}," months"],"other":["in ",{"t":"idOrVar","v":"value"}," months"]},"$x":[{"t":"idOrVar","v":"plural"},"value"]},{"$i":"years-until-long","$v":{"zero":"this year","one":"next year","two":["in ",{"t":"idOrVar","v":"value"}," years"],"few":["in ",{"t":"idOrVar","v":"value"}," years"],"many":["in ",{"t":"idOrVar","v":"value"}," years"],"other":["in ",{"t":"idOrVar","v":"value"}," years"]},"$x":[{"t":"idOrVar","v":"plural"},"value"]},{"$i":"minutes-ago-short","$v":{"zero":"just now","other":[{"t":"idOrVar","v":"value"},"m ago"]},"$x":[{"t":"idOrVar","v":"plural"},"value"]},{"$i":"hours-ago-short","$v":{"zero":"just now","other":[{"t":"idOrVar","v":"value"},"h ago"]},"$x":[{"t":"idOrVar","v":"plural"},"value"]},{"$i":"days-ago-short","$v":{"zero":"today","other":[{"t":"idOrVar","v":"value"},"d ago"]},"$x":[{"t":"idOrVar","v":"plural"},"value"]},{"$i":"minutes-until-short","$v":{"zero":"now","other":["in ",{"t":"idOrVar","v":"value"},"m"]},"$x":[{"t":"idOrVar","v":"plural"},"value"]},{"$i":"hours-until-short","$v":{"zero":"now","other":["in ",{"t":"idOrVar","v":"value"},"h"]},"$x":[{"t":"idOrVar","v":"plural"},"value"]},{"$i":"days-until-short","$v":{"zero":"today","other":["in ",{"t":"idOrVar","v":"value"},"d"]},"$x":[{"t":"idOrVar","v":"plural"},"value"]},{"$i":"incorrectDate","$v":"(incorrect date)"},{"$i":"dateTimeFormat_%c","$v":"%a %b %e %Y %I:%M:%S %p"},{"$i":"dateTimeFormat_%x","$v":"%m/%d/%Y"},{"$i":"dateTimeFormat_%X","$v":"%I:%M:%S %p"},{"$i":"shortTimeFormat","$v":"%I:%M %p"},{"$i":"shortTimeFormat12","$v":"%I:%M %p"},{"$i":"shortTimeFormat24","$v":"%H:%M"},{"$i":"shortDateTimeFormat","$v":"%x %I:%M %p"},{"$i":"weekStartsOnMonday","$v":"0"},{"$i":"firstDayOfTheWeek","$v":"0"},{"$i":"time_am","$v":"AM"},{"$i":"time_pm","$v":"PM"},{"$i":"sim-with-index-and-carrier","$v":["SIM ",{"t":"idOrVar","v":"index"}," - ",{"t":"idOrVar","v":"carrier"}]},{"$i":"sim-without-carrier","$v":["SIM ",{"t":"idOrVar","v":"index"}]}]