[{"$i":"callLog","$v":"Registro de llamadas"},{"$i":"all","$v":"Todas"},{"$i":"missed","$v":"Perdida"},{"$i":"outgoing","$v":"Realizadas"},{"$i":"incoming","$v":"Recibido"},{"$i":"missedCall","$v":"Llamada perdida"},{"$i":"outgoingCall","$v":"Llamada en curso"},{"$i":"incomingCall","$v":"Llamada entrante"},{"$i":"rttCall","$v":"Llamada RTT"},{"$i":"rtt-call","$v":"LLAMADA RTT"},{"$i":"videoCall","$v":"Videollamada"},{"$i":"call","$v":"Llamada"},{"$i":"options","$v":"Opciones"},{"$i":"callInformation","$v":"Información de llamada"},{"$i":"sendSms","$v":"Enviar mensaje"},{"$i":"createNewContact","$v":"Crear Contacto nuevo"},{"$i":"addToExistingContact","$v":"Añadir a Contacto existente"},{"$i":"editCalllog","$v":"Editar registro de llamadas"},{"$i":"numberType","$v":[{"t":"idOrVar","v":"type"},", ",{"t":"idOrVar","v":"number"}]},{"$i":"withheld-number","$v":"Desconocida"},{"$i":"unknown","$v":"Desconocida"},{"$i":"today","$v":"Hoy"},{"$i":"yesterday","$v":"Ayer"},{"$i":"no-logs-msg-1","$v":"No se registraron llamadas"},{"$i":"no-logs-msg-2","$v":"Comenzar comunicación ahora"},{"$i":"voicemail","$v":"Correo de voz"},{"$i":"emergencyNumber","$v":"Llamada de emergencia"},{"$i":"select","$v":"Selec."},{"$i":"calllog-all","$v":"Todas"},{"$i":"delete","$v":"Eliminar"},{"$i":"deselect","$v":"Desmarcar"},{"$i":"calllog-none","$v":"Ninguno"},{"$i":"checkedCount","$v":"seleccionada"},{"$i":"confirmation","$v":"Confirmación"},{"$i":"deleteLog","$v":"¿Está seguro que desea eliminar las entradas seleccionadas del Registro de llamadas?"},{"$i":"delete-single-log","$v":["¿Seguro de que quiere eliminar ",{"t":"idOrVar","v":"name"}," del registro de llamadas?"]},{"$i":"blockContact","$v":"No recibirá llamadas ni mensajes de las personas que se encuentren en la lista de bloqueos."},{"$i":"no-recent-numbers","$v":"No hay números recientes para marcar en los registros de llamadas."},{"$i":"ok","$v":"OK"},{"$i":"cancel","$v":"Cancelar"},{"$i":"block","$v":"Bloquear"},{"$i":"unblock","$v":"Desbloquear"},{"$i":"deletedNotification","$v":[{"t":"idOrVar","v":"n"}," entradas eliminadas"]},{"$i":"deletedNotification-1","$v":{"few":[{"t":"idOrVar","v":"n"}," entradas eliminadas"],"many":[{"t":"idOrVar","v":"n"}," entradas eliminadas"],"one":"Se ha eliminado una entrada","other":[{"t":"idOrVar","v":"n"}," entradas eliminadas"],"two":[{"t":"idOrVar","v":"n"}," entradas eliminadas"]},"$x":[{"t":"idOrVar","v":"plural"},"n"]},{"$i":"durationHours","$v":{"few":[{"t":"idOrVar","v":"value"}," horas"],"many":[{"t":"idOrVar","v":"value"}," horas"],"one":"1 hora","other":[{"t":"idOrVar","v":"value"}," horas"],"two":[{"t":"idOrVar","v":"value"}," horas"],"zero":"0 horas"},"$x":[{"t":"idOrVar","v":"plural"},"value"]},{"$i":"durationMinutes","$v":{"few":[{"t":"idOrVar","v":"value"}," minutos"],"many":[{"t":"idOrVar","v":"value"}," minutos"],"one":"1 minuto","other":[{"t":"idOrVar","v":"value"}," minutos"],"two":[{"t":"idOrVar","v":"value"}," minutos"],"zero":"0 minutos"},"$x":[{"t":"idOrVar","v":"plural"},"value"]},{"$i":"durationSeconds","$v":{"few":[{"t":"idOrVar","v":"value"}," segundos"],"many":[{"t":"idOrVar","v":"value"}," segundos"],"one":"1 segundo","other":[{"t":"idOrVar","v":"value"}," segundos"],"two":[{"t":"idOrVar","v":"value"}," segundos"],"zero":"0 segundos"},"$x":[{"t":"idOrVar","v":"plural"},"value"]},{"$i":"mobile","$v":"Móvil"},{"$i":"home","$v":"Casa"},{"$i":"work","$v":"Trabajo"},{"$i":"personal","$v":"Personal"},{"$i":"other","$v":"Otros"},{"$i":"fax-home","$v":"Fax local"},{"$i":"fax-office","$v":"Fax de oficina"},{"$i":"fax-other","$v":"Otro fax"},{"$i":"numberBlockedMessage","$v":"El número está bloqueado. Puede pedir permiso a sus padres."},{"$i":"callAirplaneModeTitle","$v":"Modo vuelo activado"},{"$i":"callAirplaneModeMessage","$v":"Para realizar una llamada deberá desactivar el modo vuelo en Ajustes."},{"$i":"emergencyDialogTitle","$v":"No hay conexión de red"},{"$i":"emergencyDialogBodyBadNumber","$v":"Para realizar una llamada, el teléfono debe estar conectado a una red."},{"$i":"emergencyDialogBodyDeviceNotAccepted","$v":"La red no permite las llamadas de emergencia."},{"$i":"invalidNumberToDialTitle","$v":"Número de teléfono no válido"},{"$i":"invalidNumberToDialMessage","$v":"El número de teléfono al que llama no es válido."},{"$i":"emergency-call-only","$v":"Sólo emergencias"},{"$i":"emergency-call-error","$v":[{"t":"idOrVar","v":"number"}," no es un número de emergencia."]},{"$i":"numberIsBusyTitle","$v":"El número está ocupado"},{"$i":"numberIsBusyMessage","$v":"El número está ocupado en estos momentos. Inténtelo de nuevo más tarde."},{"$i":"fdnIsActiveTitle","$v":"FDN activo"},{"$i":"fdnIsActiveMessage","$v":["FDN (números de marcación fija) está activado y el siguiente número no aparece en su lista de FDN: ",{"t":"idOrVar","v":"number"}]},{"$i":"otherConnectionInUseTitle","$v":"Otra conexión en uso"},{"$i":"otherConnectionInUseMessage","$v":"Puede realizar una llamada activa en otra conexión. Solamente puede usar una conexión cada vez."},{"$i":"GenericFailure","$v":"Error genérico"},{"$i":"CallFailed","$v":"Error de llamada"},{"$i":"weekday-0-long","$v":"Domingo"},{"$i":"weekday-1-long","$v":"Lunes"},{"$i":"weekday-2-long","$v":"Martes"},{"$i":"weekday-3-long","$v":"Miércoles"},{"$i":"weekday-4-long","$v":"Jueves"},{"$i":"weekday-5-long","$v":"Viernes"},{"$i":"weekday-6-long","$v":"Sábado"},{"$i":"weekday-0-short","$v":"Dom"},{"$i":"weekday-1-short","$v":"Lun"},{"$i":"weekday-2-short","$v":"Mar"},{"$i":"weekday-3-short","$v":"Mié"},{"$i":"weekday-4-short","$v":"Jue"},{"$i":"weekday-5-short","$v":"Vie"},{"$i":"weekday-6-short","$v":"Sáb"},{"$i":"month-0-long","$v":"Enero"},{"$i":"month-1-long","$v":"Febrero"},{"$i":"month-2-long","$v":"Marzo"},{"$i":"month-3-long","$v":"Abril"},{"$i":"month-4-long","$v":"Mayo"},{"$i":"month-5-long","$v":"Junio"},{"$i":"month-6-long","$v":"Julio"},{"$i":"month-7-long","$v":"Agosto"},{"$i":"month-8-long","$v":"Septiembre"},{"$i":"month-9-long","$v":"Octubre"},{"$i":"month-10-long","$v":"Noviembre"},{"$i":"month-11-long","$v":"Diciembre"},{"$i":"month-0-genitive","$v":"Enero"},{"$i":"month-1-genitive","$v":"Febrero"},{"$i":"month-2-genitive","$v":"Marzo"},{"$i":"month-3-genitive","$v":"Abril"},{"$i":"month-4-genitive","$v":"Mayo"},{"$i":"month-5-genitive","$v":"Junio"},{"$i":"month-6-genitive","$v":"Julio"},{"$i":"month-7-genitive","$v":"Agosto"},{"$i":"month-8-genitive","$v":"Septiembre"},{"$i":"month-9-genitive","$v":"Octubre"},{"$i":"month-10-genitive","$v":"Noviembre"},{"$i":"month-11-genitive","$v":"Diciembre"},{"$i":"month-0-short","$v":"Ene"},{"$i":"month-1-short","$v":"Feb"},{"$i":"month-2-short","$v":"Mar"},{"$i":"month-3-short","$v":"Abr"},{"$i":"month-4-short","$v":"May"},{"$i":"month-5-short","$v":"Jun"},{"$i":"month-6-short","$v":"Jul"},{"$i":"month-7-short","$v":"Ago"},{"$i":"month-8-short","$v":"Sep"},{"$i":"month-9-short","$v":"Oct"},{"$i":"month-10-short","$v":"Nov"},{"$i":"month-11-short","$v":"Dec"},{"$i":"minutes-ago-long","$v":{"zero":"recién","one":"hace un minuto","two":["hace ",{"t":"idOrVar","v":"value"}," minutos"],"few":["hace ",{"t":"idOrVar","v":"value"}," minutos"],"many":["hace ",{"t":"idOrVar","v":"value"}," minutos"],"other":["hace ",{"t":"idOrVar","v":"value"}," minutos"]},"$x":[{"t":"idOrVar","v":"plural"},"value"]},{"$i":"hours-ago-long","$v":{"zero":"recién","one":"hace una hora","two":["hace ",{"t":"idOrVar","v":"value"}," horas"],"few":["hace ",{"t":"idOrVar","v":"value"}," horas"],"many":["hace ",{"t":"idOrVar","v":"value"}," horas"],"other":["hace ",{"t":"idOrVar","v":"value"}," horas"]},"$x":[{"t":"idOrVar","v":"plural"},"value"]},{"$i":"days-ago-long","$v":{"zero":"hoy","one":"ayer","two":["hace ",{"t":"idOrVar","v":"value"}," días"],"few":["hace ",{"t":"idOrVar","v":"value"}," días"],"many":["hace ",{"t":"idOrVar","v":"value"}," días"],"other":["hace ",{"t":"idOrVar","v":"value"}," días"]},"$x":[{"t":"idOrVar","v":"plural"},"value"]},{"$i":"weeks-ago-long","$v":{"zero":"esta semana","one":"la semana pasada","two":["hace ",{"t":"idOrVar","v":"value"}," semanas"],"few":["hace ",{"t":"idOrVar","v":"value"}," semanas"],"many":["hace ",{"t":"idOrVar","v":"value"}," semanas"],"other":["hace ",{"t":"idOrVar","v":"value"}," semanas"]},"$x":[{"t":"idOrVar","v":"plural"},"value"]},{"$i":"months-ago-long","$v":{"zero":"este mes","one":"el último mes","two":["hace ",{"t":"idOrVar","v":"value"}," meses"],"few":["hace ",{"t":"idOrVar","v":"value"}," meses"],"many":["hace ",{"t":"idOrVar","v":"value"}," meses"],"other":["hace ",{"t":"idOrVar","v":"value"}," meses"]},"$x":[{"t":"idOrVar","v":"plural"},"value"]},{"$i":"years-ago-long","$v":{"zero":"este año","one":"el año pasado","two":["hace ",{"t":"idOrVar","v":"value"}," años"],"few":["hace ",{"t":"idOrVar","v":"value"}," años"],"many":["hace ",{"t":"idOrVar","v":"value"}," años"],"other":["hace ",{"t":"idOrVar","v":"value"}," años"]},"$x":[{"t":"idOrVar","v":"plural"},"value"]},{"$i":"minutes-until-long","$v":{"zero":"ahora","one":"en un minuto","two":["en ",{"t":"idOrVar","v":"value"}," minutos"],"few":["en ",{"t":"idOrVar","v":"value"}," minutos"],"many":["en ",{"t":"idOrVar","v":"value"}," minutos"],"other":["en ",{"t":"idOrVar","v":"value"}," minutos"]},"$x":[{"t":"idOrVar","v":"plural"},"value"]},{"$i":"hours-until-long","$v":{"zero":"ahora","one":"en una hora","two":["en ",{"t":"idOrVar","v":"value"}," horas"],"few":["en ",{"t":"idOrVar","v":"value"}," horas"],"many":["en ",{"t":"idOrVar","v":"value"}," horas"],"other":["en ",{"t":"idOrVar","v":"value"}," horas"]},"$x":[{"t":"idOrVar","v":"plural"},"value"]},{"$i":"days-until-long","$v":{"zero":"hoy","one":"mañana","two":["en ",{"t":"idOrVar","v":"value"}," días"],"few":["en ",{"t":"idOrVar","v":"value"}," días"],"many":["en ",{"t":"idOrVar","v":"value"}," días"],"other":["en ",{"t":"idOrVar","v":"value"}," días"]},"$x":[{"t":"idOrVar","v":"plural"},"value"]},{"$i":"weeks-until-long","$v":{"zero":"esta semana","one":"la semana que viene","two":["en ",{"t":"idOrVar","v":"value"}," semanas"],"few":["en ",{"t":"idOrVar","v":"value"}," semanas"],"many":["en ",{"t":"idOrVar","v":"value"}," semanas"],"other":["en ",{"t":"idOrVar","v":"value"}," semanas"]},"$x":[{"t":"idOrVar","v":"plural"},"value"]},{"$i":"months-until-long","$v":{"zero":"este mes","one":"el próximo mes","two":["en ",{"t":"idOrVar","v":"value"}," meses"],"few":["en ",{"t":"idOrVar","v":"value"}," meses"],"many":["en ",{"t":"idOrVar","v":"value"}," meses"],"other":["en ",{"t":"idOrVar","v":"value"}," meses"]},"$x":[{"t":"idOrVar","v":"plural"},"value"]},{"$i":"years-until-long","$v":{"zero":"este año","one":"el próximo año","two":["en ",{"t":"idOrVar","v":"value"}," años"],"few":["en ",{"t":"idOrVar","v":"value"}," años"],"many":["en ",{"t":"idOrVar","v":"value"}," años"],"other":["en ",{"t":"idOrVar","v":"value"}," años"]},"$x":[{"t":"idOrVar","v":"plural"},"value"]},{"$i":"minutes-ago-short","$v":{"zero":"recién","other":["hace ",{"t":"idOrVar","v":"value"},"m "]},"$x":[{"t":"idOrVar","v":"plural"},"value"]},{"$i":"hours-ago-short","$v":{"zero":"recién","other":["hace ",{"t":"idOrVar","v":"value"},"h "]},"$x":[{"t":"idOrVar","v":"plural"},"value"]},{"$i":"days-ago-short","$v":{"zero":"hoy","other":["hace ",{"t":"idOrVar","v":"value"},"d "]},"$x":[{"t":"idOrVar","v":"plural"},"value"]},{"$i":"minutes-until-short","$v":{"zero":"ahora","other":["en ",{"t":"idOrVar","v":"value"},"m"]},"$x":[{"t":"idOrVar","v":"plural"},"value"]},{"$i":"hours-until-short","$v":{"zero":"ahora","other":["en ",{"t":"idOrVar","v":"value"},"h"]},"$x":[{"t":"idOrVar","v":"plural"},"value"]},{"$i":"days-until-short","$v":{"zero":"hoy","other":["en ",{"t":"idOrVar","v":"value"},"d"]},"$x":[{"t":"idOrVar","v":"plural"},"value"]},{"$i":"incorrectDate","$v":"(fecha incorrecta)"},{"$i":"dateTimeFormat_%c","$v":"%a %b %e %Y %I:%M:%S %p"},{"$i":"dateTimeFormat_%x","$v":"%m/%d/%Y"},{"$i":"dateTimeFormat_%X","$v":"%I:%M:%S %p"},{"$i":"shortTimeFormat","$v":"%I:%M %p"},{"$i":"shortTimeFormat12","$v":"%I:%M %p"},{"$i":"shortTimeFormat24","$v":"%H:%M"},{"$i":"shortDateTimeFormat","$v":"%x %I:%M %p"},{"$i":"weekStartsOnMonday","$v":"0"},{"$i":"firstDayOfTheWeek","$v":"0"},{"$i":"time_am","$v":"Mañana"},{"$i":"time_pm","$v":"Tarde"},{"$i":"sim-with-index-and-carrier","$v":["SIM ",{"t":"idOrVar","v":"index"}," - ",{"t":"idOrVar","v":"carrier"}]},{"$i":"sim-without-carrier","$v":["SIM ",{"t":"idOrVar","v":"index"}]}]