[{"$i":"callLog","$v":"Journal des appels"},{"$i":"all","$v":"Tout"},{"$i":"missed","$v":"Manqué"},{"$i":"outgoing","$v":"Composé"},{"$i":"incoming","$v":"Reçu"},{"$i":"missedCall","$v":"Appel manqué"},{"$i":"outgoingCall","$v":"Appel sortant"},{"$i":"incomingCall","$v":"Appel entrant"},{"$i":"rttCall","$v":"Appel TTR"},{"$i":"rtt-call","$v":"APPEL TTR"},{"$i":"videoCall","$v":"Appel vidéo"},{"$i":"call","$v":"Appeler"},{"$i":"options","$v":"Options"},{"$i":"callInformation","$v":"Informations sur l'appel"},{"$i":"sendSms","$v":"Envoyer message"},{"$i":"createNewContact","$v":"Créer un nouveau contact"},{"$i":"addToExistingContact","$v":"Ajouter au contact existant"},{"$i":"editCalllog","$v":"Modifier le journal des appels"},{"$i":"numberType","$v":[{"t":"idOrVar","v":"type"},", ",{"t":"idOrVar","v":"number"}]},{"$i":"withheld-number","$v":"Inconnu"},{"$i":"unknown","$v":"Inconnu"},{"$i":"today","$v":"Aujourd'hui"},{"$i":"yesterday","$v":"Hier"},{"$i":"no-logs-msg-1","$v":"Aucun appel n'est enregistré"},{"$i":"no-logs-msg-2","$v":"Démarrez la communication maintenant"},{"$i":"voicemail","$v":"Messagerie vocale"},{"$i":"emergencyNumber","$v":"Appel d'urgence"},{"$i":"select","$v":"Sélectionner"},{"$i":"calllog-all","$v":"Tout"},{"$i":"delete","$v":"Supprimer"},{"$i":"deselect","$v":"Désélectionner"},{"$i":"calllog-none","$v":"Aucun"},{"$i":"checkedCount","$v":"sélectionné"},{"$i":"confirmation","$v":"Confirmation"},{"$i":"deleteLog","$v":"Êtes-vous certain de vouloir supprimer les entrées sélectionnées du journal des appels?"},{"$i":"delete-single-log","$v":["Voulez-vous vraiment supprimer ",{"t":"idOrVar","v":"name"}," du journal d'appels?"]},{"$i":"blockContact","$v":"Vous ne recevrez pas d'appels téléphoniques ni de messages des personnes sur la liste de blocage."},{"$i":"no-recent-numbers","$v":"Le journal d'appels ne contient aucun numéro récent à composer."},{"$i":"ok","$v":"OK"},{"$i":"cancel","$v":"Annuler"},{"$i":"block","$v":"Bloquer"},{"$i":"unblock","$v":"Débloquer"},{"$i":"deletedNotification","$v":[{"t":"idOrVar","v":"n"}," entrées ont été supprimées"]},{"$i":"deletedNotification-1","$v":{"few":[{"t":"idOrVar","v":"n"}," entrées ont été supprimées"],"many":[{"t":"idOrVar","v":"n"}," entrées ont été supprimées"],"one":"1 élément a été supprimé","other":[{"t":"idOrVar","v":"n"}," entrées ont été supprimées"],"two":[{"t":"idOrVar","v":"n"}," entrées ont été supprimées"]},"$x":[{"t":"idOrVar","v":"plural"},"n"]},{"$i":"durationHours","$v":{"few":[{"t":"idOrVar","v":"value"}," heures"],"many":[{"t":"idOrVar","v":"value"}," heures"],"one":"1 heure","other":[{"t":"idOrVar","v":"value"}," heures"],"two":[{"t":"idOrVar","v":"value"}," heures"],"zero":"0 heure"},"$x":[{"t":"idOrVar","v":"plural"},"value"]},{"$i":"durationMinutes","$v":{"few":[{"t":"idOrVar","v":"value"}," minutes"],"many":[{"t":"idOrVar","v":"value"}," minutes"],"one":"1 minute","other":[{"t":"idOrVar","v":"value"}," minutes"],"two":[{"t":"idOrVar","v":"value"}," minutes"],"zero":"0 minute"},"$x":[{"t":"idOrVar","v":"plural"},"value"]},{"$i":"durationSeconds","$v":{"few":[{"t":"idOrVar","v":"value"}," secondes"],"many":[{"t":"idOrVar","v":"value"}," secondes"],"one":"1 seconde","other":[{"t":"idOrVar","v":"value"}," secondes"],"two":[{"t":"idOrVar","v":"value"}," secondes"],"zero":"0 seconde"},"$x":[{"t":"idOrVar","v":"plural"},"value"]},{"$i":"mobile","$v":"Cellulaire"},{"$i":"home","$v":"Domicile"},{"$i":"work","$v":"Travail"},{"$i":"personal","$v":"Personnel"},{"$i":"other","$v":"Autre"},{"$i":"fax-home","$v":"Télécopieur à domicile"},{"$i":"fax-office","$v":"Télécopieur au bureau"},{"$i":"fax-other","$v":"Autre télécopieur"},{"$i":"numberBlockedMessage","$v":"Ce numéro est bloqué. Demande la permission à un de tes parents."},{"$i":"callAirplaneModeTitle","$v":"Mode Avion activé"},{"$i":"callAirplaneModeMessage","$v":"Pour faire un appel, vous devez désactiver le mode Avion dans les paramètres."},{"$i":"emergencyDialogTitle","$v":"Aucune connexion réseau"},{"$i":"emergencyDialogBodyBadNumber","$v":"Pour faire un appel, le téléphone doit être connecté à un réseau."},{"$i":"emergencyDialogBodyDeviceNotAccepted","$v":"Les appels d'urgence ne sont pas permis par le réseau."},{"$i":"invalidNumberToDialTitle","$v":"Numéro de téléphone non valide"},{"$i":"invalidNumberToDialMessage","$v":"Le numéro de téléphone composé n'est pas valide."},{"$i":"emergency-call-only","$v":"Appels d'urgence seulement"},{"$i":"emergency-call-error","$v":[{"t":"idOrVar","v":"number"}," n'est pas un numéro d'urgence."]},{"$i":"numberIsBusyTitle","$v":"La ligne est occupée"},{"$i":"numberIsBusyMessage","$v":"Le numéro est occupé. Réessayez plus tard."},{"$i":"fdnIsActiveTitle","$v":"Liste de numéros autorisés activée"},{"$i":"fdnIsActiveMessage","$v":["La liste de numéros autorisés est active et le numéro suivant n'est pas dans la liste de numéros autorisés : ",{"t":"idOrVar","v":"number"}]},{"$i":"otherConnectionInUseTitle","$v":"Autre connexion active"},{"$i":"otherConnectionInUseMessage","$v":"Un appel est actif sur une autre connexion. Vous pouvez utiliser une seule connexion à la fois."},{"$i":"GenericFailure","$v":"Échec général"},{"$i":"CallFailed","$v":"Échec de l'appel"},{"$i":"weekday-0-long","$v":"Sunday"},{"$i":"weekday-1-long","$v":"Monday"},{"$i":"weekday-2-long","$v":"Tuesday"},{"$i":"weekday-3-long","$v":"Wednesday"},{"$i":"weekday-4-long","$v":"Thursday"},{"$i":"weekday-5-long","$v":"Friday"},{"$i":"weekday-6-long","$v":"Saturday"},{"$i":"weekday-0-short","$v":"Sun"},{"$i":"weekday-1-short","$v":"Mon"},{"$i":"weekday-2-short","$v":"Tue"},{"$i":"weekday-3-short","$v":"Wed"},{"$i":"weekday-4-short","$v":"Thu"},{"$i":"weekday-5-short","$v":"Fri"},{"$i":"weekday-6-short","$v":"Sat"},{"$i":"month-0-long","$v":"January"},{"$i":"month-1-long","$v":"February"},{"$i":"month-2-long","$v":"March"},{"$i":"month-3-long","$v":"April"},{"$i":"month-4-long","$v":"May"},{"$i":"month-5-long","$v":"June"},{"$i":"month-6-long","$v":"July"},{"$i":"month-7-long","$v":"August"},{"$i":"month-8-long","$v":"September"},{"$i":"month-9-long","$v":"October"},{"$i":"month-10-long","$v":"November"},{"$i":"month-11-long","$v":"December"},{"$i":"month-0-genitive","$v":"January"},{"$i":"month-1-genitive","$v":"February"},{"$i":"month-2-genitive","$v":"March"},{"$i":"month-3-genitive","$v":"April"},{"$i":"month-4-genitive","$v":"May"},{"$i":"month-5-genitive","$v":"June"},{"$i":"month-6-genitive","$v":"July"},{"$i":"month-7-genitive","$v":"August"},{"$i":"month-8-genitive","$v":"September"},{"$i":"month-9-genitive","$v":"October"},{"$i":"month-10-genitive","$v":"November"},{"$i":"month-11-genitive","$v":"December"},{"$i":"month-0-short","$v":"Jan"},{"$i":"month-1-short","$v":"Feb"},{"$i":"month-2-short","$v":"Mar"},{"$i":"month-3-short","$v":"Apr"},{"$i":"month-4-short","$v":"May"},{"$i":"month-5-short","$v":"Jun"},{"$i":"month-6-short","$v":"Jul"},{"$i":"month-7-short","$v":"Aug"},{"$i":"month-8-short","$v":"Sep"},{"$i":"month-9-short","$v":"Oct"},{"$i":"month-10-short","$v":"Nov"},{"$i":"month-11-short","$v":"Dec"},{"$i":"minutes-ago-long","$v":{"zero":"just now","one":"a minute ago","two":[{"t":"idOrVar","v":"value"}," minutes ago"],"few":[{"t":"idOrVar","v":"value"}," minutes ago"],"many":[{"t":"idOrVar","v":"value"}," minutes ago"],"other":[{"t":"idOrVar","v":"value"}," minutes ago"]},"$x":[{"t":"idOrVar","v":"plural"},"value"]},{"$i":"hours-ago-long","$v":{"zero":"just now","one":"an hour ago","two":[{"t":"idOrVar","v":"value"}," hours ago"],"few":[{"t":"idOrVar","v":"value"}," hours ago"],"many":[{"t":"idOrVar","v":"value"}," hours ago"],"other":[{"t":"idOrVar","v":"value"}," hours ago"]},"$x":[{"t":"idOrVar","v":"plural"},"value"]},{"$i":"days-ago-long","$v":{"zero":"today","one":"yesterday","two":[{"t":"idOrVar","v":"value"}," days ago"],"few":[{"t":"idOrVar","v":"value"}," days ago"],"many":[{"t":"idOrVar","v":"value"}," days ago"],"other":[{"t":"idOrVar","v":"value"}," days ago"]},"$x":[{"t":"idOrVar","v":"plural"},"value"]},{"$i":"weeks-ago-long","$v":{"zero":"this week","one":"last week","two":[{"t":"idOrVar","v":"value"}," weeks ago"],"few":[{"t":"idOrVar","v":"value"}," weeks ago"],"many":[{"t":"idOrVar","v":"value"}," weeks ago"],"other":[{"t":"idOrVar","v":"value"}," weeks ago"]},"$x":[{"t":"idOrVar","v":"plural"},"value"]},{"$i":"months-ago-long","$v":{"zero":"this month","one":"last month","two":[{"t":"idOrVar","v":"value"}," months ago"],"few":[{"t":"idOrVar","v":"value"}," months ago"],"many":[{"t":"idOrVar","v":"value"}," months ago"],"other":[{"t":"idOrVar","v":"value"}," months ago"]},"$x":[{"t":"idOrVar","v":"plural"},"value"]},{"$i":"years-ago-long","$v":{"zero":"this year","one":"last year","two":[{"t":"idOrVar","v":"value"}," years ago"],"few":[{"t":"idOrVar","v":"value"}," years ago"],"many":[{"t":"idOrVar","v":"value"}," years ago"],"other":[{"t":"idOrVar","v":"value"}," years ago"]},"$x":[{"t":"idOrVar","v":"plural"},"value"]},{"$i":"minutes-until-long","$v":{"zero":"now","one":"in a minute","two":["in ",{"t":"idOrVar","v":"value"}," minutes"],"few":["in ",{"t":"idOrVar","v":"value"}," minutes"],"many":["in ",{"t":"idOrVar","v":"value"}," minutes"],"other":["in ",{"t":"idOrVar","v":"value"}," minutes"]},"$x":[{"t":"idOrVar","v":"plural"},"value"]},{"$i":"hours-until-long","$v":{"zero":"now","one":"in an hour","two":["in ",{"t":"idOrVar","v":"value"}," hours"],"few":["in ",{"t":"idOrVar","v":"value"}," hours"],"many":["in ",{"t":"idOrVar","v":"value"}," hours"],"other":["in ",{"t":"idOrVar","v":"value"}," hours"]},"$x":[{"t":"idOrVar","v":"plural"},"value"]},{"$i":"days-until-long","$v":{"zero":"today","one":"tomorrow","two":["in ",{"t":"idOrVar","v":"value"}," days"],"few":["in ",{"t":"idOrVar","v":"value"}," days"],"many":["in ",{"t":"idOrVar","v":"value"}," days"],"other":["in ",{"t":"idOrVar","v":"value"}," days"]},"$x":[{"t":"idOrVar","v":"plural"},"value"]},{"$i":"weeks-until-long","$v":{"zero":"this week","one":"next week","two":["in ",{"t":"idOrVar","v":"value"}," weeks"],"few":["in ",{"t":"idOrVar","v":"value"}," weeks"],"many":["in ",{"t":"idOrVar","v":"value"}," weeks"],"other":["in ",{"t":"idOrVar","v":"value"}," weeks"]},"$x":[{"t":"idOrVar","v":"plural"},"value"]},{"$i":"months-until-long","$v":{"zero":"this month","one":"next month","two":["in ",{"t":"idOrVar","v":"value"}," months"],"few":["in ",{"t":"idOrVar","v":"value"}," months"],"many":["in ",{"t":"idOrVar","v":"value"}," months"],"other":["in ",{"t":"idOrVar","v":"value"}," months"]},"$x":[{"t":"idOrVar","v":"plural"},"value"]},{"$i":"years-until-long","$v":{"zero":"this year","one":"next year","two":["in ",{"t":"idOrVar","v":"value"}," years"],"few":["in ",{"t":"idOrVar","v":"value"}," years"],"many":["in ",{"t":"idOrVar","v":"value"}," years"],"other":["in ",{"t":"idOrVar","v":"value"}," years"]},"$x":[{"t":"idOrVar","v":"plural"},"value"]},{"$i":"minutes-ago-short","$v":{"zero":"just now","other":[{"t":"idOrVar","v":"value"},"m ago"]},"$x":[{"t":"idOrVar","v":"plural"},"value"]},{"$i":"hours-ago-short","$v":{"zero":"just now","other":[{"t":"idOrVar","v":"value"},"h ago"]},"$x":[{"t":"idOrVar","v":"plural"},"value"]},{"$i":"days-ago-short","$v":{"zero":"today","other":[{"t":"idOrVar","v":"value"},"d ago"]},"$x":[{"t":"idOrVar","v":"plural"},"value"]},{"$i":"minutes-until-short","$v":{"zero":"now","other":["in ",{"t":"idOrVar","v":"value"},"m"]},"$x":[{"t":"idOrVar","v":"plural"},"value"]},{"$i":"hours-until-short","$v":{"zero":"now","other":["in ",{"t":"idOrVar","v":"value"},"h"]},"$x":[{"t":"idOrVar","v":"plural"},"value"]},{"$i":"days-until-short","$v":{"zero":"today","other":["in ",{"t":"idOrVar","v":"value"},"d"]},"$x":[{"t":"idOrVar","v":"plural"},"value"]},{"$i":"incorrectDate","$v":"(incorrect date)"},{"$i":"dateTimeFormat_%c","$v":"%a %b %e %Y %I:%M:%S %p"},{"$i":"dateTimeFormat_%x","$v":"%m/%d/%Y"},{"$i":"dateTimeFormat_%X","$v":"%I:%M:%S %p"},{"$i":"shortTimeFormat","$v":"%I:%M %p"},{"$i":"shortTimeFormat12","$v":"%I:%M %p"},{"$i":"shortTimeFormat24","$v":"%H:%M"},{"$i":"shortDateTimeFormat","$v":"%x %I:%M %p"},{"$i":"weekStartsOnMonday","$v":"0"},{"$i":"firstDayOfTheWeek","$v":"0"},{"$i":"time_am","$v":"AM"},{"$i":"time_pm","$v":"PM"},{"$i":"sim-with-index-and-carrier","$v":["SIM ",{"t":"idOrVar","v":"index"}," - ",{"t":"idOrVar","v":"carrier"}]},{"$i":"sim-without-carrier","$v":["SIM ",{"t":"idOrVar","v":"index"}]}]