[{"$i":"callLog","$v":"Símtalaskrá"},{"$i":"all","$v":"Allt"},{"$i":"missed","$v":"Ósvarað"},{"$i":"outgoing","$v":"Hringt"},{"$i":"incoming","$v":"Móttekið"},{"$i":"missedCall","$v":"Ósv. símtal"},{"$i":"outgoingCall","$v":"Hringt símtal"},{"$i":"incomingCall","$v":"Móttek. símt."},{"$i":"rttCall","$v":"RTT-símtal"},{"$i":"rtt-call","$v":"RTT-SÍMTAL"},{"$i":"videoCall","$v":"Myndsímtal"},{"$i":"call","$v":"Hringja"},{"$i":"options","$v":"Valkostir"},{"$i":"callInformation","$v":"Uppl. um símtal"},{"$i":"sendSms","$v":"Senda skilaboð"},{"$i":"createNewContact","$v":"Búa til nýjan tengil."},{"$i":"addToExistingContact","$v":"Bæta við fyrirliggjandi tengilið"},{"$i":"editCalllog","$v":"Br. símtalaskrá"},{"$i":"numberType","$v":[{"t":"idOrVar","v":"type"},", ",{"t":"idOrVar","v":"number"}]},{"$i":"withheld-number","$v":"Óþekkt"},{"$i":"unknown","$v":"Óþekkt"},{"$i":"today","$v":"Í dag"},{"$i":"yesterday","$v":"Í gær"},{"$i":"no-logs-msg-1","$v":"Engin símtöl tekin upp"},{"$i":"no-logs-msg-2","$v":"Hefja samskipti núna"},{"$i":"voicemail","$v":"Talhólf"},{"$i":"emergencyNumber","$v":"Neyðarnúmer"},{"$i":"select","$v":"Velja"},{"$i":"calllog-all","$v":"Allt"},{"$i":"delete","$v":"Eyða"},{"$i":"deselect","$v":"Afturkalla"},{"$i":"calllog-none","$v":"Ekkert"},{"$i":"checkedCount","$v":"selected"},{"$i":"confirmation","$v":"Staðfesting"},{"$i":"deleteLog","$v":"Viltu örugglega eyða völdum færslum úr símtalaskránni?"},{"$i":"delete-single-log","$v":["Viltu örugglega eyða ",{"t":"idOrVar","v":"name"}," úr símtalaskránni?"]},{"$i":"blockContact","$v":"Þú færð ekki símtöl eða skilaboð frá fólki á útilokunarlistanum."},{"$i":"no-recent-numbers","$v":"Engin nýleg númer í símtalaskrá til að hringja í."},{"$i":"ok","$v":"Í lagi"},{"$i":"cancel","$v":"H. við"},{"$i":"block","$v":"Útiloka"},{"$i":"unblock","$v":"Aflæsa"},{"$i":"deletedNotification","$v":[{"t":"idOrVar","v":"n"}," færslum var eytt"]},{"$i":"deletedNotification-1","$v":{"few":[{"t":"idOrVar","v":"n"}," færslum var eytt"],"many":[{"t":"idOrVar","v":"n"}," færslum var eytt"],"one":"1 færslu var eytt","other":[{"t":"idOrVar","v":"n"}," færslum var eytt"],"two":[{"t":"idOrVar","v":"n"}," færslum var eytt"]},"$x":[{"t":"idOrVar","v":"plural"},"n"]},{"$i":"durationHours","$v":{"few":[{"t":"idOrVar","v":"value"}," klukkustundir"],"many":[{"t":"idOrVar","v":"value"}," klukkustundir"],"one":"1 klukkustund","other":[{"t":"idOrVar","v":"value"}," klukkustundir"],"two":[{"t":"idOrVar","v":"value"}," klukkustundir"],"zero":"0 klukkustundir"},"$x":[{"t":"idOrVar","v":"plural"},"value"]},{"$i":"durationMinutes","$v":{"few":[{"t":"idOrVar","v":"value"}," mín."],"many":[{"t":"idOrVar","v":"value"}," mín."],"one":"1 mín.","other":[{"t":"idOrVar","v":"value"}," mín."],"two":[{"t":"idOrVar","v":"value"}," mín."],"zero":"0 mín."},"$x":[{"t":"idOrVar","v":"plural"},"value"]},{"$i":"durationSeconds","$v":{"few":[{"t":"idOrVar","v":"value"}," klukkustundir"],"many":[{"t":"idOrVar","v":"value"}," klukkustundir"],"one":"1 sekúnda","other":[{"t":"idOrVar","v":"value"}," klukkustundir"],"two":[{"t":"idOrVar","v":"value"}," klukkustundir"],"zero":"0 sekúndur"},"$x":[{"t":"idOrVar","v":"plural"},"value"]},{"$i":"mobile","$v":"Farsími"},{"$i":"home","$v":"Heim"},{"$i":"work","$v":"Vinna"},{"$i":"personal","$v":"Persónulegt"},{"$i":"other","$v":"Annað"},{"$i":"fax-home","$v":"Fax (heima)"},{"$i":"fax-office","$v":"Fax (skrifst.)"},{"$i":"fax-other","$v":"Fax (annað)"},{"$i":"numberBlockedMessage","$v":"Þetta númer er læst. Þú getur beðið foreldra þína um leyfi."},{"$i":"callAirplaneModeTitle","$v":"Flugstilling virkjuð"},{"$i":"callAirplaneModeMessage","$v":"Til að hringja þarftu að slökkva á flugstillingu í stillingum."},{"$i":"emergencyDialogTitle","$v":"Engin nettenging"},{"$i":"emergencyDialogBodyBadNumber","$v":"Til að hringja þarf síminn að vera nettengdur."},{"$i":"emergencyDialogBodyDeviceNotAccepted","$v":"Símkerfið leyfir ekki neyðarsímtöl."},{"$i":"invalidNumberToDialTitle","$v":"Ógilt símanúmer"},{"$i":"invalidNumberToDialMessage","$v":"Símanúmerið sem þú hringir í er ekki gilt."},{"$i":"emergency-call-only","$v":"Aðeins neyðarsímtöl"},{"$i":"emergency-call-error","$v":[{"t":"idOrVar","v":"number"}," er ekki neyðarnúmer."]},{"$i":"numberIsBusyTitle","$v":"Númerið er á tali"},{"$i":"numberIsBusyMessage","$v":"Símanúmerið er á tali. Reyndu aftur síðar."},{"$i":"fdnIsActiveTitle","$v":"Fast númeraval virkt"},{"$i":"fdnIsActiveMessage","$v":["Fast númeraval (FDN) er virkt og eftirfarandi númer er ekki á lista yfir fast númeraval: ",{"t":"idOrVar","v":"number"}]},{"$i":"otherConnectionInUseTitle","$v":"Önnur tenging í notkun"},{"$i":"otherConnectionInUseMessage","$v":"Þú ert með símtal í gangi á annarri tengingu. Þú getur aðeins notað eina tengingu í einu."},{"$i":"GenericFailure","$v":"Almenn bilun"},{"$i":"CallFailed","$v":"Símtal mistókst"},{"$i":"weekday-0-long","$v":"Sunday"},{"$i":"weekday-1-long","$v":"Monday"},{"$i":"weekday-2-long","$v":"Tuesday"},{"$i":"weekday-3-long","$v":"Wednesday"},{"$i":"weekday-4-long","$v":"Thursday"},{"$i":"weekday-5-long","$v":"Friday"},{"$i":"weekday-6-long","$v":"Saturday"},{"$i":"weekday-0-short","$v":"Sun"},{"$i":"weekday-1-short","$v":"Mon"},{"$i":"weekday-2-short","$v":"Tue"},{"$i":"weekday-3-short","$v":"Wed"},{"$i":"weekday-4-short","$v":"Thu"},{"$i":"weekday-5-short","$v":"Fri"},{"$i":"weekday-6-short","$v":"Sat"},{"$i":"month-0-long","$v":"January"},{"$i":"month-1-long","$v":"February"},{"$i":"month-2-long","$v":"March"},{"$i":"month-3-long","$v":"April"},{"$i":"month-4-long","$v":"May"},{"$i":"month-5-long","$v":"June"},{"$i":"month-6-long","$v":"July"},{"$i":"month-7-long","$v":"August"},{"$i":"month-8-long","$v":"September"},{"$i":"month-9-long","$v":"October"},{"$i":"month-10-long","$v":"November"},{"$i":"month-11-long","$v":"December"},{"$i":"month-0-genitive","$v":"January"},{"$i":"month-1-genitive","$v":"February"},{"$i":"month-2-genitive","$v":"March"},{"$i":"month-3-genitive","$v":"April"},{"$i":"month-4-genitive","$v":"May"},{"$i":"month-5-genitive","$v":"June"},{"$i":"month-6-genitive","$v":"July"},{"$i":"month-7-genitive","$v":"August"},{"$i":"month-8-genitive","$v":"September"},{"$i":"month-9-genitive","$v":"October"},{"$i":"month-10-genitive","$v":"November"},{"$i":"month-11-genitive","$v":"December"},{"$i":"month-0-short","$v":"Jan"},{"$i":"month-1-short","$v":"Feb"},{"$i":"month-2-short","$v":"Mar"},{"$i":"month-3-short","$v":"Apr"},{"$i":"month-4-short","$v":"May"},{"$i":"month-5-short","$v":"Jun"},{"$i":"month-6-short","$v":"Jul"},{"$i":"month-7-short","$v":"Aug"},{"$i":"month-8-short","$v":"Sep"},{"$i":"month-9-short","$v":"Oct"},{"$i":"month-10-short","$v":"Nov"},{"$i":"month-11-short","$v":"Dec"},{"$i":"minutes-ago-long","$v":{"zero":"just now","one":"a minute ago","two":[{"t":"idOrVar","v":"value"}," minutes ago"],"few":[{"t":"idOrVar","v":"value"}," minutes ago"],"many":[{"t":"idOrVar","v":"value"}," minutes ago"],"other":[{"t":"idOrVar","v":"value"}," minutes ago"]},"$x":[{"t":"idOrVar","v":"plural"},"value"]},{"$i":"hours-ago-long","$v":{"zero":"just now","one":"an hour ago","two":[{"t":"idOrVar","v":"value"}," hours ago"],"few":[{"t":"idOrVar","v":"value"}," hours ago"],"many":[{"t":"idOrVar","v":"value"}," hours ago"],"other":[{"t":"idOrVar","v":"value"}," hours ago"]},"$x":[{"t":"idOrVar","v":"plural"},"value"]},{"$i":"days-ago-long","$v":{"zero":"today","one":"yesterday","two":[{"t":"idOrVar","v":"value"}," days ago"],"few":[{"t":"idOrVar","v":"value"}," days ago"],"many":[{"t":"idOrVar","v":"value"}," days ago"],"other":[{"t":"idOrVar","v":"value"}," days ago"]},"$x":[{"t":"idOrVar","v":"plural"},"value"]},{"$i":"weeks-ago-long","$v":{"zero":"this week","one":"last week","two":[{"t":"idOrVar","v":"value"}," weeks ago"],"few":[{"t":"idOrVar","v":"value"}," weeks ago"],"many":[{"t":"idOrVar","v":"value"}," weeks ago"],"other":[{"t":"idOrVar","v":"value"}," weeks ago"]},"$x":[{"t":"idOrVar","v":"plural"},"value"]},{"$i":"months-ago-long","$v":{"zero":"this month","one":"last month","two":[{"t":"idOrVar","v":"value"}," months ago"],"few":[{"t":"idOrVar","v":"value"}," months ago"],"many":[{"t":"idOrVar","v":"value"}," months ago"],"other":[{"t":"idOrVar","v":"value"}," months ago"]},"$x":[{"t":"idOrVar","v":"plural"},"value"]},{"$i":"years-ago-long","$v":{"zero":"this year","one":"last year","two":[{"t":"idOrVar","v":"value"}," years ago"],"few":[{"t":"idOrVar","v":"value"}," years ago"],"many":[{"t":"idOrVar","v":"value"}," years ago"],"other":[{"t":"idOrVar","v":"value"}," years ago"]},"$x":[{"t":"idOrVar","v":"plural"},"value"]},{"$i":"minutes-until-long","$v":{"zero":"now","one":"in a minute","two":["in ",{"t":"idOrVar","v":"value"}," minutes"],"few":["in ",{"t":"idOrVar","v":"value"}," minutes"],"many":["in ",{"t":"idOrVar","v":"value"}," minutes"],"other":["in ",{"t":"idOrVar","v":"value"}," minutes"]},"$x":[{"t":"idOrVar","v":"plural"},"value"]},{"$i":"hours-until-long","$v":{"zero":"now","one":"in an hour","two":["in ",{"t":"idOrVar","v":"value"}," hours"],"few":["in ",{"t":"idOrVar","v":"value"}," hours"],"many":["in ",{"t":"idOrVar","v":"value"}," hours"],"other":["in ",{"t":"idOrVar","v":"value"}," hours"]},"$x":[{"t":"idOrVar","v":"plural"},"value"]},{"$i":"days-until-long","$v":{"zero":"today","one":"tomorrow","two":["in ",{"t":"idOrVar","v":"value"}," days"],"few":["in ",{"t":"idOrVar","v":"value"}," days"],"many":["in ",{"t":"idOrVar","v":"value"}," days"],"other":["in ",{"t":"idOrVar","v":"value"}," days"]},"$x":[{"t":"idOrVar","v":"plural"},"value"]},{"$i":"weeks-until-long","$v":{"zero":"this week","one":"next week","two":["in ",{"t":"idOrVar","v":"value"}," weeks"],"few":["in ",{"t":"idOrVar","v":"value"}," weeks"],"many":["in ",{"t":"idOrVar","v":"value"}," weeks"],"other":["in ",{"t":"idOrVar","v":"value"}," weeks"]},"$x":[{"t":"idOrVar","v":"plural"},"value"]},{"$i":"months-until-long","$v":{"zero":"this month","one":"next month","two":["in ",{"t":"idOrVar","v":"value"}," months"],"few":["in ",{"t":"idOrVar","v":"value"}," months"],"many":["in ",{"t":"idOrVar","v":"value"}," months"],"other":["in ",{"t":"idOrVar","v":"value"}," months"]},"$x":[{"t":"idOrVar","v":"plural"},"value"]},{"$i":"years-until-long","$v":{"zero":"this year","one":"next year","two":["in ",{"t":"idOrVar","v":"value"}," years"],"few":["in ",{"t":"idOrVar","v":"value"}," years"],"many":["in ",{"t":"idOrVar","v":"value"}," years"],"other":["in ",{"t":"idOrVar","v":"value"}," years"]},"$x":[{"t":"idOrVar","v":"plural"},"value"]},{"$i":"minutes-ago-short","$v":{"zero":"just now","other":[{"t":"idOrVar","v":"value"},"m ago"]},"$x":[{"t":"idOrVar","v":"plural"},"value"]},{"$i":"hours-ago-short","$v":{"zero":"just now","other":[{"t":"idOrVar","v":"value"},"h ago"]},"$x":[{"t":"idOrVar","v":"plural"},"value"]},{"$i":"days-ago-short","$v":{"zero":"today","other":[{"t":"idOrVar","v":"value"},"d ago"]},"$x":[{"t":"idOrVar","v":"plural"},"value"]},{"$i":"minutes-until-short","$v":{"zero":"now","other":["in ",{"t":"idOrVar","v":"value"},"m"]},"$x":[{"t":"idOrVar","v":"plural"},"value"]},{"$i":"hours-until-short","$v":{"zero":"now","other":["in ",{"t":"idOrVar","v":"value"},"h"]},"$x":[{"t":"idOrVar","v":"plural"},"value"]},{"$i":"days-until-short","$v":{"zero":"today","other":["in ",{"t":"idOrVar","v":"value"},"d"]},"$x":[{"t":"idOrVar","v":"plural"},"value"]},{"$i":"incorrectDate","$v":"(incorrect date)"},{"$i":"dateTimeFormat_%c","$v":"%a %b %e %Y %I:%M:%S %p"},{"$i":"dateTimeFormat_%x","$v":"%m/%d/%Y"},{"$i":"dateTimeFormat_%X","$v":"%I:%M:%S %p"},{"$i":"shortTimeFormat","$v":"%I:%M %p"},{"$i":"shortTimeFormat12","$v":"%I:%M %p"},{"$i":"shortTimeFormat24","$v":"%H:%M"},{"$i":"shortDateTimeFormat","$v":"%x %I:%M %p"},{"$i":"weekStartsOnMonday","$v":"0"},{"$i":"firstDayOfTheWeek","$v":"0"},{"$i":"time_am","$v":"AM"},{"$i":"time_pm","$v":"PM"},{"$i":"sim-with-index-and-carrier","$v":["SIM ",{"t":"idOrVar","v":"index"}," - ",{"t":"idOrVar","v":"carrier"}]},{"$i":"sim-without-carrier","$v":["SIM ",{"t":"idOrVar","v":"index"}]}]