[{"$i":"callLog","$v":"Registro chiamate"},{"$i":"all","$v":"Tutto"},{"$i":"missed","$v":"Senza risposta"},{"$i":"outgoing","$v":"Composto"},{"$i":"incoming","$v":"Ricevuto"},{"$i":"missedCall","$v":"Chiamata senza risposta"},{"$i":"outgoingCall","$v":"Chiamata in uscita"},{"$i":"incomingCall","$v":"Chiamata in arrivo"},{"$i":"rttCall","$v":"Chiamata RTT"},{"$i":"rtt-call","$v":"CHIAMATA RTT"},{"$i":"videoCall","$v":"Videochiamata"},{"$i":"call","$v":"Chiama"},{"$i":"options","$v":"Opzioni"},{"$i":"callInformation","$v":"Informazioni chiamata"},{"$i":"sendSms","$v":"Invia messaggio"},{"$i":"createNewContact","$v":"Crea nuovo contatto"},{"$i":"addToExistingContact","$v":"Aggiungi a contatto esistente"},{"$i":"editCalllog","$v":"Modifica registro chiamate"},{"$i":"numberType","$v":[{"t":"idOrVar","v":"type"},", ",{"t":"idOrVar","v":"number"}]},{"$i":"withheld-number","$v":"Sconosciuto"},{"$i":"unknown","$v":"Sconosciuto"},{"$i":"today","$v":"Oggi"},{"$i":"yesterday","$v":"Ieri"},{"$i":"no-logs-msg-1","$v":"Nessuna chiamata registrata"},{"$i":"no-logs-msg-2","$v":"Inizia comunicazione subito"},{"$i":"voicemail","$v":"Segreteria"},{"$i":"emergencyNumber","$v":"Chiamata di emergenza"},{"$i":"select","$v":"Seleziona"},{"$i":"calllog-all","$v":"Tutto"},{"$i":"delete","$v":"Elimina"},{"$i":"deselect","$v":"Deseleziona"},{"$i":"calllog-none","$v":"Nessuno"},{"$i":"checkedCount","$v":"selezionato"},{"$i":"confirmation","$v":"Conferma"},{"$i":"deleteLog","$v":"Eliminare le voci selezionate da Registro chiamate?"},{"$i":"delete-single-log","$v":["Eliminare ",{"t":"idOrVar","v":"name"}," dal Registro chiamate?"]},{"$i":"blockContact","$v":"Non si riceveranno chiamate né messaggi dalle persone nell’elenco di blocco."},{"$i":"no-recent-numbers","$v":"Nessun numero recente da comporre in Registro chiamate."},{"$i":"ok","$v":"OK"},{"$i":"cancel","$v":"Annulla"},{"$i":"block","$v":"Blocca"},{"$i":"unblock","$v":"Sblocca"},{"$i":"deletedNotification","$v":[{"t":"idOrVar","v":"n"}," voci sono state eliminate"]},{"$i":"deletedNotification-1","$v":{"few":[{"t":"idOrVar","v":"n"}," voci sono state eliminate"],"many":[{"t":"idOrVar","v":"n"}," voci sono state eliminate"],"one":"1 elemento è stato eliminato","other":[{"t":"idOrVar","v":"n"}," voci sono state eliminate"],"two":[{"t":"idOrVar","v":"n"}," voci sono state eliminate"]},"$x":[{"t":"idOrVar","v":"plural"},"n"]},{"$i":"durationHours","$v":{"few":[{"t":"idOrVar","v":"value"}," ore"],"many":[{"t":"idOrVar","v":"value"}," ore"],"one":"1 ora","other":[{"t":"idOrVar","v":"value"}," ore"],"two":[{"t":"idOrVar","v":"value"}," ore"],"zero":"0 ore"},"$x":[{"t":"idOrVar","v":"plural"},"value"]},{"$i":"durationMinutes","$v":{"few":[{"t":"idOrVar","v":"value"}," minuti"],"many":[{"t":"idOrVar","v":"value"}," minuti"],"one":"1 minuto","other":[{"t":"idOrVar","v":"value"}," minuti"],"two":[{"t":"idOrVar","v":"value"}," minuti"],"zero":"0 minuti"},"$x":[{"t":"idOrVar","v":"plural"},"value"]},{"$i":"durationSeconds","$v":{"few":[{"t":"idOrVar","v":"value"}," secondi"],"many":[{"t":"idOrVar","v":"value"}," secondi"],"one":"1 secondo","other":[{"t":"idOrVar","v":"value"}," secondi"],"two":[{"t":"idOrVar","v":"value"}," secondi"],"zero":"0 secondi"},"$x":[{"t":"idOrVar","v":"plural"},"value"]},{"$i":"mobile","$v":"Mobile"},{"$i":"home","$v":"Casa"},{"$i":"work","$v":"Lavoro"},{"$i":"personal","$v":"Personale"},{"$i":"other","$v":"Altro"},{"$i":"fax-home","$v":"Fax casa"},{"$i":"fax-office","$v":"Fax ufficio"},{"$i":"fax-other","$v":"Altro fax"},{"$i":"numberBlockedMessage","$v":"Questo numero è bloccato. Puoi chiedere l'autorizzazione ai tuoi genitori."},{"$i":"callAirplaneModeTitle","$v":"Modalità aereo attivata"},{"$i":"callAirplaneModeMessage","$v":"Per effettuare una chiamata, è necessario disattivare la modalità aereo nelle impostazioni."},{"$i":"emergencyDialogTitle","$v":"Nessuna connessione di rete"},{"$i":"emergencyDialogBodyBadNumber","$v":"Per effettuare una chiamata, è necessario che il telefono sia connesso a una rete."},{"$i":"emergencyDialogBodyDeviceNotAccepted","$v":"Chiamate di emergenza non consentite dalla rete."},{"$i":"invalidNumberToDialTitle","$v":"Numero di telefono non valido"},{"$i":"invalidNumberToDialMessage","$v":"Il numero di telefono che si sta chiamando non è valido."},{"$i":"emergency-call-only","$v":"Solo chiamata di emergenza"},{"$i":"emergency-call-error","$v":[{"t":"idOrVar","v":"number"}," non è un numero di emergenza."]},{"$i":"numberIsBusyTitle","$v":"Numero occupato"},{"$i":"numberIsBusyMessage","$v":"Numero attualmente occupato. Riprovare più tardi."},{"$i":"fdnIsActiveTitle","$v":"Funzione FDN attivata"},{"$i":"fdnIsActiveMessage","$v":["Funzione Numeri selezione fissa (FDN) attivata. Il seguente numero non è nell'elenco FDN: ",{"t":"idOrVar","v":"number"}]},{"$i":"otherConnectionInUseTitle","$v":"Altra connessione in uso"},{"$i":"otherConnectionInUseMessage","$v":"Chiamata attiva su un'altra connessione. È possibile usare una sola connessione alla volta."},{"$i":"GenericFailure","$v":"Errore generico"},{"$i":"CallFailed","$v":"Chiamata non riuscita"},{"$i":"weekday-0-long","$v":"Sunday"},{"$i":"weekday-1-long","$v":"Monday"},{"$i":"weekday-2-long","$v":"Tuesday"},{"$i":"weekday-3-long","$v":"Wednesday"},{"$i":"weekday-4-long","$v":"Thursday"},{"$i":"weekday-5-long","$v":"Friday"},{"$i":"weekday-6-long","$v":"Saturday"},{"$i":"weekday-0-short","$v":"Sun"},{"$i":"weekday-1-short","$v":"Mon"},{"$i":"weekday-2-short","$v":"Tue"},{"$i":"weekday-3-short","$v":"Wed"},{"$i":"weekday-4-short","$v":"Thu"},{"$i":"weekday-5-short","$v":"Fri"},{"$i":"weekday-6-short","$v":"Sat"},{"$i":"month-0-long","$v":"January"},{"$i":"month-1-long","$v":"February"},{"$i":"month-2-long","$v":"March"},{"$i":"month-3-long","$v":"April"},{"$i":"month-4-long","$v":"May"},{"$i":"month-5-long","$v":"June"},{"$i":"month-6-long","$v":"July"},{"$i":"month-7-long","$v":"August"},{"$i":"month-8-long","$v":"September"},{"$i":"month-9-long","$v":"October"},{"$i":"month-10-long","$v":"November"},{"$i":"month-11-long","$v":"December"},{"$i":"month-0-genitive","$v":"January"},{"$i":"month-1-genitive","$v":"February"},{"$i":"month-2-genitive","$v":"March"},{"$i":"month-3-genitive","$v":"April"},{"$i":"month-4-genitive","$v":"May"},{"$i":"month-5-genitive","$v":"June"},{"$i":"month-6-genitive","$v":"July"},{"$i":"month-7-genitive","$v":"August"},{"$i":"month-8-genitive","$v":"September"},{"$i":"month-9-genitive","$v":"October"},{"$i":"month-10-genitive","$v":"November"},{"$i":"month-11-genitive","$v":"December"},{"$i":"month-0-short","$v":"Jan"},{"$i":"month-1-short","$v":"Feb"},{"$i":"month-2-short","$v":"Mar"},{"$i":"month-3-short","$v":"Apr"},{"$i":"month-4-short","$v":"May"},{"$i":"month-5-short","$v":"Jun"},{"$i":"month-6-short","$v":"Jul"},{"$i":"month-7-short","$v":"Aug"},{"$i":"month-8-short","$v":"Sep"},{"$i":"month-9-short","$v":"Oct"},{"$i":"month-10-short","$v":"Nov"},{"$i":"month-11-short","$v":"Dec"},{"$i":"minutes-ago-long","$v":{"zero":"just now","one":"a minute ago","two":[{"t":"idOrVar","v":"value"}," minutes ago"],"few":[{"t":"idOrVar","v":"value"}," minutes ago"],"many":[{"t":"idOrVar","v":"value"}," minutes ago"],"other":[{"t":"idOrVar","v":"value"}," minutes ago"]},"$x":[{"t":"idOrVar","v":"plural"},"value"]},{"$i":"hours-ago-long","$v":{"zero":"just now","one":"an hour ago","two":[{"t":"idOrVar","v":"value"}," hours ago"],"few":[{"t":"idOrVar","v":"value"}," hours ago"],"many":[{"t":"idOrVar","v":"value"}," hours ago"],"other":[{"t":"idOrVar","v":"value"}," hours ago"]},"$x":[{"t":"idOrVar","v":"plural"},"value"]},{"$i":"days-ago-long","$v":{"zero":"today","one":"yesterday","two":[{"t":"idOrVar","v":"value"}," days ago"],"few":[{"t":"idOrVar","v":"value"}," days ago"],"many":[{"t":"idOrVar","v":"value"}," days ago"],"other":[{"t":"idOrVar","v":"value"}," days ago"]},"$x":[{"t":"idOrVar","v":"plural"},"value"]},{"$i":"weeks-ago-long","$v":{"zero":"this week","one":"last week","two":[{"t":"idOrVar","v":"value"}," weeks ago"],"few":[{"t":"idOrVar","v":"value"}," weeks ago"],"many":[{"t":"idOrVar","v":"value"}," weeks ago"],"other":[{"t":"idOrVar","v":"value"}," weeks ago"]},"$x":[{"t":"idOrVar","v":"plural"},"value"]},{"$i":"months-ago-long","$v":{"zero":"this month","one":"last month","two":[{"t":"idOrVar","v":"value"}," months ago"],"few":[{"t":"idOrVar","v":"value"}," months ago"],"many":[{"t":"idOrVar","v":"value"}," months ago"],"other":[{"t":"idOrVar","v":"value"}," months ago"]},"$x":[{"t":"idOrVar","v":"plural"},"value"]},{"$i":"years-ago-long","$v":{"zero":"this year","one":"last year","two":[{"t":"idOrVar","v":"value"}," years ago"],"few":[{"t":"idOrVar","v":"value"}," years ago"],"many":[{"t":"idOrVar","v":"value"}," years ago"],"other":[{"t":"idOrVar","v":"value"}," years ago"]},"$x":[{"t":"idOrVar","v":"plural"},"value"]},{"$i":"minutes-until-long","$v":{"zero":"now","one":"in a minute","two":["in ",{"t":"idOrVar","v":"value"}," minutes"],"few":["in ",{"t":"idOrVar","v":"value"}," minutes"],"many":["in ",{"t":"idOrVar","v":"value"}," minutes"],"other":["in ",{"t":"idOrVar","v":"value"}," minutes"]},"$x":[{"t":"idOrVar","v":"plural"},"value"]},{"$i":"hours-until-long","$v":{"zero":"now","one":"in an hour","two":["in ",{"t":"idOrVar","v":"value"}," hours"],"few":["in ",{"t":"idOrVar","v":"value"}," hours"],"many":["in ",{"t":"idOrVar","v":"value"}," hours"],"other":["in ",{"t":"idOrVar","v":"value"}," hours"]},"$x":[{"t":"idOrVar","v":"plural"},"value"]},{"$i":"days-until-long","$v":{"zero":"today","one":"tomorrow","two":["in ",{"t":"idOrVar","v":"value"}," days"],"few":["in ",{"t":"idOrVar","v":"value"}," days"],"many":["in ",{"t":"idOrVar","v":"value"}," days"],"other":["in ",{"t":"idOrVar","v":"value"}," days"]},"$x":[{"t":"idOrVar","v":"plural"},"value"]},{"$i":"weeks-until-long","$v":{"zero":"this week","one":"next week","two":["in ",{"t":"idOrVar","v":"value"}," weeks"],"few":["in ",{"t":"idOrVar","v":"value"}," weeks"],"many":["in ",{"t":"idOrVar","v":"value"}," weeks"],"other":["in ",{"t":"idOrVar","v":"value"}," weeks"]},"$x":[{"t":"idOrVar","v":"plural"},"value"]},{"$i":"months-until-long","$v":{"zero":"this month","one":"next month","two":["in ",{"t":"idOrVar","v":"value"}," months"],"few":["in ",{"t":"idOrVar","v":"value"}," months"],"many":["in ",{"t":"idOrVar","v":"value"}," months"],"other":["in ",{"t":"idOrVar","v":"value"}," months"]},"$x":[{"t":"idOrVar","v":"plural"},"value"]},{"$i":"years-until-long","$v":{"zero":"this year","one":"next year","two":["in ",{"t":"idOrVar","v":"value"}," years"],"few":["in ",{"t":"idOrVar","v":"value"}," years"],"many":["in ",{"t":"idOrVar","v":"value"}," years"],"other":["in ",{"t":"idOrVar","v":"value"}," years"]},"$x":[{"t":"idOrVar","v":"plural"},"value"]},{"$i":"minutes-ago-short","$v":{"zero":"just now","other":[{"t":"idOrVar","v":"value"},"m ago"]},"$x":[{"t":"idOrVar","v":"plural"},"value"]},{"$i":"hours-ago-short","$v":{"zero":"just now","other":[{"t":"idOrVar","v":"value"},"h ago"]},"$x":[{"t":"idOrVar","v":"plural"},"value"]},{"$i":"days-ago-short","$v":{"zero":"today","other":[{"t":"idOrVar","v":"value"},"d ago"]},"$x":[{"t":"idOrVar","v":"plural"},"value"]},{"$i":"minutes-until-short","$v":{"zero":"now","other":["in ",{"t":"idOrVar","v":"value"},"m"]},"$x":[{"t":"idOrVar","v":"plural"},"value"]},{"$i":"hours-until-short","$v":{"zero":"now","other":["in ",{"t":"idOrVar","v":"value"},"h"]},"$x":[{"t":"idOrVar","v":"plural"},"value"]},{"$i":"days-until-short","$v":{"zero":"today","other":["in ",{"t":"idOrVar","v":"value"},"d"]},"$x":[{"t":"idOrVar","v":"plural"},"value"]},{"$i":"incorrectDate","$v":"(incorrect date)"},{"$i":"dateTimeFormat_%c","$v":"%a %b %e %Y %I:%M:%S %p"},{"$i":"dateTimeFormat_%x","$v":"%m/%d/%Y"},{"$i":"dateTimeFormat_%X","$v":"%I:%M:%S %p"},{"$i":"shortTimeFormat","$v":"%I:%M %p"},{"$i":"shortTimeFormat12","$v":"%I:%M %p"},{"$i":"shortTimeFormat24","$v":"%H:%M"},{"$i":"shortDateTimeFormat","$v":"%x %I:%M %p"},{"$i":"weekStartsOnMonday","$v":"0"},{"$i":"firstDayOfTheWeek","$v":"0"},{"$i":"time_am","$v":"AM"},{"$i":"time_pm","$v":"PM"},{"$i":"sim-with-index-and-carrier","$v":["SIM ",{"t":"idOrVar","v":"index"}," - ",{"t":"idOrVar","v":"carrier"}]},{"$i":"sim-without-carrier","$v":["SIM ",{"t":"idOrVar","v":"index"}]}]