[{"$i":"callLog","$v":"Қоңыраулар журналы"},{"$i":"all","$v":"Барлығы"},{"$i":"missed","$v":"Қабылданбағандар"},{"$i":"outgoing","$v":"Терілген"},{"$i":"incoming","$v":"Алынды"},{"$i":"missedCall","$v":"Қабылданбаған қоңырау"},{"$i":"outgoingCall","$v":"Шығыс қоңырау"},{"$i":"incomingCall","$v":"Кіріс қоңырау"},{"$i":"rttCall","$v":"RTT қоңырауы"},{"$i":"rtt-call","$v":"RTT ҚОҢЫРАУЫ"},{"$i":"videoCall","$v":"Бейне қоңырау"},{"$i":"call","$v":"Қоңырау"},{"$i":"options","$v":"Опциялар"},{"$i":"callInformation","$v":"Қоңырау туралы ақпарат"},{"$i":"sendSms","$v":"Хабар жіберу"},{"$i":"createNewContact","$v":"Жаңа конт. жасау"},{"$i":"addToExistingContact","$v":"Бар контактіге қосу"},{"$i":"editCalllog","$v":"Қоңыраулар журналын өзгерту"},{"$i":"numberType","$v":[{"t":"idOrVar","v":"type"},", ",{"t":"idOrVar","v":"number"}]},{"$i":"withheld-number","$v":"Белгісіз"},{"$i":"unknown","$v":"Белгісіз"},{"$i":"today","$v":"Бүгін"},{"$i":"yesterday","$v":"Кеше"},{"$i":"no-logs-msg-1","$v":"Қоңыраулар жазылмаған"},{"$i":"no-logs-msg-2","$v":"Байланысты қазір бастау"},{"$i":"voicemail","$v":"Дауыс хаты"},{"$i":"emergencyNumber","$v":"Төтенше байланыс нөмірі"},{"$i":"select","$v":"Таңдау"},{"$i":"calllog-all","$v":"Барлығы"},{"$i":"delete","$v":"Жою"},{"$i":"deselect","$v":"Таңдауды алу"},{"$i":"calllog-none","$v":"Жоқ"},{"$i":"checkedCount","$v":"таңдалды"},{"$i":"confirmation","$v":"Растау"},{"$i":"deleteLog","$v":"Таңдалған жазбаларды қоңыраулар журналынан жою керек пе?"},{"$i":"delete-single-log","$v":[{"t":"idOrVar","v":"name"}," қоңыраулар журналынан жою керек пе?"]},{"$i":"blockContact","$v":"Сіз бұғаттау тізіміндегі адамдардан телефон қоңырауларын, хабарларды алмайсыз."},{"$i":"no-recent-numbers","$v":"Теру үшін қоңыраулар журналында соңғы нөмірлер жоқ."},{"$i":"ok","$v":"OK"},{"$i":"cancel","$v":"Бас тарту"},{"$i":"block","$v":"Блоктау"},{"$i":"unblock","$v":"Бұғаттамау"},{"$i":"deletedNotification","$v":[{"t":"idOrVar","v":"n"}," жазба жойылды"]},{"$i":"deletedNotification-1","$v":{"few":[{"t":"idOrVar","v":"n"}," жазба жойылды"],"many":[{"t":"idOrVar","v":"n"}," жазба жойылды"],"one":"1 жазба жойылды","other":[{"t":"idOrVar","v":"n"}," жазба жойылды"],"two":[{"t":"idOrVar","v":"n"}," жазба жойылды"]},"$x":[{"t":"idOrVar","v":"plural"},"n"]},{"$i":"durationHours","$v":{"few":[{"t":"idOrVar","v":"value"}," сағат"],"many":[{"t":"idOrVar","v":"value"}," сағат"],"one":"1 сағат","other":[{"t":"idOrVar","v":"value"}," сағат"],"two":[{"t":"idOrVar","v":"value"}," сағат"],"zero":"0 сағат"},"$x":[{"t":"idOrVar","v":"plural"},"value"]},{"$i":"durationMinutes","$v":{"few":[{"t":"idOrVar","v":"value"}," минут"],"many":[{"t":"idOrVar","v":"value"}," минут"],"one":"1 минут","other":[{"t":"idOrVar","v":"value"}," минут"],"two":[{"t":"idOrVar","v":"value"}," минут"],"zero":"0 минут"},"$x":[{"t":"idOrVar","v":"plural"},"value"]},{"$i":"durationSeconds","$v":{"few":[{"t":"idOrVar","v":"value"}," сағат"],"many":[{"t":"idOrVar","v":"value"}," сағат"],"one":"1 секунд","other":[{"t":"idOrVar","v":"value"}," сағат"],"two":[{"t":"idOrVar","v":"value"}," сағат"],"zero":"0 секунд"},"$x":[{"t":"idOrVar","v":"plural"},"value"]},{"$i":"mobile","$v":"Мобильді"},{"$i":"home","$v":"Үй"},{"$i":"work","$v":"Жұмыс"},{"$i":"personal","$v":"Жеке"},{"$i":"other","$v":"Басқа"},{"$i":"fax-home","$v":"Үйдегі факс"},{"$i":"fax-office","$v":"Кеңседегі факс"},{"$i":"fax-other","$v":"Басқа факс"},{"$i":"numberBlockedMessage","$v":"Бұл нөмір бұғатталған. Сіз ата-анаңыздан рұқсат сұрай аласыз."},{"$i":"callAirplaneModeTitle","$v":"Ұшақ режимі қосылды"},{"$i":"callAirplaneModeMessage","$v":"Қоңырау шалу үшін параметрлерде ұшақ режимін ажырату қажет."},{"$i":"emergencyDialogTitle","$v":"Желі байланысы жоқ"},{"$i":"emergencyDialogBodyBadNumber","$v":"Қоңырау шалу үшін телефон желіге қосылуы тиіс."},{"$i":"emergencyDialogBodyDeviceNotAccepted","$v":"Желіде төтенше қоңырауларға рұқсат жоқ."},{"$i":"invalidNumberToDialTitle","$v":"Жарамсыз телефон нөмірі"},{"$i":"invalidNumberToDialMessage","$v":"Сіз қоңырау шалып жатқан телефон нөмірі жарамсыз."},{"$i":"emergency-call-only","$v":"Жедел қоңырау ғана"},{"$i":"emergency-call-error","$v":[{"t":"idOrVar","v":"number"}," төтенше жағдайларда қоңырау шалуға арналған телефон нөмірі емес."]},{"$i":"numberIsBusyTitle","$v":"Нөмір бос емес"},{"$i":"numberIsBusyMessage","$v":"Нөмір қазір бос емес. Кейінірек қайталап көріңіз."},{"$i":"fdnIsActiveTitle","$v":"FDN белсенді"},{"$i":"fdnIsActiveMessage","$v":["FDN (Бекітілген терілетін нөмірлер) функциясы белсенді және сіздің FDN тізіміңізде келесі нөмір жоқ: ",{"t":"idOrVar","v":"number"}]},{"$i":"otherConnectionInUseTitle","$v":"Пайд. басқа байланыс"},{"$i":"otherConnectionInUseMessage","$v":"Басқа қосылымда белсенді қоңырау бар. Бір уақытта тек бір қосылымды пайдалана аласыз."},{"$i":"GenericFailure","$v":"Негізгі ақаулық"},{"$i":"CallFailed","$v":"Қоңырау орындалмады"},{"$i":"weekday-0-long","$v":"Sunday"},{"$i":"weekday-1-long","$v":"Monday"},{"$i":"weekday-2-long","$v":"Tuesday"},{"$i":"weekday-3-long","$v":"Wednesday"},{"$i":"weekday-4-long","$v":"Thursday"},{"$i":"weekday-5-long","$v":"Friday"},{"$i":"weekday-6-long","$v":"Saturday"},{"$i":"weekday-0-short","$v":"Sun"},{"$i":"weekday-1-short","$v":"Mon"},{"$i":"weekday-2-short","$v":"Tue"},{"$i":"weekday-3-short","$v":"Wed"},{"$i":"weekday-4-short","$v":"Thu"},{"$i":"weekday-5-short","$v":"Fri"},{"$i":"weekday-6-short","$v":"Sat"},{"$i":"month-0-long","$v":"January"},{"$i":"month-1-long","$v":"February"},{"$i":"month-2-long","$v":"March"},{"$i":"month-3-long","$v":"April"},{"$i":"month-4-long","$v":"May"},{"$i":"month-5-long","$v":"June"},{"$i":"month-6-long","$v":"July"},{"$i":"month-7-long","$v":"August"},{"$i":"month-8-long","$v":"September"},{"$i":"month-9-long","$v":"October"},{"$i":"month-10-long","$v":"November"},{"$i":"month-11-long","$v":"December"},{"$i":"month-0-genitive","$v":"January"},{"$i":"month-1-genitive","$v":"February"},{"$i":"month-2-genitive","$v":"March"},{"$i":"month-3-genitive","$v":"April"},{"$i":"month-4-genitive","$v":"May"},{"$i":"month-5-genitive","$v":"June"},{"$i":"month-6-genitive","$v":"July"},{"$i":"month-7-genitive","$v":"August"},{"$i":"month-8-genitive","$v":"September"},{"$i":"month-9-genitive","$v":"October"},{"$i":"month-10-genitive","$v":"November"},{"$i":"month-11-genitive","$v":"December"},{"$i":"month-0-short","$v":"Jan"},{"$i":"month-1-short","$v":"Feb"},{"$i":"month-2-short","$v":"Mar"},{"$i":"month-3-short","$v":"Apr"},{"$i":"month-4-short","$v":"May"},{"$i":"month-5-short","$v":"Jun"},{"$i":"month-6-short","$v":"Jul"},{"$i":"month-7-short","$v":"Aug"},{"$i":"month-8-short","$v":"Sep"},{"$i":"month-9-short","$v":"Oct"},{"$i":"month-10-short","$v":"Nov"},{"$i":"month-11-short","$v":"Dec"},{"$i":"minutes-ago-long","$v":{"zero":"just now","one":"a minute ago","two":[{"t":"idOrVar","v":"value"}," minutes ago"],"few":[{"t":"idOrVar","v":"value"}," minutes ago"],"many":[{"t":"idOrVar","v":"value"}," minutes ago"],"other":[{"t":"idOrVar","v":"value"}," minutes ago"]},"$x":[{"t":"idOrVar","v":"plural"},"value"]},{"$i":"hours-ago-long","$v":{"zero":"just now","one":"an hour ago","two":[{"t":"idOrVar","v":"value"}," hours ago"],"few":[{"t":"idOrVar","v":"value"}," hours ago"],"many":[{"t":"idOrVar","v":"value"}," hours ago"],"other":[{"t":"idOrVar","v":"value"}," hours ago"]},"$x":[{"t":"idOrVar","v":"plural"},"value"]},{"$i":"days-ago-long","$v":{"zero":"today","one":"yesterday","two":[{"t":"idOrVar","v":"value"}," days ago"],"few":[{"t":"idOrVar","v":"value"}," days ago"],"many":[{"t":"idOrVar","v":"value"}," days ago"],"other":[{"t":"idOrVar","v":"value"}," days ago"]},"$x":[{"t":"idOrVar","v":"plural"},"value"]},{"$i":"weeks-ago-long","$v":{"zero":"this week","one":"last week","two":[{"t":"idOrVar","v":"value"}," weeks ago"],"few":[{"t":"idOrVar","v":"value"}," weeks ago"],"many":[{"t":"idOrVar","v":"value"}," weeks ago"],"other":[{"t":"idOrVar","v":"value"}," weeks ago"]},"$x":[{"t":"idOrVar","v":"plural"},"value"]},{"$i":"months-ago-long","$v":{"zero":"this month","one":"last month","two":[{"t":"idOrVar","v":"value"}," months ago"],"few":[{"t":"idOrVar","v":"value"}," months ago"],"many":[{"t":"idOrVar","v":"value"}," months ago"],"other":[{"t":"idOrVar","v":"value"}," months ago"]},"$x":[{"t":"idOrVar","v":"plural"},"value"]},{"$i":"years-ago-long","$v":{"zero":"this year","one":"last year","two":[{"t":"idOrVar","v":"value"}," years ago"],"few":[{"t":"idOrVar","v":"value"}," years ago"],"many":[{"t":"idOrVar","v":"value"}," years ago"],"other":[{"t":"idOrVar","v":"value"}," years ago"]},"$x":[{"t":"idOrVar","v":"plural"},"value"]},{"$i":"minutes-until-long","$v":{"zero":"now","one":"in a minute","two":["in ",{"t":"idOrVar","v":"value"}," minutes"],"few":["in ",{"t":"idOrVar","v":"value"}," minutes"],"many":["in ",{"t":"idOrVar","v":"value"}," minutes"],"other":["in ",{"t":"idOrVar","v":"value"}," minutes"]},"$x":[{"t":"idOrVar","v":"plural"},"value"]},{"$i":"hours-until-long","$v":{"zero":"now","one":"in an hour","two":["in ",{"t":"idOrVar","v":"value"}," hours"],"few":["in ",{"t":"idOrVar","v":"value"}," hours"],"many":["in ",{"t":"idOrVar","v":"value"}," hours"],"other":["in ",{"t":"idOrVar","v":"value"}," hours"]},"$x":[{"t":"idOrVar","v":"plural"},"value"]},{"$i":"days-until-long","$v":{"zero":"today","one":"tomorrow","two":["in ",{"t":"idOrVar","v":"value"}," days"],"few":["in ",{"t":"idOrVar","v":"value"}," days"],"many":["in ",{"t":"idOrVar","v":"value"}," days"],"other":["in ",{"t":"idOrVar","v":"value"}," days"]},"$x":[{"t":"idOrVar","v":"plural"},"value"]},{"$i":"weeks-until-long","$v":{"zero":"this week","one":"next week","two":["in ",{"t":"idOrVar","v":"value"}," weeks"],"few":["in ",{"t":"idOrVar","v":"value"}," weeks"],"many":["in ",{"t":"idOrVar","v":"value"}," weeks"],"other":["in ",{"t":"idOrVar","v":"value"}," weeks"]},"$x":[{"t":"idOrVar","v":"plural"},"value"]},{"$i":"months-until-long","$v":{"zero":"this month","one":"next month","two":["in ",{"t":"idOrVar","v":"value"}," months"],"few":["in ",{"t":"idOrVar","v":"value"}," months"],"many":["in ",{"t":"idOrVar","v":"value"}," months"],"other":["in ",{"t":"idOrVar","v":"value"}," months"]},"$x":[{"t":"idOrVar","v":"plural"},"value"]},{"$i":"years-until-long","$v":{"zero":"this year","one":"next year","two":["in ",{"t":"idOrVar","v":"value"}," years"],"few":["in ",{"t":"idOrVar","v":"value"}," years"],"many":["in ",{"t":"idOrVar","v":"value"}," years"],"other":["in ",{"t":"idOrVar","v":"value"}," years"]},"$x":[{"t":"idOrVar","v":"plural"},"value"]},{"$i":"minutes-ago-short","$v":{"zero":"just now","other":[{"t":"idOrVar","v":"value"},"m ago"]},"$x":[{"t":"idOrVar","v":"plural"},"value"]},{"$i":"hours-ago-short","$v":{"zero":"just now","other":[{"t":"idOrVar","v":"value"},"h ago"]},"$x":[{"t":"idOrVar","v":"plural"},"value"]},{"$i":"days-ago-short","$v":{"zero":"today","other":[{"t":"idOrVar","v":"value"},"d ago"]},"$x":[{"t":"idOrVar","v":"plural"},"value"]},{"$i":"minutes-until-short","$v":{"zero":"now","other":["in ",{"t":"idOrVar","v":"value"},"m"]},"$x":[{"t":"idOrVar","v":"plural"},"value"]},{"$i":"hours-until-short","$v":{"zero":"now","other":["in ",{"t":"idOrVar","v":"value"},"h"]},"$x":[{"t":"idOrVar","v":"plural"},"value"]},{"$i":"days-until-short","$v":{"zero":"today","other":["in ",{"t":"idOrVar","v":"value"},"d"]},"$x":[{"t":"idOrVar","v":"plural"},"value"]},{"$i":"incorrectDate","$v":"(incorrect date)"},{"$i":"dateTimeFormat_%c","$v":"%a %b %e %Y %I:%M:%S %p"},{"$i":"dateTimeFormat_%x","$v":"%m/%d/%Y"},{"$i":"dateTimeFormat_%X","$v":"%I:%M:%S %p"},{"$i":"shortTimeFormat","$v":"%I:%M %p"},{"$i":"shortTimeFormat12","$v":"%I:%M %p"},{"$i":"shortTimeFormat24","$v":"%H:%M"},{"$i":"shortDateTimeFormat","$v":"%x %I:%M %p"},{"$i":"weekStartsOnMonday","$v":"0"},{"$i":"firstDayOfTheWeek","$v":"0"},{"$i":"time_am","$v":"AM"},{"$i":"time_pm","$v":"PM"},{"$i":"sim-with-index-and-carrier","$v":["SIM ",{"t":"idOrVar","v":"index"}," - ",{"t":"idOrVar","v":"carrier"}]},{"$i":"sim-without-carrier","$v":["SIM ",{"t":"idOrVar","v":"index"}]}]