[{"$i":"callLog","$v":"កំណត់​ហេតុ​ហៅ"},{"$i":"all","$v":"ទាំងអស់"},{"$i":"missed","$v":"ខកខាន"},{"$i":"outgoing","$v":"បាន​ហៅ"},{"$i":"incoming","$v":"បានទទួល"},{"$i":"missedCall","$v":"ការហៅ​ដែល​ខកខាន"},{"$i":"outgoingCall","$v":"ការហៅ​ចេញ"},{"$i":"incomingCall","$v":"ការ​ហៅ​ចូល"},{"$i":"rttCall","$v":"ការហៅ RTT"},{"$i":"rtt-call","$v":"ការហៅ RTT"},{"$i":"videoCall","$v":"ហៅ​វីដេអូ"},{"$i":"call","$v":"ហៅ"},{"$i":"options","$v":"ជម្រើស"},{"$i":"callInformation","$v":"ព័ត៌មាន​អំពី​ការហៅ"},{"$i":"sendSms","$v":"ផ្ញើ​សារ"},{"$i":"createNewContact","$v":"បង្កើត​ទំនាក់ទំនង​ថ្មី"},{"$i":"addToExistingContact","$v":"បន្ថែម​ចូល​ទំនាក់ទំនង​ដែល​មាន​ស្រាប់"},{"$i":"editCalllog","$v":"កែ​សម្រួល​កំណត់​ហេតុ​ហៅ"},{"$i":"numberType","$v":[{"t":"idOrVar","v":"type"},", ",{"t":"idOrVar","v":"number"}]},{"$i":"withheld-number","$v":"មិន​ស្គាល់"},{"$i":"unknown","$v":"មិន​ស្គាល់"},{"$i":"today","$v":"ថ្ងៃ​នេះ"},{"$i":"yesterday","$v":"ម្សិល​មិញ"},{"$i":"no-logs-msg-1","$v":"គ្មានការហៅត្រូវបានកត់ត្រាទុក"},{"$i":"no-logs-msg-2","$v":"ចាប់​ផ្ដើម​ទាក់ទង​ឥឡូវ"},{"$i":"voicemail","$v":"អ៊ីមែល​សំឡេង"},{"$i":"emergencyNumber","$v":"លេខ​ហៅ​បន្ទាន់"},{"$i":"select","$v":"ជ្រើស"},{"$i":"calllog-all","$v":"ទាំងអស់"},{"$i":"delete","$v":"លុប"},{"$i":"deselect","$v":"ដក​ការជ្រើស"},{"$i":"calllog-none","$v":"គ្មាន"},{"$i":"checkedCount","$v":"selected"},{"$i":"confirmation","$v":"ការបញ្ជាក់"},{"$i":"deleteLog","$v":"តើ​អ្នក​ប្រាកដ​ថា​ចង់​លុប​ការបញ្ចូល​ដែល​បាន​ជ្រើស​រើស​ពី​កំណត់​ហេតុ​ហៅ​មែន​ឬ?"},{"$i":"delete-single-log","$v":["តើ​អ្នក​ប្រាកដ​ថា​ចង់​លុប ",{"t":"idOrVar","v":"name"}," ពី​កំណត់​ហេតុការ​ហៅ​មែនទេ?"]},{"$i":"blockContact","$v":"អ្នកនឹងមិនទទួលបានការហៅទូរស័ព្ទ សារពីមនុស្សនៅក្នុងបញ្ជីរប្លុកនោះទេ។"},{"$i":"no-recent-numbers","$v":"មិន​មាន​លេខ​ថ្មីៗ​នៅ​ក្នុង​កំណត់​ហេតុ​ហៅ​សម្រាប់​ចុច​ហៅ​ទេ។"},{"$i":"ok","$v":"យល់​ព្រម"},{"$i":"cancel","$v":"បោះបង់"},{"$i":"block","$v":"ទប់ស្កាត់"},{"$i":"unblock","$v":"មិនទប់ស្កាត់"},{"$i":"deletedNotification","$v":["បាន​លុប​ទិន្នន័យ​បញ្ចូល ",{"t":"idOrVar","v":"n"}]},{"$i":"deletedNotification-1","$v":{"few":["បាន​លុប​ទិន្នន័យ​បញ្ចូល ",{"t":"idOrVar","v":"n"}],"many":["បាន​លុប​ទិន្នន័យ​បញ្ចូល ",{"t":"idOrVar","v":"n"}],"one":"ទិន្នន័យ 1 ត្រូវបានលុបចោល","other":["បាន​លុប​ទិន្នន័យ​បញ្ចូល ",{"t":"idOrVar","v":"n"}],"two":["បាន​លុប​ទិន្នន័យ​បញ្ចូល ",{"t":"idOrVar","v":"n"}]},"$x":[{"t":"idOrVar","v":"plural"},"n"]},{"$i":"durationHours","$v":{"few":[{"t":"idOrVar","v":"value"}," ម៉ោង"],"many":[{"t":"idOrVar","v":"value"}," ម៉ោង"],"one":"1 ម៉ោង","other":[{"t":"idOrVar","v":"value"}," ម៉ោង"],"two":[{"t":"idOrVar","v":"value"}," ម៉ោង"],"zero":"0 ម៉ោង"},"$x":[{"t":"idOrVar","v":"plural"},"value"]},{"$i":"durationMinutes","$v":{"few":[{"t":"idOrVar","v":"value"}," នាទី"],"many":[{"t":"idOrVar","v":"value"}," នាទី"],"one":"1 នាទី","other":[{"t":"idOrVar","v":"value"}," នាទី"],"two":[{"t":"idOrVar","v":"value"}," នាទី"],"zero":"0 នាទី"},"$x":[{"t":"idOrVar","v":"plural"},"value"]},{"$i":"durationSeconds","$v":{"few":[{"t":"idOrVar","v":"value"}," ម៉ោង"],"many":[{"t":"idOrVar","v":"value"}," ម៉ោង"],"one":"1 វិនាទី","other":[{"t":"idOrVar","v":"value"}," ម៉ោង"],"two":[{"t":"idOrVar","v":"value"}," ម៉ោង"],"zero":"0 វិនាទី"},"$x":[{"t":"idOrVar","v":"plural"},"value"]},{"$i":"mobile","$v":"ទូរសព្ទ​ចល័ត"},{"$i":"home","$v":"ផ្ទះ"},{"$i":"work","$v":"ការងារ"},{"$i":"personal","$v":"ផ្ទាល់​ខ្លួន"},{"$i":"other","$v":"ផ្សេង"},{"$i":"fax-home","$v":"ទូរសារ​ផ្ទះ"},{"$i":"fax-office","$v":"ទូរសារ​ការិយាល័យ"},{"$i":"fax-other","$v":"ទូរសារ​ផ្សេង​ទៀត"},{"$i":"numberBlockedMessage","$v":"លេខនេះត្រូវបានរារាំង។ អ្នកអាចសុំការអនុញ្ញាតពីឪពុកម្តាយរបស់អ្នក។"},{"$i":"callAirplaneModeTitle","$v":"បាន​ដំណើរការ​ទម្រង់​លើ​យន្តហោះ"},{"$i":"callAirplaneModeMessage","$v":"ដើម្បី​ធ្វើ​ការហៅ អ្នក​ត្រូវ​បិទ​ទម្រង់​លើ​យន្តហោះ​ក្នុង​ការកំណត់។"},{"$i":"emergencyDialogTitle","$v":"គ្មាន​ការភ្ជាប់​បណ្ដាញ​ទេ"},{"$i":"emergencyDialogBodyBadNumber","$v":"ដើម្បី​ធ្វើ​ការហៅ ត្រូវ​ភ្ជាប់​ទូរសព្ទ​ទៅ​បណ្ដាញ។"},{"$i":"emergencyDialogBodyDeviceNotAccepted","$v":"បណ្ដាញ​មិន​អនុញ្ញាត​ការហៅ​បន្ទាន់។"},{"$i":"invalidNumberToDialTitle","$v":"លេខ​ទូរសព្ទ​មិន​ត្រឹមត្រូវ"},{"$i":"invalidNumberToDialMessage","$v":"លេខ​ទូរសព្ទ​ដែល​អ្នក​កំពុង​ហៅ​មិន​ត្រឹមត្រូវ​ទេ។"},{"$i":"emergency-call-only","$v":"ការហៅ​បន្ទាន់​ប៉ុណ្ណោះ"},{"$i":"emergency-call-error","$v":[{"t":"idOrVar","v":"number"}," មិន​មែន​ជា​លេខ​ទាក់ទង​បន្ទាន់​ទេ។"]},{"$i":"numberIsBusyTitle","$v":"លេខ​ជាប់​រវល់"},{"$i":"numberIsBusyMessage","$v":"ឥឡូវ លេខ​កំពុង​ជាប់​រវល់។ សូម​ព្យាយាម​ម្ដង​ទៀត​ពេល​ក្រោយ។"},{"$i":"fdnIsActiveTitle","$v":"FDN ដែល​ដំណើរការ"},{"$i":"fdnIsActiveMessage","$v":["FDN (លេខ​ហៅ​ដែល​បាន​កំណត់) ត្រូវ​បាន​ដាក់​ដំណើរការ ហើយ​លេខ​ដូច​ត​ទៅ​មិន​ស្ថិត​នៅ​ក្នុង​បញ្ជី FDN អ្នក​ទេ៖ ",{"t":"idOrVar","v":"number"}]},{"$i":"otherConnectionInUseTitle","$v":"ការភ្ជាប់​ផ្សេង​ជាប់​ប្រើ"},{"$i":"otherConnectionInUseMessage","$v":"អ្នក​មាន​ការហៅ​ដំណើរការ​លើ​ការភ្ជាប់​មួយ​ទៀត។ អ្នក​អាច​ប្រើ​ការភ្ជាប់​ម្ដង​បាន​តែ​មួយ​ប៉ុណ្ណោះ។"},{"$i":"GenericFailure","$v":"បញ្ហា​ទូទៅ"},{"$i":"CallFailed","$v":"ការហៅ​មិន​បាន​សម្រេច"},{"$i":"weekday-0-long","$v":"Sunday"},{"$i":"weekday-1-long","$v":"Monday"},{"$i":"weekday-2-long","$v":"Tuesday"},{"$i":"weekday-3-long","$v":"Wednesday"},{"$i":"weekday-4-long","$v":"Thursday"},{"$i":"weekday-5-long","$v":"Friday"},{"$i":"weekday-6-long","$v":"Saturday"},{"$i":"weekday-0-short","$v":"Sun"},{"$i":"weekday-1-short","$v":"Mon"},{"$i":"weekday-2-short","$v":"Tue"},{"$i":"weekday-3-short","$v":"Wed"},{"$i":"weekday-4-short","$v":"Thu"},{"$i":"weekday-5-short","$v":"Fri"},{"$i":"weekday-6-short","$v":"Sat"},{"$i":"month-0-long","$v":"January"},{"$i":"month-1-long","$v":"February"},{"$i":"month-2-long","$v":"March"},{"$i":"month-3-long","$v":"April"},{"$i":"month-4-long","$v":"May"},{"$i":"month-5-long","$v":"June"},{"$i":"month-6-long","$v":"July"},{"$i":"month-7-long","$v":"August"},{"$i":"month-8-long","$v":"September"},{"$i":"month-9-long","$v":"October"},{"$i":"month-10-long","$v":"November"},{"$i":"month-11-long","$v":"December"},{"$i":"month-0-genitive","$v":"January"},{"$i":"month-1-genitive","$v":"February"},{"$i":"month-2-genitive","$v":"March"},{"$i":"month-3-genitive","$v":"April"},{"$i":"month-4-genitive","$v":"May"},{"$i":"month-5-genitive","$v":"June"},{"$i":"month-6-genitive","$v":"July"},{"$i":"month-7-genitive","$v":"August"},{"$i":"month-8-genitive","$v":"September"},{"$i":"month-9-genitive","$v":"October"},{"$i":"month-10-genitive","$v":"November"},{"$i":"month-11-genitive","$v":"December"},{"$i":"month-0-short","$v":"Jan"},{"$i":"month-1-short","$v":"Feb"},{"$i":"month-2-short","$v":"Mar"},{"$i":"month-3-short","$v":"Apr"},{"$i":"month-4-short","$v":"May"},{"$i":"month-5-short","$v":"Jun"},{"$i":"month-6-short","$v":"Jul"},{"$i":"month-7-short","$v":"Aug"},{"$i":"month-8-short","$v":"Sep"},{"$i":"month-9-short","$v":"Oct"},{"$i":"month-10-short","$v":"Nov"},{"$i":"month-11-short","$v":"Dec"},{"$i":"minutes-ago-long","$v":{"zero":"just now","one":"a minute ago","two":[{"t":"idOrVar","v":"value"}," minutes ago"],"few":[{"t":"idOrVar","v":"value"}," minutes ago"],"many":[{"t":"idOrVar","v":"value"}," minutes ago"],"other":[{"t":"idOrVar","v":"value"}," minutes ago"]},"$x":[{"t":"idOrVar","v":"plural"},"value"]},{"$i":"hours-ago-long","$v":{"zero":"just now","one":"an hour ago","two":[{"t":"idOrVar","v":"value"}," hours ago"],"few":[{"t":"idOrVar","v":"value"}," hours ago"],"many":[{"t":"idOrVar","v":"value"}," hours ago"],"other":[{"t":"idOrVar","v":"value"}," hours ago"]},"$x":[{"t":"idOrVar","v":"plural"},"value"]},{"$i":"days-ago-long","$v":{"zero":"today","one":"yesterday","two":[{"t":"idOrVar","v":"value"}," days ago"],"few":[{"t":"idOrVar","v":"value"}," days ago"],"many":[{"t":"idOrVar","v":"value"}," days ago"],"other":[{"t":"idOrVar","v":"value"}," days ago"]},"$x":[{"t":"idOrVar","v":"plural"},"value"]},{"$i":"weeks-ago-long","$v":{"zero":"this week","one":"last week","two":[{"t":"idOrVar","v":"value"}," weeks ago"],"few":[{"t":"idOrVar","v":"value"}," weeks ago"],"many":[{"t":"idOrVar","v":"value"}," weeks ago"],"other":[{"t":"idOrVar","v":"value"}," weeks ago"]},"$x":[{"t":"idOrVar","v":"plural"},"value"]},{"$i":"months-ago-long","$v":{"zero":"this month","one":"last month","two":[{"t":"idOrVar","v":"value"}," months ago"],"few":[{"t":"idOrVar","v":"value"}," months ago"],"many":[{"t":"idOrVar","v":"value"}," months ago"],"other":[{"t":"idOrVar","v":"value"}," months ago"]},"$x":[{"t":"idOrVar","v":"plural"},"value"]},{"$i":"years-ago-long","$v":{"zero":"this year","one":"last year","two":[{"t":"idOrVar","v":"value"}," years ago"],"few":[{"t":"idOrVar","v":"value"}," years ago"],"many":[{"t":"idOrVar","v":"value"}," years ago"],"other":[{"t":"idOrVar","v":"value"}," years ago"]},"$x":[{"t":"idOrVar","v":"plural"},"value"]},{"$i":"minutes-until-long","$v":{"zero":"now","one":"in a minute","two":["in ",{"t":"idOrVar","v":"value"}," minutes"],"few":["in ",{"t":"idOrVar","v":"value"}," minutes"],"many":["in ",{"t":"idOrVar","v":"value"}," minutes"],"other":["in ",{"t":"idOrVar","v":"value"}," minutes"]},"$x":[{"t":"idOrVar","v":"plural"},"value"]},{"$i":"hours-until-long","$v":{"zero":"now","one":"in an hour","two":["in ",{"t":"idOrVar","v":"value"}," hours"],"few":["in ",{"t":"idOrVar","v":"value"}," hours"],"many":["in ",{"t":"idOrVar","v":"value"}," hours"],"other":["in ",{"t":"idOrVar","v":"value"}," hours"]},"$x":[{"t":"idOrVar","v":"plural"},"value"]},{"$i":"days-until-long","$v":{"zero":"today","one":"tomorrow","two":["in ",{"t":"idOrVar","v":"value"}," days"],"few":["in ",{"t":"idOrVar","v":"value"}," days"],"many":["in ",{"t":"idOrVar","v":"value"}," days"],"other":["in ",{"t":"idOrVar","v":"value"}," days"]},"$x":[{"t":"idOrVar","v":"plural"},"value"]},{"$i":"weeks-until-long","$v":{"zero":"this week","one":"next week","two":["in ",{"t":"idOrVar","v":"value"}," weeks"],"few":["in ",{"t":"idOrVar","v":"value"}," weeks"],"many":["in ",{"t":"idOrVar","v":"value"}," weeks"],"other":["in ",{"t":"idOrVar","v":"value"}," weeks"]},"$x":[{"t":"idOrVar","v":"plural"},"value"]},{"$i":"months-until-long","$v":{"zero":"this month","one":"next month","two":["in ",{"t":"idOrVar","v":"value"}," months"],"few":["in ",{"t":"idOrVar","v":"value"}," months"],"many":["in ",{"t":"idOrVar","v":"value"}," months"],"other":["in ",{"t":"idOrVar","v":"value"}," months"]},"$x":[{"t":"idOrVar","v":"plural"},"value"]},{"$i":"years-until-long","$v":{"zero":"this year","one":"next year","two":["in ",{"t":"idOrVar","v":"value"}," years"],"few":["in ",{"t":"idOrVar","v":"value"}," years"],"many":["in ",{"t":"idOrVar","v":"value"}," years"],"other":["in ",{"t":"idOrVar","v":"value"}," years"]},"$x":[{"t":"idOrVar","v":"plural"},"value"]},{"$i":"minutes-ago-short","$v":{"zero":"just now","other":[{"t":"idOrVar","v":"value"},"m ago"]},"$x":[{"t":"idOrVar","v":"plural"},"value"]},{"$i":"hours-ago-short","$v":{"zero":"just now","other":[{"t":"idOrVar","v":"value"},"h ago"]},"$x":[{"t":"idOrVar","v":"plural"},"value"]},{"$i":"days-ago-short","$v":{"zero":"today","other":[{"t":"idOrVar","v":"value"},"d ago"]},"$x":[{"t":"idOrVar","v":"plural"},"value"]},{"$i":"minutes-until-short","$v":{"zero":"now","other":["in ",{"t":"idOrVar","v":"value"},"m"]},"$x":[{"t":"idOrVar","v":"plural"},"value"]},{"$i":"hours-until-short","$v":{"zero":"now","other":["in ",{"t":"idOrVar","v":"value"},"h"]},"$x":[{"t":"idOrVar","v":"plural"},"value"]},{"$i":"days-until-short","$v":{"zero":"today","other":["in ",{"t":"idOrVar","v":"value"},"d"]},"$x":[{"t":"idOrVar","v":"plural"},"value"]},{"$i":"incorrectDate","$v":"(incorrect date)"},{"$i":"dateTimeFormat_%c","$v":"%a %b %e %Y %I:%M:%S %p"},{"$i":"dateTimeFormat_%x","$v":"%m/%d/%Y"},{"$i":"dateTimeFormat_%X","$v":"%I:%M:%S %p"},{"$i":"shortTimeFormat","$v":"%I:%M %p"},{"$i":"shortTimeFormat12","$v":"%I:%M %p"},{"$i":"shortTimeFormat24","$v":"%H:%M"},{"$i":"shortDateTimeFormat","$v":"%x %I:%M %p"},{"$i":"weekStartsOnMonday","$v":"0"},{"$i":"firstDayOfTheWeek","$v":"0"},{"$i":"time_am","$v":"AM"},{"$i":"time_pm","$v":"PM"},{"$i":"sim-with-index-and-carrier","$v":["SIM ",{"t":"idOrVar","v":"index"}," - ",{"t":"idOrVar","v":"carrier"}]},{"$i":"sim-without-carrier","$v":["SIM ",{"t":"idOrVar","v":"index"}]}]