[{"$i":"callLog","$v":"ບັນທຶກການໂທ"},{"$i":"all","$v":"ທັງໝົດ"},{"$i":"missed","$v":"ບໍ່​ໄດ້​ຮັບ"},{"$i":"outgoing","$v":"ໂທອອກ"},{"$i":"incoming","$v":"ໄດ້​ຮັບ"},{"$i":"missedCall","$v":"ສາຍບໍ່ໄດ້ຮັບ"},{"$i":"outgoingCall","$v":"ສາຍໂທອອກ"},{"$i":"incomingCall","$v":"ສາຍໂທເຂົ້າ"},{"$i":"rttCall","$v":"ການໂທ RTT"},{"$i":"rtt-call","$v":"ການໂທ RTT"},{"$i":"videoCall","$v":"ໂທວິດີໂອ"},{"$i":"call","$v":"ໂທ"},{"$i":"options","$v":"ຕົວເລືອກ"},{"$i":"callInformation","$v":"ຂໍ້ມູນການໂທ"},{"$i":"sendSms","$v":"ສົ່ງ​ຂໍ້​ຄວາມ"},{"$i":"createNewContact","$v":"ສ້າງລ່າຍຊື່ຜູ້ຕິດຕໍ່ໃໝ່"},{"$i":"addToExistingContact","$v":"ເພີ່ມເຂົ້າລາຍຊື່ຜູ້ຕິດຕໍ່ທີ່ມີແລ້ວ"},{"$i":"editCalllog","$v":"ແກ້ໄຂບັນທຶກການໂທ"},{"$i":"numberType","$v":[{"t":"idOrVar","v":"type"},", ",{"t":"idOrVar","v":"number"}]},{"$i":"withheld-number","$v":"ບໍ່ຮູ້ຈັກ"},{"$i":"unknown","$v":"ບໍ່ຮູ້ຈັກ"},{"$i":"today","$v":"ມື້ນີ້"},{"$i":"yesterday","$v":"ມື້ວານ"},{"$i":"no-logs-msg-1","$v":"ບໍ່ມີການບັນທຶກການໂທ"},{"$i":"no-logs-msg-2","$v":"ເລີ່ມຕົ້ນການສື່ສານດຽວນີ້"},{"$i":"voicemail","$v":"ຂໍ້ຄວາມສຽງ"},{"$i":"emergencyNumber","$v":"ເບີໂທສຸກເສີນ"},{"$i":"select","$v":"ເລືອກ"},{"$i":"calllog-all","$v":"ທັງໝົດ"},{"$i":"delete","$v":"ລຶບ"},{"$i":"deselect","$v":"ຍົກເລີກການເລືອກ"},{"$i":"calllog-none","$v":"ບໍ່ມີ"},{"$i":"checkedCount","$v":"selected"},{"$i":"confirmation","$v":"ຢືນຢັນ"},{"$i":"deleteLog","$v":"ທ່ານໝັ້ນໃຈ ຫຼືບໍ່ວ່າ ຕ້ອງ ການລຶບລາຍການທີ່ເລືອກ ອອກຈາກບັນທຶກການໂທ?"},{"$i":"delete-single-log","$v":["ທ່ານແນ່ໃຈບໍວ່າທ່ານຕ້ອງການລຶບ ",{"t":"idOrVar","v":"name"}," ຈາກບັນທຶກການໂທ?"]},{"$i":"blockContact","$v":"ທ່ານຈະບໍ່ໄດ້ຮັບໂທລະສັບ ແລະ ຂໍ້ຄວາມຈາກຄົນທີ່ຢູ່ໃນລາຍຊື່ບລັອກ."},{"$i":"no-recent-numbers","$v":"ບໍ່ມີເລກໝາຍຫຼ້າສຸດໃນປະຫວັດການໂທ ເພື່ອຈະໂທອອກ."},{"$i":"ok","$v":"ຕົກລົງ"},{"$i":"cancel","$v":"ຍົກເລີກ"},{"$i":"block","$v":"ປິດກັ້ນ"},{"$i":"unblock","$v":"Unblock"},{"$i":"deletedNotification","$v":[{"t":"idOrVar","v":"n"}," ລາຍການໄດ້ຖືກລຶບແລ້ວ"]},{"$i":"deletedNotification-1","$v":{"few":[{"t":"idOrVar","v":"n"}," ລາຍການໄດ້ຖືກລຶບແລ້ວ"],"many":[{"t":"idOrVar","v":"n"}," ລາຍການໄດ້ຖືກລຶບແລ້ວ"],"one":"1 ລາຍການຖືກລຶບອອກ","other":[{"t":"idOrVar","v":"n"}," ລາຍການໄດ້ຖືກລຶບແລ້ວ"],"two":[{"t":"idOrVar","v":"n"}," ລາຍການໄດ້ຖືກລຶບແລ້ວ"]},"$x":[{"t":"idOrVar","v":"plural"},"n"]},{"$i":"durationHours","$v":{"few":[{"t":"idOrVar","v":"value"}," ຊົ່ວໂມງ"],"many":[{"t":"idOrVar","v":"value"}," ຊົ່ວໂມງ"],"one":"1 ຊົ່ວໂມງ","other":[{"t":"idOrVar","v":"value"}," ຊົ່ວໂມງ"],"two":[{"t":"idOrVar","v":"value"}," ຊົ່ວໂມງ"],"zero":"0 ຊົ່ວໂມງ"},"$x":[{"t":"idOrVar","v":"plural"},"value"]},{"$i":"durationMinutes","$v":{"few":[{"t":"idOrVar","v":"value"}," ນາທີ"],"many":[{"t":"idOrVar","v":"value"}," ນາທີ"],"one":"1 ນາທີ","other":[{"t":"idOrVar","v":"value"}," ນາທີ"],"two":[{"t":"idOrVar","v":"value"}," ນາທີ"],"zero":"0 ນາທີ"},"$x":[{"t":"idOrVar","v":"plural"},"value"]},{"$i":"durationSeconds","$v":{"few":[{"t":"idOrVar","v":"value"}," ຊົ່ວໂມງ"],"many":[{"t":"idOrVar","v":"value"}," ຊົ່ວໂມງ"],"one":"1 ວິນາທີ","other":[{"t":"idOrVar","v":"value"}," ຊົ່ວໂມງ"],"two":[{"t":"idOrVar","v":"value"}," ຊົ່ວໂມງ"],"zero":"0 ວິນາທີ"},"$x":[{"t":"idOrVar","v":"plural"},"value"]},{"$i":"mobile","$v":"ໂທລະສັບມືຖື"},{"$i":"home","$v":"ໜ້າຫລັກ"},{"$i":"work","$v":"ວຽກງານ"},{"$i":"personal","$v":"ຄວາມເປັນສ່ວນຕົວ"},{"$i":"other","$v":"ອື່ນ"},{"$i":"fax-home","$v":"ໂທລະສານບ້ານ"},{"$i":"fax-office","$v":"ໂທລະຫານຫ້ອງການ"},{"$i":"fax-other","$v":"ໂທລະສານອື່ນໆ"},{"$i":"numberBlockedMessage","$v":"ໝາຍ ເລກນີ້ຖືກບລັອກ. ທ່ານສາມາດຂໍອະນຸຍາດຈາກພໍ່ແມ່ຂອງທ່ານ."},{"$i":"callAirplaneModeTitle","$v":"ໂໝດເຄື່ອງບິນເປີດໃຊ້ງານແລ້ວ"},{"$i":"callAirplaneModeMessage","$v":"ເພື່ອຈະໂທ ທ່ານຕ້ອງປິດໂໝດເຄື່ອງບິນໃນການຕັ້ງຄ່າ"},{"$i":"emergencyDialogTitle","$v":"ເຄືອຂ່າຍບໍ່ເຊື່ອມຕໍ່"},{"$i":"emergencyDialogBodyBadNumber","$v":"ເມື່ອຕ້ອງການໂທ, ໂທລະສັບຕ້ອງເຊື່ອມຕໍ່ກັບເຄືອຂ່າຍ."},{"$i":"emergencyDialogBodyDeviceNotAccepted","$v":"ການໂທສຸກເສີນບໍ່ໄດ້ຮັບອະນຸຍາດຈາກເຄືອຂ່າຍ."},{"$i":"invalidNumberToDialTitle","$v":"ເລກໝາຍໂທລະສັບບໍ່ຖືກຕ້ອງ"},{"$i":"invalidNumberToDialMessage","$v":"ເລກໝາຍໂທລະສັບທີ່ທ່ານກຳລັງໂທບໍ່ຖືກຕ້ອງ."},{"$i":"emergency-call-only","$v":"ສະເພາະການໂທສຸກເສີນ"},{"$i":"emergency-call-error","$v":[{"t":"idOrVar","v":"number"}," ບໍ່ແມ່ນເບີໂທສຸກເສີນ."]},{"$i":"numberIsBusyTitle","$v":"ເບີໂທລະສັບຍັງບໍ່ວ່າງ"},{"$i":"numberIsBusyMessage","$v":"ເບີທີ່ທ່ານເອີ້ນຍັງບໍ່ຫວ່າງ. ກະລຸນາໂທໃໝ່ໃນຄັ້ງໜ້າ."},{"$i":"fdnIsActiveTitle","$v":"FDN ຖືກນຳໃຊ້ຢູ່"},{"$i":"fdnIsActiveMessage","$v":["FDN (ເບີກຳນົດແທນເບີໂທ) ໄດ້ຖືກເປີດນຳໃຊ້ ແລະເບີດັ່ງຕໍ່ໄປນີ້ ແມ່ນບໍ່ຢູ່ໃນ ລາຍການ FDN ຂອງທ່ານ: ",{"t":"idOrVar","v":"number"}]},{"$i":"otherConnectionInUseTitle","$v":"ການເຊື່ອມຕໍ່ອື່ນກຳລັງໃຊ້ງານ"},{"$i":"otherConnectionInUseMessage","$v":"ທ່ານມີສາຍທີ່ໃຊ້ງານໄດ້ໃນການເຊື່ອມຕໍ່ກັບສາຍອື່ນໆ. ທ່ານສາມາດໃຊ້ການເຊື່ອມຕໍ່ໄດ້ພຽງຄັ້ງລະເທື່ອເທົ່ານັ້ນ."},{"$i":"GenericFailure","$v":"ຄວາມລົ້ມເຫຼວທົ່ວໄປ"},{"$i":"CallFailed","$v":"ໂທບໍ່ສຳເລັດ"},{"$i":"weekday-0-long","$v":"Sunday"},{"$i":"weekday-1-long","$v":"Monday"},{"$i":"weekday-2-long","$v":"Tuesday"},{"$i":"weekday-3-long","$v":"Wednesday"},{"$i":"weekday-4-long","$v":"Thursday"},{"$i":"weekday-5-long","$v":"Friday"},{"$i":"weekday-6-long","$v":"Saturday"},{"$i":"weekday-0-short","$v":"Sun"},{"$i":"weekday-1-short","$v":"Mon"},{"$i":"weekday-2-short","$v":"Tue"},{"$i":"weekday-3-short","$v":"Wed"},{"$i":"weekday-4-short","$v":"Thu"},{"$i":"weekday-5-short","$v":"Fri"},{"$i":"weekday-6-short","$v":"Sat"},{"$i":"month-0-long","$v":"January"},{"$i":"month-1-long","$v":"February"},{"$i":"month-2-long","$v":"March"},{"$i":"month-3-long","$v":"April"},{"$i":"month-4-long","$v":"May"},{"$i":"month-5-long","$v":"June"},{"$i":"month-6-long","$v":"July"},{"$i":"month-7-long","$v":"August"},{"$i":"month-8-long","$v":"September"},{"$i":"month-9-long","$v":"October"},{"$i":"month-10-long","$v":"November"},{"$i":"month-11-long","$v":"December"},{"$i":"month-0-genitive","$v":"January"},{"$i":"month-1-genitive","$v":"February"},{"$i":"month-2-genitive","$v":"March"},{"$i":"month-3-genitive","$v":"April"},{"$i":"month-4-genitive","$v":"May"},{"$i":"month-5-genitive","$v":"June"},{"$i":"month-6-genitive","$v":"July"},{"$i":"month-7-genitive","$v":"August"},{"$i":"month-8-genitive","$v":"September"},{"$i":"month-9-genitive","$v":"October"},{"$i":"month-10-genitive","$v":"November"},{"$i":"month-11-genitive","$v":"December"},{"$i":"month-0-short","$v":"Jan"},{"$i":"month-1-short","$v":"Feb"},{"$i":"month-2-short","$v":"Mar"},{"$i":"month-3-short","$v":"Apr"},{"$i":"month-4-short","$v":"May"},{"$i":"month-5-short","$v":"Jun"},{"$i":"month-6-short","$v":"Jul"},{"$i":"month-7-short","$v":"Aug"},{"$i":"month-8-short","$v":"Sep"},{"$i":"month-9-short","$v":"Oct"},{"$i":"month-10-short","$v":"Nov"},{"$i":"month-11-short","$v":"Dec"},{"$i":"minutes-ago-long","$v":{"zero":"just now","one":"a minute ago","two":[{"t":"idOrVar","v":"value"}," minutes ago"],"few":[{"t":"idOrVar","v":"value"}," minutes ago"],"many":[{"t":"idOrVar","v":"value"}," minutes ago"],"other":[{"t":"idOrVar","v":"value"}," minutes ago"]},"$x":[{"t":"idOrVar","v":"plural"},"value"]},{"$i":"hours-ago-long","$v":{"zero":"just now","one":"an hour ago","two":[{"t":"idOrVar","v":"value"}," hours ago"],"few":[{"t":"idOrVar","v":"value"}," hours ago"],"many":[{"t":"idOrVar","v":"value"}," hours ago"],"other":[{"t":"idOrVar","v":"value"}," hours ago"]},"$x":[{"t":"idOrVar","v":"plural"},"value"]},{"$i":"days-ago-long","$v":{"zero":"today","one":"yesterday","two":[{"t":"idOrVar","v":"value"}," days ago"],"few":[{"t":"idOrVar","v":"value"}," days ago"],"many":[{"t":"idOrVar","v":"value"}," days ago"],"other":[{"t":"idOrVar","v":"value"}," days ago"]},"$x":[{"t":"idOrVar","v":"plural"},"value"]},{"$i":"weeks-ago-long","$v":{"zero":"this week","one":"last week","two":[{"t":"idOrVar","v":"value"}," weeks ago"],"few":[{"t":"idOrVar","v":"value"}," weeks ago"],"many":[{"t":"idOrVar","v":"value"}," weeks ago"],"other":[{"t":"idOrVar","v":"value"}," weeks ago"]},"$x":[{"t":"idOrVar","v":"plural"},"value"]},{"$i":"months-ago-long","$v":{"zero":"this month","one":"last month","two":[{"t":"idOrVar","v":"value"}," months ago"],"few":[{"t":"idOrVar","v":"value"}," months ago"],"many":[{"t":"idOrVar","v":"value"}," months ago"],"other":[{"t":"idOrVar","v":"value"}," months ago"]},"$x":[{"t":"idOrVar","v":"plural"},"value"]},{"$i":"years-ago-long","$v":{"zero":"this year","one":"last year","two":[{"t":"idOrVar","v":"value"}," years ago"],"few":[{"t":"idOrVar","v":"value"}," years ago"],"many":[{"t":"idOrVar","v":"value"}," years ago"],"other":[{"t":"idOrVar","v":"value"}," years ago"]},"$x":[{"t":"idOrVar","v":"plural"},"value"]},{"$i":"minutes-until-long","$v":{"zero":"now","one":"in a minute","two":["in ",{"t":"idOrVar","v":"value"}," minutes"],"few":["in ",{"t":"idOrVar","v":"value"}," minutes"],"many":["in ",{"t":"idOrVar","v":"value"}," minutes"],"other":["in ",{"t":"idOrVar","v":"value"}," minutes"]},"$x":[{"t":"idOrVar","v":"plural"},"value"]},{"$i":"hours-until-long","$v":{"zero":"now","one":"in an hour","two":["in ",{"t":"idOrVar","v":"value"}," hours"],"few":["in ",{"t":"idOrVar","v":"value"}," hours"],"many":["in ",{"t":"idOrVar","v":"value"}," hours"],"other":["in ",{"t":"idOrVar","v":"value"}," hours"]},"$x":[{"t":"idOrVar","v":"plural"},"value"]},{"$i":"days-until-long","$v":{"zero":"today","one":"tomorrow","two":["in ",{"t":"idOrVar","v":"value"}," days"],"few":["in ",{"t":"idOrVar","v":"value"}," days"],"many":["in ",{"t":"idOrVar","v":"value"}," days"],"other":["in ",{"t":"idOrVar","v":"value"}," days"]},"$x":[{"t":"idOrVar","v":"plural"},"value"]},{"$i":"weeks-until-long","$v":{"zero":"this week","one":"next week","two":["in ",{"t":"idOrVar","v":"value"}," weeks"],"few":["in ",{"t":"idOrVar","v":"value"}," weeks"],"many":["in ",{"t":"idOrVar","v":"value"}," weeks"],"other":["in ",{"t":"idOrVar","v":"value"}," weeks"]},"$x":[{"t":"idOrVar","v":"plural"},"value"]},{"$i":"months-until-long","$v":{"zero":"this month","one":"next month","two":["in ",{"t":"idOrVar","v":"value"}," months"],"few":["in ",{"t":"idOrVar","v":"value"}," months"],"many":["in ",{"t":"idOrVar","v":"value"}," months"],"other":["in ",{"t":"idOrVar","v":"value"}," months"]},"$x":[{"t":"idOrVar","v":"plural"},"value"]},{"$i":"years-until-long","$v":{"zero":"this year","one":"next year","two":["in ",{"t":"idOrVar","v":"value"}," years"],"few":["in ",{"t":"idOrVar","v":"value"}," years"],"many":["in ",{"t":"idOrVar","v":"value"}," years"],"other":["in ",{"t":"idOrVar","v":"value"}," years"]},"$x":[{"t":"idOrVar","v":"plural"},"value"]},{"$i":"minutes-ago-short","$v":{"zero":"just now","other":[{"t":"idOrVar","v":"value"},"m ago"]},"$x":[{"t":"idOrVar","v":"plural"},"value"]},{"$i":"hours-ago-short","$v":{"zero":"just now","other":[{"t":"idOrVar","v":"value"},"h ago"]},"$x":[{"t":"idOrVar","v":"plural"},"value"]},{"$i":"days-ago-short","$v":{"zero":"today","other":[{"t":"idOrVar","v":"value"},"d ago"]},"$x":[{"t":"idOrVar","v":"plural"},"value"]},{"$i":"minutes-until-short","$v":{"zero":"now","other":["in ",{"t":"idOrVar","v":"value"},"m"]},"$x":[{"t":"idOrVar","v":"plural"},"value"]},{"$i":"hours-until-short","$v":{"zero":"now","other":["in ",{"t":"idOrVar","v":"value"},"h"]},"$x":[{"t":"idOrVar","v":"plural"},"value"]},{"$i":"days-until-short","$v":{"zero":"today","other":["in ",{"t":"idOrVar","v":"value"},"d"]},"$x":[{"t":"idOrVar","v":"plural"},"value"]},{"$i":"incorrectDate","$v":"(incorrect date)"},{"$i":"dateTimeFormat_%c","$v":"%a %b %e %Y %I:%M:%S %p"},{"$i":"dateTimeFormat_%x","$v":"%m/%d/%Y"},{"$i":"dateTimeFormat_%X","$v":"%I:%M:%S %p"},{"$i":"shortTimeFormat","$v":"%I:%M %p"},{"$i":"shortTimeFormat12","$v":"%I:%M %p"},{"$i":"shortTimeFormat24","$v":"%H:%M"},{"$i":"shortDateTimeFormat","$v":"%x %I:%M %p"},{"$i":"weekStartsOnMonday","$v":"0"},{"$i":"firstDayOfTheWeek","$v":"0"},{"$i":"time_am","$v":"AM"},{"$i":"time_pm","$v":"PM"},{"$i":"sim-with-index-and-carrier","$v":["SIM ",{"t":"idOrVar","v":"index"}," - ",{"t":"idOrVar","v":"carrier"}]},{"$i":"sim-without-carrier","$v":["SIM ",{"t":"idOrVar","v":"index"}]}]