[{"$i":"callLog","$v":"Zvanu žurnāls"},{"$i":"all","$v":"Visi"},{"$i":"missed","$v":"Neatbildētie"},{"$i":"outgoing","$v":"Numurs sastādīts"},{"$i":"incoming","$v":"Saņemts"},{"$i":"missedCall","$v":"Neatbildēts zvans"},{"$i":"outgoingCall","$v":"Izejošais zvans"},{"$i":"incomingCall","$v":"Ienākošais zvans"},{"$i":"rttCall","$v":"RTT zvans"},{"$i":"rtt-call","$v":"RTT ZVANS"},{"$i":"videoCall","$v":"Videozvans"},{"$i":"call","$v":"Zvanīt"},{"$i":"options","$v":"Iespējas"},{"$i":"callInformation","$v":"Zvanu informācija"},{"$i":"sendSms","$v":"Sūtīt ziņu"},{"$i":"createNewContact","$v":"Izveidot jaunu kontaktu"},{"$i":"addToExistingContact","$v":"Pievienot esošai kontaktpersonai"},{"$i":"editCalllog","$v":"Rediģēt zvanu žurnālu"},{"$i":"numberType","$v":[{"t":"idOrVar","v":"type"},", ",{"t":"idOrVar","v":"number"}]},{"$i":"withheld-number","$v":"Nezināms"},{"$i":"unknown","$v":"Nezināms"},{"$i":"today","$v":"Šodien"},{"$i":"yesterday","$v":"Vakar"},{"$i":"no-logs-msg-1","$v":"Netika ierakstīts neviens zvans"},{"$i":"no-logs-msg-2","$v":"Sāciet sazināties tagad"},{"$i":"voicemail","$v":"Balss pasts"},{"$i":"emergencyNumber","$v":"Ārkārtas numurs"},{"$i":"select","$v":"Izvēlēties"},{"$i":"calllog-all","$v":"Visi"},{"$i":"delete","$v":"Dzēst"},{"$i":"deselect","$v":"Noņemt izvēli"},{"$i":"calllog-none","$v":"Nav"},{"$i":"checkedCount","$v":"selected"},{"$i":"confirmation","$v":"Apstiprinājums"},{"$i":"deleteLog","$v":"Vai tiešām vēlaties dzēst atlasītos ierakstus no zvanu žurnāla?"},{"$i":"delete-single-log","$v":["Vai tiešām vēlaties dzēst ",{"t":"idOrVar","v":"name"}," no zvanu žurnāla?"]},{"$i":"blockContact","$v":"Jūs nesaņemsiet tālruņa zvanus, ziņojumus no personām, kas iekļautas bloķēto sarakstā."},{"$i":"no-recent-numbers","$v":"Sarunu žurnālā nav pēdējo numuru, ko izsaukt."},{"$i":"ok","$v":"LABI"},{"$i":"cancel","$v":"Atcelt"},{"$i":"block","$v":"Bloķēt"},{"$i":"unblock","$v":"Atbloķēt"},{"$i":"deletedNotification","$v":[{"t":"idOrVar","v":"n"}," ieraksti tika dzēsti"]},{"$i":"deletedNotification-1","$v":{"few":[{"t":"idOrVar","v":"n"}," ieraksti tika dzēsti"],"many":[{"t":"idOrVar","v":"n"}," ieraksti tika dzēsti"],"one":"Tika izdzēsts 1 ieraksts","other":[{"t":"idOrVar","v":"n"}," ieraksti tika dzēsti"],"two":[{"t":"idOrVar","v":"n"}," ieraksti tika dzēsti"]},"$x":[{"t":"idOrVar","v":"plural"},"n"]},{"$i":"durationHours","$v":{"few":[{"t":"idOrVar","v":"value"}," stundas"],"many":[{"t":"idOrVar","v":"value"}," stundas"],"one":"1 stunda","other":[{"t":"idOrVar","v":"value"}," stundas"],"two":[{"t":"idOrVar","v":"value"}," stundas"],"zero":"0 stunda"},"$x":[{"t":"idOrVar","v":"plural"},"value"]},{"$i":"durationMinutes","$v":{"few":[{"t":"idOrVar","v":"value"}," min"],"many":[{"t":"idOrVar","v":"value"}," min"],"one":"1 minūte","other":[{"t":"idOrVar","v":"value"}," min"],"two":[{"t":"idOrVar","v":"value"}," min"],"zero":"0 minūte"},"$x":[{"t":"idOrVar","v":"plural"},"value"]},{"$i":"durationSeconds","$v":{"few":[{"t":"idOrVar","v":"value"}," stundas"],"many":[{"t":"idOrVar","v":"value"}," stundas"],"one":"1 sekunde","other":[{"t":"idOrVar","v":"value"}," stundas"],"two":[{"t":"idOrVar","v":"value"}," stundas"],"zero":"0 sekunde"},"$x":[{"t":"idOrVar","v":"plural"},"value"]},{"$i":"mobile","$v":"Mobilais tālrunis"},{"$i":"home","$v":"Mājas"},{"$i":"work","$v":"Darbs"},{"$i":"personal","$v":"Personiski"},{"$i":"other","$v":"Cits"},{"$i":"fax-home","$v":"Fakss mājās"},{"$i":"fax-office","$v":"Faksa birojā"},{"$i":"fax-other","$v":"Fakss cits"},{"$i":"numberBlockedMessage","$v":"Šis numurs ir bloķēts. Jūs varat lūgt vecāku atļauju."},{"$i":"callAirplaneModeTitle","$v":"Lidmašīnas režīms ir aktivizēts"},{"$i":"callAirplaneModeMessage","$v":"Lai veiktu zvanu, sadaļā Uzstādījumi nepieciešams deaktivizēt lidmašīnas režīmu."},{"$i":"emergencyDialogTitle","$v":"Nav tīkla savienojuma"},{"$i":"emergencyDialogBodyBadNumber","$v":"Lai veiktu zvanu, tālrunim jābūt savienotam ar tīklu."},{"$i":"emergencyDialogBodyDeviceNotAccepted","$v":"Tīklā ārkārtas zvani nav atļauti."},{"$i":"invalidNumberToDialTitle","$v":"Nederīgs tālruņa numurs"},{"$i":"invalidNumberToDialMessage","$v":"Jūsu izsauktais tālruņa numurs nav derīgs."},{"$i":"emergency-call-only","$v":"Tikai ārkārtas zvans"},{"$i":"emergency-call-error","$v":[{"t":"idOrVar","v":"number"}," nav ārkārtas numurs."]},{"$i":"numberIsBusyTitle","$v":"Numurs ir aizņemts"},{"$i":"numberIsBusyMessage","$v":"Pašlaik šis numurs ir aizņemts. Vēlāk mēģiniet vēlreiz."},{"$i":"fdnIsActiveTitle","$v":"FDN aktīvs"},{"$i":"fdnIsActiveMessage","$v":["FDN (Fixed Dialling Numbers — fiksēto zvanu numuri) ir aktivizēti, bet šis numurs nav iekļauts jūsu FDN sarakstā: ",{"t":"idOrVar","v":"number"}]},{"$i":"otherConnectionInUseTitle","$v":"Izmanto citu savienojumu"},{"$i":"otherConnectionInUseMessage","$v":"Jums ir aktīvs zvans citā savienojumā. Vienlaikus varat izmantot tikai vienu savienojumu."},{"$i":"GenericFailure","$v":"Vispārēja kļūme"},{"$i":"CallFailed","$v":"Zvans neizdevās"},{"$i":"weekday-0-long","$v":"Sunday"},{"$i":"weekday-1-long","$v":"Monday"},{"$i":"weekday-2-long","$v":"Tuesday"},{"$i":"weekday-3-long","$v":"Wednesday"},{"$i":"weekday-4-long","$v":"Thursday"},{"$i":"weekday-5-long","$v":"Friday"},{"$i":"weekday-6-long","$v":"Saturday"},{"$i":"weekday-0-short","$v":"Sun"},{"$i":"weekday-1-short","$v":"Mon"},{"$i":"weekday-2-short","$v":"Tue"},{"$i":"weekday-3-short","$v":"Wed"},{"$i":"weekday-4-short","$v":"Thu"},{"$i":"weekday-5-short","$v":"Fri"},{"$i":"weekday-6-short","$v":"Sat"},{"$i":"month-0-long","$v":"January"},{"$i":"month-1-long","$v":"February"},{"$i":"month-2-long","$v":"March"},{"$i":"month-3-long","$v":"April"},{"$i":"month-4-long","$v":"May"},{"$i":"month-5-long","$v":"June"},{"$i":"month-6-long","$v":"July"},{"$i":"month-7-long","$v":"August"},{"$i":"month-8-long","$v":"September"},{"$i":"month-9-long","$v":"October"},{"$i":"month-10-long","$v":"November"},{"$i":"month-11-long","$v":"December"},{"$i":"month-0-genitive","$v":"January"},{"$i":"month-1-genitive","$v":"February"},{"$i":"month-2-genitive","$v":"March"},{"$i":"month-3-genitive","$v":"April"},{"$i":"month-4-genitive","$v":"May"},{"$i":"month-5-genitive","$v":"June"},{"$i":"month-6-genitive","$v":"July"},{"$i":"month-7-genitive","$v":"August"},{"$i":"month-8-genitive","$v":"September"},{"$i":"month-9-genitive","$v":"October"},{"$i":"month-10-genitive","$v":"November"},{"$i":"month-11-genitive","$v":"December"},{"$i":"month-0-short","$v":"Jan"},{"$i":"month-1-short","$v":"Feb"},{"$i":"month-2-short","$v":"Mar"},{"$i":"month-3-short","$v":"Apr"},{"$i":"month-4-short","$v":"May"},{"$i":"month-5-short","$v":"Jun"},{"$i":"month-6-short","$v":"Jul"},{"$i":"month-7-short","$v":"Aug"},{"$i":"month-8-short","$v":"Sep"},{"$i":"month-9-short","$v":"Oct"},{"$i":"month-10-short","$v":"Nov"},{"$i":"month-11-short","$v":"Dec"},{"$i":"minutes-ago-long","$v":{"zero":"just now","one":"a minute ago","two":[{"t":"idOrVar","v":"value"}," minutes ago"],"few":[{"t":"idOrVar","v":"value"}," minutes ago"],"many":[{"t":"idOrVar","v":"value"}," minutes ago"],"other":[{"t":"idOrVar","v":"value"}," minutes ago"]},"$x":[{"t":"idOrVar","v":"plural"},"value"]},{"$i":"hours-ago-long","$v":{"zero":"just now","one":"an hour ago","two":[{"t":"idOrVar","v":"value"}," hours ago"],"few":[{"t":"idOrVar","v":"value"}," hours ago"],"many":[{"t":"idOrVar","v":"value"}," hours ago"],"other":[{"t":"idOrVar","v":"value"}," hours ago"]},"$x":[{"t":"idOrVar","v":"plural"},"value"]},{"$i":"days-ago-long","$v":{"zero":"today","one":"yesterday","two":[{"t":"idOrVar","v":"value"}," days ago"],"few":[{"t":"idOrVar","v":"value"}," days ago"],"many":[{"t":"idOrVar","v":"value"}," days ago"],"other":[{"t":"idOrVar","v":"value"}," days ago"]},"$x":[{"t":"idOrVar","v":"plural"},"value"]},{"$i":"weeks-ago-long","$v":{"zero":"this week","one":"last week","two":[{"t":"idOrVar","v":"value"}," weeks ago"],"few":[{"t":"idOrVar","v":"value"}," weeks ago"],"many":[{"t":"idOrVar","v":"value"}," weeks ago"],"other":[{"t":"idOrVar","v":"value"}," weeks ago"]},"$x":[{"t":"idOrVar","v":"plural"},"value"]},{"$i":"months-ago-long","$v":{"zero":"this month","one":"last month","two":[{"t":"idOrVar","v":"value"}," months ago"],"few":[{"t":"idOrVar","v":"value"}," months ago"],"many":[{"t":"idOrVar","v":"value"}," months ago"],"other":[{"t":"idOrVar","v":"value"}," months ago"]},"$x":[{"t":"idOrVar","v":"plural"},"value"]},{"$i":"years-ago-long","$v":{"zero":"this year","one":"last year","two":[{"t":"idOrVar","v":"value"}," years ago"],"few":[{"t":"idOrVar","v":"value"}," years ago"],"many":[{"t":"idOrVar","v":"value"}," years ago"],"other":[{"t":"idOrVar","v":"value"}," years ago"]},"$x":[{"t":"idOrVar","v":"plural"},"value"]},{"$i":"minutes-until-long","$v":{"zero":"now","one":"in a minute","two":["in ",{"t":"idOrVar","v":"value"}," minutes"],"few":["in ",{"t":"idOrVar","v":"value"}," minutes"],"many":["in ",{"t":"idOrVar","v":"value"}," minutes"],"other":["in ",{"t":"idOrVar","v":"value"}," minutes"]},"$x":[{"t":"idOrVar","v":"plural"},"value"]},{"$i":"hours-until-long","$v":{"zero":"now","one":"in an hour","two":["in ",{"t":"idOrVar","v":"value"}," hours"],"few":["in ",{"t":"idOrVar","v":"value"}," hours"],"many":["in ",{"t":"idOrVar","v":"value"}," hours"],"other":["in ",{"t":"idOrVar","v":"value"}," hours"]},"$x":[{"t":"idOrVar","v":"plural"},"value"]},{"$i":"days-until-long","$v":{"zero":"today","one":"tomorrow","two":["in ",{"t":"idOrVar","v":"value"}," days"],"few":["in ",{"t":"idOrVar","v":"value"}," days"],"many":["in ",{"t":"idOrVar","v":"value"}," days"],"other":["in ",{"t":"idOrVar","v":"value"}," days"]},"$x":[{"t":"idOrVar","v":"plural"},"value"]},{"$i":"weeks-until-long","$v":{"zero":"this week","one":"next week","two":["in ",{"t":"idOrVar","v":"value"}," weeks"],"few":["in ",{"t":"idOrVar","v":"value"}," weeks"],"many":["in ",{"t":"idOrVar","v":"value"}," weeks"],"other":["in ",{"t":"idOrVar","v":"value"}," weeks"]},"$x":[{"t":"idOrVar","v":"plural"},"value"]},{"$i":"months-until-long","$v":{"zero":"this month","one":"next month","two":["in ",{"t":"idOrVar","v":"value"}," months"],"few":["in ",{"t":"idOrVar","v":"value"}," months"],"many":["in ",{"t":"idOrVar","v":"value"}," months"],"other":["in ",{"t":"idOrVar","v":"value"}," months"]},"$x":[{"t":"idOrVar","v":"plural"},"value"]},{"$i":"years-until-long","$v":{"zero":"this year","one":"next year","two":["in ",{"t":"idOrVar","v":"value"}," years"],"few":["in ",{"t":"idOrVar","v":"value"}," years"],"many":["in ",{"t":"idOrVar","v":"value"}," years"],"other":["in ",{"t":"idOrVar","v":"value"}," years"]},"$x":[{"t":"idOrVar","v":"plural"},"value"]},{"$i":"minutes-ago-short","$v":{"zero":"just now","other":[{"t":"idOrVar","v":"value"},"m ago"]},"$x":[{"t":"idOrVar","v":"plural"},"value"]},{"$i":"hours-ago-short","$v":{"zero":"just now","other":[{"t":"idOrVar","v":"value"},"h ago"]},"$x":[{"t":"idOrVar","v":"plural"},"value"]},{"$i":"days-ago-short","$v":{"zero":"today","other":[{"t":"idOrVar","v":"value"},"d ago"]},"$x":[{"t":"idOrVar","v":"plural"},"value"]},{"$i":"minutes-until-short","$v":{"zero":"now","other":["in ",{"t":"idOrVar","v":"value"},"m"]},"$x":[{"t":"idOrVar","v":"plural"},"value"]},{"$i":"hours-until-short","$v":{"zero":"now","other":["in ",{"t":"idOrVar","v":"value"},"h"]},"$x":[{"t":"idOrVar","v":"plural"},"value"]},{"$i":"days-until-short","$v":{"zero":"today","other":["in ",{"t":"idOrVar","v":"value"},"d"]},"$x":[{"t":"idOrVar","v":"plural"},"value"]},{"$i":"incorrectDate","$v":"(incorrect date)"},{"$i":"dateTimeFormat_%c","$v":"%a %b %e %Y %I:%M:%S %p"},{"$i":"dateTimeFormat_%x","$v":"%m/%d/%Y"},{"$i":"dateTimeFormat_%X","$v":"%I:%M:%S %p"},{"$i":"shortTimeFormat","$v":"%I:%M %p"},{"$i":"shortTimeFormat12","$v":"%I:%M %p"},{"$i":"shortTimeFormat24","$v":"%H:%M"},{"$i":"shortDateTimeFormat","$v":"%x %I:%M %p"},{"$i":"weekStartsOnMonday","$v":"0"},{"$i":"firstDayOfTheWeek","$v":"0"},{"$i":"time_am","$v":"AM"},{"$i":"time_pm","$v":"PM"},{"$i":"sim-with-index-and-carrier","$v":["SIM ",{"t":"idOrVar","v":"index"}," - ",{"t":"idOrVar","v":"carrier"}]},{"$i":"sim-without-carrier","$v":["SIM ",{"t":"idOrVar","v":"index"}]}]