[{"$i":"callLog","$v":"Log Panggilan"},{"$i":"all","$v":"Semua"},{"$i":"missed","$v":"Tidak dijawab"},{"$i":"outgoing","$v":"Didail"},{"$i":"incoming","$v":"Diterima"},{"$i":"missedCall","$v":"Panggilan tidak dijawab"},{"$i":"outgoingCall","$v":"Panggilan keluar"},{"$i":"incomingCall","$v":"Panggilan Masuk"},{"$i":"rttCall","$v":"Panggilan RTT"},{"$i":"rtt-call","$v":"PANGGILAN RTT"},{"$i":"videoCall","$v":"Panggilan video"},{"$i":"call","$v":"Panggil"},{"$i":"options","$v":"Pilihan"},{"$i":"callInformation","$v":"Maklumat Panggilan"},{"$i":"sendSms","$v":"Hantar Mesej"},{"$i":"createNewContact","$v":"Buat Kenalan Baharu"},{"$i":"addToExistingContact","$v":"Tambah ke Kenalan Sedia Ada"},{"$i":"editCalllog","$v":"Edit log panggilan"},{"$i":"numberType","$v":[{"t":"idOrVar","v":"type"},", ",{"t":"idOrVar","v":"number"}]},{"$i":"withheld-number","$v":"Tidak diketahui"},{"$i":"unknown","$v":"Tidak diketahui"},{"$i":"today","$v":"Hari ini"},{"$i":"yesterday","$v":"Semalam"},{"$i":"no-logs-msg-1","$v":"Tiada panggilan direkodkan"},{"$i":"no-logs-msg-2","$v":"Mula berkomunikasi sekarang"},{"$i":"voicemail","$v":"Mel suara"},{"$i":"emergencyNumber","$v":"Panggilan Kecemasan"},{"$i":"select","$v":"Pilih"},{"$i":"calllog-all","$v":"Semua"},{"$i":"delete","$v":"Padam"},{"$i":"deselect","$v":"Nyahpilih"},{"$i":"calllog-none","$v":"Tiada"},{"$i":"checkedCount","$v":"dipilih"},{"$i":"confirmation","$v":"Pengesahan"},{"$i":"deleteLog","$v":"Adakah anda pasti ingin memadam masukan terpilih daripada Log Panggilan?"},{"$i":"delete-single-log","$v":["Adakah anda pasti anda mahu memadam ",{"t":"idOrVar","v":"name"}," daripada Log Panggilan?"]},{"$i":"blockContact","$v":"Anda tidak akan menerima panggilan telefon, mesej daripada orang di senarai sekatan."},{"$i":"no-recent-numbers","$v":"Tiada nombor terbaharu dalam Log Panggilan untuk didail."},{"$i":"ok","$v":"OK"},{"$i":"cancel","$v":"Batal"},{"$i":"block","$v":"Sekat"},{"$i":"unblock","$v":"Buka sekatan"},{"$i":"deletedNotification","$v":[{"t":"idOrVar","v":"n"}," masukan dipadam"]},{"$i":"deletedNotification-1","$v":{"few":[{"t":"idOrVar","v":"n"}," masukan dipadam"],"many":[{"t":"idOrVar","v":"n"}," masukan dipadam"],"one":"1 entri telah dipadamkan","other":[{"t":"idOrVar","v":"n"}," masukan dipadam"],"two":[{"t":"idOrVar","v":"n"}," masukan dipadam"]},"$x":[{"t":"idOrVar","v":"plural"},"n"]},{"$i":"durationHours","$v":{"few":[{"t":"idOrVar","v":"value"}," jam"],"many":[{"t":"idOrVar","v":"value"}," jam"],"one":"1 jam","other":[{"t":"idOrVar","v":"value"}," jam"],"two":[{"t":"idOrVar","v":"value"}," jam"],"zero":"0 jam"},"$x":[{"t":"idOrVar","v":"plural"},"value"]},{"$i":"durationMinutes","$v":{"few":[{"t":"idOrVar","v":"value"}," minit"],"many":[{"t":"idOrVar","v":"value"}," minit"],"one":"1 minit","other":[{"t":"idOrVar","v":"value"}," minit"],"two":[{"t":"idOrVar","v":"value"}," minit"],"zero":"0 minit"},"$x":[{"t":"idOrVar","v":"plural"},"value"]},{"$i":"durationSeconds","$v":{"few":[{"t":"idOrVar","v":"value"}," saat"],"many":[{"t":"idOrVar","v":"value"}," saat"],"one":"1 saat","other":[{"t":"idOrVar","v":"value"}," saat"],"two":[{"t":"idOrVar","v":"value"}," saat"],"zero":"0 saat"},"$x":[{"t":"idOrVar","v":"plural"},"value"]},{"$i":"mobile","$v":"Mudah alih"},{"$i":"home","$v":"Rumah"},{"$i":"work","$v":"Kerja"},{"$i":"personal","$v":"Peribadi"},{"$i":"other","$v":"Lain-lain"},{"$i":"fax-home","$v":"Faks Rumah"},{"$i":"fax-office","$v":"Faks Pejabat"},{"$i":"fax-other","$v":"Faks lain"},{"$i":"numberBlockedMessage","$v":"Nombor ini disekat. Anda boleh meminta kebenaran ibu bapa anda."},{"$i":"callAirplaneModeTitle","$v":"Mod pesawat diaktifkan"},{"$i":"callAirplaneModeMessage","$v":"Untuk membuat panggilan, anda perlu menyahdayakan mod pesawat dalam tetapan."},{"$i":"emergencyDialogTitle","$v":"Tiada sambungan rangkaian"},{"$i":"emergencyDialogBodyBadNumber","$v":"Untuk membuat panggilan, telefon mestilah bersambung kepada rangkaian."},{"$i":"emergencyDialogBodyDeviceNotAccepted","$v":"Panggilan kecemasan tidak dibenarkan oleh rangkaian."},{"$i":"invalidNumberToDialTitle","$v":"Nombor telefon tidak sah"},{"$i":"invalidNumberToDialMessage","$v":"Nombor telefon yang anda panggil tidak sah."},{"$i":"emergency-call-only","$v":"Panggilan Kecemasan Sahaja"},{"$i":"emergency-call-error","$v":[{"t":"idOrVar","v":"number"}," bukan nombor kecemasan."]},{"$i":"numberIsBusyTitle","$v":"Nombor sibuk"},{"$i":"numberIsBusyMessage","$v":"Nombor tidak tersedia pada masa ini. Sila cuba lagi kemudian."},{"$i":"fdnIsActiveTitle","$v":"FDN aktif"},{"$i":"fdnIsActiveMessage","$v":["FDN (Nombor Dailan Tetap) diaktifkan dan nombor yang berikut tiada dalam senarai FDN anda: ",{"t":"idOrVar","v":"number"}]},{"$i":"otherConnectionInUseTitle","$v":"Sambungan yang satu lagi sedang digunakan"},{"$i":"otherConnectionInUseMessage","$v":"Anda mempunyai panggilan aktif dalam sambungan yang lain. Anda hanya boleh menggunakan satu sambungan pada satu-satu masa."},{"$i":"GenericFailure","$v":"Kegagalan generik"},{"$i":"CallFailed","$v":"Panggilan gagal"},{"$i":"weekday-0-long","$v":"Sunday"},{"$i":"weekday-1-long","$v":"Monday"},{"$i":"weekday-2-long","$v":"Tuesday"},{"$i":"weekday-3-long","$v":"Wednesday"},{"$i":"weekday-4-long","$v":"Thursday"},{"$i":"weekday-5-long","$v":"Friday"},{"$i":"weekday-6-long","$v":"Saturday"},{"$i":"weekday-0-short","$v":"Sun"},{"$i":"weekday-1-short","$v":"Mon"},{"$i":"weekday-2-short","$v":"Tue"},{"$i":"weekday-3-short","$v":"Wed"},{"$i":"weekday-4-short","$v":"Thu"},{"$i":"weekday-5-short","$v":"Fri"},{"$i":"weekday-6-short","$v":"Sat"},{"$i":"month-0-long","$v":"January"},{"$i":"month-1-long","$v":"February"},{"$i":"month-2-long","$v":"March"},{"$i":"month-3-long","$v":"April"},{"$i":"month-4-long","$v":"May"},{"$i":"month-5-long","$v":"June"},{"$i":"month-6-long","$v":"July"},{"$i":"month-7-long","$v":"August"},{"$i":"month-8-long","$v":"September"},{"$i":"month-9-long","$v":"October"},{"$i":"month-10-long","$v":"November"},{"$i":"month-11-long","$v":"December"},{"$i":"month-0-genitive","$v":"January"},{"$i":"month-1-genitive","$v":"February"},{"$i":"month-2-genitive","$v":"March"},{"$i":"month-3-genitive","$v":"April"},{"$i":"month-4-genitive","$v":"May"},{"$i":"month-5-genitive","$v":"June"},{"$i":"month-6-genitive","$v":"July"},{"$i":"month-7-genitive","$v":"August"},{"$i":"month-8-genitive","$v":"September"},{"$i":"month-9-genitive","$v":"October"},{"$i":"month-10-genitive","$v":"November"},{"$i":"month-11-genitive","$v":"December"},{"$i":"month-0-short","$v":"Jan"},{"$i":"month-1-short","$v":"Feb"},{"$i":"month-2-short","$v":"Mar"},{"$i":"month-3-short","$v":"Apr"},{"$i":"month-4-short","$v":"May"},{"$i":"month-5-short","$v":"Jun"},{"$i":"month-6-short","$v":"Jul"},{"$i":"month-7-short","$v":"Aug"},{"$i":"month-8-short","$v":"Sep"},{"$i":"month-9-short","$v":"Oct"},{"$i":"month-10-short","$v":"Nov"},{"$i":"month-11-short","$v":"Dec"},{"$i":"minutes-ago-long","$v":{"zero":"just now","one":"a minute ago","two":[{"t":"idOrVar","v":"value"}," minutes ago"],"few":[{"t":"idOrVar","v":"value"}," minutes ago"],"many":[{"t":"idOrVar","v":"value"}," minutes ago"],"other":[{"t":"idOrVar","v":"value"}," minutes ago"]},"$x":[{"t":"idOrVar","v":"plural"},"value"]},{"$i":"hours-ago-long","$v":{"zero":"just now","one":"an hour ago","two":[{"t":"idOrVar","v":"value"}," hours ago"],"few":[{"t":"idOrVar","v":"value"}," hours ago"],"many":[{"t":"idOrVar","v":"value"}," hours ago"],"other":[{"t":"idOrVar","v":"value"}," hours ago"]},"$x":[{"t":"idOrVar","v":"plural"},"value"]},{"$i":"days-ago-long","$v":{"zero":"today","one":"yesterday","two":[{"t":"idOrVar","v":"value"}," days ago"],"few":[{"t":"idOrVar","v":"value"}," days ago"],"many":[{"t":"idOrVar","v":"value"}," days ago"],"other":[{"t":"idOrVar","v":"value"}," days ago"]},"$x":[{"t":"idOrVar","v":"plural"},"value"]},{"$i":"weeks-ago-long","$v":{"zero":"this week","one":"last week","two":[{"t":"idOrVar","v":"value"}," weeks ago"],"few":[{"t":"idOrVar","v":"value"}," weeks ago"],"many":[{"t":"idOrVar","v":"value"}," weeks ago"],"other":[{"t":"idOrVar","v":"value"}," weeks ago"]},"$x":[{"t":"idOrVar","v":"plural"},"value"]},{"$i":"months-ago-long","$v":{"zero":"this month","one":"last month","two":[{"t":"idOrVar","v":"value"}," months ago"],"few":[{"t":"idOrVar","v":"value"}," months ago"],"many":[{"t":"idOrVar","v":"value"}," months ago"],"other":[{"t":"idOrVar","v":"value"}," months ago"]},"$x":[{"t":"idOrVar","v":"plural"},"value"]},{"$i":"years-ago-long","$v":{"zero":"this year","one":"last year","two":[{"t":"idOrVar","v":"value"}," years ago"],"few":[{"t":"idOrVar","v":"value"}," years ago"],"many":[{"t":"idOrVar","v":"value"}," years ago"],"other":[{"t":"idOrVar","v":"value"}," years ago"]},"$x":[{"t":"idOrVar","v":"plural"},"value"]},{"$i":"minutes-until-long","$v":{"zero":"now","one":"in a minute","two":["in ",{"t":"idOrVar","v":"value"}," minutes"],"few":["in ",{"t":"idOrVar","v":"value"}," minutes"],"many":["in ",{"t":"idOrVar","v":"value"}," minutes"],"other":["in ",{"t":"idOrVar","v":"value"}," minutes"]},"$x":[{"t":"idOrVar","v":"plural"},"value"]},{"$i":"hours-until-long","$v":{"zero":"now","one":"in an hour","two":["in ",{"t":"idOrVar","v":"value"}," hours"],"few":["in ",{"t":"idOrVar","v":"value"}," hours"],"many":["in ",{"t":"idOrVar","v":"value"}," hours"],"other":["in ",{"t":"idOrVar","v":"value"}," hours"]},"$x":[{"t":"idOrVar","v":"plural"},"value"]},{"$i":"days-until-long","$v":{"zero":"today","one":"tomorrow","two":["in ",{"t":"idOrVar","v":"value"}," days"],"few":["in ",{"t":"idOrVar","v":"value"}," days"],"many":["in ",{"t":"idOrVar","v":"value"}," days"],"other":["in ",{"t":"idOrVar","v":"value"}," days"]},"$x":[{"t":"idOrVar","v":"plural"},"value"]},{"$i":"weeks-until-long","$v":{"zero":"this week","one":"next week","two":["in ",{"t":"idOrVar","v":"value"}," weeks"],"few":["in ",{"t":"idOrVar","v":"value"}," weeks"],"many":["in ",{"t":"idOrVar","v":"value"}," weeks"],"other":["in ",{"t":"idOrVar","v":"value"}," weeks"]},"$x":[{"t":"idOrVar","v":"plural"},"value"]},{"$i":"months-until-long","$v":{"zero":"this month","one":"next month","two":["in ",{"t":"idOrVar","v":"value"}," months"],"few":["in ",{"t":"idOrVar","v":"value"}," months"],"many":["in ",{"t":"idOrVar","v":"value"}," months"],"other":["in ",{"t":"idOrVar","v":"value"}," months"]},"$x":[{"t":"idOrVar","v":"plural"},"value"]},{"$i":"years-until-long","$v":{"zero":"this year","one":"next year","two":["in ",{"t":"idOrVar","v":"value"}," years"],"few":["in ",{"t":"idOrVar","v":"value"}," years"],"many":["in ",{"t":"idOrVar","v":"value"}," years"],"other":["in ",{"t":"idOrVar","v":"value"}," years"]},"$x":[{"t":"idOrVar","v":"plural"},"value"]},{"$i":"minutes-ago-short","$v":{"zero":"just now","other":[{"t":"idOrVar","v":"value"},"m ago"]},"$x":[{"t":"idOrVar","v":"plural"},"value"]},{"$i":"hours-ago-short","$v":{"zero":"just now","other":[{"t":"idOrVar","v":"value"},"h ago"]},"$x":[{"t":"idOrVar","v":"plural"},"value"]},{"$i":"days-ago-short","$v":{"zero":"today","other":[{"t":"idOrVar","v":"value"},"d ago"]},"$x":[{"t":"idOrVar","v":"plural"},"value"]},{"$i":"minutes-until-short","$v":{"zero":"now","other":["in ",{"t":"idOrVar","v":"value"},"m"]},"$x":[{"t":"idOrVar","v":"plural"},"value"]},{"$i":"hours-until-short","$v":{"zero":"now","other":["in ",{"t":"idOrVar","v":"value"},"h"]},"$x":[{"t":"idOrVar","v":"plural"},"value"]},{"$i":"days-until-short","$v":{"zero":"today","other":["in ",{"t":"idOrVar","v":"value"},"d"]},"$x":[{"t":"idOrVar","v":"plural"},"value"]},{"$i":"incorrectDate","$v":"(incorrect date)"},{"$i":"dateTimeFormat_%c","$v":"%a %b %e %Y %I:%M:%S %p"},{"$i":"dateTimeFormat_%x","$v":"%m/%d/%Y"},{"$i":"dateTimeFormat_%X","$v":"%I:%M:%S %p"},{"$i":"shortTimeFormat","$v":"%I:%M %p"},{"$i":"shortTimeFormat12","$v":"%I:%M %p"},{"$i":"shortTimeFormat24","$v":"%H:%M"},{"$i":"shortDateTimeFormat","$v":"%x %I:%M %p"},{"$i":"weekStartsOnMonday","$v":"0"},{"$i":"firstDayOfTheWeek","$v":"0"},{"$i":"time_am","$v":"AM"},{"$i":"time_pm","$v":"PM"},{"$i":"sim-with-index-and-carrier","$v":["SIM ",{"t":"idOrVar","v":"index"}," - ",{"t":"idOrVar","v":"carrier"}]},{"$i":"sim-without-carrier","$v":["SIM ",{"t":"idOrVar","v":"index"}]}]