[{"$i":"callLog","$v":"Jurnal de apeluri"},{"$i":"all","$v":"Toate"},{"$i":"missed","$v":"Pierdute"},{"$i":"outgoing","$v":"Efectuate"},{"$i":"incoming","$v":"Primite"},{"$i":"missedCall","$v":"Apel pierdut"},{"$i":"outgoingCall","$v":"Apel efectuat"},{"$i":"incomingCall","$v":"Apel primit"},{"$i":"rttCall","$v":"Apel RTT"},{"$i":"rtt-call","$v":"APEL RTT"},{"$i":"videoCall","$v":"Apel video"},{"$i":"call","$v":"Apel"},{"$i":"options","$v":"Opțiuni"},{"$i":"callInformation","$v":"Informații apel"},{"$i":"sendSms","$v":"Trimitere mesaj"},{"$i":"createNewContact","$v":"Creați un contact nou"},{"$i":"addToExistingContact","$v":"Adăugare la contactul existent"},{"$i":"editCalllog","$v":"Modificare jurnal de apeluri"},{"$i":"numberType","$v":[{"t":"idOrVar","v":"type"},", ",{"t":"idOrVar","v":"number"}]},{"$i":"withheld-number","$v":"Necunoscut"},{"$i":"unknown","$v":"Necunoscut"},{"$i":"today","$v":"Astăzi"},{"$i":"yesterday","$v":"Ieri"},{"$i":"no-logs-msg-1","$v":"Nu există apeluri înregistrate"},{"$i":"no-logs-msg-2","$v":"Începeți să comunicați acum"},{"$i":"voicemail","$v":"Mesagerie vocală"},{"$i":"emergencyNumber","$v":"Apel de urgență"},{"$i":"select","$v":"Selectare"},{"$i":"calllog-all","$v":"Toate"},{"$i":"delete","$v":"Ștergere"},{"$i":"deselect","$v":"Deselectare"},{"$i":"calllog-none","$v":"Nimic"},{"$i":"checkedCount","$v":"selectat"},{"$i":"confirmation","$v":"Confirmare"},{"$i":"deleteLog","$v":"Sigur doriți să ștergeți înregistrările selectate din jurnalul de apeluri?"},{"$i":"delete-single-log","$v":["Sigur doriți să ștergeți contactul ",{"t":"idOrVar","v":"name"}," din jurnalul de apeluri?"]},{"$i":"blockContact","$v":"Nu veți primi apeluri și mesaje de la persoanele din lista de blocare."},{"$i":"no-recent-numbers","$v":"Nu există numere recente în jurnalele de apeluri care să poată fi formate."},{"$i":"ok","$v":"OK"},{"$i":"cancel","$v":"Anulare"},{"$i":"block","$v":"Blocare"},{"$i":"unblock","$v":"Deblocare"},{"$i":"deletedNotification","$v":[{"t":"idOrVar","v":"n"}," înregistrări au fost șterse"]},{"$i":"deletedNotification-1","$v":{"few":[{"t":"idOrVar","v":"n"}," înregistrări au fost șterse"],"many":[{"t":"idOrVar","v":"n"}," înregistrări au fost șterse"],"one":"1 înregistrare a fost ștearsă","other":[{"t":"idOrVar","v":"n"}," înregistrări au fost șterse"],"two":[{"t":"idOrVar","v":"n"}," înregistrări au fost șterse"]},"$x":[{"t":"idOrVar","v":"plural"},"n"]},{"$i":"durationHours","$v":{"few":[{"t":"idOrVar","v":"value"}," ore"],"many":[{"t":"idOrVar","v":"value"}," ore"],"one":"1 oră","other":[{"t":"idOrVar","v":"value"}," ore"],"two":[{"t":"idOrVar","v":"value"}," ore"],"zero":"0 oră"},"$x":[{"t":"idOrVar","v":"plural"},"value"]},{"$i":"durationMinutes","$v":{"few":[{"t":"idOrVar","v":"value"}," minute"],"many":[{"t":"idOrVar","v":"value"}," minute"],"one":"1 minut","other":[{"t":"idOrVar","v":"value"}," minute"],"two":[{"t":"idOrVar","v":"value"}," minute"],"zero":"0 minut"},"$x":[{"t":"idOrVar","v":"plural"},"value"]},{"$i":"durationSeconds","$v":{"few":[{"t":"idOrVar","v":"value"}," secunde"],"many":[{"t":"idOrVar","v":"value"}," secunde"],"one":"1 secundă","other":[{"t":"idOrVar","v":"value"}," secunde"],"two":[{"t":"idOrVar","v":"value"}," secunde"],"zero":"0 secundă"},"$x":[{"t":"idOrVar","v":"plural"},"value"]},{"$i":"mobile","$v":"Mobile"},{"$i":"home","$v":"Domiciliu"},{"$i":"work","$v":"Serviciu"},{"$i":"personal","$v":"Personal"},{"$i":"other","$v":"Altele"},{"$i":"fax-home","$v":"Fax domiciliu"},{"$i":"fax-office","$v":"Fax birou"},{"$i":"fax-other","$v":"Alt fax"},{"$i":"numberBlockedMessage","$v":"Acest număr este blocat. Poți solicita permisiunea părinților."},{"$i":"callAirplaneModeTitle","$v":"Mod avion activat"},{"$i":"callAirplaneModeMessage","$v":"Pentru a efectua un apel, trebuie să dezactivați modul avion, din Setări."},{"$i":"emergencyDialogTitle","$v":"Nu există conexiune la rețea"},{"$i":"emergencyDialogBodyBadNumber","$v":"Pentru a efectua un apel, telefonul trebuie să fie conectat la o rețea."},{"$i":"emergencyDialogBodyDeviceNotAccepted","$v":"Apelurile de urgență nu sunt permise de rețea."},{"$i":"invalidNumberToDialTitle","$v":"Număr de telefon incorect"},{"$i":"invalidNumberToDialMessage","$v":"Numărul de telefon pe care îl apelați nu este corect."},{"$i":"emergency-call-only","$v":"Numai apeluri de urgență"},{"$i":"emergency-call-error","$v":[{"t":"idOrVar","v":"number"}," nu este un număr de urgență."]},{"$i":"numberIsBusyTitle","$v":"Numărul este ocupat"},{"$i":"numberIsBusyMessage","$v":"Numărul este momentan ocupat. Încercați din nou mai târziu."},{"$i":"fdnIsActiveTitle","$v":"Funcție FDN activă"},{"$i":"fdnIsActiveMessage","$v":["Funcția FDN (Fixed Dialing Numbers - Numere de apelare fixă) este activată, iar numărul următor nu se află pe lista FDN: ",{"t":"idOrVar","v":"number"}]},{"$i":"otherConnectionInUseTitle","$v":"Altă conexiune este în curs de utilizare"},{"$i":"otherConnectionInUseMessage","$v":"Aveți un apel activ într-o altă conexiune. Puteți utiliza o singură conexiune odată."},{"$i":"GenericFailure","$v":"Eroare generică"},{"$i":"CallFailed","$v":"Apel nereușit"},{"$i":"weekday-0-long","$v":"Sunday"},{"$i":"weekday-1-long","$v":"Monday"},{"$i":"weekday-2-long","$v":"Tuesday"},{"$i":"weekday-3-long","$v":"Wednesday"},{"$i":"weekday-4-long","$v":"Thursday"},{"$i":"weekday-5-long","$v":"Friday"},{"$i":"weekday-6-long","$v":"Saturday"},{"$i":"weekday-0-short","$v":"Sun"},{"$i":"weekday-1-short","$v":"Mon"},{"$i":"weekday-2-short","$v":"Tue"},{"$i":"weekday-3-short","$v":"Wed"},{"$i":"weekday-4-short","$v":"Thu"},{"$i":"weekday-5-short","$v":"Fri"},{"$i":"weekday-6-short","$v":"Sat"},{"$i":"month-0-long","$v":"January"},{"$i":"month-1-long","$v":"February"},{"$i":"month-2-long","$v":"March"},{"$i":"month-3-long","$v":"April"},{"$i":"month-4-long","$v":"May"},{"$i":"month-5-long","$v":"June"},{"$i":"month-6-long","$v":"July"},{"$i":"month-7-long","$v":"August"},{"$i":"month-8-long","$v":"September"},{"$i":"month-9-long","$v":"October"},{"$i":"month-10-long","$v":"November"},{"$i":"month-11-long","$v":"December"},{"$i":"month-0-genitive","$v":"January"},{"$i":"month-1-genitive","$v":"February"},{"$i":"month-2-genitive","$v":"March"},{"$i":"month-3-genitive","$v":"April"},{"$i":"month-4-genitive","$v":"May"},{"$i":"month-5-genitive","$v":"June"},{"$i":"month-6-genitive","$v":"July"},{"$i":"month-7-genitive","$v":"August"},{"$i":"month-8-genitive","$v":"September"},{"$i":"month-9-genitive","$v":"October"},{"$i":"month-10-genitive","$v":"November"},{"$i":"month-11-genitive","$v":"December"},{"$i":"month-0-short","$v":"Jan"},{"$i":"month-1-short","$v":"Feb"},{"$i":"month-2-short","$v":"Mar"},{"$i":"month-3-short","$v":"Apr"},{"$i":"month-4-short","$v":"May"},{"$i":"month-5-short","$v":"Jun"},{"$i":"month-6-short","$v":"Jul"},{"$i":"month-7-short","$v":"Aug"},{"$i":"month-8-short","$v":"Sep"},{"$i":"month-9-short","$v":"Oct"},{"$i":"month-10-short","$v":"Nov"},{"$i":"month-11-short","$v":"Dec"},{"$i":"minutes-ago-long","$v":{"zero":"just now","one":"a minute ago","two":[{"t":"idOrVar","v":"value"}," minutes ago"],"few":[{"t":"idOrVar","v":"value"}," minutes ago"],"many":[{"t":"idOrVar","v":"value"}," minutes ago"],"other":[{"t":"idOrVar","v":"value"}," minutes ago"]},"$x":[{"t":"idOrVar","v":"plural"},"value"]},{"$i":"hours-ago-long","$v":{"zero":"just now","one":"an hour ago","two":[{"t":"idOrVar","v":"value"}," hours ago"],"few":[{"t":"idOrVar","v":"value"}," hours ago"],"many":[{"t":"idOrVar","v":"value"}," hours ago"],"other":[{"t":"idOrVar","v":"value"}," hours ago"]},"$x":[{"t":"idOrVar","v":"plural"},"value"]},{"$i":"days-ago-long","$v":{"zero":"today","one":"yesterday","two":[{"t":"idOrVar","v":"value"}," days ago"],"few":[{"t":"idOrVar","v":"value"}," days ago"],"many":[{"t":"idOrVar","v":"value"}," days ago"],"other":[{"t":"idOrVar","v":"value"}," days ago"]},"$x":[{"t":"idOrVar","v":"plural"},"value"]},{"$i":"weeks-ago-long","$v":{"zero":"this week","one":"last week","two":[{"t":"idOrVar","v":"value"}," weeks ago"],"few":[{"t":"idOrVar","v":"value"}," weeks ago"],"many":[{"t":"idOrVar","v":"value"}," weeks ago"],"other":[{"t":"idOrVar","v":"value"}," weeks ago"]},"$x":[{"t":"idOrVar","v":"plural"},"value"]},{"$i":"months-ago-long","$v":{"zero":"this month","one":"last month","two":[{"t":"idOrVar","v":"value"}," months ago"],"few":[{"t":"idOrVar","v":"value"}," months ago"],"many":[{"t":"idOrVar","v":"value"}," months ago"],"other":[{"t":"idOrVar","v":"value"}," months ago"]},"$x":[{"t":"idOrVar","v":"plural"},"value"]},{"$i":"years-ago-long","$v":{"zero":"this year","one":"last year","two":[{"t":"idOrVar","v":"value"}," years ago"],"few":[{"t":"idOrVar","v":"value"}," years ago"],"many":[{"t":"idOrVar","v":"value"}," years ago"],"other":[{"t":"idOrVar","v":"value"}," years ago"]},"$x":[{"t":"idOrVar","v":"plural"},"value"]},{"$i":"minutes-until-long","$v":{"zero":"now","one":"in a minute","two":["in ",{"t":"idOrVar","v":"value"}," minutes"],"few":["in ",{"t":"idOrVar","v":"value"}," minutes"],"many":["in ",{"t":"idOrVar","v":"value"}," minutes"],"other":["in ",{"t":"idOrVar","v":"value"}," minutes"]},"$x":[{"t":"idOrVar","v":"plural"},"value"]},{"$i":"hours-until-long","$v":{"zero":"now","one":"in an hour","two":["in ",{"t":"idOrVar","v":"value"}," hours"],"few":["in ",{"t":"idOrVar","v":"value"}," hours"],"many":["in ",{"t":"idOrVar","v":"value"}," hours"],"other":["in ",{"t":"idOrVar","v":"value"}," hours"]},"$x":[{"t":"idOrVar","v":"plural"},"value"]},{"$i":"days-until-long","$v":{"zero":"today","one":"tomorrow","two":["in ",{"t":"idOrVar","v":"value"}," days"],"few":["in ",{"t":"idOrVar","v":"value"}," days"],"many":["in ",{"t":"idOrVar","v":"value"}," days"],"other":["in ",{"t":"idOrVar","v":"value"}," days"]},"$x":[{"t":"idOrVar","v":"plural"},"value"]},{"$i":"weeks-until-long","$v":{"zero":"this week","one":"next week","two":["in ",{"t":"idOrVar","v":"value"}," weeks"],"few":["in ",{"t":"idOrVar","v":"value"}," weeks"],"many":["in ",{"t":"idOrVar","v":"value"}," weeks"],"other":["in ",{"t":"idOrVar","v":"value"}," weeks"]},"$x":[{"t":"idOrVar","v":"plural"},"value"]},{"$i":"months-until-long","$v":{"zero":"this month","one":"next month","two":["in ",{"t":"idOrVar","v":"value"}," months"],"few":["in ",{"t":"idOrVar","v":"value"}," months"],"many":["in ",{"t":"idOrVar","v":"value"}," months"],"other":["in ",{"t":"idOrVar","v":"value"}," months"]},"$x":[{"t":"idOrVar","v":"plural"},"value"]},{"$i":"years-until-long","$v":{"zero":"this year","one":"next year","two":["in ",{"t":"idOrVar","v":"value"}," years"],"few":["in ",{"t":"idOrVar","v":"value"}," years"],"many":["in ",{"t":"idOrVar","v":"value"}," years"],"other":["in ",{"t":"idOrVar","v":"value"}," years"]},"$x":[{"t":"idOrVar","v":"plural"},"value"]},{"$i":"minutes-ago-short","$v":{"zero":"just now","other":[{"t":"idOrVar","v":"value"},"m ago"]},"$x":[{"t":"idOrVar","v":"plural"},"value"]},{"$i":"hours-ago-short","$v":{"zero":"just now","other":[{"t":"idOrVar","v":"value"},"h ago"]},"$x":[{"t":"idOrVar","v":"plural"},"value"]},{"$i":"days-ago-short","$v":{"zero":"today","other":[{"t":"idOrVar","v":"value"},"d ago"]},"$x":[{"t":"idOrVar","v":"plural"},"value"]},{"$i":"minutes-until-short","$v":{"zero":"now","other":["in ",{"t":"idOrVar","v":"value"},"m"]},"$x":[{"t":"idOrVar","v":"plural"},"value"]},{"$i":"hours-until-short","$v":{"zero":"now","other":["in ",{"t":"idOrVar","v":"value"},"h"]},"$x":[{"t":"idOrVar","v":"plural"},"value"]},{"$i":"days-until-short","$v":{"zero":"today","other":["in ",{"t":"idOrVar","v":"value"},"d"]},"$x":[{"t":"idOrVar","v":"plural"},"value"]},{"$i":"incorrectDate","$v":"(incorrect date)"},{"$i":"dateTimeFormat_%c","$v":"%a %b %e %Y %I:%M:%S %p"},{"$i":"dateTimeFormat_%x","$v":"%m/%d/%Y"},{"$i":"dateTimeFormat_%X","$v":"%I:%M:%S %p"},{"$i":"shortTimeFormat","$v":"%I:%M %p"},{"$i":"shortTimeFormat12","$v":"%I:%M %p"},{"$i":"shortTimeFormat24","$v":"%H:%M"},{"$i":"shortDateTimeFormat","$v":"%x %I:%M %p"},{"$i":"weekStartsOnMonday","$v":"0"},{"$i":"firstDayOfTheWeek","$v":"0"},{"$i":"time_am","$v":"AM"},{"$i":"time_pm","$v":"PM"},{"$i":"sim-with-index-and-carrier","$v":["SIM ",{"t":"idOrVar","v":"index"}," - ",{"t":"idOrVar","v":"carrier"}]},{"$i":"sim-without-carrier","$v":["SIM ",{"t":"idOrVar","v":"index"}]}]