[{"$i":"callLog","$v":"ඇමතුම් ලොගය"},{"$i":"all","$v":"සියල්ල"},{"$i":"missed","$v":"මගහැරුණු"},{"$i":"outgoing","$v":"ඩයල් කළ"},{"$i":"incoming","$v":"ලැබුණු"},{"$i":"missedCall","$v":"මඟහැරුණු ඇමතුම"},{"$i":"outgoingCall","$v":"යන ඇමතුම්"},{"$i":"incomingCall","$v":"එන ඇමතුම"},{"$i":"rttCall","$v":"RTT ඇමතුම"},{"$i":"rtt-call","$v":"RTT ඇමතුම"},{"$i":"videoCall","$v":"වීඩියෝ ඇමතුම"},{"$i":"call","$v":"අමතන්න"},{"$i":"options","$v":"විකල්ප"},{"$i":"callInformation","$v":"ඇමතුම් තත්ත්වය"},{"$i":"sendSms","$v":"පණිවුඩය යවන්න"},{"$i":"createNewContact","$v":"නව සබඳතාව සාදන්න"},{"$i":"addToExistingContact","$v":"පවතින සබඳතාවට එක්කරන්න"},{"$i":"editCalllog","$v":"ඇමතුම් ලොගය වෙනස් කරන්න"},{"$i":"numberType","$v":[{"t":"idOrVar","v":"type"},", ",{"t":"idOrVar","v":"number"}]},{"$i":"withheld-number","$v":"නොදනී"},{"$i":"unknown","$v":"නොදනී"},{"$i":"today","$v":"අද"},{"$i":"yesterday","$v":"ඊයේ"},{"$i":"no-logs-msg-1","$v":"ඇමතුම් කිසිවක් වාර්තා වී නොමැත"},{"$i":"no-logs-msg-2","$v":"දැන් සන්නිවේදනය අරඹන්න"},{"$i":"voicemail","$v":"හඬ තැපැල්"},{"$i":"emergencyNumber","$v":"හදිසි අවස්ථා අංකය"},{"$i":"select","$v":"තෝරන්න"},{"$i":"calllog-all","$v":"සියල්ල"},{"$i":"delete","$v":"මකන්න"},{"$i":"deselect","$v":"තේරීම ඉවත් කරන්න"},{"$i":"calllog-none","$v":"කිසිත් නැත"},{"$i":"checkedCount","$v":"selected"},{"$i":"confirmation","$v":"තහවුරු කිරීම"},{"$i":"deleteLog","$v":"තෝරන ලද සටහන් ඇමතුම් ලොගයෙන් මැකීමට අවශ්‍ය බව ඔබට සහතිකද?"},{"$i":"delete-single-log","$v":["ඔබට ඇමතුම් ලොගය වෙතින් ",{"t":"idOrVar","v":"name"}," මැකීමට අවශ්‍ය බව සහතික ද?"]},{"$i":"blockContact","$v":"ඔබට අවහිර ලැයිස්තුවෙහි පුද්ගලයින් වෙතින් දුරකථන ඇමතුම්, පණිවුඩ නොලැබෙනු ඇත."},{"$i":"no-recent-numbers","$v":"ඇමතුම් ලොග් හි ඩයල් කිරීමට මෑතකාලීන අංක නැත."},{"$i":"ok","$v":"OK"},{"$i":"cancel","$v":"අවලංගු කරන්න"},{"$i":"block","$v":"අවහිර කරන්න"},{"$i":"unblock","$v":"වාරණය කරන්න"},{"$i":"deletedNotification","$v":[{"t":"idOrVar","v":"n"}," නිවේශන මකා දැමීය"]},{"$i":"deletedNotification-1","$v":{"few":[{"t":"idOrVar","v":"n"}," නිවේශන මකා දැමීය"],"many":[{"t":"idOrVar","v":"n"}," නිවේශන මකා දැමීය"],"one":"නිවේශන 1ක් මැකිණි","other":[{"t":"idOrVar","v":"n"}," නිවේශන මකා දැමීය"],"two":[{"t":"idOrVar","v":"n"}," නිවේශන මකා දැමීය"]},"$x":[{"t":"idOrVar","v":"plural"},"n"]},{"$i":"durationHours","$v":{"few":["පැය ",{"t":"idOrVar","v":"value"}],"many":["පැය ",{"t":"idOrVar","v":"value"}],"one":"පැය 1","other":["පැය ",{"t":"idOrVar","v":"value"}],"two":["පැය ",{"t":"idOrVar","v":"value"}],"zero":"පැය 0"},"$x":[{"t":"idOrVar","v":"plural"},"value"]},{"$i":"durationMinutes","$v":{"few":[{"t":"idOrVar","v":"value"}," මිනිත්තු"],"many":[{"t":"idOrVar","v":"value"}," මිනිත්තු"],"one":"1මිනිත්තුව","other":[{"t":"idOrVar","v":"value"}," මිනිත්තු"],"two":[{"t":"idOrVar","v":"value"}," මිනිත්තු"],"zero":"මි 0"},"$x":[{"t":"idOrVar","v":"plural"},"value"]},{"$i":"durationSeconds","$v":{"few":["පැය ",{"t":"idOrVar","v":"value"}],"many":["පැය ",{"t":"idOrVar","v":"value"}],"one":"1 තත්පරය","other":["පැය ",{"t":"idOrVar","v":"value"}],"two":["පැය ",{"t":"idOrVar","v":"value"}],"zero":"0 තත්පරය"},"$x":[{"t":"idOrVar","v":"plural"},"value"]},{"$i":"mobile","$v":"ජංගම"},{"$i":"home","$v":"ගෙදර"},{"$i":"work","$v":"වැඩ"},{"$i":"personal","$v":"පෞද්ගලික"},{"$i":"other","$v":"වෙනත්"},{"$i":"fax-home","$v":"නිවසේ ෆැක්ස්"},{"$i":"fax-office","$v":"කාර්යාලයේ ෆැක්ස්"},{"$i":"fax-other","$v":"වෙනත් ෆැක්ස්"},{"$i":"numberBlockedMessage","$v":"මෙම අංකය අවහිර කර ඇත. ඔබට ඔබේ දෙමාපියන්ගෙන් අවසර ඉල්ලිය හැකිය."},{"$i":"callAirplaneModeTitle","$v":"ගුවන් යානා මාදිලිය සක්‍රීයයි"},{"$i":"callAirplaneModeMessage","$v":"ඇමතුමක් ලබා ගැනීමට ඔබ ගුවන්යානා මාදිලිය පසුතලහිදී අක්‍රීය කළ යුතුය."},{"$i":"emergencyDialogTitle","$v":"ජාල සම්බන්ධතාවයක් නැත"},{"$i":"emergencyDialogBodyBadNumber","$v":"ඇමතුමක් ලබා ගැනීමට, දුරකථනය ජාලයකට සම්බන්ධ කර තිබිය යුතුය."},{"$i":"emergencyDialogBodyDeviceNotAccepted","$v":"ජාලයෙන් හදිසි අවස්ථා ඇමතුම්වලට ඉඩ නොලැබේ."},{"$i":"invalidNumberToDialTitle","$v":"වලංගු නැති දුරකථන අංකය"},{"$i":"invalidNumberToDialMessage","$v":"ඔබ අමතන දුරකථන අංකය වලංගු එකක් නොවේ."},{"$i":"emergency-call-only","$v":"හදිසි අවස්ථා ඇමතුම පමණි"},{"$i":"emergency-call-error","$v":[{"t":"idOrVar","v":"number"}," යනු හදිසි අංකයක් නොවේ."]},{"$i":"numberIsBusyTitle","$v":"අංකය කාර්ය බහුලයි"},{"$i":"numberIsBusyMessage","$v":"අංකය මේ මොහොතේ කාර්යබහුලයි. කරුණාකර පසුව නැවත උත්සාහ කරන්න."},{"$i":"fdnIsActiveTitle","$v":"FDN සක්‍රියයි"},{"$i":"fdnIsActiveMessage","$v":["FDN (ස්ථිර ඩයල් කිරීමේ අංක) සක්‍රිය කර ඇති අතර පහත දැක්වෙන අංකය ඔබේ FDN ලැයිස්තුවේ නැත: ",{"t":"idOrVar","v":"number"}]},{"$i":"otherConnectionInUseTitle","$v":"භාවිතා වන අනෙක් සම්බන්ධතාව"},{"$i":"otherConnectionInUseMessage","$v":"ඔබට වෙනත් සම්බන්ධතාවයක සක්‍රීය ඇමතුමක් තිබේ. ඔබට එක් අවස්ථාවක භාවිතා කළ හැක්කේ එක් සම්බන්ධතාවයක් පමණි."},{"$i":"GenericFailure","$v":"ප්‍රභේදරහිත අසාර්ථක වීම"},{"$i":"CallFailed","$v":"ඇමතුම අසාර්ථක විණි"},{"$i":"weekday-0-long","$v":"Sunday"},{"$i":"weekday-1-long","$v":"Monday"},{"$i":"weekday-2-long","$v":"Tuesday"},{"$i":"weekday-3-long","$v":"Wednesday"},{"$i":"weekday-4-long","$v":"Thursday"},{"$i":"weekday-5-long","$v":"Friday"},{"$i":"weekday-6-long","$v":"Saturday"},{"$i":"weekday-0-short","$v":"Sun"},{"$i":"weekday-1-short","$v":"Mon"},{"$i":"weekday-2-short","$v":"Tue"},{"$i":"weekday-3-short","$v":"Wed"},{"$i":"weekday-4-short","$v":"Thu"},{"$i":"weekday-5-short","$v":"Fri"},{"$i":"weekday-6-short","$v":"Sat"},{"$i":"month-0-long","$v":"January"},{"$i":"month-1-long","$v":"February"},{"$i":"month-2-long","$v":"March"},{"$i":"month-3-long","$v":"April"},{"$i":"month-4-long","$v":"May"},{"$i":"month-5-long","$v":"June"},{"$i":"month-6-long","$v":"July"},{"$i":"month-7-long","$v":"August"},{"$i":"month-8-long","$v":"September"},{"$i":"month-9-long","$v":"October"},{"$i":"month-10-long","$v":"November"},{"$i":"month-11-long","$v":"December"},{"$i":"month-0-genitive","$v":"January"},{"$i":"month-1-genitive","$v":"February"},{"$i":"month-2-genitive","$v":"March"},{"$i":"month-3-genitive","$v":"April"},{"$i":"month-4-genitive","$v":"May"},{"$i":"month-5-genitive","$v":"June"},{"$i":"month-6-genitive","$v":"July"},{"$i":"month-7-genitive","$v":"August"},{"$i":"month-8-genitive","$v":"September"},{"$i":"month-9-genitive","$v":"October"},{"$i":"month-10-genitive","$v":"November"},{"$i":"month-11-genitive","$v":"December"},{"$i":"month-0-short","$v":"Jan"},{"$i":"month-1-short","$v":"Feb"},{"$i":"month-2-short","$v":"Mar"},{"$i":"month-3-short","$v":"Apr"},{"$i":"month-4-short","$v":"May"},{"$i":"month-5-short","$v":"Jun"},{"$i":"month-6-short","$v":"Jul"},{"$i":"month-7-short","$v":"Aug"},{"$i":"month-8-short","$v":"Sep"},{"$i":"month-9-short","$v":"Oct"},{"$i":"month-10-short","$v":"Nov"},{"$i":"month-11-short","$v":"Dec"},{"$i":"minutes-ago-long","$v":{"zero":"just now","one":"a minute ago","two":[{"t":"idOrVar","v":"value"}," minutes ago"],"few":[{"t":"idOrVar","v":"value"}," minutes ago"],"many":[{"t":"idOrVar","v":"value"}," minutes ago"],"other":[{"t":"idOrVar","v":"value"}," minutes ago"]},"$x":[{"t":"idOrVar","v":"plural"},"value"]},{"$i":"hours-ago-long","$v":{"zero":"just now","one":"an hour ago","two":[{"t":"idOrVar","v":"value"}," hours ago"],"few":[{"t":"idOrVar","v":"value"}," hours ago"],"many":[{"t":"idOrVar","v":"value"}," hours ago"],"other":[{"t":"idOrVar","v":"value"}," hours ago"]},"$x":[{"t":"idOrVar","v":"plural"},"value"]},{"$i":"days-ago-long","$v":{"zero":"today","one":"yesterday","two":[{"t":"idOrVar","v":"value"}," days ago"],"few":[{"t":"idOrVar","v":"value"}," days ago"],"many":[{"t":"idOrVar","v":"value"}," days ago"],"other":[{"t":"idOrVar","v":"value"}," days ago"]},"$x":[{"t":"idOrVar","v":"plural"},"value"]},{"$i":"weeks-ago-long","$v":{"zero":"this week","one":"last week","two":[{"t":"idOrVar","v":"value"}," weeks ago"],"few":[{"t":"idOrVar","v":"value"}," weeks ago"],"many":[{"t":"idOrVar","v":"value"}," weeks ago"],"other":[{"t":"idOrVar","v":"value"}," weeks ago"]},"$x":[{"t":"idOrVar","v":"plural"},"value"]},{"$i":"months-ago-long","$v":{"zero":"this month","one":"last month","two":[{"t":"idOrVar","v":"value"}," months ago"],"few":[{"t":"idOrVar","v":"value"}," months ago"],"many":[{"t":"idOrVar","v":"value"}," months ago"],"other":[{"t":"idOrVar","v":"value"}," months ago"]},"$x":[{"t":"idOrVar","v":"plural"},"value"]},{"$i":"years-ago-long","$v":{"zero":"this year","one":"last year","two":[{"t":"idOrVar","v":"value"}," years ago"],"few":[{"t":"idOrVar","v":"value"}," years ago"],"many":[{"t":"idOrVar","v":"value"}," years ago"],"other":[{"t":"idOrVar","v":"value"}," years ago"]},"$x":[{"t":"idOrVar","v":"plural"},"value"]},{"$i":"minutes-until-long","$v":{"zero":"now","one":"in a minute","two":["in ",{"t":"idOrVar","v":"value"}," minutes"],"few":["in ",{"t":"idOrVar","v":"value"}," minutes"],"many":["in ",{"t":"idOrVar","v":"value"}," minutes"],"other":["in ",{"t":"idOrVar","v":"value"}," minutes"]},"$x":[{"t":"idOrVar","v":"plural"},"value"]},{"$i":"hours-until-long","$v":{"zero":"now","one":"in an hour","two":["in ",{"t":"idOrVar","v":"value"}," hours"],"few":["in ",{"t":"idOrVar","v":"value"}," hours"],"many":["in ",{"t":"idOrVar","v":"value"}," hours"],"other":["in ",{"t":"idOrVar","v":"value"}," hours"]},"$x":[{"t":"idOrVar","v":"plural"},"value"]},{"$i":"days-until-long","$v":{"zero":"today","one":"tomorrow","two":["in ",{"t":"idOrVar","v":"value"}," days"],"few":["in ",{"t":"idOrVar","v":"value"}," days"],"many":["in ",{"t":"idOrVar","v":"value"}," days"],"other":["in ",{"t":"idOrVar","v":"value"}," days"]},"$x":[{"t":"idOrVar","v":"plural"},"value"]},{"$i":"weeks-until-long","$v":{"zero":"this week","one":"next week","two":["in ",{"t":"idOrVar","v":"value"}," weeks"],"few":["in ",{"t":"idOrVar","v":"value"}," weeks"],"many":["in ",{"t":"idOrVar","v":"value"}," weeks"],"other":["in ",{"t":"idOrVar","v":"value"}," weeks"]},"$x":[{"t":"idOrVar","v":"plural"},"value"]},{"$i":"months-until-long","$v":{"zero":"this month","one":"next month","two":["in ",{"t":"idOrVar","v":"value"}," months"],"few":["in ",{"t":"idOrVar","v":"value"}," months"],"many":["in ",{"t":"idOrVar","v":"value"}," months"],"other":["in ",{"t":"idOrVar","v":"value"}," months"]},"$x":[{"t":"idOrVar","v":"plural"},"value"]},{"$i":"years-until-long","$v":{"zero":"this year","one":"next year","two":["in ",{"t":"idOrVar","v":"value"}," years"],"few":["in ",{"t":"idOrVar","v":"value"}," years"],"many":["in ",{"t":"idOrVar","v":"value"}," years"],"other":["in ",{"t":"idOrVar","v":"value"}," years"]},"$x":[{"t":"idOrVar","v":"plural"},"value"]},{"$i":"minutes-ago-short","$v":{"zero":"just now","other":[{"t":"idOrVar","v":"value"},"m ago"]},"$x":[{"t":"idOrVar","v":"plural"},"value"]},{"$i":"hours-ago-short","$v":{"zero":"just now","other":[{"t":"idOrVar","v":"value"},"h ago"]},"$x":[{"t":"idOrVar","v":"plural"},"value"]},{"$i":"days-ago-short","$v":{"zero":"today","other":[{"t":"idOrVar","v":"value"},"d ago"]},"$x":[{"t":"idOrVar","v":"plural"},"value"]},{"$i":"minutes-until-short","$v":{"zero":"now","other":["in ",{"t":"idOrVar","v":"value"},"m"]},"$x":[{"t":"idOrVar","v":"plural"},"value"]},{"$i":"hours-until-short","$v":{"zero":"now","other":["in ",{"t":"idOrVar","v":"value"},"h"]},"$x":[{"t":"idOrVar","v":"plural"},"value"]},{"$i":"days-until-short","$v":{"zero":"today","other":["in ",{"t":"idOrVar","v":"value"},"d"]},"$x":[{"t":"idOrVar","v":"plural"},"value"]},{"$i":"incorrectDate","$v":"(incorrect date)"},{"$i":"dateTimeFormat_%c","$v":"%a %b %e %Y %I:%M:%S %p"},{"$i":"dateTimeFormat_%x","$v":"%m/%d/%Y"},{"$i":"dateTimeFormat_%X","$v":"%I:%M:%S %p"},{"$i":"shortTimeFormat","$v":"%I:%M %p"},{"$i":"shortTimeFormat12","$v":"%I:%M %p"},{"$i":"shortTimeFormat24","$v":"%H:%M"},{"$i":"shortDateTimeFormat","$v":"%x %I:%M %p"},{"$i":"weekStartsOnMonday","$v":"0"},{"$i":"firstDayOfTheWeek","$v":"0"},{"$i":"time_am","$v":"AM"},{"$i":"time_pm","$v":"PM"},{"$i":"sim-with-index-and-carrier","$v":["SIM ",{"t":"idOrVar","v":"index"}," - ",{"t":"idOrVar","v":"carrier"}]},{"$i":"sim-without-carrier","$v":["SIM ",{"t":"idOrVar","v":"index"}]}]