[{"$i":"callLog","$v":"Dnevnik klicev"},{"$i":"all","$v":"Vse"},{"$i":"missed","$v":"Neodgovorjeni"},{"$i":"outgoing","$v":"Odhodni"},{"$i":"incoming","$v":"Prejeti"},{"$i":"missedCall","$v":"Neodgovorjeni klic"},{"$i":"outgoingCall","$v":"Odhodni klic"},{"$i":"incomingCall","$v":"Dohodni klic"},{"$i":"rttCall","$v":"Klic RTT"},{"$i":"rtt-call","$v":"KLIC RTT"},{"$i":"videoCall","$v":"Videoklic"},{"$i":"call","$v":"Klic"},{"$i":"options","$v":"Možnosti"},{"$i":"callInformation","$v":"Podatki o klicu"},{"$i":"sendSms","$v":"Pošlji sporočilo"},{"$i":"createNewContact","$v":"Ustvari nov stik"},{"$i":"addToExistingContact","$v":"Dodaj k obstoječemu stiku"},{"$i":"editCalllog","$v":"Uredi dnevnik klicev"},{"$i":"numberType","$v":[{"t":"idOrVar","v":"type"},", ",{"t":"idOrVar","v":"number"}]},{"$i":"withheld-number","$v":"Neznano"},{"$i":"unknown","$v":"Neznano"},{"$i":"today","$v":"Danes"},{"$i":"yesterday","$v":"Včeraj"},{"$i":"no-logs-msg-1","$v":"Klic ni posnet"},{"$i":"no-logs-msg-2","$v":"Začnite se pogovarjati"},{"$i":"voicemail","$v":"Glasovna pošta"},{"$i":"emergencyNumber","$v":"Številka za klic v sili"},{"$i":"select","$v":"Izberite"},{"$i":"calllog-all","$v":"Vse"},{"$i":"delete","$v":"Izbriši"},{"$i":"deselect","$v":"Prekliči izbor"},{"$i":"calllog-none","$v":"Brez"},{"$i":"checkedCount","$v":"selected"},{"$i":"confirmation","$v":"Potrditev"},{"$i":"deleteLog","$v":"Ali ste prepričani, da želite izbrisati izbrane vnose iz dnevnika klicev?"},{"$i":"delete-single-log","$v":["Ali res želite izbrisati ",{"t":"idOrVar","v":"name"}," iz dnevnika klicev?"]},{"$i":"blockContact","$v":"Telefonskih klicev in sporočil oseb, ki so na seznamu blokiranih, ne boste prejemali."},{"$i":"no-recent-numbers","$v":"V dnevniku klicev ni nedavnih številk, ki bi jih bilo mogoče poklicati."},{"$i":"ok","$v":"V redu"},{"$i":"cancel","$v":"Prekliči"},{"$i":"block","$v":"Blokiraj"},{"$i":"unblock","$v":"Odblokiraj"},{"$i":"deletedNotification","$v":["Št. izbrisanih vnosov: ",{"t":"idOrVar","v":"n"}]},{"$i":"deletedNotification-1","$v":{"few":["Št. izbrisanih vnosov: ",{"t":"idOrVar","v":"n"}],"many":["Št. izbrisanih vnosov: ",{"t":"idOrVar","v":"n"}],"one":"1 vnos je izbrisan","other":["Št. izbrisanih vnosov: ",{"t":"idOrVar","v":"n"}],"two":["Št. izbrisanih vnosov: ",{"t":"idOrVar","v":"n"}]},"$x":[{"t":"idOrVar","v":"plural"},"n"]},{"$i":"durationHours","$v":{"few":[{"t":"idOrVar","v":"value"}," ur"],"many":[{"t":"idOrVar","v":"value"}," ur"],"one":"1 ura","other":[{"t":"idOrVar","v":"value"}," ur"],"two":[{"t":"idOrVar","v":"value"}," ur"],"zero":"0 ura"},"$x":[{"t":"idOrVar","v":"plural"},"value"]},{"$i":"durationMinutes","$v":{"few":[{"t":"idOrVar","v":"value"}," minute"],"many":[{"t":"idOrVar","v":"value"}," minut"],"one":"1 minuta","other":[{"t":"idOrVar","v":"value"}," minut"],"two":[{"t":"idOrVar","v":"value"}," minuti"],"zero":"0 minuta"},"$x":[{"t":"idOrVar","v":"plural"},"value"]},{"$i":"durationSeconds","$v":{"few":[{"t":"idOrVar","v":"value"}," ur"],"many":[{"t":"idOrVar","v":"value"}," ur"],"one":"1 sekunda","other":[{"t":"idOrVar","v":"value"}," ur"],"two":[{"t":"idOrVar","v":"value"}," ur"],"zero":"0 sekund"},"$x":[{"t":"idOrVar","v":"plural"},"value"]},{"$i":"mobile","$v":"Mobilno"},{"$i":"home","$v":"Dom"},{"$i":"work","$v":"Služba"},{"$i":"personal","$v":"Osebno"},{"$i":"other","$v":"Drugo"},{"$i":"fax-home","$v":"Faks – doma"},{"$i":"fax-office","$v":"Faks – služba"},{"$i":"fax-other","$v":"Faks – drugo"},{"$i":"numberBlockedMessage","$v":"Ta številka je blokirana. Za dovoljenje lahko vprašate starše."},{"$i":"callAirplaneModeTitle","$v":"Način za letalo je aktiviran"},{"$i":"callAirplaneModeMessage","$v":"Če želite opraviti klic, v nastavitvah izklopite način za letalo."},{"$i":"emergencyDialogTitle","$v":"Ni omrežne povezave"},{"$i":"emergencyDialogBodyBadNumber","$v":"Če želite opraviti klic, mora biti telefon povezan v omrežje."},{"$i":"emergencyDialogBodyDeviceNotAccepted","$v":"Omrežje ne dovoljuje klicev v sili."},{"$i":"invalidNumberToDialTitle","$v":"Neveljavna telefonska številka"},{"$i":"invalidNumberToDialMessage","$v":"Telefonska številka, ki jo kličete, ni veljavna."},{"$i":"emergency-call-only","$v":"Samo klici v sili"},{"$i":"emergency-call-error","$v":[{"t":"idOrVar","v":"number"}," ni številka za klic v sili."]},{"$i":"numberIsBusyTitle","$v":"Številka je zasedena"},{"$i":"numberIsBusyMessage","$v":"Številka je trenutno zasedena. Poskusite znova pozneje."},{"$i":"fdnIsActiveTitle","$v":"Omejeno klicanje je aktivno"},{"$i":"fdnIsActiveMessage","$v":["Omejeno klicanje (FDN) je aktivirano in te številke ni na vašem seznamu za omejeno klicanje: ",{"t":"idOrVar","v":"number"}]},{"$i":"otherConnectionInUseTitle","$v":"Druga povezava v uporabi"},{"$i":"otherConnectionInUseMessage","$v":"Imate aktiven klic prek druge povezave. Uporabljate lahko le eno povezavo naenkrat."},{"$i":"GenericFailure","$v":"Splošna napaka"},{"$i":"CallFailed","$v":"Klic ni uspel"},{"$i":"weekday-0-long","$v":"Sunday"},{"$i":"weekday-1-long","$v":"Monday"},{"$i":"weekday-2-long","$v":"Tuesday"},{"$i":"weekday-3-long","$v":"Wednesday"},{"$i":"weekday-4-long","$v":"Thursday"},{"$i":"weekday-5-long","$v":"Friday"},{"$i":"weekday-6-long","$v":"Saturday"},{"$i":"weekday-0-short","$v":"Sun"},{"$i":"weekday-1-short","$v":"Mon"},{"$i":"weekday-2-short","$v":"Tue"},{"$i":"weekday-3-short","$v":"Wed"},{"$i":"weekday-4-short","$v":"Thu"},{"$i":"weekday-5-short","$v":"Fri"},{"$i":"weekday-6-short","$v":"Sat"},{"$i":"month-0-long","$v":"January"},{"$i":"month-1-long","$v":"February"},{"$i":"month-2-long","$v":"March"},{"$i":"month-3-long","$v":"April"},{"$i":"month-4-long","$v":"May"},{"$i":"month-5-long","$v":"June"},{"$i":"month-6-long","$v":"July"},{"$i":"month-7-long","$v":"August"},{"$i":"month-8-long","$v":"September"},{"$i":"month-9-long","$v":"October"},{"$i":"month-10-long","$v":"November"},{"$i":"month-11-long","$v":"December"},{"$i":"month-0-genitive","$v":"January"},{"$i":"month-1-genitive","$v":"February"},{"$i":"month-2-genitive","$v":"March"},{"$i":"month-3-genitive","$v":"April"},{"$i":"month-4-genitive","$v":"May"},{"$i":"month-5-genitive","$v":"June"},{"$i":"month-6-genitive","$v":"July"},{"$i":"month-7-genitive","$v":"August"},{"$i":"month-8-genitive","$v":"September"},{"$i":"month-9-genitive","$v":"October"},{"$i":"month-10-genitive","$v":"November"},{"$i":"month-11-genitive","$v":"December"},{"$i":"month-0-short","$v":"Jan"},{"$i":"month-1-short","$v":"Feb"},{"$i":"month-2-short","$v":"Mar"},{"$i":"month-3-short","$v":"Apr"},{"$i":"month-4-short","$v":"May"},{"$i":"month-5-short","$v":"Jun"},{"$i":"month-6-short","$v":"Jul"},{"$i":"month-7-short","$v":"Aug"},{"$i":"month-8-short","$v":"Sep"},{"$i":"month-9-short","$v":"Oct"},{"$i":"month-10-short","$v":"Nov"},{"$i":"month-11-short","$v":"Dec"},{"$i":"minutes-ago-long","$v":{"zero":"just now","one":"a minute ago","two":[{"t":"idOrVar","v":"value"}," minutes ago"],"few":[{"t":"idOrVar","v":"value"}," minutes ago"],"many":[{"t":"idOrVar","v":"value"}," minutes ago"],"other":[{"t":"idOrVar","v":"value"}," minutes ago"]},"$x":[{"t":"idOrVar","v":"plural"},"value"]},{"$i":"hours-ago-long","$v":{"zero":"just now","one":"an hour ago","two":[{"t":"idOrVar","v":"value"}," hours ago"],"few":[{"t":"idOrVar","v":"value"}," hours ago"],"many":[{"t":"idOrVar","v":"value"}," hours ago"],"other":[{"t":"idOrVar","v":"value"}," hours ago"]},"$x":[{"t":"idOrVar","v":"plural"},"value"]},{"$i":"days-ago-long","$v":{"zero":"today","one":"yesterday","two":[{"t":"idOrVar","v":"value"}," days ago"],"few":[{"t":"idOrVar","v":"value"}," days ago"],"many":[{"t":"idOrVar","v":"value"}," days ago"],"other":[{"t":"idOrVar","v":"value"}," days ago"]},"$x":[{"t":"idOrVar","v":"plural"},"value"]},{"$i":"weeks-ago-long","$v":{"zero":"this week","one":"last week","two":[{"t":"idOrVar","v":"value"}," weeks ago"],"few":[{"t":"idOrVar","v":"value"}," weeks ago"],"many":[{"t":"idOrVar","v":"value"}," weeks ago"],"other":[{"t":"idOrVar","v":"value"}," weeks ago"]},"$x":[{"t":"idOrVar","v":"plural"},"value"]},{"$i":"months-ago-long","$v":{"zero":"this month","one":"last month","two":[{"t":"idOrVar","v":"value"}," months ago"],"few":[{"t":"idOrVar","v":"value"}," months ago"],"many":[{"t":"idOrVar","v":"value"}," months ago"],"other":[{"t":"idOrVar","v":"value"}," months ago"]},"$x":[{"t":"idOrVar","v":"plural"},"value"]},{"$i":"years-ago-long","$v":{"zero":"this year","one":"last year","two":[{"t":"idOrVar","v":"value"}," years ago"],"few":[{"t":"idOrVar","v":"value"}," years ago"],"many":[{"t":"idOrVar","v":"value"}," years ago"],"other":[{"t":"idOrVar","v":"value"}," years ago"]},"$x":[{"t":"idOrVar","v":"plural"},"value"]},{"$i":"minutes-until-long","$v":{"zero":"now","one":"in a minute","two":["in ",{"t":"idOrVar","v":"value"}," minutes"],"few":["in ",{"t":"idOrVar","v":"value"}," minutes"],"many":["in ",{"t":"idOrVar","v":"value"}," minutes"],"other":["in ",{"t":"idOrVar","v":"value"}," minutes"]},"$x":[{"t":"idOrVar","v":"plural"},"value"]},{"$i":"hours-until-long","$v":{"zero":"now","one":"in an hour","two":["in ",{"t":"idOrVar","v":"value"}," hours"],"few":["in ",{"t":"idOrVar","v":"value"}," hours"],"many":["in ",{"t":"idOrVar","v":"value"}," hours"],"other":["in ",{"t":"idOrVar","v":"value"}," hours"]},"$x":[{"t":"idOrVar","v":"plural"},"value"]},{"$i":"days-until-long","$v":{"zero":"today","one":"tomorrow","two":["in ",{"t":"idOrVar","v":"value"}," days"],"few":["in ",{"t":"idOrVar","v":"value"}," days"],"many":["in ",{"t":"idOrVar","v":"value"}," days"],"other":["in ",{"t":"idOrVar","v":"value"}," days"]},"$x":[{"t":"idOrVar","v":"plural"},"value"]},{"$i":"weeks-until-long","$v":{"zero":"this week","one":"next week","two":["in ",{"t":"idOrVar","v":"value"}," weeks"],"few":["in ",{"t":"idOrVar","v":"value"}," weeks"],"many":["in ",{"t":"idOrVar","v":"value"}," weeks"],"other":["in ",{"t":"idOrVar","v":"value"}," weeks"]},"$x":[{"t":"idOrVar","v":"plural"},"value"]},{"$i":"months-until-long","$v":{"zero":"this month","one":"next month","two":["in ",{"t":"idOrVar","v":"value"}," months"],"few":["in ",{"t":"idOrVar","v":"value"}," months"],"many":["in ",{"t":"idOrVar","v":"value"}," months"],"other":["in ",{"t":"idOrVar","v":"value"}," months"]},"$x":[{"t":"idOrVar","v":"plural"},"value"]},{"$i":"years-until-long","$v":{"zero":"this year","one":"next year","two":["in ",{"t":"idOrVar","v":"value"}," years"],"few":["in ",{"t":"idOrVar","v":"value"}," years"],"many":["in ",{"t":"idOrVar","v":"value"}," years"],"other":["in ",{"t":"idOrVar","v":"value"}," years"]},"$x":[{"t":"idOrVar","v":"plural"},"value"]},{"$i":"minutes-ago-short","$v":{"zero":"just now","other":[{"t":"idOrVar","v":"value"},"m ago"]},"$x":[{"t":"idOrVar","v":"plural"},"value"]},{"$i":"hours-ago-short","$v":{"zero":"just now","other":[{"t":"idOrVar","v":"value"},"h ago"]},"$x":[{"t":"idOrVar","v":"plural"},"value"]},{"$i":"days-ago-short","$v":{"zero":"today","other":[{"t":"idOrVar","v":"value"},"d ago"]},"$x":[{"t":"idOrVar","v":"plural"},"value"]},{"$i":"minutes-until-short","$v":{"zero":"now","other":["in ",{"t":"idOrVar","v":"value"},"m"]},"$x":[{"t":"idOrVar","v":"plural"},"value"]},{"$i":"hours-until-short","$v":{"zero":"now","other":["in ",{"t":"idOrVar","v":"value"},"h"]},"$x":[{"t":"idOrVar","v":"plural"},"value"]},{"$i":"days-until-short","$v":{"zero":"today","other":["in ",{"t":"idOrVar","v":"value"},"d"]},"$x":[{"t":"idOrVar","v":"plural"},"value"]},{"$i":"incorrectDate","$v":"(incorrect date)"},{"$i":"dateTimeFormat_%c","$v":"%a %b %e %Y %I:%M:%S %p"},{"$i":"dateTimeFormat_%x","$v":"%m/%d/%Y"},{"$i":"dateTimeFormat_%X","$v":"%I:%M:%S %p"},{"$i":"shortTimeFormat","$v":"%I:%M %p"},{"$i":"shortTimeFormat12","$v":"%I:%M %p"},{"$i":"shortTimeFormat24","$v":"%H:%M"},{"$i":"shortDateTimeFormat","$v":"%x %I:%M %p"},{"$i":"weekStartsOnMonday","$v":"0"},{"$i":"firstDayOfTheWeek","$v":"0"},{"$i":"time_am","$v":"AM"},{"$i":"time_pm","$v":"PM"},{"$i":"sim-with-index-and-carrier","$v":["SIM ",{"t":"idOrVar","v":"index"}," - ",{"t":"idOrVar","v":"carrier"}]},{"$i":"sim-without-carrier","$v":["SIM ",{"t":"idOrVar","v":"index"}]}]