[{"$i":"callLog","$v":"Evidencija poziva"},{"$i":"all","$v":"Sve"},{"$i":"missed","$v":"Propušteni"},{"$i":"outgoing","$v":"Birani"},{"$i":"incoming","$v":"Primljeni"},{"$i":"missedCall","$v":"Propušten poziv"},{"$i":"outgoingCall","$v":"Odlazni poziv"},{"$i":"incomingCall","$v":"Dolazni poziv"},{"$i":"rttCall","$v":"RTT poziv"},{"$i":"rtt-call","$v":"RTT POZIV"},{"$i":"videoCall","$v":"Video poziv"},{"$i":"call","$v":"Pozovi"},{"$i":"options","$v":"Opcije"},{"$i":"callInformation","$v":"Informacije o pozivu"},{"$i":"sendSms","$v":"Pošalji poruku"},{"$i":"createNewContact","$v":"Kreiraj novi kontakt"},{"$i":"addToExistingContact","$v":"Dodaj postojećem kontaktu"},{"$i":"editCalllog","$v":"Uredi evidenciju poziva"},{"$i":"numberType","$v":[{"t":"idOrVar","v":"type"},", ",{"t":"idOrVar","v":"number"}]},{"$i":"withheld-number","$v":"Nepoznato"},{"$i":"unknown","$v":"Nepoznato"},{"$i":"today","$v":"Danas"},{"$i":"yesterday","$v":"Juče"},{"$i":"no-logs-msg-1","$v":"Није снимљен ниједан позив"},{"$i":"no-logs-msg-2","$v":"Počnite da komun."},{"$i":"voicemail","$v":"Govorna pošta"},{"$i":"emergencyNumber","$v":"Broj u hitnom slučaju"},{"$i":"select","$v":"Izaberi"},{"$i":"calllog-all","$v":"Sve"},{"$i":"delete","$v":"Izbriši"},{"$i":"deselect","$v":"Poništi izbor"},{"$i":"calllog-none","$v":"Nema"},{"$i":"checkedCount","$v":"selected"},{"$i":"confirmation","$v":"Potvrda"},{"$i":"deleteLog","$v":"Želite li sigurno da izbrišete odabrane unose iz evidencije poziva?"},{"$i":"delete-single-log","$v":["Želite li sigurno da izbrišete ",{"t":"idOrVar","v":"name"}," iz evidencije poziva?"]},{"$i":"blockContact","$v":"Nećete primati telefonske pozive ni poruke od ljudi sa liste blokiranja."},{"$i":"no-recent-numbers","$v":"U Dnevniku poziva nema nedavnih brojeva za biranje."},{"$i":"ok","$v":"OK"},{"$i":"cancel","$v":"Otkaži"},{"$i":"block","$v":"Blokiraj"},{"$i":"unblock","$v":"Деблокирај"},{"$i":"deletedNotification","$v":[{"t":"idOrVar","v":"n"}," unosa izbrisano"]},{"$i":"deletedNotification-1","$v":{"few":[{"t":"idOrVar","v":"n"}," unosa izbrisano"],"many":[{"t":"idOrVar","v":"n"}," unosa izbrisano"],"one":"1 stavka je izbrisana","other":[{"t":"idOrVar","v":"n"}," unosa izbrisano"],"two":[{"t":"idOrVar","v":"n"}," unosa izbrisano"]},"$x":[{"t":"idOrVar","v":"plural"},"n"]},{"$i":"durationHours","$v":{"few":["Sati: ",{"t":"idOrVar","v":"value"}],"many":["Sati: ",{"t":"idOrVar","v":"value"}],"one":"1 sat","other":["Sati: ",{"t":"idOrVar","v":"value"}],"two":["Sati: ",{"t":"idOrVar","v":"value"}],"zero":"0 sat"},"$x":[{"t":"idOrVar","v":"plural"},"value"]},{"$i":"durationMinutes","$v":{"few":[{"t":"idOrVar","v":"value"}," minuta"],"many":[{"t":"idOrVar","v":"value"}," minuta"],"one":"1 minut","other":[{"t":"idOrVar","v":"value"}," minuta"],"two":[{"t":"idOrVar","v":"value"}," minuta"],"zero":"0 minut"},"$x":[{"t":"idOrVar","v":"plural"},"value"]},{"$i":"durationSeconds","$v":{"few":["Sati: ",{"t":"idOrVar","v":"value"}],"many":["Sati: ",{"t":"idOrVar","v":"value"}],"one":"1 sekunda","other":["Sati: ",{"t":"idOrVar","v":"value"}],"two":["Sati: ",{"t":"idOrVar","v":"value"}],"zero":"0 sekundi"},"$x":[{"t":"idOrVar","v":"plural"},"value"]},{"$i":"mobile","$v":"Mobilni"},{"$i":"home","$v":"Kuća"},{"$i":"work","$v":"Posao"},{"$i":"personal","$v":"Lično"},{"$i":"other","$v":"Drugo"},{"$i":"fax-home","$v":"Faks kod kuće"},{"$i":"fax-office","$v":"Faks u kancelariji"},{"$i":"fax-other","$v":"Faks - drugo"},{"$i":"numberBlockedMessage","$v":"Овај број је блокиран. Можете питати родитеље за дозволу."},{"$i":"callAirplaneModeTitle","$v":"Režim rada u avionu je aktiviran"},{"$i":"callAirplaneModeMessage","$v":"Da biste obavili poziv, morate onemogućiti režim rada u avionu u podešavanjima."},{"$i":"emergencyDialogTitle","$v":"Nema mrežne veze"},{"$i":"emergencyDialogBodyBadNumber","$v":"Da biste obavili poziv, telefon mora biti povezan na mrežu."},{"$i":"emergencyDialogBodyDeviceNotAccepted","$v":"Mreža ne dozvoljava hitne pozive."},{"$i":"invalidNumberToDialTitle","$v":"Nevažeći broj telefona"},{"$i":"invalidNumberToDialMessage","$v":"Broj koji pokušavate da pozovete nije važeći."},{"$i":"emergency-call-only","$v":"Samo hitni pozivi"},{"$i":"emergency-call-error","$v":[{"t":"idOrVar","v":"number"}," nije broj za hitne pozive."]},{"$i":"numberIsBusyTitle","$v":"Broj je zauzet"},{"$i":"numberIsBusyMessage","$v":"Broj je trenutno zauzet. Pokušajte ponovo kasnije."},{"$i":"fdnIsActiveTitle","$v":"Opcija FDN je aktivirana"},{"$i":"fdnIsActiveMessage","$v":["Opcija FDN (brojevi fiksnog biranja) je aktivirana i sledeći broj se ne nalazi na vašoj FDN listi: ",{"t":"idOrVar","v":"number"}]},{"$i":"otherConnectionInUseTitle","$v":"Koristi se druga veza"},{"$i":"otherConnectionInUseMessage","$v":"Imate aktivan poziv na drugoj vezi. Ne možete koristiti više veza istovremeno."},{"$i":"GenericFailure","$v":"Generička greška"},{"$i":"CallFailed","$v":"Poziv nije uspeo"},{"$i":"weekday-0-long","$v":"Sunday"},{"$i":"weekday-1-long","$v":"Monday"},{"$i":"weekday-2-long","$v":"Tuesday"},{"$i":"weekday-3-long","$v":"Wednesday"},{"$i":"weekday-4-long","$v":"Thursday"},{"$i":"weekday-5-long","$v":"Friday"},{"$i":"weekday-6-long","$v":"Saturday"},{"$i":"weekday-0-short","$v":"Sun"},{"$i":"weekday-1-short","$v":"Mon"},{"$i":"weekday-2-short","$v":"Tue"},{"$i":"weekday-3-short","$v":"Wed"},{"$i":"weekday-4-short","$v":"Thu"},{"$i":"weekday-5-short","$v":"Fri"},{"$i":"weekday-6-short","$v":"Sat"},{"$i":"month-0-long","$v":"January"},{"$i":"month-1-long","$v":"February"},{"$i":"month-2-long","$v":"March"},{"$i":"month-3-long","$v":"April"},{"$i":"month-4-long","$v":"May"},{"$i":"month-5-long","$v":"June"},{"$i":"month-6-long","$v":"July"},{"$i":"month-7-long","$v":"August"},{"$i":"month-8-long","$v":"September"},{"$i":"month-9-long","$v":"October"},{"$i":"month-10-long","$v":"November"},{"$i":"month-11-long","$v":"December"},{"$i":"month-0-genitive","$v":"January"},{"$i":"month-1-genitive","$v":"February"},{"$i":"month-2-genitive","$v":"March"},{"$i":"month-3-genitive","$v":"April"},{"$i":"month-4-genitive","$v":"May"},{"$i":"month-5-genitive","$v":"June"},{"$i":"month-6-genitive","$v":"July"},{"$i":"month-7-genitive","$v":"August"},{"$i":"month-8-genitive","$v":"September"},{"$i":"month-9-genitive","$v":"October"},{"$i":"month-10-genitive","$v":"November"},{"$i":"month-11-genitive","$v":"December"},{"$i":"month-0-short","$v":"Jan"},{"$i":"month-1-short","$v":"Feb"},{"$i":"month-2-short","$v":"Mar"},{"$i":"month-3-short","$v":"Apr"},{"$i":"month-4-short","$v":"May"},{"$i":"month-5-short","$v":"Jun"},{"$i":"month-6-short","$v":"Jul"},{"$i":"month-7-short","$v":"Aug"},{"$i":"month-8-short","$v":"Sep"},{"$i":"month-9-short","$v":"Oct"},{"$i":"month-10-short","$v":"Nov"},{"$i":"month-11-short","$v":"Dec"},{"$i":"minutes-ago-long","$v":{"zero":"just now","one":"a minute ago","two":[{"t":"idOrVar","v":"value"}," minutes ago"],"few":[{"t":"idOrVar","v":"value"}," minutes ago"],"many":[{"t":"idOrVar","v":"value"}," minutes ago"],"other":[{"t":"idOrVar","v":"value"}," minutes ago"]},"$x":[{"t":"idOrVar","v":"plural"},"value"]},{"$i":"hours-ago-long","$v":{"zero":"just now","one":"an hour ago","two":[{"t":"idOrVar","v":"value"}," hours ago"],"few":[{"t":"idOrVar","v":"value"}," hours ago"],"many":[{"t":"idOrVar","v":"value"}," hours ago"],"other":[{"t":"idOrVar","v":"value"}," hours ago"]},"$x":[{"t":"idOrVar","v":"plural"},"value"]},{"$i":"days-ago-long","$v":{"zero":"today","one":"yesterday","two":[{"t":"idOrVar","v":"value"}," days ago"],"few":[{"t":"idOrVar","v":"value"}," days ago"],"many":[{"t":"idOrVar","v":"value"}," days ago"],"other":[{"t":"idOrVar","v":"value"}," days ago"]},"$x":[{"t":"idOrVar","v":"plural"},"value"]},{"$i":"weeks-ago-long","$v":{"zero":"this week","one":"last week","two":[{"t":"idOrVar","v":"value"}," weeks ago"],"few":[{"t":"idOrVar","v":"value"}," weeks ago"],"many":[{"t":"idOrVar","v":"value"}," weeks ago"],"other":[{"t":"idOrVar","v":"value"}," weeks ago"]},"$x":[{"t":"idOrVar","v":"plural"},"value"]},{"$i":"months-ago-long","$v":{"zero":"this month","one":"last month","two":[{"t":"idOrVar","v":"value"}," months ago"],"few":[{"t":"idOrVar","v":"value"}," months ago"],"many":[{"t":"idOrVar","v":"value"}," months ago"],"other":[{"t":"idOrVar","v":"value"}," months ago"]},"$x":[{"t":"idOrVar","v":"plural"},"value"]},{"$i":"years-ago-long","$v":{"zero":"this year","one":"last year","two":[{"t":"idOrVar","v":"value"}," years ago"],"few":[{"t":"idOrVar","v":"value"}," years ago"],"many":[{"t":"idOrVar","v":"value"}," years ago"],"other":[{"t":"idOrVar","v":"value"}," years ago"]},"$x":[{"t":"idOrVar","v":"plural"},"value"]},{"$i":"minutes-until-long","$v":{"zero":"now","one":"in a minute","two":["in ",{"t":"idOrVar","v":"value"}," minutes"],"few":["in ",{"t":"idOrVar","v":"value"}," minutes"],"many":["in ",{"t":"idOrVar","v":"value"}," minutes"],"other":["in ",{"t":"idOrVar","v":"value"}," minutes"]},"$x":[{"t":"idOrVar","v":"plural"},"value"]},{"$i":"hours-until-long","$v":{"zero":"now","one":"in an hour","two":["in ",{"t":"idOrVar","v":"value"}," hours"],"few":["in ",{"t":"idOrVar","v":"value"}," hours"],"many":["in ",{"t":"idOrVar","v":"value"}," hours"],"other":["in ",{"t":"idOrVar","v":"value"}," hours"]},"$x":[{"t":"idOrVar","v":"plural"},"value"]},{"$i":"days-until-long","$v":{"zero":"today","one":"tomorrow","two":["in ",{"t":"idOrVar","v":"value"}," days"],"few":["in ",{"t":"idOrVar","v":"value"}," days"],"many":["in ",{"t":"idOrVar","v":"value"}," days"],"other":["in ",{"t":"idOrVar","v":"value"}," days"]},"$x":[{"t":"idOrVar","v":"plural"},"value"]},{"$i":"weeks-until-long","$v":{"zero":"this week","one":"next week","two":["in ",{"t":"idOrVar","v":"value"}," weeks"],"few":["in ",{"t":"idOrVar","v":"value"}," weeks"],"many":["in ",{"t":"idOrVar","v":"value"}," weeks"],"other":["in ",{"t":"idOrVar","v":"value"}," weeks"]},"$x":[{"t":"idOrVar","v":"plural"},"value"]},{"$i":"months-until-long","$v":{"zero":"this month","one":"next month","two":["in ",{"t":"idOrVar","v":"value"}," months"],"few":["in ",{"t":"idOrVar","v":"value"}," months"],"many":["in ",{"t":"idOrVar","v":"value"}," months"],"other":["in ",{"t":"idOrVar","v":"value"}," months"]},"$x":[{"t":"idOrVar","v":"plural"},"value"]},{"$i":"years-until-long","$v":{"zero":"this year","one":"next year","two":["in ",{"t":"idOrVar","v":"value"}," years"],"few":["in ",{"t":"idOrVar","v":"value"}," years"],"many":["in ",{"t":"idOrVar","v":"value"}," years"],"other":["in ",{"t":"idOrVar","v":"value"}," years"]},"$x":[{"t":"idOrVar","v":"plural"},"value"]},{"$i":"minutes-ago-short","$v":{"zero":"just now","other":[{"t":"idOrVar","v":"value"},"m ago"]},"$x":[{"t":"idOrVar","v":"plural"},"value"]},{"$i":"hours-ago-short","$v":{"zero":"just now","other":[{"t":"idOrVar","v":"value"},"h ago"]},"$x":[{"t":"idOrVar","v":"plural"},"value"]},{"$i":"days-ago-short","$v":{"zero":"today","other":[{"t":"idOrVar","v":"value"},"d ago"]},"$x":[{"t":"idOrVar","v":"plural"},"value"]},{"$i":"minutes-until-short","$v":{"zero":"now","other":["in ",{"t":"idOrVar","v":"value"},"m"]},"$x":[{"t":"idOrVar","v":"plural"},"value"]},{"$i":"hours-until-short","$v":{"zero":"now","other":["in ",{"t":"idOrVar","v":"value"},"h"]},"$x":[{"t":"idOrVar","v":"plural"},"value"]},{"$i":"days-until-short","$v":{"zero":"today","other":["in ",{"t":"idOrVar","v":"value"},"d"]},"$x":[{"t":"idOrVar","v":"plural"},"value"]},{"$i":"incorrectDate","$v":"(incorrect date)"},{"$i":"dateTimeFormat_%c","$v":"%a %b %e %Y %I:%M:%S %p"},{"$i":"dateTimeFormat_%x","$v":"%m/%d/%Y"},{"$i":"dateTimeFormat_%X","$v":"%I:%M:%S %p"},{"$i":"shortTimeFormat","$v":"%I:%M %p"},{"$i":"shortTimeFormat12","$v":"%I:%M %p"},{"$i":"shortTimeFormat24","$v":"%H:%M"},{"$i":"shortDateTimeFormat","$v":"%x %I:%M %p"},{"$i":"weekStartsOnMonday","$v":"0"},{"$i":"firstDayOfTheWeek","$v":"0"},{"$i":"time_am","$v":"AM"},{"$i":"time_pm","$v":"PM"},{"$i":"sim-with-index-and-carrier","$v":["SIM ",{"t":"idOrVar","v":"index"}," - ",{"t":"idOrVar","v":"carrier"}]},{"$i":"sim-without-carrier","$v":["SIM ",{"t":"idOrVar","v":"index"}]}]