[{"$i":"callLog","$v":"Samtalslogg"},{"$i":"all","$v":"Alla"},{"$i":"missed","$v":"Missade"},{"$i":"outgoing","$v":"Uppringd"},{"$i":"incoming","$v":"Mottaget"},{"$i":"missedCall","$v":"Missat samtal"},{"$i":"outgoingCall","$v":"Utgående samtal"},{"$i":"incomingCall","$v":"Inkommande samtal"},{"$i":"rttCall","$v":"RTT-samtal"},{"$i":"rtt-call","$v":"RTT-SAMTAL"},{"$i":"videoCall","$v":"Videosamtal"},{"$i":"call","$v":"Ringa"},{"$i":"options","$v":"Alternativ"},{"$i":"callInformation","$v":"Samtalsinformation"},{"$i":"sendSms","$v":"Skicka meddelande"},{"$i":"createNewContact","$v":"Skapa ny kontakt"},{"$i":"addToExistingContact","$v":"Lägg till i befintlig kontakt"},{"$i":"editCalllog","$v":"Redigera samtalslogg"},{"$i":"numberType","$v":[{"t":"idOrVar","v":"type"},", ",{"t":"idOrVar","v":"number"}]},{"$i":"withheld-number","$v":"Okänd"},{"$i":"unknown","$v":"Okänd"},{"$i":"today","$v":"Idag"},{"$i":"yesterday","$v":"Igår"},{"$i":"no-logs-msg-1","$v":"Inga samtal inspelade"},{"$i":"no-logs-msg-2","$v":"Börja kommunicera nu"},{"$i":"voicemail","$v":"Röstmeddelande"},{"$i":"emergencyNumber","$v":"Nödsitationsnummer"},{"$i":"select","$v":"Välj"},{"$i":"calllog-all","$v":"Alla"},{"$i":"delete","$v":"Ta bort"},{"$i":"deselect","$v":"Avmarkera"},{"$i":"calllog-none","$v":"Inget"},{"$i":"checkedCount","$v":"selected"},{"$i":"confirmation","$v":"Bekräftelse"},{"$i":"deleteLog","$v":"Är du säker på att du vill ta bort valda poster från samtalsloggen?"},{"$i":"delete-single-log","$v":["Är du säker på att du vill ta bort ",{"t":"idOrVar","v":"name"}," från samtalsloggen?"]},{"$i":"blockContact","$v":"Du kommer inte att få telefonsamtal eller meddelanden från personer på blockeringslistan."},{"$i":"no-recent-numbers","$v":"Det finns inga senaste nummer att ringa i samtalsloggen."},{"$i":"ok","$v":"OK"},{"$i":"cancel","$v":"Avbryt"},{"$i":"block","$v":"Blockera"},{"$i":"unblock","$v":"avblockera"},{"$i":"deletedNotification","$v":[{"t":"idOrVar","v":"n"}," inlägg har tagits bort"]},{"$i":"deletedNotification-1","$v":{"few":[{"t":"idOrVar","v":"n"}," inlägg har tagits bort"],"many":[{"t":"idOrVar","v":"n"}," inlägg har tagits bort"],"one":"1 post har tagits bort","other":[{"t":"idOrVar","v":"n"}," inlägg har tagits bort"],"two":[{"t":"idOrVar","v":"n"}," inlägg har tagits bort"]},"$x":[{"t":"idOrVar","v":"plural"},"n"]},{"$i":"durationHours","$v":{"few":[{"t":"idOrVar","v":"value"}," timmar"],"many":[{"t":"idOrVar","v":"value"}," timmar"],"one":"1 timme","other":[{"t":"idOrVar","v":"value"}," timmar"],"two":[{"t":"idOrVar","v":"value"}," timmar"],"zero":"0 timmar"},"$x":[{"t":"idOrVar","v":"plural"},"value"]},{"$i":"durationMinutes","$v":{"few":[{"t":"idOrVar","v":"value"}," minuter"],"many":[{"t":"idOrVar","v":"value"}," minuter"],"one":"1 minut","other":[{"t":"idOrVar","v":"value"}," minuter"],"two":[{"t":"idOrVar","v":"value"}," minuter"],"zero":"0 minuter"},"$x":[{"t":"idOrVar","v":"plural"},"value"]},{"$i":"durationSeconds","$v":{"few":[{"t":"idOrVar","v":"value"}," timmar"],"many":[{"t":"idOrVar","v":"value"}," timmar"],"one":"1 sekund","other":[{"t":"idOrVar","v":"value"}," timmar"],"two":[{"t":"idOrVar","v":"value"}," timmar"],"zero":"0 sekunder"},"$x":[{"t":"idOrVar","v":"plural"},"value"]},{"$i":"mobile","$v":"Mobil"},{"$i":"home","$v":"Hem"},{"$i":"work","$v":"Arbete"},{"$i":"personal","$v":"Privat"},{"$i":"other","$v":"Annat"},{"$i":"fax-home","$v":"Fax hem"},{"$i":"fax-office","$v":"Fax kontor"},{"$i":"fax-other","$v":"Fax annan"},{"$i":"numberBlockedMessage","$v":"Detta nummer är blockerat. Du kan be dina föräldrar om tillåtelse."},{"$i":"callAirplaneModeTitle","$v":"Flygläge aktiverat"},{"$i":"callAirplaneModeMessage","$v":"Du måste inaktivera flygläge i inställningar för att kunna ringa ett samtal."},{"$i":"emergencyDialogTitle","$v":"Ingen nätverksanslutning"},{"$i":"emergencyDialogBodyBadNumber","$v":"Du måste vara ansluten till ett nätverk för att kunna ringa ett samtal."},{"$i":"emergencyDialogBodyDeviceNotAccepted","$v":"Nödsamtal tillåts inte av nätverket."},{"$i":"invalidNumberToDialTitle","$v":"Ogiltigt telefonnummer"},{"$i":"invalidNumberToDialMessage","$v":"Telefonnumret du ringer är inte giltigt."},{"$i":"emergency-call-only","$v":"Endast nödsamtal"},{"$i":"emergency-call-error","$v":[{"t":"idOrVar","v":"number"}," är inte ett nödsituationsnummer."]},{"$i":"numberIsBusyTitle","$v":"Numret är upptaget"},{"$i":"numberIsBusyMessage","$v":"Numret är upptaget. Försök igen senare."},{"$i":"fdnIsActiveTitle","$v":"FDN aktiv"},{"$i":"fdnIsActiveMessage","$v":["FDN (nummerbegräsningsnr.) är aktivt och följande nr. finns i FDN-listan: ",{"t":"idOrVar","v":"number"}]},{"$i":"otherConnectionInUseTitle","$v":"Annan anslutning används"},{"$i":"otherConnectionInUseMessage","$v":"Du har ett aktivt samtal på en annan anslutning. Du kan bara använda en anslutning åt gången."},{"$i":"GenericFailure","$v":"Allmänt fel"},{"$i":"CallFailed","$v":"Samtalet misslyckades"},{"$i":"weekday-0-long","$v":"Sunday"},{"$i":"weekday-1-long","$v":"Monday"},{"$i":"weekday-2-long","$v":"Tuesday"},{"$i":"weekday-3-long","$v":"Wednesday"},{"$i":"weekday-4-long","$v":"Thursday"},{"$i":"weekday-5-long","$v":"Friday"},{"$i":"weekday-6-long","$v":"Saturday"},{"$i":"weekday-0-short","$v":"Sun"},{"$i":"weekday-1-short","$v":"Mon"},{"$i":"weekday-2-short","$v":"Tue"},{"$i":"weekday-3-short","$v":"Wed"},{"$i":"weekday-4-short","$v":"Thu"},{"$i":"weekday-5-short","$v":"Fri"},{"$i":"weekday-6-short","$v":"Sat"},{"$i":"month-0-long","$v":"January"},{"$i":"month-1-long","$v":"February"},{"$i":"month-2-long","$v":"March"},{"$i":"month-3-long","$v":"April"},{"$i":"month-4-long","$v":"May"},{"$i":"month-5-long","$v":"June"},{"$i":"month-6-long","$v":"July"},{"$i":"month-7-long","$v":"August"},{"$i":"month-8-long","$v":"September"},{"$i":"month-9-long","$v":"October"},{"$i":"month-10-long","$v":"November"},{"$i":"month-11-long","$v":"December"},{"$i":"month-0-genitive","$v":"January"},{"$i":"month-1-genitive","$v":"February"},{"$i":"month-2-genitive","$v":"March"},{"$i":"month-3-genitive","$v":"April"},{"$i":"month-4-genitive","$v":"May"},{"$i":"month-5-genitive","$v":"June"},{"$i":"month-6-genitive","$v":"July"},{"$i":"month-7-genitive","$v":"August"},{"$i":"month-8-genitive","$v":"September"},{"$i":"month-9-genitive","$v":"October"},{"$i":"month-10-genitive","$v":"November"},{"$i":"month-11-genitive","$v":"December"},{"$i":"month-0-short","$v":"Jan"},{"$i":"month-1-short","$v":"Feb"},{"$i":"month-2-short","$v":"Mar"},{"$i":"month-3-short","$v":"Apr"},{"$i":"month-4-short","$v":"May"},{"$i":"month-5-short","$v":"Jun"},{"$i":"month-6-short","$v":"Jul"},{"$i":"month-7-short","$v":"Aug"},{"$i":"month-8-short","$v":"Sep"},{"$i":"month-9-short","$v":"Oct"},{"$i":"month-10-short","$v":"Nov"},{"$i":"month-11-short","$v":"Dec"},{"$i":"minutes-ago-long","$v":{"zero":"just now","one":"a minute ago","two":[{"t":"idOrVar","v":"value"}," minutes ago"],"few":[{"t":"idOrVar","v":"value"}," minutes ago"],"many":[{"t":"idOrVar","v":"value"}," minutes ago"],"other":[{"t":"idOrVar","v":"value"}," minutes ago"]},"$x":[{"t":"idOrVar","v":"plural"},"value"]},{"$i":"hours-ago-long","$v":{"zero":"just now","one":"an hour ago","two":[{"t":"idOrVar","v":"value"}," hours ago"],"few":[{"t":"idOrVar","v":"value"}," hours ago"],"many":[{"t":"idOrVar","v":"value"}," hours ago"],"other":[{"t":"idOrVar","v":"value"}," hours ago"]},"$x":[{"t":"idOrVar","v":"plural"},"value"]},{"$i":"days-ago-long","$v":{"zero":"today","one":"yesterday","two":[{"t":"idOrVar","v":"value"}," days ago"],"few":[{"t":"idOrVar","v":"value"}," days ago"],"many":[{"t":"idOrVar","v":"value"}," days ago"],"other":[{"t":"idOrVar","v":"value"}," days ago"]},"$x":[{"t":"idOrVar","v":"plural"},"value"]},{"$i":"weeks-ago-long","$v":{"zero":"this week","one":"last week","two":[{"t":"idOrVar","v":"value"}," weeks ago"],"few":[{"t":"idOrVar","v":"value"}," weeks ago"],"many":[{"t":"idOrVar","v":"value"}," weeks ago"],"other":[{"t":"idOrVar","v":"value"}," weeks ago"]},"$x":[{"t":"idOrVar","v":"plural"},"value"]},{"$i":"months-ago-long","$v":{"zero":"this month","one":"last month","two":[{"t":"idOrVar","v":"value"}," months ago"],"few":[{"t":"idOrVar","v":"value"}," months ago"],"many":[{"t":"idOrVar","v":"value"}," months ago"],"other":[{"t":"idOrVar","v":"value"}," months ago"]},"$x":[{"t":"idOrVar","v":"plural"},"value"]},{"$i":"years-ago-long","$v":{"zero":"this year","one":"last year","two":[{"t":"idOrVar","v":"value"}," years ago"],"few":[{"t":"idOrVar","v":"value"}," years ago"],"many":[{"t":"idOrVar","v":"value"}," years ago"],"other":[{"t":"idOrVar","v":"value"}," years ago"]},"$x":[{"t":"idOrVar","v":"plural"},"value"]},{"$i":"minutes-until-long","$v":{"zero":"now","one":"in a minute","two":["in ",{"t":"idOrVar","v":"value"}," minutes"],"few":["in ",{"t":"idOrVar","v":"value"}," minutes"],"many":["in ",{"t":"idOrVar","v":"value"}," minutes"],"other":["in ",{"t":"idOrVar","v":"value"}," minutes"]},"$x":[{"t":"idOrVar","v":"plural"},"value"]},{"$i":"hours-until-long","$v":{"zero":"now","one":"in an hour","two":["in ",{"t":"idOrVar","v":"value"}," hours"],"few":["in ",{"t":"idOrVar","v":"value"}," hours"],"many":["in ",{"t":"idOrVar","v":"value"}," hours"],"other":["in ",{"t":"idOrVar","v":"value"}," hours"]},"$x":[{"t":"idOrVar","v":"plural"},"value"]},{"$i":"days-until-long","$v":{"zero":"today","one":"tomorrow","two":["in ",{"t":"idOrVar","v":"value"}," days"],"few":["in ",{"t":"idOrVar","v":"value"}," days"],"many":["in ",{"t":"idOrVar","v":"value"}," days"],"other":["in ",{"t":"idOrVar","v":"value"}," days"]},"$x":[{"t":"idOrVar","v":"plural"},"value"]},{"$i":"weeks-until-long","$v":{"zero":"this week","one":"next week","two":["in ",{"t":"idOrVar","v":"value"}," weeks"],"few":["in ",{"t":"idOrVar","v":"value"}," weeks"],"many":["in ",{"t":"idOrVar","v":"value"}," weeks"],"other":["in ",{"t":"idOrVar","v":"value"}," weeks"]},"$x":[{"t":"idOrVar","v":"plural"},"value"]},{"$i":"months-until-long","$v":{"zero":"this month","one":"next month","two":["in ",{"t":"idOrVar","v":"value"}," months"],"few":["in ",{"t":"idOrVar","v":"value"}," months"],"many":["in ",{"t":"idOrVar","v":"value"}," months"],"other":["in ",{"t":"idOrVar","v":"value"}," months"]},"$x":[{"t":"idOrVar","v":"plural"},"value"]},{"$i":"years-until-long","$v":{"zero":"this year","one":"next year","two":["in ",{"t":"idOrVar","v":"value"}," years"],"few":["in ",{"t":"idOrVar","v":"value"}," years"],"many":["in ",{"t":"idOrVar","v":"value"}," years"],"other":["in ",{"t":"idOrVar","v":"value"}," years"]},"$x":[{"t":"idOrVar","v":"plural"},"value"]},{"$i":"minutes-ago-short","$v":{"zero":"just now","other":[{"t":"idOrVar","v":"value"},"m ago"]},"$x":[{"t":"idOrVar","v":"plural"},"value"]},{"$i":"hours-ago-short","$v":{"zero":"just now","other":[{"t":"idOrVar","v":"value"},"h ago"]},"$x":[{"t":"idOrVar","v":"plural"},"value"]},{"$i":"days-ago-short","$v":{"zero":"today","other":[{"t":"idOrVar","v":"value"},"d ago"]},"$x":[{"t":"idOrVar","v":"plural"},"value"]},{"$i":"minutes-until-short","$v":{"zero":"now","other":["in ",{"t":"idOrVar","v":"value"},"m"]},"$x":[{"t":"idOrVar","v":"plural"},"value"]},{"$i":"hours-until-short","$v":{"zero":"now","other":["in ",{"t":"idOrVar","v":"value"},"h"]},"$x":[{"t":"idOrVar","v":"plural"},"value"]},{"$i":"days-until-short","$v":{"zero":"today","other":["in ",{"t":"idOrVar","v":"value"},"d"]},"$x":[{"t":"idOrVar","v":"plural"},"value"]},{"$i":"incorrectDate","$v":"(incorrect date)"},{"$i":"dateTimeFormat_%c","$v":"%a %b %e %Y %I:%M:%S %p"},{"$i":"dateTimeFormat_%x","$v":"%m/%d/%Y"},{"$i":"dateTimeFormat_%X","$v":"%I:%M:%S %p"},{"$i":"shortTimeFormat","$v":"%I:%M %p"},{"$i":"shortTimeFormat12","$v":"%I:%M %p"},{"$i":"shortTimeFormat24","$v":"%H:%M"},{"$i":"shortDateTimeFormat","$v":"%x %I:%M %p"},{"$i":"weekStartsOnMonday","$v":"0"},{"$i":"firstDayOfTheWeek","$v":"0"},{"$i":"time_am","$v":"AM"},{"$i":"time_pm","$v":"PM"},{"$i":"sim-with-index-and-carrier","$v":["SIM ",{"t":"idOrVar","v":"index"}," - ",{"t":"idOrVar","v":"carrier"}]},{"$i":"sim-without-carrier","$v":["SIM ",{"t":"idOrVar","v":"index"}]}]