[{"$i":"callLog","$v":"Kumbukumbu ya Simu"},{"$i":"all","$v":"Zote"},{"$i":"missed","$v":"Uliokosa"},{"$i":"outgoing","$v":"Imepigwa"},{"$i":"incoming","$v":"Uliopokewa"},{"$i":"missedCall","$v":"Simu uliyokosa"},{"$i":"outgoingCall","$v":"Simu inayotoka"},{"$i":"incomingCall","$v":"Simu Inayoingia"},{"$i":"rttCall","$v":"Simu ya RTT"},{"$i":"rtt-call","$v":"SIMU YA RTT"},{"$i":"videoCall","$v":"Simu ya video"},{"$i":"call","$v":"Piga simu"},{"$i":"options","$v":"Chaguo"},{"$i":"callInformation","$v":"Maelezo ya Simu"},{"$i":"sendSms","$v":"Tuma Ujumbe"},{"$i":"createNewContact","$v":"Unda Anwani Mpya"},{"$i":"addToExistingContact","$v":"Ongeza kwenye Anwani Iliyopo"},{"$i":"editCalllog","$v":"Hariri kumbukumbu ya simu"},{"$i":"numberType","$v":[{"t":"idOrVar","v":"type"},", ",{"t":"idOrVar","v":"number"}]},{"$i":"withheld-number","$v":"Isiyojulikana"},{"$i":"unknown","$v":"Isiyojulikana"},{"$i":"today","$v":"Leo"},{"$i":"yesterday","$v":"Jana"},{"$i":"no-logs-msg-1","$v":"Hakuna simu zimerekodiwa"},{"$i":"no-logs-msg-2","$v":"Anzisha mawasiliano sasa hivi"},{"$i":"voicemail","$v":"Ujumbe wa sauti"},{"$i":"emergencyNumber","$v":"Simu ya Dharura"},{"$i":"select","$v":"Chagua"},{"$i":"calllog-all","$v":"Zote"},{"$i":"delete","$v":"Futa"},{"$i":"deselect","$v":"Tengua uteuzi"},{"$i":"calllog-none","$v":"Hamna"},{"$i":"checkedCount","$v":"imechaguliwa"},{"$i":"confirmation","$v":"Uthibitishaji"},{"$i":"deleteLog","$v":"Una uhakika unataka kufuta maingizo yaliyochaguliwa kutoka kwenye Kumbukumbu ya Simu?"},{"$i":"delete-single-log","$v":["Una uhakika kuwa unataka kufuta ",{"t":"idOrVar","v":"name"}," kwenye Kumbukumbu ya Simu?"]},{"$i":"blockContact","$v":"Hutaweza kupokea simu na ujumbe kutoka kwa watu walio kwenye orodha ya kuzuia."},{"$i":"no-recent-numbers","$v":"Hakuna nambari za hivi majuzi katika Kumbukumbu za Simu za kupiga."},{"$i":"ok","$v":"SAWA"},{"$i":"cancel","$v":"Ghairi"},{"$i":"block","$v":"Zuia"},{"$i":"unblock","$v":"Fungua"},{"$i":"deletedNotification","$v":["Maingizo ",{"t":"idOrVar","v":"n"}," yalifutwa"]},{"$i":"deletedNotification-1","$v":{"few":["Maingizo ",{"t":"idOrVar","v":"n"}," yalifutwa"],"many":["Maingizo ",{"t":"idOrVar","v":"n"}," yalifutwa"],"one":"Kipengee 1 kimefutwa","other":["Maingizo ",{"t":"idOrVar","v":"n"}," yalifutwa"],"two":["Maingizo ",{"t":"idOrVar","v":"n"}," yalifutwa"]},"$x":[{"t":"idOrVar","v":"plural"},"n"]},{"$i":"durationHours","$v":{"few":["Saa ",{"t":"idOrVar","v":"value"}],"many":["Saa ",{"t":"idOrVar","v":"value"}],"one":"Saa 1","other":["Saa ",{"t":"idOrVar","v":"value"}],"two":["Saa ",{"t":"idOrVar","v":"value"}],"zero":"Saa 0"},"$x":[{"t":"idOrVar","v":"plural"},"value"]},{"$i":"durationMinutes","$v":{"few":["Dakika ",{"t":"idOrVar","v":"value"}],"many":["Dakika ",{"t":"idOrVar","v":"value"}],"one":"dakika 1","other":["Dakika ",{"t":"idOrVar","v":"value"}],"two":["Dakika ",{"t":"idOrVar","v":"value"}],"zero":"dakika 0"},"$x":[{"t":"idOrVar","v":"plural"},"value"]},{"$i":"durationSeconds","$v":{"few":["Sekunde ",{"t":"idOrVar","v":"value"}],"many":["Sekunde ",{"t":"idOrVar","v":"value"}],"one":"Sekunde 1","other":["Sekunde ",{"t":"idOrVar","v":"value"}],"two":["Sekunde ",{"t":"idOrVar","v":"value"}],"zero":"Sekunde 0"},"$x":[{"t":"idOrVar","v":"plural"},"value"]},{"$i":"mobile","$v":"Simu ya mkononi"},{"$i":"home","$v":"Nyumbani"},{"$i":"work","$v":"Kazi"},{"$i":"personal","$v":"Ya kibinafsi"},{"$i":"other","$v":"Nyingine"},{"$i":"fax-home","$v":"Faksi ya nyumbani"},{"$i":"fax-office","$v":"Faksi ya ofisi"},{"$i":"fax-other","$v":"Faksi nyingine"},{"$i":"numberBlockedMessage","$v":"Nambari hii imefungwa. Unaweza kuwaomba wazazi wako ruhusa."},{"$i":"callAirplaneModeTitle","$v":"Modi ya ndege imeamilishwa"},{"$i":"callAirplaneModeMessage","$v":"Ili upige simu unahitaji kulemaza modi ya ndege katika mipangilio."},{"$i":"emergencyDialogTitle","$v":"Hakuna muunganisho wa mtandao"},{"$i":"emergencyDialogBodyBadNumber","$v":"Ili upige simu, lazime simu iwe imeunganishwa kwenye mtandao."},{"$i":"emergencyDialogBodyDeviceNotAccepted","$v":"Simu za dharura haziruhusiwi na mtandao."},{"$i":"invalidNumberToDialTitle","$v":"Nambari ya simu isiyo halali"},{"$i":"invalidNumberToDialMessage","$v":"Nambari ya simu unayopiga sio halali"},{"$i":"emergency-call-only","$v":"Simu za Dharura Pekee"},{"$i":"emergency-call-error","$v":[{"t":"idOrVar","v":"number"}," sio nambari ya dharura."]},{"$i":"numberIsBusyTitle","$v":"Nambati inatumika"},{"$i":"numberIsBusyMessage","$v":"Nambari inatumika kwa sasa. Tafadhali jaribu tena baadaye."},{"$i":"fdnIsActiveTitle","$v":"FDN imeamilishwa"},{"$i":"fdnIsActiveMessage","$v":["FDN (Nambari ya Simu ya Kudumu) imeamilishwa na nambari inayofuata haiko katika orodha yako ya FDN: ",{"t":"idOrVar","v":"number"}]},{"$i":"otherConnectionInUseTitle","$v":"Muunganisho mwingine unatumika"},{"$i":"otherConnectionInUseMessage","$v":"Una simu inayoendelea kwenye muunganisho mwingine. Unaweza kutumia muunganisho mmoja tu kwa wakati mmoja."},{"$i":"GenericFailure","$v":"Hitilafu jenasi"},{"$i":"CallFailed","$v":"Simu haijafaulu"},{"$i":"weekday-0-long","$v":"Sunday"},{"$i":"weekday-1-long","$v":"Monday"},{"$i":"weekday-2-long","$v":"Tuesday"},{"$i":"weekday-3-long","$v":"Wednesday"},{"$i":"weekday-4-long","$v":"Thursday"},{"$i":"weekday-5-long","$v":"Friday"},{"$i":"weekday-6-long","$v":"Saturday"},{"$i":"weekday-0-short","$v":"Sun"},{"$i":"weekday-1-short","$v":"Mon"},{"$i":"weekday-2-short","$v":"Tue"},{"$i":"weekday-3-short","$v":"Wed"},{"$i":"weekday-4-short","$v":"Thu"},{"$i":"weekday-5-short","$v":"Fri"},{"$i":"weekday-6-short","$v":"Sat"},{"$i":"month-0-long","$v":"January"},{"$i":"month-1-long","$v":"February"},{"$i":"month-2-long","$v":"March"},{"$i":"month-3-long","$v":"April"},{"$i":"month-4-long","$v":"May"},{"$i":"month-5-long","$v":"June"},{"$i":"month-6-long","$v":"July"},{"$i":"month-7-long","$v":"August"},{"$i":"month-8-long","$v":"September"},{"$i":"month-9-long","$v":"October"},{"$i":"month-10-long","$v":"November"},{"$i":"month-11-long","$v":"December"},{"$i":"month-0-genitive","$v":"January"},{"$i":"month-1-genitive","$v":"February"},{"$i":"month-2-genitive","$v":"March"},{"$i":"month-3-genitive","$v":"April"},{"$i":"month-4-genitive","$v":"May"},{"$i":"month-5-genitive","$v":"June"},{"$i":"month-6-genitive","$v":"July"},{"$i":"month-7-genitive","$v":"August"},{"$i":"month-8-genitive","$v":"September"},{"$i":"month-9-genitive","$v":"October"},{"$i":"month-10-genitive","$v":"November"},{"$i":"month-11-genitive","$v":"December"},{"$i":"month-0-short","$v":"Jan"},{"$i":"month-1-short","$v":"Feb"},{"$i":"month-2-short","$v":"Mar"},{"$i":"month-3-short","$v":"Apr"},{"$i":"month-4-short","$v":"May"},{"$i":"month-5-short","$v":"Jun"},{"$i":"month-6-short","$v":"Jul"},{"$i":"month-7-short","$v":"Aug"},{"$i":"month-8-short","$v":"Sep"},{"$i":"month-9-short","$v":"Oct"},{"$i":"month-10-short","$v":"Nov"},{"$i":"month-11-short","$v":"Dec"},{"$i":"minutes-ago-long","$v":{"zero":"just now","one":"a minute ago","two":[{"t":"idOrVar","v":"value"}," minutes ago"],"few":[{"t":"idOrVar","v":"value"}," minutes ago"],"many":[{"t":"idOrVar","v":"value"}," minutes ago"],"other":[{"t":"idOrVar","v":"value"}," minutes ago"]},"$x":[{"t":"idOrVar","v":"plural"},"value"]},{"$i":"hours-ago-long","$v":{"zero":"just now","one":"an hour ago","two":[{"t":"idOrVar","v":"value"}," hours ago"],"few":[{"t":"idOrVar","v":"value"}," hours ago"],"many":[{"t":"idOrVar","v":"value"}," hours ago"],"other":[{"t":"idOrVar","v":"value"}," hours ago"]},"$x":[{"t":"idOrVar","v":"plural"},"value"]},{"$i":"days-ago-long","$v":{"zero":"today","one":"yesterday","two":[{"t":"idOrVar","v":"value"}," days ago"],"few":[{"t":"idOrVar","v":"value"}," days ago"],"many":[{"t":"idOrVar","v":"value"}," days ago"],"other":[{"t":"idOrVar","v":"value"}," days ago"]},"$x":[{"t":"idOrVar","v":"plural"},"value"]},{"$i":"weeks-ago-long","$v":{"zero":"this week","one":"last week","two":[{"t":"idOrVar","v":"value"}," weeks ago"],"few":[{"t":"idOrVar","v":"value"}," weeks ago"],"many":[{"t":"idOrVar","v":"value"}," weeks ago"],"other":[{"t":"idOrVar","v":"value"}," weeks ago"]},"$x":[{"t":"idOrVar","v":"plural"},"value"]},{"$i":"months-ago-long","$v":{"zero":"this month","one":"last month","two":[{"t":"idOrVar","v":"value"}," months ago"],"few":[{"t":"idOrVar","v":"value"}," months ago"],"many":[{"t":"idOrVar","v":"value"}," months ago"],"other":[{"t":"idOrVar","v":"value"}," months ago"]},"$x":[{"t":"idOrVar","v":"plural"},"value"]},{"$i":"years-ago-long","$v":{"zero":"this year","one":"last year","two":[{"t":"idOrVar","v":"value"}," years ago"],"few":[{"t":"idOrVar","v":"value"}," years ago"],"many":[{"t":"idOrVar","v":"value"}," years ago"],"other":[{"t":"idOrVar","v":"value"}," years ago"]},"$x":[{"t":"idOrVar","v":"plural"},"value"]},{"$i":"minutes-until-long","$v":{"zero":"now","one":"in a minute","two":["in ",{"t":"idOrVar","v":"value"}," minutes"],"few":["in ",{"t":"idOrVar","v":"value"}," minutes"],"many":["in ",{"t":"idOrVar","v":"value"}," minutes"],"other":["in ",{"t":"idOrVar","v":"value"}," minutes"]},"$x":[{"t":"idOrVar","v":"plural"},"value"]},{"$i":"hours-until-long","$v":{"zero":"now","one":"in an hour","two":["in ",{"t":"idOrVar","v":"value"}," hours"],"few":["in ",{"t":"idOrVar","v":"value"}," hours"],"many":["in ",{"t":"idOrVar","v":"value"}," hours"],"other":["in ",{"t":"idOrVar","v":"value"}," hours"]},"$x":[{"t":"idOrVar","v":"plural"},"value"]},{"$i":"days-until-long","$v":{"zero":"today","one":"tomorrow","two":["in ",{"t":"idOrVar","v":"value"}," days"],"few":["in ",{"t":"idOrVar","v":"value"}," days"],"many":["in ",{"t":"idOrVar","v":"value"}," days"],"other":["in ",{"t":"idOrVar","v":"value"}," days"]},"$x":[{"t":"idOrVar","v":"plural"},"value"]},{"$i":"weeks-until-long","$v":{"zero":"this week","one":"next week","two":["in ",{"t":"idOrVar","v":"value"}," weeks"],"few":["in ",{"t":"idOrVar","v":"value"}," weeks"],"many":["in ",{"t":"idOrVar","v":"value"}," weeks"],"other":["in ",{"t":"idOrVar","v":"value"}," weeks"]},"$x":[{"t":"idOrVar","v":"plural"},"value"]},{"$i":"months-until-long","$v":{"zero":"this month","one":"next month","two":["in ",{"t":"idOrVar","v":"value"}," months"],"few":["in ",{"t":"idOrVar","v":"value"}," months"],"many":["in ",{"t":"idOrVar","v":"value"}," months"],"other":["in ",{"t":"idOrVar","v":"value"}," months"]},"$x":[{"t":"idOrVar","v":"plural"},"value"]},{"$i":"years-until-long","$v":{"zero":"this year","one":"next year","two":["in ",{"t":"idOrVar","v":"value"}," years"],"few":["in ",{"t":"idOrVar","v":"value"}," years"],"many":["in ",{"t":"idOrVar","v":"value"}," years"],"other":["in ",{"t":"idOrVar","v":"value"}," years"]},"$x":[{"t":"idOrVar","v":"plural"},"value"]},{"$i":"minutes-ago-short","$v":{"zero":"just now","other":[{"t":"idOrVar","v":"value"},"m ago"]},"$x":[{"t":"idOrVar","v":"plural"},"value"]},{"$i":"hours-ago-short","$v":{"zero":"just now","other":[{"t":"idOrVar","v":"value"},"h ago"]},"$x":[{"t":"idOrVar","v":"plural"},"value"]},{"$i":"days-ago-short","$v":{"zero":"today","other":[{"t":"idOrVar","v":"value"},"d ago"]},"$x":[{"t":"idOrVar","v":"plural"},"value"]},{"$i":"minutes-until-short","$v":{"zero":"now","other":["in ",{"t":"idOrVar","v":"value"},"m"]},"$x":[{"t":"idOrVar","v":"plural"},"value"]},{"$i":"hours-until-short","$v":{"zero":"now","other":["in ",{"t":"idOrVar","v":"value"},"h"]},"$x":[{"t":"idOrVar","v":"plural"},"value"]},{"$i":"days-until-short","$v":{"zero":"today","other":["in ",{"t":"idOrVar","v":"value"},"d"]},"$x":[{"t":"idOrVar","v":"plural"},"value"]},{"$i":"incorrectDate","$v":"(incorrect date)"},{"$i":"dateTimeFormat_%c","$v":"%a %b %e %Y %I:%M:%S %p"},{"$i":"dateTimeFormat_%x","$v":"%m/%d/%Y"},{"$i":"dateTimeFormat_%X","$v":"%I:%M:%S %p"},{"$i":"shortTimeFormat","$v":"%I:%M %p"},{"$i":"shortTimeFormat12","$v":"%I:%M %p"},{"$i":"shortTimeFormat24","$v":"%H:%M"},{"$i":"shortDateTimeFormat","$v":"%x %I:%M %p"},{"$i":"weekStartsOnMonday","$v":"0"},{"$i":"firstDayOfTheWeek","$v":"0"},{"$i":"time_am","$v":"AM"},{"$i":"time_pm","$v":"PM"},{"$i":"sim-with-index-and-carrier","$v":["SIM ",{"t":"idOrVar","v":"index"}," - ",{"t":"idOrVar","v":"carrier"}]},{"$i":"sim-without-carrier","$v":["SIM ",{"t":"idOrVar","v":"index"}]}]