[{"$i":"callLog","$v":"Nhật ký Cuộc gọi"},{"$i":"all","$v":"Tất cả"},{"$i":"missed","$v":"Nhỡ"},{"$i":"outgoing","$v":"Đã quay số"},{"$i":"incoming","$v":"Đã nhận"},{"$i":"missedCall","$v":"Cuộc gọi nhỡ"},{"$i":"outgoingCall","$v":"Cuộc gọi đi"},{"$i":"incomingCall","$v":"Cuộc gọi Đến"},{"$i":"rttCall","$v":"Cuộc gọi RTT"},{"$i":"rtt-call","$v":"CUỘC GỌI RTT"},{"$i":"videoCall","$v":"Cuộc gọi video"},{"$i":"call","$v":"Gọi"},{"$i":"options","$v":"Tùy chọn"},{"$i":"callInformation","$v":"Thông tin Cuộc gọi"},{"$i":"sendSms","$v":"Gửi Tin nhắn"},{"$i":"createNewContact","$v":"Tạo Liên hệ Mới"},{"$i":"addToExistingContact","$v":"Thêm vào Liên hệ Hiện tại"},{"$i":"editCalllog","$v":"Chỉnh sửa nhật ký cuộc gọi"},{"$i":"numberType","$v":[{"t":"idOrVar","v":"type"},", ",{"t":"idOrVar","v":"number"}]},{"$i":"withheld-number","$v":"Không xác định"},{"$i":"unknown","$v":"Không xác định"},{"$i":"today","$v":"Hôm nay"},{"$i":"yesterday","$v":"Hôm qua"},{"$i":"no-logs-msg-1","$v":"Không ghi lại cuộc gọi nào"},{"$i":"no-logs-msg-2","$v":"Bắt đầu trò chuyện ngay"},{"$i":"voicemail","$v":"Thư thoại"},{"$i":"emergencyNumber","$v":"Cuộc gọi Khẩn cấp"},{"$i":"select","$v":"Chọn"},{"$i":"calllog-all","$v":"Tất cả"},{"$i":"delete","$v":"Xóa"},{"$i":"deselect","$v":"Bỏ chọn"},{"$i":"calllog-none","$v":"Không"},{"$i":"checkedCount","$v":"đã chọn"},{"$i":"confirmation","$v":"Xác nhận"},{"$i":"deleteLog","$v":"Bạn có chắc chắn muốn xóa các mục nhập đã chọn từ Nhật ký Cuộc gọi không?"},{"$i":"delete-single-log","$v":["Bạn có chắc chắn muốn xóa ",{"t":"idOrVar","v":"name"}," khỏi Nhật ký Cuộc gọi không?"]},{"$i":"blockContact","$v":"Bạn sẽ không nhận được cuộc gọi điện thoại, tin nhắn từ những người trong danh sách chặn."},{"$i":"no-recent-numbers","$v":"Không có số gần đây nào trong Nhật ký Cuộc gọi để quay số."},{"$i":"ok","$v":"OK"},{"$i":"cancel","$v":"Hủy"},{"$i":"block","$v":"Chặn"},{"$i":"unblock","$v":"Bỏ chặn"},{"$i":"deletedNotification","$v":["Đã xóa các ",{"t":"idOrVar","v":"n"}," mục nhập"]},{"$i":"deletedNotification-1","$v":{"few":["Đã xóa các ",{"t":"idOrVar","v":"n"}," mục nhập"],"many":["Đã xóa các ",{"t":"idOrVar","v":"n"}," mục nhập"],"one":"Đã xóa 1 mục nhập","other":["Đã xóa các ",{"t":"idOrVar","v":"n"}," mục nhập"],"two":["Đã xóa các ",{"t":"idOrVar","v":"n"}," mục nhập"]},"$x":[{"t":"idOrVar","v":"plural"},"n"]},{"$i":"durationHours","$v":{"few":[{"t":"idOrVar","v":"value"}," giờ"],"many":[{"t":"idOrVar","v":"value"}," giờ"],"one":"1 giờ","other":[{"t":"idOrVar","v":"value"}," giờ"],"two":[{"t":"idOrVar","v":"value"}," giờ"],"zero":"0 giờ"},"$x":[{"t":"idOrVar","v":"plural"},"value"]},{"$i":"durationMinutes","$v":{"few":[{"t":"idOrVar","v":"value"}," phút"],"many":[{"t":"idOrVar","v":"value"}," phút"],"one":"1 phút","other":[{"t":"idOrVar","v":"value"}," phút"],"two":[{"t":"idOrVar","v":"value"}," phút"],"zero":"0 phút"},"$x":[{"t":"idOrVar","v":"plural"},"value"]},{"$i":"durationSeconds","$v":{"few":[{"t":"idOrVar","v":"value"}," giây"],"many":[{"t":"idOrVar","v":"value"}," giây"],"one":"1 giây","other":[{"t":"idOrVar","v":"value"}," giây"],"two":[{"t":"idOrVar","v":"value"}," giây"],"zero":"0 giây"},"$x":[{"t":"idOrVar","v":"plural"},"value"]},{"$i":"mobile","$v":"Di động"},{"$i":"home","$v":"Màn hình chính"},{"$i":"work","$v":"Công việc"},{"$i":"personal","$v":"Cá nhân"},{"$i":"other","$v":"Khác"},{"$i":"fax-home","$v":"Fax tại nhà"},{"$i":"fax-office","$v":"Fax văn phòng"},{"$i":"fax-other","$v":"Fax khác"},{"$i":"numberBlockedMessage","$v":"Số này bị chăn. Bạn có thể yêu cầu phụ huynh để được cho phép."},{"$i":"callAirplaneModeTitle","$v":"Chế độ máy bay được kích hoạt"},{"$i":"callAirplaneModeMessage","$v":"Để thực hiện cuộc gọi, bạn cần tắt chế độ máy bay trong cài đặt."},{"$i":"emergencyDialogTitle","$v":"Không có kết nối mạng"},{"$i":"emergencyDialogBodyBadNumber","$v":"Để thực hiện một cuộc gọi, phải kết nối điện thoại với mạng."},{"$i":"emergencyDialogBodyDeviceNotAccepted","$v":"Mạng không cho phép các cuộc gọi khẩn cấp."},{"$i":"invalidNumberToDialTitle","$v":"Số điện thoại không hợp lệ"},{"$i":"invalidNumberToDialMessage","$v":"Số điện thoại bạn đang gọi không hợp lệ."},{"$i":"emergency-call-only","$v":"Chỉ Cuộc gọi Khẩn cấp"},{"$i":"emergency-call-error","$v":[{"t":"idOrVar","v":"number"}," không phải là số khẩn cấp."]},{"$i":"numberIsBusyTitle","$v":"Số điện thoại đang bận"},{"$i":"numberIsBusyMessage","$v":"Số điện thoại hiện đang bận. Vui lòng gọi lại sau."},{"$i":"fdnIsActiveTitle","$v":"FDN đang hoạt động"},{"$i":"fdnIsActiveMessage","$v":["FDN (Số Quay số Cố định) được kích hoạt và số sau đây không nằm trong danh sách FDN của bạn: ",{"t":"idOrVar","v":"number"}]},{"$i":"otherConnectionInUseTitle","$v":"Đang sử dụng kết nối khác"},{"$i":"otherConnectionInUseMessage","$v":"Bạn đang có một cuộc gọi trên một kết nối khác. Bạn chỉ có thể sử dụng một kết nối một lần."},{"$i":"GenericFailure","$v":"Hỏng hóc chung"},{"$i":"CallFailed","$v":"Cuộc gọi không thành công"},{"$i":"weekday-0-long","$v":"Sunday"},{"$i":"weekday-1-long","$v":"Monday"},{"$i":"weekday-2-long","$v":"Tuesday"},{"$i":"weekday-3-long","$v":"Wednesday"},{"$i":"weekday-4-long","$v":"Thursday"},{"$i":"weekday-5-long","$v":"Friday"},{"$i":"weekday-6-long","$v":"Saturday"},{"$i":"weekday-0-short","$v":"Sun"},{"$i":"weekday-1-short","$v":"Mon"},{"$i":"weekday-2-short","$v":"Tue"},{"$i":"weekday-3-short","$v":"Wed"},{"$i":"weekday-4-short","$v":"Thu"},{"$i":"weekday-5-short","$v":"Fri"},{"$i":"weekday-6-short","$v":"Sat"},{"$i":"month-0-long","$v":"January"},{"$i":"month-1-long","$v":"February"},{"$i":"month-2-long","$v":"March"},{"$i":"month-3-long","$v":"April"},{"$i":"month-4-long","$v":"May"},{"$i":"month-5-long","$v":"June"},{"$i":"month-6-long","$v":"July"},{"$i":"month-7-long","$v":"August"},{"$i":"month-8-long","$v":"September"},{"$i":"month-9-long","$v":"October"},{"$i":"month-10-long","$v":"November"},{"$i":"month-11-long","$v":"December"},{"$i":"month-0-genitive","$v":"January"},{"$i":"month-1-genitive","$v":"February"},{"$i":"month-2-genitive","$v":"March"},{"$i":"month-3-genitive","$v":"April"},{"$i":"month-4-genitive","$v":"May"},{"$i":"month-5-genitive","$v":"June"},{"$i":"month-6-genitive","$v":"July"},{"$i":"month-7-genitive","$v":"August"},{"$i":"month-8-genitive","$v":"September"},{"$i":"month-9-genitive","$v":"October"},{"$i":"month-10-genitive","$v":"November"},{"$i":"month-11-genitive","$v":"December"},{"$i":"month-0-short","$v":"Jan"},{"$i":"month-1-short","$v":"Feb"},{"$i":"month-2-short","$v":"Mar"},{"$i":"month-3-short","$v":"Apr"},{"$i":"month-4-short","$v":"May"},{"$i":"month-5-short","$v":"Jun"},{"$i":"month-6-short","$v":"Jul"},{"$i":"month-7-short","$v":"Aug"},{"$i":"month-8-short","$v":"Sep"},{"$i":"month-9-short","$v":"Oct"},{"$i":"month-10-short","$v":"Nov"},{"$i":"month-11-short","$v":"Dec"},{"$i":"minutes-ago-long","$v":{"zero":"just now","one":"a minute ago","two":[{"t":"idOrVar","v":"value"}," minutes ago"],"few":[{"t":"idOrVar","v":"value"}," minutes ago"],"many":[{"t":"idOrVar","v":"value"}," minutes ago"],"other":[{"t":"idOrVar","v":"value"}," minutes ago"]},"$x":[{"t":"idOrVar","v":"plural"},"value"]},{"$i":"hours-ago-long","$v":{"zero":"just now","one":"an hour ago","two":[{"t":"idOrVar","v":"value"}," hours ago"],"few":[{"t":"idOrVar","v":"value"}," hours ago"],"many":[{"t":"idOrVar","v":"value"}," hours ago"],"other":[{"t":"idOrVar","v":"value"}," hours ago"]},"$x":[{"t":"idOrVar","v":"plural"},"value"]},{"$i":"days-ago-long","$v":{"zero":"today","one":"yesterday","two":[{"t":"idOrVar","v":"value"}," days ago"],"few":[{"t":"idOrVar","v":"value"}," days ago"],"many":[{"t":"idOrVar","v":"value"}," days ago"],"other":[{"t":"idOrVar","v":"value"}," days ago"]},"$x":[{"t":"idOrVar","v":"plural"},"value"]},{"$i":"weeks-ago-long","$v":{"zero":"this week","one":"last week","two":[{"t":"idOrVar","v":"value"}," weeks ago"],"few":[{"t":"idOrVar","v":"value"}," weeks ago"],"many":[{"t":"idOrVar","v":"value"}," weeks ago"],"other":[{"t":"idOrVar","v":"value"}," weeks ago"]},"$x":[{"t":"idOrVar","v":"plural"},"value"]},{"$i":"months-ago-long","$v":{"zero":"this month","one":"last month","two":[{"t":"idOrVar","v":"value"}," months ago"],"few":[{"t":"idOrVar","v":"value"}," months ago"],"many":[{"t":"idOrVar","v":"value"}," months ago"],"other":[{"t":"idOrVar","v":"value"}," months ago"]},"$x":[{"t":"idOrVar","v":"plural"},"value"]},{"$i":"years-ago-long","$v":{"zero":"this year","one":"last year","two":[{"t":"idOrVar","v":"value"}," years ago"],"few":[{"t":"idOrVar","v":"value"}," years ago"],"many":[{"t":"idOrVar","v":"value"}," years ago"],"other":[{"t":"idOrVar","v":"value"}," years ago"]},"$x":[{"t":"idOrVar","v":"plural"},"value"]},{"$i":"minutes-until-long","$v":{"zero":"now","one":"in a minute","two":["in ",{"t":"idOrVar","v":"value"}," minutes"],"few":["in ",{"t":"idOrVar","v":"value"}," minutes"],"many":["in ",{"t":"idOrVar","v":"value"}," minutes"],"other":["in ",{"t":"idOrVar","v":"value"}," minutes"]},"$x":[{"t":"idOrVar","v":"plural"},"value"]},{"$i":"hours-until-long","$v":{"zero":"now","one":"in an hour","two":["in ",{"t":"idOrVar","v":"value"}," hours"],"few":["in ",{"t":"idOrVar","v":"value"}," hours"],"many":["in ",{"t":"idOrVar","v":"value"}," hours"],"other":["in ",{"t":"idOrVar","v":"value"}," hours"]},"$x":[{"t":"idOrVar","v":"plural"},"value"]},{"$i":"days-until-long","$v":{"zero":"today","one":"tomorrow","two":["in ",{"t":"idOrVar","v":"value"}," days"],"few":["in ",{"t":"idOrVar","v":"value"}," days"],"many":["in ",{"t":"idOrVar","v":"value"}," days"],"other":["in ",{"t":"idOrVar","v":"value"}," days"]},"$x":[{"t":"idOrVar","v":"plural"},"value"]},{"$i":"weeks-until-long","$v":{"zero":"this week","one":"next week","two":["in ",{"t":"idOrVar","v":"value"}," weeks"],"few":["in ",{"t":"idOrVar","v":"value"}," weeks"],"many":["in ",{"t":"idOrVar","v":"value"}," weeks"],"other":["in ",{"t":"idOrVar","v":"value"}," weeks"]},"$x":[{"t":"idOrVar","v":"plural"},"value"]},{"$i":"months-until-long","$v":{"zero":"this month","one":"next month","two":["in ",{"t":"idOrVar","v":"value"}," months"],"few":["in ",{"t":"idOrVar","v":"value"}," months"],"many":["in ",{"t":"idOrVar","v":"value"}," months"],"other":["in ",{"t":"idOrVar","v":"value"}," months"]},"$x":[{"t":"idOrVar","v":"plural"},"value"]},{"$i":"years-until-long","$v":{"zero":"this year","one":"next year","two":["in ",{"t":"idOrVar","v":"value"}," years"],"few":["in ",{"t":"idOrVar","v":"value"}," years"],"many":["in ",{"t":"idOrVar","v":"value"}," years"],"other":["in ",{"t":"idOrVar","v":"value"}," years"]},"$x":[{"t":"idOrVar","v":"plural"},"value"]},{"$i":"minutes-ago-short","$v":{"zero":"just now","other":[{"t":"idOrVar","v":"value"},"m ago"]},"$x":[{"t":"idOrVar","v":"plural"},"value"]},{"$i":"hours-ago-short","$v":{"zero":"just now","other":[{"t":"idOrVar","v":"value"},"h ago"]},"$x":[{"t":"idOrVar","v":"plural"},"value"]},{"$i":"days-ago-short","$v":{"zero":"today","other":[{"t":"idOrVar","v":"value"},"d ago"]},"$x":[{"t":"idOrVar","v":"plural"},"value"]},{"$i":"minutes-until-short","$v":{"zero":"now","other":["in ",{"t":"idOrVar","v":"value"},"m"]},"$x":[{"t":"idOrVar","v":"plural"},"value"]},{"$i":"hours-until-short","$v":{"zero":"now","other":["in ",{"t":"idOrVar","v":"value"},"h"]},"$x":[{"t":"idOrVar","v":"plural"},"value"]},{"$i":"days-until-short","$v":{"zero":"today","other":["in ",{"t":"idOrVar","v":"value"},"d"]},"$x":[{"t":"idOrVar","v":"plural"},"value"]},{"$i":"incorrectDate","$v":"(incorrect date)"},{"$i":"dateTimeFormat_%c","$v":"%a %b %e %Y %I:%M:%S %p"},{"$i":"dateTimeFormat_%x","$v":"%m/%d/%Y"},{"$i":"dateTimeFormat_%X","$v":"%I:%M:%S %p"},{"$i":"shortTimeFormat","$v":"%I:%M %p"},{"$i":"shortTimeFormat12","$v":"%I:%M %p"},{"$i":"shortTimeFormat24","$v":"%H:%M"},{"$i":"shortDateTimeFormat","$v":"%x %I:%M %p"},{"$i":"weekStartsOnMonday","$v":"0"},{"$i":"firstDayOfTheWeek","$v":"0"},{"$i":"time_am","$v":"AM"},{"$i":"time_pm","$v":"PM"},{"$i":"sim-with-index-and-carrier","$v":["SIM ",{"t":"idOrVar","v":"index"}," - ",{"t":"idOrVar","v":"carrier"}]},{"$i":"sim-without-carrier","$v":["SIM ",{"t":"idOrVar","v":"index"}]}]