[{"$i":"weekday-0-long","$v":"الأحد"},{"$i":"weekday-1-long","$v":"الإثنين"},{"$i":"weekday-2-long","$v":"الثلاثاء"},{"$i":"weekday-3-long","$v":"الأربعاء"},{"$i":"weekday-4-long","$v":"الخميس"},{"$i":"weekday-5-long","$v":"الجمعة"},{"$i":"weekday-6-long","$v":"السبت"},{"$i":"weekday-0-short","$v":"أحد"},{"$i":"weekday-1-short","$v":"إثنين"},{"$i":"weekday-2-short","$v":"ثلاثاء"},{"$i":"weekday-3-short","$v":"أربعاء"},{"$i":"weekday-4-short","$v":"خميس"},{"$i":"weekday-5-short","$v":"جمعة"},{"$i":"weekday-6-short","$v":"سبت"},{"$i":"month-0-long","$v":"يناير"},{"$i":"month-1-long","$v":"فبراير"},{"$i":"month-2-long","$v":"مارس"},{"$i":"month-3-long","$v":"أبريل"},{"$i":"month-4-long","$v":"مايو"},{"$i":"month-5-long","$v":"يونيو"},{"$i":"month-6-long","$v":"يوليو"},{"$i":"month-7-long","$v":"أغسطس"},{"$i":"month-8-long","$v":"سبتمبر"},{"$i":"month-9-long","$v":"أكتوبر"},{"$i":"month-10-long","$v":"نوفمبر"},{"$i":"month-11-long","$v":"ديسمبر"},{"$i":"month-0-genitive","$v":"يناير"},{"$i":"month-1-genitive","$v":"فبراير"},{"$i":"month-2-genitive","$v":"مارس"},{"$i":"month-3-genitive","$v":"أبريل"},{"$i":"month-4-genitive","$v":"مايو"},{"$i":"month-5-genitive","$v":"يونيو"},{"$i":"month-6-genitive","$v":"يوليو"},{"$i":"month-7-genitive","$v":"أغسطس"},{"$i":"month-8-genitive","$v":"سبتمبر"},{"$i":"month-9-genitive","$v":"أكتوبر"},{"$i":"month-10-genitive","$v":"نوفمبر"},{"$i":"month-11-genitive","$v":"ديسمبر"},{"$i":"month-0-short","$v":"يناير"},{"$i":"month-1-short","$v":"فبراير"},{"$i":"month-2-short","$v":"مارس"},{"$i":"month-3-short","$v":"ابريل"},{"$i":"month-4-short","$v":"مايو"},{"$i":"month-5-short","$v":"يونيو"},{"$i":"month-6-short","$v":"يوليو"},{"$i":"month-7-short","$v":"أغسطس"},{"$i":"month-8-short","$v":"سبتمبر"},{"$i":"month-9-short","$v":"أكتوبر"},{"$i":"month-10-short","$v":"نوفمبر"},{"$i":"month-11-short","$v":"ديسمبر"},{"$i":"minutes-ago-long","$v":{"few":["منذ ",{"t":"idOrVar","v":"value"}," دقائق"],"many":["منذ ",{"t":"idOrVar","v":"value"}," دقائق"],"other":["منذ ",{"t":"idOrVar","v":"value"}," دقائق"],"two":["منذ ",{"t":"idOrVar","v":"value"}," دقائق"],"one":"منذ دقيقة","zero":"للتو"},"$x":[{"t":"idOrVar","v":"plural"},"value"]},{"$i":"hours-ago-long","$v":{"few":["منذ ",{"t":"idOrVar","v":"value"}," ساعات"],"many":["منذ ",{"t":"idOrVar","v":"value"}," ساعات"],"other":["منذ ",{"t":"idOrVar","v":"value"}," ساعات"],"two":["منذ ",{"t":"idOrVar","v":"value"}," ساعات"],"one":"قبل ساعة واحدة","zero":"للتو"},"$x":[{"t":"idOrVar","v":"plural"},"value"]},{"$i":"days-ago-long","$v":{"few":["منذ ",{"t":"idOrVar","v":"value"}," أيام"],"many":["منذ ",{"t":"idOrVar","v":"value"}," أيام"],"one":"الأمس","other":["منذ ",{"t":"idOrVar","v":"value"}," أيام"],"two":["منذ ",{"t":"idOrVar","v":"value"}," أيام"],"zero":"اليوم"},"$x":[{"t":"idOrVar","v":"plural"},"value"]},{"$i":"weeks-ago-long","$v":{"few":["منذ ",{"t":"idOrVar","v":"value"}," أسابيع"],"many":["منذ ",{"t":"idOrVar","v":"value"}," أسابيع"],"one":"الأسبوع الماضي","other":["منذ ",{"t":"idOrVar","v":"value"}," أسابيع"],"two":["منذ ",{"t":"idOrVar","v":"value"}," أسابيع"],"zero":"هذا الأسبوع"},"$x":[{"t":"idOrVar","v":"plural"},"value"]},{"$i":"months-ago-long","$v":{"few":["منذ ",{"t":"idOrVar","v":"value"}," أشهر"],"many":["منذ ",{"t":"idOrVar","v":"value"}," أشهر"],"one":"الشهر الماضي","other":["منذ ",{"t":"idOrVar","v":"value"}," أشهر"],"two":["منذ ",{"t":"idOrVar","v":"value"}," أشهر"],"zero":"هذا الشهر"},"$x":[{"t":"idOrVar","v":"plural"},"value"]},{"$i":"years-ago-long","$v":{"few":["منذ ",{"t":"idOrVar","v":"value"}," سنوات"],"many":["منذ ",{"t":"idOrVar","v":"value"}," سنوات"],"one":"السنة الماضية","other":["منذ ",{"t":"idOrVar","v":"value"}," سنوات"],"two":["منذ ",{"t":"idOrVar","v":"value"}," سنوات"],"zero":"هذه السنة"},"$x":[{"t":"idOrVar","v":"plural"},"value"]},{"$i":"minutes-until-long","$v":{"few":["خلال ",{"t":"idOrVar","v":"value"}," دقائق"],"many":["خلال ",{"t":"idOrVar","v":"value"}," دقائق"],"other":["خلال ",{"t":"idOrVar","v":"value"}," دقائق"],"two":["خلال ",{"t":"idOrVar","v":"value"}," دقائق"],"zero":"الآن","one":"خلال دقيقة"},"$x":[{"t":"idOrVar","v":"plural"},"value"]},{"$i":"hours-until-long","$v":{"few":["خلال ",{"t":"idOrVar","v":"value"}," ساعات"],"many":["خلال ",{"t":"idOrVar","v":"value"}," ساعات"],"other":["خلال ",{"t":"idOrVar","v":"value"}," ساعات"],"two":["خلال ",{"t":"idOrVar","v":"value"}," ساعات"],"zero":"الآن","one":"خلال ساعة"},"$x":[{"t":"idOrVar","v":"plural"},"value"]},{"$i":"days-until-long","$v":{"few":["خلال ",{"t":"idOrVar","v":"value"}," أيام"],"many":["خلال ",{"t":"idOrVar","v":"value"}," أيام"],"one":"غداً","other":["خلال ",{"t":"idOrVar","v":"value"}," أيام"],"two":["خلال ",{"t":"idOrVar","v":"value"}," أيام"],"zero":"اليوم"},"$x":[{"t":"idOrVar","v":"plural"},"value"]},{"$i":"weeks-until-long","$v":{"few":["خلال ",{"t":"idOrVar","v":"value"}," أسابيع"],"many":["خلال ",{"t":"idOrVar","v":"value"}," أسابيع"],"one":"الأسبوع القادم","other":["خلال ",{"t":"idOrVar","v":"value"}," أسابيع"],"two":["خلال ",{"t":"idOrVar","v":"value"}," أسابيع"],"zero":"هذا الأسبوع"},"$x":[{"t":"idOrVar","v":"plural"},"value"]},{"$i":"months-until-long","$v":{"few":["خلال ",{"t":"idOrVar","v":"value"}," شهور"],"many":["خلال ",{"t":"idOrVar","v":"value"}," شهور"],"one":"الشهر القادم","other":["خلال ",{"t":"idOrVar","v":"value"}," شهور"],"two":["خلال ",{"t":"idOrVar","v":"value"}," شهور"],"zero":"هذا الشهر"},"$x":[{"t":"idOrVar","v":"plural"},"value"]},{"$i":"years-until-long","$v":{"few":["خلال ",{"t":"idOrVar","v":"value"}," سنوات"],"many":["خلال ",{"t":"idOrVar","v":"value"}," سنوات"],"one":"السنة القادمة","other":["خلال ",{"t":"idOrVar","v":"value"}," سنوات"],"two":["خلال ",{"t":"idOrVar","v":"value"}," سنوات"],"zero":"هذه السنة"},"$x":[{"t":"idOrVar","v":"plural"},"value"]},{"$i":"minutes-ago-short","$v":{"other":["منذ ",{"t":"idOrVar","v":"value"}," دقيقة"],"zero":"للتو"},"$x":[{"t":"idOrVar","v":"plural"},"value"]},{"$i":"hours-ago-short","$v":{"other":["منذ ",{"t":"idOrVar","v":"value"}," س"],"zero":"للتو"},"$x":[{"t":"idOrVar","v":"plural"},"value"]},{"$i":"days-ago-short","$v":{"other":["منذ ",{"t":"idOrVar","v":"value"}," ي"],"zero":"اليوم"},"$x":[{"t":"idOrVar","v":"plural"},"value"]},{"$i":"minutes-until-short","$v":{"other":["خلال ",{"t":"idOrVar","v":"value"}," د"],"zero":"الآن"},"$x":[{"t":"idOrVar","v":"plural"},"value"]},{"$i":"hours-until-short","$v":{"other":["خلال ",{"t":"idOrVar","v":"value"}," س"],"zero":"الآن"},"$x":[{"t":"idOrVar","v":"plural"},"value"]},{"$i":"days-until-short","$v":{"other":["خلال ",{"t":"idOrVar","v":"value"}," ي"],"zero":"اليوم"},"$x":[{"t":"idOrVar","v":"plural"},"value"]},{"$i":"incorrectDate","$v":"(تاريخ غير صحيح)"},{"$i":"dateTimeFormat_%c","$v":"%a %e %b %Y %I:%M:%S %p"},{"$i":"dateTimeFormat_%x","$v":"%Y/%m/%d"},{"$i":"dateTimeFormat_%X","$v":"%I:%M:%S %p"},{"$i":"shortTimeFormat","$v":"%I:%M %p"},{"$i":"shortTimeFormat12","$v":"%I:%M %p"},{"$i":"shortTimeFormat24","$v":"%H:%M"},{"$i":"shortDateTimeFormat","$v":"%x %I:%M %p"},{"$i":"weekStartsOnMonday","$v":"0.0"},{"$i":"firstDayOfTheWeek","$v":"0.0"},{"$i":"time_am","$v":"ص"},{"$i":"time_pm","$v":"م"},{"$i":"airplaneMode","$v":"وضع الطائرة"},{"$i":"searching","$v":"جارٍ البحث…"},{"$i":"noNetwork","$v":"لا تتوفر شبكة"},{"$i":"roaming","$v":[{"t":"idOrVar","v":"operator"}," (التجوال)"]},{"$i":"operator-info","$v":[{"t":"idOrVar","v":"carrier"}," ",{"t":"idOrVar","v":"region"}]},{"$i":"emergencyCallsOnly","$v":"مكالمات الطوارئ فقط"},{"$i":"emergencyCallsOnly-unknownSIMState","$v":"(حالة SIM غير معروفة)"},{"$i":"emergencyCallsOnly-noSIM","$v":"(لا توجد بطاقة SIM مركبة)"},{"$i":"emergencyCallsOnly-pinRequired","$v":"(يلزم توفير رمز PIN لبطاقة SIM)"},{"$i":"emergencyCallsOnly-pukRequired","$v":"(يلزم توفير رمز PUK لبطاقة SIM)"},{"$i":"emergencyCallsOnly-networkLocked","$v":"(تم قفل الشبكة)"},{"$i":"emergencyCallsOnly-serviceProviderLocked","$v":"(تم قفل موفر الخدمة)"},{"$i":"emergencyCallsOnly-corporateLocked","$v":"(تم قفل الشركة)"},{"$i":"emergencyCallsOnly-network1Locked","$v":"(تم قفل الشبكة 1)"},{"$i":"emergencyCallsOnly-network2Locked","$v":"(تم قفل الشبكة 2)"},{"$i":"emergencyCallsOnly-hrpdNetworkLocked","$v":"(تم قفل شبكة hrpd)"},{"$i":"emergencyCallsOnly-ruimCorporateLocked","$v":"(تم قفل شركة ruim)"},{"$i":"emergencyCallsOnly-ruimServiceProviderLocked","$v":"(تم قفل موفر خدمة ruim)"},{"$i":"lockscreen-sim-id","$v":["SIM ",{"t":"idOrVar","v":"n"}]},{"$i":"charging-no-time","$v":["تم الشحن بنسبة ",{"t":"idOrVar","v":"level"},"%"]},{"$i":"charging-minutes","$v":{"few":["تم الشحن بنسبة ",{"t":"idOrVar","v":"level"},"% يتبقى (",{"t":"idOrVar","v":"minutes"}," دقائق حتى الشحن الكامل)"],"many":["تم الشحن بنسبة ",{"t":"idOrVar","v":"level"},"% يتبقى (",{"t":"idOrVar","v":"minutes"}," دقائق حتى الشحن الكامل)"],"one":["تم الشحن بنسبة ",{"t":"idOrVar","v":"level"},"% يتبقى (",{"t":"idOrVar","v":"minutes"}," دقيقة حتى الشحن الكامل)"],"other":["تم الشحن بنسبة ",{"t":"idOrVar","v":"level"},"% يتبقى (",{"t":"idOrVar","v":"minutes"}," دقائق حتى الشحن الكامل)"],"two":["تم الشحن بنسبة ",{"t":"idOrVar","v":"level"},"% يتبقى (",{"t":"idOrVar","v":"minutes"}," دقائق حتى الشحن الكامل)"],"zero":["تم الشحن بنسبة ",{"t":"idOrVar","v":"level"},"% يتبقى (",{"t":"idOrVar","v":"minutes"}," دقائق حتى الشحن الكامل)"]},"$x":[{"t":"idOrVar","v":"plural"},"minutes"]},{"$i":"charging-hours","$v":{"few":["تم الشحن بنسبة ",{"t":"idOrVar","v":"level"},"% يتبقى (",{"t":"idOrVar","v":"hours"},"ساعة ",{"t":"idOrVar","v":"minutes"}," دقائق حتى الشحن الكامل)"],"many":["تم الشحن بنسبة ",{"t":"idOrVar","v":"level"},"% يتبقى (",{"t":"idOrVar","v":"hours"},"ساعة ",{"t":"idOrVar","v":"minutes"}," دقائق حتى الشحن الكامل)"],"one":["تم الشحن بنسبة ",{"t":"idOrVar","v":"level"},"% يتبقى (",{"t":"idOrVar","v":"hours"},"ساعة ",{"t":"idOrVar","v":"minutes"}," دقيقة حتى الشحن الكامل)"],"other":["تم الشحن بنسبة ",{"t":"idOrVar","v":"level"},"% يتبقى (",{"t":"idOrVar","v":"hours"},"ساعة ",{"t":"idOrVar","v":"minutes"}," دقائق حتى الشحن الكامل)"],"two":["تم الشحن بنسبة ",{"t":"idOrVar","v":"level"},"% يتبقى (",{"t":"idOrVar","v":"hours"},"ساعة ",{"t":"idOrVar","v":"minutes"}," دقائق حتى الشحن الكامل)"],"zero":["تم الشحن بنسبة ",{"t":"idOrVar","v":"level"},"% يتبقى (",{"t":"idOrVar","v":"hours"},"ساعة ",{"t":"idOrVar","v":"minutes"}," دقائق حتى الشحن الكامل)"]},"$x":[{"t":"idOrVar","v":"plural"},"minutes"]},{"$i":"phoneNumberInput","ariaLabel":"رقم الهاتف"},{"$i":"keypadDelete","ariaLabel":"حذف"},{"$i":"voiceMailKey","ariaLabel":"بريد صوتي"},{"$i":"asterisk","ariaLabel":"علامة نجمية"},{"$i":"hashSign","ariaLabel":"علامة \"#"},{"$i":"cancel","$v":"ألغِ"},{"$i":"loadingSimContacts","$v":"جارٍ تحميل جهات اتصال بطاقة SIM..."},{"$i":"noContactsWereFound","$v":"لم يتم العثور على جهات اتصال"},{"$i":"noContactsFoundDialogOk","$v":"موافق"},{"$i":"emergencyNumber","$v":"رقم الطوارئ"},{"$i":"callAirplaneModeMessage","$v":"لإجراء مكالمة، قم بإلغاء وضع الطيران من الاعدادات."},{"$i":"callAirplaneModeBtnOk","$v":"موافق"},{"$i":"callAirplaneModeTitle","$v":"وضع الطيران مُفعّل"},{"$i":"numberIsBusyTitle","$v":"الرقم مشغول"},{"$i":"numberIsBusyMessage","$v":"الرقم مشغول حاليا. يرجى المحاولة مرة أخرى في وقت لاحق."},{"$i":"fdnIsActiveTitle","$v":"FDN نشطة"},{"$i":"fdnIsActiveMessage","$v":["تم تنشيط FDN (أرقام الطلب الثابت) والرقم التالي غير موجود في قائمة FDN الخاصة بك: ",{"t":"idOrVar","v":"number"}]},{"$i":"emergencyDialogBodyBadNumber","$v":"للإتصال يجب أن يكون الجوال مُتصل بشبكة."},{"$i":"emergencyDialogBodyDeviceNotAccepted","$v":"مكالمات الطوارئ غير مسموحة من الشبكة."},{"$i":"emergencyDialogBtnOk","$v":"موافق"},{"$i":"emergencyDialogTitle","$v":"لا يوجد اتصال بالشبكة"},{"$i":"invalidNumberToDialTitle","$v":"رقم هاتف غير صحيح"},{"$i":"invalidNumberToDialMessage","$v":"رقم الهاتف الذي تحاول الاتصال به غير صحيح"},{"$i":"unableToCallTitle","$v":"يتعذر إجراء مكالمة"},{"$i":"unableToCallMessage","$v":"يتعذر إجراء مكالمة هاتفية الآن."},{"$i":"otherConnectionInUseTitle","$v":"وسيلة اتصال اخرى قيد الاستخدام"},{"$i":"otherConnectionInUseMessage","$v":"لديك مكالمة نشطة على اتصال آخر. يمكنك فقط استخدام اتصال واحد في كل مرة."},{"$i":"connectingEllipsis","$v":"جار الاتصال..."},{"$i":"clear","$v":"مسح"},{"$i":"dialer","$v":"طلب الاتصال"},{"$i":"vt-incoming-call","$v":"مكالمة فيديو واردة..."},{"$i":"kai-incoming-call","$v":"مكالمة واردة"},{"$i":"kai-in-call","$v":"أثناء المكالمة"},{"$i":"kai-answer","$v":"الرد"},{"$i":"kai-end-answer","$v":"إنهاء ورد"},{"$i":"kai-decline","$v":"رفض"},{"$i":"enter-passcode","$v":"يرجى إدخال رمز المرور لفتح الشاشة."},{"$i":"passcode-error","$v":"رمز غير صالح. يُرجى المحاولة مرة أخرى."},{"$i":"lockscreenInvalidCode","$v":"رمز غير صالح."},{"$i":"lockscreenColdDown","$v":["رمز غير صالح. حاول مرة أخرى خلال ",{"t":"idOrVar","v":"n"},"."]},{"$i":"lockscreenCheckLockCode","$v":{"few":["رمز غير صالح. ",{"t":"idOrVar","v":"n"}," محاولات متبقية."],"one":["رمز غير صالح. ",{"t":"idOrVar","v":"n"}," محاولة متبقية."],"other":["رمز غير صالح. ",{"t":"idOrVar","v":"n"}," محاولات متبقية."],"two":["رمز غير صالح. ",{"t":"idOrVar","v":"n"}," محاولات متبقية."]},"$x":[{"t":"idOrVar","v":"plural"},"n"]},{"$i":"videoCall","$v":"مكالمة فيديو"},{"$i":"voice-call","$v":"تغيير إلى الصوت"},{"$i":"video-call","$v":"تغيير إلى الفيديو"},{"$i":"message","$v":"رسالة"},{"$i":"answer-rtt-call","$v":"الرد برسائل آنية"},{"$i":"req-rtt-call","$v":"الرد برسائل آنية"},{"$i":"rtt-call","$v":"اتصال RTT"},{"$i":"rtt-view","$v":"عرض RTT"},{"$i":"change-to-rtt-call","$v":"جارٍ توصيل مكالمة مع رسائل آنية..."},{"$i":"change-to-voice-call","$v":"تم التغيير إلى مكالمة صوتية."},{"$i":"upgrading-rtt","$v":"الترقية إلى اتصال RTT..."},{"$i":"rtt-call-failed","$v":"فشل اتصال RTT."},{"$i":"voice-call-failed","$v":"فشل الاتصال الصوتي."},{"$i":"rtt","$v":"الرسائل الآنية (RTT)"},{"$i":"rtt-emegency-upgrade-rejected","$v":"RTT غير متاحة لمكالمة 911 هذه."},{"$i":"rtt-emegency-downgrade","$v":"لا تتوفر RTT لإجراء مكالمة 911 هذه. تم توصيل مكالمتك كمكالمة صوتية فقط.  إذا كنت تواجه صعوبات، يرجى إجراء مكالمة صوتية أو مكالمة ترحيل إلى 911."},{"$i":"voice-only-call","$v":"تم توصيل مكالمتك كمكالمة صوتية فقط."},{"$i":"ans-rtt-failed","$v":"فشل في إنشاء اتصال RTT. تم توصيل مكالمتك كمكالمة صوتية فقط."},{"$i":"back","$v":"رجوع"},{"$i":"new-message","$v":"رسائل جديدة من"},{"$i":"kai-mute","$v":"كتم الصوت"},{"$i":"kai-unmute","$v":"إلغاء كتم الصوت"},{"$i":"kai-speaker","$v":"السماعة الخارجية"},{"$i":"kai-speaker-off","$v":"إيقاف تشغيل السماعة"},{"$i":"kai-microphone-mute-notification","$v":"تم كتم صوت الميكروفون"},{"$i":"kai-microphone-active-notification","$v":"الميكروفون نشط"},{"$i":"kai-speaker-off-notification","$v":"السماعة الخارجية متوقفة عن العمل"},{"$i":"kai-speaker-on-notification","$v":"السماعة الخارجية في وضع التشغيل"},{"$i":"kai-hold-and-answer","$v":"تعليق ورد"},{"$i":"kai-ignore-call","$v":"تجاهل مكالمة واردة"},{"$i":"kai-add-to-call","$v":"إضافة مكالمة"},{"$i":"kai-switch-to-second-line","$v":"التبديل بين المكالمات"},{"$i":"kai-merge-calls","$v":"دمج مكالمة"},{"$i":"ok","$v":"موافق"},{"$i":"losing-wifi-msg","$v":"فقدان اتصال Wi-Fi"},{"$i":"personal","$v":"شخصي"},{"$i":"mobile","$v":"الهاتف المحمول"},{"$i":"home","$v":"المنزل"},{"$i":"work","$v":"العمل"},{"$i":"other","$v":"أخرى"},{"$i":"fax-home","$v":"فاكس المنزل"},{"$i":"fax-office","$v":"فاكس المكتب"},{"$i":"fax-other","$v":"فاكس آخر"},{"$i":"hd","$v":"عالي الدقة"},{"$i":"manage-call","$v":"إدارة اتصال"},{"$i":"end","$v":"إنهاء المكالمة"},{"$i":"private","$v":"خاص"},{"$i":"sound","$v":"الصوت"},{"$i":"bluetooth-device","$v":"جهاز Bluetooth"},{"$i":"handset-earpiece","$v":"سماعة الهاتف"},{"$i":"speaker","$v":"السماعة الخارجية"},{"$i":"call-ended","$v":"انتهت المكالمة"},{"$i":"payphone","$v":"هاتف عام"},{"$i":"contact","$v":"جهات الاتصال"},{"$i":"dialer-prompt","$v":"اطلب الرقم أو حدد جهة اتصال لإضافتها للاتصال"},{"$i":"call","$v":"اتصال"},{"$i":"hold","$v":"معلق"},{"$i":"callHeldDuration","$v":["تعليق المكالمة (",{"t":"idOrVar","v":"duration"},")"]},{"$i":"volume","$v":"مستوى الصوت"},{"$i":"softkey-options","$v":"الخيارات"},{"$i":"unhold-call","$v":"إلغاء تعليق مكالمة"},{"$i":"hold-call","$v":"تعليق الاتصال"},{"$i":"select","$v":"تحديد"},{"$i":"unknown","$v":"غير معروف"},{"$i":"switch-calls","$v":"تحويل المكالمات"},{"$i":"voiceMail","$v":"بريد صوتي"},{"$i":"incoming","$v":"وارد"},{"$i":"outgoing","$v":"صادر"},{"$i":"callEnded","$v":"إنتهت المكالمة"},{"$i":"callEndedDuration","$v":["انتهت المكالمة (",{"t":"idOrVar","v":"duration"},")"]},{"$i":"conferenceAddError","$v":"غير قادر على دمج المكالمات"},{"$i":"conferenceRemoveError","$v":"غير قادر على إلغاء دمج المكالمات"},{"$i":"valid-number","$v":"رقم صحيح"},{"$i":"numberBlockedMessage","$v":"تم حظر هذا الرقم. يمكنك أن تطلب من والديك الحصول على إذن."},{"$i":"callDurationMinutes","$v":[{"t":"idOrVar","v":"m"},":",{"t":"idOrVar","v":"s"}]},{"$i":"callDurationHours","$v":[{"t":"idOrVar","v":"h"},":",{"t":"idOrVar","v":"m"},":",{"t":"idOrVar","v":"s"}]},{"$i":"switch-to-device-toast","$v":"تم التبديل إلى جهاز bluetooth"},{"$i":"switch-to-handset-toast","$v":"تم التبديل إلى سماعة الأذن"},{"$i":"switch-to-speaker-toast","$v":"تم التبديل إلى السماعة الخارجية"},{"$i":"connecting","$v":"جار الاتصال"},{"$i":"wifi-call-quality-excellent","$v":"ممتاز"},{"$i":"wifi-call-quality-fair","$v":"معتدل"},{"$i":"wifi-call-quality-bad","$v":"سيئ"},{"$i":"call-left-conference-toast","$v":"قد غادر المكالمة"},{"$i":"camera-off","$v":"إيقاف الكاميرا"},{"$i":"camera-on","$v":"تشغيل الكاميرا"},{"$i":"rear-camera","$v":"الكاميرا الخلفية"},{"$i":"front-camera","$v":"الكاميرا الأمامية"},{"$i":"hide-info","$v":"إخفاء المعلومات"},{"$i":"show-info","$v":"عرض المعلومات"},{"$i":"video-call-rejected","$v":"تم رفض مكالمة الفيديو، قم بالتبديل إلى المكالمة الصوتية."},{"$i":"video-call-not-support","$v":"مكالمة الفيديو غير مدعومة."},{"$i":"video-call-rejected-timeout","$v":"تم رفض مكالمة الفيديو أو انتهت المهلة."},{"$i":"video-call-from","$v":["جارٍ استقبال مكالمة فيديو من ",{"t":"idOrVar","v":"name"},"."]},{"$i":"video-call-canceled","$v":"تم إلغاء مكالمة الفيديو."},{"$i":"video-call-failed","$v":"فشلت مكالمة الفيديو."},{"$i":"call-downgraded","$v":"تم خفض درجة المكالمة."},{"$i":"wifi-calling","$v":"اتصال عبر Wi-Fi"},{"$i":"wifi-calling-1","$v":"قد تنقطع المكالمة."},{"$i":"wifi-calling-2","$v":"لقد خرجت تقريبًا عن نطاق تغطية Wi-Fi."},{"$i":"wifi-calling-dropped","$v":"انقطعت مكالمة Wi-Fi."},{"$i":"accept","$v":"اقبل"},{"$i":"conference-call-num","$v":[{"t":"idOrVar","v":"num"}," أشخاص في المكالمة."]},{"$i":"more","$v":"المزيد"},{"$i":"rec","$v":"تسجيل"},{"$i":"start-recording-call","$v":"بدء تسجيل المكالمة."},{"$i":"stop-recording-call","$v":"إيقاف تسجيل المكالمة."},{"$i":"insufficient-storage","$v":"تخزين غير كافٍ توقف التسجيل."},{"$i":"confirmation","$v":"تأكيد"},{"$i":"get-empty-ussd","$v":"تم تلقي رد فارغ."},{"$i":"message-sent","$v":"تم إرسال الرسالة."},{"$i":"messages","$v":"الرسائل"},{"$i":"wait","$v":"يُرجى الانتظار..."},{"$i":"send","$v":"إرسال"},{"$i":"reply","$v":"رد"},{"$i":"reply-message-1","$v":"عذرًا، لا أستطيع التحدث الآن."},{"$i":"reply-message-2","$v":"أنا في الطريق."},{"$i":"reply-message-3","$v":"هل يمكنني الاتصال بك لاحقا؟"},{"$i":"reply-message-4","$v":"تخصيص..."},{"$i":"reply-to-name","$v":["ردًا على ",{"t":"idOrVar","v":"name"}]},{"$i":"call-busy-error","$v":"BusyError"},{"$i":"call-bad-number-error","$v":"BadNumberError"},{"$i":"call-no-route-to-destination-error","$v":"No route to destination."},{"$i":"call-channel-unacceptable-error","$v":"Channel unacceptable"},{"$i":"call-operator-determined-barring-error","$v":"Operator determined barring"},{"$i":"call-normal-call-clearing-error","$v":"LLAMADA TERMINADA"},{"$i":"call-no-user-responding-error","$v":"No user responding"},{"$i":"call-user-alerting-no-answer-error","$v":"User alerting, no answer  "},{"$i":"call-call-rejected-error","$v":"Call rejected"},{"$i":"call-number-changed-error","$v":"Number Changed "},{"$i":"call-pre-emption-error","$v":"Pre-emption"},{"$i":"call-destination-out-of-order-error","$v":"Destination out of order "},{"$i":"call-invalid-number-format-error","$v":"Invalid number format "},{"$i":"call-facility-rejected-error","$v":"Facility rejected "},{"$i":"call-response-to-status-enquiry-error","$v":"Response to "},{"$i":"call-unspecified-error","$v":"Normal, unspecified "},{"$i":"call-congestion-error","$v":"No circuit/channel available"},{"$i":"call-network-out-of-order-error","$v":"Network out of order  "},{"$i":"call-network-temp-failure-error","$v":"Temporary Failure"},{"$i":"call-switching-equip-congestion-error","$v":"Switching equipment congestion"},{"$i":"call-access-info-discarded-error","$v":"Access information discarded "},{"$i":"call-requested-channel-not-available-error","$v":"requested circuit/channel not available"},{"$i":"call-resource-unavailable-error","$v":"Resources unavailable, unspecified"},{"$i":"call-qos-unavailable-error","$v":"Quality of service unavailable"},{"$i":"call-requested-facility-not-subscribed-error","$v":"Requested facility not subscribed"},{"$i":"call-incoming-calls-barred-within-cug-error","$v":"Incoming calls barred within the CUG"},{"$i":"call-bearer-capability-not-authorized-error","$v":"Bearer capability not authorized"},{"$i":"call-bearer-capability-not-available-error","$v":"Bearer capability not presently available"},{"$i":"call-service-not-available-error","$v":"Service or option not available, unspecified"},{"$i":"call-bearer-not-implemented-error","$v":"Bearer service not implemented"},{"$i":"call-incoming-call-exceeded-error","$v":"ACM equal to greater than ACMmax"},{"$i":"call-requested-facility-not-implemented-error","$v":"Requested facility not implemented"},{"$i":"call-unrestricted-bearer-not-available-error","$v":"Only restricted digital information bearer capability is available"},{"$i":"call-service-not-implemented-error","$v":"Service or option not implemented, unspecified "},{"$i":"call-invalid-transaction-id-error","$v":"Invalid transaction identifier value  "},{"$i":"call-not-cug-member-error","$v":"User not member of CUG "},{"$i":"call-incompatible-destination-error","$v":"Incompatible destination  "},{"$i":"call-invalid-transit-network-selection-error","$v":"Invalid transit network selection"},{"$i":"call-semantically-incorrect-message-error","$v":"Semantically incorrect message "},{"$i":"call-invalid-mandatory-info-error","$v":"Invalid mandatory information"},{"$i":"call-message-type-not-implemented-error","$v":"Message type-non compatible with protocol state "},{"$i":"call-message-type-incompatible-protocol-state-error","$v":"Message type not compatible with protocol state  "},{"$i":"call-info-element-not-implemented-error","$v":"Information element nonexistent or not implemented "},{"$i":"call-conditionalIe-error","$v":"Conditional IE error"},{"$i":"call-message-incompatible-protocol-state-error","$v":"Message not compatible with protocol state"},{"$i":"call-recovery-on-timer-expiry-error","$v":"Recovery on timer expiry "},{"$i":"call-protocol-error","$v":"Protocol Error, unspecified "},{"$i":"call-interworking-error","$v":"Interworking, unspecified "},{"$i":"call-service-option-not-subscribed-error","$v":"SIN SUBSCRIPCION AL SERVICIO -33-"},{"$i":"call-unknown-pdp-address-type-error","$v":"FALLA DE AUTENTICACION -29-"},{"$i":"mt-call-on-hold","$v":"تم تعليق المكالمة."},{"$i":"mt-call_retrieved","$v":"تم استعادة المكالمة."},{"$i":"mt-multi_party_call","$v":"تمت إضافتك إلى مكالمة جماعية."},{"$i":"hangup-a11y-button","$v":""},{"$i":"pickup-a11y-button","$v":""},{"$i":"mute","$v":""},{"$i":"toggleKeypad","$v":""},{"$i":"newCall","$v":""},{"$i":"speakerOption","$v":""},{"$i":"bluetoothOption","$v":""},{"$i":"onHoldOption","$v":""},{"$i":"merge","$v":""},{"$i":"ignore","$v":""},{"$i":"dialerAddContact","$v":""},{"$i":"makeCall","$v":""},{"$i":"call-forwarding-async","$v":["غير متزامن: ",{"t":"idOrVar","v":"async"}]},{"$i":"call-forwarding-data","$v":["معلومات: ",{"t":"idOrVar","v":"data"}]},{"$i":"call-forwarding-error","$v":"حدث خطأ عند محاولة الحصول على حالة تحويل المكالمات"},{"$i":"call-forwarding-fax","$v":["فاكس: ",{"t":"idOrVar","v":"fax"}]},{"$i":"call-forwarding-inactive","$v":"غير فعال"},{"$i":"call-forwarding-packet","$v":["حزمة: ",{"t":"idOrVar","v":"packet"}]},{"$i":"call-forwarding-pad","$v":["باد: ",{"t":"idOrVar","v":"pad"}]},{"$i":"call-forwarding-sms","$v":["رسالة قصيرة: ",{"t":"idOrVar","v":"sms"}]},{"$i":"call-forwarding-status","$v":"حالة تحويل المكالمات"},{"$i":"call-forwarding-sync","$v":["متزامن: ",{"t":"idOrVar","v":"sync"}]},{"$i":"call-forwarding-voice","$v":["صوت: ",{"t":"idOrVar","v":"voice"}]},{"$i":"call-forwarding-reason","$v":["Reason: ",{"t":"idOrVar","v":"reason"}]},{"$i":"scCallBarring","$v":"حظر المكالمات"},{"$i":"scCallForwarding","$v":"إعادة توجيه المكالمات"},{"$i":"scClip","$v":"مُعرّف المتصل الوارد"},{"$i":"scClir","$v":"مُعرّف المتصل الصادر"},{"$i":"scPwd","$v":"تغيير كلمة المرور"},{"$i":"scCallWaiting","$v":"انتظار المكالمات"},{"$i":"scPin","$v":"تغيير رمز PIN"},{"$i":"scPin2","$v":"تغيير PIN2"},{"$i":"scPuk","$v":"إلغاء حظر رمز PIN"},{"$i":"scPuk2","$v":"إلغاء حظر رمز PIN2"},{"$i":"scImei","$v":"IMEI"},{"$i":"scMeid","$v":"MEID"},{"$i":"scUssd","$v":"USSD"},{"$i":"serviceClassVoice","$v":"صوت"},{"$i":"serviceClassData","$v":"بيانات"},{"$i":"serviceClassFax","$v":"فاكس"},{"$i":"serviceClassSms","$v":"رسالة نصية قصيرة (SMS)"},{"$i":"serviceClassDataSync","$v":"مزامنة"},{"$i":"serviceClassDataAsync","$v":"متزامن"},{"$i":"serviceClassPacket","$v":"الحزمة"},{"$i":"serviceClassPad","$v":"PAD"},{"$i":"smServiceEnabled","$v":"تم تفعيل الخدمة"},{"$i":"smServiceDisabled","$v":"تم تعطيل الخدمة"},{"$i":"smServiceRegistered","$v":"تم التسجيل بنجاح"},{"$i":"smServiceErased","$v":"تم المحو بنجاح"},{"$i":"smServiceInterrogated","$v":"تم الطلب بنجاح"},{"$i":"smServiceNotProvisioned","$v":"خدمة غير متوفرة"},{"$i":"smClirPermanent","$v":"لا يمكنك تغيير إعداد معرف المتصل"},{"$i":"smClirDefaultOnNextCallOn","$v":"الإعدادات الافتراضية لإظهار رقم المتصل هي مقيدة. المكالمة التالية: مقيدة"},{"$i":"smClirDefaultOnNextCallOff","$v":"الإعدادات الافتراضية لإظهار رقم المتصل هي مقيدة. المكالمة التالية: غير مقيدة"},{"$i":"smClirDefaultOffNextCallOn","$v":"الإعدادات الافتراضية لإظهار رقم المتصل هي غير مقيدة. المكالمة التالية: مقيدة"},{"$i":"smClirDefaultOffNextCallOff","$v":"الإعدادات الافتراضية لإظهار رقم المتصل هي غيرمقيدة. المكالمة التالية: غير مقيدة"},{"$i":"smServiceEnabledFor","$v":"تم تفعيل الخدمة ل:"},{"$i":"smPinChanged","$v":"تمَّ تغيير PIN بنجاح"},{"$i":"smPinUnblocked","$v":"رفع الحجب عن PIN بنجاح"},{"$i":"smPin2Changed","$v":"تمَّ تغيير PIN2 بنجاح"},{"$i":"smPin2Unblocked","$v":"ُُرُفع الحجب عن PIN2 بنجاح"},{"$i":"ServiceIsEnabled","$v":"الخدمة ممكنة"},{"$i":"ServiceIsDisabled","$v":"الخدمة معطلة"},{"$i":"ServiceIsEnabledFor","$v":"الخدمة ممكنة لـ:"},{"$i":"emMmiError","$v":"مشكلة في الإتصال أو رمز MMI خاطئ"},{"$i":"emMmiErrorPasswordIncorrect","$v":"كلمة سر خاطئة"},{"$i":"emMmiErrorNotSupported","$v":"رمز MMI خاطئ أو غير مدعوم"},{"$i":"emMmiErrorInvalidAction","$v":"إجراء خاطئ."},{"$i":"emMmiErrorInvalidScCode","$v":"رمز خدمة خاطئ"},{"$i":"emMmiErrorBadPuk","$v":"رمز PUK الذي قمت بإدخاله غير صحيح"},{"$i":"emMmiErrorBadPin","$v":"PIN القديم الذي كتبته غير صحيح."},{"$i":"emMmiErrorNeedPuk2","$v":"قم بإدخال رمز PUK2 لفتح الشريحة"},{"$i":"emMmiErrorMismatchPin","$v":"لا يوجد تطابق بين رموز PIN التي أدخلتها"},{"$i":"emMmiErrorInvalidPin","$v":"قم بإدخال رمز PIN مكون من 4 إلى 8 أرقام"},{"$i":"emMmiErrorNeedsPuk","$v":"شريحتك مغلقة برمز PUK"},{"$i":"emMmiErrorEnablePin","$v":"غير ناجح , قم بتفعيل قفل ال SIM/RUIM"},{"$i":"emMmiErrorMmiFdn","$v":"العملية تقتصرعلى أرقام إاتصال ثابتة فقط"},{"$i":"emMmiErrorStkCcUssdDial","$v":"يتم تعديل طلب USSD لطلب DIAL"},{"$i":"emMmiErrorStkCcUssdSs","$v":"طلب USSD تعدل الى طلب SS"},{"$i":"emMmiErrorStkCcUssdUssd","$v":"يتم تعديل طلب USSD لطلب USSD جديد"},{"$i":"emMmiErrorStkCcSsDial","$v":"يتم تعديل الطلب SS لطلب DIAL"},{"$i":"emMmiErrorStkCcSsUssd","$v":"يتم تعديل الطلب SS لطلب USSD"},{"$i":"emMmiErrorStkCcSsSs","$v":"طلب SS تعدل الى طلب SS جديد"},{"$i":"emMmiErrorPinPukAttempts","$v":{"few":["تبقى ",{"t":"idOrVar","v":"n"}," محاولات"],"many":["تبقى ",{"t":"idOrVar","v":"n"}," محاولات"],"one":"بقيت محاولة واحدة فقط","other":["تبقى ",{"t":"idOrVar","v":"n"}," محاولات"],"two":["تبقى ",{"t":"idOrVar","v":"n"}," محاولات"]},"$x":[{"t":"idOrVar","v":"plural"},"n"]},{"$i":"emMmiErrorSimBlocked","$v":"لقد تجاوزت الحد الأقصى من المحولات . حُجِبت الـ SIM"},{"$i":"RadioNotAvailable","$v":"الراديو غير متوفر"},{"$i":"GenericFailure","$v":"خطأ في تنفيذ الطلب."},{"$i":"PasswordIncorrect","$v":"كلمة سر غير صحيحة"},{"$i":"SimPin2","$v":"SIM PIN2"},{"$i":"SimPuk2","$v":"SIM PUK2"},{"$i":"RequestNotSupported","$v":"الطلب غير مدعوم"},{"$i":"OpNotAllowedDuringVoiceCall","$v":"العملية غير مسموحة أثناء الإتصال الصوتي"},{"$i":"SmsSendFailRetry","$v":"فشل في إرسال SMS اعدالمحاولة"},{"$i":"SimAbsent","$v":"الشريحة غير موجودة"},{"$i":"SubscriptionNotAvailable","$v":"الإشتراك غير متاح"},{"$i":"ModeNotSupported","$v":"الوضع غير مدعوم"},{"$i":"FdnCheckFailure","$v":"فشل اختيار Fdn"},{"$i":"IllegalSimOrMe","$v":"SIM غير قانونية أو ME"},{"$i":"DialModifiedToUssd","$v":"طلب تعديل USSD"},{"$i":"DialModifiedToSs","$v":"طلب تعديل SS"},{"$i":"DialModifiedToDial","$v":"عدّل الإتصال الهاتفي للإتصال"},{"$i":"UssdModifiedToDial","$v":"تعديل USSD للإتصال"},{"$i":"UssdModifiedToSs","$v":"تعديل USSD إلى SS"},{"$i":"UssdModifiedToUssd","$v":"تعديل USSD إلى USSD"},{"$i":"SsModifiedToDial","$v":"تعديل SS للاتصال"},{"$i":"SsModifiedToUssd","$v":"تعديل SS إلىUSSD"},{"$i":"SsModifiedToSs","$v":"تعديل SS إلى SS"},{"$i":"SubscriptionNotSupported","$v":"الإشتراك غير مدعوم"},{"$i":"InvalidParameter","$v":"معامل غير صالح"},{"$i":"RejectedByRemote","$v":"تم الرفض من طرف الخادم"},{"$i":"error","$v":"خطأ"}]