[{"$i":"weekday-0-long","$v":"Bazar"},{"$i":"weekday-1-long","$v":"Bazar ertəsi"},{"$i":"weekday-2-long","$v":"Çərşənbə axşamı"},{"$i":"weekday-3-long","$v":"Çərşənbə"},{"$i":"weekday-4-long","$v":"Cümə axşamı"},{"$i":"weekday-5-long","$v":"Cümə"},{"$i":"weekday-6-long","$v":"Şənbə"},{"$i":"weekday-0-short","$v":"Bazar"},{"$i":"weekday-1-short","$v":"Bazar ertəsi"},{"$i":"weekday-2-short","$v":"Çərşənbə axşamı"},{"$i":"weekday-3-short","$v":"Çərşənbə"},{"$i":"weekday-4-short","$v":"Cümə axşamı"},{"$i":"weekday-5-short","$v":"Cüm"},{"$i":"weekday-6-short","$v":"Şənbə"},{"$i":"month-0-long","$v":"Yanvar"},{"$i":"month-1-long","$v":"Fevral"},{"$i":"month-2-long","$v":"Mart"},{"$i":"month-3-long","$v":"Aprel"},{"$i":"month-4-long","$v":"May"},{"$i":"month-5-long","$v":"İyun"},{"$i":"month-6-long","$v":"İyul"},{"$i":"month-7-long","$v":"Avqust"},{"$i":"month-8-long","$v":"Sentyabr"},{"$i":"month-9-long","$v":"Oktyabr"},{"$i":"month-10-long","$v":"Noyabr"},{"$i":"month-11-long","$v":"Dekabr"},{"$i":"month-0-genitive","$v":"Yanvar"},{"$i":"month-1-genitive","$v":"Fevral"},{"$i":"month-2-genitive","$v":"Mart"},{"$i":"month-3-genitive","$v":"Aprel"},{"$i":"month-4-genitive","$v":"May"},{"$i":"month-5-genitive","$v":"İyun"},{"$i":"month-6-genitive","$v":"İyul"},{"$i":"month-7-genitive","$v":"Avqust"},{"$i":"month-8-genitive","$v":"Sentyabr"},{"$i":"month-9-genitive","$v":"Oktyabr"},{"$i":"month-10-genitive","$v":"Noyabr"},{"$i":"month-11-genitive","$v":"Dekabr"},{"$i":"month-0-short","$v":"Yan"},{"$i":"month-1-short","$v":"Fev"},{"$i":"month-2-short","$v":"Mar"},{"$i":"month-3-short","$v":"Apr"},{"$i":"month-4-short","$v":"May"},{"$i":"month-5-short","$v":"İyun"},{"$i":"month-6-short","$v":"İyul"},{"$i":"month-7-short","$v":"Avq"},{"$i":"month-8-short","$v":"Sen"},{"$i":"month-9-short","$v":"Okt"},{"$i":"month-10-short","$v":"Noy"},{"$i":"month-11-short","$v":"Dek"},{"$i":"minutes-ago-long","$v":{"few":[{"t":"idOrVar","v":"value"}," dəqiqə əvvəl"],"many":[{"t":"idOrVar","v":"value"}," dəqiqə əvvəl"],"other":[{"t":"idOrVar","v":"value"}," dəqiqə əvvəl"],"two":[{"t":"idOrVar","v":"value"}," dəqiqə əvvəl"],"one":"bir dəqiqə əvvəl","zero":"indicə"},"$x":[{"t":"idOrVar","v":"plural"},"value"]},{"$i":"hours-ago-long","$v":{"few":[{"t":"idOrVar","v":"value"}," saat əvvəl"],"many":[{"t":"idOrVar","v":"value"}," saat əvvəl"],"other":[{"t":"idOrVar","v":"value"}," saat əvvəl"],"two":[{"t":"idOrVar","v":"value"}," saat əvvəl"],"one":"1 saat əvvəl","zero":"indicə"},"$x":[{"t":"idOrVar","v":"plural"},"value"]},{"$i":"days-ago-long","$v":{"few":[{"t":"idOrVar","v":"value"}," gün əvvəl"],"many":[{"t":"idOrVar","v":"value"}," gün əvvəl"],"one":"dünən","other":[{"t":"idOrVar","v":"value"}," gün əvvəl"],"two":[{"t":"idOrVar","v":"value"}," gün əvvəl"],"zero":"bu gün"},"$x":[{"t":"idOrVar","v":"plural"},"value"]},{"$i":"weeks-ago-long","$v":{"few":[{"t":"idOrVar","v":"value"}," həftə əvvəl"],"many":[{"t":"idOrVar","v":"value"}," həftə əvvəl"],"one":"sonuncu həftə","other":[{"t":"idOrVar","v":"value"}," həftə əvvəl"],"two":[{"t":"idOrVar","v":"value"}," həftə əvvəl"],"zero":"bu həftə"},"$x":[{"t":"idOrVar","v":"plural"},"value"]},{"$i":"months-ago-long","$v":{"few":[{"t":"idOrVar","v":"value"}," ay əvvəl"],"many":[{"t":"idOrVar","v":"value"}," ay əvvəl"],"one":"sonuncu ay","other":[{"t":"idOrVar","v":"value"}," ay əvvəl"],"two":[{"t":"idOrVar","v":"value"}," ay əvvəl"],"zero":"bu ay"},"$x":[{"t":"idOrVar","v":"plural"},"value"]},{"$i":"years-ago-long","$v":{"few":[{"t":"idOrVar","v":"value"}," il əvvəl"],"many":[{"t":"idOrVar","v":"value"}," il əvvəl"],"one":"sonuncu il","other":[{"t":"idOrVar","v":"value"}," il əvvəl"],"two":[{"t":"idOrVar","v":"value"}," il əvvəl"],"zero":"bu il"},"$x":[{"t":"idOrVar","v":"plural"},"value"]},{"$i":"minutes-until-long","$v":{"few":[{"t":"idOrVar","v":"value"}," dəqiqədə"],"many":[{"t":"idOrVar","v":"value"}," dəqiqədə"],"other":[{"t":"idOrVar","v":"value"}," dəqiqədə"],"two":[{"t":"idOrVar","v":"value"}," dəqiqədə"],"zero":"indi","one":"1 dəqiqədə"},"$x":[{"t":"idOrVar","v":"plural"},"value"]},{"$i":"hours-until-long","$v":{"few":[{"t":"idOrVar","v":"value"}," saatda"],"many":[{"t":"idOrVar","v":"value"}," saatda"],"other":[{"t":"idOrVar","v":"value"}," saatda"],"two":[{"t":"idOrVar","v":"value"}," saatda"],"zero":"indi","one":"1 saatda"},"$x":[{"t":"idOrVar","v":"plural"},"value"]},{"$i":"days-until-long","$v":{"few":[{"t":"idOrVar","v":"value"}," gündə"],"many":[{"t":"idOrVar","v":"value"}," gündə"],"one":"sabah","other":[{"t":"idOrVar","v":"value"}," gündə"],"two":[{"t":"idOrVar","v":"value"}," gündə"],"zero":"bu gün"},"$x":[{"t":"idOrVar","v":"plural"},"value"]},{"$i":"weeks-until-long","$v":{"few":[{"t":"idOrVar","v":"value"}," həftədə"],"many":[{"t":"idOrVar","v":"value"}," həftədə"],"one":"növbəti həftə","other":[{"t":"idOrVar","v":"value"}," həftədə"],"two":[{"t":"idOrVar","v":"value"}," həftədə"],"zero":"bu həftə"},"$x":[{"t":"idOrVar","v":"plural"},"value"]},{"$i":"months-until-long","$v":{"few":[{"t":"idOrVar","v":"value"}," ayda"],"many":[{"t":"idOrVar","v":"value"}," ayda"],"one":"növbəti ay","other":[{"t":"idOrVar","v":"value"}," ayda"],"two":[{"t":"idOrVar","v":"value"}," ayda"],"zero":"bu ay"},"$x":[{"t":"idOrVar","v":"plural"},"value"]},{"$i":"years-until-long","$v":{"few":[{"t":"idOrVar","v":"value"}," ildə"],"many":[{"t":"idOrVar","v":"value"}," ildə"],"one":"növbəti il","other":[{"t":"idOrVar","v":"value"}," ildə"],"two":[{"t":"idOrVar","v":"value"}," ildə"],"zero":"bu il"},"$x":[{"t":"idOrVar","v":"plural"},"value"]},{"$i":"minutes-ago-short","$v":{"other":[{"t":"idOrVar","v":"value"},"d əvvəl"],"zero":"indicə"},"$x":[{"t":"idOrVar","v":"plural"},"value"]},{"$i":"hours-ago-short","$v":{"other":[{"t":"idOrVar","v":"value"},"s əvvəl"],"zero":"indicə"},"$x":[{"t":"idOrVar","v":"plural"},"value"]},{"$i":"days-ago-short","$v":{"other":[{"t":"idOrVar","v":"value"},"g əvvəl"],"zero":"bu gün"},"$x":[{"t":"idOrVar","v":"plural"},"value"]},{"$i":"minutes-until-short","$v":{"other":[{"t":"idOrVar","v":"value"}," d-də"],"zero":"indi"},"$x":[{"t":"idOrVar","v":"plural"},"value"]},{"$i":"hours-until-short","$v":{"other":[{"t":"idOrVar","v":"value"}," s-da"],"zero":"indi"},"$x":[{"t":"idOrVar","v":"plural"},"value"]},{"$i":"days-until-short","$v":{"other":[{"t":"idOrVar","v":"value"}," g-də"],"zero":"bu gün"},"$x":[{"t":"idOrVar","v":"plural"},"value"]},{"$i":"incorrectDate","$v":"(yanlış tarix)"},{"$i":"dateTimeFormat_%c","$v":"%a %b %e %Y %I:%M:%S %p"},{"$i":"dateTimeFormat_%x","$v":"%m/%d/%Y"},{"$i":"dateTimeFormat_%X","$v":"%I:%M:%S %p"},{"$i":"shortTimeFormat","$v":"%I:%M %p"},{"$i":"shortTimeFormat12","$v":"%I:%M %p"},{"$i":"shortTimeFormat24","$v":"%H:%M"},{"$i":"shortDateTimeFormat","$v":"%x %I:%M %p"},{"$i":"weekStartsOnMonday","$v":"0.0"},{"$i":"firstDayOfTheWeek","$v":"1.0"},{"$i":"time_am","$v":"AM"},{"$i":"time_pm","$v":"PM"},{"$i":"airplaneMode","$v":"Təyyarə rejimi"},{"$i":"searching","$v":"Axtarılır..."},{"$i":"noNetwork","$v":"Heç bir şəbəkə yoxdur"},{"$i":"roaming","$v":[{"t":"idOrVar","v":"operator"}," (Rouminq)"]},{"$i":"operator-info","$v":[{"t":"idOrVar","v":"carrier"}," ",{"t":"idOrVar","v":"region"}]},{"$i":"emergencyCallsOnly","$v":"Yalnız təcili zənglər"},{"$i":"emergencyCallsOnly-unknownSIMState","$v":"(naməlum SIM vəziy.)"},{"$i":"emergencyCallsOnly-noSIM","$v":"(SIM yoxdur)"},{"$i":"emergencyCallsOnly-pinRequired","$v":"(SIM PIN tələb ed.)"},{"$i":"emergencyCallsOnly-pukRequired","$v":"(SIM PUK tələb ed.)"},{"$i":"emergencyCallsOnly-networkLocked","$v":"(şəbəkə kilidl.)"},{"$i":"emergencyCallsOnly-serviceProviderLocked","$v":"(xidmət təminatçısı kilidl.)"},{"$i":"emergencyCallsOnly-corporateLocked","$v":"(korporativ kilidl.)"},{"$i":"emergencyCallsOnly-network1Locked","$v":"(şəbəkə1 kilidl.)"},{"$i":"emergencyCallsOnly-network2Locked","$v":"(şəbəkə2 kilidl.)"},{"$i":"emergencyCallsOnly-hrpdNetworkLocked","$v":"(hrpd şəbəkə kilidl.)"},{"$i":"emergencyCallsOnly-ruimCorporateLocked","$v":"(ruim korporativ kilidl.)"},{"$i":"emergencyCallsOnly-ruimServiceProviderLocked","$v":"(ruim xidmət təminatçısı kilidl.)"},{"$i":"lockscreen-sim-id","$v":["SIM ",{"t":"idOrVar","v":"n"}]},{"$i":"charging-no-time","$v":[{"t":"idOrVar","v":"level"},"% Doldu"]},{"$i":"charging-minutes","$v":{"few":[{"t":"idOrVar","v":"level"},"% Doldu (",{"t":"idOrVar","v":"minutes"}," dəq tam dolanadək)"],"many":[{"t":"idOrVar","v":"level"},"% Doldu (",{"t":"idOrVar","v":"minutes"}," dəq tam dolanadək)"],"one":[{"t":"idOrVar","v":"level"},"% Doldu (",{"t":"idOrVar","v":"minutes"}," dəq tam dolanadək)"],"other":[{"t":"idOrVar","v":"level"},"% Doldu (",{"t":"idOrVar","v":"minutes"}," dəq tam dolanadək)"],"two":[{"t":"idOrVar","v":"level"},"% Doldu (",{"t":"idOrVar","v":"minutes"}," dəq tam dolanadək)"],"zero":[{"t":"idOrVar","v":"level"},"% Doldu (",{"t":"idOrVar","v":"minutes"}," dəq tam dolanadək)"]},"$x":[{"t":"idOrVar","v":"plural"},"minutes"]},{"$i":"charging-hours","$v":{"few":[{"t":"idOrVar","v":"level"},"% Doldu (",{"t":"idOrVar","v":"hours"},"s ",{"t":"idOrVar","v":"minutes"}," dəq tam dolanadək)"],"many":[{"t":"idOrVar","v":"level"},"% Doldu (",{"t":"idOrVar","v":"hours"},"s ",{"t":"idOrVar","v":"minutes"}," dəq tam dolanadək)"],"one":[{"t":"idOrVar","v":"level"},"% Doldu (",{"t":"idOrVar","v":"hours"},"s ",{"t":"idOrVar","v":"minutes"}," dəq tam dolanadək)"],"other":[{"t":"idOrVar","v":"level"},"% Doldu (",{"t":"idOrVar","v":"hours"},"s ",{"t":"idOrVar","v":"minutes"}," dəq tam dolanadək)"],"two":[{"t":"idOrVar","v":"level"},"% Doldu (",{"t":"idOrVar","v":"hours"},"s ",{"t":"idOrVar","v":"minutes"}," dəq tam dolanadək)"],"zero":[{"t":"idOrVar","v":"level"},"% Doldu (",{"t":"idOrVar","v":"hours"},"s ",{"t":"idOrVar","v":"minutes"}," dəq tam dolanadək)"]},"$x":[{"t":"idOrVar","v":"plural"},"minutes"]},{"$i":"phoneNumberInput","ariaLabel":"Telefon nömrəsi"},{"$i":"keypadDelete","ariaLabel":"Sil"},{"$i":"voiceMailKey","ariaLabel":"Səsli poçt"},{"$i":"asterisk","ariaLabel":"Ulduz işarəsi"},{"$i":"hashSign","ariaLabel":"Haş işarəsi"},{"$i":"cancel","$v":"Ləğv et"},{"$i":"loadingSimContacts","$v":"SIM kart kontaktları yüklənir…"},{"$i":"noContactsWereFound","$v":"Heç bir kontakt tapılmadı"},{"$i":"noContactsFoundDialogOk","$v":"OK"},{"$i":"emergencyNumber","$v":"Təcili nömrə"},{"$i":"callAirplaneModeMessage","$v":"Zəng etmək üçün parametrlərdə təyyarə rejimini qeyri-aktiv etməlisiniz."},{"$i":"callAirplaneModeBtnOk","$v":"OK"},{"$i":"callAirplaneModeTitle","$v":"Təyyarə rejimi aktiv edildi"},{"$i":"numberIsBusyTitle","$v":"Nömrə məşğuldur"},{"$i":"numberIsBusyMessage","$v":"Nömrə hazırda məşğuldur. Daha sonra yenidən cəhd edin."},{"$i":"fdnIsActiveTitle","$v":"FDN aktivdir"},{"$i":"fdnIsActiveMessage","$v":["FDN (Sabit Nömrə Yığımı Nömrələri) aktiv edildi və aşağıdakı nömrə FDN siyahınızda deyil: ",{"t":"idOrVar","v":"number"}]},{"$i":"emergencyDialogBodyBadNumber","$v":"Zəng etmək üçün telefon şəbəkəyə qoşulmalıdır."},{"$i":"emergencyDialogBodyDeviceNotAccepted","$v":"Təcili zənglərə şəbəkə tərəfindən icazə verilmir."},{"$i":"emergencyDialogBtnOk","$v":"OK"},{"$i":"emergencyDialogTitle","$v":"Heç bir şəbəkə bağlantısı yoxdur"},{"$i":"invalidNumberToDialTitle","$v":"Yanlış telefon nömrəsi"},{"$i":"invalidNumberToDialMessage","$v":"Zəng etdiyiniz telefon nömrəsi etibarsızdır."},{"$i":"unableToCallTitle","$v":"Zəng etmək olmur. "},{"$i":"unableToCallMessage","$v":"İndi telefon zəngi etmək olmur"},{"$i":"otherConnectionInUseTitle","$v":"Dig bağl istif edilir"},{"$i":"otherConnectionInUseMessage","$v":"Sizin başqa bağlantıda aktiv zənginiz var. Eyni vaxtda yalnız bir bağlantı istifadə edə bilərsiniz."},{"$i":"connectingEllipsis","$v":"Qoşulur..."},{"$i":"clear","$v":"Sil"},{"$i":"dialer","$v":"Nömrəyığan"},{"$i":"vt-incoming-call","$v":"Gələn video zəng ..."},{"$i":"kai-incoming-call","$v":"Gələn Zəng"},{"$i":"kai-in-call","$v":"Çağırışda"},{"$i":"kai-answer","$v":"Cavab ver"},{"$i":"kai-end-answer","$v":"Sona və cavab ver"},{"$i":"kai-decline","$v":"Azalma"},{"$i":"enter-passcode","$v":"Ekranın kilidini açmaq üçün keçid kodunu daxil edin."},{"$i":"passcode-error","$v":"Yanlış kod. Yenidən cəhd edin."},{"$i":"lockscreenInvalidCode","$v":"Yararsız Şifrə."},{"$i":"lockscreenColdDown","$v":["Yanlış kod. ",{"t":"idOrVar","v":"n"}," sonra cəhd edin."]},{"$i":"lockscreenCheckLockCode","$v":{"few":["Yanlış kod. ",{"t":"idOrVar","v":"n"}," cəhd qalıb."],"one":["Yanlış kod. ",{"t":"idOrVar","v":"n"}," cəhd qalıb."],"other":["Yanlış kod. ",{"t":"idOrVar","v":"n"}," cəhd qalıb."],"two":["Yanlış kod. ",{"t":"idOrVar","v":"n"}," cəhd qalıb."]},"$x":[{"t":"idOrVar","v":"plural"},"n"]},{"$i":"videoCall","$v":"Video zəng"},{"$i":"voice-call","$v":"Səsli zəng"},{"$i":"video-call","$v":"Video zəng"},{"$i":"message","$v":"Mesajlar"},{"$i":"answer-rtt-call","$v":"RTT zənginə cavab ver"},{"$i":"req-rtt-call","$v":"ANS RTT"},{"$i":"rtt-call","$v":"RTT Zəngi"},{"$i":"rtt-view","$v":"RTT görünüşü"},{"$i":"change-to-rtt-call","$v":"RTT zəngi birləşdirilir..."},{"$i":"change-to-voice-call","$v":"Səsli zəngə dəyişdirilib."},{"$i":"upgrading-rtt","$v":"RTT zənginə yüksəldilir..."},{"$i":"rtt-call-failed","$v":"RTT zəngi alınmadı."},{"$i":"voice-call-failed","$v":"Səsli zəng alınmadı."},{"$i":"rtt","$v":"RTT"},{"$i":"rtt-emegency-upgrade-rejected","$v":"Bu 911 zəngi üçün RTT əlçatan deyil."},{"$i":"rtt-emegency-downgrade","$v":"Bu 911 zəngi üçün RTT əlçatan deyil. Zənginiz yalnız səsli zəng kimi birləşdirilib. Çətinliklə üzləşsəniz, 911 nömrəsinə səsli və ya retranslyasiya zəngi edin."},{"$i":"voice-only-call","$v":"Zənginiz yalnız səsli zəng kimi qoşulub."},{"$i":"ans-rtt-failed","$v":"RTT zəngi etmək alınmadı. Zənginiz yalnız səsli zəng kimi qoşulub."},{"$i":"back","$v":"Geriyə"},{"$i":"new-message","$v":"Buradan yeni mesajlar:"},{"$i":"kai-mute","$v":"Səssiz"},{"$i":"kai-unmute","$v":"Səssizləşdirin"},{"$i":"kai-speaker","$v":"Dinamik"},{"$i":"kai-speaker-off","$v":"Dinamik söndürüldü"},{"$i":"kai-microphone-mute-notification","$v":"Mikrofon səssizləşdi"},{"$i":"kai-microphone-active-notification","$v":"Mikrofon aktivdir"},{"$i":"kai-speaker-off-notification","$v":"Xarici dinamik bağlandı"},{"$i":"kai-speaker-on-notification","$v":"Xarici dinamik açıldı"},{"$i":"kai-hold-and-answer","$v":"Gözləyin və cavab verin"},{"$i":"kai-ignore-call","$v":"Gələn Zəngə əhəmiyyət verməyin"},{"$i":"kai-add-to-call","$v":"Zəng əlavə edin"},{"$i":"kai-switch-to-second-line","$v":"Qarşılıqlı Zəng"},{"$i":"kai-merge-calls","$v":"Zəng birləşdirin"},{"$i":"ok","$v":"OK"},{"$i":"losing-wifi-msg","$v":"wifi itirilir"},{"$i":"personal","$v":"Şəxsi"},{"$i":"mobile","$v":"Mobil"},{"$i":"home","$v":"Ev"},{"$i":"work","$v":"İş"},{"$i":"other","$v":"Digər"},{"$i":"fax-home","$v":"Ev Faksı"},{"$i":"fax-office","$v":"Ofis Faksı"},{"$i":"fax-other","$v":"Digər Faks"},{"$i":"hd","$v":"HD"},{"$i":"manage-call","$v":"Zəngi idarə et"},{"$i":"end","$v":"Son Zəng"},{"$i":"private","$v":"Məxli"},{"$i":"sound","$v":"Səs"},{"$i":"bluetooth-device","$v":"Bluetooth cihazı"},{"$i":"handset-earpiece","$v":"Telefon dəstəyi"},{"$i":"speaker","$v":"Dinamik"},{"$i":"call-ended","$v":"Zəng bitdi"},{"$i":"payphone","$v":"Telefon-avtomat"},{"$i":"contact","$v":"Kontakt"},{"$i":"dialer-prompt","$v":"Nömrəni yığ və ya zəngə əlavə etmək üçün kontakt seç"},{"$i":"call","$v":"Zəng"},{"$i":"hold","$v":"Gözlətmə"},{"$i":"callHeldDuration","$v":["Gözləmə (",{"t":"idOrVar","v":"duration"},")"]},{"$i":"volume","$v":"Səs yüksəkliyi"},{"$i":"softkey-options","$v":"Seçimlər"},{"$i":"unhold-call","$v":"Zəngi davam etdirin"},{"$i":"hold-call","$v":"Zəngi gözlədin"},{"$i":"select","$v":"Seç"},{"$i":"unknown","$v":"Naməlum"},{"$i":"switch-calls","$v":"Zəngləri çevirin"},{"$i":"voiceMail","$v":"Səsli poçt"},{"$i":"incoming","$v":"Gələn"},{"$i":"outgoing","$v":"Gedən"},{"$i":"callEnded","$v":"Zəng bitdi"},{"$i":"callEndedDuration","$v":["Zəng bitdi (",{"t":"idOrVar","v":"duration"},")"]},{"$i":"conferenceAddError","$v":"Zəngləri birləşdirmək olmur"},{"$i":"conferenceRemoveError","$v":"Zəngləri ayırmaq olmur"},{"$i":"valid-number","$v":"Etibarlı Nömrə"},{"$i":"numberBlockedMessage","$v":"Bu nömrə bloklanıb. Valideynlərinizdən icazə istəyə bilərsiniz."},{"$i":"callDurationMinutes","$v":[{"t":"idOrVar","v":"m"},":",{"t":"idOrVar","v":"s"}]},{"$i":"callDurationHours","$v":[{"t":"idOrVar","v":"h"},":",{"t":"idOrVar","v":"m"},":",{"t":"idOrVar","v":"s"}]},{"$i":"switch-to-device-toast","$v":"Bluetooth cihazına çevrildi"},{"$i":"switch-to-handset-toast","$v":"Telefon qulaqlığına dəyişildi"},{"$i":"switch-to-speaker-toast","$v":"Dinamikə çevrildi"},{"$i":"connecting","$v":"Qoşulur"},{"$i":"wifi-call-quality-excellent","$v":"Əla"},{"$i":"wifi-call-quality-fair","$v":"Kafi"},{"$i":"wifi-call-quality-bad","$v":"Pis"},{"$i":"call-left-conference-toast","$v":"zəng buraxdı"},{"$i":"camera-off","$v":"Kamera söndürülüb"},{"$i":"camera-on","$v":"Kamera yandırılıb"},{"$i":"rear-camera","$v":"Arxa kamera"},{"$i":"front-camera","$v":"Ön kamera"},{"$i":"hide-info","$v":"Məlumatı gizlət"},{"$i":"show-info","$v":"Məlumatları göstər"},{"$i":"video-call-rejected","$v":"Video zəng rədd edildi, səsli zəngə dəyişin."},{"$i":"video-call-not-support","$v":"Video zəng dəstəklənmir."},{"$i":"video-call-rejected-timeout","$v":"Video zəng rədd edildi və ya fasilə."},{"$i":"video-call-from","$v":[{"t":"idOrVar","v":"name"}," adlı şəxsdən video zəng qəbul edilir."]},{"$i":"video-call-canceled","$v":"Video zəng ləğv edilib."},{"$i":"video-call-failed","$v":"Video zəng alınmadı."},{"$i":"call-downgraded","$v":"Zəng downgraded."},{"$i":"wifi-calling","$v":"Wi-Fi zəngi"},{"$i":"wifi-calling-1","$v":"Zənginiz buraxıla bilər."},{"$i":"wifi-calling-2","$v":"Wi-Fi Əhatə dairəsi diapazonundan kənardasınız."},{"$i":"wifi-calling-dropped","$v":"Wi-Fi zəngi buraxıldı."},{"$i":"accept","$v":"Qəbul et"},{"$i":"conference-call-num","$v":[{"t":"idOrVar","v":"num"}," şəxs zəngdədir."]},{"$i":"more","$v":"Daha çox"},{"$i":"rec","$v":"REC"},{"$i":"start-recording-call","$v":"Zəngin səsini yazmağa başlayın."},{"$i":"stop-recording-call","$v":"Zəngin səsini yazmağı dayandırın."},{"$i":"insufficient-storage","$v":"Yaddaşda kifayət qədər yer yoxdur. Yazma dayandırıldı."},{"$i":"confirmation","$v":"Təsdiq"},{"$i":"get-empty-ussd","$v":"Null cavab aldı."},{"$i":"message-sent","$v":"Mesaj göndərildi"},{"$i":"messages","$v":"Mesajlar"},{"$i":"wait","$v":"Zəhmət olmasa, gözləyin..."},{"$i":"send","$v":"Göndər"},{"$i":"reply","$v":"Cavabla"},{"$i":"reply-message-1","$v":"Bağışlayın, hazırda danışa bilmirəm."},{"$i":"reply-message-2","$v":"Mən yoldayam."},{"$i":"reply-message-3","$v":"Daha sonra sizə zəng edə bilərəmmi?"},{"$i":"reply-message-4","$v":"Xüsusi ..."},{"$i":"reply-to-name","$v":["Buna cavab verilib: ",{"t":"idOrVar","v":"name"}]},{"$i":"call-busy-error","$v":"BusyError"},{"$i":"call-bad-number-error","$v":"BadNumberError"},{"$i":"call-no-route-to-destination-error","$v":"No route to destination."},{"$i":"call-channel-unacceptable-error","$v":"Channel unacceptable"},{"$i":"call-operator-determined-barring-error","$v":"Operator determined barring"},{"$i":"call-normal-call-clearing-error","$v":"LLAMADA TERMINADA"},{"$i":"call-no-user-responding-error","$v":"No user responding"},{"$i":"call-user-alerting-no-answer-error","$v":"User alerting, no answer  "},{"$i":"call-call-rejected-error","$v":"Call rejected"},{"$i":"call-number-changed-error","$v":"Number Changed "},{"$i":"call-pre-emption-error","$v":"Pre-emption"},{"$i":"call-destination-out-of-order-error","$v":"Destination out of order "},{"$i":"call-invalid-number-format-error","$v":"Invalid number format "},{"$i":"call-facility-rejected-error","$v":"Facility rejected "},{"$i":"call-response-to-status-enquiry-error","$v":"Response to "},{"$i":"call-unspecified-error","$v":"Normal, unspecified "},{"$i":"call-congestion-error","$v":"No circuit/channel available"},{"$i":"call-network-out-of-order-error","$v":"Network out of order  "},{"$i":"call-network-temp-failure-error","$v":"Temporary Failure"},{"$i":"call-switching-equip-congestion-error","$v":"Switching equipment congestion"},{"$i":"call-access-info-discarded-error","$v":"Access information discarded "},{"$i":"call-requested-channel-not-available-error","$v":"requested circuit/channel not available"},{"$i":"call-resource-unavailable-error","$v":"Resources unavailable, unspecified"},{"$i":"call-qos-unavailable-error","$v":"Quality of service unavailable"},{"$i":"call-requested-facility-not-subscribed-error","$v":"Requested facility not subscribed"},{"$i":"call-incoming-calls-barred-within-cug-error","$v":"Incoming calls barred within the CUG"},{"$i":"call-bearer-capability-not-authorized-error","$v":"Bearer capability not authorized"},{"$i":"call-bearer-capability-not-available-error","$v":"Bearer capability not presently available"},{"$i":"call-service-not-available-error","$v":"Service or option not available, unspecified"},{"$i":"call-bearer-not-implemented-error","$v":"Bearer service not implemented"},{"$i":"call-incoming-call-exceeded-error","$v":"ACM equal to greater than ACMmax"},{"$i":"call-requested-facility-not-implemented-error","$v":"Requested facility not implemented"},{"$i":"call-unrestricted-bearer-not-available-error","$v":"Only restricted digital information bearer capability is available"},{"$i":"call-service-not-implemented-error","$v":"Service or option not implemented, unspecified "},{"$i":"call-invalid-transaction-id-error","$v":"Invalid transaction identifier value  "},{"$i":"call-not-cug-member-error","$v":"User not member of CUG "},{"$i":"call-incompatible-destination-error","$v":"Incompatible destination  "},{"$i":"call-invalid-transit-network-selection-error","$v":"Invalid transit network selection"},{"$i":"call-semantically-incorrect-message-error","$v":"Semantically incorrect message "},{"$i":"call-invalid-mandatory-info-error","$v":"Invalid mandatory information"},{"$i":"call-message-type-not-implemented-error","$v":"Message type-non compatible with protocol state "},{"$i":"call-message-type-incompatible-protocol-state-error","$v":"Message type not compatible with protocol state  "},{"$i":"call-info-element-not-implemented-error","$v":"Information element nonexistent or not implemented "},{"$i":"call-conditionalIe-error","$v":"Conditional IE error"},{"$i":"call-message-incompatible-protocol-state-error","$v":"Message not compatible with protocol state"},{"$i":"call-recovery-on-timer-expiry-error","$v":"Recovery on timer expiry "},{"$i":"call-protocol-error","$v":"Protocol Error, unspecified "},{"$i":"call-interworking-error","$v":"Interworking, unspecified "},{"$i":"call-service-option-not-subscribed-error","$v":"SIN SUBSCRIPCION AL SERVICIO -33-"},{"$i":"call-unknown-pdp-address-type-error","$v":"FALLA DE AUTENTICACION -29-"},{"$i":"mt-call-on-hold","$v":"Zəng gözlədilir."},{"$i":"mt-call_retrieved","$v":"Zəng yenidən birləşdirildi."},{"$i":"mt-multi_party_call","$v":"Konfrans zənginə əlavə edilmisiniz."},{"$i":"hangup-a11y-button","$v":""},{"$i":"pickup-a11y-button","$v":""},{"$i":"mute","$v":""},{"$i":"toggleKeypad","$v":""},{"$i":"newCall","$v":""},{"$i":"speakerOption","$v":""},{"$i":"bluetoothOption","$v":""},{"$i":"onHoldOption","$v":""},{"$i":"merge","$v":""},{"$i":"ignore","$v":""},{"$i":"dialerAddContact","$v":""},{"$i":"makeCall","$v":""},{"$i":"call-forwarding-async","$v":["Asinxron: ",{"t":"idOrVar","v":"async"}]},{"$i":"call-forwarding-data","$v":["Məlumat: ",{"t":"idOrVar","v":"data"}]},{"$i":"call-forwarding-error","$v":"Zəng yönləndirmə statusunu çıxararkən xəta baş verdi"},{"$i":"call-forwarding-fax","$v":["FAKS: ",{"t":"idOrVar","v":"fax"}]},{"$i":"call-forwarding-inactive","$v":"Qeyri-aktiv"},{"$i":"call-forwarding-packet","$v":["Paket: ",{"t":"idOrVar","v":"packet"}]},{"$i":"call-forwarding-pad","$v":["PAD: ",{"t":"idOrVar","v":"pad"}]},{"$i":"call-forwarding-sms","$v":["SMS: ",{"t":"idOrVar","v":"sms"}]},{"$i":"call-forwarding-status","$v":"Zəng yönləndirmə statusu"},{"$i":"call-forwarding-sync","$v":["Sinxron: ",{"t":"idOrVar","v":"sync"}]},{"$i":"call-forwarding-voice","$v":["Səs: ",{"t":"idOrVar","v":"voice"}]},{"$i":"call-forwarding-reason","$v":["Reason: ",{"t":"idOrVar","v":"reason"}]},{"$i":"scCallBarring","$v":"Zəng qadağası"},{"$i":"scCallForwarding","$v":"Zəng yönləndirmə"},{"$i":"scClip","$v":"Gələn Zəngedənin ID-si"},{"$i":"scClir","$v":"Gedən Zəngedənin ID-si"},{"$i":"scPwd","$v":"Parol dəyişikliyi"},{"$i":"scCallWaiting","$v":"Zəng gözləmə"},{"$i":"scPin","$v":"PIN dəyişmə"},{"$i":"scPin2","$v":"PIN2 dəyişmə"},{"$i":"scPuk","$v":"PIN-i blokdan aç"},{"$i":"scPuk2","$v":"PIN2 blokdan aç"},{"$i":"scImei","$v":"IMEI"},{"$i":"scMeid","$v":"MEID"},{"$i":"scUssd","$v":"USSD"},{"$i":"serviceClassVoice","$v":"Səs"},{"$i":"serviceClassData","$v":"Məlumat"},{"$i":"serviceClassFax","$v":"FAKS"},{"$i":"serviceClassSms","$v":"SMS"},{"$i":"serviceClassDataSync","$v":"Sinxronlaşdırma"},{"$i":"serviceClassDataAsync","$v":"Asinx"},{"$i":"serviceClassPacket","$v":"Paket"},{"$i":"serviceClassPad","$v":"PAD"},{"$i":"smServiceEnabled","$v":"Xidmət aktiv edildi"},{"$i":"smServiceDisabled","$v":"Xidmət qeyri-aktiv edildi"},{"$i":"smServiceRegistered","$v":"Qeydiyyat uğurlu oldu"},{"$i":"smServiceErased","$v":"Silinmə uğurlu oldu"},{"$i":"smServiceInterrogated","$v":"Sorğu uğurlu oldu"},{"$i":"smServiceNotProvisioned","$v":"Xidmət təmin edilməmişdir"},{"$i":"smClirPermanent","$v":"Zəngedənin ID parametrini dəyişdirə bilməzsiniz"},{"$i":"smClirDefaultOnNextCallOn","$v":"Zəngedənin ID-si məhdudlaşdırılanlara aid edilir. Növbəti zəng: Məhdudlaşdırılır"},{"$i":"smClirDefaultOnNextCallOff","$v":"Zəngedənin ID-si məhdudlaşdırılanlara aid edilir. Növbəti zəng: Məhdudlaşdırılmır"},{"$i":"smClirDefaultOffNextCallOn","$v":"Zəngedənin ID-si məhdudlaşdırılmayanlara aid edilir. Növbəti zəng: Məhdudlaşdırılır"},{"$i":"smClirDefaultOffNextCallOff","$v":"Zəngedənin ID-si məhdudlaşdırılmayanlara aid edilir. Növbəti zəng: Məhdudlaşdırılmır"},{"$i":"smServiceEnabledFor","$v":"Xidm akt edildi, üçün:"},{"$i":"smPinChanged","$v":"PIN uğurla dəyişdi"},{"$i":"smPinUnblocked","$v":"PIN uğurla blokdan açıldı"},{"$i":"smPin2Changed","$v":"PIN2 uğurla dəyişdi"},{"$i":"smPin2Unblocked","$v":"PIN2 uğurla blokdan açıldı"},{"$i":"ServiceIsEnabled","$v":"Xidmət aktivdir"},{"$i":"ServiceIsDisabled","$v":"Xidmət qeyri-aktivdir"},{"$i":"ServiceIsEnabledFor","$v":"Xidmət aktivdir, üçün:"},{"$i":"emMmiError","$v":"Bağlantı problemi və ya etibarsız MMI kodu"},{"$i":"emMmiErrorPasswordIncorrect","$v":"Yanlış Parol"},{"$i":"emMmiErrorNotSupported","$v":"Yanlış və ya Dəstəklənməyən MMI Code"},{"$i":"emMmiErrorInvalidAction","$v":"Yanlış hərəkət"},{"$i":"emMmiErrorInvalidScCode","$v":"Yanlış xidmət kodu"},{"$i":"emMmiErrorBadPuk","$v":"Yazdığınız PUK səhvdir"},{"$i":"emMmiErrorBadPin","$v":"Daxil etdiyiniz köhnə PIN yanlışdır."},{"$i":"emMmiErrorNeedPuk2","$v":"SIM kartı blokdan açmaq üçün PUK2 daxil edin"},{"$i":"emMmiErrorMismatchPin","$v":"Daxil etdiyiniz PIN-lər uyğun gəlmir"},{"$i":"emMmiErrorInvalidPin","$v":"4–8 rəqəmli PIN daxil et"},{"$i":"emMmiErrorNeedsPuk","$v":"SIM kartınız PUK-kilidləndi."},{"$i":"emMmiErrorEnablePin","$v":"Uğursuz oldu. SIM/RUIM LOCK aktiv edilsin"},{"$i":"emMmiErrorMmiFdn","$v":"Əməliy yal sabit nömrə yığımı nömrəl ilə məhdudlaş"},{"$i":"emMmiErrorStkCcUssdDial","$v":"USSD sorğusu DIAL sorğusu üçün dəyişdirilmişdir"},{"$i":"emMmiErrorStkCcUssdSs","$v":"USSD sorğusu SS sorğusu üçün dəyişdirilmişdir"},{"$i":"emMmiErrorStkCcUssdUssd","$v":"USSD sorğusu yeni USSD sorğusu üçün dəyişdirilmişdir"},{"$i":"emMmiErrorStkCcSsDial","$v":"SS sorğusu DIAL sorğusu üçün dəyişdirilmişdir"},{"$i":"emMmiErrorStkCcSsUssd","$v":"SS sorğ USSD sorğ üç dəyişdirildi"},{"$i":"emMmiErrorStkCcSsSs","$v":"SS sorğ yeni SS sorğ üç dəyişdirildi"},{"$i":"emMmiErrorPinPukAttempts","$v":{"few":[{"t":"idOrVar","v":"n"}," təkrar cəhd qalır"],"many":[{"t":"idOrVar","v":"n"}," təkrar cəhd qalır"],"one":["Yal ",{"t":"idOrVar","v":"n"}," cəhd qal"],"other":[{"t":"idOrVar","v":"n"}," təkrar cəhd qalır"],"two":[{"t":"idOrVar","v":"n"}," təkrar cəhd qalır"]},"$x":[{"t":"idOrVar","v":"plural"},"n"]},{"$i":"emMmiErrorSimBlocked","$v":"Təkrar cəhdlərin maksimum sayı aşıldı. SIM bloklandı"},{"$i":"RadioNotAvailable","$v":"Radio əlçatan deyil"},{"$i":"GenericFailure","$v":"İstəyi yerinə yetirməkdə səhv."},{"$i":"PasswordIncorrect","$v":"Parol yanlışdır"},{"$i":"SimPin2","$v":"SIM PIN2"},{"$i":"SimPuk2","$v":"SIM PUK2"},{"$i":"RequestNotSupported","$v":"Sorğu dəstəklənmir"},{"$i":"OpNotAllowedDuringVoiceCall","$v":"Əməliy səsli zəng zam ic verilmir"},{"$i":"SmsSendFailRetry","$v":"SMS send fail retry"},{"$i":"SimAbsent","$v":"SIM yoxdur"},{"$i":"SubscriptionNotAvailable","$v":"Abunəlik mövcud deyil"},{"$i":"ModeNotSupported","$v":"Rejim dəstəklənmir"},{"$i":"FdnCheckFailure","$v":"Fdn yoxlama uğursuzluğu"},{"$i":"IllegalSimOrMe","$v":"Qanunsuz SIM və ya ME"},{"$i":"DialModifiedToUssd","$v":"Yığım USSD-yə dəyişdirilib"},{"$i":"DialModifiedToSs","$v":"Yığım SS-ə dəyişdirilib"},{"$i":"DialModifiedToDial","$v":"Yığım yığıma dəyişdirilib"},{"$i":"UssdModifiedToDial","$v":"USSD nömrə yığmaq üçün dəyişdirilmişdir"},{"$i":"UssdModifiedToSs","$v":"USSD SS üçün dəyişdirilmişdir"},{"$i":"UssdModifiedToUssd","$v":"USSD USSD üçün dəyişdirilmişdir"},{"$i":"SsModifiedToDial","$v":"SS nömrə yığmaq üçün dəyişdirilmişdir"},{"$i":"SsModifiedToUssd","$v":"SS USSD üçün dəyişdirilmişdir"},{"$i":"SsModifiedToSs","$v":"SS SS üçün dəyişdirilmişdir"},{"$i":"SubscriptionNotSupported","$v":"Abunəlik dəstəklənmir"},{"$i":"InvalidParameter","$v":"Yanlış parametr"},{"$i":"RejectedByRemote","$v":"Uzaqdan rədd edildi"},{"$i":"error","$v":"Xəta"}]