[{"$i":"weekday-0-long","$v":"Нядзеля"},{"$i":"weekday-1-long","$v":"Панядзелак"},{"$i":"weekday-2-long","$v":"Аўторак"},{"$i":"weekday-3-long","$v":"Серада"},{"$i":"weekday-4-long","$v":"Чацвер"},{"$i":"weekday-5-long","$v":"Пятніца"},{"$i":"weekday-6-long","$v":"Субота"},{"$i":"weekday-0-short","$v":"Нядз"},{"$i":"weekday-1-short","$v":"Пан"},{"$i":"weekday-2-short","$v":"Аўт"},{"$i":"weekday-3-short","$v":"Сер"},{"$i":"weekday-4-short","$v":"Чацв"},{"$i":"weekday-5-short","$v":"Пят"},{"$i":"weekday-6-short","$v":"Суб"},{"$i":"month-0-long","$v":"Студзень"},{"$i":"month-1-long","$v":"Люты"},{"$i":"month-2-long","$v":"Сакавік"},{"$i":"month-3-long","$v":"Красавік"},{"$i":"month-4-long","$v":"Май"},{"$i":"month-5-long","$v":"Чэрвень"},{"$i":"month-6-long","$v":"Ліпень"},{"$i":"month-7-long","$v":"Жнівень"},{"$i":"month-8-long","$v":"Верасень"},{"$i":"month-9-long","$v":"Кастрычнік"},{"$i":"month-10-long","$v":"Лістапад"},{"$i":"month-11-long","$v":"Снежань"},{"$i":"month-0-genitive","$v":"Студзень"},{"$i":"month-1-genitive","$v":"Люты"},{"$i":"month-2-genitive","$v":"Сакавік"},{"$i":"month-3-genitive","$v":"Красавік"},{"$i":"month-4-genitive","$v":"Май"},{"$i":"month-5-genitive","$v":"Чэрвень"},{"$i":"month-6-genitive","$v":"Ліпень"},{"$i":"month-7-genitive","$v":"Жнівень"},{"$i":"month-8-genitive","$v":"Верасень"},{"$i":"month-9-genitive","$v":"Кастрычнік"},{"$i":"month-10-genitive","$v":"Лістапад"},{"$i":"month-11-genitive","$v":"Снежань"},{"$i":"month-0-short","$v":"Сту"},{"$i":"month-1-short","$v":"Лют"},{"$i":"month-2-short","$v":"Сак"},{"$i":"month-3-short","$v":"Кра"},{"$i":"month-4-short","$v":"Май"},{"$i":"month-5-short","$v":"Чэр"},{"$i":"month-6-short","$v":"Ліп"},{"$i":"month-7-short","$v":"Жні"},{"$i":"month-8-short","$v":"Вер"},{"$i":"month-9-short","$v":"Кас"},{"$i":"month-10-short","$v":"Ліс"},{"$i":"month-11-short","$v":"Снж"},{"$i":"minutes-ago-long","$v":{"few":["Хвілін таму: ",{"t":"idOrVar","v":"value"}],"many":["Хвілін таму: ",{"t":"idOrVar","v":"value"}],"other":["Хвілін таму: ",{"t":"idOrVar","v":"value"}],"two":["Хвілін таму: ",{"t":"idOrVar","v":"value"}],"one":"хвіліну таму","zero":"толькі цяпер"},"$x":[{"t":"idOrVar","v":"plural"},"n"]},{"$i":"hours-ago-long","$v":{"few":["Гадзін таму: ",{"t":"idOrVar","v":"value"}],"many":["Гадзін таму: ",{"t":"idOrVar","v":"value"}],"other":["Гадзін таму: ",{"t":"idOrVar","v":"value"}],"two":["Гадзін таму: ",{"t":"idOrVar","v":"value"}],"one":"1 час назад","zero":"толькі цяпер"},"$x":[{"t":"idOrVar","v":"plural"},"n"]},{"$i":"days-ago-long","$v":{"few":["Дзён таму: ",{"t":"idOrVar","v":"value"}],"many":["Дзён таму: ",{"t":"idOrVar","v":"value"}],"one":"учора","other":["Дзён таму: ",{"t":"idOrVar","v":"value"}],"two":["Дзён таму: ",{"t":"idOrVar","v":"value"}],"zero":"сёння"},"$x":[{"t":"idOrVar","v":"plural"},"n"]},{"$i":"weeks-ago-long","$v":{"few":["Тыдняў таму: ",{"t":"idOrVar","v":"value"}],"many":["Тыдняў таму: ",{"t":"idOrVar","v":"value"}],"one":"на мінулым тыдні","other":["Тыдняў таму: ",{"t":"idOrVar","v":"value"}],"two":["Тыдняў таму: ",{"t":"idOrVar","v":"value"}],"zero":"на гэтым тыдні"},"$x":[{"t":"idOrVar","v":"plural"},"n"]},{"$i":"months-ago-long","$v":{"few":["Месяцаў таму: ",{"t":"idOrVar","v":"value"}],"many":["Месяцаў таму: ",{"t":"idOrVar","v":"value"}],"one":"у мінулым месяцы","other":["Месяцаў таму: ",{"t":"idOrVar","v":"value"}],"two":["Месяцаў таму: ",{"t":"idOrVar","v":"value"}],"zero":"у гэтым месяцы"},"$x":[{"t":"idOrVar","v":"plural"},"n"]},{"$i":"years-ago-long","$v":{"few":["Гадоў таму: ",{"t":"idOrVar","v":"value"}],"many":["Гадоў таму: ",{"t":"idOrVar","v":"value"}],"one":"у мінулым годзе","other":["Гадоў таму: ",{"t":"idOrVar","v":"value"}],"two":["Гадоў таму: ",{"t":"idOrVar","v":"value"}],"zero":"у гэтым годзе"},"$x":[{"t":"idOrVar","v":"plural"},"n"]},{"$i":"minutes-until-long","$v":{"few":["праз ",{"t":"idOrVar","v":"value"}," хвілін(-ы)"],"many":["праз ",{"t":"idOrVar","v":"value"}," хвілін(-ы)"],"other":["праз ",{"t":"idOrVar","v":"value"}," хвілін(-ы)"],"two":["праз ",{"t":"idOrVar","v":"value"}," хвілін(-ы)"],"zero":"цяпер","one":"праз 1 хвіліну"},"$x":[{"t":"idOrVar","v":"plural"},"n"]},{"$i":"hours-until-long","$v":{"few":["праз ",{"t":"idOrVar","v":"value"}," гадзін(-ы)"],"many":["праз ",{"t":"idOrVar","v":"value"}," гадзін(-ы)"],"other":["праз ",{"t":"idOrVar","v":"value"}," гадзін(-ы)"],"two":["праз ",{"t":"idOrVar","v":"value"}," гадзін(-ы)"],"zero":"цяпер","one":"праз 1 гадзіну"},"$x":[{"t":"idOrVar","v":"plural"},"n"]},{"$i":"days-until-long","$v":{"few":["праз ",{"t":"idOrVar","v":"value"}," дні(дзён)"],"many":["праз ",{"t":"idOrVar","v":"value"}," дні(дзён)"],"one":"заўтра","other":["праз ",{"t":"idOrVar","v":"value"}," дні(дзён)"],"two":["праз ",{"t":"idOrVar","v":"value"}," дні(дзён)"],"zero":"сёння"},"$x":[{"t":"idOrVar","v":"plural"},"n"]},{"$i":"weeks-until-long","$v":{"few":["праз ",{"t":"idOrVar","v":"value"}," тыдні(-яў)"],"many":["праз ",{"t":"idOrVar","v":"value"}," тыдні(-яў)"],"one":"на наступным тыдні","other":["праз ",{"t":"idOrVar","v":"value"}," тыдні(-яў)"],"two":["праз ",{"t":"idOrVar","v":"value"}," тыдні(-яў)"],"zero":"на гэтым тыдні"},"$x":[{"t":"idOrVar","v":"plural"},"n"]},{"$i":"months-until-long","$v":{"few":["праз ",{"t":"idOrVar","v":"value"}," месяц(-аў)"],"many":["праз ",{"t":"idOrVar","v":"value"}," месяц(-аў)"],"one":"у наступным месяцы","other":["праз ",{"t":"idOrVar","v":"value"}," месяц(-аў)"],"two":["праз ",{"t":"idOrVar","v":"value"}," месяц(-аў)"],"zero":"у гэтым месяцы"},"$x":[{"t":"idOrVar","v":"plural"},"n"]},{"$i":"years-until-long","$v":{"few":["праз ",{"t":"idOrVar","v":"value"}," гады (год)"],"many":["праз ",{"t":"idOrVar","v":"value"}," гады (год)"],"one":"у наступным годзе","other":["праз ",{"t":"idOrVar","v":"value"}," гады (год)"],"two":["праз ",{"t":"idOrVar","v":"value"}," гады (год)"],"zero":"у гэтым годзе"},"$x":[{"t":"idOrVar","v":"plural"},"n"]},{"$i":"minutes-ago-short","$v":{"other":[{"t":"idOrVar","v":"value"},"хв таму"],"zero":"толькі цяпер"},"$x":[{"t":"idOrVar","v":"plural"},"n"]},{"$i":"hours-ago-short","$v":{"other":[{"t":"idOrVar","v":"value"},"гадз таму"],"zero":"толькі цяпер"},"$x":[{"t":"idOrVar","v":"plural"},"n"]},{"$i":"days-ago-short","$v":{"other":[{"t":"idOrVar","v":"value"},"д таму"],"zero":"сёння"},"$x":[{"t":"idOrVar","v":"plural"},"n"]},{"$i":"minutes-until-short","$v":{"other":["праз ",{"t":"idOrVar","v":"value"},"хв"],"zero":"цяпер"},"$x":[{"t":"idOrVar","v":"plural"},"n"]},{"$i":"hours-until-short","$v":{"other":["праз ",{"t":"idOrVar","v":"value"},"гадз"],"zero":"цяпер"},"$x":[{"t":"idOrVar","v":"plural"},"n"]},{"$i":"days-until-short","$v":{"other":["праз ",{"t":"idOrVar","v":"value"},"д"],"zero":"сёння"},"$x":[{"t":"idOrVar","v":"plural"},"n"]},{"$i":"incorrectDate","$v":"(няправільная дата)"},{"$i":"dateTimeFormat_%c","$v":"%a %b %e %Y %I:%M:%S %p"},{"$i":"dateTimeFormat_%x","$v":"%m/%d/%Y"},{"$i":"dateTimeFormat_%X","$v":"%I:%M:%S %p"},{"$i":"shortTimeFormat","$v":"%I:%M %p"},{"$i":"shortTimeFormat12","$v":"%I:%M %p"},{"$i":"shortTimeFormat24","$v":"%H:%M"},{"$i":"shortDateTimeFormat","$v":"%x %I:%M %p"},{"$i":"weekStartsOnMonday","$v":"0.0"},{"$i":"firstDayOfTheWeek","$v":"1.0"},{"$i":"time_am","$v":"Ран."},{"$i":"time_pm","$v":"PM"},{"$i":"airplaneMode","$v":"Рэжым \"У самалёце”"},{"$i":"searching","$v":"Ідзе пошук..."},{"$i":"noNetwork","$v":"Няма сеткі"},{"$i":"roaming","$v":[{"t":"idOrVar","v":"operator"}," (роўмінг)"]},{"$i":"operator-info","$v":[{"t":"idOrVar","v":"carrier"}," ",{"t":"idOrVar","v":"region"}]},{"$i":"emergencyCallsOnly","$v":"Толькі экстраныя выклікі"},{"$i":"emergencyCallsOnly-unknownSIMState","$v":"(невядомы стан SIM-карты)"},{"$i":"emergencyCallsOnly-noSIM","$v":"(няма SIM)"},{"$i":"emergencyCallsOnly-pinRequired","$v":"(Патрабуецца PIN-код SIM-карты)"},{"$i":"emergencyCallsOnly-pukRequired","$v":"(Патрабуецца PUK-код SIM-карты)"},{"$i":"emergencyCallsOnly-networkLocked","$v":"(сетка заблакавана)"},{"$i":"emergencyCallsOnly-serviceProviderLocked","$v":"(правайдар паслугі заблак.)"},{"$i":"emergencyCallsOnly-corporateLocked","$v":"(карпаратыўная блакіроўка)"},{"$i":"emergencyCallsOnly-network1Locked","$v":"(сетка1 заблакавана)"},{"$i":"emergencyCallsOnly-network2Locked","$v":"(сетка2 заблакавана)"},{"$i":"emergencyCallsOnly-hrpdNetworkLocked","$v":"(сетка hrpd заблакавана)"},{"$i":"emergencyCallsOnly-ruimCorporateLocked","$v":"(ruim карпаратыўна заблакавана)"},{"$i":"emergencyCallsOnly-ruimServiceProviderLocked","$v":"(правайдар паслугі ruim заблакаваны)"},{"$i":"lockscreen-sim-id","$v":["SIM-картка ",{"t":"idOrVar","v":"n"}]},{"$i":"charging-no-time","$v":[{"t":"idOrVar","v":"level"},"% зарадкі"]},{"$i":"charging-minutes","$v":{"few":[{"t":"idOrVar","v":"level"},"% зараджана (",{"t":"idOrVar","v":"minutes"}," хв да поўнай зарадкі)"],"many":[{"t":"idOrVar","v":"level"},"% зараджана (",{"t":"idOrVar","v":"minutes"}," хв да поўнай зарадкі)"],"one":[{"t":"idOrVar","v":"level"},"% зараджана (",{"t":"idOrVar","v":"minutes"}," хв да поўнай зарадкі)"],"other":[{"t":"idOrVar","v":"level"},"% зараджана (",{"t":"idOrVar","v":"minutes"}," хв да поўнай зарадкі)"],"two":[{"t":"idOrVar","v":"level"},"% зараджана (",{"t":"idOrVar","v":"minutes"}," хв да поўнай зарадкі)"],"zero":[{"t":"idOrVar","v":"level"},"% зараджана (",{"t":"idOrVar","v":"minutes"}," хв да поўнай зарадкі)"]},"$x":[{"t":"idOrVar","v":"plural"},"minutes"]},{"$i":"charging-hours","$v":{"few":[{"t":"idOrVar","v":"level"},"% зарадкі (",{"t":"idOrVar","v":"hours"},"гадз ",{"t":"idOrVar","v":"minutes"}," хв да поўнай зарадкі)"],"many":[{"t":"idOrVar","v":"level"},"% зарадкі (",{"t":"idOrVar","v":"hours"},"гадз ",{"t":"idOrVar","v":"minutes"}," хв да поўнай зарадкі)"],"one":[{"t":"idOrVar","v":"level"},"% зарадкі (",{"t":"idOrVar","v":"hours"},"гадз ",{"t":"idOrVar","v":"minutes"}," хв да поўнай зарадкі)"],"other":[{"t":"idOrVar","v":"level"},"% зарадкі (",{"t":"idOrVar","v":"hours"},"гадз ",{"t":"idOrVar","v":"minutes"}," хв да поўнай зарадкі)"],"two":[{"t":"idOrVar","v":"level"},"% зарадкі (",{"t":"idOrVar","v":"hours"},"гадз ",{"t":"idOrVar","v":"minutes"}," хв да поўнай зарадкі)"],"zero":[{"t":"idOrVar","v":"level"},"% зарадкі (",{"t":"idOrVar","v":"hours"},"гадз ",{"t":"idOrVar","v":"minutes"}," хв да поўнай зарадкі)"]},"$x":[{"t":"idOrVar","v":"plural"},"minutes"]},{"$i":"phoneNumberInput","ariaLabel":"Нумар тэлефона"},{"$i":"keypadDelete","ariaLabel":"Выдаліць"},{"$i":"voiceMailKey","ariaLabel":"Галас. пошта"},{"$i":"asterisk","ariaLabel":"Зорачка"},{"$i":"hashSign","ariaLabel":"Знак \"кратаў"},{"$i":"cancel","$v":"Скасаваць"},{"$i":"loadingSimContacts","$v":"Загружаюцца кантакты SIM-карткі…"},{"$i":"noContactsWereFound","$v":"Кантакты не знойдзены"},{"$i":"noContactsFoundDialogOk","$v":"ОК"},{"$i":"emergencyNumber","$v":"Экстраны нумар"},{"$i":"callAirplaneModeMessage","$v":"Каб зрабіць выклік, трэба адключыць рэжым \"У самалёце\" у настройках."},{"$i":"callAirplaneModeBtnOk","$v":"ОК"},{"$i":"callAirplaneModeTitle","$v":"Рэжым \"У самалёце\" уключаны"},{"$i":"numberIsBusyTitle","$v":"Нумар заняты"},{"$i":"numberIsBusyMessage","$v":"Номер зараз заняты. Паўтарыце спробу пазней."},{"$i":"fdnIsActiveTitle","$v":"FDN актыўна"},{"$i":"fdnIsActiveMessage","$v":["Функцыя FDN (фіксаваны набор нумароў) уключана, і наступны нумар не знаходзіцца ў вашым спісе FDN: ",{"t":"idOrVar","v":"number"}]},{"$i":"emergencyDialogBodyBadNumber","$v":"Каб зрабіць выклік, тэлефон павінен быць падключаны да сеткі."},{"$i":"emergencyDialogBodyDeviceNotAccepted","$v":"Экстраныя выклікі не дазволены сеткай."},{"$i":"emergencyDialogBtnOk","$v":"ОК"},{"$i":"emergencyDialogTitle","$v":"Няма падключэння да сеткі"},{"$i":"invalidNumberToDialTitle","$v":"Няправільны нумар тэлефона"},{"$i":"invalidNumberToDialMessage","$v":"Нумар тэлефона, па якім вы званіце, несапраўдны."},{"$i":"unableToCallTitle","$v":"Немагчыма зрабіць выклік. "},{"$i":"unableToCallMessage","$v":"Зараз немагчыма пазваніць па тэлефоне"},{"$i":"otherConnectionInUseTitle","$v":"Выкар. іншае падкл."},{"$i":"otherConnectionInUseMessage","$v":"У вас актыўны выклік на іншым падлучэнні. Адначасова можна карыстацца толькі адным падлучэннем."},{"$i":"connectingEllipsis","$v":"Падлучаецца..."},{"$i":"clear","$v":"Ачысціць"},{"$i":"dialer","$v":"Набіральнік"},{"$i":"vt-incoming-call","$v":"Уваходны відэазванок ..."},{"$i":"kai-incoming-call","$v":"Уваходны выклік"},{"$i":"kai-in-call","$v":"Па званку"},{"$i":"kai-answer","$v":"Адказ"},{"$i":"kai-end-answer","$v":"Канец і адказ"},{"$i":"kai-decline","$v":"Адхіліць"},{"$i":"enter-passcode","$v":"Каб разблакіраваць экран, увядзіце пароль."},{"$i":"passcode-error","$v":"Няправільны код. Паўтарыце спробу."},{"$i":"lockscreenInvalidCode","$v":"Несапраўдны код."},{"$i":"lockscreenColdDown","$v":["Няправільны код. Паўтарыце праз ",{"t":"idOrVar","v":"n"},"."]},{"$i":"lockscreenCheckLockCode","$v":{"few":["Няправільны код. Засталося спроб: ",{"t":"idOrVar","v":"n"},"."],"one":["Няправільны код. Засталася ",{"t":"idOrVar","v":"n"}," спроба."],"other":["Няправільны код. Засталося спроб: ",{"t":"idOrVar","v":"n"},"."],"two":["Няправільны код. Засталося спроб: ",{"t":"idOrVar","v":"n"},"."]},"$x":[{"t":"idOrVar","v":"plural"},"n"]},{"$i":"videoCall","$v":"Відэавыклік"},{"$i":"voice-call","$v":"Галасавы выклік"},{"$i":"video-call","$v":"Відэавыклік"},{"$i":"message","$v":"Паведамленні"},{"$i":"answer-rtt-call","$v":"Адказаць RTT"},{"$i":"req-rtt-call","$v":"ANS RTT"},{"$i":"rtt-call","$v":"Выклік RTT"},{"$i":"rtt-view","$v":"Від RTT"},{"$i":"change-to-rtt-call","$v":"Падключэнне выкліку RTT..."},{"$i":"change-to-voice-call","$v":"Зменена на галасавы выклік."},{"$i":"upgrading-rtt","$v":"Павышэнне да выкліку RTT..."},{"$i":"rtt-call-failed","$v":"Памылка выкліку RTT."},{"$i":"voice-call-failed","$v":"Памылка галасавога выкліку."},{"$i":"rtt","$v":"RTT"},{"$i":"rtt-emegency-upgrade-rejected","$v":"RTT недаступны для гэтага экстраннага выкліку."},{"$i":"rtt-emegency-downgrade","$v":"RTT недаступны для гэтага экстраннага выкліку. Выклік быў падключаны як галасавы. Калі ў вас цяжкасці, зрабіце экстранны галасавы або рэлейны выклік."},{"$i":"voice-only-call","$v":"Ваш выклік быў падключаны як галасавы выклік."},{"$i":"ans-rtt-failed","$v":"Не ўдалося ўсталяваць выклік RTT. Падлучэнне было ўсталявана як галасавы выклік."},{"$i":"back","$v":"Назад"},{"$i":"new-message","$v":"Новыя паведамленні ад"},{"$i":"kai-mute","$v":"Адключэнне гуку"},{"$i":"kai-unmute","$v":"Уключыць гук"},{"$i":"kai-speaker","$v":"Дынамік"},{"$i":"kai-speaker-off","$v":"Дынамік выключаны"},{"$i":"kai-microphone-mute-notification","$v":"Мікрафон адключаны"},{"$i":"kai-microphone-active-notification","$v":"Мікрафон актыўны"},{"$i":"kai-speaker-off-notification","$v":"Знешні дынамік адключаны"},{"$i":"kai-speaker-on-notification","$v":"Знешні дынамік уключаны"},{"$i":"kai-hold-and-answer","$v":"Апрані ўтрыманне і адкажы"},{"$i":"kai-ignore-call","$v":"Ігнараваць ўваходны выклік"},{"$i":"kai-add-to-call","$v":"Дадаць званок"},{"$i":"kai-switch-to-second-line","$v":"Памяняць выклік"},{"$i":"kai-merge-calls","$v":"Злучыце выклік"},{"$i":"ok","$v":"OK"},{"$i":"losing-wifi-msg","$v":"страта wifi"},{"$i":"personal","$v":"Персанальны"},{"$i":"mobile","$v":"Мабільны"},{"$i":"home","$v":"Хатні"},{"$i":"work","$v":"Праца"},{"$i":"other","$v":"Іншае"},{"$i":"fax-home","$v":"Хатні факс"},{"$i":"fax-office","$v":"Офісны факс"},{"$i":"fax-other","$v":"Іншы факс"},{"$i":"hd","$v":"HD"},{"$i":"manage-call","$v":"Кіраваць выклікам"},{"$i":"end","$v":"Закончыць выклік"},{"$i":"private","$v":"Прыватны"},{"$i":"sound","$v":"Гук"},{"$i":"bluetooth-device","$v":"Прылада з Bluetooth"},{"$i":"handset-earpiece","$v":"Тэлефон"},{"$i":"speaker","$v":"Дынамік"},{"$i":"call-ended","$v":"Выклік скончаны"},{"$i":"payphone","$v":"Платны тэлефон"},{"$i":"contact","$v":"Кантакт"},{"$i":"dialer-prompt","$v":"Набярыце нумар або выберыце кантакт, каб дадаць да выкліку"},{"$i":"call","$v":"Выклік"},{"$i":"hold","$v":"Утрымліваць"},{"$i":"callHeldDuration","$v":["Утрымліваць (",{"t":"idOrVar","v":"duration"},")"]},{"$i":"volume","$v":"Гучнасць"},{"$i":"softkey-options","$v":"Опцыі"},{"$i":"unhold-call","$v":"Зняць з утрымання"},{"$i":"hold-call","$v":"Утрымліваць выклік"},{"$i":"select","$v":"Выбраць"},{"$i":"unknown","$v":"Невяд."},{"$i":"switch-calls","$v":"Памяняць выклікі"},{"$i":"voiceMail","$v":"Галас. пошта"},{"$i":"incoming","$v":"Уваходныя"},{"$i":"outgoing","$v":"Зыходныя"},{"$i":"callEnded","$v":"Выклік скончаны"},{"$i":"callEndedDuration","$v":["Выклік завершаны (",{"t":"idOrVar","v":"duration"},")"]},{"$i":"conferenceAddError","$v":"Немагчыма злучыць выклікі"},{"$i":"conferenceRemoveError","$v":"Немагчыма адлучыць выклікі"},{"$i":"valid-number","$v":"Сапраўдны нумар"},{"$i":"numberBlockedMessage","$v":"Гэты нумар заблакаваны. Вы можаце спытаць у бацькоў дазволу."},{"$i":"callDurationMinutes","$v":[{"t":"idOrVar","v":"m"},":",{"t":"idOrVar","v":"s"}]},{"$i":"callDurationHours","$v":[{"t":"idOrVar","v":"h"},":",{"t":"idOrVar","v":"m"},":",{"t":"idOrVar","v":"s"}]},{"$i":"switch-to-device-toast","$v":"Перак. на прыл. з Bluetooth"},{"$i":"switch-to-handset-toast","$v":"Пераключыць на навушнік гарнітуры"},{"$i":"switch-to-speaker-toast","$v":"Пераключана на дынамік"},{"$i":"connecting","$v":"Падлучаецца"},{"$i":"wifi-call-quality-excellent","$v":"Выдатна"},{"$i":"wifi-call-quality-fair","$v":"Здавальняюча"},{"$i":"wifi-call-quality-bad","$v":"Кепска"},{"$i":"call-left-conference-toast","$v":"Нумар пакінуў выклік"},{"$i":"camera-off","$v":"Камера выкл"},{"$i":"camera-on","$v":"Камера ўкл"},{"$i":"rear-camera","$v":"Задняя камера"},{"$i":"front-camera","$v":"Пярэдняя камера"},{"$i":"hide-info","$v":"Схаваць даныя"},{"$i":"show-info","$v":"Паказаць даныя"},{"$i":"video-call-rejected","$v":"Відэавыклік адхілены, змяніце на галасавы выклік."},{"$i":"video-call-not-support","$v":"Відэавыклік не падтрымліваецца."},{"$i":"video-call-rejected-timeout","$v":"Відэавыклік адхілены альбо час чакання скончыўся."},{"$i":"video-call-from","$v":["Прыём відэавыкліку ад ",{"t":"idOrVar","v":"name"},"."]},{"$i":"video-call-canceled","$v":"Відэавыклік скасаваны."},{"$i":"video-call-failed","$v":"Памылка відэавыкліку."},{"$i":"call-downgraded","$v":"Выклік паніжаны."},{"$i":"wifi-calling","$v":"Выклікі па Wi-Fi"},{"$i":"wifi-calling-1","$v":"Ваш выклік можа перарвацца."},{"$i":"wifi-calling-2","$v":"Вы амаль па-за зонай дзеяння Wi-Fi."},{"$i":"wifi-calling-dropped","$v":"Выклік па Wi-Fi перарваны."},{"$i":"accept","$v":"Прыняць"},{"$i":"conference-call-num","$v":["Колькасць удзельнікаў выкліку: ",{"t":"idOrVar","v":"num"},"."]},{"$i":"more","$v":"Яшчэ"},{"$i":"rec","$v":"REC"},{"$i":"start-recording-call","$v":"Пачаць запіс выкліку."},{"$i":"stop-recording-call","$v":"Спыніць запіс выкліку."},{"$i":"insufficient-storage","$v":"Недастаткова сховішча. Запіс спынены."},{"$i":"confirmation","$v":"Пацверджанне"},{"$i":"get-empty-ussd","$v":"Null атрыманы адказ."},{"$i":"message-sent","$v":"Паведамленне адпраўлена"},{"$i":"messages","$v":"Паведамленні"},{"$i":"wait","$v":"Калі ласка пачакай..."},{"$i":"send","$v":"Адправіць"},{"$i":"reply","$v":"Адказаць"},{"$i":"reply-message-1","$v":"На жаль, я не магу зараз размаўляць."},{"$i":"reply-message-2","$v":"Я на шляху."},{"$i":"reply-message-3","$v":"Ці магу я патэлефанаваць пазней?"},{"$i":"reply-message-4","$v":"Нестандартныя ..."},{"$i":"reply-to-name","$v":["У адказ карыстальніку ",{"t":"idOrVar","v":"name"}]},{"$i":"call-busy-error","$v":"BusyError"},{"$i":"call-bad-number-error","$v":"BadNumberError"},{"$i":"call-no-route-to-destination-error","$v":"No route to destination."},{"$i":"call-channel-unacceptable-error","$v":"Channel unacceptable"},{"$i":"call-operator-determined-barring-error","$v":"Operator determined barring"},{"$i":"call-normal-call-clearing-error","$v":"LLAMADA TERMINADA"},{"$i":"call-no-user-responding-error","$v":"No user responding"},{"$i":"call-user-alerting-no-answer-error","$v":"User alerting, no answer  "},{"$i":"call-call-rejected-error","$v":"Call rejected"},{"$i":"call-number-changed-error","$v":"Number Changed "},{"$i":"call-pre-emption-error","$v":"Pre-emption"},{"$i":"call-destination-out-of-order-error","$v":"Destination out of order "},{"$i":"call-invalid-number-format-error","$v":"Invalid number format "},{"$i":"call-facility-rejected-error","$v":"Facility rejected "},{"$i":"call-response-to-status-enquiry-error","$v":"Response to "},{"$i":"call-unspecified-error","$v":"Normal, unspecified "},{"$i":"call-congestion-error","$v":"No circuit/channel available"},{"$i":"call-network-out-of-order-error","$v":"Network out of order  "},{"$i":"call-network-temp-failure-error","$v":"Temporary Failure"},{"$i":"call-switching-equip-congestion-error","$v":"Switching equipment congestion"},{"$i":"call-access-info-discarded-error","$v":"Access information discarded "},{"$i":"call-requested-channel-not-available-error","$v":"requested circuit/channel not available"},{"$i":"call-resource-unavailable-error","$v":"Resources unavailable, unspecified"},{"$i":"call-qos-unavailable-error","$v":"Quality of service unavailable"},{"$i":"call-requested-facility-not-subscribed-error","$v":"Requested facility not subscribed"},{"$i":"call-incoming-calls-barred-within-cug-error","$v":"Incoming calls barred within the CUG"},{"$i":"call-bearer-capability-not-authorized-error","$v":"Bearer capability not authorized"},{"$i":"call-bearer-capability-not-available-error","$v":"Bearer capability not presently available"},{"$i":"call-service-not-available-error","$v":"Service or option not available, unspecified"},{"$i":"call-bearer-not-implemented-error","$v":"Bearer service not implemented"},{"$i":"call-incoming-call-exceeded-error","$v":"ACM equal to greater than ACMmax"},{"$i":"call-requested-facility-not-implemented-error","$v":"Requested facility not implemented"},{"$i":"call-unrestricted-bearer-not-available-error","$v":"Only restricted digital information bearer capability is available"},{"$i":"call-service-not-implemented-error","$v":"Service or option not implemented, unspecified "},{"$i":"call-invalid-transaction-id-error","$v":"Invalid transaction identifier value  "},{"$i":"call-not-cug-member-error","$v":"User not member of CUG "},{"$i":"call-incompatible-destination-error","$v":"Incompatible destination  "},{"$i":"call-invalid-transit-network-selection-error","$v":"Invalid transit network selection"},{"$i":"call-semantically-incorrect-message-error","$v":"Semantically incorrect message "},{"$i":"call-invalid-mandatory-info-error","$v":"Invalid mandatory information"},{"$i":"call-message-type-not-implemented-error","$v":"Message type-non compatible with protocol state "},{"$i":"call-message-type-incompatible-protocol-state-error","$v":"Message type not compatible with protocol state  "},{"$i":"call-info-element-not-implemented-error","$v":"Information element nonexistent or not implemented "},{"$i":"call-conditionalIe-error","$v":"Conditional IE error"},{"$i":"call-message-incompatible-protocol-state-error","$v":"Message not compatible with protocol state"},{"$i":"call-recovery-on-timer-expiry-error","$v":"Recovery on timer expiry "},{"$i":"call-protocol-error","$v":"Protocol Error, unspecified "},{"$i":"call-interworking-error","$v":"Interworking, unspecified "},{"$i":"call-service-option-not-subscribed-error","$v":"SIN SUBSCRIPCION AL SERVICIO -33-"},{"$i":"call-unknown-pdp-address-type-error","$v":"FALLA DE AUTENTICACION -29-"},{"$i":"mt-call-on-hold","$v":"Выклік пастаўлены на ўтрыманне."},{"$i":"mt-call_retrieved","$v":"Выклік атрыманы."},{"$i":"mt-multi_party_call","$v":"Вас дадалі да канферэнц-выкліку."},{"$i":"hangup-a11y-button","$v":""},{"$i":"pickup-a11y-button","$v":""},{"$i":"mute","$v":""},{"$i":"toggleKeypad","$v":""},{"$i":"newCall","$v":""},{"$i":"speakerOption","$v":""},{"$i":"bluetoothOption","$v":""},{"$i":"onHoldOption","$v":""},{"$i":"merge","$v":""},{"$i":"ignore","$v":""},{"$i":"dialerAddContact","$v":""},{"$i":"makeCall","$v":""},{"$i":"call-forwarding-async","$v":["Дэсінхранізаваны: ",{"t":"idOrVar","v":"async"}]},{"$i":"call-forwarding-data","$v":["Даныя: ",{"t":"idOrVar","v":"data"}]},{"$i":"call-forwarding-error","$v":"Падчас атрымання стану перанакіравання выкліку адбылася памылка"},{"$i":"call-forwarding-fax","$v":["ФАКС: ",{"t":"idOrVar","v":"fax"}]},{"$i":"call-forwarding-inactive","$v":"Неактыўны"},{"$i":"call-forwarding-packet","$v":["Пакет: ",{"t":"idOrVar","v":"packet"}]},{"$i":"call-forwarding-pad","$v":["PAD: ",{"t":"idOrVar","v":"pad"}]},{"$i":"call-forwarding-sms","$v":["SMS: ",{"t":"idOrVar","v":"sms"}]},{"$i":"call-forwarding-status","$v":"Статус перанакір. выкліку"},{"$i":"call-forwarding-sync","$v":["Сінхронна: ",{"t":"idOrVar","v":"sync"}]},{"$i":"call-forwarding-voice","$v":["Голас: ",{"t":"idOrVar","v":"voice"}]},{"$i":"call-forwarding-reason","$v":["Reason: ",{"t":"idOrVar","v":"reason"}]},{"$i":"scCallBarring","$v":"Забарона выкліку"},{"$i":"scCallForwarding","$v":"Перанакіраванне выкліку"},{"$i":"scClip","$v":"Ідэнтыфікатар уваходзячага абанента"},{"$i":"scClir","$v":"Ідэнтыф. вых. абанента"},{"$i":"scPwd","$v":"Змена пароля"},{"$i":"scCallWaiting","$v":"Чаканне выкліку"},{"$i":"scPin","$v":"Змена PIN"},{"$i":"scPin2","$v":"Змена PIN2"},{"$i":"scPuk","$v":"Разблакаваць PIN"},{"$i":"scPuk2","$v":"Разблакаваць PIN2"},{"$i":"scImei","$v":"IMEI"},{"$i":"scMeid","$v":"Ідэнтыфікатар мабільнага абсталявання (MEID)"},{"$i":"scUssd","$v":"USSD"},{"$i":"serviceClassVoice","$v":"Галасавыя"},{"$i":"serviceClassData","$v":"Даныя"},{"$i":"serviceClassFax","$v":"ФАКС"},{"$i":"serviceClassSms","$v":"SMS"},{"$i":"serviceClassDataSync","$v":"Сінхранізацыя"},{"$i":"serviceClassDataAsync","$v":"Дэсінхранізацыя"},{"$i":"serviceClassPacket","$v":"Пакет"},{"$i":"serviceClassPad","$v":"PAD"},{"$i":"smServiceEnabled","$v":"Сэрвіс уключаны"},{"$i":"smServiceDisabled","$v":"Сэрвіс адключаны"},{"$i":"smServiceRegistered","$v":"Рэгістрацыя паспяховая"},{"$i":"smServiceErased","$v":"Паспяхова выдалена"},{"$i":"smServiceInterrogated","$v":"Запыт паспяховы"},{"$i":"smServiceNotProvisioned","$v":"Сэрвіс не аказваецца"},{"$i":"smClirPermanent","$v":"Вы не можаце мяняць настройкі ідэнтыфікатара абанента"},{"$i":"smClirDefaultOnNextCallOn","$v":"Стандартны ідэнтыфікатар абанента абмежаваны. Наступны выклік: абмежаваны"},{"$i":"smClirDefaultOnNextCallOff","$v":"Стандартны ідэнтыфікатар абанента абмежаваны. Наступны выклік: не абмежаваны"},{"$i":"smClirDefaultOffNextCallOn","$v":"Стандартны ідэнтыфікатар абанента не абмежаваны. Наступны выклік: абмежаваны"},{"$i":"smClirDefaultOffNextCallOff","$v":"Стандартны ідэнтыфікатар абанента не абмежаваны. Наступны выклік: не абмежаваны"},{"$i":"smServiceEnabledFor","$v":"Сэрвіс уключаны для:"},{"$i":"smPinChanged","$v":"PIN паспяхова зменены"},{"$i":"smPinUnblocked","$v":"PIN паспяхова разблак."},{"$i":"smPin2Changed","$v":"PIN2 паспяхова зменены"},{"$i":"smPin2Unblocked","$v":"PIN2 паспяхова разблак."},{"$i":"ServiceIsEnabled","$v":"Сэрвіс уключаны"},{"$i":"ServiceIsDisabled","$v":"Сэрвіс адключаны"},{"$i":"ServiceIsEnabledFor","$v":"Сэрвіс уключаны для:"},{"$i":"emMmiError","$v":"Праблема падлучэння або няправільны код MMI"},{"$i":"emMmiErrorPasswordIncorrect","$v":"Няправільны пароль"},{"$i":"emMmiErrorNotSupported","$v":"Код MMI няправільны або не падтрымліваецца"},{"$i":"emMmiErrorInvalidAction","$v":"Несапраўднае дзеянне"},{"$i":"emMmiErrorInvalidScCode","$v":"Няправільны сэрвісны код"},{"$i":"emMmiErrorBadPuk","$v":"Уведзены PUK няправільны"},{"$i":"emMmiErrorBadPin","$v":"Стары PIN, які вы ўвялі, няправільны."},{"$i":"emMmiErrorNeedPuk2","$v":"Увядзіце PUK2, каб разблакаваць SIM-картку"},{"$i":"emMmiErrorMismatchPin","$v":"PIN-коды, якія вы ўвялі, не супадаюць"},{"$i":"emMmiErrorInvalidPin","$v":"Увесці PIN з 4 або 8 лічбаў"},{"$i":"emMmiErrorNeedsPuk","$v":"Ваша SIM-картка заблакіравана PUK-кодам"},{"$i":"emMmiErrorEnablePin","$v":"Беспаспяхова. Уключыць блакіраванне SIM/RUIM LOCK"},{"$i":"emMmiErrorMmiFdn","$v":"Апер. дазв. толькі для нум. фікс. наб."},{"$i":"emMmiErrorStkCcUssdDial","$v":"Запыт USSD зменены на запыт DIAL"},{"$i":"emMmiErrorStkCcUssdSs","$v":"Запыт USSD зменены на запыт SS"},{"$i":"emMmiErrorStkCcUssdUssd","$v":"Запыт USSD зменены на новы запыт USSD"},{"$i":"emMmiErrorStkCcSsDial","$v":"Запыт SS зменены на запыт НАБОРА"},{"$i":"emMmiErrorStkCcSsUssd","$v":"Зап. SS змен. на зап. USSD"},{"$i":"emMmiErrorStkCcSsSs","$v":"Зап. SS змен. на новы зап. SS"},{"$i":"emMmiErrorPinPukAttempts","$v":{"few":["Засталося паўторных спроб: ",{"t":"idOrVar","v":"n"}],"many":["Засталося паўторных спроб: ",{"t":"idOrVar","v":"n"}],"one":["Заст. толькі ",{"t":"idOrVar","v":"n"}," спр."],"other":["Засталося паўторных спроб: ",{"t":"idOrVar","v":"n"}],"two":["Засталося паўторных спроб: ",{"t":"idOrVar","v":"n"}]},"$x":[{"t":"idOrVar","v":"plural"},"n"]},{"$i":"emMmiErrorSimBlocked","$v":"Перавышана максімальная колькасць паўторных спроб. SIM-картка заблакавана"},{"$i":"RadioNotAvailable","$v":"Радыё недаступна"},{"$i":"GenericFailure","$v":"Памылка выканання запыту."},{"$i":"PasswordIncorrect","$v":"Няправільны пароль"},{"$i":"SimPin2","$v":"Код PIN2 SIM-карткі"},{"$i":"SimPuk2","$v":"Код PUK2 SIM-карткі"},{"$i":"RequestNotSupported","$v":"Справаздача не падтрымліваецца"},{"$i":"OpNotAllowedDuringVoiceCall","$v":"Апер. не дазв. у гал. выкл."},{"$i":"SmsSendFailRetry","$v":"SMS send fail retry"},{"$i":"SimAbsent","$v":"SIM-карткі няма"},{"$i":"SubscriptionNotAvailable","$v":"Падпіска недаступна"},{"$i":"ModeNotSupported","$v":"Рэжым не падтрым."},{"$i":"FdnCheckFailure","$v":"Памылка праверкі FDN"},{"$i":"IllegalSimOrMe","$v":"Нелегальная SIM або ME"},{"$i":"DialModifiedToUssd","$v":"Набор заменены на USSD"},{"$i":"DialModifiedToSs","$v":"Набор заменены на SS"},{"$i":"DialModifiedToDial","$v":"Набор заменены на набор"},{"$i":"UssdModifiedToDial","$v":"USSD зменены на набор"},{"$i":"UssdModifiedToSs","$v":"USSD зменены на SS"},{"$i":"UssdModifiedToUssd","$v":"USSD зменены на USSD"},{"$i":"SsModifiedToDial","$v":"SS зменена на набор"},{"$i":"SsModifiedToUssd","$v":"SS зменена на USSD"},{"$i":"SsModifiedToSs","$v":"SS зменена на SS"},{"$i":"SubscriptionNotSupported","$v":"Падпіска не падтр."},{"$i":"InvalidParameter","$v":"Няправільны параметр"},{"$i":"RejectedByRemote","$v":"Адхілена аддал. карыст."},{"$i":"error","$v":"Памылка"}]