[{"$i":"weekday-0-long","$v":"Неделя"},{"$i":"weekday-1-long","$v":"Понеделник"},{"$i":"weekday-2-long","$v":"Вторник"},{"$i":"weekday-3-long","$v":"Сряда"},{"$i":"weekday-4-long","$v":"Четвъртък"},{"$i":"weekday-5-long","$v":"Петък"},{"$i":"weekday-6-long","$v":"Събота"},{"$i":"weekday-0-short","$v":"нед"},{"$i":"weekday-1-short","$v":"пон"},{"$i":"weekday-2-short","$v":"втор"},{"$i":"weekday-3-short","$v":"ср"},{"$i":"weekday-4-short","$v":"чт"},{"$i":"weekday-5-short","$v":"пет"},{"$i":"weekday-6-short","$v":"сб"},{"$i":"month-0-long","$v":"Януари"},{"$i":"month-1-long","$v":"Февруари"},{"$i":"month-2-long","$v":"Март"},{"$i":"month-3-long","$v":"Април"},{"$i":"month-4-long","$v":"май"},{"$i":"month-5-long","$v":"Юни"},{"$i":"month-6-long","$v":"Юли"},{"$i":"month-7-long","$v":"Август"},{"$i":"month-8-long","$v":"Септември"},{"$i":"month-9-long","$v":"Октомври"},{"$i":"month-10-long","$v":"Ноември"},{"$i":"month-11-long","$v":"Декември"},{"$i":"month-0-genitive","$v":"Януари"},{"$i":"month-1-genitive","$v":"Февруари"},{"$i":"month-2-genitive","$v":"Март"},{"$i":"month-3-genitive","$v":"Април"},{"$i":"month-4-genitive","$v":"май"},{"$i":"month-5-genitive","$v":"Юни"},{"$i":"month-6-genitive","$v":"Юли"},{"$i":"month-7-genitive","$v":"Август"},{"$i":"month-8-genitive","$v":"Септември"},{"$i":"month-9-genitive","$v":"Октомври"},{"$i":"month-10-genitive","$v":"Ноември"},{"$i":"month-11-genitive","$v":"Декември"},{"$i":"month-0-short","$v":"ян"},{"$i":"month-1-short","$v":"фев"},{"$i":"month-2-short","$v":"март"},{"$i":"month-3-short","$v":"апр"},{"$i":"month-4-short","$v":"май"},{"$i":"month-5-short","$v":"юни"},{"$i":"month-6-short","$v":"юли"},{"$i":"month-7-short","$v":"авг"},{"$i":"month-8-short","$v":"септ"},{"$i":"month-9-short","$v":"окт"},{"$i":"month-10-short","$v":"ноем"},{"$i":"month-11-short","$v":"дек"},{"$i":"minutes-ago-long","$v":{"few":["Преди ",{"t":"idOrVar","v":"value"}," минути"],"many":["Преди ",{"t":"idOrVar","v":"value"}," минути"],"other":["Преди ",{"t":"idOrVar","v":"value"}," минути"],"two":["Преди ",{"t":"idOrVar","v":"value"}," минути"],"one":"преди минута","zero":"точно сега"},"$x":[{"t":"idOrVar","v":"plural"},"value"]},{"$i":"hours-ago-long","$v":{"few":["Преди ",{"t":"idOrVar","v":"value"}," часа"],"many":["Преди ",{"t":"idOrVar","v":"value"}," часа"],"other":["Преди ",{"t":"idOrVar","v":"value"}," часа"],"two":["Преди ",{"t":"idOrVar","v":"value"}," часа"],"one":"преди 1 час","zero":"точно сега"},"$x":[{"t":"idOrVar","v":"plural"},"value"]},{"$i":"days-ago-long","$v":{"few":["Преди ",{"t":"idOrVar","v":"value"}," дни"],"many":["Преди ",{"t":"idOrVar","v":"value"}," дни"],"one":"вчера","other":["Преди ",{"t":"idOrVar","v":"value"}," дни"],"two":["Преди ",{"t":"idOrVar","v":"value"}," дни"],"zero":"днес"},"$x":[{"t":"idOrVar","v":"plural"},"value"]},{"$i":"weeks-ago-long","$v":{"few":["Преди ",{"t":"idOrVar","v":"value"}," седмици"],"many":["Преди ",{"t":"idOrVar","v":"value"}," седмици"],"one":"последната седмица","other":["Преди ",{"t":"idOrVar","v":"value"}," седмици"],"two":["Преди ",{"t":"idOrVar","v":"value"}," седмици"],"zero":"тази седмица"},"$x":[{"t":"idOrVar","v":"plural"},"value"]},{"$i":"months-ago-long","$v":{"few":["Преди ",{"t":"idOrVar","v":"value"}," месеца"],"many":["Преди ",{"t":"idOrVar","v":"value"}," месеца"],"one":"последния месец","other":["Преди ",{"t":"idOrVar","v":"value"}," месеца"],"two":["Преди ",{"t":"idOrVar","v":"value"}," месеца"],"zero":"този месец"},"$x":[{"t":"idOrVar","v":"plural"},"value"]},{"$i":"years-ago-long","$v":{"few":["Преди ",{"t":"idOrVar","v":"value"}," години"],"many":["Преди ",{"t":"idOrVar","v":"value"}," години"],"one":"последната година","other":["Преди ",{"t":"idOrVar","v":"value"}," години"],"two":["Преди ",{"t":"idOrVar","v":"value"}," години"],"zero":"тази година"},"$x":[{"t":"idOrVar","v":"plural"},"value"]},{"$i":"minutes-until-long","$v":{"few":["след ",{"t":"idOrVar","v":"value"}," минути"],"many":["след ",{"t":"idOrVar","v":"value"}," минути"],"other":["след ",{"t":"idOrVar","v":"value"}," минути"],"two":["след ",{"t":"idOrVar","v":"value"}," минути"],"zero":"сега","one":"след 1 минута"},"$x":[{"t":"idOrVar","v":"plural"},"value"]},{"$i":"hours-until-long","$v":{"few":["след ",{"t":"idOrVar","v":"value"}," часа"],"many":["след ",{"t":"idOrVar","v":"value"}," часа"],"other":["след ",{"t":"idOrVar","v":"value"}," часа"],"two":["след ",{"t":"idOrVar","v":"value"}," часа"],"zero":"сега","one":"след 1 час"},"$x":[{"t":"idOrVar","v":"plural"},"value"]},{"$i":"days-until-long","$v":{"few":["след ",{"t":"idOrVar","v":"value"}," дни"],"many":["след ",{"t":"idOrVar","v":"value"}," дни"],"one":"утре","other":["след ",{"t":"idOrVar","v":"value"}," дни"],"two":["след ",{"t":"idOrVar","v":"value"}," дни"],"zero":"днес"},"$x":[{"t":"idOrVar","v":"plural"},"value"]},{"$i":"weeks-until-long","$v":{"few":["след ",{"t":"idOrVar","v":"value"}," седмици"],"many":["след ",{"t":"idOrVar","v":"value"}," седмици"],"one":"следващата седмица","other":["след ",{"t":"idOrVar","v":"value"}," седмици"],"two":["след ",{"t":"idOrVar","v":"value"}," седмици"],"zero":"тази седмица"},"$x":[{"t":"idOrVar","v":"plural"},"value"]},{"$i":"months-until-long","$v":{"few":["след ",{"t":"idOrVar","v":"value"}," месеца"],"many":["след ",{"t":"idOrVar","v":"value"}," месеца"],"one":"следващия месец","other":["след ",{"t":"idOrVar","v":"value"}," месеца"],"two":["след ",{"t":"idOrVar","v":"value"}," месеца"],"zero":"този месец"},"$x":[{"t":"idOrVar","v":"plural"},"value"]},{"$i":"years-until-long","$v":{"few":["след ",{"t":"idOrVar","v":"value"}," години"],"many":["след ",{"t":"idOrVar","v":"value"}," години"],"one":"следващата година","other":["след ",{"t":"idOrVar","v":"value"}," години"],"two":["след ",{"t":"idOrVar","v":"value"}," години"],"zero":"тази година"},"$x":[{"t":"idOrVar","v":"plural"},"value"]},{"$i":"minutes-ago-short","$v":{"other":["Преди ",{"t":"idOrVar","v":"value"}," мин."],"zero":"точно сега"},"$x":[{"t":"idOrVar","v":"plural"},"value"]},{"$i":"hours-ago-short","$v":{"other":["Преди ",{"t":"idOrVar","v":"value"}," ч."],"zero":"точно сега"},"$x":[{"t":"idOrVar","v":"plural"},"value"]},{"$i":"days-ago-short","$v":{"other":["Преди ",{"t":"idOrVar","v":"value"}," дни"],"zero":"днес"},"$x":[{"t":"idOrVar","v":"plural"},"value"]},{"$i":"minutes-until-short","$v":{"other":["след ",{"t":"idOrVar","v":"value"},"м."],"zero":"сега"},"$x":[{"t":"idOrVar","v":"plural"},"value"]},{"$i":"hours-until-short","$v":{"other":["след ",{"t":"idOrVar","v":"value"},"ч."],"zero":"сега"},"$x":[{"t":"idOrVar","v":"plural"},"value"]},{"$i":"days-until-short","$v":{"other":["след ",{"t":"idOrVar","v":"value"},"д."],"zero":"днес"},"$x":[{"t":"idOrVar","v":"plural"},"value"]},{"$i":"incorrectDate","$v":"(неправилна дата)"},{"$i":"dateTimeFormat_%c","$v":"%a %b %e %Y %I:%M:%S %p"},{"$i":"dateTimeFormat_%x","$v":"%m/%d/%Y"},{"$i":"dateTimeFormat_%X","$v":"%I:%M:%S ч. %p"},{"$i":"shortTimeFormat","$v":"%I:%M %p"},{"$i":"shortTimeFormat12","$v":"%I:%M %p"},{"$i":"shortTimeFormat24","$v":"%H:%M"},{"$i":"shortDateTimeFormat","$v":"%x %I:%M %p"},{"$i":"weekStartsOnMonday","$v":"0.0"},{"$i":"firstDayOfTheWeek","$v":"1.0"},{"$i":"time_am","$v":"AM"},{"$i":"time_pm","$v":"PM"},{"$i":"airplaneMode","$v":"Режим за самолет"},{"$i":"searching","$v":"Търсене…"},{"$i":"noNetwork","$v":"Няма мрежа"},{"$i":"roaming","$v":[{"t":"idOrVar","v":"operator"}," (роуминг)"]},{"$i":"operator-info","$v":[{"t":"idOrVar","v":"carrier"}," ",{"t":"idOrVar","v":"region"}]},{"$i":"emergencyCallsOnly","$v":"Само спешни повиквания"},{"$i":"emergencyCallsOnly-unknownSIMState","$v":"(непознато състояние на SIM)"},{"$i":"emergencyCallsOnly-noSIM","$v":"(няма SIM)"},{"$i":"emergencyCallsOnly-pinRequired","$v":"(Изисква се PIN за SIM)"},{"$i":"emergencyCallsOnly-pukRequired","$v":"(Изисква се PUK за SIM)"},{"$i":"emergencyCallsOnly-networkLocked","$v":"(мрежата е закл.)"},{"$i":"emergencyCallsOnly-serviceProviderLocked","$v":"(доставчикът на услуги е закл.)"},{"$i":"emergencyCallsOnly-corporateLocked","$v":"(корп. са закл.)"},{"$i":"emergencyCallsOnly-network1Locked","$v":"(мрежа 1 е закл.)"},{"$i":"emergencyCallsOnly-network2Locked","$v":"(мрежа 2 е закл.)"},{"$i":"emergencyCallsOnly-hrpdNetworkLocked","$v":"(hrpd мрежа е закл.)"},{"$i":"emergencyCallsOnly-ruimCorporateLocked","$v":"(ruim корп. са закл.)"},{"$i":"emergencyCallsOnly-ruimServiceProviderLocked","$v":"(ruim доставчик на услуги е закл.)"},{"$i":"lockscreen-sim-id","$v":["SIM ",{"t":"idOrVar","v":"n"}]},{"$i":"charging-no-time","$v":[{"t":"idOrVar","v":"level"},"% заряд"]},{"$i":"charging-minutes","$v":{"few":[{"t":"idOrVar","v":"level"},"% заряд (",{"t":"idOrVar","v":"minutes"}," мин. до пълно зареждане)"],"many":[{"t":"idOrVar","v":"level"},"% заряд (",{"t":"idOrVar","v":"minutes"}," мин. до пълно зареждане)"],"one":[{"t":"idOrVar","v":"level"},"% заряд (",{"t":"idOrVar","v":"minutes"}," мин. до пълно зареждане)"],"other":[{"t":"idOrVar","v":"level"},"% заряд (",{"t":"idOrVar","v":"minutes"}," мин. до пълно зареждане)"],"two":[{"t":"idOrVar","v":"level"},"% заряд (",{"t":"idOrVar","v":"minutes"}," мин. до пълно зареждане)"],"zero":[{"t":"idOrVar","v":"level"},"% заряд (",{"t":"idOrVar","v":"minutes"}," мин. до пълно зареждане)"]},"$x":[{"t":"idOrVar","v":"plural"},"minutes"]},{"$i":"charging-hours","$v":{"few":[{"t":"idOrVar","v":"level"},"% заряд (",{"t":"idOrVar","v":"hours"},"ч. ",{"t":"idOrVar","v":"minutes"}," мин. до пълно зареждане)"],"many":[{"t":"idOrVar","v":"level"},"% заряд (",{"t":"idOrVar","v":"hours"},"ч. ",{"t":"idOrVar","v":"minutes"}," мин. до пълно зареждане)"],"one":[{"t":"idOrVar","v":"level"},"% заряд (",{"t":"idOrVar","v":"hours"},"ч. ",{"t":"idOrVar","v":"minutes"}," мин. до пълно зареждане)"],"other":[{"t":"idOrVar","v":"level"},"% заряд (",{"t":"idOrVar","v":"hours"},"ч. ",{"t":"idOrVar","v":"minutes"}," мин. до пълно зареждане)"],"two":[{"t":"idOrVar","v":"level"},"% заряд (",{"t":"idOrVar","v":"hours"},"ч. ",{"t":"idOrVar","v":"minutes"}," мин. до пълно зареждане)"],"zero":[{"t":"idOrVar","v":"level"},"% заряд (",{"t":"idOrVar","v":"hours"},"ч. ",{"t":"idOrVar","v":"minutes"}," мин. до пълно зареждане)"]},"$x":[{"t":"idOrVar","v":"plural"},"minutes"]},{"$i":"phoneNumberInput","ariaLabel":"Тел. номер"},{"$i":"keypadDelete","ariaLabel":"Изтриване"},{"$i":"voiceMailKey","ariaLabel":"Гласова поща"},{"$i":"asterisk","ariaLabel":"Звездичка"},{"$i":"hashSign","ariaLabel":"Знак диез"},{"$i":"cancel","$v":"Отмяна"},{"$i":"loadingSimContacts","$v":"Зареждане на контакти от SIM карта…"},{"$i":"noContactsWereFound","$v":"Няма намерени контакти"},{"$i":"noContactsFoundDialogOk","$v":"OK"},{"$i":"emergencyNumber","$v":"Спешен номер"},{"$i":"callAirplaneModeMessage","$v":"За да се обадите, трябва да дезактивирате режима за самолет в настройките."},{"$i":"callAirplaneModeBtnOk","$v":"OK"},{"$i":"callAirplaneModeTitle","$v":"Режимът за самолет е акт."},{"$i":"numberIsBusyTitle","$v":"Номерът е зает"},{"$i":"numberIsBusyMessage","$v":"Номерът в момента е зает. Опитайте отново по-късно."},{"$i":"fdnIsActiveTitle","$v":"Активни FDN"},{"$i":"fdnIsActiveMessage","$v":["FDN (фиксирани номера за набиране) се активират и следният номер не е в списъка ви с FDN: ",{"t":"idOrVar","v":"number"}]},{"$i":"emergencyDialogBodyBadNumber","$v":"За да се обадите, телефонът трябва да е свързан с мрежа."},{"$i":"emergencyDialogBodyDeviceNotAccepted","$v":"Спешните повиквания не са разрешени от мрежата."},{"$i":"emergencyDialogBtnOk","$v":"OK"},{"$i":"emergencyDialogTitle","$v":"Няма връзка с мрежа"},{"$i":"invalidNumberToDialTitle","$v":"Невалиден тел. номер"},{"$i":"invalidNumberToDialMessage","$v":"Телефонният номер, който набирате, не е валиден."},{"$i":"unableToCallTitle","$v":"Не може да се осъществи повикване. "},{"$i":"unableToCallMessage","$v":"В момента не можете да се обадите."},{"$i":"otherConnectionInUseTitle","$v":"Изп. друга връзка"},{"$i":"otherConnectionInUseMessage","$v":"Имате активно повикване на друга връзка. По едно и също време можете да използвате само една връзка."},{"$i":"connectingEllipsis","$v":"Свързване..."},{"$i":"clear","$v":"Изчистване"},{"$i":"dialer","$v":"Набиране"},{"$i":"vt-incoming-call","$v":"Входящо видеообаждане ..."},{"$i":"kai-incoming-call","$v":"Вход. повикване"},{"$i":"kai-in-call","$v":"В разговор"},{"$i":"kai-answer","$v":"Отговор"},{"$i":"kai-end-answer","$v":"Край и отговор"},{"$i":"kai-decline","$v":"Отклоняване"},{"$i":"enter-passcode","$v":"Въведете паролата за отключване на екрана."},{"$i":"passcode-error","$v":"Невалиден код. Опитайте отново."},{"$i":"lockscreenInvalidCode","$v":"Невалиден код."},{"$i":"lockscreenColdDown","$v":["Невалиден код. Пробвайте след ",{"t":"idOrVar","v":"n"},"."]},{"$i":"lockscreenCheckLockCode","$v":{"few":["Невалиден код. Остават ",{"t":"idOrVar","v":"n"}," опита."],"one":["Невалиден код. Остава ",{"t":"idOrVar","v":"n"}," опит."],"other":["Невалиден код. Остават ",{"t":"idOrVar","v":"n"}," опита."],"two":["Невалиден код. Остават ",{"t":"idOrVar","v":"n"}," опита."]},"$x":[{"t":"idOrVar","v":"plural"},"n"]},{"$i":"videoCall","$v":"Видеоразговор"},{"$i":"voice-call","$v":"Глас. обажд."},{"$i":"video-call","$v":"Видеоразговор"},{"$i":"message","$v":"Съобщения"},{"$i":"answer-rtt-call","$v":"Отговор на RTT"},{"$i":"req-rtt-call","$v":"ANS RTT"},{"$i":"rtt-call","$v":"RTT повикване"},{"$i":"rtt-view","$v":"Изглед на RTT"},{"$i":"change-to-rtt-call","$v":"Свързване на RTT повикване..."},{"$i":"change-to-voice-call","$v":"Променено на гласово повикване."},{"$i":"upgrading-rtt","$v":"Надстройване до RTT повикване..."},{"$i":"rtt-call-failed","$v":"Неуспешно RTT повикване."},{"$i":"voice-call-failed","$v":"Неуспешно гласово повикване."},{"$i":"rtt","$v":"RTT"},{"$i":"rtt-emegency-upgrade-rejected","$v":"RTT не е налично за това повикване на 911."},{"$i":"rtt-emegency-downgrade","$v":"RTT не е налично за това повикване на 911. Повикването е свързано само като гласово повикване. Ако изпитвате затруднения, подайте гласово повикване или повикване с предаване на текст до 911."},{"$i":"voice-only-call","$v":"Обаждането ви е свързано като гласово обаждане."},{"$i":"ans-rtt-failed","$v":"Неуспешно установяване на RTT обаждане. Обаждането ви е свързано като гласово обаждане."},{"$i":"back","$v":"Назад"},{"$i":"new-message","$v":"Нови съобщения от"},{"$i":"kai-mute","$v":"ням"},{"$i":"kai-unmute","$v":"Със звук"},{"$i":"kai-speaker","$v":"Високоговорител"},{"$i":"kai-speaker-off","$v":"Високоговорителят е изключен"},{"$i":"kai-microphone-mute-notification","$v":"Микрофонът е изключен"},{"$i":"kai-microphone-active-notification","$v":"Микрофонът е активен"},{"$i":"kai-speaker-off-notification","$v":"Външният високоговорител е изключен"},{"$i":"kai-speaker-on-notification","$v":"Външният високоговорител е включен"},{"$i":"kai-hold-and-answer","$v":"Поставете задържане и отговор"},{"$i":"kai-ignore-call","$v":"Игнорирайте входящото обаждане"},{"$i":"kai-add-to-call","$v":"Добавяне на повикване"},{"$i":"kai-switch-to-second-line","$v":"Размяна на повикване"},{"$i":"kai-merge-calls","$v":"Обединяване на повикване"},{"$i":"ok","$v":"ОК"},{"$i":"losing-wifi-msg","$v":"губене на wifi"},{"$i":"personal","$v":"Лични"},{"$i":"mobile","$v":"Мобилен"},{"$i":"home","$v":"Домашен"},{"$i":"work","$v":"Служебен"},{"$i":"other","$v":"Друго"},{"$i":"fax-home","$v":"Дом. факс"},{"$i":"fax-office","$v":"Офис факс"},{"$i":"fax-other","$v":"Друг факс"},{"$i":"hd","$v":"HD"},{"$i":"manage-call","$v":"Управл. на повикване"},{"$i":"end","$v":"Край на повикването"},{"$i":"private","$v":"Скрит номер"},{"$i":"sound","$v":"Звук"},{"$i":"bluetooth-device","$v":"Bluetooth устройство"},{"$i":"handset-earpiece","$v":"Слушалки"},{"$i":"speaker","$v":"Високоговорител"},{"$i":"call-ended","$v":"Край на повикването"},{"$i":"payphone","$v":"Тел. автомат"},{"$i":"contact","$v":"Контакт"},{"$i":"dialer-prompt","$v":"Наберете номер или изберете контакт да добавите към обаждането"},{"$i":"call","$v":"Повикване"},{"$i":"hold","$v":"На изчакване"},{"$i":"callHeldDuration","$v":["Задръжте (",{"t":"idOrVar","v":"duration"},")"]},{"$i":"volume","$v":"Сила на звука"},{"$i":"softkey-options","$v":"Опции"},{"$i":"unhold-call","$v":"Освоб. обажд."},{"$i":"hold-call","$v":"Задър. обажд."},{"$i":"select","$v":"Избор"},{"$i":"unknown","$v":"Неизвестен"},{"$i":"switch-calls","$v":"Превкл. на повиквания"},{"$i":"voiceMail","$v":"Гласова поща"},{"$i":"incoming","$v":"Входящо"},{"$i":"outgoing","$v":"Изходящо"},{"$i":"callEnded","$v":"Край на повикването"},{"$i":"callEndedDuration","$v":["Обажд. прикл. (",{"t":"idOrVar","v":"duration"},")"]},{"$i":"conferenceAddError","$v":"Повикванията не могат да се слеят"},{"$i":"conferenceRemoveError","$v":"Не може да се премахне сливането на повикванията"},{"$i":"valid-number","$v":"Валиден номер"},{"$i":"numberBlockedMessage","$v":"Този номер е блокиран. Можете да попитате родителите си за разрешение."},{"$i":"callDurationMinutes","$v":[{"t":"idOrVar","v":"m"},":",{"t":"idOrVar","v":"s"}]},{"$i":"callDurationHours","$v":[{"t":"idOrVar","v":"h"},":",{"t":"idOrVar","v":"m"},":",{"t":"idOrVar","v":"s"}]},{"$i":"switch-to-device-toast","$v":"Превкл. към устройство с bluetooth"},{"$i":"switch-to-handset-toast","$v":"Превкл. към устр. със слушалки"},{"$i":"switch-to-speaker-toast","$v":"Превкл. към говорител"},{"$i":"connecting","$v":"Свързване"},{"$i":"wifi-call-quality-excellent","$v":"Чудесно"},{"$i":"wifi-call-quality-fair","$v":"Средно"},{"$i":"wifi-call-quality-bad","$v":"Лошо"},{"$i":"call-left-conference-toast","$v":"напусна обаждането"},{"$i":"camera-off","$v":"Камера изкл."},{"$i":"camera-on","$v":"Камера вкл."},{"$i":"rear-camera","$v":"Задна камера"},{"$i":"front-camera","$v":"Предна камера"},{"$i":"hide-info","$v":"Скриване на инф."},{"$i":"show-info","$v":"Показване на инф."},{"$i":"video-call-rejected","$v":"Видеоразг. е отхвърлен, променете на гл. пов."},{"$i":"video-call-not-support","$v":"Видеоразговорът не се поддържа."},{"$i":"video-call-rejected-timeout","$v":"Отхвърлено видеообаждане или изчакване."},{"$i":"video-call-from","$v":["Получаване на видеоразговор от ",{"t":"idOrVar","v":"name"},"."]},{"$i":"video-call-canceled","$v":"Видеоразговорът е отказан."},{"$i":"video-call-failed","$v":"Видеоразговорът е неуспешен."},{"$i":"call-downgraded","$v":"Обаждането е понижено."},{"$i":"wifi-calling","$v":"Wi-Fi повикв."},{"$i":"wifi-calling-1","$v":"Разговорът ви може да прекъсне."},{"$i":"wifi-calling-2","$v":"Намирате се почти извън покритието на Wi-Fi."},{"$i":"wifi-calling-dropped","$v":"Обаждането чрез Wi-Fi прекъсна."},{"$i":"accept","$v":"Приемам"},{"$i":"conference-call-num","$v":[{"t":"idOrVar","v":"num"}," души в разговора."]},{"$i":"more","$v":"Още"},{"$i":"rec","$v":"REC"},{"$i":"start-recording-call","$v":"Старт на записа на повикването."},{"$i":"stop-recording-call","$v":"Край на записа на повикването."},{"$i":"insufficient-storage","$v":"Недостатъчно място за съхранение. Записването е спряно."},{"$i":"confirmation","$v":"Потвърждаване"},{"$i":"get-empty-ussd","$v":"Получен е нулев отговор."},{"$i":"message-sent","$v":"Съобщението е изпратено"},{"$i":"messages","$v":"Съобщения"},{"$i":"wait","$v":"Моля Изчакай..."},{"$i":"send","$v":"Изпращане"},{"$i":"reply","$v":"Отговор"},{"$i":"reply-message-1","$v":"За съжаление, не мога да говоря в момента."},{"$i":"reply-message-2","$v":"На път съм."},{"$i":"reply-message-3","$v":"Мога ли да ви се обадя по-късно?"},{"$i":"reply-message-4","$v":"Персонализиран..."},{"$i":"reply-to-name","$v":["Отговор до ",{"t":"idOrVar","v":"name"}]},{"$i":"call-busy-error","$v":"BusyError"},{"$i":"call-bad-number-error","$v":"BadNumberError"},{"$i":"call-no-route-to-destination-error","$v":"No route to destination."},{"$i":"call-channel-unacceptable-error","$v":"Channel unacceptable"},{"$i":"call-operator-determined-barring-error","$v":"Operator determined barring"},{"$i":"call-normal-call-clearing-error","$v":"LLAMADA TERMINADA"},{"$i":"call-no-user-responding-error","$v":"No user responding"},{"$i":"call-user-alerting-no-answer-error","$v":"User alerting, no answer  "},{"$i":"call-call-rejected-error","$v":"Call rejected"},{"$i":"call-number-changed-error","$v":"Number Changed "},{"$i":"call-pre-emption-error","$v":"Pre-emption"},{"$i":"call-destination-out-of-order-error","$v":"Destination out of order "},{"$i":"call-invalid-number-format-error","$v":"Invalid number format "},{"$i":"call-facility-rejected-error","$v":"Facility rejected "},{"$i":"call-response-to-status-enquiry-error","$v":"Response to "},{"$i":"call-unspecified-error","$v":"Normal, unspecified "},{"$i":"call-congestion-error","$v":"No circuit/channel available"},{"$i":"call-network-out-of-order-error","$v":"Network out of order  "},{"$i":"call-network-temp-failure-error","$v":"Temporary Failure"},{"$i":"call-switching-equip-congestion-error","$v":"Switching equipment congestion"},{"$i":"call-access-info-discarded-error","$v":"Access information discarded "},{"$i":"call-requested-channel-not-available-error","$v":"requested circuit/channel not available"},{"$i":"call-resource-unavailable-error","$v":"Resources unavailable, unspecified"},{"$i":"call-qos-unavailable-error","$v":"Quality of service unavailable"},{"$i":"call-requested-facility-not-subscribed-error","$v":"Requested facility not subscribed"},{"$i":"call-incoming-calls-barred-within-cug-error","$v":"Incoming calls barred within the CUG"},{"$i":"call-bearer-capability-not-authorized-error","$v":"Bearer capability not authorized"},{"$i":"call-bearer-capability-not-available-error","$v":"Bearer capability not presently available"},{"$i":"call-service-not-available-error","$v":"Service or option not available, unspecified"},{"$i":"call-bearer-not-implemented-error","$v":"Bearer service not implemented"},{"$i":"call-incoming-call-exceeded-error","$v":"ACM equal to greater than ACMmax"},{"$i":"call-requested-facility-not-implemented-error","$v":"Requested facility not implemented"},{"$i":"call-unrestricted-bearer-not-available-error","$v":"Only restricted digital information bearer capability is available"},{"$i":"call-service-not-implemented-error","$v":"Service or option not implemented, unspecified "},{"$i":"call-invalid-transaction-id-error","$v":"Invalid transaction identifier value  "},{"$i":"call-not-cug-member-error","$v":"User not member of CUG "},{"$i":"call-incompatible-destination-error","$v":"Incompatible destination  "},{"$i":"call-invalid-transit-network-selection-error","$v":"Invalid transit network selection"},{"$i":"call-semantically-incorrect-message-error","$v":"Semantically incorrect message "},{"$i":"call-invalid-mandatory-info-error","$v":"Invalid mandatory information"},{"$i":"call-message-type-not-implemented-error","$v":"Message type-non compatible with protocol state "},{"$i":"call-message-type-incompatible-protocol-state-error","$v":"Message type not compatible with protocol state  "},{"$i":"call-info-element-not-implemented-error","$v":"Information element nonexistent or not implemented "},{"$i":"call-conditionalIe-error","$v":"Conditional IE error"},{"$i":"call-message-incompatible-protocol-state-error","$v":"Message not compatible with protocol state"},{"$i":"call-recovery-on-timer-expiry-error","$v":"Recovery on timer expiry "},{"$i":"call-protocol-error","$v":"Protocol Error, unspecified "},{"$i":"call-interworking-error","$v":"Interworking, unspecified "},{"$i":"call-service-option-not-subscribed-error","$v":"SIN SUBSCRIPCION AL SERVICIO -33-"},{"$i":"call-unknown-pdp-address-type-error","$v":"FALLA DE AUTENTICACION -29-"},{"$i":"mt-call-on-hold","$v":"Повикването е задържано."},{"$i":"mt-call_retrieved","$v":"Повикването е извлечено."},{"$i":"mt-multi_party_call","$v":"Добавени сте към конферентен разговор."},{"$i":"hangup-a11y-button","$v":""},{"$i":"pickup-a11y-button","$v":""},{"$i":"mute","$v":""},{"$i":"toggleKeypad","$v":""},{"$i":"newCall","$v":""},{"$i":"speakerOption","$v":""},{"$i":"bluetoothOption","$v":""},{"$i":"onHoldOption","$v":""},{"$i":"merge","$v":""},{"$i":"ignore","$v":""},{"$i":"dialerAddContact","$v":""},{"$i":"makeCall","$v":""},{"$i":"call-forwarding-async","$v":["Асинхронизирано: ",{"t":"idOrVar","v":"async"}]},{"$i":"call-forwarding-data","$v":["Данни: ",{"t":"idOrVar","v":"data"}]},{"$i":"call-forwarding-error","$v":"Възникна грешка при извличане на съст. на прехв. на повикване"},{"$i":"call-forwarding-fax","$v":["ФАКС: ",{"t":"idOrVar","v":"fax"}]},{"$i":"call-forwarding-inactive","$v":"Неактивен"},{"$i":"call-forwarding-packet","$v":["Пакет: ",{"t":"idOrVar","v":"packet"}]},{"$i":"call-forwarding-pad","$v":["PAD: ",{"t":"idOrVar","v":"pad"}]},{"$i":"call-forwarding-sms","$v":["SMS: ",{"t":"idOrVar","v":"sms"}]},{"$i":"call-forwarding-status","$v":"Състоян. прехв. на повик."},{"$i":"call-forwarding-sync","$v":["Синхронно: ",{"t":"idOrVar","v":"sync"}]},{"$i":"call-forwarding-voice","$v":["Гласово съобщ,: ",{"t":"idOrVar","v":"voice"}]},{"$i":"call-forwarding-reason","$v":["Reason: ",{"t":"idOrVar","v":"reason"}]},{"$i":"scCallBarring","$v":"Блокиране повикв."},{"$i":"scCallForwarding","$v":"Прехвърл. на повикв."},{"$i":"scClip","$v":"Вход. ИД на повикващ"},{"$i":"scClir","$v":"Изход. ИД на повикващ"},{"$i":"scPwd","$v":"Промяна на парола"},{"$i":"scCallWaiting","$v":"Изчакване"},{"$i":"scPin","$v":"Промяна на PIN"},{"$i":"scPin2","$v":"Промяна на PIN2"},{"$i":"scPuk","$v":"Отблокиране на PIN"},{"$i":"scPuk2","$v":"Отблокиране на PIN2"},{"$i":"scImei","$v":"IMEI"},{"$i":"scMeid","$v":"MEID"},{"$i":"scUssd","$v":"USSD"},{"$i":"serviceClassVoice","$v":"Гласови съобщ."},{"$i":"serviceClassData","$v":"Данни"},{"$i":"serviceClassFax","$v":"ФАКС"},{"$i":"serviceClassSms","$v":"SMS"},{"$i":"serviceClassDataSync","$v":"Синхронизиране"},{"$i":"serviceClassDataAsync","$v":"Асинхрон."},{"$i":"serviceClassPacket","$v":"Пакет"},{"$i":"serviceClassPad","$v":"PAD"},{"$i":"smServiceEnabled","$v":"Услугата е активирана"},{"$i":"smServiceDisabled","$v":"Услугата е била изключена"},{"$i":"smServiceRegistered","$v":"Регистрацията е успешна"},{"$i":"smServiceErased","$v":"Изтриването е успешно"},{"$i":"smServiceInterrogated","$v":"Заявката е успешна"},{"$i":"smServiceNotProvisioned","$v":"Услугата не е осигурена"},{"$i":"smClirPermanent","$v":"Не можете да промените настройката за ИД на повикващ"},{"$i":"smClirDefaultOnNextCallOn","$v":"ИД на повикващ по подр. е ограничен. Следващо повикване: ограничен"},{"$i":"smClirDefaultOnNextCallOff","$v":"ИД на повикващ по подр. е ограничен. Следващо повикване: не е ограничен"},{"$i":"smClirDefaultOffNextCallOn","$v":"ИД на повикващ по подр. не е ограничен. Следващо повикване: ограничен"},{"$i":"smClirDefaultOffNextCallOff","$v":"ИД на повикващ по подр. не е ограничен. Следващо повикване: не е ограничен"},{"$i":"smServiceEnabledFor","$v":"Услугата беше активирана за:"},{"$i":"smPinChanged","$v":"PIN е променен успешно"},{"$i":"smPinUnblocked","$v":"PIN е отбл. усп."},{"$i":"smPin2Changed","$v":"PIN2 е пром. усп."},{"$i":"smPin2Unblocked","$v":"PIN2 е отбл. усп."},{"$i":"ServiceIsEnabled","$v":"Услугата е активирана"},{"$i":"ServiceIsDisabled","$v":"Услугата е изключена"},{"$i":"ServiceIsEnabledFor","$v":"Услугата е активирана за:"},{"$i":"emMmiError","$v":"Проблем при свързването или невалиден MMI код"},{"$i":"emMmiErrorPasswordIncorrect","$v":"Неправилна парола"},{"$i":"emMmiErrorNotSupported","$v":"Невалиден или неподдържан MMI код"},{"$i":"emMmiErrorInvalidAction","$v":"Невалидно действие"},{"$i":"emMmiErrorInvalidScCode","$v":"Невалиден код за услуга"},{"$i":"emMmiErrorBadPuk","$v":"PUK кодът, който сте въвели, е неправилен"},{"$i":"emMmiErrorBadPin","$v":"Старитят PIN, който сте въвели, е неправилен."},{"$i":"emMmiErrorNeedPuk2","$v":"Напишете PUK2, за да отблокирате SIM картата"},{"$i":"emMmiErrorMismatchPin","$v":"PIN кодовете, които сте въвели, не съвпадат"},{"$i":"emMmiErrorInvalidPin","$v":"Въведете PIN, който е от 4 до 8 цифри"},{"$i":"emMmiErrorNeedsPuk","$v":"SIM картата ви е заключена с PUK"},{"$i":"emMmiErrorEnablePin","$v":"Неуспешно. Активирайте SIM/RUIM ЗАКЛ."},{"$i":"emMmiErrorMmiFdn","$v":"Опер. е огран. само за фикс. номера за наб."},{"$i":"emMmiErrorStkCcUssdDial","$v":"USSD заявка е модиф. на DIAL заявка"},{"$i":"emMmiErrorStkCcUssdSs","$v":"USSD заявка е модиф. на SS заявка"},{"$i":"emMmiErrorStkCcUssdUssd","$v":"USSD заявка е модиф. на нова USSD заявка"},{"$i":"emMmiErrorStkCcSsDial","$v":"SS заявка е модиф. на DIAL заявка"},{"$i":"emMmiErrorStkCcSsUssd","$v":"SS заявка е модиф. на USSD заявка"},{"$i":"emMmiErrorStkCcSsSs","$v":"SS заявка е модиф. на нова SS заявка"},{"$i":"emMmiErrorPinPukAttempts","$v":{"few":["Остават ",{"t":"idOrVar","v":"n"}," повторни опита"],"many":["Остават ",{"t":"idOrVar","v":"n"}," повторни опита"],"one":["Остават само ",{"t":"idOrVar","v":"n"}," повт. опита"],"other":["Остават ",{"t":"idOrVar","v":"n"}," повторни опита"],"two":["Остават ",{"t":"idOrVar","v":"n"}," повторни опита"]},"$x":[{"t":"idOrVar","v":"plural"},"n"]},{"$i":"emMmiErrorSimBlocked","$v":"Надвишен е макс. брой повторни опити. SIM е блок."},{"$i":"RadioNotAvailable","$v":"Радиото не е достъпно"},{"$i":"GenericFailure","$v":"Грешка при изпълнение на заявката."},{"$i":"PasswordIncorrect","$v":"Паролата е неправилна"},{"$i":"SimPin2","$v":"PIN2 за SIM"},{"$i":"SimPuk2","$v":"PUK2 за SIM"},{"$i":"RequestNotSupported","$v":"Заявката не се поддържа"},{"$i":"OpNotAllowedDuringVoiceCall","$v":"Опер. не е разр. по време на глас. повик."},{"$i":"SmsSendFailRetry","$v":"SMS send fail retry"},{"$i":"SimAbsent","$v":"SIM липсва"},{"$i":"SubscriptionNotAvailable","$v":"Абонаментът не е достъпен"},{"$i":"ModeNotSupported","$v":"Режимът не се поддържа"},{"$i":"FdnCheckFailure","$v":"Неуспешна проверка на Fdn"},{"$i":"IllegalSimOrMe","$v":"Недопустими SIM или ME"},{"$i":"DialModifiedToUssd","$v":"Набир. модиф. на USSD"},{"$i":"DialModifiedToSs","$v":"Набир. модиф. на SS"},{"$i":"DialModifiedToDial","$v":"Набир. модиф. на набир."},{"$i":"UssdModifiedToDial","$v":"USSD мод. на наб."},{"$i":"UssdModifiedToSs","$v":"USSD модиф. на SS"},{"$i":"UssdModifiedToUssd","$v":"USSD модиф. на USSD"},{"$i":"SsModifiedToDial","$v":"SS модиф. на набиране"},{"$i":"SsModifiedToUssd","$v":"SS модиф. на USSD"},{"$i":"SsModifiedToSs","$v":"SS модиф. на SS"},{"$i":"SubscriptionNotSupported","$v":"Абонаментът не се поддържа"},{"$i":"InvalidParameter","$v":"Невалиден параметър"},{"$i":"RejectedByRemote","$v":"Извадено с дистанц."},{"$i":"error","$v":"Грешка"}]