[{"$i":"weekday-0-long","$v":"Søndag"},{"$i":"weekday-1-long","$v":"Mandag"},{"$i":"weekday-2-long","$v":"Tirsdag"},{"$i":"weekday-3-long","$v":"Onsdag"},{"$i":"weekday-4-long","$v":"Torsdag"},{"$i":"weekday-5-long","$v":"Fredag"},{"$i":"weekday-6-long","$v":"Lørdag"},{"$i":"weekday-0-short","$v":"Søn"},{"$i":"weekday-1-short","$v":"Man"},{"$i":"weekday-2-short","$v":"Tir"},{"$i":"weekday-3-short","$v":"Ons"},{"$i":"weekday-4-short","$v":"Tor"},{"$i":"weekday-5-short","$v":"Fre"},{"$i":"weekday-6-short","$v":"Lør"},{"$i":"month-0-long","$v":"Januar"},{"$i":"month-1-long","$v":"Februar"},{"$i":"month-2-long","$v":"Marts"},{"$i":"month-3-long","$v":"April"},{"$i":"month-4-long","$v":"Maj"},{"$i":"month-5-long","$v":"Juni"},{"$i":"month-6-long","$v":"Juli"},{"$i":"month-7-long","$v":"August"},{"$i":"month-8-long","$v":"September"},{"$i":"month-9-long","$v":"Oktober"},{"$i":"month-10-long","$v":"November"},{"$i":"month-11-long","$v":"December"},{"$i":"month-0-genitive","$v":"Januar"},{"$i":"month-1-genitive","$v":"Februar"},{"$i":"month-2-genitive","$v":"Marts"},{"$i":"month-3-genitive","$v":"April"},{"$i":"month-4-genitive","$v":"Maj"},{"$i":"month-5-genitive","$v":"Juni"},{"$i":"month-6-genitive","$v":"Juli"},{"$i":"month-7-genitive","$v":"August"},{"$i":"month-8-genitive","$v":"September"},{"$i":"month-9-genitive","$v":"Oktober"},{"$i":"month-10-genitive","$v":"November"},{"$i":"month-11-genitive","$v":"December"},{"$i":"month-0-short","$v":"Jan"},{"$i":"month-1-short","$v":"Feb"},{"$i":"month-2-short","$v":"Mar"},{"$i":"month-3-short","$v":"Apr"},{"$i":"month-4-short","$v":"Maj"},{"$i":"month-5-short","$v":"Jun"},{"$i":"month-6-short","$v":"Jul"},{"$i":"month-7-short","$v":"Aug"},{"$i":"month-8-short","$v":"Sep"},{"$i":"month-9-short","$v":"Okt"},{"$i":"month-10-short","$v":"Nov"},{"$i":"month-11-short","$v":"Dec"},{"$i":"minutes-ago-long","$v":{"few":[{"t":"idOrVar","v":"value"}," minutter siden"],"many":[{"t":"idOrVar","v":"value"}," minutter siden"],"other":[{"t":"idOrVar","v":"value"}," minutter siden"],"two":[{"t":"idOrVar","v":"value"}," minutter siden"],"one":"et minut siden","zero":"lige nu"},"$x":[{"t":"idOrVar","v":"plural"},"value"]},{"$i":"hours-ago-long","$v":{"few":[{"t":"idOrVar","v":"value"}," timer siden"],"many":[{"t":"idOrVar","v":"value"}," timer siden"],"other":[{"t":"idOrVar","v":"value"}," timer siden"],"two":[{"t":"idOrVar","v":"value"}," timer siden"],"one":"1 time siden","zero":"lige nu"},"$x":[{"t":"idOrVar","v":"plural"},"value"]},{"$i":"days-ago-long","$v":{"few":[{"t":"idOrVar","v":"value"}," dage siden"],"many":[{"t":"idOrVar","v":"value"}," dage siden"],"one":"i går","other":[{"t":"idOrVar","v":"value"}," dage siden"],"two":[{"t":"idOrVar","v":"value"}," dage siden"],"zero":"i dag"},"$x":[{"t":"idOrVar","v":"plural"},"value"]},{"$i":"weeks-ago-long","$v":{"few":[{"t":"idOrVar","v":"value"}," uger siden"],"many":[{"t":"idOrVar","v":"value"}," uger siden"],"one":"sidste uge","other":[{"t":"idOrVar","v":"value"}," uger siden"],"two":[{"t":"idOrVar","v":"value"}," uger siden"],"zero":"denne uge"},"$x":[{"t":"idOrVar","v":"plural"},"value"]},{"$i":"months-ago-long","$v":{"few":[{"t":"idOrVar","v":"value"}," måneder siden"],"many":[{"t":"idOrVar","v":"value"}," måneder siden"],"one":"sidste måned","other":[{"t":"idOrVar","v":"value"}," måneder siden"],"two":[{"t":"idOrVar","v":"value"}," måneder siden"],"zero":"denne måned"},"$x":[{"t":"idOrVar","v":"plural"},"value"]},{"$i":"years-ago-long","$v":{"few":[{"t":"idOrVar","v":"value"}," år siden"],"many":[{"t":"idOrVar","v":"value"}," år siden"],"one":"sidste år","other":[{"t":"idOrVar","v":"value"}," år siden"],"two":[{"t":"idOrVar","v":"value"}," år siden"],"zero":"i år"},"$x":[{"t":"idOrVar","v":"plural"},"value"]},{"$i":"minutes-until-long","$v":{"few":["om ",{"t":"idOrVar","v":"value"}," minutter"],"many":["om ",{"t":"idOrVar","v":"value"}," minutter"],"other":["om ",{"t":"idOrVar","v":"value"}," minutter"],"two":["om ",{"t":"idOrVar","v":"value"}," minutter"],"zero":"nu","one":"om 1 minut"},"$x":[{"t":"idOrVar","v":"plural"},"value"]},{"$i":"hours-until-long","$v":{"few":["om ",{"t":"idOrVar","v":"value"}," timer"],"many":["om ",{"t":"idOrVar","v":"value"}," timer"],"other":["om ",{"t":"idOrVar","v":"value"}," timer"],"two":["om ",{"t":"idOrVar","v":"value"}," timer"],"zero":"nu","one":"om 1 time"},"$x":[{"t":"idOrVar","v":"plural"},"value"]},{"$i":"days-until-long","$v":{"few":["om ",{"t":"idOrVar","v":"value"}," dage"],"many":["om ",{"t":"idOrVar","v":"value"}," dage"],"one":"i morgen","other":["om ",{"t":"idOrVar","v":"value"}," dage"],"two":["om ",{"t":"idOrVar","v":"value"}," dage"],"zero":"i dag"},"$x":[{"t":"idOrVar","v":"plural"},"value"]},{"$i":"weeks-until-long","$v":{"few":["om ",{"t":"idOrVar","v":"value"}," uger"],"many":["om ",{"t":"idOrVar","v":"value"}," uger"],"one":"næste uge","other":["om ",{"t":"idOrVar","v":"value"}," uger"],"two":["om ",{"t":"idOrVar","v":"value"}," uger"],"zero":"denne uge"},"$x":[{"t":"idOrVar","v":"plural"},"value"]},{"$i":"months-until-long","$v":{"few":["om ",{"t":"idOrVar","v":"value"}," måneder"],"many":["om ",{"t":"idOrVar","v":"value"}," måneder"],"one":"næste måned","other":["om ",{"t":"idOrVar","v":"value"}," måneder"],"two":["om ",{"t":"idOrVar","v":"value"}," måneder"],"zero":"denne måned"},"$x":[{"t":"idOrVar","v":"plural"},"value"]},{"$i":"years-until-long","$v":{"few":["om ",{"t":"idOrVar","v":"value"}," år"],"many":["om ",{"t":"idOrVar","v":"value"}," år"],"one":"næste år","other":["om ",{"t":"idOrVar","v":"value"}," år"],"two":["om ",{"t":"idOrVar","v":"value"}," år"],"zero":"i år"},"$x":[{"t":"idOrVar","v":"plural"},"value"]},{"$i":"minutes-ago-short","$v":{"other":[{"t":"idOrVar","v":"value"},"m siden"],"zero":"lige nu"},"$x":[{"t":"idOrVar","v":"plural"},"value"]},{"$i":"hours-ago-short","$v":{"other":[{"t":"idOrVar","v":"value"},"t siden"],"zero":"lige nu"},"$x":[{"t":"idOrVar","v":"plural"},"value"]},{"$i":"days-ago-short","$v":{"other":[{"t":"idOrVar","v":"value"},"d siden"],"zero":"i dag"},"$x":[{"t":"idOrVar","v":"plural"},"value"]},{"$i":"minutes-until-short","$v":{"other":["om ",{"t":"idOrVar","v":"value"},"m"],"zero":"nu"},"$x":[{"t":"idOrVar","v":"plural"},"value"]},{"$i":"hours-until-short","$v":{"other":["om ",{"t":"idOrVar","v":"value"},"t"],"zero":"nu"},"$x":[{"t":"idOrVar","v":"plural"},"value"]},{"$i":"days-until-short","$v":{"other":["om ",{"t":"idOrVar","v":"value"},"d"],"zero":"i dag"},"$x":[{"t":"idOrVar","v":"plural"},"value"]},{"$i":"incorrectDate","$v":"(forkert dato)"},{"$i":"dateTimeFormat_%c","$v":"%a %b %e %Y %I:%M:%S %p"},{"$i":"dateTimeFormat_%x","$v":"%m/%d/%Y"},{"$i":"dateTimeFormat_%X","$v":"%I:%M:%S %p"},{"$i":"shortTimeFormat","$v":"%I:%M %p"},{"$i":"shortTimeFormat12","$v":"%I:%M %p"},{"$i":"shortTimeFormat24","$v":"%H:%M"},{"$i":"shortDateTimeFormat","$v":"%x %I:%M %p"},{"$i":"weekStartsOnMonday","$v":"0.0"},{"$i":"firstDayOfTheWeek","$v":"1.0"},{"$i":"time_am","$v":"AM"},{"$i":"time_pm","$v":"PM"},{"$i":"airplaneMode","$v":"Flytilstand"},{"$i":"searching","$v":"Søger…"},{"$i":"noNetwork","$v":"Intet netværk"},{"$i":"roaming","$v":[{"t":"idOrVar","v":"operator"}," (Roaming)"]},{"$i":"operator-info","$v":[{"t":"idOrVar","v":"carrier"}," ",{"t":"idOrVar","v":"region"}]},{"$i":"emergencyCallsOnly","$v":"Kun nødopkald tilladt"},{"$i":"emergencyCallsOnly-unknownSIMState","$v":"(ukendt SIM-tilstand)"},{"$i":"emergencyCallsOnly-noSIM","$v":"(intet SIM-kort)"},{"$i":"emergencyCallsOnly-pinRequired","$v":"(PIN-kode til SIM kræves)"},{"$i":"emergencyCallsOnly-pukRequired","$v":"(PUK-kode til SIM kræves)"},{"$i":"emergencyCallsOnly-networkLocked","$v":"(netværk låst)"},{"$i":"emergencyCallsOnly-serviceProviderLocked","$v":"(udbyder låst)"},{"$i":"emergencyCallsOnly-corporateLocked","$v":"(virksomhed låst)"},{"$i":"emergencyCallsOnly-network1Locked","$v":"(netværk1 låst)"},{"$i":"emergencyCallsOnly-network2Locked","$v":"(netværk2 låst)"},{"$i":"emergencyCallsOnly-hrpdNetworkLocked","$v":"(hrpd-netværk låst)"},{"$i":"emergencyCallsOnly-ruimCorporateLocked","$v":"(ruim-virksomhed låst)"},{"$i":"emergencyCallsOnly-ruimServiceProviderLocked","$v":"(ruim-udbyder låst)"},{"$i":"lockscreen-sim-id","$v":["SIM ",{"t":"idOrVar","v":"n"}]},{"$i":"charging-no-time","$v":[{"t":"idOrVar","v":"level"},"% opladet"]},{"$i":"charging-minutes","$v":{"few":[{"t":"idOrVar","v":"level"},"% opladet (",{"t":"idOrVar","v":"minutes"}," min. indtil fuldt opladet)"],"many":[{"t":"idOrVar","v":"level"},"% opladet (",{"t":"idOrVar","v":"minutes"}," min. indtil fuldt opladet)"],"one":[{"t":"idOrVar","v":"level"},"% opladet (",{"t":"idOrVar","v":"minutes"}," min. indtil fuldt opladet)"],"other":[{"t":"idOrVar","v":"level"},"% opladet (",{"t":"idOrVar","v":"minutes"}," min. indtil fuldt opladet)"],"two":[{"t":"idOrVar","v":"level"},"% opladet (",{"t":"idOrVar","v":"minutes"}," min. indtil fuldt opladet)"],"zero":[{"t":"idOrVar","v":"level"},"% opladet (",{"t":"idOrVar","v":"minutes"}," min. indtil fuldt opladet)"]},"$x":[{"t":"idOrVar","v":"plural"},"minutes"]},{"$i":"charging-hours","$v":{"few":[{"t":"idOrVar","v":"level"},"% opladet (",{"t":"idOrVar","v":"hours"}," t ",{"t":"idOrVar","v":"minutes"}," min. indtil fuldt opladet)"],"many":[{"t":"idOrVar","v":"level"},"% opladet (",{"t":"idOrVar","v":"hours"}," t ",{"t":"idOrVar","v":"minutes"}," min. indtil fuldt opladet)"],"one":[{"t":"idOrVar","v":"level"},"% opladet (",{"t":"idOrVar","v":"hours"}," t ",{"t":"idOrVar","v":"minutes"}," min. indtil fuldt opladet)"],"other":[{"t":"idOrVar","v":"level"},"% opladet (",{"t":"idOrVar","v":"hours"}," t ",{"t":"idOrVar","v":"minutes"}," min. indtil fuldt opladet)"],"two":[{"t":"idOrVar","v":"level"},"% opladet (",{"t":"idOrVar","v":"hours"}," t ",{"t":"idOrVar","v":"minutes"}," min. indtil fuldt opladet)"],"zero":[{"t":"idOrVar","v":"level"},"% opladet (",{"t":"idOrVar","v":"hours"}," t ",{"t":"idOrVar","v":"minutes"}," min. indtil fuldt opladet)"]},"$x":[{"t":"idOrVar","v":"plural"},"minutes"]},{"$i":"phoneNumberInput","ariaLabel":"Telefonnummer"},{"$i":"keypadDelete","ariaLabel":"Slet"},{"$i":"voiceMailKey","ariaLabel":"Talebesked"},{"$i":"asterisk","ariaLabel":"Stjerne"},{"$i":"hashSign","ariaLabel":"Hashtegn"},{"$i":"cancel","$v":"Annuller"},{"$i":"loadingSimContacts","$v":"Indlæser SIM-kortkontakter…"},{"$i":"noContactsWereFound","$v":"Der blev ikke fundet nogen kontakter"},{"$i":"noContactsFoundDialogOk","$v":"OK"},{"$i":"emergencyNumber","$v":"Alarmnummer"},{"$i":"callAirplaneModeMessage","$v":"Hvis du vil foretage et opkald, skal du deaktivere flytilstand i Indstillinger."},{"$i":"callAirplaneModeBtnOk","$v":"OK"},{"$i":"callAirplaneModeTitle","$v":"Flytilstand aktiveret"},{"$i":"numberIsBusyTitle","$v":"Nummeret er optaget"},{"$i":"numberIsBusyMessage","$v":"Nummeret er optaget. Prøv igen senere."},{"$i":"fdnIsActiveTitle","$v":"Begrænsede numre aktiv"},{"$i":"fdnIsActiveMessage","$v":["Begrænsede numre er aktiveret, og følgende nummer er ikke på din liste over begrænsede numre: ",{"t":"idOrVar","v":"number"}]},{"$i":"emergencyDialogBodyBadNumber","$v":"Hvis du vil foretage et opkald, skal telefonen være forbundet til et netværk."},{"$i":"emergencyDialogBodyDeviceNotAccepted","$v":"Nødopkald er ikke tilladt af netværket."},{"$i":"emergencyDialogBtnOk","$v":"OK"},{"$i":"emergencyDialogTitle","$v":"Ingen netværksforbindelse"},{"$i":"invalidNumberToDialTitle","$v":"Ugyldigt telefonnummer"},{"$i":"invalidNumberToDialMessage","$v":"Det telefonnummer, du ringer til, er ikke gyldigt."},{"$i":"unableToCallTitle","$v":"Kan ikke foretage et opkald. "},{"$i":"unableToCallMessage","$v":"Der kan ikke foretages et telefonopkald nu"},{"$i":"otherConnectionInUseTitle","$v":"Anden forbindelse i brug"},{"$i":"otherConnectionInUseMessage","$v":"Du har et aktivt opkald på en anden forbindelse. Du kan kun bruge en forbindelse ad gangen."},{"$i":"connectingEllipsis","$v":"Opretter forbindelse..."},{"$i":"clear","$v":"Ryd"},{"$i":"dialer","$v":"Opkald"},{"$i":"vt-incoming-call","$v":"Indgående videoopkald ..."},{"$i":"kai-incoming-call","$v":"Indgående opkald"},{"$i":"kai-in-call","$v":"Under opkald"},{"$i":"kai-answer","$v":"Svar"},{"$i":"kai-end-answer","$v":"Slut og svar"},{"$i":"kai-decline","$v":"Afvis"},{"$i":"enter-passcode","$v":"Indtast adgangskoden for at låse skærmen op."},{"$i":"passcode-error","$v":"Ugyldig kode. Prøv igen."},{"$i":"lockscreenInvalidCode","$v":"Ugyldig kode."},{"$i":"lockscreenColdDown","$v":["Ugyldig kode. Prøv om ",{"t":"idOrVar","v":"n"},"."]},{"$i":"lockscreenCheckLockCode","$v":{"few":["Ugyldig kode. ",{"t":"idOrVar","v":"n"}," forsøg tilbage."],"one":["Ugyldig kode. ",{"t":"idOrVar","v":"n"}," forsøg tilbage."],"other":["Ugyldig kode. ",{"t":"idOrVar","v":"n"}," forsøg tilbage."],"two":["Ugyldig kode. ",{"t":"idOrVar","v":"n"}," forsøg tilbage."]},"$x":[{"t":"idOrVar","v":"plural"},"n"]},{"$i":"videoCall","$v":"Videoopkald"},{"$i":"voice-call","$v":"Taleopkald"},{"$i":"video-call","$v":"Videoopkald"},{"$i":"message","$v":"Beskeder"},{"$i":"answer-rtt-call","$v":"Besvar RTT"},{"$i":"req-rtt-call","$v":"ANS RTT"},{"$i":"rtt-call","$v":"RTT-opkald"},{"$i":"rtt-view","$v":"RTT-visning"},{"$i":"change-to-rtt-call","$v":"Opretter forbindelse til RTT-opkald..."},{"$i":"change-to-voice-call","$v":"Ændret til taleopkald."},{"$i":"upgrading-rtt","$v":"Opgraderer til RTT-opkald..."},{"$i":"rtt-call-failed","$v":"RTT-opkaldet mislykkedes."},{"$i":"voice-call-failed","$v":"Taleopkald mislykkedes."},{"$i":"rtt","$v":"RTT"},{"$i":"rtt-emegency-upgrade-rejected","$v":"RTT er ikke tilgængelig for dette 911-opkald."},{"$i":"rtt-emegency-downgrade","$v":"RTT er ikke tilgængelig for dette 911-opkald. Dit opkald er oprettet som et taleopkald. Hvis du oplever problemer, skal du foretage et tale- eller relayopkald til 911."},{"$i":"voice-only-call","$v":"Dit opkald er blevet forbundet som et taleopkald."},{"$i":"ans-rtt-failed","$v":"RTT-opkald kunne ikke oprettes. Dit opkald er blevet forbundet som et taleopkald."},{"$i":"back","$v":"Tilbage"},{"$i":"new-message","$v":"Nye beskeder fra"},{"$i":"kai-mute","$v":"Stum"},{"$i":"kai-unmute","$v":"Lyd til"},{"$i":"kai-speaker","$v":"Højttaler"},{"$i":"kai-speaker-off","$v":"Højttaler slukket"},{"$i":"kai-microphone-mute-notification","$v":"Mikrofon er slået fra"},{"$i":"kai-microphone-active-notification","$v":"Mikrofon er aktiv"},{"$i":"kai-speaker-off-notification","$v":"Ekstern højttaler slukket"},{"$i":"kai-speaker-on-notification","$v":"Ekstern højttaler tændt"},{"$i":"kai-hold-and-answer","$v":"Sæt på Hold og svar"},{"$i":"kai-ignore-call","$v":"Ignorer indgående opkald"},{"$i":"kai-add-to-call","$v":"Tilføj opkald"},{"$i":"kai-switch-to-second-line","$v":"Skift opkald"},{"$i":"kai-merge-calls","$v":"Flet opkald"},{"$i":"ok","$v":"OK"},{"$i":"losing-wifi-msg","$v":"mister wi-fi"},{"$i":"personal","$v":"Personlig"},{"$i":"mobile","$v":"Mobil"},{"$i":"home","$v":"Hjem"},{"$i":"work","$v":"Arbejde"},{"$i":"other","$v":"Andet"},{"$i":"fax-home","$v":"Fax privat"},{"$i":"fax-office","$v":"Fax arbejde"},{"$i":"fax-other","$v":"Anden fax"},{"$i":"hd","$v":"HD"},{"$i":"manage-call","$v":"Administrer opkald"},{"$i":"end","$v":"Afslut opkald"},{"$i":"private","$v":"Privat"},{"$i":"sound","$v":"Lyd"},{"$i":"bluetooth-device","$v":"Bluetooth-enhed"},{"$i":"handset-earpiece","$v":"Håndsæt"},{"$i":"speaker","$v":"Højttaler"},{"$i":"call-ended","$v":"Opkaldet er afsluttet"},{"$i":"payphone","$v":"Payphone"},{"$i":"contact","$v":"Kontakt"},{"$i":"dialer-prompt","$v":"Indtast nummer, eller vælg en kontakt, som skal føjes til opkaldet"},{"$i":"call","$v":"Opkald"},{"$i":"hold","$v":"Parkér"},{"$i":"callHeldDuration","$v":["Pause (",{"t":"idOrVar","v":"duration"},")"]},{"$i":"volume","$v":"Lydstyrke"},{"$i":"softkey-options","$v":"Valg"},{"$i":"unhold-call","$v":"Frigør opkald fra hold"},{"$i":"hold-call","$v":"Sæt opkald på hold"},{"$i":"select","$v":"Vælg"},{"$i":"unknown","$v":"Ukendt"},{"$i":"switch-calls","$v":"Skift opkald"},{"$i":"voiceMail","$v":"Talebesked"},{"$i":"incoming","$v":"Indgående"},{"$i":"outgoing","$v":"Udgående"},{"$i":"callEnded","$v":"Opkaldet er afsluttet"},{"$i":"callEndedDuration","$v":["Opkaldet er afsluttet (",{"t":"idOrVar","v":"duration"},")"]},{"$i":"conferenceAddError","$v":"Der kunne ikke tilføjes et nyt opkald"},{"$i":"conferenceRemoveError","$v":"Opkaldene kunne ikke opdeles"},{"$i":"valid-number","$v":"Gyldigt nummer"},{"$i":"numberBlockedMessage","$v":"Dette nummer er blokeret. Du kan bede dine forældre om tilladelse."},{"$i":"callDurationMinutes","$v":[{"t":"idOrVar","v":"m"},":",{"t":"idOrVar","v":"s"}]},{"$i":"callDurationHours","$v":[{"t":"idOrVar","v":"h"},":",{"t":"idOrVar","v":"m"},":",{"t":"idOrVar","v":"s"}]},{"$i":"switch-to-device-toast","$v":"Skiftet til Bluetooth-enhed"},{"$i":"switch-to-handset-toast","$v":"Skiftet til håndsæt-enhed med høretelefon"},{"$i":"switch-to-speaker-toast","$v":"Skiftet til højttaler"},{"$i":"connecting","$v":"Opretter forbindelse"},{"$i":"wifi-call-quality-excellent","$v":"Meget god"},{"$i":"wifi-call-quality-fair","$v":"Rimelig"},{"$i":"wifi-call-quality-bad","$v":"Dårlig"},{"$i":"call-left-conference-toast","$v":"har forladt samtalen"},{"$i":"camera-off","$v":"Kamera fra"},{"$i":"camera-on","$v":"Kamera til"},{"$i":"rear-camera","$v":"Bagsidekamera"},{"$i":"front-camera","$v":"Frontkamera"},{"$i":"hide-info","$v":"Skjul info"},{"$i":"show-info","$v":"Vis info"},{"$i":"video-call-rejected","$v":"Videoopkald er afvist, skifter til stemmeopkald."},{"$i":"video-call-not-support","$v":"Videoopkald er ikke understøttet."},{"$i":"video-call-rejected-timeout","$v":"Videoopkald afvist eller timeout."},{"$i":"video-call-from","$v":["Modtager videoopkald fra ",{"t":"idOrVar","v":"name"},"."]},{"$i":"video-call-canceled","$v":"Videoopkald er annulleret."},{"$i":"video-call-failed","$v":"Videoopkald mislykkedes."},{"$i":"call-downgraded","$v":"Opkald nedgraderet."},{"$i":"wifi-calling","$v":"Wi-Fi-opkald"},{"$i":"wifi-calling-1","$v":"Dit opkald mistes muligvis."},{"$i":"wifi-calling-2","$v":"Du er næsten uden for rækkevidde af Wi-Fi-dækningen."},{"$i":"wifi-calling-dropped","$v":"Wi-Fi-opkald blev mistet."},{"$i":"accept","$v":"Acceptér"},{"$i":"conference-call-num","$v":[{"t":"idOrVar","v":"num"}," personer i opkald."]},{"$i":"more","$v":"Mere"},{"$i":"rec","$v":"REC"},{"$i":"start-recording-call","$v":"Start med at optage opkald."},{"$i":"stop-recording-call","$v":"Stop med at optage opkald."},{"$i":"insufficient-storage","$v":"Ikke tilstrækkelig lagerplads. Optagelse stoppet."},{"$i":"confirmation","$v":"Bekræftelse"},{"$i":"get-empty-ussd","$v":"Null svar modtaget."},{"$i":"message-sent","$v":"Beskeden er sendt"},{"$i":"messages","$v":"Beskeder"},{"$i":"wait","$v":"Vent venligst..."},{"$i":"send","$v":"Send"},{"$i":"reply","$v":"Svar"},{"$i":"reply-message-1","$v":"Beklager, jeg kan ikke tale lige nu."},{"$i":"reply-message-2","$v":"Jeg er på vej."},{"$i":"reply-message-3","$v":"Kan jeg ringe til dig senere?"},{"$i":"reply-message-4","$v":"Brugerdefinerede..."},{"$i":"reply-to-name","$v":["Besvarede ",{"t":"idOrVar","v":"name"}]},{"$i":"call-busy-error","$v":"BusyError"},{"$i":"call-bad-number-error","$v":"BadNumberError"},{"$i":"call-no-route-to-destination-error","$v":"No route to destination."},{"$i":"call-channel-unacceptable-error","$v":"Channel unacceptable"},{"$i":"call-operator-determined-barring-error","$v":"Operator determined barring"},{"$i":"call-normal-call-clearing-error","$v":"LLAMADA TERMINADA"},{"$i":"call-no-user-responding-error","$v":"No user responding"},{"$i":"call-user-alerting-no-answer-error","$v":"User alerting, no answer  "},{"$i":"call-call-rejected-error","$v":"Call rejected"},{"$i":"call-number-changed-error","$v":"Number Changed "},{"$i":"call-pre-emption-error","$v":"Pre-emption"},{"$i":"call-destination-out-of-order-error","$v":"Destination out of order "},{"$i":"call-invalid-number-format-error","$v":"Invalid number format "},{"$i":"call-facility-rejected-error","$v":"Facility rejected "},{"$i":"call-response-to-status-enquiry-error","$v":"Response to "},{"$i":"call-unspecified-error","$v":"Normal, unspecified "},{"$i":"call-congestion-error","$v":"No circuit/channel available"},{"$i":"call-network-out-of-order-error","$v":"Network out of order  "},{"$i":"call-network-temp-failure-error","$v":"Temporary Failure"},{"$i":"call-switching-equip-congestion-error","$v":"Switching equipment congestion"},{"$i":"call-access-info-discarded-error","$v":"Access information discarded "},{"$i":"call-requested-channel-not-available-error","$v":"requested circuit/channel not available"},{"$i":"call-resource-unavailable-error","$v":"Resources unavailable, unspecified"},{"$i":"call-qos-unavailable-error","$v":"Quality of service unavailable"},{"$i":"call-requested-facility-not-subscribed-error","$v":"Requested facility not subscribed"},{"$i":"call-incoming-calls-barred-within-cug-error","$v":"Incoming calls barred within the CUG"},{"$i":"call-bearer-capability-not-authorized-error","$v":"Bearer capability not authorized"},{"$i":"call-bearer-capability-not-available-error","$v":"Bearer capability not presently available"},{"$i":"call-service-not-available-error","$v":"Service or option not available, unspecified"},{"$i":"call-bearer-not-implemented-error","$v":"Bearer service not implemented"},{"$i":"call-incoming-call-exceeded-error","$v":"ACM equal to greater than ACMmax"},{"$i":"call-requested-facility-not-implemented-error","$v":"Requested facility not implemented"},{"$i":"call-unrestricted-bearer-not-available-error","$v":"Only restricted digital information bearer capability is available"},{"$i":"call-service-not-implemented-error","$v":"Service or option not implemented, unspecified "},{"$i":"call-invalid-transaction-id-error","$v":"Invalid transaction identifier value  "},{"$i":"call-not-cug-member-error","$v":"User not member of CUG "},{"$i":"call-incompatible-destination-error","$v":"Incompatible destination  "},{"$i":"call-invalid-transit-network-selection-error","$v":"Invalid transit network selection"},{"$i":"call-semantically-incorrect-message-error","$v":"Semantically incorrect message "},{"$i":"call-invalid-mandatory-info-error","$v":"Invalid mandatory information"},{"$i":"call-message-type-not-implemented-error","$v":"Message type-non compatible with protocol state "},{"$i":"call-message-type-incompatible-protocol-state-error","$v":"Message type not compatible with protocol state  "},{"$i":"call-info-element-not-implemented-error","$v":"Information element nonexistent or not implemented "},{"$i":"call-conditionalIe-error","$v":"Conditional IE error"},{"$i":"call-message-incompatible-protocol-state-error","$v":"Message not compatible with protocol state"},{"$i":"call-recovery-on-timer-expiry-error","$v":"Recovery on timer expiry "},{"$i":"call-protocol-error","$v":"Protocol Error, unspecified "},{"$i":"call-interworking-error","$v":"Interworking, unspecified "},{"$i":"call-service-option-not-subscribed-error","$v":"SIN SUBSCRIPCION AL SERVICIO -33-"},{"$i":"call-unknown-pdp-address-type-error","$v":"FALLA DE AUTENTICACION -29-"},{"$i":"mt-call-on-hold","$v":"Opkaldet er parkeret."},{"$i":"mt-call_retrieved","$v":"Opkaldet er hentet."},{"$i":"mt-multi_party_call","$v":"Du er føjet til et konferenceopkald."},{"$i":"hangup-a11y-button","$v":""},{"$i":"pickup-a11y-button","$v":""},{"$i":"mute","$v":""},{"$i":"toggleKeypad","$v":""},{"$i":"newCall","$v":""},{"$i":"speakerOption","$v":""},{"$i":"bluetoothOption","$v":""},{"$i":"onHoldOption","$v":""},{"$i":"merge","$v":""},{"$i":"ignore","$v":""},{"$i":"dialerAddContact","$v":""},{"$i":"makeCall","$v":""},{"$i":"call-forwarding-async","$v":["Asynkron: ",{"t":"idOrVar","v":"async"}]},{"$i":"call-forwarding-data","$v":["Data: ",{"t":"idOrVar","v":"data"}]},{"$i":"call-forwarding-error","$v":"Der opstod fejl under hentning af status for omstilling"},{"$i":"call-forwarding-fax","$v":["FAX: ",{"t":"idOrVar","v":"fax"}]},{"$i":"call-forwarding-inactive","$v":"Inaktiv"},{"$i":"call-forwarding-packet","$v":["Pakke: ",{"t":"idOrVar","v":"packet"}]},{"$i":"call-forwarding-pad","$v":["PAD: ",{"t":"idOrVar","v":"pad"}]},{"$i":"call-forwarding-sms","$v":["SMS: ",{"t":"idOrVar","v":"sms"}]},{"$i":"call-forwarding-status","$v":"Status for omstilling"},{"$i":"call-forwarding-sync","$v":["Synkron: ",{"t":"idOrVar","v":"sync"}]},{"$i":"call-forwarding-voice","$v":["Tale: ",{"t":"idOrVar","v":"voice"}]},{"$i":"call-forwarding-reason","$v":["Reason: ",{"t":"idOrVar","v":"reason"}]},{"$i":"scCallBarring","$v":"Opkaldsspærring"},{"$i":"scCallForwarding","$v":"Omstilling"},{"$i":"scClip","$v":"Indgående opkalds-id"},{"$i":"scClir","$v":"Udgående opkalds-id"},{"$i":"scPwd","$v":"Adgangskode ændret"},{"$i":"scCallWaiting","$v":"Banke på"},{"$i":"scPin","$v":"PIN-ændring"},{"$i":"scPin2","$v":"PIN2-ændring"},{"$i":"scPuk","$v":"Fjern blokering af PIN"},{"$i":"scPuk2","$v":"Fjern blokering af PIN2"},{"$i":"scImei","$v":"IMEI"},{"$i":"scMeid","$v":"MEID"},{"$i":"scUssd","$v":"USSD"},{"$i":"serviceClassVoice","$v":"Tale"},{"$i":"serviceClassData","$v":"Data"},{"$i":"serviceClassFax","$v":"FAX"},{"$i":"serviceClassSms","$v":"SMS"},{"$i":"serviceClassDataSync","$v":"Synkroniser"},{"$i":"serviceClassDataAsync","$v":"Asynkron"},{"$i":"serviceClassPacket","$v":"Pakke"},{"$i":"serviceClassPad","$v":"PAD"},{"$i":"smServiceEnabled","$v":"Tjekeste blev aktiveret"},{"$i":"smServiceDisabled","$v":"Tjenesten er deaktiveret"},{"$i":"smServiceRegistered","$v":"Registrering blev udført"},{"$i":"smServiceErased","$v":"Sletningen blev udført"},{"$i":"smServiceInterrogated","$v":"Anmodningen lykkedes"},{"$i":"smServiceNotProvisioned","$v":"Tjenesten er ikke klargjort"},{"$i":"smClirPermanent","$v":"Du kan ikke ændre indstillingen for opkalds-id"},{"$i":"smClirDefaultOnNextCallOn","$v":"Opkalds-id er som standard indstillet til begrænset. Næste opkald: Begrænset"},{"$i":"smClirDefaultOnNextCallOff","$v":"Opkalds-id er som standard indstillet til begrænset. Næste opkald: Ikke begrænset"},{"$i":"smClirDefaultOffNextCallOn","$v":"Opkalds-id er som standard indstillet til ikke begrænset. Næste opkald: Begrænset"},{"$i":"smClirDefaultOffNextCallOff","$v":"Opkalds-id er som standard indstillet til ikke begrænset. Næste opkald: Ikke begrænset"},{"$i":"smServiceEnabledFor","$v":"Tjeneste blev aktiveret for:"},{"$i":"smPinChanged","$v":"PIN er ændret"},{"$i":"smPinUnblocked","$v":"Blokering af PIN er fjernet"},{"$i":"smPin2Changed","$v":"PIN2 er ændret"},{"$i":"smPin2Unblocked","$v":"Blokering af PIN2 er fjernet"},{"$i":"ServiceIsEnabled","$v":"Tjenesten er aktiveret"},{"$i":"ServiceIsDisabled","$v":"Tjenesten er deaktiveret"},{"$i":"ServiceIsEnabledFor","$v":"Tjenesten er aktiveret for:"},{"$i":"emMmiError","$v":"Forbindelsesproblem eller ugyldig MMI-kode"},{"$i":"emMmiErrorPasswordIncorrect","$v":"Forkert adgangskode"},{"$i":"emMmiErrorNotSupported","$v":"Ugyldig eller ikke-understøttet MMI-kode"},{"$i":"emMmiErrorInvalidAction","$v":"Ugyldig handling"},{"$i":"emMmiErrorInvalidScCode","$v":"Ugyldig servicekode"},{"$i":"emMmiErrorBadPuk","$v":"Den PUK-kode, du indtastede, er forkert."},{"$i":"emMmiErrorBadPin","$v":"Den gamle PIN-kode, du angav, er forkert."},{"$i":"emMmiErrorNeedPuk2","$v":"Indtast PUK2-kode for at fjerne blokering af SIM-kortet"},{"$i":"emMmiErrorMismatchPin","$v":"De PIN-koder, du angav, er ikke ens"},{"$i":"emMmiErrorInvalidPin","$v":"Indtast en PIN-kode på 4 til 8 tal"},{"$i":"emMmiErrorNeedsPuk","$v":"Dit SIM-kort er PUK-låst"},{"$i":"emMmiErrorEnablePin","$v":"Ikke udført. Aktivér SIM/RUIM-LÅS"},{"$i":"emMmiErrorMmiFdn","$v":"Handlingen er begrænset til begrænsede numre"},{"$i":"emMmiErrorStkCcUssdDial","$v":"USSD-anmodning er redigeret til DIAL-anmodning"},{"$i":"emMmiErrorStkCcUssdSs","$v":"USSD-anmodning er redigeret til SS-anmodning"},{"$i":"emMmiErrorStkCcUssdUssd","$v":"USSD-anmodning er ændret til ny USSD-anmodning"},{"$i":"emMmiErrorStkCcSsDial","$v":"SS-anmodning er ændret til DIAL-anmodning"},{"$i":"emMmiErrorStkCcSsUssd","$v":"SS-anmodning er ændret til USSD-anmodning"},{"$i":"emMmiErrorStkCcSsSs","$v":"SS-anmodning er ændret til ny SS-anmodning"},{"$i":"emMmiErrorPinPukAttempts","$v":{"few":[{"t":"idOrVar","v":"n"}," forsøg tilbage"],"many":[{"t":"idOrVar","v":"n"}," forsøg tilbage"],"one":["Kun ",{"t":"idOrVar","v":"n"}," forsøg tilbage"],"other":[{"t":"idOrVar","v":"n"}," forsøg tilbage"],"two":[{"t":"idOrVar","v":"n"}," forsøg tilbage"]},"$x":[{"t":"idOrVar","v":"plural"},"n"]},{"$i":"emMmiErrorSimBlocked","$v":"Maksimalt antal forsøg er overskredet. SIM blokeret"},{"$i":"RadioNotAvailable","$v":"Radio ikke tilgængelig"},{"$i":"GenericFailure","$v":"Fejl ved udførelse af anmodning."},{"$i":"PasswordIncorrect","$v":"Adgangskode forkert"},{"$i":"SimPin2","$v":"SIM PIN2"},{"$i":"SimPuk2","$v":"SIM PUK2"},{"$i":"RequestNotSupported","$v":"Anmodning understøttes ikke"},{"$i":"OpNotAllowedDuringVoiceCall","$v":"Handlingen er ikke tilladt under taleopkald"},{"$i":"SmsSendFailRetry","$v":"SMS send fail retry"},{"$i":"SimAbsent","$v":"SIM fraværende"},{"$i":"SubscriptionNotAvailable","$v":"Abonnement ikke tilgængeligt"},{"$i":"ModeNotSupported","$v":"Tilstanden understøttes ikke"},{"$i":"FdnCheckFailure","$v":"Fejl under tjek af begrænsede numre"},{"$i":"IllegalSimOrMe","$v":"Ugyldigt SIM eller ME"},{"$i":"DialModifiedToUssd","$v":"Opkald ændret til USSD"},{"$i":"DialModifiedToSs","$v":"Opkald ændret til SS"},{"$i":"DialModifiedToDial","$v":"Opkald ændret til opkald"},{"$i":"UssdModifiedToDial","$v":"USSD ændret til opkald"},{"$i":"UssdModifiedToSs","$v":"USSD ændret til SS"},{"$i":"UssdModifiedToUssd","$v":"USSD ændret til USSD"},{"$i":"SsModifiedToDial","$v":"SS ændret til opkald"},{"$i":"SsModifiedToUssd","$v":"SS ændret til USSD"},{"$i":"SsModifiedToSs","$v":"SS ændret til SS"},{"$i":"SubscriptionNotSupported","$v":"Abonnement understøttes ikke"},{"$i":"InvalidParameter","$v":"Ugyldig parameter"},{"$i":"RejectedByRemote","$v":"Afvist fra ekstern enhed"},{"$i":"error","$v":"Fejl"}]