[{"$i":"weekday-0-long","$v":"domingo"},{"$i":"weekday-1-long","$v":"lunes"},{"$i":"weekday-2-long","$v":"martes"},{"$i":"weekday-3-long","$v":"miércoles"},{"$i":"weekday-4-long","$v":"jueves"},{"$i":"weekday-5-long","$v":"viernes"},{"$i":"weekday-6-long","$v":"sábado"},{"$i":"weekday-0-short","$v":"dom."},{"$i":"weekday-1-short","$v":"lun."},{"$i":"weekday-2-short","$v":"mar."},{"$i":"weekday-3-short","$v":"mié."},{"$i":"weekday-4-short","$v":"jue."},{"$i":"weekday-5-short","$v":"vie."},{"$i":"weekday-6-short","$v":"sáb."},{"$i":"month-0-long","$v":"enero"},{"$i":"month-1-long","$v":"febrero"},{"$i":"month-2-long","$v":"marzo"},{"$i":"month-3-long","$v":"abril"},{"$i":"month-4-long","$v":"mayo"},{"$i":"month-5-long","$v":"junio"},{"$i":"month-6-long","$v":"julio"},{"$i":"month-7-long","$v":"agosto"},{"$i":"month-8-long","$v":"septiembre"},{"$i":"month-9-long","$v":"octubre"},{"$i":"month-10-long","$v":"noviembre"},{"$i":"month-11-long","$v":"diciembre"},{"$i":"month-0-genitive","$v":"enero"},{"$i":"month-1-genitive","$v":"febrero"},{"$i":"month-2-genitive","$v":"marzo"},{"$i":"month-3-genitive","$v":"abril"},{"$i":"month-4-genitive","$v":"mayo"},{"$i":"month-5-genitive","$v":"junio"},{"$i":"month-6-genitive","$v":"julio"},{"$i":"month-7-genitive","$v":"agosto"},{"$i":"month-8-genitive","$v":"septiembre"},{"$i":"month-9-genitive","$v":"octubre"},{"$i":"month-10-genitive","$v":"noviembre"},{"$i":"month-11-genitive","$v":"diciembre"},{"$i":"month-0-short","$v":"ene"},{"$i":"month-1-short","$v":"feb"},{"$i":"month-2-short","$v":"mar"},{"$i":"month-3-short","$v":"abr"},{"$i":"month-4-short","$v":"mayo"},{"$i":"month-5-short","$v":"jun"},{"$i":"month-6-short","$v":"jul"},{"$i":"month-7-short","$v":"ago"},{"$i":"month-8-short","$v":"sep"},{"$i":"month-9-short","$v":"oct"},{"$i":"month-10-short","$v":"nov"},{"$i":"month-11-short","$v":"dic"},{"$i":"minutes-ago-long","$v":{"few":["Hace ",{"t":"idOrVar","v":"value"}," minutos"],"many":["Hace ",{"t":"idOrVar","v":"value"}," minutos"],"other":["Hace ",{"t":"idOrVar","v":"value"}," minutos"],"two":["Hace ",{"t":"idOrVar","v":"value"}," minutos"],"one":"Hace un minuto","zero":"Justo ahora"},"$x":[{"t":"idOrVar","v":"plural"},"value"]},{"$i":"hours-ago-long","$v":{"few":["Hace ",{"t":"idOrVar","v":"value"}," horas"],"many":["Hace ",{"t":"idOrVar","v":"value"}," horas"],"other":["Hace ",{"t":"idOrVar","v":"value"}," horas"],"two":["Hace ",{"t":"idOrVar","v":"value"}," horas"],"one":"Hace una hora","zero":"Justo ahora"},"$x":[{"t":"idOrVar","v":"plural"},"value"]},{"$i":"days-ago-long","$v":{"few":["Hace ",{"t":"idOrVar","v":"value"}," días"],"many":["Hace ",{"t":"idOrVar","v":"value"}," días"],"one":"Ayer","other":["Hace ",{"t":"idOrVar","v":"value"}," días"],"two":["Hace ",{"t":"idOrVar","v":"value"}," días"],"zero":"Hoy"},"$x":[{"t":"idOrVar","v":"plural"},"value"]},{"$i":"weeks-ago-long","$v":{"few":["Hace ",{"t":"idOrVar","v":"value"}," semanas"],"many":["Hace ",{"t":"idOrVar","v":"value"}," semanas"],"one":"La semana pasada","other":["Hace ",{"t":"idOrVar","v":"value"}," semanas"],"two":["Hace ",{"t":"idOrVar","v":"value"}," semanas"],"zero":"Esta semana"},"$x":[{"t":"idOrVar","v":"plural"},"value"]},{"$i":"months-ago-long","$v":{"few":["Hace ",{"t":"idOrVar","v":"value"}," meses"],"many":["Hace ",{"t":"idOrVar","v":"value"}," meses"],"one":"Último mes","other":["Hace ",{"t":"idOrVar","v":"value"}," meses"],"two":["Hace ",{"t":"idOrVar","v":"value"}," meses"],"zero":"Este mes"},"$x":[{"t":"idOrVar","v":"plural"},"value"]},{"$i":"years-ago-long","$v":{"few":["Hace ",{"t":"idOrVar","v":"value"}," años"],"many":["Hace ",{"t":"idOrVar","v":"value"}," años"],"one":"El año pasado","other":["Hace ",{"t":"idOrVar","v":"value"}," años"],"two":["Hace ",{"t":"idOrVar","v":"value"}," años"],"zero":"Este año"},"$x":[{"t":"idOrVar","v":"plural"},"value"]},{"$i":"minutes-until-long","$v":{"few":["Dentro de ",{"t":"idOrVar","v":"value"}," minutos"],"many":["Dentro de ",{"t":"idOrVar","v":"value"}," minutos"],"other":["Dentro de ",{"t":"idOrVar","v":"value"}," minutos"],"two":["Dentro de ",{"t":"idOrVar","v":"value"}," minutos"],"zero":"ahora","one":"Dentro de un minuto"},"$x":[{"t":"idOrVar","v":"plural"},"value"]},{"$i":"hours-until-long","$v":{"few":["Dentro de ",{"t":"idOrVar","v":"value"}," horas"],"many":["Dentro de ",{"t":"idOrVar","v":"value"}," horas"],"other":["Dentro de ",{"t":"idOrVar","v":"value"}," horas"],"two":["Dentro de ",{"t":"idOrVar","v":"value"}," horas"],"zero":"ahora","one":"Dentro de una hora"},"$x":[{"t":"idOrVar","v":"plural"},"value"]},{"$i":"days-until-long","$v":{"few":["Dentro de ",{"t":"idOrVar","v":"value"}," días"],"many":["Dentro de ",{"t":"idOrVar","v":"value"}," días"],"one":"Mañana","other":["Dentro de ",{"t":"idOrVar","v":"value"}," días"],"two":["Dentro de ",{"t":"idOrVar","v":"value"}," días"],"zero":"Hoy"},"$x":[{"t":"idOrVar","v":"plural"},"value"]},{"$i":"weeks-until-long","$v":{"few":["Dentro de ",{"t":"idOrVar","v":"value"}," semanas"],"many":["Dentro de ",{"t":"idOrVar","v":"value"}," semanas"],"one":"La próxima semana","other":["Dentro de ",{"t":"idOrVar","v":"value"}," semanas"],"two":["Dentro de ",{"t":"idOrVar","v":"value"}," semanas"],"zero":"Esta semana"},"$x":[{"t":"idOrVar","v":"plural"},"value"]},{"$i":"months-until-long","$v":{"few":["Dentro de ",{"t":"idOrVar","v":"value"}," meses"],"many":["Dentro de ",{"t":"idOrVar","v":"value"}," meses"],"one":"Mes siguiente","other":["Dentro de ",{"t":"idOrVar","v":"value"}," meses"],"two":["Dentro de ",{"t":"idOrVar","v":"value"}," meses"],"zero":"Este mes"},"$x":[{"t":"idOrVar","v":"plural"},"value"]},{"$i":"years-until-long","$v":{"few":["Dentro de ",{"t":"idOrVar","v":"value"}," años"],"many":["Dentro de ",{"t":"idOrVar","v":"value"}," años"],"one":"El año que viene","other":["Dentro de ",{"t":"idOrVar","v":"value"}," años"],"two":["Dentro de ",{"t":"idOrVar","v":"value"}," años"],"zero":"Este año"},"$x":[{"t":"idOrVar","v":"plural"},"value"]},{"$i":"minutes-ago-short","$v":{"other":["Hace ",{"t":"idOrVar","v":"value"}," m"],"zero":"Justo ahora"},"$x":[{"t":"idOrVar","v":"plural"},"value"]},{"$i":"hours-ago-short","$v":{"other":["Hace ",{"t":"idOrVar","v":"value"}," h"],"zero":"Justo ahora"},"$x":[{"t":"idOrVar","v":"plural"},"value"]},{"$i":"days-ago-short","$v":{"other":["Hace ",{"t":"idOrVar","v":"value"}," d"],"zero":"Hoy"},"$x":[{"t":"idOrVar","v":"plural"},"value"]},{"$i":"minutes-until-short","$v":{"other":["Dentro de ",{"t":"idOrVar","v":"value"}," m"],"zero":"ahora"},"$x":[{"t":"idOrVar","v":"plural"},"value"]},{"$i":"hours-until-short","$v":{"other":["Dentro de ",{"t":"idOrVar","v":"value"}," h"],"zero":"ahora"},"$x":[{"t":"idOrVar","v":"plural"},"value"]},{"$i":"days-until-short","$v":{"other":["Dentro de ",{"t":"idOrVar","v":"value"}," d"],"zero":"Hoy"},"$x":[{"t":"idOrVar","v":"plural"},"value"]},{"$i":"incorrectDate","$v":"(fecha incorrecta)"},{"$i":"dateTimeFormat_%c","$v":"%a %b %e %Y %I:%M:%S %p"},{"$i":"dateTimeFormat_%x","$v":"%d/%m/%Y"},{"$i":"dateTimeFormat_%X","$v":"%I:%M:%S %p"},{"$i":"shortTimeFormat","$v":"%I:%M %p"},{"$i":"shortTimeFormat12","$v":"%I:%M %p"},{"$i":"shortTimeFormat24","$v":"%H:%M"},{"$i":"shortDateTimeFormat","$v":"%x %I:%M %p"},{"$i":"weekStartsOnMonday","$v":"0.0"},{"$i":"firstDayOfTheWeek","$v":"1.0"},{"$i":"time_am","$v":"AM"},{"$i":"time_pm","$v":"PM"},{"$i":"airplaneMode","$v":"Modo vuelo"},{"$i":"searching","$v":"Buscando..."},{"$i":"noNetwork","$v":"Sin red"},{"$i":"roaming","$v":[{"t":"idOrVar","v":"operator"}," (Roaming)"]},{"$i":"operator-info","$v":[{"t":"idOrVar","v":"carrier"}," ",{"t":"idOrVar","v":"region"}]},{"$i":"emergencyCallsOnly","$v":"Solo llamadas de emergencia"},{"$i":"emergencyCallsOnly-unknownSIMState","$v":"(estado de SIM desconocido)"},{"$i":"emergencyCallsOnly-noSIM","$v":"(sin tarjeta SIM)"},{"$i":"emergencyCallsOnly-pinRequired","$v":"(Es necesario el PIN de la tarjeta SIM)"},{"$i":"emergencyCallsOnly-pukRequired","$v":"(Es necesario el PUK de la tarjeta SIM)"},{"$i":"emergencyCallsOnly-networkLocked","$v":"(red bloqueada)"},{"$i":"emergencyCallsOnly-serviceProviderLocked","$v":"(proveedor de servicios bloqueado)"},{"$i":"emergencyCallsOnly-corporateLocked","$v":"(trabajo bloqueado)"},{"$i":"emergencyCallsOnly-network1Locked","$v":"(red1 loqueada)"},{"$i":"emergencyCallsOnly-network2Locked","$v":"(red2 loqueada)"},{"$i":"emergencyCallsOnly-hrpdNetworkLocked","$v":"(red hrpd bloqueada)"},{"$i":"emergencyCallsOnly-ruimCorporateLocked","$v":"(trabajo ruim bloqueado)"},{"$i":"emergencyCallsOnly-ruimServiceProviderLocked","$v":"(proveedor de servicios ruim bloqueado)"},{"$i":"lockscreen-sim-id","$v":["SIM ",{"t":"idOrVar","v":"n"}]},{"$i":"charging-no-time","$v":[{"t":"idOrVar","v":"level"},"% cargado"]},{"$i":"charging-minutes","$v":{"few":[{"t":"idOrVar","v":"level"},"% cargado (faltan ",{"t":"idOrVar","v":"minutes"}," min para completar la carga)"],"many":[{"t":"idOrVar","v":"level"},"% cargado (faltan ",{"t":"idOrVar","v":"minutes"}," min para completar la carga)"],"one":[{"t":"idOrVar","v":"level"},"% cargado (falta ",{"t":"idOrVar","v":"minutes"}," min para completar la carga)"],"other":[{"t":"idOrVar","v":"level"},"% cargado (faltan ",{"t":"idOrVar","v":"minutes"}," min para completar la carga)"],"two":[{"t":"idOrVar","v":"level"},"% cargado (faltan ",{"t":"idOrVar","v":"minutes"}," min para completar la carga)"],"zero":[{"t":"idOrVar","v":"level"},"% cargado (faltan ",{"t":"idOrVar","v":"minutes"}," min para completar la carga)"]},"$x":[{"t":"idOrVar","v":"plural"},"minutes"]},{"$i":"charging-hours","$v":{"few":[{"t":"idOrVar","v":"level"},"% cargado (faltan ",{"t":"idOrVar","v":"hours"},"h ",{"t":"idOrVar","v":"minutes"}," min para completar la carga)"],"many":[{"t":"idOrVar","v":"level"},"% cargado (faltan ",{"t":"idOrVar","v":"hours"},"h ",{"t":"idOrVar","v":"minutes"}," min para completar la carga)"],"one":[{"t":"idOrVar","v":"level"},"% cargado (falta ",{"t":"idOrVar","v":"hours"},"h ",{"t":"idOrVar","v":"minutes"}," min para complete ar la carga)"],"other":[{"t":"idOrVar","v":"level"},"% cargado (faltan ",{"t":"idOrVar","v":"hours"},"h ",{"t":"idOrVar","v":"minutes"}," min para completar la carga)"],"two":[{"t":"idOrVar","v":"level"},"% cargado (faltan ",{"t":"idOrVar","v":"hours"},"h ",{"t":"idOrVar","v":"minutes"}," min para completar la carga)"],"zero":[{"t":"idOrVar","v":"level"},"% cargado (faltan ",{"t":"idOrVar","v":"hours"},"h ",{"t":"idOrVar","v":"minutes"}," min para completar la carga)"]},"$x":[{"t":"idOrVar","v":"plural"},"minutes"]},{"$i":"phoneNumberInput","ariaLabel":"Número de teléfono"},{"$i":"keypadDelete","ariaLabel":"Eliminar"},{"$i":"voiceMailKey","ariaLabel":"Buzón de voz"},{"$i":"asterisk","ariaLabel":"Asterisco"},{"$i":"hashSign","ariaLabel":"Signo de número"},{"$i":"cancel","$v":"Cancelar"},{"$i":"loadingSimContacts","$v":"Cargando contactos de la tarjeta SIM..."},{"$i":"noContactsWereFound","$v":"No se ha encontrado ningún contacto"},{"$i":"noContactsFoundDialogOk","$v":"Aceptar"},{"$i":"emergencyNumber","$v":"Número de emergencia"},{"$i":"callAirplaneModeMessage","$v":"Para realizar una llamada, debe desactivar el modo vuelo en los ajustes."},{"$i":"callAirplaneModeBtnOk","$v":"Aceptar"},{"$i":"callAirplaneModeTitle","$v":"Modo vuelo activado"},{"$i":"numberIsBusyTitle","$v":"El número está ocupado"},{"$i":"numberIsBusyMessage","$v":"El número está ocupado. Vuelva a intentarlo más tarde."},{"$i":"fdnIsActiveTitle","$v":"Números de marcación fija activos"},{"$i":"fdnIsActiveMessage","$v":["Los números de marcación fija están activados y el número siguiente no se encuentra en la lista de dichos números: ",{"t":"idOrVar","v":"number"}]},{"$i":"emergencyDialogBodyBadNumber","$v":"Para realizar una llamada, el teléfono debe estar conectado a una red."},{"$i":"emergencyDialogBodyDeviceNotAccepted","$v":"La red no permite llamadas de emergencia."},{"$i":"emergencyDialogBtnOk","$v":"Aceptar"},{"$i":"emergencyDialogTitle","$v":"Sin conexión de red"},{"$i":"invalidNumberToDialTitle","$v":"Número de teléfono no válido"},{"$i":"invalidNumberToDialMessage","$v":"El número de teléfono al que está llamando no es válido."},{"$i":"unableToCallTitle","$v":"No puede realizar una llamada."},{"$i":"unableToCallMessage","$v":"No se puede realizar la llamada de teléfono ahora."},{"$i":"otherConnectionInUseTitle","$v":"Hay otra conexión en uso"},{"$i":"otherConnectionInUseMessage","$v":"Tiene una llamada activa en otra conexión. ¿Solo puede utilizar una conexión a la vez."},{"$i":"connectingEllipsis","$v":"Conectando..."},{"$i":"clear","$v":"Borrar"},{"$i":"dialer","$v":"Marcador"},{"$i":"vt-incoming-call","$v":"Videollamada entrante..."},{"$i":"kai-incoming-call","$v":"Llamada entrante"},{"$i":"kai-in-call","$v":"Llamada entrante"},{"$i":"kai-answer","$v":"Contestar"},{"$i":"kai-end-answer","$v":"Finalizar y responder"},{"$i":"kai-decline","$v":"Rechazar"},{"$i":"enter-passcode","$v":"Introduzca la contraseña para desbloquear la pantalla."},{"$i":"passcode-error","$v":"Código no válido. Inténtelo de nuevo."},{"$i":"lockscreenInvalidCode","$v":"Código no válido."},{"$i":"lockscreenColdDown","$v":["Código no válido. Inténtelo en ",{"t":"idOrVar","v":"n"},"."]},{"$i":"lockscreenCheckLockCode","$v":{"few":["Código no válido. Quedan ",{"t":"idOrVar","v":"n"}," intentos."],"one":["Código no válido. Queda ",{"t":"idOrVar","v":"n"}," intento."],"other":["Código no válido. Quedan ",{"t":"idOrVar","v":"n"}," intentos."],"two":["Código no válido. Quedan ",{"t":"idOrVar","v":"n"}," intentos."]},"$x":[{"t":"idOrVar","v":"plural"},"n"]},{"$i":"videoCall","$v":"Videollamada"},{"$i":"voice-call","$v":"Cambiar a voz"},{"$i":"video-call","$v":"Cambiar a vídeo"},{"$i":"message","$v":"Mensaje"},{"$i":"answer-rtt-call","$v":"Responder RTT"},{"$i":"req-rtt-call","$v":"RESP. RTT"},{"$i":"rtt-call","$v":"Llamada RTT"},{"$i":"rtt-view","$v":"Visor RTT"},{"$i":"change-to-rtt-call","$v":"Conectando llamada RTT..."},{"$i":"change-to-voice-call","$v":"Cambiar a llamada de voz."},{"$i":"upgrading-rtt","$v":"Actualizando a llamada RTT..."},{"$i":"rtt-call-failed","$v":"Error en la llamada RR."},{"$i":"voice-call-failed","$v":"Error en la llamada de voz."},{"$i":"rtt","$v":"RTT"},{"$i":"rtt-emegency-upgrade-rejected","$v":"La llamada RTT no está disponible para esta llamada al 911."},{"$i":"rtt-emegency-downgrade","$v":"La llamada RTT no está disponible para esta llamada al 911. La llamada se ha conectado a una llamada de solo voz. Si tiene algún problema, deje un mensaje de voz o redirija la llamada al 911."},{"$i":"voice-only-call","$v":"Su llamada se ha conectado como llamada solo de voz."},{"$i":"ans-rtt-failed","$v":"Error al establecer la llamada RTT. Su llamada se ha conectado como llamada de solo voz."},{"$i":"back","$v":"Atrás"},{"$i":"new-message","$v":"Nuevos mensajes de"},{"$i":"kai-mute","$v":"Silenciar"},{"$i":"kai-unmute","$v":"Activar sonido"},{"$i":"kai-speaker","$v":"Altavoz"},{"$i":"kai-speaker-off","$v":"Altavoz desactivado"},{"$i":"kai-microphone-mute-notification","$v":"Micrófono silenciado"},{"$i":"kai-microphone-active-notification","$v":"Micrófono activo"},{"$i":"kai-speaker-off-notification","$v":"Altavoz externo desactivado"},{"$i":"kai-speaker-on-notification","$v":"Altavoz externo activado"},{"$i":"kai-hold-and-answer","$v":"Poner en espera y responder"},{"$i":"kai-ignore-call","$v":"Ignorar llamada entrante"},{"$i":"kai-add-to-call","$v":"Añadir llamada"},{"$i":"kai-switch-to-second-line","$v":"Cambiar de llamada"},{"$i":"kai-merge-calls","$v":"Llamada a tres"},{"$i":"ok","$v":"Aceptar"},{"$i":"losing-wifi-msg","$v":"pérdida de Wi-Fi"},{"$i":"personal","$v":"Personal"},{"$i":"mobile","$v":"Móvil"},{"$i":"home","$v":"Particular"},{"$i":"work","$v":"Trabajo"},{"$i":"other","$v":"Otro"},{"$i":"fax-home","$v":"Fax particular"},{"$i":"fax-office","$v":"Fax del trabajo"},{"$i":"fax-other","$v":"Otro fax"},{"$i":"hd","$v":"HD"},{"$i":"manage-call","$v":"Gestionar llamadas"},{"$i":"end","$v":"Colgar"},{"$i":"private","$v":"Privado"},{"$i":"sound","$v":"Sonido"},{"$i":"bluetooth-device","$v":"Dispositivo Bluetooth"},{"$i":"handset-earpiece","$v":"Teléfono"},{"$i":"speaker","$v":"Altavoz"},{"$i":"call-ended","$v":"Llamada finalizada"},{"$i":"payphone","$v":"Teléfono de pago"},{"$i":"contact","$v":"Contactos"},{"$i":"dialer-prompt","$v":"Marque el número o seleccione un contacto para añadirlo a la llamada"},{"$i":"call","$v":"Llamar"},{"$i":"hold","$v":"En espera"},{"$i":"callHeldDuration","$v":["Mantenga pulsado (",{"t":"idOrVar","v":"duration"},")"]},{"$i":"volume","$v":"Volumen"},{"$i":"softkey-options","$v":"Opciones"},{"$i":"unhold-call","$v":"Reanudar llamada"},{"$i":"hold-call","$v":"Llamada en espera"},{"$i":"select","$v":"Selec."},{"$i":"unknown","$v":"Desconocido"},{"$i":"switch-calls","$v":"Cambiar llamadas"},{"$i":"voiceMail","$v":"Buzón de voz"},{"$i":"incoming","$v":"Entrante"},{"$i":"outgoing","$v":"Saliente"},{"$i":"callEnded","$v":"Llamada finalizada"},{"$i":"callEndedDuration","$v":["Llamada finalizada (",{"t":"idOrVar","v":"duration"},")"]},{"$i":"conferenceAddError","$v":"No se pueden combinar llamadas"},{"$i":"conferenceRemoveError","$v":"No se puede anular la combinación de llamadas"},{"$i":"valid-number","$v":"Número válido"},{"$i":"numberBlockedMessage","$v":"El número está bloqueado. Puede pedir permiso a sus padres."},{"$i":"callDurationMinutes","$v":[{"t":"idOrVar","v":"m"},":",{"t":"idOrVar","v":"s"}]},{"$i":"callDurationHours","$v":[{"t":"idOrVar","v":"h"},":",{"t":"idOrVar","v":"m"},":",{"t":"idOrVar","v":"s"}]},{"$i":"switch-to-device-toast","$v":"Cambiado a dispositivo Bluetooth"},{"$i":"switch-to-handset-toast","$v":"Cambiado a auriculares"},{"$i":"switch-to-speaker-toast","$v":"Cambiado a altavoz"},{"$i":"connecting","$v":"Conectando"},{"$i":"wifi-call-quality-excellent","$v":"Excelente"},{"$i":"wifi-call-quality-fair","$v":"Aceptable"},{"$i":"wifi-call-quality-bad","$v":"Malo"},{"$i":"call-left-conference-toast","$v":"ha abandonado la llamada"},{"$i":"camera-off","$v":"Cámara desactivada"},{"$i":"camera-on","$v":"Cámara activada"},{"$i":"rear-camera","$v":"Cámara trasera"},{"$i":"front-camera","$v":"Cámara frontal"},{"$i":"hide-info","$v":"Ocultar información"},{"$i":"show-info","$v":"Mostrar información"},{"$i":"video-call-rejected","$v":"La videollamada se ha rechazado, realice una llamada de voz."},{"$i":"video-call-not-support","$v":"No se admiten las videollamada."},{"$i":"video-call-rejected-timeout","$v":"Videollamada rechazada o en espera."},{"$i":"video-call-from","$v":["Está recibiendo una videollamada de ",{"t":"idOrVar","v":"name"},"."]},{"$i":"video-call-canceled","$v":"Se ha cancelado la videollamada."},{"$i":"video-call-failed","$v":"No se ha podido realizar la videollamada."},{"$i":"call-downgraded","$v":"Se ha reducido la calidad de la llamada."},{"$i":"wifi-calling","$v":"Llamadas Wi-Fi"},{"$i":"wifi-calling-1","$v":"Puede ser que la llamada se corte."},{"$i":"wifi-calling-2","$v":"Está a punto de salir del área de cobertura Wi-Fi."},{"$i":"wifi-calling-dropped","$v":"La llamada Wi-Fi se ha cortado."},{"$i":"accept","$v":"Aceptar"},{"$i":"conference-call-num","$v":[{"t":"idOrVar","v":"num"}," personas en la llamada"]},{"$i":"more","$v":"Más"},{"$i":"rec","$v":"GRABAR"},{"$i":"start-recording-call","$v":"Iniciar la grabación de la llamada."},{"$i":"stop-recording-call","$v":"Detener la grabación de la llamada."},{"$i":"insufficient-storage","$v":"Almacenamiento insuficiente Grabación detenida."},{"$i":"confirmation","$v":"Confirmación"},{"$i":"get-empty-ussd","$v":"Se ha recibido una respuesta nula."},{"$i":"message-sent","$v":"Mensaje enviado."},{"$i":"messages","$v":"Mensajes"},{"$i":"wait","$v":"Espere..."},{"$i":"send","$v":"Enviar"},{"$i":"reply","$v":"Responder"},{"$i":"reply-message-1","$v":"Lo siento, ahora no puedo hablar."},{"$i":"reply-message-2","$v":"Estoy de camino."},{"$i":"reply-message-3","$v":"¿Puedo llamarte luego?"},{"$i":"reply-message-4","$v":"Personalizado..."},{"$i":"reply-to-name","$v":["Se ha respondido a ",{"t":"idOrVar","v":"name"}]},{"$i":"call-busy-error","$v":"NUMERO OCUPADO "},{"$i":"call-bad-number-error","$v":"NUMERO NO ESTA EN USO"},{"$i":"call-no-route-to-destination-error","$v":"Sin ruta al destino"},{"$i":"call-channel-unacceptable-error","$v":"Canal inaceptable"},{"$i":"call-operator-determined-barring-error","$v":"Restricción determinada por el operador"},{"$i":"call-normal-call-clearing-error","$v":"LLAMADA TERMINADA"},{"$i":"call-no-user-responding-error","$v":"NO HAY RESPUESTA"},{"$i":"call-user-alerting-no-answer-error","$v":"NO HAY RESPUESTA "},{"$i":"call-call-rejected-error","$v":"NO HAY RESPUESTA"},{"$i":"call-number-changed-error","$v":"Número cambiado"},{"$i":"call-pre-emption-error","$v":"Interrupcion"},{"$i":"call-destination-out-of-order-error","$v":"Destino fuera de servicio"},{"$i":"call-invalid-number-format-error","$v":"Formato de número no válido"},{"$i":"call-facility-rejected-error","$v":"Instalación rechazada"},{"$i":"call-response-to-status-enquiry-error","$v":"Respuesta a"},{"$i":"call-unspecified-error","$v":"LLAMADA TERMINADA"},{"$i":"call-congestion-error","$v":"No hay circuito/canal disponible"},{"$i":"call-network-out-of-order-error","$v":"Red fuera de servicio "},{"$i":"call-network-temp-failure-error","$v":"Fallo temporal"},{"$i":"call-switching-equip-congestion-error","$v":"Congestión de equipos de conmutación"},{"$i":"call-access-info-discarded-error","$v":"Información de acceso descartada "},{"$i":"call-requested-channel-not-available-error","$v":"RED OCUPADA/NO CONECTA "},{"$i":"call-resource-unavailable-error","$v":"RED OCUPADA/NO CONECTA"},{"$i":"call-qos-unavailable-error","$v":"Calidad de servicio no disponible"},{"$i":"call-requested-facility-not-subscribed-error","$v":"Instalación solicitada no suscrita"},{"$i":"call-incoming-calls-barred-within-cug-error","$v":"Llamadas entrantes bloqueadas dentro del CUG"},{"$i":"call-bearer-capability-not-authorized-error","$v":"Capacidad portadora no autorizada"},{"$i":"call-bearer-capability-not-available-error","$v":"Capacidad portadora no disponible actualmente"},{"$i":"call-service-not-available-error","$v":"Servicio u opción no disponible, sin especificar"},{"$i":"call-bearer-not-implemented-error","$v":"Servicio portador no implementado"},{"$i":"call-incoming-call-exceeded-error","$v":"ACM igual a mayor que ACMmax"},{"$i":"call-requested-facility-not-implemented-error","$v":"Instalación solicitada no implementada "},{"$i":"call-unrestricted-bearer-not-available-error","$v":"Solo está disponible la capacidad de portador de información digital restringida"},{"$i":"call-service-not-implemented-error","$v":"Servicio u opción no implementada, no especificada"},{"$i":"call-invalid-transaction-id-error","$v":"Valor de identificador de transacción no válido "},{"$i":"call-not-cug-member-error","$v":"Usuario no miembro de CUG"},{"$i":"call-incompatible-destination-error","$v":"Destino incompatible "},{"$i":"call-invalid-transit-network-selection-error","$v":"Selección de red de tránsito no válida"},{"$i":"call-semantically-incorrect-message-error","$v":"Mensaje semánticamente incorrecto "},{"$i":"call-invalid-mandatory-info-error","$v":"Información obligatoria no válida"},{"$i":"call-message-type-not-implemented-error","$v":"Tipo de mensaje: no compatible con el estado del protocolo"},{"$i":"call-message-type-incompatible-protocol-state-error","$v":"Tipo de mensaje no compatible con el estado del protocolo "},{"$i":"call-info-element-not-implemented-error","$v":"Elemento de información inexistente o no implementado"},{"$i":"call-conditionalIe-error","$v":"Error de IE condicional"},{"$i":"call-message-incompatible-protocol-state-error","$v":"Mensaje no compatible con el estado del protocolo "},{"$i":"call-recovery-on-timer-expiry-error","$v":"Recuperación al expirar el temporizador "},{"$i":"call-protocol-error","$v":"Error de protocolo, no especificado "},{"$i":"call-interworking-error","$v":"Interfuncionamiento, no especificado"},{"$i":"call-service-option-not-subscribed-error","$v":"SIN SUBSCRIPCION AL SERVICIO -33-"},{"$i":"call-unknown-pdp-address-type-error","$v":"FALLA DE AUTENTICACION -29-"},{"$i":"mt-call-on-hold","$v":"Se ha pausado la llamada."},{"$i":"mt-call_retrieved","$v":"Se ha recuperado la llamada."},{"$i":"mt-multi_party_call","$v":"Se le ha añadido a una llamada grupal."},{"$i":"hangup-a11y-button","$v":""},{"$i":"pickup-a11y-button","$v":""},{"$i":"mute","$v":""},{"$i":"toggleKeypad","$v":""},{"$i":"newCall","$v":""},{"$i":"speakerOption","$v":""},{"$i":"bluetoothOption","$v":""},{"$i":"onHoldOption","$v":""},{"$i":"merge","$v":""},{"$i":"ignore","$v":""},{"$i":"dialerAddContact","$v":""},{"$i":"makeCall","$v":""},{"$i":"call-forwarding-async","$v":["Asíncrono: ",{"t":"idOrVar","v":"async"}]},{"$i":"call-forwarding-data","$v":["Datos: ",{"t":"idOrVar","v":"data"}]},{"$i":"call-forwarding-error","$v":"Error al recuperar el estado de desvío de llamada"},{"$i":"call-forwarding-fax","$v":["FAX: ",{"t":"idOrVar","v":"fax"}]},{"$i":"call-forwarding-inactive","$v":"Inactivo"},{"$i":"call-forwarding-packet","$v":["Paquete: ",{"t":"idOrVar","v":"packet"}]},{"$i":"call-forwarding-pad","$v":["PAD: ",{"t":"idOrVar","v":"pad"}]},{"$i":"call-forwarding-sms","$v":["SMS: ",{"t":"idOrVar","v":"sms"}]},{"$i":"call-forwarding-status","$v":"Estado de desvío de llamada"},{"$i":"call-forwarding-sync","$v":["Síncrono: ",{"t":"idOrVar","v":"sync"}]},{"$i":"call-forwarding-voice","$v":["Voz: ",{"t":"idOrVar","v":"voice"}]},{"$i":"call-forwarding-reason","$v":["Reason: ",{"t":"idOrVar","v":"reason"}]},{"$i":"scCallBarring","$v":"Restricción de llamadas"},{"$i":"scCallForwarding","$v":"Desvío de llamadas"},{"$i":"scClip","$v":"ID de llamada entrante"},{"$i":"scClir","$v":"ID de llamada saliente"},{"$i":"scPwd","$v":"Cambio de contraseña"},{"$i":"scCallWaiting","$v":"Llamada en espera"},{"$i":"scPin","$v":"Cambio de PIN"},{"$i":"scPin2","$v":"Cambio de PIN2"},{"$i":"scPuk","$v":"PIN desbloqueado"},{"$i":"scPuk2","$v":"Desbloquear PIN2"},{"$i":"scImei","$v":"IMEI"},{"$i":"scMeid","$v":"MEID"},{"$i":"scUssd","$v":"USSD"},{"$i":"serviceClassVoice","$v":"Voz"},{"$i":"serviceClassData","$v":"Datos"},{"$i":"serviceClassFax","$v":"Fax"},{"$i":"serviceClassSms","$v":"SMS"},{"$i":"serviceClassDataSync","$v":"Sincronizar"},{"$i":"serviceClassDataAsync","$v":"Asíncrono"},{"$i":"serviceClassPacket","$v":"Paquete"},{"$i":"serviceClassPad","$v":"PAD"},{"$i":"smServiceEnabled","$v":"El servicio se ha habilitado."},{"$i":"smServiceDisabled","$v":"El servicio se ha deshabilitado."},{"$i":"smServiceRegistered","$v":"Registro realizado correctamente"},{"$i":"smServiceErased","$v":"Datos borrados correctamente"},{"$i":"smServiceInterrogated","$v":"Solicitud realizada correctamente"},{"$i":"smServiceNotProvisioned","$v":"Servicio no prestado"},{"$i":"smClirPermanent","$v":"No puede cambiar la configuración del ID del emisor."},{"$i":"smClirDefaultOnNextCallOn","$v":"La ID del emisor presenta el valor predeterminado de restringido. Siguiente llamada: Restringido"},{"$i":"smClirDefaultOnNextCallOff","$v":"La ID del emisor presenta el valor predeterminado de restringido. Siguiente llamada: No restringido"},{"$i":"smClirDefaultOffNextCallOn","$v":"La ID del emisor presenta el valor predeterminado de no restringido. Siguiente llamada: Restringido"},{"$i":"smClirDefaultOffNextCallOff","$v":"La ID del emisor presenta el valor predeterminado de no restringido. Siguiente llamada: No restringido"},{"$i":"smServiceEnabledFor","$v":"El servicio se ha habilitado para:"},{"$i":"smPinChanged","$v":"El PIN se ha modificado correctamente"},{"$i":"smPinUnblocked","$v":"El PIN se ha desbloqueado correctamente"},{"$i":"smPin2Changed","$v":"El PIN2 se ha modificado correctamente"},{"$i":"smPin2Unblocked","$v":"El PIN2 se ha desbloqueado correctamente"},{"$i":"ServiceIsEnabled","$v":"El servicio está habilitado"},{"$i":"ServiceIsDisabled","$v":"El servicio está deshabilitado"},{"$i":"ServiceIsEnabledFor","$v":"El servicio esta habilitado para:"},{"$i":"emMmiError","$v":"Problema de conexión ó código MMI no válido"},{"$i":"emMmiErrorPasswordIncorrect","$v":"Contraseña incorrecta"},{"$i":"emMmiErrorNotSupported","$v":"Código MMI no válido o no admitido"},{"$i":"emMmiErrorInvalidAction","$v":"Acción no válida"},{"$i":"emMmiErrorInvalidScCode","$v":"Código de servicio no válido"},{"$i":"emMmiErrorBadPuk","$v":"El código PUK introducido no es correcto."},{"$i":"emMmiErrorBadPin","$v":"El PIN antiguo que ha introducido no es correcto."},{"$i":"emMmiErrorNeedPuk2","$v":"Escriba el PUK2 para desbloquear la tarjeta SIM."},{"$i":"emMmiErrorMismatchPin","$v":"Los PIN introducidos no coinciden"},{"$i":"emMmiErrorInvalidPin","$v":"Introduzca un PIN que tenga de 4 a 8 dígitos"},{"$i":"emMmiErrorNeedsPuk","$v":"La tarjeta SIM está bloqueada por PUK"},{"$i":"emMmiErrorEnablePin","$v":"Error. Active SIM/RUIM LOCK."},{"$i":"emMmiErrorMmiFdn","$v":"La operación solo es válida para números de marcación fija."},{"$i":"emMmiErrorStkCcUssdDial","$v":"Solicitud USSD cambiada por solicitud DIAL"},{"$i":"emMmiErrorStkCcUssdSs","$v":"Solicitud USSD cambiada por solicitud SS"},{"$i":"emMmiErrorStkCcUssdUssd","$v":"Solicitud USSD cambiada por otra solicitud USSD"},{"$i":"emMmiErrorStkCcSsDial","$v":"Solicitud SS cambiada por solicitud DIAL"},{"$i":"emMmiErrorStkCcSsUssd","$v":"Solicitud SS cambiada por solicitud USSD"},{"$i":"emMmiErrorStkCcSsSs","$v":"Solicitud SS cambiada por otra solicitud SS"},{"$i":"emMmiErrorPinPukAttempts","$v":{"few":[{"t":"idOrVar","v":"n"}," intentos restantes"],"many":[{"t":"idOrVar","v":"n"}," intentos restantes"],"one":[{"t":"idOrVar","v":"n"}," intento restante"],"other":[{"t":"idOrVar","v":"n"}," intentos restantes"],"two":[{"t":"idOrVar","v":"n"}," intentos restantes"]},"$x":[{"t":"idOrVar","v":"plural"},"n"]},{"$i":"emMmiErrorSimBlocked","$v":"Se ha sobrepasado el número máximo de intentos. La SIM se ha bloqueado."},{"$i":"RadioNotAvailable","$v":"Radio no disponible"},{"$i":"GenericFailure","$v":"Error al llevar a cabo la solicitud."},{"$i":"PasswordIncorrect","$v":"Contraseña incorrecta"},{"$i":"SimPin2","$v":"PIN2 de SIM"},{"$i":"SimPuk2","$v":"PUK2 de SIM"},{"$i":"RequestNotSupported","$v":"Solicitud no admitida"},{"$i":"OpNotAllowedDuringVoiceCall","$v":"Operación no permitida durante una llamada de voz"},{"$i":"SmsSendFailRetry","$v":"Reintento de envío fallido de SMS"},{"$i":"SimAbsent","$v":"SIM ausente"},{"$i":"SubscriptionNotAvailable","$v":"Suscripción no disponible"},{"$i":"ModeNotSupported","$v":"Modo no admitido"},{"$i":"FdnCheckFailure","$v":"Error de comprobación de FDN"},{"$i":"IllegalSimOrMe","$v":"SIM o ME no permitida"},{"$i":"DialModifiedToUssd","$v":"Marcación modificada a USSD"},{"$i":"DialModifiedToSs","$v":"Marcación modificada a SS"},{"$i":"DialModifiedToDial","$v":"Marcación modificada a marcar"},{"$i":"UssdModifiedToDial","$v":"USSD cambiado a llamada"},{"$i":"UssdModifiedToSs","$v":"USSD cambiado a SS"},{"$i":"UssdModifiedToUssd","$v":"USSD cambiado a USSD"},{"$i":"SsModifiedToDial","$v":"SS cambiado a llamada"},{"$i":"SsModifiedToUssd","$v":"SS cambiado a USSD"},{"$i":"SsModifiedToSs","$v":"SS cambiado a SS"},{"$i":"SubscriptionNotSupported","$v":"Suscripción no admitida"},{"$i":"InvalidParameter","$v":"Parámetro no válido"},{"$i":"RejectedByRemote","$v":"Rechazado por remoto"},{"$i":"error","$v":"Error"}]