[{"$i":"weekday-0-long","$v":"Domingo"},{"$i":"weekday-1-long","$v":"Lunes"},{"$i":"weekday-2-long","$v":"Martes"},{"$i":"weekday-3-long","$v":"Miércoles"},{"$i":"weekday-4-long","$v":"Jueves"},{"$i":"weekday-5-long","$v":"Viernes"},{"$i":"weekday-6-long","$v":"Sábado"},{"$i":"weekday-0-short","$v":"dom."},{"$i":"weekday-1-short","$v":"lun."},{"$i":"weekday-2-short","$v":"mar."},{"$i":"weekday-3-short","$v":"mié."},{"$i":"weekday-4-short","$v":"jue."},{"$i":"weekday-5-short","$v":"vie."},{"$i":"weekday-6-short","$v":"sáb."},{"$i":"month-0-long","$v":"Enero"},{"$i":"month-1-long","$v":"Febrero"},{"$i":"month-2-long","$v":"Marzo"},{"$i":"month-3-long","$v":"Abril"},{"$i":"month-4-long","$v":"May"},{"$i":"month-5-long","$v":"Junio"},{"$i":"month-6-long","$v":"Julio"},{"$i":"month-7-long","$v":"Agosto"},{"$i":"month-8-long","$v":"Septiembre"},{"$i":"month-9-long","$v":"Octubre"},{"$i":"month-10-long","$v":"Noviembre"},{"$i":"month-11-long","$v":"Diciembre"},{"$i":"month-0-genitive","$v":"Enero"},{"$i":"month-1-genitive","$v":"Febrero"},{"$i":"month-2-genitive","$v":"Marzo"},{"$i":"month-3-genitive","$v":"Abril"},{"$i":"month-4-genitive","$v":"May"},{"$i":"month-5-genitive","$v":"Junio"},{"$i":"month-6-genitive","$v":"Julio"},{"$i":"month-7-genitive","$v":"Agosto"},{"$i":"month-8-genitive","$v":"Septiembre"},{"$i":"month-9-genitive","$v":"Octubre"},{"$i":"month-10-genitive","$v":"Noviembre"},{"$i":"month-11-genitive","$v":"Diciembre"},{"$i":"month-0-short","$v":"Ene"},{"$i":"month-1-short","$v":"Feb"},{"$i":"month-2-short","$v":"Mar"},{"$i":"month-3-short","$v":"Abr"},{"$i":"month-4-short","$v":"May"},{"$i":"month-5-short","$v":"Jun"},{"$i":"month-6-short","$v":"Jul"},{"$i":"month-7-short","$v":"Ago"},{"$i":"month-8-short","$v":"Sep"},{"$i":"month-9-short","$v":"Oct"},{"$i":"month-10-short","$v":"Nov"},{"$i":"month-11-short","$v":"Dec"},{"$i":"minutes-ago-long","$v":{"few":["hace ",{"t":"idOrVar","v":"value"}," minutos"],"many":["hace ",{"t":"idOrVar","v":"value"}," minutos"],"other":["hace ",{"t":"idOrVar","v":"value"}," minutos"],"two":["hace ",{"t":"idOrVar","v":"value"}," minutos"],"one":"hace un minuto","zero":"Justo ahora"},"$x":[{"t":"idOrVar","v":"plural"},"value"]},{"$i":"hours-ago-long","$v":{"few":["hace ",{"t":"idOrVar","v":"value"}," horas"],"many":["hace ",{"t":"idOrVar","v":"value"}," horas"],"other":["hace ",{"t":"idOrVar","v":"value"}," horas"],"two":["hace ",{"t":"idOrVar","v":"value"}," horas"],"one":"hace una hora","zero":"Justo ahora"},"$x":[{"t":"idOrVar","v":"plural"},"value"]},{"$i":"days-ago-long","$v":{"few":["hace ",{"t":"idOrVar","v":"value"}," días"],"many":["hace ",{"t":"idOrVar","v":"value"}," días"],"one":"ayer","other":["hace ",{"t":"idOrVar","v":"value"}," días"],"two":["hace ",{"t":"idOrVar","v":"value"}," días"],"zero":"hoy"},"$x":[{"t":"idOrVar","v":"plural"},"value"]},{"$i":"weeks-ago-long","$v":{"few":["hace ",{"t":"idOrVar","v":"value"}," semanas"],"many":["hace ",{"t":"idOrVar","v":"value"}," semanas"],"one":"la semana pasada","other":["hace ",{"t":"idOrVar","v":"value"}," semanas"],"two":["hace ",{"t":"idOrVar","v":"value"}," semanas"],"zero":"esta semana"},"$x":[{"t":"idOrVar","v":"plural"},"value"]},{"$i":"months-ago-long","$v":{"few":["hace ",{"t":"idOrVar","v":"value"}," meses"],"many":["hace ",{"t":"idOrVar","v":"value"}," meses"],"one":"el último mes","other":["hace ",{"t":"idOrVar","v":"value"}," meses"],"two":["hace ",{"t":"idOrVar","v":"value"}," meses"],"zero":"este mes"},"$x":[{"t":"idOrVar","v":"plural"},"value"]},{"$i":"years-ago-long","$v":{"few":["hace ",{"t":"idOrVar","v":"value"}," años"],"many":["hace ",{"t":"idOrVar","v":"value"}," años"],"one":"el año pasado","other":["hace ",{"t":"idOrVar","v":"value"}," años"],"two":["hace ",{"t":"idOrVar","v":"value"}," años"],"zero":"este año"},"$x":[{"t":"idOrVar","v":"plural"},"value"]},{"$i":"minutes-until-long","$v":{"few":["en ",{"t":"idOrVar","v":"value"}," minutos"],"many":["en ",{"t":"idOrVar","v":"value"}," minutos"],"other":["en ",{"t":"idOrVar","v":"value"}," minutos"],"two":["en ",{"t":"idOrVar","v":"value"}," minutos"],"zero":"ahora","one":"en un minuto"},"$x":[{"t":"idOrVar","v":"plural"},"value"]},{"$i":"hours-until-long","$v":{"few":["en ",{"t":"idOrVar","v":"value"}," horas"],"many":["en ",{"t":"idOrVar","v":"value"}," horas"],"other":["en ",{"t":"idOrVar","v":"value"}," horas"],"two":["en ",{"t":"idOrVar","v":"value"}," horas"],"zero":"ahora","one":"en una hora"},"$x":[{"t":"idOrVar","v":"plural"},"value"]},{"$i":"days-until-long","$v":{"few":["en ",{"t":"idOrVar","v":"value"}," días"],"many":["en ",{"t":"idOrVar","v":"value"}," días"],"one":"mañana","other":["en ",{"t":"idOrVar","v":"value"}," días"],"two":["en ",{"t":"idOrVar","v":"value"}," días"],"zero":"hoy"},"$x":[{"t":"idOrVar","v":"plural"},"value"]},{"$i":"weeks-until-long","$v":{"few":["en ",{"t":"idOrVar","v":"value"}," semanas"],"many":["en ",{"t":"idOrVar","v":"value"}," semanas"],"one":"la semana que viene","other":["en ",{"t":"idOrVar","v":"value"}," semanas"],"two":["en ",{"t":"idOrVar","v":"value"}," semanas"],"zero":"esta semana"},"$x":[{"t":"idOrVar","v":"plural"},"value"]},{"$i":"months-until-long","$v":{"few":["en ",{"t":"idOrVar","v":"value"}," meses"],"many":["en ",{"t":"idOrVar","v":"value"}," meses"],"one":"el próximo mes","other":["en ",{"t":"idOrVar","v":"value"}," meses"],"two":["en ",{"t":"idOrVar","v":"value"}," meses"],"zero":"este mes"},"$x":[{"t":"idOrVar","v":"plural"},"value"]},{"$i":"years-until-long","$v":{"few":["en ",{"t":"idOrVar","v":"value"}," años"],"many":["en ",{"t":"idOrVar","v":"value"}," años"],"one":"el próximo año","other":["en ",{"t":"idOrVar","v":"value"}," años"],"two":["en ",{"t":"idOrVar","v":"value"}," años"],"zero":"este año"},"$x":[{"t":"idOrVar","v":"plural"},"value"]},{"$i":"minutes-ago-short","$v":{"other":["hace ",{"t":"idOrVar","v":"value"},"m"],"zero":"Justo ahora"},"$x":[{"t":"idOrVar","v":"plural"},"value"]},{"$i":"hours-ago-short","$v":{"other":["hace ",{"t":"idOrVar","v":"value"},"h"],"zero":"Justo ahora"},"$x":[{"t":"idOrVar","v":"plural"},"value"]},{"$i":"days-ago-short","$v":{"other":["hace ",{"t":"idOrVar","v":"value"},"d"],"zero":"hoy"},"$x":[{"t":"idOrVar","v":"plural"},"value"]},{"$i":"minutes-until-short","$v":{"other":["en ",{"t":"idOrVar","v":"value"},"m"],"zero":"ahora"},"$x":[{"t":"idOrVar","v":"plural"},"value"]},{"$i":"hours-until-short","$v":{"other":["en ",{"t":"idOrVar","v":"value"},"h"],"zero":"ahora"},"$x":[{"t":"idOrVar","v":"plural"},"value"]},{"$i":"days-until-short","$v":{"other":["en ",{"t":"idOrVar","v":"value"},"d"],"zero":"hoy"},"$x":[{"t":"idOrVar","v":"plural"},"value"]},{"$i":"incorrectDate","$v":"(fecha incorrecta)"},{"$i":"dateTimeFormat_%c","$v":"%a %b %e %Y %I:%M:%S %p"},{"$i":"dateTimeFormat_%x","$v":"%d/%m/%Y"},{"$i":"dateTimeFormat_%X","$v":"%I:%M:%S %p"},{"$i":"shortTimeFormat","$v":"%I:%M %p"},{"$i":"shortTimeFormat12","$v":"%I:%M %p"},{"$i":"shortTimeFormat24","$v":"%H:%M"},{"$i":"shortDateTimeFormat","$v":"%x %I:%M %p"},{"$i":"weekStartsOnMonday","$v":"0.0"},{"$i":"firstDayOfTheWeek","$v":"0.0"},{"$i":"time_am","$v":"AM"},{"$i":"time_pm","$v":"PM"},{"$i":"airplaneMode","$v":"Modo vuelo"},{"$i":"searching","$v":"Buscando..."},{"$i":"noNetwork","$v":"Sin red"},{"$i":"roaming","$v":[{"t":"idOrVar","v":"operator"}," (Itinerante)"]},{"$i":"operator-info","$v":[{"t":"idOrVar","v":"carrier"}," ",{"t":"idOrVar","v":"region"}]},{"$i":"emergencyCallsOnly","$v":"Solo llamadas de emergencia"},{"$i":"emergencyCallsOnly-unknownSIMState","$v":"(estado SIM desconocido)"},{"$i":"emergencyCallsOnly-noSIM","$v":"(sin SIM)"},{"$i":"emergencyCallsOnly-pinRequired","$v":"(PIN de SIM requerido)"},{"$i":"emergencyCallsOnly-pukRequired","$v":"(PUK de SIM requerido)"},{"$i":"emergencyCallsOnly-networkLocked","$v":"(red bloqueada)"},{"$i":"emergencyCallsOnly-serviceProviderLocked","$v":"(proveedor del servicio bloqueado)"},{"$i":"emergencyCallsOnly-corporateLocked","$v":"(corporativo bloqueado)"},{"$i":"emergencyCallsOnly-network1Locked","$v":"(red1 bloqueada)"},{"$i":"emergencyCallsOnly-network2Locked","$v":"(red2 bloqueada)"},{"$i":"emergencyCallsOnly-hrpdNetworkLocked","$v":"(red hrpd bloqueada)"},{"$i":"emergencyCallsOnly-ruimCorporateLocked","$v":"(corporativo ruim bloqueada)"},{"$i":"emergencyCallsOnly-ruimServiceProviderLocked","$v":"(proveedor del servicio ruim bloqueado)"},{"$i":"lockscreen-sim-id","$v":["SIM ",{"t":"idOrVar","v":"n"}]},{"$i":"charging-no-time","$v":[{"t":"idOrVar","v":"level"},"% Cargado"]},{"$i":"charging-minutes","$v":{"few":[{"t":"idOrVar","v":"level"},"% Cargado (",{"t":"idOrVar","v":"minutes"}," minutos hasta totalmente cargado)"],"many":[{"t":"idOrVar","v":"level"},"% Cargado (",{"t":"idOrVar","v":"minutes"}," minutos hasta totalmente cargado)"],"one":[{"t":"idOrVar","v":"level"},"% Cargado (",{"t":"idOrVar","v":"minutes"}," minuto hasta totalmente cargado)"],"other":[{"t":"idOrVar","v":"level"},"% Cargado (",{"t":"idOrVar","v":"minutes"}," minutos hasta totalmente cargado)"],"two":[{"t":"idOrVar","v":"level"},"% Cargado (",{"t":"idOrVar","v":"minutes"}," minutos hasta totalmente cargado)"],"zero":[{"t":"idOrVar","v":"level"},"% Cargado (",{"t":"idOrVar","v":"minutes"}," minutos hasta totalmente cargado)"]},"$x":[{"t":"idOrVar","v":"plural"},"minutes"]},{"$i":"charging-hours","$v":{"few":[{"t":"idOrVar","v":"level"},"% Cargado (",{"t":"idOrVar","v":"hours"},"h ",{"t":"idOrVar","v":"minutes"}," minutos hasta totalmente cargado)"],"many":[{"t":"idOrVar","v":"level"},"% Cargado (",{"t":"idOrVar","v":"hours"},"h ",{"t":"idOrVar","v":"minutes"}," minutos hasta totalmente cargado)"],"one":[{"t":"idOrVar","v":"level"},"% Cargado (",{"t":"idOrVar","v":"hours"},"h ",{"t":"idOrVar","v":"minutes"}," minuto hasta totalmente cargado)"],"other":[{"t":"idOrVar","v":"level"},"% Cargado (",{"t":"idOrVar","v":"hours"},"h ",{"t":"idOrVar","v":"minutes"}," minutos hasta totalmente cargado)"],"two":[{"t":"idOrVar","v":"level"},"% Cargado (",{"t":"idOrVar","v":"hours"},"h ",{"t":"idOrVar","v":"minutes"}," minutos hasta totalmente cargado)"],"zero":[{"t":"idOrVar","v":"level"},"% Cargado (",{"t":"idOrVar","v":"hours"},"h ",{"t":"idOrVar","v":"minutes"}," minutos hasta totalmente cargado)"]},"$x":[{"t":"idOrVar","v":"plural"},"minutes"]},{"$i":"phoneNumberInput","ariaLabel":"Número de teléfono"},{"$i":"keypadDelete","ariaLabel":"Eliminar"},{"$i":"voiceMailKey","ariaLabel":"Correo de voz"},{"$i":"asterisk","ariaLabel":"Asterisco"},{"$i":"hashSign","ariaLabel":"Símbolo de almohadilla"},{"$i":"cancel","$v":"Cancelar"},{"$i":"loadingSimContacts","$v":"Cargando contactos tarjeta SIM"},{"$i":"noContactsWereFound","$v":"No se encontraron contactos"},{"$i":"noContactsFoundDialogOk","$v":"OK"},{"$i":"emergencyNumber","$v":"Número de emergencia"},{"$i":"callAirplaneModeMessage","$v":"Para realizar una llamada deberá desactivar el modo vuelo en Ajustes."},{"$i":"callAirplaneModeBtnOk","$v":"OK"},{"$i":"callAirplaneModeTitle","$v":"Modo vuelo activado"},{"$i":"numberIsBusyTitle","$v":"El número está ocupado"},{"$i":"numberIsBusyMessage","$v":"El número está ocupado en estos momentos. Inténtelo de nuevo más tarde."},{"$i":"fdnIsActiveTitle","$v":"FDN activo"},{"$i":"fdnIsActiveMessage","$v":["FDN (números de marcación fija) está activado y el siguiente número no aparece en su lista de FDN: ",{"t":"idOrVar","v":"number"}]},{"$i":"emergencyDialogBodyBadNumber","$v":"Para realizar una llamada, el teléfono debe estar conectado a una red."},{"$i":"emergencyDialogBodyDeviceNotAccepted","$v":"La red no permite las llamadas de emergencia."},{"$i":"emergencyDialogBtnOk","$v":"OK"},{"$i":"emergencyDialogTitle","$v":"No hay conexión de red"},{"$i":"invalidNumberToDialTitle","$v":"Número de teléfono no válido"},{"$i":"invalidNumberToDialMessage","$v":"El número de teléfono al que llama no es válido."},{"$i":"unableToCallTitle","$v":"No se puede realizar una llamada."},{"$i":"unableToCallMessage","$v":"No se puede realizar la llamada de teléfono ahora."},{"$i":"otherConnectionInUseTitle","$v":"Otra conexión en uso"},{"$i":"otherConnectionInUseMessage","$v":"Puede realizar una llamada activa en otra conexión. Solamente puede usar una conexión cada vez."},{"$i":"connectingEllipsis","$v":"Conectando..."},{"$i":"clear","$v":"Borrar"},{"$i":"dialer","$v":"Marcador"},{"$i":"vt-incoming-call","$v":"Videollamada entrante..."},{"$i":"kai-incoming-call","$v":"Llamada entrante"},{"$i":"kai-in-call","$v":"En una llamada"},{"$i":"kai-answer","$v":"Responder"},{"$i":"kai-end-answer","$v":"Terminar y responder"},{"$i":"kai-decline","$v":"Rechazar"},{"$i":"enter-passcode","$v":"Ingrese la contraseña para desbloquear la pantalla."},{"$i":"passcode-error","$v":"Código inválido. Inténtelo de nuevo."},{"$i":"lockscreenInvalidCode","$v":"Código no válido."},{"$i":"lockscreenColdDown","$v":["Código no válido. Inténtelo en ",{"t":"idOrVar","v":"n"},"."]},{"$i":"lockscreenCheckLockCode","$v":{"few":["Código no válido. Quedan ",{"t":"idOrVar","v":"n"}," intentos."],"one":["Código no válido. Queda ",{"t":"idOrVar","v":"n"}," intento."],"other":["Código no válido. Quedan ",{"t":"idOrVar","v":"n"}," intentos."],"two":["Código no válido. Quedan ",{"t":"idOrVar","v":"n"}," intentos."]},"$x":[{"t":"idOrVar","v":"plural"},"n"]},{"$i":"videoCall","$v":"Videollamada"},{"$i":"voice-call","$v":"Cambiar a voz"},{"$i":"video-call","$v":"Cambiar a video"},{"$i":"message","$v":"Mensaje"},{"$i":"answer-rtt-call","$v":"Responder RTT"},{"$i":"req-rtt-call","$v":"RESP. RTT"},{"$i":"rtt-call","$v":"Llamada RTT"},{"$i":"rtt-view","$v":"Visor RTT"},{"$i":"change-to-rtt-call","$v":"Conectando llamada RTT..."},{"$i":"change-to-voice-call","$v":"Cambiar a llamada de voz."},{"$i":"upgrading-rtt","$v":"Actualizando a llamada RTT..."},{"$i":"rtt-call-failed","$v":"Error en la llamada RR."},{"$i":"voice-call-failed","$v":"Error en la llamada de voz."},{"$i":"rtt","$v":"RTT"},{"$i":"rtt-emegency-upgrade-rejected","$v":"La llamada RTT no está disponible para esta llamada al 911."},{"$i":"rtt-emegency-downgrade","$v":"La llamada RTT no está disponible para esta llamada al 911. La llamada se ha conectado a una llamada sólo de voz. Si tiene algún problema, deje un mensaje de voz o redirija la llamada al 911."},{"$i":"voice-only-call","$v":"Su llamada se ha conectado como llamada sólo de voz."},{"$i":"ans-rtt-failed","$v":"Error al establecer la llamada RTT. Su llamada se ha conectado como llamada de solo voz."},{"$i":"back","$v":"Volver"},{"$i":"new-message","$v":"Nuevos mensajes de"},{"$i":"kai-mute","$v":"Silenciar"},{"$i":"kai-unmute","$v":"Activar micro."},{"$i":"kai-speaker","$v":"Altavoz"},{"$i":"kai-speaker-off","$v":"Apagar altavoz"},{"$i":"kai-microphone-mute-notification","$v":"Micrófono silenciado"},{"$i":"kai-microphone-active-notification","$v":"Micrófono activo"},{"$i":"kai-speaker-off-notification","$v":"Altavoz externo apagado"},{"$i":"kai-speaker-on-notification","$v":"Altavoz externo encendido"},{"$i":"kai-hold-and-answer","$v":"Poner en espera y Responder"},{"$i":"kai-ignore-call","$v":"Ignorar llamada entrante"},{"$i":"kai-add-to-call","$v":"Añadir llamada"},{"$i":"kai-switch-to-second-line","$v":"Intercambiar llamadas"},{"$i":"kai-merge-calls","$v":"Fusionar llamadas"},{"$i":"ok","$v":"Ok"},{"$i":"losing-wifi-msg","$v":"pérdida de Wi-Fi"},{"$i":"personal","$v":"Personal"},{"$i":"mobile","$v":"Móvil"},{"$i":"home","$v":"Casa"},{"$i":"work","$v":"Trabajo"},{"$i":"other","$v":"Otros"},{"$i":"fax-home","$v":"Fax de casa"},{"$i":"fax-office","$v":"Fax de la oficina"},{"$i":"fax-other","$v":"Otro fax"},{"$i":"hd","$v":"HD"},{"$i":"manage-call","$v":"Administrar llamadas"},{"$i":"end","$v":"fin"},{"$i":"private","$v":"Privado"},{"$i":"sound","$v":"Sonido"},{"$i":"bluetooth-device","$v":"Dispositivo Bluetooth"},{"$i":"handset-earpiece","$v":"Auricular"},{"$i":"speaker","$v":"Altavoz"},{"$i":"call-ended","$v":"Llamada finalizada"},{"$i":"payphone","$v":"Teléfono público"},{"$i":"contact","$v":"Contactos"},{"$i":"dialer-prompt","$v":"Marcar número o seleccionar contacto para añadir a llamada"},{"$i":"call","$v":"Llamada"},{"$i":"hold","$v":"Espera"},{"$i":"callHeldDuration","$v":["Mantenga pulsado (",{"t":"idOrVar","v":"duration"},")"]},{"$i":"volume","$v":"Volumen"},{"$i":"softkey-options","$v":"Opciones"},{"$i":"unhold-call","$v":"Reanudar llamada"},{"$i":"hold-call","$v":"Llamada en espera"},{"$i":"select","$v":"Selec."},{"$i":"unknown","$v":"Desconocida"},{"$i":"switch-calls","$v":"Intercambiar llamadas"},{"$i":"voiceMail","$v":"Correo de voz"},{"$i":"incoming","$v":"Entrante"},{"$i":"outgoing","$v":"Saliente"},{"$i":"callEnded","$v":"Llamada finalizada"},{"$i":"callEndedDuration","$v":["Llamada finalizada (",{"t":"idOrVar","v":"duration"},")"]},{"$i":"conferenceAddError","$v":"No se pueden fusionar las llamadas"},{"$i":"conferenceRemoveError","$v":"No se pueden separar los llamados."},{"$i":"valid-number","$v":"Número válido"},{"$i":"numberBlockedMessage","$v":"El número está bloqueado. Puede pedir permiso a sus padres."},{"$i":"callDurationMinutes","$v":[{"t":"idOrVar","v":"m"},":",{"t":"idOrVar","v":"s"}]},{"$i":"callDurationHours","$v":[{"t":"idOrVar","v":"h"},":",{"t":"idOrVar","v":"m"},":",{"t":"idOrVar","v":"s"}]},{"$i":"switch-to-device-toast","$v":"Cambio a dispositivo bluetooth"},{"$i":"switch-to-handset-toast","$v":"Cambiado a auriculares"},{"$i":"switch-to-speaker-toast","$v":"Cambio a altavoz"},{"$i":"connecting","$v":"Conectando"},{"$i":"wifi-call-quality-excellent","$v":"Excelente"},{"$i":"wifi-call-quality-fair","$v":"Aceptable"},{"$i":"wifi-call-quality-bad","$v":"Mala"},{"$i":"call-left-conference-toast","$v":"ha abandonado la llamada"},{"$i":"camera-off","$v":"Cámara apagada"},{"$i":"camera-on","$v":"Cámara activada"},{"$i":"rear-camera","$v":"Cámara posterior"},{"$i":"front-camera","$v":"Cámara frontal"},{"$i":"hide-info","$v":"Ocultar información"},{"$i":"show-info","$v":"Mostrar información"},{"$i":"video-call-rejected","$v":"La videollamada se ha rechazado, realice una llamada de voz."},{"$i":"video-call-not-support","$v":"No se admiten las videollamada."},{"$i":"video-call-rejected-timeout","$v":"Videollamada rechazada o en espera."},{"$i":"video-call-from","$v":["Está recibiendo una videollamada de ",{"t":"idOrVar","v":"name"},"."]},{"$i":"video-call-canceled","$v":"Se canceló la videollamada."},{"$i":"video-call-failed","$v":"No se ha podido realizar la videollamada."},{"$i":"call-downgraded","$v":"Se ha reducido la calidad de la llamada."},{"$i":"wifi-calling","$v":"Llamada de Wi-Fi"},{"$i":"wifi-calling-1","$v":"Es posible que su llamada se interrumpa."},{"$i":"wifi-calling-2","$v":"Usted está casi fuera del alcance de la cobertura Wi-Fi."},{"$i":"wifi-calling-dropped","$v":"La llamada Wi-Fi se ha interrumpido."},{"$i":"accept","$v":"Aceptar"},{"$i":"conference-call-num","$v":[{"t":"idOrVar","v":"num"}," personas en la llamada"]},{"$i":"more","$v":"Más"},{"$i":"rec","$v":"GRABAR"},{"$i":"start-recording-call","$v":"Iniciar la grabación de la llamada."},{"$i":"stop-recording-call","$v":"Detener la grabación de la llamada."},{"$i":"insufficient-storage","$v":"Almacenamiento insuficiente Grabación detenida."},{"$i":"confirmation","$v":"Confirmación"},{"$i":"get-empty-ussd","$v":"Se ha recibido una respuesta nula."},{"$i":"message-sent","$v":"Mensaje enviado."},{"$i":"messages","$v":"Mensajes"},{"$i":"wait","$v":"Espere..."},{"$i":"send","$v":"Enviar"},{"$i":"reply","$v":"Responder"},{"$i":"reply-message-1","$v":"Lo siento, ahora no puedo hablar."},{"$i":"reply-message-2","$v":"Estoy de camino."},{"$i":"reply-message-3","$v":"¿Puedo llamarte luego?"},{"$i":"reply-message-4","$v":"Personalizado..."},{"$i":"reply-to-name","$v":["Se ha respondido a ",{"t":"idOrVar","v":"name"}]},{"$i":"call-busy-error","$v":"NUMERO OCUPADO "},{"$i":"call-bad-number-error","$v":"NUMERO NO ESTA EN USO"},{"$i":"call-no-route-to-destination-error","$v":"Sin ruta al destino"},{"$i":"call-channel-unacceptable-error","$v":"Canal inaceptable"},{"$i":"call-operator-determined-barring-error","$v":"Restricción determinada por el operador"},{"$i":"call-normal-call-clearing-error","$v":"LLAMADA TERMINADA"},{"$i":"call-no-user-responding-error","$v":"NO HAY RESPUESTA"},{"$i":"call-user-alerting-no-answer-error","$v":"NO HAY RESPUESTA "},{"$i":"call-call-rejected-error","$v":"NO HAY RESPUESTA"},{"$i":"call-number-changed-error","$v":"Número cambiado"},{"$i":"call-pre-emption-error","$v":"Interrupcion"},{"$i":"call-destination-out-of-order-error","$v":"Destino fuera de servicio"},{"$i":"call-invalid-number-format-error","$v":"Formato de número no válido"},{"$i":"call-facility-rejected-error","$v":"Instalación rechazada"},{"$i":"call-response-to-status-enquiry-error","$v":"Respuesta a"},{"$i":"call-unspecified-error","$v":"LLAMADA TERMINADA"},{"$i":"call-congestion-error","$v":"No hay circuito/canal disponible"},{"$i":"call-network-out-of-order-error","$v":"Red fuera de servicio "},{"$i":"call-network-temp-failure-error","$v":"Fallo temporal"},{"$i":"call-switching-equip-congestion-error","$v":"Congestión de equipos de conmutación"},{"$i":"call-access-info-discarded-error","$v":"Información de acceso descartada "},{"$i":"call-requested-channel-not-available-error","$v":"RED OCUPADA/NO CONECTA "},{"$i":"call-resource-unavailable-error","$v":"RED OCUPADA/NO CONECTA"},{"$i":"call-qos-unavailable-error","$v":"Calidad de servicio no disponible"},{"$i":"call-requested-facility-not-subscribed-error","$v":"Instalación solicitada no suscrita"},{"$i":"call-incoming-calls-barred-within-cug-error","$v":"Llamadas entrantes bloqueadas dentro del CUG"},{"$i":"call-bearer-capability-not-authorized-error","$v":"Capacidad portadora no autorizada"},{"$i":"call-bearer-capability-not-available-error","$v":"Capacidad portadora no disponible actualmente"},{"$i":"call-service-not-available-error","$v":"Servicio u opción no disponible, sin especificar"},{"$i":"call-bearer-not-implemented-error","$v":"Servicio portador no implementado"},{"$i":"call-incoming-call-exceeded-error","$v":"ACM igual a mayor que ACMmax"},{"$i":"call-requested-facility-not-implemented-error","$v":"Instalación solicitada no implementada "},{"$i":"call-unrestricted-bearer-not-available-error","$v":"Solo está disponible la capacidad de portador de información digital restringida"},{"$i":"call-service-not-implemented-error","$v":"Servicio u opción no implementada, no especificada"},{"$i":"call-invalid-transaction-id-error","$v":"Valor de identificador de transacción no válido "},{"$i":"call-not-cug-member-error","$v":"Usuario no miembro de CUG"},{"$i":"call-incompatible-destination-error","$v":"Destino incompatible "},{"$i":"call-invalid-transit-network-selection-error","$v":"Selección de red de tránsito no válida"},{"$i":"call-semantically-incorrect-message-error","$v":"Mensaje semánticamente incorrecto "},{"$i":"call-invalid-mandatory-info-error","$v":"Información obligatoria no válida"},{"$i":"call-message-type-not-implemented-error","$v":"Tipo de mensaje: no compatible con el estado del protocolo"},{"$i":"call-message-type-incompatible-protocol-state-error","$v":"Tipo de mensaje no compatible con el estado del protocolo "},{"$i":"call-info-element-not-implemented-error","$v":"Elemento de información inexistente o no implementado"},{"$i":"call-conditionalIe-error","$v":"Error de IE condicional"},{"$i":"call-message-incompatible-protocol-state-error","$v":"Mensaje no compatible con el estado del protocolo "},{"$i":"call-recovery-on-timer-expiry-error","$v":"Recuperación al expirar el temporizador "},{"$i":"call-protocol-error","$v":"Error de protocolo, no especificado "},{"$i":"call-interworking-error","$v":"Interfuncionamiento, no especificado"},{"$i":"call-service-option-not-subscribed-error","$v":"SIN SUBSCRIPCION AL SERVICIO -33-"},{"$i":"call-unknown-pdp-address-type-error","$v":"FALLA DE AUTENTICACION -29-"},{"$i":"mt-call-on-hold","$v":"Se ha pausado la llamada."},{"$i":"mt-call_retrieved","$v":"Se ha recuperado la llamada."},{"$i":"mt-multi_party_call","$v":"Se le ha añadido a una llamada grupal."},{"$i":"hangup-a11y-button","$v":""},{"$i":"pickup-a11y-button","$v":""},{"$i":"mute","$v":""},{"$i":"toggleKeypad","$v":""},{"$i":"newCall","$v":""},{"$i":"speakerOption","$v":""},{"$i":"bluetoothOption","$v":""},{"$i":"onHoldOption","$v":""},{"$i":"merge","$v":""},{"$i":"ignore","$v":""},{"$i":"dialerAddContact","$v":""},{"$i":"makeCall","$v":""},{"$i":"call-forwarding-async","$v":["Asincrónico: ",{"t":"idOrVar","v":"async"}]},{"$i":"call-forwarding-data","$v":["Datos: ",{"t":"idOrVar","v":"data"}]},{"$i":"call-forwarding-error","$v":"Ocurrió un error mientras se recuperaba el estado de reenvío de llamada"},{"$i":"call-forwarding-fax","$v":["FAX: ",{"t":"idOrVar","v":"fax"}]},{"$i":"call-forwarding-inactive","$v":"Inactivo"},{"$i":"call-forwarding-packet","$v":["Paquete: ",{"t":"idOrVar","v":"packet"}]},{"$i":"call-forwarding-pad","$v":["PAD: ",{"t":"idOrVar","v":"pad"}]},{"$i":"call-forwarding-sms","$v":["SMS: ",{"t":"idOrVar","v":"sms"}]},{"$i":"call-forwarding-status","$v":"Estado de reenvío de llamada"},{"$i":"call-forwarding-sync","$v":["Sincrónico: ",{"t":"idOrVar","v":"sync"}]},{"$i":"call-forwarding-voice","$v":["Voz: ",{"t":"idOrVar","v":"voice"}]},{"$i":"call-forwarding-reason","$v":["Reason: ",{"t":"idOrVar","v":"reason"}]},{"$i":"scCallBarring","$v":"Restricción de llamadas"},{"$i":"scCallForwarding","$v":"Desvío de llamadas"},{"$i":"scClip","$v":"ID del emisor de llamada entrante"},{"$i":"scClir","$v":"ID del emisor de llamada saliente"},{"$i":"scPwd","$v":"Cambio de contraseña"},{"$i":"scCallWaiting","$v":"Llamada en espera"},{"$i":"scPin","$v":"Cambio de PIN"},{"$i":"scPin2","$v":"Cambio de PIN2"},{"$i":"scPuk","$v":"Desbloquear PIN"},{"$i":"scPuk2","$v":"Desbloquear PIN2"},{"$i":"scImei","$v":"IMEI"},{"$i":"scMeid","$v":"MEID"},{"$i":"scUssd","$v":"USSD"},{"$i":"serviceClassVoice","$v":"Voz"},{"$i":"serviceClassData","$v":"Datos"},{"$i":"serviceClassFax","$v":"FAX"},{"$i":"serviceClassSms","$v":"SMS"},{"$i":"serviceClassDataSync","$v":"Sinc"},{"$i":"serviceClassDataAsync","$v":"Asinc"},{"$i":"serviceClassPacket","$v":"Paquete"},{"$i":"serviceClassPad","$v":"PAD"},{"$i":"smServiceEnabled","$v":"Servicio no habilitado"},{"$i":"smServiceDisabled","$v":"El servicio ha sido deshabilitado"},{"$i":"smServiceRegistered","$v":"Registro no exitoso"},{"$i":"smServiceErased","$v":"Borrado no exitoso"},{"$i":"smServiceInterrogated","$v":"Solicitud no exitosa"},{"$i":"smServiceNotProvisioned","$v":"Servicio no provisto"},{"$i":"smClirPermanent","$v":"Usted no puede cambiar el ajuste de la identificación de la llamada"},{"$i":"smClirDefaultOnNextCallOn","$v":"Predeterminados de identificación de llamada a restringirse. Próxima llamada: Restringida"},{"$i":"smClirDefaultOnNextCallOff","$v":"Predeterminados de identificación de llamada a restringirse. Próxima llamada: No restringido"},{"$i":"smClirDefaultOffNextCallOn","$v":"Predeterminado de identificación de llamada a no restringirse. Próxima llamada: Restringida"},{"$i":"smClirDefaultOffNextCallOff","$v":"Predeterminado de identificación de llamada a no restringirse. Próxima llamada: No restringido"},{"$i":"smServiceEnabledFor","$v":"Servicio no habilitado para:"},{"$i":"smPinChanged","$v":"PIN cambiado con éxito"},{"$i":"smPinUnblocked","$v":"PIN desbloqueado con éxito"},{"$i":"smPin2Changed","$v":"PIN2 cambiado con éxito"},{"$i":"smPin2Unblocked","$v":"PIN2 desbloqueado con éxito"},{"$i":"ServiceIsEnabled","$v":"El servicio no está habilitado"},{"$i":"ServiceIsDisabled","$v":"El servicio está deshabilitado"},{"$i":"ServiceIsEnabledFor","$v":"El servicio está habilitado para:"},{"$i":"emMmiError","$v":"Problema de conexión o código MMI inválido"},{"$i":"emMmiErrorPasswordIncorrect","$v":"Contraseña incorrecta"},{"$i":"emMmiErrorNotSupported","$v":"Código MMI inválido o no admitido"},{"$i":"emMmiErrorInvalidAction","$v":"Acción inválida"},{"$i":"emMmiErrorInvalidScCode","$v":"Código de servicio inválido"},{"$i":"emMmiErrorBadPuk","$v":"El PUK que ingresó no es correcto"},{"$i":"emMmiErrorBadPin","$v":"El PIN antiguo que ingresó no es correcto"},{"$i":"emMmiErrorNeedPuk2","$v":"Ingresar PUK2 para desbloquear tarjeta SIM"},{"$i":"emMmiErrorMismatchPin","$v":"Los PIN que ingresó no concuerdan"},{"$i":"emMmiErrorInvalidPin","$v":"Ingresar un PIN que tenga de 4 a 8 números"},{"$i":"emMmiErrorNeedsPuk","$v":"Su tarjeta SIM está bloqueada con PUK"},{"$i":"emMmiErrorEnablePin","$v":"No exitoso. Habilitar BLOQUEO SIM/RUIM"},{"$i":"emMmiErrorMmiFdn","$v":"La operación se restringe a números de discado fijos solamente"},{"$i":"emMmiErrorStkCcUssdDial","$v":"La solicitud USSD se modifica para la solicitud DISCADO"},{"$i":"emMmiErrorStkCcUssdSs","$v":"La solicitud USSD se modifica para la solicitud SS"},{"$i":"emMmiErrorStkCcUssdUssd","$v":"La solicitud USSD se modifica para la solicitud USSD nueva"},{"$i":"emMmiErrorStkCcSsDial","$v":"La solicitud SS se modifica para la solicitud DISCADO"},{"$i":"emMmiErrorStkCcSsUssd","$v":"La solicitud SS se modifica para la solicitud USSD"},{"$i":"emMmiErrorStkCcSsSs","$v":"La solicitud SS se modifica para la solicitud SS nueva"},{"$i":"emMmiErrorPinPukAttempts","$v":{"few":["Quedan ",{"t":"idOrVar","v":"n"}," reintentos"],"many":["Quedan ",{"t":"idOrVar","v":"n"}," reintentos"],"one":["Solamente queda ",{"t":"idOrVar","v":"n"}," reintento"],"other":["Quedan ",{"t":"idOrVar","v":"n"}," reintentos"],"two":["Quedan ",{"t":"idOrVar","v":"n"}," reintentos"]},"$x":[{"t":"idOrVar","v":"plural"},"n"]},{"$i":"emMmiErrorSimBlocked","$v":"Se excedió el número máximo de reintentos. SIM bloqueado"},{"$i":"RadioNotAvailable","$v":"Radio no disponible"},{"$i":"GenericFailure","$v":"Error al llevar a cabo la solicitud."},{"$i":"PasswordIncorrect","$v":"Contraseña incorrecta"},{"$i":"SimPin2","$v":"PIN2 de SIM"},{"$i":"SimPuk2","$v":"SIM PUK2"},{"$i":"RequestNotSupported","$v":"Solicitud no admitida"},{"$i":"OpNotAllowedDuringVoiceCall","$v":"Operación no permitida durante la llamada de voz"},{"$i":"SmsSendFailRetry","$v":"Reintento fallo enviar SMS"},{"$i":"SimAbsent","$v":"SIM ausente"},{"$i":"SubscriptionNotAvailable","$v":"Suscripción no disponible"},{"$i":"ModeNotSupported","$v":"Modo no admitido"},{"$i":"FdnCheckFailure","$v":"Falla comprobación Fdn"},{"$i":"IllegalSimOrMe","$v":"SIM o ME ilegal"},{"$i":"DialModifiedToUssd","$v":"Discado modificado a USSD"},{"$i":"DialModifiedToSs","$v":"Discado modificado a SS"},{"$i":"DialModifiedToDial","$v":"Discado modificado a discado"},{"$i":"UssdModifiedToDial","$v":"USSD modificado a discado"},{"$i":"UssdModifiedToSs","$v":"USSD modificado a USSD"},{"$i":"UssdModifiedToUssd","$v":"USSD modificado a USSD"},{"$i":"SsModifiedToDial","$v":"SS modificado a discado"},{"$i":"SsModifiedToUssd","$v":"SS modificado a USSD"},{"$i":"SsModifiedToSs","$v":"SS modificado a SS"},{"$i":"SubscriptionNotSupported","$v":"Suscripción no admitida"},{"$i":"InvalidParameter","$v":"Parámetro inválido"},{"$i":"RejectedByRemote","$v":"Rechazado por remoto"},{"$i":"error","$v":"Error"}]