[{"$i":"weekday-0-long","$v":"Pühapäev"},{"$i":"weekday-1-long","$v":"Esmaspäev"},{"$i":"weekday-2-long","$v":"Teisipäev"},{"$i":"weekday-3-long","$v":"Kolmapäev"},{"$i":"weekday-4-long","$v":"Neljapäev"},{"$i":"weekday-5-long","$v":"Reede"},{"$i":"weekday-6-long","$v":"Laupäev"},{"$i":"weekday-0-short","$v":"P"},{"$i":"weekday-1-short","$v":"E"},{"$i":"weekday-2-short","$v":"T"},{"$i":"weekday-3-short","$v":"K"},{"$i":"weekday-4-short","$v":"N"},{"$i":"weekday-5-short","$v":"R"},{"$i":"weekday-6-short","$v":"L"},{"$i":"month-0-long","$v":"Jaanuar"},{"$i":"month-1-long","$v":"Veebruar"},{"$i":"month-2-long","$v":"Märts"},{"$i":"month-3-long","$v":"Aprill"},{"$i":"month-4-long","$v":"Mai"},{"$i":"month-5-long","$v":"Juuni"},{"$i":"month-6-long","$v":"Juuli"},{"$i":"month-7-long","$v":"August"},{"$i":"month-8-long","$v":"September"},{"$i":"month-9-long","$v":"Oktoober"},{"$i":"month-10-long","$v":"November"},{"$i":"month-11-long","$v":"Detsember"},{"$i":"month-0-genitive","$v":"Jaanuar"},{"$i":"month-1-genitive","$v":"Veebruar"},{"$i":"month-2-genitive","$v":"Märts"},{"$i":"month-3-genitive","$v":"Aprill"},{"$i":"month-4-genitive","$v":"Mai"},{"$i":"month-5-genitive","$v":"Juuni"},{"$i":"month-6-genitive","$v":"Juuli"},{"$i":"month-7-genitive","$v":"August"},{"$i":"month-8-genitive","$v":"September"},{"$i":"month-9-genitive","$v":"Oktoober"},{"$i":"month-10-genitive","$v":"November"},{"$i":"month-11-genitive","$v":"Detsember"},{"$i":"month-0-short","$v":"jaan"},{"$i":"month-1-short","$v":"veebr"},{"$i":"month-2-short","$v":"märts"},{"$i":"month-3-short","$v":"apr"},{"$i":"month-4-short","$v":"Mai"},{"$i":"month-5-short","$v":"juuni"},{"$i":"month-6-short","$v":"juuli"},{"$i":"month-7-short","$v":"aug"},{"$i":"month-8-short","$v":"sept"},{"$i":"month-9-short","$v":"okt"},{"$i":"month-10-short","$v":"nov"},{"$i":"month-11-short","$v":"dets"},{"$i":"minutes-ago-long","$v":{"few":[{"t":"idOrVar","v":"value"}," minutit tagasi"],"many":[{"t":"idOrVar","v":"value"}," minutit tagasi"],"other":[{"t":"idOrVar","v":"value"}," minutit tagasi"],"two":[{"t":"idOrVar","v":"value"}," minutit tagasi"],"one":"üks minut tagasi","zero":"just nüüd"},"$x":[{"t":"idOrVar","v":"plural"},"value"]},{"$i":"hours-ago-long","$v":{"few":[{"t":"idOrVar","v":"value"}," tundi tagasi"],"many":[{"t":"idOrVar","v":"value"}," tundi tagasi"],"other":[{"t":"idOrVar","v":"value"}," tundi tagasi"],"two":[{"t":"idOrVar","v":"value"}," tundi tagasi"],"one":"1 tund tagasi","zero":"just nüüd"},"$x":[{"t":"idOrVar","v":"plural"},"value"]},{"$i":"days-ago-long","$v":{"few":[{"t":"idOrVar","v":"value"}," päeva tagasi"],"many":[{"t":"idOrVar","v":"value"}," päeva tagasi"],"one":"eile","other":[{"t":"idOrVar","v":"value"}," päeva tagasi"],"two":[{"t":"idOrVar","v":"value"}," päeva tagasi"],"zero":"täna"},"$x":[{"t":"idOrVar","v":"plural"},"value"]},{"$i":"weeks-ago-long","$v":{"few":[{"t":"idOrVar","v":"value"}," nädalat tagasi"],"many":[{"t":"idOrVar","v":"value"}," nädalat tagasi"],"one":"eelmine nädal","other":[{"t":"idOrVar","v":"value"}," nädalat tagasi"],"two":[{"t":"idOrVar","v":"value"}," nädalat tagasi"],"zero":"sel nädalal"},"$x":[{"t":"idOrVar","v":"plural"},"value"]},{"$i":"months-ago-long","$v":{"few":[{"t":"idOrVar","v":"value"}," kuud tagasi"],"many":[{"t":"idOrVar","v":"value"}," kuud tagasi"],"one":"eelmine kuu","other":[{"t":"idOrVar","v":"value"}," kuud tagasi"],"two":[{"t":"idOrVar","v":"value"}," kuud tagasi"],"zero":"see kuu"},"$x":[{"t":"idOrVar","v":"plural"},"value"]},{"$i":"years-ago-long","$v":{"few":[{"t":"idOrVar","v":"value"}," aastat tagasi"],"many":[{"t":"idOrVar","v":"value"}," aastat tagasi"],"one":"eelmine aasta","other":[{"t":"idOrVar","v":"value"}," aastat tagasi"],"two":[{"t":"idOrVar","v":"value"}," aastat tagasi"],"zero":"see aasta"},"$x":[{"t":"idOrVar","v":"plural"},"value"]},{"$i":"minutes-until-long","$v":{"few":[{"t":"idOrVar","v":"value"}," minuti pärast"],"many":[{"t":"idOrVar","v":"value"}," minuti pärast"],"other":[{"t":"idOrVar","v":"value"}," minuti pärast"],"two":[{"t":"idOrVar","v":"value"}," minuti pärast"],"zero":"kohe","one":"1 minutiga"},"$x":[{"t":"idOrVar","v":"plural"},"value"]},{"$i":"hours-until-long","$v":{"few":[{"t":"idOrVar","v":"value"}," tunni pärast"],"many":[{"t":"idOrVar","v":"value"}," tunni pärast"],"other":[{"t":"idOrVar","v":"value"}," tunni pärast"],"two":[{"t":"idOrVar","v":"value"}," tunni pärast"],"zero":"kohe","one":"1 tunni pärast"},"$x":[{"t":"idOrVar","v":"plural"},"value"]},{"$i":"days-until-long","$v":{"few":[{"t":"idOrVar","v":"value"}," päeva pärast"],"many":[{"t":"idOrVar","v":"value"}," päeva pärast"],"one":"homme","other":[{"t":"idOrVar","v":"value"}," päeva pärast"],"two":[{"t":"idOrVar","v":"value"}," päeva pärast"],"zero":"täna"},"$x":[{"t":"idOrVar","v":"plural"},"value"]},{"$i":"weeks-until-long","$v":{"few":[{"t":"idOrVar","v":"value"}," nädala pärast"],"many":[{"t":"idOrVar","v":"value"}," nädala pärast"],"one":"järgmine nädal","other":[{"t":"idOrVar","v":"value"}," nädala pärast"],"two":[{"t":"idOrVar","v":"value"}," nädala pärast"],"zero":"sel nädalal"},"$x":[{"t":"idOrVar","v":"plural"},"value"]},{"$i":"months-until-long","$v":{"few":[{"t":"idOrVar","v":"value"}," kuu pärast"],"many":[{"t":"idOrVar","v":"value"}," kuu pärast"],"one":"järgmine kuu","other":[{"t":"idOrVar","v":"value"}," kuu pärast"],"two":[{"t":"idOrVar","v":"value"}," kuu pärast"],"zero":"see kuu"},"$x":[{"t":"idOrVar","v":"plural"},"value"]},{"$i":"years-until-long","$v":{"few":[{"t":"idOrVar","v":"value"}," aasta pärast"],"many":[{"t":"idOrVar","v":"value"}," aasta pärast"],"one":"järgmine aasta","other":[{"t":"idOrVar","v":"value"}," aasta pärast"],"two":[{"t":"idOrVar","v":"value"}," aasta pärast"],"zero":"see aasta"},"$x":[{"t":"idOrVar","v":"plural"},"value"]},{"$i":"minutes-ago-short","$v":{"other":[{"t":"idOrVar","v":"value"}," m tagasi"],"zero":"just nüüd"},"$x":[{"t":"idOrVar","v":"plural"},"value"]},{"$i":"hours-ago-short","$v":{"other":[{"t":"idOrVar","v":"value"}," h tagasi"],"zero":"just nüüd"},"$x":[{"t":"idOrVar","v":"plural"},"value"]},{"$i":"days-ago-short","$v":{"other":[{"t":"idOrVar","v":"value"}," p tagasi"],"zero":"täna"},"$x":[{"t":"idOrVar","v":"plural"},"value"]},{"$i":"minutes-until-short","$v":{"other":[{"t":"idOrVar","v":"value"}," min pärast"],"zero":"kohe"},"$x":[{"t":"idOrVar","v":"plural"},"value"]},{"$i":"hours-until-short","$v":{"other":[{"t":"idOrVar","v":"value"},"h pärast"],"zero":"kohe"},"$x":[{"t":"idOrVar","v":"plural"},"value"]},{"$i":"days-until-short","$v":{"other":[{"t":"idOrVar","v":"value"},"p pärast"],"zero":"täna"},"$x":[{"t":"idOrVar","v":"plural"},"value"]},{"$i":"incorrectDate","$v":"(vale kuupäev)"},{"$i":"dateTimeFormat_%c","$v":"%a %b %e %Y %I:%M:%S %p"},{"$i":"dateTimeFormat_%x","$v":"%m/%d/%Y"},{"$i":"dateTimeFormat_%X","$v":"%I:%M:%S %p"},{"$i":"shortTimeFormat","$v":"%I:%M %p"},{"$i":"shortTimeFormat12","$v":"%I:%M %p"},{"$i":"shortTimeFormat24","$v":"%H:%M"},{"$i":"shortDateTimeFormat","$v":"%x %I:%M %p"},{"$i":"weekStartsOnMonday","$v":"0.0"},{"$i":"firstDayOfTheWeek","$v":"1.0"},{"$i":"time_am","$v":"AM"},{"$i":"time_pm","$v":"PM"},{"$i":"airplaneMode","$v":"Lennurežiim"},{"$i":"searching","$v":"Otsimine…"},{"$i":"noNetwork","$v":"Võrku pole"},{"$i":"roaming","$v":[{"t":"idOrVar","v":"operator"}," (Roaming)"]},{"$i":"operator-info","$v":[{"t":"idOrVar","v":"carrier"}," ",{"t":"idOrVar","v":"region"}]},{"$i":"emergencyCallsOnly","$v":"Ainult hädaabikõned"},{"$i":"emergencyCallsOnly-unknownSIMState","$v":"(teadmata SIM-i olek)"},{"$i":"emergencyCallsOnly-noSIM","$v":"(SIM puudub)"},{"$i":"emergencyCallsOnly-pinRequired","$v":"(SIM-kaardi PIN-kood nõutud)"},{"$i":"emergencyCallsOnly-pukRequired","$v":"(SIM-kaardi PUK-kood nõutud)"},{"$i":"emergencyCallsOnly-networkLocked","$v":"(võrk lukus)"},{"$i":"emergencyCallsOnly-serviceProviderLocked","$v":"(teenusepakkuja lukus)"},{"$i":"emergencyCallsOnly-corporateLocked","$v":"(ettevõtte lukus)"},{"$i":"emergencyCallsOnly-network1Locked","$v":"(võrk1 lukus)"},{"$i":"emergencyCallsOnly-network2Locked","$v":"(võrk2 lukus)"},{"$i":"emergencyCallsOnly-hrpdNetworkLocked","$v":"(hrpd võrk on lukustatud)"},{"$i":"emergencyCallsOnly-ruimCorporateLocked","$v":"(ruimi ettevõtte lukus)"},{"$i":"emergencyCallsOnly-ruimServiceProviderLocked","$v":"(ruimi teenusepakkuja lukus)"},{"$i":"lockscreen-sim-id","$v":["SIM ",{"t":"idOrVar","v":"n"}]},{"$i":"charging-no-time","$v":[{"t":"idOrVar","v":"level"},"% laetud"]},{"$i":"charging-minutes","$v":{"few":[{"t":"idOrVar","v":"level"},"% laetud (",{"t":"idOrVar","v":"minutes"}," minutit kuni täielikult laetud)"],"many":[{"t":"idOrVar","v":"level"},"% laetud (",{"t":"idOrVar","v":"minutes"}," minutit kuni täielikult laetud)"],"one":[{"t":"idOrVar","v":"level"},"% laetud (",{"t":"idOrVar","v":"minutes"}," min kuni täielikult laetud)"],"other":[{"t":"idOrVar","v":"level"},"% laetud (",{"t":"idOrVar","v":"minutes"}," minutit kuni täielikult laetud)"],"two":[{"t":"idOrVar","v":"level"},"% laetud (",{"t":"idOrVar","v":"minutes"}," minutit kuni täielikult laetud)"],"zero":[{"t":"idOrVar","v":"level"},"% laetud (",{"t":"idOrVar","v":"minutes"}," minutit kuni täielikult laetud)"]},"$x":[{"t":"idOrVar","v":"plural"},"minutes"]},{"$i":"charging-hours","$v":{"few":[{"t":"idOrVar","v":"level"},"% laetud (",{"t":"idOrVar","v":"hours"},"h ",{"t":"idOrVar","v":"minutes"}," minutit kuni täielikult laetud)"],"many":[{"t":"idOrVar","v":"level"},"% laetud (",{"t":"idOrVar","v":"hours"},"h ",{"t":"idOrVar","v":"minutes"}," minutit kuni täielikult laetud)"],"one":[{"t":"idOrVar","v":"level"},"% laetud (",{"t":"idOrVar","v":"hours"},"h ",{"t":"idOrVar","v":"minutes"}," min kuni täielikult laetud)"],"other":[{"t":"idOrVar","v":"level"},"% laetud (",{"t":"idOrVar","v":"hours"},"h ",{"t":"idOrVar","v":"minutes"}," minutit kuni täielikult laetud)"],"two":[{"t":"idOrVar","v":"level"},"% laetud (",{"t":"idOrVar","v":"hours"},"h ",{"t":"idOrVar","v":"minutes"}," minutit kuni täielikult laetud)"],"zero":[{"t":"idOrVar","v":"level"},"% laetud (",{"t":"idOrVar","v":"hours"},"h ",{"t":"idOrVar","v":"minutes"}," minutit kuni täielikult laetud)"]},"$x":[{"t":"idOrVar","v":"plural"},"minutes"]},{"$i":"phoneNumberInput","ariaLabel":"Telefoninumber"},{"$i":"keypadDelete","ariaLabel":"Kustuta"},{"$i":"voiceMailKey","ariaLabel":"Tavakõneteade"},{"$i":"asterisk","ariaLabel":"Tärn"},{"$i":"hashSign","ariaLabel":"Trellide märk"},{"$i":"cancel","$v":"Tühista"},{"$i":"loadingSimContacts","$v":"SIM-kaardi kontaktide laadimine..."},{"$i":"noContactsWereFound","$v":"Kontakte ei leitud"},{"$i":"noContactsFoundDialogOk","$v":"OK"},{"$i":"emergencyNumber","$v":"Hädaabinumber"},{"$i":"callAirplaneModeMessage","$v":"Helistamiseks peate seadetes lennurežiimi keelama."},{"$i":"callAirplaneModeBtnOk","$v":"OK"},{"$i":"callAirplaneModeTitle","$v":"Lennurežiim on aktiveeritud"},{"$i":"numberIsBusyTitle","$v":"Number on hõivatud"},{"$i":"numberIsBusyMessage","$v":"Number on hetkel hõivatud. Proovige hiljem uuesti."},{"$i":"fdnIsActiveTitle","$v":"FDN on aktiivne"},{"$i":"fdnIsActiveMessage","$v":["FDN (määratud numbrid) on aktiveeritud ja järgmist numbrit pole teie FDN-i nimekirjas: ",{"t":"idOrVar","v":"number"}]},{"$i":"emergencyDialogBodyBadNumber","$v":"Helistamiseks peab telefon olema võrku ühendatud."},{"$i":"emergencyDialogBodyDeviceNotAccepted","$v":"Hädaabikõned pole võrgus lubatud."},{"$i":"emergencyDialogBtnOk","$v":"OK"},{"$i":"emergencyDialogTitle","$v":"Võrguühendust pole"},{"$i":"invalidNumberToDialTitle","$v":"Kehtetu telefoninumber"},{"$i":"invalidNumberToDialMessage","$v":"Telefoninumber, millele helistate, ei ole kehtiv."},{"$i":"unableToCallTitle","$v":"Ei saa helistada. "},{"$i":"unableToCallMessage","$v":"Helistamine pole praegu võimalik"},{"$i":"otherConnectionInUseTitle","$v":"Kasutatav muu ühendus"},{"$i":"otherConnectionInUseMessage","$v":"Teil on aktiivne kõne teisel ühendusel. Saate kasutada ainult ühte ühendust korraga."},{"$i":"connectingEllipsis","$v":"Ühendamine ..."},{"$i":"clear","$v":"Kustuta"},{"$i":"dialer","$v":"Numbrivalija"},{"$i":"vt-incoming-call","$v":"Saabuv videokõne ..."},{"$i":"kai-incoming-call","$v":"Sissetulev kõne"},{"$i":"kai-in-call","$v":"Kõne ajal"},{"$i":"kai-answer","$v":"Vastus"},{"$i":"kai-end-answer","$v":"Lõpp ja vastus"},{"$i":"kai-decline","$v":"Lükka tagasi"},{"$i":"enter-passcode","$v":"Sisestage pääsukood ekraani avamiseks."},{"$i":"passcode-error","$v":"Vale kood. Proovige uuesti."},{"$i":"lockscreenInvalidCode","$v":"Vale kood."},{"$i":"lockscreenColdDown","$v":["Vale kood. Proovige ",{"t":"idOrVar","v":"n"}," pärast."]},{"$i":"lockscreenCheckLockCode","$v":{"few":["Vale kood. Jäänud on ",{"t":"idOrVar","v":"n"}," katset."],"one":["Vale kood. Jäänud on ",{"t":"idOrVar","v":"n"}," katse."],"other":["Vale kood. Jäänud on ",{"t":"idOrVar","v":"n"}," katset."],"two":["Vale kood. Jäänud on ",{"t":"idOrVar","v":"n"}," katset."]},"$x":[{"t":"idOrVar","v":"plural"},"n"]},{"$i":"videoCall","$v":"Videokõne"},{"$i":"voice-call","$v":"Telefonikõne"},{"$i":"video-call","$v":"Videokõne"},{"$i":"message","$v":"Sõnumid"},{"$i":"answer-rtt-call","$v":"Vasta RTT-ga"},{"$i":"req-rtt-call","$v":"ANS RTT"},{"$i":"rtt-call","$v":"RTT-kõne"},{"$i":"rtt-view","$v":"RTT vaade"},{"$i":"change-to-rtt-call","$v":"RTT-kõne ühendamine..."},{"$i":"change-to-voice-call","$v":"Muudeti tavakõneks."},{"$i":"upgrading-rtt","$v":"Täiendamine RTT-kõnele..."},{"$i":"rtt-call-failed","$v":"RTT-kõne nurjus."},{"$i":"voice-call-failed","$v":"Tavakõne nurjus."},{"$i":"rtt","$v":"RTT"},{"$i":"rtt-emegency-upgrade-rejected","$v":"Selle hädaabikõne jaoks pole RTT saadaval."},{"$i":"rtt-emegency-downgrade","$v":"Selle hädaabikõne jaoks pole RTT saadaval. Teie kõne ühendati tavakõnena. Kui teil on raskusi, kasutage abi kutsumiseks tava- või vahenduskõne."},{"$i":"voice-only-call","$v":"Teie kõne on ühendatud ainult häälkõnena."},{"$i":"ans-rtt-failed","$v":"RTT-kõne tegemine nurjus. Teie kõne on ühendatud ainult häälkõnena."},{"$i":"back","$v":"Tagasi"},{"$i":"new-message","$v":"Uued sõnumid kasutajalt"},{"$i":"kai-mute","$v":"Vaigista"},{"$i":"kai-unmute","$v":"Tühista vaigistamine"},{"$i":"kai-speaker","$v":"Kõlar"},{"$i":"kai-speaker-off","$v":"Kõlar välja lülitatud"},{"$i":"kai-microphone-mute-notification","$v":"Mikrofon on vaigistatud"},{"$i":"kai-microphone-active-notification","$v":"Mikrofon on aktiivne"},{"$i":"kai-speaker-off-notification","$v":"Väline kõlar välja lülitatud"},{"$i":"kai-speaker-on-notification","$v":"Väline kõlar on sisse lülitatud"},{"$i":"kai-hold-and-answer","$v":"Pange ootele ja vastake"},{"$i":"kai-ignore-call","$v":"Ignoreeri saabuvat kõnet"},{"$i":"kai-add-to-call","$v":"Lisage kõne"},{"$i":"kai-switch-to-second-line","$v":"Vaheta kõnet"},{"$i":"kai-merge-calls","$v":"Ühenda kõne"},{"$i":"ok","$v":"OK"},{"$i":"losing-wifi-msg","$v":"wifi kaotamine"},{"$i":"personal","$v":"Isiklik"},{"$i":"mobile","$v":"Mobiil"},{"$i":"home","$v":"Kodu"},{"$i":"work","$v":"Tööl"},{"$i":"other","$v":"Muu"},{"$i":"fax-home","$v":"Kodufaks"},{"$i":"fax-office","$v":"Kontori faks"},{"$i":"fax-other","$v":"Muu faks"},{"$i":"hd","$v":"HD"},{"$i":"manage-call","$v":"Kõne haldamine"},{"$i":"end","$v":"Lõpeta kõne"},{"$i":"private","$v":"Privaatne"},{"$i":"sound","$v":"Heli"},{"$i":"bluetooth-device","$v":"Bluetooth-seade"},{"$i":"handset-earpiece","$v":"Telefonitoru"},{"$i":"speaker","$v":"Kõlar"},{"$i":"call-ended","$v":"Kõne on lõpetatud"},{"$i":"payphone","$v":"Taksofon"},{"$i":"contact","$v":"Kontakt"},{"$i":"dialer-prompt","$v":"Valige number või valige kõnele lisatav kontakt"},{"$i":"call","$v":"Helistamine"},{"$i":"hold","$v":"Ootele"},{"$i":"callHeldDuration","$v":["Ootel (",{"t":"idOrVar","v":"duration"},")"]},{"$i":"volume","$v":"Helitugevus"},{"$i":"softkey-options","$v":"Valikud"},{"$i":"unhold-call","$v":"Eemalda kõne ootelt"},{"$i":"hold-call","$v":"Pane kõne ootele"},{"$i":"select","$v":"Vali"},{"$i":"unknown","$v":"Tundmatu"},{"$i":"switch-calls","$v":"Lülita kõned ümber"},{"$i":"voiceMail","$v":"Tavakõneteade"},{"$i":"incoming","$v":"Sissetulev"},{"$i":"outgoing","$v":"Väljuv"},{"$i":"callEnded","$v":"Kõne on lõpetatud"},{"$i":"callEndedDuration","$v":["Kõne lõpetatud (",{"t":"idOrVar","v":"duration"},")"]},{"$i":"conferenceAddError","$v":"Kõnesid pole võimalik mestida"},{"$i":"conferenceRemoveError","$v":"Kõnede lahutamine pole võimalik"},{"$i":"valid-number","$v":"Kehtiv arv"},{"$i":"numberBlockedMessage","$v":"See number on blokeeritud. Võite vanematelt luba küsida."},{"$i":"callDurationMinutes","$v":[{"t":"idOrVar","v":"m"},":",{"t":"idOrVar","v":"s"}]},{"$i":"callDurationHours","$v":[{"t":"idOrVar","v":"h"},":",{"t":"idOrVar","v":"m"},":",{"t":"idOrVar","v":"s"}]},{"$i":"switch-to-device-toast","$v":"Ümberlül. Bluetooth-seadm."},{"$i":"switch-to-handset-toast","$v":"Ümberlülitatud telefoni kuularile"},{"$i":"switch-to-speaker-toast","$v":"Ümberlülitatud kõlarile"},{"$i":"connecting","$v":"Ühendamine"},{"$i":"wifi-call-quality-excellent","$v":"Suurepärane"},{"$i":"wifi-call-quality-fair","$v":"Hea"},{"$i":"wifi-call-quality-bad","$v":"Halb"},{"$i":"call-left-conference-toast","$v":"on kõne lõpetanud"},{"$i":"camera-off","$v":"Kaamera väljas"},{"$i":"camera-on","$v":"Kaamera sees"},{"$i":"rear-camera","$v":"Tagakaamera"},{"$i":"front-camera","$v":"Esikaamera"},{"$i":"hide-info","$v":"Peida teave"},{"$i":"show-info","$v":"Kuva teavet"},{"$i":"video-call-rejected","$v":"Videokõne on tagasi lükatud, minge üle tavakõnele."},{"$i":"video-call-not-support","$v":"Videokõnet ei toetata."},{"$i":"video-call-rejected-timeout","$v":"Videokõne lükati tagasi või aegumine."},{"$i":"video-call-from","$v":["Saabuv videokõne kontaktilt ",{"t":"idOrVar","v":"name"},"."]},{"$i":"video-call-canceled","$v":"Videokõne on tühistatud."},{"$i":"video-call-failed","$v":"Videokõne nurjus."},{"$i":"call-downgraded","$v":"Kõne alandati."},{"$i":"wifi-calling","$v":"Wi-Fi helistamine"},{"$i":"wifi-calling-1","$v":"Teie kõne võib katkeda."},{"$i":"wifi-calling-2","$v":"Olete peaaegu Wi-Fi levialast väljas."},{"$i":"wifi-calling-dropped","$v":"Wi-Fi kõne katkes."},{"$i":"accept","$v":"Nõustu"},{"$i":"conference-call-num","$v":[{"t":"idOrVar","v":"num"}," inimesi kõnes."]},{"$i":"more","$v":"Veel"},{"$i":"rec","$v":"REC"},{"$i":"start-recording-call","$v":"Alustage kõne salvestamist."},{"$i":"stop-recording-call","$v":"Lõpetage kõne salvestamine."},{"$i":"insufficient-storage","$v":"Liiga vähe mälu. Salvestamine lõpetati."},{"$i":"confirmation","$v":"Kinnitus"},{"$i":"get-empty-ussd","$v":"Saadud vastus oli tühi."},{"$i":"message-sent","$v":"Sõnum on saadetud."},{"$i":"messages","$v":"Sõnumid"},{"$i":"wait","$v":"Palun oota..."},{"$i":"send","$v":"Saada"},{"$i":"reply","$v":"Vasta"},{"$i":"reply-message-1","$v":"Vabandust, ma ei saa praegu rääkida."},{"$i":"reply-message-2","$v":"Ma olen teel."},{"$i":"reply-message-3","$v":"Kas ma võin teile hiljem helistada?"},{"$i":"reply-message-4","$v":"Kohandatud ..."},{"$i":"reply-to-name","$v":["Vastatud kasutajale ",{"t":"idOrVar","v":"name"}]},{"$i":"call-busy-error","$v":"BusyError"},{"$i":"call-bad-number-error","$v":"BadNumberError"},{"$i":"call-no-route-to-destination-error","$v":"No route to destination."},{"$i":"call-channel-unacceptable-error","$v":"Channel unacceptable"},{"$i":"call-operator-determined-barring-error","$v":"Operator determined barring"},{"$i":"call-normal-call-clearing-error","$v":"LLAMADA TERMINADA"},{"$i":"call-no-user-responding-error","$v":"No user responding"},{"$i":"call-user-alerting-no-answer-error","$v":"User alerting, no answer  "},{"$i":"call-call-rejected-error","$v":"Call rejected"},{"$i":"call-number-changed-error","$v":"Number Changed "},{"$i":"call-pre-emption-error","$v":"Pre-emption"},{"$i":"call-destination-out-of-order-error","$v":"Destination out of order "},{"$i":"call-invalid-number-format-error","$v":"Invalid number format "},{"$i":"call-facility-rejected-error","$v":"Facility rejected "},{"$i":"call-response-to-status-enquiry-error","$v":"Response to "},{"$i":"call-unspecified-error","$v":"Normal, unspecified "},{"$i":"call-congestion-error","$v":"No circuit/channel available"},{"$i":"call-network-out-of-order-error","$v":"Network out of order  "},{"$i":"call-network-temp-failure-error","$v":"Temporary Failure"},{"$i":"call-switching-equip-congestion-error","$v":"Switching equipment congestion"},{"$i":"call-access-info-discarded-error","$v":"Access information discarded "},{"$i":"call-requested-channel-not-available-error","$v":"requested circuit/channel not available"},{"$i":"call-resource-unavailable-error","$v":"Resources unavailable, unspecified"},{"$i":"call-qos-unavailable-error","$v":"Quality of service unavailable"},{"$i":"call-requested-facility-not-subscribed-error","$v":"Requested facility not subscribed"},{"$i":"call-incoming-calls-barred-within-cug-error","$v":"Incoming calls barred within the CUG"},{"$i":"call-bearer-capability-not-authorized-error","$v":"Bearer capability not authorized"},{"$i":"call-bearer-capability-not-available-error","$v":"Bearer capability not presently available"},{"$i":"call-service-not-available-error","$v":"Service or option not available, unspecified"},{"$i":"call-bearer-not-implemented-error","$v":"Bearer service not implemented"},{"$i":"call-incoming-call-exceeded-error","$v":"ACM equal to greater than ACMmax"},{"$i":"call-requested-facility-not-implemented-error","$v":"Requested facility not implemented"},{"$i":"call-unrestricted-bearer-not-available-error","$v":"Only restricted digital information bearer capability is available"},{"$i":"call-service-not-implemented-error","$v":"Service or option not implemented, unspecified "},{"$i":"call-invalid-transaction-id-error","$v":"Invalid transaction identifier value  "},{"$i":"call-not-cug-member-error","$v":"User not member of CUG "},{"$i":"call-incompatible-destination-error","$v":"Incompatible destination  "},{"$i":"call-invalid-transit-network-selection-error","$v":"Invalid transit network selection"},{"$i":"call-semantically-incorrect-message-error","$v":"Semantically incorrect message "},{"$i":"call-invalid-mandatory-info-error","$v":"Invalid mandatory information"},{"$i":"call-message-type-not-implemented-error","$v":"Message type-non compatible with protocol state "},{"$i":"call-message-type-incompatible-protocol-state-error","$v":"Message type not compatible with protocol state  "},{"$i":"call-info-element-not-implemented-error","$v":"Information element nonexistent or not implemented "},{"$i":"call-conditionalIe-error","$v":"Conditional IE error"},{"$i":"call-message-incompatible-protocol-state-error","$v":"Message not compatible with protocol state"},{"$i":"call-recovery-on-timer-expiry-error","$v":"Recovery on timer expiry "},{"$i":"call-protocol-error","$v":"Protocol Error, unspecified "},{"$i":"call-interworking-error","$v":"Interworking, unspecified "},{"$i":"call-service-option-not-subscribed-error","$v":"SIN SUBSCRIPCION AL SERVICIO -33-"},{"$i":"call-unknown-pdp-address-type-error","$v":"FALLA DE AUTENTICACION -29-"},{"$i":"mt-call-on-hold","$v":"Kõne pandi ootele."},{"$i":"mt-call_retrieved","$v":"Kõne on toodud."},{"$i":"mt-multi_party_call","$v":"Teid lisati konverentskõnesse."},{"$i":"hangup-a11y-button","$v":""},{"$i":"pickup-a11y-button","$v":""},{"$i":"mute","$v":""},{"$i":"toggleKeypad","$v":""},{"$i":"newCall","$v":""},{"$i":"speakerOption","$v":""},{"$i":"bluetoothOption","$v":""},{"$i":"onHoldOption","$v":""},{"$i":"merge","$v":""},{"$i":"ignore","$v":""},{"$i":"dialerAddContact","$v":""},{"$i":"makeCall","$v":""},{"$i":"call-forwarding-async","$v":["Asünkroonne: ",{"t":"idOrVar","v":"async"}]},{"$i":"call-forwarding-data","$v":["Andmed: ",{"t":"idOrVar","v":"data"}]},{"$i":"call-forwarding-error","$v":"Kõne suunamise oleku toomisel ilmnes viga"},{"$i":"call-forwarding-fax","$v":["FAKS: ",{"t":"idOrVar","v":"fax"}]},{"$i":"call-forwarding-inactive","$v":"Passiivne"},{"$i":"call-forwarding-packet","$v":["Pakett: ",{"t":"idOrVar","v":"packet"}]},{"$i":"call-forwarding-pad","$v":["PAD: ",{"t":"idOrVar","v":"pad"}]},{"$i":"call-forwarding-sms","$v":["SMS: ",{"t":"idOrVar","v":"sms"}]},{"$i":"call-forwarding-status","$v":"Kõne suunamise olek"},{"$i":"call-forwarding-sync","$v":["Sünkroonne: ",{"t":"idOrVar","v":"sync"}]},{"$i":"call-forwarding-voice","$v":["Hääl: ",{"t":"idOrVar","v":"voice"}]},{"$i":"call-forwarding-reason","$v":["Reason: ",{"t":"idOrVar","v":"reason"}]},{"$i":"scCallBarring","$v":"Kõnepiirang"},{"$i":"scCallForwarding","$v":"Kõne suunamine"},{"$i":"scClip","$v":"Sissehelistaja ID"},{"$i":"scClir","$v":"Väljahelistaja ID"},{"$i":"scPwd","$v":"Parooli muutmine"},{"$i":"scCallWaiting","$v":"Koputus"},{"$i":"scPin","$v":"PIN-koodi muutmine"},{"$i":"scPin2","$v":"PIN2 muutmine"},{"$i":"scPuk","$v":"PIN-koodi blokeeringu tühistamine"},{"$i":"scPuk2","$v":"PIN2-koodi blokeeringu tühistamine"},{"$i":"scImei","$v":"IMEI"},{"$i":"scMeid","$v":"MEID"},{"$i":"scUssd","$v":"USSD"},{"$i":"serviceClassVoice","$v":"Helisalvestised"},{"$i":"serviceClassData","$v":"Andmed"},{"$i":"serviceClassFax","$v":"FAKS"},{"$i":"serviceClassSms","$v":"SMS"},{"$i":"serviceClassDataSync","$v":"Sünkrooni"},{"$i":"serviceClassDataAsync","$v":"Async"},{"$i":"serviceClassPacket","$v":"Pakett"},{"$i":"serviceClassPad","$v":"PAD"},{"$i":"smServiceEnabled","$v":"Teenus oli lubatud"},{"$i":"smServiceDisabled","$v":"Teenus on keelatud"},{"$i":"smServiceRegistered","$v":"Registreerimine oli edukas"},{"$i":"smServiceErased","$v":"Kustutamine õnnestus"},{"$i":"smServiceInterrogated","$v":"Taotlus oli edukas"},{"$i":"smServiceNotProvisioned","$v":"Teenust ei ole ette nähtud"},{"$i":"smClirPermanent","$v":"Te ei saa helistaja ID seadet muuta"},{"$i":"smClirDefaultOnNextCallOn","$v":"Helistaja ID vaikev. piiratud. Järgm. kõne: piiratud"},{"$i":"smClirDefaultOnNextCallOff","$v":"Helistaja ID vaikeväärtus on piiratud. Järgmine kõne: piiramata"},{"$i":"smClirDefaultOffNextCallOn","$v":"Helistaja ID vaikeväärtus on piiramata. Järgmine kõne: piiratud"},{"$i":"smClirDefaultOffNextCallOff","$v":"Helistaja ID vaikeväärtus on piiramata. Järgmine kõne: piiramata"},{"$i":"smServiceEnabledFor","$v":"Teenus oli lubatud järgmisele:"},{"$i":"smPinChanged","$v":"PIN edukalt muudetud"},{"$i":"smPinUnblocked","$v":"PIN-i blok. tühistatud"},{"$i":"smPin2Changed","$v":"PIN2 on edukalt muudetud"},{"$i":"smPin2Unblocked","$v":"PIN2 blok. tühistatud"},{"$i":"ServiceIsEnabled","$v":"Teenus on lubatud"},{"$i":"ServiceIsDisabled","$v":"Teenus on keelatud"},{"$i":"ServiceIsEnabledFor","$v":"Teenus on lubatud:"},{"$i":"emMmiError","$v":"Ühenduse probleem või vale MMI-kood"},{"$i":"emMmiErrorPasswordIncorrect","$v":"Vale parool"},{"$i":"emMmiErrorNotSupported","$v":"Vale või toetuseta MMI-kood"},{"$i":"emMmiErrorInvalidAction","$v":"Vale toiming"},{"$i":"emMmiErrorInvalidScCode","$v":"Vale teenusekood"},{"$i":"emMmiErrorBadPuk","$v":"Sisestatud PUK-kood on vale"},{"$i":"emMmiErrorBadPin","$v":"Sisestatud vana PIN on vale."},{"$i":"emMmiErrorNeedPuk2","$v":"SIM-kaardi avamiseks sisestage PUK2-kood"},{"$i":"emMmiErrorMismatchPin","$v":"Sisestatud PIN-koodid ei ühti"},{"$i":"emMmiErrorInvalidPin","$v":"Sisestage 4–8-kohaline PIN-kood"},{"$i":"emMmiErrorNeedsPuk","$v":"Teie SIM-kaart on PUK-lukustatud"},{"$i":"emMmiErrorEnablePin","$v":"Ebaõnnestus. Luba SIM/RUIM LUKK"},{"$i":"emMmiErrorMmiFdn","$v":"Toiming on piiratud ainult lubatud valiknr-ga"},{"$i":"emMmiErrorStkCcUssdDial","$v":"USSD-päring on muudetud DIAL-päringuks"},{"$i":"emMmiErrorStkCcUssdSs","$v":"USSD-päring on muudetud SS-päringuks"},{"$i":"emMmiErrorStkCcUssdUssd","$v":"USSD-päring on muudetud uueks USSD-päringuks"},{"$i":"emMmiErrorStkCcSsDial","$v":"SS-päring on muudetud DIAL-päringuks"},{"$i":"emMmiErrorStkCcSsUssd","$v":"SS-päring muud. USSD-päringuks"},{"$i":"emMmiErrorStkCcSsSs","$v":"SS-päring muud. uueks SS-päringuks"},{"$i":"emMmiErrorPinPukAttempts","$v":{"few":[{"t":"idOrVar","v":"n"}," katset järel"],"many":[{"t":"idOrVar","v":"n"}," katset järel"],"one":["Ainult ",{"t":"idOrVar","v":"n"}," katse veel"],"other":[{"t":"idOrVar","v":"n"}," katset järel"],"two":[{"t":"idOrVar","v":"n"}," katset järel"]},"$x":[{"t":"idOrVar","v":"plural"},"n"]},{"$i":"emMmiErrorSimBlocked","$v":"Maksimaalne katsete arv on ületatud. SIM-kaart on blokeeritud"},{"$i":"RadioNotAvailable","$v":"Raadio pole saadaval"},{"$i":"GenericFailure","$v":"Viga päringu täitmisel."},{"$i":"PasswordIncorrect","$v":"Parool on vale"},{"$i":"SimPin2","$v":"SIM-i PIN2"},{"$i":"SimPuk2","$v":"SIM-i PUK2"},{"$i":"RequestNotSupported","$v":"Taotlust ei toetata"},{"$i":"OpNotAllowedDuringVoiceCall","$v":"Tavakõne ajal ei ole toiming lubatud"},{"$i":"SmsSendFailRetry","$v":"SMS send fail retry"},{"$i":"SimAbsent","$v":"SIM puudub"},{"$i":"SubscriptionNotAvailable","$v":"Tellimus pole saadaval"},{"$i":"ModeNotSupported","$v":"Režiimi ei toetata"},{"$i":"FdnCheckFailure","$v":"FDNi kontrollimise nurjumine"},{"$i":"IllegalSimOrMe","$v":"Ebaseaduslik SIM või ME"},{"$i":"DialModifiedToUssd","$v":"Val. nupp muud. USSD-iks"},{"$i":"DialModifiedToSs","$v":"Val. nupp muud. SS-iks"},{"$i":"DialModifiedToDial","$v":"Val. nupp muud. valim."},{"$i":"UssdModifiedToDial","$v":"USSD muud. nr. valima"},{"$i":"UssdModifiedToSs","$v":"USSD muudetud SS-iks"},{"$i":"UssdModifiedToUssd","$v":"USSD muudetud USSD-ks"},{"$i":"SsModifiedToDial","$v":"SS muudetud numbrit valima"},{"$i":"SsModifiedToUssd","$v":"SS muudetud USSD-ks"},{"$i":"SsModifiedToSs","$v":"SS muudetud SS-iks"},{"$i":"SubscriptionNotSupported","$v":"Tellimust ei toetata"},{"$i":"InvalidParameter","$v":"Vale parameeter"},{"$i":"RejectedByRemote","$v":"Puldiga tagasi lük."},{"$i":"error","$v":"Viga"}]