[{"$i":"weekday-0-long","$v":"Dimanche"},{"$i":"weekday-1-long","$v":"Lundi"},{"$i":"weekday-2-long","$v":"Mardi"},{"$i":"weekday-3-long","$v":"Mercredi"},{"$i":"weekday-4-long","$v":"Jeudi"},{"$i":"weekday-5-long","$v":"Vendredi"},{"$i":"weekday-6-long","$v":"Samedi"},{"$i":"weekday-0-short","$v":"dim"},{"$i":"weekday-1-short","$v":"lun"},{"$i":"weekday-2-short","$v":"mar"},{"$i":"weekday-3-short","$v":"mer"},{"$i":"weekday-4-short","$v":"jeu"},{"$i":"weekday-5-short","$v":"ven"},{"$i":"weekday-6-short","$v":"sam"},{"$i":"month-0-long","$v":"Janvier"},{"$i":"month-1-long","$v":"Février"},{"$i":"month-2-long","$v":"Mars"},{"$i":"month-3-long","$v":"Avril"},{"$i":"month-4-long","$v":"mai"},{"$i":"month-5-long","$v":"Juin"},{"$i":"month-6-long","$v":"Juillet"},{"$i":"month-7-long","$v":"Août"},{"$i":"month-8-long","$v":"Septembre"},{"$i":"month-9-long","$v":"Octobre"},{"$i":"month-10-long","$v":"Novembre"},{"$i":"month-11-long","$v":"Décembre"},{"$i":"month-0-genitive","$v":"Janvier"},{"$i":"month-1-genitive","$v":"Février"},{"$i":"month-2-genitive","$v":"Mars"},{"$i":"month-3-genitive","$v":"Avril"},{"$i":"month-4-genitive","$v":"mai"},{"$i":"month-5-genitive","$v":"Juin"},{"$i":"month-6-genitive","$v":"Juillet"},{"$i":"month-7-genitive","$v":"Août"},{"$i":"month-8-genitive","$v":"Septembre"},{"$i":"month-9-genitive","$v":"Octobre"},{"$i":"month-10-genitive","$v":"Novembre"},{"$i":"month-11-genitive","$v":"Décembre"},{"$i":"month-0-short","$v":"jan."},{"$i":"month-1-short","$v":"fév."},{"$i":"month-2-short","$v":"mars"},{"$i":"month-3-short","$v":"avr."},{"$i":"month-4-short","$v":"mai"},{"$i":"month-5-short","$v":"juin"},{"$i":"month-6-short","$v":"juil."},{"$i":"month-7-short","$v":"août"},{"$i":"month-8-short","$v":"sep."},{"$i":"month-9-short","$v":"oct."},{"$i":"month-10-short","$v":"nov."},{"$i":"month-11-short","$v":"déc."},{"$i":"minutes-ago-long","$v":{"few":["il y a ",{"t":"idOrVar","v":"value"}," minutes"],"many":["Il y a ",{"t":"idOrVar","v":"value"}," minutes"],"other":["il y a ",{"t":"idOrVar","v":"value"}," minutes"],"two":["il y a ",{"t":"idOrVar","v":"value"}," minutes"],"one":"Il y a 1 minute","zero":"À l’instant"},"$x":[{"t":"idOrVar","v":"plural"},"value"]},{"$i":"hours-ago-long","$v":{"few":["il y a ",{"t":"idOrVar","v":"value"}," heures"],"many":["Il y a ",{"t":"idOrVar","v":"value"}," heures"],"other":["il y a ",{"t":"idOrVar","v":"value"}," heures"],"two":["il y a ",{"t":"idOrVar","v":"value"}," heures"],"one":"Il y a 1 heure","zero":"À l’instant"},"$x":[{"t":"idOrVar","v":"plural"},"value"]},{"$i":"days-ago-long","$v":{"few":["il y a ",{"t":"idOrVar","v":"value"}," jours"],"many":["il y a ",{"t":"idOrVar","v":"value"}," jours"],"one":"hier","other":["il y a ",{"t":"idOrVar","v":"value"}," jours"],"two":["il y a ",{"t":"idOrVar","v":"value"}," jours"],"zero":"aujourd’hui"},"$x":[{"t":"idOrVar","v":"plural"},"value"]},{"$i":"weeks-ago-long","$v":{"few":["il y a ",{"t":"idOrVar","v":"value"}," semaines"],"many":["il y a ",{"t":"idOrVar","v":"value"}," semaines"],"one":"la semaine dernière","other":["il y a ",{"t":"idOrVar","v":"value"}," semaines"],"two":["il y a ",{"t":"idOrVar","v":"value"}," semaines"],"zero":"cette semaine"},"$x":[{"t":"idOrVar","v":"plural"},"value"]},{"$i":"months-ago-long","$v":{"few":["il y a ",{"t":"idOrVar","v":"value"}," mois"],"many":["il y a ",{"t":"idOrVar","v":"value"}," mois"],"one":"le mois dernier","other":["il y a ",{"t":"idOrVar","v":"value"}," mois"],"two":["il y a ",{"t":"idOrVar","v":"value"}," mois"],"zero":"ce mois-ci"},"$x":[{"t":"idOrVar","v":"plural"},"value"]},{"$i":"years-ago-long","$v":{"few":["il y a ",{"t":"idOrVar","v":"value"}," ans"],"many":["il y a ",{"t":"idOrVar","v":"value"}," ans"],"one":"l’année dernière","other":["il y a ",{"t":"idOrVar","v":"value"}," ans"],"two":["il y a ",{"t":"idOrVar","v":"value"}," ans"],"zero":"cette année"},"$x":[{"t":"idOrVar","v":"plural"},"value"]},{"$i":"minutes-until-long","$v":{"few":["dans ",{"t":"idOrVar","v":"value"}," minutes"],"many":["dans ",{"t":"idOrVar","v":"value"}," minutes"],"other":["dans ",{"t":"idOrVar","v":"value"}," minutes"],"two":["dans ",{"t":"idOrVar","v":"value"}," minutes"],"zero":"maintenant","one":["dans ",{"t":"idOrVar","v":"value"}," minute"]},"$x":[{"t":"idOrVar","v":"plural"},"value"]},{"$i":"hours-until-long","$v":{"few":["dans ",{"t":"idOrVar","v":"value"}," heures"],"many":["dans ",{"t":"idOrVar","v":"value"}," heures"],"other":["dans ",{"t":"idOrVar","v":"value"}," heures"],"two":["dans ",{"t":"idOrVar","v":"value"}," heures"],"zero":"maintenant","one":["dans ",{"t":"idOrVar","v":"value"}," heure"]},"$x":[{"t":"idOrVar","v":"plural"},"value"]},{"$i":"days-until-long","$v":{"few":["dans ",{"t":"idOrVar","v":"value"}," jours"],"many":["dans ",{"t":"idOrVar","v":"value"}," jours"],"one":"demain","other":["dans ",{"t":"idOrVar","v":"value"}," jours"],"two":["dans ",{"t":"idOrVar","v":"value"}," jours"],"zero":"aujourd’hui"},"$x":[{"t":"idOrVar","v":"plural"},"value"]},{"$i":"weeks-until-long","$v":{"few":["dans ",{"t":"idOrVar","v":"value"}," semaines"],"many":["dans ",{"t":"idOrVar","v":"value"}," semaines"],"one":"la semaine prochaine","other":["dans ",{"t":"idOrVar","v":"value"}," semaines"],"two":["dans ",{"t":"idOrVar","v":"value"}," semaines"],"zero":"cette semaine"},"$x":[{"t":"idOrVar","v":"plural"},"value"]},{"$i":"months-until-long","$v":{"few":["dans ",{"t":"idOrVar","v":"value"}," mois"],"many":["dans ",{"t":"idOrVar","v":"value"}," mois"],"one":"le mois prochain","other":["dans ",{"t":"idOrVar","v":"value"}," mois"],"two":["dans ",{"t":"idOrVar","v":"value"}," mois"],"zero":"ce mois-ci"},"$x":[{"t":"idOrVar","v":"plural"},"value"]},{"$i":"years-until-long","$v":{"few":["dans ",{"t":"idOrVar","v":"value"}," ans"],"many":["dans ",{"t":"idOrVar","v":"value"}," ans"],"one":"l’année prochaine","other":["dans ",{"t":"idOrVar","v":"value"}," ans"],"two":["dans ",{"t":"idOrVar","v":"value"}," ans"],"zero":"cette année"},"$x":[{"t":"idOrVar","v":"plural"},"value"]},{"$i":"minutes-ago-short","$v":{"other":["il y a ",{"t":"idOrVar","v":"value"}," min"],"zero":"À l’instant"},"$x":[{"t":"idOrVar","v":"plural"},"value"]},{"$i":"hours-ago-short","$v":{"other":["il y a ",{"t":"idOrVar","v":"value"},"h"],"zero":"À l’instant"},"$x":[{"t":"idOrVar","v":"plural"},"value"]},{"$i":"days-ago-short","$v":{"other":["il y a ",{"t":"idOrVar","v":"value"},"j"],"zero":"aujourd’hui"},"$x":[{"t":"idOrVar","v":"plural"},"value"]},{"$i":"minutes-until-short","$v":{"other":["dans ",{"t":"idOrVar","v":"value"},"m"],"zero":"maintenant"},"$x":[{"t":"idOrVar","v":"plural"},"value"]},{"$i":"hours-until-short","$v":{"other":["dans ",{"t":"idOrVar","v":"value"},"h"],"zero":"maintenant"},"$x":[{"t":"idOrVar","v":"plural"},"value"]},{"$i":"days-until-short","$v":{"other":["dans ",{"t":"idOrVar","v":"value"},"j"],"zero":"aujourd’hui"},"$x":[{"t":"idOrVar","v":"plural"},"value"]},{"$i":"incorrectDate","$v":"(date incorrecte)"},{"$i":"dateTimeFormat_%c","$v":"%a %e %b %Y %H:%M:%S"},{"$i":"dateTimeFormat_%x","$v":"%d/%m/%Y"},{"$i":"dateTimeFormat_%X","$v":"%I:%M:%S %p"},{"$i":"shortTimeFormat","$v":"%I:%M %p"},{"$i":"shortTimeFormat12","$v":"%I:%M %p"},{"$i":"shortTimeFormat24","$v":"%H:%M"},{"$i":"shortDateTimeFormat","$v":"%x %H:%M"},{"$i":"weekStartsOnMonday","$v":"0.0"},{"$i":"firstDayOfTheWeek","$v":"1.0"},{"$i":"time_am","$v":"AM"},{"$i":"time_pm","$v":"PM"},{"$i":"airplaneMode","$v":"Mode avion"},{"$i":"searching","$v":"Recherche en cours…"},{"$i":"noNetwork","$v":"Sans réseau"},{"$i":"roaming","$v":[{"t":"idOrVar","v":"operator"}," (Itinérance)"]},{"$i":"operator-info","$v":[{"t":"idOrVar","v":"carrier"}," ",{"t":"idOrVar","v":"region"}]},{"$i":"emergencyCallsOnly","$v":"Appels d’urgence uniquement"},{"$i":"emergencyCallsOnly-unknownSIMState","$v":"(état de la carte SIM inconnu)"},{"$i":"emergencyCallsOnly-noSIM","$v":"(carte SIM absente)"},{"$i":"emergencyCallsOnly-pinRequired","$v":"(code PIN de la carte SIM nécessaire)"},{"$i":"emergencyCallsOnly-pukRequired","$v":"(code PUK de la carte SIM nécessaire)"},{"$i":"emergencyCallsOnly-networkLocked","$v":"(réseau verrouillé)"},{"$i":"emergencyCallsOnly-serviceProviderLocked","$v":"(verrouillé par le fournisseur de services)"},{"$i":"emergencyCallsOnly-corporateLocked","$v":"(verrouillé par l’entreprise)"},{"$i":"emergencyCallsOnly-network1Locked","$v":"(réseau1 verrouillé)"},{"$i":"emergencyCallsOnly-network2Locked","$v":"(réseau2 verrouillé)"},{"$i":"emergencyCallsOnly-hrpdNetworkLocked","$v":"(verrouillage par le réseau HRPD)"},{"$i":"emergencyCallsOnly-ruimCorporateLocked","$v":"(carte RUIM verrouillée par l’entreprise)"},{"$i":"emergencyCallsOnly-ruimServiceProviderLocked","$v":"(carte RUIM verrouillée par le fournisseur de services)"},{"$i":"lockscreen-sim-id","$v":["Carte SIM ",{"t":"idOrVar","v":"n"}]},{"$i":"charging-no-time","$v":["Recharge à ",{"t":"idOrVar","v":"level"}," %"]},{"$i":"charging-minutes","$v":{"few":["Recharge à ",{"t":"idOrVar","v":"level"}," % (",{"t":"idOrVar","v":"minutes"}," min. restantes)"],"many":["Recharge à ",{"t":"idOrVar","v":"level"}," % (",{"t":"idOrVar","v":"minutes"}," min. restantes)"],"one":["Recharge à ",{"t":"idOrVar","v":"level"}," % (",{"t":"idOrVar","v":"minutes"}," min. restantes)"],"other":["Recharge à ",{"t":"idOrVar","v":"level"}," % (",{"t":"idOrVar","v":"minutes"}," min. restantes)"],"two":["Recharge à ",{"t":"idOrVar","v":"level"}," % (",{"t":"idOrVar","v":"minutes"}," min. restantes)"],"zero":["Recharge à ",{"t":"idOrVar","v":"level"}," % (",{"t":"idOrVar","v":"minutes"}," min. restantes)"]},"$x":[{"t":"idOrVar","v":"plural"},"minutes"]},{"$i":"charging-hours","$v":{"few":["Recharge à ",{"t":"idOrVar","v":"level"}," % (",{"t":"idOrVar","v":"hours"}," h ",{"t":"idOrVar","v":"minutes"}," m restantes)"],"many":["Recharge à ",{"t":"idOrVar","v":"level"}," % (",{"t":"idOrVar","v":"hours"}," h ",{"t":"idOrVar","v":"minutes"}," m restantes)"],"one":["Recharge à ",{"t":"idOrVar","v":"level"}," % (",{"t":"idOrVar","v":"hours"}," h ",{"t":"idOrVar","v":"minutes"}," m restantes)"],"other":["Recharge à ",{"t":"idOrVar","v":"level"}," % (",{"t":"idOrVar","v":"hours"}," h ",{"t":"idOrVar","v":"minutes"}," m restantes)"],"two":["Recharge à ",{"t":"idOrVar","v":"level"}," % (",{"t":"idOrVar","v":"hours"}," h ",{"t":"idOrVar","v":"minutes"}," m restantes)"],"zero":["Recharge à ",{"t":"idOrVar","v":"level"}," % (",{"t":"idOrVar","v":"hours"}," h ",{"t":"idOrVar","v":"minutes"}," m restantes)"]},"$x":[{"t":"idOrVar","v":"plural"},"minutes"]},{"$i":"phoneNumberInput","ariaLabel":"Numéro de téléphone"},{"$i":"keypadDelete","ariaLabel":"Supprimer"},{"$i":"voiceMailKey","ariaLabel":"Messagerie vocale"},{"$i":"asterisk","ariaLabel":"Astérisque"},{"$i":"hashSign","ariaLabel":"Signature par hachage"},{"$i":"cancel","$v":"Annuler"},{"$i":"loadingSimContacts","$v":"Chargement des contacts de la carte SIM…"},{"$i":"noContactsWereFound","$v":"Aucun contact trouvé"},{"$i":"noContactsFoundDialogOk","$v":"OK"},{"$i":"emergencyNumber","$v":"Numéro d’urgence"},{"$i":"callAirplaneModeMessage","$v":"Afin de passer un appel vous devez désactiver le mode avion dans les paramètres."},{"$i":"callAirplaneModeBtnOk","$v":"OK"},{"$i":"callAirplaneModeTitle","$v":"Mode avion activé"},{"$i":"numberIsBusyTitle","$v":"Numéro occupé"},{"$i":"numberIsBusyMessage","$v":"Le numéro est actuellement occupé. Veuillez réessayer plus tard."},{"$i":"fdnIsActiveTitle","$v":"Numéros autorisés activés"},{"$i":"fdnIsActiveMessage","$v":["Les numéros autorisés (ou NF pour numéros fixes) sont activés et le numéro suivant ne fait pas partie de votre liste NF : ",{"t":"idOrVar","v":"number"}]},{"$i":"emergencyDialogBodyBadNumber","$v":"Afin d’appeler, vous devez d’abord avoir une couverture réseau."},{"$i":"emergencyDialogBodyDeviceNotAccepted","$v":"Appels d’urgence non autorisés par le réseau."},{"$i":"emergencyDialogBtnOk","$v":"OK"},{"$i":"emergencyDialogTitle","$v":"Pas de réseau"},{"$i":"invalidNumberToDialTitle","$v":"Numéro de téléphone non valide"},{"$i":"invalidNumberToDialMessage","$v":"Le numéro de téléphone que vous essayez de joindre n’est pas valide."},{"$i":"unableToCallTitle","$v":"Appel impossible"},{"$i":"unableToCallMessage","$v":"Passer un appel est impossible pour le moment."},{"$i":"otherConnectionInUseTitle","$v":"Autre ligne active"},{"$i":"otherConnectionInUseMessage","$v":"Un appel est déjà en cours sur une autre ligne. Vous ne pouvez utiliser qu’une ligne à la fois."},{"$i":"connectingEllipsis","$v":"Connexion en cours…"},{"$i":"clear","$v":"Effacer"},{"$i":"dialer","$v":"Clavier"},{"$i":"vt-incoming-call","$v":"Appel vidéo entrant…"},{"$i":"kai-incoming-call","$v":"Appel entrant"},{"$i":"kai-in-call","$v":"appel en cours"},{"$i":"kai-answer","$v":"Répondre"},{"$i":"kai-end-answer","$v":"Raccrocher et répondre"},{"$i":"kai-decline","$v":"Refuser"},{"$i":"enter-passcode","$v":"Saisissez le mot de passe pour déverrouiller l’écran."},{"$i":"passcode-error","$v":"Code invalide. Veuillez réessayer."},{"$i":"lockscreenInvalidCode","$v":"Code non valide."},{"$i":"lockscreenColdDown","$v":["Code non valide. Essayez dans ",{"t":"idOrVar","v":"n"},"."]},{"$i":"lockscreenCheckLockCode","$v":{"few":["Code non valide. ",{"t":"idOrVar","v":"n"}," tentatives restantes."],"one":["Code non valide. ",{"t":"idOrVar","v":"n"}," tentative restante."],"other":["Code non valide. ",{"t":"idOrVar","v":"n"}," tentatives restantes."],"two":["Code non valide. ",{"t":"idOrVar","v":"n"}," tentatives restantes."]},"$x":[{"t":"idOrVar","v":"plural"},"n"]},{"$i":"videoCall","$v":"Appel visio"},{"$i":"voice-call","$v":"Convertir en vocal"},{"$i":"video-call","$v":"Convertir en visio"},{"$i":"message","$v":"Message"},{"$i":"answer-rtt-call","$v":"Répondre par TTR"},{"$i":"req-rtt-call","$v":"RÉP TTR"},{"$i":"rtt-call","$v":"Appel TTR"},{"$i":"rtt-view","$v":"Affichage TTR"},{"$i":"change-to-rtt-call","$v":"Établissement de l’appel TTR…"},{"$i":"change-to-voice-call","$v":"L’appel a été converti en appel vocal."},{"$i":"upgrading-rtt","$v":"Conversion en appel TTR…"},{"$i":"rtt-call-failed","$v":"L’appel TTR a échoué."},{"$i":"voice-call-failed","$v":"L’appel vocal a échoué."},{"$i":"rtt","$v":"TTR"},{"$i":"rtt-emegency-upgrade-rejected","$v":"Les appels TTR aux services d’urgence ne sont pas disponibles."},{"$i":"rtt-emegency-downgrade","$v":"Les appels TTR aux services d’urgence ne sont pas disponibles. Votre appel est passé en tant qu’appel vocal. Si vous rencontrez des difficultés, veuillez passer un appel vocal ou par le biais d’un relais d’accessibilité aux services d’urgence."},{"$i":"voice-only-call","$v":"L’appel a été établi en tant que simple appel vocal."},{"$i":"ans-rtt-failed","$v":"Impossible d’établir l’appel TTR. L’appel a été converti en simple appel vocal."},{"$i":"back","$v":"Retour"},{"$i":"new-message","$v":"Nouveaux messages de"},{"$i":"kai-mute","$v":"Silencieux"},{"$i":"kai-unmute","$v":"Réactiv. Son"},{"$i":"kai-speaker","$v":"Haut-parleur"},{"$i":"kai-speaker-off","$v":"Haut-parleur désactivé"},{"$i":"kai-microphone-mute-notification","$v":"Micro coupé"},{"$i":"kai-microphone-active-notification","$v":"Micro actif"},{"$i":"kai-speaker-off-notification","$v":"Haut-parleur externe désactivé"},{"$i":"kai-speaker-on-notification","$v":"Haut-parleur externe activé"},{"$i":"kai-hold-and-answer","$v":"Placer en attente et répondre"},{"$i":"kai-ignore-call","$v":"Ignorer l'appel entrant"},{"$i":"kai-add-to-call","$v":"Ajout appel"},{"$i":"kai-switch-to-second-line","$v":"Intervertir les appels"},{"$i":"kai-merge-calls","$v":"Fusionner les appels"},{"$i":"ok","$v":"OK"},{"$i":"losing-wifi-msg","$v":"perte de connexion Wi-Fi"},{"$i":"personal","$v":"Personnel"},{"$i":"mobile","$v":"Mobile"},{"$i":"home","$v":"Domicile"},{"$i":"work","$v":"Professionnel"},{"$i":"other","$v":"Autre"},{"$i":"fax-home","$v":"Fax (domicile)"},{"$i":"fax-office","$v":"Fax (bureau)"},{"$i":"fax-other","$v":"Fax (autre)"},{"$i":"hd","$v":"HD"},{"$i":"manage-call","$v":"Gérer l'appel"},{"$i":"end","$v":"Raccrocher"},{"$i":"private","$v":"Privé"},{"$i":"sound","$v":"Son"},{"$i":"bluetooth-device","$v":"Appareil Bluetooth"},{"$i":"handset-earpiece","$v":"Kit piéton"},{"$i":"speaker","$v":"Haut-parleur"},{"$i":"call-ended","$v":"Appel terminé"},{"$i":"payphone","$v":"Cabine téléphonique"},{"$i":"contact","$v":"Contacts"},{"$i":"dialer-prompt","$v":"Composer un numéro ou sélectionner le contact à ajouter à l’appel"},{"$i":"call","$v":"Appeler"},{"$i":"hold","$v":"En attente"},{"$i":"callHeldDuration","$v":["Conserver (",{"t":"idOrVar","v":"duration"},")"]},{"$i":"volume","$v":"Volume"},{"$i":"softkey-options","$v":"Options"},{"$i":"unhold-call","$v":"Reprendre l’appel"},{"$i":"hold-call","$v":"Appel en attente"},{"$i":"select","$v":"Sélectionner"},{"$i":"unknown","$v":"Inconnu"},{"$i":"switch-calls","$v":"Basculer sur un autre appel"},{"$i":"voiceMail","$v":"Messagerie vocale"},{"$i":"incoming","$v":"Entrant"},{"$i":"outgoing","$v":"Passés"},{"$i":"callEnded","$v":"Appel terminé"},{"$i":"callEndedDuration","$v":["Appel terminé (",{"t":"idOrVar","v":"duration"},")"]},{"$i":"conferenceAddError","$v":"Impossible de fusionner les appels"},{"$i":"conferenceRemoveError","$v":"Impossible de séparer les appels"},{"$i":"valid-number","$v":"Numéro valide"},{"$i":"numberBlockedMessage","$v":"Ce numéro est bloqué. Il est nécessaire de demander la permission aux parents."},{"$i":"callDurationMinutes","$v":[{"t":"idOrVar","v":"m"},":",{"t":"idOrVar","v":"s"}]},{"$i":"callDurationHours","$v":[{"t":"idOrVar","v":"h"},":",{"t":"idOrVar","v":"m"},":",{"t":"idOrVar","v":"s"}]},{"$i":"switch-to-device-toast","$v":"Basculé sur l'appareil Bluetooth"},{"$i":"switch-to-handset-toast","$v":"Basculé sur le dispositif auditif"},{"$i":"switch-to-speaker-toast","$v":"Basculé sur le haut-parleur"},{"$i":"connecting","$v":"Connexion…"},{"$i":"wifi-call-quality-excellent","$v":"Excellent"},{"$i":"wifi-call-quality-fair","$v":"Satisfaisante"},{"$i":"wifi-call-quality-bad","$v":"Mauvaise"},{"$i":"call-left-conference-toast","$v":"a quitté l'appel"},{"$i":"camera-off","$v":"Objectif désactivé"},{"$i":"camera-on","$v":"Objectif activé"},{"$i":"rear-camera","$v":"Objectif arrière"},{"$i":"front-camera","$v":"Objectif avant"},{"$i":"hide-info","$v":"Masquer"},{"$i":"show-info","$v":"Afficher les infos"},{"$i":"video-call-rejected","$v":"L’appel visio est refusé. Changez pour un appel vocal."},{"$i":"video-call-not-support","$v":"L’appel visio n’est pas pris en charge."},{"$i":"video-call-rejected-timeout","$v":"L’appel visio est refusé ou a dépassé le délai imparti."},{"$i":"video-call-from","$v":["Vous recevez un appel visio de ",{"t":"idOrVar","v":"name"},"."]},{"$i":"video-call-canceled","$v":"L’appel visio est annulé."},{"$i":"video-call-failed","$v":"L’appel visio a échoué."},{"$i":"call-downgraded","$v":"L’appel a été converti en simple appel vocal."},{"$i":"wifi-calling","$v":"Appels par Wi-Fi"},{"$i":"wifi-calling-1","$v":"Vous risquez de perdre l’appel."},{"$i":"wifi-calling-2","$v":"Vous êtes à la limite du champ Wi-Fi."},{"$i":"wifi-calling-dropped","$v":"L’appel par Wi-Fi a été perdu."},{"$i":"accept","$v":"Accepter"},{"$i":"conference-call-num","$v":[{"t":"idOrVar","v":"num"}," contacts sont en cours d’appel."]},{"$i":"more","$v":"Plus"},{"$i":"rec","$v":"ENR."},{"$i":"start-recording-call","$v":"Lancez l’enregistrement de l’appel."},{"$i":"stop-recording-call","$v":"Arrêtez l’enregistrement de l’appel."},{"$i":"insufficient-storage","$v":"L’espace est insuffisant. L’enregistrement s’est arrêté."},{"$i":"confirmation","$v":"Confirmation"},{"$i":"get-empty-ussd","$v":"Aucune réponse n’a été reçue."},{"$i":"message-sent","$v":"Message envoyé."},{"$i":"messages","$v":"Messages"},{"$i":"wait","$v":"Veuillez patienter…"},{"$i":"send","$v":"Envoyer"},{"$i":"reply","$v":"Répondre"},{"$i":"reply-message-1","$v":"Désolé, je ne peux pas vous parler pour l’instant."},{"$i":"reply-message-2","$v":"Je suis en route."},{"$i":"reply-message-3","$v":"Puis-je vous rappeler plus tard ?"},{"$i":"reply-message-4","$v":"Personnaliser..."},{"$i":"reply-to-name","$v":["Réponse à ",{"t":"idOrVar","v":"name"}]},{"$i":"call-busy-error","$v":"BusyError"},{"$i":"call-bad-number-error","$v":"BadNumberError"},{"$i":"call-no-route-to-destination-error","$v":"No route to destination."},{"$i":"call-channel-unacceptable-error","$v":"Channel unacceptable"},{"$i":"call-operator-determined-barring-error","$v":"Operator determined barring"},{"$i":"call-normal-call-clearing-error","$v":"LLAMADA TERMINADA"},{"$i":"call-no-user-responding-error","$v":"No user responding"},{"$i":"call-user-alerting-no-answer-error","$v":"User alerting, no answer  "},{"$i":"call-call-rejected-error","$v":"Call rejected"},{"$i":"call-number-changed-error","$v":"Number Changed "},{"$i":"call-pre-emption-error","$v":"Pre-emption"},{"$i":"call-destination-out-of-order-error","$v":"Destination out of order "},{"$i":"call-invalid-number-format-error","$v":"Invalid number format "},{"$i":"call-facility-rejected-error","$v":"Facility rejected "},{"$i":"call-response-to-status-enquiry-error","$v":"Response to "},{"$i":"call-unspecified-error","$v":"Normal, unspecified "},{"$i":"call-congestion-error","$v":"No circuit/channel available"},{"$i":"call-network-out-of-order-error","$v":"Network out of order  "},{"$i":"call-network-temp-failure-error","$v":"Temporary Failure"},{"$i":"call-switching-equip-congestion-error","$v":"Switching equipment congestion"},{"$i":"call-access-info-discarded-error","$v":"Access information discarded "},{"$i":"call-requested-channel-not-available-error","$v":"requested circuit/channel not available"},{"$i":"call-resource-unavailable-error","$v":"Resources unavailable, unspecified"},{"$i":"call-qos-unavailable-error","$v":"Quality of service unavailable"},{"$i":"call-requested-facility-not-subscribed-error","$v":"Requested facility not subscribed"},{"$i":"call-incoming-calls-barred-within-cug-error","$v":"Incoming calls barred within the CUG"},{"$i":"call-bearer-capability-not-authorized-error","$v":"Bearer capability not authorized"},{"$i":"call-bearer-capability-not-available-error","$v":"Bearer capability not presently available"},{"$i":"call-service-not-available-error","$v":"Service or option not available, unspecified"},{"$i":"call-bearer-not-implemented-error","$v":"Bearer service not implemented"},{"$i":"call-incoming-call-exceeded-error","$v":"ACM equal to greater than ACMmax"},{"$i":"call-requested-facility-not-implemented-error","$v":"Requested facility not implemented"},{"$i":"call-unrestricted-bearer-not-available-error","$v":"Only restricted digital information bearer capability is available"},{"$i":"call-service-not-implemented-error","$v":"Service or option not implemented, unspecified "},{"$i":"call-invalid-transaction-id-error","$v":"Invalid transaction identifier value  "},{"$i":"call-not-cug-member-error","$v":"User not member of CUG "},{"$i":"call-incompatible-destination-error","$v":"Incompatible destination  "},{"$i":"call-invalid-transit-network-selection-error","$v":"Invalid transit network selection"},{"$i":"call-semantically-incorrect-message-error","$v":"Semantically incorrect message "},{"$i":"call-invalid-mandatory-info-error","$v":"Invalid mandatory information"},{"$i":"call-message-type-not-implemented-error","$v":"Message type-non compatible with protocol state "},{"$i":"call-message-type-incompatible-protocol-state-error","$v":"Message type not compatible with protocol state  "},{"$i":"call-info-element-not-implemented-error","$v":"Information element nonexistent or not implemented "},{"$i":"call-conditionalIe-error","$v":"Conditional IE error"},{"$i":"call-message-incompatible-protocol-state-error","$v":"Message not compatible with protocol state"},{"$i":"call-recovery-on-timer-expiry-error","$v":"Recovery on timer expiry "},{"$i":"call-protocol-error","$v":"Protocol Error, unspecified "},{"$i":"call-interworking-error","$v":"Interworking, unspecified "},{"$i":"call-service-option-not-subscribed-error","$v":"SIN SUBSCRIPCION AL SERVICIO -33-"},{"$i":"call-unknown-pdp-address-type-error","$v":"FALLA DE AUTENTICACION -29-"},{"$i":"mt-call-on-hold","$v":"L’appel a été mis en attente."},{"$i":"mt-call_retrieved","$v":"L’appel a été repris."},{"$i":"mt-multi_party_call","$v":"Vous avez été ajouté à un appel en conférence."},{"$i":"hangup-a11y-button","$v":""},{"$i":"pickup-a11y-button","$v":""},{"$i":"mute","$v":""},{"$i":"toggleKeypad","$v":""},{"$i":"newCall","$v":""},{"$i":"speakerOption","$v":""},{"$i":"bluetoothOption","$v":""},{"$i":"onHoldOption","$v":""},{"$i":"merge","$v":""},{"$i":"ignore","$v":""},{"$i":"dialerAddContact","$v":""},{"$i":"makeCall","$v":""},{"$i":"call-forwarding-async","$v":["Asynchrone : ",{"t":"idOrVar","v":"async"}]},{"$i":"call-forwarding-data","$v":["Données : ",{"t":"idOrVar","v":"data"}]},{"$i":"call-forwarding-error","$v":"Une erreur s’est produite lors de la récupération de l’état du transfert d’appel."},{"$i":"call-forwarding-fax","$v":["FAX : ",{"t":"idOrVar","v":"fax"}]},{"$i":"call-forwarding-inactive","$v":"Inactif"},{"$i":"call-forwarding-packet","$v":["Paquets : ",{"t":"idOrVar","v":"packet"}]},{"$i":"call-forwarding-pad","$v":["PAD : ",{"t":"idOrVar","v":"pad"}]},{"$i":"call-forwarding-sms","$v":["SMS : ",{"t":"idOrVar","v":"sms"}]},{"$i":"call-forwarding-status","$v":"État du renvoi d’appels"},{"$i":"call-forwarding-sync","$v":["Synchrone : ",{"t":"idOrVar","v":"sync"}]},{"$i":"call-forwarding-voice","$v":["Voix : ",{"t":"idOrVar","v":"voice"}]},{"$i":"call-forwarding-reason","$v":["Reason: ",{"t":"idOrVar","v":"reason"}]},{"$i":"scCallBarring","$v":"Interdiction d’appels"},{"$i":"scCallForwarding","$v":"Transfert d’appel"},{"$i":"scClip","$v":"Numéro de l'appelant (entrant)"},{"$i":"scClir","$v":"Numéro de l'appelant (sortant)"},{"$i":"scPwd","$v":"Modification du mot de passe"},{"$i":"scCallWaiting","$v":"Appel en attente"},{"$i":"scPin","$v":"Changement du code PIN"},{"$i":"scPin2","$v":"Changement du code PIN2"},{"$i":"scPuk","$v":"Code PIN de déblocage"},{"$i":"scPuk2","$v":"Code PIN2 de déblocage"},{"$i":"scImei","$v":"IMEI"},{"$i":"scMeid","$v":"MEID"},{"$i":"scUssd","$v":"USSD"},{"$i":"serviceClassVoice","$v":"Voix"},{"$i":"serviceClassData","$v":"Données"},{"$i":"serviceClassFax","$v":"FAX"},{"$i":"serviceClassSms","$v":"SMS"},{"$i":"serviceClassDataSync","$v":"Syncho."},{"$i":"serviceClassDataAsync","$v":"Asynchrone"},{"$i":"serviceClassPacket","$v":"Paquets"},{"$i":"serviceClassPad","$v":"PAD"},{"$i":"smServiceEnabled","$v":"Le service était activé"},{"$i":"smServiceDisabled","$v":"Le service a été désactivé"},{"$i":"smServiceRegistered","$v":"Échec de l’enregistrement"},{"$i":"smServiceErased","$v":"L’effacement a réussi"},{"$i":"smServiceInterrogated","$v":"La requête a réussi"},{"$i":"smServiceNotProvisioned","$v":"Service non provisionné"},{"$i":"smClirPermanent","$v":"Vous ne pouvez pas modifier le paramètre de présentation du numéro"},{"$i":"smClirDefaultOnNextCallOn","$v":"Présentation du numéro désactivée par défaut. Prochain appel : masqué"},{"$i":"smClirDefaultOnNextCallOff","$v":"Présentation du numéro désactivée par défaut. Prochain appel : affiché"},{"$i":"smClirDefaultOffNextCallOn","$v":"Présentation du numéro activée par défaut. Prochain appel : masqué"},{"$i":"smClirDefaultOffNextCallOff","$v":"Présentation du numéro activée par défaut. Prochain appel : affiché"},{"$i":"smServiceEnabledFor","$v":"Le service était activé pour :"},{"$i":"smPinChanged","$v":"Changement PIN réussi"},{"$i":"smPinUnblocked","$v":"Déblocage PIN réussi"},{"$i":"smPin2Changed","$v":"Changement PIN2 réussi"},{"$i":"smPin2Unblocked","$v":"Déblocage PIN2 réussi"},{"$i":"ServiceIsEnabled","$v":"Service activé"},{"$i":"ServiceIsDisabled","$v":"Service désactivé"},{"$i":"ServiceIsEnabledFor","$v":"Service activé pour :"},{"$i":"emMmiError","$v":"Problème de connexion ou code MMI non valide"},{"$i":"emMmiErrorPasswordIncorrect","$v":"Mot de passe incorrect"},{"$i":"emMmiErrorNotSupported","$v":"Code MMI non valide ou non pris en charge"},{"$i":"emMmiErrorInvalidAction","$v":"Action non valide"},{"$i":"emMmiErrorInvalidScCode","$v":"Code de service non valide"},{"$i":"emMmiErrorBadPuk","$v":"Le PUK saisi n’est pas correct"},{"$i":"emMmiErrorBadPin","$v":"L’ancien PIN saisi n’est pas correct."},{"$i":"emMmiErrorNeedPuk2","$v":"Saisissez le PUK2 pour déverrouiller la carte SIM"},{"$i":"emMmiErrorMismatchPin","$v":"Les PIN saisis ne correspondent pas"},{"$i":"emMmiErrorInvalidPin","$v":"Saisissez un PIN de 4 à 8 chiffres"},{"$i":"emMmiErrorNeedsPuk","$v":"Votre carte SIM est verrouillée par code PUK"},{"$i":"emMmiErrorEnablePin","$v":"Échec. Activer SIM/RUIM LOCK"},{"$i":"emMmiErrorMmiFdn","$v":"Opération restreinte à la liste de numéros autorisés (FDN)"},{"$i":"emMmiErrorStkCcUssdDial","$v":"Requête USSD modifiée en requête DIAL"},{"$i":"emMmiErrorStkCcUssdSs","$v":"Requête USSD modifiée en requête SS"},{"$i":"emMmiErrorStkCcUssdUssd","$v":"Requête USSD modifiée en nouvelle requête USSD"},{"$i":"emMmiErrorStkCcSsDial","$v":"Requête SS modifiée en requête DIAL"},{"$i":"emMmiErrorStkCcSsUssd","$v":"Requête SS modifiée en requête USSD"},{"$i":"emMmiErrorStkCcSsSs","$v":"Requête SS modifiée en nouvelle requête SS"},{"$i":"emMmiErrorPinPukAttempts","$v":{"few":[{"t":"idOrVar","v":"n"}," essais restants"],"many":[{"t":"idOrVar","v":"n"}," essais restants"],"one":["Seulement ",{"t":"idOrVar","v":"n"}," relance restante"],"other":[{"t":"idOrVar","v":"n"}," essais restants"],"two":[{"t":"idOrVar","v":"n"}," essais restants"]},"$x":[{"t":"idOrVar","v":"plural"},"n"]},{"$i":"emMmiErrorSimBlocked","$v":"Nombre maximal d’essais dépassé. SIM bloquée"},{"$i":"RadioNotAvailable","$v":"Radio indisponible"},{"$i":"GenericFailure","$v":"Erreur d’exécution de la requête."},{"$i":"PasswordIncorrect","$v":"Mot de passe incorrect"},{"$i":"SimPin2","$v":"Code PIN2 carte SIM"},{"$i":"SimPuk2","$v":"PUK2 carte SIM"},{"$i":"RequestNotSupported","$v":"Requête non prise en charge"},{"$i":"OpNotAllowedDuringVoiceCall","$v":"Opération non permise durant un appel"},{"$i":"SmsSendFailRetry","$v":"Échec de l’envoi du SMS, réessayer"},{"$i":"SimAbsent","$v":"SIM absente"},{"$i":"SubscriptionNotAvailable","$v":"Abonnement non disponible"},{"$i":"ModeNotSupported","$v":"Mode non pris en charge"},{"$i":"FdnCheckFailure","$v":"Échec de la vérification de la liste de numéros autorisés (FDN)"},{"$i":"IllegalSimOrMe","$v":"SIM ou ME illégal"},{"$i":"DialModifiedToUssd","$v":"Dial modifiée en USSD"},{"$i":"DialModifiedToSs","$v":"Dial modifiée en SS"},{"$i":"DialModifiedToDial","$v":"Dial modifiée en dial"},{"$i":"UssdModifiedToDial","$v":"USSD modifiée en dial"},{"$i":"UssdModifiedToSs","$v":"USSD modifiée en SS"},{"$i":"UssdModifiedToUssd","$v":"USSD modifiée en USSD"},{"$i":"SsModifiedToDial","$v":"SS modifiée en dial"},{"$i":"SsModifiedToUssd","$v":"SS modifiée en USSD"},{"$i":"SsModifiedToSs","$v":"SS modifiée en SS"},{"$i":"SubscriptionNotSupported","$v":"Abonnement non pris en charge"},{"$i":"InvalidParameter","$v":"Paramètre non valide"},{"$i":"RejectedByRemote","$v":"Rejeté par l’équipement distant"},{"$i":"error","$v":"Erreur"}]