[{"$i":"weekday-0-long","$v":"ראשון"},{"$i":"weekday-1-long","$v":"שני"},{"$i":"weekday-2-long","$v":"שלישי"},{"$i":"weekday-3-long","$v":"רביעי"},{"$i":"weekday-4-long","$v":"חמישי"},{"$i":"weekday-5-long","$v":"שישי"},{"$i":"weekday-6-long","$v":"שבת"},{"$i":"weekday-0-short","$v":"א'"},{"$i":"weekday-1-short","$v":"ב'"},{"$i":"weekday-2-short","$v":"ג'"},{"$i":"weekday-3-short","$v":"ד'"},{"$i":"weekday-4-short","$v":"ה'"},{"$i":"weekday-5-short","$v":"ו'"},{"$i":"weekday-6-short","$v":"ש'"},{"$i":"month-0-long","$v":"ינואר"},{"$i":"month-1-long","$v":"פברואר"},{"$i":"month-2-long","$v":"מרץ"},{"$i":"month-3-long","$v":"אפריל"},{"$i":"month-4-long","$v":"מאי"},{"$i":"month-5-long","$v":"יוני"},{"$i":"month-6-long","$v":"יולי"},{"$i":"month-7-long","$v":"אוגוסט"},{"$i":"month-8-long","$v":"ספטמבר"},{"$i":"month-9-long","$v":"אוקטובר"},{"$i":"month-10-long","$v":"נובמבר"},{"$i":"month-11-long","$v":"דצמבר"},{"$i":"month-0-genitive","$v":"ינואר"},{"$i":"month-1-genitive","$v":"פברואר"},{"$i":"month-2-genitive","$v":"מרץ"},{"$i":"month-3-genitive","$v":"אפריל"},{"$i":"month-4-genitive","$v":"מאי"},{"$i":"month-5-genitive","$v":"יוני"},{"$i":"month-6-genitive","$v":"יולי"},{"$i":"month-7-genitive","$v":"אוגוסט"},{"$i":"month-8-genitive","$v":"ספטמבר"},{"$i":"month-9-genitive","$v":"אוקטובר"},{"$i":"month-10-genitive","$v":"נובמבר"},{"$i":"month-11-genitive","$v":"דצמבר"},{"$i":"month-0-short","$v":"ינו"},{"$i":"month-1-short","$v":"פבר"},{"$i":"month-2-short","$v":"מרץ"},{"$i":"month-3-short","$v":"אפר"},{"$i":"month-4-short","$v":"מאי"},{"$i":"month-5-short","$v":"יונ"},{"$i":"month-6-short","$v":"יול"},{"$i":"month-7-short","$v":"אוג"},{"$i":"month-8-short","$v":"ספט"},{"$i":"month-9-short","$v":"אוק"},{"$i":"month-10-short","$v":"נוב"},{"$i":"month-11-short","$v":"דצמ"},{"$i":"minutes-ago-long","$v":{"few":["לפני ",{"t":"idOrVar","v":"value"}," דקות"],"many":["לפני ",{"t":"idOrVar","v":"value"}," דקות"],"other":["לפני ",{"t":"idOrVar","v":"value"}," דקות"],"two":["לפני ",{"t":"idOrVar","v":"value"}," דקות"],"one":"לפני דקה","zero":"בדיוק כעת"},"$x":[{"t":"idOrVar","v":"plural"},"value"]},{"$i":"hours-ago-long","$v":{"few":["לפני ",{"t":"idOrVar","v":"value"}," שעות"],"many":["לפני ",{"t":"idOrVar","v":"value"}," שעות"],"other":["לפני ",{"t":"idOrVar","v":"value"}," שעות"],"two":["לפני ",{"t":"idOrVar","v":"value"}," שעות"],"one":"לפני 1 שעה","zero":"בדיוק כעת"},"$x":[{"t":"idOrVar","v":"plural"},"value"]},{"$i":"days-ago-long","$v":{"few":["לפני ",{"t":"idOrVar","v":"value"}," ימים"],"many":["לפני ",{"t":"idOrVar","v":"value"}," ימים"],"one":"אתמול","other":["לפני ",{"t":"idOrVar","v":"value"}," ימים"],"two":["לפני ",{"t":"idOrVar","v":"value"}," ימים"],"zero":"היום"},"$x":[{"t":"idOrVar","v":"plural"},"value"]},{"$i":"weeks-ago-long","$v":{"few":["לפני ",{"t":"idOrVar","v":"value"}," שבועות"],"many":["לפני ",{"t":"idOrVar","v":"value"}," שבועות"],"one":"השבוע שעבר","other":["לפני ",{"t":"idOrVar","v":"value"}," שבועות"],"two":["לפני ",{"t":"idOrVar","v":"value"}," שבועות"],"zero":"השבוע"},"$x":[{"t":"idOrVar","v":"plural"},"value"]},{"$i":"months-ago-long","$v":{"few":["לפני ",{"t":"idOrVar","v":"value"}," חודשים"],"many":["לפני ",{"t":"idOrVar","v":"value"}," חודשים"],"one":"חודש האחרון","other":["לפני ",{"t":"idOrVar","v":"value"}," חודשים"],"two":["לפני ",{"t":"idOrVar","v":"value"}," חודשים"],"zero":"החודש"},"$x":[{"t":"idOrVar","v":"plural"},"value"]},{"$i":"years-ago-long","$v":{"few":["לפני ",{"t":"idOrVar","v":"value"}," שנים"],"many":["לפני ",{"t":"idOrVar","v":"value"}," שנים"],"one":"השנה שעברה","other":["לפני ",{"t":"idOrVar","v":"value"}," שנים"],"two":["לפני ",{"t":"idOrVar","v":"value"}," שנים"],"zero":"השנה"},"$x":[{"t":"idOrVar","v":"plural"},"value"]},{"$i":"minutes-until-long","$v":{"few":["בתוך ",{"t":"idOrVar","v":"value"}," דקות"],"many":["בתוך ",{"t":"idOrVar","v":"value"}," דקות"],"other":["בתוך ",{"t":"idOrVar","v":"value"}," דקות"],"two":["בתוך ",{"t":"idOrVar","v":"value"}," דקות"],"zero":"כעת","one":"תוך דקה"},"$x":[{"t":"idOrVar","v":"plural"},"value"]},{"$i":"hours-until-long","$v":{"few":["בתוך ",{"t":"idOrVar","v":"value"}," שעות"],"many":["בתוך ",{"t":"idOrVar","v":"value"}," שעות"],"other":["בתוך ",{"t":"idOrVar","v":"value"}," שעות"],"two":["בתוך ",{"t":"idOrVar","v":"value"}," שעות"],"zero":"כעת","one":"תוך שעה"},"$x":[{"t":"idOrVar","v":"plural"},"value"]},{"$i":"days-until-long","$v":{"few":["בתוך ",{"t":"idOrVar","v":"value"}," ימים"],"many":["בתוך ",{"t":"idOrVar","v":"value"}," ימים"],"one":"מחר","other":["בתוך ",{"t":"idOrVar","v":"value"}," ימים"],"two":["בתוך ",{"t":"idOrVar","v":"value"}," ימים"],"zero":"היום"},"$x":[{"t":"idOrVar","v":"plural"},"value"]},{"$i":"weeks-until-long","$v":{"few":["בתוך ",{"t":"idOrVar","v":"value"}," שבועות"],"many":["בתוך ",{"t":"idOrVar","v":"value"}," שבועות"],"one":"השבוע הבא","other":["בתוך ",{"t":"idOrVar","v":"value"}," שבועות"],"two":["בתוך ",{"t":"idOrVar","v":"value"}," שבועות"],"zero":"השבוע"},"$x":[{"t":"idOrVar","v":"plural"},"value"]},{"$i":"months-until-long","$v":{"few":["בתוך ",{"t":"idOrVar","v":"value"}," חודשים"],"many":["בתוך ",{"t":"idOrVar","v":"value"}," חודשים"],"one":"החודש הבא","other":["בתוך ",{"t":"idOrVar","v":"value"}," חודשים"],"two":["בתוך ",{"t":"idOrVar","v":"value"}," חודשים"],"zero":"החודש"},"$x":[{"t":"idOrVar","v":"plural"},"value"]},{"$i":"years-until-long","$v":{"few":["בתוך ",{"t":"idOrVar","v":"value"}," שנים"],"many":["בתוך ",{"t":"idOrVar","v":"value"}," שנים"],"one":"השנה הבאה","other":["בתוך ",{"t":"idOrVar","v":"value"}," שנים"],"two":["בתוך ",{"t":"idOrVar","v":"value"}," שנים"],"zero":"השנה"},"$x":[{"t":"idOrVar","v":"plural"},"value"]},{"$i":"minutes-ago-short","$v":{"other":[{"t":"idOrVar","v":"value"}," דק' לפני"],"zero":"בדיוק כעת"},"$x":[{"t":"idOrVar","v":"plural"},"value"]},{"$i":"hours-ago-short","$v":{"other":[{"t":"idOrVar","v":"value"}," שע' לפני"],"zero":"בדיוק כעת"},"$x":[{"t":"idOrVar","v":"plural"},"value"]},{"$i":"days-ago-short","$v":{"other":[{"t":"idOrVar","v":"value"}," ימים לפני"],"zero":"היום"},"$x":[{"t":"idOrVar","v":"plural"},"value"]},{"$i":"minutes-until-short","$v":{"other":["בתוך ",{"t":"idOrVar","v":"value"},"דקות"],"zero":"כעת"},"$x":[{"t":"idOrVar","v":"plural"},"value"]},{"$i":"hours-until-short","$v":{"other":["בתוך ",{"t":"idOrVar","v":"value"},"שעות"],"zero":"כעת"},"$x":[{"t":"idOrVar","v":"plural"},"value"]},{"$i":"days-until-short","$v":{"other":["בתוך ",{"t":"idOrVar","v":"value"},"ימים"],"zero":"היום"},"$x":[{"t":"idOrVar","v":"plural"},"value"]},{"$i":"incorrectDate","$v":"(תאריך שגוי)"},{"$i":"dateTimeFormat_%c","$v":"%a %b %e %Y %I:%M:%S %p"},{"$i":"dateTimeFormat_%x","$v":"%m/%d/%Y"},{"$i":"dateTimeFormat_%X","$v":"%I:%M:%S ‏%p"},{"$i":"shortTimeFormat","$v":"%I:%M %p"},{"$i":"shortTimeFormat12","$v":"%I:%M %p"},{"$i":"shortTimeFormat24","$v":"%H:%M"},{"$i":"shortDateTimeFormat","$v":"%x %I:%M %p"},{"$i":"weekStartsOnMonday","$v":"0.0"},{"$i":"firstDayOfTheWeek","$v":"0.0"},{"$i":"time_am","$v":"בבוקר"},{"$i":"time_pm","$v":"אחר הצהריים"},{"$i":"airplaneMode","$v":"מצב טיסה"},{"$i":"searching","$v":"מחפש..."},{"$i":"noNetwork","$v":"אין רשת"},{"$i":"roaming","$v":[{"t":"idOrVar","v":"operator"}," (נדידה)"]},{"$i":"operator-info","$v":[{"t":"idOrVar","v":"carrier"}," ",{"t":"idOrVar","v":"region"}]},{"$i":"emergencyCallsOnly","$v":"שיחות חירום בלבד"},{"$i":"emergencyCallsOnly-unknownSIMState","$v":"(מצב כרטיס SIM בלתי ידוע)"},{"$i":"emergencyCallsOnly-noSIM","$v":"(אין SIM)"},{"$i":"emergencyCallsOnly-pinRequired","$v":"(נדרש PIN של SIM)"},{"$i":"emergencyCallsOnly-pukRequired","$v":"(נדרש PUK של SIM)"},{"$i":"emergencyCallsOnly-networkLocked","$v":"(רשת נעולה)"},{"$i":"emergencyCallsOnly-serviceProviderLocked","$v":"(ספק שירות נעול)"},{"$i":"emergencyCallsOnly-corporateLocked","$v":"(corporate locked)"},{"$i":"emergencyCallsOnly-network1Locked","$v":"(רשת1 נעולה)"},{"$i":"emergencyCallsOnly-network2Locked","$v":"(רשת2 נעולה)"},{"$i":"emergencyCallsOnly-hrpdNetworkLocked","$v":"(רשת hrpd נעולה)"},{"$i":"emergencyCallsOnly-ruimCorporateLocked","$v":"(ruim חברה נעול)"},{"$i":"emergencyCallsOnly-ruimServiceProviderLocked","$v":"(ספק שירות ruim נעול)"},{"$i":"lockscreen-sim-id","$v":["SIM ",{"t":"idOrVar","v":"n"}]},{"$i":"charging-no-time","$v":[{"t":"idOrVar","v":"level"},"% טעונה"]},{"$i":"charging-minutes","$v":{"few":[{"t":"idOrVar","v":"level"},"% טעונה (",{"t":"idOrVar","v":"minutes"}," דק' עד טעינה מלאה)"],"many":[{"t":"idOrVar","v":"level"},"% טעונה (",{"t":"idOrVar","v":"minutes"}," דק' עד טעינה מלאה)"],"one":[{"t":"idOrVar","v":"level"},"% טעונה (",{"t":"idOrVar","v":"minutes"}," דק' עד טעינה מלאה)"],"other":[{"t":"idOrVar","v":"level"},"% טעונה (",{"t":"idOrVar","v":"minutes"}," דק' עד טעינה מלאה)"],"two":[{"t":"idOrVar","v":"level"},"% טעונה (",{"t":"idOrVar","v":"minutes"}," דק' עד טעינה מלאה)"],"zero":[{"t":"idOrVar","v":"level"},"% טעונה (",{"t":"idOrVar","v":"minutes"}," דק' עד טעינה מלאה)"]},"$x":[{"t":"idOrVar","v":"plural"},"minutes"]},{"$i":"charging-hours","$v":{"few":[{"t":"idOrVar","v":"level"},"% טעונה (",{"t":"idOrVar","v":"hours"},"שע' ",{"t":"idOrVar","v":"minutes"}," דק' עד טעינה מלאה)"],"many":[{"t":"idOrVar","v":"level"},"% טעונה (",{"t":"idOrVar","v":"hours"},"שע' ",{"t":"idOrVar","v":"minutes"}," דק' עד טעינה מלאה)"],"one":[{"t":"idOrVar","v":"level"},"% טעונה (",{"t":"idOrVar","v":"hours"},"שע' ",{"t":"idOrVar","v":"minutes"}," דק' עד טעינה מלאה)"],"other":[{"t":"idOrVar","v":"level"},"% טעונה (",{"t":"idOrVar","v":"hours"},"שע' ",{"t":"idOrVar","v":"minutes"}," דק' עד טעינה מלאה)"],"two":[{"t":"idOrVar","v":"level"},"% טעונה (",{"t":"idOrVar","v":"hours"},"שע' ",{"t":"idOrVar","v":"minutes"}," דק' עד טעינה מלאה)"],"zero":[{"t":"idOrVar","v":"level"},"% טעונה (",{"t":"idOrVar","v":"hours"},"שע' ",{"t":"idOrVar","v":"minutes"}," דק' עד טעינה מלאה)"]},"$x":[{"t":"idOrVar","v":"plural"},"minutes"]},{"$i":"phoneNumberInput","ariaLabel":"מספר טלפון"},{"$i":"keypadDelete","ariaLabel":"מחק"},{"$i":"voiceMailKey","ariaLabel":"הודעה קולית"},{"$i":"asterisk","ariaLabel":"כוכבית"},{"$i":"hashSign","ariaLabel":"סולמית"},{"$i":"cancel","$v":"בטל"},{"$i":"loadingSimContacts","$v":"טוען אנשי קשר מכרטיס SIM…"},{"$i":"noContactsWereFound","$v":"לא נמצאו אנשי קשר"},{"$i":"noContactsFoundDialogOk","$v":"אישור"},{"$i":"emergencyNumber","$v":"מספר חירום"},{"$i":"callAirplaneModeMessage","$v":"כדי לבצע שיחה עליך לבטל את מצב הטיסה בהגדרות."},{"$i":"callAirplaneModeBtnOk","$v":"אישור"},{"$i":"callAirplaneModeTitle","$v":"מצב טיסה מופעל"},{"$i":"numberIsBusyTitle","$v":"המספר תפוס"},{"$i":"numberIsBusyMessage","$v":"המספר תפוס כרגע. נא לנסות שוב מאוחר יותר."},{"$i":"fdnIsActiveTitle","$v":"‏FDN פעיל"},{"$i":"fdnIsActiveMessage","$v":["‏FDN (מספרי חיוג קבועים) מופעל והמספר הבא אינו ברשימת FDN שלך: ",{"t":"idOrVar","v":"number"}]},{"$i":"emergencyDialogBodyBadNumber","$v":"כדי לבצע שיחה, הטלפון חייב להיות מחובר לרשת כלשהי."},{"$i":"emergencyDialogBodyDeviceNotAccepted","$v":"שיחות חירום אינן מותרות על ידי הרשת."},{"$i":"emergencyDialogBtnOk","$v":"אישור"},{"$i":"emergencyDialogTitle","$v":"אין חיבור רשת"},{"$i":"invalidNumberToDialTitle","$v":"מספר טלפון בלתי חוקי"},{"$i":"invalidNumberToDialMessage","$v":"מספר הטלפון שאליו אתה מתקשר אינו חוקי."},{"$i":"unableToCallTitle","$v":"לא ניתן לבצע שיחה. "},{"$i":"unableToCallMessage","$v":"אין אפשרות לבצע כעת שיחת טלפון"},{"$i":"otherConnectionInUseTitle","$v":"חיבורים אחרים שבשימוש"},{"$i":"otherConnectionInUseMessage","$v":"יש לך שיחה פעילה בחיבור אחר. ניתן להשתמש רק בחיבור אחד בכל פעם."},{"$i":"connectingEllipsis","$v":"מתחבר…"},{"$i":"clear","$v":"מחק"},{"$i":"dialer","$v":"חייגן"},{"$i":"vt-incoming-call","$v":"שיחת וידאו נכנסת ..."},{"$i":"kai-incoming-call","$v":"שיחה נכנסת"},{"$i":"kai-in-call","$v":"בשיחה"},{"$i":"kai-answer","$v":"תשובה"},{"$i":"kai-end-answer","$v":"סוף ותשובה"},{"$i":"kai-decline","$v":"סרב"},{"$i":"enter-passcode","$v":"הזן סיסמה כדי לבטל את נעילת המסך."},{"$i":"passcode-error","$v":"קוד בלתי חוקי, נא לנסות שוב."},{"$i":"lockscreenInvalidCode","$v":"קוד לא תקין."},{"$i":"lockscreenColdDown","$v":["קוד לא חוקי. נסה בעוד ",{"t":"idOrVar","v":"n"},"."]},{"$i":"lockscreenCheckLockCode","$v":{"few":["קוד לא חוקי. נותרו עוד ",{"t":"idOrVar","v":"n"}," ניסיונות."],"one":["קוד לא חוקי. נותר עוד ניסיון ",{"t":"idOrVar","v":"n"},"."],"other":["קוד לא חוקי. נותרו עוד ",{"t":"idOrVar","v":"n"}," ניסיונות."],"two":["קוד לא חוקי. נותרו עוד ",{"t":"idOrVar","v":"n"}," ניסיונות."]},"$x":[{"t":"idOrVar","v":"plural"},"n"]},{"$i":"videoCall","$v":"שיחת וידאו"},{"$i":"voice-call","$v":"שיחה קולית"},{"$i":"video-call","$v":"שיחת וידאו"},{"$i":"message","$v":"הודעות"},{"$i":"answer-rtt-call","$v":"מענה ל-RTT"},{"$i":"req-rtt-call","$v":"ANS RTT"},{"$i":"rtt-call","$v":"שיחת RTT"},{"$i":"rtt-view","$v":"תצוגת RTT"},{"$i":"change-to-rtt-call","$v":"מתחבר לשיחת RTT..."},{"$i":"change-to-voice-call","$v":"עבר לשיחה קולית."},{"$i":"upgrading-rtt","$v":"משדרג לשיחת RTT..."},{"$i":"rtt-call-failed","$v":"שיחת RTT נכשלה."},{"$i":"voice-call-failed","$v":"שיחה קולית נכשלה."},{"$i":"rtt","$v":"RTT"},{"$i":"rtt-emegency-upgrade-rejected","$v":"‏RTT אינו זמין לשיחה זו למוקד 911."},{"$i":"rtt-emegency-downgrade","$v":"‏RTT אינו זמין לשיחה זו למוקד 911. השיחה חוברה כשיחה קולית בלבד. אם אתה נתקל בבעיות, בצע שיחה קולית או שיחת ממסר למוקד 911."},{"$i":"voice-only-call","$v":"השיחה שלך חוברה כשיחת קולית בלבד."},{"$i":"ans-rtt-failed","$v":"ביצוע שיחת RTT נכשל. השיחה שלך חוברה כשיחת קולית בלבד."},{"$i":"back","$v":"חזרה"},{"$i":"new-message","$v":"הודעות חדשות מאת"},{"$i":"kai-mute","$v":"לְהַשְׁתִיק"},{"$i":"kai-unmute","$v":"בטל השתקה"},{"$i":"kai-speaker","$v":"רמקול"},{"$i":"kai-speaker-off","$v":"הרמקול כבוי"},{"$i":"kai-microphone-mute-notification","$v":"המיקרופון הושתק"},{"$i":"kai-microphone-active-notification","$v":"המיקרופון פעיל"},{"$i":"kai-speaker-off-notification","$v":"הרמקול החיצוני כבה"},{"$i":"kai-speaker-on-notification","$v":"הרמקול החיצוני נדלק"},{"$i":"kai-hold-and-answer","$v":"שימו על המתנה ותענו"},{"$i":"kai-ignore-call","$v":"התעלם משיחה נכנסת"},{"$i":"kai-add-to-call","$v":"הוסף שיחה"},{"$i":"kai-switch-to-second-line","$v":"החלף בין השיחות"},{"$i":"kai-merge-calls","$v":"מיזוג שיחה"},{"$i":"ok","$v":"אישור"},{"$i":"losing-wifi-msg","$v":"מאבד WiFi"},{"$i":"personal","$v":"אישי"},{"$i":"mobile","$v":"טלפון נייד"},{"$i":"home","$v":"בית"},{"$i":"work","$v":"עבודה"},{"$i":"other","$v":"אחר"},{"$i":"fax-home","$v":"פקס בבית"},{"$i":"fax-office","$v":"פס במשרד"},{"$i":"fax-other","$v":"פקס אחר"},{"$i":"hd","$v":"HD"},{"$i":"manage-call","$v":"נהל שיחה"},{"$i":"end","$v":"סיים שיחה"},{"$i":"private","$v":"פרטי"},{"$i":"sound","$v":"שמע"},{"$i":"bluetooth-device","$v":"התקן בלוטות'"},{"$i":"handset-earpiece","$v":"מכשיר"},{"$i":"speaker","$v":"רמקול"},{"$i":"call-ended","$v":"השיחה הסתיימה"},{"$i":"payphone","$v":"טלפון ציבורי"},{"$i":"contact","$v":"איש קשר"},{"$i":"dialer-prompt","$v":"חייג מספר או בחר איש קשר להוספה לשיחה"},{"$i":"call","$v":"שיחה"},{"$i":"hold","$v":"העבר להמתנה"},{"$i":"callHeldDuration","$v":["העבר להמתנה (",{"t":"idOrVar","v":"duration"},")"]},{"$i":"volume","$v":"עוצמת קול"},{"$i":"softkey-options","$v":"אפשרויות"},{"$i":"unhold-call","$v":"הוצא שיחה מהמתנה"},{"$i":"hold-call","$v":"העבר שיחה להמתנה"},{"$i":"select","$v":"בחר"},{"$i":"unknown","$v":"לא ידוע"},{"$i":"switch-calls","$v":"החלף שיחות"},{"$i":"voiceMail","$v":"הודעה קולית"},{"$i":"incoming","$v":"נכנסות"},{"$i":"outgoing","$v":"יוצאות"},{"$i":"callEnded","$v":"השיחה הסתיימה"},{"$i":"callEndedDuration","$v":["השיחה הסתיימה (",{"t":"idOrVar","v":"duration"},")"]},{"$i":"conferenceAddError","$v":"איני מסוגל למזג שיחות טלפון"},{"$i":"conferenceRemoveError","$v":"איני מסוגל לבטל מיזוג שיחות טלפון"},{"$i":"valid-number","$v":"מספר תקף"},{"$i":"numberBlockedMessage","$v":"המספר הזה חסום. אתה יכול לבקש מההורים שלך רשות."},{"$i":"callDurationMinutes","$v":[{"t":"idOrVar","v":"m"},":",{"t":"idOrVar","v":"s"}]},{"$i":"callDurationHours","$v":[{"t":"idOrVar","v":"h"},":",{"t":"idOrVar","v":"m"},":",{"t":"idOrVar","v":"s"}]},{"$i":"switch-to-device-toast","$v":"מועבר להתקן בלוטות'"},{"$i":"switch-to-handset-toast","$v":"מועבר לאוזניית הטלפון"},{"$i":"switch-to-speaker-toast","$v":"מועבר לרמקול"},{"$i":"connecting","$v":"מחובר"},{"$i":"wifi-call-quality-excellent","$v":"מצוין"},{"$i":"wifi-call-quality-fair","$v":"סביר"},{"$i":"wifi-call-quality-bad","$v":"גרוע"},{"$i":"call-left-conference-toast","$v":"עזב את השיחה"},{"$i":"camera-off","$v":"מצלמה כבויה"},{"$i":"camera-on","$v":"המצלמה פועלת"},{"$i":"rear-camera","$v":"מצלמה אחורית"},{"$i":"front-camera","$v":"מצלמה קדמית"},{"$i":"hide-info","$v":"הסתר מידע"},{"$i":"show-info","$v":"הצג מידע"},{"$i":"video-call-rejected","$v":"שיחת וידאו נדחתה, עבור לשיחה קולית."},{"$i":"video-call-not-support","$v":"אין תמיכה בשיחת וידאו."},{"$i":"video-call-rejected-timeout","$v":"שיחת וידאו נדחתה או פסק זמן קצוב."},{"$i":"video-call-from","$v":["מקבל שיחת וידאו מ",{"t":"idOrVar","v":"name"},"."]},{"$i":"video-call-canceled","$v":"שיחת וידאו בוטלה."},{"$i":"video-call-failed","$v":"שיחת וידאו נכשלה."},{"$i":"call-downgraded","$v":"התקשר לאחור."},{"$i":"wifi-calling","$v":"‏Wi-Fi מחייג"},{"$i":"wifi-calling-1","$v":"ייתכן שהשיחה תתנתק."},{"$i":"wifi-calling-2","$v":"אתה נמצא כמעט מחוץ לטווח של כיסוי Wi-Fi."},{"$i":"wifi-calling-dropped","$v":"שיחת Wi-Fi התנתקה."},{"$i":"accept","$v":"קבל"},{"$i":"conference-call-num","$v":[{"t":"idOrVar","v":"num"}," אנשים בשיחה."]},{"$i":"more","$v":"עוד"},{"$i":"rec","$v":"REC"},{"$i":"start-recording-call","$v":"התחל הקלטת שיחה."},{"$i":"stop-recording-call","$v":"הפסק הקלטת שיחה."},{"$i":"insufficient-storage","$v":"אין מספיק מקום אחסון. ההקלטה הופסקה."},{"$i":"confirmation","$v":"אישור"},{"$i":"get-empty-ussd","$v":"התקבלה תשובה null."},{"$i":"message-sent","$v":"ההודעה נשלחה"},{"$i":"messages","$v":"הודעות"},{"$i":"wait","$v":"המתן בבקשה..."},{"$i":"send","$v":"שליחה"},{"$i":"reply","$v":"מענה"},{"$i":"reply-message-1","$v":"סליחה, אני לא יכול לדבר כרגע."},{"$i":"reply-message-2","$v":"אני בדרך."},{"$i":"reply-message-3","$v":"האם אוכל להתקשר אליך אחר כך?"},{"$i":"reply-message-4","$v":"המותאם אישית..."},{"$i":"reply-to-name","$v":["השיב ל",{"t":"idOrVar","v":"name"}]},{"$i":"call-busy-error","$v":"BusyError"},{"$i":"call-bad-number-error","$v":"BadNumberError"},{"$i":"call-no-route-to-destination-error","$v":"No route to destination."},{"$i":"call-channel-unacceptable-error","$v":"Channel unacceptable"},{"$i":"call-operator-determined-barring-error","$v":"Operator determined barring"},{"$i":"call-normal-call-clearing-error","$v":"LLAMADA TERMINADA"},{"$i":"call-no-user-responding-error","$v":"No user responding"},{"$i":"call-user-alerting-no-answer-error","$v":"User alerting, no answer  "},{"$i":"call-call-rejected-error","$v":"Call rejected"},{"$i":"call-number-changed-error","$v":"Number Changed "},{"$i":"call-pre-emption-error","$v":"Pre-emption"},{"$i":"call-destination-out-of-order-error","$v":"Destination out of order "},{"$i":"call-invalid-number-format-error","$v":"Invalid number format "},{"$i":"call-facility-rejected-error","$v":"Facility rejected "},{"$i":"call-response-to-status-enquiry-error","$v":"Response to "},{"$i":"call-unspecified-error","$v":"Normal, unspecified "},{"$i":"call-congestion-error","$v":"No circuit/channel available"},{"$i":"call-network-out-of-order-error","$v":"Network out of order  "},{"$i":"call-network-temp-failure-error","$v":"Temporary Failure"},{"$i":"call-switching-equip-congestion-error","$v":"Switching equipment congestion"},{"$i":"call-access-info-discarded-error","$v":"Access information discarded "},{"$i":"call-requested-channel-not-available-error","$v":"requested circuit/channel not available"},{"$i":"call-resource-unavailable-error","$v":"Resources unavailable, unspecified"},{"$i":"call-qos-unavailable-error","$v":"Quality of service unavailable"},{"$i":"call-requested-facility-not-subscribed-error","$v":"Requested facility not subscribed"},{"$i":"call-incoming-calls-barred-within-cug-error","$v":"Incoming calls barred within the CUG"},{"$i":"call-bearer-capability-not-authorized-error","$v":"Bearer capability not authorized"},{"$i":"call-bearer-capability-not-available-error","$v":"Bearer capability not presently available"},{"$i":"call-service-not-available-error","$v":"Service or option not available, unspecified"},{"$i":"call-bearer-not-implemented-error","$v":"Bearer service not implemented"},{"$i":"call-incoming-call-exceeded-error","$v":"ACM equal to greater than ACMmax"},{"$i":"call-requested-facility-not-implemented-error","$v":"Requested facility not implemented"},{"$i":"call-unrestricted-bearer-not-available-error","$v":"Only restricted digital information bearer capability is available"},{"$i":"call-service-not-implemented-error","$v":"Service or option not implemented, unspecified "},{"$i":"call-invalid-transaction-id-error","$v":"Invalid transaction identifier value  "},{"$i":"call-not-cug-member-error","$v":"User not member of CUG "},{"$i":"call-incompatible-destination-error","$v":"Incompatible destination  "},{"$i":"call-invalid-transit-network-selection-error","$v":"Invalid transit network selection"},{"$i":"call-semantically-incorrect-message-error","$v":"Semantically incorrect message "},{"$i":"call-invalid-mandatory-info-error","$v":"Invalid mandatory information"},{"$i":"call-message-type-not-implemented-error","$v":"Message type-non compatible with protocol state "},{"$i":"call-message-type-incompatible-protocol-state-error","$v":"Message type not compatible with protocol state  "},{"$i":"call-info-element-not-implemented-error","$v":"Information element nonexistent or not implemented "},{"$i":"call-conditionalIe-error","$v":"Conditional IE error"},{"$i":"call-message-incompatible-protocol-state-error","$v":"Message not compatible with protocol state"},{"$i":"call-recovery-on-timer-expiry-error","$v":"Recovery on timer expiry "},{"$i":"call-protocol-error","$v":"Protocol Error, unspecified "},{"$i":"call-interworking-error","$v":"Interworking, unspecified "},{"$i":"call-service-option-not-subscribed-error","$v":"SIN SUBSCRIPCION AL SERVICIO -33-"},{"$i":"call-unknown-pdp-address-type-error","$v":"FALLA DE AUTENTICACION -29-"},{"$i":"mt-call-on-hold","$v":"השיחה הועברה להמתנה."},{"$i":"mt-call_retrieved","$v":"השיחה אוחזרה."},{"$i":"mt-multi_party_call","$v":"צורפת לשיחת ועידה."},{"$i":"hangup-a11y-button","$v":""},{"$i":"pickup-a11y-button","$v":""},{"$i":"mute","$v":""},{"$i":"toggleKeypad","$v":""},{"$i":"newCall","$v":""},{"$i":"speakerOption","$v":""},{"$i":"bluetoothOption","$v":""},{"$i":"onHoldOption","$v":""},{"$i":"merge","$v":""},{"$i":"ignore","$v":""},{"$i":"dialerAddContact","$v":""},{"$i":"makeCall","$v":""},{"$i":"call-forwarding-async","$v":["אסינכרוני: ",{"t":"idOrVar","v":"async"}]},{"$i":"call-forwarding-data","$v":["נתונים: ",{"t":"idOrVar","v":"data"}]},{"$i":"call-forwarding-error","$v":"אירעה שגיאה בעת אחזור סטטוס העברת שיחות"},{"$i":"call-forwarding-fax","$v":["פקס: ",{"t":"idOrVar","v":"fax"}]},{"$i":"call-forwarding-inactive","$v":"בלתי פעיל"},{"$i":"call-forwarding-packet","$v":["חבילה: ",{"t":"idOrVar","v":"packet"}]},{"$i":"call-forwarding-pad","$v":["PAD: ",{"t":"idOrVar","v":"pad"}]},{"$i":"call-forwarding-sms","$v":["SMS: ",{"t":"idOrVar","v":"sms"}]},{"$i":"call-forwarding-status","$v":"סטטוס העברת שיחה"},{"$i":"call-forwarding-sync","$v":["סינכרוני: ",{"t":"idOrVar","v":"sync"}]},{"$i":"call-forwarding-voice","$v":["קול: ",{"t":"idOrVar","v":"voice"}]},{"$i":"call-forwarding-reason","$v":["Reason: ",{"t":"idOrVar","v":"reason"}]},{"$i":"scCallBarring","$v":"חסימת שיחה"},{"$i":"scCallForwarding","$v":"העברת שיחה"},{"$i":"scClip","$v":"מזהה מחייג שיחה נכנסת"},{"$i":"scClir","$v":"זיהוי מחייג החוצה"},{"$i":"scPwd","$v":"שינו סיסמה"},{"$i":"scCallWaiting","$v":"שיחה ממתינה"},{"$i":"scPin","$v":"החלפת PIN"},{"$i":"scPin2","$v":"שינוי PIN2"},{"$i":"scPuk","$v":"שחרר נעילת PIN"},{"$i":"scPuk2","$v":"שחרר נעילת PIN2"},{"$i":"scImei","$v":"IMEI"},{"$i":"scMeid","$v":"MEID"},{"$i":"scUssd","$v":"USSD"},{"$i":"serviceClassVoice","$v":"קול"},{"$i":"serviceClassData","$v":"נתונים"},{"$i":"serviceClassFax","$v":"פקס"},{"$i":"serviceClassSms","$v":"SMS"},{"$i":"serviceClassDataSync","$v":"סנכרן"},{"$i":"serviceClassDataAsync","$v":"אסינכרוני"},{"$i":"serviceClassPacket","$v":"חבילה"},{"$i":"serviceClassPad","$v":"PAD"},{"$i":"smServiceEnabled","$v":"השירות הופעל"},{"$i":"smServiceDisabled","$v":"השירות הושבת"},{"$i":"smServiceRegistered","$v":"ההרשמה הצליחה"},{"$i":"smServiceErased","$v":"מחיקה הצליחה"},{"$i":"smServiceInterrogated","$v":"הבקשה נכשלה"},{"$i":"smServiceNotProvisioned","$v":"השירות אינו ניתן"},{"$i":"smClirPermanent","$v":"אינך יכול לשנות את הגדרת מזהה המחייג"},{"$i":"smClirDefaultOnNextCallOn","$v":"ברירות המחדל של זיהוי מחייג אל מוגבל: השיחה הבאה: מוגבל"},{"$i":"smClirDefaultOnNextCallOff","$v":"ברירות המחדל של זיהוי מחייג אל מוגבל: השיחה הבאה: בלתי מוגבל"},{"$i":"smClirDefaultOffNextCallOn","$v":"ברירות המחדל של זיהוי מחייג אל בלתי מוגבל: השיחה הבאה: מוגבל"},{"$i":"smClirDefaultOffNextCallOff","$v":"ברירות המחדל של זיהוי מחייג אל בלתי מוגבל: השיחה הבאה: בלתי מוגבל"},{"$i":"smServiceEnabledFor","$v":"השירות הופעל עבור:"},{"$i":"smPinChanged","$v":"PIN הוחלף בהצלחה"},{"$i":"smPinUnblocked","$v":"חסימת PIN בוטלה בהצלחה"},{"$i":"smPin2Changed","$v":"PIN2 הוחלף בהצלחה"},{"$i":"smPin2Unblocked","$v":"חסימת PIN2 בוטלה בהצלחה"},{"$i":"ServiceIsEnabled","$v":"השירות מופעל"},{"$i":"ServiceIsDisabled","$v":"השירות מושבת"},{"$i":"ServiceIsEnabledFor","$v":"השירות מופעל עבור:"},{"$i":"emMmiError","$v":"בעיית התחברות או קוד MMI בלתי חוקי"},{"$i":"emMmiErrorPasswordIncorrect","$v":"סיסמה שגויה"},{"$i":"emMmiErrorNotSupported","$v":"קוד MMI בלתי חוקי או בלתי נתמך"},{"$i":"emMmiErrorInvalidAction","$v":"פעולה בלתי חוקית"},{"$i":"emMmiErrorInvalidScCode","$v":"קוד שירות בלתי חוקי"},{"$i":"emMmiErrorBadPuk","$v":"הקוד PUK שהזנת שגוי"},{"$i":"emMmiErrorBadPin","$v":"הקוד PIN הישן שהזנת שגוי."},{"$i":"emMmiErrorNeedPuk2","$v":"הזן קוד PUK2 לשחרור חסימת כרטיס SIM"},{"$i":"emMmiErrorMismatchPin","$v":"מספרי PIN שהזנת אינם תואמים"},{"$i":"emMmiErrorInvalidPin","$v":"הזן PIN בין 4 עד 8 ספרות"},{"$i":"emMmiErrorNeedsPuk","$v":"הכרטיס SIM שלך נעול בנעילת PUK"},{"$i":"emMmiErrorEnablePin","$v":"ללא הצלחה. אפשר את SIM/RUIM LOCK"},{"$i":"emMmiErrorMmiFdn","$v":"הפעולה מוגבלת רק למספרי חיוג קבועים"},{"$i":"emMmiErrorStkCcUssdDial","$v":"בקשת USSD עוברת שינוי לבקשת DIAL"},{"$i":"emMmiErrorStkCcUssdSs","$v":"בקשת USSD עוברת שינוי לבקשת SS"},{"$i":"emMmiErrorStkCcUssdUssd","$v":"בקשת USSD עוברת שינוי לבקשת USSD חדשה"},{"$i":"emMmiErrorStkCcSsDial","$v":"SS עובר שינוי לבקשת DIAL"},{"$i":"emMmiErrorStkCcSsUssd","$v":"SS עובר שינוי לבקשת USSD"},{"$i":"emMmiErrorStkCcSsSs","$v":"SS עובר שינוי לבקשת SS חדשה"},{"$i":"emMmiErrorPinPukAttempts","$v":{"few":[{"t":"idOrVar","v":"n"}," ניסיונות חוזרים נותרו"],"many":[{"t":"idOrVar","v":"n"}," ניסיונות חוזרים נותרו"],"one":["נותרו רק ",{"t":"idOrVar","v":"n"}," ניסיונות"],"other":[{"t":"idOrVar","v":"n"}," ניסיונות חוזרים נותרו"],"two":[{"t":"idOrVar","v":"n"}," ניסיונות חוזרים נותרו"]},"$x":[{"t":"idOrVar","v":"plural"},"n"]},{"$i":"emMmiErrorSimBlocked","$v":"הגעת למספר ניסיונות חוזרים מירבי. SIM נעול"},{"$i":"RadioNotAvailable","$v":"רדיו לא זמין"},{"$i":"GenericFailure","$v":"שגיאה בביצוע הבקשה."},{"$i":"PasswordIncorrect","$v":"סיסמה שגויה"},{"$i":"SimPin2","$v":"SIM PIN2"},{"$i":"SimPuk2","$v":"SIM PUK2"},{"$i":"RequestNotSupported","$v":"הבקשה אינה נתמכת"},{"$i":"OpNotAllowedDuringVoiceCall","$v":"הפעולה אינה מותרת בזמן שיחה קולית"},{"$i":"SmsSendFailRetry","$v":"SMS send fail retry"},{"$i":"SimAbsent","$v":"SIM חסר"},{"$i":"SubscriptionNotAvailable","$v":"מינוי אינו זמין"},{"$i":"ModeNotSupported","$v":"מצב בלתי נתמך"},{"$i":"FdnCheckFailure","$v":"בדיקת FDN נכשלה"},{"$i":"IllegalSimOrMe","$v":"SIM או ME בלתי חוקי"},{"$i":"DialModifiedToUssd","$v":"חיוג השתנה ל-USSD"},{"$i":"DialModifiedToSs","$v":"חיוג השתנה ל-SS"},{"$i":"DialModifiedToDial","$v":"חיוג השתנה לחיוג"},{"$i":"UssdModifiedToDial","$v":"USSD שעבר שינוי לחיוג"},{"$i":"UssdModifiedToSs","$v":"USSD שעבר שינוי ל-SS"},{"$i":"UssdModifiedToUssd","$v":"USSD שעבר שינוי ל-USSD"},{"$i":"SsModifiedToDial","$v":"SS שעבר שינוי לחיוג"},{"$i":"SsModifiedToUssd","$v":"SS שעבר שינוי ל-USSD"},{"$i":"SsModifiedToSs","$v":"SS שעבר שינוי ל-SS"},{"$i":"SubscriptionNotSupported","$v":"מינוי אינו נתמך"},{"$i":"InvalidParameter","$v":"פרמטר בלתי חוקי"},{"$i":"RejectedByRemote","$v":"נדחה על ידי מרוחק"},{"$i":"error","$v":"שגיאה"}]