[{"$i":"weekday-0-long","$v":"Vasárnap"},{"$i":"weekday-1-long","$v":"Hétfő"},{"$i":"weekday-2-long","$v":"Kedd"},{"$i":"weekday-3-long","$v":"Szerda"},{"$i":"weekday-4-long","$v":"Csütörtök"},{"$i":"weekday-5-long","$v":"Péntek"},{"$i":"weekday-6-long","$v":"Szombat"},{"$i":"weekday-0-short","$v":"Vas"},{"$i":"weekday-1-short","$v":"Hé."},{"$i":"weekday-2-short","$v":"Ke."},{"$i":"weekday-3-short","$v":"Sze."},{"$i":"weekday-4-short","$v":"Csü."},{"$i":"weekday-5-short","$v":"Pé."},{"$i":"weekday-6-short","$v":"Szo."},{"$i":"month-0-long","$v":"JANUÁR"},{"$i":"month-1-long","$v":"FEBRUÁR"},{"$i":"month-2-long","$v":"MÁRCIUS"},{"$i":"month-3-long","$v":"ÁPRILIS"},{"$i":"month-4-long","$v":"MÁJUS"},{"$i":"month-5-long","$v":"JÚNIUS"},{"$i":"month-6-long","$v":"JÚLIUS"},{"$i":"month-7-long","$v":"AUGUSZTUS"},{"$i":"month-8-long","$v":"SZEPTEMBER"},{"$i":"month-9-long","$v":"OKTÓBER"},{"$i":"month-10-long","$v":"NOVEMBER"},{"$i":"month-11-long","$v":"DECEMBER"},{"$i":"month-0-genitive","$v":"JANUÁR"},{"$i":"month-1-genitive","$v":"FEBRUÁR"},{"$i":"month-2-genitive","$v":"MÁRCIUS"},{"$i":"month-3-genitive","$v":"ÁPRILIS"},{"$i":"month-4-genitive","$v":"MÁJUS"},{"$i":"month-5-genitive","$v":"JÚNIUS"},{"$i":"month-6-genitive","$v":"JÚLIUS"},{"$i":"month-7-genitive","$v":"AUGUSZTUS"},{"$i":"month-8-genitive","$v":"SZEPTEMBER"},{"$i":"month-9-genitive","$v":"OKTÓBER"},{"$i":"month-10-genitive","$v":"NOVEMBER"},{"$i":"month-11-genitive","$v":"DECEMBER"},{"$i":"month-0-short","$v":"Jan."},{"$i":"month-1-short","$v":"Feb."},{"$i":"month-2-short","$v":"Már."},{"$i":"month-3-short","$v":"Ápr."},{"$i":"month-4-short","$v":"MÁJUS"},{"$i":"month-5-short","$v":"Jún."},{"$i":"month-6-short","$v":"Júl."},{"$i":"month-7-short","$v":"Aug."},{"$i":"month-8-short","$v":"Szep."},{"$i":"month-9-short","$v":"Okt."},{"$i":"month-10-short","$v":"Nov."},{"$i":"month-11-short","$v":"Dec."},{"$i":"minutes-ago-long","$v":{"few":[{"t":"idOrVar","v":"value"}," perccel ezelőtt"],"many":[{"t":"idOrVar","v":"value"}," perccel ezelőtt"],"other":[{"t":"idOrVar","v":"value"}," perccel ezelőtt"],"two":[{"t":"idOrVar","v":"value"}," perccel ezelőtt"],"one":"egy perccel ezelőtt","zero":"Éppen most"},"$x":[{"t":"idOrVar","v":"plural"},"value"]},{"$i":"hours-ago-long","$v":{"few":[{"t":"idOrVar","v":"value"}," órával ezelőtt"],"many":[{"t":"idOrVar","v":"value"}," órával ezelőtt"],"other":[{"t":"idOrVar","v":"value"}," órával ezelőtt"],"two":[{"t":"idOrVar","v":"value"}," órával ezelőtt"],"one":"egy órája","zero":"Éppen most"},"$x":[{"t":"idOrVar","v":"plural"},"value"]},{"$i":"days-ago-long","$v":{"few":[{"t":"idOrVar","v":"value"}," nappal ezelőtt"],"many":[{"t":"idOrVar","v":"value"}," nappal ezelőtt"],"one":"Tegnap","other":[{"t":"idOrVar","v":"value"}," nappal ezelőtt"],"two":[{"t":"idOrVar","v":"value"}," nappal ezelőtt"],"zero":"Ma"},"$x":[{"t":"idOrVar","v":"plural"},"value"]},{"$i":"weeks-ago-long","$v":{"few":[{"t":"idOrVar","v":"value"}," héttel ezelőtt"],"many":[{"t":"idOrVar","v":"value"}," héttel ezelőtt"],"one":"múlt héten","other":[{"t":"idOrVar","v":"value"}," héttel ezelőtt"],"two":[{"t":"idOrVar","v":"value"}," héttel ezelőtt"],"zero":"ezen a héten"},"$x":[{"t":"idOrVar","v":"plural"},"value"]},{"$i":"months-ago-long","$v":{"few":[{"t":"idOrVar","v":"value"}," hónappal ezelőtt"],"many":[{"t":"idOrVar","v":"value"}," hónappal ezelőtt"],"one":"Múlt hónapban","other":[{"t":"idOrVar","v":"value"}," hónappal ezelőtt"],"two":[{"t":"idOrVar","v":"value"}," hónappal ezelőtt"],"zero":"EBBEN A HÓNAPBAN"},"$x":[{"t":"idOrVar","v":"plural"},"value"]},{"$i":"years-ago-long","$v":{"few":[{"t":"idOrVar","v":"value"}," évvel ezelőtt"],"many":[{"t":"idOrVar","v":"value"}," évvel ezelőtt"],"one":"tavaly","other":[{"t":"idOrVar","v":"value"}," évvel ezelőtt"],"two":[{"t":"idOrVar","v":"value"}," évvel ezelőtt"],"zero":"idén"},"$x":[{"t":"idOrVar","v":"plural"},"value"]},{"$i":"minutes-until-long","$v":{"few":[{"t":"idOrVar","v":"value"}," perc múlva"],"many":[{"t":"idOrVar","v":"value"}," perc múlva"],"other":[{"t":"idOrVar","v":"value"}," perc múlva"],"two":[{"t":"idOrVar","v":"value"}," perc múlva"],"zero":"most","one":"egy perc múlva"},"$x":[{"t":"idOrVar","v":"plural"},"value"]},{"$i":"hours-until-long","$v":{"few":[{"t":"idOrVar","v":"value"}," óra múlva"],"many":[{"t":"idOrVar","v":"value"}," óra múlva"],"other":[{"t":"idOrVar","v":"value"}," óra múlva"],"two":[{"t":"idOrVar","v":"value"}," óra múlva"],"zero":"most","one":"egy órán múlva"},"$x":[{"t":"idOrVar","v":"plural"},"value"]},{"$i":"days-until-long","$v":{"few":[{"t":"idOrVar","v":"value"}," nap múlva"],"many":[{"t":"idOrVar","v":"value"}," nap múlva"],"one":"holnap","other":[{"t":"idOrVar","v":"value"}," nap múlva"],"two":[{"t":"idOrVar","v":"value"}," nap múlva"],"zero":"Ma"},"$x":[{"t":"idOrVar","v":"plural"},"value"]},{"$i":"weeks-until-long","$v":{"few":[{"t":"idOrVar","v":"value"}," hét múlva"],"many":[{"t":"idOrVar","v":"value"}," hét múlva"],"one":"jövő héten","other":[{"t":"idOrVar","v":"value"}," hét múlva"],"two":[{"t":"idOrVar","v":"value"}," hét múlva"],"zero":"ezen a héten"},"$x":[{"t":"idOrVar","v":"plural"},"value"]},{"$i":"months-until-long","$v":{"few":[{"t":"idOrVar","v":"value"}," hónap múlva"],"many":[{"t":"idOrVar","v":"value"}," hónap múlva"],"one":"következő hónapban","other":[{"t":"idOrVar","v":"value"}," hónap múlva"],"two":[{"t":"idOrVar","v":"value"}," hónap múlva"],"zero":"EBBEN A HÓNAPBAN"},"$x":[{"t":"idOrVar","v":"plural"},"value"]},{"$i":"years-until-long","$v":{"few":[{"t":"idOrVar","v":"value"}," év múlva"],"many":[{"t":"idOrVar","v":"value"}," év múlva"],"one":"jövő évben","other":[{"t":"idOrVar","v":"value"}," év múlva"],"two":[{"t":"idOrVar","v":"value"}," év múlva"],"zero":"idén"},"$x":[{"t":"idOrVar","v":"plural"},"value"]},{"$i":"minutes-ago-short","$v":{"other":[{"t":"idOrVar","v":"value"}," perccel ezelőtt"],"zero":"Éppen most"},"$x":[{"t":"idOrVar","v":"plural"},"value"]},{"$i":"hours-ago-short","$v":{"other":[{"t":"idOrVar","v":"value"}," órával ezelőtt"],"zero":"Éppen most"},"$x":[{"t":"idOrVar","v":"plural"},"value"]},{"$i":"days-ago-short","$v":{"other":[{"t":"idOrVar","v":"value"},"n ezelőtt"],"zero":"Ma"},"$x":[{"t":"idOrVar","v":"plural"},"value"]},{"$i":"minutes-until-short","$v":{"other":[{"t":"idOrVar","v":"value"}," percen belül"],"zero":"most"},"$x":[{"t":"idOrVar","v":"plural"},"value"]},{"$i":"hours-until-short","$v":{"other":[{"t":"idOrVar","v":"value"}," óra múlva"],"zero":"most"},"$x":[{"t":"idOrVar","v":"plural"},"value"]},{"$i":"days-until-short","$v":{"other":[{"t":"idOrVar","v":"value"}," nap múlva"],"zero":"Ma"},"$x":[{"t":"idOrVar","v":"plural"},"value"]},{"$i":"incorrectDate","$v":"(helytelen dátum)"},{"$i":"dateTimeFormat_%c","$v":"%a %b %e %Y %I:%M:%S %p"},{"$i":"dateTimeFormat_%x","$v":"%d/%m/%Y"},{"$i":"dateTimeFormat_%X","$v":"%I:%M:%S %p"},{"$i":"shortTimeFormat","$v":"%I:%M %p"},{"$i":"shortTimeFormat12","$v":"%I:%M %p"},{"$i":"shortTimeFormat24","$v":"%H:%M"},{"$i":"shortDateTimeFormat","$v":"%x %I:%M %p"},{"$i":"weekStartsOnMonday","$v":"0.0"},{"$i":"firstDayOfTheWeek","$v":"1.0"},{"$i":"time_am","$v":"de."},{"$i":"time_pm","$v":"du."},{"$i":"airplaneMode","$v":"Repülőgép üzemmód"},{"$i":"searching","$v":"Keresés..."},{"$i":"noNetwork","$v":"Nincs hálózat"},{"$i":"roaming","$v":[{"t":"idOrVar","v":"operator"}," (Roaming)"]},{"$i":"operator-info","$v":[{"t":"idOrVar","v":"carrier"}," ",{"t":"idOrVar","v":"region"}]},{"$i":"emergencyCallsOnly","$v":"Kizárólag segélyhívások"},{"$i":"emergencyCallsOnly-unknownSIMState","$v":"(ismeretlen SIM-kártya állapot)"},{"$i":"emergencyCallsOnly-noSIM","$v":"(nincs SIM)"},{"$i":"emergencyCallsOnly-pinRequired","$v":"(SIM-kártya PIN-kódja szükséges)"},{"$i":"emergencyCallsOnly-pukRequired","$v":"(SIM-kártya PUK-kódja szükséges)"},{"$i":"emergencyCallsOnly-networkLocked","$v":"(hálózat zárolva)"},{"$i":"emergencyCallsOnly-serviceProviderLocked","$v":"(szolgáltató zárolta)"},{"$i":"emergencyCallsOnly-corporateLocked","$v":"(vállalat által zárolva)"},{"$i":"emergencyCallsOnly-network1Locked","$v":"(1. hálózat zárolva)"},{"$i":"emergencyCallsOnly-network2Locked","$v":"(2. hálózat zárolva)"},{"$i":"emergencyCallsOnly-hrpdNetworkLocked","$v":"(hrpd hálózat zárolva)"},{"$i":"emergencyCallsOnly-ruimCorporateLocked","$v":"(vállalat általi RUIM zárolás)"},{"$i":"emergencyCallsOnly-ruimServiceProviderLocked","$v":"(RUIM szolgáltató zárolta)"},{"$i":"lockscreen-sim-id","$v":[{"t":"idOrVar","v":"n"}," SIM"]},{"$i":"charging-no-time","$v":[{"t":"idOrVar","v":"level"},"% feltöltve"]},{"$i":"charging-minutes","$v":{"few":[{"t":"idOrVar","v":"level"},"% feltöltve (",{"t":"idOrVar","v":"minutes"}," perc a teljes feltöltésig)"],"many":[{"t":"idOrVar","v":"level"},"% feltöltve (",{"t":"idOrVar","v":"minutes"}," perc a teljes feltöltésig)"],"one":[{"t":"idOrVar","v":"level"},"% feltöltve (",{"t":"idOrVar","v":"minutes"}," perc a teljes feltöltésig)"],"other":[{"t":"idOrVar","v":"level"},"% feltöltve (",{"t":"idOrVar","v":"minutes"}," perc a teljes feltöltésig)"],"two":[{"t":"idOrVar","v":"level"},"% feltöltve (",{"t":"idOrVar","v":"minutes"}," perc a teljes feltöltésig)"],"zero":[{"t":"idOrVar","v":"level"},"% feltöltve (",{"t":"idOrVar","v":"minutes"}," perc a teljes feltöltésig)"]},"$x":[{"t":"idOrVar","v":"plural"},"minutes"]},{"$i":"charging-hours","$v":{"few":[{"t":"idOrVar","v":"level"},"% feltöltve (",{"t":"idOrVar","v":"hours"}," óra ",{"t":"idOrVar","v":"minutes"}," perc a teljes feltöltésig)"],"many":[{"t":"idOrVar","v":"level"},"% feltöltve (",{"t":"idOrVar","v":"hours"}," óra ",{"t":"idOrVar","v":"minutes"}," perc a teljes feltöltésig)"],"one":[{"t":"idOrVar","v":"level"},"% feltöltve (",{"t":"idOrVar","v":"hours"}," óra ",{"t":"idOrVar","v":"minutes"}," perc a teljes feltöltésig)"],"other":[{"t":"idOrVar","v":"level"},"% feltöltve (",{"t":"idOrVar","v":"hours"}," óra ",{"t":"idOrVar","v":"minutes"}," perc a teljes feltöltésig)"],"two":[{"t":"idOrVar","v":"level"},"% feltöltve (",{"t":"idOrVar","v":"hours"}," óra ",{"t":"idOrVar","v":"minutes"}," perc a teljes feltöltésig)"],"zero":[{"t":"idOrVar","v":"level"},"% feltöltve (",{"t":"idOrVar","v":"hours"}," óra ",{"t":"idOrVar","v":"minutes"}," perc a teljes feltöltésig)"]},"$x":[{"t":"idOrVar","v":"plural"},"minutes"]},{"$i":"phoneNumberInput","ariaLabel":"Telefonszám"},{"$i":"keypadDelete","ariaLabel":"Törlés"},{"$i":"voiceMailKey","ariaLabel":"Hangposta"},{"$i":"asterisk","ariaLabel":"Csillag"},{"$i":"hashSign","ariaLabel":"Kettős kereszt jel"},{"$i":"cancel","$v":"Mégse"},{"$i":"loadingSimContacts","$v":"SIM-kártya névjegyeinek betöltése..."},{"$i":"noContactsWereFound","$v":"Nem találhatók névjegyek"},{"$i":"noContactsFoundDialogOk","$v":"OK"},{"$i":"emergencyNumber","$v":"Sürgősségi telefonszám"},{"$i":"callAirplaneModeMessage","$v":"Híváshoz ki kell kapcsolni a repülőgép üzemmódot a beállításokban."},{"$i":"callAirplaneModeBtnOk","$v":"OK"},{"$i":"callAirplaneModeTitle","$v":"Repülőgép üzemmód aktiválva"},{"$i":"numberIsBusyTitle","$v":"A szám foglalt"},{"$i":"numberIsBusyMessage","$v":"A szám jelenleg foglalt. Próbálja újra később."},{"$i":"fdnIsActiveTitle","$v":"Fix hívószámok (FDN) mód aktív"},{"$i":"fdnIsActiveMessage","$v":["A fix hívószámok (FDN) mód be van kapcsolva, és ez a szám nincs rajta a fix hívószámok (FDN) listáján: ",{"t":"idOrVar","v":"numbers"}]},{"$i":"emergencyDialogBodyBadNumber","$v":"Hívás indításához a telefonnak csatlakoznia kell egy hálózathoz."},{"$i":"emergencyDialogBodyDeviceNotAccepted","$v":"A hálózat nem engedélyezi a segélyhívásokat."},{"$i":"emergencyDialogBtnOk","$v":"OK"},{"$i":"emergencyDialogTitle","$v":"Nincs hálózati kapcsolat"},{"$i":"invalidNumberToDialTitle","$v":"Érvénytelen telefonszám"},{"$i":"invalidNumberToDialMessage","$v":"A hívott szám nem érvényes."},{"$i":"unableToCallTitle","$v":"Nem kezdeményezhetők hívások"},{"$i":"unableToCallMessage","$v":"Pillanatnyilag nem indítható telefonhívás."},{"$i":"otherConnectionInUseTitle","$v":"A használatban lévő másik kapcsolat"},{"$i":"otherConnectionInUseMessage","$v":"Egy folyamatban lévő hívása van egy másik kapcsolaton keresztül. Egyszerre csak egy kapcsolatot használhat."},{"$i":"connectingEllipsis","$v":"Csatlakozás..."},{"$i":"clear","$v":"Törlés"},{"$i":"dialer","$v":"Tárcsázó"},{"$i":"vt-incoming-call","$v":"Bejövő videohívás..."},{"$i":"kai-incoming-call","$v":"Bejövő hívás"},{"$i":"kai-in-call","$v":"Hívás..."},{"$i":"kai-answer","$v":"Hívás fogadása"},{"$i":"kai-end-answer","$v":"Befejezés és fogadás"},{"$i":"kai-decline","$v":"Elutasítás"},{"$i":"enter-passcode","$v":"Adja meg a jelszót a képernyő feloldásához."},{"$i":"passcode-error","$v":"Érvénytelen kód. Próbálja újra."},{"$i":"lockscreenInvalidCode","$v":"Érvénytelen kód."},{"$i":"lockscreenColdDown","$v":["Érvénytelen kód. Próbálja meg ennyi idő múlva: ",{"t":"idOrVar","v":"n"},"."]},{"$i":"lockscreenCheckLockCode","$v":{"few":["Érvénytelen kód. Még ",{"t":"idOrVar","v":"n"}," próbálkozási lehetősége maradt."],"one":["Érvénytelen kód. Még ",{"t":"idOrVar","v":"n"}," próbálkozási lehetősége maradt."],"other":["Érvénytelen kód. Még ",{"t":"idOrVar","v":"n"}," próbálkozási lehetősége maradt."],"two":["Érvénytelen kód. Még ",{"t":"idOrVar","v":"n"}," próbálkozási lehetősége maradt."]},"$x":[{"t":"idOrVar","v":"plural"},"n"]},{"$i":"videoCall","$v":"Videohívás"},{"$i":"voice-call","$v":"Váltás hanghívásra"},{"$i":"video-call","$v":"Váltás videohívásra"},{"$i":"message","$v":"Üzenet"},{"$i":"answer-rtt-call","$v":"RTT válasz"},{"$i":"req-rtt-call","$v":"RTT VÁLASZ"},{"$i":"rtt-call","$v":"RTT-hívás"},{"$i":"rtt-view","$v":"RTT nézet"},{"$i":"change-to-rtt-call","$v":"RTT hívás kapcsolása..."},{"$i":"change-to-voice-call","$v":"Módosítva hanghívásra."},{"$i":"upgrading-rtt","$v":"RTT-hívás felminősítése..."},{"$i":"rtt-call-failed","$v":"Az RTT-hívás sikertelen."},{"$i":"voice-call-failed","$v":"Hanghívás sikertelen."},{"$i":"rtt","$v":"RTT"},{"$i":"rtt-emegency-upgrade-rejected","$v":"Az RTT funkció nem elérhető a segélyhívás esetében."},{"$i":"rtt-emegency-downgrade","$v":"Az RTT funkció nem elérhető a segélyhívás esetében. A hívás csak hanghívásként került kapcsolásra. Ha problémákat tapasztal, kezdeményezzen hanghívást vagy irányítsa át a hívást a segélyszolgálathoz."},{"$i":"voice-only-call","$v":"A hívása csak hanghívásként került kapcsolásra."},{"$i":"ans-rtt-failed","$v":"Az RTT-hívás indítása nem sikerült. A hívása csak hanghívásként került kapcsolásra."},{"$i":"back","$v":"Vissza"},{"$i":"new-message","$v":"Új üzenetek a következőtől:"},{"$i":"kai-mute","$v":"Néma"},{"$i":"kai-unmute","$v":"Némítás feloldása"},{"$i":"kai-speaker","$v":"Hangszóró"},{"$i":"kai-speaker-off","$v":"Hangszóró ki"},{"$i":"kai-microphone-mute-notification","$v":"A mikrofon el van némítva"},{"$i":"kai-microphone-active-notification","$v":"Mikrofon bekapcsolva"},{"$i":"kai-speaker-off-notification","$v":"Külső hangszóró kikapcsolva"},{"$i":"kai-speaker-on-notification","$v":"Külső hangszóró bekapcsolva"},{"$i":"kai-hold-and-answer","$v":"Hívásvárakoztatás és fogadás"},{"$i":"kai-ignore-call","$v":"Bejövő hívás mellőzése"},{"$i":"kai-add-to-call","$v":"Hívás hozzáadása"},{"$i":"kai-switch-to-second-line","$v":"Hívásváltás"},{"$i":"kai-merge-calls","$v":"Hívások egyesítése"},{"$i":"ok","$v":"OK"},{"$i":"losing-wifi-msg","$v":"Wi-Fi kapcsolat elvesztése"},{"$i":"personal","$v":"Személyes"},{"$i":"mobile","$v":"Mobil"},{"$i":"home","$v":"Kezdőképernyő"},{"$i":"work","$v":"Munkahelyi"},{"$i":"other","$v":"Egyéb"},{"$i":"fax-home","$v":"Otthoni fax"},{"$i":"fax-office","$v":"Munkahelyi fax"},{"$i":"fax-other","$v":"Egyéb fax"},{"$i":"hd","$v":"HD"},{"$i":"manage-call","$v":"Hívás kezelése"},{"$i":"end","$v":"Hívás bontása"},{"$i":"private","$v":"Személyes"},{"$i":"sound","$v":"Hang"},{"$i":"bluetooth-device","$v":"Bluetooth-eszköz"},{"$i":"handset-earpiece","$v":"Készülék"},{"$i":"speaker","$v":"Hangszóró"},{"$i":"call-ended","$v":"Hívás bontva"},{"$i":"payphone","$v":"Nyilvános telefon"},{"$i":"contact","$v":"Telefonkönyv"},{"$i":"dialer-prompt","$v":"Szám tárcsázása vagy névjegy kiválasztása hívás hozzáadásához"},{"$i":"call","$v":"Hívás"},{"$i":"hold","$v":"Hívástartás"},{"$i":"callHeldDuration","$v":["Tartás ennyi ideig: (",{"t":"idOrVar","v":"duration"},")"]},{"$i":"volume","$v":"Hangerő"},{"$i":"softkey-options","$v":"Opciók"},{"$i":"unhold-call","$v":"Hívás tartásának feloldása"},{"$i":"hold-call","$v":"Hívás tartása"},{"$i":"select","$v":"Kiválasztás"},{"$i":"unknown","$v":"Ismeretlen"},{"$i":"switch-calls","$v":"Hívásváltás"},{"$i":"voiceMail","$v":"Hangposta"},{"$i":"incoming","$v":"Bejövő"},{"$i":"outgoing","$v":"Kimenő"},{"$i":"callEnded","$v":"Hívás bontva"},{"$i":"callEndedDuration","$v":["Hívás bontva (",{"t":"idOrVar","v":"duration"},")"]},{"$i":"conferenceAddError","$v":"Nem egyesíthetők a hívások"},{"$i":"conferenceRemoveError","$v":"Nem választhatók szét a hívások"},{"$i":"valid-number","$v":"Érvényes szám"},{"$i":"numberBlockedMessage","$v":"Ez a telefonszám le van tiltva. Kérj engedélyt a szüleidtől."},{"$i":"callDurationMinutes","$v":[{"t":"idOrVar","v":"m"},":",{"t":"idOrVar","v":"s"}]},{"$i":"callDurationHours","$v":[{"t":"idOrVar","v":"h"},":",{"t":"idOrVar","v":"m"},":",{"t":"idOrVar","v":"s"}]},{"$i":"switch-to-device-toast","$v":"Átváltva Bluetooth-eszközre"},{"$i":"switch-to-handset-toast","$v":"Átváltva fülhallgatóra"},{"$i":"switch-to-speaker-toast","$v":"Átváltva hangszóróra"},{"$i":"connecting","$v":"Csatlakozás..."},{"$i":"wifi-call-quality-excellent","$v":"Kiváló"},{"$i":"wifi-call-quality-fair","$v":"Megfelelő"},{"$i":"wifi-call-quality-bad","$v":"Rossz"},{"$i":"call-left-conference-toast","$v":"befejezte a hívást"},{"$i":"camera-off","$v":"Kamera kikapcsolva"},{"$i":"camera-on","$v":"Kamera bekapcsolva"},{"$i":"rear-camera","$v":"Hátsó kamera"},{"$i":"front-camera","$v":"Elülső kamera"},{"$i":"hide-info","$v":"Információ elrejtése"},{"$i":"show-info","$v":"Információ megjelenítése"},{"$i":"video-call-rejected","$v":"A videohívás elutasításra került. Váltson hanghívásra."},{"$i":"video-call-not-support","$v":"A videohívás nem támogatott."},{"$i":"video-call-rejected-timeout","$v":"A videohívás elutasításra került vagy időtúllépés történt."},{"$i":"video-call-from","$v":["Videohívás fogadása a következőtől: ",{"t":"idOrVar","v":"name"},"."]},{"$i":"video-call-canceled","$v":"Videohívás megszakítva."},{"$i":"video-call-failed","$v":"A videohívás sikertelen."},{"$i":"call-downgraded","$v":"Hívás visszaminősítve."},{"$i":"wifi-calling","$v":"Wi-Fi hívás"},{"$i":"wifi-calling-1","$v":"Előfordulhat, hogy a hívás megszakad."},{"$i":"wifi-calling-2","$v":"Majdnem elhagyta a Wi-Fi lefedettségi területét."},{"$i":"wifi-calling-dropped","$v":"A Wi-Fi hívás megszakadt."},{"$i":"accept","$v":"Elfogadás"},{"$i":"conference-call-num","$v":[{"t":"idOrVar","v":"num"}," személlyel folytatott hívás."]},{"$i":"more","$v":"Továbbiak"},{"$i":"rec","$v":"Felvétel"},{"$i":"start-recording-call","$v":"Rögzítsen hívást."},{"$i":"stop-recording-call","$v":"Állítsa le a hívás rögzítését."},{"$i":"insufficient-storage","$v":"Nincs elegendő tárhely. A rögzítés leállt."},{"$i":"confirmation","$v":"Megerősítés"},{"$i":"get-empty-ussd","$v":"Nem érkezett válasz."},{"$i":"message-sent","$v":"Üzenet elküldve."},{"$i":"messages","$v":"Üzenetek"},{"$i":"wait","$v":"Várjon..."},{"$i":"send","$v":"Küldés"},{"$i":"reply","$v":"Válasz"},{"$i":"reply-message-1","$v":"Sajnos most nem tudok beszélni."},{"$i":"reply-message-2","$v":"Úton vagyok."},{"$i":"reply-message-3","$v":"Visszahívhatlak később?"},{"$i":"reply-message-4","$v":"Egyéni..."},{"$i":"reply-to-name","$v":["Válasz elküldve a következőnek: ",{"t":"idOrVar","v":"name"}]},{"$i":"call-busy-error","$v":"BusyError"},{"$i":"call-bad-number-error","$v":"BadNumberError"},{"$i":"call-no-route-to-destination-error","$v":"No route to destination."},{"$i":"call-channel-unacceptable-error","$v":"Channel unacceptable"},{"$i":"call-operator-determined-barring-error","$v":"Operator determined barring"},{"$i":"call-normal-call-clearing-error","$v":"LLAMADA TERMINADA"},{"$i":"call-no-user-responding-error","$v":"No user responding"},{"$i":"call-user-alerting-no-answer-error","$v":"User alerting, no answer  "},{"$i":"call-call-rejected-error","$v":"Call rejected"},{"$i":"call-number-changed-error","$v":"Number Changed "},{"$i":"call-pre-emption-error","$v":"Pre-emption"},{"$i":"call-destination-out-of-order-error","$v":"Destination out of order "},{"$i":"call-invalid-number-format-error","$v":"Invalid number format "},{"$i":"call-facility-rejected-error","$v":"Facility rejected "},{"$i":"call-response-to-status-enquiry-error","$v":"Response to "},{"$i":"call-unspecified-error","$v":"Normal, unspecified "},{"$i":"call-congestion-error","$v":"No circuit/channel available"},{"$i":"call-network-out-of-order-error","$v":"Network out of order  "},{"$i":"call-network-temp-failure-error","$v":"Temporary Failure"},{"$i":"call-switching-equip-congestion-error","$v":"Switching equipment congestion"},{"$i":"call-access-info-discarded-error","$v":"Access information discarded "},{"$i":"call-requested-channel-not-available-error","$v":"requested circuit/channel not available"},{"$i":"call-resource-unavailable-error","$v":"Resources unavailable, unspecified"},{"$i":"call-qos-unavailable-error","$v":"Quality of service unavailable"},{"$i":"call-requested-facility-not-subscribed-error","$v":"Requested facility not subscribed"},{"$i":"call-incoming-calls-barred-within-cug-error","$v":"Incoming calls barred within the CUG"},{"$i":"call-bearer-capability-not-authorized-error","$v":"Bearer capability not authorized"},{"$i":"call-bearer-capability-not-available-error","$v":"Bearer capability not presently available"},{"$i":"call-service-not-available-error","$v":"Service or option not available, unspecified"},{"$i":"call-bearer-not-implemented-error","$v":"Bearer service not implemented"},{"$i":"call-incoming-call-exceeded-error","$v":"ACM equal to greater than ACMmax"},{"$i":"call-requested-facility-not-implemented-error","$v":"Requested facility not implemented"},{"$i":"call-unrestricted-bearer-not-available-error","$v":"Only restricted digital information bearer capability is available"},{"$i":"call-service-not-implemented-error","$v":"Service or option not implemented, unspecified "},{"$i":"call-invalid-transaction-id-error","$v":"Invalid transaction identifier value  "},{"$i":"call-not-cug-member-error","$v":"User not member of CUG "},{"$i":"call-incompatible-destination-error","$v":"Incompatible destination  "},{"$i":"call-invalid-transit-network-selection-error","$v":"Invalid transit network selection"},{"$i":"call-semantically-incorrect-message-error","$v":"Semantically incorrect message "},{"$i":"call-invalid-mandatory-info-error","$v":"Invalid mandatory information"},{"$i":"call-message-type-not-implemented-error","$v":"Message type-non compatible with protocol state "},{"$i":"call-message-type-incompatible-protocol-state-error","$v":"Message type not compatible with protocol state  "},{"$i":"call-info-element-not-implemented-error","$v":"Information element nonexistent or not implemented "},{"$i":"call-conditionalIe-error","$v":"Conditional IE error"},{"$i":"call-message-incompatible-protocol-state-error","$v":"Message not compatible with protocol state"},{"$i":"call-recovery-on-timer-expiry-error","$v":"Recovery on timer expiry "},{"$i":"call-protocol-error","$v":"Protocol Error, unspecified "},{"$i":"call-interworking-error","$v":"Interworking, unspecified "},{"$i":"call-service-option-not-subscribed-error","$v":"SIN SUBSCRIPCION AL SERVICIO -33-"},{"$i":"call-unknown-pdp-address-type-error","$v":"FALLA DE AUTENTICACION -29-"},{"$i":"mt-call-on-hold","$v":"Hívás tartva."},{"$i":"mt-call_retrieved","$v":"Hívás visszakapcsolva."},{"$i":"mt-multi_party_call","$v":"Hozzáadásra került a konferenciahíváshoz."},{"$i":"hangup-a11y-button","$v":""},{"$i":"pickup-a11y-button","$v":""},{"$i":"mute","$v":""},{"$i":"toggleKeypad","$v":""},{"$i":"newCall","$v":""},{"$i":"speakerOption","$v":""},{"$i":"bluetoothOption","$v":""},{"$i":"onHoldOption","$v":""},{"$i":"merge","$v":""},{"$i":"ignore","$v":""},{"$i":"dialerAddContact","$v":""},{"$i":"makeCall","$v":""},{"$i":"call-forwarding-async","$v":["Aszinkron: ",{"t":"idOrVar","v":"async"}]},{"$i":"call-forwarding-data","$v":["Adatok: ",{"t":"idOrVar","v":"data"}]},{"$i":"call-forwarding-error","$v":"Hiba lépett fel a hívásátirányítás állapotának lekérése közben"},{"$i":"call-forwarding-fax","$v":["FAX: ",{"t":"idOrVar","v":"fax"}]},{"$i":"call-forwarding-inactive","$v":"Inaktív"},{"$i":"call-forwarding-packet","$v":["Csomag: ",{"t":"idOrVar","v":"packet"},"\\n"]},{"$i":"call-forwarding-pad","$v":["PAD: ",{"t":"idOrVar","v":"pad"}]},{"$i":"call-forwarding-sms","$v":["SMS: ",{"t":"idOrVar","v":"sms"}]},{"$i":"call-forwarding-status","$v":"Hívásátirányítás állapota"},{"$i":"call-forwarding-sync","$v":["Szinkron: ",{"t":"idOrVar","v":"sync"}]},{"$i":"call-forwarding-voice","$v":["Hang: ",{"t":"idOrVar","v":"voice"}]},{"$i":"call-forwarding-reason","$v":["Reason: ",{"t":"idOrVar","v":"reason"}]},{"$i":"scCallBarring","$v":"Híváskorlátozás"},{"$i":"scCallForwarding","$v":"Hívásátirányítás"},{"$i":"scClip","$v":"Bejövő hívóazonosító"},{"$i":"scClir","$v":"Kimenő hívóazonosító"},{"$i":"scPwd","$v":"Jelszóváltoztatás"},{"$i":"scCallWaiting","$v":"Hívásvárakoztatás"},{"$i":"scPin","$v":"PIN-kód módosítása"},{"$i":"scPin2","$v":"PIN2-kód módosítása"},{"$i":"scPuk","$v":"PIN-kód letiltásának feloldása"},{"$i":"scPuk2","$v":"PIN2-kód letiltásának feloldása"},{"$i":"scImei","$v":"IMEI-kód"},{"$i":"scMeid","$v":"MEID"},{"$i":"scUssd","$v":"USSD"},{"$i":"serviceClassVoice","$v":"Hang"},{"$i":"serviceClassData","$v":"Adatkapcsolat"},{"$i":"serviceClassFax","$v":"FAX"},{"$i":"serviceClassSms","$v":"SMS"},{"$i":"serviceClassDataSync","$v":"Szinkronizálás"},{"$i":"serviceClassDataAsync","$v":"Aszinkron"},{"$i":"serviceClassPacket","$v":"Csomag"},{"$i":"serviceClassPad","$v":"PAD"},{"$i":"smServiceEnabled","$v":"A szolgáltatás engedélyezésre került."},{"$i":"smServiceDisabled","$v":"A szolgáltatás letiltásra került"},{"$i":"smServiceRegistered","$v":"A regisztráció sikerült"},{"$i":"smServiceErased","$v":"A törlés sikerült"},{"$i":"smServiceInterrogated","$v":"A kérelem sikerült"},{"$i":"smServiceNotProvisioned","$v":"Szolgáltatás nincs biztosítva"},{"$i":"smClirPermanent","$v":"Nem módosíthatja a hívóazonosító beállítást"},{"$i":"smClirDefaultOnNextCallOn","$v":"Hívóazonosítók átállítva korlátozottra. Következő hívás: korlátozott"},{"$i":"smClirDefaultOnNextCallOff","$v":"Hívóazonosítók átállítva korlátozottra. Következő hívás: korlátozatlan"},{"$i":"smClirDefaultOffNextCallOn","$v":"Hívóazonosítók átállítva korlátozatlanra. Következő hívás: korlátozott"},{"$i":"smClirDefaultOffNextCallOff","$v":"Hívóazonosítók átállítva korlátozatlanra. Következő hívás: korlátozatlan"},{"$i":"smServiceEnabledFor","$v":"A szolgáltatás engedélyezése megtörtént a következő számára:"},{"$i":"smPinChanged","$v":"A PIN módosítása sikerült"},{"$i":"smPinUnblocked","$v":"PIN blokkolás feloldva"},{"$i":"smPin2Changed","$v":"A PIN2 módosítása sikerült"},{"$i":"smPin2Unblocked","$v":"PIN2 blokkolás feloldva"},{"$i":"ServiceIsEnabled","$v":"A szolgáltatás aktív"},{"$i":"ServiceIsDisabled","$v":"A szolgáltatás le van tiltva"},{"$i":"ServiceIsEnabledFor","$v":"Szolgáltatás bekapcsolva:"},{"$i":"emMmiError","$v":"Csatlakozási probléma vagy érvénytelen MMI kód"},{"$i":"emMmiErrorPasswordIncorrect","$v":"Helytelen jelszó"},{"$i":"emMmiErrorNotSupported","$v":"Érvénytelen vagy nem támogatott MMI kód"},{"$i":"emMmiErrorInvalidAction","$v":"Érvénytelen művelet"},{"$i":"emMmiErrorInvalidScCode","$v":"Érvénytelen szolgáltatáskód"},{"$i":"emMmiErrorBadPuk","$v":"A megadott PUK-kód helytelen."},{"$i":"emMmiErrorBadPin","$v":"A megadott régi PIN-kód helytelen."},{"$i":"emMmiErrorNeedPuk2","$v":"Írja be a PUK2-kódot a SIM-kártya letiltásának feloldásához"},{"$i":"emMmiErrorMismatchPin","$v":"A beírt PIN-kódok nem egyeznek"},{"$i":"emMmiErrorInvalidPin","$v":"Adjon meg egy 4-8 számjegyből álló PIN-kódot"},{"$i":"emMmiErrorNeedsPuk","$v":"PUK-kóddal zárolt SIM-kártya"},{"$i":"emMmiErrorEnablePin","$v":"Sikertelen. Engedélyezze a SIM/RUIM zárat."},{"$i":"emMmiErrorMmiFdn","$v":"A művelet kizárólag fix hívószámokra van korlátozva"},{"$i":"emMmiErrorStkCcUssdDial","$v":"Az USSD-kérelem módosítva tárcsázási kérelemre"},{"$i":"emMmiErrorStkCcUssdSs","$v":"Az USSD-kérelem módosítva SS-kérelemre"},{"$i":"emMmiErrorStkCcUssdUssd","$v":"Az USSD-kérelem módosítva új USSD-kérelemre"},{"$i":"emMmiErrorStkCcSsDial","$v":"Az SS-kérelem módosítva tárcsázási kérelemre"},{"$i":"emMmiErrorStkCcSsUssd","$v":"Az SS-kérelem módosítva USSD-kérelemre"},{"$i":"emMmiErrorStkCcSsSs","$v":"Az SS-kérelem módosítva új SS-kérelemre"},{"$i":"emMmiErrorPinPukAttempts","$v":{"few":[{"t":"idOrVar","v":"n"}," újrapróbálkozási lehetősége maradt"],"many":[{"t":"idOrVar","v":"n"}," újrapróbálkozási lehetősége maradt"],"one":["Csak ",{"t":"idOrVar","v":"n"}," újrapróbálkozási lehetősége maradt"],"other":[{"t":"idOrVar","v":"n"}," újrapróbálkozási lehetősége maradt"],"two":[{"t":"idOrVar","v":"n"}," újrapróbálkozási lehetősége maradt"]},"$x":[{"t":"idOrVar","v":"plural"},"n"]},{"$i":"emMmiErrorSimBlocked","$v":"Elérte az újrapróbálkozási lehetőségek maximális számát. A SIM blokkolásra került."},{"$i":"RadioNotAvailable","$v":"Radio not available"},{"$i":"GenericFailure","$v":"Hiba a kérelem feldolgozásakor."},{"$i":"PasswordIncorrect","$v":"A jelszó helytelen"},{"$i":"SimPin2","$v":"SIM-kártya PIN2 kódja"},{"$i":"SimPuk2","$v":"SIM-kártya PUK2-kódja"},{"$i":"RequestNotSupported","$v":"A kérelem nem támogatott"},{"$i":"OpNotAllowedDuringVoiceCall","$v":"A művelet nem engedélyezett hanghívás közben"},{"$i":"SmsSendFailRetry","$v":"SMS küldési hiba, újrapróbálkozás"},{"$i":"SimAbsent","$v":"Hiányzó SIM-kártya"},{"$i":"SubscriptionNotAvailable","$v":"Az előfizetés nem elérhető"},{"$i":"ModeNotSupported","$v":"Nem támogatott mód"},{"$i":"FdnCheckFailure","$v":"A fix hívószámok ellenőrzése sikertelen"},{"$i":"IllegalSimOrMe","$v":"Nem engedélyezett SIM vagy ME"},{"$i":"DialModifiedToUssd","$v":"Dial modified to USSD"},{"$i":"DialModifiedToSs","$v":"Dial modified to SS"},{"$i":"DialModifiedToDial","$v":"Dial modified to dial"},{"$i":"UssdModifiedToDial","$v":"USSD tárcsázásra módosítva"},{"$i":"UssdModifiedToSs","$v":"USSD SS-re módosítva"},{"$i":"UssdModifiedToUssd","$v":"USSD USSD-re módosítva"},{"$i":"SsModifiedToDial","$v":"SS tárcsázásra módosítva"},{"$i":"SsModifiedToUssd","$v":"SS USSD-re módosítva"},{"$i":"SsModifiedToSs","$v":"SS SS-re módosítva"},{"$i":"SubscriptionNotSupported","$v":"Az előfizetés nem támogatott"},{"$i":"InvalidParameter","$v":"Érvénytelen paraméter"},{"$i":"RejectedByRemote","$v":"A távoli fél visszautasította"},{"$i":"error","$v":"Hiba"}]