[{"$i":"weekday-0-long","$v":"Sunnudagur"},{"$i":"weekday-1-long","$v":"Mánudagur"},{"$i":"weekday-2-long","$v":"Þriðjudagur"},{"$i":"weekday-3-long","$v":"Miðvikudagur"},{"$i":"weekday-4-long","$v":"Fimmtudagur"},{"$i":"weekday-5-long","$v":"Föstudagur"},{"$i":"weekday-6-long","$v":"Laugardagur"},{"$i":"weekday-0-short","$v":"Sun."},{"$i":"weekday-1-short","$v":"Mán."},{"$i":"weekday-2-short","$v":"Þri."},{"$i":"weekday-3-short","$v":"Mið."},{"$i":"weekday-4-short","$v":"Fim."},{"$i":"weekday-5-short","$v":"Fös."},{"$i":"weekday-6-short","$v":"Lau."},{"$i":"month-0-long","$v":"Janúar"},{"$i":"month-1-long","$v":"Febrúar"},{"$i":"month-2-long","$v":"Mars"},{"$i":"month-3-long","$v":"Apríl"},{"$i":"month-4-long","$v":"Maí"},{"$i":"month-5-long","$v":"Júní"},{"$i":"month-6-long","$v":"Júlí"},{"$i":"month-7-long","$v":"Ágúst"},{"$i":"month-8-long","$v":"September"},{"$i":"month-9-long","$v":"Október"},{"$i":"month-10-long","$v":"Nóvember"},{"$i":"month-11-long","$v":"Desember"},{"$i":"month-0-genitive","$v":"Janúar"},{"$i":"month-1-genitive","$v":"Febrúar"},{"$i":"month-2-genitive","$v":"Mars"},{"$i":"month-3-genitive","$v":"Apríl"},{"$i":"month-4-genitive","$v":"Maí"},{"$i":"month-5-genitive","$v":"Júní"},{"$i":"month-6-genitive","$v":"Júlí"},{"$i":"month-7-genitive","$v":"Ágúst"},{"$i":"month-8-genitive","$v":"September"},{"$i":"month-9-genitive","$v":"Október"},{"$i":"month-10-genitive","$v":"Nóvember"},{"$i":"month-11-genitive","$v":"Desember"},{"$i":"month-0-short","$v":"Jan."},{"$i":"month-1-short","$v":"Feb."},{"$i":"month-2-short","$v":"Mar."},{"$i":"month-3-short","$v":"Apr."},{"$i":"month-4-short","$v":"Maí"},{"$i":"month-5-short","$v":"Jún."},{"$i":"month-6-short","$v":"Júl."},{"$i":"month-7-short","$v":"Ágú."},{"$i":"month-8-short","$v":"Sep."},{"$i":"month-9-short","$v":"Okt."},{"$i":"month-10-short","$v":"Nóv."},{"$i":"month-11-short","$v":"Des."},{"$i":"minutes-ago-long","$v":{"few":["Fyrir ",{"t":"idOrVar","v":"value"}," mín."],"many":["Fyrir ",{"t":"idOrVar","v":"value"}," mín."],"other":["Fyrir ",{"t":"idOrVar","v":"value"}," mín."],"two":["Fyrir ",{"t":"idOrVar","v":"value"}," mín."],"one":"fyrir mínútu","zero":"rétt í þessu"},"$x":[{"t":"idOrVar","v":"plural"},"value"]},{"$i":"hours-ago-long","$v":{"few":["Fyrir ",{"t":"idOrVar","v":"value"}," klst."],"many":["Fyrir ",{"t":"idOrVar","v":"value"}," klst."],"other":["Fyrir ",{"t":"idOrVar","v":"value"}," klst."],"two":["Fyrir ",{"t":"idOrVar","v":"value"}," klst."],"one":"1 klst","zero":"rétt í þessu"},"$x":[{"t":"idOrVar","v":"plural"},"value"]},{"$i":"days-ago-long","$v":{"few":["Fyrir ",{"t":"idOrVar","v":"value"}," dögum"],"many":["Fyrir ",{"t":"idOrVar","v":"value"}," dögum"],"one":"í gær","other":["Fyrir ",{"t":"idOrVar","v":"value"}," dögum"],"two":["Fyrir ",{"t":"idOrVar","v":"value"}," dögum"],"zero":"í dag"},"$x":[{"t":"idOrVar","v":"plural"},"value"]},{"$i":"weeks-ago-long","$v":{"few":["Fyrir ",{"t":"idOrVar","v":"value"}," vikum"],"many":["Fyrir ",{"t":"idOrVar","v":"value"}," vikum"],"one":"í síð. viku","other":["Fyrir ",{"t":"idOrVar","v":"value"}," vikum"],"two":["Fyrir ",{"t":"idOrVar","v":"value"}," vikum"],"zero":"í þessari viku"},"$x":[{"t":"idOrVar","v":"plural"},"value"]},{"$i":"months-ago-long","$v":{"few":["Fyrir ",{"t":"idOrVar","v":"value"}," mánuðum"],"many":["Fyrir ",{"t":"idOrVar","v":"value"}," mánuðum"],"one":"í síð. mán.","other":["Fyrir ",{"t":"idOrVar","v":"value"}," mánuðum"],"two":["Fyrir ",{"t":"idOrVar","v":"value"}," mánuðum"],"zero":"í þessum mán."},"$x":[{"t":"idOrVar","v":"plural"},"value"]},{"$i":"years-ago-long","$v":{"few":["Fyrir ",{"t":"idOrVar","v":"value"}," árum"],"many":["Fyrir ",{"t":"idOrVar","v":"value"}," árum"],"one":"á síð. ári","other":["Fyrir ",{"t":"idOrVar","v":"value"}," árum"],"two":["Fyrir ",{"t":"idOrVar","v":"value"}," árum"],"zero":"á þessu ári"},"$x":[{"t":"idOrVar","v":"plural"},"value"]},{"$i":"minutes-until-long","$v":{"few":["eftir ",{"t":"idOrVar","v":"value"}," mín."],"many":["eftir ",{"t":"idOrVar","v":"value"}," mín."],"other":["eftir ",{"t":"idOrVar","v":"value"}," mín."],"two":["eftir ",{"t":"idOrVar","v":"value"}," mín."],"zero":"núna","one":"eftir 1 mínútu"},"$x":[{"t":"idOrVar","v":"plural"},"value"]},{"$i":"hours-until-long","$v":{"few":["eftir ",{"t":"idOrVar","v":"value"}," klst."],"many":["eftir ",{"t":"idOrVar","v":"value"}," klst."],"other":["eftir ",{"t":"idOrVar","v":"value"}," klst."],"two":["eftir ",{"t":"idOrVar","v":"value"}," klst."],"zero":"núna","one":"eftir 1 klukkustund"},"$x":[{"t":"idOrVar","v":"plural"},"value"]},{"$i":"days-until-long","$v":{"few":["eftir ",{"t":"idOrVar","v":"value"}," daga"],"many":["eftir ",{"t":"idOrVar","v":"value"}," daga"],"one":"á morgun","other":["eftir ",{"t":"idOrVar","v":"value"}," daga"],"two":["eftir ",{"t":"idOrVar","v":"value"}," daga"],"zero":"í dag"},"$x":[{"t":"idOrVar","v":"plural"},"value"]},{"$i":"weeks-until-long","$v":{"few":["eftir ",{"t":"idOrVar","v":"value"}," vikur"],"many":["eftir ",{"t":"idOrVar","v":"value"}," vikur"],"one":"í næstu viku","other":["eftir ",{"t":"idOrVar","v":"value"}," vikur"],"two":["eftir ",{"t":"idOrVar","v":"value"}," vikur"],"zero":"í þessari viku"},"$x":[{"t":"idOrVar","v":"plural"},"value"]},{"$i":"months-until-long","$v":{"few":["eftir ",{"t":"idOrVar","v":"value"}," mán."],"many":["eftir ",{"t":"idOrVar","v":"value"}," mán."],"one":"í næsta mán.","other":["eftir ",{"t":"idOrVar","v":"value"}," mán."],"two":["eftir ",{"t":"idOrVar","v":"value"}," mán."],"zero":"í þessum mán."},"$x":[{"t":"idOrVar","v":"plural"},"value"]},{"$i":"years-until-long","$v":{"few":["eftir ",{"t":"idOrVar","v":"value"}," ár"],"many":["eftir ",{"t":"idOrVar","v":"value"}," ár"],"one":"á næsta ári","other":["eftir ",{"t":"idOrVar","v":"value"}," ár"],"two":["eftir ",{"t":"idOrVar","v":"value"}," ár"],"zero":"á þessu ári"},"$x":[{"t":"idOrVar","v":"plural"},"value"]},{"$i":"minutes-ago-short","$v":{"other":["Fyrir ",{"t":"idOrVar","v":"value"}," m."],"zero":"rétt í þessu"},"$x":[{"t":"idOrVar","v":"plural"},"value"]},{"$i":"hours-ago-short","$v":{"other":["Fyrir ",{"t":"idOrVar","v":"value"}," k."],"zero":"rétt í þessu"},"$x":[{"t":"idOrVar","v":"plural"},"value"]},{"$i":"days-ago-short","$v":{"other":["Fyrir ",{"t":"idOrVar","v":"value"}," d."],"zero":"í dag"},"$x":[{"t":"idOrVar","v":"plural"},"value"]},{"$i":"minutes-until-short","$v":{"other":["eftir ",{"t":"idOrVar","v":"value"}," m"],"zero":"núna"},"$x":[{"t":"idOrVar","v":"plural"},"value"]},{"$i":"hours-until-short","$v":{"other":["eftir ",{"t":"idOrVar","v":"value"}," k"],"zero":"núna"},"$x":[{"t":"idOrVar","v":"plural"},"value"]},{"$i":"days-until-short","$v":{"other":["eftir ",{"t":"idOrVar","v":"value"}," d"],"zero":"í dag"},"$x":[{"t":"idOrVar","v":"plural"},"value"]},{"$i":"incorrectDate","$v":"(röng dags.)"},{"$i":"dateTimeFormat_%c","$v":"%a %b %e %Y %I:%M:%S %p"},{"$i":"dateTimeFormat_%x","$v":"%m/%d/%Y"},{"$i":"dateTimeFormat_%X","$v":"%I:%M:%S %p"},{"$i":"shortTimeFormat","$v":"%I:%M %p"},{"$i":"shortTimeFormat12","$v":"%I:%M %p"},{"$i":"shortTimeFormat24","$v":"%H:%M"},{"$i":"shortDateTimeFormat","$v":"%x %I:%M %p"},{"$i":"weekStartsOnMonday","$v":"0.0"},{"$i":"firstDayOfTheWeek","$v":"1.0"},{"$i":"time_am","$v":"f.h."},{"$i":"time_pm","$v":"e.h."},{"$i":"airplaneMode","$v":"Flugstilling"},{"$i":"searching","$v":"Leitar …"},{"$i":"noNetwork","$v":"Ekkert net"},{"$i":"roaming","$v":[{"t":"idOrVar","v":"operator"}," (í reiki)"]},{"$i":"operator-info","$v":[{"t":"idOrVar","v":"carrier"}," ",{"t":"idOrVar","v":"region"}]},{"$i":"emergencyCallsOnly","$v":"Aðeins neyðarsímtöl"},{"$i":"emergencyCallsOnly-unknownSIMState","$v":"(óþekkt staða SIM-korts)"},{"$i":"emergencyCallsOnly-noSIM","$v":"(ekkert SIM)"},{"$i":"emergencyCallsOnly-pinRequired","$v":"(PIN-nr. SIM-korts krafist)"},{"$i":"emergencyCallsOnly-pukRequired","$v":"(PUK-nr. SIM-korts krafist)"},{"$i":"emergencyCallsOnly-networkLocked","$v":"(símkerfi læst)"},{"$i":"emergencyCallsOnly-serviceProviderLocked","$v":"(læst af símafyrirtæki)"},{"$i":"emergencyCallsOnly-corporateLocked","$v":"(læst af fyrirtæki)"},{"$i":"emergencyCallsOnly-network1Locked","$v":"(símkerfi1 læst)"},{"$i":"emergencyCallsOnly-network2Locked","$v":"(símkerfi2 læst)"},{"$i":"emergencyCallsOnly-hrpdNetworkLocked","$v":"(HRPD-net læst)"},{"$i":"emergencyCallsOnly-ruimCorporateLocked","$v":"(RUIM læst af fyrirtæki)"},{"$i":"emergencyCallsOnly-ruimServiceProviderLocked","$v":"(RUIM símafyrirtækis læst)"},{"$i":"lockscreen-sim-id","$v":["SIM-kort ",{"t":"idOrVar","v":"n"}]},{"$i":"charging-no-time","$v":[{"t":"idOrVar","v":"level"},"% hleðsla"]},{"$i":"charging-minutes","$v":{"few":[{"t":"idOrVar","v":"level"},"% hleðsla (",{"t":"idOrVar","v":"minutes"}," mín. þar til fullri hleðslu er náð)"],"many":[{"t":"idOrVar","v":"level"},"% hleðsla (",{"t":"idOrVar","v":"minutes"}," mín. þar til fullri hleðslu er náð)"],"one":[{"t":"idOrVar","v":"level"},"% hleðsla (",{"t":"idOrVar","v":"minutes"}," mín. þar til fullri hleðslu er náð)"],"other":[{"t":"idOrVar","v":"level"},"% hleðsla (",{"t":"idOrVar","v":"minutes"}," mín. þar til fullri hleðslu er náð)"],"two":[{"t":"idOrVar","v":"level"},"% hleðsla (",{"t":"idOrVar","v":"minutes"}," mín. þar til fullri hleðslu er náð)"],"zero":[{"t":"idOrVar","v":"level"},"% hleðsla (",{"t":"idOrVar","v":"minutes"}," mín. þar til fullri hleðslu er náð)"]},"$x":[{"t":"idOrVar","v":"plural"},"minutes"]},{"$i":"charging-hours","$v":{"few":[{"t":"idOrVar","v":"level"},"% hleðsla (",{"t":"idOrVar","v":"hours"}," klst. ",{"t":"idOrVar","v":"minutes"}," mín. þar til fullri hleðslu er náð)"],"many":[{"t":"idOrVar","v":"level"},"% hleðsla (",{"t":"idOrVar","v":"hours"}," klst. ",{"t":"idOrVar","v":"minutes"}," mín. þar til fullri hleðslu er náð)"],"one":[{"t":"idOrVar","v":"level"},"% hleðsla (",{"t":"idOrVar","v":"hours"}," klst. ",{"t":"idOrVar","v":"minutes"}," mín. þar til fullri hleðslu er náð)"],"other":[{"t":"idOrVar","v":"level"},"% hleðsla (",{"t":"idOrVar","v":"hours"}," klst. ",{"t":"idOrVar","v":"minutes"}," mín. þar til fullri hleðslu er náð)"],"two":[{"t":"idOrVar","v":"level"},"% hleðsla (",{"t":"idOrVar","v":"hours"}," klst. ",{"t":"idOrVar","v":"minutes"}," mín. þar til fullri hleðslu er náð)"],"zero":[{"t":"idOrVar","v":"level"},"% hleðsla (",{"t":"idOrVar","v":"hours"}," klst. ",{"t":"idOrVar","v":"minutes"}," mín. þar til fullri hleðslu er náð)"]},"$x":[{"t":"idOrVar","v":"plural"},"minutes"]},{"$i":"phoneNumberInput","ariaLabel":"Símanúmer"},{"$i":"keypadDelete","ariaLabel":"Eyða"},{"$i":"voiceMailKey","ariaLabel":"Talhólf"},{"$i":"asterisk","ariaLabel":"Stjarna"},{"$i":"hashSign","ariaLabel":"Myllumerki"},{"$i":"cancel","$v":"H. við"},{"$i":"loadingSimContacts","$v":"Hleður tengil. SIM-korts ..."},{"$i":"noContactsWereFound","$v":"Engir tengil. fundust"},{"$i":"noContactsFoundDialogOk","$v":"Í lagi"},{"$i":"emergencyNumber","$v":"Neyðarnúmer"},{"$i":"callAirplaneModeMessage","$v":"Til að hringja þarftu að slökkva á flugstillingu í stillingum."},{"$i":"callAirplaneModeBtnOk","$v":"Í lagi"},{"$i":"callAirplaneModeTitle","$v":"Flugstilling virkjuð"},{"$i":"numberIsBusyTitle","$v":"Númerið er á tali"},{"$i":"numberIsBusyMessage","$v":"Símanúmerið er á tali. Reyndu aftur síðar."},{"$i":"fdnIsActiveTitle","$v":"Fast númeraval virkt"},{"$i":"fdnIsActiveMessage","$v":["Fast númeraval (FDN) er virkt og eftirfarandi númer er ekki á lista yfir fast númeraval: ",{"t":"idOrVar","v":"number"}]},{"$i":"emergencyDialogBodyBadNumber","$v":"Til að hringja þarf síminn að vera nettengdur."},{"$i":"emergencyDialogBodyDeviceNotAccepted","$v":"Símkerfið leyfir ekki neyðarsímtöl."},{"$i":"emergencyDialogBtnOk","$v":"Í lagi"},{"$i":"emergencyDialogTitle","$v":"Engin nettenging"},{"$i":"invalidNumberToDialTitle","$v":"Ógilt símanúmer"},{"$i":"invalidNumberToDialMessage","$v":"Símanúmerið sem þú hringir í er ekki gilt."},{"$i":"unableToCallTitle","$v":"Ekki hægt að hringja. "},{"$i":"unableToCallMessage","$v":"Ekki er hægt að hringja núna"},{"$i":"otherConnectionInUseTitle","$v":"Önnur tenging í notkun"},{"$i":"otherConnectionInUseMessage","$v":"Þú ert með símtal í gangi á annarri tengingu. Þú getur aðeins notað eina tengingu í einu."},{"$i":"connectingEllipsis","$v":"Tengist ..."},{"$i":"clear","$v":"Hreinsa"},{"$i":"dialer","$v":"Númeraval"},{"$i":"vt-incoming-call","$v":"Móttekin myndsímtal ..."},{"$i":"kai-incoming-call","$v":"Móttek. símt."},{"$i":"kai-in-call","$v":"Í símtali"},{"$i":"kai-answer","$v":"Svarið"},{"$i":"kai-end-answer","$v":"Enda og svara"},{"$i":"kai-decline","$v":"Hafna"},{"$i":"enter-passcode","$v":"Sláðu inn aðgangskóða til að opna skjá."},{"$i":"passcode-error","$v":"Ógildur kóði. Reyndu aftur."},{"$i":"lockscreenInvalidCode","$v":"Vitlaus kóði."},{"$i":"lockscreenColdDown","$v":["Ógildur kóði. Prófaðu aftur eftir ",{"t":"idOrVar","v":"n"},"."]},{"$i":"lockscreenCheckLockCode","$v":{"few":["Ógildur kóði. ",{"t":"idOrVar","v":"n"}," tilraunir eftir."],"one":["Ógildur kóði. ",{"t":"idOrVar","v":"n"}," tilraun eftir."],"other":["Ógildur kóði. ",{"t":"idOrVar","v":"n"}," tilraunir eftir."],"two":["Ógildur kóði. ",{"t":"idOrVar","v":"n"}," tilraunir eftir."]},"$x":[{"t":"idOrVar","v":"plural"},"n"]},{"$i":"videoCall","$v":"Myndsímtal"},{"$i":"voice-call","$v":"Símtal"},{"$i":"video-call","$v":"Myndsímtal"},{"$i":"message","$v":"Skilaboð"},{"$i":"answer-rtt-call","$v":"Svara RTT"},{"$i":"req-rtt-call","$v":"ANS RTT"},{"$i":"rtt-call","$v":"RTT-símtal"},{"$i":"rtt-view","$v":"RTT-yfirlit"},{"$i":"change-to-rtt-call","$v":"Tengir RTT-símtal..."},{"$i":"change-to-voice-call","$v":"Skipt yfir í raddsímtal."},{"$i":"upgrading-rtt","$v":"Uppfærir í RTT-símtal..."},{"$i":"rtt-call-failed","$v":"RTT-símtal mistókst."},{"$i":"voice-call-failed","$v":"Raddsímtal mistókst."},{"$i":"rtt","$v":"RTT"},{"$i":"rtt-emegency-upgrade-rejected","$v":"RTT er ekki tiltækt fyrir þetta símtal í 911."},{"$i":"rtt-emegency-downgrade","$v":"RTT er ekki tiltækt fyrir þetta símtal í 911. Símtalið var tengt sem eingöngu raddsímtal. Ef þú lendir í vandræðum skaltu hringja radd- eða endurvarpssímtal í 911."},{"$i":"voice-only-call","$v":"Símtalið þitt hefur verið tengt sem raddsímtal."},{"$i":"ans-rtt-failed","$v":"Ekki tókst að koma á RTT-símtali. Símtalið þitt hefur verið tengt sem raddsímtal."},{"$i":"back","$v":"Til baka"},{"$i":"new-message","$v":"Ný skilaboð frá"},{"$i":"kai-mute","$v":"Þagga"},{"$i":"kai-unmute","$v":"Slökkva á"},{"$i":"kai-speaker","$v":"Hátalari"},{"$i":"kai-speaker-off","$v":"Ræðumaður slökkt"},{"$i":"kai-microphone-mute-notification","$v":"Hljóðnemi slökkt"},{"$i":"kai-microphone-active-notification","$v":"Hljóðnemi er virkur"},{"$i":"kai-speaker-off-notification","$v":"Slökkt var á ytri ræðumanni"},{"$i":"kai-speaker-on-notification","$v":"Kveikt var á ytri ræðumanni"},{"$i":"kai-hold-and-answer","$v":"Settu í bið og svaraðu"},{"$i":"kai-ignore-call","$v":"Hunsa símtal"},{"$i":"kai-add-to-call","$v":"Bættu við símtali"},{"$i":"kai-switch-to-second-line","$v":"Skipta um símtal"},{"$i":"kai-merge-calls","$v":"Sameina símtal"},{"$i":"ok","$v":"Í lagi"},{"$i":"losing-wifi-msg","$v":"Wi-Fi tapast"},{"$i":"personal","$v":"Persónulegt"},{"$i":"mobile","$v":"Farsími"},{"$i":"home","$v":"Heim"},{"$i":"work","$v":"Vinna"},{"$i":"other","$v":"Annað"},{"$i":"fax-home","$v":"Fax (heima)"},{"$i":"fax-office","$v":"Fax (skrifstofa)"},{"$i":"fax-other","$v":"Annað fax"},{"$i":"hd","$v":"Háskerpa"},{"$i":"manage-call","$v":"Stjórna símtali"},{"$i":"end","$v":"Leggja á"},{"$i":"private","$v":"Einkamál"},{"$i":"sound","$v":"Hljóð"},{"$i":"bluetooth-device","$v":"Bluetooth-tæki"},{"$i":"handset-earpiece","$v":"Höfuðtól"},{"$i":"speaker","$v":"Hátalari"},{"$i":"call-ended","$v":"Símt. lokið"},{"$i":"payphone","$v":"Almenningssími"},{"$i":"contact","$v":"Tengiliður"},{"$i":"dialer-prompt","$v":"Hringdu í númer eða veldu tengilið til að bæta við símtal"},{"$i":"call","$v":"Hringja"},{"$i":"hold","$v":"Í bið"},{"$i":"callHeldDuration","$v":["Bið (",{"t":"idOrVar","v":"duration"},")"]},{"$i":"volume","$v":"Hljóðst."},{"$i":"softkey-options","$v":"Valkostir"},{"$i":"unhold-call","$v":"Taka símtal úr bið"},{"$i":"hold-call","$v":"Setja símtal í bið"},{"$i":"select","$v":"Velja"},{"$i":"unknown","$v":"Óþekkt"},{"$i":"switch-calls","$v":"Skipta um símtal"},{"$i":"voiceMail","$v":"Talhólf"},{"$i":"incoming","$v":"Berst"},{"$i":"outgoing","$v":"Hringt"},{"$i":"callEnded","$v":"Símt. lokið"},{"$i":"callEndedDuration","$v":["Símtali lokið (",{"t":"idOrVar","v":"duration"},")"]},{"$i":"conferenceAddError","$v":"Ekki hægt að sameina símtöl"},{"$i":"conferenceRemoveError","$v":"Ekki hægt að aðsk. símtöl"},{"$i":"valid-number","$v":"Gilt númer"},{"$i":"numberBlockedMessage","$v":"Þetta númer er læst. Þú getur beðið foreldra þína um leyfi."},{"$i":"callDurationMinutes","$v":[{"t":"idOrVar","v":"m"},":",{"t":"idOrVar","v":"s"}]},{"$i":"callDurationHours","$v":[{"t":"idOrVar","v":"h"},":",{"t":"idOrVar","v":"m"},":",{"t":"idOrVar","v":"s"}]},{"$i":"switch-to-device-toast","$v":"Skipt yfir í Bluetooth-tæki"},{"$i":"switch-to-handset-toast","$v":"Skipt yfir í símahátalara"},{"$i":"switch-to-speaker-toast","$v":"Skipt yfir í hátalara"},{"$i":"connecting","$v":"Tengist"},{"$i":"wifi-call-quality-excellent","$v":"Frábær"},{"$i":"wifi-call-quality-fair","$v":"Ágætt"},{"$i":"wifi-call-quality-bad","$v":"Slæmt"},{"$i":"call-left-conference-toast","$v":"hefur yfirgefið símtalið"},{"$i":"camera-off","$v":"Slökkt á myndavél"},{"$i":"camera-on","$v":"Kveikt á myndavél"},{"$i":"rear-camera","$v":"Aftari myndavél"},{"$i":"front-camera","$v":"Fremri myndavél"},{"$i":"hide-info","$v":"Fela uppl."},{"$i":"show-info","$v":"Sýna upplýsingar"},{"$i":"video-call-rejected","$v":"Myndsímtali hafnað, breytt í venjulegt símtal."},{"$i":"video-call-not-support","$v":"Myndsímtal er ekki stutt."},{"$i":"video-call-rejected-timeout","$v":"Myndsímtali hafnað eða tímamörk."},{"$i":"video-call-from","$v":["Svarar myndsímtali frá ",{"t":"idOrVar","v":"name"},"."]},{"$i":"video-call-canceled","$v":"Hætt var við myndsímtal."},{"$i":"video-call-failed","$v":"Myndsímtal mistókst."},{"$i":"call-downgraded","$v":"Símtal lækkað."},{"$i":"wifi-calling","$v":"Wi-Fi símtöl"},{"$i":"wifi-calling-1","$v":"Símtalið gæti slitnað."},{"$i":"wifi-calling-2","$v":"Þú ert næstum komin(n) út fyrir svið Wi-Fi netsins."},{"$i":"wifi-calling-dropped","$v":"Wi-Fi-símtal slitnaði."},{"$i":"accept","$v":"Samþykkja"},{"$i":"conference-call-num","$v":[{"t":"idOrVar","v":"num"}," í símtali."]},{"$i":"more","$v":"Meira"},{"$i":"rec","$v":"REC"},{"$i":"start-recording-call","$v":"Byrja að taka símtal upp."},{"$i":"stop-recording-call","$v":"Hætta að taka símtal upp."},{"$i":"insufficient-storage","$v":"Of lítið pláss. Upptaka stöðvuð."},{"$i":"confirmation","$v":"Staðfesting"},{"$i":"get-empty-ussd","$v":"Null svar fékk."},{"$i":"message-sent","$v":"Skilaboð send"},{"$i":"messages","$v":"Skilaboð"},{"$i":"wait","$v":"Vinsamlegast bíðið..."},{"$i":"send","$v":"Senda"},{"$i":"reply","$v":"Svara"},{"$i":"reply-message-1","$v":"Því miður, ég get ekki talað núna."},{"$i":"reply-message-2","$v":"Ég er á leiðinni."},{"$i":"reply-message-3","$v":"Get ég hringt í þig seinna?"},{"$i":"reply-message-4","$v":"Sérsniðin ..."},{"$i":"reply-to-name","$v":["Sendi svar til ",{"t":"idOrVar","v":"name"}]},{"$i":"call-busy-error","$v":"BusyError"},{"$i":"call-bad-number-error","$v":"BadNumberError"},{"$i":"call-no-route-to-destination-error","$v":"No route to destination."},{"$i":"call-channel-unacceptable-error","$v":"Channel unacceptable"},{"$i":"call-operator-determined-barring-error","$v":"Operator determined barring"},{"$i":"call-normal-call-clearing-error","$v":"LLAMADA TERMINADA"},{"$i":"call-no-user-responding-error","$v":"No user responding"},{"$i":"call-user-alerting-no-answer-error","$v":"User alerting, no answer  "},{"$i":"call-call-rejected-error","$v":"Call rejected"},{"$i":"call-number-changed-error","$v":"Number Changed "},{"$i":"call-pre-emption-error","$v":"Pre-emption"},{"$i":"call-destination-out-of-order-error","$v":"Destination out of order "},{"$i":"call-invalid-number-format-error","$v":"Invalid number format "},{"$i":"call-facility-rejected-error","$v":"Facility rejected "},{"$i":"call-response-to-status-enquiry-error","$v":"Response to "},{"$i":"call-unspecified-error","$v":"Normal, unspecified "},{"$i":"call-congestion-error","$v":"No circuit/channel available"},{"$i":"call-network-out-of-order-error","$v":"Network out of order  "},{"$i":"call-network-temp-failure-error","$v":"Temporary Failure"},{"$i":"call-switching-equip-congestion-error","$v":"Switching equipment congestion"},{"$i":"call-access-info-discarded-error","$v":"Access information discarded "},{"$i":"call-requested-channel-not-available-error","$v":"requested circuit/channel not available"},{"$i":"call-resource-unavailable-error","$v":"Resources unavailable, unspecified"},{"$i":"call-qos-unavailable-error","$v":"Quality of service unavailable"},{"$i":"call-requested-facility-not-subscribed-error","$v":"Requested facility not subscribed"},{"$i":"call-incoming-calls-barred-within-cug-error","$v":"Incoming calls barred within the CUG"},{"$i":"call-bearer-capability-not-authorized-error","$v":"Bearer capability not authorized"},{"$i":"call-bearer-capability-not-available-error","$v":"Bearer capability not presently available"},{"$i":"call-service-not-available-error","$v":"Service or option not available, unspecified"},{"$i":"call-bearer-not-implemented-error","$v":"Bearer service not implemented"},{"$i":"call-incoming-call-exceeded-error","$v":"ACM equal to greater than ACMmax"},{"$i":"call-requested-facility-not-implemented-error","$v":"Requested facility not implemented"},{"$i":"call-unrestricted-bearer-not-available-error","$v":"Only restricted digital information bearer capability is available"},{"$i":"call-service-not-implemented-error","$v":"Service or option not implemented, unspecified "},{"$i":"call-invalid-transaction-id-error","$v":"Invalid transaction identifier value  "},{"$i":"call-not-cug-member-error","$v":"User not member of CUG "},{"$i":"call-incompatible-destination-error","$v":"Incompatible destination  "},{"$i":"call-invalid-transit-network-selection-error","$v":"Invalid transit network selection"},{"$i":"call-semantically-incorrect-message-error","$v":"Semantically incorrect message "},{"$i":"call-invalid-mandatory-info-error","$v":"Invalid mandatory information"},{"$i":"call-message-type-not-implemented-error","$v":"Message type-non compatible with protocol state "},{"$i":"call-message-type-incompatible-protocol-state-error","$v":"Message type not compatible with protocol state  "},{"$i":"call-info-element-not-implemented-error","$v":"Information element nonexistent or not implemented "},{"$i":"call-conditionalIe-error","$v":"Conditional IE error"},{"$i":"call-message-incompatible-protocol-state-error","$v":"Message not compatible with protocol state"},{"$i":"call-recovery-on-timer-expiry-error","$v":"Recovery on timer expiry "},{"$i":"call-protocol-error","$v":"Protocol Error, unspecified "},{"$i":"call-interworking-error","$v":"Interworking, unspecified "},{"$i":"call-service-option-not-subscribed-error","$v":"SIN SUBSCRIPCION AL SERVICIO -33-"},{"$i":"call-unknown-pdp-address-type-error","$v":"FALLA DE AUTENTICACION -29-"},{"$i":"mt-call-on-hold","$v":"Símtalið var sett á bið."},{"$i":"mt-call_retrieved","$v":"Símtal var endurheimt."},{"$i":"mt-multi_party_call","$v":"Þér hefur verið bætt við símafund."},{"$i":"hangup-a11y-button","$v":""},{"$i":"pickup-a11y-button","$v":""},{"$i":"mute","$v":""},{"$i":"toggleKeypad","$v":""},{"$i":"newCall","$v":""},{"$i":"speakerOption","$v":""},{"$i":"bluetoothOption","$v":""},{"$i":"onHoldOption","$v":""},{"$i":"merge","$v":""},{"$i":"ignore","$v":""},{"$i":"dialerAddContact","$v":""},{"$i":"makeCall","$v":""},{"$i":"call-forwarding-async","$v":["Ósamstillt: ",{"t":"idOrVar","v":"async"}]},{"$i":"call-forwarding-data","$v":["Gögn: ",{"t":"idOrVar","v":"data"}]},{"$i":"call-forwarding-error","$v":"Villa kom upp við að sækja stöðu framsendingar símtala"},{"$i":"call-forwarding-fax","$v":["FAX: ",{"t":"idOrVar","v":"fax"}]},{"$i":"call-forwarding-inactive","$v":"Óvirkt"},{"$i":"call-forwarding-packet","$v":["Pakki: ",{"t":"idOrVar","v":"packet"}]},{"$i":"call-forwarding-pad","$v":["PAD: ",{"t":"idOrVar","v":"pad"}]},{"$i":"call-forwarding-sms","$v":["SMS: ",{"t":"idOrVar","v":"sms"}]},{"$i":"call-forwarding-status","$v":"Staða framsend. símt."},{"$i":"call-forwarding-sync","$v":["Samstillt: ",{"t":"idOrVar","v":"sync"}]},{"$i":"call-forwarding-voice","$v":["Rödd: ",{"t":"idOrVar","v":"voice"}]},{"$i":"call-forwarding-reason","$v":["Reason: ",{"t":"idOrVar","v":"reason"}]},{"$i":"scCallBarring","$v":"Útil. símt."},{"$i":"scCallForwarding","$v":"Framsend. símt."},{"$i":"scClip","$v":"Númerabirting"},{"$i":"scClir","$v":"Númerab. fyrir h. símt."},{"$i":"scPwd","$v":"Aðgangsorði breytt"},{"$i":"scCallWaiting","$v":"Símtal bíður"},{"$i":"scPin","$v":"PIN-nr. breytt"},{"$i":"scPin2","$v":"PIN2-nr. breytt"},{"$i":"scPuk","$v":"PIN-nr. fyrir opnun"},{"$i":"scPuk2","$v":"PIN2-nr. fyrir opnun"},{"$i":"scImei","$v":"IMEI-nr."},{"$i":"scMeid","$v":"MEID-nr."},{"$i":"scUssd","$v":"USSD"},{"$i":"serviceClassVoice","$v":"Rödd"},{"$i":"serviceClassData","$v":"Gögn"},{"$i":"serviceClassFax","$v":"FAX"},{"$i":"serviceClassSms","$v":"SMS"},{"$i":"serviceClassDataSync","$v":"Samst."},{"$i":"serviceClassDataAsync","$v":"Ósamst."},{"$i":"serviceClassPacket","$v":"Pakki"},{"$i":"serviceClassPad","$v":"PAD"},{"$i":"smServiceEnabled","$v":"Kveikt var á þjónustu"},{"$i":"smServiceDisabled","$v":"Slökkt var á þjónustu"},{"$i":"smServiceRegistered","$v":"Skráning tókst"},{"$i":"smServiceErased","$v":"Eyðing tókst"},{"$i":"smServiceInterrogated","$v":"Beiðni tókst"},{"$i":"smServiceNotProvisioned","$v":"Þjónustu ekki úthlutað"},{"$i":"smClirPermanent","$v":"Þú getur ekki breytt still. númerabirt."},{"$i":"smClirDefaultOnNextCallOn","$v":"Númerabirting sjálfg. takm. Næsta símtal: Takmarkað"},{"$i":"smClirDefaultOnNextCallOff","$v":"Númerabirting sjálfg. takm. Næsta símtal: Ekki takmarkað"},{"$i":"smClirDefaultOffNextCallOn","$v":"Númerabirting sjálfg. ekki takm. Næsta símtal: Takmarkað"},{"$i":"smClirDefaultOffNextCallOff","$v":"Númerabirt. sjálfg. takm. Næ. símt.: Takm."},{"$i":"smServiceEnabledFor","$v":"Kveikt var þjónustu fyrir:"},{"$i":"smPinChanged","$v":"PIN-nr. breytt"},{"$i":"smPinUnblocked","$v":"Opnað fyrir PIN-nr."},{"$i":"smPin2Changed","$v":"PIN2-nr. var breytt"},{"$i":"smPin2Unblocked","$v":"Opnað var fyrir PIN2-nr."},{"$i":"ServiceIsEnabled","$v":"Kveikt á þjónustu"},{"$i":"ServiceIsDisabled","$v":"Slökkt á þjónustu"},{"$i":"ServiceIsEnabledFor","$v":"Kveikt á þjónustu fyrir:"},{"$i":"emMmiError","$v":"Vandamál með tengingu eða ógilt MMI-nr."},{"$i":"emMmiErrorPasswordIncorrect","$v":"Rangt aðgangsorð"},{"$i":"emMmiErrorNotSupported","$v":"Ógilt eða óstutt MMI-númer"},{"$i":"emMmiErrorInvalidAction","$v":"Ógild aðgerð"},{"$i":"emMmiErrorInvalidScCode","$v":"Ógildur þjónustukóði"},{"$i":"emMmiErrorBadPuk","$v":"PUK-nr. sem þú slóst inn er rangt"},{"$i":"emMmiErrorBadPin","$v":"Gamla PIN-nr. sem þú slóst inn er rangt."},{"$i":"emMmiErrorNeedPuk2","$v":"Sláðu inn PUK2-nr. til að opna fyrir SIM-kort"},{"$i":"emMmiErrorMismatchPin","$v":"Innslegin PIN-númer stemma ekki"},{"$i":"emMmiErrorInvalidPin","$v":"Sláðu inn 4 til 8 tölustafa PIN-nr."},{"$i":"emMmiErrorNeedsPuk","$v":"SIM-kortið er varið með PUK-nr."},{"$i":"emMmiErrorEnablePin","$v":"Mist. Kv. á LÁS SIM-/RUIM-KORTS"},{"$i":"emMmiErrorMmiFdn","$v":"Aðg. er takm. við nr. í föstu númeravali"},{"$i":"emMmiErrorStkCcUssdDial","$v":"USSD-beiðni breytt í símtalsbeiðni"},{"$i":"emMmiErrorStkCcUssdSs","$v":"USSD-beiðni breytt í SS-beiðni"},{"$i":"emMmiErrorStkCcUssdUssd","$v":"USSD-beiðni breytt í nýja USSD-beiðni"},{"$i":"emMmiErrorStkCcSsDial","$v":"SS-beiðni breytt í símtalsbeiðni"},{"$i":"emMmiErrorStkCcSsUssd","$v":"SS-beiðni br. í nýja USSD-beiðni"},{"$i":"emMmiErrorStkCcSsSs","$v":"SS-beiðni br. í nýja SS-beiðni"},{"$i":"emMmiErrorPinPukAttempts","$v":{"few":[{"t":"idOrVar","v":"n"}," tilraunir eftir"],"many":[{"t":"idOrVar","v":"n"}," tilraunir eftir"],"one":["Eing. ",{"t":"idOrVar","v":"n"}," tilr. eftir"],"other":[{"t":"idOrVar","v":"n"}," tilraunir eftir"],"two":[{"t":"idOrVar","v":"n"}," tilraunir eftir"]},"$x":[{"t":"idOrVar","v":"plural"},"n"]},{"$i":"emMmiErrorSimBlocked","$v":"Hámarksfjölda tilrauna náð. Lokað fyrir SIM-kort"},{"$i":"RadioNotAvailable","$v":"Útvarp ekki tiltækt"},{"$i":"GenericFailure","$v":"Villa við framkvæmd beiðni."},{"$i":"PasswordIncorrect","$v":"Rangt aðgangsorð"},{"$i":"SimPin2","$v":"PIN2-nr. SIM-korts"},{"$i":"SimPuk2","$v":"PUK2-nr. SIM-korts"},{"$i":"RequestNotSupported","$v":"Beiðni ekki studd"},{"$i":"OpNotAllowedDuringVoiceCall","$v":"Aðg. ekki leyfð meðan símt. stendur yfir"},{"$i":"SmsSendFailRetry","$v":"SMS send fail retry"},{"$i":"SimAbsent","$v":"SIM-kort greinist ekki"},{"$i":"SubscriptionNotAvailable","$v":"Áskrift ekki í boði"},{"$i":"ModeNotSupported","$v":"Stilling ekki studd"},{"$i":"FdnCheckFailure","$v":"Ath. á föstu númeravali mist."},{"$i":"IllegalSimOrMe","$v":"Ólöglegt SIM eða ME"},{"$i":"DialModifiedToUssd","$v":"Vali breytt í USSD"},{"$i":"DialModifiedToSs","$v":"Vali breytt í SS"},{"$i":"DialModifiedToDial","$v":"Vali breytt í val"},{"$i":"UssdModifiedToDial","$v":"USSD modified to dial"},{"$i":"UssdModifiedToSs","$v":"USSD modified to SS"},{"$i":"UssdModifiedToUssd","$v":"USSD modified to USSD"},{"$i":"SsModifiedToDial","$v":"SS modified to dial"},{"$i":"SsModifiedToUssd","$v":"SS modified to USSD"},{"$i":"SsModifiedToSs","$v":"SS modified to SS"},{"$i":"SubscriptionNotSupported","$v":"Áskrift ekki studd"},{"$i":"InvalidParameter","$v":"Ógild færibreyta"},{"$i":"RejectedByRemote","$v":"Hafnað með fjarst."},{"$i":"error","$v":"Villa"}]