[{"$i":"weekday-0-long","$v":"Sekmadienis"},{"$i":"weekday-1-long","$v":"Pirmadienis"},{"$i":"weekday-2-long","$v":"Antradienis"},{"$i":"weekday-3-long","$v":"Trečiadienis"},{"$i":"weekday-4-long","$v":"Ketvirtadienis"},{"$i":"weekday-5-long","$v":"Penktadienis"},{"$i":"weekday-6-long","$v":"Šeštadienis"},{"$i":"weekday-0-short","$v":"Sk"},{"$i":"weekday-1-short","$v":"Pr"},{"$i":"weekday-2-short","$v":"An"},{"$i":"weekday-3-short","$v":"Tr"},{"$i":"weekday-4-short","$v":"Kt"},{"$i":"weekday-5-short","$v":"Pn"},{"$i":"weekday-6-short","$v":"Št"},{"$i":"month-0-long","$v":"Sausis"},{"$i":"month-1-long","$v":"Vasaris"},{"$i":"month-2-long","$v":"Kovas"},{"$i":"month-3-long","$v":"Balandis"},{"$i":"month-4-long","$v":"Gegužė"},{"$i":"month-5-long","$v":"Birželis"},{"$i":"month-6-long","$v":"Liepa"},{"$i":"month-7-long","$v":"Rugpjūtis"},{"$i":"month-8-long","$v":"Rugsėjis"},{"$i":"month-9-long","$v":"Spalis"},{"$i":"month-10-long","$v":"Lapkritis"},{"$i":"month-11-long","$v":"Gruodis"},{"$i":"month-0-genitive","$v":"Sausis"},{"$i":"month-1-genitive","$v":"Vasaris"},{"$i":"month-2-genitive","$v":"Kovas"},{"$i":"month-3-genitive","$v":"Balandis"},{"$i":"month-4-genitive","$v":"Gegužė"},{"$i":"month-5-genitive","$v":"Birželis"},{"$i":"month-6-genitive","$v":"Liepa"},{"$i":"month-7-genitive","$v":"Rugpjūtis"},{"$i":"month-8-genitive","$v":"Rugsėjis"},{"$i":"month-9-genitive","$v":"Spalis"},{"$i":"month-10-genitive","$v":"Lapkritis"},{"$i":"month-11-genitive","$v":"Gruodis"},{"$i":"month-0-short","$v":"saus."},{"$i":"month-1-short","$v":"vasar."},{"$i":"month-2-short","$v":"kov."},{"$i":"month-3-short","$v":"balan."},{"$i":"month-4-short","$v":"Geg"},{"$i":"month-5-short","$v":"birž."},{"$i":"month-6-short","$v":"liep."},{"$i":"month-7-short","$v":"rugpj."},{"$i":"month-8-short","$v":"rugs"},{"$i":"month-9-short","$v":"spal."},{"$i":"month-10-short","$v":"lapkr."},{"$i":"month-11-short","$v":"grd."},{"$i":"minutes-ago-long","$v":{"few":["Prieš ",{"t":"idOrVar","v":"value"}," min."],"many":["Prieš ",{"t":"idOrVar","v":"value"}," min."],"other":["Prieš ",{"t":"idOrVar","v":"value"}," min."],"two":["Prieš ",{"t":"idOrVar","v":"value"}," min."],"one":"prieš minutę","zero":"ką tik"},"$x":[{"t":"idOrVar","v":"plural"},"value"]},{"$i":"hours-ago-long","$v":{"few":["Prieš ",{"t":"idOrVar","v":"value"}," val."],"many":["Prieš ",{"t":"idOrVar","v":"value"}," val."],"other":["Prieš ",{"t":"idOrVar","v":"value"}," val."],"two":["Prieš ",{"t":"idOrVar","v":"value"}," val."],"one":"Prieš 1 valandą","zero":"ką tik"},"$x":[{"t":"idOrVar","v":"plural"},"value"]},{"$i":"days-ago-long","$v":{"few":["Prieš ",{"t":"idOrVar","v":"value"}," d."],"many":["Prieš ",{"t":"idOrVar","v":"value"}," d."],"one":"vakar","other":["Prieš ",{"t":"idOrVar","v":"value"}," d."],"two":["Prieš ",{"t":"idOrVar","v":"value"}," d."],"zero":"šiandien"},"$x":[{"t":"idOrVar","v":"plural"},"value"]},{"$i":"weeks-ago-long","$v":{"few":["Prieš ",{"t":"idOrVar","v":"value"}," sav."],"many":["Prieš ",{"t":"idOrVar","v":"value"}," sav."],"one":"pas. sav.","other":["Prieš ",{"t":"idOrVar","v":"value"}," sav."],"two":["Prieš ",{"t":"idOrVar","v":"value"}," sav."],"zero":"ši savaitė"},"$x":[{"t":"idOrVar","v":"plural"},"value"]},{"$i":"months-ago-long","$v":{"few":[{"t":"idOrVar","v":"value"}," mėn. po"],"many":[{"t":"idOrVar","v":"value"}," mėn. po"],"one":"pask. mėn.","other":[{"t":"idOrVar","v":"value"}," mėn. po"],"two":[{"t":"idOrVar","v":"value"}," mėn. po"],"zero":"šis mėnuo"},"$x":[{"t":"idOrVar","v":"plural"},"value"]},{"$i":"years-ago-long","$v":{"few":["Prieš ",{"t":"idOrVar","v":"value"}," met."],"many":["Prieš ",{"t":"idOrVar","v":"value"}," met."],"one":"Pas. met.","other":["Prieš ",{"t":"idOrVar","v":"value"}," met."],"two":["Prieš ",{"t":"idOrVar","v":"value"}," met."],"zero":"šie metai"},"$x":[{"t":"idOrVar","v":"plural"},"value"]},{"$i":"minutes-until-long","$v":{"few":["per ",{"t":"idOrVar","v":"value"}," min."],"many":["per ",{"t":"idOrVar","v":"value"}," min."],"other":["per ",{"t":"idOrVar","v":"value"}," min."],"two":["per ",{"t":"idOrVar","v":"value"}," min."],"zero":"dabar","one":"per 1 min"},"$x":[{"t":"idOrVar","v":"plural"},"value"]},{"$i":"hours-until-long","$v":{"few":["per ",{"t":"idOrVar","v":"value"}," val."],"many":["per ",{"t":"idOrVar","v":"value"}," val."],"other":["per ",{"t":"idOrVar","v":"value"}," val."],"two":["per ",{"t":"idOrVar","v":"value"}," val."],"zero":"dabar","one":"per 1 valandą"},"$x":[{"t":"idOrVar","v":"plural"},"value"]},{"$i":"days-until-long","$v":{"few":["per ",{"t":"idOrVar","v":"value"}," d."],"many":["per ",{"t":"idOrVar","v":"value"}," d."],"one":"rytoj","other":["per ",{"t":"idOrVar","v":"value"}," d."],"two":["per ",{"t":"idOrVar","v":"value"}," d."],"zero":"šiandien"},"$x":[{"t":"idOrVar","v":"plural"},"value"]},{"$i":"weeks-until-long","$v":{"few":["per ",{"t":"idOrVar","v":"value"}," sav."],"many":["per ",{"t":"idOrVar","v":"value"}," sav."],"one":"kita sav.","other":["per ",{"t":"idOrVar","v":"value"}," sav."],"two":["per ",{"t":"idOrVar","v":"value"}," sav."],"zero":"ši savaitė"},"$x":[{"t":"idOrVar","v":"plural"},"value"]},{"$i":"months-until-long","$v":{"few":["per ",{"t":"idOrVar","v":"value"}," mėn."],"many":["per ",{"t":"idOrVar","v":"value"}," mėn."],"one":"kit. mėn.","other":["per ",{"t":"idOrVar","v":"value"}," mėn."],"two":["per ",{"t":"idOrVar","v":"value"}," mėn."],"zero":"šis mėnuo"},"$x":[{"t":"idOrVar","v":"plural"},"value"]},{"$i":"years-until-long","$v":{"few":["per ",{"t":"idOrVar","v":"value"}," met."],"many":["per ",{"t":"idOrVar","v":"value"}," met."],"one":"kit. met.","other":["per ",{"t":"idOrVar","v":"value"}," met."],"two":["per ",{"t":"idOrVar","v":"value"}," met."],"zero":"šie metai"},"$x":[{"t":"idOrVar","v":"plural"},"value"]},{"$i":"minutes-ago-short","$v":{"other":["Prieš ",{"t":"idOrVar","v":"value"},"min."],"zero":"ką tik"},"$x":[{"t":"idOrVar","v":"plural"},"value"]},{"$i":"hours-ago-short","$v":{"other":["Prieš ",{"t":"idOrVar","v":"value"},"val."],"zero":"ką tik"},"$x":[{"t":"idOrVar","v":"plural"},"value"]},{"$i":"days-ago-short","$v":{"other":["Prieš ",{"t":"idOrVar","v":"value"},"d."],"zero":"šiandien"},"$x":[{"t":"idOrVar","v":"plural"},"value"]},{"$i":"minutes-until-short","$v":{"other":["per ",{"t":"idOrVar","v":"value"},"min."],"zero":"dabar"},"$x":[{"t":"idOrVar","v":"plural"},"value"]},{"$i":"hours-until-short","$v":{"other":["per ",{"t":"idOrVar","v":"value"},"val."],"zero":"dabar"},"$x":[{"t":"idOrVar","v":"plural"},"value"]},{"$i":"days-until-short","$v":{"other":["per ",{"t":"idOrVar","v":"value"},"d"],"zero":"šiandien"},"$x":[{"t":"idOrVar","v":"plural"},"value"]},{"$i":"incorrectDate","$v":"(neteisinga data)"},{"$i":"dateTimeFormat_%c","$v":"%a %b %e %Y %I:%M:%S %p"},{"$i":"dateTimeFormat_%x","$v":"%m/%d/%Y"},{"$i":"dateTimeFormat_%X","$v":"%I:%M:%S %p"},{"$i":"shortTimeFormat","$v":"%I:%M %p"},{"$i":"shortTimeFormat12","$v":"%I:%M %p"},{"$i":"shortTimeFormat24","$v":"%H:%M"},{"$i":"shortDateTimeFormat","$v":"%x %I:%M %p"},{"$i":"weekStartsOnMonday","$v":"0.0"},{"$i":"firstDayOfTheWeek","$v":"1.0"},{"$i":"time_am","$v":"AM"},{"$i":"time_pm","$v":"PM"},{"$i":"airplaneMode","$v":"Lėkt. rež."},{"$i":"searching","$v":"Ieškoma..."},{"$i":"noNetwork","$v":"Nėra tink."},{"$i":"roaming","$v":[{"t":"idOrVar","v":"operator"}," (užs. tinkl.)"]},{"$i":"operator-info","$v":[{"t":"idOrVar","v":"carrier"}," ",{"t":"idOrVar","v":"region"}]},{"$i":"emergencyCallsOnly","$v":"Tik skambučiai pagalb. tarn."},{"$i":"emergencyCallsOnly-unknownSIMState","$v":"(SIM būklė nežin.)"},{"$i":"emergencyCallsOnly-noSIM","$v":"(Nėra SIM k.)"},{"$i":"emergencyCallsOnly-pinRequired","$v":"(Reik. SIM k. PIN k.)"},{"$i":"emergencyCallsOnly-pukRequired","$v":"(Reik. SIM k. PUK k.)"},{"$i":"emergencyCallsOnly-networkLocked","$v":"(tinklas užrak.)"},{"$i":"emergencyCallsOnly-serviceProviderLocked","$v":"(paslaugų teik. užrak.)"},{"$i":"emergencyCallsOnly-corporateLocked","$v":"(užrakinta įmonės)"},{"$i":"emergencyCallsOnly-network1Locked","$v":"(1 tinkl. užrak.)"},{"$i":"emergencyCallsOnly-network2Locked","$v":"(2 tinkl. užrak.)"},{"$i":"emergencyCallsOnly-hrpdNetworkLocked","$v":"(HRPD tinkl. užrak.)"},{"$i":"emergencyCallsOnly-ruimCorporateLocked","$v":"(RUIM užrak. įmonės)"},{"$i":"emergencyCallsOnly-ruimServiceProviderLocked","$v":"(RUIM paslaugų teik. užrak.)"},{"$i":"lockscreen-sim-id","$v":["SIM ",{"t":"idOrVar","v":"n"}]},{"$i":"charging-no-time","$v":["Įkr.: ",{"t":"idOrVar","v":"level"}," %"]},{"$i":"charging-minutes","$v":{"few":["Įkrauta: ",{"t":"idOrVar","v":"level"}," % (",{"t":"idOrVar","v":"minutes"}," min. iki visiško įkrov.)"],"many":["Įkrauta: ",{"t":"idOrVar","v":"level"}," % (",{"t":"idOrVar","v":"minutes"}," min. iki visiško įkrov.)"],"one":["Įkrauta: ",{"t":"idOrVar","v":"level"}," % (",{"t":"idOrVar","v":"minutes"}," min. iki visiško įkrov.)"],"other":["Įkrauta: ",{"t":"idOrVar","v":"level"}," % (",{"t":"idOrVar","v":"minutes"}," min. iki visiško įkrov.)"],"two":["Įkrauta: ",{"t":"idOrVar","v":"level"}," % (",{"t":"idOrVar","v":"minutes"}," min. iki visiško įkrov.)"],"zero":["Įkrauta: ",{"t":"idOrVar","v":"level"}," % (",{"t":"idOrVar","v":"minutes"}," min. iki visiško įkrov.)"]},"$x":[{"t":"idOrVar","v":"plural"},"minutes"]},{"$i":"charging-hours","$v":{"few":["Įkr.: ",{"t":"idOrVar","v":"level"}," % (",{"t":"idOrVar","v":"hours"}," val. ",{"t":"idOrVar","v":"minutes"}," min. iki vis. įkrov.)"],"many":["Įkr.: ",{"t":"idOrVar","v":"level"}," % (",{"t":"idOrVar","v":"hours"}," val. ",{"t":"idOrVar","v":"minutes"}," min. iki vis. įkrov.)"],"one":["Įkr.: ",{"t":"idOrVar","v":"level"}," % (",{"t":"idOrVar","v":"hours"}," val. ",{"t":"idOrVar","v":"minutes"}," min. iki vis. įkrov.)"],"other":["Įkr.: ",{"t":"idOrVar","v":"level"}," % (",{"t":"idOrVar","v":"hours"}," val. ",{"t":"idOrVar","v":"minutes"}," min. iki vis. įkrov.)"],"two":["Įkr.: ",{"t":"idOrVar","v":"level"}," % (",{"t":"idOrVar","v":"hours"}," val. ",{"t":"idOrVar","v":"minutes"}," min. iki vis. įkrov.)"],"zero":["Įkr.: ",{"t":"idOrVar","v":"level"}," % (",{"t":"idOrVar","v":"hours"}," val. ",{"t":"idOrVar","v":"minutes"}," min. iki vis. įkrov.)"]},"$x":[{"t":"idOrVar","v":"plural"},"minutes"]},{"$i":"phoneNumberInput","ariaLabel":"Telefono numeris:"},{"$i":"keypadDelete","ariaLabel":"Ištrinti"},{"$i":"voiceMailKey","ariaLabel":"Balso paštas"},{"$i":"asterisk","ariaLabel":"Žvaigžd."},{"$i":"hashSign","ariaLabel":"Grotelės"},{"$i":"cancel","$v":"Atš."},{"$i":"loadingSimContacts","$v":"Įkel. SIM kort. adresatai…"},{"$i":"noContactsWereFound","$v":"Adresatų nerasta"},{"$i":"noContactsFoundDialogOk","$v":"GERAI"},{"$i":"emergencyNumber","$v":"Pagalbos tarnybos numeris"},{"$i":"callAirplaneModeMessage","$v":"Norinti skambinti, reikia išjungti lėktuvo režimą param. skiltyje."},{"$i":"callAirplaneModeBtnOk","$v":"GERAI"},{"$i":"callAirplaneModeTitle","$v":"Lėkt. režimas įjungtas"},{"$i":"numberIsBusyTitle","$v":"Numeris užimtas"},{"$i":"numberIsBusyMessage","$v":"Šiuo metu numeris užimtas. Bandykite dar kartą vėliau."},{"$i":"fdnIsActiveTitle","$v":"FDN įjung."},{"$i":"fdnIsActiveMessage","$v":["FDN (apribotojo rinkimo numerių) funkc. yra įjungta, bet šio numerio nėra jūsų FDN sąraše: ",{"t":"idOrVar","v":"number"}]},{"$i":"emergencyDialogBodyBadNumber","$v":"Norint skambinti, telefonas turi būti prijungtas prie tinklo."},{"$i":"emergencyDialogBodyDeviceNotAccepted","$v":"Tinkle skambučiai pagalbos tarnyboms neleidžiami."},{"$i":"emergencyDialogBtnOk","$v":"Gerai"},{"$i":"emergencyDialogTitle","$v":"Nėra tinklo ryšio"},{"$i":"invalidNumberToDialTitle","$v":"Neteis. telef. num."},{"$i":"invalidNumberToDialMessage","$v":"Telefono numeris, kuriuo skambinate, neteisingas."},{"$i":"unableToCallTitle","$v":"Nepav. paskambinti. "},{"$i":"unableToCallMessage","$v":"Nepavyksta paskambinti"},{"$i":"otherConnectionInUseTitle","$v":"Naudojamas kitas ryšys"},{"$i":"otherConnectionInUseMessage","$v":"Šiuo metu aktyviai skambinate kitam ryšiui. Galite naudotis tik vienu ryšiu tuo pačiu metu."},{"$i":"connectingEllipsis","$v":"Jungiamasi..."},{"$i":"clear","$v":"Ištr."},{"$i":"dialer","$v":"Rinkik."},{"$i":"vt-incoming-call","$v":"Gaunamas vaizdo skambutis ..."},{"$i":"kai-incoming-call","$v":"Priim. skamb."},{"$i":"kai-in-call","$v":"Į skambutį"},{"$i":"kai-answer","$v":"Atsakymas"},{"$i":"kai-end-answer","$v":"Pabaiga ir atsakymas"},{"$i":"kai-decline","$v":"Atmesti"},{"$i":"enter-passcode","$v":"Jei norite atrakinti ekraną, įveskite ryšio kodą."},{"$i":"passcode-error","$v":"Netink. kodas. Band. dar kartą."},{"$i":"lockscreenInvalidCode","$v":"Neteisingas kodas."},{"$i":"lockscreenColdDown","$v":["Neteisingas kodas. Bandykite po ",{"t":"idOrVar","v":"n"},"."]},{"$i":"lockscreenCheckLockCode","$v":{"few":["Neteisingas kodas. Liko bandymų: ",{"t":"idOrVar","v":"n"},"."],"one":["Neteisingas kodas. Liko bandymų: ",{"t":"idOrVar","v":"n"},"."],"other":["Neteisingas kodas. Liko bandymų: ",{"t":"idOrVar","v":"n"},"."],"two":["Neteisingas kodas. Liko bandymų: ",{"t":"idOrVar","v":"n"},"."]},"$x":[{"t":"idOrVar","v":"plural"},"n"]},{"$i":"videoCall","$v":"Vaizdo skambutis"},{"$i":"voice-call","$v":"Balso skambutis"},{"$i":"video-call","$v":"Vaizdo skambutis"},{"$i":"message","$v":"Praneš."},{"$i":"answer-rtt-call","$v":"Atsiliepti RTT"},{"$i":"req-rtt-call","$v":"ANS RTT"},{"$i":"rtt-call","$v":"RTT skambutis"},{"$i":"rtt-view","$v":"RTT peržiūra"},{"$i":"change-to-rtt-call","$v":"Prisijungiama prie RTT skambučio..."},{"$i":"change-to-voice-call","$v":"Pakeista į balso skambutį."},{"$i":"upgrading-rtt","$v":"Atnaujinama į RTT skambutį..."},{"$i":"rtt-call-failed","$v":"RTT skambutis nepavyko."},{"$i":"voice-call-failed","$v":"Balso skambučio atlikti nepavyko."},{"$i":"rtt","$v":"RTT"},{"$i":"rtt-emegency-upgrade-rejected","$v":"RTT negalimas šiam 911 skambučiui."},{"$i":"rtt-emegency-downgrade","$v":"Šiam 911 skambučiui RTT negalimas. Jūsų skambutis yra prijungtas kaip tik balso skambutis. Jei susiduriate su sunkumais, atlikite balso skambutį arba skambinkite 911."},{"$i":"voice-only-call","$v":"Skambutis buvo prijungtas kaip tik balso skambutis."},{"$i":"ans-rtt-failed","$v":"Nepavyko atlikti ISD skambučio. Skambutis buvo prijungtas tik kaip balso skambutis."},{"$i":"back","$v":"Grįž."},{"$i":"new-message","$v":"Nauji pran. nuo"},{"$i":"kai-mute","$v":"Nutildyti"},{"$i":"kai-unmute","$v":"Įjungti garsą"},{"$i":"kai-speaker","$v":"Garsiakalbis"},{"$i":"kai-speaker-off","$v":"Garsiakalbis išjungtas"},{"$i":"kai-microphone-mute-notification","$v":"Mikrofonas nutildytas"},{"$i":"kai-microphone-active-notification","$v":"Mikrofonas įjungtas"},{"$i":"kai-speaker-off-notification","$v":"Išorinis garsiakalbis išjungtas"},{"$i":"kai-speaker-on-notification","$v":"Išorinis garsiakalbis įjungtas"},{"$i":"kai-hold-and-answer","$v":"Palaikykite ir atsakykite"},{"$i":"kai-ignore-call","$v":"Nepaisyti skambučio"},{"$i":"kai-add-to-call","$v":"Pridėti skambutį"},{"$i":"kai-switch-to-second-line","$v":"Sukeisti skambučius"},{"$i":"kai-merge-calls","$v":"Sujungti skambutį"},{"$i":"ok","$v":"Gerai"},{"$i":"losing-wifi-msg","$v":"pr. „Wi-Fi“"},{"$i":"personal","$v":"Asmenin."},{"$i":"mobile","$v":"Mobilusis"},{"$i":"home","$v":"Namų"},{"$i":"work","$v":"Darbas"},{"$i":"other","$v":"Kita"},{"$i":"fax-home","$v":"Namų faks."},{"$i":"fax-office","$v":"Darbo fak."},{"$i":"fax-other","$v":"Kit. faks."},{"$i":"hd","$v":"HD"},{"$i":"manage-call","$v":"Skam. tvark."},{"$i":"end","$v":"Baig. sk."},{"$i":"private","$v":"Privat."},{"$i":"sound","$v":"Garsas"},{"$i":"bluetooth-device","$v":"„Bluetooth“ prt."},{"$i":"handset-earpiece","$v":"Ragel."},{"$i":"speaker","$v":"Garsiakalbis"},{"$i":"call-ended","$v":"Skmb. baig."},{"$i":"payphone","$v":"Taksof."},{"$i":"contact","$v":"Adresat."},{"$i":"dialer-prompt","$v":"Rink. nr. arba prid. norimą adr. prie skamb."},{"$i":"call","$v":"Skam."},{"$i":"hold","$v":"Užlk."},{"$i":"callHeldDuration","$v":["Užlaik. (",{"t":"idOrVar","v":"duration"},")"]},{"$i":"volume","$v":"Garsumas"},{"$i":"softkey-options","$v":"Funkc."},{"$i":"unhold-call","$v":"Tęsti skambutį"},{"$i":"hold-call","$v":"Sulaikyti skambutį"},{"$i":"select","$v":"Rinktis"},{"$i":"unknown","$v":"Nežinomas"},{"$i":"switch-calls","$v":"Perjungti skambučius"},{"$i":"voiceMail","$v":"Balso paštas"},{"$i":"incoming","$v":"Gaunamas"},{"$i":"outgoing","$v":"Išeinantis"},{"$i":"callEnded","$v":"Skmb. baig."},{"$i":"callEndedDuration","$v":["Skambutis baigtas (",{"t":"idOrVar","v":"duration"},")"]},{"$i":"conferenceAddError","$v":"Nepavyko sujungti skambučių"},{"$i":"conferenceRemoveError","$v":"Nepavyko atšaukti skambučių sujungimo"},{"$i":"valid-number","$v":"Galiojantis numeris"},{"$i":"numberBlockedMessage","$v":"Šis numeris užblokuotas. Galite paprašyti tėvų leidimo."},{"$i":"callDurationMinutes","$v":[{"t":"idOrVar","v":"m"},":",{"t":"idOrVar","v":"s"}]},{"$i":"callDurationHours","$v":[{"t":"idOrVar","v":"h"},":",{"t":"idOrVar","v":"m"},":",{"t":"idOrVar","v":"s"}]},{"$i":"switch-to-device-toast","$v":"Perjungta į „Bluetooth“ prietaisą"},{"$i":"switch-to-handset-toast","$v":"Perjungta į ragelio ausines"},{"$i":"switch-to-speaker-toast","$v":"Perjungta į garsiakalbį"},{"$i":"connecting","$v":"Jungiamasi"},{"$i":"wifi-call-quality-excellent","$v":"Puiku"},{"$i":"wifi-call-quality-fair","$v":"Nebloga"},{"$i":"wifi-call-quality-bad","$v":"Bloga"},{"$i":"call-left-conference-toast","$v":"paliko pokalbį"},{"$i":"camera-off","$v":"Fotok. išj."},{"$i":"camera-on","$v":"Fotok. įj."},{"$i":"rear-camera","$v":"Gal. fotok."},{"$i":"front-camera","$v":"Pr. fotokam."},{"$i":"hide-info","$v":"Slėp. inf."},{"$i":"show-info","$v":"Rodyti inf."},{"$i":"video-call-rejected","$v":"Vaizdo sk. atmestas, pakeiskite į balso sk."},{"$i":"video-call-not-support","$v":"Nepalaikomas vaizdo skamb."},{"$i":"video-call-rejected-timeout","$v":"Vaizdo skambutis atmestas arba baigėsi skirtasis laikas."},{"$i":"video-call-from","$v":["Gaunamas vaizdo skamb. iš ",{"t":"idOrVar","v":"name"},"."]},{"$i":"video-call-canceled","$v":"Vaizdo sk. atšauktas."},{"$i":"video-call-failed","$v":"Vaizdo sk. nepav."},{"$i":"call-downgraded","$v":"Skambutis sumažintas."},{"$i":"wifi-calling","$v":"„Wi-Fi“ skambinimas"},{"$i":"wifi-calling-1","$v":"Sk. gali nutrūkti."},{"$i":"wifi-calling-2","$v":"Tuoj atsidursite už „Wi-Fi“ aprėpties ribų."},{"$i":"wifi-calling-dropped","$v":"„Wi-Fi“ skambinimas nutrūko."},{"$i":"accept","$v":"Priimti"},{"$i":"conference-call-num","$v":["Kalbasi ",{"t":"idOrVar","v":"num"}," žmon."]},{"$i":"more","$v":"Daug."},{"$i":"rec","$v":"REC"},{"$i":"start-recording-call","$v":"Pradėkite įrašyti skambutį."},{"$i":"stop-recording-call","$v":"Baikite įrašyti skambutį."},{"$i":"insufficient-storage","$v":"Nepakanka saugyklos vietos. Įrašymas sustabdytas."},{"$i":"confirmation","$v":"Patvirtinim."},{"$i":"get-empty-ussd","$v":"Gautas nulinis atsakymas."},{"$i":"message-sent","$v":"Pran. išsiųs."},{"$i":"messages","$v":"Praneš."},{"$i":"wait","$v":"Prašau palauk..."},{"$i":"send","$v":"Siųsti"},{"$i":"reply","$v":"Atsakyti"},{"$i":"reply-message-1","$v":"Deja, dabar negaliu kalbėti."},{"$i":"reply-message-2","$v":"Aš pakeliui."},{"$i":"reply-message-3","$v":"Ar galiu tau paskambinti vėliau?"},{"$i":"reply-message-4","$v":"Pasirinktinis ..."},{"$i":"reply-to-name","$v":["Atsakyta ",{"t":"idOrVar","v":"name"}]},{"$i":"call-busy-error","$v":"BusyError"},{"$i":"call-bad-number-error","$v":"BadNumberError"},{"$i":"call-no-route-to-destination-error","$v":"No route to destination."},{"$i":"call-channel-unacceptable-error","$v":"Channel unacceptable"},{"$i":"call-operator-determined-barring-error","$v":"Operator determined barring"},{"$i":"call-normal-call-clearing-error","$v":"LLAMADA TERMINADA"},{"$i":"call-no-user-responding-error","$v":"No user responding"},{"$i":"call-user-alerting-no-answer-error","$v":"User alerting, no answer  "},{"$i":"call-call-rejected-error","$v":"Call rejected"},{"$i":"call-number-changed-error","$v":"Number Changed "},{"$i":"call-pre-emption-error","$v":"Pre-emption"},{"$i":"call-destination-out-of-order-error","$v":"Destination out of order "},{"$i":"call-invalid-number-format-error","$v":"Invalid number format "},{"$i":"call-facility-rejected-error","$v":"Facility rejected "},{"$i":"call-response-to-status-enquiry-error","$v":"Response to "},{"$i":"call-unspecified-error","$v":"Normal, unspecified "},{"$i":"call-congestion-error","$v":"No circuit/channel available"},{"$i":"call-network-out-of-order-error","$v":"Network out of order  "},{"$i":"call-network-temp-failure-error","$v":"Temporary Failure"},{"$i":"call-switching-equip-congestion-error","$v":"Switching equipment congestion"},{"$i":"call-access-info-discarded-error","$v":"Access information discarded "},{"$i":"call-requested-channel-not-available-error","$v":"requested circuit/channel not available"},{"$i":"call-resource-unavailable-error","$v":"Resources unavailable, unspecified"},{"$i":"call-qos-unavailable-error","$v":"Quality of service unavailable"},{"$i":"call-requested-facility-not-subscribed-error","$v":"Requested facility not subscribed"},{"$i":"call-incoming-calls-barred-within-cug-error","$v":"Incoming calls barred within the CUG"},{"$i":"call-bearer-capability-not-authorized-error","$v":"Bearer capability not authorized"},{"$i":"call-bearer-capability-not-available-error","$v":"Bearer capability not presently available"},{"$i":"call-service-not-available-error","$v":"Service or option not available, unspecified"},{"$i":"call-bearer-not-implemented-error","$v":"Bearer service not implemented"},{"$i":"call-incoming-call-exceeded-error","$v":"ACM equal to greater than ACMmax"},{"$i":"call-requested-facility-not-implemented-error","$v":"Requested facility not implemented"},{"$i":"call-unrestricted-bearer-not-available-error","$v":"Only restricted digital information bearer capability is available"},{"$i":"call-service-not-implemented-error","$v":"Service or option not implemented, unspecified "},{"$i":"call-invalid-transaction-id-error","$v":"Invalid transaction identifier value  "},{"$i":"call-not-cug-member-error","$v":"User not member of CUG "},{"$i":"call-incompatible-destination-error","$v":"Incompatible destination  "},{"$i":"call-invalid-transit-network-selection-error","$v":"Invalid transit network selection"},{"$i":"call-semantically-incorrect-message-error","$v":"Semantically incorrect message "},{"$i":"call-invalid-mandatory-info-error","$v":"Invalid mandatory information"},{"$i":"call-message-type-not-implemented-error","$v":"Message type-non compatible with protocol state "},{"$i":"call-message-type-incompatible-protocol-state-error","$v":"Message type not compatible with protocol state  "},{"$i":"call-info-element-not-implemented-error","$v":"Information element nonexistent or not implemented "},{"$i":"call-conditionalIe-error","$v":"Conditional IE error"},{"$i":"call-message-incompatible-protocol-state-error","$v":"Message not compatible with protocol state"},{"$i":"call-recovery-on-timer-expiry-error","$v":"Recovery on timer expiry "},{"$i":"call-protocol-error","$v":"Protocol Error, unspecified "},{"$i":"call-interworking-error","$v":"Interworking, unspecified "},{"$i":"call-service-option-not-subscribed-error","$v":"SIN SUBSCRIPCION AL SERVICIO -33-"},{"$i":"call-unknown-pdp-address-type-error","$v":"FALLA DE AUTENTICACION -29-"},{"$i":"mt-call-on-hold","$v":"Skambutis užlaikytas."},{"$i":"mt-call_retrieved","$v":"Skambutis atkurtas."},{"$i":"mt-multi_party_call","$v":"Buvote pridėtas (-a) prie konferencinio pokalbio."},{"$i":"hangup-a11y-button","$v":""},{"$i":"pickup-a11y-button","$v":""},{"$i":"mute","$v":""},{"$i":"toggleKeypad","$v":""},{"$i":"newCall","$v":""},{"$i":"speakerOption","$v":""},{"$i":"bluetoothOption","$v":""},{"$i":"onHoldOption","$v":""},{"$i":"merge","$v":""},{"$i":"ignore","$v":""},{"$i":"dialerAddContact","$v":""},{"$i":"makeCall","$v":""},{"$i":"call-forwarding-async","$v":["Asinchron.: ",{"t":"idOrVar","v":"async"}]},{"$i":"call-forwarding-data","$v":["Duom.: ",{"t":"idOrVar","v":"data"}]},{"$i":"call-forwarding-error","$v":"Gaunant skambučio peradresavimo būseną įvyko klaida"},{"$i":"call-forwarding-fax","$v":["FAKS.: ",{"t":"idOrVar","v":"fax"}]},{"$i":"call-forwarding-inactive","$v":"Neaktyv."},{"$i":"call-forwarding-packet","$v":["Paket.: ",{"t":"idOrVar","v":"packet"}]},{"$i":"call-forwarding-pad","$v":["PAD: ",{"t":"idOrVar","v":"pad"}]},{"$i":"call-forwarding-sms","$v":["SMS žinutė: ",{"t":"idOrVar","v":"sms"}]},{"$i":"call-forwarding-status","$v":"Skamb. peradres. būs."},{"$i":"call-forwarding-sync","$v":["Sinchroninis: ",{"t":"idOrVar","v":"sync"}]},{"$i":"call-forwarding-voice","$v":["Balsas: ",{"t":"idOrVar","v":"voice"}]},{"$i":"call-forwarding-reason","$v":["Reason: ",{"t":"idOrVar","v":"reason"}]},{"$i":"scCallBarring","$v":"Skmb. draud."},{"$i":"scCallForwarding","$v":"Skmb. peradres."},{"$i":"scClip","$v":"Priim. skambin. ID"},{"$i":"scClir","$v":"Siunč. skambin. ID"},{"$i":"scPwd","$v":"Slaptaž. keit."},{"$i":"scCallWaiting","$v":"Skamb. lauk."},{"$i":"scPin","$v":"PIN keit."},{"$i":"scPin2","$v":"PIN2 keit."},{"$i":"scPuk","$v":"Atblokuoti PIN"},{"$i":"scPuk2","$v":"Atblokuoti PIN2"},{"$i":"scImei","$v":"IMEI"},{"$i":"scMeid","$v":"MEID"},{"$i":"scUssd","$v":"USSD"},{"$i":"serviceClassVoice","$v":"Balsas"},{"$i":"serviceClassData","$v":"Duom."},{"$i":"serviceClassFax","$v":"FAKS."},{"$i":"serviceClassSms","$v":"SMS"},{"$i":"serviceClassDataSync","$v":"Sinchronizuoti"},{"$i":"serviceClassDataAsync","$v":"Asin."},{"$i":"serviceClassPacket","$v":"Paket."},{"$i":"serviceClassPad","$v":"PAD"},{"$i":"smServiceEnabled","$v":"Paslauga buvo įjungta"},{"$i":"smServiceDisabled","$v":"Paslauga išjungta"},{"$i":"smServiceRegistered","$v":"Registracija buvo sėkminga"},{"$i":"smServiceErased","$v":"Ištrinta sėkmingai"},{"$i":"smServiceInterrogated","$v":"Užkl. pateikta sėkmin."},{"$i":"smServiceNotProvisioned","$v":"Paslauga neteikiama"},{"$i":"smClirPermanent","$v":"Negalite keisti skambintojo ID parametro"},{"$i":"smClirDefaultOnNextCallOn","$v":"Skambint. ID numat. nustat. rib. Kitas skamb.: ribojama"},{"$i":"smClirDefaultOnNextCallOff","$v":"Skambintojo ID numat. nust. rib. Kitas skamb.: neribojama"},{"$i":"smClirDefaultOffNextCallOn","$v":"Skambintojo ID numat. nustat. nerib. Kitas skamb.: ribojama"},{"$i":"smClirDefaultOffNextCallOff","$v":"Skambintojo ID numat. nustat. nerib. Kitas skambutis: neribojama"},{"$i":"smServiceEnabledFor","$v":"Paslauga buvo įjungta norint:"},{"$i":"smPinChanged","$v":"PIN sėkmingai pakeistas"},{"$i":"smPinUnblocked","$v":"PIN sėkmingai atblokuotas"},{"$i":"smPin2Changed","$v":"PIN2 sėkmingai pakeistas"},{"$i":"smPin2Unblocked","$v":"PIN2 sėkmingai atblokuotas"},{"$i":"ServiceIsEnabled","$v":"Paslauga įjungta"},{"$i":"ServiceIsDisabled","$v":"Paslauga išjungta"},{"$i":"ServiceIsEnabledFor","$v":"Paslauga įjungta:"},{"$i":"emMmiError","$v":"Ryšio problema arba netink. MMI kodas"},{"$i":"emMmiErrorPasswordIncorrect","$v":"Neteis. slaptažod."},{"$i":"emMmiErrorNotSupported","$v":"Netink. arba nepalaik. MMI kod."},{"$i":"emMmiErrorInvalidAction","$v":"Netink. veiks."},{"$i":"emMmiErrorInvalidScCode","$v":"Netink. pasl. kodas"},{"$i":"emMmiErrorBadPuk","$v":"Įvestas neteisingas PUK kodas"},{"$i":"emMmiErrorBadPin","$v":"Jūsų įvestas senas PIN kodas yra neteisingas."},{"$i":"emMmiErrorNeedPuk2","$v":"Įveskite PUK2 kodą, kad atrakintumėte SIM kortelę"},{"$i":"emMmiErrorMismatchPin","$v":"Jūsų įvesti PIN kodai nesutampa."},{"$i":"emMmiErrorInvalidPin","$v":"Įveskite 4–8 skaitmenų PIN kodą"},{"$i":"emMmiErrorNeedsPuk","$v":"Jūsų SIM kortelė užrakinta PUK kodu."},{"$i":"emMmiErrorEnablePin","$v":"Nepavyko. Įgalinti SIM / RUIM UŽRAKTĄ"},{"$i":"emMmiErrorMmiFdn","$v":"Operacija apribota tik apribotojo rinkimo numeriams"},{"$i":"emMmiErrorStkCcUssdDial","$v":"USSD užklausa pakeista į DIAL užklausą"},{"$i":"emMmiErrorStkCcUssdSs","$v":"USSD užklausa pakeista į SS užklausą."},{"$i":"emMmiErrorStkCcUssdUssd","$v":"USSD užklausa pakeista į naują USSD užklausą."},{"$i":"emMmiErrorStkCcSsDial","$v":"SS užklausa pakeista į DIAL užklausą"},{"$i":"emMmiErrorStkCcSsUssd","$v":"SS užklausa pakeista į USSD užklausą"},{"$i":"emMmiErrorStkCcSsSs","$v":"SS užklausa pakeista į naują SS užklausą"},{"$i":"emMmiErrorPinPukAttempts","$v":{"few":["Liko bandymų: ",{"t":"idOrVar","v":"n"}],"many":["Liko bandymų: ",{"t":"idOrVar","v":"n"}],"one":["Liko tik ",{"t":"idOrVar","v":"n"}," band."],"other":["Liko bandymų: ",{"t":"idOrVar","v":"n"}],"two":["Liko bandymų: ",{"t":"idOrVar","v":"n"}]},"$x":[{"t":"idOrVar","v":"plural"},"n"]},{"$i":"emMmiErrorSimBlocked","$v":"Viršytas didž. įrašų skaičius. SIM užblokuota"},{"$i":"RadioNotAvailable","$v":"Radijas nepasiek."},{"$i":"GenericFailure","$v":"Klaida vykdant užklausą."},{"$i":"PasswordIncorrect","$v":"Neteisin. slaptaž."},{"$i":"SimPin2","$v":"SIM PIN2"},{"$i":"SimPuk2","$v":"SIM PUK2"},{"$i":"RequestNotSupported","$v":"Ataskaita nepalaikoma"},{"$i":"OpNotAllowedDuringVoiceCall","$v":"Operacija balso skam. metu negalima"},{"$i":"SmsSendFailRetry","$v":"SMS send fail retry"},{"$i":"SimAbsent","$v":"SIM nėra"},{"$i":"SubscriptionNotAvailable","$v":"Prenumerata nepasiekiama"},{"$i":"ModeNotSupported","$v":"Režimas nepalaik."},{"$i":"FdnCheckFailure","$v":"Nepavyko pat. FDN"},{"$i":"IllegalSimOrMe","$v":"Neteis. SIM ar ME"},{"$i":"DialModifiedToUssd","$v":"Skam. pakeista į USSD"},{"$i":"DialModifiedToSs","$v":"Skam. pakeista į SS"},{"$i":"DialModifiedToDial","$v":"Skam. pakeis. į skam."},{"$i":"UssdModifiedToDial","$v":"USSD funkcija pakeista į rinkimą"},{"$i":"UssdModifiedToSs","$v":"USSD funkcija pakeista į SS"},{"$i":"UssdModifiedToUssd","$v":"USSD funkcija pakeista į USSD"},{"$i":"SsModifiedToDial","$v":"SS pakeista į skambinimą"},{"$i":"SsModifiedToUssd","$v":"SS pakeista į USSD"},{"$i":"SsModifiedToSs","$v":"SS pakeista į SS"},{"$i":"SubscriptionNotSupported","$v":"Prenumerata nepalaikoma"},{"$i":"InvalidParameter","$v":"Netink. parametr."},{"$i":"RejectedByRemote","$v":"Atmes. nuot. būdu"},{"$i":"error","$v":"Klaida"}]