[{"$i":"weekday-0-long","$v":"Svētdiena"},{"$i":"weekday-1-long","$v":"Pirmdiena"},{"$i":"weekday-2-long","$v":"Otrdiena"},{"$i":"weekday-3-long","$v":"Trešdiens"},{"$i":"weekday-4-long","$v":"Ceturtdiena"},{"$i":"weekday-5-long","$v":"Piektdiena"},{"$i":"weekday-6-long","$v":"Sestdiena"},{"$i":"weekday-0-short","$v":"Sv"},{"$i":"weekday-1-short","$v":"P"},{"$i":"weekday-2-short","$v":"O"},{"$i":"weekday-3-short","$v":"T"},{"$i":"weekday-4-short","$v":"C"},{"$i":"weekday-5-short","$v":"Pk"},{"$i":"weekday-6-short","$v":"S"},{"$i":"month-0-long","$v":"Janvāris"},{"$i":"month-1-long","$v":"Februāris"},{"$i":"month-2-long","$v":"Marts"},{"$i":"month-3-long","$v":"Aprīlis"},{"$i":"month-4-long","$v":"Maijs"},{"$i":"month-5-long","$v":"Jūnijs"},{"$i":"month-6-long","$v":"Jūlijs"},{"$i":"month-7-long","$v":"Augusts"},{"$i":"month-8-long","$v":"Septembris"},{"$i":"month-9-long","$v":"Oktobris"},{"$i":"month-10-long","$v":"Novembris"},{"$i":"month-11-long","$v":"Decembris"},{"$i":"month-0-genitive","$v":"Janvāris"},{"$i":"month-1-genitive","$v":"Februāris"},{"$i":"month-2-genitive","$v":"Marts"},{"$i":"month-3-genitive","$v":"Aprīlis"},{"$i":"month-4-genitive","$v":"Maijs"},{"$i":"month-5-genitive","$v":"Jūnijs"},{"$i":"month-6-genitive","$v":"Jūlijs"},{"$i":"month-7-genitive","$v":"Augusts"},{"$i":"month-8-genitive","$v":"Septembris"},{"$i":"month-9-genitive","$v":"Oktobris"},{"$i":"month-10-genitive","$v":"Novembris"},{"$i":"month-11-genitive","$v":"Decembris"},{"$i":"month-0-short","$v":"Jan."},{"$i":"month-1-short","$v":"Febr."},{"$i":"month-2-short","$v":"Marts"},{"$i":"month-3-short","$v":"Apr."},{"$i":"month-4-short","$v":"Maijs"},{"$i":"month-5-short","$v":"Jūn."},{"$i":"month-6-short","$v":"Jūl."},{"$i":"month-7-short","$v":"Aug."},{"$i":"month-8-short","$v":"Sept."},{"$i":"month-9-short","$v":"Okt."},{"$i":"month-10-short","$v":"Nov."},{"$i":"month-11-short","$v":"Dec."},{"$i":"minutes-ago-long","$v":{"few":["Pirms ",{"t":"idOrVar","v":"value"}," minūtēm"],"many":["Pirms ",{"t":"idOrVar","v":"value"}," minūtēm"],"other":["Pirms ",{"t":"idOrVar","v":"value"}," minūtēm"],"two":["Pirms ",{"t":"idOrVar","v":"value"}," minūtēm"],"one":"pirms minūtes","zero":"tikko"},"$x":[{"t":"idOrVar","v":"plural"},"value"]},{"$i":"hours-ago-long","$v":{"few":["Pirms ",{"t":"idOrVar","v":"value"}," stundām"],"many":["Pirms ",{"t":"idOrVar","v":"value"}," stundām"],"other":["Pirms ",{"t":"idOrVar","v":"value"}," stundām"],"two":["Pirms ",{"t":"idOrVar","v":"value"}," stundām"],"one":"1 stunda","zero":"tikko"},"$x":[{"t":"idOrVar","v":"plural"},"value"]},{"$i":"days-ago-long","$v":{"few":["Pirms ",{"t":"idOrVar","v":"value"}," dienām"],"many":["Pirms ",{"t":"idOrVar","v":"value"}," dienām"],"one":"vakar","other":["Pirms ",{"t":"idOrVar","v":"value"}," dienām"],"two":["Pirms ",{"t":"idOrVar","v":"value"}," dienām"],"zero":"šodien"},"$x":[{"t":"idOrVar","v":"plural"},"value"]},{"$i":"weeks-ago-long","$v":{"few":["Pirms ",{"t":"idOrVar","v":"value"}," nedēļām"],"many":["Pirms ",{"t":"idOrVar","v":"value"}," nedēļām"],"one":"pagājušajā nedēļā","other":["Pirms ",{"t":"idOrVar","v":"value"}," nedēļām"],"two":["Pirms ",{"t":"idOrVar","v":"value"}," nedēļām"],"zero":"šonedēļ"},"$x":[{"t":"idOrVar","v":"plural"},"value"]},{"$i":"months-ago-long","$v":{"few":["Pirms ",{"t":"idOrVar","v":"value"}," mēnešiem"],"many":["Pirms ",{"t":"idOrVar","v":"value"}," mēnešiem"],"one":"pagājušajā mēnesī","other":["Pirms ",{"t":"idOrVar","v":"value"}," mēnešiem"],"two":["Pirms ",{"t":"idOrVar","v":"value"}," mēnešiem"],"zero":"šomēnes"},"$x":[{"t":"idOrVar","v":"plural"},"value"]},{"$i":"years-ago-long","$v":{"few":["Pirms ",{"t":"idOrVar","v":"value"}," gadiem"],"many":["Pirms ",{"t":"idOrVar","v":"value"}," gadiem"],"one":"pagājušajā gadā","other":["Pirms ",{"t":"idOrVar","v":"value"}," gadiem"],"two":["Pirms ",{"t":"idOrVar","v":"value"}," gadiem"],"zero":"šogad"},"$x":[{"t":"idOrVar","v":"plural"},"value"]},{"$i":"minutes-until-long","$v":{"few":[{"t":"idOrVar","v":"value"}," minūtēs"],"many":[{"t":"idOrVar","v":"value"}," minūtēs"],"other":[{"t":"idOrVar","v":"value"}," minūtēs"],"two":[{"t":"idOrVar","v":"value"}," minūtēs"],"zero":"tūlīt","one":"pēc 1 minūtes"},"$x":[{"t":"idOrVar","v":"plural"},"value"]},{"$i":"hours-until-long","$v":{"few":[{"t":"idOrVar","v":"value"}," stundās"],"many":[{"t":"idOrVar","v":"value"}," stundās"],"other":[{"t":"idOrVar","v":"value"}," stundās"],"two":[{"t":"idOrVar","v":"value"}," stundās"],"zero":"tūlīt","one":"pēc 1 stundas"},"$x":[{"t":"idOrVar","v":"plural"},"value"]},{"$i":"days-until-long","$v":{"few":[{"t":"idOrVar","v":"value"}," dienās"],"many":[{"t":"idOrVar","v":"value"}," dienās"],"one":"rīt","other":[{"t":"idOrVar","v":"value"}," dienās"],"two":[{"t":"idOrVar","v":"value"}," dienās"],"zero":"šodien"},"$x":[{"t":"idOrVar","v":"plural"},"value"]},{"$i":"weeks-until-long","$v":{"few":[{"t":"idOrVar","v":"value"}," nedēļās"],"many":[{"t":"idOrVar","v":"value"}," nedēļās"],"one":"nākamā nedēļa","other":[{"t":"idOrVar","v":"value"}," nedēļās"],"two":[{"t":"idOrVar","v":"value"}," nedēļās"],"zero":"šonedēļ"},"$x":[{"t":"idOrVar","v":"plural"},"value"]},{"$i":"months-until-long","$v":{"few":[{"t":"idOrVar","v":"value"}," mēnešos"],"many":[{"t":"idOrVar","v":"value"}," mēnešos"],"one":"nākamais mēnesis","other":[{"t":"idOrVar","v":"value"}," mēnešos"],"two":[{"t":"idOrVar","v":"value"}," mēnešos"],"zero":"šomēnes"},"$x":[{"t":"idOrVar","v":"plural"},"value"]},{"$i":"years-until-long","$v":{"few":[{"t":"idOrVar","v":"value"}," gados"],"many":[{"t":"idOrVar","v":"value"}," gados"],"one":"nākamais gads","other":[{"t":"idOrVar","v":"value"}," gados"],"two":[{"t":"idOrVar","v":"value"}," gados"],"zero":"šogad"},"$x":[{"t":"idOrVar","v":"plural"},"value"]},{"$i":"minutes-ago-short","$v":{"other":["Pirms ",{"t":"idOrVar","v":"value"}," min."],"zero":"tikko"},"$x":[{"t":"idOrVar","v":"plural"},"value"]},{"$i":"hours-ago-short","$v":{"other":["Pirms ",{"t":"idOrVar","v":"value"}," stundām"],"zero":"tikko"},"$x":[{"t":"idOrVar","v":"plural"},"value"]},{"$i":"days-ago-short","$v":{"other":["Pirms ",{"t":"idOrVar","v":"value"}," d."],"zero":"šodien"},"$x":[{"t":"idOrVar","v":"plural"},"value"]},{"$i":"minutes-until-short","$v":{"other":[{"t":"idOrVar","v":"value"}," min."],"zero":"tūlīt"},"$x":[{"t":"idOrVar","v":"plural"},"value"]},{"$i":"hours-until-short","$v":{"other":[{"t":"idOrVar","v":"value"}," st."],"zero":"tūlīt"},"$x":[{"t":"idOrVar","v":"plural"},"value"]},{"$i":"days-until-short","$v":{"other":[{"t":"idOrVar","v":"value"}," dienās"],"zero":"šodien"},"$x":[{"t":"idOrVar","v":"plural"},"value"]},{"$i":"incorrectDate","$v":"(nepareizs datums)"},{"$i":"dateTimeFormat_%c","$v":"%a %b %e %Y %I:%M:%S %p"},{"$i":"dateTimeFormat_%x","$v":"%m/%d/%Y"},{"$i":"dateTimeFormat_%X","$v":"%I:%M (%p)"},{"$i":"shortTimeFormat","$v":"%I:%M %p"},{"$i":"shortTimeFormat12","$v":"%I:%M %p"},{"$i":"shortTimeFormat24","$v":"%H:%M"},{"$i":"shortDateTimeFormat","$v":"%x %I:%M %p"},{"$i":"weekStartsOnMonday","$v":"0.0"},{"$i":"firstDayOfTheWeek","$v":"1.0"},{"$i":"time_am","$v":"no rīta"},{"$i":"time_pm","$v":"Pēc plkst."},{"$i":"airplaneMode","$v":"Lidmašīnas režīms"},{"$i":"searching","$v":"Meklē…"},{"$i":"noNetwork","$v":"Nav tīkla"},{"$i":"roaming","$v":[{"t":"idOrVar","v":"operator"}," (viesabonēšana)"]},{"$i":"operator-info","$v":[{"t":"idOrVar","v":"carrier"}," ",{"t":"idOrVar","v":"region"}]},{"$i":"emergencyCallsOnly","$v":"Tikai ārkārtas zvani"},{"$i":"emergencyCallsOnly-unknownSIMState","$v":"(nezināms SIM kartes stāvoklis)"},{"$i":"emergencyCallsOnly-noSIM","$v":"(nav SIM)"},{"$i":"emergencyCallsOnly-pinRequired","$v":"(Nepieciešams SIM kartes kods)"},{"$i":"emergencyCallsOnly-pukRequired","$v":"(Nepieciešams SIM kartes PUK kods)"},{"$i":"emergencyCallsOnly-networkLocked","$v":"(tīkls ir bloķēts)"},{"$i":"emergencyCallsOnly-serviceProviderLocked","$v":"(pak. sniedzējs bloķēts)"},{"$i":"emergencyCallsOnly-corporateLocked","$v":"(uzņēmuma bloķēts)"},{"$i":"emergencyCallsOnly-network1Locked","$v":"(1. tīkls ir bloķēts)"},{"$i":"emergencyCallsOnly-network2Locked","$v":"(2. tīkls ir bloķēts)"},{"$i":"emergencyCallsOnly-hrpdNetworkLocked","$v":"(hrpd tīkls bloķēts)"},{"$i":"emergencyCallsOnly-ruimCorporateLocked","$v":"(ruim uzņēmums ir bloķēts)"},{"$i":"emergencyCallsOnly-ruimServiceProviderLocked","$v":"(ruim pakalpojumu sniedzējs ir bloķēts)"},{"$i":"lockscreen-sim-id","$v":["SIM ",{"t":"idOrVar","v":"n"}]},{"$i":"charging-no-time","$v":[{"t":"idOrVar","v":"level"},"% uzlāde"]},{"$i":"charging-minutes","$v":{"few":[{"t":"idOrVar","v":"level"},"% uzlāde ( ",{"t":"idOrVar","v":"minutes"}," min līdz pilnīgai uzlādei)"],"many":[{"t":"idOrVar","v":"level"},"% uzlāde ( ",{"t":"idOrVar","v":"minutes"}," min līdz pilnīgai uzlādei)"],"one":[{"t":"idOrVar","v":"level"},"% uzlāde (",{"t":"idOrVar","v":"minutes"}," min līdz pilnīgai uzlādei)"],"other":[{"t":"idOrVar","v":"level"},"% uzlāde ( ",{"t":"idOrVar","v":"minutes"}," min līdz pilnīgai uzlādei)"],"two":[{"t":"idOrVar","v":"level"},"% uzlāde ( ",{"t":"idOrVar","v":"minutes"}," min līdz pilnīgai uzlādei)"],"zero":[{"t":"idOrVar","v":"level"},"% uzlāde ( ",{"t":"idOrVar","v":"minutes"}," min līdz pilnīgai uzlādei)"]},"$x":[{"t":"idOrVar","v":"plural"},"minutes"]},{"$i":"charging-hours","$v":{"few":[{"t":"idOrVar","v":"level"},"% uzlāde ( ",{"t":"idOrVar","v":"hours"}," h ",{"t":"idOrVar","v":"minutes"}," min līdz pilnīgai uzlādei)"],"many":[{"t":"idOrVar","v":"level"},"% uzlāde ( ",{"t":"idOrVar","v":"hours"}," h ",{"t":"idOrVar","v":"minutes"}," min līdz pilnīgai uzlādei)"],"one":[{"t":"idOrVar","v":"level"},"% uzlāde ( ",{"t":"idOrVar","v":"hours"}," h ",{"t":"idOrVar","v":"minutes"}," min līdz pilnīgai uzlādei)"],"other":[{"t":"idOrVar","v":"level"},"% uzlāde ( ",{"t":"idOrVar","v":"hours"}," h ",{"t":"idOrVar","v":"minutes"}," min līdz pilnīgai uzlādei)"],"two":[{"t":"idOrVar","v":"level"},"% uzlāde ( ",{"t":"idOrVar","v":"hours"}," h ",{"t":"idOrVar","v":"minutes"}," min līdz pilnīgai uzlādei)"],"zero":[{"t":"idOrVar","v":"level"},"% uzlāde ( ",{"t":"idOrVar","v":"hours"}," h ",{"t":"idOrVar","v":"minutes"}," min līdz pilnīgai uzlādei)"]},"$x":[{"t":"idOrVar","v":"plural"},"minutes"]},{"$i":"phoneNumberInput","ariaLabel":"Tālruņa numurs"},{"$i":"keypadDelete","ariaLabel":"Dzēst"},{"$i":"voiceMailKey","ariaLabel":"Balss pasts"},{"$i":"asterisk","ariaLabel":"Zvaigznīte"},{"$i":"hashSign","ariaLabel":"Numura zīme"},{"$i":"cancel","$v":"Atcelt"},{"$i":"loadingSimContacts","$v":"Notiek SIM kartes kontaktu ielāde..."},{"$i":"noContactsWereFound","$v":"Nav atrasts neviens kontakts"},{"$i":"noContactsFoundDialogOk","$v":"Labi"},{"$i":"emergencyNumber","$v":"Ārkārtas numurs"},{"$i":"callAirplaneModeMessage","$v":"Lai veiktu zvanu, sadaļā Uzstādījumi nepieciešams deaktivizēt lidmašīnas režīmu."},{"$i":"callAirplaneModeBtnOk","$v":"Labi"},{"$i":"callAirplaneModeTitle","$v":"Lidmašīnas režīms ir aktivizēts"},{"$i":"numberIsBusyTitle","$v":"Numurs ir aizņemts"},{"$i":"numberIsBusyMessage","$v":"Pašlaik šis numurs ir aizņemts. Vēlāk mēģiniet vēlreiz."},{"$i":"fdnIsActiveTitle","$v":"FDN aktīvs"},{"$i":"fdnIsActiveMessage","$v":["FDN (Fixed Dialling Numbers — fiksēto zvanu numuri) ir aktivizēti, bet šis numurs nav iekļauts jūsu FDN sarakstā: ",{"t":"idOrVar","v":"number"}]},{"$i":"emergencyDialogBodyBadNumber","$v":"Lai veiktu zvanu, tālrunim jābūt savienotam ar tīklu."},{"$i":"emergencyDialogBodyDeviceNotAccepted","$v":"Tīklā ārkārtas zvani nav atļauti."},{"$i":"emergencyDialogBtnOk","$v":"Labi"},{"$i":"emergencyDialogTitle","$v":"Nav tīkla savienojuma"},{"$i":"invalidNumberToDialTitle","$v":"Nederīgs tālruņa numurs"},{"$i":"invalidNumberToDialMessage","$v":"Jūsu izsauktais tālruņa numurs nav derīgs."},{"$i":"unableToCallTitle","$v":"Nevar veikt zvanu. "},{"$i":"unableToCallMessage","$v":"Šobrīd nevar veikt tālruņa zvanu"},{"$i":"otherConnectionInUseTitle","$v":"Izmanto citu savienojumu"},{"$i":"otherConnectionInUseMessage","$v":"Jums ir aktīvs zvans citā savienojumā. Vienlaikus varat izmantot tikai vienu savienojumu."},{"$i":"connectingEllipsis","$v":"Notiek savienojuma izveide..."},{"$i":"clear","$v":"Notīrīt"},{"$i":"dialer","$v":"Izsaucējs"},{"$i":"vt-incoming-call","$v":"Ienākošais videozvans ..."},{"$i":"kai-incoming-call","$v":"Ienākošais zvans"},{"$i":"kai-in-call","$v":"Zvana laikā"},{"$i":"kai-answer","$v":"Atbilde"},{"$i":"kai-end-answer","$v":"Beigt un atbildēt"},{"$i":"kai-decline","$v":"Atteikt"},{"$i":"enter-passcode","$v":"Lūdzu, ievadiet piekļuves kodu, lai atbloķētu ekrānu."},{"$i":"passcode-error","$v":"Nederīgs kods. Mēģiniet vēlreiz."},{"$i":"lockscreenInvalidCode","$v":"Nepareizs kods."},{"$i":"lockscreenColdDown","$v":["Nederīgs kods. Mēģiniet pēc: ",{"t":"idOrVar","v":"n"},"."]},{"$i":"lockscreenCheckLockCode","$v":{"few":["Nederīgs kods. Atlikušie mēģinājumi: ",{"t":"idOrVar","v":"n"},"."],"one":["Nederīgs kods. Atlikušie mēģinājumi: ",{"t":"idOrVar","v":"n"},"."],"other":["Nederīgs kods. Atlikušie mēģinājumi: ",{"t":"idOrVar","v":"n"},"."],"two":["Nederīgs kods. Atlikušie mēģinājumi: ",{"t":"idOrVar","v":"n"},"."]},"$x":[{"t":"idOrVar","v":"plural"},"n"]},{"$i":"videoCall","$v":"Videozvans"},{"$i":"voice-call","$v":"Balss zvans"},{"$i":"video-call","$v":"Videozvans"},{"$i":"message","$v":"Ziņas"},{"$i":"answer-rtt-call","$v":"Atbildēt RTT"},{"$i":"req-rtt-call","$v":"ANS RTT"},{"$i":"rtt-call","$v":"RTT zvans"},{"$i":"rtt-view","$v":"RTT skats"},{"$i":"change-to-rtt-call","$v":"Veido RTT zvana savienojumu..."},{"$i":"change-to-voice-call","$v":"Mainīts uz balss zvanu."},{"$i":"upgrading-rtt","$v":"Notiek jaunināšana uz RTT zvanu..."},{"$i":"rtt-call-failed","$v":"RTT zvans neizdevās."},{"$i":"voice-call-failed","$v":"Balss zvans neizdevās."},{"$i":"rtt","$v":"RTT"},{"$i":"rtt-emegency-upgrade-rejected","$v":"RTT nav pieejams šim zvanam uz 911."},{"$i":"rtt-emegency-downgrade","$v":"RTT nav pieejams šim zvanam uz 911.Jūsu zvanam izveidots tikai balss zvana savienojums. Ja rodas sarežģījumi, lūdzu, veiciet balss vai pārraides zvanu uz 911."},{"$i":"voice-only-call","$v":"Zvans ir savienots kā tikai balss zvans."},{"$i":"ans-rtt-failed","$v":"Neizdevās izveidot RTT zvanu. Zvans ir savienots kā tikai balss zvans."},{"$i":"back","$v":"Atpakaļ"},{"$i":"new-message","$v":"Jaunas ziņas no"},{"$i":"kai-mute","$v":"Bez skaņas"},{"$i":"kai-unmute","$v":"Ieslēgt skaņu"},{"$i":"kai-speaker","$v":"Skaļrunis"},{"$i":"kai-speaker-off","$v":"Skaļrunis izslēgts"},{"$i":"kai-microphone-mute-notification","$v":"Mikrofons izslēgts"},{"$i":"kai-microphone-active-notification","$v":"Mikrofons ir aktīvs"},{"$i":"kai-speaker-off-notification","$v":"Ārējais skaļrunis ir izslēgts"},{"$i":"kai-speaker-on-notification","$v":"Ārējais skaļrunis ir ieslēgts"},{"$i":"kai-hold-and-answer","$v":"Liec aizturēt un atbildi"},{"$i":"kai-ignore-call","$v":"Ignorēt ienākošo zvanu"},{"$i":"kai-add-to-call","$v":"Pievienojiet zvanu"},{"$i":"kai-switch-to-second-line","$v":"Pārslēgt zvanu"},{"$i":"kai-merge-calls","$v":"Apvienot zvanu"},{"$i":"ok","$v":"LABI"},{"$i":"losing-wifi-msg","$v":"zaudēt wifi savienojumus"},{"$i":"personal","$v":"Personiski"},{"$i":"mobile","$v":"Mobilais tālrunis"},{"$i":"home","$v":"Mājas"},{"$i":"work","$v":"Darbs"},{"$i":"other","$v":"Cits"},{"$i":"fax-home","$v":"Mājas fakss"},{"$i":"fax-office","$v":"Biroja fakss"},{"$i":"fax-other","$v":"Cits fakss"},{"$i":"hd","$v":"HD"},{"$i":"manage-call","$v":"Zvanu pārvaldīšana"},{"$i":"end","$v":"Beigt zvanu"},{"$i":"private","$v":"Privāts"},{"$i":"sound","$v":"Skaņa"},{"$i":"bluetooth-device","$v":"Bluetooth ierīce"},{"$i":"handset-earpiece","$v":"Klausule"},{"$i":"speaker","$v":"Skaļrunis"},{"$i":"call-ended","$v":"Zvans beidzies"},{"$i":"payphone","$v":"Taksofons"},{"$i":"contact","$v":"Kontakts"},{"$i":"dialer-prompt","$v":"Izsauciet numuru vai izvēlieties kontaktu, ko pievienot zvanam"},{"$i":"call","$v":"Zvans"},{"$i":"hold","$v":"Aizturēt"},{"$i":"callHeldDuration","$v":["Turiet (",{"t":"idOrVar","v":"duration"},")"]},{"$i":"volume","$v":"Skaļums"},{"$i":"softkey-options","$v":"Iespējas"},{"$i":"unhold-call","$v":"Atcelt zvana aizturēšanu"},{"$i":"hold-call","$v":"Aizturēt zvanu"},{"$i":"select","$v":"Atlasīt"},{"$i":"unknown","$v":"Nezināms"},{"$i":"switch-calls","$v":"Pārslēgt zvanus"},{"$i":"voiceMail","$v":"Balss pasts"},{"$i":"incoming","$v":"Ienākošais"},{"$i":"outgoing","$v":"Izejošais"},{"$i":"callEnded","$v":"Zvans beidzies"},{"$i":"callEndedDuration","$v":["Zvans pabeigts (",{"t":"idOrVar","v":"duration"},")"]},{"$i":"conferenceAddError","$v":"Nevar apvienot zvanus"},{"$i":"conferenceRemoveError","$v":"Nevar atvienot zvanus"},{"$i":"valid-number","$v":"Derīgs skaitlis"},{"$i":"numberBlockedMessage","$v":"Šis numurs ir bloķēts. Jūs varat lūgt vecāku atļauju."},{"$i":"callDurationMinutes","$v":[{"t":"idOrVar","v":"m"},":",{"t":"idOrVar","v":"s"}]},{"$i":"callDurationHours","$v":[{"t":"idOrVar","v":"h"},":",{"t":"idOrVar","v":"m"},":",{"t":"idOrVar","v":"s"}]},{"$i":"switch-to-device-toast","$v":"Pārslēgts uz Bluetooth"},{"$i":"switch-to-handset-toast","$v":"Pārslēgts uz tālruņa brīvroku ierīci"},{"$i":"switch-to-speaker-toast","$v":"Pārslēgts uz skaļruni"},{"$i":"connecting","$v":"Savieno"},{"$i":"wifi-call-quality-excellent","$v":"Izcila"},{"$i":"wifi-call-quality-fair","$v":"Viduvēji"},{"$i":"wifi-call-quality-bad","$v":"Slikti"},{"$i":"call-left-conference-toast","$v":"ir atstājis zvanu"},{"$i":"camera-off","$v":"Kamera izslēgta"},{"$i":"camera-on","$v":"Kamera ieslēgta"},{"$i":"rear-camera","$v":"Aizmugures kamera"},{"$i":"front-camera","$v":"Priekšējā kamera"},{"$i":"hide-info","$v":"Paslēpt informāciju"},{"$i":"show-info","$v":"Rādīt informāciju"},{"$i":"video-call-rejected","$v":"Videozvans ir noraidīts un mainīts uz balss zvanu."},{"$i":"video-call-not-support","$v":"Videozvans netiek atbalstīts."},{"$i":"video-call-rejected-timeout","$v":"Videozvans ir noraidīts vai noildze."},{"$i":"video-call-from","$v":["Videozvana saņemšana no ",{"t":"idOrVar","v":"name"},"."]},{"$i":"video-call-canceled","$v":"Videozvans ir atcelts."},{"$i":"video-call-failed","$v":"Videozvans neizdevās."},{"$i":"call-downgraded","$v":"Zvans pazemināts."},{"$i":"wifi-calling","$v":"Wi-Fi zvans"},{"$i":"wifi-calling-1","$v":"Zvans var tikt nomests."},{"$i":"wifi-calling-2","$v":"Jūs esat gandrīz ārpus Wi-Fi pārklājuma diapazona."},{"$i":"wifi-calling-dropped","$v":"Wi-Fi zvans tika nomests."},{"$i":"accept","$v":"Pieņemt"},{"$i":"conference-call-num","$v":["Zvanā piedalās ",{"t":"idOrVar","v":"num"}," personas."]},{"$i":"more","$v":"vairāk"},{"$i":"rec","$v":"REC"},{"$i":"start-recording-call","$v":"Sākt sarunas ierakstīšanu."},{"$i":"stop-recording-call","$v":"Apturēt sarunas ierakstīšanu."},{"$i":"insufficient-storage","$v":"Atmiņā trūkst brīvas vietas. Ierakstīšana pārtraukta."},{"$i":"confirmation","$v":"Apstiprinājums"},{"$i":"get-empty-ussd","$v":"Saņemta null atbilde."},{"$i":"message-sent","$v":"Ziņa nosūtīta"},{"$i":"messages","$v":"Ziņas"},{"$i":"wait","$v":"Lūdzu uzgaidiet..."},{"$i":"send","$v":"Sūtīt"},{"$i":"reply","$v":"Atbildēt"},{"$i":"reply-message-1","$v":"Atvainojiet, es šobrīd nevaru runāt."},{"$i":"reply-message-2","$v":"Esmu ceļā."},{"$i":"reply-message-3","$v":"Vai es varu jums piezvanīt vēlāk?"},{"$i":"reply-message-4","$v":"Pielāgots ..."},{"$i":"reply-to-name","$v":["Atbilde nosūtīta: ",{"t":"idOrVar","v":"name"}]},{"$i":"call-busy-error","$v":"BusyError"},{"$i":"call-bad-number-error","$v":"BadNumberError"},{"$i":"call-no-route-to-destination-error","$v":"No route to destination."},{"$i":"call-channel-unacceptable-error","$v":"Channel unacceptable"},{"$i":"call-operator-determined-barring-error","$v":"Operator determined barring"},{"$i":"call-normal-call-clearing-error","$v":"LLAMADA TERMINADA"},{"$i":"call-no-user-responding-error","$v":"No user responding"},{"$i":"call-user-alerting-no-answer-error","$v":"User alerting, no answer  "},{"$i":"call-call-rejected-error","$v":"Call rejected"},{"$i":"call-number-changed-error","$v":"Number Changed "},{"$i":"call-pre-emption-error","$v":"Pre-emption"},{"$i":"call-destination-out-of-order-error","$v":"Destination out of order "},{"$i":"call-invalid-number-format-error","$v":"Invalid number format "},{"$i":"call-facility-rejected-error","$v":"Facility rejected "},{"$i":"call-response-to-status-enquiry-error","$v":"Response to "},{"$i":"call-unspecified-error","$v":"Normal, unspecified "},{"$i":"call-congestion-error","$v":"No circuit/channel available"},{"$i":"call-network-out-of-order-error","$v":"Network out of order  "},{"$i":"call-network-temp-failure-error","$v":"Temporary Failure"},{"$i":"call-switching-equip-congestion-error","$v":"Switching equipment congestion"},{"$i":"call-access-info-discarded-error","$v":"Access information discarded "},{"$i":"call-requested-channel-not-available-error","$v":"requested circuit/channel not available"},{"$i":"call-resource-unavailable-error","$v":"Resources unavailable, unspecified"},{"$i":"call-qos-unavailable-error","$v":"Quality of service unavailable"},{"$i":"call-requested-facility-not-subscribed-error","$v":"Requested facility not subscribed"},{"$i":"call-incoming-calls-barred-within-cug-error","$v":"Incoming calls barred within the CUG"},{"$i":"call-bearer-capability-not-authorized-error","$v":"Bearer capability not authorized"},{"$i":"call-bearer-capability-not-available-error","$v":"Bearer capability not presently available"},{"$i":"call-service-not-available-error","$v":"Service or option not available, unspecified"},{"$i":"call-bearer-not-implemented-error","$v":"Bearer service not implemented"},{"$i":"call-incoming-call-exceeded-error","$v":"ACM equal to greater than ACMmax"},{"$i":"call-requested-facility-not-implemented-error","$v":"Requested facility not implemented"},{"$i":"call-unrestricted-bearer-not-available-error","$v":"Only restricted digital information bearer capability is available"},{"$i":"call-service-not-implemented-error","$v":"Service or option not implemented, unspecified "},{"$i":"call-invalid-transaction-id-error","$v":"Invalid transaction identifier value  "},{"$i":"call-not-cug-member-error","$v":"User not member of CUG "},{"$i":"call-incompatible-destination-error","$v":"Incompatible destination  "},{"$i":"call-invalid-transit-network-selection-error","$v":"Invalid transit network selection"},{"$i":"call-semantically-incorrect-message-error","$v":"Semantically incorrect message "},{"$i":"call-invalid-mandatory-info-error","$v":"Invalid mandatory information"},{"$i":"call-message-type-not-implemented-error","$v":"Message type-non compatible with protocol state "},{"$i":"call-message-type-incompatible-protocol-state-error","$v":"Message type not compatible with protocol state  "},{"$i":"call-info-element-not-implemented-error","$v":"Information element nonexistent or not implemented "},{"$i":"call-conditionalIe-error","$v":"Conditional IE error"},{"$i":"call-message-incompatible-protocol-state-error","$v":"Message not compatible with protocol state"},{"$i":"call-recovery-on-timer-expiry-error","$v":"Recovery on timer expiry "},{"$i":"call-protocol-error","$v":"Protocol Error, unspecified "},{"$i":"call-interworking-error","$v":"Interworking, unspecified "},{"$i":"call-service-option-not-subscribed-error","$v":"SIN SUBSCRIPCION AL SERVICIO -33-"},{"$i":"call-unknown-pdp-address-type-error","$v":"FALLA DE AUTENTICACION -29-"},{"$i":"mt-call-on-hold","$v":"Zvans ir aizturēts."},{"$i":"mt-call_retrieved","$v":"Zvans ir izgūts."},{"$i":"mt-multi_party_call","$v":"Jūs esat pievienots konferences zvanam."},{"$i":"hangup-a11y-button","$v":""},{"$i":"pickup-a11y-button","$v":""},{"$i":"mute","$v":""},{"$i":"toggleKeypad","$v":""},{"$i":"newCall","$v":""},{"$i":"speakerOption","$v":""},{"$i":"bluetoothOption","$v":""},{"$i":"onHoldOption","$v":""},{"$i":"merge","$v":""},{"$i":"ignore","$v":""},{"$i":"dialerAddContact","$v":""},{"$i":"makeCall","$v":""},{"$i":"call-forwarding-async","$v":["Asinhrons: ",{"t":"idOrVar","v":"async"}]},{"$i":"call-forwarding-data","$v":["Dati: ",{"t":"idOrVar","v":"data"}]},{"$i":"call-forwarding-error","$v":"Ielādējot zvanu pāradresācijas statusu, radās kļūda"},{"$i":"call-forwarding-fax","$v":["FAKSS: ",{"t":"idOrVar","v":"fax"}]},{"$i":"call-forwarding-inactive","$v":"Neaktīvs"},{"$i":"call-forwarding-packet","$v":["Pakete: ",{"t":"idOrVar","v":"packet"}]},{"$i":"call-forwarding-pad","$v":["PAD: ",{"t":"idOrVar","v":"pad"}]},{"$i":"call-forwarding-sms","$v":["Īsziņa: ",{"t":"idOrVar","v":"sms"}]},{"$i":"call-forwarding-status","$v":"Zvanu pāradr. statuss"},{"$i":"call-forwarding-sync","$v":["Sinhrons: ",{"t":"idOrVar","v":"sync"}]},{"$i":"call-forwarding-voice","$v":["Balss: ",{"t":"idOrVar","v":"voice"}]},{"$i":"call-forwarding-reason","$v":["Reason: ",{"t":"idOrVar","v":"reason"}]},{"$i":"scCallBarring","$v":"Zvanu liegums"},{"$i":"scCallForwarding","$v":"Zvanu pāradresācija"},{"$i":"scClip","$v":"Ienākošā zvanītāja ID"},{"$i":"scClir","$v":"Izejošais zvanītāja ID"},{"$i":"scPwd","$v":"Paroles maiņa"},{"$i":"scCallWaiting","$v":"Zvanu gaidīšana"},{"$i":"scPin","$v":"PIN koda maiņa"},{"$i":"scPin2","$v":"PIN2 koda maiņa"},{"$i":"scPuk","$v":"Atbloķēt PIN"},{"$i":"scPuk2","$v":"Atbloķēt PIN2"},{"$i":"scImei","$v":"IMEI"},{"$i":"scMeid","$v":"MEID"},{"$i":"scUssd","$v":"USSD"},{"$i":"serviceClassVoice","$v":"Balss"},{"$i":"serviceClassData","$v":"Dati"},{"$i":"serviceClassFax","$v":"FAKSS"},{"$i":"serviceClassSms","$v":"Īsziņa"},{"$i":"serviceClassDataSync","$v":"Sinhronizēt"},{"$i":"serviceClassDataAsync","$v":"Asinhrons"},{"$i":"serviceClassPacket","$v":"Pakete"},{"$i":"serviceClassPad","$v":"PAD"},{"$i":"smServiceEnabled","$v":"Pakalpojums tika aktivizēts"},{"$i":"smServiceDisabled","$v":"Pakalpojums ir deaktivizēts"},{"$i":"smServiceRegistered","$v":"Reģistrācija bija veiksmīga"},{"$i":"smServiceErased","$v":"Dzēšana bija veiksmīga"},{"$i":"smServiceInterrogated","$v":"Pieprasījums ir veiksmīgs"},{"$i":"smServiceNotProvisioned","$v":"Pakalpojums netiek nodrošināts"},{"$i":"smClirPermanent","$v":"Jūs nevarat mainīt zvanītāja ID uzstādījumu"},{"$i":"smClirDefaultOnNextCallOn","$v":"Zvanītāja ID noklusējums ir ierobežots. Nākamais zvans: ierobežots"},{"$i":"smClirDefaultOnNextCallOff","$v":"Zvanītāja ID noklusējums ir ierobežots. Nākamais zvans: nav ierobežots"},{"$i":"smClirDefaultOffNextCallOn","$v":"Zvanītāja ID noklusējums nav ierobežots. Nākamais zvans: ierobežots"},{"$i":"smClirDefaultOffNextCallOff","$v":"Zvanītāja ID noklusējums nav ierobežots. Nākamais zvans: nav ierobežots"},{"$i":"smServiceEnabledFor","$v":"Pakalp. tika aktivizēts:"},{"$i":"smPinChanged","$v":"PIN kods veiksmīgi mainīts"},{"$i":"smPinUnblocked","$v":"PIN veiksmīgi atbloķēts"},{"$i":"smPin2Changed","$v":"PIN2 veiksmīgi mainīts"},{"$i":"smPin2Unblocked","$v":"PIN2 veiksmīgi atbloķēts"},{"$i":"ServiceIsEnabled","$v":"Pakalpojums ir aktivizēts"},{"$i":"ServiceIsDisabled","$v":"Pakalpojums ir deaktivizēts"},{"$i":"ServiceIsEnabledFor","$v":"Pakalpojums ir aktivizēts:"},{"$i":"emMmiError","$v":"Savienojuma problēma vai nederīgs MMI kods"},{"$i":"emMmiErrorPasswordIncorrect","$v":"Nepareiza parole"},{"$i":"emMmiErrorNotSupported","$v":"Nederīgs vai neatbalstīts MMI kods"},{"$i":"emMmiErrorInvalidAction","$v":"Nederīga darbība"},{"$i":"emMmiErrorInvalidScCode","$v":"Nederīgs pakalpojuma kods"},{"$i":"emMmiErrorBadPuk","$v":"Jūsu ievadītais PUK kods ir nepareizs"},{"$i":"emMmiErrorBadPin","$v":"Ievadītais vecais PIN kods nav pareizs."},{"$i":"emMmiErrorNeedPuk2","$v":"Ievadiet PUK2, lai atbloķētu SIM karti"},{"$i":"emMmiErrorMismatchPin","$v":"Ievadītie PIN kodi nesakrīt."},{"$i":"emMmiErrorInvalidPin","$v":"Ievadiet PIN kodu, kas sastāv no 4 līdz 8 cipariem"},{"$i":"emMmiErrorNeedsPuk","$v":"Jūsu SIM karte ir bloķēta, un ir jāievada PUK kods"},{"$i":"emMmiErrorEnablePin","$v":"Neveiksmīgi. Aktivizēt SIM/RUIM BLOĶĒŠANU"},{"$i":"emMmiErrorMmiFdn","$v":"Darbība ir ierob. tikai fiksēto numuru sast."},{"$i":"emMmiErrorStkCcUssdDial","$v":"USSD pieprasījums ir modificēts par DIAL pieprasījumu"},{"$i":"emMmiErrorStkCcUssdSs","$v":"USSD pieprasījums ir modificēts par SS pieprasījumu"},{"$i":"emMmiErrorStkCcUssdUssd","$v":"USSD pieprasījums ir modificēts par jaunu USSD pieprasījumu"},{"$i":"emMmiErrorStkCcSsDial","$v":"SS pieprasījums ir modificēts par DIAL pieprasījumu"},{"$i":"emMmiErrorStkCcSsUssd","$v":"SS piepras. modificēts par USSD piepras."},{"$i":"emMmiErrorStkCcSsSs","$v":"SS piepras. modificēts par jaunu SS piepras."},{"$i":"emMmiErrorPinPukAttempts","$v":{"few":["Atlikuši ",{"t":"idOrVar","v":"n"}," mēģinājumi"],"many":["Atlikuši ",{"t":"idOrVar","v":"n"}," mēģinājumi"],"one":["Vēl ",{"t":"idOrVar","v":"n"}," mēģinājumi"],"other":["Atlikuši ",{"t":"idOrVar","v":"n"}," mēģinājumi"],"two":["Atlikuši ",{"t":"idOrVar","v":"n"}," mēģinājumi"]},"$x":[{"t":"idOrVar","v":"plural"},"n"]},{"$i":"emMmiErrorSimBlocked","$v":"Pārsniegts maksimālais mēģinājumu skaits. SIM karte bloķēta"},{"$i":"RadioNotAvailable","$v":"Radio nav pieejams"},{"$i":"GenericFailure","$v":"Kļūda, izpildot pieprasījumu."},{"$i":"PasswordIncorrect","$v":"Nepareiza parole"},{"$i":"SimPin2","$v":"SIM kartes PIN2"},{"$i":"SimPuk2","$v":"SIM kartes PUK2"},{"$i":"RequestNotSupported","$v":"Pieprasījums nav atbalstīts"},{"$i":"OpNotAllowedDuringVoiceCall","$v":"Nav atļauts balss zvana laikā"},{"$i":"SmsSendFailRetry","$v":"SMS send fail retry"},{"$i":"SimAbsent","$v":"Nav SIM kartes"},{"$i":"SubscriptionNotAvailable","$v":"Abonements nav pieejams"},{"$i":"ModeNotSupported","$v":"Režīms netiek atbalstīts"},{"$i":"FdnCheckFailure","$v":"Fdn pārbaudes kļūda"},{"$i":"IllegalSimOrMe","$v":"Nelegāla SIM karte vai ME"},{"$i":"DialModifiedToUssd","$v":"Tastatūra modificēta uz USSD"},{"$i":"DialModifiedToSs","$v":"Tastatūra modificēta uz SS"},{"$i":"DialModifiedToDial","$v":"Tastatūra modificēta uz tastatūru"},{"$i":"UssdModifiedToDial","$v":"USSD modif. zvaniem"},{"$i":"UssdModifiedToSs","$v":"USSD modificēts par SS"},{"$i":"UssdModifiedToUssd","$v":"USSD modificēts par USSD"},{"$i":"SsModifiedToDial","$v":"SS modificēts, lai zvanītu"},{"$i":"SsModifiedToUssd","$v":"SS modificēts par USSD"},{"$i":"SsModifiedToSs","$v":"SS modificēts par SS"},{"$i":"SubscriptionNotSupported","$v":"Abon. netiek atbalstīts"},{"$i":"InvalidParameter","$v":"Nederīgs parametrs"},{"$i":"RejectedByRemote","$v":"Noraidīts ar tālvad."},{"$i":"error","$v":"Kļūda"}]