[{"$i":"weekday-0-long","$v":"Недела"},{"$i":"weekday-1-long","$v":"Понеделник"},{"$i":"weekday-2-long","$v":"Вторник"},{"$i":"weekday-3-long","$v":"Среда"},{"$i":"weekday-4-long","$v":"Четврток"},{"$i":"weekday-5-long","$v":"Петок"},{"$i":"weekday-6-long","$v":"Сабота"},{"$i":"weekday-0-short","$v":"Нед"},{"$i":"weekday-1-short","$v":"Пон"},{"$i":"weekday-2-short","$v":"Вто"},{"$i":"weekday-3-short","$v":"Сре"},{"$i":"weekday-4-short","$v":"Чет"},{"$i":"weekday-5-short","$v":"Пет"},{"$i":"weekday-6-short","$v":"Саб"},{"$i":"month-0-long","$v":"Јануари"},{"$i":"month-1-long","$v":"Фебруари"},{"$i":"month-2-long","$v":"Март"},{"$i":"month-3-long","$v":"Април"},{"$i":"month-4-long","$v":"Мај"},{"$i":"month-5-long","$v":"Јуни"},{"$i":"month-6-long","$v":"Јули"},{"$i":"month-7-long","$v":"Август"},{"$i":"month-8-long","$v":"Септември"},{"$i":"month-9-long","$v":"Октомври"},{"$i":"month-10-long","$v":"Ноември"},{"$i":"month-11-long","$v":"Декември"},{"$i":"month-0-genitive","$v":"Јануари"},{"$i":"month-1-genitive","$v":"Февруари"},{"$i":"month-2-genitive","$v":"Март"},{"$i":"month-3-genitive","$v":"Април"},{"$i":"month-4-genitive","$v":"Мај"},{"$i":"month-5-genitive","$v":"Јуни"},{"$i":"month-6-genitive","$v":"Јули"},{"$i":"month-7-genitive","$v":"Август"},{"$i":"month-8-genitive","$v":"Септември"},{"$i":"month-9-genitive","$v":"Октомври"},{"$i":"month-10-genitive","$v":"Ноември"},{"$i":"month-11-genitive","$v":"Декември"},{"$i":"month-0-short","$v":"Јан"},{"$i":"month-1-short","$v":"Фев"},{"$i":"month-2-short","$v":"Мар"},{"$i":"month-3-short","$v":"Апр"},{"$i":"month-4-short","$v":"Мај"},{"$i":"month-5-short","$v":"Јун"},{"$i":"month-6-short","$v":"Јул"},{"$i":"month-7-short","$v":"Авг"},{"$i":"month-8-short","$v":"Сеп"},{"$i":"month-9-short","$v":"Окт"},{"$i":"month-10-short","$v":"Ное"},{"$i":"month-11-short","$v":"Дек"},{"$i":"minutes-ago-long","$v":{"few":[{"t":"idOrVar","v":"value"}," минути пред"],"many":[{"t":"idOrVar","v":"value"}," минути пред"],"other":["Пред ",{"t":"idOrVar","v":"value"}," Минути"],"two":[{"t":"idOrVar","v":"value"}," минути пред"],"one":"пред 1 минута","zero":"само што"},"$x":[{"t":"idOrVar","v":"plural"},"value"]},{"$i":"hours-ago-long","$v":{"few":[{"t":"idOrVar","v":"value"}," часови пред"],"many":[{"t":"idOrVar","v":"value"}," часови пред"],"other":["Пред ",{"t":"idOrVar","v":"value"}," Часа"],"two":[{"t":"idOrVar","v":"value"}," часови пред"],"one":"Пред 1 час","zero":"само што"},"$x":[{"t":"idOrVar","v":"plural"},"value"]},{"$i":"days-ago-long","$v":{"few":[{"t":"idOrVar","v":"value"}," денови пред"],"many":[{"t":"idOrVar","v":"value"}," денови пред"],"one":"вчера","other":["Пред ",{"t":"idOrVar","v":"value"}," Дена"],"two":[{"t":"idOrVar","v":"value"}," денови пред"],"zero":"денес"},"$x":[{"t":"idOrVar","v":"plural"},"value"]},{"$i":"weeks-ago-long","$v":{"few":[{"t":"idOrVar","v":"value"}," седмици пред"],"many":[{"t":"idOrVar","v":"value"}," седмици пред"],"one":"минатата недела","other":[{"t":"idOrVar","v":"value"}," седмици пред"],"two":[{"t":"idOrVar","v":"value"}," седмици пред"],"zero":"оваа седмица"},"$x":[{"t":"idOrVar","v":"plural"},"value"]},{"$i":"months-ago-long","$v":{"few":[{"t":"idOrVar","v":"value"}," месеци пред"],"many":[{"t":"idOrVar","v":"value"}," месеци пред"],"one":"минатиот месец","other":[{"t":"idOrVar","v":"value"}," месеци пред"],"two":[{"t":"idOrVar","v":"value"}," месеци пред"],"zero":"овој месец"},"$x":[{"t":"idOrVar","v":"plural"},"value"]},{"$i":"years-ago-long","$v":{"few":[{"t":"idOrVar","v":"value"}," години пред"],"many":[{"t":"idOrVar","v":"value"}," години пред"],"one":"минатата година","other":[{"t":"idOrVar","v":"value"}," години пред"],"two":[{"t":"idOrVar","v":"value"}," години пред"],"zero":"оваа година"},"$x":[{"t":"idOrVar","v":"plural"},"value"]},{"$i":"minutes-until-long","$v":{"few":["за ",{"t":"idOrVar","v":"value"}," минути"],"many":["за ",{"t":"idOrVar","v":"value"}," минути"],"other":["за ",{"t":"idOrVar","v":"value"}," минути"],"two":["за ",{"t":"idOrVar","v":"value"}," минути"],"zero":"сега","one":"за 1 минута"},"$x":[{"t":"idOrVar","v":"plural"},"value"]},{"$i":"hours-until-long","$v":{"few":["за ",{"t":"idOrVar","v":"value"}," часа"],"many":["за ",{"t":"idOrVar","v":"value"}," часа"],"other":["за ",{"t":"idOrVar","v":"value"}," часа"],"two":["за ",{"t":"idOrVar","v":"value"}," часа"],"zero":"сега","one":"за 1 час"},"$x":[{"t":"idOrVar","v":"plural"},"value"]},{"$i":"days-until-long","$v":{"few":["за ",{"t":"idOrVar","v":"value"}," дена"],"many":["за ",{"t":"idOrVar","v":"value"}," дена"],"one":"утре","other":["за ",{"t":"idOrVar","v":"value"}," дена"],"two":["за ",{"t":"idOrVar","v":"value"}," дена"],"zero":"денес"},"$x":[{"t":"idOrVar","v":"plural"},"value"]},{"$i":"weeks-until-long","$v":{"few":["за ",{"t":"idOrVar","v":"value"}," седмици"],"many":["за ",{"t":"idOrVar","v":"value"}," седмици"],"one":"следната седмица","other":["за ",{"t":"idOrVar","v":"value"}," седмици"],"two":["за ",{"t":"idOrVar","v":"value"}," седмици"],"zero":"оваа седмица"},"$x":[{"t":"idOrVar","v":"plural"},"value"]},{"$i":"months-until-long","$v":{"few":["за ",{"t":"idOrVar","v":"value"}," месеци"],"many":["за ",{"t":"idOrVar","v":"value"}," месеци"],"one":"следниот месец","other":["за ",{"t":"idOrVar","v":"value"}," месеци"],"two":["за ",{"t":"idOrVar","v":"value"}," месеци"],"zero":"овој месец"},"$x":[{"t":"idOrVar","v":"plural"},"value"]},{"$i":"years-until-long","$v":{"few":["за ",{"t":"idOrVar","v":"value"}," години"],"many":["за ",{"t":"idOrVar","v":"value"}," години"],"one":"следната година","other":["за ",{"t":"idOrVar","v":"value"}," години"],"two":["за ",{"t":"idOrVar","v":"value"}," години"],"zero":"оваа година"},"$x":[{"t":"idOrVar","v":"plural"},"value"]},{"$i":"minutes-ago-short","$v":{"other":[{"t":"idOrVar","v":"value"},"м. пред"],"zero":"само што"},"$x":[{"t":"idOrVar","v":"plural"},"value"]},{"$i":"hours-ago-short","$v":{"other":[{"t":"idOrVar","v":"value"},"ч. пред"],"zero":"само што"},"$x":[{"t":"idOrVar","v":"plural"},"value"]},{"$i":"days-ago-short","$v":{"other":[{"t":"idOrVar","v":"value"},"д. пред"],"zero":"денес"},"$x":[{"t":"idOrVar","v":"plural"},"value"]},{"$i":"minutes-until-short","$v":{"other":["за ",{"t":"idOrVar","v":"value"},"м"],"zero":"сега"},"$x":[{"t":"idOrVar","v":"plural"},"value"]},{"$i":"hours-until-short","$v":{"other":["за ",{"t":"idOrVar","v":"value"},"ч"],"zero":"сега"},"$x":[{"t":"idOrVar","v":"plural"},"value"]},{"$i":"days-until-short","$v":{"other":["за ",{"t":"idOrVar","v":"value"},"д"],"zero":"денес"},"$x":[{"t":"idOrVar","v":"plural"},"value"]},{"$i":"incorrectDate","$v":"(неточна дата)"},{"$i":"dateTimeFormat_%c","$v":"%a %b %e %Y %I:%M:%S %p"},{"$i":"dateTimeFormat_%x","$v":"%m/%d/%Y"},{"$i":"dateTimeFormat_%X","$v":"%I:%M:%S %p"},{"$i":"shortTimeFormat","$v":"%I:%M %p"},{"$i":"shortTimeFormat12","$v":"%I:%M %p"},{"$i":"shortTimeFormat24","$v":"%H:%M"},{"$i":"shortDateTimeFormat","$v":"%x %I:%M %p"},{"$i":"weekStartsOnMonday","$v":"0.0"},{"$i":"firstDayOfTheWeek","$v":"1.0"},{"$i":"time_am","$v":"Претпл."},{"$i":"time_pm","$v":"пм"},{"$i":"airplaneMode","$v":"Авионски режим"},{"$i":"searching","$v":"Пребарување..."},{"$i":"noNetwork","$v":"Нема мрежа"},{"$i":"roaming","$v":[{"t":"idOrVar","v":"operator"}," (Roaming)"]},{"$i":"operator-info","$v":[{"t":"idOrVar","v":"carrier"}," ",{"t":"idOrVar","v":"region"}]},{"$i":"emergencyCallsOnly","$v":"Само итни повици"},{"$i":"emergencyCallsOnly-unknownSIMState","$v":"(непозната состојба на SIM картата)"},{"$i":"emergencyCallsOnly-noSIM","$v":"(нема SIM карт.)"},{"$i":"emergencyCallsOnly-pinRequired","$v":"(Потребен е SIM PIN код)"},{"$i":"emergencyCallsOnly-pukRequired","$v":"(Потребен е SIM PUK код)"},{"$i":"emergencyCallsOnly-networkLocked","$v":"(мрежата е заклучена)"},{"$i":"emergencyCallsOnly-serviceProviderLocked","$v":"(пров. на усл. беше закл.)"},{"$i":"emergencyCallsOnly-corporateLocked","$v":"(корпорат. заклуч.)"},{"$i":"emergencyCallsOnly-network1Locked","$v":"(мреж.1 е закл.)"},{"$i":"emergencyCallsOnly-network2Locked","$v":"(мреж.2 е закл.)"},{"$i":"emergencyCallsOnly-hrpdNetworkLocked","$v":"(hrpd мрежата е заклучена)"},{"$i":"emergencyCallsOnly-ruimCorporateLocked","$v":"(закл. корпоративен ruim)"},{"$i":"emergencyCallsOnly-ruimServiceProviderLocked","$v":"(ruim провајдерот на услуги беше заклучен)"},{"$i":"lockscreen-sim-id","$v":["SIM ",{"t":"idOrVar","v":"n"}]},{"$i":"charging-no-time","$v":[{"t":"idOrVar","v":"level"},"% Наполнето"]},{"$i":"charging-minutes","$v":{"few":[{"t":"idOrVar","v":"level"},"% Наполнето (",{"t":"idOrVar","v":"minutes"}," мин додека целосно не се наполни)"],"many":[{"t":"idOrVar","v":"level"},"% Наполнето (",{"t":"idOrVar","v":"minutes"}," мин додека целосно не се наполни)"],"one":[{"t":"idOrVar","v":"level"},"% Наполнето (",{"t":"idOrVar","v":"minutes"}," мин додека целосно не се наполни)"],"other":[{"t":"idOrVar","v":"level"},"% Наполнето (",{"t":"idOrVar","v":"minutes"}," мин додека целосно не се наполни)"],"two":[{"t":"idOrVar","v":"level"},"% Наполнето (",{"t":"idOrVar","v":"minutes"}," мин додека целосно не се наполни)"],"zero":[{"t":"idOrVar","v":"level"},"% Наполнето (",{"t":"idOrVar","v":"minutes"}," мин додека целосно не се наполни)"]},"$x":[{"t":"idOrVar","v":"plural"},"minutes"]},{"$i":"charging-hours","$v":{"few":[{"t":"idOrVar","v":"level"},"% Наполнето (",{"t":"idOrVar","v":"hours"},"ч ",{"t":"idOrVar","v":"minutes"}," мин додека целосно не се наполни)"],"many":[{"t":"idOrVar","v":"level"},"% Наполнето (",{"t":"idOrVar","v":"hours"},"ч ",{"t":"idOrVar","v":"minutes"}," мин додека целосно не се наполни)"],"one":[{"t":"idOrVar","v":"level"},"% Наполнето (",{"t":"idOrVar","v":"hours"},"ч ",{"t":"idOrVar","v":"minutes"}," мин додека целосно не се наполни)"],"other":[{"t":"idOrVar","v":"level"},"% Наполнето (",{"t":"idOrVar","v":"hours"},"ч ",{"t":"idOrVar","v":"minutes"}," мин додека целосно не се наполни)"],"two":[{"t":"idOrVar","v":"level"},"% Наполнето (",{"t":"idOrVar","v":"hours"},"ч ",{"t":"idOrVar","v":"minutes"}," мин додека целосно не се наполни)"],"zero":[{"t":"idOrVar","v":"level"},"% Наполнето (",{"t":"idOrVar","v":"hours"},"ч ",{"t":"idOrVar","v":"minutes"}," мин додека целосно не се наполни)"]},"$x":[{"t":"idOrVar","v":"plural"},"minutes"]},{"$i":"phoneNumberInput","ariaLabel":"Телефонски број"},{"$i":"keypadDelete","ariaLabel":"Избриши"},{"$i":"voiceMailKey","ariaLabel":"Гласовна порака"},{"$i":"asterisk","ariaLabel":"Ѕвездичка"},{"$i":"hashSign","ariaLabel":"Хаш знак"},{"$i":"cancel","$v":"Откажи"},{"$i":"loadingSimContacts","$v":"Вчитување на контакти од SIM карт.…"},{"$i":"noContactsWereFound","$v":"Не беа пронајдени контакти"},{"$i":"noContactsFoundDialogOk","$v":"ОК"},{"$i":"emergencyNumber","$v":"Број за итни случаи"},{"$i":"callAirplaneModeMessage","$v":"За да остварите повик, треба да го оневозможите авионскиот режим во поставувања."},{"$i":"callAirplaneModeBtnOk","$v":"ОК"},{"$i":"callAirplaneModeTitle","$v":"Авионскиот режим е активиран"},{"$i":"numberIsBusyTitle","$v":"Бројот е зафатен"},{"$i":"numberIsBusyMessage","$v":"Бројот е зафатен во моментот. Обидете се повторно подоцна."},{"$i":"fdnIsActiveTitle","$v":"ФБП е активен"},{"$i":"fdnIsActiveMessage","$v":["ФБП (Фиксирани Броеви за Повикување) е активиран и следниот број не е во списокот на ФБП: ",{"t":"idOrVar","v":"number"}]},{"$i":"emergencyDialogBodyBadNumber","$v":"За да остварите повик, телефонот треба да биде поврзан кон мрежа."},{"$i":"emergencyDialogBodyDeviceNotAccepted","$v":"Мрежата не дозволува итни повици."},{"$i":"emergencyDialogBtnOk","$v":"ОК"},{"$i":"emergencyDialogTitle","$v":"Нема врска со мрежата"},{"$i":"invalidNumberToDialTitle","$v":"Невалиден тел.број"},{"$i":"invalidNumberToDialMessage","$v":"Тел. број што го повикувате е невалиден."},{"$i":"unableToCallTitle","$v":"Повикот не може да биде направен."},{"$i":"unableToCallMessage","$v":"Сега не може да се воспостави тел. повик"},{"$i":"otherConnectionInUseTitle","$v":"Во упот. е др.поврз."},{"$i":"otherConnectionInUseMessage","$v":"Имате активен повик на друга врска. Одеднаш можете да користите само една врска."},{"$i":"connectingEllipsis","$v":"Поврзување..."},{"$i":"clear","$v":"Избриши"},{"$i":"dialer","$v":"Повикувач"},{"$i":"vt-incoming-call","$v":"Дојдовен видео повик ..."},{"$i":"kai-incoming-call","$v":"Дојдовен повик"},{"$i":"kai-in-call","$v":"Во повик"},{"$i":"kai-answer","$v":"Одговор"},{"$i":"kai-end-answer","$v":"Крај и одговори"},{"$i":"kai-decline","$v":"Отфрли"},{"$i":"enter-passcode","$v":"Внесете код за пристап за отклучување на екранот."},{"$i":"passcode-error","$v":"Невалиден код. Обидете се повторно."},{"$i":"lockscreenInvalidCode","$v":"Погрешен код."},{"$i":"lockscreenColdDown","$v":["Неважечки код. Обидете се за ",{"t":"idOrVar","v":"n"},"."]},{"$i":"lockscreenCheckLockCode","$v":{"few":["Неважечки код. Преостануваат ",{"t":"idOrVar","v":"n"}," обиди."],"one":["Неважечки код. Преостанува ",{"t":"idOrVar","v":"n"}," обид."],"other":["Неважечки код. Преостануваат ",{"t":"idOrVar","v":"n"}," обиди."],"two":["Неважечки код. Преостануваат ",{"t":"idOrVar","v":"n"}," обиди."]},"$x":[{"t":"idOrVar","v":"plural"},"n"]},{"$i":"videoCall","$v":"Видео разговор"},{"$i":"voice-call","$v":"Глас. повик"},{"$i":"video-call","$v":"Видео разговор"},{"$i":"message","$v":"Пораки"},{"$i":"answer-rtt-call","$v":"Одговори на RTT"},{"$i":"req-rtt-call","$v":"ANS RTT"},{"$i":"rtt-call","$v":"RTT-повик"},{"$i":"rtt-view","$v":"RTT-приказ"},{"$i":"change-to-rtt-call","$v":"RTT-повикот се поврзува..."},{"$i":"change-to-voice-call","$v":"Променето во гласовен повик."},{"$i":"upgrading-rtt","$v":"Се надградува на RTT-повик..."},{"$i":"rtt-call-failed","$v":"RTT-повикот не успеа."},{"$i":"voice-call-failed","$v":"Гласовниот повик не успеа."},{"$i":"rtt","$v":"RTT"},{"$i":"rtt-emegency-upgrade-rejected","$v":"RTT е недостапно за овој итен повик."},{"$i":"rtt-emegency-downgrade","$v":"RTT е недостапно за овој итен повик. Повикот е поврзан само како гласовен. Ако се појават проблеми, упатете гласовен повик или проследете го до итната служба."},{"$i":"voice-only-call","$v":"Вашиот повик е поврзан како главен повик."},{"$i":"ans-rtt-failed","$v":"Неуспешно воспоставување на повик со можност за истовремено испраќање пораки. Вашиот повик е поврзан само како гласовен повик."},{"$i":"back","$v":"Назад"},{"$i":"new-message","$v":"Нови пораки од"},{"$i":"kai-mute","$v":"Неми"},{"$i":"kai-unmute","$v":"Исклучете се"},{"$i":"kai-speaker","$v":"Звучник"},{"$i":"kai-speaker-off","$v":"Звучникот е исклучен"},{"$i":"kai-microphone-mute-notification","$v":"Беше исклучен микрофонот"},{"$i":"kai-microphone-active-notification","$v":"Микрофонот е активен"},{"$i":"kai-speaker-off-notification","$v":"Надворешен звучник е исклучен"},{"$i":"kai-speaker-on-notification","$v":"Надворешниот звучник е вклучен"},{"$i":"kai-hold-and-answer","$v":"Запрете и одговорете"},{"$i":"kai-ignore-call","$v":"Игнорирај го дојдовниот повик"},{"$i":"kai-add-to-call","$v":"Додајте повик"},{"$i":"kai-switch-to-second-line","$v":"Замена на повикот"},{"$i":"kai-merge-calls","$v":"Спојување на повик"},{"$i":"ok","$v":"OK"},{"$i":"losing-wifi-msg","$v":"губење wifi"},{"$i":"personal","$v":"Лични"},{"$i":"mobile","$v":"Мобилен"},{"$i":"home","$v":"Домашен"},{"$i":"work","$v":"Работа"},{"$i":"other","$v":"Друго"},{"$i":"fax-home","$v":"Дом. факс"},{"$i":"fax-office","$v":"Факс канц."},{"$i":"fax-other","$v":"Друг факс"},{"$i":"hd","$v":"HD"},{"$i":"manage-call","$v":"Управување на повик"},{"$i":"end","$v":"Повикување заврши"},{"$i":"private","$v":"Приватно"},{"$i":"sound","$v":"Звук"},{"$i":"bluetooth-device","$v":"Bluetooth уред"},{"$i":"handset-earpiece","$v":"Телеф.апарат"},{"$i":"speaker","$v":"Звучник"},{"$i":"call-ended","$v":"Повикот е завршен"},{"$i":"payphone","$v":"Говорница"},{"$i":"contact","$v":"Контакт"},{"$i":"dialer-prompt","$v":"Бирајте број или изберете контакт што сакате да го додадете во повикот"},{"$i":"call","$v":"Повик"},{"$i":"hold","$v":"На чекање"},{"$i":"callHeldDuration","$v":["Задр. (",{"t":"idOrVar","v":"duration"},")"]},{"$i":"volume","$v":"Волумен"},{"$i":"softkey-options","$v":"Опции"},{"$i":"unhold-call","$v":"Продолжи повик"},{"$i":"hold-call","$v":"Задржи повик"},{"$i":"select","$v":"Избор"},{"$i":"unknown","$v":"Непознат"},{"$i":"switch-calls","$v":"Префрлете повици"},{"$i":"voiceMail","$v":"Гласовна порака"},{"$i":"incoming","$v":"Дојдовен"},{"$i":"outgoing","$v":"Појдовен"},{"$i":"callEnded","$v":"Повикот е завршен"},{"$i":"callEndedDuration","$v":["Повикот заврши (",{"t":"idOrVar","v":"duration"},")"]},{"$i":"conferenceAddError","$v":"Контактите не може да се соединат"},{"$i":"conferenceRemoveError","$v":"Контактите не може да се разделат"},{"$i":"valid-number","$v":"Валиден број"},{"$i":"numberBlockedMessage","$v":"Овој број е блокиран. Можете да побарате дозвола од родителите."},{"$i":"callDurationMinutes","$v":[{"t":"idOrVar","v":"m"},":",{"t":"idOrVar","v":"s"}]},{"$i":"callDurationHours","$v":[{"t":"idOrVar","v":"h"},":",{"t":"idOrVar","v":"m"},":",{"t":"idOrVar","v":"s"}]},{"$i":"switch-to-device-toast","$v":"Преф. на bluetooth уред"},{"$i":"switch-to-handset-toast","$v":"Преф. на тел. слушалки"},{"$i":"switch-to-speaker-toast","$v":"Префрлено на звучник"},{"$i":"connecting","$v":"Поврзување"},{"$i":"wifi-call-quality-excellent","$v":"Одлично"},{"$i":"wifi-call-quality-fair","$v":"Добар"},{"$i":"wifi-call-quality-bad","$v":"Лош"},{"$i":"call-left-conference-toast","$v":"го напуштил повикот."},{"$i":"camera-off","$v":"Камерата е искл."},{"$i":"camera-on","$v":"Камерата е вкл."},{"$i":"rear-camera","$v":"Задна камера"},{"$i":"front-camera","$v":"Предна камера"},{"$i":"hide-info","$v":"Скријте ја информацијата"},{"$i":"show-info","$v":"Покажи проз. со информации"},{"$i":"video-call-rejected","$v":"Видео повикот е отфрлен, префрлете на гласовен повик."},{"$i":"video-call-not-support","$v":"Видео повикот не е поддржан."},{"$i":"video-call-rejected-timeout","$v":"Видео повикот е одбиен или тајмаут."},{"$i":"video-call-from","$v":["Примање на видео повик од ",{"t":"idOrVar","v":"name"},"."]},{"$i":"video-call-canceled","$v":"Видео повикот е откажан."},{"$i":"video-call-failed","$v":"Видео повикот пропадна."},{"$i":"call-downgraded","$v":"Повикај омаловажувани."},{"$i":"wifi-calling","$v":"повикување преку Wi-Fi"},{"$i":"wifi-calling-1","$v":"Повикот може да се распадне."},{"$i":"wifi-calling-2","$v":"Вие сте скоро надвор од опсегот на покр. со Wi-Fi."},{"$i":"wifi-calling-dropped","$v":"Повикувањето преку Wi-Fi се распадна."},{"$i":"accept","$v":"Прифати"},{"$i":"conference-call-num","$v":[{"t":"idOrVar","v":"num"}," луѓе во повик."]},{"$i":"more","$v":"Повеќе"},{"$i":"rec","$v":"REC"},{"$i":"start-recording-call","$v":"Стартувајте го снимањето на повикот."},{"$i":"stop-recording-call","$v":"Стопирајте го снимањето на повикот."},{"$i":"insufficient-storage","$v":"Недоволно меморија за складирање. Снимањето е запрено."},{"$i":"confirmation","$v":"Потврдување"},{"$i":"get-empty-ussd","$v":"Прифатен е нула одговор."},{"$i":"message-sent","$v":"Пораката е испратена"},{"$i":"messages","$v":"Пораки"},{"$i":"wait","$v":"Ве молам почекајте..."},{"$i":"send","$v":"Испрати"},{"$i":"reply","$v":"Одговори"},{"$i":"reply-message-1","$v":"Извини, не можам да зборувам во моментов."},{"$i":"reply-message-2","$v":"Доаѓам."},{"$i":"reply-message-3","$v":"Може ли да ти се јавам подоцна?"},{"$i":"reply-message-4","$v":"Прилагодено ..."},{"$i":"reply-to-name","$v":["Одговорено на ",{"t":"idOrVar","v":"name"}]},{"$i":"call-busy-error","$v":"BusyError"},{"$i":"call-bad-number-error","$v":"BadNumberError"},{"$i":"call-no-route-to-destination-error","$v":"No route to destination."},{"$i":"call-channel-unacceptable-error","$v":"Channel unacceptable"},{"$i":"call-operator-determined-barring-error","$v":"Operator determined barring"},{"$i":"call-normal-call-clearing-error","$v":"LLAMADA TERMINADA"},{"$i":"call-no-user-responding-error","$v":"No user responding"},{"$i":"call-user-alerting-no-answer-error","$v":"User alerting, no answer  "},{"$i":"call-call-rejected-error","$v":"Call rejected"},{"$i":"call-number-changed-error","$v":"Number Changed "},{"$i":"call-pre-emption-error","$v":"Pre-emption"},{"$i":"call-destination-out-of-order-error","$v":"Destination out of order "},{"$i":"call-invalid-number-format-error","$v":"Invalid number format "},{"$i":"call-facility-rejected-error","$v":"Facility rejected "},{"$i":"call-response-to-status-enquiry-error","$v":"Response to "},{"$i":"call-unspecified-error","$v":"Normal, unspecified "},{"$i":"call-congestion-error","$v":"No circuit/channel available"},{"$i":"call-network-out-of-order-error","$v":"Network out of order  "},{"$i":"call-network-temp-failure-error","$v":"Temporary Failure"},{"$i":"call-switching-equip-congestion-error","$v":"Switching equipment congestion"},{"$i":"call-access-info-discarded-error","$v":"Access information discarded "},{"$i":"call-requested-channel-not-available-error","$v":"requested circuit/channel not available"},{"$i":"call-resource-unavailable-error","$v":"Resources unavailable, unspecified"},{"$i":"call-qos-unavailable-error","$v":"Quality of service unavailable"},{"$i":"call-requested-facility-not-subscribed-error","$v":"Requested facility not subscribed"},{"$i":"call-incoming-calls-barred-within-cug-error","$v":"Incoming calls barred within the CUG"},{"$i":"call-bearer-capability-not-authorized-error","$v":"Bearer capability not authorized"},{"$i":"call-bearer-capability-not-available-error","$v":"Bearer capability not presently available"},{"$i":"call-service-not-available-error","$v":"Service or option not available, unspecified"},{"$i":"call-bearer-not-implemented-error","$v":"Bearer service not implemented"},{"$i":"call-incoming-call-exceeded-error","$v":"ACM equal to greater than ACMmax"},{"$i":"call-requested-facility-not-implemented-error","$v":"Requested facility not implemented"},{"$i":"call-unrestricted-bearer-not-available-error","$v":"Only restricted digital information bearer capability is available"},{"$i":"call-service-not-implemented-error","$v":"Service or option not implemented, unspecified "},{"$i":"call-invalid-transaction-id-error","$v":"Invalid transaction identifier value  "},{"$i":"call-not-cug-member-error","$v":"User not member of CUG "},{"$i":"call-incompatible-destination-error","$v":"Incompatible destination  "},{"$i":"call-invalid-transit-network-selection-error","$v":"Invalid transit network selection"},{"$i":"call-semantically-incorrect-message-error","$v":"Semantically incorrect message "},{"$i":"call-invalid-mandatory-info-error","$v":"Invalid mandatory information"},{"$i":"call-message-type-not-implemented-error","$v":"Message type-non compatible with protocol state "},{"$i":"call-message-type-incompatible-protocol-state-error","$v":"Message type not compatible with protocol state  "},{"$i":"call-info-element-not-implemented-error","$v":"Information element nonexistent or not implemented "},{"$i":"call-conditionalIe-error","$v":"Conditional IE error"},{"$i":"call-message-incompatible-protocol-state-error","$v":"Message not compatible with protocol state"},{"$i":"call-recovery-on-timer-expiry-error","$v":"Recovery on timer expiry "},{"$i":"call-protocol-error","$v":"Protocol Error, unspecified "},{"$i":"call-interworking-error","$v":"Interworking, unspecified "},{"$i":"call-service-option-not-subscribed-error","$v":"SIN SUBSCRIPCION AL SERVICIO -33-"},{"$i":"call-unknown-pdp-address-type-error","$v":"FALLA DE AUTENTICACION -29-"},{"$i":"mt-call-on-hold","$v":"Повикот е ставен на чекање."},{"$i":"mt-call_retrieved","$v":"Повикот е повратен."},{"$i":"mt-multi_party_call","$v":"Додадени сте на конференциски повик."},{"$i":"hangup-a11y-button","$v":""},{"$i":"pickup-a11y-button","$v":""},{"$i":"mute","$v":""},{"$i":"toggleKeypad","$v":""},{"$i":"newCall","$v":""},{"$i":"speakerOption","$v":""},{"$i":"bluetoothOption","$v":""},{"$i":"onHoldOption","$v":""},{"$i":"merge","$v":""},{"$i":"ignore","$v":""},{"$i":"dialerAddContact","$v":""},{"$i":"makeCall","$v":""},{"$i":"call-forwarding-async","$v":["Асинхрон: ",{"t":"idOrVar","v":"async"}]},{"$i":"call-forwarding-data","$v":["Податоци: ",{"t":"idOrVar","v":"data"}]},{"$i":"call-forwarding-error","$v":"Се појави грешка при вчитувањето на статусот за проследување на повик"},{"$i":"call-forwarding-fax","$v":["ФАКС: ",{"t":"idOrVar","v":"fax"}]},{"$i":"call-forwarding-inactive","$v":"Неактивен"},{"$i":"call-forwarding-packet","$v":["Пакет: ",{"t":"idOrVar","v":"packet"}]},{"$i":"call-forwarding-pad","$v":["PAD: ",{"t":"idOrVar","v":"pad"}]},{"$i":"call-forwarding-sms","$v":["SMS: ",{"t":"idOrVar","v":"sms"}]},{"$i":"call-forwarding-status","$v":"Стат. за пренас.на повик."},{"$i":"call-forwarding-sync","$v":["Синхроничен: ",{"t":"idOrVar","v":"sync"}]},{"$i":"call-forwarding-voice","$v":["Глас: ",{"t":"idOrVar","v":"voice"}]},{"$i":"call-forwarding-reason","$v":["Reason: ",{"t":"idOrVar","v":"reason"}]},{"$i":"scCallBarring","$v":"Забрана на пов."},{"$i":"scCallForwarding","$v":"Пренасоч. на повик"},{"$i":"scClip","$v":"ID на дојдовен повик."},{"$i":"scClir","$v":"ID на појдовен повик."},{"$i":"scPwd","$v":"Промена на лозинка"},{"$i":"scCallWaiting","$v":"Повик на чекање"},{"$i":"scPin","$v":"Промена на PIN"},{"$i":"scPin2","$v":"Промена на PIN2"},{"$i":"scPuk","$v":"Одблокирајте PIN"},{"$i":"scPuk2","$v":"Одблокирајте PIN2"},{"$i":"scImei","$v":"IMEI"},{"$i":"scMeid","$v":"MEID"},{"$i":"scUssd","$v":"USSD"},{"$i":"serviceClassVoice","$v":"Глас"},{"$i":"serviceClassData","$v":"Податоци"},{"$i":"serviceClassFax","$v":"ФАКС"},{"$i":"serviceClassSms","$v":"SMS"},{"$i":"serviceClassDataSync","$v":"Синхронизација"},{"$i":"serviceClassDataAsync","$v":"Асинх."},{"$i":"serviceClassPacket","$v":"Пакет"},{"$i":"serviceClassPad","$v":"PAD"},{"$i":"smServiceEnabled","$v":"Услугата беше овозможена"},{"$i":"smServiceDisabled","$v":"Услугата беше оневозможена"},{"$i":"smServiceRegistered","$v":"Рег. беше успешна"},{"$i":"smServiceErased","$v":"Бришењето беше успешно"},{"$i":"smServiceInterrogated","$v":"Барањето беше успешно"},{"$i":"smServiceNotProvisioned","$v":"Услугата не е обезбедена"},{"$i":"smClirPermanent","$v":"Не можете да го промените поставувањето за ID на повикувачот"},{"$i":"smClirDefaultOnNextCallOn","$v":"ИД на повикувачот по подразбирање е ограничен. Следен повик: Ограничен"},{"$i":"smClirDefaultOnNextCallOff","$v":"ИД на повикувачот по подразбирање е ограничен. Следен повик: Не е ограничен"},{"$i":"smClirDefaultOffNextCallOn","$v":"ИД на повикувачот по подразбирање не е ограничен. Следен повик: Ограничен"},{"$i":"smClirDefaultOffNextCallOff","$v":"ИД на повикувачот по подразбирање не е ограничен. Следен повик: Не е ограничен"},{"$i":"smServiceEnabledFor","$v":"Усл. беше овозм. за:"},{"$i":"smPinChanged","$v":"PIN-от е усп. пром."},{"$i":"smPinUnblocked","$v":"PIN-от е усп. одблок."},{"$i":"smPin2Changed","$v":"PIN-от 2 е усп. пром."},{"$i":"smPin2Unblocked","$v":"PIN-от 2 е усп. одблок."},{"$i":"ServiceIsEnabled","$v":"Услугате е овозможена"},{"$i":"ServiceIsDisabled","$v":"Услугате е оневозможена"},{"$i":"ServiceIsEnabledFor","$v":"Услугата е овозможена за:"},{"$i":"emMmiError","$v":"Проблем со врската или невалиден MMI код"},{"$i":"emMmiErrorPasswordIncorrect","$v":"Погрешна лозинка"},{"$i":"emMmiErrorNotSupported","$v":"Невалиден или неподдржан MMI код"},{"$i":"emMmiErrorInvalidAction","$v":"Невалидно дејство"},{"$i":"emMmiErrorInvalidScCode","$v":"Невалиден код за услуги"},{"$i":"emMmiErrorBadPuk","$v":"PUK кодот што го напишавте е неправилен."},{"$i":"emMmiErrorBadPin","$v":"Стариот PIN што го внесовте е неправилен."},{"$i":"emMmiErrorNeedPuk2","$v":"Напишете PUK2 за да ја одблокирате SIM карт."},{"$i":"emMmiErrorMismatchPin","$v":"PIN кодовите што ги внесовте не совпаѓаат"},{"$i":"emMmiErrorInvalidPin","$v":"Внесете PIN што е од 4 до 8 броеви"},{"$i":"emMmiErrorNeedsPuk","$v":"Вашата SIM карт. е заклучена со PUK"},{"$i":"emMmiErrorEnablePin","$v":"Неуспешно. Овозможете SIM/RUIM LOCK"},{"$i":"emMmiErrorMmiFdn","$v":"Операц. е огранич. до избир. само на броеви за фикс. бирање (БФБ)"},{"$i":"emMmiErrorStkCcUssdDial","$v":"USSD барањето е променето на DIAL барање"},{"$i":"emMmiErrorStkCcUssdSs","$v":"USSD барањето е променето на SS барање"},{"$i":"emMmiErrorStkCcUssdUssd","$v":"USSD барањето е променето на ново USSD барање"},{"$i":"emMmiErrorStkCcSsDial","$v":"SS барањето е променето на DIAL барање"},{"$i":"emMmiErrorStkCcSsUssd","$v":"SS бар.е пром. на USSD бар."},{"$i":"emMmiErrorStkCcSsSs","$v":"SS бар.е про.на нов.SS бар."},{"$i":"emMmiErrorPinPukAttempts","$v":{"few":["остануваат ",{"t":"idOrVar","v":"n"}," повторни обиди"],"many":["остануваат ",{"t":"idOrVar","v":"n"}," повторни обиди"],"one":["Ос.сам.",{"t":"idOrVar","v":"n"}," об."],"other":["остануваат ",{"t":"idOrVar","v":"n"}," повторни обиди"],"two":["остануваат ",{"t":"idOrVar","v":"n"}," повторни обиди"]},"$x":[{"t":"idOrVar","v":"plural"},"n"]},{"$i":"emMmiErrorSimBlocked","$v":"Макс.број на обиди е надминат. SIM карт. е блокирана"},{"$i":"RadioNotAvailable","$v":"Радио не е достапно"},{"$i":"GenericFailure","$v":"Грешка при извршување на барањето."},{"$i":"PasswordIncorrect","$v":"Лозинката е неточна"},{"$i":"SimPin2","$v":"SIM PIN2"},{"$i":"SimPuk2","$v":"SIM PUK2"},{"$i":"RequestNotSupported","$v":"Барањето не се поддржува"},{"$i":"OpNotAllowedDuringVoiceCall","$v":"Операц. не е дозв. за време на глас. повик"},{"$i":"SmsSendFailRetry","$v":"SMS send fail retry"},{"$i":"SimAbsent","$v":"SIM отсуствува"},{"$i":"SubscriptionNotAvailable","$v":"Претплатата не е достапна"},{"$i":"ModeNotSupported","$v":"Режимот не се поддржува"},{"$i":"FdnCheckFailure","$v":"Неуспешна проверка на ФБП"},{"$i":"IllegalSimOrMe","$v":"Нелегална SIM или ME"},{"$i":"DialModifiedToUssd","$v":"Бирање модиф. за USSD"},{"$i":"DialModifiedToSs","$v":"Бирање модиф. за SS"},{"$i":"DialModifiedToDial","$v":"Бирање мод. за бирање"},{"$i":"UssdModifiedToDial","$v":"USSD пром. да изб."},{"$i":"UssdModifiedToSs","$v":"USSD променето на SS"},{"$i":"UssdModifiedToUssd","$v":"USSD променето на USSD"},{"$i":"SsModifiedToDial","$v":"SS променето да бира"},{"$i":"SsModifiedToUssd","$v":"SS променето на USSD"},{"$i":"SsModifiedToSs","$v":"SS променето на SS"},{"$i":"SubscriptionNotSupported","$v":"Претп.не е поддржана"},{"$i":"InvalidParameter","$v":"Невалиден параметар"},{"$i":"RejectedByRemote","$v":"Одбиено од далечина"},{"$i":"error","$v":"Грешка"}]