[{"$i":"weekday-0-long","$v":"Duminică"},{"$i":"weekday-1-long","$v":"Luni"},{"$i":"weekday-2-long","$v":"Marți"},{"$i":"weekday-3-long","$v":"Miercuri"},{"$i":"weekday-4-long","$v":"Joi"},{"$i":"weekday-5-long","$v":"Vineri"},{"$i":"weekday-6-long","$v":"Sâmbătă"},{"$i":"weekday-0-short","$v":"Dum"},{"$i":"weekday-1-short","$v":"Lun"},{"$i":"weekday-2-short","$v":"Ma"},{"$i":"weekday-3-short","$v":"Mie"},{"$i":"weekday-4-short","$v":"Joi"},{"$i":"weekday-5-short","$v":"Vi"},{"$i":"weekday-6-short","$v":"Sâm"},{"$i":"month-0-long","$v":"Ianuarie"},{"$i":"month-1-long","$v":"Februarie"},{"$i":"month-2-long","$v":"Martie"},{"$i":"month-3-long","$v":"Aprilie"},{"$i":"month-4-long","$v":"Mai"},{"$i":"month-5-long","$v":"Iunie"},{"$i":"month-6-long","$v":"Iulie"},{"$i":"month-7-long","$v":"August"},{"$i":"month-8-long","$v":"Septembrie"},{"$i":"month-9-long","$v":"Octombrie"},{"$i":"month-10-long","$v":"Noiembrie"},{"$i":"month-11-long","$v":"Decembrie"},{"$i":"month-0-genitive","$v":"Ianuarie"},{"$i":"month-1-genitive","$v":"Februarie"},{"$i":"month-2-genitive","$v":"Martie"},{"$i":"month-3-genitive","$v":"Aprilie"},{"$i":"month-4-genitive","$v":"Mai"},{"$i":"month-5-genitive","$v":"Iunie"},{"$i":"month-6-genitive","$v":"Iulie"},{"$i":"month-7-genitive","$v":"August"},{"$i":"month-8-genitive","$v":"Septembrie"},{"$i":"month-9-genitive","$v":"Octombrie"},{"$i":"month-10-genitive","$v":"Noiembrie"},{"$i":"month-11-genitive","$v":"Decembrie"},{"$i":"month-0-short","$v":"Ian"},{"$i":"month-1-short","$v":"Feb"},{"$i":"month-2-short","$v":"Mar"},{"$i":"month-3-short","$v":"Apr"},{"$i":"month-4-short","$v":"Mai"},{"$i":"month-5-short","$v":"Iun"},{"$i":"month-6-short","$v":"Iul"},{"$i":"month-7-short","$v":"Aug"},{"$i":"month-8-short","$v":"Sep"},{"$i":"month-9-short","$v":"Oct"},{"$i":"month-10-short","$v":"Nov"},{"$i":"month-11-short","$v":"Dec"},{"$i":"minutes-ago-long","$v":{"few":[{"t":"idOrVar","v":"value"}," minute în urmă"],"many":[{"t":"idOrVar","v":"value"}," minute în urmă"],"other":[{"t":"idOrVar","v":"value"}," minute în urmă"],"two":[{"t":"idOrVar","v":"value"}," minute în urmă"],"one":"un minut în urmă","zero":"chiar acum"},"$x":[{"t":"idOrVar","v":"plural"},"value"]},{"$i":"hours-ago-long","$v":{"few":[{"t":"idOrVar","v":"value"}," ore în urmă"],"many":[{"t":"idOrVar","v":"value"}," ore în urmă"],"other":[{"t":"idOrVar","v":"value"}," ore în urmă"],"two":[{"t":"idOrVar","v":"value"}," ore în urmă"],"one":"1 oră în urmă","zero":"chiar acum"},"$x":[{"t":"idOrVar","v":"plural"},"value"]},{"$i":"days-ago-long","$v":{"few":[{"t":"idOrVar","v":"value"}," zile în urmă"],"many":[{"t":"idOrVar","v":"value"}," zile în urmă"],"one":"ieri","other":[{"t":"idOrVar","v":"value"}," zile în urmă"],"two":[{"t":"idOrVar","v":"value"}," zile în urmă"],"zero":"azi"},"$x":[{"t":"idOrVar","v":"plural"},"value"]},{"$i":"weeks-ago-long","$v":{"few":[{"t":"idOrVar","v":"value"}," săptămâni în urmă"],"many":[{"t":"idOrVar","v":"value"}," săptămâni în urmă"],"one":"ultima săptămână","other":[{"t":"idOrVar","v":"value"}," săptămâni în urmă"],"two":[{"t":"idOrVar","v":"value"}," săptămâni în urmă"],"zero":"această săptămână"},"$x":[{"t":"idOrVar","v":"plural"},"value"]},{"$i":"months-ago-long","$v":{"few":[{"t":"idOrVar","v":"value"}," luni în urmă"],"many":[{"t":"idOrVar","v":"value"}," luni în urmă"],"one":"ultima lună","other":[{"t":"idOrVar","v":"value"}," luni în urmă"],"two":[{"t":"idOrVar","v":"value"}," luni în urmă"],"zero":"această lună"},"$x":[{"t":"idOrVar","v":"plural"},"value"]},{"$i":"years-ago-long","$v":{"few":[{"t":"idOrVar","v":"value"}," ani în urmă"],"many":[{"t":"idOrVar","v":"value"}," ani în urmă"],"one":"ultimul an","other":[{"t":"idOrVar","v":"value"}," ani în urmă"],"two":[{"t":"idOrVar","v":"value"}," ani în urmă"],"zero":"acest an"},"$x":[{"t":"idOrVar","v":"plural"},"value"]},{"$i":"minutes-until-long","$v":{"few":["în ",{"t":"idOrVar","v":"value"}," minute"],"many":["în ",{"t":"idOrVar","v":"value"}," minute"],"other":["în ",{"t":"idOrVar","v":"value"}," minute"],"two":["în ",{"t":"idOrVar","v":"value"}," minute"],"zero":"acum","one":"în 1 minut"},"$x":[{"t":"idOrVar","v":"plural"},"value"]},{"$i":"hours-until-long","$v":{"few":["în ",{"t":"idOrVar","v":"value"}," ore"],"many":["în ",{"t":"idOrVar","v":"value"}," ore"],"other":["în ",{"t":"idOrVar","v":"value"}," ore"],"two":["în ",{"t":"idOrVar","v":"value"}," ore"],"zero":"acum","one":"în 1 oră"},"$x":[{"t":"idOrVar","v":"plural"},"value"]},{"$i":"days-until-long","$v":{"few":["în ",{"t":"idOrVar","v":"value"}," zile"],"many":["în ",{"t":"idOrVar","v":"value"}," zile"],"one":"mâine","other":["în ",{"t":"idOrVar","v":"value"}," zile"],"two":["în ",{"t":"idOrVar","v":"value"}," zile"],"zero":"azi"},"$x":[{"t":"idOrVar","v":"plural"},"value"]},{"$i":"weeks-until-long","$v":{"few":["în ",{"t":"idOrVar","v":"value"}," săptămâni"],"many":["în ",{"t":"idOrVar","v":"value"}," săptămâni"],"one":"săptămâna viitoare","other":["în ",{"t":"idOrVar","v":"value"}," săptămâni"],"two":["în ",{"t":"idOrVar","v":"value"}," săptămâni"],"zero":"această săptămână"},"$x":[{"t":"idOrVar","v":"plural"},"value"]},{"$i":"months-until-long","$v":{"few":["în ",{"t":"idOrVar","v":"value"}," luni"],"many":["în ",{"t":"idOrVar","v":"value"}," luni"],"one":"luna viitoare","other":["în ",{"t":"idOrVar","v":"value"}," luni"],"two":["în ",{"t":"idOrVar","v":"value"}," luni"],"zero":"această lună"},"$x":[{"t":"idOrVar","v":"plural"},"value"]},{"$i":"years-until-long","$v":{"few":["în ",{"t":"idOrVar","v":"value"}," ani"],"many":["în ",{"t":"idOrVar","v":"value"}," ani"],"one":"anul viitor","other":["în ",{"t":"idOrVar","v":"value"}," ani"],"two":["în ",{"t":"idOrVar","v":"value"}," ani"],"zero":"acest an"},"$x":[{"t":"idOrVar","v":"plural"},"value"]},{"$i":"minutes-ago-short","$v":{"other":[{"t":"idOrVar","v":"value"},"m în urmă"],"zero":"chiar acum"},"$x":[{"t":"idOrVar","v":"plural"},"value"]},{"$i":"hours-ago-short","$v":{"other":[{"t":"idOrVar","v":"value"},"h în urmă"],"zero":"chiar acum"},"$x":[{"t":"idOrVar","v":"plural"},"value"]},{"$i":"days-ago-short","$v":{"other":[{"t":"idOrVar","v":"value"},"z în urmă"],"zero":"azi"},"$x":[{"t":"idOrVar","v":"plural"},"value"]},{"$i":"minutes-until-short","$v":{"other":["în ",{"t":"idOrVar","v":"value"},"m"],"zero":"acum"},"$x":[{"t":"idOrVar","v":"plural"},"value"]},{"$i":"hours-until-short","$v":{"other":["în ",{"t":"idOrVar","v":"value"},"h"],"zero":"acum"},"$x":[{"t":"idOrVar","v":"plural"},"value"]},{"$i":"days-until-short","$v":{"other":["în ",{"t":"idOrVar","v":"value"},"z"],"zero":"azi"},"$x":[{"t":"idOrVar","v":"plural"},"value"]},{"$i":"incorrectDate","$v":"(dată incorectă)"},{"$i":"dateTimeFormat_%c","$v":"%a %b %e %Y %I:%M:%S %p"},{"$i":"dateTimeFormat_%x","$v":"%m/%d/%Y"},{"$i":"dateTimeFormat_%X","$v":"%I:%M:%S %p"},{"$i":"shortTimeFormat","$v":"%I:%M %p"},{"$i":"shortTimeFormat12","$v":"%I:%M %p"},{"$i":"shortTimeFormat24","$v":"%H:%M"},{"$i":"shortDateTimeFormat","$v":"%x %I:%M %p"},{"$i":"weekStartsOnMonday","$v":"0.0"},{"$i":"firstDayOfTheWeek","$v":"1.0"},{"$i":"time_am","$v":"AM"},{"$i":"time_pm","$v":"PM"},{"$i":"airplaneMode","$v":"Mod avion"},{"$i":"searching","$v":"Căutare..."},{"$i":"noNetwork","$v":"Nicio rețea"},{"$i":"roaming","$v":[{"t":"idOrVar","v":"operator"}," (Roaming)"]},{"$i":"operator-info","$v":[{"t":"idOrVar","v":"carrier"}," ",{"t":"idOrVar","v":"region"}]},{"$i":"emergencyCallsOnly","$v":"Numai apeluri de urgență"},{"$i":"emergencyCallsOnly-unknownSIMState","$v":"(stare SIM necunoscută)"},{"$i":"emergencyCallsOnly-noSIM","$v":"(SIM inexistent)"},{"$i":"emergencyCallsOnly-pinRequired","$v":"(PIN SIM necesar)"},{"$i":"emergencyCallsOnly-pukRequired","$v":"(PUK SIM necesar)"},{"$i":"emergencyCallsOnly-networkLocked","$v":"(rețea blocată)"},{"$i":"emergencyCallsOnly-serviceProviderLocked","$v":"(furnizor servicii blocat)"},{"$i":"emergencyCallsOnly-corporateLocked","$v":"(blocat la nivel corporativ)"},{"$i":"emergencyCallsOnly-network1Locked","$v":"(rețea1 blocată)"},{"$i":"emergencyCallsOnly-network2Locked","$v":"(rețea2 blocată)"},{"$i":"emergencyCallsOnly-hrpdNetworkLocked","$v":"(rețea hrpd blocată)"},{"$i":"emergencyCallsOnly-ruimCorporateLocked","$v":"(blocat la nivel corporativ ruim)"},{"$i":"emergencyCallsOnly-ruimServiceProviderLocked","$v":"(furnizor servicii ruim blocat)"},{"$i":"lockscreen-sim-id","$v":["SIM ",{"t":"idOrVar","v":"n"}]},{"$i":"charging-no-time","$v":[{"t":"idOrVar","v":"level"},"% Tarifat"]},{"$i":"charging-minutes","$v":{"few":[{"t":"idOrVar","v":"level"},"% Tarifat (",{"t":"idOrVar","v":"minutes"}," min. până la tarifare completă)"],"many":[{"t":"idOrVar","v":"level"},"% Tarifat (",{"t":"idOrVar","v":"minutes"}," min. până la tarifare completă)"],"one":[{"t":"idOrVar","v":"level"},"% Tarifat (",{"t":"idOrVar","v":"minutes"}," min. până la tarifare completă)"],"other":[{"t":"idOrVar","v":"level"},"% Tarifat (",{"t":"idOrVar","v":"minutes"}," min. până la tarifare completă)"],"two":[{"t":"idOrVar","v":"level"},"% Tarifat (",{"t":"idOrVar","v":"minutes"}," min. până la tarifare completă)"],"zero":[{"t":"idOrVar","v":"level"},"% Tarifat (",{"t":"idOrVar","v":"minutes"}," min. până la tarifare completă)"]},"$x":[{"t":"idOrVar","v":"plural"},"minutes"]},{"$i":"charging-hours","$v":{"few":[{"t":"idOrVar","v":"level"},"% Tarifat (",{"t":"idOrVar","v":"hours"},"h ",{"t":"idOrVar","v":"minutes"}," min. până la tarifare completă)"],"many":[{"t":"idOrVar","v":"level"},"% Tarifat (",{"t":"idOrVar","v":"hours"},"h ",{"t":"idOrVar","v":"minutes"}," min. până la tarifare completă)"],"one":[{"t":"idOrVar","v":"level"},"% Tarifat (",{"t":"idOrVar","v":"hours"},"h ",{"t":"idOrVar","v":"minutes"}," min. până la tarifare completă)"],"other":[{"t":"idOrVar","v":"level"},"% Tarifat (",{"t":"idOrVar","v":"hours"},"h ",{"t":"idOrVar","v":"minutes"}," min. până la tarifare completă)"],"two":[{"t":"idOrVar","v":"level"},"% Tarifat (",{"t":"idOrVar","v":"hours"},"h ",{"t":"idOrVar","v":"minutes"}," min. până la tarifare completă)"],"zero":[{"t":"idOrVar","v":"level"},"% Tarifat (",{"t":"idOrVar","v":"hours"},"h ",{"t":"idOrVar","v":"minutes"}," min. până la tarifare completă)"]},"$x":[{"t":"idOrVar","v":"plural"},"minutes"]},{"$i":"phoneNumberInput","ariaLabel":"Număr de telefon"},{"$i":"keypadDelete","ariaLabel":"Ștergere"},{"$i":"voiceMailKey","ariaLabel":"Mesaj de poștă vocală"},{"$i":"asterisk","ariaLabel":"Asterisc"},{"$i":"hashSign","ariaLabel":"Semn Hash"},{"$i":"cancel","$v":"Anulare"},{"$i":"loadingSimContacts","$v":"Încărcare contacte cartelă SIM…"},{"$i":"noContactsWereFound","$v":"Nu s-a găsit niciun contact"},{"$i":"noContactsFoundDialogOk","$v":"OK"},{"$i":"emergencyNumber","$v":"Număr de urgență"},{"$i":"callAirplaneModeMessage","$v":"Pentru a efectua un apel, trebuie să dezactivați modul avion din setări."},{"$i":"callAirplaneModeBtnOk","$v":"OK"},{"$i":"callAirplaneModeTitle","$v":"Mod avion activat"},{"$i":"numberIsBusyTitle","$v":"Numărul este ocupat"},{"$i":"numberIsBusyMessage","$v":"Numărul este ocupat momentan. Încercați din nou mai târziu."},{"$i":"fdnIsActiveTitle","$v":"FDN activ"},{"$i":"fdnIsActiveMessage","$v":["FDN (Numere pentru apelare permise) este activat și următorul număr nu se află în lista dvs. FDN: ",{"t":"idOrVar","v":"number"}]},{"$i":"emergencyDialogBodyBadNumber","$v":"Pentru a efectua un apel, telefonul trebuie să fie conectat la o rețea."},{"$i":"emergencyDialogBodyDeviceNotAccepted","$v":"Apelurile de urgență nu sunt permise de rețea."},{"$i":"emergencyDialogBtnOk","$v":"OK"},{"$i":"emergencyDialogTitle","$v":"Nicio conexiune de rețea"},{"$i":"invalidNumberToDialTitle","$v":"Număr de telefon nevalid"},{"$i":"invalidNumberToDialMessage","$v":"Numărul de telefon pe care îl apelați nu este valabil."},{"$i":"unableToCallTitle","$v":"Imposibil de efectuat un apel. "},{"$i":"unableToCallMessage","$v":"Imposibil să efectuați un apel acum"},{"$i":"otherConnectionInUseTitle","$v":"Altă conexiune utilizată"},{"$i":"otherConnectionInUseMessage","$v":"Aveți un apel activ pe altă conexiune. Puteți utiliza o singură conexiune o dată."},{"$i":"connectingEllipsis","$v":"În curs de conectare..."},{"$i":"clear","$v":"Ștergere"},{"$i":"dialer","$v":"Ecran apelare"},{"$i":"vt-incoming-call","$v":"Apel video de intrare ..."},{"$i":"kai-incoming-call","$v":"Apel primit"},{"$i":"kai-in-call","$v":"În apel"},{"$i":"kai-answer","$v":"Răspuns"},{"$i":"kai-end-answer","$v":"Termină și răspunde"},{"$i":"kai-decline","$v":"Refuz"},{"$i":"enter-passcode","$v":"Introduceți parola pentru a debloca ecranul."},{"$i":"passcode-error","$v":"Cod nevalid. Încercați din nou."},{"$i":"lockscreenInvalidCode","$v":"Cod invalid."},{"$i":"lockscreenColdDown","$v":["Cod nevalid. Încearcă în ",{"t":"idOrVar","v":"n"},"."]},{"$i":"lockscreenCheckLockCode","$v":{"few":["Cod nevalid. ",{"t":"idOrVar","v":"n"}," încercări rămase."],"one":["Cod nevalid. ",{"t":"idOrVar","v":"n"}," încercare rămasă."],"other":["Cod nevalid. ",{"t":"idOrVar","v":"n"}," încercări rămase."],"two":["Cod nevalid. ",{"t":"idOrVar","v":"n"}," încercări rămase."]},"$x":[{"t":"idOrVar","v":"plural"},"n"]},{"$i":"videoCall","$v":"Apel video"},{"$i":"voice-call","$v":"Apel vocal"},{"$i":"video-call","$v":"Apel video"},{"$i":"message","$v":"Mesaje"},{"$i":"answer-rtt-call","$v":"Răspundeți utilizând funcția RTT"},{"$i":"req-rtt-call","$v":"ANS RTT"},{"$i":"rtt-call","$v":"Apel RTT"},{"$i":"rtt-view","$v":"Vizualizare RTT"},{"$i":"change-to-rtt-call","$v":"Apel RTT în curs de conectare..."},{"$i":"change-to-voice-call","$v":"Convertit în apel vocal."},{"$i":"upgrading-rtt","$v":"Upgrade la apel RTT în curs de desfășurare..."},{"$i":"rtt-call-failed","$v":"Apel RTT nereușit."},{"$i":"voice-call-failed","$v":"Apel vocal nereușit."},{"$i":"rtt","$v":"RTT"},{"$i":"rtt-emegency-upgrade-rejected","$v":"Funcția RTT nu este disponibilă pentru acest apel la 911."},{"$i":"rtt-emegency-downgrade","$v":"Funcția RTT nu este disponibilă pentru acest apel la 911. Apelul dumneavoastră a fost conectat doar ca apel vocal. Dacă întâmpinați dificultăți, efectuați un apel vocal sau de retransmisie la 911."},{"$i":"voice-only-call","$v":"Apelul dvs. a fost conectat doar ca apel vocal."},{"$i":"ans-rtt-failed","$v":"Nu s-a putut stabili apelul RTT. Apelul dvs. a fost conectat doar ca apel vocal."},{"$i":"back","$v":"Înapoi"},{"$i":"new-message","$v":"Mesaj nou de la"},{"$i":"kai-mute","$v":"Mut"},{"$i":"kai-unmute","$v":"Activați sunetul"},{"$i":"kai-speaker","$v":"Difuzor"},{"$i":"kai-speaker-off","$v":"Difuzor oprit"},{"$i":"kai-microphone-mute-notification","$v":"Microfonul a sunat"},{"$i":"kai-microphone-active-notification","$v":"Microfonul este activ"},{"$i":"kai-speaker-off-notification","$v":"Difuzorul extern a fost oprit"},{"$i":"kai-speaker-on-notification","$v":"Difuzorul extern a fost pornit"},{"$i":"kai-hold-and-answer","$v":"Puneți în opțiune și răspundeți"},{"$i":"kai-ignore-call","$v":"Ignorați apelul primit"},{"$i":"kai-add-to-call","$v":"Adăugați apel"},{"$i":"kai-switch-to-second-line","$v":"Transfer apel"},{"$i":"kai-merge-calls","$v":"Unire apel"},{"$i":"ok","$v":"OK"},{"$i":"losing-wifi-msg","$v":"pierdere wifi"},{"$i":"personal","$v":"Personal"},{"$i":"mobile","$v":"Mobil"},{"$i":"home","$v":"Acasă"},{"$i":"work","$v":"Birou"},{"$i":"other","$v":"Altele"},{"$i":"fax-home","$v":"Fax acasă"},{"$i":"fax-office","$v":"Fax birou"},{"$i":"fax-other","$v":"Alt fax"},{"$i":"hd","$v":"HD"},{"$i":"manage-call","$v":"Gestionare apel"},{"$i":"end","$v":"Terminați apel"},{"$i":"private","$v":"Privat"},{"$i":"sound","$v":"Sunet"},{"$i":"bluetooth-device","$v":"Aparat Bluetooth"},{"$i":"handset-earpiece","$v":"Microreceptor"},{"$i":"speaker","$v":"Difuzor"},{"$i":"call-ended","$v":"Apel terminat"},{"$i":"payphone","$v":"Telefon cu plată"},{"$i":"contact","$v":"Contact"},{"$i":"dialer-prompt","$v":"Apelați numărul sau selectați contactul pentru a adăuga la apel"},{"$i":"call","$v":"Apel"},{"$i":"hold","$v":"În așteptare"},{"$i":"callHeldDuration","$v":["Așteptați (",{"t":"idOrVar","v":"duration"},")"]},{"$i":"volume","$v":"Volum"},{"$i":"softkey-options","$v":"Opțiuni"},{"$i":"unhold-call","$v":"Anulare reținere apel"},{"$i":"hold-call","$v":"Reținere apel"},{"$i":"select","$v":"SELECT."},{"$i":"unknown","$v":"Necunoscut"},{"$i":"switch-calls","$v":"Comutare apeluri"},{"$i":"voiceMail","$v":"Mesaj de poștă vocală"},{"$i":"incoming","$v":"Primit"},{"$i":"outgoing","$v":"Efectuat"},{"$i":"callEnded","$v":"Apel terminat"},{"$i":"callEndedDuration","$v":["Apel încheiat (",{"t":"idOrVar","v":"duration"},")"]},{"$i":"conferenceAddError","$v":"Imposibil de fuzionat apelurile"},{"$i":"conferenceRemoveError","$v":"Imposibil de defuzionat apelurile"},{"$i":"valid-number","$v":"Număr valabil"},{"$i":"numberBlockedMessage","$v":"Acest număr este blocat. Puteți cere permisiunea părinților."},{"$i":"callDurationMinutes","$v":[{"t":"idOrVar","v":"m"},":",{"t":"idOrVar","v":"s"}]},{"$i":"callDurationHours","$v":[{"t":"idOrVar","v":"h"},":",{"t":"idOrVar","v":"m"},":",{"t":"idOrVar","v":"s"}]},{"$i":"switch-to-device-toast","$v":"Comutat la aparatul bluetooth"},{"$i":"switch-to-handset-toast","$v":"Comutat la casca microreceptorului"},{"$i":"switch-to-speaker-toast","$v":"Comutat la difuzor"},{"$i":"connecting","$v":"În curs de conectare"},{"$i":"wifi-call-quality-excellent","$v":"Excelent"},{"$i":"wifi-call-quality-fair","$v":"Corespunzător"},{"$i":"wifi-call-quality-bad","$v":"Slab"},{"$i":"call-left-conference-toast","$v":"a părăsit apelul"},{"$i":"camera-off","$v":"Cameră oprită"},{"$i":"camera-on","$v":"Cameră pornită"},{"$i":"rear-camera","$v":"Cameră spate"},{"$i":"front-camera","$v":"Cameră frontală"},{"$i":"hide-info","$v":"Ascundeți info"},{"$i":"show-info","$v":"Afișare informații"},{"$i":"video-call-rejected","$v":"Apel video respins, comutați pe apel vocal."},{"$i":"video-call-not-support","$v":"Apelul video nu este posibil."},{"$i":"video-call-rejected-timeout","$v":"Apel video respins sau expirat."},{"$i":"video-call-from","$v":["Primire apel video de la ",{"t":"idOrVar","v":"name"},"."]},{"$i":"video-call-canceled","$v":"Apelul video a fost anulat."},{"$i":"video-call-failed","$v":"Apelul video nereușit."},{"$i":"call-downgraded","$v":"Sunați retrogradat."},{"$i":"wifi-calling","$v":"Apelare Wi-Fi"},{"$i":"wifi-calling-1","$v":"Apelul dumneavoastră s-ar putea întrerupe."},{"$i":"wifi-calling-2","$v":"Sunteți pe punctul de a ieși din aria de acoperire Wi-Fi."},{"$i":"wifi-calling-dropped","$v":"Apel Wi-Fi întrerupt."},{"$i":"accept","$v":"Acceptare"},{"$i":"conference-call-num","$v":[{"t":"idOrVar","v":"num"}," participanți la apel."]},{"$i":"more","$v":"Mai multe"},{"$i":"rec","$v":"REC"},{"$i":"start-recording-call","$v":"Începeți înregistrarea apelului."},{"$i":"stop-recording-call","$v":"Încheiați înregistrarea apelului."},{"$i":"insufficient-storage","$v":"Stocare insuficientă. Înregistrare întreruptă."},{"$i":"confirmation","$v":"Confirmare"},{"$i":"get-empty-ussd","$v":"Răspunsul primit nu a fost primit."},{"$i":"message-sent","$v":"Mesaj trimis"},{"$i":"messages","$v":"Mesaje"},{"$i":"wait","$v":"Te rog asteapta..."},{"$i":"send","$v":"Trimitere"},{"$i":"reply","$v":"Răspuns"},{"$i":"reply-message-1","$v":"Îmi pare rău, nu pot vorbi chiar acum."},{"$i":"reply-message-2","$v":"Sunt pe drum."},{"$i":"reply-message-3","$v":"Pot sa te sun mai tarziu?"},{"$i":"reply-message-4","$v":"Personalizat..."},{"$i":"reply-to-name","$v":["Răspuns la ",{"t":"idOrVar","v":"name"}]},{"$i":"call-busy-error","$v":"BusyError"},{"$i":"call-bad-number-error","$v":"BadNumberError"},{"$i":"call-no-route-to-destination-error","$v":"No route to destination."},{"$i":"call-channel-unacceptable-error","$v":"Channel unacceptable"},{"$i":"call-operator-determined-barring-error","$v":"Operator determined barring"},{"$i":"call-normal-call-clearing-error","$v":"LLAMADA TERMINADA"},{"$i":"call-no-user-responding-error","$v":"No user responding"},{"$i":"call-user-alerting-no-answer-error","$v":"User alerting, no answer  "},{"$i":"call-call-rejected-error","$v":"Call rejected"},{"$i":"call-number-changed-error","$v":"Number Changed "},{"$i":"call-pre-emption-error","$v":"Pre-emption"},{"$i":"call-destination-out-of-order-error","$v":"Destination out of order "},{"$i":"call-invalid-number-format-error","$v":"Invalid number format "},{"$i":"call-facility-rejected-error","$v":"Facility rejected "},{"$i":"call-response-to-status-enquiry-error","$v":"Response to "},{"$i":"call-unspecified-error","$v":"Normal, unspecified "},{"$i":"call-congestion-error","$v":"No circuit/channel available"},{"$i":"call-network-out-of-order-error","$v":"Network out of order  "},{"$i":"call-network-temp-failure-error","$v":"Temporary Failure"},{"$i":"call-switching-equip-congestion-error","$v":"Switching equipment congestion"},{"$i":"call-access-info-discarded-error","$v":"Access information discarded "},{"$i":"call-requested-channel-not-available-error","$v":"requested circuit/channel not available"},{"$i":"call-resource-unavailable-error","$v":"Resources unavailable, unspecified"},{"$i":"call-qos-unavailable-error","$v":"Quality of service unavailable"},{"$i":"call-requested-facility-not-subscribed-error","$v":"Requested facility not subscribed"},{"$i":"call-incoming-calls-barred-within-cug-error","$v":"Incoming calls barred within the CUG"},{"$i":"call-bearer-capability-not-authorized-error","$v":"Bearer capability not authorized"},{"$i":"call-bearer-capability-not-available-error","$v":"Bearer capability not presently available"},{"$i":"call-service-not-available-error","$v":"Service or option not available, unspecified"},{"$i":"call-bearer-not-implemented-error","$v":"Bearer service not implemented"},{"$i":"call-incoming-call-exceeded-error","$v":"ACM equal to greater than ACMmax"},{"$i":"call-requested-facility-not-implemented-error","$v":"Requested facility not implemented"},{"$i":"call-unrestricted-bearer-not-available-error","$v":"Only restricted digital information bearer capability is available"},{"$i":"call-service-not-implemented-error","$v":"Service or option not implemented, unspecified "},{"$i":"call-invalid-transaction-id-error","$v":"Invalid transaction identifier value  "},{"$i":"call-not-cug-member-error","$v":"User not member of CUG "},{"$i":"call-incompatible-destination-error","$v":"Incompatible destination  "},{"$i":"call-invalid-transit-network-selection-error","$v":"Invalid transit network selection"},{"$i":"call-semantically-incorrect-message-error","$v":"Semantically incorrect message "},{"$i":"call-invalid-mandatory-info-error","$v":"Invalid mandatory information"},{"$i":"call-message-type-not-implemented-error","$v":"Message type-non compatible with protocol state "},{"$i":"call-message-type-incompatible-protocol-state-error","$v":"Message type not compatible with protocol state  "},{"$i":"call-info-element-not-implemented-error","$v":"Information element nonexistent or not implemented "},{"$i":"call-conditionalIe-error","$v":"Conditional IE error"},{"$i":"call-message-incompatible-protocol-state-error","$v":"Message not compatible with protocol state"},{"$i":"call-recovery-on-timer-expiry-error","$v":"Recovery on timer expiry "},{"$i":"call-protocol-error","$v":"Protocol Error, unspecified "},{"$i":"call-interworking-error","$v":"Interworking, unspecified "},{"$i":"call-service-option-not-subscribed-error","$v":"SIN SUBSCRIPCION AL SERVICIO -33-"},{"$i":"call-unknown-pdp-address-type-error","$v":"FALLA DE AUTENTICACION -29-"},{"$i":"mt-call-on-hold","$v":"Apelul a fost pus în așteptare."},{"$i":"mt-call_retrieved","$v":"Apelul a fost preluat."},{"$i":"mt-multi_party_call","$v":"Ați fost adăugat la un apel conferință."},{"$i":"hangup-a11y-button","$v":""},{"$i":"pickup-a11y-button","$v":""},{"$i":"mute","$v":""},{"$i":"toggleKeypad","$v":""},{"$i":"newCall","$v":""},{"$i":"speakerOption","$v":""},{"$i":"bluetoothOption","$v":""},{"$i":"onHoldOption","$v":""},{"$i":"merge","$v":""},{"$i":"ignore","$v":""},{"$i":"dialerAddContact","$v":""},{"$i":"makeCall","$v":""},{"$i":"call-forwarding-async","$v":["Asincon: ",{"t":"idOrVar","v":"async"}]},{"$i":"call-forwarding-data","$v":["Data: ",{"t":"idOrVar","v":"data"}]},{"$i":"call-forwarding-error","$v":"A apărut o eroare la preluarea stării de redirecționare a apelului"},{"$i":"call-forwarding-fax","$v":["FAX: ",{"t":"idOrVar","v":"fax"}]},{"$i":"call-forwarding-inactive","$v":"Inactiv"},{"$i":"call-forwarding-packet","$v":["Pachet: ",{"t":"idOrVar","v":"packet"}]},{"$i":"call-forwarding-pad","$v":["PAD: ",{"t":"idOrVar","v":"pad"}]},{"$i":"call-forwarding-sms","$v":["SMS: ",{"t":"idOrVar","v":"sms"}]},{"$i":"call-forwarding-status","$v":"Stare redirecționare apel"},{"$i":"call-forwarding-sync","$v":["Sincron: ",{"t":"idOrVar","v":"sync"}]},{"$i":"call-forwarding-voice","$v":["Voce: ",{"t":"idOrVar","v":"voice"}]},{"$i":"call-forwarding-reason","$v":["Reason: ",{"t":"idOrVar","v":"reason"}]},{"$i":"scCallBarring","$v":"Restricționare apel"},{"$i":"scCallForwarding","$v":"Redirecționare apel"},{"$i":"scClip","$v":"ID apelant de intrare"},{"$i":"scClir","$v":"ID apelant efectuat"},{"$i":"scPwd","$v":"Schimbare parolă"},{"$i":"scCallWaiting","$v":"Apel în așteptare"},{"$i":"scPin","$v":"Schimbare PIN"},{"$i":"scPin2","$v":"Schimbare PIN2"},{"$i":"scPuk","$v":"Deblocare PIN"},{"$i":"scPuk2","$v":"Deblocare PIN2"},{"$i":"scImei","$v":"IMEI"},{"$i":"scMeid","$v":"MEID"},{"$i":"scUssd","$v":"USSD"},{"$i":"serviceClassVoice","$v":"Voce"},{"$i":"serviceClassData","$v":"Date"},{"$i":"serviceClassFax","$v":"FAX"},{"$i":"serviceClassSms","$v":"SMS"},{"$i":"serviceClassDataSync","$v":"Sinc."},{"$i":"serviceClassDataAsync","$v":"Asinc"},{"$i":"serviceClassPacket","$v":"Pachet"},{"$i":"serviceClassPad","$v":"PAD"},{"$i":"smServiceEnabled","$v":"Serviciul a fost activat"},{"$i":"smServiceDisabled","$v":"Serviciul a fost dezactivat"},{"$i":"smServiceRegistered","$v":"Înregistrarea s-a realizat cu succes"},{"$i":"smServiceErased","$v":"Ștergerea a reușit"},{"$i":"smServiceInterrogated","$v":"Cererea s-a realizat cu succes"},{"$i":"smServiceNotProvisioned","$v":"Serviciu nefurnizat"},{"$i":"smClirPermanent","$v":"Nu puteți modifica setarea ID apelant"},{"$i":"smClirDefaultOnNextCallOn","$v":"ID-ul apelantului este setat în mod implicit pe restricționat. Apelul următor: restricționat"},{"$i":"smClirDefaultOnNextCallOff","$v":"ID-ul apelantului este setat în mod implicit pe restricționat. Apelul următor: nerestricționat"},{"$i":"smClirDefaultOffNextCallOn","$v":"ID-ul apelantului este setat în mod implicit pe nerestricționat. Apelul următor: restricționat"},{"$i":"smClirDefaultOffNextCallOff","$v":"ID-ul apelantului este setat în mod implicit pe nerestricționat. Apelul următor: nerestricționat"},{"$i":"smServiceEnabledFor","$v":"Serviciul a fost activat pt."},{"$i":"smPinChanged","$v":"PIN schimbat cu succes"},{"$i":"smPinUnblocked","$v":"PIN deblocat cu succes"},{"$i":"smPin2Changed","$v":"PIN2 schimbat cu succes"},{"$i":"smPin2Unblocked","$v":"PIN2 deblocat cu succes"},{"$i":"ServiceIsEnabled","$v":"Serviciul este activat"},{"$i":"ServiceIsDisabled","$v":"Serviciul este dezactivat"},{"$i":"ServiceIsEnabledFor","$v":"Serviciul este activat pt.:"},{"$i":"emMmiError","$v":"Problemă de conectare sau cod MMI nevalid"},{"$i":"emMmiErrorPasswordIncorrect","$v":"Parolă incorectă"},{"$i":"emMmiErrorNotSupported","$v":"Cod MMI nevalid sau nesuportat"},{"$i":"emMmiErrorInvalidAction","$v":"Acțiune nevalidă"},{"$i":"emMmiErrorInvalidScCode","$v":"Cod serviciu nevalid"},{"$i":"emMmiErrorBadPuk","$v":"Codul PUK pe care l-ați tastat este incorect"},{"$i":"emMmiErrorBadPin","$v":"Codul PIN vechi pe care l-ați introdus este incorect."},{"$i":"emMmiErrorNeedPuk2","$v":"Introduceți PUK2 pentru a debloca SIM-ul"},{"$i":"emMmiErrorMismatchPin","$v":"Codurile PIN pe care le-ați introdus nu corespund"},{"$i":"emMmiErrorInvalidPin","$v":"Introduceți un PIN care are între 4 și 8 cifre"},{"$i":"emMmiErrorNeedsPuk","$v":"Cartela dvs. SIM este blocată cu codul PUK"},{"$i":"emMmiErrorEnablePin","$v":"Nereușit. Activași BLOCARE SIM/RUIM"},{"$i":"emMmiErrorMmiFdn","$v":"Operațiunea este restricț. numai la nr. permise pentru apelare"},{"$i":"emMmiErrorStkCcUssdDial","$v":"Cererea USSD este modificată în cerere APELARE"},{"$i":"emMmiErrorStkCcUssdSs","$v":"Cererea USSD este modificată în cerere SS"},{"$i":"emMmiErrorStkCcUssdUssd","$v":"Cererea USSD este modificată în cerere USSD nouă"},{"$i":"emMmiErrorStkCcSsDial","$v":"Cererea SS este modificată în cerere APELARE"},{"$i":"emMmiErrorStkCcSsUssd","$v":"Cererea SS este modificată în cerere USSD"},{"$i":"emMmiErrorStkCcSsSs","$v":"Cererea SS este modificată în cerere SS nouă"},{"$i":"emMmiErrorPinPukAttempts","$v":{"few":[{"t":"idOrVar","v":"n"}," reîncercări rămase"],"many":[{"t":"idOrVar","v":"n"}," reîncercări rămase"],"one":["Doar ",{"t":"idOrVar","v":"n"}," reîncercare rămasă."],"other":[{"t":"idOrVar","v":"n"}," reîncercări rămase"],"two":[{"t":"idOrVar","v":"n"}," reîncercări rămase"]},"$x":[{"t":"idOrVar","v":"plural"},"n"]},{"$i":"emMmiErrorSimBlocked","$v":"Numărul maxim al reintrărilor a fost depășit. SIM blocat"},{"$i":"RadioNotAvailable","$v":"Radio indisponibil"},{"$i":"GenericFailure","$v":"Eroare la efectuarea cererii."},{"$i":"PasswordIncorrect","$v":"Parolă greșită"},{"$i":"SimPin2","$v":"PIN2 SIM"},{"$i":"SimPuk2","$v":"PUK2 SIM"},{"$i":"RequestNotSupported","$v":"Cerere nesuportată"},{"$i":"OpNotAllowedDuringVoiceCall","$v":"Operațiunea nu este permisă în timpul apelului vocal"},{"$i":"SmsSendFailRetry","$v":"SMS send fail retry"},{"$i":"SimAbsent","$v":"SIM absent"},{"$i":"SubscriptionNotAvailable","$v":"Abonare indisponibilă"},{"$i":"ModeNotSupported","$v":"Mod nesuportat"},{"$i":"FdnCheckFailure","$v":"Verificare Fdn nereușită"},{"$i":"IllegalSimOrMe","$v":"SIM sau ME ilegal"},{"$i":"DialModifiedToUssd","$v":"Apelare modificată în USSD"},{"$i":"DialModifiedToSs","$v":"Apelare modificată în SS"},{"$i":"DialModifiedToDial","$v":"Apelare modificată în apelare"},{"$i":"UssdModifiedToDial","$v":"USSD modif. pentru apelare"},{"$i":"UssdModifiedToSs","$v":"USSD modificat pentru SS"},{"$i":"UssdModifiedToUssd","$v":"USSD modif. pentru USSD"},{"$i":"SsModifiedToDial","$v":"SS modificat pentru apelare"},{"$i":"SsModifiedToUssd","$v":"SS modificat pentru USSD"},{"$i":"SsModifiedToSs","$v":"SS modificat pentru SS"},{"$i":"SubscriptionNotSupported","$v":"Abonare nesuportată"},{"$i":"InvalidParameter","$v":"Parametru nevalid"},{"$i":"RejectedByRemote","$v":"Respins de la distanță"},{"$i":"error","$v":"Eroare"}]