[{"$i":"weekday-0-long","$v":"Niedziela"},{"$i":"weekday-1-long","$v":"Poniedziałek"},{"$i":"weekday-2-long","$v":"Wtorek"},{"$i":"weekday-3-long","$v":"Środa"},{"$i":"weekday-4-long","$v":"Czwartek"},{"$i":"weekday-5-long","$v":"Piątek"},{"$i":"weekday-6-long","$v":"Sobota"},{"$i":"weekday-0-short","$v":"Nd"},{"$i":"weekday-1-short","$v":"Pn"},{"$i":"weekday-2-short","$v":"Wt"},{"$i":"weekday-3-short","$v":"Śr"},{"$i":"weekday-4-short","$v":"Czw"},{"$i":"weekday-5-short","$v":"Pt"},{"$i":"weekday-6-short","$v":"Sob"},{"$i":"month-0-long","$v":"Styczeń"},{"$i":"month-1-long","$v":"Luty"},{"$i":"month-2-long","$v":"Marzec"},{"$i":"month-3-long","$v":"Kwiecień"},{"$i":"month-4-long","$v":"Maj"},{"$i":"month-5-long","$v":"Czerwiec"},{"$i":"month-6-long","$v":"Lipiec"},{"$i":"month-7-long","$v":"Sierpień"},{"$i":"month-8-long","$v":"Wrzesień"},{"$i":"month-9-long","$v":"Październik"},{"$i":"month-10-long","$v":"Listopad"},{"$i":"month-11-long","$v":"Grudzień"},{"$i":"month-0-genitive","$v":"Styczeń"},{"$i":"month-1-genitive","$v":"Luty"},{"$i":"month-2-genitive","$v":"Marzec"},{"$i":"month-3-genitive","$v":"Kwiecień"},{"$i":"month-4-genitive","$v":"Maj"},{"$i":"month-5-genitive","$v":"Czerwiec"},{"$i":"month-6-genitive","$v":"Lipiec"},{"$i":"month-7-genitive","$v":"Sierpień"},{"$i":"month-8-genitive","$v":"Wrzesień"},{"$i":"month-9-genitive","$v":"Październik"},{"$i":"month-10-genitive","$v":"Listopad"},{"$i":"month-11-genitive","$v":"Grudzień"},{"$i":"month-0-short","$v":"Sty"},{"$i":"month-1-short","$v":"Lut"},{"$i":"month-2-short","$v":"Mar"},{"$i":"month-3-short","$v":"Kwi"},{"$i":"month-4-short","$v":"Maj"},{"$i":"month-5-short","$v":"Cze"},{"$i":"month-6-short","$v":"Lip"},{"$i":"month-7-short","$v":"Sie"},{"$i":"month-8-short","$v":"Wrz"},{"$i":"month-9-short","$v":"Paź"},{"$i":"month-10-short","$v":"Lis"},{"$i":"month-11-short","$v":"Gru"},{"$i":"minutes-ago-long","$v":{"few":[{"t":"idOrVar","v":"value"}," minut(y) temu"],"many":[{"t":"idOrVar","v":"value"}," minut(y) temu"],"other":[{"t":"idOrVar","v":"value"}," minut"],"two":[{"t":"idOrVar","v":"value"}," minut(y) temu"],"one":"minutę temu","zero":"Przed chwilą"},"$x":[{"t":"idOrVar","v":"plural"},"value"]},{"$i":"hours-ago-long","$v":{"few":[{"t":"idOrVar","v":"value"}," godzin(y) temu"],"many":[{"t":"idOrVar","v":"value"}," godzin(y) temu"],"other":[{"t":"idOrVar","v":"value"}," godzin(y) temu"],"two":[{"t":"idOrVar","v":"value"}," godzin(y) temu"],"one":"godzinę temu","zero":"Przed chwilą"},"$x":[{"t":"idOrVar","v":"plural"},"value"]},{"$i":"days-ago-long","$v":{"few":[{"t":"idOrVar","v":"value"}," dni temu"],"many":[{"t":"idOrVar","v":"value"}," dni temu"],"one":"wczoraj","other":[{"t":"idOrVar","v":"value"}," dni temu"],"two":[{"t":"idOrVar","v":"value"}," dni temu"],"zero":"dzisiaj"},"$x":[{"t":"idOrVar","v":"plural"},"value"]},{"$i":"weeks-ago-long","$v":{"few":[{"t":"idOrVar","v":"value"}," tygodni(e) temu"],"many":[{"t":"idOrVar","v":"value"}," tygodni(e) temu"],"one":"w zeszłym tygodniu","other":[{"t":"idOrVar","v":"value"}," tygodni(e) temu"],"two":[{"t":"idOrVar","v":"value"}," tygodni(e) temu"],"zero":"w tym tygodniu"},"$x":[{"t":"idOrVar","v":"plural"},"value"]},{"$i":"months-ago-long","$v":{"few":[{"t":"idOrVar","v":"value"}," miesiące/miesięcy temu"],"many":[{"t":"idOrVar","v":"value"}," miesiące/miesięcy temu"],"one":"w zeszłym miesiącu","other":[{"t":"idOrVar","v":"value"}," miesiące/miesięcy temu"],"two":[{"t":"idOrVar","v":"value"}," miesiące/miesięcy temu"],"zero":"w tym miesiącu"},"$x":[{"t":"idOrVar","v":"plural"},"value"]},{"$i":"years-ago-long","$v":{"few":[{"t":"idOrVar","v":"value"}," lat(a) temu"],"many":[{"t":"idOrVar","v":"value"}," lat(a) temu"],"one":"w zeszłym roku","other":[{"t":"idOrVar","v":"value"}," lat(a) temu"],"two":[{"t":"idOrVar","v":"value"}," lat(a) temu"],"zero":"w tym roku"},"$x":[{"t":"idOrVar","v":"plural"},"value"]},{"$i":"minutes-until-long","$v":{"few":["za ",{"t":"idOrVar","v":"value"}," minut(y)"],"many":["za ",{"t":"idOrVar","v":"value"}," minut(y)"],"other":["za ",{"t":"idOrVar","v":"value"}," minut"],"two":["za ",{"t":"idOrVar","v":"value"}," minut(y)"],"zero":"teraz","one":"za minutę"},"$x":[{"t":"idOrVar","v":"plural"},"value"]},{"$i":"hours-until-long","$v":{"few":["za ",{"t":"idOrVar","v":"value"}," godzin(y)"],"many":["za ",{"t":"idOrVar","v":"value"}," godzin(y)"],"other":["za ",{"t":"idOrVar","v":"value"}," godzin"],"two":["za ",{"t":"idOrVar","v":"value"}," godzin(y)"],"zero":"teraz","one":"za godzinę"},"$x":[{"t":"idOrVar","v":"plural"},"value"]},{"$i":"days-until-long","$v":{"few":["za ",{"t":"idOrVar","v":"value"}," dni"],"many":["za ",{"t":"idOrVar","v":"value"}," dni"],"one":"jutro","other":["za ",{"t":"idOrVar","v":"value"}," dni"],"two":["za ",{"t":"idOrVar","v":"value"}," dni"],"zero":"dzisiaj"},"$x":[{"t":"idOrVar","v":"plural"},"value"]},{"$i":"weeks-until-long","$v":{"few":["za ",{"t":"idOrVar","v":"value"}," tygodni(e)"],"many":["za ",{"t":"idOrVar","v":"value"}," tygodni(e)"],"one":"w następnym tygodniu","other":["za ",{"t":"idOrVar","v":"value"}," tygodni(e)"],"two":["za ",{"t":"idOrVar","v":"value"}," tygodni(e)"],"zero":"w tym tygodniu"},"$x":[{"t":"idOrVar","v":"plural"},"value"]},{"$i":"months-until-long","$v":{"few":["za ",{"t":"idOrVar","v":"value"}," miesiące/miesięcy"],"many":["za ",{"t":"idOrVar","v":"value"}," miesiące/miesięcy"],"one":"w następnym miesiącu","other":["za ",{"t":"idOrVar","v":"value"}," miesiące/miesięcy"],"two":["za ",{"t":"idOrVar","v":"value"}," miesiące/miesięcy"],"zero":"w tym miesiącu"},"$x":[{"t":"idOrVar","v":"plural"},"value"]},{"$i":"years-until-long","$v":{"few":["za ",{"t":"idOrVar","v":"value"}," lat(a)"],"many":["za ",{"t":"idOrVar","v":"value"}," lat(a)"],"one":"w następnym roku","other":["za ",{"t":"idOrVar","v":"value"}," lat(a)"],"two":["za ",{"t":"idOrVar","v":"value"}," lat(a)"],"zero":"w tym roku"},"$x":[{"t":"idOrVar","v":"plural"},"value"]},{"$i":"minutes-ago-short","$v":{"other":[{"t":"idOrVar","v":"value"}," m temu"],"zero":"Przed chwilą"},"$x":[{"t":"idOrVar","v":"plural"},"value"]},{"$i":"hours-ago-short","$v":{"other":[{"t":"idOrVar","v":"value"}," g temu"],"zero":"Przed chwilą"},"$x":[{"t":"idOrVar","v":"plural"},"value"]},{"$i":"days-ago-short","$v":{"other":[{"t":"idOrVar","v":"value"}," d temu"],"zero":"dzisiaj"},"$x":[{"t":"idOrVar","v":"plural"},"value"]},{"$i":"minutes-until-short","$v":{"other":["za ",{"t":"idOrVar","v":"value"}," m"],"zero":"teraz"},"$x":[{"t":"idOrVar","v":"plural"},"value"]},{"$i":"hours-until-short","$v":{"other":["za ",{"t":"idOrVar","v":"value"}," g"],"zero":"teraz"},"$x":[{"t":"idOrVar","v":"plural"},"value"]},{"$i":"days-until-short","$v":{"other":["za ",{"t":"idOrVar","v":"value"}," d"],"zero":"dzisiaj"},"$x":[{"t":"idOrVar","v":"plural"},"value"]},{"$i":"incorrectDate","$v":"(nieprawidłowa data)"},{"$i":"dateTimeFormat_%c","$v":"%a %b %e %Y %I:%M:%S %p"},{"$i":"dateTimeFormat_%x","$v":"%m/%d/%Y"},{"$i":"dateTimeFormat_%X","$v":"%I:%M:%S %p"},{"$i":"shortTimeFormat","$v":"%I:%M %p"},{"$i":"shortTimeFormat12","$v":"%I:%M %p"},{"$i":"shortTimeFormat24","$v":"%H:%M"},{"$i":"shortDateTimeFormat","$v":"%x %I:%M %p"},{"$i":"weekStartsOnMonday","$v":"0.0"},{"$i":"firstDayOfTheWeek","$v":"1.0"},{"$i":"time_am","$v":"AM"},{"$i":"time_pm","$v":"PM"},{"$i":"airplaneMode","$v":"Tryb samolotowy"},{"$i":"searching","$v":"Wyszukiwanie…"},{"$i":"noNetwork","$v":"Brak sieci"},{"$i":"roaming","$v":[{"t":"idOrVar","v":"operator"}," (roaming)"]},{"$i":"operator-info","$v":[{"t":"idOrVar","v":"carrier"}," ",{"t":"idOrVar","v":"region"}]},{"$i":"emergencyCallsOnly","$v":"Tylko połączenia alarmowe"},{"$i":"emergencyCallsOnly-unknownSIMState","$v":"(nieznany stan karty SIM)"},{"$i":"emergencyCallsOnly-noSIM","$v":"(brak karty SIM)"},{"$i":"emergencyCallsOnly-pinRequired","$v":"(wymagane podanie kodu PIN do karty SIM)"},{"$i":"emergencyCallsOnly-pukRequired","$v":"(wymagane podanie kodu PUK do karty SIM)"},{"$i":"emergencyCallsOnly-networkLocked","$v":"(blokada sieci)"},{"$i":"emergencyCallsOnly-serviceProviderLocked","$v":"(blokada operatora)"},{"$i":"emergencyCallsOnly-corporateLocked","$v":"(blokada producenta)"},{"$i":"emergencyCallsOnly-network1Locked","$v":"(blokada sieci1)"},{"$i":"emergencyCallsOnly-network2Locked","$v":"(blokada sieci2)"},{"$i":"emergencyCallsOnly-hrpdNetworkLocked","$v":"(blokada sieci hrpd)"},{"$i":"emergencyCallsOnly-ruimCorporateLocked","$v":"(blokada producenta ruim)"},{"$i":"emergencyCallsOnly-ruimServiceProviderLocked","$v":"(blokada operatora ruim)"},{"$i":"lockscreen-sim-id","$v":["SIM ",{"t":"idOrVar","v":"n"}]},{"$i":"charging-no-time","$v":["Naładowano w ",{"t":"idOrVar","v":"level"},"%"]},{"$i":"charging-minutes","$v":{"few":["Naładowano w ",{"t":"idOrVar","v":"level"},"% (",{"t":"idOrVar","v":"minutes"}," min do pełnego naładowania)"],"many":["Naładowano w ",{"t":"idOrVar","v":"level"},"% (",{"t":"idOrVar","v":"minutes"}," min do pełnego naładowania)"],"one":["Naładowano w ",{"t":"idOrVar","v":"level"},"% (",{"t":"idOrVar","v":"minutes"}," min do pełnego naładowania)"],"other":["Naładowano w ",{"t":"idOrVar","v":"level"},"% (",{"t":"idOrVar","v":"minutes"}," min do pełnego naładowania)"],"two":["Naładowano w ",{"t":"idOrVar","v":"level"},"% (",{"t":"idOrVar","v":"minutes"}," min do pełnego naładowania)"],"zero":["Naładowano w ",{"t":"idOrVar","v":"level"},"% (",{"t":"idOrVar","v":"minutes"}," min do pełnego naładowania)"]},"$x":[{"t":"idOrVar","v":"plural"},"minutes"]},{"$i":"charging-hours","$v":{"few":["Naładowano w ",{"t":"idOrVar","v":"level"},"% (",{"t":"idOrVar","v":"hours"}," godz. ",{"t":"idOrVar","v":"minutes"}," min do pełnego naładowania)"],"many":["Naładowano w ",{"t":"idOrVar","v":"level"},"% (",{"t":"idOrVar","v":"hours"}," godz. ",{"t":"idOrVar","v":"minutes"}," min do pełnego naładowania)"],"one":["Naładowano w ",{"t":"idOrVar","v":"level"},"% (",{"t":"idOrVar","v":"hours"}," godz. ",{"t":"idOrVar","v":"minutes"}," min do pełnego naładowania)"],"other":["Naładowano w ",{"t":"idOrVar","v":"level"},"% (",{"t":"idOrVar","v":"hours"}," godz. ",{"t":"idOrVar","v":"minutes"}," min do pełnego naładowania)"],"two":["Naładowano w ",{"t":"idOrVar","v":"level"},"% (",{"t":"idOrVar","v":"hours"}," godz. ",{"t":"idOrVar","v":"minutes"}," min do pełnego naładowania)"],"zero":["Naładowano w ",{"t":"idOrVar","v":"level"},"% (",{"t":"idOrVar","v":"hours"}," godz. ",{"t":"idOrVar","v":"minutes"}," min do pełnego naładowania)"]},"$x":[{"t":"idOrVar","v":"plural"},"minutes"]},{"$i":"phoneNumberInput","ariaLabel":"Numer telefonu"},{"$i":"keypadDelete","ariaLabel":"Usuń"},{"$i":"voiceMailKey","ariaLabel":"Poczta głosowa"},{"$i":"asterisk","ariaLabel":"Gwiazdka"},{"$i":"hashSign","ariaLabel":"Krzyżyk"},{"$i":"cancel","$v":"Anuluj"},{"$i":"loadingSimContacts","$v":"Ładowanie kontaktów z karty SIM…"},{"$i":"noContactsWereFound","$v":"Nie znaleziono kontaktów"},{"$i":"noContactsFoundDialogOk","$v":"OK"},{"$i":"emergencyNumber","$v":"Numer alarmowy"},{"$i":"callAirplaneModeMessage","$v":"Aby móc wykonać połączenie, musisz wyłączyć tryb samolotowy w ustawieniach."},{"$i":"callAirplaneModeBtnOk","$v":"OK"},{"$i":"callAirplaneModeTitle","$v":"Włączono tryb samolotowy"},{"$i":"numberIsBusyTitle","$v":"Numer jest zajęty"},{"$i":"numberIsBusyMessage","$v":"Numer jest aktualnie zajęty. Spróbuj ponownie później."},{"$i":"fdnIsActiveTitle","$v":"Usługa FDN jest włączona"},{"$i":"fdnIsActiveMessage","$v":["Usługa FDN (ustalone numery) jest włączona, a następujący numer nie znajduje się na liście FDN: ",{"t":"idOrVar","v":"number"}]},{"$i":"emergencyDialogBodyBadNumber","$v":"Aby możliwe było wykonywanie połączeń, telefon musi być połączony z siecią."},{"$i":"emergencyDialogBodyDeviceNotAccepted","$v":"Sieć nie zezwala na połączenia alarmowe."},{"$i":"emergencyDialogBtnOk","$v":"OK"},{"$i":"emergencyDialogTitle","$v":"Brak połączenia z siecią"},{"$i":"invalidNumberToDialTitle","$v":"Nieprawidłowy numer telefonu"},{"$i":"invalidNumberToDialMessage","$v":"Wybrany numer telefonu nie jest prawidłowy."},{"$i":"unableToCallTitle","$v":"Nie można wykonać połączenia"},{"$i":"unableToCallMessage","$v":"Aktualnie nie można nawiązać połączenia głosowego."},{"$i":"otherConnectionInUseTitle","$v":"Inne łącze w użyciu"},{"$i":"otherConnectionInUseMessage","$v":"Masz aktywne połączenie na innym łączu. Nie możesz używać więcej niż jednego łącza."},{"$i":"connectingEllipsis","$v":"Łączenie..."},{"$i":"clear","$v":"Wyczyść"},{"$i":"dialer","$v":"Wybieranie numerów"},{"$i":"vt-incoming-call","$v":"Nadchodzące połączenie wideo..."},{"$i":"kai-incoming-call","$v":"Połączenie przychodzące"},{"$i":"kai-in-call","$v":"Trwa połączenie"},{"$i":"kai-answer","$v":"Odbierz"},{"$i":"kai-end-answer","$v":"Zakończ i odbierz"},{"$i":"kai-decline","$v":"Odrzuć"},{"$i":"enter-passcode","$v":"Wprowadź kod dostępu, aby odblokować ekran."},{"$i":"passcode-error","$v":"Nieprawidłowy kod. Spróbuj ponownie."},{"$i":"lockscreenInvalidCode","$v":"Nieprawidłowy kod."},{"$i":"lockscreenColdDown","$v":["Nieprawidłowy kod. Próba ",{"t":"idOrVar","v":"n"},"."]},{"$i":"lockscreenCheckLockCode","$v":{"few":["Nieprawidłowy kod. Pozostało prób: ",{"t":"idOrVar","v":"n"},"."],"one":["Nieprawidłowy kod. Pozostało prób: ",{"t":"idOrVar","v":"n"},"."],"other":["Nieprawidłowy kod. Pozostało prób: ",{"t":"idOrVar","v":"n"},"."],"two":["Nieprawidłowy kod. Pozostało prób: ",{"t":"idOrVar","v":"n"},"."]},"$x":[{"t":"idOrVar","v":"plural"},"n"]},{"$i":"videoCall","$v":"Połączenie wideo"},{"$i":"voice-call","$v":"Zmień na rozmowę głosową"},{"$i":"video-call","$v":"Zmień na połączenie wideo"},{"$i":"message","$v":"Wiadomość"},{"$i":"answer-rtt-call","$v":"Odpowiedź RTT"},{"$i":"req-rtt-call","$v":"ODP RTT"},{"$i":"rtt-call","$v":"Połączenie RTT"},{"$i":"rtt-view","$v":"Widok RTT"},{"$i":"change-to-rtt-call","$v":"Nawiązywanie połączenia RTT..."},{"$i":"change-to-voice-call","$v":"Przełączono na rozmowę głosową."},{"$i":"upgrading-rtt","$v":"Przełączanie na połączenie RTT..."},{"$i":"rtt-call-failed","$v":"Połączenie RTT nie powiodło się."},{"$i":"voice-call-failed","$v":"Połączenie głosowe nie powiodło się."},{"$i":"rtt","$v":"RTT"},{"$i":"rtt-emegency-upgrade-rejected","$v":"RTT nie jest dostępne dla tego połączenia z numerem alarmowym."},{"$i":"rtt-emegency-downgrade","$v":"RTT nie jest dostępne dla tego połączenia z numerem alarmowym. Połączenie zostanie zrealizowane jako połączenie głosowe. W razie trudności nawiąż połączenie głosowe lub połączenie przekazywane z numerem alarmowym."},{"$i":"voice-only-call","$v":"Twoje połączenie zostało zrealizowane jako połączenie głosowe."},{"$i":"ans-rtt-failed","$v":"Nie udało się nawiązać połączenia RTT. Nawiązane połączenie jest tylko połączeniem głosowym."},{"$i":"back","$v":"Wstecz"},{"$i":"new-message","$v":"Nowe wiadomości od"},{"$i":"kai-mute","$v":"Wycisz"},{"$i":"kai-unmute","$v":"Wyłącz wyciszenie"},{"$i":"kai-speaker","$v":"Głośnik"},{"$i":"kai-speaker-off","$v":"Głośnik wyłączony"},{"$i":"kai-microphone-mute-notification","$v":"Mikrofon wyciszony"},{"$i":"kai-microphone-active-notification","$v":"Mikrofon jest włączony"},{"$i":"kai-speaker-off-notification","$v":"Głośnik zewnętrzny jest wyłączony"},{"$i":"kai-speaker-on-notification","$v":"Głośnik zewnętrzny jest włączony"},{"$i":"kai-hold-and-answer","$v":"Wstrzymaj i odbierz"},{"$i":"kai-ignore-call","$v":"Zignoruj połączenie przychodzące"},{"$i":"kai-add-to-call","$v":"Dodaj połączenie"},{"$i":"kai-switch-to-second-line","$v":"Przełącz połączenie"},{"$i":"kai-merge-calls","$v":"Scal połączenie"},{"$i":"ok","$v":"Ok"},{"$i":"losing-wifi-msg","$v":"utrata połączenia z Wi-Fi"},{"$i":"personal","$v":"Osobiste"},{"$i":"mobile","$v":"Komórkowy"},{"$i":"home","$v":"Dom"},{"$i":"work","$v":"Praca"},{"$i":"other","$v":"Inny"},{"$i":"fax-home","$v":"Faks domowy"},{"$i":"fax-office","$v":"Faks służbowy"},{"$i":"fax-other","$v":"Inny faks"},{"$i":"hd","$v":"HD"},{"$i":"manage-call","$v":"Zarządzaj połączeniem"},{"$i":"end","$v":"Zakończ połączenie"},{"$i":"private","$v":"Prywatny"},{"$i":"sound","$v":"Dźwięk"},{"$i":"bluetooth-device","$v":"Urządzenie Bluetooth"},{"$i":"handset-earpiece","$v":"Telefon"},{"$i":"speaker","$v":"Głośnik"},{"$i":"call-ended","$v":"Połączenie zakończone"},{"$i":"payphone","$v":"Automat telefoniczny"},{"$i":"contact","$v":"Kontakty"},{"$i":"dialer-prompt","$v":"Wybierz numer lub kontakt, aby dodać do połączenia"},{"$i":"call","$v":"Połączenie"},{"$i":"hold","$v":"Wstrzymaj"},{"$i":"callHeldDuration","$v":["Wstrzymaj (",{"t":"idOrVar","v":"duration"},")"]},{"$i":"volume","$v":"Głośność"},{"$i":"softkey-options","$v":"Opcje"},{"$i":"unhold-call","$v":"Przerwij wstrzymanie połączenia"},{"$i":"hold-call","$v":"Wstrzymaj połączenia"},{"$i":"select","$v":"Wybierz"},{"$i":"unknown","$v":"Nieznany"},{"$i":"switch-calls","$v":"Przełącz połączenia"},{"$i":"voiceMail","$v":"Poczta głosowa"},{"$i":"incoming","$v":"Incoming"},{"$i":"outgoing","$v":"Wychodzące"},{"$i":"callEnded","$v":"Połączenie zakończone"},{"$i":"callEndedDuration","$v":["Zakończono połączenie (",{"t":"idOrVar","v":"duration"},")"]},{"$i":"conferenceAddError","$v":"Nie można scalić połączeń"},{"$i":"conferenceRemoveError","$v":"Nie można podzielić połączeń"},{"$i":"valid-number","$v":"Prawidłowy numer"},{"$i":"numberBlockedMessage","$v":"Numer jest zablokowany. Możesz poprosić rodziców o przydzielenie uprawnień."},{"$i":"callDurationMinutes","$v":[{"t":"idOrVar","v":"m"},":",{"t":"idOrVar","v":"s"}]},{"$i":"callDurationHours","$v":[{"t":"idOrVar","v":"h"},":",{"t":"idOrVar","v":"m"},":",{"t":"idOrVar","v":"s"}]},{"$i":"switch-to-device-toast","$v":"Przełączono na urządzenie Bluetooth"},{"$i":"switch-to-handset-toast","$v":"Przełączono na słuchawkę telefonu"},{"$i":"switch-to-speaker-toast","$v":"Przełączono na głośnik"},{"$i":"connecting","$v":"Łączenie"},{"$i":"wifi-call-quality-excellent","$v":"Doskonała"},{"$i":"wifi-call-quality-fair","$v":"Dostateczna"},{"$i":"wifi-call-quality-bad","$v":"Zła"},{"$i":"call-left-conference-toast","$v":"opuścił połączenie"},{"$i":"camera-off","$v":"Aparat wyłączony"},{"$i":"camera-on","$v":"Aparat włączony"},{"$i":"rear-camera","$v":"Aparat z tyłu telefonu"},{"$i":"front-camera","$v":"Aparat z przodu telefonu"},{"$i":"hide-info","$v":"Ukryj informacje"},{"$i":"show-info","$v":"Pokaż informacje"},{"$i":"video-call-rejected","$v":"Połączenie wideo zostało odrzucone. Zmień na rozmowę głosową."},{"$i":"video-call-not-support","$v":"Usługa połączenia wideo nie jest obsługiwana."},{"$i":"video-call-rejected-timeout","$v":"Przekroczono czas połączenia wideo lub połączenie odrzucone."},{"$i":"video-call-from","$v":["Odbieranie połączenia wideo od ",{"t":"idOrVar","v":"name"},"."]},{"$i":"video-call-canceled","$v":"Anulowano połączenie wideo."},{"$i":"video-call-failed","$v":"Połączenie wideo nie powiodło się."},{"$i":"call-downgraded","$v":"Zdegradowano połączenie."},{"$i":"wifi-calling","$v":"Rozmowy Wi-Fi"},{"$i":"wifi-calling-1","$v":"Połączenie może zostać przerwane."},{"$i":"wifi-calling-2","$v":"Znajdujesz się na granicy strefy zasięgu sieci Wi-Fi."},{"$i":"wifi-calling-dropped","$v":"Rozmowa Wi-Fi przerwana."},{"$i":"accept","$v":"Zaakceptuj"},{"$i":"conference-call-num","$v":["Osoby połączone: ",{"t":"idOrVar","v":"num"},"."]},{"$i":"more","$v":"Więcej"},{"$i":"rec","$v":"Nagrywaj"},{"$i":"start-recording-call","$v":"Rozpocznij nagrywanie połączenia."},{"$i":"stop-recording-call","$v":"Zatrzymaj nagrywanie połączenia."},{"$i":"insufficient-storage","$v":"Niewystarczająca ilość pamięci. Przerwano nagrywanie."},{"$i":"confirmation","$v":"Potwierdzenie"},{"$i":"get-empty-ussd","$v":"Otrzymano odpowiedź o wartości zerowej."},{"$i":"message-sent","$v":"Wiadomość wysłana."},{"$i":"messages","$v":"Wiadomości"},{"$i":"wait","$v":"Czekaj..."},{"$i":"send","$v":"Wyślij"},{"$i":"reply","$v":"Odpowiedz"},{"$i":"reply-message-1","$v":"Przepraszam, nie mogę teraz rozmawiać."},{"$i":"reply-message-2","$v":"Jestem w drodze."},{"$i":"reply-message-3","$v":"Czy mogę zadzwonić później?"},{"$i":"reply-message-4","$v":"Niestandardowy..."},{"$i":"reply-to-name","$v":["Wysłano odpowiedź do ",{"t":"idOrVar","v":"name"}]},{"$i":"call-busy-error","$v":"BusyError"},{"$i":"call-bad-number-error","$v":"BadNumberError"},{"$i":"call-no-route-to-destination-error","$v":"No route to destination."},{"$i":"call-channel-unacceptable-error","$v":"Channel unacceptable"},{"$i":"call-operator-determined-barring-error","$v":"Operator determined barring"},{"$i":"call-normal-call-clearing-error","$v":"LLAMADA TERMINADA"},{"$i":"call-no-user-responding-error","$v":"No user responding"},{"$i":"call-user-alerting-no-answer-error","$v":"User alerting, no answer  "},{"$i":"call-call-rejected-error","$v":"Call rejected"},{"$i":"call-number-changed-error","$v":"Number Changed "},{"$i":"call-pre-emption-error","$v":"Pre-emption"},{"$i":"call-destination-out-of-order-error","$v":"Destination out of order "},{"$i":"call-invalid-number-format-error","$v":"Invalid number format "},{"$i":"call-facility-rejected-error","$v":"Facility rejected "},{"$i":"call-response-to-status-enquiry-error","$v":"Response to "},{"$i":"call-unspecified-error","$v":"Normal, unspecified "},{"$i":"call-congestion-error","$v":"No circuit/channel available"},{"$i":"call-network-out-of-order-error","$v":"Network out of order  "},{"$i":"call-network-temp-failure-error","$v":"Temporary Failure"},{"$i":"call-switching-equip-congestion-error","$v":"Switching equipment congestion"},{"$i":"call-access-info-discarded-error","$v":"Access information discarded "},{"$i":"call-requested-channel-not-available-error","$v":"requested circuit/channel not available"},{"$i":"call-resource-unavailable-error","$v":"Resources unavailable, unspecified"},{"$i":"call-qos-unavailable-error","$v":"Quality of service unavailable"},{"$i":"call-requested-facility-not-subscribed-error","$v":"Requested facility not subscribed"},{"$i":"call-incoming-calls-barred-within-cug-error","$v":"Incoming calls barred within the CUG"},{"$i":"call-bearer-capability-not-authorized-error","$v":"Bearer capability not authorized"},{"$i":"call-bearer-capability-not-available-error","$v":"Bearer capability not presently available"},{"$i":"call-service-not-available-error","$v":"Service or option not available, unspecified"},{"$i":"call-bearer-not-implemented-error","$v":"Bearer service not implemented"},{"$i":"call-incoming-call-exceeded-error","$v":"ACM equal to greater than ACMmax"},{"$i":"call-requested-facility-not-implemented-error","$v":"Requested facility not implemented"},{"$i":"call-unrestricted-bearer-not-available-error","$v":"Only restricted digital information bearer capability is available"},{"$i":"call-service-not-implemented-error","$v":"Service or option not implemented, unspecified "},{"$i":"call-invalid-transaction-id-error","$v":"Invalid transaction identifier value  "},{"$i":"call-not-cug-member-error","$v":"User not member of CUG "},{"$i":"call-incompatible-destination-error","$v":"Incompatible destination  "},{"$i":"call-invalid-transit-network-selection-error","$v":"Invalid transit network selection"},{"$i":"call-semantically-incorrect-message-error","$v":"Semantically incorrect message "},{"$i":"call-invalid-mandatory-info-error","$v":"Invalid mandatory information"},{"$i":"call-message-type-not-implemented-error","$v":"Message type-non compatible with protocol state "},{"$i":"call-message-type-incompatible-protocol-state-error","$v":"Message type not compatible with protocol state  "},{"$i":"call-info-element-not-implemented-error","$v":"Information element nonexistent or not implemented "},{"$i":"call-conditionalIe-error","$v":"Conditional IE error"},{"$i":"call-message-incompatible-protocol-state-error","$v":"Message not compatible with protocol state"},{"$i":"call-recovery-on-timer-expiry-error","$v":"Recovery on timer expiry "},{"$i":"call-protocol-error","$v":"Protocol Error, unspecified "},{"$i":"call-interworking-error","$v":"Interworking, unspecified "},{"$i":"call-service-option-not-subscribed-error","$v":"SIN SUBSCRIPCION AL SERVICIO -33-"},{"$i":"call-unknown-pdp-address-type-error","$v":"FALLA DE AUTENTICACION -29-"},{"$i":"mt-call-on-hold","$v":"Wstrzymano połączenie."},{"$i":"mt-call_retrieved","$v":"Przywrócono połączenie."},{"$i":"mt-multi_party_call","$v":"Dodano Cię do połączenia konferencyjnego."},{"$i":"hangup-a11y-button","$v":""},{"$i":"pickup-a11y-button","$v":""},{"$i":"mute","$v":""},{"$i":"toggleKeypad","$v":""},{"$i":"newCall","$v":""},{"$i":"speakerOption","$v":""},{"$i":"bluetoothOption","$v":""},{"$i":"onHoldOption","$v":""},{"$i":"merge","$v":""},{"$i":"ignore","$v":""},{"$i":"dialerAddContact","$v":""},{"$i":"makeCall","$v":""},{"$i":"call-forwarding-async","$v":["Asynchr.: ",{"t":"idOrVar","v":"async"}]},{"$i":"call-forwarding-data","$v":["Dane: ",{"t":"idOrVar","v":"data"}]},{"$i":"call-forwarding-error","$v":"Podczas pobierania stanu przekierowania połączeń wystąpił błąd"},{"$i":"call-forwarding-fax","$v":["FAKS: ",{"t":"idOrVar","v":"fax"}]},{"$i":"call-forwarding-inactive","$v":"Nieaktywne"},{"$i":"call-forwarding-packet","$v":["Pakiet: ",{"t":"idOrVar","v":"packet"}]},{"$i":"call-forwarding-pad","$v":["PAD: ",{"t":"idOrVar","v":"pad"}]},{"$i":"call-forwarding-sms","$v":["SMS: ",{"t":"idOrVar","v":"sms"}]},{"$i":"call-forwarding-status","$v":"Status przekierowania połączeń"},{"$i":"call-forwarding-sync","$v":["Synchr.: ",{"t":"idOrVar","v":"sync"}]},{"$i":"call-forwarding-voice","$v":["Głos: ",{"t":"idOrVar","v":"voice"}]},{"$i":"call-forwarding-reason","$v":["Reason: ",{"t":"idOrVar","v":"reason"}]},{"$i":"scCallBarring","$v":"Blokada połączeń"},{"$i":"scCallForwarding","$v":"Przekierowanie połączeń"},{"$i":"scClip","$v":"Identyfikator połączenia przychodzącego"},{"$i":"scClir","$v":"Identyfikator połączenia wychodzącego"},{"$i":"scPwd","$v":"Zmiana hasła"},{"$i":"scCallWaiting","$v":"Połączenia oczekujące"},{"$i":"scPin","$v":"Zmiana kodu PIN"},{"$i":"scPin2","$v":"Zmiana kodu PIN2"},{"$i":"scPuk","$v":"Odblokuj PIN"},{"$i":"scPuk2","$v":"Odblokuj PIN2"},{"$i":"scImei","$v":"IMEI"},{"$i":"scMeid","$v":"MEID"},{"$i":"scUssd","$v":"USSD"},{"$i":"serviceClassVoice","$v":"Głos"},{"$i":"serviceClassData","$v":"Dane"},{"$i":"serviceClassFax","$v":"FAKS"},{"$i":"serviceClassSms","$v":"SMS"},{"$i":"serviceClassDataSync","$v":"Synchr."},{"$i":"serviceClassDataAsync","$v":"Asynchr."},{"$i":"serviceClassPacket","$v":"Pakiet"},{"$i":"serviceClassPad","$v":"PAD"},{"$i":"smServiceEnabled","$v":"Usługa została włączona"},{"$i":"smServiceDisabled","$v":"Usługa została wyłączona"},{"$i":"smServiceRegistered","$v":"Rejestracja zakończona powodzeniem"},{"$i":"smServiceErased","$v":"Kasowanie zakończone powodzeniem"},{"$i":"smServiceInterrogated","$v":"Żądanie zakończone powodzeniem"},{"$i":"smServiceNotProvisioned","$v":"Usługa nie jest dostarczana"},{"$i":"smClirPermanent","$v":"Nie możesz zmienić ustawienia identyfikatora rozmówcy"},{"$i":"smClirDefaultOnNextCallOn","$v":"Identyfikator rozmówcy ustawiony jest domyślnie na „zastrzeżony”. Następne połączenie: zastrzeżony"},{"$i":"smClirDefaultOnNextCallOff","$v":"Identyfikator rozmówcy ustawiony jest domyślnie na „zastrzeżony”. Następne połączenie: nie zastrzeżony"},{"$i":"smClirDefaultOffNextCallOn","$v":"Identyfikator rozmówcy ustawiony jest domyślnie na „nie zastrzeżony”. Następne połączenie: zastrzeżony"},{"$i":"smClirDefaultOffNextCallOff","$v":"Identyfikator rozmówcy ustawiony jest domyślnie na „nie zastrzeżony”. Następne połączenie: nie zastrzeżony"},{"$i":"smServiceEnabledFor","$v":"Usługa została włączona dla:"},{"$i":"smPinChanged","$v":"Pomyślnie zmieniono PIN"},{"$i":"smPinUnblocked","$v":"Pomyślnie odblokowano PIN"},{"$i":"smPin2Changed","$v":"Pomyślnie zmieniono PIN2"},{"$i":"smPin2Unblocked","$v":"Pomyślnie odblokowano PIN2"},{"$i":"ServiceIsEnabled","$v":"Usługa włączona"},{"$i":"ServiceIsDisabled","$v":"Usługa wyłączona"},{"$i":"ServiceIsEnabledFor","$v":"Usługa jest włączona dla:"},{"$i":"emMmiError","$v":"Problem z połączeniem lub nieprawidłowy kod MMI"},{"$i":"emMmiErrorPasswordIncorrect","$v":"Nieprawidłowe hasło"},{"$i":"emMmiErrorNotSupported","$v":"Nieprawidłowy lub nieobsługiwany kod MMI"},{"$i":"emMmiErrorInvalidAction","$v":"Nieprawidłowa czynność"},{"$i":"emMmiErrorInvalidScCode","$v":"Nieprawidłowy kod usługi"},{"$i":"emMmiErrorBadPuk","$v":"Wpisany PUK jest nieprawidłowy"},{"$i":"emMmiErrorBadPin","$v":"Wpisany stary PIN jest nieprawidłowy."},{"$i":"emMmiErrorNeedPuk2","$v":"Wprowadź kod PUK2, aby odblokować kartę SIM"},{"$i":"emMmiErrorMismatchPin","$v":"Wprowadzone kody PIN nie są zgodne"},{"$i":"emMmiErrorInvalidPin","$v":"Wpisz PIN składający się z od 4 do 8 cyfr"},{"$i":"emMmiErrorNeedsPuk","$v":"Karta SIM jest zablokowana kodem PUK"},{"$i":"emMmiErrorEnablePin","$v":"Niepowodzenie. Włącz blokadę SIM/RUIM"},{"$i":"emMmiErrorMmiFdn","$v":"Tę operację można wykonać wyłącznie w przypadku ustalonych numerów"},{"$i":"emMmiErrorStkCcUssdDial","$v":"Żądanie USSD zostało zmienione na żądanie DIAL"},{"$i":"emMmiErrorStkCcUssdSs","$v":"Żądanie USSD zostało zmienione na żądanie SS"},{"$i":"emMmiErrorStkCcUssdUssd","$v":"Żądanie USSD zostało zmienione na nowe żądanie USSD"},{"$i":"emMmiErrorStkCcSsDial","$v":"Żądanie SS zostało zmienione na żądanie DIAL"},{"$i":"emMmiErrorStkCcSsUssd","$v":"Żądanie SS zostało zmienione na żądanie USSD"},{"$i":"emMmiErrorStkCcSsSs","$v":"Żądanie SS zostało zmienione na nowe żądanie SS"},{"$i":"emMmiErrorPinPukAttempts","$v":{"few":["Pozostało prób: ",{"t":"idOrVar","v":"n"}],"many":["Pozostało prób: ",{"t":"idOrVar","v":"n"}],"one":["Pozostała tylko ",{"t":"idOrVar","v":"n"}," próba"],"other":["Pozostało prób: ",{"t":"idOrVar","v":"n"}],"two":["Pozostało prób: ",{"t":"idOrVar","v":"n"}]},"$x":[{"t":"idOrVar","v":"plural"},"n"]},{"$i":"emMmiErrorSimBlocked","$v":"Przekroczono maksymalną liczbę prób. Karta SIM jest zablokowana"},{"$i":"RadioNotAvailable","$v":"Radio not available"},{"$i":"GenericFailure","$v":"Błąd podczas wykonywania żądania."},{"$i":"PasswordIncorrect","$v":"Nieprawidłowe hasło"},{"$i":"SimPin2","$v":"Kod PIN2 karty SIM"},{"$i":"SimPuk2","$v":"Kod PUK2 karty SIM"},{"$i":"RequestNotSupported","$v":"Nieobsługiwane żądanie"},{"$i":"OpNotAllowedDuringVoiceCall","$v":"Ta operacja nie jest dozwolona podczas połączenia głosowego"},{"$i":"SmsSendFailRetry","$v":"Błąd wysyłania SMS, ponowna próba"},{"$i":"SimAbsent","$v":"Brak karty SIM"},{"$i":"SubscriptionNotAvailable","$v":"Subskrypcja niedostępna"},{"$i":"ModeNotSupported","$v":"Tryb nie jest obsługiwany"},{"$i":"FdnCheckFailure","$v":"Błąd kontroli FDN"},{"$i":"IllegalSimOrMe","$v":"Niedozwolone SIM lub ME"},{"$i":"DialModifiedToUssd","$v":"DIAL zostało zmodyfikowane na USSD"},{"$i":"DialModifiedToSs","$v":"DIAL zostało zmodyfikowane na SS"},{"$i":"DialModifiedToDial","$v":"DIAL zostało zmodyfikowane na DIAL"},{"$i":"UssdModifiedToDial","$v":"USSD zostało zmodyfikowane na DIAL"},{"$i":"UssdModifiedToSs","$v":"USSD zostało zmodyfikowane na SS"},{"$i":"UssdModifiedToUssd","$v":"USSD zostało zmodyfikowane na USSD"},{"$i":"SsModifiedToDial","$v":"SS zostało zmodyfikowane na DIAL"},{"$i":"SsModifiedToUssd","$v":"SS zostało zmodyfikowane na USSD"},{"$i":"SsModifiedToSs","$v":"SS zostało zmodyfikowane na SS"},{"$i":"SubscriptionNotSupported","$v":"Subskrypcja nieobsługiwana"},{"$i":"InvalidParameter","$v":"Nieprawidłowy parametr"},{"$i":"RejectedByRemote","$v":"Odrzucono zdalnie"},{"$i":"error","$v":"Błąd"}]