[{"$i":"weekday-0-long","$v":"Duminică"},{"$i":"weekday-1-long","$v":"Luni"},{"$i":"weekday-2-long","$v":"Marți"},{"$i":"weekday-3-long","$v":"Miercuri"},{"$i":"weekday-4-long","$v":"Joi"},{"$i":"weekday-5-long","$v":"Vineri"},{"$i":"weekday-6-long","$v":"Sâmbătă"},{"$i":"weekday-0-short","$v":"Dum"},{"$i":"weekday-1-short","$v":"Lun"},{"$i":"weekday-2-short","$v":"Mar"},{"$i":"weekday-3-short","$v":"Mie"},{"$i":"weekday-4-short","$v":"Joi"},{"$i":"weekday-5-short","$v":"Vin"},{"$i":"weekday-6-short","$v":"Sâm"},{"$i":"month-0-long","$v":"Ianuarie"},{"$i":"month-1-long","$v":"Februarie"},{"$i":"month-2-long","$v":"Martie"},{"$i":"month-3-long","$v":"Aprilie"},{"$i":"month-4-long","$v":"Mai"},{"$i":"month-5-long","$v":"Iunie"},{"$i":"month-6-long","$v":"Iulie"},{"$i":"month-7-long","$v":"August"},{"$i":"month-8-long","$v":"Septembrie"},{"$i":"month-9-long","$v":"Octombrie"},{"$i":"month-10-long","$v":"Noiembrie"},{"$i":"month-11-long","$v":"Decembrie"},{"$i":"month-0-genitive","$v":"Ianuarie"},{"$i":"month-1-genitive","$v":"Februarie"},{"$i":"month-2-genitive","$v":"Martie"},{"$i":"month-3-genitive","$v":"Aprilie"},{"$i":"month-4-genitive","$v":"Mai"},{"$i":"month-5-genitive","$v":"Iunie"},{"$i":"month-6-genitive","$v":"Iulie"},{"$i":"month-7-genitive","$v":"August"},{"$i":"month-8-genitive","$v":"Septembrie"},{"$i":"month-9-genitive","$v":"Octombrie"},{"$i":"month-10-genitive","$v":"Noiembrie"},{"$i":"month-11-genitive","$v":"Decembrie"},{"$i":"month-0-short","$v":"Ian"},{"$i":"month-1-short","$v":"Feb"},{"$i":"month-2-short","$v":"Mar"},{"$i":"month-3-short","$v":"Apr"},{"$i":"month-4-short","$v":"Mai"},{"$i":"month-5-short","$v":"Iun"},{"$i":"month-6-short","$v":"Iul"},{"$i":"month-7-short","$v":"Aug"},{"$i":"month-8-short","$v":"Sep"},{"$i":"month-9-short","$v":"Oct"},{"$i":"month-10-short","$v":"Nov"},{"$i":"month-11-short","$v":"Dec"},{"$i":"minutes-ago-long","$v":{"few":["în urmă cu ",{"t":"idOrVar","v":"value"}," minute"],"many":["în urmă cu ",{"t":"idOrVar","v":"value"}," minute"],"other":["în urmă cu ",{"t":"idOrVar","v":"value"}," minute"],"two":["în urmă cu ",{"t":"idOrVar","v":"value"}," minute"],"one":"în urmă cu un minut","zero":"Chiar acum"},"$x":[{"t":"idOrVar","v":"plural"},"value"]},{"$i":"hours-ago-long","$v":{"few":["în urmă cu ",{"t":"idOrVar","v":"value"}," ore"],"many":["în urmă cu ",{"t":"idOrVar","v":"value"}," ore"],"other":["în urmă cu ",{"t":"idOrVar","v":"value"}," ore"],"two":["în urmă cu ",{"t":"idOrVar","v":"value"}," ore"],"one":"în urmă cu o oră","zero":"Chiar acum"},"$x":[{"t":"idOrVar","v":"plural"},"value"]},{"$i":"days-ago-long","$v":{"few":["În urmă cu ",{"t":"idOrVar","v":"value"}," zile"],"many":["În urmă cu ",{"t":"idOrVar","v":"value"}," zile"],"one":"ieri","other":["În urmă cu ",{"t":"idOrVar","v":"value"}," zile"],"two":["În urmă cu ",{"t":"idOrVar","v":"value"}," zile"],"zero":"astăzi"},"$x":[{"t":"idOrVar","v":"plural"},"value"]},{"$i":"weeks-ago-long","$v":{"few":["în urmă cu ",{"t":"idOrVar","v":"value"}," săptămâni"],"many":["în urmă cu ",{"t":"idOrVar","v":"value"}," săptămâni"],"one":"săptămâna trecută","other":["în urmă cu ",{"t":"idOrVar","v":"value"}," săptămâni"],"two":["în urmă cu ",{"t":"idOrVar","v":"value"}," săptămâni"],"zero":"săptămâna aceasta"},"$x":[{"t":"idOrVar","v":"plural"},"value"]},{"$i":"months-ago-long","$v":{"few":["în urmă cu ",{"t":"idOrVar","v":"value"}," luni"],"many":["în urmă cu ",{"t":"idOrVar","v":"value"}," luni"],"one":"luna trecută","other":["în urmă cu ",{"t":"idOrVar","v":"value"}," luni"],"two":["în urmă cu ",{"t":"idOrVar","v":"value"}," luni"],"zero":"această lună"},"$x":[{"t":"idOrVar","v":"plural"},"value"]},{"$i":"years-ago-long","$v":{"few":["în urmă cu ",{"t":"idOrVar","v":"value"}," ani"],"many":["în urmă cu ",{"t":"idOrVar","v":"value"}," ani"],"one":"anul trecut","other":["în urmă cu ",{"t":"idOrVar","v":"value"}," ani"],"two":["în urmă cu ",{"t":"idOrVar","v":"value"}," ani"],"zero":"anul acesta"},"$x":[{"t":"idOrVar","v":"plural"},"value"]},{"$i":"minutes-until-long","$v":{"few":["peste ",{"t":"idOrVar","v":"value"}," minute"],"many":["peste ",{"t":"idOrVar","v":"value"}," minute"],"other":["peste ",{"t":"idOrVar","v":"value"}," minute"],"two":["peste ",{"t":"idOrVar","v":"value"}," minute"],"zero":"acum","one":"peste un minut"},"$x":[{"t":"idOrVar","v":"plural"},"value"]},{"$i":"hours-until-long","$v":{"few":["peste ",{"t":"idOrVar","v":"value"}," ore"],"many":["peste ",{"t":"idOrVar","v":"value"}," ore"],"other":["peste ",{"t":"idOrVar","v":"value"}," ore"],"two":["peste ",{"t":"idOrVar","v":"value"}," ore"],"zero":"acum","one":"peste o oră"},"$x":[{"t":"idOrVar","v":"plural"},"value"]},{"$i":"days-until-long","$v":{"few":["peste ",{"t":"idOrVar","v":"value"}," zile"],"many":["peste ",{"t":"idOrVar","v":"value"}," zile"],"one":"mâine","other":["peste ",{"t":"idOrVar","v":"value"}," zile"],"two":["peste ",{"t":"idOrVar","v":"value"}," zile"],"zero":"astăzi"},"$x":[{"t":"idOrVar","v":"plural"},"value"]},{"$i":"weeks-until-long","$v":{"few":["peste ",{"t":"idOrVar","v":"value"}," săptămâni"],"many":["peste ",{"t":"idOrVar","v":"value"}," săptămâni"],"one":"săptămâna viitoare","other":["peste ",{"t":"idOrVar","v":"value"}," săptămâni"],"two":["peste ",{"t":"idOrVar","v":"value"}," săptămâni"],"zero":"săptămâna aceasta"},"$x":[{"t":"idOrVar","v":"plural"},"value"]},{"$i":"months-until-long","$v":{"few":["peste ",{"t":"idOrVar","v":"value"}," luni"],"many":["peste ",{"t":"idOrVar","v":"value"}," luni"],"one":"luna următoare","other":["peste ",{"t":"idOrVar","v":"value"}," luni"],"two":["peste ",{"t":"idOrVar","v":"value"}," luni"],"zero":"această lună"},"$x":[{"t":"idOrVar","v":"plural"},"value"]},{"$i":"years-until-long","$v":{"few":["peste ",{"t":"idOrVar","v":"value"}," ani"],"many":["peste ",{"t":"idOrVar","v":"value"}," ani"],"one":"anul viitor","other":["peste ",{"t":"idOrVar","v":"value"}," ani"],"two":["peste ",{"t":"idOrVar","v":"value"}," ani"],"zero":"anul acesta"},"$x":[{"t":"idOrVar","v":"plural"},"value"]},{"$i":"minutes-ago-short","$v":{"other":["în urmă cu ",{"t":"idOrVar","v":"value"}," m"],"zero":"Chiar acum"},"$x":[{"t":"idOrVar","v":"plural"},"value"]},{"$i":"hours-ago-short","$v":{"other":["în urmă cu ",{"t":"idOrVar","v":"value"}," h"],"zero":"Chiar acum"},"$x":[{"t":"idOrVar","v":"plural"},"value"]},{"$i":"days-ago-short","$v":{"other":["În urmă cu ",{"t":"idOrVar","v":"value"}," z"],"zero":"astăzi"},"$x":[{"t":"idOrVar","v":"plural"},"value"]},{"$i":"minutes-until-short","$v":{"other":["peste ",{"t":"idOrVar","v":"value"}," m"],"zero":"acum"},"$x":[{"t":"idOrVar","v":"plural"},"value"]},{"$i":"hours-until-short","$v":{"other":["peste ",{"t":"idOrVar","v":"value"}," h"],"zero":"acum"},"$x":[{"t":"idOrVar","v":"plural"},"value"]},{"$i":"days-until-short","$v":{"other":["peste ",{"t":"idOrVar","v":"value"}," z"],"zero":"astăzi"},"$x":[{"t":"idOrVar","v":"plural"},"value"]},{"$i":"incorrectDate","$v":"(dată incorectă)"},{"$i":"dateTimeFormat_%c","$v":"%a %b %e %Y %I:%M:%S %p"},{"$i":"dateTimeFormat_%x","$v":"%m/%d/%Y"},{"$i":"dateTimeFormat_%X","$v":"%I:%M:%S %p"},{"$i":"shortTimeFormat","$v":"%I:%M %p"},{"$i":"shortTimeFormat12","$v":"%I:%M %p"},{"$i":"shortTimeFormat24","$v":"%H:%M"},{"$i":"shortDateTimeFormat","$v":"%x %I:%M %p"},{"$i":"weekStartsOnMonday","$v":"0.0"},{"$i":"firstDayOfTheWeek","$v":"1.0"},{"$i":"time_am","$v":"AM"},{"$i":"time_pm","$v":"PM"},{"$i":"airplaneMode","$v":"Mod Avion"},{"$i":"searching","$v":"Se caută..."},{"$i":"noNetwork","$v":"Nicio rețea"},{"$i":"roaming","$v":[{"t":"idOrVar","v":"operator"}," (Roaming)"]},{"$i":"operator-info","$v":[{"t":"idOrVar","v":"carrier"}," ",{"t":"idOrVar","v":"region"}]},{"$i":"emergencyCallsOnly","$v":"Numai apeluri de urgență"},{"$i":"emergencyCallsOnly-unknownSIMState","$v":"(stare SIM necunoscută)"},{"$i":"emergencyCallsOnly-noSIM","$v":"(nu există SIM)"},{"$i":"emergencyCallsOnly-pinRequired","$v":"(cod PIN SIM obligatoriu)"},{"$i":"emergencyCallsOnly-pukRequired","$v":"(cod PUK SIM obligatoriu)"},{"$i":"emergencyCallsOnly-networkLocked","$v":"(rețea blocată)"},{"$i":"emergencyCallsOnly-serviceProviderLocked","$v":"(blocat de furnizorul de servicii)"},{"$i":"emergencyCallsOnly-corporateLocked","$v":"(blocat de corporație)"},{"$i":"emergencyCallsOnly-network1Locked","$v":"(rețeaua 1 este blocată)"},{"$i":"emergencyCallsOnly-network2Locked","$v":"(rețeaua 2 este blocată)"},{"$i":"emergencyCallsOnly-hrpdNetworkLocked","$v":"(rețeaua HRDP este blocată)"},{"$i":"emergencyCallsOnly-ruimCorporateLocked","$v":"(codul RUIM  este blocat de corporație)"},{"$i":"emergencyCallsOnly-ruimServiceProviderLocked","$v":"(codul RUIM este blocat de furnizorul de servicii)"},{"$i":"lockscreen-sim-id","$v":["SIM ",{"t":"idOrVar","v":"n"}]},{"$i":"charging-no-time","$v":[{"t":"idOrVar","v":"level"},"% încărcat"]},{"$i":"charging-minutes","$v":{"few":[{"t":"idOrVar","v":"level"},"% încărcat (",{"t":"idOrVar","v":"minutes"}," min. până la încărcarea completă)"],"many":[{"t":"idOrVar","v":"level"},"% încărcat (",{"t":"idOrVar","v":"minutes"}," min. până la încărcarea completă)"],"one":[{"t":"idOrVar","v":"level"},"% încărcat (",{"t":"idOrVar","v":"minutes"}," min. până la încărcarea completă)"],"other":[{"t":"idOrVar","v":"level"},"% încărcat (",{"t":"idOrVar","v":"minutes"}," min. până la încărcarea completă)"],"two":[{"t":"idOrVar","v":"level"},"% încărcat (",{"t":"idOrVar","v":"minutes"}," min. până la încărcarea completă)"],"zero":[{"t":"idOrVar","v":"level"},"% încărcat (",{"t":"idOrVar","v":"minutes"}," min. până la încărcarea completă)"]},"$x":[{"t":"idOrVar","v":"plural"},"minutes"]},{"$i":"charging-hours","$v":{"few":[{"t":"idOrVar","v":"level"},"% încărcat (",{"t":"idOrVar","v":"hours"},"h ",{"t":"idOrVar","v":"minutes"}," min. până la încărcarea completă)"],"many":[{"t":"idOrVar","v":"level"},"% încărcat (",{"t":"idOrVar","v":"hours"},"h ",{"t":"idOrVar","v":"minutes"}," min. până la încărcarea completă)"],"one":[{"t":"idOrVar","v":"level"},"% încărcat (",{"t":"idOrVar","v":"hours"},"h ",{"t":"idOrVar","v":"minutes"}," min. până la încărcarea completă)"],"other":[{"t":"idOrVar","v":"level"},"% încărcat (",{"t":"idOrVar","v":"hours"},"h ",{"t":"idOrVar","v":"minutes"}," min. până la încărcarea completă)"],"two":[{"t":"idOrVar","v":"level"},"% încărcat (",{"t":"idOrVar","v":"hours"},"h ",{"t":"idOrVar","v":"minutes"}," min. până la încărcarea completă)"],"zero":[{"t":"idOrVar","v":"level"},"% încărcat (",{"t":"idOrVar","v":"hours"},"h ",{"t":"idOrVar","v":"minutes"}," min. până la încărcarea completă)"]},"$x":[{"t":"idOrVar","v":"plural"},"minutes"]},{"$i":"phoneNumberInput","ariaLabel":"Număr de telefon"},{"$i":"keypadDelete","ariaLabel":"Ștergere"},{"$i":"voiceMailKey","ariaLabel":"Mesagerie vocală"},{"$i":"asterisk","ariaLabel":"Asterisc"},{"$i":"hashSign","ariaLabel":"Semnul diez"},{"$i":"cancel","$v":"Anulare"},{"$i":"loadingSimContacts","$v":"Încărcare contacte de pe cartela SIM în curs..."},{"$i":"noContactsWereFound","$v":"Nu au fost găsite contacte"},{"$i":"noContactsFoundDialogOk","$v":"OK"},{"$i":"emergencyNumber","$v":"Număr de urgență"},{"$i":"callAirplaneModeMessage","$v":"Pentru a efectua un apel, trebuie să dezactivați modul avion, din Setări."},{"$i":"callAirplaneModeBtnOk","$v":"OK"},{"$i":"callAirplaneModeTitle","$v":"Mod avion activat"},{"$i":"numberIsBusyTitle","$v":"Numărul este ocupat"},{"$i":"numberIsBusyMessage","$v":"Numărul este momentan ocupat. Încercați din nou mai târziu."},{"$i":"fdnIsActiveTitle","$v":"Funcție FDN activă"},{"$i":"fdnIsActiveMessage","$v":["Funcția FDN (Fixed Dialing Numbers - Numere de apelare fixă) este activată, iar numărul următor nu se află pe lista FDN: ",{"t":"idOrVar","v":"number"}]},{"$i":"emergencyDialogBodyBadNumber","$v":"Pentru a efectua un apel, telefonul trebuie să fie conectat la o rețea."},{"$i":"emergencyDialogBodyDeviceNotAccepted","$v":"Apelurile de urgență nu sunt permise de rețea."},{"$i":"emergencyDialogBtnOk","$v":"OK"},{"$i":"emergencyDialogTitle","$v":"Nu există conexiune la rețea"},{"$i":"invalidNumberToDialTitle","$v":"Număr de telefon incorect"},{"$i":"invalidNumberToDialMessage","$v":"Numărul de telefon pe care îl apelați nu este corect."},{"$i":"unableToCallTitle","$v":"Nu se pot efectua apeluri"},{"$i":"unableToCallMessage","$v":"Nu este posibilă efectuarea unui apel acum."},{"$i":"otherConnectionInUseTitle","$v":"Altă conexiune este în curs de utilizare"},{"$i":"otherConnectionInUseMessage","$v":"Aveți un apel activ într-o altă conexiune. Puteți utiliza o singură conexiune odată."},{"$i":"connectingEllipsis","$v":"Se conectează..."},{"$i":"clear","$v":"Ștergere"},{"$i":"dialer","$v":"Tastatură numerică"},{"$i":"vt-incoming-call","$v":"Apel video în primire..."},{"$i":"kai-incoming-call","$v":"Apel primit"},{"$i":"kai-in-call","$v":"În apelare"},{"$i":"kai-answer","$v":"Preluare"},{"$i":"kai-end-answer","$v":"Încheiere și preluare"},{"$i":"kai-decline","$v":"Respingere"},{"$i":"enter-passcode","$v":"Introduceți parola pentru a debloca ecranul."},{"$i":"passcode-error","$v":"Cod incorect. Încercați din nou."},{"$i":"lockscreenInvalidCode","$v":"Cod nevalid."},{"$i":"lockscreenColdDown","$v":["Cod nevalid. Încercați în ",{"t":"idOrVar","v":"n"},"."]},{"$i":"lockscreenCheckLockCode","$v":{"few":["Cod nevalid. ",{"t":"idOrVar","v":"n"}," încercări rămase."],"one":["Cod nevalid. ",{"t":"idOrVar","v":"n"}," încercare rămasă."],"other":["Cod nevalid. ",{"t":"idOrVar","v":"n"}," încercări rămase."],"two":["Cod nevalid. ",{"t":"idOrVar","v":"n"}," încercări rămase."]},"$x":[{"t":"idOrVar","v":"plural"},"n"]},{"$i":"videoCall","$v":"Apel video"},{"$i":"voice-call","$v":"Comutare la apel vocal"},{"$i":"video-call","$v":"Comutare la apel video"},{"$i":"message","$v":"Mesaj"},{"$i":"answer-rtt-call","$v":"RTT răspuns"},{"$i":"req-rtt-call","$v":"RTT RĂSPUNS"},{"$i":"rtt-call","$v":"Apel RTT"},{"$i":"rtt-view","$v":"Afișare RTT"},{"$i":"change-to-rtt-call","$v":"Se conectează apelul RTT..."},{"$i":"change-to-voice-call","$v":"S-a trecut la apel vocal."},{"$i":"upgrading-rtt","$v":"Se actualizează la apel RTT..."},{"$i":"rtt-call-failed","$v":"Apelul RTT nu a reușit."},{"$i":"voice-call-failed","$v":"Apelul vocal nu a reușit."},{"$i":"rtt","$v":"RTT"},{"$i":"rtt-emegency-upgrade-rejected","$v":"Funcția RTT nu este disponibilă pentru acest apel de urgență."},{"$i":"rtt-emegency-downgrade","$v":"Funcția RTT nu este disponibilă pentru acest apel de urgență. Apelul dvs. a fost conectat ca apel exclusiv vocal. Dacă întâmpinați dificultăți, efectuați un apel vocal sau redirecționați apelul către serviciile de urgență."},{"$i":"voice-only-call","$v":"Apelul dvs. a fost conectat ca apel exclusiv vocal."},{"$i":"ans-rtt-failed","$v":"Apelul RTT nu a reușit. Apelul dvs. a fost conectat doar ca apel vocal."},{"$i":"back","$v":"Înapoi"},{"$i":"new-message","$v":"Mesaje noi de la"},{"$i":"kai-mute","$v":"Dezactivare sunet"},{"$i":"kai-unmute","$v":"Activare sunet"},{"$i":"kai-speaker","$v":"Difuzor"},{"$i":"kai-speaker-off","$v":"Difuzor dezactivat"},{"$i":"kai-microphone-mute-notification","$v":"Microfon dezactivat"},{"$i":"kai-microphone-active-notification","$v":"Microfonul este activ"},{"$i":"kai-speaker-off-notification","$v":"Difuzor extern dezactivat"},{"$i":"kai-speaker-on-notification","$v":"Difuzor extern activat"},{"$i":"kai-hold-and-answer","$v":"Puneți apelul în așteptare și preluați apelul nou"},{"$i":"kai-ignore-call","$v":"Ignorați apelul primit"},{"$i":"kai-add-to-call","$v":"Adăugare apel"},{"$i":"kai-switch-to-second-line","$v":"Comutați apelul"},{"$i":"kai-merge-calls","$v":"Îmbinare apeluri"},{"$i":"ok","$v":"OK"},{"$i":"losing-wifi-msg","$v":"se pierde conexiunea Wi-Fi"},{"$i":"personal","$v":"Personal"},{"$i":"mobile","$v":"Mobile"},{"$i":"home","$v":"Domiciliu"},{"$i":"work","$v":"Serviciu"},{"$i":"other","$v":"Altele"},{"$i":"fax-home","$v":"Fax acasă"},{"$i":"fax-office","$v":"Fax birou"},{"$i":"fax-other","$v":"Fax altele"},{"$i":"hd","$v":"HD"},{"$i":"manage-call","$v":"Gestionare apel"},{"$i":"end","$v":"Încheiere apel"},{"$i":"private","$v":"Confidențial"},{"$i":"sound","$v":"Sunet"},{"$i":"bluetooth-device","$v":"Dispozitiv Bluetooth"},{"$i":"handset-earpiece","$v":"Telefon"},{"$i":"speaker","$v":"Difuzor"},{"$i":"call-ended","$v":"Apel încheiat"},{"$i":"payphone","$v":"Telefon public"},{"$i":"contact","$v":"Agendă"},{"$i":"dialer-prompt","$v":"Formați numărul sau selectați contactul pe care doriți să-l adăugați la convorbire"},{"$i":"call","$v":"Apel"},{"$i":"hold","$v":"Așteptați"},{"$i":"callHeldDuration","$v":["În așteptare (",{"t":"idOrVar","v":"duration"},")"]},{"$i":"volume","$v":"Volum"},{"$i":"softkey-options","$v":"Opțiuni"},{"$i":"unhold-call","$v":"Anulați menținerea în așteptare a apelului"},{"$i":"hold-call","$v":"Puneți apelul în așteptare"},{"$i":"select","$v":"Selectare"},{"$i":"unknown","$v":"Necunoscut"},{"$i":"switch-calls","$v":"Comutare între apeluri"},{"$i":"voiceMail","$v":"Mesagerie vocală"},{"$i":"incoming","$v":"Primite"},{"$i":"outgoing","$v":"Efectuate"},{"$i":"callEnded","$v":"Apel încheiat"},{"$i":"callEndedDuration","$v":["Apel încheiat (",{"t":"idOrVar","v":"duration"},")"]},{"$i":"conferenceAddError","$v":"Apelurile nu pot fi îmbinate"},{"$i":"conferenceRemoveError","$v":"Îmbinarea apelurilor nu poate fi anulată"},{"$i":"valid-number","$v":"Număr valid"},{"$i":"numberBlockedMessage","$v":"Acest număr este blocat. Poți solicita permisiunea părinților."},{"$i":"callDurationMinutes","$v":[{"t":"idOrVar","v":"m"},":",{"t":"idOrVar","v":"s"}]},{"$i":"callDurationHours","$v":[{"t":"idOrVar","v":"h"},":",{"t":"idOrVar","v":"m"},":",{"t":"idOrVar","v":"s"}]},{"$i":"switch-to-device-toast","$v":"Comutat la dispozitivul Bluetooth"},{"$i":"switch-to-handset-toast","$v":"S-a realizat comutarea la căști"},{"$i":"switch-to-speaker-toast","$v":"Comutat la difuzor"},{"$i":"connecting","$v":"Se conectează"},{"$i":"wifi-call-quality-excellent","$v":"Excelent"},{"$i":"wifi-call-quality-fair","$v":"Satisfăcător"},{"$i":"wifi-call-quality-bad","$v":"Nesatisfăcător"},{"$i":"call-left-conference-toast","$v":"a părăsit convorbirea"},{"$i":"camera-off","$v":"Aparat foto oprit"},{"$i":"camera-on","$v":"Aparat foto pornit"},{"$i":"rear-camera","$v":"Aparat foto spate"},{"$i":"front-camera","$v":"Aparat foto față"},{"$i":"hide-info","$v":"Ascundere informații"},{"$i":"show-info","$v":"Afișare informații"},{"$i":"video-call-rejected","$v":"Apelul video a fost respins. Treceți la apelarea vocală."},{"$i":"video-call-not-support","$v":"Apelul video nu este acceptat."},{"$i":"video-call-rejected-timeout","$v":"Apelul video a fost respins sau timpul a expirat."},{"$i":"video-call-from","$v":["Se primește apel video de la ",{"t":"idOrVar","v":"name"},"."]},{"$i":"video-call-canceled","$v":"Apelul video este anulat."},{"$i":"video-call-failed","$v":"Apel video nereușit."},{"$i":"call-downgraded","$v":"Apelul a fost retrogradat."},{"$i":"wifi-calling","$v":"Apelare prin Wi-Fi"},{"$i":"wifi-calling-1","$v":"Apelul ar putea fi întrerupt."},{"$i":"wifi-calling-2","$v":"Sunteți aproape în afara razei de acoperire a rețelei Wi-Fi."},{"$i":"wifi-calling-dropped","$v":"Apelarea prin Wi-Fi a fost întreruptă."},{"$i":"accept","$v":"Acceptare"},{"$i":"conference-call-num","$v":[{"t":"idOrVar","v":"num"}," persoane sunt angajate în convorbire."]},{"$i":"more","$v":"Mai multe"},{"$i":"rec","$v":"ÎNREGISTRARE"},{"$i":"start-recording-call","$v":"Începeți înregistrarea apelului."},{"$i":"stop-recording-call","$v":"Întrerupeți înregistrarea apelului."},{"$i":"insufficient-storage","$v":"Spațiul este insuficient. Înregistrarea s-a oprit."},{"$i":"confirmation","$v":"Confirmare"},{"$i":"get-empty-ussd","$v":"Nu s-a primit niciun răspuns."},{"$i":"message-sent","$v":"Mesaj trimis."},{"$i":"messages","$v":"Mesaje"},{"$i":"wait","$v":"Așteptați..."},{"$i":"send","$v":"Trimitere"},{"$i":"reply","$v":"Răspundeți"},{"$i":"reply-message-1","$v":"Îmi pare rău, nu pot vorbi acum."},{"$i":"reply-message-2","$v":"Sunt pe drum."},{"$i":"reply-message-3","$v":"Pot să te sun mai târziu?"},{"$i":"reply-message-4","$v":"Personalizat..."},{"$i":"reply-to-name","$v":["Ați răspuns următoarei persoane: ",{"t":"idOrVar","v":"name"}]},{"$i":"call-busy-error","$v":"BusyError"},{"$i":"call-bad-number-error","$v":"BadNumberError"},{"$i":"call-no-route-to-destination-error","$v":"No route to destination."},{"$i":"call-channel-unacceptable-error","$v":"Channel unacceptable"},{"$i":"call-operator-determined-barring-error","$v":"Operator determined barring"},{"$i":"call-normal-call-clearing-error","$v":"LLAMADA TERMINADA"},{"$i":"call-no-user-responding-error","$v":"No user responding"},{"$i":"call-user-alerting-no-answer-error","$v":"User alerting, no answer  "},{"$i":"call-call-rejected-error","$v":"Call rejected"},{"$i":"call-number-changed-error","$v":"Number Changed "},{"$i":"call-pre-emption-error","$v":"Pre-emption"},{"$i":"call-destination-out-of-order-error","$v":"Destination out of order "},{"$i":"call-invalid-number-format-error","$v":"Invalid number format "},{"$i":"call-facility-rejected-error","$v":"Facility rejected "},{"$i":"call-response-to-status-enquiry-error","$v":"Response to "},{"$i":"call-unspecified-error","$v":"Normal, unspecified "},{"$i":"call-congestion-error","$v":"No circuit/channel available"},{"$i":"call-network-out-of-order-error","$v":"Network out of order  "},{"$i":"call-network-temp-failure-error","$v":"Temporary Failure"},{"$i":"call-switching-equip-congestion-error","$v":"Switching equipment congestion"},{"$i":"call-access-info-discarded-error","$v":"Access information discarded "},{"$i":"call-requested-channel-not-available-error","$v":"requested circuit/channel not available"},{"$i":"call-resource-unavailable-error","$v":"Resources unavailable, unspecified"},{"$i":"call-qos-unavailable-error","$v":"Quality of service unavailable"},{"$i":"call-requested-facility-not-subscribed-error","$v":"Requested facility not subscribed"},{"$i":"call-incoming-calls-barred-within-cug-error","$v":"Incoming calls barred within the CUG"},{"$i":"call-bearer-capability-not-authorized-error","$v":"Bearer capability not authorized"},{"$i":"call-bearer-capability-not-available-error","$v":"Bearer capability not presently available"},{"$i":"call-service-not-available-error","$v":"Service or option not available, unspecified"},{"$i":"call-bearer-not-implemented-error","$v":"Bearer service not implemented"},{"$i":"call-incoming-call-exceeded-error","$v":"ACM equal to greater than ACMmax"},{"$i":"call-requested-facility-not-implemented-error","$v":"Requested facility not implemented"},{"$i":"call-unrestricted-bearer-not-available-error","$v":"Only restricted digital information bearer capability is available"},{"$i":"call-service-not-implemented-error","$v":"Service or option not implemented, unspecified "},{"$i":"call-invalid-transaction-id-error","$v":"Invalid transaction identifier value  "},{"$i":"call-not-cug-member-error","$v":"User not member of CUG "},{"$i":"call-incompatible-destination-error","$v":"Incompatible destination  "},{"$i":"call-invalid-transit-network-selection-error","$v":"Invalid transit network selection"},{"$i":"call-semantically-incorrect-message-error","$v":"Semantically incorrect message "},{"$i":"call-invalid-mandatory-info-error","$v":"Invalid mandatory information"},{"$i":"call-message-type-not-implemented-error","$v":"Message type-non compatible with protocol state "},{"$i":"call-message-type-incompatible-protocol-state-error","$v":"Message type not compatible with protocol state  "},{"$i":"call-info-element-not-implemented-error","$v":"Information element nonexistent or not implemented "},{"$i":"call-conditionalIe-error","$v":"Conditional IE error"},{"$i":"call-message-incompatible-protocol-state-error","$v":"Message not compatible with protocol state"},{"$i":"call-recovery-on-timer-expiry-error","$v":"Recovery on timer expiry "},{"$i":"call-protocol-error","$v":"Protocol Error, unspecified "},{"$i":"call-interworking-error","$v":"Interworking, unspecified "},{"$i":"call-service-option-not-subscribed-error","$v":"SIN SUBSCRIPCION AL SERVICIO -33-"},{"$i":"call-unknown-pdp-address-type-error","$v":"FALLA DE AUTENTICACION -29-"},{"$i":"mt-call-on-hold","$v":"Apelul a fost pus în așteptare."},{"$i":"mt-call_retrieved","$v":"Apelul a fost reluat."},{"$i":"mt-multi_party_call","$v":"Ați fost adăugat la un apel de conferință."},{"$i":"hangup-a11y-button","$v":""},{"$i":"pickup-a11y-button","$v":""},{"$i":"mute","$v":""},{"$i":"toggleKeypad","$v":""},{"$i":"newCall","$v":""},{"$i":"speakerOption","$v":""},{"$i":"bluetoothOption","$v":""},{"$i":"onHoldOption","$v":""},{"$i":"merge","$v":""},{"$i":"ignore","$v":""},{"$i":"dialerAddContact","$v":""},{"$i":"makeCall","$v":""},{"$i":"call-forwarding-async","$v":["Asincron: ",{"t":"idOrVar","v":"async"}]},{"$i":"call-forwarding-data","$v":["Date: ",{"t":"idOrVar","v":"data"}]},{"$i":"call-forwarding-error","$v":"A apărut o eroare la primirea stării redirecționării apelurilor"},{"$i":"call-forwarding-fax","$v":["FAX: ",{"t":"idOrVar","v":"fax"}]},{"$i":"call-forwarding-inactive","$v":"Inactiv"},{"$i":"call-forwarding-packet","$v":["Pachet: ",{"t":"idOrVar","v":"packet"}]},{"$i":"call-forwarding-pad","$v":["PAD: ",{"t":"idOrVar","v":"pad"}]},{"$i":"call-forwarding-sms","$v":["SMS: ",{"t":"idOrVar","v":"sms"}]},{"$i":"call-forwarding-status","$v":"Stare redirecționare apeluri"},{"$i":"call-forwarding-sync","$v":["Sincron: ",{"t":"idOrVar","v":"sync"}]},{"$i":"call-forwarding-voice","$v":["Voce: ",{"t":"idOrVar","v":"voice"}]},{"$i":"call-forwarding-reason","$v":["Reason: ",{"t":"idOrVar","v":"reason"}]},{"$i":"scCallBarring","$v":"Blocare apeluri"},{"$i":"scCallForwarding","$v":"Redirecționare apeluri"},{"$i":"scClip","$v":"Identificator apelant (apel primit)"},{"$i":"scClir","$v":"Identificator apelant (apel efectuat)"},{"$i":"scPwd","$v":"Modificare parolă"},{"$i":"scCallWaiting","$v":"Apel în așteptare"},{"$i":"scPin","$v":"Modificare PIN"},{"$i":"scPin2","$v":"Modificare PIN2"},{"$i":"scPuk","$v":"Deblocare PIN"},{"$i":"scPuk2","$v":"Deblocare PIN2"},{"$i":"scImei","$v":"IMEI"},{"$i":"scMeid","$v":"MEID"},{"$i":"scUssd","$v":"USSD"},{"$i":"serviceClassVoice","$v":"Voce"},{"$i":"serviceClassData","$v":"Date"},{"$i":"serviceClassFax","$v":"FAX"},{"$i":"serviceClassSms","$v":"SMS"},{"$i":"serviceClassDataSync","$v":"Sincronizare"},{"$i":"serviceClassDataAsync","$v":"Asincronizare"},{"$i":"serviceClassPacket","$v":"Pachet"},{"$i":"serviceClassPad","$v":"PAD"},{"$i":"smServiceEnabled","$v":"Serviciul a fost activat"},{"$i":"smServiceDisabled","$v":"Serviciul a fost dezactivat"},{"$i":"smServiceRegistered","$v":"Înregistrarea a reușit"},{"$i":"smServiceErased","$v":"Ștergerea a reușit"},{"$i":"smServiceInterrogated","$v":"Solicitarea a reușit"},{"$i":"smServiceNotProvisioned","$v":"Serviciul nu a fost furnizat"},{"$i":"smClirPermanent","$v":"Nu puteți să modificați setarea pentru identificatorul apelantului"},{"$i":"smClirDefaultOnNextCallOn","$v":"Ca setare implicită, numerele apelanților sunt restricționate. Apelul următor: restricționat"},{"$i":"smClirDefaultOnNextCallOff","$v":"Ca setare implicită, numerele apelanților sunt restricționate. Apelul următor: nerestricționat"},{"$i":"smClirDefaultOffNextCallOn","$v":"Ca setare implicită, numerele apelanților nu sunt restricționate. Apelul următor: restricționat"},{"$i":"smClirDefaultOffNextCallOff","$v":"Ca setare implicită, numerele apelanților nu sunt restricționate. Apelul următor: nerestricționat"},{"$i":"smServiceEnabledFor","$v":"Serviciul a fost activat pentru:"},{"$i":"smPinChanged","$v":"Cod PIN modificat cu succes"},{"$i":"smPinUnblocked","$v":"Cod PIN deblocat cu succes"},{"$i":"smPin2Changed","$v":"Cod PIN2 modificat cu succes"},{"$i":"smPin2Unblocked","$v":"Cod PIN2 deblocat cu succes"},{"$i":"ServiceIsEnabled","$v":"Serviciul este activat"},{"$i":"ServiceIsDisabled","$v":"Serviciul este dezactivat"},{"$i":"ServiceIsEnabledFor","$v":"Serviciul este activat pentru:"},{"$i":"emMmiError","$v":"Problemă de conexiune sau cod MMI incorect"},{"$i":"emMmiErrorPasswordIncorrect","$v":"Parolă incorectă"},{"$i":"emMmiErrorNotSupported","$v":"Cod MMI incorect sau neacceptat"},{"$i":"emMmiErrorInvalidAction","$v":"Acțiune incorectă"},{"$i":"emMmiErrorInvalidScCode","$v":"Cod serviciu incorect"},{"$i":"emMmiErrorBadPuk","$v":"Codul PUK introdus nu este corect"},{"$i":"emMmiErrorBadPin","$v":"Vechiul cod PIN introdus nu este corect."},{"$i":"emMmiErrorNeedPuk2","$v":"Introduceți codul PUK2 pentru deblocarea cartelei SIM"},{"$i":"emMmiErrorMismatchPin","$v":"Codurile PIN introduse nu corespund"},{"$i":"emMmiErrorInvalidPin","$v":"Introduceți un cod PIN de 4–8 cifre"},{"$i":"emMmiErrorNeedsPuk","$v":"Cartela SIM este blocată prin cod PUK"},{"$i":"emMmiErrorEnablePin","$v":"Operațiune nereușită. Activați BLOCAREA SIM/RUIM."},{"$i":"emMmiErrorMmiFdn","$v":"Operațiunea este limitată la numerele de apelare fixă"},{"$i":"emMmiErrorStkCcUssdDial","$v":"Solicitarea USSD este schimbată în solicitare DIAL"},{"$i":"emMmiErrorStkCcUssdSs","$v":"Solicitarea USSD este schimbată în solicitare SS"},{"$i":"emMmiErrorStkCcUssdUssd","$v":"Solicitarea USSD este schimbată într-o nouă solicitare USSD"},{"$i":"emMmiErrorStkCcSsDial","$v":"Solicitarea SS este schimbată în solicitare DIAL"},{"$i":"emMmiErrorStkCcSsUssd","$v":"Solicitarea SS este schimbată în solicitare USSD"},{"$i":"emMmiErrorStkCcSsSs","$v":"Solicitarea SS este schimbată într-o nouă solicitare SS"},{"$i":"emMmiErrorPinPukAttempts","$v":{"few":[{"t":"idOrVar","v":"n"}," încercări rămase"],"many":[{"t":"idOrVar","v":"n"}," încercări rămase"],"one":["Doar ",{"t":"idOrVar","v":"n"}," încercare rămasă"],"other":[{"t":"idOrVar","v":"n"}," încercări rămase"],"two":[{"t":"idOrVar","v":"n"}," încercări rămase"]},"$x":[{"t":"idOrVar","v":"plural"},"n"]},{"$i":"emMmiErrorSimBlocked","$v":"Numărul maxim de încercări a fost depășit. Cartela SIM a fost blocată"},{"$i":"RadioNotAvailable","$v":"Radio not available"},{"$i":"GenericFailure","$v":"Eroare la efectuarea solicitării."},{"$i":"PasswordIncorrect","$v":"Parolă incorectă"},{"$i":"SimPin2","$v":"Codul PIN2 al cartelei SIM"},{"$i":"SimPuk2","$v":"Codul PUK2 al cartelei SIM"},{"$i":"RequestNotSupported","$v":"Solicitarea nu este acceptată"},{"$i":"OpNotAllowedDuringVoiceCall","$v":"Operațiune nepermisă în timpul unui apel vocal"},{"$i":"SmsSendFailRetry","$v":"Reîncercare trimitere SMS nereușită"},{"$i":"SimAbsent","$v":"Cartelă SIM lipsă"},{"$i":"SubscriptionNotAvailable","$v":"Abonamentul nu este disponibil"},{"$i":"ModeNotSupported","$v":"Modul nu este acceptat"},{"$i":"FdnCheckFailure","$v":"Verificare nereușită a numerelor de apelare fixă"},{"$i":"IllegalSimOrMe","$v":"SIM sau ME nepermis"},{"$i":"DialModifiedToUssd","$v":"Dial modified to USSD"},{"$i":"DialModifiedToSs","$v":"Dial modified to SS"},{"$i":"DialModifiedToDial","$v":"Dial modified to dial"},{"$i":"UssdModifiedToDial","$v":"USSD a fost schimbat în apelare"},{"$i":"UssdModifiedToSs","$v":"USSD a fost schimbat în SS"},{"$i":"UssdModifiedToUssd","$v":"USSD a fost schimbat în USSD"},{"$i":"SsModifiedToDial","$v":"SS a fost schimbat în apelare"},{"$i":"SsModifiedToUssd","$v":"SS a fost schimbat în USSD"},{"$i":"SsModifiedToSs","$v":"SS a fost schimbat în SS"},{"$i":"SubscriptionNotSupported","$v":"Abonamentul nu este acceptat"},{"$i":"InvalidParameter","$v":"Parametru incorect"},{"$i":"RejectedByRemote","$v":"Respins de la distanță"},{"$i":"error","$v":"Eroare"}]