[{"$i":"weekday-0-long","$v":"Nedelja"},{"$i":"weekday-1-long","$v":"Ponedeljek"},{"$i":"weekday-2-long","$v":"Torek"},{"$i":"weekday-3-long","$v":"Sreda"},{"$i":"weekday-4-long","$v":"Četrtek"},{"$i":"weekday-5-long","$v":"Petek"},{"$i":"weekday-6-long","$v":"Sobota"},{"$i":"weekday-0-short","$v":"ned"},{"$i":"weekday-1-short","$v":"pon"},{"$i":"weekday-2-short","$v":"tor"},{"$i":"weekday-3-short","$v":"sre"},{"$i":"weekday-4-short","$v":"čet"},{"$i":"weekday-5-short","$v":"pet"},{"$i":"weekday-6-short","$v":"sob"},{"$i":"month-0-long","$v":"januar"},{"$i":"month-1-long","$v":"februar"},{"$i":"month-2-long","$v":"marec"},{"$i":"month-3-long","$v":"april"},{"$i":"month-4-long","$v":"maj"},{"$i":"month-5-long","$v":"junij"},{"$i":"month-6-long","$v":"julij"},{"$i":"month-7-long","$v":"avgust"},{"$i":"month-8-long","$v":"september"},{"$i":"month-9-long","$v":"oktober"},{"$i":"month-10-long","$v":"november"},{"$i":"month-11-long","$v":"december"},{"$i":"month-0-genitive","$v":"januar"},{"$i":"month-1-genitive","$v":"februar"},{"$i":"month-2-genitive","$v":"marec"},{"$i":"month-3-genitive","$v":"april"},{"$i":"month-4-genitive","$v":"maj"},{"$i":"month-5-genitive","$v":"junij"},{"$i":"month-6-genitive","$v":"julij"},{"$i":"month-7-genitive","$v":"avgust"},{"$i":"month-8-genitive","$v":"september"},{"$i":"month-9-genitive","$v":"oktober"},{"$i":"month-10-genitive","$v":"november"},{"$i":"month-11-genitive","$v":"december"},{"$i":"month-0-short","$v":"jan"},{"$i":"month-1-short","$v":"feb"},{"$i":"month-2-short","$v":"mar"},{"$i":"month-3-short","$v":"apr"},{"$i":"month-4-short","$v":"maj"},{"$i":"month-5-short","$v":"jun"},{"$i":"month-6-short","$v":"jul"},{"$i":"month-7-short","$v":"avg"},{"$i":"month-8-short","$v":"sep"},{"$i":"month-9-short","$v":"okt"},{"$i":"month-10-short","$v":"nov"},{"$i":"month-11-short","$v":"dec"},{"$i":"minutes-ago-long","$v":{"few":["pred ",{"t":"idOrVar","v":"value"}," minutami"],"many":["pred ",{"t":"idOrVar","v":"value"}," minutami"],"other":["pred ",{"t":"idOrVar","v":"value"}," minutami"],"two":["pred ",{"t":"idOrVar","v":"value"}," minutama"],"one":"pred minuto","zero":"pravkar"},"$x":[{"t":"idOrVar","v":"plural"},"value"]},{"$i":"hours-ago-long","$v":{"few":["pred ",{"t":"idOrVar","v":"value"}," urami"],"many":["pred ",{"t":"idOrVar","v":"value"}," urami"],"other":["pred ",{"t":"idOrVar","v":"value"}," urami"],"two":["pred ",{"t":"idOrVar","v":"value"}," urama"],"one":"Pred 1 uro","zero":"pravkar"},"$x":[{"t":"idOrVar","v":"plural"},"value"]},{"$i":"days-ago-long","$v":{"few":["pred ",{"t":"idOrVar","v":"value"}," dnevi"],"many":["pred ",{"t":"idOrVar","v":"value"}," dnevi"],"one":"včeraj","other":["pred ",{"t":"idOrVar","v":"value"}," dnevi"],"two":["pred ",{"t":"idOrVar","v":"value"}," dnevoma"],"zero":"danes"},"$x":[{"t":"idOrVar","v":"plural"},"value"]},{"$i":"weeks-ago-long","$v":{"few":["pred ",{"t":"idOrVar","v":"value"}," tedni"],"many":["pred ",{"t":"idOrVar","v":"value"}," tedni"],"one":"prejšnji teden","other":["pred ",{"t":"idOrVar","v":"value"}," tedni"],"two":["pred ",{"t":"idOrVar","v":"value"}," tednoma"],"zero":"ta teden"},"$x":[{"t":"idOrVar","v":"plural"},"value"]},{"$i":"months-ago-long","$v":{"few":["pred ",{"t":"idOrVar","v":"value"}," meseci"],"many":["pred ",{"t":"idOrVar","v":"value"}," meseci"],"one":"prejšnji mesec","other":["pred ",{"t":"idOrVar","v":"value"}," meseci"],"two":["pred ",{"t":"idOrVar","v":"value"}," mesecema"],"zero":"ta mesec"},"$x":[{"t":"idOrVar","v":"plural"},"value"]},{"$i":"years-ago-long","$v":{"few":["pred ",{"t":"idOrVar","v":"value"}," leti"],"many":["pred ",{"t":"idOrVar","v":"value"}," leti"],"one":"prejšnje leto","other":["pred ",{"t":"idOrVar","v":"value"}," leti"],"two":["pred ",{"t":"idOrVar","v":"value"}," letoma"],"zero":"to leto"},"$x":[{"t":"idOrVar","v":"plural"},"value"]},{"$i":"minutes-until-long","$v":{"few":["čez ",{"t":"idOrVar","v":"value"}," minute"],"many":["čez ",{"t":"idOrVar","v":"value"}," minut"],"other":["čez ",{"t":"idOrVar","v":"value"}," minut"],"two":["čez ",{"t":"idOrVar","v":"value"}," minuti"],"zero":"zdaj","one":"v 1 minuti"},"$x":[{"t":"idOrVar","v":"plural"},"value"]},{"$i":"hours-until-long","$v":{"few":["čez ",{"t":"idOrVar","v":"value"}," ure"],"many":["čez ",{"t":"idOrVar","v":"value"}," ur"],"other":["čez ",{"t":"idOrVar","v":"value"}," ur"],"two":["čez ",{"t":"idOrVar","v":"value"}," uri"],"zero":"zdaj","one":"čez 1 uro"},"$x":[{"t":"idOrVar","v":"plural"},"value"]},{"$i":"days-until-long","$v":{"few":["čez ",{"t":"idOrVar","v":"value"}," dni"],"many":["čez ",{"t":"idOrVar","v":"value"}," dni"],"one":"jutri","other":["čez ",{"t":"idOrVar","v":"value"}," dni"],"two":["čez ",{"t":"idOrVar","v":"value"}," dni"],"zero":"danes"},"$x":[{"t":"idOrVar","v":"plural"},"value"]},{"$i":"weeks-until-long","$v":{"few":["čez ",{"t":"idOrVar","v":"value"}," tedne"],"many":["čez ",{"t":"idOrVar","v":"value"}," tednov"],"one":"naslednji teden","other":["čez ",{"t":"idOrVar","v":"value"}," tednov"],"two":["čez ",{"t":"idOrVar","v":"value"}," tedna"],"zero":"ta teden"},"$x":[{"t":"idOrVar","v":"plural"},"value"]},{"$i":"months-until-long","$v":{"few":["čez ",{"t":"idOrVar","v":"value"}," mesece"],"many":["čez ",{"t":"idOrVar","v":"value"}," mesecev"],"one":"naslednji mesec","other":["čez ",{"t":"idOrVar","v":"value"}," mesecev"],"two":["čez ",{"t":"idOrVar","v":"value"}," meseca"],"zero":"ta mesec"},"$x":[{"t":"idOrVar","v":"plural"},"value"]},{"$i":"years-until-long","$v":{"few":["čez ",{"t":"idOrVar","v":"value"}," leta"],"many":["čez ",{"t":"idOrVar","v":"value"}," let"],"one":"naslednje leto","other":["čez ",{"t":"idOrVar","v":"value"}," let"],"two":["čez ",{"t":"idOrVar","v":"value"}," leti"],"zero":"to leto"},"$x":[{"t":"idOrVar","v":"plural"},"value"]},{"$i":"minutes-ago-short","$v":{"other":["Pred ",{"t":"idOrVar","v":"value"}," m"],"zero":"pravkar"},"$x":[{"t":"idOrVar","v":"plural"},"value"]},{"$i":"hours-ago-short","$v":{"other":["pred ",{"t":"idOrVar","v":"value"}," h"],"zero":"pravkar"},"$x":[{"t":"idOrVar","v":"plural"},"value"]},{"$i":"days-ago-short","$v":{"other":["pred ",{"t":"idOrVar","v":"value"}," d"],"zero":"danes"},"$x":[{"t":"idOrVar","v":"plural"},"value"]},{"$i":"minutes-until-short","$v":{"other":["čez ",{"t":"idOrVar","v":"value"}," m"],"zero":"zdaj"},"$x":[{"t":"idOrVar","v":"plural"},"value"]},{"$i":"hours-until-short","$v":{"other":["čez ",{"t":"idOrVar","v":"value"}," h"],"zero":"zdaj"},"$x":[{"t":"idOrVar","v":"plural"},"value"]},{"$i":"days-until-short","$v":{"other":["čez ",{"t":"idOrVar","v":"value"}," d"],"zero":"danes"},"$x":[{"t":"idOrVar","v":"plural"},"value"]},{"$i":"incorrectDate","$v":"(nepravilen datum)"},{"$i":"dateTimeFormat_%c","$v":"%a %b %e %Y %I.%M.%S %p"},{"$i":"dateTimeFormat_%x","$v":"%m/%d/%Y"},{"$i":"dateTimeFormat_%X","$v":"%I:%M:%S %p"},{"$i":"shortTimeFormat","$v":"%I.%M %p"},{"$i":"shortTimeFormat12","$v":"%I.%M %p"},{"$i":"shortTimeFormat24","$v":"%H.%M"},{"$i":"shortDateTimeFormat","$v":"%x %I.%M %p"},{"$i":"weekStartsOnMonday","$v":"0.0"},{"$i":"firstDayOfTheWeek","$v":"1.0"},{"$i":"time_am","$v":"dop."},{"$i":"time_pm","$v":"pop."},{"$i":"airplaneMode","$v":"Način za letalo"},{"$i":"searching","$v":"Iskanje ..."},{"$i":"noNetwork","$v":"Ni omrežja"},{"$i":"roaming","$v":[{"t":"idOrVar","v":"operator"}," (gostovanje)"]},{"$i":"operator-info","$v":[{"t":"idOrVar","v":"carrier"}," ",{"t":"idOrVar","v":"region"}]},{"$i":"emergencyCallsOnly","$v":"Samo klici v sili"},{"$i":"emergencyCallsOnly-unknownSIMState","$v":"(neznano stanje kartice SIM)"},{"$i":"emergencyCallsOnly-noSIM","$v":"(ni kartice SIM)"},{"$i":"emergencyCallsOnly-pinRequired","$v":"(zahtevan je PIN za SIM)"},{"$i":"emergencyCallsOnly-pukRequired","$v":"(zahtevan je PUK za SIM)"},{"$i":"emergencyCallsOnly-networkLocked","$v":"(omrežje zaklenjeno)"},{"$i":"emergencyCallsOnly-serviceProviderLocked","$v":"(zaklenil ponudnik storitev)"},{"$i":"emergencyCallsOnly-corporateLocked","$v":"(zaklenilo podjetje)"},{"$i":"emergencyCallsOnly-network1Locked","$v":"(omrežje1 zaklenjeno)"},{"$i":"emergencyCallsOnly-network2Locked","$v":"(omrežje2 zaklenjeno)"},{"$i":"emergencyCallsOnly-hrpdNetworkLocked","$v":"(omrežje hrpd zaklenjeno)"},{"$i":"emergencyCallsOnly-ruimCorporateLocked","$v":"(ruim zaklenilo podjetje)"},{"$i":"emergencyCallsOnly-ruimServiceProviderLocked","$v":"(ruim zaklenil ponudnik storitev)"},{"$i":"lockscreen-sim-id","$v":["SIM ",{"t":"idOrVar","v":"n"}]},{"$i":"charging-no-time","$v":[{"t":"idOrVar","v":"level"}," % napolnjeno"]},{"$i":"charging-minutes","$v":{"few":[{"t":"idOrVar","v":"level"}," % napolnjeno (",{"t":"idOrVar","v":"minutes"}," min do polne napolnjenosti)"],"many":[{"t":"idOrVar","v":"level"}," % napolnjeno (",{"t":"idOrVar","v":"minutes"}," min do polne napolnjenosti)"],"one":[{"t":"idOrVar","v":"level"}," % napolnjeno (",{"t":"idOrVar","v":"minutes"}," min do polne napolnjenosti)"],"other":[{"t":"idOrVar","v":"level"}," % napolnjeno (",{"t":"idOrVar","v":"minutes"}," min do polne napolnjenosti)"],"two":[{"t":"idOrVar","v":"level"}," % napolnjeno (",{"t":"idOrVar","v":"minutes"}," min do polne napolnjenosti)"],"zero":[{"t":"idOrVar","v":"level"}," % napolnjeno (",{"t":"idOrVar","v":"minutes"}," min do polne napolnjenosti)"]},"$x":[{"t":"idOrVar","v":"plural"},"minutes"]},{"$i":"charging-hours","$v":{"few":[{"t":"idOrVar","v":"level"}," % napolnjeno (",{"t":"idOrVar","v":"hours"}," h ",{"t":"idOrVar","v":"minutes"}," min do polne napolnjenosti)"],"many":[{"t":"idOrVar","v":"level"}," % napolnjeno (",{"t":"idOrVar","v":"hours"}," h ",{"t":"idOrVar","v":"minutes"}," min do polne napolnjenosti)"],"one":[{"t":"idOrVar","v":"level"}," % napolnjeno (",{"t":"idOrVar","v":"hours"}," h ",{"t":"idOrVar","v":"minutes"}," min do polne napolnjenosti)"],"other":[{"t":"idOrVar","v":"level"}," % napolnjeno (",{"t":"idOrVar","v":"hours"}," h ",{"t":"idOrVar","v":"minutes"}," min do polne napolnjenosti)"],"two":[{"t":"idOrVar","v":"level"}," % napolnjeno (",{"t":"idOrVar","v":"hours"}," h ",{"t":"idOrVar","v":"minutes"}," min do polne napolnjenosti)"],"zero":[{"t":"idOrVar","v":"level"}," % napolnjeno (",{"t":"idOrVar","v":"hours"}," h ",{"t":"idOrVar","v":"minutes"}," min do polne napolnjenosti)"]},"$x":[{"t":"idOrVar","v":"plural"},"minutes"]},{"$i":"phoneNumberInput","ariaLabel":"Telefonska številka"},{"$i":"keypadDelete","ariaLabel":"Izbriši"},{"$i":"voiceMailKey","ariaLabel":"Glasovna pošta"},{"$i":"asterisk","ariaLabel":"Zvezdica"},{"$i":"hashSign","ariaLabel":"Znak »lojtra«"},{"$i":"cancel","$v":"Prekliči"},{"$i":"loadingSimContacts","$v":"Nalaganje stikov s kartice SIM ..."},{"$i":"noContactsWereFound","$v":"Stikov ni bilo mogoče najti"},{"$i":"noContactsFoundDialogOk","$v":"V redu"},{"$i":"emergencyNumber","$v":"Številka za klic v sili"},{"$i":"callAirplaneModeMessage","$v":"Če želite opraviti klic, v nastavitvah izklopite način za letalo."},{"$i":"callAirplaneModeBtnOk","$v":"V redu"},{"$i":"callAirplaneModeTitle","$v":"Način za letalo je aktiviran"},{"$i":"numberIsBusyTitle","$v":"Številka je zasedena"},{"$i":"numberIsBusyMessage","$v":"Številka je trenutno zasedena. Poskusite znova pozneje."},{"$i":"fdnIsActiveTitle","$v":"Omejeno klicanje je aktivno"},{"$i":"fdnIsActiveMessage","$v":["Omejeno klicanje (FDN) je aktivirano in te številke ni na vašem seznamu za omejeno klicanje: ",{"t":"idOrVar","v":"number"}]},{"$i":"emergencyDialogBodyBadNumber","$v":"Če želite opraviti klic, mora biti telefon povezan v omrežje."},{"$i":"emergencyDialogBodyDeviceNotAccepted","$v":"Omrežje ne dovoljuje klicev v sili."},{"$i":"emergencyDialogBtnOk","$v":"V redu"},{"$i":"emergencyDialogTitle","$v":"Ni omrežne povezave"},{"$i":"invalidNumberToDialTitle","$v":"Neveljavna telefonska številka"},{"$i":"invalidNumberToDialMessage","$v":"Telefonska številka, ki jo kličete, ni veljavna."},{"$i":"unableToCallTitle","$v":"Ni mogoče opraviti klica. "},{"$i":"unableToCallMessage","$v":"Trenutno ni mogoče opraviti telefonskega klica"},{"$i":"otherConnectionInUseTitle","$v":"Druga povezava v uporabi"},{"$i":"otherConnectionInUseMessage","$v":"Imate aktiven klic prek druge povezave. Uporabljate lahko le eno povezavo naenkrat."},{"$i":"connectingEllipsis","$v":"Povezovanje …"},{"$i":"clear","$v":"Počisti"},{"$i":"dialer","$v":"Klicalnik"},{"$i":"vt-incoming-call","$v":"Dohodni video klic ..."},{"$i":"kai-incoming-call","$v":"Dohodni klic"},{"$i":"kai-in-call","$v":"V klicu"},{"$i":"kai-answer","$v":"Odgovor"},{"$i":"kai-end-answer","$v":"Konec in odgovor"},{"$i":"kai-decline","$v":"Zavrni"},{"$i":"enter-passcode","$v":"Vnesite geslo, da odklenete zaslon."},{"$i":"passcode-error","$v":"Neveljavna koda. Poskusite znova."},{"$i":"lockscreenInvalidCode","$v":"Napačna koda."},{"$i":"lockscreenColdDown","$v":["Koda ni veljavna. Poskusite znova čez ",{"t":"idOrVar","v":"n"},"."]},{"$i":"lockscreenCheckLockCode","$v":{"few":["Koda ni veljavna. Št. preostalih poizkusov: ",{"t":"idOrVar","v":"n"},"."],"one":["Koda ni veljavna. Preostal vam je še ",{"t":"idOrVar","v":"n"}," poizkus."],"other":["Koda ni veljavna. Št. preostalih poizkusov: ",{"t":"idOrVar","v":"n"},"."],"two":["Koda ni veljavna. Št. preostalih poizkusov: ",{"t":"idOrVar","v":"n"},"."]},"$x":[{"t":"idOrVar","v":"plural"},"n"]},{"$i":"videoCall","$v":"Videoklic"},{"$i":"voice-call","$v":"Glasovni klic"},{"$i":"video-call","$v":"Videoklic"},{"$i":"message","$v":"Sporočila"},{"$i":"answer-rtt-call","$v":"Sprejmi kot RTT"},{"$i":"req-rtt-call","$v":"ANS RTT"},{"$i":"rtt-call","$v":"Klic RTT"},{"$i":"rtt-view","$v":"Pogled RTT"},{"$i":"change-to-rtt-call","$v":"Vzpostavljanje klica RTT ..."},{"$i":"change-to-voice-call","$v":"Spremenjeno na govorni klic."},{"$i":"upgrading-rtt","$v":"Nadgradnja na klic RTT ..."},{"$i":"rtt-call-failed","$v":"Klic RTT ni uspel."},{"$i":"voice-call-failed","$v":"Govorni klic ni uspel."},{"$i":"rtt","$v":"RTT"},{"$i":"rtt-emegency-upgrade-rejected","$v":"RTT ni na voljo za ta klic na številko 911."},{"$i":"rtt-emegency-downgrade","$v":"RTT ni na voljo za ta klic na številko 911. Vaš klic je bil vzpostavljen samo kot govorni klic. V primeru težav vzpostavite govorni klic ali posredujte klic na številko 911."},{"$i":"voice-only-call","$v":"Vaš klic je vzpostavljen kot govorni klic."},{"$i":"ans-rtt-failed","$v":"Klica RTT ni bilo mogoče vzpostaviti. Vaš klic je vzpostavljen kot govorni klic."},{"$i":"back","$v":"Nazaj"},{"$i":"new-message","$v":"Nova sporočila od"},{"$i":"kai-mute","$v":"Izklop zvoka"},{"$i":"kai-unmute","$v":"Vklopi zvok brez zvoka"},{"$i":"kai-speaker","$v":"Zvočnik"},{"$i":"kai-speaker-off","$v":"Zvočnik je izklopljen"},{"$i":"kai-microphone-mute-notification","$v":"Izključen je mikrofon"},{"$i":"kai-microphone-active-notification","$v":"Mikrofon je aktiven"},{"$i":"kai-speaker-off-notification","$v":"Zunanji zvočnik je izklopljen"},{"$i":"kai-speaker-on-notification","$v":"Zunanji zvočnik je vklopljen"},{"$i":"kai-hold-and-answer","$v":"Zadržite in odgovorite"},{"$i":"kai-ignore-call","$v":"Prezri dohodni klic"},{"$i":"kai-add-to-call","$v":"Dodaj klic"},{"$i":"kai-switch-to-second-line","$v":"Zamenjaj klic"},{"$i":"kai-merge-calls","$v":"Spoji klic"},{"$i":"ok","$v":"V redu"},{"$i":"losing-wifi-msg","$v":"signal Wi-Fi se izgublja"},{"$i":"personal","$v":"Osebno"},{"$i":"mobile","$v":"Mobilno"},{"$i":"home","$v":"Dom"},{"$i":"work","$v":"Služba"},{"$i":"other","$v":"Drugo"},{"$i":"fax-home","$v":"Domači faks"},{"$i":"fax-office","$v":"Faks v pisarni"},{"$i":"fax-other","$v":"Drug faks"},{"$i":"hd","$v":"HD"},{"$i":"manage-call","$v":"Upravljaj klic"},{"$i":"end","$v":"Končaj klic"},{"$i":"private","$v":"Zasebno"},{"$i":"sound","$v":"Zvok"},{"$i":"bluetooth-device","$v":"Naprava Bluetooth"},{"$i":"handset-earpiece","$v":"Slušalka"},{"$i":"speaker","$v":"Zvočnik"},{"$i":"call-ended","$v":"Klic je končan"},{"$i":"payphone","$v":"Telefonska govorilnica"},{"$i":"contact","$v":"Stik"},{"$i":"dialer-prompt","$v":"Vnesite številko ali izberite stik, ki ga želite dodati v klic"},{"$i":"call","$v":"Klic"},{"$i":"hold","$v":"Zadrži"},{"$i":"callHeldDuration","$v":["Zadrži (",{"t":"idOrVar","v":"duration"},")"]},{"$i":"volume","$v":"Glasnost"},{"$i":"softkey-options","$v":"Možnosti"},{"$i":"unhold-call","$v":"Sprosti klic"},{"$i":"hold-call","$v":"Zadrži klic"},{"$i":"select","$v":"Izberi"},{"$i":"unknown","$v":"Neznano"},{"$i":"switch-calls","$v":"Preklopi klice"},{"$i":"voiceMail","$v":"Glasovna pošta"},{"$i":"incoming","$v":"Dohodni"},{"$i":"outgoing","$v":"Odhodni"},{"$i":"callEnded","$v":"Klic je končan"},{"$i":"callEndedDuration","$v":["Klic je končan (",{"t":"idOrVar","v":"duration"},")"]},{"$i":"conferenceAddError","$v":"Ni mogoče združiti klicev"},{"$i":"conferenceRemoveError","$v":"Združitve klicev ni mogoče preklicati"},{"$i":"valid-number","$v":"Veljavna številka"},{"$i":"numberBlockedMessage","$v":"Ta številka je blokirana. Za dovoljenje lahko vprašate starše."},{"$i":"callDurationMinutes","$v":[{"t":"idOrVar","v":"m"},":",{"t":"idOrVar","v":"s"}]},{"$i":"callDurationHours","$v":[{"t":"idOrVar","v":"h"},":",{"t":"idOrVar","v":"m"},":",{"t":"idOrVar","v":"s"}]},{"$i":"switch-to-device-toast","$v":"Prekloplj. na napr. Bluetooth"},{"$i":"switch-to-handset-toast","$v":"Preklopljeno na zvočnik slušalke"},{"$i":"switch-to-speaker-toast","$v":"Preklopljeno na zvočnik"},{"$i":"connecting","$v":"Povezovanje"},{"$i":"wifi-call-quality-excellent","$v":"Odlična"},{"$i":"wifi-call-quality-fair","$v":"Dobra"},{"$i":"wifi-call-quality-bad","$v":"Nizka"},{"$i":"call-left-conference-toast","$v":"je zapustil(-a) klic"},{"$i":"camera-off","$v":"Kamera izklopljena"},{"$i":"camera-on","$v":"Kamera vklopljena"},{"$i":"rear-camera","$v":"Hrbtna kamera"},{"$i":"front-camera","$v":"Sprednja kamera"},{"$i":"hide-info","$v":"Skrij podatke"},{"$i":"show-info","$v":"Prikaži informacije"},{"$i":"video-call-rejected","$v":"Videoklic je zavrnjen. Preklopite na govorni klic."},{"$i":"video-call-not-support","$v":"Videoklic ni podprt."},{"$i":"video-call-rejected-timeout","$v":"Zavrnjen video klic ali časovna omejitev."},{"$i":"video-call-from","$v":["Prejemanje videoklica od klicatelja ",{"t":"idOrVar","v":"name"},"."]},{"$i":"video-call-canceled","$v":"Videoklic je preklican."},{"$i":"video-call-failed","$v":"Videoklic ni uspel."},{"$i":"call-downgraded","$v":"Poklic je znižan."},{"$i":"wifi-calling","$v":"Klicanje prek Wi-Fi-ja"},{"$i":"wifi-calling-1","$v":"Klic bo morda prekinjen."},{"$i":"wifi-calling-2","$v":"Ste skoraj zunaj območja pokritosti omrežja Wi-Fi."},{"$i":"wifi-calling-dropped","$v":"Klicanje prek Wi-Fi-ja je prekinjeno."},{"$i":"accept","$v":"Sprejmi"},{"$i":"conference-call-num","$v":["Oseb v klicu: ",{"t":"idOrVar","v":"num"},"."]},{"$i":"more","$v":"Več"},{"$i":"rec","$v":"REC"},{"$i":"start-recording-call","$v":"Začnite snemati klic."},{"$i":"stop-recording-call","$v":"Konec snemanje klica."},{"$i":"insufficient-storage","$v":"Ni dovolj shrambe. Snemanje je ustavljeno."},{"$i":"confirmation","$v":"Potrditev"},{"$i":"get-empty-ussd","$v":"Prejet ni bil noben odgovor."},{"$i":"message-sent","$v":"Sporočilo je poslano"},{"$i":"messages","$v":"Sporočila"},{"$i":"wait","$v":"Prosim počakaj..."},{"$i":"send","$v":"Pošlji"},{"$i":"reply","$v":"Odgovori"},{"$i":"reply-message-1","$v":"Oprosti, trenutno ne morem govoriti."},{"$i":"reply-message-2","$v":"Sem na poti."},{"$i":"reply-message-3","$v":"Vas lahko pokličem kasneje?"},{"$i":"reply-message-4","$v":"Po meri ..."},{"$i":"reply-to-name","$v":["Odgovor osebi ",{"t":"idOrVar","v":"name"}]},{"$i":"call-busy-error","$v":"BusyError"},{"$i":"call-bad-number-error","$v":"BadNumberError"},{"$i":"call-no-route-to-destination-error","$v":"No route to destination."},{"$i":"call-channel-unacceptable-error","$v":"Channel unacceptable"},{"$i":"call-operator-determined-barring-error","$v":"Operator determined barring"},{"$i":"call-normal-call-clearing-error","$v":"LLAMADA TERMINADA"},{"$i":"call-no-user-responding-error","$v":"No user responding"},{"$i":"call-user-alerting-no-answer-error","$v":"User alerting, no answer  "},{"$i":"call-call-rejected-error","$v":"Call rejected"},{"$i":"call-number-changed-error","$v":"Number Changed "},{"$i":"call-pre-emption-error","$v":"Pre-emption"},{"$i":"call-destination-out-of-order-error","$v":"Destination out of order "},{"$i":"call-invalid-number-format-error","$v":"Invalid number format "},{"$i":"call-facility-rejected-error","$v":"Facility rejected "},{"$i":"call-response-to-status-enquiry-error","$v":"Response to "},{"$i":"call-unspecified-error","$v":"Normal, unspecified "},{"$i":"call-congestion-error","$v":"No circuit/channel available"},{"$i":"call-network-out-of-order-error","$v":"Network out of order  "},{"$i":"call-network-temp-failure-error","$v":"Temporary Failure"},{"$i":"call-switching-equip-congestion-error","$v":"Switching equipment congestion"},{"$i":"call-access-info-discarded-error","$v":"Access information discarded "},{"$i":"call-requested-channel-not-available-error","$v":"requested circuit/channel not available"},{"$i":"call-resource-unavailable-error","$v":"Resources unavailable, unspecified"},{"$i":"call-qos-unavailable-error","$v":"Quality of service unavailable"},{"$i":"call-requested-facility-not-subscribed-error","$v":"Requested facility not subscribed"},{"$i":"call-incoming-calls-barred-within-cug-error","$v":"Incoming calls barred within the CUG"},{"$i":"call-bearer-capability-not-authorized-error","$v":"Bearer capability not authorized"},{"$i":"call-bearer-capability-not-available-error","$v":"Bearer capability not presently available"},{"$i":"call-service-not-available-error","$v":"Service or option not available, unspecified"},{"$i":"call-bearer-not-implemented-error","$v":"Bearer service not implemented"},{"$i":"call-incoming-call-exceeded-error","$v":"ACM equal to greater than ACMmax"},{"$i":"call-requested-facility-not-implemented-error","$v":"Requested facility not implemented"},{"$i":"call-unrestricted-bearer-not-available-error","$v":"Only restricted digital information bearer capability is available"},{"$i":"call-service-not-implemented-error","$v":"Service or option not implemented, unspecified "},{"$i":"call-invalid-transaction-id-error","$v":"Invalid transaction identifier value  "},{"$i":"call-not-cug-member-error","$v":"User not member of CUG "},{"$i":"call-incompatible-destination-error","$v":"Incompatible destination  "},{"$i":"call-invalid-transit-network-selection-error","$v":"Invalid transit network selection"},{"$i":"call-semantically-incorrect-message-error","$v":"Semantically incorrect message "},{"$i":"call-invalid-mandatory-info-error","$v":"Invalid mandatory information"},{"$i":"call-message-type-not-implemented-error","$v":"Message type-non compatible with protocol state "},{"$i":"call-message-type-incompatible-protocol-state-error","$v":"Message type not compatible with protocol state  "},{"$i":"call-info-element-not-implemented-error","$v":"Information element nonexistent or not implemented "},{"$i":"call-conditionalIe-error","$v":"Conditional IE error"},{"$i":"call-message-incompatible-protocol-state-error","$v":"Message not compatible with protocol state"},{"$i":"call-recovery-on-timer-expiry-error","$v":"Recovery on timer expiry "},{"$i":"call-protocol-error","$v":"Protocol Error, unspecified "},{"$i":"call-interworking-error","$v":"Interworking, unspecified "},{"$i":"call-service-option-not-subscribed-error","$v":"SIN SUBSCRIPCION AL SERVICIO -33-"},{"$i":"call-unknown-pdp-address-type-error","$v":"FALLA DE AUTENTICACION -29-"},{"$i":"mt-call-on-hold","$v":"Klic je zadržan."},{"$i":"mt-call_retrieved","$v":"Klic je sprejet."},{"$i":"mt-multi_party_call","$v":"Dodani ste v konferenčni klic."},{"$i":"hangup-a11y-button","$v":""},{"$i":"pickup-a11y-button","$v":""},{"$i":"mute","$v":""},{"$i":"toggleKeypad","$v":""},{"$i":"newCall","$v":""},{"$i":"speakerOption","$v":""},{"$i":"bluetoothOption","$v":""},{"$i":"onHoldOption","$v":""},{"$i":"merge","$v":""},{"$i":"ignore","$v":""},{"$i":"dialerAddContact","$v":""},{"$i":"makeCall","$v":""},{"$i":"call-forwarding-async","$v":["Asinhrono: ",{"t":"idOrVar","v":"async"}]},{"$i":"call-forwarding-data","$v":["Podatki: ",{"t":"idOrVar","v":"data"}]},{"$i":"call-forwarding-error","$v":"Med pridobivanjem stanja preusmerjanja klicev je prišlo do napake"},{"$i":"call-forwarding-fax","$v":["FAKS: ",{"t":"idOrVar","v":"fax"}]},{"$i":"call-forwarding-inactive","$v":"Neaktivno"},{"$i":"call-forwarding-packet","$v":["Paket: ",{"t":"idOrVar","v":"packet"}]},{"$i":"call-forwarding-pad","$v":["PAD: ",{"t":"idOrVar","v":"pad"}]},{"$i":"call-forwarding-sms","$v":["SMS: ",{"t":"idOrVar","v":"sms"}]},{"$i":"call-forwarding-status","$v":"Stanje preusmeritve klicev"},{"$i":"call-forwarding-sync","$v":["Sinhrono: ",{"t":"idOrVar","v":"sync"}]},{"$i":"call-forwarding-voice","$v":["Glasovni: ",{"t":"idOrVar","v":"voice"}]},{"$i":"call-forwarding-reason","$v":["Reason: ",{"t":"idOrVar","v":"reason"}]},{"$i":"scCallBarring","$v":"Zapora klicev"},{"$i":"scCallForwarding","$v":"Preusmeritev klicev"},{"$i":"scClip","$v":"ID klicatelja pri dohodnem klicu"},{"$i":"scClir","$v":"ID klicat. pri odhod. klicu"},{"$i":"scPwd","$v":"Sprememba gesla"},{"$i":"scCallWaiting","$v":"Čakajoči klic"},{"$i":"scPin","$v":"Sprememba kode PIN"},{"$i":"scPin2","$v":"Sprememba kode PIN2"},{"$i":"scPuk","$v":"Odblokiraj kodo PIN"},{"$i":"scPuk2","$v":"Odblokiraj kodo PIN2"},{"$i":"scImei","$v":"IMEI"},{"$i":"scMeid","$v":"MEID"},{"$i":"scUssd","$v":"USSD"},{"$i":"serviceClassVoice","$v":"Glasovni"},{"$i":"serviceClassData","$v":"Podatki"},{"$i":"serviceClassFax","$v":"FAKS"},{"$i":"serviceClassSms","$v":"SMS"},{"$i":"serviceClassDataSync","$v":"Sinhronizacija"},{"$i":"serviceClassDataAsync","$v":"Asinhrono"},{"$i":"serviceClassPacket","$v":"Paket"},{"$i":"serviceClassPad","$v":"PAD"},{"$i":"smServiceEnabled","$v":"Storitev je bila omogočena"},{"$i":"smServiceDisabled","$v":"Storitev je bila onemogočena"},{"$i":"smServiceRegistered","$v":"Registracija je bila uspešna"},{"$i":"smServiceErased","$v":"Brisanje je bilo uspešno"},{"$i":"smServiceInterrogated","$v":"Zahteva je bila uspešna"},{"$i":"smServiceNotProvisioned","$v":"Storitev ni na voljo"},{"$i":"smClirPermanent","$v":"Nastavitve za ID klicatelja ne morete spremeniti"},{"$i":"smClirDefaultOnNextCallOn","$v":"Privzeta nastavitev za ID klicatelja je: omejeno. Naslednji klic: omejeno."},{"$i":"smClirDefaultOnNextCallOff","$v":"Privzeta nastavitev za ID klicatelja je: omejeno. Naslednji klic: ni omejeno."},{"$i":"smClirDefaultOffNextCallOn","$v":"Privzeta nastavitev za ID klicatelja je: ni omejeno. Naslednji klic: omejeno."},{"$i":"smClirDefaultOffNextCallOff","$v":"Privzeta nastavitev za ID klicatelja je: ni omejeno. Naslednji klic: ni omejeno."},{"$i":"smServiceEnabledFor","$v":"Storitev je omogoč. za:"},{"$i":"smPinChanged","$v":"Koda PIN je spremenjena"},{"$i":"smPinUnblocked","$v":"Koda PIN je odblokirana"},{"$i":"smPin2Changed","$v":"Koda PIN2 je spremenjena"},{"$i":"smPin2Unblocked","$v":"Koda PIN2 je odblokirana"},{"$i":"ServiceIsEnabled","$v":"Storitev je omogočena"},{"$i":"ServiceIsDisabled","$v":"Storitev je onemogočena"},{"$i":"ServiceIsEnabledFor","$v":"Storitev je omogočena za:"},{"$i":"emMmiError","$v":"Težava v povezavi ali neveljavna koda MMI"},{"$i":"emMmiErrorPasswordIncorrect","$v":"Nepravilno geslo"},{"$i":"emMmiErrorNotSupported","$v":"Neveljavna ali nepodprta koda MMI"},{"$i":"emMmiErrorInvalidAction","$v":"Neveljavno dejanje"},{"$i":"emMmiErrorInvalidScCode","$v":"Neveljavna koda storitve"},{"$i":"emMmiErrorBadPuk","$v":"Vnesena koda PUK je nepravilna"},{"$i":"emMmiErrorBadPin","$v":"Vnesli ste nepravilno staro kodo PIN."},{"$i":"emMmiErrorNeedPuk2","$v":"Vnesite kodo PUK2, da odblokirate kartico SIM"},{"$i":"emMmiErrorMismatchPin","$v":"Vneseni kodi PIN se ne ujemata"},{"$i":"emMmiErrorInvalidPin","$v":"Vnesite kodo PIN, dolgo od 4 do 8 števk"},{"$i":"emMmiErrorNeedsPuk","$v":"Vaša kartica SIM je zaklenjena s kodo PUK."},{"$i":"emMmiErrorEnablePin","$v":"Ni uspelo. Omogočite zaklepanje SIM/RUIM."},{"$i":"emMmiErrorMmiFdn","$v":"Samo za št. za omej. klic."},{"$i":"emMmiErrorStkCcUssdDial","$v":"Zahteva USSD je spremenjena v zahtevo DIAL"},{"$i":"emMmiErrorStkCcUssdSs","$v":"Zahteva USSD je spremenjena v zahtevo SS"},{"$i":"emMmiErrorStkCcUssdUssd","$v":"Zahteva USSD je spremenjena v novo zahtevo USSD"},{"$i":"emMmiErrorStkCcSsDial","$v":"Zahteva SS je spremenjena v zahtevo DIAL"},{"$i":"emMmiErrorStkCcSsUssd","$v":"Zaht. SS spremenjena v zaht. USSD"},{"$i":"emMmiErrorStkCcSsSs","$v":"Zaht. SS spremenjena v novo zaht. SS"},{"$i":"emMmiErrorPinPukAttempts","$v":{"few":[{"t":"idOrVar","v":"n"}," preostali poskusi"],"many":[{"t":"idOrVar","v":"n"}," preostalih poskusov"],"one":["Samo še ",{"t":"idOrVar","v":"n"}," poskus"],"other":[{"t":"idOrVar","v":"n"}," preostalih poskusov"],"two":[{"t":"idOrVar","v":"n"}," preostala poskusa"]},"$x":[{"t":"idOrVar","v":"plural"},"n"]},{"$i":"emMmiErrorSimBlocked","$v":"Dosežena je omejitev števila poskusov. Kartica SIM je blokirana."},{"$i":"RadioNotAvailable","$v":"Radio ni na voljo"},{"$i":"GenericFailure","$v":"Napaka pri izvajanju zahteve."},{"$i":"PasswordIncorrect","$v":"Geslo ni pravilno"},{"$i":"SimPin2","$v":"Koda PIN2 za kartico SIM"},{"$i":"SimPuk2","$v":"Koda PUK2 za kartico SIM"},{"$i":"RequestNotSupported","$v":"Zahteva ni podprta"},{"$i":"OpNotAllowedDuringVoiceCall","$v":"Ni dovolj. med gov. klicem"},{"$i":"SmsSendFailRetry","$v":"SMS send fail retry"},{"$i":"SimAbsent","$v":"Ni kartice SIM"},{"$i":"SubscriptionNotAvailable","$v":"Naročnina ni na voljo"},{"$i":"ModeNotSupported","$v":"Način ni podprt"},{"$i":"FdnCheckFailure","$v":"Napaka pri preverjanju omejenega klicanja"},{"$i":"IllegalSimOrMe","$v":"Neveljaven SIM ali ME"},{"$i":"DialModifiedToUssd","$v":"Klicanje spremenjeno v USSD"},{"$i":"DialModifiedToSs","$v":"Klicanje spremenjeno v SS"},{"$i":"DialModifiedToDial","$v":"Klicanje spremenjeno v klicanje"},{"$i":"UssdModifiedToDial","$v":"USSD spremenjen v klic"},{"$i":"UssdModifiedToSs","$v":"USSD spremenjen v SS"},{"$i":"UssdModifiedToUssd","$v":"USSD spremenjen v USSD"},{"$i":"SsModifiedToDial","$v":"SS je spremenjen v klic"},{"$i":"SsModifiedToUssd","$v":"SS je spremenjen v USSD"},{"$i":"SsModifiedToSs","$v":"SS je spremenjen v SS"},{"$i":"SubscriptionNotSupported","$v":"Naročnina ni podprta"},{"$i":"InvalidParameter","$v":"Neveljaven parameter"},{"$i":"RejectedByRemote","$v":"Zavrnila oddalj. naprava"},{"$i":"error","$v":"Napaka"}]