[{"$i":"weekday-0-long","$v":"Jumapili"},{"$i":"weekday-1-long","$v":"Jumatatu"},{"$i":"weekday-2-long","$v":"Jumanne"},{"$i":"weekday-3-long","$v":"Jumatano"},{"$i":"weekday-4-long","$v":"Alhamisi"},{"$i":"weekday-5-long","$v":"Ijumaa"},{"$i":"weekday-6-long","$v":"Jumamosi"},{"$i":"weekday-0-short","$v":"Jumapili"},{"$i":"weekday-1-short","$v":"Jumatatu"},{"$i":"weekday-2-short","$v":"Jumanne"},{"$i":"weekday-3-short","$v":"Jumatano"},{"$i":"weekday-4-short","$v":"Alhamisi"},{"$i":"weekday-5-short","$v":"Ijumaa"},{"$i":"weekday-6-short","$v":"Jumamosi"},{"$i":"month-0-long","$v":"Januari"},{"$i":"month-1-long","$v":"Februari"},{"$i":"month-2-long","$v":"Machi"},{"$i":"month-3-long","$v":"Aprili"},{"$i":"month-4-long","$v":"Mei"},{"$i":"month-5-long","$v":"Juni"},{"$i":"month-6-long","$v":"Julai"},{"$i":"month-7-long","$v":"Agosti"},{"$i":"month-8-long","$v":"Septemba"},{"$i":"month-9-long","$v":"Oktoba"},{"$i":"month-10-long","$v":"Novemba"},{"$i":"month-11-long","$v":"Desemba"},{"$i":"month-0-genitive","$v":"Januari"},{"$i":"month-1-genitive","$v":"Februari"},{"$i":"month-2-genitive","$v":"Machi"},{"$i":"month-3-genitive","$v":"Aprili"},{"$i":"month-4-genitive","$v":"Mei"},{"$i":"month-5-genitive","$v":"Juni"},{"$i":"month-6-genitive","$v":"Julai"},{"$i":"month-7-genitive","$v":"Agosti"},{"$i":"month-8-genitive","$v":"Septemba"},{"$i":"month-9-genitive","$v":"Oktoba"},{"$i":"month-10-genitive","$v":"Novemba"},{"$i":"month-11-genitive","$v":"Desemba"},{"$i":"month-0-short","$v":"Januari"},{"$i":"month-1-short","$v":"Februari"},{"$i":"month-2-short","$v":"Machi"},{"$i":"month-3-short","$v":"Aprili"},{"$i":"month-4-short","$v":"Mei"},{"$i":"month-5-short","$v":"Juni"},{"$i":"month-6-short","$v":"Julai"},{"$i":"month-7-short","$v":"Agosti"},{"$i":"month-8-short","$v":"Septemba"},{"$i":"month-9-short","$v":"Oktoba"},{"$i":"month-10-short","$v":"Novemba"},{"$i":"month-11-short","$v":"Disemba"},{"$i":"minutes-ago-long","$v":{"few":["dakika ",{"t":"idOrVar","v":"value"}," zilizopita"],"many":["dakika ",{"t":"idOrVar","v":"value"}," zilizopita"],"other":["dakika ",{"t":"idOrVar","v":"value"}," zilizopita"],"two":["dakika ",{"t":"idOrVar","v":"value"}," zilizopita"],"one":"dakika moja iliyopita","zero":"Sasa Hivi"},"$x":[{"t":"idOrVar","v":"plural"},"value"]},{"$i":"hours-ago-long","$v":{"few":["saa ",{"t":"idOrVar","v":"value"}," zilizopita"],"many":["saa ",{"t":"idOrVar","v":"value"}," zilizopita"],"other":["saa ",{"t":"idOrVar","v":"value"}," zilizopita"],"two":["saa ",{"t":"idOrVar","v":"value"}," zilizopita"],"one":"saa moja iliyopita","zero":"Sasa Hivi"},"$x":[{"t":"idOrVar","v":"plural"},"value"]},{"$i":"days-ago-long","$v":{"few":["Siku ",{"t":"idOrVar","v":"value"}," zilizopita"],"many":["Siku ",{"t":"idOrVar","v":"value"}," zilizopita"],"one":"jana","other":["Siku ",{"t":"idOrVar","v":"value"}," zilizopita"],"two":["Siku ",{"t":"idOrVar","v":"value"}," zilizopita"],"zero":"leo"},"$x":[{"t":"idOrVar","v":"plural"},"value"]},{"$i":"weeks-ago-long","$v":{"few":["wiki ",{"t":"idOrVar","v":"value"}," zilizopita"],"many":["wiki ",{"t":"idOrVar","v":"value"}," zilizopita"],"one":"wiki iliyopita","other":["wiki ",{"t":"idOrVar","v":"value"}," zilizopita"],"two":["wiki ",{"t":"idOrVar","v":"value"}," zilizopita"],"zero":"wiki hii"},"$x":[{"t":"idOrVar","v":"plural"},"value"]},{"$i":"months-ago-long","$v":{"few":["miezi ",{"t":"idOrVar","v":"value"}," iliyopita"],"many":["miezi ",{"t":"idOrVar","v":"value"}," iliyopita"],"one":"mwezi uliopita","other":["miezi ",{"t":"idOrVar","v":"value"}," iliyopita"],"two":["miezi ",{"t":"idOrVar","v":"value"}," iliyopita"],"zero":"mwezi huu"},"$x":[{"t":"idOrVar","v":"plural"},"value"]},{"$i":"years-ago-long","$v":{"few":["mwaka ",{"t":"idOrVar","v":"value"}," uliopita"],"many":["mwaka ",{"t":"idOrVar","v":"value"}," uliopita"],"one":"mwaka jana","other":["mwaka ",{"t":"idOrVar","v":"value"}," uliopita"],"two":["mwaka ",{"t":"idOrVar","v":"value"}," uliopita"],"zero":"mwaka huu"},"$x":[{"t":"idOrVar","v":"plural"},"value"]},{"$i":"minutes-until-long","$v":{"few":["baada ya dakika ",{"t":"idOrVar","v":"value"}],"many":["baada ya dakika ",{"t":"idOrVar","v":"value"}],"other":["baada ya dakika ",{"t":"idOrVar","v":"value"}],"two":["baada ya dakika ",{"t":"idOrVar","v":"value"}],"zero":"sasa hivi","one":"baada ya dakika moja"},"$x":[{"t":"idOrVar","v":"plural"},"value"]},{"$i":"hours-until-long","$v":{"few":["baada ya saa ",{"t":"idOrVar","v":"value"}],"many":["baada ya saa ",{"t":"idOrVar","v":"value"}],"other":["baada ya saa ",{"t":"idOrVar","v":"value"}],"two":["baada ya saa ",{"t":"idOrVar","v":"value"}],"zero":"sasa hivi","one":"baada ya saa moja"},"$x":[{"t":"idOrVar","v":"plural"},"value"]},{"$i":"days-until-long","$v":{"few":["baada ya siku ",{"t":"idOrVar","v":"value"}],"many":["baada ya siku ",{"t":"idOrVar","v":"value"}],"one":"kesho","other":["baada ya siku ",{"t":"idOrVar","v":"value"}],"two":["baada ya siku ",{"t":"idOrVar","v":"value"}],"zero":"leo"},"$x":[{"t":"idOrVar","v":"plural"},"value"]},{"$i":"weeks-until-long","$v":{"few":["baada ya wiki ",{"t":"idOrVar","v":"value"}],"many":["baada ya wiki ",{"t":"idOrVar","v":"value"}],"one":"wiki ijayo","other":["baada ya wiki ",{"t":"idOrVar","v":"value"}],"two":["baada ya wiki ",{"t":"idOrVar","v":"value"}],"zero":"wiki hii"},"$x":[{"t":"idOrVar","v":"plural"},"value"]},{"$i":"months-until-long","$v":{"few":["baada ya miezi ",{"t":"idOrVar","v":"value"}],"many":["baada ya miezi ",{"t":"idOrVar","v":"value"}],"one":"mwezi ujao","other":["baada ya miezi ",{"t":"idOrVar","v":"value"}],"two":["baada ya miezi ",{"t":"idOrVar","v":"value"}],"zero":"mwezi huu"},"$x":[{"t":"idOrVar","v":"plural"},"value"]},{"$i":"years-until-long","$v":{"few":["baada ya miaka ",{"t":"idOrVar","v":"value"}],"many":["baada ya miaka ",{"t":"idOrVar","v":"value"}],"one":"mwaka ujao","other":["baada ya miaka ",{"t":"idOrVar","v":"value"}],"two":["baada ya miaka ",{"t":"idOrVar","v":"value"}],"zero":"mwaka huu"},"$x":[{"t":"idOrVar","v":"plural"},"value"]},{"$i":"minutes-ago-short","$v":{"other":["dakika ",{"t":"idOrVar","v":"value"}," iliyopita"],"zero":"Sasa Hivi"},"$x":[{"t":"idOrVar","v":"plural"},"value"]},{"$i":"hours-ago-short","$v":{"other":["saa ",{"t":"idOrVar","v":"value"}," iliyopita"],"zero":"Sasa Hivi"},"$x":[{"t":"idOrVar","v":"plural"},"value"]},{"$i":"days-ago-short","$v":{"other":["Siku ",{"t":"idOrVar","v":"value"}," iliyopita"],"zero":"leo"},"$x":[{"t":"idOrVar","v":"plural"},"value"]},{"$i":"minutes-until-short","$v":{"other":["baada ya dakika ",{"t":"idOrVar","v":"value"}],"zero":"sasa hivi"},"$x":[{"t":"idOrVar","v":"plural"},"value"]},{"$i":"hours-until-short","$v":{"other":["baada ya saa ",{"t":"idOrVar","v":"value"}],"zero":"sasa hivi"},"$x":[{"t":"idOrVar","v":"plural"},"value"]},{"$i":"days-until-short","$v":{"other":["baada ya siku ",{"t":"idOrVar","v":"value"}],"zero":"leo"},"$x":[{"t":"idOrVar","v":"plural"},"value"]},{"$i":"incorrectDate","$v":"(Tarehe isiyo sahihi)"},{"$i":"dateTimeFormat_%c","$v":"%a %b %e %Y %I:%M:%S %p"},{"$i":"dateTimeFormat_%x","$v":"%m/%d/%Y"},{"$i":"dateTimeFormat_%X","$v":"%I:%M:%S %p"},{"$i":"shortTimeFormat","$v":"%I:%M %p"},{"$i":"shortTimeFormat12","$v":"%I:%M %p"},{"$i":"shortTimeFormat24","$v":"%H:%M"},{"$i":"shortDateTimeFormat","$v":"%x %I:%M %p"},{"$i":"weekStartsOnMonday","$v":"0.0"},{"$i":"firstDayOfTheWeek","$v":"0.0"},{"$i":"time_am","$v":"Asubuhi"},{"$i":"time_pm","$v":"PM"},{"$i":"airplaneMode","$v":"Modi ya ndege"},{"$i":"searching","$v":"Inatafuta..."},{"$i":"noNetwork","$v":"Hakuna mtandao"},{"$i":"roaming","$v":[{"t":"idOrVar","v":"operator"}," (Utambizi)"]},{"$i":"operator-info","$v":[{"t":"idOrVar","v":"carrier"}," ",{"t":"idOrVar","v":"region"}]},{"$i":"emergencyCallsOnly","$v":"Simu za dharura pekee"},{"$i":"emergencyCallsOnly-unknownSIMState","$v":"(hali ya SIM haijulikani)"},{"$i":"emergencyCallsOnly-noSIM","$v":"(hakuna SIM)"},{"$i":"emergencyCallsOnly-pinRequired","$v":"(PIN ya SIM inahitajika)"},{"$i":"emergencyCallsOnly-pukRequired","$v":"(PUK ya SIM inahitajika)"},{"$i":"emergencyCallsOnly-networkLocked","$v":"(mtandao umefungwa)"},{"$i":"emergencyCallsOnly-serviceProviderLocked","$v":"(mtoa huduma amefungwa)"},{"$i":"emergencyCallsOnly-corporateLocked","$v":"(shirika limefungwa)"},{"$i":"emergencyCallsOnly-network1Locked","$v":"(mtandao 1 umefungwa)"},{"$i":"emergencyCallsOnly-network2Locked","$v":"(mtandao 2 umefungwa)"},{"$i":"emergencyCallsOnly-hrpdNetworkLocked","$v":"(mtandao wa hrpd umefungwa)"},{"$i":"emergencyCallsOnly-ruimCorporateLocked","$v":"(shirika la ruim limefungwa)"},{"$i":"emergencyCallsOnly-ruimServiceProviderLocked","$v":"(mtoa huduma wa ruim amefungwa)"},{"$i":"lockscreen-sim-id","$v":["SIM ",{"t":"idOrVar","v":"n"}]},{"$i":"charging-no-time","$v":[{"t":"idOrVar","v":"level"},"% linachaji"]},{"$i":"charging-minutes","$v":{"few":[{"t":"idOrVar","v":"level"},"% Imechajiwa (Dakika ",{"t":"idOrVar","v":"minutes"}," hadi lijae)"],"many":[{"t":"idOrVar","v":"level"},"% Imechajiwa (Dakika ",{"t":"idOrVar","v":"minutes"}," hadi lijae)"],"one":[{"t":"idOrVar","v":"level"},"% Imechajiwa (Dakika ",{"t":"idOrVar","v":"minutes"}," hadi lijae)"],"other":[{"t":"idOrVar","v":"level"},"% Imechajiwa (Dakika ",{"t":"idOrVar","v":"minutes"}," hadi lijae)"],"two":[{"t":"idOrVar","v":"level"},"% Imechajiwa (Dakika ",{"t":"idOrVar","v":"minutes"}," hadi lijae)"],"zero":[{"t":"idOrVar","v":"level"},"% Imechajiwa (Dakika ",{"t":"idOrVar","v":"minutes"}," hadi lijae)"]},"$x":[{"t":"idOrVar","v":"plural"},"minutes"]},{"$i":"charging-hours","$v":{"few":[{"t":"idOrVar","v":"level"},"% Imechajiwa (Saa ",{"t":"idOrVar","v":"hours"}," dakika ",{"t":"idOrVar","v":"minutes"}," hadi lijae)"],"many":[{"t":"idOrVar","v":"level"},"% Imechajiwa (Saa ",{"t":"idOrVar","v":"hours"}," dakika ",{"t":"idOrVar","v":"minutes"}," hadi lijae)"],"one":[{"t":"idOrVar","v":"level"},"% Imechajiwa (Saa ",{"t":"idOrVar","v":"hours"}," dakika ",{"t":"idOrVar","v":"minutes"}," hadi lijae)"],"other":[{"t":"idOrVar","v":"level"},"% Imechajiwa (Saa ",{"t":"idOrVar","v":"hours"}," dakika ",{"t":"idOrVar","v":"minutes"}," hadi lijae)"],"two":[{"t":"idOrVar","v":"level"},"% Imechajiwa (Saa ",{"t":"idOrVar","v":"hours"}," dakika ",{"t":"idOrVar","v":"minutes"}," hadi lijae)"],"zero":[{"t":"idOrVar","v":"level"},"% Imechajiwa (Saa ",{"t":"idOrVar","v":"hours"}," dakika ",{"t":"idOrVar","v":"minutes"}," hadi lijae)"]},"$x":[{"t":"idOrVar","v":"plural"},"minutes"]},{"$i":"phoneNumberInput","ariaLabel":"Nambari ya simu"},{"$i":"keypadDelete","ariaLabel":"Futa"},{"$i":"voiceMailKey","ariaLabel":"Ujumbe wa sauti"},{"$i":"asterisk","ariaLabel":"Kinyota"},{"$i":"hashSign","ariaLabel":"Alama ya reli"},{"$i":"cancel","$v":"Ghairi"},{"$i":"loadingSimContacts","$v":"Inaingiza anwani za kadi ya SIM..."},{"$i":"noContactsWereFound","$v":"Hakuna anwani zilipatikana"},{"$i":"noContactsFoundDialogOk","$v":"SAWA"},{"$i":"emergencyNumber","$v":"Nambari ya dharura"},{"$i":"callAirplaneModeMessage","$v":"Ili upige simu unahitaji kulemaza modi ya ndege katika mipangilio."},{"$i":"callAirplaneModeBtnOk","$v":"SAWA"},{"$i":"callAirplaneModeTitle","$v":"Modi ya ndege imeamilishwa"},{"$i":"numberIsBusyTitle","$v":"Nambati inatumika"},{"$i":"numberIsBusyMessage","$v":"Nambari inatumika kwa sasa. Tafadhali jaribu tena baadaye."},{"$i":"fdnIsActiveTitle","$v":"FDN imeamilishwa"},{"$i":"fdnIsActiveMessage","$v":["FDN (Nambari ya Simu ya Kudumu) imeamilishwa na nambari inayofuata haiko katika orodha yako ya FDN: ",{"t":"idOrVar","v":"number"}]},{"$i":"emergencyDialogBodyBadNumber","$v":"Ili upige simu, lazime simu iwe imeunganishwa kwenye mtandao."},{"$i":"emergencyDialogBodyDeviceNotAccepted","$v":"Simu za dharura haziruhusiwi na mtandao."},{"$i":"emergencyDialogBtnOk","$v":"SAWA"},{"$i":"emergencyDialogTitle","$v":"Hakuna muunganisho wa mtandao"},{"$i":"invalidNumberToDialTitle","$v":"Nambari ya simu isiyo halali"},{"$i":"invalidNumberToDialMessage","$v":"Nambari ya simu unayopiga sio halali"},{"$i":"unableToCallTitle","$v":"Huwezi kupiga simu"},{"$i":"unableToCallMessage","$v":"Imeshindwa kupiga simu sasa."},{"$i":"otherConnectionInUseTitle","$v":"Muunganisho mwingine unatumika"},{"$i":"otherConnectionInUseMessage","$v":"Una simu inayoendelea kwenye muunganisho mwingine. Unaweza kutumia muunganisho mmoja tu kwa wakati mmoja."},{"$i":"connectingEllipsis","$v":"Inaunganisha..."},{"$i":"clear","$v":"Futa"},{"$i":"dialer","$v":"Kidayo"},{"$i":"vt-incoming-call","$v":"Simu ya video inaingia…"},{"$i":"kai-incoming-call","$v":"Simu Inayoingia"},{"$i":"kai-in-call","$v":"Kwenye simu"},{"$i":"kai-answer","$v":"Jibu"},{"$i":"kai-end-answer","$v":"Kata na ujibu"},{"$i":"kai-decline","$v":"Kataa"},{"$i":"enter-passcode","$v":"Tafadhali andika nenosiri ili ufungue skrini."},{"$i":"passcode-error","$v":"Msimbo sio sahihi. Tafadhali jaribu tena."},{"$i":"lockscreenInvalidCode","$v":"Msimbo huu si halali."},{"$i":"lockscreenColdDown","$v":["Msimbo huu si halali. Jaribu kwenye ",{"t":"idOrVar","v":"n"},"."]},{"$i":"lockscreenCheckLockCode","$v":{"few":["Msimbo huu si halali. ",{"t":"idOrVar","v":"n"}," nafasi za kujaribu zimesalia."],"one":["Msimbo huu si halali. ",{"t":"idOrVar","v":"n"}," nafasi moja ya kujaribu imesalia."],"other":["Msimbo huu si halali. ",{"t":"idOrVar","v":"n"}," nafasi za kujaribu zimesalia."],"two":["Msimbo huu si halali. ",{"t":"idOrVar","v":"n"}," nafasi za kujaribu zimesalia."]},"$x":[{"t":"idOrVar","v":"plural"},"n"]},{"$i":"videoCall","$v":"Simu ya Video"},{"$i":"voice-call","$v":"Badilisha iwe sauti"},{"$i":"video-call","$v":"Badilisha utumie video"},{"$i":"message","$v":"Ujumbe"},{"$i":"answer-rtt-call","$v":"Jibu RTT"},{"$i":"req-rtt-call","$v":"RTT YA ANS"},{"$i":"rtt-call","$v":"Simu ya RTT"},{"$i":"rtt-view","$v":"Mtazamo wa RTT"},{"$i":"change-to-rtt-call","$v":"Inaunganisha simu ya RTT..."},{"$i":"change-to-voice-call","$v":"Imebadilishwa kuwa mazungumzo ya sauti."},{"$i":"upgrading-rtt","$v":"Inaboresha iwe simu ya RTT..."},{"$i":"rtt-call-failed","$v":"Simu ya RTT haikufaulu."},{"$i":"voice-call-failed","$v":"Simu ya sauti haikufaulu."},{"$i":"rtt","$v":"RTT"},{"$i":"rtt-emegency-upgrade-rejected","$v":"RTT haipatikani kwa simu hii ya 911."},{"$i":"rtt-emegency-downgrade","$v":"RTT haipatikani kwa simu hii ya 911. Mazungumzo yako ya simu yameunganishwa kama ya sauti tu. Ukikubwa na tatizo, tafadhali tuma ujumbe wa sauti au upige simu kwa 911."},{"$i":"voice-only-call","$v":"Simu yako imeunganishwa kama simu ya sauti tu."},{"$i":"ans-rtt-failed","$v":"Imeshindwa kuanzisha kupiga simu ya RTT. Simu yako imeunganishwa kama simu ya sauti-pekee."},{"$i":"back","$v":"Nyuma"},{"$i":"new-message","$v":"Ujumbe mpya kutoka"},{"$i":"kai-mute","$v":"Nyamazisha"},{"$i":"kai-unmute","$v":"Weka sauti"},{"$i":"kai-speaker","$v":"Spika"},{"$i":"kai-speaker-off","$v":"Spika imezimwa"},{"$i":"kai-microphone-mute-notification","$v":"Mikrofoni imenyamazishwa"},{"$i":"kai-microphone-active-notification","$v":"Mikrofoni imeamilishwa"},{"$i":"kai-speaker-off-notification","$v":"Spika ya nje imezimwa"},{"$i":"kai-speaker-on-notification","$v":"Spika ya nje imewashwa"},{"$i":"kai-hold-and-answer","$v":"Weka katika Modi ya Kusubiri na Ujibu"},{"$i":"kai-ignore-call","$v":"Puuza Simu inayoingia"},{"$i":"kai-add-to-call","$v":"Ongeza simu"},{"$i":"kai-switch-to-second-line","$v":"Badilisha simu"},{"$i":"kai-merge-calls","$v":"Unganisha simu"},{"$i":"ok","$v":"Sawa"},{"$i":"losing-wifi-msg","$v":"unapoteza Wi-Fi"},{"$i":"personal","$v":"Ya kibinafsi"},{"$i":"mobile","$v":"Simu ya mkononi"},{"$i":"home","$v":"Nyumbani"},{"$i":"work","$v":"Kazi"},{"$i":"other","$v":"Nyingine"},{"$i":"fax-home","$v":"Tuma faksi nyumbani"},{"$i":"fax-office","$v":"Tuma faksi ofisini"},{"$i":"fax-other","$v":"Tuma faksi mahali pengine"},{"$i":"hd","$v":"HD"},{"$i":"manage-call","$v":"Dhibiti simu"},{"$i":"end","$v":"Kata Simu"},{"$i":"private","$v":"Ya siri"},{"$i":"sound","$v":"Sauti"},{"$i":"bluetooth-device","$v":"Kifaa cha Bluetooth"},{"$i":"handset-earpiece","$v":"Simu"},{"$i":"speaker","$v":"Spika"},{"$i":"call-ended","$v":"Simu imekatika"},{"$i":"payphone","$v":"Simu ya kulipia"},{"$i":"contact","$v":"Anwani"},{"$i":"dialer-prompt","$v":"Dayo nambari au chagua anwani ya kuongeza kwenye simu"},{"$i":"call","$v":"Piga simu"},{"$i":"hold","$v":"Shikilia"},{"$i":"callHeldDuration","$v":["Shikilia (",{"t":"idOrVar","v":"duration"},")"]},{"$i":"volume","$v":"Kiwango-sauti"},{"$i":"softkey-options","$v":"Chaguo"},{"$i":"unhold-call","$v":"Endelea na mazungumza"},{"$i":"hold-call","$v":"Sitisha mazungumzo ya simu"},{"$i":"select","$v":"Chagua"},{"$i":"unknown","$v":"Isiyojulikana"},{"$i":"switch-calls","$v":"Badilisha simu"},{"$i":"voiceMail","$v":"Ujumbe wa sauti"},{"$i":"incoming","$v":"Incoming"},{"$i":"outgoing","$v":"Inayotoka"},{"$i":"callEnded","$v":"Simu Imekatika"},{"$i":"callEndedDuration","$v":["Simu Imekamilika (",{"t":"idOrVar","v":"duration"},")"]},{"$i":"conferenceAddError","$v":"Haiwezi kuunganisha simu"},{"$i":"conferenceRemoveError","$v":"Haiwezi kutenganisha simu"},{"$i":"valid-number","$v":"Nambari Halali"},{"$i":"numberBlockedMessage","$v":"Nambari hii imefungwa. Unaweza kuwaomba wazazi wako ruhusa."},{"$i":"callDurationMinutes","$v":[{"t":"idOrVar","v":"m"},":",{"t":"idOrVar","v":"s"}]},{"$i":"callDurationHours","$v":[{"t":"idOrVar","v":"h"},":",{"t":"idOrVar","v":"m"},":",{"t":"idOrVar","v":"s"}]},{"$i":"switch-to-device-toast","$v":"Imebadilishwa kwa kifaa cha Bluetooth"},{"$i":"switch-to-handset-toast","$v":"Imebadilishwa kuwa kifaa cha vipokea sauti cha simu"},{"$i":"switch-to-speaker-toast","$v":"Imebadilishwa kwa spika"},{"$i":"connecting","$v":"Inaunganisha"},{"$i":"wifi-call-quality-excellent","$v":"Bora kabisa"},{"$i":"wifi-call-quality-fair","$v":"Sawa"},{"$i":"wifi-call-quality-bad","$v":"Mbaya"},{"$i":"call-left-conference-toast","$v":"ameondoka kutoka kwenye simu"},{"$i":"camera-off","$v":"Kamera imezimwa"},{"$i":"camera-on","$v":"Kamera imewashwa"},{"$i":"rear-camera","$v":"Kamera ya nyuma"},{"$i":"front-camera","$v":"Kamera ya mbele"},{"$i":"hide-info","$v":"Ficha maelezo"},{"$i":"show-info","$v":"Onyesha maelezo"},{"$i":"video-call-rejected","$v":"Simu ya video imekataliwa, badilisha kwa simu ya sauti."},{"$i":"video-call-not-support","$v":"Simu ya video haikubaliwi."},{"$i":"video-call-rejected-timeout","$v":"Mazungumzo ya video ya yamekataliwa au kukatika."},{"$i":"video-call-from","$v":["Kupokea simu ya video kutoka ",{"t":"idOrVar","v":"name"},"."]},{"$i":"video-call-canceled","$v":"Simu ya video imekatika."},{"$i":"video-call-failed","$v":"Simu ya video Haijafaulu."},{"$i":"call-downgraded","$v":"Mazungumzo ya simu yatashushwa."},{"$i":"wifi-calling","$v":"Upigaji simu wa Wi-Fi"},{"$i":"wifi-calling-1","$v":"Simu yako inaweza kukatika."},{"$i":"wifi-calling-2","$v":"Umekaribia nje ya masafa ya Mawimbi ya Wi-Fi."},{"$i":"wifi-calling-dropped","$v":"Wi-Fi Calling imekatizwa."},{"$i":"accept","$v":"Kubali"},{"$i":"conference-call-num","$v":["Watu ",{"t":"idOrVar","v":"num"}," katika mzungumzo ya simu."]},{"$i":"more","$v":"Zaidi"},{"$i":"rec","$v":"REK"},{"$i":"start-recording-call","$v":"Anza kurekodi mazungumzo ya simu."},{"$i":"stop-recording-call","$v":"Sitisha kurekodi mazungumzo ya simu."},{"$i":"insufficient-storage","$v":"Nafasi ya hifadhi haitoshi. Kurekodi kumesitishwa."},{"$i":"confirmation","$v":"Uthibitishaji"},{"$i":"get-empty-ussd","$v":"Imepokea jibu tupu."},{"$i":"message-sent","$v":"Ujumbe umetumwa."},{"$i":"messages","$v":"Ujumbe"},{"$i":"wait","$v":"Tafadhali subiri..."},{"$i":"send","$v":"Tuma"},{"$i":"reply","$v":"Jibu"},{"$i":"reply-message-1","$v":"Samahani, siwezi kuzungumza sasa hivi."},{"$i":"reply-message-2","$v":"Niko njiani nikija."},{"$i":"reply-message-3","$v":"Naweza kukupigia simu baadaye?"},{"$i":"reply-message-4","$v":"Andaa.."},{"$i":"reply-to-name","$v":["Umemjibu  ",{"t":"idOrVar","v":"name"}]},{"$i":"call-busy-error","$v":"BusyError"},{"$i":"call-bad-number-error","$v":"BadNumberError"},{"$i":"call-no-route-to-destination-error","$v":"No route to destination."},{"$i":"call-channel-unacceptable-error","$v":"Channel unacceptable"},{"$i":"call-operator-determined-barring-error","$v":"Operator determined barring"},{"$i":"call-normal-call-clearing-error","$v":"LLAMADA TERMINADA"},{"$i":"call-no-user-responding-error","$v":"No user responding"},{"$i":"call-user-alerting-no-answer-error","$v":"User alerting, no answer  "},{"$i":"call-call-rejected-error","$v":"Call rejected"},{"$i":"call-number-changed-error","$v":"Number Changed "},{"$i":"call-pre-emption-error","$v":"Pre-emption"},{"$i":"call-destination-out-of-order-error","$v":"Destination out of order "},{"$i":"call-invalid-number-format-error","$v":"Invalid number format "},{"$i":"call-facility-rejected-error","$v":"Facility rejected "},{"$i":"call-response-to-status-enquiry-error","$v":"Response to "},{"$i":"call-unspecified-error","$v":"Normal, unspecified "},{"$i":"call-congestion-error","$v":"No circuit/channel available"},{"$i":"call-network-out-of-order-error","$v":"Network out of order  "},{"$i":"call-network-temp-failure-error","$v":"Temporary Failure"},{"$i":"call-switching-equip-congestion-error","$v":"Switching equipment congestion"},{"$i":"call-access-info-discarded-error","$v":"Access information discarded "},{"$i":"call-requested-channel-not-available-error","$v":"requested circuit/channel not available"},{"$i":"call-resource-unavailable-error","$v":"Resources unavailable, unspecified"},{"$i":"call-qos-unavailable-error","$v":"Quality of service unavailable"},{"$i":"call-requested-facility-not-subscribed-error","$v":"Requested facility not subscribed"},{"$i":"call-incoming-calls-barred-within-cug-error","$v":"Incoming calls barred within the CUG"},{"$i":"call-bearer-capability-not-authorized-error","$v":"Bearer capability not authorized"},{"$i":"call-bearer-capability-not-available-error","$v":"Bearer capability not presently available"},{"$i":"call-service-not-available-error","$v":"Service or option not available, unspecified"},{"$i":"call-bearer-not-implemented-error","$v":"Bearer service not implemented"},{"$i":"call-incoming-call-exceeded-error","$v":"ACM equal to greater than ACMmax"},{"$i":"call-requested-facility-not-implemented-error","$v":"Requested facility not implemented"},{"$i":"call-unrestricted-bearer-not-available-error","$v":"Only restricted digital information bearer capability is available"},{"$i":"call-service-not-implemented-error","$v":"Service or option not implemented, unspecified "},{"$i":"call-invalid-transaction-id-error","$v":"Invalid transaction identifier value  "},{"$i":"call-not-cug-member-error","$v":"User not member of CUG "},{"$i":"call-incompatible-destination-error","$v":"Incompatible destination  "},{"$i":"call-invalid-transit-network-selection-error","$v":"Invalid transit network selection"},{"$i":"call-semantically-incorrect-message-error","$v":"Semantically incorrect message "},{"$i":"call-invalid-mandatory-info-error","$v":"Invalid mandatory information"},{"$i":"call-message-type-not-implemented-error","$v":"Message type-non compatible with protocol state "},{"$i":"call-message-type-incompatible-protocol-state-error","$v":"Message type not compatible with protocol state  "},{"$i":"call-info-element-not-implemented-error","$v":"Information element nonexistent or not implemented "},{"$i":"call-conditionalIe-error","$v":"Conditional IE error"},{"$i":"call-message-incompatible-protocol-state-error","$v":"Message not compatible with protocol state"},{"$i":"call-recovery-on-timer-expiry-error","$v":"Recovery on timer expiry "},{"$i":"call-protocol-error","$v":"Protocol Error, unspecified "},{"$i":"call-interworking-error","$v":"Interworking, unspecified "},{"$i":"call-service-option-not-subscribed-error","$v":"SIN SUBSCRIPCION AL SERVICIO -33-"},{"$i":"call-unknown-pdp-address-type-error","$v":"FALLA DE AUTENTICACION -29-"},{"$i":"mt-call-on-hold","$v":"Mazungumzo ya simu yamesitishwa kwa muda."},{"$i":"mt-call_retrieved","$v":"Mazungumzo ya simu yamerejeshwa."},{"$i":"mt-multi_party_call","$v":"Umeongezwa kwenye mkutano wa simu."},{"$i":"hangup-a11y-button","$v":""},{"$i":"pickup-a11y-button","$v":""},{"$i":"mute","$v":""},{"$i":"toggleKeypad","$v":""},{"$i":"newCall","$v":""},{"$i":"speakerOption","$v":""},{"$i":"bluetoothOption","$v":""},{"$i":"onHoldOption","$v":""},{"$i":"merge","$v":""},{"$i":"ignore","$v":""},{"$i":"dialerAddContact","$v":""},{"$i":"makeCall","$v":""},{"$i":"call-forwarding-async","$v":["Solandanifu: ",{"t":"idOrVar","v":"async"}]},{"$i":"call-forwarding-data","$v":["Data: ",{"t":"idOrVar","v":"data"}]},{"$i":"call-forwarding-error","$v":"Hitilafu ilitokea wakati wa kuepua hali ya usambazaji wa simu"},{"$i":"call-forwarding-fax","$v":["FAKSI: ",{"t":"idOrVar","v":"fax"}]},{"$i":"call-forwarding-inactive","$v":"Sio amilifu"},{"$i":"call-forwarding-packet","$v":["Pakiti: ",{"t":"idOrVar","v":"packet"}]},{"$i":"call-forwarding-pad","$v":["PEDI: ",{"t":"idOrVar","v":"pad"}]},{"$i":"call-forwarding-sms","$v":["SMS: ",{"t":"idOrVar","v":"sms"}]},{"$i":"call-forwarding-status","$v":"Hali ya usambazaji wa simu"},{"$i":"call-forwarding-sync","$v":["Landanifu: ",{"t":"idOrVar","v":"sync"}]},{"$i":"call-forwarding-voice","$v":["Sauti: ",{"t":"idOrVar","v":"voice"}]},{"$i":"call-forwarding-reason","$v":["Reason: ",{"t":"idOrVar","v":"reason"}]},{"$i":"scCallBarring","$v":"Uzuiaji wa simu"},{"$i":"scCallForwarding","$v":"Upelekaji mbele wa simu"},{"$i":"scClip","$v":"Utambulisho wa Simu Inayoingia"},{"$i":"scClir","$v":"Utambulisho wa Simu Inayotoka"},{"$i":"scPwd","$v":"Badilisha nenosiri"},{"$i":"scCallWaiting","$v":"Kusubiri kwa simu"},{"$i":"scPin","$v":"Ubadilishaji wa PIN"},{"$i":"scPin2","$v":"Ubadilishaji wa PIN2"},{"$i":"scPuk","$v":"Ruhusu PIN"},{"$i":"scPuk2","$v":"Ruhusu PIN2"},{"$i":"scImei","$v":"IMEI"},{"$i":"scMeid","$v":"MEID"},{"$i":"scUssd","$v":"USSD"},{"$i":"serviceClassVoice","$v":"Sauti"},{"$i":"serviceClassData","$v":"Data"},{"$i":"serviceClassFax","$v":"FAKSI"},{"$i":"serviceClassSms","$v":"SMS"},{"$i":"serviceClassDataSync","$v":"Landanisha"},{"$i":"serviceClassDataAsync","$v":"Tenganisha"},{"$i":"serviceClassPacket","$v":"Pakiti"},{"$i":"serviceClassPad","$v":"PAD"},{"$i":"smServiceEnabled","$v":"Huduma iliwezeshwa"},{"$i":"smServiceDisabled","$v":"Huduma imelemazwa"},{"$i":"smServiceRegistered","$v":"Usajili ulifaulu"},{"$i":"smServiceErased","$v":"Ufutaji ulifaulu"},{"$i":"smServiceInterrogated","$v":"Agizo lilifaulu"},{"$i":"smServiceNotProvisioned","$v":"Huduma haijatolewa"},{"$i":"smClirPermanent","$v":"Huwezi kubadilisha mpangilio wa kitambulishi cha mpigaji simu."},{"$i":"smClirDefaultOnNextCallOn","$v":"Kama chaguo-msingi utambulisho wa mpiga simu umezuiwa. Simu inayofuata: Zuiliwa"},{"$i":"smClirDefaultOnNextCallOff","$v":"Kama chaguo-msingi utambulisho wa mpiga simu umezuiwa. Simu inayofuata: Haijazuiwa"},{"$i":"smClirDefaultOffNextCallOn","$v":"Kama chaguo-msingi utambulisho wa mpiga simu haujazuiwa. Simu inayofuata: Imezuiwa"},{"$i":"smClirDefaultOffNextCallOff","$v":"Kama chaguo-msingi utambulisho wa mpiga simu haujazuiwa. Simu inayofuata: Haijazuiwa"},{"$i":"smServiceEnabledFor","$v":"Huduma iliwezeshwa kwa:"},{"$i":"smPinChanged","$v":"PIN imebadilishwa kwa mafanikio"},{"$i":"smPinUnblocked","$v":"PIN imeruhusiwa kwa mafanikio"},{"$i":"smPin2Changed","$v":"PIN2 imebadilishwa kwa mafanikio"},{"$i":"smPin2Unblocked","$v":"PIN2 imeruhusiwa kwa mafanikio"},{"$i":"ServiceIsEnabled","$v":"Huduma imewezeshwa"},{"$i":"ServiceIsDisabled","$v":"Huduma imelemazwa"},{"$i":"ServiceIsEnabledFor","$v":"Huduma imewezeshwa kwa:"},{"$i":"emMmiError","$v":"Tatizo la muunganisho au msimbo wa MMI sio halali"},{"$i":"emMmiErrorPasswordIncorrect","$v":"Nenosiri Sio Halali"},{"$i":"emMmiErrorNotSupported","$v":"Msimbo wa MMI Sio Halalu au Haaukubaliki"},{"$i":"emMmiErrorInvalidAction","$v":"Hatua sio halali"},{"$i":"emMmiErrorInvalidScCode","$v":"Msimbo wa huduma sio halali"},{"$i":"emMmiErrorBadPuk","$v":"PUK uliyocharaza sio sahihi."},{"$i":"emMmiErrorBadPin","$v":"PIN ya zamani uliyocharaza sio sahihi."},{"$i":"emMmiErrorNeedPuk2","$v":"Charaza PUK2 ili uruhusu kadi ya SIM"},{"$i":"emMmiErrorMismatchPin","$v":"PIN ulizocharaza hazilingani"},{"$i":"emMmiErrorInvalidPin","$v":"Charaza PIN yenye nambari 4 hadi 8"},{"$i":"emMmiErrorNeedsPuk","$v":"Kadi yako ya SIM imefungwa na PUK"},{"$i":"emMmiErrorEnablePin","$v":"Haijafaulu. Wezesha UFUNGAJI wa SIM/RUIM"},{"$i":"emMmiErrorMmiFdn","$v":"Shughuli imeziuwa kwenye nambari za kudayo za kudumu pekee"},{"$i":"emMmiErrorStkCcUssdDial","$v":"Agizo la USSD limerekebishwa kuwa agizo la KUDAYO"},{"$i":"emMmiErrorStkCcUssdSs","$v":"Agizo la USSD limerekebishwa kuwa agizo la SS"},{"$i":"emMmiErrorStkCcUssdUssd","$v":"Agizo la USSD limerekebishwa kuwa agizo lipya la USSD"},{"$i":"emMmiErrorStkCcSsDial","$v":"Agizo la SS limerekebishwa kuwa agizo la KUDAYO"},{"$i":"emMmiErrorStkCcSsUssd","$v":"Agizo la SS limerekebishwa kuwa agizo la USSD"},{"$i":"emMmiErrorStkCcSsSs","$v":"Agizo la SS limerekebishwa kuwa agizo lipya la SS"},{"$i":"emMmiErrorPinPukAttempts","$v":{"few":["Umesalia na majaribio ",{"t":"idOrVar","v":"n"}," mapya"],"many":["Umesalia na majaribio ",{"t":"idOrVar","v":"n"}," mapya"],"one":["Umesalia na jaribio ",{"t":"idOrVar","v":"n"}," mapya pekee"],"other":["Umesalia na majaribio ",{"t":"idOrVar","v":"n"}," mapya"],"two":["Umesalia na majaribio ",{"t":"idOrVar","v":"n"}," mapya"]},"$x":[{"t":"idOrVar","v":"plural"},"n"]},{"$i":"emMmiErrorSimBlocked","$v":"Idadi ya upeo ya majaribio imezidishwa. SIM imezibwa"},{"$i":"RadioNotAvailable","$v":"Redio haipatikani"},{"$i":"GenericFailure","$v":"Hitilafu imetokea wakati wa kutuma ombi."},{"$i":"PasswordIncorrect","$v":"Nenosiri sio sahihi"},{"$i":"SimPin2","$v":"PIN2 ya SIM"},{"$i":"SimPuk2","$v":"PUK2 ya SIM"},{"$i":"RequestNotSupported","$v":"Agizo halikubaliwi"},{"$i":"OpNotAllowedDuringVoiceCall","$v":"Shughuli haikubaliwi wakati wa simu ya sauti"},{"$i":"SmsSendFailRetry","$v":"Utumaji wa SMS haujafaulu jaribu tena"},{"$i":"SimAbsent","$v":"SIM haipo"},{"$i":"SubscriptionNotAvailable","$v":"Usajili haupatikani"},{"$i":"ModeNotSupported","$v":"Modi haikubaliwi"},{"$i":"FdnCheckFailure","$v":"Hitilafu ya ukaguaji wa FDN"},{"$i":"IllegalSimOrMe","$v":"SIM au ME sio halali"},{"$i":"DialModifiedToUssd","$v":"Kudayo kubadilishwa kuwa USSD"},{"$i":"DialModifiedToSs","$v":"Kudayo kubadilishwa kuwa SS"},{"$i":"DialModifiedToDial","$v":"Kudayo kubadilishwa kuwa kudayo"},{"$i":"UssdModifiedToDial","$v":"USSD imebadilisha kuwa kudayo"},{"$i":"UssdModifiedToSs","$v":"USSD imebadilisha kuwa SS"},{"$i":"UssdModifiedToUssd","$v":"USSD imebadilisha kuwa USSD"},{"$i":"SsModifiedToDial","$v":"SS imebadilisha kuwa kudayo"},{"$i":"SsModifiedToUssd","$v":"SS imebadilisha kuwa USSD"},{"$i":"SsModifiedToSs","$v":"SS imebadilisha kuwa SS"},{"$i":"SubscriptionNotSupported","$v":"Usajili haukubaliwi"},{"$i":"InvalidParameter","$v":"Kipengele batili"},{"$i":"RejectedByRemote","$v":"Imekataliwa na rimoti"},{"$i":"error","$v":"Hitilafu"}]