[{"$i":"weekday-0-long","$v":"ஞாயிறுக்கிழமை"},{"$i":"weekday-1-long","$v":"திங்கள்"},{"$i":"weekday-2-long","$v":"செவ்வாய்க்கிழமை"},{"$i":"weekday-3-long","$v":"புதன்கிழமை"},{"$i":"weekday-4-long","$v":"வியாழக்கிழமை"},{"$i":"weekday-5-long","$v":"வெள்ளி"},{"$i":"weekday-6-long","$v":"சனிக்கிழமை"},{"$i":"weekday-0-short","$v":"ஞாயிறுக்கிழமை"},{"$i":"weekday-1-short","$v":"திங்கள்"},{"$i":"weekday-2-short","$v":"செவ்வாய்க்கிழமை"},{"$i":"weekday-3-short","$v":"புதன்கிழமை"},{"$i":"weekday-4-short","$v":"வியாழன்"},{"$i":"weekday-5-short","$v":"வெள்ளி"},{"$i":"weekday-6-short","$v":"சனிக்கிழமை"},{"$i":"month-0-long","$v":"ஜனவரி"},{"$i":"month-1-long","$v":"பிப்ரவரி"},{"$i":"month-2-long","$v":"மார்ச்"},{"$i":"month-3-long","$v":"ஏப்ரல்"},{"$i":"month-4-long","$v":"மே"},{"$i":"month-5-long","$v":"ஜூன்"},{"$i":"month-6-long","$v":"ஜூலை"},{"$i":"month-7-long","$v":"ஆகஸ்ட்"},{"$i":"month-8-long","$v":"செப்டம்பர்"},{"$i":"month-9-long","$v":"அக்டோபர்"},{"$i":"month-10-long","$v":"நவம்பர்"},{"$i":"month-11-long","$v":"டிசம்பர்"},{"$i":"month-0-genitive","$v":"ஜனவரி"},{"$i":"month-1-genitive","$v":"பிப்ரவரி"},{"$i":"month-2-genitive","$v":"மார்ச்"},{"$i":"month-3-genitive","$v":"ஏப்ரல்"},{"$i":"month-4-genitive","$v":"மே"},{"$i":"month-5-genitive","$v":"ஜூன்"},{"$i":"month-6-genitive","$v":"ஜூலை"},{"$i":"month-7-genitive","$v":"ஆகஸ்ட்"},{"$i":"month-8-genitive","$v":"செப்டம்பர்"},{"$i":"month-9-genitive","$v":"அக்டோபர்"},{"$i":"month-10-genitive","$v":"நவம்பர்"},{"$i":"month-11-genitive","$v":"டிசம்பர்"},{"$i":"month-0-short","$v":"ஜனவரி"},{"$i":"month-1-short","$v":"பிப்ரவரி"},{"$i":"month-2-short","$v":"மார்ச்"},{"$i":"month-3-short","$v":"ஏப்ரல்"},{"$i":"month-4-short","$v":"மே"},{"$i":"month-5-short","$v":"ஜூன்"},{"$i":"month-6-short","$v":"ஜூலை"},{"$i":"month-7-short","$v":"ஆகஸ்ட்"},{"$i":"month-8-short","$v":"செப்டம்பர்"},{"$i":"month-9-short","$v":"அக்டோபர்"},{"$i":"month-10-short","$v":"நவம்பர்"},{"$i":"month-11-short","$v":"டிசம்பர்"},{"$i":"minutes-ago-long","$v":{"few":[{"t":"idOrVar","v":"value"}," நிமிடங்களுக்கு முன்பு"],"many":[{"t":"idOrVar","v":"value"}," நிமிடங்களுக்கு முன்பு"],"other":[{"t":"idOrVar","v":"value"}," நிமிடங்களுக்கு முன்பு"],"two":[{"t":"idOrVar","v":"value"}," நிமிடங்களுக்கு முன்பு"],"one":"ஒரு நிமிடம் முன்பாக","zero":"Just now"},"$x":[{"t":"idOrVar","v":"plural"},"value"]},{"$i":"hours-ago-long","$v":{"few":[{"t":"idOrVar","v":"value"}," மணிநேரங்களுக்கு முன்பு"],"many":[{"t":"idOrVar","v":"value"}," மணிநேரங்களுக்கு முன்பு"],"other":[{"t":"idOrVar","v":"value"}," மணிநேரங்களுக்கு முன்பு"],"two":[{"t":"idOrVar","v":"value"}," மணிநேரங்களுக்கு முன்பு"],"one":"ஒரு மணிநேரம் முன்பாக","zero":"Just now"},"$x":[{"t":"idOrVar","v":"plural"},"value"]},{"$i":"days-ago-long","$v":{"few":[{"t":"idOrVar","v":"value"}," நாட்களுக்கு முன்பு"],"many":[{"t":"idOrVar","v":"value"}," நாட்களுக்கு முன்பு"],"one":"நேற்று","other":[{"t":"idOrVar","v":"value"}," நாட்களுக்கு முன்பு"],"two":[{"t":"idOrVar","v":"value"}," நாட்களுக்கு முன்பு"],"zero":"இன்று"},"$x":[{"t":"idOrVar","v":"plural"},"value"]},{"$i":"weeks-ago-long","$v":{"few":[{"t":"idOrVar","v":"value"}," வாரங்களுக்கு முன்பு"],"many":[{"t":"idOrVar","v":"value"}," வாரங்களுக்கு முன்பு"],"one":"கடந்த வாரம்","other":[{"t":"idOrVar","v":"value"}," வாரங்களுக்கு முன்பு"],"two":[{"t":"idOrVar","v":"value"}," வாரங்களுக்கு முன்பு"],"zero":"இந்த வாரம்"},"$x":[{"t":"idOrVar","v":"plural"},"value"]},{"$i":"months-ago-long","$v":{"few":[{"t":"idOrVar","v":"value"}," மாதங்களுக்கு முன்பு"],"many":[{"t":"idOrVar","v":"value"}," மாதங்களுக்கு முன்பு"],"one":"கடந்த மாதம்","other":[{"t":"idOrVar","v":"value"}," மாதங்களுக்கு முன்பு"],"two":[{"t":"idOrVar","v":"value"}," மாதங்களுக்கு முன்பு"],"zero":"இந்த மாதம்"},"$x":[{"t":"idOrVar","v":"plural"},"value"]},{"$i":"years-ago-long","$v":{"few":[{"t":"idOrVar","v":"value"}," வருடங்களுக்கு முன்பு"],"many":[{"t":"idOrVar","v":"value"}," வருடங்களுக்கு முன்பு"],"one":"கடந்த வருடம்","other":[{"t":"idOrVar","v":"value"}," வருடங்களுக்கு முன்பு"],"two":[{"t":"idOrVar","v":"value"}," வருடங்களுக்கு முன்பு"],"zero":"இந்த வருடம்"},"$x":[{"t":"idOrVar","v":"plural"},"value"]},{"$i":"minutes-until-long","$v":{"few":[{"t":"idOrVar","v":"value"}," நிமிடங்களில்"],"many":[{"t":"idOrVar","v":"value"}," நிமிடங்களில்"],"other":[{"t":"idOrVar","v":"value"}," நிமிடங்களில்"],"two":[{"t":"idOrVar","v":"value"}," நிமிடங்களில்"],"zero":"இப்போதே","one":"ஒரு நிமிடத்தில்"},"$x":[{"t":"idOrVar","v":"plural"},"value"]},{"$i":"hours-until-long","$v":{"few":[{"t":"idOrVar","v":"value"}," மணிநேரங்களில்"],"many":[{"t":"idOrVar","v":"value"}," மணிநேரங்களில்"],"other":[{"t":"idOrVar","v":"value"}," மணிநேரங்களில்"],"two":[{"t":"idOrVar","v":"value"}," மணிநேரங்களில்"],"zero":"இப்போதே","one":"ஒரு மணிநேரத்தில்"},"$x":[{"t":"idOrVar","v":"plural"},"value"]},{"$i":"days-until-long","$v":{"few":[{"t":"idOrVar","v":"value"}," நாட்களில்"],"many":[{"t":"idOrVar","v":"value"}," நாட்களில்"],"one":"நாளை","other":[{"t":"idOrVar","v":"value"}," நாட்களில்"],"two":[{"t":"idOrVar","v":"value"}," நாட்களில்"],"zero":"இன்று"},"$x":[{"t":"idOrVar","v":"plural"},"value"]},{"$i":"weeks-until-long","$v":{"few":[{"t":"idOrVar","v":"value"}," வாரங்களில்"],"many":[{"t":"idOrVar","v":"value"}," வாரங்களில்"],"one":"அடுத்த வாரம்","other":[{"t":"idOrVar","v":"value"}," வாரங்களில்"],"two":[{"t":"idOrVar","v":"value"}," வாரங்களில்"],"zero":"இந்த வாரம்"},"$x":[{"t":"idOrVar","v":"plural"},"value"]},{"$i":"months-until-long","$v":{"few":[{"t":"idOrVar","v":"value"}," மாதங்களில்"],"many":[{"t":"idOrVar","v":"value"}," மாதங்களில்"],"one":"அடுத்த மாதம்","other":[{"t":"idOrVar","v":"value"}," மாதங்களில்"],"two":[{"t":"idOrVar","v":"value"}," மாதங்களில்"],"zero":"இந்த மாதம்"},"$x":[{"t":"idOrVar","v":"plural"},"value"]},{"$i":"years-until-long","$v":{"few":[{"t":"idOrVar","v":"value"}," வருடங்களில்"],"many":[{"t":"idOrVar","v":"value"}," வருடங்களில்"],"one":"அடுத்த ஆண்டு","other":[{"t":"idOrVar","v":"value"}," வருடங்களில்"],"two":[{"t":"idOrVar","v":"value"}," வருடங்களில்"],"zero":"இந்த வருடம்"},"$x":[{"t":"idOrVar","v":"plural"},"value"]},{"$i":"minutes-ago-short","$v":{"other":[{"t":"idOrVar","v":"value"},"நிமிடம் முன்பு"],"zero":"Just now"},"$x":[{"t":"idOrVar","v":"plural"},"value"]},{"$i":"hours-ago-short","$v":{"other":[{"t":"idOrVar","v":"value"},"மணிநேரம் முன்பு"],"zero":"Just now"},"$x":[{"t":"idOrVar","v":"plural"},"value"]},{"$i":"days-ago-short","$v":{"other":[{"t":"idOrVar","v":"value"},"நாள் முன்பு"],"zero":"இன்று"},"$x":[{"t":"idOrVar","v":"plural"},"value"]},{"$i":"minutes-until-short","$v":{"other":[{"t":"idOrVar","v":"value"},"நிமிடத்தில்"],"zero":"இப்போதே"},"$x":[{"t":"idOrVar","v":"plural"},"value"]},{"$i":"hours-until-short","$v":{"other":[{"t":"idOrVar","v":"value"},"மணிநேரத்தில்"],"zero":"இப்போதே"},"$x":[{"t":"idOrVar","v":"plural"},"value"]},{"$i":"days-until-short","$v":{"other":[{"t":"idOrVar","v":"value"},"நாள் இல்"],"zero":"இன்று"},"$x":[{"t":"idOrVar","v":"plural"},"value"]},{"$i":"incorrectDate","$v":"(தவறான தேதி)"},{"$i":"dateTimeFormat_%c","$v":"%a %b %e %Y %I:%M:%S %p"},{"$i":"dateTimeFormat_%x","$v":"%m/%d/%Y"},{"$i":"dateTimeFormat_%X","$v":"%I:%M:%S %p"},{"$i":"shortTimeFormat","$v":"%I:%M %p"},{"$i":"shortTimeFormat12","$v":"%I:%M %p"},{"$i":"shortTimeFormat24","$v":"%H:%M"},{"$i":"shortDateTimeFormat","$v":"%x %I:%M %p"},{"$i":"weekStartsOnMonday","$v":"0.0"},{"$i":"firstDayOfTheWeek","$v":"0.0"},{"$i":"time_am","$v":"AM"},{"$i":"time_pm","$v":"PM"},{"$i":"airplaneMode","$v":"ஏரோப்ளைன் மோட்"},{"$i":"searching","$v":"தேடுகிறது..."},{"$i":"noNetwork","$v":"நெட்வொர்க் இல்லை"},{"$i":"roaming","$v":[{"t":"idOrVar","v":"operator"}," (ரோமிங்)"]},{"$i":"operator-info","$v":[{"t":"idOrVar","v":"carrier"}," ",{"t":"idOrVar","v":"region"}]},{"$i":"emergencyCallsOnly","$v":"அவசர கால்-கள் மட்டும்"},{"$i":"emergencyCallsOnly-unknownSIMState","$v":"(தெரியாத சிம் நிலை)"},{"$i":"emergencyCallsOnly-noSIM","$v":"(சிம் இல்லை)"},{"$i":"emergencyCallsOnly-pinRequired","$v":"(சிம் பின் தேவை)"},{"$i":"emergencyCallsOnly-pukRequired","$v":"(சிம் PUK தேவை)"},{"$i":"emergencyCallsOnly-networkLocked","$v":"(நெட்வொர்க் லாக் செய்யப்பட்டது)"},{"$i":"emergencyCallsOnly-serviceProviderLocked","$v":"(சேவை வழங்குநர் லாக் செய்யப்பட்டது)"},{"$i":"emergencyCallsOnly-corporateLocked","$v":"(கார்பரேட் லாக் செய்யப்பட்டது)"},{"$i":"emergencyCallsOnly-network1Locked","$v":"(நெட்வொர்க்1 லாக் செய்யப்பட்டது)"},{"$i":"emergencyCallsOnly-network2Locked","$v":"(நெட்வொர்க்2 லாக் செய்யப்பட்டது)"},{"$i":"emergencyCallsOnly-hrpdNetworkLocked","$v":"(hrpd நெட்வொர்க் லாக் செய்யப்பட்டது)"},{"$i":"emergencyCallsOnly-ruimCorporateLocked","$v":"(ruim கார்பரேட் லாக் செய்யப்பட்டது)"},{"$i":"emergencyCallsOnly-ruimServiceProviderLocked","$v":"(ruim சேவை வழங்குநர் லாக் செய்யப்பட்டது)"},{"$i":"lockscreen-sim-id","$v":["சிம் ",{"t":"idOrVar","v":"n"}]},{"$i":"charging-no-time","$v":[{"t":"idOrVar","v":"level"},"% சார்ஜ் செய்யப்பட்டது"]},{"$i":"charging-minutes","$v":{"few":[{"t":"idOrVar","v":"level"},"% சார்ஜ் செய்யப்பட்டது (",{"t":"idOrVar","v":"minutes"}," நிமிடங்கள் வரை முழுமையாக சார்ஜ் செய்யப்பட்டது)"],"many":[{"t":"idOrVar","v":"level"},"% சார்ஜ் செய்யப்பட்டது (",{"t":"idOrVar","v":"minutes"}," நிமிடங்கள் வரை முழுமையாக சார்ஜ் செய்யப்பட்டது)"],"one":[{"t":"idOrVar","v":"level"},"% சார்ஜ் செய்யப்பட்டது (",{"t":"idOrVar","v":"minutes"}," நிமிடம் வரை முழுமையாக சார்ஜ் செய்யப்பட்டது)"],"other":[{"t":"idOrVar","v":"level"},"% சார்ஜ் செய்யப்பட்டது (",{"t":"idOrVar","v":"minutes"}," நிமிடங்கள் வரை முழுமையாக சார்ஜ் செய்யப்பட்டது)"],"two":[{"t":"idOrVar","v":"level"},"% சார்ஜ் செய்யப்பட்டது (",{"t":"idOrVar","v":"minutes"}," நிமிடங்கள் வரை முழுமையாக சார்ஜ் செய்யப்பட்டது)"],"zero":[{"t":"idOrVar","v":"level"},"% சார்ஜ் செய்யப்பட்டது (",{"t":"idOrVar","v":"minutes"}," நிமிடங்கள் வரை முழுமையாக சார்ஜ் செய்யப்பட்டது)"]},"$x":[{"t":"idOrVar","v":"plural"},"minutes"]},{"$i":"charging-hours","$v":{"few":[{"t":"idOrVar","v":"level"},"% சார்ஜ் செய்யப்பட்டது (",{"t":"idOrVar","v":"hours"},"மணிநேரம்  ",{"t":"idOrVar","v":"minutes"}," நிமிடங்கள் வரை முழுமையாக சார்ஜ் செய்யப்பட்டது)"],"many":[{"t":"idOrVar","v":"level"},"% சார்ஜ் செய்யப்பட்டது (",{"t":"idOrVar","v":"hours"},"மணிநேரம்  ",{"t":"idOrVar","v":"minutes"}," நிமிடங்கள் வரை முழுமையாக சார்ஜ் செய்யப்பட்டது)"],"one":[{"t":"idOrVar","v":"level"},"% சார்ஜ் செய்யப்பட்டது (",{"t":"idOrVar","v":"hours"},"மணிநேரம் ",{"t":"idOrVar","v":"minutes"}," நிமிடம் வரை முழுமையாக சார்ஜ் செய்யப்பட்டது)"],"other":[{"t":"idOrVar","v":"level"},"% சார்ஜ் செய்யப்பட்டது (",{"t":"idOrVar","v":"hours"},"மணிநேரம்  ",{"t":"idOrVar","v":"minutes"}," நிமிடங்கள் வரை முழுமையாக சார்ஜ் செய்யப்பட்டது)"],"two":[{"t":"idOrVar","v":"level"},"% சார்ஜ் செய்யப்பட்டது (",{"t":"idOrVar","v":"hours"},"மணிநேரம்  ",{"t":"idOrVar","v":"minutes"}," நிமிடங்கள் வரை முழுமையாக சார்ஜ் செய்யப்பட்டது)"],"zero":[{"t":"idOrVar","v":"level"},"% சார்ஜ் செய்யப்பட்டது (",{"t":"idOrVar","v":"hours"},"மணிநேரம்  ",{"t":"idOrVar","v":"minutes"}," நிமிடங்கள் வரை முழுமையாக சார்ஜ் செய்யப்பட்டது)"]},"$x":[{"t":"idOrVar","v":"plural"},"minutes"]},{"$i":"phoneNumberInput","ariaLabel":"ஃபோன் எண்"},{"$i":"keypadDelete","ariaLabel":"நீக்கு"},{"$i":"voiceMailKey","ariaLabel":"வாய்ஸ்மெயில்"},{"$i":"asterisk","ariaLabel":"ஆஸ்ட்ரிக்"},{"$i":"hashSign","ariaLabel":"ஹாஷ் சைன்"},{"$i":"cancel","$v":"ரத்து செய்க"},{"$i":"loadingSimContacts","$v":"சிம் கார்டு தொடர்புகளை லோட் செய்கிறது…"},{"$i":"noContactsWereFound","$v":"தொடர்புகள் எதுவும் காணப்படவில்லை"},{"$i":"noContactsFoundDialogOk","$v":"சரி"},{"$i":"emergencyNumber","$v":"அவசர எண்"},{"$i":"callAirplaneModeMessage","$v":"கால் செய்ய நீங்கள் செட்டிஙஸ்-இல் ஏரோப்ளைன் மோட்-ஐ முடக்க வேண்டும்."},{"$i":"callAirplaneModeBtnOk","$v":"சரி"},{"$i":"callAirplaneModeTitle","$v":"ஏரோப்ளைன் மோட் செயல்படுத்தப்பட்டது"},{"$i":"numberIsBusyTitle","$v":"எண் பிஸியாக உள்ளது"},{"$i":"numberIsBusyMessage","$v":"எண் தற்போது பிஸியாக உள்ளது. தயவுசெய்து மீண்டும் முயலவும்."},{"$i":"fdnIsActiveTitle","$v":"FDN செயலில் உள்ளது"},{"$i":"fdnIsActiveMessage","$v":["FDN (ஃபிக்ஸ்ட் டயலிங் நம்பர்ஸ்) செயல்படுத்தப்பட்டது, பின்வரும் எண்கள் உங்கள் FDN பட்டியலில் இல்லை: ",{"t":"idOrVar","v":"number"}]},{"$i":"emergencyDialogBodyBadNumber","$v":"கால் செய்ய, ஃபோன் நெட்வொர்க்குடன் கனெக்ட் செய்திருக்க வேண்டும்."},{"$i":"emergencyDialogBodyDeviceNotAccepted","$v":"நெட்வொர்க்கால் அவசர கால்-கள் அனுமதிக்கப்படவில்லை."},{"$i":"emergencyDialogBtnOk","$v":"சரி"},{"$i":"emergencyDialogTitle","$v":"நெட்வொர்க் கனெக்ஷன் இல்லை"},{"$i":"invalidNumberToDialTitle","$v":"செல்லாத ஃபோன் எண்"},{"$i":"invalidNumberToDialMessage","$v":"நீங்கள் கால் செய்யும் ஃபோன் எண் சரியானது அல்ல."},{"$i":"unableToCallTitle","$v":"கால் செய்ய முடியாது"},{"$i":"unableToCallMessage","$v":"இப்போது ஒரு ஃபோன் கால் செய்ய இயலவில்லை."},{"$i":"otherConnectionInUseTitle","$v":"வேறொரு கனெக்ஷன் பயன்பாட்டில் உள்ளது"},{"$i":"otherConnectionInUseMessage","$v":"உங்களுக்கு மற்றொரு கனெக்ஷனில் செயலில் உள்ள கால் உள்ளது. ஒரே நேரத்தில் ஒரு கனெக்ஷனை மட்டுமே நீங்கள் பயன்படுத்தலாம்."},{"$i":"connectingEllipsis","$v":"கனெக்ட் செய்கிறது..."},{"$i":"clear","$v":"அழி"},{"$i":"dialer","$v":"டயலர்"},{"$i":"vt-incoming-call","$v":"இன்கம்மிங் வீடியோ அழைப்பு..."},{"$i":"kai-incoming-call","$v":"இன்கமிங் கால்"},{"$i":"kai-in-call","$v":"கால்-இல்"},{"$i":"kai-answer","$v":"பதிலளிக்கவும்"},{"$i":"kai-end-answer","$v":"முடித்துப் பதிலளி"},{"$i":"kai-decline","$v":"நிராகரி"},{"$i":"enter-passcode","$v":"திரையைப் பூட்டுநீக்க, தயவுசெய்து கடவுக்குறியீட்டை உள்ளிடவும்."},{"$i":"passcode-error","$v":"செல்லாத கோட்.  தயவுசெய்து மீண்டும் முயலவும்."},{"$i":"lockscreenInvalidCode","$v":"தவறான குறியீடு."},{"$i":"lockscreenColdDown","$v":["தவறான குறியீடு. ",{"t":"idOrVar","v":"n"}," இல் முயற்சிக்கவும்."]},{"$i":"lockscreenCheckLockCode","$v":{"few":["தவறான குறியீடு. ",{"t":"idOrVar","v":"n"}," முயற்சிகள் மீதமுள்ளது."],"one":["தவறான குறியீடு. ",{"t":"idOrVar","v":"n"}," முயற்சி மீதமுள்ளது."],"other":["தவறான குறியீடு. ",{"t":"idOrVar","v":"n"}," முயற்சிகள் மீதமுள்ளது."],"two":["தவறான குறியீடு. ",{"t":"idOrVar","v":"n"}," முயற்சிகள் மீதமுள்ளது."]},"$x":[{"t":"idOrVar","v":"plural"},"n"]},{"$i":"videoCall","$v":"வீடியோ கால்"},{"$i":"voice-call","$v":"குரலுக்கு மாற்றவும்"},{"$i":"video-call","$v":"வீடியோ-க்கு மாற்றவும்"},{"$i":"message","$v":"செய்தி"},{"$i":"answer-rtt-call","$v":"பதில் ஆர்.டி.டி"},{"$i":"req-rtt-call","$v":"ஏ.என்.எஸ் ஆர்.டி.டி"},{"$i":"rtt-call","$v":"ஆர்.டி.டி அழைப்பு"},{"$i":"rtt-view","$v":"ஆர்.டி.டி காட்சி"},{"$i":"change-to-rtt-call","$v":"ஆர்.டி.டி அழைப்பை இணைக்கிறது..."},{"$i":"change-to-voice-call","$v":"குரல் அழைப்புக்கு மாற்றப்பட்டது."},{"$i":"upgrading-rtt","$v":"ஆர்.டி.டி அழைப்புக்கு மேம்படுத்துகிறது..."},{"$i":"rtt-call-failed","$v":"ஆர்.டி.டி அழைப்பு தோல்வியுற்றது."},{"$i":"voice-call-failed","$v":"குரல் அழைப்பு தோல்வியுற்றது."},{"$i":"rtt","$v":"ஆர்.டி.டி"},{"$i":"rtt-emegency-upgrade-rejected","$v":"இந்த 911 அழைப்பில் ஆர்.டி.டி கிடைக்காது."},{"$i":"rtt-emegency-downgrade","$v":"இந்த 911 அழைப்பில் ஆர்.டி.டி கிடைக்காது. உங்கள் அழைப்பு குரல்-மட்டும் அழைப்பாக இணைக்கப்பட்டுள்ளது. இதில் சிக்கல்களை எதிர்கொண்டால், தயவுசெய்து 911 -க்கு குரல் அல்லது ரிலே அழைப்பைச் செய்யவும்."},{"$i":"voice-only-call","$v":"உங்கள் அழைப்பு குரல்-மட்டும் அழைப்பாக இணைக்கப்பட்டுள்ளது."},{"$i":"ans-rtt-failed","$v":"ஆர்.டி.டி காலை விடுக்க முடியவில்லை. உங்கள் கால் வாய்ஸ்-ஒன்லி காலாக இணைக்கப்பட்டுள்ளது."},{"$i":"back","$v":"பின் செல்"},{"$i":"new-message","$v":"இவரிடமிருந்து புதிய செய்திகள்"},{"$i":"kai-mute","$v":"ம்யூட் செய்க"},{"$i":"kai-unmute","$v":"அன்ம்யூட் செய்க"},{"$i":"kai-speaker","$v":"ஸ்பீக்கர்"},{"$i":"kai-speaker-off","$v":"ஸ்பீக்கர் ஆஃப்"},{"$i":"kai-microphone-mute-notification","$v":"مائکرو فون خاموش کیا گیا"},{"$i":"kai-microphone-active-notification","$v":"மைக்ரோஃபோன் செயலில் உள்ளது"},{"$i":"kai-speaker-off-notification","$v":"வெளிப்புற ஸ்பீக்கர் ஆஃப் செய்யப்பட்டது"},{"$i":"kai-speaker-on-notification","$v":"வெளிப்புற ஸ்பீக்கர் ஆன் செய்யப்பட்டது"},{"$i":"kai-hold-and-answer","$v":"ஹோல்ட்-இல் வைத்து பின்னர் பதிலளி"},{"$i":"kai-ignore-call","$v":"இன்கமிங் கால்-ஐ புறக்கணி"},{"$i":"kai-add-to-call","$v":"கால்-ஐ சேர்"},{"$i":"kai-switch-to-second-line","$v":"கால்-ஐ ஸ்வைப் செய்க"},{"$i":"kai-merge-calls","$v":"கால்-ஐ இணை"},{"$i":"ok","$v":"சரி"},{"$i":"losing-wifi-msg","$v":"வை-பை-ஐ இழக்கிறது"},{"$i":"personal","$v":"தனிப்பட்டவை"},{"$i":"mobile","$v":"மொபைல்"},{"$i":"home","$v":"ஹோம்"},{"$i":"work","$v":"அலுவலகம்"},{"$i":"other","$v":"மற்ற"},{"$i":"fax-home","$v":"Fax ஹோம்"},{"$i":"fax-office","$v":"Fax ஆப்பீஸ்"},{"$i":"fax-other","$v":"மற்றவருக்கு Fax"},{"$i":"hd","$v":"HD"},{"$i":"manage-call","$v":"கால்-ஐ நிர்வகி"},{"$i":"end","$v":"கால்-ஐ முடி"},{"$i":"private","$v":"தனியார்"},{"$i":"sound","$v":"ஒலி"},{"$i":"bluetooth-device","$v":"ப்ளூடூத் சாதனம்"},{"$i":"handset-earpiece","$v":"ஹேண்ட்செட்"},{"$i":"speaker","$v":"ஸ்பீக்கர்"},{"$i":"call-ended","$v":"கால் முடிந்தது"},{"$i":"payphone","$v":"பேஃபோன்"},{"$i":"contact","$v":"தொடர்புகள்"},{"$i":"dialer-prompt","$v":"எண்ணை டயல் செய்யவும் அல்லது கால்-இல் சேர்க்க தொடர்பைத் தேர்வுசெய்க"},{"$i":"call","$v":"கால்"},{"$i":"hold","$v":"ஹோல்ட்"},{"$i":"callHeldDuration","$v":["ஹோல்டு (",{"t":"idOrVar","v":"duration"},")"]},{"$i":"volume","$v":"வால்யூம்"},{"$i":"softkey-options","$v":"விருப்பங்கள்"},{"$i":"unhold-call","$v":"கால்-ஐ அன்ஹோல்ட் செய்யவும்"},{"$i":"hold-call","$v":"கால்-ஐ ஹோல்ட் செய்யவும்"},{"$i":"select","$v":"தேர்ந்தெடு"},{"$i":"unknown","$v":"தெரியாத"},{"$i":"switch-calls","$v":"கால்-களுக்கு மாற்றவும்"},{"$i":"voiceMail","$v":"வாய்ஸ்மெயில்"},{"$i":"incoming","$v":"இன்கமிங்"},{"$i":"outgoing","$v":"அவுட்கோயிங்"},{"$i":"callEnded","$v":"கால் முடிந்தது"},{"$i":"callEndedDuration","$v":["அழைப்பு முடிந்தது (",{"t":"idOrVar","v":"duration"},")"]},{"$i":"conferenceAddError","$v":"கால்-களை இணைக்க இயலவில்லை"},{"$i":"conferenceRemoveError","$v":"கால்-களை பிரிக்க இயலவில்லை"},{"$i":"valid-number","$v":"செல்லுபடியாகும் எண்"},{"$i":"numberBlockedMessage","$v":"இந்த எண் தடுக்கப்பட்டுள்ளது.நீங்கள் உங்கள் பெற்றோரிடம் அனுமதி கேட்கலாம்."},{"$i":"callDurationMinutes","$v":[{"t":"idOrVar","v":"m"},":",{"t":"idOrVar","v":"s"}]},{"$i":"callDurationHours","$v":[{"t":"idOrVar","v":"h"},":",{"t":"idOrVar","v":"m"},":",{"t":"idOrVar","v":"s"}]},{"$i":"switch-to-device-toast","$v":"ப்ளூடூத் சாதனத்திற்கு மாற்றப்பட்டது"},{"$i":"switch-to-handset-toast","$v":"ஹேண்ட்செட் இயர்பீஸ்-க்கு மாற்றப்பட்டது"},{"$i":"switch-to-speaker-toast","$v":"ஸ்பீக்கர்க்கு மாற்றப்பட்டது"},{"$i":"connecting","$v":"கனெக்ட் செய்கிறது"},{"$i":"wifi-call-quality-excellent","$v":"சிறந்த"},{"$i":"wifi-call-quality-fair","$v":"நியாயமானது"},{"$i":"wifi-call-quality-bad","$v":"தவறானது"},{"$i":"call-left-conference-toast","$v":"கால்-ஐ விட்டு விலகியது"},{"$i":"camera-off","$v":"கேமரா அணைக்கப்பட்டுள்ளது"},{"$i":"camera-on","$v":"கேமரா செயலில் உள்ளது"},{"$i":"rear-camera","$v":"பின்புற கேமரா"},{"$i":"front-camera","$v":"ஃப்ரன்ட் கேமரா"},{"$i":"hide-info","$v":"தகவலை மறைக்கவும்"},{"$i":"show-info","$v":"தகவலை காட்டவும்"},{"$i":"video-call-rejected","$v":"வீடியோ கால் நிராகரிக்கப்பட்டது, வாய்ஸ் கால்-க்கு மாற்றவும்."},{"$i":"video-call-not-support","$v":"வீடியோ கால் ஆதரிக்கப்படவில்லை."},{"$i":"video-call-rejected-timeout","$v":"வீடியோ அழைப்பு நிராகரிக்கப்பட்டது அல்லது நேரம் முடிந்தது."},{"$i":"video-call-from","$v":[{"t":"idOrVar","v":"name"}," இடமிருந்து வீடியோ கால் பெறப்படுகிறது."]},{"$i":"video-call-canceled","$v":"வீடியோ கால் ரத்து செய்யப்பட்டது."},{"$i":"video-call-failed","$v":"வீடியோ கால் தோல்வியடைந்தது."},{"$i":"call-downgraded","$v":"அழைப்பு தரமிறக்கப்பட்டது."},{"$i":"wifi-calling","$v":"Wi-Fi காலிங்"},{"$i":"wifi-calling-1","$v":"உங்கள் கால் கைவிடப்படலாம்."},{"$i":"wifi-calling-2","$v":"நீங்கள் கிட்டத்தட்ட வைஃபை கவரேஜ் வரம்பிற்கு வெளியே இருக்குறீர்கள்."},{"$i":"wifi-calling-dropped","$v":"வைஃபை கால் கைவிடப்பட்டது."},{"$i":"accept","$v":"ஏற்கிறேன்"},{"$i":"conference-call-num","$v":[{"t":"idOrVar","v":"num"}," நபர்கள் கால்-இல் இருக்கிறார்கள்."]},{"$i":"more","$v":"மேலும்"},{"$i":"rec","$v":"ஆர்.இ.சி"},{"$i":"start-recording-call","$v":"அழைப்பைப் பதிவுசெய்யத் தொடங்கு."},{"$i":"stop-recording-call","$v":"அழைப்பைப் பதிவுசெய்வதை நிறுத்து."},{"$i":"insufficient-storage","$v":"போதுமான சேமிப்பகம் இல்லை. பதிவு நிறுத்தப்பட்டது."},{"$i":"confirmation","$v":"உறுதிப்படுத்துதல்"},{"$i":"get-empty-ussd","$v":"பதில் எதுவும் பெறப்படவில்லை."},{"$i":"message-sent","$v":"செய்தி அனுப்பப்பட்டது."},{"$i":"messages","$v":"செய்திகள்"},{"$i":"wait","$v":"தயவுசெய்து காத்திருக்கவும்..."},{"$i":"send","$v":"அனுப்பு"},{"$i":"reply","$v":"பதிலளிக்கவும்"},{"$i":"reply-message-1","$v":"மன்னிக்கவும், என்னால் இப்போது பேச முடியாது."},{"$i":"reply-message-2","$v":"நான் வந்துகொண்டே இருக்கிறேன்."},{"$i":"reply-message-3","$v":"நான் உங்களுக்கு பின்னர் அழைக்கலாமா?"},{"$i":"reply-message-4","$v":"தனிப்பயனாக்கல்..."},{"$i":"reply-to-name","$v":[{"t":"idOrVar","v":"name"}," க்கு பதிலளிக்கப்பட்டது"]},{"$i":"call-busy-error","$v":"BusyError"},{"$i":"call-bad-number-error","$v":"BadNumberError"},{"$i":"call-no-route-to-destination-error","$v":"No route to destination."},{"$i":"call-channel-unacceptable-error","$v":"Channel unacceptable"},{"$i":"call-operator-determined-barring-error","$v":"Operator determined barring"},{"$i":"call-normal-call-clearing-error","$v":"LLAMADA TERMINADA"},{"$i":"call-no-user-responding-error","$v":"No user responding"},{"$i":"call-user-alerting-no-answer-error","$v":"User alerting, no answer  "},{"$i":"call-call-rejected-error","$v":"Call rejected"},{"$i":"call-number-changed-error","$v":"Number Changed "},{"$i":"call-pre-emption-error","$v":"Pre-emption"},{"$i":"call-destination-out-of-order-error","$v":"Destination out of order "},{"$i":"call-invalid-number-format-error","$v":"Invalid number format "},{"$i":"call-facility-rejected-error","$v":"Facility rejected "},{"$i":"call-response-to-status-enquiry-error","$v":"Response to "},{"$i":"call-unspecified-error","$v":"Normal, unspecified "},{"$i":"call-congestion-error","$v":"No circuit/channel available"},{"$i":"call-network-out-of-order-error","$v":"Network out of order  "},{"$i":"call-network-temp-failure-error","$v":"Temporary Failure"},{"$i":"call-switching-equip-congestion-error","$v":"Switching equipment congestion"},{"$i":"call-access-info-discarded-error","$v":"Access information discarded "},{"$i":"call-requested-channel-not-available-error","$v":"requested circuit/channel not available"},{"$i":"call-resource-unavailable-error","$v":"Resources unavailable, unspecified"},{"$i":"call-qos-unavailable-error","$v":"Quality of service unavailable"},{"$i":"call-requested-facility-not-subscribed-error","$v":"Requested facility not subscribed"},{"$i":"call-incoming-calls-barred-within-cug-error","$v":"Incoming calls barred within the CUG"},{"$i":"call-bearer-capability-not-authorized-error","$v":"Bearer capability not authorized"},{"$i":"call-bearer-capability-not-available-error","$v":"Bearer capability not presently available"},{"$i":"call-service-not-available-error","$v":"Service or option not available, unspecified"},{"$i":"call-bearer-not-implemented-error","$v":"Bearer service not implemented"},{"$i":"call-incoming-call-exceeded-error","$v":"ACM equal to greater than ACMmax"},{"$i":"call-requested-facility-not-implemented-error","$v":"Requested facility not implemented"},{"$i":"call-unrestricted-bearer-not-available-error","$v":"Only restricted digital information bearer capability is available"},{"$i":"call-service-not-implemented-error","$v":"Service or option not implemented, unspecified "},{"$i":"call-invalid-transaction-id-error","$v":"Invalid transaction identifier value  "},{"$i":"call-not-cug-member-error","$v":"User not member of CUG "},{"$i":"call-incompatible-destination-error","$v":"Incompatible destination  "},{"$i":"call-invalid-transit-network-selection-error","$v":"Invalid transit network selection"},{"$i":"call-semantically-incorrect-message-error","$v":"Semantically incorrect message "},{"$i":"call-invalid-mandatory-info-error","$v":"Invalid mandatory information"},{"$i":"call-message-type-not-implemented-error","$v":"Message type-non compatible with protocol state "},{"$i":"call-message-type-incompatible-protocol-state-error","$v":"Message type not compatible with protocol state  "},{"$i":"call-info-element-not-implemented-error","$v":"Information element nonexistent or not implemented "},{"$i":"call-conditionalIe-error","$v":"Conditional IE error"},{"$i":"call-message-incompatible-protocol-state-error","$v":"Message not compatible with protocol state"},{"$i":"call-recovery-on-timer-expiry-error","$v":"Recovery on timer expiry "},{"$i":"call-protocol-error","$v":"Protocol Error, unspecified "},{"$i":"call-interworking-error","$v":"Interworking, unspecified "},{"$i":"call-service-option-not-subscribed-error","$v":"SIN SUBSCRIPCION AL SERVICIO -33-"},{"$i":"call-unknown-pdp-address-type-error","$v":"FALLA DE AUTENTICACION -29-"},{"$i":"mt-call-on-hold","$v":"அழைப்பு நிலுவையில் வைக்கப்பட்டுள்ளது."},{"$i":"mt-call_retrieved","$v":"அழைப்பு மீட்டெடுக்கப்பட்டது."},{"$i":"mt-multi_party_call","$v":"நீங்கள் ஒரு கான்பரன்ஸ் அழைப்பில் சேர்க்கப்பட்டுள்ளீர்கள்."},{"$i":"hangup-a11y-button","$v":""},{"$i":"pickup-a11y-button","$v":""},{"$i":"mute","$v":""},{"$i":"toggleKeypad","$v":""},{"$i":"newCall","$v":""},{"$i":"speakerOption","$v":""},{"$i":"bluetoothOption","$v":""},{"$i":"onHoldOption","$v":""},{"$i":"merge","$v":""},{"$i":"ignore","$v":""},{"$i":"dialerAddContact","$v":""},{"$i":"makeCall","$v":""},{"$i":"call-forwarding-async","$v":["அசின்க்ரோனஸ்: ",{"t":"idOrVar","v":"async"}]},{"$i":"call-forwarding-data","$v":["டேட்டா: ",{"t":"idOrVar","v":"data"}]},{"$i":"call-forwarding-error","$v":"கால் ஃபார்வர்டிங் நிலையை மீட்டெடுக்கும் போது ஒரு பிழை ஏற்பட்டது"},{"$i":"call-forwarding-fax","$v":["FAX: ",{"t":"idOrVar","v":"fax"}]},{"$i":"call-forwarding-inactive","$v":"செயல்படாதது"},{"$i":"call-forwarding-packet","$v":["பாக்கெட்: ",{"t":"idOrVar","v":"packet"}]},{"$i":"call-forwarding-pad","$v":["PAD: ",{"t":"idOrVar","v":"pad"}]},{"$i":"call-forwarding-sms","$v":["SMS: ",{"t":"idOrVar","v":"sms"}]},{"$i":"call-forwarding-status","$v":"கால் பார்வேர்ட்ங் நிலை"},{"$i":"call-forwarding-sync","$v":["ஒத்தியங்கு: ",{"t":"idOrVar","v":"sync"}]},{"$i":"call-forwarding-voice","$v":["வாய்ஸ்: ",{"t":"idOrVar","v":"voice"}]},{"$i":"call-forwarding-reason","$v":["Reason: ",{"t":"idOrVar","v":"reason"}]},{"$i":"scCallBarring","$v":"கால் தடுப்பு"},{"$i":"scCallForwarding","$v":"கால் பார்வேர்ட்ங்"},{"$i":"scClip","$v":"இன்கமிங் காலர் ID"},{"$i":"scClir","$v":"அவுட்கோயிங் காலர் ID"},{"$i":"scPwd","$v":"பாஸ்வெர்ட்-ஐ மாற்று"},{"$i":"scCallWaiting","$v":"கால் காத்திருப்பு"},{"$i":"scPin","$v":"பின்னை மாற்று"},{"$i":"scPin2","$v":"பின்2-ஐ மாற்று"},{"$i":"scPuk","$v":"பின்னின் தடையை நீக்கவும்"},{"$i":"scPuk2","$v":"பின்2 -இன் தடையை நீக்கவும்"},{"$i":"scImei","$v":"IMEI"},{"$i":"scMeid","$v":"MEID"},{"$i":"scUssd","$v":"USSD"},{"$i":"serviceClassVoice","$v":"வாய்ஸ்"},{"$i":"serviceClassData","$v":"டேட்டா"},{"$i":"serviceClassFax","$v":"FAX"},{"$i":"serviceClassSms","$v":"SMS"},{"$i":"serviceClassDataSync","$v":"சின்க்"},{"$i":"serviceClassDataAsync","$v":"அசின்க்"},{"$i":"serviceClassPacket","$v":"பேக்கெட்"},{"$i":"serviceClassPad","$v":"PAD"},{"$i":"smServiceEnabled","$v":"சேவை செயல்படுத்தப்பட்டது"},{"$i":"smServiceDisabled","$v":"சேவை முடக்கப்பட்டுள்ளது"},{"$i":"smServiceRegistered","$v":"வெற்றிகரமாகப் பதிவுசெய்யப்பட்டது"},{"$i":"smServiceErased","$v":"அழிப்பு வெற்றியடைந்தது"},{"$i":"smServiceInterrogated","$v":"கோரிக்கை வெற்றியடைந்தது"},{"$i":"smServiceNotProvisioned","$v":"சேவை ஒதுக்கீடு செய்யப்படவில்லை"},{"$i":"smClirPermanent","$v":"அழைப்பாளர் ID அமைப்பை நீங்கள் மாற்ற முடியாது"},{"$i":"smClirDefaultOnNextCallOn","$v":"காலர் ID டீஃபால்ட்ஸ் கட்டுப்படுத்தப்பட்டுள்ளது. அடுத்த கால்: கட்டுப்படுத்தப்பட்டுள்ளது"},{"$i":"smClirDefaultOnNextCallOff","$v":"காலர் ID டீஃபால்ட்ஸ் கட்டுப்படுத்தப்பட்டுள்ளது. அடுத்த கால்: கட்டுப்படுத்தப்படவில்லை"},{"$i":"smClirDefaultOffNextCallOn","$v":"காலர் ID டீஃபால்ட்ஸ் கட்டுப்படுத்தப்படவில்லை. அடுத்த கால்: கட்டுப்படுத்தப்பட்டுள்ளது"},{"$i":"smClirDefaultOffNextCallOff","$v":"காலர் ID டீஃபால்ட்ஸ் கட்டுப்படுத்தப்படவில்லை. அடுத்த கால்: கட்டுப்படுத்தப்படவில்லை"},{"$i":"smServiceEnabledFor","$v":"இதற்காக சேவை செயல்படுத்தப்பட்டது:"},{"$i":"smPinChanged","$v":"பின் வெற்றிகரமாக மாற்றப்பட்டது"},{"$i":"smPinUnblocked","$v":"பின் வெற்றிகரமாக தடைநீக்கப்பட்டது"},{"$i":"smPin2Changed","$v":"பின்2 வெற்றிகரமாக மாற்றப்பட்டது"},{"$i":"smPin2Unblocked","$v":"பின்2 வெற்றிகரமாக தடைநீக்கப்பட்டது"},{"$i":"ServiceIsEnabled","$v":"சேவை செயல்படுத்தப்பட்டுள்ளது"},{"$i":"ServiceIsDisabled","$v":"சேவை முடக்கப்பட்டது"},{"$i":"ServiceIsEnabledFor","$v":"இதற்காக சேவை செயல்படுத்தப்பட்டுள்ளது:"},{"$i":"emMmiError","$v":"கனெக்ஷன் சிக்கல் அல்லது செல்லாத MMI கோட்"},{"$i":"emMmiErrorPasswordIncorrect","$v":"தவறான பாஸ்வெர்ட்"},{"$i":"emMmiErrorNotSupported","$v":"செல்லாத அல்லது ஆதரிக்கப்படாத MMI கோட்"},{"$i":"emMmiErrorInvalidAction","$v":"செல்லாத  செயல்"},{"$i":"emMmiErrorInvalidScCode","$v":"செல்லாத சேவைக் கோட்"},{"$i":"emMmiErrorBadPuk","$v":"நீங்கள் டைப் செய்த PUK சரியானது இல்லை"},{"$i":"emMmiErrorBadPin","$v":"நீங்கள் டைப் செய்த பழைய பின் சரியானது இல்லை."},{"$i":"emMmiErrorNeedPuk2","$v":"சிம் கார்டு தடையை நீக்க PUK2 என்று டைப் செய்யவும்"},{"$i":"emMmiErrorMismatchPin","$v":"நீங்கள் டைப் செய்த பின்கள் பொருந்தவில்லை"},{"$i":"emMmiErrorInvalidPin","$v":"4 முதல் 8 எண்களை கொண்டுள்ள பின்னை டைப் செய்யவும்"},{"$i":"emMmiErrorNeedsPuk","$v":"உங்கள் சிம் கார்டு PUK லாக்  செய்யப்பட்டுள்ளது"},{"$i":"emMmiErrorEnablePin","$v":"வெற்றியடையவில்லை. SIM/RUIM லாக்-ஐ செயல்படுத்தவும்"},{"$i":"emMmiErrorMmiFdn","$v":"ஃபிக்ஸ்ட் டயலிங் எண்களுக்கு மட்டும் ஆபரேஷன் தடுக்கப்பட்டுள்ளது"},{"$i":"emMmiErrorStkCcUssdDial","$v":"USSD கோரிக்கையானது டயல் கோரிக்கைக்கு மாற்றப்பட்டது"},{"$i":"emMmiErrorStkCcUssdSs","$v":"USSD கோரிக்கையானது SS கோரிக்கைக்கு மாற்றப்பட்டது"},{"$i":"emMmiErrorStkCcUssdUssd","$v":"USSD கோரிக்கையானது புதிய USSD கோரிக்கைக்கு மாற்றப்பட்டது"},{"$i":"emMmiErrorStkCcSsDial","$v":"டயல் கோரிக்கைக்கு SS கோரிக்கை திருத்தப்பட்டது"},{"$i":"emMmiErrorStkCcSsUssd","$v":"USSD கோரிக்கைக்கு SS கோரிக்கை திருத்தப்பட்டது"},{"$i":"emMmiErrorStkCcSsSs","$v":"புதிய SS கோரிக்கைக்கு SS கோரிக்கை திருத்தப்பட்டது"},{"$i":"emMmiErrorPinPukAttempts","$v":{"few":["மீண்டும் முயற்சித்தல் ",{"t":"idOrVar","v":"n"}," மீதமுள்ளன"],"many":["மீண்டும் முயற்சித்தல் ",{"t":"idOrVar","v":"n"}," மீதமுள்ளன"],"one":[{"t":"idOrVar","v":"n"}," முயற்சிகள் மட்டுமே மீதமுள்ளது"],"other":["மீண்டும் முயற்சித்தல் ",{"t":"idOrVar","v":"n"}," மீதமுள்ளன"],"two":["மீண்டும் முயற்சித்தல் ",{"t":"idOrVar","v":"n"}," மீதமுள்ளன"]},"$x":[{"t":"idOrVar","v":"plural"},"n"]},{"$i":"emMmiErrorSimBlocked","$v":"உள்ளீடுகளின் அதிகபட்ச எண்ணிக்கையைத் தாண்டியது. சிம் தடுக்கப்பட்டது"},{"$i":"RadioNotAvailable","$v":"ரேடியோ கிடைக்கவில்லை"},{"$i":"GenericFailure","$v":"கோரிக்கையை மேற்கொள்வதில் பிழை."},{"$i":"PasswordIncorrect","$v":"பாஸ்வெர்ட் தவறானது"},{"$i":"SimPin2","$v":"சிம் பின்2"},{"$i":"SimPuk2","$v":"சிம் PUK2"},{"$i":"RequestNotSupported","$v":"கோரிக்கை ஆதரிக்கப்படவில்லை"},{"$i":"OpNotAllowedDuringVoiceCall","$v":"வாய்ஸ் கால்-இன் போது ஆபரேஷன் அனுமதிக்கப்படவில்லை"},{"$i":"SmsSendFailRetry","$v":"SMS அனுப்பியது தோல்வியுற்றது மீண்டும் முயலவும்"},{"$i":"SimAbsent","$v":"சிம் இல்லை"},{"$i":"SubscriptionNotAvailable","$v":"சந்தா கிடைக்கவில்லை"},{"$i":"ModeNotSupported","$v":"மோட் ஆதரிக்கப்படவில்லை"},{"$i":"FdnCheckFailure","$v":"FDN சோதனை தோல்வி"},{"$i":"IllegalSimOrMe","$v":"சட்டவிரோத சிம் அல்லது ME"},{"$i":"DialModifiedToUssd","$v":"USSD-க்கு டயல் மாற்றப்பட்டது"},{"$i":"DialModifiedToSs","$v":"SS-க்கு டயல் மாற்றப்பட்டது"},{"$i":"DialModifiedToDial","$v":"டயலுக்கு டயல் மாற்றப்பட்டது"},{"$i":"UssdModifiedToDial","$v":"USSD, டயல் ஆக திருத்தப்பட்டது"},{"$i":"UssdModifiedToSs","$v":"USSD, SS ஆக திருத்தப்பட்டது"},{"$i":"UssdModifiedToUssd","$v":"USSD, USSD ஆக திருத்தப்பட்டது"},{"$i":"SsModifiedToDial","$v":"SS, டயலுக்கு திருத்தப்பட்டது"},{"$i":"SsModifiedToUssd","$v":"SS, USSD-க்கு திருத்தப்பட்டது"},{"$i":"SsModifiedToSs","$v":"SS, SS-க்கு திருத்தப்பட்டது"},{"$i":"SubscriptionNotSupported","$v":"சந்தா ஆதரிக்கப்படவில்லை"},{"$i":"InvalidParameter","$v":"செல்லாத பேராமீட்டர்"},{"$i":"RejectedByRemote","$v":"ரிமோட்டால், நிராகரிக்கப்பட்டது"},{"$i":"error","$v":"பிழை"}]