[{"$i":"weekday-0-long","$v":"Неділя"},{"$i":"weekday-1-long","$v":"Понеділок"},{"$i":"weekday-2-long","$v":"Вівторок"},{"$i":"weekday-3-long","$v":"Середа"},{"$i":"weekday-4-long","$v":"Четвер"},{"$i":"weekday-5-long","$v":"П’ятниця"},{"$i":"weekday-6-long","$v":"Субота"},{"$i":"weekday-0-short","$v":"Нд"},{"$i":"weekday-1-short","$v":"Пн"},{"$i":"weekday-2-short","$v":"Вт"},{"$i":"weekday-3-short","$v":"Ср"},{"$i":"weekday-4-short","$v":"Чт"},{"$i":"weekday-5-short","$v":"Пт"},{"$i":"weekday-6-short","$v":"Сб"},{"$i":"month-0-long","$v":"Січень"},{"$i":"month-1-long","$v":"Лютий"},{"$i":"month-2-long","$v":"Березень"},{"$i":"month-3-long","$v":"Квітень"},{"$i":"month-4-long","$v":"Травень"},{"$i":"month-5-long","$v":"Червень"},{"$i":"month-6-long","$v":"Липень"},{"$i":"month-7-long","$v":"Серпень"},{"$i":"month-8-long","$v":"Вересень"},{"$i":"month-9-long","$v":"Жовтень"},{"$i":"month-10-long","$v":"Листопад"},{"$i":"month-11-long","$v":"Грудень"},{"$i":"month-0-genitive","$v":"січня"},{"$i":"month-1-genitive","$v":"лютого"},{"$i":"month-2-genitive","$v":"березня"},{"$i":"month-3-genitive","$v":"квітня"},{"$i":"month-4-genitive","$v":"травня"},{"$i":"month-5-genitive","$v":"червня"},{"$i":"month-6-genitive","$v":"липня"},{"$i":"month-7-genitive","$v":"серпня"},{"$i":"month-8-genitive","$v":"вересня"},{"$i":"month-9-genitive","$v":"жовтня"},{"$i":"month-10-genitive","$v":"листопада"},{"$i":"month-11-genitive","$v":"грудня"},{"$i":"month-0-short","$v":"Січ"},{"$i":"month-1-short","$v":"Лют"},{"$i":"month-2-short","$v":"Бер"},{"$i":"month-3-short","$v":"Кві"},{"$i":"month-4-short","$v":"Тра"},{"$i":"month-5-short","$v":"Чер"},{"$i":"month-6-short","$v":"Лип"},{"$i":"month-7-short","$v":"Сер"},{"$i":"month-8-short","$v":"Вер"},{"$i":"month-9-short","$v":"Жов"},{"$i":"month-10-short","$v":"Лис"},{"$i":"month-11-short","$v":"Гру"},{"$i":"minutes-ago-long","$v":{"few":[{"t":"idOrVar","v":"value"}," хвилини тому"],"many":[{"t":"idOrVar","v":"value"}," хвилин тому"],"other":[{"t":"idOrVar","v":"value"}," хвилини тому"],"two":[{"t":"idOrVar","v":"value"}," хвилини тому"],"one":"Хвилину тому","zero":"просто зараз"},"$x":[{"t":"idOrVar","v":"plural"},"value"]},{"$i":"hours-ago-long","$v":{"few":[{"t":"idOrVar","v":"value"}," години тому"],"many":[{"t":"idOrVar","v":"value"}," годин тому"],"other":[{"t":"idOrVar","v":"value"}," години тому"],"two":[{"t":"idOrVar","v":"value"}," години тому"],"one":"1 год","zero":"просто зараз"},"$x":[{"t":"idOrVar","v":"plural"},"value"]},{"$i":"days-ago-long","$v":{"few":[{"t":"idOrVar","v":"value"}," дні тому"],"many":[{"t":"idOrVar","v":"value"}," днів тому"],"one":"учора","other":[{"t":"idOrVar","v":"value"}," дня тому"],"two":[{"t":"idOrVar","v":"value"}," дні тому"],"zero":"сьогодні"},"$x":[{"t":"idOrVar","v":"plural"},"value"]},{"$i":"weeks-ago-long","$v":{"few":[{"t":"idOrVar","v":"value"}," тижні тому"],"many":[{"t":"idOrVar","v":"value"}," тижнів тому"],"one":"минулий тиждень","other":[{"t":"idOrVar","v":"value"}," тижня тому"],"two":[{"t":"idOrVar","v":"value"}," тижні тому"],"zero":"цього тижня"},"$x":[{"t":"idOrVar","v":"plural"},"value"]},{"$i":"months-ago-long","$v":{"few":[{"t":"idOrVar","v":"value"}," місяці тому"],"many":[{"t":"idOrVar","v":"value"}," місяців тому"],"one":"минулий місяць","other":[{"t":"idOrVar","v":"value"}," місяця тому"],"two":[{"t":"idOrVar","v":"value"}," місяці тому"],"zero":"цього місяця"},"$x":[{"t":"idOrVar","v":"plural"},"value"]},{"$i":"years-ago-long","$v":{"few":[{"t":"idOrVar","v":"value"}," роки тому"],"many":[{"t":"idOrVar","v":"value"}," років тому"],"one":"минулий рік","other":[{"t":"idOrVar","v":"value"}," року тому"],"two":[{"t":"idOrVar","v":"value"}," роки тому"],"zero":"цього року"},"$x":[{"t":"idOrVar","v":"plural"},"value"]},{"$i":"minutes-until-long","$v":{"few":["через ",{"t":"idOrVar","v":"value"}," хв."],"many":["через ",{"t":"idOrVar","v":"value"}," хв."],"other":["через ",{"t":"idOrVar","v":"value"}," хв."],"two":["через ",{"t":"idOrVar","v":"value"}," хв."],"zero":"зараз","one":"за 1 хвилину"},"$x":[{"t":"idOrVar","v":"plural"},"value"]},{"$i":"hours-until-long","$v":{"few":["через ",{"t":"idOrVar","v":"value"}," год."],"many":["через ",{"t":"idOrVar","v":"value"}," год."],"other":["через ",{"t":"idOrVar","v":"value"}," год."],"two":["через ",{"t":"idOrVar","v":"value"}," год."],"zero":"зараз","one":"через 1 годину"},"$x":[{"t":"idOrVar","v":"plural"},"value"]},{"$i":"days-until-long","$v":{"few":["через ",{"t":"idOrVar","v":"value"}," дн."],"many":["через ",{"t":"idOrVar","v":"value"}," дн."],"one":"завтра","other":["через ",{"t":"idOrVar","v":"value"}," дн."],"two":["через ",{"t":"idOrVar","v":"value"}," дн."],"zero":"сьогодні"},"$x":[{"t":"idOrVar","v":"plural"},"value"]},{"$i":"weeks-until-long","$v":{"few":["через ",{"t":"idOrVar","v":"value"}," тиж."],"many":["через ",{"t":"idOrVar","v":"value"}," тиж."],"one":"наступного тижня","other":["через ",{"t":"idOrVar","v":"value"}," тиж."],"two":["через ",{"t":"idOrVar","v":"value"}," тиж."],"zero":"цього тижня"},"$x":[{"t":"idOrVar","v":"plural"},"value"]},{"$i":"months-until-long","$v":{"few":["через ",{"t":"idOrVar","v":"value"}," міс."],"many":["через ",{"t":"idOrVar","v":"value"}," міс."],"one":"наступного місяця","other":["через ",{"t":"idOrVar","v":"value"}," міс."],"two":["через ",{"t":"idOrVar","v":"value"}," міс."],"zero":"цього місяця"},"$x":[{"t":"idOrVar","v":"plural"},"value"]},{"$i":"years-until-long","$v":{"few":["через ",{"t":"idOrVar","v":"value"}," р."],"many":["через ",{"t":"idOrVar","v":"value"}," р."],"one":"наступного року","other":["через ",{"t":"idOrVar","v":"value"}," р."],"two":["через ",{"t":"idOrVar","v":"value"}," р."],"zero":"цього року"},"$x":[{"t":"idOrVar","v":"plural"},"value"]},{"$i":"minutes-ago-short","$v":{"other":[{"t":"idOrVar","v":"value"}," хвилини тому"],"zero":"просто зараз"},"$x":[{"t":"idOrVar","v":"plural"},"value"]},{"$i":"hours-ago-short","$v":{"other":[{"t":"idOrVar","v":"value"}," години тому"],"zero":"просто зараз"},"$x":[{"t":"idOrVar","v":"plural"},"value"]},{"$i":"days-ago-short","$v":{"other":[{"t":"idOrVar","v":"value"}," дня тому"],"zero":"сьогодні"},"$x":[{"t":"idOrVar","v":"plural"},"value"]},{"$i":"minutes-until-short","$v":{"other":["через ",{"t":"idOrVar","v":"value"}," хв."],"zero":"зараз"},"$x":[{"t":"idOrVar","v":"plural"},"value"]},{"$i":"hours-until-short","$v":{"other":["через ",{"t":"idOrVar","v":"value"}," год."],"zero":"зараз"},"$x":[{"t":"idOrVar","v":"plural"},"value"]},{"$i":"days-until-short","$v":{"other":["через ",{"t":"idOrVar","v":"value"}," дн."],"zero":"сьогодні"},"$x":[{"t":"idOrVar","v":"plural"},"value"]},{"$i":"incorrectDate","$v":"(неправильна дата)"},{"$i":"dateTimeFormat_%c","$v":"%a %b %e %Y %I:%M:%S %p"},{"$i":"dateTimeFormat_%x","$v":"%m/%d/%Y"},{"$i":"dateTimeFormat_%X","$v":"%I:%M:%S %p"},{"$i":"shortTimeFormat","$v":"%I:%M %p"},{"$i":"shortTimeFormat12","$v":"%I:%M %p"},{"$i":"shortTimeFormat24","$v":"%H:%M"},{"$i":"shortDateTimeFormat","$v":"%x %I:%M %p"},{"$i":"weekStartsOnMonday","$v":"0.0"},{"$i":"firstDayOfTheWeek","$v":"1.0"},{"$i":"time_am","$v":"ДП"},{"$i":"time_pm","$v":"ПП"},{"$i":"airplaneMode","$v":"Режим \"Політ"},{"$i":"searching","$v":"Пошук…"},{"$i":"noNetwork","$v":"Мережа відсутня"},{"$i":"roaming","$v":[{"t":"idOrVar","v":"operator"}," (роумінг)"]},{"$i":"operator-info","$v":[{"t":"idOrVar","v":"carrier"},", ",{"t":"idOrVar","v":"region"}]},{"$i":"emergencyCallsOnly","$v":"Тільки екстрені дзвінки"},{"$i":"emergencyCallsOnly-unknownSIMState","$v":"(невідомий стан SIM-картки)"},{"$i":"emergencyCallsOnly-noSIM","$v":"(SIM-картку не вставлено)"},{"$i":"emergencyCallsOnly-pinRequired","$v":"(потрібен PIN-код SIM-картки)"},{"$i":"emergencyCallsOnly-pukRequired","$v":"(потрібен PUK-код SIM-картки)"},{"$i":"emergencyCallsOnly-networkLocked","$v":"(мережу заблок.)"},{"$i":"emergencyCallsOnly-serviceProviderLocked","$v":"(постач. послуг заблок.)"},{"$i":"emergencyCallsOnly-corporateLocked","$v":"(корпор. блокув.)"},{"$i":"emergencyCallsOnly-network1Locked","$v":"(мережу1 заблок.)"},{"$i":"emergencyCallsOnly-network2Locked","$v":"(мережу2 заблок.)"},{"$i":"emergencyCallsOnly-hrpdNetworkLocked","$v":"(мережу hrpd заблоковано)"},{"$i":"emergencyCallsOnly-ruimCorporateLocked","$v":"(корпор. блокув. ruim)"},{"$i":"emergencyCallsOnly-ruimServiceProviderLocked","$v":"(постач. послуг ruim заблок.)"},{"$i":"lockscreen-sim-id","$v":["SIM ",{"t":"idOrVar","v":"n"}]},{"$i":"charging-no-time","$v":["Заряджено на ",{"t":"idOrVar","v":"level"},"%"]},{"$i":"charging-minutes","$v":{"few":["Заряджено на ",{"t":"idOrVar","v":"level"},"% (",{"t":"idOrVar","v":"minutes"}," хв. до повн. зарядж.)"],"many":["Заряджено на ",{"t":"idOrVar","v":"level"},"% (",{"t":"idOrVar","v":"minutes"}," хв. до повн. зарядж.)"],"one":["Заряджено на ",{"t":"idOrVar","v":"level"},"% (",{"t":"idOrVar","v":"minutes"}," хв. до повн. зарядж.)"],"other":["Заряджено на ",{"t":"idOrVar","v":"level"},"% (",{"t":"idOrVar","v":"minutes"}," хв. до повн. зарядж.)"],"two":["Заряджено на ",{"t":"idOrVar","v":"level"},"% (",{"t":"idOrVar","v":"minutes"}," хв. до повн. зарядж.)"],"zero":["Заряджено на ",{"t":"idOrVar","v":"level"},"% (",{"t":"idOrVar","v":"minutes"}," хв. до повн. зарядж.)"]},"$x":[{"t":"idOrVar","v":"plural"},"minutes"]},{"$i":"charging-hours","$v":{"few":["Заряджено на ",{"t":"idOrVar","v":"level"},"% (",{"t":"idOrVar","v":"hours"}," год. ",{"t":"idOrVar","v":"minutes"}," хв. до повн. зарядж.)"],"many":["Заряджено на ",{"t":"idOrVar","v":"level"},"% (",{"t":"idOrVar","v":"hours"}," год. ",{"t":"idOrVar","v":"minutes"}," хв. до повн. зарядж.)"],"one":["Заряджено на ",{"t":"idOrVar","v":"level"},"% (",{"t":"idOrVar","v":"hours"}," год. ",{"t":"idOrVar","v":"minutes"}," хв. до повн. зарядж.)"],"other":["Заряджено на ",{"t":"idOrVar","v":"level"},"% (",{"t":"idOrVar","v":"hours"}," год. ",{"t":"idOrVar","v":"minutes"}," хв. до повн. зарядж.)"],"two":["Заряджено на ",{"t":"idOrVar","v":"level"},"% (",{"t":"idOrVar","v":"hours"}," год. ",{"t":"idOrVar","v":"minutes"}," хв. до повн. зарядж.)"],"zero":["Заряджено на ",{"t":"idOrVar","v":"level"},"% (",{"t":"idOrVar","v":"hours"}," год. ",{"t":"idOrVar","v":"minutes"}," хв. до повн. зарядж.)"]},"$x":[{"t":"idOrVar","v":"plural"},"minutes"]},{"$i":"phoneNumberInput","ariaLabel":"Номер телефону"},{"$i":"keypadDelete","ariaLabel":"Видалити"},{"$i":"voiceMailKey","ariaLabel":"Голос. повід."},{"$i":"asterisk","ariaLabel":"Виноска"},{"$i":"hashSign","ariaLabel":"Знак \"решітка"},{"$i":"cancel","$v":"Скасувати"},{"$i":"loadingSimContacts","$v":"Завантаження контактів SIM-картки…"},{"$i":"noContactsWereFound","$v":"Знайдено контакти"},{"$i":"noContactsFoundDialogOk","$v":"OK"},{"$i":"emergencyNumber","$v":"Екстрений номер"},{"$i":"callAirplaneModeMessage","$v":"Щоб подзвонити, у настройках вимкніть режим \"Політ\"."},{"$i":"callAirplaneModeBtnOk","$v":"OK"},{"$i":"callAirplaneModeTitle","$v":"Режим \"Політ\" увімкнено"},{"$i":"numberIsBusyTitle","$v":"Номер зайнятий"},{"$i":"numberIsBusyMessage","$v":"Номер зараз зайнятий. Спробуйте ще раз пізніше."},{"$i":"fdnIsActiveTitle","$v":"Номери фіксованого набору ввімкнено"},{"$i":"fdnIsActiveMessage","$v":["Номери фіксованого набору ввімкнено. Наведений номер відсутній у вашому списку номерів фіксованого набору: ",{"t":"idOrVar","v":"number"}]},{"$i":"emergencyDialogBodyBadNumber","$v":"Щоб здійснити дзвінок, телефон має бути підключений до мережі."},{"$i":"emergencyDialogBodyDeviceNotAccepted","$v":"Екстрені дзвінки не дозволені мережею."},{"$i":"emergencyDialogBtnOk","$v":"OK"},{"$i":"emergencyDialogTitle","$v":"Немає з’єднання з мережею"},{"$i":"invalidNumberToDialTitle","$v":"Неправильний номер телефону"},{"$i":"invalidNumberToDialMessage","$v":"Номер телефону, на який ви дзвоните, недійсний."},{"$i":"unableToCallTitle","$v":"Не вдалося подзвонити. "},{"$i":"unableToCallMessage","$v":"Зараз не можна здійснити телефонний дзвінок"},{"$i":"otherConnectionInUseTitle","$v":"Використовується інше з’єднання"},{"$i":"otherConnectionInUseMessage","$v":"На іншому каналі очікує активний дзвінок. Одночасно можна використовувати тільки одне з’єднання."},{"$i":"connectingEllipsis","$v":"З’єднання..."},{"$i":"clear","$v":"Очистити"},{"$i":"dialer","$v":"Набір"},{"$i":"vt-incoming-call","$v":"Вхідний відеодзвінок ..."},{"$i":"kai-incoming-call","$v":"Вхідний дзвінок"},{"$i":"kai-in-call","$v":"На виклик"},{"$i":"kai-answer","$v":"Відповідь"},{"$i":"kai-end-answer","$v":"Кінець і відповідь"},{"$i":"kai-decline","$v":"Відхилити"},{"$i":"enter-passcode","$v":"Введіть пароль, щоб розблокувати екран."},{"$i":"passcode-error","$v":"Неправильний код. Спробуйте ще раз."},{"$i":"lockscreenInvalidCode","$v":"Невірний код."},{"$i":"lockscreenColdDown","$v":["Недійний код. Повторіть спробу через ",{"t":"idOrVar","v":"n"},"."]},{"$i":"lockscreenCheckLockCode","$v":{"few":["Недійний код. Залишилося ",{"t":"idOrVar","v":"n"}," спроби."],"one":["Недійний код. Залишилася ",{"t":"idOrVar","v":"n"}," спроба."],"other":["Недійний код. Залишилося спроб: ",{"t":"idOrVar","v":"n"},"."],"two":["Недійний код. Залишилося ",{"t":"idOrVar","v":"n"}," спроби."]},"$x":[{"t":"idOrVar","v":"plural"},"n"]},{"$i":"videoCall","$v":"Відеодзвінок"},{"$i":"voice-call","$v":"Голосовий дзвінок"},{"$i":"video-call","$v":"Відеодзвінок"},{"$i":"message","$v":"Повідомлення"},{"$i":"answer-rtt-call","$v":"Відповісти на дзвінок RTT"},{"$i":"req-rtt-call","$v":"ANS RTT"},{"$i":"rtt-call","$v":"Дзвінок RTT"},{"$i":"rtt-view","$v":"Огляд RTT"},{"$i":"change-to-rtt-call","$v":"З’єднання дзвінка RTT..."},{"$i":"change-to-voice-call","$v":"Змінено на голосовий дзвінок."},{"$i":"upgrading-rtt","$v":"Оновлення до дзвінка RTT..."},{"$i":"rtt-call-failed","$v":"Помилка дзвінка RTT."},{"$i":"voice-call-failed","$v":"Помилка голосового дзвінка."},{"$i":"rtt","$v":"RTT"},{"$i":"rtt-emegency-upgrade-rejected","$v":"Послуга RTT недоступна для цього дзвінка на номер 911."},{"$i":"rtt-emegency-downgrade","$v":"Послуга RTT недоступна для цього дзвінка на номер 911. Для дзвінка використовується лише голосовий режим. Якщо виникли проблеми, здійсніть голосовий дзвінок на номер 911 або скористайтеся комутатором."},{"$i":"voice-only-call","$v":"Ваш дзвінок підключено лише в голосовому режимі."},{"$i":"ans-rtt-failed","$v":"Не вдалося налаштувати дзвінок RTT. Дзвінок підключено лише в голосовому режимі."},{"$i":"back","$v":"Назад"},{"$i":"new-message","$v":"Нові повідомлення від"},{"$i":"kai-mute","$v":"Вимкнути звук"},{"$i":"kai-unmute","$v":"Увімкнути звук"},{"$i":"kai-speaker","$v":"Динамік"},{"$i":"kai-speaker-off","$v":"Динамік вимкнено"},{"$i":"kai-microphone-mute-notification","$v":"Мікрофон вимкнено"},{"$i":"kai-microphone-active-notification","$v":"Мікрофон активний"},{"$i":"kai-speaker-off-notification","$v":"Зовнішній динамік вимкнено"},{"$i":"kai-speaker-on-notification","$v":"Зовнішній динамік увімкнено"},{"$i":"kai-hold-and-answer","$v":"Покладіть утримування та відповідь"},{"$i":"kai-ignore-call","$v":"Ігноруйте вхідний виклик"},{"$i":"kai-add-to-call","$v":"Додати дзвінок"},{"$i":"kai-switch-to-second-line","$v":"Переключити дзвінок"},{"$i":"kai-merge-calls","$v":"Об’єднати виклик"},{"$i":"ok","$v":"OK"},{"$i":"losing-wifi-msg","$v":"втрата сигналу wi-fi"},{"$i":"personal","$v":"Особист."},{"$i":"mobile","$v":"Мобільний"},{"$i":"home","$v":"Домашній"},{"$i":"work","$v":"Роб."},{"$i":"other","$v":"Інше"},{"$i":"fax-home","$v":"Факс (дім)"},{"$i":"fax-office","$v":"Факс (офіс)"},{"$i":"fax-other","$v":"Інший факс"},{"$i":"hd","$v":"HD"},{"$i":"manage-call","$v":"Керувати дзвінком"},{"$i":"end","$v":"Завершити дзвінок"},{"$i":"private","$v":"Приватно"},{"$i":"sound","$v":"Звук"},{"$i":"bluetooth-device","$v":"Пристрій Bluetooth"},{"$i":"handset-earpiece","$v":"Трубка"},{"$i":"speaker","$v":"Динамік"},{"$i":"call-ended","$v":"Дзвінок завершено"},{"$i":"payphone","$v":"Таксофон"},{"$i":"contact","$v":"Контакт"},{"$i":"dialer-prompt","$v":"Наберіть номер або виберіть контакт, щоб додати абонента до дзвінка"},{"$i":"call","$v":"Подзвонити"},{"$i":"hold","$v":"Утримувати"},{"$i":"callHeldDuration","$v":["Утрим. (",{"t":"idOrVar","v":"duration"},")"]},{"$i":"volume","$v":"Гучність"},{"$i":"softkey-options","$v":"Опції"},{"$i":"unhold-call","$v":"Зняти з утримання"},{"$i":"hold-call","$v":"Утримати виклик"},{"$i":"select","$v":"Вибрати"},{"$i":"unknown","$v":"Невідомо"},{"$i":"switch-calls","$v":"Переключити дзвінки"},{"$i":"voiceMail","$v":"Голос. повід."},{"$i":"incoming","$v":"Вхідні"},{"$i":"outgoing","$v":"Вихідні"},{"$i":"callEnded","$v":"Дзвінок завершено"},{"$i":"callEndedDuration","$v":["Дзвінок завершено (",{"t":"idOrVar","v":"duration"},")"]},{"$i":"conferenceAddError","$v":"Не вдалось об’єднати дзвінки"},{"$i":"conferenceRemoveError","$v":"Не вдалося роз’єднати дзвінки"},{"$i":"valid-number","$v":"Дійсне число"},{"$i":"numberBlockedMessage","$v":"Цей номер заблоковано. Ви можете попросити батьків у дозволу."},{"$i":"callDurationMinutes","$v":[{"t":"idOrVar","v":"m"},":",{"t":"idOrVar","v":"s"}]},{"$i":"callDurationHours","$v":[{"t":"idOrVar","v":"h"},":",{"t":"idOrVar","v":"m"},":",{"t":"idOrVar","v":"s"}]},{"$i":"switch-to-device-toast","$v":"Переключено на пристрій Bluetooth"},{"$i":"switch-to-handset-toast","$v":"Переключено на динамік гарнітури"},{"$i":"switch-to-speaker-toast","$v":"Переключено на динамік"},{"$i":"connecting","$v":"Підключення"},{"$i":"wifi-call-quality-excellent","$v":"Відмінно"},{"$i":"wifi-call-quality-fair","$v":"Задовільна"},{"$i":"wifi-call-quality-bad","$v":"Погана"},{"$i":"call-left-conference-toast","$v":"завершує дзвінок"},{"$i":"camera-off","$v":"Камеру вимкнено"},{"$i":"camera-on","$v":"Камеру ввімкнено"},{"$i":"rear-camera","$v":"Задня камера"},{"$i":"front-camera","$v":"Передня камера"},{"$i":"hide-info","$v":"Приховати інформацію"},{"$i":"show-info","$v":"Показати відомості"},{"$i":"video-call-rejected","$v":"Відеодзвінок відхилено. Переключено на голосовий дзвінок."},{"$i":"video-call-not-support","$v":"Відеодзвінки не підтримуються."},{"$i":"video-call-rejected-timeout","$v":"Відхилений відеодзвінок або час очікування."},{"$i":"video-call-from","$v":["Вхідний відеодзвінок від контакту ",{"t":"idOrVar","v":"name"},"."]},{"$i":"video-call-canceled","$v":"Відеодзвінок скасовано."},{"$i":"video-call-failed","$v":"Не вдалося здійснити відеодзвінок."},{"$i":"call-downgraded","$v":"Виклик знижений."},{"$i":"wifi-calling","$v":"Здійснення дзвінка через Wi-Fi"},{"$i":"wifi-calling-1","$v":"Дзвінок може перерватися."},{"$i":"wifi-calling-2","$v":"Ви знаходитесь практично за межами діапазону охоплення мережі Wi-Fi."},{"$i":"wifi-calling-dropped","$v":"Дзвінок через Wi-Fi може перерватися."},{"$i":"accept","$v":"Прийняти"},{"$i":"conference-call-num","$v":["Учасників виклику: ",{"t":"idOrVar","v":"num"},"."]},{"$i":"more","$v":"Більше"},{"$i":"rec","$v":"REC"},{"$i":"start-recording-call","$v":"Почати записування дзвінка."},{"$i":"stop-recording-call","$v":"Зупинити записування дзвінка."},{"$i":"insufficient-storage","$v":"Недостатньо місця. Записування зупинено."},{"$i":"confirmation","$v":"Підтвердження"},{"$i":"get-empty-ussd","$v":"Отримано нульову відповідь."},{"$i":"message-sent","$v":"Повідомлення надіслано"},{"$i":"messages","$v":"Повідомлення"},{"$i":"wait","$v":"Будь ласка, зачекайте ..."},{"$i":"send","$v":"Надіслати"},{"$i":"reply","$v":"Відповісти"},{"$i":"reply-message-1","$v":"Вибачте, я зараз не можу говорити."},{"$i":"reply-message-2","$v":"Я в дорозі."},{"$i":"reply-message-3","$v":"Чи можу я зателефонувати вам пізніше?"},{"$i":"reply-message-4","$v":"Спеціальні ..."},{"$i":"reply-to-name","$v":["Відповідь надіслано контакту ",{"t":"idOrVar","v":"name"}]},{"$i":"call-busy-error","$v":"BusyError"},{"$i":"call-bad-number-error","$v":"BadNumberError"},{"$i":"call-no-route-to-destination-error","$v":"No route to destination."},{"$i":"call-channel-unacceptable-error","$v":"Channel unacceptable"},{"$i":"call-operator-determined-barring-error","$v":"Operator determined barring"},{"$i":"call-normal-call-clearing-error","$v":"LLAMADA TERMINADA"},{"$i":"call-no-user-responding-error","$v":"No user responding"},{"$i":"call-user-alerting-no-answer-error","$v":"User alerting, no answer  "},{"$i":"call-call-rejected-error","$v":"Call rejected"},{"$i":"call-number-changed-error","$v":"Number Changed "},{"$i":"call-pre-emption-error","$v":"Pre-emption"},{"$i":"call-destination-out-of-order-error","$v":"Destination out of order "},{"$i":"call-invalid-number-format-error","$v":"Invalid number format "},{"$i":"call-facility-rejected-error","$v":"Facility rejected "},{"$i":"call-response-to-status-enquiry-error","$v":"Response to "},{"$i":"call-unspecified-error","$v":"Normal, unspecified "},{"$i":"call-congestion-error","$v":"No circuit/channel available"},{"$i":"call-network-out-of-order-error","$v":"Network out of order  "},{"$i":"call-network-temp-failure-error","$v":"Temporary Failure"},{"$i":"call-switching-equip-congestion-error","$v":"Switching equipment congestion"},{"$i":"call-access-info-discarded-error","$v":"Access information discarded "},{"$i":"call-requested-channel-not-available-error","$v":"requested circuit/channel not available"},{"$i":"call-resource-unavailable-error","$v":"Resources unavailable, unspecified"},{"$i":"call-qos-unavailable-error","$v":"Quality of service unavailable"},{"$i":"call-requested-facility-not-subscribed-error","$v":"Requested facility not subscribed"},{"$i":"call-incoming-calls-barred-within-cug-error","$v":"Incoming calls barred within the CUG"},{"$i":"call-bearer-capability-not-authorized-error","$v":"Bearer capability not authorized"},{"$i":"call-bearer-capability-not-available-error","$v":"Bearer capability not presently available"},{"$i":"call-service-not-available-error","$v":"Service or option not available, unspecified"},{"$i":"call-bearer-not-implemented-error","$v":"Bearer service not implemented"},{"$i":"call-incoming-call-exceeded-error","$v":"ACM equal to greater than ACMmax"},{"$i":"call-requested-facility-not-implemented-error","$v":"Requested facility not implemented"},{"$i":"call-unrestricted-bearer-not-available-error","$v":"Only restricted digital information bearer capability is available"},{"$i":"call-service-not-implemented-error","$v":"Service or option not implemented, unspecified "},{"$i":"call-invalid-transaction-id-error","$v":"Invalid transaction identifier value  "},{"$i":"call-not-cug-member-error","$v":"User not member of CUG "},{"$i":"call-incompatible-destination-error","$v":"Incompatible destination  "},{"$i":"call-invalid-transit-network-selection-error","$v":"Invalid transit network selection"},{"$i":"call-semantically-incorrect-message-error","$v":"Semantically incorrect message "},{"$i":"call-invalid-mandatory-info-error","$v":"Invalid mandatory information"},{"$i":"call-message-type-not-implemented-error","$v":"Message type-non compatible with protocol state "},{"$i":"call-message-type-incompatible-protocol-state-error","$v":"Message type not compatible with protocol state  "},{"$i":"call-info-element-not-implemented-error","$v":"Information element nonexistent or not implemented "},{"$i":"call-conditionalIe-error","$v":"Conditional IE error"},{"$i":"call-message-incompatible-protocol-state-error","$v":"Message not compatible with protocol state"},{"$i":"call-recovery-on-timer-expiry-error","$v":"Recovery on timer expiry "},{"$i":"call-protocol-error","$v":"Protocol Error, unspecified "},{"$i":"call-interworking-error","$v":"Interworking, unspecified "},{"$i":"call-service-option-not-subscribed-error","$v":"SIN SUBSCRIPCION AL SERVICIO -33-"},{"$i":"call-unknown-pdp-address-type-error","$v":"FALLA DE AUTENTICACION -29-"},{"$i":"mt-call-on-hold","$v":"Дзвінок на утримуванні."},{"$i":"mt-call_retrieved","$v":"Дзвінок завантажено."},{"$i":"mt-multi_party_call","$v":"Вас додано до конференц-дзвінка."},{"$i":"hangup-a11y-button","$v":""},{"$i":"pickup-a11y-button","$v":""},{"$i":"mute","$v":""},{"$i":"toggleKeypad","$v":""},{"$i":"newCall","$v":""},{"$i":"speakerOption","$v":""},{"$i":"bluetoothOption","$v":""},{"$i":"onHoldOption","$v":""},{"$i":"merge","$v":""},{"$i":"ignore","$v":""},{"$i":"dialerAddContact","$v":""},{"$i":"makeCall","$v":""},{"$i":"call-forwarding-async","$v":["Асинхронний: ",{"t":"idOrVar","v":"async"}]},{"$i":"call-forwarding-data","$v":["Дані: ",{"t":"idOrVar","v":"data"}]},{"$i":"call-forwarding-error","$v":"Сталася помилка під час отримання стану переадресації дзвінків"},{"$i":"call-forwarding-fax","$v":["ФАКС: ",{"t":"idOrVar","v":"fax"}]},{"$i":"call-forwarding-inactive","$v":"Вимкнено"},{"$i":"call-forwarding-packet","$v":["Пакет: ",{"t":"idOrVar","v":"packet"}]},{"$i":"call-forwarding-pad","$v":["ПАНЕЛЬ: ",{"t":"idOrVar","v":"pad"}]},{"$i":"call-forwarding-sms","$v":["SMS: ",{"t":"idOrVar","v":"sms"}]},{"$i":"call-forwarding-status","$v":"Стан переадрес. дзвінків"},{"$i":"call-forwarding-sync","$v":["Синхронізовано: ",{"t":"idOrVar","v":"sync"}]},{"$i":"call-forwarding-voice","$v":["Голос: ",{"t":"idOrVar","v":"voice"}]},{"$i":"call-forwarding-reason","$v":["Reason: ",{"t":"idOrVar","v":"reason"}]},{"$i":"scCallBarring","$v":"Заборона дзвінків"},{"$i":"scCallForwarding","$v":"Переадр. дзвінків"},{"$i":"scClip","$v":"Дані абонента, що дзвонить"},{"$i":"scClir","$v":"Дані абонента, якому ви дзвоните"},{"$i":"scPwd","$v":"Змінення пароля"},{"$i":"scCallWaiting","$v":"Очікування дзвінків"},{"$i":"scPin","$v":"Змінення PIN-коду"},{"$i":"scPin2","$v":"Змінення PIN2-коду"},{"$i":"scPuk","$v":"Розблокувати PIN-код"},{"$i":"scPuk2","$v":"Розблокувати PIN2-код"},{"$i":"scImei","$v":"IMEI"},{"$i":"scMeid","$v":"MEID"},{"$i":"scUssd","$v":"USSD"},{"$i":"serviceClassVoice","$v":"Голосові записи"},{"$i":"serviceClassData","$v":"Дані"},{"$i":"serviceClassFax","$v":"ФАКС"},{"$i":"serviceClassSms","$v":"SMS"},{"$i":"serviceClassDataSync","$v":"Синхронізувати"},{"$i":"serviceClassDataAsync","$v":"Асинхрон."},{"$i":"serviceClassPacket","$v":"Пакет"},{"$i":"serviceClassPad","$v":"ПАНЕЛЬ"},{"$i":"smServiceEnabled","$v":"Службу ввімкнено"},{"$i":"smServiceDisabled","$v":"Службу вимкнено"},{"$i":"smServiceRegistered","$v":"Реєстрацію завершено"},{"$i":"smServiceErased","$v":"Стирання виконано"},{"$i":"smServiceInterrogated","$v":"Запит виконано"},{"$i":"smServiceNotProvisioned","$v":"Служба недоступна"},{"$i":"smClirPermanent","$v":"Ви не можете змінювати дані абонента"},{"$i":"smClirDefaultOnNextCallOn","$v":"Станд. настройки даних абонента обмежено. Наступн. дзвін.: обмежено"},{"$i":"smClirDefaultOnNextCallOff","$v":"Станд. настройки даних абонента обмежено. Наступн. дзвін.: не обмежено"},{"$i":"smClirDefaultOffNextCallOn","$v":"Станд. настройки даних абонента не обмежено. Наступн. дзвін.: обмежено"},{"$i":"smClirDefaultOffNextCallOff","$v":"Станд. настройки даних абонента не обмежено. Наступн. дзвін.: не обмежено"},{"$i":"smServiceEnabledFor","$v":"Службу ввімкнено для:"},{"$i":"smPinChanged","$v":"PIN-код змінено"},{"$i":"smPinUnblocked","$v":"PIN-код розблоковано"},{"$i":"smPin2Changed","$v":"PIN2-код змінено"},{"$i":"smPin2Unblocked","$v":"PIN2-код розблоковано"},{"$i":"ServiceIsEnabled","$v":"Службу ввімкнено"},{"$i":"ServiceIsDisabled","$v":"Службу вимкнено"},{"$i":"ServiceIsEnabledFor","$v":"Службу ввімкнено для:"},{"$i":"emMmiError","$v":"Проблема з’єднання або неправильний MMI-код"},{"$i":"emMmiErrorPasswordIncorrect","$v":"Неправильний пароль"},{"$i":"emMmiErrorNotSupported","$v":"MMI-код не підтримується або неправильний"},{"$i":"emMmiErrorInvalidAction","$v":"Неправильна дія"},{"$i":"emMmiErrorInvalidScCode","$v":"Неправильний службовий код"},{"$i":"emMmiErrorBadPuk","$v":"Введено неправильний PUK-код."},{"$i":"emMmiErrorBadPin","$v":"Введено неправильний старий PIN-код."},{"$i":"emMmiErrorNeedPuk2","$v":"Введіть PUK2-код, щоб розблок. SIM-картку"},{"$i":"emMmiErrorMismatchPin","$v":"Введені PIN-коди не збігаються."},{"$i":"emMmiErrorInvalidPin","$v":"Введіть PIN-код (від 4 до 8 цифр)"},{"$i":"emMmiErrorNeedsPuk","$v":"Вашу SIM-картку заблоковано PUK-кодом."},{"$i":"emMmiErrorEnablePin","$v":"Сталася помилка. Увімкніть БЛОКУВАННЯ SIM/RUIM"},{"$i":"emMmiErrorMmiFdn","$v":"Операція виконується тільки для номерів фікс. набору"},{"$i":"emMmiErrorStkCcUssdDial","$v":"Запит USSD змінено на запит НАБОРУ"},{"$i":"emMmiErrorStkCcUssdSs","$v":"Запит USSD змінено на запит SS"},{"$i":"emMmiErrorStkCcUssdUssd","$v":"Запит USSD змінено на новий запит USSD"},{"$i":"emMmiErrorStkCcSsDial","$v":"Запит SS змінено на запит НАБОРУ"},{"$i":"emMmiErrorStkCcSsUssd","$v":"Запит SS змінено на запит USSD"},{"$i":"emMmiErrorStkCcSsSs","$v":"Запит SS змінено на новий запит SS"},{"$i":"emMmiErrorPinPukAttempts","$v":{"few":["Залишилося ",{"t":"idOrVar","v":"n"}," спроби"],"many":["Залишилося ",{"t":"idOrVar","v":"n"}," спроб"],"one":["Залишилося спроб: ",{"t":"idOrVar","v":"n"}],"other":["Залишилося ",{"t":"idOrVar","v":"n"}," спроби"],"two":["Залишилося ",{"t":"idOrVar","v":"n"}," спроби"]},"$x":[{"t":"idOrVar","v":"plural"},"n"]},{"$i":"emMmiErrorSimBlocked","$v":"Перевищено макс. кількість спроб. SIM-картку заблоковано."},{"$i":"RadioNotAvailable","$v":"Радіо недоступне"},{"$i":"GenericFailure","$v":"Помилка виконання запиту."},{"$i":"PasswordIncorrect","$v":"Неправильний пароль"},{"$i":"SimPin2","$v":"PIN2-код SIM-картки"},{"$i":"SimPuk2","$v":"PUK2-код SIM-картки"},{"$i":"RequestNotSupported","$v":"Запит не підтримується"},{"$i":"OpNotAllowedDuringVoiceCall","$v":"Операція не виконується під час голос. дзвінків"},{"$i":"SmsSendFailRetry","$v":"SMS send fail retry"},{"$i":"SimAbsent","$v":"SIM-картка відсутня"},{"$i":"SubscriptionNotAvailable","$v":"Підписка недоступна"},{"$i":"ModeNotSupported","$v":"Режим не підтримується"},{"$i":"FdnCheckFailure","$v":"Помилка перевірки номерів фіксованого набору"},{"$i":"IllegalSimOrMe","$v":"Недійсна SIM-картка або ME"},{"$i":"DialModifiedToUssd","$v":"Набір змінено на USSD"},{"$i":"DialModifiedToSs","$v":"Набір змінено на SS"},{"$i":"DialModifiedToDial","$v":"Набір змінено на набір"},{"$i":"UssdModifiedToDial","$v":"USSD змінено на набір"},{"$i":"UssdModifiedToSs","$v":"USSD змінено на SS"},{"$i":"UssdModifiedToUssd","$v":"USSD змінено на USSD"},{"$i":"SsModifiedToDial","$v":"SS змінено на набір"},{"$i":"SsModifiedToUssd","$v":"SS змінено на USSD"},{"$i":"SsModifiedToSs","$v":"SS змінено на SS"},{"$i":"SubscriptionNotSupported","$v":"Підписка не підтримується"},{"$i":"InvalidParameter","$v":"Неправильний параметр"},{"$i":"RejectedByRemote","$v":"Відхилено віддал. вузлом"},{"$i":"error","$v":"Помилка"}]