[{"$i":"weekday-0-long","$v":"Якшанба"},{"$i":"weekday-1-long","$v":"Душанба"},{"$i":"weekday-2-long","$v":"Сешанба"},{"$i":"weekday-3-long","$v":"Чоршанба"},{"$i":"weekday-4-long","$v":"Пайшанба"},{"$i":"weekday-5-long","$v":"Жума"},{"$i":"weekday-6-long","$v":"Шанба"},{"$i":"weekday-0-short","$v":"Якш"},{"$i":"weekday-1-short","$v":"Душ"},{"$i":"weekday-2-short","$v":"Сеш"},{"$i":"weekday-3-short","$v":"Чор"},{"$i":"weekday-4-short","$v":"Пай"},{"$i":"weekday-5-short","$v":"Жум"},{"$i":"weekday-6-short","$v":"Шан"},{"$i":"month-0-long","$v":"Январ"},{"$i":"month-1-long","$v":"Феврал"},{"$i":"month-2-long","$v":"Март"},{"$i":"month-3-long","$v":"Апрель"},{"$i":"month-4-long","$v":"Май"},{"$i":"month-5-long","$v":"Июн"},{"$i":"month-6-long","$v":"Июл"},{"$i":"month-7-long","$v":"Август"},{"$i":"month-8-long","$v":"Сентябр"},{"$i":"month-9-long","$v":"Октябр"},{"$i":"month-10-long","$v":"Ноябр"},{"$i":"month-11-long","$v":"Декабр"},{"$i":"month-0-genitive","$v":"Январь"},{"$i":"month-1-genitive","$v":"Февраль"},{"$i":"month-2-genitive","$v":"Март"},{"$i":"month-3-genitive","$v":"Апрель"},{"$i":"month-4-genitive","$v":"Май"},{"$i":"month-5-genitive","$v":"Июнь"},{"$i":"month-6-genitive","$v":"Июль"},{"$i":"month-7-genitive","$v":"Август"},{"$i":"month-8-genitive","$v":"Сентябрь"},{"$i":"month-9-genitive","$v":"Октябрь"},{"$i":"month-10-genitive","$v":"Ноябрь"},{"$i":"month-11-genitive","$v":"Декабрь"},{"$i":"month-0-short","$v":"Янв"},{"$i":"month-1-short","$v":"Фев"},{"$i":"month-2-short","$v":"Мар"},{"$i":"month-3-short","$v":"Апр"},{"$i":"month-4-short","$v":"Май"},{"$i":"month-5-short","$v":"Июн"},{"$i":"month-6-short","$v":"Июл"},{"$i":"month-7-short","$v":"Авг"},{"$i":"month-8-short","$v":"Сен"},{"$i":"month-9-short","$v":"Окт"},{"$i":"month-10-short","$v":"Ноя"},{"$i":"month-11-short","$v":"Дек"},{"$i":"minutes-ago-long","$v":{"few":[{"t":"idOrVar","v":"value"}," дақиқа олдин"],"many":[{"t":"idOrVar","v":"value"}," дақиқа олдин"],"other":[{"t":"idOrVar","v":"value"}," дақиқа олдин"],"two":[{"t":"idOrVar","v":"value"}," дақиқа олдин"],"one":"бир дақиқа аввал","zero":"ҳозиргина"},"$x":[{"t":"idOrVar","v":"plural"},"value"]},{"$i":"hours-ago-long","$v":{"few":[{"t":"idOrVar","v":"value"}," соат олдин"],"many":[{"t":"idOrVar","v":"value"}," соат олдин"],"other":[{"t":"idOrVar","v":"value"}," соат олдин"],"two":[{"t":"idOrVar","v":"value"}," соат олдин"],"one":"1 soat avval","zero":"ҳозиргина"},"$x":[{"t":"idOrVar","v":"plural"},"value"]},{"$i":"days-ago-long","$v":{"few":[{"t":"idOrVar","v":"value"}," кун олдин"],"many":[{"t":"idOrVar","v":"value"}," кун олдин"],"one":"кеча","other":[{"t":"idOrVar","v":"value"}," кун олдин"],"two":[{"t":"idOrVar","v":"value"}," кун олдин"],"zero":"бугун"},"$x":[{"t":"idOrVar","v":"plural"},"value"]},{"$i":"weeks-ago-long","$v":{"few":[{"t":"idOrVar","v":"value"}," ҳафта олдин"],"many":[{"t":"idOrVar","v":"value"}," ҳафта олдин"],"one":"ўтган ҳафта","other":[{"t":"idOrVar","v":"value"}," ҳафта олдин"],"two":[{"t":"idOrVar","v":"value"}," ҳафта олдин"],"zero":"шу ҳафта"},"$x":[{"t":"idOrVar","v":"plural"},"value"]},{"$i":"months-ago-long","$v":{"few":[{"t":"idOrVar","v":"value"}," ой олдин"],"many":[{"t":"idOrVar","v":"value"}," ой олдин"],"one":"ўтган ой","other":[{"t":"idOrVar","v":"value"}," ой олдин"],"two":[{"t":"idOrVar","v":"value"}," ой олдин"],"zero":"бу ой"},"$x":[{"t":"idOrVar","v":"plural"},"value"]},{"$i":"years-ago-long","$v":{"few":[{"t":"idOrVar","v":"value"}," йил олдин"],"many":[{"t":"idOrVar","v":"value"}," йил олдин"],"one":"ўтган йил","other":[{"t":"idOrVar","v":"value"}," йил олдин"],"two":[{"t":"idOrVar","v":"value"}," йил олдин"],"zero":"шу йил"},"$x":[{"t":"idOrVar","v":"plural"},"value"]},{"$i":"minutes-until-long","$v":{"few":[{"t":"idOrVar","v":"value"}," дақиқада"],"many":[{"t":"idOrVar","v":"value"}," дақиқада"],"other":[{"t":"idOrVar","v":"value"}," дақиқада"],"two":[{"t":"idOrVar","v":"value"}," дақиқада"],"zero":"ҳозир","one":"1 daqiqada"},"$x":[{"t":"idOrVar","v":"plural"},"value"]},{"$i":"hours-until-long","$v":{"few":[{"t":"idOrVar","v":"value"}," соатда"],"many":[{"t":"idOrVar","v":"value"}," соатда"],"other":[{"t":"idOrVar","v":"value"}," соатда"],"two":[{"t":"idOrVar","v":"value"}," соатда"],"zero":"ҳозир","one":"1 soat ichida"},"$x":[{"t":"idOrVar","v":"plural"},"value"]},{"$i":"days-until-long","$v":{"few":[{"t":"idOrVar","v":"value"}," кунда"],"many":[{"t":"idOrVar","v":"value"}," кунда"],"one":"эртага","other":[{"t":"idOrVar","v":"value"}," кунда"],"two":[{"t":"idOrVar","v":"value"}," кунда"],"zero":"бугун"},"$x":[{"t":"idOrVar","v":"plural"},"value"]},{"$i":"weeks-until-long","$v":{"few":[{"t":"idOrVar","v":"value"}," ҳафтада"],"many":[{"t":"idOrVar","v":"value"}," ҳафтада"],"one":"кейинги ҳафта","other":[{"t":"idOrVar","v":"value"}," ҳафтада"],"two":[{"t":"idOrVar","v":"value"}," ҳафтада"],"zero":"шу ҳафта"},"$x":[{"t":"idOrVar","v":"plural"},"value"]},{"$i":"months-until-long","$v":{"few":[{"t":"idOrVar","v":"value"}," ойда"],"many":[{"t":"idOrVar","v":"value"}," ойда"],"one":"кейинги ой","other":[{"t":"idOrVar","v":"value"}," ойда"],"two":[{"t":"idOrVar","v":"value"}," ойда"],"zero":"бу ой"},"$x":[{"t":"idOrVar","v":"plural"},"value"]},{"$i":"years-until-long","$v":{"few":[{"t":"idOrVar","v":"value"}," йилда"],"many":[{"t":"idOrVar","v":"value"}," йилда"],"one":"кейинги йил","other":[{"t":"idOrVar","v":"value"}," йилда"],"two":[{"t":"idOrVar","v":"value"}," йилда"],"zero":"шу йил"},"$x":[{"t":"idOrVar","v":"plural"},"value"]},{"$i":"minutes-ago-short","$v":{"other":[{"t":"idOrVar","v":"value"},"д олдин"],"zero":"ҳозиргина"},"$x":[{"t":"idOrVar","v":"plural"},"value"]},{"$i":"hours-ago-short","$v":{"other":[{"t":"idOrVar","v":"value"},"с олдин"],"zero":"ҳозиргина"},"$x":[{"t":"idOrVar","v":"plural"},"value"]},{"$i":"days-ago-short","$v":{"other":[{"t":"idOrVar","v":"value"},"к олдин"],"zero":"бугун"},"$x":[{"t":"idOrVar","v":"plural"},"value"]},{"$i":"minutes-until-short","$v":{"other":[{"t":"idOrVar","v":"value"},"д"],"zero":"ҳозир"},"$x":[{"t":"idOrVar","v":"plural"},"value"]},{"$i":"hours-until-short","$v":{"other":[{"t":"idOrVar","v":"value"},"с"],"zero":"ҳозир"},"$x":[{"t":"idOrVar","v":"plural"},"value"]},{"$i":"days-until-short","$v":{"other":[{"t":"idOrVar","v":"value"},"к"],"zero":"бугун"},"$x":[{"t":"idOrVar","v":"plural"},"value"]},{"$i":"incorrectDate","$v":"(сана хато)"},{"$i":"dateTimeFormat_%c","$v":"%a %b %e %Y %I:%M:%S %p"},{"$i":"dateTimeFormat_%x","$v":"%m/%d/%Y"},{"$i":"dateTimeFormat_%X","$v":"%I:%M:%S %p"},{"$i":"shortTimeFormat","$v":"%I:%M %p"},{"$i":"shortTimeFormat12","$v":"%I:%M %p"},{"$i":"shortTimeFormat24","$v":"%H:%M"},{"$i":"shortDateTimeFormat","$v":"%x %I:%M %p"},{"$i":"weekStartsOnMonday","$v":"0.0"},{"$i":"firstDayOfTheWeek","$v":"1.0"},{"$i":"time_am","$v":"ТО"},{"$i":"time_pm","$v":"ТК"},{"$i":"airplaneMode","$v":"Парвоз режими"},{"$i":"searching","$v":"Қидирилмоқда…"},{"$i":"noNetwork","$v":"Тармоқ йўқ"},{"$i":"roaming","$v":[{"t":"idOrVar","v":"operator"}," (Roaming)"]},{"$i":"operator-info","$v":[{"t":"idOrVar","v":"carrier"}," ",{"t":"idOrVar","v":"region"}]},{"$i":"emergencyCallsOnly","$v":"Фақат фавқулодда чақ."},{"$i":"emergencyCallsOnly-unknownSIMState","$v":"(SIM ҳолати номаълум)"},{"$i":"emergencyCallsOnly-noSIM","$v":"(SIM картасиз)"},{"$i":"emergencyCallsOnly-pinRequired","$v":"(SIM PIN керак)"},{"$i":"emergencyCallsOnly-pukRequired","$v":"(SIM PUK керак)"},{"$i":"emergencyCallsOnly-networkLocked","$v":"(тармоқ блокланди)"},{"$i":"emergencyCallsOnly-serviceProviderLocked","$v":"(оператор блоклаган)"},{"$i":"emergencyCallsOnly-corporateLocked","$v":"(компания блоклаган)"},{"$i":"emergencyCallsOnly-network1Locked","$v":"(тармоқ1 блокланди)"},{"$i":"emergencyCallsOnly-network2Locked","$v":"(тармоқ2 блокланди)"},{"$i":"emergencyCallsOnly-hrpdNetworkLocked","$v":"(hrpd тармоқ блокланди)"},{"$i":"emergencyCallsOnly-ruimCorporateLocked","$v":"(компания RUIM га блоклаган)"},{"$i":"emergencyCallsOnly-ruimServiceProviderLocked","$v":"(оператор RUIM га блоклаган)"},{"$i":"lockscreen-sim-id","$v":["SIM ",{"t":"idOrVar","v":"n"}]},{"$i":"charging-no-time","$v":[{"t":"idOrVar","v":"level"},"% қувватланди"]},{"$i":"charging-minutes","$v":{"few":[{"t":"idOrVar","v":"level"},"% қувватланди (",{"t":"idOrVar","v":"minutes"}," дақ қолди)"],"many":[{"t":"idOrVar","v":"level"},"% қувватланди (",{"t":"idOrVar","v":"minutes"}," дақ қолди)"],"one":[{"t":"idOrVar","v":"level"},"% қувватланди (",{"t":"idOrVar","v":"minutes"}," дақ қолди)"],"other":[{"t":"idOrVar","v":"level"},"% қувватланди (",{"t":"idOrVar","v":"minutes"}," дақ қолди)"],"two":[{"t":"idOrVar","v":"level"},"% қувватланди (",{"t":"idOrVar","v":"minutes"}," дақ қолди)"],"zero":[{"t":"idOrVar","v":"level"},"% қувватланди (",{"t":"idOrVar","v":"minutes"}," дақ қолди)"]},"$x":[{"t":"idOrVar","v":"plural"},"minutes"]},{"$i":"charging-hours","$v":{"few":[{"t":"idOrVar","v":"level"},"% қувватланди (",{"t":"idOrVar","v":"hours"}," соат ",{"t":"idOrVar","v":"minutes"}," дақ қолди)"],"many":[{"t":"idOrVar","v":"level"},"% қувватланди (",{"t":"idOrVar","v":"hours"}," соат ",{"t":"idOrVar","v":"minutes"}," дақ қолди)"],"one":[{"t":"idOrVar","v":"level"},"% қувватланди (",{"t":"idOrVar","v":"hours"}," соат ",{"t":"idOrVar","v":"minutes"}," дақ қолди)"],"other":[{"t":"idOrVar","v":"level"},"% қувватланди (",{"t":"idOrVar","v":"hours"}," соат ",{"t":"idOrVar","v":"minutes"}," дақ қолди)"],"two":[{"t":"idOrVar","v":"level"},"% қувватланди (",{"t":"idOrVar","v":"hours"}," соат ",{"t":"idOrVar","v":"minutes"}," дақ қолди)"],"zero":[{"t":"idOrVar","v":"level"},"% қувватланди (",{"t":"idOrVar","v":"hours"}," соат ",{"t":"idOrVar","v":"minutes"}," дақ қолди)"]},"$x":[{"t":"idOrVar","v":"plural"},"minutes"]},{"$i":"phoneNumberInput","ariaLabel":"Телефон рақами"},{"$i":"keypadDelete","ariaLabel":"Ўчириш"},{"$i":"voiceMailKey","ariaLabel":"Овозли почта"},{"$i":"asterisk","ariaLabel":"Юлдузча"},{"$i":"hashSign","ariaLabel":"Панжара белгиси"},{"$i":"cancel","$v":"Бекор"},{"$i":"loadingSimContacts","$v":"SIM карта контактлари юкланмоқда…"},{"$i":"noContactsWereFound","$v":"Ҳеч қандай контакт топилмади"},{"$i":"noContactsFoundDialogOk","$v":"OK"},{"$i":"emergencyNumber","$v":"Фавқулодда рақам"},{"$i":"callAirplaneModeMessage","$v":"Чақирув учун созламаларда парвоз режимини ўчиринг."},{"$i":"callAirplaneModeBtnOk","$v":"OK"},{"$i":"callAirplaneModeTitle","$v":"Парвоз режими фаоллашди"},{"$i":"numberIsBusyTitle","$v":"Рақам банд"},{"$i":"numberIsBusyMessage","$v":"Рақам ҳозирча банд. Кейинроқ қайта урининг."},{"$i":"fdnIsActiveTitle","$v":"FDN ёқилди"},{"$i":"fdnIsActiveMessage","$v":["FDN (Рухсат этилган рақамлар) ёқилди, аммо қуйидаги рақам FDN рўйхатида йўқ: ",{"t":"idOrVar","v":"number"}]},{"$i":"emergencyDialogBodyBadNumber","$v":"Чақирув учун телефон тармоққа уланиши керак."},{"$i":"emergencyDialogBodyDeviceNotAccepted","$v":"Тармоқ фавқулодда чақирувга рухсат бермайди."},{"$i":"emergencyDialogBtnOk","$v":"OK"},{"$i":"emergencyDialogTitle","$v":"Тармоққа уланмаган"},{"$i":"invalidNumberToDialTitle","$v":"Телефон рақами хато"},{"$i":"invalidNumberToDialMessage","$v":"Чақирилаётган рақам мавжуд эмас."},{"$i":"unableToCallTitle","$v":"Чақирувнинг иложи йўқ. "},{"$i":"unableToCallMessage","$v":"Ҳозир чақириб бўлмайди"},{"$i":"otherConnectionInUseTitle","$v":"Бошқа фаол уланиш"},{"$i":"otherConnectionInUseMessage","$v":"Бошқа уланишда чақирув кетмоқда. Бир вақтда биттагина уланиш ишлатасиз."},{"$i":"connectingEllipsis","$v":"Уланмоқда..."},{"$i":"clear","$v":"Тозалаш"},{"$i":"dialer","$v":"Тергич"},{"$i":"vt-incoming-call","$v":"Kiruvchi video qo'ng'iroq ..."},{"$i":"kai-incoming-call","$v":"Кирувчи чақирув"},{"$i":"kai-in-call","$v":"Qo'ng'iroqda"},{"$i":"kai-answer","$v":"Javob bering"},{"$i":"kai-end-answer","$v":"Tugating va javob bering"},{"$i":"kai-decline","$v":"Рад этиш"},{"$i":"enter-passcode","$v":"Экран қулфини очиш учун кириш кодини киритинг."},{"$i":"passcode-error","$v":"Хато код,КаЙта урининг"},{"$i":"lockscreenInvalidCode","$v":"Kod noto‘g‘ri."},{"$i":"lockscreenColdDown","$v":["Код нотўғри. ",{"t":"idOrVar","v":"n"}," дан кейин қайта урининг."]},{"$i":"lockscreenCheckLockCode","$v":{"few":["Код нотўғри. ",{"t":"idOrVar","v":"n"}," та уриниш қолди."],"one":["Код нотўғри. ",{"t":"idOrVar","v":"n"}," та уриниш қолди."],"other":["Код нотўғри. ",{"t":"idOrVar","v":"n"}," та уриниш қолди."],"two":["Код нотўғри. ",{"t":"idOrVar","v":"n"}," та уриниш қолди."]},"$x":[{"t":"idOrVar","v":"plural"},"n"]},{"$i":"videoCall","$v":"Видео чақирув"},{"$i":"voice-call","$v":"Овозли чақирув"},{"$i":"video-call","$v":"Видео чақирув"},{"$i":"message","$v":"Хабарлар"},{"$i":"answer-rtt-call","$v":"RTT жавоби"},{"$i":"req-rtt-call","$v":"ANS RTT"},{"$i":"rtt-call","$v":"RTT чақирув"},{"$i":"rtt-view","$v":"RTT кўриниш"},{"$i":"change-to-rtt-call","$v":"RTT чақирув уланмоқда..."},{"$i":"change-to-voice-call","$v":"Овозли чақирувга ўзгартирилди."},{"$i":"upgrading-rtt","$v":"RTT чақирувга янгиланмоқда..."},{"$i":"rtt-call-failed","$v":"RTT чақирув амалга ошмади."},{"$i":"voice-call-failed","$v":"Овозли чақирув амалга ошмади."},{"$i":"rtt","$v":"RTT"},{"$i":"rtt-emegency-upgrade-rejected","$v":"RTT ушбу 911 чақируви учун ишламайди."},{"$i":"rtt-emegency-downgrade","$v":"RTT ушбу 911 чақируви учун ишламайди. Чақирувингиз фақат овозли чақирув сифатида уланди. Муаммоларга дуч келсангиз, 911 рақамига овозли ёки коммутация чақирувини амалга оширинг."},{"$i":"voice-only-call","$v":"Чақирувингиз фақат овозли чақирув сифатида уланди."},{"$i":"ans-rtt-failed","$v":"RTT чақирув амалга ошмади. Чақирувингиз фақат овозли чақирув сифатида уланди."},{"$i":"back","$v":"Орқага"},{"$i":"new-message","$v":"Янги хабарлар:"},{"$i":"kai-mute","$v":"Ovozni o'chirish"},{"$i":"kai-unmute","$v":"Ovozni yoqish"},{"$i":"kai-speaker","$v":"Карнай"},{"$i":"kai-speaker-off","$v":"Karnay o‘chirilgan"},{"$i":"kai-microphone-mute-notification","$v":"Mikrofon ovozi o'chdi"},{"$i":"kai-microphone-active-notification","$v":"Mikrofon faol"},{"$i":"kai-speaker-off-notification","$v":"Tashqi karnay o'chirilgan"},{"$i":"kai-speaker-on-notification","$v":"Tashqi karnay yoqildi"},{"$i":"kai-hold-and-answer","$v":"Kutib turing va javob bering"},{"$i":"kai-ignore-call","$v":"Kiruvchi qo'ng'iroqlarni e'tiborsiz qoldiring"},{"$i":"kai-add-to-call","$v":"Qo‘ng‘iroq qo‘shish"},{"$i":"kai-switch-to-second-line","$v":"Чақирувни алмашлаш"},{"$i":"kai-merge-calls","$v":"Qo‘ng‘iroqni birlashtirish"},{"$i":"ok","$v":"OK"},{"$i":"losing-wifi-msg","$v":"wifi йўқолди"},{"$i":"personal","$v":"Шахсий"},{"$i":"mobile","$v":"Мобил"},{"$i":"home","$v":"Уй"},{"$i":"work","$v":"Иш"},{"$i":"other","$v":"Бошқа"},{"$i":"fax-home","$v":"Уй факси"},{"$i":"fax-office","$v":"Офис факси"},{"$i":"fax-other","$v":"Бошқа факс"},{"$i":"hd","$v":"HD"},{"$i":"manage-call","$v":"Чақирувни бошқариш"},{"$i":"end","$v":"Чақирувни тугатиш"},{"$i":"private","$v":"Яширин"},{"$i":"sound","$v":"Товуш"},{"$i":"bluetooth-device","$v":"Bluetooth қурилма"},{"$i":"handset-earpiece","$v":"Трубка"},{"$i":"speaker","$v":"Карнай"},{"$i":"call-ended","$v":"Чақирув тугади"},{"$i":"payphone","$v":"Таксофон"},{"$i":"contact","$v":"Контакт"},{"$i":"dialer-prompt","$v":"Чақирув қўшиш учун рақам теринг ёки контакт танланг"},{"$i":"call","$v":"Чақирув"},{"$i":"hold","$v":"Ушлаб туриш"},{"$i":"callHeldDuration","$v":["Кутиш (",{"t":"idOrVar","v":"duration"},")"]},{"$i":"volume","$v":"Товуш баландлиги"},{"$i":"softkey-options","$v":"Параметрлар"},{"$i":"unhold-call","$v":"Давом эттириш"},{"$i":"hold-call","$v":"Пауза"},{"$i":"select","$v":"Танлаш"},{"$i":"unknown","$v":"Номаълум"},{"$i":"switch-calls","$v":"Чақирувга ўтиш"},{"$i":"voiceMail","$v":"Овозли почта"},{"$i":"incoming","$v":"Кирувчи"},{"$i":"outgoing","$v":"Чиқувчи"},{"$i":"callEnded","$v":"Чақирув тугади"},{"$i":"callEndedDuration","$v":["Чақирув тамомланди (",{"t":"idOrVar","v":"duration"},")"]},{"$i":"conferenceAddError","$v":"Чақирувларни бирлаштириб бўлмайди"},{"$i":"conferenceRemoveError","$v":"Чақирувларни ажратиб бўлмайди"},{"$i":"valid-number","$v":"Raqam raqami"},{"$i":"numberBlockedMessage","$v":"Bu raqam bloklangan. Ota-onangizdan ruxsat so'rashingiz mumkin."},{"$i":"callDurationMinutes","$v":[{"t":"idOrVar","v":"m"},":",{"t":"idOrVar","v":"s"}]},{"$i":"callDurationHours","$v":[{"t":"idOrVar","v":"h"},":",{"t":"idOrVar","v":"m"},":",{"t":"idOrVar","v":"s"}]},{"$i":"switch-to-device-toast","$v":"Bluetooth қур-га ўтилди"},{"$i":"switch-to-handset-toast","$v":"Қулоқликка ўтилди"},{"$i":"switch-to-speaker-toast","$v":"Карнайга ўтилди"},{"$i":"connecting","$v":"Уланмоқда"},{"$i":"wifi-call-quality-excellent","$v":"Ажойиб"},{"$i":"wifi-call-quality-fair","$v":"Ўртача"},{"$i":"wifi-call-quality-bad","$v":"Ёмон"},{"$i":"call-left-conference-toast","$v":"чақирувдан кетди"},{"$i":"camera-off","$v":"Камера ўчиқ"},{"$i":"camera-on","$v":"Камера ёниқ"},{"$i":"rear-camera","$v":"Орқа камера"},{"$i":"front-camera","$v":"Олд камера"},{"$i":"hide-info","$v":"Маълумони яшириш"},{"$i":"show-info","$v":"Маълумот"},{"$i":"video-call-rejected","$v":"Видео чақирув рад этилди, овозга ўтилади."},{"$i":"video-call-not-support","$v":"Видео чақирув ишламайди."},{"$i":"video-call-rejected-timeout","$v":"Video qo'ng'iroq rad etildi yoki kutish vaqti tugadi."},{"$i":"video-call-from","$v":[{"t":"idOrVar","v":"name"}," видео чақируви қабул қилинди."]},{"$i":"video-call-canceled","$v":"Видео чақирув бекор қилинди."},{"$i":"video-call-failed","$v":"Видео чақирув амалга ошмади."},{"$i":"call-downgraded","$v":"Чаqирув пастга тушди."},{"$i":"wifi-calling","$v":"Wi-Fi чақирув"},{"$i":"wifi-calling-1","$v":"Суҳбат узилиши мумкин."},{"$i":"wifi-calling-2","$v":"Wi-Fi қамровидан ташқаридасиз."},{"$i":"wifi-calling-dropped","$v":"Wi-Fi чақирув узилди."},{"$i":"accept","$v":"Қабул қилиш"},{"$i":"conference-call-num","$v":[{"t":"idOrVar","v":"num"}," киши суҳбат қилмоқда."]},{"$i":"more","$v":"Яна"},{"$i":"rec","$v":"REC"},{"$i":"start-recording-call","$v":"Чақирувни ёзиб олишни бошланг."},{"$i":"stop-recording-call","$v":"Чақирувни ёзиб олишни тўхтатинг."},{"$i":"insufficient-storage","$v":"Хотирада жой кам. Ёзиб олиш тўхтатилди."},{"$i":"confirmation","$v":"Тасдиқ"},{"$i":"get-empty-ussd","$v":"Нулл явоб qабул qилинди."},{"$i":"message-sent","$v":"Хабар юборилди"},{"$i":"messages","$v":"Хабарлар"},{"$i":"wait","$v":"Iltimos kuting..."},{"$i":"send","$v":"Юбориш"},{"$i":"reply","$v":"Жавоб бериш"},{"$i":"reply-message-1","$v":"Kechirasiz, hozir gapira olmayman."},{"$i":"reply-message-2","$v":"Men ketyapman."},{"$i":"reply-message-3","$v":"Keyinroq qo‘ng‘iroq qilsam bo‘ladimi?"},{"$i":"reply-message-4","$v":"Boshqa ..."},{"$i":"reply-to-name","$v":["Қуйидагига жавоб қайтарилди: ",{"t":"idOrVar","v":"name"}]},{"$i":"call-busy-error","$v":"BusyError"},{"$i":"call-bad-number-error","$v":"BadNumberError"},{"$i":"call-no-route-to-destination-error","$v":"No route to destination."},{"$i":"call-channel-unacceptable-error","$v":"Channel unacceptable"},{"$i":"call-operator-determined-barring-error","$v":"Operator determined barring"},{"$i":"call-normal-call-clearing-error","$v":"LLAMADA TERMINADA"},{"$i":"call-no-user-responding-error","$v":"No user responding"},{"$i":"call-user-alerting-no-answer-error","$v":"User alerting, no answer  "},{"$i":"call-call-rejected-error","$v":"Call rejected"},{"$i":"call-number-changed-error","$v":"Number Changed "},{"$i":"call-pre-emption-error","$v":"Pre-emption"},{"$i":"call-destination-out-of-order-error","$v":"Destination out of order "},{"$i":"call-invalid-number-format-error","$v":"Invalid number format "},{"$i":"call-facility-rejected-error","$v":"Facility rejected "},{"$i":"call-response-to-status-enquiry-error","$v":"Response to "},{"$i":"call-unspecified-error","$v":"Normal, unspecified "},{"$i":"call-congestion-error","$v":"No circuit/channel available"},{"$i":"call-network-out-of-order-error","$v":"Network out of order  "},{"$i":"call-network-temp-failure-error","$v":"Temporary Failure"},{"$i":"call-switching-equip-congestion-error","$v":"Switching equipment congestion"},{"$i":"call-access-info-discarded-error","$v":"Access information discarded "},{"$i":"call-requested-channel-not-available-error","$v":"requested circuit/channel not available"},{"$i":"call-resource-unavailable-error","$v":"Resources unavailable, unspecified"},{"$i":"call-qos-unavailable-error","$v":"Quality of service unavailable"},{"$i":"call-requested-facility-not-subscribed-error","$v":"Requested facility not subscribed"},{"$i":"call-incoming-calls-barred-within-cug-error","$v":"Incoming calls barred within the CUG"},{"$i":"call-bearer-capability-not-authorized-error","$v":"Bearer capability not authorized"},{"$i":"call-bearer-capability-not-available-error","$v":"Bearer capability not presently available"},{"$i":"call-service-not-available-error","$v":"Service or option not available, unspecified"},{"$i":"call-bearer-not-implemented-error","$v":"Bearer service not implemented"},{"$i":"call-incoming-call-exceeded-error","$v":"ACM equal to greater than ACMmax"},{"$i":"call-requested-facility-not-implemented-error","$v":"Requested facility not implemented"},{"$i":"call-unrestricted-bearer-not-available-error","$v":"Only restricted digital information bearer capability is available"},{"$i":"call-service-not-implemented-error","$v":"Service or option not implemented, unspecified "},{"$i":"call-invalid-transaction-id-error","$v":"Invalid transaction identifier value  "},{"$i":"call-not-cug-member-error","$v":"User not member of CUG "},{"$i":"call-incompatible-destination-error","$v":"Incompatible destination  "},{"$i":"call-invalid-transit-network-selection-error","$v":"Invalid transit network selection"},{"$i":"call-semantically-incorrect-message-error","$v":"Semantically incorrect message "},{"$i":"call-invalid-mandatory-info-error","$v":"Invalid mandatory information"},{"$i":"call-message-type-not-implemented-error","$v":"Message type-non compatible with protocol state "},{"$i":"call-message-type-incompatible-protocol-state-error","$v":"Message type not compatible with protocol state  "},{"$i":"call-info-element-not-implemented-error","$v":"Information element nonexistent or not implemented "},{"$i":"call-conditionalIe-error","$v":"Conditional IE error"},{"$i":"call-message-incompatible-protocol-state-error","$v":"Message not compatible with protocol state"},{"$i":"call-recovery-on-timer-expiry-error","$v":"Recovery on timer expiry "},{"$i":"call-protocol-error","$v":"Protocol Error, unspecified "},{"$i":"call-interworking-error","$v":"Interworking, unspecified "},{"$i":"call-service-option-not-subscribed-error","$v":"SIN SUBSCRIPCION AL SERVICIO -33-"},{"$i":"call-unknown-pdp-address-type-error","$v":"FALLA DE AUTENTICACION -29-"},{"$i":"mt-call-on-hold","$v":"Чақирув кутиш режимида."},{"$i":"mt-call_retrieved","$v":"Чақирув қабул қилинди."},{"$i":"mt-multi_party_call","$v":"Конференц-алоқага қўшилдингиз."},{"$i":"hangup-a11y-button","$v":""},{"$i":"pickup-a11y-button","$v":""},{"$i":"mute","$v":""},{"$i":"toggleKeypad","$v":""},{"$i":"newCall","$v":""},{"$i":"speakerOption","$v":""},{"$i":"bluetoothOption","$v":""},{"$i":"onHoldOption","$v":""},{"$i":"merge","$v":""},{"$i":"ignore","$v":""},{"$i":"dialerAddContact","$v":""},{"$i":"makeCall","$v":""},{"$i":"call-forwarding-async","$v":["Асинхрон: ",{"t":"idOrVar","v":"async"}]},{"$i":"call-forwarding-data","$v":["Ахборот: ",{"t":"idOrVar","v":"data"}]},{"$i":"call-forwarding-error","$v":"Чақирувни йўналтириш ҳолатини олишда хато юз берди"},{"$i":"call-forwarding-fax","$v":["ФАКС: ",{"t":"idOrVar","v":"fax"}]},{"$i":"call-forwarding-inactive","$v":"Фаол эмас"},{"$i":"call-forwarding-packet","$v":["Пакет: ",{"t":"idOrVar","v":"packet"}]},{"$i":"call-forwarding-pad","$v":["PAD: ",{"t":"idOrVar","v":"pad"}]},{"$i":"call-forwarding-sms","$v":["SMS: ",{"t":"idOrVar","v":"sms"}]},{"$i":"call-forwarding-status","$v":"Чақ-ни йўнал-ш ҳолати"},{"$i":"call-forwarding-sync","$v":["Синхрон: ",{"t":"idOrVar","v":"sync"}]},{"$i":"call-forwarding-voice","$v":["Овоз: ",{"t":"idOrVar","v":"voice"}]},{"$i":"call-forwarding-reason","$v":["Reason: ",{"t":"idOrVar","v":"reason"}]},{"$i":"scCallBarring","$v":"Чақирувни тақиқлаш"},{"$i":"scCallForwarding","$v":"Чақирувни йўналтириш"},{"$i":"scClip","$v":"Кирувчи абонент рақами"},{"$i":"scClir","$v":"Чиқувчи абонент рақами"},{"$i":"scPwd","$v":"Паролни ўзгартириш"},{"$i":"scCallWaiting","$v":"Чақирувни кутиш"},{"$i":"scPin","$v":"PIN ўзгариши"},{"$i":"scPin2","$v":"PIN2 ўзгариши"},{"$i":"scPuk","$v":"PIN қулфини очиш"},{"$i":"scPuk2","$v":"PIN2 қулфини очиш"},{"$i":"scImei","$v":"IMEI"},{"$i":"scMeid","$v":"MEID"},{"$i":"scUssd","$v":"USSD"},{"$i":"serviceClassVoice","$v":"Овоз"},{"$i":"serviceClassData","$v":"Маълумот"},{"$i":"serviceClassFax","$v":"ФАКС"},{"$i":"serviceClassSms","$v":"SMS"},{"$i":"serviceClassDataSync","$v":"Синхронлаш"},{"$i":"serviceClassDataAsync","$v":"Асинх"},{"$i":"serviceClassPacket","$v":"Пакет"},{"$i":"serviceClassPad","$v":"PAD"},{"$i":"smServiceEnabled","$v":"Хизмат ёқилди"},{"$i":"smServiceDisabled","$v":"Хизмат ўчирилган"},{"$i":"smServiceRegistered","$v":"Рег-я амалга ошди"},{"$i":"smServiceErased","$v":"Ўчирилди"},{"$i":"smServiceInterrogated","$v":"Талаб амалга ошди"},{"$i":"smServiceNotProvisioned","$v":"Хизмат кўрсатилмади"},{"$i":"smClirPermanent","$v":"Абонент рақами созламасини ўзгартира олмайсиз"},{"$i":"smClirDefaultOnNextCallOn","$v":"Абонент рақами одатий чекланган. Кейинги чақирув: чекланган"},{"$i":"smClirDefaultOnNextCallOff","$v":"Абонент рақами одатий чекланган. Кейинги чақирув: чекланмаган"},{"$i":"smClirDefaultOffNextCallOn","$v":"Абонент рақами одатий чекланмаган. Кейинги чақирув: чекланган"},{"$i":"smClirDefaultOffNextCallOff","$v":"Абонент рақами одатий чекланмаган. Кейинги чақирув: чекланмаган"},{"$i":"smServiceEnabledFor","$v":"Хизмат бу учун ёқилди:"},{"$i":"smPinChanged","$v":"PIN код ўзгарди"},{"$i":"smPinUnblocked","$v":"PIN код очилди"},{"$i":"smPin2Changed","$v":"PIN2 код ўзгарди"},{"$i":"smPin2Unblocked","$v":"PIN2 код очилди"},{"$i":"ServiceIsEnabled","$v":"Хизмат ёқилди"},{"$i":"ServiceIsDisabled","$v":"Хизмат ўчирилди"},{"$i":"ServiceIsEnabledFor","$v":"Хизмат бу учун ёқилди:"},{"$i":"emMmiError","$v":"Уланишда муаммо ёки MMI коди хато"},{"$i":"emMmiErrorPasswordIncorrect","$v":"Парол хато"},{"$i":"emMmiErrorNotSupported","$v":"Яроқсиз ёки номаълум MMI код"},{"$i":"emMmiErrorInvalidAction","$v":"Нотўғри амал"},{"$i":"emMmiErrorInvalidScCode","$v":"Хизмат коди хато"},{"$i":"emMmiErrorBadPuk","$v":"Нотўғри PUK код киритилди"},{"$i":"emMmiErrorBadPin","$v":"Эски PIN кодни нотўғри киритдингиз."},{"$i":"emMmiErrorNeedPuk2","$v":"SIM картани очиш учун PUK2 кодни теринг"},{"$i":"emMmiErrorMismatchPin","$v":"Киритилган PIN кодлар бир хил эмас"},{"$i":"emMmiErrorInvalidPin","$v":"4-8 хонали PIN киритинг"},{"$i":"emMmiErrorNeedsPuk","$v":"SIM картангиз PUK кодга қулфланган"},{"$i":"emMmiErrorEnablePin","$v":"Амалга ошмади. SIM/RUIM LOCK ёқинг"},{"$i":"emMmiErrorMmiFdn","$v":"Фақат рухсат этилган рақамни териш м-н"},{"$i":"emMmiErrorStkCcUssdDial","$v":"USSD талаби DIAL талабига ўзгарди"},{"$i":"emMmiErrorStkCcUssdSs","$v":"USSD талаби SS талабига ўзгарди"},{"$i":"emMmiErrorStkCcUssdUssd","$v":"USSD талаби янги USSD талабига ўзгарди"},{"$i":"emMmiErrorStkCcSsDial","$v":"SS талаби DIAL талабига ўзгарди"},{"$i":"emMmiErrorStkCcSsUssd","$v":"SS талаби USSD га ўз-ди"},{"$i":"emMmiErrorStkCcSsSs","$v":"SS талаби янги SS га ўз-ди"},{"$i":"emMmiErrorPinPukAttempts","$v":{"few":[{"t":"idOrVar","v":"n"}," марта уринасиз"],"many":[{"t":"idOrVar","v":"n"}," марта уринасиз"],"one":[{"t":"idOrVar","v":"n"}," ур-ш қолди"],"other":[{"t":"idOrVar","v":"n"}," марта уринасиз"],"two":[{"t":"idOrVar","v":"n"}," марта уринасиз"]},"$x":[{"t":"idOrVar","v":"plural"},"n"]},{"$i":"emMmiErrorSimBlocked","$v":"Максимал уринишлар сонига етилди. SIM блокланди"},{"$i":"RadioNotAvailable","$v":"Радио ишламайди"},{"$i":"GenericFailure","$v":"So‘rovni bajarishda xato."},{"$i":"PasswordIncorrect","$v":"Паро хато"},{"$i":"SimPin2","$v":"SIM PIN2"},{"$i":"SimPuk2","$v":"SIM PUK2"},{"$i":"RequestNotSupported","$v":"Сўров қўллаб-қувватланмади"},{"$i":"OpNotAllowedDuringVoiceCall","$v":"Чақирув пайтида м-н эмас"},{"$i":"SmsSendFailRetry","$v":"SMS send fail retry"},{"$i":"SimAbsent","$v":"SIM йўқ"},{"$i":"SubscriptionNotAvailable","$v":"Обунанинг иложи йўқ"},{"$i":"ModeNotSupported","$v":"Режим ишламайди"},{"$i":"FdnCheckFailure","$v":"Fdn текширувдан ўтмади"},{"$i":"IllegalSimOrMe","$v":"Ноқонуний SIM ёки ME"},{"$i":"DialModifiedToUssd","$v":"Клавиатура USSD рақамига ўзгартирилди"},{"$i":"DialModifiedToSs","$v":"Клавиатура SS рақамига ўзгартирилди"},{"$i":"DialModifiedToDial","$v":"Клавиатура рақамга ўзгартирилди"},{"$i":"UssdModifiedToDial","$v":"USSD ўзгарди: териш"},{"$i":"UssdModifiedToSs","$v":"USSD ўзгарди: SS"},{"$i":"UssdModifiedToUssd","$v":"USSD ўзгарди: USSD"},{"$i":"SsModifiedToDial","$v":"SS ўзгарди: териш"},{"$i":"SsModifiedToUssd","$v":"SS ўзгарди: USSD"},{"$i":"SsModifiedToSs","$v":"SS ўзгарди: SS"},{"$i":"SubscriptionNotSupported","$v":"Обуна қилинмайди"},{"$i":"InvalidParameter","$v":"Параметр хато"},{"$i":"RejectedByRemote","$v":"Масофавий рад этилди"},{"$i":"error","$v":"Хато"}]