[{"$i":"weekday-0-long","$v":"Cawa"},{"$i":"weekday-1-long","$v":"Mvulo"},{"$i":"weekday-2-long","$v":"Lwesibini"},{"$i":"weekday-3-long","$v":"Lwesithathu"},{"$i":"weekday-4-long","$v":"Lwesine"},{"$i":"weekday-5-long","$v":"Lwesihlanu"},{"$i":"weekday-6-long","$v":"Mgqibelo"},{"$i":"weekday-0-short","$v":"NgeCawe"},{"$i":"weekday-1-short","$v":"NgoMvulo"},{"$i":"weekday-2-short","$v":"NgoLwesibini"},{"$i":"weekday-3-short","$v":"NgoLwesithathu"},{"$i":"weekday-4-short","$v":"NgoLwesine"},{"$i":"weekday-5-short","$v":"NgoLwesihlanu"},{"$i":"weekday-6-short","$v":"NgoMgqibelo"},{"$i":"month-0-long","$v":"UJanyuwari"},{"$i":"month-1-long","$v":"UFebhruwari"},{"$i":"month-2-long","$v":"UMatshi"},{"$i":"month-3-long","$v":"UApreli"},{"$i":"month-4-long","$v":"UMeyi"},{"$i":"month-5-long","$v":"UJuni"},{"$i":"month-6-long","$v":"UJulayi"},{"$i":"month-7-long","$v":"UAgasti"},{"$i":"month-8-long","$v":"USeptembha"},{"$i":"month-9-long","$v":"UOktobha"},{"$i":"month-10-long","$v":"UNovembha"},{"$i":"month-11-long","$v":"UDisembha"},{"$i":"month-0-genitive","$v":"UJanyuwari"},{"$i":"month-1-genitive","$v":"UFebhruwari"},{"$i":"month-2-genitive","$v":"UMatshi"},{"$i":"month-3-genitive","$v":"UApreli"},{"$i":"month-4-genitive","$v":"UMeyi"},{"$i":"month-5-genitive","$v":"UJuni"},{"$i":"month-6-genitive","$v":"UJulayi"},{"$i":"month-7-genitive","$v":"UAgasti"},{"$i":"month-8-genitive","$v":"USeptembha"},{"$i":"month-9-genitive","$v":"UOktobha"},{"$i":"month-10-genitive","$v":"UNovembha"},{"$i":"month-11-genitive","$v":"UDisembha"},{"$i":"month-0-short","$v":"UJanyuwari"},{"$i":"month-1-short","$v":"UFebhruwari"},{"$i":"month-2-short","$v":"UMatshi"},{"$i":"month-3-short","$v":"UApreli"},{"$i":"month-4-short","$v":"UMeyi"},{"$i":"month-5-short","$v":"UJuni"},{"$i":"month-6-short","$v":"UJulayi"},{"$i":"month-7-short","$v":"UAgasti"},{"$i":"month-8-short","$v":"USeptembha"},{"$i":"month-9-short","$v":"UOktobha"},{"$i":"month-10-short","$v":"UNovembha"},{"$i":"month-11-short","$v":"UDisembha"},{"$i":"minutes-ago-long","$v":{"few":[{"t":"idOrVar","v":"value"}," kwimizuzu edlulileyo"],"many":[{"t":"idOrVar","v":"value"}," kwimizuzu edlulileyo"],"other":[{"t":"idOrVar","v":"value"}," kwimizuzu edlulileyo"],"two":[{"t":"idOrVar","v":"value"}," kwimizuzu edlulileyo"],"one":"Kumzuzu odlulileyo","zero":"Ngoku nje"},"$x":[{"t":"idOrVar","v":"plural"},"value"]},{"$i":"hours-ago-long","$v":{"few":[{"t":"idOrVar","v":"value"}," kwiiyure ezidlulileyo"],"many":[{"t":"idOrVar","v":"value"}," kwiiyure ezidlulileyo"],"other":[{"t":"idOrVar","v":"value"}," kwiiyure ezidlulileyo"],"two":[{"t":"idOrVar","v":"value"}," kwiiyure ezidlulileyo"],"one":"Kwiyure enye edlulileyo","zero":"Ngoku nje"},"$x":[{"t":"idOrVar","v":"plural"},"value"]},{"$i":"days-ago-long","$v":{"few":[{"t":"idOrVar","v":"value"}," kwiimini ezidlulileyo"],"many":[{"t":"idOrVar","v":"value"}," kwiimini ezidlulileyo"],"one":"Izolo","other":[{"t":"idOrVar","v":"value"}," kwiimini ezidlulileyo"],"two":[{"t":"idOrVar","v":"value"}," kwiimini ezidlulileyo"],"zero":"Namhlanje"},"$x":[{"t":"idOrVar","v":"plural"},"value"]},{"$i":"weeks-ago-long","$v":{"few":[{"t":"idOrVar","v":"value"}," ngeeveki ezadlulayo"],"many":[{"t":"idOrVar","v":"value"}," ngeeveki ezadlulayo"],"one":"Kwiveki edlulileyo","other":[{"t":"idOrVar","v":"value"}," ngeeveki ezadlulayo"],"two":[{"t":"idOrVar","v":"value"}," ngeeveki ezadlulayo"],"zero":"Kule veki"},"$x":[{"t":"idOrVar","v":"plural"},"value"]},{"$i":"months-ago-long","$v":{"few":[{"t":"idOrVar","v":"value"}," kwiinyanga ezadlulayo"],"many":[{"t":"idOrVar","v":"value"}," kwiinyanga ezadlulayo"],"one":"Kwinyanga enye edlulileyo","other":[{"t":"idOrVar","v":"value"}," kwiinyanga ezadlulayo"],"two":[{"t":"idOrVar","v":"value"}," kwiinyanga ezadlulayo"],"zero":"Kule nyanga"},"$x":[{"t":"idOrVar","v":"plural"},"value"]},{"$i":"years-ago-long","$v":{"few":[{"t":"idOrVar","v":"value"}," kwiminyaka eyadlulayo"],"many":[{"t":"idOrVar","v":"value"}," kwiminyaka eyadlulayo"],"one":"Kunyaka ophelileyo","other":[{"t":"idOrVar","v":"value"}," kwiminyaka eyadlulayo"],"two":[{"t":"idOrVar","v":"value"}," kwiminyaka eyadlulayo"],"zero":"Kulo nyaka"},"$x":[{"t":"idOrVar","v":"plural"},"value"]},{"$i":"minutes-until-long","$v":{"few":["Ngaphakathi ",{"t":"idOrVar","v":"value"}," imizuzu"],"many":["Ngaphakathi ",{"t":"idOrVar","v":"value"}," imizuzu"],"other":["Ngaphakathi ",{"t":"idOrVar","v":"value"}," imizuzu"],"two":["Ngaphakathi ",{"t":"idOrVar","v":"value"}," imizuzu"],"zero":"Ngoku","one":"Ngomzuzu olandelayo"},"$x":[{"t":"idOrVar","v":"plural"},"value"]},{"$i":"hours-until-long","$v":{"few":["Ngaphakathi ",{"t":"idOrVar","v":"value"}," iiyure"],"many":["Ngaphakathi ",{"t":"idOrVar","v":"value"}," iiyure"],"other":["Ngaphakathi ",{"t":"idOrVar","v":"value"}," iiyure"],"two":["Ngaphakathi ",{"t":"idOrVar","v":"value"}," iiyure"],"zero":"Ngoku","one":"Kwiyure enye ezayo"},"$x":[{"t":"idOrVar","v":"plural"},"value"]},{"$i":"days-until-long","$v":{"few":["Ngaphakathi ",{"t":"idOrVar","v":"value"}," iimini"],"many":["Ngaphakathi ",{"t":"idOrVar","v":"value"}," iimini"],"one":"Ngomso","other":["Ngaphakathi ",{"t":"idOrVar","v":"value"}," iimini"],"two":["Ngaphakathi ",{"t":"idOrVar","v":"value"}," iimini"],"zero":"Namhlanje"},"$x":[{"t":"idOrVar","v":"plural"},"value"]},{"$i":"weeks-until-long","$v":{"few":["Ngaphakathi ",{"t":"idOrVar","v":"value"}," iiveki"],"many":["Ngaphakathi ",{"t":"idOrVar","v":"value"}," iiveki"],"one":"Kwiveki ezayo","other":["Ngaphakathi ",{"t":"idOrVar","v":"value"}," iiveki"],"two":["Ngaphakathi ",{"t":"idOrVar","v":"value"}," iiveki"],"zero":"Kule veki"},"$x":[{"t":"idOrVar","v":"plural"},"value"]},{"$i":"months-until-long","$v":{"few":["Ngaphakathi ",{"t":"idOrVar","v":"value"}," iinyanga"],"many":["Ngaphakathi ",{"t":"idOrVar","v":"value"}," iinyanga"],"one":"Kwinyanga elandelayo","other":["Ngaphakathi ",{"t":"idOrVar","v":"value"}," iinyanga"],"two":["Ngaphakathi ",{"t":"idOrVar","v":"value"}," iinyanga"],"zero":"Kule nyanga"},"$x":[{"t":"idOrVar","v":"plural"},"value"]},{"$i":"years-until-long","$v":{"few":["Ngaphakathi ",{"t":"idOrVar","v":"value"}," iminyaka"],"many":["Ngaphakathi ",{"t":"idOrVar","v":"value"}," iminyaka"],"one":"Kunyaka ozayo","other":["Ngaphakathi ",{"t":"idOrVar","v":"value"}," iminyaka"],"two":["Ngaphakathi ",{"t":"idOrVar","v":"value"}," iminyaka"],"zero":"Kulo nyaka"},"$x":[{"t":"idOrVar","v":"plural"},"value"]},{"$i":"minutes-ago-short","$v":{"other":[{"t":"idOrVar","v":"value"}," kwimizuzu edlulileyo"],"zero":"Ngoku nje"},"$x":[{"t":"idOrVar","v":"plural"},"value"]},{"$i":"hours-ago-short","$v":{"other":[{"t":"idOrVar","v":"value"}," kwiiyure ezidlulileyo"],"zero":"Ngoku nje"},"$x":[{"t":"idOrVar","v":"plural"},"value"]},{"$i":"days-ago-short","$v":{"other":[{"t":"idOrVar","v":"value"}," kwiimini ezidlulileyo"],"zero":"Namhlanje"},"$x":[{"t":"idOrVar","v":"plural"},"value"]},{"$i":"minutes-until-short","$v":{"other":["Ngaphakathi ",{"t":"idOrVar","v":"value"}," imizuzu"],"zero":"Ngoku"},"$x":[{"t":"idOrVar","v":"plural"},"value"]},{"$i":"hours-until-short","$v":{"other":["Ngaphakathi ",{"t":"idOrVar","v":"value"}," iiyure"],"zero":"Ngoku"},"$x":[{"t":"idOrVar","v":"plural"},"value"]},{"$i":"days-until-short","$v":{"other":["Ngaphakathi ",{"t":"idOrVar","v":"value"}," iimini"],"zero":"Namhlanje"},"$x":[{"t":"idOrVar","v":"plural"},"value"]},{"$i":"incorrectDate","$v":"(umhla awuchananga)"},{"$i":"dateTimeFormat_%c","$v":"%a %b %e %Y %I:%M:%S %p"},{"$i":"dateTimeFormat_%x","$v":"%I:%M:%S %p"},{"$i":"dateTimeFormat_%X","$v":"%I:%M:%S %p"},{"$i":"shortTimeFormat","$v":"%I:%M %p"},{"$i":"shortTimeFormat12","$v":"%I:%M %p"},{"$i":"shortTimeFormat24","$v":"%H:%M"},{"$i":"shortDateTimeFormat","$v":"%x %I:%M %p"},{"$i":"weekStartsOnMonday","$v":"0.0"},{"$i":"firstDayOfTheWeek","$v":"0.0"},{"$i":"time_am","$v":"AM"},{"$i":"time_pm","$v":"PM"},{"$i":"airplaneMode","$v":"Isimo saxa ukwipleyini"},{"$i":"searching","$v":"Iyakhangela..."},{"$i":"noNetwork","$v":"Akukho netwekhi"},{"$i":"roaming","$v":[{"t":"idOrVar","v":"operator"}," (Roaming)"]},{"$i":"operator-info","$v":[{"t":"idOrVar","v":"carrier"}," ",{"t":"idOrVar","v":"region"}]},{"$i":"emergencyCallsOnly","$v":"Kuvumeleke kutsalwe iminxeba yaxa kukho ingxaki kuphela"},{"$i":"emergencyCallsOnly-unknownSIMState","$v":"Asaziwa esi Somi seSIM"},{"$i":"emergencyCallsOnly-noSIM","$v":"Akukho SIM"},{"$i":"emergencyCallsOnly-pinRequired","$v":"Kufumaneke iPIN yeSIM"},{"$i":"emergencyCallsOnly-pukRequired","$v":"Kufumaneke iPUK yeSiM"},{"$i":"emergencyCallsOnly-networkLocked","$v":"Kutsixwe inetwekhi"},{"$i":"emergencyCallsOnly-serviceProviderLocked","$v":"Kutsixe umnini"},{"$i":"emergencyCallsOnly-corporateLocked","$v":"Kutsixwe ezoshishino"},{"$i":"emergencyCallsOnly-network1Locked","$v":"Kutsixwe inetwekhi yokuqala"},{"$i":"emergencyCallsOnly-network2Locked","$v":"Kutsixwe inetwekhi yesibini"},{"$i":"emergencyCallsOnly-hrpdNetworkLocked","$v":"Inetwekhi ethi helps itsixiwe"},{"$i":"emergencyCallsOnly-ruimCorporateLocked","$v":"Kutsixwe iruim"},{"$i":"emergencyCallsOnly-ruimServiceProviderLocked","$v":"Kutsixwe iruim"},{"$i":"lockscreen-sim-id","$v":["ISIM ",{"t":"idOrVar","v":"n"}]},{"$i":"charging-no-time","$v":[{"t":"idOrVar","v":"level"},"% itshajiwe"]},{"$i":"charging-minutes","$v":{"few":[{"t":"idOrVar","v":"level"},"% itshajiwe ",{"t":"idOrVar","v":"minutes"}," ukuze igcwale"],"many":[{"t":"idOrVar","v":"level"},"% itshajiwe ",{"t":"idOrVar","v":"minutes"},"  ukusebenzisa igcwale Ukuze igcwale"],"one":[{"t":"idOrVar","v":"level"},"% itshajiwe ",{"t":"idOrVar","v":"minutes"}," ukuze igcwale"],"other":[{"t":"idOrVar","v":"level"},"% itshajiwe ",{"t":"idOrVar","v":"minutes"},"  ukusebenzisa igcwale"],"two":[{"t":"idOrVar","v":"level"},"% itshajiwe ",{"t":"idOrVar","v":"minutes"},"  ukusebenzisa igcwale"],"zero":[{"t":"idOrVar","v":"level"},"% itshajiwe ",{"t":"idOrVar","v":"minutes"},"  ukusebenzisa igcwale"]},"$x":[{"t":"idOrVar","v":"plural"},"minutes"]},{"$i":"charging-hours","$v":{"few":[{"t":"idOrVar","v":"level"},"% itshajiwe ",{"t":"idOrVar","v":"hours"}," h ",{"t":"idOrVar","v":"minutes"}," eshiyekileyo ukuze igcwale"],"many":[{"t":"idOrVar","v":"level"},"% itshajiwe ",{"t":"idOrVar","v":"hours"}," h ",{"t":"idOrVar","v":"minutes"}," eshiyekileyo ukuze igcwale"],"one":[{"t":"idOrVar","v":"level"},"% itshajiwe ",{"t":"idOrVar","v":"hours"}," h ",{"t":"idOrVar","v":"minutes"}," eshiyekileyo ukuze igcwale"],"other":[{"t":"idOrVar","v":"level"},"% itshajiwe ",{"t":"idOrVar","v":"hours"}," h ",{"t":"idOrVar","v":"minutes"}," eshiyekileyo ukuze igcwale"],"two":[{"t":"idOrVar","v":"level"},"% itshajiwe ",{"t":"idOrVar","v":"hours"}," h ",{"t":"idOrVar","v":"minutes"}," eshiyekileyo ukuze igcwale"],"zero":[{"t":"idOrVar","v":"level"},"% itshajiwe ",{"t":"idOrVar","v":"hours"}," h ",{"t":"idOrVar","v":"minutes"}," eshiyekileyo ukuze igcwale"]},"$x":[{"t":"idOrVar","v":"plural"},"minutes"]},{"$i":"phoneNumberInput","ariaLabel":"Inombolo yefowuni"},{"$i":"keypadDelete","ariaLabel":"Cima"},{"$i":"voiceMailKey","ariaLabel":"Imeyile yelizwi"},{"$i":"asterisk","ariaLabel":"Isichazisi"},{"$i":"hashSign","ariaLabel":"Isiphumlisi"},{"$i":"cancel","$v":"Rhoxisa"},{"$i":"loadingSimContacts","$v":"Lisa khange was amagaba abantu akwiSIm"},{"$i":"noContactsWereFound","$v":"Akufumanekanga magama abantu"},{"$i":"noContactsFoundDialogOk","$v":"Kulungile"},{"$i":"emergencyNumber","$v":"Inombolo yongxamiseko"},{"$i":"callAirplaneModeMessage","$v":"Ukuze utsalele umnxeba kufuneka uvalele imowudi yenqwelo-moya kwiisetingi."},{"$i":"callAirplaneModeBtnOk","$v":"Kulungile"},{"$i":"callAirplaneModeTitle","$v":"Imowudi yenqwelo-moya ivulelwe"},{"$i":"numberIsBusyTitle","$v":"Inombolo ixakekile"},{"$i":"numberIsBusyMessage","$v":"Le nombolo isaxakekile okwangoku. Nceda uzame kwakhona kamva."},{"$i":"fdnIsActiveTitle","$v":"i-FDN ivulelwe"},{"$i":"fdnIsActiveMessage","$v":["i-FDN (Fixed Dialing Numbers) ivulelwe yaye le nombolo ilandelayo ayikho kuluhlu lwakho lwe-FDN: ",{"t":"idOrVar","v":"number"}]},{"$i":"emergencyDialogBodyBadNumber","$v":"Ukuze utsalele umnxeba, ifowuni imele ixokonyezelwe kwinethwekhi."},{"$i":"emergencyDialogBodyDeviceNotAccepted","$v":"Iminxeba yongxamiseko ayivunyelwa yinethwekhi."},{"$i":"emergencyDialogBtnOk","$v":"Kulungile"},{"$i":"emergencyDialogTitle","$v":"Alukho uqhagamshelo lwenethwekhi"},{"$i":"invalidNumberToDialTitle","$v":"Inombolo yefowuni ayisebenzi"},{"$i":"invalidNumberToDialMessage","$v":"Inombolo yefowuni otsalela kuyo umnxeba ayisebenzi."},{"$i":"unableToCallTitle","$v":"Ayikwazi ukutsala umnxeba"},{"$i":"unableToCallMessage","$v":"Ayikwazi ukutsala umnxeba okwangoku"},{"$i":"otherConnectionInUseTitle","$v":"Olunye Uqhagamshelo olusetyenziswayo"},{"$i":"otherConnectionInUseMessage","$v":"Unomnxeba osebenzayo kolunye uqhagamshelo. Ungasebenzisa kuphela uqhagamshelo lube lunye ngexesha."},{"$i":"connectingEllipsis","$v":"Iyaqhakamishelana"},{"$i":"clear","$v":"Cima"},{"$i":"dialer","$v":"Umtsaleli"},{"$i":"vt-incoming-call","$v":"Kungena ifowuni yevidiyo..."},{"$i":"kai-incoming-call","$v":"Umnxeba ongenayo"},{"$i":"kai-in-call","$v":"Umnxeba ongenayo"},{"$i":"kai-answer","$v":"Impendulo"},{"$i":"kai-end-answer","$v":"Ukuphela nempendulo"},{"$i":"kai-decline","$v":"Khaba"},{"$i":"enter-passcode","$v":"Please enter passcode to unlock screen."},{"$i":"passcode-error","$v":"Ikhowudi engasebenziyo. Nceda uphinde uzame."},{"$i":"lockscreenInvalidCode","$v":"Ikhowudi engasebenziyo."},{"$i":"lockscreenColdDown","$v":["Ikhowudi engasebenziyo. Zama kwi-",{"t":"idOrVar","v":"n"},"."]},{"$i":"lockscreenCheckLockCode","$v":{"few":["Ikhowudi engasebenziyo. ",{"t":"idOrVar","v":"n"}," amalinge ashiyekileyo."],"one":["Ikhowudi engasebenziyo. ",{"t":"idOrVar","v":"n"}," ilinge elishiyekileyo."],"other":["Ikhowudi engasebenziyo. ",{"t":"idOrVar","v":"n"}," amalinge ashiyekileyoi."],"two":["Ikhowudi engasebenziyo. ",{"t":"idOrVar","v":"n"}," amalinge ashiyekileyo."]},"$x":[{"t":"idOrVar","v":"plural"},"n"]},{"$i":"videoCall","$v":"Umnxeba wevidiyo"},{"$i":"voice-call","$v":"Tshintshela kwilizwi"},{"$i":"video-call","$v":"Tshintshela vidiyo"},{"$i":"message","$v":"Umyalezo"},{"$i":"answer-rtt-call","$v":"Answer RTT"},{"$i":"req-rtt-call","$v":"ANS RTT"},{"$i":"rtt-call","$v":"RTT Call"},{"$i":"rtt-view","$v":"RTT view"},{"$i":"change-to-rtt-call","$v":"Connecting RTT call..."},{"$i":"change-to-voice-call","$v":"Changed to voice call."},{"$i":"upgrading-rtt","$v":"Upgrading to RTT call..."},{"$i":"rtt-call-failed","$v":"RTT call failed."},{"$i":"voice-call-failed","$v":"Voice call failed."},{"$i":"rtt","$v":"RTT"},{"$i":"rtt-emegency-upgrade-rejected","$v":"RTT is not available for this 911 call."},{"$i":"rtt-emegency-downgrade","$v":"RTT is not available for this 911 call.Your call has been connected as a voice-only call. If you experience difficulties, please place a voice or relay call to 911."},{"$i":"voice-only-call","$v":"Your call has been connected as a voice-only call."},{"$i":"ans-rtt-failed","$v":"Failed to establish RTT call. Your call has been connected as a voice-only call."},{"$i":"back","$v":"Back"},{"$i":"new-message","$v":"New messages from"},{"$i":"kai-mute","$v":"Cima isandi"},{"$i":"kai-unmute","$v":"Vulela isandi"},{"$i":"kai-speaker","$v":"Isipika"},{"$i":"kai-speaker-off","$v":"Isipika sicimile"},{"$i":"kai-microphone-mute-notification","$v":"Imayikhofoni icinyiwe"},{"$i":"kai-microphone-active-notification","$v":"Imyikhrofoni iyasebenza"},{"$i":"kai-speaker-off-notification","$v":"Isipika sangaphandle sicinyiwe"},{"$i":"kai-speaker-on-notification","$v":"Isipika sangaphandle silayitiwe"},{"$i":"kai-hold-and-answer","$v":"Yibeke kuBamba uze Uphendule"},{"$i":"kai-ignore-call","$v":"Sukuwuhoya Umnxeba ongenayo"},{"$i":"kai-add-to-call","$v":"Yongeza umnxeba"},{"$i":"kai-switch-to-second-line","$v":"Swapha umnxeba"},{"$i":"kai-merge-calls","$v":"Dibanisa umnxeba"},{"$i":"ok","$v":"Kulungile"},{"$i":"losing-wifi-msg","$v":"Iyamnka iWIFI"},{"$i":"personal","$v":"Eyobuqu"},{"$i":"mobile","$v":"Imobhayile"},{"$i":"home","$v":"Ekhaya"},{"$i":"work","$v":"Emsebenzini"},{"$i":"other","$v":"Ezinye"},{"$i":"fax-home","$v":"Ifeksi yasekhaya"},{"$i":"fax-office","$v":"Ifeksi yaseofisi"},{"$i":"fax-other","$v":"Ifeksi enye"},{"$i":"hd","$v":"HD"},{"$i":"manage-call","$v":"Lawula umnxeba"},{"$i":"end","$v":"Phelisa Umnxeba"},{"$i":"private","$v":"Eyobuqu"},{"$i":"sound","$v":"Isandi"},{"$i":"bluetooth-device","$v":"Isixhobo se-bluetooth"},{"$i":"handset-earpiece","$v":"i-Handset"},{"$i":"speaker","$v":"Isipika"},{"$i":"call-ended","$v":"Umnxeba uphelile"},{"$i":"payphone","$v":"Ifoni ehlawulwayo"},{"$i":"contact","$v":"Abaqhagamshelwa"},{"$i":"dialer-prompt","$v":"Cofa inombolo okanye ukhethe umqhagamshelwa ukuze utsalele umnxeba"},{"$i":"call","$v":"Umnxeba"},{"$i":"hold","$v":"Bamba"},{"$i":"callHeldDuration","$v":["Bamba (",{"t":"idOrVar","v":"duration"},")"]},{"$i":"volume","$v":"Ivolyum"},{"$i":"softkey-options","$v":"Ukhetho"},{"$i":"unhold-call","$v":"Yeka ukuwubamba umnxeba"},{"$i":"hold-call","$v":"Bamba umnxeba"},{"$i":"select","$v":"Khetha"},{"$i":"unknown","$v":"Ayaziwa"},{"$i":"switch-calls","$v":"Tshintsha iminxeba"},{"$i":"voiceMail","$v":"Imeyile yelizwi"},{"$i":"incoming","$v":"Ezingenayo"},{"$i":"outgoing","$v":"Eziphumayo"},{"$i":"callEnded","$v":"Umnxeba Uphelile"},{"$i":"callEndedDuration","$v":["Call Ended (",{"t":"idOrVar","v":"duration"},")"]},{"$i":"conferenceAddError","$v":"Ayikwazi kudibanisa iminxeba"},{"$i":"conferenceRemoveError","$v":"Ayikwazi kungayidibanisi iminxeba"},{"$i":"valid-number","$v":"Inombolo Esebenzayo"},{"$i":"numberBlockedMessage","$v":"Le nombolo ivaliwe. Ungacela imvume kubazali bakho."},{"$i":"callDurationMinutes","$v":[{"t":"idOrVar","v":"m"},":",{"t":"idOrVar","v":"s"}]},{"$i":"callDurationHours","$v":[{"t":"idOrVar","v":"h"},":",{"t":"idOrVar","v":"m"},":",{"t":"idOrVar","v":"s"}]},{"$i":"switch-to-device-toast","$v":"Itshintshelwe kwisixhobo seBluetooth"},{"$i":"switch-to-handset-toast","$v":"Itshintshelwe kwihendseti yokumamela"},{"$i":"switch-to-speaker-toast","$v":"Itshintshelwe kwisipika"},{"$i":"connecting","$v":"Iyaxokomezela"},{"$i":"wifi-call-quality-excellent","$v":"Isemagqabini"},{"$i":"wifi-call-quality-fair","$v":"Ilungile"},{"$i":"wifi-call-quality-bad","$v":"Imbi"},{"$i":"call-left-conference-toast","$v":"ushiye umnxeba"},{"$i":"camera-off","$v":"Ikhamera icinyiwe"},{"$i":"camera-on","$v":"Ikhamera ilayitiwe"},{"$i":"rear-camera","$v":"Ikhamera enqabileyo"},{"$i":"front-camera","$v":"Ikhamera ephambili"},{"$i":"hide-info","$v":"Fihla inkcazelo"},{"$i":"show-info","$v":"Bonisa inkcazelo"},{"$i":"video-call-rejected","$v":"Umnxeba wevidiyo ukhatyiwe, tshintshela kumnxeba welizwi."},{"$i":"video-call-not-support","$v":"Umnxeba wevidiyo awuxhaswa."},{"$i":"video-call-rejected-timeout","$v":"Video call rejected or timeout."},{"$i":"video-call-from","$v":["Yamkela umnxeba wevidiyo ngokusuka ",{"t":"idOrVar","v":"name"},"."]},{"$i":"video-call-canceled","$v":"Video call is canceled."},{"$i":"video-call-failed","$v":"Umnxeba wevidiyo Usilele."},{"$i":"call-downgraded","$v":"Call downgraded."},{"$i":"wifi-calling","$v":"Umnxeba WeWi-Fi"},{"$i":"wifi-calling-1","$v":"Umnxeba wakho ungabekwa."},{"$i":"wifi-calling-2","$v":"Phantse ungaphandle kwereyinji yoGubungelo lweWi-Fi."},{"$i":"wifi-calling-dropped","$v":"Umnxeba WeWi-Fi ubekiwe."},{"$i":"accept","$v":"Yamkela"},{"$i":"conference-call-num","$v":[{"t":"idOrVar","v":"num"}," abantu abasemnxebeni."]},{"$i":"more","$v":"Ngaphezulu"},{"$i":"rec","$v":"REC"},{"$i":"start-recording-call","$v":"Start recording call."},{"$i":"stop-recording-call","$v":"Stop recording call."},{"$i":"insufficient-storage","$v":"Insufficient storage. Recording stopped."},{"$i":"confirmation","$v":"IsiQinisekiso"},{"$i":"get-empty-ussd","$v":"Akufunyenwanga mpendulo."},{"$i":"message-sent","$v":"Umyalezo uthunyelwe."},{"$i":"messages","$v":"Imiyalezo"},{"$i":"wait","$v":"Nceda ulinde..."},{"$i":"send","$v":"Thumela"},{"$i":"reply","$v":"Phendula"},{"$i":"reply-message-1","$v":"Uxolo, andikwazi kuthetha ngoku."},{"$i":"reply-message-2","$v":"Ndisendleleni."},{"$i":"reply-message-3","$v":"Ndingakufowunela ngelinye ixesha?"},{"$i":"reply-message-4","$v":"Ozenzelayo..."},{"$i":"reply-to-name","$v":["Uphendule ku ",{"t":"idOrVar","v":"name"}]},{"$i":"call-busy-error","$v":"BusyError"},{"$i":"call-bad-number-error","$v":"BadNumberError"},{"$i":"call-no-route-to-destination-error","$v":"No route to destination."},{"$i":"call-channel-unacceptable-error","$v":"Channel unacceptable"},{"$i":"call-operator-determined-barring-error","$v":"Operator determined barring"},{"$i":"call-normal-call-clearing-error","$v":"LLAMADA TERMINADA"},{"$i":"call-no-user-responding-error","$v":"No user responding"},{"$i":"call-user-alerting-no-answer-error","$v":"User alerting, no answer  "},{"$i":"call-call-rejected-error","$v":"Call rejected"},{"$i":"call-number-changed-error","$v":"Number Changed "},{"$i":"call-pre-emption-error","$v":"Pre-emption"},{"$i":"call-destination-out-of-order-error","$v":"Destination out of order "},{"$i":"call-invalid-number-format-error","$v":"Invalid number format "},{"$i":"call-facility-rejected-error","$v":"Facility rejected "},{"$i":"call-response-to-status-enquiry-error","$v":"Response to "},{"$i":"call-unspecified-error","$v":"Normal, unspecified "},{"$i":"call-congestion-error","$v":"No circuit/channel available"},{"$i":"call-network-out-of-order-error","$v":"Network out of order  "},{"$i":"call-network-temp-failure-error","$v":"Temporary Failure"},{"$i":"call-switching-equip-congestion-error","$v":"Switching equipment congestion"},{"$i":"call-access-info-discarded-error","$v":"Access information discarded "},{"$i":"call-requested-channel-not-available-error","$v":"requested circuit/channel not available"},{"$i":"call-resource-unavailable-error","$v":"Resources unavailable, unspecified"},{"$i":"call-qos-unavailable-error","$v":"Quality of service unavailable"},{"$i":"call-requested-facility-not-subscribed-error","$v":"Requested facility not subscribed"},{"$i":"call-incoming-calls-barred-within-cug-error","$v":"Incoming calls barred within the CUG"},{"$i":"call-bearer-capability-not-authorized-error","$v":"Bearer capability not authorized"},{"$i":"call-bearer-capability-not-available-error","$v":"Bearer capability not presently available"},{"$i":"call-service-not-available-error","$v":"Service or option not available, unspecified"},{"$i":"call-bearer-not-implemented-error","$v":"Bearer service not implemented"},{"$i":"call-incoming-call-exceeded-error","$v":"ACM equal to greater than ACMmax"},{"$i":"call-requested-facility-not-implemented-error","$v":"Requested facility not implemented"},{"$i":"call-unrestricted-bearer-not-available-error","$v":"Only restricted digital information bearer capability is available"},{"$i":"call-service-not-implemented-error","$v":"Service or option not implemented, unspecified "},{"$i":"call-invalid-transaction-id-error","$v":"Invalid transaction identifier value  "},{"$i":"call-not-cug-member-error","$v":"User not member of CUG "},{"$i":"call-incompatible-destination-error","$v":"Incompatible destination  "},{"$i":"call-invalid-transit-network-selection-error","$v":"Invalid transit network selection"},{"$i":"call-semantically-incorrect-message-error","$v":"Semantically incorrect message "},{"$i":"call-invalid-mandatory-info-error","$v":"Invalid mandatory information"},{"$i":"call-message-type-not-implemented-error","$v":"Message type-non compatible with protocol state "},{"$i":"call-message-type-incompatible-protocol-state-error","$v":"Message type not compatible with protocol state  "},{"$i":"call-info-element-not-implemented-error","$v":"Information element nonexistent or not implemented "},{"$i":"call-conditionalIe-error","$v":"Conditional IE error"},{"$i":"call-message-incompatible-protocol-state-error","$v":"Message not compatible with protocol state"},{"$i":"call-recovery-on-timer-expiry-error","$v":"Recovery on timer expiry "},{"$i":"call-protocol-error","$v":"Protocol Error, unspecified "},{"$i":"call-interworking-error","$v":"Interworking, unspecified "},{"$i":"call-service-option-not-subscribed-error","$v":"SIN SUBSCRIPCION AL SERVICIO -33-"},{"$i":"call-unknown-pdp-address-type-error","$v":"FALLA DE AUTENTICACION -29-"},{"$i":"mt-call-on-hold","$v":"Call has been put on hold."},{"$i":"mt-call_retrieved","$v":"Call has been retrieved."},{"$i":"mt-multi_party_call","$v":"You have been added to a conference call."},{"$i":"hangup-a11y-button","$v":""},{"$i":"pickup-a11y-button","$v":""},{"$i":"mute","$v":""},{"$i":"toggleKeypad","$v":""},{"$i":"newCall","$v":""},{"$i":"speakerOption","$v":""},{"$i":"bluetoothOption","$v":""},{"$i":"onHoldOption","$v":""},{"$i":"merge","$v":""},{"$i":"ignore","$v":""},{"$i":"dialerAddContact","$v":""},{"$i":"makeCall","$v":""},{"$i":"call-forwarding-async","$v":["Ayidibani: ",{"t":"idOrVar","v":"async"}]},{"$i":"call-forwarding-data","$v":["Idatha: ",{"t":"idOrVar","v":"data"}]},{"$i":"call-forwarding-error","$v":"Kwenzeke impazamo ngoxa bekubuyiselwa imo yomnxeba odluliselwayo"},{"$i":"call-forwarding-fax","$v":["IFEKSI: ",{"t":"idOrVar","v":"fax"}]},{"$i":"call-forwarding-inactive","$v":"Ayisebenzi"},{"$i":"call-forwarding-packet","$v":["Ipakethi: ",{"t":"idOrVar","v":"packet"}]},{"$i":"call-forwarding-pad","$v":["PAD: ",{"t":"idOrVar","v":"pad"}]},{"$i":"call-forwarding-sms","$v":["i-SMS: ",{"t":"idOrVar","v":"sms"}]},{"$i":"call-forwarding-status","$v":"Imo yokudlulisela umnxeba"},{"$i":"call-forwarding-sync","$v":["Ezidibanayo: ",{"t":"idOrVar","v":"sync"}]},{"$i":"call-forwarding-voice","$v":["Ilizwi: ",{"t":"idOrVar","v":"voice"}]},{"$i":"call-forwarding-reason","$v":["Reason: ",{"t":"idOrVar","v":"reason"}]},{"$i":"scCallBarring","$v":"Ibheringi yomnxeba"},{"$i":"scCallForwarding","$v":"Ukudlulisela umnxeba"},{"$i":"scClip","$v":"I-ID Yomfowuni Engenayo"},{"$i":"scClir","$v":"I-ID Yomfowuni Ephumayo"},{"$i":"scPwd","$v":"Utshintsho Lwepaswedi"},{"$i":"scCallWaiting","$v":"Umnxeba ulindile"},{"$i":"scPin","$v":"Utshintsho LwePIN"},{"$i":"scPin2","$v":"Ukutshintshwa kwe-PIN2"},{"$i":"scPuk","$v":"Vula uthintelo lwe-PIN"},{"$i":"scPuk2","$v":"Vula thintelo lwe-PIN2"},{"$i":"scImei","$v":"IMEI"},{"$i":"scMeid","$v":"MEID"},{"$i":"scUssd","$v":"i-USSD"},{"$i":"serviceClassVoice","$v":"Ilizwi"},{"$i":"serviceClassData","$v":"Idatha"},{"$i":"serviceClassFax","$v":"IFEKSI"},{"$i":"serviceClassSms","$v":"i-SMS"},{"$i":"serviceClassDataSync","$v":"Dibanisa"},{"$i":"serviceClassDataAsync","$v":"Ayidibani"},{"$i":"serviceClassPacket","$v":"Ipakethi"},{"$i":"serviceClassPad","$v":"PAD"},{"$i":"smServiceEnabled","$v":"Inkonzo iye yavulwa."},{"$i":"smServiceDisabled","$v":"Inkonzo iyekisiwe."},{"$i":"smServiceRegistered","$v":"Ubhaliso lube yimpumelelo."},{"$i":"smServiceErased","$v":"Ukucima kube yimpumelelo."},{"$i":"smServiceInterrogated","$v":"Isicelo siphumelelel"},{"$i":"smServiceNotProvisioned","$v":"Inkonzo ayilungiselelwanga."},{"$i":"smClirPermanent","$v":"Awukwazi kutshintsha isetingi ye-ID yomfowuni"},{"$i":"smClirDefaultOnNextCallOn","$v":"I-ID yomfowuni yeedifolti ukuya kwethintelweyo. Umnxeba olandelayo: Ilinganiselwe"},{"$i":"smClirDefaultOnNextCallOff","$v":"I-ID yomfowuni yeedifolti ukuya kwethintelweyo. Umnxeba olandelayo: Ayithintelwanga"},{"$i":"smClirDefaultOffNextCallOn","$v":"I-ID yomfowuni yeedifolti ukungayi kwethintelweyo. Umnxeba olandelayo: Ilinganiselwe"},{"$i":"smClirDefaultOffNextCallOff","$v":"I-ID yomfowuni yeedifolti ukungayi kwethintelweyo. Umnxeba olandelayo: Ayithintelwanga"},{"$i":"smServiceEnabledFor","$v":"Inkonzo ivulelwe:."},{"$i":"smPinChanged","$v":"I-PIN itshintshwe ngempumelelo"},{"$i":"smPinUnblocked","$v":"I-PIN ivulwe ngempumelelo"},{"$i":"smPin2Changed","$v":"I-PIN2 itshintshwe ngempumelelo"},{"$i":"smPin2Unblocked","$v":"I-PIN2 ivulwe ngempumelelo"},{"$i":"ServiceIsEnabled","$v":"Inkonzo ivuliwe."},{"$i":"ServiceIsDisabled","$v":"Inkonzo iyekisiwe"},{"$i":"ServiceIsEnabledFor","$v":"Inkonzo ivulelwe:."},{"$i":"emMmiError","$v":"Ingxaki kuxokomezelo okanye ikhowudi MMI ayisebenzi."},{"$i":"emMmiErrorPasswordIncorrect","$v":"Iphaswedi Ayichananga."},{"$i":"emMmiErrorNotSupported","$v":"Ikhowudi ye-MMI Engasebenziyo okanye Engaxhaswayo"},{"$i":"emMmiErrorInvalidAction","$v":"Isenzo esingasebenziyo"},{"$i":"emMmiErrorInvalidScCode","$v":"Ikhowudi yenkonzo ayisebenzi"},{"$i":"emMmiErrorBadPuk","$v":"Le PUK uyitayiphileyo ayichananga."},{"$i":"emMmiErrorBadPin","$v":"i-PIN endala etayiphileyo ayichananga."},{"$i":"emMmiErrorNeedPuk2","$v":"Tayipha i-PUK2 ukuze uvule ukuthintelwa kwe-SIM khadi"},{"$i":"emMmiErrorMismatchPin","$v":"Ezi PIN uzitayiphileyo azihambelani."},{"$i":"emMmiErrorInvalidPin","$v":"Tayipa i-PIN eneenombolo ezi-4 ukuya kwezi-8"},{"$i":"emMmiErrorNeedsPuk","$v":"ISIM khadi yakho itshixwe ngePUK"},{"$i":"emMmiErrorEnablePin","$v":"Isilele. Vumela i-SIM/RUIM LOCK"},{"$i":"emMmiErrorMmiFdn","$v":"Umsebenzi upheleliselwe kwiinombolo ezithile onokuzidayala kuphela."},{"$i":"emMmiErrorStkCcUssdDial","$v":"Isicelo se-USSD siphuculelwe kwisicelo se-DIAL"},{"$i":"emMmiErrorStkCcUssdSs","$v":"Isicelo se-USSD siphuculelwe kwisicelo se-SS"},{"$i":"emMmiErrorStkCcUssdUssd","$v":"Isicelo se-USSD siphuculelwe kwisicelo esitsha se-USSD"},{"$i":"emMmiErrorStkCcSsDial","$v":"Isicelo se-SS siphuculelwe kwisicelo se-DIAL"},{"$i":"emMmiErrorStkCcSsUssd","$v":"Isicelo se-SS siphuculelwe kwisicelo se-USSD"},{"$i":"emMmiErrorStkCcSsSs","$v":"Isicelo se-SS siphuculelwe kwisicelo esitsha se-SS"},{"$i":"emMmiErrorPinPukAttempts","$v":{"few":[{"t":"idOrVar","v":"n"}," imizamo eseleyo"],"many":[{"t":"idOrVar","v":"n"}," imizamo eseleyo"],"one":["Ngumzamo o- ",{"t":"idOrVar","v":"n"}," kuphela oseleyo"],"other":[{"t":"idOrVar","v":"n"}," imizamo eseleyo"],"two":[{"t":"idOrVar","v":"n"}," imizamo eseleyo"]},"$x":[{"t":"idOrVar","v":"plural"},"n"]},{"$i":"emMmiErrorSimBlocked","$v":"Elona nani liphezulu lokuzama kwakhona lidluliwe. I-SIM ibhlokiwe"},{"$i":"RadioNotAvailable","$v":"Irediyo ayifumaneki"},{"$i":"GenericFailure","$v":"Ukusilela kwejeneriki"},{"$i":"PasswordIncorrect","$v":"Iphaswedi ayichananga"},{"$i":"SimPin2","$v":"i-SIM PIN2"},{"$i":"SimPuk2","$v":"i-SIM PUK2"},{"$i":"RequestNotSupported","$v":"Isicelo asixhaswa"},{"$i":"OpNotAllowedDuringVoiceCall","$v":"Umsebenzi awuvumelekanga ebudeni bomnxeba welizi"},{"$i":"SmsSendFailRetry","$v":"Ukuthunyelwa kwe-SMS kusilele zama kwakhona"},{"$i":"SimAbsent","$v":"i-SIM ayikho"},{"$i":"SubscriptionNotAvailable","$v":"Umrhumo awukho"},{"$i":"ModeNotSupported","$v":"Imowudi ayixhaswa"},{"$i":"FdnCheckFailure","$v":"Ukusilela kohlolo lwe-Fdn"},{"$i":"IllegalSimOrMe","$v":"i-SIM okanye i-ME engekho semthethweni"},{"$i":"DialModifiedToUssd","$v":"Ukutsalela kuphuculelwe kwi-USSD"},{"$i":"DialModifiedToSs","$v":"Ukutsalela kuphuculelwe kwi-SS"},{"$i":"DialModifiedToDial","$v":"Ukutsalela kuphuculelwe ukutsalela"},{"$i":"UssdModifiedToDial","$v":"i-USSD iphuculelwe ukutsalela"},{"$i":"UssdModifiedToSs","$v":"i-USSD iphuculelwe kwi-SS"},{"$i":"UssdModifiedToUssd","$v":"i-USSD iphuculelwe kwi-USSD"},{"$i":"SsModifiedToDial","$v":"i-SS iphuculelwe ukutsalela"},{"$i":"SsModifiedToUssd","$v":"i-SS iphuculelwe kwi-USSD"},{"$i":"SsModifiedToSs","$v":"i-SS iphuculelwe kwi-SS"},{"$i":"SubscriptionNotSupported","$v":"Umrhumo awuxhaswa"},{"$i":"InvalidParameter","$v":"Ipharamitha ayisebenzi"},{"$i":"RejectedByRemote","$v":"Ikhatywe kude"},{"$i":"error","$v":"Impazamo"}]