[{"$i":"weekday-0-long","$v":"星期日"},{"$i":"weekday-1-long","$v":"星期一"},{"$i":"weekday-2-long","$v":"星期二"},{"$i":"weekday-3-long","$v":"星期三"},{"$i":"weekday-4-long","$v":"星期四"},{"$i":"weekday-5-long","$v":"星期五"},{"$i":"weekday-6-long","$v":"星期六"},{"$i":"weekday-0-short","$v":"星期日"},{"$i":"weekday-1-short","$v":"星期一"},{"$i":"weekday-2-short","$v":"星期二"},{"$i":"weekday-3-short","$v":"星期三"},{"$i":"weekday-4-short","$v":"星期四"},{"$i":"weekday-5-short","$v":"星期五"},{"$i":"weekday-6-short","$v":"星期六"},{"$i":"month-0-long","$v":"一月"},{"$i":"month-1-long","$v":"二月"},{"$i":"month-2-long","$v":"三月"},{"$i":"month-3-long","$v":"四月"},{"$i":"month-4-long","$v":"五月"},{"$i":"month-5-long","$v":"六月"},{"$i":"month-6-long","$v":"七月"},{"$i":"month-7-long","$v":"八月"},{"$i":"month-8-long","$v":"九月"},{"$i":"month-9-long","$v":"十月"},{"$i":"month-10-long","$v":"十一月"},{"$i":"month-11-long","$v":"十二月"},{"$i":"month-0-genitive","$v":"一月"},{"$i":"month-1-genitive","$v":"二月"},{"$i":"month-2-genitive","$v":"三月"},{"$i":"month-3-genitive","$v":"四月"},{"$i":"month-4-genitive","$v":"五月"},{"$i":"month-5-genitive","$v":"六月"},{"$i":"month-6-genitive","$v":"七月"},{"$i":"month-7-genitive","$v":"八月"},{"$i":"month-8-genitive","$v":"九月"},{"$i":"month-9-genitive","$v":"十月"},{"$i":"month-10-genitive","$v":"十一月"},{"$i":"month-11-genitive","$v":"十二月"},{"$i":"month-0-short","$v":"1月"},{"$i":"month-1-short","$v":"2月"},{"$i":"month-2-short","$v":"3月"},{"$i":"month-3-short","$v":"4月"},{"$i":"month-4-short","$v":"5月"},{"$i":"month-5-short","$v":"6月"},{"$i":"month-6-short","$v":"7月"},{"$i":"month-7-short","$v":"8月"},{"$i":"month-8-short","$v":"9月"},{"$i":"month-9-short","$v":"10月"},{"$i":"month-10-short","$v":"11月"},{"$i":"month-11-short","$v":"12月"},{"$i":"minutes-ago-long","$v":{"few":[{"t":"idOrVar","v":"value"},"分鐘前"],"many":[{"t":"idOrVar","v":"value"},"分鐘前"],"other":[{"t":"idOrVar","v":"value"},"分鐘前"],"two":[{"t":"idOrVar","v":"value"},"分鐘前"],"one":"1分鐘前","zero":"剛才"},"$x":[{"t":"idOrVar","v":"plural"},"value"]},{"$i":"hours-ago-long","$v":{"few":[{"t":"idOrVar","v":"value"},"小時前"],"many":[{"t":"idOrVar","v":"value"},"小時前"],"other":[{"t":"idOrVar","v":"value"},"小時前"],"two":[{"t":"idOrVar","v":"value"},"小時前"],"one":"1小時前","zero":"剛才"},"$x":[{"t":"idOrVar","v":"plural"},"value"]},{"$i":"days-ago-long","$v":{"few":[{"t":"idOrVar","v":"value"},"天前"],"many":[{"t":"idOrVar","v":"value"},"天前"],"one":"昨日","other":[{"t":"idOrVar","v":"value"},"天前"],"two":[{"t":"idOrVar","v":"value"},"天前"],"zero":"今日"},"$x":[{"t":"idOrVar","v":"plural"},"value"]},{"$i":"weeks-ago-long","$v":{"few":[{"t":"idOrVar","v":"value"},"週前"],"many":[{"t":"idOrVar","v":"value"},"週前"],"one":"上週","other":[{"t":"idOrVar","v":"value"},"週前"],"two":[{"t":"idOrVar","v":"value"},"週前"],"zero":"本週"},"$x":[{"t":"idOrVar","v":"plural"},"value"]},{"$i":"months-ago-long","$v":{"few":[{"t":"idOrVar","v":"value"},"個月前"],"many":[{"t":"idOrVar","v":"value"},"個月前"],"one":"上個月","other":[{"t":"idOrVar","v":"value"},"個月前"],"two":[{"t":"idOrVar","v":"value"},"個月前"],"zero":"本月"},"$x":[{"t":"idOrVar","v":"plural"},"value"]},{"$i":"years-ago-long","$v":{"few":[{"t":"idOrVar","v":"value"},"年前"],"many":[{"t":"idOrVar","v":"value"},"年前"],"one":"上一年","other":[{"t":"idOrVar","v":"value"},"年前"],"two":[{"t":"idOrVar","v":"value"},"年前"],"zero":"今年"},"$x":[{"t":"idOrVar","v":"plural"},"value"]},{"$i":"minutes-until-long","$v":{"few":[{"t":"idOrVar","v":"value"},"分鐘後"],"many":[{"t":"idOrVar","v":"value"},"分鐘後"],"other":[{"t":"idOrVar","v":"value"},"分鐘後"],"two":[{"t":"idOrVar","v":"value"},"分鐘後"],"zero":"現在","one":"1分鐘內"},"$x":[{"t":"idOrVar","v":"plural"},"value"]},{"$i":"hours-until-long","$v":{"few":[{"t":"idOrVar","v":"value"},"小時後"],"many":[{"t":"idOrVar","v":"value"},"小時後"],"other":[{"t":"idOrVar","v":"value"},"小時後"],"two":[{"t":"idOrVar","v":"value"},"小時"],"zero":"現在","one":"1小時內"},"$x":[{"t":"idOrVar","v":"plural"},"value"]},{"$i":"days-until-long","$v":{"few":[{"t":"idOrVar","v":"value"},"天後"],"many":[{"t":"idOrVar","v":"value"},"天後"],"one":"明日","other":[{"t":"idOrVar","v":"value"},"天後"],"two":[{"t":"idOrVar","v":"value"},"天後"],"zero":"今日"},"$x":[{"t":"idOrVar","v":"plural"},"value"]},{"$i":"weeks-until-long","$v":{"few":[{"t":"idOrVar","v":"value"},"週後"],"many":[{"t":"idOrVar","v":"value"},"週後"],"one":"下週","other":[{"t":"idOrVar","v":"value"},"週後"],"two":[{"t":"idOrVar","v":"value"},"週後"],"zero":"本週"},"$x":[{"t":"idOrVar","v":"plural"},"value"]},{"$i":"months-until-long","$v":{"few":[{"t":"idOrVar","v":"value"},"個月後"],"many":[{"t":"idOrVar","v":"value"},"個月後"],"one":"下個月","other":[{"t":"idOrVar","v":"value"},"個月後"],"two":[{"t":"idOrVar","v":"value"},"個月後"],"zero":"本月"},"$x":[{"t":"idOrVar","v":"plural"},"value"]},{"$i":"years-until-long","$v":{"few":[{"t":"idOrVar","v":"value"},"年後"],"many":[{"t":"idOrVar","v":"value"},"年後"],"one":"下一年","other":[{"t":"idOrVar","v":"value"},"年後"],"two":[{"t":"idOrVar","v":"value"},"年後"],"zero":"今年"},"$x":[{"t":"idOrVar","v":"plural"},"value"]},{"$i":"minutes-ago-short","$v":{"other":[{"t":"idOrVar","v":"value"},"m前"],"zero":"剛才"},"$x":[{"t":"idOrVar","v":"plural"},"value"]},{"$i":"hours-ago-short","$v":{"other":[{"t":"idOrVar","v":"value"},"h前"],"zero":"剛才"},"$x":[{"t":"idOrVar","v":"plural"},"value"]},{"$i":"days-ago-short","$v":{"other":[{"t":"idOrVar","v":"value"},"d前"],"zero":"今日"},"$x":[{"t":"idOrVar","v":"plural"},"value"]},{"$i":"minutes-until-short","$v":{"other":[{"t":"idOrVar","v":"value"},"分鐘後"],"zero":"現在"},"$x":[{"t":"idOrVar","v":"plural"},"value"]},{"$i":"hours-until-short","$v":{"other":[{"t":"idOrVar","v":"value"},"小時後"],"zero":"現在"},"$x":[{"t":"idOrVar","v":"plural"},"value"]},{"$i":"days-until-short","$v":{"other":[{"t":"idOrVar","v":"value"},"天後"],"zero":"今日"},"$x":[{"t":"idOrVar","v":"plural"},"value"]},{"$i":"incorrectDate","$v":"(日期不正確)"},{"$i":"dateTimeFormat_%c","$v":"%a %b %e %Y %I:%M:%S %p"},{"$i":"dateTimeFormat_%x","$v":"%m/%d/%Y"},{"$i":"dateTimeFormat_%X","$v":"%p %I:%M:%S"},{"$i":"shortTimeFormat","$v":"%I:%M %p"},{"$i":"shortTimeFormat12","$v":"%I:%M %p"},{"$i":"shortTimeFormat24","$v":"%H:%M"},{"$i":"shortDateTimeFormat","$v":"%x %I:%M %p"},{"$i":"weekStartsOnMonday","$v":"0.0"},{"$i":"firstDayOfTheWeek","$v":"0.0"},{"$i":"time_am","$v":"AM"},{"$i":"time_pm","$v":"PM"},{"$i":"airplaneMode","$v":"飛航模式"},{"$i":"searching","$v":"正在搜尋..."},{"$i":"noNetwork","$v":"無網絡"},{"$i":"roaming","$v":[{"t":"idOrVar","v":"operator"}," (漫遊中)"]},{"$i":"operator-info","$v":[{"t":"idOrVar","v":"carrier"}," ",{"t":"idOrVar","v":"region"}]},{"$i":"emergencyCallsOnly","$v":"僅限緊急通話"},{"$i":"emergencyCallsOnly-unknownSIMState","$v":"(SIM狀態未知)"},{"$i":"emergencyCallsOnly-noSIM","$v":"(未插入SIM卡)"},{"$i":"emergencyCallsOnly-pinRequired","$v":"(需要SIM PIN)"},{"$i":"emergencyCallsOnly-pukRequired","$v":"(需要SIM PUK)"},{"$i":"emergencyCallsOnly-networkLocked","$v":"(網絡已鎖定)"},{"$i":"emergencyCallsOnly-serviceProviderLocked","$v":"(服務供應商已鎖定)"},{"$i":"emergencyCallsOnly-corporateLocked","$v":"(公司已鎖定)"},{"$i":"emergencyCallsOnly-network1Locked","$v":"(網絡1已鎖定)"},{"$i":"emergencyCallsOnly-network2Locked","$v":"(網絡2已鎖定)"},{"$i":"emergencyCallsOnly-hrpdNetworkLocked","$v":"(hrpd網絡已鎖定)"},{"$i":"emergencyCallsOnly-ruimCorporateLocked","$v":"(ruim公司已鎖定)"},{"$i":"emergencyCallsOnly-ruimServiceProviderLocked","$v":"(ruim服務供應商已鎖定)"},{"$i":"lockscreen-sim-id","$v":["SIM卡",{"t":"idOrVar","v":"n"}]},{"$i":"charging-no-time","$v":["已充電",{"t":"idOrVar","v":"level"},"%"]},{"$i":"charging-minutes","$v":{"few":["已充電",{"t":"idOrVar","v":"level"},"%(還需",{"t":"idOrVar","v":"minutes"},"分鐘充滿)"],"many":["已充電",{"t":"idOrVar","v":"level"},"%(還需",{"t":"idOrVar","v":"minutes"},"分鐘充滿)"],"one":["已充電",{"t":"idOrVar","v":"level"},"%(還需",{"t":"idOrVar","v":"minutes"},"分鐘充滿)"],"other":["已充電",{"t":"idOrVar","v":"level"},"%(還需",{"t":"idOrVar","v":"minutes"},"分鐘充滿)"],"two":["已充電",{"t":"idOrVar","v":"level"},"%(還需",{"t":"idOrVar","v":"minutes"},"分鐘充滿)"],"zero":["已充電",{"t":"idOrVar","v":"level"},"%(還需",{"t":"idOrVar","v":"minutes"},"分鐘充滿)"]},"$x":[{"t":"idOrVar","v":"plural"},"minutes"]},{"$i":"charging-hours","$v":{"few":["已充電",{"t":"idOrVar","v":"level"},"%(還需",{"t":"idOrVar","v":"hours"},"小時",{"t":"idOrVar","v":"minutes"},"分鐘充滿)"],"many":["已充電",{"t":"idOrVar","v":"level"},"%(還需",{"t":"idOrVar","v":"hours"},"小時",{"t":"idOrVar","v":"minutes"},"分鐘充滿)"],"one":["已充電",{"t":"idOrVar","v":"level"},"%(還需",{"t":"idOrVar","v":"hours"},"小時",{"t":"idOrVar","v":"minutes"},"分鐘充滿)"],"other":["已充電",{"t":"idOrVar","v":"level"},"%(還需",{"t":"idOrVar","v":"hours"},"小時",{"t":"idOrVar","v":"minutes"},"分鐘充滿)"],"two":["已充電",{"t":"idOrVar","v":"level"},"%(還需",{"t":"idOrVar","v":"hours"},"小時",{"t":"idOrVar","v":"minutes"},"分鐘充滿)"],"zero":["已充電",{"t":"idOrVar","v":"level"},"%(還需",{"t":"idOrVar","v":"hours"},"小時",{"t":"idOrVar","v":"minutes"},"分鐘充滿)"]},"$x":[{"t":"idOrVar","v":"plural"},"minutes"]},{"$i":"phoneNumberInput","ariaLabel":"電話號碼"},{"$i":"keypadDelete","ariaLabel":"刪除"},{"$i":"voiceMailKey","ariaLabel":"語音留言"},{"$i":"asterisk","ariaLabel":"星號"},{"$i":"hashSign","ariaLabel":"＃字"},{"$i":"cancel","$v":"取消"},{"$i":"loadingSimContacts","$v":"正在載入SIM卡聯絡人..."},{"$i":"noContactsWereFound","$v":"找不到任何聯絡人"},{"$i":"noContactsFoundDialogOk","$v":"確定"},{"$i":"emergencyNumber","$v":"緊急號碼"},{"$i":"callAirplaneModeMessage","$v":"若要撥打電話，您需要在「設定」中停用飛航模式。"},{"$i":"callAirplaneModeBtnOk","$v":"確定"},{"$i":"callAirplaneModeTitle","$v":"已啟動飛航模式"},{"$i":"numberIsBusyTitle","$v":"線路繁忙"},{"$i":"numberIsBusyMessage","$v":"該號碼目前正在忙線中。請稍後重試。"},{"$i":"fdnIsActiveTitle","$v":"FDN使用中"},{"$i":"fdnIsActiveMessage","$v":["FDN(固定撥號號碼)已啟動，以下號碼不在您的FDN清單中：",{"t":"idOrVar","v":"number"}]},{"$i":"emergencyDialogBodyBadNumber","$v":"若要撥打電話，手機必須連接至網絡。"},{"$i":"emergencyDialogBodyDeviceNotAccepted","$v":"網絡不允許緊急通話。"},{"$i":"emergencyDialogBtnOk","$v":"確定"},{"$i":"emergencyDialogTitle","$v":"無網絡連接"},{"$i":"invalidNumberToDialTitle","$v":"電話號碼無效"},{"$i":"invalidNumberToDialMessage","$v":"您撥打的電話號碼無效。"},{"$i":"unableToCallTitle","$v":"無法撥打電話。"},{"$i":"unableToCallMessage","$v":"現在無法撥打電話"},{"$i":"otherConnectionInUseTitle","$v":"其他正在使用的連接"},{"$i":"otherConnectionInUseMessage","$v":"您在另一個連接中有使用中的通話。一次只能使用一個連接。"},{"$i":"connectingEllipsis","$v":"正在連接..."},{"$i":"clear","$v":"清除"},{"$i":"dialer","$v":"撥號器"},{"$i":"vt-incoming-call","$v":"正在進行視頻通話..."},{"$i":"kai-incoming-call","$v":"來電"},{"$i":"kai-in-call","$v":"通話中"},{"$i":"kai-answer","$v":"回答"},{"$i":"kai-end-answer","$v":"結束並回答"},{"$i":"kai-decline","$v":"拒絕"},{"$i":"enter-passcode","$v":"請輸入密碼以解鎖螢幕。"},{"$i":"passcode-error","$v":"代碼無效。請重試。"},{"$i":"lockscreenInvalidCode","$v":"無效碼。"},{"$i":"lockscreenColdDown","$v":["密碼無效。在",{"t":"idOrVar","v":"n"},"後再嘗試。"]},{"$i":"lockscreenCheckLockCode","$v":{"few":["密碼無效。還可嘗試",{"t":"idOrVar","v":"n"},"次。"],"one":["密碼無效。還可嘗試",{"t":"idOrVar","v":"n"},"次。"],"other":["密碼無效。還可嘗試",{"t":"idOrVar","v":"n"},"次。"],"two":["密碼無效。還可嘗試",{"t":"idOrVar","v":"n"},"次。"]},"$x":[{"t":"idOrVar","v":"plural"},"n"]},{"$i":"videoCall","$v":"視像通話"},{"$i":"voice-call","$v":"語音通話"},{"$i":"video-call","$v":"視像通話"},{"$i":"message","$v":"訊息"},{"$i":"answer-rtt-call","$v":"回覆 RTT"},{"$i":"req-rtt-call","$v":"ANS RTT"},{"$i":"rtt-call","$v":"RTT 通話"},{"$i":"rtt-view","$v":"RTT 檢視"},{"$i":"change-to-rtt-call","$v":"正在連接 RTT 通話..."},{"$i":"change-to-voice-call","$v":"已更改為語音通話。"},{"$i":"upgrading-rtt","$v":"正在升級至 RTT 通話..."},{"$i":"rtt-call-failed","$v":"RTT 通話失敗。"},{"$i":"voice-call-failed","$v":"語音通話失敗。"},{"$i":"rtt","$v":"RTT"},{"$i":"rtt-emegency-upgrade-rejected","$v":"無法使用 RTT 進行此 911 通話。"},{"$i":"rtt-emegency-downgrade","$v":"無法使用 RTT 進行此 911 通話。您的通話已連接為純語音通話。若您遇到困難，請以語音或中繼方式致電 911。"},{"$i":"voice-only-call","$v":"已將您的通話做為僅語音通話進行連接。"},{"$i":"ans-rtt-failed","$v":"無法建立RTT通話。已將您的通話做為純語音通話進行連接。"},{"$i":"back","$v":"返回"},{"$i":"new-message","$v":"有新訊息，來自"},{"$i":"kai-mute","$v":"靜音"},{"$i":"kai-unmute","$v":"取消靜音"},{"$i":"kai-speaker","$v":"揚聲器"},{"$i":"kai-speaker-off","$v":"揚聲器關閉"},{"$i":"kai-microphone-mute-notification","$v":"麥克風靜音"},{"$i":"kai-microphone-active-notification","$v":"麥克風處於活動狀態"},{"$i":"kai-speaker-off-notification","$v":"外部揚聲器已關閉"},{"$i":"kai-speaker-on-notification","$v":"外接揚聲器已打開"},{"$i":"kai-hold-and-answer","$v":"擱置並應答"},{"$i":"kai-ignore-call","$v":"忽略來電"},{"$i":"kai-add-to-call","$v":"新增通話"},{"$i":"kai-switch-to-second-line","$v":"切換通話"},{"$i":"kai-merge-calls","$v":"合併通話"},{"$i":"ok","$v":"確認"},{"$i":"losing-wifi-msg","$v":"WiFi訊號減弱"},{"$i":"personal","$v":"個人"},{"$i":"mobile","$v":"手機"},{"$i":"home","$v":"住宅"},{"$i":"work","$v":"工作"},{"$i":"other","$v":"其他"},{"$i":"fax-home","$v":"住宅傳真"},{"$i":"fax-office","$v":"辦公室傳真"},{"$i":"fax-other","$v":"其他傳真"},{"$i":"hd","$v":"HD"},{"$i":"manage-call","$v":"管理通話"},{"$i":"end","$v":"結束通話"},{"$i":"private","$v":"私人"},{"$i":"sound","$v":"音效"},{"$i":"bluetooth-device","$v":"藍牙裝置"},{"$i":"handset-earpiece","$v":"手機聽筒"},{"$i":"speaker","$v":"揚聲器"},{"$i":"call-ended","$v":"已結束通話"},{"$i":"payphone","$v":"付費電話"},{"$i":"contact","$v":"聯絡人"},{"$i":"dialer-prompt","$v":"撥打號碼或選擇要新增至通話的聯絡人"},{"$i":"call","$v":"撥號"},{"$i":"hold","$v":"保留"},{"$i":"callHeldDuration","$v":["保留(",{"t":"idOrVar","v":"duration"},")"]},{"$i":"volume","$v":"音量"},{"$i":"softkey-options","$v":"選項"},{"$i":"unhold-call","$v":"恢復通話"},{"$i":"hold-call","$v":"保留通話"},{"$i":"select","$v":"選擇"},{"$i":"unknown","$v":"未知"},{"$i":"switch-calls","$v":"切換通話"},{"$i":"voiceMail","$v":"語音留言"},{"$i":"incoming","$v":"來電"},{"$i":"outgoing","$v":"撥出電話"},{"$i":"callEnded","$v":"已結束通話"},{"$i":"callEndedDuration","$v":["已結束通話(",{"t":"idOrVar","v":"duration"},")"]},{"$i":"conferenceAddError","$v":"無法合併通話"},{"$i":"conferenceRemoveError","$v":"無法取消合併通話"},{"$i":"valid-number","$v":"有效號碼"},{"$i":"numberBlockedMessage","$v":"該號碼已被阻止。您可以請求父母許可。"},{"$i":"callDurationMinutes","$v":[{"t":"idOrVar","v":"m"},":",{"t":"idOrVar","v":"s"}]},{"$i":"callDurationHours","$v":[{"t":"idOrVar","v":"h"},":",{"t":"idOrVar","v":"m"},":",{"t":"idOrVar","v":"s"}]},{"$i":"switch-to-device-toast","$v":"已切換至藍牙裝置"},{"$i":"switch-to-handset-toast","$v":"已切換至手機聽筒耳機"},{"$i":"switch-to-speaker-toast","$v":"已切換至揚聲器"},{"$i":"connecting","$v":"正在連接"},{"$i":"wifi-call-quality-excellent","$v":"優"},{"$i":"wifi-call-quality-fair","$v":"一般"},{"$i":"wifi-call-quality-bad","$v":"不佳"},{"$i":"call-left-conference-toast","$v":"已離開通話"},{"$i":"camera-off","$v":"相機關閉"},{"$i":"camera-on","$v":"相機開啟"},{"$i":"rear-camera","$v":"背面相機"},{"$i":"front-camera","$v":"正面相機"},{"$i":"hide-info","$v":"隱藏資訊"},{"$i":"show-info","$v":"顯示資訊"},{"$i":"video-call-rejected","$v":"視像通話遭拒絕，請變更為語音通話。"},{"$i":"video-call-not-support","$v":"視像通話不受支援。"},{"$i":"video-call-rejected-timeout","$v":"視頻通話被拒絕或超時。"},{"$i":"video-call-from","$v":["正在接收來自",{"t":"idOrVar","v":"name"},"的視像通話。"]},{"$i":"video-call-canceled","$v":"視像通話已取消。"},{"$i":"video-call-failed","$v":"視像通話失敗。"},{"$i":"call-downgraded","$v":"呼叫降級。"},{"$i":"wifi-calling","$v":"Wi-Fi通話"},{"$i":"wifi-calling-1","$v":"您的通話可能已丟失。"},{"$i":"wifi-calling-2","$v":"您即將處於Wi-Fi覆蓋範圍之外。"},{"$i":"wifi-calling-dropped","$v":"Wi-Fi通話已丟失。"},{"$i":"accept","$v":"接受"},{"$i":"conference-call-num","$v":[{"t":"idOrVar","v":"num"},"人正在通話中。"]},{"$i":"more","$v":"更多"},{"$i":"rec","$v":"REC"},{"$i":"start-recording-call","$v":"開始錄製通話。"},{"$i":"stop-recording-call","$v":"停止錄製通話。"},{"$i":"insufficient-storage","$v":"儲存空間不足。已停止錄音。"},{"$i":"confirmation","$v":"確認"},{"$i":"get-empty-ussd","$v":"收到空回复。"},{"$i":"message-sent","$v":"已傳送訊息"},{"$i":"messages","$v":"訊息"},{"$i":"wait","$v":"請稍候..."},{"$i":"send","$v":"傳送"},{"$i":"reply","$v":"回覆"},{"$i":"reply-message-1","$v":"抱歉，我現在不能講話。"},{"$i":"reply-message-2","$v":"我在路上"},{"$i":"reply-message-3","$v":"我能回頭打給你嗎？"},{"$i":"reply-message-4","$v":"自訂..."},{"$i":"reply-to-name","$v":["已回覆",{"t":"idOrVar","v":"name"}]},{"$i":"call-busy-error","$v":"BusyError"},{"$i":"call-bad-number-error","$v":"BadNumberError"},{"$i":"call-no-route-to-destination-error","$v":"No route to destination."},{"$i":"call-channel-unacceptable-error","$v":"Channel unacceptable"},{"$i":"call-operator-determined-barring-error","$v":"Operator determined barring"},{"$i":"call-normal-call-clearing-error","$v":"LLAMADA TERMINADA"},{"$i":"call-no-user-responding-error","$v":"No user responding"},{"$i":"call-user-alerting-no-answer-error","$v":"User alerting, no answer  "},{"$i":"call-call-rejected-error","$v":"Call rejected"},{"$i":"call-number-changed-error","$v":"Number Changed "},{"$i":"call-pre-emption-error","$v":"Pre-emption"},{"$i":"call-destination-out-of-order-error","$v":"Destination out of order "},{"$i":"call-invalid-number-format-error","$v":"Invalid number format "},{"$i":"call-facility-rejected-error","$v":"Facility rejected "},{"$i":"call-response-to-status-enquiry-error","$v":"Response to "},{"$i":"call-unspecified-error","$v":"Normal, unspecified "},{"$i":"call-congestion-error","$v":"No circuit/channel available"},{"$i":"call-network-out-of-order-error","$v":"Network out of order  "},{"$i":"call-network-temp-failure-error","$v":"Temporary Failure"},{"$i":"call-switching-equip-congestion-error","$v":"Switching equipment congestion"},{"$i":"call-access-info-discarded-error","$v":"Access information discarded "},{"$i":"call-requested-channel-not-available-error","$v":"requested circuit/channel not available"},{"$i":"call-resource-unavailable-error","$v":"Resources unavailable, unspecified"},{"$i":"call-qos-unavailable-error","$v":"Quality of service unavailable"},{"$i":"call-requested-facility-not-subscribed-error","$v":"Requested facility not subscribed"},{"$i":"call-incoming-calls-barred-within-cug-error","$v":"Incoming calls barred within the CUG"},{"$i":"call-bearer-capability-not-authorized-error","$v":"Bearer capability not authorized"},{"$i":"call-bearer-capability-not-available-error","$v":"Bearer capability not presently available"},{"$i":"call-service-not-available-error","$v":"Service or option not available, unspecified"},{"$i":"call-bearer-not-implemented-error","$v":"Bearer service not implemented"},{"$i":"call-incoming-call-exceeded-error","$v":"ACM equal to greater than ACMmax"},{"$i":"call-requested-facility-not-implemented-error","$v":"Requested facility not implemented"},{"$i":"call-unrestricted-bearer-not-available-error","$v":"Only restricted digital information bearer capability is available"},{"$i":"call-service-not-implemented-error","$v":"Service or option not implemented, unspecified "},{"$i":"call-invalid-transaction-id-error","$v":"Invalid transaction identifier value  "},{"$i":"call-not-cug-member-error","$v":"User not member of CUG "},{"$i":"call-incompatible-destination-error","$v":"Incompatible destination  "},{"$i":"call-invalid-transit-network-selection-error","$v":"Invalid transit network selection"},{"$i":"call-semantically-incorrect-message-error","$v":"Semantically incorrect message "},{"$i":"call-invalid-mandatory-info-error","$v":"Invalid mandatory information"},{"$i":"call-message-type-not-implemented-error","$v":"Message type-non compatible with protocol state "},{"$i":"call-message-type-incompatible-protocol-state-error","$v":"Message type not compatible with protocol state  "},{"$i":"call-info-element-not-implemented-error","$v":"Information element nonexistent or not implemented "},{"$i":"call-conditionalIe-error","$v":"Conditional IE error"},{"$i":"call-message-incompatible-protocol-state-error","$v":"Message not compatible with protocol state"},{"$i":"call-recovery-on-timer-expiry-error","$v":"Recovery on timer expiry "},{"$i":"call-protocol-error","$v":"Protocol Error, unspecified "},{"$i":"call-interworking-error","$v":"Interworking, unspecified "},{"$i":"call-service-option-not-subscribed-error","$v":"SIN SUBSCRIPCION AL SERVICIO -33-"},{"$i":"call-unknown-pdp-address-type-error","$v":"FALLA DE AUTENTICACION -29-"},{"$i":"mt-call-on-hold","$v":"已保留通話。"},{"$i":"mt-call_retrieved","$v":"已擷取通話。"},{"$i":"mt-multi_party_call","$v":"您已加入會議通話。"},{"$i":"hangup-a11y-button","$v":""},{"$i":"pickup-a11y-button","$v":""},{"$i":"mute","$v":""},{"$i":"toggleKeypad","$v":""},{"$i":"newCall","$v":""},{"$i":"speakerOption","$v":""},{"$i":"bluetoothOption","$v":""},{"$i":"onHoldOption","$v":""},{"$i":"merge","$v":""},{"$i":"ignore","$v":""},{"$i":"dialerAddContact","$v":""},{"$i":"makeCall","$v":""},{"$i":"call-forwarding-async","$v":["非同步：",{"t":"idOrVar","v":"async"}]},{"$i":"call-forwarding-data","$v":["數據：",{"t":"idOrVar","v":"data"}]},{"$i":"call-forwarding-error","$v":"提取來電轉接狀態時發生錯誤"},{"$i":"call-forwarding-fax","$v":["傳真：",{"t":"idOrVar","v":"fax"}]},{"$i":"call-forwarding-inactive","$v":"非使用中"},{"$i":"call-forwarding-packet","$v":["封包：",{"t":"idOrVar","v":"packet"}]},{"$i":"call-forwarding-pad","$v":["PAD：",{"t":"idOrVar","v":"pad"}]},{"$i":"call-forwarding-sms","$v":["短訊：",{"t":"idOrVar","v":"sms"}]},{"$i":"call-forwarding-status","$v":"來電轉接狀態"},{"$i":"call-forwarding-sync","$v":["同步：",{"t":"idOrVar","v":"sync"}]},{"$i":"call-forwarding-voice","$v":["語音：",{"t":"idOrVar","v":"voice"}]},{"$i":"call-forwarding-reason","$v":["Reason: ",{"t":"idOrVar","v":"reason"}]},{"$i":"scCallBarring","$v":"通話限制"},{"$i":"scCallForwarding","$v":"來電轉接"},{"$i":"scClip","$v":"來電號碼"},{"$i":"scClir","$v":"撥出號碼"},{"$i":"scPwd","$v":"密碼變更"},{"$i":"scCallWaiting","$v":"來電等候"},{"$i":"scPin","$v":"PIN變更"},{"$i":"scPin2","$v":"PIN2變更"},{"$i":"scPuk","$v":"解除封鎖PIN碼"},{"$i":"scPuk2","$v":"解除封鎖PIN碼2"},{"$i":"scImei","$v":"IMEI"},{"$i":"scMeid","$v":"MEID"},{"$i":"scUssd","$v":"USSD"},{"$i":"serviceClassVoice","$v":"語音"},{"$i":"serviceClassData","$v":"數據"},{"$i":"serviceClassFax","$v":"傳真"},{"$i":"serviceClassSms","$v":"短訊"},{"$i":"serviceClassDataSync","$v":"同步"},{"$i":"serviceClassDataAsync","$v":"非同步"},{"$i":"serviceClassPacket","$v":"封包"},{"$i":"serviceClassPad","$v":"PAD"},{"$i":"smServiceEnabled","$v":"已啟用服務"},{"$i":"smServiceDisabled","$v":"已停用服務"},{"$i":"smServiceRegistered","$v":"註冊成功"},{"$i":"smServiceErased","$v":"清除成功"},{"$i":"smServiceInterrogated","$v":"要求成功"},{"$i":"smServiceNotProvisioned","$v":"未佈建服務"},{"$i":"smClirPermanent","$v":"無法變更本機號碼設定"},{"$i":"smClirDefaultOnNextCallOn","$v":"本機號碼預設為受限制。下一次通話：受限制"},{"$i":"smClirDefaultOnNextCallOff","$v":"本機號碼預設為受限制。下一次通話：不受限制"},{"$i":"smClirDefaultOffNextCallOn","$v":"本機號碼預設為不受限制。下一次通話：受限制"},{"$i":"smClirDefaultOffNextCallOff","$v":"本機號碼預設為不受限制。下一次通話：不受限制"},{"$i":"smServiceEnabledFor","$v":"已針對下列項目啟用服務："},{"$i":"smPinChanged","$v":"已成功變更PIN"},{"$i":"smPinUnblocked","$v":"已成功解除封鎖PIN"},{"$i":"smPin2Changed","$v":"已成功變更PIN2"},{"$i":"smPin2Unblocked","$v":"已成功解除封鎖PIN2"},{"$i":"ServiceIsEnabled","$v":"已啟用服務"},{"$i":"ServiceIsDisabled","$v":"已停用服務"},{"$i":"ServiceIsEnabledFor","$v":"已針對下列項目啟用服務："},{"$i":"emMmiError","$v":"連接問題或MMI碼無效"},{"$i":"emMmiErrorPasswordIncorrect","$v":"密碼不正確"},{"$i":"emMmiErrorNotSupported","$v":"MMI碼無效或不受支援"},{"$i":"emMmiErrorInvalidAction","$v":"操作無效"},{"$i":"emMmiErrorInvalidScCode","$v":"服務碼無效"},{"$i":"emMmiErrorBadPuk","$v":"您輸入的PUK不正確"},{"$i":"emMmiErrorBadPin","$v":"您輸入的舊PIN碼不正確。"},{"$i":"emMmiErrorNeedPuk2","$v":"輸入PUK2以解除封鎖SIM卡"},{"$i":"emMmiErrorMismatchPin","$v":"您輸入的PIN碼不相符"},{"$i":"emMmiErrorInvalidPin","$v":"輸入一個包含4到8個數字的PIN碼"},{"$i":"emMmiErrorNeedsPuk","$v":"您的SIM卡已鎖定PUK"},{"$i":"emMmiErrorEnablePin","$v":"失敗。請啟用SIM卡/RUIM鎖定"},{"$i":"emMmiErrorMmiFdn","$v":"作業僅限於固定撥號號碼"},{"$i":"emMmiErrorStkCcUssdDial","$v":"USSD要求已修改為撥號要求"},{"$i":"emMmiErrorStkCcUssdSs","$v":"USSD要求已修改為SS要求"},{"$i":"emMmiErrorStkCcUssdUssd","$v":"USSD要求已修改為新USSD要求"},{"$i":"emMmiErrorStkCcSsDial","$v":"SS要求已修改為撥號要求"},{"$i":"emMmiErrorStkCcSsUssd","$v":"SS要求已修改為USSD要求"},{"$i":"emMmiErrorStkCcSsSs","$v":"SS要求已修改為新SS要求"},{"$i":"emMmiErrorPinPukAttempts","$v":{"few":["還可重試",{"t":"idOrVar","v":"n"},"次"],"many":["還可重試",{"t":"idOrVar","v":"n"},"次"],"one":["只能再嘗試",{"t":"idOrVar","v":"n"},"次"],"other":["還可重試",{"t":"idOrVar","v":"n"},"次"],"two":["還可重試",{"t":"idOrVar","v":"n"},"次"]},"$x":[{"t":"idOrVar","v":"plural"},"n"]},{"$i":"emMmiErrorSimBlocked","$v":"已超過重試次數上限。已封鎖SIM卡"},{"$i":"RadioNotAvailable","$v":"收音機不可使用"},{"$i":"GenericFailure","$v":"執行請求時出錯。"},{"$i":"PasswordIncorrect","$v":"密碼不正確"},{"$i":"SimPin2","$v":"SIM卡PIN碼2"},{"$i":"SimPuk2","$v":"SIM卡PUK2"},{"$i":"RequestNotSupported","$v":"要求不受支援"},{"$i":"OpNotAllowedDuringVoiceCall","$v":"語音通話期間不允許執行作業"},{"$i":"SmsSendFailRetry","$v":"SMS send fail retry"},{"$i":"SimAbsent","$v":"缺少SIM卡"},{"$i":"SubscriptionNotAvailable","$v":"訂閱不可用"},{"$i":"ModeNotSupported","$v":"模式不受支援"},{"$i":"FdnCheckFailure","$v":"FDN檢查失敗"},{"$i":"IllegalSimOrMe","$v":"SIM卡或ME卡非法"},{"$i":"DialModifiedToUssd","$v":"撥號修改為USSD"},{"$i":"DialModifiedToSs","$v":"撥號修改為SS"},{"$i":"DialModifiedToDial","$v":"撥號修改為撥號"},{"$i":"UssdModifiedToDial","$v":"USSD修改為撥號"},{"$i":"UssdModifiedToSs","$v":"USSD修改為SS"},{"$i":"UssdModifiedToUssd","$v":"USSD修改為USSD"},{"$i":"SsModifiedToDial","$v":"SS修改為撥號"},{"$i":"SsModifiedToUssd","$v":"SS修改為USSD"},{"$i":"SsModifiedToSs","$v":"SS修改為SS"},{"$i":"SubscriptionNotSupported","$v":"訂閱不受支援"},{"$i":"InvalidParameter","$v":"參數無效"},{"$i":"RejectedByRemote","$v":"遭遠端拒絕"},{"$i":"error","$v":"錯誤"}]