[{"$i":"done","$v":"تم"},{"$i":"number-selected2","$v":{"few":"تحديد","many":"تحديد","one":"تحديد","other":"تحديد","two":"تحديد","zero":"تحديد"},"$x":[{"t":"idOrVar","v":"plural"},"n"]},{"$i":"delete-n-items?","$v":{"few":["حذف ",{"t":"idOrVar","v":"n"}," عناصر؟"],"many":["حذف ",{"t":"idOrVar","v":"n"}," عناصر؟"],"one":"حذف الفيديو؟","other":["حذف ",{"t":"idOrVar","v":"n"}," عناصر؟"],"two":["حذف ",{"t":"idOrVar","v":"n"}," عناصر؟"],"zero":"لم يتم تحديد أي شيء"},"$x":[{"t":"idOrVar","v":"plural"},"n"]},{"$i":"not-load-video-time","$v":"--:--"},{"$i":"video-time-num","$v":["0",{"t":"idOrVar","v":"num"}]},{"$i":"video-time-minute","$v":[{"t":"idOrVar","v":"owe"},{"t":"idOrVar","v":"m"},":",{"t":"idOrVar","v":"s"}]},{"$i":"video-time-hour","$v":[{"t":"idOrVar","v":"owe"},{"t":"idOrVar","v":"h"},":",{"t":"idOrVar","v":"m"},":",{"t":"idOrVar","v":"s"}]},{"$i":"share-noprovider","$v":"حاول مشاركة فيديو واحد كل مرة"},{"$i":"videos","$v":"مقاطع الفيديو"},{"$i":"cancel","$v":"ألغِ"},{"$i":"delete-video?","$v":"حذف الفيديو؟"},{"$i":"empty-title","$v":"قم بإضافة فيديو للبدء"},{"$i":"empty-text","$v":"لا توجد مقاطع فيديو متاحة."},{"$i":"empty-content","$v":"الفيديو فارغ. استخدم الكاميرا للبدء."},{"$i":"search-title","$v":"جارٍ فحص مقاطع الفيديو..."},{"$i":"search-content","$v":"جارٍ فحص مقاطع الفيديو..."},{"$i":"nocard2-title","$v":"بطاقة الذاكرة غير موجودة"},{"$i":"nocard3-text","$v":"أدخل بطاقة الذاكرة لمشاهدة الفيديو."},{"$i":"pluggedin-title","$v":"لا يمكن مشاهدة الفيديو بينما الجوَّال موصل"},{"$i":"pluggedin-text","$v":"إفصل الجوَّال لمشاهدة الفيديو"},{"$i":"upgrade-title","$v":"تحديث قاعدة البيانات"},{"$i":"upgrade-text","$v":"الرجاء الانتظار حتى يقوم الفيديو بتحديث قاعدة البيانات الخاصة به."},{"$i":"confirm-delete","$v":"هل أنت متأكد من حذف الفيديو:"},{"$i":"pick-title","$v":"اختر مقطع فيديو"},{"$i":"save","$v":"حفظ"},{"$i":"saved","$v":["تم حفظ ",{"t":"idOrVar","v":"title"}," للفيديو"]},{"$i":"save-failed","$v":"تعذر حفظ الفيديو، تُرجى المحاولة مرة أخرى."},{"$i":"error-network","$v":"تعذر تنزيل الفيديو بسبب خطأ في الشبكة."},{"$i":"error-unsupported","$v":"لا يمكن تشغيل الفيديو: ربما بسبب مشاكل في الشبكة أو أن إمتداد المقطع غير مدعوم"},{"$i":"error-unknown","$v":"حدث خطأ غير معروف في الفيديو."},{"$i":"video-hardware-in-use-title","$v":"لا يمكن تشغيل الفيديو"},{"$i":"video-hardware-in-use-text","$v":"هناك تطبيق آخر يستخدم مشغل الفيديو حاليًا."},{"$i":"overlay-cancel-button","$v":"ألغِ"},{"$i":"overlay-camera-button","$v":"الذهاب الى الكاميرا"},{"$i":"sd-storage-full-header","$v":"امتلاء بطاقة SD"},{"$i":"sd-storage-full-content","$v":"احذف ملفات في بطاقة SD لإخلاء مساحة."},{"$i":"phone-storage-full-header","$v":"مساحة تخزين الهاتف الجوال ممتلئة"},{"$i":"phone-storage-full-content","$v":"احذف ملفات الوسائط أو بيانات التطبيقات لإخلاء مساحة. كما يمكنك إدراج بطاقة SD لزيادة مساحة تخزين الوسائط."},{"$i":"name-label","$v":"الاسم"},{"$i":"length-label","$v":"الطول"},{"$i":"size-label","$v":"الحجم"},{"$i":"video-type-label","$v":"نوع الفيديو"},{"$i":"date-taken-label","$v":"تاريخ الأخذ"},{"$i":"resolution-label","$v":"الدقة"},{"$i":"close-button","$v":"إغلاق"},{"$i":"byteUnit-B","$v":"بايت"},{"$i":"byteUnit-KB","$v":"كيلوبايت"},{"$i":"byteUnit-MB","$v":"ميجابايت"},{"$i":"byteUnit-GB","$v":"ج.ب"},{"$i":"byteUnit-TB","$v":"تيرابايت"},{"$i":"byteUnit-PB","$v":"PB"},{"$i":"byteUnit-EB","$v":"EB"},{"$i":"byteUnit-ZB","$v":"ZB"},{"$i":"byteUnit-YB","$v":"YB"},{"$i":"date-group-header","$v":"%B %Y"},{"$i":"share","$v":"مشاركة"},{"$i":"more-info","$v":"مزيد من المعلومات"},{"$i":"delete","$v":"حذف"},{"$i":"video-button","ariaLabel":"فيديو"},{"$i":"select-button","ariaLabel":"تحديد"},{"$i":"delete-button","ariaLabel":"حذف"},{"$i":"share-button","ariaLabel":"مشاركة"},{"$i":"info-view","ariaLabel":"معلومات"},{"$i":"options-view","ariaLabel":"الخيارات"},{"$i":"confirm-dialog","ariaLabel":"تأكيد"},{"$i":"videos-list","ariaLabel":"مقاطع الفيديو"},{"$i":"options-more","ariaLabel":"المزيد"},{"$i":"seek-backward","ariaLabel":"بحث للخلف"},{"$i":"seek-bar","ariaLabel":["شريط البحث، المدة ",{"t":"idOrVar","v":"duration"}]},{"$i":"seek-forward","ariaLabel":"بحث للأمام"},{"$i":"play-button","ariaLabel":"تشغيل"},{"$i":"pause-button","ariaLabel":"إيقاف مؤقت"},{"$i":"fullscreen-button","ariaLabel":"ملء الشاشة"},{"$i":"show-controls-button","ariaLabel":"إظهار عناصر التحكم"},{"$i":"hide-controls-button","ariaLabel":"إخفاء عناصر التحكم"},{"$i":"confirmation-title","$v":"تأكيد"},{"$i":"n-video-deleted","$v":{"zero":"لم يتم تحديد أي شيء","one":"تم حذف الفيديو","few":["تم حذف ",{"t":"idOrVar","v":"n"}," مقطع فيديو"],"many":["تم حذف ",{"t":"idOrVar","v":"n"}," مقطع فيديو"],"other":["تم حذف ",{"t":"idOrVar","v":"n"}," مقطع فيديو"],"two":["تم حذف ",{"t":"idOrVar","v":"n"}," مقطع فيديو"]},"$x":[{"t":"idOrVar","v":"plural"},"n"]},{"$i":"rename-saved","$v":"تم حفظ التغييرات"},{"$i":"confirm-video","$v":"فيديو"},{"$i":"confirm-ok","$v":"موافق"},{"$i":"options-header","$v":"الخيارات"},{"$i":"video-invalid-name","$v":"اسم غير صالح"},{"$i":"name-already-exists","$v":"هذا الاسم موجود بالفعل"},{"$i":"override-warning-msg","$v":"هل ترغب في تجاوز الملف الموجود؟"},{"$i":"override","$v":"تجاوز"},{"$i":"opt-takevideo","$v":"الكاميرا"},{"$i":"select","$v":"تحديد"},{"$i":"opt-deselect","$v":"إلغاء تحديد"},{"$i":"opt-delete","$v":"حذف"},{"$i":"opt-rename","$v":"إعادة تسمية"},{"$i":"opt-selectmultiple","$v":"تحديد متعدد"},{"$i":"opt-fileinfo","$v":"معلومات الملف"},{"$i":"opt-selectall","$v":"الكل"},{"$i":"opt-deselectall","$v":"لا يوجد"},{"$i":"opt-fullscreen","$v":"ملء الشاشة"},{"$i":"opt-play","$v":"تشغيل"},{"$i":"opt-pause","$v":"إيقاف مؤقت"},{"$i":"opt-volume","$v":"مستوى الصوت"},{"$i":"opt-rotate","$v":"تدوير"},{"$i":"opt-cancel","$v":"ألغِ"},{"$i":"opt-settings","$v":"الإعدادات"},{"$i":"weekday-0-long","$v":"الأحد"},{"$i":"weekday-1-long","$v":"الإثنين"},{"$i":"weekday-2-long","$v":"الثلاثاء"},{"$i":"weekday-3-long","$v":"الأربعاء"},{"$i":"weekday-4-long","$v":"الخميس"},{"$i":"weekday-5-long","$v":"الجمعة"},{"$i":"weekday-6-long","$v":"السبت"},{"$i":"weekday-0-short","$v":"أحد"},{"$i":"weekday-1-short","$v":"إثنين"},{"$i":"weekday-2-short","$v":"ثلاثاء"},{"$i":"weekday-3-short","$v":"أربعاء"},{"$i":"weekday-4-short","$v":"خميس"},{"$i":"weekday-5-short","$v":"جمعة"},{"$i":"weekday-6-short","$v":"سبت"},{"$i":"month-0-long","$v":"يناير"},{"$i":"month-1-long","$v":"فبراير"},{"$i":"month-2-long","$v":"مارس"},{"$i":"month-3-long","$v":"أبريل"},{"$i":"month-4-long","$v":"مايو"},{"$i":"month-5-long","$v":"يونيو"},{"$i":"month-6-long","$v":"يوليو"},{"$i":"month-7-long","$v":"أغسطس"},{"$i":"month-8-long","$v":"سبتمبر"},{"$i":"month-9-long","$v":"أكتوبر"},{"$i":"month-10-long","$v":"نوفمبر"},{"$i":"month-11-long","$v":"ديسمبر"},{"$i":"month-0-genitive","$v":"يناير"},{"$i":"month-1-genitive","$v":"فبراير"},{"$i":"month-2-genitive","$v":"مارس"},{"$i":"month-3-genitive","$v":"أبريل"},{"$i":"month-4-genitive","$v":"مايو"},{"$i":"month-5-genitive","$v":"يونيو"},{"$i":"month-6-genitive","$v":"يوليو"},{"$i":"month-7-genitive","$v":"أغسطس"},{"$i":"month-8-genitive","$v":"سبتمبر"},{"$i":"month-9-genitive","$v":"أكتوبر"},{"$i":"month-10-genitive","$v":"نوفمبر"},{"$i":"month-11-genitive","$v":"ديسمبر"},{"$i":"month-0-short","$v":"يناير"},{"$i":"month-1-short","$v":"فبراير"},{"$i":"month-2-short","$v":"مارس"},{"$i":"month-3-short","$v":"ابريل"},{"$i":"month-4-short","$v":"مايو"},{"$i":"month-5-short","$v":"يونيو"},{"$i":"month-6-short","$v":"يوليو"},{"$i":"month-7-short","$v":"أغسطس"},{"$i":"month-8-short","$v":"سبتمبر"},{"$i":"month-9-short","$v":"أكتوبر"},{"$i":"month-10-short","$v":"نوفمبر"},{"$i":"month-11-short","$v":"ديسمبر"},{"$i":"minutes-ago-long","$v":{"few":["منذ ",{"t":"idOrVar","v":"value"}," دقائق"],"many":["منذ ",{"t":"idOrVar","v":"value"}," دقائق"],"other":["منذ ",{"t":"idOrVar","v":"value"}," دقائق"],"two":["منذ ",{"t":"idOrVar","v":"value"}," دقائق"],"one":"منذ دقيقة","zero":"للتو"},"$x":[{"t":"idOrVar","v":"plural"},"value"]},{"$i":"hours-ago-long","$v":{"few":["منذ ",{"t":"idOrVar","v":"value"}," ساعات"],"many":["منذ ",{"t":"idOrVar","v":"value"}," ساعات"],"other":["منذ ",{"t":"idOrVar","v":"value"}," ساعات"],"two":["منذ ",{"t":"idOrVar","v":"value"}," ساعات"],"one":"قبل ساعة واحدة","zero":"للتو"},"$x":[{"t":"idOrVar","v":"plural"},"value"]},{"$i":"days-ago-long","$v":{"few":["منذ ",{"t":"idOrVar","v":"value"}," أيام"],"many":["منذ ",{"t":"idOrVar","v":"value"}," أيام"],"one":"الأمس","other":["منذ ",{"t":"idOrVar","v":"value"}," أيام"],"two":["منذ ",{"t":"idOrVar","v":"value"}," أيام"],"zero":"اليوم"},"$x":[{"t":"idOrVar","v":"plural"},"value"]},{"$i":"weeks-ago-long","$v":{"few":["منذ ",{"t":"idOrVar","v":"value"}," أسابيع"],"many":["منذ ",{"t":"idOrVar","v":"value"}," أسابيع"],"one":"الأسبوع الماضي","other":["منذ ",{"t":"idOrVar","v":"value"}," أسابيع"],"two":["منذ ",{"t":"idOrVar","v":"value"}," أسابيع"],"zero":"هذا الأسبوع"},"$x":[{"t":"idOrVar","v":"plural"},"value"]},{"$i":"months-ago-long","$v":{"few":["منذ ",{"t":"idOrVar","v":"value"}," أشهر"],"many":["منذ ",{"t":"idOrVar","v":"value"}," أشهر"],"one":"الشهر الماضي","other":["منذ ",{"t":"idOrVar","v":"value"}," أشهر"],"two":["منذ ",{"t":"idOrVar","v":"value"}," أشهر"],"zero":"هذا الشهر"},"$x":[{"t":"idOrVar","v":"plural"},"value"]},{"$i":"years-ago-long","$v":{"few":["منذ ",{"t":"idOrVar","v":"value"}," سنوات"],"many":["منذ ",{"t":"idOrVar","v":"value"}," سنوات"],"one":"السنة الماضية","other":["منذ ",{"t":"idOrVar","v":"value"}," سنوات"],"two":["منذ ",{"t":"idOrVar","v":"value"}," سنوات"],"zero":"هذه السنة"},"$x":[{"t":"idOrVar","v":"plural"},"value"]},{"$i":"minutes-until-long","$v":{"few":["خلال ",{"t":"idOrVar","v":"value"}," دقائق"],"many":["خلال ",{"t":"idOrVar","v":"value"}," دقائق"],"other":["خلال ",{"t":"idOrVar","v":"value"}," دقائق"],"two":["خلال ",{"t":"idOrVar","v":"value"}," دقائق"],"zero":"الآن","one":"خلال دقيقة"},"$x":[{"t":"idOrVar","v":"plural"},"value"]},{"$i":"hours-until-long","$v":{"few":["خلال ",{"t":"idOrVar","v":"value"}," ساعات"],"many":["خلال ",{"t":"idOrVar","v":"value"}," ساعات"],"other":["خلال ",{"t":"idOrVar","v":"value"}," ساعات"],"two":["خلال ",{"t":"idOrVar","v":"value"}," ساعات"],"zero":"الآن","one":"خلال ساعة"},"$x":[{"t":"idOrVar","v":"plural"},"value"]},{"$i":"days-until-long","$v":{"few":["خلال ",{"t":"idOrVar","v":"value"}," أيام"],"many":["خلال ",{"t":"idOrVar","v":"value"}," أيام"],"one":"غداً","other":["خلال ",{"t":"idOrVar","v":"value"}," أيام"],"two":["خلال ",{"t":"idOrVar","v":"value"}," أيام"],"zero":"اليوم"},"$x":[{"t":"idOrVar","v":"plural"},"value"]},{"$i":"weeks-until-long","$v":{"few":["خلال ",{"t":"idOrVar","v":"value"}," أسابيع"],"many":["خلال ",{"t":"idOrVar","v":"value"}," أسابيع"],"one":"الأسبوع القادم","other":["خلال ",{"t":"idOrVar","v":"value"}," أسابيع"],"two":["خلال ",{"t":"idOrVar","v":"value"}," أسابيع"],"zero":"هذا الأسبوع"},"$x":[{"t":"idOrVar","v":"plural"},"value"]},{"$i":"months-until-long","$v":{"few":["خلال ",{"t":"idOrVar","v":"value"}," شهور"],"many":["خلال ",{"t":"idOrVar","v":"value"}," شهور"],"one":"الشهر القادم","other":["خلال ",{"t":"idOrVar","v":"value"}," شهور"],"two":["خلال ",{"t":"idOrVar","v":"value"}," شهور"],"zero":"هذا الشهر"},"$x":[{"t":"idOrVar","v":"plural"},"value"]},{"$i":"years-until-long","$v":{"few":["خلال ",{"t":"idOrVar","v":"value"}," سنوات"],"many":["خلال ",{"t":"idOrVar","v":"value"}," سنوات"],"one":"السنة القادمة","other":["خلال ",{"t":"idOrVar","v":"value"}," سنوات"],"two":["خلال ",{"t":"idOrVar","v":"value"}," سنوات"],"zero":"هذه السنة"},"$x":[{"t":"idOrVar","v":"plural"},"value"]},{"$i":"minutes-ago-short","$v":{"other":["منذ ",{"t":"idOrVar","v":"value"}," دقيقة"],"zero":"للتو"},"$x":[{"t":"idOrVar","v":"plural"},"value"]},{"$i":"hours-ago-short","$v":{"other":["منذ ",{"t":"idOrVar","v":"value"}," س"],"zero":"للتو"},"$x":[{"t":"idOrVar","v":"plural"},"value"]},{"$i":"days-ago-short","$v":{"other":["منذ ",{"t":"idOrVar","v":"value"}," ي"],"zero":"اليوم"},"$x":[{"t":"idOrVar","v":"plural"},"value"]},{"$i":"minutes-until-short","$v":{"other":["خلال ",{"t":"idOrVar","v":"value"}," د"],"zero":"الآن"},"$x":[{"t":"idOrVar","v":"plural"},"value"]},{"$i":"hours-until-short","$v":{"other":["خلال ",{"t":"idOrVar","v":"value"}," س"],"zero":"الآن"},"$x":[{"t":"idOrVar","v":"plural"},"value"]},{"$i":"days-until-short","$v":{"other":["خلال ",{"t":"idOrVar","v":"value"}," ي"],"zero":"اليوم"},"$x":[{"t":"idOrVar","v":"plural"},"value"]},{"$i":"incorrectDate","$v":"(تاريخ غير صحيح)"},{"$i":"dateTimeFormat_%c","$v":"%a %e %b %Y %I:%M:%S %p"},{"$i":"dateTimeFormat_%x","$v":"%Y/%m/%d"},{"$i":"dateTimeFormat_%X","$v":"%I:%M:%S %p"},{"$i":"shortTimeFormat","$v":"%I:%M %p"},{"$i":"shortTimeFormat12","$v":"%I:%M %p"},{"$i":"shortTimeFormat24","$v":"%H:%M"},{"$i":"shortDateTimeFormat","$v":"%x %I:%M %p"},{"$i":"weekStartsOnMonday","$v":"0.0"},{"$i":"firstDayOfTheWeek","$v":"0.0"},{"$i":"time_am","$v":"ص"},{"$i":"time_pm","$v":"م"},{"$i":"softkey-options","$v":"الخيارات"}]