[{"$i":"done","$v":"Гатова"},{"$i":"number-selected2","$v":{"few":[{"t":"idOrVar","v":"n"}," выбрана"],"many":[{"t":"idOrVar","v":"n"}," выбрана"],"one":[{"t":"idOrVar","v":"n"}," выбрана"],"other":[{"t":"idOrVar","v":"n"}," выбрана"],"two":[{"t":"idOrVar","v":"n"}," выбрана"],"zero":[{"t":"idOrVar","v":"n"}," выбрана"]},"$x":[{"t":"idOrVar","v":"plural"},"n"]},{"$i":"delete-n-items?","$v":{"few":["Выдаліць ",{"t":"idOrVar","v":"n"}," відэа?"],"many":["Выдаліць ",{"t":"idOrVar","v":"n"}," відэа?"],"one":"Выдаліць выбранае відэа?","other":["Выдаліць ",{"t":"idOrVar","v":"n"}," відэа?"],"two":["Выдаліць ",{"t":"idOrVar","v":"n"}," відэа?"],"zero":"Нічога не выбрана"},"$x":[{"t":"idOrVar","v":"plural"},"n"]},{"$i":"not-load-video-time","$v":"--:--"},{"$i":"video-time-num","$v":["0",{"t":"idOrVar","v":"num"}]},{"$i":"video-time-minute","$v":[{"t":"idOrVar","v":"owe"},{"t":"idOrVar","v":"m"},":",{"t":"idOrVar","v":"s"}]},{"$i":"video-time-hour","$v":[{"t":"idOrVar","v":"owe"},{"t":"idOrVar","v":"h"},":",{"t":"idOrVar","v":"m"},":",{"t":"idOrVar","v":"s"}]},{"$i":"share-noprovider","$v":"Пасп. абаг. адно відэа за раз."},{"$i":"videos","$v":"Відэа"},{"$i":"cancel","$v":"Скасаваць"},{"$i":"delete-video?","$v":"Выдаліць выбранае відэа?"},{"$i":"empty-title","$v":"Дадаць відэа для пачатку"},{"$i":"empty-text","$v":"Няма даступных відэа."},{"$i":"empty-content","$v":"Няма відэа. Каб пачаць, выкарыстоўвайце камеру."},{"$i":"search-title","$v":"Скануецца"},{"$i":"search-content","$v":"Скануецца"},{"$i":"nocard2-title","$v":"Картка памяці не знойдзена"},{"$i":"nocard3-text","$v":"Картка памяці не знойдзена. Устаўце картку памяці, каб здымаць відэа."},{"$i":"pluggedin-title","$v":"Немагчыма прайграваць відэа, калі прылада падключана"},{"$i":"pluggedin-text","$v":"Сховішча выкарыстоўваецца. Адключыце тэлефон, каб рабіць відэа."},{"$i":"upgrade-title","$v":"Абнаўлены базы даных"},{"$i":"upgrade-text","$v":"Пач. пак. Відэа абн. базу даных."},{"$i":"confirm-delete","$v":"Напэўна хочаце выдаліць:"},{"$i":"pick-title","$v":"Выбраць відэа"},{"$i":"save","$v":"Захаваць"},{"$i":"saved","$v":"захавана ў відэабібл."},{"$i":"save-failed","$v":"Не ўдаецца захав. відэа, паўт. спробу."},{"$i":"error-network","$v":"Немагч. спамп. відэа з-за пам. сеткі."},{"$i":"error-unsupported","$v":"Немагчыма прайграць відэа: так як адблася памылка сервера або сеткі ці таму, што фармат не падтрымліваецца."},{"$i":"error-unknown","$v":"Адб. невяд. пам. відэа."},{"$i":"video-hardware-in-use-title","$v":"Немагчыма прайграць відэа"},{"$i":"video-hardware-in-use-text","$v":"Інш. прагр. карыс. плэер."},{"$i":"overlay-cancel-button","$v":"Скасаваць"},{"$i":"overlay-camera-button","$v":"Перайсці на камеру"},{"$i":"sd-storage-full-header","$v":"SD-карта поўная."},{"$i":"sd-storage-full-content","$v":"Каб вызв. месца, выдал. файлы на SD-карце."},{"$i":"phone-storage-full-header","$v":"Сховішча тэлефона поўнае."},{"$i":"phone-storage-full-content","$v":"Каб вызв. месца, выдал. медыяфайлы або даныя праграм. Каб павял. сховішча медыя, можна ўставіць SD-карту."},{"$i":"name-label","$v":"Імя"},{"$i":"length-label","$v":"Даўжыня"},{"$i":"size-label","$v":"Памер"},{"$i":"video-type-label","$v":"Тып відэа"},{"$i":"date-taken-label","$v":"Узята дата"},{"$i":"resolution-label","$v":"Разрозненне"},{"$i":"close-button","$v":"Закрыць"},{"$i":"byteUnit-B","$v":"Байты"},{"$i":"byteUnit-KB","$v":"КБ"},{"$i":"byteUnit-MB","$v":"МБ"},{"$i":"byteUnit-GB","$v":"ГБ"},{"$i":"byteUnit-TB","$v":"ТБ"},{"$i":"byteUnit-PB","$v":"PB"},{"$i":"byteUnit-EB","$v":"EB"},{"$i":"byteUnit-ZB","$v":"ZB"},{"$i":"byteUnit-YB","$v":"ГН"},{"$i":"date-group-header","$v":"%B %Y"},{"$i":"share","$v":"Абагуліць"},{"$i":"more-info","$v":"Больш інфармацыі"},{"$i":"delete","$v":"Выдаліць"},{"$i":"video-button","ariaLabel":"Відэа"},{"$i":"select-button","ariaLabel":"Выбраць"},{"$i":"delete-button","ariaLabel":"Выдаліць"},{"$i":"share-button","ariaLabel":"Абагуліць"},{"$i":"info-view","ariaLabel":"Інфармацыя"},{"$i":"options-view","ariaLabel":"Опцыі"},{"$i":"confirm-dialog","ariaLabel":"Пацвердзіць"},{"$i":"videos-list","ariaLabel":"Відэа"},{"$i":"options-more","ariaLabel":"Яшчэ"},{"$i":"seek-backward","ariaLabel":"Шукаць ззаду"},{"$i":"seek-bar","ariaLabel":["Пан. пошуку, прац. ",{"t":"idOrVar","v":"duration"}]},{"$i":"seek-forward","ariaLabel":"Пошук напер."},{"$i":"play-button","ariaLabel":"Прайграваць"},{"$i":"pause-button","ariaLabel":"Паўза"},{"$i":"fullscreen-button","ariaLabel":"На ўвесь экран"},{"$i":"show-controls-button","ariaLabel":"Паказаць кіраванне"},{"$i":"hide-controls-button","ariaLabel":"Схаваць кіраванне"},{"$i":"confirmation-title","$v":"Пацверджанне"},{"$i":"n-video-deleted","$v":{"zero":"Нічога не выбрана","one":"Відэа выдалена.","few":["Выдалена відэа ",{"t":"idOrVar","v":"n"},"."],"many":["Выдалена відэа ",{"t":"idOrVar","v":"n"},"."],"other":["Выдалена відэа ",{"t":"idOrVar","v":"n"},"."],"two":["Выдалена відэа ",{"t":"idOrVar","v":"n"},"."]},"$x":[{"t":"idOrVar","v":"plural"},"n"]},{"$i":"rename-saved","$v":"Змены захаваны"},{"$i":"confirm-video","$v":"Відэа"},{"$i":"confirm-ok","$v":"ОК"},{"$i":"options-header","$v":"Опцыі"},{"$i":"video-invalid-name","$v":"Няправільнае імя"},{"$i":"name-already-exists","$v":"Гэта імя ўжо існуе"},{"$i":"override-warning-msg","$v":"Перазапісаць існуючы файл?"},{"$i":"override","$v":"Замяніць"},{"$i":"opt-takevideo","$v":"Камера"},{"$i":"select","$v":"Выбраць"},{"$i":"opt-deselect","$v":"Адмяніць выбар"},{"$i":"opt-delete","$v":"Выдаліць"},{"$i":"opt-rename","$v":"Перайменаваць"},{"$i":"opt-selectmultiple","$v":"Выбраць некалькі"},{"$i":"opt-fileinfo","$v":"Інфармацыя аб файле"},{"$i":"opt-selectall","$v":"Выбраць усе"},{"$i":"opt-deselectall","$v":"Адмяніць выбар усяго"},{"$i":"opt-fullscreen","$v":"На ўвесь экран"},{"$i":"opt-play","$v":"Прайграваць"},{"$i":"opt-pause","$v":"Паўза"},{"$i":"opt-volume","$v":"Гучнасць"},{"$i":"opt-rotate","$v":"Паварочваць"},{"$i":"opt-cancel","$v":"Скасаваць"},{"$i":"opt-settings","$v":"Настройкі"},{"$i":"weekday-0-long","$v":"Нядзеля"},{"$i":"weekday-1-long","$v":"Панядзелак"},{"$i":"weekday-2-long","$v":"Аўторак"},{"$i":"weekday-3-long","$v":"Серада"},{"$i":"weekday-4-long","$v":"Чацвер"},{"$i":"weekday-5-long","$v":"Пятніца"},{"$i":"weekday-6-long","$v":"Субота"},{"$i":"weekday-0-short","$v":"Нядз"},{"$i":"weekday-1-short","$v":"Пан"},{"$i":"weekday-2-short","$v":"Аўт"},{"$i":"weekday-3-short","$v":"Сер"},{"$i":"weekday-4-short","$v":"Чацв"},{"$i":"weekday-5-short","$v":"Пят"},{"$i":"weekday-6-short","$v":"Суб"},{"$i":"month-0-long","$v":"Студзень"},{"$i":"month-1-long","$v":"Люты"},{"$i":"month-2-long","$v":"Сакавік"},{"$i":"month-3-long","$v":"Красавік"},{"$i":"month-4-long","$v":"Май"},{"$i":"month-5-long","$v":"Чэрвень"},{"$i":"month-6-long","$v":"Ліпень"},{"$i":"month-7-long","$v":"Жнівень"},{"$i":"month-8-long","$v":"Верасень"},{"$i":"month-9-long","$v":"Кастрычнік"},{"$i":"month-10-long","$v":"Лістапад"},{"$i":"month-11-long","$v":"Снежань"},{"$i":"month-0-genitive","$v":"Студзень"},{"$i":"month-1-genitive","$v":"Люты"},{"$i":"month-2-genitive","$v":"Сакавік"},{"$i":"month-3-genitive","$v":"Красавік"},{"$i":"month-4-genitive","$v":"Май"},{"$i":"month-5-genitive","$v":"Чэрвень"},{"$i":"month-6-genitive","$v":"Ліпень"},{"$i":"month-7-genitive","$v":"Жнівень"},{"$i":"month-8-genitive","$v":"Верасень"},{"$i":"month-9-genitive","$v":"Кастрычнік"},{"$i":"month-10-genitive","$v":"Лістапад"},{"$i":"month-11-genitive","$v":"Снежань"},{"$i":"month-0-short","$v":"Сту"},{"$i":"month-1-short","$v":"Лют"},{"$i":"month-2-short","$v":"Сак"},{"$i":"month-3-short","$v":"Кра"},{"$i":"month-4-short","$v":"Май"},{"$i":"month-5-short","$v":"Чэр"},{"$i":"month-6-short","$v":"Ліп"},{"$i":"month-7-short","$v":"Жні"},{"$i":"month-8-short","$v":"Вер"},{"$i":"month-9-short","$v":"Кас"},{"$i":"month-10-short","$v":"Ліс"},{"$i":"month-11-short","$v":"Снж"},{"$i":"minutes-ago-long","$v":{"few":["Хвілін таму: ",{"t":"idOrVar","v":"value"}],"many":["Хвілін таму: ",{"t":"idOrVar","v":"value"}],"other":["Хвілін таму: ",{"t":"idOrVar","v":"value"}],"two":["Хвілін таму: ",{"t":"idOrVar","v":"value"}],"one":"хвіліну таму","zero":"толькі цяпер"},"$x":[{"t":"idOrVar","v":"plural"},"n"]},{"$i":"hours-ago-long","$v":{"few":["Гадзін таму: ",{"t":"idOrVar","v":"value"}],"many":["Гадзін таму: ",{"t":"idOrVar","v":"value"}],"other":["Гадзін таму: ",{"t":"idOrVar","v":"value"}],"two":["Гадзін таму: ",{"t":"idOrVar","v":"value"}],"one":"1 час назад","zero":"толькі цяпер"},"$x":[{"t":"idOrVar","v":"plural"},"n"]},{"$i":"days-ago-long","$v":{"few":["Дзён таму: ",{"t":"idOrVar","v":"value"}],"many":["Дзён таму: ",{"t":"idOrVar","v":"value"}],"one":"учора","other":["Дзён таму: ",{"t":"idOrVar","v":"value"}],"two":["Дзён таму: ",{"t":"idOrVar","v":"value"}],"zero":"сёння"},"$x":[{"t":"idOrVar","v":"plural"},"n"]},{"$i":"weeks-ago-long","$v":{"few":["Тыдняў таму: ",{"t":"idOrVar","v":"value"}],"many":["Тыдняў таму: ",{"t":"idOrVar","v":"value"}],"one":"на мінулым тыдні","other":["Тыдняў таму: ",{"t":"idOrVar","v":"value"}],"two":["Тыдняў таму: ",{"t":"idOrVar","v":"value"}],"zero":"на гэтым тыдні"},"$x":[{"t":"idOrVar","v":"plural"},"n"]},{"$i":"months-ago-long","$v":{"few":["Месяцаў таму: ",{"t":"idOrVar","v":"value"}],"many":["Месяцаў таму: ",{"t":"idOrVar","v":"value"}],"one":"у мінулым месяцы","other":["Месяцаў таму: ",{"t":"idOrVar","v":"value"}],"two":["Месяцаў таму: ",{"t":"idOrVar","v":"value"}],"zero":"у гэтым месяцы"},"$x":[{"t":"idOrVar","v":"plural"},"n"]},{"$i":"years-ago-long","$v":{"few":["Гадоў таму: ",{"t":"idOrVar","v":"value"}],"many":["Гадоў таму: ",{"t":"idOrVar","v":"value"}],"one":"у мінулым годзе","other":["Гадоў таму: ",{"t":"idOrVar","v":"value"}],"two":["Гадоў таму: ",{"t":"idOrVar","v":"value"}],"zero":"у гэтым годзе"},"$x":[{"t":"idOrVar","v":"plural"},"n"]},{"$i":"minutes-until-long","$v":{"few":["праз ",{"t":"idOrVar","v":"value"}," хвілін(-ы)"],"many":["праз ",{"t":"idOrVar","v":"value"}," хвілін(-ы)"],"other":["праз ",{"t":"idOrVar","v":"value"}," хвілін(-ы)"],"two":["праз ",{"t":"idOrVar","v":"value"}," хвілін(-ы)"],"zero":"цяпер","one":"праз 1 хвіліну"},"$x":[{"t":"idOrVar","v":"plural"},"n"]},{"$i":"hours-until-long","$v":{"few":["праз ",{"t":"idOrVar","v":"value"}," гадзін(-ы)"],"many":["праз ",{"t":"idOrVar","v":"value"}," гадзін(-ы)"],"other":["праз ",{"t":"idOrVar","v":"value"}," гадзін(-ы)"],"two":["праз ",{"t":"idOrVar","v":"value"}," гадзін(-ы)"],"zero":"цяпер","one":"праз 1 гадзіну"},"$x":[{"t":"idOrVar","v":"plural"},"n"]},{"$i":"days-until-long","$v":{"few":["праз ",{"t":"idOrVar","v":"value"}," дні(дзён)"],"many":["праз ",{"t":"idOrVar","v":"value"}," дні(дзён)"],"one":"заўтра","other":["праз ",{"t":"idOrVar","v":"value"}," дні(дзён)"],"two":["праз ",{"t":"idOrVar","v":"value"}," дні(дзён)"],"zero":"сёння"},"$x":[{"t":"idOrVar","v":"plural"},"n"]},{"$i":"weeks-until-long","$v":{"few":["праз ",{"t":"idOrVar","v":"value"}," тыдні(-яў)"],"many":["праз ",{"t":"idOrVar","v":"value"}," тыдні(-яў)"],"one":"на наступным тыдні","other":["праз ",{"t":"idOrVar","v":"value"}," тыдні(-яў)"],"two":["праз ",{"t":"idOrVar","v":"value"}," тыдні(-яў)"],"zero":"на гэтым тыдні"},"$x":[{"t":"idOrVar","v":"plural"},"n"]},{"$i":"months-until-long","$v":{"few":["праз ",{"t":"idOrVar","v":"value"}," месяц(-аў)"],"many":["праз ",{"t":"idOrVar","v":"value"}," месяц(-аў)"],"one":"у наступным месяцы","other":["праз ",{"t":"idOrVar","v":"value"}," месяц(-аў)"],"two":["праз ",{"t":"idOrVar","v":"value"}," месяц(-аў)"],"zero":"у гэтым месяцы"},"$x":[{"t":"idOrVar","v":"plural"},"n"]},{"$i":"years-until-long","$v":{"few":["праз ",{"t":"idOrVar","v":"value"}," гады (год)"],"many":["праз ",{"t":"idOrVar","v":"value"}," гады (год)"],"one":"у наступным годзе","other":["праз ",{"t":"idOrVar","v":"value"}," гады (год)"],"two":["праз ",{"t":"idOrVar","v":"value"}," гады (год)"],"zero":"у гэтым годзе"},"$x":[{"t":"idOrVar","v":"plural"},"n"]},{"$i":"minutes-ago-short","$v":{"other":[{"t":"idOrVar","v":"value"},"хв таму"],"zero":"толькі цяпер"},"$x":[{"t":"idOrVar","v":"plural"},"n"]},{"$i":"hours-ago-short","$v":{"other":[{"t":"idOrVar","v":"value"},"гадз таму"],"zero":"толькі цяпер"},"$x":[{"t":"idOrVar","v":"plural"},"n"]},{"$i":"days-ago-short","$v":{"other":[{"t":"idOrVar","v":"value"},"д таму"],"zero":"сёння"},"$x":[{"t":"idOrVar","v":"plural"},"n"]},{"$i":"minutes-until-short","$v":{"other":["праз ",{"t":"idOrVar","v":"value"},"хв"],"zero":"цяпер"},"$x":[{"t":"idOrVar","v":"plural"},"n"]},{"$i":"hours-until-short","$v":{"other":["праз ",{"t":"idOrVar","v":"value"},"гадз"],"zero":"цяпер"},"$x":[{"t":"idOrVar","v":"plural"},"n"]},{"$i":"days-until-short","$v":{"other":["праз ",{"t":"idOrVar","v":"value"},"д"],"zero":"сёння"},"$x":[{"t":"idOrVar","v":"plural"},"n"]},{"$i":"incorrectDate","$v":"(няправільная дата)"},{"$i":"dateTimeFormat_%c","$v":"%a %b %e %Y %I:%M:%S %p"},{"$i":"dateTimeFormat_%x","$v":"%m/%d/%Y"},{"$i":"dateTimeFormat_%X","$v":"%I:%M:%S %p"},{"$i":"shortTimeFormat","$v":"%I:%M %p"},{"$i":"shortTimeFormat12","$v":"%I:%M %p"},{"$i":"shortTimeFormat24","$v":"%H:%M"},{"$i":"shortDateTimeFormat","$v":"%x %I:%M %p"},{"$i":"weekStartsOnMonday","$v":"0.0"},{"$i":"firstDayOfTheWeek","$v":"1.0"},{"$i":"time_am","$v":"Ран."},{"$i":"time_pm","$v":"PM"},{"$i":"softkey-options","$v":"Параметры"}]