[{"$i":"done","$v":"সম্পূর্ণ হয়েছে"},{"$i":"number-selected2","$v":{"few":[{"t":"idOrVar","v":"n"},"টি নির্বাচিত"],"many":[{"t":"idOrVar","v":"n"},"টি নির্বাচিত"],"one":[{"t":"idOrVar","v":"n"},"টি নির্বাচিত"],"other":[{"t":"idOrVar","v":"n"},"টি নির্বাচিত"],"two":[{"t":"idOrVar","v":"n"},"টি নির্বাচিত"],"zero":[{"t":"idOrVar","v":"n"},"টি নির্বাচিত"]},"$x":[{"t":"idOrVar","v":"plural"},"n"]},{"$i":"delete-n-items?","$v":{"few":[{"t":"idOrVar","v":"n"},"টি ভিডিও মুছবেন?"],"many":[{"t":"idOrVar","v":"n"},"টি ভিডিও মুছবেন?"],"one":"নির্বাচিত ভিডিও মুছবেন?","other":[{"t":"idOrVar","v":"n"},"টি ভিডিও মুছবেন?"],"two":[{"t":"idOrVar","v":"n"},"টি ভিডিও মুছবেন?"],"zero":"নির্বাচিত কিছুই"},"$x":[{"t":"idOrVar","v":"plural"},"n"]},{"$i":"not-load-video-time","$v":"--:--"},{"$i":"video-time-num","$v":["0",{"t":"idOrVar","v":"num"}]},{"$i":"video-time-minute","$v":[{"t":"idOrVar","v":"owe"},{"t":"idOrVar","v":"m"},":",{"t":"idOrVar","v":"s"}]},{"$i":"video-time-hour","$v":[{"t":"idOrVar","v":"owe"},{"t":"idOrVar","v":"h"},":",{"t":"idOrVar","v":"m"},":",{"t":"idOrVar","v":"s"}]},{"$i":"share-noprovider","$v":"এক সময়ে একটি ভিডিও শেয়ার করার চেষ্টা করুন।"},{"$i":"videos","$v":"ভিডিও"},{"$i":"cancel","$v":"বাতিল করুন"},{"$i":"delete-video?","$v":"নির্বাচিত ভিডিও মুছবেন?"},{"$i":"empty-title","$v":"শুরু করার জন্য ভিডিওগুলি যোগ করুন"},{"$i":"empty-text","$v":"কোন ভিডিও উপলব্ধ নেই।"},{"$i":"empty-content","$v":"ভিডিওটি খালি আছে। শুরু করতে ক্যামেরা ব্যবহার করুন।"},{"$i":"search-title","$v":"স্ক্যানিং"},{"$i":"search-content","$v":"স্ক্যানিং"},{"$i":"nocard2-title","$v":"কোন মেমরি কার্ড খুঁজে পাওয়া যায়নি"},{"$i":"nocard3-text","$v":"‎মেমরি কার্ড খুঁজে পাওয়া যাচ্ছে না। অনুগ্রহ করে ভিডিও তোলার জন্য একটি মেমরি কার্ড ঢোকান।"},{"$i":"pluggedin-title","$v":"প্ল্যাগ ইন থাকার সময় ভিডিও প্লে করা যাবে না"},{"$i":"pluggedin-text","$v":"সঞ্চয়স্থান বর্তমানে ব্যবহার হচ্ছে। অনুগ্রহ করে ভিডিও করতে ফোনটি আনপ্ল্যাগ করুন।"},{"$i":"upgrade-title","$v":"ডেটাবেস আপগ্রেড"},{"$i":"upgrade-text","$v":"ভিডিও তার ডেটাবেস আপডেট করার সময় অনুগ্রহ করে অপেক্ষা করুন।"},{"$i":"confirm-delete","$v":"আপনি কি এটি মুছে দেওয়ার ব্যাপারে নিশ্চিত:"},{"$i":"pick-title","$v":"একটি ভিডিও চয়ন করুন"},{"$i":"save","$v":"সংরক্ষণ করুন"},{"$i":"saved","$v":"ভিডিও লাইব্রেরিতে সংরক্ষণ করা হয়েছে।"},{"$i":"save-failed","$v":"ভিডিও সংরক্ষণ হচ্ছে না, অনুগ্রহ করে আবার চেষ্টা করুন।"},{"$i":"error-network","$v":"নেটওয়ার্ক ত্রুটির কারণে ভিডিও ডাউনলোড করা যাবে না।"},{"$i":"error-unsupported","$v":"ভিডিও চালানো যাবে না: কারণ সার্ভার বা নেটওয়ার্ক ব্যর্থ অথবা ফর্ম্যাট সমর্থিত নয়।"},{"$i":"error-unknown","$v":"একটি ভিডিও ত্রুটি ঘটেছে।"},{"$i":"video-hardware-in-use-title","$v":"ভিডিও প্লে করা যাবে না"},{"$i":"video-hardware-in-use-text","$v":"আরেকটি অ্যাপ বর্তমানে ভিডিও প্লেয়ার ব্যবহার করছে।"},{"$i":"overlay-cancel-button","$v":"বাতিল করুন"},{"$i":"overlay-camera-button","$v":"ক্যামেরায় যান"},{"$i":"sd-storage-full-header","$v":"SD কার্ড পূর্ণ হয়ে গেছে।"},{"$i":"sd-storage-full-content","$v":"স্থান খালি করতে SD কার্ডের ফাইলগুলি মুছুন।"},{"$i":"phone-storage-full-header","$v":"ফোনের সঞ্চয়স্থান পূর্ণ।"},{"$i":"phone-storage-full-content","$v":"স্থান খালি করতে মিডিয়া ফাইলগুলি বা অ্যাপ ডেটা মুছুন। এছাড়াও মিডিয়া সঞ্চয়স্থান বাড়াতে একটি SD কার্ড প্রবেশ করান।"},{"$i":"name-label","$v":"নাম"},{"$i":"length-label","$v":"দৈর্ঘ্য"},{"$i":"size-label","$v":"আকার"},{"$i":"video-type-label","$v":"ভিডিওয়ের প্রকার"},{"$i":"date-taken-label","$v":"তারিখ নেওয়া হয়েছে"},{"$i":"resolution-label","$v":"রিজোলিউশন"},{"$i":"close-button","$v":"বন্ধ করুন"},{"$i":"byteUnit-B","$v":"বাইট"},{"$i":"byteUnit-KB","$v":"KB"},{"$i":"byteUnit-MB","$v":"MB"},{"$i":"byteUnit-GB","$v":"GB"},{"$i":"byteUnit-TB","$v":"TB"},{"$i":"byteUnit-PB","$v":"PB"},{"$i":"byteUnit-EB","$v":"EB"},{"$i":"byteUnit-ZB","$v":"ZB"},{"$i":"byteUnit-YB","$v":"YB"},{"$i":"date-group-header","$v":"%B %Y"},{"$i":"share","$v":"ভাগ করুন"},{"$i":"more-info","$v":"আরো তথ্য"},{"$i":"delete","$v":"মুছুন"},{"$i":"video-button","ariaLabel":"ভিডিও"},{"$i":"select-button","ariaLabel":"নির্বাচন করুন"},{"$i":"delete-button","ariaLabel":"মুছুন"},{"$i":"share-button","ariaLabel":"ভাগ করুন"},{"$i":"info-view","ariaLabel":"তথ্য"},{"$i":"options-view","ariaLabel":"বিকল্প"},{"$i":"confirm-dialog","ariaLabel":"নিশ্চিত করুন"},{"$i":"videos-list","ariaLabel":"ভিডিও"},{"$i":"options-more","ariaLabel":"আরো"},{"$i":"seek-backward","ariaLabel":"পিছনে টানুন"},{"$i":"seek-bar","ariaLabel":["বার, মেয়াদ খুঁজুন ",{"t":"idOrVar","v":"duration"}]},{"$i":"seek-forward","ariaLabel":"সামনে খুঁজুন"},{"$i":"play-button","ariaLabel":"প্লে করুন"},{"$i":"pause-button","ariaLabel":"বিরাম দিন"},{"$i":"fullscreen-button","ariaLabel":"পূর্ণস্ক্রীন"},{"$i":"show-controls-button","ariaLabel":"নিয়ন্ত্রণ দেখান"},{"$i":"hide-controls-button","ariaLabel":"নিয়ন্ত্রণগুলি লুকোন"},{"$i":"confirmation-title","$v":"নিশ্চিতকরণ"},{"$i":"n-video-deleted","$v":{"zero":"নির্বাচিত কিছুই","one":"ভিডিও মোছা হয়েছে।","few":[{"t":"idOrVar","v":"n"}," টি ভিডিও মোছা হয়েছে।"],"many":[{"t":"idOrVar","v":"n"},"টি ভিডিও মোছা হয়েছে।"],"other":[{"t":"idOrVar","v":"n"},"টি ভিডিও মোছা হয়েছে।"],"two":[{"t":"idOrVar","v":"n"},"টি ভিডিও মোছা হয়েছে।"]},"$x":[{"t":"idOrVar","v":"plural"},"n"]},{"$i":"rename-saved","$v":"পরিবর্তনগুলো সংরক্ষণ করা হয়েছে"},{"$i":"confirm-video","$v":"ভিডিও"},{"$i":"confirm-ok","$v":"ঠিক আছে"},{"$i":"options-header","$v":"বিকল্প"},{"$i":"video-invalid-name","$v":"অবৈধ নাম"},{"$i":"name-already-exists","$v":"এই নামটি ইতিমধ্যেই বিদ্যমান"},{"$i":"override-warning-msg","$v":"আপনি কি বিদ্যমান ফাইল ওভাররাইড করতে চান?"},{"$i":"override","$v":"ওভাররাইড"},{"$i":"opt-takevideo","$v":"ক্যামেরা"},{"$i":"select","$v":"নির্বাচন করুন"},{"$i":"opt-deselect","$v":"অনির্বাচন করুন"},{"$i":"opt-delete","$v":"মুছুন"},{"$i":"opt-rename","$v":"পুনঃনামকরণ করুন"},{"$i":"opt-selectmultiple","$v":"বিবিধ বেছে নিন"},{"$i":"opt-fileinfo","$v":"ফাইলের তথ্য"},{"$i":"opt-selectall","$v":"সমস্ত নির্বাচন করুন"},{"$i":"opt-deselectall","$v":"সবগুলি নির্বাচনমুক্ত করুন"},{"$i":"opt-fullscreen","$v":"পূর্ণস্ক্রীন"},{"$i":"opt-play","$v":"প্লে করুন"},{"$i":"opt-pause","$v":"বিরাম দিন"},{"$i":"opt-volume","$v":"ভলিউম"},{"$i":"opt-rotate","$v":"ঘোরান"},{"$i":"opt-cancel","$v":"বাতিল করুন"},{"$i":"opt-settings","$v":"সেটিং"},{"$i":"weekday-0-long","$v":"রবিবার"},{"$i":"weekday-1-long","$v":"সোমবার"},{"$i":"weekday-2-long","$v":"মঙ্গলবার"},{"$i":"weekday-3-long","$v":"বুধবার"},{"$i":"weekday-4-long","$v":"বৃহস্পতিবার"},{"$i":"weekday-5-long","$v":"শুক্রবার"},{"$i":"weekday-6-long","$v":"শনিবার"},{"$i":"weekday-0-short","$v":"রবি"},{"$i":"weekday-1-short","$v":"সোম"},{"$i":"weekday-2-short","$v":"মঙ্গল"},{"$i":"weekday-3-short","$v":"বুধ"},{"$i":"weekday-4-short","$v":"বৃহ"},{"$i":"weekday-5-short","$v":"শুক্র"},{"$i":"weekday-6-short","$v":"শনি"},{"$i":"month-0-long","$v":"জানুয়ারী"},{"$i":"month-1-long","$v":"ফেব্রুয়ারী"},{"$i":"month-2-long","$v":"মার্চ"},{"$i":"month-3-long","$v":"এপ্রিল"},{"$i":"month-4-long","$v":"মে"},{"$i":"month-5-long","$v":"জুন"},{"$i":"month-6-long","$v":"জুলাই"},{"$i":"month-7-long","$v":"আগস্ট"},{"$i":"month-8-long","$v":"সেপ্টেম্বর"},{"$i":"month-9-long","$v":"অক্টোবর"},{"$i":"month-10-long","$v":"নভেম্বর"},{"$i":"month-11-long","$v":"ডিসেম্বর"},{"$i":"month-0-genitive","$v":"জানুয়ারী"},{"$i":"month-1-genitive","$v":"ফেব্রুয়ারী"},{"$i":"month-2-genitive","$v":"মার্চ"},{"$i":"month-3-genitive","$v":"এপ্রিল"},{"$i":"month-4-genitive","$v":"মে"},{"$i":"month-5-genitive","$v":"জুন"},{"$i":"month-6-genitive","$v":"জুলাই"},{"$i":"month-7-genitive","$v":"আগস্ট"},{"$i":"month-8-genitive","$v":"সেপ্টেম্বর"},{"$i":"month-9-genitive","$v":"অক্টোবর"},{"$i":"month-10-genitive","$v":"নভেম্বর"},{"$i":"month-11-genitive","$v":"ডিসেম্বর"},{"$i":"month-0-short","$v":"জানু"},{"$i":"month-1-short","$v":"ফেব্রু"},{"$i":"month-2-short","$v":"মার্চ"},{"$i":"month-3-short","$v":"এপ্রি"},{"$i":"month-4-short","$v":"মে"},{"$i":"month-5-short","$v":"জুন"},{"$i":"month-6-short","$v":"জুলা"},{"$i":"month-7-short","$v":"আগ"},{"$i":"month-8-short","$v":"সেপ্টে"},{"$i":"month-9-short","$v":"অক্টো"},{"$i":"month-10-short","$v":"নভে"},{"$i":"month-11-short","$v":"ডিসে"},{"$i":"minutes-ago-long","$v":{"few":[{"t":"idOrVar","v":"value"}," মিনিট আগে"],"many":[{"t":"idOrVar","v":"value"}," মিনিট আগে"],"other":[{"t":"idOrVar","v":"value"}," মিনিট আগে"],"two":[{"t":"idOrVar","v":"value"}," মিনিট আগে"],"one":"এক মিনিট আগে","zero":"এখনই"},"$x":[{"t":"idOrVar","v":"plural"},"value"]},{"$i":"hours-ago-long","$v":{"few":[{"t":"idOrVar","v":"value"}," ঘন্টা আগে"],"many":[{"t":"idOrVar","v":"value"}," ঘন্টা আগে"],"other":[{"t":"idOrVar","v":"value"}," ঘন্টা আগে"],"two":[{"t":"idOrVar","v":"value"}," ঘন্টা আগে"],"one":"1 ঘন্টা আগে","zero":"এখনই"},"$x":[{"t":"idOrVar","v":"plural"},"value"]},{"$i":"days-ago-long","$v":{"few":[{"t":"idOrVar","v":"value"}," দিন আগে"],"many":[{"t":"idOrVar","v":"value"}," দিন আগে"],"one":"গতকাল","other":[{"t":"idOrVar","v":"value"}," দিন আগে"],"two":[{"t":"idOrVar","v":"value"}," দিন আগে"],"zero":"আজ"},"$x":[{"t":"idOrVar","v":"plural"},"value"]},{"$i":"weeks-ago-long","$v":{"few":[{"t":"idOrVar","v":"value"}," সপ্তাহ আগে"],"many":[{"t":"idOrVar","v":"value"}," সপ্তাহ আগে"],"one":"গত সপ্তাহ","other":[{"t":"idOrVar","v":"value"}," সপ্তাহ আগে"],"two":[{"t":"idOrVar","v":"value"}," সপ্তাহ আগে"],"zero":"এই সপ্তাহ"},"$x":[{"t":"idOrVar","v":"plural"},"value"]},{"$i":"months-ago-long","$v":{"few":[{"t":"idOrVar","v":"value"}," মাস আগে"],"many":[{"t":"idOrVar","v":"value"}," মাস আগে"],"one":"গত মাস","other":[{"t":"idOrVar","v":"value"}," মাস আগে"],"two":[{"t":"idOrVar","v":"value"}," মাস আগে"],"zero":"এই মাস"},"$x":[{"t":"idOrVar","v":"plural"},"value"]},{"$i":"years-ago-long","$v":{"few":[{"t":"idOrVar","v":"value"}," বছর আগে"],"many":[{"t":"idOrVar","v":"value"}," বছর আগে"],"one":"গত বছর","other":[{"t":"idOrVar","v":"value"}," বছর আগে"],"two":[{"t":"idOrVar","v":"value"}," বছর আগে"],"zero":"এই বছর"},"$x":[{"t":"idOrVar","v":"plural"},"value"]},{"$i":"minutes-until-long","$v":{"few":["মিনিটে ",{"t":"idOrVar","v":"value"}],"many":["মিনিটে ",{"t":"idOrVar","v":"value"}],"other":["মিনিটে ",{"t":"idOrVar","v":"value"}],"two":["মিনিটে ",{"t":"idOrVar","v":"value"}],"zero":"এখনই","one":"1 মিনিটে"},"$x":[{"t":"idOrVar","v":"plural"},"value"]},{"$i":"hours-until-long","$v":{"few":["ঘন্টায় ",{"t":"idOrVar","v":"value"}],"many":["ঘন্টায় ",{"t":"idOrVar","v":"value"}],"other":["ঘন্টায় ",{"t":"idOrVar","v":"value"}],"two":["ঘন্টায় ",{"t":"idOrVar","v":"value"}],"zero":"এখনই","one":"1 ঘন্টা"},"$x":[{"t":"idOrVar","v":"plural"},"value"]},{"$i":"days-until-long","$v":{"few":["দিনে ",{"t":"idOrVar","v":"value"}],"many":["দিনে ",{"t":"idOrVar","v":"value"}],"one":"আগামীকাল","other":["দিনে ",{"t":"idOrVar","v":"value"}],"two":["দিনে ",{"t":"idOrVar","v":"value"}],"zero":"আজ"},"$x":[{"t":"idOrVar","v":"plural"},"value"]},{"$i":"weeks-until-long","$v":{"few":["সপ্তাহে ",{"t":"idOrVar","v":"value"}],"many":["সপ্তাহে ",{"t":"idOrVar","v":"value"}],"one":"পরের সপ্তাহ","other":["সপ্তাহে ",{"t":"idOrVar","v":"value"}],"two":["সপ্তাহে ",{"t":"idOrVar","v":"value"}],"zero":"এই সপ্তাহ"},"$x":[{"t":"idOrVar","v":"plural"},"value"]},{"$i":"months-until-long","$v":{"few":["মাসে ",{"t":"idOrVar","v":"value"}],"many":["মাসে ",{"t":"idOrVar","v":"value"}],"one":"পরের মাস","other":["মাসে ",{"t":"idOrVar","v":"value"}],"two":["মাসে ",{"t":"idOrVar","v":"value"}],"zero":"এই মাস"},"$x":[{"t":"idOrVar","v":"plural"},"value"]},{"$i":"years-until-long","$v":{"few":["বছরে ",{"t":"idOrVar","v":"value"}],"many":["বছরে ",{"t":"idOrVar","v":"value"}],"one":"পরের বছর","other":["বছরে ",{"t":"idOrVar","v":"value"}],"two":["বছরে ",{"t":"idOrVar","v":"value"}],"zero":"এই বছর"},"$x":[{"t":"idOrVar","v":"plural"},"value"]},{"$i":"minutes-ago-short","$v":{"other":[{"t":"idOrVar","v":"value"},"মিঃ আগে"],"zero":"এখনই"},"$x":[{"t":"idOrVar","v":"plural"},"value"]},{"$i":"hours-ago-short","$v":{"other":[{"t":"idOrVar","v":"value"},"ঘঃ আগে"],"zero":"এখনই"},"$x":[{"t":"idOrVar","v":"plural"},"value"]},{"$i":"days-ago-short","$v":{"other":[{"t":"idOrVar","v":"value"},"দিন আগে"],"zero":"আজ"},"$x":[{"t":"idOrVar","v":"plural"},"value"]},{"$i":"minutes-until-short","$v":{"other":["m ",{"t":"idOrVar","v":"value"}],"zero":"এখনই"},"$x":[{"t":"idOrVar","v":"plural"},"value"]},{"$i":"hours-until-short","$v":{"other":["h ",{"t":"idOrVar","v":"value"}],"zero":"এখনই"},"$x":[{"t":"idOrVar","v":"plural"},"value"]},{"$i":"days-until-short","$v":{"other":["d ",{"t":"idOrVar","v":"value"}],"zero":"আজ"},"$x":[{"t":"idOrVar","v":"plural"},"value"]},{"$i":"incorrectDate","$v":"(ভুল তারিখ)"},{"$i":"dateTimeFormat_%c","$v":"%a %b %e %Y %I:%M:%S %p"},{"$i":"dateTimeFormat_%x","$v":"%m/%d/%Y"},{"$i":"dateTimeFormat_%X","$v":"%I:%M:%S %p"},{"$i":"shortTimeFormat","$v":"%I:%M %p"},{"$i":"shortTimeFormat12","$v":"%I:%M %p"},{"$i":"shortTimeFormat24","$v":"%H:%M"},{"$i":"shortDateTimeFormat","$v":"%x %I:%M %p"},{"$i":"weekStartsOnMonday","$v":"0.0"},{"$i":"firstDayOfTheWeek","$v":"0.0"},{"$i":"time_am","$v":"AM"},{"$i":"time_pm","$v":"PM"},{"$i":"softkey-options","$v":"বিকল্প"}]