[{"$i":"done","$v":"Završeno"},{"$i":"number-selected2","$v":{"few":[{"t":"idOrVar","v":"n"}," izabrano"],"many":[{"t":"idOrVar","v":"n"}," izabrano"],"one":[{"t":"idOrVar","v":"n"}," izabrano"],"other":[{"t":"idOrVar","v":"n"}," izabrano"],"two":[{"t":"idOrVar","v":"n"}," izabrano"],"zero":[{"t":"idOrVar","v":"n"}," izabrano"]},"$x":[{"t":"idOrVar","v":"plural"},"n"]},{"$i":"delete-n-items?","$v":{"few":["Izbriši ",{"t":"idOrVar","v":"n"}," video zapise?"],"many":["Izbriši ",{"t":"idOrVar","v":"n"}," video zapise?"],"one":"Izbriši odabrani video zapis?","other":["Izbriši ",{"t":"idOrVar","v":"n"}," video zapise?"],"two":["Izbriši ",{"t":"idOrVar","v":"n"}," video zapise?"],"zero":"Ništa nije izabrano"},"$x":[{"t":"idOrVar","v":"plural"},"n"]},{"$i":"not-load-video-time","$v":"--:--"},{"$i":"video-time-num","$v":["0",{"t":"idOrVar","v":"num"}]},{"$i":"video-time-minute","$v":[{"t":"idOrVar","v":"owe"},{"t":"idOrVar","v":"m"},":",{"t":"idOrVar","v":"s"}]},{"$i":"video-time-hour","$v":[{"t":"idOrVar","v":"owe"},{"t":"idOrVar","v":"h"},":",{"t":"idOrVar","v":"m"},":",{"t":"idOrVar","v":"s"}]},{"$i":"share-noprovider","$v":"Pokušaj dijeliti po jedan video."},{"$i":"videos","$v":"Video zapisi"},{"$i":"cancel","$v":"Otkaži"},{"$i":"delete-video?","$v":"Izbriši odabrani video zapis?"},{"$i":"empty-title","$v":"Dodaj video zapise za pokretanje"},{"$i":"empty-text","$v":"Nema dostupnih video zapisa."},{"$i":"empty-content","$v":"Videozapis je prazan. Koristite fotoaparat kako biste počeli."},{"$i":"search-title","$v":"Skeniranje"},{"$i":"search-content","$v":"Skeniranje"},{"$i":"nocard2-title","$v":"Nije pronađena memorijska kartica"},{"$i":"nocard3-text","$v":"Memorijska kartica nije pronađena. Umetnite memorijsku karticu kako biste pravili video zapise."},{"$i":"pluggedin-title","$v":"Nije moguće reprodukovati video zapis dok je uređaj priključen"},{"$i":"pluggedin-text","$v":"Memorija je trenutno u upotrebi. Otkačite telefon kako biste snimili video zapise."},{"$i":"upgrade-title","$v":"Nadogradnja baze podataka"},{"$i":"upgrade-text","$v":"Sačekaj dok video zapisi ažuriraju svoju bazu podataka."},{"$i":"confirm-delete","$v":"Jeste li sigurni da želite izbrisati:"},{"$i":"pick-title","$v":"Odaberi video zapis"},{"$i":"save","$v":"Sačuvaj"},{"$i":"saved","$v":"sačuvano u video biblioteku."},{"$i":"save-failed","$v":"Nije moguće sačuvati video zapis. Pokušajte ponovo."},{"$i":"error-network","$v":"Video zapis se ne može preuzeti zbog greške mreže."},{"$i":"error-unsupported","$v":"Nije moguće reprodukovati video: bilo zbog neuspjelog servera ili mreže ili zato što format nije podržan."},{"$i":"error-unknown","$v":"Nepoznata greška s video zapisom."},{"$i":"video-hardware-in-use-title","$v":"Nije moguće reprodukovati video zapis"},{"$i":"video-hardware-in-use-text","$v":"Druga aplik. trenutno koristi video plejer."},{"$i":"overlay-cancel-button","$v":"Otkaži"},{"$i":"overlay-camera-button","$v":"Idi na kameru"},{"$i":"sd-storage-full-header","$v":"SD kartica je puna."},{"$i":"sd-storage-full-content","$v":"Izbrišite datoteke na SD kartici da oslobodite prostor."},{"$i":"phone-storage-full-header","$v":"Pohrana telefona je puna."},{"$i":"phone-storage-full-content","$v":"Izbrišite medijske datoteke ili podatke aplikacije da oslobodite prostor. Možete i umetnuti SD karticu da proširite prostor za pohranu medija."},{"$i":"name-label","$v":"Ime"},{"$i":"length-label","$v":"Dužina"},{"$i":"size-label","$v":"Veličina"},{"$i":"video-type-label","$v":"Vrsta video zapisa"},{"$i":"date-taken-label","$v":"Datum snimanja"},{"$i":"resolution-label","$v":"Rezolucija"},{"$i":"close-button","$v":"Zatvori"},{"$i":"byteUnit-B","$v":"Bajti"},{"$i":"byteUnit-KB","$v":"KB"},{"$i":"byteUnit-MB","$v":"MB"},{"$i":"byteUnit-GB","$v":"VB"},{"$i":"byteUnit-TB","$v":"TB"},{"$i":"byteUnit-PB","$v":"PB"},{"$i":"byteUnit-EB","$v":"EB"},{"$i":"byteUnit-ZB","$v":"ZB"},{"$i":"byteUnit-YB","$v":"YB"},{"$i":"date-group-header","$v":"%B %Y"},{"$i":"share","$v":"Podijeli"},{"$i":"more-info","$v":"Više info."},{"$i":"delete","$v":"Izbriši"},{"$i":"video-button","ariaLabel":"Video"},{"$i":"select-button","ariaLabel":"Odaberi"},{"$i":"delete-button","ariaLabel":"Izbriši"},{"$i":"share-button","ariaLabel":"Podijeli"},{"$i":"info-view","ariaLabel":"Info"},{"$i":"options-view","ariaLabel":"Opcije"},{"$i":"confirm-dialog","ariaLabel":"Potvrdi"},{"$i":"videos-list","ariaLabel":"Video zapisi"},{"$i":"options-more","ariaLabel":"Više"},{"$i":"seek-backward","ariaLabel":"Pomjeri unazad"},{"$i":"seek-bar","ariaLabel":["Traka za pretragu, trajanje ",{"t":"idOrVar","v":"duration"}]},{"$i":"seek-forward","ariaLabel":"Traži naprijed"},{"$i":"play-button","ariaLabel":"Reprodukuj"},{"$i":"pause-button","ariaLabel":"Pauza"},{"$i":"fullscreen-button","ariaLabel":"Cijeli ekran"},{"$i":"show-controls-button","ariaLabel":"Prikaži kontrole"},{"$i":"hide-controls-button","ariaLabel":"Sakrij kontrole"},{"$i":"confirmation-title","$v":"Potvrda"},{"$i":"n-video-deleted","$v":{"zero":"Ništa nije izabrano","one":"Video je izbrisan.","few":["Izbris. videozapisa: ",{"t":"idOrVar","v":"n"},"."],"many":["Izbris. videozapisa: ",{"t":"idOrVar","v":"n"},"."],"other":["Izbris. videozapisa: ",{"t":"idOrVar","v":"n"},"."],"two":["Izbris. videozapisa: ",{"t":"idOrVar","v":"n"},"."]},"$x":[{"t":"idOrVar","v":"plural"},"n"]},{"$i":"rename-saved","$v":"Promjene su sačuvane"},{"$i":"confirm-video","$v":"Video"},{"$i":"confirm-ok","$v":"U redu"},{"$i":"options-header","$v":"Opcije"},{"$i":"video-invalid-name","$v":"Nevažeće ime"},{"$i":"name-already-exists","$v":"Ovo ime već postoji"},{"$i":"override-warning-msg","$v":"Želite li presnimiti postojeću datoteku?"},{"$i":"override","$v":"Preuređivanje"},{"$i":"opt-takevideo","$v":"Kamera"},{"$i":"select","$v":"Izaberi"},{"$i":"opt-deselect","$v":"Poništi odabir"},{"$i":"opt-delete","$v":"Izbriši"},{"$i":"opt-rename","$v":"Preimenuj"},{"$i":"opt-selectmultiple","$v":"Odaberi nekoliko"},{"$i":"opt-fileinfo","$v":"Podaci o datoteci"},{"$i":"opt-selectall","$v":"Odaberi sve"},{"$i":"opt-deselectall","$v":"Poništi sve"},{"$i":"opt-fullscreen","$v":"Cijeli ekran"},{"$i":"opt-play","$v":"Reprodukuj"},{"$i":"opt-pause","$v":"Pauza"},{"$i":"opt-volume","$v":"Jačina zvuka"},{"$i":"opt-rotate","$v":"Rotiraj"},{"$i":"opt-cancel","$v":"Otkaži"},{"$i":"opt-settings","$v":"Postavke"},{"$i":"weekday-0-long","$v":"Nedjelja"},{"$i":"weekday-1-long","$v":"Ponedjeljak"},{"$i":"weekday-2-long","$v":"Utorak"},{"$i":"weekday-3-long","$v":"Srijeda"},{"$i":"weekday-4-long","$v":"Četvrtak"},{"$i":"weekday-5-long","$v":"Petak"},{"$i":"weekday-6-long","$v":"Subota"},{"$i":"weekday-0-short","$v":"Ned."},{"$i":"weekday-1-short","$v":"Pon."},{"$i":"weekday-2-short","$v":"Uto."},{"$i":"weekday-3-short","$v":"Sri."},{"$i":"weekday-4-short","$v":"Čet."},{"$i":"weekday-5-short","$v":"Pet."},{"$i":"weekday-6-short","$v":"Sub."},{"$i":"month-0-long","$v":"Januar"},{"$i":"month-1-long","$v":"Februar"},{"$i":"month-2-long","$v":"Mart"},{"$i":"month-3-long","$v":"April"},{"$i":"month-4-long","$v":"Maj"},{"$i":"month-5-long","$v":"Juni"},{"$i":"month-6-long","$v":"Juli"},{"$i":"month-7-long","$v":"Avgust"},{"$i":"month-8-long","$v":"Septembar"},{"$i":"month-9-long","$v":"Oktobar"},{"$i":"month-10-long","$v":"Novembar"},{"$i":"month-11-long","$v":"Decembar"},{"$i":"month-0-genitive","$v":"Januar"},{"$i":"month-1-genitive","$v":"Februar"},{"$i":"month-2-genitive","$v":"Mart"},{"$i":"month-3-genitive","$v":"April"},{"$i":"month-4-genitive","$v":"Maj"},{"$i":"month-5-genitive","$v":"Juni"},{"$i":"month-6-genitive","$v":"Juli"},{"$i":"month-7-genitive","$v":"Avgust"},{"$i":"month-8-genitive","$v":"Septembar"},{"$i":"month-9-genitive","$v":"Oktobar"},{"$i":"month-10-genitive","$v":"Novembar"},{"$i":"month-11-genitive","$v":"Decembar"},{"$i":"month-0-short","$v":"Jan."},{"$i":"month-1-short","$v":"Feb."},{"$i":"month-2-short","$v":"Mart"},{"$i":"month-3-short","$v":"Apr."},{"$i":"month-4-short","$v":"Maj"},{"$i":"month-5-short","$v":"Juni"},{"$i":"month-6-short","$v":"Juli"},{"$i":"month-7-short","$v":"Avg."},{"$i":"month-8-short","$v":"Sep."},{"$i":"month-9-short","$v":"Okt."},{"$i":"month-10-short","$v":"Nov."},{"$i":"month-11-short","$v":"Dec."},{"$i":"minutes-ago-long","$v":{"few":["Prije ",{"t":"idOrVar","v":"value"}," minute/a"],"many":["Prije ",{"t":"idOrVar","v":"value"}," minute/a"],"other":["Prije ",{"t":"idOrVar","v":"value"}," minute/a"],"two":["Prije ",{"t":"idOrVar","v":"value"}," minute/a"],"one":"prije jedan minut","zero":"sada"},"$x":[{"t":"idOrVar","v":"plural"},"value"]},{"$i":"hours-ago-long","$v":{"few":["Prije ",{"t":"idOrVar","v":"value"}," sata/i"],"many":["Prije ",{"t":"idOrVar","v":"value"}," sata/i"],"other":["Prije ",{"t":"idOrVar","v":"value"}," sata/i"],"two":["Prije ",{"t":"idOrVar","v":"value"}," sata/i"],"one":"1 sat prije","zero":"sada"},"$x":[{"t":"idOrVar","v":"plural"},"value"]},{"$i":"days-ago-long","$v":{"few":["prije ",{"t":"idOrVar","v":"value"}," dana"],"many":["prije ",{"t":"idOrVar","v":"value"}," dana"],"one":"jučer","other":["prije ",{"t":"idOrVar","v":"value"}," dana"],"two":["prije ",{"t":"idOrVar","v":"value"}," dana"],"zero":"danas"},"$x":[{"t":"idOrVar","v":"plural"},"value"]},{"$i":"weeks-ago-long","$v":{"few":["Prije ",{"t":"idOrVar","v":"value"}," sedmice/a"],"many":["Prije ",{"t":"idOrVar","v":"value"}," sedmice/a"],"one":"prošle sedmice","other":["Prije ",{"t":"idOrVar","v":"value"}," sedmice/a"],"two":["Prije ",{"t":"idOrVar","v":"value"}," sedmice/a"],"zero":"ova sedmica"},"$x":[{"t":"idOrVar","v":"plural"},"value"]},{"$i":"months-ago-long","$v":{"few":["Prije ",{"t":"idOrVar","v":"value"}," mjeseca/i"],"many":["Prije ",{"t":"idOrVar","v":"value"}," mjeseca/i"],"one":"prošli mjesec","other":["Prije ",{"t":"idOrVar","v":"value"}," mjeseca/i"],"two":["Prije ",{"t":"idOrVar","v":"value"}," mjeseca/i"],"zero":"ovaj mjesec"},"$x":[{"t":"idOrVar","v":"plural"},"value"]},{"$i":"years-ago-long","$v":{"few":["Prije ",{"t":"idOrVar","v":"value"}," godine/a"],"many":["Prije ",{"t":"idOrVar","v":"value"}," godine/a"],"one":"prošle godine","other":["Prije ",{"t":"idOrVar","v":"value"}," godine/a"],"two":["Prije ",{"t":"idOrVar","v":"value"}," godine/a"],"zero":"ova godina"},"$x":[{"t":"idOrVar","v":"plural"},"value"]},{"$i":"minutes-until-long","$v":{"few":["za ",{"t":"idOrVar","v":"value"}," minuta"],"many":["za ",{"t":"idOrVar","v":"value"}," minuta"],"other":["za ",{"t":"idOrVar","v":"value"}," minuta"],"two":["za ",{"t":"idOrVar","v":"value"}," minuta"],"zero":"sada","one":"za 1 minutu"},"$x":[{"t":"idOrVar","v":"plural"},"value"]},{"$i":"hours-until-long","$v":{"few":["za ",{"t":"idOrVar","v":"value"}," sati"],"many":["za ",{"t":"idOrVar","v":"value"}," sati"],"other":["za ",{"t":"idOrVar","v":"value"}," sati"],"two":["za ",{"t":"idOrVar","v":"value"}," sati"],"zero":"sada","one":"za 1 sat"},"$x":[{"t":"idOrVar","v":"plural"},"value"]},{"$i":"days-until-long","$v":{"few":["za ",{"t":"idOrVar","v":"value"}," dana"],"many":["za ",{"t":"idOrVar","v":"value"}," dana"],"one":"sutra","other":["za ",{"t":"idOrVar","v":"value"}," dana"],"two":["za ",{"t":"idOrVar","v":"value"}," dana"],"zero":"danas"},"$x":[{"t":"idOrVar","v":"plural"},"value"]},{"$i":"weeks-until-long","$v":{"few":["za ",{"t":"idOrVar","v":"value"}," sedmica"],"many":["za ",{"t":"idOrVar","v":"value"}," sedmica"],"one":"sljedeća sedmica","other":["za ",{"t":"idOrVar","v":"value"}," sedmica"],"two":["za ",{"t":"idOrVar","v":"value"}," sedmica"],"zero":"ova sedmica"},"$x":[{"t":"idOrVar","v":"plural"},"value"]},{"$i":"months-until-long","$v":{"few":["za ",{"t":"idOrVar","v":"value"}," mjeseci"],"many":["za ",{"t":"idOrVar","v":"value"}," mjeseci"],"one":"sljedeći mjesec","other":["za ",{"t":"idOrVar","v":"value"}," mjeseci"],"two":["za ",{"t":"idOrVar","v":"value"}," mjeseci"],"zero":"ovaj mjesec"},"$x":[{"t":"idOrVar","v":"plural"},"value"]},{"$i":"years-until-long","$v":{"few":["za ",{"t":"idOrVar","v":"value"}," godina"],"many":["za ",{"t":"idOrVar","v":"value"}," godina"],"one":"sljedeća godina","other":["za ",{"t":"idOrVar","v":"value"}," godina"],"two":["za ",{"t":"idOrVar","v":"value"}," godina"],"zero":"ova godina"},"$x":[{"t":"idOrVar","v":"plural"},"value"]},{"$i":"minutes-ago-short","$v":{"other":["Prije ",{"t":"idOrVar","v":"value"},"m"],"zero":"sada"},"$x":[{"t":"idOrVar","v":"plural"},"value"]},{"$i":"hours-ago-short","$v":{"other":["Prije ",{"t":"idOrVar","v":"value"},"h"],"zero":"sada"},"$x":[{"t":"idOrVar","v":"plural"},"value"]},{"$i":"days-ago-short","$v":{"other":["Prije ",{"t":"idOrVar","v":"value"},"d"],"zero":"danas"},"$x":[{"t":"idOrVar","v":"plural"},"value"]},{"$i":"minutes-until-short","$v":{"other":["za ",{"t":"idOrVar","v":"value"},"m"],"zero":"sada"},"$x":[{"t":"idOrVar","v":"plural"},"value"]},{"$i":"hours-until-short","$v":{"other":["za ",{"t":"idOrVar","v":"value"},"s"],"zero":"sada"},"$x":[{"t":"idOrVar","v":"plural"},"value"]},{"$i":"days-until-short","$v":{"other":["za ",{"t":"idOrVar","v":"value"},"d"],"zero":"danas"},"$x":[{"t":"idOrVar","v":"plural"},"value"]},{"$i":"incorrectDate","$v":"(netačan datum)"},{"$i":"dateTimeFormat_%c","$v":"%a %b %e %Y %I:%M:%S %p"},{"$i":"dateTimeFormat_%x","$v":"%m/%d/%Y"},{"$i":"dateTimeFormat_%X","$v":"%I:%M:%S %p"},{"$i":"shortTimeFormat","$v":"%I:%M %p"},{"$i":"shortTimeFormat12","$v":"%I:%M %p"},{"$i":"shortTimeFormat24","$v":"%H:%M"},{"$i":"shortDateTimeFormat","$v":"%x %I:%M %p"},{"$i":"weekStartsOnMonday","$v":"0.0"},{"$i":"firstDayOfTheWeek","$v":"1.0"},{"$i":"time_am","$v":"AM"},{"$i":"time_pm","$v":"PM"},{"$i":"softkey-options","$v":"Opcije"}]