[{"$i":"done","$v":"Hotovo"},{"$i":"number-selected2","$v":{"few":["Vybráno: ",{"t":"idOrVar","v":"n"}],"many":["Vybráno: ",{"t":"idOrVar","v":"n"}],"one":["Vybráno: ",{"t":"idOrVar","v":"n"}],"other":["Vybráno: ",{"t":"idOrVar","v":"n"}],"two":["Vybráno: ",{"t":"idOrVar","v":"n"}],"zero":["Vybráno: ",{"t":"idOrVar","v":"n"}]},"$x":[{"t":"idOrVar","v":"plural"},"n"]},{"$i":"delete-n-items?","$v":{"few":["Odstranit videa (",{"t":"idOrVar","v":"n"},")?"],"many":["Odstranit videa (",{"t":"idOrVar","v":"n"},")?"],"one":"Odstranit vybrané video?","other":["Odstranit videa (",{"t":"idOrVar","v":"n"},")?"],"two":["Odstranit videa (",{"t":"idOrVar","v":"n"},")?"],"zero":"Nebylo nic vybráno"},"$x":[{"t":"idOrVar","v":"plural"},"n"]},{"$i":"not-load-video-time","$v":"--:--"},{"$i":"video-time-num","$v":["0",{"t":"idOrVar","v":"num"}]},{"$i":"video-time-minute","$v":[{"t":"idOrVar","v":"owe"},{"t":"idOrVar","v":"m"},":",{"t":"idOrVar","v":"s"}]},{"$i":"video-time-hour","$v":[{"t":"idOrVar","v":"owe"},{"t":"idOrVar","v":"h"},":",{"t":"idOrVar","v":"m"},":",{"t":"idOrVar","v":"s"}]},{"$i":"share-noprovider","$v":"Zkuste sdílet videa jednotlivě."},{"$i":"videos","$v":"Videa"},{"$i":"cancel","$v":"Zrušit"},{"$i":"delete-video?","$v":"Odstranit vybrané video?"},{"$i":"empty-title","$v":"Začněte přidáním videí"},{"$i":"empty-text","$v":"Nejsou k dispozici žádná videa."},{"$i":"empty-content","$v":"Video je prázdné. Začněte použitím fotoaparátu."},{"$i":"search-title","$v":"Hledání"},{"$i":"search-content","$v":"Hledání"},{"$i":"nocard2-title","$v":"Nenalezena žádná pam. karta"},{"$i":"nocard3-text","$v":"Paměťová karta nenalezena. Pro nahrávání videí vložte paměťovou kartu."},{"$i":"pluggedin-title","$v":"Video nelze přehrát při připojení k el. síti"},{"$i":"pluggedin-text","$v":"Úložiště se nyní používá. Před nahráváním videa odpojte telefon od zdroje nap."},{"$i":"upgrade-title","$v":"Upgrade databáze"},{"$i":"upgrade-text","$v":"Počkejte, až Video aktualizuje databázi."},{"$i":"confirm-delete","$v":"Opravdu chcete odstranit:"},{"$i":"pick-title","$v":"Vybrat video"},{"$i":"save","$v":"Uložit"},{"$i":"saved","$v":"uloženo do knihovny videí."},{"$i":"save-failed","$v":"Video se nepodařilo uložit. Zkuste to znovu."},{"$i":"error-network","$v":"Video nelze stáhnout kvůli chybě sítě."},{"$i":"error-unsupported","$v":"Video nelze přehrát: Došlo k selhání serveru nebo sítě nebo formát není podporován."},{"$i":"error-unknown","$v":"Došlo k neznámé chybě videa."},{"$i":"video-hardware-in-use-title","$v":"Video nelze přehrát"},{"$i":"video-hardware-in-use-text","$v":"Videopřehrávač používá jiná aplikace."},{"$i":"overlay-cancel-button","$v":"Zrušit"},{"$i":"overlay-camera-button","$v":"Přejít k fotoaparátu"},{"$i":"sd-storage-full-header","$v":"SD karta je plná."},{"$i":"sd-storage-full-content","$v":"Smazáním souborů uvolněte místo na kartě SD."},{"$i":"phone-storage-full-header","$v":"Úložiště telefonu je plné."},{"$i":"phone-storage-full-content","$v":"Smazáním souborů médií nebo dat aplikací uvolněte místo. Úložiště můžete zvětšit také vložením karty SD."},{"$i":"name-label","$v":"Jméno"},{"$i":"length-label","$v":"Délka"},{"$i":"size-label","$v":"Velikost"},{"$i":"video-type-label","$v":"Typ videa"},{"$i":"date-taken-label","$v":"Datum pořízení"},{"$i":"resolution-label","$v":"Rozlišení"},{"$i":"close-button","$v":"Zavřít"},{"$i":"byteUnit-B","$v":"Bajty"},{"$i":"byteUnit-KB","$v":"kB"},{"$i":"byteUnit-MB","$v":"MB"},{"$i":"byteUnit-GB","$v":"GB"},{"$i":"byteUnit-TB","$v":"TB"},{"$i":"byteUnit-PB","$v":"PB"},{"$i":"byteUnit-EB","$v":"EB"},{"$i":"byteUnit-ZB","$v":"ZB"},{"$i":"byteUnit-YB","$v":"Nar."},{"$i":"date-group-header","$v":"%B %Y"},{"$i":"share","$v":"Sdílet"},{"$i":"more-info","$v":"Další informace"},{"$i":"delete","$v":"Odstranit"},{"$i":"video-button","ariaLabel":"Video"},{"$i":"select-button","ariaLabel":"Vybrat"},{"$i":"delete-button","ariaLabel":"Odstranit"},{"$i":"share-button","ariaLabel":"Sdílet"},{"$i":"info-view","ariaLabel":"Informace"},{"$i":"options-view","ariaLabel":"Možnosti"},{"$i":"confirm-dialog","ariaLabel":"Potvrdit"},{"$i":"videos-list","ariaLabel":"Videa"},{"$i":"options-more","ariaLabel":"Více"},{"$i":"seek-backward","ariaLabel":"Hledat zpětně"},{"$i":"seek-bar","ariaLabel":["Panel hledání, trvání ",{"t":"idOrVar","v":"duration"}]},{"$i":"seek-forward","ariaLabel":"Hledat dopředu"},{"$i":"play-button","ariaLabel":"Přehrát"},{"$i":"pause-button","ariaLabel":"Pozastavit"},{"$i":"fullscreen-button","ariaLabel":"Celá obrazovka"},{"$i":"show-controls-button","ariaLabel":"Zobrazit ovl. prvky"},{"$i":"hide-controls-button","ariaLabel":"Skrýt ovl. prvky"},{"$i":"confirmation-title","$v":"Potvrzení"},{"$i":"n-video-deleted","$v":{"zero":"Nebylo nic vybráno","one":"Video bylo smazáno.","few":["Odstraněná videa: ",{"t":"idOrVar","v":"n"},"."],"many":["Odstraněná videa: ",{"t":"idOrVar","v":"n"},"."],"other":["Odstraněná videa: ",{"t":"idOrVar","v":"n"},"."],"two":["Odstraněná videa: ",{"t":"idOrVar","v":"n"},"."]},"$x":[{"t":"idOrVar","v":"plural"},"n"]},{"$i":"rename-saved","$v":"Změny uloženy"},{"$i":"confirm-video","$v":"Video"},{"$i":"confirm-ok","$v":"OK"},{"$i":"options-header","$v":"Možnosti"},{"$i":"video-invalid-name","$v":"Neplatný název"},{"$i":"name-already-exists","$v":"Tento název již existuje"},{"$i":"override-warning-msg","$v":"Chcete přepsat stávající soubor?"},{"$i":"override","$v":"Přepsat"},{"$i":"opt-takevideo","$v":"Fotoaparát"},{"$i":"select","$v":"Vybrat"},{"$i":"opt-deselect","$v":"Zrušit výběr"},{"$i":"opt-delete","$v":"Odstranit"},{"$i":"opt-rename","$v":"Přejmenovat"},{"$i":"opt-selectmultiple","$v":"Vybrat více"},{"$i":"opt-fileinfo","$v":"Informace o souboru"},{"$i":"opt-selectall","$v":"Vybrat vše"},{"$i":"opt-deselectall","$v":"Zrušit výběr všeho"},{"$i":"opt-fullscreen","$v":"Celá obrazovka"},{"$i":"opt-play","$v":"Přehrát"},{"$i":"opt-pause","$v":"Pozastavit"},{"$i":"opt-volume","$v":"Hlasitost"},{"$i":"opt-rotate","$v":"Otočit"},{"$i":"opt-cancel","$v":"Zrušit"},{"$i":"opt-settings","$v":"Nastavení"},{"$i":"weekday-0-long","$v":"Neděle"},{"$i":"weekday-1-long","$v":"Pondělí"},{"$i":"weekday-2-long","$v":"Úterý"},{"$i":"weekday-3-long","$v":"Středa"},{"$i":"weekday-4-long","$v":"Čtvrtek"},{"$i":"weekday-5-long","$v":"Pátek"},{"$i":"weekday-6-long","$v":"Sobota"},{"$i":"weekday-0-short","$v":"Ne"},{"$i":"weekday-1-short","$v":"Po"},{"$i":"weekday-2-short","$v":"Út"},{"$i":"weekday-3-short","$v":"St"},{"$i":"weekday-4-short","$v":"Čt"},{"$i":"weekday-5-short","$v":"Pá"},{"$i":"weekday-6-short","$v":"So"},{"$i":"month-0-long","$v":"Leden"},{"$i":"month-1-long","$v":"Únor"},{"$i":"month-2-long","$v":"Březen"},{"$i":"month-3-long","$v":"Duben"},{"$i":"month-4-long","$v":"Květen"},{"$i":"month-5-long","$v":"Červen"},{"$i":"month-6-long","$v":"Červenec"},{"$i":"month-7-long","$v":"Srpen"},{"$i":"month-8-long","$v":"Září"},{"$i":"month-9-long","$v":"Říjen"},{"$i":"month-10-long","$v":"Listopad"},{"$i":"month-11-long","$v":"Prosinec"},{"$i":"month-0-genitive","$v":"Leden"},{"$i":"month-1-genitive","$v":"Únor"},{"$i":"month-2-genitive","$v":"Březen"},{"$i":"month-3-genitive","$v":"Duben"},{"$i":"month-4-genitive","$v":"Květen"},{"$i":"month-5-genitive","$v":"Červen"},{"$i":"month-6-genitive","$v":"Červenec"},{"$i":"month-7-genitive","$v":"Srpen"},{"$i":"month-8-genitive","$v":"Září"},{"$i":"month-9-genitive","$v":"Říjen"},{"$i":"month-10-genitive","$v":"Listopad"},{"$i":"month-11-genitive","$v":"Prosinec"},{"$i":"month-0-short","$v":"Led"},{"$i":"month-1-short","$v":"Úno"},{"$i":"month-2-short","$v":"Bře"},{"$i":"month-3-short","$v":"Dub"},{"$i":"month-4-short","$v":"Kvě"},{"$i":"month-5-short","$v":"Čer"},{"$i":"month-6-short","$v":"Čvc"},{"$i":"month-7-short","$v":"Srp"},{"$i":"month-8-short","$v":"Zář"},{"$i":"month-9-short","$v":"Říj"},{"$i":"month-10-short","$v":"Lis"},{"$i":"month-11-short","$v":"Pro"},{"$i":"minutes-ago-long","$v":{"few":["před ",{"t":"idOrVar","v":"value"}," minutami"],"many":["před ",{"t":"idOrVar","v":"value"}," minutami"],"other":["před ",{"t":"idOrVar","v":"value"}," minutami"],"two":["před ",{"t":"idOrVar","v":"value"}," minutami"],"one":"před minutou","zero":"právě teď"},"$x":[{"t":"idOrVar","v":"plural"},"value"]},{"$i":"hours-ago-long","$v":{"few":["před ",{"t":"idOrVar","v":"value"}," hodinami"],"many":["před ",{"t":"idOrVar","v":"value"}," hodinami"],"other":["před ",{"t":"idOrVar","v":"value"}," hodinami"],"two":["před ",{"t":"idOrVar","v":"value"}," hodinami"],"one":"před 1 hodinou","zero":"právě teď"},"$x":[{"t":"idOrVar","v":"plural"},"value"]},{"$i":"days-ago-long","$v":{"few":["před ",{"t":"idOrVar","v":"value"}," dny"],"many":["před ",{"t":"idOrVar","v":"value"}," dny"],"one":"včera","other":["před ",{"t":"idOrVar","v":"value"}," dny"],"two":["před ",{"t":"idOrVar","v":"value"}," dny"],"zero":"dnes"},"$x":[{"t":"idOrVar","v":"plural"},"value"]},{"$i":"weeks-ago-long","$v":{"few":["před ",{"t":"idOrVar","v":"value"}," týdny"],"many":["před ",{"t":"idOrVar","v":"value"}," týdny"],"one":"minulý týden","other":["před ",{"t":"idOrVar","v":"value"}," týdny"],"two":["před ",{"t":"idOrVar","v":"value"}," týdny"],"zero":"tento týden"},"$x":[{"t":"idOrVar","v":"plural"},"value"]},{"$i":"months-ago-long","$v":{"few":["před ",{"t":"idOrVar","v":"value"}," měsíci"],"many":["před ",{"t":"idOrVar","v":"value"}," měsíci"],"one":"poslední měsíc","other":["před ",{"t":"idOrVar","v":"value"}," měsíci"],"two":["před ",{"t":"idOrVar","v":"value"}," měsíci"],"zero":"tento měsíc"},"$x":[{"t":"idOrVar","v":"plural"},"value"]},{"$i":"years-ago-long","$v":{"few":["před ",{"t":"idOrVar","v":"value"}," lety"],"many":["před ",{"t":"idOrVar","v":"value"}," lety"],"one":"minulý rok","other":["před ",{"t":"idOrVar","v":"value"}," lety"],"two":["před ",{"t":"idOrVar","v":"value"}," lety"],"zero":"tento rok"},"$x":[{"t":"idOrVar","v":"plural"},"value"]},{"$i":"minutes-until-long","$v":{"few":["za ",{"t":"idOrVar","v":"value"}," min."],"many":["za ",{"t":"idOrVar","v":"value"}," min."],"other":["za ",{"t":"idOrVar","v":"value"}," min."],"two":["za ",{"t":"idOrVar","v":"value"}," min."],"zero":"nyní","one":"za 1 minutu"},"$x":[{"t":"idOrVar","v":"plural"},"value"]},{"$i":"hours-until-long","$v":{"few":["za ",{"t":"idOrVar","v":"value"}," hod."],"many":["za ",{"t":"idOrVar","v":"value"}," hod."],"other":["za ",{"t":"idOrVar","v":"value"}," hod."],"two":["za ",{"t":"idOrVar","v":"value"}," hod."],"zero":"nyní","one":"za 1 hodinu"},"$x":[{"t":"idOrVar","v":"plural"},"value"]},{"$i":"days-until-long","$v":{"few":["za ",{"t":"idOrVar","v":"value"}," dny/dní"],"many":["za ",{"t":"idOrVar","v":"value"}," dny/dní"],"one":"zítra","other":["za ",{"t":"idOrVar","v":"value"}," dny/dní"],"two":["za ",{"t":"idOrVar","v":"value"}," dny/dní"],"zero":"dnes"},"$x":[{"t":"idOrVar","v":"plural"},"value"]},{"$i":"weeks-until-long","$v":{"few":["za ",{"t":"idOrVar","v":"value"}," týdny/týdnů"],"many":["za ",{"t":"idOrVar","v":"value"}," týdny/týdnů"],"one":"příští týden","other":["za ",{"t":"idOrVar","v":"value"}," týdny/týdnů"],"two":["za ",{"t":"idOrVar","v":"value"}," týdny/týdnů"],"zero":"tento týden"},"$x":[{"t":"idOrVar","v":"plural"},"value"]},{"$i":"months-until-long","$v":{"few":["za ",{"t":"idOrVar","v":"value"}," měsíce/měsíců"],"many":["za ",{"t":"idOrVar","v":"value"}," měsíce/měsíců"],"one":"příští měsíc","other":["za ",{"t":"idOrVar","v":"value"}," měsíce/měsíců"],"two":["za ",{"t":"idOrVar","v":"value"}," měsíce/měsíců"],"zero":"tento měsíc"},"$x":[{"t":"idOrVar","v":"plural"},"value"]},{"$i":"years-until-long","$v":{"few":["za ",{"t":"idOrVar","v":"value"}," roky/let"],"many":["za ",{"t":"idOrVar","v":"value"}," roky/let"],"one":"příští rok","other":["za ",{"t":"idOrVar","v":"value"}," roky/let"],"two":["za ",{"t":"idOrVar","v":"value"}," roky/let"],"zero":"tento rok"},"$x":[{"t":"idOrVar","v":"plural"},"value"]},{"$i":"minutes-ago-short","$v":{"other":["před ",{"t":"idOrVar","v":"value"}," m"],"zero":"právě teď"},"$x":[{"t":"idOrVar","v":"plural"},"value"]},{"$i":"hours-ago-short","$v":{"other":["před ",{"t":"idOrVar","v":"value"}," h"],"zero":"právě teď"},"$x":[{"t":"idOrVar","v":"plural"},"value"]},{"$i":"days-ago-short","$v":{"other":["před ",{"t":"idOrVar","v":"value"}," d"],"zero":"dnes"},"$x":[{"t":"idOrVar","v":"plural"},"value"]},{"$i":"minutes-until-short","$v":{"other":["za ",{"t":"idOrVar","v":"value"}," m"],"zero":"nyní"},"$x":[{"t":"idOrVar","v":"plural"},"value"]},{"$i":"hours-until-short","$v":{"other":["za ",{"t":"idOrVar","v":"value"}," h"],"zero":"nyní"},"$x":[{"t":"idOrVar","v":"plural"},"value"]},{"$i":"days-until-short","$v":{"other":["za ",{"t":"idOrVar","v":"value"}," d"],"zero":"dnes"},"$x":[{"t":"idOrVar","v":"plural"},"value"]},{"$i":"incorrectDate","$v":"(nesprávné datum)"},{"$i":"dateTimeFormat_%c","$v":"%a %b %e %Y %I:%M:%S %p"},{"$i":"dateTimeFormat_%x","$v":"%m/%d/%Y"},{"$i":"dateTimeFormat_%X","$v":"%I:%M:%S %p"},{"$i":"shortTimeFormat","$v":"%I:%M %p"},{"$i":"shortTimeFormat12","$v":"%I:%M %p"},{"$i":"shortTimeFormat24","$v":"%H:%M"},{"$i":"shortDateTimeFormat","$v":"%x %I:%M %p"},{"$i":"weekStartsOnMonday","$v":"0.0"},{"$i":"firstDayOfTheWeek","$v":"1.0"},{"$i":"time_am","$v":"dop."},{"$i":"time_pm","$v":"odp."},{"$i":"softkey-options","$v":"Možnosti"}]