[{"$i":"done","$v":"Τέλος"},{"$i":"number-selected2","$v":{"few":["Επιλέχθηκαν ",{"t":"idOrVar","v":"n"}],"many":["Επιλέχθηκαν ",{"t":"idOrVar","v":"n"}],"one":["Επιλέχθηκε ",{"t":"idOrVar","v":"n"}],"other":["Επιλέχθηκαν ",{"t":"idOrVar","v":"n"}],"two":["Επιλέχθηκαν ",{"t":"idOrVar","v":"n"}],"zero":["Επιλέχθηκαν ",{"t":"idOrVar","v":"n"}]},"$x":[{"t":"idOrVar","v":"plural"},"n"]},{"$i":"delete-n-items?","$v":{"few":["Να διαγραφούν τα ",{"t":"idOrVar","v":"n"}," βίντεο;"],"many":["Να διαγραφούν τα ",{"t":"idOrVar","v":"n"}," βίντεο;"],"one":"Να διαγρ. το επιλεγμένο βίντεο;","other":["Να διαγραφούν τα ",{"t":"idOrVar","v":"n"}," βίντεο;"],"two":["Να διαγραφούν τα ",{"t":"idOrVar","v":"n"}," βίντεο;"],"zero":"Δεν επιλέχθηκε τίποτα"},"$x":[{"t":"idOrVar","v":"plural"},"n"]},{"$i":"not-load-video-time","$v":"--:--"},{"$i":"video-time-num","$v":["0",{"t":"idOrVar","v":"num"}]},{"$i":"video-time-minute","$v":[{"t":"idOrVar","v":"owe"},{"t":"idOrVar","v":"m"},":",{"t":"idOrVar","v":"s"}]},{"$i":"video-time-hour","$v":[{"t":"idOrVar","v":"owe"},{"t":"idOrVar","v":"h"},":",{"t":"idOrVar","v":"m"},":",{"t":"idOrVar","v":"s"}]},{"$i":"share-noprovider","$v":"Δοκιμ. κοιν. χρήση ενός βίντεο κάθε φορά."},{"$i":"videos","$v":"Βίντεο"},{"$i":"cancel","$v":"Ακύρωση"},{"$i":"delete-video?","$v":"Να διαγρ. το επιλεγμένο βίντεο;"},{"$i":"empty-title","$v":"Προσθέστε βίντεο για να ξεκινήσετε"},{"$i":"empty-text","$v":"Κανένα διαθέσιμο βίντεο."},{"$i":"empty-content","$v":"Ο φάκελος Βίντεο είναι κενός. Για να ξεκινήσετε, χρησιμοποιήστε την κάμερα."},{"$i":"search-title","$v":"Σάρωση"},{"$i":"search-content","$v":"Σάρωση"},{"$i":"nocard2-title","$v":"Δεν βρέθηκε κάρτα μνήμης"},{"$i":"nocard3-text","$v":"Δεν βρέθηκε κάρτα μνήμης. Τοποθετήστε κάρτα μνήμης για να τραβήξετε βίντεο."},{"$i":"pluggedin-title","$v":"Δεν είναι δυνατή η αναπ. βίντεο με συνδεδεμένο το καλώδιο"},{"$i":"pluggedin-text","$v":"Ο χώρος αποθήκευσης χρησιμοποιείται αυτήν τη στιγμή. Για λήψη βίντεο, αποσυνδέστε το τηλέφωνο."},{"$i":"upgrade-title","$v":"Αναβάθμιση βάσης δεδομένων"},{"$i":"upgrade-text","$v":"Ενημέρωση βάσης δεδ. Βίντεο. Περιμένετε."},{"$i":"confirm-delete","$v":"Είστε βέβαιοι ότι θέλετε να διαγράψετε:"},{"$i":"pick-title","$v":"Επιλέξτε βίντεο"},{"$i":"save","$v":"Αποθήκευση"},{"$i":"saved","$v":"αποθηκ. στη βιβλιοθήκη βίντεο."},{"$i":"save-failed","$v":"Η αποθήκευση του βίντεο δεν ήταν δυνατή. Προσπαθήστε ξανά."},{"$i":"error-network","$v":"Δεν είναι δυνατή η λήψη του βίντεο λόγω σφάλματος δικτύου."},{"$i":"error-unsupported","$v":"Δεν είναι δυνατή η αναπαρ. βίντεο λόγω σφάλματος διακομιστή ή δικτύου ή επειδή δεν υποστηρίζεται η μορφή."},{"$i":"error-unknown","$v":"Άγνωστο σφάλμα βίντεο."},{"$i":"video-hardware-in-use-title","$v":"Αδυν. αναπαραγ. βίντεο"},{"$i":"video-hardware-in-use-text","$v":"Το πρόγραμμα αναπαραγωγής βίντεο χρησιμοποιείται από άλλη εφαρμογή."},{"$i":"overlay-cancel-button","$v":"Ακύρωση"},{"$i":"overlay-camera-button","$v":"Μετάβαση στην κάμερα"},{"$i":"sd-storage-full-header","$v":"Κάρτα SD πλήρης."},{"$i":"sd-storage-full-content","$v":"Διαγράψτε αρχεία στην κάρτα SD για να ελευθερώσετε χώρο."},{"$i":"phone-storage-full-header","$v":"Ο χώρος αποθήκευσης του τηλεφώνου είναι πλήρης."},{"$i":"phone-storage-full-content","$v":"Διαγράψτε αρχεία πολυμέσων ή δεδομένα εφαρμογών για να ελευθερώσετε χώρο. Μπορείτε, επίσης, να εισαγάγετε μια κάρτα SD για να επεκτείνετε τον χώρο αποθήκευσης πολυμέσων."},{"$i":"name-label","$v":"Όνομα"},{"$i":"length-label","$v":"Μήκος"},{"$i":"size-label","$v":"Μέγεθος"},{"$i":"video-type-label","$v":"Τύπος βίντεο"},{"$i":"date-taken-label","$v":"Ημ/νία λήψης"},{"$i":"resolution-label","$v":"Ανάλυση"},{"$i":"close-button","$v":"Κλείσιμο"},{"$i":"byteUnit-B","$v":"Byte"},{"$i":"byteUnit-KB","$v":"KB"},{"$i":"byteUnit-MB","$v":"MB"},{"$i":"byteUnit-GB","$v":"ΗΒ"},{"$i":"byteUnit-TB","$v":"TB"},{"$i":"byteUnit-PB","$v":"PB"},{"$i":"byteUnit-EB","$v":"EB"},{"$i":"byteUnit-ZB","$v":"ZB"},{"$i":"byteUnit-YB","$v":"YB"},{"$i":"date-group-header","$v":"%B %Y"},{"$i":"share","$v":"Κοινή χρήση"},{"$i":"more-info","$v":"Περισσότερες πληροφορίες"},{"$i":"delete","$v":"Διαγραφή"},{"$i":"video-button","ariaLabel":"Βίντεο"},{"$i":"select-button","ariaLabel":"Επιλογή"},{"$i":"delete-button","ariaLabel":"Διαγραφή"},{"$i":"share-button","ariaLabel":"Κοινή χρήση"},{"$i":"info-view","ariaLabel":"Πληροφορίες"},{"$i":"options-view","ariaLabel":"Επιλογές"},{"$i":"confirm-dialog","ariaLabel":"Επιβεβαίωση"},{"$i":"videos-list","ariaLabel":"Βίντεο"},{"$i":"options-more","ariaLabel":"Περισσότερα"},{"$i":"seek-backward","ariaLabel":"Αναζήτηση πίσω"},{"$i":"seek-bar","ariaLabel":["Γρ. αναζήτ., διάρ. ",{"t":"idOrVar","v":"duration"}]},{"$i":"seek-forward","ariaLabel":"Αναζήτ. μπροστά"},{"$i":"play-button","ariaLabel":"Αναπαραγωγή"},{"$i":"pause-button","ariaLabel":"Παύση"},{"$i":"fullscreen-button","ariaLabel":"Πλήρης οθόνη"},{"$i":"show-controls-button","ariaLabel":"Εμφ. στοιχ. ελέγχου"},{"$i":"hide-controls-button","ariaLabel":"Απόκρυψη στοιχείων ελέγχου"},{"$i":"confirmation-title","$v":"Επιβεβαίωση"},{"$i":"n-video-deleted","$v":{"zero":"Δεν επιλέχθηκε τίποτα","one":"Το βίντεο διαγράφηκε.","few":["Διαγράφηκαν ",{"t":"idOrVar","v":"n"}," βίντεο."],"many":["Διαγράφηκαν ",{"t":"idOrVar","v":"n"}," βίντεο."],"other":["Διαγράφηκαν ",{"t":"idOrVar","v":"n"}," βίντεο."],"two":["Διαγράφηκαν ",{"t":"idOrVar","v":"n"}," βίντεο."]},"$x":[{"t":"idOrVar","v":"plural"},"n"]},{"$i":"rename-saved","$v":"Οι αλλαγές αποθηκεύτηκαν"},{"$i":"confirm-video","$v":"Βίντεο"},{"$i":"confirm-ok","$v":"OK"},{"$i":"options-header","$v":"Επιλογές"},{"$i":"video-invalid-name","$v":"Μη έγκυρο όνομα"},{"$i":"name-already-exists","$v":"Αυτό το όνομα υπάρχει ήδη"},{"$i":"override-warning-msg","$v":"Θέλετε να αντικαταστήσετε το υπάρχον αρχείο;"},{"$i":"override","$v":"Παράκαμψη"},{"$i":"opt-takevideo","$v":"Κάμερα"},{"$i":"select","$v":"Επιλογή"},{"$i":"opt-deselect","$v":"Αναίρεση επιλογής"},{"$i":"opt-delete","$v":"Διαγραφή"},{"$i":"opt-rename","$v":"Μετονομασία"},{"$i":"opt-selectmultiple","$v":"Επιλογή πολλών"},{"$i":"opt-fileinfo","$v":"Στοιχεία αρχείου"},{"$i":"opt-selectall","$v":"Επιλογή όλων"},{"$i":"opt-deselectall","$v":"Αναίρεση επιλογής όλων"},{"$i":"opt-fullscreen","$v":"Πλήρης οθόνη"},{"$i":"opt-play","$v":"Αναπαραγωγή"},{"$i":"opt-pause","$v":"Παύση"},{"$i":"opt-volume","$v":"Ένταση"},{"$i":"opt-rotate","$v":"Περιστροφή"},{"$i":"opt-cancel","$v":"Ακύρωση"},{"$i":"opt-settings","$v":"Ρυθμίσεις"},{"$i":"weekday-0-long","$v":"Κυριακή"},{"$i":"weekday-1-long","$v":"Δευτέρα"},{"$i":"weekday-2-long","$v":"Τρίτη"},{"$i":"weekday-3-long","$v":"Τετάρτη"},{"$i":"weekday-4-long","$v":"Πέμπτη"},{"$i":"weekday-5-long","$v":"Παρασκευή"},{"$i":"weekday-6-long","$v":"Σάββατο"},{"$i":"weekday-0-short","$v":"Κυρ"},{"$i":"weekday-1-short","$v":"Δευ"},{"$i":"weekday-2-short","$v":"Τρ"},{"$i":"weekday-3-short","$v":"Τετ"},{"$i":"weekday-4-short","$v":"Πέμ"},{"$i":"weekday-5-short","$v":"Παρ"},{"$i":"weekday-6-short","$v":"Σάβ"},{"$i":"month-0-long","$v":"Ιανουάριος"},{"$i":"month-1-long","$v":"Φεβρουάριος"},{"$i":"month-2-long","$v":"Μάρτιος"},{"$i":"month-3-long","$v":"Απρίλιος"},{"$i":"month-4-long","$v":"Μάιος"},{"$i":"month-5-long","$v":"Ιούνιος"},{"$i":"month-6-long","$v":"Ιούλιος"},{"$i":"month-7-long","$v":"Αύγουστος"},{"$i":"month-8-long","$v":"Σεπτέμβριος"},{"$i":"month-9-long","$v":"Οκτώβριος"},{"$i":"month-10-long","$v":"Νοέμβριος"},{"$i":"month-11-long","$v":"Δεκέμβριος"},{"$i":"month-0-genitive","$v":"Ιανουάριος"},{"$i":"month-1-genitive","$v":"Φεβρουάριος"},{"$i":"month-2-genitive","$v":"Μάρτιος"},{"$i":"month-3-genitive","$v":"Απρίλιος"},{"$i":"month-4-genitive","$v":"Μάι"},{"$i":"month-5-genitive","$v":"Ιούνιος"},{"$i":"month-6-genitive","$v":"Ιούλιος"},{"$i":"month-7-genitive","$v":"Αύγουστος"},{"$i":"month-8-genitive","$v":"Σεπτέμβριος"},{"$i":"month-9-genitive","$v":"Οκτώβριος"},{"$i":"month-10-genitive","$v":"Νοέμβριος"},{"$i":"month-11-genitive","$v":"Δεκέμβριος"},{"$i":"month-0-short","$v":"Ιαν"},{"$i":"month-1-short","$v":"Φεβ"},{"$i":"month-2-short","$v":"Μάρ"},{"$i":"month-3-short","$v":"Απρ"},{"$i":"month-4-short","$v":"Μάι"},{"$i":"month-5-short","$v":"Ιούν"},{"$i":"month-6-short","$v":"Ιούλ"},{"$i":"month-7-short","$v":"Αύγ"},{"$i":"month-8-short","$v":"Σεπ"},{"$i":"month-9-short","$v":"Οκτ"},{"$i":"month-10-short","$v":"Νοέ"},{"$i":"month-11-short","$v":"Δεκ"},{"$i":"minutes-ago-long","$v":{"few":[{"t":"idOrVar","v":"value"}," λεπτά πριν"],"many":[{"t":"idOrVar","v":"value"}," λεπτά πριν"],"other":[{"t":"idOrVar","v":"value"}," λεπτά πριν"],"two":[{"t":"idOrVar","v":"value"}," λεπτά πριν"],"one":"ένα λεπτό πριν","zero":"μόλις τώρα"},"$x":[{"t":"idOrVar","v":"plural"},"value"]},{"$i":"hours-ago-long","$v":{"few":[{"t":"idOrVar","v":"value"}," ώρες πριν"],"many":[{"t":"idOrVar","v":"value"}," ώρες πριν"],"other":[{"t":"idOrVar","v":"value"}," ώρες πριν"],"two":[{"t":"idOrVar","v":"value"}," ώρες πριν"],"one":"Πριν από 1 ώρα","zero":"μόλις τώρα"},"$x":[{"t":"idOrVar","v":"plural"},"value"]},{"$i":"days-ago-long","$v":{"few":[{"t":"idOrVar","v":"value"}," ημέρες πριν"],"many":[{"t":"idOrVar","v":"value"}," ημέρες πριν"],"one":"χθες","other":[{"t":"idOrVar","v":"value"}," ημέρες πριν"],"two":[{"t":"idOrVar","v":"value"}," ημέρες πριν"],"zero":"σήμερα"},"$x":[{"t":"idOrVar","v":"plural"},"value"]},{"$i":"weeks-ago-long","$v":{"few":[{"t":"idOrVar","v":"value"}," εβδομάδες πριν"],"many":[{"t":"idOrVar","v":"value"}," εβδομάδες πριν"],"one":"προηγούμενη εβδομάδα","other":[{"t":"idOrVar","v":"value"}," εβδομάδες πριν"],"two":[{"t":"idOrVar","v":"value"}," εβδομάδες πριν"],"zero":"αυτήν την εβδομάδα"},"$x":[{"t":"idOrVar","v":"plural"},"value"]},{"$i":"months-ago-long","$v":{"few":[{"t":"idOrVar","v":"value"}," μήνες πριν"],"many":[{"t":"idOrVar","v":"value"}," μήνες πριν"],"one":"τελευταίος μήνας","other":[{"t":"idOrVar","v":"value"}," μήνες πριν"],"two":[{"t":"idOrVar","v":"value"}," μήνες πριν"],"zero":"αυτόν τον μήνα"},"$x":[{"t":"idOrVar","v":"plural"},"value"]},{"$i":"years-ago-long","$v":{"few":[{"t":"idOrVar","v":"value"}," έτη πριν"],"many":[{"t":"idOrVar","v":"value"}," έτη πριν"],"one":"προηγούμενο έτος","other":[{"t":"idOrVar","v":"value"}," έτη πριν"],"two":[{"t":"idOrVar","v":"value"}," έτη πριν"],"zero":"αυτό το έτος"},"$x":[{"t":"idOrVar","v":"plural"},"value"]},{"$i":"minutes-until-long","$v":{"few":["σε ",{"t":"idOrVar","v":"value"}," λεπτά"],"many":["σε ",{"t":"idOrVar","v":"value"}," λεπτά"],"other":["σε ",{"t":"idOrVar","v":"value"}," λεπτά"],"two":["σε ",{"t":"idOrVar","v":"value"}," λεπτά"],"zero":"τώρα","one":"σε 1 λεπτό"},"$x":[{"t":"idOrVar","v":"plural"},"value"]},{"$i":"hours-until-long","$v":{"few":["σε ",{"t":"idOrVar","v":"value"}," ώρες"],"many":["σε ",{"t":"idOrVar","v":"value"}," ώρες"],"other":["σε ",{"t":"idOrVar","v":"value"}," ώρες"],"two":["σε ",{"t":"idOrVar","v":"value"}," ώρες"],"zero":"τώρα","one":"σε 1 ώρα"},"$x":[{"t":"idOrVar","v":"plural"},"value"]},{"$i":"days-until-long","$v":{"few":["σε ",{"t":"idOrVar","v":"value"}," ημέρες"],"many":["σε ",{"t":"idOrVar","v":"value"}," ημέρες"],"one":"αύριο","other":["σε ",{"t":"idOrVar","v":"value"}," ημέρες"],"two":["σε ",{"t":"idOrVar","v":"value"}," ημέρες"],"zero":"σήμερα"},"$x":[{"t":"idOrVar","v":"plural"},"value"]},{"$i":"weeks-until-long","$v":{"few":["σε ",{"t":"idOrVar","v":"value"}," εβδομάδες"],"many":["σε ",{"t":"idOrVar","v":"value"}," εβδομάδες"],"one":"επόμενη εβδομάδα","other":["σε ",{"t":"idOrVar","v":"value"}," εβδομάδες"],"two":["σε ",{"t":"idOrVar","v":"value"}," εβδομάδες"],"zero":"αυτήν την εβδομάδα"},"$x":[{"t":"idOrVar","v":"plural"},"value"]},{"$i":"months-until-long","$v":{"few":["σε ",{"t":"idOrVar","v":"value"}," μήνες"],"many":["σε ",{"t":"idOrVar","v":"value"}," μήνες"],"one":"επόμενος μήνας","other":["σε ",{"t":"idOrVar","v":"value"}," μήνες"],"two":["σε ",{"t":"idOrVar","v":"value"}," μήνες"],"zero":"αυτόν τον μήνα"},"$x":[{"t":"idOrVar","v":"plural"},"value"]},{"$i":"years-until-long","$v":{"few":["σε ",{"t":"idOrVar","v":"value"}," έτη"],"many":["σε ",{"t":"idOrVar","v":"value"}," έτη"],"one":"επόμενο έτος","other":["σε ",{"t":"idOrVar","v":"value"}," έτη"],"two":["σε ",{"t":"idOrVar","v":"value"}," έτη"],"zero":"αυτό το έτος"},"$x":[{"t":"idOrVar","v":"plural"},"value"]},{"$i":"minutes-ago-short","$v":{"other":[{"t":"idOrVar","v":"value"}," μήνα πριν"],"zero":"μόλις τώρα"},"$x":[{"t":"idOrVar","v":"plural"},"value"]},{"$i":"hours-ago-short","$v":{"other":[{"t":"idOrVar","v":"value"}," ώρες πριν"],"zero":"μόλις τώρα"},"$x":[{"t":"idOrVar","v":"plural"},"value"]},{"$i":"days-ago-short","$v":{"other":[{"t":"idOrVar","v":"value"}," ημ. πριν"],"zero":"σήμερα"},"$x":[{"t":"idOrVar","v":"plural"},"value"]},{"$i":"minutes-until-short","$v":{"other":["σε ",{"t":"idOrVar","v":"value"}," λεπτ."],"zero":"τώρα"},"$x":[{"t":"idOrVar","v":"plural"},"value"]},{"$i":"hours-until-short","$v":{"other":["σε ",{"t":"idOrVar","v":"value"}," ώρ."],"zero":"τώρα"},"$x":[{"t":"idOrVar","v":"plural"},"value"]},{"$i":"days-until-short","$v":{"other":["σε ",{"t":"idOrVar","v":"value"}," ημ."],"zero":"σήμερα"},"$x":[{"t":"idOrVar","v":"plural"},"value"]},{"$i":"incorrectDate","$v":"(εσφαλμένη ημερομηνία)"},{"$i":"dateTimeFormat_%c","$v":"%a %b %e %Y %I:%M:%S %p"},{"$i":"dateTimeFormat_%x","$v":"%m/%d/%Y"},{"$i":"dateTimeFormat_%X","$v":"%I:%M:%S %p"},{"$i":"shortTimeFormat","$v":"%I:%M %p"},{"$i":"shortTimeFormat12","$v":"%I:%M %p"},{"$i":"shortTimeFormat24","$v":"%H:%M"},{"$i":"shortDateTimeFormat","$v":"%x %I:%M %p"},{"$i":"weekStartsOnMonday","$v":"0.0"},{"$i":"firstDayOfTheWeek","$v":"1.0"},{"$i":"time_am","$v":"ΠΜ"},{"$i":"time_pm","$v":"ΜΜ"},{"$i":"softkey-options","$v":"Επιλογές"}]