[{"$i":"done","$v":"Hecho"},{"$i":"number-selected2","$v":{"few":[{"t":"idOrVar","v":"n"}," seleccionados"],"many":[{"t":"idOrVar","v":"n"}," seleccionados"],"one":[{"t":"idOrVar","v":"n"}," seleccionados"],"other":[{"t":"idOrVar","v":"n"}," seleccionados"],"two":[{"t":"idOrVar","v":"n"}," seleccionados"],"zero":[{"t":"idOrVar","v":"n"}," seleccionados"]},"$x":[{"t":"idOrVar","v":"plural"},"n"]},{"$i":"delete-n-items?","$v":{"few":["¿Desea eliminar ",{"t":"idOrVar","v":"n"}," vídeos?"],"many":["¿Desea eliminar ",{"t":"idOrVar","v":"n"}," vídeos?"],"one":"¿Desea eliminar el vídeo seleccionado?","other":["¿Desea eliminar ",{"t":"idOrVar","v":"n"}," vídeos?"],"two":["¿Desea eliminar ",{"t":"idOrVar","v":"n"}," vídeos?"],"zero":"No hay nada seleccionado"},"$x":[{"t":"idOrVar","v":"plural"},"n"]},{"$i":"not-load-video-time","$v":"--:--"},{"$i":"video-time-num","$v":["0",{"t":"idOrVar","v":"num"}]},{"$i":"video-time-minute","$v":[{"t":"idOrVar","v":"owe"},{"t":"idOrVar","v":"m"},":",{"t":"idOrVar","v":"s"}]},{"$i":"video-time-hour","$v":[{"t":"idOrVar","v":"owe"},{"t":"idOrVar","v":"h"},":",{"t":"idOrVar","v":"m"},":",{"t":"idOrVar","v":"s"}]},{"$i":"share-noprovider","$v":"Intente compartir un vídeo a la vez."},{"$i":"videos","$v":"Vídeos"},{"$i":"cancel","$v":"Cancelar"},{"$i":"delete-video?","$v":"¿Desea eliminar el vídeo seleccionado?"},{"$i":"empty-title","$v":"Añadir archivos para empezar"},{"$i":"empty-text","$v":"No hay ningún vídeo disponible."},{"$i":"empty-content","$v":"El vídeo está vacío. Utilice la cámara para empezar."},{"$i":"search-title","$v":"Buscando vídeos..."},{"$i":"search-content","$v":"Buscando vídeos..."},{"$i":"nocard2-title","$v":"No se ha encontrado ninguna tarjeta de memoria"},{"$i":"nocard3-text","$v":"La tarjeta de memoria no se ha encontrado. Inserte una tarjeta de memoria para grabar vídeos."},{"$i":"pluggedin-title","$v":"El vídeo no se puede ver si el teléfono está enchufado"},{"$i":"pluggedin-text","$v":"El almacenamiento está en uso. Desconecte el teléfono para grabar vídeos."},{"$i":"upgrade-title","$v":"Actualización de base de datos"},{"$i":"upgrade-text","$v":"Espere hasta que el vídeo actualice su base de datos."},{"$i":"confirm-delete","$v":"¿Seguro que desea proceder eliminar:"},{"$i":"pick-title","$v":"Seleccionar un vídeo"},{"$i":"save","$v":"Guardar"},{"$i":"saved","$v":"guardado en la biblioteca de vídeos."},{"$i":"save-failed","$v":"No se ha podido guardar el vídeo; inténtelo de nuevo."},{"$i":"error-network","$v":"El vídeo no se pudo descargar debido a un error de la red."},{"$i":"error-unsupported","$v":"El vídeo no se puede reproducir debido a un error del servidor o de la red o porque el formato no es compatible."},{"$i":"error-unknown","$v":"Se ha producido un error de vídeo desconocido."},{"$i":"video-hardware-in-use-title","$v":"No se puede reproducir el vídeo."},{"$i":"video-hardware-in-use-text","$v":"Otra aplicación está utilizando el reproductor de vídeo."},{"$i":"overlay-cancel-button","$v":"Cancelar"},{"$i":"overlay-camera-button","$v":"Ir a Cámara"},{"$i":"sd-storage-full-header","$v":"Tarjeta SD llena"},{"$i":"sd-storage-full-content","$v":"Elimine archivos de la tarjeta SD para liberar espacio."},{"$i":"phone-storage-full-header","$v":"Almacenamiento del teléfono lleno"},{"$i":"phone-storage-full-content","$v":"Elimine archivos de medios o datos de aplicaciones para liberar espacio. También puede insertar una tarjeta SD para ampliar el almacenamiento de medios."},{"$i":"name-label","$v":"Nombre"},{"$i":"length-label","$v":"Duración"},{"$i":"size-label","$v":"Tamaño"},{"$i":"video-type-label","$v":"Tipo de vídeo"},{"$i":"date-taken-label","$v":"Fecha de realización"},{"$i":"resolution-label","$v":"Resolución"},{"$i":"close-button","$v":"Cerrar"},{"$i":"byteUnit-B","$v":"Bytes"},{"$i":"byteUnit-KB","$v":"KB"},{"$i":"byteUnit-MB","$v":"MB"},{"$i":"byteUnit-GB","$v":"GB"},{"$i":"byteUnit-TB","$v":"TB"},{"$i":"byteUnit-PB","$v":"PB"},{"$i":"byteUnit-EB","$v":"EB"},{"$i":"byteUnit-ZB","$v":"ZB"},{"$i":"byteUnit-YB","$v":"YB"},{"$i":"date-group-header","$v":"%B %Y"},{"$i":"share","$v":"Compartir"},{"$i":"more-info","$v":"Más info"},{"$i":"delete","$v":"Eliminar"},{"$i":"video-button","ariaLabel":"Vídeo"},{"$i":"select-button","ariaLabel":"Seleccionar"},{"$i":"delete-button","ariaLabel":"Eliminar"},{"$i":"share-button","ariaLabel":"Compartir"},{"$i":"info-view","ariaLabel":"Información"},{"$i":"options-view","ariaLabel":"Opciones"},{"$i":"confirm-dialog","ariaLabel":"Confirmar"},{"$i":"videos-list","ariaLabel":"Vídeos"},{"$i":"options-more","ariaLabel":"Más"},{"$i":"seek-backward","ariaLabel":"Buscar hacia atrás"},{"$i":"seek-bar","ariaLabel":["Barra de búsqueda, duración ",{"t":"idOrVar","v":"duration"}]},{"$i":"seek-forward","ariaLabel":"Buscar hacia delante"},{"$i":"play-button","ariaLabel":"Reproducir"},{"$i":"pause-button","ariaLabel":"Pausar"},{"$i":"fullscreen-button","ariaLabel":"Pantalla completa"},{"$i":"show-controls-button","ariaLabel":"Mostrar controles"},{"$i":"hide-controls-button","ariaLabel":"Ocultar controles"},{"$i":"confirmation-title","$v":"Confirmación"},{"$i":"n-video-deleted","$v":{"zero":"No hay nada seleccionado","one":"Vídeo eliminado","few":[{"t":"idOrVar","v":"n"}," vídeos eliminados"],"many":[{"t":"idOrVar","v":"n"}," vídeos eliminados"],"other":[{"t":"idOrVar","v":"n"}," vídeos eliminados"],"two":[{"t":"idOrVar","v":"n"}," vídeos eliminados"]},"$x":[{"t":"idOrVar","v":"plural"},"n"]},{"$i":"rename-saved","$v":"Cambios guardados"},{"$i":"confirm-video","$v":"Vídeo"},{"$i":"confirm-ok","$v":"Aceptar"},{"$i":"options-header","$v":"Opciones"},{"$i":"video-invalid-name","$v":"Nombre no válido"},{"$i":"name-already-exists","$v":"Este nombre ya existe."},{"$i":"override-warning-msg","$v":"¿Desea sobrescribir el archivo existente?"},{"$i":"override","$v":"Sobrescribir"},{"$i":"opt-takevideo","$v":"Cámara"},{"$i":"select","$v":"Selec."},{"$i":"opt-deselect","$v":"Deseleccionar"},{"$i":"opt-delete","$v":"Eliminar"},{"$i":"opt-rename","$v":"Cambiar nombre"},{"$i":"opt-selectmultiple","$v":"Seleccionar varios"},{"$i":"opt-fileinfo","$v":"Información del archivo"},{"$i":"opt-selectall","$v":"Todo"},{"$i":"opt-deselectall","$v":"Ninguno"},{"$i":"opt-fullscreen","$v":"Pantalla completa"},{"$i":"opt-play","$v":"Reproducir"},{"$i":"opt-pause","$v":"Pausar"},{"$i":"opt-volume","$v":"Volumen"},{"$i":"opt-rotate","$v":"Girar"},{"$i":"opt-cancel","$v":"Cancelar"},{"$i":"opt-settings","$v":"Ajustes"},{"$i":"weekday-0-long","$v":"domingo"},{"$i":"weekday-1-long","$v":"lunes"},{"$i":"weekday-2-long","$v":"martes"},{"$i":"weekday-3-long","$v":"miércoles"},{"$i":"weekday-4-long","$v":"jueves"},{"$i":"weekday-5-long","$v":"viernes"},{"$i":"weekday-6-long","$v":"sábado"},{"$i":"weekday-0-short","$v":"dom."},{"$i":"weekday-1-short","$v":"lun."},{"$i":"weekday-2-short","$v":"mar."},{"$i":"weekday-3-short","$v":"mié."},{"$i":"weekday-4-short","$v":"jue."},{"$i":"weekday-5-short","$v":"vie."},{"$i":"weekday-6-short","$v":"sáb."},{"$i":"month-0-long","$v":"enero"},{"$i":"month-1-long","$v":"febrero"},{"$i":"month-2-long","$v":"marzo"},{"$i":"month-3-long","$v":"abril"},{"$i":"month-4-long","$v":"mayo"},{"$i":"month-5-long","$v":"junio"},{"$i":"month-6-long","$v":"julio"},{"$i":"month-7-long","$v":"agosto"},{"$i":"month-8-long","$v":"septiembre"},{"$i":"month-9-long","$v":"octubre"},{"$i":"month-10-long","$v":"noviembre"},{"$i":"month-11-long","$v":"diciembre"},{"$i":"month-0-genitive","$v":"enero"},{"$i":"month-1-genitive","$v":"febrero"},{"$i":"month-2-genitive","$v":"marzo"},{"$i":"month-3-genitive","$v":"abril"},{"$i":"month-4-genitive","$v":"mayo"},{"$i":"month-5-genitive","$v":"junio"},{"$i":"month-6-genitive","$v":"julio"},{"$i":"month-7-genitive","$v":"agosto"},{"$i":"month-8-genitive","$v":"septiembre"},{"$i":"month-9-genitive","$v":"octubre"},{"$i":"month-10-genitive","$v":"noviembre"},{"$i":"month-11-genitive","$v":"diciembre"},{"$i":"month-0-short","$v":"ene"},{"$i":"month-1-short","$v":"feb"},{"$i":"month-2-short","$v":"mar"},{"$i":"month-3-short","$v":"abr"},{"$i":"month-4-short","$v":"mayo"},{"$i":"month-5-short","$v":"jun"},{"$i":"month-6-short","$v":"jul"},{"$i":"month-7-short","$v":"ago"},{"$i":"month-8-short","$v":"sep"},{"$i":"month-9-short","$v":"oct"},{"$i":"month-10-short","$v":"nov"},{"$i":"month-11-short","$v":"dic"},{"$i":"minutes-ago-long","$v":{"few":["Hace ",{"t":"idOrVar","v":"value"}," minutos"],"many":["Hace ",{"t":"idOrVar","v":"value"}," minutos"],"other":["Hace ",{"t":"idOrVar","v":"value"}," minutos"],"two":["Hace ",{"t":"idOrVar","v":"value"}," minutos"],"one":"Hace un minuto","zero":"Justo ahora"},"$x":[{"t":"idOrVar","v":"plural"},"value"]},{"$i":"hours-ago-long","$v":{"few":["Hace ",{"t":"idOrVar","v":"value"}," horas"],"many":["Hace ",{"t":"idOrVar","v":"value"}," horas"],"other":["Hace ",{"t":"idOrVar","v":"value"}," horas"],"two":["Hace ",{"t":"idOrVar","v":"value"}," horas"],"one":"Hace una hora","zero":"Justo ahora"},"$x":[{"t":"idOrVar","v":"plural"},"value"]},{"$i":"days-ago-long","$v":{"few":["Hace ",{"t":"idOrVar","v":"value"}," días"],"many":["Hace ",{"t":"idOrVar","v":"value"}," días"],"one":"Ayer","other":["Hace ",{"t":"idOrVar","v":"value"}," días"],"two":["Hace ",{"t":"idOrVar","v":"value"}," días"],"zero":"Hoy"},"$x":[{"t":"idOrVar","v":"plural"},"value"]},{"$i":"weeks-ago-long","$v":{"few":["Hace ",{"t":"idOrVar","v":"value"}," semanas"],"many":["Hace ",{"t":"idOrVar","v":"value"}," semanas"],"one":"La semana pasada","other":["Hace ",{"t":"idOrVar","v":"value"}," semanas"],"two":["Hace ",{"t":"idOrVar","v":"value"}," semanas"],"zero":"Esta semana"},"$x":[{"t":"idOrVar","v":"plural"},"value"]},{"$i":"months-ago-long","$v":{"few":["Hace ",{"t":"idOrVar","v":"value"}," meses"],"many":["Hace ",{"t":"idOrVar","v":"value"}," meses"],"one":"Último mes","other":["Hace ",{"t":"idOrVar","v":"value"}," meses"],"two":["Hace ",{"t":"idOrVar","v":"value"}," meses"],"zero":"Este mes"},"$x":[{"t":"idOrVar","v":"plural"},"value"]},{"$i":"years-ago-long","$v":{"few":["Hace ",{"t":"idOrVar","v":"value"}," años"],"many":["Hace ",{"t":"idOrVar","v":"value"}," años"],"one":"El año pasado","other":["Hace ",{"t":"idOrVar","v":"value"}," años"],"two":["Hace ",{"t":"idOrVar","v":"value"}," años"],"zero":"Este año"},"$x":[{"t":"idOrVar","v":"plural"},"value"]},{"$i":"minutes-until-long","$v":{"few":["Dentro de ",{"t":"idOrVar","v":"value"}," minutos"],"many":["Dentro de ",{"t":"idOrVar","v":"value"}," minutos"],"other":["Dentro de ",{"t":"idOrVar","v":"value"}," minutos"],"two":["Dentro de ",{"t":"idOrVar","v":"value"}," minutos"],"zero":"ahora","one":"Dentro de un minuto"},"$x":[{"t":"idOrVar","v":"plural"},"value"]},{"$i":"hours-until-long","$v":{"few":["Dentro de ",{"t":"idOrVar","v":"value"}," horas"],"many":["Dentro de ",{"t":"idOrVar","v":"value"}," horas"],"other":["Dentro de ",{"t":"idOrVar","v":"value"}," horas"],"two":["Dentro de ",{"t":"idOrVar","v":"value"}," horas"],"zero":"ahora","one":"Dentro de una hora"},"$x":[{"t":"idOrVar","v":"plural"},"value"]},{"$i":"days-until-long","$v":{"few":["Dentro de ",{"t":"idOrVar","v":"value"}," días"],"many":["Dentro de ",{"t":"idOrVar","v":"value"}," días"],"one":"Mañana","other":["Dentro de ",{"t":"idOrVar","v":"value"}," días"],"two":["Dentro de ",{"t":"idOrVar","v":"value"}," días"],"zero":"Hoy"},"$x":[{"t":"idOrVar","v":"plural"},"value"]},{"$i":"weeks-until-long","$v":{"few":["Dentro de ",{"t":"idOrVar","v":"value"}," semanas"],"many":["Dentro de ",{"t":"idOrVar","v":"value"}," semanas"],"one":"La próxima semana","other":["Dentro de ",{"t":"idOrVar","v":"value"}," semanas"],"two":["Dentro de ",{"t":"idOrVar","v":"value"}," semanas"],"zero":"Esta semana"},"$x":[{"t":"idOrVar","v":"plural"},"value"]},{"$i":"months-until-long","$v":{"few":["Dentro de ",{"t":"idOrVar","v":"value"}," meses"],"many":["Dentro de ",{"t":"idOrVar","v":"value"}," meses"],"one":"Mes siguiente","other":["Dentro de ",{"t":"idOrVar","v":"value"}," meses"],"two":["Dentro de ",{"t":"idOrVar","v":"value"}," meses"],"zero":"Este mes"},"$x":[{"t":"idOrVar","v":"plural"},"value"]},{"$i":"years-until-long","$v":{"few":["Dentro de ",{"t":"idOrVar","v":"value"}," años"],"many":["Dentro de ",{"t":"idOrVar","v":"value"}," años"],"one":"El año que viene","other":["Dentro de ",{"t":"idOrVar","v":"value"}," años"],"two":["Dentro de ",{"t":"idOrVar","v":"value"}," años"],"zero":"Este año"},"$x":[{"t":"idOrVar","v":"plural"},"value"]},{"$i":"minutes-ago-short","$v":{"other":["Hace ",{"t":"idOrVar","v":"value"}," m"],"zero":"Justo ahora"},"$x":[{"t":"idOrVar","v":"plural"},"value"]},{"$i":"hours-ago-short","$v":{"other":["Hace ",{"t":"idOrVar","v":"value"}," h"],"zero":"Justo ahora"},"$x":[{"t":"idOrVar","v":"plural"},"value"]},{"$i":"days-ago-short","$v":{"other":["Hace ",{"t":"idOrVar","v":"value"}," d"],"zero":"Hoy"},"$x":[{"t":"idOrVar","v":"plural"},"value"]},{"$i":"minutes-until-short","$v":{"other":["Dentro de ",{"t":"idOrVar","v":"value"}," m"],"zero":"ahora"},"$x":[{"t":"idOrVar","v":"plural"},"value"]},{"$i":"hours-until-short","$v":{"other":["Dentro de ",{"t":"idOrVar","v":"value"}," h"],"zero":"ahora"},"$x":[{"t":"idOrVar","v":"plural"},"value"]},{"$i":"days-until-short","$v":{"other":["Dentro de ",{"t":"idOrVar","v":"value"}," d"],"zero":"Hoy"},"$x":[{"t":"idOrVar","v":"plural"},"value"]},{"$i":"incorrectDate","$v":"(fecha incorrecta)"},{"$i":"dateTimeFormat_%c","$v":"%a %b %e %Y %I:%M:%S %p"},{"$i":"dateTimeFormat_%x","$v":"%d/%m/%Y"},{"$i":"dateTimeFormat_%X","$v":"%I:%M:%S %p"},{"$i":"shortTimeFormat","$v":"%I:%M %p"},{"$i":"shortTimeFormat12","$v":"%I:%M %p"},{"$i":"shortTimeFormat24","$v":"%H:%M"},{"$i":"shortDateTimeFormat","$v":"%x %I:%M %p"},{"$i":"weekStartsOnMonday","$v":"0.0"},{"$i":"firstDayOfTheWeek","$v":"1.0"},{"$i":"time_am","$v":"AM"},{"$i":"time_pm","$v":"PM"},{"$i":"softkey-options","$v":"Opciones"}]