[{"$i":"done","$v":"Valmis"},{"$i":"number-selected2","$v":{"few":[{"t":"idOrVar","v":"n"}," valitud"],"many":[{"t":"idOrVar","v":"n"}," valitud"],"one":[{"t":"idOrVar","v":"n"}," valitud"],"other":[{"t":"idOrVar","v":"n"}," valitud"],"two":[{"t":"idOrVar","v":"n"}," valitud"],"zero":[{"t":"idOrVar","v":"n"}," valitud"]},"$x":[{"t":"idOrVar","v":"plural"},"n"]},{"$i":"delete-n-items?","$v":{"few":["Kas kustutada ",{"t":"idOrVar","v":"n"}," videot?"],"many":["Kas kustutada ",{"t":"idOrVar","v":"n"}," videot?"],"one":"Kas kustutada valitud video?","other":["Kas kustutada ",{"t":"idOrVar","v":"n"}," videot?"],"two":["Kas kustutada ",{"t":"idOrVar","v":"n"}," videot?"],"zero":"Midagi pole valitud"},"$x":[{"t":"idOrVar","v":"plural"},"n"]},{"$i":"not-load-video-time","$v":"--:--"},{"$i":"video-time-num","$v":["0",{"t":"idOrVar","v":"num"}]},{"$i":"video-time-minute","$v":[{"t":"idOrVar","v":"owe"},{"t":"idOrVar","v":"m"},":",{"t":"idOrVar","v":"s"}]},{"$i":"video-time-hour","$v":[{"t":"idOrVar","v":"owe"},{"t":"idOrVar","v":"h"},":",{"t":"idOrVar","v":"m"},":",{"t":"idOrVar","v":"s"}]},{"$i":"share-noprovider","$v":"Jagage üht videot korraga."},{"$i":"videos","$v":"Videod"},{"$i":"cancel","$v":"Tühista"},{"$i":"delete-video?","$v":"Kas kustutada valitud video?"},{"$i":"empty-title","$v":"Alustamiseks lisage videoid"},{"$i":"empty-text","$v":"Videoid pole saadaval."},{"$i":"empty-content","$v":"Video on tühi. Kasutage alustamiseks kaamerat."},{"$i":"search-title","$v":"Skannimine"},{"$i":"search-content","$v":"Skannimine"},{"$i":"nocard2-title","$v":"Mälukaarti ei leitud"},{"$i":"nocard3-text","$v":"Mälukaarti ei leitud. Sisestage mälukaart videote salvestamiseks."},{"$i":"pluggedin-title","$v":"Pesasse ühendatuna ei saa videot esitada"},{"$i":"pluggedin-text","$v":"Mäluruum on hetkel kasutusel. Videote tegemiseks ühendage telefon lahti."},{"$i":"upgrade-title","$v":"Andmebaasi versioonitäiendus"},{"$i":"upgrade-text","$v":"Oodake, video uuendab oma andmebaasi."},{"$i":"confirm-delete","$v":"Kas soovite kindlasti kustutada üksuse:"},{"$i":"pick-title","$v":"Valige video"},{"$i":"save","$v":"Salvesta"},{"$i":"saved","$v":"salvestatud videoteeki."},{"$i":"save-failed","$v":"Video salvestamine nurjus, proovige uuesti."},{"$i":"error-network","$v":"Võrgu vea tõttu ei õnnestunud videot alla laadida."},{"$i":"error-unsupported","$v":"Videot ei saa esitada serveri või võrgu ebaõnnestumise tõttu või kuna vormingut ei toetata."},{"$i":"error-unknown","$v":"Ilmnes tundmatu videoviga."},{"$i":"video-hardware-in-use-title","$v":"Videot ei saa esitada"},{"$i":"video-hardware-in-use-text","$v":"Teine rakendus kasutab praegu videomängijat."},{"$i":"overlay-cancel-button","$v":"Tühista"},{"$i":"overlay-camera-button","$v":"Ava kaamera"},{"$i":"sd-storage-full-header","$v":"SD-kaart on täis."},{"$i":"sd-storage-full-content","$v":"Kustutage mäluruumi vabastamiseks SD-kaardilt faile."},{"$i":"phone-storage-full-header","$v":"Telefoni salvestusruum on täis."},{"$i":"phone-storage-full-content","$v":"Kustutage mäluruumi vabastamiseks meediumifaile või rakenduse andmeid. Või sisestage mäluruumi laiendamiseks SD-kaart."},{"$i":"name-label","$v":"Nimi"},{"$i":"length-label","$v":"Pikkus"},{"$i":"size-label","$v":"Suurus"},{"$i":"video-type-label","$v":"Video tüüp"},{"$i":"date-taken-label","$v":"Tegemise kuupäev"},{"$i":"resolution-label","$v":"Eraldusvõime"},{"$i":"close-button","$v":"Sule"},{"$i":"byteUnit-B","$v":"Baiti"},{"$i":"byteUnit-KB","$v":"KB"},{"$i":"byteUnit-MB","$v":"MB"},{"$i":"byteUnit-GB","$v":"GB"},{"$i":"byteUnit-TB","$v":"TB"},{"$i":"byteUnit-PB","$v":"PB"},{"$i":"byteUnit-EB","$v":"EB"},{"$i":"byteUnit-ZB","$v":"ZB"},{"$i":"byteUnit-YB","$v":"YB"},{"$i":"date-group-header","$v":"%B %Y"},{"$i":"share","$v":"Jaga"},{"$i":"more-info","$v":"Lisateave"},{"$i":"delete","$v":"Kustuta"},{"$i":"video-button","ariaLabel":"Video"},{"$i":"select-button","ariaLabel":"Vali"},{"$i":"delete-button","ariaLabel":"Kustuta"},{"$i":"share-button","ariaLabel":"Jaga"},{"$i":"info-view","ariaLabel":"Teave"},{"$i":"options-view","ariaLabel":"Valikud"},{"$i":"confirm-dialog","ariaLabel":"Kinnita"},{"$i":"videos-list","ariaLabel":"Videod"},{"$i":"options-more","ariaLabel":"Veel"},{"$i":"seek-backward","ariaLabel":"Tagurpidi otsimine"},{"$i":"seek-bar","ariaLabel":["Otsi riba, kestus ",{"t":"idOrVar","v":"duration"}]},{"$i":"seek-forward","ariaLabel":"Otsi edasi"},{"$i":"play-button","ariaLabel":"Esita"},{"$i":"pause-button","ariaLabel":"Peata"},{"$i":"fullscreen-button","ariaLabel":"Täiskuva"},{"$i":"show-controls-button","ariaLabel":"Kuva juhised"},{"$i":"hide-controls-button","ariaLabel":"Peida juhtelemendid"},{"$i":"confirmation-title","$v":"Kinnitus"},{"$i":"n-video-deleted","$v":{"zero":"Midagi pole valitud","one":"Video kustutatud.","few":[{"t":"idOrVar","v":"n"}," videot kustutatud."],"many":[{"t":"idOrVar","v":"n"}," videot kustutatud."],"other":[{"t":"idOrVar","v":"n"}," videot kustutatud."],"two":[{"t":"idOrVar","v":"n"}," videot kustutatud."]},"$x":[{"t":"idOrVar","v":"plural"},"n"]},{"$i":"rename-saved","$v":"Muudatused on salvestatud"},{"$i":"confirm-video","$v":"Video"},{"$i":"confirm-ok","$v":"OK"},{"$i":"options-header","$v":"Valikud"},{"$i":"video-invalid-name","$v":"Vale nimi"},{"$i":"name-already-exists","$v":"Selline nimi on juba olemas"},{"$i":"override-warning-msg","$v":"Kas soovite olemasoleva faili tühistada?"},{"$i":"override","$v":"Alista"},{"$i":"opt-takevideo","$v":"Kaamera"},{"$i":"select","$v":"Vali"},{"$i":"opt-deselect","$v":"Eemalda valik"},{"$i":"opt-delete","$v":"Kustuta"},{"$i":"opt-rename","$v":"Ümbernimetamine"},{"$i":"opt-selectmultiple","$v":"Valige mitu"},{"$i":"opt-fileinfo","$v":"Faili teave"},{"$i":"opt-selectall","$v":"Valige kõik"},{"$i":"opt-deselectall","$v":"Eemalda kõigilt valik"},{"$i":"opt-fullscreen","$v":"Täiskuva"},{"$i":"opt-play","$v":"Esita"},{"$i":"opt-pause","$v":"Peata"},{"$i":"opt-volume","$v":"Helitugevus"},{"$i":"opt-rotate","$v":"Pööra"},{"$i":"opt-cancel","$v":"Tühista"},{"$i":"opt-settings","$v":"Seaded"},{"$i":"weekday-0-long","$v":"Pühapäev"},{"$i":"weekday-1-long","$v":"Esmaspäev"},{"$i":"weekday-2-long","$v":"Teisipäev"},{"$i":"weekday-3-long","$v":"Kolmapäev"},{"$i":"weekday-4-long","$v":"Neljapäev"},{"$i":"weekday-5-long","$v":"Reede"},{"$i":"weekday-6-long","$v":"Laupäev"},{"$i":"weekday-0-short","$v":"P"},{"$i":"weekday-1-short","$v":"E"},{"$i":"weekday-2-short","$v":"T"},{"$i":"weekday-3-short","$v":"K"},{"$i":"weekday-4-short","$v":"N"},{"$i":"weekday-5-short","$v":"R"},{"$i":"weekday-6-short","$v":"L"},{"$i":"month-0-long","$v":"Jaanuar"},{"$i":"month-1-long","$v":"Veebruar"},{"$i":"month-2-long","$v":"Märts"},{"$i":"month-3-long","$v":"Aprill"},{"$i":"month-4-long","$v":"Mai"},{"$i":"month-5-long","$v":"Juuni"},{"$i":"month-6-long","$v":"Juuli"},{"$i":"month-7-long","$v":"August"},{"$i":"month-8-long","$v":"September"},{"$i":"month-9-long","$v":"Oktoober"},{"$i":"month-10-long","$v":"November"},{"$i":"month-11-long","$v":"Detsember"},{"$i":"month-0-genitive","$v":"Jaanuar"},{"$i":"month-1-genitive","$v":"Veebruar"},{"$i":"month-2-genitive","$v":"Märts"},{"$i":"month-3-genitive","$v":"Aprill"},{"$i":"month-4-genitive","$v":"Mai"},{"$i":"month-5-genitive","$v":"Juuni"},{"$i":"month-6-genitive","$v":"Juuli"},{"$i":"month-7-genitive","$v":"August"},{"$i":"month-8-genitive","$v":"September"},{"$i":"month-9-genitive","$v":"Oktoober"},{"$i":"month-10-genitive","$v":"November"},{"$i":"month-11-genitive","$v":"Detsember"},{"$i":"month-0-short","$v":"jaan"},{"$i":"month-1-short","$v":"veebr"},{"$i":"month-2-short","$v":"märts"},{"$i":"month-3-short","$v":"apr"},{"$i":"month-4-short","$v":"Mai"},{"$i":"month-5-short","$v":"juuni"},{"$i":"month-6-short","$v":"juuli"},{"$i":"month-7-short","$v":"aug"},{"$i":"month-8-short","$v":"sept"},{"$i":"month-9-short","$v":"okt"},{"$i":"month-10-short","$v":"nov"},{"$i":"month-11-short","$v":"dets"},{"$i":"minutes-ago-long","$v":{"few":[{"t":"idOrVar","v":"value"}," minutit tagasi"],"many":[{"t":"idOrVar","v":"value"}," minutit tagasi"],"other":[{"t":"idOrVar","v":"value"}," minutit tagasi"],"two":[{"t":"idOrVar","v":"value"}," minutit tagasi"],"one":"üks minut tagasi","zero":"just nüüd"},"$x":[{"t":"idOrVar","v":"plural"},"value"]},{"$i":"hours-ago-long","$v":{"few":[{"t":"idOrVar","v":"value"}," tundi tagasi"],"many":[{"t":"idOrVar","v":"value"}," tundi tagasi"],"other":[{"t":"idOrVar","v":"value"}," tundi tagasi"],"two":[{"t":"idOrVar","v":"value"}," tundi tagasi"],"one":"1 tund tagasi","zero":"just nüüd"},"$x":[{"t":"idOrVar","v":"plural"},"value"]},{"$i":"days-ago-long","$v":{"few":[{"t":"idOrVar","v":"value"}," päeva tagasi"],"many":[{"t":"idOrVar","v":"value"}," päeva tagasi"],"one":"eile","other":[{"t":"idOrVar","v":"value"}," päeva tagasi"],"two":[{"t":"idOrVar","v":"value"}," päeva tagasi"],"zero":"täna"},"$x":[{"t":"idOrVar","v":"plural"},"value"]},{"$i":"weeks-ago-long","$v":{"few":[{"t":"idOrVar","v":"value"}," nädalat tagasi"],"many":[{"t":"idOrVar","v":"value"}," nädalat tagasi"],"one":"eelmine nädal","other":[{"t":"idOrVar","v":"value"}," nädalat tagasi"],"two":[{"t":"idOrVar","v":"value"}," nädalat tagasi"],"zero":"sel nädalal"},"$x":[{"t":"idOrVar","v":"plural"},"value"]},{"$i":"months-ago-long","$v":{"few":[{"t":"idOrVar","v":"value"}," kuud tagasi"],"many":[{"t":"idOrVar","v":"value"}," kuud tagasi"],"one":"eelmine kuu","other":[{"t":"idOrVar","v":"value"}," kuud tagasi"],"two":[{"t":"idOrVar","v":"value"}," kuud tagasi"],"zero":"see kuu"},"$x":[{"t":"idOrVar","v":"plural"},"value"]},{"$i":"years-ago-long","$v":{"few":[{"t":"idOrVar","v":"value"}," aastat tagasi"],"many":[{"t":"idOrVar","v":"value"}," aastat tagasi"],"one":"eelmine aasta","other":[{"t":"idOrVar","v":"value"}," aastat tagasi"],"two":[{"t":"idOrVar","v":"value"}," aastat tagasi"],"zero":"see aasta"},"$x":[{"t":"idOrVar","v":"plural"},"value"]},{"$i":"minutes-until-long","$v":{"few":[{"t":"idOrVar","v":"value"}," minuti pärast"],"many":[{"t":"idOrVar","v":"value"}," minuti pärast"],"other":[{"t":"idOrVar","v":"value"}," minuti pärast"],"two":[{"t":"idOrVar","v":"value"}," minuti pärast"],"zero":"kohe","one":"1 minutiga"},"$x":[{"t":"idOrVar","v":"plural"},"value"]},{"$i":"hours-until-long","$v":{"few":[{"t":"idOrVar","v":"value"}," tunni pärast"],"many":[{"t":"idOrVar","v":"value"}," tunni pärast"],"other":[{"t":"idOrVar","v":"value"}," tunni pärast"],"two":[{"t":"idOrVar","v":"value"}," tunni pärast"],"zero":"kohe","one":"1 tunni pärast"},"$x":[{"t":"idOrVar","v":"plural"},"value"]},{"$i":"days-until-long","$v":{"few":[{"t":"idOrVar","v":"value"}," päeva pärast"],"many":[{"t":"idOrVar","v":"value"}," päeva pärast"],"one":"homme","other":[{"t":"idOrVar","v":"value"}," päeva pärast"],"two":[{"t":"idOrVar","v":"value"}," päeva pärast"],"zero":"täna"},"$x":[{"t":"idOrVar","v":"plural"},"value"]},{"$i":"weeks-until-long","$v":{"few":[{"t":"idOrVar","v":"value"}," nädala pärast"],"many":[{"t":"idOrVar","v":"value"}," nädala pärast"],"one":"järgmine nädal","other":[{"t":"idOrVar","v":"value"}," nädala pärast"],"two":[{"t":"idOrVar","v":"value"}," nädala pärast"],"zero":"sel nädalal"},"$x":[{"t":"idOrVar","v":"plural"},"value"]},{"$i":"months-until-long","$v":{"few":[{"t":"idOrVar","v":"value"}," kuu pärast"],"many":[{"t":"idOrVar","v":"value"}," kuu pärast"],"one":"järgmine kuu","other":[{"t":"idOrVar","v":"value"}," kuu pärast"],"two":[{"t":"idOrVar","v":"value"}," kuu pärast"],"zero":"see kuu"},"$x":[{"t":"idOrVar","v":"plural"},"value"]},{"$i":"years-until-long","$v":{"few":[{"t":"idOrVar","v":"value"}," aasta pärast"],"many":[{"t":"idOrVar","v":"value"}," aasta pärast"],"one":"järgmine aasta","other":[{"t":"idOrVar","v":"value"}," aasta pärast"],"two":[{"t":"idOrVar","v":"value"}," aasta pärast"],"zero":"see aasta"},"$x":[{"t":"idOrVar","v":"plural"},"value"]},{"$i":"minutes-ago-short","$v":{"other":[{"t":"idOrVar","v":"value"}," m tagasi"],"zero":"just nüüd"},"$x":[{"t":"idOrVar","v":"plural"},"value"]},{"$i":"hours-ago-short","$v":{"other":[{"t":"idOrVar","v":"value"}," h tagasi"],"zero":"just nüüd"},"$x":[{"t":"idOrVar","v":"plural"},"value"]},{"$i":"days-ago-short","$v":{"other":[{"t":"idOrVar","v":"value"}," p tagasi"],"zero":"täna"},"$x":[{"t":"idOrVar","v":"plural"},"value"]},{"$i":"minutes-until-short","$v":{"other":[{"t":"idOrVar","v":"value"}," min pärast"],"zero":"kohe"},"$x":[{"t":"idOrVar","v":"plural"},"value"]},{"$i":"hours-until-short","$v":{"other":[{"t":"idOrVar","v":"value"},"h pärast"],"zero":"kohe"},"$x":[{"t":"idOrVar","v":"plural"},"value"]},{"$i":"days-until-short","$v":{"other":[{"t":"idOrVar","v":"value"},"p pärast"],"zero":"täna"},"$x":[{"t":"idOrVar","v":"plural"},"value"]},{"$i":"incorrectDate","$v":"(vale kuupäev)"},{"$i":"dateTimeFormat_%c","$v":"%a %b %e %Y %I:%M:%S %p"},{"$i":"dateTimeFormat_%x","$v":"%m/%d/%Y"},{"$i":"dateTimeFormat_%X","$v":"%I:%M:%S %p"},{"$i":"shortTimeFormat","$v":"%I:%M %p"},{"$i":"shortTimeFormat12","$v":"%I:%M %p"},{"$i":"shortTimeFormat24","$v":"%H:%M"},{"$i":"shortDateTimeFormat","$v":"%x %I:%M %p"},{"$i":"weekStartsOnMonday","$v":"0.0"},{"$i":"firstDayOfTheWeek","$v":"1.0"},{"$i":"time_am","$v":"AM"},{"$i":"time_pm","$v":"PM"},{"$i":"softkey-options","$v":"Valikud"}]