[{"$i":"done","$v":"Valmis"},{"$i":"number-selected2","$v":{"few":[{"t":"idOrVar","v":"n"}," valittu"],"many":[{"t":"idOrVar","v":"n"}," valittu"],"one":[{"t":"idOrVar","v":"n"}," valittu"],"other":[{"t":"idOrVar","v":"n"}," valittu"],"two":[{"t":"idOrVar","v":"n"}," valittu"],"zero":[{"t":"idOrVar","v":"n"}," valittu"]},"$x":[{"t":"idOrVar","v":"plural"},"n"]},{"$i":"delete-n-items?","$v":{"few":["Poistetaanko ",{"t":"idOrVar","v":"n"}," videota?"],"many":["Poistetaanko ",{"t":"idOrVar","v":"n"}," videota?"],"one":"Poistetaanko valittu video?","other":["Poistetaanko ",{"t":"idOrVar","v":"n"}," videota?"],"two":["Poistetaanko ",{"t":"idOrVar","v":"n"}," videota?"],"zero":"Ei mitään valittuna"},"$x":[{"t":"idOrVar","v":"plural"},"n"]},{"$i":"not-load-video-time","$v":"--:--"},{"$i":"video-time-num","$v":["0",{"t":"idOrVar","v":"num"}]},{"$i":"video-time-minute","$v":[{"t":"idOrVar","v":"owe"},{"t":"idOrVar","v":"m"},":",{"t":"idOrVar","v":"s"}]},{"$i":"video-time-hour","$v":[{"t":"idOrVar","v":"owe"},{"t":"idOrVar","v":"h"},":",{"t":"idOrVar","v":"m"},":",{"t":"idOrVar","v":"s"}]},{"$i":"share-noprovider","$v":"Yritä jakaa yhtä videota kerralla."},{"$i":"videos","$v":"Videot"},{"$i":"cancel","$v":"Peruuta"},{"$i":"delete-video?","$v":"Poistetaanko valittu video?"},{"$i":"empty-title","$v":"Lisää videoita, jotta voit aloittaa"},{"$i":"empty-text","$v":"Ei videoita saatavilla."},{"$i":"empty-content","$v":"Video on tyhjä. Aloita käyttämällä kameraa."},{"$i":"search-title","$v":"Haetaan"},{"$i":"search-content","$v":"Haetaan"},{"$i":"nocard2-title","$v":"Muistikorttia ei löytynyt"},{"$i":"nocard3-text","$v":"Muistikorttia ei löydy. Asenna muistikortti, jotta voit kuvata videota."},{"$i":"pluggedin-title","$v":"Videota ei voi toistaa sähköverkkoon kytkettynä"},{"$i":"pluggedin-text","$v":"Tallennustila on tällä hetkellä käytössä. Irrota puhelin sähköverkosta, jotta voit kuvata videoita."},{"$i":"upgrade-title","$v":"Tietokannan päivitys"},{"$i":"upgrade-text","$v":"Odota, Video päivittää tietokantaansa."},{"$i":"confirm-delete","$v":"Haluatko varmasti poistaa kohteen:"},{"$i":"pick-title","$v":"Valitse video"},{"$i":"save","$v":"Tallenna"},{"$i":"saved","$v":"tallennettu musiikkikirjastoon."},{"$i":"save-failed","$v":"Ei voi tallentaa videota. Yritä uudelleen."},{"$i":"error-network","$v":"Videota ei voitu ladata verkkovirheen vuoksi."},{"$i":"error-unsupported","$v":"Videota ei voi toistaa: joko palvelin- tai verkko-ongelma tai muotoa ei tueta."},{"$i":"error-unknown","$v":"Tapahtui tuntematon videovirhe"},{"$i":"video-hardware-in-use-title","$v":"Videota ei voida toistaa"},{"$i":"video-hardware-in-use-text","$v":"Toinen sovellus käyttää tällä hetkellä video-ohjelmaa."},{"$i":"overlay-cancel-button","$v":"Peruuta"},{"$i":"overlay-camera-button","$v":"Siirry kameraan"},{"$i":"sd-storage-full-header","$v":"SD-kortti on täynnä."},{"$i":"sd-storage-full-content","$v":"Poista tiedostoja SD-kortilta vapauttaaksesi tilaa."},{"$i":"phone-storage-full-header","$v":"Puhelimen tallennustila täynnä."},{"$i":"phone-storage-full-content","$v":"Poista mediatiedostoja tai sovellustietoja vapauttaaksesi tilaa. Voit myös liittää SD-kortin laajentaaksesi median tallennustilaa."},{"$i":"name-label","$v":"Nimi"},{"$i":"length-label","$v":"Pituus"},{"$i":"size-label","$v":"Koko"},{"$i":"video-type-label","$v":"Videotyyppi"},{"$i":"date-taken-label","$v":"Ottopäivämäärä"},{"$i":"resolution-label","$v":"Tarkkuus"},{"$i":"close-button","$v":"Sulje"},{"$i":"byteUnit-B","$v":"Tavua"},{"$i":"byteUnit-KB","$v":"kt"},{"$i":"byteUnit-MB","$v":"Mt"},{"$i":"byteUnit-GB","$v":"Gt"},{"$i":"byteUnit-TB","$v":"Tt"},{"$i":"byteUnit-PB","$v":"Pt"},{"$i":"byteUnit-EB","$v":"Et"},{"$i":"byteUnit-ZB","$v":"zt"},{"$i":"byteUnit-YB","$v":"Yt"},{"$i":"date-group-header","$v":"%B %Y"},{"$i":"share","$v":"Jaa"},{"$i":"more-info","$v":"Lisätietoa"},{"$i":"delete","$v":"Poista"},{"$i":"video-button","ariaLabel":"Video"},{"$i":"select-button","ariaLabel":"Valitse"},{"$i":"delete-button","ariaLabel":"Poista"},{"$i":"share-button","ariaLabel":"Jaa"},{"$i":"info-view","ariaLabel":"Tiedot"},{"$i":"options-view","ariaLabel":"Valinnat"},{"$i":"confirm-dialog","ariaLabel":"Vahvista"},{"$i":"videos-list","ariaLabel":"Videot"},{"$i":"options-more","ariaLabel":"Lisää"},{"$i":"seek-backward","ariaLabel":"Hae taaksepäin"},{"$i":"seek-bar","ariaLabel":["Seekbar-hakupalkki, kesto ",{"t":"idOrVar","v":"duration"}]},{"$i":"seek-forward","ariaLabel":"Haku eteenpäin"},{"$i":"play-button","ariaLabel":"Toista"},{"$i":"pause-button","ariaLabel":"Tauko"},{"$i":"fullscreen-button","ariaLabel":"Koko näyttö"},{"$i":"show-controls-button","ariaLabel":"Näytä ohjaimet"},{"$i":"hide-controls-button","ariaLabel":"Piilota ohjaimet"},{"$i":"confirmation-title","$v":"Vahvistus"},{"$i":"n-video-deleted","$v":{"zero":"Ei mitään valittuna","one":"Video poistettu.","few":[{"t":"idOrVar","v":"n"}," videota poistettu."],"many":[{"t":"idOrVar","v":"n"}," videota poistettu."],"other":[{"t":"idOrVar","v":"n"}," videota poistettu."],"two":[{"t":"idOrVar","v":"n"}," videota poistettu."]},"$x":[{"t":"idOrVar","v":"plural"},"n"]},{"$i":"rename-saved","$v":"Muutokset tallennettu"},{"$i":"confirm-video","$v":"Video"},{"$i":"confirm-ok","$v":"OK"},{"$i":"options-header","$v":"Valinnat"},{"$i":"video-invalid-name","$v":"Nimi ei kelpaa"},{"$i":"name-already-exists","$v":"Tämä nimi on jo olemassa"},{"$i":"override-warning-msg","$v":"Haluatko ohittaa nykyisen tiedoston?"},{"$i":"override","$v":"Ohita"},{"$i":"opt-takevideo","$v":"Kamera"},{"$i":"select","$v":"Valitse"},{"$i":"opt-deselect","$v":"Poista valinta"},{"$i":"opt-delete","$v":"Poista"},{"$i":"opt-rename","$v":"Muuta nimi"},{"$i":"opt-selectmultiple","$v":"Valitse useita"},{"$i":"opt-fileinfo","$v":"Tiedoston tiedot"},{"$i":"opt-selectall","$v":"Valitse kaikki"},{"$i":"opt-deselectall","$v":"Poista valinta kaikista"},{"$i":"opt-fullscreen","$v":"Koko näyttö"},{"$i":"opt-play","$v":"Toista"},{"$i":"opt-pause","$v":"Tauko"},{"$i":"opt-volume","$v":"Äänenvoim."},{"$i":"opt-rotate","$v":"Käännä"},{"$i":"opt-cancel","$v":"Peruuta"},{"$i":"opt-settings","$v":"Asetukset"},{"$i":"weekday-0-long","$v":"Sunnuntai"},{"$i":"weekday-1-long","$v":"Maanantai"},{"$i":"weekday-2-long","$v":"Tiistai"},{"$i":"weekday-3-long","$v":"Keskiviikko"},{"$i":"weekday-4-long","$v":"Torstai"},{"$i":"weekday-5-long","$v":"Perjantai"},{"$i":"weekday-6-long","$v":"Lauantai"},{"$i":"weekday-0-short","$v":"Su"},{"$i":"weekday-1-short","$v":"Ma"},{"$i":"weekday-2-short","$v":"Ti"},{"$i":"weekday-3-short","$v":"Ke"},{"$i":"weekday-4-short","$v":"To"},{"$i":"weekday-5-short","$v":"Pe"},{"$i":"weekday-6-short","$v":"La"},{"$i":"month-0-long","$v":"Tammikuu"},{"$i":"month-1-long","$v":"Helmikuu"},{"$i":"month-2-long","$v":"Maaliskuu"},{"$i":"month-3-long","$v":"Huhtikuu"},{"$i":"month-4-long","$v":"Toukokuu"},{"$i":"month-5-long","$v":"Kesäkuu"},{"$i":"month-6-long","$v":"Heinäkuu"},{"$i":"month-7-long","$v":"Elokuu"},{"$i":"month-8-long","$v":"Syyskuu"},{"$i":"month-9-long","$v":"Lokakuu"},{"$i":"month-10-long","$v":"Marraskuu"},{"$i":"month-11-long","$v":"Joulukuu"},{"$i":"month-0-genitive","$v":"Tammikuu"},{"$i":"month-1-genitive","$v":"Helmikuu"},{"$i":"month-2-genitive","$v":"Maaliskuu"},{"$i":"month-3-genitive","$v":"Huhtikuu"},{"$i":"month-4-genitive","$v":"Toukokuu"},{"$i":"month-5-genitive","$v":"Kesäkuu"},{"$i":"month-6-genitive","$v":"Heinäkuu"},{"$i":"month-7-genitive","$v":"Elokuu"},{"$i":"month-8-genitive","$v":"Syyskuu"},{"$i":"month-9-genitive","$v":"Lokakuu"},{"$i":"month-10-genitive","$v":"Marraskuu"},{"$i":"month-11-genitive","$v":"Joulukuu"},{"$i":"month-0-short","$v":"tam"},{"$i":"month-1-short","$v":"hel"},{"$i":"month-2-short","$v":"maa"},{"$i":"month-3-short","$v":"huh"},{"$i":"month-4-short","$v":"tou"},{"$i":"month-5-short","$v":"kes"},{"$i":"month-6-short","$v":"hei"},{"$i":"month-7-short","$v":"elo"},{"$i":"month-8-short","$v":"syy"},{"$i":"month-9-short","$v":"lok"},{"$i":"month-10-short","$v":"mar"},{"$i":"month-11-short","$v":"jou"},{"$i":"minutes-ago-long","$v":{"few":[{"t":"idOrVar","v":"value"}," minuuttia sitten"],"many":[{"t":"idOrVar","v":"value"}," minuuttia sitten"],"other":[{"t":"idOrVar","v":"value"}," minuuttia sitten"],"two":[{"t":"idOrVar","v":"value"}," minuuttia sitten"],"one":"minuutti sitten","zero":"juuri nyt"},"$x":[{"t":"idOrVar","v":"plural"},"value"]},{"$i":"hours-ago-long","$v":{"few":[{"t":"idOrVar","v":"value"}," tuntia sitten"],"many":[{"t":"idOrVar","v":"value"}," tuntia sitten"],"other":[{"t":"idOrVar","v":"value"}," tuntia sitten"],"two":[{"t":"idOrVar","v":"value"}," tuntia sitten"],"one":"1 tunti sitten","zero":"juuri nyt"},"$x":[{"t":"idOrVar","v":"plural"},"value"]},{"$i":"days-ago-long","$v":{"few":[{"t":"idOrVar","v":"value"}," päivää sitten"],"many":[{"t":"idOrVar","v":"value"}," päivää sitten"],"one":"eilen","other":[{"t":"idOrVar","v":"value"}," päivää sitten"],"two":[{"t":"idOrVar","v":"value"}," päivää sitten"],"zero":"tänään"},"$x":[{"t":"idOrVar","v":"plural"},"value"]},{"$i":"weeks-ago-long","$v":{"few":[{"t":"idOrVar","v":"value"}," viikkoa sitten"],"many":[{"t":"idOrVar","v":"value"}," viikkoa sitten"],"one":"viime viikolla","other":[{"t":"idOrVar","v":"value"}," viikkoa sitten"],"two":[{"t":"idOrVar","v":"value"}," viikkoa sitten"],"zero":"tällä viikolla"},"$x":[{"t":"idOrVar","v":"plural"},"value"]},{"$i":"months-ago-long","$v":{"few":[{"t":"idOrVar","v":"value"}," kuukautta sitten"],"many":[{"t":"idOrVar","v":"value"}," kuukautta sitten"],"one":"viimeinen kuukausi","other":[{"t":"idOrVar","v":"value"}," kuukautta sitten"],"two":[{"t":"idOrVar","v":"value"}," kuukautta sitten"],"zero":"tässä kuussa"},"$x":[{"t":"idOrVar","v":"plural"},"value"]},{"$i":"years-ago-long","$v":{"few":[{"t":"idOrVar","v":"value"}," vuotta sitten"],"many":[{"t":"idOrVar","v":"value"}," vuotta sitten"],"one":"viime vuonna","other":[{"t":"idOrVar","v":"value"}," vuotta sitten"],"two":[{"t":"idOrVar","v":"value"}," vuotta sitten"],"zero":"tänä vuonna"},"$x":[{"t":"idOrVar","v":"plural"},"value"]},{"$i":"minutes-until-long","$v":{"few":[{"t":"idOrVar","v":"value"}," minuutin kuluttua"],"many":[{"t":"idOrVar","v":"value"}," minuutin kuluttua"],"other":[{"t":"idOrVar","v":"value"}," minuutin kuluttua"],"two":[{"t":"idOrVar","v":"value"}," minuutin kuluttua"],"zero":"nyt","one":"1 minuutissa"},"$x":[{"t":"idOrVar","v":"plural"},"value"]},{"$i":"hours-until-long","$v":{"few":[{"t":"idOrVar","v":"value"}," tunnin kuluttua"],"many":[{"t":"idOrVar","v":"value"}," tunnin kuluttua"],"other":[{"t":"idOrVar","v":"value"}," tunnin kuluttua"],"two":[{"t":"idOrVar","v":"value"}," tunnin kuluttua"],"zero":"nyt","one":"1 tunnissa"},"$x":[{"t":"idOrVar","v":"plural"},"value"]},{"$i":"days-until-long","$v":{"few":[{"t":"idOrVar","v":"value"}," päivän kuluttua"],"many":[{"t":"idOrVar","v":"value"}," päivän kuluttua"],"one":"huomenna","other":[{"t":"idOrVar","v":"value"}," päivän kuluttua"],"two":[{"t":"idOrVar","v":"value"}," päivän kuluttua"],"zero":"tänään"},"$x":[{"t":"idOrVar","v":"plural"},"value"]},{"$i":"weeks-until-long","$v":{"few":[{"t":"idOrVar","v":"value"}," viikon kuluttua"],"many":[{"t":"idOrVar","v":"value"}," viikon kuluttua"],"one":"seuraava viikko","other":[{"t":"idOrVar","v":"value"}," viikon kuluttua"],"two":[{"t":"idOrVar","v":"value"}," viikon kuluttua"],"zero":"tällä viikolla"},"$x":[{"t":"idOrVar","v":"plural"},"value"]},{"$i":"months-until-long","$v":{"few":[{"t":"idOrVar","v":"value"}," kuukauden kuluttua"],"many":[{"t":"idOrVar","v":"value"}," kuukauden kuluttua"],"one":"seuraava kuukausi","other":[{"t":"idOrVar","v":"value"}," kuukauden kuluttua"],"two":[{"t":"idOrVar","v":"value"}," kuukauden kuluttua"],"zero":"tässä kuussa"},"$x":[{"t":"idOrVar","v":"plural"},"value"]},{"$i":"years-until-long","$v":{"few":[{"t":"idOrVar","v":"value"}," vuoden kuluttua"],"many":[{"t":"idOrVar","v":"value"}," vuoden kuluttua"],"one":"seuraava vuosi","other":[{"t":"idOrVar","v":"value"}," vuoden kuluttua"],"two":[{"t":"idOrVar","v":"value"}," vuoden kuluttua"],"zero":"tänä vuonna"},"$x":[{"t":"idOrVar","v":"plural"},"value"]},{"$i":"minutes-ago-short","$v":{"other":[{"t":"idOrVar","v":"value"}," m sitten"],"zero":"juuri nyt"},"$x":[{"t":"idOrVar","v":"plural"},"value"]},{"$i":"hours-ago-short","$v":{"other":[{"t":"idOrVar","v":"value"}," h sitten"],"zero":"juuri nyt"},"$x":[{"t":"idOrVar","v":"plural"},"value"]},{"$i":"days-ago-short","$v":{"other":[{"t":"idOrVar","v":"value"}," pvää sitten"],"zero":"tänään"},"$x":[{"t":"idOrVar","v":"plural"},"value"]},{"$i":"minutes-until-short","$v":{"other":[{"t":"idOrVar","v":"value"}," m kuluttua"],"zero":"nyt"},"$x":[{"t":"idOrVar","v":"plural"},"value"]},{"$i":"hours-until-short","$v":{"other":[{"t":"idOrVar","v":"value"}," h kuluttua"],"zero":"nyt"},"$x":[{"t":"idOrVar","v":"plural"},"value"]},{"$i":"days-until-short","$v":{"other":[{"t":"idOrVar","v":"value"}," pvän kuluttua"],"zero":"tänään"},"$x":[{"t":"idOrVar","v":"plural"},"value"]},{"$i":"incorrectDate","$v":"(virheellinen päivämäärä)"},{"$i":"dateTimeFormat_%c","$v":"%a %b %e %Y %I:%M:%S %p"},{"$i":"dateTimeFormat_%x","$v":"%m/%d/%Y"},{"$i":"dateTimeFormat_%X","$v":"%I:%M:%S %p"},{"$i":"shortTimeFormat","$v":"%I:%M %p"},{"$i":"shortTimeFormat12","$v":"%I:%M %p"},{"$i":"shortTimeFormat24","$v":"%H:%M"},{"$i":"shortDateTimeFormat","$v":"%x %I:%M %p"},{"$i":"weekStartsOnMonday","$v":"0.0"},{"$i":"firstDayOfTheWeek","$v":"1.0"},{"$i":"time_am","$v":"AM"},{"$i":"time_pm","$v":"PM"},{"$i":"softkey-options","$v":"Valinnat"}]