[{"$i":"done","$v":"Terminé"},{"$i":"number-selected2","$v":{"few":[{"t":"idOrVar","v":"n"}," sélectionné"],"many":[{"t":"idOrVar","v":"n"}," sélectionné"],"one":[{"t":"idOrVar","v":"n"}," sélectionné"],"other":[{"t":"idOrVar","v":"n"}," sélectionné"],"two":[{"t":"idOrVar","v":"n"}," sélectionné"],"zero":[{"t":"idOrVar","v":"n"}," sélectionné"]},"$x":[{"t":"idOrVar","v":"plural"},"n"]},{"$i":"delete-n-items?","$v":{"few":["Supprimer ",{"t":"idOrVar","v":"n"}," vidéos?"],"many":["Supprimer ",{"t":"idOrVar","v":"n"}," vidéos?"],"one":"Supprimer la vidéo sélectionnée?","other":["Supprimer ",{"t":"idOrVar","v":"n"}," vidéos?"],"two":["Supprimer ",{"t":"idOrVar","v":"n"}," vidéos?"],"zero":"Rien n'est sélectionné"},"$x":[{"t":"idOrVar","v":"plural"},"n"]},{"$i":"not-load-video-time","$v":"--:--"},{"$i":"video-time-num","$v":["0",{"t":"idOrVar","v":"num"}]},{"$i":"video-time-minute","$v":[{"t":"idOrVar","v":"owe"},{"t":"idOrVar","v":"m"},":",{"t":"idOrVar","v":"s"}]},{"$i":"video-time-hour","$v":[{"t":"idOrVar","v":"owe"},{"t":"idOrVar","v":"h"},":",{"t":"idOrVar","v":"m"},":",{"t":"idOrVar","v":"s"}]},{"$i":"share-noprovider","$v":"Essayez de partager une vidéo à la fois."},{"$i":"videos","$v":"Vidéos"},{"$i":"cancel","$v":"Annuler"},{"$i":"delete-video?","$v":"Supprimer la vidéo sélectionnée?"},{"$i":"empty-title","$v":"Ajouter des vidéos pour démarrer"},{"$i":"empty-text","$v":"La vidéo est vide. Utilisez la caméra pour démarrer."},{"$i":"empty-content","$v":"La bibliothèque de vidéos est vide. Utilisez la caméra pour débuter."},{"$i":"search-title","$v":"Balayage des vidéos..."},{"$i":"search-content","$v":"Balayage des vidéos..."},{"$i":"nocard2-title","$v":"Aucune carte mémoire n'a été trouvée."},{"$i":"nocard3-text","$v":"Insérez une carte mémoire pour visionner des vidéos."},{"$i":"pluggedin-title","$v":"La vidéo ne peut pas être visionnée pendant que le dispositif est branché."},{"$i":"pluggedin-text","$v":"Débranchez le téléphone pour visionner des vidéos."},{"$i":"upgrade-title","$v":"Mise à jour de la base de données"},{"$i":"upgrade-text","$v":"Veuillez patienter pendant que la base de données vidéo est mise à jour."},{"$i":"confirm-delete","$v":"Êtes-vous certain de vouloir supprimer :"},{"$i":"pick-title","$v":"Sélectionner une vidéo"},{"$i":"save","$v":"Enregistrer"},{"$i":"saved","$v":[{"t":"idOrVar","v":"title"}," enregistré à la vidéo"]},{"$i":"save-failed","$v":"Échec d'enregistrement de la vidéo, réessayer."},{"$i":"error-network","$v":"La vidéo ne peut pas être téléchargée à cause d'une erreur de réseau."},{"$i":"error-unsupported","$v":"La vidéo ne peut pas être lue soit à cause de la défaillance du serveur ou du réseau ou parce que le format n'est pas supporté."},{"$i":"error-unknown","$v":"Une erreur inconnue de la vidéo s'est produite."},{"$i":"video-hardware-in-use-title","$v":"Impossible de lire la vidéo"},{"$i":"video-hardware-in-use-text","$v":"Une autre application utilise actuellement le lecteur de vidéo."},{"$i":"overlay-cancel-button","$v":"Annuler"},{"$i":"overlay-camera-button","$v":"Aller à la caméra"},{"$i":"sd-storage-full-header","$v":"Carte SD pleine"},{"$i":"sd-storage-full-content","$v":"Supprimez des fichiers sur la carte SD pour libérer de l'espace."},{"$i":"phone-storage-full-header","$v":"Stockage du téléphone plein"},{"$i":"phone-storage-full-content","$v":"Supprimez des fichiers de médias ou des données d'application pour libérer de l'espace. Vous pouvez aussi insérer une carte SD pour agrandir l'espace de stockage des médias."},{"$i":"name-label","$v":"Nom"},{"$i":"length-label","$v":"Durée"},{"$i":"size-label","$v":"Taille"},{"$i":"video-type-label","$v":"Type de vidéo"},{"$i":"date-taken-label","$v":"Date prise"},{"$i":"resolution-label","$v":"Résolution"},{"$i":"close-button","$v":"Fermer"},{"$i":"byteUnit-B","$v":"Octets"},{"$i":"byteUnit-KB","$v":"Ko"},{"$i":"byteUnit-MB","$v":"Mo"},{"$i":"byteUnit-GB","$v":"Go"},{"$i":"byteUnit-TB","$v":"To"},{"$i":"byteUnit-PB","$v":"Po"},{"$i":"byteUnit-EB","$v":"Eo"},{"$i":"byteUnit-ZB","$v":"Zo"},{"$i":"byteUnit-YB","$v":"Yo"},{"$i":"date-group-header","$v":"%B %Y"},{"$i":"share","$v":"Partager"},{"$i":"more-info","$v":"Plus d'informations"},{"$i":"delete","$v":"Supprimer"},{"$i":"video-button","ariaLabel":"Vidéo"},{"$i":"select-button","ariaLabel":"Sélectionner"},{"$i":"delete-button","ariaLabel":"Supprimer"},{"$i":"share-button","ariaLabel":"Partager"},{"$i":"info-view","ariaLabel":"Informations"},{"$i":"options-view","ariaLabel":"Options"},{"$i":"confirm-dialog","ariaLabel":"Confirmer"},{"$i":"videos-list","ariaLabel":"Vidéos"},{"$i":"options-more","ariaLabel":"Plus"},{"$i":"seek-backward","ariaLabel":"Chercher vers l'arrière"},{"$i":"seek-bar","ariaLabel":["Barre de recherche, durée ",{"t":"idOrVar","v":"duration"}]},{"$i":"seek-forward","ariaLabel":"Chercher vers l'avant"},{"$i":"play-button","ariaLabel":"Écouter"},{"$i":"pause-button","ariaLabel":"Pause"},{"$i":"fullscreen-button","ariaLabel":"Plein écran"},{"$i":"show-controls-button","ariaLabel":"Afficher les commandes"},{"$i":"hide-controls-button","ariaLabel":"Cacher les commandes"},{"$i":"confirmation-title","$v":"Confirmation"},{"$i":"n-video-deleted","$v":{"zero":"Rien n'est sélectionné","one":"Vidéo supprimée","few":[{"t":"idOrVar","v":"n"}," vidéos supprimées"],"many":[{"t":"idOrVar","v":"n"}," vidéos supprimées"],"other":[{"t":"idOrVar","v":"n"}," vidéos supprimées"],"two":[{"t":"idOrVar","v":"n"}," vidéos supprimées"]},"$x":[{"t":"idOrVar","v":"plural"},"n"]},{"$i":"rename-saved","$v":"Modifications enregistrées"},{"$i":"confirm-video","$v":"Vidéo"},{"$i":"confirm-ok","$v":"OK"},{"$i":"options-header","$v":"Options"},{"$i":"video-invalid-name","$v":"Nom invalide"},{"$i":"name-already-exists","$v":"Ce nom existe déjà."},{"$i":"override-warning-msg","$v":"Voulez-vous outrepasser le fichier existant?"},{"$i":"override","$v":"Outrepasser"},{"$i":"opt-takevideo","$v":"Appareil photo"},{"$i":"select","$v":"Sélectionner"},{"$i":"opt-deselect","$v":"Désélectionner"},{"$i":"opt-delete","$v":"Supprimer"},{"$i":"opt-rename","$v":"Renommer"},{"$i":"opt-selectmultiple","$v":"Sélectionner plusieurs"},{"$i":"opt-fileinfo","$v":"Informations sur le fichier"},{"$i":"opt-selectall","$v":"Tout"},{"$i":"opt-deselectall","$v":"Aucun"},{"$i":"opt-fullscreen","$v":"Plein écran"},{"$i":"opt-play","$v":"Écouter"},{"$i":"opt-pause","$v":"Pause"},{"$i":"opt-volume","$v":"Volume"},{"$i":"opt-rotate","$v":"Tourner"},{"$i":"opt-cancel","$v":"Annuler"},{"$i":"opt-settings","$v":"Réglages"},{"$i":"weekday-0-long","$v":"Dimanche"},{"$i":"weekday-1-long","$v":"Lundi"},{"$i":"weekday-2-long","$v":"Mardi"},{"$i":"weekday-3-long","$v":"Mercredi"},{"$i":"weekday-4-long","$v":"Jeudi"},{"$i":"weekday-5-long","$v":"Vendredi"},{"$i":"weekday-6-long","$v":"Samedi"},{"$i":"weekday-0-short","$v":"Dim"},{"$i":"weekday-1-short","$v":"Lun"},{"$i":"weekday-2-short","$v":"Mar"},{"$i":"weekday-3-short","$v":"Mer"},{"$i":"weekday-4-short","$v":"Jeu"},{"$i":"weekday-5-short","$v":"Ven"},{"$i":"weekday-6-short","$v":"Sam"},{"$i":"month-0-long","$v":"Janvier"},{"$i":"month-1-long","$v":"Février"},{"$i":"month-2-long","$v":"Mars"},{"$i":"month-3-long","$v":"Avril"},{"$i":"month-4-long","$v":"Mai"},{"$i":"month-5-long","$v":"Juin"},{"$i":"month-6-long","$v":"Juillet"},{"$i":"month-7-long","$v":"Août"},{"$i":"month-8-long","$v":"Septembre"},{"$i":"month-9-long","$v":"Octobre"},{"$i":"month-10-long","$v":"Novembre"},{"$i":"month-11-long","$v":"Décembre"},{"$i":"month-0-genitive","$v":"Janvier"},{"$i":"month-1-genitive","$v":"Février"},{"$i":"month-2-genitive","$v":"Mars"},{"$i":"month-3-genitive","$v":"Avril"},{"$i":"month-4-genitive","$v":"Mai"},{"$i":"month-5-genitive","$v":"Juin"},{"$i":"month-6-genitive","$v":"Juillet"},{"$i":"month-7-genitive","$v":"Août"},{"$i":"month-8-genitive","$v":"Septembre"},{"$i":"month-9-genitive","$v":"Octobre"},{"$i":"month-10-genitive","$v":"Novembre"},{"$i":"month-11-genitive","$v":"Décembre"},{"$i":"month-0-short","$v":"Jan"},{"$i":"month-1-short","$v":"Fév"},{"$i":"month-2-short","$v":"Mar"},{"$i":"month-3-short","$v":"Avr"},{"$i":"month-4-short","$v":"Mai"},{"$i":"month-5-short","$v":"Jun"},{"$i":"month-6-short","$v":"Jul"},{"$i":"month-7-short","$v":"Aoû"},{"$i":"month-8-short","$v":"Sep"},{"$i":"month-9-short","$v":"Oct"},{"$i":"month-10-short","$v":"Nov"},{"$i":"month-11-short","$v":"Déc"},{"$i":"minutes-ago-long","$v":{"few":["il y a ",{"t":"idOrVar","v":"value"}," minutes"],"many":["il y a ",{"t":"idOrVar","v":"value"}," minutes"],"other":["il y a ",{"t":"idOrVar","v":"value"}," minutes"],"two":["il y a ",{"t":"idOrVar","v":"value"}," minutes"],"one":"il y a une minute","zero":"À l'instant"},"$x":[{"t":"idOrVar","v":"plural"},"value"]},{"$i":"hours-ago-long","$v":{"few":["il y a ",{"t":"idOrVar","v":"value"}," heures"],"many":["il y a ",{"t":"idOrVar","v":"value"}," heures"],"other":["il y a ",{"t":"idOrVar","v":"value"}," heures"],"two":["il y a ",{"t":"idOrVar","v":"value"}," heures"],"one":"il y a une heure","zero":"À l'instant"},"$x":[{"t":"idOrVar","v":"plural"},"value"]},{"$i":"days-ago-long","$v":{"few":["il y a ",{"t":"idOrVar","v":"value"}," jours"],"many":["il y a ",{"t":"idOrVar","v":"value"}," jours"],"one":"hier","other":["il y a ",{"t":"idOrVar","v":"value"}," jours"],"two":["il y a ",{"t":"idOrVar","v":"value"}," jours"],"zero":"aujourd'hui"},"$x":[{"t":"idOrVar","v":"plural"},"value"]},{"$i":"weeks-ago-long","$v":{"few":["il y a ",{"t":"idOrVar","v":"value"}," semaines"],"many":["il y a ",{"t":"idOrVar","v":"value"}," semaines"],"one":"la semaine dernière","other":["il y a ",{"t":"idOrVar","v":"value"}," semaines"],"two":["il y a ",{"t":"idOrVar","v":"value"}," semaines"],"zero":"cette semaine"},"$x":[{"t":"idOrVar","v":"plural"},"value"]},{"$i":"months-ago-long","$v":{"few":["il y a ",{"t":"idOrVar","v":"value"}," mois"],"many":["il y a ",{"t":"idOrVar","v":"value"}," mois"],"one":"le mois dernier","other":["il y a ",{"t":"idOrVar","v":"value"}," mois"],"two":["il y a ",{"t":"idOrVar","v":"value"}," mois"],"zero":"ce mois"},"$x":[{"t":"idOrVar","v":"plural"},"value"]},{"$i":"years-ago-long","$v":{"few":["il y a ",{"t":"idOrVar","v":"value"}," années"],"many":["il y a ",{"t":"idOrVar","v":"value"}," années"],"one":"l'année dernière","other":["il y a ",{"t":"idOrVar","v":"value"}," années"],"two":["il y a ",{"t":"idOrVar","v":"value"}," années"],"zero":"cette année"},"$x":[{"t":"idOrVar","v":"plural"},"value"]},{"$i":"minutes-until-long","$v":{"few":["dans ",{"t":"idOrVar","v":"value"}," minutes"],"many":["dans ",{"t":"idOrVar","v":"value"}," minutes"],"other":["dans ",{"t":"idOrVar","v":"value"}," minutes"],"two":["dans ",{"t":"idOrVar","v":"value"}," minutes"],"zero":"maintenant","one":"dans une minute"},"$x":[{"t":"idOrVar","v":"plural"},"value"]},{"$i":"hours-until-long","$v":{"few":["dans ",{"t":"idOrVar","v":"value"}," heures"],"many":["dans ",{"t":"idOrVar","v":"value"}," heures"],"other":["dans ",{"t":"idOrVar","v":"value"}," heures"],"two":["dans ",{"t":"idOrVar","v":"value"}," heures"],"zero":"maintenant","one":"dans une heure"},"$x":[{"t":"idOrVar","v":"plural"},"value"]},{"$i":"days-until-long","$v":{"few":["dans ",{"t":"idOrVar","v":"value"}," jours"],"many":["dans ",{"t":"idOrVar","v":"value"}," jours"],"one":"demain","other":["dans ",{"t":"idOrVar","v":"value"}," jours"],"two":["dans ",{"t":"idOrVar","v":"value"}," jours"],"zero":"aujourd'hui"},"$x":[{"t":"idOrVar","v":"plural"},"value"]},{"$i":"weeks-until-long","$v":{"few":["dans ",{"t":"idOrVar","v":"value"}," semaines"],"many":["dans ",{"t":"idOrVar","v":"value"}," semaines"],"one":"la semaine prochaine","other":["dans ",{"t":"idOrVar","v":"value"}," semaines"],"two":["dans ",{"t":"idOrVar","v":"value"}," semaines"],"zero":"cette semaine"},"$x":[{"t":"idOrVar","v":"plural"},"value"]},{"$i":"months-until-long","$v":{"few":["dans ",{"t":"idOrVar","v":"value"}," mois"],"many":["dans ",{"t":"idOrVar","v":"value"}," mois"],"one":"le mois prochain","other":["dans ",{"t":"idOrVar","v":"value"}," mois"],"two":["dans ",{"t":"idOrVar","v":"value"}," mois"],"zero":"ce mois"},"$x":[{"t":"idOrVar","v":"plural"},"value"]},{"$i":"years-until-long","$v":{"few":["dans ",{"t":"idOrVar","v":"value"}," années"],"many":["dans ",{"t":"idOrVar","v":"value"}," années"],"one":"l'année prochaine","other":["dans ",{"t":"idOrVar","v":"value"}," années"],"two":["dans ",{"t":"idOrVar","v":"value"}," années"],"zero":"cette année"},"$x":[{"t":"idOrVar","v":"plural"},"value"]},{"$i":"minutes-ago-short","$v":{"other":["il y a ",{"t":"idOrVar","v":"value"}," m"],"zero":"À l'instant"},"$x":[{"t":"idOrVar","v":"plural"},"value"]},{"$i":"hours-ago-short","$v":{"other":["il y a ",{"t":"idOrVar","v":"value"}," h"],"zero":"À l'instant"},"$x":[{"t":"idOrVar","v":"plural"},"value"]},{"$i":"days-ago-short","$v":{"other":["il y a ",{"t":"idOrVar","v":"value"}," j"],"zero":"aujourd'hui"},"$x":[{"t":"idOrVar","v":"plural"},"value"]},{"$i":"minutes-until-short","$v":{"other":["dans ",{"t":"idOrVar","v":"value"}," m"],"zero":"maintenant"},"$x":[{"t":"idOrVar","v":"plural"},"value"]},{"$i":"hours-until-short","$v":{"other":["dans ",{"t":"idOrVar","v":"value"}," h"],"zero":"maintenant"},"$x":[{"t":"idOrVar","v":"plural"},"value"]},{"$i":"days-until-short","$v":{"other":["dans ",{"t":"idOrVar","v":"value"}," j"],"zero":"aujourd'hui"},"$x":[{"t":"idOrVar","v":"plural"},"value"]},{"$i":"incorrectDate","$v":"(date erronée)"},{"$i":"dateTimeFormat_%c","$v":"%a %b %e %Y %I:%M:%S %p"},{"$i":"dateTimeFormat_%x","$v":"%m/%d/%Y"},{"$i":"dateTimeFormat_%X","$v":"%I:%M:%S %p"},{"$i":"shortTimeFormat","$v":"%I:%M %p"},{"$i":"shortTimeFormat12","$v":"%I:%M %p"},{"$i":"shortTimeFormat24","$v":"%H:%M"},{"$i":"shortDateTimeFormat","$v":"%x %I:%M %p"},{"$i":"weekStartsOnMonday","$v":"0.0"},{"$i":"firstDayOfTheWeek","$v":"0.0"},{"$i":"time_am","$v":"AM"},{"$i":"time_pm","$v":"PM"},{"$i":"softkey-options","$v":"Options"}]