[{"$i":"done","$v":"Արված է"},{"$i":"number-selected2","$v":{"few":["Ընտրվեցին ",{"t":"idOrVar","v":"n"}],"many":["Ընտրվեցին ",{"t":"idOrVar","v":"n"}],"one":["Ընտրվեց ",{"t":"idOrVar","v":"n"}],"other":["Ընտրվեցին ",{"t":"idOrVar","v":"n"}],"two":["Ընտրվեցին ",{"t":"idOrVar","v":"n"}],"zero":["Ընտրվեց ",{"t":"idOrVar","v":"n"}]},"$x":[{"t":"idOrVar","v":"plural"},"n"]},{"$i":"delete-n-items?","$v":{"few":["Ջնջե՞լ ",{"t":"idOrVar","v":"n"}," տեսանյութ:"],"many":["Ջնջե՞լ ",{"t":"idOrVar","v":"n"}," տեսանյութ:"],"one":"Ջնջե՞լ ընտրված տեսանյութը:","other":["Ջնջե՞լ ",{"t":"idOrVar","v":"n"}," տեսանյութ:"],"two":["Ջնջե՞լ ",{"t":"idOrVar","v":"n"}," տեսանյութ:"],"zero":"Ոչինչ չընտրվեց"},"$x":[{"t":"idOrVar","v":"plural"},"n"]},{"$i":"not-load-video-time","$v":"--:--"},{"$i":"video-time-num","$v":["0",{"t":"idOrVar","v":"num"}]},{"$i":"video-time-minute","$v":[{"t":"idOrVar","v":"owe"},{"t":"idOrVar","v":"m"},":",{"t":"idOrVar","v":"s"}]},{"$i":"video-time-hour","$v":[{"t":"idOrVar","v":"owe"},{"t":"idOrVar","v":"h"},":",{"t":"idOrVar","v":"m"},":",{"t":"idOrVar","v":"s"}]},{"$i":"share-noprovider","$v":"Փրձք հմօգտգծլ մեկ տեսնյթ միաժմնկ:"},{"$i":"videos","$v":"Տեսանյութեր"},{"$i":"cancel","$v":"Չեղարկել"},{"$i":"delete-video?","$v":"Ջնջե՞լ ընտրված տեսանյութը:"},{"$i":"empty-title","$v":"Ավլցն տեսանյութեր սկսելու համար"},{"$i":"empty-text","$v":"Հասանելի տեսանյութեր չկան:"},{"$i":"empty-content","$v":"Տեսանյութեր չկան: Օգտագործեք տեսախցիկը սկսելու համար:"},{"$i":"search-title","$v":"Որոնում"},{"$i":"search-content","$v":"Որոնում"},{"$i":"nocard2-title","$v":"Հիշաքարտ չի գտնվել"},{"$i":"nocard3-text","$v":"Հիշաքարտ չի հայտնաբերվել: Տեղադրեք հիշաքարտ տեսանյութեր անելու համար:"},{"$i":"pluggedin-title","$v":"Տեսանյութը հնարավոր չէ նվագարկել հոսանքին միացված լինելու ժամանակ"},{"$i":"pluggedin-text","$v":"Պահոցն այժմ օգտագործվում է: Անջատեք հեռախոսը հոսանքից տեսանյութեր անելու համար:"},{"$i":"upgrade-title","$v":"Տվյալների բազայի ընդլայնում"},{"$i":"upgrade-text","$v":"Սպսք, մինչ Տսնյթ թրմցնմ է տվյլ բզն:"},{"$i":"confirm-delete","$v":"Իսկապես ջնջե՞լ."},{"$i":"pick-title","$v":"Ընտրեք տեսանյութ"},{"$i":"save","$v":"Պահել"},{"$i":"saved","$v":"պահված է տեսադարնում:"},{"$i":"save-failed","$v":"Չհաջողվեց պահել տեսանյութը, կրկին փորձեք։"},{"$i":"error-network","$v":"Տսնյթ հնրվ չէ բռնլ ցնցի սխլի պտճռվ:"},{"$i":"error-unsupported","$v":"Տեսանյութը հնարավոր չէ նվագարկել. սերվերը կամ ցանցը խափանվեցին կամ ձևաչափը չի աջակցվում:"},{"$i":"error-unknown","$v":"Առջցվ տսնյթի անհյտ սխլ:"},{"$i":"video-hardware-in-use-title","$v":"Հնարավոր չէ նվագարկել տեսանյութը"},{"$i":"video-hardware-in-use-text","$v":"Տսնվգրկչն օգտգծվ է այլ ծրգր կղմց"},{"$i":"overlay-cancel-button","$v":"Չեղարկել"},{"$i":"overlay-camera-button","$v":"Գնալ խցիկ"},{"$i":"sd-storage-full-header","$v":"SD քարտը լիքն է։"},{"$i":"sd-storage-full-content","$v":"Ջնջել SD քարտի նիշքերը՝ տարածք ազատելու համար։"},{"$i":"phone-storage-full-header","$v":"Հեռախոսի պահոցը լիքն է։"},{"$i":"phone-storage-full-content","$v":"Ջնջեք մեդիա նիշքերը կամ հավելվածի տվյալները՝ տարածք ազատելու համար։ Կարող եք նաև տեղադրել SD քարտ՝ մեդիա հիշողությունն ընդլայնելու համար։"},{"$i":"name-label","$v":"Անուն"},{"$i":"length-label","$v":"Երկարություն"},{"$i":"size-label","$v":"Չափ"},{"$i":"video-type-label","$v":"Տեսանյութի տեսակ"},{"$i":"date-taken-label","$v":"Նկրմն ամսաթիվ"},{"$i":"resolution-label","$v":"Լուծաչափը"},{"$i":"close-button","$v":"Փակել"},{"$i":"byteUnit-B","$v":"Բիթեր"},{"$i":"byteUnit-KB","$v":"ԿԲ"},{"$i":"byteUnit-MB","$v":"ՄԲ"},{"$i":"byteUnit-GB","$v":"ԳԲ"},{"$i":"byteUnit-TB","$v":"ՏԲ"},{"$i":"byteUnit-PB","$v":"ՓԲ"},{"$i":"byteUnit-EB","$v":"Էբ"},{"$i":"byteUnit-ZB","$v":"ԶԲ"},{"$i":"byteUnit-YB","$v":"ՅԲ"},{"$i":"date-group-header","$v":"%B %Y"},{"$i":"share","$v":"Համօգտագործել"},{"$i":"more-info","$v":"Ավելի շատ տղկթյնր"},{"$i":"delete","$v":"Ջնջել"},{"$i":"video-button","ariaLabel":"Տեսանյութ"},{"$i":"select-button","ariaLabel":"Ընտրել"},{"$i":"delete-button","ariaLabel":"Ջնջել"},{"$i":"share-button","ariaLabel":"Համօգտագործել"},{"$i":"info-view","ariaLabel":"Տղկթյնն"},{"$i":"options-view","ariaLabel":"Ընտրանքներ"},{"$i":"confirm-dialog","ariaLabel":"Հաստատել"},{"$i":"videos-list","ariaLabel":"Տեսանյութեր"},{"$i":"options-more","ariaLabel":"Ավելին"},{"$i":"seek-backward","ariaLabel":"Հետ փնտրել"},{"$i":"seek-bar","ariaLabel":["Փնտրլ գտն, տևղթյն ",{"t":"idOrVar","v":"duration"}]},{"$i":"seek-forward","ariaLabel":"Փնտրել առաջ"},{"$i":"play-button","ariaLabel":"Նվագարկել"},{"$i":"pause-button","ariaLabel":"Դադարեցնել"},{"$i":"fullscreen-button","ariaLabel":"Լիաէկրան"},{"$i":"show-controls-button","ariaLabel":"Ցուցադրել կառավարները"},{"$i":"hide-controls-button","ariaLabel":"Թաքցնել կառավարները"},{"$i":"confirmation-title","$v":"Հաստատում"},{"$i":"n-video-deleted","$v":{"zero":"Ոչինչ չընտրվեց","one":"Տեսանյութը ջնջված է:","few":[{"t":"idOrVar","v":"n"}," տեսանյութ ջնջվեց:"],"many":[{"t":"idOrVar","v":"n"}," տեսանյութ ջնջվեց:"],"other":[{"t":"idOrVar","v":"n"}," տեսանյութ ջնջվեց:"],"two":[{"t":"idOrVar","v":"n"}," տեսանյութ ջնջվեց:"]},"$x":[{"t":"idOrVar","v":"plural"},"n"]},{"$i":"rename-saved","$v":"Փոփոխությունները պահվեցին"},{"$i":"confirm-video","$v":"Տեսանյութ"},{"$i":"confirm-ok","$v":"Լավ"},{"$i":"options-header","$v":"Ընտրանքներ"},{"$i":"video-invalid-name","$v":"Անվավեր անուն"},{"$i":"name-already-exists","$v":"Անունն արդեն գոյություն ունի"},{"$i":"override-warning-msg","$v":"Վերագրե՞լ առկա ֆայլը:"},{"$i":"override","$v":"Վերագրել"},{"$i":"opt-takevideo","$v":"Խցիկ"},{"$i":"select","$v":"Ընտրել"},{"$i":"opt-deselect","$v":"Ապընտրել"},{"$i":"opt-delete","$v":"Ջնջել"},{"$i":"opt-rename","$v":"Վերանվանել"},{"$i":"opt-selectmultiple","$v":"Ընտրել բազմակի"},{"$i":"opt-fileinfo","$v":"Ֆայլի տվյալներ"},{"$i":"opt-selectall","$v":"Ընտրել բոլորը"},{"$i":"opt-deselectall","$v":"Ապընտրել բոլորը"},{"$i":"opt-fullscreen","$v":"Լիաէկրան"},{"$i":"opt-play","$v":"Նվագարկել"},{"$i":"opt-pause","$v":"Դադարեցնել"},{"$i":"opt-volume","$v":"Ձայն"},{"$i":"opt-rotate","$v":"Պտտել"},{"$i":"opt-cancel","$v":"Չեղարկել"},{"$i":"opt-settings","$v":"Պարամետրեր"},{"$i":"weekday-0-long","$v":"Կիրակի"},{"$i":"weekday-1-long","$v":"Երկուշաբթի"},{"$i":"weekday-2-long","$v":"Երեքշաբթի"},{"$i":"weekday-3-long","$v":"Չորեքշաբթի"},{"$i":"weekday-4-long","$v":"Հինգշաբթի"},{"$i":"weekday-5-long","$v":"Ուրբաթ"},{"$i":"weekday-6-long","$v":"Շաբաթ"},{"$i":"weekday-0-short","$v":"Կիր"},{"$i":"weekday-1-short","$v":"Երկ"},{"$i":"weekday-2-short","$v":"Երք"},{"$i":"weekday-3-short","$v":"Չրք"},{"$i":"weekday-4-short","$v":"Հնգ"},{"$i":"weekday-5-short","$v":"Ուրբ"},{"$i":"weekday-6-short","$v":"Շբթ"},{"$i":"month-0-long","$v":"Հունվար"},{"$i":"month-1-long","$v":"Փետրվար"},{"$i":"month-2-long","$v":"Մարտ"},{"$i":"month-3-long","$v":"Ապրիլ"},{"$i":"month-4-long","$v":"Մյս"},{"$i":"month-5-long","$v":"Հունիս"},{"$i":"month-6-long","$v":"Հուլիս"},{"$i":"month-7-long","$v":"Օգոստոս"},{"$i":"month-8-long","$v":"Սեպտեմբեր"},{"$i":"month-9-long","$v":"Հոկտեմբեր"},{"$i":"month-10-long","$v":"Նոյեմբեր"},{"$i":"month-11-long","$v":"Դեկտեմբեր"},{"$i":"month-0-genitive","$v":"Հունվար"},{"$i":"month-1-genitive","$v":"Փետրվար"},{"$i":"month-2-genitive","$v":"Մարտ"},{"$i":"month-3-genitive","$v":"Ապրիլ"},{"$i":"month-4-genitive","$v":"Մյս"},{"$i":"month-5-genitive","$v":"Հունիս"},{"$i":"month-6-genitive","$v":"Հուլիս"},{"$i":"month-7-genitive","$v":"Օգոստոս"},{"$i":"month-8-genitive","$v":"Սեպտեմբեր"},{"$i":"month-9-genitive","$v":"Հոկտեմբեր"},{"$i":"month-10-genitive","$v":"Նոյեմբեր"},{"$i":"month-11-genitive","$v":"Դեկտեմբեր"},{"$i":"month-0-short","$v":"Հունվ"},{"$i":"month-1-short","$v":"Փետ"},{"$i":"month-2-short","$v":"Մրտ"},{"$i":"month-3-short","$v":"Ապլ"},{"$i":"month-4-short","$v":"Մյս"},{"$i":"month-5-short","$v":"Հուն"},{"$i":"month-6-short","$v":"Հուլ"},{"$i":"month-7-short","$v":"Օգս"},{"$i":"month-8-short","$v":"Սպտ"},{"$i":"month-9-short","$v":"Հոկտ"},{"$i":"month-10-short","$v":"Նոյ"},{"$i":"month-11-short","$v":"Դեկ"},{"$i":"minutes-ago-long","$v":{"few":[{"t":"idOrVar","v":"value"}," րոպե առաջ"],"many":[{"t":"idOrVar","v":"value"}," րոպե առաջ"],"other":[{"t":"idOrVar","v":"value"}," րոպե առաջ"],"two":[{"t":"idOrVar","v":"value"}," րոպե առաջ"],"one":"րոպե առաջ","zero":"հենց նոր"},"$x":[{"t":"idOrVar","v":"plural"},"value"]},{"$i":"hours-ago-long","$v":{"few":[{"t":"idOrVar","v":"value"}," ժամ առաջ"],"many":[{"t":"idOrVar","v":"value"}," ժամ առաջ"],"other":[{"t":"idOrVar","v":"value"}," ժամ առաջ"],"two":[{"t":"idOrVar","v":"value"}," ժամ առաջ"],"one":"1 ժամ առաջ","zero":"հենց նոր"},"$x":[{"t":"idOrVar","v":"plural"},"value"]},{"$i":"days-ago-long","$v":{"few":[{"t":"idOrVar","v":"value"}," օր առաջ"],"many":[{"t":"idOrVar","v":"value"}," օր առաջ"],"one":"երեկ","other":[{"t":"idOrVar","v":"value"}," օր առաջ"],"two":[{"t":"idOrVar","v":"value"}," օր առաջ"],"zero":"այսօր"},"$x":[{"t":"idOrVar","v":"plural"},"value"]},{"$i":"weeks-ago-long","$v":{"few":[{"t":"idOrVar","v":"value"}," շաբաթ առաջ"],"many":[{"t":"idOrVar","v":"value"}," շաբաթ առաջ"],"one":"անցյալ շաբաթ","other":[{"t":"idOrVar","v":"value"}," շաբաթ առաջ"],"two":[{"t":"idOrVar","v":"value"}," շաբաթ առաջ"],"zero":"այս շաբաթ"},"$x":[{"t":"idOrVar","v":"plural"},"value"]},{"$i":"months-ago-long","$v":{"few":[{"t":"idOrVar","v":"value"}," ամիս առաջ"],"many":[{"t":"idOrVar","v":"value"}," ամիս առաջ"],"one":"անցած ամիս","other":[{"t":"idOrVar","v":"value"}," ամիս առաջ"],"two":[{"t":"idOrVar","v":"value"}," ամիս առաջ"],"zero":"այս ամիս"},"$x":[{"t":"idOrVar","v":"plural"},"value"]},{"$i":"years-ago-long","$v":{"few":[{"t":"idOrVar","v":"value"}," տարի առաջ"],"many":[{"t":"idOrVar","v":"value"}," տարի առաջ"],"one":"անցյալ տարի","other":[{"t":"idOrVar","v":"value"}," տարի առաջ"],"two":[{"t":"idOrVar","v":"value"}," տարի առաջ"],"zero":"այս տարի"},"$x":[{"t":"idOrVar","v":"plural"},"value"]},{"$i":"minutes-until-long","$v":{"few":[{"t":"idOrVar","v":"value"}," րոպեից"],"many":[{"t":"idOrVar","v":"value"}," րոպեից"],"other":[{"t":"idOrVar","v":"value"}," րոպեից"],"two":[{"t":"idOrVar","v":"value"}," րոպեից"],"zero":"հիմա","one":"1 րոպեի ընթացքում"},"$x":[{"t":"idOrVar","v":"plural"},"value"]},{"$i":"hours-until-long","$v":{"few":[{"t":"idOrVar","v":"value"}," ժամից"],"many":[{"t":"idOrVar","v":"value"}," ժամից"],"other":[{"t":"idOrVar","v":"value"}," ժամից"],"two":[{"t":"idOrVar","v":"value"}," ժամից"],"zero":"հիմա","one":"1 ժամում"},"$x":[{"t":"idOrVar","v":"plural"},"value"]},{"$i":"days-until-long","$v":{"few":[{"t":"idOrVar","v":"value"}," օրից"],"many":[{"t":"idOrVar","v":"value"}," օրից"],"one":"վաղը","other":[{"t":"idOrVar","v":"value"}," օրից"],"two":[{"t":"idOrVar","v":"value"}," օրից"],"zero":"այսօր"},"$x":[{"t":"idOrVar","v":"plural"},"value"]},{"$i":"weeks-until-long","$v":{"few":[{"t":"idOrVar","v":"value"}," շաբաթից"],"many":[{"t":"idOrVar","v":"value"}," շաբաթից"],"one":"հաջորդ շաբաթ","other":[{"t":"idOrVar","v":"value"}," շաբաթից"],"two":[{"t":"idOrVar","v":"value"}," շաբաթից"],"zero":"այս շաբաթ"},"$x":[{"t":"idOrVar","v":"plural"},"value"]},{"$i":"months-until-long","$v":{"few":[{"t":"idOrVar","v":"value"}," ամսից"],"many":[{"t":"idOrVar","v":"value"}," ամսից"],"one":"հաջորդ ամիս","other":[{"t":"idOrVar","v":"value"}," ամսից"],"two":[{"t":"idOrVar","v":"value"}," ամսից"],"zero":"այս ամիս"},"$x":[{"t":"idOrVar","v":"plural"},"value"]},{"$i":"years-until-long","$v":{"few":[{"t":"idOrVar","v":"value"}," տարուց"],"many":[{"t":"idOrVar","v":"value"}," տարուց"],"one":"հաջորդ տարի","other":[{"t":"idOrVar","v":"value"}," տարուց"],"two":[{"t":"idOrVar","v":"value"}," տարուց"],"zero":"այս տարի"},"$x":[{"t":"idOrVar","v":"plural"},"value"]},{"$i":"minutes-ago-short","$v":{"other":[{"t":"idOrVar","v":"value"}," ր առաջ"],"zero":"հենց նոր"},"$x":[{"t":"idOrVar","v":"plural"},"value"]},{"$i":"hours-ago-short","$v":{"other":[{"t":"idOrVar","v":"value"}," ժ առաջ"],"zero":"հենց նոր"},"$x":[{"t":"idOrVar","v":"plural"},"value"]},{"$i":"days-ago-short","$v":{"other":[{"t":"idOrVar","v":"value"}," օր առաջ"],"zero":"այսօր"},"$x":[{"t":"idOrVar","v":"plural"},"value"]},{"$i":"minutes-until-short","$v":{"other":[{"t":"idOrVar","v":"value"}," ր-ից"],"zero":"հիմա"},"$x":[{"t":"idOrVar","v":"plural"},"value"]},{"$i":"hours-until-short","$v":{"other":[{"t":"idOrVar","v":"value"}," ժ-ից"],"zero":"հիմա"},"$x":[{"t":"idOrVar","v":"plural"},"value"]},{"$i":"days-until-short","$v":{"other":[{"t":"idOrVar","v":"value"}," օրից"],"zero":"այսօր"},"$x":[{"t":"idOrVar","v":"plural"},"value"]},{"$i":"incorrectDate","$v":"(սխալ ամսաթիվ)"},{"$i":"dateTimeFormat_%c","$v":"%a %b %e %Y %I:%M:%S %p"},{"$i":"dateTimeFormat_%x","$v":"%m/%d/%Y"},{"$i":"dateTimeFormat_%X","$v":"%I:%M:%S %p"},{"$i":"shortTimeFormat","$v":"%I:%M %p"},{"$i":"shortTimeFormat12","$v":"%I:%M %p"},{"$i":"shortTimeFormat24","$v":"%H:%M"},{"$i":"shortDateTimeFormat","$v":"%x %I:%M %p"},{"$i":"weekStartsOnMonday","$v":"0.0"},{"$i":"firstDayOfTheWeek","$v":"1.0"},{"$i":"time_am","$v":"AM"},{"$i":"time_pm","$v":"PM"},{"$i":"softkey-options","$v":"Ընտրանքներ"}]