[{"$i":"done","$v":"Fine"},{"$i":"number-selected2","$v":{"few":[{"t":"idOrVar","v":"n"}," selezionati"],"many":[{"t":"idOrVar","v":"n"}," selezionati"],"one":[{"t":"idOrVar","v":"n"}," selezionati"],"other":[{"t":"idOrVar","v":"n"}," selezionati"],"two":[{"t":"idOrVar","v":"n"}," selezionati"],"zero":[{"t":"idOrVar","v":"n"}," selezionati"]},"$x":[{"t":"idOrVar","v":"plural"},"n"]},{"$i":"delete-n-items?","$v":{"few":["Eliminare ",{"t":"idOrVar","v":"n"}," video?"],"many":["Eliminare ",{"t":"idOrVar","v":"n"}," video?"],"one":"Eliminare il video selezionato?","other":["Eliminare ",{"t":"idOrVar","v":"n"}," video?"],"two":["Eliminare ",{"t":"idOrVar","v":"n"}," video?"],"zero":"Nessuna selezione"},"$x":[{"t":"idOrVar","v":"plural"},"n"]},{"$i":"not-load-video-time","$v":"--:--"},{"$i":"video-time-num","$v":["0",{"t":"idOrVar","v":"num"}]},{"$i":"video-time-minute","$v":[{"t":"idOrVar","v":"owe"},{"t":"idOrVar","v":"m"},":",{"t":"idOrVar","v":"s"}]},{"$i":"video-time-hour","$v":[{"t":"idOrVar","v":"owe"},{"t":"idOrVar","v":"h"},":",{"t":"idOrVar","v":"m"},":",{"t":"idOrVar","v":"s"}]},{"$i":"share-noprovider","$v":"Tentare di condividere un video alla volta."},{"$i":"videos","$v":"Video"},{"$i":"cancel","$v":"Annulla"},{"$i":"delete-video?","$v":"Eliminare il video selezionato?"},{"$i":"empty-title","$v":"Aggiungere video per iniziare"},{"$i":"empty-text","$v":"Nessun video disponibile."},{"$i":"empty-content","$v":"Il video è vuoto. Per iniziare, utilizzare la fotocamera."},{"$i":"search-title","$v":"Scansione di video in corso..."},{"$i":"search-content","$v":"Scansione di video in corso..."},{"$i":"nocard2-title","$v":"Nessuna scheda di memoria trovata"},{"$i":"nocard3-text","$v":"Scheda di memoria non trovata. Inserire una scheda di memoria per acquisire video."},{"$i":"pluggedin-title","$v":"Impossibile guardare il video mentre si è collegati"},{"$i":"pluggedin-text","$v":"Memoria attualmente in uso. Scollegare il telefono per acquisire video."},{"$i":"upgrade-title","$v":"Aggiornamento database"},{"$i":"upgrade-text","$v":"Attendere mentre Video aggiorna il database."},{"$i":"confirm-delete","$v":"Eliminare:"},{"$i":"pick-title","$v":"Selezionare un video"},{"$i":"save","$v":"Salva"},{"$i":"saved","$v":"salvato nella raccolta Video."},{"$i":"save-failed","$v":"Impossibile salvare il video, riprovare."},{"$i":"error-network","$v":"Impossibile scaricare il video a causa di un errore di rete."},{"$i":"error-unsupported","$v":"Impossibile riprodurre il video: errore del server o della rete oppure formato non supportato."},{"$i":"error-unknown","$v":"Si è verificato un errore video sconosciuto."},{"$i":"video-hardware-in-use-title","$v":"Impossibile riprodurre il video"},{"$i":"video-hardware-in-use-text","$v":"Un'altra applicazione sta attualmente usando il lettore video."},{"$i":"overlay-cancel-button","$v":"Annulla"},{"$i":"overlay-camera-button","$v":"Vai a Fotocamera"},{"$i":"sd-storage-full-header","$v":"Scheda SD esaurita"},{"$i":"sd-storage-full-content","$v":"Eliminare file sulla scheda SD per liberare spazio."},{"$i":"phone-storage-full-header","$v":"Risorsa di archiviazione del telefono quasi esaurita"},{"$i":"phone-storage-full-content","$v":"Eliminare file multimediali o dati delle applicazioni per liberare spazio. È inoltre possibile inserire una scheda SD per aumentare la risorsa di archiviazione per file multimediali."},{"$i":"name-label","$v":"Nome"},{"$i":"length-label","$v":"Lunghezza"},{"$i":"size-label","$v":"Dimensioni"},{"$i":"video-type-label","$v":"Tipo di video"},{"$i":"date-taken-label","$v":"Data scatto"},{"$i":"resolution-label","$v":"Risoluzione"},{"$i":"close-button","$v":"Chiudi"},{"$i":"byteUnit-B","$v":"Byte"},{"$i":"byteUnit-KB","$v":"KB"},{"$i":"byteUnit-MB","$v":"MB"},{"$i":"byteUnit-GB","$v":"GB"},{"$i":"byteUnit-TB","$v":"TB"},{"$i":"byteUnit-PB","$v":"PB"},{"$i":"byteUnit-EB","$v":"EB"},{"$i":"byteUnit-ZB","$v":"ZB"},{"$i":"byteUnit-YB","$v":"YB"},{"$i":"date-group-header","$v":"%B %Y"},{"$i":"share","$v":"Condividi"},{"$i":"more-info","$v":"Altre informazioni"},{"$i":"delete","$v":"Elimina"},{"$i":"video-button","ariaLabel":"Video"},{"$i":"select-button","ariaLabel":"Seleziona"},{"$i":"delete-button","ariaLabel":"Elimina"},{"$i":"share-button","ariaLabel":"Condividi"},{"$i":"info-view","ariaLabel":"Info"},{"$i":"options-view","ariaLabel":"Opzioni"},{"$i":"confirm-dialog","ariaLabel":"Conferma"},{"$i":"videos-list","ariaLabel":"Video"},{"$i":"options-more","ariaLabel":"Altro"},{"$i":"seek-backward","ariaLabel":"Cerca all'indietro"},{"$i":"seek-bar","ariaLabel":["Barra di ricerca, durata ",{"t":"idOrVar","v":"duration"}]},{"$i":"seek-forward","ariaLabel":"Cerca in avanti"},{"$i":"play-button","ariaLabel":"Riproduci"},{"$i":"pause-button","ariaLabel":"Pausa"},{"$i":"fullscreen-button","ariaLabel":"Schermo intero"},{"$i":"show-controls-button","ariaLabel":"Mostra controlli"},{"$i":"hide-controls-button","ariaLabel":"Nascondi controlli"},{"$i":"confirmation-title","$v":"Conferma"},{"$i":"n-video-deleted","$v":{"zero":"Nessuna selezione","one":"Video eliminato","few":[{"t":"idOrVar","v":"n"}," video eliminati"],"many":[{"t":"idOrVar","v":"n"}," video eliminati"],"other":[{"t":"idOrVar","v":"n"}," video eliminati"],"two":[{"t":"idOrVar","v":"n"}," video eliminati"]},"$x":[{"t":"idOrVar","v":"plural"},"n"]},{"$i":"rename-saved","$v":"Modifiche salvate"},{"$i":"confirm-video","$v":"Video"},{"$i":"confirm-ok","$v":"OK"},{"$i":"options-header","$v":"Opzioni"},{"$i":"video-invalid-name","$v":"Nome non valido"},{"$i":"name-already-exists","$v":"Nome già esistente"},{"$i":"override-warning-msg","$v":"Sovrascrivere il file esistente?"},{"$i":"override","$v":"Sovrascrivi"},{"$i":"opt-takevideo","$v":"Fotocamera"},{"$i":"select","$v":"Seleziona"},{"$i":"opt-deselect","$v":"Deseleziona"},{"$i":"opt-delete","$v":"Elimina"},{"$i":"opt-rename","$v":"Rinomina"},{"$i":"opt-selectmultiple","$v":"Selezione multipla"},{"$i":"opt-fileinfo","$v":"Informazioni file"},{"$i":"opt-selectall","$v":"Tutto"},{"$i":"opt-deselectall","$v":"Nessuno"},{"$i":"opt-fullscreen","$v":"Schermo intero"},{"$i":"opt-play","$v":"Riproduci"},{"$i":"opt-pause","$v":"Pausa"},{"$i":"opt-volume","$v":"Volume"},{"$i":"opt-rotate","$v":"Ruota"},{"$i":"opt-cancel","$v":"Annulla"},{"$i":"opt-settings","$v":"Impostazioni"},{"$i":"weekday-0-long","$v":"Domenica"},{"$i":"weekday-1-long","$v":"Lunedì"},{"$i":"weekday-2-long","$v":"Martedì"},{"$i":"weekday-3-long","$v":"Mercoledì"},{"$i":"weekday-4-long","$v":"Giovedì"},{"$i":"weekday-5-long","$v":"Venerdì"},{"$i":"weekday-6-long","$v":"Sabato"},{"$i":"weekday-0-short","$v":"Dom"},{"$i":"weekday-1-short","$v":"Lun"},{"$i":"weekday-2-short","$v":"Mar"},{"$i":"weekday-3-short","$v":"Mer"},{"$i":"weekday-4-short","$v":"Gio"},{"$i":"weekday-5-short","$v":"Ven"},{"$i":"weekday-6-short","$v":"Sab"},{"$i":"month-0-long","$v":"Gennaio"},{"$i":"month-1-long","$v":"Febbraio"},{"$i":"month-2-long","$v":"Marzo"},{"$i":"month-3-long","$v":"Aprile"},{"$i":"month-4-long","$v":"Mag"},{"$i":"month-5-long","$v":"Giugno"},{"$i":"month-6-long","$v":"Luglio"},{"$i":"month-7-long","$v":"Agosto"},{"$i":"month-8-long","$v":"Settembre"},{"$i":"month-9-long","$v":"Ottobre"},{"$i":"month-10-long","$v":"Novembre"},{"$i":"month-11-long","$v":"Dicembre"},{"$i":"month-0-genitive","$v":"Gennaio"},{"$i":"month-1-genitive","$v":"Febbraio"},{"$i":"month-2-genitive","$v":"Marzo"},{"$i":"month-3-genitive","$v":"Aprile"},{"$i":"month-4-genitive","$v":"Mag"},{"$i":"month-5-genitive","$v":"Giugno"},{"$i":"month-6-genitive","$v":"Luglio"},{"$i":"month-7-genitive","$v":"Agosto"},{"$i":"month-8-genitive","$v":"Settembre"},{"$i":"month-9-genitive","$v":"Ottobre"},{"$i":"month-10-genitive","$v":"Novembre"},{"$i":"month-11-genitive","$v":"Dicembre"},{"$i":"month-0-short","$v":"Gen"},{"$i":"month-1-short","$v":"Feb"},{"$i":"month-2-short","$v":"Mar"},{"$i":"month-3-short","$v":"Apr"},{"$i":"month-4-short","$v":"Mag"},{"$i":"month-5-short","$v":"Giu"},{"$i":"month-6-short","$v":"Lug"},{"$i":"month-7-short","$v":"Ago"},{"$i":"month-8-short","$v":"Set"},{"$i":"month-9-short","$v":"Ott"},{"$i":"month-10-short","$v":"Nov"},{"$i":"month-11-short","$v":"Dic"},{"$i":"minutes-ago-long","$v":{"few":[{"t":"idOrVar","v":"value"}," minuti fa"],"many":[{"t":"idOrVar","v":"value"}," minuti fa"],"other":[{"t":"idOrVar","v":"value"}," minuti fa"],"two":[{"t":"idOrVar","v":"value"}," minuti fa"],"one":"un minuto fa","zero":"Proprio adesso"},"$x":[{"t":"idOrVar","v":"plural"},"value"]},{"$i":"hours-ago-long","$v":{"few":[{"t":"idOrVar","v":"value"}," ore fa"],"many":[{"t":"idOrVar","v":"value"}," ore fa"],"other":[{"t":"idOrVar","v":"value"}," ore fa"],"two":[{"t":"idOrVar","v":"value"}," ore fa"],"one":"un'ora fa","zero":"Proprio adesso"},"$x":[{"t":"idOrVar","v":"plural"},"value"]},{"$i":"days-ago-long","$v":{"few":[{"t":"idOrVar","v":"value"}," giorni fa"],"many":[{"t":"idOrVar","v":"value"}," giorni fa"],"one":"ieri","other":[{"t":"idOrVar","v":"value"}," giorni fa"],"two":[{"t":"idOrVar","v":"value"}," giorni fa"],"zero":"oggi"},"$x":[{"t":"idOrVar","v":"plural"},"value"]},{"$i":"weeks-ago-long","$v":{"few":[{"t":"idOrVar","v":"value"}," settimane fa"],"many":[{"t":"idOrVar","v":"value"}," settimane fa"],"one":"una settimana fa","other":[{"t":"idOrVar","v":"value"}," settimane fa"],"two":[{"t":"idOrVar","v":"value"}," settimane fa"],"zero":"questa settimana"},"$x":[{"t":"idOrVar","v":"plural"},"value"]},{"$i":"months-ago-long","$v":{"few":[{"t":"idOrVar","v":"value"}," mesi fa"],"many":[{"t":"idOrVar","v":"value"}," mesi fa"],"one":"un mese fa","other":[{"t":"idOrVar","v":"value"}," mesi fa"],"two":[{"t":"idOrVar","v":"value"}," mesi fa"],"zero":"questo mese"},"$x":[{"t":"idOrVar","v":"plural"},"value"]},{"$i":"years-ago-long","$v":{"few":[{"t":"idOrVar","v":"value"}," anni fa"],"many":[{"t":"idOrVar","v":"value"}," anni fa"],"one":"un anno fa","other":[{"t":"idOrVar","v":"value"}," anni fa"],"two":[{"t":"idOrVar","v":"value"}," anni fa"],"zero":"quest'anno"},"$x":[{"t":"idOrVar","v":"plural"},"value"]},{"$i":"minutes-until-long","$v":{"few":["tra ",{"t":"idOrVar","v":"value"}," minuti"],"many":["tra ",{"t":"idOrVar","v":"value"}," minuti"],"other":["tra ",{"t":"idOrVar","v":"value"}," minuti"],"two":["tra ",{"t":"idOrVar","v":"value"}," minuti"],"zero":"ora","one":"tra un minuto"},"$x":[{"t":"idOrVar","v":"plural"},"value"]},{"$i":"hours-until-long","$v":{"few":["tra ",{"t":"idOrVar","v":"value"}," ore"],"many":["tra ",{"t":"idOrVar","v":"value"}," ore"],"other":["tra ",{"t":"idOrVar","v":"value"}," ore"],"two":["tra ",{"t":"idOrVar","v":"value"}," ore"],"zero":"ora","one":"tra un'ora"},"$x":[{"t":"idOrVar","v":"plural"},"value"]},{"$i":"days-until-long","$v":{"few":["tra ",{"t":"idOrVar","v":"value"}," giorni"],"many":["tra ",{"t":"idOrVar","v":"value"}," giorni"],"one":"domani","other":["tra ",{"t":"idOrVar","v":"value"}," giorni"],"two":["tra ",{"t":"idOrVar","v":"value"}," giorni"],"zero":"oggi"},"$x":[{"t":"idOrVar","v":"plural"},"value"]},{"$i":"weeks-until-long","$v":{"few":["tra ",{"t":"idOrVar","v":"value"}," settimane"],"many":["tra ",{"t":"idOrVar","v":"value"}," settimane"],"one":"tra una settimana","other":["tra ",{"t":"idOrVar","v":"value"}," settimane"],"two":["tra ",{"t":"idOrVar","v":"value"}," settimane"],"zero":"questa settimana"},"$x":[{"t":"idOrVar","v":"plural"},"value"]},{"$i":"months-until-long","$v":{"few":["tra ",{"t":"idOrVar","v":"value"}," mesi"],"many":["tra ",{"t":"idOrVar","v":"value"}," mesi"],"one":"tra un mese","other":["tra ",{"t":"idOrVar","v":"value"}," mesi"],"two":["tra ",{"t":"idOrVar","v":"value"}," mesi"],"zero":"questo mese"},"$x":[{"t":"idOrVar","v":"plural"},"value"]},{"$i":"years-until-long","$v":{"few":["tra ",{"t":"idOrVar","v":"value"}," anni"],"many":["tra ",{"t":"idOrVar","v":"value"}," anni"],"one":"tra un anno","other":["tra ",{"t":"idOrVar","v":"value"}," anni"],"two":["tra ",{"t":"idOrVar","v":"value"}," anni"],"zero":"quest'anno"},"$x":[{"t":"idOrVar","v":"plural"},"value"]},{"$i":"minutes-ago-short","$v":{"other":[{"t":"idOrVar","v":"value"}," m fa"],"zero":"Proprio adesso"},"$x":[{"t":"idOrVar","v":"plural"},"value"]},{"$i":"hours-ago-short","$v":{"other":[{"t":"idOrVar","v":"value"}," h fa"],"zero":"Proprio adesso"},"$x":[{"t":"idOrVar","v":"plural"},"value"]},{"$i":"days-ago-short","$v":{"other":[{"t":"idOrVar","v":"value"}," g fa"],"zero":"oggi"},"$x":[{"t":"idOrVar","v":"plural"},"value"]},{"$i":"minutes-until-short","$v":{"other":["tra ",{"t":"idOrVar","v":"value"}," m"],"zero":"ora"},"$x":[{"t":"idOrVar","v":"plural"},"value"]},{"$i":"hours-until-short","$v":{"other":["tra ",{"t":"idOrVar","v":"value"}," h"],"zero":"ora"},"$x":[{"t":"idOrVar","v":"plural"},"value"]},{"$i":"days-until-short","$v":{"other":["tra ",{"t":"idOrVar","v":"value"}," g"],"zero":"oggi"},"$x":[{"t":"idOrVar","v":"plural"},"value"]},{"$i":"incorrectDate","$v":"(data errata)"},{"$i":"dateTimeFormat_%c","$v":"%a %b %e %Y %I:%M:%S %p"},{"$i":"dateTimeFormat_%x","$v":"%m/%d/%Y"},{"$i":"dateTimeFormat_%X","$v":"%I:%M:%S %p"},{"$i":"shortTimeFormat","$v":"%I:%M %p"},{"$i":"shortTimeFormat12","$v":"%I:%M %p"},{"$i":"shortTimeFormat24","$v":"%H:%M"},{"$i":"shortDateTimeFormat","$v":"%x %I:%M %p"},{"$i":"weekStartsOnMonday","$v":"0.0"},{"$i":"firstDayOfTheWeek","$v":"1.0"},{"$i":"time_am","$v":"AM"},{"$i":"time_pm","$v":"PM"},{"$i":"softkey-options","$v":"Opzioni"}]