[{"$i":"done","$v":"დას."},{"$i":"number-selected2","$v":{"few":[{"t":"idOrVar","v":"n"}," არჩეული"],"many":[{"t":"idOrVar","v":"n"}," არჩეული"],"one":[{"t":"idOrVar","v":"n"}," არჩეული"],"other":[{"t":"idOrVar","v":"n"}," არჩეული"],"two":[{"t":"idOrVar","v":"n"}," არჩეული"],"zero":[{"t":"idOrVar","v":"n"}," არჩეული"]},"$x":[{"t":"idOrVar","v":"plural"},"n"]},{"$i":"delete-n-items?","$v":{"few":["წავშალო ",{"t":"idOrVar","v":"n"}," ვიდეო?"],"many":["წავშალო ",{"t":"idOrVar","v":"n"}," ვიდეო?"],"one":"წავშალო არჩეული ვიდეო?","other":["წავშალო ",{"t":"idOrVar","v":"n"}," ვიდეო?"],"two":["წავშალო ",{"t":"idOrVar","v":"n"}," ვიდეო?"],"zero":"არაფერია არჩეული"},"$x":[{"t":"idOrVar","v":"plural"},"n"]},{"$i":"not-load-video-time","$v":"--:--"},{"$i":"video-time-num","$v":["0",{"t":"idOrVar","v":"num"}]},{"$i":"video-time-minute","$v":[{"t":"idOrVar","v":"owe"},{"t":"idOrVar","v":"m"},":",{"t":"idOrVar","v":"s"}]},{"$i":"video-time-hour","$v":[{"t":"idOrVar","v":"owe"},{"t":"idOrVar","v":"h"},":",{"t":"idOrVar","v":"m"},":",{"t":"idOrVar","v":"s"}]},{"$i":"share-noprovider","$v":"ეცადეთ ერთ ჯერზე გააზიაროთ ერთი ვიდეო."},{"$i":"videos","$v":"ვიდეოები"},{"$i":"cancel","$v":"გაუქმება"},{"$i":"delete-video?","$v":"წავშალო არჩეული ვიდეო?"},{"$i":"empty-title","$v":"ვიდეოების დამატება დასაწყებად"},{"$i":"empty-text","$v":"ვიდეოები ხელმისაწვდომი არ არის."},{"$i":"empty-content","$v":"ვიდეო ცარიელია. დასაწყებად გამოიყენეთ კამერა."},{"$i":"search-title","$v":"სკანირება"},{"$i":"search-content","$v":"სკანირება"},{"$i":"nocard2-title","$v":"მეხსიერების ბარათი ნაპოვნი არ არის"},{"$i":"nocard3-text","$v":"მეხსიერების ბარათი ნაპოვნი არ არის. ვიდეოების გადასაღებად, გთხოვთ, ჩასვათ მეხსიერების ბარათი."},{"$i":"pluggedin-title","$v":"ვიდეოს დაკვრა შეუძლებელია, სანამ შეერთებულია"},{"$i":"pluggedin-text","$v":"მეხსიერება ამჟამად გამოყენების პროცესშია. ვიდეოების გადასაღებად, გთხოვთ, გათიშოთ ტელეფონი."},{"$i":"upgrade-title","$v":"მონაცემთა ბაზის განახლება"},{"$i":"upgrade-text","$v":"დაელ. მონაც. ბაზას განახლებას ვიდეოს მიერ."},{"$i":"confirm-delete","$v":"დარწმუნებული ხართ, რომ გსურთ წაშალოთ:"},{"$i":"pick-title","$v":"აირჩიეთ ვიდეო"},{"$i":"save","$v":"შენახვა"},{"$i":"saved","$v":"შენახულია ვიდეოს ბიბლიოთეკაში."},{"$i":"save-failed","$v":"ვიდეოს შენახვა შეუძლებელია, გთხოვთ კიდევ სცადოთ."},{"$i":"error-network","$v":"შეუძლებელია ვიდეოს ჩამოტვირთვა ქსელის შეცდომის გამო."},{"$i":"error-unsupported","$v":"ვიდეოს დაკვრა შეუძლებელია: ან იმიტომ, რომ სერვერი ან ქსელი არ მუშაობს ან ფორმატს არ აქვს მხარდაჭერა."},{"$i":"error-unknown","$v":"უცნობი ვიდეოს შეცდომა დაფიქს."},{"$i":"video-hardware-in-use-title","$v":"ვიდეოს დაკვრა შეუძლებელია"},{"$i":"video-hardware-in-use-text","$v":"ამჟამად სხვა აპი იყენებს ვიდეო ფლეერს."},{"$i":"overlay-cancel-button","$v":"გაუქმება"},{"$i":"overlay-camera-button","$v":"კამერაში შესვლა"},{"$i":"sd-storage-full-header","$v":"SD ბარათი სავსეა."},{"$i":"sd-storage-full-content","$v":"სივრცის გასათავისუფლებლად, წაშალეთ ფაილები SD ბარათზე."},{"$i":"phone-storage-full-header","$v":"ტელეფონის მეხსიერება სავსეა."},{"$i":"phone-storage-full-content","$v":"სივრცის გასათავისუფლებლად წაშალეთ მედია ფაილები ან პროგ. მონაცემები. მედია მეხსიერების გასაფართოვებლად, ასევე შეგიძლიათ ჩასვათ SD ბარათი."},{"$i":"name-label","$v":"სახელი"},{"$i":"length-label","$v":"სიგრძე"},{"$i":"size-label","$v":"ზომა"},{"$i":"video-type-label","$v":"ვიდეოს ტიპი"},{"$i":"date-taken-label","$v":"თარიღი განხ."},{"$i":"resolution-label","$v":"გარჩევადობა"},{"$i":"close-button","$v":"დახურვა"},{"$i":"byteUnit-B","$v":"ბაიტები"},{"$i":"byteUnit-KB","$v":"კბ"},{"$i":"byteUnit-MB","$v":"მბ"},{"$i":"byteUnit-GB","$v":"გბ"},{"$i":"byteUnit-TB","$v":"თბ"},{"$i":"byteUnit-PB","$v":"PB"},{"$i":"byteUnit-EB","$v":"ექსაბიტი"},{"$i":"byteUnit-ZB","$v":"ნულოვანი ზღვარი"},{"$i":"byteUnit-YB","$v":"იტერბი"},{"$i":"date-group-header","$v":"%B %Y"},{"$i":"share","$v":"გაზიარება"},{"$i":"more-info","$v":"მეტი ინფორმაცია"},{"$i":"delete","$v":"წაშლა"},{"$i":"video-button","ariaLabel":"ვიდეო"},{"$i":"select-button","ariaLabel":"არჩევა"},{"$i":"delete-button","ariaLabel":"წაშლა"},{"$i":"share-button","ariaLabel":"გაზიარება"},{"$i":"info-view","ariaLabel":"ინფო"},{"$i":"options-view","ariaLabel":"ვარიანტები"},{"$i":"confirm-dialog","ariaLabel":"დადასტურება"},{"$i":"videos-list","ariaLabel":"ვიდეოები"},{"$i":"options-more","ariaLabel":"მეტი"},{"$i":"seek-backward","ariaLabel":"დაგვიანებული ძებნა"},{"$i":"seek-bar","ariaLabel":["ძიების ზოლი, ხანგრძლივობა ",{"t":"idOrVar","v":"duration"}]},{"$i":"seek-forward","ariaLabel":"ძებნა წინა მიმართ."},{"$i":"play-button","ariaLabel":"დაკვრა"},{"$i":"pause-button","ariaLabel":"პაუზა"},{"$i":"fullscreen-button","ariaLabel":"მთელი ეკრანი"},{"$i":"show-controls-button","ariaLabel":"მაჩვენე მართვის ელემენ."},{"$i":"hide-controls-button","ariaLabel":"მართვის ღილაკების დამალვა"},{"$i":"confirmation-title","$v":"დადასტურება"},{"$i":"n-video-deleted","$v":{"zero":"არაფერია არჩეული","one":"ვიდეო წაიშალა.","few":[{"t":"idOrVar","v":"n"}," ვიდეო წაიშალა."],"many":[{"t":"idOrVar","v":"n"}," ვიდეო წაიშალა."],"other":[{"t":"idOrVar","v":"n"}," ვიდეო წაიშალა."],"two":[{"t":"idOrVar","v":"n"}," ვიდეო წაიშალა."]},"$x":[{"t":"idOrVar","v":"plural"},"n"]},{"$i":"rename-saved","$v":"ცვლილებები შენახულია"},{"$i":"confirm-video","$v":"ვიდეო"},{"$i":"confirm-ok","$v":"OK"},{"$i":"options-header","$v":"ვარიანტები"},{"$i":"video-invalid-name","$v":"არასწორი სახელი"},{"$i":"name-already-exists","$v":"ეს სახელი უკვე არსებობს"},{"$i":"override-warning-msg","$v":"გსურთ ზევიდან გადააწეროთ არსებულ ფაილს?"},{"$i":"override","$v":"უკუგება"},{"$i":"opt-takevideo","$v":"კამერა"},{"$i":"select","$v":"არჩევა"},{"$i":"opt-deselect","$v":"მონიშვნის მოხსნა"},{"$i":"opt-delete","$v":"წაშლა"},{"$i":"opt-rename","$v":"სახელის გადარქმევა"},{"$i":"opt-selectmultiple","$v":"აირჩიეთ მრავალი"},{"$i":"opt-fileinfo","$v":"ფაილის ინფორმაცია"},{"$i":"opt-selectall","$v":"ყველას არჩევა"},{"$i":"opt-deselectall","$v":"ყველა მონიშვნის მოხსნა"},{"$i":"opt-fullscreen","$v":"მთელი ეკრანი"},{"$i":"opt-play","$v":"დაკვრა"},{"$i":"opt-pause","$v":"პაუზა"},{"$i":"opt-volume","$v":"ხმა"},{"$i":"opt-rotate","$v":"შეტრიალება"},{"$i":"opt-cancel","$v":"გაუქმება"},{"$i":"opt-settings","$v":"პარამ."},{"$i":"weekday-0-long","$v":"კვირა"},{"$i":"weekday-1-long","$v":"ორშაბათი"},{"$i":"weekday-2-long","$v":"სამშაბათი"},{"$i":"weekday-3-long","$v":"ოთხშაბათი"},{"$i":"weekday-4-long","$v":"ხუთშაბათი"},{"$i":"weekday-5-long","$v":"პარასკევი"},{"$i":"weekday-6-long","$v":"შაბათი"},{"$i":"weekday-0-short","$v":"კვი"},{"$i":"weekday-1-short","$v":"ორშ"},{"$i":"weekday-2-short","$v":"სამ"},{"$i":"weekday-3-short","$v":"ოთხ"},{"$i":"weekday-4-short","$v":"ხუთ"},{"$i":"weekday-5-short","$v":"პარ"},{"$i":"weekday-6-short","$v":"შაბ"},{"$i":"month-0-long","$v":"იანვარი"},{"$i":"month-1-long","$v":"თებერვალი"},{"$i":"month-2-long","$v":"მარტი"},{"$i":"month-3-long","$v":"აპრილი"},{"$i":"month-4-long","$v":"მაისი"},{"$i":"month-5-long","$v":"ივნისი"},{"$i":"month-6-long","$v":"ივლისი"},{"$i":"month-7-long","$v":"აგვისტო"},{"$i":"month-8-long","$v":"სექტემბერი"},{"$i":"month-9-long","$v":"ოქტომბერი"},{"$i":"month-10-long","$v":"ნოემბერი"},{"$i":"month-11-long","$v":"დეკემბერი"},{"$i":"month-0-genitive","$v":"იანვარი"},{"$i":"month-1-genitive","$v":"თებერვალი"},{"$i":"month-2-genitive","$v":"მარტი"},{"$i":"month-3-genitive","$v":"აპრილი"},{"$i":"month-4-genitive","$v":"მაისი"},{"$i":"month-5-genitive","$v":"ივნისი"},{"$i":"month-6-genitive","$v":"ივლისი"},{"$i":"month-7-genitive","$v":"აგვისტო"},{"$i":"month-8-genitive","$v":"სექტემბერი"},{"$i":"month-9-genitive","$v":"ოქტომბერი"},{"$i":"month-10-genitive","$v":"ნოემბერი"},{"$i":"month-11-genitive","$v":"დეკემბერი"},{"$i":"month-0-short","$v":"იანვ"},{"$i":"month-1-short","$v":"თებ"},{"$i":"month-2-short","$v":"მარ"},{"$i":"month-3-short","$v":"აპრ"},{"$i":"month-4-short","$v":"მაისი"},{"$i":"month-5-short","$v":"ივნ"},{"$i":"month-6-short","$v":"ივლ"},{"$i":"month-7-short","$v":"აგვ"},{"$i":"month-8-short","$v":"სექ"},{"$i":"month-9-short","$v":"ოქტ"},{"$i":"month-10-short","$v":"ნოე"},{"$i":"month-11-short","$v":"დეკ"},{"$i":"minutes-ago-long","$v":{"few":[{"t":"idOrVar","v":"value"}," წუთის წინ"],"many":[{"t":"idOrVar","v":"value"}," წუთის წინ"],"other":[{"t":"idOrVar","v":"value"}," წუთის წინ"],"two":[{"t":"idOrVar","v":"value"}," წუთის წინ"],"one":"ერთი წუთის წინ","zero":"ეს-ეს არის"},"$x":[{"t":"idOrVar","v":"plural"},"value"]},{"$i":"hours-ago-long","$v":{"few":[{"t":"idOrVar","v":"value"}," საათის წინ"],"many":[{"t":"idOrVar","v":"value"}," საათის წინ"],"other":[{"t":"idOrVar","v":"value"}," საათის წინ"],"two":[{"t":"idOrVar","v":"value"}," საათის წინ"],"one":"1 საათის წინ","zero":"ეს-ეს არის"},"$x":[{"t":"idOrVar","v":"plural"},"value"]},{"$i":"days-ago-long","$v":{"few":[{"t":"idOrVar","v":"value"}," დღის წინ"],"many":[{"t":"idOrVar","v":"value"}," დღის წინ"],"one":"გუშინ","other":[{"t":"idOrVar","v":"value"}," დღის წინ"],"two":[{"t":"idOrVar","v":"value"}," დღის წინ"],"zero":"დღეს"},"$x":[{"t":"idOrVar","v":"plural"},"value"]},{"$i":"weeks-ago-long","$v":{"few":[{"t":"idOrVar","v":"value"}," კვირის წინ"],"many":[{"t":"idOrVar","v":"value"}," კვირის წინ"],"one":"გასული კვირა","other":[{"t":"idOrVar","v":"value"}," კვირის წინ"],"two":[{"t":"idOrVar","v":"value"}," კვირის წინ"],"zero":"ეს კვირა"},"$x":[{"t":"idOrVar","v":"plural"},"value"]},{"$i":"months-ago-long","$v":{"few":[{"t":"idOrVar","v":"value"}," თვის წინ"],"many":[{"t":"idOrVar","v":"value"}," თვის წინ"],"one":"გასული თვე","other":[{"t":"idOrVar","v":"value"}," თვის წინ"],"two":[{"t":"idOrVar","v":"value"}," თვის წინ"],"zero":"ეს თვე"},"$x":[{"t":"idOrVar","v":"plural"},"value"]},{"$i":"years-ago-long","$v":{"few":[{"t":"idOrVar","v":"value"}," წლის წინ"],"many":[{"t":"idOrVar","v":"value"}," წლის წინ"],"one":"გასული წელი","other":[{"t":"idOrVar","v":"value"}," წლის წინ"],"two":[{"t":"idOrVar","v":"value"}," წლის წინ"],"zero":"ეს წელი"},"$x":[{"t":"idOrVar","v":"plural"},"value"]},{"$i":"minutes-until-long","$v":{"few":[{"t":"idOrVar","v":"value"}," წუთში"],"many":[{"t":"idOrVar","v":"value"}," წუთში"],"other":[{"t":"idOrVar","v":"value"}," წუთში"],"two":[{"t":"idOrVar","v":"value"}," წუთში"],"zero":"ახლა","one":"1 წუთში"},"$x":[{"t":"idOrVar","v":"plural"},"value"]},{"$i":"hours-until-long","$v":{"few":[{"t":"idOrVar","v":"value"}," საათში"],"many":[{"t":"idOrVar","v":"value"}," საათში"],"other":[{"t":"idOrVar","v":"value"}," საათში"],"two":[{"t":"idOrVar","v":"value"}," საათში"],"zero":"ახლა","one":"1 საათში"},"$x":[{"t":"idOrVar","v":"plural"},"value"]},{"$i":"days-until-long","$v":{"few":[{"t":"idOrVar","v":"value"}," დღეში"],"many":[{"t":"idOrVar","v":"value"}," დღეში"],"one":"ხვალ","other":[{"t":"idOrVar","v":"value"}," დღეში"],"two":[{"t":"idOrVar","v":"value"}," დღეში"],"zero":"დღეს"},"$x":[{"t":"idOrVar","v":"plural"},"value"]},{"$i":"weeks-until-long","$v":{"few":[{"t":"idOrVar","v":"value"}," კვირაში"],"many":[{"t":"idOrVar","v":"value"}," კვირაში"],"one":"მომდევნო კვირა","other":[{"t":"idOrVar","v":"value"}," კვირაში"],"two":[{"t":"idOrVar","v":"value"}," კვირაში"],"zero":"ეს კვირა"},"$x":[{"t":"idOrVar","v":"plural"},"value"]},{"$i":"months-until-long","$v":{"few":[{"t":"idOrVar","v":"value"}," თვეში"],"many":[{"t":"idOrVar","v":"value"}," თვეში"],"one":"მომდევნო თვე","other":[{"t":"idOrVar","v":"value"}," თვეში"],"two":[{"t":"idOrVar","v":"value"}," თვეში"],"zero":"ეს თვე"},"$x":[{"t":"idOrVar","v":"plural"},"value"]},{"$i":"years-until-long","$v":{"few":[{"t":"idOrVar","v":"value"}," წელში"],"many":[{"t":"idOrVar","v":"value"}," წელში"],"one":"მომდევნო წელი","other":[{"t":"idOrVar","v":"value"}," წელში"],"two":[{"t":"idOrVar","v":"value"}," წელში"],"zero":"ეს წელი"},"$x":[{"t":"idOrVar","v":"plural"},"value"]},{"$i":"minutes-ago-short","$v":{"other":[{"t":"idOrVar","v":"value"},"თ წინ"],"zero":"ეს-ეს არის"},"$x":[{"t":"idOrVar","v":"plural"},"value"]},{"$i":"hours-ago-short","$v":{"other":[{"t":"idOrVar","v":"value"},"სთ წინ"],"zero":"ეს-ეს არის"},"$x":[{"t":"idOrVar","v":"plural"},"value"]},{"$i":"days-ago-short","$v":{"other":[{"t":"idOrVar","v":"value"},"დ წინ"],"zero":"დღეს"},"$x":[{"t":"idOrVar","v":"plural"},"value"]},{"$i":"minutes-until-short","$v":{"other":[{"t":"idOrVar","v":"value"},"წთ-ში"],"zero":"ახლა"},"$x":[{"t":"idOrVar","v":"plural"},"value"]},{"$i":"hours-until-short","$v":{"other":[{"t":"idOrVar","v":"value"},"სთ-ში"],"zero":"ახლა"},"$x":[{"t":"idOrVar","v":"plural"},"value"]},{"$i":"days-until-short","$v":{"other":[{"t":"idOrVar","v":"value"},"დღ-ში"],"zero":"დღეს"},"$x":[{"t":"idOrVar","v":"plural"},"value"]},{"$i":"incorrectDate","$v":"(არასწორი თარიღი)"},{"$i":"dateTimeFormat_%c","$v":"%a %b %e %Y %I:%M:%S %p"},{"$i":"dateTimeFormat_%x","$v":"%m/%d/%Y"},{"$i":"dateTimeFormat_%X","$v":"%I:%M:%S %p"},{"$i":"shortTimeFormat","$v":"%I:%M %p"},{"$i":"shortTimeFormat12","$v":"%I:%M %p"},{"$i":"shortTimeFormat24","$v":"%H:%M"},{"$i":"shortDateTimeFormat","$v":"%x %I:%M %p"},{"$i":"weekStartsOnMonday","$v":"0.0"},{"$i":"firstDayOfTheWeek","$v":"1.0"},{"$i":"time_am","$v":"AM"},{"$i":"time_pm","$v":"PM"},{"$i":"softkey-options","$v":"ვარიანტები"}]