[{"$i":"done","$v":"រួច​រាល់"},{"$i":"number-selected2","$v":{"few":["បាន​ជ្រើស ",{"t":"idOrVar","v":"n"}],"many":["បាន​ជ្រើស ",{"t":"idOrVar","v":"n"}],"one":["បាន​ជ្រើស ",{"t":"idOrVar","v":"n"}],"other":["បាន​ជ្រើស ",{"t":"idOrVar","v":"n"}],"two":["បាន​ជ្រើស ",{"t":"idOrVar","v":"n"}],"zero":["បាន​ជ្រើស ",{"t":"idOrVar","v":"n"}]},"$x":[{"t":"idOrVar","v":"plural"},"n"]},{"$i":"delete-n-items?","$v":{"few":["លុប​វីដេអូ ",{"t":"idOrVar","v":"n"}," ឬ?"],"many":["លុប​វីដេអូ ",{"t":"idOrVar","v":"n"}," ឬ?"],"one":"លុប​វីដេអូ​ដែល​បាន​ជ្រើស​ឬ?","other":["លុប​វីដេអូ ",{"t":"idOrVar","v":"n"}," ឬ?"],"two":["លុប​វីដេអូ ",{"t":"idOrVar","v":"n"}," ឬ?"],"zero":"មិន​បាន​ជ្រើសរើស​អ្វី​ទេ"},"$x":[{"t":"idOrVar","v":"plural"},"n"]},{"$i":"not-load-video-time","$v":"--:--"},{"$i":"video-time-num","$v":["0",{"t":"idOrVar","v":"num"}]},{"$i":"video-time-minute","$v":[{"t":"idOrVar","v":"owe"},{"t":"idOrVar","v":"m"},":",{"t":"idOrVar","v":"s"}]},{"$i":"video-time-hour","$v":[{"t":"idOrVar","v":"owe"},{"t":"idOrVar","v":"h"},":",{"t":"idOrVar","v":"m"},":",{"t":"idOrVar","v":"s"}]},{"$i":"share-noprovider","$v":"សាក​ចែក​រំលែក​វីដេអូ​ម្ដង​មួយៗ។"},{"$i":"videos","$v":"វីដេអូ"},{"$i":"cancel","$v":"បោះ​បង់"},{"$i":"delete-video?","$v":"លុប​វីដេអូ​ដែល​បាន​ជ្រើស​ឬ?"},{"$i":"empty-title","$v":"បន្ថែម​វីដេអូ​ដើម្បី​ចាប់​ផ្ដើម"},{"$i":"empty-text","$v":"គ្មាន​វីដេអូ​ដែល​អាច​រក​បាន​ទេ។"},{"$i":"empty-content","$v":"វីដេអូ​ទទេ។ ប្រើ​ម៉ាស៊ីន​ថត​រូប​ដើម្បី​ចាប់​ផ្ដើម។"},{"$i":"search-title","$v":"កំពុង​ស្កេន"},{"$i":"search-content","$v":"កំពុង​ស្កេន"},{"$i":"nocard2-title","$v":"រក​មិន​ឃើញ​មាន​កាត​អង្គ​ចងចាំ​ណា​ទេ"},{"$i":"nocard3-text","$v":"រក​មិន​ឃើញ​កាត​អង្គ​ចងចាំ​ទេ។ សូម​ស៊ក​បញ្ចូល​កាត​អង្គ​ចងចាំ​ដើម្បី​ថត​វីដេអូ។"},{"$i":"pluggedin-title","$v":"មិន​អាច​ចាក់​វីដេអូ​បាន​ទេ ពេល​ដោត"},{"$i":"pluggedin-text","$v":"បច្ចុប្បន្ន ឧបករណ៍​ផ្ទុក​កំពុង​ជាប់​ប្រើ។ សូម​ដក​ទូរស័ព្ទ​ដើម្បី​ថត​វីដេអូ។"},{"$i":"upgrade-title","$v":"ការដំឡើង​កំណែ​ឃ្លាំង​ទិន្នន័យ"},{"$i":"upgrade-text","$v":"សូម​រង់ចាំ ពេល​វីដេអូ​អាប់ដេត​ឃ្លាំង​ទិន្នន័យ។"},{"$i":"confirm-delete","$v":"តើ​អ្នក​ប្រាកដ​ថា​ចង់​លុប​៖"},{"$i":"pick-title","$v":"ជ្រើស​វីដេអូ"},{"$i":"save","$v":"រក្សា​ទុក"},{"$i":"saved","$v":"ទុក​នៅ​បណ្ណាល័យ​វីដេអូ។"},{"$i":"save-failed","$v":"មិន​អាច​រក្សា​ទុក​វីដេអូ​បាន​ទេ សូម​ព្យាយាម​ម្ដង​ទៀត។"},{"$i":"error-network","$v":"មិន​អាច​ទាញ​យក​វីដេអូ​បាន​ដោយសារ​បញ្ហា​បណ្ដាញ។"},{"$i":"error-unsupported","$v":"មិន​អាច​ចាក់​វីដេអូ​បាន​ទេ៖ អាច​ដោយសារ​ម៉ាស៊ីន​បម្រើ ឬ​បណ្ដាញ​មាន​បញ្ហា ឬ​ដោយសារ​មិន​ស្គាល់​ទម្រង់។"},{"$i":"error-unknown","$v":"មាន​បញ្ហា​វីដេអូ​មិន​ស្គាល់។"},{"$i":"video-hardware-in-use-title","$v":"មិន​អាច​ចាក់​វីដេអូ​ទេ"},{"$i":"video-hardware-in-use-text","$v":"បច្ចុប្បន្ន មាន​កម្មវិធី​មួយ​ទៀត​កំពុង​ប្រើ​ម៉ាស៊ីន​ចាក់​វីដេអូ។"},{"$i":"overlay-cancel-button","$v":"បោះ​បង់"},{"$i":"overlay-camera-button","$v":"ទៅ​​កាន់​ម៉ាស៊ីន​ថត​រូប"},{"$i":"sd-storage-full-header","$v":"កាត SD ពេញ។"},{"$i":"sd-storage-full-content","$v":"លុប​ឯកសារ​ក្នុង​កាត SD ដើម្បី​បង្កើន​ទំហំ​ផ្ទុក​ទំនេរ។"},{"$i":"phone-storage-full-header","$v":"ទូរសព្ទ​អស់​ទំហំ​ផ្ទុក​ទំនេរ។"},{"$i":"phone-storage-full-content","$v":"លុប​ឯកសារ​មេឌៀ ឬ​ទិន្នន័យ​កម្មវិធី ដើម្បី​បង្កើន​ទំហំ​ផ្ទុក​ទំនេរ។ អ្នក​ក៏​អាច​ស៊ក​បញ្ចូល​កាត SD ដើម្បី​បង្កើន​ទំហំ​ផ្ទុក​មេឌៀ​ផងដែរ។"},{"$i":"name-label","$v":"ឈ្មោះ"},{"$i":"length-label","$v":"ប្រវែង"},{"$i":"size-label","$v":"ទំហំ"},{"$i":"video-type-label","$v":"ប្រភេទ​វីដេអូ"},{"$i":"date-taken-label","$v":"កាល​បរិច្ឆេទ​ថត"},{"$i":"resolution-label","$v":"រីសូលូសុន"},{"$i":"close-button","$v":"បិទ"},{"$i":"byteUnit-B","$v":"បៃ"},{"$i":"byteUnit-KB","$v":"គ.ប"},{"$i":"byteUnit-MB","$v":"ម.ប"},{"$i":"byteUnit-GB","$v":"ជ.ប"},{"$i":"byteUnit-TB","$v":"ត.ប"},{"$i":"byteUnit-PB","$v":"PB"},{"$i":"byteUnit-EB","$v":"EB"},{"$i":"byteUnit-ZB","$v":"ហ្ស.ប"},{"$i":"byteUnit-YB","$v":"យ.ប"},{"$i":"date-group-header","$v":"%B %Y"},{"$i":"share","$v":"ចែក​រំលែក"},{"$i":"more-info","$v":"ព័ត៌មាន​បន្ថែម"},{"$i":"delete","$v":"លុប"},{"$i":"video-button","ariaLabel":"វីដេអូ"},{"$i":"select-button","ariaLabel":"ជ្រើស"},{"$i":"delete-button","ariaLabel":"លុប"},{"$i":"share-button","ariaLabel":"ចែក​រំលែក"},{"$i":"info-view","ariaLabel":"ព័ត៌មាន"},{"$i":"options-view","ariaLabel":"ជម្រើស"},{"$i":"confirm-dialog","ariaLabel":"បញ្ជាក់"},{"$i":"videos-list","ariaLabel":"វីដេអូ"},{"$i":"options-more","ariaLabel":"ច្រើន​ទៀត"},{"$i":"seek-backward","ariaLabel":"រក​ថយ​ក្រោយ"},{"$i":"seek-bar","ariaLabel":["របារ​រក រយៈ​ពេល ",{"t":"idOrVar","v":"duration"}]},{"$i":"seek-forward","ariaLabel":"ស្វែង​រក​ទៅ​មុខ"},{"$i":"play-button","ariaLabel":"ចាក់"},{"$i":"pause-button","ariaLabel":"ផ្អាក"},{"$i":"fullscreen-button","ariaLabel":"អេក្រង់​ពេញ"},{"$i":"show-controls-button","ariaLabel":"បង្ហាញ​គ្រឿង​បញ្ជា"},{"$i":"hide-controls-button","ariaLabel":"លាក់​គ្រឿង​បញ្ជា"},{"$i":"confirmation-title","$v":"ការបញ្ជាក់"},{"$i":"n-video-deleted","$v":{"zero":"មិន​បាន​ជ្រើសរើស​អ្វី​ទេ","one":"បានលុបវីដេអូ។","few":["បាន​លុប​វីដេអូ ",{"t":"idOrVar","v":"n"},"។"],"many":["បាន​លុប​វីដេអូ ",{"t":"idOrVar","v":"n"},"។"],"other":["បាន​លុប​វីដេអូ ",{"t":"idOrVar","v":"n"},"។"],"two":["បាន​លុប​វីដេអូ ",{"t":"idOrVar","v":"n"},"។"]},"$x":[{"t":"idOrVar","v":"plural"},"n"]},{"$i":"rename-saved","$v":"បាន​រក្សា​ទុក​ការផ្លាស់​ប្ដូរ"},{"$i":"confirm-video","$v":"វីដេអូ"},{"$i":"confirm-ok","$v":"យល់​ព្រម"},{"$i":"options-header","$v":"ជម្រើស"},{"$i":"video-invalid-name","$v":"ឈ្មោះ​មិន​ត្រឹមត្រូវ"},{"$i":"name-already-exists","$v":"ឈ្មោះ​នេះ​មាន​រួច​ហើយ"},{"$i":"override-warning-msg","$v":"តើ​អ្នក​ចង់​លុប​លើ​ឯកសារ​មាន​ស្រាប់​ទេ?"},{"$i":"override","$v":"លុប​លើ"},{"$i":"opt-takevideo","$v":"ម៉ាស៊ីន​ថត​រូប"},{"$i":"select","$v":"ជ្រើស"},{"$i":"opt-deselect","$v":"ដក​ការជ្រើស"},{"$i":"opt-delete","$v":"លុប"},{"$i":"opt-rename","$v":"ប្ដូរ​ឈ្មោះ"},{"$i":"opt-selectmultiple","$v":"ជ្រើស​ច្រើន"},{"$i":"opt-fileinfo","$v":"ព័ត៌មាន​ឯកសារ"},{"$i":"opt-selectall","$v":"ជ្រើស​ទាំង​អស់"},{"$i":"opt-deselectall","$v":"ដក​ការជ្រើស​ទាំង​អស់"},{"$i":"opt-fullscreen","$v":"អេក្រង់​ពេញ"},{"$i":"opt-play","$v":"ចាក់"},{"$i":"opt-pause","$v":"ផ្អាក"},{"$i":"opt-volume","$v":"កម្រិត​សំឡេង"},{"$i":"opt-rotate","$v":"បង្វិល"},{"$i":"opt-cancel","$v":"បោះបង់"},{"$i":"opt-settings","$v":"ការ​កំណត់"},{"$i":"weekday-0-long","$v":"អាទិត្យ"},{"$i":"weekday-1-long","$v":"ចន្ទ"},{"$i":"weekday-2-long","$v":"អង្គារ"},{"$i":"weekday-3-long","$v":"ពុធ"},{"$i":"weekday-4-long","$v":"ព្រហស្បតិ៍"},{"$i":"weekday-5-long","$v":"សុក្រ"},{"$i":"weekday-6-long","$v":"សៅរ៍"},{"$i":"weekday-0-short","$v":"អា"},{"$i":"weekday-1-short","$v":"ច"},{"$i":"weekday-2-short","$v":"អ"},{"$i":"weekday-3-short","$v":"ពុ"},{"$i":"weekday-4-short","$v":"ព្រ"},{"$i":"weekday-5-short","$v":"សុ"},{"$i":"weekday-6-short","$v":"ស"},{"$i":"month-0-long","$v":"មករា"},{"$i":"month-1-long","$v":"កុម្ភៈ"},{"$i":"month-2-long","$v":"មីនា"},{"$i":"month-3-long","$v":"មេសា"},{"$i":"month-4-long","$v":"ឧសភា"},{"$i":"month-5-long","$v":"មិថុនា"},{"$i":"month-6-long","$v":"កក្កដា"},{"$i":"month-7-long","$v":"សីហា"},{"$i":"month-8-long","$v":"កញ្ញា"},{"$i":"month-9-long","$v":"តុលា"},{"$i":"month-10-long","$v":"វិច្ឆិកា"},{"$i":"month-11-long","$v":"ធ្នូ"},{"$i":"month-0-genitive","$v":"មករា"},{"$i":"month-1-genitive","$v":"កុម្ភៈ"},{"$i":"month-2-genitive","$v":"មីនា"},{"$i":"month-3-genitive","$v":"មេសា"},{"$i":"month-4-genitive","$v":"ឧសភា"},{"$i":"month-5-genitive","$v":"មិថុនា"},{"$i":"month-6-genitive","$v":"កក្កដា"},{"$i":"month-7-genitive","$v":"សីហា"},{"$i":"month-8-genitive","$v":"កញ្ញា"},{"$i":"month-9-genitive","$v":"តុលា"},{"$i":"month-10-genitive","$v":"វិច្ឆិកា"},{"$i":"month-11-genitive","$v":"ធ្នូ"},{"$i":"month-0-short","$v":"មករា"},{"$i":"month-1-short","$v":"កុម្ភៈ"},{"$i":"month-2-short","$v":"មីនា"},{"$i":"month-3-short","$v":"មេសា"},{"$i":"month-4-short","$v":"ឧសភា"},{"$i":"month-5-short","$v":"មិថុនា"},{"$i":"month-6-short","$v":"កក្កដា"},{"$i":"month-7-short","$v":"សីហា"},{"$i":"month-8-short","$v":"កញ្ញា"},{"$i":"month-9-short","$v":"តុលា"},{"$i":"month-10-short","$v":"វិច្ឆិកា"},{"$i":"month-11-short","$v":"ធ្នូ"},{"$i":"minutes-ago-long","$v":{"few":[{"t":"idOrVar","v":"value"}," នាទី​មុន"],"many":[{"t":"idOrVar","v":"value"}," នាទី​មុន"],"other":[{"t":"idOrVar","v":"value"}," នាទី​មុន"],"two":[{"t":"idOrVar","v":"value"}," នាទី​មុន"],"one":"មួយ​នាទី​មុន","zero":"អម្បាញ់​មិញ"},"$x":[{"t":"idOrVar","v":"plural"},"value"]},{"$i":"hours-ago-long","$v":{"few":[{"t":"idOrVar","v":"value"}," ម៉ោង​មុន"],"many":[{"t":"idOrVar","v":"value"}," ម៉ោង​មុន"],"other":[{"t":"idOrVar","v":"value"}," ម៉ោង​មុន"],"two":[{"t":"idOrVar","v":"value"}," ម៉ោង​មុន"],"one":"1 ម៉ោងមុន","zero":"អម្បាញ់​មិញ"},"$x":[{"t":"idOrVar","v":"plural"},"value"]},{"$i":"days-ago-long","$v":{"few":[{"t":"idOrVar","v":"value"}," ថ្ងៃ​មុន"],"many":[{"t":"idOrVar","v":"value"}," ថ្ងៃ​មុន"],"one":"ម្សិល​មិញ","other":[{"t":"idOrVar","v":"value"}," ថ្ងៃ​មុន"],"two":[{"t":"idOrVar","v":"value"}," ថ្ងៃ​មុន"],"zero":"ថ្ងៃ​នេះ"},"$x":[{"t":"idOrVar","v":"plural"},"value"]},{"$i":"weeks-ago-long","$v":{"few":[{"t":"idOrVar","v":"value"}," សប្ដាហ៍​មុន"],"many":[{"t":"idOrVar","v":"value"}," សប្ដាហ៍​មុន"],"one":"សប្ដាហ៍​មុន","other":[{"t":"idOrVar","v":"value"}," សប្ដាហ៍​មុន"],"two":[{"t":"idOrVar","v":"value"}," សប្ដាហ៍​មុន"],"zero":"សប្ដាហ៍​នេះ"},"$x":[{"t":"idOrVar","v":"plural"},"value"]},{"$i":"months-ago-long","$v":{"few":[{"t":"idOrVar","v":"value"}," ខែ​មុន"],"many":[{"t":"idOrVar","v":"value"}," ខែ​មុន"],"one":"ខែ​មុន","other":[{"t":"idOrVar","v":"value"}," ខែ​មុន"],"two":[{"t":"idOrVar","v":"value"}," ខែ​មុន"],"zero":"ខែ​នេះ"},"$x":[{"t":"idOrVar","v":"plural"},"value"]},{"$i":"years-ago-long","$v":{"few":[{"t":"idOrVar","v":"value"}," ឆ្នាំ​មុន"],"many":[{"t":"idOrVar","v":"value"}," ឆ្នាំ​មុន"],"one":"ឆ្នាំ​មុន","other":[{"t":"idOrVar","v":"value"}," ឆ្នាំ​មុន"],"two":[{"t":"idOrVar","v":"value"}," ឆ្នាំ​មុន"],"zero":"ឆ្នាំ​នេះ"},"$x":[{"t":"idOrVar","v":"plural"},"value"]},{"$i":"minutes-until-long","$v":{"few":["ក្នុង​ពេល ",{"t":"idOrVar","v":"value"}," នាទី"],"many":["ក្នុង​ពេល ",{"t":"idOrVar","v":"value"}," នាទី"],"other":["ក្នុង​ពេល ",{"t":"idOrVar","v":"value"}," នាទី"],"two":["ក្នុង​ពេល ",{"t":"idOrVar","v":"value"}," នាទី"],"zero":"ឥឡូវ","one":"ក្នុង ១ នាទី"},"$x":[{"t":"idOrVar","v":"plural"},"value"]},{"$i":"hours-until-long","$v":{"few":["ក្នុង​ពេល ",{"t":"idOrVar","v":"value"}," ម៉ោង"],"many":["ក្នុង​ពេល ",{"t":"idOrVar","v":"value"}," ម៉ោង"],"other":["ក្នុង​ពេល ",{"t":"idOrVar","v":"value"}," ម៉ោង"],"two":["ក្នុង​ពេល ",{"t":"idOrVar","v":"value"}," ម៉ោង"],"zero":"ឥឡូវ","one":"ក្នុង ១ ម៉ោង"},"$x":[{"t":"idOrVar","v":"plural"},"value"]},{"$i":"days-until-long","$v":{"few":["ក្នុង​ពេល ",{"t":"idOrVar","v":"value"}," ថ្ងៃ"],"many":["ក្នុង​ពេល ",{"t":"idOrVar","v":"value"}," ថ្ងៃ"],"one":"ស្អែក","other":["ក្នុង​ពេល ",{"t":"idOrVar","v":"value"}," ថ្ងៃ"],"two":["ក្នុង​ពេល ",{"t":"idOrVar","v":"value"}," ថ្ងៃ"],"zero":"ថ្ងៃ​នេះ"},"$x":[{"t":"idOrVar","v":"plural"},"value"]},{"$i":"weeks-until-long","$v":{"few":["ក្នុង​ពេល ",{"t":"idOrVar","v":"value"}," សប្ដាហ៍"],"many":["ក្នុង​ពេល ",{"t":"idOrVar","v":"value"}," សប្ដាហ៍"],"one":"សប្ដាហ៍​ក្រោយ","other":["ក្នុង​ពេល ",{"t":"idOrVar","v":"value"}," សប្ដាហ៍"],"two":["ក្នុង​ពេល ",{"t":"idOrVar","v":"value"}," សប្ដាហ៍"],"zero":"សប្ដាហ៍​នេះ"},"$x":[{"t":"idOrVar","v":"plural"},"value"]},{"$i":"months-until-long","$v":{"few":["ក្នុង​ពេល ",{"t":"idOrVar","v":"value"}," ខែ"],"many":["ក្នុង​ពេល ",{"t":"idOrVar","v":"value"}," ខែ"],"one":"ខែ​ក្រោយ","other":["ក្នុង​ពេល ",{"t":"idOrVar","v":"value"}," ខែ"],"two":["ក្នុង​ពេល ",{"t":"idOrVar","v":"value"}," ខែ"],"zero":"ខែ​នេះ"},"$x":[{"t":"idOrVar","v":"plural"},"value"]},{"$i":"years-until-long","$v":{"few":["ក្នុង​ពេល ",{"t":"idOrVar","v":"value"}," ឆ្នាំ"],"many":["ក្នុង​ពេល ",{"t":"idOrVar","v":"value"}," ឆ្នាំ"],"one":"ឆ្នាំ​ក្រោយ","other":["ក្នុង​ពេល ",{"t":"idOrVar","v":"value"}," ឆ្នាំ"],"two":["ក្នុង​ពេល ",{"t":"idOrVar","v":"value"}," ឆ្នាំ"],"zero":"ឆ្នាំ​នេះ"},"$x":[{"t":"idOrVar","v":"plural"},"value"]},{"$i":"minutes-ago-short","$v":{"other":[{"t":"idOrVar","v":"value"}," នា. មុន"],"zero":"អម្បាញ់​មិញ"},"$x":[{"t":"idOrVar","v":"plural"},"value"]},{"$i":"hours-ago-short","$v":{"other":[{"t":"idOrVar","v":"value"}," ម៉. មុន"],"zero":"អម្បាញ់​មិញ"},"$x":[{"t":"idOrVar","v":"plural"},"value"]},{"$i":"days-ago-short","$v":{"other":[{"t":"idOrVar","v":"value"}," ថ្ងៃ​មុន"],"zero":"ថ្ងៃ​នេះ"},"$x":[{"t":"idOrVar","v":"plural"},"value"]},{"$i":"minutes-until-short","$v":{"other":["ក្នុង​ពេល ",{"t":"idOrVar","v":"value"}," នា"],"zero":"ឥឡូវ"},"$x":[{"t":"idOrVar","v":"plural"},"value"]},{"$i":"hours-until-short","$v":{"other":["ក្នុងពេល  ",{"t":"idOrVar","v":"value"}," ម៉"],"zero":"ឥឡូវ"},"$x":[{"t":"idOrVar","v":"plural"},"value"]},{"$i":"days-until-short","$v":{"other":["ក្នុង​ពេល ",{"t":"idOrVar","v":"value"}," ថ្ងៃ"],"zero":"ថ្ងៃ​នេះ"},"$x":[{"t":"idOrVar","v":"plural"},"value"]},{"$i":"incorrectDate","$v":"(កាល​បរិច្ឆេទ​ខុស)"},{"$i":"dateTimeFormat_%c","$v":"%a %b %e %Y %I:%M:%S %p"},{"$i":"dateTimeFormat_%x","$v":"%d/%m/%Y"},{"$i":"dateTimeFormat_%X","$v":"%I:%M:%S %p"},{"$i":"shortTimeFormat","$v":"%I:%M %p"},{"$i":"shortTimeFormat12","$v":"%I:%M %p"},{"$i":"shortTimeFormat24","$v":"%H:%M"},{"$i":"shortDateTimeFormat","$v":"%x %I:%M %p"},{"$i":"weekStartsOnMonday","$v":"0.0"},{"$i":"firstDayOfTheWeek","$v":"0.0"},{"$i":"time_am","$v":"ព្រឹក"},{"$i":"time_pm","$v":"រសៀល"},{"$i":"softkey-options","$v":"ជម្រើស"}]