[{"$i":"done","$v":"Готово"},{"$i":"number-selected2","$v":{"few":[{"t":"idOrVar","v":"n"}," избрано"],"many":[{"t":"idOrVar","v":"n"}," избрано"],"one":[{"t":"idOrVar","v":"n"}," избрано"],"other":[{"t":"idOrVar","v":"n"}," избрано"],"two":[{"t":"idOrVar","v":"n"}," избрано"],"zero":[{"t":"idOrVar","v":"n"}," избрано"]},"$x":[{"t":"idOrVar","v":"plural"},"n"]},{"$i":"delete-n-items?","$v":{"few":["Избриши ",{"t":"idOrVar","v":"n"}," видеа?"],"many":["Избриши ",{"t":"idOrVar","v":"n"}," видеа?"],"one":"Избриши го избраното видео?","other":["Избриши ",{"t":"idOrVar","v":"n"}," видеа?"],"two":["Избриши ",{"t":"idOrVar","v":"n"}," видеа?"],"zero":"Ништо не е избрано"},"$x":[{"t":"idOrVar","v":"plural"},"n"]},{"$i":"not-load-video-time","$v":"--:--"},{"$i":"video-time-num","$v":["0",{"t":"idOrVar","v":"num"}]},{"$i":"video-time-minute","$v":[{"t":"idOrVar","v":"owe"},{"t":"idOrVar","v":"m"},":",{"t":"idOrVar","v":"s"}]},{"$i":"video-time-hour","$v":[{"t":"idOrVar","v":"owe"},{"t":"idOrVar","v":"h"},":",{"t":"idOrVar","v":"m"},":",{"t":"idOrVar","v":"s"}]},{"$i":"share-noprovider","$v":"Проб.одед.да спод. ед.вид."},{"$i":"videos","$v":"Видеа"},{"$i":"cancel","$v":"Откажи"},{"$i":"delete-video?","$v":"Избриши го избраното видео?"},{"$i":"empty-title","$v":"Додајте видеозаписи за да започнете"},{"$i":"empty-text","$v":"Нема достапни видеа."},{"$i":"empty-content","$v":"Видеото е празно. Употребете ја камерата за да започнете."},{"$i":"search-title","$v":"Скенирање"},{"$i":"search-content","$v":"Скенирање"},{"$i":"nocard2-title","$v":"Не е пронајдена мемориска картичка"},{"$i":"nocard3-text","$v":"Мемор.карт. не е откриена. Поставете мемор.карт. за да снимате видеа."},{"$i":"pluggedin-title","$v":"Видеото не може да се репродуцира додека е приклучен"},{"$i":"pluggedin-text","$v":"Складот моментално се користи. Исклучете го телефонот за да снимате."},{"$i":"upgrade-title","$v":"Надградба на базата со податоци"},{"$i":"upgrade-text","$v":"Почек. додека Видео ја ажур. својата база со подат."},{"$i":"confirm-delete","$v":"Сигурни ли сте дека сакате да го избришете:"},{"$i":"pick-title","$v":"Изберете видео"},{"$i":"save","$v":"Зачувај"},{"$i":"saved","$v":"Зачувано во муз.библ."},{"$i":"save-failed","$v":"Видеото не може да се зачува, обидете се повторно."},{"$i":"error-network","$v":"Вид. не може да биде през.пор.греш. со мр."},{"$i":"error-unsupported","$v":"Видеото не може да се репродуцира: или поради паѓање на серверот или мрежата, или бидејќи форматот не се поддржува."},{"$i":"error-unknown","$v":"Се пој.непоз.видео греш."},{"$i":"video-hardware-in-use-title","$v":"Видеото не може да се пушти"},{"$i":"video-hardware-in-use-text","$v":"Вид.во мом.се кор.од др.апл."},{"$i":"overlay-cancel-button","$v":"Откажи"},{"$i":"overlay-camera-button","$v":"Одете на Камера"},{"$i":"sd-storage-full-header","$v":"SD карт. е полна."},{"$i":"sd-storage-full-content","$v":"Избришете датотеки во SD-картичката за да ослободите простор."},{"$i":"phone-storage-full-header","$v":"Складот на телефонот е полн."},{"$i":"phone-storage-full-content","$v":"Избришете медиумски датотеки или податоци од апликации за да ослободите простор. Исто така, можете да вметнете SD-картичка за да ја проширите медиумската меморија."},{"$i":"name-label","$v":"Име"},{"$i":"length-label","$v":"Должина"},{"$i":"size-label","$v":"Големина"},{"$i":"video-type-label","$v":"Тип на видеото"},{"$i":"date-taken-label","$v":"Датум на снимање"},{"$i":"resolution-label","$v":"Резолуција"},{"$i":"close-button","$v":"Затвори"},{"$i":"byteUnit-B","$v":"бајти"},{"$i":"byteUnit-KB","$v":"KB"},{"$i":"byteUnit-MB","$v":"MB"},{"$i":"byteUnit-GB","$v":"GB"},{"$i":"byteUnit-TB","$v":"TB"},{"$i":"byteUnit-PB","$v":"PB"},{"$i":"byteUnit-EB","$v":"EB"},{"$i":"byteUnit-ZB","$v":"ZB"},{"$i":"byteUnit-YB","$v":"YB"},{"$i":"date-group-header","$v":"%B %Y"},{"$i":"share","$v":"Споделете"},{"$i":"more-info","$v":"Повеќе инфо"},{"$i":"delete","$v":"Избриши"},{"$i":"video-button","ariaLabel":"Видео"},{"$i":"select-button","ariaLabel":"Избор"},{"$i":"delete-button","ariaLabel":"Избриши"},{"$i":"share-button","ariaLabel":"Споделете"},{"$i":"info-view","ariaLabel":"Инфо."},{"$i":"options-view","ariaLabel":"Опции"},{"$i":"confirm-dialog","ariaLabel":"Потврди"},{"$i":"videos-list","ariaLabel":"Видеа"},{"$i":"options-more","ariaLabel":"Повеќе"},{"$i":"seek-backward","ariaLabel":"Барајте наназад"},{"$i":"seek-bar","ariaLabel":["Лен.за преб.,врем. ",{"t":"idOrVar","v":"duration"}]},{"$i":"seek-forward","ariaLabel":"Барање нап."},{"$i":"play-button","ariaLabel":"Репродукција"},{"$i":"pause-button","ariaLabel":"Паузирај"},{"$i":"fullscreen-button","ariaLabel":"Цел Екран"},{"$i":"show-controls-button","ariaLabel":"Покажи контроли"},{"$i":"hide-controls-button","ariaLabel":"Скријте ги контролите"},{"$i":"confirmation-title","$v":"Потврдување"},{"$i":"n-video-deleted","$v":{"zero":"Ништо не е избрано","one":"Видеото е избришано.","few":[{"t":"idOrVar","v":"n"}," видеа се избришани."],"many":[{"t":"idOrVar","v":"n"}," видео е избришано."],"other":[{"t":"idOrVar","v":"n"}," видеа се избришани."],"two":[{"t":"idOrVar","v":"n"}," видеа се избришани."]},"$x":[{"t":"idOrVar","v":"plural"},"n"]},{"$i":"rename-saved","$v":"Промените се зачувани"},{"$i":"confirm-video","$v":"Видео"},{"$i":"confirm-ok","$v":"ОК"},{"$i":"options-header","$v":"Опции"},{"$i":"video-invalid-name","$v":"Невалидно име"},{"$i":"name-already-exists","$v":"Ова име веќе постои"},{"$i":"override-warning-msg","$v":"Сакате ли да ја отфрлите постоечката датотека?"},{"$i":"override","$v":"Натфрла"},{"$i":"opt-takevideo","$v":"Камера"},{"$i":"select","$v":"Избирање"},{"$i":"opt-deselect","$v":"Пон.ги избр."},{"$i":"opt-delete","$v":"Избриши"},{"$i":"opt-rename","$v":"Преименување"},{"$i":"opt-selectmultiple","$v":"Изберете неколку"},{"$i":"opt-fileinfo","$v":"Инфо за датотеката"},{"$i":"opt-selectall","$v":"Изберете ги сите"},{"$i":"opt-deselectall","$v":"Поништи избор на сите"},{"$i":"opt-fullscreen","$v":"Цел Екран"},{"$i":"opt-play","$v":"Репродукција"},{"$i":"opt-pause","$v":"Паузирај"},{"$i":"opt-volume","$v":"Јачина"},{"$i":"opt-rotate","$v":"Ротирај"},{"$i":"opt-cancel","$v":"Откажи"},{"$i":"opt-settings","$v":"Поставувања"},{"$i":"weekday-0-long","$v":"Недела"},{"$i":"weekday-1-long","$v":"Понеделник"},{"$i":"weekday-2-long","$v":"Вторник"},{"$i":"weekday-3-long","$v":"Среда"},{"$i":"weekday-4-long","$v":"Четврток"},{"$i":"weekday-5-long","$v":"Петок"},{"$i":"weekday-6-long","$v":"Сабота"},{"$i":"weekday-0-short","$v":"Нед"},{"$i":"weekday-1-short","$v":"Пон"},{"$i":"weekday-2-short","$v":"Вто"},{"$i":"weekday-3-short","$v":"Сре"},{"$i":"weekday-4-short","$v":"Чет"},{"$i":"weekday-5-short","$v":"Пет"},{"$i":"weekday-6-short","$v":"Саб"},{"$i":"month-0-long","$v":"Јануари"},{"$i":"month-1-long","$v":"Фебруари"},{"$i":"month-2-long","$v":"Март"},{"$i":"month-3-long","$v":"Април"},{"$i":"month-4-long","$v":"Мај"},{"$i":"month-5-long","$v":"Јуни"},{"$i":"month-6-long","$v":"Јули"},{"$i":"month-7-long","$v":"Август"},{"$i":"month-8-long","$v":"Септември"},{"$i":"month-9-long","$v":"Октомври"},{"$i":"month-10-long","$v":"Ноември"},{"$i":"month-11-long","$v":"Декември"},{"$i":"month-0-genitive","$v":"Јануари"},{"$i":"month-1-genitive","$v":"Февруари"},{"$i":"month-2-genitive","$v":"Март"},{"$i":"month-3-genitive","$v":"Април"},{"$i":"month-4-genitive","$v":"Мај"},{"$i":"month-5-genitive","$v":"Јуни"},{"$i":"month-6-genitive","$v":"Јули"},{"$i":"month-7-genitive","$v":"Август"},{"$i":"month-8-genitive","$v":"Септември"},{"$i":"month-9-genitive","$v":"Октомври"},{"$i":"month-10-genitive","$v":"Ноември"},{"$i":"month-11-genitive","$v":"Декември"},{"$i":"month-0-short","$v":"Јан"},{"$i":"month-1-short","$v":"Фев"},{"$i":"month-2-short","$v":"Мар"},{"$i":"month-3-short","$v":"Апр"},{"$i":"month-4-short","$v":"Мај"},{"$i":"month-5-short","$v":"Јун"},{"$i":"month-6-short","$v":"Јул"},{"$i":"month-7-short","$v":"Авг"},{"$i":"month-8-short","$v":"Сеп"},{"$i":"month-9-short","$v":"Окт"},{"$i":"month-10-short","$v":"Ное"},{"$i":"month-11-short","$v":"Дек"},{"$i":"minutes-ago-long","$v":{"few":[{"t":"idOrVar","v":"value"}," минути пред"],"many":[{"t":"idOrVar","v":"value"}," минути пред"],"other":["Пред ",{"t":"idOrVar","v":"value"}," Минути"],"two":[{"t":"idOrVar","v":"value"}," минути пред"],"one":"пред 1 минута","zero":"само што"},"$x":[{"t":"idOrVar","v":"plural"},"value"]},{"$i":"hours-ago-long","$v":{"few":[{"t":"idOrVar","v":"value"}," часови пред"],"many":[{"t":"idOrVar","v":"value"}," часови пред"],"other":["Пред ",{"t":"idOrVar","v":"value"}," Часа"],"two":[{"t":"idOrVar","v":"value"}," часови пред"],"one":"Пред 1 час","zero":"само што"},"$x":[{"t":"idOrVar","v":"plural"},"value"]},{"$i":"days-ago-long","$v":{"few":[{"t":"idOrVar","v":"value"}," денови пред"],"many":[{"t":"idOrVar","v":"value"}," денови пред"],"one":"вчера","other":["Пред ",{"t":"idOrVar","v":"value"}," Дена"],"two":[{"t":"idOrVar","v":"value"}," денови пред"],"zero":"денес"},"$x":[{"t":"idOrVar","v":"plural"},"value"]},{"$i":"weeks-ago-long","$v":{"few":[{"t":"idOrVar","v":"value"}," седмици пред"],"many":[{"t":"idOrVar","v":"value"}," седмици пред"],"one":"минатата недела","other":[{"t":"idOrVar","v":"value"}," седмици пред"],"two":[{"t":"idOrVar","v":"value"}," седмици пред"],"zero":"оваа седмица"},"$x":[{"t":"idOrVar","v":"plural"},"value"]},{"$i":"months-ago-long","$v":{"few":[{"t":"idOrVar","v":"value"}," месеци пред"],"many":[{"t":"idOrVar","v":"value"}," месеци пред"],"one":"минатиот месец","other":[{"t":"idOrVar","v":"value"}," месеци пред"],"two":[{"t":"idOrVar","v":"value"}," месеци пред"],"zero":"овој месец"},"$x":[{"t":"idOrVar","v":"plural"},"value"]},{"$i":"years-ago-long","$v":{"few":[{"t":"idOrVar","v":"value"}," години пред"],"many":[{"t":"idOrVar","v":"value"}," години пред"],"one":"минатата година","other":[{"t":"idOrVar","v":"value"}," години пред"],"two":[{"t":"idOrVar","v":"value"}," години пред"],"zero":"оваа година"},"$x":[{"t":"idOrVar","v":"plural"},"value"]},{"$i":"minutes-until-long","$v":{"few":["за ",{"t":"idOrVar","v":"value"}," минути"],"many":["за ",{"t":"idOrVar","v":"value"}," минути"],"other":["за ",{"t":"idOrVar","v":"value"}," минути"],"two":["за ",{"t":"idOrVar","v":"value"}," минути"],"zero":"сега","one":"за 1 минута"},"$x":[{"t":"idOrVar","v":"plural"},"value"]},{"$i":"hours-until-long","$v":{"few":["за ",{"t":"idOrVar","v":"value"}," часа"],"many":["за ",{"t":"idOrVar","v":"value"}," часа"],"other":["за ",{"t":"idOrVar","v":"value"}," часа"],"two":["за ",{"t":"idOrVar","v":"value"}," часа"],"zero":"сега","one":"за 1 час"},"$x":[{"t":"idOrVar","v":"plural"},"value"]},{"$i":"days-until-long","$v":{"few":["за ",{"t":"idOrVar","v":"value"}," дена"],"many":["за ",{"t":"idOrVar","v":"value"}," дена"],"one":"утре","other":["за ",{"t":"idOrVar","v":"value"}," дена"],"two":["за ",{"t":"idOrVar","v":"value"}," дена"],"zero":"денес"},"$x":[{"t":"idOrVar","v":"plural"},"value"]},{"$i":"weeks-until-long","$v":{"few":["за ",{"t":"idOrVar","v":"value"}," седмици"],"many":["за ",{"t":"idOrVar","v":"value"}," седмици"],"one":"следната седмица","other":["за ",{"t":"idOrVar","v":"value"}," седмици"],"two":["за ",{"t":"idOrVar","v":"value"}," седмици"],"zero":"оваа седмица"},"$x":[{"t":"idOrVar","v":"plural"},"value"]},{"$i":"months-until-long","$v":{"few":["за ",{"t":"idOrVar","v":"value"}," месеци"],"many":["за ",{"t":"idOrVar","v":"value"}," месеци"],"one":"следниот месец","other":["за ",{"t":"idOrVar","v":"value"}," месеци"],"two":["за ",{"t":"idOrVar","v":"value"}," месеци"],"zero":"овој месец"},"$x":[{"t":"idOrVar","v":"plural"},"value"]},{"$i":"years-until-long","$v":{"few":["за ",{"t":"idOrVar","v":"value"}," години"],"many":["за ",{"t":"idOrVar","v":"value"}," години"],"one":"следната година","other":["за ",{"t":"idOrVar","v":"value"}," години"],"two":["за ",{"t":"idOrVar","v":"value"}," години"],"zero":"оваа година"},"$x":[{"t":"idOrVar","v":"plural"},"value"]},{"$i":"minutes-ago-short","$v":{"other":[{"t":"idOrVar","v":"value"},"м. пред"],"zero":"само што"},"$x":[{"t":"idOrVar","v":"plural"},"value"]},{"$i":"hours-ago-short","$v":{"other":[{"t":"idOrVar","v":"value"},"ч. пред"],"zero":"само што"},"$x":[{"t":"idOrVar","v":"plural"},"value"]},{"$i":"days-ago-short","$v":{"other":[{"t":"idOrVar","v":"value"},"д. пред"],"zero":"денес"},"$x":[{"t":"idOrVar","v":"plural"},"value"]},{"$i":"minutes-until-short","$v":{"other":["за ",{"t":"idOrVar","v":"value"},"м"],"zero":"сега"},"$x":[{"t":"idOrVar","v":"plural"},"value"]},{"$i":"hours-until-short","$v":{"other":["за ",{"t":"idOrVar","v":"value"},"ч"],"zero":"сега"},"$x":[{"t":"idOrVar","v":"plural"},"value"]},{"$i":"days-until-short","$v":{"other":["за ",{"t":"idOrVar","v":"value"},"д"],"zero":"денес"},"$x":[{"t":"idOrVar","v":"plural"},"value"]},{"$i":"incorrectDate","$v":"(неточна дата)"},{"$i":"dateTimeFormat_%c","$v":"%a %b %e %Y %I:%M:%S %p"},{"$i":"dateTimeFormat_%x","$v":"%m/%d/%Y"},{"$i":"dateTimeFormat_%X","$v":"%I:%M:%S %p"},{"$i":"shortTimeFormat","$v":"%I:%M %p"},{"$i":"shortTimeFormat12","$v":"%I:%M %p"},{"$i":"shortTimeFormat24","$v":"%H:%M"},{"$i":"shortDateTimeFormat","$v":"%x %I:%M %p"},{"$i":"weekStartsOnMonday","$v":"0.0"},{"$i":"firstDayOfTheWeek","$v":"1.0"},{"$i":"time_am","$v":"Претпл."},{"$i":"time_pm","$v":"пм"},{"$i":"softkey-options","$v":"Опции"}]