[{"$i":"done","$v":"Efectuat"},{"$i":"number-selected2","$v":{"few":[{"t":"idOrVar","v":"n"}," selectat"],"many":[{"t":"idOrVar","v":"n"}," selectat"],"one":[{"t":"idOrVar","v":"n"}," selectat"],"other":[{"t":"idOrVar","v":"n"}," selectat"],"two":[{"t":"idOrVar","v":"n"}," selectat"],"zero":[{"t":"idOrVar","v":"n"}," selectat"]},"$x":[{"t":"idOrVar","v":"plural"},"n"]},{"$i":"delete-n-items?","$v":{"few":["Ștergeți ",{"t":"idOrVar","v":"n"}," videoclipuri?"],"many":["Ștergeți ",{"t":"idOrVar","v":"n"}," videoclipuri?"],"one":"Ștergeți videoclipul selectat?","other":["Ștergeți ",{"t":"idOrVar","v":"n"}," videoclipuri?"],"two":["Ștergeți ",{"t":"idOrVar","v":"n"}," videoclipuri?"],"zero":"Nu s-a selectat nimic"},"$x":[{"t":"idOrVar","v":"plural"},"n"]},{"$i":"not-load-video-time","$v":"--:--"},{"$i":"video-time-num","$v":["0",{"t":"idOrVar","v":"num"}]},{"$i":"video-time-minute","$v":[{"t":"idOrVar","v":"owe"},{"t":"idOrVar","v":"m"},":",{"t":"idOrVar","v":"s"}]},{"$i":"video-time-hour","$v":[{"t":"idOrVar","v":"owe"},{"t":"idOrVar","v":"h"},":",{"t":"idOrVar","v":"m"},":",{"t":"idOrVar","v":"s"}]},{"$i":"share-noprovider","$v":"Încercați să partajați un videoclip o dată."},{"$i":"videos","$v":"Videoclipuri"},{"$i":"cancel","$v":"Anulare"},{"$i":"delete-video?","$v":"Ștergeți videoclipul selectat?"},{"$i":"empty-title","$v":"Adăugați videoclipuri pentru a începe"},{"$i":"empty-text","$v":"Niciun videoclip disponibil."},{"$i":"empty-content","$v":"Folderul Videoclipuri este gol. Utilizați camera pentru a începe."},{"$i":"search-title","$v":"Scanare"},{"$i":"search-content","$v":"Scanare"},{"$i":"nocard2-title","$v":"Niciun card de memorie găsit"},{"$i":"nocard3-text","$v":"Cardul de memorie nu a fost găsit. Introduceți un card de memorie pentru a realiza videoclipuri."},{"$i":"pluggedin-title","$v":"Videoclipul nu poate fi redat în timpul conectării"},{"$i":"pluggedin-text","$v":"Memoria este utilizată momentan. Deconectați telefonul pentru a efectua videoclipuri."},{"$i":"upgrade-title","$v":"Upgrade bază de date"},{"$i":"upgrade-text","$v":"Așteptați cât timp Video își actual. baza de date."},{"$i":"confirm-delete","$v":"Sunteți sigur că doriți să ștergeți:"},{"$i":"pick-title","$v":"Selectați un videoclip"},{"$i":"save","$v":"Salvare"},{"$i":"saved","$v":"salvat în biblioteca video."},{"$i":"save-failed","$v":"Imposibil de salvat videoclipul, încercați din nou."},{"$i":"error-network","$v":"Video nu poate fi descărcat din cauza unei erori de rețea"},{"$i":"error-unsupported","$v":"Videoclipul nu poate fi redat: conexiunea la server sau rețea nu au reușit sau formatul nu este suportat."},{"$i":"error-unknown","$v":"A apărut o eroare video necunoscută."},{"$i":"video-hardware-in-use-title","$v":"Imposibil de redat videoclipul"},{"$i":"video-hardware-in-use-text","$v":"Altă aplicație folosește player-ul video."},{"$i":"overlay-cancel-button","$v":"Anulare"},{"$i":"overlay-camera-button","$v":"Accesați camera"},{"$i":"sd-storage-full-header","$v":"Cardul SD este plin."},{"$i":"sd-storage-full-content","$v":"Ștergeți fișierele de pe cardul SD pentru a elibera spațiu."},{"$i":"phone-storage-full-header","$v":"Memorie telefon plină."},{"$i":"phone-storage-full-content","$v":"Ștergeți fișierele media sau datele aplicației pentru a elibera spațiu. Puteți introduce și un card SD pentru a extinde stocarea media."},{"$i":"name-label","$v":"Denumire"},{"$i":"length-label","$v":"Lungime"},{"$i":"size-label","$v":"Dimensiune"},{"$i":"video-type-label","$v":"Tip videoclip"},{"$i":"date-taken-label","$v":"Data efectuării"},{"$i":"resolution-label","$v":"Rezoluție"},{"$i":"close-button","$v":"Închidere"},{"$i":"byteUnit-B","$v":"Octeți"},{"$i":"byteUnit-KB","$v":"KB"},{"$i":"byteUnit-MB","$v":"MB"},{"$i":"byteUnit-GB","$v":"GB"},{"$i":"byteUnit-TB","$v":"TB"},{"$i":"byteUnit-PB","$v":"PB"},{"$i":"byteUnit-EB","$v":"EB"},{"$i":"byteUnit-ZB","$v":"ZB"},{"$i":"byteUnit-YB","$v":"AN"},{"$i":"date-group-header","$v":"%B %Y"},{"$i":"share","$v":"Partajare"},{"$i":"more-info","$v":"Mai multe info"},{"$i":"delete","$v":"Ștergere"},{"$i":"video-button","ariaLabel":"Videoclip"},{"$i":"select-button","ariaLabel":"Selectare"},{"$i":"delete-button","ariaLabel":"Ștergere"},{"$i":"share-button","ariaLabel":"Partajare"},{"$i":"info-view","ariaLabel":"Info"},{"$i":"options-view","ariaLabel":"Opțiuni"},{"$i":"confirm-dialog","ariaLabel":"Confirmare"},{"$i":"videos-list","ariaLabel":"Videoclipuri"},{"$i":"options-more","ariaLabel":"Mai multe"},{"$i":"seek-backward","ariaLabel":"Căutare retroactivă"},{"$i":"seek-bar","ariaLabel":["Bară de căutare, durată ",{"t":"idOrVar","v":"duration"}]},{"$i":"seek-forward","ariaLabel":"Căutare înainte"},{"$i":"play-button","ariaLabel":"Redare"},{"$i":"pause-button","ariaLabel":"Pauză"},{"$i":"fullscreen-button","ariaLabel":"Ecran întreg"},{"$i":"show-controls-button","ariaLabel":"Afișare comenzi"},{"$i":"hide-controls-button","ariaLabel":"Ascundeți comenzile"},{"$i":"confirmation-title","$v":"Confirmare"},{"$i":"n-video-deleted","$v":{"zero":"Nu s-a selectat nimic","one":"Video șters.","few":[{"t":"idOrVar","v":"n"}," videoclipuri șterse."],"many":[{"t":"idOrVar","v":"n"}," videoclipuri șterse."],"other":[{"t":"idOrVar","v":"n"}," videoclipuri șterse."],"two":[{"t":"idOrVar","v":"n"}," videoclipuri șterse."]},"$x":[{"t":"idOrVar","v":"plural"},"n"]},{"$i":"rename-saved","$v":"Modificări salvate"},{"$i":"confirm-video","$v":"Videoclip"},{"$i":"confirm-ok","$v":"OK"},{"$i":"options-header","$v":"Opțiuni"},{"$i":"video-invalid-name","$v":"Denumire nevalidă"},{"$i":"name-already-exists","$v":"Acest nume există deja"},{"$i":"override-warning-msg","$v":"Doriți să suprascrieți fișierul existent?"},{"$i":"override","$v":"Suprascriere"},{"$i":"opt-takevideo","$v":"Cameră"},{"$i":"select","$v":"Selectare"},{"$i":"opt-deselect","$v":"Deselectați"},{"$i":"opt-delete","$v":"Ștergere"},{"$i":"opt-rename","$v":"Redenumire"},{"$i":"opt-selectmultiple","$v":"Selectați multiplu"},{"$i":"opt-fileinfo","$v":"Info fișier"},{"$i":"opt-selectall","$v":"Sel. tot."},{"$i":"opt-deselectall","$v":"Des. tot."},{"$i":"opt-fullscreen","$v":"Ecran întreg"},{"$i":"opt-play","$v":"Redare"},{"$i":"opt-pause","$v":"Pauză"},{"$i":"opt-volume","$v":"Volum"},{"$i":"opt-rotate","$v":"Rotire"},{"$i":"opt-cancel","$v":"Anulare"},{"$i":"opt-settings","$v":"Setări"},{"$i":"weekday-0-long","$v":"Duminică"},{"$i":"weekday-1-long","$v":"Luni"},{"$i":"weekday-2-long","$v":"Marți"},{"$i":"weekday-3-long","$v":"Miercuri"},{"$i":"weekday-4-long","$v":"Joi"},{"$i":"weekday-5-long","$v":"Vineri"},{"$i":"weekday-6-long","$v":"Sâmbătă"},{"$i":"weekday-0-short","$v":"Dum"},{"$i":"weekday-1-short","$v":"Lun"},{"$i":"weekday-2-short","$v":"Ma"},{"$i":"weekday-3-short","$v":"Mie"},{"$i":"weekday-4-short","$v":"Joi"},{"$i":"weekday-5-short","$v":"Vi"},{"$i":"weekday-6-short","$v":"Sâm"},{"$i":"month-0-long","$v":"Ianuarie"},{"$i":"month-1-long","$v":"Februarie"},{"$i":"month-2-long","$v":"Martie"},{"$i":"month-3-long","$v":"Aprilie"},{"$i":"month-4-long","$v":"Mai"},{"$i":"month-5-long","$v":"Iunie"},{"$i":"month-6-long","$v":"Iulie"},{"$i":"month-7-long","$v":"August"},{"$i":"month-8-long","$v":"Septembrie"},{"$i":"month-9-long","$v":"Octombrie"},{"$i":"month-10-long","$v":"Noiembrie"},{"$i":"month-11-long","$v":"Decembrie"},{"$i":"month-0-genitive","$v":"Ianuarie"},{"$i":"month-1-genitive","$v":"Februarie"},{"$i":"month-2-genitive","$v":"Martie"},{"$i":"month-3-genitive","$v":"Aprilie"},{"$i":"month-4-genitive","$v":"Mai"},{"$i":"month-5-genitive","$v":"Iunie"},{"$i":"month-6-genitive","$v":"Iulie"},{"$i":"month-7-genitive","$v":"August"},{"$i":"month-8-genitive","$v":"Septembrie"},{"$i":"month-9-genitive","$v":"Octombrie"},{"$i":"month-10-genitive","$v":"Noiembrie"},{"$i":"month-11-genitive","$v":"Decembrie"},{"$i":"month-0-short","$v":"Ian"},{"$i":"month-1-short","$v":"Feb"},{"$i":"month-2-short","$v":"Mar"},{"$i":"month-3-short","$v":"Apr"},{"$i":"month-4-short","$v":"Mai"},{"$i":"month-5-short","$v":"Iun"},{"$i":"month-6-short","$v":"Iul"},{"$i":"month-7-short","$v":"Aug"},{"$i":"month-8-short","$v":"Sep"},{"$i":"month-9-short","$v":"Oct"},{"$i":"month-10-short","$v":"Nov"},{"$i":"month-11-short","$v":"Dec"},{"$i":"minutes-ago-long","$v":{"few":[{"t":"idOrVar","v":"value"}," minute în urmă"],"many":[{"t":"idOrVar","v":"value"}," minute în urmă"],"other":[{"t":"idOrVar","v":"value"}," minute în urmă"],"two":[{"t":"idOrVar","v":"value"}," minute în urmă"],"one":"un minut în urmă","zero":"chiar acum"},"$x":[{"t":"idOrVar","v":"plural"},"value"]},{"$i":"hours-ago-long","$v":{"few":[{"t":"idOrVar","v":"value"}," ore în urmă"],"many":[{"t":"idOrVar","v":"value"}," ore în urmă"],"other":[{"t":"idOrVar","v":"value"}," ore în urmă"],"two":[{"t":"idOrVar","v":"value"}," ore în urmă"],"one":"1 oră în urmă","zero":"chiar acum"},"$x":[{"t":"idOrVar","v":"plural"},"value"]},{"$i":"days-ago-long","$v":{"few":[{"t":"idOrVar","v":"value"}," zile în urmă"],"many":[{"t":"idOrVar","v":"value"}," zile în urmă"],"one":"ieri","other":[{"t":"idOrVar","v":"value"}," zile în urmă"],"two":[{"t":"idOrVar","v":"value"}," zile în urmă"],"zero":"azi"},"$x":[{"t":"idOrVar","v":"plural"},"value"]},{"$i":"weeks-ago-long","$v":{"few":[{"t":"idOrVar","v":"value"}," săptămâni în urmă"],"many":[{"t":"idOrVar","v":"value"}," săptămâni în urmă"],"one":"ultima săptămână","other":[{"t":"idOrVar","v":"value"}," săptămâni în urmă"],"two":[{"t":"idOrVar","v":"value"}," săptămâni în urmă"],"zero":"această săptămână"},"$x":[{"t":"idOrVar","v":"plural"},"value"]},{"$i":"months-ago-long","$v":{"few":[{"t":"idOrVar","v":"value"}," luni în urmă"],"many":[{"t":"idOrVar","v":"value"}," luni în urmă"],"one":"ultima lună","other":[{"t":"idOrVar","v":"value"}," luni în urmă"],"two":[{"t":"idOrVar","v":"value"}," luni în urmă"],"zero":"această lună"},"$x":[{"t":"idOrVar","v":"plural"},"value"]},{"$i":"years-ago-long","$v":{"few":[{"t":"idOrVar","v":"value"}," ani în urmă"],"many":[{"t":"idOrVar","v":"value"}," ani în urmă"],"one":"ultimul an","other":[{"t":"idOrVar","v":"value"}," ani în urmă"],"two":[{"t":"idOrVar","v":"value"}," ani în urmă"],"zero":"acest an"},"$x":[{"t":"idOrVar","v":"plural"},"value"]},{"$i":"minutes-until-long","$v":{"few":["în ",{"t":"idOrVar","v":"value"}," minute"],"many":["în ",{"t":"idOrVar","v":"value"}," minute"],"other":["în ",{"t":"idOrVar","v":"value"}," minute"],"two":["în ",{"t":"idOrVar","v":"value"}," minute"],"zero":"acum","one":"în 1 minut"},"$x":[{"t":"idOrVar","v":"plural"},"value"]},{"$i":"hours-until-long","$v":{"few":["în ",{"t":"idOrVar","v":"value"}," ore"],"many":["în ",{"t":"idOrVar","v":"value"}," ore"],"other":["în ",{"t":"idOrVar","v":"value"}," ore"],"two":["în ",{"t":"idOrVar","v":"value"}," ore"],"zero":"acum","one":"în 1 oră"},"$x":[{"t":"idOrVar","v":"plural"},"value"]},{"$i":"days-until-long","$v":{"few":["în ",{"t":"idOrVar","v":"value"}," zile"],"many":["în ",{"t":"idOrVar","v":"value"}," zile"],"one":"mâine","other":["în ",{"t":"idOrVar","v":"value"}," zile"],"two":["în ",{"t":"idOrVar","v":"value"}," zile"],"zero":"azi"},"$x":[{"t":"idOrVar","v":"plural"},"value"]},{"$i":"weeks-until-long","$v":{"few":["în ",{"t":"idOrVar","v":"value"}," săptămâni"],"many":["în ",{"t":"idOrVar","v":"value"}," săptămâni"],"one":"săptămâna viitoare","other":["în ",{"t":"idOrVar","v":"value"}," săptămâni"],"two":["în ",{"t":"idOrVar","v":"value"}," săptămâni"],"zero":"această săptămână"},"$x":[{"t":"idOrVar","v":"plural"},"value"]},{"$i":"months-until-long","$v":{"few":["în ",{"t":"idOrVar","v":"value"}," luni"],"many":["în ",{"t":"idOrVar","v":"value"}," luni"],"one":"luna viitoare","other":["în ",{"t":"idOrVar","v":"value"}," luni"],"two":["în ",{"t":"idOrVar","v":"value"}," luni"],"zero":"această lună"},"$x":[{"t":"idOrVar","v":"plural"},"value"]},{"$i":"years-until-long","$v":{"few":["în ",{"t":"idOrVar","v":"value"}," ani"],"many":["în ",{"t":"idOrVar","v":"value"}," ani"],"one":"anul viitor","other":["în ",{"t":"idOrVar","v":"value"}," ani"],"two":["în ",{"t":"idOrVar","v":"value"}," ani"],"zero":"acest an"},"$x":[{"t":"idOrVar","v":"plural"},"value"]},{"$i":"minutes-ago-short","$v":{"other":[{"t":"idOrVar","v":"value"},"m în urmă"],"zero":"chiar acum"},"$x":[{"t":"idOrVar","v":"plural"},"value"]},{"$i":"hours-ago-short","$v":{"other":[{"t":"idOrVar","v":"value"},"h în urmă"],"zero":"chiar acum"},"$x":[{"t":"idOrVar","v":"plural"},"value"]},{"$i":"days-ago-short","$v":{"other":[{"t":"idOrVar","v":"value"},"z în urmă"],"zero":"azi"},"$x":[{"t":"idOrVar","v":"plural"},"value"]},{"$i":"minutes-until-short","$v":{"other":["în ",{"t":"idOrVar","v":"value"},"m"],"zero":"acum"},"$x":[{"t":"idOrVar","v":"plural"},"value"]},{"$i":"hours-until-short","$v":{"other":["în ",{"t":"idOrVar","v":"value"},"h"],"zero":"acum"},"$x":[{"t":"idOrVar","v":"plural"},"value"]},{"$i":"days-until-short","$v":{"other":["în ",{"t":"idOrVar","v":"value"},"z"],"zero":"azi"},"$x":[{"t":"idOrVar","v":"plural"},"value"]},{"$i":"incorrectDate","$v":"(dată incorectă)"},{"$i":"dateTimeFormat_%c","$v":"%a %b %e %Y %I:%M:%S %p"},{"$i":"dateTimeFormat_%x","$v":"%m/%d/%Y"},{"$i":"dateTimeFormat_%X","$v":"%I:%M:%S %p"},{"$i":"shortTimeFormat","$v":"%I:%M %p"},{"$i":"shortTimeFormat12","$v":"%I:%M %p"},{"$i":"shortTimeFormat24","$v":"%H:%M"},{"$i":"shortDateTimeFormat","$v":"%x %I:%M %p"},{"$i":"weekStartsOnMonday","$v":"0.0"},{"$i":"firstDayOfTheWeek","$v":"1.0"},{"$i":"time_am","$v":"AM"},{"$i":"time_pm","$v":"PM"},{"$i":"softkey-options","$v":"Opțiuni"}]