[{"$i":"done","$v":"Selesai"},{"$i":"number-selected2","$v":{"few":[{"t":"idOrVar","v":"n"}," dipilih"],"many":[{"t":"idOrVar","v":"n"}," dipilih"],"one":[{"t":"idOrVar","v":"n"}," dipilih"],"other":[{"t":"idOrVar","v":"n"}," dipilih"],"two":[{"t":"idOrVar","v":"n"}," dipilih"],"zero":[{"t":"idOrVar","v":"n"}," dipilih"]},"$x":[{"t":"idOrVar","v":"plural"},"n"]},{"$i":"delete-n-items?","$v":{"few":["Padam ",{"t":"idOrVar","v":"n"}," video?"],"many":["Padam ",{"t":"idOrVar","v":"n"}," video?"],"one":"Padam video yang dipilih?","other":["Padam ",{"t":"idOrVar","v":"n"}," video?"],"two":["Padam ",{"t":"idOrVar","v":"n"}," video?"],"zero":"Tiada yang dipilih"},"$x":[{"t":"idOrVar","v":"plural"},"n"]},{"$i":"not-load-video-time","$v":"--:--"},{"$i":"video-time-num","$v":["0",{"t":"idOrVar","v":"num"}]},{"$i":"video-time-minute","$v":[{"t":"idOrVar","v":"owe"},{"t":"idOrVar","v":"m"},":",{"t":"idOrVar","v":"s"}]},{"$i":"video-time-hour","$v":[{"t":"idOrVar","v":"owe"},{"t":"idOrVar","v":"h"},":",{"t":"idOrVar","v":"m"},":",{"t":"idOrVar","v":"s"}]},{"$i":"share-noprovider","$v":"Cuba berkongsi satu video pada satu-satu masa."},{"$i":"videos","$v":"Video"},{"$i":"cancel","$v":"Batal"},{"$i":"delete-video?","$v":"Padam video yang dipilih?"},{"$i":"empty-title","$v":"Tambah video untuk bermula"},{"$i":"empty-text","$v":"Tiada video tersedia."},{"$i":"empty-content","$v":"Video kosong. Gunakan kamera untuk bermula."},{"$i":"search-title","$v":"Mengimbas video..."},{"$i":"search-content","$v":"Mengimbas video..."},{"$i":"nocard2-title","$v":"Tiada kad memori dijumpai"},{"$i":"nocard3-text","$v":"Kad memori tidak dijumpai. Sila masukkan kad memori untuk mengambil video."},{"$i":"pluggedin-title","$v":"Video tidak boleh ditonton sewaktu palam dipasang"},{"$i":"pluggedin-text","$v":"Storan digunakan pada masa ini. Sila cabut palam telefon untuk mengambil video."},{"$i":"upgrade-title","$v":"Naik Taraf Pangkalan Data"},{"$i":"upgrade-text","$v":"Sila tunggu sementara Video mengemaskinikan pangkalan datanya."},{"$i":"confirm-delete","$v":"Adakah anda pasti anda ingin memadam:"},{"$i":"pick-title","$v":"Pilih video"},{"$i":"save","$v":"Simpan"},{"$i":"saved","$v":"disimpan ke Pustaka video."},{"$i":"save-failed","$v":"Tidak dapat menyimpan video, sila cuba lagi."},{"$i":"error-network","$v":"Video tidak dapat dimuat turun kerana ralat rangkaian."},{"$i":"error-unsupported","$v":"Video tidak dapat dimainkan: sama ada kerana pelayan atau rangkaian gagal atau format tidak disokong."},{"$i":"error-unknown","$v":"Ralat video yang tak diketahui telah berlaku."},{"$i":"video-hardware-in-use-title","$v":"Tidak boleh memainkan video"},{"$i":"video-hardware-in-use-text","$v":"Aplikasi lain menggunakan pemain video pada masa ini."},{"$i":"overlay-cancel-button","$v":"Batal"},{"$i":"overlay-camera-button","$v":"Pergi ke Kamera"},{"$i":"sd-storage-full-header","$v":"Kad SD Penuh"},{"$i":"sd-storage-full-content","$v":"Padam fail dalam kad SD untuk membebaskan ruang."},{"$i":"phone-storage-full-header","$v":"Storan Telefon Penuh"},{"$i":"phone-storage-full-content","$v":"Padam fail media atau data aplikasi untuk membebaskan ruang. Anda juga boleh memasukkan kad SD untuk membesarkan storan media."},{"$i":"name-label","$v":"Nama"},{"$i":"length-label","$v":"Panjang"},{"$i":"size-label","$v":"Saiz"},{"$i":"video-type-label","$v":"Jenis Video"},{"$i":"date-taken-label","$v":"Tarikh Diambil"},{"$i":"resolution-label","$v":"Resolusi"},{"$i":"close-button","$v":"Tutup"},{"$i":"byteUnit-B","$v":"Bait"},{"$i":"byteUnit-KB","$v":"KB"},{"$i":"byteUnit-MB","$v":"MB"},{"$i":"byteUnit-GB","$v":"GB"},{"$i":"byteUnit-TB","$v":"TB"},{"$i":"byteUnit-PB","$v":"PB"},{"$i":"byteUnit-EB","$v":"EB"},{"$i":"byteUnit-ZB","$v":"ZB"},{"$i":"byteUnit-YB","$v":"YB"},{"$i":"date-group-header","$v":"%B %Y"},{"$i":"share","$v":"Kongsi"},{"$i":"more-info","$v":"Lebih banyak maklumat"},{"$i":"delete","$v":"Padam"},{"$i":"video-button","ariaLabel":"Video"},{"$i":"select-button","ariaLabel":"Pilih"},{"$i":"delete-button","ariaLabel":"Padam"},{"$i":"share-button","ariaLabel":"Kongsi"},{"$i":"info-view","ariaLabel":"Maklumat"},{"$i":"options-view","ariaLabel":"Pilihan"},{"$i":"confirm-dialog","ariaLabel":"Sahkan"},{"$i":"videos-list","ariaLabel":"Video"},{"$i":"options-more","ariaLabel":"Lagi"},{"$i":"seek-backward","ariaLabel":"Jangkau ke belakang"},{"$i":"seek-bar","ariaLabel":["Bar jangkauan, tempoh ",{"t":"idOrVar","v":"duration"}]},{"$i":"seek-forward","ariaLabel":"Jangkau ke depan"},{"$i":"play-button","ariaLabel":"Main"},{"$i":"pause-button","ariaLabel":"Jeda"},{"$i":"fullscreen-button","ariaLabel":"Skrin penuh"},{"$i":"show-controls-button","ariaLabel":"Tunjukkan kawalan"},{"$i":"hide-controls-button","ariaLabel":"Sembunyikan kawalan"},{"$i":"confirmation-title","$v":"Pengesahan"},{"$i":"n-video-deleted","$v":{"zero":"Tiada yang dipilih","one":"Video dipadam","few":[{"t":"idOrVar","v":"n"}," video dipadam"],"many":[{"t":"idOrVar","v":"n"}," video dipadam"],"other":[{"t":"idOrVar","v":"n"}," video dipadam"],"two":[{"t":"idOrVar","v":"n"}," video dipadam"]},"$x":[{"t":"idOrVar","v":"plural"},"n"]},{"$i":"rename-saved","$v":"Perubahan disimpan"},{"$i":"confirm-video","$v":"Video"},{"$i":"confirm-ok","$v":"OK"},{"$i":"options-header","$v":"Pilihan"},{"$i":"video-invalid-name","$v":"Nama Tidak Sah"},{"$i":"name-already-exists","$v":"Nama ini sudah wujud"},{"$i":"override-warning-msg","$v":"Adakah anda ingin melangkau fail yang sedia ada?"},{"$i":"override","$v":"Langkau"},{"$i":"opt-takevideo","$v":"Kamera"},{"$i":"select","$v":"Pilih"},{"$i":"opt-deselect","$v":"Nyahpilih"},{"$i":"opt-delete","$v":"Padam"},{"$i":"opt-rename","$v":"Namakan Semula"},{"$i":"opt-selectmultiple","$v":"Pilih Berbilang"},{"$i":"opt-fileinfo","$v":"Maklumat Fail"},{"$i":"opt-selectall","$v":"Semua"},{"$i":"opt-deselectall","$v":"Tiada"},{"$i":"opt-fullscreen","$v":"Skrin Penuh"},{"$i":"opt-play","$v":"Main"},{"$i":"opt-pause","$v":"Jeda"},{"$i":"opt-volume","$v":"Kelantangan"},{"$i":"opt-rotate","$v":"Putar"},{"$i":"opt-cancel","$v":"Batal"},{"$i":"opt-settings","$v":"Tetapan"},{"$i":"weekday-0-long","$v":"Ahad"},{"$i":"weekday-1-long","$v":"Isnin"},{"$i":"weekday-2-long","$v":"Selasa"},{"$i":"weekday-3-long","$v":"Rabu"},{"$i":"weekday-4-long","$v":"Khamis"},{"$i":"weekday-5-long","$v":"Jumaat"},{"$i":"weekday-6-long","$v":"Sabtu"},{"$i":"weekday-0-short","$v":"Aha"},{"$i":"weekday-1-short","$v":"Isn"},{"$i":"weekday-2-short","$v":"Sel"},{"$i":"weekday-3-short","$v":"Rab"},{"$i":"weekday-4-short","$v":"Kha"},{"$i":"weekday-5-short","$v":"Jum"},{"$i":"weekday-6-short","$v":"Sab"},{"$i":"month-0-long","$v":"Januari"},{"$i":"month-1-long","$v":"Februari"},{"$i":"month-2-long","$v":"Mac"},{"$i":"month-3-long","$v":"April"},{"$i":"month-4-long","$v":"Mei"},{"$i":"month-5-long","$v":"Jun"},{"$i":"month-6-long","$v":"Julai"},{"$i":"month-7-long","$v":"Ogos"},{"$i":"month-8-long","$v":"September"},{"$i":"month-9-long","$v":"Oktober"},{"$i":"month-10-long","$v":"November"},{"$i":"month-11-long","$v":"Disember"},{"$i":"month-0-genitive","$v":"Januari"},{"$i":"month-1-genitive","$v":"Februari"},{"$i":"month-2-genitive","$v":"Mac"},{"$i":"month-3-genitive","$v":"April"},{"$i":"month-4-genitive","$v":"Mei"},{"$i":"month-5-genitive","$v":"Jun"},{"$i":"month-6-genitive","$v":"Julai"},{"$i":"month-7-genitive","$v":"Ogos"},{"$i":"month-8-genitive","$v":"September"},{"$i":"month-9-genitive","$v":"Oktober"},{"$i":"month-10-genitive","$v":"November"},{"$i":"month-11-genitive","$v":"Disember"},{"$i":"month-0-short","$v":"Jan"},{"$i":"month-1-short","$v":"Feb"},{"$i":"month-2-short","$v":"Mac"},{"$i":"month-3-short","$v":"Apr"},{"$i":"month-4-short","$v":"Mei"},{"$i":"month-5-short","$v":"Jun"},{"$i":"month-6-short","$v":"Jul"},{"$i":"month-7-short","$v":"Ogo"},{"$i":"month-8-short","$v":"Sep"},{"$i":"month-9-short","$v":"Okt"},{"$i":"month-10-short","$v":"Nov"},{"$i":"month-11-short","$v":"Dis"},{"$i":"minutes-ago-long","$v":{"few":[{"t":"idOrVar","v":"value"}," minit yang lalu"],"many":[{"t":"idOrVar","v":"value"}," minit yang lalu"],"other":[{"t":"idOrVar","v":"value"}," minit yang lalu"],"two":[{"t":"idOrVar","v":"value"}," minit yang lalu"],"one":"seminit yang lalu","zero":"Sebentar Tadi"},"$x":[{"t":"idOrVar","v":"plural"},"value"]},{"$i":"hours-ago-long","$v":{"few":[{"t":"idOrVar","v":"value"}," jam yang lalu"],"many":[{"t":"idOrVar","v":"value"}," jam yang lalu"],"other":[{"t":"idOrVar","v":"value"}," jam yang lalu"],"two":[{"t":"idOrVar","v":"value"}," jam yang lalu"],"one":"sejam yang lalu","zero":"Sebentar Tadi"},"$x":[{"t":"idOrVar","v":"plural"},"value"]},{"$i":"days-ago-long","$v":{"few":[{"t":"idOrVar","v":"value"}," hari yang lalu"],"many":[{"t":"idOrVar","v":"value"}," hari yang lalu"],"one":"semalam","other":[{"t":"idOrVar","v":"value"}," hari yang lalu"],"two":[{"t":"idOrVar","v":"value"}," hari yang lalu"],"zero":"hari ini"},"$x":[{"t":"idOrVar","v":"plural"},"value"]},{"$i":"weeks-ago-long","$v":{"few":[{"t":"idOrVar","v":"value"}," minggu yang lalu"],"many":[{"t":"idOrVar","v":"value"}," minggu yang lalu"],"one":"minggu lepas","other":[{"t":"idOrVar","v":"value"}," minggu yang lalu"],"two":[{"t":"idOrVar","v":"value"}," minggu yang lalu"],"zero":"minggu ini"},"$x":[{"t":"idOrVar","v":"plural"},"value"]},{"$i":"months-ago-long","$v":{"few":[{"t":"idOrVar","v":"value"}," bulan yang lalu"],"many":[{"t":"idOrVar","v":"value"}," bulan yang lalu"],"one":"bulan lepas","other":[{"t":"idOrVar","v":"value"}," bulan yang lalu"],"two":[{"t":"idOrVar","v":"value"}," bulan yang lalu"],"zero":"bulan ini"},"$x":[{"t":"idOrVar","v":"plural"},"value"]},{"$i":"years-ago-long","$v":{"few":[{"t":"idOrVar","v":"value"}," tahun yang lalu"],"many":[{"t":"idOrVar","v":"value"}," tahun yang lalu"],"one":"tahun lepas","other":[{"t":"idOrVar","v":"value"}," tahun yang lalu"],"two":[{"t":"idOrVar","v":"value"}," tahun yang lalu"],"zero":"tahun ini"},"$x":[{"t":"idOrVar","v":"plural"},"value"]},{"$i":"minutes-until-long","$v":{"few":["dalam ",{"t":"idOrVar","v":"value"}," minit"],"many":["dalam ",{"t":"idOrVar","v":"value"}," minit"],"other":["dalam ",{"t":"idOrVar","v":"value"}," minit"],"two":["dalam ",{"t":"idOrVar","v":"value"}," minit"],"zero":"sekarang","one":"dalam masa seminit"},"$x":[{"t":"idOrVar","v":"plural"},"value"]},{"$i":"hours-until-long","$v":{"few":["dalam ",{"t":"idOrVar","v":"value"}," jam"],"many":["dalam ",{"t":"idOrVar","v":"value"}," jam"],"other":["dalam ",{"t":"idOrVar","v":"value"}," jam"],"two":["dalam ",{"t":"idOrVar","v":"value"}," jam"],"zero":"sekarang","one":"dalam masa sejam"},"$x":[{"t":"idOrVar","v":"plural"},"value"]},{"$i":"days-until-long","$v":{"few":["dalam ",{"t":"idOrVar","v":"value"}," hari"],"many":["dalam ",{"t":"idOrVar","v":"value"}," hari"],"one":"esok","other":["dalam ",{"t":"idOrVar","v":"value"}," hari"],"two":["dalam ",{"t":"idOrVar","v":"value"}," hari"],"zero":"hari ini"},"$x":[{"t":"idOrVar","v":"plural"},"value"]},{"$i":"weeks-until-long","$v":{"few":["dalam ",{"t":"idOrVar","v":"value"}," minggu"],"many":["dalam ",{"t":"idOrVar","v":"value"}," minggu"],"one":"minggu depan","other":["dalam ",{"t":"idOrVar","v":"value"}," minggu"],"two":["dalam ",{"t":"idOrVar","v":"value"}," minggu"],"zero":"minggu ini"},"$x":[{"t":"idOrVar","v":"plural"},"value"]},{"$i":"months-until-long","$v":{"few":["dalam ",{"t":"idOrVar","v":"value"}," bulan"],"many":["dalam ",{"t":"idOrVar","v":"value"}," bulan"],"one":"bulan depan","other":["dalam ",{"t":"idOrVar","v":"value"}," bulan"],"two":["dalam ",{"t":"idOrVar","v":"value"}," bulan"],"zero":"bulan ini"},"$x":[{"t":"idOrVar","v":"plural"},"value"]},{"$i":"years-until-long","$v":{"few":["dalam ",{"t":"idOrVar","v":"value"}," tahun"],"many":["dalam ",{"t":"idOrVar","v":"value"}," tahun"],"one":"tahun depan","other":["dalam ",{"t":"idOrVar","v":"value"}," tahun"],"two":["dalam ",{"t":"idOrVar","v":"value"}," tahun"],"zero":"tahun ini"},"$x":[{"t":"idOrVar","v":"plural"},"value"]},{"$i":"minutes-ago-short","$v":{"other":[{"t":"idOrVar","v":"value"},"m yang lalu"],"zero":"Sebentar Tadi"},"$x":[{"t":"idOrVar","v":"plural"},"value"]},{"$i":"hours-ago-short","$v":{"other":[{"t":"idOrVar","v":"value"},"j yang lalu"],"zero":"Sebentar Tadi"},"$x":[{"t":"idOrVar","v":"plural"},"value"]},{"$i":"days-ago-short","$v":{"other":[{"t":"idOrVar","v":"value"},"h yang lalu"],"zero":"hari ini"},"$x":[{"t":"idOrVar","v":"plural"},"value"]},{"$i":"minutes-until-short","$v":{"other":["dalam ",{"t":"idOrVar","v":"value"},"m"],"zero":"sekarang"},"$x":[{"t":"idOrVar","v":"plural"},"value"]},{"$i":"hours-until-short","$v":{"other":["dalam ",{"t":"idOrVar","v":"value"},"j"],"zero":"sekarang"},"$x":[{"t":"idOrVar","v":"plural"},"value"]},{"$i":"days-until-short","$v":{"other":["dalam ",{"t":"idOrVar","v":"value"},"h"],"zero":"hari ini"},"$x":[{"t":"idOrVar","v":"plural"},"value"]},{"$i":"incorrectDate","$v":"(tarikh salah)"},{"$i":"dateTimeFormat_%c","$v":"%a %b %e %Y %I:%M:%S %p"},{"$i":"dateTimeFormat_%x","$v":"%m/%d/%Y"},{"$i":"dateTimeFormat_%X","$v":"%I:%M:%S %p"},{"$i":"shortTimeFormat","$v":"%I:%M %p"},{"$i":"shortTimeFormat12","$v":"%I:%M %p"},{"$i":"shortTimeFormat24","$v":"%H:%M"},{"$i":"shortDateTimeFormat","$v":"%x %I:%M %p"},{"$i":"weekStartsOnMonday","$v":"0.0"},{"$i":"firstDayOfTheWeek","$v":"0.0"},{"$i":"time_am","$v":"Pagi"},{"$i":"time_pm","$v":"Petang"},{"$i":"softkey-options","$v":"Pilihan"}]