[{"$i":"done","$v":"Fullført"},{"$i":"number-selected2","$v":{"few":[{"t":"idOrVar","v":"n"}," valgt"],"many":[{"t":"idOrVar","v":"n"}," valgt"],"one":[{"t":"idOrVar","v":"n"}," valgt"],"other":[{"t":"idOrVar","v":"n"}," valgt"],"two":[{"t":"idOrVar","v":"n"}," valgt"],"zero":[{"t":"idOrVar","v":"n"}," valgt"]},"$x":[{"t":"idOrVar","v":"plural"},"n"]},{"$i":"delete-n-items?","$v":{"few":["Slette ",{"t":"idOrVar","v":"n"}," videoer?"],"many":["Slette ",{"t":"idOrVar","v":"n"}," videoer?"],"one":"Slette valgte video?","other":["Slette ",{"t":"idOrVar","v":"n"}," videoer?"],"two":["Slette ",{"t":"idOrVar","v":"n"}," videoer?"],"zero":"Ingenting valgt"},"$x":[{"t":"idOrVar","v":"plural"},"n"]},{"$i":"not-load-video-time","$v":"--:--"},{"$i":"video-time-num","$v":["0",{"t":"idOrVar","v":"num"}]},{"$i":"video-time-minute","$v":[{"t":"idOrVar","v":"owe"},{"t":"idOrVar","v":"m"},":",{"t":"idOrVar","v":"s"}]},{"$i":"video-time-hour","$v":[{"t":"idOrVar","v":"owe"},{"t":"idOrVar","v":"h"},":",{"t":"idOrVar","v":"m"},":",{"t":"idOrVar","v":"s"}]},{"$i":"share-noprovider","$v":"Del én video om gangen."},{"$i":"videos","$v":"Videoer"},{"$i":"cancel","$v":"Avbryt"},{"$i":"delete-video?","$v":"Slette valgte video?"},{"$i":"empty-title","$v":"Legg til videoer for å komme i gang"},{"$i":"empty-text","$v":"Ingen videoer tilgjengelige."},{"$i":"empty-content","$v":"Video er tom. Bruk kamera for å komme i gang."},{"$i":"search-title","$v":"Skanner"},{"$i":"search-content","$v":"Skanner"},{"$i":"nocard2-title","$v":"Ingen minnekort funnet"},{"$i":"nocard3-text","$v":"Fant ikke minnekort. Sett inn et minnekort for å spille inn videoer."},{"$i":"pluggedin-title","$v":"Kan ikke spille video når innplugget"},{"$i":"pluggedin-text","$v":"Lagringsplass er i bruk. Koble fra telefonen for å spille inn videoer."},{"$i":"upgrade-title","$v":"Databaseoppgraderinger"},{"$i":"upgrade-text","$v":"Vent mens video oppdaterer databasen."},{"$i":"confirm-delete","$v":"Er du sikker på at du vil slette:"},{"$i":"pick-title","$v":"Velg en video"},{"$i":"save","$v":"Lagre"},{"$i":"saved","$v":"lagret til videobibliotek."},{"$i":"save-failed","$v":"Kunne ikke lagre video, prøv igjen."},{"$i":"error-network","$v":"Kunne ikke laste ned videoen på grunn av en nettverksfeil."},{"$i":"error-unsupported","$v":"Kan ikke spille videoen: enten på grunn av feil på serveren eller nettverket eller fordi formatet ikke er støttet."},{"$i":"error-unknown","$v":"Ukjent videofeil."},{"$i":"video-hardware-in-use-title","$v":"Kan ikke spille video"},{"$i":"video-hardware-in-use-text","$v":"En annen app bruker videospilleren."},{"$i":"overlay-cancel-button","$v":"Avbryt"},{"$i":"overlay-camera-button","$v":"Gå til kamera"},{"$i":"sd-storage-full-header","$v":"SD-kort er fullt."},{"$i":"sd-storage-full-content","$v":"Slett filer på SD-kort for å frigjøre plass."},{"$i":"phone-storage-full-header","$v":"Telefonens lagringsplass er full.."},{"$i":"phone-storage-full-content","$v":"Slett mediefiler eller programdata for å frigjøre plass. Du kan også sette inn et SD-kort for å utvide medielagring."},{"$i":"name-label","$v":"Navn"},{"$i":"length-label","$v":"Lengde"},{"$i":"size-label","$v":"Størrelse"},{"$i":"video-type-label","$v":"Videotype"},{"$i":"date-taken-label","$v":"Dato tatt"},{"$i":"resolution-label","$v":"Oppløsning"},{"$i":"close-button","$v":"Lukk"},{"$i":"byteUnit-B","$v":"Bytes"},{"$i":"byteUnit-KB","$v":"KB"},{"$i":"byteUnit-MB","$v":"MB"},{"$i":"byteUnit-GB","$v":"GB"},{"$i":"byteUnit-TB","$v":"TB"},{"$i":"byteUnit-PB","$v":"PB"},{"$i":"byteUnit-EB","$v":"EB"},{"$i":"byteUnit-ZB","$v":"ZB"},{"$i":"byteUnit-YB","$v":"YB"},{"$i":"date-group-header","$v":"%B %Y"},{"$i":"share","$v":"Del"},{"$i":"more-info","$v":"Mer informasjon"},{"$i":"delete","$v":"Slett"},{"$i":"video-button","ariaLabel":"Video"},{"$i":"select-button","ariaLabel":"Velg"},{"$i":"delete-button","ariaLabel":"Slett"},{"$i":"share-button","ariaLabel":"Del"},{"$i":"info-view","ariaLabel":"Info"},{"$i":"options-view","ariaLabel":"Valg"},{"$i":"confirm-dialog","ariaLabel":"Bekreft"},{"$i":"videos-list","ariaLabel":"Videoer"},{"$i":"options-more","ariaLabel":"Mer"},{"$i":"seek-backward","ariaLabel":"Søk bakover"},{"$i":"seek-bar","ariaLabel":["Søkelinje, varighet ",{"t":"idOrVar","v":"duration"}]},{"$i":"seek-forward","ariaLabel":"Søk fremover"},{"$i":"play-button","ariaLabel":"Spill"},{"$i":"pause-button","ariaLabel":"Pause"},{"$i":"fullscreen-button","ariaLabel":"Fullt skjermbilde"},{"$i":"show-controls-button","ariaLabel":"Vis kontroller"},{"$i":"hide-controls-button","ariaLabel":"Skjul kontroller"},{"$i":"confirmation-title","$v":"Bekreftelse"},{"$i":"n-video-deleted","$v":{"zero":"Ingenting valgt","one":"Video slettet.","few":[{"t":"idOrVar","v":"n"}," videoer slettet."],"many":[{"t":"idOrVar","v":"n"}," videoer slettet."],"other":[{"t":"idOrVar","v":"n"}," videoer slettet."],"two":[{"t":"idOrVar","v":"n"}," videoer slettet."]},"$x":[{"t":"idOrVar","v":"plural"},"n"]},{"$i":"rename-saved","$v":"Endringer lagret"},{"$i":"confirm-video","$v":"Video"},{"$i":"confirm-ok","$v":"OK"},{"$i":"options-header","$v":"Valg"},{"$i":"video-invalid-name","$v":"Ugyldig navn"},{"$i":"name-already-exists","$v":"Dette navnet eksisterer allerede"},{"$i":"override-warning-msg","$v":"Vil du overskrive den eksisterende filen?"},{"$i":"override","$v":"Overstyr"},{"$i":"opt-takevideo","$v":"Kamera"},{"$i":"select","$v":"Velg"},{"$i":"opt-deselect","$v":"Velg bort"},{"$i":"opt-delete","$v":"Slett"},{"$i":"opt-rename","$v":"Bytt navn"},{"$i":"opt-selectmultiple","$v":"Velg flere"},{"$i":"opt-fileinfo","$v":"Filinformasjon"},{"$i":"opt-selectall","$v":"Velg alle"},{"$i":"opt-deselectall","$v":"Velg bort alle"},{"$i":"opt-fullscreen","$v":"Fullt skjermbilde"},{"$i":"opt-play","$v":"Spill"},{"$i":"opt-pause","$v":"Pause"},{"$i":"opt-volume","$v":"Volum"},{"$i":"opt-rotate","$v":"Roter"},{"$i":"opt-cancel","$v":"Avbryt"},{"$i":"opt-settings","$v":"Innstillinger"},{"$i":"weekday-0-long","$v":"Søndag"},{"$i":"weekday-1-long","$v":"Mandag"},{"$i":"weekday-2-long","$v":"Tirsdag"},{"$i":"weekday-3-long","$v":"Onsdag"},{"$i":"weekday-4-long","$v":"Torsdag"},{"$i":"weekday-5-long","$v":"Fredag"},{"$i":"weekday-6-long","$v":"Lørdag"},{"$i":"weekday-0-short","$v":"Sø."},{"$i":"weekday-1-short","$v":"Ma."},{"$i":"weekday-2-short","$v":"Ti."},{"$i":"weekday-3-short","$v":"On."},{"$i":"weekday-4-short","$v":"To."},{"$i":"weekday-5-short","$v":"Fr."},{"$i":"weekday-6-short","$v":"Lø."},{"$i":"month-0-long","$v":"Januar"},{"$i":"month-1-long","$v":"Februar"},{"$i":"month-2-long","$v":"Mars"},{"$i":"month-3-long","$v":"April"},{"$i":"month-4-long","$v":"Mai"},{"$i":"month-5-long","$v":"Juni"},{"$i":"month-6-long","$v":"Juli"},{"$i":"month-7-long","$v":"August"},{"$i":"month-8-long","$v":"September"},{"$i":"month-9-long","$v":"Oktober"},{"$i":"month-10-long","$v":"November"},{"$i":"month-11-long","$v":"Desember"},{"$i":"month-0-genitive","$v":"Januar"},{"$i":"month-1-genitive","$v":"Februar"},{"$i":"month-2-genitive","$v":"Mars"},{"$i":"month-3-genitive","$v":"April"},{"$i":"month-4-genitive","$v":"Mai"},{"$i":"month-5-genitive","$v":"Juni"},{"$i":"month-6-genitive","$v":"Juli"},{"$i":"month-7-genitive","$v":"August"},{"$i":"month-8-genitive","$v":"September"},{"$i":"month-9-genitive","$v":"Oktober"},{"$i":"month-10-genitive","$v":"November"},{"$i":"month-11-genitive","$v":"Desember"},{"$i":"month-0-short","$v":"Jan."},{"$i":"month-1-short","$v":"Feb."},{"$i":"month-2-short","$v":"Mars"},{"$i":"month-3-short","$v":"Apr."},{"$i":"month-4-short","$v":"Mai"},{"$i":"month-5-short","$v":"Juni"},{"$i":"month-6-short","$v":"Juli"},{"$i":"month-7-short","$v":"Aug."},{"$i":"month-8-short","$v":"Sep."},{"$i":"month-9-short","$v":"Okt."},{"$i":"month-10-short","$v":"Nov."},{"$i":"month-11-short","$v":"Des."},{"$i":"minutes-ago-long","$v":{"few":[{"t":"idOrVar","v":"value"}," minutter siden"],"many":[{"t":"idOrVar","v":"value"}," minutter siden"],"other":[{"t":"idOrVar","v":"value"}," minutter siden"],"two":[{"t":"idOrVar","v":"value"}," minutter siden"],"one":"et minutt siden","zero":"akkurat nå"},"$x":[{"t":"idOrVar","v":"plural"},"value"]},{"$i":"hours-ago-long","$v":{"few":[{"t":"idOrVar","v":"value"}," timer siden"],"many":[{"t":"idOrVar","v":"value"}," timer siden"],"other":[{"t":"idOrVar","v":"value"}," timer siden"],"two":[{"t":"idOrVar","v":"value"}," timer siden"],"one":"1 time siden","zero":"akkurat nå"},"$x":[{"t":"idOrVar","v":"plural"},"value"]},{"$i":"days-ago-long","$v":{"few":[{"t":"idOrVar","v":"value"}," dager siden"],"many":[{"t":"idOrVar","v":"value"}," dager siden"],"one":"i går","other":[{"t":"idOrVar","v":"value"}," dager siden"],"two":[{"t":"idOrVar","v":"value"}," dager siden"],"zero":"i dag"},"$x":[{"t":"idOrVar","v":"plural"},"value"]},{"$i":"weeks-ago-long","$v":{"few":[{"t":"idOrVar","v":"value"}," uker siden"],"many":[{"t":"idOrVar","v":"value"}," uker siden"],"one":"sist uke","other":[{"t":"idOrVar","v":"value"}," uker siden"],"two":[{"t":"idOrVar","v":"value"}," uker siden"],"zero":"denne uken"},"$x":[{"t":"idOrVar","v":"plural"},"value"]},{"$i":"months-ago-long","$v":{"few":[{"t":"idOrVar","v":"value"}," måneder siden"],"many":[{"t":"idOrVar","v":"value"}," måneder siden"],"one":"sist måned","other":[{"t":"idOrVar","v":"value"}," måneder siden"],"two":[{"t":"idOrVar","v":"value"}," måneder siden"],"zero":"denne måneden"},"$x":[{"t":"idOrVar","v":"plural"},"value"]},{"$i":"years-ago-long","$v":{"few":[{"t":"idOrVar","v":"value"}," år siden"],"many":[{"t":"idOrVar","v":"value"}," år siden"],"one":"i fjor","other":[{"t":"idOrVar","v":"value"}," år siden"],"two":[{"t":"idOrVar","v":"value"}," år siden"],"zero":"i år"},"$x":[{"t":"idOrVar","v":"plural"},"value"]},{"$i":"minutes-until-long","$v":{"few":["om ",{"t":"idOrVar","v":"value"}," minutter"],"many":["om ",{"t":"idOrVar","v":"value"}," minutter"],"other":["om ",{"t":"idOrVar","v":"value"}," minutter"],"two":["om ",{"t":"idOrVar","v":"value"}," minutter"],"zero":"nå","one":"om 1 minutt"},"$x":[{"t":"idOrVar","v":"plural"},"value"]},{"$i":"hours-until-long","$v":{"few":["om ",{"t":"idOrVar","v":"value"}," timer"],"many":["om ",{"t":"idOrVar","v":"value"}," timer"],"other":["om ",{"t":"idOrVar","v":"value"}," timer"],"two":["om ",{"t":"idOrVar","v":"value"}," timer"],"zero":"nå","one":"om 1 time"},"$x":[{"t":"idOrVar","v":"plural"},"value"]},{"$i":"days-until-long","$v":{"few":["om ",{"t":"idOrVar","v":"value"}," dager"],"many":["om ",{"t":"idOrVar","v":"value"}," dager"],"one":"i morgen","other":["om ",{"t":"idOrVar","v":"value"}," dager"],"two":["om ",{"t":"idOrVar","v":"value"}," dager"],"zero":"i dag"},"$x":[{"t":"idOrVar","v":"plural"},"value"]},{"$i":"weeks-until-long","$v":{"few":["om ",{"t":"idOrVar","v":"value"}," uker"],"many":["om ",{"t":"idOrVar","v":"value"}," uker"],"one":"neste uke","other":["om ",{"t":"idOrVar","v":"value"}," uker"],"two":["om ",{"t":"idOrVar","v":"value"}," uker"],"zero":"denne uken"},"$x":[{"t":"idOrVar","v":"plural"},"value"]},{"$i":"months-until-long","$v":{"few":["om ",{"t":"idOrVar","v":"value"}," måneder"],"many":["om ",{"t":"idOrVar","v":"value"}," måneder"],"one":"neste måned","other":["om ",{"t":"idOrVar","v":"value"}," måneder"],"two":["om ",{"t":"idOrVar","v":"value"}," måneder"],"zero":"denne måneden"},"$x":[{"t":"idOrVar","v":"plural"},"value"]},{"$i":"years-until-long","$v":{"few":["om ",{"t":"idOrVar","v":"value"}," år"],"many":["om ",{"t":"idOrVar","v":"value"}," år"],"one":"neste år","other":["om ",{"t":"idOrVar","v":"value"}," år"],"two":["om ",{"t":"idOrVar","v":"value"}," år"],"zero":"i år"},"$x":[{"t":"idOrVar","v":"plural"},"value"]},{"$i":"minutes-ago-short","$v":{"other":[{"t":"idOrVar","v":"value"}," m siden"],"zero":"akkurat nå"},"$x":[{"t":"idOrVar","v":"plural"},"value"]},{"$i":"hours-ago-short","$v":{"other":[{"t":"idOrVar","v":"value"}," t siden"],"zero":"akkurat nå"},"$x":[{"t":"idOrVar","v":"plural"},"value"]},{"$i":"days-ago-short","$v":{"other":[{"t":"idOrVar","v":"value"}," d siden"],"zero":"i dag"},"$x":[{"t":"idOrVar","v":"plural"},"value"]},{"$i":"minutes-until-short","$v":{"other":["om ",{"t":"idOrVar","v":"value"},"m"],"zero":"nå"},"$x":[{"t":"idOrVar","v":"plural"},"value"]},{"$i":"hours-until-short","$v":{"other":["om ",{"t":"idOrVar","v":"value"},"t"],"zero":"nå"},"$x":[{"t":"idOrVar","v":"plural"},"value"]},{"$i":"days-until-short","$v":{"other":["om ",{"t":"idOrVar","v":"value"},"d"],"zero":"i dag"},"$x":[{"t":"idOrVar","v":"plural"},"value"]},{"$i":"incorrectDate","$v":"(feil dato)"},{"$i":"dateTimeFormat_%c","$v":"%a %b %e %Y %I:%M:%S %p"},{"$i":"dateTimeFormat_%x","$v":"%m/%d/%Y"},{"$i":"dateTimeFormat_%X","$v":"%I:%M:%S %p"},{"$i":"shortTimeFormat","$v":"%I:%M %p"},{"$i":"shortTimeFormat12","$v":"%I:%M %p"},{"$i":"shortTimeFormat24","$v":"%H:%M"},{"$i":"shortDateTimeFormat","$v":"%x %I:%M %p"},{"$i":"weekStartsOnMonday","$v":"0.0"},{"$i":"firstDayOfTheWeek","$v":"1.0"},{"$i":"time_am","$v":"AM"},{"$i":"time_pm","$v":"PM"},{"$i":"softkey-options","$v":"Valg"}]