[{"$i":"done","$v":"Gereed"},{"$i":"number-selected2","$v":{"few":[{"t":"idOrVar","v":"n"}," geselecteerd"],"many":[{"t":"idOrVar","v":"n"}," geselecteerd"],"one":[{"t":"idOrVar","v":"n"}," geselecteerd"],"other":[{"t":"idOrVar","v":"n"}," geselecteerd"],"two":[{"t":"idOrVar","v":"n"}," geselecteerd"],"zero":[{"t":"idOrVar","v":"n"}," geselecteerd"]},"$x":[{"t":"idOrVar","v":"plural"},"n"]},{"$i":"delete-n-items?","$v":{"few":[{"t":"idOrVar","v":"n"}," video's verwijderen?"],"many":[{"t":"idOrVar","v":"n"}," video's verwijderen?"],"one":"Geselecteerde video verwijderen?","other":[{"t":"idOrVar","v":"n"}," video's verwijderen?"],"two":[{"t":"idOrVar","v":"n"}," video's verwijderen?"],"zero":"Niets geselecteerd"},"$x":[{"t":"idOrVar","v":"plural"},"n"]},{"$i":"not-load-video-time","$v":"--:--"},{"$i":"video-time-num","$v":["0",{"t":"idOrVar","v":"num"}]},{"$i":"video-time-minute","$v":[{"t":"idOrVar","v":"owe"},{"t":"idOrVar","v":"m"},":",{"t":"idOrVar","v":"s"}]},{"$i":"video-time-hour","$v":[{"t":"idOrVar","v":"owe"},{"t":"idOrVar","v":"h"},":",{"t":"idOrVar","v":"m"},":",{"t":"idOrVar","v":"s"}]},{"$i":"share-noprovider","$v":"Probeer één video tegelijkertijd te delen."},{"$i":"videos","$v":"Video's"},{"$i":"cancel","$v":"Annuleren"},{"$i":"delete-video?","$v":"Geselecteerde video verwijderen?"},{"$i":"empty-title","$v":"Voeg video's toe om aan de slag te gaan"},{"$i":"empty-text","$v":"Geen video's beschikbaar."},{"$i":"empty-content","$v":"Video is leeg. Gebruik camera om aan de slag te gaan."},{"$i":"search-title","$v":"Zoeken naar video's..."},{"$i":"search-content","$v":"Zoeken naar video's..."},{"$i":"nocard2-title","$v":"Geen geheugenkaart gevonden"},{"$i":"nocard3-text","$v":"Geheugenkaart is niet gevonden. Plaats een geheugenkaart om video's te kunnen maken."},{"$i":"pluggedin-title","$v":"Video kan niet worden bekeken als de stekker van de telefoon is ingeplugd"},{"$i":"pluggedin-text","$v":"Opslag is op dit moment in gebruik. Koppel de telefoon los om video's te kunnen maken."},{"$i":"upgrade-title","$v":"Database-upgrade"},{"$i":"upgrade-text","$v":"Een ogenblik geduld totdat Video de database heeft bijgewerkt."},{"$i":"confirm-delete","$v":"Weet u zeker dat u het volgende wilt verwijderen:"},{"$i":"pick-title","$v":"Een video selecteren"},{"$i":"save","$v":"Opslaan"},{"$i":"saved","$v":"opgeslagen in Videobibliotheek."},{"$i":"save-failed","$v":"Kan video niet opslaan, probeer het opnieuw."},{"$i":"error-network","$v":"De video kon niet worden gedownload door een netwerkfout."},{"$i":"error-unsupported","$v":"Video kan niet worden afgespeeld: door een fout aan de server of het netwerk of omdat de indeling niet wordt ondersteund."},{"$i":"error-unknown","$v":"Er is een onbekende videofout opgetreden."},{"$i":"video-hardware-in-use-title","$v":"Video kan niet worden afgespeeld"},{"$i":"video-hardware-in-use-text","$v":"De videospeler is momenteel in gebruik door een andere app."},{"$i":"overlay-cancel-button","$v":"Annuleren"},{"$i":"overlay-camera-button","$v":"Ga naar Camera"},{"$i":"sd-storage-full-header","$v":"SD-kaart vol"},{"$i":"sd-storage-full-content","$v":"Verwijder bestanden van de SD-kaart om geheugen vrij te maken."},{"$i":"phone-storage-full-header","$v":"Telefoonopslag vol"},{"$i":"phone-storage-full-content","$v":"Verwijder mediabestanden of app-gegevens om geheugen vrij te maken. U kunt ook een SD-kaart plaatsen om de media-opslag uit te breiden."},{"$i":"name-label","$v":"Naam"},{"$i":"length-label","$v":"Lengte"},{"$i":"size-label","$v":"Grootte"},{"$i":"video-type-label","$v":"Videotype"},{"$i":"date-taken-label","$v":"Gemaakt op"},{"$i":"resolution-label","$v":"Resolutie"},{"$i":"close-button","$v":"Sluiten"},{"$i":"byteUnit-B","$v":"Bytes"},{"$i":"byteUnit-KB","$v":"KB"},{"$i":"byteUnit-MB","$v":"MB"},{"$i":"byteUnit-GB","$v":"GB"},{"$i":"byteUnit-TB","$v":"TB"},{"$i":"byteUnit-PB","$v":"PB"},{"$i":"byteUnit-EB","$v":"EB"},{"$i":"byteUnit-ZB","$v":"ZB"},{"$i":"byteUnit-YB","$v":"YB"},{"$i":"date-group-header","$v":"%B %Y"},{"$i":"share","$v":"Delen"},{"$i":"more-info","$v":"Meer info"},{"$i":"delete","$v":"Verwijderen"},{"$i":"video-button","ariaLabel":"Video"},{"$i":"select-button","ariaLabel":"Selecteer"},{"$i":"delete-button","ariaLabel":"Verwijderen"},{"$i":"share-button","ariaLabel":"Delen"},{"$i":"info-view","ariaLabel":"Informatie"},{"$i":"options-view","ariaLabel":"Opties"},{"$i":"confirm-dialog","ariaLabel":"Bevestigen"},{"$i":"videos-list","ariaLabel":"Video's"},{"$i":"options-more","ariaLabel":"Meer"},{"$i":"seek-backward","ariaLabel":"Naar achteren zoeken"},{"$i":"seek-bar","ariaLabel":["Zoekbalk, duur ",{"t":"idOrVar","v":"duration"}]},{"$i":"seek-forward","ariaLabel":"Naar voren zoeken"},{"$i":"play-button","ariaLabel":"Afspelen"},{"$i":"pause-button","ariaLabel":"Pauzeren"},{"$i":"fullscreen-button","ariaLabel":"Volledig scherm"},{"$i":"show-controls-button","ariaLabel":"Bediening weergeven"},{"$i":"hide-controls-button","ariaLabel":"Bediening verbergen"},{"$i":"confirmation-title","$v":"Bevestiging"},{"$i":"n-video-deleted","$v":{"zero":"Niets geselecteerd","one":"Video verwijderd","few":[{"t":"idOrVar","v":"n"}," video's verwijderd"],"many":[{"t":"idOrVar","v":"n"}," video's verwijderd"],"other":[{"t":"idOrVar","v":"n"}," video's verwijderd"],"two":[{"t":"idOrVar","v":"n"}," video's verwijderd"]},"$x":[{"t":"idOrVar","v":"plural"},"n"]},{"$i":"rename-saved","$v":"Wijzigingen opgeslagen"},{"$i":"confirm-video","$v":"Video"},{"$i":"confirm-ok","$v":"OK"},{"$i":"options-header","$v":"Opties"},{"$i":"video-invalid-name","$v":"Ongeldige naam"},{"$i":"name-already-exists","$v":"Deze naam bestaat al"},{"$i":"override-warning-msg","$v":"Wilt u het bestaande bestand negeren?"},{"$i":"override","$v":"Negeren"},{"$i":"opt-takevideo","$v":"Camera"},{"$i":"select","$v":"Selecteer"},{"$i":"opt-deselect","$v":"Deselecteren"},{"$i":"opt-delete","$v":"Verwijderen"},{"$i":"opt-rename","$v":"Naam wijzigen"},{"$i":"opt-selectmultiple","$v":"Meerdere selecteren"},{"$i":"opt-fileinfo","$v":"Bestandsgegevens"},{"$i":"opt-selectall","$v":"Alle"},{"$i":"opt-deselectall","$v":"Geen"},{"$i":"opt-fullscreen","$v":"Volledig scherm"},{"$i":"opt-play","$v":"Afspelen"},{"$i":"opt-pause","$v":"Pauzeren"},{"$i":"opt-volume","$v":"Volume"},{"$i":"opt-rotate","$v":"Draaien"},{"$i":"opt-cancel","$v":"Annuleren"},{"$i":"opt-settings","$v":"Instellingen"},{"$i":"weekday-0-long","$v":"zondag"},{"$i":"weekday-1-long","$v":"maandag"},{"$i":"weekday-2-long","$v":"dinsdag"},{"$i":"weekday-3-long","$v":"woensdag"},{"$i":"weekday-4-long","$v":"donderdag"},{"$i":"weekday-5-long","$v":"vrijdag"},{"$i":"weekday-6-long","$v":"zaterdag"},{"$i":"weekday-0-short","$v":"Zon"},{"$i":"weekday-1-short","$v":"Maa"},{"$i":"weekday-2-short","$v":"Din"},{"$i":"weekday-3-short","$v":"Woe"},{"$i":"weekday-4-short","$v":"Don"},{"$i":"weekday-5-short","$v":"Vrij"},{"$i":"weekday-6-short","$v":"Zat"},{"$i":"month-0-long","$v":"januari"},{"$i":"month-1-long","$v":"februari"},{"$i":"month-2-long","$v":"maart"},{"$i":"month-3-long","$v":"april"},{"$i":"month-4-long","$v":"mei"},{"$i":"month-5-long","$v":"juni"},{"$i":"month-6-long","$v":"juli"},{"$i":"month-7-long","$v":"augustus"},{"$i":"month-8-long","$v":"september"},{"$i":"month-9-long","$v":"oktober"},{"$i":"month-10-long","$v":"november"},{"$i":"month-11-long","$v":"december"},{"$i":"month-0-genitive","$v":"januari"},{"$i":"month-1-genitive","$v":"februari"},{"$i":"month-2-genitive","$v":"maart"},{"$i":"month-3-genitive","$v":"april"},{"$i":"month-4-genitive","$v":"mei"},{"$i":"month-5-genitive","$v":"juni"},{"$i":"month-6-genitive","$v":"juli"},{"$i":"month-7-genitive","$v":"augustus"},{"$i":"month-8-genitive","$v":"september"},{"$i":"month-9-genitive","$v":"oktober"},{"$i":"month-10-genitive","$v":"november"},{"$i":"month-11-genitive","$v":"december"},{"$i":"month-0-short","$v":"Jan"},{"$i":"month-1-short","$v":"Feb"},{"$i":"month-2-short","$v":"Maa"},{"$i":"month-3-short","$v":"Apr"},{"$i":"month-4-short","$v":"mei"},{"$i":"month-5-short","$v":"Jun"},{"$i":"month-6-short","$v":"Jul"},{"$i":"month-7-short","$v":"Aug"},{"$i":"month-8-short","$v":"Sep"},{"$i":"month-9-short","$v":"Okt"},{"$i":"month-10-short","$v":"Nov"},{"$i":"month-11-short","$v":"Dec"},{"$i":"minutes-ago-long","$v":{"few":[{"t":"idOrVar","v":"value"}," minuten geleden"],"many":[{"t":"idOrVar","v":"value"}," minuten geleden"],"other":[{"t":"idOrVar","v":"value"}," minuten geleden"],"two":[{"t":"idOrVar","v":"value"}," minuten geleden"],"one":"een minuut geleden","zero":"Zojuist"},"$x":[{"t":"idOrVar","v":"plural"},"value"]},{"$i":"hours-ago-long","$v":{"few":[{"t":"idOrVar","v":"value"}," uur geleden"],"many":[{"t":"idOrVar","v":"value"}," uur geleden"],"other":[{"t":"idOrVar","v":"value"}," uur geleden"],"two":[{"t":"idOrVar","v":"value"}," uur geleden"],"one":"een uur geleden","zero":"Zojuist"},"$x":[{"t":"idOrVar","v":"plural"},"value"]},{"$i":"days-ago-long","$v":{"few":[{"t":"idOrVar","v":"value"}," dagen geleden"],"many":[{"t":"idOrVar","v":"value"}," dagen geleden"],"one":"gisteren","other":[{"t":"idOrVar","v":"value"}," dagen geleden"],"two":[{"t":"idOrVar","v":"value"}," dagen geleden"],"zero":"vandaag"},"$x":[{"t":"idOrVar","v":"plural"},"value"]},{"$i":"weeks-ago-long","$v":{"few":[{"t":"idOrVar","v":"value"}," weken geleden"],"many":[{"t":"idOrVar","v":"value"}," weken geleden"],"one":"vorige week","other":[{"t":"idOrVar","v":"value"}," weken geleden"],"two":[{"t":"idOrVar","v":"value"}," weken geleden"],"zero":"deze week"},"$x":[{"t":"idOrVar","v":"plural"},"value"]},{"$i":"months-ago-long","$v":{"few":[{"t":"idOrVar","v":"value"}," maanden geleden"],"many":[{"t":"idOrVar","v":"value"}," maanden geleden"],"one":"vorige maand","other":[{"t":"idOrVar","v":"value"}," maanden geleden"],"two":[{"t":"idOrVar","v":"value"}," maanden geleden"],"zero":"deze maand"},"$x":[{"t":"idOrVar","v":"plural"},"value"]},{"$i":"years-ago-long","$v":{"few":[{"t":"idOrVar","v":"value"}," jaar geleden"],"many":[{"t":"idOrVar","v":"value"}," jaar geleden"],"one":"vorig jaar","other":[{"t":"idOrVar","v":"value"}," jaar geleden"],"two":[{"t":"idOrVar","v":"value"}," jaar geleden"],"zero":"dit jaar"},"$x":[{"t":"idOrVar","v":"plural"},"value"]},{"$i":"minutes-until-long","$v":{"few":["over ",{"t":"idOrVar","v":"value"}," minuten"],"many":["over ",{"t":"idOrVar","v":"value"}," minuten"],"other":["over ",{"t":"idOrVar","v":"value"}," minuten"],"two":["over ",{"t":"idOrVar","v":"value"}," minuten"],"zero":"nu","one":"over een minuut"},"$x":[{"t":"idOrVar","v":"plural"},"value"]},{"$i":"hours-until-long","$v":{"few":["over ",{"t":"idOrVar","v":"value"}," uur"],"many":["over ",{"t":"idOrVar","v":"value"}," uur"],"other":["over ",{"t":"idOrVar","v":"value"}," uur"],"two":["over ",{"t":"idOrVar","v":"value"}," uur"],"zero":"nu","one":"over een uur"},"$x":[{"t":"idOrVar","v":"plural"},"value"]},{"$i":"days-until-long","$v":{"few":["over ",{"t":"idOrVar","v":"value"}," dagen"],"many":["over ",{"t":"idOrVar","v":"value"}," dagen"],"one":"morgen","other":["over ",{"t":"idOrVar","v":"value"}," dagen"],"two":["over ",{"t":"idOrVar","v":"value"}," dagen"],"zero":"vandaag"},"$x":[{"t":"idOrVar","v":"plural"},"value"]},{"$i":"weeks-until-long","$v":{"few":["over ",{"t":"idOrVar","v":"value"}," weken"],"many":["over ",{"t":"idOrVar","v":"value"}," weken"],"one":"volgende week","other":["over ",{"t":"idOrVar","v":"value"}," weken"],"two":["over ",{"t":"idOrVar","v":"value"}," weken"],"zero":"deze week"},"$x":[{"t":"idOrVar","v":"plural"},"value"]},{"$i":"months-until-long","$v":{"few":["over ",{"t":"idOrVar","v":"value"}," maanden"],"many":["over ",{"t":"idOrVar","v":"value"}," maanden"],"one":"volgende maand","other":["over ",{"t":"idOrVar","v":"value"}," maanden"],"two":["over ",{"t":"idOrVar","v":"value"}," maanden"],"zero":"deze maand"},"$x":[{"t":"idOrVar","v":"plural"},"value"]},{"$i":"years-until-long","$v":{"few":["over ",{"t":"idOrVar","v":"value"}," jaar"],"many":["over ",{"t":"idOrVar","v":"value"}," jaar"],"one":"volgend jaar","other":["over ",{"t":"idOrVar","v":"value"}," jaar"],"two":["over ",{"t":"idOrVar","v":"value"}," jaar"],"zero":"dit jaar"},"$x":[{"t":"idOrVar","v":"plural"},"value"]},{"$i":"minutes-ago-short","$v":{"other":[{"t":"idOrVar","v":"value"},"m geleden"],"zero":"Zojuist"},"$x":[{"t":"idOrVar","v":"plural"},"value"]},{"$i":"hours-ago-short","$v":{"other":[{"t":"idOrVar","v":"value"},"u geleden"],"zero":"Zojuist"},"$x":[{"t":"idOrVar","v":"plural"},"value"]},{"$i":"days-ago-short","$v":{"other":[{"t":"idOrVar","v":"value"},"d geleden"],"zero":"vandaag"},"$x":[{"t":"idOrVar","v":"plural"},"value"]},{"$i":"minutes-until-short","$v":{"other":["over ",{"t":"idOrVar","v":"value"},"m"],"zero":"nu"},"$x":[{"t":"idOrVar","v":"plural"},"value"]},{"$i":"hours-until-short","$v":{"other":["over ",{"t":"idOrVar","v":"value"},"u"],"zero":"nu"},"$x":[{"t":"idOrVar","v":"plural"},"value"]},{"$i":"days-until-short","$v":{"other":["over ",{"t":"idOrVar","v":"value"},"d"],"zero":"vandaag"},"$x":[{"t":"idOrVar","v":"plural"},"value"]},{"$i":"incorrectDate","$v":"(onjuiste datum)"},{"$i":"dateTimeFormat_%c","$v":"%a %b %e %Y %I:%M:%S %p"},{"$i":"dateTimeFormat_%x","$v":"%m/%d/%Y"},{"$i":"dateTimeFormat_%X","$v":"%I:%M:%S %p"},{"$i":"shortTimeFormat","$v":"%I:%M %p"},{"$i":"shortTimeFormat12","$v":"%I:%M %p"},{"$i":"shortTimeFormat24","$v":"%H:%M"},{"$i":"shortDateTimeFormat","$v":"%x %I:%M %p"},{"$i":"weekStartsOnMonday","$v":"0.0"},{"$i":"firstDayOfTheWeek","$v":"1.0"},{"$i":"time_am","$v":"AM"},{"$i":"time_pm","$v":"PM"},{"$i":"softkey-options","$v":"Opties"}]