[{"$i":"done","$v":"Gotowe"},{"$i":"number-selected2","$v":{"few":["Wybrano ",{"t":"idOrVar","v":"n"}],"many":["Wybrano ",{"t":"idOrVar","v":"n"}],"one":["Wybrano ",{"t":"idOrVar","v":"n"}],"other":["Wybrano ",{"t":"idOrVar","v":"n"}],"two":["Wybrano ",{"t":"idOrVar","v":"n"}],"zero":["Wybrano ",{"t":"idOrVar","v":"n"}]},"$x":[{"t":"idOrVar","v":"plural"},"n"]},{"$i":"delete-n-items?","$v":{"few":["Usunąć filmy wideo (",{"t":"idOrVar","v":"n"},")?"],"many":["Usunąć filmy wideo (",{"t":"idOrVar","v":"n"},")?"],"one":"Usunąć wybrany film wideo?","other":["Usunąć filmy wideo (",{"t":"idOrVar","v":"n"},")?"],"two":["Usunąć filmy wideo (",{"t":"idOrVar","v":"n"},")?"],"zero":"Niczego nie zaznaczono"},"$x":[{"t":"idOrVar","v":"plural"},"n"]},{"$i":"not-load-video-time","$v":"--:--"},{"$i":"video-time-num","$v":["0",{"t":"idOrVar","v":"num"}]},{"$i":"video-time-minute","$v":[{"t":"idOrVar","v":"owe"},{"t":"idOrVar","v":"m"},":",{"t":"idOrVar","v":"s"}]},{"$i":"video-time-hour","$v":[{"t":"idOrVar","v":"owe"},{"t":"idOrVar","v":"h"},":",{"t":"idOrVar","v":"m"},":",{"t":"idOrVar","v":"s"}]},{"$i":"share-noprovider","$v":"Spróbuj udostępniać jeden film wideo jednocześnie."},{"$i":"videos","$v":"Wideo"},{"$i":"cancel","$v":"Anuluj"},{"$i":"delete-video?","$v":"Usunąć wybrany film wideo?"},{"$i":"empty-title","$v":"Dodaj filmy wideo, aby rozpocząć"},{"$i":"empty-text","$v":"Brak dostępnych filmów wideo."},{"$i":"empty-content","$v":"Plik wideo jest pusty. Użyj kamery, aby rozpocząć."},{"$i":"search-title","$v":"Skanowanie w poszukiwaniu filmów..."},{"$i":"search-content","$v":"Skanowanie w poszukiwaniu filmów..."},{"$i":"nocard2-title","$v":"Brak karty pamięci"},{"$i":"nocard3-text","$v":"Nie znaleziono karty pamięci. Włóż kartę pamięci, aby móc nagrywać filmy wideo."},{"$i":"pluggedin-title","$v":"Nie można odtwarzać filmów wideo, gdy urządzenie jest podłączone"},{"$i":"pluggedin-text","$v":"Pamięć jest aktualnie w użyciu. Odłącz telefon, aby móc nagrywać filmy."},{"$i":"upgrade-title","$v":"Aktualizacja bazy danych"},{"$i":"upgrade-text","$v":"Zaczekaj na aktualizację bazy danych biblioteki wideo."},{"$i":"confirm-delete","$v":"Czy na pewno chcesz usunąć:"},{"$i":"pick-title","$v":"Wybierz film wideo"},{"$i":"save","$v":"Zapisz"},{"$i":"saved","$v":"zapisano w bibliotece wideo."},{"$i":"save-failed","$v":"Nie udało się zapisać pliku wideo, spróbuj ponownie."},{"$i":"error-network","$v":"Nie można pobrać filmu wideo ze względu na błąd sieci."},{"$i":"error-unsupported","$v":"Nie można odtworzyć filmu wideo: wystąpił błąd serwera lub sieci albo format nie jest obsługiwany."},{"$i":"error-unknown","$v":"Wystąpił nieznany błąd filmu wideo."},{"$i":"video-hardware-in-use-title","$v":"Nie można odtworzyć filmu wideo"},{"$i":"video-hardware-in-use-text","$v":"Inna aplikacja aktualnie używa odtwarzacza wideo."},{"$i":"overlay-cancel-button","$v":"Anuluj"},{"$i":"overlay-camera-button","$v":"Przejdź do aparatu"},{"$i":"sd-storage-full-header","$v":"Karta SD jest pełna"},{"$i":"sd-storage-full-content","$v":"Aby zwolnić miejsce, usuń pliki znajdujące się na karcie SD."},{"$i":"phone-storage-full-header","$v":"Pamięć telefonu jest pełna"},{"$i":"phone-storage-full-content","$v":"Aby zwolnić miejsce, usuń pliki multimedialne lub dane aplikacji. Możesz również zwiększyć ilość pamięci, wkładając kartę SD."},{"$i":"name-label","$v":"Nazwa"},{"$i":"length-label","$v":"Długość"},{"$i":"size-label","$v":"Rozmiar"},{"$i":"video-type-label","$v":"Typ wideo"},{"$i":"date-taken-label","$v":"Data zapisu"},{"$i":"resolution-label","$v":"Rozdzielczość"},{"$i":"close-button","$v":"Zamknij"},{"$i":"byteUnit-B","$v":"B"},{"$i":"byteUnit-KB","$v":"KB"},{"$i":"byteUnit-MB","$v":"MB"},{"$i":"byteUnit-GB","$v":"GB"},{"$i":"byteUnit-TB","$v":"TB"},{"$i":"byteUnit-PB","$v":"PB"},{"$i":"byteUnit-EB","$v":"EB"},{"$i":"byteUnit-ZB","$v":"ZB"},{"$i":"byteUnit-YB","$v":"YB"},{"$i":"date-group-header","$v":"%B %Y"},{"$i":"share","$v":"Udostępnij"},{"$i":"more-info","$v":"Więcej informacji"},{"$i":"delete","$v":"Usuń"},{"$i":"video-button","ariaLabel":"Wideo"},{"$i":"select-button","ariaLabel":"Wybierz"},{"$i":"delete-button","ariaLabel":"Usuń"},{"$i":"share-button","ariaLabel":"Udostępnij"},{"$i":"info-view","ariaLabel":"Informacje"},{"$i":"options-view","ariaLabel":"Opcje"},{"$i":"confirm-dialog","ariaLabel":"Potwierdź"},{"$i":"videos-list","ariaLabel":"Wideo"},{"$i":"options-more","ariaLabel":"Więcej"},{"$i":"seek-backward","ariaLabel":"Szukaj do tyłu"},{"$i":"seek-bar","ariaLabel":["Pasek wyszukiwania, czas trwania ",{"t":"idOrVar","v":"duration"}]},{"$i":"seek-forward","ariaLabel":"Szukaj do przodu"},{"$i":"play-button","ariaLabel":"Odtwórz"},{"$i":"pause-button","ariaLabel":"Wstrzymaj"},{"$i":"fullscreen-button","ariaLabel":"Pełny ekran"},{"$i":"show-controls-button","ariaLabel":"Pokaż elementy sterowania"},{"$i":"hide-controls-button","ariaLabel":"Ukryj elementy sterowania"},{"$i":"confirmation-title","$v":"Potwierdzenie"},{"$i":"n-video-deleted","$v":{"zero":"Niczego nie zaznaczono","one":"Usunięto film wideo","few":["Usunięto filmy wideo (",{"t":"idOrVar","v":"n"},")"],"many":["Usunięto filmy wideo (",{"t":"idOrVar","v":"n"},")"],"other":["Usunięto filmy wideo (",{"t":"idOrVar","v":"n"},")"],"two":["Usunięto filmy wideo (",{"t":"idOrVar","v":"n"},")"]},"$x":[{"t":"idOrVar","v":"plural"},"n"]},{"$i":"rename-saved","$v":"Zapisano zmiany"},{"$i":"confirm-video","$v":"Wideo"},{"$i":"confirm-ok","$v":"OK"},{"$i":"options-header","$v":"Opcje"},{"$i":"video-invalid-name","$v":"Nieprawidłowa nazwa"},{"$i":"name-already-exists","$v":"Ta nazwa już istnieje"},{"$i":"override-warning-msg","$v":"Czy chcesz nadpisać istniejący plik?"},{"$i":"override","$v":"Nadpisz"},{"$i":"opt-takevideo","$v":"Nagraj"},{"$i":"select","$v":"Wybierz"},{"$i":"opt-deselect","$v":"Odznacz"},{"$i":"opt-delete","$v":"Usuń"},{"$i":"opt-rename","$v":"Zmień nazwę"},{"$i":"opt-selectmultiple","$v":"Zaznacz kilka"},{"$i":"opt-fileinfo","$v":"Informacje o pliku"},{"$i":"opt-selectall","$v":"Wszystko"},{"$i":"opt-deselectall","$v":"Brak"},{"$i":"opt-fullscreen","$v":"Cały ekren"},{"$i":"opt-play","$v":"Odtwórz"},{"$i":"opt-pause","$v":"Wstrzymaj"},{"$i":"opt-volume","$v":"Głośność"},{"$i":"opt-rotate","$v":"Obróć"},{"$i":"opt-cancel","$v":"Anuluj"},{"$i":"opt-settings","$v":"Ustawienia"},{"$i":"weekday-0-long","$v":"Niedziela"},{"$i":"weekday-1-long","$v":"Poniedziałek"},{"$i":"weekday-2-long","$v":"Wtorek"},{"$i":"weekday-3-long","$v":"Środa"},{"$i":"weekday-4-long","$v":"Czwartek"},{"$i":"weekday-5-long","$v":"Piątek"},{"$i":"weekday-6-long","$v":"Sobota"},{"$i":"weekday-0-short","$v":"Nd"},{"$i":"weekday-1-short","$v":"Pn"},{"$i":"weekday-2-short","$v":"Wt"},{"$i":"weekday-3-short","$v":"Śr"},{"$i":"weekday-4-short","$v":"Czw"},{"$i":"weekday-5-short","$v":"Pt"},{"$i":"weekday-6-short","$v":"Sob"},{"$i":"month-0-long","$v":"Styczeń"},{"$i":"month-1-long","$v":"Luty"},{"$i":"month-2-long","$v":"Marzec"},{"$i":"month-3-long","$v":"Kwiecień"},{"$i":"month-4-long","$v":"Maj"},{"$i":"month-5-long","$v":"Czerwiec"},{"$i":"month-6-long","$v":"Lipiec"},{"$i":"month-7-long","$v":"Sierpień"},{"$i":"month-8-long","$v":"Wrzesień"},{"$i":"month-9-long","$v":"Październik"},{"$i":"month-10-long","$v":"Listopad"},{"$i":"month-11-long","$v":"Grudzień"},{"$i":"month-0-genitive","$v":"Styczeń"},{"$i":"month-1-genitive","$v":"Luty"},{"$i":"month-2-genitive","$v":"Marzec"},{"$i":"month-3-genitive","$v":"Kwiecień"},{"$i":"month-4-genitive","$v":"Maj"},{"$i":"month-5-genitive","$v":"Czerwiec"},{"$i":"month-6-genitive","$v":"Lipiec"},{"$i":"month-7-genitive","$v":"Sierpień"},{"$i":"month-8-genitive","$v":"Wrzesień"},{"$i":"month-9-genitive","$v":"Październik"},{"$i":"month-10-genitive","$v":"Listopad"},{"$i":"month-11-genitive","$v":"Grudzień"},{"$i":"month-0-short","$v":"Sty"},{"$i":"month-1-short","$v":"Lut"},{"$i":"month-2-short","$v":"Mar"},{"$i":"month-3-short","$v":"Kwi"},{"$i":"month-4-short","$v":"Maj"},{"$i":"month-5-short","$v":"Cze"},{"$i":"month-6-short","$v":"Lip"},{"$i":"month-7-short","$v":"Sie"},{"$i":"month-8-short","$v":"Wrz"},{"$i":"month-9-short","$v":"Paź"},{"$i":"month-10-short","$v":"Lis"},{"$i":"month-11-short","$v":"Gru"},{"$i":"minutes-ago-long","$v":{"few":[{"t":"idOrVar","v":"value"}," minut(y) temu"],"many":[{"t":"idOrVar","v":"value"}," minut(y) temu"],"other":[{"t":"idOrVar","v":"value"}," minut"],"two":[{"t":"idOrVar","v":"value"}," minut(y) temu"],"one":"minutę temu","zero":"Przed chwilą"},"$x":[{"t":"idOrVar","v":"plural"},"value"]},{"$i":"hours-ago-long","$v":{"few":[{"t":"idOrVar","v":"value"}," godzin(y) temu"],"many":[{"t":"idOrVar","v":"value"}," godzin(y) temu"],"other":[{"t":"idOrVar","v":"value"}," godzin(y) temu"],"two":[{"t":"idOrVar","v":"value"}," godzin(y) temu"],"one":"godzinę temu","zero":"Przed chwilą"},"$x":[{"t":"idOrVar","v":"plural"},"value"]},{"$i":"days-ago-long","$v":{"few":[{"t":"idOrVar","v":"value"}," dni temu"],"many":[{"t":"idOrVar","v":"value"}," dni temu"],"one":"wczoraj","other":[{"t":"idOrVar","v":"value"}," dni temu"],"two":[{"t":"idOrVar","v":"value"}," dni temu"],"zero":"dzisiaj"},"$x":[{"t":"idOrVar","v":"plural"},"value"]},{"$i":"weeks-ago-long","$v":{"few":[{"t":"idOrVar","v":"value"}," tygodni(e) temu"],"many":[{"t":"idOrVar","v":"value"}," tygodni(e) temu"],"one":"w zeszłym tygodniu","other":[{"t":"idOrVar","v":"value"}," tygodni(e) temu"],"two":[{"t":"idOrVar","v":"value"}," tygodni(e) temu"],"zero":"w tym tygodniu"},"$x":[{"t":"idOrVar","v":"plural"},"value"]},{"$i":"months-ago-long","$v":{"few":[{"t":"idOrVar","v":"value"}," miesiące/miesięcy temu"],"many":[{"t":"idOrVar","v":"value"}," miesiące/miesięcy temu"],"one":"w zeszłym miesiącu","other":[{"t":"idOrVar","v":"value"}," miesiące/miesięcy temu"],"two":[{"t":"idOrVar","v":"value"}," miesiące/miesięcy temu"],"zero":"w tym miesiącu"},"$x":[{"t":"idOrVar","v":"plural"},"value"]},{"$i":"years-ago-long","$v":{"few":[{"t":"idOrVar","v":"value"}," lat(a) temu"],"many":[{"t":"idOrVar","v":"value"}," lat(a) temu"],"one":"w zeszłym roku","other":[{"t":"idOrVar","v":"value"}," lat(a) temu"],"two":[{"t":"idOrVar","v":"value"}," lat(a) temu"],"zero":"w tym roku"},"$x":[{"t":"idOrVar","v":"plural"},"value"]},{"$i":"minutes-until-long","$v":{"few":["za ",{"t":"idOrVar","v":"value"}," minut(y)"],"many":["za ",{"t":"idOrVar","v":"value"}," minut(y)"],"other":["za ",{"t":"idOrVar","v":"value"}," minut"],"two":["za ",{"t":"idOrVar","v":"value"}," minut(y)"],"zero":"teraz","one":"za minutę"},"$x":[{"t":"idOrVar","v":"plural"},"value"]},{"$i":"hours-until-long","$v":{"few":["za ",{"t":"idOrVar","v":"value"}," godzin(y)"],"many":["za ",{"t":"idOrVar","v":"value"}," godzin(y)"],"other":["za ",{"t":"idOrVar","v":"value"}," godzin"],"two":["za ",{"t":"idOrVar","v":"value"}," godzin(y)"],"zero":"teraz","one":"za godzinę"},"$x":[{"t":"idOrVar","v":"plural"},"value"]},{"$i":"days-until-long","$v":{"few":["za ",{"t":"idOrVar","v":"value"}," dni"],"many":["za ",{"t":"idOrVar","v":"value"}," dni"],"one":"jutro","other":["za ",{"t":"idOrVar","v":"value"}," dni"],"two":["za ",{"t":"idOrVar","v":"value"}," dni"],"zero":"dzisiaj"},"$x":[{"t":"idOrVar","v":"plural"},"value"]},{"$i":"weeks-until-long","$v":{"few":["za ",{"t":"idOrVar","v":"value"}," tygodni(e)"],"many":["za ",{"t":"idOrVar","v":"value"}," tygodni(e)"],"one":"w następnym tygodniu","other":["za ",{"t":"idOrVar","v":"value"}," tygodni(e)"],"two":["za ",{"t":"idOrVar","v":"value"}," tygodni(e)"],"zero":"w tym tygodniu"},"$x":[{"t":"idOrVar","v":"plural"},"value"]},{"$i":"months-until-long","$v":{"few":["za ",{"t":"idOrVar","v":"value"}," miesiące/miesięcy"],"many":["za ",{"t":"idOrVar","v":"value"}," miesiące/miesięcy"],"one":"w następnym miesiącu","other":["za ",{"t":"idOrVar","v":"value"}," miesiące/miesięcy"],"two":["za ",{"t":"idOrVar","v":"value"}," miesiące/miesięcy"],"zero":"w tym miesiącu"},"$x":[{"t":"idOrVar","v":"plural"},"value"]},{"$i":"years-until-long","$v":{"few":["za ",{"t":"idOrVar","v":"value"}," lat(a)"],"many":["za ",{"t":"idOrVar","v":"value"}," lat(a)"],"one":"w następnym roku","other":["za ",{"t":"idOrVar","v":"value"}," lat(a)"],"two":["za ",{"t":"idOrVar","v":"value"}," lat(a)"],"zero":"w tym roku"},"$x":[{"t":"idOrVar","v":"plural"},"value"]},{"$i":"minutes-ago-short","$v":{"other":[{"t":"idOrVar","v":"value"}," m temu"],"zero":"Przed chwilą"},"$x":[{"t":"idOrVar","v":"plural"},"value"]},{"$i":"hours-ago-short","$v":{"other":[{"t":"idOrVar","v":"value"}," g temu"],"zero":"Przed chwilą"},"$x":[{"t":"idOrVar","v":"plural"},"value"]},{"$i":"days-ago-short","$v":{"other":[{"t":"idOrVar","v":"value"}," d temu"],"zero":"dzisiaj"},"$x":[{"t":"idOrVar","v":"plural"},"value"]},{"$i":"minutes-until-short","$v":{"other":["za ",{"t":"idOrVar","v":"value"}," m"],"zero":"teraz"},"$x":[{"t":"idOrVar","v":"plural"},"value"]},{"$i":"hours-until-short","$v":{"other":["za ",{"t":"idOrVar","v":"value"}," g"],"zero":"teraz"},"$x":[{"t":"idOrVar","v":"plural"},"value"]},{"$i":"days-until-short","$v":{"other":["za ",{"t":"idOrVar","v":"value"}," d"],"zero":"dzisiaj"},"$x":[{"t":"idOrVar","v":"plural"},"value"]},{"$i":"incorrectDate","$v":"(nieprawidłowa data)"},{"$i":"dateTimeFormat_%c","$v":"%a %b %e %Y %I:%M:%S %p"},{"$i":"dateTimeFormat_%x","$v":"%m/%d/%Y"},{"$i":"dateTimeFormat_%X","$v":"%I:%M:%S %p"},{"$i":"shortTimeFormat","$v":"%I:%M %p"},{"$i":"shortTimeFormat12","$v":"%I:%M %p"},{"$i":"shortTimeFormat24","$v":"%H:%M"},{"$i":"shortDateTimeFormat","$v":"%x %I:%M %p"},{"$i":"weekStartsOnMonday","$v":"0.0"},{"$i":"firstDayOfTheWeek","$v":"1.0"},{"$i":"time_am","$v":"AM"},{"$i":"time_pm","$v":"PM"},{"$i":"softkey-options","$v":"Opcje"}]