[{"$i":"done","$v":"وشو"},{"$i":"number-selected2","$v":{"few":[{"t":"idOrVar","v":"n"}," انتخاب شو"],"many":[{"t":"idOrVar","v":"n"}," انتخاب شو"],"one":[{"t":"idOrVar","v":"n"}," انتخاب شو"],"other":[{"t":"idOrVar","v":"n"}," انتخاب شو"],"two":[{"t":"idOrVar","v":"n"}," انتخاب شو"],"zero":[{"t":"idOrVar","v":"n"}," انتخاب شو"]},"$x":[{"t":"idOrVar","v":"plural"},"n"]},{"$i":"delete-n-items?","$v":{"few":[{"t":"idOrVar","v":"n"}," ویډیو لري کړئ؟"],"many":[{"t":"idOrVar","v":"n"}," ویډیو لري کړئ؟"],"one":"انتخاب شوې ویډی","other":[{"t":"idOrVar","v":"n"}," ویډیو لري کړئ؟"],"two":[{"t":"idOrVar","v":"n"}," ویډیو لري کړئ؟"],"zero":"هیڅ انتخاب شوي ندي"},"$x":[{"t":"idOrVar","v":"plural"},"n"]},{"$i":"not-load-video-time","$v":"--:--"},{"$i":"video-time-num","$v":["0",{"t":"idOrVar","v":"num"}]},{"$i":"video-time-minute","$v":[{"t":"idOrVar","v":"owe"},{"t":"idOrVar","v":"m"},":",{"t":"idOrVar","v":"s"}]},{"$i":"video-time-hour","$v":[{"t":"idOrVar","v":"owe"},{"t":"idOrVar","v":"h"},":",{"t":"idOrVar","v":"m"},":",{"t":"idOrVar","v":"s"}]},{"$i":"share-noprovider","$v":"هڅه وکړئ په یو وخت کې یوه ویډیو شریکه کړئ."},{"$i":"videos","$v":"ویډیوګانې"},{"$i":"cancel","$v":"کول"},{"$i":"delete-video?","$v":"انتخاب شوې ویډی"},{"$i":"empty-title","$v":"د پیل لپاره ویډیو زیاتي کړئ"},{"$i":"empty-text","$v":"ويډیوګانې شتون نلري"},{"$i":"empty-content","$v":"ويډيو خالي ده. د پيل کولو لپاره کامره ولګوئ."},{"$i":"search-title","$v":"سکین کول"},{"$i":"search-content","$v":"سکین کول"},{"$i":"nocard2-title","$v":"میموري کارډ پیدا نشو"},{"$i":"nocard3-text","$v":"میموري کارډ پیدا نه شو. مهرباني وکړئ د ویډیو کولو لپاره میموري کارډ داخل کړئ."},{"$i":"pluggedin-title","$v":"د چارج په حالت کې ویډویو نه چالانیږي."},{"$i":"pluggedin-text","$v":"ذخیره اوس مهال مصروفه ده. مهرباني وکړئ د انځور د اخیستلو لپاره ټیلیفون د جارچ څخه وباسئ."},{"$i":"upgrade-title","$v":"د ډیټابیس نوی کول"},{"$i":"upgrade-text","$v":"مهرباني وکړئ ترڅو ویډیو خپل ډیټابیس آپډیټ کړي."},{"$i":"confirm-delete","$v":"ایا غواړئ لرې کړئ؟"},{"$i":"pick-title","$v":"یوه ویډیو انتخاب کړئ"},{"$i":"save","$v":"محفوظ کړئ"},{"$i":"saved","$v":"د ویډیو کتابتون کې يي محفوظ کړئ"},{"$i":"save-failed","$v":"ویډیو نشي ذخیره کولی، لطفا بیا هڅه وکړئ."},{"$i":"error-network","$v":"د نیټ ورک د تیروتنې له کبله ویډیو ډاونلوډ کیدای نشي."},{"$i":"error-unsupported","$v":"ویډیو چلیدلی نه شي: ځکه چې سرور یا نیټ ورک ناکام شو یا دا چې فارمټ تائید نشو."},{"$i":"error-unknown","$v":"د ویډیو یوه ناشنا تیروتنه رامنځته شوه."},{"$i":"video-hardware-in-use-title","$v":"ویډیو نشي چلولی"},{"$i":"video-hardware-in-use-text","$v":"د ویډو چلونکی د بل اپلیکیشن په وسیله کارول کیږي."},{"$i":"overlay-cancel-button","$v":"کول"},{"$i":"overlay-camera-button","$v":"کامرې لاړ شئ"},{"$i":"sd-storage-full-header","$v":"‏SD‏ کارډ ډک دي"},{"$i":"sd-storage-full-content","$v":"په SD کارډ کې فایلونه پاک کړئ تر څو ځای خالي کړئ."},{"$i":"phone-storage-full-header","$v":"فون ذخیره ډکه ده"},{"$i":"phone-storage-full-content","$v":"میډیا فایلونه یا اپلیکېشن ډېټا پاکه کړئ تر څو خالي ځای ترلاسه کړئ. تاسو همدا راز کولی شئ د میډیا ذخیرې د پراخولو لپاره SD کارډ د ننه کړئ."},{"$i":"name-label","$v":"نوم"},{"$i":"length-label","$v":"اوږدوالی"},{"$i":"size-label","$v":"اندازه"},{"$i":"video-type-label","$v":"د ویډیو"},{"$i":"date-taken-label","$v":"د ترلاسه کولو تاریخ"},{"$i":"resolution-label","$v":"تتوالی"},{"$i":"close-button","$v":"بندول"},{"$i":"byteUnit-B","$v":"بایټس"},{"$i":"byteUnit-KB","$v":"KB"},{"$i":"byteUnit-MB","$v":"MB"},{"$i":"byteUnit-GB","$v":"جي بي"},{"$i":"byteUnit-TB","$v":"TB"},{"$i":"byteUnit-PB","$v":"PB"},{"$i":"byteUnit-EB","$v":"EB"},{"$i":"byteUnit-ZB","$v":"ZB"},{"$i":"byteUnit-YB","$v":"YB"},{"$i":"date-group-header","$v":"%B %Y"},{"$i":"share","$v":"شریک کړئ"},{"$i":"more-info","$v":"نور معلومات"},{"$i":"delete","$v":"لرې کول"},{"$i":"video-button","ariaLabel":"ویډیو"},{"$i":"select-button","ariaLabel":"انتخال کړئ"},{"$i":"delete-button","ariaLabel":"لرې کول"},{"$i":"share-button","ariaLabel":"شریک کړئ"},{"$i":"info-view","ariaLabel":"معلومات"},{"$i":"options-view","ariaLabel":"غوراوي"},{"$i":"confirm-dialog","ariaLabel":"باوری کړئ"},{"$i":"videos-list","ariaLabel":"ویډیوګانې"},{"$i":"options-more","ariaLabel":"نور"},{"$i":"seek-backward","ariaLabel":"د شاته تګ هڅه"},{"$i":"seek-bar","ariaLabel":[{"t":"idOrVar","v":"duration"},"د لټولو پټۍ، موده"]},{"$i":"seek-forward","ariaLabel":"مخکې ولټوئ"},{"$i":"play-button","ariaLabel":"و چلوئ"},{"$i":"pause-button","ariaLabel":"توقف"},{"$i":"fullscreen-button","ariaLabel":"مکمل سکرین"},{"$i":"show-controls-button","ariaLabel":"تنظیمات ښکاره کړئ"},{"$i":"hide-controls-button","ariaLabel":"تنظیمات پټ کړئ"},{"$i":"confirmation-title","$v":"تصدیق"},{"$i":"n-video-deleted","$v":{"zero":"هیڅ انتخاب شوي ندي","one":"ویډیو حذف شوې.","few":["د ",{"t":"idOrVar","v":"n"}," ویډیوګانی لری کړی شوی."],"many":["د ",{"t":"idOrVar","v":"n"}," ویډیوګانی لری کړی شوی."],"other":["د ",{"t":"idOrVar","v":"n"}," ویډیوګانی لری کړی شوی."],"two":["د ",{"t":"idOrVar","v":"n"}," ویډیوګانی لری کړی شوی."]},"$x":[{"t":"idOrVar","v":"plural"},"n"]},{"$i":"rename-saved","$v":"تغیرات ثبت شول"},{"$i":"confirm-video","$v":"ویډیو"},{"$i":"confirm-ok","$v":"اوکی"},{"$i":"options-header","$v":"غوراوي"},{"$i":"video-invalid-name","$v":"غلط نوم"},{"$i":"name-already-exists","$v":"دا نوم د مخه شتون لري"},{"$i":"override-warning-msg","$v":"ایا غواړئ موجوده فایل لغوه کړئ؟"},{"$i":"override","$v":"باطل کول"},{"$i":"opt-takevideo","$v":"کامره"},{"$i":"select","$v":"انتخاب"},{"$i":"opt-deselect","$v":"مه انتخابوئ"},{"$i":"opt-delete","$v":"لرې کول"},{"$i":"opt-rename","$v":"نوم بدل کړئ"},{"$i":"opt-selectmultiple","$v":"متعدد انتخاب کړئ"},{"$i":"opt-fileinfo","$v":"د فایل معلوت"},{"$i":"opt-selectall","$v":"ټول انتخاب کړئ"},{"$i":"opt-deselectall","$v":"ټول انتخاب نه کول"},{"$i":"opt-fullscreen","$v":"مکمل سکرین"},{"$i":"opt-play","$v":"و چلوئ"},{"$i":"opt-pause","$v":"توقف"},{"$i":"opt-volume","$v":"والیوم"},{"$i":"opt-rotate","$v":"تاوول"},{"$i":"opt-cancel","$v":"لغوه کړئ"},{"$i":"opt-settings","$v":"تنظیمات"},{"$i":"weekday-0-long","$v":"یکشنبه"},{"$i":"weekday-1-long","$v":"دوشنبه"},{"$i":"weekday-2-long","$v":"سه شنبه"},{"$i":"weekday-3-long","$v":"چهارشنبه"},{"$i":"weekday-4-long","$v":"پنجشنبه"},{"$i":"weekday-5-long","$v":"جمعه"},{"$i":"weekday-6-long","$v":"شنبه"},{"$i":"weekday-0-short","$v":"لمر"},{"$i":"weekday-1-short","$v":"دو"},{"$i":"weekday-2-short","$v":"سه"},{"$i":"weekday-3-short","$v":"چهار"},{"$i":"weekday-4-short","$v":"پنج."},{"$i":"weekday-5-short","$v":"جمعه"},{"$i":"weekday-6-short","$v":"هفته"},{"$i":"month-0-long","$v":"جنوری"},{"$i":"month-1-long","$v":"فروری"},{"$i":"month-2-long","$v":"مارچ"},{"$i":"month-3-long","$v":"اپریل"},{"$i":"month-4-long","$v":"مئی"},{"$i":"month-5-long","$v":"جون"},{"$i":"month-6-long","$v":"جولائی"},{"$i":"month-7-long","$v":"اګست"},{"$i":"month-8-long","$v":"ستمبر"},{"$i":"month-9-long","$v":"اکتوبر"},{"$i":"month-10-long","$v":"نومبر"},{"$i":"month-11-long","$v":"دسمبر"},{"$i":"month-0-genitive","$v":"جنوری"},{"$i":"month-1-genitive","$v":"فروری"},{"$i":"month-2-genitive","$v":"مارچ"},{"$i":"month-3-genitive","$v":"اپریل"},{"$i":"month-4-genitive","$v":"مئی"},{"$i":"month-5-genitive","$v":"جون"},{"$i":"month-6-genitive","$v":"جولائی"},{"$i":"month-7-genitive","$v":"اګست"},{"$i":"month-8-genitive","$v":"ستمبر"},{"$i":"month-9-genitive","$v":"اکتوبر"},{"$i":"month-10-genitive","$v":"نومبر"},{"$i":"month-11-genitive","$v":"دسمبر"},{"$i":"month-0-short","$v":"جنوری"},{"$i":"month-1-short","$v":"فروری"},{"$i":"month-2-short","$v":"مارچ"},{"$i":"month-3-short","$v":"اپریل"},{"$i":"month-4-short","$v":"مئی"},{"$i":"month-5-short","$v":"جون"},{"$i":"month-6-short","$v":"جولائی"},{"$i":"month-7-short","$v":"اګست"},{"$i":"month-8-short","$v":"ستمبر"},{"$i":"month-9-short","$v":"اکتوبر"},{"$i":"month-10-short","$v":"نومبر"},{"$i":"month-11-short","$v":"دسمبر"},{"$i":"minutes-ago-long","$v":{"few":[{"t":"idOrVar","v":"value"}," دقی مخکې"],"many":[{"t":"idOrVar","v":"value"}," دقی مخکې"],"other":[{"t":"idOrVar","v":"value"}," دقی مخکې"],"two":[{"t":"idOrVar","v":"value"}," دقی مخکې"],"one":"یو دقیقه مخکې","zero":"همدا اوس"},"$x":[{"t":"idOrVar","v":"plural"},"value"]},{"$i":"hours-ago-long","$v":{"few":[{"t":"idOrVar","v":"value"}," ساعته مخکې"],"many":[{"t":"idOrVar","v":"value"}," ساعته مخکې"],"other":[{"t":"idOrVar","v":"value"}," ساعته مخکې"],"two":[{"t":"idOrVar","v":"value"}," ساعته مخکې"],"one":"یو ساعت وخت","zero":"همدا اوس"},"$x":[{"t":"idOrVar","v":"plural"},"value"]},{"$i":"days-ago-long","$v":{"few":[{"t":"idOrVar","v":"value"}," ورځي مخکې"],"many":[{"t":"idOrVar","v":"value"}," ورځي مخکې"],"one":"پرون","other":[{"t":"idOrVar","v":"value"}," ورځي مخکې"],"two":[{"t":"idOrVar","v":"value"}," ورځي مخکې"],"zero":"نن"},"$x":[{"t":"idOrVar","v":"plural"},"value"]},{"$i":"weeks-ago-long","$v":{"few":[{"t":"idOrVar","v":"value"}," اوونئ مخکې"],"many":[{"t":"idOrVar","v":"value"}," اوونئ مخکې"],"one":"تیره اوونۍ","other":[{"t":"idOrVar","v":"value"}," اوونئ مخکې"],"two":[{"t":"idOrVar","v":"value"}," اوونئ مخکې"],"zero":"دا اونۍ"},"$x":[{"t":"idOrVar","v":"plural"},"value"]},{"$i":"months-ago-long","$v":{"few":[{"t":"idOrVar","v":"value"}," میاشتي مخکې"],"many":[{"t":"idOrVar","v":"value"}," میاشتي مخکې"],"one":"تیره میاشت","other":[{"t":"idOrVar","v":"value"}," میاشتي مخکې"],"two":[{"t":"idOrVar","v":"value"}," میاشتي مخکې"],"zero":"دا میاشت"},"$x":[{"t":"idOrVar","v":"plural"},"value"]},{"$i":"years-ago-long","$v":{"few":[{"t":"idOrVar","v":"value"}," کاله مخکې"],"many":[{"t":"idOrVar","v":"value"}," کاله مخکې"],"one":"تیر کال","other":[{"t":"idOrVar","v":"value"}," کاله مخکې"],"two":[{"t":"idOrVar","v":"value"}," کاله مخکې"],"zero":"دا کال"},"$x":[{"t":"idOrVar","v":"plural"},"value"]},{"$i":"minutes-until-long","$v":{"few":["په ",{"t":"idOrVar","v":"value"}," دقیقو"],"many":["په ",{"t":"idOrVar","v":"value"}," دقیقو"],"other":["په ",{"t":"idOrVar","v":"value"}," دقیقو"],"two":["په ",{"t":"idOrVar","v":"value"}," دقیقو"],"zero":"اوس","one":"په 1 دقیقه کې"},"$x":[{"t":"idOrVar","v":"plural"},"value"]},{"$i":"hours-until-long","$v":{"few":["په ",{"t":"idOrVar","v":"value"}," ساعتونو"],"many":["په ",{"t":"idOrVar","v":"value"}," ساعتونو"],"other":["په ",{"t":"idOrVar","v":"value"}," ساعتونو"],"two":["په ",{"t":"idOrVar","v":"value"}," ساعتونو"],"zero":"اوس","one":"په 1 ساعت کې"},"$x":[{"t":"idOrVar","v":"plural"},"value"]},{"$i":"days-until-long","$v":{"few":["په ",{"t":"idOrVar","v":"value"}," ورځو"],"many":["په ",{"t":"idOrVar","v":"value"}," ورځو"],"one":"سبا","other":["په ",{"t":"idOrVar","v":"value"}," ورځو"],"two":["په ",{"t":"idOrVar","v":"value"}," ورځو"],"zero":"نن"},"$x":[{"t":"idOrVar","v":"plural"},"value"]},{"$i":"weeks-until-long","$v":{"few":["په ",{"t":"idOrVar","v":"value"}," اوونیو"],"many":["په ",{"t":"idOrVar","v":"value"}," اوونیو"],"one":"راتلونکې اوونۍ","other":["په ",{"t":"idOrVar","v":"value"}," اوونیو"],"two":["په ",{"t":"idOrVar","v":"value"}," اوونیو"],"zero":"دا اونۍ"},"$x":[{"t":"idOrVar","v":"plural"},"value"]},{"$i":"months-until-long","$v":{"few":["په ",{"t":"idOrVar","v":"value"}," میاشتو"],"many":["په ",{"t":"idOrVar","v":"value"}," میاشتو"],"one":"راتلونکې میاشت","other":["په ",{"t":"idOrVar","v":"value"}," میاشتو"],"two":["په ",{"t":"idOrVar","v":"value"}," میاشتو"],"zero":"دا میاشت"},"$x":[{"t":"idOrVar","v":"plural"},"value"]},{"$i":"years-until-long","$v":{"few":["په ",{"t":"idOrVar","v":"value"}," کلونو"],"many":["په ",{"t":"idOrVar","v":"value"}," کلونو"],"one":"راتلونکی کال","other":["په ",{"t":"idOrVar","v":"value"}," کلونو"],"two":["په ",{"t":"idOrVar","v":"value"}," کلونو"],"zero":"دا کال"},"$x":[{"t":"idOrVar","v":"plural"},"value"]},{"$i":"minutes-ago-short","$v":{"other":[{"t":"idOrVar","v":"value"},"دقه مخکې"],"zero":"همدا اوس"},"$x":[{"t":"idOrVar","v":"plural"},"value"]},{"$i":"hours-ago-short","$v":{"other":[{"t":"idOrVar","v":"value"},"ساعت مخکې"],"zero":"همدا اوس"},"$x":[{"t":"idOrVar","v":"plural"},"value"]},{"$i":"days-ago-short","$v":{"other":[{"t":"idOrVar","v":"value"},"ورځ مخکې"],"zero":"نن"},"$x":[{"t":"idOrVar","v":"plural"},"value"]},{"$i":"minutes-until-short","$v":{"other":["په ",{"t":"idOrVar","v":"value"}," دقیقو"],"zero":"اوس"},"$x":[{"t":"idOrVar","v":"plural"},"value"]},{"$i":"hours-until-short","$v":{"other":["په ",{"t":"idOrVar","v":"value"}," ساعتونو"],"zero":"اوس"},"$x":[{"t":"idOrVar","v":"plural"},"value"]},{"$i":"days-until-short","$v":{"other":["په ",{"t":"idOrVar","v":"value"}," ورځو"],"zero":"نن"},"$x":[{"t":"idOrVar","v":"plural"},"value"]},{"$i":"incorrectDate","$v":"(غلطه نیټه)"},{"$i":"dateTimeFormat_%c","$v":"%a %b %e %Y %I:%M:%S %p"},{"$i":"dateTimeFormat_%x","$v":"%m/%d/%Y"},{"$i":"dateTimeFormat_%X","$v":"%I:%M:%S %p"},{"$i":"shortTimeFormat","$v":"%I:%M %p"},{"$i":"shortTimeFormat12","$v":"%I:%M %p"},{"$i":"shortTimeFormat24","$v":"%H:%M"},{"$i":"shortDateTimeFormat","$v":"%x %I:%M %p"},{"$i":"weekStartsOnMonday","$v":"0.0"},{"$i":"firstDayOfTheWeek","$v":"0.0"},{"$i":"time_am","$v":"سهار"},{"$i":"time_pm","$v":"ماښام"},{"$i":"softkey-options","$v":"غوراوي"}]