[{"$i":"done","$v":"Gata"},{"$i":"number-selected2","$v":{"few":[{"t":"idOrVar","v":"n"}," selectată(e)"],"many":[{"t":"idOrVar","v":"n"}," selectată(e)"],"one":[{"t":"idOrVar","v":"n"}," selectată(e)"],"other":[{"t":"idOrVar","v":"n"}," selectată(e)"],"two":[{"t":"idOrVar","v":"n"}," selectată(e)"],"zero":[{"t":"idOrVar","v":"n"}," selectată(e)"]},"$x":[{"t":"idOrVar","v":"plural"},"n"]},{"$i":"delete-n-items?","$v":{"few":["Ștergeți ",{"t":"idOrVar","v":"n"}," videoclipuri?"],"many":["Ștergeți ",{"t":"idOrVar","v":"n"}," videoclipuri?"],"one":"Ștergeți videoclipul selectat?","other":["Ștergeți ",{"t":"idOrVar","v":"n"}," videoclipuri?"],"two":["Ștergeți ",{"t":"idOrVar","v":"n"}," videoclipuri?"],"zero":"Nimic selectat"},"$x":[{"t":"idOrVar","v":"plural"},"n"]},{"$i":"not-load-video-time","$v":"--:--"},{"$i":"video-time-num","$v":["0",{"t":"idOrVar","v":"num"}]},{"$i":"video-time-minute","$v":[{"t":"idOrVar","v":"owe"},{"t":"idOrVar","v":"m"},":",{"t":"idOrVar","v":"s"}]},{"$i":"video-time-hour","$v":[{"t":"idOrVar","v":"owe"},{"t":"idOrVar","v":"h"},":",{"t":"idOrVar","v":"m"},":",{"t":"idOrVar","v":"s"}]},{"$i":"share-noprovider","$v":"Încercați să partajați câte un videoclip odată."},{"$i":"videos","$v":"Videoclipuri"},{"$i":"cancel","$v":"Anulare"},{"$i":"delete-video?","$v":"Ștergeți videoclipul selectat?"},{"$i":"empty-title","$v":"Adăugați videoclipuri pentru a începe"},{"$i":"empty-text","$v":"Nu este disponibil niciun videoclip."},{"$i":"empty-content","$v":"Videoclipul este gol. Utilizați aparatul foto pentru a începe."},{"$i":"search-title","$v":"Se caută videoclipuri…"},{"$i":"search-content","$v":"Se caută videoclipuri…"},{"$i":"nocard2-title","$v":"Nu s-a găsit nicio cartelă de memorie"},{"$i":"nocard3-text","$v":"Cartela de memorie nu a fost găsită. Introduceți o cartelă de memorie pentru a realiza videoclipuri."},{"$i":"pluggedin-title","$v":"Videoclipul nu poate fi vizionat când telefonul este conectat"},{"$i":"pluggedin-text","$v":"Mediul de stocare este în curs de utilizare. Deconectați telefonul pentru a realiza videoclipuri."},{"$i":"upgrade-title","$v":"Actualizare bază de date"},{"$i":"upgrade-text","$v":"Așteptați cât timp aplicația Video își actualizează baza de date."},{"$i":"confirm-delete","$v":"Sigur doriți să ștergeți:"},{"$i":"pick-title","$v":"Selectați un videoclip"},{"$i":"save","$v":"Salvare"},{"$i":"saved","$v":"salvat în arhiva cu videoclipuri."},{"$i":"save-failed","$v":"Videoclipul nu a putut fi salvat. Încercați din nou."},{"$i":"error-network","$v":"Acest videoclip nu a putut fi descărcat din cauza unei erori de rețea."},{"$i":"error-unsupported","$v":"Videoclipul nu poate fi redat: fie din cauza unei erori de server sau de rețea, fie din cauză că formatul nu este acceptat."},{"$i":"error-unknown","$v":"A avut loc o eroare necunoscută asociată videoclipului."},{"$i":"video-hardware-in-use-title","$v":"Videoclipul nu poate fi redat"},{"$i":"video-hardware-in-use-text","$v":"O altă aplicație utilizează în prezent playerul video."},{"$i":"overlay-cancel-button","$v":"Anulare"},{"$i":"overlay-camera-button","$v":"Accesați Aparatul foto"},{"$i":"sd-storage-full-header","$v":"Cartelă SD plină"},{"$i":"sd-storage-full-content","$v":"Ștergeți fișiere de pe cartela SD pentru a elibera spațiu."},{"$i":"phone-storage-full-header","$v":"Memoria telefonului este plină"},{"$i":"phone-storage-full-content","$v":"Ștergeți fișiere media sau date din aplicații pentru a elibera spațiu. De asemenea, puteți introduce o cartelă SD pentru a mări spațiul de stocare pentru fișierele media."},{"$i":"name-label","$v":"Nume"},{"$i":"length-label","$v":"Lungime"},{"$i":"size-label","$v":"Dimensiune"},{"$i":"video-type-label","$v":"Tip videoclip"},{"$i":"date-taken-label","$v":"Data realizării"},{"$i":"resolution-label","$v":"Rezoluție"},{"$i":"close-button","$v":"Închidere"},{"$i":"byteUnit-B","$v":"Byți"},{"$i":"byteUnit-KB","$v":"KB"},{"$i":"byteUnit-MB","$v":"MB"},{"$i":"byteUnit-GB","$v":"GB"},{"$i":"byteUnit-TB","$v":"TB"},{"$i":"byteUnit-PB","$v":"PB"},{"$i":"byteUnit-EB","$v":"EB"},{"$i":"byteUnit-ZB","$v":"ZB"},{"$i":"byteUnit-YB","$v":"YB"},{"$i":"date-group-header","$v":"%B %Y"},{"$i":"share","$v":"Partajare"},{"$i":"more-info","$v":"Mai multe informații"},{"$i":"delete","$v":"Ștergere"},{"$i":"video-button","ariaLabel":"Videoclip"},{"$i":"select-button","ariaLabel":"Selectare"},{"$i":"delete-button","ariaLabel":"Ștergere"},{"$i":"share-button","ariaLabel":"Partajare"},{"$i":"info-view","ariaLabel":"Informații"},{"$i":"options-view","ariaLabel":"Opțiuni"},{"$i":"confirm-dialog","ariaLabel":"Confirmare"},{"$i":"videos-list","ariaLabel":"Videoclipuri"},{"$i":"options-more","ariaLabel":"Mai multe"},{"$i":"seek-backward","ariaLabel":"Căutare înapoi"},{"$i":"seek-bar","ariaLabel":["Bară de căutare, durată ",{"t":"idOrVar","v":"duration"}]},{"$i":"seek-forward","ariaLabel":"Căutare înainte"},{"$i":"play-button","ariaLabel":"Redare"},{"$i":"pause-button","ariaLabel":"Întrerupere"},{"$i":"fullscreen-button","ariaLabel":"Ecran complet"},{"$i":"show-controls-button","ariaLabel":"Afișare comenzi"},{"$i":"hide-controls-button","ariaLabel":"Ascundere comenzi"},{"$i":"confirmation-title","$v":"Confirmare"},{"$i":"n-video-deleted","$v":{"zero":"Nimic selectat","one":"Videoclipul a fost șters","few":[{"t":"idOrVar","v":"n"}," videoclipuri șterse"],"many":[{"t":"idOrVar","v":"n"}," videoclipuri șterse"],"other":[{"t":"idOrVar","v":"n"}," videoclipuri șterse"],"two":[{"t":"idOrVar","v":"n"}," videoclipuri șterse"]},"$x":[{"t":"idOrVar","v":"plural"},"n"]},{"$i":"rename-saved","$v":"Modificările au fost salvate"},{"$i":"confirm-video","$v":"Videoclip"},{"$i":"confirm-ok","$v":"OK"},{"$i":"options-header","$v":"Opțiuni"},{"$i":"video-invalid-name","$v":"Nume incorect"},{"$i":"name-already-exists","$v":"Acest nume există deja"},{"$i":"override-warning-msg","$v":"Doriți să suprascrieți fișierul existent?"},{"$i":"override","$v":"Suprascriere"},{"$i":"opt-takevideo","$v":"Aparat foto"},{"$i":"select","$v":"Selectare"},{"$i":"opt-deselect","$v":"Deselectare"},{"$i":"opt-delete","$v":"Ștergere"},{"$i":"opt-rename","$v":"Redenumire"},{"$i":"opt-selectmultiple","$v":"Selectare multiplă"},{"$i":"opt-fileinfo","$v":"Informații fișier"},{"$i":"opt-selectall","$v":"Toate"},{"$i":"opt-deselectall","$v":"Nimic"},{"$i":"opt-fullscreen","$v":"Ecran complet"},{"$i":"opt-play","$v":"Redare"},{"$i":"opt-pause","$v":"Întrerupere"},{"$i":"opt-volume","$v":"Volum"},{"$i":"opt-rotate","$v":"Rotire"},{"$i":"opt-cancel","$v":"Anulare"},{"$i":"opt-settings","$v":"Setări"},{"$i":"weekday-0-long","$v":"Duminică"},{"$i":"weekday-1-long","$v":"Luni"},{"$i":"weekday-2-long","$v":"Marți"},{"$i":"weekday-3-long","$v":"Miercuri"},{"$i":"weekday-4-long","$v":"Joi"},{"$i":"weekday-5-long","$v":"Vineri"},{"$i":"weekday-6-long","$v":"Sâmbătă"},{"$i":"weekday-0-short","$v":"Dum"},{"$i":"weekday-1-short","$v":"Lun"},{"$i":"weekday-2-short","$v":"Mar"},{"$i":"weekday-3-short","$v":"Mie"},{"$i":"weekday-4-short","$v":"Joi"},{"$i":"weekday-5-short","$v":"Vin"},{"$i":"weekday-6-short","$v":"Sâm"},{"$i":"month-0-long","$v":"Ianuarie"},{"$i":"month-1-long","$v":"Februarie"},{"$i":"month-2-long","$v":"Martie"},{"$i":"month-3-long","$v":"Aprilie"},{"$i":"month-4-long","$v":"Mai"},{"$i":"month-5-long","$v":"Iunie"},{"$i":"month-6-long","$v":"Iulie"},{"$i":"month-7-long","$v":"August"},{"$i":"month-8-long","$v":"Septembrie"},{"$i":"month-9-long","$v":"Octombrie"},{"$i":"month-10-long","$v":"Noiembrie"},{"$i":"month-11-long","$v":"Decembrie"},{"$i":"month-0-genitive","$v":"Ianuarie"},{"$i":"month-1-genitive","$v":"Februarie"},{"$i":"month-2-genitive","$v":"Martie"},{"$i":"month-3-genitive","$v":"Aprilie"},{"$i":"month-4-genitive","$v":"Mai"},{"$i":"month-5-genitive","$v":"Iunie"},{"$i":"month-6-genitive","$v":"Iulie"},{"$i":"month-7-genitive","$v":"August"},{"$i":"month-8-genitive","$v":"Septembrie"},{"$i":"month-9-genitive","$v":"Octombrie"},{"$i":"month-10-genitive","$v":"Noiembrie"},{"$i":"month-11-genitive","$v":"Decembrie"},{"$i":"month-0-short","$v":"Ian"},{"$i":"month-1-short","$v":"Feb"},{"$i":"month-2-short","$v":"Mar"},{"$i":"month-3-short","$v":"Apr"},{"$i":"month-4-short","$v":"Mai"},{"$i":"month-5-short","$v":"Iun"},{"$i":"month-6-short","$v":"Iul"},{"$i":"month-7-short","$v":"Aug"},{"$i":"month-8-short","$v":"Sep"},{"$i":"month-9-short","$v":"Oct"},{"$i":"month-10-short","$v":"Nov"},{"$i":"month-11-short","$v":"Dec"},{"$i":"minutes-ago-long","$v":{"few":["în urmă cu ",{"t":"idOrVar","v":"value"}," minute"],"many":["în urmă cu ",{"t":"idOrVar","v":"value"}," minute"],"other":["în urmă cu ",{"t":"idOrVar","v":"value"}," minute"],"two":["în urmă cu ",{"t":"idOrVar","v":"value"}," minute"],"one":"în urmă cu un minut","zero":"Chiar acum"},"$x":[{"t":"idOrVar","v":"plural"},"value"]},{"$i":"hours-ago-long","$v":{"few":["în urmă cu ",{"t":"idOrVar","v":"value"}," ore"],"many":["în urmă cu ",{"t":"idOrVar","v":"value"}," ore"],"other":["în urmă cu ",{"t":"idOrVar","v":"value"}," ore"],"two":["în urmă cu ",{"t":"idOrVar","v":"value"}," ore"],"one":"în urmă cu o oră","zero":"Chiar acum"},"$x":[{"t":"idOrVar","v":"plural"},"value"]},{"$i":"days-ago-long","$v":{"few":["În urmă cu ",{"t":"idOrVar","v":"value"}," zile"],"many":["În urmă cu ",{"t":"idOrVar","v":"value"}," zile"],"one":"ieri","other":["În urmă cu ",{"t":"idOrVar","v":"value"}," zile"],"two":["În urmă cu ",{"t":"idOrVar","v":"value"}," zile"],"zero":"astăzi"},"$x":[{"t":"idOrVar","v":"plural"},"value"]},{"$i":"weeks-ago-long","$v":{"few":["în urmă cu ",{"t":"idOrVar","v":"value"}," săptămâni"],"many":["în urmă cu ",{"t":"idOrVar","v":"value"}," săptămâni"],"one":"săptămâna trecută","other":["în urmă cu ",{"t":"idOrVar","v":"value"}," săptămâni"],"two":["în urmă cu ",{"t":"idOrVar","v":"value"}," săptămâni"],"zero":"săptămâna aceasta"},"$x":[{"t":"idOrVar","v":"plural"},"value"]},{"$i":"months-ago-long","$v":{"few":["în urmă cu ",{"t":"idOrVar","v":"value"}," luni"],"many":["în urmă cu ",{"t":"idOrVar","v":"value"}," luni"],"one":"luna trecută","other":["în urmă cu ",{"t":"idOrVar","v":"value"}," luni"],"two":["în urmă cu ",{"t":"idOrVar","v":"value"}," luni"],"zero":"această lună"},"$x":[{"t":"idOrVar","v":"plural"},"value"]},{"$i":"years-ago-long","$v":{"few":["în urmă cu ",{"t":"idOrVar","v":"value"}," ani"],"many":["în urmă cu ",{"t":"idOrVar","v":"value"}," ani"],"one":"anul trecut","other":["în urmă cu ",{"t":"idOrVar","v":"value"}," ani"],"two":["în urmă cu ",{"t":"idOrVar","v":"value"}," ani"],"zero":"anul acesta"},"$x":[{"t":"idOrVar","v":"plural"},"value"]},{"$i":"minutes-until-long","$v":{"few":["peste ",{"t":"idOrVar","v":"value"}," minute"],"many":["peste ",{"t":"idOrVar","v":"value"}," minute"],"other":["peste ",{"t":"idOrVar","v":"value"}," minute"],"two":["peste ",{"t":"idOrVar","v":"value"}," minute"],"zero":"acum","one":"peste un minut"},"$x":[{"t":"idOrVar","v":"plural"},"value"]},{"$i":"hours-until-long","$v":{"few":["peste ",{"t":"idOrVar","v":"value"}," ore"],"many":["peste ",{"t":"idOrVar","v":"value"}," ore"],"other":["peste ",{"t":"idOrVar","v":"value"}," ore"],"two":["peste ",{"t":"idOrVar","v":"value"}," ore"],"zero":"acum","one":"peste o oră"},"$x":[{"t":"idOrVar","v":"plural"},"value"]},{"$i":"days-until-long","$v":{"few":["peste ",{"t":"idOrVar","v":"value"}," zile"],"many":["peste ",{"t":"idOrVar","v":"value"}," zile"],"one":"mâine","other":["peste ",{"t":"idOrVar","v":"value"}," zile"],"two":["peste ",{"t":"idOrVar","v":"value"}," zile"],"zero":"astăzi"},"$x":[{"t":"idOrVar","v":"plural"},"value"]},{"$i":"weeks-until-long","$v":{"few":["peste ",{"t":"idOrVar","v":"value"}," săptămâni"],"many":["peste ",{"t":"idOrVar","v":"value"}," săptămâni"],"one":"săptămâna viitoare","other":["peste ",{"t":"idOrVar","v":"value"}," săptămâni"],"two":["peste ",{"t":"idOrVar","v":"value"}," săptămâni"],"zero":"săptămâna aceasta"},"$x":[{"t":"idOrVar","v":"plural"},"value"]},{"$i":"months-until-long","$v":{"few":["peste ",{"t":"idOrVar","v":"value"}," luni"],"many":["peste ",{"t":"idOrVar","v":"value"}," luni"],"one":"luna următoare","other":["peste ",{"t":"idOrVar","v":"value"}," luni"],"two":["peste ",{"t":"idOrVar","v":"value"}," luni"],"zero":"această lună"},"$x":[{"t":"idOrVar","v":"plural"},"value"]},{"$i":"years-until-long","$v":{"few":["peste ",{"t":"idOrVar","v":"value"}," ani"],"many":["peste ",{"t":"idOrVar","v":"value"}," ani"],"one":"anul viitor","other":["peste ",{"t":"idOrVar","v":"value"}," ani"],"two":["peste ",{"t":"idOrVar","v":"value"}," ani"],"zero":"anul acesta"},"$x":[{"t":"idOrVar","v":"plural"},"value"]},{"$i":"minutes-ago-short","$v":{"other":["în urmă cu ",{"t":"idOrVar","v":"value"}," m"],"zero":"Chiar acum"},"$x":[{"t":"idOrVar","v":"plural"},"value"]},{"$i":"hours-ago-short","$v":{"other":["în urmă cu ",{"t":"idOrVar","v":"value"}," h"],"zero":"Chiar acum"},"$x":[{"t":"idOrVar","v":"plural"},"value"]},{"$i":"days-ago-short","$v":{"other":["În urmă cu ",{"t":"idOrVar","v":"value"}," z"],"zero":"astăzi"},"$x":[{"t":"idOrVar","v":"plural"},"value"]},{"$i":"minutes-until-short","$v":{"other":["peste ",{"t":"idOrVar","v":"value"}," m"],"zero":"acum"},"$x":[{"t":"idOrVar","v":"plural"},"value"]},{"$i":"hours-until-short","$v":{"other":["peste ",{"t":"idOrVar","v":"value"}," h"],"zero":"acum"},"$x":[{"t":"idOrVar","v":"plural"},"value"]},{"$i":"days-until-short","$v":{"other":["peste ",{"t":"idOrVar","v":"value"}," z"],"zero":"astăzi"},"$x":[{"t":"idOrVar","v":"plural"},"value"]},{"$i":"incorrectDate","$v":"(dată incorectă)"},{"$i":"dateTimeFormat_%c","$v":"%a %b %e %Y %I:%M:%S %p"},{"$i":"dateTimeFormat_%x","$v":"%m/%d/%Y"},{"$i":"dateTimeFormat_%X","$v":"%I:%M:%S %p"},{"$i":"shortTimeFormat","$v":"%I:%M %p"},{"$i":"shortTimeFormat12","$v":"%I:%M %p"},{"$i":"shortTimeFormat24","$v":"%H:%M"},{"$i":"shortDateTimeFormat","$v":"%x %I:%M %p"},{"$i":"weekStartsOnMonday","$v":"0.0"},{"$i":"firstDayOfTheWeek","$v":"1.0"},{"$i":"time_am","$v":"AM"},{"$i":"time_pm","$v":"PM"},{"$i":"softkey-options","$v":"Opțiuni"}]