[{"$i":"done","$v":"Gotovo"},{"$i":"number-selected2","$v":{"few":[{"t":"idOrVar","v":"n"}," odabrana"],"many":[{"t":"idOrVar","v":"n"}," odabrano"],"one":[{"t":"idOrVar","v":"n"}," odabran"],"other":[{"t":"idOrVar","v":"n"}," odabrano"],"two":[{"t":"idOrVar","v":"n"}," odabrana"],"zero":[{"t":"idOrVar","v":"n"}," odabrano"]},"$x":[{"t":"idOrVar","v":"plural"},"n"]},{"$i":"delete-n-items?","$v":{"few":["Izbrisati ",{"t":"idOrVar","v":"n"}," video snimaka?"],"many":["Izbrisati ",{"t":"idOrVar","v":"n"}," video snimaka?"],"one":"Izbrisati odabrani video snimak?","other":["Izbrisati ",{"t":"idOrVar","v":"n"}," video snimaka?"],"two":["Izbrisati ",{"t":"idOrVar","v":"n"}," video snimaka?"],"zero":"Ništa nije odabrano"},"$x":[{"t":"idOrVar","v":"plural"},"n"]},{"$i":"not-load-video-time","$v":"--:--"},{"$i":"video-time-num","$v":["0",{"t":"idOrVar","v":"num"}]},{"$i":"video-time-minute","$v":[{"t":"idOrVar","v":"owe"},{"t":"idOrVar","v":"m"},":",{"t":"idOrVar","v":"s"}]},{"$i":"video-time-hour","$v":[{"t":"idOrVar","v":"owe"},{"t":"idOrVar","v":"h"},":",{"t":"idOrVar","v":"m"},":",{"t":"idOrVar","v":"s"}]},{"$i":"share-noprovider","$v":"Pok. da del. jed. po jed. video."},{"$i":"videos","$v":"Video snimci"},{"$i":"cancel","$v":"Otkaži"},{"$i":"delete-video?","$v":"Izbrisati odabrani video snimak?"},{"$i":"empty-title","$v":"Dodaj video snimke za početak"},{"$i":"empty-text","$v":"Video snimci nisu dostupni."},{"$i":"empty-content","$v":"Video je prazan. Koristite kameru kako biste počeli sa radom."},{"$i":"search-title","$v":"Skeniranje"},{"$i":"search-content","$v":"Skeniranje"},{"$i":"nocard2-title","$v":"Memorijska kartica nije nađena"},{"$i":"nocard3-text","$v":"Memorijska kartica nije nađena. Ubacite memorijsku karticu da biste snimali video."},{"$i":"pluggedin-title","$v":"Video snimak nije moguće reprodukovati dok je uređaj priključen"},{"$i":"pluggedin-text","$v":"Skladište se trenutno koristi. Isključite telefon sa priključka kako biste snimali video snimke."},{"$i":"upgrade-title","$v":"Nadogradnja baze podataka"},{"$i":"upgrade-text","$v":"Saček. dok video ažur. svoju bazu pod."},{"$i":"confirm-delete","$v":"Želite li sigurno da izbrišete:"},{"$i":"pick-title","$v":"Odaberi video snimak"},{"$i":"save","$v":"Sačuvaj"},{"$i":"saved","$v":"sač. u video bibl."},{"$i":"save-failed","$v":"Nije moguće sačuvati video. Pokušajte ponovo."},{"$i":"error-network","$v":"Nije mog. preuz. video usled greške na mreži."},{"$i":"error-unsupported","$v":"Video snimak nije moguće reprodukovati: greška servera ili mreže ili format nije podržan."},{"$i":"error-unknown","$v":"Nepoz.greš.u videu."},{"$i":"video-hardware-in-use-title","$v":"Nije moguće reprodukovati video"},{"$i":"video-hardware-in-use-text","$v":"Dr. apl. tren. koristi video plejer."},{"$i":"overlay-cancel-button","$v":"Otkaži"},{"$i":"overlay-camera-button","$v":"Idi na kameru"},{"$i":"sd-storage-full-header","$v":"SD kartica je puna."},{"$i":"sd-storage-full-content","$v":"Obrišite datoteke sa SD kartice da biste oslobodili prostor."},{"$i":"phone-storage-full-header","$v":"Skladište telefona je puno."},{"$i":"phone-storage-full-content","$v":"Obrišite medijske datoteke ili podatke aplikacija da biste oslobodili prostor. Možete i da ubacite SD karticu i proširite skladište za medije."},{"$i":"name-label","$v":"Ime"},{"$i":"length-label","$v":"Dužina"},{"$i":"size-label","$v":"Veličina"},{"$i":"video-type-label","$v":"Tip video snimka"},{"$i":"date-taken-label","$v":"Datum nastanka"},{"$i":"resolution-label","$v":"Rezolucija"},{"$i":"close-button","$v":"Zatvori"},{"$i":"byteUnit-B","$v":"Bajtovi"},{"$i":"byteUnit-KB","$v":"KB"},{"$i":"byteUnit-MB","$v":"MB"},{"$i":"byteUnit-GB","$v":"GB"},{"$i":"byteUnit-TB","$v":"TB"},{"$i":"byteUnit-PB","$v":"PB"},{"$i":"byteUnit-EB","$v":"EB"},{"$i":"byteUnit-ZB","$v":"ZB"},{"$i":"byteUnit-YB","$v":"GR"},{"$i":"date-group-header","$v":"%B %Y"},{"$i":"share","$v":"Deli"},{"$i":"more-info","$v":"Više informacija"},{"$i":"delete","$v":"Izbriši"},{"$i":"video-button","ariaLabel":"Video"},{"$i":"select-button","ariaLabel":"Odaberi"},{"$i":"delete-button","ariaLabel":"Izbriši"},{"$i":"share-button","ariaLabel":"Deli"},{"$i":"info-view","ariaLabel":"Informacije"},{"$i":"options-view","ariaLabel":"Opcije"},{"$i":"confirm-dialog","ariaLabel":"Potvrdi"},{"$i":"videos-list","ariaLabel":"Video snimci"},{"$i":"options-more","ariaLabel":"Još"},{"$i":"seek-backward","ariaLabel":"Traži unazad"},{"$i":"seek-bar","ariaLabel":["TrakPretr, traj.",{"t":"idOrVar","v":"duration"}]},{"$i":"seek-forward","ariaLabel":"Traži unapred"},{"$i":"play-button","ariaLabel":"Reprodukuj"},{"$i":"pause-button","ariaLabel":"Pauziraj"},{"$i":"fullscreen-button","ariaLabel":"Puni ekran"},{"$i":"show-controls-button","ariaLabel":"Prikaži kontrole"},{"$i":"hide-controls-button","ariaLabel":"Sakrij kontrole"},{"$i":"confirmation-title","$v":"Potvrda"},{"$i":"n-video-deleted","$v":{"zero":"Ništa nije odabrano","one":"Видео је избрисан.","few":[{"t":"idOrVar","v":"n"}," video zapisa su izbrisana."],"many":[{"t":"idOrVar","v":"n"}," video zapisa je izbrisano."],"other":[{"t":"idOrVar","v":"n"}," video zapisa je izbrisano."],"two":[{"t":"idOrVar","v":"n"}," video zapisa su izbrisana."]},"$x":[{"t":"idOrVar","v":"plural"},"n"]},{"$i":"rename-saved","$v":"Promene su sačuvane"},{"$i":"confirm-video","$v":"Video"},{"$i":"confirm-ok","$v":"OK"},{"$i":"options-header","$v":"Opcije"},{"$i":"video-invalid-name","$v":"Nevažeće ime"},{"$i":"name-already-exists","$v":"Ovo ime već postoji"},{"$i":"override-warning-msg","$v":"Želite li da zamenite postojeću datoteku?"},{"$i":"override","$v":"Zameni"},{"$i":"opt-takevideo","$v":"Kamera"},{"$i":"select","$v":"Izaberi"},{"$i":"opt-deselect","$v":"Poništi izbor"},{"$i":"opt-delete","$v":"Izbriši"},{"$i":"opt-rename","$v":"Preimenuj"},{"$i":"opt-selectmultiple","$v":"Odaberi više"},{"$i":"opt-fileinfo","$v":"Informacije o datoteci"},{"$i":"opt-selectall","$v":"Odaberi sve"},{"$i":"opt-deselectall","$v":"Opozovi izbor svega"},{"$i":"opt-fullscreen","$v":"Puni ekran"},{"$i":"opt-play","$v":"Reprodukuj"},{"$i":"opt-pause","$v":"Pauziraj"},{"$i":"opt-volume","$v":"Jačina zvuka"},{"$i":"opt-rotate","$v":"Rotiraj"},{"$i":"opt-cancel","$v":"Otkaži"},{"$i":"opt-settings","$v":"Podešavanja"},{"$i":"weekday-0-long","$v":"Nedelja"},{"$i":"weekday-1-long","$v":"Ponedeljak"},{"$i":"weekday-2-long","$v":"Utorak"},{"$i":"weekday-3-long","$v":"Sreda"},{"$i":"weekday-4-long","$v":"Četvrtak"},{"$i":"weekday-5-long","$v":"Petak"},{"$i":"weekday-6-long","$v":"Subota"},{"$i":"weekday-0-short","$v":"Ned"},{"$i":"weekday-1-short","$v":"Pon"},{"$i":"weekday-2-short","$v":"Uto"},{"$i":"weekday-3-short","$v":"Sre"},{"$i":"weekday-4-short","$v":"Čet"},{"$i":"weekday-5-short","$v":"Pet"},{"$i":"weekday-6-short","$v":"Sub"},{"$i":"month-0-long","$v":"Januar"},{"$i":"month-1-long","$v":"Februar"},{"$i":"month-2-long","$v":"Mart"},{"$i":"month-3-long","$v":"April"},{"$i":"month-4-long","$v":"Maj"},{"$i":"month-5-long","$v":"Jun"},{"$i":"month-6-long","$v":"Jul"},{"$i":"month-7-long","$v":"Avgust"},{"$i":"month-8-long","$v":"Septembar"},{"$i":"month-9-long","$v":"Oktobar"},{"$i":"month-10-long","$v":"Novembar"},{"$i":"month-11-long","$v":"Decembar"},{"$i":"month-0-genitive","$v":"Januar"},{"$i":"month-1-genitive","$v":"Februar"},{"$i":"month-2-genitive","$v":"Mart"},{"$i":"month-3-genitive","$v":"April"},{"$i":"month-4-genitive","$v":"Maj"},{"$i":"month-5-genitive","$v":"Jun"},{"$i":"month-6-genitive","$v":"Jul"},{"$i":"month-7-genitive","$v":"Avgust"},{"$i":"month-8-genitive","$v":"Septembar"},{"$i":"month-9-genitive","$v":"Oktobar"},{"$i":"month-10-genitive","$v":"Novembar"},{"$i":"month-11-genitive","$v":"Decembar"},{"$i":"month-0-short","$v":"Jan"},{"$i":"month-1-short","$v":"Feb"},{"$i":"month-2-short","$v":"Mar"},{"$i":"month-3-short","$v":"Apr"},{"$i":"month-4-short","$v":"Maj"},{"$i":"month-5-short","$v":"Jun"},{"$i":"month-6-short","$v":"Jul"},{"$i":"month-7-short","$v":"Avg"},{"$i":"month-8-short","$v":"Sep"},{"$i":"month-9-short","$v":"Okt"},{"$i":"month-10-short","$v":"Nov"},{"$i":"month-11-short","$v":"Dec"},{"$i":"minutes-ago-long","$v":{"few":["Pre ",{"t":"idOrVar","v":"value"}," minuta"],"many":["Pre ",{"t":"idOrVar","v":"value"}," minuta"],"other":["Pre ",{"t":"idOrVar","v":"value"}," minuta"],"two":["Pre ",{"t":"idOrVar","v":"value"}," minuta"],"one":"pre jednog minuta","zero":"malopre"},"$x":[{"t":"idOrVar","v":"plural"},"value"]},{"$i":"hours-ago-long","$v":{"few":["Pre ovoliko sati: ",{"t":"idOrVar","v":"value"}],"many":["Pre ovoliko sati: ",{"t":"idOrVar","v":"value"}],"other":["Pre ovoliko sati: ",{"t":"idOrVar","v":"value"}],"two":["Pre ovoliko sati: ",{"t":"idOrVar","v":"value"}],"one":"пре 1 сат","zero":"malopre"},"$x":[{"t":"idOrVar","v":"plural"},"value"]},{"$i":"days-ago-long","$v":{"few":["Pre ",{"t":"idOrVar","v":"value"}," dana"],"many":["Pre ",{"t":"idOrVar","v":"value"}," dana"],"one":"juče","other":["Pre ",{"t":"idOrVar","v":"value"}," dana"],"two":["Pre ",{"t":"idOrVar","v":"value"}," dana"],"zero":"danas"},"$x":[{"t":"idOrVar","v":"plural"},"value"]},{"$i":"weeks-ago-long","$v":{"few":["Pre ovoliko nedelja: ",{"t":"idOrVar","v":"value"}],"many":["Pre ovoliko nedelja: ",{"t":"idOrVar","v":"value"}],"one":"prošle nedelje","other":["Pre ovoliko nedelja: ",{"t":"idOrVar","v":"value"}],"two":["Pre ovoliko nedelja: ",{"t":"idOrVar","v":"value"}],"zero":"ove nedelje"},"$x":[{"t":"idOrVar","v":"plural"},"value"]},{"$i":"months-ago-long","$v":{"few":["Pre ovoliko meseci: ",{"t":"idOrVar","v":"value"}],"many":["Pre ovoliko meseci: ",{"t":"idOrVar","v":"value"}],"one":"prošli mesec","other":["Pre ovoliko meseci: ",{"t":"idOrVar","v":"value"}],"two":["Pre ovoliko meseci: ",{"t":"idOrVar","v":"value"}],"zero":"ovog meseca"},"$x":[{"t":"idOrVar","v":"plural"},"value"]},{"$i":"years-ago-long","$v":{"few":["Pre ovoliko godina: ",{"t":"idOrVar","v":"value"}],"many":["Pre ovoliko godina: ",{"t":"idOrVar","v":"value"}],"one":"prošle godine","other":["Pre ovoliko godina: ",{"t":"idOrVar","v":"value"}],"two":["Pre ovoliko godina: ",{"t":"idOrVar","v":"value"}],"zero":"ove godine"},"$x":[{"t":"idOrVar","v":"plural"},"value"]},{"$i":"minutes-until-long","$v":{"few":["za ",{"t":"idOrVar","v":"value"}," minuta"],"many":["za ",{"t":"idOrVar","v":"value"}," minuta"],"other":["za ",{"t":"idOrVar","v":"value"}," minuta"],"two":["za ",{"t":"idOrVar","v":"value"}," minuta"],"zero":"sada","one":"за 1 минут"},"$x":[{"t":"idOrVar","v":"plural"},"value"]},{"$i":"hours-until-long","$v":{"few":["za ",{"t":"idOrVar","v":"value"}," sata/i"],"many":["za ",{"t":"idOrVar","v":"value"}," sata/i"],"other":["za ",{"t":"idOrVar","v":"value"}," sata/i"],"two":["za ",{"t":"idOrVar","v":"value"}," sata/i"],"zero":"sada","one":"за 1 сат"},"$x":[{"t":"idOrVar","v":"plural"},"value"]},{"$i":"days-until-long","$v":{"few":["za ",{"t":"idOrVar","v":"value"}," dana"],"many":["za ",{"t":"idOrVar","v":"value"}," dana"],"one":"sutra","other":["za ",{"t":"idOrVar","v":"value"}," dana"],"two":["za ",{"t":"idOrVar","v":"value"}," dana"],"zero":"danas"},"$x":[{"t":"idOrVar","v":"plural"},"value"]},{"$i":"weeks-until-long","$v":{"few":["za ",{"t":"idOrVar","v":"value"}," nedelje/a"],"many":["za ",{"t":"idOrVar","v":"value"}," nedelje/a"],"one":"sledeća nedelja","other":["za ",{"t":"idOrVar","v":"value"}," nedelje/a"],"two":["za ",{"t":"idOrVar","v":"value"}," nedelje/a"],"zero":"ove nedelje"},"$x":[{"t":"idOrVar","v":"plural"},"value"]},{"$i":"months-until-long","$v":{"few":["za ",{"t":"idOrVar","v":"value"}," meseca/i"],"many":["za ",{"t":"idOrVar","v":"value"}," meseca/i"],"one":"sledeći mesec","other":["za ",{"t":"idOrVar","v":"value"}," meseca/i"],"two":["za ",{"t":"idOrVar","v":"value"}," meseca/i"],"zero":"ovog meseca"},"$x":[{"t":"idOrVar","v":"plural"},"value"]},{"$i":"years-until-long","$v":{"few":["za ",{"t":"idOrVar","v":"value"}," godine/a"],"many":["za ",{"t":"idOrVar","v":"value"}," godine/a"],"one":"sledeća godina","other":["za ",{"t":"idOrVar","v":"value"}," godine/a"],"two":["za ",{"t":"idOrVar","v":"value"}," godine/a"],"zero":"ove godine"},"$x":[{"t":"idOrVar","v":"plural"},"value"]},{"$i":"minutes-ago-short","$v":{"other":["Pre ",{"t":"idOrVar","v":"value"}," m"],"zero":"malopre"},"$x":[{"t":"idOrVar","v":"plural"},"value"]},{"$i":"hours-ago-short","$v":{"other":["Pre ",{"t":"idOrVar","v":"value"}," h"],"zero":"malopre"},"$x":[{"t":"idOrVar","v":"plural"},"value"]},{"$i":"days-ago-short","$v":{"other":["Pre ",{"t":"idOrVar","v":"value"}," d"],"zero":"danas"},"$x":[{"t":"idOrVar","v":"plural"},"value"]},{"$i":"minutes-until-short","$v":{"other":["za ",{"t":"idOrVar","v":"value"}," m"],"zero":"sada"},"$x":[{"t":"idOrVar","v":"plural"},"value"]},{"$i":"hours-until-short","$v":{"other":["za ",{"t":"idOrVar","v":"value"}," h"],"zero":"sada"},"$x":[{"t":"idOrVar","v":"plural"},"value"]},{"$i":"days-until-short","$v":{"other":["za ",{"t":"idOrVar","v":"value"}," d"],"zero":"danas"},"$x":[{"t":"idOrVar","v":"plural"},"value"]},{"$i":"incorrectDate","$v":"(netačan datum)"},{"$i":"dateTimeFormat_%c","$v":"%a %b %e %Y %I:%M:%S %p"},{"$i":"dateTimeFormat_%x","$v":"%m/%d/%Y"},{"$i":"dateTimeFormat_%X","$v":"%I:%M:%S %p"},{"$i":"shortTimeFormat","$v":"%I:%M %p"},{"$i":"shortTimeFormat12","$v":"%I:%M %p"},{"$i":"shortTimeFormat24","$v":"%H:%M"},{"$i":"shortDateTimeFormat","$v":"%x %I:%M %p"},{"$i":"weekStartsOnMonday","$v":"0.0"},{"$i":"firstDayOfTheWeek","$v":"1.0"},{"$i":"time_am","$v":"AM"},{"$i":"time_pm","$v":"Posle podne"},{"$i":"softkey-options","$v":"Opcije"}]