[{"$i":"done","$v":"Gotoka"},{"$i":"number-selected2","$v":{"few":[{"t":"idOrVar","v":"n"}," umechaguliwa"],"many":[{"t":"idOrVar","v":"n"}," umechaguliwa"],"one":[{"t":"idOrVar","v":"n"}," umechaguliwa"],"other":[{"t":"idOrVar","v":"n"}," umechaguliwa"],"two":[{"t":"idOrVar","v":"n"}," umechaguliwa"],"zero":[{"t":"idOrVar","v":"n"}," umechaguliwa"]},"$x":[{"t":"idOrVar","v":"plural"},"n"]},{"$i":"delete-n-items?","$v":{"few":["Unataka kufuta video ",{"t":"idOrVar","v":"n"},"?"],"many":["Unataka kufuta video ",{"t":"idOrVar","v":"n"},"?"],"one":"Unataka kufuta video iliyochaguliwa?","other":["Unataka kufuta video ",{"t":"idOrVar","v":"n"},"?"],"two":["Unataka kufuta video ",{"t":"idOrVar","v":"n"},"?"],"zero":"Hakuna wimbo umechaguliwa"},"$x":[{"t":"idOrVar","v":"plural"},"n"]},{"$i":"not-load-video-time","$v":"--:--"},{"$i":"video-time-num","$v":["0",{"t":"idOrVar","v":"num"}]},{"$i":"video-time-minute","$v":[{"t":"idOrVar","v":"owe"},{"t":"idOrVar","v":"m"},":",{"t":"idOrVar","v":"s"}]},{"$i":"video-time-hour","$v":[{"t":"idOrVar","v":"owe"},{"t":"idOrVar","v":"h"},":",{"t":"idOrVar","v":"m"},":",{"t":"idOrVar","v":"s"}]},{"$i":"share-noprovider","$v":"Jaribu kushiriki video moja moja."},{"$i":"videos","$v":"Video"},{"$i":"cancel","$v":"Ghairi"},{"$i":"delete-video?","$v":"Unataka kufuta video iliyochaguliwa?"},{"$i":"empty-title","$v":"Ongeza video ili uanze"},{"$i":"empty-text","$v":"Hakuna video inapatikana."},{"$i":"empty-content","$v":"Video ni tupu. Tumia kamera kuanza."},{"$i":"search-title","$v":"Inatafuta video..."},{"$i":"search-content","$v":"Inatafuta video..."},{"$i":"nocard2-title","$v":"Hakuna kadi ya kumbukumbu imepatikana"},{"$i":"nocard3-text","$v":"Kadi ya kumbukumbu haijapatikana. Tafahdali ingiza kadi ya kumbukumbu ili uchukue video."},{"$i":"pluggedin-title","$v":"Video haiwezi kutazamwa kifaa kikiwa kimechomekwa"},{"$i":"pluggedin-text","$v":"Hifadhi inatumika kwa sasa. Tafadhali chomoa simu ili uchukue picha."},{"$i":"upgrade-title","$v":"Sasisho la Hidadhidata"},{"$i":"upgrade-text","$v":"Tafadhali subiri Programu ya Video isasishe hifadhidata yake."},{"$i":"confirm-delete","$v":"Una uhakika unataka kufuta:"},{"$i":"pick-title","$v":"Chagua video"},{"$i":"save","$v":"Hifadhi"},{"$i":"saved","$v":"Imehifadhiwa kwenye maktaba ya Video."},{"$i":"save-failed","$v":"Imeshindwa kuhifadhi video, tafadhali jaribu tena."},{"$i":"error-network","$v":"Video haikuweza kupakuliwa kwa sababu ya hitilafu ya mtandao."},{"$i":"error-unsupported","$v":"Video haiwezi kuchezwa: aidha kwa sababu ya hitilafu ya seva au mtandao au kwa sababu umbizo halikubaliwi."},{"$i":"error-unknown","$v":"Hitilafu ya video isiyojulikana imetokea."},{"$i":"video-hardware-in-use-title","$v":"Huwezi kucheza video"},{"$i":"video-hardware-in-use-text","$v":"Programu nyingine unatumia kicheza video kwa sasa."},{"$i":"overlay-cancel-button","$v":"Ghairi"},{"$i":"overlay-camera-button","$v":"Nenda kwenye Kamera"},{"$i":"sd-storage-full-header","$v":"SD Kadi Imejaa"},{"$i":"sd-storage-full-content","$v":"Futa faili zilizo katika SD kadi ili upate nafasi zaidi."},{"$i":"phone-storage-full-header","$v":"Hifadhi ya Simu Imejaa"},{"$i":"phone-storage-full-content","$v":"Futa faili za maudhui ya kucheza au data ya programu ili upate nafasi zaidi. Pia unaweza kuweka SD kadi ili uongeze nafasi ya hifadhi ya maudhui."},{"$i":"name-label","$v":"Jina"},{"$i":"length-label","$v":"Urefu"},{"$i":"size-label","$v":"Ukubwa"},{"$i":"video-type-label","$v":"Iana ya Video"},{"$i":"date-taken-label","$v":"Tarehe Iliyopigwa"},{"$i":"resolution-label","$v":"Msongo"},{"$i":"close-button","$v":"Funga"},{"$i":"byteUnit-B","$v":"Baiti"},{"$i":"byteUnit-KB","$v":"KB"},{"$i":"byteUnit-MB","$v":"MB"},{"$i":"byteUnit-GB","$v":"GB"},{"$i":"byteUnit-TB","$v":"TB"},{"$i":"byteUnit-PB","$v":"PB"},{"$i":"byteUnit-EB","$v":"EB"},{"$i":"byteUnit-ZB","$v":"ZB"},{"$i":"byteUnit-YB","$v":"YB"},{"$i":"date-group-header","$v":"%B %Y"},{"$i":"share","$v":"Shiriki"},{"$i":"more-info","$v":"Maelezo zaidi"},{"$i":"delete","$v":"Futa"},{"$i":"video-button","ariaLabel":"Video"},{"$i":"select-button","ariaLabel":"Chagua"},{"$i":"delete-button","ariaLabel":"Futa"},{"$i":"share-button","ariaLabel":"Shiriki"},{"$i":"info-view","ariaLabel":"Maelezo"},{"$i":"options-view","ariaLabel":"Chaguo"},{"$i":"confirm-dialog","ariaLabel":"Thibitisha"},{"$i":"videos-list","ariaLabel":"Video"},{"$i":"options-more","ariaLabel":"Zaidi"},{"$i":"seek-backward","ariaLabel":"Tafuta upande wa nyuma"},{"$i":"seek-bar","ariaLabel":["Tafuta mwambaa, muda ",{"t":"idOrVar","v":"duration"}]},{"$i":"seek-forward","ariaLabel":"Tafuta upande wa mbele"},{"$i":"play-button","ariaLabel":"Cheza"},{"$i":"pause-button","ariaLabel":"Simamisha"},{"$i":"fullscreen-button","ariaLabel":"Skrini nzima"},{"$i":"show-controls-button","ariaLabel":"Onyesha udhibiti"},{"$i":"hide-controls-button","ariaLabel":"Ficha udhibiti"},{"$i":"confirmation-title","$v":"Uthibitishaji"},{"$i":"n-video-deleted","$v":{"zero":"Hakuna wimbo umechaguliwa","one":"Video imefutwa","few":["Video ",{"t":"idOrVar","v":"n"}," zimefutwa"],"many":["Video ",{"t":"idOrVar","v":"n"}," zimefutwa"],"other":["Video ",{"t":"idOrVar","v":"n"}," zimefutwa"],"two":["Video ",{"t":"idOrVar","v":"n"}," zimefutwa"]},"$x":[{"t":"idOrVar","v":"plural"},"n"]},{"$i":"rename-saved","$v":"Mabadiliko yamehifadhiwa"},{"$i":"confirm-video","$v":"Video"},{"$i":"confirm-ok","$v":"SAWA"},{"$i":"options-header","$v":"Chaguo"},{"$i":"video-invalid-name","$v":"Jina Sio Halali"},{"$i":"name-already-exists","$v":"Tayari jina hili linatumika"},{"$i":"override-warning-msg","$v":"Ungependa kuandikiza faili iliyopo?"},{"$i":"override","$v":"Andikiza"},{"$i":"opt-takevideo","$v":"Kamera"},{"$i":"select","$v":"Chagua"},{"$i":"opt-deselect","$v":"Tengua uteuzi"},{"$i":"opt-delete","$v":"Futa"},{"$i":"opt-rename","$v":"Badilisha jina"},{"$i":"opt-selectmultiple","$v":"Chagua Picha Nyingi"},{"$i":"opt-fileinfo","$v":"Maelezo ya Faili"},{"$i":"opt-selectall","$v":"Zote"},{"$i":"opt-deselectall","$v":"Hamna"},{"$i":"opt-fullscreen","$v":"Skrini Nzima"},{"$i":"opt-play","$v":"Cheza"},{"$i":"opt-pause","$v":"Simamisha"},{"$i":"opt-volume","$v":"Kiwango-sauti"},{"$i":"opt-rotate","$v":"Zungusha"},{"$i":"opt-cancel","$v":"Ghairi"},{"$i":"opt-settings","$v":"Mipangilio"},{"$i":"weekday-0-long","$v":"Jumapili"},{"$i":"weekday-1-long","$v":"Jumatatu"},{"$i":"weekday-2-long","$v":"Jumanne"},{"$i":"weekday-3-long","$v":"Jumatano"},{"$i":"weekday-4-long","$v":"Alhamisi"},{"$i":"weekday-5-long","$v":"Ijumaa"},{"$i":"weekday-6-long","$v":"Jumamosi"},{"$i":"weekday-0-short","$v":"Jumapili"},{"$i":"weekday-1-short","$v":"Jumatatu"},{"$i":"weekday-2-short","$v":"Jumanne"},{"$i":"weekday-3-short","$v":"Jumatano"},{"$i":"weekday-4-short","$v":"Alhamisi"},{"$i":"weekday-5-short","$v":"Ijumaa"},{"$i":"weekday-6-short","$v":"Jumamosi"},{"$i":"month-0-long","$v":"Januari"},{"$i":"month-1-long","$v":"Februari"},{"$i":"month-2-long","$v":"Machi"},{"$i":"month-3-long","$v":"Aprili"},{"$i":"month-4-long","$v":"Mei"},{"$i":"month-5-long","$v":"Juni"},{"$i":"month-6-long","$v":"Julai"},{"$i":"month-7-long","$v":"Agosti"},{"$i":"month-8-long","$v":"Septemba"},{"$i":"month-9-long","$v":"Oktoba"},{"$i":"month-10-long","$v":"Novemba"},{"$i":"month-11-long","$v":"Desemba"},{"$i":"month-0-genitive","$v":"Januari"},{"$i":"month-1-genitive","$v":"Februari"},{"$i":"month-2-genitive","$v":"Machi"},{"$i":"month-3-genitive","$v":"Aprili"},{"$i":"month-4-genitive","$v":"Mei"},{"$i":"month-5-genitive","$v":"Juni"},{"$i":"month-6-genitive","$v":"Julai"},{"$i":"month-7-genitive","$v":"Agosti"},{"$i":"month-8-genitive","$v":"Septemba"},{"$i":"month-9-genitive","$v":"Oktoba"},{"$i":"month-10-genitive","$v":"Novemba"},{"$i":"month-11-genitive","$v":"Desemba"},{"$i":"month-0-short","$v":"Januari"},{"$i":"month-1-short","$v":"Februari"},{"$i":"month-2-short","$v":"Machi"},{"$i":"month-3-short","$v":"Aprili"},{"$i":"month-4-short","$v":"Mei"},{"$i":"month-5-short","$v":"Juni"},{"$i":"month-6-short","$v":"Julai"},{"$i":"month-7-short","$v":"Agosti"},{"$i":"month-8-short","$v":"Septemba"},{"$i":"month-9-short","$v":"Oktoba"},{"$i":"month-10-short","$v":"Novemba"},{"$i":"month-11-short","$v":"Disemba"},{"$i":"minutes-ago-long","$v":{"few":["dakika ",{"t":"idOrVar","v":"value"}," zilizopita"],"many":["dakika ",{"t":"idOrVar","v":"value"}," zilizopita"],"other":["dakika ",{"t":"idOrVar","v":"value"}," zilizopita"],"two":["dakika ",{"t":"idOrVar","v":"value"}," zilizopita"],"one":"dakika moja iliyopita","zero":"Sasa Hivi"},"$x":[{"t":"idOrVar","v":"plural"},"value"]},{"$i":"hours-ago-long","$v":{"few":["saa ",{"t":"idOrVar","v":"value"}," zilizopita"],"many":["saa ",{"t":"idOrVar","v":"value"}," zilizopita"],"other":["saa ",{"t":"idOrVar","v":"value"}," zilizopita"],"two":["saa ",{"t":"idOrVar","v":"value"}," zilizopita"],"one":"saa moja iliyopita","zero":"Sasa Hivi"},"$x":[{"t":"idOrVar","v":"plural"},"value"]},{"$i":"days-ago-long","$v":{"few":["Siku ",{"t":"idOrVar","v":"value"}," zilizopita"],"many":["Siku ",{"t":"idOrVar","v":"value"}," zilizopita"],"one":"jana","other":["Siku ",{"t":"idOrVar","v":"value"}," zilizopita"],"two":["Siku ",{"t":"idOrVar","v":"value"}," zilizopita"],"zero":"leo"},"$x":[{"t":"idOrVar","v":"plural"},"value"]},{"$i":"weeks-ago-long","$v":{"few":["wiki ",{"t":"idOrVar","v":"value"}," zilizopita"],"many":["wiki ",{"t":"idOrVar","v":"value"}," zilizopita"],"one":"wiki iliyopita","other":["wiki ",{"t":"idOrVar","v":"value"}," zilizopita"],"two":["wiki ",{"t":"idOrVar","v":"value"}," zilizopita"],"zero":"wiki hii"},"$x":[{"t":"idOrVar","v":"plural"},"value"]},{"$i":"months-ago-long","$v":{"few":["miezi ",{"t":"idOrVar","v":"value"}," iliyopita"],"many":["miezi ",{"t":"idOrVar","v":"value"}," iliyopita"],"one":"mwezi uliopita","other":["miezi ",{"t":"idOrVar","v":"value"}," iliyopita"],"two":["miezi ",{"t":"idOrVar","v":"value"}," iliyopita"],"zero":"mwezi huu"},"$x":[{"t":"idOrVar","v":"plural"},"value"]},{"$i":"years-ago-long","$v":{"few":["mwaka ",{"t":"idOrVar","v":"value"}," uliopita"],"many":["mwaka ",{"t":"idOrVar","v":"value"}," uliopita"],"one":"mwaka jana","other":["mwaka ",{"t":"idOrVar","v":"value"}," uliopita"],"two":["mwaka ",{"t":"idOrVar","v":"value"}," uliopita"],"zero":"mwaka huu"},"$x":[{"t":"idOrVar","v":"plural"},"value"]},{"$i":"minutes-until-long","$v":{"few":["baada ya dakika ",{"t":"idOrVar","v":"value"}],"many":["baada ya dakika ",{"t":"idOrVar","v":"value"}],"other":["baada ya dakika ",{"t":"idOrVar","v":"value"}],"two":["baada ya dakika ",{"t":"idOrVar","v":"value"}],"zero":"sasa hivi","one":"baada ya dakika moja"},"$x":[{"t":"idOrVar","v":"plural"},"value"]},{"$i":"hours-until-long","$v":{"few":["baada ya saa ",{"t":"idOrVar","v":"value"}],"many":["baada ya saa ",{"t":"idOrVar","v":"value"}],"other":["baada ya saa ",{"t":"idOrVar","v":"value"}],"two":["baada ya saa ",{"t":"idOrVar","v":"value"}],"zero":"sasa hivi","one":"baada ya saa moja"},"$x":[{"t":"idOrVar","v":"plural"},"value"]},{"$i":"days-until-long","$v":{"few":["baada ya siku ",{"t":"idOrVar","v":"value"}],"many":["baada ya siku ",{"t":"idOrVar","v":"value"}],"one":"kesho","other":["baada ya siku ",{"t":"idOrVar","v":"value"}],"two":["baada ya siku ",{"t":"idOrVar","v":"value"}],"zero":"leo"},"$x":[{"t":"idOrVar","v":"plural"},"value"]},{"$i":"weeks-until-long","$v":{"few":["baada ya wiki ",{"t":"idOrVar","v":"value"}],"many":["baada ya wiki ",{"t":"idOrVar","v":"value"}],"one":"wiki ijayo","other":["baada ya wiki ",{"t":"idOrVar","v":"value"}],"two":["baada ya wiki ",{"t":"idOrVar","v":"value"}],"zero":"wiki hii"},"$x":[{"t":"idOrVar","v":"plural"},"value"]},{"$i":"months-until-long","$v":{"few":["baada ya miezi ",{"t":"idOrVar","v":"value"}],"many":["baada ya miezi ",{"t":"idOrVar","v":"value"}],"one":"mwezi ujao","other":["baada ya miezi ",{"t":"idOrVar","v":"value"}],"two":["baada ya miezi ",{"t":"idOrVar","v":"value"}],"zero":"mwezi huu"},"$x":[{"t":"idOrVar","v":"plural"},"value"]},{"$i":"years-until-long","$v":{"few":["baada ya miaka ",{"t":"idOrVar","v":"value"}],"many":["baada ya miaka ",{"t":"idOrVar","v":"value"}],"one":"mwaka ujao","other":["baada ya miaka ",{"t":"idOrVar","v":"value"}],"two":["baada ya miaka ",{"t":"idOrVar","v":"value"}],"zero":"mwaka huu"},"$x":[{"t":"idOrVar","v":"plural"},"value"]},{"$i":"minutes-ago-short","$v":{"other":["dakika ",{"t":"idOrVar","v":"value"}," iliyopita"],"zero":"Sasa Hivi"},"$x":[{"t":"idOrVar","v":"plural"},"value"]},{"$i":"hours-ago-short","$v":{"other":["saa ",{"t":"idOrVar","v":"value"}," iliyopita"],"zero":"Sasa Hivi"},"$x":[{"t":"idOrVar","v":"plural"},"value"]},{"$i":"days-ago-short","$v":{"other":["Siku ",{"t":"idOrVar","v":"value"}," iliyopita"],"zero":"leo"},"$x":[{"t":"idOrVar","v":"plural"},"value"]},{"$i":"minutes-until-short","$v":{"other":["baada ya dakika ",{"t":"idOrVar","v":"value"}],"zero":"sasa hivi"},"$x":[{"t":"idOrVar","v":"plural"},"value"]},{"$i":"hours-until-short","$v":{"other":["baada ya saa ",{"t":"idOrVar","v":"value"}],"zero":"sasa hivi"},"$x":[{"t":"idOrVar","v":"plural"},"value"]},{"$i":"days-until-short","$v":{"other":["baada ya siku ",{"t":"idOrVar","v":"value"}],"zero":"leo"},"$x":[{"t":"idOrVar","v":"plural"},"value"]},{"$i":"incorrectDate","$v":"(Tarehe isiyo sahihi)"},{"$i":"dateTimeFormat_%c","$v":"%a %b %e %Y %I:%M:%S %p"},{"$i":"dateTimeFormat_%x","$v":"%m/%d/%Y"},{"$i":"dateTimeFormat_%X","$v":"%I:%M:%S %p"},{"$i":"shortTimeFormat","$v":"%I:%M %p"},{"$i":"shortTimeFormat12","$v":"%I:%M %p"},{"$i":"shortTimeFormat24","$v":"%H:%M"},{"$i":"shortDateTimeFormat","$v":"%x %I:%M %p"},{"$i":"weekStartsOnMonday","$v":"0.0"},{"$i":"firstDayOfTheWeek","$v":"0.0"},{"$i":"time_am","$v":"Asubuhi"},{"$i":"time_pm","$v":"PM"},{"$i":"softkey-options","$v":"Chaguo"}]