[{"$i":"done","$v":"Bitti"},{"$i":"number-selected2","$v":{"few":[{"t":"idOrVar","v":"n"}," tane seçildi"],"many":[{"t":"idOrVar","v":"n"}," tane seçildi"],"one":[{"t":"idOrVar","v":"n"}," tane seçildi"],"other":[{"t":"idOrVar","v":"n"}," tane seçildi"],"two":[{"t":"idOrVar","v":"n"}," tane seçildi"],"zero":[{"t":"idOrVar","v":"n"}," tane seçildi"]},"$x":[{"t":"idOrVar","v":"plural"},"n"]},{"$i":"delete-n-items?","$v":{"few":[{"t":"idOrVar","v":"n"}," video silinsin mi?"],"many":[{"t":"idOrVar","v":"n"}," video silinsin mi?"],"one":"Seçilen video silinsin mi?","other":[{"t":"idOrVar","v":"n"}," video silinsin mi?"],"two":[{"t":"idOrVar","v":"n"}," video silinsin mi?"],"zero":"Hiçbir şey seçilmedi"},"$x":[{"t":"idOrVar","v":"plural"},"n"]},{"$i":"not-load-video-time","$v":"--:--"},{"$i":"video-time-num","$v":["0",{"t":"idOrVar","v":"num"}]},{"$i":"video-time-minute","$v":[{"t":"idOrVar","v":"owe"},{"t":"idOrVar","v":"m"},":",{"t":"idOrVar","v":"s"}]},{"$i":"video-time-hour","$v":[{"t":"idOrVar","v":"owe"},{"t":"idOrVar","v":"h"},":",{"t":"idOrVar","v":"m"},":",{"t":"idOrVar","v":"s"}]},{"$i":"share-noprovider","$v":"Bir seferde bir video paylaşmayı deneyin."},{"$i":"videos","$v":"Videolar"},{"$i":"cancel","$v":"İptal"},{"$i":"delete-video?","$v":"Seçilen video silinsin mi?"},{"$i":"empty-title","$v":"Başlamak için video ekleyin"},{"$i":"empty-text","$v":"Kullanılabilir video yok."},{"$i":"empty-content","$v":"Video boş. Başlamak için kamerayı kullanın."},{"$i":"search-title","$v":"Videolar taranıyor..."},{"$i":"search-content","$v":"Videolar taranıyor..."},{"$i":"nocard2-title","$v":"Bellek kartı bulunamadı"},{"$i":"nocard3-text","$v":"Bellek kartı bulunamadı. Video çekmek için bir bellek kartı takın."},{"$i":"pluggedin-title","$v":"Video, fişe takılıyken izlenemez."},{"$i":"pluggedin-text","$v":"Depolama birimi kullanımda. Fotoğraf çekmek için telefonu takılı olduğu yerden çıkarın."},{"$i":"upgrade-title","$v":"Veri Tabanı Sürümünü Yükseltme"},{"$i":"upgrade-text","$v":"Lütfen Video veri tabanını güncellerken bekleyin."},{"$i":"confirm-delete","$v":"Silmek istediğinizden emin misiniz:"},{"$i":"pick-title","$v":"Video seç"},{"$i":"save","$v":"Kaydet"},{"$i":"saved","$v":"Video kütüphanesine kaydedildi."},{"$i":"save-failed","$v":"Video kaydedilemiyor, lütfen daha sonra tekrar deneyin."},{"$i":"error-network","$v":"Video bir ağ hatasından dolayı yüklenemedi."},{"$i":"error-unsupported","$v":"Video oynatılamıyor: sunucu veya ağ arızasından dolayı veya biçim desteklenmiyor."},{"$i":"error-unknown","$v":"Bilinmeyen bir video hatası oluştu."},{"$i":"video-hardware-in-use-title","$v":"Video oynatılamıyor"},{"$i":"video-hardware-in-use-text","$v":"Video oynatıcıyı şu anda başka bir uygulama kullanıyor."},{"$i":"overlay-cancel-button","$v":"İptal"},{"$i":"overlay-camera-button","$v":"Kameraya git"},{"$i":"sd-storage-full-header","$v":"SD Kart Dolu"},{"$i":"sd-storage-full-content","$v":"Yer açmak için SD karttaki dosyaları silin."},{"$i":"phone-storage-full-header","$v":"Telefon Hafızası Dolu"},{"$i":"phone-storage-full-content","$v":"Yer açmak için medya dosyalarını veya uygulama verilerini silin. Medya depolama alanını genişletmek için SD kart da takabilirsiniz."},{"$i":"name-label","$v":"Ad"},{"$i":"length-label","$v":"Uzunluk"},{"$i":"size-label","$v":"Boyut"},{"$i":"video-type-label","$v":"Video Türü"},{"$i":"date-taken-label","$v":"Çekim Tarihi"},{"$i":"resolution-label","$v":"Çözünürlük"},{"$i":"close-button","$v":"Kapat"},{"$i":"byteUnit-B","$v":"Bayt"},{"$i":"byteUnit-KB","$v":"KB"},{"$i":"byteUnit-MB","$v":"MB"},{"$i":"byteUnit-GB","$v":"GB"},{"$i":"byteUnit-TB","$v":"TB"},{"$i":"byteUnit-PB","$v":"PB"},{"$i":"byteUnit-EB","$v":"EB"},{"$i":"byteUnit-ZB","$v":"ZB"},{"$i":"byteUnit-YB","$v":"YB"},{"$i":"date-group-header","$v":"%B %Y"},{"$i":"share","$v":"Paylaş"},{"$i":"more-info","$v":"Daha fazla bilgi"},{"$i":"delete","$v":"Sil"},{"$i":"video-button","ariaLabel":"Video"},{"$i":"select-button","ariaLabel":"Seç"},{"$i":"delete-button","ariaLabel":"Sil"},{"$i":"share-button","ariaLabel":"Paylaş"},{"$i":"info-view","ariaLabel":"Bilgi"},{"$i":"options-view","ariaLabel":"Seçenekler"},{"$i":"confirm-dialog","ariaLabel":"Onayla"},{"$i":"videos-list","ariaLabel":"Videolar"},{"$i":"options-more","ariaLabel":"Diğer"},{"$i":"seek-backward","ariaLabel":"Geriye doğru ara"},{"$i":"seek-bar","ariaLabel":["Arama çubuğu, süre ",{"t":"idOrVar","v":"duration"}]},{"$i":"seek-forward","ariaLabel":"İleriye doğru ara"},{"$i":"play-button","ariaLabel":"Oynat"},{"$i":"pause-button","ariaLabel":"Duraklat"},{"$i":"fullscreen-button","ariaLabel":"Tam ekran"},{"$i":"show-controls-button","ariaLabel":"Kontrolleri göster"},{"$i":"hide-controls-button","ariaLabel":"Kontrolleri gizle"},{"$i":"confirmation-title","$v":"Onay"},{"$i":"n-video-deleted","$v":{"zero":"Hiçbir şey seçilmedi","one":"Video silindi","few":[{"t":"idOrVar","v":"n"}," video silindi"],"many":[{"t":"idOrVar","v":"n"}," video silindi"],"other":[{"t":"idOrVar","v":"n"}," video silindi"],"two":[{"t":"idOrVar","v":"n"}," video silindi"]},"$x":[{"t":"idOrVar","v":"plural"},"n"]},{"$i":"rename-saved","$v":"Değişiklikler kaydedildi"},{"$i":"confirm-video","$v":"Video"},{"$i":"confirm-ok","$v":"Tamam"},{"$i":"options-header","$v":"Seçenekler"},{"$i":"video-invalid-name","$v":"Geçersiz Ad"},{"$i":"name-already-exists","$v":"Bu ad zaten var"},{"$i":"override-warning-msg","$v":"Mevcut resmi dosyayı kılmak ister misiniz?"},{"$i":"override","$v":"Geçersiz kıl"},{"$i":"opt-takevideo","$v":"Kamera"},{"$i":"select","$v":"Seç"},{"$i":"opt-deselect","$v":"Seçimi kaldır"},{"$i":"opt-delete","$v":"Sil"},{"$i":"opt-rename","$v":"Yeniden adlandır"},{"$i":"opt-selectmultiple","$v":"Çoklu Seç"},{"$i":"opt-fileinfo","$v":"Dosya Bilgisi"},{"$i":"opt-selectall","$v":"Tümü"},{"$i":"opt-deselectall","$v":"Hiçbiri"},{"$i":"opt-fullscreen","$v":"Tam Ekran"},{"$i":"opt-play","$v":"Oynat"},{"$i":"opt-pause","$v":"Duraklat"},{"$i":"opt-volume","$v":"Ses düzeyi"},{"$i":"opt-rotate","$v":"Döndür"},{"$i":"opt-cancel","$v":"İptal"},{"$i":"opt-settings","$v":"Ayarlar"},{"$i":"weekday-0-long","$v":"Pazar"},{"$i":"weekday-1-long","$v":"Pazartesi"},{"$i":"weekday-2-long","$v":"Salı"},{"$i":"weekday-3-long","$v":"Çarşamba"},{"$i":"weekday-4-long","$v":"Perşembe"},{"$i":"weekday-5-long","$v":"Cuma"},{"$i":"weekday-6-long","$v":"Cumartesi"},{"$i":"weekday-0-short","$v":"Paz"},{"$i":"weekday-1-short","$v":"Pzt"},{"$i":"weekday-2-short","$v":"Sal"},{"$i":"weekday-3-short","$v":"Çrş"},{"$i":"weekday-4-short","$v":"Per"},{"$i":"weekday-5-short","$v":"Cum"},{"$i":"weekday-6-short","$v":"Cmt"},{"$i":"month-0-long","$v":"Ocak"},{"$i":"month-1-long","$v":"Şubat"},{"$i":"month-2-long","$v":"Mart"},{"$i":"month-3-long","$v":"Nisan"},{"$i":"month-4-long","$v":"Mayıs"},{"$i":"month-5-long","$v":"Haziran"},{"$i":"month-6-long","$v":"Temmuz"},{"$i":"month-7-long","$v":"Ağustos"},{"$i":"month-8-long","$v":"Eylül"},{"$i":"month-9-long","$v":"Ekim"},{"$i":"month-10-long","$v":"Kasım"},{"$i":"month-11-long","$v":"Aralık"},{"$i":"month-0-genitive","$v":"Ocak"},{"$i":"month-1-genitive","$v":"Şubat"},{"$i":"month-2-genitive","$v":"Mart"},{"$i":"month-3-genitive","$v":"Nisan"},{"$i":"month-4-genitive","$v":"Mayıs"},{"$i":"month-5-genitive","$v":"Haziran"},{"$i":"month-6-genitive","$v":"Temmuz"},{"$i":"month-7-genitive","$v":"Ağustos"},{"$i":"month-8-genitive","$v":"Eylül"},{"$i":"month-9-genitive","$v":"Ekim"},{"$i":"month-10-genitive","$v":"Kasım"},{"$i":"month-11-genitive","$v":"Aralık"},{"$i":"month-0-short","$v":"Oca"},{"$i":"month-1-short","$v":"Şub"},{"$i":"month-2-short","$v":"Mar"},{"$i":"month-3-short","$v":"Nis"},{"$i":"month-4-short","$v":"Mayıs"},{"$i":"month-5-short","$v":"Haz"},{"$i":"month-6-short","$v":"Tem"},{"$i":"month-7-short","$v":"Ağu"},{"$i":"month-8-short","$v":"Eyl"},{"$i":"month-9-short","$v":"Eki"},{"$i":"month-10-short","$v":"Kas"},{"$i":"month-11-short","$v":"Ara"},{"$i":"minutes-ago-long","$v":{"few":[{"t":"idOrVar","v":"value"}," dakika önce"],"many":[{"t":"idOrVar","v":"value"}," dakika önce"],"other":[{"t":"idOrVar","v":"value"}," dakika önce"],"two":[{"t":"idOrVar","v":"value"}," dakika önce"],"one":"bir dakika önce","zero":"Hemen Şimdi"},"$x":[{"t":"idOrVar","v":"plural"},"value"]},{"$i":"hours-ago-long","$v":{"few":[{"t":"idOrVar","v":"value"}," saat önce"],"many":[{"t":"idOrVar","v":"value"}," saat önce"],"other":[{"t":"idOrVar","v":"value"}," saat önce"],"two":[{"t":"idOrVar","v":"value"}," saat önce"],"one":"bir saat önce","zero":"Hemen Şimdi"},"$x":[{"t":"idOrVar","v":"plural"},"value"]},{"$i":"days-ago-long","$v":{"few":[{"t":"idOrVar","v":"value"}," gün önce"],"many":[{"t":"idOrVar","v":"value"}," gün önce"],"one":"dün","other":[{"t":"idOrVar","v":"value"}," gün önce"],"two":[{"t":"idOrVar","v":"value"}," gün önce"],"zero":"bugün"},"$x":[{"t":"idOrVar","v":"plural"},"value"]},{"$i":"weeks-ago-long","$v":{"few":[{"t":"idOrVar","v":"value"}," hafta önce"],"many":[{"t":"idOrVar","v":"value"}," hafta önce"],"one":"geçen hafta","other":[{"t":"idOrVar","v":"value"}," hafta önce"],"two":[{"t":"idOrVar","v":"value"}," hafta önce"],"zero":"bu hafta"},"$x":[{"t":"idOrVar","v":"plural"},"value"]},{"$i":"months-ago-long","$v":{"few":[{"t":"idOrVar","v":"value"}," ay önce"],"many":[{"t":"idOrVar","v":"value"}," ay önce"],"one":"geçen ay","other":[{"t":"idOrVar","v":"value"}," ay önce"],"two":[{"t":"idOrVar","v":"value"}," ay önce"],"zero":"bu ay"},"$x":[{"t":"idOrVar","v":"plural"},"value"]},{"$i":"years-ago-long","$v":{"few":[{"t":"idOrVar","v":"value"}," yıl önce"],"many":[{"t":"idOrVar","v":"value"}," yıl önce"],"one":"geçen yıl","other":[{"t":"idOrVar","v":"value"}," yıl önce"],"two":[{"t":"idOrVar","v":"value"}," yıl önce"],"zero":"bu yıl"},"$x":[{"t":"idOrVar","v":"plural"},"value"]},{"$i":"minutes-until-long","$v":{"few":[{"t":"idOrVar","v":"value"}," dakika içinde"],"many":[{"t":"idOrVar","v":"value"}," dakika içinde"],"other":[{"t":"idOrVar","v":"value"}," dakika içinde"],"two":[{"t":"idOrVar","v":"value"}," dakika içinde"],"zero":"şimdi","one":"bir dakika içinde"},"$x":[{"t":"idOrVar","v":"plural"},"value"]},{"$i":"hours-until-long","$v":{"few":[{"t":"idOrVar","v":"value"}," saat içinde"],"many":[{"t":"idOrVar","v":"value"}," saat içinde"],"other":[{"t":"idOrVar","v":"value"}," saat içinde"],"two":[{"t":"idOrVar","v":"value"}," saat içinde"],"zero":"şimdi","one":"bir saat içinde"},"$x":[{"t":"idOrVar","v":"plural"},"value"]},{"$i":"days-until-long","$v":{"few":[{"t":"idOrVar","v":"value"}," gün içinde"],"many":[{"t":"idOrVar","v":"value"}," gün içinde"],"one":"yarın","other":[{"t":"idOrVar","v":"value"}," gün içinde"],"two":[{"t":"idOrVar","v":"value"}," gün içinde"],"zero":"bugün"},"$x":[{"t":"idOrVar","v":"plural"},"value"]},{"$i":"weeks-until-long","$v":{"few":[{"t":"idOrVar","v":"value"}," hafta içinde"],"many":[{"t":"idOrVar","v":"value"}," hafta içinde"],"one":"gelecek hafta","other":[{"t":"idOrVar","v":"value"}," hafta içinde"],"two":[{"t":"idOrVar","v":"value"}," hafta içinde"],"zero":"bu hafta"},"$x":[{"t":"idOrVar","v":"plural"},"value"]},{"$i":"months-until-long","$v":{"few":[{"t":"idOrVar","v":"value"}," ay içinde"],"many":[{"t":"idOrVar","v":"value"}," ay içinde"],"one":"gelecek ay","other":[{"t":"idOrVar","v":"value"}," ay içinde"],"two":[{"t":"idOrVar","v":"value"}," ay içinde"],"zero":"bu ay"},"$x":[{"t":"idOrVar","v":"plural"},"value"]},{"$i":"years-until-long","$v":{"few":[{"t":"idOrVar","v":"value"}," yıl içinde"],"many":[{"t":"idOrVar","v":"value"}," yıl içinde"],"one":"gelecek yıl","other":[{"t":"idOrVar","v":"value"}," yıl içinde"],"two":[{"t":"idOrVar","v":"value"}," yıl içinde"],"zero":"bu yıl"},"$x":[{"t":"idOrVar","v":"plural"},"value"]},{"$i":"minutes-ago-short","$v":{"other":[{"t":"idOrVar","v":"value"},"d önce"],"zero":"Hemen Şimdi"},"$x":[{"t":"idOrVar","v":"plural"},"value"]},{"$i":"hours-ago-short","$v":{"other":[{"t":"idOrVar","v":"value"},"s önce"],"zero":"Hemen Şimdi"},"$x":[{"t":"idOrVar","v":"plural"},"value"]},{"$i":"days-ago-short","$v":{"other":[{"t":"idOrVar","v":"value"},"g önce"],"zero":"bugün"},"$x":[{"t":"idOrVar","v":"plural"},"value"]},{"$i":"minutes-until-short","$v":{"other":[{"t":"idOrVar","v":"value"},"d içinde"],"zero":"şimdi"},"$x":[{"t":"idOrVar","v":"plural"},"value"]},{"$i":"hours-until-short","$v":{"other":[{"t":"idOrVar","v":"value"},"s içinde"],"zero":"şimdi"},"$x":[{"t":"idOrVar","v":"plural"},"value"]},{"$i":"days-until-short","$v":{"other":[{"t":"idOrVar","v":"value"},"g içinde"],"zero":"bugün"},"$x":[{"t":"idOrVar","v":"plural"},"value"]},{"$i":"incorrectDate","$v":"(hatalı tarih)"},{"$i":"dateTimeFormat_%c","$v":"%a %b %e %Y %I:%M:%S %p"},{"$i":"dateTimeFormat_%x","$v":"%d/%m/%Y"},{"$i":"dateTimeFormat_%X","$v":"%I:%M:%S %p"},{"$i":"shortTimeFormat","$v":"%I:%M %p"},{"$i":"shortTimeFormat12","$v":"%I:%M %p"},{"$i":"shortTimeFormat24","$v":"%H:%M"},{"$i":"shortDateTimeFormat","$v":"%x %I:%M %p"},{"$i":"weekStartsOnMonday","$v":"0.0"},{"$i":"firstDayOfTheWeek","$v":"1.0"},{"$i":"time_am","$v":"AM"},{"$i":"time_pm","$v":"PM"},{"$i":"softkey-options","$v":"Seçenekler"}]