[{"$i":"done","$v":"Готово"},{"$i":"number-selected2","$v":{"few":["Вибрано: ",{"t":"idOrVar","v":"n"}],"many":["Вибрано: ",{"t":"idOrVar","v":"n"}],"one":["Вибрано: ",{"t":"idOrVar","v":"n"}],"other":["Вибрано: ",{"t":"idOrVar","v":"n"}],"two":["Вибрано: ",{"t":"idOrVar","v":"n"}],"zero":["Вибрано: ",{"t":"idOrVar","v":"n"}]},"$x":[{"t":"idOrVar","v":"plural"},"n"]},{"$i":"delete-n-items?","$v":{"few":["Видалити ",{"t":"idOrVar","v":"n"}," відео?"],"many":["Видалити ",{"t":"idOrVar","v":"n"}," відео?"],"one":"Видалити вибране відео?","other":["Видалити ",{"t":"idOrVar","v":"n"}," відео?"],"two":["Видалити ",{"t":"idOrVar","v":"n"}," відео?"],"zero":"Нічого не вибрано"},"$x":[{"t":"idOrVar","v":"plural"},"n"]},{"$i":"not-load-video-time","$v":"--:--"},{"$i":"video-time-num","$v":["0",{"t":"idOrVar","v":"num"}]},{"$i":"video-time-minute","$v":[{"t":"idOrVar","v":"owe"},{"t":"idOrVar","v":"m"},":",{"t":"idOrVar","v":"s"}]},{"$i":"video-time-hour","$v":[{"t":"idOrVar","v":"owe"},{"t":"idOrVar","v":"h"},":",{"t":"idOrVar","v":"m"},":",{"t":"idOrVar","v":"s"}]},{"$i":"share-noprovider","$v":"Спробуйте надсилати одне відео за раз."},{"$i":"videos","$v":"Відео"},{"$i":"cancel","$v":"Скасувати"},{"$i":"delete-video?","$v":"Видалити вибране відео?"},{"$i":"empty-title","$v":"Додати перші відеокліпи"},{"$i":"empty-text","$v":"Немає доступних відео."},{"$i":"empty-content","$v":"Відео пусте. Щоб розпочати, скористайтеся камерою."},{"$i":"search-title","$v":"Сканування"},{"$i":"search-content","$v":"Сканування"},{"$i":"nocard2-title","$v":"Картку пам’яті не знайдено"},{"$i":"nocard3-text","$v":"Картку пам’яті не знайдено. Щоб знімати відео, вставте картку пам’яті."},{"$i":"pluggedin-title","$v":"Відео не відтворюється, якщо пристрій під’єднано"},{"$i":"pluggedin-text","$v":"Пам’ять зараз використовується. Від’єднайте телефон, щоб знімати відеокліпи."},{"$i":"upgrade-title","$v":"Оновлення бази даних"},{"$i":"upgrade-text","$v":"Зачекайте, поки оновиться база даних Відеокліпів."},{"$i":"confirm-delete","$v":"Видалити цей елемент:"},{"$i":"pick-title","$v":"Вибрати відеокліп"},{"$i":"save","$v":"Зберегти"},{"$i":"saved","$v":"збережено в бібліотеці відео."},{"$i":"save-failed","$v":"Не вдалося зберегти відео. Спробуйте знову."},{"$i":"error-network","$v":"Не вдалося завантажити відео через помилку мережі."},{"$i":"error-unsupported","$v":"Відео не відтворюється. Сталася помилка сервера чи мережі, або формат не підтримується."},{"$i":"error-unknown","$v":"Сталася помилка з відео."},{"$i":"video-hardware-in-use-title","$v":"Не вдалося відтворити відео."},{"$i":"video-hardware-in-use-text","$v":"Відеоплеєр наразі використовує інша програма."},{"$i":"overlay-cancel-button","$v":"Скасувати"},{"$i":"overlay-camera-button","$v":"Перейти до камери"},{"$i":"sd-storage-full-header","$v":"SD-картку заповнено."},{"$i":"sd-storage-full-content","$v":"Видаліть файли із SD-картки, щоб звільнити місце."},{"$i":"phone-storage-full-header","$v":"Пам’ять телефону заповнена"},{"$i":"phone-storage-full-content","$v":"Видаліть медіафайли або дані програми, щоб звільнити місце. Ви також можете збільшити вільний простір за допомогою SD-картки."},{"$i":"name-label","$v":"Ім’я"},{"$i":"length-label","$v":"Довжина"},{"$i":"size-label","$v":"Розмір"},{"$i":"video-type-label","$v":"Тип відео"},{"$i":"date-taken-label","$v":"Дата зйомки"},{"$i":"resolution-label","$v":"Роздільна здатність"},{"$i":"close-button","$v":"Закрити"},{"$i":"byteUnit-B","$v":"Байти"},{"$i":"byteUnit-KB","$v":"КБ"},{"$i":"byteUnit-MB","$v":"МБ"},{"$i":"byteUnit-GB","$v":"ГБ"},{"$i":"byteUnit-TB","$v":"ТБ"},{"$i":"byteUnit-PB","$v":"ПБ"},{"$i":"byteUnit-EB","$v":"ЕБ"},{"$i":"byteUnit-ZB","$v":"ЗБ"},{"$i":"byteUnit-YB","$v":"ЙБ"},{"$i":"date-group-header","$v":"%B %Y"},{"$i":"share","$v":"Обмінятися"},{"$i":"more-info","$v":"Додаткова інформація"},{"$i":"delete","$v":"Видалити"},{"$i":"video-button","ariaLabel":"Відеокліп"},{"$i":"select-button","ariaLabel":"Вибрати"},{"$i":"delete-button","ariaLabel":"Видалити"},{"$i":"share-button","ariaLabel":"Обмінятися"},{"$i":"info-view","ariaLabel":"Інформація"},{"$i":"options-view","ariaLabel":"Опції"},{"$i":"confirm-dialog","ariaLabel":"Підтвердити"},{"$i":"videos-list","ariaLabel":"Відео"},{"$i":"options-more","ariaLabel":"Більше"},{"$i":"seek-backward","ariaLabel":"Перемотати назад"},{"$i":"seek-bar","ariaLabel":["Панель пошуку, тривалість ",{"t":"idOrVar","v":"duration"}]},{"$i":"seek-forward","ariaLabel":"Пошук уперед"},{"$i":"play-button","ariaLabel":"Відтворити"},{"$i":"pause-button","ariaLabel":"Пауза"},{"$i":"fullscreen-button","ariaLabel":"Повний екран"},{"$i":"show-controls-button","ariaLabel":"Відобразити елем. керув."},{"$i":"hide-controls-button","ariaLabel":"Приховати елем. керування"},{"$i":"confirmation-title","$v":"Підтвердження"},{"$i":"n-video-deleted","$v":{"zero":"Нічого не вибрано","one":"Відео видалено.","few":["Видалено ",{"t":"idOrVar","v":"n"}," відео."],"many":["Видалено ",{"t":"idOrVar","v":"n"}," відео."],"other":["Видалено ",{"t":"idOrVar","v":"n"}," відео."],"two":["Видалено ",{"t":"idOrVar","v":"n"}," відео."]},"$x":[{"t":"idOrVar","v":"plural"},"n"]},{"$i":"rename-saved","$v":"Зміни збережено"},{"$i":"confirm-video","$v":"Відеокліп"},{"$i":"confirm-ok","$v":"OK"},{"$i":"options-header","$v":"Опції"},{"$i":"video-invalid-name","$v":"Неприпустиме ім’я"},{"$i":"name-already-exists","$v":"Ця назва вже існує."},{"$i":"override-warning-msg","$v":"Перезаписати наявний файл?"},{"$i":"override","$v":"Замістити"},{"$i":"opt-takevideo","$v":"Камера"},{"$i":"select","$v":"Вибрати"},{"$i":"opt-deselect","$v":"Скасувати вибір"},{"$i":"opt-delete","$v":"Видалити"},{"$i":"opt-rename","$v":"Перейменувати"},{"$i":"opt-selectmultiple","$v":"Вибрати декілька"},{"$i":"opt-fileinfo","$v":"Відом. про файл"},{"$i":"opt-selectall","$v":"Вибрати все"},{"$i":"opt-deselectall","$v":"Скасувати вибір усіх"},{"$i":"opt-fullscreen","$v":"Повний екран"},{"$i":"opt-play","$v":"Відтворити"},{"$i":"opt-pause","$v":"Пауза"},{"$i":"opt-volume","$v":"Гучність"},{"$i":"opt-rotate","$v":"Повернути"},{"$i":"opt-cancel","$v":"Скасувати"},{"$i":"opt-settings","$v":"Настройки"},{"$i":"weekday-0-long","$v":"Неділя"},{"$i":"weekday-1-long","$v":"Понеділок"},{"$i":"weekday-2-long","$v":"Вівторок"},{"$i":"weekday-3-long","$v":"Середа"},{"$i":"weekday-4-long","$v":"Четвер"},{"$i":"weekday-5-long","$v":"П’ятниця"},{"$i":"weekday-6-long","$v":"Субота"},{"$i":"weekday-0-short","$v":"Нд"},{"$i":"weekday-1-short","$v":"Пн"},{"$i":"weekday-2-short","$v":"Вт"},{"$i":"weekday-3-short","$v":"Ср"},{"$i":"weekday-4-short","$v":"Чт"},{"$i":"weekday-5-short","$v":"Пт"},{"$i":"weekday-6-short","$v":"Сб"},{"$i":"month-0-long","$v":"Січень"},{"$i":"month-1-long","$v":"Лютий"},{"$i":"month-2-long","$v":"Березень"},{"$i":"month-3-long","$v":"Квітень"},{"$i":"month-4-long","$v":"Травень"},{"$i":"month-5-long","$v":"Червень"},{"$i":"month-6-long","$v":"Липень"},{"$i":"month-7-long","$v":"Серпень"},{"$i":"month-8-long","$v":"Вересень"},{"$i":"month-9-long","$v":"Жовтень"},{"$i":"month-10-long","$v":"Листопад"},{"$i":"month-11-long","$v":"Грудень"},{"$i":"month-0-genitive","$v":"січня"},{"$i":"month-1-genitive","$v":"лютого"},{"$i":"month-2-genitive","$v":"березня"},{"$i":"month-3-genitive","$v":"квітня"},{"$i":"month-4-genitive","$v":"травня"},{"$i":"month-5-genitive","$v":"червня"},{"$i":"month-6-genitive","$v":"липня"},{"$i":"month-7-genitive","$v":"серпня"},{"$i":"month-8-genitive","$v":"вересня"},{"$i":"month-9-genitive","$v":"жовтня"},{"$i":"month-10-genitive","$v":"листопада"},{"$i":"month-11-genitive","$v":"грудня"},{"$i":"month-0-short","$v":"Січ"},{"$i":"month-1-short","$v":"Лют"},{"$i":"month-2-short","$v":"Бер"},{"$i":"month-3-short","$v":"Кві"},{"$i":"month-4-short","$v":"Тра"},{"$i":"month-5-short","$v":"Чер"},{"$i":"month-6-short","$v":"Лип"},{"$i":"month-7-short","$v":"Сер"},{"$i":"month-8-short","$v":"Вер"},{"$i":"month-9-short","$v":"Жов"},{"$i":"month-10-short","$v":"Лис"},{"$i":"month-11-short","$v":"Гру"},{"$i":"minutes-ago-long","$v":{"few":[{"t":"idOrVar","v":"value"}," хвилини тому"],"many":[{"t":"idOrVar","v":"value"}," хвилин тому"],"other":[{"t":"idOrVar","v":"value"}," хвилини тому"],"two":[{"t":"idOrVar","v":"value"}," хвилини тому"],"one":"Хвилину тому","zero":"просто зараз"},"$x":[{"t":"idOrVar","v":"plural"},"value"]},{"$i":"hours-ago-long","$v":{"few":[{"t":"idOrVar","v":"value"}," години тому"],"many":[{"t":"idOrVar","v":"value"}," годин тому"],"other":[{"t":"idOrVar","v":"value"}," години тому"],"two":[{"t":"idOrVar","v":"value"}," години тому"],"one":"1 год","zero":"просто зараз"},"$x":[{"t":"idOrVar","v":"plural"},"value"]},{"$i":"days-ago-long","$v":{"few":[{"t":"idOrVar","v":"value"}," дні тому"],"many":[{"t":"idOrVar","v":"value"}," днів тому"],"one":"учора","other":[{"t":"idOrVar","v":"value"}," дня тому"],"two":[{"t":"idOrVar","v":"value"}," дні тому"],"zero":"сьогодні"},"$x":[{"t":"idOrVar","v":"plural"},"value"]},{"$i":"weeks-ago-long","$v":{"few":[{"t":"idOrVar","v":"value"}," тижні тому"],"many":[{"t":"idOrVar","v":"value"}," тижнів тому"],"one":"минулий тиждень","other":[{"t":"idOrVar","v":"value"}," тижня тому"],"two":[{"t":"idOrVar","v":"value"}," тижні тому"],"zero":"цього тижня"},"$x":[{"t":"idOrVar","v":"plural"},"value"]},{"$i":"months-ago-long","$v":{"few":[{"t":"idOrVar","v":"value"}," місяці тому"],"many":[{"t":"idOrVar","v":"value"}," місяців тому"],"one":"минулий місяць","other":[{"t":"idOrVar","v":"value"}," місяця тому"],"two":[{"t":"idOrVar","v":"value"}," місяці тому"],"zero":"цього місяця"},"$x":[{"t":"idOrVar","v":"plural"},"value"]},{"$i":"years-ago-long","$v":{"few":[{"t":"idOrVar","v":"value"}," роки тому"],"many":[{"t":"idOrVar","v":"value"}," років тому"],"one":"минулий рік","other":[{"t":"idOrVar","v":"value"}," року тому"],"two":[{"t":"idOrVar","v":"value"}," роки тому"],"zero":"цього року"},"$x":[{"t":"idOrVar","v":"plural"},"value"]},{"$i":"minutes-until-long","$v":{"few":["через ",{"t":"idOrVar","v":"value"}," хв."],"many":["через ",{"t":"idOrVar","v":"value"}," хв."],"other":["через ",{"t":"idOrVar","v":"value"}," хв."],"two":["через ",{"t":"idOrVar","v":"value"}," хв."],"zero":"зараз","one":"за 1 хвилину"},"$x":[{"t":"idOrVar","v":"plural"},"value"]},{"$i":"hours-until-long","$v":{"few":["через ",{"t":"idOrVar","v":"value"}," год."],"many":["через ",{"t":"idOrVar","v":"value"}," год."],"other":["через ",{"t":"idOrVar","v":"value"}," год."],"two":["через ",{"t":"idOrVar","v":"value"}," год."],"zero":"зараз","one":"через 1 годину"},"$x":[{"t":"idOrVar","v":"plural"},"value"]},{"$i":"days-until-long","$v":{"few":["через ",{"t":"idOrVar","v":"value"}," дн."],"many":["через ",{"t":"idOrVar","v":"value"}," дн."],"one":"завтра","other":["через ",{"t":"idOrVar","v":"value"}," дн."],"two":["через ",{"t":"idOrVar","v":"value"}," дн."],"zero":"сьогодні"},"$x":[{"t":"idOrVar","v":"plural"},"value"]},{"$i":"weeks-until-long","$v":{"few":["через ",{"t":"idOrVar","v":"value"}," тиж."],"many":["через ",{"t":"idOrVar","v":"value"}," тиж."],"one":"наступного тижня","other":["через ",{"t":"idOrVar","v":"value"}," тиж."],"two":["через ",{"t":"idOrVar","v":"value"}," тиж."],"zero":"цього тижня"},"$x":[{"t":"idOrVar","v":"plural"},"value"]},{"$i":"months-until-long","$v":{"few":["через ",{"t":"idOrVar","v":"value"}," міс."],"many":["через ",{"t":"idOrVar","v":"value"}," міс."],"one":"наступного місяця","other":["через ",{"t":"idOrVar","v":"value"}," міс."],"two":["через ",{"t":"idOrVar","v":"value"}," міс."],"zero":"цього місяця"},"$x":[{"t":"idOrVar","v":"plural"},"value"]},{"$i":"years-until-long","$v":{"few":["через ",{"t":"idOrVar","v":"value"}," р."],"many":["через ",{"t":"idOrVar","v":"value"}," р."],"one":"наступного року","other":["через ",{"t":"idOrVar","v":"value"}," р."],"two":["через ",{"t":"idOrVar","v":"value"}," р."],"zero":"цього року"},"$x":[{"t":"idOrVar","v":"plural"},"value"]},{"$i":"minutes-ago-short","$v":{"other":[{"t":"idOrVar","v":"value"}," хвилини тому"],"zero":"просто зараз"},"$x":[{"t":"idOrVar","v":"plural"},"value"]},{"$i":"hours-ago-short","$v":{"other":[{"t":"idOrVar","v":"value"}," години тому"],"zero":"просто зараз"},"$x":[{"t":"idOrVar","v":"plural"},"value"]},{"$i":"days-ago-short","$v":{"other":[{"t":"idOrVar","v":"value"}," дня тому"],"zero":"сьогодні"},"$x":[{"t":"idOrVar","v":"plural"},"value"]},{"$i":"minutes-until-short","$v":{"other":["через ",{"t":"idOrVar","v":"value"}," хв."],"zero":"зараз"},"$x":[{"t":"idOrVar","v":"plural"},"value"]},{"$i":"hours-until-short","$v":{"other":["через ",{"t":"idOrVar","v":"value"}," год."],"zero":"зараз"},"$x":[{"t":"idOrVar","v":"plural"},"value"]},{"$i":"days-until-short","$v":{"other":["через ",{"t":"idOrVar","v":"value"}," дн."],"zero":"сьогодні"},"$x":[{"t":"idOrVar","v":"plural"},"value"]},{"$i":"incorrectDate","$v":"(неправильна дата)"},{"$i":"dateTimeFormat_%c","$v":"%a %b %e %Y %I:%M:%S %p"},{"$i":"dateTimeFormat_%x","$v":"%m/%d/%Y"},{"$i":"dateTimeFormat_%X","$v":"%I:%M:%S %p"},{"$i":"shortTimeFormat","$v":"%I:%M %p"},{"$i":"shortTimeFormat12","$v":"%I:%M %p"},{"$i":"shortTimeFormat24","$v":"%H:%M"},{"$i":"shortDateTimeFormat","$v":"%x %I:%M %p"},{"$i":"weekStartsOnMonday","$v":"0.0"},{"$i":"firstDayOfTheWeek","$v":"1.0"},{"$i":"time_am","$v":"ДП"},{"$i":"time_pm","$v":"ПП"},{"$i":"softkey-options","$v":"Опції"}]