[{"$i":"done","$v":"已完成"},{"$i":"number-selected2","$v":{"few":["已選取",{"t":"idOrVar","v":"n"}],"many":["已選取",{"t":"idOrVar","v":"n"}],"one":["已選取",{"t":"idOrVar","v":"n"}],"other":["已選取",{"t":"idOrVar","v":"n"}],"two":["已選取",{"t":"idOrVar","v":"n"}],"zero":["已選取",{"t":"idOrVar","v":"n"}]},"$x":[{"t":"idOrVar","v":"plural"},"n"]},{"$i":"delete-n-items?","$v":{"few":["刪除",{"t":"idOrVar","v":"n"},"個影片？"],"many":["刪除",{"t":"idOrVar","v":"n"},"個影片？"],"one":"刪除所選的影片？","other":["刪除",{"t":"idOrVar","v":"n"},"個影片？"],"two":["刪除",{"t":"idOrVar","v":"n"},"個影片？"],"zero":"沒有選取任何內容"},"$x":[{"t":"idOrVar","v":"plural"},"n"]},{"$i":"not-load-video-time","$v":"--:--"},{"$i":"video-time-num","$v":["0",{"t":"idOrVar","v":"num"}]},{"$i":"video-time-minute","$v":[{"t":"idOrVar","v":"owe"},{"t":"idOrVar","v":"m"},":",{"t":"idOrVar","v":"s"}]},{"$i":"video-time-hour","$v":[{"t":"idOrVar","v":"owe"},{"t":"idOrVar","v":"h"},":",{"t":"idOrVar","v":"m"},":",{"t":"idOrVar","v":"s"}]},{"$i":"share-noprovider","$v":"一次嘗試分享一個影片。"},{"$i":"videos","$v":"影片庫"},{"$i":"cancel","$v":"取消"},{"$i":"delete-video?","$v":"刪除所選的影片？"},{"$i":"empty-title","$v":"增加影片庫以開始使用"},{"$i":"empty-text","$v":"無可用影片。"},{"$i":"empty-content","$v":"影片空白。使用相機以開始。"},{"$i":"search-title","$v":"正在掃描"},{"$i":"search-content","$v":"正在掃描"},{"$i":"nocard2-title","$v":"找不到記憶卡"},{"$i":"nocard3-text","$v":"找不到記憶卡。請插入記憶卡來拍攝影片。"},{"$i":"pluggedin-title","$v":"當插上電源時無法播放影片"},{"$i":"pluggedin-text","$v":"儲存空間目前正在使用中。請拔除手機以拍攝影片。"},{"$i":"upgrade-title","$v":"資料庫升級"},{"$i":"upgrade-text","$v":"影片正在更新其資料庫，請稍候。"},{"$i":"confirm-delete","$v":"確認要刪除："},{"$i":"pick-title","$v":"選取影片"},{"$i":"save","$v":"儲存"},{"$i":"saved","$v":"儲存至影片資料庫。"},{"$i":"save-failed","$v":"無法儲存影片，請再試一次。"},{"$i":"error-network","$v":"影片因網路錯誤而無法下載。"},{"$i":"error-unsupported","$v":"無法播放影片：因為伺服器或網路出現故障或格式不受支援。"},{"$i":"error-unknown","$v":"發生不明影片錯誤。"},{"$i":"video-hardware-in-use-title","$v":"無法播放影片"},{"$i":"video-hardware-in-use-text","$v":"其他應用程式目前正在使用影片播放機。"},{"$i":"overlay-cancel-button","$v":"取消"},{"$i":"overlay-camera-button","$v":"轉至相機"},{"$i":"sd-storage-full-header","$v":"SD卡已滿。"},{"$i":"sd-storage-full-content","$v":"刪除SD卡中的檔案以釋放空間。"},{"$i":"phone-storage-full-header","$v":"手機儲存空間已滿。"},{"$i":"phone-storage-full-content","$v":"刪除媒體檔案或應用程式資料以釋放空間。您還可以插入SD卡來擴充媒體儲存空間。"},{"$i":"name-label","$v":"名稱"},{"$i":"length-label","$v":"長度"},{"$i":"size-label","$v":"大小"},{"$i":"video-type-label","$v":"影片類型"},{"$i":"date-taken-label","$v":"拍攝日期"},{"$i":"resolution-label","$v":"解析度"},{"$i":"close-button","$v":"關閉"},{"$i":"byteUnit-B","$v":"位元組"},{"$i":"byteUnit-KB","$v":"KB"},{"$i":"byteUnit-MB","$v":"MB"},{"$i":"byteUnit-GB","$v":"GB"},{"$i":"byteUnit-TB","$v":"TB"},{"$i":"byteUnit-PB","$v":"PB"},{"$i":"byteUnit-EB","$v":"EB"},{"$i":"byteUnit-ZB","$v":"ZB"},{"$i":"byteUnit-YB","$v":"YB"},{"$i":"date-group-header","$v":"%B %Y"},{"$i":"share","$v":"分享"},{"$i":"more-info","$v":"更多資訊"},{"$i":"delete","$v":"刪除"},{"$i":"video-button","ariaLabel":"影片"},{"$i":"select-button","ariaLabel":"選取"},{"$i":"delete-button","ariaLabel":"刪除"},{"$i":"share-button","ariaLabel":"分享"},{"$i":"info-view","ariaLabel":"資訊"},{"$i":"options-view","ariaLabel":"選項"},{"$i":"confirm-dialog","ariaLabel":"確認"},{"$i":"videos-list","ariaLabel":"影片庫"},{"$i":"options-more","ariaLabel":"更多"},{"$i":"seek-backward","ariaLabel":"向後搜尋"},{"$i":"seek-bar","ariaLabel":["搜尋列(期限",{"t":"idOrVar","v":"duration"},")"]},{"$i":"seek-forward","ariaLabel":"向前搜尋"},{"$i":"play-button","ariaLabel":"播放"},{"$i":"pause-button","ariaLabel":"暫停"},{"$i":"fullscreen-button","ariaLabel":"全螢幕"},{"$i":"show-controls-button","ariaLabel":"顯示控制"},{"$i":"hide-controls-button","ariaLabel":"隱藏控制"},{"$i":"confirmation-title","$v":"確認"},{"$i":"n-video-deleted","$v":{"zero":"沒有選取任何內容","one":"視頻已刪除。","few":["已刪除",{"t":"idOrVar","v":"n"},"段影片。"],"many":["已刪除",{"t":"idOrVar","v":"n"},"段影片。"],"other":["已刪除",{"t":"idOrVar","v":"n"},"段影片。"],"two":["已刪除",{"t":"idOrVar","v":"n"},"段影片。"]},"$x":[{"t":"idOrVar","v":"plural"},"n"]},{"$i":"rename-saved","$v":"變更已儲存"},{"$i":"confirm-video","$v":"影片"},{"$i":"confirm-ok","$v":"確認"},{"$i":"options-header","$v":"選項"},{"$i":"video-invalid-name","$v":"名稱無效"},{"$i":"name-already-exists","$v":"此名稱已存在"},{"$i":"override-warning-msg","$v":"是否要覆寫現有檔案？"},{"$i":"override","$v":"覆寫"},{"$i":"opt-takevideo","$v":"相機"},{"$i":"select","$v":"選取"},{"$i":"opt-deselect","$v":"取消選取"},{"$i":"opt-delete","$v":"刪除"},{"$i":"opt-rename","$v":"重新命名"},{"$i":"opt-selectmultiple","$v":"多選"},{"$i":"opt-fileinfo","$v":"檔案資訊"},{"$i":"opt-selectall","$v":"全選"},{"$i":"opt-deselectall","$v":"全部取消"},{"$i":"opt-fullscreen","$v":"全螢幕"},{"$i":"opt-play","$v":"播放"},{"$i":"opt-pause","$v":"暫停"},{"$i":"opt-volume","$v":"音量"},{"$i":"opt-rotate","$v":"旋轉"},{"$i":"opt-cancel","$v":"取消"},{"$i":"opt-settings","$v":"設定"},{"$i":"weekday-0-long","$v":"星期日"},{"$i":"weekday-1-long","$v":"星期一"},{"$i":"weekday-2-long","$v":"星期二"},{"$i":"weekday-3-long","$v":"星期三"},{"$i":"weekday-4-long","$v":"星期四"},{"$i":"weekday-5-long","$v":"星期五"},{"$i":"weekday-6-long","$v":"星期六"},{"$i":"weekday-0-short","$v":"周日"},{"$i":"weekday-1-short","$v":"周一"},{"$i":"weekday-2-short","$v":"周二"},{"$i":"weekday-3-short","$v":"周三"},{"$i":"weekday-4-short","$v":"周四"},{"$i":"weekday-5-short","$v":"周五"},{"$i":"weekday-6-short","$v":"周六"},{"$i":"month-0-long","$v":"一月"},{"$i":"month-1-long","$v":"二月"},{"$i":"month-2-long","$v":"三月"},{"$i":"month-3-long","$v":"四月"},{"$i":"month-4-long","$v":"五月"},{"$i":"month-5-long","$v":"六月"},{"$i":"month-6-long","$v":"七月"},{"$i":"month-7-long","$v":"八月"},{"$i":"month-8-long","$v":"九月"},{"$i":"month-9-long","$v":"十月"},{"$i":"month-10-long","$v":"十一月"},{"$i":"month-11-long","$v":"十二月"},{"$i":"month-0-genitive","$v":"一月"},{"$i":"month-1-genitive","$v":"二月"},{"$i":"month-2-genitive","$v":"三月"},{"$i":"month-3-genitive","$v":"四月"},{"$i":"month-4-genitive","$v":"五月"},{"$i":"month-5-genitive","$v":"六月"},{"$i":"month-6-genitive","$v":"七月"},{"$i":"month-7-genitive","$v":"八月"},{"$i":"month-8-genitive","$v":"九月"},{"$i":"month-9-genitive","$v":"十月"},{"$i":"month-10-genitive","$v":"十一月"},{"$i":"month-11-genitive","$v":"十二月"},{"$i":"month-0-short","$v":"1月"},{"$i":"month-1-short","$v":"2月"},{"$i":"month-2-short","$v":"3月"},{"$i":"month-3-short","$v":"4月"},{"$i":"month-4-short","$v":"5月"},{"$i":"month-5-short","$v":"6月"},{"$i":"month-6-short","$v":"7月"},{"$i":"month-7-short","$v":"8月"},{"$i":"month-8-short","$v":"9月"},{"$i":"month-9-short","$v":"10月"},{"$i":"month-10-short","$v":"11月"},{"$i":"month-11-short","$v":"12月"},{"$i":"minutes-ago-long","$v":{"few":[{"t":"idOrVar","v":"value"},"分鐘前"],"many":[{"t":"idOrVar","v":"value"},"分鐘前"],"other":[{"t":"idOrVar","v":"value"},"分鐘前"],"two":[{"t":"idOrVar","v":"value"},"分鐘前"],"one":"一分鐘前","zero":"現在"},"$x":[{"t":"idOrVar","v":"plural"},"value"]},{"$i":"hours-ago-long","$v":{"few":[{"t":"idOrVar","v":"value"},"小時前"],"many":[{"t":"idOrVar","v":"value"},"小時前"],"other":[{"t":"idOrVar","v":"value"},"小時前"],"two":[{"t":"idOrVar","v":"value"},"小時前"],"one":"1小時前","zero":"現在"},"$x":[{"t":"idOrVar","v":"plural"},"value"]},{"$i":"days-ago-long","$v":{"few":[{"t":"idOrVar","v":"value"},"天前"],"many":[{"t":"idOrVar","v":"value"},"天前"],"one":"昨天","other":[{"t":"idOrVar","v":"value"},"天前"],"two":[{"t":"idOrVar","v":"value"},"天前"],"zero":"今天"},"$x":[{"t":"idOrVar","v":"plural"},"value"]},{"$i":"weeks-ago-long","$v":{"few":[{"t":"idOrVar","v":"value"},"星期前"],"many":[{"t":"idOrVar","v":"value"},"星期前"],"one":"上週","other":[{"t":"idOrVar","v":"value"},"星期前"],"two":[{"t":"idOrVar","v":"value"},"星期前"],"zero":"本週"},"$x":[{"t":"idOrVar","v":"plural"},"value"]},{"$i":"months-ago-long","$v":{"few":[{"t":"idOrVar","v":"value"},"個月前"],"many":[{"t":"idOrVar","v":"value"},"個月前"],"one":"上個月","other":[{"t":"idOrVar","v":"value"},"個月前"],"two":[{"t":"idOrVar","v":"value"},"個月前"],"zero":"本月"},"$x":[{"t":"idOrVar","v":"plural"},"value"]},{"$i":"years-ago-long","$v":{"few":[{"t":"idOrVar","v":"value"},"年前"],"many":[{"t":"idOrVar","v":"value"},"年前"],"one":"上一年","other":[{"t":"idOrVar","v":"value"},"年前"],"two":[{"t":"idOrVar","v":"value"},"年前"],"zero":"今年"},"$x":[{"t":"idOrVar","v":"plural"},"value"]},{"$i":"minutes-until-long","$v":{"few":["在",{"t":"idOrVar","v":"value"},"分鐘後"],"many":["在",{"t":"idOrVar","v":"value"},"分鐘後"],"other":["在",{"t":"idOrVar","v":"value"},"分鐘後"],"two":["在",{"t":"idOrVar","v":"value"},"分鐘後"],"zero":"現在","one":"1分鐘內"},"$x":[{"t":"idOrVar","v":"plural"},"value"]},{"$i":"hours-until-long","$v":{"few":["在",{"t":"idOrVar","v":"value"},"小時後"],"many":["在",{"t":"idOrVar","v":"value"},"小時後"],"other":["在",{"t":"idOrVar","v":"value"},"小時後"],"two":[{"t":"idOrVar","v":"value"},"小時"],"zero":"現在","one":"1小時內"},"$x":[{"t":"idOrVar","v":"plural"},"value"]},{"$i":"days-until-long","$v":{"few":["在",{"t":"idOrVar","v":"value"},"天後"],"many":["在",{"t":"idOrVar","v":"value"},"天後"],"one":"明天","other":["在",{"t":"idOrVar","v":"value"},"天後"],"two":["在",{"t":"idOrVar","v":"value"},"天後"],"zero":"今天"},"$x":[{"t":"idOrVar","v":"plural"},"value"]},{"$i":"weeks-until-long","$v":{"few":["在",{"t":"idOrVar","v":"value"},"週後"],"many":["在",{"t":"idOrVar","v":"value"},"週後"],"one":"下週","other":["在",{"t":"idOrVar","v":"value"},"週後"],"two":["在",{"t":"idOrVar","v":"value"},"週後"],"zero":"本週"},"$x":[{"t":"idOrVar","v":"plural"},"value"]},{"$i":"months-until-long","$v":{"few":["在",{"t":"idOrVar","v":"value"},"個月後"],"many":["在",{"t":"idOrVar","v":"value"},"個月後"],"one":"下個月","other":["在",{"t":"idOrVar","v":"value"},"個月後"],"two":["在",{"t":"idOrVar","v":"value"},"個月後"],"zero":"本月"},"$x":[{"t":"idOrVar","v":"plural"},"value"]},{"$i":"years-until-long","$v":{"few":["在",{"t":"idOrVar","v":"value"},"年後"],"many":["在",{"t":"idOrVar","v":"value"},"年後"],"one":"明年","other":["在",{"t":"idOrVar","v":"value"},"年後"],"two":["在",{"t":"idOrVar","v":"value"},"年後"],"zero":"今年"},"$x":[{"t":"idOrVar","v":"plural"},"value"]},{"$i":"minutes-ago-short","$v":{"other":[{"t":"idOrVar","v":"value"},"分鐘前"],"zero":"現在"},"$x":[{"t":"idOrVar","v":"plural"},"value"]},{"$i":"hours-ago-short","$v":{"other":[{"t":"idOrVar","v":"value"},"小時前"],"zero":"現在"},"$x":[{"t":"idOrVar","v":"plural"},"value"]},{"$i":"days-ago-short","$v":{"other":[{"t":"idOrVar","v":"value"},"天前"],"zero":"今天"},"$x":[{"t":"idOrVar","v":"plural"},"value"]},{"$i":"minutes-until-short","$v":{"other":["在",{"t":"idOrVar","v":"value"},"分鐘後"],"zero":"現在"},"$x":[{"t":"idOrVar","v":"plural"},"value"]},{"$i":"hours-until-short","$v":{"other":["在",{"t":"idOrVar","v":"value"},"小時後"],"zero":"現在"},"$x":[{"t":"idOrVar","v":"plural"},"value"]},{"$i":"days-until-short","$v":{"other":["在",{"t":"idOrVar","v":"value"},"天後"],"zero":"今天"},"$x":[{"t":"idOrVar","v":"plural"},"value"]},{"$i":"incorrectDate","$v":"(日期不正確)"},{"$i":"dateTimeFormat_%c","$v":"%a %b %e %Y %I:%M:%S %p"},{"$i":"dateTimeFormat_%x","$v":"%m/%d/%Y"},{"$i":"dateTimeFormat_%X","$v":"%p %I:%M:%S"},{"$i":"shortTimeFormat","$v":"%I:%M %p"},{"$i":"shortTimeFormat12","$v":"%I:%M %p"},{"$i":"shortTimeFormat24","$v":"%H:%M"},{"$i":"shortDateTimeFormat","$v":"%x %I:%M %p"},{"$i":"weekStartsOnMonday","$v":"0.0"},{"$i":"firstDayOfTheWeek","$v":"0.0"},{"$i":"time_am","$v":"上午"},{"$i":"time_pm","$v":"下午"},{"$i":"softkey-options","$v":"選項"}]