[{"$i":"back","$v":"رجوع"},{"$i":"edit","$v":"حرّر"},{"$i":"remove","$v":"إزالة"},{"$i":"remove-all","$v":"إزالة الكل"},{"$i":"mark-as-done","$v":"وضع علامة كمنتهٍ"},{"$i":"mark-as-undo","$v":"وضع علامة تراجع"},{"$i":"options","$v":"الخيارات"},{"$i":"add","$v":"إضافة"},{"$i":"would-you-like-to-remove-this-item","$v":"هل ترغب في إزالة هذا العنصر؟"},{"$i":"confirm","$v":"تأكيد"},{"$i":"cancel","$v":"ألغِ"},{"$i":"new-item","$v":"عنصر جديد"},{"$i":"title","$v":"العنوان"},{"$i":"content","$v":"المحتوى"},{"$i":"state","$v":"الحالة"},{"$i":"ok","$v":"موافق"},{"$i":"select","$v":"تحديد"},{"$i":"menu-end-session","$v":"إنهاء الجلسة"},{"$i":"menu-help-info","$v":"معلومات المساعدة"},{"$i":"operator-services","$v":"خدمات المشغل"}]