[{"$i":"back","$v":"Назад"},{"$i":"edit","$v":"Рэдагаваць"},{"$i":"remove","$v":"Выдаліць"},{"$i":"remove-all","$v":"Выдаліць усе"},{"$i":"mark-as-done","$v":"Пазначыць як завершанае"},{"$i":"mark-as-undo","$v":"Пазначыць як адробленае"},{"$i":"options","$v":"Параметры"},{"$i":"add","$v":"Дадаць"},{"$i":"would-you-like-to-remove-this-item","$v":"Сапраўды выдаліць гэты элемент?"},{"$i":"confirm","$v":"Пацвердзіць"},{"$i":"cancel","$v":"Скасаваць"},{"$i":"new-item","$v":"Новы элемент"},{"$i":"title","$v":"Назва"},{"$i":"content","$v":"Змесціва"},{"$i":"state","$v":"Стан"},{"$i":"ok","$v":"ОК"},{"$i":"select","$v":"Выбраць"},{"$i":"menu-end-session","$v":"Скончыць сеанс"},{"$i":"menu-help-info","$v":"Дапамога Інфармацыя"},{"$i":"operator-services","$v":"Паслугі аператара"}]