[{"$i":"back","$v":"ফিরুন"},{"$i":"edit","$v":"সম্পাদনা করুন"},{"$i":"remove","$v":"সরান"},{"$i":"remove-all","$v":"সমস্ত সরান"},{"$i":"mark-as-done","$v":"সম্পন্ন করা হয়েছে হিসেবে চিহ্নিত করুন"},{"$i":"mark-as-undo","$v":"পূর্বাবস্থায় ফেরান হিসেবে চিহ্নিত করুন"},{"$i":"options","$v":"বিকল্প"},{"$i":"add","$v":"যোগ করুন"},{"$i":"would-you-like-to-remove-this-item","$v":"আপনি কি এই পরিচিতিটি সংরক্ষণ করতে চান?"},{"$i":"confirm","$v":"নিশ্চিত করুন"},{"$i":"cancel","$v":"বাতিল করুন"},{"$i":"new-item","$v":"নতুন আইটেম"},{"$i":"title","$v":"শিরোনাম"},{"$i":"content","$v":"বিষয়বস্তু"},{"$i":"state","$v":"স্থিতি"},{"$i":"ok","$v":"ঠিক আছে"},{"$i":"select","$v":"নির্বাচন করুন"},{"$i":"menu-end-session","$v":"সেশন শেষ করুন"},{"$i":"menu-help-info","$v":"সাহায্য তথ্য"},{"$i":"operator-services","$v":"অপারেটর পরিষেবাদি"}]