[{"$i":"back","$v":"Zpět"},{"$i":"edit","$v":"Upravit"},{"$i":"remove","$v":"Odebrat"},{"$i":"remove-all","$v":"Odebrat vše"},{"$i":"mark-as-done","$v":"Označit jako dokončené"},{"$i":"mark-as-undo","$v":"Označit jako vrácené zpět"},{"$i":"options","$v":"Možnosti"},{"$i":"add","$v":"Přidat"},{"$i":"would-you-like-to-remove-this-item","$v":"Chcete tuto položku odstranit?"},{"$i":"confirm","$v":"Potvrdit"},{"$i":"cancel","$v":"Zrušit"},{"$i":"new-item","$v":"Nová položka"},{"$i":"title","$v":"Název"},{"$i":"content","$v":"Obsah"},{"$i":"state","$v":"Stav"},{"$i":"ok","$v":"OK"},{"$i":"select","$v":"Vybrat"},{"$i":"menu-end-session","$v":"Ukončit relaci"},{"$i":"menu-help-info","$v":"Informace o nápovědě"},{"$i":"operator-services","$v":"Služby operátora"}]