[{"$i":"back","$v":"Back"},{"$i":"edit","$v":"Edit"},{"$i":"remove","$v":"Remove"},{"$i":"remove-all","$v":"Remove all"},{"$i":"mark-as-done","$v":"Mark as finished"},{"$i":"mark-as-undo","$v":"Mark as undo"},{"$i":"options","$v":"Options"},{"$i":"add","$v":"Add"},{"$i":"would-you-like-to-remove-this-item","$v":"Would you like to remove this item?"},{"$i":"confirm","$v":"Confirm"},{"$i":"cancel","$v":"Cancel"},{"$i":"new-item","$v":"New item"},{"$i":"title","$v":"Title"},{"$i":"content","$v":"Content"},{"$i":"state","$v":"State"},{"$i":"ok","$v":"OK"},{"$i":"select","$v":"Select"},{"$i":"menu-end-session","$v":"End session"},{"$i":"menu-help-info","$v":"Help info"},{"$i":"operator-services","$v":"Operator Services"}]