[{"$i":"back","$v":"برگشت"},{"$i":"edit","$v":"ویرایش"},{"$i":"remove","$v":"حذف"},{"$i":"remove-all","$v":"حذف همه"},{"$i":"mark-as-done","$v":"علامت گذاری به عنوان تمام شده"},{"$i":"mark-as-undo","$v":"علامت گذاری به عنوان لغو شده"},{"$i":"options","$v":"گزینه ها"},{"$i":"add","$v":"افزودن"},{"$i":"would-you-like-to-remove-this-item","$v":"می خواهید این مورد را حذف کنید؟"},{"$i":"confirm","$v":"تأیید"},{"$i":"cancel","$v":"لغو کردن"},{"$i":"new-item","$v":"مورد جدید"},{"$i":"title","$v":"عنوان"},{"$i":"content","$v":"محتوا"},{"$i":"state","$v":"ایالت"},{"$i":"ok","$v":"تأیید"},{"$i":"select","$v":"انتخاب"},{"$i":"menu-end-session","$v":"پایان جلسه"},{"$i":"menu-help-info","$v":"اطلاعات راهنما"},{"$i":"operator-services","$v":"سرویس های اپراتور"}]