[{"$i":"back","$v":"Edellinen"},{"$i":"edit","$v":"Muokkaa"},{"$i":"remove","$v":"Poista"},{"$i":"remove-all","$v":"Poista kaikki"},{"$i":"mark-as-done","$v":"Merkitse valmiiksi"},{"$i":"mark-as-undo","$v":"Merkitse kumotuksi"},{"$i":"options","$v":"Valinnat"},{"$i":"add","$v":"Lisää"},{"$i":"would-you-like-to-remove-this-item","$v":"Haluatko poistaa tämän kohteen?"},{"$i":"confirm","$v":"Vahvista"},{"$i":"cancel","$v":"Peruuta"},{"$i":"new-item","$v":"Uusi kohde"},{"$i":"title","$v":"Otsikko"},{"$i":"content","$v":"Sisältö"},{"$i":"state","$v":"Osavaltio"},{"$i":"ok","$v":"OK"},{"$i":"select","$v":"Valitse"},{"$i":"menu-end-session","$v":"Lopeta istunto"},{"$i":"menu-help-info","$v":"Ohjeen tiedot"},{"$i":"operator-services","$v":"Operaattoripalvelut"}]