[{"$i":"back","$v":"הקודם"},{"$i":"edit","$v":"עריכה"},{"$i":"remove","$v":"הסרה"},{"$i":"remove-all","$v":"הסר הכל"},{"$i":"mark-as-done","$v":"סמן כפעולה שהושלמה"},{"$i":"mark-as-undo","$v":"סמן כפעולה שבוטלה"},{"$i":"options","$v":"אפשרויות"},{"$i":"add","$v":"הוספה"},{"$i":"would-you-like-to-remove-this-item","$v":"האם ברצונך להסיר פריט זה?"},{"$i":"confirm","$v":"אשר"},{"$i":"cancel","$v":"ביטול"},{"$i":"new-item","$v":"פריט חדש"},{"$i":"title","$v":"כותרת"},{"$i":"content","$v":"תוכן"},{"$i":"state","$v":"מצב"},{"$i":"ok","$v":"אישור"},{"$i":"select","$v":"בחר"},{"$i":"menu-end-session","$v":"סיום פעילות"},{"$i":"menu-help-info","$v":"מידע על עזרה"},{"$i":"operator-services","$v":"שירותי מפעילים"}]