[{"$i":"back","$v":"वापस जाएं"},{"$i":"edit","$v":"संपादित करें"},{"$i":"remove","$v":"हटाएं"},{"$i":"remove-all","$v":"सब हटाएँ"},{"$i":"mark-as-done","$v":"समाप्त के रूप में चिह्नित करें"},{"$i":"mark-as-undo","$v":"अनडू के रूप में चिह्नित करें"},{"$i":"options","$v":"विकल्प"},{"$i":"add","$v":"जोड़ें"},{"$i":"would-you-like-to-remove-this-item","$v":"क्या आप इस संपर्क को हटाना चाहते हैं?"},{"$i":"confirm","$v":"पुष्टि करें"},{"$i":"cancel","$v":"रद्द करें"},{"$i":"new-item","$v":"नया आइटम"},{"$i":"title","$v":"शीर्षक"},{"$i":"content","$v":"कंटेंट"},{"$i":"state","$v":"स्थिति"},{"$i":"ok","$v":"ठीक हैं"},{"$i":"select","$v":"चुनें"},{"$i":"menu-end-session","$v":"सत्र समाप्त करें"},{"$i":"menu-help-info","$v":"मदद की जानकारी"},{"$i":"operator-services","$v":"ऑपरेटर सेवाएँ"}]