[{"$i":"back","$v":"Vissza"},{"$i":"edit","$v":"Szerkesztés"},{"$i":"remove","$v":"Eltávolítás"},{"$i":"remove-all","$v":"Összes eltávolítása"},{"$i":"mark-as-done","$v":"Megjelölés befejezettként"},{"$i":"mark-as-undo","$v":"Megjelölés nem elvégzettként"},{"$i":"options","$v":"Opciók"},{"$i":"add","$v":"Hozzáadás"},{"$i":"would-you-like-to-remove-this-item","$v":"El kívánja távolítani ezt az elemet?"},{"$i":"confirm","$v":"Megerősítés"},{"$i":"cancel","$v":"Mégse"},{"$i":"new-item","$v":"Új elem"},{"$i":"title","$v":"Cím"},{"$i":"content","$v":"Tartalom"},{"$i":"state","$v":"Állam"},{"$i":"ok","$v":"OK"},{"$i":"select","$v":"Kiválasztás"},{"$i":"menu-end-session","$v":"Munkamenet befejezése"},{"$i":"menu-help-info","$v":"Súgó információk"},{"$i":"operator-services","$v":"Szolgáltatói szolgáltatások"}]