[{"$i":"back","$v":"Հետ"},{"$i":"edit","$v":"Խմբգրլ"},{"$i":"remove","$v":"Հեռացնել"},{"$i":"remove-all","$v":"Հռցնլ բլրը"},{"$i":"mark-as-done","$v":"Նշել որպես ավարտված"},{"$i":"mark-as-undo","$v":"Նշել որպես հետարկված"},{"$i":"options","$v":"Ընտրանքներ"},{"$i":"add","$v":"Ավլցն"},{"$i":"would-you-like-to-remove-this-item","$v":"Հեռացնե՞լ այս տարրը։"},{"$i":"confirm","$v":"Հաստատել"},{"$i":"cancel","$v":"Չեղարկել"},{"$i":"new-item","$v":"Նոր տարր"},{"$i":"title","$v":"Անվնմ"},{"$i":"content","$v":"Բվնդկթյն"},{"$i":"state","$v":"Նահանգ"},{"$i":"ok","$v":"OK"},{"$i":"select","$v":"Ընտրել"},{"$i":"menu-end-session","$v":"Ավարտել աշխատառեժիմը"},{"$i":"menu-help-info","$v":"Օգնություն տեղեկություն"},{"$i":"operator-services","$v":"Օպերատորի ծառայություններ"}]