[{"$i":"back","$v":"Kembali"},{"$i":"edit","$v":"Edit"},{"$i":"remove","$v":"Hapus"},{"$i":"remove-all","$v":"Hapus semua"},{"$i":"mark-as-done","$v":"Tandai sebagai selesai"},{"$i":"mark-as-undo","$v":"Tandai sebagai urungkan"},{"$i":"options","$v":"Opsi"},{"$i":"add","$v":"Tambah"},{"$i":"would-you-like-to-remove-this-item","$v":"Apakah Anda ingin menghapus item ini?"},{"$i":"confirm","$v":"Konfirmasi"},{"$i":"cancel","$v":"Batal"},{"$i":"new-item","$v":"Item baru"},{"$i":"title","$v":"Judul"},{"$i":"content","$v":"Konten"},{"$i":"state","$v":"Negara Bagian"},{"$i":"ok","$v":"OK"},{"$i":"select","$v":"Pilih"},{"$i":"menu-end-session","$v":"Akhiri sesi"},{"$i":"menu-help-info","$v":"Info bantuan"},{"$i":"operator-services","$v":"Layanan Operator"}]