[{"$i":"back","$v":"Indietro"},{"$i":"edit","$v":"Modifica"},{"$i":"remove","$v":"Rimuovi"},{"$i":"remove-all","$v":"Rimuovi tutto"},{"$i":"mark-as-done","$v":"Segna come finito"},{"$i":"mark-as-undo","$v":"Segna come da annullare"},{"$i":"options","$v":"Opzioni"},{"$i":"add","$v":"Aggiungi"},{"$i":"would-you-like-to-remove-this-item","$v":"Rimuovere l'elemento?"},{"$i":"confirm","$v":"Conferma"},{"$i":"cancel","$v":"Annulla"},{"$i":"new-item","$v":"Nuovo elemento"},{"$i":"title","$v":"Titolo"},{"$i":"content","$v":"Contenuto"},{"$i":"state","$v":"Stato"},{"$i":"ok","$v":"OK"},{"$i":"select","$v":"Seleziona"},{"$i":"menu-end-session","$v":"Termina sessione"},{"$i":"menu-help-info","$v":"Info sulla guida"},{"$i":"operator-services","$v":"Servizi dell'operatore"}]