[{"$i":"back","$v":"უკან"},{"$i":"edit","$v":"რედაქტ."},{"$i":"remove","$v":"წაშლა"},{"$i":"remove-all","$v":"ყველას წაშლა"},{"$i":"mark-as-done","$v":"მონიშნეთ, როგორც დასრ."},{"$i":"mark-as-undo","$v":"მონიშნეთ, როგორც მოქმ. დაბრუნება."},{"$i":"options","$v":"ვარიანტები"},{"$i":"add","$v":"დამატება"},{"$i":"would-you-like-to-remove-this-item","$v":"გსურთ ამ ელემენტის წაშლა?"},{"$i":"confirm","$v":"დადასტურება"},{"$i":"cancel","$v":"გაუქმება"},{"$i":"new-item","$v":"ახალი ნივთი"},{"$i":"title","$v":"სათაური"},{"$i":"content","$v":"შიგთავსი"},{"$i":"state","$v":"შტატი"},{"$i":"ok","$v":"OK"},{"$i":"select","$v":"არჩევა"},{"$i":"menu-end-session","$v":"სესიის დასრულება"},{"$i":"menu-help-info","$v":"დახმარება ინფორმაციისთვის"},{"$i":"operator-services","$v":"ოპერატორის მომსახურება"}]