[{"$i":"back","$v":"Atgal"},{"$i":"edit","$v":"Redaguoti"},{"$i":"remove","$v":"Šalinti"},{"$i":"remove-all","$v":"Pašalinti viską"},{"$i":"mark-as-done","$v":"Pažymėti kaip baigtą"},{"$i":"mark-as-undo","$v":"Pažymėti kaip anuliuotą"},{"$i":"options","$v":"Parinktys"},{"$i":"add","$v":"Įtraukti"},{"$i":"would-you-like-to-remove-this-item","$v":"Ar norite pašalinti šį elementą?"},{"$i":"confirm","$v":"Patvirtinti"},{"$i":"cancel","$v":"Atšaukti"},{"$i":"new-item","$v":"Naujas elementas"},{"$i":"title","$v":"Pavadinimas"},{"$i":"content","$v":"Turinys"},{"$i":"state","$v":"Rajonas"},{"$i":"ok","$v":"GERAI"},{"$i":"select","$v":"Rinktis"},{"$i":"menu-end-session","$v":"Seanso pabaiga"},{"$i":"menu-help-info","$v":"Žinyno informacija"},{"$i":"operator-services","$v":"Operatoriaus paslaugos"}]