[{"$i":"back","$v":"Назад"},{"$i":"edit","$v":"Уреди"},{"$i":"remove","$v":"Отстрани"},{"$i":"remove-all","$v":"Отстрани ги сите"},{"$i":"mark-as-done","$v":"Означи како завршено"},{"$i":"mark-as-undo","$v":"Означи како вратено"},{"$i":"options","$v":"Опции"},{"$i":"add","$v":"Додај"},{"$i":"would-you-like-to-remove-this-item","$v":"Сакате ли да ја отстранете оваа ставка?"},{"$i":"confirm","$v":"Потврди"},{"$i":"cancel","$v":"Откажи"},{"$i":"new-item","$v":"Нова ставка"},{"$i":"title","$v":"Наслов"},{"$i":"content","$v":"Содржина"},{"$i":"state","$v":"Држава"},{"$i":"ok","$v":"ОК"},{"$i":"select","$v":"Изберете"},{"$i":"menu-end-session","$v":"Заврши сесија"},{"$i":"menu-help-info","$v":"Помош информации"},{"$i":"operator-services","$v":"Услуги на операторот"}]