[{"$i":"back","$v":"Undur"},{"$i":"edit","$v":"Edit"},{"$i":"remove","$v":"Alih keluar"},{"$i":"remove-all","$v":"Alih keluar semua"},{"$i":"mark-as-done","$v":"Tanda sebagai selesai"},{"$i":"mark-as-undo","$v":"Tanda sebagai buat asal"},{"$i":"options","$v":"Pilihan"},{"$i":"add","$v":"Tambah"},{"$i":"would-you-like-to-remove-this-item","$v":"Adakah anda ingin mengalih keluar item ini?"},{"$i":"confirm","$v":"Sahkan"},{"$i":"cancel","$v":"Batal"},{"$i":"new-item","$v":"Item baharu"},{"$i":"title","$v":"Tajuk"},{"$i":"content","$v":"Kandungan"},{"$i":"state","$v":"Negeri"},{"$i":"ok","$v":"OK"},{"$i":"select","$v":"Pilih"},{"$i":"menu-end-session","$v":"Tamatkan sesi"},{"$i":"menu-help-info","$v":"Maklumat bantuan"},{"$i":"operator-services","$v":"Perkhidmatan Operator"}]