[{"$i":"back","$v":"Tilbake"},{"$i":"edit","$v":"Endre"},{"$i":"remove","$v":"Fjern"},{"$i":"remove-all","$v":"Fjern alle"},{"$i":"mark-as-done","$v":"Merk som ferdig"},{"$i":"mark-as-undo","$v":"Merk som angre"},{"$i":"options","$v":"Valg"},{"$i":"add","$v":"Legg til"},{"$i":"would-you-like-to-remove-this-item","$v":"Vil du fjerne dette elementet?"},{"$i":"confirm","$v":"Bekreft"},{"$i":"cancel","$v":"Avbryt"},{"$i":"new-item","$v":"Nytt element"},{"$i":"title","$v":"Tittel"},{"$i":"content","$v":"Innhold"},{"$i":"state","$v":"Delstat"},{"$i":"ok","$v":"OK"},{"$i":"select","$v":"Velg"},{"$i":"menu-end-session","$v":"Avslutt økt"},{"$i":"menu-help-info","$v":"Hjelp info"},{"$i":"operator-services","$v":"Operatørtjenester"}]