[{"$i":"back","$v":"Terug"},{"$i":"edit","$v":"Bewerken"},{"$i":"remove","$v":"Verwijderen"},{"$i":"remove-all","$v":"Alles verwijderen"},{"$i":"mark-as-done","$v":"Markeren als voltooid"},{"$i":"mark-as-undo","$v":"Markeren als ongedaan maken"},{"$i":"options","$v":"Opties"},{"$i":"add","$v":"Toevoegen"},{"$i":"would-you-like-to-remove-this-item","$v":"Wilt u dit item verwijderen?"},{"$i":"confirm","$v":"Bevestigen"},{"$i":"cancel","$v":"Annuleren"},{"$i":"new-item","$v":"Nieuw item"},{"$i":"title","$v":"Titel"},{"$i":"content","$v":"Inhoud"},{"$i":"state","$v":"Status"},{"$i":"ok","$v":"OK"},{"$i":"select","$v":"Selecteer"},{"$i":"menu-end-session","$v":"Sessie beëindigen"},{"$i":"menu-help-info","$v":"Helpinformatie"},{"$i":"operator-services","$v":"Operatordiensten"}]