[{"$i":"back","$v":"Wstecz"},{"$i":"edit","$v":"Edytuj"},{"$i":"remove","$v":"Usuń"},{"$i":"remove-all","$v":"Usuń wszystko"},{"$i":"mark-as-done","$v":"Oznacz jako zakończone"},{"$i":"mark-as-undo","$v":"Oznacz jako niewykonane"},{"$i":"options","$v":"Opcje"},{"$i":"add","$v":"Dodaj"},{"$i":"would-you-like-to-remove-this-item","$v":"Czy chcesz usunąć ten element?"},{"$i":"confirm","$v":"Potwierdź"},{"$i":"cancel","$v":"Anuluj"},{"$i":"new-item","$v":"Nowa pozycja"},{"$i":"title","$v":"Tytuł"},{"$i":"content","$v":"Treść"},{"$i":"state","$v":"Stan/województwo"},{"$i":"ok","$v":"OK"},{"$i":"select","$v":"Wybierz"},{"$i":"menu-end-session","$v":"Zakończ sesję"},{"$i":"menu-help-info","$v":"Pomoc – informacje"},{"$i":"operator-services","$v":"Usługi operatora"}]