[{"$i":"back","$v":"شاته"},{"$i":"edit","$v":"تغیر کړئ"},{"$i":"remove","$v":"لری کړئ"},{"$i":"remove-all","$v":"ټول لری کړئ"},{"$i":"mark-as-done","$v":"د بشپړ په توګه په نښه کړئ"},{"$i":"mark-as-undo","$v":"د نا شوي په توګه په نښه کړئ"},{"$i":"options","$v":"غوراوي"},{"$i":"add","$v":"شامل کړئ"},{"$i":"would-you-like-to-remove-this-item","$v":"تاسو دا ایټم لرې کول غواړئ؟"},{"$i":"confirm","$v":"باوری کړئ"},{"$i":"cancel","$v":"کینسل کړئ"},{"$i":"new-item","$v":"نوی ایټم"},{"$i":"title","$v":"عنوان"},{"$i":"content","$v":"متن"},{"$i":"state","$v":"دولت"},{"$i":"ok","$v":"اوکی"},{"$i":"select","$v":"انتخاب"},{"$i":"menu-end-session","$v":"برخه ختمه کړئ"},{"$i":"menu-help-info","$v":"د مرستې معلومات"},{"$i":"operator-services","$v":"چلوونکي خدمتونه"}]