[{"$i":"back","$v":"Назад"},{"$i":"edit","$v":"Изменить"},{"$i":"remove","$v":"Удалить"},{"$i":"remove-all","$v":"Удалить все"},{"$i":"mark-as-done","$v":"Пометить как завершенные"},{"$i":"mark-as-undo","$v":"Пометить как отмененные"},{"$i":"options","$v":"Опции"},{"$i":"add","$v":"Добавить"},{"$i":"would-you-like-to-remove-this-item","$v":"Хотите удалить этот элемент?"},{"$i":"confirm","$v":"Подтвердить"},{"$i":"cancel","$v":"Отмена"},{"$i":"new-item","$v":"Новый элемент"},{"$i":"title","$v":"Название"},{"$i":"content","$v":"Содержимое"},{"$i":"state","$v":"Область"},{"$i":"ok","$v":"OK"},{"$i":"select","$v":"Выбрать"},{"$i":"menu-end-session","$v":"Завершить сеанс"},{"$i":"menu-help-info","$v":"Справочная информация"},{"$i":"operator-services","$v":"Услуги оператора"}]