[{"$i":"back","$v":"Späť"},{"$i":"edit","$v":"Upraviť"},{"$i":"remove","$v":"Odstrániť"},{"$i":"remove-all","$v":"Odstrániť všetko"},{"$i":"mark-as-done","$v":"Označiť ako dokončené"},{"$i":"mark-as-undo","$v":"Označiť ako vrátenie zmien"},{"$i":"options","$v":"Voľby"},{"$i":"add","$v":"Pridať"},{"$i":"would-you-like-to-remove-this-item","$v":"Chcete túto položku odstrániť?"},{"$i":"confirm","$v":"Potvrdiť"},{"$i":"cancel","$v":"Zrušiť"},{"$i":"new-item","$v":"Nová položka"},{"$i":"title","$v":"Názov"},{"$i":"content","$v":"Obsah"},{"$i":"state","$v":"Štát"},{"$i":"ok","$v":"OK"},{"$i":"select","$v":"Vybrať"},{"$i":"menu-end-session","$v":"Ukončiť reláciu"},{"$i":"menu-help-info","$v":"Pomocník info"},{"$i":"operator-services","$v":"Služby operátora"}]