[{"$i":"back","$v":"Nazaj"},{"$i":"edit","$v":"Uredi"},{"$i":"remove","$v":"Odstrani"},{"$i":"remove-all","$v":"Odstrani vse"},{"$i":"mark-as-done","$v":"Označi kot končano"},{"$i":"mark-as-undo","$v":"Označi kot razveljavljeno"},{"$i":"options","$v":"Možnosti"},{"$i":"add","$v":"Dodaj"},{"$i":"would-you-like-to-remove-this-item","$v":"Želite odstraniti ta element?"},{"$i":"confirm","$v":"Potrdi"},{"$i":"cancel","$v":"Prekliči"},{"$i":"new-item","$v":"Nov element"},{"$i":"title","$v":"Naziv"},{"$i":"content","$v":"Vsebina"},{"$i":"state","$v":"Stanje"},{"$i":"ok","$v":"V redu"},{"$i":"select","$v":"Izberite"},{"$i":"menu-end-session","$v":"Končaj sejo"},{"$i":"menu-help-info","$v":"Informacije o pomoči"},{"$i":"operator-services","$v":"Storitve operaterja"}]