[{"$i":"back","$v":"Nyuma"},{"$i":"edit","$v":"Hariri"},{"$i":"remove","$v":"Ondoa"},{"$i":"remove-all","$v":"Ondoa yote"},{"$i":"mark-as-done","$v":"Weka alama kama imemaliza"},{"$i":"mark-as-undo","$v":"Weka alama kama tengua"},{"$i":"options","$v":"Chaguo"},{"$i":"add","$v":"Ongeza"},{"$i":"would-you-like-to-remove-this-item","$v":"Ungependa kuondoa kipengele hiki?"},{"$i":"confirm","$v":"Thibitisha"},{"$i":"cancel","$v":"Ghairi"},{"$i":"new-item","$v":"Kipengele kipya"},{"$i":"title","$v":"Kichwa"},{"$i":"content","$v":"Maudhui"},{"$i":"state","$v":"Hali"},{"$i":"ok","$v":"SAWA"},{"$i":"select","$v":"Chagua"},{"$i":"menu-end-session","$v":"Kamilisha kipindi"},{"$i":"menu-help-info","$v":"Taarifa ya usaidizi"},{"$i":"operator-services","$v":"Huduma za Mwendeshaji"}]