[{"$i":"back","$v":"ย้อนกลับ"},{"$i":"edit","$v":"แก้ไข"},{"$i":"remove","$v":"ลบ"},{"$i":"remove-all","$v":"ลบทั้งหมด"},{"$i":"mark-as-done","$v":"ทำเครื่องหมายว่าอ่านแล้ว"},{"$i":"mark-as-undo","$v":"ทำเครื่องหมายว่าย้อนกลับ"},{"$i":"options","$v":"ตัวเลือก"},{"$i":"add","$v":"เพิ่ม"},{"$i":"would-you-like-to-remove-this-item","$v":"คุณต้องการลบรายการนี้หรือไม่"},{"$i":"confirm","$v":"ยืนยัน"},{"$i":"cancel","$v":"ยกเลิก"},{"$i":"new-item","$v":"รายการใหม่"},{"$i":"title","$v":"ชื่อเรื่อง"},{"$i":"content","$v":"เนื้อหา"},{"$i":"state","$v":"สถานะ"},{"$i":"ok","$v":"ตกลง"},{"$i":"select","$v":"เลือก"},{"$i":"menu-end-session","$v":"สิ้นสุดเซสชั่น"},{"$i":"menu-help-info","$v":"ข้อมูลช่วยเหลือ"},{"$i":"operator-services","$v":"บริการของผู้ให้บริการ"}]