[{"$i":"back","$v":"Geri"},{"$i":"edit","$v":"Düzenle"},{"$i":"remove","$v":"Kaldır"},{"$i":"remove-all","$v":"Tümünü kaldır"},{"$i":"mark-as-done","$v":"Bitti olarak işaretle"},{"$i":"mark-as-undo","$v":"Geri Al olarak İşaretle"},{"$i":"options","$v":"Seçenekler"},{"$i":"add","$v":"Ekle"},{"$i":"would-you-like-to-remove-this-item","$v":"Bu dosyayı kaldırmak ister misiniz?"},{"$i":"confirm","$v":"Onayla"},{"$i":"cancel","$v":"İptal"},{"$i":"new-item","$v":"Yeni öğe"},{"$i":"title","$v":"Başlık"},{"$i":"content","$v":"İçerik"},{"$i":"state","$v":"Eyalet"},{"$i":"ok","$v":"Tamam"},{"$i":"select","$v":"Seç"},{"$i":"menu-end-session","$v":"Oturumu sonlandır"},{"$i":"menu-help-info","$v":"Yardım bilgisi"},{"$i":"operator-services","$v":"Operatör Hizmetleri"}]