[{"$i":"back","$v":"واپس جائیں"},{"$i":"edit","$v":"ترمیم کریں"},{"$i":"remove","$v":"ہٹائیں"},{"$i":"remove-all","$v":"سبھی کو نکالیں"},{"$i":"mark-as-done","$v":"ختم شدہ کے طور پر نشان زد کریں"},{"$i":"mark-as-undo","$v":"نہ کریں کے طور پر نشان زد کریں"},{"$i":"options","$v":"اختیارات"},{"$i":"add","$v":"شامل کریں"},{"$i":"would-you-like-to-remove-this-item","$v":"کیا آپ اس رابطہ کو نکالنا چاہیں گے؟"},{"$i":"confirm","$v":"توثیق کریں"},{"$i":"cancel","$v":"منسوخ کریں"},{"$i":"new-item","$v":"نیا آئٹم"},{"$i":"title","$v":"عنوان"},{"$i":"content","$v":"مواد"},{"$i":"state","$v":"ریاست"},{"$i":"ok","$v":"ٹھیک ہے"},{"$i":"select","$v":"منتخب کریں"},{"$i":"menu-end-session","$v":"اختتامی مرحلہ"},{"$i":"menu-help-info","$v":"مدد معلومات"},{"$i":"operator-services","$v":"آپریٹر خدمات"}]