[{"$i":"back","$v":"Emva"},{"$i":"edit","$v":"Hlela"},{"$i":"remove","$v":"Shenxisa"},{"$i":"remove-all","$v":"Shenxisa zonke"},{"$i":"mark-as-done","$v":"Yiphawule njengeyenziweyo"},{"$i":"mark-as-undo","$v":"Yiphawule njengengenziwayo"},{"$i":"options","$v":"Ukhetho"},{"$i":"add","$v":"Yongeza"},{"$i":"would-you-like-to-remove-this-item","$v":"Ngaba ungathanda ukususa le aythem?"},{"$i":"confirm","$v":"Qinisekisa"},{"$i":"cancel","$v":"Rhoxisa"},{"$i":"new-item","$v":"Into entsha"},{"$i":"title","$v":"Umxholo"},{"$i":"content","$v":"Isiqulatho"},{"$i":"state","$v":"Ilizwe"},{"$i":"ok","$v":"Kulungile"},{"$i":"select","$v":"Khetha"},{"$i":"menu-end-session","$v":"End session"},{"$i":"menu-help-info","$v":"Help info"},{"$i":"operator-services","$v":"Iinkonzo Zeenkampani"}]