[{"$i":"back","$v":"返回"},{"$i":"edit","$v":"编辑"},{"$i":"remove","$v":"删除"},{"$i":"remove-all","$v":"删除全部"},{"$i":"mark-as-done","$v":"标记为“已完成”"},{"$i":"mark-as-undo","$v":"标记为“未处理”"},{"$i":"options","$v":"选项"},{"$i":"add","$v":"添加"},{"$i":"would-you-like-to-remove-this-item","$v":"是否移除此项？"},{"$i":"confirm","$v":"确认"},{"$i":"cancel","$v":"取消"},{"$i":"new-item","$v":"新项目"},{"$i":"title","$v":"标题"},{"$i":"content","$v":"内容"},{"$i":"state","$v":"州"},{"$i":"ok","$v":"确定"},{"$i":"select","$v":"选择"},{"$i":"menu-end-session","$v":"结束会话"},{"$i":"menu-help-info","$v":"帮助信息"},{"$i":"operator-services","$v":"运营商服务"}]