[{"$i":"back","$v":"返回"},{"$i":"edit","$v":"編輯"},{"$i":"remove","$v":"移除"},{"$i":"remove-all","$v":"全部移除"},{"$i":"mark-as-done","$v":"標記為已完成"},{"$i":"mark-as-undo","$v":"標記為復原"},{"$i":"options","$v":"選項"},{"$i":"add","$v":"新增"},{"$i":"would-you-like-to-remove-this-item","$v":"是否要移除此項目？"},{"$i":"confirm","$v":"確認"},{"$i":"cancel","$v":"取消"},{"$i":"new-item","$v":"新項目"},{"$i":"title","$v":"標題"},{"$i":"content","$v":"內容"},{"$i":"state","$v":"州"},{"$i":"ok","$v":"確定"},{"$i":"select","$v":"選擇"},{"$i":"menu-end-session","$v":"結束工作階段"},{"$i":"menu-help-info","$v":"幫助信息"},{"$i":"operator-services","$v":"運營商服務"}]