[{"$i":"back","$v":"Emuva"},{"$i":"edit","$v":"Hlela"},{"$i":"remove","$v":"Susa"},{"$i":"remove-all","$v":"Khipha konke"},{"$i":"mark-as-done","$v":"Maka ngokuthi kuphelile"},{"$i":"mark-as-undo","$v":"Maka ngokuthi hlehlisa"},{"$i":"options","$v":"Okhetha kukho"},{"$i":"add","$v":"Faka"},{"$i":"would-you-like-to-remove-this-item","$v":"Ingabe ufuna ukususa lokhu?"},{"$i":"confirm","$v":"Qinisekisa"},{"$i":"cancel","$v":"Khansela"},{"$i":"new-item","$v":"Into entsha"},{"$i":"title","$v":"Isihloko"},{"$i":"content","$v":"Into"},{"$i":"state","$v":"Isimo"},{"$i":"ok","$v":"KULUNGILE"},{"$i":"select","$v":"Khetha"},{"$i":"menu-end-session","$v":"Ukuphela kweseshini"},{"$i":"menu-help-info","$v":"Imininingwane yosizo"},{"$i":"operator-services","$v":"Inqubo yokusebenza"}]