[{"$i":"back","$v":"Terug"},{"$i":"save","$v":"Stoor"},{"$i":"cancel","$v":"Kanselleer"},{"$i":"next","$v":"Volgende"},{"$i":"hide","$v":"Verberg"},{"$i":"confirm","$v":"Bevestig"},{"$i":"done","$v":"Klaar"},{"$i":"events","$v":"Geleenthede Herinnering"},{"$i":"edit","$v":"Wysig"},{"$i":"allday-events","$v":"Heeldag Geleentheid herinnering"},{"$i":"no-events","$v":"Geen geleenthede"},{"$i":"default","$v":"Verstek"},{"$i":"sync","$v":"Sinchronisasie"},{"$i":"repeat","$v":"Herhaal"},{"$i":"never","$v":"Nooit"},{"$i":"every-day","$v":"Elke dag"},{"$i":"every-week","$v":"Elke week"},{"$i":"every-2-weeks","$v":"Elke 2 weke"},{"$i":"every-month","$v":"Elke maand"},{"$i":"view-never","$v":"Herhaal: Nooit"},{"$i":"view-every-day","$v":"Herhaal: Daagliks"},{"$i":"view-every-week","$v":"Herhaal: Weekliks"},{"$i":"view-every-2-weeks","$v":"Herhaal: Elke twee weke"},{"$i":"view-every-month","$v":"Herhaal: Maandeliks"},{"$i":"repeat-event-header","$v":"Die geval word herhaal."},{"$i":"delete-this-only","$v":"Vee net dit uit"},{"$i":"delete-all","$v":"Skrap alles"},{"$i":"event-edit-all","$v":"Verander alle gevalle"},{"$i":"event-edit-all-future","$v":"Verander alle toekomstige gevalle"},{"$i":"options","$v":"Opsies"},{"$i":"event-delete-all","$v":"Vee alle gevalle uit"},{"$i":"event-delete-all-future","$v":"Vee alle toekomstige gevalle uit"},{"$i":"delete-account","$v":"Vee rekening uit"},{"$i":"exchange-account","$v":"AktieweSink"},{"$i":"account-user-name","$v":"Gebruikersnaam"},{"$i":"incorrect-password-description","$v":"Kan nie aan meld by bediener nie, maak asseblief seker jou wagwoord is reg."},{"$i":"incorrect-password","$v":"Verkeerde wagwoord"},{"$i":"account-duplicate","$v":"Rekening bestaan reeds. Sinchronisering is aangeskakel."},{"$i":"error-account","$v":"Bediener is onbeskikbaar. Probeer asseblief later weer."},{"$i":"error-access-denied","$v":"’n Onbekende fout het voorgekom; probeer asseblief later weer."},{"$i":"error-time-out","$v":["Verbinding met \"",{"t":"idOrVar","v":"server"},"\" is nie moontlik nie. Daar is dalk 'n probleem met die netwerk."]},{"$i":"caldav-account-exist","$v":"Rekening bestaan reeds."},{"$i":"save-password","$v":"Wagwoord is gestoor."},{"$i":"account-login","$v":"Teken in op rekening"},{"$i":"setting-up-account","$v":"Om die rekening op te stel"},{"$i":"setup-account-usedInfo","$v":"Die rekening sal deur die onderstaande toeps gebruik word. Jy kan dit verander in Instellings>Rekening."},{"$i":"app-calendar","$v":"Kalender"},{"$i":"show-today","$v":"Vandag"},{"$i":"show-month-view","$v":"Maand"},{"$i":"show-week-view","$v":"Week"},{"$i":"show-day-view","$v":"Dag"},{"$i":"settings-show","$v":"Instellings"},{"$i":"settings-hide","$v":"Versteek instellings"},{"$i":"add-account","$v":"Voeg rekening by"},{"$i":"new-event","$v":"Voeg gebeurtenis by"},{"$i":"view-event-header","$v":"Geleentheid Besonderhede"},{"$i":"new-event-header","$v":"Voeg gebeurtenis by"},{"$i":"edit-event-header","$v":"Wysig geleentheid"},{"$i":"account-header","$v":"Rekening"},{"$i":"account-list-header","$v":"Rekeninge"},{"$i":"advanced-settings-short-icon-button","ariaLabel":"Instellings"},{"$i":"advanced-settings-header","$v":"Kalender Instellings"},{"$i":"advanced-settings-personalization","$v":"Werk Frekwensie by"},{"$i":"advanced-settings-reminders","$v":"Herinnering"},{"$i":"advanced-settings-add-account","$v":"Voeg rekening by"},{"$i":"field-user","$v":"Gebruikersnaam"},{"$i":"field-password","$v":"Wagwoord"},{"$i":"show-password","$v":"Wys wagwoord"},{"$i":"field-full-url","$v":"URL"},{"$i":"modify-account-setting-up","$v":"Wag asseblief terwyl jou rekening opgestel word"},{"$i":"modify-account-unable-to-sync","$v":"Nie in staat om te sinkroniseer nie"},{"$i":"modify-account-sign-in","$v":"Teken aan"},{"$i":"sync-account","$v":"Sinkroniseer rekening"},{"$i":"deselect","$v":"Deselekteer"},{"$i":"kai-caldav","$v":"CalDav"},{"$i":"kai-yahoo","$v":"Yahoo!"},{"$i":"kai-google","$v":"Google"},{"$i":"preset-mozilla","$v":"Mozilla Zimbra"},{"$i":"calendar-local","$v":"Foonkalender"},{"$i":"event-title","$v":"Titel"},{"$i":"event-location","$v":"Ligging"},{"$i":"event-description","$v":"Notas"},{"$i":"event-is-allday","$v":"Heeldag Geleentheid"},{"$i":"event-start-date","$v":"Begindatum"},{"$i":"event-end-date","$v":"Einddatum"},{"$i":"event-start-time","$v":"Begintyd"},{"$i":"event-end-time","$v":"Eindtyd"},{"$i":"event-delete","$v":"Skrap gebeurtenis"},{"$i":"event-is-deleting","$v":"Besig om te skrap…"},{"$i":"remove-account-data","$v":"Verwyder Rekening"},{"$i":"remove-account-dialog","$v":"Verwyder rekening"},{"$i":"remove-account-dialog-details","$v":"As jy die rekening uitvee, sal die toepassings wat dit gebruik, ook geaffekteer word."},{"$i":"remove","$v":"Verwyder"},{"$i":"drawer-sync-icon-button","ariaLabel":"Sinchronisasie"},{"$i":"sync-progress-syncing","ariaValueText":"Besig om te sinchroniseer"},{"$i":"sync-progress-complete","ariaValueText":"Sinkronisasie voltooi"},{"$i":"sync-frequency","$v":"Sinchroniseer kalender"},{"$i":"sync-frequency-15min","$v":"Elke 15 minute"},{"$i":"sync-frequency-30min","$v":"Elke 30 minute"},{"$i":"sync-frequency-manual","$v":"Handmatig"},{"$i":"from","$v":"Van"},{"$i":"to","$v":"Aan"},{"$i":"one-day-duration-title","$v":[{"t":"idOrVar","v":"startDate"}]},{"$i":"one-day-duration-content","$v":["Van ",{"t":"idOrVar","v":"startTime"}," tot ",{"t":"idOrVar","v":"endTime"}]},{"$i":"multiple-day-duration-title","$v":[{"t":"idOrVar","v":"startTime"}," ",{"t":"idOrVar","v":"startDate"}]},{"$i":"multiple-day-duration-content","$v":[{"t":"idOrVar","v":"endTime"}," ",{"t":"idOrVar","v":"endDate"}]},{"$i":"one-all-day-duration-title","$v":[{"t":"idOrVar","v":"startDate"}]},{"$i":"all-day-duration-content","$v":"Heeldaggeleentheid"},{"$i":"multiple-all-day-duration-title","$v":["Vanaf ",{"t":"idOrVar","v":"startDate"}]},{"$i":"multiple-all-day-duration-content","$v":["Tot ",{"t":"idOrVar","v":"endDate"}]},{"$i":"none","$v":"Geen"},{"$i":"reminder","$v":"Herinnering"},{"$i":"remind-me","$v":"Herinner my"},{"$i":"alarm-at-event-standard","$v":"Teen die tyd van die Geleentheid"},{"$i":"alarm-at-event-allday","$v":"Op die dag van Geleentheid"},{"$i":"alarm-at-event-allday-hour12","$v":"Op dag van Geleentheid (9:00 vm.)"},{"$i":"alarm-at-event-allday-hour24","$v":"Op dag van Geleentheid (9:00)"},{"$i":"notice-now","$v":"Begin nou"},{"$i":"notice-5-minutes-before","$v":"Begin oor 5 minute"},{"$i":"notice-15-minutes-before","$v":"Begin oor 15 minute"},{"$i":"notice-30-minutes-before","$v":"Begin oor 30 minute"},{"$i":"notice-1-hour-before","$v":"Begin oor 1 uur"},{"$i":"notice-2-hours-before","$v":"Begin oor 2 uur"},{"$i":"notice-1-day-before","$v":"Begin more"},{"$i":"notice-on-day-event-all","$v":"Begin vandag"},{"$i":"notice-1-day-before-all","$v":"Begin more"},{"$i":"notice-2-day-before-all","$v":"Begin oor 2 dae"},{"$i":"notice-weeks-before-all","$v":["Begin op ",{"t":"idOrVar","v":"startDate"}]},{"$i":"days-ago-yesterday","$v":["Gister ",{"t":"idOrVar","v":"timeString"}]},{"$i":"days-ago-today","$v":["Vandag ",{"t":"idOrVar","v":"timeString"}]},{"$i":"days-ago-yesterday-single","$v":"gister"},{"$i":"days-ago-today-single","$v":"Vandag"},{"$i":"alarm-started-notices","$v":["Het ",{"t":"idOrVar","v":"distance"}," begin"]},{"$i":"alarm-starting-notices","$v":["Begin ",{"t":"idOrVar","v":"distance"}]},{"$i":"minutes-ago-long","$v":{"few":[{"t":"idOrVar","v":"value"},"minute gelede"],"many":[{"t":"idOrVar","v":"value"},"minute gelede"],"other":[{"t":"idOrVar","v":"value"},"minute gelede"],"two":[{"t":"idOrVar","v":"value"},"minute gelede"],"one":"‘n minuut gelede","zero":"Nou-nou"},"$x":[{"t":"idOrVar","v":"plural"},"value"]},{"$i":"hours-ago-long","$v":{"few":[{"t":"idOrVar","v":"value"}," ure gelede"],"many":[{"t":"idOrVar","v":"value"}," ure gelede"],"other":[{"t":"idOrVar","v":"value"}," ure gelede"],"two":[{"t":"idOrVar","v":"value"}," ure gelede"],"one":"‘n uur gelede","zero":"Nou-nou"},"$x":[{"t":"idOrVar","v":"plural"},"value"]},{"$i":"alarm-start-notice","$v":[{"t":"idOrVar","v":"title"},"begin ",{"t":"idOrVar","v":"distance"}]},{"$i":"alarm-started-notice","$v":[{"t":"idOrVar","v":"title"}," het begin ",{"t":"idOrVar","v":"distance"}]},{"$i":"alarm-start-notice-two-days","$v":[{"t":"idOrVar","v":"title"}," begin oor twee dae"]},{"$i":"alarm-start-notice-few-days","$v":[{"t":"idOrVar","v":"title"}," begin oor ",{"t":"idOrVar","v":"distance"}]},{"$i":"days-before-hour12","$v":{"few":[{"t":"idOrVar","v":"value"}," Dae Voor (09:00 vm.)"],"many":[{"t":"idOrVar","v":"value"}," Dae Voor (09:00 vm.)"],"one":"1 Dag Voor (09:00)","other":[{"t":"idOrVar","v":"value"}," Dae Voor (09:00 vm.)"],"two":[{"t":"idOrVar","v":"value"}," Dae Voor (09:00 vm.)"],"zero":"0 Dae Voor (09:00 vm.)"},"$x":[{"t":"idOrVar","v":"plural"},"value"]},{"$i":"weeks-before-hour12","$v":{"few":[{"t":"idOrVar","v":"value"}," Weke Voor (09:00 vm.)"],"many":[{"t":"idOrVar","v":"value"}," Weke Voor (09:00 vm.)"],"one":"1 Week Voor (09:00 vm.)","other":[{"t":"idOrVar","v":"value"}," Weke Voor (09:00 vm.)"],"two":[{"t":"idOrVar","v":"value"}," Weke Voor (09:00 vm.)"],"zero":"0 Weke Voor (09:00 vm.)"},"$x":[{"t":"idOrVar","v":"plural"},"value"]},{"$i":"days-before-hour24","$v":{"few":[{"t":"idOrVar","v":"value"}," Dae Voor (09:00)"],"many":[{"t":"idOrVar","v":"value"}," Dae Voor (09:00)"],"one":"1 Dag Voor (09:00)","other":[{"t":"idOrVar","v":"value"}," Dae Voor (09:00)"],"two":[{"t":"idOrVar","v":"value"}," Dae Voor (09:00)"],"zero":"0 Dae Voor (09:00)"},"$x":[{"t":"idOrVar","v":"plural"},"value"]},{"$i":"weeks-before-hour24","$v":{"few":[{"t":"idOrVar","v":"value"}," Weke Voor (09:00)"],"many":[{"t":"idOrVar","v":"value"}," Weke Voor (09:00)"],"one":"1 Week Voor (09:00)","other":[{"t":"idOrVar","v":"value"}," Weke Voor (09:00)"],"two":[{"t":"idOrVar","v":"value"}," Weke Voor (09:00)"],"zero":"0 Weke Voor (09:00)"},"$x":[{"t":"idOrVar","v":"plural"},"value"]},{"$i":"minutes-before","$v":{"few":[{"t":"idOrVar","v":"value"}," Minute voor"],"many":[{"t":"idOrVar","v":"value"}," Minute voor"],"one":"1 minuut voor","other":[{"t":"idOrVar","v":"value"}," Minute voor"],"two":[{"t":"idOrVar","v":"value"}," Minute voor"],"zero":"0 minute voor"},"$x":[{"t":"idOrVar","v":"plural"},"value"]},{"$i":"hours-before","$v":{"few":[{"t":"idOrVar","v":"value"}," Ure voor"],"many":[{"t":"idOrVar","v":"value"}," Ure voor"],"one":"1 uur voor","other":[{"t":"idOrVar","v":"value"}," Ure voor"],"two":[{"t":"idOrVar","v":"value"}," Ure voor"],"zero":"0 ure voor"},"$x":[{"t":"idOrVar","v":"plural"},"value"]},{"$i":"days-before","$v":{"few":[{"t":"idOrVar","v":"value"}," Dae voor"],"many":[{"t":"idOrVar","v":"value"}," Dae voor"],"one":"1 Dag voor","other":[{"t":"idOrVar","v":"value"}," Dae voor"],"two":[{"t":"idOrVar","v":"value"}," Dae voor"],"zero":"0 dae voor"},"$x":[{"t":"idOrVar","v":"plural"},"value"]},{"$i":"weeks-before","$v":{"few":[{"t":"idOrVar","v":"value"}," Weke Voor"],"many":[{"t":"idOrVar","v":"value"}," Weke Voor"],"one":"1 week Voor","other":[{"t":"idOrVar","v":"value"}," Weke Voor"],"two":[{"t":"idOrVar","v":"value"}," Weke Voor"],"zero":"0 weke voor"},"$x":[{"t":"idOrVar","v":"plural"},"value"]},{"$i":"months-before","$v":{"few":[{"t":"idOrVar","v":"value"}," Maande voor"],"many":[{"t":"idOrVar","v":"value"}," Maande voor"],"one":"1 Maand voor","other":[{"t":"idOrVar","v":"value"}," Maande voor"],"two":[{"t":"idOrVar","v":"value"}," Maande voor"],"zero":"0 maande voor"},"$x":[{"t":"idOrVar","v":"plural"},"value"]},{"$i":"years-before","$v":{"few":[{"t":"idOrVar","v":"value"}," Jare voor"],"many":[{"t":"idOrVar","v":"value"}," Jare voor"],"one":"1 Jaar voor","other":[{"t":"idOrVar","v":"value"}," Jare voor"],"two":[{"t":"idOrVar","v":"value"}," Jare voor"],"zero":"0 Jare Voor"},"$x":[{"t":"idOrVar","v":"plural"},"value"]},{"$i":"minutes-after","$v":{"few":[{"t":"idOrVar","v":"value"}," Minute daarna"],"many":[{"t":"idOrVar","v":"value"}," Minute daarna"],"one":"1 minuut daarna","other":[{"t":"idOrVar","v":"value"}," Minute daarna"],"two":[{"t":"idOrVar","v":"value"}," Minute daarna"],"zero":"0 minute daarna"},"$x":[{"t":"idOrVar","v":"plural"},"value"]},{"$i":"hours-after","$v":{"few":[{"t":"idOrVar","v":"value"}," Ure daarna"],"many":[{"t":"idOrVar","v":"value"}," Ure daarna"],"one":"1 uur daarna","other":[{"t":"idOrVar","v":"value"}," Ure daarna"],"two":[{"t":"idOrVar","v":"value"}," Ure daarna"],"zero":"0 ure daarna"},"$x":[{"t":"idOrVar","v":"plural"},"value"]},{"$i":"days-after","$v":{"few":[{"t":"idOrVar","v":"value"}," Dae daarna"],"many":[{"t":"idOrVar","v":"value"}," Dae daarna"],"one":"1 dag daarna","other":[{"t":"idOrVar","v":"value"}," Dae daarna"],"two":[{"t":"idOrVar","v":"value"}," Dae daarna"],"zero":"0 Dae daarna"},"$x":[{"t":"idOrVar","v":"plural"},"value"]},{"$i":"weeks-after","$v":{"few":[{"t":"idOrVar","v":"value"}," Weke Daarna"],"many":[{"t":"idOrVar","v":"value"}," Weke Daarna"],"one":"1 week daarna","other":[{"t":"idOrVar","v":"value"}," Weke Daarna"],"two":[{"t":"idOrVar","v":"value"}," Weke Daarna"],"zero":"0 weke daarna"},"$x":[{"t":"idOrVar","v":"plural"},"value"]},{"$i":"months-after","$v":{"few":[{"t":"idOrVar","v":"value"}," Maande daarna"],"many":[{"t":"idOrVar","v":"value"}," Maande daarna"],"one":"1 Maand daarna","other":[{"t":"idOrVar","v":"value"}," Maande daarna"],"two":[{"t":"idOrVar","v":"value"}," Maande daarna"],"zero":"0 maande daarna"},"$x":[{"t":"idOrVar","v":"plural"},"value"]},{"$i":"years-after","$v":{"few":[{"t":"idOrVar","v":"value"}," Jare daarna"],"many":[{"t":"idOrVar","v":"value"}," Jare daarna"],"one":"1 Jaar Daarna","other":[{"t":"idOrVar","v":"value"}," Jare daarna"],"two":[{"t":"idOrVar","v":"value"}," Jare daarna"],"zero":"0 Jare daarna"},"$x":[{"t":"idOrVar","v":"plural"},"value"]},{"$i":"event-notice-timeformat","$v":[{"t":"idOrVar","v":"start"}," - ",{"t":"idOrVar","v":"end"}]},{"$i":"tomorrow-event-notice-timeformat","$v":["More, ",{"t":"idOrVar","v":"start"}," - ",{"t":"idOrVar","v":"end"}]},{"$i":"today-all-day-event","$v":"Vandag"},{"$i":"tomorrow-all-day-event","$v":"Môre"},{"$i":"hour-format12","$v":"%I"},{"$i":"hour-format24","$v":"%H"},{"$i":"week-hour-format12","$v":"%I"},{"$i":"week-hour-format24","$v":"%H"},{"$i":"hour-allday","$v":"Heeldag"},{"$i":"kai-week-day","$v":"%a\\n%e"},{"$i":"current-time12","$v":"%I:%M"},{"$i":"current-time24","$v":"%H:%M"},{"$i":"multi-month-view-header-format","$v":"%B %Y"},{"$i":"day-view-header-format","$v":"%A, %B %e"},{"$i":"months-day-view-header-format","$v":"%A, %B %e"},{"$i":"months-day-view-header-format-small","$v":{"$o":"%A <br/> %b, %e"}},{"$i":"week-view-header-format","$v":["Week ",{"t":"idOrVar","v":"value"},", %B %Y"]},{"$i":"longDateFormat","$v":"%A, %B %e, %Y"},{"$i":"longTimeFormat","$v":"%A %B %d"},{"$i":"longTimeFormat12","$v":"%A %B %d %I %p"},{"$i":"longTimeFormat24","$v":"%A %B %d %H uur"},{"$i":"weekTimeFormat12","$v":"%I %p"},{"$i":"weekTimeFormat24","$v":"%H uur"},{"$i":"weekDayFormat","$v":"%A die %d"},{"$i":"alldayLongTimeFormat","$v":"%A %B %d heeldag"},{"$i":"dayHour12","$v":"%I %p"},{"$i":"dayHour24","$v":"%H uur"},{"$i":"longDateTime12","$v":"%I %p, %a, %d %b, %Y"},{"$i":"longDateTime24","$v":"%H, %a, %d %n, %Y"},{"$i":"upcoming-events","$v":"Komende Geleenthede"},{"$i":"search-results","$v":"Soekresultate"},{"$i":"no-event-found","$v":"Geen geleenthede Gevind"},{"$i":"longDateTimeNew12","$v":"%a, %B %e, %Y, %I:%M %p"},{"$i":"longDateTimeNew24","$v":"%a, %B %e, %Y, %H:%M"},{"$i":"longDateTimeNewNoHour12","$v":"%a, %B %e, %Y"},{"$i":"longDateTimeNewNoHour24","$v":"%a, %B %e, %Y"},{"$i":"error-start-date-after-end-date","$v":"Die geleentheid kan nie eindig voor die begindatum nie."},{"$i":"error-start-time-after-end-time","$v":"Die geleentheid kan nie eindig voor die begindatum nie."},{"$i":"error-unauthenticated","$v":"Verkeerde gebruikersnaam of wagwoord, probeer asseblief weer."},{"$i":"error-internal-server-error","$v":"Bedienerfout, probeer asseblief weer."},{"$i":"error-unkown","$v":"Bediener nie beskikbaar nie. Probeer asb. later weer."},{"$i":"error-default","$v":"Iets is fout. Probeer later weer."},{"$i":"error-offline","$v":"Geen internetverbinding nie."},{"$i":"error-account-exist","$v":"Hierdie rekening bestaan reeds."},{"$i":"error-confirmation-title","$v":"Fout"},{"$i":"error-edit-online-event","$v":"Aanlyn geval nie verander nie weens gebrek aan internetverbinding."},{"$i":"error-delete-online-event","$v":"Aanlyn geval nie uitgevee nie weens gebrek aan internetverbinding."},{"$i":"error-add-online-event","$v":"Kon nie aanlyn gebeurtenis byvoeg nie want daar’s geen internetverbinding nie."},{"$i":"error-start-date-before-seleced-day","$v":"Die gebeurtenis kan nie begin voor huidige datum nie."},{"$i":"notification-error-sync-title","$v":"Kalender-sinchronisasie fout"},{"$i":"notification-error-sync-description","$v":"Tik vir meer inligting"},{"$i":"notification-error-caldav-sync-title","$v":"Probleem met rekening"},{"$i":"notification-error-caldav-sync-description","$v":"Teken weer in"},{"$i":"weekday-0-single-char","$v":"S","ariaLabel":"Sondag"},{"$i":"weekday-1-single-char","$v":"M","ariaLabel":"Maandag"},{"$i":"weekday-2-single-char","$v":"D","ariaLabel":"Dinsdag"},{"$i":"weekday-3-single-char","$v":"W","ariaLabel":"Woensdag"},{"$i":"weekday-4-single-char","$v":"D","ariaLabel":"Donderdag"},{"$i":"weekday-5-single-char","$v":"V","ariaLabel":"Vrydag"},{"$i":"weekday-6-single-char","$v":"S","ariaLabel":"Saterdag"},{"$i":"busy","$v":{"few":[{"t":"idOrVar","v":"n"}," geleenthede"],"many":[{"t":"idOrVar","v":"n"}," geleenthede"],"one":[{"t":"idOrVar","v":"n"}," geleentheid"],"other":[{"t":"idOrVar","v":"n"}," geleenthede"],"two":[{"t":"idOrVar","v":"n"}," geleenthede"],"zero":"Geen geleenthede"},"$x":[{"t":"idOrVar","v":"plural"},"n"]},{"$i":"present","ariaLabel":"Vandag"},{"$i":"past-other-month-description","ariaLabel":"Ander maand"},{"$i":"future-other-month-description","ariaLabel":"Ander maand"},{"$i":"icon-calendar-alarm","ariaLabel":"Het alarm"},{"$i":"calendars","ariaLabel":"Kalenders"},{"$i":"multi-day-new-event-link","ariaLabel":"Voeg gebeurtenis by"},{"$i":"title","ariaLabel":"Titel"},{"$i":"location","ariaLabel":"Ligging"},{"$i":"duration","ariaLabel":"Tydsduur"},{"$i":"calendar","ariaLabel":"Kalender"},{"$i":"alarms","ariaLabel":"Alarms"},{"$i":"description","ariaLabel":"Beskrywing"},{"$i":"start-date","ariaLabel":"Begindatum"},{"$i":"start-time","ariaLabel":"Begintyd"},{"$i":"end-date","ariaLabel":"Einddatum"},{"$i":"end-time","ariaLabel":"Eindtyd"},{"$i":"during-progress-loading","ariaValueText":"Laai tans"},{"$i":"all-day","ariaLabel":"Heeldag"},{"$i":"create-event","ariaLabel":"Skep geleentheid"},{"$i":"create-all-day-event","ariaLabel":"Skep heeldag geleentheid"},{"$i":"event-one-day-duration","ariaLabel":["Vanaf ",{"t":"idOrVar","v":"startTime"}," tot ",{"t":"idOrVar","v":"endTime"}]},{"$i":"week-event-one-day-duration","ariaLabel":[{"t":"idOrVar","v":"startDate"}," vanaf ",{"t":"idOrVar","v":"startTime"}," tot ",{"t":"idOrVar","v":"endTime"}]},{"$i":"event-multiple-day-duration","ariaLabel":["Vanaf ",{"t":"idOrVar","v":"startTime"}," ",{"t":"idOrVar","v":"startDate"}," tot ",{"t":"idOrVar","v":"endTime"}," ",{"t":"idOrVar","v":"endDate"}]},{"$i":"kai-event-added","$v":"Geval bygevoeg."},{"$i":"kai-event-updated","$v":"Geval bygewerk."},{"$i":"kai-event-deleted","$v":"Geval uitgevee."},{"$i":"kai-change-save","$v":"Veranderinge is gestoor"},{"$i":"event-sync-failure","$v":"Nie moontlik om aanlyn kalender te sinchroniseer nie."},{"$i":"kai-event-calendar","$v":"Kalender"},{"$i":"kai-single-event","$v":"geleentheid"},{"$i":"kai-event-count","$v":"geleenthede"},{"$i":"kai-sync-progress-syncing","$v":"Besig om te sinchroniseer"},{"$i":"kai-sync-progress-complete","$v":"Kalender op datum."},{"$i":"kai-sync-sync-switch-close","$v":"Rekening kon nie gesinchroniseer word nie, want sinchronisasie is afgeskakel."},{"$i":"kai-settings-sounds","$v":"Klanke"},{"$i":"kai-tones","$v":"Toon"},{"$i":"kai-multi-events","$v":"Geleenthede"},{"$i":"kai-confirmation-title","$v":"Bevestiging"},{"$i":"kai-delete-selectedEvent-confirmation","$v":"Skrap gekose geleentheid?"},{"$i":"kai-deleteEvent-confirmation","$v":"Skrap geleentheid?"},{"$i":"kai-event-search-header","$v":"Soek","placeholder":"Soek"},{"$i":"kai-event-search-upcoming-events","$v":"Komende Geleenthede"},{"$i":"kai-delete","$v":"Skrap"},{"$i":"kai-cancel","$v":"Kanselleer"},{"$i":"kai-dialog-delete-sel","$v":"Is jy seker jy wil die gekose geleentheid skrap?"},{"$i":"kai-delete-title","$v":"Skrap geleentheid"},{"$i":"kai-save-changes","$v":"Stoor veranderinge?"},{"$i":"kai-save-message-back","$v":"Alle ingevoerde data sal verloor word. Wil jy veranderinge stoor?"},{"$i":"kai-save-message-close","$v":"Toepassing sal toegemaak word met dataverlies. Wil jy veranderinge stoor?"},{"$i":"yes","$v":"Ja"},{"$i":"no","$v":"Nee"},{"$i":"confirmation","$v":"Bevestiging"},{"$i":"ok","$v":"Goed"},{"$i":"delete-event","$v":"Skrap geleentheid?"},{"$i":"edit-event-no-net","$v":"Aanlyn geval nie verander nie weens gebrek aan internetverbinding."},{"$i":"kai-settings-header","$v":"Kalender om te Vertoon"},{"$i":"kai-syncing","$v":"Besig om te sinchroniseer"},{"$i":"kai-syncing-header","$v":"Sinkronisasie van Rekening"},{"$i":"select","$v":"Kies"},{"$i":"add-event","$v":"Voeg by"},{"$i":"week-view","$v":"Weekaansig"},{"$i":"day-view","$v":"Dagaansig"},{"$i":"month-view","$v":"Maandaansig"},{"$i":"today","$v":"Vandag"},{"$i":"go","$v":"Gaan na Datum"},{"$i":"search","$v":"Soek"},{"$i":"calendar-to-display","$v":"Kalender om te Vertoon"},{"$i":"settings","$v":"Instellings"},{"$i":"delete","$v":"Skrap"},{"$i":"enter","$v":"Invoer"},{"$i":"sync-calendar","$v":"Sinchroniseer kalender"},{"$i":"lunar-calendar","$v":"maandag"},{"$i":"present-description","$v":["Vandag ",{"t":"idOrVar","v":"weekday"}," die ",{"t":"idOrVar","v":"date"},"ste"]},{"$i":"day-description","$v":[{"t":"idOrVar","v":"weekday"}," die ",{"t":"idOrVar","v":"date"},"ste"]},{"$i":"weekday-5","$v":"Vrydag"},{"$i":"weekday-4","$v":"Donderdag"},{"$i":"weekday-3","$v":"Woensdag"},{"$i":"weekday-2","$v":"Dinsdag"},{"$i":"weekday-1","$v":"Maandag"},{"$i":"weekday-0","$v":"Sondag"},{"$i":"weekday-6","$v":"Saterdag"},{"$i":"no-title","$v":"Geen Titel"},{"$i":"account-sync-off-tip","$v":"Sit sinchronisasie aan vir hierdie rekening om ’n gebeurtenis te wysig of skrap."},{"$i":"weekday-0-long","$v":"Sondag"},{"$i":"weekday-1-long","$v":"Maandag"},{"$i":"weekday-2-long","$v":"Dinsdag"},{"$i":"weekday-3-long","$v":"Woensdag"},{"$i":"weekday-4-long","$v":"Donderdag"},{"$i":"weekday-5-long","$v":"Vrydag"},{"$i":"weekday-6-long","$v":"Saterdag"},{"$i":"weekday-0-short","$v":"So"},{"$i":"weekday-1-short","$v":"Ma"},{"$i":"weekday-2-short","$v":"Di"},{"$i":"weekday-3-short","$v":"Wo"},{"$i":"weekday-4-short","$v":"Do"},{"$i":"weekday-5-short","$v":"Vr"},{"$i":"weekday-6-short","$v":"Sa"},{"$i":"month-0-long","$v":"Januarie"},{"$i":"month-1-long","$v":"Februarie"},{"$i":"month-2-long","$v":"Maart"},{"$i":"month-3-long","$v":"April"},{"$i":"month-4-long","$v":"Mei"},{"$i":"month-5-long","$v":"Junie"},{"$i":"month-6-long","$v":"Julie"},{"$i":"month-7-long","$v":"Augustus"},{"$i":"month-8-long","$v":"September"},{"$i":"month-9-long","$v":"Oktober"},{"$i":"month-10-long","$v":"November"},{"$i":"month-11-long","$v":"Desember"},{"$i":"month-0-genitive","$v":"Januarie"},{"$i":"month-1-genitive","$v":"Februarie"},{"$i":"month-2-genitive","$v":"Maart"},{"$i":"month-3-genitive","$v":"April"},{"$i":"month-4-genitive","$v":"Mei"},{"$i":"month-5-genitive","$v":"Junie"},{"$i":"month-6-genitive","$v":"Julie"},{"$i":"month-7-genitive","$v":"Augustus"},{"$i":"month-8-genitive","$v":"September"},{"$i":"month-9-genitive","$v":"Oktober"},{"$i":"month-10-genitive","$v":"November"},{"$i":"month-11-genitive","$v":"Desember"},{"$i":"month-0-short","$v":"Jan"},{"$i":"month-1-short","$v":"Feb"},{"$i":"month-2-short","$v":"Mrt"},{"$i":"month-3-short","$v":"Apr"},{"$i":"month-4-short","$v":"Mei"},{"$i":"month-5-short","$v":"Jun"},{"$i":"month-6-short","$v":"Jul"},{"$i":"month-7-short","$v":"Aug"},{"$i":"month-8-short","$v":"Sep"},{"$i":"month-9-short","$v":"Okt"},{"$i":"month-10-short","$v":"Nov"},{"$i":"month-11-short","$v":"Des"},{"$i":"days-ago-long","$v":{"few":[{"t":"idOrVar","v":"value"}," dae gelede"],"many":[{"t":"idOrVar","v":"value"}," dae gelede"],"one":"gister","other":[{"t":"idOrVar","v":"value"}," dae gelede"],"two":[{"t":"idOrVar","v":"value"}," dae gelede"],"zero":"Vandag"},"$x":[{"t":"idOrVar","v":"plural"},"value"]},{"$i":"weeks-ago-long","$v":{"few":[{"t":"idOrVar","v":"value"}," weke gelede"],"many":[{"t":"idOrVar","v":"value"}," weke gelede"],"one":"Verlede week","other":[{"t":"idOrVar","v":"value"}," weke gelede"],"two":[{"t":"idOrVar","v":"value"}," weke gelede"],"zero":"Hierdie week"},"$x":[{"t":"idOrVar","v":"plural"},"value"]},{"$i":"months-ago-long","$v":{"few":[{"t":"idOrVar","v":"value"}," maande gelede"],"many":[{"t":"idOrVar","v":"value"}," maande gelede"],"one":"Verlede maand","other":[{"t":"idOrVar","v":"value"}," maande gelede"],"two":[{"t":"idOrVar","v":"value"}," maande gelede"],"zero":"hierdie maand"},"$x":[{"t":"idOrVar","v":"plural"},"value"]},{"$i":"years-ago-long","$v":{"few":[{"t":"idOrVar","v":"value"}," jare gelede"],"many":[{"t":"idOrVar","v":"value"}," jare gelede"],"one":"Verlede jaar","other":[{"t":"idOrVar","v":"value"}," jare gelede"],"two":[{"t":"idOrVar","v":"value"}," jare gelede"],"zero":"Hierdie jaar"},"$x":[{"t":"idOrVar","v":"plural"},"value"]},{"$i":"minutes-until-long","$v":{"few":["In ",{"t":"idOrVar","v":"value"}," minute"],"many":["In ",{"t":"idOrVar","v":"value"}," minute"],"other":["In ",{"t":"idOrVar","v":"value"}," minute"],"two":["In ",{"t":"idOrVar","v":"value"}," minute"],"zero":"Nou","one":"In ‘n minuut"},"$x":[{"t":"idOrVar","v":"plural"},"value"]},{"$i":"hours-until-long","$v":{"few":["In ",{"t":"idOrVar","v":"value"}," ure"],"many":["In ",{"t":"idOrVar","v":"value"}," ure"],"other":["In ",{"t":"idOrVar","v":"value"}," ure"],"two":["In ",{"t":"idOrVar","v":"value"}," ure"],"zero":"Nou","one":"In ‘n uur"},"$x":[{"t":"idOrVar","v":"plural"},"value"]},{"$i":"days-until-long","$v":{"few":["In ",{"t":"idOrVar","v":"value"}," dae"],"many":["In ",{"t":"idOrVar","v":"value"}," dae"],"one":"môre","other":["In ",{"t":"idOrVar","v":"value"}," dae"],"two":["In ",{"t":"idOrVar","v":"value"}," dae"],"zero":"Vandag"},"$x":[{"t":"idOrVar","v":"plural"},"value"]},{"$i":"weeks-until-long","$v":{"few":["In ",{"t":"idOrVar","v":"value"}," weke"],"many":["In ",{"t":"idOrVar","v":"value"}," weke"],"one":"volgende week","other":["In ",{"t":"idOrVar","v":"value"}," weke"],"two":["In ",{"t":"idOrVar","v":"value"}," weke"],"zero":"Hierdie week"},"$x":[{"t":"idOrVar","v":"plural"},"value"]},{"$i":"months-until-long","$v":{"few":["In ",{"t":"idOrVar","v":"value"}," maande"],"many":["In ",{"t":"idOrVar","v":"value"}," maande"],"one":"Volgende maand","other":["In ",{"t":"idOrVar","v":"value"}," maande"],"two":["In ",{"t":"idOrVar","v":"value"}," maande"],"zero":"hierdie maand"},"$x":[{"t":"idOrVar","v":"plural"},"value"]},{"$i":"years-until-long","$v":{"few":["In ",{"t":"idOrVar","v":"value"}," jare"],"many":["In ",{"t":"idOrVar","v":"value"}," jare"],"one":"Volgende jaar","other":["In ",{"t":"idOrVar","v":"value"}," jare"],"two":["In ",{"t":"idOrVar","v":"value"}," jare"],"zero":"Hierdie jaar"},"$x":[{"t":"idOrVar","v":"plural"},"value"]},{"$i":"minutes-ago-short","$v":{"other":[{"t":"idOrVar","v":"value"},"m gelede"],"zero":"Nou-nou"},"$x":[{"t":"idOrVar","v":"plural"},"value"]},{"$i":"hours-ago-short","$v":{"other":[{"t":"idOrVar","v":"value"},"u gelede"],"zero":"Nou-nou"},"$x":[{"t":"idOrVar","v":"plural"},"value"]},{"$i":"days-ago-short","$v":{"other":[{"t":"idOrVar","v":"value"},"d gelede"],"zero":"Vandag"},"$x":[{"t":"idOrVar","v":"plural"},"value"]},{"$i":"minutes-until-short","$v":{"other":["In ",{"t":"idOrVar","v":"value"},"m"],"zero":"Nou"},"$x":[{"t":"idOrVar","v":"plural"},"value"]},{"$i":"hours-until-short","$v":{"other":["In ",{"t":"idOrVar","v":"value"}," u"],"zero":"Nou"},"$x":[{"t":"idOrVar","v":"plural"},"value"]},{"$i":"days-until-short","$v":{"other":["In ",{"t":"idOrVar","v":"value"},"d"],"zero":"Vandag"},"$x":[{"t":"idOrVar","v":"plural"},"value"]},{"$i":"incorrectDate","$v":"(verkeerde datum)"},{"$i":"dateTimeFormat_%c","$v":"%a %b %e %Y %I:%M:%S %p"},{"$i":"dateTimeFormat_%x","$v":"%m/%d/%Y"},{"$i":"dateTimeFormat_%X","$v":"%I:%M:%S %p"},{"$i":"shortTimeFormat","$v":"%I:%M %p"},{"$i":"shortTimeFormat12","$v":"%I:%M %p"},{"$i":"shortTimeFormat24","$v":"%H:%M"},{"$i":"shortDateTimeFormat","$v":"%X %I:%M %p"},{"$i":"weekStartsOnMonday","$v":"0.0"},{"$i":"firstDayOfTheWeek","$v":"0.0"},{"$i":"time_am","$v":"VM"},{"$i":"time_pm","$v":"NM"},{"$i":"softkey-options","$v":"Opsies"}]