[{"$i":"back","$v":"Geriyə"},{"$i":"save","$v":"Saxla"},{"$i":"cancel","$v":"Ləğv et"},{"$i":"next","$v":"Növbəti"},{"$i":"hide","$v":"Gizlət"},{"$i":"confirm","$v":"Təsdiqlə"},{"$i":"done","$v":"Hazırdır"},{"$i":"events","$v":"Tədbirlər Xatırlatması"},{"$i":"edit","$v":"Redaktə et"},{"$i":"allday-events","$v":"Bütün-gün Tədbirlər Xatırlatması"},{"$i":"no-events","$v":"Heç bir hadisə yoxdur"},{"$i":"default","$v":"Standart"},{"$i":"sync","$v":"Sinxronlaşdırma"},{"$i":"repeat","$v":"Təkrar et"},{"$i":"never","$v":"Heç vaxt"},{"$i":"every-day","$v":"Hər gün"},{"$i":"every-week","$v":"Hər həftə"},{"$i":"every-2-weeks","$v":"Hər 2 həftə"},{"$i":"every-month","$v":"Hər ay"},{"$i":"view-never","$v":"Təkrarlayın: Heç vaxt"},{"$i":"view-every-day","$v":"Təkrarlayın: Gündəlik"},{"$i":"view-every-week","$v":"Təkrarlayın: Həftəlik"},{"$i":"view-every-2-weeks","$v":"Təkrarla: İki həftədən bir"},{"$i":"view-every-month","$v":"Təkrarlayın: Aylıq"},{"$i":"repeat-event-header","$v":"Bu, təkrarlanan hadisədir."},{"$i":"delete-this-only","$v":"Yalnız bunları silin"},{"$i":"delete-all","$v":"Hamısını sil"},{"$i":"event-edit-all","$v":"Bütün tədbirləri redaktə edin"},{"$i":"event-edit-all-future","$v":"Bütün gələcək tədbirləri redaktə edin"},{"$i":"options","$v":"Seçimlər"},{"$i":"event-delete-all","$v":"Bütün hadisələri silin"},{"$i":"event-delete-all-future","$v":"Bütün gələcək tədbirləri silin"},{"$i":"delete-account","$v":"Hesabı sil"},{"$i":"exchange-account","$v":"ActiveSync"},{"$i":"account-user-name","$v":"İstifadəçi adı"},{"$i":"incorrect-password-description","$v":"Serverə daxil olmaq mümkün olmadı. Parolu yenidən daxil edin."},{"$i":"incorrect-password","$v":"Yanlış parol"},{"$i":"account-duplicate","$v":"Hesab artıq mövcuddur. Sinxronlaşdırma yandırılıb."},{"$i":"error-account","$v":"Server əlçatan deyil. Daha sonra cəhd edin."},{"$i":"error-access-denied","$v":"Naməlum xəta baş verdi, sonra yenidən cəhd edin."},{"$i":"error-time-out","$v":[{"t":"idOrVar","v":"server"},"\" ilə bağlantı qurmaq mümkün deyil. Şəbəkə ilə bağlı problem ola bilər."]},{"$i":"caldav-account-exist","$v":"Bu hesab artıq mövcuddur."},{"$i":"save-password","$v":"Şifrə yadda saxlandı."},{"$i":"account-login","$v":"Hesab Giriş"},{"$i":"setting-up-account","$v":"Hesab quraşdırılır"},{"$i":"setup-account-usedInfo","$v":"Bu hesab aşağıdakı proqramlar istifadə edəcək. Bunu Parametrlər>Hesab bölməsində dəyişə bilərsiniz."},{"$i":"app-calendar","$v":"Təqvim"},{"$i":"show-today","$v":"Bu gün"},{"$i":"show-month-view","$v":"Ay"},{"$i":"show-week-view","$v":"Həftə"},{"$i":"show-day-view","$v":"Gün"},{"$i":"settings-show","$v":"Parametrlər"},{"$i":"settings-hide","$v":"Parametrləri gizlət"},{"$i":"add-account","$v":"Hesab əlavə et"},{"$i":"new-event","$v":"Tədbir əlavə et"},{"$i":"view-event-header","$v":"Tədbir təfsilatları"},{"$i":"new-event-header","$v":"Hadisə əlavə et"},{"$i":"edit-event-header","$v":"Tədbiri redaktə et"},{"$i":"account-header","$v":"Hesab"},{"$i":"account-list-header","$v":"Hesablar"},{"$i":"advanced-settings-short-icon-button","ariaLabel":"Parametrlər"},{"$i":"advanced-settings-header","$v":"Təqvim Parametrləri"},{"$i":"advanced-settings-personalization","$v":"Tezliyi Yenilə"},{"$i":"advanced-settings-reminders","$v":"Xatırladıcı"},{"$i":"advanced-settings-add-account","$v":"Hesab əlavə et"},{"$i":"field-user","$v":"İstifadəçi adı"},{"$i":"field-password","$v":"Parol"},{"$i":"show-password","$v":"Parolu göstər"},{"$i":"field-full-url","$v":"URL"},{"$i":"modify-account-setting-up","$v":"Hesabınızın qurul​duğu müdd gözlə"},{"$i":"modify-account-unable-to-sync","$v":"Sinxronlaşdırmaq olmur"},{"$i":"modify-account-sign-in","$v":"Daxil ol"},{"$i":"sync-account","$v":"Hesabı sinxronlaşdırın"},{"$i":"deselect","$v":"Ləğv et"},{"$i":"kai-caldav","$v":"CalDav"},{"$i":"kai-yahoo","$v":"Yahoo!"},{"$i":"kai-google","$v":"Google"},{"$i":"preset-mozilla","$v":"Mozilla Zimbra"},{"$i":"calendar-local","$v":"Telefon Təqvimi"},{"$i":"event-title","$v":"Başlıq"},{"$i":"event-location","$v":"Məkan"},{"$i":"event-description","$v":"Qeydlər"},{"$i":"event-is-allday","$v":"Bütün-gün Tədbir"},{"$i":"event-start-date","$v":"Başlama Tarixi"},{"$i":"event-end-date","$v":"Son Tarix"},{"$i":"event-start-time","$v":"Başlama Vaxtı"},{"$i":"event-end-time","$v":"Son Vaxt"},{"$i":"event-delete","$v":"Tədbiri sil"},{"$i":"event-is-deleting","$v":"Silinir…"},{"$i":"remove-account-data","$v":"Təqvim Hesabını sil"},{"$i":"remove-account-dialog","$v":"Hesabı sil"},{"$i":"remove-account-dialog-details","$v":"Bu hesabı silsəniz, onu istifadə edən proqramlara da təsir edəcək."},{"$i":"remove","$v":"Sil"},{"$i":"drawer-sync-icon-button","ariaLabel":"Sinxronlaşdırma"},{"$i":"sync-progress-syncing","ariaValueText":"Sinx edilir"},{"$i":"sync-progress-complete","ariaValueText":"Sinx tamamlandı"},{"$i":"sync-frequency","$v":"Təqvimi sinxronlaşdır"},{"$i":"sync-frequency-15min","$v":"Hər 15 dəqiqə"},{"$i":"sync-frequency-30min","$v":"Hər 30 dəqiqə"},{"$i":"sync-frequency-manual","$v":"Əl ilə"},{"$i":"from","$v":"Kimdən"},{"$i":"to","$v":"Kimə"},{"$i":"one-day-duration-title","$v":[{"t":"idOrVar","v":"startDate"}]},{"$i":"one-day-duration-content","$v":[{"t":"idOrVar","v":"startTime"}," -dan(-dən) ",{"t":"idOrVar","v":"endTime"}," -dək"]},{"$i":"multiple-day-duration-title","$v":[{"t":"idOrVar","v":"startTime"}," ",{"t":"idOrVar","v":"startDate"}]},{"$i":"multiple-day-duration-content","$v":[{"t":"idOrVar","v":"endTime"}," ",{"t":"idOrVar","v":"endDate"}]},{"$i":"one-all-day-duration-title","$v":[{"t":"idOrVar","v":"startDate"}]},{"$i":"all-day-duration-content","$v":"Bütün gün davam edən tədbir"},{"$i":"multiple-all-day-duration-title","$v":[{"t":"idOrVar","v":"startDate"}," etibarən"]},{"$i":"multiple-all-day-duration-content","$v":[{"t":"idOrVar","v":"endDate"},"-dək"]},{"$i":"none","$v":"Heç nə"},{"$i":"reminder","$v":"Xatırladıcı"},{"$i":"remind-me","$v":"Mənə xatırlat"},{"$i":"alarm-at-event-standard","$v":"Tədbir zamanı"},{"$i":"alarm-at-event-allday","$v":"Tədbir günü"},{"$i":"alarm-at-event-allday-hour12","$v":"Tədbir günü (09:00)"},{"$i":"alarm-at-event-allday-hour24","$v":"Tədbir günü (09:00)"},{"$i":"notice-now","$v":"İndi başlayır"},{"$i":"notice-5-minutes-before","$v":"5 dəqiqədən başlayır"},{"$i":"notice-15-minutes-before","$v":"15 dəqiqədən başlayır"},{"$i":"notice-30-minutes-before","$v":"30 dəqiqədən başlayır"},{"$i":"notice-1-hour-before","$v":"1 saatdan başlayır"},{"$i":"notice-2-hours-before","$v":"2 saatdan başlayır"},{"$i":"notice-1-day-before","$v":"Sabahdan başlayır"},{"$i":"notice-on-day-event-all","$v":"Bu gündən başlayır"},{"$i":"notice-1-day-before-all","$v":"Sabahdan başlayır"},{"$i":"notice-2-day-before-all","$v":"2 gündən başlayır"},{"$i":"notice-weeks-before-all","$v":["Başlama tarixi: ",{"t":"idOrVar","v":"startDate"}]},{"$i":"days-ago-yesterday","$v":["Dünən ",{"t":"idOrVar","v":"timeString"}]},{"$i":"days-ago-today","$v":["Bu gün ",{"t":"idOrVar","v":"timeString"}]},{"$i":"days-ago-yesterday-single","$v":"Dünən"},{"$i":"days-ago-today-single","$v":"Bu gün"},{"$i":"alarm-started-notices","$v":["Başladılıb: ",{"t":"idOrVar","v":"distance"}]},{"$i":"alarm-starting-notices","$v":["Başladılır: ",{"t":"idOrVar","v":"distance"}]},{"$i":"minutes-ago-long","$v":{"few":[{"t":"idOrVar","v":"value"}," dəqiqə əvvəl"],"many":[{"t":"idOrVar","v":"value"}," dəqiqə əvvəl"],"other":[{"t":"idOrVar","v":"value"}," dəqiqə əvvəl"],"two":[{"t":"idOrVar","v":"value"}," dəqiqə əvvəl"],"one":"bir dəqiqə əvvəl","zero":"indicə"},"$x":[{"t":"idOrVar","v":"plural"},"value"]},{"$i":"hours-ago-long","$v":{"few":[{"t":"idOrVar","v":"value"}," saat əvvəl"],"many":[{"t":"idOrVar","v":"value"}," saat əvvəl"],"other":[{"t":"idOrVar","v":"value"}," saat əvvəl"],"two":[{"t":"idOrVar","v":"value"}," saat əvvəl"],"one":"1 saat əvvəl","zero":"indicə"},"$x":[{"t":"idOrVar","v":"plural"},"value"]},{"$i":"alarm-start-notice","$v":[{"t":"idOrVar","v":"title"}," başlayır: ",{"t":"idOrVar","v":"distance"}]},{"$i":"alarm-started-notice","$v":[{"t":"idOrVar","v":"title"}," başladı: ",{"t":"idOrVar","v":"distance"}]},{"$i":"alarm-start-notice-two-days","$v":[{"t":"idOrVar","v":"title"}," iki günə başlayır"]},{"$i":"alarm-start-notice-few-days","$v":[{"t":"idOrVar","v":"title"}," başlayır: ",{"t":"idOrVar","v":"distance"}]},{"$i":"days-before-hour12","$v":{"few":[{"t":"idOrVar","v":"value"}," gün əvvəl (09:00)"],"many":[{"t":"idOrVar","v":"value"}," gün əvvəl (09:00)"],"one":"1 gün əvvəl (09:00)","other":[{"t":"idOrVar","v":"value"}," gün əvvəl (09:00)"],"two":[{"t":"idOrVar","v":"value"}," gün əvvəl (09:00)"],"zero":"0 gün əvvəl (09:00)"},"$x":[{"t":"idOrVar","v":"plural"},"value"]},{"$i":"weeks-before-hour12","$v":{"few":[{"t":"idOrVar","v":"value"}," həftə əvvəl (09:00)"],"many":[{"t":"idOrVar","v":"value"}," həftə əvvəl (09:00)"],"one":"1 həftə əvvəl (09:00)","other":[{"t":"idOrVar","v":"value"}," həftə əvvəl (09:00)"],"two":[{"t":"idOrVar","v":"value"}," həftə əvvəl (09:00)"],"zero":"0 həftə əvvəl (09:00)"},"$x":[{"t":"idOrVar","v":"plural"},"value"]},{"$i":"days-before-hour24","$v":{"few":[{"t":"idOrVar","v":"value"}," gün əvvəl (09:00)"],"many":[{"t":"idOrVar","v":"value"}," gün əvvəl (09:00)"],"one":"1 gün əvvəl (09:00)","other":[{"t":"idOrVar","v":"value"}," gün əvvəl (09:00)"],"two":[{"t":"idOrVar","v":"value"}," gün əvvəl (09:00)"],"zero":"0 gün əvvəl (09:00)"},"$x":[{"t":"idOrVar","v":"plural"},"value"]},{"$i":"weeks-before-hour24","$v":{"few":[{"t":"idOrVar","v":"value"}," həftə əvvəl (09:00)"],"many":[{"t":"idOrVar","v":"value"}," həftə əvvəl (09:00)"],"one":"1 həftə əvvəl (09:00)","other":[{"t":"idOrVar","v":"value"}," həftə əvvəl (09:00)"],"two":[{"t":"idOrVar","v":"value"}," həftə əvvəl (09:00)"],"zero":"0 həftə əvvəl (09:00)"},"$x":[{"t":"idOrVar","v":"plural"},"value"]},{"$i":"minutes-before","$v":{"few":[{"t":"idOrVar","v":"value"}," Dəqiqə Əvvəl"],"many":[{"t":"idOrVar","v":"value"}," Dəqiqə Əvvəl"],"one":"1 Dəqiqə Əvvəl","other":[{"t":"idOrVar","v":"value"}," Dəqiqə Əvvəl"],"two":[{"t":"idOrVar","v":"value"}," Dəqiqə Əvvəl"],"zero":"0 Dəqiqə Əvvəl"},"$x":[{"t":"idOrVar","v":"plural"},"value"]},{"$i":"hours-before","$v":{"few":[{"t":"idOrVar","v":"value"}," Saat Əvvəl"],"many":[{"t":"idOrVar","v":"value"}," Saat Əvvəl"],"one":"1 Saat Əvvəl","other":[{"t":"idOrVar","v":"value"}," Saat Əvvəl"],"two":[{"t":"idOrVar","v":"value"}," Saat Əvvəl"],"zero":"0 Saat Əvvəl"},"$x":[{"t":"idOrVar","v":"plural"},"value"]},{"$i":"days-before","$v":{"few":[{"t":"idOrVar","v":"value"}," Gün Əvvəl"],"many":[{"t":"idOrVar","v":"value"}," Gün Əvvəl"],"one":"1 Gün Əvvəl","other":[{"t":"idOrVar","v":"value"}," Gün Əvvəl"],"two":[{"t":"idOrVar","v":"value"}," Gün Əvvəl"],"zero":"0 Gün Əvvəl"},"$x":[{"t":"idOrVar","v":"plural"},"value"]},{"$i":"weeks-before","$v":{"few":[{"t":"idOrVar","v":"value"}," Həftə Əvvəl"],"many":[{"t":"idOrVar","v":"value"}," Həftə Əvvəl"],"one":"1 Həftə Əvvəl","other":[{"t":"idOrVar","v":"value"}," Həftə Əvvəl"],"two":[{"t":"idOrVar","v":"value"}," Həftə Əvvəl"],"zero":"0 Həftə Əvvəl"},"$x":[{"t":"idOrVar","v":"plural"},"value"]},{"$i":"months-before","$v":{"few":[{"t":"idOrVar","v":"value"}," Ay Əvvəl"],"many":[{"t":"idOrVar","v":"value"}," Ay Əvvəl"],"one":"1 Ay Əvvəl","other":[{"t":"idOrVar","v":"value"}," Ay Əvvəl"],"two":[{"t":"idOrVar","v":"value"}," Ay Əvvəl"],"zero":"0 Ay Əvvəl"},"$x":[{"t":"idOrVar","v":"plural"},"value"]},{"$i":"years-before","$v":{"few":[{"t":"idOrVar","v":"value"}," İl Əvvəl"],"many":[{"t":"idOrVar","v":"value"}," İl Əvvəl"],"one":"1 İl Əvvəl","other":[{"t":"idOrVar","v":"value"}," İl Əvvəl"],"two":[{"t":"idOrVar","v":"value"}," İl Əvvəl"],"zero":"0 İl Əvvəl"},"$x":[{"t":"idOrVar","v":"plural"},"value"]},{"$i":"minutes-after","$v":{"few":[{"t":"idOrVar","v":"value"}," Dəqiqə Sonra"],"many":[{"t":"idOrVar","v":"value"}," Dəqiqə Sonra"],"one":"1 Dəqiqə Sonra","other":[{"t":"idOrVar","v":"value"}," Dəqiqə Sonra"],"two":[{"t":"idOrVar","v":"value"}," Dəqiqə Sonra"],"zero":"0 Dəqiqə Sonra"},"$x":[{"t":"idOrVar","v":"plural"},"value"]},{"$i":"hours-after","$v":{"few":[{"t":"idOrVar","v":"value"}," Saat Sonra"],"many":[{"t":"idOrVar","v":"value"}," Saat Sonra"],"one":"1 Saat Sonra","other":[{"t":"idOrVar","v":"value"}," Saat Sonra"],"two":[{"t":"idOrVar","v":"value"}," Saat Sonra"],"zero":"0 Saat Sonra"},"$x":[{"t":"idOrVar","v":"plural"},"value"]},{"$i":"days-after","$v":{"few":[{"t":"idOrVar","v":"value"}," Gün Sonra"],"many":[{"t":"idOrVar","v":"value"}," Gün Sonra"],"one":"1 Gün Sonra","other":[{"t":"idOrVar","v":"value"}," Gün Sonra"],"two":[{"t":"idOrVar","v":"value"}," Gün Sonra"],"zero":"0 Gün Sonra"},"$x":[{"t":"idOrVar","v":"plural"},"value"]},{"$i":"weeks-after","$v":{"few":[{"t":"idOrVar","v":"value"}," Həftə Sonra"],"many":[{"t":"idOrVar","v":"value"}," Həftə Sonra"],"one":"1 Həftə Sonra","other":[{"t":"idOrVar","v":"value"}," Həftə Sonra"],"two":[{"t":"idOrVar","v":"value"}," Həftə Sonra"],"zero":"0 Həftə Sonra"},"$x":[{"t":"idOrVar","v":"plural"},"value"]},{"$i":"months-after","$v":{"few":[{"t":"idOrVar","v":"value"}," Ay Sonra"],"many":[{"t":"idOrVar","v":"value"}," Ay Sonra"],"one":"1 Ay Sonra","other":[{"t":"idOrVar","v":"value"}," Ay Sonra"],"two":[{"t":"idOrVar","v":"value"}," Ay Sonra"],"zero":"0 Ay Sonra"},"$x":[{"t":"idOrVar","v":"plural"},"value"]},{"$i":"years-after","$v":{"few":[{"t":"idOrVar","v":"value"}," İl Sonra"],"many":[{"t":"idOrVar","v":"value"}," İl Sonra"],"one":"1 İl Sonra","other":[{"t":"idOrVar","v":"value"}," İl Sonra"],"two":[{"t":"idOrVar","v":"value"}," İl Sonra"],"zero":"0 İl Sonra"},"$x":[{"t":"idOrVar","v":"plural"},"value"]},{"$i":"event-notice-timeformat","$v":[{"t":"idOrVar","v":"start"}," - ",{"t":"idOrVar","v":"end"}]},{"$i":"tomorrow-event-notice-timeformat","$v":["Sabah, ",{"t":"idOrVar","v":"start"}," - ",{"t":"idOrVar","v":"end"}]},{"$i":"today-all-day-event","$v":"Bu gün"},{"$i":"tomorrow-all-day-event","$v":"sabah"},{"$i":"hour-format12","$v":"%I"},{"$i":"hour-format24","$v":"%H"},{"$i":"week-hour-format12","$v":"%I"},{"$i":"week-hour-format24","$v":"%H"},{"$i":"hour-allday","$v":"Bütün gün"},{"$i":"kai-week-day","$v":"%a\\n%e"},{"$i":"current-time12","$v":"%I:%M"},{"$i":"current-time24","$v":"%H:%M"},{"$i":"multi-month-view-header-format","$v":"%B %Y"},{"$i":"day-view-header-format","$v":"%A, %B %e"},{"$i":"months-day-view-header-format","$v":"%A, %B %e"},{"$i":"months-day-view-header-format-small","$v":{"$o":"%a <br/> %b, %e"}},{"$i":"week-view-header-format","$v":["Həftə ",{"t":"idOrVar","v":"value"},", %B %Y"]},{"$i":"longDateFormat","$v":"%A, %B %e, %Y"},{"$i":"longTimeFormat","$v":"%A %B %d"},{"$i":"longTimeFormat12","$v":"%A %B %d %I %p"},{"$i":"longTimeFormat24","$v":"saat%A %B %d %H"},{"$i":"weekTimeFormat12","$v":"%I %p"},{"$i":"weekTimeFormat24","$v":"saat%H"},{"$i":"weekDayFormat","$v":"%A %d"},{"$i":"alldayLongTimeFormat","$v":"%A %B %d bütün gün"},{"$i":"dayHour12","$v":"%I %p"},{"$i":"dayHour24","$v":"saat%H"},{"$i":"longDateTime12","$v":"%I %p, %a, %d %b, %Y"},{"$i":"longDateTime24","$v":"%H, %a, %d %b, %Y"},{"$i":"upcoming-events","$v":"Gələcək Tədbirlər"},{"$i":"search-results","$v":"Axtarış Nəticələri"},{"$i":"no-event-found","$v":"Heç bir Tədbir Tapılmadı"},{"$i":"longDateTimeNew12","$v":"%a, %B %e, %Y, %I:%M %p"},{"$i":"longDateTimeNew24","$v":"%a, %B %e, %Y, %H:%M"},{"$i":"longDateTimeNewNoHour12","$v":"%a, %B %e, %Y"},{"$i":"longDateTimeNewNoHour24","$v":"%a, %B %e, %Y"},{"$i":"error-start-date-after-end-date","$v":"Hadisə onun başlama tarixindən əvvəl sona çata bilməz."},{"$i":"error-start-time-after-end-time","$v":"Hadisə onun başlama tarixindən əvvəl sona çata bilməz."},{"$i":"error-unauthenticated","$v":"Yanl istif adı və ya parol, yenid cəhd edin."},{"$i":"error-internal-server-error","$v":"Server xətası, yenidən cəhd edin."},{"$i":"error-unkown","$v":"Server əlçatan deyil. Daha sonra cəhd edin."},{"$i":"error-default","$v":"Nə isə səhvdir. Sonra yen cəhd ed."},{"$i":"error-offline","$v":"Heç bir internet bağlantısı yoxdur."},{"$i":"error-account-exist","$v":"Bu hesab artıq mövcuddur."},{"$i":"error-confirmation-title","$v":"Xəta"},{"$i":"error-edit-online-event","$v":"İnternet bağlantısı olmadığına görə onlayn hadisəni redaktə etmək uğursuz oldu."},{"$i":"error-delete-online-event","$v":"İnternet bağlantısı olmadığı üçün onlayn tədbir silmək alınmadı."},{"$i":"error-add-online-event","$v":"İnternet bağlantısı olmadığına görə onlayn tədbiri əlavə etmək alınmadı."},{"$i":"error-start-date-before-seleced-day","$v":"Hadisə cari tarixdən əvvəl başlaya bilməz."},{"$i":"notification-error-sync-title","$v":"Təqvim sinx xətası"},{"$i":"notification-error-sync-description","$v":"Ətraflı məlumat üçün sıxın"},{"$i":"notification-error-caldav-sync-title","$v":"Hesab Hata"},{"$i":"notification-error-caldav-sync-description","$v":"Yenidən daxil olun"},{"$i":"weekday-0-single-char","$v":"B","ariaLabel":"Bazar"},{"$i":"weekday-1-single-char","$v":"B","ariaLabel":"Bazar ertəsi"},{"$i":"weekday-2-single-char","$v":"Ça","ariaLabel":"Çərşənbə axşamı"},{"$i":"weekday-3-single-char","$v":"Ç","ariaLabel":"Çərşənbə"},{"$i":"weekday-4-single-char","$v":"Ca","ariaLabel":"Cümə axşamı"},{"$i":"weekday-5-single-char","$v":"C","ariaLabel":"Cümə"},{"$i":"weekday-6-single-char","$v":"Ş","ariaLabel":"Şənbə"},{"$i":"busy","$v":{"few":[{"t":"idOrVar","v":"n"}," tədbir"],"many":[{"t":"idOrVar","v":"n"}," tədbir"],"one":[{"t":"idOrVar","v":"n"}," tədbir"],"other":[{"t":"idOrVar","v":"n"}," tədbir"],"two":[{"t":"idOrVar","v":"n"}," tədbir"],"zero":"Heç bir tədbir yoxdur"},"$x":[{"t":"idOrVar","v":"plural"},"n"]},{"$i":"present","ariaLabel":"Bu gün"},{"$i":"past-other-month-description","ariaLabel":"Digər ay"},{"$i":"future-other-month-description","ariaLabel":"Digər ay"},{"$i":"icon-calendar-alarm","ariaLabel":"Siqnal var"},{"$i":"calendars","ariaLabel":"Təqvimlər"},{"$i":"multi-day-new-event-link","ariaLabel":"Tədbir əlavə et"},{"$i":"title","ariaLabel":"Başlıq"},{"$i":"location","ariaLabel":"Məkan"},{"$i":"duration","ariaLabel":"Müddət"},{"$i":"calendar","ariaLabel":"Təqvim"},{"$i":"alarms","ariaLabel":"Siqnallar"},{"$i":"description","ariaLabel":"Təsvir"},{"$i":"start-date","ariaLabel":"Başlama tarixi"},{"$i":"start-time","ariaLabel":"Başlama vaxtı"},{"$i":"end-date","ariaLabel":"Son tarix"},{"$i":"end-time","ariaLabel":"Son vaxt"},{"$i":"during-progress-loading","ariaValueText":"Yüklənir"},{"$i":"all-day","ariaLabel":"Bütün gün"},{"$i":"create-event","ariaLabel":"Tədbir yarat"},{"$i":"create-all-day-event","ariaLabel":"Büt gün tədbiri yar"},{"$i":"event-one-day-duration","ariaLabel":[{"t":"idOrVar","v":"startTime"}," -dan(-dən) ",{"t":"idOrVar","v":"endTime"}," -dək"]},{"$i":"week-event-one-day-duration","ariaLabel":[{"t":"idOrVar","v":"startDate"},", vaxt: ",{"t":"idOrVar","v":"startTime"}," - ",{"t":"idOrVar","v":"endTime"}]},{"$i":"event-multiple-day-duration","ariaLabel":[{"t":"idOrVar","v":"startTime"}," ",{"t":"idOrVar","v":"startDate"}," -dan(-dən) ",{"t":"idOrVar","v":"endTime"}," ",{"t":"idOrVar","v":"endDate"}," -dək"]},{"$i":"kai-event-added","$v":"Tədbir əlavə edildi."},{"$i":"kai-event-updated","$v":"Tədbir yeniləndi."},{"$i":"kai-event-deleted","$v":"Tədbir silindi."},{"$i":"kai-change-save","$v":"Dəyişikliklər saxlandı"},{"$i":"event-sync-failure","$v":"Onlayn təqvimlə sinxronlaşdırıla bilmir."},{"$i":"kai-event-calendar","$v":"Təqvim"},{"$i":"kai-single-event","$v":"hadisə"},{"$i":"kai-event-count","$v":"hadisələr"},{"$i":"kai-sync-progress-syncing","$v":"Sinx edilir"},{"$i":"kai-sync-progress-complete","$v":"Təqvim bu günə qədər."},{"$i":"kai-sync-sync-switch-close","$v":"Hesab sinxronizasiya edilə bilmədi, çünki sinxronizasiya bağlandı."},{"$i":"kai-settings-sounds","$v":"Səslər"},{"$i":"kai-tones","$v":"Tonlar"},{"$i":"kai-multi-events","$v":"Hadisələr"},{"$i":"kai-confirmation-title","$v":"Təsdiq"},{"$i":"kai-delete-selectedEvent-confirmation","$v":"Seçilmiş hadisə silinsin?"},{"$i":"kai-deleteEvent-confirmation","$v":"Tədbir silinsin?"},{"$i":"kai-event-search-header","$v":"Axtar","placeholder":"Axtar"},{"$i":"kai-event-search-upcoming-events","$v":"Gələcək Tədbirlər"},{"$i":"kai-delete","$v":"Sil"},{"$i":"kai-cancel","$v":"Ləğv et"},{"$i":"kai-dialog-delete-sel","$v":"Seçilmiş hadisəni silmək istədiyinizə əminsiniz?"},{"$i":"kai-delete-title","$v":"Tədbiri sil"},{"$i":"kai-save-changes","$v":"Dəyişiklikləri yadda saxla?"},{"$i":"kai-save-message-back","$v":"Bütün daxil edilmiş məlumatlar itiriləcəkdir. Dəyişiklikləri saxlamaq istəyirsiniz?"},{"$i":"kai-save-message-close","$v":"Tətbiq məlumat itkisi ilə bağlanacaq. Dəyişiklikləri saxlamaq istəyirsiniz?"},{"$i":"yes","$v":"Bəli"},{"$i":"no","$v":"Xeyr"},{"$i":"confirmation","$v":"Təsdiq"},{"$i":"ok","$v":"Ok"},{"$i":"delete-event","$v":"Tədbir silinsin?"},{"$i":"edit-event-no-net","$v":"İnternet bağlantısı olmadığına görə onlayn hadisəni redaktə etmək uğursuz oldu."},{"$i":"kai-settings-header","$v":"Göstərmək üçün Təqvim"},{"$i":"kai-syncing","$v":"Sinxronlaşdırılır ..."},{"$i":"kai-syncing-header","$v":"Hesab Sinxronlaşdırılması"},{"$i":"select","$v":"Seç"},{"$i":"add-event","$v":"Hadisə əlavə et"},{"$i":"week-view","$v":"Həftə Görüntüsü"},{"$i":"day-view","$v":"Gün görüntüsü"},{"$i":"month-view","$v":"Aylıq baxış"},{"$i":"today","$v":"Bu gün"},{"$i":"go","$v":"Tarixə get"},{"$i":"search","$v":"Axtar"},{"$i":"calendar-to-display","$v":"Göstərmək üçün Təqvim"},{"$i":"settings","$v":"Parametrlər"},{"$i":"delete","$v":"Sil"},{"$i":"enter","$v":"Daxil et"},{"$i":"sync-calendar","$v":"Təqvimi sinxronlaşdır"},{"$i":"lunar-calendar","$v":"Ay günü"},{"$i":"present-description","$v":["Bu gün ",{"t":"idOrVar","v":"weekday"},", ",{"t":"idOrVar","v":"date"},"."]},{"$i":"day-description","$v":[{"t":"idOrVar","v":"weekday"},", ",{"t":"idOrVar","v":"date"},"."]},{"$i":"weekday-5","$v":"Cümə"},{"$i":"weekday-4","$v":"Cümə axşamı"},{"$i":"weekday-3","$v":"Çərşənbə"},{"$i":"weekday-2","$v":"Çərşənbə axşamı"},{"$i":"weekday-1","$v":"Bazar ertəsi"},{"$i":"weekday-0","$v":"Bazar"},{"$i":"weekday-6","$v":"Şənbə"},{"$i":"no-title","$v":"Başlığı yoxdur"},{"$i":"account-sync-off-tip","$v":"Hadisəni redaktə etmək və ya silmək üçün bu hesabın sinxronizasiyasını yandırın."},{"$i":"weekday-0-long","$v":"Bazar"},{"$i":"weekday-1-long","$v":"Bazar ertəsi"},{"$i":"weekday-2-long","$v":"Çərşənbə axşamı"},{"$i":"weekday-3-long","$v":"Çərşənbə"},{"$i":"weekday-4-long","$v":"Cümə axşamı"},{"$i":"weekday-5-long","$v":"Cümə"},{"$i":"weekday-6-long","$v":"Şənbə"},{"$i":"weekday-0-short","$v":"Bazar"},{"$i":"weekday-1-short","$v":"Bazar ertəsi"},{"$i":"weekday-2-short","$v":"Çərşənbə axşamı"},{"$i":"weekday-3-short","$v":"Çərşənbə"},{"$i":"weekday-4-short","$v":"Cümə axşamı"},{"$i":"weekday-5-short","$v":"Cüm"},{"$i":"weekday-6-short","$v":"Şənbə"},{"$i":"month-0-long","$v":"Yanvar"},{"$i":"month-1-long","$v":"Fevral"},{"$i":"month-2-long","$v":"Mart"},{"$i":"month-3-long","$v":"Aprel"},{"$i":"month-4-long","$v":"May"},{"$i":"month-5-long","$v":"İyun"},{"$i":"month-6-long","$v":"İyul"},{"$i":"month-7-long","$v":"Avqust"},{"$i":"month-8-long","$v":"Sentyabr"},{"$i":"month-9-long","$v":"Oktyabr"},{"$i":"month-10-long","$v":"Noyabr"},{"$i":"month-11-long","$v":"Dekabr"},{"$i":"month-0-genitive","$v":"Yanvar"},{"$i":"month-1-genitive","$v":"Fevral"},{"$i":"month-2-genitive","$v":"Mart"},{"$i":"month-3-genitive","$v":"Aprel"},{"$i":"month-4-genitive","$v":"May"},{"$i":"month-5-genitive","$v":"İyun"},{"$i":"month-6-genitive","$v":"İyul"},{"$i":"month-7-genitive","$v":"Avqust"},{"$i":"month-8-genitive","$v":"Sentyabr"},{"$i":"month-9-genitive","$v":"Oktyabr"},{"$i":"month-10-genitive","$v":"Noyabr"},{"$i":"month-11-genitive","$v":"Dekabr"},{"$i":"month-0-short","$v":"Yan"},{"$i":"month-1-short","$v":"Fev"},{"$i":"month-2-short","$v":"Mar"},{"$i":"month-3-short","$v":"Apr"},{"$i":"month-4-short","$v":"May"},{"$i":"month-5-short","$v":"İyun"},{"$i":"month-6-short","$v":"İyul"},{"$i":"month-7-short","$v":"Avq"},{"$i":"month-8-short","$v":"Sen"},{"$i":"month-9-short","$v":"Okt"},{"$i":"month-10-short","$v":"Noy"},{"$i":"month-11-short","$v":"Dek"},{"$i":"days-ago-long","$v":{"few":[{"t":"idOrVar","v":"value"}," gün əvvəl"],"many":[{"t":"idOrVar","v":"value"}," gün əvvəl"],"one":"dünən","other":[{"t":"idOrVar","v":"value"}," gün əvvəl"],"two":[{"t":"idOrVar","v":"value"}," gün əvvəl"],"zero":"bu gün"},"$x":[{"t":"idOrVar","v":"plural"},"value"]},{"$i":"weeks-ago-long","$v":{"few":[{"t":"idOrVar","v":"value"}," həftə əvvəl"],"many":[{"t":"idOrVar","v":"value"}," həftə əvvəl"],"one":"sonuncu həftə","other":[{"t":"idOrVar","v":"value"}," həftə əvvəl"],"two":[{"t":"idOrVar","v":"value"}," həftə əvvəl"],"zero":"bu həftə"},"$x":[{"t":"idOrVar","v":"plural"},"value"]},{"$i":"months-ago-long","$v":{"few":[{"t":"idOrVar","v":"value"}," ay əvvəl"],"many":[{"t":"idOrVar","v":"value"}," ay əvvəl"],"one":"sonuncu ay","other":[{"t":"idOrVar","v":"value"}," ay əvvəl"],"two":[{"t":"idOrVar","v":"value"}," ay əvvəl"],"zero":"bu ay"},"$x":[{"t":"idOrVar","v":"plural"},"value"]},{"$i":"years-ago-long","$v":{"few":[{"t":"idOrVar","v":"value"}," il əvvəl"],"many":[{"t":"idOrVar","v":"value"}," il əvvəl"],"one":"sonuncu il","other":[{"t":"idOrVar","v":"value"}," il əvvəl"],"two":[{"t":"idOrVar","v":"value"}," il əvvəl"],"zero":"bu il"},"$x":[{"t":"idOrVar","v":"plural"},"value"]},{"$i":"minutes-until-long","$v":{"few":[{"t":"idOrVar","v":"value"}," dəqiqədə"],"many":[{"t":"idOrVar","v":"value"}," dəqiqədə"],"other":[{"t":"idOrVar","v":"value"}," dəqiqədə"],"two":[{"t":"idOrVar","v":"value"}," dəqiqədə"],"zero":"indi","one":"1 dəqiqədə"},"$x":[{"t":"idOrVar","v":"plural"},"value"]},{"$i":"hours-until-long","$v":{"few":[{"t":"idOrVar","v":"value"}," saatda"],"many":[{"t":"idOrVar","v":"value"}," saatda"],"other":[{"t":"idOrVar","v":"value"}," saatda"],"two":[{"t":"idOrVar","v":"value"}," saatda"],"zero":"indi","one":"1 saatda"},"$x":[{"t":"idOrVar","v":"plural"},"value"]},{"$i":"days-until-long","$v":{"few":[{"t":"idOrVar","v":"value"}," gündə"],"many":[{"t":"idOrVar","v":"value"}," gündə"],"one":"sabah","other":[{"t":"idOrVar","v":"value"}," gündə"],"two":[{"t":"idOrVar","v":"value"}," gündə"],"zero":"bu gün"},"$x":[{"t":"idOrVar","v":"plural"},"value"]},{"$i":"weeks-until-long","$v":{"few":[{"t":"idOrVar","v":"value"}," həftədə"],"many":[{"t":"idOrVar","v":"value"}," həftədə"],"one":"növbəti həftə","other":[{"t":"idOrVar","v":"value"}," həftədə"],"two":[{"t":"idOrVar","v":"value"}," həftədə"],"zero":"bu həftə"},"$x":[{"t":"idOrVar","v":"plural"},"value"]},{"$i":"months-until-long","$v":{"few":[{"t":"idOrVar","v":"value"}," ayda"],"many":[{"t":"idOrVar","v":"value"}," ayda"],"one":"növbəti ay","other":[{"t":"idOrVar","v":"value"}," ayda"],"two":[{"t":"idOrVar","v":"value"}," ayda"],"zero":"bu ay"},"$x":[{"t":"idOrVar","v":"plural"},"value"]},{"$i":"years-until-long","$v":{"few":[{"t":"idOrVar","v":"value"}," ildə"],"many":[{"t":"idOrVar","v":"value"}," ildə"],"one":"növbəti il","other":[{"t":"idOrVar","v":"value"}," ildə"],"two":[{"t":"idOrVar","v":"value"}," ildə"],"zero":"bu il"},"$x":[{"t":"idOrVar","v":"plural"},"value"]},{"$i":"minutes-ago-short","$v":{"other":[{"t":"idOrVar","v":"value"},"d əvvəl"],"zero":"indicə"},"$x":[{"t":"idOrVar","v":"plural"},"value"]},{"$i":"hours-ago-short","$v":{"other":[{"t":"idOrVar","v":"value"},"s əvvəl"],"zero":"indicə"},"$x":[{"t":"idOrVar","v":"plural"},"value"]},{"$i":"days-ago-short","$v":{"other":[{"t":"idOrVar","v":"value"},"g əvvəl"],"zero":"bu gün"},"$x":[{"t":"idOrVar","v":"plural"},"value"]},{"$i":"minutes-until-short","$v":{"other":[{"t":"idOrVar","v":"value"}," d-də"],"zero":"indi"},"$x":[{"t":"idOrVar","v":"plural"},"value"]},{"$i":"hours-until-short","$v":{"other":[{"t":"idOrVar","v":"value"}," s-da"],"zero":"indi"},"$x":[{"t":"idOrVar","v":"plural"},"value"]},{"$i":"days-until-short","$v":{"other":[{"t":"idOrVar","v":"value"}," g-də"],"zero":"bu gün"},"$x":[{"t":"idOrVar","v":"plural"},"value"]},{"$i":"incorrectDate","$v":"(yanlış tarix)"},{"$i":"dateTimeFormat_%c","$v":"%a %b %e %Y %I:%M:%S %p"},{"$i":"dateTimeFormat_%x","$v":"%m/%d/%Y"},{"$i":"dateTimeFormat_%X","$v":"%I:%M:%S %p"},{"$i":"shortTimeFormat","$v":"%I:%M %p"},{"$i":"shortTimeFormat12","$v":"%I:%M %p"},{"$i":"shortTimeFormat24","$v":"%H:%M"},{"$i":"shortDateTimeFormat","$v":"%x %I:%M %p"},{"$i":"weekStartsOnMonday","$v":"0.0"},{"$i":"firstDayOfTheWeek","$v":"1.0"},{"$i":"time_am","$v":"AM"},{"$i":"time_pm","$v":"PM"},{"$i":"softkey-options","$v":"Seçimlər"}]