[{"$i":"back","$v":"Назад"},{"$i":"save","$v":"Запис"},{"$i":"cancel","$v":"Отмяна"},{"$i":"next","$v":"Напред"},{"$i":"hide","$v":"Скриване"},{"$i":"confirm","$v":"Потв."},{"$i":"done","$v":"Готово"},{"$i":"events","$v":"Напомняне за събития"},{"$i":"edit","$v":"Редактиране"},{"$i":"allday-events","$v":"Напомняне за целодневни събития"},{"$i":"no-events","$v":"Няма събития"},{"$i":"default","$v":"По подразбиране"},{"$i":"sync","$v":"Синхронизиране"},{"$i":"repeat","$v":"Повтаряне"},{"$i":"never","$v":"Никога"},{"$i":"every-day","$v":"Всеки ден"},{"$i":"every-week","$v":"Всяка седмица"},{"$i":"every-2-weeks","$v":"На всеки 2 седмици"},{"$i":"every-month","$v":"Всеки месец"},{"$i":"view-never","$v":"Повторете: Никога"},{"$i":"view-every-day","$v":"Повторение: Ежедневно"},{"$i":"view-every-week","$v":"Повторение: седмично"},{"$i":"view-every-2-weeks","$v":"Повторение: на всеки две седмици"},{"$i":"view-every-month","$v":"Повторение: Месечно"},{"$i":"repeat-event-header","$v":"Това е повтарящо се събитие."},{"$i":"delete-this-only","$v":"Изтрийте само това"},{"$i":"delete-all","$v":"Изтриване на всичко"},{"$i":"event-edit-all","$v":"Редактиране на всички събития"},{"$i":"event-edit-all-future","$v":"Редактиране на всички бъдещи събития"},{"$i":"options","$v":"Опции"},{"$i":"event-delete-all","$v":"Изтрийте всички събития"},{"$i":"event-delete-all-future","$v":"Изтриване на всички бъдещи събития"},{"$i":"delete-account","$v":"Изтр. ак."},{"$i":"exchange-account","$v":"ActiveSync"},{"$i":"account-user-name","$v":"Потребителско име"},{"$i":"incorrect-password-description","$v":"Неуспешно влизане в сървъра. Пробвайте паролата пак."},{"$i":"incorrect-password","$v":"Неправилна парола"},{"$i":"account-duplicate","$v":"Акаунтът вече съществува. Синхр. е включено."},{"$i":"error-account","$v":"Сървърът е недостъпен. Опитайте пак по-късно."},{"$i":"error-access-denied","$v":"Възникна непозната грешка, опитайте отново по-късно."},{"$i":"error-time-out","$v":["Неуспешно уст. на връзка с „",{"t":"idOrVar","v":"server"},"“. Възм. е да има проблем с мрежата."]},{"$i":"caldav-account-exist","$v":"Този акаунт вече съществува."},{"$i":"save-password","$v":"Паролата е запазена."},{"$i":"account-login","$v":"Влизане в акаунта"},{"$i":"setting-up-account","$v":"Настройване на акаунт"},{"$i":"setup-account-usedInfo","$v":"Този акаунт ще бъде използван от приложенията по-долу. Можете да промените това в „Настройки“ > „Акаунт“."},{"$i":"app-calendar","$v":"Календар"},{"$i":"show-today","$v":"Днес"},{"$i":"show-month-view","$v":"Месец"},{"$i":"show-week-view","$v":"Сед."},{"$i":"show-day-view","$v":"Ден"},{"$i":"settings-show","$v":"Настройки"},{"$i":"settings-hide","$v":"Скриване на настройките"},{"$i":"add-account","$v":"Добавяне акаунт"},{"$i":"new-event","$v":"Доб. съб."},{"$i":"view-event-header","$v":"Подробности за събитие"},{"$i":"new-event-header","$v":"Добавяне на събитие"},{"$i":"edit-event-header","$v":"Редактиране на събитие"},{"$i":"account-header","$v":"Профил"},{"$i":"account-list-header","$v":"Акаунти"},{"$i":"advanced-settings-short-icon-button","ariaLabel":"Настройки"},{"$i":"advanced-settings-header","$v":"Настройки на календар"},{"$i":"advanced-settings-personalization","$v":"Актуал. на честота"},{"$i":"advanced-settings-reminders","$v":"Напомняне"},{"$i":"advanced-settings-add-account","$v":"Добавяне на акаунт"},{"$i":"field-user","$v":"Потребителско име"},{"$i":"field-password","$v":"Парола"},{"$i":"show-password","$v":"Показване на парола"},{"$i":"field-full-url","$v":"URL адрес"},{"$i":"modify-account-setting-up","$v":"Изчакайте, докато акаунтът се настройва"},{"$i":"modify-account-unable-to-sync","$v":"Не може да се синхронизира"},{"$i":"modify-account-sign-in","$v":"Вход"},{"$i":"sync-account","$v":"Синхронизирайте акаунта"},{"$i":"deselect","$v":"Размаркиране"},{"$i":"kai-caldav","$v":"CalDav"},{"$i":"kai-yahoo","$v":"Yahoo!"},{"$i":"kai-google","$v":"Google"},{"$i":"preset-mozilla","$v":"Mozilla Zimbra"},{"$i":"calendar-local","$v":"Тел. календар"},{"$i":"event-title","$v":"Заглавие"},{"$i":"event-location","$v":"Местоположение"},{"$i":"event-description","$v":"Бележки"},{"$i":"event-is-allday","$v":"Целодневно събитие"},{"$i":"event-start-date","$v":"Начална дата"},{"$i":"event-end-date","$v":"Крайна дата"},{"$i":"event-start-time","$v":"Начален час"},{"$i":"event-end-time","$v":"Краен час"},{"$i":"event-delete","$v":"Изтриване на събитие"},{"$i":"event-is-deleting","$v":"Изтриване…"},{"$i":"remove-account-data","$v":"Премахване на акаунт за кал."},{"$i":"remove-account-dialog","$v":"Премахване на акаунт"},{"$i":"remove-account-dialog-details","$v":"Ако изтриете този акаунт, приложенията, които използват този акаунт, също ще бъдат засегнати."},{"$i":"remove","$v":"Премахване"},{"$i":"drawer-sync-icon-button","ariaLabel":"Синхронизиране"},{"$i":"sync-progress-syncing","ariaValueText":"Синхронизиране"},{"$i":"sync-progress-complete","ariaValueText":"Синхр. е завършено"},{"$i":"sync-frequency","$v":"Синхр. на календар"},{"$i":"sync-frequency-15min","$v":"На всеки 15 мин."},{"$i":"sync-frequency-30min","$v":"На всеки 30 мин."},{"$i":"sync-frequency-manual","$v":"Ръчно"},{"$i":"from","$v":"От"},{"$i":"to","$v":"До"},{"$i":"one-day-duration-title","$v":[{"t":"idOrVar","v":"startDate"}]},{"$i":"one-day-duration-content","$v":["от ",{"t":"idOrVar","v":"startTime"}," до ",{"t":"idOrVar","v":"endTime"}]},{"$i":"multiple-day-duration-title","$v":[{"t":"idOrVar","v":"startTime"}," ",{"t":"idOrVar","v":"startDate"}]},{"$i":"multiple-day-duration-content","$v":[{"t":"idOrVar","v":"endTime"}," ",{"t":"idOrVar","v":"endDate"}]},{"$i":"one-all-day-duration-title","$v":[{"t":"idOrVar","v":"startDate"}]},{"$i":"all-day-duration-content","$v":"Целодневно събитие"},{"$i":"multiple-all-day-duration-title","$v":["От ",{"t":"idOrVar","v":"startDate"}]},{"$i":"multiple-all-day-duration-content","$v":["До ",{"t":"idOrVar","v":"endDate"}]},{"$i":"none","$v":"Няма"},{"$i":"reminder","$v":"Напомняне"},{"$i":"remind-me","$v":"Напомни ми"},{"$i":"alarm-at-event-standard","$v":"По времето на събитието"},{"$i":"alarm-at-event-allday","$v":"На деня на събитието"},{"$i":"alarm-at-event-allday-hour12","$v":"На деня на събитието (09:00 ч.)"},{"$i":"alarm-at-event-allday-hour24","$v":"На деня на събитието (09:00 ч.)"},{"$i":"notice-now","$v":"От сега"},{"$i":"notice-5-minutes-before","$v":"Започва след 5 минути"},{"$i":"notice-15-minutes-before","$v":"Започва след 15 минути"},{"$i":"notice-30-minutes-before","$v":"Започва след 30 минути"},{"$i":"notice-1-hour-before","$v":"Започва след 1 час"},{"$i":"notice-2-hours-before","$v":"Започва след 2 часа"},{"$i":"notice-1-day-before","$v":"От утре"},{"$i":"notice-on-day-event-all","$v":"Считано от днес"},{"$i":"notice-1-day-before-all","$v":"От утре"},{"$i":"notice-2-day-before-all","$v":"Започва след 2 дни"},{"$i":"notice-weeks-before-all","$v":["Започва на ",{"t":"idOrVar","v":"startDate"}]},{"$i":"days-ago-yesterday","$v":["Вчера, ",{"t":"idOrVar","v":"timeString"}]},{"$i":"days-ago-today","$v":["Днес, ",{"t":"idOrVar","v":"timeString"}]},{"$i":"days-ago-yesterday-single","$v":"Вчера"},{"$i":"days-ago-today-single","$v":"Днес"},{"$i":"alarm-started-notices","$v":["Започнало: ",{"t":"idOrVar","v":"distance"}]},{"$i":"alarm-starting-notices","$v":["Започва: ",{"t":"idOrVar","v":"distance"}]},{"$i":"minutes-ago-long","$v":{"few":["Преди ",{"t":"idOrVar","v":"value"}," минути"],"many":["Преди ",{"t":"idOrVar","v":"value"}," минути"],"other":["Преди ",{"t":"idOrVar","v":"value"}," минути"],"two":["Преди ",{"t":"idOrVar","v":"value"}," минути"],"one":"преди минута","zero":"точно сега"},"$x":[{"t":"idOrVar","v":"plural"},"value"]},{"$i":"hours-ago-long","$v":{"few":["Преди ",{"t":"idOrVar","v":"value"}," часа"],"many":["Преди ",{"t":"idOrVar","v":"value"}," часа"],"other":["Преди ",{"t":"idOrVar","v":"value"}," часа"],"two":["Преди ",{"t":"idOrVar","v":"value"}," часа"],"one":"преди 1 час","zero":"точно сега"},"$x":[{"t":"idOrVar","v":"plural"},"value"]},{"$i":"alarm-start-notice","$v":[{"t":"idOrVar","v":"title"}," започва ",{"t":"idOrVar","v":"distance"}]},{"$i":"alarm-started-notice","$v":[{"t":"idOrVar","v":"title"}," започна ",{"t":"idOrVar","v":"distance"}]},{"$i":"alarm-start-notice-two-days","$v":[{"t":"idOrVar","v":"title"}," започва след два дни"]},{"$i":"alarm-start-notice-few-days","$v":[{"t":"idOrVar","v":"title"}," започва на ",{"t":"idOrVar","v":"distance"}]},{"$i":"days-before-hour12","$v":{"few":[{"t":"idOrVar","v":"value"}," дни предв. (09:00 ч.)"],"many":[{"t":"idOrVar","v":"value"}," дни предв. (09:00 ч.)"],"one":"1 ден предв. (09:00 ч.)","other":[{"t":"idOrVar","v":"value"}," дни предв. (09:00 ч.)"],"two":[{"t":"idOrVar","v":"value"}," дни предв. (09:00 ч.)"],"zero":"0 дни предв. (09:00 ч.)"},"$x":[{"t":"idOrVar","v":"plural"},"value"]},{"$i":"weeks-before-hour12","$v":{"few":[{"t":"idOrVar","v":"value"}," седмици предв. (09:00 ч.)"],"many":[{"t":"idOrVar","v":"value"}," седмици предв. (09:00 ч.)"],"one":"1 седмица предв. (09:00 ч.)","other":[{"t":"idOrVar","v":"value"}," седмици предв. (09:00 ч.)"],"two":[{"t":"idOrVar","v":"value"}," седмици предв. (09:00 ч.)"],"zero":"0 седмици предв. (09:00 ч.)"},"$x":[{"t":"idOrVar","v":"plural"},"value"]},{"$i":"days-before-hour24","$v":{"few":[{"t":"idOrVar","v":"value"}," дни предв. (09:00 ч.)"],"many":[{"t":"idOrVar","v":"value"}," дни предв. (09:00 ч.)"],"one":"1 ден предв. (09:00 ч.)","other":[{"t":"idOrVar","v":"value"}," дни предв. (09:00 ч.)"],"two":[{"t":"idOrVar","v":"value"}," дни предв. (09:00 ч.)"],"zero":"0 дни предв. (09:00 ч.)"},"$x":[{"t":"idOrVar","v":"plural"},"value"]},{"$i":"weeks-before-hour24","$v":{"few":[{"t":"idOrVar","v":"value"}," седмици предв. (09:00 ч.)"],"many":[{"t":"idOrVar","v":"value"}," седмици предв. (09:00 ч.)"],"one":"1 седмица предв. (09:00 ч.)","other":[{"t":"idOrVar","v":"value"}," седмици предв. (09:00 ч.)"],"two":[{"t":"idOrVar","v":"value"}," седмици предв. (09:00 ч.)"],"zero":"0 седмици предв. (09:00 ч.)"},"$x":[{"t":"idOrVar","v":"plural"},"value"]},{"$i":"minutes-before","$v":{"few":[{"t":"idOrVar","v":"value"}," минути преди"],"many":[{"t":"idOrVar","v":"value"}," минути преди"],"one":"1 минута преди","other":[{"t":"idOrVar","v":"value"}," минути преди"],"two":[{"t":"idOrVar","v":"value"}," минути преди"],"zero":"0 минути преди"},"$x":[{"t":"idOrVar","v":"plural"},"value"]},{"$i":"hours-before","$v":{"few":[{"t":"idOrVar","v":"value"}," часа преди"],"many":[{"t":"idOrVar","v":"value"}," часа преди"],"one":"1 час преди","other":[{"t":"idOrVar","v":"value"}," часа преди"],"two":[{"t":"idOrVar","v":"value"}," часа преди"],"zero":"0 часа преди"},"$x":[{"t":"idOrVar","v":"plural"},"value"]},{"$i":"days-before","$v":{"few":[{"t":"idOrVar","v":"value"}," дни преди"],"many":[{"t":"idOrVar","v":"value"}," дни преди"],"one":"1 ден преди","other":[{"t":"idOrVar","v":"value"}," дни преди"],"two":[{"t":"idOrVar","v":"value"}," дни преди"],"zero":"0 дни преди"},"$x":[{"t":"idOrVar","v":"plural"},"value"]},{"$i":"weeks-before","$v":{"few":[{"t":"idOrVar","v":"value"}," седмици преди"],"many":[{"t":"idOrVar","v":"value"}," седмици преди"],"one":"1 седмица преди","other":[{"t":"idOrVar","v":"value"}," седмици преди"],"two":[{"t":"idOrVar","v":"value"}," седмици преди"],"zero":"0 седмици преди"},"$x":[{"t":"idOrVar","v":"plural"},"value"]},{"$i":"months-before","$v":{"few":[{"t":"idOrVar","v":"value"}," месеца преди"],"many":[{"t":"idOrVar","v":"value"}," месеца преди"],"one":"1 месец преди","other":[{"t":"idOrVar","v":"value"}," месеца преди"],"two":[{"t":"idOrVar","v":"value"}," месеца преди"],"zero":"0 месеца преди"},"$x":[{"t":"idOrVar","v":"plural"},"value"]},{"$i":"years-before","$v":{"few":[{"t":"idOrVar","v":"value"}," години преди"],"many":[{"t":"idOrVar","v":"value"}," години преди"],"one":"1 година преди","other":[{"t":"idOrVar","v":"value"}," години преди"],"two":[{"t":"idOrVar","v":"value"}," години преди"],"zero":"0 години преди"},"$x":[{"t":"idOrVar","v":"plural"},"value"]},{"$i":"minutes-after","$v":{"few":[{"t":"idOrVar","v":"value"}," минути след"],"many":[{"t":"idOrVar","v":"value"}," минути след"],"one":"1 минута след","other":[{"t":"idOrVar","v":"value"}," минути след"],"two":[{"t":"idOrVar","v":"value"}," минути след"],"zero":"0 минути след"},"$x":[{"t":"idOrVar","v":"plural"},"value"]},{"$i":"hours-after","$v":{"few":[{"t":"idOrVar","v":"value"}," часа след"],"many":[{"t":"idOrVar","v":"value"}," часа след"],"one":"1 час след","other":[{"t":"idOrVar","v":"value"}," часа след"],"two":[{"t":"idOrVar","v":"value"}," часа след"],"zero":"0 часа след"},"$x":[{"t":"idOrVar","v":"plural"},"value"]},{"$i":"days-after","$v":{"few":[{"t":"idOrVar","v":"value"}," дни след"],"many":[{"t":"idOrVar","v":"value"}," дни след"],"one":"1 ден след","other":[{"t":"idOrVar","v":"value"}," дни след"],"two":[{"t":"idOrVar","v":"value"}," дни след"],"zero":"0 дни след"},"$x":[{"t":"idOrVar","v":"plural"},"value"]},{"$i":"weeks-after","$v":{"few":[{"t":"idOrVar","v":"value"}," седмици след"],"many":[{"t":"idOrVar","v":"value"}," седмици след"],"one":"1 седмица след","other":[{"t":"idOrVar","v":"value"}," седмици след"],"two":[{"t":"idOrVar","v":"value"}," седмици след"],"zero":"0 седмици след"},"$x":[{"t":"idOrVar","v":"plural"},"value"]},{"$i":"months-after","$v":{"few":[{"t":"idOrVar","v":"value"}," месеца след"],"many":[{"t":"idOrVar","v":"value"}," месеца след"],"one":"1 месец след","other":[{"t":"idOrVar","v":"value"}," месеца след"],"two":[{"t":"idOrVar","v":"value"}," месеца след"],"zero":"0 месеца след"},"$x":[{"t":"idOrVar","v":"plural"},"value"]},{"$i":"years-after","$v":{"few":[{"t":"idOrVar","v":"value"}," години след"],"many":[{"t":"idOrVar","v":"value"}," години след"],"one":"1 година след","other":[{"t":"idOrVar","v":"value"}," години след"],"two":[{"t":"idOrVar","v":"value"}," години след"],"zero":"0 години след"},"$x":[{"t":"idOrVar","v":"plural"},"value"]},{"$i":"event-notice-timeformat","$v":[{"t":"idOrVar","v":"start"}," - ",{"t":"idOrVar","v":"end"}]},{"$i":"tomorrow-event-notice-timeformat","$v":["Утре, ",{"t":"idOrVar","v":"start"}," – ",{"t":"idOrVar","v":"end"}]},{"$i":"today-all-day-event","$v":"Днес"},{"$i":"tomorrow-all-day-event","$v":"утре"},{"$i":"hour-format12","$v":"%I"},{"$i":"hour-format24","$v":"%H"},{"$i":"week-hour-format12","$v":"%I"},{"$i":"week-hour-format24","$v":"%H"},{"$i":"hour-allday","$v":"Цял ден"},{"$i":"kai-week-day","$v":"%a\\n%e"},{"$i":"current-time12","$v":"%I:%M"},{"$i":"current-time24","$v":"%H:%M"},{"$i":"multi-month-view-header-format","$v":"%B %Y"},{"$i":"day-view-header-format","$v":"%A, %B %e"},{"$i":"months-day-view-header-format","$v":"%A, %B %e"},{"$i":"months-day-view-header-format-small","$v":{"$o":"%a <br/> %b, %e"}},{"$i":"week-view-header-format","$v":["Седмица ",{"t":"idOrVar","v":"value"},", %B %Y"]},{"$i":"longDateFormat","$v":"%A, %e %B %Y г."},{"$i":"longTimeFormat","$v":"%A %B %d"},{"$i":"longTimeFormat12","$v":"%A %B %d %I %p"},{"$i":"longTimeFormat24","$v":"%A %B %d %H ч."},{"$i":"weekTimeFormat12","$v":"%I %p"},{"$i":"weekTimeFormat24","$v":"%H ч."},{"$i":"weekDayFormat","$v":"%A %d"},{"$i":"alldayLongTimeFormat","$v":"%A %B %d цял ден"},{"$i":"dayHour12","$v":"%I %p"},{"$i":"dayHour24","$v":"%H ч."},{"$i":"longDateTime12","$v":"%I %p, %a, %d %b, %Y"},{"$i":"longDateTime24","$v":"%H, %a, %d %b, %Y"},{"$i":"upcoming-events","$v":"Предстоящи събития"},{"$i":"search-results","$v":"Резултати от търсенето"},{"$i":"no-event-found","$v":"Няма намерени събития"},{"$i":"longDateTimeNew12","$v":"%a, %e %B %Y г., %I:%M ч. %p"},{"$i":"longDateTimeNew24","$v":"%a, %e %B %Y г., %H:%M ч."},{"$i":"longDateTimeNewNoHour12","$v":"%a, %e %B %Y г."},{"$i":"longDateTimeNewNoHour24","$v":"%a, %e %B %Y г."},{"$i":"error-start-date-after-end-date","$v":"Събитието не може да приключва преди началната му дата."},{"$i":"error-start-time-after-end-time","$v":"Събитието не може да приключва преди началната му дата."},{"$i":"error-unauthenticated","$v":"Непр. потр. име или парола, опитайте отново."},{"$i":"error-internal-server-error","$v":"Сървърна грешка, опитайте пак."},{"$i":"error-unkown","$v":"Сървърът е недостъпен. Опитайте пак по-късно."},{"$i":"error-default","$v":"Нещо се обърка. Опитайте пак по-късно."},{"$i":"error-offline","$v":"Няма интернет връзка."},{"$i":"error-account-exist","$v":"Този акаунт вече съществува."},{"$i":"error-confirmation-title","$v":"Грешка"},{"$i":"error-edit-online-event","$v":"Неуспешно редактиране на онлайн събитие поради липса на интернет връзка."},{"$i":"error-delete-online-event","$v":"Изтриването на онлайн събитие не бе успешно поради липса на интернет връзка."},{"$i":"error-add-online-event","$v":"Неусп. доб. на онлайн събитие поради липса на интернет."},{"$i":"error-start-date-before-seleced-day","$v":"Събитието не може да започва преди текущата дата."},{"$i":"notification-error-sync-title","$v":"Грешка синхр. на календ."},{"$i":"notification-error-sync-description","$v":"Докоснете за повече информация"},{"$i":"notification-error-caldav-sync-title","$v":"Грешка в профила"},{"$i":"notification-error-caldav-sync-description","$v":"Влезте отново"},{"$i":"weekday-0-single-char","$v":"S","ariaLabel":"Неделя"},{"$i":"weekday-1-single-char","$v":"M","ariaLabel":"Понеделник"},{"$i":"weekday-2-single-char","$v":"T","ariaLabel":"Вторник"},{"$i":"weekday-3-single-char","$v":"W","ariaLabel":"Ср."},{"$i":"weekday-4-single-char","$v":"T","ariaLabel":"Четвъртък"},{"$i":"weekday-5-single-char","$v":"F","ariaLabel":"Петък"},{"$i":"weekday-6-single-char","$v":"S","ariaLabel":"Събота"},{"$i":"busy","$v":{"few":[{"t":"idOrVar","v":"n"}," събития"],"many":[{"t":"idOrVar","v":"n"}," събития"],"one":[{"t":"idOrVar","v":"n"}," събитие"],"other":[{"t":"idOrVar","v":"n"}," събития"],"two":[{"t":"idOrVar","v":"n"}," събития"],"zero":"Няма събития"},"$x":[{"t":"idOrVar","v":"plural"},"n"]},{"$i":"present","ariaLabel":"Днес"},{"$i":"past-other-month-description","ariaLabel":"Друг месец"},{"$i":"future-other-month-description","ariaLabel":"Друг месец"},{"$i":"icon-calendar-alarm","ariaLabel":"Има аларма"},{"$i":"calendars","ariaLabel":"Календари"},{"$i":"multi-day-new-event-link","ariaLabel":"Доб. съб."},{"$i":"title","ariaLabel":"Заглавие"},{"$i":"location","ariaLabel":"Местоположение"},{"$i":"duration","ariaLabel":"Продължителност"},{"$i":"calendar","ariaLabel":"Календар"},{"$i":"alarms","ariaLabel":"Аларми"},{"$i":"description","ariaLabel":"Описание"},{"$i":"start-date","ariaLabel":"Начална дата"},{"$i":"start-time","ariaLabel":"Начален час"},{"$i":"end-date","ariaLabel":"Крайна дата"},{"$i":"end-time","ariaLabel":"Краен час"},{"$i":"during-progress-loading","ariaValueText":"Зареждане"},{"$i":"all-day","ariaLabel":"Цял ден"},{"$i":"create-event","ariaLabel":"Създ. събитие"},{"$i":"create-all-day-event","ariaLabel":"Създ. целодн. съб."},{"$i":"event-one-day-duration","ariaLabel":["от ",{"t":"idOrVar","v":"startTime"}," до ",{"t":"idOrVar","v":"endTime"}]},{"$i":"week-event-one-day-duration","ariaLabel":[{"t":"idOrVar","v":"startDate"}," от ",{"t":"idOrVar","v":"startTime"}," до ",{"t":"idOrVar","v":"endTime"}]},{"$i":"event-multiple-day-duration","ariaLabel":["От ",{"t":"idOrVar","v":"startTime"}," ",{"t":"idOrVar","v":"startDate"}," до ",{"t":"idOrVar","v":"endTime"}," ",{"t":"idOrVar","v":"endDate"}]},{"$i":"kai-event-added","$v":"Събитието бе добавено."},{"$i":"kai-event-updated","$v":"Събитието бе актуализирано."},{"$i":"kai-event-deleted","$v":"Събитието е изтрито"},{"$i":"kai-change-save","$v":"Промените са записани"},{"$i":"event-sync-failure","$v":"Не може да се синхронизира с онлайн календар."},{"$i":"kai-event-calendar","$v":"Календар"},{"$i":"kai-single-event","$v":"събитие"},{"$i":"kai-event-count","$v":"събития"},{"$i":"kai-sync-progress-syncing","$v":"Синхронизиране"},{"$i":"kai-sync-progress-complete","$v":"Актуализиран календар."},{"$i":"kai-sync-sync-switch-close","$v":"Профилът не може да се синхронизира, защото синхронизирането е изключено."},{"$i":"kai-settings-sounds","$v":"Звуци"},{"$i":"kai-tones","$v":"Тонове"},{"$i":"kai-multi-events","$v":"Събития"},{"$i":"kai-confirmation-title","$v":"Потвърждаване"},{"$i":"kai-delete-selectedEvent-confirmation","$v":"Да се ​​изтрие ли избраното събитие?"},{"$i":"kai-deleteEvent-confirmation","$v":"Да се ​​изтрие ли събитието?"},{"$i":"kai-event-search-header","$v":"Търсене","placeholder":"Търсене"},{"$i":"kai-event-search-upcoming-events","$v":"Предстоящи събития"},{"$i":"kai-delete","$v":"Изтриване"},{"$i":"kai-cancel","$v":"Отказ"},{"$i":"kai-dialog-delete-sel","$v":"Наистина ли искате да изтриете избраното събитие?"},{"$i":"kai-delete-title","$v":"Изтриване на събитие"},{"$i":"kai-save-changes","$v":"Запазите промените?"},{"$i":"kai-save-message-back","$v":"Всички въведени данни ще бъдат загубени. Искате ли да запазите промените?"},{"$i":"kai-save-message-close","$v":"Приложението ще бъде затворено със загуба на данни. Искате ли да запазите промените?"},{"$i":"yes","$v":"Да"},{"$i":"no","$v":"Не"},{"$i":"confirmation","$v":"Потвърждаване"},{"$i":"ok","$v":"Ok"},{"$i":"delete-event","$v":"Да се ​​изтрие ли събитието?"},{"$i":"edit-event-no-net","$v":"Неуспешно редактиране на онлайн събитие поради липса на интернет връзка."},{"$i":"kai-settings-header","$v":"Календар за показване"},{"$i":"kai-syncing","$v":"Синхронизирането на ..."},{"$i":"kai-syncing-header","$v":"Синхронизиране на акаунта"},{"$i":"select","$v":"Избор"},{"$i":"add-event","$v":"Доб. съб."},{"$i":"week-view","$v":"Седмичен изглед"},{"$i":"day-view","$v":"Изглед по дни"},{"$i":"month-view","$v":"Изглед месец"},{"$i":"today","$v":"Днес"},{"$i":"go","$v":"Към дата"},{"$i":"search","$v":"Търсене"},{"$i":"calendar-to-display","$v":"Календар за показване"},{"$i":"settings","$v":"Настройки"},{"$i":"delete","$v":"Изтриване"},{"$i":"enter","$v":"Въвеждане"},{"$i":"sync-calendar","$v":"Синхр. на календар"},{"$i":"lunar-calendar","$v":"Лунен ден"},{"$i":"present-description","$v":["Днес, ",{"t":"idOrVar","v":"weekday"},", ",{"t":"idOrVar","v":"date"}]},{"$i":"day-description","$v":[{"t":"idOrVar","v":"weekday"},", ",{"t":"idOrVar","v":"date"}]},{"$i":"weekday-5","$v":"Петък"},{"$i":"weekday-4","$v":"Четвъртък"},{"$i":"weekday-3","$v":"Ср."},{"$i":"weekday-2","$v":"Вторник"},{"$i":"weekday-1","$v":"Понеделник"},{"$i":"weekday-0","$v":"Неделя"},{"$i":"weekday-6","$v":"Събота"},{"$i":"no-title","$v":"Без заглавие"},{"$i":"account-sync-off-tip","$v":"Включете синхронизирането на този акаунт, за да редактирате или изтриете събитие."},{"$i":"weekday-0-long","$v":"Неделя"},{"$i":"weekday-1-long","$v":"Понеделник"},{"$i":"weekday-2-long","$v":"Вторник"},{"$i":"weekday-3-long","$v":"Сряда"},{"$i":"weekday-4-long","$v":"Четвъртък"},{"$i":"weekday-5-long","$v":"Петък"},{"$i":"weekday-6-long","$v":"Събота"},{"$i":"weekday-0-short","$v":"нед"},{"$i":"weekday-1-short","$v":"пон"},{"$i":"weekday-2-short","$v":"втор"},{"$i":"weekday-3-short","$v":"ср"},{"$i":"weekday-4-short","$v":"чт"},{"$i":"weekday-5-short","$v":"пет"},{"$i":"weekday-6-short","$v":"сб"},{"$i":"month-0-long","$v":"Януари"},{"$i":"month-1-long","$v":"Февруари"},{"$i":"month-2-long","$v":"Март"},{"$i":"month-3-long","$v":"Април"},{"$i":"month-4-long","$v":"май"},{"$i":"month-5-long","$v":"Юни"},{"$i":"month-6-long","$v":"Юли"},{"$i":"month-7-long","$v":"Август"},{"$i":"month-8-long","$v":"Септември"},{"$i":"month-9-long","$v":"Октомври"},{"$i":"month-10-long","$v":"Ноември"},{"$i":"month-11-long","$v":"Декември"},{"$i":"month-0-genitive","$v":"Януари"},{"$i":"month-1-genitive","$v":"Февруари"},{"$i":"month-2-genitive","$v":"Март"},{"$i":"month-3-genitive","$v":"Април"},{"$i":"month-4-genitive","$v":"май"},{"$i":"month-5-genitive","$v":"Юни"},{"$i":"month-6-genitive","$v":"Юли"},{"$i":"month-7-genitive","$v":"Август"},{"$i":"month-8-genitive","$v":"Септември"},{"$i":"month-9-genitive","$v":"Октомври"},{"$i":"month-10-genitive","$v":"Ноември"},{"$i":"month-11-genitive","$v":"Декември"},{"$i":"month-0-short","$v":"ян"},{"$i":"month-1-short","$v":"фев"},{"$i":"month-2-short","$v":"март"},{"$i":"month-3-short","$v":"апр"},{"$i":"month-4-short","$v":"май"},{"$i":"month-5-short","$v":"юни"},{"$i":"month-6-short","$v":"юли"},{"$i":"month-7-short","$v":"авг"},{"$i":"month-8-short","$v":"септ"},{"$i":"month-9-short","$v":"окт"},{"$i":"month-10-short","$v":"ноем"},{"$i":"month-11-short","$v":"дек"},{"$i":"days-ago-long","$v":{"few":["Преди ",{"t":"idOrVar","v":"value"}," дни"],"many":["Преди ",{"t":"idOrVar","v":"value"}," дни"],"one":"вчера","other":["Преди ",{"t":"idOrVar","v":"value"}," дни"],"two":["Преди ",{"t":"idOrVar","v":"value"}," дни"],"zero":"днес"},"$x":[{"t":"idOrVar","v":"plural"},"value"]},{"$i":"weeks-ago-long","$v":{"few":["Преди ",{"t":"idOrVar","v":"value"}," седмици"],"many":["Преди ",{"t":"idOrVar","v":"value"}," седмици"],"one":"последната седмица","other":["Преди ",{"t":"idOrVar","v":"value"}," седмици"],"two":["Преди ",{"t":"idOrVar","v":"value"}," седмици"],"zero":"тази седмица"},"$x":[{"t":"idOrVar","v":"plural"},"value"]},{"$i":"months-ago-long","$v":{"few":["Преди ",{"t":"idOrVar","v":"value"}," месеца"],"many":["Преди ",{"t":"idOrVar","v":"value"}," месеца"],"one":"последния месец","other":["Преди ",{"t":"idOrVar","v":"value"}," месеца"],"two":["Преди ",{"t":"idOrVar","v":"value"}," месеца"],"zero":"този месец"},"$x":[{"t":"idOrVar","v":"plural"},"value"]},{"$i":"years-ago-long","$v":{"few":["Преди ",{"t":"idOrVar","v":"value"}," години"],"many":["Преди ",{"t":"idOrVar","v":"value"}," години"],"one":"последната година","other":["Преди ",{"t":"idOrVar","v":"value"}," години"],"two":["Преди ",{"t":"idOrVar","v":"value"}," години"],"zero":"тази година"},"$x":[{"t":"idOrVar","v":"plural"},"value"]},{"$i":"minutes-until-long","$v":{"few":["след ",{"t":"idOrVar","v":"value"}," минути"],"many":["след ",{"t":"idOrVar","v":"value"}," минути"],"other":["след ",{"t":"idOrVar","v":"value"}," минути"],"two":["след ",{"t":"idOrVar","v":"value"}," минути"],"zero":"сега","one":"след 1 минута"},"$x":[{"t":"idOrVar","v":"plural"},"value"]},{"$i":"hours-until-long","$v":{"few":["след ",{"t":"idOrVar","v":"value"}," часа"],"many":["след ",{"t":"idOrVar","v":"value"}," часа"],"other":["след ",{"t":"idOrVar","v":"value"}," часа"],"two":["след ",{"t":"idOrVar","v":"value"}," часа"],"zero":"сега","one":"след 1 час"},"$x":[{"t":"idOrVar","v":"plural"},"value"]},{"$i":"days-until-long","$v":{"few":["след ",{"t":"idOrVar","v":"value"}," дни"],"many":["след ",{"t":"idOrVar","v":"value"}," дни"],"one":"утре","other":["след ",{"t":"idOrVar","v":"value"}," дни"],"two":["след ",{"t":"idOrVar","v":"value"}," дни"],"zero":"днес"},"$x":[{"t":"idOrVar","v":"plural"},"value"]},{"$i":"weeks-until-long","$v":{"few":["след ",{"t":"idOrVar","v":"value"}," седмици"],"many":["след ",{"t":"idOrVar","v":"value"}," седмици"],"one":"следващата седмица","other":["след ",{"t":"idOrVar","v":"value"}," седмици"],"two":["след ",{"t":"idOrVar","v":"value"}," седмици"],"zero":"тази седмица"},"$x":[{"t":"idOrVar","v":"plural"},"value"]},{"$i":"months-until-long","$v":{"few":["след ",{"t":"idOrVar","v":"value"}," месеца"],"many":["след ",{"t":"idOrVar","v":"value"}," месеца"],"one":"следващия месец","other":["след ",{"t":"idOrVar","v":"value"}," месеца"],"two":["след ",{"t":"idOrVar","v":"value"}," месеца"],"zero":"този месец"},"$x":[{"t":"idOrVar","v":"plural"},"value"]},{"$i":"years-until-long","$v":{"few":["след ",{"t":"idOrVar","v":"value"}," години"],"many":["след ",{"t":"idOrVar","v":"value"}," години"],"one":"следващата година","other":["след ",{"t":"idOrVar","v":"value"}," години"],"two":["след ",{"t":"idOrVar","v":"value"}," години"],"zero":"тази година"},"$x":[{"t":"idOrVar","v":"plural"},"value"]},{"$i":"minutes-ago-short","$v":{"other":["Преди ",{"t":"idOrVar","v":"value"}," мин."],"zero":"точно сега"},"$x":[{"t":"idOrVar","v":"plural"},"value"]},{"$i":"hours-ago-short","$v":{"other":["Преди ",{"t":"idOrVar","v":"value"}," ч."],"zero":"точно сега"},"$x":[{"t":"idOrVar","v":"plural"},"value"]},{"$i":"days-ago-short","$v":{"other":["Преди ",{"t":"idOrVar","v":"value"}," дни"],"zero":"днес"},"$x":[{"t":"idOrVar","v":"plural"},"value"]},{"$i":"minutes-until-short","$v":{"other":["след ",{"t":"idOrVar","v":"value"},"м."],"zero":"сега"},"$x":[{"t":"idOrVar","v":"plural"},"value"]},{"$i":"hours-until-short","$v":{"other":["след ",{"t":"idOrVar","v":"value"},"ч."],"zero":"сега"},"$x":[{"t":"idOrVar","v":"plural"},"value"]},{"$i":"days-until-short","$v":{"other":["след ",{"t":"idOrVar","v":"value"},"д."],"zero":"днес"},"$x":[{"t":"idOrVar","v":"plural"},"value"]},{"$i":"incorrectDate","$v":"(неправилна дата)"},{"$i":"dateTimeFormat_%c","$v":"%a %b %e %Y %I:%M:%S %p"},{"$i":"dateTimeFormat_%x","$v":"%m/%d/%Y"},{"$i":"dateTimeFormat_%X","$v":"%I:%M:%S ч. %p"},{"$i":"shortTimeFormat","$v":"%I:%M %p"},{"$i":"shortTimeFormat12","$v":"%I:%M %p"},{"$i":"shortTimeFormat24","$v":"%H:%M"},{"$i":"shortDateTimeFormat","$v":"%x %I:%M %p"},{"$i":"weekStartsOnMonday","$v":"0.0"},{"$i":"firstDayOfTheWeek","$v":"1.0"},{"$i":"time_am","$v":"AM"},{"$i":"time_pm","$v":"PM"},{"$i":"softkey-options","$v":"Опции"}]