[{"$i":"back","$v":"ফিরুন"},{"$i":"save","$v":"সংরক্ষণ করুন"},{"$i":"cancel","$v":"বাতিল করুন"},{"$i":"next","$v":"পরবর্তী"},{"$i":"hide","$v":"লুকান"},{"$i":"confirm","$v":"নিশ্চিত করুন"},{"$i":"done","$v":"সম্পূর্ণ হয়েছে"},{"$i":"events","$v":"ইভেন্টের অনুস্মারক"},{"$i":"edit","$v":"সম্পাদনা করুন"},{"$i":"allday-events","$v":"সারাদিনের ইভেন্টের অনুস্মারক"},{"$i":"no-events","$v":"কোন ইভেন্ট নেই"},{"$i":"default","$v":"ডিফল্ট"},{"$i":"sync","$v":"সমলয় করুন"},{"$i":"repeat","$v":"পুনরাবৃত্তি করুন"},{"$i":"never","$v":"কখনো নয়"},{"$i":"every-day","$v":"প্রতিদিন"},{"$i":"every-week","$v":"প্রতি সপ্তাহে"},{"$i":"every-2-weeks","$v":"প্রতি 2 সপ্তাহ"},{"$i":"every-month","$v":"প্রতি মাসে"},{"$i":"view-never","$v":"পুনরাবৃত্তি: না"},{"$i":"view-every-day","$v":"পুনরাবৃত্তি: দৈনিক"},{"$i":"view-every-week","$v":"পুনরাবৃত্তি: সাপ্তাহিক"},{"$i":"view-every-2-weeks","$v":"পুনরাবৃত্তি: প্রতি দুই সপ্তাহে পুনরাবৃত্তি করুন"},{"$i":"view-every-month","$v":"পুনরাবৃত্তি: মাসিক"},{"$i":"repeat-event-header","$v":"এটি একটি পুনরাবৃত্ত ইভেন্ট।"},{"$i":"delete-this-only","$v":"এই শুধুমাত্র মুছে দিন"},{"$i":"delete-all","$v":"সবগুলি মুছে দিন"},{"$i":"event-edit-all","$v":"সমস্ত ইভেন্টের সম্পাদনা করুন"},{"$i":"event-edit-all-future","$v":"ভবিষ্যতের সমস্ত ইভেন্টের সম্পাদনা করুন"},{"$i":"options","$v":"বিকল্প"},{"$i":"event-delete-all","$v":"সমস্ত ইভেন্ট মুছুন"},{"$i":"event-delete-all-future","$v":"ভবিষ্যতের সমস্ত ইভেন্ট মুছে দিন"},{"$i":"delete-account","$v":"অ্যাকাউন্ট মুছুন"},{"$i":"exchange-account","$v":"ActiveSync"},{"$i":"account-user-name","$v":"ইউজার নেম"},{"$i":"incorrect-password-description","$v":"সার্ভারে সাইন ইন করা যাচ্ছে না। অনুগ্রহ করে পাসওয়ার্ড আবার দিন।"},{"$i":"incorrect-password","$v":"ভুল পাসওয়ার্ড"},{"$i":"account-duplicate","$v":"অ্যাকাউন্ট ইতিমধ্যেই বিদ্যমান। সিঙ্ক করা চালু আছে।"},{"$i":"error-account","$v":"সার্ভার অনুপলব্ধ, অনুগ্রহ করে আবার চেষ্টা করুন।"},{"$i":"error-access-denied","$v":"একটি অজানা ত্রুটি হয়েছে, অনুগ্রহ করে আবার চেষ্টা করুন।"},{"$i":"error-time-out","$v":[{"t":"idOrVar","v":"server"},"\" এর সঙ্গে সংযোগ স্থাপন করা যাবে না। নেটওয়ার্কের সমস্যা হয়ে থাকতে পারে।"]},{"$i":"caldav-account-exist","$v":"এই অ্যাকাউন্টটি ইতিমধ্যেই রয়েছে।"},{"$i":"save-password","$v":"পাসওয়ার্ড সংরক্ষিত।"},{"$i":"account-login","$v":"অ্যাকাউন্টে লগইন"},{"$i":"setting-up-account","$v":"অ্যাকাউন্ট সেট আপ করা"},{"$i":"setup-account-usedInfo","$v":"নিচের অ্যাপগুলি এই অ্যাকাউন্টটি ব্যবহার করবে। আপনি সেটিংস>অ্যাকাউন্টথেকে এটি পরিবর্তন করতে পারেন।"},{"$i":"app-calendar","$v":"ক্যালেন্ডার"},{"$i":"show-today","$v":"আজ"},{"$i":"show-month-view","$v":"মাস"},{"$i":"show-week-view","$v":"সপ্তাহ"},{"$i":"show-day-view","$v":"দিন"},{"$i":"settings-show","$v":"সেটিং"},{"$i":"settings-hide","$v":"সেটিংস লুকোন"},{"$i":"add-account","$v":"একটি অ্যাকাউন্ট যোগ করুন"},{"$i":"new-event","$v":"ইভেন্ট যোগ করুন"},{"$i":"view-event-header","$v":"ইভেন্টের বিশদ বিবরণ"},{"$i":"new-event-header","$v":"ইভেন্ট যোগ করুন"},{"$i":"edit-event-header","$v":"ইভেন্ট সম্পাদনা করুন"},{"$i":"account-header","$v":"অ্যাকাউন্ট"},{"$i":"account-list-header","$v":"অ্যাকাউন্ট"},{"$i":"advanced-settings-short-icon-button","ariaLabel":"সেটিং"},{"$i":"advanced-settings-header","$v":"ক্যালেন্ডার সেটিংস"},{"$i":"advanced-settings-personalization","$v":"আপডেটের পুনরাবৃত্তির হার"},{"$i":"advanced-settings-reminders","$v":"অনুস্মারক"},{"$i":"advanced-settings-add-account","$v":"অ্যাকাউন্ট যোগ করুন"},{"$i":"field-user","$v":"ইউজার নেম"},{"$i":"field-password","$v":"পাসওয়ার্ড"},{"$i":"show-password","$v":"পাসওয়ার্ড দেখান"},{"$i":"field-full-url","$v":"0.0"},{"$i":"modify-account-setting-up","$v":"আপনার অ্যাকাউন্ট সেট করার সময় অনুগ্রহ করে অপেক্ষা করুন"},{"$i":"modify-account-unable-to-sync","$v":"সিঙ্ক করা যাবে না"},{"$i":"modify-account-sign-in","$v":"সাইন ইন করুন"},{"$i":"sync-account","$v":"অ্যাকাউন্ট সিঙ্ক করুন"},{"$i":"deselect","$v":"অনির্বাচন করুন"},{"$i":"kai-caldav","$v":"CalDav"},{"$i":"kai-yahoo","$v":"ইয়াহু"},{"$i":"kai-google","$v":"Google"},{"$i":"preset-mozilla","$v":"Mozilla Zimbra"},{"$i":"calendar-local","$v":"ফোন ক্যালেন্ডার"},{"$i":"event-title","$v":"শিরোনাম"},{"$i":"event-location","$v":"অবস্থান"},{"$i":"event-description","$v":"দ্রষ্টব্য"},{"$i":"event-is-allday","$v":"সারাদিনের ইভেন্ট"},{"$i":"event-start-date","$v":"শুরর তারিখ"},{"$i":"event-end-date","$v":"সমাপ্তির তারিখ"},{"$i":"event-start-time","$v":"শুরুর সময়"},{"$i":"event-end-time","$v":"সমাপ্তির সময়"},{"$i":"event-delete","$v":"ইভেন্ট মুছুন"},{"$i":"event-is-deleting","$v":"মোছা হচ্ছে…"},{"$i":"remove-account-data","$v":"ক্যালেন্ডার অ্যাকাউন্ট সরান"},{"$i":"remove-account-dialog","$v":"অ্যাকাউন্ট সরান"},{"$i":"remove-account-dialog-details","$v":"এই অ্যাকাউন্ট মুছে দিলে, এই অ্যাকাউন্ট ব্যবহারকারী অ্যাপগুলিও ক্ষতিগ্রস্ত হবে।"},{"$i":"remove","$v":"সরান"},{"$i":"drawer-sync-icon-button","ariaLabel":"সমলয় করুন"},{"$i":"sync-progress-syncing","ariaValueText":"সিঙ্ক করা হচ্ছে"},{"$i":"sync-progress-complete","ariaValueText":"সিঙ্ক করা সম্পূর্ণ"},{"$i":"sync-frequency","$v":"ক্যালেন্ডর সিঙ্ক করুন"},{"$i":"sync-frequency-15min","$v":"প্রতি 15 মিনিটে"},{"$i":"sync-frequency-30min","$v":"প্রতি 30 মিনিটে"},{"$i":"sync-frequency-manual","$v":"ম্যানুয়ালি"},{"$i":"from","$v":"থেকে"},{"$i":"to","$v":"পর্যন্ত"},{"$i":"one-day-duration-title","$v":[{"t":"idOrVar","v":"startDate"}]},{"$i":"one-day-duration-content","$v":["থেকে ",{"t":"idOrVar","v":"startTime"}," পর্যন্ত ",{"t":"idOrVar","v":"endTime"}]},{"$i":"multiple-day-duration-title","$v":[{"t":"idOrVar","v":"startTime"}," ",{"t":"idOrVar","v":"startDate"}]},{"$i":"multiple-day-duration-content","$v":[{"t":"idOrVar","v":"endTime"}," ",{"t":"idOrVar","v":"endDate"}]},{"$i":"one-all-day-duration-title","$v":[{"t":"idOrVar","v":"startDate"}]},{"$i":"all-day-duration-content","$v":"সারা দিনের ইভেন্ট"},{"$i":"multiple-all-day-duration-title","$v":[{"t":"idOrVar","v":"startDate"}," থেকে"]},{"$i":"multiple-all-day-duration-content","$v":["এ ",{"t":"idOrVar","v":"endDate"}]},{"$i":"none","$v":"কিছু না"},{"$i":"reminder","$v":"অনুস্মারক"},{"$i":"remind-me","$v":"আমাকে স্মরণ করান"},{"$i":"alarm-at-event-standard","$v":"ইভেন্টের সময়"},{"$i":"alarm-at-event-allday","$v":"ইভেন্টের দিন"},{"$i":"alarm-at-event-allday-hour12","$v":"অনুষ্ঠানের দিনে (সকাল 9:00 টা)"},{"$i":"alarm-at-event-allday-hour24","$v":"অনুষ্ঠানের দিনে (9:00 টা)"},{"$i":"notice-now","$v":"এখন শুরু হচ্ছে"},{"$i":"notice-5-minutes-before","$v":"5 মিনিটে শুরু হচ্ছে"},{"$i":"notice-15-minutes-before","$v":"15 মিনিটের মধ্যে শুরু হচ্ছে"},{"$i":"notice-30-minutes-before","$v":"30 মিনিটের মধ্যে শুরু হচ্ছে"},{"$i":"notice-1-hour-before","$v":"1 ঘন্টা মধ্যে শুরু"},{"$i":"notice-2-hours-before","$v":"২৪ ঘন্টার মধ্যে শুরু হচ্ছে"},{"$i":"notice-1-day-before","$v":"কাল শুরু হচ্ছে"},{"$i":"notice-on-day-event-all","$v":"আজ থেকে শুরু"},{"$i":"notice-1-day-before-all","$v":"কাল শুরু হচ্ছে"},{"$i":"notice-2-day-before-all","$v":"2 দিনের মধ্যে শুরু হচ্ছে"},{"$i":"notice-weeks-before-all","$v":[{"t":"idOrVar","v":"startDate"},"-এ শুরু হচ্ছে"]},{"$i":"days-ago-yesterday","$v":["গতকাল ",{"t":"idOrVar","v":"timeString"},"-এ"]},{"$i":"days-ago-today","$v":["আজ ",{"t":"idOrVar","v":"timeString"},"-এ"]},{"$i":"days-ago-yesterday-single","$v":"গতকাল"},{"$i":"days-ago-today-single","$v":"আজ"},{"$i":"alarm-started-notices","$v":[{"t":"idOrVar","v":"distance"},"-এ শুরু হয়েছে "]},{"$i":"alarm-starting-notices","$v":[{"t":"idOrVar","v":"distance"},"-এ শুরু হচ্ছে "]},{"$i":"minutes-ago-long","$v":{"few":[{"t":"idOrVar","v":"value"}," মিনিট আগে"],"many":[{"t":"idOrVar","v":"value"}," মিনিট আগে"],"other":[{"t":"idOrVar","v":"value"}," মিনিট আগে"],"two":[{"t":"idOrVar","v":"value"}," মিনিট আগে"],"one":"এক মিনিট আগে","zero":"এখনই"},"$x":[{"t":"idOrVar","v":"plural"},"value"]},{"$i":"hours-ago-long","$v":{"few":[{"t":"idOrVar","v":"value"}," ঘন্টা আগে"],"many":[{"t":"idOrVar","v":"value"}," ঘন্টা আগে"],"other":[{"t":"idOrVar","v":"value"}," ঘন্টা আগে"],"two":[{"t":"idOrVar","v":"value"}," ঘন্টা আগে"],"one":"1 ঘন্টা আগে","zero":"এখনই"},"$x":[{"t":"idOrVar","v":"plural"},"value"]},{"$i":"alarm-start-notice","$v":[{"t":"idOrVar","v":"title"}," শুরু ",{"t":"idOrVar","v":"distance"}]},{"$i":"alarm-started-notice","$v":[{"t":"idOrVar","v":"title"}," শুরু হয়েছে ",{"t":"idOrVar","v":"distance"}]},{"$i":"alarm-start-notice-two-days","$v":[{"t":"idOrVar","v":"title"}," দুই দিনে শুরু হবে"]},{"$i":"alarm-start-notice-few-days","$v":[{"t":"idOrVar","v":"title"}," ",{"t":"idOrVar","v":"distance"}," এ শুরু হবে"]},{"$i":"days-before-hour12","$v":{"few":[{"t":"idOrVar","v":"value"}," আগের দিন (সকাল 9:00 টা)"],"many":[{"t":"idOrVar","v":"value"}," আগের দিন (সকাল 9:00 টা)"],"one":"1 দিন আগে (সকাল 9:00 টা)","other":[{"t":"idOrVar","v":"value"}," আগের দিন (সকাল 9:00 টা)"],"two":[{"t":"idOrVar","v":"value"}," আগের দিন (সকাল 9:00 টা)"],"zero":"0 দিন আগে (সকাল 9:00 টা)"},"$x":[{"t":"idOrVar","v":"plural"},"value"]},{"$i":"weeks-before-hour12","$v":{"few":[{"t":"idOrVar","v":"value"}," আগের সপ্তাহগুলি (সকাল 9:00 টা)"],"many":[{"t":"idOrVar","v":"value"}," আগের সপ্তাহগুলি (সকাল 9:00 টা)"],"one":"1 সপ্তাহ আগে (সকাল 9:00 টা)","other":[{"t":"idOrVar","v":"value"}," আগের সপ্তাহগুলি (সকাল 9:00 টা)"],"two":[{"t":"idOrVar","v":"value"}," আগের সপ্তাহগুলি (সকাল 9:00 টা)"],"zero":"0 সপ্তাহ আগে (সকাল 9:00 টা)"},"$x":[{"t":"idOrVar","v":"plural"},"value"]},{"$i":"days-before-hour24","$v":{"few":[{"t":"idOrVar","v":"value"}," আগের দিন (9:00 টা)"],"many":[{"t":"idOrVar","v":"value"}," আগের দিন (9:00 টা)"],"one":"1 দিন আগে (9:00 টা)","other":[{"t":"idOrVar","v":"value"}," আগের দিন (9:00 টা)"],"two":[{"t":"idOrVar","v":"value"}," আগের দিন (9:00 টা)"],"zero":"0 দিন আগে (9:00 টা)"},"$x":[{"t":"idOrVar","v":"plural"},"value"]},{"$i":"weeks-before-hour24","$v":{"few":[{"t":"idOrVar","v":"value"}," আগের সপ্তাহগুলি (9:00 টা)"],"many":[{"t":"idOrVar","v":"value"}," আগের সপ্তাহগুলি (9:00 টা)"],"one":"1 সপ্তাহ আগে (9:00 টা)","other":[{"t":"idOrVar","v":"value"}," আগের সপ্তাহগুলি (9:00 টা)"],"two":[{"t":"idOrVar","v":"value"}," আগের সপ্তাহগুলি (9:00 টা)"],"zero":"0 সপ্তাহ আগে (9:00 টা)"},"$x":[{"t":"idOrVar","v":"plural"},"value"]},{"$i":"minutes-before","$v":{"few":[{"t":"idOrVar","v":"value"}," মিনিট আগে"],"many":[{"t":"idOrVar","v":"value"}," মিনিট আগে"],"one":"1 মিনিট আগে","other":[{"t":"idOrVar","v":"value"}," মিনিট আগে"],"two":[{"t":"idOrVar","v":"value"}," মিনিট আগে"],"zero":"0 মিনিট আগে"},"$x":[{"t":"idOrVar","v":"plural"},"value"]},{"$i":"hours-before","$v":{"few":[{"t":"idOrVar","v":"value"}," ঘন্টা আগে"],"many":[{"t":"idOrVar","v":"value"}," ঘন্টা আগে"],"one":"1 ঘন্টা আগে","other":[{"t":"idOrVar","v":"value"}," ঘন্টা আগে"],"two":[{"t":"idOrVar","v":"value"}," ঘন্টা আগে"],"zero":"0 ঘন্টা আগে"},"$x":[{"t":"idOrVar","v":"plural"},"value"]},{"$i":"days-before","$v":{"few":[{"t":"idOrVar","v":"value"}," দিন আগে"],"many":[{"t":"idOrVar","v":"value"}," দিন আগে"],"one":"1 দিন আগে","other":[{"t":"idOrVar","v":"value"}," দিন আগে"],"two":[{"t":"idOrVar","v":"value"}," দিন আগে"],"zero":"0 দিন আগে"},"$x":[{"t":"idOrVar","v":"plural"},"value"]},{"$i":"weeks-before","$v":{"few":[{"t":"idOrVar","v":"value"}," সপ্তাহ আগে"],"many":[{"t":"idOrVar","v":"value"}," সপ্তাহ আগে"],"one":"1 সপ্তাহ আগে","other":[{"t":"idOrVar","v":"value"}," সপ্তাহ আগে"],"two":[{"t":"idOrVar","v":"value"}," সপ্তাহ আগে"],"zero":"0 সপ্তাহ আগে"},"$x":[{"t":"idOrVar","v":"plural"},"value"]},{"$i":"months-before","$v":{"few":[{"t":"idOrVar","v":"value"}," মাস পরে"],"many":[{"t":"idOrVar","v":"value"}," মাস পরে"],"one":"1 মাস আগে","other":[{"t":"idOrVar","v":"value"}," মাস পরে"],"two":[{"t":"idOrVar","v":"value"}," মাস পরে"],"zero":"0 মাস আগে"},"$x":[{"t":"idOrVar","v":"plural"},"value"]},{"$i":"years-before","$v":{"few":[{"t":"idOrVar","v":"value"}," বছর আগে"],"many":[{"t":"idOrVar","v":"value"}," বছর আগে"],"one":"1 বছর আগে","other":[{"t":"idOrVar","v":"value"}," বছর আগে"],"two":[{"t":"idOrVar","v":"value"}," বছর আগে"],"zero":"0 বছর আগে"},"$x":[{"t":"idOrVar","v":"plural"},"value"]},{"$i":"minutes-after","$v":{"few":[{"t":"idOrVar","v":"value"}," মিনিট পর"],"many":[{"t":"idOrVar","v":"value"}," মিনিট পর"],"one":"1 মিনিট পরে","other":[{"t":"idOrVar","v":"value"}," মিনিট পর"],"two":[{"t":"idOrVar","v":"value"}," মিনিট পর"],"zero":"0 মিনিট পরে"},"$x":[{"t":"idOrVar","v":"plural"},"value"]},{"$i":"hours-after","$v":{"few":[{"t":"idOrVar","v":"value"}," ঘন্টা পর"],"many":[{"t":"idOrVar","v":"value"}," ঘন্টা পর"],"one":"1 ঘন্টা পরে","other":[{"t":"idOrVar","v":"value"}," ঘন্টা পর"],"two":[{"t":"idOrVar","v":"value"}," ঘন্টা পর"],"zero":"0 ঘণ্টা পরে"},"$x":[{"t":"idOrVar","v":"plural"},"value"]},{"$i":"days-after","$v":{"few":[{"t":"idOrVar","v":"value"}," দিন পরে"],"many":[{"t":"idOrVar","v":"value"}," দিন পরে"],"one":"1 দিন পরে","other":[{"t":"idOrVar","v":"value"}," দিন পরে"],"two":[{"t":"idOrVar","v":"value"}," দিন পরে"],"zero":"0 দিন পরে"},"$x":[{"t":"idOrVar","v":"plural"},"value"]},{"$i":"weeks-after","$v":{"few":[{"t":"idOrVar","v":"value"}," সপ্তাহ পরে"],"many":[{"t":"idOrVar","v":"value"}," সপ্তাহ পরে"],"one":"1 সপ্তাহ পরে","other":[{"t":"idOrVar","v":"value"}," সপ্তাহ পরে"],"two":[{"t":"idOrVar","v":"value"}," সপ্তাহ পরে"],"zero":"0 সপ্তাহ পরে"},"$x":[{"t":"idOrVar","v":"plural"},"value"]},{"$i":"months-after","$v":{"few":[{"t":"idOrVar","v":"value"}," মিনিট পরে"],"many":[{"t":"idOrVar","v":"value"}," মিনিট পরে"],"one":"1 মাস পরে","other":[{"t":"idOrVar","v":"value"}," মিনিট পরে"],"two":[{"t":"idOrVar","v":"value"}," মিনিট পরে"],"zero":"0 মাস পরে"},"$x":[{"t":"idOrVar","v":"plural"},"value"]},{"$i":"years-after","$v":{"few":[{"t":"idOrVar","v":"value"}," বছর পরে"],"many":[{"t":"idOrVar","v":"value"}," বছর পরে"],"one":"1 বছর পর","other":[{"t":"idOrVar","v":"value"}," বছর পরে"],"two":[{"t":"idOrVar","v":"value"}," বছর পরে"],"zero":"0 বছর পর"},"$x":[{"t":"idOrVar","v":"plural"},"value"]},{"$i":"event-notice-timeformat","$v":[{"t":"idOrVar","v":"start"}," - ",{"t":"idOrVar","v":"end"}]},{"$i":"tomorrow-event-notice-timeformat","$v":["আগামীকাল, ",{"t":"idOrVar","v":"start"}," - ",{"t":"idOrVar","v":"end"}]},{"$i":"today-all-day-event","$v":"আজ"},{"$i":"tomorrow-all-day-event","$v":"আগামীকাল"},{"$i":"hour-format12","$v":"%I"},{"$i":"hour-format24","$v":"%H"},{"$i":"week-hour-format12","$v":"%I"},{"$i":"week-hour-format24","$v":"%H"},{"$i":"hour-allday","$v":"সারা দিন"},{"$i":"kai-week-day","$v":"%a\\n%e"},{"$i":"current-time12","$v":"%I:%M"},{"$i":"current-time24","$v":"%H:%M"},{"$i":"multi-month-view-header-format","$v":"%B %Y"},{"$i":"day-view-header-format","$v":"%A, %B %e"},{"$i":"months-day-view-header-format","$v":"%A, %B %e"},{"$i":"months-day-view-header-format-small","$v":{"$o":"%a <br/> %b, %e"}},{"$i":"week-view-header-format","$v":["সপ্তাহ ",{"t":"idOrVar","v":"value"},", %B %Y"]},{"$i":"longDateFormat","$v":"%A, %B %e, %Y"},{"$i":"longTimeFormat","$v":"%A %B %d"},{"$i":"longTimeFormat12","$v":"%A %B %d %I %p"},{"$i":"longTimeFormat24","$v":"%A %B %d %H ও ক্লক"},{"$i":"weekTimeFormat12","$v":"%I %p"},{"$i":"weekTimeFormat24","$v":"%H ও ক্লক"},{"$i":"weekDayFormat","$v":"%A %d"},{"$i":"alldayLongTimeFormat","$v":"%A %B %d সারা দিন"},{"$i":"dayHour12","$v":"%I %p"},{"$i":"dayHour24","$v":"%H ও ক্লক"},{"$i":"longDateTime12","$v":"%I %p, %a, %d %b, %Y"},{"$i":"longDateTime24","$v":"%H, %a, %d %b, %Y"},{"$i":"upcoming-events","$v":"আসন্ন ইভেন্ট"},{"$i":"search-results","$v":"অনুসন্ধান ফলাফল"},{"$i":"no-event-found","$v":"কোন ঘটনা খুঁজে পাওয়া যায়নি"},{"$i":"longDateTimeNew12","$v":"%a, %B %e, %Y, %I:%M %p"},{"$i":"longDateTimeNew24","$v":"%a, %B %e, %Y, %H:%M"},{"$i":"longDateTimeNewNoHour12","$v":"%a, %B %e, %Y"},{"$i":"longDateTimeNewNoHour24","$v":"%a, %B %e, %Y"},{"$i":"error-start-date-after-end-date","$v":"শুরুর তারিখের আগে ইভেন্টটি শেষ করা যাবে না।"},{"$i":"error-start-time-after-end-time","$v":"শুরুর তারিখের আগে ইভেন্টটি শেষ করা যাবে না।"},{"$i":"error-unauthenticated","$v":"ভুল ইউজারনেম বা পাসওয়া্ড, অনুগ্রহ করে আবার চেষ্টা করুন।"},{"$i":"error-internal-server-error","$v":"সার্ভার ত্রুটি, দয়া করে আবার চেষ্টা করুন।"},{"$i":"error-unkown","$v":"সার্ভার নেই, অনুগ্রহ করে আবার চেষ্টা করুন।"},{"$i":"error-default","$v":"কিছু একটা গন্ডগোল হয়েছে। পরে আবার চেষ্টা করুন।"},{"$i":"error-offline","$v":"কোনো ইন্টারনেট সংযোগ নেই।"},{"$i":"error-account-exist","$v":"এই অ্যাকাউন্টটি ইতিমধ্যেই রয়েছে।"},{"$i":"error-confirmation-title","$v":"ত্রুটি"},{"$i":"error-edit-online-event","$v":"ইন্টারনেট সংযোগ না থাকার কারণে অনলাইন ইভেন্ট সম্পাদনা করা যায়নি।"},{"$i":"error-delete-online-event","$v":"ইন্টারনেট সংযোগ না থাকার কারণে অনলাইন ইভেন্ট মুছতে ব্যর্থ।"},{"$i":"error-add-online-event","$v":"ইন্টারনেট সংযোগ না থাকার কারণে অনলাইন ইভেন্ট যোগ করা যায়নি।"},{"$i":"error-start-date-before-seleced-day","$v":"বর্তমান তারিখের আগে ইভেন্টটি শুরু করা যাবে না।"},{"$i":"notification-error-sync-title","$v":"ক্যালেন্ডারের সিঙ্কের ত্রুটি"},{"$i":"notification-error-sync-description","$v":"আরো তথ্যের জন্য এখানে আলতো চাপুন"},{"$i":"notification-error-caldav-sync-title","$v":"অ্যাকাউন্ট ত্রুটি"},{"$i":"notification-error-caldav-sync-description","$v":"আবার লগ ইন করুন"},{"$i":"weekday-0-single-char","$v":"S","ariaLabel":"রবিবার"},{"$i":"weekday-1-single-char","$v":"M","ariaLabel":"সোমবার"},{"$i":"weekday-2-single-char","$v":"T","ariaLabel":"মঙ্গলবার"},{"$i":"weekday-3-single-char","$v":"W","ariaLabel":"বুধবার"},{"$i":"weekday-4-single-char","$v":"T","ariaLabel":"বৃহস্পতিবার"},{"$i":"weekday-5-single-char","$v":"F","ariaLabel":"শুক্রবার"},{"$i":"weekday-6-single-char","$v":"S","ariaLabel":"শনিবার"},{"$i":"busy","$v":{"few":[{"t":"idOrVar","v":"n"},"টি ইভেন্ট"],"many":[{"t":"idOrVar","v":"n"},"টি ইভেন্ট"],"one":[{"t":"idOrVar","v":"n"},"টি ইভেন্ট"],"other":[{"t":"idOrVar","v":"n"},"টি ইভেন্ট"],"two":[{"t":"idOrVar","v":"n"},"টি ইভেন্ট"],"zero":"কোন ইভেন্ট নেই"},"$x":[{"t":"idOrVar","v":"plural"},"n"]},{"$i":"present","ariaLabel":"আজ"},{"$i":"past-other-month-description","ariaLabel":"অন্য মাস"},{"$i":"future-other-month-description","ariaLabel":"অন্য মাস"},{"$i":"icon-calendar-alarm","ariaLabel":"Has alarm"},{"$i":"calendars","ariaLabel":"ক্যালেন্ডারগুলি"},{"$i":"multi-day-new-event-link","ariaLabel":"ইভেন্ট যোগ করুন"},{"$i":"title","ariaLabel":"শিরোনাম"},{"$i":"location","ariaLabel":"অবস্থান"},{"$i":"duration","ariaLabel":"সময়সীমা"},{"$i":"calendar","ariaLabel":"ক্যালেন্ডার"},{"$i":"alarms","ariaLabel":"অ্যালার্ম"},{"$i":"description","ariaLabel":"বর্ণনা"},{"$i":"start-date","ariaLabel":"শুরর তারিখ"},{"$i":"start-time","ariaLabel":"শুরুর সময়"},{"$i":"end-date","ariaLabel":"সমাপ্তির তারিখ"},{"$i":"end-time","ariaLabel":"সমাপ্তির সময়"},{"$i":"during-progress-loading","ariaValueText":"লোড হচ্ছে"},{"$i":"all-day","ariaLabel":"সারা দিন"},{"$i":"create-event","ariaLabel":"ইভেন্ট তৈরি করুন"},{"$i":"create-all-day-event","ariaLabel":"সারা দিনের ইভেন্ট তৈরি করুন"},{"$i":"event-one-day-duration","ariaLabel":["থেকে ",{"t":"idOrVar","v":"startTime"}," পর্যন্ত ",{"t":"idOrVar","v":"endTime"}]},{"$i":"week-event-one-day-duration","ariaLabel":[{"t":"idOrVar","v":"startDate"}," থেকে ",{"t":"idOrVar","v":"startTime"}," থেকে ",{"t":"idOrVar","v":"endTime"},"পর্যন্ত"]},{"$i":"event-multiple-day-duration","ariaLabel":["থেকে ",{"t":"idOrVar","v":"startTime"}," ",{"t":"idOrVar","v":"startDate"}," পর্যন্ত ",{"t":"idOrVar","v":"endTime"}," ",{"t":"idOrVar","v":"endDate"}]},{"$i":"kai-event-added","$v":"ইভেন্ট যোগ করা হয়েছে।"},{"$i":"kai-event-updated","$v":"ইভেন্ট আপডেট হয়েছে।"},{"$i":"kai-event-deleted","$v":"ইভেন্ট মোছা হয়েছে।"},{"$i":"kai-change-save","$v":"পরিবর্তনগুলো সংরক্ষণ করা হয়েছে"},{"$i":"event-sync-failure","$v":"অনলাইন ক্যালেন্ডারে সিঙ্ক করতে অক্ষম।"},{"$i":"kai-event-calendar","$v":"ক্যালেন্ডার"},{"$i":"kai-single-event","$v":"ঘটনা"},{"$i":"kai-event-count","$v":"ঘটনাবলী"},{"$i":"kai-sync-progress-syncing","$v":"সিঙ্ক করা হচ্ছে"},{"$i":"kai-sync-progress-complete","$v":"ক্যালেন্ডার আপ টু ডেট।"},{"$i":"kai-sync-sync-switch-close","$v":"অ্যাকাউন্ট সিঙ্ক করতে অক্ষম কারণ সিঙ্কিং বন্ধ হয়ে গেছে।"},{"$i":"kai-settings-sounds","$v":"শব্দ"},{"$i":"kai-tones","$v":"টোন"},{"$i":"kai-multi-events","$v":"ঘটনাবলী"},{"$i":"kai-confirmation-title","$v":"নিশ্চিতকরণ"},{"$i":"kai-delete-selectedEvent-confirmation","$v":"নির্বাচিত ইভেন্ট মুছবেন?"},{"$i":"kai-deleteEvent-confirmation","$v":"ইভেন্ট মুছবেন?"},{"$i":"kai-event-search-header","$v":"অনুসন্ধান করুন","placeholder":"অনুসন্ধান করুন"},{"$i":"kai-event-search-upcoming-events","$v":"আসন্ন ইভেন্ট"},{"$i":"kai-delete","$v":"মুছুন"},{"$i":"kai-cancel","$v":"বাতিল করুন"},{"$i":"kai-dialog-delete-sel","$v":"আপনি কি নির্বাচিত ইভেন্টটি মুছতে চান?"},{"$i":"kai-delete-title","$v":"ইভেন্ট মুছুন"},{"$i":"kai-save-changes","$v":"পরিবর্তনগুলোর সংরক্ষন?"},{"$i":"kai-save-message-back","$v":"সমস্ত প্রবেশ করা ডেটা হারিয়ে যাবে। আপনি কি পরিবর্তনগুলি সংরক্ষণ করতে চান?"},{"$i":"kai-save-message-close","$v":"ডেটা ক্ষতি সহ অ্যাপ্লিকেশনটি বন্ধ হয়ে যাবে। আপনি কি পরিবর্তনগুলি সংরক্ষণ করতে চান?"},{"$i":"yes","$v":"হ্যাঁ"},{"$i":"no","$v":"না"},{"$i":"confirmation","$v":"নিশ্চিতকরণ"},{"$i":"ok","$v":"ঠিক আছে"},{"$i":"delete-event","$v":"ইভেন্ট মুছবেন?"},{"$i":"edit-event-no-net","$v":"ইন্টারনেট সংযোগ না থাকার কারণে অনলাইন ইভেন্ট সম্পাদনা করা যায়নি।"},{"$i":"kai-settings-header","$v":"ক্যালেন্ডারে যা দেখানো হবে"},{"$i":"kai-syncing","$v":"সিঙ্ক করা হচ্ছে ..."},{"$i":"kai-syncing-header","$v":"অ্যাকাউন্ট সিঙ্ক"},{"$i":"select","$v":"নির্বাচন করুন"},{"$i":"add-event","$v":"ইভেন্ট যোগ করুন"},{"$i":"week-view","$v":"সাপ্তাহিক ভিউ"},{"$i":"day-view","$v":"দিন অনুসারে দর্শন"},{"$i":"month-view","$v":"মাস অনুসারে দর্শন"},{"$i":"today","$v":"আজ"},{"$i":"go","$v":"তারিখে যান"},{"$i":"search","$v":"অনুসন্ধান করুন"},{"$i":"calendar-to-display","$v":"ক্যালেন্ডারে যা দেখানো হবে"},{"$i":"settings","$v":"সেটিং"},{"$i":"delete","$v":"মুছুন"},{"$i":"enter","$v":"লিখুন"},{"$i":"sync-calendar","$v":"ক্যালেন্ডর সিঙ্ক করুন"},{"$i":"lunar-calendar","$v":"তিথি"},{"$i":"present-description","$v":[{"t":"idOrVar","v":"weekday"},"আজ",{"t":"idOrVar","v":"date"}]},{"$i":"day-description","$v":[{"t":"idOrVar","v":"weekday"}," ",{"t":"idOrVar","v":"date"}]},{"$i":"weekday-5","$v":"শুক্রবার"},{"$i":"weekday-4","$v":"বৃহস্পতিবার"},{"$i":"weekday-3","$v":"বুধবার"},{"$i":"weekday-2","$v":"মঙ্গলবার"},{"$i":"weekday-1","$v":"সোমবার"},{"$i":"weekday-0","$v":"রবিবার"},{"$i":"weekday-6","$v":"শনিবার"},{"$i":"no-title","$v":"কোনো শিরোনাম নেই"},{"$i":"account-sync-off-tip","$v":"ইভেন্টটি সম্পাদনা করতে বা মুছতে এই অ্যাকাউন্টটির জন্য সিঙ্ক চালু করুন।"},{"$i":"weekday-0-long","$v":"রবিবার"},{"$i":"weekday-1-long","$v":"সোমবার"},{"$i":"weekday-2-long","$v":"মঙ্গলবার"},{"$i":"weekday-3-long","$v":"বুধবার"},{"$i":"weekday-4-long","$v":"বৃহস্পতিবার"},{"$i":"weekday-5-long","$v":"শুক্রবার"},{"$i":"weekday-6-long","$v":"শনিবার"},{"$i":"weekday-0-short","$v":"রবি"},{"$i":"weekday-1-short","$v":"সোম"},{"$i":"weekday-2-short","$v":"মঙ্গল"},{"$i":"weekday-3-short","$v":"বুধ"},{"$i":"weekday-4-short","$v":"বৃহ"},{"$i":"weekday-5-short","$v":"শুক্র"},{"$i":"weekday-6-short","$v":"শনি"},{"$i":"month-0-long","$v":"জানুয়ারী"},{"$i":"month-1-long","$v":"ফেব্রুয়ারী"},{"$i":"month-2-long","$v":"মার্চ"},{"$i":"month-3-long","$v":"এপ্রিল"},{"$i":"month-4-long","$v":"মে"},{"$i":"month-5-long","$v":"জুন"},{"$i":"month-6-long","$v":"জুলাই"},{"$i":"month-7-long","$v":"আগস্ট"},{"$i":"month-8-long","$v":"সেপ্টেম্বর"},{"$i":"month-9-long","$v":"অক্টোবর"},{"$i":"month-10-long","$v":"নভেম্বর"},{"$i":"month-11-long","$v":"ডিসেম্বর"},{"$i":"month-0-genitive","$v":"জানুয়ারী"},{"$i":"month-1-genitive","$v":"ফেব্রুয়ারী"},{"$i":"month-2-genitive","$v":"মার্চ"},{"$i":"month-3-genitive","$v":"এপ্রিল"},{"$i":"month-4-genitive","$v":"মে"},{"$i":"month-5-genitive","$v":"জুন"},{"$i":"month-6-genitive","$v":"জুলাই"},{"$i":"month-7-genitive","$v":"আগস্ট"},{"$i":"month-8-genitive","$v":"সেপ্টেম্বর"},{"$i":"month-9-genitive","$v":"অক্টোবর"},{"$i":"month-10-genitive","$v":"নভেম্বর"},{"$i":"month-11-genitive","$v":"ডিসেম্বর"},{"$i":"month-0-short","$v":"জানু"},{"$i":"month-1-short","$v":"ফেব্রু"},{"$i":"month-2-short","$v":"মার্চ"},{"$i":"month-3-short","$v":"এপ্রি"},{"$i":"month-4-short","$v":"মে"},{"$i":"month-5-short","$v":"জুন"},{"$i":"month-6-short","$v":"জুলা"},{"$i":"month-7-short","$v":"আগ"},{"$i":"month-8-short","$v":"সেপ্টে"},{"$i":"month-9-short","$v":"অক্টো"},{"$i":"month-10-short","$v":"নভে"},{"$i":"month-11-short","$v":"ডিসে"},{"$i":"days-ago-long","$v":{"few":[{"t":"idOrVar","v":"value"}," দিন আগে"],"many":[{"t":"idOrVar","v":"value"}," দিন আগে"],"one":"গতকাল","other":[{"t":"idOrVar","v":"value"}," দিন আগে"],"two":[{"t":"idOrVar","v":"value"}," দিন আগে"],"zero":"আজ"},"$x":[{"t":"idOrVar","v":"plural"},"value"]},{"$i":"weeks-ago-long","$v":{"few":[{"t":"idOrVar","v":"value"}," সপ্তাহ আগে"],"many":[{"t":"idOrVar","v":"value"}," সপ্তাহ আগে"],"one":"গত সপ্তাহ","other":[{"t":"idOrVar","v":"value"}," সপ্তাহ আগে"],"two":[{"t":"idOrVar","v":"value"}," সপ্তাহ আগে"],"zero":"এই সপ্তাহ"},"$x":[{"t":"idOrVar","v":"plural"},"value"]},{"$i":"months-ago-long","$v":{"few":[{"t":"idOrVar","v":"value"}," মাস আগে"],"many":[{"t":"idOrVar","v":"value"}," মাস আগে"],"one":"গত মাস","other":[{"t":"idOrVar","v":"value"}," মাস আগে"],"two":[{"t":"idOrVar","v":"value"}," মাস আগে"],"zero":"এই মাস"},"$x":[{"t":"idOrVar","v":"plural"},"value"]},{"$i":"years-ago-long","$v":{"few":[{"t":"idOrVar","v":"value"}," বছর আগে"],"many":[{"t":"idOrVar","v":"value"}," বছর আগে"],"one":"গত বছর","other":[{"t":"idOrVar","v":"value"}," বছর আগে"],"two":[{"t":"idOrVar","v":"value"}," বছর আগে"],"zero":"এই বছর"},"$x":[{"t":"idOrVar","v":"plural"},"value"]},{"$i":"minutes-until-long","$v":{"few":["মিনিটে ",{"t":"idOrVar","v":"value"}],"many":["মিনিটে ",{"t":"idOrVar","v":"value"}],"other":["মিনিটে ",{"t":"idOrVar","v":"value"}],"two":["মিনিটে ",{"t":"idOrVar","v":"value"}],"zero":"এখনই","one":"1 মিনিটে"},"$x":[{"t":"idOrVar","v":"plural"},"value"]},{"$i":"hours-until-long","$v":{"few":["ঘন্টায় ",{"t":"idOrVar","v":"value"}],"many":["ঘন্টায় ",{"t":"idOrVar","v":"value"}],"other":["ঘন্টায় ",{"t":"idOrVar","v":"value"}],"two":["ঘন্টায় ",{"t":"idOrVar","v":"value"}],"zero":"এখনই","one":"1 ঘন্টা"},"$x":[{"t":"idOrVar","v":"plural"},"value"]},{"$i":"days-until-long","$v":{"few":["দিনে ",{"t":"idOrVar","v":"value"}],"many":["দিনে ",{"t":"idOrVar","v":"value"}],"one":"আগামীকাল","other":["দিনে ",{"t":"idOrVar","v":"value"}],"two":["দিনে ",{"t":"idOrVar","v":"value"}],"zero":"আজ"},"$x":[{"t":"idOrVar","v":"plural"},"value"]},{"$i":"weeks-until-long","$v":{"few":["সপ্তাহে ",{"t":"idOrVar","v":"value"}],"many":["সপ্তাহে ",{"t":"idOrVar","v":"value"}],"one":"পরের সপ্তাহ","other":["সপ্তাহে ",{"t":"idOrVar","v":"value"}],"two":["সপ্তাহে ",{"t":"idOrVar","v":"value"}],"zero":"এই সপ্তাহ"},"$x":[{"t":"idOrVar","v":"plural"},"value"]},{"$i":"months-until-long","$v":{"few":["মাসে ",{"t":"idOrVar","v":"value"}],"many":["মাসে ",{"t":"idOrVar","v":"value"}],"one":"পরের মাস","other":["মাসে ",{"t":"idOrVar","v":"value"}],"two":["মাসে ",{"t":"idOrVar","v":"value"}],"zero":"এই মাস"},"$x":[{"t":"idOrVar","v":"plural"},"value"]},{"$i":"years-until-long","$v":{"few":["বছরে ",{"t":"idOrVar","v":"value"}],"many":["বছরে ",{"t":"idOrVar","v":"value"}],"one":"পরের বছর","other":["বছরে ",{"t":"idOrVar","v":"value"}],"two":["বছরে ",{"t":"idOrVar","v":"value"}],"zero":"এই বছর"},"$x":[{"t":"idOrVar","v":"plural"},"value"]},{"$i":"minutes-ago-short","$v":{"other":[{"t":"idOrVar","v":"value"},"মিঃ আগে"],"zero":"এখনই"},"$x":[{"t":"idOrVar","v":"plural"},"value"]},{"$i":"hours-ago-short","$v":{"other":[{"t":"idOrVar","v":"value"},"ঘঃ আগে"],"zero":"এখনই"},"$x":[{"t":"idOrVar","v":"plural"},"value"]},{"$i":"days-ago-short","$v":{"other":[{"t":"idOrVar","v":"value"},"দিন আগে"],"zero":"আজ"},"$x":[{"t":"idOrVar","v":"plural"},"value"]},{"$i":"minutes-until-short","$v":{"other":["m ",{"t":"idOrVar","v":"value"}],"zero":"এখনই"},"$x":[{"t":"idOrVar","v":"plural"},"value"]},{"$i":"hours-until-short","$v":{"other":["h ",{"t":"idOrVar","v":"value"}],"zero":"এখনই"},"$x":[{"t":"idOrVar","v":"plural"},"value"]},{"$i":"days-until-short","$v":{"other":["d ",{"t":"idOrVar","v":"value"}],"zero":"আজ"},"$x":[{"t":"idOrVar","v":"plural"},"value"]},{"$i":"incorrectDate","$v":"(ভুল তারিখ)"},{"$i":"dateTimeFormat_%c","$v":"%a %b %e %Y %I:%M:%S %p"},{"$i":"dateTimeFormat_%x","$v":"%m/%d/%Y"},{"$i":"dateTimeFormat_%X","$v":"%I:%M:%S %p"},{"$i":"shortTimeFormat","$v":"%I:%M %p"},{"$i":"shortTimeFormat12","$v":"%I:%M %p"},{"$i":"shortTimeFormat24","$v":"%H:%M"},{"$i":"shortDateTimeFormat","$v":"%x %I:%M %p"},{"$i":"weekStartsOnMonday","$v":"0.0"},{"$i":"firstDayOfTheWeek","$v":"0.0"},{"$i":"time_am","$v":"AM"},{"$i":"time_pm","$v":"PM"},{"$i":"softkey-options","$v":"বিকল্প"}]