[{"$i":"back","$v":"Nazad"},{"$i":"save","$v":"Sačuvaj"},{"$i":"cancel","$v":"Otkaži"},{"$i":"next","$v":"Sljedeće"},{"$i":"hide","$v":"Sakrij"},{"$i":"confirm","$v":"Potvrdi"},{"$i":"done","$v":"Završeno"},{"$i":"events","$v":"Podsjetnik na događaje"},{"$i":"edit","$v":"Uredi"},{"$i":"allday-events","$v":"Podsjetnik na cjelodnevne događaje"},{"$i":"no-events","$v":"Nema događaja"},{"$i":"default","$v":"Zadano"},{"$i":"sync","$v":"Sinhronizuj"},{"$i":"repeat","$v":"Ponavljanje"},{"$i":"never","$v":"Nikada"},{"$i":"every-day","$v":"Svaki dan"},{"$i":"every-week","$v":"Svake sedmice"},{"$i":"every-2-weeks","$v":"Svake 2 nedelje"},{"$i":"every-month","$v":"Svaki mjesec"},{"$i":"view-never","$v":"Ponovite: Nikada"},{"$i":"view-every-day","$v":"Ponavljanje: Dnevno"},{"$i":"view-every-week","$v":"Ponavljanje: Nedeljno"},{"$i":"view-every-2-weeks","$v":"Ponavljaj: svake dvije sedmice"},{"$i":"view-every-month","$v":"Ponavljanje: Mjesečno"},{"$i":"repeat-event-header","$v":"Ovo je ponavljajući događaj."},{"$i":"delete-this-only","$v":"Izbrišite samo ovo"},{"$i":"delete-all","$v":"Izbriši sve"},{"$i":"event-edit-all","$v":"Uredi sve događaje"},{"$i":"event-edit-all-future","$v":"Uredi sve buduće događaje"},{"$i":"options","$v":"Opcije"},{"$i":"event-delete-all","$v":"Izbrišite sve događaje"},{"$i":"event-delete-all-future","$v":"Izbriši sve buduće događaje"},{"$i":"delete-account","$v":"Izbriši račun"},{"$i":"exchange-account","$v":"ActiveSync"},{"$i":"account-user-name","$v":"Korisničko ime"},{"$i":"incorrect-password-description","$v":"Prijava na server nije moguća. Ponovo unesite lozinku."},{"$i":"incorrect-password","$v":"Netačna lozinka"},{"$i":"account-duplicate","$v":"Račun već postoji. Sinhronizacija je uključena."},{"$i":"error-account","$v":"Server je nedostupan. Pokušajte ponovo kasnije."},{"$i":"error-access-denied","$v":"Došlo je do nepoznate greške, pokušajte ponovo kasnije."},{"$i":"error-time-out","$v":["Uspostavljanje veze sa serverom „",{"t":"idOrVar","v":"server"},"“ nije moguće. Moguć je problem s mrežom."]},{"$i":"caldav-account-exist","$v":"Ova adresa već postoji."},{"$i":"save-password","$v":"Lozinka je sačuvana."},{"$i":"account-login","$v":"Account Login"},{"$i":"setting-up-account","$v":"Postavljanje računa"},{"$i":"setup-account-usedInfo","$v":"Ovaj račun će koristiti aplikacije navedene u nastavku. To možete promijeniti u meniju Podešavanja>Račun."},{"$i":"app-calendar","$v":"Kalendar"},{"$i":"show-today","$v":"Danas"},{"$i":"show-month-view","$v":"Mjesec"},{"$i":"show-week-view","$v":"Sedmica"},{"$i":"show-day-view","$v":"Dan"},{"$i":"settings-show","$v":"Postavke"},{"$i":"settings-hide","$v":"Sakrij podešavanja"},{"$i":"add-account","$v":"Dodaj račun"},{"$i":"new-event","$v":"Dodaj događaj"},{"$i":"view-event-header","$v":"Detalji događaja"},{"$i":"new-event-header","$v":"Dodaj događaj"},{"$i":"edit-event-header","$v":"Uredi događaj"},{"$i":"account-header","$v":"Račun"},{"$i":"account-list-header","$v":"Računi"},{"$i":"advanced-settings-short-icon-button","ariaLabel":"Postavke"},{"$i":"advanced-settings-header","$v":"Podešavanja kalendara"},{"$i":"advanced-settings-personalization","$v":"Ažuriraj frekvenciju"},{"$i":"advanced-settings-reminders","$v":"Podsjetnik"},{"$i":"advanced-settings-add-account","$v":"Dodaj račun"},{"$i":"field-user","$v":"Korisničko ime"},{"$i":"field-password","$v":"Lozinka"},{"$i":"show-password","$v":"Prikaži lozinku"},{"$i":"field-full-url","$v":"0.0"},{"$i":"modify-account-setting-up","$v":"Sačekaj dok se vaš nalog podesi"},{"$i":"modify-account-unable-to-sync","$v":"Sinhronizacija nije uspjela"},{"$i":"modify-account-sign-in","$v":"Prijava"},{"$i":"sync-account","$v":"Sinhronizujte nalog"},{"$i":"deselect","$v":"Poništi odabir"},{"$i":"kai-caldav","$v":"CalDav"},{"$i":"kai-yahoo","$v":"Yahoo!"},{"$i":"kai-google","$v":"Google"},{"$i":"preset-mozilla","$v":"Mozilla Zimbra"},{"$i":"calendar-local","$v":"Telefonski kalendar"},{"$i":"event-title","$v":"Zanimanje"},{"$i":"event-location","$v":"Lokacija"},{"$i":"event-description","$v":"Napomene"},{"$i":"event-is-allday","$v":"Cjelodnevni događaj"},{"$i":"event-start-date","$v":"Datum početka"},{"$i":"event-end-date","$v":"Datum završetka"},{"$i":"event-start-time","$v":"Vrijeme početka"},{"$i":"event-end-time","$v":"Vrijeme završetka"},{"$i":"event-delete","$v":"Izbriši događaj"},{"$i":"event-is-deleting","$v":"Brisanje..."},{"$i":"remove-account-data","$v":"Ukloni kalendar nalog"},{"$i":"remove-account-dialog","$v":"Ukloni račun"},{"$i":"remove-account-dialog-details","$v":"Ako obrišete ovaj račun, to će uticati i na aplikacije koje ga koriste."},{"$i":"remove","$v":"Ukloni"},{"$i":"drawer-sync-icon-button","ariaLabel":"Sinhronizuj"},{"$i":"sync-progress-syncing","ariaValueText":"Sinhronizovanje"},{"$i":"sync-progress-complete","ariaValueText":"Sinhronizovanje završeno"},{"$i":"sync-frequency","$v":"Sinhronizuj kalendar"},{"$i":"sync-frequency-15min","$v":"Svakih 15 minuta"},{"$i":"sync-frequency-30min","$v":"Svakih 30 minuta"},{"$i":"sync-frequency-manual","$v":"Ručno"},{"$i":"from","$v":"Od"},{"$i":"to","$v":"Do"},{"$i":"one-day-duration-title","$v":[{"t":"idOrVar","v":"startDate"}]},{"$i":"one-day-duration-content","$v":["od ",{"t":"idOrVar","v":"startTime"}," za ",{"t":"idOrVar","v":"endTime"}]},{"$i":"multiple-day-duration-title","$v":[{"t":"idOrVar","v":"startTime"}," ",{"t":"idOrVar","v":"startDate"}]},{"$i":"multiple-day-duration-content","$v":[{"t":"idOrVar","v":"endTime"}," ",{"t":"idOrVar","v":"endDate"}]},{"$i":"one-all-day-duration-title","$v":[{"t":"idOrVar","v":"startDate"}]},{"$i":"all-day-duration-content","$v":"Cjelodnevni događaj"},{"$i":"multiple-all-day-duration-title","$v":["Od ",{"t":"idOrVar","v":"startDate"}]},{"$i":"multiple-all-day-duration-content","$v":["Za ",{"t":"idOrVar","v":"endDate"}]},{"$i":"none","$v":"Nijedan"},{"$i":"reminder","$v":"Podsjetnik"},{"$i":"remind-me","$v":"Podsjeti me"},{"$i":"alarm-at-event-standard","$v":"U vrijeme događaja"},{"$i":"alarm-at-event-allday","$v":"Na dan događaja"},{"$i":"alarm-at-event-allday-hour12","$v":"Na dan događaja (9:00)"},{"$i":"alarm-at-event-allday-hour24","$v":"Na dan događaja (9:00)"},{"$i":"notice-now","$v":"Od sada"},{"$i":"notice-5-minutes-before","$v":"Počevši za 5 minuta"},{"$i":"notice-15-minutes-before","$v":"Počevši za 15 minuta"},{"$i":"notice-30-minutes-before","$v":"Početak za 30 minuta"},{"$i":"notice-1-hour-before","$v":"Počevši od 1 sata"},{"$i":"notice-2-hours-before","$v":"Počevši od 2 sata"},{"$i":"notice-1-day-before","$v":"Od sutra"},{"$i":"notice-on-day-event-all","$v":"Od danas"},{"$i":"notice-1-day-before-all","$v":"Od sutra"},{"$i":"notice-2-day-before-all","$v":"Počevši za 2 dana"},{"$i":"notice-weeks-before-all","$v":["Započinje ",{"t":"idOrVar","v":"startDate"}]},{"$i":"days-ago-yesterday","$v":["Jučer ",{"t":"idOrVar","v":"timeString"}]},{"$i":"days-ago-today","$v":["Danas ",{"t":"idOrVar","v":"timeString"}]},{"$i":"days-ago-yesterday-single","$v":"Jučer"},{"$i":"days-ago-today-single","$v":"Danas"},{"$i":"alarm-started-notices","$v":["Započeto ",{"t":"idOrVar","v":"distance"}]},{"$i":"alarm-starting-notices","$v":["Započinje ",{"t":"idOrVar","v":"distance"}]},{"$i":"minutes-ago-long","$v":{"few":["Prije ",{"t":"idOrVar","v":"value"}," minute/a"],"many":["Prije ",{"t":"idOrVar","v":"value"}," minute/a"],"other":["Prije ",{"t":"idOrVar","v":"value"}," minute/a"],"two":["Prije ",{"t":"idOrVar","v":"value"}," minute/a"],"one":"prije jedan minut","zero":"sada"},"$x":[{"t":"idOrVar","v":"plural"},"value"]},{"$i":"hours-ago-long","$v":{"few":["Prije ",{"t":"idOrVar","v":"value"}," sata/i"],"many":["Prije ",{"t":"idOrVar","v":"value"}," sata/i"],"other":["Prije ",{"t":"idOrVar","v":"value"}," sata/i"],"two":["Prije ",{"t":"idOrVar","v":"value"}," sata/i"],"one":"1 sat prije","zero":"sada"},"$x":[{"t":"idOrVar","v":"plural"},"value"]},{"$i":"alarm-start-notice","$v":[{"t":"idOrVar","v":"title"}," započinje ",{"t":"idOrVar","v":"distance"}]},{"$i":"alarm-started-notice","$v":[{"t":"idOrVar","v":"title"}," započeto ",{"t":"idOrVar","v":"distance"}]},{"$i":"alarm-start-notice-two-days","$v":[{"t":"idOrVar","v":"title"}," počinje za dva dana"]},{"$i":"alarm-start-notice-few-days","$v":[{"t":"idOrVar","v":"title"}," započinje ",{"t":"idOrVar","v":"distance"}]},{"$i":"days-before-hour12","$v":{"few":["Prije ",{"t":"idOrVar","v":"value"}," dana (9:00)"],"many":["Prije ",{"t":"idOrVar","v":"value"}," dana (9:00)"],"one":"Prije 1 dan (9:00)","other":["Prije ",{"t":"idOrVar","v":"value"}," dana (9:00)"],"two":["Prije ",{"t":"idOrVar","v":"value"}," dana (9:00)"],"zero":"Prije 0 dana (9:00)"},"$x":[{"t":"idOrVar","v":"plural"},"value"]},{"$i":"weeks-before-hour12","$v":{"few":["Prije ",{"t":"idOrVar","v":"value"}," sedmice/a (9:00)"],"many":["Prije ",{"t":"idOrVar","v":"value"}," sedmice/a (9:00)"],"one":"Prije 1 sedmice (9:00)","other":["Prije ",{"t":"idOrVar","v":"value"}," sedmice/a (9:00)"],"two":["Prije ",{"t":"idOrVar","v":"value"}," sedmice/a (9:00)"],"zero":"Prije 0 sedmica (9:00)"},"$x":[{"t":"idOrVar","v":"plural"},"value"]},{"$i":"days-before-hour24","$v":{"few":["Prije ",{"t":"idOrVar","v":"value"}," dana (9:00)"],"many":["Prije ",{"t":"idOrVar","v":"value"}," dana (9:00)"],"one":"Prije 1 dan (9:00)","other":["Prije ",{"t":"idOrVar","v":"value"}," dana (9:00)"],"two":["Prije ",{"t":"idOrVar","v":"value"}," dana (9:00)"],"zero":"Prije 0 dana (9:00)"},"$x":[{"t":"idOrVar","v":"plural"},"value"]},{"$i":"weeks-before-hour24","$v":{"few":["Prije ",{"t":"idOrVar","v":"value"}," sedmice/a (9:00)"],"many":["Prije ",{"t":"idOrVar","v":"value"}," sedmice/a (9:00)"],"one":"Prije 1 sedmice (9:00)","other":["Prije ",{"t":"idOrVar","v":"value"}," sedmice/a (9:00)"],"two":["Prije ",{"t":"idOrVar","v":"value"}," sedmice/a (9:00)"],"zero":"Prije 0 sedmica (9:00)"},"$x":[{"t":"idOrVar","v":"plural"},"value"]},{"$i":"minutes-before","$v":{"few":["Prije ",{"t":"idOrVar","v":"value"}," minute/a"],"many":["Prije ",{"t":"idOrVar","v":"value"}," minute/a"],"one":"Prije 1 minute","other":[{"t":"idOrVar","v":"value"}," minute/a ranije"],"two":["Prije ",{"t":"idOrVar","v":"value"}," minute/a"],"zero":"Prije 0 minuta"},"$x":[{"t":"idOrVar","v":"plural"},"value"]},{"$i":"hours-before","$v":{"few":["Prije ",{"t":"idOrVar","v":"value"}," sata/i"],"many":["Prije ",{"t":"idOrVar","v":"value"}," sata/i"],"one":"1 sat ranije","other":["Prije ",{"t":"idOrVar","v":"value"}," sata/i"],"two":[{"t":"idOrVar","v":"value"}," sata/i ranije"],"zero":"Prije 0 sati"},"$x":[{"t":"idOrVar","v":"plural"},"value"]},{"$i":"days-before","$v":{"few":["Prije ",{"t":"idOrVar","v":"value"}," dana"],"many":["Prije ",{"t":"idOrVar","v":"value"}," dana"],"one":"1 dan ranije","other":["Prije ",{"t":"idOrVar","v":"value"}," dana"],"two":[{"t":"idOrVar","v":"value"}," dana ranije"],"zero":"Prije 0 dana"},"$x":[{"t":"idOrVar","v":"plural"},"value"]},{"$i":"weeks-before","$v":{"few":["Prije ",{"t":"idOrVar","v":"value"}," sedmice/a"],"many":["Prije ",{"t":"idOrVar","v":"value"}," sedmice/a"],"one":"1 sedmica ranije","other":["Prije ",{"t":"idOrVar","v":"value"}," sedmice/a"],"two":[{"t":"idOrVar","v":"value"}," sedmice/a ranije"],"zero":"Prije 0 sedmica"},"$x":[{"t":"idOrVar","v":"plural"},"value"]},{"$i":"months-before","$v":{"few":["Prije ",{"t":"idOrVar","v":"value"}," mjeseca/i"],"many":["Prije ",{"t":"idOrVar","v":"value"}," mjeseca/i"],"one":"Prije 1 mjesec","other":["Prije ",{"t":"idOrVar","v":"value"}," mjeseca/i"],"two":["Prije ",{"t":"idOrVar","v":"value"}," mjeseca/i"],"zero":"Prije 0 mjeseci"},"$x":[{"t":"idOrVar","v":"plural"},"value"]},{"$i":"years-before","$v":{"few":["Prije ",{"t":"idOrVar","v":"value"}," godine/a"],"many":["Prije ",{"t":"idOrVar","v":"value"}," godine/a"],"one":"Prije 1 godine","other":["Prije ",{"t":"idOrVar","v":"value"}," godine/a"],"two":["Prije ",{"t":"idOrVar","v":"value"}," godine/a"],"zero":"Prije 0 godina"},"$x":[{"t":"idOrVar","v":"plural"},"value"]},{"$i":"minutes-after","$v":{"few":["Prije ",{"t":"idOrVar","v":"value"}," minute/a"],"many":["Prije ",{"t":"idOrVar","v":"value"}," minute/a"],"one":"Nakon 1 minute","other":["Prije ",{"t":"idOrVar","v":"value"}," minute/a"],"two":["Prije ",{"t":"idOrVar","v":"value"}," minute/a"],"zero":"Nakon 0 minuta"},"$x":[{"t":"idOrVar","v":"plural"},"value"]},{"$i":"hours-after","$v":{"few":["Nakon ",{"t":"idOrVar","v":"value"}," sata/i"],"many":["Nakon ",{"t":"idOrVar","v":"value"}," sata/i"],"one":"Nakon 1 sat","other":["Nakon ",{"t":"idOrVar","v":"value"}," sata/i"],"two":["Nakon ",{"t":"idOrVar","v":"value"}," sata/i"],"zero":"Nakon 0 sati"},"$x":[{"t":"idOrVar","v":"plural"},"value"]},{"$i":"days-after","$v":{"few":["Nakon ",{"t":"idOrVar","v":"value"}," dana"],"many":["Nakon ",{"t":"idOrVar","v":"value"}," dana"],"one":"Nakon 1 dan","other":["Nakon ",{"t":"idOrVar","v":"value"}," dana"],"two":["Nakon ",{"t":"idOrVar","v":"value"}," dana"],"zero":"Nakon 0 dana"},"$x":[{"t":"idOrVar","v":"plural"},"value"]},{"$i":"weeks-after","$v":{"few":["Nakon ",{"t":"idOrVar","v":"value"}," sedmice/a"],"many":["Nakon ",{"t":"idOrVar","v":"value"}," sedmice/a"],"one":"Nakon 1 sedmice","other":["Nakon ",{"t":"idOrVar","v":"value"}," sedmice/a"],"two":["Nakon ",{"t":"idOrVar","v":"value"}," sedmice/a"],"zero":"Nakon 0 sedmica"},"$x":[{"t":"idOrVar","v":"plural"},"value"]},{"$i":"months-after","$v":{"few":["Nakon ",{"t":"idOrVar","v":"value"}," mjeseca/i"],"many":["Nakon ",{"t":"idOrVar","v":"value"}," mjeseca/i"],"one":"Nakon 1 mjesec","other":["Nakon ",{"t":"idOrVar","v":"value"}," mjeseca/i"],"two":["Nakon ",{"t":"idOrVar","v":"value"}," mjeseca/i"],"zero":"Nakon 0 mjeseci"},"$x":[{"t":"idOrVar","v":"plural"},"value"]},{"$i":"years-after","$v":{"few":["Nakon ",{"t":"idOrVar","v":"value"}," godine/a"],"many":["Nakon ",{"t":"idOrVar","v":"value"}," godine/a"],"one":"Nakon 1 godine","other":["Nakon ",{"t":"idOrVar","v":"value"}," godine/a"],"two":["Nakon ",{"t":"idOrVar","v":"value"}," godine/a"],"zero":"Nakon 0 godina"},"$x":[{"t":"idOrVar","v":"plural"},"value"]},{"$i":"event-notice-timeformat","$v":[{"t":"idOrVar","v":"start"}," - ",{"t":"idOrVar","v":"end"}]},{"$i":"tomorrow-event-notice-timeformat","$v":["Sutra, ",{"t":"idOrVar","v":"start"}," - ",{"t":"idOrVar","v":"end"}]},{"$i":"today-all-day-event","$v":"Danas"},{"$i":"tomorrow-all-day-event","$v":"sutra"},{"$i":"hour-format12","$v":"%I"},{"$i":"hour-format24","$v":"%H"},{"$i":"week-hour-format12","$v":"%I"},{"$i":"week-hour-format24","$v":"%H"},{"$i":"hour-allday","$v":"Cijeli dan"},{"$i":"kai-week-day","$v":"%a\\n%e"},{"$i":"current-time12","$v":"%I:%M"},{"$i":"current-time24","$v":"%H:%M"},{"$i":"multi-month-view-header-format","$v":"%B %Y"},{"$i":"day-view-header-format","$v":"%A, %B %e"},{"$i":"months-day-view-header-format","$v":"%A, %B %e"},{"$i":"months-day-view-header-format-small","$v":{"$o":"%a <br/> %b, %e"}},{"$i":"week-view-header-format","$v":["Sedmica ",{"t":"idOrVar","v":"value"},", %B %Y"]},{"$i":"longDateFormat","$v":"%A, %B %e, %Y"},{"$i":"longTimeFormat","$v":"%A %B %d"},{"$i":"longTimeFormat12","$v":"%A %B %d %I %p"},{"$i":"longTimeFormat24","$v":"%A %B %d %H sati"},{"$i":"weekTimeFormat12","$v":"%I %p"},{"$i":"weekTimeFormat24","$v":"%H sati"},{"$i":"weekDayFormat","$v":"%A %d"},{"$i":"alldayLongTimeFormat","$v":"%A %B %d cijeli dan"},{"$i":"dayHour12","$v":"%I %p"},{"$i":"dayHour24","$v":"%H sati"},{"$i":"longDateTime12","$v":"%I %p, %a, %d %b, %Y"},{"$i":"longDateTime24","$v":"%H, %a, %d %b, %Y"},{"$i":"upcoming-events","$v":"Predstojeći događaji"},{"$i":"search-results","$v":"Rezultati pretrage"},{"$i":"no-event-found","$v":"Nema pronađenih događaja"},{"$i":"longDateTimeNew12","$v":"%a, %B %e, %Y, %I:%M %p"},{"$i":"longDateTimeNew24","$v":"%a, %B %e, %Y, %H:%M"},{"$i":"longDateTimeNewNoHour12","$v":"%a, %B %e, %Y"},{"$i":"longDateTimeNewNoHour24","$v":"%a, %B %e, %Y"},{"$i":"error-start-date-after-end-date","$v":"Događaj se ne može završiti prije datuma početka."},{"$i":"error-start-time-after-end-time","$v":"Događaj se ne može završiti prije datuma početka."},{"$i":"error-unauthenticated","$v":"Netačno korisn. ime ili lozinka, pokušajte ponovo."},{"$i":"error-internal-server-error","$v":"Greška servera, pokušajte ponovo."},{"$i":"error-unkown","$v":"Server je nedostupan. Pokušajte ponovo kasnije."},{"$i":"error-default","$v":"Došlo je do greške. Pokušaj ponovno kasnije."},{"$i":"error-offline","$v":"Nema internet veze."},{"$i":"error-account-exist","$v":"Ova adresa već postoji."},{"$i":"error-confirmation-title","$v":"Greška"},{"$i":"error-edit-online-event","$v":"Nije moguće urediti događaj na mreži jer nema internetske veze."},{"$i":"error-delete-online-event","$v":"Brisanje mrežnog događaja nije uspjelo zbog nedostatka internetske veze."},{"$i":"error-add-online-event","$v":"Nije moguće dodati događaj na mreži jer nema internetske veze."},{"$i":"error-start-date-before-seleced-day","$v":"Događaj ne može započeti prije trenutnog datuma."},{"$i":"notification-error-sync-title","$v":"Greška u sinhron. kalendara"},{"$i":"notification-error-sync-description","$v":"Dodirni za više info."},{"$i":"notification-error-caldav-sync-title","$v":"Greška računa"},{"$i":"notification-error-caldav-sync-description","$v":"Prijavite se ponovo"},{"$i":"weekday-0-single-char","$v":"N","ariaLabel":"Nedjelja"},{"$i":"weekday-1-single-char","$v":"P","ariaLabel":"Ponedjeljak"},{"$i":"weekday-2-single-char","$v":"U","ariaLabel":"Utorak"},{"$i":"weekday-3-single-char","$v":"S","ariaLabel":"Srijeda"},{"$i":"weekday-4-single-char","$v":"Č","ariaLabel":"Četvrtak"},{"$i":"weekday-5-single-char","$v":"P","ariaLabel":"Petak"},{"$i":"weekday-6-single-char","$v":"S","ariaLabel":"Subota"},{"$i":"busy","$v":{"few":[{"t":"idOrVar","v":"n"}," događaja"],"many":[{"t":"idOrVar","v":"n"}," događaja"],"one":[{"t":"idOrVar","v":"n"}," događaj"],"other":[{"t":"idOrVar","v":"n"}," događaja"],"two":[{"t":"idOrVar","v":"n"}," događaja"],"zero":"Nema događaja"},"$x":[{"t":"idOrVar","v":"plural"},"n"]},{"$i":"present","ariaLabel":"Danas"},{"$i":"past-other-month-description","ariaLabel":"Drugi mjesec"},{"$i":"future-other-month-description","ariaLabel":"Drugi mjesec"},{"$i":"icon-calendar-alarm","ariaLabel":"Ima alarm"},{"$i":"calendars","ariaLabel":"Kalendari"},{"$i":"multi-day-new-event-link","ariaLabel":"Dodaj događaj"},{"$i":"title","ariaLabel":"Zanimanje"},{"$i":"location","ariaLabel":"Lokacija"},{"$i":"duration","ariaLabel":"Trajanje"},{"$i":"calendar","ariaLabel":"Kalendar"},{"$i":"alarms","ariaLabel":"Alarmi"},{"$i":"description","ariaLabel":"Opis"},{"$i":"start-date","ariaLabel":"Datum početka"},{"$i":"start-time","ariaLabel":"Vrijeme početka"},{"$i":"end-date","ariaLabel":"Datum završetka"},{"$i":"end-time","ariaLabel":"Vrijeme završetka"},{"$i":"during-progress-loading","ariaValueText":"Učitavanje"},{"$i":"all-day","ariaLabel":"Cijeli dan"},{"$i":"create-event","ariaLabel":"Kreiraj događaj"},{"$i":"create-all-day-event","ariaLabel":"Kreiraj cijelodn. događaj"},{"$i":"event-one-day-duration","ariaLabel":["od ",{"t":"idOrVar","v":"startTime"}," za ",{"t":"idOrVar","v":"endTime"}]},{"$i":"week-event-one-day-duration","ariaLabel":[{"t":"idOrVar","v":"startDate"}," od ",{"t":"idOrVar","v":"startTime"}," do ",{"t":"idOrVar","v":"endTime"}]},{"$i":"event-multiple-day-duration","ariaLabel":["Od ",{"t":"idOrVar","v":"startTime"}," ",{"t":"idOrVar","v":"startDate"}," za ",{"t":"idOrVar","v":"endTime"}," ",{"t":"idOrVar","v":"endDate"}]},{"$i":"kai-event-added","$v":"Događaj je dodan."},{"$i":"kai-event-updated","$v":"Događaj je ažuriran."},{"$i":"kai-event-deleted","$v":"Događaj je izbrisan"},{"$i":"kai-change-save","$v":"Promjene su sačuvane"},{"$i":"event-sync-failure","$v":"Nije moguće sinkronizirati s mrežnim kalendarom."},{"$i":"kai-event-calendar","$v":"Kalendar"},{"$i":"kai-single-event","$v":"događaj"},{"$i":"kai-event-count","$v":"događaji"},{"$i":"kai-sync-progress-syncing","$v":"Sinhronizovanje"},{"$i":"kai-sync-progress-complete","$v":"Ažuriran kalendar"},{"$i":"kai-sync-sync-switch-close","$v":"Nije moguće sinkronizirati račun jer je sinkronizacija isključena."},{"$i":"kai-settings-sounds","$v":"Zvukovi"},{"$i":"kai-tones","$v":"Tonovi"},{"$i":"kai-multi-events","$v":"Događaji"},{"$i":"kai-confirmation-title","$v":"Potvrda"},{"$i":"kai-delete-selectedEvent-confirmation","$v":"Izbrisati odabrani događaj?"},{"$i":"kai-deleteEvent-confirmation","$v":"Izbrisati događaj?"},{"$i":"kai-event-search-header","$v":"Traži","placeholder":"Traži"},{"$i":"kai-event-search-upcoming-events","$v":"Predstojeći događaji"},{"$i":"kai-delete","$v":"Izbriši"},{"$i":"kai-cancel","$v":"Otkaži"},{"$i":"kai-dialog-delete-sel","$v":"Jeste li sigurni da želite izbrisati odabrani događaj?"},{"$i":"kai-delete-title","$v":"Izbriši događaj"},{"$i":"kai-save-changes","$v":"Sačuvaj promjene?"},{"$i":"kai-save-message-back","$v":"Svi uneseni podaci će biti izgubljeni. Želite li spremiti promjene?"},{"$i":"kai-save-message-close","$v":"Aplikacija će biti zatvorena gubitkom podataka. Želite li spremiti promjene?"},{"$i":"yes","$v":"Da"},{"$i":"no","$v":"Ne"},{"$i":"confirmation","$v":"Potvrda"},{"$i":"ok","$v":"U redu"},{"$i":"delete-event","$v":"Izbrisati događaj?"},{"$i":"edit-event-no-net","$v":"Nije moguće urediti događaj na mreži jer nema internetske veze."},{"$i":"kai-settings-header","$v":"Kalen. za prikaz"},{"$i":"kai-syncing","$v":"Sinhronizuje se ..."},{"$i":"kai-syncing-header","$v":"Sinkronizacija računa"},{"$i":"select","$v":"Odaberi"},{"$i":"add-event","$v":"Dodaj događaj"},{"$i":"week-view","$v":"Sedmični pregled"},{"$i":"day-view","$v":"Dnevni pregled"},{"$i":"month-view","$v":"Mjesečni pregled"},{"$i":"today","$v":"Danas"},{"$i":"go","$v":"Idi na datum"},{"$i":"search","$v":"Traži"},{"$i":"calendar-to-display","$v":"Kalen. za prikaz"},{"$i":"settings","$v":"Postavke"},{"$i":"delete","$v":"Izbriši"},{"$i":"enter","$v":"Unesi"},{"$i":"sync-calendar","$v":"Sinhronizuj kalendar"},{"$i":"lunar-calendar","$v":"Lunarni dan"},{"$i":"present-description","$v":["Danas ",{"t":"idOrVar","v":"weekday"},"  ",{"t":"idOrVar","v":"date"}]},{"$i":"day-description","$v":[{"t":"idOrVar","v":"weekday"}," datum ",{"t":"idOrVar","v":"date"}]},{"$i":"weekday-5","$v":"Petak"},{"$i":"weekday-4","$v":"Četvrtak"},{"$i":"weekday-3","$v":"Srijeda"},{"$i":"weekday-2","$v":"Utorak"},{"$i":"weekday-1","$v":"Ponedjeljak"},{"$i":"weekday-0","$v":"Nedjelja"},{"$i":"weekday-6","$v":"Subota"},{"$i":"no-title","$v":"Bez naslova"},{"$i":"account-sync-off-tip","$v":"Uključite sinhronizaciju za ovaj račun da biste uredili ili izbrisali događaj."},{"$i":"weekday-0-long","$v":"Nedjelja"},{"$i":"weekday-1-long","$v":"Ponedjeljak"},{"$i":"weekday-2-long","$v":"Utorak"},{"$i":"weekday-3-long","$v":"Srijeda"},{"$i":"weekday-4-long","$v":"Četvrtak"},{"$i":"weekday-5-long","$v":"Petak"},{"$i":"weekday-6-long","$v":"Subota"},{"$i":"weekday-0-short","$v":"Ned."},{"$i":"weekday-1-short","$v":"Pon."},{"$i":"weekday-2-short","$v":"Uto."},{"$i":"weekday-3-short","$v":"Sri."},{"$i":"weekday-4-short","$v":"Čet."},{"$i":"weekday-5-short","$v":"Pet."},{"$i":"weekday-6-short","$v":"Sub."},{"$i":"month-0-long","$v":"Januar"},{"$i":"month-1-long","$v":"Februar"},{"$i":"month-2-long","$v":"Mart"},{"$i":"month-3-long","$v":"April"},{"$i":"month-4-long","$v":"Maj"},{"$i":"month-5-long","$v":"Juni"},{"$i":"month-6-long","$v":"Juli"},{"$i":"month-7-long","$v":"Avgust"},{"$i":"month-8-long","$v":"Septembar"},{"$i":"month-9-long","$v":"Oktobar"},{"$i":"month-10-long","$v":"Novembar"},{"$i":"month-11-long","$v":"Decembar"},{"$i":"month-0-genitive","$v":"Januar"},{"$i":"month-1-genitive","$v":"Februar"},{"$i":"month-2-genitive","$v":"Mart"},{"$i":"month-3-genitive","$v":"April"},{"$i":"month-4-genitive","$v":"Maj"},{"$i":"month-5-genitive","$v":"Juni"},{"$i":"month-6-genitive","$v":"Juli"},{"$i":"month-7-genitive","$v":"Avgust"},{"$i":"month-8-genitive","$v":"Septembar"},{"$i":"month-9-genitive","$v":"Oktobar"},{"$i":"month-10-genitive","$v":"Novembar"},{"$i":"month-11-genitive","$v":"Decembar"},{"$i":"month-0-short","$v":"Jan."},{"$i":"month-1-short","$v":"Feb."},{"$i":"month-2-short","$v":"Mart"},{"$i":"month-3-short","$v":"Apr."},{"$i":"month-4-short","$v":"Maj"},{"$i":"month-5-short","$v":"Juni"},{"$i":"month-6-short","$v":"Juli"},{"$i":"month-7-short","$v":"Avg."},{"$i":"month-8-short","$v":"Sep."},{"$i":"month-9-short","$v":"Okt."},{"$i":"month-10-short","$v":"Nov."},{"$i":"month-11-short","$v":"Dec."},{"$i":"days-ago-long","$v":{"few":["prije ",{"t":"idOrVar","v":"value"}," dana"],"many":["prije ",{"t":"idOrVar","v":"value"}," dana"],"one":"jučer","other":["prije ",{"t":"idOrVar","v":"value"}," dana"],"two":["prije ",{"t":"idOrVar","v":"value"}," dana"],"zero":"danas"},"$x":[{"t":"idOrVar","v":"plural"},"value"]},{"$i":"weeks-ago-long","$v":{"few":["Prije ",{"t":"idOrVar","v":"value"}," sedmice/a"],"many":["Prije ",{"t":"idOrVar","v":"value"}," sedmice/a"],"one":"prošle sedmice","other":["Prije ",{"t":"idOrVar","v":"value"}," sedmice/a"],"two":["Prije ",{"t":"idOrVar","v":"value"}," sedmice/a"],"zero":"ova sedmica"},"$x":[{"t":"idOrVar","v":"plural"},"value"]},{"$i":"months-ago-long","$v":{"few":["Prije ",{"t":"idOrVar","v":"value"}," mjeseca/i"],"many":["Prije ",{"t":"idOrVar","v":"value"}," mjeseca/i"],"one":"prošli mjesec","other":["Prije ",{"t":"idOrVar","v":"value"}," mjeseca/i"],"two":["Prije ",{"t":"idOrVar","v":"value"}," mjeseca/i"],"zero":"ovaj mjesec"},"$x":[{"t":"idOrVar","v":"plural"},"value"]},{"$i":"years-ago-long","$v":{"few":["Prije ",{"t":"idOrVar","v":"value"}," godine/a"],"many":["Prije ",{"t":"idOrVar","v":"value"}," godine/a"],"one":"prošle godine","other":["Prije ",{"t":"idOrVar","v":"value"}," godine/a"],"two":["Prije ",{"t":"idOrVar","v":"value"}," godine/a"],"zero":"ova godina"},"$x":[{"t":"idOrVar","v":"plural"},"value"]},{"$i":"minutes-until-long","$v":{"few":["za ",{"t":"idOrVar","v":"value"}," minuta"],"many":["za ",{"t":"idOrVar","v":"value"}," minuta"],"other":["za ",{"t":"idOrVar","v":"value"}," minuta"],"two":["za ",{"t":"idOrVar","v":"value"}," minuta"],"zero":"sada","one":"za 1 minutu"},"$x":[{"t":"idOrVar","v":"plural"},"value"]},{"$i":"hours-until-long","$v":{"few":["za ",{"t":"idOrVar","v":"value"}," sati"],"many":["za ",{"t":"idOrVar","v":"value"}," sati"],"other":["za ",{"t":"idOrVar","v":"value"}," sati"],"two":["za ",{"t":"idOrVar","v":"value"}," sati"],"zero":"sada","one":"za 1 sat"},"$x":[{"t":"idOrVar","v":"plural"},"value"]},{"$i":"days-until-long","$v":{"few":["za ",{"t":"idOrVar","v":"value"}," dana"],"many":["za ",{"t":"idOrVar","v":"value"}," dana"],"one":"sutra","other":["za ",{"t":"idOrVar","v":"value"}," dana"],"two":["za ",{"t":"idOrVar","v":"value"}," dana"],"zero":"danas"},"$x":[{"t":"idOrVar","v":"plural"},"value"]},{"$i":"weeks-until-long","$v":{"few":["za ",{"t":"idOrVar","v":"value"}," sedmica"],"many":["za ",{"t":"idOrVar","v":"value"}," sedmica"],"one":"sljedeća sedmica","other":["za ",{"t":"idOrVar","v":"value"}," sedmica"],"two":["za ",{"t":"idOrVar","v":"value"}," sedmica"],"zero":"ova sedmica"},"$x":[{"t":"idOrVar","v":"plural"},"value"]},{"$i":"months-until-long","$v":{"few":["za ",{"t":"idOrVar","v":"value"}," mjeseci"],"many":["za ",{"t":"idOrVar","v":"value"}," mjeseci"],"one":"sljedeći mjesec","other":["za ",{"t":"idOrVar","v":"value"}," mjeseci"],"two":["za ",{"t":"idOrVar","v":"value"}," mjeseci"],"zero":"ovaj mjesec"},"$x":[{"t":"idOrVar","v":"plural"},"value"]},{"$i":"years-until-long","$v":{"few":["za ",{"t":"idOrVar","v":"value"}," godina"],"many":["za ",{"t":"idOrVar","v":"value"}," godina"],"one":"sljedeća godina","other":["za ",{"t":"idOrVar","v":"value"}," godina"],"two":["za ",{"t":"idOrVar","v":"value"}," godina"],"zero":"ova godina"},"$x":[{"t":"idOrVar","v":"plural"},"value"]},{"$i":"minutes-ago-short","$v":{"other":["Prije ",{"t":"idOrVar","v":"value"},"m"],"zero":"sada"},"$x":[{"t":"idOrVar","v":"plural"},"value"]},{"$i":"hours-ago-short","$v":{"other":["Prije ",{"t":"idOrVar","v":"value"},"h"],"zero":"sada"},"$x":[{"t":"idOrVar","v":"plural"},"value"]},{"$i":"days-ago-short","$v":{"other":["Prije ",{"t":"idOrVar","v":"value"},"d"],"zero":"danas"},"$x":[{"t":"idOrVar","v":"plural"},"value"]},{"$i":"minutes-until-short","$v":{"other":["za ",{"t":"idOrVar","v":"value"},"m"],"zero":"sada"},"$x":[{"t":"idOrVar","v":"plural"},"value"]},{"$i":"hours-until-short","$v":{"other":["za ",{"t":"idOrVar","v":"value"},"s"],"zero":"sada"},"$x":[{"t":"idOrVar","v":"plural"},"value"]},{"$i":"days-until-short","$v":{"other":["za ",{"t":"idOrVar","v":"value"},"d"],"zero":"danas"},"$x":[{"t":"idOrVar","v":"plural"},"value"]},{"$i":"incorrectDate","$v":"(netačan datum)"},{"$i":"dateTimeFormat_%c","$v":"%a %b %e %Y %I:%M:%S %p"},{"$i":"dateTimeFormat_%x","$v":"%m/%d/%Y"},{"$i":"dateTimeFormat_%X","$v":"%I:%M:%S %p"},{"$i":"shortTimeFormat","$v":"%I:%M %p"},{"$i":"shortTimeFormat12","$v":"%I:%M %p"},{"$i":"shortTimeFormat24","$v":"%H:%M"},{"$i":"shortDateTimeFormat","$v":"%x %I:%M %p"},{"$i":"weekStartsOnMonday","$v":"0.0"},{"$i":"firstDayOfTheWeek","$v":"1.0"},{"$i":"time_am","$v":"AM"},{"$i":"time_pm","$v":"PM"},{"$i":"softkey-options","$v":"Opcije"}]