[{"$i":"back","$v":"Tilbage"},{"$i":"save","$v":"Gem"},{"$i":"cancel","$v":"Annuller"},{"$i":"next","$v":"Næste"},{"$i":"hide","$v":"Skjul"},{"$i":"confirm","$v":"Bekræft"},{"$i":"done","$v":"Udført"},{"$i":"events","$v":"Påmindelse om aktiviteter"},{"$i":"edit","$v":"Rediger"},{"$i":"allday-events","$v":"Påmindelse om heldagsaktiviteter"},{"$i":"no-events","$v":"Ingen aktiviteter"},{"$i":"default","$v":"Standard"},{"$i":"sync","$v":"Synkroniser"},{"$i":"repeat","$v":"Gentag"},{"$i":"never","$v":"Aldrig"},{"$i":"every-day","$v":"Hver dag"},{"$i":"every-week","$v":"Hver uge"},{"$i":"every-2-weeks","$v":"Hver 2. uge"},{"$i":"every-month","$v":"Hver måned"},{"$i":"view-never","$v":"Gentag: Aldrig"},{"$i":"view-every-day","$v":"Gentag: Dagligt"},{"$i":"view-every-week","$v":"Gentag: Ugentlig"},{"$i":"view-every-2-weeks","$v":"Gentag: Hver anden uge"},{"$i":"view-every-month","$v":"Gentag: Månedlig"},{"$i":"repeat-event-header","$v":"Dette er en tilbagevendende aktivitet."},{"$i":"delete-this-only","$v":"Slet kun dette"},{"$i":"delete-all","$v":"Slet alle"},{"$i":"event-edit-all","$v":"Rediger alle aktiviteter"},{"$i":"event-edit-all-future","$v":"Rediger alle fremtidige aktiviteter"},{"$i":"options","$v":"Valg"},{"$i":"event-delete-all","$v":"Slet alle begivenheder"},{"$i":"event-delete-all-future","$v":"Slet alle fremtidige aktiviteter"},{"$i":"delete-account","$v":"Slet konto"},{"$i":"exchange-account","$v":"ActiveSync"},{"$i":"account-user-name","$v":"Brugernavn"},{"$i":"incorrect-password-description","$v":"Kunne ikke logge på serveren. Prøv adgangskoden igen."},{"$i":"incorrect-password","$v":"Forkert adgangskode"},{"$i":"account-duplicate","$v":"Kontoen findes allerede. Synkronisering er slået til."},{"$i":"error-account","$v":"Serveren er ikke tilgængelig. Prøv igen senere."},{"$i":"error-access-denied","$v":"Der opstod en ukendt fejl, prøv igen senere."},{"$i":"error-time-out","$v":["Der kunne ikke oprettes forbindelse til \"",{"t":"idOrVar","v":"server"},"\". Der er muligvis et problem med dit netværk."]},{"$i":"caldav-account-exist","$v":"Denne konto findes allerede."},{"$i":"save-password","$v":"Adgangskode gemt."},{"$i":"account-login","$v":"Konto login"},{"$i":"setting-up-account","$v":"Opsætning af konto"},{"$i":"setup-account-usedInfo","$v":"Denne konto bruges af appsene nedenfor. Du kan ændre dette i Indstillinger>Konto."},{"$i":"app-calendar","$v":"Kalender"},{"$i":"show-today","$v":"I dag"},{"$i":"show-month-view","$v":"Måned"},{"$i":"show-week-view","$v":"Uge"},{"$i":"show-day-view","$v":"Dag"},{"$i":"settings-show","$v":"Indstillinger"},{"$i":"settings-hide","$v":"Skjul indstillinger"},{"$i":"add-account","$v":"Add an account"},{"$i":"new-event","$v":"Tilføj aktivitet"},{"$i":"view-event-header","$v":"Aktivitetsdetaljer"},{"$i":"new-event-header","$v":"Tilføj aktivitet"},{"$i":"edit-event-header","$v":"Rediger aktivitet"},{"$i":"account-header","$v":"Konto"},{"$i":"account-list-header","$v":"Konti"},{"$i":"advanced-settings-short-icon-button","ariaLabel":"Indstillinger"},{"$i":"advanced-settings-header","$v":"Indstillinger for Kalender"},{"$i":"advanced-settings-personalization","$v":"Opdateringsfrekvens"},{"$i":"advanced-settings-reminders","$v":"Påmindelse"},{"$i":"advanced-settings-add-account","$v":"Tilføj konto"},{"$i":"field-user","$v":"Brugernavn"},{"$i":"field-password","$v":"Adgangskode"},{"$i":"show-password","$v":"Vis adgangskode"},{"$i":"field-full-url","$v":"URL"},{"$i":"modify-account-setting-up","$v":"Vent, mens din konto konfigureres"},{"$i":"modify-account-unable-to-sync","$v":"Kunne ikke synkronisere"},{"$i":"modify-account-sign-in","$v":"Log på"},{"$i":"sync-account","$v":"Synkroniser konto"},{"$i":"deselect","$v":"Fravælg"},{"$i":"kai-caldav","$v":"CalDav"},{"$i":"kai-yahoo","$v":"Yahoo!"},{"$i":"kai-google","$v":"Google"},{"$i":"preset-mozilla","$v":"Mozilla Zimbra"},{"$i":"calendar-local","$v":"Telefonkalender"},{"$i":"event-title","$v":"Titel"},{"$i":"event-location","$v":"Sted"},{"$i":"event-description","$v":"Noter"},{"$i":"event-is-allday","$v":"Heldagsaktivitet"},{"$i":"event-start-date","$v":"Startdato"},{"$i":"event-end-date","$v":"Slutdato"},{"$i":"event-start-time","$v":"Starttidspunkt"},{"$i":"event-end-time","$v":"Sluttidspunkt"},{"$i":"event-delete","$v":"Slet aktivitet"},{"$i":"event-is-deleting","$v":"Sletter…"},{"$i":"remove-account-data","$v":"Fjern kalenderkonto"},{"$i":"remove-account-dialog","$v":"Fjern konto"},{"$i":"remove-account-dialog-details","$v":"Hvis du sletter denne konto, påvirker det også apps, der bruger denne konto."},{"$i":"remove","$v":"Fjern"},{"$i":"drawer-sync-icon-button","ariaLabel":"Synkroniser"},{"$i":"sync-progress-syncing","ariaValueText":"Synkroniserer"},{"$i":"sync-progress-complete","ariaValueText":"Synkronisering fuldført"},{"$i":"sync-frequency","$v":"Synkroniser kalender"},{"$i":"sync-frequency-15min","$v":"Hvert 15. minut"},{"$i":"sync-frequency-30min","$v":"Hvert 30. minut"},{"$i":"sync-frequency-manual","$v":"Manuelt"},{"$i":"from","$v":"Fra"},{"$i":"to","$v":"Til"},{"$i":"one-day-duration-title","$v":[{"t":"idOrVar","v":"startDate"}]},{"$i":"one-day-duration-content","$v":["fra ",{"t":"idOrVar","v":"startTime"}," til ",{"t":"idOrVar","v":"endTime"}]},{"$i":"multiple-day-duration-title","$v":[{"t":"idOrVar","v":"startTime"}," ",{"t":"idOrVar","v":"startDate"}]},{"$i":"multiple-day-duration-content","$v":[{"t":"idOrVar","v":"endTime"}," ",{"t":"idOrVar","v":"endDate"}]},{"$i":"one-all-day-duration-title","$v":[{"t":"idOrVar","v":"startDate"}]},{"$i":"all-day-duration-content","$v":"Heldagsaktivitet"},{"$i":"multiple-all-day-duration-title","$v":["Fra ",{"t":"idOrVar","v":"startDate"}]},{"$i":"multiple-all-day-duration-content","$v":["Til ",{"t":"idOrVar","v":"endDate"}]},{"$i":"none","$v":"Intet"},{"$i":"reminder","$v":"Påmindelse"},{"$i":"remind-me","$v":"Påmind mig"},{"$i":"alarm-at-event-standard","$v":"På tidspunktet for aktiviteten"},{"$i":"alarm-at-event-allday","$v":"På dagen for aktiviteten"},{"$i":"alarm-at-event-allday-hour12","$v":"På dagen for aktiviteten (kl. 9:00)"},{"$i":"alarm-at-event-allday-hour24","$v":"På dagen for aktiviteten (kl. 9:00)"},{"$i":"notice-now","$v":"Begynder nu"},{"$i":"notice-5-minutes-before","$v":"Fra 5 minutter"},{"$i":"notice-15-minutes-before","$v":"Fra 15 minutter"},{"$i":"notice-30-minutes-before","$v":"Fra 30 minutter"},{"$i":"notice-1-hour-before","$v":"Fra 1 time"},{"$i":"notice-2-hours-before","$v":"Fra 2 timer"},{"$i":"notice-1-day-before","$v":"Fra i morgen"},{"$i":"notice-on-day-event-all","$v":"Fra i dag"},{"$i":"notice-1-day-before-all","$v":"Fra i morgen"},{"$i":"notice-2-day-before-all","$v":"Fra 2 dage"},{"$i":"notice-weeks-before-all","$v":["Starter den ",{"t":"idOrVar","v":"startDate"}]},{"$i":"days-ago-yesterday","$v":["I går ",{"t":"idOrVar","v":"timeString"}]},{"$i":"days-ago-today","$v":["I dag ",{"t":"idOrVar","v":"timeString"}]},{"$i":"days-ago-yesterday-single","$v":"I går"},{"$i":"days-ago-today-single","$v":"I dag"},{"$i":"alarm-started-notices","$v":["Startede ",{"t":"idOrVar","v":"distance"}]},{"$i":"alarm-starting-notices","$v":["Starter ",{"t":"idOrVar","v":"distance"}]},{"$i":"minutes-ago-long","$v":{"few":[{"t":"idOrVar","v":"value"}," minutter siden"],"many":[{"t":"idOrVar","v":"value"}," minutter siden"],"other":[{"t":"idOrVar","v":"value"}," minutter siden"],"two":[{"t":"idOrVar","v":"value"}," minutter siden"],"one":"et minut siden","zero":"lige nu"},"$x":[{"t":"idOrVar","v":"plural"},"value"]},{"$i":"hours-ago-long","$v":{"few":[{"t":"idOrVar","v":"value"}," timer siden"],"many":[{"t":"idOrVar","v":"value"}," timer siden"],"other":[{"t":"idOrVar","v":"value"}," timer siden"],"two":[{"t":"idOrVar","v":"value"}," timer siden"],"one":"1 time siden","zero":"lige nu"},"$x":[{"t":"idOrVar","v":"plural"},"value"]},{"$i":"alarm-start-notice","$v":[{"t":"idOrVar","v":"title"}," starter ",{"t":"idOrVar","v":"distance"}]},{"$i":"alarm-started-notice","$v":[{"t":"idOrVar","v":"title"}," startet ",{"t":"idOrVar","v":"distance"}]},{"$i":"alarm-start-notice-two-days","$v":[{"t":"idOrVar","v":"title"}," starter om to dage"]},{"$i":"alarm-start-notice-few-days","$v":[{"t":"idOrVar","v":"title"}," starter ",{"t":"idOrVar","v":"distance"}]},{"$i":"days-before-hour12","$v":{"few":[{"t":"idOrVar","v":"value"}," dage før (kl. 9:00)"],"many":[{"t":"idOrVar","v":"value"}," dage før (kl. 9:00)"],"one":"1 dag før (kl. 9:00)","other":[{"t":"idOrVar","v":"value"}," dage før (kl. 9:00)"],"two":[{"t":"idOrVar","v":"value"}," dage før (kl. 9:00)"],"zero":"0 dage før (kl. 9:00)"},"$x":[{"t":"idOrVar","v":"plural"},"value"]},{"$i":"weeks-before-hour12","$v":{"few":[{"t":"idOrVar","v":"value"}," uger før (kl. 9:00)"],"many":[{"t":"idOrVar","v":"value"}," uger før (kl. 9:00)"],"one":"1 uge før (kl. 9:00)","other":[{"t":"idOrVar","v":"value"}," uger før (kl. 9:00)"],"two":[{"t":"idOrVar","v":"value"}," uger før (kl. 9:00)"],"zero":"0 uger før (kl. 9:00)"},"$x":[{"t":"idOrVar","v":"plural"},"value"]},{"$i":"days-before-hour24","$v":{"few":[{"t":"idOrVar","v":"value"}," dage før (kl. 9:00)"],"many":[{"t":"idOrVar","v":"value"}," dage før (kl. 9:00)"],"one":"1 dag før (kl. 9:00)","other":[{"t":"idOrVar","v":"value"}," dage før (kl. 9:00)"],"two":[{"t":"idOrVar","v":"value"}," dage før (kl. 9:00)"],"zero":"0 dage før (kl. 9:00)"},"$x":[{"t":"idOrVar","v":"plural"},"value"]},{"$i":"weeks-before-hour24","$v":{"few":[{"t":"idOrVar","v":"value"}," uger før (kl. 9:00)"],"many":[{"t":"idOrVar","v":"value"}," uger før (kl. 9:00)"],"one":"1 uge før (kl. 9:00)","other":[{"t":"idOrVar","v":"value"}," uger før (kl. 9:00)"],"two":[{"t":"idOrVar","v":"value"}," uger før (kl. 9:00)"],"zero":"0 uger før (kl. 9:00)"},"$x":[{"t":"idOrVar","v":"plural"},"value"]},{"$i":"minutes-before","$v":{"few":[{"t":"idOrVar","v":"value"}," minutter før"],"many":[{"t":"idOrVar","v":"value"}," minutter før"],"one":"1 minut før","other":[{"t":"idOrVar","v":"value"}," minutter før"],"two":[{"t":"idOrVar","v":"value"}," minutter før"],"zero":"0 minutter før"},"$x":[{"t":"idOrVar","v":"plural"},"value"]},{"$i":"hours-before","$v":{"few":[{"t":"idOrVar","v":"value"}," timer før"],"many":[{"t":"idOrVar","v":"value"}," timer før"],"one":"1 time før","other":[{"t":"idOrVar","v":"value"}," timer før"],"two":[{"t":"idOrVar","v":"value"}," timer før"],"zero":"0 timer før"},"$x":[{"t":"idOrVar","v":"plural"},"value"]},{"$i":"days-before","$v":{"few":[{"t":"idOrVar","v":"value"}," dage før"],"many":[{"t":"idOrVar","v":"value"}," dage før"],"one":"1 dag før","other":[{"t":"idOrVar","v":"value"}," dage før"],"two":[{"t":"idOrVar","v":"value"}," dage før"],"zero":"0 dage før"},"$x":[{"t":"idOrVar","v":"plural"},"value"]},{"$i":"weeks-before","$v":{"few":[{"t":"idOrVar","v":"value"}," uger før"],"many":[{"t":"idOrVar","v":"value"}," uger før"],"one":"1 uge før","other":[{"t":"idOrVar","v":"value"}," uger før"],"two":[{"t":"idOrVar","v":"value"}," uger før"],"zero":"0 uger før"},"$x":[{"t":"idOrVar","v":"plural"},"value"]},{"$i":"months-before","$v":{"few":[{"t":"idOrVar","v":"value"}," måneder før"],"many":[{"t":"idOrVar","v":"value"}," måneder før"],"one":"1 måned før","other":[{"t":"idOrVar","v":"value"}," måneder før"],"two":[{"t":"idOrVar","v":"value"}," måneder før"],"zero":"0 måneder før"},"$x":[{"t":"idOrVar","v":"plural"},"value"]},{"$i":"years-before","$v":{"few":[{"t":"idOrVar","v":"value"}," år før"],"many":[{"t":"idOrVar","v":"value"}," år før"],"one":"1 år før","other":[{"t":"idOrVar","v":"value"}," år før"],"two":[{"t":"idOrVar","v":"value"}," år før"],"zero":"0 år før"},"$x":[{"t":"idOrVar","v":"plural"},"value"]},{"$i":"minutes-after","$v":{"few":[{"t":"idOrVar","v":"value"}," minutter efter"],"many":[{"t":"idOrVar","v":"value"}," minutter efter"],"one":"1 minut efter","other":[{"t":"idOrVar","v":"value"}," minutter efter"],"two":[{"t":"idOrVar","v":"value"}," minutter efter"],"zero":"0 minutter efter"},"$x":[{"t":"idOrVar","v":"plural"},"value"]},{"$i":"hours-after","$v":{"few":[{"t":"idOrVar","v":"value"}," timer efter"],"many":[{"t":"idOrVar","v":"value"}," timer efter"],"one":"1 time efter","other":[{"t":"idOrVar","v":"value"}," timer efter"],"two":[{"t":"idOrVar","v":"value"}," timer efter"],"zero":"0 timer efter"},"$x":[{"t":"idOrVar","v":"plural"},"value"]},{"$i":"days-after","$v":{"few":[{"t":"idOrVar","v":"value"}," dage efter"],"many":[{"t":"idOrVar","v":"value"}," dage efter"],"one":"1 dag efter","other":[{"t":"idOrVar","v":"value"}," dage efter"],"two":[{"t":"idOrVar","v":"value"}," dage efter"],"zero":"0 dage efter"},"$x":[{"t":"idOrVar","v":"plural"},"value"]},{"$i":"weeks-after","$v":{"few":[{"t":"idOrVar","v":"value"}," uger efter"],"many":[{"t":"idOrVar","v":"value"}," uger efter"],"one":"1 uge efter","other":[{"t":"idOrVar","v":"value"}," uger efter"],"two":[{"t":"idOrVar","v":"value"}," uger efter"],"zero":"0 uger efter"},"$x":[{"t":"idOrVar","v":"plural"},"value"]},{"$i":"months-after","$v":{"few":[{"t":"idOrVar","v":"value"}," måneder efter"],"many":[{"t":"idOrVar","v":"value"}," måneder efter"],"one":"1 måned efter","other":[{"t":"idOrVar","v":"value"}," måneder efter"],"two":[{"t":"idOrVar","v":"value"}," måneder efter"],"zero":"0 måneder efter"},"$x":[{"t":"idOrVar","v":"plural"},"value"]},{"$i":"years-after","$v":{"few":[{"t":"idOrVar","v":"value"}," år efter"],"many":[{"t":"idOrVar","v":"value"}," år efter"],"one":"1 år efter","other":[{"t":"idOrVar","v":"value"}," år efter"],"two":[{"t":"idOrVar","v":"value"}," år efter"],"zero":"0 år efter"},"$x":[{"t":"idOrVar","v":"plural"},"value"]},{"$i":"event-notice-timeformat","$v":[{"t":"idOrVar","v":"start"}," - ",{"t":"idOrVar","v":"end"}]},{"$i":"tomorrow-event-notice-timeformat","$v":["I morgen, ",{"t":"idOrVar","v":"start"}," - ",{"t":"idOrVar","v":"end"}]},{"$i":"today-all-day-event","$v":"I dag"},{"$i":"tomorrow-all-day-event","$v":"i morgen"},{"$i":"hour-format12","$v":"%I"},{"$i":"hour-format24","$v":"%H"},{"$i":"week-hour-format12","$v":"%I"},{"$i":"week-hour-format24","$v":"%H"},{"$i":"hour-allday","$v":"Hele dagen"},{"$i":"kai-week-day","$v":"%a\\n%e"},{"$i":"current-time12","$v":"%I:%M"},{"$i":"current-time24","$v":"%H:%M"},{"$i":"multi-month-view-header-format","$v":"%B %Y"},{"$i":"day-view-header-format","$v":"%A, %B %e"},{"$i":"months-day-view-header-format","$v":"%A, %B %e"},{"$i":"months-day-view-header-format-small","$v":{"$o":"%a <br/> %b, %e"}},{"$i":"week-view-header-format","$v":["Uge ",{"t":"idOrVar","v":"value"},", %B %Y"]},{"$i":"longDateFormat","$v":"%A, %e. %B %Y"},{"$i":"longTimeFormat","$v":"%A %B %d"},{"$i":"longTimeFormat12","$v":"%A %B %d %I %p"},{"$i":"longTimeFormat24","$v":"%A %B %d kl. %H"},{"$i":"weekTimeFormat12","$v":"%I %p"},{"$i":"weekTimeFormat24","$v":"kl. %H"},{"$i":"weekDayFormat","$v":"%A den %d"},{"$i":"alldayLongTimeFormat","$v":"%A %B %d hele dagen"},{"$i":"dayHour12","$v":"%I %p"},{"$i":"dayHour24","$v":"kl. %H"},{"$i":"longDateTime12","$v":"%I %p, %a, %d %b, %Y"},{"$i":"longDateTime24","$v":"%H, %a, %d %b, %Y"},{"$i":"upcoming-events","$v":"Kommende aktiviteter"},{"$i":"search-results","$v":"Søgeresultater"},{"$i":"no-event-found","$v":"Ingen begivenheder blev fundet"},{"$i":"longDateTimeNew12","$v":"%a, %e. %B %Y, %I:%M %p"},{"$i":"longDateTimeNew24","$v":"%a, %e. %B %Y, %H:%M"},{"$i":"longDateTimeNewNoHour12","$v":"%a, %e. %B %Y"},{"$i":"longDateTimeNewNoHour24","$v":"%a, %e. %B %Y"},{"$i":"error-start-date-after-end-date","$v":"Aktiviteten kan ikke slutte før startdatoen."},{"$i":"error-start-time-after-end-time","$v":"Aktiviteten kan ikke slutte før startdatoen."},{"$i":"error-unauthenticated","$v":"Forkert brugernavn eller adgangskode. Prøv igen."},{"$i":"error-internal-server-error","$v":"Serverfejl, prøv igen."},{"$i":"error-unkown","$v":"Serveren er ikke tilgængelig. Prøv igen senere."},{"$i":"error-default","$v":"Der er noget galt. Prøv igen senere."},{"$i":"error-offline","$v":"Ingen internetforbindelse."},{"$i":"error-account-exist","$v":"Denne konto findes allerede."},{"$i":"error-confirmation-title","$v":"Fejl"},{"$i":"error-edit-online-event","$v":"Onlineaktiviteten blev ikke redigeret, da der ikke er nogen internetforbindelse."},{"$i":"error-delete-online-event","$v":"Kunne ikke slette onlinehændelse på grund af ingen internetforbindelse."},{"$i":"error-add-online-event","$v":"Onlineaktiviteten blev ikke tilføjet, da der ikke er internetforbindelse."},{"$i":"error-start-date-before-seleced-day","$v":"Aktiviteten kan ikke starte før dags dato."},{"$i":"notification-error-sync-title","$v":"Synkroniseringsfejl for Kalender"},{"$i":"notification-error-sync-description","$v":"Tryk for flere oplysninger"},{"$i":"notification-error-caldav-sync-title","$v":"Kontofejl"},{"$i":"notification-error-caldav-sync-description","$v":"Log på igen"},{"$i":"weekday-0-single-char","$v":"S","ariaLabel":"Søndag"},{"$i":"weekday-1-single-char","$v":"M","ariaLabel":"Mandag"},{"$i":"weekday-2-single-char","$v":"T","ariaLabel":"Tirsdag"},{"$i":"weekday-3-single-char","$v":"O","ariaLabel":"Onsdag"},{"$i":"weekday-4-single-char","$v":"T","ariaLabel":"Torsdag"},{"$i":"weekday-5-single-char","$v":"F","ariaLabel":"Fredag"},{"$i":"weekday-6-single-char","$v":"L","ariaLabel":"Lørdag"},{"$i":"busy","$v":{"few":[{"t":"idOrVar","v":"n"}," aktiviteter"],"many":[{"t":"idOrVar","v":"n"}," aktiviteter"],"one":[{"t":"idOrVar","v":"n"}," aktivitet"],"other":[{"t":"idOrVar","v":"n"}," aktiviteter"],"two":[{"t":"idOrVar","v":"n"}," aktiviteter"],"zero":"Ingen begivenheder"},"$x":[{"t":"idOrVar","v":"plural"},"n"]},{"$i":"present","ariaLabel":"I dag"},{"$i":"past-other-month-description","ariaLabel":"Anden måned"},{"$i":"future-other-month-description","ariaLabel":"Anden måned"},{"$i":"icon-calendar-alarm","ariaLabel":"Har alarm"},{"$i":"calendars","ariaLabel":"Kalendere"},{"$i":"multi-day-new-event-link","ariaLabel":"Tilføj aktivitet"},{"$i":"title","ariaLabel":"Titel"},{"$i":"location","ariaLabel":"Sted"},{"$i":"duration","ariaLabel":"Varighed"},{"$i":"calendar","ariaLabel":"Kalender"},{"$i":"alarms","ariaLabel":"Alarmer"},{"$i":"description","ariaLabel":"Beskrivelse"},{"$i":"start-date","ariaLabel":"Startdato"},{"$i":"start-time","ariaLabel":"Starttidspunkt"},{"$i":"end-date","ariaLabel":"Slutdato"},{"$i":"end-time","ariaLabel":"Sluttidspunkt"},{"$i":"during-progress-loading","ariaValueText":"Indlæser"},{"$i":"all-day","ariaLabel":"Hele dagen"},{"$i":"create-event","ariaLabel":"Opret aktivitet"},{"$i":"create-all-day-event","ariaLabel":"Opret heldagsaktivitet"},{"$i":"event-one-day-duration","ariaLabel":["fra ",{"t":"idOrVar","v":"startTime"}," til ",{"t":"idOrVar","v":"endTime"}]},{"$i":"week-event-one-day-duration","ariaLabel":[{"t":"idOrVar","v":"startDate"}," fra ",{"t":"idOrVar","v":"startTime"}," til ",{"t":"idOrVar","v":"endTime"}]},{"$i":"event-multiple-day-duration","ariaLabel":["Fra ",{"t":"idOrVar","v":"startTime"}," ",{"t":"idOrVar","v":"startDate"}," til ",{"t":"idOrVar","v":"endTime"}," ",{"t":"idOrVar","v":"endDate"}]},{"$i":"kai-event-added","$v":"Begivenhed tilføjet."},{"$i":"kai-event-updated","$v":"Begivenhed opdateret."},{"$i":"kai-event-deleted","$v":"Begivenhed slettet."},{"$i":"kai-change-save","$v":"Ændringerne er gemt"},{"$i":"event-sync-failure","$v":"Kan ikke synkronisere med online-kalender."},{"$i":"kai-event-calendar","$v":"Kalender"},{"$i":"kai-single-event","$v":"begivenhed"},{"$i":"kai-event-count","$v":"begivenheder"},{"$i":"kai-sync-progress-syncing","$v":"Synkroniserer"},{"$i":"kai-sync-progress-complete","$v":"Kalender opdateret."},{"$i":"kai-sync-sync-switch-close","$v":"Kan ikke synkronisere konto, fordi synkronisering er slået fra."},{"$i":"kai-settings-sounds","$v":"Lyde"},{"$i":"kai-tones","$v":"Toner"},{"$i":"kai-multi-events","$v":"Begivenheder"},{"$i":"kai-confirmation-title","$v":"Bekræftelse"},{"$i":"kai-delete-selectedEvent-confirmation","$v":"Slet den valgte begivenhed?"},{"$i":"kai-deleteEvent-confirmation","$v":"Slet begivenhed?"},{"$i":"kai-event-search-header","$v":"Søg","placeholder":"Søg"},{"$i":"kai-event-search-upcoming-events","$v":"Kommende aktiviteter"},{"$i":"kai-delete","$v":"Slet"},{"$i":"kai-cancel","$v":"Annuller"},{"$i":"kai-dialog-delete-sel","$v":"Er du sikker på, at du vil slette den valgte begivenhed?"},{"$i":"kai-delete-title","$v":"Slet aktivitet"},{"$i":"kai-save-changes","$v":"Gem ændringer?"},{"$i":"kai-save-message-back","$v":"Alle indtastede data vil gå tabt. Vil du gemme ændringer?"},{"$i":"kai-save-message-close","$v":"Ansøgningen lukkes med datatab. Vil du gemme ændringer?"},{"$i":"yes","$v":"Ja"},{"$i":"no","$v":"Nej"},{"$i":"confirmation","$v":"Bekræftelse"},{"$i":"ok","$v":"OK"},{"$i":"delete-event","$v":"Slet begivenhed?"},{"$i":"edit-event-no-net","$v":"Onlineaktiviteten blev ikke redigeret, da der ikke er nogen internetforbindelse."},{"$i":"kai-settings-header","$v":"Kalender, der vises"},{"$i":"kai-syncing","$v":"Synkronisering ..."},{"$i":"kai-syncing-header","$v":"Kontosynkronisering"},{"$i":"select","$v":"Vælg"},{"$i":"add-event","$v":"Tilføj aktivitet"},{"$i":"week-view","$v":"Ugevisning"},{"$i":"day-view","$v":"Dagvisning"},{"$i":"month-view","$v":"Månedsvisning"},{"$i":"today","$v":"I dag"},{"$i":"go","$v":"Gå til dato"},{"$i":"search","$v":"Søg"},{"$i":"calendar-to-display","$v":"Kalender, der vises"},{"$i":"settings","$v":"Indstillinger"},{"$i":"delete","$v":"Slet"},{"$i":"enter","$v":"Indtast"},{"$i":"sync-calendar","$v":"Synkroniser kalender"},{"$i":"lunar-calendar","$v":"Månedag"},{"$i":"present-description","$v":["I dag ",{"t":"idOrVar","v":"weekday"}," den ",{"t":"idOrVar","v":"date"},"."]},{"$i":"day-description","$v":[{"t":"idOrVar","v":"weekday"}," den ",{"t":"idOrVar","v":"date"},"."]},{"$i":"weekday-5","$v":"Fredag"},{"$i":"weekday-4","$v":"Torsdag"},{"$i":"weekday-3","$v":"Onsdag"},{"$i":"weekday-2","$v":"Tirsdag"},{"$i":"weekday-1","$v":"Mandag"},{"$i":"weekday-0","$v":"Søndag"},{"$i":"weekday-6","$v":"Lørdag"},{"$i":"no-title","$v":"Ingen titel"},{"$i":"account-sync-off-tip","$v":"Tænd for synkronisering for denne konto for at redigere eller slette begivenheden."},{"$i":"weekday-0-long","$v":"Søndag"},{"$i":"weekday-1-long","$v":"Mandag"},{"$i":"weekday-2-long","$v":"Tirsdag"},{"$i":"weekday-3-long","$v":"Onsdag"},{"$i":"weekday-4-long","$v":"Torsdag"},{"$i":"weekday-5-long","$v":"Fredag"},{"$i":"weekday-6-long","$v":"Lørdag"},{"$i":"weekday-0-short","$v":"Søn"},{"$i":"weekday-1-short","$v":"Man"},{"$i":"weekday-2-short","$v":"Tir"},{"$i":"weekday-3-short","$v":"Ons"},{"$i":"weekday-4-short","$v":"Tor"},{"$i":"weekday-5-short","$v":"Fre"},{"$i":"weekday-6-short","$v":"Lør"},{"$i":"month-0-long","$v":"Januar"},{"$i":"month-1-long","$v":"Februar"},{"$i":"month-2-long","$v":"Marts"},{"$i":"month-3-long","$v":"April"},{"$i":"month-4-long","$v":"Maj"},{"$i":"month-5-long","$v":"Juni"},{"$i":"month-6-long","$v":"Juli"},{"$i":"month-7-long","$v":"August"},{"$i":"month-8-long","$v":"September"},{"$i":"month-9-long","$v":"Oktober"},{"$i":"month-10-long","$v":"November"},{"$i":"month-11-long","$v":"December"},{"$i":"month-0-genitive","$v":"Januar"},{"$i":"month-1-genitive","$v":"Februar"},{"$i":"month-2-genitive","$v":"Marts"},{"$i":"month-3-genitive","$v":"April"},{"$i":"month-4-genitive","$v":"Maj"},{"$i":"month-5-genitive","$v":"Juni"},{"$i":"month-6-genitive","$v":"Juli"},{"$i":"month-7-genitive","$v":"August"},{"$i":"month-8-genitive","$v":"September"},{"$i":"month-9-genitive","$v":"Oktober"},{"$i":"month-10-genitive","$v":"November"},{"$i":"month-11-genitive","$v":"December"},{"$i":"month-0-short","$v":"Jan"},{"$i":"month-1-short","$v":"Feb"},{"$i":"month-2-short","$v":"Mar"},{"$i":"month-3-short","$v":"Apr"},{"$i":"month-4-short","$v":"Maj"},{"$i":"month-5-short","$v":"Jun"},{"$i":"month-6-short","$v":"Jul"},{"$i":"month-7-short","$v":"Aug"},{"$i":"month-8-short","$v":"Sep"},{"$i":"month-9-short","$v":"Okt"},{"$i":"month-10-short","$v":"Nov"},{"$i":"month-11-short","$v":"Dec"},{"$i":"days-ago-long","$v":{"few":[{"t":"idOrVar","v":"value"}," dage siden"],"many":[{"t":"idOrVar","v":"value"}," dage siden"],"one":"i går","other":[{"t":"idOrVar","v":"value"}," dage siden"],"two":[{"t":"idOrVar","v":"value"}," dage siden"],"zero":"i dag"},"$x":[{"t":"idOrVar","v":"plural"},"value"]},{"$i":"weeks-ago-long","$v":{"few":[{"t":"idOrVar","v":"value"}," uger siden"],"many":[{"t":"idOrVar","v":"value"}," uger siden"],"one":"sidste uge","other":[{"t":"idOrVar","v":"value"}," uger siden"],"two":[{"t":"idOrVar","v":"value"}," uger siden"],"zero":"denne uge"},"$x":[{"t":"idOrVar","v":"plural"},"value"]},{"$i":"months-ago-long","$v":{"few":[{"t":"idOrVar","v":"value"}," måneder siden"],"many":[{"t":"idOrVar","v":"value"}," måneder siden"],"one":"sidste måned","other":[{"t":"idOrVar","v":"value"}," måneder siden"],"two":[{"t":"idOrVar","v":"value"}," måneder siden"],"zero":"denne måned"},"$x":[{"t":"idOrVar","v":"plural"},"value"]},{"$i":"years-ago-long","$v":{"few":[{"t":"idOrVar","v":"value"}," år siden"],"many":[{"t":"idOrVar","v":"value"}," år siden"],"one":"sidste år","other":[{"t":"idOrVar","v":"value"}," år siden"],"two":[{"t":"idOrVar","v":"value"}," år siden"],"zero":"i år"},"$x":[{"t":"idOrVar","v":"plural"},"value"]},{"$i":"minutes-until-long","$v":{"few":["om ",{"t":"idOrVar","v":"value"}," minutter"],"many":["om ",{"t":"idOrVar","v":"value"}," minutter"],"other":["om ",{"t":"idOrVar","v":"value"}," minutter"],"two":["om ",{"t":"idOrVar","v":"value"}," minutter"],"zero":"nu","one":"om 1 minut"},"$x":[{"t":"idOrVar","v":"plural"},"value"]},{"$i":"hours-until-long","$v":{"few":["om ",{"t":"idOrVar","v":"value"}," timer"],"many":["om ",{"t":"idOrVar","v":"value"}," timer"],"other":["om ",{"t":"idOrVar","v":"value"}," timer"],"two":["om ",{"t":"idOrVar","v":"value"}," timer"],"zero":"nu","one":"om 1 time"},"$x":[{"t":"idOrVar","v":"plural"},"value"]},{"$i":"days-until-long","$v":{"few":["om ",{"t":"idOrVar","v":"value"}," dage"],"many":["om ",{"t":"idOrVar","v":"value"}," dage"],"one":"i morgen","other":["om ",{"t":"idOrVar","v":"value"}," dage"],"two":["om ",{"t":"idOrVar","v":"value"}," dage"],"zero":"i dag"},"$x":[{"t":"idOrVar","v":"plural"},"value"]},{"$i":"weeks-until-long","$v":{"few":["om ",{"t":"idOrVar","v":"value"}," uger"],"many":["om ",{"t":"idOrVar","v":"value"}," uger"],"one":"næste uge","other":["om ",{"t":"idOrVar","v":"value"}," uger"],"two":["om ",{"t":"idOrVar","v":"value"}," uger"],"zero":"denne uge"},"$x":[{"t":"idOrVar","v":"plural"},"value"]},{"$i":"months-until-long","$v":{"few":["om ",{"t":"idOrVar","v":"value"}," måneder"],"many":["om ",{"t":"idOrVar","v":"value"}," måneder"],"one":"næste måned","other":["om ",{"t":"idOrVar","v":"value"}," måneder"],"two":["om ",{"t":"idOrVar","v":"value"}," måneder"],"zero":"denne måned"},"$x":[{"t":"idOrVar","v":"plural"},"value"]},{"$i":"years-until-long","$v":{"few":["om ",{"t":"idOrVar","v":"value"}," år"],"many":["om ",{"t":"idOrVar","v":"value"}," år"],"one":"næste år","other":["om ",{"t":"idOrVar","v":"value"}," år"],"two":["om ",{"t":"idOrVar","v":"value"}," år"],"zero":"i år"},"$x":[{"t":"idOrVar","v":"plural"},"value"]},{"$i":"minutes-ago-short","$v":{"other":[{"t":"idOrVar","v":"value"},"m siden"],"zero":"lige nu"},"$x":[{"t":"idOrVar","v":"plural"},"value"]},{"$i":"hours-ago-short","$v":{"other":[{"t":"idOrVar","v":"value"},"t siden"],"zero":"lige nu"},"$x":[{"t":"idOrVar","v":"plural"},"value"]},{"$i":"days-ago-short","$v":{"other":[{"t":"idOrVar","v":"value"},"d siden"],"zero":"i dag"},"$x":[{"t":"idOrVar","v":"plural"},"value"]},{"$i":"minutes-until-short","$v":{"other":["om ",{"t":"idOrVar","v":"value"},"m"],"zero":"nu"},"$x":[{"t":"idOrVar","v":"plural"},"value"]},{"$i":"hours-until-short","$v":{"other":["om ",{"t":"idOrVar","v":"value"},"t"],"zero":"nu"},"$x":[{"t":"idOrVar","v":"plural"},"value"]},{"$i":"days-until-short","$v":{"other":["om ",{"t":"idOrVar","v":"value"},"d"],"zero":"i dag"},"$x":[{"t":"idOrVar","v":"plural"},"value"]},{"$i":"incorrectDate","$v":"(forkert dato)"},{"$i":"dateTimeFormat_%c","$v":"%a %b %e %Y %I:%M:%S %p"},{"$i":"dateTimeFormat_%x","$v":"%m/%d/%Y"},{"$i":"dateTimeFormat_%X","$v":"%I:%M:%S %p"},{"$i":"shortTimeFormat","$v":"%I:%M %p"},{"$i":"shortTimeFormat12","$v":"%I:%M %p"},{"$i":"shortTimeFormat24","$v":"%H:%M"},{"$i":"shortDateTimeFormat","$v":"%x %I:%M %p"},{"$i":"weekStartsOnMonday","$v":"0.0"},{"$i":"firstDayOfTheWeek","$v":"1.0"},{"$i":"time_am","$v":"AM"},{"$i":"time_pm","$v":"PM"},{"$i":"softkey-options","$v":"Valg"}]