[{"$i":"back","$v":"Atrás"},{"$i":"save","$v":"Guardar"},{"$i":"cancel","$v":"Cancelar"},{"$i":"next","$v":"Siguiente"},{"$i":"hide","$v":"Ocultar"},{"$i":"confirm","$v":"Confirmar"},{"$i":"done","$v":"Hecho"},{"$i":"events","$v":"Recordatorio de eventos"},{"$i":"edit","$v":"Editar"},{"$i":"allday-events","$v":"Recordatorio de eventos de todo el día"},{"$i":"no-events","$v":"Sin eventos"},{"$i":"default","$v":"Predeterminado"},{"$i":"sync","$v":"Sincronizar"},{"$i":"repeat","$v":"Repetir"},{"$i":"never","$v":"Nunca"},{"$i":"every-day","$v":"Todos los días"},{"$i":"every-week","$v":"Cada semana"},{"$i":"every-2-weeks","$v":"Cada 2 semanas"},{"$i":"every-month","$v":"Cada mes"},{"$i":"view-never","$v":"Repetir: Nunca"},{"$i":"view-every-day","$v":"Repetir: Diariamente"},{"$i":"view-every-week","$v":"Repetir: Semanalmente"},{"$i":"view-every-2-weeks","$v":"Repetir: Cada dos semanas"},{"$i":"view-every-month","$v":"Repetir: Mensualmente"},{"$i":"repeat-event-header","$v":"Se trata de un evento recurrente."},{"$i":"delete-this-only","$v":"Borrar solo esta"},{"$i":"delete-all","$v":"Eliminar todo"},{"$i":"event-edit-all","$v":"Editar todos los eventos"},{"$i":"event-edit-all-future","$v":"Editar todos los eventos futuros"},{"$i":"options","$v":"Opciones"},{"$i":"event-delete-all","$v":"Borrar todos los eventos"},{"$i":"event-delete-all-future","$v":"Borrar todos los eventos futuros"},{"$i":"delete-account","$v":"Eliminar cuenta"},{"$i":"exchange-account","$v":"ActiveSync"},{"$i":"account-user-name","$v":"Nombre de usuario"},{"$i":"incorrect-password-description","$v":"No se puede iniciar sesión en el servidor. Asegúrese de que la contraseña sea correcta."},{"$i":"incorrect-password","$v":"Contraseña incorrecta"},{"$i":"account-duplicate","$v":"La cuenta ya existe. Se ha activado la sincronización."},{"$i":"error-account","$v":"Servidor no disponible. Vuelva a intentarlo más tarde."},{"$i":"error-access-denied","$v":"Se ha producido un error desconocido; inténtelo de nuevo más tarde."},{"$i":"error-time-out","$v":["No se ha podido establecer la conexión con el servidor \"",{"t":"idOrVar","v":"server"},"\". Es posible que haya un problema con la red."]},{"$i":"caldav-account-exist","$v":"Esa cuenta ya existe."},{"$i":"save-password","$v":"Se ha guardado la contraseña."},{"$i":"account-login","$v":"Inicio de sesión en la cuenta"},{"$i":"setting-up-account","$v":"Configurando cuenta"},{"$i":"setup-account-usedInfo","$v":"Esta cuenta se usará con las aplicaciones siguientes. Puede modificarlo en Ajustes > Cuenta."},{"$i":"app-calendar","$v":"Calendario"},{"$i":"show-today","$v":"Hoy"},{"$i":"show-month-view","$v":"Mes"},{"$i":"show-week-view","$v":"Semana"},{"$i":"show-day-view","$v":"Día"},{"$i":"settings-show","$v":"Ajustes"},{"$i":"settings-hide","$v":"Ocultar ajustes"},{"$i":"add-account","$v":"Añadir una cuenta"},{"$i":"new-event","$v":"Añadir evento"},{"$i":"view-event-header","$v":"Detalles de evento"},{"$i":"new-event-header","$v":"Añadir evento"},{"$i":"edit-event-header","$v":"Editar evento"},{"$i":"account-header","$v":"Cuenta"},{"$i":"account-list-header","$v":"Cuentas"},{"$i":"advanced-settings-short-icon-button","ariaLabel":"Ajustes"},{"$i":"advanced-settings-header","$v":"Ajustes del calendario"},{"$i":"advanced-settings-personalization","$v":"Frecuencia de actualización"},{"$i":"advanced-settings-reminders","$v":"Recordatorio"},{"$i":"advanced-settings-add-account","$v":"Añadir cuenta"},{"$i":"field-user","$v":"Nombre de usuario"},{"$i":"field-password","$v":"Contraseña"},{"$i":"show-password","$v":"Mostrar contraseña"},{"$i":"field-full-url","$v":"URL"},{"$i":"modify-account-setting-up","$v":"Espere mientras se configura la cuenta."},{"$i":"modify-account-unable-to-sync","$v":"No se puede sincronizar"},{"$i":"modify-account-sign-in","$v":"Iniciar sesión"},{"$i":"sync-account","$v":"Sincronizar cuenta"},{"$i":"deselect","$v":"Deseleccionar"},{"$i":"kai-caldav","$v":"CalDav"},{"$i":"kai-yahoo","$v":"Yahoo!"},{"$i":"kai-google","$v":"Google"},{"$i":"preset-mozilla","$v":"Mozilla Zimbra"},{"$i":"calendar-local","$v":"Calendario del teléfono"},{"$i":"event-title","$v":"Título"},{"$i":"event-location","$v":"Ubicación"},{"$i":"event-description","$v":"Notas"},{"$i":"event-is-allday","$v":"Evento de todo el día"},{"$i":"event-start-date","$v":"Fecha de inicio"},{"$i":"event-end-date","$v":"Fecha de finalización"},{"$i":"event-start-time","$v":"Hora de inicio"},{"$i":"event-end-time","$v":"Hora de finalización"},{"$i":"event-delete","$v":"Suprimir evento"},{"$i":"event-is-deleting","$v":"Borrando…"},{"$i":"remove-account-data","$v":"Borrar cuenta"},{"$i":"remove-account-dialog","$v":"Eliminar cuenta"},{"$i":"remove-account-dialog-details","$v":"Si borra esta cuenta, también se verán afectadas las aplicaciones que la utilizan."},{"$i":"remove","$v":"Eliminar"},{"$i":"drawer-sync-icon-button","ariaLabel":"Sincronizar"},{"$i":"sync-progress-syncing","ariaValueText":"Sincronizando"},{"$i":"sync-progress-complete","ariaValueText":"Sincronización finalizada"},{"$i":"sync-frequency","$v":"Sincronizar calendario"},{"$i":"sync-frequency-15min","$v":"Cada 15 minutos"},{"$i":"sync-frequency-30min","$v":"Cada 30 minutos"},{"$i":"sync-frequency-manual","$v":"Manualmente"},{"$i":"from","$v":"De"},{"$i":"to","$v":"Para"},{"$i":"one-day-duration-title","$v":[{"t":"idOrVar","v":"startDate"}]},{"$i":"one-day-duration-content","$v":["De las ",{"t":"idOrVar","v":"startTime"}," a las ",{"t":"idOrVar","v":"endTime"}]},{"$i":"multiple-day-duration-title","$v":[{"t":"idOrVar","v":"startTime"}," ",{"t":"idOrVar","v":"startDate"}]},{"$i":"multiple-day-duration-content","$v":[{"t":"idOrVar","v":"endTime"}," ",{"t":"idOrVar","v":"endDate"}]},{"$i":"one-all-day-duration-title","$v":[{"t":"idOrVar","v":"startDate"}]},{"$i":"all-day-duration-content","$v":"Todo el día"},{"$i":"multiple-all-day-duration-title","$v":["Desde ",{"t":"idOrVar","v":"startDate"}]},{"$i":"multiple-all-day-duration-content","$v":["A ",{"t":"idOrVar","v":"endDate"}]},{"$i":"none","$v":"Ninguno"},{"$i":"reminder","$v":"Recordatorio"},{"$i":"remind-me","$v":"Recordar"},{"$i":"alarm-at-event-standard","$v":"A la hora del evento"},{"$i":"alarm-at-event-allday","$v":"Un día de evento"},{"$i":"alarm-at-event-allday-hour12","$v":"El día del evento (9:00 AM)"},{"$i":"alarm-at-event-allday-hour24","$v":"El día del evento (09:00)"},{"$i":"notice-now","$v":"Empieza ahora"},{"$i":"notice-5-minutes-before","$v":"Empieza en 5 minutos"},{"$i":"notice-15-minutes-before","$v":"Empieza dentro de 15 minutos"},{"$i":"notice-30-minutes-before","$v":"Empieza en 30 minutos"},{"$i":"notice-1-hour-before","$v":"Empieza dentro de 1 hora"},{"$i":"notice-2-hours-before","$v":"Empieza dentro de 2 horas"},{"$i":"notice-1-day-before","$v":"Empieza mañana"},{"$i":"notice-on-day-event-all","$v":"Empieza hoy"},{"$i":"notice-1-day-before-all","$v":"Empieza mañana"},{"$i":"notice-2-day-before-all","$v":"Empieza dentro de 2 días"},{"$i":"notice-weeks-before-all","$v":["Empieza el ",{"t":"idOrVar","v":"startDate"}]},{"$i":"days-ago-yesterday","$v":["Ayer a las ",{"t":"idOrVar","v":"timeString"}]},{"$i":"days-ago-today","$v":["Hoy a las ",{"t":"idOrVar","v":"timeString"}]},{"$i":"days-ago-yesterday-single","$v":"Ayer"},{"$i":"days-ago-today-single","$v":"Hoy"},{"$i":"alarm-started-notices","$v":["Empezó en ",{"t":"idOrVar","v":"distance"}]},{"$i":"alarm-starting-notices","$v":["Empezando ",{"t":"idOrVar","v":"distance"}]},{"$i":"minutes-ago-long","$v":{"few":["Hace ",{"t":"idOrVar","v":"value"}," minutos"],"many":["Hace ",{"t":"idOrVar","v":"value"}," minutos"],"other":["Hace ",{"t":"idOrVar","v":"value"}," minutos"],"two":["Hace ",{"t":"idOrVar","v":"value"}," minutos"],"one":"Hace un minuto","zero":"Justo ahora"},"$x":[{"t":"idOrVar","v":"plural"},"value"]},{"$i":"hours-ago-long","$v":{"few":["Hace ",{"t":"idOrVar","v":"value"}," horas"],"many":["Hace ",{"t":"idOrVar","v":"value"}," horas"],"other":["Hace ",{"t":"idOrVar","v":"value"}," horas"],"two":["Hace ",{"t":"idOrVar","v":"value"}," horas"],"one":"Hace una hora","zero":"Justo ahora"},"$x":[{"t":"idOrVar","v":"plural"},"value"]},{"$i":"alarm-start-notice","$v":[{"t":"idOrVar","v":"title"}," empezando a ",{"t":"idOrVar","v":"distance"}]},{"$i":"alarm-started-notice","$v":[{"t":"idOrVar","v":"title"}," empezado a ",{"t":"idOrVar","v":"distance"}]},{"$i":"alarm-start-notice-two-days","$v":["Inicio de ",{"t":"idOrVar","v":"title"}," en dos días"]},{"$i":"alarm-start-notice-few-days","$v":["Inicio de ",{"t":"idOrVar","v":"title"}," en ",{"t":"idOrVar","v":"distance"}]},{"$i":"days-before-hour12","$v":{"few":[{"t":"idOrVar","v":"value"}," días antes (9:00 AM)"],"many":[{"t":"idOrVar","v":"value"}," días antes (9:00 AM)"],"one":"1 día antes (9:00 AM)","other":[{"t":"idOrVar","v":"value"}," días antes (9:00 AM)"],"two":[{"t":"idOrVar","v":"value"}," días antes (9:00 AM)"],"zero":"0 días antes (9:00 AM)"},"$x":[{"t":"idOrVar","v":"plural"},"value"]},{"$i":"weeks-before-hour12","$v":{"few":[{"t":"idOrVar","v":"value"}," semanas antes (9:00 AM)"],"many":[{"t":"idOrVar","v":"value"}," semanas antes (9:00 AM)"],"one":"1 semana antes (9:00 AM)","other":[{"t":"idOrVar","v":"value"}," semanas antes (9:00 AM)"],"two":[{"t":"idOrVar","v":"value"}," semanas antes (9:00 AM)"],"zero":"0 semanas antes (9:00 AM)"},"$x":[{"t":"idOrVar","v":"plural"},"value"]},{"$i":"days-before-hour24","$v":{"few":[{"t":"idOrVar","v":"value"}," días antes (09:00)"],"many":[{"t":"idOrVar","v":"value"}," días antes (09:00)"],"one":"1 día antes (09:00)","other":[{"t":"idOrVar","v":"value"}," días antes (09:00)"],"two":[{"t":"idOrVar","v":"value"}," días antes (09:00)"],"zero":"0 días antes (09:00)"},"$x":[{"t":"idOrVar","v":"plural"},"value"]},{"$i":"weeks-before-hour24","$v":{"few":[{"t":"idOrVar","v":"value"}," semanas antes (09:00)"],"many":[{"t":"idOrVar","v":"value"}," semanas antes (09:00)"],"one":"1 semana antes (09:00)","other":[{"t":"idOrVar","v":"value"}," semanas antes (09:00)"],"two":[{"t":"idOrVar","v":"value"}," semanas antes (09:00)"],"zero":"0 semanas antes (09:00)"},"$x":[{"t":"idOrVar","v":"plural"},"value"]},{"$i":"minutes-before","$v":{"few":[{"t":"idOrVar","v":"value"}," minutos antes"],"many":[{"t":"idOrVar","v":"value"}," minutos antes"],"one":"1 minuto antes","other":[{"t":"idOrVar","v":"value"}," minutos antes"],"two":[{"t":"idOrVar","v":"value"}," minutos antes"],"zero":"0 minutos antes"},"$x":[{"t":"idOrVar","v":"plural"},"value"]},{"$i":"hours-before","$v":{"few":[{"t":"idOrVar","v":"value"}," horas antes"],"many":[{"t":"idOrVar","v":"value"}," horas antes"],"one":"1 hora antes","other":[{"t":"idOrVar","v":"value"}," horas antes"],"two":[{"t":"idOrVar","v":"value"}," horas antes"],"zero":"0 horas antes"},"$x":[{"t":"idOrVar","v":"plural"},"value"]},{"$i":"days-before","$v":{"few":[{"t":"idOrVar","v":"value"}," días antes"],"many":[{"t":"idOrVar","v":"value"}," días antes"],"one":"1 día antes","other":[{"t":"idOrVar","v":"value"}," días antes"],"two":[{"t":"idOrVar","v":"value"}," días antes"],"zero":"0 días antes"},"$x":[{"t":"idOrVar","v":"plural"},"value"]},{"$i":"weeks-before","$v":{"few":[{"t":"idOrVar","v":"value"}," semanas antes"],"many":[{"t":"idOrVar","v":"value"}," semanas antes"],"one":"1 semana antes","other":[{"t":"idOrVar","v":"value"}," semanas antes"],"two":[{"t":"idOrVar","v":"value"}," semanas antes"],"zero":"0 semanas antes"},"$x":[{"t":"idOrVar","v":"plural"},"value"]},{"$i":"months-before","$v":{"few":[{"t":"idOrVar","v":"value"}," meses antes"],"many":[{"t":"idOrVar","v":"value"}," meses antes"],"one":"1 mes antes","other":[{"t":"idOrVar","v":"value"}," meses antes"],"two":[{"t":"idOrVar","v":"value"}," meses antes"],"zero":"0 meses antes"},"$x":[{"t":"idOrVar","v":"plural"},"value"]},{"$i":"years-before","$v":{"few":[{"t":"idOrVar","v":"value"}," años antes"],"many":[{"t":"idOrVar","v":"value"}," años antes"],"one":"1 año antes","other":[{"t":"idOrVar","v":"value"}," años antes"],"two":[{"t":"idOrVar","v":"value"}," años antes"],"zero":"0 años antes"},"$x":[{"t":"idOrVar","v":"plural"},"value"]},{"$i":"minutes-after","$v":{"few":[{"t":"idOrVar","v":"value"}," minutos después"],"many":[{"t":"idOrVar","v":"value"}," minutos después"],"one":"1 minuto después","other":[{"t":"idOrVar","v":"value"}," minutos después"],"two":[{"t":"idOrVar","v":"value"}," minutos después"],"zero":"0 minutos después"},"$x":[{"t":"idOrVar","v":"plural"},"value"]},{"$i":"hours-after","$v":{"few":[{"t":"idOrVar","v":"value"}," horas después"],"many":[{"t":"idOrVar","v":"value"}," horas después"],"one":"1 hora después","other":[{"t":"idOrVar","v":"value"}," horas después"],"two":[{"t":"idOrVar","v":"value"}," horas después"],"zero":"0 horas después"},"$x":[{"t":"idOrVar","v":"plural"},"value"]},{"$i":"days-after","$v":{"few":[{"t":"idOrVar","v":"value"}," días después"],"many":[{"t":"idOrVar","v":"value"}," días después"],"one":"1 día después","other":[{"t":"idOrVar","v":"value"}," días después"],"two":[{"t":"idOrVar","v":"value"}," días después"],"zero":"0 días después"},"$x":[{"t":"idOrVar","v":"plural"},"value"]},{"$i":"weeks-after","$v":{"few":[{"t":"idOrVar","v":"value"}," semanas después"],"many":[{"t":"idOrVar","v":"value"}," semanas después"],"one":"1 semana después","other":[{"t":"idOrVar","v":"value"}," semanas después"],"two":[{"t":"idOrVar","v":"value"}," semanas después"],"zero":"0 semanas después"},"$x":[{"t":"idOrVar","v":"plural"},"value"]},{"$i":"months-after","$v":{"few":[{"t":"idOrVar","v":"value"}," meses después"],"many":[{"t":"idOrVar","v":"value"}," meses después"],"one":"1 mes después","other":[{"t":"idOrVar","v":"value"}," meses después"],"two":[{"t":"idOrVar","v":"value"}," meses después"],"zero":"0 meses después"},"$x":[{"t":"idOrVar","v":"plural"},"value"]},{"$i":"years-after","$v":{"few":[{"t":"idOrVar","v":"value"}," años después"],"many":[{"t":"idOrVar","v":"value"}," años después"],"one":"1 año después","other":[{"t":"idOrVar","v":"value"}," años después"],"two":[{"t":"idOrVar","v":"value"}," años después"],"zero":"0 años después"},"$x":[{"t":"idOrVar","v":"plural"},"value"]},{"$i":"event-notice-timeformat","$v":[{"t":"idOrVar","v":"start"}," - ",{"t":"idOrVar","v":"end"}]},{"$i":"tomorrow-event-notice-timeformat","$v":["Mañana de ",{"t":"idOrVar","v":"start"}," a ",{"t":"idOrVar","v":"end"}]},{"$i":"today-all-day-event","$v":"Hoy"},{"$i":"tomorrow-all-day-event","$v":"Mañana"},{"$i":"hour-format12","$v":"%I"},{"$i":"hour-format24","$v":"%H"},{"$i":"week-hour-format12","$v":"%I"},{"$i":"week-hour-format24","$v":"%H"},{"$i":"hour-allday","$v":"Todo el día"},{"$i":"kai-week-day","$v":"%a\\n%e"},{"$i":"current-time12","$v":"%I:%M"},{"$i":"current-time24","$v":"%H:%M"},{"$i":"multi-month-view-header-format","$v":"%B %Y"},{"$i":"day-view-header-format","$v":"%a %e de %b"},{"$i":"months-day-view-header-format","$v":"%A, %B %e"},{"$i":"months-day-view-header-format-small","$v":{"$o":"%a <br/> %b, %e"}},{"$i":"week-view-header-format","$v":["Week ",{"t":"idOrVar","v":"value"},", %b de %Y"]},{"$i":"longDateFormat","$v":"%A, %B %e, %Y"},{"$i":"longTimeFormat","$v":"%A %B %d"},{"$i":"longTimeFormat12","$v":"%A %B %d %I %p"},{"$i":"longTimeFormat24","$v":"%A %B %d %H o reloj"},{"$i":"weekTimeFormat12","$v":"%I %p"},{"$i":"weekTimeFormat24","$v":"%H o reloj"},{"$i":"weekDayFormat","$v":"%A %d"},{"$i":"alldayLongTimeFormat","$v":"%A %B %d todo el día"},{"$i":"dayHour12","$v":"%I %p"},{"$i":"dayHour24","$v":"%H o reloj"},{"$i":"longDateTime12","$v":"%I %p, %a, %d %b, %Y"},{"$i":"longDateTime24","$v":"%H, %a, %d %b, %Y"},{"$i":"upcoming-events","$v":"Próximos eventos"},{"$i":"search-results","$v":"Resultados de búsqueda"},{"$i":"no-event-found","$v":"No se ha encontrado ningún evento"},{"$i":"longDateTimeNew12","$v":"%a, %B %e, %Y, %I:%M %p"},{"$i":"longDateTimeNew24","$v":"%a, %B %e, %Y, %H:%M"},{"$i":"longDateTimeNewNoHour12","$v":"%a, %B %e, %Y"},{"$i":"longDateTimeNewNoHour24","$v":"%a, %B %e, %Y"},{"$i":"error-start-date-after-end-date","$v":"El evento no puede finalizar antes de la fecha de inicio."},{"$i":"error-start-time-after-end-time","$v":"El evento no puede finalizar antes de la hora de inicio."},{"$i":"error-unauthenticated","$v":"El nombre de usuario o la contraseña no es correcto; introdúzcalos de nuevo."},{"$i":"error-internal-server-error","$v":"Error en el servidor, inténtelo de nuevo."},{"$i":"error-unkown","$v":"Servidor no disponible. Inténtelo de nuevo más tarde."},{"$i":"error-default","$v":"Se ha producido algún problema. Vuelva a intentarlo más tarde."},{"$i":"error-offline","$v":"No hay conexión a Internet."},{"$i":"error-account-exist","$v":"Esta cuenta ya existe."},{"$i":"error-confirmation-title","$v":"Error"},{"$i":"error-edit-online-event","$v":"No se ha podido editar el evento en línea porque no hay conexión a Internet."},{"$i":"error-delete-online-event","$v":"No se ha podido eliminar el evento en línea porque no hay conexión a Internet."},{"$i":"error-add-online-event","$v":"No se ha podido añadir un evento online debido a que no hay conexión a Internet."},{"$i":"error-start-date-before-seleced-day","$v":"El evento no puede comenzar antes de la fecha actual."},{"$i":"notification-error-sync-title","$v":"Error de sincronización de calendario"},{"$i":"notification-error-sync-description","$v":"Tocar para ver más información"},{"$i":"notification-error-caldav-sync-title","$v":"Error de cuenta"},{"$i":"notification-error-caldav-sync-description","$v":"Vuelva a iniciar sesión"},{"$i":"weekday-0-single-char","$v":"D","ariaLabel":"Domingo"},{"$i":"weekday-1-single-char","$v":"L","ariaLabel":"Lunes"},{"$i":"weekday-2-single-char","$v":"M","ariaLabel":"Martes"},{"$i":"weekday-3-single-char","$v":"X","ariaLabel":"Miércoles"},{"$i":"weekday-4-single-char","$v":"J","ariaLabel":"Jueves"},{"$i":"weekday-5-single-char","$v":"V","ariaLabel":"Viernes"},{"$i":"weekday-6-single-char","$v":"S","ariaLabel":"Sábado"},{"$i":"busy","$v":{"few":[{"t":"idOrVar","v":"n"}," eventos"],"many":[{"t":"idOrVar","v":"n"}," eventos"],"one":[{"t":"idOrVar","v":"n"}," evento"],"other":[{"t":"idOrVar","v":"n"}," eventos"],"two":[{"t":"idOrVar","v":"n"}," eventos"],"zero":"Sin eventos"},"$x":[{"t":"idOrVar","v":"plural"},"n"]},{"$i":"present","ariaLabel":"Hoy"},{"$i":"past-other-month-description","ariaLabel":"Otro mes"},{"$i":"future-other-month-description","ariaLabel":"Otro mes"},{"$i":"icon-calendar-alarm","ariaLabel":"Tiene alarma"},{"$i":"calendars","ariaLabel":"Calendarios"},{"$i":"multi-day-new-event-link","ariaLabel":"Añadir evento"},{"$i":"title","ariaLabel":"Título"},{"$i":"location","ariaLabel":"Ubicación"},{"$i":"duration","ariaLabel":"Duración"},{"$i":"calendar","ariaLabel":"Calendario"},{"$i":"alarms","ariaLabel":"Alarmas"},{"$i":"description","ariaLabel":"Descripción"},{"$i":"start-date","ariaLabel":"Fecha de inicio"},{"$i":"start-time","ariaLabel":"Hora de inicio"},{"$i":"end-date","ariaLabel":"Fecha de finalización"},{"$i":"end-time","ariaLabel":"Hora de finalización"},{"$i":"during-progress-loading","ariaValueText":"Cargando"},{"$i":"all-day","ariaLabel":"Todo el día"},{"$i":"create-event","ariaLabel":"Crear evento"},{"$i":"create-all-day-event","ariaLabel":"Crear evento de todo el día"},{"$i":"event-one-day-duration","ariaLabel":["de ",{"t":"idOrVar","v":"startTime"}," a ",{"t":"idOrVar","v":"endTime"}]},{"$i":"week-event-one-day-duration","ariaLabel":[{"t":"idOrVar","v":"startDate"}," de ",{"t":"idOrVar","v":"startTime"}," a ",{"t":"idOrVar","v":"endTime"}]},{"$i":"event-multiple-day-duration","ariaLabel":["De ",{"t":"idOrVar","v":"startTime"}," ",{"t":"idOrVar","v":"startDate"}," a ",{"t":"idOrVar","v":"endTime"}," ",{"t":"idOrVar","v":"endDate"}]},{"$i":"kai-event-added","$v":"Evento añadido."},{"$i":"kai-event-updated","$v":"Evento actualizado."},{"$i":"kai-event-deleted","$v":"Evento eliminado."},{"$i":"kai-change-save","$v":"Cambios guardados"},{"$i":"event-sync-failure","$v":"No se ha podido sincronizar el calendario online."},{"$i":"kai-event-calendar","$v":"Calendario"},{"$i":"kai-single-event","$v":"evento"},{"$i":"kai-event-count","$v":"eventos"},{"$i":"kai-sync-progress-syncing","$v":"Sincronizando"},{"$i":"kai-sync-progress-complete","$v":"El calendario está actualizado."},{"$i":"kai-sync-sync-switch-close","$v":"No se ha podido sincronizar la cuenta porque la sincronización se ha desactivado."},{"$i":"kai-settings-sounds","$v":"Sonidos"},{"$i":"kai-tones","$v":"Tonos"},{"$i":"kai-multi-events","$v":"Eventos"},{"$i":"kai-confirmation-title","$v":"Confirmación"},{"$i":"kai-delete-selectedEvent-confirmation","$v":"¿Desea eliminar el evento seleccionado?"},{"$i":"kai-deleteEvent-confirmation","$v":"¿Desea eliminar el evento?"},{"$i":"kai-event-search-header","$v":"Buscar","placeholder":"Buscar"},{"$i":"kai-event-search-upcoming-events","$v":"Próximos eventos"},{"$i":"kai-delete","$v":"Eliminar"},{"$i":"kai-cancel","$v":"Cancelar"},{"$i":"kai-dialog-delete-sel","$v":"¿Seguro que desea eliminar el evento seleccionado?"},{"$i":"kai-delete-title","$v":"Eliminar evento"},{"$i":"kai-save-changes","$v":"¿Desea guardar los cambios?"},{"$i":"kai-save-message-back","$v":"Los datos introducidos se perderán. ¿Desea guardar los cambios?"},{"$i":"kai-save-message-close","$v":"La aplicación se cerrará y se perderán los datos. ¿Desea guardar los cambios?"},{"$i":"yes","$v":"Sí"},{"$i":"no","$v":"No"},{"$i":"confirmation","$v":"Confirmación"},{"$i":"ok","$v":"Aceptar"},{"$i":"delete-event","$v":"¿Desea eliminar el evento?"},{"$i":"edit-event-no-net","$v":"No se ha podido editar el evento en línea porque no hay conexión a Internet."},{"$i":"kai-settings-header","$v":"Calendario a mostrar"},{"$i":"kai-syncing","$v":"Sincronizando..."},{"$i":"kai-syncing-header","$v":"Sincronización de cuentas"},{"$i":"select","$v":"Selec."},{"$i":"add-event","$v":"Añadir"},{"$i":"week-view","$v":"Vista semanal"},{"$i":"day-view","$v":"Vista por día"},{"$i":"month-view","$v":"Vista por mes"},{"$i":"today","$v":"Hoy"},{"$i":"go","$v":"Ir a fecha"},{"$i":"search","$v":"Buscar"},{"$i":"calendar-to-display","$v":"Calendario a mostrar"},{"$i":"settings","$v":"Ajustes"},{"$i":"delete","$v":"Eliminar"},{"$i":"enter","$v":"Introducir"},{"$i":"sync-calendar","$v":"Sincronizar calendario"},{"$i":"lunar-calendar","$v":"Día lunar"},{"$i":"present-description","$v":["Hoy ",{"t":"idOrVar","v":"weekday"}," día ",{"t":"idOrVar","v":"date"}]},{"$i":"day-description","$v":[{"t":"idOrVar","v":"weekday"}," día ",{"t":"idOrVar","v":"date"}]},{"$i":"weekday-5","$v":"Viernes"},{"$i":"weekday-4","$v":"Jueves"},{"$i":"weekday-3","$v":"Miércoles"},{"$i":"weekday-2","$v":"Martes"},{"$i":"weekday-1","$v":"Lunes"},{"$i":"weekday-0","$v":"Domingo"},{"$i":"weekday-6","$v":"Sábado"},{"$i":"no-title","$v":"Sin título"},{"$i":"account-sync-off-tip","$v":"Active la sincronización de esta cuenta para editar o eliminar el evento."},{"$i":"weekday-0-long","$v":"domingo"},{"$i":"weekday-1-long","$v":"lunes"},{"$i":"weekday-2-long","$v":"martes"},{"$i":"weekday-3-long","$v":"miércoles"},{"$i":"weekday-4-long","$v":"jueves"},{"$i":"weekday-5-long","$v":"viernes"},{"$i":"weekday-6-long","$v":"sábado"},{"$i":"weekday-0-short","$v":"dom."},{"$i":"weekday-1-short","$v":"lun."},{"$i":"weekday-2-short","$v":"mar."},{"$i":"weekday-3-short","$v":"mié."},{"$i":"weekday-4-short","$v":"jue."},{"$i":"weekday-5-short","$v":"vie."},{"$i":"weekday-6-short","$v":"sáb."},{"$i":"month-0-long","$v":"enero"},{"$i":"month-1-long","$v":"febrero"},{"$i":"month-2-long","$v":"marzo"},{"$i":"month-3-long","$v":"abril"},{"$i":"month-4-long","$v":"mayo"},{"$i":"month-5-long","$v":"junio"},{"$i":"month-6-long","$v":"julio"},{"$i":"month-7-long","$v":"agosto"},{"$i":"month-8-long","$v":"septiembre"},{"$i":"month-9-long","$v":"octubre"},{"$i":"month-10-long","$v":"noviembre"},{"$i":"month-11-long","$v":"diciembre"},{"$i":"month-0-genitive","$v":"enero"},{"$i":"month-1-genitive","$v":"febrero"},{"$i":"month-2-genitive","$v":"marzo"},{"$i":"month-3-genitive","$v":"abril"},{"$i":"month-4-genitive","$v":"mayo"},{"$i":"month-5-genitive","$v":"junio"},{"$i":"month-6-genitive","$v":"julio"},{"$i":"month-7-genitive","$v":"agosto"},{"$i":"month-8-genitive","$v":"septiembre"},{"$i":"month-9-genitive","$v":"octubre"},{"$i":"month-10-genitive","$v":"noviembre"},{"$i":"month-11-genitive","$v":"diciembre"},{"$i":"month-0-short","$v":"ene"},{"$i":"month-1-short","$v":"feb"},{"$i":"month-2-short","$v":"mar"},{"$i":"month-3-short","$v":"abr"},{"$i":"month-4-short","$v":"mayo"},{"$i":"month-5-short","$v":"jun"},{"$i":"month-6-short","$v":"jul"},{"$i":"month-7-short","$v":"ago"},{"$i":"month-8-short","$v":"sep"},{"$i":"month-9-short","$v":"oct"},{"$i":"month-10-short","$v":"nov"},{"$i":"month-11-short","$v":"dic"},{"$i":"days-ago-long","$v":{"few":["Hace ",{"t":"idOrVar","v":"value"}," días"],"many":["Hace ",{"t":"idOrVar","v":"value"}," días"],"one":"Ayer","other":["Hace ",{"t":"idOrVar","v":"value"}," días"],"two":["Hace ",{"t":"idOrVar","v":"value"}," días"],"zero":"Hoy"},"$x":[{"t":"idOrVar","v":"plural"},"value"]},{"$i":"weeks-ago-long","$v":{"few":["Hace ",{"t":"idOrVar","v":"value"}," semanas"],"many":["Hace ",{"t":"idOrVar","v":"value"}," semanas"],"one":"La semana pasada","other":["Hace ",{"t":"idOrVar","v":"value"}," semanas"],"two":["Hace ",{"t":"idOrVar","v":"value"}," semanas"],"zero":"Esta semana"},"$x":[{"t":"idOrVar","v":"plural"},"value"]},{"$i":"months-ago-long","$v":{"few":["Hace ",{"t":"idOrVar","v":"value"}," meses"],"many":["Hace ",{"t":"idOrVar","v":"value"}," meses"],"one":"Último mes","other":["Hace ",{"t":"idOrVar","v":"value"}," meses"],"two":["Hace ",{"t":"idOrVar","v":"value"}," meses"],"zero":"Este mes"},"$x":[{"t":"idOrVar","v":"plural"},"value"]},{"$i":"years-ago-long","$v":{"few":["Hace ",{"t":"idOrVar","v":"value"}," años"],"many":["Hace ",{"t":"idOrVar","v":"value"}," años"],"one":"El año pasado","other":["Hace ",{"t":"idOrVar","v":"value"}," años"],"two":["Hace ",{"t":"idOrVar","v":"value"}," años"],"zero":"Este año"},"$x":[{"t":"idOrVar","v":"plural"},"value"]},{"$i":"minutes-until-long","$v":{"few":["Dentro de ",{"t":"idOrVar","v":"value"}," minutos"],"many":["Dentro de ",{"t":"idOrVar","v":"value"}," minutos"],"other":["Dentro de ",{"t":"idOrVar","v":"value"}," minutos"],"two":["Dentro de ",{"t":"idOrVar","v":"value"}," minutos"],"zero":"ahora","one":"Dentro de un minuto"},"$x":[{"t":"idOrVar","v":"plural"},"value"]},{"$i":"hours-until-long","$v":{"few":["Dentro de ",{"t":"idOrVar","v":"value"}," horas"],"many":["Dentro de ",{"t":"idOrVar","v":"value"}," horas"],"other":["Dentro de ",{"t":"idOrVar","v":"value"}," horas"],"two":["Dentro de ",{"t":"idOrVar","v":"value"}," horas"],"zero":"ahora","one":"Dentro de una hora"},"$x":[{"t":"idOrVar","v":"plural"},"value"]},{"$i":"days-until-long","$v":{"few":["Dentro de ",{"t":"idOrVar","v":"value"}," días"],"many":["Dentro de ",{"t":"idOrVar","v":"value"}," días"],"one":"Mañana","other":["Dentro de ",{"t":"idOrVar","v":"value"}," días"],"two":["Dentro de ",{"t":"idOrVar","v":"value"}," días"],"zero":"Hoy"},"$x":[{"t":"idOrVar","v":"plural"},"value"]},{"$i":"weeks-until-long","$v":{"few":["Dentro de ",{"t":"idOrVar","v":"value"}," semanas"],"many":["Dentro de ",{"t":"idOrVar","v":"value"}," semanas"],"one":"La próxima semana","other":["Dentro de ",{"t":"idOrVar","v":"value"}," semanas"],"two":["Dentro de ",{"t":"idOrVar","v":"value"}," semanas"],"zero":"Esta semana"},"$x":[{"t":"idOrVar","v":"plural"},"value"]},{"$i":"months-until-long","$v":{"few":["Dentro de ",{"t":"idOrVar","v":"value"}," meses"],"many":["Dentro de ",{"t":"idOrVar","v":"value"}," meses"],"one":"Mes siguiente","other":["Dentro de ",{"t":"idOrVar","v":"value"}," meses"],"two":["Dentro de ",{"t":"idOrVar","v":"value"}," meses"],"zero":"Este mes"},"$x":[{"t":"idOrVar","v":"plural"},"value"]},{"$i":"years-until-long","$v":{"few":["Dentro de ",{"t":"idOrVar","v":"value"}," años"],"many":["Dentro de ",{"t":"idOrVar","v":"value"}," años"],"one":"El año que viene","other":["Dentro de ",{"t":"idOrVar","v":"value"}," años"],"two":["Dentro de ",{"t":"idOrVar","v":"value"}," años"],"zero":"Este año"},"$x":[{"t":"idOrVar","v":"plural"},"value"]},{"$i":"minutes-ago-short","$v":{"other":["Hace ",{"t":"idOrVar","v":"value"}," m"],"zero":"Justo ahora"},"$x":[{"t":"idOrVar","v":"plural"},"value"]},{"$i":"hours-ago-short","$v":{"other":["Hace ",{"t":"idOrVar","v":"value"}," h"],"zero":"Justo ahora"},"$x":[{"t":"idOrVar","v":"plural"},"value"]},{"$i":"days-ago-short","$v":{"other":["Hace ",{"t":"idOrVar","v":"value"}," d"],"zero":"Hoy"},"$x":[{"t":"idOrVar","v":"plural"},"value"]},{"$i":"minutes-until-short","$v":{"other":["Dentro de ",{"t":"idOrVar","v":"value"}," m"],"zero":"ahora"},"$x":[{"t":"idOrVar","v":"plural"},"value"]},{"$i":"hours-until-short","$v":{"other":["Dentro de ",{"t":"idOrVar","v":"value"}," h"],"zero":"ahora"},"$x":[{"t":"idOrVar","v":"plural"},"value"]},{"$i":"days-until-short","$v":{"other":["Dentro de ",{"t":"idOrVar","v":"value"}," d"],"zero":"Hoy"},"$x":[{"t":"idOrVar","v":"plural"},"value"]},{"$i":"incorrectDate","$v":"(fecha incorrecta)"},{"$i":"dateTimeFormat_%c","$v":"%a %b %e %Y %I:%M:%S %p"},{"$i":"dateTimeFormat_%x","$v":"%d/%m/%Y"},{"$i":"dateTimeFormat_%X","$v":"%I:%M:%S %p"},{"$i":"shortTimeFormat","$v":"%I:%M %p"},{"$i":"shortTimeFormat12","$v":"%I:%M %p"},{"$i":"shortTimeFormat24","$v":"%H:%M"},{"$i":"shortDateTimeFormat","$v":"%x %I:%M %p"},{"$i":"weekStartsOnMonday","$v":"0.0"},{"$i":"firstDayOfTheWeek","$v":"1.0"},{"$i":"time_am","$v":"AM"},{"$i":"time_pm","$v":"PM"},{"$i":"softkey-options","$v":"Opciones"}]