[{"$i":"back","$v":"Volver"},{"$i":"save","$v":"Guardar"},{"$i":"cancel","$v":"Cancelar"},{"$i":"next","$v":"Siguiente"},{"$i":"hide","$v":"Ocultar"},{"$i":"confirm","$v":"Confirmar"},{"$i":"done","$v":"Listo"},{"$i":"events","$v":"Recordatorio de eventos"},{"$i":"edit","$v":"Editar"},{"$i":"allday-events","$v":"Recordatorio de eventos todo el día"},{"$i":"no-events","$v":"Sin eventos"},{"$i":"default","$v":"Predeterminados"},{"$i":"sync","$v":"Sinc"},{"$i":"repeat","$v":"Repetir"},{"$i":"never","$v":"Nunca"},{"$i":"every-day","$v":"Todos los días"},{"$i":"every-week","$v":"Cada semana"},{"$i":"every-2-weeks","$v":"Cada 2 semanas"},{"$i":"every-month","$v":"Cada mes"},{"$i":"view-never","$v":"Repetir: Nunca"},{"$i":"view-every-day","$v":"Repetir: Diariamente"},{"$i":"view-every-week","$v":"Repetir: Semanalmente"},{"$i":"view-every-2-weeks","$v":"Repetir: Cada dos semanas"},{"$i":"view-every-month","$v":"Repetir: Mensualmente"},{"$i":"repeat-event-header","$v":"Se trata de un evento recurrente."},{"$i":"delete-this-only","$v":"Borrar sólo esta"},{"$i":"delete-all","$v":"Eliminar todos"},{"$i":"event-edit-all","$v":"Editar todos los eventos"},{"$i":"event-edit-all-future","$v":"Editar todos los eventos futuros"},{"$i":"options","$v":"Opciones"},{"$i":"event-delete-all","$v":"Borrar todos los eventos"},{"$i":"event-delete-all-future","$v":"Borrar todos los eventos futuros"},{"$i":"delete-account","$v":"Eliminar cuenta"},{"$i":"exchange-account","$v":"ActiveSync"},{"$i":"account-user-name","$v":"Nombre de usuario"},{"$i":"incorrect-password-description","$v":"No se puede iniciar sesión en el servidor. Asegúrese de que la contraseña sea correcta."},{"$i":"incorrect-password","$v":"Contraseña incorrecta"},{"$i":"account-duplicate","$v":"La cuenta ya existe. Se ha activado la sincronización."},{"$i":"error-account","$v":"Servidor no disponible. Inténtelo de nuevo más tarde."},{"$i":"error-access-denied","$v":"Se ha producido un error desconocido; inténtelo de nuevo más tarde."},{"$i":"error-time-out","$v":["No se ha podido establecer la conexión con el servidor \"",{"t":"idOrVar","v":"server"},"\". Es posible que haya un problema con la red."]},{"$i":"caldav-account-exist","$v":"Esa cuenta ya existe."},{"$i":"save-password","$v":"Se ha guardado la contraseña."},{"$i":"account-login","$v":"Inicio de sesión en la cuenta"},{"$i":"setting-up-account","$v":"Configurando una cuenta"},{"$i":"setup-account-usedInfo","$v":"Esta cuenta se usará con las aplicaciones siguientes. Puede modificarlo en Ajustes > Cuenta."},{"$i":"app-calendar","$v":"Calendario"},{"$i":"show-today","$v":"Hoy"},{"$i":"show-month-view","$v":"Mes"},{"$i":"show-week-view","$v":"Semana"},{"$i":"show-day-view","$v":"Día"},{"$i":"settings-show","$v":"Ajustes"},{"$i":"settings-hide","$v":"Ocultar ajustes"},{"$i":"add-account","$v":"Añadir una cuenta"},{"$i":"new-event","$v":"Añadir evento"},{"$i":"view-event-header","$v":"Detalles de evento"},{"$i":"new-event-header","$v":"Añadir evento"},{"$i":"edit-event-header","$v":"Editar evento"},{"$i":"account-header","$v":"Gestor de cuenta"},{"$i":"account-list-header","$v":"Cuentas"},{"$i":"advanced-settings-short-icon-button","ariaLabel":"Ajustes"},{"$i":"advanced-settings-header","$v":"Ajustes de calendario"},{"$i":"advanced-settings-personalization","$v":"Frecuencia de actualización"},{"$i":"advanced-settings-reminders","$v":"Recordatorio"},{"$i":"advanced-settings-add-account","$v":"Configuración Manual"},{"$i":"field-user","$v":"Nombre de usuario"},{"$i":"field-password","$v":"Contraseña"},{"$i":"show-password","$v":"Mostrar contraseña"},{"$i":"field-full-url","$v":"URL"},{"$i":"modify-account-setting-up","$v":"Espere mientras se configura su cuenta"},{"$i":"modify-account-unable-to-sync","$v":"No se puede sinc"},{"$i":"modify-account-sign-in","$v":"Iniciar sesión"},{"$i":"sync-account","$v":"Sincronizar la cuenta"},{"$i":"deselect","$v":"Desmarcar"},{"$i":"kai-caldav","$v":"CalDav"},{"$i":"kai-yahoo","$v":"Yahoo!"},{"$i":"kai-google","$v":"Google"},{"$i":"preset-mozilla","$v":"Mozilla Zimbra"},{"$i":"calendar-local","$v":"Calendario del teléfono"},{"$i":"event-title","$v":"Título"},{"$i":"event-location","$v":"Ubicación"},{"$i":"event-description","$v":"Notas"},{"$i":"event-is-allday","$v":"Evento de todo el día"},{"$i":"event-start-date","$v":"Fecha de inicio"},{"$i":"event-end-date","$v":"Fecha de finalización"},{"$i":"event-start-time","$v":"Hora de inicio"},{"$i":"event-end-time","$v":"Hora de finalización"},{"$i":"event-delete","$v":"Eliminar evento"},{"$i":"event-is-deleting","$v":"Eliminando…"},{"$i":"remove-account-data","$v":"Eliminar cuenta"},{"$i":"remove-account-dialog","$v":"Remover cuenta"},{"$i":"remove-account-dialog-details","$v":"Si borra esta cuenta, también se verán afectadas las aplicaciones que la utilizan."},{"$i":"remove","$v":"Quitar"},{"$i":"drawer-sync-icon-button","ariaLabel":"Sinc"},{"$i":"sync-progress-syncing","ariaValueText":"Sincronización"},{"$i":"sync-progress-complete","ariaValueText":"Sincronización completa"},{"$i":"sync-frequency","$v":"Sincronizar calendario"},{"$i":"sync-frequency-15min","$v":"Cada 15 minutos"},{"$i":"sync-frequency-30min","$v":"Cada 30 minutos"},{"$i":"sync-frequency-manual","$v":"Manualmente"},{"$i":"from","$v":"Desde"},{"$i":"to","$v":"Para"},{"$i":"one-day-duration-title","$v":[{"t":"idOrVar","v":"startDate"}]},{"$i":"one-day-duration-content","$v":["De las ",{"t":"idOrVar","v":"startTime"}," a las ",{"t":"idOrVar","v":"endTime"}]},{"$i":"multiple-day-duration-title","$v":[{"t":"idOrVar","v":"startTime"}," ",{"t":"idOrVar","v":"startDate"}]},{"$i":"multiple-day-duration-content","$v":[{"t":"idOrVar","v":"endTime"}," ",{"t":"idOrVar","v":"endDate"}]},{"$i":"one-all-day-duration-title","$v":[{"t":"idOrVar","v":"startDate"}]},{"$i":"all-day-duration-content","$v":"Todo el día"},{"$i":"multiple-all-day-duration-title","$v":["Desde ",{"t":"idOrVar","v":"startDate"}]},{"$i":"multiple-all-day-duration-content","$v":["Hasta ",{"t":"idOrVar","v":"endDate"}]},{"$i":"none","$v":"Ninguno"},{"$i":"reminder","$v":"Recordatorio"},{"$i":"remind-me","$v":"Recordarme"},{"$i":"alarm-at-event-standard","$v":"A la hora del evento"},{"$i":"alarm-at-event-allday","$v":"El día del evento"},{"$i":"alarm-at-event-allday-hour12","$v":"El día del evento (9:00 AM)"},{"$i":"alarm-at-event-allday-hour24","$v":"El día del evento (09:00)"},{"$i":"notice-now","$v":"Empieza ahora"},{"$i":"notice-5-minutes-before","$v":"Empieza en 5 minutos"},{"$i":"notice-15-minutes-before","$v":"Empieza dentro de 15 minutos"},{"$i":"notice-30-minutes-before","$v":"Empieza en 30 minutos"},{"$i":"notice-1-hour-before","$v":"Empieza dentro de 1 hora"},{"$i":"notice-2-hours-before","$v":"Empieza dentro de 2 horas"},{"$i":"notice-1-day-before","$v":"Empieza mañana"},{"$i":"notice-on-day-event-all","$v":"Empieza hoy"},{"$i":"notice-1-day-before-all","$v":"Empieza mañana"},{"$i":"notice-2-day-before-all","$v":"Empieza dentro de 2 días"},{"$i":"notice-weeks-before-all","$v":["Empieza el ",{"t":"idOrVar","v":"startDate"}]},{"$i":"days-ago-yesterday","$v":["Ayer a las ",{"t":"idOrVar","v":"timeString"}]},{"$i":"days-ago-today","$v":["Hoy a las ",{"t":"idOrVar","v":"timeString"}]},{"$i":"days-ago-yesterday-single","$v":"ayer"},{"$i":"days-ago-today-single","$v":"hoy"},{"$i":"alarm-started-notices","$v":["Empezó en ",{"t":"idOrVar","v":"distance"}]},{"$i":"alarm-starting-notices","$v":["Empezando ",{"t":"idOrVar","v":"distance"}]},{"$i":"minutes-ago-long","$v":{"few":["hace ",{"t":"idOrVar","v":"value"}," minutos"],"many":["hace ",{"t":"idOrVar","v":"value"}," minutos"],"other":["hace ",{"t":"idOrVar","v":"value"}," minutos"],"two":["hace ",{"t":"idOrVar","v":"value"}," minutos"],"one":"hace un minuto","zero":"Justo ahora"},"$x":[{"t":"idOrVar","v":"plural"},"value"]},{"$i":"hours-ago-long","$v":{"few":["hace ",{"t":"idOrVar","v":"value"}," horas"],"many":["hace ",{"t":"idOrVar","v":"value"}," horas"],"other":["hace ",{"t":"idOrVar","v":"value"}," horas"],"two":["hace ",{"t":"idOrVar","v":"value"}," horas"],"one":"hace una hora","zero":"Justo ahora"},"$x":[{"t":"idOrVar","v":"plural"},"value"]},{"$i":"alarm-start-notice","$v":[{"t":"idOrVar","v":"title"}," comenzando ",{"t":"idOrVar","v":"distance"}]},{"$i":"alarm-started-notice","$v":[{"t":"idOrVar","v":"title"}," comenzado ",{"t":"idOrVar","v":"distance"}]},{"$i":"alarm-start-notice-two-days","$v":["Inicio de ",{"t":"idOrVar","v":"title"}," en dos días"]},{"$i":"alarm-start-notice-few-days","$v":["Inicio de ",{"t":"idOrVar","v":"title"}," en ",{"t":"idOrVar","v":"distance"}]},{"$i":"days-before-hour12","$v":{"few":[{"t":"idOrVar","v":"value"}," días antes (9:00 AM)"],"many":[{"t":"idOrVar","v":"value"}," días antes (9:00 AM)"],"one":"1 día antes (9:00 AM)","other":[{"t":"idOrVar","v":"value"}," días antes (9:00 AM)"],"two":[{"t":"idOrVar","v":"value"}," días antes (9:00 AM)"],"zero":"0 días antes (9:00 AM)"},"$x":[{"t":"idOrVar","v":"plural"},"value"]},{"$i":"weeks-before-hour12","$v":{"few":[{"t":"idOrVar","v":"value"}," semanas antes (9:00 AM)"],"many":[{"t":"idOrVar","v":"value"}," semanas antes (9:00 AM)"],"one":"1 semana antes (9:00 AM)","other":[{"t":"idOrVar","v":"value"}," semanas antes (9:00 AM)"],"two":[{"t":"idOrVar","v":"value"}," semanas antes (9:00 AM)"],"zero":"0 semanas antes (9:00 AM)"},"$x":[{"t":"idOrVar","v":"plural"},"value"]},{"$i":"days-before-hour24","$v":{"few":[{"t":"idOrVar","v":"value"}," días antes (09:00)"],"many":[{"t":"idOrVar","v":"value"}," días antes (09:00)"],"one":"1 día antes (09:00)","other":[{"t":"idOrVar","v":"value"}," días antes (09:00)"],"two":[{"t":"idOrVar","v":"value"}," días antes (09:00)"],"zero":"0 días antes (09:00)"},"$x":[{"t":"idOrVar","v":"plural"},"value"]},{"$i":"weeks-before-hour24","$v":{"few":[{"t":"idOrVar","v":"value"}," semanas antes (09:00)"],"many":[{"t":"idOrVar","v":"value"}," semanas antes (09:00)"],"one":"1 semana antes (9:00 AM)","other":[{"t":"idOrVar","v":"value"}," semanas antes (9:00 AM)"],"two":[{"t":"idOrVar","v":"value"}," semanas antes (9:00 AM)"],"zero":"0 semanas antes (9:00 AM)"},"$x":[{"t":"idOrVar","v":"plural"},"value"]},{"$i":"minutes-before","$v":{"few":[{"t":"idOrVar","v":"value"}," Minutos Antes"],"many":[{"t":"idOrVar","v":"value"}," Minutos Antes"],"one":"1 Minuto Antes","other":[{"t":"idOrVar","v":"value"}," minutos antes"],"two":[{"t":"idOrVar","v":"value"}," Minutos Antes"],"zero":"0 Minutos Antes"},"$x":[{"t":"idOrVar","v":"plural"},"value"]},{"$i":"hours-before","$v":{"few":[{"t":"idOrVar","v":"value"}," Horas Antes"],"many":[{"t":"idOrVar","v":"value"}," Horas Antes"],"one":"1 hora antes","other":[{"t":"idOrVar","v":"value"}," Horas Antes"],"two":[{"t":"idOrVar","v":"value"}," horas antes"],"zero":"0 Horas Antes"},"$x":[{"t":"idOrVar","v":"plural"},"value"]},{"$i":"days-before","$v":{"few":[{"t":"idOrVar","v":"value"}," Días Antes"],"many":[{"t":"idOrVar","v":"value"}," Días Antes"],"one":"1 día antes","other":[{"t":"idOrVar","v":"value"}," Días Antes"],"two":[{"t":"idOrVar","v":"value"}," Días Antes"],"zero":"0 Días Antes"},"$x":[{"t":"idOrVar","v":"plural"},"value"]},{"$i":"weeks-before","$v":{"few":[{"t":"idOrVar","v":"value"}," Semanas Antes"],"many":[{"t":"idOrVar","v":"value"}," Semanas Antes"],"one":"1 Semana Antes","other":[{"t":"idOrVar","v":"value"}," Semanas Antes"],"two":[{"t":"idOrVar","v":"value"}," Semanas Antes"],"zero":"0 Semanas Antes"},"$x":[{"t":"idOrVar","v":"plural"},"value"]},{"$i":"months-before","$v":{"few":[{"t":"idOrVar","v":"value"}," Meses Antes"],"many":[{"t":"idOrVar","v":"value"}," Meses Antes"],"one":"1 Mes Antes","other":[{"t":"idOrVar","v":"value"}," Meses Antes"],"two":[{"t":"idOrVar","v":"value"}," Meses Antes"],"zero":"0 Meses Antes"},"$x":[{"t":"idOrVar","v":"plural"},"value"]},{"$i":"years-before","$v":{"few":[{"t":"idOrVar","v":"value"}," Años Antes"],"many":[{"t":"idOrVar","v":"value"}," Años Antes"],"one":"1 Año Antes","other":[{"t":"idOrVar","v":"value"}," Años Antes"],"two":[{"t":"idOrVar","v":"value"}," Años Antes"],"zero":"0 Años Antes"},"$x":[{"t":"idOrVar","v":"plural"},"value"]},{"$i":"minutes-after","$v":{"few":[{"t":"idOrVar","v":"value"}," Minutos Después"],"many":[{"t":"idOrVar","v":"value"}," Minutos Después"],"one":"1 Minutos Después","other":[{"t":"idOrVar","v":"value"}," Minutos Después"],"two":[{"t":"idOrVar","v":"value"}," Minutos Después"],"zero":"0 Minutos Después"},"$x":[{"t":"idOrVar","v":"plural"},"value"]},{"$i":"hours-after","$v":{"few":[{"t":"idOrVar","v":"value"}," Horas Después"],"many":[{"t":"idOrVar","v":"value"}," Horas Después"],"one":"1 Hora Después","other":[{"t":"idOrVar","v":"value"}," Horas Después"],"two":[{"t":"idOrVar","v":"value"}," Horas Después"],"zero":"0 Horas Después"},"$x":[{"t":"idOrVar","v":"plural"},"value"]},{"$i":"days-after","$v":{"few":[{"t":"idOrVar","v":"value"}," Días Después"],"many":[{"t":"idOrVar","v":"value"}," Días Después"],"one":"1 Día Después","other":[{"t":"idOrVar","v":"value"}," Días Después"],"two":[{"t":"idOrVar","v":"value"}," Días Después"],"zero":"0 Días Después"},"$x":[{"t":"idOrVar","v":"plural"},"value"]},{"$i":"weeks-after","$v":{"few":[{"t":"idOrVar","v":"value"}," Semanas Después"],"many":[{"t":"idOrVar","v":"value"}," Semanas Después"],"one":"1 Semana Después","other":[{"t":"idOrVar","v":"value"}," Semanas Después"],"two":[{"t":"idOrVar","v":"value"}," Semanas Después"],"zero":"0 Semanas Después"},"$x":[{"t":"idOrVar","v":"plural"},"value"]},{"$i":"months-after","$v":{"few":[{"t":"idOrVar","v":"value"}," Meses Después"],"many":[{"t":"idOrVar","v":"value"}," Meses Después"],"one":"1 Mes Después","other":[{"t":"idOrVar","v":"value"}," Meses Después"],"two":[{"t":"idOrVar","v":"value"}," Meses Después"],"zero":"0 Meses Después"},"$x":[{"t":"idOrVar","v":"plural"},"value"]},{"$i":"years-after","$v":{"few":[{"t":"idOrVar","v":"value"}," Años Después"],"many":[{"t":"idOrVar","v":"value"}," Años Después"],"one":"1 Año Después","other":[{"t":"idOrVar","v":"value"}," Años Después"],"two":[{"t":"idOrVar","v":"value"}," Años Después"],"zero":"0 Años Después"},"$x":[{"t":"idOrVar","v":"plural"},"value"]},{"$i":"event-notice-timeformat","$v":[{"t":"idOrVar","v":"start"}," - ",{"t":"idOrVar","v":"end"}]},{"$i":"tomorrow-event-notice-timeformat","$v":["Mañana de ",{"t":"idOrVar","v":"start"}," a ",{"t":"idOrVar","v":"end"}]},{"$i":"today-all-day-event","$v":"Hoy"},{"$i":"tomorrow-all-day-event","$v":"Mañana"},{"$i":"hour-format12","$v":"%I"},{"$i":"hour-format24","$v":"%H"},{"$i":"week-hour-format12","$v":"%I"},{"$i":"week-hour-format24","$v":"%H"},{"$i":"hour-allday","$v":"Todo el día"},{"$i":"kai-week-day","$v":"%a\\n%e"},{"$i":"current-time12","$v":"%I:%M"},{"$i":"current-time24","$v":"%H:%M"},{"$i":"multi-month-view-header-format","$v":"%B %Y"},{"$i":"day-view-header-format","$v":"%A, %e %B"},{"$i":"months-day-view-header-format","$v":"%A, %B %e"},{"$i":"months-day-view-header-format-small","$v":{"$o":"%a <br/> %b, %e"}},{"$i":"week-view-header-format","$v":["Semana ",{"t":"idOrVar","v":"value"},", %B %Y"]},{"$i":"longDateFormat","$v":"%A, %B %e, %Y"},{"$i":"longTimeFormat","$v":"%A %B %d"},{"$i":"longTimeFormat12","$v":"%A %B %d %I %p"},{"$i":"longTimeFormat24","$v":"%A %B %d %H en punto"},{"$i":"weekTimeFormat12","$v":"%I %p"},{"$i":"weekTimeFormat24","$v":"%H en punto"},{"$i":"weekDayFormat","$v":"%A el %d"},{"$i":"alldayLongTimeFormat","$v":"%A %B %d todo el día"},{"$i":"dayHour12","$v":"%I %p"},{"$i":"dayHour24","$v":"%H en punto"},{"$i":"longDateTime12","$v":"%I %p, %a, %d %b, %Y"},{"$i":"longDateTime24","$v":"%H, %a, %d %b, %Y"},{"$i":"upcoming-events","$v":"Próximos eventos"},{"$i":"search-results","$v":"Buscar resultados"},{"$i":"no-event-found","$v":"No se encontraron eventos"},{"$i":"longDateTimeNew12","$v":"%a, %B %e, %Y, %I:%M %p"},{"$i":"longDateTimeNew24","$v":"%a, %B %e, %Y, %H:%M"},{"$i":"longDateTimeNewNoHour12","$v":"%a, %B %e, %Y"},{"$i":"longDateTimeNewNoHour24","$v":"%a, %B %e, %Y"},{"$i":"error-start-date-after-end-date","$v":"El evento no puede finalizar antes de su fecha de inicio."},{"$i":"error-start-time-after-end-time","$v":"El evento no puede finalizar antes de su hora de inicio."},{"$i":"error-unauthenticated","$v":"Nombre y contraseña de usuario incorrecta, inténtelo de nuevo."},{"$i":"error-internal-server-error","$v":"Error de servidor, inténtelo de nuevo."},{"$i":"error-unkown","$v":"Servidor no disponible. Inténtelo de nuevo más tarde."},{"$i":"error-default","$v":"Algo está mal. Intentarlo de nuevo más tarde."},{"$i":"error-offline","$v":"No hay conexión a Internet."},{"$i":"error-account-exist","$v":"Esta cuenta ya existe."},{"$i":"error-confirmation-title","$v":"Error"},{"$i":"error-edit-online-event","$v":"No se ha podido editar el evento en línea porque no hay conexión a Internet."},{"$i":"error-delete-online-event","$v":"No se ha podido eliminar el evento en línea porque no hay conexión a Internet."},{"$i":"error-add-online-event","$v":"No se ha podido añadir un evento online debido a que no hay conexión a Internet."},{"$i":"error-start-date-before-seleced-day","$v":"El evento no puede comenzar antes de la fecha actual."},{"$i":"notification-error-sync-title","$v":"Error de sinc de calendario"},{"$i":"notification-error-sync-description","$v":"Toque para obtener más información"},{"$i":"notification-error-caldav-sync-title","$v":"Error de cuenta"},{"$i":"notification-error-caldav-sync-description","$v":"Vuelva a iniciar sesión"},{"$i":"weekday-0-single-char","$v":"S","ariaLabel":"Domingo"},{"$i":"weekday-1-single-char","$v":"L","ariaLabel":"Lunes"},{"$i":"weekday-2-single-char","$v":"J","ariaLabel":"Martes"},{"$i":"weekday-3-single-char","$v":"M","ariaLabel":"Miércoles"},{"$i":"weekday-4-single-char","$v":"J","ariaLabel":"Jueves"},{"$i":"weekday-5-single-char","$v":"V","ariaLabel":"Viernes"},{"$i":"weekday-6-single-char","$v":"S","ariaLabel":"Sábado"},{"$i":"busy","$v":{"few":[{"t":"idOrVar","v":"n"}," eventos"],"many":[{"t":"idOrVar","v":"n"}," eventos"],"one":[{"t":"idOrVar","v":"n"}," evento"],"other":[{"t":"idOrVar","v":"n"}," eventos"],"two":[{"t":"idOrVar","v":"n"}," eventos"],"zero":"Sin eventos"},"$x":[{"t":"idOrVar","v":"plural"},"n"]},{"$i":"present","ariaLabel":"Hoy"},{"$i":"past-other-month-description","ariaLabel":"Otro mes"},{"$i":"future-other-month-description","ariaLabel":"Otro mes"},{"$i":"icon-calendar-alarm","ariaLabel":"Tiene alarma"},{"$i":"calendars","ariaLabel":"Calendarios"},{"$i":"multi-day-new-event-link","ariaLabel":"Añadir evento"},{"$i":"title","ariaLabel":"Título"},{"$i":"location","ariaLabel":"Ubicación"},{"$i":"duration","ariaLabel":"Duración"},{"$i":"calendar","ariaLabel":"Calendario"},{"$i":"alarms","ariaLabel":"Alarmas"},{"$i":"description","ariaLabel":"Descripción"},{"$i":"start-date","ariaLabel":"Fecha de inicio"},{"$i":"start-time","ariaLabel":"Hora de inicio"},{"$i":"end-date","ariaLabel":"Fecha de fin"},{"$i":"end-time","ariaLabel":"Hora de fin"},{"$i":"during-progress-loading","ariaValueText":"Cargando"},{"$i":"all-day","ariaLabel":"Todo el día"},{"$i":"create-event","ariaLabel":"Crear evento"},{"$i":"create-all-day-event","ariaLabel":"Crear evento de todo el día"},{"$i":"event-one-day-duration","ariaLabel":["desde ",{"t":"idOrVar","v":"startTime"}," a ",{"t":"idOrVar","v":"endTime"}]},{"$i":"week-event-one-day-duration","ariaLabel":[{"t":"idOrVar","v":"startDate"}," desde ",{"t":"idOrVar","v":"startTime"}," a ",{"t":"idOrVar","v":"endTime"}]},{"$i":"event-multiple-day-duration","ariaLabel":["Desde ",{"t":"idOrVar","v":"startTime"}," ",{"t":"idOrVar","v":"startDate"}," a ",{"t":"idOrVar","v":"endTime"}," ",{"t":"idOrVar","v":"endDate"}]},{"$i":"kai-event-added","$v":"Evento añadido."},{"$i":"kai-event-updated","$v":"Evento actualizado."},{"$i":"kai-event-deleted","$v":"Evento eliminado."},{"$i":"kai-change-save","$v":"Cambios guardados"},{"$i":"event-sync-failure","$v":"No se ha podido sincronizar el calendario online."},{"$i":"kai-event-calendar","$v":"Calendario"},{"$i":"kai-single-event","$v":"evento"},{"$i":"kai-event-count","$v":"eventos"},{"$i":"kai-sync-progress-syncing","$v":"Sincronización"},{"$i":"kai-sync-progress-complete","$v":"El calendario está actualizado."},{"$i":"kai-sync-sync-switch-close","$v":"No se ha podido sincronizar la cuenta porque la sincronización se ha desactivado."},{"$i":"kai-settings-sounds","$v":"Sonidos"},{"$i":"kai-tones","$v":"Tonos"},{"$i":"kai-multi-events","$v":"Eventos"},{"$i":"kai-confirmation-title","$v":"Confirmación"},{"$i":"kai-delete-selectedEvent-confirmation","$v":"¿Eliminar evento seleccionado?"},{"$i":"kai-deleteEvent-confirmation","$v":"¿Eliminar evento?"},{"$i":"kai-event-search-header","$v":"Buscar","placeholder":"Buscar"},{"$i":"kai-event-search-upcoming-events","$v":"Próximos eventos"},{"$i":"kai-delete","$v":"Eliminar"},{"$i":"kai-cancel","$v":"Cancelar"},{"$i":"kai-dialog-delete-sel","$v":"¿Está seguro que desea eliminar el evento seleccionado?"},{"$i":"kai-delete-title","$v":"Eliminar evento"},{"$i":"kai-save-changes","$v":"¿Guardar cambios?"},{"$i":"kai-save-message-back","$v":"Se perderán todos los datos ingresados. ¿Desea guardar los cambios?"},{"$i":"kai-save-message-close","$v":"La aplicación se cerrará y se perderán los datos. ¿Desea guardar los cambios?"},{"$i":"yes","$v":"Sí"},{"$i":"no","$v":"No"},{"$i":"confirmation","$v":"Confirmación"},{"$i":"ok","$v":"Ok"},{"$i":"delete-event","$v":"¿Eliminar evento?"},{"$i":"edit-event-no-net","$v":"No se ha podido editar el evento en línea porque no hay conexión a Internet."},{"$i":"kai-settings-header","$v":"Calendario a mostrar"},{"$i":"kai-syncing","$v":"Sincronizando..."},{"$i":"kai-syncing-header","$v":"Sinc cuenta"},{"$i":"select","$v":"Selec."},{"$i":"add-event","$v":"Añadir"},{"$i":"week-view","$v":"Vista semanal"},{"$i":"day-view","$v":"Vista diaria"},{"$i":"month-view","$v":"Vista mensual"},{"$i":"today","$v":"Hoy"},{"$i":"go","$v":"Ir a fecha"},{"$i":"search","$v":"Buscar"},{"$i":"calendar-to-display","$v":"Calendario a mostrar"},{"$i":"settings","$v":"Ajustes"},{"$i":"delete","$v":"Eliminar"},{"$i":"enter","$v":"Ingresar"},{"$i":"sync-calendar","$v":"Sincronizar calendario"},{"$i":"lunar-calendar","$v":"Día lunar"},{"$i":"present-description","$v":["Hoy ",{"t":"idOrVar","v":"weekday"}," el ",{"t":"idOrVar","v":"date"},"mo"]},{"$i":"day-description","$v":[{"t":"idOrVar","v":"weekday"}," el ",{"t":"idOrVar","v":"date"},"mo"]},{"$i":"weekday-5","$v":"Viernes"},{"$i":"weekday-4","$v":"Jueves"},{"$i":"weekday-3","$v":"Miércoles"},{"$i":"weekday-2","$v":"Martes"},{"$i":"weekday-1","$v":"Lunes"},{"$i":"weekday-0","$v":"Domingo"},{"$i":"weekday-6","$v":"Sábado"},{"$i":"no-title","$v":"Sin título"},{"$i":"account-sync-off-tip","$v":"Active la sincronización de esta cuenta para editar o eliminar el evento."},{"$i":"weekday-0-long","$v":"Domingo"},{"$i":"weekday-1-long","$v":"Lunes"},{"$i":"weekday-2-long","$v":"Martes"},{"$i":"weekday-3-long","$v":"Miércoles"},{"$i":"weekday-4-long","$v":"Jueves"},{"$i":"weekday-5-long","$v":"Viernes"},{"$i":"weekday-6-long","$v":"Sábado"},{"$i":"weekday-0-short","$v":"dom."},{"$i":"weekday-1-short","$v":"lun."},{"$i":"weekday-2-short","$v":"mar."},{"$i":"weekday-3-short","$v":"mié."},{"$i":"weekday-4-short","$v":"jue."},{"$i":"weekday-5-short","$v":"vie."},{"$i":"weekday-6-short","$v":"sáb."},{"$i":"month-0-long","$v":"Enero"},{"$i":"month-1-long","$v":"Febrero"},{"$i":"month-2-long","$v":"Marzo"},{"$i":"month-3-long","$v":"Abril"},{"$i":"month-4-long","$v":"May"},{"$i":"month-5-long","$v":"Junio"},{"$i":"month-6-long","$v":"Julio"},{"$i":"month-7-long","$v":"Agosto"},{"$i":"month-8-long","$v":"Septiembre"},{"$i":"month-9-long","$v":"Octubre"},{"$i":"month-10-long","$v":"Noviembre"},{"$i":"month-11-long","$v":"Diciembre"},{"$i":"month-0-genitive","$v":"Enero"},{"$i":"month-1-genitive","$v":"Febrero"},{"$i":"month-2-genitive","$v":"Marzo"},{"$i":"month-3-genitive","$v":"Abril"},{"$i":"month-4-genitive","$v":"May"},{"$i":"month-5-genitive","$v":"Junio"},{"$i":"month-6-genitive","$v":"Julio"},{"$i":"month-7-genitive","$v":"Agosto"},{"$i":"month-8-genitive","$v":"Septiembre"},{"$i":"month-9-genitive","$v":"Octubre"},{"$i":"month-10-genitive","$v":"Noviembre"},{"$i":"month-11-genitive","$v":"Diciembre"},{"$i":"month-0-short","$v":"Ene"},{"$i":"month-1-short","$v":"Feb"},{"$i":"month-2-short","$v":"Mar"},{"$i":"month-3-short","$v":"Abr"},{"$i":"month-4-short","$v":"May"},{"$i":"month-5-short","$v":"Jun"},{"$i":"month-6-short","$v":"Jul"},{"$i":"month-7-short","$v":"Ago"},{"$i":"month-8-short","$v":"Sep"},{"$i":"month-9-short","$v":"Oct"},{"$i":"month-10-short","$v":"Nov"},{"$i":"month-11-short","$v":"Dec"},{"$i":"days-ago-long","$v":{"few":["hace ",{"t":"idOrVar","v":"value"}," días"],"many":["hace ",{"t":"idOrVar","v":"value"}," días"],"one":"ayer","other":["hace ",{"t":"idOrVar","v":"value"}," días"],"two":["hace ",{"t":"idOrVar","v":"value"}," días"],"zero":"hoy"},"$x":[{"t":"idOrVar","v":"plural"},"value"]},{"$i":"weeks-ago-long","$v":{"few":["hace ",{"t":"idOrVar","v":"value"}," semanas"],"many":["hace ",{"t":"idOrVar","v":"value"}," semanas"],"one":"la semana pasada","other":["hace ",{"t":"idOrVar","v":"value"}," semanas"],"two":["hace ",{"t":"idOrVar","v":"value"}," semanas"],"zero":"esta semana"},"$x":[{"t":"idOrVar","v":"plural"},"value"]},{"$i":"months-ago-long","$v":{"few":["hace ",{"t":"idOrVar","v":"value"}," meses"],"many":["hace ",{"t":"idOrVar","v":"value"}," meses"],"one":"el último mes","other":["hace ",{"t":"idOrVar","v":"value"}," meses"],"two":["hace ",{"t":"idOrVar","v":"value"}," meses"],"zero":"este mes"},"$x":[{"t":"idOrVar","v":"plural"},"value"]},{"$i":"years-ago-long","$v":{"few":["hace ",{"t":"idOrVar","v":"value"}," años"],"many":["hace ",{"t":"idOrVar","v":"value"}," años"],"one":"el año pasado","other":["hace ",{"t":"idOrVar","v":"value"}," años"],"two":["hace ",{"t":"idOrVar","v":"value"}," años"],"zero":"este año"},"$x":[{"t":"idOrVar","v":"plural"},"value"]},{"$i":"minutes-until-long","$v":{"few":["en ",{"t":"idOrVar","v":"value"}," minutos"],"many":["en ",{"t":"idOrVar","v":"value"}," minutos"],"other":["en ",{"t":"idOrVar","v":"value"}," minutos"],"two":["en ",{"t":"idOrVar","v":"value"}," minutos"],"zero":"ahora","one":"en un minuto"},"$x":[{"t":"idOrVar","v":"plural"},"value"]},{"$i":"hours-until-long","$v":{"few":["en ",{"t":"idOrVar","v":"value"}," horas"],"many":["en ",{"t":"idOrVar","v":"value"}," horas"],"other":["en ",{"t":"idOrVar","v":"value"}," horas"],"two":["en ",{"t":"idOrVar","v":"value"}," horas"],"zero":"ahora","one":"en una hora"},"$x":[{"t":"idOrVar","v":"plural"},"value"]},{"$i":"days-until-long","$v":{"few":["en ",{"t":"idOrVar","v":"value"}," días"],"many":["en ",{"t":"idOrVar","v":"value"}," días"],"one":"mañana","other":["en ",{"t":"idOrVar","v":"value"}," días"],"two":["en ",{"t":"idOrVar","v":"value"}," días"],"zero":"hoy"},"$x":[{"t":"idOrVar","v":"plural"},"value"]},{"$i":"weeks-until-long","$v":{"few":["en ",{"t":"idOrVar","v":"value"}," semanas"],"many":["en ",{"t":"idOrVar","v":"value"}," semanas"],"one":"la semana que viene","other":["en ",{"t":"idOrVar","v":"value"}," semanas"],"two":["en ",{"t":"idOrVar","v":"value"}," semanas"],"zero":"esta semana"},"$x":[{"t":"idOrVar","v":"plural"},"value"]},{"$i":"months-until-long","$v":{"few":["en ",{"t":"idOrVar","v":"value"}," meses"],"many":["en ",{"t":"idOrVar","v":"value"}," meses"],"one":"el próximo mes","other":["en ",{"t":"idOrVar","v":"value"}," meses"],"two":["en ",{"t":"idOrVar","v":"value"}," meses"],"zero":"este mes"},"$x":[{"t":"idOrVar","v":"plural"},"value"]},{"$i":"years-until-long","$v":{"few":["en ",{"t":"idOrVar","v":"value"}," años"],"many":["en ",{"t":"idOrVar","v":"value"}," años"],"one":"el próximo año","other":["en ",{"t":"idOrVar","v":"value"}," años"],"two":["en ",{"t":"idOrVar","v":"value"}," años"],"zero":"este año"},"$x":[{"t":"idOrVar","v":"plural"},"value"]},{"$i":"minutes-ago-short","$v":{"other":["hace ",{"t":"idOrVar","v":"value"},"m"],"zero":"Justo ahora"},"$x":[{"t":"idOrVar","v":"plural"},"value"]},{"$i":"hours-ago-short","$v":{"other":["hace ",{"t":"idOrVar","v":"value"},"h"],"zero":"Justo ahora"},"$x":[{"t":"idOrVar","v":"plural"},"value"]},{"$i":"days-ago-short","$v":{"other":["hace ",{"t":"idOrVar","v":"value"},"d"],"zero":"hoy"},"$x":[{"t":"idOrVar","v":"plural"},"value"]},{"$i":"minutes-until-short","$v":{"other":["en ",{"t":"idOrVar","v":"value"},"m"],"zero":"ahora"},"$x":[{"t":"idOrVar","v":"plural"},"value"]},{"$i":"hours-until-short","$v":{"other":["en ",{"t":"idOrVar","v":"value"},"h"],"zero":"ahora"},"$x":[{"t":"idOrVar","v":"plural"},"value"]},{"$i":"days-until-short","$v":{"other":["en ",{"t":"idOrVar","v":"value"},"d"],"zero":"hoy"},"$x":[{"t":"idOrVar","v":"plural"},"value"]},{"$i":"incorrectDate","$v":"(fecha incorrecta)"},{"$i":"dateTimeFormat_%c","$v":"%a %b %e %Y %I:%M:%S %p"},{"$i":"dateTimeFormat_%x","$v":"%d/%m/%Y"},{"$i":"dateTimeFormat_%X","$v":"%I:%M:%S %p"},{"$i":"shortTimeFormat","$v":"%I:%M %p"},{"$i":"shortTimeFormat12","$v":"%I:%M %p"},{"$i":"shortTimeFormat24","$v":"%H:%M"},{"$i":"shortDateTimeFormat","$v":"%x %I:%M %p"},{"$i":"weekStartsOnMonday","$v":"0.0"},{"$i":"firstDayOfTheWeek","$v":"0.0"},{"$i":"time_am","$v":"AM"},{"$i":"time_pm","$v":"PM"},{"$i":"softkey-options","$v":"Opciones"}]