[{"$i":"back","$v":"Takaisin"},{"$i":"save","$v":"Tallenna"},{"$i":"cancel","$v":"Peruuta"},{"$i":"next","$v":"Seuraava"},{"$i":"hide","$v":"Piilota"},{"$i":"confirm","$v":"Vahvista"},{"$i":"done","$v":"Valmis"},{"$i":"events","$v":"Tapahtumien muistutus"},{"$i":"edit","$v":"Muokkaa"},{"$i":"allday-events","$v":"Muistutus koko päivän tapahtumista"},{"$i":"no-events","$v":"Ei tapahtumia"},{"$i":"default","$v":"Oletus"},{"$i":"sync","$v":"Synkronoi"},{"$i":"repeat","$v":"Toista"},{"$i":"never","$v":"Ei toisteta"},{"$i":"every-day","$v":"Joka päivä"},{"$i":"every-week","$v":"Joka viikko"},{"$i":"every-2-weeks","$v":"2 viikon välein"},{"$i":"every-month","$v":"Joka kuukausi"},{"$i":"view-never","$v":"Toista: Ei koskaan"},{"$i":"view-every-day","$v":"Toista: Päivittäin"},{"$i":"view-every-week","$v":"Toista: Viikko"},{"$i":"view-every-2-weeks","$v":"Toista: Kahden viikon välein"},{"$i":"view-every-month","$v":"Toista: kuukausittain"},{"$i":"repeat-event-header","$v":"Tämä on toistuva tapahtuma."},{"$i":"delete-this-only","$v":"Poista vain tämä"},{"$i":"delete-all","$v":"Poista kaikki"},{"$i":"event-edit-all","$v":"Muokkaa kaikkia tapahtumia"},{"$i":"event-edit-all-future","$v":"Muokkaa kaikkia tulevia tapahtumia"},{"$i":"options","$v":"Valinnat"},{"$i":"event-delete-all","$v":"Poista kaikki tapahtumat"},{"$i":"event-delete-all-future","$v":"Poista kaikki tulevat tapahtumat"},{"$i":"delete-account","$v":"Poista tili"},{"$i":"exchange-account","$v":"ActiveSync"},{"$i":"account-user-name","$v":"Käyttäjänimi"},{"$i":"incorrect-password-description","$v":"Palvelimelle ei voitu kirjautua. Anna salasana uudelleen."},{"$i":"incorrect-password","$v":"Virheellinen salasana"},{"$i":"account-duplicate","$v":"Tili on jo olemassa. Synkronointi on kytketty päälle."},{"$i":"error-account","$v":"Palvelin ei ole käytettävissä. Yritä myöhemmin uudelleen."},{"$i":"error-access-denied","$v":"Ilmeni tuntematon virhe. Yritä uudelleen."},{"$i":"error-time-out","$v":["Yhteyden muodostaminen palvelimeen \"",{"t":"idOrVar","v":"server"},"\" epäonnistui. Verkkoyhteydessä voi olla vikaa."]},{"$i":"caldav-account-exist","$v":"Tämä tili on jo olemassa."},{"$i":"save-password","$v":"Salasana tallennettu."},{"$i":"account-login","$v":"Tilille kirjautuminen"},{"$i":"setting-up-account","$v":"Tiliä asetetaan"},{"$i":"setup-account-usedInfo","$v":"Alla luetellut sovellukset käyttävät tätä tiliä. Voit muokata tätä myöhemmin valitsemalla Asetukset > Tili."},{"$i":"app-calendar","$v":"Kalenteri"},{"$i":"show-today","$v":"Tänään"},{"$i":"show-month-view","$v":"Kuukausi"},{"$i":"show-week-view","$v":"Viikko"},{"$i":"show-day-view","$v":"Päivä"},{"$i":"settings-show","$v":"Asetukset"},{"$i":"settings-hide","$v":"Piilota asetukset"},{"$i":"add-account","$v":"Lisää tili"},{"$i":"new-event","$v":"Lisää tapaht."},{"$i":"view-event-header","$v":"Tapahtuman tiedot"},{"$i":"new-event-header","$v":"Lisää tapahtuma"},{"$i":"edit-event-header","$v":"Muokkaa tapahtumaa"},{"$i":"account-header","$v":"Tili"},{"$i":"account-list-header","$v":"Tilit"},{"$i":"advanced-settings-short-icon-button","ariaLabel":"Asetukset"},{"$i":"advanced-settings-header","$v":"Kalenterin asetukset"},{"$i":"advanced-settings-personalization","$v":"Päivitystaajuus"},{"$i":"advanced-settings-reminders","$v":"Muistutus"},{"$i":"advanced-settings-add-account","$v":"Lisää tili"},{"$i":"field-user","$v":"Käyttäjänimi"},{"$i":"field-password","$v":"Salasana"},{"$i":"show-password","$v":"Näytä salasana"},{"$i":"field-full-url","$v":"URL"},{"$i":"modify-account-setting-up","$v":"Odota, tilisi määritetään"},{"$i":"modify-account-unable-to-sync","$v":"Synkronointi ei onnistu"},{"$i":"modify-account-sign-in","$v":"Kirjaudu"},{"$i":"sync-account","$v":"Synkronoi tili"},{"$i":"deselect","$v":"Poista valinta"},{"$i":"kai-caldav","$v":"CalDav"},{"$i":"kai-yahoo","$v":"Yahoo!"},{"$i":"kai-google","$v":"Google"},{"$i":"preset-mozilla","$v":"Mozilla Zimbra"},{"$i":"calendar-local","$v":"Puhelimen kalenteri"},{"$i":"event-title","$v":"Nimike"},{"$i":"event-location","$v":"Sijainti"},{"$i":"event-description","$v":"Merkinnät"},{"$i":"event-is-allday","$v":"Koko päivän tapahtuma"},{"$i":"event-start-date","$v":"Alkamispäivämäärä"},{"$i":"event-end-date","$v":"Loppupäivämäärä"},{"$i":"event-start-time","$v":"Alkamisaika"},{"$i":"event-end-time","$v":"Lopetusaika"},{"$i":"event-delete","$v":"Poista tapahtuma"},{"$i":"event-is-deleting","$v":"Poistetaan…"},{"$i":"remove-account-data","$v":"Poista kalenteritili"},{"$i":"remove-account-dialog","$v":"Poista tili"},{"$i":"remove-account-dialog-details","$v":"Jos poistat tämän tilin, se vaikuttaa myös tätä tiliä käyttäviin sovelluksiin."},{"$i":"remove","$v":"Poista"},{"$i":"drawer-sync-icon-button","ariaLabel":"Synkronoi"},{"$i":"sync-progress-syncing","ariaValueText":"Synkronoidaan"},{"$i":"sync-progress-complete","ariaValueText":"Synkronointi valmis"},{"$i":"sync-frequency","$v":"Synkronoi kalenteri"},{"$i":"sync-frequency-15min","$v":"15 minuutin välein"},{"$i":"sync-frequency-30min","$v":"30 minuutin välein"},{"$i":"sync-frequency-manual","$v":"Manuaalisesti"},{"$i":"from","$v":"Lähettäjä"},{"$i":"to","$v":"Vastaanottaja"},{"$i":"one-day-duration-title","$v":[{"t":"idOrVar","v":"startDate"}]},{"$i":"one-day-duration-content","$v":[{"t":"idOrVar","v":"startTime"}," – ",{"t":"idOrVar","v":"endTime"}]},{"$i":"multiple-day-duration-title","$v":[{"t":"idOrVar","v":"startTime"}," ",{"t":"idOrVar","v":"startDate"}]},{"$i":"multiple-day-duration-content","$v":[{"t":"idOrVar","v":"endTime"}," ",{"t":"idOrVar","v":"endDate"}]},{"$i":"one-all-day-duration-title","$v":[{"t":"idOrVar","v":"startDate"}]},{"$i":"all-day-duration-content","$v":"Koko päivän tapahtuma"},{"$i":"multiple-all-day-duration-title","$v":["Alkaen ",{"t":"idOrVar","v":"startDate"}]},{"$i":"multiple-all-day-duration-content","$v":["Päivään ",{"t":"idOrVar","v":"endDate"}]},{"$i":"none","$v":"Ei mitään"},{"$i":"reminder","$v":"Muistutus"},{"$i":"remind-me","$v":"Muistuta minua"},{"$i":"alarm-at-event-standard","$v":"Tapahtuman aikaan"},{"$i":"alarm-at-event-allday","$v":"Tapahtumapäivänä"},{"$i":"alarm-at-event-allday-hour12","$v":"Tapahtumapäivänä (9:00 AM)"},{"$i":"alarm-at-event-allday-hour24","$v":"Tapahtumapäivänä (09:00)"},{"$i":"notice-now","$v":"Alkaen nyt"},{"$i":"notice-5-minutes-before","$v":"Alkaa 5 minuutissa"},{"$i":"notice-15-minutes-before","$v":"Alkaen 15 minuutissa"},{"$i":"notice-30-minutes-before","$v":"Alkaen 30 minuutissa"},{"$i":"notice-1-hour-before","$v":"Alkaa 1 tunnissa"},{"$i":"notice-2-hours-before","$v":"Alkaa 2 tunnissa"},{"$i":"notice-1-day-before","$v":"Alkaen huomenna"},{"$i":"notice-on-day-event-all","$v":"Aloittaa tänään"},{"$i":"notice-1-day-before-all","$v":"Alkaen huomenna"},{"$i":"notice-2-day-before-all","$v":"Alkaen 2 päivässä"},{"$i":"notice-weeks-before-all","$v":["Alkaa ",{"t":"idOrVar","v":"startDate"}]},{"$i":"days-ago-yesterday","$v":["Eilen ",{"t":"idOrVar","v":"timeString"}]},{"$i":"days-ago-today","$v":["Tänään ",{"t":"idOrVar","v":"timeString"}]},{"$i":"days-ago-yesterday-single","$v":"Eilen"},{"$i":"days-ago-today-single","$v":"Tänään"},{"$i":"alarm-started-notices","$v":["Aloitettu ",{"t":"idOrVar","v":"distance"}]},{"$i":"alarm-starting-notices","$v":["Aloitetaan ",{"t":"idOrVar","v":"distance"}]},{"$i":"minutes-ago-long","$v":{"few":[{"t":"idOrVar","v":"value"}," minuuttia sitten"],"many":[{"t":"idOrVar","v":"value"}," minuuttia sitten"],"other":[{"t":"idOrVar","v":"value"}," minuuttia sitten"],"two":[{"t":"idOrVar","v":"value"}," minuuttia sitten"],"one":"minuutti sitten","zero":"juuri nyt"},"$x":[{"t":"idOrVar","v":"plural"},"value"]},{"$i":"hours-ago-long","$v":{"few":[{"t":"idOrVar","v":"value"}," tuntia sitten"],"many":[{"t":"idOrVar","v":"value"}," tuntia sitten"],"other":[{"t":"idOrVar","v":"value"}," tuntia sitten"],"two":[{"t":"idOrVar","v":"value"}," tuntia sitten"],"one":"1 tunti sitten","zero":"juuri nyt"},"$x":[{"t":"idOrVar","v":"plural"},"value"]},{"$i":"alarm-start-notice","$v":[{"t":"idOrVar","v":"title"}," aloitetaan ",{"t":"idOrVar","v":"distance"}]},{"$i":"alarm-started-notice","$v":[{"t":"idOrVar","v":"title"}," aloitettu ",{"t":"idOrVar","v":"distance"}]},{"$i":"alarm-start-notice-two-days","$v":[{"t":"idOrVar","v":"title"}," käynnistyy kahden päivän kuluttua"]},{"$i":"alarm-start-notice-few-days","$v":[{"t":"idOrVar","v":"title"}," käynnistyy ",{"t":"idOrVar","v":"distance"}]},{"$i":"days-before-hour12","$v":{"few":[{"t":"idOrVar","v":"value"}," päivää aiemmin (9:00 AM)"],"many":[{"t":"idOrVar","v":"value"}," päivää aiemmin (9:00 AM)"],"one":"1 päivä aiemmin (9:00 AM)","other":[{"t":"idOrVar","v":"value"}," päivää aiemmin (9:00 AM)"],"two":[{"t":"idOrVar","v":"value"}," päivää aiemmin (9:00 AM)"],"zero":"0 päivää aiemmin (9:00 AM)"},"$x":[{"t":"idOrVar","v":"plural"},"value"]},{"$i":"weeks-before-hour12","$v":{"few":[{"t":"idOrVar","v":"value"}," viikkoa aiemmin (9:00 AM)"],"many":[{"t":"idOrVar","v":"value"}," viikkoa aiemmin (9:00 AM)"],"one":"1 viikko aiemmin (9:00 AM)","other":[{"t":"idOrVar","v":"value"}," viikkoa aiemmin (9:00 AM)"],"two":[{"t":"idOrVar","v":"value"}," viikkoa aiemmin (9:00 AM)"],"zero":"0 viikkoa aiemmin (9:00 AM)"},"$x":[{"t":"idOrVar","v":"plural"},"value"]},{"$i":"days-before-hour24","$v":{"few":[{"t":"idOrVar","v":"value"}," päivää aiemmin (09:00)"],"many":[{"t":"idOrVar","v":"value"}," päivää aiemmin (09:00)"],"one":"1 päivä aiemmin (09:00)","other":[{"t":"idOrVar","v":"value"}," päivää aiemmin (09:00)"],"two":[{"t":"idOrVar","v":"value"}," päivää aiemmin (09:00)"],"zero":"0 päivää aiemmin (09:00)"},"$x":[{"t":"idOrVar","v":"plural"},"value"]},{"$i":"weeks-before-hour24","$v":{"few":[{"t":"idOrVar","v":"value"}," viikkoa aiemmin (09:00)"],"many":[{"t":"idOrVar","v":"value"}," viikkoa aiemmin (09:00)"],"one":"1 viikko aiemmin (09:00)","other":[{"t":"idOrVar","v":"value"}," viikkoa aiemmin (09:00)"],"two":[{"t":"idOrVar","v":"value"}," viikkoa aiemmin (09:00)"],"zero":"0 viikkoa aiemmin (09:00)"},"$x":[{"t":"idOrVar","v":"plural"},"value"]},{"$i":"minutes-before","$v":{"few":[{"t":"idOrVar","v":"value"}," minuuttia aiemmin"],"many":[{"t":"idOrVar","v":"value"}," minuuttia aiemmin"],"one":"1 minuutti aiemmin","other":[{"t":"idOrVar","v":"value"}," minuuttia aiemmin"],"two":[{"t":"idOrVar","v":"value"}," minuuttia aiemmin"],"zero":"0 minuuttia aiemmin"},"$x":[{"t":"idOrVar","v":"plural"},"value"]},{"$i":"hours-before","$v":{"few":[{"t":"idOrVar","v":"value"}," tuntia myöhemmin"],"many":[{"t":"idOrVar","v":"value"}," tuntia myöhemmin"],"one":"1 tunti aiemmin","other":[{"t":"idOrVar","v":"value"}," tuntia myöhemmin"],"two":[{"t":"idOrVar","v":"value"}," tuntia myöhemmin"],"zero":"0 tuntia aiemmin"},"$x":[{"t":"idOrVar","v":"plural"},"value"]},{"$i":"days-before","$v":{"few":[{"t":"idOrVar","v":"value"}," päivää aiemmin"],"many":[{"t":"idOrVar","v":"value"}," päivää aiemmin"],"one":"1 päivä aiemmin","other":[{"t":"idOrVar","v":"value"}," päivää aiemmin"],"two":[{"t":"idOrVar","v":"value"}," päivää aiemmin"],"zero":"0 päivää aiemmin"},"$x":[{"t":"idOrVar","v":"plural"},"value"]},{"$i":"weeks-before","$v":{"few":[{"t":"idOrVar","v":"value"}," viikkoa aiemmin"],"many":[{"t":"idOrVar","v":"value"}," viikkoa aiemmin"],"one":"1 viikko aiemmin","other":[{"t":"idOrVar","v":"value"}," viikkoa aiemmin"],"two":[{"t":"idOrVar","v":"value"}," viikkoa aiemmin"],"zero":"0 viikkoa aiemmin"},"$x":[{"t":"idOrVar","v":"plural"},"value"]},{"$i":"months-before","$v":{"few":[{"t":"idOrVar","v":"value"}," kuukautta aiemmin"],"many":[{"t":"idOrVar","v":"value"}," kuukautta aiemmin"],"one":"1 kuukausi aiemmin","other":[{"t":"idOrVar","v":"value"}," kuukautta aiemmin"],"two":[{"t":"idOrVar","v":"value"}," kuukautta aiemmin"],"zero":"0 kuukautta aiemmin"},"$x":[{"t":"idOrVar","v":"plural"},"value"]},{"$i":"years-before","$v":{"few":[{"t":"idOrVar","v":"value"}," vuotta aiemmin"],"many":[{"t":"idOrVar","v":"value"}," vuotta aiemmin"],"one":"1 vuosi aiemmin","other":[{"t":"idOrVar","v":"value"}," vuotta aiemmin"],"two":[{"t":"idOrVar","v":"value"}," vuotta aiemmin"],"zero":"0 vuotta aiemmin"},"$x":[{"t":"idOrVar","v":"plural"},"value"]},{"$i":"minutes-after","$v":{"few":[{"t":"idOrVar","v":"value"}," minuuttia myöhemmin"],"many":[{"t":"idOrVar","v":"value"}," minuuttia myöhemmin"],"one":"1 minuutti myöhemmin","other":[{"t":"idOrVar","v":"value"}," minuuttia myöhemmin"],"two":[{"t":"idOrVar","v":"value"}," minuuttia myöhemmin"],"zero":"0 minuuttia myöhemmin"},"$x":[{"t":"idOrVar","v":"plural"},"value"]},{"$i":"hours-after","$v":{"few":[{"t":"idOrVar","v":"value"}," tuntia myöhemmin"],"many":[{"t":"idOrVar","v":"value"}," tuntia myöhemmin"],"one":"1 tunti myöhemmin","other":[{"t":"idOrVar","v":"value"}," tuntia myöhemmin"],"two":[{"t":"idOrVar","v":"value"}," tuntia myöhemmin"],"zero":"0 tuntia myöhemmin"},"$x":[{"t":"idOrVar","v":"plural"},"value"]},{"$i":"days-after","$v":{"few":[{"t":"idOrVar","v":"value"}," päivää myöhemmin"],"many":[{"t":"idOrVar","v":"value"}," päivää myöhemmin"],"one":"1 päivä myöhemmin","other":[{"t":"idOrVar","v":"value"}," päivää myöhemmin"],"two":[{"t":"idOrVar","v":"value"}," päivää myöhemmin"],"zero":"0 päivää myöhemmin"},"$x":[{"t":"idOrVar","v":"plural"},"value"]},{"$i":"weeks-after","$v":{"few":[{"t":"idOrVar","v":"value"}," viikkoa myöhemmin"],"many":[{"t":"idOrVar","v":"value"}," viikkoa myöhemmin"],"one":"1 viikko myöhemmin","other":[{"t":"idOrVar","v":"value"}," viikkoa myöhemmin"],"two":[{"t":"idOrVar","v":"value"}," viikkoa myöhemmin"],"zero":"0 viikkoa myöhemmin"},"$x":[{"t":"idOrVar","v":"plural"},"value"]},{"$i":"months-after","$v":{"few":[{"t":"idOrVar","v":"value"}," kuukautta myöhemmin"],"many":[{"t":"idOrVar","v":"value"}," kuukautta myöhemmin"],"one":"1 kuukausi myöhemmin","other":[{"t":"idOrVar","v":"value"}," kuukautta myöhemmin"],"two":[{"t":"idOrVar","v":"value"}," kuukautta myöhemmin"],"zero":"0 kuukautta myöhemmin"},"$x":[{"t":"idOrVar","v":"plural"},"value"]},{"$i":"years-after","$v":{"few":[{"t":"idOrVar","v":"value"}," vuotta myöhemmin"],"many":[{"t":"idOrVar","v":"value"}," vuotta myöhemmin"],"one":"1 vuosi myöhemmin","other":[{"t":"idOrVar","v":"value"}," vuotta myöhemmin"],"two":[{"t":"idOrVar","v":"value"}," vuotta myöhemmin"],"zero":"0 vuotta myöhemmin"},"$x":[{"t":"idOrVar","v":"plural"},"value"]},{"$i":"event-notice-timeformat","$v":[{"t":"idOrVar","v":"start"}," - ",{"t":"idOrVar","v":"end"}]},{"$i":"tomorrow-event-notice-timeformat","$v":["Huomenna, ",{"t":"idOrVar","v":"start"},"–",{"t":"idOrVar","v":"end"}]},{"$i":"today-all-day-event","$v":"Tänään"},{"$i":"tomorrow-all-day-event","$v":"huomenna"},{"$i":"hour-format12","$v":"%I"},{"$i":"hour-format24","$v":"%H"},{"$i":"week-hour-format12","$v":"%I"},{"$i":"week-hour-format24","$v":"%H"},{"$i":"hour-allday","$v":"Koko päivä"},{"$i":"kai-week-day","$v":"%a\\n%e"},{"$i":"current-time12","$v":"%I:%M"},{"$i":"current-time24","$v":"%H:%M"},{"$i":"multi-month-view-header-format","$v":"%B %Y"},{"$i":"day-view-header-format","$v":"%A, %B %e"},{"$i":"months-day-view-header-format","$v":"%A, %B %e"},{"$i":"months-day-view-header-format-small","$v":{"$o":"%a <br/> %b, %e"}},{"$i":"week-view-header-format","$v":["Viikko ",{"t":"idOrVar","v":"value"},", %B %Y"]},{"$i":"longDateFormat","$v":"%A, %e %B, %Y"},{"$i":"longTimeFormat","$v":"%A %B %d"},{"$i":"longTimeFormat12","$v":"%A %B %d %I %p"},{"$i":"longTimeFormat24","$v":"%A %B %d klo %H"},{"$i":"weekTimeFormat12","$v":"%I %p"},{"$i":"weekTimeFormat24","$v":"klo %H"},{"$i":"weekDayFormat","$v":"%d %A."},{"$i":"alldayLongTimeFormat","$v":"%A %B %d koko päivän"},{"$i":"dayHour12","$v":"%I %p"},{"$i":"dayHour24","$v":"klo %H"},{"$i":"longDateTime12","$v":"%I %p, %a, %d %b, %Y"},{"$i":"longDateTime24","$v":"%H, %a, %d %b, %Y"},{"$i":"upcoming-events","$v":"Tulevat tapahtumat"},{"$i":"search-results","$v":"Hakutulokset"},{"$i":"no-event-found","$v":"Tapahtumia ei löytynyt"},{"$i":"longDateTimeNew12","$v":"%a, %e %B, %Y, %I:%M %p"},{"$i":"longDateTimeNew24","$v":"%a, %e %B, %Y, %H:%M"},{"$i":"longDateTimeNewNoHour12","$v":"%a, %e %B, %Y"},{"$i":"longDateTimeNewNoHour24","$v":"%a, %e %B, %Y"},{"$i":"error-start-date-after-end-date","$v":"Tapahtuma ei voi päättyä ennen sen alkamispäivää."},{"$i":"error-start-time-after-end-time","$v":"Tapahtuma ei voi päättyä ennen sen alkamispäivää."},{"$i":"error-unauthenticated","$v":"Virheellinen käyttäjänimi tai salasana, yritä uudelleen."},{"$i":"error-internal-server-error","$v":"Palvelinvirhe, yritä uudelleen."},{"$i":"error-unkown","$v":"Palvelin ei ole käytettävissä. Yritä myöhemmin uudelleen."},{"$i":"error-default","$v":"Jokin on vialla. Yritä uudelleen myöhemmin."},{"$i":"error-offline","$v":"Ei internetyhteyttä."},{"$i":"error-account-exist","$v":"Tämä tili on jo olemassa."},{"$i":"error-confirmation-title","$v":"Virhe"},{"$i":"error-edit-online-event","$v":"Online-tapahtuman muokkaus ei onnistunut, koska internet-yhteyttä ei ole."},{"$i":"error-delete-online-event","$v":"Verkkotapahtuman poistaminen epäonnistui, koska Internet-yhteyttä ei ollut."},{"$i":"error-add-online-event","$v":"Online-tapahtuman lisäys epäonnistui. Verkkoyhteyttä ei ole."},{"$i":"error-start-date-before-seleced-day","$v":"Tapahtuma ei voi alkaa ennen nykyistä päivämäärää."},{"$i":"notification-error-sync-title","$v":"Kalenterin synkronointivirhe"},{"$i":"notification-error-sync-description","$v":"Napauta, jos haluat lisätietoja"},{"$i":"notification-error-caldav-sync-title","$v":"Tilin virhe"},{"$i":"notification-error-caldav-sync-description","$v":"Kirjaudu sisään uudelleen"},{"$i":"weekday-0-single-char","$v":"S","ariaLabel":"Sunnuntai"},{"$i":"weekday-1-single-char","$v":"M","ariaLabel":"Maanantai"},{"$i":"weekday-2-single-char","$v":"T","ariaLabel":"Tiistai"},{"$i":"weekday-3-single-char","$v":"K","ariaLabel":"Keskiviikko"},{"$i":"weekday-4-single-char","$v":"T","ariaLabel":"Torstai"},{"$i":"weekday-5-single-char","$v":"P","ariaLabel":"Perjantai"},{"$i":"weekday-6-single-char","$v":"L","ariaLabel":"Lauantai"},{"$i":"busy","$v":{"few":[{"t":"idOrVar","v":"n"}," tapahtumaa"],"many":[{"t":"idOrVar","v":"n"}," tapahtumaa"],"one":[{"t":"idOrVar","v":"n"}," tapahtuma"],"other":[{"t":"idOrVar","v":"n"}," tapahtumaa"],"two":[{"t":"idOrVar","v":"n"}," tapahtumaa"],"zero":"Ei tapahtumia"},"$x":[{"t":"idOrVar","v":"plural"},"n"]},{"$i":"present","ariaLabel":"Tänään"},{"$i":"past-other-month-description","ariaLabel":"Muu kuukausi"},{"$i":"future-other-month-description","ariaLabel":"Muu kuukausi"},{"$i":"icon-calendar-alarm","ariaLabel":"On hälytys"},{"$i":"calendars","ariaLabel":"Kalenterit"},{"$i":"multi-day-new-event-link","ariaLabel":"Lisää tapahtuma"},{"$i":"title","ariaLabel":"Nimike"},{"$i":"location","ariaLabel":"Sijainti"},{"$i":"duration","ariaLabel":"Kesto"},{"$i":"calendar","ariaLabel":"Kalenteri"},{"$i":"alarms","ariaLabel":"Hälytykset"},{"$i":"description","ariaLabel":"Kuvaus"},{"$i":"start-date","ariaLabel":"Alkamispäivämäärä"},{"$i":"start-time","ariaLabel":"Alkamisaika"},{"$i":"end-date","ariaLabel":"Loppupäivämäärä"},{"$i":"end-time","ariaLabel":"Lopetusaika"},{"$i":"during-progress-loading","ariaValueText":"Ladataan"},{"$i":"all-day","ariaLabel":"Koko päivä"},{"$i":"create-event","ariaLabel":"Luo tapahtuma"},{"$i":"create-all-day-event","ariaLabel":"Luo koko päivän tapahtuma"},{"$i":"event-one-day-duration","ariaLabel":[{"t":"idOrVar","v":"startTime"}," – ",{"t":"idOrVar","v":"endTime"}]},{"$i":"week-event-one-day-duration","ariaLabel":[{"t":"idOrVar","v":"startDate"}," ",{"t":"idOrVar","v":"startTime"},"-",{"t":"idOrVar","v":"endTime"}]},{"$i":"event-multiple-day-duration","ariaLabel":[{"t":"idOrVar","v":"startTime"}," ",{"t":"idOrVar","v":"startDate"}," – ",{"t":"idOrVar","v":"endTime"}," ",{"t":"idOrVar","v":"endDate"}]},{"$i":"kai-event-added","$v":"Tapahtuma lisätty."},{"$i":"kai-event-updated","$v":"Tapahtuma päivitetty."},{"$i":"kai-event-deleted","$v":"Tapahtuma poistettu."},{"$i":"kai-change-save","$v":"Muutokset tallennettu"},{"$i":"event-sync-failure","$v":"Ei voi synkronoida online-kalenteriin."},{"$i":"kai-event-calendar","$v":"Kalenteri"},{"$i":"kai-single-event","$v":"tapahtuma"},{"$i":"kai-event-count","$v":"Tapahtumat"},{"$i":"kai-sync-progress-syncing","$v":"Synkronoidaan"},{"$i":"kai-sync-progress-complete","$v":"Kalenteri ajan tasalla."},{"$i":"kai-sync-sync-switch-close","$v":"Tiliä ei voi synkronoida, koska synkronointi on poistettu käytöstä."},{"$i":"kai-settings-sounds","$v":"Äänet"},{"$i":"kai-tones","$v":"Äänet"},{"$i":"kai-multi-events","$v":"Tapahtumat"},{"$i":"kai-confirmation-title","$v":"Vahvistus"},{"$i":"kai-delete-selectedEvent-confirmation","$v":"Poistetaanko valittu tapahtuma?"},{"$i":"kai-deleteEvent-confirmation","$v":"Poistetaanko tapahtuma?"},{"$i":"kai-event-search-header","$v":"Hae","placeholder":"Hae"},{"$i":"kai-event-search-upcoming-events","$v":"Tulevat tapahtumat"},{"$i":"kai-delete","$v":"Poista"},{"$i":"kai-cancel","$v":"Peruuta"},{"$i":"kai-dialog-delete-sel","$v":"Haluatko varmasti poistaa valitun tapahtuman?"},{"$i":"kai-delete-title","$v":"Poista tapahtuma"},{"$i":"kai-save-changes","$v":"Tallenna muutokset?"},{"$i":"kai-save-message-back","$v":"Kaikki syötetyt tiedot menetetään. Haluatko tallentaa muutokset?"},{"$i":"kai-save-message-close","$v":"Sovellus suljetaan tietojen menetyksellä. Haluatko tallentaa muutokset?"},{"$i":"yes","$v":"Kyllä"},{"$i":"no","$v":"Ei"},{"$i":"confirmation","$v":"Vahvistus"},{"$i":"ok","$v":"OK"},{"$i":"delete-event","$v":"Poistetaanko tapahtuma?"},{"$i":"edit-event-no-net","$v":"Online-tapahtuman muokkaus ei onnistunut, koska internet-yhteyttä ei ole."},{"$i":"kai-settings-header","$v":"Näytettävä kalenteri"},{"$i":"kai-syncing","$v":"Synkronoidaan ..."},{"$i":"kai-syncing-header","$v":"Tilin synkronointi"},{"$i":"select","$v":"Valitse"},{"$i":"add-event","$v":"Lisää tapaht."},{"$i":"week-view","$v":"Viikkonäkymä"},{"$i":"day-view","$v":"Päivänäkymä"},{"$i":"month-view","$v":"Kuukausinäkymä"},{"$i":"today","$v":"Tänään"},{"$i":"go","$v":"Siirry päivään"},{"$i":"search","$v":"Hae"},{"$i":"calendar-to-display","$v":"Näytettävä kalenteri"},{"$i":"settings","$v":"Asetukset"},{"$i":"delete","$v":"Poista"},{"$i":"enter","$v":"Syötä"},{"$i":"sync-calendar","$v":"Synkronoi kalenteri"},{"$i":"lunar-calendar","$v":"Kuuvuorokausi"},{"$i":"present-description","$v":["Tänään ",{"t":"idOrVar","v":"weekday"}," ",{"t":"idOrVar","v":"date"},"."]},{"$i":"day-description","$v":[{"t":"idOrVar","v":"weekday"}," ",{"t":"idOrVar","v":"date"},"."]},{"$i":"weekday-5","$v":"Perjantai"},{"$i":"weekday-4","$v":"Torstai"},{"$i":"weekday-3","$v":"Keskiviikko"},{"$i":"weekday-2","$v":"Tiistai"},{"$i":"weekday-1","$v":"Maanantai"},{"$i":"weekday-0","$v":"Sunnuntai"},{"$i":"weekday-6","$v":"Lauantai"},{"$i":"no-title","$v":"Ei otsikkoa"},{"$i":"account-sync-off-tip","$v":"Ota tilin synkronointi käyttöön muokataksesi tai poistaa tapahtumaa."},{"$i":"weekday-0-long","$v":"Sunnuntai"},{"$i":"weekday-1-long","$v":"Maanantai"},{"$i":"weekday-2-long","$v":"Tiistai"},{"$i":"weekday-3-long","$v":"Keskiviikko"},{"$i":"weekday-4-long","$v":"Torstai"},{"$i":"weekday-5-long","$v":"Perjantai"},{"$i":"weekday-6-long","$v":"Lauantai"},{"$i":"weekday-0-short","$v":"Su"},{"$i":"weekday-1-short","$v":"Ma"},{"$i":"weekday-2-short","$v":"Ti"},{"$i":"weekday-3-short","$v":"Ke"},{"$i":"weekday-4-short","$v":"To"},{"$i":"weekday-5-short","$v":"Pe"},{"$i":"weekday-6-short","$v":"La"},{"$i":"month-0-long","$v":"Tammikuu"},{"$i":"month-1-long","$v":"Helmikuu"},{"$i":"month-2-long","$v":"Maaliskuu"},{"$i":"month-3-long","$v":"Huhtikuu"},{"$i":"month-4-long","$v":"Toukokuu"},{"$i":"month-5-long","$v":"Kesäkuu"},{"$i":"month-6-long","$v":"Heinäkuu"},{"$i":"month-7-long","$v":"Elokuu"},{"$i":"month-8-long","$v":"Syyskuu"},{"$i":"month-9-long","$v":"Lokakuu"},{"$i":"month-10-long","$v":"Marraskuu"},{"$i":"month-11-long","$v":"Joulukuu"},{"$i":"month-0-genitive","$v":"Tammikuu"},{"$i":"month-1-genitive","$v":"Helmikuu"},{"$i":"month-2-genitive","$v":"Maaliskuu"},{"$i":"month-3-genitive","$v":"Huhtikuu"},{"$i":"month-4-genitive","$v":"Toukokuu"},{"$i":"month-5-genitive","$v":"Kesäkuu"},{"$i":"month-6-genitive","$v":"Heinäkuu"},{"$i":"month-7-genitive","$v":"Elokuu"},{"$i":"month-8-genitive","$v":"Syyskuu"},{"$i":"month-9-genitive","$v":"Lokakuu"},{"$i":"month-10-genitive","$v":"Marraskuu"},{"$i":"month-11-genitive","$v":"Joulukuu"},{"$i":"month-0-short","$v":"tam"},{"$i":"month-1-short","$v":"hel"},{"$i":"month-2-short","$v":"maa"},{"$i":"month-3-short","$v":"huh"},{"$i":"month-4-short","$v":"tou"},{"$i":"month-5-short","$v":"kes"},{"$i":"month-6-short","$v":"hei"},{"$i":"month-7-short","$v":"elo"},{"$i":"month-8-short","$v":"syy"},{"$i":"month-9-short","$v":"lok"},{"$i":"month-10-short","$v":"mar"},{"$i":"month-11-short","$v":"jou"},{"$i":"days-ago-long","$v":{"few":[{"t":"idOrVar","v":"value"}," päivää sitten"],"many":[{"t":"idOrVar","v":"value"}," päivää sitten"],"one":"eilen","other":[{"t":"idOrVar","v":"value"}," päivää sitten"],"two":[{"t":"idOrVar","v":"value"}," päivää sitten"],"zero":"tänään"},"$x":[{"t":"idOrVar","v":"plural"},"value"]},{"$i":"weeks-ago-long","$v":{"few":[{"t":"idOrVar","v":"value"}," viikkoa sitten"],"many":[{"t":"idOrVar","v":"value"}," viikkoa sitten"],"one":"viime viikolla","other":[{"t":"idOrVar","v":"value"}," viikkoa sitten"],"two":[{"t":"idOrVar","v":"value"}," viikkoa sitten"],"zero":"tällä viikolla"},"$x":[{"t":"idOrVar","v":"plural"},"value"]},{"$i":"months-ago-long","$v":{"few":[{"t":"idOrVar","v":"value"}," kuukautta sitten"],"many":[{"t":"idOrVar","v":"value"}," kuukautta sitten"],"one":"viimeinen kuukausi","other":[{"t":"idOrVar","v":"value"}," kuukautta sitten"],"two":[{"t":"idOrVar","v":"value"}," kuukautta sitten"],"zero":"tässä kuussa"},"$x":[{"t":"idOrVar","v":"plural"},"value"]},{"$i":"years-ago-long","$v":{"few":[{"t":"idOrVar","v":"value"}," vuotta sitten"],"many":[{"t":"idOrVar","v":"value"}," vuotta sitten"],"one":"viime vuonna","other":[{"t":"idOrVar","v":"value"}," vuotta sitten"],"two":[{"t":"idOrVar","v":"value"}," vuotta sitten"],"zero":"tänä vuonna"},"$x":[{"t":"idOrVar","v":"plural"},"value"]},{"$i":"minutes-until-long","$v":{"few":[{"t":"idOrVar","v":"value"}," minuutin kuluttua"],"many":[{"t":"idOrVar","v":"value"}," minuutin kuluttua"],"other":[{"t":"idOrVar","v":"value"}," minuutin kuluttua"],"two":[{"t":"idOrVar","v":"value"}," minuutin kuluttua"],"zero":"nyt","one":"1 minuutissa"},"$x":[{"t":"idOrVar","v":"plural"},"value"]},{"$i":"hours-until-long","$v":{"few":[{"t":"idOrVar","v":"value"}," tunnin kuluttua"],"many":[{"t":"idOrVar","v":"value"}," tunnin kuluttua"],"other":[{"t":"idOrVar","v":"value"}," tunnin kuluttua"],"two":[{"t":"idOrVar","v":"value"}," tunnin kuluttua"],"zero":"nyt","one":"1 tunnissa"},"$x":[{"t":"idOrVar","v":"plural"},"value"]},{"$i":"days-until-long","$v":{"few":[{"t":"idOrVar","v":"value"}," päivän kuluttua"],"many":[{"t":"idOrVar","v":"value"}," päivän kuluttua"],"one":"huomenna","other":[{"t":"idOrVar","v":"value"}," päivän kuluttua"],"two":[{"t":"idOrVar","v":"value"}," päivän kuluttua"],"zero":"tänään"},"$x":[{"t":"idOrVar","v":"plural"},"value"]},{"$i":"weeks-until-long","$v":{"few":[{"t":"idOrVar","v":"value"}," viikon kuluttua"],"many":[{"t":"idOrVar","v":"value"}," viikon kuluttua"],"one":"seuraava viikko","other":[{"t":"idOrVar","v":"value"}," viikon kuluttua"],"two":[{"t":"idOrVar","v":"value"}," viikon kuluttua"],"zero":"tällä viikolla"},"$x":[{"t":"idOrVar","v":"plural"},"value"]},{"$i":"months-until-long","$v":{"few":[{"t":"idOrVar","v":"value"}," kuukauden kuluttua"],"many":[{"t":"idOrVar","v":"value"}," kuukauden kuluttua"],"one":"seuraava kuukausi","other":[{"t":"idOrVar","v":"value"}," kuukauden kuluttua"],"two":[{"t":"idOrVar","v":"value"}," kuukauden kuluttua"],"zero":"tässä kuussa"},"$x":[{"t":"idOrVar","v":"plural"},"value"]},{"$i":"years-until-long","$v":{"few":[{"t":"idOrVar","v":"value"}," vuoden kuluttua"],"many":[{"t":"idOrVar","v":"value"}," vuoden kuluttua"],"one":"seuraava vuosi","other":[{"t":"idOrVar","v":"value"}," vuoden kuluttua"],"two":[{"t":"idOrVar","v":"value"}," vuoden kuluttua"],"zero":"tänä vuonna"},"$x":[{"t":"idOrVar","v":"plural"},"value"]},{"$i":"minutes-ago-short","$v":{"other":[{"t":"idOrVar","v":"value"}," m sitten"],"zero":"juuri nyt"},"$x":[{"t":"idOrVar","v":"plural"},"value"]},{"$i":"hours-ago-short","$v":{"other":[{"t":"idOrVar","v":"value"}," h sitten"],"zero":"juuri nyt"},"$x":[{"t":"idOrVar","v":"plural"},"value"]},{"$i":"days-ago-short","$v":{"other":[{"t":"idOrVar","v":"value"}," pvää sitten"],"zero":"tänään"},"$x":[{"t":"idOrVar","v":"plural"},"value"]},{"$i":"minutes-until-short","$v":{"other":[{"t":"idOrVar","v":"value"}," m kuluttua"],"zero":"nyt"},"$x":[{"t":"idOrVar","v":"plural"},"value"]},{"$i":"hours-until-short","$v":{"other":[{"t":"idOrVar","v":"value"}," h kuluttua"],"zero":"nyt"},"$x":[{"t":"idOrVar","v":"plural"},"value"]},{"$i":"days-until-short","$v":{"other":[{"t":"idOrVar","v":"value"}," pvän kuluttua"],"zero":"tänään"},"$x":[{"t":"idOrVar","v":"plural"},"value"]},{"$i":"incorrectDate","$v":"(virheellinen päivämäärä)"},{"$i":"dateTimeFormat_%c","$v":"%a %b %e %Y %I:%M:%S %p"},{"$i":"dateTimeFormat_%x","$v":"%m/%d/%Y"},{"$i":"dateTimeFormat_%X","$v":"%I:%M:%S %p"},{"$i":"shortTimeFormat","$v":"%I:%M %p"},{"$i":"shortTimeFormat12","$v":"%I:%M %p"},{"$i":"shortTimeFormat24","$v":"%H:%M"},{"$i":"shortDateTimeFormat","$v":"%x %I:%M %p"},{"$i":"weekStartsOnMonday","$v":"0.0"},{"$i":"firstDayOfTheWeek","$v":"1.0"},{"$i":"time_am","$v":"AM"},{"$i":"time_pm","$v":"PM"},{"$i":"softkey-options","$v":"Valinnat"}]