[{"$i":"back","$v":"חזרה"},{"$i":"save","$v":"שמור"},{"$i":"cancel","$v":"בטל"},{"$i":"next","$v":"הבא"},{"$i":"hide","$v":"הסתר"},{"$i":"confirm","$v":"אשר"},{"$i":"done","$v":"בוצע"},{"$i":"events","$v":"תזכורת אירועים"},{"$i":"edit","$v":"ערוך"},{"$i":"allday-events","$v":"תזכורת אירועי יום שלם"},{"$i":"no-events","$v":"אין אירועים"},{"$i":"default","$v":"ברירת מחדל"},{"$i":"sync","$v":"סנכרן"},{"$i":"repeat","$v":"חזור"},{"$i":"never","$v":"לעולם לא"},{"$i":"every-day","$v":"כל יום"},{"$i":"every-week","$v":"כל שבוע"},{"$i":"every-2-weeks","$v":"כל שבועיים"},{"$i":"every-month","$v":"כל חודש"},{"$i":"view-never","$v":"חזור על: לעולם לא"},{"$i":"view-every-day","$v":"חזור: יומי"},{"$i":"view-every-week","$v":"חזור: שבועי"},{"$i":"view-every-2-weeks","$v":"חזור: כל שבועיים"},{"$i":"view-every-month","$v":"חזור: חודשי"},{"$i":"repeat-event-header","$v":"זהו אירוע חוזר."},{"$i":"delete-this-only","$v":"מחק את זה בלבד"},{"$i":"delete-all","$v":"מחק הכול"},{"$i":"event-edit-all","$v":"ערוך את כל האירועים"},{"$i":"event-edit-all-future","$v":"ערוך את כל האירועים העתידיים"},{"$i":"options","$v":"אפשרויות"},{"$i":"event-delete-all","$v":"מחק את כל האירועים"},{"$i":"event-delete-all-future","$v":"מחק את כל האירועים העתידיים"},{"$i":"delete-account","$v":"מחק חשבון"},{"$i":"exchange-account","$v":"ActiveSync"},{"$i":"account-user-name","$v":"שם משתמש"},{"$i":"incorrect-password-description","$v":"לא ניתן להיכנס לשרת. נסה להזין סיסמה שוב."},{"$i":"incorrect-password","$v":"סיסמה שגויה"},{"$i":"account-duplicate","$v":"החשבון קיים כבר. סנכרון מופעל."},{"$i":"error-account","$v":"השרת לא זמין. נסה שוב מאוחר יותר."},{"$i":"error-access-denied","$v":"אירעה שגיאה לא מוכרת, נסה שוב מאוחר יותר."},{"$i":"error-time-out","$v":["לא ניתן ליצור חיבור אל \"",{"t":"idOrVar","v":"server"},"\". ייתכן שיש בעיה ברשת."]},{"$i":"caldav-account-exist","$v":"החשבון הזה כבר קיים."},{"$i":"save-password","$v":"הסיסמה נשמרה."},{"$i":"account-login","$v":"כניסה לחשבון"},{"$i":"setting-up-account","$v":"הגדרת חשבון"},{"$i":"setup-account-usedInfo","$v":"היישומים הבאים יעשו שימוש בחשבון זה. באפשרותך לשנות זאת מתוך 'הגדרות' > 'חשבון'."},{"$i":"app-calendar","$v":"לוח שנה"},{"$i":"show-today","$v":"היום"},{"$i":"show-month-view","$v":"חודש"},{"$i":"show-week-view","$v":"שבוע"},{"$i":"show-day-view","$v":"יום"},{"$i":"settings-show","$v":"הגדרות"},{"$i":"settings-hide","$v":"הסתר הגדרות"},{"$i":"add-account","$v":"הוסף חשבון"},{"$i":"new-event","$v":"הוסף אירוע"},{"$i":"view-event-header","$v":"פרטי אירוע"},{"$i":"new-event-header","$v":"הוסף אירוע"},{"$i":"edit-event-header","$v":"ערוך אירוע"},{"$i":"account-header","$v":"חשבון"},{"$i":"account-list-header","$v":"חשבונות"},{"$i":"advanced-settings-short-icon-button","ariaLabel":"הגדרות"},{"$i":"advanced-settings-header","$v":"הגדרות לוח שנה"},{"$i":"advanced-settings-personalization","$v":"עדכן תדר"},{"$i":"advanced-settings-reminders","$v":"תזכורת"},{"$i":"advanced-settings-add-account","$v":"הוסף חשבון"},{"$i":"field-user","$v":"שם משתמש"},{"$i":"field-password","$v":"סיסמה"},{"$i":"show-password","$v":"הצג סיסמה"},{"$i":"field-full-url","$v":"כתובת URL"},{"$i":"modify-account-setting-up","$v":"נא להמתין בעוד החשבון שלך מוקם"},{"$i":"modify-account-unable-to-sync","$v":"איני מסוגל לסנכרן"},{"$i":"modify-account-sign-in","$v":"התחבר"},{"$i":"sync-account","$v":"סנכרן חשבון"},{"$i":"deselect","$v":"בטל בחירה"},{"$i":"kai-caldav","$v":"CalDav"},{"$i":"kai-yahoo","$v":"יאהו"},{"$i":"kai-google","$v":"גוגל"},{"$i":"preset-mozilla","$v":"Mozilla Zimbra"},{"$i":"calendar-local","$v":"לוח השנה של הטלפון"},{"$i":"event-title","$v":"כותרת"},{"$i":"event-location","$v":"מיקום"},{"$i":"event-description","$v":"הערות"},{"$i":"event-is-allday","$v":"אירוע של יום שלם"},{"$i":"event-start-date","$v":"תאריך תחילה"},{"$i":"event-end-date","$v":"תאריך סיום"},{"$i":"event-start-time","$v":"שעת התחלה"},{"$i":"event-end-time","$v":"שעת סיום"},{"$i":"event-delete","$v":"מחק אירוע"},{"$i":"event-is-deleting","$v":"מוחק…"},{"$i":"remove-account-data","$v":"הסר חשבון לוח שנה"},{"$i":"remove-account-dialog","$v":"הסר חשבון"},{"$i":"remove-account-dialog-details","$v":"אם תמחק חשבון זה, יישומים שמשתמשים בחשבון זה יושפעו אף הם."},{"$i":"remove","$v":"הסר"},{"$i":"drawer-sync-icon-button","ariaLabel":"סנכרן"},{"$i":"sync-progress-syncing","ariaValueText":"מסנכרן"},{"$i":"sync-progress-complete","ariaValueText":"הסנכרון הושלם"},{"$i":"sync-frequency","$v":"סנכרן לוח שנה"},{"$i":"sync-frequency-15min","$v":"מדי 15 דקות"},{"$i":"sync-frequency-30min","$v":"מדי 30 דקות"},{"$i":"sync-frequency-manual","$v":"ידנית"},{"$i":"from","$v":"מאת"},{"$i":"to","$v":"אל"},{"$i":"one-day-duration-title","$v":[{"t":"idOrVar","v":"startDate"}]},{"$i":"one-day-duration-content","$v":["משעה ",{"t":"idOrVar","v":"startTime"}," עד שעה ",{"t":"idOrVar","v":"endTime"}]},{"$i":"multiple-day-duration-title","$v":[{"t":"idOrVar","v":"startTime"}," ",{"t":"idOrVar","v":"startDate"}]},{"$i":"multiple-day-duration-content","$v":[{"t":"idOrVar","v":"endTime"}," ",{"t":"idOrVar","v":"endDate"}]},{"$i":"one-all-day-duration-title","$v":[{"t":"idOrVar","v":"startDate"}]},{"$i":"all-day-duration-content","$v":"אירוע של יום שלם"},{"$i":"multiple-all-day-duration-title","$v":["מתאריך ",{"t":"idOrVar","v":"startDate"}]},{"$i":"multiple-all-day-duration-content","$v":["עד ",{"t":"idOrVar","v":"endDate"}]},{"$i":"none","$v":"אף אחד"},{"$i":"reminder","$v":"תזכורת"},{"$i":"remind-me","$v":"הזכר לי"},{"$i":"alarm-at-event-standard","$v":"בזמן האירוע"},{"$i":"alarm-at-event-allday","$v":"ביום האירוע"},{"$i":"alarm-at-event-allday-hour12","$v":"ביום האירוע (9:00)"},{"$i":"alarm-at-event-allday-hour24","$v":"ביום האירוע (9:00)"},{"$i":"notice-now","$v":"מתחיל עכשיו"},{"$i":"notice-5-minutes-before","$v":"החל מחמש דקות"},{"$i":"notice-15-minutes-before","$v":"מתחיל בעוד 15 דקות"},{"$i":"notice-30-minutes-before","$v":"מתחיל בעוד 30 דקות"},{"$i":"notice-1-hour-before","$v":"החל משעה"},{"$i":"notice-2-hours-before","$v":"החל משעתיים"},{"$i":"notice-1-day-before","$v":"החל ממחר"},{"$i":"notice-on-day-event-all","$v":"החל מהיום"},{"$i":"notice-1-day-before-all","$v":"החל ממחר"},{"$i":"notice-2-day-before-all","$v":"החל מיומיים"},{"$i":"notice-weeks-before-all","$v":["מתחיל בתאריך ",{"t":"idOrVar","v":"startDate"}]},{"$i":"days-ago-yesterday","$v":["אתמול ",{"t":"idOrVar","v":"timeString"}]},{"$i":"days-ago-today","$v":["היום ",{"t":"idOrVar","v":"timeString"}]},{"$i":"days-ago-yesterday-single","$v":"אתמול"},{"$i":"days-ago-today-single","$v":"היום"},{"$i":"alarm-started-notices","$v":["התחיל לפני ",{"t":"idOrVar","v":"distance"}]},{"$i":"alarm-starting-notices","$v":["מתחיל בעוד ",{"t":"idOrVar","v":"distance"}]},{"$i":"minutes-ago-long","$v":{"few":["לפני ",{"t":"idOrVar","v":"value"}," דקות"],"many":["לפני ",{"t":"idOrVar","v":"value"}," דקות"],"other":["לפני ",{"t":"idOrVar","v":"value"}," דקות"],"two":["לפני ",{"t":"idOrVar","v":"value"}," דקות"],"one":"לפני דקה","zero":"בדיוק כעת"},"$x":[{"t":"idOrVar","v":"plural"},"value"]},{"$i":"hours-ago-long","$v":{"few":["לפני ",{"t":"idOrVar","v":"value"}," שעות"],"many":["לפני ",{"t":"idOrVar","v":"value"}," שעות"],"other":["לפני ",{"t":"idOrVar","v":"value"}," שעות"],"two":["לפני ",{"t":"idOrVar","v":"value"}," שעות"],"one":"לפני 1 שעה","zero":"בדיוק כעת"},"$x":[{"t":"idOrVar","v":"plural"},"value"]},{"$i":"alarm-start-notice","$v":["‏",{"t":"idOrVar","v":"title"}," מתחיל ",{"t":"idOrVar","v":"distance"}]},{"$i":"alarm-started-notice","$v":["‏",{"t":"idOrVar","v":"title"}," התחיל ",{"t":"idOrVar","v":"distance"}]},{"$i":"alarm-start-notice-two-days","$v":[{"t":"idOrVar","v":"title"}," מתחיל בעוד יומיים"]},{"$i":"alarm-start-notice-few-days","$v":[{"t":"idOrVar","v":"title"}," מתחיל ב-",{"t":"idOrVar","v":"distance"}]},{"$i":"days-before-hour12","$v":{"few":[{"t":"idOrVar","v":"value"}," ימים לפני (9:00)"],"many":[{"t":"idOrVar","v":"value"}," ימים לפני (9:00)"],"one":"יום לפני (9:00)","other":[{"t":"idOrVar","v":"value"}," ימים לפני (9:00)"],"two":[{"t":"idOrVar","v":"value"}," ימים לפני (9:00)"],"zero":"0 ימים לפני (9:00)"},"$x":[{"t":"idOrVar","v":"plural"},"value"]},{"$i":"weeks-before-hour12","$v":{"few":[{"t":"idOrVar","v":"value"}," שבועות לפני (9:00)"],"many":[{"t":"idOrVar","v":"value"}," שבועות לפני (9:00)"],"one":"שבוע לפני (9:00)","other":[{"t":"idOrVar","v":"value"}," שבועות לפני (9:00)"],"two":[{"t":"idOrVar","v":"value"}," שבועות לפני (9:00)"],"zero":"0 שבועות לפני (9:00)"},"$x":[{"t":"idOrVar","v":"plural"},"value"]},{"$i":"days-before-hour24","$v":{"few":[{"t":"idOrVar","v":"value"}," ימים לפני (9:00)"],"many":[{"t":"idOrVar","v":"value"}," ימים לפני (9:00)"],"one":"יום לפני (9:00)","other":[{"t":"idOrVar","v":"value"}," ימים לפני (9:00)"],"two":[{"t":"idOrVar","v":"value"}," ימים לפני (9:00)"],"zero":"0 ימים לפני (9:00)"},"$x":[{"t":"idOrVar","v":"plural"},"value"]},{"$i":"weeks-before-hour24","$v":{"few":[{"t":"idOrVar","v":"value"}," שבועות לפני (9:00)"],"many":[{"t":"idOrVar","v":"value"}," שבועות לפני (9:00)"],"one":"שבוע לפני (9:00)","other":[{"t":"idOrVar","v":"value"}," שבועות לפני (9:00)"],"two":[{"t":"idOrVar","v":"value"}," שבועות לפני (9:00)"],"zero":"0 שבועות לפני (9:00)"},"$x":[{"t":"idOrVar","v":"plural"},"value"]},{"$i":"minutes-before","$v":{"few":[{"t":"idOrVar","v":"value"}," דקות לפני"],"many":[{"t":"idOrVar","v":"value"}," דקות לפני"],"one":"דקה לפני","other":[{"t":"idOrVar","v":"value"}," דקות לפני"],"two":[{"t":"idOrVar","v":"value"}," דקות לפני"],"zero":"0 דקות לפני"},"$x":[{"t":"idOrVar","v":"plural"},"value"]},{"$i":"hours-before","$v":{"few":[{"t":"idOrVar","v":"value"}," שעות לפני"],"many":[{"t":"idOrVar","v":"value"}," שעות לפני"],"one":"שעה לפני","other":[{"t":"idOrVar","v":"value"}," שעות לפני"],"two":[{"t":"idOrVar","v":"value"}," שעתיים לפני"],"zero":"0 שעות לפני"},"$x":[{"t":"idOrVar","v":"plural"},"value"]},{"$i":"days-before","$v":{"few":[{"t":"idOrVar","v":"value"}," ימים לפני"],"many":[{"t":"idOrVar","v":"value"}," יום לפני"],"one":"יום לפני","other":[{"t":"idOrVar","v":"value"}," ימים לפני"],"two":[{"t":"idOrVar","v":"value"}," יומיים לפני"],"zero":"0 ימים לפני"},"$x":[{"t":"idOrVar","v":"plural"},"value"]},{"$i":"weeks-before","$v":{"few":["לפני ",{"t":"idOrVar","v":"value"}," שבועות"],"many":["לפני ",{"t":"idOrVar","v":"value"}," שבועות"],"one":"שבוע לפני","other":["לפני ",{"t":"idOrVar","v":"value"}," שבועות"],"two":["לפני ",{"t":"idOrVar","v":"value"}," שבועיים"],"zero":"0 שבועות לפני"},"$x":[{"t":"idOrVar","v":"plural"},"value"]},{"$i":"months-before","$v":{"few":["לפני ",{"t":"idOrVar","v":"value"}," חודשים"],"many":["לפני ",{"t":"idOrVar","v":"value"}," חודש"],"one":"חודש לפני","other":["לפני ",{"t":"idOrVar","v":"value"}," חודשים"],"two":["לפני ",{"t":"idOrVar","v":"value"}," חודשיים"],"zero":"0 חודשים לפני"},"$x":[{"t":"idOrVar","v":"plural"},"value"]},{"$i":"years-before","$v":{"few":[{"t":"idOrVar","v":"value"}," שנים לפני"],"many":[{"t":"idOrVar","v":"value"}," שנה לפני"],"one":"שנה לפני","other":[{"t":"idOrVar","v":"value"}," שנים לפני"],"two":[{"t":"idOrVar","v":"value"}," שנים לפני"],"zero":"0 שנים לפני"},"$x":[{"t":"idOrVar","v":"plural"},"value"]},{"$i":"minutes-after","$v":{"few":[{"t":"idOrVar","v":"value"}," דקות אחרי"],"many":[{"t":"idOrVar","v":"value"}," דקות אחרי"],"one":"דקה אחרי","other":[{"t":"idOrVar","v":"value"}," דקות אחרי"],"two":[{"t":"idOrVar","v":"value"}," דקות אחרי"],"zero":"0 דקות אחרי"},"$x":[{"t":"idOrVar","v":"plural"},"value"]},{"$i":"hours-after","$v":{"few":[{"t":"idOrVar","v":"value"}," שעות אחרי"],"many":[{"t":"idOrVar","v":"value"}," שעות אחרי"],"one":"שעה אחרי","other":[{"t":"idOrVar","v":"value"}," שעות אחרי"],"two":[{"t":"idOrVar","v":"value"}," שעתיים אחרי"],"zero":"0 שעות אחרי"},"$x":[{"t":"idOrVar","v":"plural"},"value"]},{"$i":"days-after","$v":{"few":[{"t":"idOrVar","v":"value"}," ימים אחרי"],"many":[{"t":"idOrVar","v":"value"}," יום אחרי"],"one":"יום אחרי","other":[{"t":"idOrVar","v":"value"}," ימים אחרי"],"two":[{"t":"idOrVar","v":"value"}," ימים אחרי"],"zero":"0 ימים אחרי"},"$x":[{"t":"idOrVar","v":"plural"},"value"]},{"$i":"weeks-after","$v":{"few":[{"t":"idOrVar","v":"value"}," שבועות אחרי"],"many":[{"t":"idOrVar","v":"value"}," שבועות אחרי"],"one":"שבוע אחרי","other":[{"t":"idOrVar","v":"value"}," שבועות אחרי"],"two":[{"t":"idOrVar","v":"value"}," שבועיים אחרי"],"zero":"0 שבועות אחרי"},"$x":[{"t":"idOrVar","v":"plural"},"value"]},{"$i":"months-after","$v":{"few":[{"t":"idOrVar","v":"value"}," חודשים אחרי"],"many":[{"t":"idOrVar","v":"value"}," חודש אחרי"],"one":"חודש אחרי","other":[{"t":"idOrVar","v":"value"}," חודשים אחרי"],"two":[{"t":"idOrVar","v":"value"}," חודשיים אחרי"],"zero":"0 חודשים אחרי"},"$x":[{"t":"idOrVar","v":"plural"},"value"]},{"$i":"years-after","$v":{"few":[{"t":"idOrVar","v":"value"}," שנים אחרי"],"many":[{"t":"idOrVar","v":"value"}," שנה אחרי"],"one":"שנה אחרי","other":[{"t":"idOrVar","v":"value"}," שנים אחרי"],"two":[{"t":"idOrVar","v":"value"}," שנתיים אחרי"],"zero":"0 שנים אחרי"},"$x":[{"t":"idOrVar","v":"plural"},"value"]},{"$i":"event-notice-timeformat","$v":[{"t":"idOrVar","v":"start"}," - ",{"t":"idOrVar","v":"end"}]},{"$i":"tomorrow-event-notice-timeformat","$v":["מחר, ",{"t":"idOrVar","v":"start"}," - ",{"t":"idOrVar","v":"end"}]},{"$i":"today-all-day-event","$v":"היום"},{"$i":"tomorrow-all-day-event","$v":"מחר"},{"$i":"hour-format12","$v":"%I"},{"$i":"hour-format24","$v":"%H"},{"$i":"week-hour-format12","$v":"%I"},{"$i":"week-hour-format24","$v":"%H"},{"$i":"hour-allday","$v":"כול היום"},{"$i":"kai-week-day","$v":"%a\\n%e"},{"$i":"current-time12","$v":"%I:%M"},{"$i":"current-time24","$v":"%H:%M"},{"$i":"multi-month-view-header-format","$v":"%B %Y"},{"$i":"day-view-header-format","$v":"%A, %B %e"},{"$i":"months-day-view-header-format","$v":"%A, %B %e"},{"$i":"months-day-view-header-format-small","$v":{"$o":"%a <br/> %b, %e"}},{"$i":"week-view-header-format","$v":["שבוע ",{"t":"idOrVar","v":"value"},", %B %Y"]},{"$i":"longDateFormat","$v":"%A, ‏%B %e, ‏%Y"},{"$i":"longTimeFormat","$v":"%A %B %d"},{"$i":"longTimeFormat12","$v":"%A %B %d %I %p"},{"$i":"longTimeFormat24","$v":"בשעה %A %B %d %H"},{"$i":"weekTimeFormat12","$v":"%I %p"},{"$i":"weekTimeFormat24","$v":"בשעה %H"},{"$i":"weekDayFormat","$v":"%A ה %d"},{"$i":"alldayLongTimeFormat","$v":"%A %B %d כול היום"},{"$i":"dayHour12","$v":"%I %p"},{"$i":"dayHour24","$v":"בשעה %H"},{"$i":"longDateTime12","$v":"%I %p, %a, %d %b, %Y"},{"$i":"longDateTime24","$v":"%H, %a, %d %b, %Y"},{"$i":"upcoming-events","$v":"אירועים קרובים"},{"$i":"search-results","$v":"תוצאות חיפוש"},{"$i":"no-event-found","$v":"לא נמצאו אירועים"},{"$i":"longDateTimeNew12","$v":"%a, ‏%B %e, ‏%Y, ‏%I:%M %p"},{"$i":"longDateTimeNew24","$v":"%a, ‏%B %e, ‏%Y, ‏%H:%M"},{"$i":"longDateTimeNewNoHour12","$v":"%a, ‏%B %e, ‏%Y"},{"$i":"longDateTimeNewNoHour24","$v":"%a, ‏%B %e, ‏%Y"},{"$i":"error-start-date-after-end-date","$v":"האירוע אינו יכול להסתיים לפני תאריך ההתחלה שלו."},{"$i":"error-start-time-after-end-time","$v":"האירוע אינו יכול להסתיים לפני תאריך ההתחלה שלו."},{"$i":"error-unauthenticated","$v":"שם משתמש או סיסמה שגויים, נא לנסות שוב."},{"$i":"error-internal-server-error","$v":"שגיאת שרת, נא לנסות שוב."},{"$i":"error-unkown","$v":"השרת לא זמין. נסה שוב מאוחר יותר."},{"$i":"error-default","$v":"משהו אינו בסדר. נסה שוב אחר כך."},{"$i":"error-offline","$v":"אין חיבור אינטרנט."},{"$i":"error-account-exist","$v":"החשבון הזה כבר קיים."},{"$i":"error-confirmation-title","$v":"שגיאה"},{"$i":"error-edit-online-event","$v":"עריכת האירוע המקוון נכשלה מכיוון שאין חיבור לאינטרנט."},{"$i":"error-delete-online-event","$v":"מחיקת האירוע המקוון נכשלה עקב חיבור לאינטרנט."},{"$i":"error-add-online-event","$v":"הוספת האירוע המקוון נכשלה מכיוון שאין חיבור לאינטרנט."},{"$i":"error-start-date-before-seleced-day","$v":"האירוע אינו יכול להתחיל לפני התאריך הנוכחי."},{"$i":"notification-error-sync-title","$v":"שגיאת סנכרון לוח שנה"},{"$i":"notification-error-sync-description","$v":"הקש למידע נוסף"},{"$i":"notification-error-caldav-sync-title","$v":"שגיאת חשבון"},{"$i":"notification-error-caldav-sync-description","$v":"היכנס שוב"},{"$i":"weekday-0-single-char","$v":"א","ariaLabel":"יום א'"},{"$i":"weekday-1-single-char","$v":"ב","ariaLabel":"יום ב'"},{"$i":"weekday-2-single-char","$v":"ג","ariaLabel":"שלישי"},{"$i":"weekday-3-single-char","$v":"ד","ariaLabel":"רביעי"},{"$i":"weekday-4-single-char","$v":"ה","ariaLabel":"חמישי"},{"$i":"weekday-5-single-char","$v":"ו","ariaLabel":"שישי"},{"$i":"weekday-6-single-char","$v":"ש","ariaLabel":"שבת"},{"$i":"busy","$v":{"few":[{"t":"idOrVar","v":"n"}," אירועים"],"many":[{"t":"idOrVar","v":"n"}," אירועים"],"one":[{"t":"idOrVar","v":"n"}," אירוע"],"other":[{"t":"idOrVar","v":"n"}," אירועים"],"two":[{"t":"idOrVar","v":"n"}," אירועים"],"zero":"אין אירועים"},"$x":[{"t":"idOrVar","v":"plural"},"n"]},{"$i":"present","ariaLabel":"היום"},{"$i":"past-other-month-description","ariaLabel":"חודש אחר"},{"$i":"future-other-month-description","ariaLabel":"חודש אחר"},{"$i":"icon-calendar-alarm","ariaLabel":"יש לו התרעה"},{"$i":"calendars","ariaLabel":"לוחות שנה"},{"$i":"multi-day-new-event-link","ariaLabel":"הוסף אירוע"},{"$i":"title","ariaLabel":"כותרת"},{"$i":"location","ariaLabel":"מיקום"},{"$i":"duration","ariaLabel":"משך זמן"},{"$i":"calendar","ariaLabel":"לוח שנה"},{"$i":"alarms","ariaLabel":"שעונים מעוררים"},{"$i":"description","ariaLabel":"תיאור"},{"$i":"start-date","ariaLabel":"תאריך תחילה"},{"$i":"start-time","ariaLabel":"שעת תחילה"},{"$i":"end-date","ariaLabel":"תאריך סיום"},{"$i":"end-time","ariaLabel":"זמן סיום"},{"$i":"during-progress-loading","ariaValueText":"טוען"},{"$i":"all-day","ariaLabel":"כול היום"},{"$i":"create-event","ariaLabel":"צור אירוע"},{"$i":"create-all-day-event","ariaLabel":"צור אירוע כל היום"},{"$i":"event-one-day-duration","ariaLabel":["משעה ",{"t":"idOrVar","v":"startTime"}," עד שעה ",{"t":"idOrVar","v":"endTime"}]},{"$i":"week-event-one-day-duration","ariaLabel":[{"t":"idOrVar","v":"startDate"}," מ-",{"t":"idOrVar","v":"startTime"}," עד ",{"t":"idOrVar","v":"endTime"}]},{"$i":"event-multiple-day-duration","ariaLabel":["מאז ",{"t":"idOrVar","v":"startTime"}," ",{"t":"idOrVar","v":"startDate"}," עד ",{"t":"idOrVar","v":"endTime"}," ",{"t":"idOrVar","v":"endDate"}]},{"$i":"kai-event-added","$v":"האירוע נוסף."},{"$i":"kai-event-updated","$v":"האירוע עודכן."},{"$i":"kai-event-deleted","$v":"האירוע נמחק."},{"$i":"kai-change-save","$v":"השינויים נשמרו"},{"$i":"event-sync-failure","$v":"לא ניתן לסנכרן עם לוח השנה המקוון."},{"$i":"kai-event-calendar","$v":"לוח שנה"},{"$i":"kai-single-event","$v":"מִקרֶה"},{"$i":"kai-event-count","$v":"אירועים"},{"$i":"kai-sync-progress-syncing","$v":"מסנכרן"},{"$i":"kai-sync-progress-complete","$v":"לוח שנה מעודכן."},{"$i":"kai-sync-sync-switch-close","$v":"לא ניתן לסנכרן את החשבון מכיוון שהסנכרון הושבת."},{"$i":"kai-settings-sounds","$v":"צלילים"},{"$i":"kai-tones","$v":"צלילים"},{"$i":"kai-multi-events","$v":"אירועים"},{"$i":"kai-confirmation-title","$v":"אישור"},{"$i":"kai-delete-selectedEvent-confirmation","$v":"למחוק אירוע שנבחר?"},{"$i":"kai-deleteEvent-confirmation","$v":"למחוק אירוע?"},{"$i":"kai-event-search-header","$v":"חפש","placeholder":"חפש"},{"$i":"kai-event-search-upcoming-events","$v":"אירועים קרובים"},{"$i":"kai-delete","$v":"מחק"},{"$i":"kai-cancel","$v":"ביטול"},{"$i":"kai-dialog-delete-sel","$v":"האם אתה בטוח שברצונך למחוק אירוע שנבחר?"},{"$i":"kai-delete-title","$v":"מחק אירוע"},{"$i":"kai-save-changes","$v":"שמור שינויים?"},{"$i":"kai-save-message-back","$v":"כל הנתונים שהוזנו יאבדו. האם ברצונך לשמור שינויים?"},{"$i":"kai-save-message-close","$v":"היישום ייסגר עם אובדן נתונים. האם ברצונך לשמור שינויים?"},{"$i":"yes","$v":"כן"},{"$i":"no","$v":"לא"},{"$i":"confirmation","$v":"אישור"},{"$i":"ok","$v":"OK"},{"$i":"delete-event","$v":"למחוק אירוע?"},{"$i":"edit-event-no-net","$v":"עריכת האירוע המקוון נכשלה מכיוון שאין חיבור לאינטרנט."},{"$i":"kai-settings-header","$v":"לוח שנה לתצוגה"},{"$i":"kai-syncing","$v":"מסנכרן ..."},{"$i":"kai-syncing-header","$v":"סנכרון חשבון"},{"$i":"select","$v":"בחר"},{"$i":"add-event","$v":"הוסף אירוע"},{"$i":"week-view","$v":"תצוגת שבוע"},{"$i":"day-view","$v":"תצוגת יום"},{"$i":"month-view","$v":"תצוגת חודש"},{"$i":"today","$v":"היום"},{"$i":"go","$v":"עבור לתאריך"},{"$i":"search","$v":"חפש"},{"$i":"calendar-to-display","$v":"לוח שנה לתצוגה"},{"$i":"settings","$v":"הגדרות"},{"$i":"delete","$v":"מחק"},{"$i":"enter","$v":"הזן"},{"$i":"sync-calendar","$v":"סנכרן לוח שנה"},{"$i":"lunar-calendar","$v":"ימי ירח"},{"$i":"present-description","$v":["היום ",{"t":"idOrVar","v":"weekday"},", ",{"t":"idOrVar","v":"date"}," בחודש"]},{"$i":"day-description","$v":["יום ",{"t":"idOrVar","v":"weekday"}," ",{"t":"idOrVar","v":"date"}," בחודש"]},{"$i":"weekday-5","$v":"שישי"},{"$i":"weekday-4","$v":"חמישי"},{"$i":"weekday-3","$v":"רביעי"},{"$i":"weekday-2","$v":"שלישי"},{"$i":"weekday-1","$v":"יום ב'"},{"$i":"weekday-0","$v":"יום א'"},{"$i":"weekday-6","$v":"שבת"},{"$i":"no-title","$v":"ללא כותרת"},{"$i":"account-sync-off-tip","$v":"הפעל את הסנכרון עבור חשבון זה כדי לערוך או למחוק אירוע."},{"$i":"weekday-0-long","$v":"ראשון"},{"$i":"weekday-1-long","$v":"שני"},{"$i":"weekday-2-long","$v":"שלישי"},{"$i":"weekday-3-long","$v":"רביעי"},{"$i":"weekday-4-long","$v":"חמישי"},{"$i":"weekday-5-long","$v":"שישי"},{"$i":"weekday-6-long","$v":"שבת"},{"$i":"weekday-0-short","$v":"א'"},{"$i":"weekday-1-short","$v":"ב'"},{"$i":"weekday-2-short","$v":"ג'"},{"$i":"weekday-3-short","$v":"ד'"},{"$i":"weekday-4-short","$v":"ה'"},{"$i":"weekday-5-short","$v":"ו'"},{"$i":"weekday-6-short","$v":"ש'"},{"$i":"month-0-long","$v":"ינואר"},{"$i":"month-1-long","$v":"פברואר"},{"$i":"month-2-long","$v":"מרץ"},{"$i":"month-3-long","$v":"אפריל"},{"$i":"month-4-long","$v":"מאי"},{"$i":"month-5-long","$v":"יוני"},{"$i":"month-6-long","$v":"יולי"},{"$i":"month-7-long","$v":"אוגוסט"},{"$i":"month-8-long","$v":"ספטמבר"},{"$i":"month-9-long","$v":"אוקטובר"},{"$i":"month-10-long","$v":"נובמבר"},{"$i":"month-11-long","$v":"דצמבר"},{"$i":"month-0-genitive","$v":"ינואר"},{"$i":"month-1-genitive","$v":"פברואר"},{"$i":"month-2-genitive","$v":"מרץ"},{"$i":"month-3-genitive","$v":"אפריל"},{"$i":"month-4-genitive","$v":"מאי"},{"$i":"month-5-genitive","$v":"יוני"},{"$i":"month-6-genitive","$v":"יולי"},{"$i":"month-7-genitive","$v":"אוגוסט"},{"$i":"month-8-genitive","$v":"ספטמבר"},{"$i":"month-9-genitive","$v":"אוקטובר"},{"$i":"month-10-genitive","$v":"נובמבר"},{"$i":"month-11-genitive","$v":"דצמבר"},{"$i":"month-0-short","$v":"ינו"},{"$i":"month-1-short","$v":"פבר"},{"$i":"month-2-short","$v":"מרץ"},{"$i":"month-3-short","$v":"אפר"},{"$i":"month-4-short","$v":"מאי"},{"$i":"month-5-short","$v":"יונ"},{"$i":"month-6-short","$v":"יול"},{"$i":"month-7-short","$v":"אוג"},{"$i":"month-8-short","$v":"ספט"},{"$i":"month-9-short","$v":"אוק"},{"$i":"month-10-short","$v":"נוב"},{"$i":"month-11-short","$v":"דצמ"},{"$i":"days-ago-long","$v":{"few":["לפני ",{"t":"idOrVar","v":"value"}," ימים"],"many":["לפני ",{"t":"idOrVar","v":"value"}," ימים"],"one":"אתמול","other":["לפני ",{"t":"idOrVar","v":"value"}," ימים"],"two":["לפני ",{"t":"idOrVar","v":"value"}," ימים"],"zero":"היום"},"$x":[{"t":"idOrVar","v":"plural"},"value"]},{"$i":"weeks-ago-long","$v":{"few":["לפני ",{"t":"idOrVar","v":"value"}," שבועות"],"many":["לפני ",{"t":"idOrVar","v":"value"}," שבועות"],"one":"השבוע שעבר","other":["לפני ",{"t":"idOrVar","v":"value"}," שבועות"],"two":["לפני ",{"t":"idOrVar","v":"value"}," שבועות"],"zero":"השבוע"},"$x":[{"t":"idOrVar","v":"plural"},"value"]},{"$i":"months-ago-long","$v":{"few":["לפני ",{"t":"idOrVar","v":"value"}," חודשים"],"many":["לפני ",{"t":"idOrVar","v":"value"}," חודשים"],"one":"חודש האחרון","other":["לפני ",{"t":"idOrVar","v":"value"}," חודשים"],"two":["לפני ",{"t":"idOrVar","v":"value"}," חודשים"],"zero":"החודש"},"$x":[{"t":"idOrVar","v":"plural"},"value"]},{"$i":"years-ago-long","$v":{"few":["לפני ",{"t":"idOrVar","v":"value"}," שנים"],"many":["לפני ",{"t":"idOrVar","v":"value"}," שנים"],"one":"השנה שעברה","other":["לפני ",{"t":"idOrVar","v":"value"}," שנים"],"two":["לפני ",{"t":"idOrVar","v":"value"}," שנים"],"zero":"השנה"},"$x":[{"t":"idOrVar","v":"plural"},"value"]},{"$i":"minutes-until-long","$v":{"few":["בתוך ",{"t":"idOrVar","v":"value"}," דקות"],"many":["בתוך ",{"t":"idOrVar","v":"value"}," דקות"],"other":["בתוך ",{"t":"idOrVar","v":"value"}," דקות"],"two":["בתוך ",{"t":"idOrVar","v":"value"}," דקות"],"zero":"כעת","one":"תוך דקה"},"$x":[{"t":"idOrVar","v":"plural"},"value"]},{"$i":"hours-until-long","$v":{"few":["בתוך ",{"t":"idOrVar","v":"value"}," שעות"],"many":["בתוך ",{"t":"idOrVar","v":"value"}," שעות"],"other":["בתוך ",{"t":"idOrVar","v":"value"}," שעות"],"two":["בתוך ",{"t":"idOrVar","v":"value"}," שעות"],"zero":"כעת","one":"תוך שעה"},"$x":[{"t":"idOrVar","v":"plural"},"value"]},{"$i":"days-until-long","$v":{"few":["בתוך ",{"t":"idOrVar","v":"value"}," ימים"],"many":["בתוך ",{"t":"idOrVar","v":"value"}," ימים"],"one":"מחר","other":["בתוך ",{"t":"idOrVar","v":"value"}," ימים"],"two":["בתוך ",{"t":"idOrVar","v":"value"}," ימים"],"zero":"היום"},"$x":[{"t":"idOrVar","v":"plural"},"value"]},{"$i":"weeks-until-long","$v":{"few":["בתוך ",{"t":"idOrVar","v":"value"}," שבועות"],"many":["בתוך ",{"t":"idOrVar","v":"value"}," שבועות"],"one":"השבוע הבא","other":["בתוך ",{"t":"idOrVar","v":"value"}," שבועות"],"two":["בתוך ",{"t":"idOrVar","v":"value"}," שבועות"],"zero":"השבוע"},"$x":[{"t":"idOrVar","v":"plural"},"value"]},{"$i":"months-until-long","$v":{"few":["בתוך ",{"t":"idOrVar","v":"value"}," חודשים"],"many":["בתוך ",{"t":"idOrVar","v":"value"}," חודשים"],"one":"החודש הבא","other":["בתוך ",{"t":"idOrVar","v":"value"}," חודשים"],"two":["בתוך ",{"t":"idOrVar","v":"value"}," חודשים"],"zero":"החודש"},"$x":[{"t":"idOrVar","v":"plural"},"value"]},{"$i":"years-until-long","$v":{"few":["בתוך ",{"t":"idOrVar","v":"value"}," שנים"],"many":["בתוך ",{"t":"idOrVar","v":"value"}," שנים"],"one":"השנה הבאה","other":["בתוך ",{"t":"idOrVar","v":"value"}," שנים"],"two":["בתוך ",{"t":"idOrVar","v":"value"}," שנים"],"zero":"השנה"},"$x":[{"t":"idOrVar","v":"plural"},"value"]},{"$i":"minutes-ago-short","$v":{"other":[{"t":"idOrVar","v":"value"}," דק' לפני"],"zero":"בדיוק כעת"},"$x":[{"t":"idOrVar","v":"plural"},"value"]},{"$i":"hours-ago-short","$v":{"other":[{"t":"idOrVar","v":"value"}," שע' לפני"],"zero":"בדיוק כעת"},"$x":[{"t":"idOrVar","v":"plural"},"value"]},{"$i":"days-ago-short","$v":{"other":[{"t":"idOrVar","v":"value"}," ימים לפני"],"zero":"היום"},"$x":[{"t":"idOrVar","v":"plural"},"value"]},{"$i":"minutes-until-short","$v":{"other":["בתוך ",{"t":"idOrVar","v":"value"},"דקות"],"zero":"כעת"},"$x":[{"t":"idOrVar","v":"plural"},"value"]},{"$i":"hours-until-short","$v":{"other":["בתוך ",{"t":"idOrVar","v":"value"},"שעות"],"zero":"כעת"},"$x":[{"t":"idOrVar","v":"plural"},"value"]},{"$i":"days-until-short","$v":{"other":["בתוך ",{"t":"idOrVar","v":"value"},"ימים"],"zero":"היום"},"$x":[{"t":"idOrVar","v":"plural"},"value"]},{"$i":"incorrectDate","$v":"(תאריך שגוי)"},{"$i":"dateTimeFormat_%c","$v":"%a %b %e %Y %I:%M:%S %p"},{"$i":"dateTimeFormat_%x","$v":"%m/%d/%Y"},{"$i":"dateTimeFormat_%X","$v":"%I:%M:%S ‏%p"},{"$i":"shortTimeFormat","$v":"%I:%M %p"},{"$i":"shortTimeFormat12","$v":"%I:%M %p"},{"$i":"shortTimeFormat24","$v":"%H:%M"},{"$i":"shortDateTimeFormat","$v":"%x %I:%M %p"},{"$i":"weekStartsOnMonday","$v":"0.0"},{"$i":"firstDayOfTheWeek","$v":"0.0"},{"$i":"time_am","$v":"בבוקר"},{"$i":"time_pm","$v":"אחר הצהריים"},{"$i":"softkey-options","$v":"אפשרויות"}]