[{"$i":"back","$v":"Til baka"},{"$i":"save","$v":"Vista"},{"$i":"cancel","$v":"H. við"},{"$i":"next","$v":"Áfram"},{"$i":"hide","$v":"Fela"},{"$i":"confirm","$v":"Staðf."},{"$i":"done","$v":"Lokið"},{"$i":"events","$v":"Áminn. um viðb."},{"$i":"edit","$v":"Br."},{"$i":"allday-events","$v":"Áminn. um heilsdagsviðb."},{"$i":"no-events","$v":"Engir viðb."},{"$i":"default","$v":"Sjálfg."},{"$i":"sync","$v":"Samst."},{"$i":"repeat","$v":"Endurtaka"},{"$i":"never","$v":"Aldrei"},{"$i":"every-day","$v":"Alla daga"},{"$i":"every-week","$v":"Í hverri viku"},{"$i":"every-2-weeks","$v":"Á 2 vikna fresti"},{"$i":"every-month","$v":"Hvern mánuð"},{"$i":"view-never","$v":"Endurtaka: Aldrei"},{"$i":"view-every-day","$v":"Endurtaka: Daglega"},{"$i":"view-every-week","$v":"Endurtaka: Vikulega"},{"$i":"view-every-2-weeks","$v":"Endurtaka: á tveggja vikna fresti"},{"$i":"view-every-month","$v":"Endurtaka: Mánaðarlega"},{"$i":"repeat-event-header","$v":"Þetta er endurtekinn viðburður."},{"$i":"delete-this-only","$v":"Eyða þessu aðeins"},{"$i":"delete-all","$v":"Eyða öllu"},{"$i":"event-edit-all","$v":"Breyta öllum viðburðum"},{"$i":"event-edit-all-future","$v":"Breyta öllum komandi viðburðum"},{"$i":"options","$v":"Valkostir"},{"$i":"event-delete-all","$v":"Eyða öllum atburðum"},{"$i":"event-delete-all-future","$v":"Eyða öllum komandi viðburðum"},{"$i":"delete-account","$v":"Eyða reikn."},{"$i":"exchange-account","$v":"ActiveSync"},{"$i":"account-user-name","$v":"Notandanafn"},{"$i":"incorrect-password-description","$v":"Innskr. á þjón tókst ekki. Reyndu aftur."},{"$i":"incorrect-password","$v":"Rangt aðgangsorð"},{"$i":"account-duplicate","$v":"Reikningur þegar til. Kveikt er á samstillingu."},{"$i":"error-account","$v":"Netþjónninn er ekki tiltækur. Reyndu aftur síðar."},{"$i":"error-access-denied","$v":"Óþekkt villa kom upp. Reyndu aftur síðar."},{"$i":"error-time-out","$v":["Ekki er hægt að koma á tengingu við „",{"t":"idOrVar","v":"server"},"“. Hugsanlega kom upp vandamál tengt netinu."]},{"$i":"caldav-account-exist","$v":"Þessi reikningur er þegar til."},{"$i":"save-password","$v":"Lykilorð vistað."},{"$i":"account-login","$v":"Innskráning reiknings"},{"$i":"setting-up-account","$v":"Uppsetning reiknings"},{"$i":"setup-account-usedInfo","$v":"Neðangreind forrit munu nota þennan reikning. Þú getur breytt þessu í Stillingar>Reikningar."},{"$i":"app-calendar","$v":"Dagbók"},{"$i":"show-today","$v":"Í dag"},{"$i":"show-month-view","$v":"Mánuður"},{"$i":"show-week-view","$v":"Vika"},{"$i":"show-day-view","$v":"Dagur"},{"$i":"settings-show","$v":"Still."},{"$i":"settings-hide","$v":"Fela still."},{"$i":"add-account","$v":"Bæta við reikn."},{"$i":"new-event","$v":"Bæta við viðb."},{"$i":"view-event-header","$v":"Uppl. um viðb."},{"$i":"new-event-header","$v":"Bæta við viðb."},{"$i":"edit-event-header","$v":"Br. viðb."},{"$i":"account-header","$v":"activated"},{"$i":"account-list-header","$v":"Reikn."},{"$i":"advanced-settings-short-icon-button","ariaLabel":"Still."},{"$i":"advanced-settings-header","$v":"Still. dagbókar"},{"$i":"advanced-settings-personalization","$v":"Uppf. tíðni"},{"$i":"advanced-settings-reminders","$v":"Áminning"},{"$i":"advanced-settings-add-account","$v":"Bæta við reikn."},{"$i":"field-user","$v":"Notandanafn"},{"$i":"field-password","$v":"Aðgangsorð"},{"$i":"show-password","$v":"Sýna aðgangsorð"},{"$i":"field-full-url","$v":"Vefslóð"},{"$i":"modify-account-setting-up","$v":"Bíddu augnablik á meðan reikn. er upps."},{"$i":"modify-account-unable-to-sync","$v":"Ekki hægt að samst."},{"$i":"modify-account-sign-in","$v":"Skrá inn"},{"$i":"sync-account","$v":"Samstilltu reikning"},{"$i":"deselect","$v":"Afturkalla"},{"$i":"kai-caldav","$v":"CalDav"},{"$i":"kai-yahoo","$v":"Yahoo!"},{"$i":"kai-google","$v":"Google"},{"$i":"preset-mozilla","$v":"Mozilla Zimbra"},{"$i":"calendar-local","$v":"Símadagbók"},{"$i":"event-title","$v":"Titill"},{"$i":"event-location","$v":"Staðsetning"},{"$i":"event-description","$v":"Minnismiðar"},{"$i":"event-is-allday","$v":"Heilsdagsviðb."},{"$i":"event-start-date","$v":"Upphafsdagur"},{"$i":"event-end-date","$v":"Lokadagur"},{"$i":"event-start-time","$v":"Upphafstími"},{"$i":"event-end-time","$v":"Lokatími"},{"$i":"event-delete","$v":"Eyða viðb."},{"$i":"event-is-deleting","$v":"Eyðir …"},{"$i":"remove-account-data","$v":"Fjarl. dagbókarreikning"},{"$i":"remove-account-dialog","$v":"Fjarl. reikn."},{"$i":"remove-account-dialog-details","$v":"Ef þú eyðir þessum reikningi mun það einnig hafa áhrif á forrit sem nota þennan reikning."},{"$i":"remove","$v":"Fjarlægja"},{"$i":"drawer-sync-icon-button","ariaLabel":"Samst."},{"$i":"sync-progress-syncing","ariaValueText":"Samst."},{"$i":"sync-progress-complete","ariaValueText":"Samst. lokið"},{"$i":"sync-frequency","$v":"Samst. dagbók"},{"$i":"sync-frequency-15min","$v":"Á 15 mín. fresti"},{"$i":"sync-frequency-30min","$v":"Á 30 mín. fresti"},{"$i":"sync-frequency-manual","$v":"Handv."},{"$i":"from","$v":"Frá"},{"$i":"to","$v":"Til"},{"$i":"one-day-duration-title","$v":[{"t":"idOrVar","v":"startDate"}]},{"$i":"one-day-duration-content","$v":["frá ",{"t":"idOrVar","v":"startTime"}," til ",{"t":"idOrVar","v":"endTime"}]},{"$i":"multiple-day-duration-title","$v":[{"t":"idOrVar","v":"startTime"}," ",{"t":"idOrVar","v":"startDate"}]},{"$i":"multiple-day-duration-content","$v":[{"t":"idOrVar","v":"endTime"}," ",{"t":"idOrVar","v":"endDate"}]},{"$i":"one-all-day-duration-title","$v":[{"t":"idOrVar","v":"startDate"}]},{"$i":"all-day-duration-content","$v":"Allur dagurinn"},{"$i":"multiple-all-day-duration-title","$v":["Frá ",{"t":"idOrVar","v":"startDate"}]},{"$i":"multiple-all-day-duration-content","$v":["Til ",{"t":"idOrVar","v":"endDate"}]},{"$i":"none","$v":"Ekkert"},{"$i":"reminder","$v":"Áminning"},{"$i":"remind-me","$v":"Minna mig á"},{"$i":"alarm-at-event-standard","$v":"Samtímis og viðburður"},{"$i":"alarm-at-event-allday","$v":"Á degi viðburðar"},{"$i":"alarm-at-event-allday-hour12","$v":"Á degi viðburðar (9:00 fh)"},{"$i":"alarm-at-event-allday-hour24","$v":"Á degi viðburðar (09:00)"},{"$i":"notice-now","$v":"Byrjar núna"},{"$i":"notice-5-minutes-before","$v":"Byrjar eftir 5 mínútur"},{"$i":"notice-15-minutes-before","$v":"Byrjar eftir 15 mínútur"},{"$i":"notice-30-minutes-before","$v":"Byrjar eftir 30 mínútur"},{"$i":"notice-1-hour-before","$v":"Byrjar eftir 1 klukkustund"},{"$i":"notice-2-hours-before","$v":"Byrjar eftir 2 klukkustundir"},{"$i":"notice-1-day-before","$v":"Byrjar á morgun"},{"$i":"notice-on-day-event-all","$v":"Byrjar í dag"},{"$i":"notice-1-day-before-all","$v":"Byrjar á morgun"},{"$i":"notice-2-day-before-all","$v":"Byrjar eftir 2 daga"},{"$i":"notice-weeks-before-all","$v":["Byrjar ",{"t":"idOrVar","v":"startDate"}]},{"$i":"days-ago-yesterday","$v":["Í gær ",{"t":"idOrVar","v":"timeString"}]},{"$i":"days-ago-today","$v":["Í dag ",{"t":"idOrVar","v":"timeString"}]},{"$i":"days-ago-yesterday-single","$v":"Í gær"},{"$i":"days-ago-today-single","$v":"Í dag"},{"$i":"alarm-started-notices","$v":["Byrjað ",{"t":"idOrVar","v":"distance"}]},{"$i":"alarm-starting-notices","$v":["Byrjar ",{"t":"idOrVar","v":"distance"}]},{"$i":"minutes-ago-long","$v":{"few":["Fyrir ",{"t":"idOrVar","v":"value"}," mín."],"many":["Fyrir ",{"t":"idOrVar","v":"value"}," mín."],"other":["Fyrir ",{"t":"idOrVar","v":"value"}," mín."],"two":["Fyrir ",{"t":"idOrVar","v":"value"}," mín."],"one":"fyrir mínútu","zero":"rétt í þessu"},"$x":[{"t":"idOrVar","v":"plural"},"value"]},{"$i":"hours-ago-long","$v":{"few":["Fyrir ",{"t":"idOrVar","v":"value"}," klst."],"many":["Fyrir ",{"t":"idOrVar","v":"value"}," klst."],"other":["Fyrir ",{"t":"idOrVar","v":"value"}," klst."],"two":["Fyrir ",{"t":"idOrVar","v":"value"}," klst."],"one":"1 klst","zero":"rétt í þessu"},"$x":[{"t":"idOrVar","v":"plural"},"value"]},{"$i":"alarm-start-notice","$v":[{"t":"idOrVar","v":"title"}," ræsist ",{"t":"idOrVar","v":"distance"}]},{"$i":"alarm-started-notice","$v":[{"t":"idOrVar","v":"title"}," ræst ",{"t":"idOrVar","v":"distance"}]},{"$i":"alarm-start-notice-two-days","$v":[{"t":"idOrVar","v":"title"}," hefst eftir tvo daga"]},{"$i":"alarm-start-notice-few-days","$v":[{"t":"idOrVar","v":"title"}," hefst á ",{"t":"idOrVar","v":"distance"}]},{"$i":"days-before-hour12","$v":{"few":[{"t":"idOrVar","v":"value"}," dögum áður (9:00 fh)"],"many":[{"t":"idOrVar","v":"value"}," dögum áður (9:00 fh)"],"one":"1 degi áður (9:00 fh)","other":[{"t":"idOrVar","v":"value"}," dögum áður (9:00 fh)"],"two":[{"t":"idOrVar","v":"value"}," dögum áður (9:00 fh)"],"zero":"0 dögum áður (9:00 fh)"},"$x":[{"t":"idOrVar","v":"plural"},"value"]},{"$i":"weeks-before-hour12","$v":{"few":[{"t":"idOrVar","v":"value"}," vikum áður (9:00 fh)"],"many":[{"t":"idOrVar","v":"value"}," vikum áður (9:00 fh)"],"one":"1 viku áður (9:00 fh)","other":[{"t":"idOrVar","v":"value"}," vikum áður (9:00 fh)"],"two":[{"t":"idOrVar","v":"value"}," vikum áður (9:00 fh)"],"zero":"0 vikum áður (9:00 fh)"},"$x":[{"t":"idOrVar","v":"plural"},"value"]},{"$i":"days-before-hour24","$v":{"few":[{"t":"idOrVar","v":"value"}," dögum áður (09:00)"],"many":[{"t":"idOrVar","v":"value"}," dögum áður (09:00)"],"one":"1 degi áður (09:00)","other":[{"t":"idOrVar","v":"value"}," dögum áður (09:00)"],"two":[{"t":"idOrVar","v":"value"}," dögum áður (09:00)"],"zero":"0 dögum áður (09:00)"},"$x":[{"t":"idOrVar","v":"plural"},"value"]},{"$i":"weeks-before-hour24","$v":{"few":[{"t":"idOrVar","v":"value"}," vikum áður (09:00)"],"many":[{"t":"idOrVar","v":"value"}," vikum áður (09:00)"],"one":"1 viku áður (09:00)","other":[{"t":"idOrVar","v":"value"}," vikum áður (09:00)"],"two":[{"t":"idOrVar","v":"value"}," vikum áður (09:00)"],"zero":"0 vikum áður (09:00)"},"$x":[{"t":"idOrVar","v":"plural"},"value"]},{"$i":"minutes-before","$v":{"few":[{"t":"idOrVar","v":"value"}," mín. áður"],"many":[{"t":"idOrVar","v":"value"}," mín. áður"],"one":"1 mín. áður","other":[{"t":"idOrVar","v":"value"}," mín. áður"],"two":[{"t":"idOrVar","v":"value"}," mín. áður"],"zero":"0 mín. áður"},"$x":[{"t":"idOrVar","v":"plural"},"value"]},{"$i":"hours-before","$v":{"few":[{"t":"idOrVar","v":"value"}," klst. áður"],"many":[{"t":"idOrVar","v":"value"}," klst. áður"],"one":"1 klst. áður","other":[{"t":"idOrVar","v":"value"}," klst. áður"],"two":[{"t":"idOrVar","v":"value"}," klst. áður"],"zero":"0 klst. áður"},"$x":[{"t":"idOrVar","v":"plural"},"value"]},{"$i":"days-before","$v":{"few":[{"t":"idOrVar","v":"value"}," dögum áður"],"many":[{"t":"idOrVar","v":"value"}," dögum áður"],"one":"1 degi áður","other":[{"t":"idOrVar","v":"value"}," dögum áður"],"two":[{"t":"idOrVar","v":"value"}," dögum áður"],"zero":"0 dögum áður"},"$x":[{"t":"idOrVar","v":"plural"},"value"]},{"$i":"weeks-before","$v":{"few":[{"t":"idOrVar","v":"value"}," vikum áður"],"many":[{"t":"idOrVar","v":"value"}," vikum áður"],"one":"1 viku áður","other":[{"t":"idOrVar","v":"value"}," vikum áður"],"two":[{"t":"idOrVar","v":"value"}," vikum áður"],"zero":"0 vikum áður"},"$x":[{"t":"idOrVar","v":"plural"},"value"]},{"$i":"months-before","$v":{"few":[{"t":"idOrVar","v":"value"}," mán. áður"],"many":[{"t":"idOrVar","v":"value"}," mán. áður"],"one":"1 mán. áður","other":[{"t":"idOrVar","v":"value"}," mán. áður"],"two":[{"t":"idOrVar","v":"value"}," mán. áður"],"zero":"0 mán. áður"},"$x":[{"t":"idOrVar","v":"plural"},"value"]},{"$i":"years-before","$v":{"few":[{"t":"idOrVar","v":"value"}," árum áður"],"many":[{"t":"idOrVar","v":"value"}," árum áður"],"one":"1 ári áður","other":[{"t":"idOrVar","v":"value"}," árum áður"],"two":[{"t":"idOrVar","v":"value"}," árum áður"],"zero":"0 árum áður"},"$x":[{"t":"idOrVar","v":"plural"},"value"]},{"$i":"minutes-after","$v":{"few":[{"t":"idOrVar","v":"value"}," mín. á eftir"],"many":[{"t":"idOrVar","v":"value"}," mín. á eftir"],"one":"1 mín. á eftir","other":[{"t":"idOrVar","v":"value"}," mín. á eftir"],"two":[{"t":"idOrVar","v":"value"}," mín. á eftir"],"zero":"0 mín. á eftir"},"$x":[{"t":"idOrVar","v":"plural"},"value"]},{"$i":"hours-after","$v":{"few":[{"t":"idOrVar","v":"value"}," klst. á eftir"],"many":[{"t":"idOrVar","v":"value"}," klst. á eftir"],"one":"1 klst. á eftir","other":[{"t":"idOrVar","v":"value"}," klst. á eftir"],"two":[{"t":"idOrVar","v":"value"}," klst. á eftir"],"zero":"0 klst. á eftir"},"$x":[{"t":"idOrVar","v":"plural"},"value"]},{"$i":"days-after","$v":{"few":[{"t":"idOrVar","v":"value"}," dögum á eftir"],"many":[{"t":"idOrVar","v":"value"}," dögum á eftir"],"one":"1 degi á eftir","other":[{"t":"idOrVar","v":"value"}," dögum á eftir"],"two":[{"t":"idOrVar","v":"value"}," dögum á eftir"],"zero":"0 dögum á eftir"},"$x":[{"t":"idOrVar","v":"plural"},"value"]},{"$i":"weeks-after","$v":{"few":[{"t":"idOrVar","v":"value"}," vikum á eftir"],"many":[{"t":"idOrVar","v":"value"}," vikum á eftir"],"one":"1 viku á eftir","other":[{"t":"idOrVar","v":"value"}," vikum á eftir"],"two":[{"t":"idOrVar","v":"value"}," vikum á eftir"],"zero":"0 vikum á eftir"},"$x":[{"t":"idOrVar","v":"plural"},"value"]},{"$i":"months-after","$v":{"few":[{"t":"idOrVar","v":"value"}," mán. á eftir"],"many":[{"t":"idOrVar","v":"value"}," mán. á eftir"],"one":"1 mán. á eftir","other":[{"t":"idOrVar","v":"value"}," mán. á eftir"],"two":[{"t":"idOrVar","v":"value"}," mán. á eftir"],"zero":"0 mán. á eftir"},"$x":[{"t":"idOrVar","v":"plural"},"value"]},{"$i":"years-after","$v":{"few":[{"t":"idOrVar","v":"value"}," árum á eftir"],"many":[{"t":"idOrVar","v":"value"}," árum á eftir"],"one":"1 ári á eftir","other":[{"t":"idOrVar","v":"value"}," árum á eftir"],"two":[{"t":"idOrVar","v":"value"}," árum á eftir"],"zero":"0 árum á eftir"},"$x":[{"t":"idOrVar","v":"plural"},"value"]},{"$i":"event-notice-timeformat","$v":[{"t":"idOrVar","v":"start"}," - ",{"t":"idOrVar","v":"end"}]},{"$i":"tomorrow-event-notice-timeformat","$v":["Á morgun, ",{"t":"idOrVar","v":"start"},"–",{"t":"idOrVar","v":"end"}]},{"$i":"today-all-day-event","$v":"Í dag"},{"$i":"tomorrow-all-day-event","$v":"á morgun"},{"$i":"hour-format12","$v":"%I"},{"$i":"hour-format24","$v":"%H"},{"$i":"week-hour-format12","$v":"%I"},{"$i":"week-hour-format24","$v":"%H"},{"$i":"hour-allday","$v":"Allan daginn"},{"$i":"kai-week-day","$v":"%a\\n%e"},{"$i":"current-time12","$v":"%I:%M"},{"$i":"current-time24","$v":"%H:%M"},{"$i":"multi-month-view-header-format","$v":"%B %Y"},{"$i":"day-view-header-format","$v":"%A, %B %e"},{"$i":"months-day-view-header-format","$v":"%A, %B %e"},{"$i":"months-day-view-header-format-small","$v":{"$o":"%a <br/> %b, %e"}},{"$i":"week-view-header-format","$v":["Vika ",{"t":"idOrVar","v":"value"},", %B %Y"]},{"$i":"longDateFormat","$v":"%A, %B %e, %Y"},{"$i":"longTimeFormat","$v":"%A %B %d"},{"$i":"longTimeFormat12","$v":"%A %B %d %I %p"},{"$i":"longTimeFormat24","$v":"%A %B %d klukkan %H"},{"$i":"weekTimeFormat12","$v":"%I %p"},{"$i":"weekTimeFormat24","$v":"Klukkan %H"},{"$i":"weekDayFormat","$v":"%A %d"},{"$i":"alldayLongTimeFormat","$v":"%A %B %d allan daginn"},{"$i":"dayHour12","$v":"%I %p"},{"$i":"dayHour24","$v":"Klukkan %H"},{"$i":"longDateTime12","$v":"%I %p, %a, %d %b, %Y"},{"$i":"longDateTime24","$v":"%H, %a, %d %b, %Y"},{"$i":"upcoming-events","$v":"Næstu viðburðir"},{"$i":"search-results","$v":"Leitarniðurstöður"},{"$i":"no-event-found","$v":"Engir viðb. fundust"},{"$i":"longDateTimeNew12","$v":"%a, %B %e, %Y, %I:%M %p"},{"$i":"longDateTimeNew24","$v":"%a, %B %e, %Y, %H:%M"},{"$i":"longDateTimeNewNoHour12","$v":"%a, %B %e, %Y"},{"$i":"longDateTimeNewNoHour24","$v":"%a, %B %e, %Y"},{"$i":"error-start-date-after-end-date","$v":"Viðburðurinn getur ekki endað fyrir upphafsdag."},{"$i":"error-start-time-after-end-time","$v":"Viðburðurinn getur ekki endað fyrir upphafsdag."},{"$i":"error-unauthenticated","$v":"Rangt notandanafn/aðgangsorð, rey. aft."},{"$i":"error-internal-server-error","$v":"Villa á netþjóni, reyndu aftur."},{"$i":"error-unkown","$v":"Netþjónninn er ekki tiltækur. Reyndu aftur síðar."},{"$i":"error-default","$v":"Eitthv. er að. Rey. aft. síð."},{"$i":"error-offline","$v":"Engin internettenging."},{"$i":"error-account-exist","$v":"Þessi reikningur er þegar til."},{"$i":"error-confirmation-title","$v":"Villa"},{"$i":"error-edit-online-event","$v":"Ekki tókst að breyta viðburði á netinu því engin nettenging er til staðar."},{"$i":"error-delete-online-event","$v":"Ekki tókst að eyða viðburði á netinu vegna þess að engin internettenging var gerð."},{"$i":"error-add-online-event","$v":"Ekki tókst að bæta við viðburði á netinu því engin nettenging er til staðar."},{"$i":"error-start-date-before-seleced-day","$v":"Viðburður getur ekki hafist f. núv. dags."},{"$i":"notification-error-sync-title","$v":"Samstillvilla í dagb."},{"$i":"notification-error-sync-description","$v":"Pikkaðu til að fá frek. uppl."},{"$i":"notification-error-caldav-sync-title","$v":"Reiknings Villa"},{"$i":"notification-error-caldav-sync-description","$v":"Skráðu þig inn aftur"},{"$i":"weekday-0-single-char","$v":"S","ariaLabel":"Sunnud."},{"$i":"weekday-1-single-char","$v":"M","ariaLabel":"Mánudagur"},{"$i":"weekday-2-single-char","$v":"Þ","ariaLabel":"Þriðjud."},{"$i":"weekday-3-single-char","$v":"M","ariaLabel":"Miðvikud."},{"$i":"weekday-4-single-char","$v":"F","ariaLabel":"Fimmtud."},{"$i":"weekday-5-single-char","$v":"F","ariaLabel":"Föstudagur"},{"$i":"weekday-6-single-char","$v":"L","ariaLabel":"Laugardagur"},{"$i":"busy","$v":{"few":[{"t":"idOrVar","v":"n"}," viðb."],"many":[{"t":"idOrVar","v":"n"}," viðb."],"one":[{"t":"idOrVar","v":"n"}," viðb."],"other":[{"t":"idOrVar","v":"n"}," viðb."],"two":[{"t":"idOrVar","v":"n"}," viðb."],"zero":"Engir viðb."},"$x":[{"t":"idOrVar","v":"plural"},"n"]},{"$i":"present","ariaLabel":"Í dag"},{"$i":"past-other-month-description","ariaLabel":"Annar mánuður"},{"$i":"future-other-month-description","ariaLabel":"Annar mánuður"},{"$i":"icon-calendar-alarm","ariaLabel":"Er með vekjara"},{"$i":"calendars","ariaLabel":"Dagbækur"},{"$i":"multi-day-new-event-link","ariaLabel":"Bæta við viðb."},{"$i":"title","ariaLabel":"Titill"},{"$i":"location","ariaLabel":"Staðsetning"},{"$i":"duration","ariaLabel":"Lengd"},{"$i":"calendar","ariaLabel":"Dagbók"},{"$i":"alarms","ariaLabel":"Vekjarar"},{"$i":"description","ariaLabel":"Lýsing"},{"$i":"start-date","ariaLabel":"Upphafsdagur"},{"$i":"start-time","ariaLabel":"Upphafstími"},{"$i":"end-date","ariaLabel":"Lokadagur"},{"$i":"end-time","ariaLabel":"Lokatími"},{"$i":"during-progress-loading","ariaValueText":"Hleður"},{"$i":"all-day","ariaLabel":"Allan daginn"},{"$i":"create-event","ariaLabel":"Búa til viðb."},{"$i":"create-all-day-event","ariaLabel":"Búa til heilsdagsviðb."},{"$i":"event-one-day-duration","ariaLabel":["frá ",{"t":"idOrVar","v":"startTime"}," til ",{"t":"idOrVar","v":"endTime"}]},{"$i":"week-event-one-day-duration","ariaLabel":[{"t":"idOrVar","v":"startDate"}," frá ",{"t":"idOrVar","v":"startTime"}," til ",{"t":"idOrVar","v":"endTime"}]},{"$i":"event-multiple-day-duration","ariaLabel":["Frá ",{"t":"idOrVar","v":"startTime"}," ",{"t":"idOrVar","v":"startDate"}," til ",{"t":"idOrVar","v":"endTime"},{"t":"idOrVar","v":"endDate"}]},{"$i":"kai-event-added","$v":"Viðburði bætt við."},{"$i":"kai-event-updated","$v":"Viðburður uppfærður."},{"$i":"kai-event-deleted","$v":"Atburði eytt."},{"$i":"kai-change-save","$v":"Breyt. vist."},{"$i":"event-sync-failure","$v":"Ekki er hægt að samstilla við dagatal á netinu."},{"$i":"kai-event-calendar","$v":"Dagbók"},{"$i":"kai-single-event","$v":"atburði"},{"$i":"kai-event-count","$v":"atburði"},{"$i":"kai-sync-progress-syncing","$v":"Samst."},{"$i":"kai-sync-progress-complete","$v":"Uppáhalds dagatal."},{"$i":"kai-sync-sync-switch-close","$v":"Ekki er hægt að samstilla reikninginn þar sem slökkt hefur verið á samstillingu."},{"$i":"kai-settings-sounds","$v":"Hljóð"},{"$i":"kai-tones","$v":"Tónar"},{"$i":"kai-multi-events","$v":"Atburðir"},{"$i":"kai-confirmation-title","$v":"Staðfesting"},{"$i":"kai-delete-selectedEvent-confirmation","$v":"Eyða völdum viðburði?"},{"$i":"kai-deleteEvent-confirmation","$v":"Eyða atburði?"},{"$i":"kai-event-search-header","$v":"Leita","placeholder":"Leita"},{"$i":"kai-event-search-upcoming-events","$v":"Næstu viðburðir"},{"$i":"kai-delete","$v":"Eyða"},{"$i":"kai-cancel","$v":"Hætta við"},{"$i":"kai-dialog-delete-sel","$v":"Ertu viss um að þú viljir eyða völdum viðburði?"},{"$i":"kai-delete-title","$v":"Eyða viðb."},{"$i":"kai-save-changes","$v":"Vista breytingar?"},{"$i":"kai-save-message-back","$v":"Öll gögn sem hafa verið slegin inn glatast. Viltu vista breytingar?"},{"$i":"kai-save-message-close","$v":"Forritinu verður lokað með gagnatapi. Viltu vista breytingar?"},{"$i":"yes","$v":"Já"},{"$i":"no","$v":"Nei"},{"$i":"confirmation","$v":"Staðfesting"},{"$i":"ok","$v":"Í lagi"},{"$i":"delete-event","$v":"Eyða atburði?"},{"$i":"edit-event-no-net","$v":"Ekki tókst að breyta viðburði á netinu því engin nettenging er til staðar."},{"$i":"kai-settings-header","$v":"Dagbók til að birta"},{"$i":"kai-syncing","$v":"Samstillir ..."},{"$i":"kai-syncing-header","$v":"Samstilling reiknings"},{"$i":"select","$v":"Velja"},{"$i":"add-event","$v":"Bæta við"},{"$i":"week-view","$v":"Vikuyfirlit"},{"$i":"day-view","$v":"Dagsyfirlit"},{"$i":"month-view","$v":"Mánaðaryfirlit"},{"$i":"today","$v":"Í dag"},{"$i":"go","$v":"Fara á dag"},{"$i":"search","$v":"Leita"},{"$i":"calendar-to-display","$v":"Dagbók til að birta"},{"$i":"settings","$v":"Stillingar"},{"$i":"delete","$v":"Eyða"},{"$i":"enter","$v":"Slá inn"},{"$i":"sync-calendar","$v":"Samst. dagbók"},{"$i":"lunar-calendar","$v":"Tungldagur"},{"$i":"present-description","$v":["Í dag ",{"t":"idOrVar","v":"weekday"}," ",{"t":"idOrVar","v":"date"}]},{"$i":"day-description","$v":[{"t":"idOrVar","v":"weekday"}," ",{"t":"idOrVar","v":"date"}]},{"$i":"weekday-5","$v":"Föstudagur"},{"$i":"weekday-4","$v":"Fimmtud."},{"$i":"weekday-3","$v":"Miðvikud."},{"$i":"weekday-2","$v":"Þriðjud."},{"$i":"weekday-1","$v":"Mánudagur"},{"$i":"weekday-0","$v":"Sunnud."},{"$i":"weekday-6","$v":"Laugardagur"},{"$i":"no-title","$v":"Enginn titill"},{"$i":"account-sync-off-tip","$v":"Kveiktu á samstillingu fyrir þennan reikning til að breyta eða eyða atburði."},{"$i":"weekday-0-long","$v":"Sunnudagur"},{"$i":"weekday-1-long","$v":"Mánudagur"},{"$i":"weekday-2-long","$v":"Þriðjudagur"},{"$i":"weekday-3-long","$v":"Miðvikudagur"},{"$i":"weekday-4-long","$v":"Fimmtudagur"},{"$i":"weekday-5-long","$v":"Föstudagur"},{"$i":"weekday-6-long","$v":"Laugardagur"},{"$i":"weekday-0-short","$v":"Sun."},{"$i":"weekday-1-short","$v":"Mán."},{"$i":"weekday-2-short","$v":"Þri."},{"$i":"weekday-3-short","$v":"Mið."},{"$i":"weekday-4-short","$v":"Fim."},{"$i":"weekday-5-short","$v":"Fös."},{"$i":"weekday-6-short","$v":"Lau."},{"$i":"month-0-long","$v":"Janúar"},{"$i":"month-1-long","$v":"Febrúar"},{"$i":"month-2-long","$v":"Mars"},{"$i":"month-3-long","$v":"Apríl"},{"$i":"month-4-long","$v":"Maí"},{"$i":"month-5-long","$v":"Júní"},{"$i":"month-6-long","$v":"Júlí"},{"$i":"month-7-long","$v":"Ágúst"},{"$i":"month-8-long","$v":"September"},{"$i":"month-9-long","$v":"Október"},{"$i":"month-10-long","$v":"Nóvember"},{"$i":"month-11-long","$v":"Desember"},{"$i":"month-0-genitive","$v":"Janúar"},{"$i":"month-1-genitive","$v":"Febrúar"},{"$i":"month-2-genitive","$v":"Mars"},{"$i":"month-3-genitive","$v":"Apríl"},{"$i":"month-4-genitive","$v":"Maí"},{"$i":"month-5-genitive","$v":"Júní"},{"$i":"month-6-genitive","$v":"Júlí"},{"$i":"month-7-genitive","$v":"Ágúst"},{"$i":"month-8-genitive","$v":"September"},{"$i":"month-9-genitive","$v":"Október"},{"$i":"month-10-genitive","$v":"Nóvember"},{"$i":"month-11-genitive","$v":"Desember"},{"$i":"month-0-short","$v":"Jan."},{"$i":"month-1-short","$v":"Feb."},{"$i":"month-2-short","$v":"Mar."},{"$i":"month-3-short","$v":"Apr."},{"$i":"month-4-short","$v":"Maí"},{"$i":"month-5-short","$v":"Jún."},{"$i":"month-6-short","$v":"Júl."},{"$i":"month-7-short","$v":"Ágú."},{"$i":"month-8-short","$v":"Sep."},{"$i":"month-9-short","$v":"Okt."},{"$i":"month-10-short","$v":"Nóv."},{"$i":"month-11-short","$v":"Des."},{"$i":"days-ago-long","$v":{"few":["Fyrir ",{"t":"idOrVar","v":"value"}," dögum"],"many":["Fyrir ",{"t":"idOrVar","v":"value"}," dögum"],"one":"í gær","other":["Fyrir ",{"t":"idOrVar","v":"value"}," dögum"],"two":["Fyrir ",{"t":"idOrVar","v":"value"}," dögum"],"zero":"í dag"},"$x":[{"t":"idOrVar","v":"plural"},"value"]},{"$i":"weeks-ago-long","$v":{"few":["Fyrir ",{"t":"idOrVar","v":"value"}," vikum"],"many":["Fyrir ",{"t":"idOrVar","v":"value"}," vikum"],"one":"í síð. viku","other":["Fyrir ",{"t":"idOrVar","v":"value"}," vikum"],"two":["Fyrir ",{"t":"idOrVar","v":"value"}," vikum"],"zero":"í þessari viku"},"$x":[{"t":"idOrVar","v":"plural"},"value"]},{"$i":"months-ago-long","$v":{"few":["Fyrir ",{"t":"idOrVar","v":"value"}," mánuðum"],"many":["Fyrir ",{"t":"idOrVar","v":"value"}," mánuðum"],"one":"í síð. mán.","other":["Fyrir ",{"t":"idOrVar","v":"value"}," mánuðum"],"two":["Fyrir ",{"t":"idOrVar","v":"value"}," mánuðum"],"zero":"í þessum mán."},"$x":[{"t":"idOrVar","v":"plural"},"value"]},{"$i":"years-ago-long","$v":{"few":["Fyrir ",{"t":"idOrVar","v":"value"}," árum"],"many":["Fyrir ",{"t":"idOrVar","v":"value"}," árum"],"one":"á síð. ári","other":["Fyrir ",{"t":"idOrVar","v":"value"}," árum"],"two":["Fyrir ",{"t":"idOrVar","v":"value"}," árum"],"zero":"á þessu ári"},"$x":[{"t":"idOrVar","v":"plural"},"value"]},{"$i":"minutes-until-long","$v":{"few":["eftir ",{"t":"idOrVar","v":"value"}," mín."],"many":["eftir ",{"t":"idOrVar","v":"value"}," mín."],"other":["eftir ",{"t":"idOrVar","v":"value"}," mín."],"two":["eftir ",{"t":"idOrVar","v":"value"}," mín."],"zero":"núna","one":"eftir 1 mínútu"},"$x":[{"t":"idOrVar","v":"plural"},"value"]},{"$i":"hours-until-long","$v":{"few":["eftir ",{"t":"idOrVar","v":"value"}," klst."],"many":["eftir ",{"t":"idOrVar","v":"value"}," klst."],"other":["eftir ",{"t":"idOrVar","v":"value"}," klst."],"two":["eftir ",{"t":"idOrVar","v":"value"}," klst."],"zero":"núna","one":"eftir 1 klukkustund"},"$x":[{"t":"idOrVar","v":"plural"},"value"]},{"$i":"days-until-long","$v":{"few":["eftir ",{"t":"idOrVar","v":"value"}," daga"],"many":["eftir ",{"t":"idOrVar","v":"value"}," daga"],"one":"á morgun","other":["eftir ",{"t":"idOrVar","v":"value"}," daga"],"two":["eftir ",{"t":"idOrVar","v":"value"}," daga"],"zero":"í dag"},"$x":[{"t":"idOrVar","v":"plural"},"value"]},{"$i":"weeks-until-long","$v":{"few":["eftir ",{"t":"idOrVar","v":"value"}," vikur"],"many":["eftir ",{"t":"idOrVar","v":"value"}," vikur"],"one":"í næstu viku","other":["eftir ",{"t":"idOrVar","v":"value"}," vikur"],"two":["eftir ",{"t":"idOrVar","v":"value"}," vikur"],"zero":"í þessari viku"},"$x":[{"t":"idOrVar","v":"plural"},"value"]},{"$i":"months-until-long","$v":{"few":["eftir ",{"t":"idOrVar","v":"value"}," mán."],"many":["eftir ",{"t":"idOrVar","v":"value"}," mán."],"one":"í næsta mán.","other":["eftir ",{"t":"idOrVar","v":"value"}," mán."],"two":["eftir ",{"t":"idOrVar","v":"value"}," mán."],"zero":"í þessum mán."},"$x":[{"t":"idOrVar","v":"plural"},"value"]},{"$i":"years-until-long","$v":{"few":["eftir ",{"t":"idOrVar","v":"value"}," ár"],"many":["eftir ",{"t":"idOrVar","v":"value"}," ár"],"one":"á næsta ári","other":["eftir ",{"t":"idOrVar","v":"value"}," ár"],"two":["eftir ",{"t":"idOrVar","v":"value"}," ár"],"zero":"á þessu ári"},"$x":[{"t":"idOrVar","v":"plural"},"value"]},{"$i":"minutes-ago-short","$v":{"other":["Fyrir ",{"t":"idOrVar","v":"value"}," m."],"zero":"rétt í þessu"},"$x":[{"t":"idOrVar","v":"plural"},"value"]},{"$i":"hours-ago-short","$v":{"other":["Fyrir ",{"t":"idOrVar","v":"value"}," k."],"zero":"rétt í þessu"},"$x":[{"t":"idOrVar","v":"plural"},"value"]},{"$i":"days-ago-short","$v":{"other":["Fyrir ",{"t":"idOrVar","v":"value"}," d."],"zero":"í dag"},"$x":[{"t":"idOrVar","v":"plural"},"value"]},{"$i":"minutes-until-short","$v":{"other":["eftir ",{"t":"idOrVar","v":"value"}," m"],"zero":"núna"},"$x":[{"t":"idOrVar","v":"plural"},"value"]},{"$i":"hours-until-short","$v":{"other":["eftir ",{"t":"idOrVar","v":"value"}," k"],"zero":"núna"},"$x":[{"t":"idOrVar","v":"plural"},"value"]},{"$i":"days-until-short","$v":{"other":["eftir ",{"t":"idOrVar","v":"value"}," d"],"zero":"í dag"},"$x":[{"t":"idOrVar","v":"plural"},"value"]},{"$i":"incorrectDate","$v":"(röng dags.)"},{"$i":"dateTimeFormat_%c","$v":"%a %b %e %Y %I:%M:%S %p"},{"$i":"dateTimeFormat_%x","$v":"%m/%d/%Y"},{"$i":"dateTimeFormat_%X","$v":"%I:%M:%S %p"},{"$i":"shortTimeFormat","$v":"%I:%M %p"},{"$i":"shortTimeFormat12","$v":"%I:%M %p"},{"$i":"shortTimeFormat24","$v":"%H:%M"},{"$i":"shortDateTimeFormat","$v":"%x %I:%M %p"},{"$i":"weekStartsOnMonday","$v":"0.0"},{"$i":"firstDayOfTheWeek","$v":"1.0"},{"$i":"time_am","$v":"f.h."},{"$i":"time_pm","$v":"e.h."},{"$i":"softkey-options","$v":"Valkostir"}]