[{"$i":"back","$v":"Артқа"},{"$i":"save","$v":"Сақтау"},{"$i":"cancel","$v":"Бас тарту"},{"$i":"next","$v":"Келесі"},{"$i":"hide","$v":"Жасыру"},{"$i":"confirm","$v":"Растау"},{"$i":"done","$v":"Болды"},{"$i":"events","$v":"Оқиғалар туралы еске салғыш"},{"$i":"edit","$v":"Өзгерту"},{"$i":"allday-events","$v":"Күні бойы болатын оқиға туралы еске салғыш"},{"$i":"no-events","$v":"Оқиғалар жоқ"},{"$i":"default","$v":"Әдепкі"},{"$i":"sync","$v":"Синхрондау"},{"$i":"repeat","$v":"Қайталау"},{"$i":"never","$v":"Ешқашан"},{"$i":"every-day","$v":"Күн сайын"},{"$i":"every-week","$v":"Әр аптада"},{"$i":"every-2-weeks","$v":"Әр 2 апта сайын"},{"$i":"every-month","$v":"Әр ай сайын"},{"$i":"view-never","$v":"Қайталау: Ешқашан"},{"$i":"view-every-day","$v":"Қайталау: Күнделікті"},{"$i":"view-every-week","$v":"Қайталау: апта сайын"},{"$i":"view-every-2-weeks","$v":"Қайталау: екі апта сайын"},{"$i":"view-every-month","$v":"Қайталау: ай сайын"},{"$i":"repeat-event-header","$v":"Бұл қайталанатын оқиға болып табылады."},{"$i":"delete-this-only","$v":"Бұны тек жойыңыз"},{"$i":"delete-all","$v":"Барлығын жою"},{"$i":"event-edit-all","$v":"Барлық оқиғаларды өзгерту"},{"$i":"event-edit-all-future","$v":"Барлық болашақ оқиғаларды өзгерту"},{"$i":"options","$v":"Опциялар"},{"$i":"event-delete-all","$v":"Барлық оқиғаларды жою"},{"$i":"event-delete-all-future","$v":"Барлық болашақ оқиғаларды жою"},{"$i":"delete-account","$v":"Есептік жазбаны жою"},{"$i":"exchange-account","$v":"ActiveSync"},{"$i":"account-user-name","$v":"Пайдаланушы аты"},{"$i":"incorrect-password-description","$v":"Серверге кірмеді. Кілтсөзді қайталап көріңіз."},{"$i":"incorrect-password","$v":"Кілтсөз дұрыс емес"},{"$i":"account-duplicate","$v":"Есептік жазба бұрыннан бар. Синхрондау қосылған."},{"$i":"error-account","$v":"Сервер қолжетімді емес. Кейінірек қайталаңыз."},{"$i":"error-access-denied","$v":"Белгісіз қате пайда болды, кейінірек қайталап көріңіз."},{"$i":"error-time-out","$v":[{"t":"idOrVar","v":"server"},"\" серверімен байланыс орнату мүмкін емес. Желіде проблема болуы мүмкін."]},{"$i":"caldav-account-exist","$v":"Бұл есептік жазба бұрыннан бар."},{"$i":"save-password","$v":"Құпия сөз сақталды."},{"$i":"account-login","$v":"Тіркелгі Кіру"},{"$i":"setting-up-account","$v":"Есептік жазбаны реттеу"},{"$i":"setup-account-usedInfo","$v":"Бұл тіркелгіні төмендегі қолданбалар пайдаланады. Мұны \"Параметрлер\" > \"Тіркелгі\" тармағында өзгертуге болады."},{"$i":"app-calendar","$v":"Күнтізбе"},{"$i":"show-today","$v":"Бүгін"},{"$i":"show-month-view","$v":"Ай"},{"$i":"show-week-view","$v":"Апта"},{"$i":"show-day-view","$v":"Күн"},{"$i":"settings-show","$v":"Параметрлер"},{"$i":"settings-hide","$v":"Параметрлерді жасыру"},{"$i":"add-account","$v":"Есептік жазба қосу"},{"$i":"new-event","$v":"Оқиға қосу"},{"$i":"view-event-header","$v":"Оқиға мәліметтері"},{"$i":"new-event-header","$v":"Оқиға қосу"},{"$i":"edit-event-header","$v":"Оқиғаны өзгерту"},{"$i":"account-header","$v":"Есептік жазба"},{"$i":"account-list-header","$v":"Есептік жазбалар"},{"$i":"advanced-settings-short-icon-button","ariaLabel":"Параметрлер"},{"$i":"advanced-settings-header","$v":"Күнтізбе параметрлері"},{"$i":"advanced-settings-personalization","$v":"Жиілікті жаңарту"},{"$i":"advanced-settings-reminders","$v":"Еске салғыш"},{"$i":"advanced-settings-add-account","$v":"Есептік жазба қосу"},{"$i":"field-user","$v":"Пайдаланушы аты"},{"$i":"field-password","$v":"Кілтсөз"},{"$i":"show-password","$v":"Кілтсөзді көрсету"},{"$i":"field-full-url","$v":"URL"},{"$i":"modify-account-setting-up","$v":"Есептік жазба орнат."},{"$i":"modify-account-unable-to-sync","$v":"Синхрондау мүмкін емес"},{"$i":"modify-account-sign-in","$v":"Кіру"},{"$i":"sync-account","$v":"Есептік жазбаны синхрондау"},{"$i":"deselect","$v":"Таңдауды алу"},{"$i":"kai-caldav","$v":"CalDav"},{"$i":"kai-yahoo","$v":"Yahoo!"},{"$i":"kai-google","$v":"Google"},{"$i":"preset-mozilla","$v":"Mozilla Zimbra"},{"$i":"calendar-local","$v":"Телефон күнтізбесі"},{"$i":"event-title","$v":"Тақырып"},{"$i":"event-location","$v":"Орын"},{"$i":"event-description","$v":"Жазбалар"},{"$i":"event-is-allday","$v":"Күні бойы болатын оқиға"},{"$i":"event-start-date","$v":"Басталу күні"},{"$i":"event-end-date","$v":"Аяқталу күні"},{"$i":"event-start-time","$v":"Басталу уақыты"},{"$i":"event-end-time","$v":"Аяқталу уақыты"},{"$i":"event-delete","$v":"Оқиғаны жою"},{"$i":"event-is-deleting","$v":"… жойылуда"},{"$i":"remove-account-data","$v":"Күнтізбенің есептік жазбасын шығару"},{"$i":"remove-account-dialog","$v":"Есептік жазбаны шығару"},{"$i":"remove-account-dialog-details","$v":"Осы тіркелгіні жойсаңыз, бұл тіркелгіні пайдаланатын қолданбаларға да әсер етіледі."},{"$i":"remove","$v":"Жою"},{"$i":"drawer-sync-icon-button","ariaLabel":"Синхрондау"},{"$i":"sync-progress-syncing","ariaValueText":"Синхрондау"},{"$i":"sync-progress-complete","ariaValueText":"Синхрондау аяқталды"},{"$i":"sync-frequency","$v":"Күнтізбені синхрондау"},{"$i":"sync-frequency-15min","$v":"15 минут сайын"},{"$i":"sync-frequency-30min","$v":"30 минут сайын"},{"$i":"sync-frequency-manual","$v":"Қолмен"},{"$i":"from","$v":"Бастап"},{"$i":"to","$v":"Дейін"},{"$i":"one-day-duration-title","$v":[{"t":"idOrVar","v":"startDate"}]},{"$i":"one-day-duration-content","$v":[{"t":"idOrVar","v":"startTime"}," — ",{"t":"idOrVar","v":"endTime"}," аралығында"]},{"$i":"multiple-day-duration-title","$v":[{"t":"idOrVar","v":"startTime"}," ",{"t":"idOrVar","v":"startDate"}]},{"$i":"multiple-day-duration-content","$v":[{"t":"idOrVar","v":"endTime"}," ",{"t":"idOrVar","v":"endDate"}]},{"$i":"one-all-day-duration-title","$v":[{"t":"idOrVar","v":"startDate"}]},{"$i":"all-day-duration-content","$v":"Күні бойы болатын оқиға"},{"$i":"multiple-all-day-duration-title","$v":[{"t":"idOrVar","v":"startDate"}," бастап"]},{"$i":"multiple-all-day-duration-content","$v":[{"t":"idOrVar","v":"endDate"}]},{"$i":"none","$v":"Ешқайсысы"},{"$i":"reminder","$v":"Еске салғыш"},{"$i":"remind-me","$v":"Маған ескерту"},{"$i":"alarm-at-event-standard","$v":"Оқиға кезінде"},{"$i":"alarm-at-event-allday","$v":"Оқиға күнінде"},{"$i":"alarm-at-event-allday-hour12","$v":"Оқиға күнінде (9:00 түске дейін)"},{"$i":"alarm-at-event-allday-hour24","$v":"Оқиға күнінде (9:00)"},{"$i":"notice-now","$v":"Қазірден бастап"},{"$i":"notice-5-minutes-before","$v":"5 минуттан басталады"},{"$i":"notice-15-minutes-before","$v":"15 минуттан басталады"},{"$i":"notice-30-minutes-before","$v":"30 минуттан басталады"},{"$i":"notice-1-hour-before","$v":"1 сағаттан басталады"},{"$i":"notice-2-hours-before","$v":"2 сағаттан басталады"},{"$i":"notice-1-day-before","$v":"Ертеңнен бастап"},{"$i":"notice-on-day-event-all","$v":"Бүгіннен бастап"},{"$i":"notice-1-day-before-all","$v":"Ертеңнен бастап"},{"$i":"notice-2-day-before-all","$v":"2 күннен басталады"},{"$i":"notice-weeks-before-all","$v":[{"t":"idOrVar","v":"startDate"}," күні басталады"]},{"$i":"days-ago-yesterday","$v":["Кеше ",{"t":"idOrVar","v":"timeString"}]},{"$i":"days-ago-today","$v":["Бүгін ",{"t":"idOrVar","v":"timeString"}]},{"$i":"days-ago-yesterday-single","$v":"Кеше"},{"$i":"days-ago-today-single","$v":"Бүгін"},{"$i":"alarm-started-notices","$v":[{"t":"idOrVar","v":"distance"}," бастады"]},{"$i":"alarm-starting-notices","$v":[{"t":"idOrVar","v":"distance"}," бастауда"]},{"$i":"minutes-ago-long","$v":{"few":[{"t":"idOrVar","v":"value"}," минут бұрын"],"many":[{"t":"idOrVar","v":"value"}," минут бұрын"],"other":[{"t":"idOrVar","v":"value"}," минут бұрын"],"two":[{"t":"idOrVar","v":"value"}," минут бұрын"],"one":"бір минут бұрын","zero":"қазір ғана"},"$x":[{"t":"idOrVar","v":"plural"},"value"]},{"$i":"hours-ago-long","$v":{"few":[{"t":"idOrVar","v":"value"}," сағат бұрын"],"many":[{"t":"idOrVar","v":"value"}," сағат бұрын"],"other":[{"t":"idOrVar","v":"value"}," сағат бұрын"],"two":[{"t":"idOrVar","v":"value"}," сағат бұрын"],"one":"1 сағат бұрын","zero":"қазір ғана"},"$x":[{"t":"idOrVar","v":"plural"},"value"]},{"$i":"alarm-start-notice","$v":[{"t":"idOrVar","v":"title"}," басталу ",{"t":"idOrVar","v":"distance"}]},{"$i":"alarm-started-notice","$v":[{"t":"idOrVar","v":"title"}," басталды ",{"t":"idOrVar","v":"distance"}]},{"$i":"alarm-start-notice-two-days","$v":[{"t":"idOrVar","v":"title"}," екі күннен кейін басталады"]},{"$i":"alarm-start-notice-few-days","$v":[{"t":"idOrVar","v":"title"}," ",{"t":"idOrVar","v":"distance"}," басталу"]},{"$i":"days-before-hour12","$v":{"few":[{"t":"idOrVar","v":"value"}," күн бұрын (9:00 түске дейін)"],"many":[{"t":"idOrVar","v":"value"}," күн бұрын (9:00 түске дейін)"],"one":"1 күн бұрын (9:00 түске дейін)","other":[{"t":"idOrVar","v":"value"}," күн бұрын (9:00 түске дейін)"],"two":[{"t":"idOrVar","v":"value"}," күн бұрын (9:00 түске дейін)"],"zero":"0 күн бұрын (9:00 түске дейін)"},"$x":[{"t":"idOrVar","v":"plural"},"value"]},{"$i":"weeks-before-hour12","$v":{"few":[{"t":"idOrVar","v":"value"}," апта бұрын (9:00 түске дейін)"],"many":[{"t":"idOrVar","v":"value"}," апта бұрын (9:00 түске дейін)"],"one":"1 апта бұрын (9:00 түске дейін)","other":[{"t":"idOrVar","v":"value"}," апта бұрын (9:00 түске дейін)"],"two":[{"t":"idOrVar","v":"value"}," апта бұрын (9:00 түске дейін)"],"zero":"0 апта бұрын (9:00 түске дейін)"},"$x":[{"t":"idOrVar","v":"plural"},"value"]},{"$i":"days-before-hour24","$v":{"few":[{"t":"idOrVar","v":"value"}," күн бұрын (9:00)"],"many":[{"t":"idOrVar","v":"value"}," күн бұрын (9:00)"],"one":"1 күн бұрын (9:00)","other":[{"t":"idOrVar","v":"value"}," күн бұрын (9:00)"],"two":[{"t":"idOrVar","v":"value"}," күн бұрын (9:00)"],"zero":"0 күн бұрын (9:00)"},"$x":[{"t":"idOrVar","v":"plural"},"value"]},{"$i":"weeks-before-hour24","$v":{"few":[{"t":"idOrVar","v":"value"}," апта бұрын (9:00)"],"many":[{"t":"idOrVar","v":"value"}," апта бұрын (9:00)"],"one":"1 апта бұрын (9:00)","other":[{"t":"idOrVar","v":"value"}," апта бұрын (9:00)"],"two":[{"t":"idOrVar","v":"value"}," апта бұрын (9:00)"],"zero":"0 апта бұрын (9:00)"},"$x":[{"t":"idOrVar","v":"plural"},"value"]},{"$i":"minutes-before","$v":{"few":[{"t":"idOrVar","v":"value"}," минут бұрын"],"many":[{"t":"idOrVar","v":"value"}," минут бұрын"],"one":"1 минут бұрын","other":[{"t":"idOrVar","v":"value"}," минут бұрын"],"two":[{"t":"idOrVar","v":"value"}," минут бұрын"],"zero":"0 минут бұрын"},"$x":[{"t":"idOrVar","v":"plural"},"value"]},{"$i":"hours-before","$v":{"few":[{"t":"idOrVar","v":"value"}," сағат бұрын"],"many":[{"t":"idOrVar","v":"value"}," сағат бұрын"],"one":"1 сағат бұрын","other":[{"t":"idOrVar","v":"value"}," сағат бұрын"],"two":[{"t":"idOrVar","v":"value"}," сағат бұрын"],"zero":"0 сағат бұрын"},"$x":[{"t":"idOrVar","v":"plural"},"value"]},{"$i":"days-before","$v":{"few":[{"t":"idOrVar","v":"value"}," күн бұрын"],"many":[{"t":"idOrVar","v":"value"}," күн бұрын"],"one":"1 күн бұрын","other":[{"t":"idOrVar","v":"value"}," күн бұрын"],"two":[{"t":"idOrVar","v":"value"}," күн бұрын"],"zero":"0 күн бұрын"},"$x":[{"t":"idOrVar","v":"plural"},"value"]},{"$i":"weeks-before","$v":{"few":[{"t":"idOrVar","v":"value"}," апта бұрын"],"many":[{"t":"idOrVar","v":"value"}," апта бұрын"],"one":"1 апта бұрын","other":[{"t":"idOrVar","v":"value"}," апта бұрын"],"two":[{"t":"idOrVar","v":"value"}," апта бұрын"],"zero":"0 апта бұрын"},"$x":[{"t":"idOrVar","v":"plural"},"value"]},{"$i":"months-before","$v":{"few":[{"t":"idOrVar","v":"value"}," ай бұрын"],"many":[{"t":"idOrVar","v":"value"}," ай бұрын"],"one":"1 ай бұрын","other":[{"t":"idOrVar","v":"value"}," ай бұрын"],"two":[{"t":"idOrVar","v":"value"}," ай бұрын"],"zero":"0 ай бұрын"},"$x":[{"t":"idOrVar","v":"plural"},"value"]},{"$i":"years-before","$v":{"few":[{"t":"idOrVar","v":"value"}," жыл бұрын"],"many":[{"t":"idOrVar","v":"value"}," жыл бұрын"],"one":"1 жыл бұрын","other":[{"t":"idOrVar","v":"value"}," жыл бұрын"],"two":[{"t":"idOrVar","v":"value"}," жыл бұрын"],"zero":"0 жыл бұрын"},"$x":[{"t":"idOrVar","v":"plural"},"value"]},{"$i":"minutes-after","$v":{"few":[{"t":"idOrVar","v":"value"}," минут кейін"],"many":[{"t":"idOrVar","v":"value"}," минут кейін"],"one":"1 минут кейін","other":[{"t":"idOrVar","v":"value"}," минут кейін"],"two":[{"t":"idOrVar","v":"value"}," минут кейін"],"zero":"0 минут кейін"},"$x":[{"t":"idOrVar","v":"plural"},"value"]},{"$i":"hours-after","$v":{"few":[{"t":"idOrVar","v":"value"}," сағат кейін"],"many":[{"t":"idOrVar","v":"value"}," сағат кейін"],"one":"1 сағат кейін","other":[{"t":"idOrVar","v":"value"}," сағат кейін"],"two":[{"t":"idOrVar","v":"value"}," сағат кейін"],"zero":"0 сағат кейін"},"$x":[{"t":"idOrVar","v":"plural"},"value"]},{"$i":"days-after","$v":{"few":[{"t":"idOrVar","v":"value"}," күн кейін"],"many":[{"t":"idOrVar","v":"value"}," күн кейін"],"one":"1 күн кейін","other":[{"t":"idOrVar","v":"value"}," күн кейін"],"two":[{"t":"idOrVar","v":"value"}," күн кейін"],"zero":"0 күн кейін"},"$x":[{"t":"idOrVar","v":"plural"},"value"]},{"$i":"weeks-after","$v":{"few":[{"t":"idOrVar","v":"value"}," апта кейін"],"many":[{"t":"idOrVar","v":"value"}," апта кейін"],"one":"1 апта кейін","other":[{"t":"idOrVar","v":"value"}," апта кейін"],"two":[{"t":"idOrVar","v":"value"}," апта кейін"],"zero":"0 апта кейін"},"$x":[{"t":"idOrVar","v":"plural"},"value"]},{"$i":"months-after","$v":{"few":[{"t":"idOrVar","v":"value"}," ай кейін"],"many":[{"t":"idOrVar","v":"value"}," ай кейін"],"one":"1 ай кейін","other":[{"t":"idOrVar","v":"value"}," ай кейін"],"two":[{"t":"idOrVar","v":"value"}," ай кейін"],"zero":"0 ай кейін"},"$x":[{"t":"idOrVar","v":"plural"},"value"]},{"$i":"years-after","$v":{"few":[{"t":"idOrVar","v":"value"}," жыл кейін"],"many":[{"t":"idOrVar","v":"value"}," жыл кейін"],"one":"1 жыл кейін","other":[{"t":"idOrVar","v":"value"}," жыл кейін"],"two":[{"t":"idOrVar","v":"value"}," жыл кейін"],"zero":"0 жыл кейін"},"$x":[{"t":"idOrVar","v":"plural"},"value"]},{"$i":"event-notice-timeformat","$v":[{"t":"idOrVar","v":"start"}," - ",{"t":"idOrVar","v":"end"}]},{"$i":"tomorrow-event-notice-timeformat","$v":["Ертең, ",{"t":"idOrVar","v":"start"}," - ",{"t":"idOrVar","v":"end"}]},{"$i":"today-all-day-event","$v":"Бүгін"},{"$i":"tomorrow-all-day-event","$v":"ертең"},{"$i":"hour-format12","$v":"%I"},{"$i":"hour-format24","$v":"%H"},{"$i":"week-hour-format12","$v":"%I"},{"$i":"week-hour-format24","$v":"%H"},{"$i":"hour-allday","$v":"Күні бойы"},{"$i":"kai-week-day","$v":"%a\\n%e"},{"$i":"current-time12","$v":"%I:%M"},{"$i":"current-time24","$v":"%H:%M"},{"$i":"multi-month-view-header-format","$v":"%B %Y"},{"$i":"day-view-header-format","$v":"%A, %B %e"},{"$i":"months-day-view-header-format","$v":"%A, %B %e"},{"$i":"months-day-view-header-format-small","$v":{"$o":"%a <br/> %b, %e"}},{"$i":"week-view-header-format","$v":["Апта ",{"t":"idOrVar","v":"value"},", %B %Y"]},{"$i":"longDateFormat","$v":"%A, %B %e, %Y"},{"$i":"longTimeFormat","$v":"%A %B %d"},{"$i":"longTimeFormat12","$v":"%A %B %d %I %p"},{"$i":"longTimeFormat24","$v":"%A %B %d %H сағ"},{"$i":"weekTimeFormat12","$v":"%I %p"},{"$i":"weekTimeFormat24","$v":"%H сағ"},{"$i":"weekDayFormat","$v":"%A %d"},{"$i":"alldayLongTimeFormat","$v":"%A %B %d күні бойы"},{"$i":"dayHour12","$v":"%I %p"},{"$i":"dayHour24","$v":"%H сағ"},{"$i":"longDateTime12","$v":"%I %p, %a, %d %b, %Y"},{"$i":"longDateTime24","$v":"%H, %a, %d %b, %Y"},{"$i":"upcoming-events","$v":"Алдағы оқиғалар"},{"$i":"search-results","$v":"Іздеу нәтижелері"},{"$i":"no-event-found","$v":"Оқиғалар табылмады"},{"$i":"longDateTimeNew12","$v":"%a, %B %e, %Y, %I:%M %p"},{"$i":"longDateTimeNew24","$v":"%a, %B %e, %Y, %H:%M"},{"$i":"longDateTimeNewNoHour12","$v":"%a, %B %e, %Y"},{"$i":"longDateTimeNewNoHour24","$v":"%a, %B %e, %Y"},{"$i":"error-start-date-after-end-date","$v":"Оқиға басталу күнінен бұрын аяқталмауы тиіс."},{"$i":"error-start-time-after-end-time","$v":"Оқиға басталу күнінен бұрын аяқталмауы тиіс."},{"$i":"error-unauthenticated","$v":"Дұрыс емес ат не кілтсөз, қайталаңыз."},{"$i":"error-internal-server-error","$v":"Сервер қатесі, қайталап көріңіз."},{"$i":"error-unkown","$v":"Сервер қолжетімді емес. Кейінірек қайталаңыз."},{"$i":"error-default","$v":"Қате. Кейін қайталаңыз."},{"$i":"error-offline","$v":"Интернет байланысы жоқ."},{"$i":"error-account-exist","$v":"Бұл есептік жазба бұрыннан бар."},{"$i":"error-confirmation-title","$v":"Қате"},{"$i":"error-edit-online-event","$v":"Онлайн оқиғаны өзгерту мүмкін емес, себебі интернет байланысы жоқ."},{"$i":"error-delete-online-event","$v":"Интернет байланысы болмағандықтан желідегі оқиғаны жою сәтсіз аяқталды."},{"$i":"error-add-online-event","$v":"Интернет байланысына байланысты онлайн оқиға қосылмады."},{"$i":"error-start-date-before-seleced-day","$v":"Оқиға ағымдағы күннен бұрын басталмауы тиіс."},{"$i":"notification-error-sync-title","$v":"Күнтіз. синхр. қате"},{"$i":"notification-error-sync-description","$v":"Қосымша ақп. үшін түрт."},{"$i":"notification-error-caldav-sync-title","$v":"Есептік жазба қатесі"},{"$i":"notification-error-caldav-sync-description","$v":"Қайта кіру"},{"$i":"weekday-0-single-char","$v":"Ж","ariaLabel":"Жексенбі"},{"$i":"weekday-1-single-char","$v":"Д","ariaLabel":"Дүйсенбі"},{"$i":"weekday-2-single-char","$v":"С","ariaLabel":"Сейсенбі"},{"$i":"weekday-3-single-char","$v":"С","ariaLabel":"Сәр"},{"$i":"weekday-4-single-char","$v":"Б","ariaLabel":"Бейсенбі"},{"$i":"weekday-5-single-char","$v":"Ж","ariaLabel":"Жұма"},{"$i":"weekday-6-single-char","$v":"С","ariaLabel":"Сенбі"},{"$i":"busy","$v":{"few":[{"t":"idOrVar","v":"n"}," оқиға"],"many":[{"t":"idOrVar","v":"n"}," оқиға"],"one":[{"t":"idOrVar","v":"n"}," оқиға"],"other":[{"t":"idOrVar","v":"n"}," оқиға"],"two":[{"t":"idOrVar","v":"n"}," оқиға"],"zero":"Оқиғалар жоқ"},"$x":[{"t":"idOrVar","v":"plural"},"n"]},{"$i":"present","ariaLabel":"Бүгін"},{"$i":"past-other-month-description","ariaLabel":"Басқа ай"},{"$i":"future-other-month-description","ariaLabel":"Басқа ай"},{"$i":"icon-calendar-alarm","ariaLabel":"Дабылы бар"},{"$i":"calendars","ariaLabel":"Күнтізбелер"},{"$i":"multi-day-new-event-link","ariaLabel":"Оқиға қосу"},{"$i":"title","ariaLabel":"Тақырып"},{"$i":"location","ariaLabel":"Орын"},{"$i":"duration","ariaLabel":"Ұзақтығы"},{"$i":"calendar","ariaLabel":"Күнтізбе"},{"$i":"alarms","ariaLabel":"Дабылдар"},{"$i":"description","ariaLabel":"Сипаттама"},{"$i":"start-date","ariaLabel":"Басталу күні"},{"$i":"start-time","ariaLabel":"Басталу уақыты"},{"$i":"end-date","ariaLabel":"Аяқталу күні"},{"$i":"end-time","ariaLabel":"Аяқталу уақыты"},{"$i":"during-progress-loading","ariaValueText":"Жүктелуде"},{"$i":"all-day","ariaLabel":"Күні бойы"},{"$i":"create-event","ariaLabel":"Оқиға жасау"},{"$i":"create-all-day-event","ariaLabel":"Күні бойғы оқиға"},{"$i":"event-one-day-duration","ariaLabel":[{"t":"idOrVar","v":"startTime"}," — ",{"t":"idOrVar","v":"endTime"}," аралығында"]},{"$i":"week-event-one-day-duration","ariaLabel":[{"t":"idOrVar","v":"startDate"}," ",{"t":"idOrVar","v":"startTime"}," - ",{"t":"idOrVar","v":"endTime"}]},{"$i":"event-multiple-day-duration","ariaLabel":[{"t":"idOrVar","v":"startTime"}," ",{"t":"idOrVar","v":"startDate"}," — ",{"t":"idOrVar","v":"endTime"}," ",{"t":"idOrVar","v":"endDate"}," аралығында"]},{"$i":"kai-event-added","$v":"Оқиға қосылды."},{"$i":"kai-event-updated","$v":"Оқиға жаңартылды."},{"$i":"kai-event-deleted","$v":"Оқиға жойылды."},{"$i":"kai-change-save","$v":"Өзгерістер сақталды"},{"$i":"event-sync-failure","$v":"Интернеттегі күнтізбеге синхрондау мүмкін болмады."},{"$i":"kai-event-calendar","$v":"Күнтізбе"},{"$i":"kai-single-event","$v":"оқиға"},{"$i":"kai-event-count","$v":"оқиғалар"},{"$i":"kai-sync-progress-syncing","$v":"Синхрондау"},{"$i":"kai-sync-progress-complete","$v":"Күнтізбе жаңартылған."},{"$i":"kai-sync-sync-switch-close","$v":"Тіркелгіні синхрондау мүмкін емес, өйткені синхрондау өшірілген."},{"$i":"kai-settings-sounds","$v":"Дыбыстар"},{"$i":"kai-tones","$v":"Үндер"},{"$i":"kai-multi-events","$v":"Оқиғалар"},{"$i":"kai-confirmation-title","$v":"Растау"},{"$i":"kai-delete-selectedEvent-confirmation","$v":"Таңдалған оқиғаны жою керек пе?"},{"$i":"kai-deleteEvent-confirmation","$v":"Оқиғаны жою керек пе?"},{"$i":"kai-event-search-header","$v":"Іздеу","placeholder":"Іздеу"},{"$i":"kai-event-search-upcoming-events","$v":"Алдағы оқиғалар"},{"$i":"kai-delete","$v":"Жою"},{"$i":"kai-cancel","$v":"Бас тарту"},{"$i":"kai-dialog-delete-sel","$v":"Таңдалған оқиғаны шынымен жойғыңыз келе ме?"},{"$i":"kai-delete-title","$v":"Оқиғаны жою"},{"$i":"kai-save-changes","$v":"Өзгерістерді сақтау?"},{"$i":"kai-save-message-back","$v":"Барлық енгізілген деректер жоғалады. Өзгерістерді сақтау керек пе?"},{"$i":"kai-save-message-close","$v":"Өтініш деректердің жоғалуымен жабылады. Өзгерістерді сақтау керек пе?"},{"$i":"yes","$v":"Иә"},{"$i":"no","$v":"Жоқ"},{"$i":"confirmation","$v":"Растау"},{"$i":"ok","$v":"Ok"},{"$i":"delete-event","$v":"Оқиғаны жою керек пе?"},{"$i":"edit-event-no-net","$v":"Онлайн оқиғаны өзгерту мүмкін емес, себебі интернет байланысы жоқ."},{"$i":"kai-settings-header","$v":"Көрсет-н күнтізбе"},{"$i":"kai-syncing","$v":"Синхрондау ..."},{"$i":"kai-syncing-header","$v":"Тіркелгіні синхрондау"},{"$i":"select","$v":"Таңдау"},{"$i":"add-event","$v":"Оқиға қосу"},{"$i":"week-view","$v":"Апта көрінісі"},{"$i":"day-view","$v":"Күн көрінісі"},{"$i":"month-view","$v":"Ай көрінісі"},{"$i":"today","$v":"Бүгін"},{"$i":"go","$v":"Күнге өту"},{"$i":"search","$v":"Іздеу"},{"$i":"calendar-to-display","$v":"Көрсет-н күнтізбе"},{"$i":"settings","$v":"Параметрлер"},{"$i":"delete","$v":"Жою"},{"$i":"enter","$v":"Енгізу"},{"$i":"sync-calendar","$v":"Күнтізбені синхрондау"},{"$i":"lunar-calendar","$v":"Ай тәулігі"},{"$i":"present-description","$v":["Бүгін ",{"t":"idOrVar","v":"weekday"}," ",{"t":"idOrVar","v":"date"}]},{"$i":"day-description","$v":[{"t":"idOrVar","v":"weekday"},", ",{"t":"idOrVar","v":"date"}]},{"$i":"weekday-5","$v":"Жұма"},{"$i":"weekday-4","$v":"Бейсенбі"},{"$i":"weekday-3","$v":"Сәр"},{"$i":"weekday-2","$v":"Сейсенбі"},{"$i":"weekday-1","$v":"Дүйсенбі"},{"$i":"weekday-0","$v":"Жексенбі"},{"$i":"weekday-6","$v":"Сенбі"},{"$i":"no-title","$v":"Атауы жоқ"},{"$i":"account-sync-off-tip","$v":"Оқиғаны түзету немесе жою үшін осы есептік жазбаның синхрондауын қосыңыз."},{"$i":"weekday-0-long","$v":"Жексенбі"},{"$i":"weekday-1-long","$v":"Дүйсенбі"},{"$i":"weekday-2-long","$v":"Сейсенбі"},{"$i":"weekday-3-long","$v":"Сәрсенбі"},{"$i":"weekday-4-long","$v":"Бейсенбі"},{"$i":"weekday-5-long","$v":"Жұма"},{"$i":"weekday-6-long","$v":"Сенбі"},{"$i":"weekday-0-short","$v":"Жс"},{"$i":"weekday-1-short","$v":"Дс"},{"$i":"weekday-2-short","$v":"Сс"},{"$i":"weekday-3-short","$v":"Ср"},{"$i":"weekday-4-short","$v":"Бс"},{"$i":"weekday-5-short","$v":"Жм"},{"$i":"weekday-6-short","$v":"Сб"},{"$i":"month-0-long","$v":"Қаңтар"},{"$i":"month-1-long","$v":"Ақпан"},{"$i":"month-2-long","$v":"Наурыз"},{"$i":"month-3-long","$v":"Сәуір"},{"$i":"month-4-long","$v":"Мамыр"},{"$i":"month-5-long","$v":"Маусым"},{"$i":"month-6-long","$v":"Шілде"},{"$i":"month-7-long","$v":"Тамыз"},{"$i":"month-8-long","$v":"Қыркүйек"},{"$i":"month-9-long","$v":"Қазан"},{"$i":"month-10-long","$v":"Қараша"},{"$i":"month-11-long","$v":"Желтоқсан"},{"$i":"month-0-genitive","$v":"Қаңтар"},{"$i":"month-1-genitive","$v":"Ақпан"},{"$i":"month-2-genitive","$v":"Наурыз"},{"$i":"month-3-genitive","$v":"Сәуір"},{"$i":"month-4-genitive","$v":"Мам"},{"$i":"month-5-genitive","$v":"Маусым"},{"$i":"month-6-genitive","$v":"Шілде"},{"$i":"month-7-genitive","$v":"Тамыз"},{"$i":"month-8-genitive","$v":"Қыркүйек"},{"$i":"month-9-genitive","$v":"Қазан"},{"$i":"month-10-genitive","$v":"Қараша"},{"$i":"month-11-genitive","$v":"Желтоқсан"},{"$i":"month-0-short","$v":"Қаң"},{"$i":"month-1-short","$v":"Ақп"},{"$i":"month-2-short","$v":"Нау"},{"$i":"month-3-short","$v":"Сәу"},{"$i":"month-4-short","$v":"Мам"},{"$i":"month-5-short","$v":"Мау"},{"$i":"month-6-short","$v":"Шілде"},{"$i":"month-7-short","$v":"Там"},{"$i":"month-8-short","$v":"Қыр"},{"$i":"month-9-short","$v":"Қаз"},{"$i":"month-10-short","$v":"Қар"},{"$i":"month-11-short","$v":"Жел"},{"$i":"days-ago-long","$v":{"few":[{"t":"idOrVar","v":"value"}," күн бұрын"],"many":[{"t":"idOrVar","v":"value"}," күн бұрын"],"one":"кеше","other":[{"t":"idOrVar","v":"value"}," күн бұрын"],"two":[{"t":"idOrVar","v":"value"}," күн бұрын"],"zero":"бүгін"},"$x":[{"t":"idOrVar","v":"plural"},"value"]},{"$i":"weeks-ago-long","$v":{"few":[{"t":"idOrVar","v":"value"}," апта бұрын"],"many":[{"t":"idOrVar","v":"value"}," апта бұрын"],"one":"өткен апта","other":[{"t":"idOrVar","v":"value"}," апта бұрын"],"two":[{"t":"idOrVar","v":"value"}," апта бұрын"],"zero":"осы апта"},"$x":[{"t":"idOrVar","v":"plural"},"value"]},{"$i":"months-ago-long","$v":{"few":[{"t":"idOrVar","v":"value"}," ай бұрын"],"many":[{"t":"idOrVar","v":"value"}," ай бұрын"],"one":"өткен ай","other":[{"t":"idOrVar","v":"value"}," ай бұрын"],"two":[{"t":"idOrVar","v":"value"}," ай бұрын"],"zero":"осы ай"},"$x":[{"t":"idOrVar","v":"plural"},"value"]},{"$i":"years-ago-long","$v":{"few":[{"t":"idOrVar","v":"value"}," жыл бұрын"],"many":[{"t":"idOrVar","v":"value"}," жыл бұрын"],"one":"өткен жыл","other":[{"t":"idOrVar","v":"value"}," жыл бұрын"],"two":[{"t":"idOrVar","v":"value"}," жыл бұрын"],"zero":"осы жыл"},"$x":[{"t":"idOrVar","v":"plural"},"value"]},{"$i":"minutes-until-long","$v":{"few":[{"t":"idOrVar","v":"value"}," минутта"],"many":[{"t":"idOrVar","v":"value"}," минутта"],"other":[{"t":"idOrVar","v":"value"}," минутта"],"two":[{"t":"idOrVar","v":"value"}," минутта"],"zero":"қазір","one":"1 минут ішінде"},"$x":[{"t":"idOrVar","v":"plural"},"value"]},{"$i":"hours-until-long","$v":{"few":[{"t":"idOrVar","v":"value"}," сағатта"],"many":[{"t":"idOrVar","v":"value"}," сағатта"],"other":[{"t":"idOrVar","v":"value"}," сағатта"],"two":[{"t":"idOrVar","v":"value"}," сағатта"],"zero":"қазір","one":"1 сағатта"},"$x":[{"t":"idOrVar","v":"plural"},"value"]},{"$i":"days-until-long","$v":{"few":[{"t":"idOrVar","v":"value"}," күнде"],"many":[{"t":"idOrVar","v":"value"}," күнде"],"one":"ертең","other":[{"t":"idOrVar","v":"value"}," күнде"],"two":[{"t":"idOrVar","v":"value"}," күнде"],"zero":"бүгін"},"$x":[{"t":"idOrVar","v":"plural"},"value"]},{"$i":"weeks-until-long","$v":{"few":[{"t":"idOrVar","v":"value"}," аптада"],"many":[{"t":"idOrVar","v":"value"}," аптада"],"one":"келесі апта","other":[{"t":"idOrVar","v":"value"}," аптада"],"two":[{"t":"idOrVar","v":"value"}," аптада"],"zero":"осы апта"},"$x":[{"t":"idOrVar","v":"plural"},"value"]},{"$i":"months-until-long","$v":{"few":[{"t":"idOrVar","v":"value"}," айда"],"many":[{"t":"idOrVar","v":"value"}," айда"],"one":"келесі ай","other":[{"t":"idOrVar","v":"value"}," айда"],"two":[{"t":"idOrVar","v":"value"}," айда"],"zero":"осы ай"},"$x":[{"t":"idOrVar","v":"plural"},"value"]},{"$i":"years-until-long","$v":{"few":[{"t":"idOrVar","v":"value"}," жылда"],"many":[{"t":"idOrVar","v":"value"}," жылда"],"one":"келесі жыл","other":[{"t":"idOrVar","v":"value"}," жылда"],"two":[{"t":"idOrVar","v":"value"}," жылда"],"zero":"осы жыл"},"$x":[{"t":"idOrVar","v":"plural"},"value"]},{"$i":"minutes-ago-short","$v":{"other":[{"t":"idOrVar","v":"value"}," минут бұрын"],"zero":"қазір ғана"},"$x":[{"t":"idOrVar","v":"plural"},"value"]},{"$i":"hours-ago-short","$v":{"other":[{"t":"idOrVar","v":"value"}," сағат бұрын"],"zero":"қазір ғана"},"$x":[{"t":"idOrVar","v":"plural"},"value"]},{"$i":"days-ago-short","$v":{"other":[{"t":"idOrVar","v":"value"}," күн бұрын"],"zero":"бүгін"},"$x":[{"t":"idOrVar","v":"plural"},"value"]},{"$i":"minutes-until-short","$v":{"other":[{"t":"idOrVar","v":"value"}," минутта"],"zero":"қазір"},"$x":[{"t":"idOrVar","v":"plural"},"value"]},{"$i":"hours-until-short","$v":{"other":[{"t":"idOrVar","v":"value"}," сағатта"],"zero":"қазір"},"$x":[{"t":"idOrVar","v":"plural"},"value"]},{"$i":"days-until-short","$v":{"other":[{"t":"idOrVar","v":"value"}," күнде"],"zero":"бүгін"},"$x":[{"t":"idOrVar","v":"plural"},"value"]},{"$i":"incorrectDate","$v":"(дұрыс емес күн)"},{"$i":"dateTimeFormat_%c","$v":"%a %b %e %Y %I:%M:%S %p"},{"$i":"dateTimeFormat_%x","$v":"%m/%d/%Y"},{"$i":"dateTimeFormat_%X","$v":"%I:%M:%S %p"},{"$i":"shortTimeFormat","$v":"%I:%M %p"},{"$i":"shortTimeFormat12","$v":"%I:%M %p"},{"$i":"shortTimeFormat24","$v":"%H:%M"},{"$i":"shortDateTimeFormat","$v":"%x %I:%M %p"},{"$i":"weekStartsOnMonday","$v":"0.0"},{"$i":"firstDayOfTheWeek","$v":"1.0"},{"$i":"time_am","$v":"ТД"},{"$i":"time_pm","$v":"түстен кейін"},{"$i":"softkey-options","$v":"Опциялар"}]