[{"$i":"back","$v":"ថយ​ក្រោយ"},{"$i":"save","$v":"រក្សា​ទុក"},{"$i":"cancel","$v":"បោះ​បង់"},{"$i":"next","$v":"បន្ទាប់"},{"$i":"hide","$v":"លាក់"},{"$i":"confirm","$v":"បញ្ជាក់"},{"$i":"done","$v":"រួច​រាល់"},{"$i":"events","$v":"សារ​រំឭក​អំពី​ព្រឹត្តិការណ៍"},{"$i":"edit","$v":"កែ​សម្រួល"},{"$i":"allday-events","$v":"សារ​រំលឹក​អំពី​ព្រឹត្តិការណ៍​ពេញ​មួយ​ថ្ងៃ"},{"$i":"no-events","$v":"គ្មាន​ព្រឹត្តិការណ៍​ទេ"},{"$i":"default","$v":"លំនាំ​ដើម"},{"$i":"sync","$v":"សមកាលកម្ម"},{"$i":"repeat","$v":"សា​ឡើង​វិញ"},{"$i":"never","$v":"មិន​អនុវត្ត"},{"$i":"every-day","$v":"រាល់​ថ្ងៃ"},{"$i":"every-week","$v":"រាល់​ស​ប្តា​ហ៍"},{"$i":"every-2-weeks","$v":"រៀងរាល់ 2 សប្តាហ៍"},{"$i":"every-month","$v":"រៀងរាល់​ខែ"},{"$i":"view-never","$v":"ធ្វើម្តងទៀត: មិនដែល"},{"$i":"view-every-day","$v":"ធ្វើម្តងទៀត: ប្រចាំថ្ងៃ"},{"$i":"view-every-week","$v":"ធ្វើម្តងទៀត: ប្រចាំសប្តាហ៍"},{"$i":"view-every-2-weeks","$v":"សាឡើង​វិញ៖ រាល់​ពីរ​សប្ដាហ៍​ម្ដង"},{"$i":"view-every-month","$v":"ធ្វើម្តងទៀត: ប្រចាំខែ"},{"$i":"repeat-event-header","$v":"ព្រឹត្តិការណ៍​នេះ​សា​ឡើង​វិញ។"},{"$i":"delete-this-only","$v":"លុបវាតែប៉ុណ្ណោះ"},{"$i":"delete-all","$v":"លុប​ទាំង​អស់"},{"$i":"event-edit-all","$v":"កែ​សម្រួល​ព្រឹត្តិការណ៍​ទាំងអស់"},{"$i":"event-edit-all-future","$v":"កែ​សម្រួល​ព្រឹត្តិការណ៍​ខាង​មុខ​ទាំងអស់"},{"$i":"options","$v":"ជម្រើស"},{"$i":"event-delete-all","$v":"លុបព្រឹត្តិការណ៍ទាំងអស់"},{"$i":"event-delete-all-future","$v":"លុប​ព្រឹត្តិការណ៍​ខាង​មុខ​ទាំងអស់"},{"$i":"delete-account","$v":"លុប​គណនី"},{"$i":"exchange-account","$v":"ActiveSync"},{"$i":"account-user-name","$v":"ឈ្មោះ​អ្នក​ប្រើ"},{"$i":"incorrect-password-description","$v":"មិន​អាច​ចូល​ម៉ាស៊ីន​បម្រើ​ទេ។ សូម​សាក​ពាក្យ​សម្ងាត់​ម្ដង​ទៀត។"},{"$i":"incorrect-password","$v":"ពាក្យ​សម្ងាត់​ខុស"},{"$i":"account-duplicate","$v":"គណនីមានរួចហើយ។ ការធ្វើសមកាលកម្មត្រូវបានបើក។"},{"$i":"error-account","$v":"ម៉ាស៊ីន​បម្រើ​មិន​អាច​ប្រើ​បាន។ សូម​សាក​ម្ដង​ទៀត​ពេល​ក្រោយ។"},{"$i":"error-access-denied","$v":"កំហុសមិនស្គាល់មួយបានកើតឡើង សូមព្យាយាមម្តងទៀតនៅពេលក្រោយ។"},{"$i":"error-time-out","$v":["មិនអាចបង្កើតការតភ្ជាប់ជាមួយ \"",{"t":"idOrVar","v":"server"},"\" បានទេ។ ប្រហែលជាមានបញ្ហាជាមួយបណ្តាញ។ "]},{"$i":"caldav-account-exist","$v":"គណនី​នេះ​មាន​រួច​ហើយ។"},{"$i":"save-password","$v":"បានរក្សាទុកពាក្យសម្ងាត់។"},{"$i":"account-login","$v":"ចូលគណនី"},{"$i":"setting-up-account","$v":"កំពុង​បង្កើត​គណនី"},{"$i":"setup-account-usedInfo","$v":"គណនីនេះនឹងត្រូវបានប្រើប្រាស់ដោយកម្មវិធីខាងក្រោម។ អ្នកអាចផ្លាស់ប្តូរវាក្នុង Settings>Account។"},{"$i":"app-calendar","$v":"ប្រតិទិន"},{"$i":"show-today","$v":"ថ្ងៃ​នេះ"},{"$i":"show-month-view","$v":"ខែ"},{"$i":"show-week-view","$v":"សប្ដាហ៍"},{"$i":"show-day-view","$v":"ថ្ងៃ"},{"$i":"settings-show","$v":"ការកំណត់"},{"$i":"settings-hide","$v":"លាក់​ការកំណត់"},{"$i":"add-account","$v":"បន្ថែម​គណនី​មួយ"},{"$i":"new-event","$v":"បន្ថែមព្រឹត្តិការណ៍"},{"$i":"view-event-header","$v":"ព័ត៌មាន​លម្អិត​អំពី​ព្រឹត្តិការណ៍"},{"$i":"new-event-header","$v":"បន្ថែម​ព្រឹត្តិការណ៍"},{"$i":"edit-event-header","$v":"កែ​សម្រួល​ព្រឹត្តិការណ៍"},{"$i":"account-header","$v":"គណនី"},{"$i":"account-list-header","$v":"គណនី"},{"$i":"advanced-settings-short-icon-button","ariaLabel":"ការកំណត់"},{"$i":"advanced-settings-header","$v":"ការកំណត់​ប្រតិទិន្នន័យ"},{"$i":"advanced-settings-personalization","$v":"អាប់ដេត​ហ្វ្រេកង់"},{"$i":"advanced-settings-reminders","$v":"សារ​រំឭក"},{"$i":"advanced-settings-add-account","$v":"បន្ថែម​គណនី"},{"$i":"field-user","$v":"ឈ្មោះ​អ្នក​ប្រើ"},{"$i":"field-password","$v":"ពាក្យ​សម្ងាត់"},{"$i":"show-password","$v":"បង្ហាញ​ពាក្យ​សម្ងាត់"},{"$i":"field-full-url","$v":"URL"},{"$i":"modify-account-setting-up","$v":"សូម​រង់ចាំ ពេល​ដំឡើង​គណនី​អ្នក"},{"$i":"modify-account-unable-to-sync","$v":"មិន​អាច​ធ្វើ​សមកាលកម្ម​បាន​ទេ"},{"$i":"modify-account-sign-in","$v":"ចូល"},{"$i":"sync-account","$v":"ធ្វើសមកាលកម្មគណនី"},{"$i":"deselect","$v":"ដក​ការជ្រើស"},{"$i":"kai-caldav","$v":"CalDav"},{"$i":"kai-yahoo","$v":"យ៉ាហ៊ូ!"},{"$i":"kai-google","$v":"Google"},{"$i":"preset-mozilla","$v":"Mozilla Zimbra"},{"$i":"calendar-local","$v":"ប្រតិទិន​ទូរស័ព្ទ"},{"$i":"event-title","$v":"ចំណង​ជើង"},{"$i":"event-location","$v":"ទីតាំង"},{"$i":"event-description","$v":"កំណត់​សម្គាល់"},{"$i":"event-is-allday","$v":"ព្រឹត្តិការណ៍​ពេញ​មួយ​ថ្ងៃ"},{"$i":"event-start-date","$v":"ថ្ងៃ​ចាប់​ផ្ដើម"},{"$i":"event-end-date","$v":"កាល​បរិច្ឆេទ​បញ្ចប់"},{"$i":"event-start-time","$v":"ម៉ោង​ពេល​ចាប់​ផ្ដើម"},{"$i":"event-end-time","$v":"ពេល​បញ្ចប់"},{"$i":"event-delete","$v":"លុប​ព្រឹត្តិការណ៍"},{"$i":"event-is-deleting","$v":"កំពុង​លុប…"},{"$i":"remove-account-data","$v":"លុប​គណនី​ប្រតិទិន​ចេញ"},{"$i":"remove-account-dialog","$v":"លុប​គណនី​ចេញ"},{"$i":"remove-account-dialog-details","$v":"ប្រសិនបើអ្នកលុបគណនីនេះ កម្មវិធីដែលប្រើប្រាស់គណនីនេះនឹងត្រូវបានជះឥទ្ធិពលផងដែរ។"},{"$i":"remove","$v":"លុប​ចេញ"},{"$i":"drawer-sync-icon-button","ariaLabel":"សមកាលកម្ម"},{"$i":"sync-progress-syncing","ariaValueText":"ការធ្វើ​សមកាលកម្ម"},{"$i":"sync-progress-complete","ariaValueText":"សមកាលកម្ម​បញ្ចប់"},{"$i":"sync-frequency","$v":"សមកាលកម្ម​ប្រតិទិន"},{"$i":"sync-frequency-15min","$v":"រាល់ 15 នាទី​ម្ដង"},{"$i":"sync-frequency-30min","$v":"រាល់ 30 នាទី​ម្ដង"},{"$i":"sync-frequency-manual","$v":"ដោយ​ដៃ"},{"$i":"from","$v":"ពី"},{"$i":"to","$v":"ទៅ"},{"$i":"one-day-duration-title","$v":[{"t":"idOrVar","v":"startDate"}]},{"$i":"one-day-duration-content","$v":["ពី ",{"t":"idOrVar","v":"startTime"}," ដល់ ",{"t":"idOrVar","v":"endTime"}]},{"$i":"multiple-day-duration-title","$v":[{"t":"idOrVar","v":"startTime"}," ",{"t":"idOrVar","v":"startDate"}]},{"$i":"multiple-day-duration-content","$v":[{"t":"idOrVar","v":"endTime"}," ",{"t":"idOrVar","v":"endDate"}]},{"$i":"one-all-day-duration-title","$v":[{"t":"idOrVar","v":"startDate"}]},{"$i":"all-day-duration-content","$v":"ព្រឹត្តិការណ៍​ពេញ​មួយ​ថ្ងៃ"},{"$i":"multiple-all-day-duration-title","$v":["ពី ",{"t":"idOrVar","v":"startDate"}]},{"$i":"multiple-all-day-duration-content","$v":["ដល់ ",{"t":"idOrVar","v":"endDate"}]},{"$i":"none","$v":"គ្មាន"},{"$i":"reminder","$v":"សារ​រំឭក"},{"$i":"remind-me","$v":"រំឭកខ្ញុំ"},{"$i":"alarm-at-event-standard","$v":"ក្នុង​ពេល​ដែល​ព្រឹត្តិការណ៍​ប្រព្រឹត្ត​ឡើង"},{"$i":"alarm-at-event-allday","$v":"នៅ​ថ្ងៃ​ព្រឹត្តិការណ៍"},{"$i":"alarm-at-event-allday-hour12","$v":"នៅ​ថ្ងៃ​ព្រឹត្តិការណ៍ (9:00 AM)"},{"$i":"alarm-at-event-allday-hour24","$v":"នៅ​ថ្ងៃ​ព្រឹត្តិការណ៍ (09:00)"},{"$i":"notice-now","$v":"ចាប់ផ្តើមឥឡូវនេះ"},{"$i":"notice-5-minutes-before","$v":"ចាប់ផ្តើមក្នុងរយៈពេល ៥ នាទី"},{"$i":"notice-15-minutes-before","$v":"ចាប់ផ្តើមក្នុងរយៈពេល ១៥ នាទី"},{"$i":"notice-30-minutes-before","$v":"ចាប់ផ្តើមក្នុងរយៈពេល ៣០ នាទី"},{"$i":"notice-1-hour-before","$v":"ចាប់ផ្តើមក្នុងរយៈពេល ១ ម៉ោង"},{"$i":"notice-2-hours-before","$v":"ចាប់ផ្តើមក្នុងរយៈពេល ២ ម៉ោង"},{"$i":"notice-1-day-before","$v":"ចាប់ផ្តើមនៅថ្ងៃស្អែក"},{"$i":"notice-on-day-event-all","$v":"ចាប់ផ្តើមនៅថ្ងៃនេះ"},{"$i":"notice-1-day-before-all","$v":"ចាប់ផ្តើមនៅថ្ងៃស្អែក"},{"$i":"notice-2-day-before-all","$v":"ចាប់ផ្តើមក្នុងរយៈពេល ២ ថ្ងៃ"},{"$i":"notice-weeks-before-all","$v":["ការ​ចាប់ផ្តើមនៅ ",{"t":"idOrVar","v":"startDate"}]},{"$i":"days-ago-yesterday","$v":["ម្សិលមិញ ",{"t":"idOrVar","v":"timeString"}]},{"$i":"days-ago-today","$v":["ថ្ងៃនេះ ",{"t":"idOrVar","v":"timeString"}]},{"$i":"days-ago-yesterday-single","$v":"ម្សិល​មិញ"},{"$i":"days-ago-today-single","$v":"ថ្ងៃ​នេះ"},{"$i":"alarm-started-notices","$v":["បាន​ចាប់ផ្តើម ",{"t":"idOrVar","v":"distance"}]},{"$i":"alarm-starting-notices","$v":["ការ​ចាប់ផ្តើម ",{"t":"idOrVar","v":"distance"}]},{"$i":"minutes-ago-long","$v":{"few":[{"t":"idOrVar","v":"value"}," នាទី​មុន"],"many":[{"t":"idOrVar","v":"value"}," នាទី​មុន"],"other":[{"t":"idOrVar","v":"value"}," នាទី​មុន"],"two":[{"t":"idOrVar","v":"value"}," នាទី​មុន"],"one":"មួយ​នាទី​មុន","zero":"អម្បាញ់​មិញ"},"$x":[{"t":"idOrVar","v":"plural"},"value"]},{"$i":"hours-ago-long","$v":{"few":[{"t":"idOrVar","v":"value"}," ម៉ោង​មុន"],"many":[{"t":"idOrVar","v":"value"}," ម៉ោង​មុន"],"other":[{"t":"idOrVar","v":"value"}," ម៉ោង​មុន"],"two":[{"t":"idOrVar","v":"value"}," ម៉ោង​មុន"],"one":"1 ម៉ោងមុន","zero":"អម្បាញ់​មិញ"},"$x":[{"t":"idOrVar","v":"plural"},"value"]},{"$i":"alarm-start-notice","$v":[{"t":"idOrVar","v":"title"}," ចាប់​ផ្ដើម ",{"t":"idOrVar","v":"distance"}]},{"$i":"alarm-started-notice","$v":[{"t":"idOrVar","v":"title"}," បាន​ចាប់​ផ្ដើម ",{"t":"idOrVar","v":"distance"}]},{"$i":"alarm-start-notice-two-days","$v":[{"t":"idOrVar","v":"title"}," ចាប់ផ្ដើម​ក្នុង​រយៈ​ពេល​ពីរ​ថ្ងៃ​ទៀត"]},{"$i":"alarm-start-notice-few-days","$v":[{"t":"idOrVar","v":"title"}," ចាប់​ផ្ដើម​នៅ ",{"t":"idOrVar","v":"distance"}]},{"$i":"days-before-hour12","$v":{"few":["មុន ",{"t":"idOrVar","v":"value"}," ថ្ងៃ (9:00 AM)"],"many":["មុន ",{"t":"idOrVar","v":"value"}," ថ្ងៃ (9:00 AM)"],"one":"មុន 1 ថ្ងៃ (9:00 AM)","other":["មុន ",{"t":"idOrVar","v":"value"}," ថ្ងៃ (9:00 AM)"],"two":["មុន ",{"t":"idOrVar","v":"value"}," ថ្ងៃ (9:00 AM)"],"zero":"មុន 0 ថ្ងៃ (9:00 AM)"},"$x":[{"t":"idOrVar","v":"plural"},"value"]},{"$i":"weeks-before-hour12","$v":{"few":["មុន ",{"t":"idOrVar","v":"value"}," សប្ដាហ៍ (9:00 AM)"],"many":["មុន ",{"t":"idOrVar","v":"value"}," សប្ដាហ៍ (9:00 AM)"],"one":"មុន 1 សប្ដាហ៍ (9:00 AM)","other":["មុន ",{"t":"idOrVar","v":"value"}," សប្ដាហ៍ (9:00 AM)"],"two":["មុន ",{"t":"idOrVar","v":"value"}," សប្ដាហ៍ (9:00 AM)"],"zero":"មុន 0 សប្ដាហ៍ (9:00 AM)"},"$x":[{"t":"idOrVar","v":"plural"},"value"]},{"$i":"days-before-hour24","$v":{"few":["មុន ",{"t":"idOrVar","v":"value"}," ថ្ងៃ (09:00)"],"many":["មុន ",{"t":"idOrVar","v":"value"}," ថ្ងៃ (09:00)"],"one":"មុន 1 ថ្ងៃ (09:00)","other":["មុន ",{"t":"idOrVar","v":"value"}," ថ្ងៃ (09:00)"],"two":["មុន ",{"t":"idOrVar","v":"value"}," ថ្ងៃ (09:00)"],"zero":"មុន 0 ថ្ងៃ (09:00)"},"$x":[{"t":"idOrVar","v":"plural"},"value"]},{"$i":"weeks-before-hour24","$v":{"few":["មុន ",{"t":"idOrVar","v":"value"}," សប្ដាហ៍ (09:00)"],"many":["មុន ",{"t":"idOrVar","v":"value"}," សប្ដាហ៍ (09:00)"],"one":"មុន 1 សប្ដាហ៍ (09:00)","other":["មុន ",{"t":"idOrVar","v":"value"}," សប្ដាហ៍ (09:00)"],"two":["មុន ",{"t":"idOrVar","v":"value"}," សប្ដាហ៍ (09:00)"],"zero":"មុន 0 សប្ដាហ៍ (09:00)"},"$x":[{"t":"idOrVar","v":"plural"},"value"]},{"$i":"minutes-before","$v":{"few":[{"t":"idOrVar","v":"value"}," នាទី​មុន"],"many":[{"t":"idOrVar","v":"value"}," នាទី​មុន"],"one":"1 នាទី​មុន","other":[{"t":"idOrVar","v":"value"}," នាទី​មុន"],"two":[{"t":"idOrVar","v":"value"}," នាទី​មុន"],"zero":"0 នាទី​មុន"},"$x":[{"t":"idOrVar","v":"plural"},"value"]},{"$i":"hours-before","$v":{"few":[{"t":"idOrVar","v":"value"}," ម៉ោង​មុន"],"many":[{"t":"idOrVar","v":"value"}," ម៉ោង​មុន"],"one":"1 ម៉ោងមុន","other":[{"t":"idOrVar","v":"value"}," ម៉ោង​មុន"],"two":[{"t":"idOrVar","v":"value"}," ម៉ោង​មុន"],"zero":"0 ម៉ោងមុន"},"$x":[{"t":"idOrVar","v":"plural"},"value"]},{"$i":"days-before","$v":{"few":[{"t":"idOrVar","v":"value"}," ថ្ងៃ​មុន"],"many":[{"t":"idOrVar","v":"value"}," ថ្ងៃ​មុន"],"one":"1 ថ្ងៃមុន","other":[{"t":"idOrVar","v":"value"}," ថ្ងៃ​មុន"],"two":[{"t":"idOrVar","v":"value"}," ថ្ងៃ​មុន"],"zero":"0 ថ្ងៃមុន"},"$x":[{"t":"idOrVar","v":"plural"},"value"]},{"$i":"weeks-before","$v":{"few":[{"t":"idOrVar","v":"value"}," សប្ដាហ៍​មុន"],"many":[{"t":"idOrVar","v":"value"}," សប្ដាហ៍​មុន"],"one":"1 សប្ដាហ៍​មុន","other":[{"t":"idOrVar","v":"value"}," សប្ដាហ៍​មុន"],"two":[{"t":"idOrVar","v":"value"}," សប្ដាហ៍​មុន"],"zero":"0 សប្ដាហ៍​មុន"},"$x":[{"t":"idOrVar","v":"plural"},"value"]},{"$i":"months-before","$v":{"few":[{"t":"idOrVar","v":"value"}," ខែ​មុន"],"many":[{"t":"idOrVar","v":"value"}," ខែ​មុន"],"one":"1 ខែ​មុន","other":[{"t":"idOrVar","v":"value"}," ខែ​មុន"],"two":[{"t":"idOrVar","v":"value"}," ខែ​មុន"],"zero":"0 ខែ​មុន"},"$x":[{"t":"idOrVar","v":"plural"},"value"]},{"$i":"years-before","$v":{"few":[{"t":"idOrVar","v":"value"}," ឆ្នាំ​មុន"],"many":[{"t":"idOrVar","v":"value"}," ឆ្នាំ​មុន"],"one":"1 ឆ្នាំ​មុន","other":[{"t":"idOrVar","v":"value"}," ឆ្នាំ​មុន"],"two":[{"t":"idOrVar","v":"value"}," ឆ្នាំ​មុន"],"zero":"0 ឆ្នាំ​មុន"},"$x":[{"t":"idOrVar","v":"plural"},"value"]},{"$i":"minutes-after","$v":{"few":[{"t":"idOrVar","v":"value"}," នាទី​ក្រោយ"],"many":[{"t":"idOrVar","v":"value"}," នាទី​ក្រោយ"],"one":"1 នាទី​ក្រោយ","other":[{"t":"idOrVar","v":"value"}," នាទី​ក្រោយ"],"two":[{"t":"idOrVar","v":"value"}," នាទី​ក្រោយ"],"zero":"0 នាទី​ក្រោយ"},"$x":[{"t":"idOrVar","v":"plural"},"value"]},{"$i":"hours-after","$v":{"few":[{"t":"idOrVar","v":"value"}," ម៉ោង​ក្រោយ"],"many":[{"t":"idOrVar","v":"value"}," ម៉ោង​ក្រោយ"],"one":"1 ម៉ោង​ក្រោយ","other":[{"t":"idOrVar","v":"value"}," ម៉ោង​ក្រោយ"],"two":[{"t":"idOrVar","v":"value"}," ម៉ោង​ក្រោយ"],"zero":"0 ម៉ោង​ក្រោយ"},"$x":[{"t":"idOrVar","v":"plural"},"value"]},{"$i":"days-after","$v":{"few":[{"t":"idOrVar","v":"value"}," ថ្ងៃ​ក្រោយ"],"many":[{"t":"idOrVar","v":"value"}," ថ្ងៃ​ក្រោយ"],"one":"1 ថ្ងៃ​ក្រោយ","other":[{"t":"idOrVar","v":"value"}," ថ្ងៃ​ក្រោយ"],"two":[{"t":"idOrVar","v":"value"}," ថ្ងៃ​ក្រោយ"],"zero":"0 ថ្ងៃ​ក្រោយ"},"$x":[{"t":"idOrVar","v":"plural"},"value"]},{"$i":"weeks-after","$v":{"few":[{"t":"idOrVar","v":"value"}," សប្ដាហ៍​ក្រោយ"],"many":[{"t":"idOrVar","v":"value"}," សប្ដាហ៍​ក្រោយ"],"one":"1 សប្ដាហ៍​ក្រោយ","other":[{"t":"idOrVar","v":"value"}," សប្ដាហ៍​ក្រោយ"],"two":[{"t":"idOrVar","v":"value"}," សប្ដាហ៍​ក្រោយ"],"zero":"0 សប្ដាហ៍​ក្រោយ"},"$x":[{"t":"idOrVar","v":"plural"},"value"]},{"$i":"months-after","$v":{"few":[{"t":"idOrVar","v":"value"}," ខែ​ក្រោយ"],"many":[{"t":"idOrVar","v":"value"}," ខែ​ក្រោយ"],"one":"1 ខែ​ក្រោយ","other":[{"t":"idOrVar","v":"value"}," ខែ​ក្រោយ"],"two":[{"t":"idOrVar","v":"value"}," ខែ​ក្រោយ"],"zero":"0 ខែ​ក្រោយ"},"$x":[{"t":"idOrVar","v":"plural"},"value"]},{"$i":"years-after","$v":{"few":[{"t":"idOrVar","v":"value"}," ឆ្នាំ​ក្រោយ"],"many":[{"t":"idOrVar","v":"value"}," ឆ្នាំ​ក្រោយ"],"one":"1 ឆ្នាំ​ក្រោយ","other":[{"t":"idOrVar","v":"value"}," ឆ្នាំ​ក្រោយ"],"two":[{"t":"idOrVar","v":"value"}," ឆ្នាំ​ក្រោយ"],"zero":"0 ឆ្នាំ​ក្រោយ"},"$x":[{"t":"idOrVar","v":"plural"},"value"]},{"$i":"event-notice-timeformat","$v":[{"t":"idOrVar","v":"start"}," - ",{"t":"idOrVar","v":"end"}]},{"$i":"tomorrow-event-notice-timeformat","$v":["ថ្ងៃស្អែក ",{"t":"idOrVar","v":"start"}," - ",{"t":"idOrVar","v":"end"}]},{"$i":"today-all-day-event","$v":"ថ្ងៃ​នេះ"},{"$i":"tomorrow-all-day-event","$v":"ស្អែក"},{"$i":"hour-format12","$v":"%I"},{"$i":"hour-format24","$v":"%H"},{"$i":"week-hour-format12","$v":"%I"},{"$i":"week-hour-format24","$v":"%H"},{"$i":"hour-allday","$v":"ពេញ​មួយ​ថ្ងៃ"},{"$i":"kai-week-day","$v":"%a\\n%e"},{"$i":"current-time12","$v":"%I:%M"},{"$i":"current-time24","$v":"%H:%M"},{"$i":"multi-month-view-header-format","$v":"%B %Y"},{"$i":"day-view-header-format","$v":"%A, %B %e"},{"$i":"months-day-view-header-format","$v":"%A, %B %e"},{"$i":"months-day-view-header-format-small","$v":{"$o":"%a <br/> %b, %e"}},{"$i":"week-view-header-format","$v":["សប្ដាហ៍ ",{"t":"idOrVar","v":"value"},", %B %Y"]},{"$i":"longDateFormat","$v":"%A, %B %e, %Y"},{"$i":"longTimeFormat","$v":"%A %B %d"},{"$i":"longTimeFormat12","$v":"%A %B %d %I %p"},{"$i":"longTimeFormat24","$v":"%A %B %d ម៉ោង %H"},{"$i":"weekTimeFormat12","$v":"%I %p"},{"$i":"weekTimeFormat24","$v":"ម៉ោង %H"},{"$i":"weekDayFormat","$v":"%A %d"},{"$i":"alldayLongTimeFormat","$v":"%A %B %d ពេញ​មួយ​ថ្ងៃ"},{"$i":"dayHour12","$v":"%I %p"},{"$i":"dayHour24","$v":"ម៉ោង %H"},{"$i":"longDateTime12","$v":"%I %p, %a, %d %b, %Y"},{"$i":"longDateTime24","$v":"%H, %a, %d %b, %Y"},{"$i":"upcoming-events","$v":"ព្រឹត្តិការណ៍​ខាង​មុខ"},{"$i":"search-results","$v":"លទ្ធផល​ស្វែង​រក"},{"$i":"no-event-found","$v":"រក​មិន​ឃើញ​ព្រឹត្តិការណ៍​ទេ"},{"$i":"longDateTimeNew12","$v":"%a, %B %e, %Y, %I:%M %p"},{"$i":"longDateTimeNew24","$v":"%a %b %e %Y %I:%M:%S %p"},{"$i":"longDateTimeNewNoHour12","$v":"%a, %B %e, %Y"},{"$i":"longDateTimeNewNoHour24","$v":"%a, %B %e, %Y"},{"$i":"error-start-date-after-end-date","$v":"ព្រឹត្តិការណ៍​មិន​អាច​បញ្ចប់ មុន​ថ្ងៃ​ចាប់​ផ្ដើម​ទេ។"},{"$i":"error-start-time-after-end-time","$v":"ព្រឹត្តិការណ៍​មិន​អាច​បញ្ចប់ មុន​ថ្ងៃ​ចាប់​ផ្ដើម​ទេ។"},{"$i":"error-unauthenticated","$v":"ឈ្មោះ​អ្នក​ប្រើ ឬ​ពាក្យ​សម្ងាត់​ខុស សូម​ព្យាយាម​ម្ដង​ទៀត។"},{"$i":"error-internal-server-error","$v":"បញ្ហា​ម៉ាស៊ីន​បម្រើ សូម​ព្យាយាម​ម្ដង​ទៀត។"},{"$i":"error-unkown","$v":"ម៉ាស៊ីន​បម្រើ​មិន​អាច​ប្រើ​បាន​ទេ។ សូម​សាក​ម្ដង​ទៀត​នៅ​ពេល​ក្រោយ។"},{"$i":"error-default","$v":"អ្វី​មួយ​ខុស​ប្រក្រតី។ ព្យាយាម​ម្ដង​ទៀត​ពេល​ក្រោយ។"},{"$i":"error-offline","$v":"គ្មាន​ការភ្ជាប់​អ៊ីនធឺណិត​ទេ។"},{"$i":"error-account-exist","$v":"គណនី​នេះ​មាន​រួច​ហើយ។"},{"$i":"error-confirmation-title","$v":"មាន​បញ្ហា"},{"$i":"error-edit-online-event","$v":"កែ​សម្រួល​ព្រឹត្តិការណ៍​លើ​បណ្ដាញ​មិន​បាន​សម្រេច ដោយសារ​គ្មាន​ការភ្ជាប់​អ៊ីនធឺណិត។"},{"$i":"error-delete-online-event","$v":"បានបរាជ័យក្នុងការលុបព្រឹត្តិការណ៍តាមអ៊ីនធឺណិតដោយសារគ្មានអ៊ីនធឺណិត។"},{"$i":"error-add-online-event","$v":"ខកខានបន្ថែម​ព្រឹត្តិការណ៍​អនឡាញ ដោយសារ​គ្មាន​ការភ្ជាប់​អ៊ីនធឺណិត។"},{"$i":"error-start-date-before-seleced-day","$v":"ព្រឹត្តិការណ៍មិនអាច​ផ្តើមមុន​កាលបរិច្ឆេទឥឡូវឡើយ។"},{"$i":"notification-error-sync-title","$v":"បញ្ហា​សមកាល​ប្រតិទិន"},{"$i":"notification-error-sync-description","$v":"ប៉ះ​ដើម្បី​មើល​ព័ត៌មាន​ថែម"},{"$i":"notification-error-caldav-sync-title","$v":"កំហុសគណនី"},{"$i":"notification-error-caldav-sync-description","$v":"ចូល​ម្ដង​ទៀត"},{"$i":"weekday-0-single-char","$v":"អា","ariaLabel":"អាទិត្យ"},{"$i":"weekday-1-single-char","$v":"ច","ariaLabel":"ចន្ទ"},{"$i":"weekday-2-single-char","$v":"អ","ariaLabel":"អង្គារ"},{"$i":"weekday-3-single-char","$v":"ពុ","ariaLabel":"ពុធ"},{"$i":"weekday-4-single-char","$v":"អ","ariaLabel":"ព្រហស្បតិ៍"},{"$i":"weekday-5-single-char","$v":"សុ","ariaLabel":"សុក្រ"},{"$i":"weekday-6-single-char","$v":"ស","ariaLabel":"សៅរ៍"},{"$i":"busy","$v":{"few":["ព្រឹត្តិការណ៍ ",{"t":"idOrVar","v":"n"}],"many":["ព្រឹត្តិការណ៍ ",{"t":"idOrVar","v":"n"}],"one":["ព្រឹត្តិការណ៍ ",{"t":"idOrVar","v":"n"}],"other":["ព្រឹត្តិការណ៍ ",{"t":"idOrVar","v":"n"}],"two":["ព្រឹត្តិការណ៍ ",{"t":"idOrVar","v":"n"}],"zero":"គ្មាន​ព្រឹត្តិការណ៍​ទេ"},"$x":[{"t":"idOrVar","v":"plural"},"n"]},{"$i":"present","ariaLabel":"ថ្ងៃ​នេះ"},{"$i":"past-other-month-description","ariaLabel":"ខែ​ផ្សេង"},{"$i":"future-other-month-description","ariaLabel":"ខែ​ផ្សេង"},{"$i":"icon-calendar-alarm","ariaLabel":"មាន​ម៉ោង​រោទ៍"},{"$i":"calendars","ariaLabel":"ប្រតិទិន"},{"$i":"multi-day-new-event-link","ariaLabel":"បន្ថែមព្រឹត្តិការណ៍"},{"$i":"title","ariaLabel":"ចំណង​ជើង"},{"$i":"location","ariaLabel":"ទីតាំង"},{"$i":"duration","ariaLabel":"រយៈ​ពេល"},{"$i":"calendar","ariaLabel":"ប្រតិទិន"},{"$i":"alarms","ariaLabel":"រោទ៍"},{"$i":"description","ariaLabel":"ការពិពណ៌នា"},{"$i":"start-date","ariaLabel":"ថ្ងៃ​ចាប់​ផ្ដើម"},{"$i":"start-time","ariaLabel":"ម៉ោង​ពេល​ចាប់​ផ្ដើម"},{"$i":"end-date","ariaLabel":"កាល​បរិច្ឆេទ​បញ្ចប់"},{"$i":"end-time","ariaLabel":"ពេល​បញ្ចប់"},{"$i":"during-progress-loading","ariaValueText":"កំពុង​ស្រង់"},{"$i":"all-day","ariaLabel":"ពេញ​មួយ​ថ្ងៃ"},{"$i":"create-event","ariaLabel":"បង្កើត​ព្រឹត្តិការណ៍"},{"$i":"create-all-day-event","ariaLabel":"បង្កើត​ព្រឹត្តិការណ៍​ពេញ​មួយ​ថ្ងៃ"},{"$i":"event-one-day-duration","ariaLabel":["ពី ",{"t":"idOrVar","v":"startTime"}," ដល់ ",{"t":"idOrVar","v":"endTime"}]},{"$i":"week-event-one-day-duration","ariaLabel":[{"t":"idOrVar","v":"startDate"}," ពី ",{"t":"idOrVar","v":"startTime"}," ដល់ ",{"t":"idOrVar","v":"endTime"}]},{"$i":"event-multiple-day-duration","ariaLabel":["ពី ",{"t":"idOrVar","v":"startTime"}," ",{"t":"idOrVar","v":"startDate"}," ដល់ ",{"t":"idOrVar","v":"endTime"}," ",{"t":"idOrVar","v":"endDate"}]},{"$i":"kai-event-added","$v":"ព្រឹត្តិការណ៍បន្ថែម។"},{"$i":"kai-event-updated","$v":"ព្រឹត្តិការណ៍បានធ្វើបច្ចុប្បន្នភាព។"},{"$i":"kai-event-deleted","$v":"បានលុបព្រឹត្តិការណ៍។"},{"$i":"kai-change-save","$v":"បាន​រក្សា​ទុក​ការផ្លាស់​ប្ដូរ"},{"$i":"event-sync-failure","$v":"មិនអាចធ្វើសមកាលកម្មទៅប្រតិទិនអនឡាញ។"},{"$i":"kai-event-calendar","$v":"ប្រតិទិន"},{"$i":"kai-single-event","$v":"ព្រឹត្តិការណ៍"},{"$i":"kai-event-count","$v":"ព្រឹត្តិការណ៍"},{"$i":"kai-sync-progress-syncing","$v":"ការធ្វើ​សមកាលកម្ម"},{"$i":"kai-sync-progress-complete","$v":"ប្រតិទិនទាន់សម័យ។"},{"$i":"kai-sync-sync-switch-close","$v":"មិនអាចធ្វើសមកាលកម្មគណនីបានទេពីព្រោះការធ្វើសមកាលកម្មត្រូវបានបិទ។"},{"$i":"kai-settings-sounds","$v":"សំឡេង"},{"$i":"kai-tones","$v":"សូរ​សំឡេង"},{"$i":"kai-multi-events","$v":"ព្រឹត្តិការណ៍"},{"$i":"kai-confirmation-title","$v":"ការបញ្ជាក់"},{"$i":"kai-delete-selectedEvent-confirmation","$v":"លុបព្រឹត្តិការណ៍ដែលបានជ្រើសរើស?"},{"$i":"kai-deleteEvent-confirmation","$v":"លុបព្រឹត្តិការណ៍?"},{"$i":"kai-event-search-header","$v":"ស្វែង​រក","placeholder":"ស្វែង​រក"},{"$i":"kai-event-search-upcoming-events","$v":"ព្រឹត្តិការណ៍​ខាង​មុខ"},{"$i":"kai-delete","$v":"លុប"},{"$i":"kai-cancel","$v":"បោះបង់"},{"$i":"kai-dialog-delete-sel","$v":"តើអ្នកពិតជាចង់លុបព្រឹត្តិការណ៍ដែលបានជ្រើសរើសហើយឬនៅ?"},{"$i":"kai-delete-title","$v":"លុប​ព្រឹត្តិការណ៍"},{"$i":"kai-save-changes","$v":"រក្សាទុកការផ្លាស់ប្តូរ?"},{"$i":"kai-save-message-back","$v":"ទិន្នន័យដែលបានបញ្ចូលទាំងអស់នឹងត្រូវបាត់បង់។ តើអ្នកចង់រក្សាទុកការផ្លាស់ប្តូរទេ?"},{"$i":"kai-save-message-close","$v":"ពាក្យសុំនឹងត្រូវបិទដោយការបាត់បង់ទិន្នន័យ។ តើអ្នកចង់រក្សាទុកការផ្លាស់ប្តូរទេ?"},{"$i":"yes","$v":"បាទ/ចាស"},{"$i":"no","$v":"ទេ"},{"$i":"confirmation","$v":"ការបញ្ជាក់"},{"$i":"ok","$v":"យល់​ព្រម"},{"$i":"delete-event","$v":"លុបព្រឹត្តិការណ៍?"},{"$i":"edit-event-no-net","$v":"កែ​សម្រួល​ព្រឹត្តិការណ៍​លើ​បណ្ដាញ​មិន​បាន​សម្រេច ដោយសារ​គ្មាន​ការភ្ជាប់​អ៊ីនធឺណិត។"},{"$i":"kai-settings-header","$v":"ប្រតិទិន​សម្រាប់​បង្ហាញ"},{"$i":"kai-syncing","$v":"កំពុងធ្វើសមកាលកម្ម ..."},{"$i":"kai-syncing-header","$v":"ធ្វើសមកាលកម្មគណនី"},{"$i":"select","$v":"ជ្រើស"},{"$i":"add-event","$v":"បន្ថែមព្រឹត្តិការណ៍"},{"$i":"week-view","$v":"ការមើល​ប្រចាំ​សប្ដាហ៍"},{"$i":"day-view","$v":"ទិដ្ឋភាពក្នុងមួយថ្ងៃ"},{"$i":"month-view","$v":"ទិដ្ឋភាពក្នុងមួយខែ"},{"$i":"today","$v":"ថ្ងៃ​នេះ"},{"$i":"go","$v":"ទៅ​កាន់​កាល​បរិច្ឆេទ"},{"$i":"search","$v":"ស្វែង​រក"},{"$i":"calendar-to-display","$v":"ប្រតិទិន​សម្រាប់​បង្ហាញ"},{"$i":"settings","$v":"ការកំណត់"},{"$i":"delete","$v":"លុប"},{"$i":"enter","$v":"បញ្ចូល"},{"$i":"sync-calendar","$v":"សមកាលកម្ម​ប្រតិទិន"},{"$i":"lunar-calendar","$v":"ថ្ងៃតាមចន្ទគតិ"},{"$i":"present-description","$v":["ថ្ងៃ​នេះ ",{"t":"idOrVar","v":"weekday"}," ទី",{"t":"idOrVar","v":"date"}]},{"$i":"day-description","$v":[{"t":"idOrVar","v":"weekday"}," ទី ",{"t":"idOrVar","v":"date"}]},{"$i":"weekday-5","$v":"សុក្រ"},{"$i":"weekday-4","$v":"ព្រហស្បតិ៍"},{"$i":"weekday-3","$v":"ពុធ"},{"$i":"weekday-2","$v":"អង្គារ"},{"$i":"weekday-1","$v":"ចន្ទ"},{"$i":"weekday-0","$v":"អាទិត្យ"},{"$i":"weekday-6","$v":"សៅរ៍"},{"$i":"no-title","$v":"គ្មានចំណងជើង"},{"$i":"account-sync-off-tip","$v":"បើកការធ្វើសមកាលកម្មសម្រាប់គណនីនេះដើម្បីកែសម្រួលឬលុបព្រឹត្តិការណ៍។"},{"$i":"weekday-0-long","$v":"អាទិត្យ"},{"$i":"weekday-1-long","$v":"ចន្ទ"},{"$i":"weekday-2-long","$v":"អង្គារ"},{"$i":"weekday-3-long","$v":"ពុធ"},{"$i":"weekday-4-long","$v":"ព្រហស្បតិ៍"},{"$i":"weekday-5-long","$v":"សុក្រ"},{"$i":"weekday-6-long","$v":"សៅរ៍"},{"$i":"weekday-0-short","$v":"អា"},{"$i":"weekday-1-short","$v":"ច"},{"$i":"weekday-2-short","$v":"អ"},{"$i":"weekday-3-short","$v":"ពុ"},{"$i":"weekday-4-short","$v":"ព្រ"},{"$i":"weekday-5-short","$v":"សុ"},{"$i":"weekday-6-short","$v":"ស"},{"$i":"month-0-long","$v":"មករា"},{"$i":"month-1-long","$v":"កុម្ភៈ"},{"$i":"month-2-long","$v":"មីនា"},{"$i":"month-3-long","$v":"មេសា"},{"$i":"month-4-long","$v":"ឧសភា"},{"$i":"month-5-long","$v":"មិថុនា"},{"$i":"month-6-long","$v":"កក្កដា"},{"$i":"month-7-long","$v":"សីហា"},{"$i":"month-8-long","$v":"កញ្ញា"},{"$i":"month-9-long","$v":"តុលា"},{"$i":"month-10-long","$v":"វិច្ឆិកា"},{"$i":"month-11-long","$v":"ធ្នូ"},{"$i":"month-0-genitive","$v":"មករា"},{"$i":"month-1-genitive","$v":"កុម្ភៈ"},{"$i":"month-2-genitive","$v":"មីនា"},{"$i":"month-3-genitive","$v":"មេសា"},{"$i":"month-4-genitive","$v":"ឧសភា"},{"$i":"month-5-genitive","$v":"មិថុនា"},{"$i":"month-6-genitive","$v":"កក្កដា"},{"$i":"month-7-genitive","$v":"សីហា"},{"$i":"month-8-genitive","$v":"កញ្ញា"},{"$i":"month-9-genitive","$v":"តុលា"},{"$i":"month-10-genitive","$v":"វិច្ឆិកា"},{"$i":"month-11-genitive","$v":"ធ្នូ"},{"$i":"month-0-short","$v":"មករា"},{"$i":"month-1-short","$v":"កុម្ភៈ"},{"$i":"month-2-short","$v":"មីនា"},{"$i":"month-3-short","$v":"មេសា"},{"$i":"month-4-short","$v":"ឧសភា"},{"$i":"month-5-short","$v":"មិថុនា"},{"$i":"month-6-short","$v":"កក្កដា"},{"$i":"month-7-short","$v":"សីហា"},{"$i":"month-8-short","$v":"កញ្ញា"},{"$i":"month-9-short","$v":"តុលា"},{"$i":"month-10-short","$v":"វិច្ឆិកា"},{"$i":"month-11-short","$v":"ធ្នូ"},{"$i":"days-ago-long","$v":{"few":[{"t":"idOrVar","v":"value"}," ថ្ងៃ​មុន"],"many":[{"t":"idOrVar","v":"value"}," ថ្ងៃ​មុន"],"one":"ម្សិល​មិញ","other":[{"t":"idOrVar","v":"value"}," ថ្ងៃ​មុន"],"two":[{"t":"idOrVar","v":"value"}," ថ្ងៃ​មុន"],"zero":"ថ្ងៃ​នេះ"},"$x":[{"t":"idOrVar","v":"plural"},"value"]},{"$i":"weeks-ago-long","$v":{"few":[{"t":"idOrVar","v":"value"}," សប្ដាហ៍​មុន"],"many":[{"t":"idOrVar","v":"value"}," សប្ដាហ៍​មុន"],"one":"សប្ដាហ៍​មុន","other":[{"t":"idOrVar","v":"value"}," សប្ដាហ៍​មុន"],"two":[{"t":"idOrVar","v":"value"}," សប្ដាហ៍​មុន"],"zero":"សប្ដាហ៍​នេះ"},"$x":[{"t":"idOrVar","v":"plural"},"value"]},{"$i":"months-ago-long","$v":{"few":[{"t":"idOrVar","v":"value"}," ខែ​មុន"],"many":[{"t":"idOrVar","v":"value"}," ខែ​មុន"],"one":"ខែ​មុន","other":[{"t":"idOrVar","v":"value"}," ខែ​មុន"],"two":[{"t":"idOrVar","v":"value"}," ខែ​មុន"],"zero":"ខែ​នេះ"},"$x":[{"t":"idOrVar","v":"plural"},"value"]},{"$i":"years-ago-long","$v":{"few":[{"t":"idOrVar","v":"value"}," ឆ្នាំ​មុន"],"many":[{"t":"idOrVar","v":"value"}," ឆ្នាំ​មុន"],"one":"ឆ្នាំ​មុន","other":[{"t":"idOrVar","v":"value"}," ឆ្នាំ​មុន"],"two":[{"t":"idOrVar","v":"value"}," ឆ្នាំ​មុន"],"zero":"ឆ្នាំ​នេះ"},"$x":[{"t":"idOrVar","v":"plural"},"value"]},{"$i":"minutes-until-long","$v":{"few":["ក្នុង​ពេល ",{"t":"idOrVar","v":"value"}," នាទី"],"many":["ក្នុង​ពេល ",{"t":"idOrVar","v":"value"}," នាទី"],"other":["ក្នុង​ពេល ",{"t":"idOrVar","v":"value"}," នាទី"],"two":["ក្នុង​ពេល ",{"t":"idOrVar","v":"value"}," នាទី"],"zero":"ឥឡូវ","one":"ក្នុង ១ នាទី"},"$x":[{"t":"idOrVar","v":"plural"},"value"]},{"$i":"hours-until-long","$v":{"few":["ក្នុង​ពេល ",{"t":"idOrVar","v":"value"}," ម៉ោង"],"many":["ក្នុង​ពេល ",{"t":"idOrVar","v":"value"}," ម៉ោង"],"other":["ក្នុង​ពេល ",{"t":"idOrVar","v":"value"}," ម៉ោង"],"two":["ក្នុង​ពេល ",{"t":"idOrVar","v":"value"}," ម៉ោង"],"zero":"ឥឡូវ","one":"ក្នុង ១ ម៉ោង"},"$x":[{"t":"idOrVar","v":"plural"},"value"]},{"$i":"days-until-long","$v":{"few":["ក្នុង​ពេល ",{"t":"idOrVar","v":"value"}," ថ្ងៃ"],"many":["ក្នុង​ពេល ",{"t":"idOrVar","v":"value"}," ថ្ងៃ"],"one":"ស្អែក","other":["ក្នុង​ពេល ",{"t":"idOrVar","v":"value"}," ថ្ងៃ"],"two":["ក្នុង​ពេល ",{"t":"idOrVar","v":"value"}," ថ្ងៃ"],"zero":"ថ្ងៃ​នេះ"},"$x":[{"t":"idOrVar","v":"plural"},"value"]},{"$i":"weeks-until-long","$v":{"few":["ក្នុង​ពេល ",{"t":"idOrVar","v":"value"}," សប្ដាហ៍"],"many":["ក្នុង​ពេល ",{"t":"idOrVar","v":"value"}," សប្ដាហ៍"],"one":"សប្ដាហ៍​ក្រោយ","other":["ក្នុង​ពេល ",{"t":"idOrVar","v":"value"}," សប្ដាហ៍"],"two":["ក្នុង​ពេល ",{"t":"idOrVar","v":"value"}," សប្ដាហ៍"],"zero":"សប្ដាហ៍​នេះ"},"$x":[{"t":"idOrVar","v":"plural"},"value"]},{"$i":"months-until-long","$v":{"few":["ក្នុង​ពេល ",{"t":"idOrVar","v":"value"}," ខែ"],"many":["ក្នុង​ពេល ",{"t":"idOrVar","v":"value"}," ខែ"],"one":"ខែ​ក្រោយ","other":["ក្នុង​ពេល ",{"t":"idOrVar","v":"value"}," ខែ"],"two":["ក្នុង​ពេល ",{"t":"idOrVar","v":"value"}," ខែ"],"zero":"ខែ​នេះ"},"$x":[{"t":"idOrVar","v":"plural"},"value"]},{"$i":"years-until-long","$v":{"few":["ក្នុង​ពេល ",{"t":"idOrVar","v":"value"}," ឆ្នាំ"],"many":["ក្នុង​ពេល ",{"t":"idOrVar","v":"value"}," ឆ្នាំ"],"one":"ឆ្នាំ​ក្រោយ","other":["ក្នុង​ពេល ",{"t":"idOrVar","v":"value"}," ឆ្នាំ"],"two":["ក្នុង​ពេល ",{"t":"idOrVar","v":"value"}," ឆ្នាំ"],"zero":"ឆ្នាំ​នេះ"},"$x":[{"t":"idOrVar","v":"plural"},"value"]},{"$i":"minutes-ago-short","$v":{"other":[{"t":"idOrVar","v":"value"}," នា. មុន"],"zero":"អម្បាញ់​មិញ"},"$x":[{"t":"idOrVar","v":"plural"},"value"]},{"$i":"hours-ago-short","$v":{"other":[{"t":"idOrVar","v":"value"}," ម៉. មុន"],"zero":"អម្បាញ់​មិញ"},"$x":[{"t":"idOrVar","v":"plural"},"value"]},{"$i":"days-ago-short","$v":{"other":[{"t":"idOrVar","v":"value"}," ថ្ងៃ​មុន"],"zero":"ថ្ងៃ​នេះ"},"$x":[{"t":"idOrVar","v":"plural"},"value"]},{"$i":"minutes-until-short","$v":{"other":["ក្នុង​ពេល ",{"t":"idOrVar","v":"value"}," នា"],"zero":"ឥឡូវ"},"$x":[{"t":"idOrVar","v":"plural"},"value"]},{"$i":"hours-until-short","$v":{"other":["ក្នុងពេល  ",{"t":"idOrVar","v":"value"}," ម៉"],"zero":"ឥឡូវ"},"$x":[{"t":"idOrVar","v":"plural"},"value"]},{"$i":"days-until-short","$v":{"other":["ក្នុង​ពេល ",{"t":"idOrVar","v":"value"}," ថ្ងៃ"],"zero":"ថ្ងៃ​នេះ"},"$x":[{"t":"idOrVar","v":"plural"},"value"]},{"$i":"incorrectDate","$v":"(កាល​បរិច្ឆេទ​ខុស)"},{"$i":"dateTimeFormat_%c","$v":"%a %b %e %Y %I:%M:%S %p"},{"$i":"dateTimeFormat_%x","$v":"%d/%m/%Y"},{"$i":"dateTimeFormat_%X","$v":"%I:%M:%S %p"},{"$i":"shortTimeFormat","$v":"%I:%M %p"},{"$i":"shortTimeFormat12","$v":"%I:%M %p"},{"$i":"shortTimeFormat24","$v":"%H:%M"},{"$i":"shortDateTimeFormat","$v":"%x %I:%M %p"},{"$i":"weekStartsOnMonday","$v":"0.0"},{"$i":"firstDayOfTheWeek","$v":"0.0"},{"$i":"time_am","$v":"ព្រឹក"},{"$i":"time_pm","$v":"រសៀល"},{"$i":"softkey-options","$v":"ជម្រើស"}]