[{"$i":"back","$v":"ກັບຄືນ"},{"$i":"save","$v":"ບັນທຶກໄວ້"},{"$i":"cancel","$v":"ຍົກເລີກ"},{"$i":"next","$v":"ຕໍ່ໄປ"},{"$i":"hide","$v":"ເຊື່ອງ"},{"$i":"confirm","$v":"ຢືນຢັນ"},{"$i":"done","$v":"ສຳເລັດ"},{"$i":"events","$v":"ຕົວສັ່ງເຕືອນຮອດເວລາ ຂອງບັນດານັດໝາຍ"},{"$i":"edit","$v":"ແກ້ໄຂ"},{"$i":"allday-events","$v":"ການແຈ້ງເຕືອນກິດຈະກຳ ຕະຫຼອດວັນ"},{"$i":"no-events","$v":"ບໍ່ມີກິດຈະກຳ"},{"$i":"default","$v":"ຄ່າມາດຕະຖານ"},{"$i":"sync","$v":"ຊິ້ງຂໍ້ມູນ"},{"$i":"repeat","$v":"ເຮັດຊໍ້າຄືນ"},{"$i":"never","$v":"ບໍ່ຊ້ຳ"},{"$i":"every-day","$v":"ທຸກມື້"},{"$i":"every-week","$v":"ທຸກໆ​ອາ​ທິດ"},{"$i":"every-2-weeks","$v":"ທຸກໆ 2 ອາທິດ"},{"$i":"every-month","$v":"ທຸກໆ​ເດືອນ"},{"$i":"view-never","$v":"Repeat: Never"},{"$i":"view-every-day","$v":"Repeat: Daily"},{"$i":"view-every-week","$v":"Repeat: Weekly"},{"$i":"view-every-2-weeks","$v":"ດຳເນີນການຊ້ຳ: ທຸກສອງອາທິດ"},{"$i":"view-every-month","$v":"Repeat: Monthly"},{"$i":"repeat-event-header","$v":"ນີ້ແມ່ນກິດຈະກຳທີ່ເກີດຂຶ້ນຊ້ຳ."},{"$i":"delete-this-only","$v":"ລົບເທົ່ານັ້ນ"},{"$i":"delete-all","$v":"ລຶບທັງໝົດ"},{"$i":"event-edit-all","$v":"ແກ້ໄຂກິດຈະກຳທັງໝົດ"},{"$i":"event-edit-all-future","$v":"ແກ້ໄຂກິດຈະກຳໃນອະນາຄົດທັງໝົດ"},{"$i":"options","$v":"ຕົວເລືອກ"},{"$i":"event-delete-all","$v":"ລຶບເຫດການທັງ ໝົດ"},{"$i":"event-delete-all-future","$v":"ລຶບກິດຈະກຳໃນອະນາຄົດທັງໝົດ"},{"$i":"delete-account","$v":"ລົບບັນຊີ"},{"$i":"exchange-account","$v":"ActiveSync"},{"$i":"account-user-name","$v":"ຊື່ຜູ່ໃຊ້"},{"$i":"incorrect-password-description","$v":"ບໍ່ສາມາດເຂົ້າເຊີບເວີຣ໌ໄດ້. ກະລຸນາໃສ່ລະຫັດຜ່ານອີກຄັ້ງ"},{"$i":"incorrect-password","$v":"ລະຫັດຜ່ານບໍ່ຖືກຕ້ອງ"},{"$i":"account-duplicate","$v":"ບັນຊີມີຢູ່ແລ້ວ. ຊິ້ງຄ໌ໄດ້ເປີດໄວ້."},{"$i":"error-account","$v":"ເຊີຟເວີບໍ່ສາມາດນຳໃຊ້ໄດ້. ກະລຸນາລອງອີກຄັ້ງໃນພາຍຫຼັງ."},{"$i":"error-access-denied","$v":"ເກີດມີຂໍ້ຜິດພາດທີ່ບໍ່ຮູ້ຈັກ, ກະລຸນາລອງອີກຄັ້ງໃນພາຍຫຼັງ."},{"$i":"error-time-out","$v":["ບໍ່ສາມາດສ້າງການເຊື່ອມຕໍ່ກັບ \"",{"t":"idOrVar","v":"server"},"\". ອາດຈະມີບັນຫາກັບເຄືອຂ່າຍ."]},{"$i":"caldav-account-exist","$v":"ບັນຊີນີ້ມີຢູ່ແລ້ວ."},{"$i":"save-password","$v":"Password saved"},{"$i":"account-login","$v":"Account Login"},{"$i":"setting-up-account","$v":"ການຕັ້ງບັນຊີ"},{"$i":"setup-account-usedInfo","$v":"ບັນຊີນີ້ຈະຖືກນໍາໃຊ້ໂດຍແອັບດ້ານລຸ່ມນີ້. ທ່ານສາມາດປ່ຽນໃນ ການຕັ້ງຄ່າ > ບັນຊີ."},{"$i":"app-calendar","$v":"ປະຕິທິນ"},{"$i":"show-today","$v":"ມື້ນີ້"},{"$i":"show-month-view","$v":"ເດືອນ"},{"$i":"show-week-view","$v":"ສັບປະດາ"},{"$i":"show-day-view","$v":"ວັນ"},{"$i":"settings-show","$v":"ການຕັ້ງຄ່າ"},{"$i":"settings-hide","$v":"ເຊື່ອງການຕັ້ງຄ່າ"},{"$i":"add-account","$v":"ເພີ່ມບັນຊີ"},{"$i":"new-event","$v":"ເພີ່ມກິດຈະກຳ"},{"$i":"view-event-header","$v":"ລາຍລະອຽດຂອນັດໝາຍ"},{"$i":"new-event-header","$v":"ເພີ່ມກິດຈະກຳ"},{"$i":"edit-event-header","$v":"ແກ້ໄຈນັດໝາຍ"},{"$i":"account-header","$v":"ບັນຊີ"},{"$i":"account-list-header","$v":"ບັນຊີ"},{"$i":"advanced-settings-short-icon-button","ariaLabel":"ການຕັ້ງຄ່າ"},{"$i":"advanced-settings-header","$v":"ການຕັ້ງຄ່າປະຕິທິນ"},{"$i":"advanced-settings-personalization","$v":"ອັບເດດຄື້ນຄວາມຖີ່"},{"$i":"advanced-settings-reminders","$v":"ການແຈ້ງເຕືອນ"},{"$i":"advanced-settings-add-account","$v":"ເພີ່ມບັນຊີ"},{"$i":"field-user","$v":"ຊື່ຜູ່ໃຊ້"},{"$i":"field-password","$v":"ລະຫັດຜ່ານ"},{"$i":"show-password","$v":"ສະແດງລະຫັດຜ່ານ"},{"$i":"field-full-url","$v":"URL"},{"$i":"modify-account-setting-up","$v":"ກະລຸນາລໍຖ້າ ຂະນະທີ່ບັນຊີຂອງທ່ານກຳລັງຕິດຕັ້ງ."},{"$i":"modify-account-unable-to-sync","$v":"ບໍ່ສາມາດເຂົ້າເຖິງໄດ້"},{"$i":"modify-account-sign-in","$v":"ລົງຊື່ເຂົ້າ"},{"$i":"sync-account","$v":"ບັນຊີການຊິ້ງຂໍ້ມູນ"},{"$i":"deselect","$v":"ຍົກເລີກການເລືອກ"},{"$i":"kai-caldav","$v":"CalDav"},{"$i":"kai-yahoo","$v":"Yahoo!"},{"$i":"kai-google","$v":"Google"},{"$i":"preset-mozilla","$v":"Mozilla Zimbra"},{"$i":"calendar-local","$v":"ປະຕິທິນໂທລະສັບ"},{"$i":"event-title","$v":"ຫົວຂໍ້"},{"$i":"event-location","$v":"ທີ່ຕັ້ງ"},{"$i":"event-description","$v":"ໝາຍເຫດ"},{"$i":"event-is-allday","$v":"ກິດຈະກຳຕະຫຼອດວັນ"},{"$i":"event-start-date","$v":"ເລີ່ມຕົ້ນວັນທີ"},{"$i":"event-end-date","$v":"ວັນທີຊິ້ນສຸດ"},{"$i":"event-start-time","$v":"ເລີ່ມຕົ້ນເວລາ"},{"$i":"event-end-time","$v":"ເວລາຊິ້ນສຸດ"},{"$i":"event-delete","$v":"ລຶບນັດໝາຍ"},{"$i":"event-is-deleting","$v":"ກຳລັງລຶບ…"},{"$i":"remove-account-data","$v":"ລຶບບັນຊີປະຕິທິນ"},{"$i":"remove-account-dialog","$v":"ລຶບບັນຊີ"},{"$i":"remove-account-dialog-details","$v":"ຖ້າທ່ານລຶບບັນຊີນີ້, ແອັບທີ່ໃຊ້ບັນຊີນີ້ກໍ່ຈະໄດ້ຮັບຜົນກະທົບໄປນຳ."},{"$i":"remove","$v":"ລຶບອອກ"},{"$i":"drawer-sync-icon-button","ariaLabel":"ຊິ້ງຂໍ້ມູນ"},{"$i":"sync-progress-syncing","ariaValueText":"ການຊີ້ງ"},{"$i":"sync-progress-complete","ariaValueText":"ການຊີ້ງສຳເລັດ"},{"$i":"sync-frequency","$v":"ຊິ້ງປະຕິທິນ"},{"$i":"sync-frequency-15min","$v":"ທຸກ 15 ນາທີ"},{"$i":"sync-frequency-30min","$v":"ທຸກ 30 ນາທີ"},{"$i":"sync-frequency-manual","$v":"ດ້ວຍມື"},{"$i":"from","$v":"ຈາກ"},{"$i":"to","$v":"ເຖິງ"},{"$i":"one-day-duration-title","$v":[{"t":"idOrVar","v":"startDate"}]},{"$i":"one-day-duration-content","$v":["ຈາກ ",{"t":"idOrVar","v":"startTime"}," ເຖິງ ",{"t":"idOrVar","v":"endTime"}]},{"$i":"multiple-day-duration-title","$v":[{"t":"idOrVar","v":"startTime"}," ",{"t":"idOrVar","v":"startDate"}]},{"$i":"multiple-day-duration-content","$v":[{"t":"idOrVar","v":"endTime"}," ",{"t":"idOrVar","v":"endDate"}]},{"$i":"one-all-day-duration-title","$v":[{"t":"idOrVar","v":"startDate"}]},{"$i":"all-day-duration-content","$v":"ກິດຈະກຳໝົດມື້"},{"$i":"multiple-all-day-duration-title","$v":["ຈາກ ",{"t":"idOrVar","v":"startDate"}]},{"$i":"multiple-all-day-duration-content","$v":["ເຖິງ ",{"t":"idOrVar","v":"endDate"}]},{"$i":"none","$v":"ບໍ່ມີ"},{"$i":"reminder","$v":"ການແຈ້ງເຕືອນ"},{"$i":"remind-me","$v":"ເຕືອນຂ້ອຍ"},{"$i":"alarm-at-event-standard","$v":"ເວລາຂອງເຫດການ"},{"$i":"alarm-at-event-allday","$v":"ໃນວັນທີ່ຈັດງານອີເວັນ"},{"$i":"alarm-at-event-allday-hour12","$v":"ໃນວັນທີ່ມີງານອີເວັນ (9:00 ເຊົ້າ)"},{"$i":"alarm-at-event-allday-hour24","$v":"ໃນວັນທີ່ມີງານອີເວັນ (09:00)"},{"$i":"notice-now","$v":"ເລີ່ມຕົ້ນດຽວນີ້"},{"$i":"notice-5-minutes-before","$v":"ເລີ່ມຕົ້ນໃນ 5 ນາທີ"},{"$i":"notice-15-minutes-before","$v":"ເລີ່ມຕົ້ນໃນ 15 ນາທີ"},{"$i":"notice-30-minutes-before","$v":"ເລີ່ມຕົ້ນໃນ 30 ນາທີ"},{"$i":"notice-1-hour-before","$v":"ເລີ່ມຕົ້ນໃນ 1 ຊົ່ວໂມງ"},{"$i":"notice-2-hours-before","$v":"ເລີ່ມຕົ້ນໃນ 2 ຊົ່ວໂມງ"},{"$i":"notice-1-day-before","$v":"ເລີ່ມຕົ້ນມື້ອື່ນນີ້"},{"$i":"notice-on-day-event-all","$v":"ເລີ່ມຕັ້ງແຕ່ມື້ນີ້ເປັນຕົ້ນໄປ"},{"$i":"notice-1-day-before-all","$v":"ເລີ່ມຕົ້ນມື້ອື່ນນີ້"},{"$i":"notice-2-day-before-all","$v":"ເລີ່ມຕົ້ນໃນ 2 ມື້"},{"$i":"notice-weeks-before-all","$v":["ຈະເລີ່ມຕົ້ນໃນວັນທີ ",{"t":"idOrVar","v":"startDate"}]},{"$i":"days-ago-yesterday","$v":["ມື້ວານນີ້ ",{"t":"idOrVar","v":"timeString"}]},{"$i":"days-ago-today","$v":["ມື້ນີ້ ",{"t":"idOrVar","v":"timeString"}]},{"$i":"days-ago-yesterday-single","$v":"ມື້ວານ"},{"$i":"days-ago-today-single","$v":"ມື້ນີ້"},{"$i":"alarm-started-notices","$v":["ເລີ່ມຕົ້ນແລ້ວ ",{"t":"idOrVar","v":"distance"}]},{"$i":"alarm-starting-notices","$v":["ກຳລັງເລີ່ມຕົ້ນ ",{"t":"idOrVar","v":"distance"}]},{"$i":"minutes-ago-long","$v":{"few":[{"t":"idOrVar","v":"value"}," ນາທີກ່ອນ"],"many":[{"t":"idOrVar","v":"value"}," ນາທີກ່ອນ"],"other":[{"t":"idOrVar","v":"value"}," ນາທີກ່ອນ"],"two":[{"t":"idOrVar","v":"value"}," ນາທີກ່ອນ"],"one":"ໜຶ່ງນາທີຜ່ານມາ","zero":"ຕອນນີ້"},"$x":[{"t":"idOrVar","v":"plural"},"value"]},{"$i":"hours-ago-long","$v":{"few":[{"t":"idOrVar","v":"value"}," ຊົ່ວໂມງກ່ອນ"],"many":[{"t":"idOrVar","v":"value"}," ຊົ່ວໂມງກ່ອນ"],"other":[{"t":"idOrVar","v":"value"}," ຊົ່ວໂມງກ່ອນ"],"two":[{"t":"idOrVar","v":"value"}," ຊົ່ວໂມງກ່ອນ"],"one":"1 ຊົ່ວໂມງກ່ອນຫນ້ານີ້","zero":"ຕອນນີ້"},"$x":[{"t":"idOrVar","v":"plural"},"value"]},{"$i":"alarm-start-notice","$v":[{"t":"idOrVar","v":"title"}," ກຳລັງເລີ່ມຕົ້ນ ",{"t":"idOrVar","v":"distance"}]},{"$i":"alarm-started-notice","$v":[{"t":"idOrVar","v":"title"}," ເລີ່ມຕົ້ນແລ້ວ ",{"t":"idOrVar","v":"distance"}]},{"$i":"alarm-start-notice-two-days","$v":[{"t":"idOrVar","v":"title"}," ກຳລັງເລີ່ມຕົ້ນໃນສອງມື້"]},{"$i":"alarm-start-notice-few-days","$v":[{"t":"idOrVar","v":"title"}," ກຳລັງເລີ່ມຕົ້ນທີ່ ",{"t":"idOrVar","v":"distance"}]},{"$i":"days-before-hour12","$v":{"few":[{"t":"idOrVar","v":"value"}," ມື້ກ່ອນໜ້າ (9:00 ເຊົ້າ)"],"many":[{"t":"idOrVar","v":"value"}," ມື້ກ່ອນໜ້າ (9:00 ເຊົ້າ)"],"one":"1 ມື້ກ່ອນໜ້າ (9:00 ເຊົ້າ)","other":[{"t":"idOrVar","v":"value"}," ມື້ກ່ອນໜ້າ (9:00 ເຊົ້າ)"],"two":[{"t":"idOrVar","v":"value"}," ມື້ກ່ອນໜ້າ (9:00 ເຊົ້າ)"],"zero":"0 ມື້ກ່ອນໜ້າ (9:00 ເຊົ້າ)"},"$x":[{"t":"idOrVar","v":"plural"},"value"]},{"$i":"weeks-before-hour12","$v":{"few":[{"t":"idOrVar","v":"value"}," ອາທີດກ່ອນໜ້າ (9:00 ເຊົ້າ)"],"many":[{"t":"idOrVar","v":"value"}," ອາທີດກ່ອນໜ້າ (9:00 ເຊົ້າ)"],"one":"1 ອາທີດກ່ອນໜ້າ (9:00 ເຊົ້າ)","other":[{"t":"idOrVar","v":"value"}," ອາທີດກ່ອນໜ້າ (9:00 ເຊົ້າ)"],"two":[{"t":"idOrVar","v":"value"}," ອາທີດກ່ອນໜ້າ (9:00 ເຊົ້າ)"],"zero":"0 ອາທີດກ່ອນໜ້າ (9:00 ເຊົ້າ)"},"$x":[{"t":"idOrVar","v":"plural"},"value"]},{"$i":"days-before-hour24","$v":{"few":[{"t":"idOrVar","v":"value"}," ມື້ກ່ອນໜ້າ (09:00)"],"many":[{"t":"idOrVar","v":"value"}," ມື້ກ່ອນໜ້າ (09:00)"],"one":"1 ມື້ກ່ອນໜ້າ (09:00)","other":[{"t":"idOrVar","v":"value"}," ມື້ກ່ອນໜ້າ (09:00)"],"two":[{"t":"idOrVar","v":"value"}," ມື້ກ່ອນໜ້າ (09:00)"],"zero":"0 ມື້ກ່ອນໜ້າ (09:00)"},"$x":[{"t":"idOrVar","v":"plural"},"value"]},{"$i":"weeks-before-hour24","$v":{"few":[{"t":"idOrVar","v":"value"}," ອາທີດກ່ອນໜ້າ (09:00)"],"many":[{"t":"idOrVar","v":"value"}," ອາທີດກ່ອນໜ້າ (09:00)"],"one":"1 ອາທີດກ່ອນໜ້າ(09:00)","other":[{"t":"idOrVar","v":"value"}," ອາທີດກ່ອນໜ້າ (09:00)"],"two":[{"t":"idOrVar","v":"value"}," ອາທີດກ່ອນໜ້າ (09:00)"],"zero":"0 ອາທີດກ່ອນໜ້າ (09:00)"},"$x":[{"t":"idOrVar","v":"plural"},"value"]},{"$i":"minutes-before","$v":{"few":[{"t":"idOrVar","v":"value"}," ນາທີກ່ອນ"],"many":[{"t":"idOrVar","v":"value"}," ນາທີກ່ອນ"],"one":"1 ນາທີກ່ອນໜ້າ","other":[{"t":"idOrVar","v":"value"}," ນາທີກ່ອນ"],"two":[{"t":"idOrVar","v":"value"}," ນາທີກ່ອນ"],"zero":"0 ນາທີຕໍ່ໄປ"},"$x":[{"t":"idOrVar","v":"plural"},"value"]},{"$i":"hours-before","$v":{"few":[{"t":"idOrVar","v":"value"}," ຊົ່ວໂມງກ່ອນ"],"many":[{"t":"idOrVar","v":"value"}," ຊົ່ວໂມງກ່ອນ"],"one":"1 ຊົ່ວໂມງກ່ອນໜ້າ","other":[{"t":"idOrVar","v":"value"}," ຊົ່ວໂມງກ່ອນ"],"two":[{"t":"idOrVar","v":"value"}," ຊົ່ວໂມງກ່ອນ"],"zero":"0 ຊົ່ວໂມງກ່ອນໜ້າ"},"$x":[{"t":"idOrVar","v":"plural"},"value"]},{"$i":"days-before","$v":{"few":[{"t":"idOrVar","v":"value"}," ມື້ກ່ອນໜ້າ"],"many":[{"t":"idOrVar","v":"value"}," ມື້ກ່ອນໜ້າ"],"one":"1 ມື້ກ່ອນໜ້າ","other":[{"t":"idOrVar","v":"value"}," ມື້ກ່ອນໜ້າ"],"two":[{"t":"idOrVar","v":"value"}," ມື້ກ່ອນໜ້າ"],"zero":"0 ມື້ກ່ອນ"},"$x":[{"t":"idOrVar","v":"plural"},"value"]},{"$i":"weeks-before","$v":{"few":[{"t":"idOrVar","v":"value"}," ອາທີດກ່ອນໜ້າ"],"many":[{"t":"idOrVar","v":"value"}," ອາທີດກ່ອນໜ້າ"],"one":"1 ອາທິດກ່ອນໜ້າ","other":[{"t":"idOrVar","v":"value"}," ອາທີດກ່ອນໜ້າ"],"two":[{"t":"idOrVar","v":"value"}," ອາທີດກ່ອນໜ້າ"],"zero":"0 ອາທິດກ່ອນໜ້າ"},"$x":[{"t":"idOrVar","v":"plural"},"value"]},{"$i":"months-before","$v":{"few":[{"t":"idOrVar","v":"value"}," ເດືອນກ່ອນໜ້າ"],"many":[{"t":"idOrVar","v":"value"}," ເດືອນກ່ອນໜ້າ"],"one":"1 ເດືອນກ່ອນໜ້າ","other":[{"t":"idOrVar","v":"value"}," ເດືອນກ່ອນໜ້າ"],"two":[{"t":"idOrVar","v":"value"}," ເດືອນກ່ອນໜ້າ"],"zero":"0 ເດືອນກ່ອນໜ້າ"},"$x":[{"t":"idOrVar","v":"plural"},"value"]},{"$i":"years-before","$v":{"few":[{"t":"idOrVar","v":"value"}," ປີກ່ອນໜ້າ"],"many":[{"t":"idOrVar","v":"value"}," ປີກ່ອນໜ້າ"],"one":"1 ປີກ່ອນໜ້າ","other":[{"t":"idOrVar","v":"value"}," ປີກ່ອນໜ້າ"],"two":[{"t":"idOrVar","v":"value"}," ປີກ່ອນໜ້າ"],"zero":"0 ປີກ່ອນໜ້າ"},"$x":[{"t":"idOrVar","v":"plural"},"value"]},{"$i":"minutes-after","$v":{"few":[{"t":"idOrVar","v":"value"}," ຊົ່ວໂມງກ່ອນ"],"many":[{"t":"idOrVar","v":"value"}," ຊົ່ວໂມງກ່ອນ"],"one":"1 ນາທີຕໍ່ໄປ","other":[{"t":"idOrVar","v":"value"}," ຊົ່ວໂມງກ່ອນ"],"two":[{"t":"idOrVar","v":"value"}," ຊົ່ວໂມງກ່ອນ"],"zero":"0 ນາທີຕໍ່ໄປ"},"$x":[{"t":"idOrVar","v":"plural"},"value"]},{"$i":"hours-after","$v":{"few":[{"t":"idOrVar","v":"value"}," ຊົ່ວໂມງຕໍ່ໄປ"],"many":[{"t":"idOrVar","v":"value"}," ຊົ່ວໂມງຕໍ່ໄປ"],"one":"1 ຊົ່ວໂມງຕໍ່ໄປ","other":[{"t":"idOrVar","v":"value"}," ຊົ່ວໂມງຕໍ່ໄປ"],"two":[{"t":"idOrVar","v":"value"}," ຊົ່ວໂມງຕໍ່ໄປ"],"zero":"0 ຊົ່ວໂມງຕໍ່ໄປ"},"$x":[{"t":"idOrVar","v":"plural"},"value"]},{"$i":"days-after","$v":{"few":[{"t":"idOrVar","v":"value"}," ມື້ຕໍ່ໄປ"],"many":[{"t":"idOrVar","v":"value"}," ມື້ຕໍ່ໄປ"],"one":"1 ມື້ຕໍ່ໄປ","other":[{"t":"idOrVar","v":"value"}," ມື້ຕໍ່ໄປ"],"two":[{"t":"idOrVar","v":"value"}," ມື້ຕໍ່ໄປ"],"zero":"0 ມື້ຕໍ່ໄປ"},"$x":[{"t":"idOrVar","v":"plural"},"value"]},{"$i":"weeks-after","$v":{"few":[{"t":"idOrVar","v":"value"}," ເດືອນກ່ອນໜ້າ"],"many":[{"t":"idOrVar","v":"value"}," ເດືອນກ່ອນໜ້າ"],"one":"1 ອາທິດຕໍ່ໄປ","other":[{"t":"idOrVar","v":"value"}," ເດືອນກ່ອນໜ້າ"],"two":[{"t":"idOrVar","v":"value"}," ເດືອນກ່ອນໜ້າ"],"zero":"0 ອາທິດຕໍ່ໄປ"},"$x":[{"t":"idOrVar","v":"plural"},"value"]},{"$i":"months-after","$v":{"few":[{"t":"idOrVar","v":"value"}," ເດືອນຕໍ່ໄປ"],"many":[{"t":"idOrVar","v":"value"}," ເດືອນຕໍ່ໄປ"],"one":"1 ເດືອນຕໍ່ໄປ","other":[{"t":"idOrVar","v":"value"}," ເດືອນຕໍ່ໄປ"],"two":[{"t":"idOrVar","v":"value"}," ເດືອນຕໍ່ໄປ"],"zero":"0 ເດືອນຕໍ່ໄປ"},"$x":[{"t":"idOrVar","v":"plural"},"value"]},{"$i":"years-after","$v":{"few":[{"t":"idOrVar","v":"value"}," ປີຕໍ່ໄປ"],"many":[{"t":"idOrVar","v":"value"}," ປີຕໍ່ໄປ"],"one":"1 ປີຕໍ່ໄປ","other":[{"t":"idOrVar","v":"value"}," ປີຕໍ່ໄປ"],"two":[{"t":"idOrVar","v":"value"}," ປີຕໍ່ໄປ"],"zero":"0 ປີຕໍ່ໄປ"},"$x":[{"t":"idOrVar","v":"plural"},"value"]},{"$i":"event-notice-timeformat","$v":[{"t":"idOrVar","v":"start"}," - ",{"t":"idOrVar","v":"end"}]},{"$i":"tomorrow-event-notice-timeformat","$v":["ມື້ອື່ນ, ",{"t":"idOrVar","v":"start"}," - ",{"t":"idOrVar","v":"end"}]},{"$i":"today-all-day-event","$v":"ມື້ນີ້"},{"$i":"tomorrow-all-day-event","$v":"ມື້ອື່ນ"},{"$i":"hour-format12","$v":"%I"},{"$i":"hour-format24","$v":"%H"},{"$i":"week-hour-format12","$v":"%I"},{"$i":"week-hour-format24","$v":"%H"},{"$i":"hour-allday","$v":"ຕະຫຼອດວັນ"},{"$i":"kai-week-day","$v":"%a\\n%e"},{"$i":"current-time12","$v":"%I:%M"},{"$i":"current-time24","$v":"%H:%M"},{"$i":"multi-month-view-header-format","$v":"%B %Y"},{"$i":"day-view-header-format","$v":"%A, %B %e"},{"$i":"months-day-view-header-format","$v":"%A, %B %e"},{"$i":"months-day-view-header-format-small","$v":{"$o":"%a <br/> %b, %e"}},{"$i":"week-view-header-format","$v":["ສັບປະດາ ",{"t":"idOrVar","v":"value"},", %B %Y"]},{"$i":"longDateFormat","$v":"%A, %B %e, %Y"},{"$i":"longTimeFormat","$v":"%A %B %d"},{"$i":"longTimeFormat12","$v":"%A %B %d %I %p"},{"$i":"longTimeFormat24","$v":"%A %B %d %H ໂມງ"},{"$i":"weekTimeFormat12","$v":"%I %p"},{"$i":"weekTimeFormat24","$v":"%H ໂມງ"},{"$i":"weekDayFormat","$v":"%A ວັນທີ %d"},{"$i":"alldayLongTimeFormat","$v":"%A %B %d ຕະຫຼອດມື້"},{"$i":"dayHour12","$v":"%I %p"},{"$i":"dayHour24","$v":"%H ໂມງ"},{"$i":"longDateTime12","$v":"%I %p, %a, %d %b, %Y"},{"$i":"longDateTime24","$v":"%H, %a, %d %b, %Y"},{"$i":"upcoming-events","$v":"ເຫດການກຳລັງຈະເກີດຂຶ້ນ"},{"$i":"search-results","$v":"ຄົ້ນຫາຜົນຮັບ"},{"$i":"no-event-found","$v":"ບໍ່ພົບກິດຈະກຳໃດໆ"},{"$i":"longDateTimeNew12","$v":"%a, %B %e, %Y, %I:%M %p"},{"$i":"longDateTimeNew24","$v":"%a, %B %e, %Y, %H:%M"},{"$i":"longDateTimeNewNoHour12","$v":"%a, %B %e, %Y"},{"$i":"longDateTimeNewNoHour24","$v":"%a, %B %e, %Y"},{"$i":"error-start-date-after-end-date","$v":"ເຫດການບໍ່ສາມາດສິ້ນສຸດລົງ ກ່ອນວັນທີເລີ່ມຕົ້ນຂອງມັນ."},{"$i":"error-start-time-after-end-time","$v":"ເຫດການບໍ່ສາມາດສິ້ນສຸດລົງ ກ່ອນວັນທີເລີ່ມຕົ້ນຂອງມັນ."},{"$i":"error-unauthenticated","$v":"ຊື່ຜູ່ໃຊ້ ຫຼືລະຫັດຜ່ານບໍ່ຖືກຕ້ອງ, ກະລຸນາລອງໃໝ່ອີກຄັ້ງ."},{"$i":"error-internal-server-error","$v":"ເຊີບເວີຣ໌ຜິດພາດ, ກະລຸນາລອງໃໝ່"},{"$i":"error-unkown","$v":"ເຊີຟເວີບໍ່ສາມາດນຳໃຊ້ໄດ້. ກະລຸນາລອງອີກຄັ້ງໃນພາຍຫຼັງ."},{"$i":"error-default","$v":"ບາງສິ່ງບາງຢ່າງຜິດພາດ. ທົດລອງອີກໃນຄັ້ງໜ້າ"},{"$i":"error-offline","$v":"ບໍ່ມີການເຊື່ອມຕໍ່ອິນເຕີເນັດ."},{"$i":"error-account-exist","$v":"ບັນຊີນີ້ມີຢູ່ແລ້ວ."},{"$i":"error-confirmation-title","$v":"ຂໍ້ຜິດພາດ"},{"$i":"error-edit-online-event","$v":"ບໍ່ສາມາດແກ້ໄຂກິດຈະກຳອອນໄລນ໌ໄດ້ ເນື່ອງຈາກບໍ່ມີການເຊື່ອມຕໍ່ອິນເຕີເນັດ."},{"$i":"error-delete-online-event","$v":"ລົ້ມເຫລວໃນການລຶບເຫດການ online ເນື່ອງຈາກບໍ່ມີການເຊື່ອມຕໍ່ອິນເຕີເນັດ."},{"$i":"error-add-online-event","$v":"ເພີ່ມນັດໝາຍອອນລາຍບໍ່ສຳເລັດເນື່ອງຈາກບໍ່ມີການເຊື່ອມຕໍ່ອິນເຕີເນັດ."},{"$i":"error-start-date-before-seleced-day","$v":"ບໍ່ສາມາດເລີ່ມນັດໝາຍກ່ອນວັນທີປັດຈຸບັນໄດ້."},{"$i":"notification-error-sync-title","$v":"ຂໍ້ຜິດພາດໃນການຕັ້ງປະຕິທິນ"},{"$i":"notification-error-sync-description","$v":"ແຕະເພື່ອຂໍ້ມູນເພີ່ມເຕີມ"},{"$i":"notification-error-caldav-sync-title","$v":"ບັນຫາບັນຊີ"},{"$i":"notification-error-caldav-sync-description","$v":"ເຂົ້າ​ສູ່​ລະ​ບົບອີກຄັ້ງ"},{"$i":"weekday-0-single-char","$v":"ອ","ariaLabel":"ວັນ​ອາ​ທິດ"},{"$i":"weekday-1-single-char","$v":"ຈ","ariaLabel":"ວັນ​ຈັນ"},{"$i":"weekday-2-single-char","$v":"ຄ","ariaLabel":"ວັນຄານ"},{"$i":"weekday-3-single-char","$v":"ພ","ariaLabel":"ວັນ​ພຸດ"},{"$i":"weekday-4-single-char","$v":"ພ","ariaLabel":"ວັນ​ພະ​ຫັດ"},{"$i":"weekday-5-single-char","$v":"ສ","ariaLabel":"ວັນ​ສຸກ"},{"$i":"weekday-6-single-char","$v":"ສ","ariaLabel":"ວັນ​ເສົາ"},{"$i":"busy","$v":{"few":[{"t":"idOrVar","v":"n"}," ກິດຈະກຳ"],"many":[{"t":"idOrVar","v":"n"}," ກິດຈະກຳ"],"one":[{"t":"idOrVar","v":"n"}," ກິດຈະກຳ"],"other":[{"t":"idOrVar","v":"n"}," ກິດຈະກຳ"],"two":[{"t":"idOrVar","v":"n"}," ກິດຈະກຳ"],"zero":"ບໍ່ມີກິດຈະກຳ"},"$x":[{"t":"idOrVar","v":"plural"},"n"]},{"$i":"present","ariaLabel":"ມື້ນີ້"},{"$i":"past-other-month-description","ariaLabel":"ເດືອນອື່ນໆ"},{"$i":"future-other-month-description","ariaLabel":"ເດືອນອື່ນໆ"},{"$i":"icon-calendar-alarm","ariaLabel":"ມີເຕືອນໄພ"},{"$i":"calendars","ariaLabel":"ປະຕິທິນ"},{"$i":"multi-day-new-event-link","ariaLabel":"ເພີ່ມກິດຈະກຳ"},{"$i":"title","ariaLabel":"ຫົວຂໍ້"},{"$i":"location","ariaLabel":"ທີ່ຕັ້ງ"},{"$i":"duration","ariaLabel":"ໄລຍະເວລາ"},{"$i":"calendar","ariaLabel":"ປະຕິທິນ"},{"$i":"alarms","ariaLabel":"ການແຈ້ງເຕືອນ"},{"$i":"description","ariaLabel":"ອະທິບາຍ"},{"$i":"start-date","ariaLabel":"ເລີ່ມຕົ້ນວັນທີ"},{"$i":"start-time","ariaLabel":"ເລີ່ມຕົ້ນເວລາ"},{"$i":"end-date","ariaLabel":"ວັນທີຊິ້ນສຸດ"},{"$i":"end-time","ariaLabel":"ເວລາຊິ້ນສຸດ"},{"$i":"during-progress-loading","ariaValueText":"ກຳລັງໂຫຼດ"},{"$i":"all-day","ariaLabel":"ຕະຫຼອດວັນ"},{"$i":"create-event","ariaLabel":"ສ້າງກິດຈະກຳ"},{"$i":"create-all-day-event","ariaLabel":"ສ້າງກິດຈະກຳຕະຫຼອດວັນ"},{"$i":"event-one-day-duration","ariaLabel":["ຈາກ ",{"t":"idOrVar","v":"startTime"}," ເຖິງ ",{"t":"idOrVar","v":"endTime"}]},{"$i":"week-event-one-day-duration","ariaLabel":[{"t":"idOrVar","v":"startDate"}," ຈາກ ",{"t":"idOrVar","v":"startTime"}," ເຖິງ ",{"t":"idOrVar","v":"endTime"}]},{"$i":"event-multiple-day-duration","ariaLabel":["ຈາກ ",{"t":"idOrVar","v":"startTime"}," ",{"t":"idOrVar","v":"startDate"}," ເຖິງ ",{"t":"idOrVar","v":"endTime"}," ",{"t":"idOrVar","v":"endDate"}]},{"$i":"kai-event-added","$v":"ເພີ່ມເຫດການ."},{"$i":"kai-event-updated","$v":"ເຫດການຖືກປັບປຸງ."},{"$i":"kai-event-deleted","$v":"ເຫດການຖືກລຶບອອກແລ້ວ."},{"$i":"kai-change-save","$v":"ບັນທຶກການປ່ຽນແປງແລ້ວ"},{"$i":"event-sync-failure","$v":"ບໍ່ສາມາດຊິ້ງຂໍ້ມູນກັບປະຕິທິນ online."},{"$i":"kai-event-calendar","$v":"ປະຕິທິນ"},{"$i":"kai-single-event","$v":"ເຫດການ"},{"$i":"kai-event-count","$v":"ເຫດການ"},{"$i":"kai-sync-progress-syncing","$v":"ການຊີ້ງ"},{"$i":"kai-sync-progress-complete","$v":"ປະຕິທິນຈົນເຖິງວັນທີ."},{"$i":"kai-sync-sync-switch-close","$v":"ບໍ່ສາມາດຊິ້ງຂໍ້ມູນບັນຊີໄດ້ເພາະການຊິ້ງຂໍ້ມູນຖືກປິດແລ້ວ."},{"$i":"kai-settings-sounds","$v":"ສຽງ"},{"$i":"kai-tones","$v":"ໂທນສຽງ"},{"$i":"kai-multi-events","$v":"ເຫດການຕ່າງໆ"},{"$i":"kai-confirmation-title","$v":"ຢືນຢັນ"},{"$i":"kai-delete-selectedEvent-confirmation","$v":"ລຶບເຫດການທີ່ເລືອກ?"},{"$i":"kai-deleteEvent-confirmation","$v":"ລຶບເຫດການ?"},{"$i":"kai-event-search-header","$v":"ຄົ້ນຫາ","placeholder":"ຄົ້ນຫາ"},{"$i":"kai-event-search-upcoming-events","$v":"ເຫດການກຳລັງຈະເກີດຂຶ້ນ"},{"$i":"kai-delete","$v":"ລຶບ"},{"$i":"kai-cancel","$v":"ຍົກເລີກ"},{"$i":"kai-dialog-delete-sel","$v":"ທ່ານແນ່ໃຈບໍ່ວ່າທ່ານຕ້ອງການລຶບເຫດການທີ່ທ່ານເລືອກ?"},{"$i":"kai-delete-title","$v":"ລຶບນັດໝາຍ"},{"$i":"kai-save-changes","$v":"ບັນ​ທຶກ​ການ​ປ່ຽນ​ແປງ?"},{"$i":"kai-save-message-back","$v":"ຂໍ້ມູນທີ່ປ້ອນເຂົ້າທັງ ໝົດ ຈະສູນເສຍໄປ. ທ່ານຕ້ອງການບັນທຶກການປ່ຽນແປງບໍ່?"},{"$i":"kai-save-message-close","$v":"ຄໍາຮ້ອງສະຫມັກຈະຖືກປິດດ້ວຍການສູນເສຍຂໍ້ມູນ. ທ່ານຕ້ອງການບັນທຶກການປ່ຽນແປງບໍ່?"},{"$i":"yes","$v":"ແມ່ນແລ້ວ"},{"$i":"no","$v":"ບໍ່"},{"$i":"confirmation","$v":"ການຢືນຢັນ"},{"$i":"ok","$v":"ຕົກລົງ"},{"$i":"delete-event","$v":"ລຶບເຫດການ?"},{"$i":"edit-event-no-net","$v":"ບໍ່ສາມາດແກ້ໄຂກິດຈະກຳອອນໄລນ໌ໄດ້ ເນື່ອງຈາກບໍ່ມີການເຊື່ອມຕໍ່ອິນເຕີເນັດ."},{"$i":"kai-settings-header","$v":"ການສະແດງປະຕິທິນ"},{"$i":"kai-syncing","$v":"ກຳ ລັງຊິ້ງຂໍ້ມູນ ..."},{"$i":"kai-syncing-header","$v":"ການຊິ້ງຂໍ້ມູນບັນຊີ"},{"$i":"select","$v":"ເລືອກ"},{"$i":"add-event","$v":"ເພີ່ມກິດຈະກຳ"},{"$i":"week-view","$v":"ເບິ່ງລາຍອາທິດ"},{"$i":"day-view","$v":"ເບິ່ງຕາມວັນ"},{"$i":"month-view","$v":"ເບິ່ງເດືອນ"},{"$i":"today","$v":"ມື້ນີ້"},{"$i":"go","$v":"ໄປຫາວັນທີ"},{"$i":"search","$v":"ຄົ້ນຫາ"},{"$i":"calendar-to-display","$v":"ການສະແດງປະຕິທິນ"},{"$i":"settings","$v":"ການຕັ້ງຄ່າ"},{"$i":"delete","$v":"ລຶບ"},{"$i":"enter","$v":"ໃສ່ຂໍ້ມູນ"},{"$i":"sync-calendar","$v":"ຊິ້ງປະຕິທິນ"},{"$i":"lunar-calendar","$v":"ວັນນັບຕາມດວງຈັນ"},{"$i":"present-description","$v":["ມື້ນີ້ ",{"t":"idOrVar","v":"weekday"}," ",{"t":"idOrVar","v":"date"}]},{"$i":"day-description","$v":[{"t":"idOrVar","v":"weekday"}," ວັນທີ ",{"t":"idOrVar","v":"date"}]},{"$i":"weekday-5","$v":"ວັນ​ສຸກ"},{"$i":"weekday-4","$v":"ວັນ​ພະ​ຫັດ"},{"$i":"weekday-3","$v":"ວັນ​ພຸດ"},{"$i":"weekday-2","$v":"ວັນຄານ"},{"$i":"weekday-1","$v":"ວັນ​ຈັນ"},{"$i":"weekday-0","$v":"ວັນ​ອາ​ທິດ"},{"$i":"weekday-6","$v":"ວັນ​ເສົາ"},{"$i":"no-title","$v":"ບໍ່ມີຫົວຂໍ້"},{"$i":"account-sync-off-tip","$v":"ເປີດການຊິ້ງຂໍ້ມູນ ສຳ ລັບບັນຊີນີ້ເພື່ອແກ້ໄຂຫລືລຶບເຫດການ."},{"$i":"weekday-0-long","$v":"ວັນອາທິດ"},{"$i":"weekday-1-long","$v":"ວັນ​ຈັນ"},{"$i":"weekday-2-long","$v":"ວັນຄານ"},{"$i":"weekday-3-long","$v":"ວັນ​ພຸດ"},{"$i":"weekday-4-long","$v":"ວັນພະຫັດ"},{"$i":"weekday-5-long","$v":"ວັນ​ສຸກ"},{"$i":"weekday-6-long","$v":"ວັນ​ເສົາ"},{"$i":"weekday-0-short","$v":"ອາທິດ"},{"$i":"weekday-1-short","$v":"ຈັນ"},{"$i":"weekday-2-short","$v":"ຄານ"},{"$i":"weekday-3-short","$v":"ພຸດ"},{"$i":"weekday-4-short","$v":"ພະຫັດ"},{"$i":"weekday-5-short","$v":"ສຸກ"},{"$i":"weekday-6-short","$v":"ເສົາ"},{"$i":"month-0-long","$v":"ມັງ​ກອນ"},{"$i":"month-1-long","$v":"ມ​ພາ"},{"$i":"month-2-long","$v":"ມີ​ນາ"},{"$i":"month-3-long","$v":"ເມ​ສາ"},{"$i":"month-4-long","$v":"ພຶດ​ສະ​ພາ"},{"$i":"month-5-long","$v":"ມິ​ຖຸ​ນາ"},{"$i":"month-6-long","$v":"ກໍ​ລະ​ກົດ"},{"$i":"month-7-long","$v":"ສິງຫາ"},{"$i":"month-8-long","$v":"ກັນ​ຍາ"},{"$i":"month-9-long","$v":"ຕຸ​ລາ"},{"$i":"month-10-long","$v":"ພະ​ຈິກ"},{"$i":"month-11-long","$v":"ທັນ​ວາ"},{"$i":"month-0-genitive","$v":"ມັງ​ກອນ"},{"$i":"month-1-genitive","$v":"ມ​ພາ"},{"$i":"month-2-genitive","$v":"ມີ​ນາ"},{"$i":"month-3-genitive","$v":"ເມ​ສາ"},{"$i":"month-4-genitive","$v":"ພຶດ​ສະ​ພາ"},{"$i":"month-5-genitive","$v":"ມິ​ຖຸ​ນາ"},{"$i":"month-6-genitive","$v":"ກໍ​ລະ​ກົດ"},{"$i":"month-7-genitive","$v":"ສິງຫາ"},{"$i":"month-8-genitive","$v":"ກັນ​ຍາ"},{"$i":"month-9-genitive","$v":"ຕຸ​ລາ"},{"$i":"month-10-genitive","$v":"ພະ​ຈິກ"},{"$i":"month-11-genitive","$v":"ທັນ​ວາ"},{"$i":"month-0-short","$v":"ມັງ​ກອນ"},{"$i":"month-1-short","$v":"ກຸມພາ"},{"$i":"month-2-short","$v":"ມີ​ນາ"},{"$i":"month-3-short","$v":"ເມ​ສາ"},{"$i":"month-4-short","$v":"ພຶດ​ສະ​ພາ"},{"$i":"month-5-short","$v":"ມິ​ຖຸ​ນາ"},{"$i":"month-6-short","$v":"ກໍ​​ລະ​​ກົດ"},{"$i":"month-7-short","$v":"ສິງຫາ"},{"$i":"month-8-short","$v":"ກັນຍາ"},{"$i":"month-9-short","$v":"ຕຸ​ລາ"},{"$i":"month-10-short","$v":"ພະ​ຈິກ"},{"$i":"month-11-short","$v":"ທັນ​ວາ"},{"$i":"days-ago-long","$v":{"few":[{"t":"idOrVar","v":"value"}," ມື້ກ່ອນ"],"many":[{"t":"idOrVar","v":"value"}," ມື້ກ່ອນ"],"one":"ມື້ວານ","other":[{"t":"idOrVar","v":"value"}," ມື້ກ່ອນ"],"two":[{"t":"idOrVar","v":"value"}," ມື້ກ່ອນ"],"zero":"ມື້ນີ້"},"$x":[{"t":"idOrVar","v":"plural"},"value"]},{"$i":"weeks-ago-long","$v":{"few":[{"t":"idOrVar","v":"value"}," ເດືອນກ່ອນໜ້າ"],"many":[{"t":"idOrVar","v":"value"}," ເດືອນກ່ອນໜ້າ"],"one":"ອາທິດຜ່ານມາ","other":[{"t":"idOrVar","v":"value"}," ເດືອນກ່ອນໜ້າ"],"two":[{"t":"idOrVar","v":"value"}," ເດືອນກ່ອນໜ້າ"],"zero":"ທິດນີ້"},"$x":[{"t":"idOrVar","v":"plural"},"value"]},{"$i":"months-ago-long","$v":{"few":[{"t":"idOrVar","v":"value"}," ເດືອນກ່ອນ"],"many":[{"t":"idOrVar","v":"value"}," ເດືອນກ່ອນ"],"one":"ເດືອນກ່ອນນີ້","other":[{"t":"idOrVar","v":"value"}," ເດືອນກ່ອນ"],"two":[{"t":"idOrVar","v":"value"}," ເດືອນກ່ອນ"],"zero":"ເດືອນນີ້"},"$x":[{"t":"idOrVar","v":"plural"},"value"]},{"$i":"years-ago-long","$v":{"few":[{"t":"idOrVar","v":"value"}," ປີຕໍ່ໄປ"],"many":[{"t":"idOrVar","v":"value"}," ປີຕໍ່ໄປ"],"one":"ປີກາຍນີ້","other":[{"t":"idOrVar","v":"value"}," ປີຕໍ່ໄປ"],"two":[{"t":"idOrVar","v":"value"}," ປີຕໍ່ໄປ"],"zero":"ປີນີ້"},"$x":[{"t":"idOrVar","v":"plural"},"value"]},{"$i":"minutes-until-long","$v":{"few":["ໃນ ",{"t":"idOrVar","v":"value"}," ຫຼາຍນາທີ"],"many":["ໃນ ",{"t":"idOrVar","v":"value"}," ຫຼາຍນາທີ"],"other":["ໃນ ",{"t":"idOrVar","v":"value"}," ຫຼາຍນາທີ"],"two":["ໃນ ",{"t":"idOrVar","v":"value"}," ຫຼາຍນາທີ"],"zero":"ຕອນນີ້","one":"ໃນ 1 ນາທີ"},"$x":[{"t":"idOrVar","v":"plural"},"value"]},{"$i":"hours-until-long","$v":{"few":["ໃນ ",{"t":"idOrVar","v":"value"}," ຫຼາຍຊົ່ວໂມງ"],"many":["ໃນ ",{"t":"idOrVar","v":"value"}," ຫຼາຍຊົ່ວໂມງ"],"other":["ໃນ ",{"t":"idOrVar","v":"value"}," ຫຼາຍຊົ່ວໂມງ"],"two":["ໃນ ",{"t":"idOrVar","v":"value"}," ຫຼາຍຊົ່ວໂມງ"],"zero":"ຕອນນີ້","one":"ໃນ 1 ຊົ່ວໂມງ"},"$x":[{"t":"idOrVar","v":"plural"},"value"]},{"$i":"days-until-long","$v":{"few":["ໃນ ",{"t":"idOrVar","v":"value"}," ຫຼາຍວັນ"],"many":["ໃນ ",{"t":"idOrVar","v":"value"}," ຫຼາຍວັນ"],"one":"ມື້ອື່ນ","other":["ໃນ ",{"t":"idOrVar","v":"value"}," ຫຼາຍວັນ"],"two":["ໃນ ",{"t":"idOrVar","v":"value"}," ຫຼາຍວັນ"],"zero":"ມື້ນີ້"},"$x":[{"t":"idOrVar","v":"plural"},"value"]},{"$i":"weeks-until-long","$v":{"few":["ໃນ ",{"t":"idOrVar","v":"value"}," ຫຼາຍອາທິດ"],"many":["ໃນ ",{"t":"idOrVar","v":"value"}," ຫຼາຍອາທິດ"],"one":"ອາທິດໜ້າ","other":["ໃນ ",{"t":"idOrVar","v":"value"}," ຫຼາຍອາທິດ"],"two":["ໃນ ",{"t":"idOrVar","v":"value"}," ຫຼາຍອາທິດ"],"zero":"ທິດນີ້"},"$x":[{"t":"idOrVar","v":"plural"},"value"]},{"$i":"months-until-long","$v":{"few":["ໃນ ",{"t":"idOrVar","v":"value"}," ຫຼາຍເດືອນ"],"many":["ໃນ ",{"t":"idOrVar","v":"value"}," ຫຼາຍເດືອນ"],"one":"ເດືອນໜ້າ","other":["ໃນ ",{"t":"idOrVar","v":"value"}," ຫຼາຍເດືອນ"],"two":["ໃນ ",{"t":"idOrVar","v":"value"}," ຫຼາຍເດືອນ"],"zero":"ເດືອນນີ້"},"$x":[{"t":"idOrVar","v":"plural"},"value"]},{"$i":"years-until-long","$v":{"few":["ໃນ ",{"t":"idOrVar","v":"value"}," ຫຼາຍປີ"],"many":["ໃນ ",{"t":"idOrVar","v":"value"}," ຫຼາຍປີ"],"one":"ປີໜ້າ","other":["ໃນ ",{"t":"idOrVar","v":"value"}," ຫຼາຍປີ"],"two":["ໃນ ",{"t":"idOrVar","v":"value"}," ຫຼາຍປີ"],"zero":"ປີນີ້"},"$x":[{"t":"idOrVar","v":"plural"},"value"]},{"$i":"minutes-ago-short","$v":{"other":[{"t":"idOrVar","v":"value"},"ນ ກ່ອນ"],"zero":"ຕອນນີ້"},"$x":[{"t":"idOrVar","v":"plural"},"value"]},{"$i":"hours-ago-short","$v":{"other":[{"t":"idOrVar","v":"value"},"ມ ກ່ອນ"],"zero":"ຕອນນີ້"},"$x":[{"t":"idOrVar","v":"plural"},"value"]},{"$i":"days-ago-short","$v":{"other":[{"t":"idOrVar","v":"value"},"ມື້ກ່ອນ"],"zero":"ມື້ນີ້"},"$x":[{"t":"idOrVar","v":"plural"},"value"]},{"$i":"minutes-until-short","$v":{"other":["ໃນ ",{"t":"idOrVar","v":"value"},"ດ"],"zero":"ຕອນນີ້"},"$x":[{"t":"idOrVar","v":"plural"},"value"]},{"$i":"hours-until-short","$v":{"other":["ໃນ ",{"t":"idOrVar","v":"value"},"ຊ.ມ"],"zero":"ຕອນນີ້"},"$x":[{"t":"idOrVar","v":"plural"},"value"]},{"$i":"days-until-short","$v":{"other":["ໃນ ",{"t":"idOrVar","v":"value"},"ວ"],"zero":"ມື້ນີ້"},"$x":[{"t":"idOrVar","v":"plural"},"value"]},{"$i":"incorrectDate","$v":"(ວັນທີບໍ່ຖືກຕ້ອງ)"},{"$i":"dateTimeFormat_%c","$v":"%a %b %e %Y %I:%M:%S %p"},{"$i":"dateTimeFormat_%x","$v":"%m/%d/%Y"},{"$i":"dateTimeFormat_%X","$v":"%I:%M:%S %p"},{"$i":"shortTimeFormat","$v":"%I:%M %p"},{"$i":"shortTimeFormat12","$v":"%I:%M %p"},{"$i":"shortTimeFormat24","$v":"%H:%M"},{"$i":"shortDateTimeFormat","$v":"%x %I:%M %p"},{"$i":"weekStartsOnMonday","$v":"0.0"},{"$i":"firstDayOfTheWeek","$v":"0.0"},{"$i":"time_am","$v":"AM"},{"$i":"time_pm","$v":"ຕອນເຊົ້າ"},{"$i":"softkey-options","$v":"ຕົວເລືອກ"}]