[{"$i":"back","$v":"Назад"},{"$i":"save","$v":"Зачувај"},{"$i":"cancel","$v":"Откажи"},{"$i":"next","$v":"Следно"},{"$i":"hide","$v":"Сокриј"},{"$i":"confirm","$v":"Потврди"},{"$i":"done","$v":"Готово"},{"$i":"events","$v":"Потсетник за настаните"},{"$i":"edit","$v":"Уредување"},{"$i":"allday-events","$v":"Целодневен Потсетник за настаните"},{"$i":"no-events","$v":"Нема настани"},{"$i":"default","$v":"Стандардно"},{"$i":"sync","$v":"Синхронизација"},{"$i":"repeat","$v":"Повтори"},{"$i":"never","$v":"Никогаш"},{"$i":"every-day","$v":"Секој ден"},{"$i":"every-week","$v":"Секоја недела"},{"$i":"every-2-weeks","$v":"Секои 2 недели"},{"$i":"every-month","$v":"Секој месец"},{"$i":"view-never","$v":"Повторете: Никогаш"},{"$i":"view-every-day","$v":"Повторете: Дневно"},{"$i":"view-every-week","$v":"Повторете: неделно"},{"$i":"view-every-2-weeks","$v":"Повторување: Секои две седмици"},{"$i":"view-every-month","$v":"Повторете: Месечно"},{"$i":"repeat-event-header","$v":"Ова е повторувачки настан."},{"$i":"delete-this-only","$v":"Само да го избришете"},{"$i":"delete-all","$v":"Избриши ги сите"},{"$i":"event-edit-all","$v":"Измени ги сите настани"},{"$i":"event-edit-all-future","$v":"Измени ги сите идни настани"},{"$i":"options","$v":"Опции"},{"$i":"event-delete-all","$v":"Избришете ги сите настани"},{"$i":"event-delete-all-future","$v":"Избриши ги сите идни настани"},{"$i":"delete-account","$v":"Избриши ја сметката"},{"$i":"exchange-account","$v":"ActiveSync"},{"$i":"account-user-name","$v":"Корисничко име"},{"$i":"incorrect-password-description","$v":"Не може да се најави во серверот. Повторно внесете лозинка."},{"$i":"incorrect-password","$v":"Погрешна лозинка"},{"$i":"account-duplicate","$v":"Сметката веќе постои. Синхронизирањето е вклучено."},{"$i":"error-account","$v":"Серверот е недостапен. Обидете се подоцна."},{"$i":"error-access-denied","$v":"Се појави непозната грешка, обидете се повторно подоцна."},{"$i":"error-time-out","$v":["Не може да се воспостави врска со \"",{"t":"idOrVar","v":"server"},"\". Можно е да има проблем со мрежата."]},{"$i":"caldav-account-exist","$v":"Оваа сметка веќе постои."},{"$i":"save-password","$v":"Лозинката е зачувана."},{"$i":"account-login","$v":"Влез во сметката"},{"$i":"setting-up-account","$v":"Поставување на сметка"},{"$i":"setup-account-usedInfo","$v":"Апликациите подолу ќе ја користат сметкава. Ова може да го промените во Параметри>Сметка."},{"$i":"app-calendar","$v":"Календар"},{"$i":"show-today","$v":"Денес"},{"$i":"show-month-view","$v":"Месец"},{"$i":"show-week-view","$v":"Седм."},{"$i":"show-day-view","$v":"Ден"},{"$i":"settings-show","$v":"Параметри"},{"$i":"settings-hide","$v":"Скријте ги поставките"},{"$i":"add-account","$v":"Додај сметка"},{"$i":"new-event","$v":"Дод.Настан"},{"$i":"view-event-header","$v":"Детали за настанот"},{"$i":"new-event-header","$v":"Додајте Настан"},{"$i":"edit-event-header","$v":"Уредување на настан"},{"$i":"account-header","$v":"Сметка"},{"$i":"account-list-header","$v":"Сметки"},{"$i":"advanced-settings-short-icon-button","ariaLabel":"Параметри"},{"$i":"advanced-settings-header","$v":"Парам.за календ."},{"$i":"advanced-settings-personalization","$v":"Ажур. на фрек."},{"$i":"advanced-settings-reminders","$v":"Потсетник"},{"$i":"advanced-settings-add-account","$v":"Додајте сметка"},{"$i":"field-user","$v":"Корисничко име"},{"$i":"field-password","$v":"Лозинка"},{"$i":"show-password","$v":"Покажи лозинка"},{"$i":"field-full-url","$v":"0.0"},{"$i":"modify-account-setting-up","$v":"Поч.дод. ваш.сметка се пост."},{"$i":"modify-account-unable-to-sync","$v":"Не може да се синхрон."},{"$i":"modify-account-sign-in","$v":"Најавете се"},{"$i":"sync-account","$v":"Синхронизирајте сметка"},{"$i":"deselect","$v":"Пон.ги избр."},{"$i":"kai-caldav","$v":"CalDav"},{"$i":"kai-yahoo","$v":"Yahoo!"},{"$i":"kai-google","$v":"Google"},{"$i":"preset-mozilla","$v":"Mozilla Zimbra"},{"$i":"calendar-local","$v":"Тел. календар"},{"$i":"event-title","$v":"Наслов"},{"$i":"event-location","$v":"Локација"},{"$i":"event-description","$v":"Белешки"},{"$i":"event-is-allday","$v":"Целодневен Настан"},{"$i":"event-start-date","$v":"Почетен датум"},{"$i":"event-end-date","$v":"Датум на завршување"},{"$i":"event-start-time","$v":"Почетно време"},{"$i":"event-end-time","$v":"Време на завршување"},{"$i":"event-delete","$v":"Избриши настан"},{"$i":"event-is-deleting","$v":"Бришење…"},{"$i":"remove-account-data","$v":"Отстранување на сметка од календарот"},{"$i":"remove-account-dialog","$v":"Отстрани сметка"},{"$i":"remove-account-dialog-details","$v":"Ако ја избришете сметкава, тоа ќе влијае врз апликациите кои ја користат."},{"$i":"remove","$v":"Отстрани"},{"$i":"drawer-sync-icon-button","ariaLabel":"Синхронизација"},{"$i":"sync-progress-syncing","ariaValueText":"Синхронизирање"},{"$i":"sync-progress-complete","ariaValueText":"Синхрон. е готово"},{"$i":"sync-frequency","$v":"Синхр. на календарот"},{"$i":"sync-frequency-15min","$v":"Секои 15 минути"},{"$i":"sync-frequency-30min","$v":"Секои 30 минути"},{"$i":"sync-frequency-manual","$v":"Рачно"},{"$i":"from","$v":"Од"},{"$i":"to","$v":"До"},{"$i":"one-day-duration-title","$v":[{"t":"idOrVar","v":"startDate"}]},{"$i":"one-day-duration-content","$v":["од ",{"t":"idOrVar","v":"startTime"}," до ",{"t":"idOrVar","v":"endTime"}]},{"$i":"multiple-day-duration-title","$v":[{"t":"idOrVar","v":"startTime"}," ",{"t":"idOrVar","v":"startDate"}]},{"$i":"multiple-day-duration-content","$v":[{"t":"idOrVar","v":"endTime"}," ",{"t":"idOrVar","v":"endDate"}]},{"$i":"one-all-day-duration-title","$v":[{"t":"idOrVar","v":"startDate"}]},{"$i":"all-day-duration-content","$v":"Целодневен настан"},{"$i":"multiple-all-day-duration-title","$v":["Од ",{"t":"idOrVar","v":"startDate"}]},{"$i":"multiple-all-day-duration-content","$v":["До ",{"t":"idOrVar","v":"endDate"}]},{"$i":"none","$v":"Ништо"},{"$i":"reminder","$v":"Потсетник"},{"$i":"remind-me","$v":"Потсети ме"},{"$i":"alarm-at-event-standard","$v":"За време на Настанот"},{"$i":"alarm-at-event-allday","$v":"На денот на настанот"},{"$i":"alarm-at-event-allday-hour12","$v":"На денот на настанот (09:00)"},{"$i":"alarm-at-event-allday-hour24","$v":"На денот на настанот (09:00)"},{"$i":"notice-now","$v":"Почнувајќи сега"},{"$i":"notice-5-minutes-before","$v":"Започнување за 5 минути"},{"$i":"notice-15-minutes-before","$v":"Започнување за 15 минути"},{"$i":"notice-30-minutes-before","$v":"Започнување за 30 минути"},{"$i":"notice-1-hour-before","$v":"Започнување за 1 час"},{"$i":"notice-2-hours-before","$v":"Започнување за 2 часа"},{"$i":"notice-1-day-before","$v":"Почнувајќи од утре"},{"$i":"notice-on-day-event-all","$v":"Почнувајќи од денес"},{"$i":"notice-1-day-before-all","$v":"Почнувајќи од утре"},{"$i":"notice-2-day-before-all","$v":"Почнувајќи за 2 дена"},{"$i":"notice-weeks-before-all","$v":["Започнува на ",{"t":"idOrVar","v":"startDate"}]},{"$i":"days-ago-yesterday","$v":["Вчера ",{"t":"idOrVar","v":"timeString"}]},{"$i":"days-ago-today","$v":["Денес ",{"t":"idOrVar","v":"timeString"}]},{"$i":"days-ago-yesterday-single","$v":"Вчера"},{"$i":"days-ago-today-single","$v":"Денес"},{"$i":"alarm-started-notices","$v":["Започна ",{"t":"idOrVar","v":"distance"}]},{"$i":"alarm-starting-notices","$v":["Започнува ",{"t":"idOrVar","v":"distance"}]},{"$i":"minutes-ago-long","$v":{"few":[{"t":"idOrVar","v":"value"}," минути пред"],"many":[{"t":"idOrVar","v":"value"}," минути пред"],"other":["Пред ",{"t":"idOrVar","v":"value"}," Минути"],"two":[{"t":"idOrVar","v":"value"}," минути пред"],"one":"пред 1 минута","zero":"само што"},"$x":[{"t":"idOrVar","v":"plural"},"value"]},{"$i":"hours-ago-long","$v":{"few":[{"t":"idOrVar","v":"value"}," часови пред"],"many":[{"t":"idOrVar","v":"value"}," часови пред"],"other":["Пред ",{"t":"idOrVar","v":"value"}," Часа"],"two":[{"t":"idOrVar","v":"value"}," часови пред"],"one":"Пред 1 час","zero":"само што"},"$x":[{"t":"idOrVar","v":"plural"},"value"]},{"$i":"alarm-start-notice","$v":[{"t":"idOrVar","v":"title"}," стартирање ",{"t":"idOrVar","v":"distance"}]},{"$i":"alarm-started-notice","$v":[{"t":"idOrVar","v":"title"}," стартиран ",{"t":"idOrVar","v":"distance"}]},{"$i":"alarm-start-notice-two-days","$v":[{"t":"idOrVar","v":"title"}," почнува за два дена"]},{"$i":"alarm-start-notice-few-days","$v":[{"t":"idOrVar","v":"title"}," почнува на ",{"t":"idOrVar","v":"distance"}]},{"$i":"days-before-hour12","$v":{"few":[{"t":"idOrVar","v":"value"}," дена порано (09:00)"],"many":[{"t":"idOrVar","v":"value"}," дена порано (09:00)"],"one":"1 ден порано (09:00)","other":[{"t":"idOrVar","v":"value"}," дена порано (09:00)"],"two":[{"t":"idOrVar","v":"value"}," дена порано (09:00)"],"zero":"0 дена порано (09:00)"},"$x":[{"t":"idOrVar","v":"plural"},"value"]},{"$i":"weeks-before-hour12","$v":{"few":[{"t":"idOrVar","v":"value"}," седмици порано (09:00)"],"many":[{"t":"idOrVar","v":"value"}," седмици порано (09:00)"],"one":"1 седмица порано (09:00)","other":[{"t":"idOrVar","v":"value"}," седмици порано (09:00)"],"two":[{"t":"idOrVar","v":"value"}," седмици порано (09:00)"],"zero":"0 седмици порано (09:00)"},"$x":[{"t":"idOrVar","v":"plural"},"value"]},{"$i":"days-before-hour24","$v":{"few":[{"t":"idOrVar","v":"value"}," дена порано (09:00)"],"many":[{"t":"idOrVar","v":"value"}," дена порано (09:00)"],"one":"1 ден порано (09:00)","other":[{"t":"idOrVar","v":"value"}," дена порано (09:00)"],"two":[{"t":"idOrVar","v":"value"}," дена порано (09:00)"],"zero":"0 дена порано (09:00)"},"$x":[{"t":"idOrVar","v":"plural"},"value"]},{"$i":"weeks-before-hour24","$v":{"few":[{"t":"idOrVar","v":"value"}," седмици порано (09:00)"],"many":[{"t":"idOrVar","v":"value"}," седмици порано (09:00)"],"one":"1 седмица порано (09:00)","other":[{"t":"idOrVar","v":"value"}," седмици порано (09:00)"],"two":[{"t":"idOrVar","v":"value"}," седмици порано (09:00)"],"zero":"0 седмици порано (09:00)"},"$x":[{"t":"idOrVar","v":"plural"},"value"]},{"$i":"minutes-before","$v":{"few":[{"t":"idOrVar","v":"value"}," Минути Пред"],"many":[{"t":"idOrVar","v":"value"}," Минути Пред"],"one":"1 Минутa Пред","other":[{"t":"idOrVar","v":"value"}," Минути Пред"],"two":[{"t":"idOrVar","v":"value"}," Минути Пред"],"zero":"0 Минути Пред"},"$x":[{"t":"idOrVar","v":"plural"},"value"]},{"$i":"hours-before","$v":{"few":[{"t":"idOrVar","v":"value"}," Часови Пред"],"many":[{"t":"idOrVar","v":"value"}," Часови Пред"],"one":"1 Час Пред","other":[{"t":"idOrVar","v":"value"}," Часови Пред"],"two":["Пред ",{"t":"idOrVar","v":"value"}," Часа"],"zero":"0 Часови Пред"},"$x":[{"t":"idOrVar","v":"plural"},"value"]},{"$i":"days-before","$v":{"few":[{"t":"idOrVar","v":"value"}," Денови Пред"],"many":[{"t":"idOrVar","v":"value"}," Денови Пред"],"one":"1 Ден Пред","other":[{"t":"idOrVar","v":"value"}," Денови Пред"],"two":[{"t":"idOrVar","v":"value"}," Денови Пред"],"zero":"0 Денови Пред"},"$x":[{"t":"idOrVar","v":"plural"},"value"]},{"$i":"weeks-before","$v":{"few":[{"t":"idOrVar","v":"value"}," Седмици Пред"],"many":[{"t":"idOrVar","v":"value"}," Седмици Пред"],"one":"1 Седмица Пред","other":[{"t":"idOrVar","v":"value"}," Седмици Пред"],"two":[{"t":"idOrVar","v":"value"}," Седмици Пред"],"zero":"0 Седмици Пред"},"$x":[{"t":"idOrVar","v":"plural"},"value"]},{"$i":"months-before","$v":{"few":[{"t":"idOrVar","v":"value"}," Месеци Пред"],"many":[{"t":"idOrVar","v":"value"}," Месеци Пред"],"one":"1 Месец Пред","other":[{"t":"idOrVar","v":"value"}," Месеци Пред"],"two":[{"t":"idOrVar","v":"value"}," Месеци Пред"],"zero":"0 Месеци Пред"},"$x":[{"t":"idOrVar","v":"plural"},"value"]},{"$i":"years-before","$v":{"few":[{"t":"idOrVar","v":"value"}," Години Пред"],"many":[{"t":"idOrVar","v":"value"}," Години Пред"],"one":"1 Година Пред","other":[{"t":"idOrVar","v":"value"}," Години Пред"],"two":[{"t":"idOrVar","v":"value"}," Години Пред"],"zero":"0 Години Пред"},"$x":[{"t":"idOrVar","v":"plural"},"value"]},{"$i":"minutes-after","$v":{"few":[{"t":"idOrVar","v":"value"}," Минути После"],"many":[{"t":"idOrVar","v":"value"}," Минути После"],"one":"1 Минута После","other":[{"t":"idOrVar","v":"value"}," Минути После"],"two":[{"t":"idOrVar","v":"value"}," Минути После"],"zero":"0 Минути После"},"$x":[{"t":"idOrVar","v":"plural"},"value"]},{"$i":"hours-after","$v":{"few":[{"t":"idOrVar","v":"value"}," Часови После"],"many":[{"t":"idOrVar","v":"value"}," Часови После"],"one":"1 Час После","other":[{"t":"idOrVar","v":"value"}," Часови После"],"two":[{"t":"idOrVar","v":"value"}," Часови После"],"zero":"0 Часови После"},"$x":[{"t":"idOrVar","v":"plural"},"value"]},{"$i":"days-after","$v":{"few":[{"t":"idOrVar","v":"value"}," Денови После"],"many":[{"t":"idOrVar","v":"value"}," Денови После"],"one":"1 Ден-После","other":[{"t":"idOrVar","v":"value"}," Денови После"],"two":[{"t":"idOrVar","v":"value"}," Денови После"],"zero":"0 Денови-После"},"$x":[{"t":"idOrVar","v":"plural"},"value"]},{"$i":"weeks-after","$v":{"few":[{"t":"idOrVar","v":"value"}," Седмици После"],"many":[{"t":"idOrVar","v":"value"}," Седмици После"],"one":"1 Седмица После","other":[{"t":"idOrVar","v":"value"}," Седмици После"],"two":[{"t":"idOrVar","v":"value"}," Седмици После"],"zero":"0 Седмици После"},"$x":[{"t":"idOrVar","v":"plural"},"value"]},{"$i":"months-after","$v":{"few":[{"t":"idOrVar","v":"value"}," Месеци После"],"many":[{"t":"idOrVar","v":"value"}," Месеци После"],"one":"1 Месец После","other":[{"t":"idOrVar","v":"value"}," Месеци После"],"two":[{"t":"idOrVar","v":"value"}," Месеци После"],"zero":"0 Месеци После"},"$x":[{"t":"idOrVar","v":"plural"},"value"]},{"$i":"years-after","$v":{"few":[{"t":"idOrVar","v":"value"}," Години После"],"many":[{"t":"idOrVar","v":"value"}," Години После"],"one":"1 Година После","other":[{"t":"idOrVar","v":"value"}," Години После"],"two":[{"t":"idOrVar","v":"value"}," Години После"],"zero":"0 Години После"},"$x":[{"t":"idOrVar","v":"plural"},"value"]},{"$i":"event-notice-timeformat","$v":[{"t":"idOrVar","v":"start"}," - ",{"t":"idOrVar","v":"end"}]},{"$i":"tomorrow-event-notice-timeformat","$v":["Утре, ",{"t":"idOrVar","v":"start"}," – ",{"t":"idOrVar","v":"end"}]},{"$i":"today-all-day-event","$v":"Денес"},{"$i":"tomorrow-all-day-event","$v":"утре"},{"$i":"hour-format12","$v":"%I"},{"$i":"hour-format24","$v":"%H"},{"$i":"week-hour-format12","$v":"%I"},{"$i":"week-hour-format24","$v":"%H"},{"$i":"hour-allday","$v":"Цел ден"},{"$i":"kai-week-day","$v":"%a\\n%e"},{"$i":"current-time12","$v":"%I:%M"},{"$i":"current-time24","$v":"%H:%M"},{"$i":"multi-month-view-header-format","$v":"%B %Y"},{"$i":"day-view-header-format","$v":"%A, %B %e"},{"$i":"months-day-view-header-format","$v":"%A, %B %e"},{"$i":"months-day-view-header-format-small","$v":{"$o":"%a <br/> %b, %e"}},{"$i":"week-view-header-format","$v":["Седмица ",{"t":"idOrVar","v":"value"},", %B %Y"]},{"$i":"longDateFormat","$v":"%A, %e %B %Y"},{"$i":"longTimeFormat","$v":"%A %B %d"},{"$i":"longTimeFormat12","$v":"%A %B %d %I %p"},{"$i":"longTimeFormat24","$v":"%A %B %d %H часот"},{"$i":"weekTimeFormat12","$v":"%I %p"},{"$i":"weekTimeFormat24","$v":"%H часот"},{"$i":"weekDayFormat","$v":"%A %d"},{"$i":"alldayLongTimeFormat","$v":"%A %B %d цел ден"},{"$i":"dayHour12","$v":"%I %p"},{"$i":"dayHour24","$v":"%H часот"},{"$i":"longDateTime12","$v":"%I %p, %a, %d %b, %Y"},{"$i":"longDateTime24","$v":"%H, %a, %d %b, %Y"},{"$i":"upcoming-events","$v":"Претстојни настани"},{"$i":"search-results","$v":"Резултати од пребарувањето"},{"$i":"no-event-found","$v":"Нема пронајдени настани"},{"$i":"longDateTimeNew12","$v":"%a, %e %B %Y, %I:%M %p"},{"$i":"longDateTimeNew24","$v":"%a, %e %B %Y, %H:%M"},{"$i":"longDateTimeNewNoHour12","$v":"%a, %e %B %Y"},{"$i":"longDateTimeNewNoHour24","$v":"%a, %e %B %Y"},{"$i":"error-start-date-after-end-date","$v":"Настанот не може да заврши пред неговиот почетен датум."},{"$i":"error-start-time-after-end-time","$v":"Настанот не може да заврши пред неговиот почетен датум."},{"$i":"error-unauthenticated","$v":"Пог. кор.име или лоз., обид.се под."},{"$i":"error-internal-server-error","$v":"Серверна грешка, обидете се повторно."},{"$i":"error-unkown","$v":"Серверот е недостапен. Обидете се подоцна."},{"$i":"error-default","$v":"Неш. не е во ред. Об.се пов."},{"$i":"error-offline","$v":"Нема интернет врска"},{"$i":"error-account-exist","$v":"Оваа сметка веќе постои."},{"$i":"error-confirmation-title","$v":"Грешка"},{"$i":"error-edit-online-event","$v":"Неуспешна измена на онлајн настан бидејќи нема интернет врска."},{"$i":"error-delete-online-event","$v":"Не успеа да го избрише настанот преку Интернет поради никаква врска на Интернет."},{"$i":"error-add-online-event","$v":"Неуспешно додавање онлајн настан бидејќи нема интернет."},{"$i":"error-start-date-before-seleced-day","$v":"Настанот не може да започне пред тековниот датум."},{"$i":"notification-error-sync-title","$v":"Греш.при синхр.на календ."},{"$i":"notification-error-sync-description","$v":"Допрете за повеќе инфо"},{"$i":"notification-error-caldav-sync-title","$v":"Грешка во сметката"},{"$i":"notification-error-caldav-sync-description","$v":"Најавете се повторно"},{"$i":"weekday-0-single-char","$v":"Н","ariaLabel":"Недела"},{"$i":"weekday-1-single-char","$v":"П","ariaLabel":"Понеделник"},{"$i":"weekday-2-single-char","$v":"В","ariaLabel":"Вторник"},{"$i":"weekday-3-single-char","$v":"С","ariaLabel":"Сре."},{"$i":"weekday-4-single-char","$v":"Ч","ariaLabel":"Четврток"},{"$i":"weekday-5-single-char","$v":"П","ariaLabel":"Петок"},{"$i":"weekday-6-single-char","$v":"С","ariaLabel":"Сабота"},{"$i":"busy","$v":{"few":[{"t":"idOrVar","v":"n"}," настани"],"many":[{"t":"idOrVar","v":"n"}," настани"],"one":[{"t":"idOrVar","v":"n"}," настан"],"other":[{"t":"idOrVar","v":"n"}," настани"],"two":[{"t":"idOrVar","v":"n"}," настани"],"zero":"Нема настани"},"$x":[{"t":"idOrVar","v":"plural"},"n"]},{"$i":"present","ariaLabel":"Денес"},{"$i":"past-other-month-description","ariaLabel":"Друг месец"},{"$i":"future-other-month-description","ariaLabel":"Друг месец"},{"$i":"icon-calendar-alarm","ariaLabel":"Има аларм"},{"$i":"calendars","ariaLabel":"Календари"},{"$i":"multi-day-new-event-link","ariaLabel":"Додајте настан"},{"$i":"title","ariaLabel":"Наслов"},{"$i":"location","ariaLabel":"Локација"},{"$i":"duration","ariaLabel":"Времетраење"},{"$i":"calendar","ariaLabel":"Календар"},{"$i":"alarms","ariaLabel":"Аларми"},{"$i":"description","ariaLabel":"Опис"},{"$i":"start-date","ariaLabel":"Почетен датум"},{"$i":"start-time","ariaLabel":"Почетно време"},{"$i":"end-date","ariaLabel":"Датум на завршување"},{"$i":"end-time","ariaLabel":"Време на завршување"},{"$i":"during-progress-loading","ariaValueText":"Вчитување"},{"$i":"all-day","ariaLabel":"Цел ден"},{"$i":"create-event","ariaLabel":"Создадете настан"},{"$i":"create-all-day-event","ariaLabel":"Созд.цело.нас."},{"$i":"event-one-day-duration","ariaLabel":["од ",{"t":"idOrVar","v":"startTime"}," до ",{"t":"idOrVar","v":"endTime"}]},{"$i":"week-event-one-day-duration","ariaLabel":[{"t":"idOrVar","v":"startDate"}," од ",{"t":"idOrVar","v":"startTime"}," до ",{"t":"idOrVar","v":"endTime"}]},{"$i":"event-multiple-day-duration","ariaLabel":["Од ",{"t":"idOrVar","v":"startTime"}," ",{"t":"idOrVar","v":"startDate"}," до ",{"t":"idOrVar","v":"endTime"}," ",{"t":"idOrVar","v":"endDate"}]},{"$i":"kai-event-added","$v":"Додаден настан."},{"$i":"kai-event-updated","$v":"Настанот се ажурираше."},{"$i":"kai-event-deleted","$v":"Настанот е избришан."},{"$i":"kai-change-save","$v":"Промените се зачувани"},{"$i":"event-sync-failure","$v":"Не можам да се синхронизираат во календарот преку Интернет."},{"$i":"kai-event-calendar","$v":"Календар"},{"$i":"kai-single-event","$v":"настан"},{"$i":"kai-event-count","$v":"настани"},{"$i":"kai-sync-progress-syncing","$v":"Синхронизирање"},{"$i":"kai-sync-progress-complete","$v":"Календар ажуриран"},{"$i":"kai-sync-sync-switch-close","$v":"Не може да се синхронизира сметката затоа што синхронизацијата е исклучена."},{"$i":"kai-settings-sounds","$v":"Звуци"},{"$i":"kai-tones","$v":"Тонови"},{"$i":"kai-multi-events","$v":"Настани"},{"$i":"kai-confirmation-title","$v":"Потврдување"},{"$i":"kai-delete-selectedEvent-confirmation","$v":"Избриши избран настан?"},{"$i":"kai-deleteEvent-confirmation","$v":"Избриши настан?"},{"$i":"kai-event-search-header","$v":"Пребарување","placeholder":"Пребарување"},{"$i":"kai-event-search-upcoming-events","$v":"Претстојни настани"},{"$i":"kai-delete","$v":"Избриши"},{"$i":"kai-cancel","$v":"Откажи"},{"$i":"kai-dialog-delete-sel","$v":"Дали сте сигурни дека сакате да го избришете избраниот настан?"},{"$i":"kai-delete-title","$v":"Избриши настан"},{"$i":"kai-save-changes","$v":"Зачувате промени?"},{"$i":"kai-save-message-back","$v":"Сите внесени податоци ќе бидат изгубени. Дали сакате да зачувате промени?"},{"$i":"kai-save-message-close","$v":"Апликацијата ќе биде затворена со загуба на податоци. Дали сакате да зачувате промени?"},{"$i":"yes","$v":"Да"},{"$i":"no","$v":"Не"},{"$i":"confirmation","$v":"Потврдување"},{"$i":"ok","$v":"Ок"},{"$i":"delete-event","$v":"Избриши настан?"},{"$i":"edit-event-no-net","$v":"Неуспешна измена на онлајн настан бидејќи нема интернет врска."},{"$i":"kai-settings-header","$v":"Да се прик. календар"},{"$i":"kai-syncing","$v":"Синхронизирање ..."},{"$i":"kai-syncing-header","$v":"Синхронизација на сметка"},{"$i":"select","$v":"Избор"},{"$i":"add-event","$v":"Дод. Настан"},{"$i":"week-view","$v":"Приказ на недела"},{"$i":"day-view","$v":"Приказ на ден"},{"$i":"month-view","$v":"Приказ на месец"},{"$i":"today","$v":"Денес"},{"$i":"go","$v":"Одете на Датум"},{"$i":"search","$v":"Пребарување"},{"$i":"calendar-to-display","$v":"Да се прик. календар"},{"$i":"settings","$v":"Параметри"},{"$i":"delete","$v":"Избриши"},{"$i":"enter","$v":"Внесете"},{"$i":"sync-calendar","$v":"Синхр. на календарот"},{"$i":"lunar-calendar","$v":"Месечев ден"},{"$i":"present-description","$v":["Ден.",{"t":"idOrVar","v":"weekday"}," ",{"t":"idOrVar","v":"date"}]},{"$i":"day-description","$v":[{"t":"idOrVar","v":"weekday"}," ",{"t":"idOrVar","v":"date"}]},{"$i":"weekday-5","$v":"Петок"},{"$i":"weekday-4","$v":"Четврток"},{"$i":"weekday-3","$v":"Сре."},{"$i":"weekday-2","$v":"Вторник"},{"$i":"weekday-1","$v":"Понеделник"},{"$i":"weekday-0","$v":"Недела"},{"$i":"weekday-6","$v":"Сабота"},{"$i":"no-title","$v":"Нема наслов"},{"$i":"account-sync-off-tip","$v":"Вклучете синхронизација за оваа сметка за да уредувате или избришете настан."},{"$i":"weekday-0-long","$v":"Недела"},{"$i":"weekday-1-long","$v":"Понеделник"},{"$i":"weekday-2-long","$v":"Вторник"},{"$i":"weekday-3-long","$v":"Среда"},{"$i":"weekday-4-long","$v":"Четврток"},{"$i":"weekday-5-long","$v":"Петок"},{"$i":"weekday-6-long","$v":"Сабота"},{"$i":"weekday-0-short","$v":"Нед"},{"$i":"weekday-1-short","$v":"Пон"},{"$i":"weekday-2-short","$v":"Вто"},{"$i":"weekday-3-short","$v":"Сре"},{"$i":"weekday-4-short","$v":"Чет"},{"$i":"weekday-5-short","$v":"Пет"},{"$i":"weekday-6-short","$v":"Саб"},{"$i":"month-0-long","$v":"Јануари"},{"$i":"month-1-long","$v":"Фебруари"},{"$i":"month-2-long","$v":"Март"},{"$i":"month-3-long","$v":"Април"},{"$i":"month-4-long","$v":"Мај"},{"$i":"month-5-long","$v":"Јуни"},{"$i":"month-6-long","$v":"Јули"},{"$i":"month-7-long","$v":"Август"},{"$i":"month-8-long","$v":"Септември"},{"$i":"month-9-long","$v":"Октомври"},{"$i":"month-10-long","$v":"Ноември"},{"$i":"month-11-long","$v":"Декември"},{"$i":"month-0-genitive","$v":"Јануари"},{"$i":"month-1-genitive","$v":"Февруари"},{"$i":"month-2-genitive","$v":"Март"},{"$i":"month-3-genitive","$v":"Април"},{"$i":"month-4-genitive","$v":"Мај"},{"$i":"month-5-genitive","$v":"Јуни"},{"$i":"month-6-genitive","$v":"Јули"},{"$i":"month-7-genitive","$v":"Август"},{"$i":"month-8-genitive","$v":"Септември"},{"$i":"month-9-genitive","$v":"Октомври"},{"$i":"month-10-genitive","$v":"Ноември"},{"$i":"month-11-genitive","$v":"Декември"},{"$i":"month-0-short","$v":"Јан"},{"$i":"month-1-short","$v":"Фев"},{"$i":"month-2-short","$v":"Мар"},{"$i":"month-3-short","$v":"Апр"},{"$i":"month-4-short","$v":"Мај"},{"$i":"month-5-short","$v":"Јун"},{"$i":"month-6-short","$v":"Јул"},{"$i":"month-7-short","$v":"Авг"},{"$i":"month-8-short","$v":"Сеп"},{"$i":"month-9-short","$v":"Окт"},{"$i":"month-10-short","$v":"Ное"},{"$i":"month-11-short","$v":"Дек"},{"$i":"days-ago-long","$v":{"few":[{"t":"idOrVar","v":"value"}," денови пред"],"many":[{"t":"idOrVar","v":"value"}," денови пред"],"one":"вчера","other":["Пред ",{"t":"idOrVar","v":"value"}," Дена"],"two":[{"t":"idOrVar","v":"value"}," денови пред"],"zero":"денес"},"$x":[{"t":"idOrVar","v":"plural"},"value"]},{"$i":"weeks-ago-long","$v":{"few":[{"t":"idOrVar","v":"value"}," седмици пред"],"many":[{"t":"idOrVar","v":"value"}," седмици пред"],"one":"минатата недела","other":[{"t":"idOrVar","v":"value"}," седмици пред"],"two":[{"t":"idOrVar","v":"value"}," седмици пред"],"zero":"оваа седмица"},"$x":[{"t":"idOrVar","v":"plural"},"value"]},{"$i":"months-ago-long","$v":{"few":[{"t":"idOrVar","v":"value"}," месеци пред"],"many":[{"t":"idOrVar","v":"value"}," месеци пред"],"one":"минатиот месец","other":[{"t":"idOrVar","v":"value"}," месеци пред"],"two":[{"t":"idOrVar","v":"value"}," месеци пред"],"zero":"овој месец"},"$x":[{"t":"idOrVar","v":"plural"},"value"]},{"$i":"years-ago-long","$v":{"few":[{"t":"idOrVar","v":"value"}," години пред"],"many":[{"t":"idOrVar","v":"value"}," години пред"],"one":"минатата година","other":[{"t":"idOrVar","v":"value"}," години пред"],"two":[{"t":"idOrVar","v":"value"}," години пред"],"zero":"оваа година"},"$x":[{"t":"idOrVar","v":"plural"},"value"]},{"$i":"minutes-until-long","$v":{"few":["за ",{"t":"idOrVar","v":"value"}," минути"],"many":["за ",{"t":"idOrVar","v":"value"}," минути"],"other":["за ",{"t":"idOrVar","v":"value"}," минути"],"two":["за ",{"t":"idOrVar","v":"value"}," минути"],"zero":"сега","one":"за 1 минута"},"$x":[{"t":"idOrVar","v":"plural"},"value"]},{"$i":"hours-until-long","$v":{"few":["за ",{"t":"idOrVar","v":"value"}," часа"],"many":["за ",{"t":"idOrVar","v":"value"}," часа"],"other":["за ",{"t":"idOrVar","v":"value"}," часа"],"two":["за ",{"t":"idOrVar","v":"value"}," часа"],"zero":"сега","one":"за 1 час"},"$x":[{"t":"idOrVar","v":"plural"},"value"]},{"$i":"days-until-long","$v":{"few":["за ",{"t":"idOrVar","v":"value"}," дена"],"many":["за ",{"t":"idOrVar","v":"value"}," дена"],"one":"утре","other":["за ",{"t":"idOrVar","v":"value"}," дена"],"two":["за ",{"t":"idOrVar","v":"value"}," дена"],"zero":"денес"},"$x":[{"t":"idOrVar","v":"plural"},"value"]},{"$i":"weeks-until-long","$v":{"few":["за ",{"t":"idOrVar","v":"value"}," седмици"],"many":["за ",{"t":"idOrVar","v":"value"}," седмици"],"one":"следната седмица","other":["за ",{"t":"idOrVar","v":"value"}," седмици"],"two":["за ",{"t":"idOrVar","v":"value"}," седмици"],"zero":"оваа седмица"},"$x":[{"t":"idOrVar","v":"plural"},"value"]},{"$i":"months-until-long","$v":{"few":["за ",{"t":"idOrVar","v":"value"}," месеци"],"many":["за ",{"t":"idOrVar","v":"value"}," месеци"],"one":"следниот месец","other":["за ",{"t":"idOrVar","v":"value"}," месеци"],"two":["за ",{"t":"idOrVar","v":"value"}," месеци"],"zero":"овој месец"},"$x":[{"t":"idOrVar","v":"plural"},"value"]},{"$i":"years-until-long","$v":{"few":["за ",{"t":"idOrVar","v":"value"}," години"],"many":["за ",{"t":"idOrVar","v":"value"}," години"],"one":"следната година","other":["за ",{"t":"idOrVar","v":"value"}," години"],"two":["за ",{"t":"idOrVar","v":"value"}," години"],"zero":"оваа година"},"$x":[{"t":"idOrVar","v":"plural"},"value"]},{"$i":"minutes-ago-short","$v":{"other":[{"t":"idOrVar","v":"value"},"м. пред"],"zero":"само што"},"$x":[{"t":"idOrVar","v":"plural"},"value"]},{"$i":"hours-ago-short","$v":{"other":[{"t":"idOrVar","v":"value"},"ч. пред"],"zero":"само што"},"$x":[{"t":"idOrVar","v":"plural"},"value"]},{"$i":"days-ago-short","$v":{"other":[{"t":"idOrVar","v":"value"},"д. пред"],"zero":"денес"},"$x":[{"t":"idOrVar","v":"plural"},"value"]},{"$i":"minutes-until-short","$v":{"other":["за ",{"t":"idOrVar","v":"value"},"м"],"zero":"сега"},"$x":[{"t":"idOrVar","v":"plural"},"value"]},{"$i":"hours-until-short","$v":{"other":["за ",{"t":"idOrVar","v":"value"},"ч"],"zero":"сега"},"$x":[{"t":"idOrVar","v":"plural"},"value"]},{"$i":"days-until-short","$v":{"other":["за ",{"t":"idOrVar","v":"value"},"д"],"zero":"денес"},"$x":[{"t":"idOrVar","v":"plural"},"value"]},{"$i":"incorrectDate","$v":"(неточна дата)"},{"$i":"dateTimeFormat_%c","$v":"%a %b %e %Y %I:%M:%S %p"},{"$i":"dateTimeFormat_%x","$v":"%m/%d/%Y"},{"$i":"dateTimeFormat_%X","$v":"%I:%M:%S %p"},{"$i":"shortTimeFormat","$v":"%I:%M %p"},{"$i":"shortTimeFormat12","$v":"%I:%M %p"},{"$i":"shortTimeFormat24","$v":"%H:%M"},{"$i":"shortDateTimeFormat","$v":"%x %I:%M %p"},{"$i":"weekStartsOnMonday","$v":"0.0"},{"$i":"firstDayOfTheWeek","$v":"1.0"},{"$i":"time_am","$v":"Претпл."},{"$i":"time_pm","$v":"пм"},{"$i":"softkey-options","$v":"Опции"}]