[{"$i":"back","$v":"Undur"},{"$i":"save","$v":"Simpan"},{"$i":"cancel","$v":"Batal"},{"$i":"next","$v":"Seterusnya"},{"$i":"hide","$v":"Sembunyikan"},{"$i":"confirm","$v":"Sahkan"},{"$i":"done","$v":"Selesai"},{"$i":"events","$v":"Peringatan Peristiwa"},{"$i":"edit","$v":"Edit"},{"$i":"allday-events","$v":"Peringatan Peristiwa Sepanjang Hari"},{"$i":"no-events","$v":"Tiada peristiwa"},{"$i":"default","$v":"Lalai"},{"$i":"sync","$v":"Segerakkan"},{"$i":"repeat","$v":"Ulang"},{"$i":"never","$v":"Tidak pernah"},{"$i":"every-day","$v":"Setiap hari"},{"$i":"every-week","$v":"Setiap minggu"},{"$i":"every-2-weeks","$v":"Setiap 2 minggu"},{"$i":"every-month","$v":"Setiap bulan"},{"$i":"view-never","$v":"Ulang: Tidak pernah"},{"$i":"view-every-day","$v":"Ulang: Harian"},{"$i":"view-every-week","$v":"Ulang: Mingguan"},{"$i":"view-every-2-weeks","$v":"Ulang: Setiap dua minggu"},{"$i":"view-every-month","$v":"Ulang: Bulanan"},{"$i":"repeat-event-header","$v":"Ini adalah acara berulang."},{"$i":"delete-this-only","$v":"Padam ini sahaja"},{"$i":"delete-all","$v":"Padam semua"},{"$i":"event-edit-all","$v":"Edit semua acara"},{"$i":"event-edit-all-future","$v":"Edit semua acara masa depan"},{"$i":"options","$v":"Pilihan"},{"$i":"event-delete-all","$v":"Padam semua acara"},{"$i":"event-delete-all-future","$v":"Padam semua acara masa depan"},{"$i":"delete-account","$v":"Padam Akaun"},{"$i":"exchange-account","$v":"SegerakAktif"},{"$i":"account-user-name","$v":"Nama Pengguna"},{"$i":"incorrect-password-description","$v":"Tidak dapat mendaftar masuk ke pelayan, sila pastikan kata laluan anda betul."},{"$i":"incorrect-password","$v":"Kata Laluan Salah"},{"$i":"account-duplicate","$v":"Akaun telah wujud. Penyegerakan dihidupkan."},{"$i":"error-account","$v":"Pelayan tidak tersedia. Sila cuba lagi kemudian."},{"$i":"error-access-denied","$v":"Satu ralat tidak diketahui telah berlaku, sila cuba lagi kemudian."},{"$i":"error-time-out","$v":["Tidak dapat mewujudkan sambungan dengan \"",{"t":"idOrVar","v":"server"},"\". Mungkin terdapat masalah dengan rangkaian."]},{"$i":"caldav-account-exist","$v":"Akaun sudah wujud."},{"$i":"save-password","$v":"Kata laluan disimpan."},{"$i":"account-login","$v":"Log Masuk Akaun"},{"$i":"setting-up-account","$v":"Menyediakan akaun"},{"$i":"setup-account-usedInfo","$v":"Akaun ini akan digunakan oleh apl di bawah. Anda boleh mengubah ini dalam Tetapan > Akaun."},{"$i":"app-calendar","$v":"Kalendar"},{"$i":"show-today","$v":"Hari ini"},{"$i":"show-month-view","$v":"Bulan"},{"$i":"show-week-view","$v":"Minggu"},{"$i":"show-day-view","$v":"Hari"},{"$i":"settings-show","$v":"Tetapan"},{"$i":"settings-hide","$v":"Sembunyikan tetapan"},{"$i":"add-account","$v":"Tambah akaun"},{"$i":"new-event","$v":"Tambah peristiwa"},{"$i":"view-event-header","$v":"Butiran Peristiwa"},{"$i":"new-event-header","$v":"Tambah Peristiwa"},{"$i":"edit-event-header","$v":"Edit Peristiwa"},{"$i":"account-header","$v":"Akaun"},{"$i":"account-list-header","$v":"Akaun"},{"$i":"advanced-settings-short-icon-button","ariaLabel":"Tetapan"},{"$i":"advanced-settings-header","$v":"Tetapan Kalendar"},{"$i":"advanced-settings-personalization","$v":"Kekerapan Kemas Kini"},{"$i":"advanced-settings-reminders","$v":"Peringatan"},{"$i":"advanced-settings-add-account","$v":"Tambah Akaun"},{"$i":"field-user","$v":"Nama Pengguna"},{"$i":"field-password","$v":"Kata laluan"},{"$i":"show-password","$v":"Tunjukkan kata laluan"},{"$i":"field-full-url","$v":"URL"},{"$i":"modify-account-setting-up","$v":"Sila tunggu sementara akaun anda disediakan"},{"$i":"modify-account-unable-to-sync","$v":"Tidak dapat menyegerakkan"},{"$i":"modify-account-sign-in","$v":"Daftar masuk"},{"$i":"sync-account","$v":"Segerakkan akaun"},{"$i":"deselect","$v":"Nyahpilih"},{"$i":"kai-caldav","$v":"CalDav"},{"$i":"kai-yahoo","$v":"Yahoo!"},{"$i":"kai-google","$v":"Google"},{"$i":"preset-mozilla","$v":"Mozilla Zimbra"},{"$i":"calendar-local","$v":"Kalendar Telefon"},{"$i":"event-title","$v":"Tajuk"},{"$i":"event-location","$v":"Lokasi"},{"$i":"event-description","$v":"Nota"},{"$i":"event-is-allday","$v":"Peristiwa Sepanjang Hari"},{"$i":"event-start-date","$v":"Tarikh Mula"},{"$i":"event-end-date","$v":"Tarikh Tamat"},{"$i":"event-start-time","$v":"Masa Mula"},{"$i":"event-end-time","$v":"Masa Tamat"},{"$i":"event-delete","$v":"Padam peristiwa"},{"$i":"event-is-deleting","$v":"Sedang memadam..."},{"$i":"remove-account-data","$v":"Alih Keluar Akaun"},{"$i":"remove-account-dialog","$v":"Alih keluar akaun"},{"$i":"remove-account-dialog-details","$v":"Jika anda memadam akaun ini, apl yang menggunakan akaun ini juga akan terjejas."},{"$i":"remove","$v":"Alih keluar"},{"$i":"drawer-sync-icon-button","ariaLabel":"Segerakkan"},{"$i":"sync-progress-syncing","ariaValueText":"Penyegerakan"},{"$i":"sync-progress-complete","ariaValueText":"Penyegerakan selesai"},{"$i":"sync-frequency","$v":"Segerakkan Kalendar"},{"$i":"sync-frequency-15min","$v":"Setiap 15 minit"},{"$i":"sync-frequency-30min","$v":"Setiap 30 minit"},{"$i":"sync-frequency-manual","$v":"Secara manual"},{"$i":"from","$v":"Daripada"},{"$i":"to","$v":"Kepada"},{"$i":"one-day-duration-title","$v":[{"t":"idOrVar","v":"startDate"}]},{"$i":"one-day-duration-content","$v":["Dari ",{"t":"idOrVar","v":"startTime"}," hingga ",{"t":"idOrVar","v":"endTime"}]},{"$i":"multiple-day-duration-title","$v":[{"t":"idOrVar","v":"startTime"}," ",{"t":"idOrVar","v":"startDate"}]},{"$i":"multiple-day-duration-content","$v":[{"t":"idOrVar","v":"endTime"}," ",{"t":"idOrVar","v":"endDate"}]},{"$i":"one-all-day-duration-title","$v":[{"t":"idOrVar","v":"startDate"}]},{"$i":"all-day-duration-content","$v":"Peristiwa sepanjang hari"},{"$i":"multiple-all-day-duration-title","$v":["Dari ",{"t":"idOrVar","v":"startDate"}]},{"$i":"multiple-all-day-duration-content","$v":["Hingga ",{"t":"idOrVar","v":"endDate"}]},{"$i":"none","$v":"Tiada"},{"$i":"reminder","$v":"Peringatan"},{"$i":"remind-me","$v":"Ingatkan saya"},{"$i":"alarm-at-event-standard","$v":"Pada masa Peristiwa"},{"$i":"alarm-at-event-allday","$v":"Pada hari Peristiwa"},{"$i":"alarm-at-event-allday-hour12","$v":"Pada hari Acara (9:00 AM)"},{"$i":"alarm-at-event-allday-hour24","$v":"Pada hari Acara (09:00)"},{"$i":"notice-now","$v":"Dimulakan sekarang"},{"$i":"notice-5-minutes-before","$v":"Dimulakan dalam 5 minit"},{"$i":"notice-15-minutes-before","$v":"Dimulakan dalam 15 minit"},{"$i":"notice-30-minutes-before","$v":"Dimulakan dalam 30 minit"},{"$i":"notice-1-hour-before","$v":"Dimulakan dalam 1 jam"},{"$i":"notice-2-hours-before","$v":"Dimulakan dalam 2 jam"},{"$i":"notice-1-day-before","$v":"Dimulakan esok"},{"$i":"notice-on-day-event-all","$v":"Dimulakan hari ini"},{"$i":"notice-1-day-before-all","$v":"Dimulakan esok"},{"$i":"notice-2-day-before-all","$v":"Dimulakan dalam 2 hari"},{"$i":"notice-weeks-before-all","$v":["Dimulakan pada ",{"t":"idOrVar","v":"startDate"}]},{"$i":"days-ago-yesterday","$v":["Semalam ",{"t":"idOrVar","v":"timeString"}]},{"$i":"days-ago-today","$v":["Hari ini ",{"t":"idOrVar","v":"timeString"}]},{"$i":"days-ago-yesterday-single","$v":"semalam"},{"$i":"days-ago-today-single","$v":"hari ini"},{"$i":"alarm-started-notices","$v":["Telah dimulakan ",{"t":"idOrVar","v":"distance"}]},{"$i":"alarm-starting-notices","$v":["Dimulakan ",{"t":"idOrVar","v":"distance"}]},{"$i":"minutes-ago-long","$v":{"few":[{"t":"idOrVar","v":"value"}," minit yang lalu"],"many":[{"t":"idOrVar","v":"value"}," minit yang lalu"],"other":[{"t":"idOrVar","v":"value"}," minit yang lalu"],"two":[{"t":"idOrVar","v":"value"}," minit yang lalu"],"one":"seminit yang lalu","zero":"Sebentar Tadi"},"$x":[{"t":"idOrVar","v":"plural"},"value"]},{"$i":"hours-ago-long","$v":{"few":[{"t":"idOrVar","v":"value"}," jam yang lalu"],"many":[{"t":"idOrVar","v":"value"}," jam yang lalu"],"other":[{"t":"idOrVar","v":"value"}," jam yang lalu"],"two":[{"t":"idOrVar","v":"value"}," jam yang lalu"],"one":"sejam yang lalu","zero":"Sebentar Tadi"},"$x":[{"t":"idOrVar","v":"plural"},"value"]},{"$i":"alarm-start-notice","$v":[{"t":"idOrVar","v":"title"}," mula ",{"t":"idOrVar","v":"distance"}]},{"$i":"alarm-started-notice","$v":[{"t":"idOrVar","v":"title"}," memulakan ",{"t":"idOrVar","v":"distance"}]},{"$i":"alarm-start-notice-two-days","$v":[{"t":"idOrVar","v":"title"}," dimulai dalam masa dua hari"]},{"$i":"alarm-start-notice-few-days","$v":[{"t":"idOrVar","v":"title"}," dimulakan di ",{"t":"idOrVar","v":"distance"}]},{"$i":"days-before-hour12","$v":{"few":[{"t":"idOrVar","v":"value"}," Hari Sebelum (9:00 AM)"],"many":[{"t":"idOrVar","v":"value"}," Hari Sebelum (9:00 AM)"],"one":"1 Hari Sebelum (9:00 AM)","other":[{"t":"idOrVar","v":"value"}," Hari Sebelum (9:00 AM)"],"two":[{"t":"idOrVar","v":"value"}," Hari Sebelum (9:00 AM)"],"zero":"0 Hari Sebelum (9:00 AM)"},"$x":[{"t":"idOrVar","v":"plural"},"value"]},{"$i":"weeks-before-hour12","$v":{"few":[{"t":"idOrVar","v":"value"}," Minggu Sebelum (9:00 AM)"],"many":[{"t":"idOrVar","v":"value"}," Minggu Sebelum (9:00 AM)"],"one":"1 Minggu Sebelum (9:00 AM)","other":[{"t":"idOrVar","v":"value"}," Minggu Sebelum (9:00 AM)"],"two":[{"t":"idOrVar","v":"value"}," Minggu Sebelum (9:00 AM)"],"zero":"0 Minggu Sebelum (9:00 AM)"},"$x":[{"t":"idOrVar","v":"plural"},"value"]},{"$i":"days-before-hour24","$v":{"few":[{"t":"idOrVar","v":"value"}," Hari Sebelum (09:00)"],"many":[{"t":"idOrVar","v":"value"}," Hari Sebelum (09:00)"],"one":"1 Hari Sebelum (09:00)","other":[{"t":"idOrVar","v":"value"}," Hari Sebelum (09:00)"],"two":[{"t":"idOrVar","v":"value"}," Hari Sebelum (09:00)"],"zero":"0 Hari Sebelum (09:00)"},"$x":[{"t":"idOrVar","v":"plural"},"value"]},{"$i":"weeks-before-hour24","$v":{"few":[{"t":"idOrVar","v":"value"}," Minggu Sebelum (09:00)"],"many":[{"t":"idOrVar","v":"value"}," Minggu Sebelum (09:00)"],"one":"1 Minggu Sebelum (09:00)","other":[{"t":"idOrVar","v":"value"}," Minggu Sebelum (09:00)"],"two":[{"t":"idOrVar","v":"value"}," Minggu Sebelum (09:00)"],"zero":"0 Minggu Sebelum (09:00)"},"$x":[{"t":"idOrVar","v":"plural"},"value"]},{"$i":"minutes-before","$v":{"few":[{"t":"idOrVar","v":"value"}," Minit Sebelum"],"many":[{"t":"idOrVar","v":"value"}," Minit Sebelum"],"one":"1 Minit Sebelum","other":[{"t":"idOrVar","v":"value"}," Minit Sebelum"],"two":[{"t":"idOrVar","v":"value"}," Minit Sebelum"],"zero":"0 Minit Sebelum"},"$x":[{"t":"idOrVar","v":"plural"},"value"]},{"$i":"hours-before","$v":{"few":[{"t":"idOrVar","v":"value"}," Jam Sebelum"],"many":[{"t":"idOrVar","v":"value"}," Jam Sebelum"],"one":"1 Jam Sebelum","other":[{"t":"idOrVar","v":"value"}," Jam Sebelum"],"two":[{"t":"idOrVar","v":"value"}," Jam Sebelum"],"zero":"0 Jam Sebelum"},"$x":[{"t":"idOrVar","v":"plural"},"value"]},{"$i":"days-before","$v":{"few":[{"t":"idOrVar","v":"value"}," Hari Sebelum"],"many":[{"t":"idOrVar","v":"value"}," Hari Sebelum"],"one":"1 hari Sebelum","other":[{"t":"idOrVar","v":"value"}," Hari Sebelum"],"two":[{"t":"idOrVar","v":"value"}," Hari Sebelum"],"zero":"0 Hari Sebelum"},"$x":[{"t":"idOrVar","v":"plural"},"value"]},{"$i":"weeks-before","$v":{"few":[{"t":"idOrVar","v":"value"}," Minggu Sebelum"],"many":[{"t":"idOrVar","v":"value"}," Minggu Sebelum"],"one":"1 Minggu Sebelum","other":[{"t":"idOrVar","v":"value"}," Minggu Sebelum"],"two":[{"t":"idOrVar","v":"value"}," Minggu Sebelum"],"zero":"0 Minggu Sebelum"},"$x":[{"t":"idOrVar","v":"plural"},"value"]},{"$i":"months-before","$v":{"few":[{"t":"idOrVar","v":"value"}," Bulan Sebelum"],"many":[{"t":"idOrVar","v":"value"}," Bulan Sebelum"],"one":"1 Bulan Sebelum","other":[{"t":"idOrVar","v":"value"}," Bulan Sebelum"],"two":[{"t":"idOrVar","v":"value"}," Bulan Sebelum"],"zero":"0 Bulan Sebelum"},"$x":[{"t":"idOrVar","v":"plural"},"value"]},{"$i":"years-before","$v":{"few":[{"t":"idOrVar","v":"value"}," Tahun Sebelum"],"many":[{"t":"idOrVar","v":"value"}," Tahun Sebelum"],"one":"1 Tahun Sebelum","other":[{"t":"idOrVar","v":"value"}," Tahun Sebelum"],"two":[{"t":"idOrVar","v":"value"}," Tahun Sebelum"],"zero":"0 Tahun Sebelum"},"$x":[{"t":"idOrVar","v":"plural"},"value"]},{"$i":"minutes-after","$v":{"few":[{"t":"idOrVar","v":"value"}," Minit Selepas"],"many":[{"t":"idOrVar","v":"value"}," Minit Selepas"],"one":"1 Minit Selepas","other":[{"t":"idOrVar","v":"value"}," Minit Selepas"],"two":[{"t":"idOrVar","v":"value"}," Minit Selepas"],"zero":"0 Minit Selepas"},"$x":[{"t":"idOrVar","v":"plural"},"value"]},{"$i":"hours-after","$v":{"few":[{"t":"idOrVar","v":"value"}," Jam Selepas"],"many":[{"t":"idOrVar","v":"value"}," Jam Selepas"],"one":"1 Jam Selepas","other":[{"t":"idOrVar","v":"value"}," Jam Selepas"],"two":[{"t":"idOrVar","v":"value"}," Jam Selepas"],"zero":"0 Jam Selepas"},"$x":[{"t":"idOrVar","v":"plural"},"value"]},{"$i":"days-after","$v":{"few":[{"t":"idOrVar","v":"value"}," Hari Selepas"],"many":[{"t":"idOrVar","v":"value"}," Hari Selepas"],"one":"1 Hari Selepas","other":[{"t":"idOrVar","v":"value"}," Hari Selepas"],"two":[{"t":"idOrVar","v":"value"}," Hari Selepas"],"zero":"0 Hari Selepas"},"$x":[{"t":"idOrVar","v":"plural"},"value"]},{"$i":"weeks-after","$v":{"few":[{"t":"idOrVar","v":"value"}," Minggu Selepas"],"many":[{"t":"idOrVar","v":"value"}," Minggu Selepas"],"one":"1 Minggu Selepas","other":[{"t":"idOrVar","v":"value"}," Minggu Selepas"],"two":[{"t":"idOrVar","v":"value"}," Minggu Selepas"],"zero":"0 Minggu Selepas"},"$x":[{"t":"idOrVar","v":"plural"},"value"]},{"$i":"months-after","$v":{"few":[{"t":"idOrVar","v":"value"}," Bulan Selepas"],"many":[{"t":"idOrVar","v":"value"}," Bulan Selepas"],"one":"1 Bulan Selepas","other":[{"t":"idOrVar","v":"value"}," Bulan Selepas"],"two":[{"t":"idOrVar","v":"value"}," Bulan Selepas"],"zero":"0 Bulan Selepas"},"$x":[{"t":"idOrVar","v":"plural"},"value"]},{"$i":"years-after","$v":{"few":[{"t":"idOrVar","v":"value"}," Tahun Selepas"],"many":[{"t":"idOrVar","v":"value"}," Tahun Selepas"],"one":"1 Tahun Selepas","other":[{"t":"idOrVar","v":"value"}," Tahun Selepas"],"two":[{"t":"idOrVar","v":"value"}," Tahun Selepas"],"zero":"0 Tahun Selepas"},"$x":[{"t":"idOrVar","v":"plural"},"value"]},{"$i":"event-notice-timeformat","$v":[{"t":"idOrVar","v":"start"}," - ",{"t":"idOrVar","v":"end"}]},{"$i":"tomorrow-event-notice-timeformat","$v":["Esok, ",{"t":"idOrVar","v":"start"}," - ",{"t":"idOrVar","v":"end"}]},{"$i":"today-all-day-event","$v":"Hari ini"},{"$i":"tomorrow-all-day-event","$v":"Esok"},{"$i":"hour-format12","$v":"%I"},{"$i":"hour-format24","$v":"%H"},{"$i":"week-hour-format12","$v":"%I"},{"$i":"week-hour-format24","$v":"%H"},{"$i":"hour-allday","$v":"Sepanjang Hari"},{"$i":"kai-week-day","$v":"%a\\n%e"},{"$i":"current-time12","$v":"%I:%M"},{"$i":"current-time24","$v":"%H:%M"},{"$i":"multi-month-view-header-format","$v":"%B %Y"},{"$i":"day-view-header-format","$v":"%A, %B %e"},{"$i":"months-day-view-header-format","$v":"%A, %B %e"},{"$i":"months-day-view-header-format-small","$v":{"$o":"%a <br/> %b, %e"}},{"$i":"week-view-header-format","$v":["Minggu ",{"t":"idOrVar","v":"value"},", %B %Y"]},{"$i":"longDateFormat","$v":"%A, %B %e, %Y"},{"$i":"longTimeFormat","$v":"%A %B %d"},{"$i":"longTimeFormat12","$v":"%A %B %d %I %p"},{"$i":"longTimeFormat24","$v":"Pukul %A %B %d %H"},{"$i":"weekTimeFormat12","$v":"%I %p"},{"$i":"weekTimeFormat24","$v":"Pukul %H"},{"$i":"weekDayFormat","$v":"%A %d"},{"$i":"alldayLongTimeFormat","$v":"%A %B %d sepanjang hari"},{"$i":"dayHour12","$v":"%I %p"},{"$i":"dayHour24","$v":"Pukul %H"},{"$i":"longDateTime12","$v":"%I %p, %a, %d %b, %Y"},{"$i":"longDateTime24","$v":"%H, %a, %d %b, %Y"},{"$i":"upcoming-events","$v":"Peristiwa Akan Datang"},{"$i":"search-results","$v":"Hasil Carian"},{"$i":"no-event-found","$v":"Tiada Peristiwa Dijumpai"},{"$i":"longDateTimeNew12","$v":"%a, %B %e, %Y, %I:%M %p"},{"$i":"longDateTimeNew24","$v":"%a, %B %e, %Y, %H:%M"},{"$i":"longDateTimeNewNoHour12","$v":"%a, %B %e, %Y"},{"$i":"longDateTimeNewNoHour24","$v":"%a, %B %e, %Y"},{"$i":"error-start-date-after-end-date","$v":"Peristiwa tidak boleh tamat sebelum tarikh mulanya."},{"$i":"error-start-time-after-end-time","$v":"Peristiwa tidak boleh tamat sebelum waktu mulanya."},{"$i":"error-unauthenticated","$v":"Nama pengguna atau kata laluan salah, sila cuba lagi."},{"$i":"error-internal-server-error","$v":"Ralat pelayan, sila cuba lagi."},{"$i":"error-unkown","$v":"Pelayan tidak tersedia. Sila cuba lagi kemudian."},{"$i":"error-default","$v":"Ada sesuatu yang tidak kena. Cuba lagi kemudian."},{"$i":"error-offline","$v":"Tiada sambungan Internet."},{"$i":"error-account-exist","$v":"Akaun ini sudah wujud."},{"$i":"error-confirmation-title","$v":"Ralat"},{"$i":"error-edit-online-event","$v":"Gagal mengedit acara dalam talian kerana tiada sambungan internet."},{"$i":"error-delete-online-event","$v":"Gagal memadam acara dalam talian kerana tiada sambungan internet."},{"$i":"error-add-online-event","$v":"Gagal untuk menambah acara dalam talian disebabkan kehilangan sambungan Internet."},{"$i":"error-start-date-before-seleced-day","$v":"Acara tidak boleh bermula sebelum tarikh semasa."},{"$i":"notification-error-sync-title","$v":"Ralat penyegerakan kalendar"},{"$i":"notification-error-sync-description","$v":"Ketik untuk mendapatkan maklumat lanjut"},{"$i":"notification-error-caldav-sync-title","$v":"Ralat Akaun"},{"$i":"notification-error-caldav-sync-description","$v":"Log masuk semula"},{"$i":"weekday-0-single-char","$v":"A","ariaLabel":"Ahad"},{"$i":"weekday-1-single-char","$v":"I","ariaLabel":"Isnin"},{"$i":"weekday-2-single-char","$v":"S","ariaLabel":"Selasa"},{"$i":"weekday-3-single-char","$v":"R","ariaLabel":"Rabu"},{"$i":"weekday-4-single-char","$v":"K","ariaLabel":"Khamis"},{"$i":"weekday-5-single-char","$v":"J","ariaLabel":"Jumaat"},{"$i":"weekday-6-single-char","$v":"S","ariaLabel":"Sabtu"},{"$i":"busy","$v":{"few":[{"t":"idOrVar","v":"n"}," peristiwa"],"many":[{"t":"idOrVar","v":"n"}," peristiwa"],"one":[{"t":"idOrVar","v":"n"}," peristiwa"],"other":[{"t":"idOrVar","v":"n"}," peristiwa"],"two":[{"t":"idOrVar","v":"n"}," peristiwa"],"zero":"Tiada peristiwa"},"$x":[{"t":"idOrVar","v":"plural"},"n"]},{"$i":"present","ariaLabel":"Hari ini"},{"$i":"past-other-month-description","ariaLabel":"Bulan lain"},{"$i":"future-other-month-description","ariaLabel":"Bulan lain"},{"$i":"icon-calendar-alarm","ariaLabel":"Mempunyai penggera"},{"$i":"calendars","ariaLabel":"Kalendar"},{"$i":"multi-day-new-event-link","ariaLabel":"Tambah peristiwa"},{"$i":"title","ariaLabel":"Tajuk"},{"$i":"location","ariaLabel":"Lokasi"},{"$i":"duration","ariaLabel":"Tempoh"},{"$i":"calendar","ariaLabel":"Kalendar"},{"$i":"alarms","ariaLabel":"Penggera"},{"$i":"description","ariaLabel":"Penerangan"},{"$i":"start-date","ariaLabel":"Tarikh mula"},{"$i":"start-time","ariaLabel":"Masa mula"},{"$i":"end-date","ariaLabel":"Tarikh tamat"},{"$i":"end-time","ariaLabel":"Masa tamat"},{"$i":"during-progress-loading","ariaValueText":"Memuatkan"},{"$i":"all-day","ariaLabel":"Sepanjang hari"},{"$i":"create-event","ariaLabel":"Buat peristiwa"},{"$i":"create-all-day-event","ariaLabel":"Buat peristiwa sepanjang hari"},{"$i":"event-one-day-duration","ariaLabel":["dari ",{"t":"idOrVar","v":"startTime"}," hingga ",{"t":"idOrVar","v":"endTime"}]},{"$i":"week-event-one-day-duration","ariaLabel":[{"t":"idOrVar","v":"startDate"}," dari ",{"t":"idOrVar","v":"startTime"}," hingga ",{"t":"idOrVar","v":"endTime"}]},{"$i":"event-multiple-day-duration","ariaLabel":["Dari ",{"t":"idOrVar","v":"startTime"}," ",{"t":"idOrVar","v":"startDate"}," hingga ",{"t":"idOrVar","v":"endTime"}," ",{"t":"idOrVar","v":"endDate"}]},{"$i":"kai-event-added","$v":"Acara ditambah."},{"$i":"kai-event-updated","$v":"Acara dikemas kini."},{"$i":"kai-event-deleted","$v":"Acara dipadam."},{"$i":"kai-change-save","$v":"Perubahan disimpan"},{"$i":"event-sync-failure","$v":"Tidak dapat menyegerakkan kepada kalendar dalam talian."},{"$i":"kai-event-calendar","$v":"Kalendar"},{"$i":"kai-single-event","$v":"peristiwa"},{"$i":"kai-event-count","$v":"peristiwa"},{"$i":"kai-sync-progress-syncing","$v":"Penyegerakan"},{"$i":"kai-sync-progress-complete","$v":"Kalendar terkini."},{"$i":"kai-sync-sync-switch-close","$v":"Tidak dapat menyegerakkan akaun kerana penyegerakan telah dimatikan."},{"$i":"kai-settings-sounds","$v":"Bunyi"},{"$i":"kai-tones","$v":"Nada"},{"$i":"kai-multi-events","$v":"Peristiwa"},{"$i":"kai-confirmation-title","$v":"Pengesahan"},{"$i":"kai-delete-selectedEvent-confirmation","$v":"Padam Peristiwa yang Dipilih?"},{"$i":"kai-deleteEvent-confirmation","$v":"Padam peristiwa?"},{"$i":"kai-event-search-header","$v":"Cari","placeholder":"Cari"},{"$i":"kai-event-search-upcoming-events","$v":"Peristiwa Akan Datang"},{"$i":"kai-delete","$v":"Padam"},{"$i":"kai-cancel","$v":"Batal"},{"$i":"kai-dialog-delete-sel","$v":"Adakah anda pasti anda ingin memadam peristiwa yang dipilih?"},{"$i":"kai-delete-title","$v":"Padam Peristiwa"},{"$i":"kai-save-changes","$v":"Simpan Perubahan?"},{"$i":"kai-save-message-back","$v":"Semua data yang dimasukkan akan hilang. Adakah anda ingin menyimpan perubahan?"},{"$i":"kai-save-message-close","$v":"Aplikasi akan ditutup disebabkan kehilangan data. Adakah anda ingin menyimpan perubahan?"},{"$i":"yes","$v":"Ya"},{"$i":"no","$v":"Tidak"},{"$i":"confirmation","$v":"Pengesahan"},{"$i":"ok","$v":"Ok"},{"$i":"delete-event","$v":"Padam peristiwa?"},{"$i":"edit-event-no-net","$v":"Gagal mengedit acara dalam talian kerana tiada sambungan internet."},{"$i":"kai-settings-header","$v":"Kalendar Untuk Dipaparkan"},{"$i":"kai-syncing","$v":"Menyegerakkan..."},{"$i":"kai-syncing-header","$v":"Penyegerakan Akaun"},{"$i":"select","$v":"Pilih"},{"$i":"add-event","$v":"Tambah"},{"$i":"week-view","$v":"Paparan Minggu"},{"$i":"day-view","$v":"Paparan Hari"},{"$i":"month-view","$v":"Paparan Bulan"},{"$i":"today","$v":"Hari ini"},{"$i":"go","$v":"Pergi ke Tarikh"},{"$i":"search","$v":"Cari"},{"$i":"calendar-to-display","$v":"Kalendar Untuk Dipaparkan"},{"$i":"settings","$v":"Tetapan"},{"$i":"delete","$v":"Padam"},{"$i":"enter","$v":"Masuk"},{"$i":"sync-calendar","$v":"Segerakkan kalendar"},{"$i":"lunar-calendar","$v":"Hari Qamari"},{"$i":"present-description","$v":["Hari ini ",{"t":"idOrVar","v":"weekday"}," ",{"t":"idOrVar","v":"date"}]},{"$i":"day-description","$v":[{"t":"idOrVar","v":"weekday"}," ",{"t":"idOrVar","v":"date"}]},{"$i":"weekday-5","$v":"Jumaat"},{"$i":"weekday-4","$v":"Khamis"},{"$i":"weekday-3","$v":"Rabu"},{"$i":"weekday-2","$v":"Selasa"},{"$i":"weekday-1","$v":"Isnin"},{"$i":"weekday-0","$v":"Ahad"},{"$i":"weekday-6","$v":"Sabtu"},{"$i":"no-title","$v":"Tiada Tajuk"},{"$i":"account-sync-off-tip","$v":"Hidupkan segerak untuk akaun ini untuk mengedit atau memadam acara."},{"$i":"weekday-0-long","$v":"Ahad"},{"$i":"weekday-1-long","$v":"Isnin"},{"$i":"weekday-2-long","$v":"Selasa"},{"$i":"weekday-3-long","$v":"Rabu"},{"$i":"weekday-4-long","$v":"Khamis"},{"$i":"weekday-5-long","$v":"Jumaat"},{"$i":"weekday-6-long","$v":"Sabtu"},{"$i":"weekday-0-short","$v":"Aha"},{"$i":"weekday-1-short","$v":"Isn"},{"$i":"weekday-2-short","$v":"Sel"},{"$i":"weekday-3-short","$v":"Rab"},{"$i":"weekday-4-short","$v":"Kha"},{"$i":"weekday-5-short","$v":"Jum"},{"$i":"weekday-6-short","$v":"Sab"},{"$i":"month-0-long","$v":"Januari"},{"$i":"month-1-long","$v":"Februari"},{"$i":"month-2-long","$v":"Mac"},{"$i":"month-3-long","$v":"April"},{"$i":"month-4-long","$v":"Mei"},{"$i":"month-5-long","$v":"Jun"},{"$i":"month-6-long","$v":"Julai"},{"$i":"month-7-long","$v":"Ogos"},{"$i":"month-8-long","$v":"September"},{"$i":"month-9-long","$v":"Oktober"},{"$i":"month-10-long","$v":"November"},{"$i":"month-11-long","$v":"Disember"},{"$i":"month-0-genitive","$v":"Januari"},{"$i":"month-1-genitive","$v":"Februari"},{"$i":"month-2-genitive","$v":"Mac"},{"$i":"month-3-genitive","$v":"April"},{"$i":"month-4-genitive","$v":"Mei"},{"$i":"month-5-genitive","$v":"Jun"},{"$i":"month-6-genitive","$v":"Julai"},{"$i":"month-7-genitive","$v":"Ogos"},{"$i":"month-8-genitive","$v":"September"},{"$i":"month-9-genitive","$v":"Oktober"},{"$i":"month-10-genitive","$v":"November"},{"$i":"month-11-genitive","$v":"Disember"},{"$i":"month-0-short","$v":"Jan"},{"$i":"month-1-short","$v":"Feb"},{"$i":"month-2-short","$v":"Mac"},{"$i":"month-3-short","$v":"Apr"},{"$i":"month-4-short","$v":"Mei"},{"$i":"month-5-short","$v":"Jun"},{"$i":"month-6-short","$v":"Jul"},{"$i":"month-7-short","$v":"Ogo"},{"$i":"month-8-short","$v":"Sep"},{"$i":"month-9-short","$v":"Okt"},{"$i":"month-10-short","$v":"Nov"},{"$i":"month-11-short","$v":"Dis"},{"$i":"days-ago-long","$v":{"few":[{"t":"idOrVar","v":"value"}," hari yang lalu"],"many":[{"t":"idOrVar","v":"value"}," hari yang lalu"],"one":"semalam","other":[{"t":"idOrVar","v":"value"}," hari yang lalu"],"two":[{"t":"idOrVar","v":"value"}," hari yang lalu"],"zero":"hari ini"},"$x":[{"t":"idOrVar","v":"plural"},"value"]},{"$i":"weeks-ago-long","$v":{"few":[{"t":"idOrVar","v":"value"}," minggu yang lalu"],"many":[{"t":"idOrVar","v":"value"}," minggu yang lalu"],"one":"minggu lepas","other":[{"t":"idOrVar","v":"value"}," minggu yang lalu"],"two":[{"t":"idOrVar","v":"value"}," minggu yang lalu"],"zero":"minggu ini"},"$x":[{"t":"idOrVar","v":"plural"},"value"]},{"$i":"months-ago-long","$v":{"few":[{"t":"idOrVar","v":"value"}," bulan yang lalu"],"many":[{"t":"idOrVar","v":"value"}," bulan yang lalu"],"one":"bulan lepas","other":[{"t":"idOrVar","v":"value"}," bulan yang lalu"],"two":[{"t":"idOrVar","v":"value"}," bulan yang lalu"],"zero":"bulan ini"},"$x":[{"t":"idOrVar","v":"plural"},"value"]},{"$i":"years-ago-long","$v":{"few":[{"t":"idOrVar","v":"value"}," tahun yang lalu"],"many":[{"t":"idOrVar","v":"value"}," tahun yang lalu"],"one":"tahun lepas","other":[{"t":"idOrVar","v":"value"}," tahun yang lalu"],"two":[{"t":"idOrVar","v":"value"}," tahun yang lalu"],"zero":"tahun ini"},"$x":[{"t":"idOrVar","v":"plural"},"value"]},{"$i":"minutes-until-long","$v":{"few":["dalam ",{"t":"idOrVar","v":"value"}," minit"],"many":["dalam ",{"t":"idOrVar","v":"value"}," minit"],"other":["dalam ",{"t":"idOrVar","v":"value"}," minit"],"two":["dalam ",{"t":"idOrVar","v":"value"}," minit"],"zero":"sekarang","one":"dalam masa seminit"},"$x":[{"t":"idOrVar","v":"plural"},"value"]},{"$i":"hours-until-long","$v":{"few":["dalam ",{"t":"idOrVar","v":"value"}," jam"],"many":["dalam ",{"t":"idOrVar","v":"value"}," jam"],"other":["dalam ",{"t":"idOrVar","v":"value"}," jam"],"two":["dalam ",{"t":"idOrVar","v":"value"}," jam"],"zero":"sekarang","one":"dalam masa sejam"},"$x":[{"t":"idOrVar","v":"plural"},"value"]},{"$i":"days-until-long","$v":{"few":["dalam ",{"t":"idOrVar","v":"value"}," hari"],"many":["dalam ",{"t":"idOrVar","v":"value"}," hari"],"one":"esok","other":["dalam ",{"t":"idOrVar","v":"value"}," hari"],"two":["dalam ",{"t":"idOrVar","v":"value"}," hari"],"zero":"hari ini"},"$x":[{"t":"idOrVar","v":"plural"},"value"]},{"$i":"weeks-until-long","$v":{"few":["dalam ",{"t":"idOrVar","v":"value"}," minggu"],"many":["dalam ",{"t":"idOrVar","v":"value"}," minggu"],"one":"minggu depan","other":["dalam ",{"t":"idOrVar","v":"value"}," minggu"],"two":["dalam ",{"t":"idOrVar","v":"value"}," minggu"],"zero":"minggu ini"},"$x":[{"t":"idOrVar","v":"plural"},"value"]},{"$i":"months-until-long","$v":{"few":["dalam ",{"t":"idOrVar","v":"value"}," bulan"],"many":["dalam ",{"t":"idOrVar","v":"value"}," bulan"],"one":"bulan depan","other":["dalam ",{"t":"idOrVar","v":"value"}," bulan"],"two":["dalam ",{"t":"idOrVar","v":"value"}," bulan"],"zero":"bulan ini"},"$x":[{"t":"idOrVar","v":"plural"},"value"]},{"$i":"years-until-long","$v":{"few":["dalam ",{"t":"idOrVar","v":"value"}," tahun"],"many":["dalam ",{"t":"idOrVar","v":"value"}," tahun"],"one":"tahun depan","other":["dalam ",{"t":"idOrVar","v":"value"}," tahun"],"two":["dalam ",{"t":"idOrVar","v":"value"}," tahun"],"zero":"tahun ini"},"$x":[{"t":"idOrVar","v":"plural"},"value"]},{"$i":"minutes-ago-short","$v":{"other":[{"t":"idOrVar","v":"value"},"m yang lalu"],"zero":"Sebentar Tadi"},"$x":[{"t":"idOrVar","v":"plural"},"value"]},{"$i":"hours-ago-short","$v":{"other":[{"t":"idOrVar","v":"value"},"j yang lalu"],"zero":"Sebentar Tadi"},"$x":[{"t":"idOrVar","v":"plural"},"value"]},{"$i":"days-ago-short","$v":{"other":[{"t":"idOrVar","v":"value"},"h yang lalu"],"zero":"hari ini"},"$x":[{"t":"idOrVar","v":"plural"},"value"]},{"$i":"minutes-until-short","$v":{"other":["dalam ",{"t":"idOrVar","v":"value"},"m"],"zero":"sekarang"},"$x":[{"t":"idOrVar","v":"plural"},"value"]},{"$i":"hours-until-short","$v":{"other":["dalam ",{"t":"idOrVar","v":"value"},"j"],"zero":"sekarang"},"$x":[{"t":"idOrVar","v":"plural"},"value"]},{"$i":"days-until-short","$v":{"other":["dalam ",{"t":"idOrVar","v":"value"},"h"],"zero":"hari ini"},"$x":[{"t":"idOrVar","v":"plural"},"value"]},{"$i":"incorrectDate","$v":"(tarikh salah)"},{"$i":"dateTimeFormat_%c","$v":"%a %b %e %Y %I:%M:%S %p"},{"$i":"dateTimeFormat_%x","$v":"%m/%d/%Y"},{"$i":"dateTimeFormat_%X","$v":"%I:%M:%S %p"},{"$i":"shortTimeFormat","$v":"%I:%M %p"},{"$i":"shortTimeFormat12","$v":"%I:%M %p"},{"$i":"shortTimeFormat24","$v":"%H:%M"},{"$i":"shortDateTimeFormat","$v":"%x %I:%M %p"},{"$i":"weekStartsOnMonday","$v":"0.0"},{"$i":"firstDayOfTheWeek","$v":"0.0"},{"$i":"time_am","$v":"Pagi"},{"$i":"time_pm","$v":"Petang"},{"$i":"softkey-options","$v":"Pilihan"}]