[{"$i":"back","$v":"Înapoi"},{"$i":"save","$v":"Salvare"},{"$i":"cancel","$v":"Anulare"},{"$i":"next","$v":"Înainte"},{"$i":"hide","$v":"Ascundere"},{"$i":"confirm","$v":"Confirmare"},{"$i":"done","$v":"Gata"},{"$i":"events","$v":"Memento evenimente"},{"$i":"edit","$v":"Modificare"},{"$i":"allday-events","$v":"Memento eveniment care durează întreaga zi"},{"$i":"no-events","$v":"Niciun eveniment"},{"$i":"default","$v":"Implicit"},{"$i":"sync","$v":"Sincronizare"},{"$i":"repeat","$v":"Repetare"},{"$i":"never","$v":"Niciodată"},{"$i":"every-day","$v":"Zilnic"},{"$i":"every-week","$v":"În fiecare săptămână"},{"$i":"every-2-weeks","$v":"La fiecare 2 săptămâni"},{"$i":"every-month","$v":"În fiecare lună"},{"$i":"view-never","$v":"Repetare: Niciodată"},{"$i":"view-every-day","$v":"Repetare: În fiecare zi"},{"$i":"view-every-week","$v":"Repetare: În fiecare săptămână"},{"$i":"view-every-2-weeks","$v":"Repetare: La fiecare două săptămâni"},{"$i":"view-every-month","$v":"Repetare: În fiecare lună"},{"$i":"repeat-event-header","$v":"Acesta este un eveniment repetat."},{"$i":"delete-this-only","$v":"Ștergeți doar acest element"},{"$i":"delete-all","$v":"Ștergere tot"},{"$i":"event-edit-all","$v":"Modificați toate evenimentele"},{"$i":"event-edit-all-future","$v":"Modificați toate evenimentele viitoare"},{"$i":"options","$v":"Opțiuni"},{"$i":"event-delete-all","$v":"Ștergeți toate evenimentele"},{"$i":"event-delete-all-future","$v":"Ștergeți toate evenimentele viitoare"},{"$i":"delete-account","$v":"Ștergere cont"},{"$i":"exchange-account","$v":"ActiveSync"},{"$i":"account-user-name","$v":"Nume de utilizator"},{"$i":"incorrect-password-description","$v":"Autentificarea pe server nu este posibilă. Asigurați-vă că parola este corectă."},{"$i":"incorrect-password","$v":"Parolă incorectă"},{"$i":"account-duplicate","$v":"Contul există deja. Sincronizarea este activată."},{"$i":"error-account","$v":"Server indisponibil. Încercați din nou mai târziu."},{"$i":"error-access-denied","$v":"A apărut o eroare necunoscută. Încercați din nou mai târziu."},{"$i":"error-time-out","$v":["Nu poate fi stabilită o conexiune cu serverul „",{"t":"idOrVar","v":"server"},"”. Este posibil să existe o problemă cu rețeaua."]},{"$i":"caldav-account-exist","$v":"Contul există deja."},{"$i":"save-password","$v":"Parola a fost salvată."},{"$i":"account-login","$v":"Conectare la cont"},{"$i":"setting-up-account","$v":"Setare cont"},{"$i":"setup-account-usedInfo","$v":"Acest cont va fi utilizat de aplicațiile de mai jos. Puteți modifica această setare din Setări>Cont."},{"$i":"app-calendar","$v":"Calendar"},{"$i":"show-today","$v":"Astăzi"},{"$i":"show-month-view","$v":"Lună"},{"$i":"show-week-view","$v":"Săptămână"},{"$i":"show-day-view","$v":"Zi"},{"$i":"settings-show","$v":"Setări"},{"$i":"settings-hide","$v":"Ascundere setări"},{"$i":"add-account","$v":"Adăugați un cont"},{"$i":"new-event","$v":"Adăugare eveniment"},{"$i":"view-event-header","$v":"Detalii eveniment"},{"$i":"new-event-header","$v":"Adăugare eveniment"},{"$i":"edit-event-header","$v":"Modificare eveniment"},{"$i":"account-header","$v":"Cont"},{"$i":"account-list-header","$v":"Conturi"},{"$i":"advanced-settings-short-icon-button","ariaLabel":"Setări"},{"$i":"advanced-settings-header","$v":"Setări calendar"},{"$i":"advanced-settings-personalization","$v":"Frecvența actualizării"},{"$i":"advanced-settings-reminders","$v":"Memento"},{"$i":"advanced-settings-add-account","$v":"Adăugare cont"},{"$i":"field-user","$v":"Nume de utilizator"},{"$i":"field-password","$v":"Parolă"},{"$i":"show-password","$v":"Afișare parolă"},{"$i":"field-full-url","$v":"URL"},{"$i":"modify-account-setting-up","$v":"Așteptați cât timp contul dvs. este configurat"},{"$i":"modify-account-unable-to-sync","$v":"Imposibil de sincronizat"},{"$i":"modify-account-sign-in","$v":"Conectați-vă"},{"$i":"sync-account","$v":"Sincronizare cont"},{"$i":"deselect","$v":"Deselectare"},{"$i":"kai-caldav","$v":"CalDav"},{"$i":"kai-yahoo","$v":"Yahoo!"},{"$i":"kai-google","$v":"Google"},{"$i":"preset-mozilla","$v":"Mozilla Zimbra"},{"$i":"calendar-local","$v":"Calendar telefon"},{"$i":"event-title","$v":"Titlu"},{"$i":"event-location","$v":"Loc"},{"$i":"event-description","$v":"Note"},{"$i":"event-is-allday","$v":"Eveniment pe întreaga zi"},{"$i":"event-start-date","$v":"Data de începere"},{"$i":"event-end-date","$v":"Data de încheiere"},{"$i":"event-start-time","$v":"Ora de începere"},{"$i":"event-end-time","$v":"Ora de încheiere"},{"$i":"event-delete","$v":"Ștergere eveniment"},{"$i":"event-is-deleting","$v":"Se șterge…"},{"$i":"remove-account-data","$v":"Ștergere cont"},{"$i":"remove-account-dialog","$v":"Eliminați contul"},{"$i":"remove-account-dialog-details","$v":"Dacă ștergeți acest cont, această acțiune va afecta și aplicațiile cu care utilizați acest cont."},{"$i":"remove","$v":"Eliminare"},{"$i":"drawer-sync-icon-button","ariaLabel":"Sincronizare"},{"$i":"sync-progress-syncing","ariaValueText":"Se sincronizează"},{"$i":"sync-progress-complete","ariaValueText":"Sincronizare finalizată"},{"$i":"sync-frequency","$v":"Sincronizare calendar"},{"$i":"sync-frequency-15min","$v":"La fiecare 15 minute"},{"$i":"sync-frequency-30min","$v":"La fiecare 30 de minute"},{"$i":"sync-frequency-manual","$v":"Manual"},{"$i":"from","$v":"De la"},{"$i":"to","$v":"Către"},{"$i":"one-day-duration-title","$v":[{"t":"idOrVar","v":"startDate"}]},{"$i":"one-day-duration-content","$v":["De la ",{"t":"idOrVar","v":"startTime"}," până la ",{"t":"idOrVar","v":"endTime"}]},{"$i":"multiple-day-duration-title","$v":[{"t":"idOrVar","v":"startTime"}," ",{"t":"idOrVar","v":"startDate"}]},{"$i":"multiple-day-duration-content","$v":[{"t":"idOrVar","v":"endTime"}," ",{"t":"idOrVar","v":"endDate"}]},{"$i":"one-all-day-duration-title","$v":[{"t":"idOrVar","v":"startDate"}]},{"$i":"all-day-duration-content","$v":"Eveniment care durează întreaga zi"},{"$i":"multiple-all-day-duration-title","$v":["Data începerii: ",{"t":"idOrVar","v":"startDate"}]},{"$i":"multiple-all-day-duration-content","$v":["Până la ",{"t":"idOrVar","v":"endDate"}]},{"$i":"none","$v":"Nimic"},{"$i":"reminder","$v":"Memento"},{"$i":"remind-me","$v":"Reamintește-mi"},{"$i":"alarm-at-event-standard","$v":"La ora evenimentului"},{"$i":"alarm-at-event-allday","$v":"În ziua evenimentului"},{"$i":"alarm-at-event-allday-hour12","$v":"În ziua evenimentului (9:00 AM)"},{"$i":"alarm-at-event-allday-hour24","$v":"În ziua evenimentului (9:00)"},{"$i":"notice-now","$v":"Începe acum"},{"$i":"notice-5-minutes-before","$v":"Începe în 5 minute"},{"$i":"notice-15-minutes-before","$v":"Începe în 15 minute"},{"$i":"notice-30-minutes-before","$v":"Începe în 30 de minute"},{"$i":"notice-1-hour-before","$v":"Începe în 1 oră"},{"$i":"notice-2-hours-before","$v":"Începe în 2 ore"},{"$i":"notice-1-day-before","$v":"Începe de mâine"},{"$i":"notice-on-day-event-all","$v":"Începe azi"},{"$i":"notice-1-day-before-all","$v":"Începe de mâine"},{"$i":"notice-2-day-before-all","$v":"Începe în 2 zile"},{"$i":"notice-weeks-before-all","$v":["Începe în ",{"t":"idOrVar","v":"startDate"}]},{"$i":"days-ago-yesterday","$v":["Ieri ",{"t":"idOrVar","v":"timeString"}]},{"$i":"days-ago-today","$v":["Azi ",{"t":"idOrVar","v":"timeString"}]},{"$i":"days-ago-yesterday-single","$v":"ieri"},{"$i":"days-ago-today-single","$v":"astăzi"},{"$i":"alarm-started-notices","$v":["S-a început ",{"t":"idOrVar","v":"distance"}]},{"$i":"alarm-starting-notices","$v":["Începe ",{"t":"idOrVar","v":"distance"}]},{"$i":"minutes-ago-long","$v":{"few":["în urmă cu ",{"t":"idOrVar","v":"value"}," minute"],"many":["în urmă cu ",{"t":"idOrVar","v":"value"}," minute"],"other":["în urmă cu ",{"t":"idOrVar","v":"value"}," minute"],"two":["în urmă cu ",{"t":"idOrVar","v":"value"}," minute"],"one":"în urmă cu un minut","zero":"Chiar acum"},"$x":[{"t":"idOrVar","v":"plural"},"value"]},{"$i":"hours-ago-long","$v":{"few":["în urmă cu ",{"t":"idOrVar","v":"value"}," ore"],"many":["în urmă cu ",{"t":"idOrVar","v":"value"}," ore"],"other":["în urmă cu ",{"t":"idOrVar","v":"value"}," ore"],"two":["în urmă cu ",{"t":"idOrVar","v":"value"}," ore"],"one":"în urmă cu o oră","zero":"Chiar acum"},"$x":[{"t":"idOrVar","v":"plural"},"value"]},{"$i":"alarm-start-notice","$v":[{"t":"idOrVar","v":"title"}," începe ",{"t":"idOrVar","v":"distance"}]},{"$i":"alarm-started-notice","$v":[{"t":"idOrVar","v":"title"}," a început ",{"t":"idOrVar","v":"distance"}]},{"$i":"alarm-start-notice-two-days","$v":[{"t":"idOrVar","v":"title"}," începe în două zile"]},{"$i":"alarm-start-notice-few-days","$v":[{"t":"idOrVar","v":"title"}," începe în ",{"t":"idOrVar","v":"distance"}]},{"$i":"days-before-hour12","$v":{"few":["Cu ",{"t":"idOrVar","v":"value"}," zile înainte (9:00 AM)"],"many":["Cu ",{"t":"idOrVar","v":"value"}," zile înainte (9:00 AM)"],"one":"Cu 1 zi înainte (9:00 AM)","other":["Cu ",{"t":"idOrVar","v":"value"}," zile înainte (9:00 AM)"],"two":["Cu ",{"t":"idOrVar","v":"value"}," zile înainte (9:00 AM)"],"zero":"Cu 0 zile înainte (9:00 AM)"},"$x":[{"t":"idOrVar","v":"plural"},"value"]},{"$i":"weeks-before-hour12","$v":{"few":["Cu ",{"t":"idOrVar","v":"value"}," săptămâni înainte (9:00 AM)"],"many":["Cu ",{"t":"idOrVar","v":"value"}," săptămâni înainte (9:00 AM)"],"one":"Cu 1 săptămână înainte (9:00 AM)","other":["Cu ",{"t":"idOrVar","v":"value"}," săptămâni înainte (9:00 AM)"],"two":["Cu ",{"t":"idOrVar","v":"value"}," săptămâni înainte (9:00 AM)"],"zero":"Cu 0 săptămâni înainte (9:00 AM)"},"$x":[{"t":"idOrVar","v":"plural"},"value"]},{"$i":"days-before-hour24","$v":{"few":["Cu ",{"t":"idOrVar","v":"value"}," zile înainte (9:00)"],"many":["Cu ",{"t":"idOrVar","v":"value"}," zile înainte (9:00)"],"one":"Cu 1 zi înainte (9:00)","other":["Cu ",{"t":"idOrVar","v":"value"}," zile înainte (9:00)"],"two":["Cu ",{"t":"idOrVar","v":"value"}," zile înainte (9:00)"],"zero":"Cu 0 zile înainte (9:00)"},"$x":[{"t":"idOrVar","v":"plural"},"value"]},{"$i":"weeks-before-hour24","$v":{"few":["Cu ",{"t":"idOrVar","v":"value"}," săptămâni înainte (9:00)"],"many":["Cu ",{"t":"idOrVar","v":"value"}," săptămâni înainte (9:00)"],"one":"Cu 1 săptămână înainte (9:00)","other":["Cu ",{"t":"idOrVar","v":"value"}," săptămâni înainte (9:00)"],"two":["Cu ",{"t":"idOrVar","v":"value"}," săptămâni înainte (9:00)"],"zero":"Cu 0 săptămâni înainte (9:00)"},"$x":[{"t":"idOrVar","v":"plural"},"value"]},{"$i":"minutes-before","$v":{"few":["Înainte cu ",{"t":"idOrVar","v":"value"}," minute"],"many":["Înainte cu ",{"t":"idOrVar","v":"value"}," minute"],"one":"Înainte cu 1 minut","other":["Înainte cu ",{"t":"idOrVar","v":"value"}," minute"],"two":["Înainte cu ",{"t":"idOrVar","v":"value"}," minute"],"zero":"Înainte cu 0 minute"},"$x":[{"t":"idOrVar","v":"plural"},"value"]},{"$i":"hours-before","$v":{"few":["Înainte cu ",{"t":"idOrVar","v":"value"}," ore"],"many":["Înainte cu ",{"t":"idOrVar","v":"value"}," ore"],"one":"Înainte cu 1 oră","other":["Înainte cu ",{"t":"idOrVar","v":"value"}," ore"],"two":["Înainte cu ",{"t":"idOrVar","v":"value"}," ore"],"zero":"Înainte cu 0 ore"},"$x":[{"t":"idOrVar","v":"plural"},"value"]},{"$i":"days-before","$v":{"few":["Înainte cu ",{"t":"idOrVar","v":"value"}," zile"],"many":["Înainte cu ",{"t":"idOrVar","v":"value"}," zile"],"one":"Înainte cu 1 zi","other":["Înainte cu ",{"t":"idOrVar","v":"value"}," zile"],"two":["Înainte cu ",{"t":"idOrVar","v":"value"}," zile"],"zero":"Înainte cu 0 zile"},"$x":[{"t":"idOrVar","v":"plural"},"value"]},{"$i":"weeks-before","$v":{"few":["Înainte cu ",{"t":"idOrVar","v":"value"}," săptămâni"],"many":["Înainte cu ",{"t":"idOrVar","v":"value"}," săptămâni"],"one":"Înainte cu 1 săptămână","other":["Înainte cu ",{"t":"idOrVar","v":"value"}," săptămâni"],"two":["Înainte cu ",{"t":"idOrVar","v":"value"}," săptămâni"],"zero":"Înainte cu 0 săptămâni"},"$x":[{"t":"idOrVar","v":"plural"},"value"]},{"$i":"months-before","$v":{"few":["Înainte cu ",{"t":"idOrVar","v":"value"}," luni"],"many":["Înainte cu ",{"t":"idOrVar","v":"value"}," luni"],"one":"Înainte cu 1 lună","other":["Înainte cu ",{"t":"idOrVar","v":"value"}," luni"],"two":["Înainte cu ",{"t":"idOrVar","v":"value"}," luni"],"zero":"Înainte cu 0 luni"},"$x":[{"t":"idOrVar","v":"plural"},"value"]},{"$i":"years-before","$v":{"few":["Înainte cu ",{"t":"idOrVar","v":"value"}," ani"],"many":["Înainte cu ",{"t":"idOrVar","v":"value"}," ani"],"one":"Înainte cu 1 an","other":["Înainte cu ",{"t":"idOrVar","v":"value"}," ani"],"two":["Înainte cu ",{"t":"idOrVar","v":"value"}," ani"],"zero":"Înainte cu 0 ani"},"$x":[{"t":"idOrVar","v":"plural"},"value"]},{"$i":"minutes-after","$v":{"few":["După ",{"t":"idOrVar","v":"value"}," minute"],"many":["După ",{"t":"idOrVar","v":"value"}," minute"],"one":"După 1 minut","other":["După ",{"t":"idOrVar","v":"value"}," minute"],"two":["După ",{"t":"idOrVar","v":"value"}," minute"],"zero":"După 0 minute"},"$x":[{"t":"idOrVar","v":"plural"},"value"]},{"$i":"hours-after","$v":{"few":["După ",{"t":"idOrVar","v":"value"}," ore"],"many":["După ",{"t":"idOrVar","v":"value"}," ore"],"one":"După 1 oră","other":["După ",{"t":"idOrVar","v":"value"}," ore"],"two":["După ",{"t":"idOrVar","v":"value"}," ore"],"zero":"După 0 ore"},"$x":[{"t":"idOrVar","v":"plural"},"value"]},{"$i":"days-after","$v":{"few":["După ",{"t":"idOrVar","v":"value"}," zile"],"many":["După ",{"t":"idOrVar","v":"value"}," zile"],"one":"După 1 zi","other":["După ",{"t":"idOrVar","v":"value"}," zile"],"two":["După ",{"t":"idOrVar","v":"value"}," zile"],"zero":"După 0 zile"},"$x":[{"t":"idOrVar","v":"plural"},"value"]},{"$i":"weeks-after","$v":{"few":["După ",{"t":"idOrVar","v":"value"}," săptămâni"],"many":["După ",{"t":"idOrVar","v":"value"}," săptămâni"],"one":"După 1 săptămână","other":["După ",{"t":"idOrVar","v":"value"}," săptămâni"],"two":["După ",{"t":"idOrVar","v":"value"}," săptămâni"],"zero":"După 0 săptămâni"},"$x":[{"t":"idOrVar","v":"plural"},"value"]},{"$i":"months-after","$v":{"few":["După ",{"t":"idOrVar","v":"value"}," luni"],"many":["După ",{"t":"idOrVar","v":"value"}," luni"],"one":"După 1 lună","other":["După ",{"t":"idOrVar","v":"value"}," luni"],"two":["După ",{"t":"idOrVar","v":"value"}," luni"],"zero":"După 0 luni"},"$x":[{"t":"idOrVar","v":"plural"},"value"]},{"$i":"years-after","$v":{"few":["După ",{"t":"idOrVar","v":"value"}," ani"],"many":["După ",{"t":"idOrVar","v":"value"}," ani"],"one":"După 1 an","other":["După ",{"t":"idOrVar","v":"value"}," ani"],"two":["După ",{"t":"idOrVar","v":"value"}," ani"],"zero":"După 0 ani"},"$x":[{"t":"idOrVar","v":"plural"},"value"]},{"$i":"event-notice-timeformat","$v":[{"t":"idOrVar","v":"start"}," - ",{"t":"idOrVar","v":"end"}]},{"$i":"tomorrow-event-notice-timeformat","$v":["Mâine, ",{"t":"idOrVar","v":"start"},"–",{"t":"idOrVar","v":"end"}]},{"$i":"today-all-day-event","$v":"Astăzi"},{"$i":"tomorrow-all-day-event","$v":"Mâine"},{"$i":"hour-format12","$v":"%I"},{"$i":"hour-format24","$v":"%H"},{"$i":"week-hour-format12","$v":"%I"},{"$i":"week-hour-format24","$v":"%H"},{"$i":"hour-allday","$v":"Întreaga zi"},{"$i":"kai-week-day","$v":"%a\\n%e"},{"$i":"current-time12","$v":"%I:%M"},{"$i":"current-time24","$v":"%H:%M"},{"$i":"multi-month-view-header-format","$v":"%B %Y"},{"$i":"day-view-header-format","$v":"%A, %B %e"},{"$i":"months-day-view-header-format","$v":"%A, %B %e"},{"$i":"months-day-view-header-format-small","$v":{"$o":"%a <br/> %b, %e"}},{"$i":"week-view-header-format","$v":["Săptămâna ",{"t":"idOrVar","v":"value"},", %B %Y"]},{"$i":"longDateFormat","$v":"%A, %B %e, %Y"},{"$i":"longTimeFormat","$v":"%A %B %d"},{"$i":"longTimeFormat12","$v":"%A %B %d %I %p"},{"$i":"longTimeFormat24","$v":"ora %A %B %d %H"},{"$i":"weekTimeFormat12","$v":"%I %p"},{"$i":"weekTimeFormat24","$v":"ora %H"},{"$i":"weekDayFormat","$v":"%A, %d"},{"$i":"alldayLongTimeFormat","$v":"%A %B %d întreaga zi"},{"$i":"dayHour12","$v":"%I %p"},{"$i":"dayHour24","$v":"ora %H"},{"$i":"longDateTime12","$v":"%I %p, %a, %d %b, %Y"},{"$i":"longDateTime24","$v":"%H, %a, %d %b, %Y"},{"$i":"upcoming-events","$v":"Evenimente viitoare"},{"$i":"search-results","$v":"Rezultatele căutării"},{"$i":"no-event-found","$v":"Nu s-a găsit niciun eveniment"},{"$i":"longDateTimeNew12","$v":"%a, %B %e, %Y, %I:%M %p"},{"$i":"longDateTimeNew24","$v":"%a, %B %e, %Y, %H:%M"},{"$i":"longDateTimeNewNoHour12","$v":"%a, %B %e, %Y"},{"$i":"longDateTimeNewNoHour24","$v":"%a, %B %e, %Y"},{"$i":"error-start-date-after-end-date","$v":"Evenimentul nu se poate încheia înainte de data de începere."},{"$i":"error-start-time-after-end-time","$v":"Evenimentul nu se poate încheia înainte de ora de începere."},{"$i":"error-unauthenticated","$v":"Numele de utilizator sau parola sunt incorecte. Încercați din nou."},{"$i":"error-internal-server-error","$v":"Eroare server. Încercați din nou."},{"$i":"error-unkown","$v":"Server indisponibil. Încercați din nou mai târziu."},{"$i":"error-default","$v":"A apărut o problemă. Încercați din nou mai târziu."},{"$i":"error-offline","$v":"Nu există conexiune la internet."},{"$i":"error-account-exist","$v":"Acest cont există deja."},{"$i":"error-confirmation-title","$v":"Eroare"},{"$i":"error-edit-online-event","$v":"Evenimentul online nu a putut fi modificat din cauza lipsei de conexiune la internet."},{"$i":"error-delete-online-event","$v":"Evenimentul online nu a putut fi șters din cauza lipsei de conexiune la internet."},{"$i":"error-add-online-event","$v":"Evenimentul online nu a putut fi adăugat din cauza lipsei conexiunii la internet."},{"$i":"error-start-date-before-seleced-day","$v":"Evenimentul nu poate începe înainte de data actuală."},{"$i":"notification-error-sync-title","$v":"Eroare la sincronizarea calendarului"},{"$i":"notification-error-sync-description","$v":"Atingeți pentru mai multe informații"},{"$i":"notification-error-caldav-sync-title","$v":"Eroare cont"},{"$i":"notification-error-caldav-sync-description","$v":"Conectați-vă din nou."},{"$i":"weekday-0-single-char","$v":"D","ariaLabel":"Duminică"},{"$i":"weekday-1-single-char","$v":"L","ariaLabel":"Luni"},{"$i":"weekday-2-single-char","$v":"M","ariaLabel":"Marți"},{"$i":"weekday-3-single-char","$v":"Mi","ariaLabel":"Miercuri"},{"$i":"weekday-4-single-char","$v":"J","ariaLabel":"Joi"},{"$i":"weekday-5-single-char","$v":"V","ariaLabel":"Vineri"},{"$i":"weekday-6-single-char","$v":"S","ariaLabel":"Sâmbătă"},{"$i":"busy","$v":{"few":[{"t":"idOrVar","v":"n"}," evenimente"],"many":[{"t":"idOrVar","v":"n"}," evenimente"],"one":[{"t":"idOrVar","v":"n"}," eveniment"],"other":[{"t":"idOrVar","v":"n"}," evenimente"],"two":[{"t":"idOrVar","v":"n"}," evenimente"],"zero":"Niciun eveniment"},"$x":[{"t":"idOrVar","v":"plural"},"n"]},{"$i":"present","ariaLabel":"Astăzi"},{"$i":"past-other-month-description","ariaLabel":"Altă lună"},{"$i":"future-other-month-description","ariaLabel":"Altă lună"},{"$i":"icon-calendar-alarm","ariaLabel":"Are alarmă"},{"$i":"calendars","ariaLabel":"Calendare"},{"$i":"multi-day-new-event-link","ariaLabel":"Adăugare eveniment"},{"$i":"title","ariaLabel":"Titlu"},{"$i":"location","ariaLabel":"Loc"},{"$i":"duration","ariaLabel":"Durată"},{"$i":"calendar","ariaLabel":"Calendar"},{"$i":"alarms","ariaLabel":"Alarme"},{"$i":"description","ariaLabel":"Descriere"},{"$i":"start-date","ariaLabel":"Data de începere"},{"$i":"start-time","ariaLabel":"Ora de începere"},{"$i":"end-date","ariaLabel":"Data de încheiere"},{"$i":"end-time","ariaLabel":"Ora de încheiere"},{"$i":"during-progress-loading","ariaValueText":"Încărcare în curs"},{"$i":"all-day","ariaLabel":"Întreaga zi"},{"$i":"create-event","ariaLabel":"Creare eveniment"},{"$i":"create-all-day-event","ariaLabel":"Creare eveniment care durează întreaga zi"},{"$i":"event-one-day-duration","ariaLabel":["de la ",{"t":"idOrVar","v":"startTime"}," până la ",{"t":"idOrVar","v":"endTime"}]},{"$i":"week-event-one-day-duration","ariaLabel":[{"t":"idOrVar","v":"startDate"}," de la ",{"t":"idOrVar","v":"startTime"}," până la ",{"t":"idOrVar","v":"endTime"}]},{"$i":"event-multiple-day-duration","ariaLabel":["De la ",{"t":"idOrVar","v":"startTime"}," ",{"t":"idOrVar","v":"startDate"}," până la ",{"t":"idOrVar","v":"endTime"}," ",{"t":"idOrVar","v":"endDate"}]},{"$i":"kai-event-added","$v":"Evenimentul a fost adăugat."},{"$i":"kai-event-updated","$v":"Evenimentul a fost actualizat."},{"$i":"kai-event-deleted","$v":"Evenimentul a fost șters."},{"$i":"kai-change-save","$v":"Modificările au fost salvate"},{"$i":"event-sync-failure","$v":"Sincronizarea în calendarul online nu poate fi efectuată."},{"$i":"kai-event-calendar","$v":"Calendar"},{"$i":"kai-single-event","$v":"eveniment"},{"$i":"kai-event-count","$v":"evenimente"},{"$i":"kai-sync-progress-syncing","$v":"Se sincronizează"},{"$i":"kai-sync-progress-complete","$v":"Calendarul este la zi."},{"$i":"kai-sync-sync-switch-close","$v":"Contul nu a putut fi sincronizat deoarece sincronizarea a fost dezactivată."},{"$i":"kai-settings-sounds","$v":"Sunete"},{"$i":"kai-tones","$v":"Tonuri"},{"$i":"kai-multi-events","$v":"Evenimente"},{"$i":"kai-confirmation-title","$v":"Confirmare"},{"$i":"kai-delete-selectedEvent-confirmation","$v":"Ștergeți evenimentul selectat?"},{"$i":"kai-deleteEvent-confirmation","$v":"Ștergeți evenimentul?"},{"$i":"kai-event-search-header","$v":"Căutare","placeholder":"Căutare"},{"$i":"kai-event-search-upcoming-events","$v":"Evenimente viitoare"},{"$i":"kai-delete","$v":"Ștergere"},{"$i":"kai-cancel","$v":"Anulare"},{"$i":"kai-dialog-delete-sel","$v":"Sigur doriți să ștergeți evenimentul selectat?"},{"$i":"kai-delete-title","$v":"Ștergere eveniment"},{"$i":"kai-save-changes","$v":"Salvați modificările?"},{"$i":"kai-save-message-back","$v":"Toate datele introduse se vor pierde. Doriți să salvați modificările?"},{"$i":"kai-save-message-close","$v":"La închiderea aplicației, datele se vor pierde. Doriți să salvați modificările?"},{"$i":"yes","$v":"Da"},{"$i":"no","$v":"Nu"},{"$i":"confirmation","$v":"Confirmare"},{"$i":"ok","$v":"OK"},{"$i":"delete-event","$v":"Ștergeți evenimentul?"},{"$i":"edit-event-no-net","$v":"Evenimentul online nu a putut fi modificat din cauza lipsei de conexiune la internet."},{"$i":"kai-settings-header","$v":"Calendar de afișat"},{"$i":"kai-syncing","$v":"Se sincronizează..."},{"$i":"kai-syncing-header","$v":"Sincronizare cont"},{"$i":"select","$v":"Selectare"},{"$i":"add-event","$v":"Adăugare"},{"$i":"week-view","$v":"Mod de afișare Săptămână"},{"$i":"day-view","$v":"Afișare în funcție de zi"},{"$i":"month-view","$v":"Afișare în funcție de lună"},{"$i":"today","$v":"Astăzi"},{"$i":"go","$v":"Du-te la data"},{"$i":"search","$v":"Căutare"},{"$i":"calendar-to-display","$v":"Calendar de afișat"},{"$i":"settings","$v":"Setări"},{"$i":"delete","$v":"Ștergere"},{"$i":"enter","$v":"Introducere"},{"$i":"sync-calendar","$v":"Sincronizare calendar"},{"$i":"lunar-calendar","$v":"Zi lunară"},{"$i":"present-description","$v":["Astăzi, ",{"t":"idOrVar","v":"weekday"},", ",{"t":"idOrVar","v":"date"}]},{"$i":"day-description","$v":[{"t":"idOrVar","v":"weekday"},", ",{"t":"idOrVar","v":"date"}]},{"$i":"weekday-5","$v":"Vineri"},{"$i":"weekday-4","$v":"Joi"},{"$i":"weekday-3","$v":"Miercuri"},{"$i":"weekday-2","$v":"Marți"},{"$i":"weekday-1","$v":"Luni"},{"$i":"weekday-0","$v":"Duminică"},{"$i":"weekday-6","$v":"Sâmbătă"},{"$i":"no-title","$v":"Fără titlu"},{"$i":"account-sync-off-tip","$v":"Porniți sincronizarea acestui cont pentru a modifica sau a șterge evenimentul."},{"$i":"weekday-0-long","$v":"Duminică"},{"$i":"weekday-1-long","$v":"Luni"},{"$i":"weekday-2-long","$v":"Marți"},{"$i":"weekday-3-long","$v":"Miercuri"},{"$i":"weekday-4-long","$v":"Joi"},{"$i":"weekday-5-long","$v":"Vineri"},{"$i":"weekday-6-long","$v":"Sâmbătă"},{"$i":"weekday-0-short","$v":"Dum"},{"$i":"weekday-1-short","$v":"Lun"},{"$i":"weekday-2-short","$v":"Mar"},{"$i":"weekday-3-short","$v":"Mie"},{"$i":"weekday-4-short","$v":"Joi"},{"$i":"weekday-5-short","$v":"Vin"},{"$i":"weekday-6-short","$v":"Sâm"},{"$i":"month-0-long","$v":"Ianuarie"},{"$i":"month-1-long","$v":"Februarie"},{"$i":"month-2-long","$v":"Martie"},{"$i":"month-3-long","$v":"Aprilie"},{"$i":"month-4-long","$v":"Mai"},{"$i":"month-5-long","$v":"Iunie"},{"$i":"month-6-long","$v":"Iulie"},{"$i":"month-7-long","$v":"August"},{"$i":"month-8-long","$v":"Septembrie"},{"$i":"month-9-long","$v":"Octombrie"},{"$i":"month-10-long","$v":"Noiembrie"},{"$i":"month-11-long","$v":"Decembrie"},{"$i":"month-0-genitive","$v":"Ianuarie"},{"$i":"month-1-genitive","$v":"Februarie"},{"$i":"month-2-genitive","$v":"Martie"},{"$i":"month-3-genitive","$v":"Aprilie"},{"$i":"month-4-genitive","$v":"Mai"},{"$i":"month-5-genitive","$v":"Iunie"},{"$i":"month-6-genitive","$v":"Iulie"},{"$i":"month-7-genitive","$v":"August"},{"$i":"month-8-genitive","$v":"Septembrie"},{"$i":"month-9-genitive","$v":"Octombrie"},{"$i":"month-10-genitive","$v":"Noiembrie"},{"$i":"month-11-genitive","$v":"Decembrie"},{"$i":"month-0-short","$v":"Ian"},{"$i":"month-1-short","$v":"Feb"},{"$i":"month-2-short","$v":"Mar"},{"$i":"month-3-short","$v":"Apr"},{"$i":"month-4-short","$v":"Mai"},{"$i":"month-5-short","$v":"Iun"},{"$i":"month-6-short","$v":"Iul"},{"$i":"month-7-short","$v":"Aug"},{"$i":"month-8-short","$v":"Sep"},{"$i":"month-9-short","$v":"Oct"},{"$i":"month-10-short","$v":"Nov"},{"$i":"month-11-short","$v":"Dec"},{"$i":"days-ago-long","$v":{"few":["În urmă cu ",{"t":"idOrVar","v":"value"}," zile"],"many":["În urmă cu ",{"t":"idOrVar","v":"value"}," zile"],"one":"ieri","other":["În urmă cu ",{"t":"idOrVar","v":"value"}," zile"],"two":["În urmă cu ",{"t":"idOrVar","v":"value"}," zile"],"zero":"astăzi"},"$x":[{"t":"idOrVar","v":"plural"},"value"]},{"$i":"weeks-ago-long","$v":{"few":["în urmă cu ",{"t":"idOrVar","v":"value"}," săptămâni"],"many":["în urmă cu ",{"t":"idOrVar","v":"value"}," săptămâni"],"one":"săptămâna trecută","other":["în urmă cu ",{"t":"idOrVar","v":"value"}," săptămâni"],"two":["în urmă cu ",{"t":"idOrVar","v":"value"}," săptămâni"],"zero":"săptămâna aceasta"},"$x":[{"t":"idOrVar","v":"plural"},"value"]},{"$i":"months-ago-long","$v":{"few":["în urmă cu ",{"t":"idOrVar","v":"value"}," luni"],"many":["în urmă cu ",{"t":"idOrVar","v":"value"}," luni"],"one":"luna trecută","other":["în urmă cu ",{"t":"idOrVar","v":"value"}," luni"],"two":["în urmă cu ",{"t":"idOrVar","v":"value"}," luni"],"zero":"această lună"},"$x":[{"t":"idOrVar","v":"plural"},"value"]},{"$i":"years-ago-long","$v":{"few":["în urmă cu ",{"t":"idOrVar","v":"value"}," ani"],"many":["în urmă cu ",{"t":"idOrVar","v":"value"}," ani"],"one":"anul trecut","other":["în urmă cu ",{"t":"idOrVar","v":"value"}," ani"],"two":["în urmă cu ",{"t":"idOrVar","v":"value"}," ani"],"zero":"anul acesta"},"$x":[{"t":"idOrVar","v":"plural"},"value"]},{"$i":"minutes-until-long","$v":{"few":["peste ",{"t":"idOrVar","v":"value"}," minute"],"many":["peste ",{"t":"idOrVar","v":"value"}," minute"],"other":["peste ",{"t":"idOrVar","v":"value"}," minute"],"two":["peste ",{"t":"idOrVar","v":"value"}," minute"],"zero":"acum","one":"peste un minut"},"$x":[{"t":"idOrVar","v":"plural"},"value"]},{"$i":"hours-until-long","$v":{"few":["peste ",{"t":"idOrVar","v":"value"}," ore"],"many":["peste ",{"t":"idOrVar","v":"value"}," ore"],"other":["peste ",{"t":"idOrVar","v":"value"}," ore"],"two":["peste ",{"t":"idOrVar","v":"value"}," ore"],"zero":"acum","one":"peste o oră"},"$x":[{"t":"idOrVar","v":"plural"},"value"]},{"$i":"days-until-long","$v":{"few":["peste ",{"t":"idOrVar","v":"value"}," zile"],"many":["peste ",{"t":"idOrVar","v":"value"}," zile"],"one":"mâine","other":["peste ",{"t":"idOrVar","v":"value"}," zile"],"two":["peste ",{"t":"idOrVar","v":"value"}," zile"],"zero":"astăzi"},"$x":[{"t":"idOrVar","v":"plural"},"value"]},{"$i":"weeks-until-long","$v":{"few":["peste ",{"t":"idOrVar","v":"value"}," săptămâni"],"many":["peste ",{"t":"idOrVar","v":"value"}," săptămâni"],"one":"săptămâna viitoare","other":["peste ",{"t":"idOrVar","v":"value"}," săptămâni"],"two":["peste ",{"t":"idOrVar","v":"value"}," săptămâni"],"zero":"săptămâna aceasta"},"$x":[{"t":"idOrVar","v":"plural"},"value"]},{"$i":"months-until-long","$v":{"few":["peste ",{"t":"idOrVar","v":"value"}," luni"],"many":["peste ",{"t":"idOrVar","v":"value"}," luni"],"one":"luna următoare","other":["peste ",{"t":"idOrVar","v":"value"}," luni"],"two":["peste ",{"t":"idOrVar","v":"value"}," luni"],"zero":"această lună"},"$x":[{"t":"idOrVar","v":"plural"},"value"]},{"$i":"years-until-long","$v":{"few":["peste ",{"t":"idOrVar","v":"value"}," ani"],"many":["peste ",{"t":"idOrVar","v":"value"}," ani"],"one":"anul viitor","other":["peste ",{"t":"idOrVar","v":"value"}," ani"],"two":["peste ",{"t":"idOrVar","v":"value"}," ani"],"zero":"anul acesta"},"$x":[{"t":"idOrVar","v":"plural"},"value"]},{"$i":"minutes-ago-short","$v":{"other":["în urmă cu ",{"t":"idOrVar","v":"value"}," m"],"zero":"Chiar acum"},"$x":[{"t":"idOrVar","v":"plural"},"value"]},{"$i":"hours-ago-short","$v":{"other":["în urmă cu ",{"t":"idOrVar","v":"value"}," h"],"zero":"Chiar acum"},"$x":[{"t":"idOrVar","v":"plural"},"value"]},{"$i":"days-ago-short","$v":{"other":["În urmă cu ",{"t":"idOrVar","v":"value"}," z"],"zero":"astăzi"},"$x":[{"t":"idOrVar","v":"plural"},"value"]},{"$i":"minutes-until-short","$v":{"other":["peste ",{"t":"idOrVar","v":"value"}," m"],"zero":"acum"},"$x":[{"t":"idOrVar","v":"plural"},"value"]},{"$i":"hours-until-short","$v":{"other":["peste ",{"t":"idOrVar","v":"value"}," h"],"zero":"acum"},"$x":[{"t":"idOrVar","v":"plural"},"value"]},{"$i":"days-until-short","$v":{"other":["peste ",{"t":"idOrVar","v":"value"}," z"],"zero":"astăzi"},"$x":[{"t":"idOrVar","v":"plural"},"value"]},{"$i":"incorrectDate","$v":"(dată incorectă)"},{"$i":"dateTimeFormat_%c","$v":"%a %b %e %Y %I:%M:%S %p"},{"$i":"dateTimeFormat_%x","$v":"%m/%d/%Y"},{"$i":"dateTimeFormat_%X","$v":"%I:%M:%S %p"},{"$i":"shortTimeFormat","$v":"%I:%M %p"},{"$i":"shortTimeFormat12","$v":"%I:%M %p"},{"$i":"shortTimeFormat24","$v":"%H:%M"},{"$i":"shortDateTimeFormat","$v":"%x %I:%M %p"},{"$i":"weekStartsOnMonday","$v":"0.0"},{"$i":"firstDayOfTheWeek","$v":"1.0"},{"$i":"time_am","$v":"AM"},{"$i":"time_pm","$v":"PM"},{"$i":"softkey-options","$v":"Opțiuni"}]