[{"$i":"back","$v":"Späť"},{"$i":"save","$v":"Uložiť"},{"$i":"cancel","$v":"Zrušiť"},{"$i":"next","$v":"Ďalej"},{"$i":"hide","$v":"Skryť"},{"$i":"confirm","$v":"Potvrdiť"},{"$i":"done","$v":"Hotovo"},{"$i":"events","$v":"Pripomienka udalostí"},{"$i":"edit","$v":"Upraviť"},{"$i":"allday-events","$v":"Pripomienka celod. udalostí"},{"$i":"no-events","$v":"Žiadne udal."},{"$i":"default","$v":"Predvolené"},{"$i":"sync","$v":"Synchr."},{"$i":"repeat","$v":"Opakovať"},{"$i":"never","$v":"Nikdy"},{"$i":"every-day","$v":"Každý deň"},{"$i":"every-week","$v":"Každý týždeň"},{"$i":"every-2-weeks","$v":"Každé 2 týždne"},{"$i":"every-month","$v":"Každý mesiac"},{"$i":"view-never","$v":"Opakovať: Nikdy"},{"$i":"view-every-day","$v":"Opakovať: Denne"},{"$i":"view-every-week","$v":"Opakovať: Týždenne"},{"$i":"view-every-2-weeks","$v":"Opakovať: každé dva týždne"},{"$i":"view-every-month","$v":"Opakovať: mesačne"},{"$i":"repeat-event-header","$v":"Ide o opakovanú udalosť."},{"$i":"delete-this-only","$v":"Vymažte to len"},{"$i":"delete-all","$v":"Vymazať všetko"},{"$i":"event-edit-all","$v":"Upraviť všetky udalosti"},{"$i":"event-edit-all-future","$v":"Upraviť všetky budúce udalosti"},{"$i":"options","$v":"Možnosti"},{"$i":"event-delete-all","$v":"Odstrániť všetky udalosti"},{"$i":"event-delete-all-future","$v":"Odstrániť všetky budúce udalosti"},{"$i":"delete-account","$v":"Vymazať účet"},{"$i":"exchange-account","$v":"ActiveSync"},{"$i":"account-user-name","$v":"Používateľské meno"},{"$i":"incorrect-password-description","$v":"Na server sa nedá prihlásiť. Znova zadajte heslo."},{"$i":"incorrect-password","$v":"Nesprávne heslo"},{"$i":"account-duplicate","$v":"Účet už existuje. Synchronizácia sa zapne."},{"$i":"error-account","$v":"Server je nedostupný. Skúste znova neskôr."},{"$i":"error-access-denied","$v":"Vyskytla sa neznáma chyba, skúste to znova neskôr."},{"$i":"error-time-out","$v":["Nepodarilo sa vytvoriť pripojenie so serverom „",{"t":"idOrVar","v":"server"},"“. Môže ísť o problém so sieťou."]},{"$i":"caldav-account-exist","$v":"Tento účet už existuje."},{"$i":"save-password","$v":"Heslo bolo uložené."},{"$i":"account-login","$v":"Prihlásenie do účtu"},{"$i":"setting-up-account","$v":"Nastavenie účtu"},{"$i":"setup-account-usedInfo","$v":"Tento účet budú používať nasledovné aplikácie. Môžete to zmeniť v položke Nastavenia > Účet."},{"$i":"app-calendar","$v":"Kalendár"},{"$i":"show-today","$v":"Dnes"},{"$i":"show-month-view","$v":"Mesiac"},{"$i":"show-week-view","$v":"Týžd."},{"$i":"show-day-view","$v":"Deň"},{"$i":"settings-show","$v":"Nastavenia"},{"$i":"settings-hide","$v":"Skryť nastavenia"},{"$i":"add-account","$v":"Pridať účet"},{"$i":"new-event","$v":"Pridať udalosť"},{"$i":"view-event-header","$v":"Detaily udalosti"},{"$i":"new-event-header","$v":"Pridať udalosť"},{"$i":"edit-event-header","$v":"Upraviť udalosť"},{"$i":"account-header","$v":"Účet"},{"$i":"account-list-header","$v":"Účty"},{"$i":"advanced-settings-short-icon-button","ariaLabel":"Nastavenia"},{"$i":"advanced-settings-header","$v":"Nast. kalendára"},{"$i":"advanced-settings-personalization","$v":"Aktualizovať frekvenciu"},{"$i":"advanced-settings-reminders","$v":"Pripomienka"},{"$i":"advanced-settings-add-account","$v":"Pridať účet"},{"$i":"field-user","$v":"Používateľské meno"},{"$i":"field-password","$v":"Heslo"},{"$i":"show-password","$v":"Zobraziť heslo"},{"$i":"field-full-url","$v":"URL"},{"$i":"modify-account-setting-up","$v":"Počkajte, kým sa nast. účet"},{"$i":"modify-account-unable-to-sync","$v":"Nedá sa synchr."},{"$i":"modify-account-sign-in","$v":"Prihlásenie"},{"$i":"sync-account","$v":"Synchronizačný účet"},{"$i":"deselect","$v":"Zrušiť výber"},{"$i":"kai-caldav","$v":"CalDav"},{"$i":"kai-yahoo","$v":"Yahoo!"},{"$i":"kai-google","$v":"Google"},{"$i":"preset-mozilla","$v":"Mozilla Zimbra"},{"$i":"calendar-local","$v":"Kalendár telef."},{"$i":"event-title","$v":"Názov"},{"$i":"event-location","$v":"Poloha"},{"$i":"event-description","$v":"Pozn."},{"$i":"event-is-allday","$v":"Celodenná udalosť"},{"$i":"event-start-date","$v":"Dátum zač."},{"$i":"event-end-date","$v":"Dátum konca"},{"$i":"event-start-time","$v":"Čas spustenia"},{"$i":"event-end-time","$v":"Čas konca"},{"$i":"event-delete","$v":"Vymazať udalosť"},{"$i":"event-is-deleting","$v":"Vymazávanie…"},{"$i":"remove-account-data","$v":"Odstrániť účet kalendára"},{"$i":"remove-account-dialog","$v":"Odstrániť účet"},{"$i":"remove-account-dialog-details","$v":"Ak vymažete tento účet, bude to mať vplyv na aplikácie, ktoré ho používajú."},{"$i":"remove","$v":"Odobrať"},{"$i":"drawer-sync-icon-button","ariaLabel":"Synchr."},{"$i":"sync-progress-syncing","ariaValueText":"Prebieha synchr."},{"$i":"sync-progress-complete","ariaValueText":"Synchr. dokončená"},{"$i":"sync-frequency","$v":"Synchr. kalendár"},{"$i":"sync-frequency-15min","$v":"Každých 15 min."},{"$i":"sync-frequency-30min","$v":"Každých 30 min."},{"$i":"sync-frequency-manual","$v":"Manuálne"},{"$i":"from","$v":"Od"},{"$i":"to","$v":"Komu"},{"$i":"one-day-duration-title","$v":[{"t":"idOrVar","v":"startDate"}]},{"$i":"one-day-duration-content","$v":["od ",{"t":"idOrVar","v":"startTime"}," do ",{"t":"idOrVar","v":"endTime"}]},{"$i":"multiple-day-duration-title","$v":[{"t":"idOrVar","v":"startTime"}," ",{"t":"idOrVar","v":"startDate"}]},{"$i":"multiple-day-duration-content","$v":[{"t":"idOrVar","v":"endTime"}," ",{"t":"idOrVar","v":"endDate"}]},{"$i":"one-all-day-duration-title","$v":[{"t":"idOrVar","v":"startDate"}]},{"$i":"all-day-duration-content","$v":"Celodenná udalosť"},{"$i":"multiple-all-day-duration-title","$v":["Od ",{"t":"idOrVar","v":"startDate"}]},{"$i":"multiple-all-day-duration-content","$v":["Do ",{"t":"idOrVar","v":"endDate"}]},{"$i":"none","$v":"Žiadne"},{"$i":"reminder","$v":"Pripomienka"},{"$i":"remind-me","$v":"Pripomenúť"},{"$i":"alarm-at-event-standard","$v":"V čase udalosti"},{"$i":"alarm-at-event-allday","$v":"V deň udalosti"},{"$i":"alarm-at-event-allday-hour12","$v":"V deň udalosti (9:00)"},{"$i":"alarm-at-event-allday-hour24","$v":"V deň udalosti (9:00)"},{"$i":"notice-now","$v":"Odteraz"},{"$i":"notice-5-minutes-before","$v":"Začína sa o 5 minút"},{"$i":"notice-15-minutes-before","$v":"Začína sa o 15 minút"},{"$i":"notice-30-minutes-before","$v":"Začína sa o 30 minút"},{"$i":"notice-1-hour-before","$v":"Začína sa o 1 hodinu"},{"$i":"notice-2-hours-before","$v":"Začína o 2 hodiny"},{"$i":"notice-1-day-before","$v":"Začiatok zajtra"},{"$i":"notice-on-day-event-all","$v":"Od dnešného dňa"},{"$i":"notice-1-day-before-all","$v":"Začiatok zajtra"},{"$i":"notice-2-day-before-all","$v":"Začína o 2 dni"},{"$i":"notice-weeks-before-all","$v":["Začína: ",{"t":"idOrVar","v":"startDate"}]},{"$i":"days-ago-yesterday","$v":["Včera o ",{"t":"idOrVar","v":"timeString"}]},{"$i":"days-ago-today","$v":["Dnes o ",{"t":"idOrVar","v":"timeString"}]},{"$i":"days-ago-yesterday-single","$v":"Včera"},{"$i":"days-ago-today-single","$v":"Dnes"},{"$i":"alarm-started-notices","$v":["Začalo: ",{"t":"idOrVar","v":"distance"}]},{"$i":"alarm-starting-notices","$v":["Začína o: ",{"t":"idOrVar","v":"distance"}]},{"$i":"minutes-ago-long","$v":{"few":["Pred počtom min.: ",{"t":"idOrVar","v":"value"}],"many":["Pred počtom min.: ",{"t":"idOrVar","v":"value"}],"other":["Pred počtom min.: ",{"t":"idOrVar","v":"value"}],"two":["Pred počtom min.: ",{"t":"idOrVar","v":"value"}],"one":"pred 1 min.","zero":"práve teraz"},"$x":[{"t":"idOrVar","v":"plural"},"value"]},{"$i":"hours-ago-long","$v":{"few":["Pred počtom hod.: ",{"t":"idOrVar","v":"value"}],"many":["Pred počtom hod.: ",{"t":"idOrVar","v":"value"}],"other":["Pred počtom hod.: ",{"t":"idOrVar","v":"value"}],"two":["Pred počtom hod.: ",{"t":"idOrVar","v":"value"}],"one":"pred 1 hodinou","zero":"práve teraz"},"$x":[{"t":"idOrVar","v":"plural"},"value"]},{"$i":"alarm-start-notice","$v":[{"t":"idOrVar","v":"title"}," od ",{"t":"idOrVar","v":"distance"}]},{"$i":"alarm-started-notice","$v":[{"t":"idOrVar","v":"title"}," od ",{"t":"idOrVar","v":"distance"}]},{"$i":"alarm-start-notice-two-days","$v":[{"t":"idOrVar","v":"title"}," začína o dva dni"]},{"$i":"alarm-start-notice-few-days","$v":[{"t":"idOrVar","v":"title"}," začína na ",{"t":"idOrVar","v":"distance"}]},{"$i":"days-before-hour12","$v":{"few":["Dni predtým (9:00): ",{"t":"idOrVar","v":"value"}],"many":["Dni predtým (9:00): ",{"t":"idOrVar","v":"value"}],"one":"1 deň predtým (9:00)","other":["Dni predtým (9:00): ",{"t":"idOrVar","v":"value"}],"two":["Dni predtým (9:00): ",{"t":"idOrVar","v":"value"}],"zero":"0 dní predtým (9:00)"},"$x":[{"t":"idOrVar","v":"plural"},"value"]},{"$i":"weeks-before-hour12","$v":{"few":["Týždňov predtým (9:00): ",{"t":"idOrVar","v":"value"}],"many":["Týždňov predtým (9:00): ",{"t":"idOrVar","v":"value"}],"one":"1 týždeň predtým (9:00)","other":["Týždňov predtým (9:00): ",{"t":"idOrVar","v":"value"}],"two":["Týždňov predtým (9:00): ",{"t":"idOrVar","v":"value"}],"zero":"0 týždňov predtým (9:00)"},"$x":[{"t":"idOrVar","v":"plural"},"value"]},{"$i":"days-before-hour24","$v":{"few":["Dni predtým (9:00): ",{"t":"idOrVar","v":"value"}],"many":["Dni predtým (9:00): ",{"t":"idOrVar","v":"value"}],"one":"1 deň predtým (9:00)","other":["Dni predtým (9:00): ",{"t":"idOrVar","v":"value"}],"two":["Dni predtým (9:00): ",{"t":"idOrVar","v":"value"}],"zero":"0 dní predtým (9:00)"},"$x":[{"t":"idOrVar","v":"plural"},"value"]},{"$i":"weeks-before-hour24","$v":{"few":["Týždňov predtým (9:00): ",{"t":"idOrVar","v":"value"}],"many":["Týždňov predtým (9:00): ",{"t":"idOrVar","v":"value"}],"one":"1 týždeň predtým (9:00)","other":["Týždňov predtým (9:00): ",{"t":"idOrVar","v":"value"}],"two":["Týždňov predtým (9:00): ",{"t":"idOrVar","v":"value"}],"zero":"0 týždňov predtým (9:00)"},"$x":[{"t":"idOrVar","v":"plural"},"value"]},{"$i":"minutes-before","$v":{"few":["Min. predtým: ",{"t":"idOrVar","v":"value"}],"many":["Min. predtým: ",{"t":"idOrVar","v":"value"}],"one":"1 min. predtým","other":["Min. predtým: ",{"t":"idOrVar","v":"value"}],"two":["Min. predtým: ",{"t":"idOrVar","v":"value"}],"zero":"0 minút pred"},"$x":[{"t":"idOrVar","v":"plural"},"value"]},{"$i":"hours-before","$v":{"few":["Hod. predtým: ",{"t":"idOrVar","v":"value"}],"many":["Hod. predtým: ",{"t":"idOrVar","v":"value"}],"one":"1 hod. predtým","other":["Hod. predtým: ",{"t":"idOrVar","v":"value"}],"two":["Hod. predtým: ",{"t":"idOrVar","v":"value"}],"zero":"0 hod. predtým"},"$x":[{"t":"idOrVar","v":"plural"},"value"]},{"$i":"days-before","$v":{"few":["Dni predtým: ",{"t":"idOrVar","v":"value"}],"many":["Dni predtým: ",{"t":"idOrVar","v":"value"}],"one":"1 deň predtým","other":["Dni predtým: ",{"t":"idOrVar","v":"value"}],"two":["Dni predtým: ",{"t":"idOrVar","v":"value"}],"zero":"0 dní predtým"},"$x":[{"t":"idOrVar","v":"plural"},"value"]},{"$i":"weeks-before","$v":{"few":["Týžd. predtým: ",{"t":"idOrVar","v":"value"}],"many":["Týžd. predtým: ",{"t":"idOrVar","v":"value"}],"one":"1 týždeň predtým","other":["Týžd. predtým: ",{"t":"idOrVar","v":"value"}],"two":["Týžd. predtým: ",{"t":"idOrVar","v":"value"}],"zero":"0 týždňov predtým"},"$x":[{"t":"idOrVar","v":"plural"},"value"]},{"$i":"months-before","$v":{"few":["Mes. predtým: ",{"t":"idOrVar","v":"value"}],"many":["Mes. predtým: ",{"t":"idOrVar","v":"value"}],"one":"1 mes. predtým","other":["Mes. predtým: ",{"t":"idOrVar","v":"value"}],"two":["Mes. predtým: ",{"t":"idOrVar","v":"value"}],"zero":"0 mes. predtým"},"$x":[{"t":"idOrVar","v":"plural"},"value"]},{"$i":"years-before","$v":{"few":["Roky predtým: ",{"t":"idOrVar","v":"value"}],"many":["Roky predtým: ",{"t":"idOrVar","v":"value"}],"one":"1 rok predtým","other":["Roky predtým: ",{"t":"idOrVar","v":"value"}],"two":["Roky predtým: ",{"t":"idOrVar","v":"value"}],"zero":"0 rokov pred"},"$x":[{"t":"idOrVar","v":"plural"},"value"]},{"$i":"minutes-after","$v":{"few":["Minúty po: ",{"t":"idOrVar","v":"value"}],"many":["Minúty po: ",{"t":"idOrVar","v":"value"}],"one":"1 min. po","other":["Minúty po: ",{"t":"idOrVar","v":"value"}],"two":["Minúty po: ",{"t":"idOrVar","v":"value"}],"zero":"0 minút po"},"$x":[{"t":"idOrVar","v":"plural"},"value"]},{"$i":"hours-after","$v":{"few":["Hodiny po: ",{"t":"idOrVar","v":"value"}],"many":["Hodiny po: ",{"t":"idOrVar","v":"value"}],"one":"1 hod. po","other":["Hodiny po: ",{"t":"idOrVar","v":"value"}],"two":["Hodiny po: ",{"t":"idOrVar","v":"value"}],"zero":"0 hod. po"},"$x":[{"t":"idOrVar","v":"plural"},"value"]},{"$i":"days-after","$v":{"few":["Dni po: ",{"t":"idOrVar","v":"value"}],"many":["Dni po: ",{"t":"idOrVar","v":"value"}],"one":"1 deň po","other":["Dni po: ",{"t":"idOrVar","v":"value"}],"two":["Dni po: ",{"t":"idOrVar","v":"value"}],"zero":"0 dní po"},"$x":[{"t":"idOrVar","v":"plural"},"value"]},{"$i":"weeks-after","$v":{"few":["Týždne predtým: ",{"t":"idOrVar","v":"value"}],"many":["Týždne predtým: ",{"t":"idOrVar","v":"value"}],"one":"1 týždeň po","other":["Týždne predtým: ",{"t":"idOrVar","v":"value"}],"two":["Týždne predtým: ",{"t":"idOrVar","v":"value"}],"zero":"0 týždňov po"},"$x":[{"t":"idOrVar","v":"plural"},"value"]},{"$i":"months-after","$v":{"few":["Mesiace po: ",{"t":"idOrVar","v":"value"}],"many":["Mesiace po: ",{"t":"idOrVar","v":"value"}],"one":"1 mes. po","other":["Mesiace po: ",{"t":"idOrVar","v":"value"}],"two":["Mesiace po: ",{"t":"idOrVar","v":"value"}],"zero":"0 mes. po"},"$x":[{"t":"idOrVar","v":"plural"},"value"]},{"$i":"years-after","$v":{"few":["Roky po: ",{"t":"idOrVar","v":"value"}],"many":["Roky po: ",{"t":"idOrVar","v":"value"}],"one":"1 rok po","other":["Roky po: ",{"t":"idOrVar","v":"value"}],"two":["Roky po: ",{"t":"idOrVar","v":"value"}],"zero":"0 rokov po"},"$x":[{"t":"idOrVar","v":"plural"},"value"]},{"$i":"event-notice-timeformat","$v":[{"t":"idOrVar","v":"start"}," - ",{"t":"idOrVar","v":"end"}]},{"$i":"tomorrow-event-notice-timeformat","$v":["Zajtra ",{"t":"idOrVar","v":"start"}," – ",{"t":"idOrVar","v":"end"}]},{"$i":"today-all-day-event","$v":"Dnes"},{"$i":"tomorrow-all-day-event","$v":"zajtra"},{"$i":"hour-format12","$v":"%I"},{"$i":"hour-format24","$v":"%H"},{"$i":"week-hour-format12","$v":"%I"},{"$i":"week-hour-format24","$v":"%H"},{"$i":"hour-allday","$v":"Celý deň"},{"$i":"kai-week-day","$v":"%a\\n%e"},{"$i":"current-time12","$v":"%I:%M"},{"$i":"current-time24","$v":"%H:%M"},{"$i":"multi-month-view-header-format","$v":"%B %Y"},{"$i":"day-view-header-format","$v":"%A, %B %e"},{"$i":"months-day-view-header-format","$v":"%A, %B %e"},{"$i":"months-day-view-header-format-small","$v":{"$o":"%a <br/> %b, %e"}},{"$i":"week-view-header-format","$v":["Týždeň ",{"t":"idOrVar","v":"value"},", %B %Y"]},{"$i":"longDateFormat","$v":"%A, %e %B %Y"},{"$i":"longTimeFormat","$v":"%A %B %d"},{"$i":"longTimeFormat12","$v":"%A %B %d %I %p"},{"$i":"longTimeFormat24","$v":"Čas: %A %B %d %H"},{"$i":"weekTimeFormat12","$v":"%I %p"},{"$i":"weekTimeFormat24","$v":"Čas: %H"},{"$i":"weekDayFormat","$v":"%A %d"},{"$i":"alldayLongTimeFormat","$v":"%A %B %d celý deň"},{"$i":"dayHour12","$v":"%I %p"},{"$i":"dayHour24","$v":"Čas: %H"},{"$i":"longDateTime12","$v":"%I %p, %a, %d %b, %Y"},{"$i":"longDateTime24","$v":"%H, %a, %d %b, %Y"},{"$i":"upcoming-events","$v":"Nadchádzajúce udalosti"},{"$i":"search-results","$v":"Výsl. vyhľ."},{"$i":"no-event-found","$v":"Žiadne nájd. udal."},{"$i":"longDateTimeNew12","$v":"%a, %B %e, %Y, %I:%M %p"},{"$i":"longDateTimeNew24","$v":"%a, %B %e, %Y, %H:%M"},{"$i":"longDateTimeNewNoHour12","$v":"%a, %e %B %Y"},{"$i":"longDateTimeNewNoHour24","$v":"%a, %e %B %Y"},{"$i":"error-start-date-after-end-date","$v":"Udalosť nemôže skončiť pred jej dátumom začiatku."},{"$i":"error-start-time-after-end-time","$v":"Udalosť nemôže skončiť pred jej dátumom začiatku."},{"$i":"error-unauthenticated","$v":"Chyb. meno použ. alebo heslo. Skúste znova."},{"$i":"error-internal-server-error","$v":"Chyba servera. Skúste znova."},{"$i":"error-unkown","$v":"Server je nedostupný. Skúste znova neskôr."},{"$i":"error-default","$v":"Stala sa chyba. Skúste znova neskôr."},{"$i":"error-offline","$v":"Žiad. internet. pripojenie."},{"$i":"error-account-exist","$v":"Tento účet už existuje."},{"$i":"error-confirmation-title","$v":"Chyba"},{"$i":"error-edit-online-event","$v":"Udalosť online sa nepodarilo upraviť, pretože nie ste pripojení na internet."},{"$i":"error-delete-online-event","$v":"Nepodarilo sa odstrániť udalosť online z dôvodu neexistencie internetového pripojenia."},{"$i":"error-add-online-event","$v":"Nepodarilo sa pridať online udalosť. Nie ste pripojení k internetu."},{"$i":"error-start-date-before-seleced-day","$v":"Udalosť sa nemôže začať pred aktuálnym dátumom."},{"$i":"notification-error-sync-title","$v":"Chyba synchr. kalendára"},{"$i":"notification-error-sync-description","$v":"Ťukn. pre viac info"},{"$i":"notification-error-caldav-sync-title","$v":"Chyba účtu"},{"$i":"notification-error-caldav-sync-description","$v":"Znova sa prihlásiť"},{"$i":"weekday-0-single-char","$v":"NE","ariaLabel":"Ne"},{"$i":"weekday-1-single-char","$v":"P","ariaLabel":"Pondelok"},{"$i":"weekday-2-single-char","$v":"U","ariaLabel":"Ut"},{"$i":"weekday-3-single-char","$v":"S","ariaLabel":"Str"},{"$i":"weekday-4-single-char","$v":"Š","ariaLabel":"Štv"},{"$i":"weekday-5-single-char","$v":"P","ariaLabel":"Piatok"},{"$i":"weekday-6-single-char","$v":"SO ","ariaLabel":"Sobota"},{"$i":"busy","$v":{"few":["Akcie: ",{"t":"idOrVar","v":"n"}],"many":["Akcie: ",{"t":"idOrVar","v":"n"}],"one":["Akcia: ",{"t":"idOrVar","v":"n"}],"other":["Akcie: ",{"t":"idOrVar","v":"n"}],"two":["Akcie: ",{"t":"idOrVar","v":"n"}],"zero":"Žiadne udal."},"$x":[{"t":"idOrVar","v":"plural"},"n"]},{"$i":"present","ariaLabel":"Dnes"},{"$i":"past-other-month-description","ariaLabel":"Iný mesiac"},{"$i":"future-other-month-description","ariaLabel":"Iný mesiac"},{"$i":"icon-calendar-alarm","ariaLabel":"Má budík"},{"$i":"calendars","ariaLabel":"Kalendáre"},{"$i":"multi-day-new-event-link","ariaLabel":"Pridať udalosť"},{"$i":"title","ariaLabel":"Názov"},{"$i":"location","ariaLabel":"Poloha"},{"$i":"duration","ariaLabel":"Trvanie"},{"$i":"calendar","ariaLabel":"Kalendár"},{"$i":"alarms","ariaLabel":"Alarmy"},{"$i":"description","ariaLabel":"Popis"},{"$i":"start-date","ariaLabel":"Dátum zač."},{"$i":"start-time","ariaLabel":"Čas spustenia"},{"$i":"end-date","ariaLabel":"Dátum konca"},{"$i":"end-time","ariaLabel":"Čas konca"},{"$i":"during-progress-loading","ariaValueText":"Načítava sa"},{"$i":"all-day","ariaLabel":"Celý deň"},{"$i":"create-event","ariaLabel":"Vytvoriť udalosť"},{"$i":"create-all-day-event","ariaLabel":"Vytv. celod. udalosť"},{"$i":"event-one-day-duration","ariaLabel":["od ",{"t":"idOrVar","v":"startTime"}," do ",{"t":"idOrVar","v":"endTime"}]},{"$i":"week-event-one-day-duration","ariaLabel":[{"t":"idOrVar","v":"startDate"}," od ",{"t":"idOrVar","v":"startTime"}," do ",{"t":"idOrVar","v":"endTime"}]},{"$i":"event-multiple-day-duration","ariaLabel":["Od ",{"t":"idOrVar","v":"startTime"}," ",{"t":"idOrVar","v":"startDate"}," do ",{"t":"idOrVar","v":"endTime"}," ",{"t":"idOrVar","v":"endDate"}]},{"$i":"kai-event-added","$v":"Udalosť bola pridaná."},{"$i":"kai-event-updated","$v":"Udalosť bola aktualizovaná."},{"$i":"kai-event-deleted","$v":"Udalosť bola odstránená."},{"$i":"kai-change-save","$v":"Zmeny uložené"},{"$i":"event-sync-failure","$v":"Nie je možné synchronizovať s online kalendárom."},{"$i":"kai-event-calendar","$v":"Kalendár"},{"$i":"kai-single-event","$v":"udalosť"},{"$i":"kai-event-count","$v":"diania"},{"$i":"kai-sync-progress-syncing","$v":"Prebieha synchr."},{"$i":"kai-sync-progress-complete","$v":"Kalendár je aktuálny."},{"$i":"kai-sync-sync-switch-close","$v":"Účet sa nepodarilo synchronizovať, pretože synchronizácia bola vypnutá."},{"$i":"kai-settings-sounds","$v":"Zvuky"},{"$i":"kai-tones","$v":"Tóny"},{"$i":"kai-multi-events","$v":"Diania"},{"$i":"kai-confirmation-title","$v":"Potvrdenie"},{"$i":"kai-delete-selectedEvent-confirmation","$v":"Odstrániť vybranú udalosť?"},{"$i":"kai-deleteEvent-confirmation","$v":"Odstrániť udalosť?"},{"$i":"kai-event-search-header","$v":"Vyhľadať","placeholder":"Vyhľadať"},{"$i":"kai-event-search-upcoming-events","$v":"Nadchádzajúce udalosti"},{"$i":"kai-delete","$v":"Vymazať"},{"$i":"kai-cancel","$v":"Zrušiť"},{"$i":"kai-dialog-delete-sel","$v":"Naozaj chcete odstrániť vybratú udalosť?"},{"$i":"kai-delete-title","$v":"Vymazať udalosť"},{"$i":"kai-save-changes","$v":"Uložiť zmeny?"},{"$i":"kai-save-message-back","$v":"Všetky zadané údaje sa stratia. Chcete uložiť zmeny?"},{"$i":"kai-save-message-close","$v":"Aplikácia bude ukončená stratou údajov. Chcete uložiť zmeny?"},{"$i":"yes","$v":"Áno"},{"$i":"no","$v":"Nie"},{"$i":"confirmation","$v":"Potvrdenie"},{"$i":"ok","$v":"OK"},{"$i":"delete-event","$v":"Odstrániť udalosť?"},{"$i":"edit-event-no-net","$v":"Udalosť online sa nepodarilo upraviť, pretože nie ste pripojení na internet."},{"$i":"kai-settings-header","$v":"Kalendár na zobr."},{"$i":"kai-syncing","$v":"Synchronizácia ..."},{"$i":"kai-syncing-header","$v":"Synchronizácia účtu"},{"$i":"select","$v":"Vybrať"},{"$i":"add-event","$v":"Pridať udalosť"},{"$i":"week-view","$v":"Týždňové zobrazenie"},{"$i":"day-view","$v":"Zobr. dní"},{"$i":"month-view","$v":"Zobraz. mes."},{"$i":"today","$v":"Dnes"},{"$i":"go","$v":"Ísť na dátum"},{"$i":"search","$v":"Vyhľadať"},{"$i":"calendar-to-display","$v":"Kalendár na zobr."},{"$i":"settings","$v":"Nastavenia"},{"$i":"delete","$v":"Vymazať"},{"$i":"enter","$v":"Zadať"},{"$i":"sync-calendar","$v":"Synchr. kalendár"},{"$i":"lunar-calendar","$v":"Lunárny deň"},{"$i":"present-description","$v":["Dnes ",{"t":"idOrVar","v":"date"},". ",{"t":"idOrVar","v":"weekday"}]},{"$i":"day-description","$v":[{"t":"idOrVar","v":"date"},". ",{"t":"idOrVar","v":"weekday"}]},{"$i":"weekday-5","$v":"Piatok"},{"$i":"weekday-4","$v":"Štv"},{"$i":"weekday-3","$v":"Str"},{"$i":"weekday-2","$v":"Ut"},{"$i":"weekday-1","$v":"Pondelok"},{"$i":"weekday-0","$v":"Ne"},{"$i":"weekday-6","$v":"Sobota"},{"$i":"no-title","$v":"Žiadny nadpis"},{"$i":"account-sync-off-tip","$v":"Ak chcete upraviť alebo odstrániť udalosť, zapnite synchronizáciu pre tento účet."},{"$i":"weekday-0-long","$v":"Nedeľa"},{"$i":"weekday-1-long","$v":"Pondelok"},{"$i":"weekday-2-long","$v":"Utorok"},{"$i":"weekday-3-long","$v":"Streda"},{"$i":"weekday-4-long","$v":"Štvrtok"},{"$i":"weekday-5-long","$v":"Piatok"},{"$i":"weekday-6-long","$v":"Sobota"},{"$i":"weekday-0-short","$v":"Ned"},{"$i":"weekday-1-short","$v":"Pon"},{"$i":"weekday-2-short","$v":"Uto"},{"$i":"weekday-3-short","$v":"Str"},{"$i":"weekday-4-short","$v":"Štv"},{"$i":"weekday-5-short","$v":"Pia"},{"$i":"weekday-6-short","$v":"Sob"},{"$i":"month-0-long","$v":"Január"},{"$i":"month-1-long","$v":"Február"},{"$i":"month-2-long","$v":"Marec"},{"$i":"month-3-long","$v":"Apríl"},{"$i":"month-4-long","$v":"Máj"},{"$i":"month-5-long","$v":"Jún"},{"$i":"month-6-long","$v":"Júl"},{"$i":"month-7-long","$v":"August"},{"$i":"month-8-long","$v":"September"},{"$i":"month-9-long","$v":"Október"},{"$i":"month-10-long","$v":"November"},{"$i":"month-11-long","$v":"December"},{"$i":"month-0-genitive","$v":"Január"},{"$i":"month-1-genitive","$v":"Február"},{"$i":"month-2-genitive","$v":"Marec"},{"$i":"month-3-genitive","$v":"Apríl"},{"$i":"month-4-genitive","$v":"Máj"},{"$i":"month-5-genitive","$v":"Jún"},{"$i":"month-6-genitive","$v":"Júl"},{"$i":"month-7-genitive","$v":"August"},{"$i":"month-8-genitive","$v":"September"},{"$i":"month-9-genitive","$v":"Október"},{"$i":"month-10-genitive","$v":"November"},{"$i":"month-11-genitive","$v":"December"},{"$i":"month-0-short","$v":"Jan"},{"$i":"month-1-short","$v":"Feb"},{"$i":"month-2-short","$v":"Mar"},{"$i":"month-3-short","$v":"Apr"},{"$i":"month-4-short","$v":"Máj"},{"$i":"month-5-short","$v":"Jún"},{"$i":"month-6-short","$v":"Júl"},{"$i":"month-7-short","$v":"Aug"},{"$i":"month-8-short","$v":"Sep"},{"$i":"month-9-short","$v":"Okt"},{"$i":"month-10-short","$v":"Nov"},{"$i":"month-11-short","$v":"Dec"},{"$i":"days-ago-long","$v":{"few":["Pred počtom dní: ",{"t":"idOrVar","v":"value"}],"many":["Pred počtom dní: ",{"t":"idOrVar","v":"value"}],"one":"včera","other":["Pred počtom dní: ",{"t":"idOrVar","v":"value"}],"two":["Pred počtom dní: ",{"t":"idOrVar","v":"value"}],"zero":"dnes"},"$x":[{"t":"idOrVar","v":"plural"},"value"]},{"$i":"weeks-ago-long","$v":{"few":["Pred počtom týžd.: ",{"t":"idOrVar","v":"value"}],"many":["Pred počtom týžd.: ",{"t":"idOrVar","v":"value"}],"one":"min. týždeň","other":["Pred počtom týžd.: ",{"t":"idOrVar","v":"value"}],"two":["Pred počtom týžd.: ",{"t":"idOrVar","v":"value"}],"zero":"tento týždeň"},"$x":[{"t":"idOrVar","v":"plural"},"value"]},{"$i":"months-ago-long","$v":{"few":["Pred počtom mes.: ",{"t":"idOrVar","v":"value"}],"many":["Pred počtom mes.: ",{"t":"idOrVar","v":"value"}],"one":"min. mesiac","other":["Pred počtom mes.: ",{"t":"idOrVar","v":"value"}],"two":["Pred počtom mes.: ",{"t":"idOrVar","v":"value"}],"zero":"tento mesiac"},"$x":[{"t":"idOrVar","v":"plural"},"value"]},{"$i":"years-ago-long","$v":{"few":["Pred počtom rokov: ",{"t":"idOrVar","v":"value"}],"many":["Pred počtom rokov: ",{"t":"idOrVar","v":"value"}],"one":"min. rok","other":["Pred počtom rokov: ",{"t":"idOrVar","v":"value"}],"two":["Pred počtom rokov: ",{"t":"idOrVar","v":"value"}],"zero":"tento rok"},"$x":[{"t":"idOrVar","v":"plural"},"value"]},{"$i":"minutes-until-long","$v":{"few":["o ",{"t":"idOrVar","v":"value"}," min"],"many":["o ",{"t":"idOrVar","v":"value"}," min"],"other":["o ",{"t":"idOrVar","v":"value"}," min"],"two":["o ",{"t":"idOrVar","v":"value"}," min"],"zero":"teraz","one":"za 1 minútu"},"$x":[{"t":"idOrVar","v":"plural"},"value"]},{"$i":"hours-until-long","$v":{"few":["o ",{"t":"idOrVar","v":"value"}," hod."],"many":["o ",{"t":"idOrVar","v":"value"}," hod."],"other":["o ",{"t":"idOrVar","v":"value"}," hod."],"two":["o ",{"t":"idOrVar","v":"value"}," hod."],"zero":"teraz","one":"za 1 hodinu"},"$x":[{"t":"idOrVar","v":"plural"},"value"]},{"$i":"days-until-long","$v":{"few":["o ",{"t":"idOrVar","v":"value"}," d."],"many":["o ",{"t":"idOrVar","v":"value"}," d."],"one":"zajtra","other":["o ",{"t":"idOrVar","v":"value"}," d."],"two":["o ",{"t":"idOrVar","v":"value"}," d."],"zero":"dnes"},"$x":[{"t":"idOrVar","v":"plural"},"value"]},{"$i":"weeks-until-long","$v":{"few":["o ",{"t":"idOrVar","v":"value"}," týžd."],"many":["o ",{"t":"idOrVar","v":"value"}," týžd."],"one":"nasl. týždeň","other":["o ",{"t":"idOrVar","v":"value"}," týžd."],"two":["o ",{"t":"idOrVar","v":"value"}," týžd."],"zero":"tento týždeň"},"$x":[{"t":"idOrVar","v":"plural"},"value"]},{"$i":"months-until-long","$v":{"few":["o ",{"t":"idOrVar","v":"value"}," mes."],"many":["o ",{"t":"idOrVar","v":"value"}," mes."],"one":"nasl. mesiac","other":["o ",{"t":"idOrVar","v":"value"}," mes."],"two":["o ",{"t":"idOrVar","v":"value"}," mes."],"zero":"tento mesiac"},"$x":[{"t":"idOrVar","v":"plural"},"value"]},{"$i":"years-until-long","$v":{"few":["o ",{"t":"idOrVar","v":"value"}," rok."],"many":["o ",{"t":"idOrVar","v":"value"}," rok."],"one":"nasl. rok","other":["o ",{"t":"idOrVar","v":"value"}," rok."],"two":["o ",{"t":"idOrVar","v":"value"}," rok."],"zero":"tento rok"},"$x":[{"t":"idOrVar","v":"plural"},"value"]},{"$i":"minutes-ago-short","$v":{"other":["Pred ",{"t":"idOrVar","v":"value"}," m"],"zero":"práve teraz"},"$x":[{"t":"idOrVar","v":"plural"},"value"]},{"$i":"hours-ago-short","$v":{"other":["Pred ",{"t":"idOrVar","v":"value"}," h"],"zero":"práve teraz"},"$x":[{"t":"idOrVar","v":"plural"},"value"]},{"$i":"days-ago-short","$v":{"other":["Pred ",{"t":"idOrVar","v":"value"}," d"],"zero":"dnes"},"$x":[{"t":"idOrVar","v":"plural"},"value"]},{"$i":"minutes-until-short","$v":{"other":["o ",{"t":"idOrVar","v":"value"}," m"],"zero":"teraz"},"$x":[{"t":"idOrVar","v":"plural"},"value"]},{"$i":"hours-until-short","$v":{"other":["o ",{"t":"idOrVar","v":"value"}," h"],"zero":"teraz"},"$x":[{"t":"idOrVar","v":"plural"},"value"]},{"$i":"days-until-short","$v":{"other":["o ",{"t":"idOrVar","v":"value"}," d"],"zero":"dnes"},"$x":[{"t":"idOrVar","v":"plural"},"value"]},{"$i":"incorrectDate","$v":"(nesprávny dátum)"},{"$i":"dateTimeFormat_%c","$v":"%a %b %e %Y %I:%M:%S %p"},{"$i":"dateTimeFormat_%x","$v":"%m/%d/%Y"},{"$i":"dateTimeFormat_%X","$v":"%I:%M:%S %p"},{"$i":"shortTimeFormat","$v":"%I:%M %p"},{"$i":"shortTimeFormat12","$v":"%I:%M %p"},{"$i":"shortTimeFormat24","$v":"%H:%M"},{"$i":"shortDateTimeFormat","$v":"%x %I:%M %p"},{"$i":"weekStartsOnMonday","$v":"0.0"},{"$i":"firstDayOfTheWeek","$v":"1.0"},{"$i":"time_am","$v":"AM"},{"$i":"time_pm","$v":"PM"},{"$i":"softkey-options","$v":"Voľby"}]