[{"$i":"back","$v":"Nazaj"},{"$i":"save","$v":"Shrani"},{"$i":"cancel","$v":"Prekliči"},{"$i":"next","$v":"Naprej"},{"$i":"hide","$v":"Skrij"},{"$i":"confirm","$v":"Potrdi"},{"$i":"done","$v":"Dokončano"},{"$i":"events","$v":"Opomnik za dogodke"},{"$i":"edit","$v":"Uredi"},{"$i":"allday-events","$v":"Opomnik za celodnevne dogodke"},{"$i":"no-events","$v":"Ni dogodkov"},{"$i":"default","$v":"Privzeti"},{"$i":"sync","$v":"Sinhronizacija"},{"$i":"repeat","$v":"Ponovi"},{"$i":"never","$v":"Nikoli"},{"$i":"every-day","$v":"Vsak dan"},{"$i":"every-week","$v":"Vsak teden"},{"$i":"every-2-weeks","$v":"Vsaka 2 tedna"},{"$i":"every-month","$v":"Vsak mesec"},{"$i":"view-never","$v":"Ponovitev: Nikoli"},{"$i":"view-every-day","$v":"Ponovitev: Dnevno"},{"$i":"view-every-week","$v":"Ponovitev: Tedensko"},{"$i":"view-every-2-weeks","$v":"Ponovitev: vsaka dva tedna"},{"$i":"view-every-month","$v":"Ponovitev: Mesečno"},{"$i":"repeat-event-header","$v":"To je ponavljajoči se dogodek."},{"$i":"delete-this-only","$v":"Izbrišite le to"},{"$i":"delete-all","$v":"Izbriši vse"},{"$i":"event-edit-all","$v":"Uredi vse dogodke"},{"$i":"event-edit-all-future","$v":"Uredi vse prihodnje dogodke"},{"$i":"options","$v":"Možnosti"},{"$i":"event-delete-all","$v":"Izbrišite vse dogodke"},{"$i":"event-delete-all-future","$v":"Izbriši vse prihodnje dogodke"},{"$i":"delete-account","$v":"Izbriši račun"},{"$i":"exchange-account","$v":"ActiveSync"},{"$i":"account-user-name","$v":"Uporabniško ime"},{"$i":"incorrect-password-description","$v":"Prijava v strežnik ni uspela. Poskusite znova vnesti geslo."},{"$i":"incorrect-password","$v":"Nepravilno geslo"},{"$i":"account-duplicate","$v":"Račun že obstaja. Sinhroniziranje je vklopljeno."},{"$i":"error-account","$v":"Strežnik ni na voljo. Poskusite znova pozneje."},{"$i":"error-access-denied","$v":"Prišlo je do neznane napake. Poskusite znova pozneje."},{"$i":"error-time-out","$v":["Ni mogoče vzpostaviti povezave s strežnikom »",{"t":"idOrVar","v":"server"},"«. Morda je težava v omrežju."]},{"$i":"caldav-account-exist","$v":"Ta račun že obstaja."},{"$i":"save-password","$v":"Geslo je shranjeno."},{"$i":"account-login","$v":"Prijava v račun"},{"$i":"setting-up-account","$v":"Nastavljanje računa"},{"$i":"setup-account-usedInfo","$v":"Ta račun bodo uporabljale spodnje aplikacije. To lahko spremenite tako, da izberete »Nastavitve« > »Račun«."},{"$i":"app-calendar","$v":"Koledar"},{"$i":"show-today","$v":"Danes"},{"$i":"show-month-view","$v":"Mesec"},{"$i":"show-week-view","$v":"Teden"},{"$i":"show-day-view","$v":"Dan"},{"$i":"settings-show","$v":"Nastavitve"},{"$i":"settings-hide","$v":"Skrij nastavitve"},{"$i":"add-account","$v":"Dodaj račun"},{"$i":"new-event","$v":"Dodaj dogodek"},{"$i":"view-event-header","$v":"Podrobnosti dogodka"},{"$i":"new-event-header","$v":"Dodaj dogodek"},{"$i":"edit-event-header","$v":"Uredi dogodek"},{"$i":"account-header","$v":"Račun"},{"$i":"account-list-header","$v":"Računi"},{"$i":"advanced-settings-short-icon-button","ariaLabel":"Nastavitve"},{"$i":"advanced-settings-header","$v":"Nastavitve koledarja"},{"$i":"advanced-settings-personalization","$v":"Pogostost posodabljanja"},{"$i":"advanced-settings-reminders","$v":"Opomnik"},{"$i":"advanced-settings-add-account","$v":"Dodaj račun"},{"$i":"field-user","$v":"Uporabniško ime"},{"$i":"field-password","$v":"Geslo"},{"$i":"show-password","$v":"Pokaži geslo"},{"$i":"field-full-url","$v":"URL"},{"$i":"modify-account-setting-up","$v":"Poteka nastav. računa. Počakajte."},{"$i":"modify-account-unable-to-sync","$v":"Ni mogoče sinhronizirati"},{"$i":"modify-account-sign-in","$v":"Prijava"},{"$i":"sync-account","$v":"Sinhroniziraj račun"},{"$i":"deselect","$v":"Prekliči izbor"},{"$i":"kai-caldav","$v":"CalDav"},{"$i":"kai-yahoo","$v":"Yahoo!"},{"$i":"kai-google","$v":"Google"},{"$i":"preset-mozilla","$v":"Mozilla Zimbra"},{"$i":"calendar-local","$v":"Koledar telefona"},{"$i":"event-title","$v":"Naziv"},{"$i":"event-location","$v":"Lokacija"},{"$i":"event-description","$v":"Beležke"},{"$i":"event-is-allday","$v":"Celodnevni dogodek"},{"$i":"event-start-date","$v":"Začetni datum"},{"$i":"event-end-date","$v":"Končni datum"},{"$i":"event-start-time","$v":"Začetni čas"},{"$i":"event-end-time","$v":"Končni čas"},{"$i":"event-delete","$v":"Izbriši dogodek"},{"$i":"event-is-deleting","$v":"Brisanje …"},{"$i":"remove-account-data","$v":"Odstrani račun koledarja"},{"$i":"remove-account-dialog","$v":"Odstrani račun"},{"$i":"remove-account-dialog-details","$v":"Če izbrišete ta račun, bo to vplivalo tudi na aplikacije, ki ga uporabljajo."},{"$i":"remove","$v":"Odstrani"},{"$i":"drawer-sync-icon-button","ariaLabel":"Sinhronizacija"},{"$i":"sync-progress-syncing","ariaValueText":"Sinhronizacija"},{"$i":"sync-progress-complete","ariaValueText":"Sinhronizacija je končana"},{"$i":"sync-frequency","$v":"Sinhronizacija koledarja"},{"$i":"sync-frequency-15min","$v":"Vsakih 15 minut"},{"$i":"sync-frequency-30min","$v":"Vsakih 30 minut"},{"$i":"sync-frequency-manual","$v":"Ročno"},{"$i":"from","$v":"Od"},{"$i":"to","$v":"Do"},{"$i":"one-day-duration-title","$v":[{"t":"idOrVar","v":"startDate"}]},{"$i":"one-day-duration-content","$v":["od ",{"t":"idOrVar","v":"startTime"}," do ",{"t":"idOrVar","v":"endTime"}]},{"$i":"multiple-day-duration-title","$v":[{"t":"idOrVar","v":"startTime"}," ",{"t":"idOrVar","v":"startDate"}]},{"$i":"multiple-day-duration-content","$v":[{"t":"idOrVar","v":"endTime"}," ",{"t":"idOrVar","v":"endDate"}]},{"$i":"one-all-day-duration-title","$v":[{"t":"idOrVar","v":"startDate"}]},{"$i":"all-day-duration-content","$v":"Celodnevni dogodek"},{"$i":"multiple-all-day-duration-title","$v":["Od ",{"t":"idOrVar","v":"startDate"}]},{"$i":"multiple-all-day-duration-content","$v":["Do ",{"t":"idOrVar","v":"endDate"}]},{"$i":"none","$v":"Brez"},{"$i":"reminder","$v":"Opomnik"},{"$i":"remind-me","$v":"Opomni me"},{"$i":"alarm-at-event-standard","$v":"Ob času dogodka"},{"$i":"alarm-at-event-allday","$v":"Na dan dogodka"},{"$i":"alarm-at-event-allday-hour12","$v":"Na dan dogodka (9.00 dop.)"},{"$i":"alarm-at-event-allday-hour24","$v":"Na dan dogodka (9.00)"},{"$i":"notice-now","$v":"Začenši zdaj"},{"$i":"notice-5-minutes-before","$v":"Začetek čez 5 minut"},{"$i":"notice-15-minutes-before","$v":"Začetek čez 15 minut"},{"$i":"notice-30-minutes-before","$v":"Začetek čez 30 minut"},{"$i":"notice-1-hour-before","$v":"Začetek čez 1 uro"},{"$i":"notice-2-hours-before","$v":"Začetek čez 2 uri"},{"$i":"notice-1-day-before","$v":"Začetek jutri"},{"$i":"notice-on-day-event-all","$v":"Od danes"},{"$i":"notice-1-day-before-all","$v":"Začetek jutri"},{"$i":"notice-2-day-before-all","$v":"Začetek čez 2 dni"},{"$i":"notice-weeks-before-all","$v":["Začetek dne ",{"t":"idOrVar","v":"startDate"}]},{"$i":"days-ago-yesterday","$v":["Včeraj ",{"t":"idOrVar","v":"timeString"}]},{"$i":"days-ago-today","$v":["Danes ",{"t":"idOrVar","v":"timeString"}]},{"$i":"days-ago-yesterday-single","$v":"Včeraj"},{"$i":"days-ago-today-single","$v":"Danes"},{"$i":"alarm-started-notices","$v":["Začetek ",{"t":"idOrVar","v":"distance"}]},{"$i":"alarm-starting-notices","$v":["Začenjanje ",{"t":"idOrVar","v":"distance"}]},{"$i":"minutes-ago-long","$v":{"few":["pred ",{"t":"idOrVar","v":"value"}," minutami"],"many":["pred ",{"t":"idOrVar","v":"value"}," minutami"],"other":["pred ",{"t":"idOrVar","v":"value"}," minutami"],"two":["pred ",{"t":"idOrVar","v":"value"}," minutama"],"one":"pred minuto","zero":"pravkar"},"$x":[{"t":"idOrVar","v":"plural"},"value"]},{"$i":"hours-ago-long","$v":{"few":["pred ",{"t":"idOrVar","v":"value"}," urami"],"many":["pred ",{"t":"idOrVar","v":"value"}," urami"],"other":["pred ",{"t":"idOrVar","v":"value"}," urami"],"two":["pred ",{"t":"idOrVar","v":"value"}," urama"],"one":"Pred 1 uro","zero":"pravkar"},"$x":[{"t":"idOrVar","v":"plural"},"value"]},{"$i":"alarm-start-notice","$v":[{"t":"idOrVar","v":"title"}," začenjanje ",{"t":"idOrVar","v":"distance"}]},{"$i":"alarm-started-notice","$v":[{"t":"idOrVar","v":"title"}," začeto ",{"t":"idOrVar","v":"distance"}]},{"$i":"alarm-start-notice-two-days","$v":[{"t":"idOrVar","v":"title"}," začenja za dva dni"]},{"$i":"alarm-start-notice-few-days","$v":[{"t":"idOrVar","v":"title"}," začenja za ",{"t":"idOrVar","v":"distance"}]},{"$i":"days-before-hour12","$v":{"few":[{"t":"idOrVar","v":"value"}," dni prej (9.00 dop.)"],"many":[{"t":"idOrVar","v":"value"}," dni prej (9.00 dop.)"],"one":"1 dan prej (9.00 dop.)","other":[{"t":"idOrVar","v":"value"}," dni prej (9.00 dop.)"],"two":[{"t":"idOrVar","v":"value"}," dni prej (9.00 dop.)"],"zero":"0 dni prej (9.00 dop.)"},"$x":[{"t":"idOrVar","v":"plural"},"value"]},{"$i":"weeks-before-hour12","$v":{"few":[{"t":"idOrVar","v":"value"}," tedne prej (9.00 dop.)"],"many":[{"t":"idOrVar","v":"value"}," tednov prej (9.00 dop.)"],"one":"1 teden prej (9.00 dop.)","other":[{"t":"idOrVar","v":"value"}," tednov prej (9.00 dop.)"],"two":[{"t":"idOrVar","v":"value"}," tedna prej (9.00 dop.)"],"zero":"0 tednov prej (9.00 dop.)"},"$x":[{"t":"idOrVar","v":"plural"},"value"]},{"$i":"days-before-hour24","$v":{"few":[{"t":"idOrVar","v":"value"}," dni prej (9.00)"],"many":[{"t":"idOrVar","v":"value"}," dni prej (9.00)"],"one":"1 dan prej (9.00)","other":[{"t":"idOrVar","v":"value"}," dni prej (9.00)"],"two":[{"t":"idOrVar","v":"value"}," dni prej (9.00)"],"zero":"0 dni prej (9.00)"},"$x":[{"t":"idOrVar","v":"plural"},"value"]},{"$i":"weeks-before-hour24","$v":{"few":[{"t":"idOrVar","v":"value"}," tedne prej (9.00)"],"many":[{"t":"idOrVar","v":"value"}," tednov prej (9.00)"],"one":"1 teden prej (9.00)","other":[{"t":"idOrVar","v":"value"}," tednov prej (9.00)"],"two":[{"t":"idOrVar","v":"value"}," tedna prej (9.00)"],"zero":"0 tednov prej (9.00)"},"$x":[{"t":"idOrVar","v":"plural"},"value"]},{"$i":"minutes-before","$v":{"few":[{"t":"idOrVar","v":"value"}," minute pred"],"many":[{"t":"idOrVar","v":"value"}," minut pred"],"one":"1 minuta pred","other":[{"t":"idOrVar","v":"value"}," minut pred"],"two":[{"t":"idOrVar","v":"value"}," minuti pred"],"zero":"0 minut pred"},"$x":[{"t":"idOrVar","v":"plural"},"value"]},{"$i":"hours-before","$v":{"few":[{"t":"idOrVar","v":"value"}," ure pred"],"many":[{"t":"idOrVar","v":"value"}," ur pred"],"one":"1 ura pred","other":[{"t":"idOrVar","v":"value"}," ur pred"],"two":[{"t":"idOrVar","v":"value"}," uri pred"],"zero":"0 ur pred"},"$x":[{"t":"idOrVar","v":"plural"},"value"]},{"$i":"days-before","$v":{"few":[{"t":"idOrVar","v":"value"}," dni pred"],"many":[{"t":"idOrVar","v":"value"}," dni pred"],"one":"1 dan pred","other":[{"t":"idOrVar","v":"value"}," dni pred"],"two":[{"t":"idOrVar","v":"value"}," dneva pred"],"zero":"0 dni pred"},"$x":[{"t":"idOrVar","v":"plural"},"value"]},{"$i":"weeks-before","$v":{"few":[{"t":"idOrVar","v":"value"}," tedne pred"],"many":[{"t":"idOrVar","v":"value"}," tedni pred"],"one":"1 teden pred","other":[{"t":"idOrVar","v":"value"}," tednov pred"],"two":[{"t":"idOrVar","v":"value"}," tedna pred"],"zero":"0 tednov pred"},"$x":[{"t":"idOrVar","v":"plural"},"value"]},{"$i":"months-before","$v":{"few":[{"t":"idOrVar","v":"value"}," mesece pred"],"many":[{"t":"idOrVar","v":"value"}," mesecev pred"],"one":"1 mesec pred","other":[{"t":"idOrVar","v":"value"}," mesecev pred"],"two":[{"t":"idOrVar","v":"value"}," meseca pred"],"zero":"0 mesecev pred"},"$x":[{"t":"idOrVar","v":"plural"},"value"]},{"$i":"years-before","$v":{"few":[{"t":"idOrVar","v":"value"}," leta pred"],"many":[{"t":"idOrVar","v":"value"}," let pred"],"one":"1 leto pred","other":[{"t":"idOrVar","v":"value"}," let pred"],"two":[{"t":"idOrVar","v":"value"}," leti pred"],"zero":"0 let pred"},"$x":[{"t":"idOrVar","v":"plural"},"value"]},{"$i":"minutes-after","$v":{"few":[{"t":"idOrVar","v":"value"}," minut po"],"many":[{"t":"idOrVar","v":"value"}," minut po"],"one":"1 minuta po","other":[{"t":"idOrVar","v":"value"}," minut po"],"two":[{"t":"idOrVar","v":"value"}," minuti po"],"zero":"0 minut po"},"$x":[{"t":"idOrVar","v":"plural"},"value"]},{"$i":"hours-after","$v":{"few":[{"t":"idOrVar","v":"value"}," ure po"],"many":[{"t":"idOrVar","v":"value"}," ur po"],"one":"1 ura po","other":[{"t":"idOrVar","v":"value"}," ur po"],"two":[{"t":"idOrVar","v":"value"}," uri po"],"zero":"0 ur po"},"$x":[{"t":"idOrVar","v":"plural"},"value"]},{"$i":"days-after","$v":{"few":[{"t":"idOrVar","v":"value"}," dni po"],"many":[{"t":"idOrVar","v":"value"}," dni po"],"one":"1 dan po","other":[{"t":"idOrVar","v":"value"}," dni po"],"two":[{"t":"idOrVar","v":"value"}," dneva po"],"zero":"0 dni po"},"$x":[{"t":"idOrVar","v":"plural"},"value"]},{"$i":"weeks-after","$v":{"few":[{"t":"idOrVar","v":"value"}," tedne po"],"many":[{"t":"idOrVar","v":"value"}," tednov po"],"one":"1 teden po","other":[{"t":"idOrVar","v":"value"}," tednov po"],"two":[{"t":"idOrVar","v":"value"}," tedna po"],"zero":"0 tednov po"},"$x":[{"t":"idOrVar","v":"plural"},"value"]},{"$i":"months-after","$v":{"few":[{"t":"idOrVar","v":"value"}," mesece po"],"many":[{"t":"idOrVar","v":"value"}," mesecev po"],"one":"1 mesec po","other":[{"t":"idOrVar","v":"value"}," mesecev po"],"two":[{"t":"idOrVar","v":"value"}," meseca po"],"zero":"0 mesecev po"},"$x":[{"t":"idOrVar","v":"plural"},"value"]},{"$i":"years-after","$v":{"few":[{"t":"idOrVar","v":"value"}," leta po"],"many":[{"t":"idOrVar","v":"value"}," let po"],"one":"1 leto po","other":[{"t":"idOrVar","v":"value"}," let po"],"two":[{"t":"idOrVar","v":"value"}," leti po"],"zero":"0 let po"},"$x":[{"t":"idOrVar","v":"plural"},"value"]},{"$i":"event-notice-timeformat","$v":[{"t":"idOrVar","v":"start"}," - ",{"t":"idOrVar","v":"end"}]},{"$i":"tomorrow-event-notice-timeformat","$v":["Jutri, ",{"t":"idOrVar","v":"start"},"–",{"t":"idOrVar","v":"end"}]},{"$i":"today-all-day-event","$v":"Danes"},{"$i":"tomorrow-all-day-event","$v":"jutri"},{"$i":"hour-format12","$v":"%I"},{"$i":"hour-format24","$v":"%H"},{"$i":"week-hour-format12","$v":"%I"},{"$i":"week-hour-format24","$v":"%H"},{"$i":"hour-allday","$v":"Ves dan"},{"$i":"kai-week-day","$v":"%a\\n%e"},{"$i":"current-time12","$v":"%I:%M"},{"$i":"current-time24","$v":"%H:%M"},{"$i":"multi-month-view-header-format","$v":"%B %Y"},{"$i":"day-view-header-format","$v":"%A, %B %e"},{"$i":"months-day-view-header-format","$v":"%A, %B %e"},{"$i":"months-day-view-header-format-small","$v":{"$o":"%a <br/> %b, %e"}},{"$i":"week-view-header-format","$v":[{"t":"idOrVar","v":"value"},". teden, %B %Y"]},{"$i":"longDateFormat","$v":"%A, %e. %B %Y"},{"$i":"longTimeFormat","$v":"%A %B %d"},{"$i":"longTimeFormat12","$v":"%A %B %d %I %p"},{"$i":"longTimeFormat24","$v":"%A %B %d ob %H"},{"$i":"weekTimeFormat12","$v":"%I %p"},{"$i":"weekTimeFormat24","$v":"ob %H"},{"$i":"weekDayFormat","$v":"%A, %d"},{"$i":"alldayLongTimeFormat","$v":"%A %B %d ves dan"},{"$i":"dayHour12","$v":"%I %p"},{"$i":"dayHour24","$v":"ob %H"},{"$i":"longDateTime12","$v":"%I %p, %a, %d %b, %Y"},{"$i":"longDateTime24","$v":"%H, %a, %d %b, %Y"},{"$i":"upcoming-events","$v":"Prihodnji dogodki"},{"$i":"search-results","$v":"Rezultati iskanja"},{"$i":"no-event-found","$v":"Dogodkov ni bilo mogoče najti"},{"$i":"longDateTimeNew12","$v":"%a, %e. %B %Y, %I:%M %p"},{"$i":"longDateTimeNew24","$v":"%a, %e. %B %Y, %H:%M"},{"$i":"longDateTimeNewNoHour12","$v":"%a, %e. %B %Y"},{"$i":"longDateTimeNewNoHour24","$v":"%a, %e. %B %Y"},{"$i":"error-start-date-after-end-date","$v":"Dogodek se ne more končati pred začetnim datumom."},{"$i":"error-start-time-after-end-time","$v":"Dogodek se ne more končati pred začetnim datumom."},{"$i":"error-unauthenticated","$v":"Napač. upor. ime ali geslo. Poskusite znova."},{"$i":"error-internal-server-error","$v":"Napaka strežnika. Poskusite znova."},{"$i":"error-unkown","$v":"Strežnik ni na voljo. Poskusite znova pozneje."},{"$i":"error-default","$v":"Napaka – poskusite znova."},{"$i":"error-offline","$v":"Ni internetne povezave."},{"$i":"error-account-exist","$v":"Ta račun že obstaja."},{"$i":"error-confirmation-title","$v":"Napaka"},{"$i":"error-edit-online-event","$v":"Urejanje spletnega dogodka ni uspelo, ker ni internetne povezave."},{"$i":"error-delete-online-event","$v":"Spletnega dogodka ni bilo mogoče izbrisati, ker ni bilo internetne povezave."},{"$i":"error-add-online-event","$v":"Spletnega dogodka ni bilo mogoče dodati, ker ni internetne povezave."},{"$i":"error-start-date-before-seleced-day","$v":"Dogodek se ne sme končati pred trenutnim datumom."},{"$i":"notification-error-sync-title","$v":"Napaka pri sinhr. koled."},{"$i":"notification-error-sync-description","$v":"Dotaknite se za več info."},{"$i":"notification-error-caldav-sync-title","$v":"Napaka računa"},{"$i":"notification-error-caldav-sync-description","$v":"Prijavite se znova"},{"$i":"weekday-0-single-char","$v":"N","ariaLabel":"nedelja"},{"$i":"weekday-1-single-char","$v":"P","ariaLabel":"ponedeljek"},{"$i":"weekday-2-single-char","$v":"T","ariaLabel":"torek"},{"$i":"weekday-3-single-char","$v":"S","ariaLabel":"sreda"},{"$i":"weekday-4-single-char","$v":"Č","ariaLabel":"četrtek"},{"$i":"weekday-5-single-char","$v":"P","ariaLabel":"petek"},{"$i":"weekday-6-single-char","$v":"S","ariaLabel":"sobota"},{"$i":"busy","$v":{"few":[{"t":"idOrVar","v":"n"}," dogodki"],"many":[{"t":"idOrVar","v":"n"}," dogodkov"],"one":[{"t":"idOrVar","v":"n"}," dogodek"],"other":[{"t":"idOrVar","v":"n"}," dogodkov"],"two":[{"t":"idOrVar","v":"n"}," dogodka"],"zero":"Ni dogodkov"},"$x":[{"t":"idOrVar","v":"plural"},"n"]},{"$i":"present","ariaLabel":"Danes"},{"$i":"past-other-month-description","ariaLabel":"Drug mesec"},{"$i":"future-other-month-description","ariaLabel":"Drug mesec"},{"$i":"icon-calendar-alarm","ariaLabel":"Ima alarm"},{"$i":"calendars","ariaLabel":"Koledarji"},{"$i":"multi-day-new-event-link","ariaLabel":"Dodaj dogodek"},{"$i":"title","ariaLabel":"Naziv"},{"$i":"location","ariaLabel":"Lokacija"},{"$i":"duration","ariaLabel":"Trajanje"},{"$i":"calendar","ariaLabel":"Koledar"},{"$i":"alarms","ariaLabel":"Alarmi"},{"$i":"description","ariaLabel":"Opis"},{"$i":"start-date","ariaLabel":"Končni datum"},{"$i":"start-time","ariaLabel":"Končni čas"},{"$i":"end-date","ariaLabel":"Datum konca"},{"$i":"end-time","ariaLabel":"Ura konca"},{"$i":"during-progress-loading","ariaValueText":"Nalaganje"},{"$i":"all-day","ariaLabel":"Ves dan"},{"$i":"create-event","ariaLabel":"Ustvari dogodek"},{"$i":"create-all-day-event","ariaLabel":"Ustvari celod. dog."},{"$i":"event-one-day-duration","ariaLabel":["od ",{"t":"idOrVar","v":"startTime"}," do ",{"t":"idOrVar","v":"endTime"}]},{"$i":"week-event-one-day-duration","ariaLabel":[{"t":"idOrVar","v":"startDate"}," od ",{"t":"idOrVar","v":"startTime"}," do ",{"t":"idOrVar","v":"endTime"}]},{"$i":"event-multiple-day-duration","ariaLabel":["Od ",{"t":"idOrVar","v":"startDate"}," ",{"t":"idOrVar","v":"startTime"}," do ",{"t":"idOrVar","v":"endDate"}," ",{"t":"idOrVar","v":"endTime"}]},{"$i":"kai-event-added","$v":"Dogodek je dodan."},{"$i":"kai-event-updated","$v":"Dogodek je posodobljen."},{"$i":"kai-event-deleted","$v":"Dogodek je bil izbrisan"},{"$i":"kai-change-save","$v":"Spremembe so shranjene"},{"$i":"event-sync-failure","$v":"Sinhronizacije s spletnim koledarjem ni mogoče sinhronizirati."},{"$i":"kai-event-calendar","$v":"Koledar"},{"$i":"kai-single-event","$v":"dogodek"},{"$i":"kai-event-count","$v":"dogodki"},{"$i":"kai-sync-progress-syncing","$v":"Sinhronizacija"},{"$i":"kai-sync-progress-complete","$v":"Posodobljen koledar."},{"$i":"kai-sync-sync-switch-close","$v":"Računa ni mogoče sinhronizirati, ker je sinhronizacija izključena."},{"$i":"kai-settings-sounds","$v":"Zvoki"},{"$i":"kai-tones","$v":"Toni"},{"$i":"kai-multi-events","$v":"Dogodki"},{"$i":"kai-confirmation-title","$v":"Potrditev"},{"$i":"kai-delete-selectedEvent-confirmation","$v":"Želite izbrisati izbrani dogodek?"},{"$i":"kai-deleteEvent-confirmation","$v":"Želite izbrisati dogodek?"},{"$i":"kai-event-search-header","$v":"Išči","placeholder":"Išči"},{"$i":"kai-event-search-upcoming-events","$v":"Prihodnji dogodki"},{"$i":"kai-delete","$v":"Brisanje"},{"$i":"kai-cancel","$v":"Prekliči"},{"$i":"kai-dialog-delete-sel","$v":"Ali ste prepričani, da želite izbrisati izbrani dogodek?"},{"$i":"kai-delete-title","$v":"Izbriši dogodek"},{"$i":"kai-save-changes","$v":"Shrani spremembe?"},{"$i":"kai-save-message-back","$v":"Vsi vneseni podatki bodo izgubljeni. Ali želite shraniti spremembe?"},{"$i":"kai-save-message-close","$v":"Aplikacija bo zaprta z izgubo podatkov. Ali želite shraniti spremembe?"},{"$i":"yes","$v":"Da"},{"$i":"no","$v":"Ne"},{"$i":"confirmation","$v":"Potrditev"},{"$i":"ok","$v":"V redu"},{"$i":"delete-event","$v":"Želite izbrisati dogodek?"},{"$i":"edit-event-no-net","$v":"Urejanje spletnega dogodka ni uspelo, ker ni internetne povezave."},{"$i":"kai-settings-header","$v":"Koledar za prikaz"},{"$i":"kai-syncing","$v":"Sinhronizacija ..."},{"$i":"kai-syncing-header","$v":"Sinhronizacija računa"},{"$i":"select","$v":"Izberi"},{"$i":"add-event","$v":"Dodaj dogodek"},{"$i":"week-view","$v":"Tedenski pogled"},{"$i":"day-view","$v":"Dnevni pogled"},{"$i":"month-view","$v":"Mesečni pogled"},{"$i":"today","$v":"Danes"},{"$i":"go","$v":"Pojdi na datum"},{"$i":"search","$v":"Išči"},{"$i":"calendar-to-display","$v":"Koledar za prikaz"},{"$i":"settings","$v":"Nastavitve"},{"$i":"delete","$v":"Brisanje"},{"$i":"enter","$v":"Vnos"},{"$i":"sync-calendar","$v":"Sinhroniziraj koledar"},{"$i":"lunar-calendar","$v":"Lunin dan"},{"$i":"present-description","$v":["Danes, ",{"t":"idOrVar","v":"weekday"},", ",{"t":"idOrVar","v":"date"},"."]},{"$i":"day-description","$v":[{"t":"idOrVar","v":"weekday"},", ",{"t":"idOrVar","v":"date"},"."]},{"$i":"weekday-5","$v":"petek"},{"$i":"weekday-4","$v":"četrtek"},{"$i":"weekday-3","$v":"sreda"},{"$i":"weekday-2","$v":"torek"},{"$i":"weekday-1","$v":"ponedeljek"},{"$i":"weekday-0","$v":"nedelja"},{"$i":"weekday-6","$v":"sobota"},{"$i":"no-title","$v":"Brez naslova"},{"$i":"account-sync-off-tip","$v":"Vklopite sinhronizacijo za ta račun, če želite urediti ali izbrisati dogodek."},{"$i":"weekday-0-long","$v":"Nedelja"},{"$i":"weekday-1-long","$v":"Ponedeljek"},{"$i":"weekday-2-long","$v":"Torek"},{"$i":"weekday-3-long","$v":"Sreda"},{"$i":"weekday-4-long","$v":"Četrtek"},{"$i":"weekday-5-long","$v":"Petek"},{"$i":"weekday-6-long","$v":"Sobota"},{"$i":"weekday-0-short","$v":"ned"},{"$i":"weekday-1-short","$v":"pon"},{"$i":"weekday-2-short","$v":"tor"},{"$i":"weekday-3-short","$v":"sre"},{"$i":"weekday-4-short","$v":"čet"},{"$i":"weekday-5-short","$v":"pet"},{"$i":"weekday-6-short","$v":"sob"},{"$i":"month-0-long","$v":"januar"},{"$i":"month-1-long","$v":"februar"},{"$i":"month-2-long","$v":"marec"},{"$i":"month-3-long","$v":"april"},{"$i":"month-4-long","$v":"maj"},{"$i":"month-5-long","$v":"junij"},{"$i":"month-6-long","$v":"julij"},{"$i":"month-7-long","$v":"avgust"},{"$i":"month-8-long","$v":"september"},{"$i":"month-9-long","$v":"oktober"},{"$i":"month-10-long","$v":"november"},{"$i":"month-11-long","$v":"december"},{"$i":"month-0-genitive","$v":"januar"},{"$i":"month-1-genitive","$v":"februar"},{"$i":"month-2-genitive","$v":"marec"},{"$i":"month-3-genitive","$v":"april"},{"$i":"month-4-genitive","$v":"maj"},{"$i":"month-5-genitive","$v":"junij"},{"$i":"month-6-genitive","$v":"julij"},{"$i":"month-7-genitive","$v":"avgust"},{"$i":"month-8-genitive","$v":"september"},{"$i":"month-9-genitive","$v":"oktober"},{"$i":"month-10-genitive","$v":"november"},{"$i":"month-11-genitive","$v":"december"},{"$i":"month-0-short","$v":"jan"},{"$i":"month-1-short","$v":"feb"},{"$i":"month-2-short","$v":"mar"},{"$i":"month-3-short","$v":"apr"},{"$i":"month-4-short","$v":"maj"},{"$i":"month-5-short","$v":"jun"},{"$i":"month-6-short","$v":"jul"},{"$i":"month-7-short","$v":"avg"},{"$i":"month-8-short","$v":"sep"},{"$i":"month-9-short","$v":"okt"},{"$i":"month-10-short","$v":"nov"},{"$i":"month-11-short","$v":"dec"},{"$i":"days-ago-long","$v":{"few":["pred ",{"t":"idOrVar","v":"value"}," dnevi"],"many":["pred ",{"t":"idOrVar","v":"value"}," dnevi"],"one":"včeraj","other":["pred ",{"t":"idOrVar","v":"value"}," dnevi"],"two":["pred ",{"t":"idOrVar","v":"value"}," dnevoma"],"zero":"danes"},"$x":[{"t":"idOrVar","v":"plural"},"value"]},{"$i":"weeks-ago-long","$v":{"few":["pred ",{"t":"idOrVar","v":"value"}," tedni"],"many":["pred ",{"t":"idOrVar","v":"value"}," tedni"],"one":"prejšnji teden","other":["pred ",{"t":"idOrVar","v":"value"}," tedni"],"two":["pred ",{"t":"idOrVar","v":"value"}," tednoma"],"zero":"ta teden"},"$x":[{"t":"idOrVar","v":"plural"},"value"]},{"$i":"months-ago-long","$v":{"few":["pred ",{"t":"idOrVar","v":"value"}," meseci"],"many":["pred ",{"t":"idOrVar","v":"value"}," meseci"],"one":"prejšnji mesec","other":["pred ",{"t":"idOrVar","v":"value"}," meseci"],"two":["pred ",{"t":"idOrVar","v":"value"}," mesecema"],"zero":"ta mesec"},"$x":[{"t":"idOrVar","v":"plural"},"value"]},{"$i":"years-ago-long","$v":{"few":["pred ",{"t":"idOrVar","v":"value"}," leti"],"many":["pred ",{"t":"idOrVar","v":"value"}," leti"],"one":"prejšnje leto","other":["pred ",{"t":"idOrVar","v":"value"}," leti"],"two":["pred ",{"t":"idOrVar","v":"value"}," letoma"],"zero":"to leto"},"$x":[{"t":"idOrVar","v":"plural"},"value"]},{"$i":"minutes-until-long","$v":{"few":["čez ",{"t":"idOrVar","v":"value"}," minute"],"many":["čez ",{"t":"idOrVar","v":"value"}," minut"],"other":["čez ",{"t":"idOrVar","v":"value"}," minut"],"two":["čez ",{"t":"idOrVar","v":"value"}," minuti"],"zero":"zdaj","one":"v 1 minuti"},"$x":[{"t":"idOrVar","v":"plural"},"value"]},{"$i":"hours-until-long","$v":{"few":["čez ",{"t":"idOrVar","v":"value"}," ure"],"many":["čez ",{"t":"idOrVar","v":"value"}," ur"],"other":["čez ",{"t":"idOrVar","v":"value"}," ur"],"two":["čez ",{"t":"idOrVar","v":"value"}," uri"],"zero":"zdaj","one":"čez 1 uro"},"$x":[{"t":"idOrVar","v":"plural"},"value"]},{"$i":"days-until-long","$v":{"few":["čez ",{"t":"idOrVar","v":"value"}," dni"],"many":["čez ",{"t":"idOrVar","v":"value"}," dni"],"one":"jutri","other":["čez ",{"t":"idOrVar","v":"value"}," dni"],"two":["čez ",{"t":"idOrVar","v":"value"}," dni"],"zero":"danes"},"$x":[{"t":"idOrVar","v":"plural"},"value"]},{"$i":"weeks-until-long","$v":{"few":["čez ",{"t":"idOrVar","v":"value"}," tedne"],"many":["čez ",{"t":"idOrVar","v":"value"}," tednov"],"one":"naslednji teden","other":["čez ",{"t":"idOrVar","v":"value"}," tednov"],"two":["čez ",{"t":"idOrVar","v":"value"}," tedna"],"zero":"ta teden"},"$x":[{"t":"idOrVar","v":"plural"},"value"]},{"$i":"months-until-long","$v":{"few":["čez ",{"t":"idOrVar","v":"value"}," mesece"],"many":["čez ",{"t":"idOrVar","v":"value"}," mesecev"],"one":"naslednji mesec","other":["čez ",{"t":"idOrVar","v":"value"}," mesecev"],"two":["čez ",{"t":"idOrVar","v":"value"}," meseca"],"zero":"ta mesec"},"$x":[{"t":"idOrVar","v":"plural"},"value"]},{"$i":"years-until-long","$v":{"few":["čez ",{"t":"idOrVar","v":"value"}," leta"],"many":["čez ",{"t":"idOrVar","v":"value"}," let"],"one":"naslednje leto","other":["čez ",{"t":"idOrVar","v":"value"}," let"],"two":["čez ",{"t":"idOrVar","v":"value"}," leti"],"zero":"to leto"},"$x":[{"t":"idOrVar","v":"plural"},"value"]},{"$i":"minutes-ago-short","$v":{"other":["Pred ",{"t":"idOrVar","v":"value"}," m"],"zero":"pravkar"},"$x":[{"t":"idOrVar","v":"plural"},"value"]},{"$i":"hours-ago-short","$v":{"other":["pred ",{"t":"idOrVar","v":"value"}," h"],"zero":"pravkar"},"$x":[{"t":"idOrVar","v":"plural"},"value"]},{"$i":"days-ago-short","$v":{"other":["pred ",{"t":"idOrVar","v":"value"}," d"],"zero":"danes"},"$x":[{"t":"idOrVar","v":"plural"},"value"]},{"$i":"minutes-until-short","$v":{"other":["čez ",{"t":"idOrVar","v":"value"}," m"],"zero":"zdaj"},"$x":[{"t":"idOrVar","v":"plural"},"value"]},{"$i":"hours-until-short","$v":{"other":["čez ",{"t":"idOrVar","v":"value"}," h"],"zero":"zdaj"},"$x":[{"t":"idOrVar","v":"plural"},"value"]},{"$i":"days-until-short","$v":{"other":["čez ",{"t":"idOrVar","v":"value"}," d"],"zero":"danes"},"$x":[{"t":"idOrVar","v":"plural"},"value"]},{"$i":"incorrectDate","$v":"(nepravilen datum)"},{"$i":"dateTimeFormat_%c","$v":"%a %b %e %Y %I.%M.%S %p"},{"$i":"dateTimeFormat_%x","$v":"%m/%d/%Y"},{"$i":"dateTimeFormat_%X","$v":"%I:%M:%S %p"},{"$i":"shortTimeFormat","$v":"%I.%M %p"},{"$i":"shortTimeFormat12","$v":"%I.%M %p"},{"$i":"shortTimeFormat24","$v":"%H.%M"},{"$i":"shortDateTimeFormat","$v":"%x %I.%M %p"},{"$i":"weekStartsOnMonday","$v":"0.0"},{"$i":"firstDayOfTheWeek","$v":"1.0"},{"$i":"time_am","$v":"dop."},{"$i":"time_pm","$v":"pop."},{"$i":"softkey-options","$v":"Možnosti"}]