[{"$i":"back","$v":"Geri"},{"$i":"save","$v":"Kaydet"},{"$i":"cancel","$v":"İptal"},{"$i":"next","$v":"Sonraki"},{"$i":"hide","$v":"Gizle"},{"$i":"confirm","$v":"Onayla"},{"$i":"done","$v":"Bitti"},{"$i":"events","$v":"Etkinlik Hatırlatıcı"},{"$i":"edit","$v":"Düzenle"},{"$i":"allday-events","$v":"Tüm Gün Süren Etkinlik Hatırlatıcı"},{"$i":"no-events","$v":"Etkinlik yok"},{"$i":"default","$v":"Varsayılan"},{"$i":"sync","$v":"Senkron"},{"$i":"repeat","$v":"Tekrarla"},{"$i":"never","$v":"Asla"},{"$i":"every-day","$v":"Her gün"},{"$i":"every-week","$v":"Her hafta"},{"$i":"every-2-weeks","$v":"2 haftada bir"},{"$i":"every-month","$v":"Her ay"},{"$i":"view-never","$v":"Tekrarla: Hiç"},{"$i":"view-every-day","$v":"Tekrarla: Her gün"},{"$i":"view-every-week","$v":"Tekrarla: Her hafta"},{"$i":"view-every-2-weeks","$v":"Tekrarla: İki haftada bir"},{"$i":"view-every-month","$v":"Tekrarla: Her ay"},{"$i":"repeat-event-header","$v":"Bu tekrarlanan bir etkinlik."},{"$i":"delete-this-only","$v":"Sadece bunu sil"},{"$i":"delete-all","$v":"Tümünü sil"},{"$i":"event-edit-all","$v":"Tüm etkinlikleri düzenle"},{"$i":"event-edit-all-future","$v":"Tüm gelecek etkinlikleri düzenle"},{"$i":"options","$v":"Seçenekler"},{"$i":"event-delete-all","$v":"Tüm etkinlikleri sil"},{"$i":"event-delete-all-future","$v":"Tüm gelecek etkinlikleri sil"},{"$i":"delete-account","$v":"Hesabı Sil"},{"$i":"exchange-account","$v":"ActiveSync"},{"$i":"account-user-name","$v":"Kullanıcı adı"},{"$i":"incorrect-password-description","$v":"Sunucuya giriş yapılamıyor, lütfen parolanızın doğru olduğundan emin olun."},{"$i":"incorrect-password","$v":"Hatalı Şifre"},{"$i":"account-duplicate","$v":"Hesap zaten mevcut. Senkronizasyon açık."},{"$i":"error-account","$v":"Sunucu kullanılamıyor. Lütfen daha sonra tekrar deneyin."},{"$i":"error-access-denied","$v":"Bilinmeyen bir hata oluştu, lütfen daha sonra tekrar deneyin."},{"$i":"error-time-out","$v":[{"t":"idOrVar","v":"server"}," ile bağlantı kurulamıyor. Ağ ile ilgili bir problem olabilir."]},{"$i":"caldav-account-exist","$v":"Bu hesap zaten mevcut."},{"$i":"save-password","$v":"Parola kaydedildi."},{"$i":"account-login","$v":"Hesapla Giriş"},{"$i":"setting-up-account","$v":"Hesap kurma"},{"$i":"setup-account-usedInfo","$v":"Bu hesap aşağıdaki uygulamalar tarafından kullanılacak. Bunu Ayarlar > Hesap seçeneğinden değiştirebilirsiniz."},{"$i":"app-calendar","$v":"Takvim"},{"$i":"show-today","$v":"Bugün"},{"$i":"show-month-view","$v":"Ay"},{"$i":"show-week-view","$v":"Hafta"},{"$i":"show-day-view","$v":"Gün"},{"$i":"settings-show","$v":"Ayarlar"},{"$i":"settings-hide","$v":"Ayarları saklayın"},{"$i":"add-account","$v":"Bir hesap ekle"},{"$i":"new-event","$v":"Etkinlik ekle"},{"$i":"view-event-header","$v":"Etkinlik Detayları"},{"$i":"new-event-header","$v":"Etkinlik ekle"},{"$i":"edit-event-header","$v":"Etkinliği düzenle"},{"$i":"account-header","$v":"Hesap"},{"$i":"account-list-header","$v":"Hesaplar"},{"$i":"advanced-settings-short-icon-button","ariaLabel":"Ayarlar"},{"$i":"advanced-settings-header","$v":"Takvim ayarları"},{"$i":"advanced-settings-personalization","$v":"Güncelleme sıklığı"},{"$i":"advanced-settings-reminders","$v":"Hatırlatıcı"},{"$i":"advanced-settings-add-account","$v":"Hesap Ekle"},{"$i":"field-user","$v":"Kullanıcı adı"},{"$i":"field-password","$v":"Parola"},{"$i":"show-password","$v":"Şifreyi göster"},{"$i":"field-full-url","$v":"URL"},{"$i":"modify-account-setting-up","$v":"Hesabınız kurulurken lütfen bekleyin"},{"$i":"modify-account-unable-to-sync","$v":"Senkronize edilemedi"},{"$i":"modify-account-sign-in","$v":"Oturum aç"},{"$i":"sync-account","$v":"Hesabı senkronize et"},{"$i":"deselect","$v":"Seçimi kaldır"},{"$i":"kai-caldav","$v":"CalDav"},{"$i":"kai-yahoo","$v":"Yahoo!"},{"$i":"kai-google","$v":"Google"},{"$i":"preset-mozilla","$v":"Mozilla Zimbra"},{"$i":"calendar-local","$v":"Telefon Takvimi"},{"$i":"event-title","$v":"Başlık"},{"$i":"event-location","$v":"Konum"},{"$i":"event-description","$v":"Notlar"},{"$i":"event-is-allday","$v":"Tüm Gün Süren Etkinlik"},{"$i":"event-start-date","$v":"Başlangıç Tarihi"},{"$i":"event-end-date","$v":"Bitiş Tarihi"},{"$i":"event-start-time","$v":"Başlangıç Saati"},{"$i":"event-end-time","$v":"Bitiş Saati"},{"$i":"event-delete","$v":"Etkinliği sil"},{"$i":"event-is-deleting","$v":"Siliniyor..."},{"$i":"remove-account-data","$v":"Hesabı Kaldır"},{"$i":"remove-account-dialog","$v":"Hesabı kaldır"},{"$i":"remove-account-dialog-details","$v":"Bu hesabı silerseniz, bu hesabı kullanan uygulamalar da etkilenir."},{"$i":"remove","$v":"Kaldır"},{"$i":"drawer-sync-icon-button","ariaLabel":"Senkron"},{"$i":"sync-progress-syncing","ariaValueText":"Senkronize ediliyor"},{"$i":"sync-progress-complete","ariaValueText":"Senkronizasyon tamamlandı"},{"$i":"sync-frequency","$v":"Takvimi Senkronize Et"},{"$i":"sync-frequency-15min","$v":"15 dakikada bir"},{"$i":"sync-frequency-30min","$v":"30 dakikada bir"},{"$i":"sync-frequency-manual","$v":"Elle"},{"$i":"from","$v":"Gönderen"},{"$i":"to","$v":"Alıcı"},{"$i":"one-day-duration-title","$v":[{"t":"idOrVar","v":"startDate"}]},{"$i":"one-day-duration-content","$v":[{"t":"idOrVar","v":"startTime"}," ila ",{"t":"idOrVar","v":"endTime"}]},{"$i":"multiple-day-duration-title","$v":[{"t":"idOrVar","v":"startTime"}," ",{"t":"idOrVar","v":"startDate"}]},{"$i":"multiple-day-duration-content","$v":[{"t":"idOrVar","v":"endTime"}," ",{"t":"idOrVar","v":"endDate"}]},{"$i":"one-all-day-duration-title","$v":[{"t":"idOrVar","v":"startDate"}]},{"$i":"all-day-duration-content","$v":"Tüm gün etkinliği"},{"$i":"multiple-all-day-duration-title","$v":[{"t":"idOrVar","v":"startDate"}," tarihinden itibaren"]},{"$i":"multiple-all-day-duration-content","$v":[{"t":"idOrVar","v":"endDate"}," tarihine kadar"]},{"$i":"none","$v":"Hiçbiri"},{"$i":"reminder","$v":"Hatırlatıcı"},{"$i":"remind-me","$v":"Hatırlat"},{"$i":"alarm-at-event-standard","$v":"Etkinlik saatinde"},{"$i":"alarm-at-event-allday","$v":"Etkinlik gününde"},{"$i":"alarm-at-event-allday-hour12","$v":"Etkinlik günü (09.00)"},{"$i":"alarm-at-event-allday-hour24","$v":"Etkinlik günü (09.00)"},{"$i":"notice-now","$v":"Şimdi başlatılıyor"},{"$i":"notice-5-minutes-before","$v":"5 dakika içinde başlatılıyor"},{"$i":"notice-15-minutes-before","$v":"15 dakika içinde başlatılıyor"},{"$i":"notice-30-minutes-before","$v":"30 dakika içinde başlatılıyor"},{"$i":"notice-1-hour-before","$v":"1 saat içinde başlatılıyor"},{"$i":"notice-2-hours-before","$v":"2 saat içinde başlatılıyor"},{"$i":"notice-1-day-before","$v":"Yarın başlatılacak"},{"$i":"notice-on-day-event-all","$v":"Bugün başlatılıyor"},{"$i":"notice-1-day-before-all","$v":"Yarın başlatılacak"},{"$i":"notice-2-day-before-all","$v":"2 gün içinde başlatılıyor"},{"$i":"notice-weeks-before-all","$v":[{"t":"idOrVar","v":"startDate"}," tarihinde başlatılıyor"]},{"$i":"days-ago-yesterday","$v":["Dün ",{"t":"idOrVar","v":"timeString"}]},{"$i":"days-ago-today","$v":["Bugün ",{"t":"idOrVar","v":"timeString"}]},{"$i":"days-ago-yesterday-single","$v":"dün"},{"$i":"days-ago-today-single","$v":"bugün"},{"$i":"alarm-started-notices","$v":[{"t":"idOrVar","v":"distance"}," başlatıldı"]},{"$i":"alarm-starting-notices","$v":[{"t":"idOrVar","v":"distance"}," başlatılıyor"]},{"$i":"minutes-ago-long","$v":{"few":[{"t":"idOrVar","v":"value"}," dakika önce"],"many":[{"t":"idOrVar","v":"value"}," dakika önce"],"other":[{"t":"idOrVar","v":"value"}," dakika önce"],"two":[{"t":"idOrVar","v":"value"}," dakika önce"],"one":"bir dakika önce","zero":"Hemen Şimdi"},"$x":[{"t":"idOrVar","v":"plural"},"value"]},{"$i":"hours-ago-long","$v":{"few":[{"t":"idOrVar","v":"value"}," saat önce"],"many":[{"t":"idOrVar","v":"value"}," saat önce"],"other":[{"t":"idOrVar","v":"value"}," saat önce"],"two":[{"t":"idOrVar","v":"value"}," saat önce"],"one":"bir saat önce","zero":"Hemen Şimdi"},"$x":[{"t":"idOrVar","v":"plural"},"value"]},{"$i":"alarm-start-notice","$v":[{"t":"idOrVar","v":"title"},", ",{"t":"idOrVar","v":"distance"}," mesafede başlıyor"]},{"$i":"alarm-started-notice","$v":[{"t":"idOrVar","v":"title"},", ",{"t":"idOrVar","v":"distance"}," mesafede başladı"]},{"$i":"alarm-start-notice-two-days","$v":[{"t":"idOrVar","v":"title"}," iki gün içinde başlayacak"]},{"$i":"alarm-start-notice-few-days","$v":[{"t":"idOrVar","v":"title"}," ",{"t":"idOrVar","v":"distance"}," içinde başlayacak"]},{"$i":"days-before-hour12","$v":{"few":[{"t":"idOrVar","v":"value"}," Gün Önce (09.00)"],"many":[{"t":"idOrVar","v":"value"}," Gün Önce (09.00)"],"one":"1 Gün Önce (09.00)","other":[{"t":"idOrVar","v":"value"}," Gün Önce (09.00)"],"two":[{"t":"idOrVar","v":"value"}," Gün Önce (09.00)"],"zero":"0 Gün Önce (09.00)"},"$x":[{"t":"idOrVar","v":"plural"},"value"]},{"$i":"weeks-before-hour12","$v":{"few":[{"t":"idOrVar","v":"value"}," Hafta Önce (09.00)"],"many":[{"t":"idOrVar","v":"value"}," Hafta Önce (09.00)"],"one":"1 Hafta Önce (09.00)","other":[{"t":"idOrVar","v":"value"}," Hafta Önce (09.00)"],"two":[{"t":"idOrVar","v":"value"}," Hafta Önce (09.00)"],"zero":"0 Hafta Önce (09.00)"},"$x":[{"t":"idOrVar","v":"plural"},"value"]},{"$i":"days-before-hour24","$v":{"few":[{"t":"idOrVar","v":"value"}," Gün Önce (09.00)"],"many":[{"t":"idOrVar","v":"value"}," Gün Önce (09.00)"],"one":"1 Gün Önce (09.00)","other":[{"t":"idOrVar","v":"value"}," Gün Önce (09.00)"],"two":[{"t":"idOrVar","v":"value"}," Gün Önce (09.00)"],"zero":"0 Gün Önce (09.00)"},"$x":[{"t":"idOrVar","v":"plural"},"value"]},{"$i":"weeks-before-hour24","$v":{"few":[{"t":"idOrVar","v":"value"}," Hafta Önce (09.00)"],"many":[{"t":"idOrVar","v":"value"}," Hafta Önce (09.00)"],"one":"1 Hafta Önce (09.00)","other":[{"t":"idOrVar","v":"value"}," Hafta Önce (09.00)"],"two":[{"t":"idOrVar","v":"value"}," Hafta Önce (09.00)"],"zero":"0 Hafta Önce (09.00)"},"$x":[{"t":"idOrVar","v":"plural"},"value"]},{"$i":"minutes-before","$v":{"few":[{"t":"idOrVar","v":"value"}," Dakika Önce"],"many":[{"t":"idOrVar","v":"value"}," Dakika Önce"],"one":"1 Dakika Önce","other":[{"t":"idOrVar","v":"value"}," Dakika Önce"],"two":[{"t":"idOrVar","v":"value"}," Dakika Önce"],"zero":"0 Dakika Önce"},"$x":[{"t":"idOrVar","v":"plural"},"value"]},{"$i":"hours-before","$v":{"few":[{"t":"idOrVar","v":"value"}," Saat Önce"],"many":[{"t":"idOrVar","v":"value"}," Saat Önce"],"one":"1 saat önce","other":[{"t":"idOrVar","v":"value"}," Saat Önce"],"two":[{"t":"idOrVar","v":"value"}," Saat Önce"],"zero":"0 Saat Önce"},"$x":[{"t":"idOrVar","v":"plural"},"value"]},{"$i":"days-before","$v":{"few":[{"t":"idOrVar","v":"value"}," Gün Önce"],"many":[{"t":"idOrVar","v":"value"}," Gün Önce"],"one":"1 gün önce","other":[{"t":"idOrVar","v":"value"}," Gün Önce"],"two":[{"t":"idOrVar","v":"value"}," Gün Önce"],"zero":"0 Gün Önce"},"$x":[{"t":"idOrVar","v":"plural"},"value"]},{"$i":"weeks-before","$v":{"few":[{"t":"idOrVar","v":"value"}," Hafta Önce"],"many":[{"t":"idOrVar","v":"value"}," Hafta Önce"],"one":"1 Hafta Önce","other":[{"t":"idOrVar","v":"value"}," Hafta Önce"],"two":[{"t":"idOrVar","v":"value"}," Hafta Önce"],"zero":"0 Hafta Önce"},"$x":[{"t":"idOrVar","v":"plural"},"value"]},{"$i":"months-before","$v":{"few":[{"t":"idOrVar","v":"value"}," Ay Önce"],"many":[{"t":"idOrVar","v":"value"}," Ay Önce"],"one":"1 Ay Önce","other":[{"t":"idOrVar","v":"value"}," Ay Önce"],"two":[{"t":"idOrVar","v":"value"}," Ay Önce"],"zero":"0 Ay Önce"},"$x":[{"t":"idOrVar","v":"plural"},"value"]},{"$i":"years-before","$v":{"few":[{"t":"idOrVar","v":"value"}," Yıl Önce"],"many":[{"t":"idOrVar","v":"value"}," Yıl Önce"],"one":"1 Yıl Önce","other":[{"t":"idOrVar","v":"value"}," Yıl Önce"],"two":[{"t":"idOrVar","v":"value"}," Yıl Önce"],"zero":"0 Yıl Önce"},"$x":[{"t":"idOrVar","v":"plural"},"value"]},{"$i":"minutes-after","$v":{"few":[{"t":"idOrVar","v":"value"}," Dakika Sonra"],"many":[{"t":"idOrVar","v":"value"}," Dakika Sonra"],"one":"1 Dakika Sonra","other":[{"t":"idOrVar","v":"value"}," Dakika Sonra"],"two":[{"t":"idOrVar","v":"value"}," Dakika Sonra"],"zero":"0 Dakika Sonra"},"$x":[{"t":"idOrVar","v":"plural"},"value"]},{"$i":"hours-after","$v":{"few":[{"t":"idOrVar","v":"value"}," Saat Sonra"],"many":[{"t":"idOrVar","v":"value"}," Saat Sonra"],"one":"1 saat sonra","other":[{"t":"idOrVar","v":"value"}," Saat Sonra"],"two":[{"t":"idOrVar","v":"value"}," Saat Sonra"],"zero":"0 Saat Sonra"},"$x":[{"t":"idOrVar","v":"plural"},"value"]},{"$i":"days-after","$v":{"few":[{"t":"idOrVar","v":"value"}," Gün Sonra"],"many":[{"t":"idOrVar","v":"value"}," Gün Sonra"],"one":"1 Gün Sonra","other":[{"t":"idOrVar","v":"value"}," Gün Sonra"],"two":[{"t":"idOrVar","v":"value"}," Gün Sonra"],"zero":"0 Gün Sonra"},"$x":[{"t":"idOrVar","v":"plural"},"value"]},{"$i":"weeks-after","$v":{"few":[{"t":"idOrVar","v":"value"}," Hafta Sonra"],"many":[{"t":"idOrVar","v":"value"}," Hafta Sonra"],"one":"1 Hafta Sonra","other":[{"t":"idOrVar","v":"value"}," Hafta Sonra"],"two":[{"t":"idOrVar","v":"value"}," Hafta Sonra"],"zero":"0 Hafta Sonra"},"$x":[{"t":"idOrVar","v":"plural"},"value"]},{"$i":"months-after","$v":{"few":[{"t":"idOrVar","v":"value"}," Ay Sonra"],"many":[{"t":"idOrVar","v":"value"}," Ay Sonra"],"one":"1 Ay Sonra","other":[{"t":"idOrVar","v":"value"}," Ay Sonra"],"two":[{"t":"idOrVar","v":"value"}," Ay Sonra"],"zero":"0 Ay Sonra"},"$x":[{"t":"idOrVar","v":"plural"},"value"]},{"$i":"years-after","$v":{"few":[{"t":"idOrVar","v":"value"}," Yıl Sonra"],"many":[{"t":"idOrVar","v":"value"}," Yıl Sonra"],"one":"1 Yıl Sonra","other":[{"t":"idOrVar","v":"value"}," Yıl Sonra"],"two":[{"t":"idOrVar","v":"value"}," Yıl Sonra"],"zero":"0 Yıl Sonra"},"$x":[{"t":"idOrVar","v":"plural"},"value"]},{"$i":"event-notice-timeformat","$v":[{"t":"idOrVar","v":"start"}," - ",{"t":"idOrVar","v":"end"}]},{"$i":"tomorrow-event-notice-timeformat","$v":["Yarın, ",{"t":"idOrVar","v":"start"}," - ",{"t":"idOrVar","v":"end"}]},{"$i":"today-all-day-event","$v":"Bugün"},{"$i":"tomorrow-all-day-event","$v":"Yarın"},{"$i":"hour-format12","$v":"%I"},{"$i":"hour-format24","$v":"%H"},{"$i":"week-hour-format12","$v":"%I"},{"$i":"week-hour-format24","$v":"%H"},{"$i":"hour-allday","$v":"Tüm Gün"},{"$i":"kai-week-day","$v":"%a\\n%e"},{"$i":"current-time12","$v":"%I:%M"},{"$i":"current-time24","$v":"%H:%M"},{"$i":"multi-month-view-header-format","$v":"%B %Y"},{"$i":"day-view-header-format","$v":"%A, %B %e"},{"$i":"months-day-view-header-format","$v":"%A, %B %e"},{"$i":"months-day-view-header-format-small","$v":{"$o":"%a <br/> %b, %e"}},{"$i":"week-view-header-format","$v":["Hafta ",{"t":"idOrVar","v":"value"},", %B %Y"]},{"$i":"longDateFormat","$v":"%A, %B %e, %Y"},{"$i":"longTimeFormat","$v":"%A %B %d"},{"$i":"longTimeFormat12","$v":"%A %B %d %I %p"},{"$i":"longTimeFormat24","$v":"%A %B %d %H"},{"$i":"weekTimeFormat12","$v":"%I %p"},{"$i":"weekTimeFormat24","$v":"%H"},{"$i":"weekDayFormat","$v":"%A the %d"},{"$i":"alldayLongTimeFormat","$v":"%A %B %d tüm gün"},{"$i":"dayHour12","$v":"%I %p"},{"$i":"dayHour24","$v":"%H"},{"$i":"longDateTime12","$v":"%I %p, %a, %d %b, %Y"},{"$i":"longDateTime24","$v":"%H, %a, %d %b, %Y"},{"$i":"upcoming-events","$v":"Yaklaşan Etkinlikler"},{"$i":"search-results","$v":"Arama Sonuçları"},{"$i":"no-event-found","$v":"Etkinlik bulunamadı"},{"$i":"longDateTimeNew12","$v":"%a, %B %e, %Y, %I:%M %p"},{"$i":"longDateTimeNew24","$v":"%a, %B %e, %Y, %H:%M"},{"$i":"longDateTimeNewNoHour12","$v":"%a, %B %e, %Y"},{"$i":"longDateTimeNewNoHour24","$v":"%a, %B %e, %Y"},{"$i":"error-start-date-after-end-date","$v":"Etkinlik başlama tarihinden önce bitemez."},{"$i":"error-start-time-after-end-time","$v":"Etkinlik başlama zamanından önce bitemez."},{"$i":"error-unauthenticated","$v":"Hatalı kullanıcı adı veya şifre, lütfen tekrar deneyin."},{"$i":"error-internal-server-error","$v":"Sunucu hatası, lütfen yeniden deneyin."},{"$i":"error-unkown","$v":"Sunucu kullanılamıyor. Lütfen daha sonra tekrar deneyin."},{"$i":"error-default","$v":"Bir hata oluştu. Daha sonra tekrar deneyin"},{"$i":"error-offline","$v":"İnternet bağlantısı yok."},{"$i":"error-account-exist","$v":"Bu hesap zaten var."},{"$i":"error-confirmation-title","$v":"Hata"},{"$i":"error-edit-online-event","$v":"İnternet bağlantısı olmadığı için çevrimiçi etkinlik düzenlenemedi."},{"$i":"error-delete-online-event","$v":"İnternet bağlantısı olmadığı için çevrimiçi etkinlik silinemedi."},{"$i":"error-add-online-event","$v":"İnternet bağlantısı olmadığından çevrimiçi etkinlik eklenemedi."},{"$i":"error-start-date-before-seleced-day","$v":"Etkinlik, mevcut tarihten önce başlayamaz."},{"$i":"notification-error-sync-title","$v":"Takvim senkronizasyon hatası"},{"$i":"notification-error-sync-description","$v":"Daha fazla bilgi için dokunun"},{"$i":"notification-error-caldav-sync-title","$v":"Hesap Hatası"},{"$i":"notification-error-caldav-sync-description","$v":"Yeniden oturum açın"},{"$i":"weekday-0-single-char","$v":"P","ariaLabel":"Pazar"},{"$i":"weekday-1-single-char","$v":"P","ariaLabel":"Pazartesi"},{"$i":"weekday-2-single-char","$v":"S","ariaLabel":"Salı"},{"$i":"weekday-3-single-char","$v":"Ç","ariaLabel":"Çarşamba"},{"$i":"weekday-4-single-char","$v":"P","ariaLabel":"Perşembe"},{"$i":"weekday-5-single-char","$v":"C","ariaLabel":"Cuma"},{"$i":"weekday-6-single-char","$v":"C","ariaLabel":"Cumartesi"},{"$i":"busy","$v":{"few":[{"t":"idOrVar","v":"n"}," etkinlik"],"many":[{"t":"idOrVar","v":"n"}," etkinlik"],"one":[{"t":"idOrVar","v":"n"}," etkinlik"],"other":[{"t":"idOrVar","v":"n"}," etkinlik"],"two":[{"t":"idOrVar","v":"n"}," etkinlik"],"zero":"Etkinlik yok"},"$x":[{"t":"idOrVar","v":"plural"},"n"]},{"$i":"present","ariaLabel":"Bugün"},{"$i":"past-other-month-description","ariaLabel":"Başka ay"},{"$i":"future-other-month-description","ariaLabel":"Başka ay"},{"$i":"icon-calendar-alarm","ariaLabel":"Alarm var"},{"$i":"calendars","ariaLabel":"Takvimler"},{"$i":"multi-day-new-event-link","ariaLabel":"Etkinlik ekle"},{"$i":"title","ariaLabel":"Başlık"},{"$i":"location","ariaLabel":"Konum"},{"$i":"duration","ariaLabel":"Süre"},{"$i":"calendar","ariaLabel":"Takvim"},{"$i":"alarms","ariaLabel":"Alarmlar"},{"$i":"description","ariaLabel":"Açıklama"},{"$i":"start-date","ariaLabel":"Başlangıç tarihi"},{"$i":"start-time","ariaLabel":"Başlangıç saati"},{"$i":"end-date","ariaLabel":"Bitiş tarihi"},{"$i":"end-time","ariaLabel":"Bitiş saati"},{"$i":"during-progress-loading","ariaValueText":"Yükleniyor"},{"$i":"all-day","ariaLabel":"Tüm gün"},{"$i":"create-event","ariaLabel":"Etkinlik oluştur"},{"$i":"create-all-day-event","ariaLabel":"Tüm gün süren etkinlik oluştur"},{"$i":"event-one-day-duration","ariaLabel":[{"t":"idOrVar","v":"startTime"}," – ",{"t":"idOrVar","v":"endTime"}]},{"$i":"week-event-one-day-duration","ariaLabel":[{"t":"idOrVar","v":"startDate"},", ",{"t":"idOrVar","v":"startTime"}," – ",{"t":"idOrVar","v":"endTime"}]},{"$i":"event-multiple-day-duration","ariaLabel":[{"t":"idOrVar","v":"startTime"}," ",{"t":"idOrVar","v":"startDate"}," – ",{"t":"idOrVar","v":"endTime"}," ",{"t":"idOrVar","v":"endDate"}]},{"$i":"kai-event-added","$v":"Etkinlik eklendi."},{"$i":"kai-event-updated","$v":"Etkinlik güncellendi."},{"$i":"kai-event-deleted","$v":"Etkinlik silindi."},{"$i":"kai-change-save","$v":"Değişiklikler kaydedildi"},{"$i":"event-sync-failure","$v":"Çevrimiçi takvim ile senkronize edilemiyor."},{"$i":"kai-event-calendar","$v":"Takvim"},{"$i":"kai-single-event","$v":"etkinlik"},{"$i":"kai-event-count","$v":"etkinlik"},{"$i":"kai-sync-progress-syncing","$v":"Senkronize ediliyor"},{"$i":"kai-sync-progress-complete","$v":"Takvim güncel."},{"$i":"kai-sync-sync-switch-close","$v":"Senkronizasyon kapalı olduğu için hesap senkronize edilemiyor."},{"$i":"kai-settings-sounds","$v":"Sesler"},{"$i":"kai-tones","$v":"Ziller"},{"$i":"kai-multi-events","$v":"Etkinlikler"},{"$i":"kai-confirmation-title","$v":"Onay"},{"$i":"kai-delete-selectedEvent-confirmation","$v":"Seçilen etkinlik silinsin mi?"},{"$i":"kai-deleteEvent-confirmation","$v":"Etkinliği sil?"},{"$i":"kai-event-search-header","$v":"Arama","placeholder":"Arama"},{"$i":"kai-event-search-upcoming-events","$v":"Yaklaşan Etkinlikler"},{"$i":"kai-delete","$v":"Sil"},{"$i":"kai-cancel","$v":"İptal"},{"$i":"kai-dialog-delete-sel","$v":"Seçilen etkinliği silmek istediğinizden emin misiniz?"},{"$i":"kai-delete-title","$v":"Etkinliği sil"},{"$i":"kai-save-changes","$v":"Değişiklikleri kaydet?"},{"$i":"kai-save-message-back","$v":"Girilen tüm veriler kaybedilecek. Yapılan değişiklikleri kaydetmek ister misiniz?"},{"$i":"kai-save-message-close","$v":"Uygulama veri kaybıyla kapanacak. Değişiklikleri kaydetmek ister misiniz?"},{"$i":"yes","$v":"Evet"},{"$i":"no","$v":"Hayır"},{"$i":"confirmation","$v":"Onay"},{"$i":"ok","$v":"Tamam"},{"$i":"delete-event","$v":"Etkinliği sil?"},{"$i":"edit-event-no-net","$v":"İnternet bağlantısı olmadığı için çevrimiçi etkinlik düzenlenemedi."},{"$i":"kai-settings-header","$v":"Görüntülenecek Takvim"},{"$i":"kai-syncing","$v":"Senkronize ediliyor..."},{"$i":"kai-syncing-header","$v":"Hesap Senkronizasyonu"},{"$i":"select","$v":"Seç"},{"$i":"add-event","$v":"Ekle"},{"$i":"week-view","$v":"Hafta Görünümü"},{"$i":"day-view","$v":"Gün Görünümü"},{"$i":"month-view","$v":"Ay Görünümü"},{"$i":"today","$v":"Bugün"},{"$i":"go","$v":"Tarihe git"},{"$i":"search","$v":"Arama"},{"$i":"calendar-to-display","$v":"Görüntülenecek Takvim"},{"$i":"settings","$v":"Ayarlar"},{"$i":"delete","$v":"Sil"},{"$i":"enter","$v":"Gir"},{"$i":"sync-calendar","$v":"Takvimi senkronize et"},{"$i":"lunar-calendar","$v":"Ay günü"},{"$i":"present-description","$v":["Bugün ",{"t":"idOrVar","v":"date"},". ",{"t":"idOrVar","v":"weekday"}]},{"$i":"day-description","$v":[{"t":"idOrVar","v":"date"},". ",{"t":"idOrVar","v":"weekday"}]},{"$i":"weekday-5","$v":"Cuma"},{"$i":"weekday-4","$v":"Perşembe"},{"$i":"weekday-3","$v":"Çarşamba"},{"$i":"weekday-2","$v":"Salı"},{"$i":"weekday-1","$v":"Pazartesi"},{"$i":"weekday-0","$v":"Pazar"},{"$i":"weekday-6","$v":"Cumartesi"},{"$i":"no-title","$v":"Başlık yok"},{"$i":"account-sync-off-tip","$v":"Etkinliği düzenlemek veya silmek için bu hesapta senkronizasyonu etkinleştirin."},{"$i":"weekday-0-long","$v":"Pazar"},{"$i":"weekday-1-long","$v":"Pazartesi"},{"$i":"weekday-2-long","$v":"Salı"},{"$i":"weekday-3-long","$v":"Çarşamba"},{"$i":"weekday-4-long","$v":"Perşembe"},{"$i":"weekday-5-long","$v":"Cuma"},{"$i":"weekday-6-long","$v":"Cumartesi"},{"$i":"weekday-0-short","$v":"Paz"},{"$i":"weekday-1-short","$v":"Pzt"},{"$i":"weekday-2-short","$v":"Sal"},{"$i":"weekday-3-short","$v":"Çrş"},{"$i":"weekday-4-short","$v":"Per"},{"$i":"weekday-5-short","$v":"Cum"},{"$i":"weekday-6-short","$v":"Cmt"},{"$i":"month-0-long","$v":"Ocak"},{"$i":"month-1-long","$v":"Şubat"},{"$i":"month-2-long","$v":"Mart"},{"$i":"month-3-long","$v":"Nisan"},{"$i":"month-4-long","$v":"Mayıs"},{"$i":"month-5-long","$v":"Haziran"},{"$i":"month-6-long","$v":"Temmuz"},{"$i":"month-7-long","$v":"Ağustos"},{"$i":"month-8-long","$v":"Eylül"},{"$i":"month-9-long","$v":"Ekim"},{"$i":"month-10-long","$v":"Kasım"},{"$i":"month-11-long","$v":"Aralık"},{"$i":"month-0-genitive","$v":"Ocak"},{"$i":"month-1-genitive","$v":"Şubat"},{"$i":"month-2-genitive","$v":"Mart"},{"$i":"month-3-genitive","$v":"Nisan"},{"$i":"month-4-genitive","$v":"Mayıs"},{"$i":"month-5-genitive","$v":"Haziran"},{"$i":"month-6-genitive","$v":"Temmuz"},{"$i":"month-7-genitive","$v":"Ağustos"},{"$i":"month-8-genitive","$v":"Eylül"},{"$i":"month-9-genitive","$v":"Ekim"},{"$i":"month-10-genitive","$v":"Kasım"},{"$i":"month-11-genitive","$v":"Aralık"},{"$i":"month-0-short","$v":"Oca"},{"$i":"month-1-short","$v":"Şub"},{"$i":"month-2-short","$v":"Mar"},{"$i":"month-3-short","$v":"Nis"},{"$i":"month-4-short","$v":"Mayıs"},{"$i":"month-5-short","$v":"Haz"},{"$i":"month-6-short","$v":"Tem"},{"$i":"month-7-short","$v":"Ağu"},{"$i":"month-8-short","$v":"Eyl"},{"$i":"month-9-short","$v":"Eki"},{"$i":"month-10-short","$v":"Kas"},{"$i":"month-11-short","$v":"Ara"},{"$i":"days-ago-long","$v":{"few":[{"t":"idOrVar","v":"value"}," gün önce"],"many":[{"t":"idOrVar","v":"value"}," gün önce"],"one":"dün","other":[{"t":"idOrVar","v":"value"}," gün önce"],"two":[{"t":"idOrVar","v":"value"}," gün önce"],"zero":"bugün"},"$x":[{"t":"idOrVar","v":"plural"},"value"]},{"$i":"weeks-ago-long","$v":{"few":[{"t":"idOrVar","v":"value"}," hafta önce"],"many":[{"t":"idOrVar","v":"value"}," hafta önce"],"one":"geçen hafta","other":[{"t":"idOrVar","v":"value"}," hafta önce"],"two":[{"t":"idOrVar","v":"value"}," hafta önce"],"zero":"bu hafta"},"$x":[{"t":"idOrVar","v":"plural"},"value"]},{"$i":"months-ago-long","$v":{"few":[{"t":"idOrVar","v":"value"}," ay önce"],"many":[{"t":"idOrVar","v":"value"}," ay önce"],"one":"geçen ay","other":[{"t":"idOrVar","v":"value"}," ay önce"],"two":[{"t":"idOrVar","v":"value"}," ay önce"],"zero":"bu ay"},"$x":[{"t":"idOrVar","v":"plural"},"value"]},{"$i":"years-ago-long","$v":{"few":[{"t":"idOrVar","v":"value"}," yıl önce"],"many":[{"t":"idOrVar","v":"value"}," yıl önce"],"one":"geçen yıl","other":[{"t":"idOrVar","v":"value"}," yıl önce"],"two":[{"t":"idOrVar","v":"value"}," yıl önce"],"zero":"bu yıl"},"$x":[{"t":"idOrVar","v":"plural"},"value"]},{"$i":"minutes-until-long","$v":{"few":[{"t":"idOrVar","v":"value"}," dakika içinde"],"many":[{"t":"idOrVar","v":"value"}," dakika içinde"],"other":[{"t":"idOrVar","v":"value"}," dakika içinde"],"two":[{"t":"idOrVar","v":"value"}," dakika içinde"],"zero":"şimdi","one":"bir dakika içinde"},"$x":[{"t":"idOrVar","v":"plural"},"value"]},{"$i":"hours-until-long","$v":{"few":[{"t":"idOrVar","v":"value"}," saat içinde"],"many":[{"t":"idOrVar","v":"value"}," saat içinde"],"other":[{"t":"idOrVar","v":"value"}," saat içinde"],"two":[{"t":"idOrVar","v":"value"}," saat içinde"],"zero":"şimdi","one":"bir saat içinde"},"$x":[{"t":"idOrVar","v":"plural"},"value"]},{"$i":"days-until-long","$v":{"few":[{"t":"idOrVar","v":"value"}," gün içinde"],"many":[{"t":"idOrVar","v":"value"}," gün içinde"],"one":"yarın","other":[{"t":"idOrVar","v":"value"}," gün içinde"],"two":[{"t":"idOrVar","v":"value"}," gün içinde"],"zero":"bugün"},"$x":[{"t":"idOrVar","v":"plural"},"value"]},{"$i":"weeks-until-long","$v":{"few":[{"t":"idOrVar","v":"value"}," hafta içinde"],"many":[{"t":"idOrVar","v":"value"}," hafta içinde"],"one":"gelecek hafta","other":[{"t":"idOrVar","v":"value"}," hafta içinde"],"two":[{"t":"idOrVar","v":"value"}," hafta içinde"],"zero":"bu hafta"},"$x":[{"t":"idOrVar","v":"plural"},"value"]},{"$i":"months-until-long","$v":{"few":[{"t":"idOrVar","v":"value"}," ay içinde"],"many":[{"t":"idOrVar","v":"value"}," ay içinde"],"one":"gelecek ay","other":[{"t":"idOrVar","v":"value"}," ay içinde"],"two":[{"t":"idOrVar","v":"value"}," ay içinde"],"zero":"bu ay"},"$x":[{"t":"idOrVar","v":"plural"},"value"]},{"$i":"years-until-long","$v":{"few":[{"t":"idOrVar","v":"value"}," yıl içinde"],"many":[{"t":"idOrVar","v":"value"}," yıl içinde"],"one":"gelecek yıl","other":[{"t":"idOrVar","v":"value"}," yıl içinde"],"two":[{"t":"idOrVar","v":"value"}," yıl içinde"],"zero":"bu yıl"},"$x":[{"t":"idOrVar","v":"plural"},"value"]},{"$i":"minutes-ago-short","$v":{"other":[{"t":"idOrVar","v":"value"},"d önce"],"zero":"Hemen Şimdi"},"$x":[{"t":"idOrVar","v":"plural"},"value"]},{"$i":"hours-ago-short","$v":{"other":[{"t":"idOrVar","v":"value"},"s önce"],"zero":"Hemen Şimdi"},"$x":[{"t":"idOrVar","v":"plural"},"value"]},{"$i":"days-ago-short","$v":{"other":[{"t":"idOrVar","v":"value"},"g önce"],"zero":"bugün"},"$x":[{"t":"idOrVar","v":"plural"},"value"]},{"$i":"minutes-until-short","$v":{"other":[{"t":"idOrVar","v":"value"},"d içinde"],"zero":"şimdi"},"$x":[{"t":"idOrVar","v":"plural"},"value"]},{"$i":"hours-until-short","$v":{"other":[{"t":"idOrVar","v":"value"},"s içinde"],"zero":"şimdi"},"$x":[{"t":"idOrVar","v":"plural"},"value"]},{"$i":"days-until-short","$v":{"other":[{"t":"idOrVar","v":"value"},"g içinde"],"zero":"bugün"},"$x":[{"t":"idOrVar","v":"plural"},"value"]},{"$i":"incorrectDate","$v":"(hatalı tarih)"},{"$i":"dateTimeFormat_%c","$v":"%a %b %e %Y %I:%M:%S %p"},{"$i":"dateTimeFormat_%x","$v":"%d/%m/%Y"},{"$i":"dateTimeFormat_%X","$v":"%I:%M:%S %p"},{"$i":"shortTimeFormat","$v":"%I:%M %p"},{"$i":"shortTimeFormat12","$v":"%I:%M %p"},{"$i":"shortTimeFormat24","$v":"%H:%M"},{"$i":"shortDateTimeFormat","$v":"%x %I:%M %p"},{"$i":"weekStartsOnMonday","$v":"0.0"},{"$i":"firstDayOfTheWeek","$v":"1.0"},{"$i":"time_am","$v":"AM"},{"$i":"time_pm","$v":"PM"},{"$i":"softkey-options","$v":"Seçenekler"}]