[{"$i":"back","$v":"واپس جائیں"},{"$i":"save","$v":"محفوظ کریں"},{"$i":"cancel","$v":"منسوخ کریں"},{"$i":"next","$v":"اگلا"},{"$i":"hide","$v":"چھپائیں"},{"$i":"confirm","$v":"توثیق کریں"},{"$i":"done","$v":"ہو گیا"},{"$i":"events","$v":"تقریب کی یاددہانی"},{"$i":"edit","$v":"ترمیم کریں"},{"$i":"allday-events","$v":"تمام دن کے تقریب کی یاددہانی"},{"$i":"no-events","$v":"کوئی تقریب نہیں"},{"$i":"default","$v":"ٖڈیفالٹ"},{"$i":"sync","$v":"مطابقت پذیری کریں"},{"$i":"repeat","$v":"دہرائیں"},{"$i":"never","$v":"کبھی نہیں"},{"$i":"every-day","$v":"ہر دن"},{"$i":"every-week","$v":"ہر ہفتے"},{"$i":"every-2-weeks","$v":"ہر 2 ہفتے"},{"$i":"every-month","$v":"ہر مہینے"},{"$i":"view-never","$v":"دہرائے: کبھی نہیں"},{"$i":"view-every-day","$v":"دہرائے: روزانہ"},{"$i":"view-every-week","$v":"دہرائے: ہفتہ وار"},{"$i":"view-every-2-weeks","$v":"دہرائے: ہر دو ہفتے"},{"$i":"view-every-month","$v":"دہرائے: ماہانہ"},{"$i":"repeat-event-header","$v":"یہ ایک دہرایا ہوا ایونٹ ہے۔"},{"$i":"delete-this-only","$v":"صرف یہ حذف کریں"},{"$i":"delete-all","$v":"تمام حذف کریں"},{"$i":"event-edit-all","$v":"تمام ایونٹس ترمیم کریں"},{"$i":"event-edit-all-future","$v":"تمام مستقبل کے ایونٹس ترمیم کریں"},{"$i":"options","$v":"اختیارات"},{"$i":"event-delete-all","$v":"تمام ایونٹس حذف کریں"},{"$i":"event-delete-all-future","$v":"تمام مستقبل کے ایونٹس حذف کریں"},{"$i":"delete-account","$v":"اکاؤنٹ حذف کریں"},{"$i":"exchange-account","$v":"ActiveSync"},{"$i":"account-user-name","$v":"صارف نام"},{"$i":"incorrect-password-description","$v":"سرور میں سائن ان کرنے سے قاصر ہے، براہ کرم یقینی بنائیں کہ آپ کا پاس ورڈ درست ہے۔"},{"$i":"incorrect-password","$v":"غلط پاس ورڈ"},{"$i":"account-duplicate","$v":"اکاؤنٹ پہلے ہی موجود ہے۔ سنسنگ آن کی گئے ہے۔"},{"$i":"error-account","$v":"سرور دستیاب نہیں ہے۔ براہ کرم بعد ازاں دوبارہ کوشش کریں۔"},{"$i":"error-access-denied","$v":"ایک انجان خرابی آ گئی، براہ کرم بعد میں دوبارہ کوشش کریں۔"},{"$i":"error-time-out","$v":[{"t":"idOrVar","v":"server"},"\" سے کنکشن بنانے میں ناکام۔ یہاں نیٹ ورک میں ایک مشکلات ہو سکتی ہے۔"]},{"$i":"caldav-account-exist","$v":"اکاؤنٹ پہلے ہی موجود ہے۔"},{"$i":"save-password","$v":"پاس ورڈ محفوظ کیا گیا۔"},{"$i":"account-login","$v":"اکاؤنٹ لاگ ان"},{"$i":"setting-up-account","$v":"اکاؤنٹ ترتیب دے رہا ہے"},{"$i":"setup-account-usedInfo","$v":"یہ اکاؤنٹ مندرجہ ذیل اپلی کیشنز کے لئے استعمال کیا جائے گا۔ آپ یہ سیٹنگز>اکاؤنٹ میں تبدیل کر سکتے ہے۔"},{"$i":"app-calendar","$v":"کیلنڈر"},{"$i":"show-today","$v":"آج"},{"$i":"show-month-view","$v":"مہینہ"},{"$i":"show-week-view","$v":"ہفتہ"},{"$i":"show-day-view","$v":"دن"},{"$i":"settings-show","$v":"ترتیبات"},{"$i":"settings-hide","$v":"سیٹنگز چھپائیں"},{"$i":"add-account","$v":"ایک اکاؤنٹ شامل کریں"},{"$i":"new-event","$v":"تقریب شامل کریں"},{"$i":"view-event-header","$v":"تقریب کی تفصیلات"},{"$i":"new-event-header","$v":"تقریب شامل کریں"},{"$i":"edit-event-header","$v":"تقریب کی تدوین کریں"},{"$i":"account-header","$v":"اکاؤنٹ"},{"$i":"account-list-header","$v":"اکاؤنٹس"},{"$i":"advanced-settings-short-icon-button","ariaLabel":"ترتیبات"},{"$i":"advanced-settings-header","$v":"کیلنڈر سیٹنگز"},{"$i":"advanced-settings-personalization","$v":"فریکوئینسی اپ ڈیٹ کریں"},{"$i":"advanced-settings-reminders","$v":"یاددہانی"},{"$i":"advanced-settings-add-account","$v":"اکاؤںٹ شامل کریں"},{"$i":"field-user","$v":"صارف نام"},{"$i":"field-password","$v":"پاس ورڈ"},{"$i":"show-password","$v":"پاس ورڈ دکھائیں"},{"$i":"field-full-url","$v":"URL"},{"$i":"modify-account-setting-up","$v":"براہ کرم اپنے اکاؤںٹ سیٹ اپ ہونے تک انتظار کریں"},{"$i":"modify-account-unable-to-sync","$v":"سنک کرنے سے قاصر"},{"$i":"modify-account-sign-in","$v":"سائن ان کریں"},{"$i":"sync-account","$v":"اکاؤنٹ سنک کریں"},{"$i":"deselect","$v":"غیر منتخب کریں"},{"$i":"kai-caldav","$v":"CalDav"},{"$i":"kai-yahoo","$v":"یاہو!"},{"$i":"kai-google","$v":"گوگل"},{"$i":"preset-mozilla","$v":"موزیلا زمبرا"},{"$i":"calendar-local","$v":"فون کیلنڈر"},{"$i":"event-title","$v":"عنوان"},{"$i":"event-location","$v":"مقام"},{"$i":"event-description","$v":"نوٹس"},{"$i":"event-is-allday","$v":"تمام دن کی تقریب"},{"$i":"event-start-date","$v":"تاریخ آغاز"},{"$i":"event-end-date","$v":"تاریخ اختتام"},{"$i":"event-start-time","$v":"وقت آغاز"},{"$i":"event-end-time","$v":"وقت اختتام"},{"$i":"event-delete","$v":"تقریب حذف کریں"},{"$i":"event-is-deleting","$v":"حذف ہو رہا ہے..."},{"$i":"remove-account-data","$v":"اکاؤنٹ نکالیں"},{"$i":"remove-account-dialog","$v":"اکاؤنٹ ہٹائیں"},{"$i":"remove-account-dialog-details","$v":"اگر آپ یہ اکاؤنٹ حذف کریں گے، اپلی کیشنز جو اس اکاؤنٹ کا استعمال کرتے ہے متاثر ہوگی۔"},{"$i":"remove","$v":"ہٹائیں"},{"$i":"drawer-sync-icon-button","ariaLabel":"مطابقت پذیری کریں"},{"$i":"sync-progress-syncing","ariaValueText":"سنک کرنا"},{"$i":"sync-progress-complete","ariaValueText":"سنک کرنا مکمل"},{"$i":"sync-frequency","$v":"کیلنڈر سنک کریں"},{"$i":"sync-frequency-15min","$v":"ہر 15 منٹس"},{"$i":"sync-frequency-30min","$v":"ہر 30 منٹس"},{"$i":"sync-frequency-manual","$v":"دستی طور پر"},{"$i":"from","$v":"سے"},{"$i":"to","$v":"بنام"},{"$i":"one-day-duration-title","$v":[{"t":"idOrVar","v":"startDate"}]},{"$i":"one-day-duration-content","$v":[{"t":"idOrVar","v":"startTime"}," سے ",{"t":"idOrVar","v":"endTime"}," تک"]},{"$i":"multiple-day-duration-title","$v":[{"t":"idOrVar","v":"startTime"}," ",{"t":"idOrVar","v":"startDate"}]},{"$i":"multiple-day-duration-content","$v":[{"t":"idOrVar","v":"endTime"}," ",{"t":"idOrVar","v":"endDate"}]},{"$i":"one-all-day-duration-title","$v":[{"t":"idOrVar","v":"startDate"}]},{"$i":"all-day-duration-content","$v":"تمام دن کی تقریب"},{"$i":"multiple-all-day-duration-title","$v":["منجانب ",{"t":"idOrVar","v":"startDate"}]},{"$i":"multiple-all-day-duration-content","$v":[{"t":"idOrVar","v":"endDate"}," تک"]},{"$i":"none","$v":"کوئی نہیں"},{"$i":"reminder","$v":"یاددہانی"},{"$i":"remind-me","$v":"مجھے یاد دہانی کرائیں"},{"$i":"alarm-at-event-standard","$v":"تقریب کے موقع پر"},{"$i":"alarm-at-event-allday","$v":"تقریب کے دن"},{"$i":"alarm-at-event-allday-hour12","$v":"واقعہ کے دن (صبح 9:00 بجے)"},{"$i":"alarm-at-event-allday-hour24","$v":"واقعہ کے دن (09:00)"},{"$i":"notice-now","$v":"ابھی شروع ہو رہا ہے"},{"$i":"notice-5-minutes-before","$v":"5 منٹ میں شروع ہو رہا ہے"},{"$i":"notice-15-minutes-before","$v":"15 منٹ میں شروع ہو رہا ہے"},{"$i":"notice-30-minutes-before","$v":"30 منٹ میں شروع ہو رہا ہے"},{"$i":"notice-1-hour-before","$v":"1 گھنٹہ میں شروع ہو رہا ہے"},{"$i":"notice-2-hours-before","$v":"2 گھنٹوں میں شروع ہو رہا ہے"},{"$i":"notice-1-day-before","$v":"کل سے شروع ہو رہا ہے"},{"$i":"notice-on-day-event-all","$v":"آج سے شروع ہو رہا ہے"},{"$i":"notice-1-day-before-all","$v":"کل سے شروع ہو رہا ہے"},{"$i":"notice-2-day-before-all","$v":"2 دنوں میں شروع ہو رہا ہے"},{"$i":"notice-weeks-before-all","$v":[{"t":"idOrVar","v":"startDate"}," سے شروع ہو رہا ہے"]},{"$i":"days-ago-yesterday","$v":["کل ",{"t":"idOrVar","v":"timeString"}]},{"$i":"days-ago-today","$v":["آج ",{"t":"idOrVar","v":"timeString"}]},{"$i":"days-ago-yesterday-single","$v":"گزشتہ کل"},{"$i":"days-ago-today-single","$v":"آج"},{"$i":"alarm-started-notices","$v":["شروع کیا گیا ",{"t":"idOrVar","v":"distance"}]},{"$i":"alarm-starting-notices","$v":["شروع کیا جا رہا ہے ",{"t":"idOrVar","v":"distance"}]},{"$i":"minutes-ago-long","$v":{"few":[{"t":"idOrVar","v":"value"}," منٹس قبل"],"many":[{"t":"idOrVar","v":"value"}," منٹس قبل"],"other":[{"t":"idOrVar","v":"value"}," منٹس قبل"],"two":[{"t":"idOrVar","v":"value"}," منٹس قبل"],"one":"ایک منٹ قبل","zero":"Just now"},"$x":[{"t":"idOrVar","v":"plural"},"value"]},{"$i":"hours-ago-long","$v":{"few":[{"t":"idOrVar","v":"value"}," گھنٹوں قبل"],"many":[{"t":"idOrVar","v":"value"}," گھنٹوں قبل"],"other":[{"t":"idOrVar","v":"value"}," گھنٹوں قبل"],"two":[{"t":"idOrVar","v":"value"}," گھنٹوں قبل"],"one":"ایک گھنٹہ قبل","zero":"Just now"},"$x":[{"t":"idOrVar","v":"plural"},"value"]},{"$i":"alarm-start-notice","$v":[{"t":"idOrVar","v":"title"}," شروعاتی ",{"t":"idOrVar","v":"distance"}]},{"$i":"alarm-started-notice","$v":[{"t":"idOrVar","v":"title"}," شروع ہو گیا ",{"t":"idOrVar","v":"distance"}]},{"$i":"alarm-start-notice-two-days","$v":[{"t":"idOrVar","v":"title"}," دو دنوں میں شروع ہو رہا ہے"]},{"$i":"alarm-start-notice-few-days","$v":[{"t":"idOrVar","v":"title"}," ",{"t":"idOrVar","v":"distance"}," کو شروع ہو رہا ہے"]},{"$i":"days-before-hour12","$v":{"few":[{"t":"idOrVar","v":"value"}," سے دن پہلے (صبح 9:00 بجے)"],"many":[{"t":"idOrVar","v":"value"}," سے دن پہلے (صبح 9:00 بجے)"],"one":"1 دن پہلے (صبح 9:00 بجے)","other":[{"t":"idOrVar","v":"value"}," سے دن پہلے (صبح 9:00 بجے)"],"two":[{"t":"idOrVar","v":"value"}," سے دن پہلے (صبح 9:00 بجے)"],"zero":"0 دن پہلے (صبح 9:00 بجے)"},"$x":[{"t":"idOrVar","v":"plural"},"value"]},{"$i":"weeks-before-hour12","$v":{"few":[{"t":"idOrVar","v":"value"}," ہفتے پہلے (صبح 9:00 بجے)"],"many":[{"t":"idOrVar","v":"value"}," ہفتے پہلے (صبح 9:00 بجے)"],"one":"1 ہفتہ پہلے (صبح 9:00 بجے)","other":[{"t":"idOrVar","v":"value"}," ہفتے پہلے (صبح 9:00 بجے)"],"two":[{"t":"idOrVar","v":"value"}," ہفتے پہلے (صبح 9:00 بجے)"],"zero":"0 ہفتے پہلے (صبح 9:00 بجے)"},"$x":[{"t":"idOrVar","v":"plural"},"value"]},{"$i":"days-before-hour24","$v":{"few":[{"t":"idOrVar","v":"value"}," سے دن پہلے (09:00)"],"many":[{"t":"idOrVar","v":"value"}," سے دن پہلے (09:00)"],"one":"1 دن پہلے (09:00)","other":[{"t":"idOrVar","v":"value"}," سے دن پہلے (09:00)"],"two":[{"t":"idOrVar","v":"value"}," سے دن پہلے (09:00)"],"zero":"0 دن پہلے (09:00)"},"$x":[{"t":"idOrVar","v":"plural"},"value"]},{"$i":"weeks-before-hour24","$v":{"few":[{"t":"idOrVar","v":"value"}," ہفتے پہلے (09:00)"],"many":[{"t":"idOrVar","v":"value"}," ہفتے پہلے (09:00)"],"one":"1 ہفتہ پہلے (09:00)","other":[{"t":"idOrVar","v":"value"}," ہفتے پہلے (09:00)"],"two":[{"t":"idOrVar","v":"value"}," ہفتے پہلے (09:00)"],"zero":"0 ہفتے پہلے (09:00)"},"$x":[{"t":"idOrVar","v":"plural"},"value"]},{"$i":"minutes-before","$v":{"few":[{"t":"idOrVar","v":"value"}," منٹس قبل"],"many":[{"t":"idOrVar","v":"value"}," منٹس قبل"],"one":"1 منٹ قبل","other":[{"t":"idOrVar","v":"value"}," منٹس قبل"],"two":[{"t":"idOrVar","v":"value"}," منٹس قبل"],"zero":"0 منٹس قبل"},"$x":[{"t":"idOrVar","v":"plural"},"value"]},{"$i":"hours-before","$v":{"few":[{"t":"idOrVar","v":"value"}," گھنٹے قبل"],"many":[{"t":"idOrVar","v":"value"}," گھنٹے قبل"],"one":"1 گھنٹہ قبل","other":[{"t":"idOrVar","v":"value"}," گھنٹے قبل"],"two":[{"t":"idOrVar","v":"value"}," گھنٹے قبل"],"zero":"0 گھنٹے قبل"},"$x":[{"t":"idOrVar","v":"plural"},"value"]},{"$i":"days-before","$v":{"few":[{"t":"idOrVar","v":"value"}," دن قبل"],"many":[{"t":"idOrVar","v":"value"}," دن قبل"],"one":"1 دن قبل","other":[{"t":"idOrVar","v":"value"}," دن قبل"],"two":[{"t":"idOrVar","v":"value"}," دن قبل"],"zero":"0 دن قبل"},"$x":[{"t":"idOrVar","v":"plural"},"value"]},{"$i":"weeks-before","$v":{"few":[{"t":"idOrVar","v":"value"}," ہفتے قبل"],"many":[{"t":"idOrVar","v":"value"}," ہفتے قبل"],"one":"1 ہفتہ قبل","other":[{"t":"idOrVar","v":"value"}," ہفتے قبل"],"two":[{"t":"idOrVar","v":"value"}," ہفتے قبل"],"zero":"0 ہفتے قبل"},"$x":[{"t":"idOrVar","v":"plural"},"value"]},{"$i":"months-before","$v":{"few":[{"t":"idOrVar","v":"value"}," مہینے قبل"],"many":[{"t":"idOrVar","v":"value"}," مہینے قبل"],"one":"1 مہینہ قبل","other":[{"t":"idOrVar","v":"value"}," مہینے قبل"],"two":[{"t":"idOrVar","v":"value"}," مہینے قبل"],"zero":"0 مہینے قبل"},"$x":[{"t":"idOrVar","v":"plural"},"value"]},{"$i":"years-before","$v":{"few":[{"t":"idOrVar","v":"value"}," سال قبل"],"many":[{"t":"idOrVar","v":"value"}," سال قبل"],"one":"1 سال قبل","other":[{"t":"idOrVar","v":"value"}," سال قبل"],"two":[{"t":"idOrVar","v":"value"}," سال قبل"],"zero":"0 سال قبل"},"$x":[{"t":"idOrVar","v":"plural"},"value"]},{"$i":"minutes-after","$v":{"few":[{"t":"idOrVar","v":"value"}," منٹس بعد"],"many":[{"t":"idOrVar","v":"value"}," منٹس بعد"],"one":"1 منٹ بعد","other":[{"t":"idOrVar","v":"value"}," منٹس بعد"],"two":[{"t":"idOrVar","v":"value"}," منٹس بعد"],"zero":"0 منٹس بعد"},"$x":[{"t":"idOrVar","v":"plural"},"value"]},{"$i":"hours-after","$v":{"few":[{"t":"idOrVar","v":"value"}," گھنٹے بعد"],"many":[{"t":"idOrVar","v":"value"}," گھنٹے بعد"],"one":"1 گھنٹہ بعد","other":[{"t":"idOrVar","v":"value"}," گھنٹے بعد"],"two":[{"t":"idOrVar","v":"value"}," گھنٹے بعد"],"zero":"0 گھنٹے بعد"},"$x":[{"t":"idOrVar","v":"plural"},"value"]},{"$i":"days-after","$v":{"few":[{"t":"idOrVar","v":"value"}," دن بعد"],"many":[{"t":"idOrVar","v":"value"}," دن بعد"],"one":"1 دن بعد","other":[{"t":"idOrVar","v":"value"}," دن بعد"],"two":[{"t":"idOrVar","v":"value"}," دن بعد"],"zero":"0 دن بعد"},"$x":[{"t":"idOrVar","v":"plural"},"value"]},{"$i":"weeks-after","$v":{"few":[{"t":"idOrVar","v":"value"}," ہفتے بعد"],"many":[{"t":"idOrVar","v":"value"}," ہفتے بعد"],"one":"1 ہفتہ بعد","other":[{"t":"idOrVar","v":"value"}," ہفتے بعد"],"two":[{"t":"idOrVar","v":"value"}," ہفتے بعد"],"zero":"0 ہفتے بعد"},"$x":[{"t":"idOrVar","v":"plural"},"value"]},{"$i":"months-after","$v":{"few":[{"t":"idOrVar","v":"value"}," مہینے بعد"],"many":[{"t":"idOrVar","v":"value"}," مہینے بعد"],"one":"1 مہینہ بعد","other":[{"t":"idOrVar","v":"value"}," مہینے بعد"],"two":[{"t":"idOrVar","v":"value"}," مہینے بعد"],"zero":"0 مہینے بعد"},"$x":[{"t":"idOrVar","v":"plural"},"value"]},{"$i":"years-after","$v":{"few":[{"t":"idOrVar","v":"value"}," سال بعد"],"many":[{"t":"idOrVar","v":"value"}," سال بعد"],"one":"1 سال بعد","other":[{"t":"idOrVar","v":"value"}," سال بعد"],"two":[{"t":"idOrVar","v":"value"}," سال بعد"],"zero":"0 سال بعد"},"$x":[{"t":"idOrVar","v":"plural"},"value"]},{"$i":"event-notice-timeformat","$v":[{"t":"idOrVar","v":"start"}," - ",{"t":"idOrVar","v":"end"}]},{"$i":"tomorrow-event-notice-timeformat","$v":["کل، ",{"t":"idOrVar","v":"start"}," - ",{"t":"idOrVar","v":"end"}]},{"$i":"today-all-day-event","$v":"آج"},{"$i":"tomorrow-all-day-event","$v":"tomorrow"},{"$i":"hour-format12","$v":"%I"},{"$i":"hour-format24","$v":"%H"},{"$i":"week-hour-format12","$v":"%I"},{"$i":"week-hour-format24","$v":"%H"},{"$i":"hour-allday","$v":"تمام دن"},{"$i":"kai-week-day","$v":"%a\\n%e"},{"$i":"current-time12","$v":"%I:%M"},{"$i":"current-time24","$v":"%H:%M"},{"$i":"multi-month-view-header-format","$v":"%B %Y"},{"$i":"day-view-header-format","$v":"%A, %B %e"},{"$i":"months-day-view-header-format","$v":"%A, %B %e"},{"$i":"months-day-view-header-format-small","$v":{"$o":"%a <br/> %b, %e"}},{"$i":"week-view-header-format","$v":["ہفتہ ",{"t":"idOrVar","v":"value"},", %B %Y"]},{"$i":"longDateFormat","$v":"%A, %B %e, %Y"},{"$i":"longTimeFormat","$v":"%A %B %d"},{"$i":"longTimeFormat12","$v":"%A %B %d %I %p"},{"$i":"longTimeFormat24","$v":"%A %B %d %H بجے"},{"$i":"weekTimeFormat12","$v":"%I %p"},{"$i":"weekTimeFormat24","$v":"%H بجے"},{"$i":"weekDayFormat","$v":"%A the %d"},{"$i":"alldayLongTimeFormat","$v":"%A %B %d تمام دن"},{"$i":"dayHour12","$v":"%I %p"},{"$i":"dayHour24","$v":"%H بجے"},{"$i":"longDateTime12","$v":"%I %p, %a, %d %b, %Y"},{"$i":"longDateTime24","$v":"%H, %a, %d %b, %Y"},{"$i":"upcoming-events","$v":"آنے والی تقریبات"},{"$i":"search-results","$v":"تلاش کے نتائج"},{"$i":"no-event-found","$v":"کوئي تقریب نہیں ملی"},{"$i":"longDateTimeNew12","$v":"%a, %B %e, %Y, %I:%M %p"},{"$i":"longDateTimeNew24","$v":"%a, %B %e, %Y, %H:%M"},{"$i":"longDateTimeNewNoHour12","$v":"%a, %B %e, %Y"},{"$i":"longDateTimeNewNoHour24","$v":"%a, %B %e, %Y"},{"$i":"error-start-date-after-end-date","$v":"تقریب اس کے آغاز کی تاریخ سے قبل ختم نہیں ہوسکتا۔"},{"$i":"error-start-time-after-end-time","$v":"تقریب اس کے آغاز کے وقت سے قبل ختم نہیں ہوسکتا۔"},{"$i":"error-unauthenticated","$v":"غلط صارف نام یا پاس ورڈ، براہ کرم دوبارہ کوشش کریں۔"},{"$i":"error-internal-server-error","$v":"سرور کی خرابی، براہ مہربانی دوبارہ کوشش کریں۔"},{"$i":"error-unkown","$v":"سرور دستیاب نہیں ہے۔ براہ کرم بعد ازاں دوبارہ کوشش کریں۔"},{"$i":"error-default","$v":"کچھ غلط ہے۔ بعد میں دوبارہ کوشش کریں۔"},{"$i":"error-offline","$v":"کوئی انٹرنیٹ کنیکشن نہیں۔"},{"$i":"error-account-exist","$v":"یہ اکاؤںٹ پہلے سے موجود ہے۔"},{"$i":"error-confirmation-title","$v":"خرابی"},{"$i":"error-edit-online-event","$v":"انٹرنیک کنکشن نہ ہونے کے سبب آن لائن ایونٹ ترمیم کرنے میں ناکام ہوا۔"},{"$i":"error-delete-online-event","$v":"انٹرنیک کنکشن نہ ہونے کے سبب آن لائن ایونٹ حذف کرنے میں ناکام ہوا۔"},{"$i":"error-add-online-event","$v":"انٹرنیٹ کنکشن نہ ہونے کی وجہ سے آن لائن ایونٹ_x000D_"},{"$i":"error-start-date-before-seleced-day","$v":"The event cannot start before current date."},{"$i":"notification-error-sync-title","$v":"کیلنڈر سنک کا نقص"},{"$i":"notification-error-sync-description","$v":"مزید معلومات کے لیے تھپکی دیں"},{"$i":"notification-error-caldav-sync-title","$v":"اکاؤنٹ کی خرابی"},{"$i":"notification-error-caldav-sync-description","$v":"دوبارہ لاگ ان کریں"},{"$i":"weekday-0-single-char","$v":"S","ariaLabel":"اتوار"},{"$i":"weekday-1-single-char","$v":"M","ariaLabel":"پیر"},{"$i":"weekday-2-single-char","$v":"T","ariaLabel":"منگل"},{"$i":"weekday-3-single-char","$v":"W","ariaLabel":"بدھ"},{"$i":"weekday-4-single-char","$v":"T","ariaLabel":"جمعرات"},{"$i":"weekday-5-single-char","$v":"F","ariaLabel":"جمعہ"},{"$i":"weekday-6-single-char","$v":"S","ariaLabel":"سنیچر"},{"$i":"busy","$v":{"few":[{"t":"idOrVar","v":"n"}," تقریبات"],"many":[{"t":"idOrVar","v":"n"}," تقریبات"],"one":[{"t":"idOrVar","v":"n"}," تقریب"],"other":[{"t":"idOrVar","v":"n"}," تقریبات"],"two":[{"t":"idOrVar","v":"n"}," تقریبات"],"zero":"کوئی تقریب نہیں"},"$x":[{"t":"idOrVar","v":"plural"},"n"]},{"$i":"present","ariaLabel":"آج"},{"$i":"past-other-month-description","ariaLabel":"دیگر ماہ"},{"$i":"future-other-month-description","ariaLabel":"دیگر ماہ"},{"$i":"icon-calendar-alarm","ariaLabel":"ہیش الارم"},{"$i":"calendars","ariaLabel":"کیلنڈرز"},{"$i":"multi-day-new-event-link","ariaLabel":"تقریب شامل کریں"},{"$i":"title","ariaLabel":"عنوان"},{"$i":"location","ariaLabel":"مقام"},{"$i":"duration","ariaLabel":"مدت"},{"$i":"calendar","ariaLabel":"کیلنڈر"},{"$i":"alarms","ariaLabel":"الارمز"},{"$i":"description","ariaLabel":"تفصیل"},{"$i":"start-date","ariaLabel":"تاریخ آغاز"},{"$i":"start-time","ariaLabel":"وقت آغاز"},{"$i":"end-date","ariaLabel":"تاریخ اختتام"},{"$i":"end-time","ariaLabel":"وقت اختتام"},{"$i":"during-progress-loading","ariaValueText":"لوڈنگ"},{"$i":"all-day","ariaLabel":"تمام دن"},{"$i":"create-event","ariaLabel":"تقریب بنائیں"},{"$i":"create-all-day-event","ariaLabel":"تمام دن کی تقریب بنائیں"},{"$i":"event-one-day-duration","ariaLabel":[{"t":"idOrVar","v":"startTime"}," سے ",{"t":"idOrVar","v":"endTime"}," تک"]},{"$i":"week-event-one-day-duration","ariaLabel":[{"t":"idOrVar","v":"startDate"}," ",{"t":"idOrVar","v":"startTime"}," سے ",{"t":"idOrVar","v":"endTime"}," تک"]},{"$i":"event-multiple-day-duration","ariaLabel":[{"t":"idOrVar","v":"startTime"}," ",{"t":"idOrVar","v":"startDate"}," سے ",{"t":"idOrVar","v":"endTime"}," ",{"t":"idOrVar","v":"endDate"}]},{"$i":"kai-event-added","$v":"ایونٹ شامل کیا گیا۔"},{"$i":"kai-event-updated","$v":"ایونٹ اپ ڈیٹ کیا گیا۔"},{"$i":"kai-event-deleted","$v":"ایونٹس حذف کیے گئے۔"},{"$i":"kai-change-save","$v":"تبدیلیاں محفوظ ہوگئی"},{"$i":"event-sync-failure","$v":"آن لائن کیلنڈر سنک کرنے میں ناکام۔"},{"$i":"kai-event-calendar","$v":"کیلنڈر"},{"$i":"kai-single-event","$v":"ایونٹ"},{"$i":"kai-event-count","$v":"ایونٹس"},{"$i":"kai-sync-progress-syncing","$v":"سنک کرنا"},{"$i":"kai-sync-progress-complete","$v":"کیلنڈر تاریخ تک ہے۔"},{"$i":"kai-sync-sync-switch-close","$v":"اکاؤنٹ کی مطابقت پذیری کرنے سے قاصر کیونکہ مطابقت پذیری کو آف کر دیا گیا ہے۔"},{"$i":"kai-settings-sounds","$v":"ساؤںڈز"},{"$i":"kai-tones","$v":"ٹونز"},{"$i":"kai-multi-events","$v":"ایونٹس"},{"$i":"kai-confirmation-title","$v":"توثیق کاری"},{"$i":"kai-delete-selectedEvent-confirmation","$v":"منتخبہ تقریب کو حذف کریں؟"},{"$i":"kai-deleteEvent-confirmation","$v":"تقریب حذف کریں؟"},{"$i":"kai-event-search-header","$v":"تلاش","placeholder":"تلاش"},{"$i":"kai-event-search-upcoming-events","$v":"آنے والی تقریبات"},{"$i":"kai-delete","$v":"حذف کریں"},{"$i":"kai-cancel","$v":"منسوخ کریں"},{"$i":"kai-dialog-delete-sel","$v":"کیا آپ یقیناً منتخبہ تقریب حذف کرنا چاہتے ہیں؟"},{"$i":"kai-delete-title","$v":"تقریب حذف کریں"},{"$i":"kai-save-changes","$v":"تبدیلیاں محفوظ کریں؟"},{"$i":"kai-save-message-back","$v":"تمام درج شدہ ڈیٹا ضائع ہو جائے گا۔ کیا آپ تبدیلیاں محفوظ کرنا چاہتے ہیں؟"},{"$i":"kai-save-message-close","$v":"ایپلیکیشن ڈیٹا ضائع کرتے ہوئے بند جائے گا۔ کیا آپ تبدیلیاں محفوظ کرنا چاہتے ہیں۔"},{"$i":"yes","$v":"ہاں"},{"$i":"no","$v":"نہیں"},{"$i":"confirmation","$v":"توثیق کاری"},{"$i":"ok","$v":"ٹھیک ہے"},{"$i":"delete-event","$v":"تقریب حذف کریں؟"},{"$i":"edit-event-no-net","$v":"انٹرنیک کنکشن نہ ہونے کے سبب آن لائن ایونٹ ترمیم کرنے میں ناکام ہوا۔"},{"$i":"kai-settings-header","$v":"کیلنڈر برائے ڈسپلے"},{"$i":"kai-syncing","$v":"سنک کرنا…"},{"$i":"kai-syncing-header","$v":"اکاؤنٹ سنک"},{"$i":"select","$v":"منتخب کریں"},{"$i":"add-event","$v":"شامل کریں"},{"$i":"week-view","$v":"ہتفہ وار منظر"},{"$i":"day-view","$v":"دن کا منظر"},{"$i":"month-view","$v":"ماہ کا منظر"},{"$i":"today","$v":"آج"},{"$i":"go","$v":"تاریخ پر جائيں"},{"$i":"search","$v":"تلاش"},{"$i":"calendar-to-display","$v":"کیلنڈر برائے ڈسپلے"},{"$i":"settings","$v":"ترتیبات"},{"$i":"delete","$v":"حذف کریں"},{"$i":"enter","$v":"داخل کریں"},{"$i":"sync-calendar","$v":"کیلنڈر سنک کریں"},{"$i":"lunar-calendar","$v":"قمر دن"},{"$i":"present-description","$v":["آج بروز ",{"t":"idOrVar","v":"weekday"}," بتاریخ ",{"t":"idOrVar","v":"date"}]},{"$i":"day-description","$v":["بروز ",{"t":"idOrVar","v":"weekday"}," بتاریخ ",{"t":"idOrVar","v":"date"}]},{"$i":"weekday-5","$v":"جمعہ"},{"$i":"weekday-4","$v":"جمعرات"},{"$i":"weekday-3","$v":"بدھ"},{"$i":"weekday-2","$v":"منگل"},{"$i":"weekday-1","$v":"پیر"},{"$i":"weekday-0","$v":"اتوار"},{"$i":"weekday-6","$v":"سنیچر"},{"$i":"no-title","$v":"بلا ​​عنوان"},{"$i":"account-sync-off-tip","$v":"ایونٹ میں ترمیم یا اسے حذف کرنے کے لئے اس اکاؤنٹ کیلئے مطابقت پذیری کو آن کریں۔"},{"$i":"weekday-0-long","$v":"اتوار"},{"$i":"weekday-1-long","$v":"پیر"},{"$i":"weekday-2-long","$v":"منگل"},{"$i":"weekday-3-long","$v":"بدھ"},{"$i":"weekday-4-long","$v":"جمعرات"},{"$i":"weekday-5-long","$v":"جمعہ"},{"$i":"weekday-6-long","$v":"سنیچر"},{"$i":"weekday-0-short","$v":"اتوار"},{"$i":"weekday-1-short","$v":"پیر"},{"$i":"weekday-2-short","$v":"منگل"},{"$i":"weekday-3-short","$v":"بدھ"},{"$i":"weekday-4-short","$v":"جمعرات"},{"$i":"weekday-5-short","$v":"جمعہ"},{"$i":"weekday-6-short","$v":"ہفتہ"},{"$i":"month-0-long","$v":"جنوری"},{"$i":"month-1-long","$v":"فروری"},{"$i":"month-2-long","$v":"مارچ"},{"$i":"month-3-long","$v":"اپریل"},{"$i":"month-4-long","$v":"مئی"},{"$i":"month-5-long","$v":"جون"},{"$i":"month-6-long","$v":"جولائی"},{"$i":"month-7-long","$v":"اگست"},{"$i":"month-8-long","$v":"ستمبر"},{"$i":"month-9-long","$v":"اکتوبر"},{"$i":"month-10-long","$v":"نومبر"},{"$i":"month-11-long","$v":"دسمبر"},{"$i":"month-0-genitive","$v":"جنوری"},{"$i":"month-1-genitive","$v":"فروری"},{"$i":"month-2-genitive","$v":"مارچ"},{"$i":"month-3-genitive","$v":"اپریل"},{"$i":"month-4-genitive","$v":"مئی"},{"$i":"month-5-genitive","$v":"جون"},{"$i":"month-6-genitive","$v":"جولائی"},{"$i":"month-7-genitive","$v":"اگست"},{"$i":"month-8-genitive","$v":"ستمبر"},{"$i":"month-9-genitive","$v":"اکتوبر"},{"$i":"month-10-genitive","$v":"نومبر"},{"$i":"month-11-genitive","$v":"دسمبر"},{"$i":"month-0-short","$v":"جنوری"},{"$i":"month-1-short","$v":"فروری"},{"$i":"month-2-short","$v":"مارچ"},{"$i":"month-3-short","$v":"اپریل"},{"$i":"month-4-short","$v":"مئی"},{"$i":"month-5-short","$v":"جون"},{"$i":"month-6-short","$v":"جولائی"},{"$i":"month-7-short","$v":"اگست"},{"$i":"month-8-short","$v":"ستمبر"},{"$i":"month-9-short","$v":"اکتوبر"},{"$i":"month-10-short","$v":"نومبر"},{"$i":"month-11-short","$v":"دسمبر"},{"$i":"days-ago-long","$v":{"few":[{"t":"idOrVar","v":"value"}," دن قبل"],"many":[{"t":"idOrVar","v":"value"}," دن قبل"],"one":"گزشتہ کل","other":[{"t":"idOrVar","v":"value"}," دن قبل"],"two":[{"t":"idOrVar","v":"value"}," دن قبل"],"zero":"آج"},"$x":[{"t":"idOrVar","v":"plural"},"value"]},{"$i":"weeks-ago-long","$v":{"few":[{"t":"idOrVar","v":"value"}," ہفتے قبل"],"many":[{"t":"idOrVar","v":"value"}," ہفتے قبل"],"one":"آخری ہفتہ","other":[{"t":"idOrVar","v":"value"}," ہفتے قبل"],"two":[{"t":"idOrVar","v":"value"}," ہفتے قبل"],"zero":"اس ہفتہ"},"$x":[{"t":"idOrVar","v":"plural"},"value"]},{"$i":"months-ago-long","$v":{"few":[{"t":"idOrVar","v":"value"}," مہینہ قبل"],"many":[{"t":"idOrVar","v":"value"}," مہینہ قبل"],"one":"آخری مہینہ","other":[{"t":"idOrVar","v":"value"}," مہینہ قبل"],"two":[{"t":"idOrVar","v":"value"}," مہینہ قبل"],"zero":"اس ماہ"},"$x":[{"t":"idOrVar","v":"plural"},"value"]},{"$i":"years-ago-long","$v":{"few":[{"t":"idOrVar","v":"value"}," سال قبل"],"many":[{"t":"idOrVar","v":"value"}," سال قبل"],"one":"آخری سال","other":[{"t":"idOrVar","v":"value"}," سال قبل"],"two":[{"t":"idOrVar","v":"value"}," سال قبل"],"zero":"اس سال"},"$x":[{"t":"idOrVar","v":"plural"},"value"]},{"$i":"minutes-until-long","$v":{"few":[{"t":"idOrVar","v":"value"}," منٹوں میں"],"many":[{"t":"idOrVar","v":"value"}," منٹوں میں"],"other":[{"t":"idOrVar","v":"value"}," منٹوں میں"],"two":[{"t":"idOrVar","v":"value"}," منٹوں میں"],"zero":"ابھی","one":"ایک منٹ میں"},"$x":[{"t":"idOrVar","v":"plural"},"value"]},{"$i":"hours-until-long","$v":{"few":[{"t":"idOrVar","v":"value"}," گھنٹوں میں"],"many":[{"t":"idOrVar","v":"value"}," گھنٹوں میں"],"other":[{"t":"idOrVar","v":"value"}," گھنٹوں میں"],"two":[{"t":"idOrVar","v":"value"}," گھنٹوں میں"],"zero":"ابھی","one":"ایک گھٹے میں"},"$x":[{"t":"idOrVar","v":"plural"},"value"]},{"$i":"days-until-long","$v":{"few":[{"t":"idOrVar","v":"value"}," دنوں میں"],"many":[{"t":"idOrVar","v":"value"}," دنوں میں"],"one":"tomorrow","other":[{"t":"idOrVar","v":"value"}," دنوں میں"],"two":[{"t":"idOrVar","v":"value"}," دنوں میں"],"zero":"آج"},"$x":[{"t":"idOrVar","v":"plural"},"value"]},{"$i":"weeks-until-long","$v":{"few":[{"t":"idOrVar","v":"value"}," ہفتوں میں"],"many":[{"t":"idOrVar","v":"value"}," ہفتوں میں"],"one":"اگلے ہفتے","other":[{"t":"idOrVar","v":"value"}," ہفتوں میں"],"two":[{"t":"idOrVar","v":"value"}," ہفتوں میں"],"zero":"اس ہفتہ"},"$x":[{"t":"idOrVar","v":"plural"},"value"]},{"$i":"months-until-long","$v":{"few":[{"t":"idOrVar","v":"value"}," مہینوں میں"],"many":[{"t":"idOrVar","v":"value"}," مہینوں میں"],"one":"اگلے ماہ","other":[{"t":"idOrVar","v":"value"}," مہینوں میں"],"two":[{"t":"idOrVar","v":"value"}," مہینوں میں"],"zero":"اس ماہ"},"$x":[{"t":"idOrVar","v":"plural"},"value"]},{"$i":"years-until-long","$v":{"few":[{"t":"idOrVar","v":"value"}," سالوں میں"],"many":[{"t":"idOrVar","v":"value"}," سالوں میں"],"one":"اگلے سال","other":[{"t":"idOrVar","v":"value"}," سالوں میں"],"two":[{"t":"idOrVar","v":"value"}," سالوں میں"],"zero":"اس سال"},"$x":[{"t":"idOrVar","v":"plural"},"value"]},{"$i":"minutes-ago-short","$v":{"other":[{"t":"idOrVar","v":"value"}," منٹ قبل"],"zero":"Just now"},"$x":[{"t":"idOrVar","v":"plural"},"value"]},{"$i":"hours-ago-short","$v":{"other":[{"t":"idOrVar","v":"value"}," گھنٹہ قبل"],"zero":"Just now"},"$x":[{"t":"idOrVar","v":"plural"},"value"]},{"$i":"days-ago-short","$v":{"other":[{"t":"idOrVar","v":"value"}," دن قبل"],"zero":"آج"},"$x":[{"t":"idOrVar","v":"plural"},"value"]},{"$i":"minutes-until-short","$v":{"other":[{"t":"idOrVar","v":"value"}," منٹ میں"],"zero":"ابھی"},"$x":[{"t":"idOrVar","v":"plural"},"value"]},{"$i":"hours-until-short","$v":{"other":[{"t":"idOrVar","v":"value"}," گھنٹے میں"],"zero":"ابھی"},"$x":[{"t":"idOrVar","v":"plural"},"value"]},{"$i":"days-until-short","$v":{"other":[{"t":"idOrVar","v":"value"}," دن میں"],"zero":"آج"},"$x":[{"t":"idOrVar","v":"plural"},"value"]},{"$i":"incorrectDate","$v":"(غلط تاریخ)"},{"$i":"dateTimeFormat_%c","$v":"%a %b %e %Y %I:%M:%S %p"},{"$i":"dateTimeFormat_%x","$v":"%m/%d/%Y"},{"$i":"dateTimeFormat_%X","$v":"%I:%M:%S %p"},{"$i":"shortTimeFormat","$v":"%I:%M %p"},{"$i":"shortTimeFormat12","$v":"%I:%M %p"},{"$i":"shortTimeFormat24","$v":"%H:%M"},{"$i":"shortDateTimeFormat","$v":"%x %I:%M %p"},{"$i":"weekStartsOnMonday","$v":"0.0"},{"$i":"firstDayOfTheWeek","$v":"0.0"},{"$i":"time_am","$v":"AM"},{"$i":"time_pm","$v":"PM"},{"$i":"softkey-options","$v":"اختیارات"}]