[{"$i":"back","$v":"Орқага"},{"$i":"save","$v":"Сақлаш"},{"$i":"cancel","$v":"Бекор"},{"$i":"next","$v":"Кейингиси"},{"$i":"hide","$v":"Яшириш"},{"$i":"confirm","$v":"Тасдиқлаш"},{"$i":"done","$v":"Тайёр"},{"$i":"events","$v":"Тадбирлар эслатмаси"},{"$i":"edit","$v":"Таҳрирлаш"},{"$i":"allday-events","$v":"Кун бўйи тадбирлар эслатмаси"},{"$i":"no-events","$v":"Ҳеч қандай тадбир йўқ"},{"$i":"default","$v":"Одатий"},{"$i":"sync","$v":"Синхронлаш"},{"$i":"repeat","$v":"Такрорлаш"},{"$i":"never","$v":"Ҳеч қачон"},{"$i":"every-day","$v":"Ҳар куни"},{"$i":"every-week","$v":"Хар хафта"},{"$i":"every-2-weeks","$v":"Хар 2 хафтада"},{"$i":"every-month","$v":"Хар оы"},{"$i":"view-never","$v":"Yana takrorlang: hech qachon"},{"$i":"view-every-day","$v":"Takrorlash: kundalik"},{"$i":"view-every-week","$v":"Takrorlang: Haftalik"},{"$i":"view-every-2-weeks","$v":"Такрорлаш: ҳар икки ҳафтада"},{"$i":"view-every-month","$v":"Takrorlash: oylik"},{"$i":"repeat-event-header","$v":"Бу тадбир такрорланади."},{"$i":"delete-this-only","$v":"Фаqат оьчириб ташланг"},{"$i":"delete-all","$v":"Ҳаммасини ўчириш"},{"$i":"event-edit-all","$v":"Барча тадбирларни ўчириш"},{"$i":"event-edit-all-future","$v":"Барча келгуси тадбирларни таҳрирлаш"},{"$i":"options","$v":"Параметрлар"},{"$i":"event-delete-all","$v":"Barcha tadbirlarni o'chirish"},{"$i":"event-delete-all-future","$v":"Барча келгуси тадбирларни ўчириш"},{"$i":"delete-account","$v":"Ҳисобни ўчириш"},{"$i":"exchange-account","$v":"ActiveSync"},{"$i":"account-user-name","$v":"Фойдаланувчи номи"},{"$i":"incorrect-password-description","$v":"Серверга кириб бўлмади. Паролни қайта киритинг."},{"$i":"incorrect-password","$v":"Парол нотўғри"},{"$i":"account-duplicate","$v":"Бундай ҳисоб мавжуд. Синхронизация ёқилди."},{"$i":"error-account","$v":"Сервер билан алоқа йўқ, кейинроқ қайта урининг."},{"$i":"error-access-denied","$v":"Ноаниқ хато юз берди, кейинроқ қайта урининг."},{"$i":"error-time-out","$v":["“",{"t":"idOrVar","v":"server"},"” билан алоқа ўрнатилмади. Тармоқда муаммо бўлиши мумкин."]},{"$i":"caldav-account-exist","$v":"Бу ҳисоб аллақачон мавжуд."},{"$i":"save-password","$v":"Парол саqланди."},{"$i":"account-login","$v":"Hisob qaydnomasi"},{"$i":"setting-up-account","$v":"Ҳисоб созлаш"},{"$i":"setup-account-usedInfo","$v":"Бу ҳисобдан қуйидаги иловалар фойдаланади. Буни Созламалар > Ҳисоб орқали ўзгартиринг."},{"$i":"app-calendar","$v":"Тақвим"},{"$i":"show-today","$v":"Бугун"},{"$i":"show-month-view","$v":"Ой"},{"$i":"show-week-view","$v":"Ҳафта"},{"$i":"show-day-view","$v":"Кун"},{"$i":"settings-show","$v":"Созламалар"},{"$i":"settings-hide","$v":"Созламаларни яшириш"},{"$i":"add-account","$v":"Ҳисоб қўшиш"},{"$i":"new-event","$v":"Тадбир қўшиш"},{"$i":"view-event-header","$v":"Тадбир тафсилотлари"},{"$i":"new-event-header","$v":"Тадбир қўшиш"},{"$i":"edit-event-header","$v":"Тадбирни таҳрирлаш"},{"$i":"account-header","$v":"Ҳисоб"},{"$i":"account-list-header","$v":"Ҳисоблар"},{"$i":"advanced-settings-short-icon-button","ariaLabel":"Созламалар"},{"$i":"advanced-settings-header","$v":"Тақвим созламалари"},{"$i":"advanced-settings-personalization","$v":"Оралиқни янгилаш"},{"$i":"advanced-settings-reminders","$v":"Эслатма"},{"$i":"advanced-settings-add-account","$v":"Ҳисоб қўшиш"},{"$i":"field-user","$v":"Фойдаланувчи номи"},{"$i":"field-password","$v":"Парол"},{"$i":"show-password","$v":"Паролни кўрсатиш"},{"$i":"field-full-url","$v":"URL"},{"$i":"modify-account-setting-up","$v":"Ҳисобингиз созланишини кутинг"},{"$i":"modify-account-unable-to-sync","$v":"Синхронлаб бўлмайди"},{"$i":"modify-account-sign-in","$v":"Кириш"},{"$i":"sync-account","$v":"Hisobni sinxronlash"},{"$i":"deselect","$v":"Белгилашни бекор қилиш"},{"$i":"kai-caldav","$v":"CalDav"},{"$i":"kai-yahoo","$v":"Yahoo!"},{"$i":"kai-google","$v":"Google"},{"$i":"preset-mozilla","$v":"Mozilla Zimbra"},{"$i":"calendar-local","$v":"Телефон тақвими"},{"$i":"event-title","$v":"Сарлавҳа"},{"$i":"event-location","$v":"Жойлашув"},{"$i":"event-description","$v":"Қайдлар"},{"$i":"event-is-allday","$v":"Кун бўйи тадбир"},{"$i":"event-start-date","$v":"Бошланиш санаси"},{"$i":"event-end-date","$v":"Тугаш санаси"},{"$i":"event-start-time","$v":"Бошланиш вақти"},{"$i":"event-end-time","$v":"Тугаш вақти"},{"$i":"event-delete","$v":"Тадбирни ўчириш"},{"$i":"event-is-deleting","$v":"Ўчирилмоқда…"},{"$i":"remove-account-data","$v":"Тақвим ҳисобини ўчириш"},{"$i":"remove-account-dialog","$v":"Ҳисобни ўчириш"},{"$i":"remove-account-dialog-details","$v":"Бу ҳисобни ўчирсангиз, бу амал ушбу ҳисобдан фойдаланадиган иловаларга ҳам таъсир қилади."},{"$i":"remove","$v":"Олиб ташлаш"},{"$i":"drawer-sync-icon-button","ariaLabel":"Синхронлаш"},{"$i":"sync-progress-syncing","ariaValueText":"Синхронланмоқда"},{"$i":"sync-progress-complete","ariaValueText":"Синхронланди"},{"$i":"sync-frequency","$v":"Тақвимни синхронлаш"},{"$i":"sync-frequency-15min","$v":"Ҳар 15 дақиқа"},{"$i":"sync-frequency-30min","$v":"Ҳар 30 дақиқа"},{"$i":"sync-frequency-manual","$v":"Қўлда"},{"$i":"from","$v":"Кимдан"},{"$i":"to","$v":"Кимга"},{"$i":"one-day-duration-title","$v":[{"t":"idOrVar","v":"startDate"}]},{"$i":"one-day-duration-content","$v":[{"t":"idOrVar","v":"startTime"}," – ",{"t":"idOrVar","v":"endTime"}]},{"$i":"multiple-day-duration-title","$v":[{"t":"idOrVar","v":"startTime"}," ",{"t":"idOrVar","v":"startDate"}]},{"$i":"multiple-day-duration-content","$v":[{"t":"idOrVar","v":"endTime"}," ",{"t":"idOrVar","v":"endDate"}]},{"$i":"one-all-day-duration-title","$v":[{"t":"idOrVar","v":"startDate"}]},{"$i":"all-day-duration-content","$v":"Кун бўйи тадбир"},{"$i":"multiple-all-day-duration-title","$v":["Бошланиши: ",{"t":"idOrVar","v":"startDate"}]},{"$i":"multiple-all-day-duration-content","$v":["Бунгача: ",{"t":"idOrVar","v":"endDate"}]},{"$i":"none","$v":"Ҳеч бири"},{"$i":"reminder","$v":"Эслатма"},{"$i":"remind-me","$v":"Эслатилсин"},{"$i":"alarm-at-event-standard","$v":"Тадбир пайтида"},{"$i":"alarm-at-event-allday","$v":"Тадбир кунида"},{"$i":"alarm-at-event-allday-hour12","$v":"Тадбир кунида (9:00 ТО)"},{"$i":"alarm-at-event-allday-hour24","$v":"Тадбир кунида (09:00)"},{"$i":"notice-now","$v":"Hozir boshlab"},{"$i":"notice-5-minutes-before","$v":"5 daqiqadan boshlab"},{"$i":"notice-15-minutes-before","$v":"15 daqiqadan boshlab"},{"$i":"notice-30-minutes-before","$v":"30 daqiqadan so'ng boshlanadi"},{"$i":"notice-1-hour-before","$v":"1 soatdan boshlanadi"},{"$i":"notice-2-hours-before","$v":"2 soatdan boshlanadi"},{"$i":"notice-1-day-before","$v":"Ertadan boshlanadi"},{"$i":"notice-on-day-event-all","$v":"Bugun boshlab"},{"$i":"notice-1-day-before-all","$v":"Ertadan boshlanadi"},{"$i":"notice-2-day-before-all","$v":"2 kundan boshlab"},{"$i":"notice-weeks-before-all","$v":[{"t":"idOrVar","v":"startDate"}," куни бошланади"]},{"$i":"days-ago-yesterday","$v":["Кеча ",{"t":"idOrVar","v":"timeString"}]},{"$i":"days-ago-today","$v":["Бугун ",{"t":"idOrVar","v":"timeString"}]},{"$i":"days-ago-yesterday-single","$v":"Кеча"},{"$i":"days-ago-today-single","$v":"Бугун"},{"$i":"alarm-started-notices","$v":["Бошланди ",{"t":"idOrVar","v":"distance"}]},{"$i":"alarm-starting-notices","$v":["Бошланмоқда ",{"t":"idOrVar","v":"distance"}]},{"$i":"minutes-ago-long","$v":{"few":[{"t":"idOrVar","v":"value"}," дақиқа олдин"],"many":[{"t":"idOrVar","v":"value"}," дақиқа олдин"],"other":[{"t":"idOrVar","v":"value"}," дақиқа олдин"],"two":[{"t":"idOrVar","v":"value"}," дақиқа олдин"],"one":"бир дақиқа аввал","zero":"ҳозиргина"},"$x":[{"t":"idOrVar","v":"plural"},"value"]},{"$i":"hours-ago-long","$v":{"few":[{"t":"idOrVar","v":"value"}," соат олдин"],"many":[{"t":"idOrVar","v":"value"}," соат олдин"],"other":[{"t":"idOrVar","v":"value"}," соат олдин"],"two":[{"t":"idOrVar","v":"value"}," соат олдин"],"one":"1 soat avval","zero":"ҳозиргина"},"$x":[{"t":"idOrVar","v":"plural"},"value"]},{"$i":"alarm-start-notice","$v":[{"t":"idOrVar","v":"title"}," бошламоқда: ",{"t":"idOrVar","v":"distance"}]},{"$i":"alarm-started-notice","$v":[{"t":"idOrVar","v":"title"}," бошлади: ",{"t":"idOrVar","v":"distance"}]},{"$i":"alarm-start-notice-two-days","$v":[{"t":"idOrVar","v":"title"}," икки кунда бошланади"]},{"$i":"alarm-start-notice-few-days","$v":[{"t":"idOrVar","v":"title"}," ",{"t":"idOrVar","v":"distance"}," масофада бошланади"]},{"$i":"days-before-hour12","$v":{"few":[{"t":"idOrVar","v":"value"}," кун олдин (9:00 ТО)"],"many":[{"t":"idOrVar","v":"value"}," кун олдин (9:00 ТО)"],"one":"1 кун олдин (9:00 ТО)","other":[{"t":"idOrVar","v":"value"}," кун олдин (9:00 ТО)"],"two":[{"t":"idOrVar","v":"value"}," кун олдин (9:00 ТО)"],"zero":"0 кун олдин (9:00 ТО)"},"$x":[{"t":"idOrVar","v":"plural"},"value"]},{"$i":"weeks-before-hour12","$v":{"few":[{"t":"idOrVar","v":"value"}," ҳафта олдин (9:00 ТО)"],"many":[{"t":"idOrVar","v":"value"}," ҳафта олдин (9:00 ТО)"],"one":"1 ҳафта олдин (9:00 ТО)","other":[{"t":"idOrVar","v":"value"}," ҳафта олдин (9:00 ТО)"],"two":[{"t":"idOrVar","v":"value"}," ҳафта олдин (9:00 ТО)"],"zero":"0 ҳафта олдин (9:00 ТО)"},"$x":[{"t":"idOrVar","v":"plural"},"value"]},{"$i":"days-before-hour24","$v":{"few":[{"t":"idOrVar","v":"value"}," кун олдин (09:00)"],"many":[{"t":"idOrVar","v":"value"}," кун олдин (09:00)"],"one":"1 кун олдин (09:00)","other":[{"t":"idOrVar","v":"value"}," кун олдин (09:00)"],"two":[{"t":"idOrVar","v":"value"}," кун олдин (09:00)"],"zero":"0 кун олдин (09:00)"},"$x":[{"t":"idOrVar","v":"plural"},"value"]},{"$i":"weeks-before-hour24","$v":{"few":[{"t":"idOrVar","v":"value"}," ҳафта олдин (09:00)"],"many":[{"t":"idOrVar","v":"value"}," ҳафта олдин (09:00)"],"one":"1 ҳафта олдин (09:00)","other":[{"t":"idOrVar","v":"value"}," ҳафта олдин (09:00)"],"two":[{"t":"idOrVar","v":"value"}," ҳафта олдин (09:00)"],"zero":"0 ҳафта олдин (09:00)"},"$x":[{"t":"idOrVar","v":"plural"},"value"]},{"$i":"minutes-before","$v":{"few":[{"t":"idOrVar","v":"value"}," дақиқа аввал"],"many":[{"t":"idOrVar","v":"value"}," дақиқа аввал"],"one":"1 дақиқа аввал","other":[{"t":"idOrVar","v":"value"}," дақиқа аввал"],"two":[{"t":"idOrVar","v":"value"}," дақиқа аввал"],"zero":"0 дақиқа аввал"},"$x":[{"t":"idOrVar","v":"plural"},"value"]},{"$i":"hours-before","$v":{"few":[{"t":"idOrVar","v":"value"}," соат аввал"],"many":[{"t":"idOrVar","v":"value"}," соат аввал"],"one":"1 соат аввал","other":[{"t":"idOrVar","v":"value"}," соат аввал"],"two":[{"t":"idOrVar","v":"value"}," соат аввал"],"zero":"0 соат аввал"},"$x":[{"t":"idOrVar","v":"plural"},"value"]},{"$i":"days-before","$v":{"few":[{"t":"idOrVar","v":"value"}," кун аввал"],"many":[{"t":"idOrVar","v":"value"}," кун аввал"],"one":"1 кун аввал","other":[{"t":"idOrVar","v":"value"}," кун аввал"],"two":[{"t":"idOrVar","v":"value"}," кун аввал"],"zero":"0 кун аввал"},"$x":[{"t":"idOrVar","v":"plural"},"value"]},{"$i":"weeks-before","$v":{"few":[{"t":"idOrVar","v":"value"}," ҳафта аввал"],"many":[{"t":"idOrVar","v":"value"}," ҳафта аввал"],"one":"1 ҳафта аввал","other":[{"t":"idOrVar","v":"value"}," ҳафта аввал"],"two":[{"t":"idOrVar","v":"value"}," ҳафта аввал"],"zero":"0 ҳафта аввал"},"$x":[{"t":"idOrVar","v":"plural"},"value"]},{"$i":"months-before","$v":{"few":[{"t":"idOrVar","v":"value"}," ой аввал"],"many":[{"t":"idOrVar","v":"value"}," ой аввал"],"one":"1 ой аввал","other":[{"t":"idOrVar","v":"value"}," ой аввал"],"two":[{"t":"idOrVar","v":"value"}," ой аввал"],"zero":"0 ой аввал"},"$x":[{"t":"idOrVar","v":"plural"},"value"]},{"$i":"years-before","$v":{"few":[{"t":"idOrVar","v":"value"}," йил аввал"],"many":[{"t":"idOrVar","v":"value"}," йил аввал"],"one":"1 йил аввал","other":[{"t":"idOrVar","v":"value"}," йил аввал"],"two":[{"t":"idOrVar","v":"value"}," йил аввал"],"zero":"0 йил аввал"},"$x":[{"t":"idOrVar","v":"plural"},"value"]},{"$i":"minutes-after","$v":{"few":[{"t":"idOrVar","v":"value"}," дақиқа кейин"],"many":[{"t":"idOrVar","v":"value"}," дақиқа кейин"],"one":"1 дақиқа кейин","other":[{"t":"idOrVar","v":"value"}," дақиқа кейин"],"two":[{"t":"idOrVar","v":"value"}," дақиқа кейин"],"zero":"0 дақиқа кейин"},"$x":[{"t":"idOrVar","v":"plural"},"value"]},{"$i":"hours-after","$v":{"few":[{"t":"idOrVar","v":"value"}," соат кейин"],"many":[{"t":"idOrVar","v":"value"}," соат кейин"],"one":"1 соат кейин","other":[{"t":"idOrVar","v":"value"}," соат кейин"],"two":[{"t":"idOrVar","v":"value"}," соат кейин"],"zero":"0 соат кейин"},"$x":[{"t":"idOrVar","v":"plural"},"value"]},{"$i":"days-after","$v":{"few":[{"t":"idOrVar","v":"value"}," кун кейин"],"many":[{"t":"idOrVar","v":"value"}," кун кейин"],"one":"1 кун кейин","other":[{"t":"idOrVar","v":"value"}," кун кейин"],"two":[{"t":"idOrVar","v":"value"}," кун кейин"],"zero":"0 кун кейин"},"$x":[{"t":"idOrVar","v":"plural"},"value"]},{"$i":"weeks-after","$v":{"few":[{"t":"idOrVar","v":"value"}," ҳафта кейин"],"many":[{"t":"idOrVar","v":"value"}," ҳафта кейин"],"one":"1 ҳафта кейин","other":[{"t":"idOrVar","v":"value"}," ҳафта кейин"],"two":[{"t":"idOrVar","v":"value"}," ҳафта кейин"],"zero":"0 ҳафта кейин"},"$x":[{"t":"idOrVar","v":"plural"},"value"]},{"$i":"months-after","$v":{"few":[{"t":"idOrVar","v":"value"}," ой кейин"],"many":[{"t":"idOrVar","v":"value"}," ой кейин"],"one":"1 ой кейин","other":[{"t":"idOrVar","v":"value"}," ой кейин"],"two":[{"t":"idOrVar","v":"value"}," ой кейин"],"zero":"0 ой кейин"},"$x":[{"t":"idOrVar","v":"plural"},"value"]},{"$i":"years-after","$v":{"few":[{"t":"idOrVar","v":"value"}," йил кейин"],"many":[{"t":"idOrVar","v":"value"}," йил кейин"],"one":"1 йил кейин","other":[{"t":"idOrVar","v":"value"}," йил кейин"],"two":[{"t":"idOrVar","v":"value"}," йил кейин"],"zero":"0 йил кейин"},"$x":[{"t":"idOrVar","v":"plural"},"value"]},{"$i":"event-notice-timeformat","$v":[{"t":"idOrVar","v":"start"}," - ",{"t":"idOrVar","v":"end"}]},{"$i":"tomorrow-event-notice-timeformat","$v":["Эртага, ",{"t":"idOrVar","v":"start"}," - ",{"t":"idOrVar","v":"end"}]},{"$i":"today-all-day-event","$v":"Бугун"},{"$i":"tomorrow-all-day-event","$v":"эртага"},{"$i":"hour-format12","$v":"%I"},{"$i":"hour-format24","$v":"%H"},{"$i":"week-hour-format12","$v":"%I"},{"$i":"week-hour-format24","$v":"%H"},{"$i":"hour-allday","$v":"Кун бўйи"},{"$i":"kai-week-day","$v":"%a\\n%e"},{"$i":"current-time12","$v":"%I:%M"},{"$i":"current-time24","$v":"%H:%M"},{"$i":"multi-month-view-header-format","$v":"%B %Y"},{"$i":"day-view-header-format","$v":"%A, %B %e"},{"$i":"months-day-view-header-format","$v":"%A, %B %e"},{"$i":"months-day-view-header-format-small","$v":{"$o":"%a <br/> %b, %e"}},{"$i":"week-view-header-format","$v":[{"t":"idOrVar","v":"value"},"-ҳафта, %B %Y"]},{"$i":"longDateFormat","$v":"%A, %B %e, %Y"},{"$i":"longTimeFormat","$v":"%A %B %d"},{"$i":"longTimeFormat12","$v":"%A %B %d %I %p"},{"$i":"longTimeFormat24","$v":"%A %B %d соат %H"},{"$i":"weekTimeFormat12","$v":"%I %p"},{"$i":"weekTimeFormat24","$v":"соат %H"},{"$i":"weekDayFormat","$v":"%A %d"},{"$i":"alldayLongTimeFormat","$v":"%A %B %d (кун бўйи)"},{"$i":"dayHour12","$v":"%I %p"},{"$i":"dayHour24","$v":"соат %H"},{"$i":"longDateTime12","$v":"%I %p, %a, %d %b, %Y"},{"$i":"longDateTime24","$v":"%H, %a, %d %b, %Y"},{"$i":"upcoming-events","$v":"Навбатдаги тадбирлар"},{"$i":"search-results","$v":"Қидирув натижалари"},{"$i":"no-event-found","$v":"Ҳеч қандай тадбир топилмади"},{"$i":"longDateTimeNew12","$v":"%a, %B %e, %Y, %I:%M %p"},{"$i":"longDateTimeNew24","$v":"%a, %B %e, %Y, %H:%M"},{"$i":"longDateTimeNewNoHour12","$v":"%a, %B %e, %Y"},{"$i":"longDateTimeNewNoHour24","$v":"%a, %B %e, %Y"},{"$i":"error-start-date-after-end-date","$v":"Тадбир бошланиш санасидан олдин тугамайди."},{"$i":"error-start-time-after-end-time","$v":"Тадбир бошланиш санасидан олдин тугамайди."},{"$i":"error-unauthenticated","$v":"Юзер ёки парол нотўғри, қайта урининг."},{"$i":"error-internal-server-error","$v":"Сервер хатоси, қайта урининг."},{"$i":"error-unkown","$v":"Серверга уланилмади, кейинроқ қайта урининг."},{"$i":"error-default","$v":"Кейинроқ қайта урининг."},{"$i":"error-offline","$v":"Интернет алоқаси мавжуд эмас."},{"$i":"error-account-exist","$v":"Бу ҳисоб аллақачон мавжуд."},{"$i":"error-confirmation-title","$v":"Хато"},{"$i":"error-edit-online-event","$v":"Интернетга уланмагансиз, онлайн тадбир таҳрирланмади."},{"$i":"error-delete-online-event","$v":"Internetga ulanmaganligi sababli onlayn tadbirni o'chirib bo'lmadi."},{"$i":"error-add-online-event","$v":"Интернетга уланмагансиз, онлайн тадбир қўшилмади."},{"$i":"error-start-date-before-seleced-day","$v":"Тадбир жорий санадан олдин бошланиши мумкин эмас."},{"$i":"notification-error-sync-title","$v":"Тақвим синх хатоси"},{"$i":"notification-error-sync-description","$v":"Маълумот учун босинг"},{"$i":"notification-error-caldav-sync-title","$v":"Хисоб хатоси"},{"$i":"notification-error-caldav-sync-description","$v":"Қайтадан киринг"},{"$i":"weekday-0-single-char","$v":"С","ariaLabel":"Якшанба"},{"$i":"weekday-1-single-char","$v":"М","ariaLabel":"Душанба"},{"$i":"weekday-2-single-char","$v":"Т","ariaLabel":"Сешанба"},{"$i":"weekday-3-single-char","$v":"Ҳ","ariaLabel":"Чоршанба"},{"$i":"weekday-4-single-char","$v":"Т","ariaLabel":"Пайшанба"},{"$i":"weekday-5-single-char","$v":"F","ariaLabel":"Жума"},{"$i":"weekday-6-single-char","$v":"С","ariaLabel":"Шанба"},{"$i":"busy","$v":{"few":[{"t":"idOrVar","v":"n"}," та тадбир"],"many":[{"t":"idOrVar","v":"n"}," та тадбир"],"one":[{"t":"idOrVar","v":"n"}," та тадбир"],"other":[{"t":"idOrVar","v":"n"}," та тадбир"],"two":[{"t":"idOrVar","v":"n"}," та тадбир"],"zero":"Тадбир йўқ"},"$x":[{"t":"idOrVar","v":"plural"},"n"]},{"$i":"present","ariaLabel":"Бугун"},{"$i":"past-other-month-description","ariaLabel":"Бошқа ой"},{"$i":"future-other-month-description","ariaLabel":"Бошқа ой"},{"$i":"icon-calendar-alarm","ariaLabel":"Сигналли"},{"$i":"calendars","ariaLabel":"Тақвимлар"},{"$i":"multi-day-new-event-link","ariaLabel":"Тадбир қўшиш"},{"$i":"title","ariaLabel":"Сарлавҳа"},{"$i":"location","ariaLabel":"Жойлашув"},{"$i":"duration","ariaLabel":"Давомийлиги"},{"$i":"calendar","ariaLabel":"Тақвим"},{"$i":"alarms","ariaLabel":"Сигналлар"},{"$i":"description","ariaLabel":"Таъриф"},{"$i":"start-date","ariaLabel":"Бошланиш санаси"},{"$i":"start-time","ariaLabel":"Бошланиш вақти"},{"$i":"end-date","ariaLabel":"Тугаш санаси"},{"$i":"end-time","ariaLabel":"Тугаш вақти"},{"$i":"during-progress-loading","ariaValueText":"Юкланмоқда"},{"$i":"all-day","ariaLabel":"Кун бўйи"},{"$i":"create-event","ariaLabel":"Тадбир яратиш"},{"$i":"create-all-day-event","ariaLabel":"Кун бўйи тад. яр-ш"},{"$i":"event-one-day-duration","ariaLabel":[{"t":"idOrVar","v":"startTime"}," – ",{"t":"idOrVar","v":"endTime"}]},{"$i":"week-event-one-day-duration","ariaLabel":[{"t":"idOrVar","v":"startDate"},", ",{"t":"idOrVar","v":"startTime"}," - ",{"t":"idOrVar","v":"endTime"}]},{"$i":"event-multiple-day-duration","ariaLabel":[{"t":"idOrVar","v":"startTime"}," ",{"t":"idOrVar","v":"startDate"}," – ",{"t":"idOrVar","v":"endTime"}," ",{"t":"idOrVar","v":"endDate"}]},{"$i":"kai-event-added","$v":"Tadbir qo‘shildi."},{"$i":"kai-event-updated","$v":"Tadbir yangilandi."},{"$i":"kai-event-deleted","$v":"Tadbir o'chirildi."},{"$i":"kai-change-save","$v":"Ўзгаришлар сақланди"},{"$i":"event-sync-failure","$v":"Onlayn taqvimga sinxronlab bo'lmadi."},{"$i":"kai-event-calendar","$v":"Тақвим"},{"$i":"kai-single-event","$v":"voqea"},{"$i":"kai-event-count","$v":"voqealar"},{"$i":"kai-sync-progress-syncing","$v":"Синхронланмоқда"},{"$i":"kai-sync-progress-complete","$v":"Taqvim yangilanadi."},{"$i":"kai-sync-sync-switch-close","$v":"Hisobni sinxronlab bo'lmadi, chunki sinxronlash o'chirilgan."},{"$i":"kai-settings-sounds","$v":"Овозлар"},{"$i":"kai-tones","$v":"Оҳанглар"},{"$i":"kai-multi-events","$v":"Hodisalar"},{"$i":"kai-confirmation-title","$v":"Тасдиқ"},{"$i":"kai-delete-selectedEvent-confirmation","$v":"Tanlangan tadbir o‘chirilsinmi?"},{"$i":"kai-deleteEvent-confirmation","$v":"Hodisa o‘chirilsinmi?"},{"$i":"kai-event-search-header","$v":"Қидирув","placeholder":"Қидирув"},{"$i":"kai-event-search-upcoming-events","$v":"Навбатдаги тадбирлар"},{"$i":"kai-delete","$v":"Ўчириш"},{"$i":"kai-cancel","$v":"Бекор қилиш"},{"$i":"kai-dialog-delete-sel","$v":"Haqiqatan ham tanlangan tadbirni yo'q qilmoqchimisiz?"},{"$i":"kai-delete-title","$v":"Тадбирни ўчириш"},{"$i":"kai-save-changes","$v":"O'zgarishlarni saqlash kerakmi?"},{"$i":"kai-save-message-back","$v":"Barcha kiritilgan ma'lumotlar yo'qoladi. O'zgarishlarni saqlamoqchimisiz?"},{"$i":"kai-save-message-close","$v":"Ilova ma'lumot yo'qolganda yopiladi. O'zgarishlarni saqlamoqchimisiz?"},{"$i":"yes","$v":"Ҳа"},{"$i":"no","$v":"Йўқ"},{"$i":"confirmation","$v":"Тасдиқ"},{"$i":"ok","$v":"Ok"},{"$i":"delete-event","$v":"Hodisa o‘chirilsinmi?"},{"$i":"edit-event-no-net","$v":"Интернетга уланмагансиз, онлайн тадбир таҳрирланмади."},{"$i":"kai-settings-header","$v":"Кўрсатиладиган тақвим"},{"$i":"kai-syncing","$v":"Sinxronlanmoqda ..."},{"$i":"kai-syncing-header","$v":"Hisobni sinxronlash"},{"$i":"select","$v":"Танлаш"},{"$i":"add-event","$v":"Тадбир қўшиш"},{"$i":"week-view","$v":"Ҳафта кўриниши"},{"$i":"day-view","$v":"Кунлик кўриниш"},{"$i":"month-view","$v":"Ойлик кўриниш"},{"$i":"today","$v":"Бугун"},{"$i":"go","$v":"Санага ўтиш"},{"$i":"search","$v":"Қидирув"},{"$i":"calendar-to-display","$v":"Кўрсатиладиган тақвим"},{"$i":"settings","$v":"Созламалар"},{"$i":"delete","$v":"Ўчириш"},{"$i":"enter","$v":"Киритиш"},{"$i":"sync-calendar","$v":"Тақвимни синхронлаш"},{"$i":"lunar-calendar","$v":"Ой куни"},{"$i":"present-description","$v":["Бугун ",{"t":"idOrVar","v":"weekday"},", ",{"t":"idOrVar","v":"date"}]},{"$i":"day-description","$v":[{"t":"idOrVar","v":"date"},"-",{"t":"idOrVar","v":"weekday"}]},{"$i":"weekday-5","$v":"Жума"},{"$i":"weekday-4","$v":"Пайшанба"},{"$i":"weekday-3","$v":"Чоршанба"},{"$i":"weekday-2","$v":"Сешанба"},{"$i":"weekday-1","$v":"Душанба"},{"$i":"weekday-0","$v":"Якшанба"},{"$i":"weekday-6","$v":"Шанба"},{"$i":"no-title","$v":"Sarlavha yo'q"},{"$i":"account-sync-off-tip","$v":"Hodisani tahrirlash yoki o'chirish uchun ushbu hisob qaydnomasini sinxronlashtirishni yoqing."},{"$i":"weekday-0-long","$v":"Якшанба"},{"$i":"weekday-1-long","$v":"Душанба"},{"$i":"weekday-2-long","$v":"Сешанба"},{"$i":"weekday-3-long","$v":"Чоршанба"},{"$i":"weekday-4-long","$v":"Пайшанба"},{"$i":"weekday-5-long","$v":"Жума"},{"$i":"weekday-6-long","$v":"Шанба"},{"$i":"weekday-0-short","$v":"Якш"},{"$i":"weekday-1-short","$v":"Душ"},{"$i":"weekday-2-short","$v":"Сеш"},{"$i":"weekday-3-short","$v":"Чор"},{"$i":"weekday-4-short","$v":"Пай"},{"$i":"weekday-5-short","$v":"Жум"},{"$i":"weekday-6-short","$v":"Шан"},{"$i":"month-0-long","$v":"Январ"},{"$i":"month-1-long","$v":"Феврал"},{"$i":"month-2-long","$v":"Март"},{"$i":"month-3-long","$v":"Апрель"},{"$i":"month-4-long","$v":"Май"},{"$i":"month-5-long","$v":"Июн"},{"$i":"month-6-long","$v":"Июл"},{"$i":"month-7-long","$v":"Август"},{"$i":"month-8-long","$v":"Сентябр"},{"$i":"month-9-long","$v":"Октябр"},{"$i":"month-10-long","$v":"Ноябр"},{"$i":"month-11-long","$v":"Декабр"},{"$i":"month-0-genitive","$v":"Январь"},{"$i":"month-1-genitive","$v":"Февраль"},{"$i":"month-2-genitive","$v":"Март"},{"$i":"month-3-genitive","$v":"Апрель"},{"$i":"month-4-genitive","$v":"Май"},{"$i":"month-5-genitive","$v":"Июнь"},{"$i":"month-6-genitive","$v":"Июль"},{"$i":"month-7-genitive","$v":"Август"},{"$i":"month-8-genitive","$v":"Сентябрь"},{"$i":"month-9-genitive","$v":"Октябрь"},{"$i":"month-10-genitive","$v":"Ноябрь"},{"$i":"month-11-genitive","$v":"Декабрь"},{"$i":"month-0-short","$v":"Янв"},{"$i":"month-1-short","$v":"Фев"},{"$i":"month-2-short","$v":"Мар"},{"$i":"month-3-short","$v":"Апр"},{"$i":"month-4-short","$v":"Май"},{"$i":"month-5-short","$v":"Июн"},{"$i":"month-6-short","$v":"Июл"},{"$i":"month-7-short","$v":"Авг"},{"$i":"month-8-short","$v":"Сен"},{"$i":"month-9-short","$v":"Окт"},{"$i":"month-10-short","$v":"Ноя"},{"$i":"month-11-short","$v":"Дек"},{"$i":"days-ago-long","$v":{"few":[{"t":"idOrVar","v":"value"}," кун олдин"],"many":[{"t":"idOrVar","v":"value"}," кун олдин"],"one":"кеча","other":[{"t":"idOrVar","v":"value"}," кун олдин"],"two":[{"t":"idOrVar","v":"value"}," кун олдин"],"zero":"бугун"},"$x":[{"t":"idOrVar","v":"plural"},"value"]},{"$i":"weeks-ago-long","$v":{"few":[{"t":"idOrVar","v":"value"}," ҳафта олдин"],"many":[{"t":"idOrVar","v":"value"}," ҳафта олдин"],"one":"ўтган ҳафта","other":[{"t":"idOrVar","v":"value"}," ҳафта олдин"],"two":[{"t":"idOrVar","v":"value"}," ҳафта олдин"],"zero":"шу ҳафта"},"$x":[{"t":"idOrVar","v":"plural"},"value"]},{"$i":"months-ago-long","$v":{"few":[{"t":"idOrVar","v":"value"}," ой олдин"],"many":[{"t":"idOrVar","v":"value"}," ой олдин"],"one":"ўтган ой","other":[{"t":"idOrVar","v":"value"}," ой олдин"],"two":[{"t":"idOrVar","v":"value"}," ой олдин"],"zero":"бу ой"},"$x":[{"t":"idOrVar","v":"plural"},"value"]},{"$i":"years-ago-long","$v":{"few":[{"t":"idOrVar","v":"value"}," йил олдин"],"many":[{"t":"idOrVar","v":"value"}," йил олдин"],"one":"ўтган йил","other":[{"t":"idOrVar","v":"value"}," йил олдин"],"two":[{"t":"idOrVar","v":"value"}," йил олдин"],"zero":"шу йил"},"$x":[{"t":"idOrVar","v":"plural"},"value"]},{"$i":"minutes-until-long","$v":{"few":[{"t":"idOrVar","v":"value"}," дақиқада"],"many":[{"t":"idOrVar","v":"value"}," дақиқада"],"other":[{"t":"idOrVar","v":"value"}," дақиқада"],"two":[{"t":"idOrVar","v":"value"}," дақиқада"],"zero":"ҳозир","one":"1 daqiqada"},"$x":[{"t":"idOrVar","v":"plural"},"value"]},{"$i":"hours-until-long","$v":{"few":[{"t":"idOrVar","v":"value"}," соатда"],"many":[{"t":"idOrVar","v":"value"}," соатда"],"other":[{"t":"idOrVar","v":"value"}," соатда"],"two":[{"t":"idOrVar","v":"value"}," соатда"],"zero":"ҳозир","one":"1 soat ichida"},"$x":[{"t":"idOrVar","v":"plural"},"value"]},{"$i":"days-until-long","$v":{"few":[{"t":"idOrVar","v":"value"}," кунда"],"many":[{"t":"idOrVar","v":"value"}," кунда"],"one":"эртага","other":[{"t":"idOrVar","v":"value"}," кунда"],"two":[{"t":"idOrVar","v":"value"}," кунда"],"zero":"бугун"},"$x":[{"t":"idOrVar","v":"plural"},"value"]},{"$i":"weeks-until-long","$v":{"few":[{"t":"idOrVar","v":"value"}," ҳафтада"],"many":[{"t":"idOrVar","v":"value"}," ҳафтада"],"one":"кейинги ҳафта","other":[{"t":"idOrVar","v":"value"}," ҳафтада"],"two":[{"t":"idOrVar","v":"value"}," ҳафтада"],"zero":"шу ҳафта"},"$x":[{"t":"idOrVar","v":"plural"},"value"]},{"$i":"months-until-long","$v":{"few":[{"t":"idOrVar","v":"value"}," ойда"],"many":[{"t":"idOrVar","v":"value"}," ойда"],"one":"кейинги ой","other":[{"t":"idOrVar","v":"value"}," ойда"],"two":[{"t":"idOrVar","v":"value"}," ойда"],"zero":"бу ой"},"$x":[{"t":"idOrVar","v":"plural"},"value"]},{"$i":"years-until-long","$v":{"few":[{"t":"idOrVar","v":"value"}," йилда"],"many":[{"t":"idOrVar","v":"value"}," йилда"],"one":"кейинги йил","other":[{"t":"idOrVar","v":"value"}," йилда"],"two":[{"t":"idOrVar","v":"value"}," йилда"],"zero":"шу йил"},"$x":[{"t":"idOrVar","v":"plural"},"value"]},{"$i":"minutes-ago-short","$v":{"other":[{"t":"idOrVar","v":"value"},"д олдин"],"zero":"ҳозиргина"},"$x":[{"t":"idOrVar","v":"plural"},"value"]},{"$i":"hours-ago-short","$v":{"other":[{"t":"idOrVar","v":"value"},"с олдин"],"zero":"ҳозиргина"},"$x":[{"t":"idOrVar","v":"plural"},"value"]},{"$i":"days-ago-short","$v":{"other":[{"t":"idOrVar","v":"value"},"к олдин"],"zero":"бугун"},"$x":[{"t":"idOrVar","v":"plural"},"value"]},{"$i":"minutes-until-short","$v":{"other":[{"t":"idOrVar","v":"value"},"д"],"zero":"ҳозир"},"$x":[{"t":"idOrVar","v":"plural"},"value"]},{"$i":"hours-until-short","$v":{"other":[{"t":"idOrVar","v":"value"},"с"],"zero":"ҳозир"},"$x":[{"t":"idOrVar","v":"plural"},"value"]},{"$i":"days-until-short","$v":{"other":[{"t":"idOrVar","v":"value"},"к"],"zero":"бугун"},"$x":[{"t":"idOrVar","v":"plural"},"value"]},{"$i":"incorrectDate","$v":"(сана хато)"},{"$i":"dateTimeFormat_%c","$v":"%a %b %e %Y %I:%M:%S %p"},{"$i":"dateTimeFormat_%x","$v":"%m/%d/%Y"},{"$i":"dateTimeFormat_%X","$v":"%I:%M:%S %p"},{"$i":"shortTimeFormat","$v":"%I:%M %p"},{"$i":"shortTimeFormat12","$v":"%I:%M %p"},{"$i":"shortTimeFormat24","$v":"%H:%M"},{"$i":"shortDateTimeFormat","$v":"%x %I:%M %p"},{"$i":"weekStartsOnMonday","$v":"0.0"},{"$i":"firstDayOfTheWeek","$v":"1.0"},{"$i":"time_am","$v":"ТО"},{"$i":"time_pm","$v":"ТК"},{"$i":"softkey-options","$v":"Параметрлар"}]