[{"$i":"back","$v":"Emva"},{"$i":"save","$v":"Gcina"},{"$i":"cancel","$v":"Rhoxisa"},{"$i":"next","$v":"Okulandelayo"},{"$i":"hide","$v":"Fihla"},{"$i":"confirm","$v":"Qinisekisa"},{"$i":"done","$v":"Igqibile"},{"$i":"events","$v":"Isikhumbuzo Seziganeko"},{"$i":"edit","$v":"Hlela"},{"$i":"allday-events","$v":"Isikhumbuzo Seziganeko Zosuku Lonke"},{"$i":"no-events","$v":"Azikho iziganeko"},{"$i":"default","$v":"Idifothi"},{"$i":"sync","$v":"Dibanisa"},{"$i":"repeat","$v":"Phinda"},{"$i":"never","$v":"Ungaze"},{"$i":"every-day","$v":"Qho Ngosuku"},{"$i":"every-week","$v":"Every week"},{"$i":"every-2-weeks","$v":"Every 2 weeks"},{"$i":"every-month","$v":"Every month"},{"$i":"view-never","$v":"Repeat: Never"},{"$i":"view-every-day","$v":"Repeat: Daily"},{"$i":"view-every-week","$v":"Repeat: Weekly"},{"$i":"view-every-2-weeks","$v":"Repeat: Every two weeks"},{"$i":"view-every-month","$v":"Repeat: Monthly"},{"$i":"repeat-event-header","$v":"This is a repeating event."},{"$i":"delete-this-only","$v":"Delete this only"},{"$i":"delete-all","$v":"Cima zonke"},{"$i":"event-edit-all","$v":"Edit all events"},{"$i":"event-edit-all-future","$v":"Edit all future events"},{"$i":"options","$v":"Ukhetho"},{"$i":"event-delete-all","$v":"Cima zonke iziganeko"},{"$i":"event-delete-all-future","$v":"Delete all future events"},{"$i":"delete-account","$v":"Delete Acct"},{"$i":"exchange-account","$v":"Vuselela Ukudibana"},{"$i":"account-user-name","$v":"Igama lomsebenzisi"},{"$i":"incorrect-password-description","$v":"Akungeneki kwiseva, nceda ujonge ukuba ipaswedi yakho ilungile"},{"$i":"incorrect-password","$v":"Incorrect Password"},{"$i":"account-duplicate","$v":"Account already exists. Syncing is turned on."},{"$i":"error-account","$v":"Server unavailable. Please try again later."},{"$i":"error-access-denied","$v":"An unknown error has occurred, please try again later."},{"$i":"error-time-out","$v":["Unable to establish connection with \"",{"t":"idOrVar","v":"server"},"\". There may be a problem with the network."]},{"$i":"caldav-account-exist","$v":"Account already exists."},{"$i":"save-password","$v":"Password saved."},{"$i":"account-login","$v":"Account Login"},{"$i":"setting-up-account","$v":"Setting up account"},{"$i":"setup-account-usedInfo","$v":"This account will be used by below apps. You can change this in Settings>Account."},{"$i":"app-calendar","$v":"Calendar"},{"$i":"show-today","$v":"Namhlanje"},{"$i":"show-month-view","$v":"Inyanga"},{"$i":"show-week-view","$v":"Iveki"},{"$i":"show-day-view","$v":"Usuku"},{"$i":"settings-show","$v":"Iisetingi"},{"$i":"settings-hide","$v":"Fihla iisetingi"},{"$i":"add-account","$v":"Yongeza iakhawunti"},{"$i":"new-event","$v":"Yongeza isiganeko"},{"$i":"view-event-header","$v":"Iinkcukacha Zesiganeko"},{"$i":"new-event-header","$v":"Yongeza Isiganeko"},{"$i":"edit-event-header","$v":"Hlela Isiganeko"},{"$i":"account-header","$v":"Iakhawunti"},{"$i":"account-list-header","$v":"Iiakhawunti"},{"$i":"advanced-settings-short-icon-button","ariaLabel":"Iisetingi"},{"$i":"advanced-settings-header","$v":"Iisetingi Zekhalenda"},{"$i":"advanced-settings-personalization","$v":"Hlaziya iFrekhwensi"},{"$i":"advanced-settings-reminders","$v":"Isikhumbuzo"},{"$i":"advanced-settings-add-account","$v":"Yongeza Iakhawunti"},{"$i":"field-user","$v":"Igama lomsebenzisi"},{"$i":"field-password","$v":"Iphaswedi"},{"$i":"show-password","$v":"Bonisa iphaswedi"},{"$i":"field-full-url","$v":"i-URL"},{"$i":"modify-account-setting-up","$v":"Nceda ulinde ngoxa iakhawunti yakho isetwa"},{"$i":"modify-account-unable-to-sync","$v":"Ayikwazi kudibana"},{"$i":"modify-account-sign-in","$v":"Sayina ungene"},{"$i":"sync-account","$v":"Dibanisa iakhawunti"},{"$i":"deselect","$v":"Yekisa ukhetho"},{"$i":"kai-caldav","$v":"CalDav"},{"$i":"kai-yahoo","$v":"I-Yahoo!"},{"$i":"kai-google","$v":"i-Google"},{"$i":"preset-mozilla","$v":"i-Mozilla Zimbra"},{"$i":"calendar-local","$v":"Ikhalenda Yefowuni"},{"$i":"event-title","$v":"Umxholo"},{"$i":"event-location","$v":"Indawo"},{"$i":"event-description","$v":"Amagqabaza"},{"$i":"event-is-allday","$v":"Isiganeko Sosuku lonke"},{"$i":"event-start-date","$v":"Umhla Wokuqalisa"},{"$i":"event-end-date","$v":"Umhla wokuGqiba"},{"$i":"event-start-time","$v":"Ixesha Lokuqala"},{"$i":"event-end-time","$v":"Ixesha Lokugqiba"},{"$i":"event-delete","$v":"Cima isiganeko"},{"$i":"event-is-deleting","$v":"Siyayicima."},{"$i":"remove-account-data","$v":"Khupha Iakhawunti"},{"$i":"remove-account-dialog","$v":"Khupha iakhawunti"},{"$i":"remove-account-dialog-details","$v":"Ukuba uyayicima le akhawunti, nazo ii-app ezisebenzisa le akhawunti ziza kuchaphazeleka."},{"$i":"remove","$v":"Shenxisa"},{"$i":"drawer-sync-icon-button","ariaLabel":"Dibanisa"},{"$i":"sync-progress-syncing","ariaValueText":"Iyadibanisa"},{"$i":"sync-progress-complete","ariaValueText":"Ukudibanisa kugqibile"},{"$i":"sync-frequency","$v":"Dibanisa Ikhalenda"},{"$i":"sync-frequency-15min","$v":"Qho ngemizuzu eli-15"},{"$i":"sync-frequency-30min","$v":"Qho ngemizuzu eyi-30"},{"$i":"sync-frequency-manual","$v":"NgeManyuwali"},{"$i":"from","$v":"Ukusuka"},{"$i":"to","$v":"Ukuya"},{"$i":"one-day-duration-title","$v":[{"t":"idOrVar","v":"startDate"}]},{"$i":"one-day-duration-content","$v":["Ukusuka",{"t":"idOrVar","v":"startTime"},"} ukuya ",{"t":"idOrVar","v":"endTime"}]},{"$i":"multiple-day-duration-title","$v":[{"t":"idOrVar","v":"startTime"}," ",{"t":"idOrVar","v":"startDate"}]},{"$i":"multiple-day-duration-content","$v":[{"t":"idOrVar","v":"endTime"}," ",{"t":"idOrVar","v":"endDate"}]},{"$i":"one-all-day-duration-title","$v":[{"t":"idOrVar","v":"startDate"}]},{"$i":"all-day-duration-content","$v":"Isiganeko sosuku lonke"},{"$i":"multiple-all-day-duration-title","$v":["Ukusuka  ",{"t":"idOrVar","v":"startDate"}]},{"$i":"multiple-all-day-duration-content","$v":["Ukuya ",{"t":"idOrVar","v":"endDate"}]},{"$i":"none","$v":"Akukho nto"},{"$i":"reminder","$v":"Isikhumbuzo"},{"$i":"remind-me","$v":"Ndikhumbuze"},{"$i":"alarm-at-event-standard","$v":"Ngexesha Lesiganeko"},{"$i":"alarm-at-event-allday","$v":"Kusuku Lwesiganeko"},{"$i":"alarm-at-event-allday-hour12","$v":"On day of event (9:00 AM)"},{"$i":"alarm-at-event-allday-hour24","$v":"On day of event (09:00)"},{"$i":"notice-now","$v":"Iqala ngoku"},{"$i":"notice-5-minutes-before","$v":"Iqalisa kwimizuzu eyi-5"},{"$i":"notice-15-minutes-before","$v":"Iqalisa kwimizuzu eyi-15"},{"$i":"notice-30-minutes-before","$v":"Iqalisa kwimizuzu eyi-30"},{"$i":"notice-1-hour-before","$v":"Iqalisa kwiyure eyi-1"},{"$i":"notice-2-hours-before","$v":"Iqalisa kwiiyure eziyi-2"},{"$i":"notice-1-day-before","$v":"Ukususela ngomso"},{"$i":"notice-on-day-event-all","$v":"Iqalisa namhlanje"},{"$i":"notice-1-day-before-all","$v":"Iqalisa ngomso"},{"$i":"notice-2-day-before-all","$v":"Iqalisa kwiintsuku eziyi-2"},{"$i":"notice-weeks-before-all","$v":["Iqalisa nge ",{"t":"idOrVar","v":"startDate"}]},{"$i":"days-ago-yesterday","$v":["Izolo ",{"t":"idOrVar","v":"timeString"}]},{"$i":"days-ago-today","$v":["Namhlanje ",{"t":"idOrVar","v":"timeString"}]},{"$i":"days-ago-yesterday-single","$v":"Izolo"},{"$i":"days-ago-today-single","$v":"Namhlanje"},{"$i":"alarm-started-notices","$v":["Iqalisile ",{"t":"idOrVar","v":"distance"}]},{"$i":"alarm-starting-notices","$v":["Iyaqalisa ",{"t":"idOrVar","v":"distance"}]},{"$i":"minutes-ago-long","$v":{"few":[{"t":"idOrVar","v":"value"}," kwimizuzu edlulileyo"],"many":[{"t":"idOrVar","v":"value"}," kwimizuzu edlulileyo"],"other":[{"t":"idOrVar","v":"value"}," kwimizuzu edlulileyo"],"two":[{"t":"idOrVar","v":"value"}," kwimizuzu edlulileyo"],"one":"Kumzuzu odlulileyo","zero":"Ngoku nje"},"$x":[{"t":"idOrVar","v":"plural"},"value"]},{"$i":"hours-ago-long","$v":{"few":[{"t":"idOrVar","v":"value"}," kwiiyure ezidlulileyo"],"many":[{"t":"idOrVar","v":"value"}," kwiiyure ezidlulileyo"],"other":[{"t":"idOrVar","v":"value"}," kwiiyure ezidlulileyo"],"two":[{"t":"idOrVar","v":"value"}," kwiiyure ezidlulileyo"],"one":"Kwiyure enye edlulileyo","zero":"Ngoku nje"},"$x":[{"t":"idOrVar","v":"plural"},"value"]},{"$i":"alarm-start-notice","$v":[{"t":"idOrVar","v":"title"}," iqala ",{"t":"idOrVar","v":"distance"}]},{"$i":"alarm-started-notice","$v":[{"t":"idOrVar","v":"title"}," iqale ",{"t":"idOrVar","v":"distance"}]},{"$i":"alarm-start-notice-two-days","$v":[{"t":"idOrVar","v":"title"}," iqala kwiintsuku ezimbini"]},{"$i":"alarm-start-notice-few-days","$v":[{"t":"idOrVar","v":"title"}," iqala ",{"t":"idOrVar","v":"distance"}]},{"$i":"days-before-hour12","$v":{"few":[{"t":"idOrVar","v":"value"}," days before (9:00 AM)"],"many":[{"t":"idOrVar","v":"value"}," days before (9:00 AM)"],"one":"1 day before (9:00 AM)","other":[{"t":"idOrVar","v":"value"}," days before (9:00 AM)"],"two":[{"t":"idOrVar","v":"value"}," days before (9:00 AM)"],"zero":"0 days before (9:00 AM)"},"$x":[{"t":"idOrVar","v":"plural"},"value"]},{"$i":"weeks-before-hour12","$v":{"few":[{"t":"idOrVar","v":"value"}," weeks before (9:00 AM)"],"many":[{"t":"idOrVar","v":"value"}," weeks before (9:00 AM)"],"one":"1 week before (9:00 AM)","other":[{"t":"idOrVar","v":"value"}," weeks before (9:00 AM)"],"two":[{"t":"idOrVar","v":"value"}," weeks before (9:00 AM)"],"zero":"0 weeks before (9:00 AM)"},"$x":[{"t":"idOrVar","v":"plural"},"value"]},{"$i":"days-before-hour24","$v":{"few":[{"t":"idOrVar","v":"value"}," days before (09:00)"],"many":[{"t":"idOrVar","v":"value"}," days before (09:00)"],"one":"1 day before (09:00)","other":[{"t":"idOrVar","v":"value"}," days before (09:00)"],"two":[{"t":"idOrVar","v":"value"}," days before (09:00)"],"zero":"0 days before (09:00)"},"$x":[{"t":"idOrVar","v":"plural"},"value"]},{"$i":"weeks-before-hour24","$v":{"few":[{"t":"idOrVar","v":"value"}," weeks before (09:00)"],"many":[{"t":"idOrVar","v":"value"}," weeks before (09:00)"],"one":"1 week before (09:00)","other":[{"t":"idOrVar","v":"value"}," weeks before (09:00)"],"two":[{"t":"idOrVar","v":"value"}," weeks before (09:00)"],"zero":"0 weeks before (09:00)"},"$x":[{"t":"idOrVar","v":"plural"},"value"]},{"$i":"minutes-before","$v":{"few":[{"t":"idOrVar","v":"value"}," Imizuzu Engaphambi"],"many":[{"t":"idOrVar","v":"value"}," Imizuzu Engaphambi"],"one":"1 Umzuzu Ongaphambi","other":[{"t":"idOrVar","v":"value"}," Imizuzu Engaphambi"],"two":[{"t":"idOrVar","v":"value"}," Imizuzu Engaphambi"],"zero":"0 Imizuzu Engaphambi"},"$x":[{"t":"idOrVar","v":"plural"},"value"]},{"$i":"hours-before","$v":{"few":[{"t":"idOrVar","v":"value"}," Iiyure Ezingaphambi"],"many":[{"t":"idOrVar","v":"value"}," Iiyure Ezingaphambi"],"one":"1 Iyure Engaphambi","other":[{"t":"idOrVar","v":"value"}," Iiyure Ezingaphambi"],"two":[{"t":"idOrVar","v":"value"}," Iiyure Ezingaphambi"],"zero":"0 Iiyure Ezingaphambi"},"$x":[{"t":"idOrVar","v":"plural"},"value"]},{"$i":"days-before","$v":{"few":[{"t":"idOrVar","v":"value"}," Iintsuku Ezingaphambi"],"many":[{"t":"idOrVar","v":"value"}," Iintsuku Ezingaphambi"],"one":"1 Usuku Olungaphambi","other":[{"t":"idOrVar","v":"value"}," Iintsuku Ezingaphambi"],"two":[{"t":"idOrVar","v":"value"}," Iintsuku Ezingaphambi"],"zero":"0 Iintsuku Ezingaphambi"},"$x":[{"t":"idOrVar","v":"plural"},"value"]},{"$i":"weeks-before","$v":{"few":[{"t":"idOrVar","v":"value"}," Iiveki Ezingaphambi"],"many":[{"t":"idOrVar","v":"value"}," Iiveki Ezingaphambi"],"one":"1 Iiveki Engaphambi","other":[{"t":"idOrVar","v":"value"}," Iiveki Ezingaphambi"],"two":[{"t":"idOrVar","v":"value"}," Iiveki Ezingaphambi"],"zero":"0 Iiveki Ezingaphambi"},"$x":[{"t":"idOrVar","v":"plural"},"value"]},{"$i":"months-before","$v":{"few":[{"t":"idOrVar","v":"value"}," Iinyanga Ezingaphambi"],"many":[{"t":"idOrVar","v":"value"}," Iinyanga Ezingaphambi"],"one":"1 Inyanga Engaphambi","other":[{"t":"idOrVar","v":"value"}," Iinyanga Ezingaphambi"],"two":[{"t":"idOrVar","v":"value"}," Iinyanga Ezingaphambi"],"zero":"0 Iinyanga Ezingaphambi"},"$x":[{"t":"idOrVar","v":"plural"},"value"]},{"$i":"years-before","$v":{"few":[{"t":"idOrVar","v":"value"}," Iminyaka Engaphambi"],"many":[{"t":"idOrVar","v":"value"}," Iminyaka Engaphambi"],"one":"1 Unyaka Ongaphambi","other":[{"t":"idOrVar","v":"value"}," Iminyaka Engaphambi"],"two":[{"t":"idOrVar","v":"value"}," Iminyaka Engaphambi"],"zero":"0 Iminyaka Engaphambi"},"$x":[{"t":"idOrVar","v":"plural"},"value"]},{"$i":"minutes-after","$v":{"few":[{"t":"idOrVar","v":"value"}," Imizuzu Esemva"],"many":[{"t":"idOrVar","v":"value"}," Imizuzu Esemva"],"one":"1 Umzuzu Osemva","other":[{"t":"idOrVar","v":"value"}," Imizuzu Esemva"],"two":[{"t":"idOrVar","v":"value"}," Imizuzu Esemva"],"zero":"0 Imizuzu Esemva"},"$x":[{"t":"idOrVar","v":"plural"},"value"]},{"$i":"hours-after","$v":{"few":[{"t":"idOrVar","v":"value"}," Iiyure Ezisemva"],"many":[{"t":"idOrVar","v":"value"}," Iiyure Ezisemva"],"one":"1 Iyure Esemva","other":[{"t":"idOrVar","v":"value"}," Iiyure Ezisemva"],"two":[{"t":"idOrVar","v":"value"}," Iiyure Ezisemva"],"zero":"0 Iiyure Ezisemva"},"$x":[{"t":"idOrVar","v":"plural"},"value"]},{"$i":"days-after","$v":{"few":[{"t":"idOrVar","v":"value"}," Iintsuku Ezisemva"],"many":[{"t":"idOrVar","v":"value"}," Iintsuku Ezisemva"],"one":"1 Usuku Olusemva","other":[{"t":"idOrVar","v":"value"}," Iintsuku Ezisemva"],"two":[{"t":"idOrVar","v":"value"}," Iintsuku Ezisemva"],"zero":"0 Iintsuku Ezisemva"},"$x":[{"t":"idOrVar","v":"plural"},"value"]},{"$i":"weeks-after","$v":{"few":[{"t":"idOrVar","v":"value"}," Iiveki Ezisemva"],"many":[{"t":"idOrVar","v":"value"}," Iiveki Ezisemva"],"one":"1 Iveki Esemva","other":[{"t":"idOrVar","v":"value"}," Iiveki Ezisemva"],"two":[{"t":"idOrVar","v":"value"}," Iiveki Ezisemva"],"zero":"0 Iiveki Ezisemva"},"$x":[{"t":"idOrVar","v":"plural"},"value"]},{"$i":"months-after","$v":{"few":[{"t":"idOrVar","v":"value"}," Iinyanga Ezisemva"],"many":[{"t":"idOrVar","v":"value"}," Iinyanga Ezisemva"],"one":"1 Inyanga Esemva","other":[{"t":"idOrVar","v":"value"}," Iinyanga Ezisemva"],"two":[{"t":"idOrVar","v":"value"}," Iinyanga Ezisemva"],"zero":"0 Iinyanga Ezisemva"},"$x":[{"t":"idOrVar","v":"plural"},"value"]},{"$i":"years-after","$v":{"few":[{"t":"idOrVar","v":"value"}," Iminyaka Esemva"],"many":[{"t":"idOrVar","v":"value"}," Iminyaka Esemva"],"one":"1 Unyaka Osemva","other":[{"t":"idOrVar","v":"value"}," Iminyaka Esemva"],"two":[{"t":"idOrVar","v":"value"}," Iminyaka Esemva"],"zero":"0 Iminyaka Esemva"},"$x":[{"t":"idOrVar","v":"plural"},"value"]},{"$i":"event-notice-timeformat","$v":[{"t":"idOrVar","v":"start"}," - ",{"t":"idOrVar","v":"end"}]},{"$i":"tomorrow-event-notice-timeformat","$v":["Ngomso, ",{"t":"idOrVar","v":"start"}," - ",{"t":"idOrVar","v":"end"}]},{"$i":"today-all-day-event","$v":"Namhlanje"},{"$i":"tomorrow-all-day-event","$v":"Ngomso"},{"$i":"hour-format12","$v":"%I"},{"$i":"hour-format24","$v":"%H"},{"$i":"week-hour-format12","$v":"%I"},{"$i":"week-hour-format24","$v":"%H"},{"$i":"hour-allday","$v":"Usuku lonke."},{"$i":"kai-week-day","$v":"%a\\n%e"},{"$i":"current-time12","$v":"%I:%M"},{"$i":"current-time24","$v":"%H:%M"},{"$i":"multi-month-view-header-format","$v":"%B %Y"},{"$i":"day-view-header-format","$v":"%A, %B %e"},{"$i":"months-day-view-header-format","$v":"%A, %B %e"},{"$i":"months-day-view-header-format-small","$v":{"$o":"%a <br/> %b, %e"}},{"$i":"week-view-header-format","$v":["Iveki ",{"t":"idOrVar","v":"value"},", %B %Y"]},{"$i":"longDateFormat","$v":"%A, %B %e, %Y"},{"$i":"longTimeFormat","$v":"%A %B %d"},{"$i":"longTimeFormat12","$v":"%A %B %d %I %p"},{"$i":"longTimeFormat24","$v":"%A %B %d %H nkqo entloko"},{"$i":"weekTimeFormat12","$v":"%I %p"},{"$i":"weekTimeFormat24","$v":"%H nkqo entloko"},{"$i":"weekDayFormat","$v":"%A the %d"},{"$i":"alldayLongTimeFormat","$v":"%A %B %d usuku lonke"},{"$i":"dayHour12","$v":"%I %p"},{"$i":"dayHour24","$v":"%H nkqo entloko"},{"$i":"longDateTime12","$v":"%I %p, %a, %d %b, %Y"},{"$i":"longDateTime24","$v":"%H, %a, %d %b, %Y"},{"$i":"upcoming-events","$v":"Iziganeko Ezizayo"},{"$i":"search-results","$v":"IziPhumo zoKhangelo"},{"$i":"no-event-found","$v":"Akukho Ziganeko Zifunyenweyo"},{"$i":"longDateTimeNew12","$v":"%a, %B %e, %Y, %I:%M %p"},{"$i":"longDateTimeNew24","$v":"%a, %B %e, %Y, %H:%M"},{"$i":"longDateTimeNewNoHour12","$v":"%a, %B %e, %Y"},{"$i":"longDateTimeNewNoHour24","$v":"%a, %B %e, %Y"},{"$i":"error-start-date-after-end-date","$v":"Isiganeko asinakuphela ngaphambi komhla wokuqala kwaso."},{"$i":"error-start-time-after-end-time","$v":"Isiganeko asinakuphela ngaphambi kwexesha lokuqala kwaso."},{"$i":"error-unauthenticated","$v":"Igama lomsebenzisi okanye iphaswedi ayichananga, nceda uzame kwakhona."},{"$i":"error-internal-server-error","$v":"Impazamo kwiseva, nceda uzame kwakhona."},{"$i":"error-unkown","$v":"Ayikwazi kusingatha isicelo ngenxa yentsabelo yeseva."},{"$i":"error-default","$v":"Kukho okungahambi kakuhle. Zama kwakhona kamva."},{"$i":"error-offline","$v":"Alukho uqhagamshelo lweintanethi"},{"$i":"error-account-exist","$v":"Le akhawunti sele likhona."},{"$i":"error-confirmation-title","$v":"Impazamo"},{"$i":"error-edit-online-event","$v":"Ayikwazanga ukutshintsha isiganeko esikwi-intanethi ngenxa yokungabikho koqhagamshelwano lwe-intanethi."},{"$i":"error-delete-online-event","$v":"Ayikwazanga ukucima isiganeko esikwi-intanethi ngenxa yokungabikho koqhagamshelwano lwe-intanethi."},{"$i":"error-add-online-event","$v":"Ayikwazanga ukufaka isiganeko esikwi-intanethi ngenxa yokungabikho koqhagamshelwano lwe-intanethi."},{"$i":"error-start-date-before-seleced-day","$v":"Umsitho awunakuqala ngaphambi komhla wangoku."},{"$i":"notification-error-sync-title","$v":"Impazamo kudityaniso lwekhalenda"},{"$i":"notification-error-sync-description","$v":"Cofa ukuze ufumane inkcazelo engakumbi"},{"$i":"notification-error-caldav-sync-title","$v":"Account Error"},{"$i":"notification-error-caldav-sync-description","$v":"Log in again"},{"$i":"weekday-0-single-char","$v":"S","ariaLabel":"Cawa"},{"$i":"weekday-1-single-char","$v":"M","ariaLabel":"Mvulo"},{"$i":"weekday-2-single-char","$v":"T","ariaLabel":"Lwesibini"},{"$i":"weekday-3-single-char","$v":"W","ariaLabel":"Lwesithathu"},{"$i":"weekday-4-single-char","$v":"T","ariaLabel":"Lwesine"},{"$i":"weekday-5-single-char","$v":"F","ariaLabel":"Lwesihlanu"},{"$i":"weekday-6-single-char","$v":"S","ariaLabel":"Mgqibelo"},{"$i":"busy","$v":{"few":[{"t":"idOrVar","v":"n"}," iziganeko"],"many":[{"t":"idOrVar","v":"n"}," iziganeko"],"one":[{"t":"idOrVar","v":"n"}," isiganeko"],"other":[{"t":"idOrVar","v":"n"}," iziganeko"],"two":[{"t":"idOrVar","v":"n"}," iziganeko"],"zero":"Azikho iziganeko"},"$x":[{"t":"idOrVar","v":"plural"},"n"]},{"$i":"present","ariaLabel":"Namhlanje"},{"$i":"past-other-month-description","ariaLabel":"Enye inyanga"},{"$i":"future-other-month-description","ariaLabel":"Enye inyanga"},{"$i":"icon-calendar-alarm","ariaLabel":"Inealam"},{"$i":"calendars","ariaLabel":"Iikhalenda"},{"$i":"multi-day-new-event-link","ariaLabel":"Yongeza isiganeko"},{"$i":"title","ariaLabel":"Umxholo"},{"$i":"location","ariaLabel":"Indawo"},{"$i":"duration","ariaLabel":"Ubude"},{"$i":"calendar","ariaLabel":"Ikhalenda"},{"$i":"alarms","ariaLabel":"Ii-alam"},{"$i":"description","ariaLabel":"Ingcaciso"},{"$i":"start-date","ariaLabel":"Umhla wokuqalisa"},{"$i":"start-time","ariaLabel":"Ixesha lokuqalisa"},{"$i":"end-date","ariaLabel":"Umhla wokugqiba"},{"$i":"end-time","ariaLabel":"Ixesha lokugqiba"},{"$i":"during-progress-loading","ariaValueText":"Iyalayisha"},{"$i":"all-day","ariaLabel":"Usuku lonke."},{"$i":"create-event","ariaLabel":"Yila isiganeko"},{"$i":"create-all-day-event","ariaLabel":"Yina isiganeko sosuku lonke"},{"$i":"event-one-day-duration","ariaLabel":["ukusuka ",{"t":"idOrVar","v":"startTime"}," ukuya ",{"t":"idOrVar","v":"endTime"}]},{"$i":"week-event-one-day-duration","ariaLabel":[{"t":"idOrVar","v":"startDate"}," ukusuka ",{"t":"idOrVar","v":"startTime"}," ukuya ",{"t":"idOrVar","v":"endTime"}]},{"$i":"event-multiple-day-duration","ariaLabel":["Ukusuka ",{"t":"idOrVar","v":"startTime"}," ",{"t":"idOrVar","v":"startDate"}," ukuya ",{"t":"idOrVar","v":"endTime"}," ",{"t":"idOrVar","v":"endDate"}]},{"$i":"kai-event-added","$v":"Isiganeko sifakiwe."},{"$i":"kai-event-updated","$v":"Isiganeko sihlaziyiwe."},{"$i":"kai-event-deleted","$v":"Isifaneko sicinyiwe."},{"$i":"kai-change-save","$v":"Utshintsho lugciniwe"},{"$i":"event-sync-failure","$v":"Ayikwazi kudibanisa kunye nekhalenda ekwi-intanethi."},{"$i":"kai-event-calendar","$v":"Ikhalenda"},{"$i":"kai-single-event","$v":"isiganeko"},{"$i":"kai-event-count","$v":"iziganeko"},{"$i":"kai-sync-progress-syncing","$v":"Iyadibanisa"},{"$i":"kai-sync-progress-complete","$v":"Ikhalenda isexesheni."},{"$i":"kai-sync-sync-switch-close","$v":"Ayikwazi kudibanisa neakhawunti kuba ukudibanisa kuvaliwe."},{"$i":"kai-settings-sounds","$v":"Izandi"},{"$i":"kai-tones","$v":"Iithowuni"},{"$i":"kai-multi-events","$v":"Iziganeko"},{"$i":"kai-confirmation-title","$v":"IsiQinisekiso"},{"$i":"kai-delete-selectedEvent-confirmation","$v":"Sicinywe esi siganeko sikhethiweyo?"},{"$i":"kai-deleteEvent-confirmation","$v":"Icime isiganeko?"},{"$i":"kai-event-search-header","$v":"Khangela","placeholder":"Khangela"},{"$i":"kai-event-search-upcoming-events","$v":"Iziganeko Ezizayo"},{"$i":"kai-delete","$v":"Cima"},{"$i":"kai-cancel","$v":"Rhoxisa"},{"$i":"kai-dialog-delete-sel","$v":"Ngaba uqinisekile ufuna ukucima isiganeko esikhethiweyo?"},{"$i":"kai-delete-title","$v":"Cima Isiganeko"},{"$i":"kai-save-changes","$v":"Ilugcine utshintsho?"},{"$i":"kai-save-message-back","$v":"Yonke inkcazelo efakiweyo iza kulahleka. Ngaba uyafuna ukulugcina utshintsho?"},{"$i":"kai-save-message-close","$v":"I-aphu iza kuvala ngenxa yedatha elahlekileyo. Ngaba uyafuna ukulugcina utshintsho?"},{"$i":"yes","$v":"Ewe"},{"$i":"no","$v":"Hayi"},{"$i":"confirmation","$v":"IsiQinisekiso"},{"$i":"ok","$v":"Kulungile"},{"$i":"delete-event","$v":"Icime isiganeko?"},{"$i":"edit-event-no-net","$v":"Failed to edit online event due to no internet connection."},{"$i":"kai-settings-header","$v":"Ikhalenda Eboniswayo"},{"$i":"kai-syncing","$v":"Iyadibanisa..."},{"$i":"kai-syncing-header","$v":"Udibana Kweakhawunti"},{"$i":"select","$v":"Khetha"},{"$i":"add-event","$v":"Yongeza"},{"$i":"week-view","$v":"Uhlolo Lweveki"},{"$i":"day-view","$v":"Uhlolo Losuku"},{"$i":"month-view","$v":"Uhlolo Lwenyanga"},{"$i":"today","$v":"Namhlanje"},{"$i":"go","$v":"Yiya Kumhla"},{"$i":"search","$v":"Khangela"},{"$i":"calendar-to-display","$v":"Ikhalenda Eboniswayo"},{"$i":"settings","$v":"Iisetingi"},{"$i":"delete","$v":"Cima"},{"$i":"enter","$v":"Faka"},{"$i":"sync-calendar","$v":"Dibanisa ikhalenda"},{"$i":"lunar-calendar","$v":"I-Lunar day"},{"$i":"present-description","$v":["Namhlanje ",{"t":"idOrVar","v":"weekday"}," ngumhla we ",{"t":"idOrVar","v":"date"}]},{"$i":"day-description","$v":[{"t":"idOrVar","v":"weekday"}," i ",{"t":"idOrVar","v":"date"}]},{"$i":"weekday-5","$v":"Lwesihlanu"},{"$i":"weekday-4","$v":"Lwesine"},{"$i":"weekday-3","$v":"Lwesithathu"},{"$i":"weekday-2","$v":"Lwesibini"},{"$i":"weekday-1","$v":"Mvulo"},{"$i":"weekday-0","$v":"Cawa"},{"$i":"weekday-6","$v":"Mgqibelo"},{"$i":"no-title","$v":"Akukho Sihloko"},{"$i":"account-sync-off-tip","$v":"Vula ukudibanisa kwale akhawunti ukuze ukwazi ukuhlela okanye ukucima esi siganeko."},{"$i":"weekday-0-long","$v":"Cawa"},{"$i":"weekday-1-long","$v":"Mvulo"},{"$i":"weekday-2-long","$v":"Lwesibini"},{"$i":"weekday-3-long","$v":"Lwesithathu"},{"$i":"weekday-4-long","$v":"Lwesine"},{"$i":"weekday-5-long","$v":"Lwesihlanu"},{"$i":"weekday-6-long","$v":"Mgqibelo"},{"$i":"weekday-0-short","$v":"NgeCawe"},{"$i":"weekday-1-short","$v":"NgoMvulo"},{"$i":"weekday-2-short","$v":"NgoLwesibini"},{"$i":"weekday-3-short","$v":"NgoLwesithathu"},{"$i":"weekday-4-short","$v":"NgoLwesine"},{"$i":"weekday-5-short","$v":"NgoLwesihlanu"},{"$i":"weekday-6-short","$v":"NgoMgqibelo"},{"$i":"month-0-long","$v":"UJanyuwari"},{"$i":"month-1-long","$v":"UFebhruwari"},{"$i":"month-2-long","$v":"UMatshi"},{"$i":"month-3-long","$v":"UApreli"},{"$i":"month-4-long","$v":"UMeyi"},{"$i":"month-5-long","$v":"UJuni"},{"$i":"month-6-long","$v":"UJulayi"},{"$i":"month-7-long","$v":"UAgasti"},{"$i":"month-8-long","$v":"USeptembha"},{"$i":"month-9-long","$v":"UOktobha"},{"$i":"month-10-long","$v":"UNovembha"},{"$i":"month-11-long","$v":"UDisembha"},{"$i":"month-0-genitive","$v":"UJanyuwari"},{"$i":"month-1-genitive","$v":"UFebhruwari"},{"$i":"month-2-genitive","$v":"UMatshi"},{"$i":"month-3-genitive","$v":"UApreli"},{"$i":"month-4-genitive","$v":"UMeyi"},{"$i":"month-5-genitive","$v":"UJuni"},{"$i":"month-6-genitive","$v":"UJulayi"},{"$i":"month-7-genitive","$v":"UAgasti"},{"$i":"month-8-genitive","$v":"USeptembha"},{"$i":"month-9-genitive","$v":"UOktobha"},{"$i":"month-10-genitive","$v":"UNovembha"},{"$i":"month-11-genitive","$v":"UDisembha"},{"$i":"month-0-short","$v":"UJanyuwari"},{"$i":"month-1-short","$v":"UFebhruwari"},{"$i":"month-2-short","$v":"UMatshi"},{"$i":"month-3-short","$v":"UApreli"},{"$i":"month-4-short","$v":"UMeyi"},{"$i":"month-5-short","$v":"UJuni"},{"$i":"month-6-short","$v":"UJulayi"},{"$i":"month-7-short","$v":"UAgasti"},{"$i":"month-8-short","$v":"USeptembha"},{"$i":"month-9-short","$v":"UOktobha"},{"$i":"month-10-short","$v":"UNovembha"},{"$i":"month-11-short","$v":"UDisembha"},{"$i":"days-ago-long","$v":{"few":[{"t":"idOrVar","v":"value"}," kwiimini ezidlulileyo"],"many":[{"t":"idOrVar","v":"value"}," kwiimini ezidlulileyo"],"one":"Izolo","other":[{"t":"idOrVar","v":"value"}," kwiimini ezidlulileyo"],"two":[{"t":"idOrVar","v":"value"}," kwiimini ezidlulileyo"],"zero":"Namhlanje"},"$x":[{"t":"idOrVar","v":"plural"},"value"]},{"$i":"weeks-ago-long","$v":{"few":[{"t":"idOrVar","v":"value"}," ngeeveki ezadlulayo"],"many":[{"t":"idOrVar","v":"value"}," ngeeveki ezadlulayo"],"one":"Kwiveki edlulileyo","other":[{"t":"idOrVar","v":"value"}," ngeeveki ezadlulayo"],"two":[{"t":"idOrVar","v":"value"}," ngeeveki ezadlulayo"],"zero":"Kule veki"},"$x":[{"t":"idOrVar","v":"plural"},"value"]},{"$i":"months-ago-long","$v":{"few":[{"t":"idOrVar","v":"value"}," kwiinyanga ezadlulayo"],"many":[{"t":"idOrVar","v":"value"}," kwiinyanga ezadlulayo"],"one":"Kwinyanga enye edlulileyo","other":[{"t":"idOrVar","v":"value"}," kwiinyanga ezadlulayo"],"two":[{"t":"idOrVar","v":"value"}," kwiinyanga ezadlulayo"],"zero":"Kule nyanga"},"$x":[{"t":"idOrVar","v":"plural"},"value"]},{"$i":"years-ago-long","$v":{"few":[{"t":"idOrVar","v":"value"}," kwiminyaka eyadlulayo"],"many":[{"t":"idOrVar","v":"value"}," kwiminyaka eyadlulayo"],"one":"Kunyaka ophelileyo","other":[{"t":"idOrVar","v":"value"}," kwiminyaka eyadlulayo"],"two":[{"t":"idOrVar","v":"value"}," kwiminyaka eyadlulayo"],"zero":"Kulo nyaka"},"$x":[{"t":"idOrVar","v":"plural"},"value"]},{"$i":"minutes-until-long","$v":{"few":["Ngaphakathi ",{"t":"idOrVar","v":"value"}," imizuzu"],"many":["Ngaphakathi ",{"t":"idOrVar","v":"value"}," imizuzu"],"other":["Ngaphakathi ",{"t":"idOrVar","v":"value"}," imizuzu"],"two":["Ngaphakathi ",{"t":"idOrVar","v":"value"}," imizuzu"],"zero":"Ngoku","one":"Ngomzuzu olandelayo"},"$x":[{"t":"idOrVar","v":"plural"},"value"]},{"$i":"hours-until-long","$v":{"few":["Ngaphakathi ",{"t":"idOrVar","v":"value"}," iiyure"],"many":["Ngaphakathi ",{"t":"idOrVar","v":"value"}," iiyure"],"other":["Ngaphakathi ",{"t":"idOrVar","v":"value"}," iiyure"],"two":["Ngaphakathi ",{"t":"idOrVar","v":"value"}," iiyure"],"zero":"Ngoku","one":"Kwiyure enye ezayo"},"$x":[{"t":"idOrVar","v":"plural"},"value"]},{"$i":"days-until-long","$v":{"few":["Ngaphakathi ",{"t":"idOrVar","v":"value"}," iimini"],"many":["Ngaphakathi ",{"t":"idOrVar","v":"value"}," iimini"],"one":"Ngomso","other":["Ngaphakathi ",{"t":"idOrVar","v":"value"}," iimini"],"two":["Ngaphakathi ",{"t":"idOrVar","v":"value"}," iimini"],"zero":"Namhlanje"},"$x":[{"t":"idOrVar","v":"plural"},"value"]},{"$i":"weeks-until-long","$v":{"few":["Ngaphakathi ",{"t":"idOrVar","v":"value"}," iiveki"],"many":["Ngaphakathi ",{"t":"idOrVar","v":"value"}," iiveki"],"one":"Kwiveki ezayo","other":["Ngaphakathi ",{"t":"idOrVar","v":"value"}," iiveki"],"two":["Ngaphakathi ",{"t":"idOrVar","v":"value"}," iiveki"],"zero":"Kule veki"},"$x":[{"t":"idOrVar","v":"plural"},"value"]},{"$i":"months-until-long","$v":{"few":["Ngaphakathi ",{"t":"idOrVar","v":"value"}," iinyanga"],"many":["Ngaphakathi ",{"t":"idOrVar","v":"value"}," iinyanga"],"one":"Kwinyanga elandelayo","other":["Ngaphakathi ",{"t":"idOrVar","v":"value"}," iinyanga"],"two":["Ngaphakathi ",{"t":"idOrVar","v":"value"}," iinyanga"],"zero":"Kule nyanga"},"$x":[{"t":"idOrVar","v":"plural"},"value"]},{"$i":"years-until-long","$v":{"few":["Ngaphakathi ",{"t":"idOrVar","v":"value"}," iminyaka"],"many":["Ngaphakathi ",{"t":"idOrVar","v":"value"}," iminyaka"],"one":"Kunyaka ozayo","other":["Ngaphakathi ",{"t":"idOrVar","v":"value"}," iminyaka"],"two":["Ngaphakathi ",{"t":"idOrVar","v":"value"}," iminyaka"],"zero":"Kulo nyaka"},"$x":[{"t":"idOrVar","v":"plural"},"value"]},{"$i":"minutes-ago-short","$v":{"other":[{"t":"idOrVar","v":"value"}," kwimizuzu edlulileyo"],"zero":"Ngoku nje"},"$x":[{"t":"idOrVar","v":"plural"},"value"]},{"$i":"hours-ago-short","$v":{"other":[{"t":"idOrVar","v":"value"}," kwiiyure ezidlulileyo"],"zero":"Ngoku nje"},"$x":[{"t":"idOrVar","v":"plural"},"value"]},{"$i":"days-ago-short","$v":{"other":[{"t":"idOrVar","v":"value"}," kwiimini ezidlulileyo"],"zero":"Namhlanje"},"$x":[{"t":"idOrVar","v":"plural"},"value"]},{"$i":"minutes-until-short","$v":{"other":["Ngaphakathi ",{"t":"idOrVar","v":"value"}," imizuzu"],"zero":"Ngoku"},"$x":[{"t":"idOrVar","v":"plural"},"value"]},{"$i":"hours-until-short","$v":{"other":["Ngaphakathi ",{"t":"idOrVar","v":"value"}," iiyure"],"zero":"Ngoku"},"$x":[{"t":"idOrVar","v":"plural"},"value"]},{"$i":"days-until-short","$v":{"other":["Ngaphakathi ",{"t":"idOrVar","v":"value"}," iimini"],"zero":"Namhlanje"},"$x":[{"t":"idOrVar","v":"plural"},"value"]},{"$i":"incorrectDate","$v":"(umhla awuchananga)"},{"$i":"dateTimeFormat_%c","$v":"%a %b %e %Y %I:%M:%S %p"},{"$i":"dateTimeFormat_%x","$v":"%I:%M:%S %p"},{"$i":"dateTimeFormat_%X","$v":"%I:%M:%S %p"},{"$i":"shortTimeFormat","$v":"%I:%M %p"},{"$i":"shortTimeFormat12","$v":"%I:%M %p"},{"$i":"shortTimeFormat24","$v":"%H:%M"},{"$i":"shortDateTimeFormat","$v":"%x %I:%M %p"},{"$i":"weekStartsOnMonday","$v":"0.0"},{"$i":"firstDayOfTheWeek","$v":"0.0"},{"$i":"time_am","$v":"AM"},{"$i":"time_pm","$v":"PM"},{"$i":"softkey-options","$v":"Ukhetho"}]