[{"$i":"nospace1-title","$v":"SD-kaart vol"},{"$i":"nospace1-text","$v":"Skrap lêers op SD-kaart om ruimte vry te maak."},{"$i":"nospace2-title","$v":"Foon se berging vol"},{"$i":"nospace2-text","$v":"Skrap medialêers of programdata om ruimte vry te maak. Jy kan ook ’n SD-kaart insteek om mediaruimte uit te brei."},{"$i":"confirmation","$v":"Bevestiging"},{"$i":"error-saving-title","$v":"Prent is nie gestoor nie"},{"$i":"error-saving-text","$v":"‘n Fout het verhoed dat die Kamera die prent stoor."},{"$i":"error-recording-title","$v":"Video is nie opgeneem nie"},{"$i":"error-recording-text","$v":"‘n Fout het verhoed dat die Kamera die video opneem."},{"$i":"error-video-file-path-title","$v":"Video is nie opgeneem nie"},{"$i":"error-video-file-path-text","$v":"Fout in die skep van videolêer pad."},{"$i":"nocard2-title","$v":"Geen geheuekaart gevind nie"},{"$i":"nocard3-text","$v":"Steek SD-kaart in om foto’s of video’s te neem."},{"$i":"pluggedin2-title","$v":"Kamera kan nie gebruik word terwyl die foon ingeprop is nie."},{"$i":"pluggedin2-text","$v":"Berging word tans gebruik. Ontkoppel asseblief die foon om foto’s te neem."},{"$i":"storage-size-limit-reached","$v":"Jy het uit media stoorspasie uitgehardloop."},{"$i":"activity-size-limit-reached","$v":"Jy het die maksimum lêergrootte vir hierdie aanhegsel bereik."},{"$i":"camera","$v":"Kamera"},{"$i":"retake","$v":"Neem weer"},{"$i":"done","$v":"Klaar"},{"$i":"select","$v":"Kies"},{"$i":"close","$v":"Maak toe"},{"$i":"delete-photo?","$v":"Skrap foto?"},{"$i":"delete-video?","$v":"Skrap video?"},{"$i":"cancel","$v":"Kanselleer"},{"$i":"delete","$v":"Skrap"},{"$i":"mp","$v":"MP"},{"$i":"camera-resolution","$v":"Kameraresolusie"},{"$i":"camera-resolution-header","$v":[{"t":"idOrVar","v":"camera-resolution"}]},{"$i":"video-resolution","$v":"Videoresolusie"},{"$i":"video-resolution-header","$v":[{"t":"idOrVar","v":"video-resolution"}]},{"$i":"scene-mode","$v":"Toneelmodus"},{"$i":"scene-mode-header","$v":[{"t":"idOrVar","v":"scene-mode"}]},{"$i":"self-timer","$v":"Selftydhouer"},{"$i":"self-timer-header","$v":[{"t":"idOrVar","v":"self-timer"}]},{"$i":"self-timer-off","$v":"Af"},{"$i":"self-timer-3-seconds","$v":"3 sekondes"},{"$i":"self-timer-5-seconds","$v":"5 sekondes"},{"$i":"self-timer-10-seconds","$v":"10 sekondes"},{"$i":"battery-shutdown-title","$v":"Lae batterykrag"},{"$i":"battery-shutdown-text","$v":"Die batteryvlak is te laag om die kamera te gebruik."},{"$i":"battery-critical-text","$v":"Kritiese lae battery"},{"$i":"battery-verylow-text","$v":"10% battery wat oorbly"},{"$i":"battery-low-text","$v":"15% battery wat oorbly"},{"$i":"camera-unavailable-title","$v":"Kamera is Onbeskikbaar"},{"$i":"camera-unavailable-text","$v":"Kamera word deur ‘n ander toepassing gebruik."},{"$i":"hdr","$v":"HDR"},{"$i":"hdr-header","$v":[{"t":"idOrVar","v":"hdr"}]},{"$i":"hdr-on","$v":"Aan"},{"$i":"hdr-off","$v":"Af"},{"$i":"hdr-deactivated","$v":"(HDR gedeaktiveer)"},{"$i":"grid","$v":"Raster"},{"$i":"grid-header","$v":[{"t":"idOrVar","v":"grid"}]},{"$i":"grid-on","$v":"Aan"},{"$i":"grid-off","$v":"Af"},{"$i":"flash","$v":"Flits"},{"$i":"flash-on","$v":"Aan"},{"$i":"flash-off","$v":"Af"},{"$i":"flash-auto","$v":"Outo"},{"$i":"flash-deactivated","$v":"(Flits gedeaktiveer)"},{"$i":"Photo-Mode","$v":"Foto-modus"},{"$i":"Video-Mode","$v":"Video-modus"},{"$i":"options","$v":"Opsies"},{"$i":"open-gallery","$v":"Maak Galery oop"},{"$i":"preview","$v":"Voorskou"},{"$i":"gallery","$v":"Galery"},{"$i":"gallery-option","$v":"Gaan na Galery"},{"$i":"video","$v":"Video"},{"$i":"video-option","$v":"Gaan na Video"},{"$i":"switch-modes","$v":"Modusse"},{"$i":"photo-mode","$v":"Foto-modus"},{"$i":"video-mode","$v":"Videomodus"},{"$i":"switch-resolution","$v":"Resolusie"},{"$i":"low-resolution","$v":"Laag"},{"$i":"medium-resolution","$v":"Medium"},{"$i":"standard-resolution","$v":"Standaard"},{"$i":"high-resolution","$v":"Hoog"},{"$i":"set-resolution-to","$v":"Resolusie gestel na"},{"$i":"insert-sdcard-title","$v":"Steek SD-kaart in"},{"$i":"insert-sdcard-text","$v":"Jy kan ’n SD-kaart insteek om mediaruimte uit te brei."},{"$i":"pause","$v":"Onderbreek"},{"$i":"close-menu-button","ariaLabel":"Maak kieslys toe"},{"$i":"back-button","ariaLabel":"Terug"},{"$i":"setting-option","ariaLabel":[{"t":"idOrVar","v":"value"}]},{"$i":"setting-option-hdr","ariaLabel":["HDR ",{"t":"idOrVar","v":"value"}]},{"$i":"setting-option-self-timer","ariaLabel":["Self-timer ",{"t":"idOrVar","v":"value"}]},{"$i":"setting-option-grid","ariaLabel":["Raster ",{"t":"idOrVar","v":"value"}]},{"$i":"setting-option-scene-mode","ariaLabel":["Toneelmodus ",{"t":"idOrVar","v":"value"}]},{"$i":"setting-option-camera-resolution","ariaLabel":["Kameraresolusie ",{"t":"idOrVar","v":"value"}]},{"$i":"setting-option-video-resolution","ariaLabel":["Videoresolusie ",{"t":"idOrVar","v":"value"}]},{"$i":"flash-on-button","ariaLabel":"Flits Aangeskakel"},{"$i":"flash-off-button","ariaLabel":"Flits Afgeskakel"},{"$i":"flash-auto-button","ariaLabel":"Flits Outo"},{"$i":"switch-camera","$v":"Kamera Keuse"},{"$i":"toggle-camera-front-button","$v":"Voorkant","ariaLabel":"Voorkant"},{"$i":"toggle-camera-rear-button","$v":"Agterkant","ariaLabel":"Agterkant"},{"$i":"menu-button","ariaLabel":"Kieslys"},{"$i":"preview-button","ariaLabel":"Voorskou"},{"$i":"controls-button-close","ariaLabel":"Maak toe"},{"$i":"share-button","ariaLabel":"Deel"},{"$i":"more-button","ariaLabel":"Meer"},{"$i":"media-frame","ariaLabel":["Raam ",{"t":"idOrVar","v":"current"}," van ",{"t":"idOrVar","v":"total"}],"ariaMozHint":"Swiep links met 2 vingers om na volgende te spring, of swiep regs om na vorige te spring"},{"$i":"zoom","$v":"Zoem"},{"$i":"zoom-in","$v":"Zoem in"},{"$i":"zoom-out","$v":"Zoem Uit"},{"$i":"volume","$v":"Volume"},{"$i":"share","$v":"Deel"},{"$i":"set-as-wallpaper","$v":"Stel as muurpapier"},{"$i":"set","$v":"Stel"},{"$i":"wallpaper-set","$v":"Muurpapier gestel."},{"$i":"photo-deleted","$v":"Foto geskrap"},{"$i":"ftu-info","$v":"Druk LINKER en REGTER-sleutel om tussen Foto en Video-modus oor te skakel."},{"$i":"fullscreen","$v":"Volskerm"},{"$i":"video-deleted","$v":"Video geskrap"},{"$i":"welcome","$v":"Welkom by Kamera"},{"$i":"ok","$v":"Goed"},{"$i":"settings","$v":"Instellings"},{"$i":"selected","$v":"gekies"},{"$i":"unselected","$v":"ongeselekteer"},{"$i":"camera-disabled","$v":"Hierdie handeling is gedeaktiveer. Vir meer inligting, kontak u organisasie se administrateur."},{"$i":"action-not-allowed","$v":"Handeling nie toegelaat nie"}]