[{"$i":"nospace1-title","$v":"امتلاء بطاقة SD"},{"$i":"nospace1-text","$v":"احذف ملفات في بطاقة SD لإخلاء مساحة."},{"$i":"nospace2-title","$v":"مساحة تخزين الهاتف الجوال ممتلئة"},{"$i":"nospace2-text","$v":"احذف ملفات الوسائط أو بيانات التطبيقات لإخلاء مساحة. كما يمكنك إدراج بطاقة SD لزيادة مساحة تخزين الوسائط."},{"$i":"confirmation","$v":"تأكيد"},{"$i":"error-saving-title","$v":"لم يتم حفظ الصورة"},{"$i":"error-saving-text","$v":"حدث خطأ منع الكاميرا من حفظ الصورة."},{"$i":"error-recording-title","$v":"لم يتم تسجيل الفيديو"},{"$i":"error-recording-text","$v":"هنالك خطأ منع الكاميرا من تصوير الفيديو"},{"$i":"error-video-file-path-title","$v":"لم يتم تسجيل الفيديو"},{"$i":"error-video-file-path-text","$v":"حدث خطأ في إنشاء مسار ملف الفيديو."},{"$i":"nocard2-title","$v":"بطاقة الذاكرة غير موجودة"},{"$i":"nocard3-text","$v":"أدرج بطاقة SD لالتقاط الصور أو مقاطع الفيديو."},{"$i":"pluggedin2-title","$v":"لا يمكن استخدام الكاميرا أثناء توصيل الهاتف"},{"$i":"pluggedin2-text","$v":"وحدة التخزين قيد الاستخدام حاليًا. الرجاء فصل الهاتف لالتقاط الصور."},{"$i":"storage-size-limit-reached","$v":"لقد نفذت مساحة تخزين الوسائط."},{"$i":"activity-size-limit-reached","$v":"لقد وصلت إلى الحجم الأقصى للملف المرفق."},{"$i":"camera","$v":"الكاميرا"},{"$i":"retake","$v":"إعادة تصوير"},{"$i":"done","$v":"تم"},{"$i":"select","$v":"تحديد"},{"$i":"close","$v":"إغلاق"},{"$i":"delete-photo?","$v":"حذف الصورة ؟"},{"$i":"delete-video?","$v":"حذف الفيديو؟"},{"$i":"cancel","$v":"ألغِ"},{"$i":"delete","$v":"حذف"},{"$i":"mp","$v":"ميجابكلس"},{"$i":"camera-resolution","$v":"دقة الكاميرا"},{"$i":"camera-resolution-header","$v":[{"t":"idOrVar","v":"camera-resolution"}]},{"$i":"video-resolution","$v":"دقة الفيديو"},{"$i":"video-resolution-header","$v":[{"t":"idOrVar","v":"video-resolution"}]},{"$i":"scene-mode","$v":"وضع المشهد"},{"$i":"scene-mode-header","$v":[{"t":"idOrVar","v":"scene-mode"}]},{"$i":"self-timer","$v":"المؤقت الذاتي"},{"$i":"self-timer-header","$v":[{"t":"idOrVar","v":"self-timer"}]},{"$i":"self-timer-off","$v":"غيرفعّال"},{"$i":"self-timer-3-seconds","$v":"3٣ث"},{"$i":"self-timer-5-seconds","$v":"5٥ث"},{"$i":"self-timer-10-seconds","$v":"10١٠ث"},{"$i":"battery-shutdown-title","$v":"البطارية منخفضة"},{"$i":"battery-shutdown-text","$v":"البطارية منخفضة جدا لاستعمال الكاميرا"},{"$i":"battery-critical-text","$v":"البطارية منخفضة جدا"},{"$i":"battery-verylow-text","$v":"تبقى 10% من البطارية"},{"$i":"battery-low-text","$v":"تبقى 15% من البطارية"},{"$i":"camera-unavailable-title","$v":"الكاميرا غير متاحة"},{"$i":"camera-unavailable-text","$v":"الكاميرا قيد الاستخدام بواسطة تطبيق آخر."},{"$i":"hdr","$v":"HDR"},{"$i":"hdr-header","$v":[{"t":"idOrVar","v":"hdr"}]},{"$i":"hdr-on","$v":"فعّال"},{"$i":"hdr-off","$v":"غيرفعّال"},{"$i":"hdr-deactivated","$v":"(HDR غير مفعل)"},{"$i":"grid","$v":"شبكة"},{"$i":"grid-header","$v":[{"t":"idOrVar","v":"grid"}]},{"$i":"grid-on","$v":"فعّال"},{"$i":"grid-off","$v":"غيرفعّال"},{"$i":"flash","$v":"فلاش"},{"$i":"flash-on","$v":"فعّال"},{"$i":"flash-off","$v":"غيرفعّال"},{"$i":"flash-auto","$v":"تلقائي"},{"$i":"flash-deactivated","$v":"(الفلاش غير مفعل)"},{"$i":"Photo-Mode","$v":"وضع الصورة"},{"$i":"Video-Mode","$v":"وضع الفيديو"},{"$i":"options","$v":"الخيارات"},{"$i":"open-gallery","$v":"فتح المعرض"},{"$i":"preview","$v":"معاينة"},{"$i":"gallery","$v":"المعرض"},{"$i":"gallery-option","$v":"انتقال إلى المعرض"},{"$i":"video","$v":"فيديو"},{"$i":"video-option","$v":"انتقال إلى الفيديو"},{"$i":"switch-modes","$v":"الأوضاع"},{"$i":"photo-mode","$v":"وضع الصورة"},{"$i":"video-mode","$v":"وضع الفيديو"},{"$i":"switch-resolution","$v":"الدقة"},{"$i":"low-resolution","$v":"منخفض"},{"$i":"medium-resolution","$v":"متوسط"},{"$i":"standard-resolution","$v":"قياسي"},{"$i":"high-resolution","$v":"مرتفع"},{"$i":"set-resolution-to","$v":"تعيين الدقة إلى"},{"$i":"insert-sdcard-title","$v":"إدراج بطاقة SD"},{"$i":"insert-sdcard-text","$v":"يمكنك إدراج بطاقة SD لزيادة مساحة تخزين الوسائط."},{"$i":"pause","$v":"إيقاف مؤقت"},{"$i":"close-menu-button","ariaLabel":"إغلاق القائمة"},{"$i":"back-button","ariaLabel":"رجوع"},{"$i":"setting-option","ariaLabel":[{"t":"idOrVar","v":"value"}]},{"$i":"setting-option-hdr","ariaLabel":["HDR ",{"t":"idOrVar","v":"value"}]},{"$i":"setting-option-self-timer","ariaLabel":["الموقت الذاتي ",{"t":"idOrVar","v":"value"}]},{"$i":"setting-option-grid","ariaLabel":["الشبكة ",{"t":"idOrVar","v":"value"}]},{"$i":"setting-option-scene-mode","ariaLabel":["وضع المشهد ",{"t":"idOrVar","v":"value"}]},{"$i":"setting-option-camera-resolution","ariaLabel":["دقة الكاميرا ",{"t":"idOrVar","v":"value"}]},{"$i":"setting-option-video-resolution","ariaLabel":["دقة الفيديو ",{"t":"idOrVar","v":"value"}]},{"$i":"flash-on-button","ariaLabel":"تشغيل الفلاش"},{"$i":"flash-off-button","ariaLabel":"إيقاف تشغيل الفلاش"},{"$i":"flash-auto-button","ariaLabel":"فلاش تلقائي"},{"$i":"switch-camera","$v":"تحديد الكاميرا"},{"$i":"toggle-camera-front-button","$v":"الأمامية","ariaLabel":"الأمامية"},{"$i":"toggle-camera-rear-button","$v":"الخلفية","ariaLabel":"الخلفية"},{"$i":"menu-button","ariaLabel":"القائمة"},{"$i":"preview-button","ariaLabel":"معاينة"},{"$i":"controls-button-close","ariaLabel":"إغلاق"},{"$i":"share-button","ariaLabel":"مشاركة"},{"$i":"more-button","ariaLabel":"المزيد"},{"$i":"media-frame","ariaLabel":["الإطار ",{"t":"idOrVar","v":"current"}," من ",{"t":"idOrVar","v":"total"}],"ariaMozHint":"حرّك إلى اليسار باستخدام إصبعين للانتقال إلى التالي، أو حرّك إلى اليمين للانتقال إلى السابق"},{"$i":"zoom","$v":"التكبير/التصغير"},{"$i":"zoom-in","$v":"تكبير"},{"$i":"zoom-out","$v":"تصغير"},{"$i":"volume","$v":"مستوى الصوت"},{"$i":"share","$v":"مشاركة"},{"$i":"set-as-wallpaper","$v":"تعيين كخلفية"},{"$i":"set","$v":"ضبط"},{"$i":"wallpaper-set","$v":"تم تعيين الخلفية."},{"$i":"photo-deleted","$v":"تم حذف الصورة"},{"$i":"ftu-info","$v":"اضغط على مفتاح اليسار واليمين للتبديل بين وضعي الصورة والفيديو."},{"$i":"fullscreen","$v":"ملء الشاشة"},{"$i":"video-deleted","$v":"تم حذف الفيديو"},{"$i":"welcome","$v":"مرحبًا بك في الكاميرا"},{"$i":"ok","$v":"موافق"},{"$i":"settings","$v":"الإعدادات"},{"$i":"selected","$v":"محدد"},{"$i":"unselected","$v":"تم إلغاء الاختيار"},{"$i":"camera-disabled","$v":"هذا الإجراء معطل. لاكتشاف المزيد، اتصل بمسؤول المؤسسة."},{"$i":"action-not-allowed","$v":"غير مسموح بهذا الإجراء."}]