[{"$i":"nospace1-title","$v":"SD-карта поўная."},{"$i":"nospace1-text","$v":"Каб вызв. месца, выдал. файлы на SD-карце."},{"$i":"nospace2-title","$v":"Сховішча тэлефона поўнае."},{"$i":"nospace2-text","$v":"Каб вызв. месца, выдал. медыяфайлы або даныя праграм. Каб павял. сховішча медыя, можна ўставіць SD-карту."},{"$i":"confirmation","$v":"Пацверджанне"},{"$i":"error-saving-title","$v":"Выява не захавана"},{"$i":"error-saving-text","$v":"Памылка не дазволіла Камеры захаваць выяву."},{"$i":"error-recording-title","$v":"Відэа не запісана"},{"$i":"error-recording-text","$v":"Памылка не дазволіла Камеры запісаць відэа."},{"$i":"error-video-file-path-title","$v":"Відэа не запісана"},{"$i":"error-video-file-path-text","$v":"Памылка стварэння шляху відэафайла."},{"$i":"nocard2-title","$v":"Картка памяці не знойдзена"},{"$i":"nocard3-text","$v":"Устаўце SD-карту, каб рабіць фатаграфіі ці відэа."},{"$i":"pluggedin2-title","$v":"Немагчыма карыстацца камерай, калі тэлефон падключаны да сілкавання"},{"$i":"pluggedin2-text","$v":"Сховішча выкарыстоўваецца. Адключыце тэлефон, каб рабіць фота."},{"$i":"storage-size-limit-reached","$v":"У вас скончылася месца ў сховішчы для медыя."},{"$i":"activity-size-limit-reached","$v":"Вы дасягнулі максімальнага памеру файла для гэтага прымацавання."},{"$i":"camera","$v":"Камера"},{"$i":"retake","$v":"Паўторна"},{"$i":"done","$v":"Гатова"},{"$i":"select","$v":"Выбраць"},{"$i":"close","$v":"Закрыць"},{"$i":"delete-photo?","$v":"Выдаліць гэта фота?"},{"$i":"delete-video?","$v":"Выдаліць відэа?"},{"$i":"cancel","$v":"Скасаваць"},{"$i":"delete","$v":"Выдаліць"},{"$i":"mp","$v":"MP"},{"$i":"camera-resolution","$v":"Разрозненне камеры"},{"$i":"camera-resolution-header","$v":[{"t":"idOrVar","v":"camera-resolution"}]},{"$i":"video-resolution","$v":"Разрозненне відэа"},{"$i":"video-resolution-header","$v":[{"t":"idOrVar","v":"video-resolution"}]},{"$i":"scene-mode","$v":"Рэжым фотаздымкі"},{"$i":"scene-mode-header","$v":[{"t":"idOrVar","v":"scene-mode"}]},{"$i":"self-timer","$v":"Аўтаспуск"},{"$i":"self-timer-header","$v":[{"t":"idOrVar","v":"self-timer"}]},{"$i":"self-timer-off","$v":"выкл"},{"$i":"self-timer-3-seconds","$v":"3 секунды"},{"$i":"self-timer-5-seconds","$v":"5 секунд"},{"$i":"self-timer-10-seconds","$v":"10 секунд"},{"$i":"battery-shutdown-title","$v":"Нізкі зарад"},{"$i":"battery-shutdown-text","$v":"Узровень зараду барарэі надта нізкі для працы камеры."},{"$i":"battery-critical-text","$v":"Крытычна нізкі зарад батарэі"},{"$i":"battery-verylow-text","$v":"Засталося 10% зараду"},{"$i":"battery-low-text","$v":"Засталося 15% зараду"},{"$i":"camera-unavailable-title","$v":"Камера не даступна"},{"$i":"camera-unavailable-text","$v":"Камера выкар. інш. праг."},{"$i":"hdr","$v":"HDR"},{"$i":"hdr-header","$v":[{"t":"idOrVar","v":"hdr"}]},{"$i":"hdr-on","$v":"Укл"},{"$i":"hdr-off","$v":"выкл"},{"$i":"hdr-deactivated","$v":"(HDR адключана)"},{"$i":"grid","$v":"Лініі сеткі"},{"$i":"grid-header","$v":[{"t":"idOrVar","v":"grid"}]},{"$i":"grid-on","$v":"Укл"},{"$i":"grid-off","$v":"выкл"},{"$i":"flash","$v":"Успышка"},{"$i":"flash-on","$v":"Укл"},{"$i":"flash-off","$v":"выкл"},{"$i":"flash-auto","$v":"Аўта"},{"$i":"flash-deactivated","$v":"(Flash адключана)"},{"$i":"Photo-Mode","$v":"Рэжым фота"},{"$i":"Video-Mode","$v":"Рэжым відэа"},{"$i":"options","$v":"Опцыі"},{"$i":"open-gallery","$v":"Адкрыць галерэю"},{"$i":"preview","$v":"Папярэдні прагляд"},{"$i":"gallery","$v":"Галерэя"},{"$i":"gallery-option","$v":"Перайсці ў Галерэю"},{"$i":"video","$v":"Відэа"},{"$i":"video-option","$v":"Перайсці ў відэа"},{"$i":"switch-modes","$v":"Рэжымы"},{"$i":"photo-mode","$v":"Рэжым фота"},{"$i":"video-mode","$v":"Рэжым відэа"},{"$i":"switch-resolution","$v":"Разрозненне"},{"$i":"low-resolution","$v":"Нізкі"},{"$i":"medium-resolution","$v":"Сярэдні"},{"$i":"standard-resolution","$v":"Стандартна"},{"$i":"high-resolution","$v":"Высокі"},{"$i":"set-resolution-to","$v":"Разрозн. наладжана на"},{"$i":"insert-sdcard-title","$v":"Устаўце SD-карту"},{"$i":"insert-sdcard-text","$v":"Вы можаце ўставіць SD-карту для пашырэння носьбіта інфармацыі."},{"$i":"pause","$v":"Паўза"},{"$i":"close-menu-button","ariaLabel":"Закрыць меню"},{"$i":"back-button","ariaLabel":"Назад"},{"$i":"setting-option","ariaLabel":[{"t":"idOrVar","v":"value"}]},{"$i":"setting-option-hdr","ariaLabel":["HDR ",{"t":"idOrVar","v":"value"}]},{"$i":"setting-option-self-timer","ariaLabel":["Аўтасп. ",{"t":"idOrVar","v":"value"}]},{"$i":"setting-option-grid","ariaLabel":["Лініі сеткі ",{"t":"idOrVar","v":"value"}]},{"$i":"setting-option-scene-mode","ariaLabel":["Рэжым фотаздымкі ",{"t":"idOrVar","v":"value"}]},{"$i":"setting-option-camera-resolution","ariaLabel":["Разрозненне камеры ",{"t":"idOrVar","v":"value"}]},{"$i":"setting-option-video-resolution","ariaLabel":["Разрозн. відэа ",{"t":"idOrVar","v":"value"}]},{"$i":"flash-on-button","ariaLabel":"Успышка ўкл"},{"$i":"flash-off-button","ariaLabel":"Успышка выкл"},{"$i":"flash-auto-button","ariaLabel":"Аўта ўспышка"},{"$i":"switch-camera","$v":"Выбар камеры"},{"$i":"toggle-camera-front-button","$v":"Пярэдняя камера","ariaLabel":"Пярэдняя камера"},{"$i":"toggle-camera-rear-button","$v":"Задняя камера","ariaLabel":"Задняя камера"},{"$i":"menu-button","ariaLabel":"Меню"},{"$i":"preview-button","ariaLabel":"Папярэдні прагляд"},{"$i":"controls-button-close","ariaLabel":"Закрыць"},{"$i":"share-button","ariaLabel":"Абагуліць"},{"$i":"more-button","ariaLabel":"Яшчэ"},{"$i":"media-frame","ariaLabel":["Кадр ",{"t":"idOrVar","v":"current"}," з ",{"t":"idOrVar","v":"total"}],"ariaMozHint":"Правядзіце двума пальцамі ўлева, каб перайсці да наступнага або ўправа, каб перайсці да папярэдняга"},{"$i":"zoom","$v":"Маштабіраваць"},{"$i":"zoom-in","$v":"Павялічыць"},{"$i":"zoom-out","$v":"Паменшыць"},{"$i":"volume","$v":"Гучнасць"},{"$i":"share","$v":"Абагуліць"},{"$i":"set-as-wallpaper","$v":"Настроена як шпалеры"},{"$i":"set","$v":"Настроіць"},{"$i":"wallpaper-set","$v":"Шпалера настроена."},{"$i":"photo-deleted","$v":"Фотаздымак выдалены."},{"$i":"ftu-info","$v":"Націсніце клавішу УПРАВА І ЎЛЕВАP, каб пераключыцца паміж рэжымамі Відэа і Фота."},{"$i":"fullscreen","$v":"На ўвесь экран"},{"$i":"video-deleted","$v":"Відэа выдалена."},{"$i":"welcome","$v":"Вітаем у Камеры"},{"$i":"ok","$v":"Ок"},{"$i":"settings","$v":"Настройкі"},{"$i":"selected","$v":"selected"},{"$i":"unselected","$v":"неабраны"},{"$i":"camera-disabled","$v":"Гэта дзеянне адключана. Каб даведацца больш, звяжыцеся са сваім адміністратарам арганізацыі."},{"$i":"action-not-allowed","$v":"Дзеянне не дазволена"}]