[{"$i":"nospace1-title","$v":"SD kartica je puna."},{"$i":"nospace1-text","$v":"Izbrišite datoteke na SD kartici da oslobodite prostor."},{"$i":"nospace2-title","$v":"Pohrana telefona je puna."},{"$i":"nospace2-text","$v":"Izbrišite medijske datoteke ili podatke aplikacije da oslobodite prostor. Možete i umetnuti SD karticu da proširite prostor za pohranu medija."},{"$i":"confirmation","$v":"Potvrda"},{"$i":"error-saving-title","$v":"Slika nije sačuvana"},{"$i":"error-saving-text","$v":"Greška je onemogućila kameri da pravi fotografije."},{"$i":"error-recording-title","$v":"Video zapis nije snimljen"},{"$i":"error-recording-text","$v":"Greška je onemogućila kameri da snima video zapise."},{"$i":"error-video-file-path-title","$v":"Video zapis nije snimljen"},{"$i":"error-video-file-path-text","$v":"Greška u pravljenju putanje video datoteke."},{"$i":"nocard2-title","$v":"Nije pronađena memorijska kartica"},{"$i":"nocard3-text","$v":"Umetnite SD karticu za snimanje fotografija ili video zapisa."},{"$i":"pluggedin2-title","$v":"Kamera se ne može koristiti dok je telefon spojen"},{"$i":"pluggedin2-text","$v":"Memorija je trenutno u upotrebi. Otkačite telefon kako biste snimili slike."},{"$i":"storage-size-limit-reached","$v":"Nemate više memorije za skladištenje medija."},{"$i":"activity-size-limit-reached","$v":"Dostigli ste maksimalnu veličinu datoteke za ovaj prilog."},{"$i":"camera","$v":"Kamera"},{"$i":"retake","$v":"Retake"},{"$i":"done","$v":"Završeno"},{"$i":"select","$v":"Izaberi"},{"$i":"close","$v":"Zatvori"},{"$i":"delete-photo?","$v":"Izbriši ovu fotografiju?"},{"$i":"delete-video?","$v":"Izbriši video zapis?"},{"$i":"cancel","$v":"Otkaži"},{"$i":"delete","$v":"Izbriši"},{"$i":"mp","$v":"MP"},{"$i":"camera-resolution","$v":"Rezolucija kamere"},{"$i":"camera-resolution-header","$v":[{"t":"idOrVar","v":"camera-resolution"}]},{"$i":"video-resolution","$v":"Rezolucija video zapisa"},{"$i":"video-resolution-header","$v":[{"t":"idOrVar","v":"video-resolution"}]},{"$i":"scene-mode","$v":"Režim scene"},{"$i":"scene-mode-header","$v":[{"t":"idOrVar","v":"scene-mode"}]},{"$i":"self-timer","$v":"Samookidač"},{"$i":"self-timer-header","$v":[{"t":"idOrVar","v":"self-timer"}]},{"$i":"self-timer-off","$v":"Isklj."},{"$i":"self-timer-3-seconds","$v":"3 sekundi"},{"$i":"self-timer-5-seconds","$v":"5 sekundi"},{"$i":"self-timer-10-seconds","$v":"10 sekundi"},{"$i":"battery-shutdown-title","$v":"Prazna baterija"},{"$i":"battery-shutdown-text","$v":"Baterija nije dovoljno napunjena za korištenje kamere."},{"$i":"battery-critical-text","$v":"Kritično prazna baterija"},{"$i":"battery-verylow-text","$v":"Ostalo 10% baterije"},{"$i":"battery-low-text","$v":"Ostalo 15% baterije"},{"$i":"camera-unavailable-title","$v":"Kamera nije dostupna"},{"$i":"camera-unavailable-text","$v":"Kameru koristi druga aplik."},{"$i":"hdr","$v":"HDR"},{"$i":"hdr-header","$v":[{"t":"idOrVar","v":"hdr"}]},{"$i":"hdr-on","$v":"Uklj."},{"$i":"hdr-off","$v":"Isklj."},{"$i":"hdr-deactivated","$v":"(HDR deaktiviran)"},{"$i":"grid","$v":"Linije mreže"},{"$i":"grid-header","$v":[{"t":"idOrVar","v":"grid"}]},{"$i":"grid-on","$v":"Uklj."},{"$i":"grid-off","$v":"Isklj."},{"$i":"flash","$v":"Blic"},{"$i":"flash-on","$v":"Uklj."},{"$i":"flash-off","$v":"Isklj."},{"$i":"flash-auto","$v":"Automatski"},{"$i":"flash-deactivated","$v":"(Blic deaktiviran)"},{"$i":"Photo-Mode","$v":"Režim fotografije"},{"$i":"Video-Mode","$v":"Video režim"},{"$i":"options","$v":"Opcije"},{"$i":"open-gallery","$v":"Otvori galeriju"},{"$i":"preview","$v":"Pregled"},{"$i":"gallery","$v":"Galerija"},{"$i":"gallery-option","$v":"Idi u Galeriju"},{"$i":"video","$v":"Video"},{"$i":"video-option","$v":"Idi na Video"},{"$i":"switch-modes","$v":"Režimi"},{"$i":"photo-mode","$v":"Režim fotografije"},{"$i":"video-mode","$v":"Video režim"},{"$i":"switch-resolution","$v":"Rezolucija"},{"$i":"low-resolution","$v":"Nisko"},{"$i":"medium-resolution","$v":"Srednji"},{"$i":"standard-resolution","$v":"Standardno"},{"$i":"high-resolution","$v":"Visoko"},{"$i":"set-resolution-to","$v":"Rezolucija podešena na"},{"$i":"insert-sdcard-title","$v":"Umetnite SD karticu"},{"$i":"insert-sdcard-text","$v":"Možete umetnuti SD karticu da biste proširili prostor za pohranu medija."},{"$i":"pause","$v":"Pauza"},{"$i":"close-menu-button","ariaLabel":"Zatvori meni"},{"$i":"back-button","ariaLabel":"Nazad"},{"$i":"setting-option","ariaLabel":[{"t":"idOrVar","v":"value"}]},{"$i":"setting-option-hdr","ariaLabel":["HDR ",{"t":"idOrVar","v":"value"}]},{"$i":"setting-option-self-timer","ariaLabel":["Samookidač ",{"t":"idOrVar","v":"value"}]},{"$i":"setting-option-grid","ariaLabel":["Linije mreže ",{"t":"idOrVar","v":"value"}]},{"$i":"setting-option-scene-mode","ariaLabel":["Režim scene ",{"t":"idOrVar","v":"value"}]},{"$i":"setting-option-camera-resolution","ariaLabel":["Rezolucija kamere ",{"t":"idOrVar","v":"value"}]},{"$i":"setting-option-video-resolution","ariaLabel":["Video rezolucija ",{"t":"idOrVar","v":"value"}]},{"$i":"flash-on-button","ariaLabel":"Blic uklj."},{"$i":"flash-off-button","ariaLabel":"Blic isklj."},{"$i":"flash-auto-button","ariaLabel":"Auto. blic"},{"$i":"switch-camera","$v":"Odabir fotoaparata"},{"$i":"toggle-camera-front-button","$v":"Prednja kamera","ariaLabel":"Prednja kamera"},{"$i":"toggle-camera-rear-button","$v":"Zadnja kamera","ariaLabel":"Zadnja kamera"},{"$i":"menu-button","ariaLabel":"Meni"},{"$i":"preview-button","ariaLabel":"Pregled"},{"$i":"controls-button-close","ariaLabel":"Zatvori"},{"$i":"share-button","ariaLabel":"Podijeli"},{"$i":"more-button","ariaLabel":"Više"},{"$i":"media-frame","ariaLabel":["Frejm ",{"t":"idOrVar","v":"current"}," od ",{"t":"idOrVar","v":"total"}],"ariaMozHint":"Prevuci lijevo sa 2 prsta za prelazak na sljedeći, ili prevuci desno za povratak na prethodni"},{"$i":"zoom","$v":"Povećaj"},{"$i":"zoom-in","$v":"Povećaj"},{"$i":"zoom-out","$v":"Smanji"},{"$i":"volume","$v":"Jačina zvuka"},{"$i":"share","$v":"Podijeli"},{"$i":"set-as-wallpaper","$v":"Postavi kao sl. pozadine"},{"$i":"set","$v":"Postavi"},{"$i":"wallpaper-set","$v":"Pozadina postavljena."},{"$i":"photo-deleted","$v":"Fotografija je izbrisana."},{"$i":"ftu-info","$v":"Pritisni taster LIJEVO i DESNO za prebacivanje između režima fotografija i video zapisa."},{"$i":"fullscreen","$v":"Cijeli ekran"},{"$i":"video-deleted","$v":"Video je izbrisan."},{"$i":"welcome","$v":"Dobrodošli u kameru"},{"$i":"ok","$v":"U redu"},{"$i":"settings","$v":"Postavke"},{"$i":"selected","$v":"selected"},{"$i":"unselected","$v":"neodabrani"},{"$i":"camera-disabled","$v":"Ova akcija je onemogućena. Da biste saznali više, obratite se administratoru svoje organizacije."},{"$i":"action-not-allowed","$v":"Akcija nije dozvoljena"}]