[{"$i":"nospace1-title","$v":"SD karta je plná."},{"$i":"nospace1-text","$v":"Smazáním souborů uvolněte místo na kartě SD."},{"$i":"nospace2-title","$v":"Úložiště telefonu je plné."},{"$i":"nospace2-text","$v":"Smazáním souborů médií nebo dat aplikací uvolněte místo. Úložiště můžete zvětšit také vložením karty SD."},{"$i":"confirmation","$v":"Potvrzení"},{"$i":"error-saving-title","$v":"Obrázek neuložen"},{"$i":"error-saving-text","$v":"Chyba zabránila fotoaparátu v uložení snímku."},{"$i":"error-recording-title","$v":"Video nezaznamenáno"},{"$i":"error-recording-text","$v":"Chyba zabránila fotoaparátu v nahrávání videa."},{"$i":"error-video-file-path-title","$v":"Video nezaznamenáno"},{"$i":"error-video-file-path-text","$v":"Chyba při vytváření cesty videosouboru."},{"$i":"nocard2-title","$v":"Nenalezena žádná pam. karta"},{"$i":"nocard3-text","$v":"Vložte kartu SD a pořizujte fotografie nebo videa."},{"$i":"pluggedin2-title","$v":"Fotoaparát nelze použít, když je telefon připojen k el. síti"},{"$i":"pluggedin2-text","$v":"Úložiště se nyní používá. Před fotografováním odpojte telefon od zdroje nap."},{"$i":"storage-size-limit-reached","$v":"Došlo místo v úložišti médií."},{"$i":"activity-size-limit-reached","$v":"Byla dosažena maximální velikost souboru této přílohy."},{"$i":"camera","$v":"Fotoaparát"},{"$i":"retake","$v":"Vyfotit znovu"},{"$i":"done","$v":"Hotovo"},{"$i":"select","$v":"Vybrat"},{"$i":"close","$v":"Zavřít"},{"$i":"delete-photo?","$v":"Odstranit tuto fotografii?"},{"$i":"delete-video?","$v":"Odstranit video?"},{"$i":"cancel","$v":"Zrušit"},{"$i":"delete","$v":"Odstranit"},{"$i":"mp","$v":"MP"},{"$i":"camera-resolution","$v":"Rozlišení fotoaparátu"},{"$i":"camera-resolution-header","$v":[{"t":"idOrVar","v":"camera-resolution"}]},{"$i":"video-resolution","$v":"Rozlišení videa"},{"$i":"video-resolution-header","$v":[{"t":"idOrVar","v":"video-resolution"}]},{"$i":"scene-mode","$v":"Režim Scéna"},{"$i":"scene-mode-header","$v":[{"t":"idOrVar","v":"scene-mode"}]},{"$i":"self-timer","$v":"Samospoušť"},{"$i":"self-timer-header","$v":[{"t":"idOrVar","v":"self-timer"}]},{"$i":"self-timer-off","$v":"Vyp."},{"$i":"self-timer-3-seconds","$v":"3 sekundy"},{"$i":"self-timer-5-seconds","$v":"5 sekund"},{"$i":"self-timer-10-seconds","$v":"10 sekund"},{"$i":"battery-shutdown-title","$v":"Málo nabitá baterie"},{"$i":"battery-shutdown-text","$v":"Baterie je pro použití fotoaparátu příliš málo nabitá."},{"$i":"battery-critical-text","$v":"Baterie je téměř vybitá"},{"$i":"battery-verylow-text","$v":"Zbývá 10 % baterie"},{"$i":"battery-low-text","$v":"Zbývá 15 % baterie"},{"$i":"camera-unavailable-title","$v":"Fotoaparát je nedostupný"},{"$i":"camera-unavailable-text","$v":"Fotoaparát je používán jinou aplikací."},{"$i":"hdr","$v":"HDR"},{"$i":"hdr-header","$v":[{"t":"idOrVar","v":"hdr"}]},{"$i":"hdr-on","$v":"Zap."},{"$i":"hdr-off","$v":"Vyp."},{"$i":"hdr-deactivated","$v":"(HDR vypnuto)"},{"$i":"grid","$v":"Vodící linky"},{"$i":"grid-header","$v":[{"t":"idOrVar","v":"grid"}]},{"$i":"grid-on","$v":"Zap."},{"$i":"grid-off","$v":"Vyp."},{"$i":"flash","$v":"Blesk"},{"$i":"flash-on","$v":"Zap."},{"$i":"flash-off","$v":"Vyp."},{"$i":"flash-auto","$v":"Automaticky"},{"$i":"flash-deactivated","$v":"(Blesk vypnut)"},{"$i":"Photo-Mode","$v":"Režim fotografie"},{"$i":"Video-Mode","$v":"Režim videa"},{"$i":"options","$v":"Možnosti"},{"$i":"open-gallery","$v":"Otevřít galerii"},{"$i":"preview","$v":"Náhled"},{"$i":"gallery","$v":"Galerie"},{"$i":"gallery-option","$v":"Přejít do galerie"},{"$i":"video","$v":"Video"},{"$i":"video-option","$v":"Přejít na video"},{"$i":"switch-modes","$v":"Režimy"},{"$i":"photo-mode","$v":"Režim fotografie"},{"$i":"video-mode","$v":"Režim videa"},{"$i":"switch-resolution","$v":"Rozlišení"},{"$i":"low-resolution","$v":"Nízká"},{"$i":"medium-resolution","$v":"Střední"},{"$i":"standard-resolution","$v":"Standardní"},{"$i":"high-resolution","$v":"Vysoká"},{"$i":"set-resolution-to","$v":"Rozlišení nastaveno na"},{"$i":"insert-sdcard-title","$v":"Vložte SD kartu"},{"$i":"insert-sdcard-text","$v":"Pro rozšíření úložiště médií můžete vložit SD kartu."},{"$i":"pause","$v":"Pozastavit"},{"$i":"close-menu-button","ariaLabel":"Zavřít menu"},{"$i":"back-button","ariaLabel":"Zpět"},{"$i":"setting-option","ariaLabel":[{"t":"idOrVar","v":"value"}]},{"$i":"setting-option-hdr","ariaLabel":["HDR ",{"t":"idOrVar","v":"value"}]},{"$i":"setting-option-self-timer","ariaLabel":["Samospoušť ",{"t":"idOrVar","v":"value"}]},{"$i":"setting-option-grid","ariaLabel":["Čáry tabulky ",{"t":"idOrVar","v":"value"}]},{"$i":"setting-option-scene-mode","ariaLabel":["Režim Scéna ",{"t":"idOrVar","v":"value"}]},{"$i":"setting-option-camera-resolution","ariaLabel":["Rozlišení fotoaparátu ",{"t":"idOrVar","v":"value"}]},{"$i":"setting-option-video-resolution","ariaLabel":["Rozlišení videa ",{"t":"idOrVar","v":"value"}]},{"$i":"flash-on-button","ariaLabel":"Blesk zapnutý"},{"$i":"flash-off-button","ariaLabel":"Blesk vypnutý"},{"$i":"flash-auto-button","ariaLabel":"Automatický blesk"},{"$i":"switch-camera","$v":"Výběr fotoaparátu"},{"$i":"toggle-camera-front-button","$v":"Přední fotoaparát","ariaLabel":"Přední fotoaparát"},{"$i":"toggle-camera-rear-button","$v":"Zadní fotoaparát","ariaLabel":"Zadní fotoaparát"},{"$i":"menu-button","ariaLabel":"Menu"},{"$i":"preview-button","ariaLabel":"Náhled"},{"$i":"controls-button-close","ariaLabel":"Zavřít"},{"$i":"share-button","ariaLabel":"Sdílet"},{"$i":"more-button","ariaLabel":"Více"},{"$i":"media-frame","ariaLabel":["Snímek ",{"t":"idOrVar","v":"current"}," z ",{"t":"idOrVar","v":"total"}],"ariaMozHint":"Potažením 2 prsty vlevo/vpravo přeskočíte na další/předchozí"},{"$i":"zoom","$v":"Zvětšit"},{"$i":"zoom-in","$v":"Přiblížit"},{"$i":"zoom-out","$v":"Oddálit"},{"$i":"volume","$v":"Hlasitost"},{"$i":"share","$v":"Sdílet"},{"$i":"set-as-wallpaper","$v":"Nastavit jako tapetu"},{"$i":"set","$v":"Nastavit"},{"$i":"wallpaper-set","$v":"Tapeta nastavena."},{"$i":"photo-deleted","$v":"Fotka byla smazána."},{"$i":"ftu-info","$v":"Tlačítky VLEVO a VPRAVO lze přepínat mezi režimy fotografie a videa."},{"$i":"fullscreen","$v":"Celá obrazovka"},{"$i":"video-deleted","$v":"Video bylo smazáno."},{"$i":"welcome","$v":"Vítejte v aplikaci fotoaparátu"},{"$i":"ok","$v":"OK"},{"$i":"settings","$v":"Nastavení"},{"$i":"selected","$v":"selected"},{"$i":"unselected","$v":"nevybraný"},{"$i":"camera-disabled","$v":"Tato akce je zakázána. Další informace získáte od správce vaší organizace."},{"$i":"action-not-allowed","$v":"Akce není povolena"}]