[{"$i":"nospace1-title","$v":"SD-kort er fuldt."},{"$i":"nospace1-text","$v":"Slet filer på SD-kortet for at frigøre plads."},{"$i":"nospace2-title","$v":"Telefonens lager er fuldt."},{"$i":"nospace2-text","$v":"Slet mediefiler eller programdata for at frigøre plads. Du kan også indsætte et SD-kort for at udvide medielageret."},{"$i":"confirmation","$v":"Bekræftelse"},{"$i":"error-saving-title","$v":"Billedet er ikke gemt"},{"$i":"error-saving-text","$v":"En fejl forhindrede, at Kamera kunne gemme billedet."},{"$i":"error-recording-title","$v":"Videoen blev ikke optaget"},{"$i":"error-recording-text","$v":"En fejl forhindrede, at Kamera kunne optage videoen."},{"$i":"error-video-file-path-title","$v":"Videoen blev ikke optaget"},{"$i":"error-video-file-path-text","$v":"Fejl under oprettelse af sti til videofil."},{"$i":"nocard2-title","$v":"Intet hukommelseskort blev fundet"},{"$i":"nocard3-text","$v":"Indsæt SD-kort for at tage fotos eller videoer."},{"$i":"pluggedin2-title","$v":"Kamera kan ikke bruges, mens telefonen er tilsluttet"},{"$i":"pluggedin2-text","$v":"Lageret er aktuelt i brug. Fjern tilslutningen til telefonen for at tage billeder."},{"$i":"storage-size-limit-reached","$v":"Du har ikke mere medielagerplads."},{"$i":"activity-size-limit-reached","$v":"Du har nået den maksimale filstørrelse for denne vedhæftede fil."},{"$i":"camera","$v":"Kamera"},{"$i":"retake","$v":"Retake"},{"$i":"done","$v":"Udført"},{"$i":"select","$v":"Vælg"},{"$i":"close","$v":"Luk"},{"$i":"delete-photo?","$v":"Slet dette foto?"},{"$i":"delete-video?","$v":"Slet video?"},{"$i":"cancel","$v":"Annuller"},{"$i":"delete","$v":"Slet"},{"$i":"mp","$v":"MP"},{"$i":"camera-resolution","$v":"Kameraopløsning"},{"$i":"camera-resolution-header","$v":[{"t":"idOrVar","v":"camera-resolution"}]},{"$i":"video-resolution","$v":"Videoopløsning"},{"$i":"video-resolution-header","$v":[{"t":"idOrVar","v":"video-resolution"}]},{"$i":"scene-mode","$v":"Scenetilstand"},{"$i":"scene-mode-header","$v":[{"t":"idOrVar","v":"scene-mode"}]},{"$i":"self-timer","$v":"Selvudløser"},{"$i":"self-timer-header","$v":[{"t":"idOrVar","v":"self-timer"}]},{"$i":"self-timer-off","$v":"Fra"},{"$i":"self-timer-3-seconds","$v":"3 sekunder"},{"$i":"self-timer-5-seconds","$v":"5 sekunder"},{"$i":"self-timer-10-seconds","$v":"10 sekunder"},{"$i":"battery-shutdown-title","$v":"Lavt batteriniveau"},{"$i":"battery-shutdown-text","$v":"Batteriniveauet er for lavt til at bruge kamera."},{"$i":"battery-critical-text","$v":"Kritisk lavt batteriniveau"},{"$i":"battery-verylow-text","$v":"10 % batteridriftstid tilbage"},{"$i":"battery-low-text","$v":"15 % batteridriftstid tilbage"},{"$i":"camera-unavailable-title","$v":"Kamera ikke tilgængeligt"},{"$i":"camera-unavailable-text","$v":"Kamera bruges af en anden app."},{"$i":"hdr","$v":"HDR"},{"$i":"hdr-header","$v":[{"t":"idOrVar","v":"hdr"}]},{"$i":"hdr-on","$v":"Til"},{"$i":"hdr-off","$v":"Fra"},{"$i":"hdr-deactivated","$v":"(HDR deaktiveret)"},{"$i":"grid","$v":"Gitterlinjer"},{"$i":"grid-header","$v":[{"t":"idOrVar","v":"grid"}]},{"$i":"grid-on","$v":"Til"},{"$i":"grid-off","$v":"Fra"},{"$i":"flash","$v":"Blitz"},{"$i":"flash-on","$v":"Til"},{"$i":"flash-off","$v":"Fra"},{"$i":"flash-auto","$v":"Auto"},{"$i":"flash-deactivated","$v":"(Blitz deaktiveret)"},{"$i":"Photo-Mode","$v":"Fototilstand"},{"$i":"Video-Mode","$v":"Videotilstand"},{"$i":"options","$v":"Valg"},{"$i":"open-gallery","$v":"Åbn galleri"},{"$i":"preview","$v":"Vis eksempel"},{"$i":"gallery","$v":"Galleri"},{"$i":"gallery-option","$v":"Gå til Galleri"},{"$i":"video","$v":"Video"},{"$i":"video-option","$v":"Gå til Video"},{"$i":"switch-modes","$v":"Tilstande"},{"$i":"photo-mode","$v":"Fototilstand"},{"$i":"video-mode","$v":"Videotilstand"},{"$i":"switch-resolution","$v":"Opløsning"},{"$i":"low-resolution","$v":"Lav"},{"$i":"medium-resolution","$v":"Mellem"},{"$i":"standard-resolution","$v":"Standard"},{"$i":"high-resolution","$v":"Høj"},{"$i":"set-resolution-to","$v":"Opløsning indstillet til"},{"$i":"insert-sdcard-title","$v":"14/5000"},{"$i":"insert-sdcard-text","$v":"Du kan indsætte et SD-kort for at udvide medielagring."},{"$i":"pause","$v":"Pause"},{"$i":"close-menu-button","ariaLabel":"Luk menu"},{"$i":"back-button","ariaLabel":"Tilbage"},{"$i":"setting-option","ariaLabel":[{"t":"idOrVar","v":"value"}]},{"$i":"setting-option-hdr","ariaLabel":["HDR ",{"t":"idOrVar","v":"value"}]},{"$i":"setting-option-self-timer","ariaLabel":["Selvudløser ",{"t":"idOrVar","v":"value"}]},{"$i":"setting-option-grid","ariaLabel":["Gitterlinjer ",{"t":"idOrVar","v":"value"}]},{"$i":"setting-option-scene-mode","ariaLabel":["Scenetilstand ",{"t":"idOrVar","v":"value"}]},{"$i":"setting-option-camera-resolution","ariaLabel":["Kameraopløsning ",{"t":"idOrVar","v":"value"}]},{"$i":"setting-option-video-resolution","ariaLabel":["Videoopløsning ",{"t":"idOrVar","v":"value"}]},{"$i":"flash-on-button","ariaLabel":"Slå blitz til"},{"$i":"flash-off-button","ariaLabel":"Slå blitz fra"},{"$i":"flash-auto-button","ariaLabel":"Blitz automatisk"},{"$i":"switch-camera","$v":"Valg af kamera"},{"$i":"toggle-camera-front-button","$v":"Frontkamera","ariaLabel":"Frontkamera"},{"$i":"toggle-camera-rear-button","$v":"Bagsidekamera","ariaLabel":"Bagsidekamera"},{"$i":"menu-button","ariaLabel":"Menu"},{"$i":"preview-button","ariaLabel":"Vis eksempel"},{"$i":"controls-button-close","ariaLabel":"Luk"},{"$i":"share-button","ariaLabel":"Del"},{"$i":"more-button","ariaLabel":"Mere"},{"$i":"media-frame","ariaLabel":["Billede ",{"t":"idOrVar","v":"current"}," af ",{"t":"idOrVar","v":"total"}],"ariaMozHint":"Swipe mod venstre med 2 fingre for at hoppe til næste, eller swipe mod højre for at hoppe til forrige"},{"$i":"zoom","$v":"Zoom"},{"$i":"zoom-in","$v":"Zoom ind"},{"$i":"zoom-out","$v":"Zoom ud"},{"$i":"volume","$v":"Volumen"},{"$i":"share","$v":"Del"},{"$i":"set-as-wallpaper","$v":"Brug som baggrund"},{"$i":"set","$v":"Angiv"},{"$i":"wallpaper-set","$v":"Baggrund indstillet."},{"$i":"photo-deleted","$v":"Foto slettet."},{"$i":"ftu-info","$v":"Tryk på VENSTRE og HØJRE tast for at skifte mellem Foto- og Video-tilstand."},{"$i":"fullscreen","$v":"Fuld skærm"},{"$i":"video-deleted","$v":"Video slettet."},{"$i":"welcome","$v":"Velkommen til Kamera"},{"$i":"ok","$v":"OK"},{"$i":"settings","$v":"Indstillinger"},{"$i":"selected","$v":"selected"},{"$i":"unselected","$v":"ikke valgt"},{"$i":"camera-disabled","$v":"Denne handling er deaktiveret. Kontakt din organisations administrator for at finde ud af mere."},{"$i":"action-not-allowed","$v":"Handling ikke tilladt"}]