[{"$i":"nospace1-title","$v":"SD-Karte voll"},{"$i":"nospace1-text","$v":"Löschen Sie Dateien auf der SD-Karte, um für freien Speicherplatz zu sorgen."},{"$i":"nospace2-title","$v":"Telefonspeicher voll"},{"$i":"nospace2-text","$v":"Löschen Sie Mediendateien oder Anwendungsdaten, um für freien Speicherplatz zu sorgen. Sie können auch eine SD-Karte einsetzen, um den Medienspeicher zu vergrößern."},{"$i":"confirmation","$v":"Bestätigung"},{"$i":"error-saving-title","$v":"Bild wurde nicht gespeichert"},{"$i":"error-saving-text","$v":"Aufgrund eines Fehlers konnte die Kamera das Bild nicht speichern."},{"$i":"error-recording-title","$v":"Video wurde nicht aufgezeichnet"},{"$i":"error-recording-text","$v":"Aufgrund eines Fehlers konnte die Kamera das Video nicht aufzeichnen."},{"$i":"error-video-file-path-title","$v":"Video wurde nicht aufgezeichnet"},{"$i":"error-video-file-path-text","$v":"Fehler beim Erstellen des Video-Dateipfads."},{"$i":"nocard2-title","$v":"Keine Speicherkarte gefunden"},{"$i":"nocard3-text","$v":"Legen Sie zum Aufnehmen von Fotos oder Videos eine SD-Karte ein."},{"$i":"pluggedin2-title","$v":"Kamera kann nicht verwendet werden, wenn das Telefon per Kabel verbunden ist."},{"$i":"pluggedin2-text","$v":"Speicher wird momentan verwendet. Bitte trennen Sie die Kabelverbindung zum Telefon, um Bilder aufzunehmen."},{"$i":"storage-size-limit-reached","$v":"Auf Ihrem Medienspeicher ist nicht mehr ausreichend Platz vorhanden."},{"$i":"activity-size-limit-reached","$v":"Sie haben die maximale Dateigröße für diesen Anhang erreicht."},{"$i":"camera","$v":"Kamera"},{"$i":"retake","$v":"Erneut aufnehmen"},{"$i":"done","$v":"Fertig"},{"$i":"select","$v":"Auswählen"},{"$i":"close","$v":"Schließen"},{"$i":"delete-photo?","$v":"Foto löschen?"},{"$i":"delete-video?","$v":"Video löschen?"},{"$i":"cancel","$v":"Abbrechen"},{"$i":"delete","$v":"Löschen"},{"$i":"mp","$v":"MP"},{"$i":"camera-resolution","$v":"Kameraauflösung"},{"$i":"camera-resolution-header","$v":[{"t":"idOrVar","v":"camera-resolution"}]},{"$i":"video-resolution","$v":"Videoauflösung"},{"$i":"video-resolution-header","$v":[{"t":"idOrVar","v":"video-resolution"}]},{"$i":"scene-mode","$v":"Szenen-Modus"},{"$i":"scene-mode-header","$v":[{"t":"idOrVar","v":"scene-mode"}]},{"$i":"self-timer","$v":"Selbstauslöser"},{"$i":"self-timer-header","$v":[{"t":"idOrVar","v":"self-timer"}]},{"$i":"self-timer-off","$v":"Aus"},{"$i":"self-timer-3-seconds","$v":"3 Sekunden"},{"$i":"self-timer-5-seconds","$v":"5 Sekunden"},{"$i":"self-timer-10-seconds","$v":"10 Sekunden"},{"$i":"battery-shutdown-title","$v":"Niedriger Akkustand"},{"$i":"battery-shutdown-text","$v":"Der Akkustand ist zu niedrig, um die Kamera zu verwenden."},{"$i":"battery-critical-text","$v":"Akkustand sehr niedrig"},{"$i":"battery-verylow-text","$v":"10 % Akkustand verbleibend"},{"$i":"battery-low-text","$v":"15 % Akkustand verbleibend"},{"$i":"camera-unavailable-title","$v":"Kamera nicht verfügbar"},{"$i":"camera-unavailable-text","$v":"Kamera wird von einer anderen App verwendet."},{"$i":"hdr","$v":"HDR"},{"$i":"hdr-header","$v":[{"t":"idOrVar","v":"hdr"}]},{"$i":"hdr-on","$v":"Ein"},{"$i":"hdr-off","$v":"Aus"},{"$i":"hdr-deactivated","$v":"(HDR deaktiviert)"},{"$i":"grid","$v":"Raster"},{"$i":"grid-header","$v":[{"t":"idOrVar","v":"grid"}]},{"$i":"grid-on","$v":"Ein"},{"$i":"grid-off","$v":"Aus"},{"$i":"flash","$v":"Blitz"},{"$i":"flash-on","$v":"Ein"},{"$i":"flash-off","$v":"Aus"},{"$i":"flash-auto","$v":"Automatisch"},{"$i":"flash-deactivated","$v":"(Blitz deaktiviert)"},{"$i":"Photo-Mode","$v":"Fotomodus"},{"$i":"Video-Mode","$v":"Videomodus"},{"$i":"options","$v":"Optionen"},{"$i":"open-gallery","$v":"Galerie öffnen"},{"$i":"preview","$v":"Vorschau"},{"$i":"gallery","$v":"Galerie"},{"$i":"gallery-option","$v":"Galerie aufrufen"},{"$i":"video","$v":"Video"},{"$i":"video-option","$v":"Video aufrufen"},{"$i":"switch-modes","$v":"Modi"},{"$i":"photo-mode","$v":"Fotomodus"},{"$i":"video-mode","$v":"Videomodus"},{"$i":"switch-resolution","$v":"Auflösung"},{"$i":"low-resolution","$v":"Niedrig"},{"$i":"medium-resolution","$v":"Mittel"},{"$i":"standard-resolution","$v":"Standard"},{"$i":"high-resolution","$v":"Hoch"},{"$i":"set-resolution-to","$v":"Auflösung festgelegt auf"},{"$i":"insert-sdcard-title","$v":"SD-Karte einlegen"},{"$i":"insert-sdcard-text","$v":"Sie können eine SD-Karte einsetzen, um den Medienspeicher zu vergrößern."},{"$i":"pause","$v":"Pause"},{"$i":"close-menu-button","ariaLabel":"Menü schließen"},{"$i":"back-button","ariaLabel":"Zurück"},{"$i":"setting-option","ariaLabel":[{"t":"idOrVar","v":"value"}]},{"$i":"setting-option-hdr","ariaLabel":["HDR ",{"t":"idOrVar","v":"value"}]},{"$i":"setting-option-self-timer","ariaLabel":["Selbstauslöser ",{"t":"idOrVar","v":"value"}]},{"$i":"setting-option-grid","ariaLabel":["Raster ",{"t":"idOrVar","v":"value"}]},{"$i":"setting-option-scene-mode","ariaLabel":["Szenen-Modus ",{"t":"idOrVar","v":"value"}]},{"$i":"setting-option-camera-resolution","ariaLabel":["Kameraauflösung ",{"t":"idOrVar","v":"value"}]},{"$i":"setting-option-video-resolution","ariaLabel":["Videoauflösung ",{"t":"idOrVar","v":"value"}]},{"$i":"flash-on-button","ariaLabel":"Blitz ein"},{"$i":"flash-off-button","ariaLabel":"Blitz aus"},{"$i":"flash-auto-button","ariaLabel":"Automatischer Blitz"},{"$i":"switch-camera","$v":"Kameraauswahl"},{"$i":"toggle-camera-front-button","$v":"Vorderseite","ariaLabel":"Vorderseite"},{"$i":"toggle-camera-rear-button","$v":"Rückseite","ariaLabel":"Rückseite"},{"$i":"menu-button","ariaLabel":"Menü"},{"$i":"preview-button","ariaLabel":"Vorschau"},{"$i":"controls-button-close","ariaLabel":"Schließen"},{"$i":"share-button","ariaLabel":"Teilen"},{"$i":"more-button","ariaLabel":"Mehr"},{"$i":"media-frame","ariaLabel":["Bild ",{"t":"idOrVar","v":"current"}," von ",{"t":"idOrVar","v":"total"}],"ariaMozHint":"Mit 2 Fingern nach links wischen, um zum nächsten Bild zu springen bzw. nach rechts wischen, um zum vorherigen Bild zu wechseln."},{"$i":"zoom","$v":"Zoom"},{"$i":"zoom-in","$v":"Vergrößern"},{"$i":"zoom-out","$v":"Verkleinern"},{"$i":"volume","$v":"Lautstärke"},{"$i":"share","$v":"Teilen"},{"$i":"set-as-wallpaper","$v":"Als Hintergrund festlegen"},{"$i":"set","$v":"Festlegen"},{"$i":"wallpaper-set","$v":"Hintergrund eingerichtet."},{"$i":"photo-deleted","$v":"Foto gelöscht"},{"$i":"ftu-info","$v":"Berühren Sie die Option die Tasten LINKS und RECHTS, um zwischen Foto- und Videomodus zu wechseln."},{"$i":"fullscreen","$v":"Vollbild"},{"$i":"video-deleted","$v":"Video gelöscht"},{"$i":"welcome","$v":"Willkommen!"},{"$i":"ok","$v":"OK"},{"$i":"settings","$v":"Einstellungen"},{"$i":"selected","$v":"ausgewählt"},{"$i":"unselected","$v":"nicht markiert"},{"$i":"camera-disabled","$v":"Diese Aktion ist deaktiviert. Wenden Sie sich an den Administrator in Ihrem Unternehmen, um mehr zu erfahren."},{"$i":"action-not-allowed","$v":"Aktion nicht zulässig"}]