[{"$i":"nospace1-title","$v":"SD Card Full"},{"$i":"nospace1-text","$v":"Delete files in SD card to free up space."},{"$i":"nospace2-title","$v":"Phone Storage Full"},{"$i":"nospace2-text","$v":"Delete media files or application data to free up space. You can also insert an SD card to expand media storage."},{"$i":"confirmation","$v":"Confirmation"},{"$i":"error-saving-title","$v":"Picture not saved"},{"$i":"error-saving-text","$v":"An error prevented Camera from saving the picture."},{"$i":"error-recording-title","$v":"Video not recorded"},{"$i":"error-recording-text","$v":"An error prevented Camera from recording the video."},{"$i":"error-video-file-path-title","$v":"Video not recorded"},{"$i":"error-video-file-path-text","$v":"Error creating video file path."},{"$i":"nocard2-title","$v":"No memory card found"},{"$i":"nocard3-text","$v":"Insert SD card to take photos or videos."},{"$i":"pluggedin2-title","$v":"Camera cannot be used while phone is plugged in"},{"$i":"pluggedin2-text","$v":"Storage is currently in use. Please unplug the phone to take pictures."},{"$i":"storage-size-limit-reached","$v":"You have run out of media storage space."},{"$i":"activity-size-limit-reached","$v":"You have reached the maximum file size for this attachment."},{"$i":"camera","$v":"Camera"},{"$i":"retake","$v":"Retake"},{"$i":"done","$v":"Done"},{"$i":"select","$v":"Select"},{"$i":"close","$v":"Close"},{"$i":"delete-photo?","$v":"Delete this photo?"},{"$i":"delete-video?","$v":"Delete this video?"},{"$i":"cancel","$v":"Cancel"},{"$i":"delete","$v":"Delete"},{"$i":"mp","$v":"MP"},{"$i":"camera-resolution","$v":"Camera Resolution"},{"$i":"camera-resolution-header","$v":[{"t":"idOrVar","v":"camera-resolution"}]},{"$i":"video-resolution","$v":"Video Resolution"},{"$i":"video-resolution-header","$v":[{"t":"idOrVar","v":"video-resolution"}]},{"$i":"scene-mode","$v":"Scene Mode"},{"$i":"scene-mode-header","$v":[{"t":"idOrVar","v":"scene-mode"}]},{"$i":"self-timer","$v":"Self Timer"},{"$i":"self-timer-header","$v":[{"t":"idOrVar","v":"self-timer"}]},{"$i":"self-timer-off","$v":"Off"},{"$i":"self-timer-3-seconds","$v":"3 seconds"},{"$i":"self-timer-5-seconds","$v":"5 seconds"},{"$i":"self-timer-10-seconds","$v":"10 seconds"},{"$i":"battery-shutdown-title","$v":"Low Battery"},{"$i":"battery-shutdown-text","$v":"The battery level is too low to use camera."},{"$i":"battery-critical-text","$v":"Critically low battery"},{"$i":"battery-verylow-text","$v":"10% battery remaining"},{"$i":"battery-low-text","$v":"15% battery remaining"},{"$i":"camera-unavailable-title","$v":"Camera Unavailable"},{"$i":"camera-unavailable-text","$v":"Camera is used by another app."},{"$i":"hdr","$v":"HDR"},{"$i":"hdr-header","$v":[{"t":"idOrVar","v":"hdr"}]},{"$i":"hdr-on","$v":"On"},{"$i":"hdr-off","$v":"Off"},{"$i":"hdr-deactivated","$v":"(HDR deactivated)"},{"$i":"grid","$v":"Grid"},{"$i":"grid-header","$v":[{"t":"idOrVar","v":"grid"}]},{"$i":"grid-on","$v":"On"},{"$i":"grid-off","$v":"Off"},{"$i":"flash","$v":"Flash"},{"$i":"flash-on","$v":"On"},{"$i":"flash-off","$v":"Off"},{"$i":"flash-auto","$v":"Auto"},{"$i":"flash-deactivated","$v":"(Flash deactivated)"},{"$i":"Photo-Mode","$v":"Photo Mode"},{"$i":"Video-Mode","$v":"Video Mode"},{"$i":"options","$v":"Options"},{"$i":"open-gallery","$v":"Open Gallery"},{"$i":"preview","$v":"Preview"},{"$i":"gallery","$v":"Gallery"},{"$i":"gallery-option","$v":"Go to Gallery"},{"$i":"video","$v":"Video"},{"$i":"video-option","$v":"Go to Video"},{"$i":"switch-modes","$v":"Modes"},{"$i":"photo-mode","$v":"Photo mode"},{"$i":"video-mode","$v":"Video mode"},{"$i":"switch-resolution","$v":"Resolution"},{"$i":"low-resolution","$v":"Low"},{"$i":"medium-resolution","$v":"Medium"},{"$i":"standard-resolution","$v":"Standard"},{"$i":"high-resolution","$v":"High"},{"$i":"set-resolution-to","$v":"Resolution set to"},{"$i":"insert-sdcard-title","$v":"Insert SD Card"},{"$i":"insert-sdcard-text","$v":"You can insert an SD card to expand media storage."},{"$i":"pause","$v":"Pause"},{"$i":"close-menu-button","ariaLabel":"Close menu"},{"$i":"back-button","ariaLabel":"Back"},{"$i":"setting-option","ariaLabel":[{"t":"idOrVar","v":"value"}]},{"$i":"setting-option-hdr","ariaLabel":["HDR ",{"t":"idOrVar","v":"value"}]},{"$i":"setting-option-self-timer","ariaLabel":["Self-Timer ",{"t":"idOrVar","v":"value"}]},{"$i":"setting-option-grid","ariaLabel":["Grid ",{"t":"idOrVar","v":"value"}]},{"$i":"setting-option-scene-mode","ariaLabel":["Scene Mode ",{"t":"idOrVar","v":"value"}]},{"$i":"setting-option-camera-resolution","ariaLabel":["Camera Resolution ",{"t":"idOrVar","v":"value"}]},{"$i":"setting-option-video-resolution","ariaLabel":["Video Resolution ",{"t":"idOrVar","v":"value"}]},{"$i":"flash-on-button","ariaLabel":"Flash On"},{"$i":"flash-off-button","ariaLabel":"Flash Off"},{"$i":"flash-auto-button","ariaLabel":"Flash Auto"},{"$i":"switch-camera","$v":"Camera Selection"},{"$i":"toggle-camera-front-button","$v":"Front","ariaLabel":"Front"},{"$i":"toggle-camera-rear-button","$v":"Rear","ariaLabel":"Rear"},{"$i":"menu-button","ariaLabel":"Menu"},{"$i":"preview-button","ariaLabel":"Preview"},{"$i":"controls-button-close","ariaLabel":"Close"},{"$i":"share-button","ariaLabel":"Share"},{"$i":"more-button","ariaLabel":"More"},{"$i":"media-frame","ariaLabel":["Frame ",{"t":"idOrVar","v":"current"}," of ",{"t":"idOrVar","v":"total"}],"ariaMozHint":"Swipe left with 2 fingers to jump to next, or swipe right to jump to previous"},{"$i":"zoom","$v":"Zoom"},{"$i":"zoom-in","$v":"Zoom In"},{"$i":"zoom-out","$v":"Zoom Out"},{"$i":"volume","$v":"Volume"},{"$i":"share","$v":"Share"},{"$i":"set-as-wallpaper","$v":"Set as wallpaper"},{"$i":"set","$v":"Set"},{"$i":"wallpaper-set","$v":"Wallpaper set."},{"$i":"photo-deleted","$v":"Photo deleted."},{"$i":"ftu-info","$v":"Press LEFT and RIGHT key to switch between Photo and Video modes."},{"$i":"fullscreen","$v":"Full Screen"},{"$i":"video-deleted","$v":"Video deleted."},{"$i":"welcome","$v":"Welcome to Camera"},{"$i":"ok","$v":"OK"},{"$i":"settings","$v":"Settings"},{"$i":"selected","$v":"selected"},{"$i":"unselected","$v":"unselected"},{"$i":"camera-disabled","$v":"This action is disabled. To find out more, contact your organisation's admin."},{"$i":"action-not-allowed","$v":"Action not allowed"}]