[{"$i":"nospace1-title","$v":"Tarjeta SD llena"},{"$i":"nospace1-text","$v":"Elimine archivos de la tarjeta SD para liberar espacio."},{"$i":"nospace2-title","$v":"Almacenamiento del teléfono lleno"},{"$i":"nospace2-text","$v":"Elimine archivos de medios o datos de aplicaciones para liberar espacio. También puede insertar una tarjeta SD para ampliar el almacenamiento de medios."},{"$i":"confirmation","$v":"Confirmación"},{"$i":"error-saving-title","$v":"Imagen no guardada"},{"$i":"error-saving-text","$v":"Un error ha impedido que la cámara guarde la imagen."},{"$i":"error-recording-title","$v":"Vídeo no grabado"},{"$i":"error-recording-text","$v":"Un error ha impedido que la cámara grave el vídeo."},{"$i":"error-video-file-path-title","$v":"Vídeo no grabado"},{"$i":"error-video-file-path-text","$v":"Error al crear la ruta del archivo de vídeo."},{"$i":"nocard2-title","$v":"No se ha encontrado ninguna tarjeta de memoria"},{"$i":"nocard3-text","$v":"Introducir tarjeta SD para realizar fotos o vídeos."},{"$i":"pluggedin2-title","$v":"La cámara no se puede utilizar si el teléfono está enchufado."},{"$i":"pluggedin2-text","$v":"El almacenamiento está en uso. Desconecte el teléfono para tomar fotografías."},{"$i":"storage-size-limit-reached","$v":"No queda espacio de almacenamiento para multimedia."},{"$i":"activity-size-limit-reached","$v":"Ha alcanzado el tamaño máximo de archivo para este adjunto"},{"$i":"camera","$v":"Cámara"},{"$i":"retake","$v":"Volver a realizar"},{"$i":"done","$v":"Hecho"},{"$i":"select","$v":"Selec."},{"$i":"close","$v":"Cerrar"},{"$i":"delete-photo?","$v":"¿Eliminar foto?"},{"$i":"delete-video?","$v":"¿Eliminar vídeo?"},{"$i":"cancel","$v":"Cancelar"},{"$i":"delete","$v":"Eliminar"},{"$i":"mp","$v":"MP"},{"$i":"camera-resolution","$v":"Resolución de la cámara"},{"$i":"camera-resolution-header","$v":[{"t":"idOrVar","v":"camera-resolution"}]},{"$i":"video-resolution","$v":"Resolución de vídeo"},{"$i":"video-resolution-header","$v":[{"t":"idOrVar","v":"video-resolution"}]},{"$i":"scene-mode","$v":"Modo de escena"},{"$i":"scene-mode-header","$v":[{"t":"idOrVar","v":"scene-mode"}]},{"$i":"self-timer","$v":"Temporizador"},{"$i":"self-timer-header","$v":[{"t":"idOrVar","v":"self-timer"}]},{"$i":"self-timer-off","$v":"Desactivado"},{"$i":"self-timer-3-seconds","$v":"3 segundos"},{"$i":"self-timer-5-seconds","$v":"5 segundos"},{"$i":"self-timer-10-seconds","$v":"10 segundos"},{"$i":"battery-shutdown-title","$v":"Batería baja"},{"$i":"battery-shutdown-text","$v":"El nivel de la batería es demasiado bajo para utilizar la cámara."},{"$i":"battery-critical-text","$v":"Batería muy baja"},{"$i":"battery-verylow-text","$v":"10% de batería restante"},{"$i":"battery-low-text","$v":"15% de batería restante"},{"$i":"camera-unavailable-title","$v":"Cámara no disponible"},{"$i":"camera-unavailable-text","$v":"La cámara está siendo utilizada por otra aplicación."},{"$i":"hdr","$v":"HDR"},{"$i":"hdr-header","$v":[{"t":"idOrVar","v":"hdr"}]},{"$i":"hdr-on","$v":"Activado"},{"$i":"hdr-off","$v":"Desactivado"},{"$i":"hdr-deactivated","$v":"(HDR desactivado)"},{"$i":"grid","$v":"Cuadrícula"},{"$i":"grid-header","$v":[{"t":"idOrVar","v":"grid"}]},{"$i":"grid-on","$v":"Activado"},{"$i":"grid-off","$v":"Desactivado"},{"$i":"flash","$v":"Flash"},{"$i":"flash-on","$v":"Activado"},{"$i":"flash-off","$v":"Desactivado"},{"$i":"flash-auto","$v":"Automático"},{"$i":"flash-deactivated","$v":"(Flash desactivado)"},{"$i":"Photo-Mode","$v":"Modo Cámara"},{"$i":"Video-Mode","$v":"Modo Vídeo"},{"$i":"options","$v":"Opciones"},{"$i":"open-gallery","$v":"Abrir la galería"},{"$i":"preview","$v":"Vista previa"},{"$i":"gallery","$v":"Galería"},{"$i":"gallery-option","$v":"Ir a la Galería"},{"$i":"video","$v":"Vídeo"},{"$i":"video-option","$v":"Ir a Vídeo"},{"$i":"switch-modes","$v":"Modos"},{"$i":"photo-mode","$v":"Modo foto"},{"$i":"video-mode","$v":"Modo vídeo"},{"$i":"switch-resolution","$v":"Resolución"},{"$i":"low-resolution","$v":"Baja"},{"$i":"medium-resolution","$v":"Medio"},{"$i":"standard-resolution","$v":"Estándar"},{"$i":"high-resolution","$v":"Alta"},{"$i":"set-resolution-to","$v":"Resolución establecida en"},{"$i":"insert-sdcard-title","$v":"Introducir tarjeta SD"},{"$i":"insert-sdcard-text","$v":"Puede introducir una tarjeta SD para ampliar el almacenamiento de medios."},{"$i":"pause","$v":"Pausar"},{"$i":"close-menu-button","ariaLabel":"Cerrar menú"},{"$i":"back-button","ariaLabel":"Atrás"},{"$i":"setting-option","ariaLabel":[{"t":"idOrVar","v":"value"}]},{"$i":"setting-option-hdr","ariaLabel":["HDR ",{"t":"idOrVar","v":"value"}]},{"$i":"setting-option-self-timer","ariaLabel":["Temporizador ",{"t":"idOrVar","v":"value"}]},{"$i":"setting-option-grid","ariaLabel":["Cuadrícula ",{"t":"idOrVar","v":"value"}]},{"$i":"setting-option-scene-mode","ariaLabel":["Modo de escena ",{"t":"idOrVar","v":"value"}]},{"$i":"setting-option-camera-resolution","ariaLabel":["Resolución de la cámara ",{"t":"idOrVar","v":"value"}]},{"$i":"setting-option-video-resolution","ariaLabel":["Resolución de vídeo ",{"t":"idOrVar","v":"value"}]},{"$i":"flash-on-button","ariaLabel":"Flash activado"},{"$i":"flash-off-button","ariaLabel":"Flash desactivado"},{"$i":"flash-auto-button","ariaLabel":"Flash automático"},{"$i":"switch-camera","$v":"Selección de cámara"},{"$i":"toggle-camera-front-button","$v":"Frontal","ariaLabel":"Frontal"},{"$i":"toggle-camera-rear-button","$v":"Posterior","ariaLabel":"Posterior"},{"$i":"menu-button","ariaLabel":"Menú"},{"$i":"preview-button","ariaLabel":"Vista previa"},{"$i":"controls-button-close","ariaLabel":"Cerrar"},{"$i":"share-button","ariaLabel":"Compartir"},{"$i":"more-button","ariaLabel":"Más"},{"$i":"media-frame","ariaLabel":["Marco ",{"t":"idOrVar","v":"current"}," de ",{"t":"idOrVar","v":"total"}],"ariaMozHint":"Deslice a la izquierda con dos dedos para pasar al siguiente o a la derecha para pasar al anterior."},{"$i":"zoom","$v":"Zoom"},{"$i":"zoom-in","$v":"Acercar"},{"$i":"zoom-out","$v":"Alejar"},{"$i":"volume","$v":"Volumen"},{"$i":"share","$v":"Compartir"},{"$i":"set-as-wallpaper","$v":"Establecer como fondo de pantalla"},{"$i":"set","$v":"Definir"},{"$i":"wallpaper-set","$v":"Fondo de pantalla establecido."},{"$i":"photo-deleted","$v":"Foto eliminada"},{"$i":"ftu-info","$v":"Pulse la tecla Izquierda o Derecha para cambiar entre los modos Foto y Vídeo."},{"$i":"fullscreen","$v":"Pantalla completa"},{"$i":"video-deleted","$v":"Vídeo eliminado"},{"$i":"welcome","$v":"Bienvenido a la Cámara"},{"$i":"ok","$v":"Aceptar"},{"$i":"settings","$v":"Ajustes"},{"$i":"selected","$v":"seleccionado"},{"$i":"unselected","$v":"no seleccionado"},{"$i":"camera-disabled","$v":"Esta acción está deshabilitada. Para obtener más información, póngase en contacto con el administrador de su organización."},{"$i":"action-not-allowed","$v":"Acción no permitida"}]