[{"$i":"nospace1-title","$v":"Tarjeta SD llena"},{"$i":"nospace1-text","$v":"Elimine archivos de la tarjeta SD para liberar espacio."},{"$i":"nospace2-title","$v":"Almacenamiento del teléfono lleno"},{"$i":"nospace2-text","$v":"Elimine archivos multimedia o datos de aplicaciones para liberar espacio. También puede insertar una tarjeta SD para ampliar el almacenamiento multimedia."},{"$i":"confirmation","$v":"Confirmación"},{"$i":"error-saving-title","$v":"No se guardó la foto"},{"$i":"error-saving-text","$v":"Un error previno que la Cámara guardase la imagen."},{"$i":"error-recording-title","$v":"No se grabó el video"},{"$i":"error-recording-text","$v":"Un error previno que la Cámara grabase el video."},{"$i":"error-video-file-path-title","$v":"No se grabó el video"},{"$i":"error-video-file-path-text","$v":"Error al crear la ruta del archivo de video."},{"$i":"nocard2-title","$v":"No se encontró la tarjeta de memoria"},{"$i":"nocard3-text","$v":"Insertar tarjeta SD para realizar fotos o videos."},{"$i":"pluggedin2-title","$v":"La Cámara no puede usarse mientras el teléfono está enchufado"},{"$i":"pluggedin2-text","$v":"Desenchufe el teléfono para capturar fotografías y videos"},{"$i":"storage-size-limit-reached","$v":"Se le acabado el espacio de almacenamiento de medios"},{"$i":"activity-size-limit-reached","$v":"Ha alcanzado el tamaño de archivo máximo para este adjunto."},{"$i":"camera","$v":"Cámara"},{"$i":"retake","$v":"Volver a tomar"},{"$i":"done","$v":"Listo"},{"$i":"select","$v":"Selec."},{"$i":"close","$v":"Cerrar"},{"$i":"delete-photo?","$v":"¿Eliminar fotografía?"},{"$i":"delete-video?","$v":"¿Eliminar video?"},{"$i":"cancel","$v":"Cancelar"},{"$i":"delete","$v":"Eliminar"},{"$i":"mp","$v":"MP"},{"$i":"camera-resolution","$v":"Resolución de la Cámara"},{"$i":"camera-resolution-header","$v":[{"t":"idOrVar","v":"camera-resolution"}]},{"$i":"video-resolution","$v":"Resolución de video"},{"$i":"video-resolution-header","$v":[{"t":"idOrVar","v":"video-resolution"}]},{"$i":"scene-mode","$v":"Modo de escena"},{"$i":"scene-mode-header","$v":[{"t":"idOrVar","v":"scene-mode"}]},{"$i":"self-timer","$v":"Disparador automático"},{"$i":"self-timer-header","$v":[{"t":"idOrVar","v":"self-timer"}]},{"$i":"self-timer-off","$v":"Apagado"},{"$i":"self-timer-3-seconds","$v":"3 segundos"},{"$i":"self-timer-5-seconds","$v":"5 segundos"},{"$i":"self-timer-10-seconds","$v":"10 segundos"},{"$i":"battery-shutdown-title","$v":"Batería baja"},{"$i":"battery-shutdown-text","$v":"La batería está demasiado baja para usar la cámara"},{"$i":"battery-critical-text","$v":"Batería críticamente baja"},{"$i":"battery-verylow-text","$v":"10% de batería restante"},{"$i":"battery-low-text","$v":"15% de batería restante"},{"$i":"camera-unavailable-title","$v":"Cámara no disponible"},{"$i":"camera-unavailable-text","$v":"La cámara está en uso por otra aplicación"},{"$i":"hdr","$v":"HDR"},{"$i":"hdr-header","$v":[{"t":"idOrVar","v":"hdr"}]},{"$i":"hdr-on","$v":"Encendido"},{"$i":"hdr-off","$v":"Apagado"},{"$i":"hdr-deactivated","$v":"(HDR desactivado)"},{"$i":"grid","$v":"Grilla"},{"$i":"grid-header","$v":[{"t":"idOrVar","v":"grid"}]},{"$i":"grid-on","$v":"Encendido"},{"$i":"grid-off","$v":"Apagado"},{"$i":"flash","$v":"Flash"},{"$i":"flash-on","$v":"Encendido"},{"$i":"flash-off","$v":"Apagado"},{"$i":"flash-auto","$v":"Automático"},{"$i":"flash-deactivated","$v":"(Flash desactivado)"},{"$i":"Photo-Mode","$v":"Modo de fotografía"},{"$i":"Video-Mode","$v":"Modo de video"},{"$i":"options","$v":"Opciones"},{"$i":"open-gallery","$v":"Abrir galería"},{"$i":"preview","$v":"Vista previa"},{"$i":"gallery","$v":"Galería"},{"$i":"gallery-option","$v":"Ir a aplicación Galería"},{"$i":"video","$v":"Video"},{"$i":"video-option","$v":"Ir a aplicación Video"},{"$i":"switch-modes","$v":"Modos"},{"$i":"photo-mode","$v":"Modo de fotografía"},{"$i":"video-mode","$v":"Modo de video"},{"$i":"switch-resolution","$v":"Resolución"},{"$i":"low-resolution","$v":"Baja"},{"$i":"medium-resolution","$v":"Mediana"},{"$i":"standard-resolution","$v":"Estándar"},{"$i":"high-resolution","$v":"Alta"},{"$i":"set-resolution-to","$v":"Resolución establecida en"},{"$i":"insert-sdcard-title","$v":"Insertar tarjeta SD"},{"$i":"insert-sdcard-text","$v":"Puede insertar una tarjeta SD para ampliar el almacenamiento multimedia."},{"$i":"pause","$v":"Pausa"},{"$i":"close-menu-button","ariaLabel":"Cerrar menú"},{"$i":"back-button","ariaLabel":"Volver"},{"$i":"setting-option","ariaLabel":[{"t":"idOrVar","v":"value"}]},{"$i":"setting-option-hdr","ariaLabel":["HDR ",{"t":"idOrVar","v":"value"}]},{"$i":"setting-option-self-timer","ariaLabel":["Disparador automático ",{"t":"idOrVar","v":"value"}]},{"$i":"setting-option-grid","ariaLabel":["Líneas de grilla ",{"t":"idOrVar","v":"value"}]},{"$i":"setting-option-scene-mode","ariaLabel":["Modo de escena ",{"t":"idOrVar","v":"value"}]},{"$i":"setting-option-camera-resolution","ariaLabel":["Resolución de cámara ",{"t":"idOrVar","v":"value"}]},{"$i":"setting-option-video-resolution","ariaLabel":["Resolución de video ",{"t":"idOrVar","v":"value"}]},{"$i":"flash-on-button","ariaLabel":"Flash encendido"},{"$i":"flash-off-button","ariaLabel":"Flash apagado"},{"$i":"flash-auto-button","ariaLabel":"Flash automático"},{"$i":"switch-camera","$v":"Selección de cámara"},{"$i":"toggle-camera-front-button","$v":"Cámara frontal","ariaLabel":"Cámara frontal"},{"$i":"toggle-camera-rear-button","$v":"Cámara posterior","ariaLabel":"Cámara posterior"},{"$i":"menu-button","ariaLabel":"Menú"},{"$i":"preview-button","ariaLabel":"Vista previa"},{"$i":"controls-button-close","ariaLabel":"Cerrar"},{"$i":"share-button","ariaLabel":"Compartir"},{"$i":"more-button","ariaLabel":"Más"},{"$i":"media-frame","ariaLabel":["Marco ",{"t":"idOrVar","v":"current"}," de ",{"t":"idOrVar","v":"total"}],"ariaMozHint":"Deslizar desde la izquierda con 2 dedos para ir al siguiente, o deslizar a la derecha para ir al anterior"},{"$i":"zoom","$v":"Zoom"},{"$i":"zoom-in","$v":"Acercar"},{"$i":"zoom-out","$v":"Alejar"},{"$i":"volume","$v":"Volumen"},{"$i":"share","$v":"Compartir"},{"$i":"set-as-wallpaper","$v":"Establecer como papel tapiz"},{"$i":"set","$v":"Establecer"},{"$i":"wallpaper-set","$v":"Establecer el fondo de pantalla."},{"$i":"photo-deleted","$v":"Fotografía eliminada"},{"$i":"ftu-info","$v":"Presione la tecla IZQUIERDA y DERECHA para cambiar entre los modos de Fotografía y Video."},{"$i":"fullscreen","$v":"Pantalla completa"},{"$i":"video-deleted","$v":"Video eliminado"},{"$i":"welcome","$v":"Bienvenido a la Cámara"},{"$i":"ok","$v":"OK"},{"$i":"settings","$v":"Ajustes"},{"$i":"selected","$v":"seleccionada"},{"$i":"unselected","$v":"deseleccionada"},{"$i":"camera-disabled","$v":"Esta acción está deshabilitada. Para obtener más información, entre en contacto con el administrador de su organización."},{"$i":"action-not-allowed","$v":"Acción no permitida"}]