[{"$i":"nospace1-title","$v":"کارت SD پر است"},{"$i":"nospace1-text","$v":"فایل های روی کارت SD را حذف کنید تا فضا آزاد شود."},{"$i":"nospace2-title","$v":"حافظه تلفن پر است"},{"$i":"nospace2-text","$v":"فایل های رسانه یا داده برنامه را حذف کنید تا فضا آزاد شود. همینطور می توانید یک کارت SD برای افزایش فضای حافظه رسانه وارد کنید."},{"$i":"confirmation","$v":"تأييد"},{"$i":"error-saving-title","$v":"تصویر ذخیره نمی شود"},{"$i":"error-saving-text","$v":"خطایی مانع از ذخیره تصویر توسط دوربین می شود."},{"$i":"error-recording-title","$v":"ویدیو ضبط نمی شود"},{"$i":"error-recording-text","$v":"خطایی مانع از ضبط ویدیو توسط دوربین می شود."},{"$i":"error-video-file-path-title","$v":"ویدیو ضبط نمی شود"},{"$i":"error-video-file-path-text","$v":"خطای ایجاد مسیر فایل ویدیویی."},{"$i":"nocard2-title","$v":"کارت حافظه یافت نشد"},{"$i":"nocard3-text","$v":"برای گرفتن عکس یا ویدیویک کارت SD وارد کنید"},{"$i":"pluggedin2-title","$v":"زمانی که تلفن وصل باشد نمی توان از دوربین استفاده کرد"},{"$i":"pluggedin2-text","$v":"حافظه در حال حاضر در حال استفاده است. لطفاً برای گرفتن تصاویر، تلفن را جدا کنید."},{"$i":"storage-size-limit-reached","$v":"فضای حافظه رسانه تمام شده است."},{"$i":"activity-size-limit-reached","$v":"به حداکثر اندازه فایل برای این پیوست رسیده اید."},{"$i":"camera","$v":"دوربين"},{"$i":"retake","$v":"گرفتن مجدد"},{"$i":"done","$v":"انجام شد"},{"$i":"select","$v":"انتخاب"},{"$i":"close","$v":"بستن"},{"$i":"delete-photo?","$v":"حذف عكس؟"},{"$i":"delete-video?","$v":"حذف ویدیو؟"},{"$i":"cancel","$v":"لغو کردن"},{"$i":"delete","$v":"حذف"},{"$i":"mp","$v":"مگاپیکسل"},{"$i":"camera-resolution","$v":"وضوح دوربین"},{"$i":"camera-resolution-header","$v":[{"t":"idOrVar","v":"camera-resolution"}]},{"$i":"video-resolution","$v":"وضوح ويديو"},{"$i":"video-resolution-header","$v":[{"t":"idOrVar","v":"video-resolution"}]},{"$i":"scene-mode","$v":"حالت صحنه"},{"$i":"scene-mode-header","$v":[{"t":"idOrVar","v":"scene-mode"}]},{"$i":"self-timer","$v":"تایمر خودکار"},{"$i":"self-timer-header","$v":[{"t":"idOrVar","v":"self-timer"}]},{"$i":"self-timer-off","$v":"خاموش"},{"$i":"self-timer-3-seconds","$v":"3 ثانيه"},{"$i":"self-timer-5-seconds","$v":"5 ثانيه"},{"$i":"self-timer-10-seconds","$v":"10 ثانيه"},{"$i":"battery-shutdown-title","$v":"باتری ضعيف است"},{"$i":"battery-shutdown-text","$v":"سطح نیروی باتری برای استفاده از دوربین بسیار کم است."},{"$i":"battery-critical-text","$v":"نیروی باتری به شدت پایین است"},{"$i":"battery-verylow-text","$v":"10% از نیروی باتری باقی مانده است"},{"$i":"battery-low-text","$v":"15% از نیروی باتری باقی مانده است"},{"$i":"camera-unavailable-title","$v":"دوربین در دسترس نیست"},{"$i":"camera-unavailable-text","$v":"دوبین توسط برنامه دیگری در حال استفاده است."},{"$i":"hdr","$v":"HDR"},{"$i":"hdr-header","$v":[{"t":"idOrVar","v":"hdr"}]},{"$i":"hdr-on","$v":"روشن"},{"$i":"hdr-off","$v":"خاموش"},{"$i":"hdr-deactivated","$v":"(HDR غیرفعال شد)"},{"$i":"grid","$v":"شبکه"},{"$i":"grid-header","$v":[{"t":"idOrVar","v":"grid"}]},{"$i":"grid-on","$v":"روشن"},{"$i":"grid-off","$v":"خاموش"},{"$i":"flash","$v":"فلاش"},{"$i":"flash-on","$v":"روشن"},{"$i":"flash-off","$v":"خاموش"},{"$i":"flash-auto","$v":"خودکار"},{"$i":"flash-deactivated","$v":"(فلاش غیرفعال می شود)"},{"$i":"Photo-Mode","$v":"حالت عکس"},{"$i":"Video-Mode","$v":"حالت ویدیو"},{"$i":"options","$v":"گزینه ها"},{"$i":"open-gallery","$v":"باز کردن گالری"},{"$i":"preview","$v":"پیش نمایش"},{"$i":"gallery","$v":"گالری"},{"$i":"gallery-option","$v":"رفتن به گالری"},{"$i":"video","$v":"ويديو"},{"$i":"video-option","$v":"رفتن به ویدیو"},{"$i":"switch-modes","$v":"حالت ها"},{"$i":"photo-mode","$v":"حالت عکس"},{"$i":"video-mode","$v":"حالت ویدیو"},{"$i":"switch-resolution","$v":"وضوح"},{"$i":"low-resolution","$v":"کم"},{"$i":"medium-resolution","$v":"متوسط"},{"$i":"standard-resolution","$v":"استاندارد"},{"$i":"high-resolution","$v":"زیاد"},{"$i":"set-resolution-to","$v":"تنظیم وضوح روی"},{"$i":"insert-sdcard-title","$v":"یک کارت SD وارد کنید"},{"$i":"insert-sdcard-text","$v":"می توانید یک کارت SD برای افزایش فضای حافظه رسانه وارد کنید."},{"$i":"pause","$v":"توقف موقت"},{"$i":"close-menu-button","ariaLabel":"بستن منو"},{"$i":"back-button","ariaLabel":"برگشت"},{"$i":"setting-option","ariaLabel":[{"t":"idOrVar","v":"value"}]},{"$i":"setting-option-hdr","ariaLabel":["HDR ",{"t":"idOrVar","v":"‏value"}]},{"$i":"setting-option-self-timer","ariaLabel":["تایمر خودکار ",{"t":"idOrVar","v":"value"}]},{"$i":"setting-option-grid","ariaLabel":["شبکه ",{"t":"idOrVar","v":"value"}]},{"$i":"setting-option-scene-mode","ariaLabel":["حالت صحنه ",{"t":"idOrVar","v":"value"}]},{"$i":"setting-option-camera-resolution","ariaLabel":["وضوح دوربین ",{"t":"idOrVar","v":"value"}]},{"$i":"setting-option-video-resolution","ariaLabel":["وضوح ویدیو ",{"t":"idOrVar","v":"value"}]},{"$i":"flash-on-button","ariaLabel":"فلاش روشن"},{"$i":"flash-off-button","ariaLabel":"فلاش خاموش"},{"$i":"flash-auto-button","ariaLabel":"فلاش خودکار"},{"$i":"switch-camera","$v":"انتخاب دوربین"},{"$i":"toggle-camera-front-button","$v":"جلو","ariaLabel":"جلو"},{"$i":"toggle-camera-rear-button","$v":"عقب","ariaLabel":"عقب"},{"$i":"menu-button","ariaLabel":"منو"},{"$i":"preview-button","ariaLabel":"پیش نمایش"},{"$i":"controls-button-close","ariaLabel":"بستن"},{"$i":"share-button","ariaLabel":"اشتراک"},{"$i":"more-button","ariaLabel":"بيشتر"},{"$i":"media-frame","ariaLabel":["فریم ",{"t":"idOrVar","v":"current"}," از ",{"t":"idOrVar","v":"total"}],"ariaMozHint":"با 2 انگشت به چپ بکشید تا به بعدی بروید یا به راست بکشید تا به قبلی بروید"},{"$i":"zoom","$v":"زوم"},{"$i":"zoom-in","$v":"بزرگنمایی"},{"$i":"zoom-out","$v":"کوچکنمایی"},{"$i":"volume","$v":"ميزان صدا"},{"$i":"share","$v":"اشتراک"},{"$i":"set-as-wallpaper","$v":"تنظيم به عنوان تصوير زمينه"},{"$i":"set","$v":"تنظيم"},{"$i":"wallpaper-set","$v":"تنظیم تصویر زمینه انجام نشد."},{"$i":"photo-deleted","$v":"عکس حذف شد"},{"$i":"ftu-info","$v":"برای جابجا شدن بین حالت های عکس و ویدیو، کلید LEFT و RIGHT را فشار دهید."},{"$i":"fullscreen","$v":"تمام صفحه"},{"$i":"video-deleted","$v":"ویدیو حذف شد"},{"$i":"welcome","$v":"به دوربین خوش آمديد"},{"$i":"ok","$v":"تأیید"},{"$i":"settings","$v":"تنظیمات"},{"$i":"selected","$v":"انتخاب شد"},{"$i":"unselected","$v":"انتخاب نشده"},{"$i":"camera-disabled","$v":"این عمل غیرفعال است. برای یافتن موارد بیشتر، با مدیر سازمان خود تماس بگیرید."},{"$i":"action-not-allowed","$v":"عمل مجاز نیست"}]