[{"$i":"nospace1-title","$v":"SD-kortti on täynnä."},{"$i":"nospace1-text","$v":"Poista tiedostoja SD-kortilta vapauttaaksesi tilaa."},{"$i":"nospace2-title","$v":"Puhelimen tallennustila täynnä."},{"$i":"nospace2-text","$v":"Poista mediatiedostoja tai sovellustietoja vapauttaaksesi tilaa. Voit myös liittää SD-kortin laajentaaksesi median tallennustilaa."},{"$i":"confirmation","$v":"Vahvistus"},{"$i":"error-saving-title","$v":"Kuvaa ei tallennettu"},{"$i":"error-saving-text","$v":"Virhe esti kameraa tallentamasta kuvaa."},{"$i":"error-recording-title","$v":"Videota ei tallennettu"},{"$i":"error-recording-text","$v":"Virhe esti kameraa tallentamasta videota."},{"$i":"error-video-file-path-title","$v":"Videota ei tallennettu"},{"$i":"error-video-file-path-text","$v":"Virhe videotiedostoa luotaessa."},{"$i":"nocard2-title","$v":"Muistikorttia ei löytynyt"},{"$i":"nocard3-text","$v":"Aseta SD-kortti ottaaksesi valokuvia tai videoita."},{"$i":"pluggedin2-title","$v":"Kameraa ei voida käyttää, kun puhelin on kytkettynä sähköverkkoon"},{"$i":"pluggedin2-text","$v":"Tallennustila on tällä hetkellä käytössä. Irrota puhelin sähköverkosta, jotta voit ottaa kuvia."},{"$i":"storage-size-limit-reached","$v":"Olet käyttänyt medialle varatun muistitilasi."},{"$i":"activity-size-limit-reached","$v":"Olet saavuttanut suurimman sallitun tiedostokoon tälle liitteelle."},{"$i":"camera","$v":"Kamera"},{"$i":"retake","$v":"uusintaotos"},{"$i":"done","$v":"Valmis"},{"$i":"select","$v":"Valitse"},{"$i":"close","$v":"Sulje"},{"$i":"delete-photo?","$v":"Poistetaanko tämä valokuva?"},{"$i":"delete-video?","$v":"Poistetaanko video?"},{"$i":"cancel","$v":"Peruuta"},{"$i":"delete","$v":"Poista"},{"$i":"mp","$v":"MP"},{"$i":"camera-resolution","$v":"Kameran tarkkuus"},{"$i":"camera-resolution-header","$v":[{"t":"idOrVar","v":"camera-resolution"}]},{"$i":"video-resolution","$v":"Videon resoluutio"},{"$i":"video-resolution-header","$v":[{"t":"idOrVar","v":"video-resolution"}]},{"$i":"scene-mode","$v":"Kuvausohjelma"},{"$i":"scene-mode-header","$v":[{"t":"idOrVar","v":"scene-mode"}]},{"$i":"self-timer","$v":"Itselaukaisin"},{"$i":"self-timer-header","$v":[{"t":"idOrVar","v":"self-timer"}]},{"$i":"self-timer-off","$v":"Ei käytössä"},{"$i":"self-timer-3-seconds","$v":"3 sekuntia"},{"$i":"self-timer-5-seconds","$v":"5 sekuntia"},{"$i":"self-timer-10-seconds","$v":"10 sekuntia"},{"$i":"battery-shutdown-title","$v":"Heikko akku"},{"$i":"battery-shutdown-text","$v":"Akkuvirta on liian heikko kameran käyttöön."},{"$i":"battery-critical-text","$v":"Akkutaso kriittinen"},{"$i":"battery-verylow-text","$v":"10 % akkua jäljellä"},{"$i":"battery-low-text","$v":"15 % akkua jäljellä"},{"$i":"camera-unavailable-title","$v":"Kamera ei käytettävissä"},{"$i":"camera-unavailable-text","$v":"Kamera on toisen sovelluksen käytössä."},{"$i":"hdr","$v":"HDR"},{"$i":"hdr-header","$v":[{"t":"idOrVar","v":"hdr"}]},{"$i":"hdr-on","$v":"Käytössä"},{"$i":"hdr-off","$v":"Ei käytössä"},{"$i":"hdr-deactivated","$v":"(HDR poistettu käytöstä)"},{"$i":"grid","$v":"Ruudukon viivat"},{"$i":"grid-header","$v":[{"t":"idOrVar","v":"grid"}]},{"$i":"grid-on","$v":"Käytössä"},{"$i":"grid-off","$v":"Ei käytössä"},{"$i":"flash","$v":"Salama"},{"$i":"flash-on","$v":"Käytössä"},{"$i":"flash-off","$v":"Ei käytössä"},{"$i":"flash-auto","$v":"Automaattinen"},{"$i":"flash-deactivated","$v":"(Salama poistettu käytöstä)"},{"$i":"Photo-Mode","$v":"Valokuvatila"},{"$i":"Video-Mode","$v":"Videotila"},{"$i":"options","$v":"Valinnat"},{"$i":"open-gallery","$v":"Avaa Galleria"},{"$i":"preview","$v":"Esikatsele"},{"$i":"gallery","$v":"Galleria"},{"$i":"gallery-option","$v":"Siirry galleriaan"},{"$i":"video","$v":"Video"},{"$i":"video-option","$v":"Siirry videoon"},{"$i":"switch-modes","$v":"Tilat"},{"$i":"photo-mode","$v":"Valokuvatila"},{"$i":"video-mode","$v":"Videotila"},{"$i":"switch-resolution","$v":"Tarkkuus"},{"$i":"low-resolution","$v":"Alhainen"},{"$i":"medium-resolution","$v":"Keskitaso"},{"$i":"standard-resolution","$v":"Vakio"},{"$i":"high-resolution","$v":"Korkea"},{"$i":"set-resolution-to","$v":"Tarkkuudeksi asetettu"},{"$i":"insert-sdcard-title","$v":"Aseta SD-kortti paikalleen"},{"$i":"insert-sdcard-text","$v":"Voit lisätä SD-kortin laajentaaksesi tallennustilaa."},{"$i":"pause","$v":"Tauko"},{"$i":"close-menu-button","ariaLabel":"Sulje valikko"},{"$i":"back-button","ariaLabel":"Takaisin"},{"$i":"setting-option","ariaLabel":[{"t":"idOrVar","v":"value"}]},{"$i":"setting-option-hdr","ariaLabel":["HDR ",{"t":"idOrVar","v":"value"}]},{"$i":"setting-option-self-timer","ariaLabel":["Itselaukaisin ",{"t":"idOrVar","v":"value"}]},{"$i":"setting-option-grid","ariaLabel":["Ruudukon viivat ",{"t":"idOrVar","v":"value"}]},{"$i":"setting-option-scene-mode","ariaLabel":["Kuvausohjelma ",{"t":"idOrVar","v":"value"}]},{"$i":"setting-option-camera-resolution","ariaLabel":["Kameran tarkkuus ",{"t":"idOrVar","v":"value"}]},{"$i":"setting-option-video-resolution","ariaLabel":["Videon resoluutio ",{"t":"idOrVar","v":"value"}]},{"$i":"flash-on-button","ariaLabel":"Salama käytössä"},{"$i":"flash-off-button","ariaLabel":"Salama pois"},{"$i":"flash-auto-button","ariaLabel":"Automaattisalama"},{"$i":"switch-camera","$v":"Kameran valinta"},{"$i":"toggle-camera-front-button","$v":"Etukamera","ariaLabel":"Etukamera"},{"$i":"toggle-camera-rear-button","$v":"Takakamera","ariaLabel":"Takakamera"},{"$i":"menu-button","ariaLabel":"Valikko"},{"$i":"preview-button","ariaLabel":"Esikatsele"},{"$i":"controls-button-close","ariaLabel":"Sulje"},{"$i":"share-button","ariaLabel":"Jaa"},{"$i":"more-button","ariaLabel":"Lisää"},{"$i":"media-frame","ariaLabel":["Kuva ",{"t":"idOrVar","v":"current"},"/",{"t":"idOrVar","v":"total"}],"ariaMozHint":"Pyyhkäise vasemmalle 2 sormella, jotta voit hypätä seuraavaan, tai pyyhkäise oikealle, jos haluat hypätä edelliseen"},{"$i":"zoom","$v":"Koko"},{"$i":"zoom-in","$v":"Lähennä"},{"$i":"zoom-out","$v":"Loitonna"},{"$i":"volume","$v":"Äänenvoim."},{"$i":"share","$v":"Jaa"},{"$i":"set-as-wallpaper","$v":"Taustakuvaksi"},{"$i":"set","$v":"Aseta"},{"$i":"wallpaper-set","$v":"Taustakuva asetettu."},{"$i":"photo-deleted","$v":"Kuva poistettu."},{"$i":"ftu-info","$v":"Vaihda valokuva- ja videotilojen välillä painamalla VASEN- ja OIKEA-nuolinäppäimiä."},{"$i":"fullscreen","$v":"Koko näyttö"},{"$i":"video-deleted","$v":"Video poistettu."},{"$i":"welcome","$v":"Tervetuloa kameraan"},{"$i":"ok","$v":"OK"},{"$i":"settings","$v":"Asetukset"},{"$i":"selected","$v":"Valittu"},{"$i":"unselected","$v":"valitsematta"},{"$i":"camera-disabled","$v":"Tämä toiminto on poistettu käytöstä. Saadaksesi lisätietoja ota yhteyttä organisaation järjestelmänvalvojaan."},{"$i":"action-not-allowed","$v":"Toiminto ei ole sallittu"}]