[{"$i":"nospace1-title","$v":"Puno ang SD card."},{"$i":"nospace1-text","$v":"I-delete ang mga file sa SD card para magbakante ng espasyo."},{"$i":"nospace2-title","$v":"Puno ang storage ng telepono."},{"$i":"nospace2-text","$v":"Mag-delete ng mga media file o application data para magbakante ng espasyo. Maaari ka ring maglagay ng SD card para palakihin ang media storage."},{"$i":"confirmation","$v":"Kumpirmasyon"},{"$i":"error-saving-title","$v":"Hindi na-save ang larawan"},{"$i":"error-saving-text","$v":"Nagkaroon ng error ang Camera kaya hindi ma-save ang larawan."},{"$i":"error-recording-title","$v":"Hindi na-record ang video"},{"$i":"error-recording-text","$v":"Nagkaroon ng error ang Camera kaya hindi ma-record ang video."},{"$i":"error-video-file-path-title","$v":"Hindi na-record ang video"},{"$i":"error-video-file-path-text","$v":"Nagkaroon ng error sa paggawa ng path ng video na file."},{"$i":"nocard2-title","$v":"Walang nakitang memory card"},{"$i":"nocard3-text","$v":"Ipasok ang SD card upang kumuha ng litrato o video."},{"$i":"pluggedin2-title","$v":"Hindi magagamit ang Camera habang naka-plug in ang telepono"},{"$i":"pluggedin2-text","$v":"Kasalukuyang ginagamit ang storage. Paki-unplug ang telepono upang makakuha ng mga larawan."},{"$i":"storage-size-limit-reached","$v":"Naubusan ka na ng espasyo sa media storage."},{"$i":"activity-size-limit-reached","$v":"Naabot mo ang maximum na laki ng file para sa attachment na ito."},{"$i":"camera","$v":"Camera"},{"$i":"retake","$v":"Kumuha muli"},{"$i":"done","$v":"Tapos na"},{"$i":"select","$v":"Pumili"},{"$i":"close","$v":"Isara"},{"$i":"delete-photo?","$v":"I-delete ang larawang ito?"},{"$i":"delete-video?","$v":"I-delete ang video?"},{"$i":"cancel","$v":"Kanselahin"},{"$i":"delete","$v":"I-delete"},{"$i":"mp","$v":"MP"},{"$i":"camera-resolution","$v":"Camera Resolution"},{"$i":"camera-resolution-header","$v":[{"t":"idOrVar","v":"camera-resolution"}]},{"$i":"video-resolution","$v":"Resolution ng Video"},{"$i":"video-resolution-header","$v":[{"t":"idOrVar","v":"video-resolution"}]},{"$i":"scene-mode","$v":"Scene Mode"},{"$i":"scene-mode-header","$v":[{"t":"idOrVar","v":"scene-mode"}]},{"$i":"self-timer","$v":"Self-Timer"},{"$i":"self-timer-header","$v":[{"t":"idOrVar","v":"self-timer"}]},{"$i":"self-timer-off","$v":"I-off"},{"$i":"self-timer-3-seconds","$v":"3 segundo"},{"$i":"self-timer-5-seconds","$v":"5 segundo"},{"$i":"self-timer-10-seconds","$v":"10 segundo"},{"$i":"battery-shutdown-title","$v":"Kaunting Baterya"},{"$i":"battery-shutdown-text","$v":"Masyadong kaunti ang baterya upang gamitin ang camera."},{"$i":"battery-critical-text","$v":"Paubos na ang baterya"},{"$i":"battery-verylow-text","$v":"10% baterya ang natitira"},{"$i":"battery-low-text","$v":"15% baterya ang natitira"},{"$i":"camera-unavailable-title","$v":"Hindi Available ang Camera"},{"$i":"camera-unavailable-text","$v":"Ginagamit ng isa pang app ang Camera."},{"$i":"hdr","$v":"HDR"},{"$i":"hdr-header","$v":[{"t":"idOrVar","v":"hdr"}]},{"$i":"hdr-on","$v":"Bukas"},{"$i":"hdr-off","$v":"I-off"},{"$i":"hdr-deactivated","$v":"(Na-deactivate ang HDR)"},{"$i":"grid","$v":"Mga Linya ng Grid"},{"$i":"grid-header","$v":[{"t":"idOrVar","v":"grid"}]},{"$i":"grid-on","$v":"Bukas"},{"$i":"grid-off","$v":"I-off"},{"$i":"flash","$v":"Flash"},{"$i":"flash-on","$v":"Bukas"},{"$i":"flash-off","$v":"I-off"},{"$i":"flash-auto","$v":"Auto"},{"$i":"flash-deactivated","$v":"(Na-deactivate ang flash)"},{"$i":"Photo-Mode","$v":"Photo Mode"},{"$i":"Video-Mode","$v":"Video Mode"},{"$i":"options","$v":"Mga Opsyon"},{"$i":"open-gallery","$v":"Buksan ang Gallery"},{"$i":"preview","$v":"I-preview"},{"$i":"gallery","$v":"Gallery"},{"$i":"gallery-option","$v":"Punta sa Gallery"},{"$i":"video","$v":"Video"},{"$i":"video-option","$v":"Pumunta sa Video"},{"$i":"switch-modes","$v":"Mga Mode"},{"$i":"photo-mode","$v":"Photo Mode"},{"$i":"video-mode","$v":"Video Mode"},{"$i":"switch-resolution","$v":"Resolution"},{"$i":"low-resolution","$v":"Mababa"},{"$i":"medium-resolution","$v":"Katamtaman"},{"$i":"standard-resolution","$v":"Karaniwan"},{"$i":"high-resolution","$v":"Mataas"},{"$i":"set-resolution-to","$v":"Naitakda ang resolution sa"},{"$i":"insert-sdcard-title","$v":"ipasok sd card"},{"$i":"insert-sdcard-text","$v":"Maaari kang magpasok ng isang SD card upang mapalawak ang imbakan ng media."},{"$i":"pause","$v":"I-pause"},{"$i":"close-menu-button","ariaLabel":"Isara ang menu"},{"$i":"back-button","ariaLabel":"Bumalik"},{"$i":"setting-option","ariaLabel":[{"t":"idOrVar","v":"value"}]},{"$i":"setting-option-hdr","ariaLabel":["HDR ",{"t":"idOrVar","v":"value"}]},{"$i":"setting-option-self-timer","ariaLabel":["Self-Timer ",{"t":"idOrVar","v":"value"}]},{"$i":"setting-option-grid","ariaLabel":["Mga Linya ng Grid ",{"t":"idOrVar","v":"value"}]},{"$i":"setting-option-scene-mode","ariaLabel":["Scene Mode ",{"t":"idOrVar","v":"value"}]},{"$i":"setting-option-camera-resolution","ariaLabel":["Camera Resolution ",{"t":"idOrVar","v":"value"}]},{"$i":"setting-option-video-resolution","ariaLabel":["Resolution ng Video ",{"t":"idOrVar","v":"value"}]},{"$i":"flash-on-button","ariaLabel":"Naka-on ang Flash"},{"$i":"flash-off-button","ariaLabel":"Naka-off ang Flash"},{"$i":"flash-auto-button","ariaLabel":"Awtomatiko ang Flash"},{"$i":"switch-camera","$v":"Pagpili ng Camera"},{"$i":"toggle-camera-front-button","$v":"Camera sa harap","ariaLabel":"Camera sa harap"},{"$i":"toggle-camera-rear-button","$v":"Camera sa likod","ariaLabel":"Camera sa likod"},{"$i":"menu-button","ariaLabel":"Menu"},{"$i":"preview-button","ariaLabel":"I-preview"},{"$i":"controls-button-close","ariaLabel":"Isara"},{"$i":"share-button","ariaLabel":"Ibahagi"},{"$i":"more-button","ariaLabel":"Iba pa"},{"$i":"media-frame","ariaLabel":["Frame ",{"t":"idOrVar","v":"current"}," ng ",{"t":"idOrVar","v":"total"}],"ariaMozHint":"Mag-swipe pakaliwa gamit ang 2 daliri upang lumaktaw sa susunod, o mag-swipe pakanan upang bumalik sa nakaraan"},{"$i":"zoom","$v":"I-zoom"},{"$i":"zoom-in","$v":"I-zoom In"},{"$i":"zoom-out","$v":"I-zoom Out"},{"$i":"volume","$v":"Volume"},{"$i":"share","$v":"I-share"},{"$i":"set-as-wallpaper","$v":"Itakda bilang wallpaper"},{"$i":"set","$v":"Itakda"},{"$i":"wallpaper-set","$v":"Naitakda ang wallpaper."},{"$i":"photo-deleted","$v":"Natanggal ang larawan."},{"$i":"ftu-info","$v":"Pindutin ang KALIWA at KANAN na key upang magpalipat-lipat sa Photo at Video mode."},{"$i":"fullscreen","$v":"Full Screen"},{"$i":"video-deleted","$v":"Natanggal ang video."},{"$i":"welcome","$v":"Welcome sa Camera"},{"$i":"ok","$v":"Ok"},{"$i":"settings","$v":"Mga Setting"},{"$i":"selected","$v":"selected"},{"$i":"unselected","$v":"hindi napili"},{"$i":"camera-disabled","$v":"Ang pagkilos na ito ay hindi pinagana. Upang malaman ang higit pa, makipag-ugnay sa admin ng iyong samahan."},{"$i":"action-not-allowed","$v":"Hindi pinapayagan ang aksyon"}]