[{"$i":"nospace1-title","$v":"Carte SD pleine"},{"$i":"nospace1-text","$v":"Supprimez des fichiers sur la carte SD pour libérer de l'espace."},{"$i":"nospace2-title","$v":"Stockage du téléphone plein"},{"$i":"nospace2-text","$v":"Supprimez des fichiers de médias ou des données d'application pour libérer de l'espace. Vous pouvez aussi insérer une carte SD pour agrandir l'espace de stockage des médias."},{"$i":"confirmation","$v":"Confirmation"},{"$i":"error-saving-title","$v":"Photo non enregistrée"},{"$i":"error-saving-text","$v":"Une erreur a empêché l'enregistrement de la photo par la caméra."},{"$i":"error-recording-title","$v":"La vidéo n'est pas enregistrée"},{"$i":"error-recording-text","$v":"Une erreur a empêché l'enregistrement de la vidéo par la caméra."},{"$i":"error-video-file-path-title","$v":"La vidéo n'est pas enregistrée"},{"$i":"error-video-file-path-text","$v":"Erreur de création du chemin pour le fichier de la vidéo."},{"$i":"nocard2-title","$v":"Aucune carte mémoire n'a été trouvée."},{"$i":"nocard3-text","$v":"Insérez une carte SD pour prendre des photos ou des vidéos."},{"$i":"pluggedin2-title","$v":"La caméra ne peut pas être utilisée lorsque le téléphone est branché."},{"$i":"pluggedin2-text","$v":"Débranchez le téléphone pour prendre des photos et des vidéos."},{"$i":"storage-size-limit-reached","$v":"Vous n'avez plus d'espace mémoire pour le média."},{"$i":"activity-size-limit-reached","$v":"Vous avez atteint la taille maximale de fichier pour cette pièce jointe."},{"$i":"camera","$v":"Appareil photo"},{"$i":"retake","$v":"Reprendre"},{"$i":"done","$v":"Terminé"},{"$i":"select","$v":"Sélectionner"},{"$i":"close","$v":"Fermer"},{"$i":"delete-photo?","$v":"Supprimer la photo?"},{"$i":"delete-video?","$v":"Supprimer la vidéo?"},{"$i":"cancel","$v":"Annuler"},{"$i":"delete","$v":"Supprimer"},{"$i":"mp","$v":"MP"},{"$i":"camera-resolution","$v":"Résolution de la caméra"},{"$i":"camera-resolution-header","$v":[{"t":"idOrVar","v":"camera-resolution"}]},{"$i":"video-resolution","$v":"Résolution de la vidéo"},{"$i":"video-resolution-header","$v":[{"t":"idOrVar","v":"video-resolution"}]},{"$i":"scene-mode","$v":"Mode de scène"},{"$i":"scene-mode-header","$v":[{"t":"idOrVar","v":"scene-mode"}]},{"$i":"self-timer","$v":"Autominuterie"},{"$i":"self-timer-header","$v":[{"t":"idOrVar","v":"self-timer"}]},{"$i":"self-timer-off","$v":"Désactivé"},{"$i":"self-timer-3-seconds","$v":"3 secondes"},{"$i":"self-timer-5-seconds","$v":"5 secondes"},{"$i":"self-timer-10-seconds","$v":"10 secondes"},{"$i":"battery-shutdown-title","$v":"Batterie faible"},{"$i":"battery-shutdown-text","$v":"La batterie est trop faible pour utiliser la caméra."},{"$i":"battery-critical-text","$v":"Batterie extrêmement faible"},{"$i":"battery-verylow-text","$v":"10 % de batterie restante"},{"$i":"battery-low-text","$v":"15 % de batterie restante"},{"$i":"camera-unavailable-title","$v":"Batterie non disponible"},{"$i":"camera-unavailable-text","$v":"La caméra est en utilisation par une autre application."},{"$i":"hdr","$v":"HDR"},{"$i":"hdr-header","$v":[{"t":"idOrVar","v":"hdr"}]},{"$i":"hdr-on","$v":"Activé"},{"$i":"hdr-off","$v":"Désactivé"},{"$i":"hdr-deactivated","$v":"(HDR désactivé)"},{"$i":"grid","$v":"Grille"},{"$i":"grid-header","$v":[{"t":"idOrVar","v":"grid"}]},{"$i":"grid-on","$v":"Activé"},{"$i":"grid-off","$v":"Désactivé"},{"$i":"flash","$v":"Flash"},{"$i":"flash-on","$v":"Activé"},{"$i":"flash-off","$v":"Désactivé"},{"$i":"flash-auto","$v":"Automatique"},{"$i":"flash-deactivated","$v":"(Flash désactivé)"},{"$i":"Photo-Mode","$v":"Mode photo"},{"$i":"Video-Mode","$v":"Mode vidéo"},{"$i":"options","$v":"Options"},{"$i":"open-gallery","$v":"Ouvrir la galerie"},{"$i":"preview","$v":"Aperçu"},{"$i":"gallery","$v":"Galerie"},{"$i":"gallery-option","$v":"Aller à l'application Galerie"},{"$i":"video","$v":"Vidéo"},{"$i":"video-option","$v":"Aller à l'application Vidéo"},{"$i":"switch-modes","$v":"Modes"},{"$i":"photo-mode","$v":"Mode photo"},{"$i":"video-mode","$v":"Mode vidéo"},{"$i":"switch-resolution","$v":"Résolution"},{"$i":"low-resolution","$v":"Faible"},{"$i":"medium-resolution","$v":"Moyen"},{"$i":"standard-resolution","$v":"Standard"},{"$i":"high-resolution","$v":"Haute"},{"$i":"set-resolution-to","$v":"Résolution réglée sur"},{"$i":"insert-sdcard-title","$v":"Insérez une carte SD"},{"$i":"insert-sdcard-text","$v":"Vous pouvez insérer une carte SD pour agrandir l'espace de stockage de médias."},{"$i":"pause","$v":"Pause"},{"$i":"close-menu-button","ariaLabel":"Fermer le menu"},{"$i":"back-button","ariaLabel":"Arrière"},{"$i":"setting-option","ariaLabel":[{"t":"idOrVar","v":"value"}]},{"$i":"setting-option-hdr","ariaLabel":["HDR ",{"t":"idOrVar","v":"value"}]},{"$i":"setting-option-self-timer","ariaLabel":["Autominuterie ",{"t":"idOrVar","v":"value"}]},{"$i":"setting-option-grid","ariaLabel":["Ligne de la grille ",{"t":"idOrVar","v":"value"}]},{"$i":"setting-option-scene-mode","ariaLabel":["Mode de scène ",{"t":"idOrVar","v":"value"}]},{"$i":"setting-option-camera-resolution","ariaLabel":["Résolution de la caméra ",{"t":"idOrVar","v":"value"}]},{"$i":"setting-option-video-resolution","ariaLabel":["Résolution de la vidéo ",{"t":"idOrVar","v":"value"}]},{"$i":"flash-on-button","ariaLabel":"Flash activé"},{"$i":"flash-off-button","ariaLabel":"Flash déactivé"},{"$i":"flash-auto-button","ariaLabel":"Flash automatique"},{"$i":"switch-camera","$v":"Sélection d'appareil photo"},{"$i":"toggle-camera-front-button","$v":"Caméra de l'avant","ariaLabel":"Caméra de l'avant"},{"$i":"toggle-camera-rear-button","$v":"Caméra de l'arrière","ariaLabel":"Caméra de l'arrière"},{"$i":"menu-button","ariaLabel":"Menu"},{"$i":"preview-button","ariaLabel":"Aperçu"},{"$i":"controls-button-close","ariaLabel":"Fermer"},{"$i":"share-button","ariaLabel":"Partager"},{"$i":"more-button","ariaLabel":"Plus"},{"$i":"media-frame","ariaLabel":["Cadre ",{"t":"idOrVar","v":"current"}," de ",{"t":"idOrVar","v":"total"}],"ariaMozHint":"Balayez vers la gauche avec deux doigts pour vous rendre à la suivante ou balayez vers la droite pour vous rendre à la précédente."},{"$i":"zoom","$v":"Zoom"},{"$i":"zoom-in","$v":"Zoom avant"},{"$i":"zoom-out","$v":"Zoom arrière"},{"$i":"volume","$v":"Volume"},{"$i":"share","$v":"Partager"},{"$i":"set-as-wallpaper","$v":"Établir comme papier peint"},{"$i":"set","$v":"Régler"},{"$i":"wallpaper-set","$v":"Fond d'écran défini."},{"$i":"photo-deleted","$v":"Photo supprimée"},{"$i":"ftu-info","$v":"Appuyez sur les touches GAUCHE et DROITE pour basculer entre les modes photo et vidéo."},{"$i":"fullscreen","$v":"Plein écran"},{"$i":"video-deleted","$v":"Vidéo supprimée"},{"$i":"welcome","$v":"Bienvenue dans l'app. Photo"},{"$i":"ok","$v":"OK"},{"$i":"settings","$v":"Réglages"},{"$i":"selected","$v":"sélectionné"},{"$i":"unselected","$v":"désélectionné"},{"$i":"camera-disabled","$v":"Cette action est désactivée. Pour plus d’information, communiquez avec l’administrateur de votre organisation."},{"$i":"action-not-allowed","$v":"Action non autorisée"}]