[{"$i":"nospace1-title","$v":"Carte SD pleine"},{"$i":"nospace1-text","$v":"Supprimer des fichiers sur la carte SD pour libérer de l’espace."},{"$i":"nospace2-title","$v":"Mémoire de stockage interne pleine"},{"$i":"nospace2-text","$v":"Supprimez des fichiers ou des données d’application pour libérer de l’espace. Vous pouvez également insérer une carte SD pour étendre la capacité de stockage."},{"$i":"confirmation","$v":"Confirmation"},{"$i":"error-saving-title","$v":"Photo non enregistrée"},{"$i":"error-saving-text","$v":"Une erreur a empêché l’application Photo d’enregistrer la photo."},{"$i":"error-recording-title","$v":"Vidéo non enregistrée"},{"$i":"error-recording-text","$v":"Une erreur a empêché l’application Photo d’enregistrer la vidéo."},{"$i":"error-video-file-path-title","$v":"Vidéo non enregistrée"},{"$i":"error-video-file-path-text","$v":"Une erreur s’est produite lors de la création du chemin d’accès au fichier vidéo."},{"$i":"nocard2-title","$v":"Aucune carte mémoire détectée"},{"$i":"nocard3-text","$v":"Insérez une carte SD pour pouvoir prendre des photos ou filmer des vidéos."},{"$i":"pluggedin2-title","$v":"Appareil photo inutilisable si le téléphone est branché"},{"$i":"pluggedin2-text","$v":"La mémoire est en cours d’utilisation. Veuillez débrancher le téléphone pour prendre des photos."},{"$i":"storage-size-limit-reached","$v":"Vous avez épuisé l’espace alloué pour le stockage des médias."},{"$i":"activity-size-limit-reached","$v":"Vous avez atteint la taille maximale pour cette pièce jointe."},{"$i":"camera","$v":"Photos/Vidéos"},{"$i":"retake","$v":"Reprendre"},{"$i":"done","$v":"Terminé"},{"$i":"select","$v":"Sélectionner"},{"$i":"close","$v":"Fermer"},{"$i":"delete-photo?","$v":"Supprimer la photo ?"},{"$i":"delete-video?","$v":"Supprimer la vidéo ?"},{"$i":"cancel","$v":"Annuler"},{"$i":"delete","$v":"Supprimer"},{"$i":"mp","$v":"Mpx"},{"$i":"camera-resolution","$v":"Définition du capteur photo"},{"$i":"camera-resolution-header","$v":[{"t":"idOrVar","v":"camera-resolution"}]},{"$i":"video-resolution","$v":"Résolution de la vidéo"},{"$i":"video-resolution-header","$v":[{"t":"idOrVar","v":"video-resolution"}]},{"$i":"scene-mode","$v":"Mode scène"},{"$i":"scene-mode-header","$v":[{"t":"idOrVar","v":"scene-mode"}]},{"$i":"self-timer","$v":"Retardateur"},{"$i":"self-timer-header","$v":[{"t":"idOrVar","v":"self-timer"}]},{"$i":"self-timer-off","$v":"Désactivé"},{"$i":"self-timer-3-seconds","$v":"3 secondes"},{"$i":"self-timer-5-seconds","$v":"5 secondes"},{"$i":"self-timer-10-seconds","$v":"10 secondes"},{"$i":"battery-shutdown-title","$v":"Batterie faible"},{"$i":"battery-shutdown-text","$v":"La batterie est trop faible pour utiliser l’appareil photo."},{"$i":"battery-critical-text","$v":"Niveau de batterie critique"},{"$i":"battery-verylow-text","$v":"10 % de batterie restants"},{"$i":"battery-low-text","$v":"15 % de batterie restants"},{"$i":"camera-unavailable-title","$v":"Appareil photo non disponible"},{"$i":"camera-unavailable-text","$v":"L’appareil photo est utilisé par une autre application."},{"$i":"hdr","$v":"HDR"},{"$i":"hdr-header","$v":[{"t":"idOrVar","v":"hdr"}]},{"$i":"hdr-on","$v":"Activé"},{"$i":"hdr-off","$v":"Désactivé"},{"$i":"hdr-deactivated","$v":"(HDR désactivé)"},{"$i":"grid","$v":"Grille"},{"$i":"grid-header","$v":[{"t":"idOrVar","v":"grid"}]},{"$i":"grid-on","$v":"Activé"},{"$i":"grid-off","$v":"Désactivé"},{"$i":"flash","$v":"Flash"},{"$i":"flash-on","$v":"Activé"},{"$i":"flash-off","$v":"Désactivé"},{"$i":"flash-auto","$v":"Auto."},{"$i":"flash-deactivated","$v":"(Flash désactivé)"},{"$i":"Photo-Mode","$v":"Mode Photo"},{"$i":"Video-Mode","$v":"Mode Vidéo"},{"$i":"options","$v":"Options"},{"$i":"open-gallery","$v":"Ouvrir l’application Galerie"},{"$i":"preview","$v":"Aperçu"},{"$i":"gallery","$v":"Galerie"},{"$i":"gallery-option","$v":"Ouvrir la galerie"},{"$i":"video","$v":"Vidéo"},{"$i":"video-option","$v":"Aller à la vidéo"},{"$i":"switch-modes","$v":"Modes"},{"$i":"photo-mode","$v":"Mode Appareil photo"},{"$i":"video-mode","$v":"Mode Vidéo"},{"$i":"switch-resolution","$v":"Définition"},{"$i":"low-resolution","$v":"Faible"},{"$i":"medium-resolution","$v":"Moyenne"},{"$i":"standard-resolution","$v":"Standard"},{"$i":"high-resolution","$v":"Élevée"},{"$i":"set-resolution-to","$v":"Résolution définie sur"},{"$i":"insert-sdcard-title","$v":"Insérer une carte SD"},{"$i":"insert-sdcard-text","$v":"Vous pouvez insérer une carte SD pour étendre la capacité de stockage."},{"$i":"pause","$v":"Pause"},{"$i":"close-menu-button","ariaLabel":"Fermer le menu"},{"$i":"back-button","ariaLabel":"Retour"},{"$i":"setting-option","ariaLabel":[{"t":"idOrVar","v":"value"}]},{"$i":"setting-option-hdr","ariaLabel":["HDR ",{"t":"idOrVar","v":"value"}]},{"$i":"setting-option-self-timer","ariaLabel":["Retardateur ",{"t":"idOrVar","v":"value"}]},{"$i":"setting-option-grid","ariaLabel":["Grille ",{"t":"idOrVar","v":"value"}]},{"$i":"setting-option-scene-mode","ariaLabel":["Mode Scène ",{"t":"idOrVar","v":"value"}]},{"$i":"setting-option-camera-resolution","ariaLabel":["Résolution photo ",{"t":"idOrVar","v":"value"}]},{"$i":"setting-option-video-resolution","ariaLabel":["Résolution vidéo ",{"t":"idOrVar","v":"value"}]},{"$i":"flash-on-button","ariaLabel":"Flash activé"},{"$i":"flash-off-button","ariaLabel":"Flash désactivé"},{"$i":"flash-auto-button","ariaLabel":"Flash automatique"},{"$i":"switch-camera","$v":"Sélection de l’appareil photo"},{"$i":"toggle-camera-front-button","$v":"Avant","ariaLabel":"Avant"},{"$i":"toggle-camera-rear-button","$v":"Arrière","ariaLabel":"Arrière"},{"$i":"menu-button","ariaLabel":"Menu"},{"$i":"preview-button","ariaLabel":"Aperçu"},{"$i":"controls-button-close","ariaLabel":"Fermer"},{"$i":"share-button","ariaLabel":"Partager"},{"$i":"more-button","ariaLabel":"Plus"},{"$i":"media-frame","ariaLabel":["Image ",{"t":"idOrVar","v":"current"}," sur ",{"t":"idOrVar","v":"total"}],"ariaMozHint":"Balayer vers la gauche à l’aide de 2 doigts pour passer au suivant ou vers la droite pour le précédent"},{"$i":"zoom","$v":"Zoom"},{"$i":"zoom-in","$v":"Agrandir"},{"$i":"zoom-out","$v":"Réduire"},{"$i":"volume","$v":"Volume"},{"$i":"share","$v":"Partager"},{"$i":"set-as-wallpaper","$v":"Définir comme fond d’écran"},{"$i":"set","$v":"Définir"},{"$i":"wallpaper-set","$v":"Le fond d’écran est défini."},{"$i":"photo-deleted","$v":"Photo supprimée"},{"$i":"ftu-info","$v":"Appuyez sur la touche GAUCHE ou DROITE pour changer entre le mode Photo et Vidéo."},{"$i":"fullscreen","$v":"Plein écran"},{"$i":"video-deleted","$v":"Vidéo supprimée"},{"$i":"welcome","$v":"Bienvenue dans l'appareil photo"},{"$i":"ok","$v":"OK"},{"$i":"settings","$v":"Paramètres"},{"$i":"selected","$v":"sélectionné"},{"$i":"unselected","$v":"désélectionné"},{"$i":"camera-disabled","$v":"Cette opération est désactivée. Pour en savoir plus, contactez l’administrateur de votre entreprise."},{"$i":"action-not-allowed","$v":"Action interdite"}]