[{"$i":"nospace1-title","$v":"כרטיס ה-SD מלא."},{"$i":"nospace1-text","$v":"מחק קבצים בכרטיס ה-SD כדי לפנות מקום."},{"$i":"nospace2-title","$v":"אחסון הטלפון מלא."},{"$i":"nospace2-text","$v":"מחק קובצי מדיה או נתוני אפליקציות כדי לפנות מקום. תוכל גם להכניס כרטיס SD כדי להרחיב את אחסון המדיה."},{"$i":"confirmation","$v":"אישור"},{"$i":"error-saving-title","$v":"התמונה לא נשמרה"},{"$i":"error-saving-text","$v":"שגיאה מנעה מהמצלמה לשמור את התמונה."},{"$i":"error-recording-title","$v":"הסרטון לא הוקלט"},{"$i":"error-recording-text","$v":"שגיאה מנעה מהמצלמה להקליט את הסרטון."},{"$i":"error-video-file-path-title","$v":"הסרטון לא הוקלט"},{"$i":"error-video-file-path-text","$v":"שגיא ביצירת נתיב קובץ וידאו."},{"$i":"nocard2-title","$v":"לא נמצא כרטיס זיכרון"},{"$i":"nocard3-text","$v":"הכנס כרטיס SD לצילום תמונות או סרטונים."},{"$i":"pluggedin2-title","$v":"לא ניתן להשתמש במצלמה כאשר הטלפון מחובר"},{"$i":"pluggedin2-text","$v":"האחסון נמצא כעת בשימוש. נא לנתק את הטלפון כדי לצלם."},{"$i":"storage-size-limit-reached","$v":"נגמר לך מקום האחסון למדיה."},{"$i":"activity-size-limit-reached","$v":"הגעת לגודל הקובץ המרבי עבור הקובץ המצורף הזה."},{"$i":"camera","$v":"מצלמה"},{"$i":"retake","$v":"לְצַלֵם שׁוּב"},{"$i":"done","$v":"בוצע"},{"$i":"select","$v":"בחירה"},{"$i":"close","$v":"סגור"},{"$i":"delete-photo?","$v":"למחוק את תמונה הזאת?"},{"$i":"delete-video?","$v":"למחוק סרטון?"},{"$i":"cancel","$v":"בטל"},{"$i":"delete","$v":"מחק"},{"$i":"mp","$v":"MP"},{"$i":"camera-resolution","$v":"רזולוציית מצלמה"},{"$i":"camera-resolution-header","$v":[{"t":"idOrVar","v":"camera-resolution"}]},{"$i":"video-resolution","$v":"רזולוציית וידאו"},{"$i":"video-resolution-header","$v":[{"t":"idOrVar","v":"video-resolution"}]},{"$i":"scene-mode","$v":"מצב סצנה"},{"$i":"scene-mode-header","$v":[{"t":"idOrVar","v":"scene-mode"}]},{"$i":"self-timer","$v":"קוצב זמן עצמי"},{"$i":"self-timer-header","$v":[{"t":"idOrVar","v":"self-timer"}]},{"$i":"self-timer-off","$v":"כבוי"},{"$i":"self-timer-3-seconds","$v":"3 שניות"},{"$i":"self-timer-5-seconds","$v":"5 שניות"},{"$i":"self-timer-10-seconds","$v":"10 שניות"},{"$i":"battery-shutdown-title","$v":"סוללה חלשה"},{"$i":"battery-shutdown-text","$v":"הסוללה חלשה מדי לשימוש במצלמה."},{"$i":"battery-critical-text","$v":"סוללה חלשה קריטית"},{"$i":"battery-verylow-text","$v":"10% סוללה נותרו"},{"$i":"battery-low-text","$v":"15% סוללה נותרו"},{"$i":"camera-unavailable-title","$v":"המצלמה איינה זמינה"},{"$i":"camera-unavailable-text","$v":"המצלמה בשימוש יישום אחר."},{"$i":"hdr","$v":"HDR"},{"$i":"hdr-header","$v":[{"t":"idOrVar","v":"hdr"}]},{"$i":"hdr-on","$v":"מופעל"},{"$i":"hdr-off","$v":"כבוי"},{"$i":"hdr-deactivated","$v":"(HDR מושבת)"},{"$i":"grid","$v":"קווי סריג"},{"$i":"grid-header","$v":[{"t":"idOrVar","v":"grid"}]},{"$i":"grid-on","$v":"מופעל"},{"$i":"grid-off","$v":"כבוי"},{"$i":"flash","$v":"מבזק"},{"$i":"flash-on","$v":"מופעל"},{"$i":"flash-off","$v":"כבוי"},{"$i":"flash-auto","$v":"אוטו"},{"$i":"flash-deactivated","$v":"(מבזק מושבת)"},{"$i":"Photo-Mode","$v":"מצב תמונה"},{"$i":"Video-Mode","$v":"מצב וידאו"},{"$i":"options","$v":"אפשרויות"},{"$i":"open-gallery","$v":"פתח גלריה"},{"$i":"preview","$v":"תצוגה מקדימה"},{"$i":"gallery","$v":"גלריה"},{"$i":"gallery-option","$v":"עבור לגלריה"},{"$i":"video","$v":"וידאו"},{"$i":"video-option","$v":"עבור לווידאו"},{"$i":"switch-modes","$v":"מצבים"},{"$i":"photo-mode","$v":"מצב תמונה"},{"$i":"video-mode","$v":"מצב וידאו"},{"$i":"switch-resolution","$v":"רזולוציה"},{"$i":"low-resolution","$v":"נמוך"},{"$i":"medium-resolution","$v":"בינוני"},{"$i":"standard-resolution","$v":"רגיל"},{"$i":"high-resolution","$v":"גבוה"},{"$i":"set-resolution-to","$v":"רזולוציה נקבעה בתור"},{"$i":"insert-sdcard-title","$v":"הכנס כרטיס SD"},{"$i":"insert-sdcard-text","$v":"אתה יכול להכניס כרטיס SD להרחבת אחסון המדיה."},{"$i":"pause","$v":"הפסקה"},{"$i":"close-menu-button","ariaLabel":"סגור תפריט"},{"$i":"back-button","ariaLabel":"חזרה"},{"$i":"setting-option","ariaLabel":[{"t":"idOrVar","v":"value"}]},{"$i":"setting-option-hdr","ariaLabel":["HDR ",{"t":"idOrVar","v":"value"}]},{"$i":"setting-option-self-timer","ariaLabel":["קוצב זמן עצמי ",{"t":"idOrVar","v":"value"}]},{"$i":"setting-option-grid","ariaLabel":["קווי סריג ",{"t":"idOrVar","v":"value"}]},{"$i":"setting-option-scene-mode","ariaLabel":["מצב סצנה ",{"t":"idOrVar","v":"value"}]},{"$i":"setting-option-camera-resolution","ariaLabel":["רזולוציית מצלמה ",{"t":"idOrVar","v":"value"}]},{"$i":"setting-option-video-resolution","ariaLabel":["רזולוציית וידאו ",{"t":"idOrVar","v":"value"}]},{"$i":"flash-on-button","ariaLabel":"מבזק פעיל"},{"$i":"flash-off-button","ariaLabel":"מבזק כבוי"},{"$i":"flash-auto-button","ariaLabel":"מבזק אוטומטי"},{"$i":"switch-camera","$v":"בחירת מצלמה"},{"$i":"toggle-camera-front-button","$v":"מצלמה קדמית","ariaLabel":"מצלמה קדמית"},{"$i":"toggle-camera-rear-button","$v":"מצלמה אחורית","ariaLabel":"מצלמה אחורית"},{"$i":"menu-button","ariaLabel":"תפריט"},{"$i":"preview-button","ariaLabel":"תצוגה מקדימה"},{"$i":"controls-button-close","ariaLabel":"סגור"},{"$i":"share-button","ariaLabel":"שתף"},{"$i":"more-button","ariaLabel":"עוד"},{"$i":"media-frame","ariaLabel":["מסגרת ",{"t":"idOrVar","v":"current"}," מתוך ",{"t":"idOrVar","v":"total"}],"ariaMozHint":"החלק שמאלה בשתי אצבעות כדי לעבור לשלב הבא, או החלק ימינה כדי לעבור אל הקודם"},{"$i":"zoom","$v":"זום"},{"$i":"zoom-in","$v":"הגדלת תצוגה"},{"$i":"zoom-out","$v":"הקטנת תצוגה"},{"$i":"volume","$v":"עוצמת קול"},{"$i":"share","$v":"שתף"},{"$i":"set-as-wallpaper","$v":"הגדר בתור טפט"},{"$i":"set","$v":"קבע"},{"$i":"wallpaper-set","$v":"הטפט הוגדר."},{"$i":"photo-deleted","$v":"התמונה נמחקה."},{"$i":"ftu-info","$v":"לחץ על המקש השמאלי או ימיני כדי לעבור בין מצבי תמונה ווידאו."},{"$i":"fullscreen","$v":"מסך מלא"},{"$i":"video-deleted","$v":"הסרטון נמחק."},{"$i":"welcome","$v":"ברוכים הבאים למצלמה"},{"$i":"ok","$v":"OK"},{"$i":"settings","$v":"הגדרות"},{"$i":"selected","$v":"selected"},{"$i":"unselected","$v":"לא נבחר"},{"$i":"camera-disabled","$v":"פעולה זו אינה זמינה. למידע נוסף, צור קשר עם מנהל הארגון שלך."},{"$i":"action-not-allowed","$v":"הפעולה אסורה"}]