[{"$i":"nospace1-title","$v":"SD kartica je puna."},{"$i":"nospace1-text","$v":"Izbrišite datoteke na SD kartici za oslobađanje prostora."},{"$i":"nospace2-title","$v":"Pohr. tel. puna."},{"$i":"nospace2-text","$v":"Izbrišite medijske datoteke ili podatke aplikacije za oslobađanje prostora. Možete umetnuti i SD karticu za proširivanje medijske pohrane."},{"$i":"confirmation","$v":"Potvrda"},{"$i":"error-saving-title","$v":"Slika nije spremljena"},{"$i":"error-saving-text","$v":"Spremanje slike putem kamere onemogućila je neka pogreška."},{"$i":"error-recording-title","$v":"Videozapis nije snimljen"},{"$i":"error-recording-text","$v":"Snimanje videozapisa kamerom onemogućila je neka pogreška."},{"$i":"error-video-file-path-title","$v":"Videozapis nije snimljen"},{"$i":"error-video-file-path-text","$v":"Pogreška prilikom stvaranja puta videodatoteke."},{"$i":"nocard2-title","$v":"Nije pronađena nijedna memorijska kartica"},{"$i":"nocard3-text","$v":"Umetnite SD karticu za snimanje fotografija ili videozapisa."},{"$i":"pluggedin2-title","$v":"Kamera se ne može koristiti dok je telefon priključen"},{"$i":"pluggedin2-text","$v":"Pohrana se trenutno koristi. Isključite telefon za slikanje."},{"$i":"storage-size-limit-reached","$v":"Ponestalo vam je mjesta za pohranu medija."},{"$i":"activity-size-limit-reached","$v":"Dosegnuli ste najveću dopuštenu veličinu za ovaj privitak."},{"$i":"camera","$v":"Fotoaparat"},{"$i":"retake","$v":"ponovo uzeti"},{"$i":"done","$v":"Dovršeno"},{"$i":"select","$v":"Odaberi"},{"$i":"close","$v":"Zatvori"},{"$i":"delete-photo?","$v":"Želite li izbrisati tu fotografiju?"},{"$i":"delete-video?","$v":"Želite li izbrisati videozapis?"},{"$i":"cancel","$v":"Poništi"},{"$i":"delete","$v":"Izbriši"},{"$i":"mp","$v":"MP"},{"$i":"camera-resolution","$v":"Razlučivost kamere"},{"$i":"camera-resolution-header","$v":[{"t":"idOrVar","v":"camera-resolution"}]},{"$i":"video-resolution","$v":"Razlučivost videozapisa"},{"$i":"video-resolution-header","$v":[{"t":"idOrVar","v":"video-resolution"}]},{"$i":"scene-mode","$v":"Način rada prizora"},{"$i":"scene-mode-header","$v":[{"t":"idOrVar","v":"scene-mode"}]},{"$i":"self-timer","$v":"Samookidač"},{"$i":"self-timer-header","$v":[{"t":"idOrVar","v":"self-timer"}]},{"$i":"self-timer-off","$v":"Isključeno"},{"$i":"self-timer-3-seconds","$v":"3 sekundi"},{"$i":"self-timer-5-seconds","$v":"5 sekundi"},{"$i":"self-timer-10-seconds","$v":"10 sekundi"},{"$i":"battery-shutdown-title","$v":"Niska razina baterije"},{"$i":"battery-shutdown-text","$v":"Baterija je preslaba za korištenje kamere."},{"$i":"battery-critical-text","$v":"Kritično prazna baterija"},{"$i":"battery-verylow-text","$v":"Preostalo 10 % baterije"},{"$i":"battery-low-text","$v":"Preostalo 15% baterije"},{"$i":"camera-unavailable-title","$v":"Kamera nije dostupna"},{"$i":"camera-unavailable-text","$v":"Kameru koristi dr. apl."},{"$i":"hdr","$v":"HDR"},{"$i":"hdr-header","$v":[{"t":"idOrVar","v":"hdr"}]},{"$i":"hdr-on","$v":"Uključeno"},{"$i":"hdr-off","$v":"Isključeno"},{"$i":"hdr-deactivated","$v":"(HDR je deaktiviran)"},{"$i":"grid","$v":"Crte rešetke"},{"$i":"grid-header","$v":[{"t":"idOrVar","v":"grid"}]},{"$i":"grid-on","$v":"Uključeno"},{"$i":"grid-off","$v":"Isključeno"},{"$i":"flash","$v":"Bljeskalica"},{"$i":"flash-on","$v":"Uključeno"},{"$i":"flash-off","$v":"Isključeno"},{"$i":"flash-auto","$v":"Automatski"},{"$i":"flash-deactivated","$v":"(Bljeskalica je deaktivirana)"},{"$i":"Photo-Mode","$v":"Način fotografiranja"},{"$i":"Video-Mode","$v":"Način videozapisa"},{"$i":"options","$v":"Opcije"},{"$i":"open-gallery","$v":"Otvori galeriju"},{"$i":"preview","$v":"Pretpregled"},{"$i":"gallery","$v":"Galerija"},{"$i":"gallery-option","$v":"Idi na galeriju"},{"$i":"video","$v":"Video"},{"$i":"video-option","$v":"Idi na videozapis"},{"$i":"switch-modes","$v":"Načini rada"},{"$i":"photo-mode","$v":"Način fotografiranja"},{"$i":"video-mode","$v":"Način videozapisa"},{"$i":"switch-resolution","$v":"Razlučivost"},{"$i":"low-resolution","$v":"Nisko"},{"$i":"medium-resolution","$v":"Srednje"},{"$i":"standard-resolution","$v":"Standardno"},{"$i":"high-resolution","$v":"Visoko"},{"$i":"set-resolution-to","$v":"Razl. postavljena na"},{"$i":"insert-sdcard-title","$v":"Umetnite SD karticu"},{"$i":"insert-sdcard-text","$v":"Možete umetnuti SD karticu kako biste proširili pohranu medija."},{"$i":"pause","$v":"Stanka"},{"$i":"close-menu-button","ariaLabel":"Zatvori izbornik"},{"$i":"back-button","ariaLabel":"Natrag"},{"$i":"setting-option","ariaLabel":[{"t":"idOrVar","v":"value"}]},{"$i":"setting-option-hdr","ariaLabel":["HDR ",{"t":"idOrVar","v":"value"}]},{"$i":"setting-option-self-timer","ariaLabel":["Samookidač ",{"t":"idOrVar","v":"value"}]},{"$i":"setting-option-grid","ariaLabel":["Crte rešetke ",{"t":"idOrVar","v":"value"}]},{"$i":"setting-option-scene-mode","ariaLabel":["Način rada prizora ",{"t":"idOrVar","v":"value"}]},{"$i":"setting-option-camera-resolution","ariaLabel":["Razlučivost kamere ",{"t":"idOrVar","v":"value"}]},{"$i":"setting-option-video-resolution","ariaLabel":["Razl. videozapisa ",{"t":"idOrVar","v":"value"}]},{"$i":"flash-on-button","ariaLabel":"Uključi bljeskalicu"},{"$i":"flash-off-button","ariaLabel":"Isključi bljeskalicu"},{"$i":"flash-auto-button","ariaLabel":"Automatska bljeskalica"},{"$i":"switch-camera","$v":"Odabir kamere"},{"$i":"toggle-camera-front-button","$v":"Prednja kamera","ariaLabel":"Prednja kamera"},{"$i":"toggle-camera-rear-button","$v":"Stražnji fotoaparat","ariaLabel":"Stražnji fotoaparat"},{"$i":"menu-button","ariaLabel":"Izbornik"},{"$i":"preview-button","ariaLabel":"Pretpregled"},{"$i":"controls-button-close","ariaLabel":"Zatvori"},{"$i":"share-button","ariaLabel":"Podijeli"},{"$i":"more-button","ariaLabel":"Više"},{"$i":"media-frame","ariaLabel":["Okvir ",{"t":"idOrVar","v":"current"}," od ",{"t":"idOrVar","v":"total"}],"ariaMozHint":"Povucite ulijevo dvama prstima za prelazak na sljedeće ili udesno za prelazak na prethodno"},{"$i":"zoom","$v":"Povećaj"},{"$i":"zoom-in","$v":"Povećaj"},{"$i":"zoom-out","$v":"Smanji"},{"$i":"volume","$v":"Glasnoća"},{"$i":"share","$v":"Podijeli"},{"$i":"set-as-wallpaper","$v":"Postavi kao pozadinu"},{"$i":"set","$v":"Postavi"},{"$i":"wallpaper-set","$v":"Pozadina postavljena."},{"$i":"photo-deleted","$v":"Fotografija je izbrisana."},{"$i":"ftu-info","$v":"Pritisnite tipku LIJEVO ili DESNO za prebacivanje između načina fotografiranja i videozapisa."},{"$i":"fullscreen","$v":"Preko cijelog zaslona"},{"$i":"video-deleted","$v":"Videozapis je izbrisan."},{"$i":"welcome","$v":"Dobro došli u Fotoaparat"},{"$i":"ok","$v":"U redu"},{"$i":"settings","$v":"Postavke"},{"$i":"selected","$v":"selected"},{"$i":"unselected","$v":"neodabrani"},{"$i":"camera-disabled","$v":"Ta je akcija onemogućena. Da biste saznali više, obratite se administratoru svoje organizacije."},{"$i":"action-not-allowed","$v":"Radnja nije dopuštena"}]