[{"$i":"nospace1-title","$v":"Kartu SD Penuh"},{"$i":"nospace1-text","$v":"Hapus file dalam kartu SD untuk membebaskan ruang."},{"$i":"nospace2-title","$v":"Penyimpanan Telepon Penuh"},{"$i":"nospace2-text","$v":"Hapus file media atau data aplikasi untuk membebaskan ruang. Anda juga dapat memasang kartu SD untuk memperbesar memori media."},{"$i":"confirmation","$v":"Konfirmasi"},{"$i":"error-saving-title","$v":"Gambar tidak tersimpan"},{"$i":"error-saving-text","$v":"Kesalahan mencegah kamera menyimpan gambar."},{"$i":"error-recording-title","$v":"Video tidak terekam"},{"$i":"error-recording-text","$v":"Kesalahan mencegah kamera merekam video."},{"$i":"error-video-file-path-title","$v":"Video tidak terekam"},{"$i":"error-video-file-path-text","$v":"Kesalahan membuat jalur file video"},{"$i":"nocard2-title","$v":"Tidak ada kartu memori ditemukan"},{"$i":"nocard3-text","$v":"Pasang kartu SD untuk mengambil foto atau video."},{"$i":"pluggedin2-title","$v":"Kamera tidak dapat digunakan selagi ponsel terpasang"},{"$i":"pluggedin2-text","$v":"Penyimpanan sedang digunakan. Silakan cabut ponsel untuk mengambil gambar."},{"$i":"storage-size-limit-reached","$v":"Anda telah kehabisan ruang penyimpanan media."},{"$i":"activity-size-limit-reached","$v":"Anda telah mencapai ukuran file maksimal untuk lampiran ini."},{"$i":"camera","$v":"Kamera"},{"$i":"retake","$v":"Ulangi"},{"$i":"done","$v":"Selesai"},{"$i":"select","$v":"Pilih"},{"$i":"close","$v":"Tutup"},{"$i":"delete-photo?","$v":"Hapus foto?"},{"$i":"delete-video?","$v":"Hapus video?"},{"$i":"cancel","$v":"Batal"},{"$i":"delete","$v":"Hapus"},{"$i":"mp","$v":"MP"},{"$i":"camera-resolution","$v":"Resolusi Kamera"},{"$i":"camera-resolution-header","$v":[{"t":"idOrVar","v":"camera-resolution"}]},{"$i":"video-resolution","$v":"Resolusi Video"},{"$i":"video-resolution-header","$v":[{"t":"idOrVar","v":"video-resolution"}]},{"$i":"scene-mode","$v":"Mode Pemandangan"},{"$i":"scene-mode-header","$v":[{"t":"idOrVar","v":"scene-mode"}]},{"$i":"self-timer","$v":"Self Timer"},{"$i":"self-timer-header","$v":[{"t":"idOrVar","v":"self-timer"}]},{"$i":"self-timer-off","$v":"Mati"},{"$i":"self-timer-3-seconds","$v":"3 detik"},{"$i":"self-timer-5-seconds","$v":"5 detik"},{"$i":"self-timer-10-seconds","$v":"10 detik"},{"$i":"battery-shutdown-title","$v":"Baterai Lemah"},{"$i":"battery-shutdown-text","$v":"Tingkat baterai terlalu lemah untuk menggunakan kamera."},{"$i":"battery-critical-text","$v":"Baterai sangat lemah"},{"$i":"battery-verylow-text","$v":"10% sisa baterai"},{"$i":"battery-low-text","$v":"15% sisa baterai"},{"$i":"camera-unavailable-title","$v":"Kamera tidak tersedia"},{"$i":"camera-unavailable-text","$v":"Kamera digunakan app lain."},{"$i":"hdr","$v":"HDR"},{"$i":"hdr-header","$v":[{"t":"idOrVar","v":"hdr"}]},{"$i":"hdr-on","$v":"Aktif"},{"$i":"hdr-off","$v":"Mati"},{"$i":"hdr-deactivated","$v":"(HDR dimatikan)"},{"$i":"grid","$v":"Kisi"},{"$i":"grid-header","$v":[{"t":"idOrVar","v":"grid"}]},{"$i":"grid-on","$v":"Aktif"},{"$i":"grid-off","$v":"Mati"},{"$i":"flash","$v":"Flash"},{"$i":"flash-on","$v":"Aktif"},{"$i":"flash-off","$v":"Mati"},{"$i":"flash-auto","$v":"Otomatis"},{"$i":"flash-deactivated","$v":"(Flash dimatikan)"},{"$i":"Photo-Mode","$v":"Mode Foto"},{"$i":"Video-Mode","$v":"Mode Video"},{"$i":"options","$v":"Opsi"},{"$i":"open-gallery","$v":"Buka Galeri"},{"$i":"preview","$v":"Pratinjau"},{"$i":"gallery","$v":"Galeri"},{"$i":"gallery-option","$v":"Pergi ke Galeri"},{"$i":"video","$v":"Video"},{"$i":"video-option","$v":"Pergi ke Video"},{"$i":"switch-modes","$v":"Mode"},{"$i":"photo-mode","$v":"Mode foto"},{"$i":"video-mode","$v":"Mode video"},{"$i":"switch-resolution","$v":"Resolusi"},{"$i":"low-resolution","$v":"Rendah"},{"$i":"medium-resolution","$v":"Sedang"},{"$i":"standard-resolution","$v":"Standar"},{"$i":"high-resolution","$v":"Tinggi"},{"$i":"set-resolution-to","$v":"Resolusi ditetapkan ke"},{"$i":"insert-sdcard-title","$v":"Pasang Kartu SD"},{"$i":"insert-sdcard-text","$v":"Anda dapat memasang kartu SD untuk memperbesar memori media."},{"$i":"pause","$v":"Jeda"},{"$i":"close-menu-button","ariaLabel":"Tutup menu"},{"$i":"back-button","ariaLabel":"Kembali"},{"$i":"setting-option","ariaLabel":[{"t":"idOrVar","v":"value"}]},{"$i":"setting-option-hdr","ariaLabel":["HDR ",{"t":"idOrVar","v":"value"}]},{"$i":"setting-option-self-timer","ariaLabel":["Self-Timer ",{"t":"idOrVar","v":"value"}]},{"$i":"setting-option-grid","ariaLabel":["Kisi ",{"t":"idOrVar","v":"value"}]},{"$i":"setting-option-scene-mode","ariaLabel":["Mode Pemandangan ",{"t":"idOrVar","v":"value"}]},{"$i":"setting-option-camera-resolution","ariaLabel":["Resolusi Kamera ",{"t":"idOrVar","v":"value"}]},{"$i":"setting-option-video-resolution","ariaLabel":["Resolusi Video ",{"t":"idOrVar","v":"value"}]},{"$i":"flash-on-button","ariaLabel":"Flash menyala"},{"$i":"flash-off-button","ariaLabel":"Flash padam"},{"$i":"flash-auto-button","ariaLabel":"Flash otomatis"},{"$i":"switch-camera","$v":"Pilihan Kamera"},{"$i":"toggle-camera-front-button","$v":"Depan","ariaLabel":"Depan"},{"$i":"toggle-camera-rear-button","$v":"Belakang","ariaLabel":"Belakang"},{"$i":"menu-button","ariaLabel":"Menu"},{"$i":"preview-button","ariaLabel":"Pratinjau"},{"$i":"controls-button-close","ariaLabel":"Tutup"},{"$i":"share-button","ariaLabel":"Bagikan"},{"$i":"more-button","ariaLabel":"Lebih"},{"$i":"media-frame","ariaLabel":["Bingkai ",{"t":"idOrVar","v":"current"}," dari ",{"t":"idOrVar","v":"total"}],"ariaMozHint":"Usap kiri dengan 2 jari untuk melompat ke selanjutnya, atau usap kanan untuk melompat ke sebelumnya"},{"$i":"zoom","$v":"Zoom"},{"$i":"zoom-in","$v":"Perbesar"},{"$i":"zoom-out","$v":"Perkecil"},{"$i":"volume","$v":"Volume"},{"$i":"share","$v":"Bagikan"},{"$i":"set-as-wallpaper","$v":"Tetapkan sebagai wallpaper"},{"$i":"set","$v":"Tetapkan"},{"$i":"wallpaper-set","$v":"Wallpaper ditetapkan."},{"$i":"photo-deleted","$v":"Foto dihapus"},{"$i":"ftu-info","$v":"Tekan KIRI dan KANAN untuk mengalihkan antara mode Foto dan Video."},{"$i":"fullscreen","$v":"Layar Penuh"},{"$i":"video-deleted","$v":"Video dihapus"},{"$i":"welcome","$v":"Selamat datang di Kamera"},{"$i":"ok","$v":"OK"},{"$i":"settings","$v":"Pengaturan"},{"$i":"selected","$v":"dipilih"},{"$i":"unselected","$v":"belum dipilih"},{"$i":"camera-disabled","$v":"Tindakan ini dinonaktifkan. Untuk mengetahui lebih lanjut, hubungi admin organisasimu."},{"$i":"action-not-allowed","$v":"Tindakan tidak diperbolehkan"}]