[{"$i":"nospace1-title","$v":"SD-kort fullt."},{"$i":"nospace1-text","$v":"Eyddu skrám á SD-korti til að losa um pláss."},{"$i":"nospace2-title","$v":"Símageymsla full."},{"$i":"nospace2-text","$v":"Eyddu margmiðlunarskrám eða forritagögnum til að losa um pláss. Þú getur líka sett inn SD-kort til að auka efnisgeymslu."},{"$i":"confirmation","$v":"Staðfesting"},{"$i":"error-saving-title","$v":"Mynd ekki vistuð"},{"$i":"error-saving-text","$v":"Villa hindraði myndavélina í að vista myndina."},{"$i":"error-recording-title","$v":"Myndb. ekki tekið upp"},{"$i":"error-recording-text","$v":"Villa hindraði myndavélina í að taka upp myndbandið."},{"$i":"error-video-file-path-title","$v":"Myndb. ekki tekið upp"},{"$i":"error-video-file-path-text","$v":"Villa við gerð myndbandsskráarslóðar."},{"$i":"nocard2-title","$v":"Ekkert minniskort fannst"},{"$i":"nocard3-text","$v":"Settu SD kort í til að taka myndir eða myndbönd."},{"$i":"pluggedin2-title","$v":"Ekki hægt að nota myndav. meðan sími er í samb."},{"$i":"pluggedin2-text","$v":"Geymsla er í notk. núna. Taktu síma úr samb. til að nota forr."},{"$i":"storage-size-limit-reached","$v":"Geymslupláss efnis er uppurið."},{"$i":"activity-size-limit-reached","$v":"Hámarksskráarstærð viðhengis er náð."},{"$i":"camera","$v":"Myndavél"},{"$i":"retake","$v":"Endurtaktu"},{"$i":"done","$v":"Lokið"},{"$i":"select","$v":"Velja"},{"$i":"close","$v":"Loka"},{"$i":"delete-photo?","$v":"Eyða þessari mynd?"},{"$i":"delete-video?","$v":"Viltu eyða myndskeiði?"},{"$i":"cancel","$v":"H. við"},{"$i":"delete","$v":"Eyða"},{"$i":"mp","$v":"MP"},{"$i":"camera-resolution","$v":"Upplausn myndav."},{"$i":"camera-resolution-header","$v":[{"t":"idOrVar","v":"camera-resolution"}]},{"$i":"video-resolution","$v":"Upplausn myndb."},{"$i":"video-resolution-header","$v":[{"t":"idOrVar","v":"video-resolution"}]},{"$i":"scene-mode","$v":"Myndumhverfi"},{"$i":"scene-mode-header","$v":[{"t":"idOrVar","v":"scene-mode"}]},{"$i":"self-timer","$v":"Niðurteljari"},{"$i":"self-timer-header","$v":[{"t":"idOrVar","v":"self-timer"}]},{"$i":"self-timer-off","$v":"Slökkt"},{"$i":"self-timer-3-seconds","$v":"3 sek."},{"$i":"self-timer-5-seconds","$v":"5 sek."},{"$i":"self-timer-10-seconds","$v":"10 sek."},{"$i":"battery-shutdown-title","$v":"Rafhl. að klárast"},{"$i":"battery-shutdown-text","$v":"Of lítil hleðsla er á rafhl. til að nota myndav."},{"$i":"battery-critical-text","$v":"Rafhl. alveg að klárast"},{"$i":"battery-verylow-text","$v":"10% hleðsla á rafhlöðunni"},{"$i":"battery-low-text","$v":"15% hleðsla á rafhlöðunni"},{"$i":"camera-unavailable-title","$v":"Myndavél ekki tiltæk"},{"$i":"camera-unavailable-text","$v":"Annað forr. not. myndav."},{"$i":"hdr","$v":"HDR"},{"$i":"hdr-header","$v":[{"t":"idOrVar","v":"hdr"}]},{"$i":"hdr-on","$v":"Kv."},{"$i":"hdr-off","$v":"Slökkt"},{"$i":"hdr-deactivated","$v":"(Slökkt á HDR)"},{"$i":"grid","$v":"Hnitalínur"},{"$i":"grid-header","$v":[{"t":"idOrVar","v":"grid"}]},{"$i":"grid-on","$v":"Kveikt"},{"$i":"grid-off","$v":"Slökkt"},{"$i":"flash","$v":"Flass"},{"$i":"flash-on","$v":"Kveikt"},{"$i":"flash-off","$v":"Slökkt"},{"$i":"flash-auto","$v":"Sjálfivkt"},{"$i":"flash-deactivated","$v":"(Slökkt á flassi)"},{"$i":"Photo-Mode","$v":"Ljósmyndun"},{"$i":"Video-Mode","$v":"Myndupptaka"},{"$i":"options","$v":"Valkostir"},{"$i":"open-gallery","$v":"Opna galleríið"},{"$i":"preview","$v":"Forskoðun"},{"$i":"gallery","$v":"Gallerí"},{"$i":"gallery-option","$v":"Fara í gallerí"},{"$i":"video","$v":"Myndband"},{"$i":"video-option","$v":"Fara í myndband"},{"$i":"switch-modes","$v":"Hamur"},{"$i":"photo-mode","$v":"Ljósmyndun"},{"$i":"video-mode","$v":"Myndupptaka"},{"$i":"switch-resolution","$v":"Upplausn"},{"$i":"low-resolution","$v":"Lítið"},{"$i":"medium-resolution","$v":"Miðlungs"},{"$i":"standard-resolution","$v":"Venjulegt"},{"$i":"high-resolution","$v":"Mikið"},{"$i":"set-resolution-to","$v":"Upplausn stillt á"},{"$i":"insert-sdcard-title","$v":"Settu SD kort í"},{"$i":"insert-sdcard-text","$v":"Þú getur sett SD kort til að auka geymslu fjölmiðla."},{"$i":"pause","$v":"Gera hlé"},{"$i":"close-menu-button","ariaLabel":"Loka valmynd"},{"$i":"back-button","ariaLabel":"Til baka"},{"$i":"setting-option","ariaLabel":[{"t":"idOrVar","v":"value"}]},{"$i":"setting-option-hdr","ariaLabel":["HDR ",{"t":"idOrVar","v":"value"}]},{"$i":"setting-option-self-timer","ariaLabel":["Niðurteljari ",{"t":"idOrVar","v":"value"}]},{"$i":"setting-option-grid","ariaLabel":["Hnitalínur ",{"t":"idOrVar","v":"value"}]},{"$i":"setting-option-scene-mode","ariaLabel":["Myndumhverfi ",{"t":"idOrVar","v":"value"}]},{"$i":"setting-option-camera-resolution","ariaLabel":["Upplausn myndav. ",{"t":"idOrVar","v":"value"}]},{"$i":"setting-option-video-resolution","ariaLabel":["Upplausn myndb. ",{"t":"idOrVar","v":"value"}]},{"$i":"flash-on-button","ariaLabel":"Kv. á flassi"},{"$i":"flash-off-button","ariaLabel":"Sl. á flassi"},{"$i":"flash-auto-button","ariaLabel":"Sjv. flass"},{"$i":"switch-camera","$v":"Val á myndav."},{"$i":"toggle-camera-front-button","$v":"Fremri myndavél","ariaLabel":"Fremri myndavél"},{"$i":"toggle-camera-rear-button","$v":"Aftari myndavél","ariaLabel":"Aftari myndavél"},{"$i":"menu-button","ariaLabel":"Valmynd"},{"$i":"preview-button","ariaLabel":"Forskoðun"},{"$i":"controls-button-close","ariaLabel":"Loka"},{"$i":"share-button","ariaLabel":"Deila"},{"$i":"more-button","ariaLabel":"Meira"},{"$i":"media-frame","ariaLabel":["Rammi ",{"t":"idOrVar","v":"current"}," af ",{"t":"idOrVar","v":"total"}],"ariaMozHint":"Strjúktu til vinstri með 2 fingrum til að fara í næsta eða til hægri til að fara í fyrra"},{"$i":"zoom","$v":"Aðdráttur"},{"$i":"zoom-in","$v":"Auka aðdrátt"},{"$i":"zoom-out","$v":"Minnka aðdrátt"},{"$i":"volume","$v":"Hljóðst."},{"$i":"share","$v":"Deila"},{"$i":"set-as-wallpaper","$v":"Nota sem veggf."},{"$i":"set","$v":"Nota"},{"$i":"wallpaper-set","$v":"Veggfóður valið."},{"$i":"photo-deleted","$v":"Mynd eytt."},{"$i":"ftu-info","$v":"Ýttu á takkanna VINSTRI og HÆGRI til að skipta á milli myndatöku og myndupptöku."},{"$i":"fullscreen","$v":"Allur skjárinn"},{"$i":"video-deleted","$v":"Myndskeiði eytt."},{"$i":"welcome","$v":"Velkomin(n) í myndavélina"},{"$i":"ok","$v":"Í lagi"},{"$i":"settings","$v":"Stillingar"},{"$i":"selected","$v":"selected"},{"$i":"unselected","$v":"óvalið"},{"$i":"camera-disabled","$v":"Þessi aðgerð er óvirk. Hafðu samband við stjórnanda stofnunarinnar til að komast að því meira."},{"$i":"action-not-allowed","$v":"Aðgerð ekki leyfð"}]