[{"$i":"nospace1-title","$v":"SD ბარათი სავსეა."},{"$i":"nospace1-text","$v":"სივრცის გასათავისუფლებლად, წაშალეთ ფაილები SD ბარათზე."},{"$i":"nospace2-title","$v":"ტელეფონის მეხსიერება სავსეა."},{"$i":"nospace2-text","$v":"სივრცის გასათავისუფლებლად წაშალეთ მედია ფაილები ან პროგ. მონაცემები. მედია მეხსიერების გასაფართოვებლად, ასევე შეგიძლიათ ჩასვათ SD ბარათი."},{"$i":"confirmation","$v":"დადასტურება"},{"$i":"error-saving-title","$v":"სურათი არ შეინახა"},{"$i":"error-saving-text","$v":"შეცდომის გამო კამერამ ვერ შეინახა სურათი."},{"$i":"error-recording-title","$v":"ვიდეო ჩაწერილი არ არის"},{"$i":"error-recording-text","$v":"შეცდომის გამო კამერამ ვერ ჩაიწერა ვიდეო."},{"$i":"error-video-file-path-title","$v":"ვიდეო ჩაწერილი არ არის"},{"$i":"error-video-file-path-text","$v":"შეცდომა, რომელიც ქმნის ვიდეო ფაილის მდებარეობას."},{"$i":"nocard2-title","$v":"მეხსიერების ბარათი ნაპოვნი არ არის"},{"$i":"nocard3-text","$v":"ჩადეთ SD ბარათი ფოტოების ან ვიდეოების გადაღებისთვის."},{"$i":"pluggedin2-title","$v":"შეუძლებელია კამერის გამოყენება, სანამ ტელეფონი შეერთებულია"},{"$i":"pluggedin2-text","$v":"მეხსიერება ამჟამად გამოყენების პროცესშია. სურათების გადასაღებად, გთხოვთ, გათიშოთ ტელეფონი."},{"$i":"storage-size-limit-reached","$v":"თქვენ აღარ დაგრჩათ ადგილი მედიის მეხსიერებაში."},{"$i":"activity-size-limit-reached","$v":"ამ დანართზე თქვენ მიაღწიეთ ფაილის მაქსიმალურ ზომას."},{"$i":"camera","$v":"კამერა"},{"$i":"retake","$v":"გადაბრუნება"},{"$i":"done","$v":"დას."},{"$i":"select","$v":"არჩევა"},{"$i":"close","$v":"დახურვა"},{"$i":"delete-photo?","$v":"წავშალო ეს ფოტო?"},{"$i":"delete-video?","$v":"წავშალო ვიდეო?"},{"$i":"cancel","$v":"გაუქმება"},{"$i":"delete","$v":"წაშლა"},{"$i":"mp","$v":"MP"},{"$i":"camera-resolution","$v":"კამერის გარჩევადობა"},{"$i":"camera-resolution-header","$v":[{"t":"idOrVar","v":"camera-resolution"}]},{"$i":"video-resolution","$v":"ვიდეოს გარჩევადობა"},{"$i":"video-resolution-header","$v":[{"t":"idOrVar","v":"video-resolution"}]},{"$i":"scene-mode","$v":"გადაღების რეჟიმი"},{"$i":"scene-mode-header","$v":[{"t":"idOrVar","v":"scene-mode"}]},{"$i":"self-timer","$v":"ავტო წამზომი"},{"$i":"self-timer-header","$v":[{"t":"idOrVar","v":"self-timer"}]},{"$i":"self-timer-off","$v":"გამორთული"},{"$i":"self-timer-3-seconds","$v":"3 წამი"},{"$i":"self-timer-5-seconds","$v":"5 წამი"},{"$i":"self-timer-10-seconds","$v":"10 წამი"},{"$i":"battery-shutdown-title","$v":"დამჯდარი ბატარეა"},{"$i":"battery-shutdown-text","$v":"ბატარეის დონე მეტისმეტად დაბალია იმისათვის, რომ კამერა გამოიყენოთ."},{"$i":"battery-critical-text","$v":"კრიტიკულად განმუხტული ბატარეა"},{"$i":"battery-verylow-text","$v":"ბატარეის 10% დარჩა"},{"$i":"battery-low-text","$v":"ბატარეის 15% დარჩა"},{"$i":"camera-unavailable-title","$v":"კამერა არ არის ხელმისაწვდომი"},{"$i":"camera-unavailable-text","$v":"კამერას იყენებს სხვა აპი."},{"$i":"hdr","$v":"HDR"},{"$i":"hdr-header","$v":[{"t":"idOrVar","v":"hdr"}]},{"$i":"hdr-on","$v":"ჩართული"},{"$i":"hdr-off","$v":"გამორთული"},{"$i":"hdr-deactivated","$v":"(HDR გამორთულია)"},{"$i":"grid","$v":"ბადის ხაზები"},{"$i":"grid-header","$v":[{"t":"idOrVar","v":"grid"}]},{"$i":"grid-on","$v":"ჩართული"},{"$i":"grid-off","$v":"გამორთული"},{"$i":"flash","$v":"მაშუქი"},{"$i":"flash-on","$v":"ჩართული"},{"$i":"flash-off","$v":"გამორთული"},{"$i":"flash-auto","$v":"ავტომატური"},{"$i":"flash-deactivated","$v":"(ბლიცი გამორთულია)"},{"$i":"Photo-Mode","$v":"ფოტოს რეჟიმი"},{"$i":"Video-Mode","$v":"ვიდეოს რეჟიმი"},{"$i":"options","$v":"ვარიანტები"},{"$i":"open-gallery","$v":"გალერეის გახსნა"},{"$i":"preview","$v":"გადახედვა"},{"$i":"gallery","$v":"გალერეა"},{"$i":"gallery-option","$v":"გალერეაში შესვლა"},{"$i":"video","$v":"ვიდეო"},{"$i":"video-option","$v":"ვიდეოში შესვლა"},{"$i":"switch-modes","$v":"რეჟიმები"},{"$i":"photo-mode","$v":"ფოტოს რეჟიმი"},{"$i":"video-mode","$v":"ვიდეოს რეჟიმი"},{"$i":"switch-resolution","$v":"გარჩევადობა"},{"$i":"low-resolution","$v":"დაბალი"},{"$i":"medium-resolution","$v":"საშუალო"},{"$i":"standard-resolution","$v":"სტანდარტი"},{"$i":"high-resolution","$v":"მაღალი"},{"$i":"set-resolution-to","$v":"გარჩევადობა დაყენ."},{"$i":"insert-sdcard-title","$v":"ჩადეთ SD ბარათი"},{"$i":"insert-sdcard-text","$v":"შეგიძლიათ ჩაწეროთ SD ბარათი მედიის შესანახად."},{"$i":"pause","$v":"პაუზა"},{"$i":"close-menu-button","ariaLabel":"მენიუს დახურვა"},{"$i":"back-button","ariaLabel":"უკან"},{"$i":"setting-option","ariaLabel":[{"t":"idOrVar","v":"value"}]},{"$i":"setting-option-hdr","ariaLabel":["HDR ",{"t":"idOrVar","v":"value"}]},{"$i":"setting-option-self-timer","ariaLabel":["ავტო წამზომი ",{"t":"idOrVar","v":"value"}]},{"$i":"setting-option-grid","ariaLabel":["ბადის ხაზები ",{"t":"idOrVar","v":"value"}]},{"$i":"setting-option-scene-mode","ariaLabel":["გადაღების რეჟიმი ",{"t":"idOrVar","v":"value"}]},{"$i":"setting-option-camera-resolution","ariaLabel":["კამერის გარჩევადობა ",{"t":"idOrVar","v":"value"}]},{"$i":"setting-option-video-resolution","ariaLabel":["ვიდეოს გარჩევადობა ",{"t":"idOrVar","v":"value"}]},{"$i":"flash-on-button","ariaLabel":"მაშუქი ჩართულია"},{"$i":"flash-off-button","ariaLabel":"მაშუქი გამორთულია"},{"$i":"flash-auto-button","ariaLabel":"ავტომატური მაშუქი"},{"$i":"switch-camera","$v":"კამერის არჩევა"},{"$i":"toggle-camera-front-button","$v":"წინა კამერა","ariaLabel":"წინა კამერა"},{"$i":"toggle-camera-rear-button","$v":"უკანა კამერა","ariaLabel":"უკანა კამერა"},{"$i":"menu-button","ariaLabel":"მენიუ"},{"$i":"preview-button","ariaLabel":"გადახედვა"},{"$i":"controls-button-close","ariaLabel":"დახურვა"},{"$i":"share-button","ariaLabel":"გაზიარება"},{"$i":"more-button","ariaLabel":"მეტი"},{"$i":"media-frame","ariaLabel":[{"t":"idOrVar","v":"current"}," ჩარჩო ",{"t":"idOrVar","v":"total"},"-სა"],"ariaMozHint":"შემდეგზე გადასასვლელად, გაუსვით 2 თითი მარცხნივ ან მარჯვნივ წინა გვერდზე გადასახტომად"},{"$i":"zoom","$v":"მასშტაბი"},{"$i":"zoom-in","$v":"მიახლოება"},{"$i":"zoom-out","$v":"დაშორება"},{"$i":"volume","$v":"ხმა"},{"$i":"share","$v":"გაზიარება"},{"$i":"set-as-wallpaper","$v":"დააყენე ფონად"},{"$i":"set","$v":"დაყენება"},{"$i":"wallpaper-set","$v":"ფონის დაყენება."},{"$i":"photo-deleted","$v":"სურათი წაიშალა."},{"$i":"ftu-info","$v":"ფოტოდან ვიდეო რეჟიმზე გადასასვლელად, დააჭირეთ მარცხენა და მარჯვენა ღილაკს."},{"$i":"fullscreen","$v":"მთელი ეკრანი"},{"$i":"video-deleted","$v":"ვიდეო წაიშალა."},{"$i":"welcome","$v":"მოგესალმ. კამერაში"},{"$i":"ok","$v":"Ok"},{"$i":"settings","$v":"პარამ."},{"$i":"selected","$v":"selected"},{"$i":"unselected","$v":"არ არის არჩეული"},{"$i":"camera-disabled","$v":"ეს მოქმედება გამორთულია. მეტი ინფორმაციის მისაღებად დაუკავშირდით თქვენი ორგანიზაციის ადმინისტრაციას."},{"$i":"action-not-allowed","$v":"მოქმედება არ არის ნებადართული"}]