[{"$i":"nospace1-title","$v":"SD картасы толы."},{"$i":"nospace1-text","$v":"Орын босату үшін SD картасындағы файлдарды жойыңыз."},{"$i":"nospace2-title","$v":"Телефон жады толы."},{"$i":"nospace2-text","$v":"Орын босату үшін мультимедиа файлдарын немесе қолданба деректерін жойыңыз. Мультимедиа жадын кеңейту үшін SD картасын салуға болады."},{"$i":"confirmation","$v":"Растау"},{"$i":"error-saving-title","$v":"Сурет сақталмады"},{"$i":"error-saving-text","$v":"Қатенің себебінен камера кескінді сақтай алмады."},{"$i":"error-recording-title","$v":"Бейне жазылмады"},{"$i":"error-recording-text","$v":"Қатенің себебінен камера бейнені жаза алмады."},{"$i":"error-video-file-path-title","$v":"Бейне жазылмады"},{"$i":"error-video-file-path-text","$v":"Бейне файлының жолын жасауда қате пайда болды."},{"$i":"nocard2-title","$v":"Жад картасы табылмады"},{"$i":"nocard3-text","$v":"Суреттерді немесе бейнелерді түсіру үшін SD картасын салыңыз."},{"$i":"pluggedin2-title","$v":"Телефон жалғанып тұрған кезде камера пайдаланылмайды"},{"$i":"pluggedin2-text","$v":"Жад қазір пайдаланылуда. Суретке түсіру үшін телефонды розеткадан ажыратыңыз."},{"$i":"storage-size-limit-reached","$v":"Медиа сақтау орны бітті."},{"$i":"activity-size-limit-reached","$v":"Бұл қосымша үшін максималды файл өлшеміне жеттіңіз."},{"$i":"camera","$v":"Камера"},{"$i":"retake","$v":"Қайта қабылдау"},{"$i":"done","$v":"Болды"},{"$i":"select","$v":"Таңдау"},{"$i":"close","$v":"Жабу"},{"$i":"delete-photo?","$v":"Осы фотосуретті жою керек пе?"},{"$i":"delete-video?","$v":"Бейнені жою керек пе?"},{"$i":"cancel","$v":"Бас тарту"},{"$i":"delete","$v":"Жою"},{"$i":"mp","$v":"MP"},{"$i":"camera-resolution","$v":"Камера ажыратымдылығы"},{"$i":"camera-resolution-header","$v":[{"t":"idOrVar","v":"camera-resolution"}]},{"$i":"video-resolution","$v":"Бейне ажыратымдылығы"},{"$i":"video-resolution-header","$v":[{"t":"idOrVar","v":"video-resolution"}]},{"$i":"scene-mode","$v":"Көрініс режимі"},{"$i":"scene-mode-header","$v":[{"t":"idOrVar","v":"scene-mode"}]},{"$i":"self-timer","$v":"Автотаймер"},{"$i":"self-timer-header","$v":[{"t":"idOrVar","v":"self-timer"}]},{"$i":"self-timer-off","$v":"Өшірулі"},{"$i":"self-timer-3-seconds","$v":"3 секунд"},{"$i":"self-timer-5-seconds","$v":"5 секунд"},{"$i":"self-timer-10-seconds","$v":"10 секунд"},{"$i":"battery-shutdown-title","$v":"Заряд деңгейі төмен"},{"$i":"battery-shutdown-text","$v":"Камераны пайдалану үшін батарея заряды тым төмен."},{"$i":"battery-critical-text","$v":"Батарея өте аз"},{"$i":"battery-verylow-text","$v":"10% батарея заряды қалды"},{"$i":"battery-low-text","$v":"15% батарея заряды қалды"},{"$i":"camera-unavailable-title","$v":"Камера қолжетімсіз"},{"$i":"camera-unavailable-text","$v":"Басқа қолд. пайд."},{"$i":"hdr","$v":"HDR"},{"$i":"hdr-header","$v":[{"t":"idOrVar","v":"hdr"}]},{"$i":"hdr-on","$v":"Қосулы"},{"$i":"hdr-off","$v":"Өшірулі"},{"$i":"hdr-deactivated","$v":"(HDR ажыратылған)"},{"$i":"grid","$v":"Тор сызықтары"},{"$i":"grid-header","$v":[{"t":"idOrVar","v":"grid"}]},{"$i":"grid-on","$v":"Қосулы"},{"$i":"grid-off","$v":"Өшірулі"},{"$i":"flash","$v":"Жарқыл"},{"$i":"flash-on","$v":"Қосулы"},{"$i":"flash-off","$v":"Өшірулі"},{"$i":"flash-auto","$v":"Автоматты"},{"$i":"flash-deactivated","$v":"(Жарықтандырғыш ажыратылған)"},{"$i":"Photo-Mode","$v":"Фотосурет режимі"},{"$i":"Video-Mode","$v":"Бейне режимі"},{"$i":"options","$v":"Опциялар"},{"$i":"open-gallery","$v":"Галереяны ашу"},{"$i":"preview","$v":"Көріп алу"},{"$i":"gallery","$v":"Галерея"},{"$i":"gallery-option","$v":"Галереяға өту"},{"$i":"video","$v":"Бейне"},{"$i":"video-option","$v":"Бейнеге өту"},{"$i":"switch-modes","$v":"Режимдер"},{"$i":"photo-mode","$v":"Фотосурет режимі"},{"$i":"video-mode","$v":"Бейне режимі"},{"$i":"switch-resolution","$v":"Ажыратымдылығы"},{"$i":"low-resolution","$v":"Төмен"},{"$i":"medium-resolution","$v":"Орта"},{"$i":"standard-resolution","$v":"Стандарт"},{"$i":"high-resolution","$v":"Жоғары"},{"$i":"set-resolution-to","$v":"Ажыр. орнатылды"},{"$i":"insert-sdcard-title","$v":"SD картасын салыңыз"},{"$i":"insert-sdcard-text","$v":"Мультимедиа жадын кеңейту үшін SD картасын салуға болады."},{"$i":"pause","$v":"Кідірту"},{"$i":"close-menu-button","ariaLabel":"Мәзірді жабу"},{"$i":"back-button","ariaLabel":"Артқа"},{"$i":"setting-option","ariaLabel":[{"t":"idOrVar","v":"value"}]},{"$i":"setting-option-hdr","ariaLabel":["HDR ",{"t":"idOrVar","v":"value"}]},{"$i":"setting-option-self-timer","ariaLabel":["Автотаймер ",{"t":"idOrVar","v":"value"}]},{"$i":"setting-option-grid","ariaLabel":["Тор сызықтары ",{"t":"idOrVar","v":"value"}]},{"$i":"setting-option-scene-mode","ariaLabel":["Көрініс режимі ",{"t":"idOrVar","v":"value"}]},{"$i":"setting-option-camera-resolution","ariaLabel":["Камера ажыратымдылығы ",{"t":"idOrVar","v":"value"}]},{"$i":"setting-option-video-resolution","ariaLabel":["Бейне ажырат. ",{"t":"idOrVar","v":"value"}]},{"$i":"flash-on-button","ariaLabel":"Жарқыл қосулы"},{"$i":"flash-off-button","ariaLabel":"Жарқыл өшірулі"},{"$i":"flash-auto-button","ariaLabel":"Жарқыл автоматты"},{"$i":"switch-camera","$v":"Камера таңдау"},{"$i":"toggle-camera-front-button","$v":"Алдыңғы камера","ariaLabel":"Алдыңғы камера"},{"$i":"toggle-camera-rear-button","$v":"Артқы камера","ariaLabel":"Артқы камера"},{"$i":"menu-button","ariaLabel":"Мәзір"},{"$i":"preview-button","ariaLabel":"Көріп алу"},{"$i":"controls-button-close","ariaLabel":"Жабу"},{"$i":"share-button","ariaLabel":"Бөлісу"},{"$i":"more-button","ariaLabel":"Қосымша"},{"$i":"media-frame","ariaLabel":[{"t":"idOrVar","v":"current"}," кадр, жалпы ",{"t":"idOrVar","v":"total"}],"ariaMozHint":"Келесіге өту үшін 2 саусақпен солға қарай жанап өтіңіз немесе алдыңғыға өту үшін оңға қарай жанап өтіңіз"},{"$i":"zoom","$v":"Масштабтау"},{"$i":"zoom-in","$v":"Үлкейту"},{"$i":"zoom-out","$v":"Кішірейту"},{"$i":"volume","$v":"Дыбыс деңгейі"},{"$i":"share","$v":"Бөлісу"},{"$i":"set-as-wallpaper","$v":"Тұсқағаз етіп орнату"},{"$i":"set","$v":"Орнату"},{"$i":"wallpaper-set","$v":"Тұсқағаз орнатылды."},{"$i":"photo-deleted","$v":"Фото жойылды."},{"$i":"ftu-info","$v":"Фотосурет және бейне режимдерінің арасында ауыстыру үшін СОЛ және ОҢ пернесін басыңыз."},{"$i":"fullscreen","$v":"Толық экран"},{"$i":"video-deleted","$v":"Бейне жойылды."},{"$i":"welcome","$v":"Камераға қош келдіңіз"},{"$i":"ok","$v":"Ok"},{"$i":"settings","$v":"Параметрлер"},{"$i":"selected","$v":"таңдалды"},{"$i":"unselected","$v":"таңдалмаған"},{"$i":"camera-disabled","$v":"Бұл әрекет өшірілген. Қосымша ақпарат алу үшін ұйымның әкімшісіне хабарласыңыз."},{"$i":"action-not-allowed","$v":"Әрекетке рұқсат берілмеген"}]