[{"$i":"nospace1-title","$v":"កាត SD ពេញ។"},{"$i":"nospace1-text","$v":"លុប​ឯកសារ​ក្នុង​កាត SD ដើម្បី​បង្កើន​ទំហំ​ផ្ទុក​ទំនេរ។"},{"$i":"nospace2-title","$v":"ទូរសព្ទ​អស់​ទំហំ​ផ្ទុក​ទំនេរ។"},{"$i":"nospace2-text","$v":"លុប​ឯកសារ​មេឌៀ ឬ​ទិន្នន័យ​កម្មវិធី ដើម្បី​បង្កើន​ទំហំ​ផ្ទុក​ទំនេរ។ អ្នក​ក៏​អាច​ស៊ក​បញ្ចូល​កាត SD ដើម្បី​បង្កើន​ទំហំ​ផ្ទុក​មេឌៀ​ផងដែរ។"},{"$i":"confirmation","$v":"ការបញ្ជាក់"},{"$i":"error-saving-title","$v":"មិន​បាន​ទុក​រូបភាព"},{"$i":"error-saving-text","$v":"បញ្ហា​មួយ​បាន​រារាំង​មិន​ឱ្យ​ម៉ាស៊ីន​ថត​រក្សា​ទុក​រូបភាព​នេះ។"},{"$i":"error-recording-title","$v":"មិន​បាន​ថត​វីដេអូ"},{"$i":"error-recording-text","$v":"បញ្ហា​មួយ​បាន​រារាំង​មិន​ឱ្យ​ម៉ាស៊ីន​ថត​ធ្វើ​ការថត​វីដេអូ។"},{"$i":"error-video-file-path-title","$v":"មិន​បាន​ថត​វីដេអូ"},{"$i":"error-video-file-path-text","$v":"មាន​បញ្ហា​ក្នុង​ការបង្កើត​ផ្លូវ​ឯកសារ​វីដេអូ។"},{"$i":"nocard2-title","$v":"រក​មិន​ឃើញ​មាន​កាត​អង្គ​ចងចាំ​ណា​ទេ"},{"$i":"nocard3-text","$v":"បញ្ចូលកាតអេសឌីដើម្បីថតរូបឬវីដេអូ។"},{"$i":"pluggedin2-title","$v":"មិន​អាច​ប្រើ​ម៉ាស៊ីន​ថត​រូប​បាន​ទេ ពេល​ទូរស័ព្ទ​ជាប់​ដោត"},{"$i":"pluggedin2-text","$v":"បច្ចុប្បន្ន ឧបករណ៍​ផ្ទុក​កំពុង​ជាប់​ប្រើ។ សូម​ដក​ទូរស័ព្ទ​ដើម្បី​ថត​រូប។"},{"$i":"storage-size-limit-reached","$v":"អ្នក​បាន​អស់​ទំហំ​ផ្ទុក​មេឌៀ។"},{"$i":"activity-size-limit-reached","$v":"អ្នក​បាន​ឈាន​ដល់​ទំហំ​ឯកសារ​អតិ​បរមា​សម្រាប់​ឯកសារ​ភ្ជាប់​នេះ។"},{"$i":"camera","$v":"ម៉ាស៊ីន​ថត​រូប"},{"$i":"retake","$v":"ចាប់យក"},{"$i":"done","$v":"រួច​រាល់"},{"$i":"select","$v":"ជ្រើស"},{"$i":"close","$v":"បិទ"},{"$i":"delete-photo?","$v":"លុប​រូប​ថត​នេះ​ឬ?"},{"$i":"delete-video?","$v":"លុប​វីដេអូ​ឬ?"},{"$i":"cancel","$v":"បោះ​បង់"},{"$i":"delete","$v":"លុប"},{"$i":"mp","$v":"MP"},{"$i":"camera-resolution","$v":"រីសូលូសុន​ម៉ាស៊ីន​ថត​រូប"},{"$i":"camera-resolution-header","$v":[{"t":"idOrVar","v":"camera-resolution"}]},{"$i":"video-resolution","$v":"រីសូលូសុន​វីដេអូ"},{"$i":"video-resolution-header","$v":[{"t":"idOrVar","v":"video-resolution"}]},{"$i":"scene-mode","$v":"ទម្រង់​ទស្សនីយភាព"},{"$i":"scene-mode-header","$v":[{"t":"idOrVar","v":"scene-mode"}]},{"$i":"self-timer","$v":"ឧបករណ៍​កំណត់​ម៉ោង​ស្វ័យ​ប្រវត្តិ"},{"$i":"self-timer-header","$v":[{"t":"idOrVar","v":"self-timer"}]},{"$i":"self-timer-off","$v":"បិទ"},{"$i":"self-timer-3-seconds","$v":"3 វិនាទី"},{"$i":"self-timer-5-seconds","$v":"5 វិនាទី"},{"$i":"self-timer-10-seconds","$v":"10 វិនាទី"},{"$i":"battery-shutdown-title","$v":"កម្រិត​ថ្ម​ទាប"},{"$i":"battery-shutdown-text","$v":"កម្រិត​ថ្ម​ទាប​ពេក មិន​អាច​ប្រើ​ម៉ាស៊ីន​ថត​រូប​បាន​ទេ។"},{"$i":"battery-critical-text","$v":"កម្រិត​ថ្ម​ទាប​ខ្លាំង"},{"$i":"battery-verylow-text","$v":"សល់​ថ្ម 10%"},{"$i":"battery-low-text","$v":"សល់​ថ្ម 15%"},{"$i":"camera-unavailable-title","$v":"ម៉ាស៊ីន​ថត​រូប​មិន​អាច​ប្រើ​បាន"},{"$i":"camera-unavailable-text","$v":"កម្មវិធី​មួយ​ទៀត​ប្រើ​ម៉ាស៊ីន​ថត​រូប។"},{"$i":"hdr","$v":"HDR"},{"$i":"hdr-header","$v":[{"t":"idOrVar","v":"hdr"}]},{"$i":"hdr-on","$v":"បើក"},{"$i":"hdr-off","$v":"បិទ"},{"$i":"hdr-deactivated","$v":"(បាន​បិទ​ដំណើរការ HDR)"},{"$i":"grid","$v":"ខ្សែ​ក្រឡា"},{"$i":"grid-header","$v":[{"t":"idOrVar","v":"grid"}]},{"$i":"grid-on","$v":"បើក"},{"$i":"grid-off","$v":"បិទ"},{"$i":"flash","$v":"Flash"},{"$i":"flash-on","$v":"បើក"},{"$i":"flash-off","$v":"បិទ"},{"$i":"flash-auto","$v":"ស្វ័យ​ប្រវត្តិ"},{"$i":"flash-deactivated","$v":"(បាន​បិទ​ដំណើរការ Flash)"},{"$i":"Photo-Mode","$v":"ទម្រង់​រូប​ថត"},{"$i":"Video-Mode","$v":"ទម្រង់​វីដេអូ"},{"$i":"options","$v":"ជម្រើស"},{"$i":"open-gallery","$v":"បើក​វិចិត្រ​សាល"},{"$i":"preview","$v":"ការមើល​មុន"},{"$i":"gallery","$v":"វិចិត្រសាល"},{"$i":"gallery-option","$v":"ទៅ​កាន់​វិចិត្រ​សាល"},{"$i":"video","$v":"វីដេអូ"},{"$i":"video-option","$v":"ទៅ​កាន់​វីដេអូ"},{"$i":"switch-modes","$v":"ទម្រង់"},{"$i":"photo-mode","$v":"ទម្រង់​រូប​ថត"},{"$i":"video-mode","$v":"ទម្រង់​វីដេអូ"},{"$i":"switch-resolution","$v":"រីសូលូសុន"},{"$i":"low-resolution","$v":"ទាប"},{"$i":"medium-resolution","$v":"មធ្យម"},{"$i":"standard-resolution","$v":"ខ្នាត​គំរូ"},{"$i":"high-resolution","$v":"ខ្ពស់"},{"$i":"set-resolution-to","$v":"កំណត់​រីសូលូសុន​ដាក់"},{"$i":"insert-sdcard-title","$v":"បញ្ចូលកាតអេសឌី។"},{"$i":"insert-sdcard-text","$v":"អ្នកអាចបញ្ចូលកាតអេសឌីដើម្បីពង្រីកទំហំផ្ទុកមេឌៀ។"},{"$i":"pause","$v":"ផ្អាក"},{"$i":"close-menu-button","ariaLabel":"បិទ​ម៉ឺនុយ"},{"$i":"back-button","ariaLabel":"ថយ​ក្រោយ"},{"$i":"setting-option","ariaLabel":[{"t":"idOrVar","v":"value"}]},{"$i":"setting-option-hdr","ariaLabel":["HDR ",{"t":"idOrVar","v":"value"}]},{"$i":"setting-option-self-timer","ariaLabel":["ឧបករណ៍​ស្វ័យ​កំណត់​ម៉ោង ",{"t":"idOrVar","v":"value"}]},{"$i":"setting-option-grid","ariaLabel":["ខ្សែ​ក្រឡា ",{"t":"idOrVar","v":"value"}]},{"$i":"setting-option-scene-mode","ariaLabel":["ទម្រង់​ទស្សនីយភាព ",{"t":"idOrVar","v":"value"}]},{"$i":"setting-option-camera-resolution","ariaLabel":["រីសូលូសុន​ម៉ាស៊ីន​ថត​រូប ",{"t":"idOrVar","v":"value"}]},{"$i":"setting-option-video-resolution","ariaLabel":["រីសូលូសុន​វីដេអូ ",{"t":"idOrVar","v":"value"}]},{"$i":"flash-on-button","ariaLabel":"Flash បើក"},{"$i":"flash-off-button","ariaLabel":"Flash បិទ"},{"$i":"flash-auto-button","ariaLabel":"Flash ស្វ័យ​ប្រវត្តិ"},{"$i":"switch-camera","$v":"ការជ្រើស​ម៉ាស៊ីន​ថត​រូប"},{"$i":"toggle-camera-front-button","$v":"ម៉ាស៊ីន​ថត​រូប​ខាង​មុខ","ariaLabel":"ម៉ាស៊ីន​ថត​រូប​ខាង​មុខ"},{"$i":"toggle-camera-rear-button","$v":"ម៉ាស៊ីន​ថត​រូប​ខាង​ក្រោយ","ariaLabel":"ម៉ាស៊ីន​ថត​រូប​ខាង​ក្រោយ"},{"$i":"menu-button","ariaLabel":"ម៉ឺនុយ"},{"$i":"preview-button","ariaLabel":"ការមើល​មុន"},{"$i":"controls-button-close","ariaLabel":"បិទ"},{"$i":"share-button","ariaLabel":"ចែក​រំលែក"},{"$i":"more-button","ariaLabel":"ច្រើន​ទៀត"},{"$i":"media-frame","ariaLabel":["រូប ",{"t":"idOrVar","v":"current"}," លើ ",{"t":"idOrVar","v":"total"}],"ariaMozHint":"អូស​ទៅ​ឆ្វេង​ដោយ​ម្រាម​ដៃ 2 ដើម្បី​លោត​ទៅ​បន្ទាប់ ឬ​អូស​ស្ដាំ​ដើម្បី​លោត​ទៅ​ពី​មុន"},{"$i":"zoom","$v":"ពង្រីក​បង្រួម"},{"$i":"zoom-in","$v":"ពង្រីក"},{"$i":"zoom-out","$v":"បង្រួម"},{"$i":"volume","$v":"កម្រិត​សំឡេង"},{"$i":"share","$v":"ចែក​រំលែក"},{"$i":"set-as-wallpaper","$v":"កំណត់​ជា​រូប​ផ្ទៃ​អេក្រង់"},{"$i":"set","$v":"កំណត់"},{"$i":"wallpaper-set","$v":"បានកំណត់ជារូបផ្ទៃអេក្រង់។"},{"$i":"photo-deleted","$v":"បានលុបរូបថត។"},{"$i":"ftu-info","$v":"ចុច​គ្រាប់​ចុច​ឆ្វេង និង​ស្ដាំ​ដើម្បី​ប្ដូរ​រវាង​ទម្រង់​រូប​ថត និង​វីដេអូ។"},{"$i":"fullscreen","$v":"ពេញ​អេក្រង់"},{"$i":"video-deleted","$v":"បានលុបវីដេអូ។"},{"$i":"welcome","$v":"ម៉ាស៊ីន​ថត សូម​ស្វាគមន៍"},{"$i":"ok","$v":"យល់​ព្រម"},{"$i":"settings","$v":"ការ​កំណត់"},{"$i":"selected","$v":"selected"},{"$i":"unselected","$v":"មិនបានជ្រើសរើស"},{"$i":"camera-disabled","$v":"សកម្មភាពនេះត្រូវបានបិទ។ ដើម្បីស្វែងយល់បន្ថែមសូមទាក់ទងអ្នកគ្រប់គ្រងអង្គភាពរបស់អ្នក។"},{"$i":"action-not-allowed","$v":"សកម្មភាពមិនត្រូវបានអនុញ្ញាត"}]