[{"$i":"nospace1-title","$v":"ກາດ SD ເຕັມ."},{"$i":"nospace1-text","$v":"ລຶບໄຟລ໌ໃນກາດ SD ເພື່ອເພີ່ມພື້ນທີ່ວ່າງ."},{"$i":"nospace2-title","$v":"ບ່ອນເກັບຂໍ້ມູນໂທລະສັບເຕັມ."},{"$i":"nospace2-text","$v":"ລຶບໄຟລ໌ສື່ ຫຼື ຂໍ້ມູນແອັບພລິເຄຊັນ ເພື່ອເພີ່ມພື້ນທີ່ວ່າງ. ນອກຈາກນີ້ ທ່ານຍັງສາມາດໃສ່ກາດ SD ເພື່ອຂະຫຍາຍພື້ນທີ່ເກັບຂໍ້ມູນສື່."},{"$i":"confirmation","$v":"ການຢືນຢັນ"},{"$i":"error-saving-title","$v":"ຮູບບໍ່ສາມາດບັນທຶກໄດ້"},{"$i":"error-saving-text","$v":"ເກີດຂໍ້ຜິດພາດທີ່ເຮັດ ໃຫ້ກ້ອງບໍ່ສາມາດບັນທຶກ ພາບໄດ້."},{"$i":"error-recording-title","$v":"ບໍ່ໄດ້ມີການບັນທຶກວີດີໂອ"},{"$i":"error-recording-text","$v":"ເກີດຂໍ້ຜິດພາດທີ່ເຮັດ ໃຫ້ກ້ອງບໍ່ສາມາດບັນທຶກ ວີດີໂອໄດ້."},{"$i":"error-video-file-path-title","$v":"ບໍ່ໄດ້ມີການບັນທຶກວີດີໂອ"},{"$i":"error-video-file-path-text","$v":"ຕິດຂັດໃນການສ້າງການ ເຂົ້າຫາເອກະສານວິດີໂອ."},{"$i":"nocard2-title","$v":"ບໍ່ພົບກາດຄວາມຈຳ"},{"$i":"nocard3-text","$v":"ໃສ່ບັດ SD ເພື່ອຖ່າຍຮູບຫຼືວິດີໂອ."},{"$i":"pluggedin2-title","$v":"ກ້ອງບໍ່ສາມາດໃຊ້ງານໄດ້ ໃນຂະນະທີ່ສຽບສາຍສາກໂທລະ ສັບ"},{"$i":"pluggedin2-text","$v":"ບ່ອນເກັບຂໍ້ມູນໃນປະຈຸບັນກຳລັງ ໃຊ້ຢູ່. ກະລຸນາຖອດສາຍໂທລະສັບ ເພື່ອຖ່າຍຮູບ."},{"$i":"storage-size-limit-reached","$v":"ພື້ນທີ່ເຮັດວຽກຂອງສື່ ໝົດລົງແລ້ວ."},{"$i":"activity-size-limit-reached","$v":"ທ່ານໄດ້ບັນລຸຂະໜາດໄຟລ໌ສູງ ສຸດສໍາລັບເອກະສານນີ້."},{"$i":"camera","$v":"ກ້ອງ"},{"$i":"retake","$v":"ເກັບຄືນ"},{"$i":"done","$v":"ສຳເລັດ"},{"$i":"select","$v":"ເລືອກ"},{"$i":"close","$v":"ປິດ"},{"$i":"delete-photo?","$v":"ໃຫ້ລຶບຮູບພາບນີ້ບໍ່?"},{"$i":"delete-video?","$v":"ໃຫ້ລຶບວິດີໂອບໍ່?"},{"$i":"cancel","$v":"ຍົກເລີກ"},{"$i":"delete","$v":"ລຶບ"},{"$i":"mp","$v":"MP"},{"$i":"camera-resolution","$v":"ຄວາມລະອຽດຕົວກ້ອງ"},{"$i":"camera-resolution-header","$v":[{"t":"idOrVar","v":"camera-resolution"}]},{"$i":"video-resolution","$v":"ຄວາມລະອຽດຂອງວີດີໂອ"},{"$i":"video-resolution-header","$v":[{"t":"idOrVar","v":"video-resolution"}]},{"$i":"scene-mode","$v":"ໂໝດສາກ"},{"$i":"scene-mode-header","$v":[{"t":"idOrVar","v":"scene-mode"}]},{"$i":"self-timer","$v":"ຕັ້ງເວລາເອງ"},{"$i":"self-timer-header","$v":[{"t":"idOrVar","v":"self-timer"}]},{"$i":"self-timer-off","$v":"ປິດ"},{"$i":"self-timer-3-seconds","$v":"3 ວິນາທີ"},{"$i":"self-timer-5-seconds","$v":"5 ວິນາທີ"},{"$i":"self-timer-10-seconds","$v":"10 ວິນາທີ"},{"$i":"battery-shutdown-title","$v":"ແບັດເຕີຣີຕໍ່າ"},{"$i":"battery-shutdown-text","$v":"ລະດັບແບດເຕີຣີຕໍ່າເກີນໄປ ທີ່ຈະໃຊ້ກ້ອງຖ່າຍຮູບ."},{"$i":"battery-critical-text","$v":"ແບັດເຕີຣີທີ່ມີກຳລັງແຮງຕໍ່າ"},{"$i":"battery-verylow-text","$v":"ແບັດເຕີຣີຍັງເຫຼືອ 10%"},{"$i":"battery-low-text","$v":"ແບັດເຕີຣີຍັງເຫຼືອ 15%"},{"$i":"camera-unavailable-title","$v":"ກ້ອງຍັງບໍ່ພ້ອມໃຊ້ງານ"},{"$i":"camera-unavailable-text","$v":"ກ້ອງຖ່າຍຮູບກຳລັງຖືກນຳໃຊ້ ໂດຍແອັບຯອື່ນ"},{"$i":"hdr","$v":"HDR"},{"$i":"hdr-header","$v":[{"t":"idOrVar","v":"hdr"}]},{"$i":"hdr-on","$v":"ເປີດ"},{"$i":"hdr-off","$v":"ປິດ"},{"$i":"hdr-deactivated","$v":"(HDR ໄດ້ປິດການນຳໃຊ້)"},{"$i":"grid","$v":"ເສັ້ນຕາໜ່າງ"},{"$i":"grid-header","$v":[{"t":"idOrVar","v":"grid"}]},{"$i":"grid-on","$v":"ເປີດ"},{"$i":"grid-off","$v":"ປິດ"},{"$i":"flash","$v":"ໄຟສາຍ"},{"$i":"flash-on","$v":"ເປີດ"},{"$i":"flash-off","$v":"ປິດ"},{"$i":"flash-auto","$v":"ອັດຕະໂນມັດ"},{"$i":"flash-deactivated","$v":"(Flash ໄດ້ປິດການນຳໃຊ້)"},{"$i":"Photo-Mode","$v":"ໂໝດຖ່າຍພາບ"},{"$i":"Video-Mode","$v":"ໂໝດວີດີໂອ"},{"$i":"options","$v":"ຕົວເລືອກ"},{"$i":"open-gallery","$v":"ເປີດຫ້ອງຮູບພາບ"},{"$i":"preview","$v":"ພາບຕົວຢ່າງ"},{"$i":"gallery","$v":"ຄັງຮູບ"},{"$i":"gallery-option","$v":"ເຂົ້າສູ່ຄັງຮູບພາບ"},{"$i":"video","$v":"ວິດີໂອ"},{"$i":"video-option","$v":"ເຂົ້າສູ່ວິດີໂອ"},{"$i":"switch-modes","$v":"ໂໝດ"},{"$i":"photo-mode","$v":"ໂໝດຖ່າຍພາບ"},{"$i":"video-mode","$v":"ໂໝດວີດີໂອ"},{"$i":"switch-resolution","$v":"ຄວາມລະອຽດ"},{"$i":"low-resolution","$v":"ຕໍ່າ"},{"$i":"medium-resolution","$v":"ປານກາງ"},{"$i":"standard-resolution","$v":"ມາດຕະຖານ"},{"$i":"high-resolution","$v":"ສູງ"},{"$i":"set-resolution-to","$v":"ການຕັ້ງຄ່າຄວາມລະອຽດທີ່"},{"$i":"insert-sdcard-title","$v":"ໃສ່ SD card"},{"$i":"insert-sdcard-text","$v":"ທ່ານສາມາດໃສ່ SD card ເພື່ອຂະຫຍາຍບ່ອນຈັດເກັບສື່."},{"$i":"pause","$v":"ຢຸດຊົ່ວຄາວ"},{"$i":"close-menu-button","ariaLabel":"ປິດລາຍການ"},{"$i":"back-button","ariaLabel":"ກັບຄືນ"},{"$i":"setting-option","ariaLabel":[{"t":"idOrVar","v":"value"}]},{"$i":"setting-option-hdr","ariaLabel":["HDR ",{"t":"idOrVar","v":"value"}]},{"$i":"setting-option-self-timer","ariaLabel":["ຕັ້ງເວລາເອງ ",{"t":"idOrVar","v":"value"}]},{"$i":"setting-option-grid","ariaLabel":["ເສັ້ນຕາໜ່າງ ",{"t":"idOrVar","v":"value"}]},{"$i":"setting-option-scene-mode","ariaLabel":["ໂໝດສາກ ",{"t":"idOrVar","v":"value"}]},{"$i":"setting-option-camera-resolution","ariaLabel":["ຄວາມລະອຽດກ້ອງຖ່າຍຮູບ ",{"t":"idOrVar","v":"value"}]},{"$i":"setting-option-video-resolution","ariaLabel":["ຄວາມລະອຽດຂອງວີດີໂອ ",{"t":"idOrVar","v":"value"}]},{"$i":"flash-on-button","ariaLabel":"ເປີດ Flash"},{"$i":"flash-off-button","ariaLabel":"ປິດ Flash"},{"$i":"flash-auto-button","ariaLabel":"Flash ອັດຕະໂນມັດ"},{"$i":"switch-camera","$v":"ເລືອກກ້ອງ"},{"$i":"toggle-camera-front-button","$v":"ກ້ອງຖ້າຍຮູບດ້ານໜ້າ","ariaLabel":"ກ້ອງຖ້າຍຮູບດ້ານໜ້າ"},{"$i":"toggle-camera-rear-button","$v":"ກ້ອງດ້ານຫຼັງ","ariaLabel":"ກ້ອງດ້ານຫຼັງ"},{"$i":"menu-button","ariaLabel":"ລາຍການ"},{"$i":"preview-button","ariaLabel":"ພາບຕົວຢ່າງ"},{"$i":"controls-button-close","ariaLabel":"ປິດ"},{"$i":"share-button","ariaLabel":"ແຊຣ໌"},{"$i":"more-button","ariaLabel":"ຂໍ້ຄວາມອື່ນ"},{"$i":"media-frame","ariaLabel":["ເຟມ ",{"t":"idOrVar","v":"current"}," ຂອງ ",{"t":"idOrVar","v":"total"}],"ariaMozHint":"ປັດຊ້າຍດ້ວຍສອງນີ້ວມືເພື່ອຂ້າມໄປໜ້າຖັດໄປ, ຫຼື ປັດຂວາເພື່ອຂ້າມຫາໜ້າທີ່ຜ່ານມາ"},{"$i":"zoom","$v":"ຊູມ"},{"$i":"zoom-in","$v":"ຊູມເຂົ້າ"},{"$i":"zoom-out","$v":"ຊູມອອກ"},{"$i":"volume","$v":"ບໍ​ລິ​ມາດ"},{"$i":"share","$v":"ແຊຮ໌"},{"$i":"set-as-wallpaper","$v":"ຕັ້ງຄ່າວອລ໌ເປເປີ"},{"$i":"set","$v":"ຕັ້ງຄ່າ"},{"$i":"wallpaper-set","$v":"ຕິດຕັ້ງເຈ້ຍແຜ່ນໃໝ່."},{"$i":"photo-deleted","$v":"ຮູບພາບຖືກລຶບອອກແລ້ວ."},{"$i":"ftu-info","$v":"ກົດປຸ່ມ LEFT ແລະ RIGHT ເພື່ອການເປີດ-ປິດລະຫວ່າງໂໝດຮູບພາບ ກັບວີດີໂອ."},{"$i":"fullscreen","$v":"ເຕັມໜ້າຈໍ"},{"$i":"video-deleted","$v":"ລຶບວິດີໂອແລ້ວ."},{"$i":"welcome","$v":"ຍິນດີຕ້ອນຮັບສູ່ກ້ອງຖ່າຍຮູບ"},{"$i":"ok","$v":"ຕົກລົງ"},{"$i":"settings","$v":"ການຕັ້ງຄ່າ"},{"$i":"selected","$v":"selected"},{"$i":"unselected","$v":"ບໍ່ເລືອກ"},{"$i":"camera-disabled","$v":"ການກະ ທຳ ນີ້ຖືກປິດໃຊ້ງານ. ເພື່ອຊອກຮູ້ຕື່ມ, ຕິດຕໍ່ຫາຜູ້ບໍລິຫານຂອງອົງກອນຂອງທ່ານ."},{"$i":"action-not-allowed","$v":"ການປະຕິບັດງານບໍ່ໄດ້ຮັບອະນຸຍາດ"}]