[{"$i":"nospace1-title","$v":"SD kort. pilna."},{"$i":"nospace1-text","$v":"Ištrinkite failus SD kortelėje, kad atlaisvintumėte vietos."},{"$i":"nospace2-title","$v":"Tel. saugykla pilna."},{"$i":"nospace2-text","$v":"Jei norite atlaisvinti vietos, ištrinkite medijos failų ar programų duomenų. Taip pat galite įdėti SD kortelę, kad būtų daugiau medijos saugyklos vietos."},{"$i":"confirmation","$v":"Patvirtinim."},{"$i":"error-saving-title","$v":"Nuotr. neišsaug."},{"$i":"error-saving-text","$v":"Įvyko klaida ir fotokam. nepav. išsaugoti nuotr."},{"$i":"error-recording-title","$v":"Vaizdo įrašas neįrašytas"},{"$i":"error-recording-text","$v":"Įvyko klaida ir vaizdo kam. nepav. įraš. vaizd. įr."},{"$i":"error-video-file-path-title","$v":"Vaizdo įrašas neįrašytas"},{"$i":"error-video-file-path-text","$v":"Klaida kuriant vaiz. įr. kelią."},{"$i":"nocard2-title","$v":"Atm. kortelė nerasta"},{"$i":"nocard3-text","$v":"Įdėkite SD kortelę, jei norite fotografuoti ar filmuoti."},{"$i":"pluggedin2-title","$v":"Kol telef. prijungt., fotokam. naudoti negalima"},{"$i":"pluggedin2-text","$v":"Saugykla šiuo metu naudojama. Norėdami fotogr., atjunkite telefoną."},{"$i":"storage-size-limit-reached","$v":"Jums trūksta medijos failų saugojimo vietos."},{"$i":"activity-size-limit-reached","$v":"Pasiekėte maksimalų šio priedo failų dydį."},{"$i":"camera","$v":"Fotok."},{"$i":"retake","$v":"Pakartokite"},{"$i":"done","$v":"Atl."},{"$i":"select","$v":"Rinktis"},{"$i":"close","$v":"Užd."},{"$i":"delete-photo?","$v":"Ištrinti nuotr.?"},{"$i":"delete-video?","$v":"Ištr. v. įr.?"},{"$i":"cancel","$v":"Atš."},{"$i":"delete","$v":"Ištrin."},{"$i":"mp","$v":"MP"},{"$i":"camera-resolution","$v":"Fotokamer. raiška"},{"$i":"camera-resolution-header","$v":[{"t":"idOrVar","v":"camera-resolution"}]},{"$i":"video-resolution","$v":"Vaizdo įrašo raiška"},{"$i":"video-resolution-header","$v":[{"t":"idOrVar","v":"video-resolution"}]},{"$i":"scene-mode","$v":"Siuž. rež."},{"$i":"scene-mode-header","$v":[{"t":"idOrVar","v":"scene-mode"}]},{"$i":"self-timer","$v":"Laikmatis"},{"$i":"self-timer-header","$v":[{"t":"idOrVar","v":"self-timer"}]},{"$i":"self-timer-off","$v":"Išjungti"},{"$i":"self-timer-3-seconds","$v":"3 sek."},{"$i":"self-timer-5-seconds","$v":"5 sek."},{"$i":"self-timer-10-seconds","$v":"10 sek."},{"$i":"battery-shutdown-title","$v":"Akum. išsik."},{"$i":"battery-shutdown-text","$v":"Baterijos įkrova per maža, kad būtų galima naudoti fotokamerą."},{"$i":"battery-critical-text","$v":"Akum. itin maž. energ."},{"$i":"battery-verylow-text","$v":"Liko 10 % akum. įkr."},{"$i":"battery-low-text","$v":"Liko 15 % akum. įkr."},{"$i":"camera-unavailable-title","$v":"Fotokamera nepas."},{"$i":"camera-unavailable-text","$v":"Fotokam. naud. kita progr."},{"$i":"hdr","$v":"HDR"},{"$i":"hdr-header","$v":[{"t":"idOrVar","v":"hdr"}]},{"$i":"hdr-on","$v":"Įj."},{"$i":"hdr-off","$v":"Išjungti"},{"$i":"hdr-deactivated","$v":"(HDR išjungta)"},{"$i":"grid","$v":"Tink. lin."},{"$i":"grid-header","$v":[{"t":"idOrVar","v":"grid"}]},{"$i":"grid-on","$v":"Įj."},{"$i":"grid-off","$v":"Išjungti"},{"$i":"flash","$v":"Blyk."},{"$i":"flash-on","$v":"Įj."},{"$i":"flash-off","$v":"Išjungti"},{"$i":"flash-auto","$v":"Auto"},{"$i":"flash-deactivated","$v":"(Blykstė išjungta)"},{"$i":"Photo-Mode","$v":"Fotog. rž."},{"$i":"Video-Mode","$v":"Filmavimo režimas"},{"$i":"options","$v":"Funkc."},{"$i":"open-gallery","$v":"Atid. galer."},{"$i":"preview","$v":"Perž."},{"$i":"gallery","$v":"Galerija"},{"$i":"gallery-option","$v":"Eiti į galeriją"},{"$i":"video","$v":"Vaizdo įrašas"},{"$i":"video-option","$v":"Eiti į vaizdo įrašą"},{"$i":"switch-modes","$v":"Rež."},{"$i":"photo-mode","$v":"Fotog. rž."},{"$i":"video-mode","$v":"Filmavimo režimas"},{"$i":"switch-resolution","$v":"Raiška"},{"$i":"low-resolution","$v":"Maž."},{"$i":"medium-resolution","$v":"Vidut."},{"$i":"standard-resolution","$v":"Standart."},{"$i":"high-resolution","$v":"Aukš."},{"$i":"set-resolution-to","$v":"Raiška nustatyta iki"},{"$i":"insert-sdcard-title","$v":"Įdėkite SD kortelę"},{"$i":"insert-sdcard-text","$v":"Galite išplėsti SD kortelę, kad išplėstumėte laikmenų saugojimą."},{"$i":"pause","$v":"Prist."},{"$i":"close-menu-button","ariaLabel":"Užd. meniu"},{"$i":"back-button","ariaLabel":"Grįž."},{"$i":"setting-option","ariaLabel":[{"t":"idOrVar","v":"value"}]},{"$i":"setting-option-hdr","ariaLabel":["HDR ",{"t":"idOrVar","v":"value"}]},{"$i":"setting-option-self-timer","ariaLabel":["Laikmatis ",{"t":"idOrVar","v":"value"}]},{"$i":"setting-option-grid","ariaLabel":[{"t":"idOrVar","v":"value"}," tin. lin."]},{"$i":"setting-option-scene-mode","ariaLabel":[{"t":"idOrVar","v":"value"}," siuž. rž."]},{"$i":"setting-option-camera-resolution","ariaLabel":["Fotokam. raiška: ",{"t":"idOrVar","v":"value"}]},{"$i":"setting-option-video-resolution","ariaLabel":["Vaizdo įrašo raiška ",{"t":"idOrVar","v":"value"}]},{"$i":"flash-on-button","ariaLabel":"Įjun. bl."},{"$i":"flash-off-button","ariaLabel":"Išj. blyk,"},{"$i":"flash-auto-button","ariaLabel":"Aut. blyk."},{"$i":"switch-camera","$v":"Fotoaparato pasirinkimas"},{"$i":"toggle-camera-front-button","$v":"Pr. fotokam.","ariaLabel":"Pr. fotokam."},{"$i":"toggle-camera-rear-button","$v":"Gal. fotok.","ariaLabel":"Gal. fotok."},{"$i":"menu-button","ariaLabel":"Meniu"},{"$i":"preview-button","ariaLabel":"Perž."},{"$i":"controls-button-close","ariaLabel":"Užd."},{"$i":"share-button","ariaLabel":"Dalintis"},{"$i":"more-button","ariaLabel":"Daug."},{"$i":"media-frame","ariaLabel":[{"t":"idOrVar","v":"current"}," iš ",{"t":"idOrVar","v":"total"}," kadrų"],"ariaMozHint":"Braukite į kairę dviem pirštais, kad pereitumėte prie kito, arba braukite į dešinę, kad grįžtumėte prie ankstesnio"},{"$i":"zoom","$v":"Keisti mastelį"},{"$i":"zoom-in","$v":"Didinti vaizdą"},{"$i":"zoom-out","$v":"Mažinti vaizdą"},{"$i":"volume","$v":"Garsumas"},{"$i":"share","$v":"Dalintis"},{"$i":"set-as-wallpaper","$v":"Nust. kaip fono pav."},{"$i":"set","$v":"Nustatyti"},{"$i":"wallpaper-set","$v":"Fono paveikslėlis nustatytas."},{"$i":"photo-deleted","$v":"Nuotrauka ištrinta."},{"$i":"ftu-info","$v":"Pasp. KAIR. ir DEŠ. mygt., kad perj. tarp nuot. ir vaiz. įr. rež."},{"$i":"fullscreen","$v":"Visas ekr."},{"$i":"video-deleted","$v":"Vaizdo įrašas ištrintas."},{"$i":"welcome","$v":"Sveiki, tai „Camera“"},{"$i":"ok","$v":"Gerai"},{"$i":"settings","$v":"Parametrai"},{"$i":"selected","$v":"selected"},{"$i":"unselected","$v":"nepasirinkta"},{"$i":"camera-disabled","$v":"Šis veiksmas išjungtas. Norėdami sužinoti daugiau, susisiekite su savo organizacijos administratoriumi."},{"$i":"action-not-allowed","$v":"Veiksmas neleidžiamas"}]