[{"$i":"nospace1-title","$v":"SD karte ir pilna."},{"$i":"nospace1-text","$v":"Dzēsiet failus SD kartē, lai atbrīvotu vietu."},{"$i":"nospace2-title","$v":"Tālruņa krātuve ir pilna."},{"$i":"nospace2-text","$v":"Dzēsiet multivides failus vai programmu datus, lai atbrīvotu vietu. Varat arī ievietot SD karti, lai palielinātu multivides atmiņu."},{"$i":"confirmation","$v":"Apstiprinājums"},{"$i":"error-saving-title","$v":"Attēls nav saglabāts"},{"$i":"error-saving-text","$v":"Kļūdas dēļ kamera nevarēja saglabāt attēlu."},{"$i":"error-recording-title","$v":"Video nav ierakstīts"},{"$i":"error-recording-text","$v":"Kļūdas dēļ kamera nevarēja ierakstīt videoklipu."},{"$i":"error-video-file-path-title","$v":"Video nav ierakstīts"},{"$i":"error-video-file-path-text","$v":"Izveidojot video faila ceļu, radās kļūda."},{"$i":"nocard2-title","$v":"Netika atrasta neviena atmiņas karte"},{"$i":"nocard3-text","$v":"Ievietojiet SD karti, lai uzņemtu fotoattēlus vai videoklipus."},{"$i":"pluggedin2-title","$v":"Kameru nevar izmantot, kamēr tālrunis ir pievienots"},{"$i":"pluggedin2-text","$v":"Krātuve pašlaik tiek izmantota. Atvienojiet tālruni, lai uzņemtu attēlus."},{"$i":"storage-size-limit-reached","$v":"Multivides krātuvē vairs nav brīvas vietas."},{"$i":"activity-size-limit-reached","$v":"Ir sasniegts maksimālais šī pielikuma faila lielums."},{"$i":"camera","$v":"Kamera"},{"$i":"retake","$v":"Atkārtojiet"},{"$i":"done","$v":"Gatavs"},{"$i":"select","$v":"Izvēlēties"},{"$i":"close","$v":"Aizvērt"},{"$i":"delete-photo?","$v":"Vai dzēst šo fotoattēlu?"},{"$i":"delete-video?","$v":"Vai dzēst videoklipu?"},{"$i":"cancel","$v":"Atcelt"},{"$i":"delete","$v":"Dzēst"},{"$i":"mp","$v":"MP"},{"$i":"camera-resolution","$v":"Kameras izšķirtspēja"},{"$i":"camera-resolution-header","$v":[{"t":"idOrVar","v":"camera-resolution"}]},{"$i":"video-resolution","$v":"Video izšķirtspēja"},{"$i":"video-resolution-header","$v":[{"t":"idOrVar","v":"video-resolution"}]},{"$i":"scene-mode","$v":"Ainas režīms"},{"$i":"scene-mode-header","$v":[{"t":"idOrVar","v":"scene-mode"}]},{"$i":"self-timer","$v":"Taimeris"},{"$i":"self-timer-header","$v":[{"t":"idOrVar","v":"self-timer"}]},{"$i":"self-timer-off","$v":"Izslēgta"},{"$i":"self-timer-3-seconds","$v":"3 sekundes"},{"$i":"self-timer-5-seconds","$v":"5 sekundes"},{"$i":"self-timer-10-seconds","$v":"10 sekundes"},{"$i":"battery-shutdown-title","$v":"Zems akumulatora uzlādes līmenis"},{"$i":"battery-shutdown-text","$v":"Akumulatora līmenis ir pārāk zems, lai izmantotu kameru."},{"$i":"battery-critical-text","$v":"Kritiski zems akumulatora uzlādes līmenis"},{"$i":"battery-verylow-text","$v":"Atlikušais akumulatora darbības laiks: 10%"},{"$i":"battery-low-text","$v":"Atlikušais akumulatora darbības laiks: 15%"},{"$i":"camera-unavailable-title","$v":"Kamera nav pieejama"},{"$i":"camera-unavailable-text","$v":"Kameru izmanto cita lietotne."},{"$i":"hdr","$v":"HDR"},{"$i":"hdr-header","$v":[{"t":"idOrVar","v":"hdr"}]},{"$i":"hdr-on","$v":"Ieslēgts"},{"$i":"hdr-off","$v":"Izslēgts"},{"$i":"hdr-deactivated","$v":"(HDR deaktivizēts)"},{"$i":"grid","$v":"Režģa līnijas"},{"$i":"grid-header","$v":[{"t":"idOrVar","v":"grid"}]},{"$i":"grid-on","$v":"Ieslēgts"},{"$i":"grid-off","$v":"Izslēgts"},{"$i":"flash","$v":"Zibspuldze"},{"$i":"flash-on","$v":"Ieslēgts"},{"$i":"flash-off","$v":"Izslēgts"},{"$i":"flash-auto","$v":"Automātiski"},{"$i":"flash-deactivated","$v":"(zibspuldze deaktivizēta)"},{"$i":"Photo-Mode","$v":"Fotoattēlu režīms"},{"$i":"Video-Mode","$v":"Video režīms"},{"$i":"options","$v":"Iespējas"},{"$i":"open-gallery","$v":"Atvērt galeriju"},{"$i":"preview","$v":"Priekšskatījums"},{"$i":"gallery","$v":"Galerija"},{"$i":"gallery-option","$v":"Atvērt sadaļu Galerija"},{"$i":"video","$v":"Video"},{"$i":"video-option","$v":"Atvērt sadaļu Video"},{"$i":"switch-modes","$v":"Režīmi"},{"$i":"photo-mode","$v":"Fotoattēlu režīms"},{"$i":"video-mode","$v":"Video režīms"},{"$i":"switch-resolution","$v":"Izšķirtspēja"},{"$i":"low-resolution","$v":"Zema"},{"$i":"medium-resolution","$v":"Vidēja"},{"$i":"standard-resolution","$v":"Standarta"},{"$i":"high-resolution","$v":"Augsta"},{"$i":"set-resolution-to","$v":"Izšķirtspēja ir iestatīta uz"},{"$i":"insert-sdcard-title","$v":"Ievietojiet SD karti"},{"$i":"insert-sdcard-text","$v":"Lai paplašinātu multivides krātuvi, varat ievietot SD karti."},{"$i":"pause","$v":"Apturēt"},{"$i":"close-menu-button","ariaLabel":"Aizvērt izvēlni"},{"$i":"back-button","ariaLabel":"Atpakaļ"},{"$i":"setting-option","ariaLabel":[{"t":"idOrVar","v":"value"}]},{"$i":"setting-option-hdr","ariaLabel":["HDR ",{"t":"idOrVar","v":"value"}]},{"$i":"setting-option-self-timer","ariaLabel":["Taimeris ",{"t":"idOrVar","v":"value"}]},{"$i":"setting-option-grid","ariaLabel":["Režģa līnijas ",{"t":"idOrVar","v":"value"}]},{"$i":"setting-option-scene-mode","ariaLabel":["Ainas režīms ",{"t":"idOrVar","v":"value"}]},{"$i":"setting-option-camera-resolution","ariaLabel":["Kameras izšķirtspēja ",{"t":"idOrVar","v":"value"}]},{"$i":"setting-option-video-resolution","ariaLabel":["Video izšķirtspēja ",{"t":"idOrVar","v":"value"}]},{"$i":"flash-on-button","ariaLabel":"Zibspuldze ieslēgta"},{"$i":"flash-off-button","ariaLabel":"Zibspuldze izslēgta"},{"$i":"flash-auto-button","ariaLabel":"Automātiska zibspuldze"},{"$i":"switch-camera","$v":"Kameras izvēle"},{"$i":"toggle-camera-front-button","$v":"Priekšējā kamera","ariaLabel":"Priekšējā kamera"},{"$i":"toggle-camera-rear-button","$v":"Aizmugures kamera","ariaLabel":"Aizmugures kamera"},{"$i":"menu-button","ariaLabel":"Izvēlne"},{"$i":"preview-button","ariaLabel":"Priekšskatījums"},{"$i":"controls-button-close","ariaLabel":"Aizvērt"},{"$i":"share-button","ariaLabel":"Kopīgot"},{"$i":"more-button","ariaLabel":"Vairāk"},{"$i":"media-frame","ariaLabel":[{"t":"idOrVar","v":"current"}," kadrs no ",{"t":"idOrVar","v":"total"}],"ariaMozHint":"Lai pārietu tālāk, ar diviem pirkstiem velciet pa kreisi vai velciet pa labi, lai atgrieztos atpakaļ"},{"$i":"zoom","$v":"Tālummaiņa"},{"$i":"zoom-in","$v":"Tuvināt"},{"$i":"zoom-out","$v":"Tālināt"},{"$i":"volume","$v":"Skaļums"},{"$i":"share","$v":"Kopīgot"},{"$i":"set-as-wallpaper","$v":"Uzstādīt kā fona attēlu"},{"$i":"set","$v":"Iestatīt"},{"$i":"wallpaper-set","$v":"Fona tapete iestatīta."},{"$i":"photo-deleted","$v":"Fotoattēls ir izdzēsts."},{"$i":"ftu-info","$v":"Nospiediet kreiso un labo taustiņu, lai pārslēgtos starp foto un video režīmiem."},{"$i":"fullscreen","$v":"Pilns ekrāns"},{"$i":"video-deleted","$v":"Video ir izdzēsts."},{"$i":"welcome","$v":"Laipni lūdzam kamerā"},{"$i":"ok","$v":"LABI"},{"$i":"settings","$v":"Iestatījumi"},{"$i":"selected","$v":"selected"},{"$i":"unselected","$v":"nav atlasīts"},{"$i":"camera-disabled","$v":"Šī darbība ir atspējota. Lai uzzinātu vairāk, sazinieties ar organizācijas administratoru."},{"$i":"action-not-allowed","$v":"Darbība nav atļauta"}]