[{"$i":"nospace1-title","$v":"SD-kort er fullt."},{"$i":"nospace1-text","$v":"Slett filer på SD-kort for å frigjøre plass."},{"$i":"nospace2-title","$v":"Telefonens lagringsplass er full.."},{"$i":"nospace2-text","$v":"Slett mediefiler eller programdata for å frigjøre plass. Du kan også sette inn et SD-kort for å utvide medielagring."},{"$i":"confirmation","$v":"Bekreftelse"},{"$i":"error-saving-title","$v":"Bilde ikke lagret"},{"$i":"error-saving-text","$v":"En feil hindret kameraet fra å lagre bildet."},{"$i":"error-recording-title","$v":"Video ikke spilt inn"},{"$i":"error-recording-text","$v":"En feil hindret kameraet fra å spille inn video."},{"$i":"error-video-file-path-title","$v":"Video ikke spilt inn"},{"$i":"error-video-file-path-text","$v":"Feil ved opprettelse av videofilbane."},{"$i":"nocard2-title","$v":"Ingen minnekort funnet"},{"$i":"nocard3-text","$v":"Sett inn SD-kort for å ta bilder eller videoer."},{"$i":"pluggedin2-title","$v":"Kamera kan ikke brukes når telefonen er innplugget"},{"$i":"pluggedin2-text","$v":"Lagringsplass er i bruk. Koble fra telefonen for å ta bilder."},{"$i":"storage-size-limit-reached","$v":"Du har gått tom for medielagringsplass."},{"$i":"activity-size-limit-reached","$v":"Du har nådd den maksimale filstørrelsen for dette vedlegget."},{"$i":"camera","$v":"Kamera"},{"$i":"retake","$v":"Retake"},{"$i":"done","$v":"Fullført"},{"$i":"select","$v":"Velg"},{"$i":"close","$v":"Lukk"},{"$i":"delete-photo?","$v":"Slette dette bildet?"},{"$i":"delete-video?","$v":"Slette video?"},{"$i":"cancel","$v":"Avbryt"},{"$i":"delete","$v":"Slett"},{"$i":"mp","$v":"MP"},{"$i":"camera-resolution","$v":"Kameraoppløsning"},{"$i":"camera-resolution-header","$v":[{"t":"idOrVar","v":"camera-resolution"}]},{"$i":"video-resolution","$v":"Videooppløsning"},{"$i":"video-resolution-header","$v":[{"t":"idOrVar","v":"video-resolution"}]},{"$i":"scene-mode","$v":"Scenemodus"},{"$i":"scene-mode-header","$v":[{"t":"idOrVar","v":"scene-mode"}]},{"$i":"self-timer","$v":"Selvutløser"},{"$i":"self-timer-header","$v":[{"t":"idOrVar","v":"self-timer"}]},{"$i":"self-timer-off","$v":"Av"},{"$i":"self-timer-3-seconds","$v":"3 sekunder"},{"$i":"self-timer-5-seconds","$v":"5 sekunder"},{"$i":"self-timer-10-seconds","$v":"10 sekunder"},{"$i":"battery-shutdown-title","$v":"Lavt batteri"},{"$i":"battery-shutdown-text","$v":"Batterinivået er for lavt til å bruke kameraet."},{"$i":"battery-critical-text","$v":"Kritisk lavt batteri"},{"$i":"battery-verylow-text","$v":"10% batteri gjenstående"},{"$i":"battery-low-text","$v":"15% batteri gjenstående"},{"$i":"camera-unavailable-title","$v":"Kamera utilgjengelig"},{"$i":"camera-unavailable-text","$v":"Kamera brukes av annen app."},{"$i":"hdr","$v":"HDR"},{"$i":"hdr-header","$v":[{"t":"idOrVar","v":"hdr"}]},{"$i":"hdr-on","$v":"På"},{"$i":"hdr-off","$v":"Av"},{"$i":"hdr-deactivated","$v":"(HDR deaktivert)"},{"$i":"grid","$v":"Rutenett"},{"$i":"grid-header","$v":[{"t":"idOrVar","v":"grid"}]},{"$i":"grid-on","$v":"På"},{"$i":"grid-off","$v":"Av"},{"$i":"flash","$v":"Blits"},{"$i":"flash-on","$v":"På"},{"$i":"flash-off","$v":"Av"},{"$i":"flash-auto","$v":"Auto"},{"$i":"flash-deactivated","$v":"(Blits deaktivert)"},{"$i":"Photo-Mode","$v":"Bildemodus"},{"$i":"Video-Mode","$v":"Video-modus"},{"$i":"options","$v":"Valg"},{"$i":"open-gallery","$v":"Åpne galleri"},{"$i":"preview","$v":"Forhåndsvis"},{"$i":"gallery","$v":"Galleri"},{"$i":"gallery-option","$v":"Gå til Galleri"},{"$i":"video","$v":"Video"},{"$i":"video-option","$v":"Gå til Video"},{"$i":"switch-modes","$v":"Moduser"},{"$i":"photo-mode","$v":"Bildemodus"},{"$i":"video-mode","$v":"Video-modus"},{"$i":"switch-resolution","$v":"Oppløsning"},{"$i":"low-resolution","$v":"Lav"},{"$i":"medium-resolution","$v":"Middels"},{"$i":"standard-resolution","$v":"Standard"},{"$i":"high-resolution","$v":"Høy"},{"$i":"set-resolution-to","$v":"Oppløsning satt til"},{"$i":"insert-sdcard-title","$v":"Sett inn SD-kort"},{"$i":"insert-sdcard-text","$v":"Du kan sette inn et SD-kort for å utvide lagring av media."},{"$i":"pause","$v":"Pause"},{"$i":"close-menu-button","ariaLabel":"Lukk meny"},{"$i":"back-button","ariaLabel":"Tilbake"},{"$i":"setting-option","ariaLabel":[{"t":"idOrVar","v":"value"}]},{"$i":"setting-option-hdr","ariaLabel":["HDR ",{"t":"idOrVar","v":"value"}]},{"$i":"setting-option-self-timer","ariaLabel":["Selvutløser ",{"t":"idOrVar","v":"value"}]},{"$i":"setting-option-grid","ariaLabel":["Rutenett ",{"t":"idOrVar","v":"value"}]},{"$i":"setting-option-scene-mode","ariaLabel":["Scenemodus ",{"t":"idOrVar","v":"value"}]},{"$i":"setting-option-camera-resolution","ariaLabel":["Kameraoppløsning ",{"t":"idOrVar","v":"value"}]},{"$i":"setting-option-video-resolution","ariaLabel":["Videooppløsning ",{"t":"idOrVar","v":"value"}]},{"$i":"flash-on-button","ariaLabel":"Blits på"},{"$i":"flash-off-button","ariaLabel":"Blits av"},{"$i":"flash-auto-button","ariaLabel":"Automatisk blits"},{"$i":"switch-camera","$v":"Kameravalg"},{"$i":"toggle-camera-front-button","$v":"Fremre kamera","ariaLabel":"Fremre kamera"},{"$i":"toggle-camera-rear-button","$v":"Kamera bak","ariaLabel":"Kamera bak"},{"$i":"menu-button","ariaLabel":"Meny"},{"$i":"preview-button","ariaLabel":"Forhåndsvis"},{"$i":"controls-button-close","ariaLabel":"Lukk"},{"$i":"share-button","ariaLabel":"Del"},{"$i":"more-button","ariaLabel":"Mer"},{"$i":"media-frame","ariaLabel":["Ramme ",{"t":"idOrVar","v":"current"}," av ",{"t":"idOrVar","v":"total"}],"ariaMozHint":"Skyv til venstre med to fingre for å hoppe til neste, eller stryk til høyre for å hoppe til forrige"},{"$i":"zoom","$v":"Zoom"},{"$i":"zoom-in","$v":"Zoom inn"},{"$i":"zoom-out","$v":"Zoom ut"},{"$i":"volume","$v":"Volum"},{"$i":"share","$v":"Del"},{"$i":"set-as-wallpaper","$v":"Angi som bakgrunn"},{"$i":"set","$v":"Angi"},{"$i":"wallpaper-set","$v":"Bakgrunn angitt."},{"$i":"photo-deleted","$v":"Foto slettet."},{"$i":"ftu-info","$v":"Trykk tastene HØYRE og VENSTRE for å veksle mellom bilde- og video-moduser."},{"$i":"fullscreen","$v":"Fullskjerm"},{"$i":"video-deleted","$v":"Video slettet."},{"$i":"welcome","$v":"Velkommen til kamera"},{"$i":"ok","$v":"Ok"},{"$i":"settings","$v":"Innstillinger"},{"$i":"selected","$v":"selected"},{"$i":"unselected","$v":"ikke valgt"},{"$i":"camera-disabled","$v":"Denne handlingen er deaktivert. Kontakt organisasjonsadministratoren for å finne ut mer."},{"$i":"action-not-allowed","$v":"Handling ikke tillatt"}]