[{"$i":"nospace1-title","$v":"एस.डि कार्ड पूरा छ"},{"$i":"nospace1-text","$v":"स्थान खाली गर्न एस.डि कार्डमा रहेका फाइलहरूलाई मेटाउनुहोस्।"},{"$i":"nospace2-title","$v":"फोन भण्डारण भरिएको छ"},{"$i":"nospace2-text","$v":"स्थान खाली गर्न मिडिया फाइल वा आवेदन मितिलाई मेटाउनुहोस्। तपाईंले मिडिया भण्डारणलाई विस्तार गर्न एस.डि कार्डलाई घुसाउन सक्नुहुन्छ ।"},{"$i":"confirmation","$v":"पुष्टिकरण"},{"$i":"error-saving-title","$v":"तस्विर वचत गरिएको छैन"},{"$i":"error-saving-text","$v":"तस्विर बचत गरे देखि क्यामेराको त्रुटिको रोकियो"},{"$i":"error-recording-title","$v":"भिडियो रेकर्ड भएन"},{"$i":"error-recording-text","$v":"भिडियो रेकर्डिङ गरे देखि क्यामेराको त्रुटिको रोकियो।"},{"$i":"error-video-file-path-title","$v":"भिडियो रेकर्ड भएन"},{"$i":"error-video-file-path-text","$v":"भिडियो फाइल मार्ग सिर्जना गर्दा त्रुटि आयो।"},{"$i":"nocard2-title","$v":"कुनै मेमोरी कार्ड भेट्टाइएन"},{"$i":"nocard3-text","$v":"फोटो वा भिडियोहरू खिच्न एस.डि. कार्ड घुसाउनुहोस्।"},{"$i":"pluggedin2-title","$v":"फोन प्लगइन भएको बेला क्यामेराको प्रयोग नगर्नुहोला"},{"$i":"pluggedin2-text","$v":"भण्डार अहिले प्रयोगमा छ। कृपया फोनबाट तस्वीरहरू लिन अनप्लग गर्नुहोस्।"},{"$i":"storage-size-limit-reached","$v":"तपाईंको मिडिया भण्डारण खाली ठाउँ सकिएको छ।"},{"$i":"activity-size-limit-reached","$v":"तपाईं यो संलग्नको अधिकतम फाइल आकार सीमामा पुग्नुभएको छ।"},{"$i":"camera","$v":"क्यामेरा"},{"$i":"retake","$v":"पुनः लिनुहोस्"},{"$i":"done","$v":"भयो"},{"$i":"select","$v":"चयन गर्नुहोस्"},{"$i":"close","$v":"बन्द गर्नुहोस्"},{"$i":"delete-photo?","$v":"फोटो मेटाउनुहोस् ?"},{"$i":"delete-video?","$v":"भिडियो मेटाउनुहोस् ?"},{"$i":"cancel","$v":"रद्द गर्नुहोस्"},{"$i":"delete","$v":"मेट्नुहोस्"},{"$i":"mp","$v":"MP"},{"$i":"camera-resolution","$v":"क्यामेरा पूर्नसमाधान गर्नुहोस्"},{"$i":"camera-resolution-header","$v":[{"t":"idOrVar","v":"camera-resolution"}]},{"$i":"video-resolution","$v":"भिडियो रिज्योल्यूसन"},{"$i":"video-resolution-header","$v":[{"t":"idOrVar","v":"video-resolution"}]},{"$i":"scene-mode","$v":"दृश्य मोड"},{"$i":"scene-mode-header","$v":[{"t":"idOrVar","v":"scene-mode"}]},{"$i":"self-timer","$v":"स्वयम् टाइमर"},{"$i":"self-timer-header","$v":[{"t":"idOrVar","v":"self-timer"}]},{"$i":"self-timer-off","$v":"निष्क्रिय"},{"$i":"self-timer-3-seconds","$v":"3 सेकेण्ड"},{"$i":"self-timer-5-seconds","$v":"५ सेकेन्ड"},{"$i":"self-timer-10-seconds","$v":"10 सेकेण्ड"},{"$i":"battery-shutdown-title","$v":"कम ब्याट्री छ"},{"$i":"battery-shutdown-text","$v":"ब्याट्रीको स्तर क्यामेरा प्रयोग गर्न अति कम छ।"},{"$i":"battery-critical-text","$v":"नाजुक रूपमा ब्याट्री तल्लो स्थिमा"},{"$i":"battery-verylow-text","$v":"10% ब्याट्री बाँकी रहेको छ"},{"$i":"battery-low-text","$v":"15% ब्याट्री बाँकी रहेको छ"},{"$i":"camera-unavailable-title","$v":"क्यामेरा उपलब्ध छैन्"},{"$i":"camera-unavailable-text","$v":"क्यामेरालाई अर्को एप्लिकेसन मार्फत प्रयोग गरिएको छ।"},{"$i":"hdr","$v":"HDR"},{"$i":"hdr-header","$v":[{"t":"idOrVar","v":"hdr"}]},{"$i":"hdr-on","$v":"खुला"},{"$i":"hdr-off","$v":"निष्क्रिय"},{"$i":"hdr-deactivated","$v":"(HDR निष्क्रिय गरियो)"},{"$i":"grid","$v":"ग्रिड"},{"$i":"grid-header","$v":[{"t":"idOrVar","v":"grid"}]},{"$i":"grid-on","$v":"खुला"},{"$i":"grid-off","$v":"निष्क्रिय"},{"$i":"flash","$v":"फ्ल्यास"},{"$i":"flash-on","$v":"खुला"},{"$i":"flash-off","$v":"निष्क्रिय"},{"$i":"flash-auto","$v":"स्वत:"},{"$i":"flash-deactivated","$v":"(फ्ल्यास निष्क्रिय गरियो)"},{"$i":"Photo-Mode","$v":"फोटो मोड"},{"$i":"Video-Mode","$v":"भिडियो मोड"},{"$i":"options","$v":"विकल्पहरू"},{"$i":"open-gallery","$v":"ग्यालरी खोल्नुहोस्"},{"$i":"preview","$v":"पूर्वावलोकन"},{"$i":"gallery","$v":"ग्यालरी"},{"$i":"gallery-option","$v":"ग्यालरीमाजानुहोस्"},{"$i":"video","$v":"भिडियो"},{"$i":"video-option","$v":"भिडियोमाजानुहोस्"},{"$i":"switch-modes","$v":"मोडहरू"},{"$i":"photo-mode","$v":"फोटो मोड"},{"$i":"video-mode","$v":"भिडियो मोड"},{"$i":"switch-resolution","$v":"रिजोल्यूसन"},{"$i":"low-resolution","$v":"निम्न"},{"$i":"medium-resolution","$v":"माध्यम"},{"$i":"standard-resolution","$v":"मापदण्ड"},{"$i":"high-resolution","$v":"उच्च"},{"$i":"set-resolution-to","$v":"पुन: समाधान सेट भयो"},{"$i":"insert-sdcard-title","$v":"एस.डि कार्ड घुसाउनुहोस्।"},{"$i":"insert-sdcard-text","$v":"तपाईंले मिडिया भण्डारणलाई विस्तार गर्न एस.डि कार्ड घुसाउन सक्नुहुन्छ।"},{"$i":"pause","$v":"पज गर्नुहोस्"},{"$i":"close-menu-button","ariaLabel":"मेनु बन्द गर्नुहोस्"},{"$i":"back-button","ariaLabel":"पछाडि"},{"$i":"setting-option","ariaLabel":[{"t":"idOrVar","v":"value"}]},{"$i":"setting-option-hdr","ariaLabel":["HDR ",{"t":"idOrVar","v":"value"}]},{"$i":"setting-option-self-timer","ariaLabel":["स्वयम्-टाइमर ",{"t":"idOrVar","v":"value"}]},{"$i":"setting-option-grid","ariaLabel":["ग्रिड",{"t":"idOrVar","v":"value"}]},{"$i":"setting-option-scene-mode","ariaLabel":["दृश्य मोड ",{"t":"idOrVar","v":"value"}]},{"$i":"setting-option-camera-resolution","ariaLabel":["क्यामेराको ",{"t":"idOrVar","v":"value"}," पूर्नसमाधान गर्नुहोस्"]},{"$i":"setting-option-video-resolution","ariaLabel":["भिडियो रिजोल्यूसन ",{"t":"idOrVar","v":"value"}]},{"$i":"flash-on-button","ariaLabel":"फ्ल्यास खुला"},{"$i":"flash-off-button","ariaLabel":"फ्ल्यास बन्द"},{"$i":"flash-auto-button","ariaLabel":"स्वचालित फ्ल्यास"},{"$i":"switch-camera","$v":"क्यामेरा चयन"},{"$i":"toggle-camera-front-button","$v":"अगाडि","ariaLabel":"अगाडि"},{"$i":"toggle-camera-rear-button","$v":"पछाडीको","ariaLabel":"पछाडीको"},{"$i":"menu-button","ariaLabel":"मेनु"},{"$i":"preview-button","ariaLabel":"पूर्वावलोकन"},{"$i":"controls-button-close","ariaLabel":"बन्द गर्नुहोस्"},{"$i":"share-button","ariaLabel":"साझेदारी"},{"$i":"more-button","ariaLabel":"बढी"},{"$i":"media-frame","ariaLabel":["फ्रेम ",{"t":"idOrVar","v":"current"}," को ",{"t":"idOrVar","v":"total"}],"ariaMozHint":"अर्कोमा कुद्नलाई 2 वटा औंलासँग बायाँ तर्फ स्वाइप गर्नुहोस् वा अघिल्लोमा कुद्नलाई दायाँ तिर स्वाइप गर्नुहोस्"},{"$i":"zoom","$v":"जुम"},{"$i":"zoom-in","$v":"जुम इन"},{"$i":"zoom-out","$v":"जुम आउट"},{"$i":"volume","$v":"मात्रा"},{"$i":"share","$v":"साझेदारी"},{"$i":"set-as-wallpaper","$v":"भित्तेकागजको रुपमा सेट गर्नुहोस्"},{"$i":"set","$v":"सेट गर्नुहोस्"},{"$i":"wallpaper-set","$v":"वालपेपर सेट गर्नुहोस्।"},{"$i":"photo-deleted","$v":"फोटो मेाटइयो"},{"$i":"ftu-info","$v":"फोटो र भिडियो मोडहरूको बीचमा स्विच कुञ्जीलाई बायाँ र दायाँ थिच्नुहोस्।"},{"$i":"fullscreen","$v":"पूर्ण स्क्रिन"},{"$i":"video-deleted","$v":"भिडियोलाई मेटाइयो"},{"$i":"welcome","$v":"क्यामेरामा स्वागत छ"},{"$i":"ok","$v":"ठीक छ"},{"$i":"settings","$v":"सेटिङ्हरू"},{"$i":"selected","$v":"चयन गरियो"},{"$i":"unselected","$v":"चयन रद्द गरियो"},{"$i":"camera-disabled","$v":"यो कार्य निस्क्रिय गरिएको छ। थप पत्ता लगाउन, तपाईंको संस्थाको प्रशासनमा सम्पर्क गर्नुहोस्।"},{"$i":"action-not-allowed","$v":"कार्य अनुमति छैन"}]