[{"$i":"nospace1-title","$v":"SD-kaart vol"},{"$i":"nospace1-text","$v":"Verwijder bestanden van de SD-kaart om geheugen vrij te maken."},{"$i":"nospace2-title","$v":"Telefoonopslag vol"},{"$i":"nospace2-text","$v":"Verwijder mediabestanden of app-gegevens om geheugen vrij te maken. U kunt ook een SD-kaart plaatsen om de media-opslag uit te breiden."},{"$i":"confirmation","$v":"Bevestiging"},{"$i":"error-saving-title","$v":"Foto niet opgeslagen"},{"$i":"error-saving-text","$v":"Vanwege een fout kan de camera de foto niet opslaan."},{"$i":"error-recording-title","$v":"Video niet opgenomen"},{"$i":"error-recording-text","$v":"Vanwege een fout kan de camera de video niet opnemen."},{"$i":"error-video-file-path-title","$v":"Video niet opgenomen"},{"$i":"error-video-file-path-text","$v":"Fout bij het maken van videobestandspad."},{"$i":"nocard2-title","$v":"Geen geheugenkaart gevonden"},{"$i":"nocard3-text","$v":"Plaats SD-kaart om foto's of video's te maken."},{"$i":"pluggedin2-title","$v":"Camera kan niet worden gebruikt als de telefoon is aangesloten"},{"$i":"pluggedin2-text","$v":"Opslag is op dit moment in gebruik. Koppel de telefoon los om foto's te kunnen maken."},{"$i":"storage-size-limit-reached","$v":"U hebt geen opslagruimte voor media meer."},{"$i":"activity-size-limit-reached","$v":"U hebt de maximale bestandsgrootte voor deze bijlage bereikt."},{"$i":"camera","$v":"Camera"},{"$i":"retake","$v":"Opnieuw maken"},{"$i":"done","$v":"Gereed"},{"$i":"select","$v":"Selecteer"},{"$i":"close","$v":"Sluiten"},{"$i":"delete-photo?","$v":"Foto verwijderen?"},{"$i":"delete-video?","$v":"Video verwijderen?"},{"$i":"cancel","$v":"Annuleren"},{"$i":"delete","$v":"Verwijderen"},{"$i":"mp","$v":"MP"},{"$i":"camera-resolution","$v":"Cameraresolutie"},{"$i":"camera-resolution-header","$v":[{"t":"idOrVar","v":"camera-resolution"}]},{"$i":"video-resolution","$v":"Videoresolutie"},{"$i":"video-resolution-header","$v":[{"t":"idOrVar","v":"video-resolution"}]},{"$i":"scene-mode","$v":"Scènestand"},{"$i":"scene-mode-header","$v":[{"t":"idOrVar","v":"scene-mode"}]},{"$i":"self-timer","$v":"Zelfontspanner"},{"$i":"self-timer-header","$v":[{"t":"idOrVar","v":"self-timer"}]},{"$i":"self-timer-off","$v":"Uit"},{"$i":"self-timer-3-seconds","$v":"3 seconden"},{"$i":"self-timer-5-seconds","$v":"5 seconden"},{"$i":"self-timer-10-seconds","$v":"10 seconden"},{"$i":"battery-shutdown-title","$v":"Batterij bijna leeg"},{"$i":"battery-shutdown-text","$v":"Het batterijniveau is te laag om de camera te gebruiken."},{"$i":"battery-critical-text","$v":"Batterij bijna leeg"},{"$i":"battery-verylow-text","$v":"10% batterij resterend"},{"$i":"battery-low-text","$v":"15% batterij resterend"},{"$i":"camera-unavailable-title","$v":"Camera niet beschikbaar"},{"$i":"camera-unavailable-text","$v":"Camera wordt gebruikt door een andere app."},{"$i":"hdr","$v":"HDR"},{"$i":"hdr-header","$v":[{"t":"idOrVar","v":"hdr"}]},{"$i":"hdr-on","$v":"Aan"},{"$i":"hdr-off","$v":"Uit"},{"$i":"hdr-deactivated","$v":"(HDR gedeactiveerd)"},{"$i":"grid","$v":"Raster"},{"$i":"grid-header","$v":[{"t":"idOrVar","v":"grid"}]},{"$i":"grid-on","$v":"Aan"},{"$i":"grid-off","$v":"Uit"},{"$i":"flash","$v":"Flits"},{"$i":"flash-on","$v":"Aan"},{"$i":"flash-off","$v":"Uit"},{"$i":"flash-auto","$v":"Automatisch"},{"$i":"flash-deactivated","$v":"(Flits gedeactiveerd)"},{"$i":"Photo-Mode","$v":"Fotomodus"},{"$i":"Video-Mode","$v":"Videomodus"},{"$i":"options","$v":"Opties"},{"$i":"open-gallery","$v":"Galerij openen"},{"$i":"preview","$v":"Voorbeeld"},{"$i":"gallery","$v":"Galerij"},{"$i":"gallery-option","$v":"Ga naar galerij"},{"$i":"video","$v":"Video"},{"$i":"video-option","$v":"Ga naar video"},{"$i":"switch-modes","$v":"Modi"},{"$i":"photo-mode","$v":"Fotomodus"},{"$i":"video-mode","$v":"Videomodus"},{"$i":"switch-resolution","$v":"Resolutie"},{"$i":"low-resolution","$v":"Laag"},{"$i":"medium-resolution","$v":"Gemiddeld"},{"$i":"standard-resolution","$v":"Standaard"},{"$i":"high-resolution","$v":"Hoog"},{"$i":"set-resolution-to","$v":"Resolutie ingesteld op"},{"$i":"insert-sdcard-title","$v":"SD-kaart plaatsen"},{"$i":"insert-sdcard-text","$v":"U kunt een SD-kaart plaatsen om de media-opslag uit te breiden."},{"$i":"pause","$v":"Pauzeren"},{"$i":"close-menu-button","ariaLabel":"Menu sluiten"},{"$i":"back-button","ariaLabel":"Terug"},{"$i":"setting-option","ariaLabel":[{"t":"idOrVar","v":"value"}]},{"$i":"setting-option-hdr","ariaLabel":["HDR ",{"t":"idOrVar","v":"value"}]},{"$i":"setting-option-self-timer","ariaLabel":["Zelfontspanner ",{"t":"idOrVar","v":"value"}]},{"$i":"setting-option-grid","ariaLabel":["Raster ",{"t":"idOrVar","v":"value"}]},{"$i":"setting-option-scene-mode","ariaLabel":["Scènestand ",{"t":"idOrVar","v":"value"}]},{"$i":"setting-option-camera-resolution","ariaLabel":["Cameraresolutie ",{"t":"idOrVar","v":"value"}]},{"$i":"setting-option-video-resolution","ariaLabel":["Videoresolutie ",{"t":"idOrVar","v":"value"}]},{"$i":"flash-on-button","ariaLabel":"Flits aan"},{"$i":"flash-off-button","ariaLabel":"Flits uit"},{"$i":"flash-auto-button","ariaLabel":"Automatische flits"},{"$i":"switch-camera","$v":"Cameraselectie"},{"$i":"toggle-camera-front-button","$v":"Voorzijde","ariaLabel":"Voorzijde"},{"$i":"toggle-camera-rear-button","$v":"Achterzijde","ariaLabel":"Achterzijde"},{"$i":"menu-button","ariaLabel":"Menu"},{"$i":"preview-button","ariaLabel":"Voorbeeld"},{"$i":"controls-button-close","ariaLabel":"Sluiten"},{"$i":"share-button","ariaLabel":"Delen"},{"$i":"more-button","ariaLabel":"Meer"},{"$i":"media-frame","ariaLabel":["Frame ",{"t":"idOrVar","v":"current"}," van ",{"t":"idOrVar","v":"total"}],"ariaMozHint":"Veeg met twee vingers naar links om naar de volgende te gaan, of veeg naar rechts om naar de vorige te gaan"},{"$i":"zoom","$v":"In-/uitzoomen"},{"$i":"zoom-in","$v":"Inzoomen"},{"$i":"zoom-out","$v":"Uitzoomen"},{"$i":"volume","$v":"Volume"},{"$i":"share","$v":"Delen"},{"$i":"set-as-wallpaper","$v":"Instellen als achtergrond"},{"$i":"set","$v":"Instellen"},{"$i":"wallpaper-set","$v":"Achtergrond ingesteld."},{"$i":"photo-deleted","$v":"Foto verwijderd"},{"$i":"ftu-info","$v":"Druk op de knop LINKS en RECHTS om te schakelen tussen de Foto- en Videomodus."},{"$i":"fullscreen","$v":"Volledig scherm"},{"$i":"video-deleted","$v":"Video verwijderd"},{"$i":"welcome","$v":"Welkom bij Camera"},{"$i":"ok","$v":"OK"},{"$i":"settings","$v":"Instellingen"},{"$i":"selected","$v":"geselecteerd"},{"$i":"unselected","$v":"niet geselecteerd"},{"$i":"camera-disabled","$v":"Deze actie is uitgeschakeld. Voor meer informatie kunt u contact opnemen met de beheerder van uw organisatie."},{"$i":"action-not-allowed","$v":"Actie niet toegestaan"}]