[{"$i":"nospace1-title","$v":"‏SD‏ کارډ ډک دي"},{"$i":"nospace1-text","$v":"په SD کارډ کې فایلونه پاک کړئ تر څو ځای خالي کړئ."},{"$i":"nospace2-title","$v":"فون ذخیره ډکه ده"},{"$i":"nospace2-text","$v":"میډیا فایلونه یا اپلیکېشن ډېټا پاکه کړئ تر څو خالي ځای ترلاسه کړئ. تاسو همدا راز کولی شئ د میډیا ذخیرې د پراخولو لپاره SD کارډ د ننه کړئ."},{"$i":"confirmation","$v":"تصدیق"},{"$i":"error-saving-title","$v":"انځور ثبت نشو"},{"$i":"error-saving-text","$v":"یوې تیروتنې د انځور د ثبتولو څخه دکامرې مخنوی وکړ."},{"$i":"error-recording-title","$v":"ویډیو ثبت نشوه"},{"$i":"error-recording-text","$v":"یوې تیروتنې د ویډیو د ثبتولو څخه دکامرې مخنوی وکړ."},{"$i":"error-video-file-path-title","$v":"ویډیو ثبت نشوه"},{"$i":"error-video-file-path-text","$v":"د خطا د ویډیو جوړولو د فایل مسیر"},{"$i":"nocard2-title","$v":"میموري کارډ پیدا نشو"},{"$i":"nocard3-text","$v":"د عکسونو یا ویډیوګانو اخیستو لپاره SD کارت دننه کړئ."},{"$i":"pluggedin2-title","$v":"د چارج په حالت کې کارمره نه شي استعمالیدی"},{"$i":"pluggedin2-text","$v":"ذخیره اوس مهال مصروفه ده. مهرباني وکړئ د انځور د اخیستلو لپاره ټیلیفون د جارچ څخه وباسئ."},{"$i":"storage-size-limit-reached","$v":"ستاسو سره د میډیا د ذخیرې ځای خلاص دی."},{"$i":"activity-size-limit-reached","$v":"تاسو د ضمیمه فایل د اندازې نهایي حد ته ورسیدئ."},{"$i":"camera","$v":"کامره"},{"$i":"retake","$v":"بیا اخیستل"},{"$i":"done","$v":"وشو"},{"$i":"select","$v":"انتخاب کړئ"},{"$i":"close","$v":"بندول"},{"$i":"delete-photo?","$v":"انځور لرې کړي؟"},{"$i":"delete-video?","$v":"ویډیو لرې کړي؟"},{"$i":"cancel","$v":"کول"},{"$i":"delete","$v":"لرې کول"},{"$i":"mp","$v":"MP"},{"$i":"camera-resolution","$v":"د کامرې ظرفیت"},{"$i":"camera-resolution-header","$v":[{"t":"idOrVar","v":"camera-resolution"}]},{"$i":"video-resolution","$v":"د ویډیو ریزولوشن"},{"$i":"video-resolution-header","$v":[{"t":"idOrVar","v":"video-resolution"}]},{"$i":"scene-mode","$v":"د منظرې حالت"},{"$i":"scene-mode-header","$v":[{"t":"idOrVar","v":"scene-mode"}]},{"$i":"self-timer","$v":"پخپله-وخت ښودونکی"},{"$i":"self-timer-header","$v":[{"t":"idOrVar","v":"self-timer"}]},{"$i":"self-timer-off","$v":"خاموش"},{"$i":"self-timer-3-seconds","$v":"3 ثانیی"},{"$i":"self-timer-5-seconds","$v":"5 ثانیی"},{"$i":"self-timer-10-seconds","$v":"10 ثانیی"},{"$i":"battery-shutdown-title","$v":"چارج کم دی"},{"$i":"battery-shutdown-text","$v":"د بطرۍ اندازه د کامرې د کارولو لپاره ډیره ټیټه ده."},{"$i":"battery-critical-text","$v":"چارج ډیر کم دی"},{"$i":"battery-verylow-text","$v":"10% چارج پاتی"},{"$i":"battery-low-text","$v":"15% چارج پاتی"},{"$i":"camera-unavailable-title","$v":"کامره نشته"},{"$i":"camera-unavailable-text","$v":"کامره د بل اپلیکیشن پوسیله کارول کیږي."},{"$i":"hdr","$v":"HDR"},{"$i":"hdr-header","$v":[{"t":"idOrVar","v":"hdr"}]},{"$i":"hdr-on","$v":"آن"},{"$i":"hdr-off","$v":"خاموش"},{"$i":"hdr-deactivated","$v":"(HRD فعال شو)"},{"$i":"grid","$v":"د چارخانې لیکې"},{"$i":"grid-header","$v":[{"t":"idOrVar","v":"grid"}]},{"$i":"grid-on","$v":"آن"},{"$i":"grid-off","$v":"خاموش"},{"$i":"flash","$v":"فلش"},{"$i":"flash-on","$v":"آن"},{"$i":"flash-off","$v":"خاموش"},{"$i":"flash-auto","$v":"اتومات"},{"$i":"flash-deactivated","$v":"(فلش غیر فعال شو)"},{"$i":"Photo-Mode","$v":"د انځور حالت"},{"$i":"Video-Mode","$v":"ویډیو حالت"},{"$i":"options","$v":"غوراوي"},{"$i":"open-gallery","$v":"ګالري خلاصه کړئ"},{"$i":"preview","$v":"ښودنه"},{"$i":"gallery","$v":"ګیلري"},{"$i":"gallery-option","$v":"ګیلرۍ ته لاړ شئ"},{"$i":"video","$v":"ویډیو"},{"$i":"video-option","$v":"ویډیو ته لاړ شئ"},{"$i":"switch-modes","$v":"حالتونه"},{"$i":"photo-mode","$v":"د انځور حالت"},{"$i":"video-mode","$v":"ویډیو حالت"},{"$i":"switch-resolution","$v":"تتوالی"},{"$i":"low-resolution","$v":"کم"},{"$i":"medium-resolution","$v":"منځنی"},{"$i":"standard-resolution","$v":"معیار"},{"$i":"high-resolution","$v":"اوچت"},{"$i":"set-resolution-to","$v":"تتوالی وټاکل شو"},{"$i":"insert-sdcard-title","$v":"SD کارت دننه کړئ"},{"$i":"insert-sdcard-text","$v":"تاسو کولی شئ د میډیا ذخیره پراخولو لپاره SD کارت دننه کړئ."},{"$i":"pause","$v":"توقف"},{"$i":"close-menu-button","ariaLabel":"مینو بنده کړئ"},{"$i":"back-button","ariaLabel":"شاته"},{"$i":"setting-option","ariaLabel":[{"t":"idOrVar","v":"value"}]},{"$i":"setting-option-hdr","ariaLabel":["HDR ",{"t":"idOrVar","v":"value"}]},{"$i":"setting-option-self-timer","ariaLabel":[{"t":"idOrVar","v":"value"}," پخپله-وخت ښودونکی"]},{"$i":"setting-option-grid","ariaLabel":["د چارخانې لیکې ",{"t":"idOrVar","v":"value"}]},{"$i":"setting-option-scene-mode","ariaLabel":["د منظرې حالت ",{"t":"idOrVar","v":"value"}]},{"$i":"setting-option-camera-resolution","ariaLabel":["د کامرې ظرفیت",{"t":"idOrVar","v":"value"}]},{"$i":"setting-option-video-resolution","ariaLabel":["د ویډیو ریزولوشن ",{"t":"idOrVar","v":"value"}]},{"$i":"flash-on-button","ariaLabel":"فلش آن"},{"$i":"flash-off-button","ariaLabel":"فلش آف"},{"$i":"flash-auto-button","ariaLabel":"خپل کاره فلش"},{"$i":"switch-camera","$v":"د کمرې انتخاب"},{"$i":"toggle-camera-front-button","$v":"مخکنۍ کامره","ariaLabel":"مخکنۍ کامره"},{"$i":"toggle-camera-rear-button","$v":"وروستنۍ کامره","ariaLabel":"وروستنۍ کامره"},{"$i":"menu-button","ariaLabel":"مینو"},{"$i":"preview-button","ariaLabel":"ښودنه"},{"$i":"controls-button-close","ariaLabel":"بندول"},{"$i":"share-button","ariaLabel":"شریک کړئ"},{"$i":"more-button","ariaLabel":"نور"},{"$i":"media-frame","ariaLabel":["د ",{"t":"idOrVar","v":"current"}," څخه ",{"t":"idOrVar","v":"total"}," چوکاټ"],"ariaMozHint":"په 2 ګوتو چپ سویپ وکړئ، راتلونکې ته د تلو لپاره او مخکې ته د تلو لپاره ښي سویپ وکړئ."},{"$i":"zoom","$v":"زوم کول"},{"$i":"zoom-in","$v":"غټ کړئ"},{"$i":"zoom-out","$v":"کوچنی کړئ"},{"$i":"volume","$v":"والیوم"},{"$i":"share","$v":"شریک کړئ"},{"$i":"set-as-wallpaper","$v":"د والپیپر په ډول وټاکئ"},{"$i":"set","$v":"انتخاب کړئ"},{"$i":"wallpaper-set","$v":"وال پیپر وټاکل شو."},{"$i":"photo-deleted","$v":"عکس ړنګ شو."},{"$i":"ftu-info","$v":"د ویډیو او انځور د حالت تر منځ د بدلیدو لپاره ښي او چپ کلي زور کړئ."},{"$i":"fullscreen","$v":"مکمل سکرین"},{"$i":"video-deleted","$v":"ویډیو حذف شوې."},{"$i":"welcome","$v":"کامرې ته ښه راغلاست"},{"$i":"ok","$v":"اوکی"},{"$i":"settings","$v":"تنظیمات"},{"$i":"selected","$v":"selected"},{"$i":"unselected","$v":"نه ټاکل شوی"},{"$i":"camera-disabled","$v":"دا عمل ناتوان شوی. د نورو معلوماتو موندلو لپاره ، د خپل سازمان اداري سره اړیکه ونیسئ."},{"$i":"action-not-allowed","$v":"عمل ته اجازه نشته"}]