[{"$i":"nospace1-title","$v":"Cartão SD cheio"},{"$i":"nospace1-text","$v":"Exclua arquivos no cartão SD para liberar espaço."},{"$i":"nospace2-title","$v":"Armazenamento do telefone cheio"},{"$i":"nospace2-text","$v":"Exclua arquivos de mídia ou dados de aplicativo para liberar espaço. Você também pode inserir um cartão SD para expandir o armazenamento de mídia."},{"$i":"confirmation","$v":"Confirmação"},{"$i":"error-saving-title","$v":"Imagem não salva"},{"$i":"error-saving-text","$v":"Um erro impediu a câmera de salvar a imagem."},{"$i":"error-recording-title","$v":"Vídeo não gravado"},{"$i":"error-recording-text","$v":"Um erro impediu a câmera de gravar o vídeo."},{"$i":"error-video-file-path-title","$v":"Vídeo não gravado"},{"$i":"error-video-file-path-text","$v":"Erro ao criar o caminho do arquivo de vídeo."},{"$i":"nocard2-title","$v":"Nenhum cartão de memória encontrado"},{"$i":"nocard3-text","$v":"Insira o cartão SD para tirar fotos ou gravar vídeos."},{"$i":"pluggedin2-title","$v":"A câmera não pode ser usada enquanto o telefone estiver conectado"},{"$i":"pluggedin2-text","$v":"O armazenamento está em uso. Desconecte o telefone para tirar fotos."},{"$i":"storage-size-limit-reached","$v":"Você ficou sem espaço de armazenamento de mídia."},{"$i":"activity-size-limit-reached","$v":"Você atingiu o tamanho máximo do arquivo para este anexo."},{"$i":"camera","$v":"Câmera"},{"$i":"retake","$v":"Tirar novamente"},{"$i":"done","$v":"Concluído"},{"$i":"select","$v":"Selecionar"},{"$i":"close","$v":"Fechar"},{"$i":"delete-photo?","$v":"Excluir foto?"},{"$i":"delete-video?","$v":"Excluir vídeo?"},{"$i":"cancel","$v":"Cancelar"},{"$i":"delete","$v":"Excluir"},{"$i":"mp","$v":"MP"},{"$i":"camera-resolution","$v":"Resolução da câmera"},{"$i":"camera-resolution-header","$v":[{"t":"idOrVar","v":"camera-resolution"}]},{"$i":"video-resolution","$v":"Resolução de vídeo"},{"$i":"video-resolution-header","$v":[{"t":"idOrVar","v":"video-resolution"}]},{"$i":"scene-mode","$v":"Modo de cena"},{"$i":"scene-mode-header","$v":[{"t":"idOrVar","v":"scene-mode"}]},{"$i":"self-timer","$v":"Temporizador automático"},{"$i":"self-timer-header","$v":[{"t":"idOrVar","v":"self-timer"}]},{"$i":"self-timer-off","$v":"Desativado"},{"$i":"self-timer-3-seconds","$v":"3 segundos"},{"$i":"self-timer-5-seconds","$v":"5 segundos"},{"$i":"self-timer-10-seconds","$v":"10 segundos"},{"$i":"battery-shutdown-title","$v":"Bateria fraca"},{"$i":"battery-shutdown-text","$v":"O nível da bateria está muito baixo para usar a câmera."},{"$i":"battery-critical-text","$v":"Bateria muito fraca"},{"$i":"battery-verylow-text","$v":"10% de bateria restantes"},{"$i":"battery-low-text","$v":"15% de bateria restantes"},{"$i":"camera-unavailable-title","$v":"Câmera não disponível"},{"$i":"camera-unavailable-text","$v":"A câmera está em uso por outro aplicativo."},{"$i":"hdr","$v":"HDR"},{"$i":"hdr-header","$v":[{"t":"idOrVar","v":"hdr"}]},{"$i":"hdr-on","$v":"Ativado"},{"$i":"hdr-off","$v":"Desativado"},{"$i":"hdr-deactivated","$v":"(HDR desativada)"},{"$i":"grid","$v":"Grelhha"},{"$i":"grid-header","$v":[{"t":"idOrVar","v":"grid"}]},{"$i":"grid-on","$v":"Ativado"},{"$i":"grid-off","$v":"Desativado"},{"$i":"flash","$v":"Flash"},{"$i":"flash-on","$v":"Ativado"},{"$i":"flash-off","$v":"Desativado"},{"$i":"flash-auto","$v":"Automático"},{"$i":"flash-deactivated","$v":"(Flash desativado)"},{"$i":"Photo-Mode","$v":"Modo de foto"},{"$i":"Video-Mode","$v":"Modo de vídeo"},{"$i":"options","$v":"Opções"},{"$i":"open-gallery","$v":"Abrir galeria"},{"$i":"preview","$v":"Visualização"},{"$i":"gallery","$v":"Galeria"},{"$i":"gallery-option","$v":"Ir para galeria"},{"$i":"video","$v":"Vídeo"},{"$i":"video-option","$v":"Ir para vídeo"},{"$i":"switch-modes","$v":"Modos"},{"$i":"photo-mode","$v":"Modo de foto"},{"$i":"video-mode","$v":"Modo de vídeo"},{"$i":"switch-resolution","$v":"Resolução"},{"$i":"low-resolution","$v":"Baixa"},{"$i":"medium-resolution","$v":"Média"},{"$i":"standard-resolution","$v":"Padrão"},{"$i":"high-resolution","$v":"Alta"},{"$i":"set-resolution-to","$v":"Resolução definida para"},{"$i":"insert-sdcard-title","$v":"Inserir cartão SD"},{"$i":"insert-sdcard-text","$v":"Você pode inserir um cartão SD para expandir o armazenamento de mídia."},{"$i":"pause","$v":"Pausar"},{"$i":"close-menu-button","ariaLabel":"Fechar menu"},{"$i":"back-button","ariaLabel":"Voltar"},{"$i":"setting-option","ariaLabel":[{"t":"idOrVar","v":"value"}]},{"$i":"setting-option-hdr","ariaLabel":["HDR ",{"t":"idOrVar","v":"value"}]},{"$i":"setting-option-self-timer","ariaLabel":["Temporizador automático ",{"t":"idOrVar","v":"value"}]},{"$i":"setting-option-grid","ariaLabel":["Grade ",{"t":"idOrVar","v":"value"}]},{"$i":"setting-option-scene-mode","ariaLabel":["Modo de cena ",{"t":"idOrVar","v":"value"}]},{"$i":"setting-option-camera-resolution","ariaLabel":["Resolução da câmera ",{"t":"idOrVar","v":"value"}]},{"$i":"setting-option-video-resolution","ariaLabel":["Resolução de vídeo ",{"t":"idOrVar","v":"value"}]},{"$i":"flash-on-button","ariaLabel":"Flash ativado"},{"$i":"flash-off-button","ariaLabel":"Flash desativado"},{"$i":"flash-auto-button","ariaLabel":"Flash automático"},{"$i":"switch-camera","$v":"Seleção de câmera"},{"$i":"toggle-camera-front-button","$v":"Frontal","ariaLabel":"Frontal"},{"$i":"toggle-camera-rear-button","$v":"Traseira","ariaLabel":"Traseira"},{"$i":"menu-button","ariaLabel":"Menu"},{"$i":"preview-button","ariaLabel":"Visualização"},{"$i":"controls-button-close","ariaLabel":"Fechar"},{"$i":"share-button","ariaLabel":"Compartilhar"},{"$i":"more-button","ariaLabel":"Mais"},{"$i":"media-frame","ariaLabel":["Quadro ",{"t":"idOrVar","v":"current"}," de ",{"t":"idOrVar","v":"total"}],"ariaMozHint":"Deslize para a esquerda com 2 dedos para ir para próxima ou deslize para a direita para ir para anterior"},{"$i":"zoom","$v":"Zoom"},{"$i":"zoom-in","$v":"Ampliar"},{"$i":"zoom-out","$v":"Reduzir"},{"$i":"volume","$v":"Volume"},{"$i":"share","$v":"Compartilhar"},{"$i":"set-as-wallpaper","$v":"Definir como papel de parede"},{"$i":"set","$v":"Definir"},{"$i":"wallpaper-set","$v":"Papel de parede definido."},{"$i":"photo-deleted","$v":"Foto excluída"},{"$i":"ftu-info","$v":"Pressione as teclas PARA A ESQUERDA e PARA A DIREITA para alternar entre os modos de Foto e Vídeo."},{"$i":"fullscreen","$v":"Tela cheia"},{"$i":"video-deleted","$v":"Vídeo excluído"},{"$i":"welcome","$v":"Bem-vindo à câmera"},{"$i":"ok","$v":"OK"},{"$i":"settings","$v":"Configurações"},{"$i":"selected","$v":"selecionado"},{"$i":"unselected","$v":"não selecionado"},{"$i":"camera-disabled","$v":"Esta ação está desativada. Para saber mais, entre em contato com o admin de sua organização."},{"$i":"action-not-allowed","$v":"Ação não autorizada"}]