[{"$i":"nospace1-title","$v":"Cartão SD cheio"},{"$i":"nospace1-text","$v":"Elimine ficheiros no cartão SD para libertar espaço."},{"$i":"nospace2-title","$v":"Memória do telefone cheia"},{"$i":"nospace2-text","$v":"Elimine ficheiros multimédia ou dados de aplicação para libertar espaço. Pode também inserir um cartão SD para expandir o armazenamento multimédia."},{"$i":"confirmation","$v":"Confirmação"},{"$i":"error-saving-title","$v":"Imagem não guardada"},{"$i":"error-saving-text","$v":"Um erro impediu a câmara de gravar a imagem."},{"$i":"error-recording-title","$v":"Vídeo não gravado"},{"$i":"error-recording-text","$v":"Um erro impediu a câmara de gravar o vídeo."},{"$i":"error-video-file-path-title","$v":"Vídeo não gravado"},{"$i":"error-video-file-path-text","$v":"Erro ao criar caminho de ficheiro de vídeo."},{"$i":"nocard2-title","$v":"Nenhum cartão de memória encontrado"},{"$i":"nocard3-text","$v":"Insira um cartão SD para tirar fotografias ou gravar vídeos."},{"$i":"pluggedin2-title","$v":"A câmara não pode ser usada quando o telefone está ligado à corrente"},{"$i":"pluggedin2-text","$v":"Armazenamento atualmente em utilização. Desligue o telefone para tirar fotografias."},{"$i":"storage-size-limit-reached","$v":"Ficou sem espaço de armazenamento multimédia."},{"$i":"activity-size-limit-reached","$v":"Atingiu o tamanho máximo do ficheiro para este anexo."},{"$i":"camera","$v":"Câmara"},{"$i":"retake","$v":"Repetir"},{"$i":"done","$v":"Concluído"},{"$i":"select","$v":"Selecionar"},{"$i":"close","$v":"Fechar"},{"$i":"delete-photo?","$v":"Eliminar a fotografia?"},{"$i":"delete-video?","$v":"Eliminar o vídeo?"},{"$i":"cancel","$v":"Cancelar"},{"$i":"delete","$v":"Eliminar"},{"$i":"mp","$v":"MP"},{"$i":"camera-resolution","$v":"Resolução da câmara"},{"$i":"camera-resolution-header","$v":[{"t":"idOrVar","v":"camera-resolution"}]},{"$i":"video-resolution","$v":"Resolução de vídeo"},{"$i":"video-resolution-header","$v":[{"t":"idOrVar","v":"video-resolution"}]},{"$i":"scene-mode","$v":"Modo de cena"},{"$i":"scene-mode-header","$v":[{"t":"idOrVar","v":"scene-mode"}]},{"$i":"self-timer","$v":"Temporizador automático"},{"$i":"self-timer-header","$v":[{"t":"idOrVar","v":"self-timer"}]},{"$i":"self-timer-off","$v":"Desativado"},{"$i":"self-timer-3-seconds","$v":"3 segundos"},{"$i":"self-timer-5-seconds","$v":"5 segundos"},{"$i":"self-timer-10-seconds","$v":"10 segundos"},{"$i":"battery-shutdown-title","$v":"Bateria fraca"},{"$i":"battery-shutdown-text","$v":"A carga da bateria é demasiado baixa para utilizar a câmara."},{"$i":"battery-critical-text","$v":"Bateria extremamente baixa"},{"$i":"battery-verylow-text","$v":"10% de bateria restante"},{"$i":"battery-low-text","$v":"15% de bateria restante"},{"$i":"camera-unavailable-title","$v":"Câmara indisponível"},{"$i":"camera-unavailable-text","$v":"A câmara é usada por outra aplicação."},{"$i":"hdr","$v":"HDR"},{"$i":"hdr-header","$v":[{"t":"idOrVar","v":"hdr"}]},{"$i":"hdr-on","$v":"Ativado"},{"$i":"hdr-off","$v":"Desativado"},{"$i":"hdr-deactivated","$v":"(HDR desativado)"},{"$i":"grid","$v":"Grelha"},{"$i":"grid-header","$v":[{"t":"idOrVar","v":"grid"}]},{"$i":"grid-on","$v":"Ativado"},{"$i":"grid-off","$v":"Desativado"},{"$i":"flash","$v":"Flash"},{"$i":"flash-on","$v":"Ativado"},{"$i":"flash-off","$v":"Desativado"},{"$i":"flash-auto","$v":"Automático"},{"$i":"flash-deactivated","$v":"(Flash desativado)"},{"$i":"Photo-Mode","$v":"Modo de fotografia"},{"$i":"Video-Mode","$v":"Modo de vídeo"},{"$i":"options","$v":"Opções"},{"$i":"open-gallery","$v":"Abrir a Galeria"},{"$i":"preview","$v":"Pré-visualizar"},{"$i":"gallery","$v":"Galeria"},{"$i":"gallery-option","$v":"Ir para a Galeria"},{"$i":"video","$v":"Vídeo"},{"$i":"video-option","$v":"Ir para Vídeo"},{"$i":"switch-modes","$v":"Modos"},{"$i":"photo-mode","$v":"Modo fotografia"},{"$i":"video-mode","$v":"Modo de vídeo"},{"$i":"switch-resolution","$v":"Resolução"},{"$i":"low-resolution","$v":"Baixa"},{"$i":"medium-resolution","$v":"Médio"},{"$i":"standard-resolution","$v":"Padrão"},{"$i":"high-resolution","$v":"Elevada"},{"$i":"set-resolution-to","$v":"Resolução definida para"},{"$i":"insert-sdcard-title","$v":"Inserir cartão SD"},{"$i":"insert-sdcard-text","$v":"Pode inserir um cartão SD para expandir o armazenamento multimédia."},{"$i":"pause","$v":"Pausa"},{"$i":"close-menu-button","ariaLabel":"Fechar menu"},{"$i":"back-button","ariaLabel":"Voltar"},{"$i":"setting-option","ariaLabel":[{"t":"idOrVar","v":"value"}]},{"$i":"setting-option-hdr","ariaLabel":["HDR ",{"t":"idOrVar","v":"value"}]},{"$i":"setting-option-self-timer","ariaLabel":["Temporizador automático ",{"t":"idOrVar","v":"value"}]},{"$i":"setting-option-grid","ariaLabel":["Grelha ",{"t":"idOrVar","v":"value"}]},{"$i":"setting-option-scene-mode","ariaLabel":["Modo de cena ",{"t":"idOrVar","v":"value"}]},{"$i":"setting-option-camera-resolution","ariaLabel":["Resolução da câmara ",{"t":"idOrVar","v":"value"}]},{"$i":"setting-option-video-resolution","ariaLabel":["Resolução de vídeo ",{"t":"idOrVar","v":"value"}]},{"$i":"flash-on-button","ariaLabel":"Flash ativado"},{"$i":"flash-off-button","ariaLabel":"Flash desativado"},{"$i":"flash-auto-button","ariaLabel":"Flash automático"},{"$i":"switch-camera","$v":"Seleção da câmara"},{"$i":"toggle-camera-front-button","$v":"Frontal","ariaLabel":"Frontal"},{"$i":"toggle-camera-rear-button","$v":"Traseira","ariaLabel":"Traseira"},{"$i":"menu-button","ariaLabel":"Menu"},{"$i":"preview-button","ariaLabel":"Pré-visualizar"},{"$i":"controls-button-close","ariaLabel":"Fechar"},{"$i":"share-button","ariaLabel":"Partilhar"},{"$i":"more-button","ariaLabel":"Mais"},{"$i":"media-frame","ariaLabel":["Moldura ",{"t":"idOrVar","v":"current"}," de ",{"t":"idOrVar","v":"total"}],"ariaMozHint":"Deslizar para a esquerda com 2 dedos para saltar para o seguinte ou deslizar para a direita para saltar para o anterior"},{"$i":"zoom","$v":"Zoom"},{"$i":"zoom-in","$v":"Ampliar"},{"$i":"zoom-out","$v":"Reduzir"},{"$i":"volume","$v":"Volume"},{"$i":"share","$v":"Partilhar"},{"$i":"set-as-wallpaper","$v":"Definir como fundo de ecrã"},{"$i":"set","$v":"Definir"},{"$i":"wallpaper-set","$v":"Fundo de ecrã definido."},{"$i":"photo-deleted","$v":"Fotografia eliminada"},{"$i":"ftu-info","$v":"Prima a tecla ESQUERDA e DIREITA para mudar entre os modos de fotografia e vídeo."},{"$i":"fullscreen","$v":"Ecrã inteiro"},{"$i":"video-deleted","$v":"Vídeo eliminado"},{"$i":"welcome","$v":"Bem-vindo à Câmara"},{"$i":"ok","$v":"OK"},{"$i":"settings","$v":"Definições"},{"$i":"selected","$v":"selecionado"},{"$i":"unselected","$v":"desmarcado"},{"$i":"camera-disabled","$v":"Esta ação está desativada. Para saber mais, contacte o administrador da organização."},{"$i":"action-not-allowed","$v":"Ação não permitida"}]