[{"$i":"nospace1-title","$v":"SD-карта Заполнена"},{"$i":"nospace1-text","$v":"Удалите файлы на SD-карте, чтобы освободить место."},{"$i":"nospace2-title","$v":"Память Телефона Заполнена"},{"$i":"nospace2-text","$v":"Удалите файлы мультимедиа или данные приложения, чтобы освободить место. Можно также установить SD-карту для расширения памяти."},{"$i":"confirmation","$v":"Подтверждение"},{"$i":"error-saving-title","$v":"Не удалось сохранить изображение"},{"$i":"error-saving-text","$v":"Ошибка помешала Камере сохранить изображение."},{"$i":"error-recording-title","$v":"Видео не записано"},{"$i":"error-recording-text","$v":"Ошибка помешала Камере записать видео."},{"$i":"error-video-file-path-title","$v":"Видео не записано"},{"$i":"error-video-file-path-text","$v":"Ошибка при создании пути к видеофайлу."},{"$i":"nocard2-title","$v":"Не найдено ни одной карты памяти"},{"$i":"nocard3-text","$v":"Установите SD-карту для съёмки фото или видео."},{"$i":"pluggedin2-title","$v":"Камера не может использоваться, когда телефон подключен"},{"$i":"pluggedin2-text","$v":"В настоящее время память используется. Пожалуйста, отключите телефон, чтобы делать фото."},{"$i":"storage-size-limit-reached","$v":"У вас закончилось место для хранения мультимедиа."},{"$i":"activity-size-limit-reached","$v":"Достигнут максимальный размер файла для этого вложения."},{"$i":"camera","$v":"Камера"},{"$i":"retake","$v":"Переснять"},{"$i":"done","$v":"Готово"},{"$i":"select","$v":"Выбрать"},{"$i":"close","$v":"Закрыть"},{"$i":"delete-photo?","$v":"Удалить изображение?"},{"$i":"delete-video?","$v":"Удалить видео?"},{"$i":"cancel","$v":"Отмена"},{"$i":"delete","$v":"Удалить"},{"$i":"mp","$v":"Мпикс"},{"$i":"camera-resolution","$v":"Разрешение Камеры"},{"$i":"camera-resolution-header","$v":[{"t":"idOrVar","v":"camera-resolution"}]},{"$i":"video-resolution","$v":"Разрешение видео"},{"$i":"video-resolution-header","$v":[{"t":"idOrVar","v":"video-resolution"}]},{"$i":"scene-mode","$v":"Режим съёмки"},{"$i":"scene-mode-header","$v":[{"t":"idOrVar","v":"scene-mode"}]},{"$i":"self-timer","$v":"Автоспуск"},{"$i":"self-timer-header","$v":[{"t":"idOrVar","v":"self-timer"}]},{"$i":"self-timer-off","$v":"Выкл"},{"$i":"self-timer-3-seconds","$v":"3 секунд"},{"$i":"self-timer-5-seconds","$v":"5 секунд"},{"$i":"self-timer-10-seconds","$v":"10 секунд"},{"$i":"battery-shutdown-title","$v":"Низкий уровень заряда батареи"},{"$i":"battery-shutdown-text","$v":"Уровень заряда батареи слишком низкий для использования камеры."},{"$i":"battery-critical-text","$v":"Критически низкий заряд батареи"},{"$i":"battery-verylow-text","$v":"Заряд батареи 10%"},{"$i":"battery-low-text","$v":"Заряд батареи 15%"},{"$i":"camera-unavailable-title","$v":"Камера недоступна"},{"$i":"camera-unavailable-text","$v":"Камера используется другим приложением."},{"$i":"hdr","$v":"HDR"},{"$i":"hdr-header","$v":[{"t":"idOrVar","v":"hdr"}]},{"$i":"hdr-on","$v":"Вкл"},{"$i":"hdr-off","$v":"Выкл"},{"$i":"hdr-deactivated","$v":"(HDR отключено)"},{"$i":"grid","$v":"Сетка"},{"$i":"grid-header","$v":[{"t":"idOrVar","v":"grid"}]},{"$i":"grid-on","$v":"Вкл"},{"$i":"grid-off","$v":"Выкл"},{"$i":"flash","$v":"Вспышка"},{"$i":"flash-on","$v":"Вкл"},{"$i":"flash-off","$v":"Выкл"},{"$i":"flash-auto","$v":"Авто"},{"$i":"flash-deactivated","$v":"(Вспышка отключена)"},{"$i":"Photo-Mode","$v":"Режим Фото"},{"$i":"Video-Mode","$v":"Режим Видео"},{"$i":"options","$v":"Опции"},{"$i":"open-gallery","$v":"Открыть Галерею"},{"$i":"preview","$v":"Предпросмотр"},{"$i":"gallery","$v":"Галерея"},{"$i":"gallery-option","$v":"Перейти к Галерее"},{"$i":"video","$v":"Видео"},{"$i":"video-option","$v":"Перейти к Видео"},{"$i":"switch-modes","$v":"Режимы"},{"$i":"photo-mode","$v":"Режим Фото"},{"$i":"video-mode","$v":"Режим Видео"},{"$i":"switch-resolution","$v":"Разрешение"},{"$i":"low-resolution","$v":"Низкое"},{"$i":"medium-resolution","$v":"Средний"},{"$i":"standard-resolution","$v":"Стандартное"},{"$i":"high-resolution","$v":"Высокое"},{"$i":"set-resolution-to","$v":"Установлено разрешение"},{"$i":"insert-sdcard-title","$v":"Установите SD-карту"},{"$i":"insert-sdcard-text","$v":"Вы можете установить SD-карту для расширения памяти."},{"$i":"pause","$v":"Пауза"},{"$i":"close-menu-button","ariaLabel":"Закрыть меню"},{"$i":"back-button","ariaLabel":"Назад"},{"$i":"setting-option","ariaLabel":[{"t":"idOrVar","v":"value"}]},{"$i":"setting-option-hdr","ariaLabel":["HDR ",{"t":"idOrVar","v":"value"}]},{"$i":"setting-option-self-timer","ariaLabel":["Автоспуск ",{"t":"idOrVar","v":"value"}]},{"$i":"setting-option-grid","ariaLabel":["Сетка ",{"t":"idOrVar","v":"value"}]},{"$i":"setting-option-scene-mode","ariaLabel":["Режим съёмки ",{"t":"idOrVar","v":"value"}]},{"$i":"setting-option-camera-resolution","ariaLabel":["Разрешение камеры ",{"t":"idOrVar","v":"value"}]},{"$i":"setting-option-video-resolution","ariaLabel":["Разрешение видео ",{"t":"idOrVar","v":"value"}]},{"$i":"flash-on-button","ariaLabel":"Вспышка включена"},{"$i":"flash-off-button","ariaLabel":"Вспышка выключена"},{"$i":"flash-auto-button","ariaLabel":"Автовспышка"},{"$i":"switch-camera","$v":"Выбор камеры"},{"$i":"toggle-camera-front-button","$v":"Фронтальная","ariaLabel":"Фронтальная"},{"$i":"toggle-camera-rear-button","$v":"Основная","ariaLabel":"Основная"},{"$i":"menu-button","ariaLabel":"Меню"},{"$i":"preview-button","ariaLabel":"Предварительный просмотр"},{"$i":"controls-button-close","ariaLabel":"Закрыть"},{"$i":"share-button","ariaLabel":"Отправить"},{"$i":"more-button","ariaLabel":"Ещё"},{"$i":"media-frame","ariaLabel":["Кадр ",{"t":"idOrVar","v":"current"}," из ",{"t":"idOrVar","v":"total"}],"ariaMozHint":"Проведите влево 2 пальцами, чтобы перейти к следующему, или проведите вправо, чтобы перейти к предыдущему"},{"$i":"zoom","$v":"Масштабирование"},{"$i":"zoom-in","$v":"Увеличить"},{"$i":"zoom-out","$v":"Уменьшить"},{"$i":"volume","$v":"Громкость"},{"$i":"share","$v":"Отправить"},{"$i":"set-as-wallpaper","$v":"Установить как обои"},{"$i":"set","$v":"Установить"},{"$i":"wallpaper-set","$v":"Установка обоев."},{"$i":"photo-deleted","$v":"Фото удалено"},{"$i":"ftu-info","$v":"Нажмите ЛЕВУЮ и ПРАВУЮ клавиши для переключения между режимами фото и видео."},{"$i":"fullscreen","$v":"Широкий (16:9)"},{"$i":"video-deleted","$v":"Видео удалено"},{"$i":"welcome","$v":"Добро пожаловать в приложение Камера"},{"$i":"ok","$v":"OK"},{"$i":"settings","$v":"Настройки"},{"$i":"selected","$v":"выбрано"},{"$i":"unselected","$v":"отменить выбор"},{"$i":"camera-disabled","$v":"Это действие отключено. Чтобы узнать больше, свяжитесь с администратором вашей организации."},{"$i":"action-not-allowed","$v":"Действие не допускается"}]