[{"$i":"nospace1-title","$v":"Karta SD je plná."},{"$i":"nospace1-text","$v":"Zmazaním súborov uvoľnite miesto na karte SD."},{"$i":"nospace2-title","$v":"Úložisko tel. je plné."},{"$i":"nospace2-text","$v":"Zmazaním médií alebo dát aplikácií uvoľnite miesto. Úložisko tiež môžete zväčšiť vložením karty SD."},{"$i":"confirmation","$v":"Potvrdenie"},{"$i":"error-saving-title","$v":"Obrázok neuložený"},{"$i":"error-saving-text","$v":"Uloženiu obrázka zabránila chyba."},{"$i":"error-recording-title","$v":"Video nebolo nahraté"},{"$i":"error-recording-text","$v":"Nahratiu videa zabránila chyba."},{"$i":"error-video-file-path-title","$v":"Video nebolo nahraté"},{"$i":"error-video-file-path-text","$v":"Chyba pri tvorbe cesty súb. videa."},{"$i":"nocard2-title","$v":"Žiad. nájd. pam. karta"},{"$i":"nocard3-text","$v":"Ak chcete fotografovať alebo videá, vložte kartu SD."},{"$i":"pluggedin2-title","$v":"Fotoaparát nemožno použiť, keď je tel. zapojený"},{"$i":"pluggedin2-text","$v":"Úlož. sa práve používa. Odpojte tel., ak chcete nasnímať fotky."},{"$i":"storage-size-limit-reached","$v":"Nemáte viac miesta v úložisku médií."},{"$i":"activity-size-limit-reached","$v":"Dosiahli ste max. veľkosť súboru pre túto prílohu."},{"$i":"camera","$v":"Fotoaparát"},{"$i":"retake","$v":"opakovanie"},{"$i":"done","$v":"Hotovo"},{"$i":"select","$v":"Zvoliť"},{"$i":"close","$v":"Zavrieť"},{"$i":"delete-photo?","$v":"Vymazať fotku?"},{"$i":"delete-video?","$v":"Vymazať video?"},{"$i":"cancel","$v":"Zrušiť"},{"$i":"delete","$v":"Vymazať"},{"$i":"mp","$v":"MP"},{"$i":"camera-resolution","$v":"Rozlíšenie fotoaparátu"},{"$i":"camera-resolution-header","$v":[{"t":"idOrVar","v":"camera-resolution"}]},{"$i":"video-resolution","$v":"Rozlíšenie videa"},{"$i":"video-resolution-header","$v":[{"t":"idOrVar","v":"video-resolution"}]},{"$i":"scene-mode","$v":"Režim scény"},{"$i":"scene-mode-header","$v":[{"t":"idOrVar","v":"scene-mode"}]},{"$i":"self-timer","$v":"Samospúšť"},{"$i":"self-timer-header","$v":[{"t":"idOrVar","v":"self-timer"}]},{"$i":"self-timer-off","$v":"Vyp."},{"$i":"self-timer-3-seconds","$v":"3 s"},{"$i":"self-timer-5-seconds","$v":"5 s"},{"$i":"self-timer-10-seconds","$v":"10 s"},{"$i":"battery-shutdown-title","$v":"Vybitá bat."},{"$i":"battery-shutdown-text","$v":"Úroveň batérie je príliš nízka na použitie fotoaparátu."},{"$i":"battery-critical-text","$v":"Kriticky vybitá batéria"},{"$i":"battery-verylow-text","$v":"Zostáva 10% batérie"},{"$i":"battery-low-text","$v":"Zostáva 15% batérie"},{"$i":"camera-unavailable-title","$v":"Fotoaparát nedostupný"},{"$i":"camera-unavailable-text","$v":"Fotoap. použ. iná apl."},{"$i":"hdr","$v":"HDR"},{"$i":"hdr-header","$v":[{"t":"idOrVar","v":"hdr"}]},{"$i":"hdr-on","$v":"Zap."},{"$i":"hdr-off","$v":"Vyp."},{"$i":"hdr-deactivated","$v":"(HDR deaktivované)"},{"$i":"grid","$v":"Riadky mriežky"},{"$i":"grid-header","$v":[{"t":"idOrVar","v":"grid"}]},{"$i":"grid-on","$v":"Zap."},{"$i":"grid-off","$v":"Vyp."},{"$i":"flash","$v":"Blesk"},{"$i":"flash-on","$v":"Zap."},{"$i":"flash-off","$v":"Vyp."},{"$i":"flash-auto","$v":"Auto"},{"$i":"flash-deactivated","$v":"(blesk deaktivovaný)"},{"$i":"Photo-Mode","$v":"Režim fot."},{"$i":"Video-Mode","$v":"Režim videa"},{"$i":"options","$v":"Možnosti"},{"$i":"open-gallery","$v":"Otvoriť galériu"},{"$i":"preview","$v":"Ukážka"},{"$i":"gallery","$v":"Galéria"},{"$i":"gallery-option","$v":"Ísť na aplikáciu Galéria"},{"$i":"video","$v":"Video"},{"$i":"video-option","$v":"Ísť na video"},{"$i":"switch-modes","$v":"Režimy"},{"$i":"photo-mode","$v":"Režim fot."},{"$i":"video-mode","$v":"Režim videa"},{"$i":"switch-resolution","$v":"Rozlíšenie"},{"$i":"low-resolution","$v":"Nízka"},{"$i":"medium-resolution","$v":"Stredný"},{"$i":"standard-resolution","$v":"Štandardné"},{"$i":"high-resolution","$v":"Vysoká"},{"$i":"set-resolution-to","$v":"Rozlíšenie nast. na"},{"$i":"insert-sdcard-title","$v":"Vložte kartu SD"},{"$i":"insert-sdcard-text","$v":"Ak chcete rozšíriť úložisko médií, môžete vložiť kartu SD."},{"$i":"pause","$v":"Preruš."},{"$i":"close-menu-button","ariaLabel":"Zavrieť menu"},{"$i":"back-button","ariaLabel":"Späť"},{"$i":"setting-option","ariaLabel":[{"t":"idOrVar","v":"value"}]},{"$i":"setting-option-hdr","ariaLabel":["HDR ",{"t":"idOrVar","v":"value"}]},{"$i":"setting-option-self-timer","ariaLabel":["Samospúšť ",{"t":"idOrVar","v":"value"}]},{"$i":"setting-option-grid","ariaLabel":["Riadky mriežky ",{"t":"idOrVar","v":"value"}]},{"$i":"setting-option-scene-mode","ariaLabel":["Režim scény ",{"t":"idOrVar","v":"value"}]},{"$i":"setting-option-camera-resolution","ariaLabel":["Rozlíšenie fotoaparátu ",{"t":"idOrVar","v":"value"}]},{"$i":"setting-option-video-resolution","ariaLabel":["Rozlíšenie videa ",{"t":"idOrVar","v":"value"}]},{"$i":"flash-on-button","ariaLabel":"Zapnutý blesk"},{"$i":"flash-off-button","ariaLabel":"Vypnutý blesk"},{"$i":"flash-auto-button","ariaLabel":"Auto blesk"},{"$i":"switch-camera","$v":"Výber fotoaparátu"},{"$i":"toggle-camera-front-button","$v":"Pred. fotoaparát","ariaLabel":"Pred. fotoaparát"},{"$i":"toggle-camera-rear-button","$v":"Zadný fotoaparát","ariaLabel":"Zadný fotoaparát"},{"$i":"menu-button","ariaLabel":"Menu"},{"$i":"preview-button","ariaLabel":"Ukážka"},{"$i":"controls-button-close","ariaLabel":"Zavrieť"},{"$i":"share-button","ariaLabel":"Zdieľať"},{"$i":"more-button","ariaLabel":"Ďalšie"},{"$i":"media-frame","ariaLabel":["Snímka ",{"t":"idOrVar","v":"current"}," z ",{"t":"idOrVar","v":"total"}],"ariaMozHint":"Potiahnutím 2 prstami doľava prejdite na ďalšie. Potiahnutím doprava na predch."},{"$i":"zoom","$v":"Priblížiť"},{"$i":"zoom-in","$v":"Priblíženie"},{"$i":"zoom-out","$v":"Vzdialenie"},{"$i":"volume","$v":"Hlasitosť"},{"$i":"share","$v":"Zdieľať"},{"$i":"set-as-wallpaper","$v":"Nastaviť ako tapetu"},{"$i":"set","$v":"Nastaviť"},{"$i":"wallpaper-set","$v":"Tapeta nastavená."},{"$i":"photo-deleted","$v":"Fotografia bola odstránená."},{"$i":"ftu-info","$v":"Stlačte ĽAVÝ a PRAVÝ kláves na prepnutie medzi režimami Fot. a Video."},{"$i":"fullscreen","$v":"Celý displej"},{"$i":"video-deleted","$v":"Video bolo odstránené."},{"$i":"welcome","$v":"Víta vás fotoaparát"},{"$i":"ok","$v":"OK"},{"$i":"settings","$v":"Nastavenia"},{"$i":"selected","$v":"selected"},{"$i":"unselected","$v":"nevybranej"},{"$i":"camera-disabled","$v":"Táto akcia je zakázaná. Ak sa chcete dozvedieť viac, kontaktujte správcu vašej organizácie."},{"$i":"action-not-allowed","$v":"Akcia nie je povolená"}]