[{"$i":"nospace1-title","$v":"SD-kortet är fullt."},{"$i":"nospace1-text","$v":"Ta bort filer på SD-kortet för att frigöra utrymme."},{"$i":"nospace2-title","$v":"Telefonens minne fullt."},{"$i":"nospace2-text","$v":"Ta bort mediefiler eller programdata för att frigöra utrymme. Du kan även sätta i ett SD-kort för att utöka medielagringen."},{"$i":"confirmation","$v":"Bekräftelse"},{"$i":"error-saving-title","$v":"Bild har inte sparats"},{"$i":"error-saving-text","$v":"Ett fel hindrade kameran från att spara bilden."},{"$i":"error-recording-title","$v":"Video ej inspelad"},{"$i":"error-recording-text","$v":"Ett fel hindrade kameran från att skicka videon."},{"$i":"error-video-file-path-title","$v":"Video ej inspelad"},{"$i":"error-video-file-path-text","$v":"Fel då videons filsökväg skulle skapas."},{"$i":"nocard2-title","$v":"Inget minneskort hittades"},{"$i":"nocard3-text","$v":"Sätt i SD-kort för att ta bilder eller videor."},{"$i":"pluggedin2-title","$v":"Det går inte att använda kameran när telefonen är ansluten"},{"$i":"pluggedin2-text","$v":"Lagringsutrymmet används just nu. Koppla från telefonen för att ta foton."},{"$i":"storage-size-limit-reached","$v":"Du har slut på medialagringsutrymme."},{"$i":"activity-size-limit-reached","$v":"Du har nått den maximala filstorleken för den här bilagan."},{"$i":"camera","$v":"Kamera"},{"$i":"retake","$v":"Ta om"},{"$i":"done","$v":"Klar"},{"$i":"select","$v":"Markera"},{"$i":"close","$v":"Stäng"},{"$i":"delete-photo?","$v":"Ta bort detta foto?"},{"$i":"delete-video?","$v":"Ta bort video?"},{"$i":"cancel","$v":"Avbryt"},{"$i":"delete","$v":"Ta bort"},{"$i":"mp","$v":"MP"},{"$i":"camera-resolution","$v":"Kameraupplösning"},{"$i":"camera-resolution-header","$v":[{"t":"idOrVar","v":"camera-resolution"}]},{"$i":"video-resolution","$v":"Videoupplösning"},{"$i":"video-resolution-header","$v":[{"t":"idOrVar","v":"video-resolution"}]},{"$i":"scene-mode","$v":"Fotoläge"},{"$i":"scene-mode-header","$v":[{"t":"idOrVar","v":"scene-mode"}]},{"$i":"self-timer","$v":"Självutlösare"},{"$i":"self-timer-header","$v":[{"t":"idOrVar","v":"self-timer"}]},{"$i":"self-timer-off","$v":"Av"},{"$i":"self-timer-3-seconds","$v":"3 sekunder"},{"$i":"self-timer-5-seconds","$v":"5 sekunder"},{"$i":"self-timer-10-seconds","$v":"10 sekunder"},{"$i":"battery-shutdown-title","$v":"Låg batterinivå"},{"$i":"battery-shutdown-text","$v":"Låg batterinivå, kameran kan inte användas."},{"$i":"battery-critical-text","$v":"Kritiskt låg batterinivå"},{"$i":"battery-verylow-text","$v":"10 % batteri kvar"},{"$i":"battery-low-text","$v":"15 % batteri kvar"},{"$i":"camera-unavailable-title","$v":"Kamera ej tillgänglig"},{"$i":"camera-unavailable-text","$v":"Kameran anv. av en annan app."},{"$i":"hdr","$v":"HDR"},{"$i":"hdr-header","$v":[{"t":"idOrVar","v":"hdr"}]},{"$i":"hdr-on","$v":"På"},{"$i":"hdr-off","$v":"Av"},{"$i":"hdr-deactivated","$v":"(HDR inaktiverad)"},{"$i":"grid","$v":"Ikonlinjer"},{"$i":"grid-header","$v":[{"t":"idOrVar","v":"grid"}]},{"$i":"grid-on","$v":"På"},{"$i":"grid-off","$v":"Av"},{"$i":"flash","$v":"Blixt"},{"$i":"flash-on","$v":"På"},{"$i":"flash-off","$v":"Av"},{"$i":"flash-auto","$v":"Auto"},{"$i":"flash-deactivated","$v":"(Blixt inaktiverad)"},{"$i":"Photo-Mode","$v":"Fotoläge"},{"$i":"Video-Mode","$v":"Videoläge"},{"$i":"options","$v":"Alternativ"},{"$i":"open-gallery","$v":"Öppna galleri"},{"$i":"preview","$v":"Förhandsgranska"},{"$i":"gallery","$v":"Galleri"},{"$i":"gallery-option","$v":"Gå till Galleri"},{"$i":"video","$v":"Video"},{"$i":"video-option","$v":"Gå till Video"},{"$i":"switch-modes","$v":"Lägen"},{"$i":"photo-mode","$v":"Fotoläge"},{"$i":"video-mode","$v":"Videoläge"},{"$i":"switch-resolution","$v":"Upplösning"},{"$i":"low-resolution","$v":"Låg"},{"$i":"medium-resolution","$v":"Medel"},{"$i":"standard-resolution","$v":"Standard"},{"$i":"high-resolution","$v":"Hög"},{"$i":"set-resolution-to","$v":"Upplösning inställd på"},{"$i":"insert-sdcard-title","$v":"Sätt i SD-kortet"},{"$i":"insert-sdcard-text","$v":"Du kan sätta in ett SD-kort för att utöka medielagring."},{"$i":"pause","$v":"Paus"},{"$i":"close-menu-button","ariaLabel":"Stäng meny"},{"$i":"back-button","ariaLabel":"Tillbaka"},{"$i":"setting-option","ariaLabel":[{"t":"idOrVar","v":"value"}]},{"$i":"setting-option-hdr","ariaLabel":["HDR ",{"t":"idOrVar","v":"value"}]},{"$i":"setting-option-self-timer","ariaLabel":["Självutlösare ",{"t":"idOrVar","v":"value"}]},{"$i":"setting-option-grid","ariaLabel":["Ikonlinjer ",{"t":"idOrVar","v":"value"}]},{"$i":"setting-option-scene-mode","ariaLabel":["Fotoläge ",{"t":"idOrVar","v":"value"}]},{"$i":"setting-option-camera-resolution","ariaLabel":["Kameraupplösning ",{"t":"idOrVar","v":"value"}]},{"$i":"setting-option-video-resolution","ariaLabel":["Videoupplösning ",{"t":"idOrVar","v":"value"}]},{"$i":"flash-on-button","ariaLabel":"Blixt på"},{"$i":"flash-off-button","ariaLabel":"Blixt av"},{"$i":"flash-auto-button","ariaLabel":"Automatisk blixt"},{"$i":"switch-camera","$v":"Kameraval"},{"$i":"toggle-camera-front-button","$v":"Frontkamera","ariaLabel":"Frontkamera"},{"$i":"toggle-camera-rear-button","$v":"Bakre kamera","ariaLabel":"Bakre kamera"},{"$i":"menu-button","ariaLabel":"Meny"},{"$i":"preview-button","ariaLabel":"Förhandsgranska"},{"$i":"controls-button-close","ariaLabel":"Stäng"},{"$i":"share-button","ariaLabel":"Dela"},{"$i":"more-button","ariaLabel":"Mer"},{"$i":"media-frame","ariaLabel":["Ram ",{"t":"idOrVar","v":"current"}," på ",{"t":"idOrVar","v":"total"}],"ariaMozHint":"Svep vänster med 2 fingrar för att hoppa till nästa, eller svep höger för att hoppa till föregående"},{"$i":"zoom","$v":"Zooma"},{"$i":"zoom-in","$v":"Zooma in"},{"$i":"zoom-out","$v":"Zooma ut"},{"$i":"volume","$v":"Volym"},{"$i":"share","$v":"Dela"},{"$i":"set-as-wallpaper","$v":"Använd som bakgrund"},{"$i":"set","$v":"Ställ in"},{"$i":"wallpaper-set","$v":"Bakgrund inställd."},{"$i":"photo-deleted","$v":"Foto raderat."},{"$i":"ftu-info","$v":"Tryck på VÄNSTER och HÖGER knapp för att växla mellan foto- och videoläge."},{"$i":"fullscreen","$v":"Helskärm"},{"$i":"video-deleted","$v":"Video raderad."},{"$i":"welcome","$v":"Välkommen till kameran"},{"$i":"ok","$v":"Ok"},{"$i":"settings","$v":"Inställningar"},{"$i":"selected","$v":"selected"},{"$i":"unselected","$v":"avmarkerad"},{"$i":"camera-disabled","$v":"Den här åtgärden är inaktiverad. Kontakta din organisations administratör om du vill veta mer."},{"$i":"action-not-allowed","$v":"Åtgärd inte tillåten"}]