[{"$i":"nospace1-title","$v":"எஸ்.டி கார்டு நிரம்பியது"},{"$i":"nospace1-text","$v":"கூடுதல் இடத்தை பெற எஸ்.டி கார்டில் ஃபைல்களை நீக்கவும்."},{"$i":"nospace2-title","$v":"போன் சேமிப்பிடம் நிரம்பியது."},{"$i":"nospace2-text","$v":"கூடுதல் இடத்தை பெற மீடியா ஃபைல்கள் அல்லது அப்ளிகேஷன் டேட்டாவை நீக்கவும். மீடியா சேமிப்பிடத்தை விரிவாக்க எஸ்.டி கார்டையும் நீங்கள் செருகலாம்."},{"$i":"confirmation","$v":"உறுதிப்படுத்துதல்"},{"$i":"error-saving-title","$v":"படம் சேமிக்கப்படவில்லை"},{"$i":"error-saving-text","$v":"படத்தைச் சேமிக்கும் போது கேமராவைத் தடுக்கும் பிழை ஏற்பட்டது."},{"$i":"error-recording-title","$v":"வீடியோ ரெக்கார்ட் செய்யப்படவில்லை"},{"$i":"error-recording-text","$v":"வீடியோவைப் ரெக்கார்ட் செய்யும் போது கேமராவைத் தடுக்கும் பிழை ஏற்பட்டது."},{"$i":"error-video-file-path-title","$v":"வீடியோ ரெக்கார்ட் செய்யப்படவில்லை"},{"$i":"error-video-file-path-text","$v":"வீடியோ ஃபைல் பாதையை உருவாக்குவதில் பிழை."},{"$i":"nocard2-title","$v":"மெமரி கார்டு காணப்படவில்லை"},{"$i":"nocard3-text","$v":"புகைப்படங்கள் அல்லது வீடியோக்களை எடுக்க எஸ்.டி கார்டைச் செருகவும்."},{"$i":"pluggedin2-title","$v":"ஃபோன் பிளக்இன் செய்யப்பட்டுள்ள போது கேமராவைப் பயன்படுத்த முடியாது"},{"$i":"pluggedin2-text","$v":"ஸ்டோரேஜ் தற்போது பயனில் உள்ளது. படங்களை எடுக்க தயவுசெய்து ஃபோன்-ஐ அன்பிளக் செய்யவும்."},{"$i":"storage-size-limit-reached","$v":"நீங்களிடம் மீடியா ஸ்டோரேஜ் இடம் இல்லை."},{"$i":"activity-size-limit-reached","$v":"இந்த அட்டாச்மெண்ட்-க்கான அதிகபட்ச ஃபைல் அளவை நீங்கள் அடைந்துவிட்டீர்கள்."},{"$i":"camera","$v":"கேமரா"},{"$i":"retake","$v":"மீண்டும் எடுக்கவும்"},{"$i":"done","$v":"முடிந்தது"},{"$i":"select","$v":"தேர்ந்தெடு"},{"$i":"close","$v":"மூடு"},{"$i":"delete-photo?","$v":"போட்டோவை நீக்கவா?"},{"$i":"delete-video?","$v":"வீடியோவை நீக்கவா?"},{"$i":"cancel","$v":"ரத்து செய்க"},{"$i":"delete","$v":"நீக்கு"},{"$i":"mp","$v":"MP"},{"$i":"camera-resolution","$v":"கேமரா ரெசல்யூசன்"},{"$i":"camera-resolution-header","$v":[{"t":"idOrVar","v":"camera-resolution"}]},{"$i":"video-resolution","$v":"வீடியோ ரெசல்யூசன்"},{"$i":"video-resolution-header","$v":[{"t":"idOrVar","v":"video-resolution"}]},{"$i":"scene-mode","$v":"சீன் மோட்"},{"$i":"scene-mode-header","$v":[{"t":"idOrVar","v":"scene-mode"}]},{"$i":"self-timer","$v":"சுய டைமர்"},{"$i":"self-timer-header","$v":[{"t":"idOrVar","v":"self-timer"}]},{"$i":"self-timer-off","$v":"ஆஃப்"},{"$i":"self-timer-3-seconds","$v":"3 நொடிகள்"},{"$i":"self-timer-5-seconds","$v":"5 நொடிகள்"},{"$i":"self-timer-10-seconds","$v":"10 நொடிகள்"},{"$i":"battery-shutdown-title","$v":"குறைந்த பேட்டரி"},{"$i":"battery-shutdown-text","$v":"கேமராவை பயன்படுத்த பேட்டரி நிலை மிகவும் குறைவாக உள்ளது."},{"$i":"battery-critical-text","$v":"மிகமிகக் குறைவான பேட்டரி ஆற்றல்"},{"$i":"battery-verylow-text","$v":"10% பேட்டரி மீதம்"},{"$i":"battery-low-text","$v":"15% பேட்டரி மீதம்"},{"$i":"camera-unavailable-title","$v":"கேமரா கிடைக்கவில்லை"},{"$i":"camera-unavailable-text","$v":"கேமரா வேறொரு ஆப்-ஆல் பயன்படுத்தப்படுகிறது."},{"$i":"hdr","$v":"HDR"},{"$i":"hdr-header","$v":[{"t":"idOrVar","v":"hdr"}]},{"$i":"hdr-on","$v":"ஆன்"},{"$i":"hdr-off","$v":"ஆஃப்"},{"$i":"hdr-deactivated","$v":"(HDR செயலிழக்கப்பட்டது)"},{"$i":"grid","$v":"கிரிட்"},{"$i":"grid-header","$v":[{"t":"idOrVar","v":"grid"}]},{"$i":"grid-on","$v":"ஆன்"},{"$i":"grid-off","$v":"ஆஃப்"},{"$i":"flash","$v":"ஃபிளாஷ்"},{"$i":"flash-on","$v":"ஆன்"},{"$i":"flash-off","$v":"ஆஃப்"},{"$i":"flash-auto","$v":"சுய"},{"$i":"flash-deactivated","$v":"(ஃபிளாஷ் செயலிழக்கப்பட்டது)"},{"$i":"Photo-Mode","$v":"போட்டோ மோட்"},{"$i":"Video-Mode","$v":"வீடியோ மோட்"},{"$i":"options","$v":"விருப்பங்கள்"},{"$i":"open-gallery","$v":"கேலரியைத் திற"},{"$i":"preview","$v":"ப்ரிவ்யூ"},{"$i":"gallery","$v":"கேலரி"},{"$i":"gallery-option","$v":"கேலரிக்கு செல்லவும்"},{"$i":"video","$v":"வீடியோ"},{"$i":"video-option","$v":"வீடியோவுக்கு செல்லவும்"},{"$i":"switch-modes","$v":"மோட்-கள்"},{"$i":"photo-mode","$v":"போட்டோ மோட்"},{"$i":"video-mode","$v":"வீடியோ மோட்"},{"$i":"switch-resolution","$v":"ரெசல்யூசன்"},{"$i":"low-resolution","$v":"குறைந்த"},{"$i":"medium-resolution","$v":"மீடியம்"},{"$i":"standard-resolution","$v":"நிலையானது"},{"$i":"high-resolution","$v":"உயர்தரம்"},{"$i":"set-resolution-to","$v":"ரெசல்யூசன் இதற்கு அமைக்கப்பட்டது"},{"$i":"insert-sdcard-title","$v":"எஸ்.டி கார்டைச் செருகவும்"},{"$i":"insert-sdcard-text","$v":"மீடியா சேமிப்பிடத்தை விரிவாக்க எஸ்.டி கார்டை நீங்கள் செருகலாம்."},{"$i":"pause","$v":"இடைநிறுத்து"},{"$i":"close-menu-button","ariaLabel":"மெனுவை மூடு"},{"$i":"back-button","ariaLabel":"பின் செல்"},{"$i":"setting-option","ariaLabel":[{"t":"idOrVar","v":"value"}]},{"$i":"setting-option-hdr","ariaLabel":["HDR ",{"t":"idOrVar","v":"value"}]},{"$i":"setting-option-self-timer","ariaLabel":["சுய- டைமர் ",{"t":"idOrVar","v":"value"}]},{"$i":"setting-option-grid","ariaLabel":["கிரிட் ",{"t":"idOrVar","v":"value"}]},{"$i":"setting-option-scene-mode","ariaLabel":["சீன் மோட் ",{"t":"idOrVar","v":"value"}]},{"$i":"setting-option-camera-resolution","ariaLabel":["கேமரா ரெசல்யூசன் ",{"t":"idOrVar","v":"value"}]},{"$i":"setting-option-video-resolution","ariaLabel":["வீடியோ ரெசல்யூசன் ",{"t":"idOrVar","v":"value"}]},{"$i":"flash-on-button","ariaLabel":"ஃபிளாஷ் ஆன்"},{"$i":"flash-off-button","ariaLabel":"ஃபிளாஷ் ஆஃப்"},{"$i":"flash-auto-button","ariaLabel":"ஃபிளாஷ் ஆட்டோ"},{"$i":"switch-camera","$v":"கேமராவை தேர்வுசெய்தல்"},{"$i":"toggle-camera-front-button","$v":"முன்புறம்","ariaLabel":"முன்புறம்"},{"$i":"toggle-camera-rear-button","$v":"பின்புறம்","ariaLabel":"பின்புறம்"},{"$i":"menu-button","ariaLabel":"மெனு"},{"$i":"preview-button","ariaLabel":"ப்ரிவ்யூ"},{"$i":"controls-button-close","ariaLabel":"மூடு"},{"$i":"share-button","ariaLabel":"பகிர்"},{"$i":"more-button","ariaLabel":"மேலும்"},{"$i":"media-frame","ariaLabel":[{"t":"idOrVar","v":"total"}," இருந்து ",{"t":"idOrVar","v":"current"}," ஃபிரேம்"],"ariaMozHint":"அடுத்ததிற்கு தாவ, 2 விரல்கள் கொண்டு இடப்பக்கம் ஸ்வைப் செய்க அல்லது முந்தையதிற்கு தாவ வலப்பக்கம் ஸ்வைப் செய்க"},{"$i":"zoom","$v":"ஜூம் செய்க"},{"$i":"zoom-in","$v":"ஜூம் இன் செய்க"},{"$i":"zoom-out","$v":"ஜூம் அவுட் செய்க"},{"$i":"volume","$v":"வால்யூம்"},{"$i":"share","$v":"பகிர்"},{"$i":"set-as-wallpaper","$v":"வால்பேப்பராக அமை"},{"$i":"set","$v":"அமை"},{"$i":"wallpaper-set","$v":"வால்பேப்பர் செட்."},{"$i":"photo-deleted","$v":"போட்டோ நீக்கப்பட்டது"},{"$i":"ftu-info","$v":"போட்டோ மற்றும் வீடியோ மோட்-கள் இடையே மாற, இடது மற்றும் வலது விசையை அழுத்தவும்."},{"$i":"fullscreen","$v":"ஃபுல் ஸ்கிரீன்"},{"$i":"video-deleted","$v":"வீடியோ நீக்கப்பட்டது"},{"$i":"welcome","$v":"கேமராவிற்கு வரவேற்கிறோம்"},{"$i":"ok","$v":"சரி"},{"$i":"settings","$v":"செட்டிங்ஸ்"},{"$i":"selected","$v":"தேர்ந்தெடுக்கப்பட்டது"},{"$i":"unselected","$v":"தேர்ந்தெடுக்கப்பட்டவில்லை"},{"$i":"camera-disabled","$v":"இந்த செயல் முடக்கப்பட்டுள்ளது. மேலும் அறிய, உங்கள் நிறுவனத்தின் நிர்வாகியை தொடர்பு கொள்ளுங்கள்."},{"$i":"action-not-allowed","$v":"செயல் அனுமதிக்கப்படவில்லை"}]