[{"$i":"nospace1-title","$v":"การ์ด SD เต็ม"},{"$i":"nospace1-text","$v":"เพิ่มพื้นที่ว่างด้วยการลบไฟล์ในการ์ด SD"},{"$i":"nospace2-title","$v":"พื้นที่เก็บในโทรศัพท์เต็ม"},{"$i":"nospace2-text","$v":"เพิ่มพื้นที่ว่างด้วยการลบไฟล์สื่อหรือข้อมูลแอปพลิเคชัน นอกจากนี้ คุณสามารถใส่การ์ด SD เพื่อขยายพื้นที่สื่อ"},{"$i":"confirmation","$v":"การยืนยัน"},{"$i":"error-saving-title","$v":"ไม่ได้บันทึกภาพ"},{"$i":"error-saving-text","$v":"เกิดข้อผิดพลาดที่ขัดขวางไม่ให้กล้องบันทึกภาพ"},{"$i":"error-recording-title","$v":"ไม่ได้บันทึกวิดีโอ"},{"$i":"error-recording-text","$v":"เกิดข้อผิดพลาดที่ขัดขวางไม่ให้กล้องบันทึกวิดีโอ"},{"$i":"error-video-file-path-title","$v":"ไม่ได้บันทึกวิดีโอ"},{"$i":"error-video-file-path-text","$v":"เกิดข้อผิดพลาดในการสร้างพาธไฟล์วิดีโอ"},{"$i":"nocard2-title","$v":"ไม่พบการ์ดหน่วยความจำ"},{"$i":"nocard3-text","$v":"ใส่การ์ด SD เพื่อถ่ายรูปหรือบันทึกวิดีโอ"},{"$i":"pluggedin2-title","$v":"กล้องถ่ายรูปไม่สามารถใช้งานได้ขณะที่เสียบโทรศัพท์อยู่"},{"$i":"pluggedin2-text","$v":"พื้นที่เก็บข้อมูลถูกใช้อยู่ตอนนี้ โปรดถอดโทรศัพท์ออกเพื่อถ่ายภาพ"},{"$i":"storage-size-limit-reached","$v":"พื้นที่เก็บข้อมูลสื่อของคุณเต็มแล้ว"},{"$i":"activity-size-limit-reached","$v":"คุณมีจำนวนไฟล์ถึงขีดจำกัดสูงสุดในข้อมูลแนบนี้แล้ว"},{"$i":"camera","$v":"กล้องถ่ายรูป"},{"$i":"retake","$v":"ถ่ายซ้ำ"},{"$i":"done","$v":"เสร็จสิ้น"},{"$i":"select","$v":"เลือก"},{"$i":"close","$v":"ปิด"},{"$i":"delete-photo?","$v":"ลบภาพหรือไม่"},{"$i":"delete-video?","$v":"ลบวิดีโอหรือไม่"},{"$i":"cancel","$v":"ยกเลิก"},{"$i":"delete","$v":"ลบ"},{"$i":"mp","$v":"MP"},{"$i":"camera-resolution","$v":"ความละเอียดกล้องถ่ายรูป"},{"$i":"camera-resolution-header","$v":[{"t":"idOrVar","v":"camera-resolution"}]},{"$i":"video-resolution","$v":"ความละเอียดวิดีโอ"},{"$i":"video-resolution-header","$v":[{"t":"idOrVar","v":"video-resolution"}]},{"$i":"scene-mode","$v":"โหมดฉาก"},{"$i":"scene-mode-header","$v":[{"t":"idOrVar","v":"scene-mode"}]},{"$i":"self-timer","$v":"ตั้งเวลาด้วยตนเอง"},{"$i":"self-timer-header","$v":[{"t":"idOrVar","v":"self-timer"}]},{"$i":"self-timer-off","$v":"ปิด"},{"$i":"self-timer-3-seconds","$v":"3วิ"},{"$i":"self-timer-5-seconds","$v":"5วิ"},{"$i":"self-timer-10-seconds","$v":"10วิ"},{"$i":"battery-shutdown-title","$v":"แบตเตอรี่อ่อน"},{"$i":"battery-shutdown-text","$v":"ระดับแบตเตอรี่ต่ำเกินไปที่จะใช้กล้องถ่ายรูป"},{"$i":"battery-critical-text","$v":"แบตเตอรี่ต่ำมาก"},{"$i":"battery-verylow-text","$v":"เหลือแบตเตอรี่ 10%"},{"$i":"battery-low-text","$v":"เหลือแบตเตอรี่ 15%"},{"$i":"camera-unavailable-title","$v":"กล้องถ่ายรูปไม่พร้อมใช้งาน"},{"$i":"camera-unavailable-text","$v":"แอปพลิเคชันอื่นใช้กล้องถ่ายรูปอยู่"},{"$i":"hdr","$v":"HDR"},{"$i":"hdr-header","$v":[{"t":"idOrVar","v":"hdr"}]},{"$i":"hdr-on","$v":"เปิด"},{"$i":"hdr-off","$v":"ปิด"},{"$i":"hdr-deactivated","$v":"(ปิดใช้งาน HDR)"},{"$i":"grid","$v":"กริด"},{"$i":"grid-header","$v":[{"t":"idOrVar","v":"grid"}]},{"$i":"grid-on","$v":"เปิด"},{"$i":"grid-off","$v":"ปิด"},{"$i":"flash","$v":"แฟลช"},{"$i":"flash-on","$v":"เปิด"},{"$i":"flash-off","$v":"ปิด"},{"$i":"flash-auto","$v":"อัตโนมัติ"},{"$i":"flash-deactivated","$v":"(ปิดใช้งานแฟลช)"},{"$i":"Photo-Mode","$v":"โหมดภาพถ่าย"},{"$i":"Video-Mode","$v":"โหมดวิดีโอ"},{"$i":"options","$v":"ตัวเลือก"},{"$i":"open-gallery","$v":"เปิดแกลเลอรี่"},{"$i":"preview","$v":"ดูตัวอย่าง"},{"$i":"gallery","$v":"แกลเลอรี่"},{"$i":"gallery-option","$v":"ไปที่แกลเลอรี่"},{"$i":"video","$v":"วิดีโอ"},{"$i":"video-option","$v":"ไปที่วิดีโอ"},{"$i":"switch-modes","$v":"โหมด"},{"$i":"photo-mode","$v":"โหมดภาพถ่าย"},{"$i":"video-mode","$v":"โหมดวิดีโอ"},{"$i":"switch-resolution","$v":"ความละเอียด"},{"$i":"low-resolution","$v":"ต่ำ"},{"$i":"medium-resolution","$v":"ปานกลาง"},{"$i":"standard-resolution","$v":"มาตรฐาน"},{"$i":"high-resolution","$v":"สูง"},{"$i":"set-resolution-to","$v":"กำหนดความละเอียดเป็น"},{"$i":"insert-sdcard-title","$v":"ใส่การ์ด SD"},{"$i":"insert-sdcard-text","$v":"คุณสามารถใส่การ์ด SD เพื่อขยายที่เก็บข้อมูลสื่อ"},{"$i":"pause","$v":"หยุดชั่วคราว"},{"$i":"close-menu-button","ariaLabel":"ปิดเมนู"},{"$i":"back-button","ariaLabel":"ย้อนกลับ"},{"$i":"setting-option","ariaLabel":[{"t":"idOrVar","v":"value"}]},{"$i":"setting-option-hdr","ariaLabel":["HDR ",{"t":"idOrVar","v":"value"}]},{"$i":"setting-option-self-timer","ariaLabel":["ตั้งเวลาด้วยตนเอง ",{"t":"idOrVar","v":"value"}]},{"$i":"setting-option-grid","ariaLabel":["กริด ",{"t":"idOrVar","v":"value"}]},{"$i":"setting-option-scene-mode","ariaLabel":["โหมดฉาก ",{"t":"idOrVar","v":"value"}]},{"$i":"setting-option-camera-resolution","ariaLabel":["ความละเอียดกล้องถ่ายรูป ",{"t":"idOrVar","v":"value"}]},{"$i":"setting-option-video-resolution","ariaLabel":["ความละเอียดวิดีโอ ",{"t":"idOrVar","v":"value"}]},{"$i":"flash-on-button","ariaLabel":"เปิดแฟลช"},{"$i":"flash-off-button","ariaLabel":"ปิดแฟลช"},{"$i":"flash-auto-button","ariaLabel":"แฟลชอัตโนมัติ"},{"$i":"switch-camera","$v":"การเลือกกล้องถ่ายรูป"},{"$i":"toggle-camera-front-button","$v":"ด้านหน้า","ariaLabel":"ด้านหน้า"},{"$i":"toggle-camera-rear-button","$v":"หลัง","ariaLabel":"หลัง"},{"$i":"menu-button","ariaLabel":"เมนู"},{"$i":"preview-button","ariaLabel":"ดูตัวอย่าง"},{"$i":"controls-button-close","ariaLabel":"ปิด"},{"$i":"share-button","ariaLabel":"แชร์"},{"$i":"more-button","ariaLabel":"เพิ่มเติม"},{"$i":"media-frame","ariaLabel":[{"t":"idOrVar","v":"current"}," เฟรมจาก ",{"t":"idOrVar","v":"total"}],"ariaMozHint":"เลื่อนซ้ายด้วย 2 นิ้วเพื่อข้ามไปที่ถัดไป หรือเลื่อนขวาเพื่อข้ามไปที่ก่อนหน้า"},{"$i":"zoom","$v":"ซูม"},{"$i":"zoom-in","$v":"ซูมเข้า"},{"$i":"zoom-out","$v":"ซูมออก"},{"$i":"volume","$v":"ระดับเสียง"},{"$i":"share","$v":"แชร์"},{"$i":"set-as-wallpaper","$v":"ตั้งเป็นวอลเปเปอร์"},{"$i":"set","$v":"ตั้งค่า"},{"$i":"wallpaper-set","$v":"ตั้งวอลเปเปอร์แล้ว"},{"$i":"photo-deleted","$v":"ลบภาพแล้ว"},{"$i":"ftu-info","$v":"กดปุ่มซ้ายและขวาเพื่อสลับโหมดภาพเป็นโหมดวิดีโอ"},{"$i":"fullscreen","$v":"เต็มหน้าจอ"},{"$i":"video-deleted","$v":"ลบวิดีโอแล้ว"},{"$i":"welcome","$v":"ยินดีต้อนรับสู่กล้องถ่ายรูป"},{"$i":"ok","$v":"ตกลง"},{"$i":"settings","$v":"การตั้งค่า"},{"$i":"selected","$v":"เลือกแล้ว"},{"$i":"unselected","$v":"ไม่ได้เลือก"},{"$i":"camera-disabled","$v":"การทำงานนี้ถูกปิดใช้งาน หากต้องการข้อมูลเพิ่มเติม โปรดติดต่อผู้ดูแลระบบองค์กรของคุณ"},{"$i":"action-not-allowed","$v":"การทำงานไม่ได้รับอนุญาต"}]