[{"$i":"nospace1-title","$v":"SD карта тўлган."},{"$i":"nospace1-text","$v":"Жой бўшатиш учун SD картадаги файлларни ўчиринг."},{"$i":"nospace2-title","$v":"Телефон хотираси тўлган."},{"$i":"nospace2-text","$v":"Жой бўшатиш учун мултимедиа файллари ёки илова маълумотларини ўчиринг. Қурилма хотирасини кенгайтириш учун SD карта ўрнатишингиз ҳам мумкин."},{"$i":"confirmation","$v":"Тасдиқ"},{"$i":"error-saving-title","$v":"Расм сақланмади"},{"$i":"error-saving-text","$v":"Хато туфайли камера расмни сақламади."},{"$i":"error-recording-title","$v":"Видео ёзилмади"},{"$i":"error-recording-text","$v":"Хато туфайли камера видеога олмади."},{"$i":"error-video-file-path-title","$v":"Видео ёзилмади"},{"$i":"error-video-file-path-text","$v":"Видео файли йўлагини яратишда хато."},{"$i":"nocard2-title","$v":"Хотира картаси топилмади"},{"$i":"nocard3-text","$v":"Rasm yoki video olish uchun SD-kartani joylashtiring."},{"$i":"pluggedin2-title","$v":"Телефон уланганида камера ишламайди"},{"$i":"pluggedin2-text","$v":"Хотира банд. Суратга олиш учун телефонни узинг."},{"$i":"storage-size-limit-reached","$v":"Медиа сақлов хотираси тугади."},{"$i":"activity-size-limit-reached","$v":"Бу илова учун максимал файл ҳажмга етдингиз."},{"$i":"camera","$v":"Камера"},{"$i":"retake","$v":"Qaytadan oling"},{"$i":"done","$v":"Тайёр"},{"$i":"select","$v":"Танлаш"},{"$i":"close","$v":"Ёпиш"},{"$i":"delete-photo?","$v":"Бу сурат ўчирилсинми?"},{"$i":"delete-video?","$v":"Видео ўчирилсинми?"},{"$i":"cancel","$v":"Бекор"},{"$i":"delete","$v":"Ўчириш"},{"$i":"mp","$v":"MP"},{"$i":"camera-resolution","$v":"Камера сиғими"},{"$i":"camera-resolution-header","$v":[{"t":"idOrVar","v":"camera-resolution"}]},{"$i":"video-resolution","$v":"Видео пиксел зичлиги"},{"$i":"video-resolution-header","$v":[{"t":"idOrVar","v":"video-resolution"}]},{"$i":"scene-mode","$v":"Саҳна режими"},{"$i":"scene-mode-header","$v":[{"t":"idOrVar","v":"scene-mode"}]},{"$i":"self-timer","$v":"Таймер"},{"$i":"self-timer-header","$v":[{"t":"idOrVar","v":"self-timer"}]},{"$i":"self-timer-off","$v":"Ўчиқ"},{"$i":"self-timer-3-seconds","$v":"3 сония"},{"$i":"self-timer-5-seconds","$v":"5 сония"},{"$i":"self-timer-10-seconds","$v":"10 сония"},{"$i":"battery-shutdown-title","$v":"Батарея кам"},{"$i":"battery-shutdown-text","$v":"Батарея қуввати камера учун камлик қилади."},{"$i":"battery-critical-text","$v":"Батарея ўта кам"},{"$i":"battery-verylow-text","$v":"10% батарея қолди"},{"$i":"battery-low-text","$v":"15% батарея қолди"},{"$i":"camera-unavailable-title","$v":"Камера ишламайди"},{"$i":"camera-unavailable-text","$v":"Бош. дастур камерани ишл-да."},{"$i":"hdr","$v":"HDR"},{"$i":"hdr-header","$v":[{"t":"idOrVar","v":"hdr"}]},{"$i":"hdr-on","$v":"Ёниқ"},{"$i":"hdr-off","$v":"Ўчиқ"},{"$i":"hdr-deactivated","$v":"(HDR ўчди)"},{"$i":"grid","$v":"Панжара чизиқлари"},{"$i":"grid-header","$v":[{"t":"idOrVar","v":"grid"}]},{"$i":"grid-on","$v":"Ёниқ"},{"$i":"grid-off","$v":"Ўчиқ"},{"$i":"flash","$v":"Чақноқ"},{"$i":"flash-on","$v":"Ёниқ"},{"$i":"flash-off","$v":"Ўчиқ"},{"$i":"flash-auto","$v":"Автоматик"},{"$i":"flash-deactivated","$v":"(Чақноқ ўчди)"},{"$i":"Photo-Mode","$v":"Сурат режими"},{"$i":"Video-Mode","$v":"Видео режими"},{"$i":"options","$v":"Параметрлар"},{"$i":"open-gallery","$v":"Галереяни очиш"},{"$i":"preview","$v":"Олдиндан кўриш"},{"$i":"gallery","$v":"Галерея"},{"$i":"gallery-option","$v":"Галереяга ўтиш"},{"$i":"video","$v":"Видео"},{"$i":"video-option","$v":"Видеога ўтиш"},{"$i":"switch-modes","$v":"Режимлар"},{"$i":"photo-mode","$v":"Сурат режими"},{"$i":"video-mode","$v":"Видео режими"},{"$i":"switch-resolution","$v":"Пикселлар сиғими"},{"$i":"low-resolution","$v":"Кам"},{"$i":"medium-resolution","$v":"Ўртача"},{"$i":"standard-resolution","$v":"Стандарт"},{"$i":"high-resolution","$v":"Юқори"},{"$i":"set-resolution-to","$v":"Сиғим бунга қўйилди:"},{"$i":"insert-sdcard-title","$v":"СД картани йоылаштиринг"},{"$i":"insert-sdcard-text","$v":"Mediya xotirasini kengaytirish uchun SD-kartani solishingiz mumkin."},{"$i":"pause","$v":"Пауза"},{"$i":"close-menu-button","ariaLabel":"Менюни ёпиш"},{"$i":"back-button","ariaLabel":"Орқага"},{"$i":"setting-option","ariaLabel":[{"t":"idOrVar","v":"value"}]},{"$i":"setting-option-hdr","ariaLabel":["HDR ",{"t":"idOrVar","v":"value"}]},{"$i":"setting-option-self-timer","ariaLabel":["Таймер ",{"t":"idOrVar","v":"value"}]},{"$i":"setting-option-grid","ariaLabel":["Панжара чизиқлари ",{"t":"idOrVar","v":"value"}]},{"$i":"setting-option-scene-mode","ariaLabel":["Саҳна режими ",{"t":"idOrVar","v":"value"}]},{"$i":"setting-option-camera-resolution","ariaLabel":["Камера сиғими ",{"t":"idOrVar","v":"value"}]},{"$i":"setting-option-video-resolution","ariaLabel":["Видео пиксел зич. ",{"t":"idOrVar","v":"value"}]},{"$i":"flash-on-button","ariaLabel":"Чақноқ ёниқ"},{"$i":"flash-off-button","ariaLabel":"Чақноқ ўчиқ"},{"$i":"flash-auto-button","ariaLabel":"Чақноқ авто"},{"$i":"switch-camera","$v":"Камерани танлаш"},{"$i":"toggle-camera-front-button","$v":"Олд камера","ariaLabel":"Олд камера"},{"$i":"toggle-camera-rear-button","$v":"Орқа камера","ariaLabel":"Орқа камера"},{"$i":"menu-button","ariaLabel":"Меню"},{"$i":"preview-button","ariaLabel":"Олдиндан кўриш"},{"$i":"controls-button-close","ariaLabel":"Ёпиш"},{"$i":"share-button","ariaLabel":"Баҳам кўриш"},{"$i":"more-button","ariaLabel":"Яна"},{"$i":"media-frame","ariaLabel":["Кадр: ",{"t":"idOrVar","v":"current"}," / ",{"t":"idOrVar","v":"total"}],"ariaMozHint":"2 бармоқ билан чапга суриб кейингисига, ўнгга суриб, аввалгисига ўтинг"},{"$i":"zoom","$v":"Миқёс"},{"$i":"zoom-in","$v":"Яқинлаштириш"},{"$i":"zoom-out","$v":"Узоқлаштириш"},{"$i":"volume","$v":"Товуш баландлиги"},{"$i":"share","$v":"Улашиш"},{"$i":"set-as-wallpaper","$v":"Фон расми қилиш"},{"$i":"set","$v":"Қўйиш"},{"$i":"wallpaper-set","$v":"Фон расми қўйилди."},{"$i":"photo-deleted","$v":"Rasm o'chirildi."},{"$i":"ftu-info","$v":"Сурат ёки видео режимига ўтиш учун ЧАП ва ЎНГ тугмани босинг."},{"$i":"fullscreen","$v":"Тўлиқ экран"},{"$i":"video-deleted","$v":"Video o‘chirib tashlandi."},{"$i":"welcome","$v":"Камерага марҳабо"},{"$i":"ok","$v":"Ok"},{"$i":"settings","$v":"Созламалар"},{"$i":"selected","$v":"selected"},{"$i":"unselected","$v":"tanlanmagan"},{"$i":"camera-disabled","$v":"Ushbu amal o'chirilgan. Qo'shimcha ma'lumot olish uchun tashkilot ma'muriga murojaat qiling."},{"$i":"action-not-allowed","$v":"Harakatga ruxsat berilmagan"}]