[{"$i":"nospace1-title","$v":"Thẻ SD Đầy"},{"$i":"nospace1-text","$v":"Xóa các tập tin trong thẻ SD để giải phóng dung lượng trống."},{"$i":"nospace2-title","$v":"Bộ nhớ Điện thoại Đầy"},{"$i":"nospace2-text","$v":"Xóa tập tin phương tiện hoặc dữ liệu ứng dụng để giải phóng dung lượng trống. Bạn cũng có thể lắp thẻ SD để mở rộng bộ nhớ phương tiện."},{"$i":"confirmation","$v":"Xác nhận"},{"$i":"error-saving-title","$v":"Ảnh chưa được lưu"},{"$i":"error-saving-text","$v":"Lỗi đã khiến Camera không lưu được ảnh."},{"$i":"error-recording-title","$v":"Video không được ghi lại"},{"$i":"error-recording-text","$v":"Lỗi đã khiến Camera không quay được video."},{"$i":"error-video-file-path-title","$v":"Video không được ghi lại"},{"$i":"error-video-file-path-text","$v":"Lỗi khi tạo đường dẫn tập tin video."},{"$i":"nocard2-title","$v":"Không tìm thấy thẻ nhớ"},{"$i":"nocard3-text","$v":"Lắp thẻ SD để chụp ảnh hoặc quay video."},{"$i":"pluggedin2-title","$v":"Không thể sử dụng camera trong khi điện thoại được cắm"},{"$i":"pluggedin2-text","$v":"Bộ nhớ đang được sử dụng. Vui lòng rút phích cắm điện thoại để chụp ảnh."},{"$i":"storage-size-limit-reached","$v":"Bạn đã hết dung lượng lưu trữ đa phương tiện."},{"$i":"activity-size-limit-reached","$v":"Bạn đã đạt đến kích cỡ tập tin tối đa cho tệp đính kèm này."},{"$i":"camera","$v":"Camera"},{"$i":"retake","$v":"Chụp lại"},{"$i":"done","$v":"Đã xong"},{"$i":"select","$v":"Chọn"},{"$i":"close","$v":"Đóng"},{"$i":"delete-photo?","$v":"Xóa ảnh?"},{"$i":"delete-video?","$v":"Xóa video?"},{"$i":"cancel","$v":"Hủy"},{"$i":"delete","$v":"Xóa"},{"$i":"mp","$v":"MP"},{"$i":"camera-resolution","$v":"Độ phân giải Camera"},{"$i":"camera-resolution-header","$v":[{"t":"idOrVar","v":"camera-resolution"}]},{"$i":"video-resolution","$v":"Độ phân giải Video"},{"$i":"video-resolution-header","$v":[{"t":"idOrVar","v":"video-resolution"}]},{"$i":"scene-mode","$v":"Chế độ Cảnh"},{"$i":"scene-mode-header","$v":[{"t":"idOrVar","v":"scene-mode"}]},{"$i":"self-timer","$v":"Tự hẹn giờ"},{"$i":"self-timer-header","$v":[{"t":"idOrVar","v":"self-timer"}]},{"$i":"self-timer-off","$v":"Tắt"},{"$i":"self-timer-3-seconds","$v":"3 giây"},{"$i":"self-timer-5-seconds","$v":"5 giây"},{"$i":"self-timer-10-seconds","$v":"10 giây"},{"$i":"battery-shutdown-title","$v":"Pin Yếu"},{"$i":"battery-shutdown-text","$v":"Mức pin quá thấp để sử dụng camera."},{"$i":"battery-critical-text","$v":"Pin rất yếu"},{"$i":"battery-verylow-text","$v":"còn lại 10% pin"},{"$i":"battery-low-text","$v":"còn lại 15% pin"},{"$i":"camera-unavailable-title","$v":"Camera Không khả dụng"},{"$i":"camera-unavailable-text","$v":"Camera đang được ứng dụng khác sử dụng."},{"$i":"hdr","$v":"HDR"},{"$i":"hdr-header","$v":[{"t":"idOrVar","v":"hdr"}]},{"$i":"hdr-on","$v":"Bật"},{"$i":"hdr-off","$v":"Tắt"},{"$i":"hdr-deactivated","$v":"(Đã hủy kích hoạt HDR)"},{"$i":"grid","$v":"Lưới"},{"$i":"grid-header","$v":[{"t":"idOrVar","v":"grid"}]},{"$i":"grid-on","$v":"Bật"},{"$i":"grid-off","$v":"Tắt"},{"$i":"flash","$v":"Đèn flash"},{"$i":"flash-on","$v":"Bật"},{"$i":"flash-off","$v":"Tắt"},{"$i":"flash-auto","$v":"Tự động"},{"$i":"flash-deactivated","$v":"(Đã hủy kích hoạt đèn flash)"},{"$i":"Photo-Mode","$v":"Chế độ Ảnh"},{"$i":"Video-Mode","$v":"Chế độ Video"},{"$i":"options","$v":"Tùy chọn"},{"$i":"open-gallery","$v":"Mở Gallery (Bộ sưu tập)"},{"$i":"preview","$v":"Xem trước"},{"$i":"gallery","$v":"Bộ sưu tập"},{"$i":"gallery-option","$v":"Đi đến Gallery (Bộ sưu tập)"},{"$i":"video","$v":"Video"},{"$i":"video-option","$v":"Đi tới Video"},{"$i":"switch-modes","$v":"Chế độ"},{"$i":"photo-mode","$v":"Chế độ ảnh"},{"$i":"video-mode","$v":"Chế độ video"},{"$i":"switch-resolution","$v":"Độ phân giải"},{"$i":"low-resolution","$v":"Yếu"},{"$i":"medium-resolution","$v":"Trung bình"},{"$i":"standard-resolution","$v":"Tiêu chuẩn"},{"$i":"high-resolution","$v":"Cao"},{"$i":"set-resolution-to","$v":"Đặt độ phân giải thành"},{"$i":"insert-sdcard-title","$v":"Lắp Thẻ SD"},{"$i":"insert-sdcard-text","$v":"Bạn có thể lắp thẻ SD để mở rộng bộ nhớ phương tiện."},{"$i":"pause","$v":"Tạm dừng"},{"$i":"close-menu-button","ariaLabel":"Đóng menu"},{"$i":"back-button","ariaLabel":"Quay lại"},{"$i":"setting-option","ariaLabel":[{"t":"idOrVar","v":"value"}]},{"$i":"setting-option-hdr","ariaLabel":["HDR ",{"t":"idOrVar","v":"value"}]},{"$i":"setting-option-self-timer","ariaLabel":["Bộ Tự Hẹn giờ ",{"t":"idOrVar","v":"value"}]},{"$i":"setting-option-grid","ariaLabel":["Lưới ",{"t":"idOrVar","v":"value"}]},{"$i":"setting-option-scene-mode","ariaLabel":["Chế độ Cảnh ",{"t":"idOrVar","v":"value"}]},{"$i":"setting-option-camera-resolution","ariaLabel":["Độ phân giải Camera ",{"t":"idOrVar","v":"value"}]},{"$i":"setting-option-video-resolution","ariaLabel":["Độ phân giải Video ",{"t":"idOrVar","v":"value"}]},{"$i":"flash-on-button","ariaLabel":"Bật đèn Flash"},{"$i":"flash-off-button","ariaLabel":"Tắt đèn Flash"},{"$i":"flash-auto-button","ariaLabel":"Đèn flash Tự động"},{"$i":"switch-camera","$v":"Lựa chọn Camera"},{"$i":"toggle-camera-front-button","$v":"Trước","ariaLabel":"Trước"},{"$i":"toggle-camera-rear-button","$v":"Phía sau","ariaLabel":"Phía sau"},{"$i":"menu-button","ariaLabel":"Menu"},{"$i":"preview-button","ariaLabel":"Xem trước"},{"$i":"controls-button-close","ariaLabel":"Đóng"},{"$i":"share-button","ariaLabel":"Chia sẻ"},{"$i":"more-button","ariaLabel":"Thêm"},{"$i":"media-frame","ariaLabel":["Khung ",{"t":"idOrVar","v":"current"}," / ",{"t":"idOrVar","v":"total"}],"ariaMozHint":"Vuốt sang trái bằng 2 ngón tay để chuyển sang phần tiếp theo hoặc vuốt sang phải để chuyển sang phần trước"},{"$i":"zoom","$v":"Thu phóng"},{"$i":"zoom-in","$v":"Phóng To"},{"$i":"zoom-out","$v":"Thu Nhỏ"},{"$i":"volume","$v":"Âm lượng"},{"$i":"share","$v":"Chia sẻ"},{"$i":"set-as-wallpaper","$v":"Đặt làm hình nền"},{"$i":"set","$v":"Đặt"},{"$i":"wallpaper-set","$v":"Đặt hình nền."},{"$i":"photo-deleted","$v":"Đã xóa ảnh"},{"$i":"ftu-info","$v":"Nhấn phím TRÁI và PHẢI để chuyển dổi giữa chế độ Ảnh và Video"},{"$i":"fullscreen","$v":"Toàn Màn hình"},{"$i":"video-deleted","$v":"Đã xóa video"},{"$i":"welcome","$v":"Chào mừng đến với Camera"},{"$i":"ok","$v":"OK"},{"$i":"settings","$v":"Cài đặt"},{"$i":"selected","$v":"đã chọn"},{"$i":"unselected","$v":"chưa được chọn"},{"$i":"camera-disabled","$v":"Hành động này bị vô hiệu hóa. Để tìm hiểu thêm, vui lòng liên hệ quản trị viên tổ chức của bạn."},{"$i":"action-not-allowed","$v":"Hành động không được cho phép"}]