[{"$i":"nospace1-title","$v":"Ligcwele ikhadi lokugcina"},{"$i":"nospace1-text","$v":"Cima ezinye iifayile kwikhadi leSD ukuze kuvuleke indawo"},{"$i":"nospace2-title","$v":"Umnxeba ugcwele"},{"$i":"nospace2-text","$v":"Susa ezi zinto ukuze uvule indawo. Ungafaka nekgadi leSD ukuvula indawo"},{"$i":"confirmation","$v":"IsiQinisekiso"},{"$i":"error-saving-title","$v":"Umfanekiso awugcinwanga"},{"$i":"error-saving-text","$v":"Impazamo ithintele iKhamera ekugcineni umfanekiso."},{"$i":"error-recording-title","$v":"Ividiyo ayirekhodwanga"},{"$i":"error-recording-text","$v":"Impazamo ithintele iKhamera ekurekhodeni ividiyo."},{"$i":"error-video-file-path-title","$v":"Ividiyo ayirekhodwanga"},{"$i":"error-video-file-path-text","$v":"Impazamo ekuyileni umzila wefayile yevidiyo."},{"$i":"nocard2-title","$v":"Alikho ikhadi lememori elifunyenweyo"},{"$i":"nocard3-text","$v":"Faka ikhadi leSD ukuze uthathe amafoto okanye iividiyo"},{"$i":"pluggedin2-title","$v":"Ikhamera ayinakusetyenziswa ngoxa ifowuni iplagiwe"},{"$i":"pluggedin2-text","$v":"Ugcino luyasebenza okwangoku. Nceda ukhuphe ifowuni eplagini ukuze uthathe imifanekiso."},{"$i":"storage-size-limit-reached","$v":"Uphelelwe sisithu sokugcina imidiya."},{"$i":"activity-size-limit-reached","$v":"Ufikelele elona nani liphezulu lesayizi yefayile yesi siqhotyoshelwa."},{"$i":"camera","$v":"Ikhamera"},{"$i":"retake","$v":"Thathisa"},{"$i":"done","$v":"Igqibile"},{"$i":"select","$v":"Khetha"},{"$i":"close","$v":"Vala"},{"$i":"delete-photo?","$v":"Icime ifoto?"},{"$i":"delete-video?","$v":"Icinywe le vidiyo?"},{"$i":"cancel","$v":"Rhoxisa"},{"$i":"delete","$v":"Cima"},{"$i":"mp","$v":"MP"},{"$i":"camera-resolution","$v":"Irizolushini Yekhamera"},{"$i":"camera-resolution-header","$v":[{"t":"idOrVar","v":"camera-resolution"}]},{"$i":"video-resolution","$v":"i-Rizolushini yevidiyo"},{"$i":"video-resolution-header","$v":[{"t":"idOrVar","v":"video-resolution"}]},{"$i":"scene-mode","$v":"Imowudi Yomboniso"},{"$i":"scene-mode-header","$v":[{"t":"idOrVar","v":"scene-mode"}]},{"$i":"self-timer","$v":"Ukuthayima"},{"$i":"self-timer-header","$v":[{"t":"idOrVar","v":"self-timer"}]},{"$i":"self-timer-off","$v":"Cimile"},{"$i":"self-timer-3-seconds","$v":"3 imizuzwana"},{"$i":"self-timer-5-seconds","$v":"5 imizuzwana"},{"$i":"self-timer-10-seconds","$v":"10 imizuzwana"},{"$i":"battery-shutdown-title","$v":"Ibhetri Iphantsi"},{"$i":"battery-shutdown-text","$v":"Izinga lebhetri liphantsi kakhulu ukuba ungasebenzisa ikhamera."},{"$i":"battery-critical-text","$v":"Ibhetri iphantsi gqitha"},{"$i":"battery-verylow-text","$v":"10% ibhetri eseleyo"},{"$i":"battery-low-text","$v":"15% ibhetri eseleyo"},{"$i":"camera-unavailable-title","$v":"Ikhamera Ayikho"},{"$i":"camera-unavailable-text","$v":"Ikhamera isetyenziswa yenye iaphu."},{"$i":"hdr","$v":"HDR"},{"$i":"hdr-header","$v":[{"t":"idOrVar","v":"hdr"}]},{"$i":"hdr-on","$v":"Layitile"},{"$i":"hdr-off","$v":"Cimile"},{"$i":"hdr-deactivated","$v":"(I-HDR yenziwe ayasebenza)"},{"$i":"grid","$v":"Igridi"},{"$i":"grid-header","$v":[{"t":"idOrVar","v":"grid"}]},{"$i":"grid-on","$v":"Layitile"},{"$i":"grid-off","$v":"Cimile"},{"$i":"flash","$v":"Ifleshi"},{"$i":"flash-on","$v":"Layitile"},{"$i":"flash-off","$v":"Cimile"},{"$i":"flash-auto","$v":"Ezenzekelayo"},{"$i":"flash-deactivated","$v":"(Ifleshi yenziwe ayasebenza)"},{"$i":"Photo-Mode","$v":"IMowudi yeFoto"},{"$i":"Video-Mode","$v":"IMowudi yevidiyo"},{"$i":"options","$v":"Ukhetho"},{"$i":"open-gallery","$v":"Vula iGalari"},{"$i":"preview","$v":"Ukubona kwangaphambili"},{"$i":"gallery","$v":"Igalari"},{"$i":"gallery-option","$v":"Yiya Kwigalari"},{"$i":"video","$v":"Kwividiyo"},{"$i":"video-option","$v":"Yiya Kwividiyo"},{"$i":"switch-modes","$v":"Iimowudi"},{"$i":"photo-mode","$v":"IMowudi yeFoto"},{"$i":"video-mode","$v":"IMowudi yevidiyo"},{"$i":"switch-resolution","$v":"IRizolushini"},{"$i":"low-resolution","$v":"Iphantsi"},{"$i":"medium-resolution","$v":"Phakathi"},{"$i":"standard-resolution","$v":"Umlinganiselo"},{"$i":"high-resolution","$v":"Phezulu"},{"$i":"set-resolution-to","$v":"Irizolushini isetelwe"},{"$i":"insert-sdcard-title","$v":"Faka ikhadi"},{"$i":"insert-sdcard-text","$v":"Ufaka ikhadi ukuze wandise indawo yezinto"},{"$i":"pause","$v":"Nqumamisa"},{"$i":"close-menu-button","ariaLabel":"Vala imenyu"},{"$i":"back-button","ariaLabel":"Emva"},{"$i":"setting-option","ariaLabel":[{"t":"idOrVar","v":"value"}]},{"$i":"setting-option-hdr","ariaLabel":["HDR ",{"t":"idOrVar","v":"value"}]},{"$i":"setting-option-self-timer","ariaLabel":["Ukuzithayima ",{"t":"idOrVar","v":"value"}]},{"$i":"setting-option-grid","ariaLabel":["Igridi ",{"t":"idOrVar","v":"value"}]},{"$i":"setting-option-scene-mode","ariaLabel":["Imowudi Yomboniso ",{"t":"idOrVar","v":"value"}]},{"$i":"setting-option-camera-resolution","ariaLabel":["Irizolushini Yekhamera ",{"t":"idOrVar","v":"value"}]},{"$i":"setting-option-video-resolution","ariaLabel":["i-Rizolushini yevidiyo ",{"t":"idOrVar","v":"value"}]},{"$i":"flash-on-button","ariaLabel":"Ifleshi Ilayitile"},{"$i":"flash-off-button","ariaLabel":"Ifleshi Icimile"},{"$i":"flash-auto-button","ariaLabel":"Okuzenzekelayo Kwefleshi"},{"$i":"switch-camera","$v":"Ukhetho Lwekhamera"},{"$i":"toggle-camera-front-button","$v":"Phambili","ariaLabel":"Phambili"},{"$i":"toggle-camera-rear-button","$v":"Nqabile","ariaLabel":"Nqabile"},{"$i":"menu-button","ariaLabel":"Imenyu"},{"$i":"preview-button","ariaLabel":"Ukubona kwangaphambili"},{"$i":"controls-button-close","ariaLabel":"Vala"},{"$i":"share-button","ariaLabel":"Yabelana"},{"$i":"more-button","ariaLabel":"Ngaphezulu"},{"$i":"media-frame","ariaLabel":["Ifreymu ",{"t":"idOrVar","v":"current"}," ye ",{"t":"idOrVar","v":"total"}],"ariaMozHint":"Swayiphela ngasekhohlo ngeminwe emi-2 ukuze utsibele kokulandelayo, okanye uswayiphele ngasekunene ukuze utsibele kokungaphambili"},{"$i":"zoom","$v":"Zuma"},{"$i":"zoom-in","$v":"Zuma Unciphise"},{"$i":"zoom-out","$v":"Zuma Wandise"},{"$i":"volume","$v":"Ivolyum"},{"$i":"share","$v":"Yabelana"},{"$i":"set-as-wallpaper","$v":"Seta njengephepha lodonga"},{"$i":"set","$v":"Seta"},{"$i":"wallpaper-set","$v":"Iphepha lodonga lisetiwe."},{"$i":"photo-deleted","$v":"Ifoto icinyiwe"},{"$i":"ftu-info","$v":"Cofa iqhosha LASEKHOHLO NELASEKUNENE ukuze utshintshe phakathi kweemowudi zeFoto nezeVidiyo."},{"$i":"fullscreen","$v":"Isikrini Esigcweleyo"},{"$i":"video-deleted","$v":"Ividiyo icinyiwe"},{"$i":"welcome","$v":"Siyakwamkela kwiKhamera"},{"$i":"ok","$v":"Kulungile"},{"$i":"settings","$v":"Iisetingi"},{"$i":"selected","$v":"ezikhethiweyo"},{"$i":"unselected","$v":"Ayikhethwanga"},{"$i":"camera-disabled","$v":"Esi senzo senziwe asasebenza. Ukuze ufumane okungakumbi, qhagamshelana ne-admin yenkampani yakho."},{"$i":"action-not-allowed","$v":"Isenzo asivumelekanga"}]