[{"$i":"nospace1-title","$v":"SD 卡已满"},{"$i":"nospace1-text","$v":"删除 SD 卡中的文件以释放空间。"},{"$i":"nospace2-title","$v":"手机存储已满。"},{"$i":"nospace2-text","$v":"删除媒体文件或应用数据以释放空间。也可以插入 SD 卡以扩展媒体存储空间。"},{"$i":"confirmation","$v":"确认"},{"$i":"error-saving-title","$v":"图片未保存"},{"$i":"error-saving-text","$v":"发生错误，未保存图片"},{"$i":"error-recording-title","$v":"视频未记录"},{"$i":"error-recording-text","$v":"发生错误，无法录制视频"},{"$i":"error-video-file-path-title","$v":"未录下视频"},{"$i":"error-video-file-path-text","$v":"创建视频文件路径时出错。"},{"$i":"nocard2-title","$v":"未发现存储卡"},{"$i":"nocard3-text","$v":"插入 SD 卡以拍照或摄影。"},{"$i":"pluggedin2-title","$v":"手机连接至电脑时无法使用相机"},{"$i":"pluggedin2-text","$v":"存储正在使用中。如需拍照，请将手机拔下。"},{"$i":"storage-size-limit-reached","$v":"媒体存储空间已用完。"},{"$i":"activity-size-limit-reached","$v":"此附件已达到最大文件大小。"},{"$i":"camera","$v":"相机"},{"$i":"retake","$v":"重拍"},{"$i":"done","$v":"完成"},{"$i":"select","$v":"选择"},{"$i":"close","$v":"关闭"},{"$i":"delete-photo?","$v":"删除照片？"},{"$i":"delete-video?","$v":"删除视频？"},{"$i":"cancel","$v":"取消"},{"$i":"delete","$v":"删除"},{"$i":"mp","$v":"MP"},{"$i":"camera-resolution","$v":"相机分辨率"},{"$i":"camera-resolution-header","$v":[{"t":"idOrVar","v":"camera-resolution"}]},{"$i":"video-resolution","$v":"视频分辨率"},{"$i":"video-resolution-header","$v":[{"t":"idOrVar","v":"video-resolution"}]},{"$i":"scene-mode","$v":"取景模式"},{"$i":"scene-mode-header","$v":[{"t":"idOrVar","v":"scene-mode"}]},{"$i":"self-timer","$v":"自拍计时"},{"$i":"self-timer-header","$v":[{"t":"idOrVar","v":"self-timer"}]},{"$i":"self-timer-off","$v":"关闭"},{"$i":"self-timer-3-seconds","$v":"3秒"},{"$i":"self-timer-5-seconds","$v":"5 秒"},{"$i":"self-timer-10-seconds","$v":"10秒"},{"$i":"battery-shutdown-title","$v":"电量不足"},{"$i":"battery-shutdown-text","$v":"电量不足，无法使用相机"},{"$i":"battery-critical-text","$v":"电量严重不足"},{"$i":"battery-verylow-text","$v":"剩余10%电量"},{"$i":"battery-low-text","$v":"剩余15%电量"},{"$i":"camera-unavailable-title","$v":"相机不可用"},{"$i":"camera-unavailable-text","$v":"相机被另一应用占用。"},{"$i":"hdr","$v":"HDR"},{"$i":"hdr-header","$v":[{"t":"idOrVar","v":"hdr"}]},{"$i":"hdr-on","$v":"开启"},{"$i":"hdr-off","$v":"关闭"},{"$i":"hdr-deactivated","$v":"（已停用 HDR）"},{"$i":"grid","$v":"网格"},{"$i":"grid-header","$v":[{"t":"idOrVar","v":"grid"}]},{"$i":"grid-on","$v":"开启"},{"$i":"grid-off","$v":"关闭"},{"$i":"flash","$v":"闪光灯"},{"$i":"flash-on","$v":"开启"},{"$i":"flash-off","$v":"关闭"},{"$i":"flash-auto","$v":"自动"},{"$i":"flash-deactivated","$v":"（已停用闪光灯）"},{"$i":"Photo-Mode","$v":"拍照模式"},{"$i":"Video-Mode","$v":"录像模式"},{"$i":"options","$v":"选项"},{"$i":"open-gallery","$v":"打开图库"},{"$i":"preview","$v":"预览"},{"$i":"gallery","$v":"图库"},{"$i":"gallery-option","$v":"前往图库"},{"$i":"video","$v":"视频"},{"$i":"video-option","$v":"前往视频"},{"$i":"switch-modes","$v":"模式"},{"$i":"photo-mode","$v":"拍照模式"},{"$i":"video-mode","$v":"录像模式"},{"$i":"switch-resolution","$v":"分辨率"},{"$i":"low-resolution","$v":"低画质"},{"$i":"medium-resolution","$v":"中画质"},{"$i":"standard-resolution","$v":"标准"},{"$i":"high-resolution","$v":"高画质"},{"$i":"set-resolution-to","$v":"分辨率设置为"},{"$i":"insert-sdcard-title","$v":"插入 SD 卡"},{"$i":"insert-sdcard-text","$v":"可以插入 SD 卡以扩展媒体存储空间。"},{"$i":"pause","$v":"暂停"},{"$i":"close-menu-button","ariaLabel":"关闭菜单"},{"$i":"back-button","ariaLabel":"上一步"},{"$i":"setting-option","ariaLabel":[{"t":"idOrVar","v":"value"}]},{"$i":"setting-option-hdr","ariaLabel":["HDR ",{"t":"idOrVar","v":"value"}]},{"$i":"setting-option-self-timer","ariaLabel":["定时自拍 ",{"t":"idOrVar","v":"value"}]},{"$i":"setting-option-grid","ariaLabel":["网格 ",{"t":"idOrVar","v":"value"}]},{"$i":"setting-option-scene-mode","ariaLabel":["场景模式 ",{"t":"idOrVar","v":"value"}]},{"$i":"setting-option-camera-resolution","ariaLabel":["相机分辨率 ",{"t":"idOrVar","v":"value"}]},{"$i":"setting-option-video-resolution","ariaLabel":["视频分辨率 ",{"t":"idOrVar","v":"value"}]},{"$i":"flash-on-button","ariaLabel":"打开闪光灯"},{"$i":"flash-off-button","ariaLabel":"关闭闪光灯"},{"$i":"flash-auto-button","ariaLabel":"自动闪光灯"},{"$i":"switch-camera","$v":"相机选择"},{"$i":"toggle-camera-front-button","$v":"前置相机","ariaLabel":"前置相机"},{"$i":"toggle-camera-rear-button","$v":"后置摄像头","ariaLabel":"后置摄像头"},{"$i":"menu-button","ariaLabel":"菜单"},{"$i":"preview-button","ariaLabel":"预览"},{"$i":"controls-button-close","ariaLabel":"关闭"},{"$i":"share-button","ariaLabel":"分享"},{"$i":"more-button","ariaLabel":"更多"},{"$i":"media-frame","ariaLabel":["第 ",{"t":"idOrVar","v":"current"}," 帧，共 ",{"t":"idOrVar","v":"total"}," 帧"],"ariaMozHint":"双指向左滑动跳至下一个，或向右滑动跳至上一个"},{"$i":"zoom","$v":"缩放"},{"$i":"zoom-in","$v":"放大"},{"$i":"zoom-out","$v":"缩小"},{"$i":"volume","$v":"音量"},{"$i":"share","$v":"分享"},{"$i":"set-as-wallpaper","$v":"设为壁纸"},{"$i":"set","$v":"设置"},{"$i":"wallpaper-set","$v":"壁纸已设置。"},{"$i":"photo-deleted","$v":"照片已删除"},{"$i":"ftu-info","$v":"按左键和右键，可在拍照和录像模式间切换。"},{"$i":"fullscreen","$v":"全屏"},{"$i":"video-deleted","$v":"视频已删除"},{"$i":"welcome","$v":"欢迎使用相机"},{"$i":"ok","$v":"确定"},{"$i":"settings","$v":"设置"},{"$i":"selected","$v":"选中"},{"$i":"unselected","$v":"未选择"},{"$i":"camera-disabled","$v":"该操作已被禁用。请联系您的组织管理员以了解更多。"},{"$i":"action-not-allowed","$v":"不允许此操作"}]