[{"$i":"nospace1-title","$v":"SD卡已滿。"},{"$i":"nospace1-text","$v":"刪除SD卡中的檔案以釋放空間。"},{"$i":"nospace2-title","$v":"手機儲存空間已滿。"},{"$i":"nospace2-text","$v":"刪除媒體檔案或應用程式資料以釋放空間。您還可以插入SD卡來擴充媒體儲存空間。"},{"$i":"confirmation","$v":"確認"},{"$i":"error-saving-title","$v":"圖片未儲存"},{"$i":"error-saving-text","$v":"發生錯誤，相機無法儲存圖片。"},{"$i":"error-recording-title","$v":"未錄製影片"},{"$i":"error-recording-text","$v":"發生錯誤，相機無法錄製影片。"},{"$i":"error-video-file-path-title","$v":"未錄製影片"},{"$i":"error-video-file-path-text","$v":"建立影片檔案路徑時發生錯誤。"},{"$i":"nocard2-title","$v":"找不到記憶卡"},{"$i":"nocard3-text","$v":"插入SD卡以拍攝照片或視頻。"},{"$i":"pluggedin2-title","$v":"當手機插上電源時無法使用相機"},{"$i":"pluggedin2-text","$v":"儲存空間目前正在使用中。請拔除手機以拍攝圖片。"},{"$i":"storage-size-limit-reached","$v":"媒體儲存空間不足。"},{"$i":"activity-size-limit-reached","$v":"已達此附件的檔案大小上限。"},{"$i":"camera","$v":"相機"},{"$i":"retake","$v":"重拍"},{"$i":"done","$v":"已完成"},{"$i":"select","$v":"選取"},{"$i":"close","$v":"關閉"},{"$i":"delete-photo?","$v":"刪除此相片？"},{"$i":"delete-video?","$v":"刪除影片？"},{"$i":"cancel","$v":"取消"},{"$i":"delete","$v":"刪除"},{"$i":"mp","$v":"MP"},{"$i":"camera-resolution","$v":"相機解析度"},{"$i":"camera-resolution-header","$v":[{"t":"idOrVar","v":"camera-resolution"}]},{"$i":"video-resolution","$v":"影片解析度"},{"$i":"video-resolution-header","$v":[{"t":"idOrVar","v":"video-resolution"}]},{"$i":"scene-mode","$v":"場景模式"},{"$i":"scene-mode-header","$v":[{"t":"idOrVar","v":"scene-mode"}]},{"$i":"self-timer","$v":"自動計時器"},{"$i":"self-timer-header","$v":[{"t":"idOrVar","v":"self-timer"}]},{"$i":"self-timer-off","$v":"關閉"},{"$i":"self-timer-3-seconds","$v":"3秒"},{"$i":"self-timer-5-seconds","$v":"5秒"},{"$i":"self-timer-10-seconds","$v":"10秒"},{"$i":"battery-shutdown-title","$v":"電量不足"},{"$i":"battery-shutdown-text","$v":"電池電量過低，無法使用相機。"},{"$i":"battery-critical-text","$v":"電量嚴重不足"},{"$i":"battery-verylow-text","$v":"剩餘10%電量"},{"$i":"battery-low-text","$v":"剩餘15%電量"},{"$i":"camera-unavailable-title","$v":"相機不可用"},{"$i":"camera-unavailable-text","$v":"相機正由另一個應用程式使用。"},{"$i":"hdr","$v":"HDR"},{"$i":"hdr-header","$v":[{"t":"idOrVar","v":"hdr"}]},{"$i":"hdr-on","$v":"開啟"},{"$i":"hdr-off","$v":"關閉"},{"$i":"hdr-deactivated","$v":"(HDR已關閉)"},{"$i":"grid","$v":"格線"},{"$i":"grid-header","$v":[{"t":"idOrVar","v":"grid"}]},{"$i":"grid-on","$v":"開啟"},{"$i":"grid-off","$v":"關閉"},{"$i":"flash","$v":"閃光燈"},{"$i":"flash-on","$v":"開啟"},{"$i":"flash-off","$v":"關閉"},{"$i":"flash-auto","$v":"自動"},{"$i":"flash-deactivated","$v":"(閃光燈已關閉)"},{"$i":"Photo-Mode","$v":"相片模式"},{"$i":"Video-Mode","$v":"影片模式"},{"$i":"options","$v":"選項"},{"$i":"open-gallery","$v":"開啟圖庫"},{"$i":"preview","$v":"預覽"},{"$i":"gallery","$v":"圖庫"},{"$i":"gallery-option","$v":"轉至圖庫"},{"$i":"video","$v":"影片"},{"$i":"video-option","$v":"轉至影片"},{"$i":"switch-modes","$v":"模式"},{"$i":"photo-mode","$v":"相片模式"},{"$i":"video-mode","$v":"影片模式"},{"$i":"switch-resolution","$v":"解析度"},{"$i":"low-resolution","$v":"低"},{"$i":"medium-resolution","$v":"中"},{"$i":"standard-resolution","$v":"標準"},{"$i":"high-resolution","$v":"高"},{"$i":"set-resolution-to","$v":"解析度已設為"},{"$i":"insert-sdcard-title","$v":"插入 SD 卡"},{"$i":"insert-sdcard-text","$v":"您可以插入SD卡來擴展媒體存儲。"},{"$i":"pause","$v":"暫停"},{"$i":"close-menu-button","ariaLabel":"關閉功能表"},{"$i":"back-button","ariaLabel":"返回"},{"$i":"setting-option","ariaLabel":[{"t":"idOrVar","v":"value"}]},{"$i":"setting-option-hdr","ariaLabel":["HDR ",{"t":"idOrVar","v":"value"}]},{"$i":"setting-option-self-timer","ariaLabel":["自動計時器",{"t":"idOrVar","v":"value"}]},{"$i":"setting-option-grid","ariaLabel":["格線",{"t":"idOrVar","v":"value"}]},{"$i":"setting-option-scene-mode","ariaLabel":["場景模式",{"t":"idOrVar","v":"value"}]},{"$i":"setting-option-camera-resolution","ariaLabel":["相機解析度",{"t":"idOrVar","v":"value"}]},{"$i":"setting-option-video-resolution","ariaLabel":["影片解析度",{"t":"idOrVar","v":"value"}]},{"$i":"flash-on-button","ariaLabel":"閃光燈開啟"},{"$i":"flash-off-button","ariaLabel":"閃光燈關閉"},{"$i":"flash-auto-button","ariaLabel":"閃光燈自動"},{"$i":"switch-camera","$v":"相機選擇"},{"$i":"toggle-camera-front-button","$v":"正面相機","ariaLabel":"正面相機"},{"$i":"toggle-camera-rear-button","$v":"後面相機","ariaLabel":"後面相機"},{"$i":"menu-button","ariaLabel":"功能表"},{"$i":"preview-button","ariaLabel":"預覽"},{"$i":"controls-button-close","ariaLabel":"關閉"},{"$i":"share-button","ariaLabel":"分享"},{"$i":"more-button","ariaLabel":"更多"},{"$i":"media-frame","ariaLabel":["畫面",{"t":"idOrVar","v":"current"},"(共",{"t":"idOrVar","v":"total"},")"],"ariaMozHint":"用兩根手指向左滑動以跳轉至下一步，或向右滑動以跳轉至上一步"},{"$i":"zoom","$v":"縮放"},{"$i":"zoom-in","$v":"放大"},{"$i":"zoom-out","$v":"縮小"},{"$i":"volume","$v":"音量"},{"$i":"share","$v":"分享"},{"$i":"set-as-wallpaper","$v":"設定為桌布"},{"$i":"set","$v":"設定"},{"$i":"wallpaper-set","$v":"桌布已設定。"},{"$i":"photo-deleted","$v":"照片已刪除。"},{"$i":"ftu-info","$v":"按左右鍵可在相片模式和影片模式之間切換。"},{"$i":"fullscreen","$v":"全螢幕"},{"$i":"video-deleted","$v":"視頻已刪除。"},{"$i":"welcome","$v":"歡迎使用相機"},{"$i":"ok","$v":"確認"},{"$i":"settings","$v":"設定"},{"$i":"selected","$v":"選中"},{"$i":"unselected","$v":"未選擇"},{"$i":"camera-disabled","$v":"此操作被禁用。要了解更多信息，請與您組織的管理員聯繫。"},{"$i":"action-not-allowed","$v":"不允許採取行動"}]