[{"$i":"manage-title-2","$v":"إدارة النغمات"},{"$i":"actions-share-ringtone","$v":"مشاركة نغمة الرنين"},{"$i":"actions-delete-ringtone","$v":"حذف نغمة الرنين"},{"$i":"actions-share-alerttone","$v":"مشاركة التنبيه"},{"$i":"actions-delete-alerttone","$v":"حذف التنبيه"},{"$i":"actions-cancel","$v":"ألغِ"},{"$i":"delete-title-ringtone","$v":"حذف نغمة الرنين"},{"$i":"delete-title-alerttone","$v":"حذف التنبيه"},{"$i":"delete-desc","$v":["هل تريد بالتأكيد حذف \"",{"t":"idOrVar","v":"tone"},"\"؟"]},{"$i":"delete-desc-default-ringtone","$v":[{"t":"idOrVar","v":"tone"},"\" هي نغمة الرنين الافتراضية الحالية.\n\nهل تريد حذفها بالتأكيد?"]},{"$i":"delete-desc-default-alerttone","$v":[{"t":"idOrVar","v":"tone"},"\" هو التنبيه الافتراضي الحالي.\n\nهل تريد حذفه بالتأكيد?"]},{"$i":"delete-cancel","$v":"ألغِ"},{"$i":"delete-confirm","$v":"حذف"},{"$i":"deleted-ringtone","$v":"تم حذف نغمة الرنين."},{"$i":"deleted-alerttone","$v":"تم حذف التنبيه."},{"$i":"created-tone","$v":"تم إنشاء نغمة الرنين."},{"$i":"set-default-tone","$v":"تم تعيين نغمة الرنين كافتراضية."},{"$i":"file-saved","$v":"تم الحفظ كنغمة رنين."},{"$i":"file-has-saved","$v":"تم حفظه كنغمة رنين من قبل."},{"$i":"file-set-as-default-ringtone","$v":"تم الحفظ كنغمة رنين افتراضية."},{"$i":"file-size-is-too-large","$v":"لم يتم إنشاؤه. حجم الملف كبير جدًا."},{"$i":"sd-card-subtitle","$v":"بطاقة SD"},{"$i":"confirmation","$v":"تأكيد"},{"$i":"pick-title","$v":"تحديد الصوت"},{"$i":"pick-set","$v":"ضبط"},{"$i":"system-ringtones","$v":"نغمات رنين النظام"},{"$i":"my-ringtones","$v":"نغمات الرنين الخاصة بي"},{"$i":"notice-alerts","$v":"تنبيهات الإشعار"},{"$i":"section-title-builtin-ringtone","$v":"نغمات رنين النظام"},{"$i":"section-title-builtin-alerttone","$v":"إنذارات النظام"},{"$i":"section-header-title-ringtone","$v":"نغمات الرنين"},{"$i":"section-header-title-alerttone","$v":"تنبيهات الإشعار"},{"$i":"section-title-custom-ringtone","$v":"نغمات الرنين الخاصة بي"},{"$i":"section-title-custom-alerttone","$v":"تنبيهاتي"},{"$i":"create-title","$v":"حفظ كنغمة رنين"},{"$i":"create-save","$v":"حفظ"},{"$i":"create-cancel","$v":"ألغِ"},{"$i":"create-select","$v":"تحديد"},{"$i":"create-deselect","$v":"إلغاء تحديد"},{"$i":"play-error-title","$v":"الملف تالف"},{"$i":"play-error-desc","$v":"الملف تالف. لا يمكن استخدامه لإنشاء نغمة رنين."},{"$i":"save-error-title","$v":"لم يتم إنشاء نغمة الرنين"},{"$i":"save-error-desc","$v":"حدثت مشكلة أثناء إنشاء نغمة الرنين. الرجاء المحاولة مرة أخرى."},{"$i":"save-file-large","$v":"حجم الملف كبير للغاية."},{"$i":"default-label","$v":"تعيين كنغمة رنين افتراضية"},{"$i":"ok","$v":"موافق"},{"$i":"ringtone-untitled","$v":"غير معنون"},{"$i":"options","$v":"الخيارات"},{"$i":"play","$v":"تشغيل"},{"$i":"stop","$v":"إيقاف"},{"$i":"share","$v":"مشاركة"},{"$i":"delete","$v":"حذف"},{"$i":"cancel","$v":"ألغِ"},{"$i":"select","$v":"تحديد"},{"$i":"add","$v":"إضافة"},{"$i":"no-ringtones","$v":"لا توجد نغمات رنين"},{"$i":"no-ringtones-warning","$v":"لا توجد نغمات رنين. اضغط على إضافة لإضافة نغمة رنين من الموسيقى الخاصة بك."},{"$i":"add-ringtone","$v":"إضافة نغمة رنين"},{"$i":"brandShortName","$v":"KaiOS"},{"$i":"browserBrandShortName","$v":"Web Browser"},{"$i":"browserBrandFullName","$v":"Mozilla Web Browser"},{"$i":"ringtoneBrandName","$v":"Default"},{"$i":"ringtoneSectionBrandName","$v":"System"},{"$i":"ringtone-none","$v":"لا يوجد"},{"$i":"ringer_adventure","$v":"Adventure"},{"$i":"ringer_africa","$v":"أفريقيا"},{"$i":"ringer_bounce","$v":"Bounce"},{"$i":"ringer_disco","$v":"Disco"},{"$i":"ringer_kai","$v":"Kai"},{"$i":"ringer_office","$v":"Office"},{"$i":"ringer_techno","$v":"Techno"},{"$i":"ringer_woody","$v":"Woody"},{"$i":"notifier_bell","$v":"Bell"},{"$i":"notifier_donuts","$v":"Donuts"},{"$i":"notifier_que_paso","$v":"Qué paso"},{"$i":"notifier_shake","$v":"Shake"},{"$i":"notifier_triple","$v":"Triple"},{"$i":"ringer_azalea","$v":"Azalea"},{"$i":"ringer_bloom","$v":"سطوع"},{"$i":"ringer_blove","$v":"Blove"},{"$i":"ringer_city_lights","$v":"أضواء المدينة"},{"$i":"ringer_dots","$v":"نقاط"},{"$i":"ringer_flow","$v":"تدفق"},{"$i":"ringer_fountain","$v":"نافورة"},{"$i":"ringer_fresh","$v":"نقي"},{"$i":"ringer_firefox2","$v":[{"t":"idOrVar","v":"ringtoneBrandName"}]},{"$i":"ringer_illuminate","$v":"أضاء"},{"$i":"ringer_incoming","$v":"وارد"},{"$i":"ringer_silvery","$v":"فضي"},{"$i":"ringer_now_or_never","$v":"الآن وإلا فلا"},{"$i":"ringer_primary","$v":"أساسي"},{"$i":"ringer_pure_guitar","$v":"الغيتار النقي"},{"$i":"ringer_rounded","$v":"مدور"},{"$i":"ringer_spring","$v":"ربيع"},{"$i":"ringer_stargazer","$v":"منجم"},{"$i":"ringer_vaca","$v":"Vaca"},{"$i":"notifier_bells","$v":"أجراس"},{"$i":"notifier_bloom","$v":"سطوع"},{"$i":"notifier_chime","$v":"جرس"},{"$i":"notifier_clicka","$v":"عصبة"},{"$i":"notifier_digi","$v":"ديجي"},{"$i":"notifier_dropplet","$v":"قطيرة"},{"$i":"notifier_firefox2","$v":[{"t":"idOrVar","v":"ringtoneBrandName"}]},{"$i":"notifier_hello","$v":"مرحبًا"},{"$i":"notifier_ping","$v":"Ping"},{"$i":"notifier_plickle","$v":"Plickle"},{"$i":"notifier_pocko","$v":"Pocko"},{"$i":"notifier_quado","$v":"Quado"},{"$i":"notifier_red","$v":"أحمر"},{"$i":"notifier_sato","$v":"Sato"},{"$i":"notifier_trickleup","$v":"Trickle Up"},{"$i":"notifier_trink","$v":"Trink"},{"$i":"notifier_verse","$v":"Verse"},{"$i":"NokiaTune","$v":"NokiaTune"},{"$i":"Arrival","$v":"Arrival"},{"$i":"Barbell","$v":"Barbell"},{"$i":"Bird","$v":"Bird"},{"$i":"Bounce","$v":"Bounce"},{"$i":"Brikabrak","$v":"Brikabrak"},{"$i":"Buzzer","$v":"Buzzer"},{"$i":"Cadenza","$v":"Cadenza"},{"$i":"Chirp","$v":"Chirp"},{"$i":"Delays","$v":"Delays"},{"$i":"Distance","$v":"Distance"},{"$i":"Earring","$v":"Earring"},{"$i":"Electronic","$v":"Electronic"},{"$i":"Imperial","$v":"Imperial"},{"$i":"Karimba","$v":"Karimba"},{"$i":"Marbles","$v":"Marbles"},{"$i":"Monkey_drum","$v":"Monkey drum"},{"$i":"Nostalgia","$v":"Nostalgia"},{"$i":"Ring_ring","$v":"Ring ring"},{"$i":"Spirals","$v":"Ring Spirals"},{"$i":"Stones","$v":"Stones"},{"$i":"Timer","$v":"Timer"},{"$i":"Tip_toe","$v":"Tip toe"},{"$i":"Institucional_Rubrica","$v":"Institucional Rubrica"},{"$i":"Calendar_1","$v":"Calendar_1"},{"$i":"Calendar_2","$v":"Calendar_2"},{"$i":"Calendar_3","$v":"Calendar_3"},{"$i":"Message_1","$v":"Message_1"},{"$i":"Message_2","$v":"Message_2"},{"$i":"Message_3","$v":"Message_3"},{"$i":"Message_4","$v":"Message_4"},{"$i":"Message_5","$v":"Message_5"},{"$i":"softkey-options","$v":"الخيارات"}]