[{"$i":"manage-title-2","$v":"Manage Tones"},{"$i":"actions-share-ringtone","$v":"Share ringtone"},{"$i":"actions-delete-ringtone","$v":"Delete ringtone"},{"$i":"actions-share-alerttone","$v":"Share alert"},{"$i":"actions-delete-alerttone","$v":"Delete alert"},{"$i":"actions-cancel","$v":"Cancel"},{"$i":"delete-title-ringtone","$v":"Delete Ringtone"},{"$i":"delete-title-alerttone","$v":"Delete Alert"},{"$i":"delete-desc","$v":["Are you sure you want to delete \"",{"t":"idOrVar","v":"tone"},"\"?"]},{"$i":"delete-desc-default-ringtone","$v":["\"",{"t":"idOrVar","v":"tone"},"\" is the current default ringtone.\n\nAre you sure you want to delete it?"]},{"$i":"delete-desc-default-alerttone","$v":["\"",{"t":"idOrVar","v":"tone"},"\" is the current default alert.\n\nAre you sure you want to delete it?"]},{"$i":"delete-cancel","$v":"Cancel"},{"$i":"delete-confirm","$v":"Delete"},{"$i":"deleted-ringtone","$v":"Ringtone deleted."},{"$i":"deleted-alerttone","$v":"Alert deleted."},{"$i":"created-tone","$v":"Ringtone created."},{"$i":"set-default-tone","$v":"Ringtone set as default."},{"$i":"file-saved","$v":"Saved as ringtone."},{"$i":"file-has-saved","$v":"was saved as ringtone before."},{"$i":"file-set-as-default-ringtone","$v":"Saved as default ringtone."},{"$i":"file-size-is-too-large","$v":"not created. File size is too large."},{"$i":"sd-card-subtitle","$v":"SD Card"},{"$i":"confirmation","$v":"Confirmation"},{"$i":"pick-title","$v":"Select Sound"},{"$i":"pick-set","$v":"Set"},{"$i":"system-ringtones","$v":"System Ringtones"},{"$i":"my-ringtones","$v":"My Ringtones"},{"$i":"notice-alerts","$v":"Notice Alerts"},{"$i":"section-title-builtin-ringtone","$v":"System Ringtones"},{"$i":"section-title-builtin-alerttone","$v":"System Alerts"},{"$i":"section-header-title-ringtone","$v":"Ringtones"},{"$i":"section-header-title-alerttone","$v":"Notice Alerts"},{"$i":"section-title-custom-ringtone","$v":"My Ringtones"},{"$i":"section-title-custom-alerttone","$v":"My Alerts"},{"$i":"create-title","$v":"Save As Ringtone"},{"$i":"create-save","$v":"Save"},{"$i":"create-cancel","$v":"Cancel"},{"$i":"create-select","$v":"Select"},{"$i":"create-deselect","$v":"Deselect"},{"$i":"play-error-title","$v":"Corrupted File"},{"$i":"play-error-desc","$v":"The file is corrupted. It cannot be used to create a ringtone."},{"$i":"save-error-title","$v":"Ringtone Not Created"},{"$i":"save-error-desc","$v":"There was an issue creating the ringtone. Please try again."},{"$i":"save-file-large","$v":"File size is too large."},{"$i":"default-label","$v":"Set as default ringtone"},{"$i":"ok","$v":"OK"},{"$i":"ringtone-untitled","$v":"Untitled"},{"$i":"options","$v":"Options"},{"$i":"play","$v":"Play"},{"$i":"stop","$v":"Stop"},{"$i":"share","$v":"Share"},{"$i":"delete","$v":"Delete"},{"$i":"cancel","$v":"Cancel"},{"$i":"select","$v":"Select"},{"$i":"add","$v":"Add"},{"$i":"no-ringtones","$v":"No Ringtones"},{"$i":"no-ringtones-warning","$v":"No ringtones. Press Add to add a ringtone from your music."},{"$i":"add-ringtone","$v":"Add ringtone"},{"$i":"brandShortName","$v":"KaiOS"},{"$i":"browserBrandShortName","$v":"Web Browser"},{"$i":"browserBrandFullName","$v":"Mozilla Web Browser"},{"$i":"ringtoneBrandName","$v":"Default"},{"$i":"ringtoneSectionBrandName","$v":"System"},{"$i":"ringtone-none","$v":"None"},{"$i":"ringer_adventure","$v":"Adventure"},{"$i":"ringer_africa","$v":"Africa"},{"$i":"ringer_bounce","$v":"Bounce"},{"$i":"ringer_disco","$v":"Disco"},{"$i":"ringer_kai","$v":"Kai"},{"$i":"ringer_office","$v":"Office"},{"$i":"ringer_techno","$v":"Techno"},{"$i":"ringer_woody","$v":"Woody"},{"$i":"notifier_bell","$v":"Bell"},{"$i":"notifier_donuts","$v":"Donuts"},{"$i":"notifier_que_paso","$v":"Qué paso"},{"$i":"notifier_shake","$v":"Shake"},{"$i":"notifier_triple","$v":"Triple"},{"$i":"ringer_azalea","$v":"Azalea"},{"$i":"ringer_bloom","$v":"Bloom"},{"$i":"ringer_blove","$v":"Blove"},{"$i":"ringer_city_lights","$v":"City Lights"},{"$i":"ringer_dots","$v":"Dots"},{"$i":"ringer_flow","$v":"Flow"},{"$i":"ringer_fountain","$v":"Fountain"},{"$i":"ringer_fresh","$v":"Fresh"},{"$i":"ringer_firefox2","$v":[{"t":"idOrVar","v":"ringtoneBrandName"}]},{"$i":"ringer_illuminate","$v":"Illuminate"},{"$i":"ringer_incoming","$v":"Incoming"},{"$i":"ringer_silvery","$v":"Silvery"},{"$i":"ringer_now_or_never","$v":"Now or Never"},{"$i":"ringer_primary","$v":"Primary"},{"$i":"ringer_pure_guitar","$v":"Pure Guitar"},{"$i":"ringer_rounded","$v":"Rounded"},{"$i":"ringer_spring","$v":"Spring"},{"$i":"ringer_stargazer","$v":"Stargazer"},{"$i":"ringer_vaca","$v":"Vaca"},{"$i":"notifier_bells","$v":"Bells"},{"$i":"notifier_bloom","$v":"Bloom"},{"$i":"notifier_chime","$v":"Chime"},{"$i":"notifier_clicka","$v":"Clicka"},{"$i":"notifier_digi","$v":"Digi"},{"$i":"notifier_dropplet","$v":"Dropplet"},{"$i":"notifier_firefox2","$v":[{"t":"idOrVar","v":"ringtoneBrandName"}]},{"$i":"notifier_hello","$v":"Hello"},{"$i":"notifier_ping","$v":"Ping"},{"$i":"notifier_plickle","$v":"Plickle"},{"$i":"notifier_pocko","$v":"Pocko"},{"$i":"notifier_quado","$v":"Quado"},{"$i":"notifier_red","$v":"Red"},{"$i":"notifier_sato","$v":"Sato"},{"$i":"notifier_trickleup","$v":"Trickle Up"},{"$i":"notifier_trink","$v":"Trink"},{"$i":"notifier_verse","$v":"Verse"},{"$i":"NokiaTune","$v":"NokiaTune"},{"$i":"Arrival","$v":"Arrival"},{"$i":"Barbell","$v":"Barbell"},{"$i":"Bird","$v":"Bird"},{"$i":"Bounce","$v":"Bounce"},{"$i":"Brikabrak","$v":"Brikabrak"},{"$i":"Buzzer","$v":"Buzzer"},{"$i":"Cadenza","$v":"Cadenza"},{"$i":"Chirp","$v":"Chirp"},{"$i":"Delays","$v":"Delays"},{"$i":"Distance","$v":"Distance"},{"$i":"Earring","$v":"Earring"},{"$i":"Electronic","$v":"Electronic"},{"$i":"Imperial","$v":"Imperial"},{"$i":"Karimba","$v":"Karimba"},{"$i":"Marbles","$v":"Marbles"},{"$i":"Monkey_drum","$v":"Monkey drum"},{"$i":"Nostalgia","$v":"Nostalgia"},{"$i":"Ring_ring","$v":"Ring ring"},{"$i":"Spirals","$v":"Ring Spirals"},{"$i":"Stones","$v":"Stones"},{"$i":"Timer","$v":"Timer"},{"$i":"Tip_toe","$v":"Tip toe"},{"$i":"Institucional_Rubrica","$v":"Institucional Rubrica"},{"$i":"Calendar_1","$v":"Calendar_1"},{"$i":"Calendar_2","$v":"Calendar_2"},{"$i":"Calendar_3","$v":"Calendar_3"},{"$i":"Message_1","$v":"Message_1"},{"$i":"Message_2","$v":"Message_2"},{"$i":"Message_3","$v":"Message_3"},{"$i":"Message_4","$v":"Message_4"},{"$i":"Message_5","$v":"Message_5"},{"$i":"softkey-options","$v":"Options"}]