[{"$i":"manage-title-2","$v":"Toonide haldamine"},{"$i":"actions-share-ringtone","$v":"Jaga helinat"},{"$i":"actions-delete-ringtone","$v":"Kustuta helin"},{"$i":"actions-share-alerttone","$v":"Jaga märguannet"},{"$i":"actions-delete-alerttone","$v":"Kustuta märguanne"},{"$i":"actions-cancel","$v":"Tühista"},{"$i":"delete-title-ringtone","$v":"Kustuta helin"},{"$i":"delete-title-alerttone","$v":"Kustuta märguanne"},{"$i":"delete-desc","$v":["Kas soovite kindlasti üksuse ",{"t":"idOrVar","v":"tone"}," kustutada?"]},{"$i":"delete-desc-default-ringtone","$v":[{"t":"idOrVar","v":"tone"}," on praegune vaikimisi helin.\n\nKas soovite kindlasti selle kustutada?"]},{"$i":"delete-desc-default-alerttone","$v":[{"t":"idOrVar","v":"tone"}," on praegune vaiketeavitus.\n\nKas soovite kindlasti selle kustutada?"]},{"$i":"delete-cancel","$v":"Tühista"},{"$i":"delete-confirm","$v":"Kustuta"},{"$i":"deleted-ringtone","$v":"Helin on kustutatud."},{"$i":"deleted-alerttone","$v":"Märguanne on kustutatud."},{"$i":"created-tone","$v":"Helin on loodud."},{"$i":"set-default-tone","$v":"Helin läht. vaikesättele."},{"$i":"file-saved","$v":"Salvestati helinaks."},{"$i":"file-has-saved","$v":"salvestati enne helinana."},{"$i":"file-set-as-default-ringtone","$v":"Salvestatud vaikehelinana."},{"$i":"file-size-is-too-large","$v":"pole loodud. Faili suurus on liiga suur."},{"$i":"sd-card-subtitle","$v":"SD-kaart"},{"$i":"confirmation","$v":"Kinnitus"},{"$i":"pick-title","$v":"Valige heli"},{"$i":"pick-set","$v":"Määra"},{"$i":"system-ringtones","$v":"Süsteemi helinad"},{"$i":"my-ringtones","$v":"Minu helinad"},{"$i":"notice-alerts","$v":"Teadete märguanded"},{"$i":"section-title-builtin-ringtone","$v":"Süsteemi helinad"},{"$i":"section-title-builtin-alerttone","$v":"Süsteemi märguanne"},{"$i":"section-header-title-ringtone","$v":"Helinad"},{"$i":"section-header-title-alerttone","$v":"Teadete märguanded"},{"$i":"section-title-custom-ringtone","$v":"Minu helinad"},{"$i":"section-title-custom-alerttone","$v":"Minu märguanded"},{"$i":"create-title","$v":"Salvesta helinaks"},{"$i":"create-save","$v":"Salvesta"},{"$i":"create-cancel","$v":"Tühista"},{"$i":"create-select","$v":"Vali"},{"$i":"create-deselect","$v":"TÜHISTA"},{"$i":"play-error-title","$v":"Rikutud fail"},{"$i":"play-error-desc","$v":"Fail on vigane. Seda ei saa helina loomiseks kasutada."},{"$i":"save-error-title","$v":"Helinat ei ole loodud"},{"$i":"save-error-desc","$v":"Helinat luues tekkis probleem. Proovige uuesti."},{"$i":"save-file-large","$v":"Fail on liiga suur."},{"$i":"default-label","$v":"Määra vaikimisi helinaks"},{"$i":"ok","$v":"OK"},{"$i":"ringtone-untitled","$v":"Nimetu"},{"$i":"options","$v":"Valikud"},{"$i":"play","$v":"Esita"},{"$i":"stop","$v":"Peata"},{"$i":"share","$v":"Jaga"},{"$i":"delete","$v":"Kustuta"},{"$i":"cancel","$v":"Tühista"},{"$i":"select","$v":"Vali"},{"$i":"add","$v":"Lisa"},{"$i":"no-ringtones","$v":"Helinaid pole"},{"$i":"no-ringtones-warning","$v":"Helinad puuduvad. Vajutage Lisa, et oma muusikast helinat lisada."},{"$i":"add-ringtone","$v":"Lisa helin"},{"$i":"brandShortName","$v":"KaiOS"},{"$i":"browserBrandShortName","$v":"Web Browser"},{"$i":"browserBrandFullName","$v":"Mozilla Web Browser"},{"$i":"ringtoneBrandName","$v":"Default"},{"$i":"ringtoneSectionBrandName","$v":"System"},{"$i":"ringtone-none","$v":"Puudub"},{"$i":"ringer_adventure","$v":"Adventure"},{"$i":"ringer_africa","$v":"Africa"},{"$i":"ringer_bounce","$v":"Bounce"},{"$i":"ringer_disco","$v":"Disco"},{"$i":"ringer_kai","$v":"Kai"},{"$i":"ringer_office","$v":"Office"},{"$i":"ringer_techno","$v":"Techno"},{"$i":"ringer_woody","$v":"Woody"},{"$i":"notifier_bell","$v":"Bell"},{"$i":"notifier_donuts","$v":"Donuts"},{"$i":"notifier_que_paso","$v":"Such rhythm"},{"$i":"notifier_shake","$v":"Shake"},{"$i":"notifier_triple","$v":"Triple"},{"$i":"ringer_azalea","$v":"Azalea"},{"$i":"ringer_bloom","$v":"Bloom"},{"$i":"ringer_blove","$v":"Blove"},{"$i":"ringer_city_lights","$v":"City Lights"},{"$i":"ringer_dots","$v":"Dots"},{"$i":"ringer_flow","$v":"Flow"},{"$i":"ringer_fountain","$v":"Fountain"},{"$i":"ringer_fresh","$v":"Fresh"},{"$i":"ringer_firefox2","$v":[{"t":"idOrVar","v":"ringtoneBrandName"}]},{"$i":"ringer_illuminate","$v":"Illuminate"},{"$i":"ringer_incoming","$v":"Sissetulev"},{"$i":"ringer_silvery","$v":"Silvery"},{"$i":"ringer_now_or_never","$v":"Now or Never"},{"$i":"ringer_primary","$v":"Primary"},{"$i":"ringer_pure_guitar","$v":"Pure Guitar"},{"$i":"ringer_rounded","$v":"Rounded"},{"$i":"ringer_spring","$v":"Spring"},{"$i":"ringer_stargazer","$v":"Stargazer"},{"$i":"ringer_vaca","$v":"Vaca"},{"$i":"notifier_bells","$v":"Bells"},{"$i":"notifier_bloom","$v":"Bloom"},{"$i":"notifier_chime","$v":"Chime"},{"$i":"notifier_clicka","$v":"Clicka"},{"$i":"notifier_digi","$v":"Digi"},{"$i":"notifier_dropplet","$v":"Dropplet"},{"$i":"notifier_firefox2","$v":[{"t":"idOrVar","v":"ringtoneBrandName"}]},{"$i":"notifier_hello","$v":"Hello"},{"$i":"notifier_ping","$v":"Ping"},{"$i":"notifier_plickle","$v":"Plickle"},{"$i":"notifier_pocko","$v":"Pocko"},{"$i":"notifier_quado","$v":"Quado"},{"$i":"notifier_red","$v":"Red"},{"$i":"notifier_sato","$v":"Sato"},{"$i":"notifier_trickleup","$v":"Trickle Up"},{"$i":"notifier_trink","$v":"Trink"},{"$i":"notifier_verse","$v":"Verse"},{"$i":"NokiaTune","$v":"NokiaTune"},{"$i":"Arrival","$v":"Arrival"},{"$i":"Barbell","$v":"Barbell"},{"$i":"Bird","$v":"Bird"},{"$i":"Bounce","$v":"Bounce"},{"$i":"Brikabrak","$v":"Brikabrak"},{"$i":"Buzzer","$v":"Buzzer"},{"$i":"Cadenza","$v":"Cadenza"},{"$i":"Chirp","$v":"Chirp"},{"$i":"Delays","$v":"Delays"},{"$i":"Distance","$v":"Distance"},{"$i":"Earring","$v":"Earring"},{"$i":"Electronic","$v":"Electronic"},{"$i":"Imperial","$v":"Imperial"},{"$i":"Karimba","$v":"Karimba"},{"$i":"Marbles","$v":"Marbles"},{"$i":"Monkey_drum","$v":"Monkey drum"},{"$i":"Nostalgia","$v":"Nostalgia"},{"$i":"Ring_ring","$v":"Ring ring"},{"$i":"Spirals","$v":"Ring Spirals"},{"$i":"Stones","$v":"Stones"},{"$i":"Timer","$v":"Timer"},{"$i":"Tip_toe","$v":"Tip toe"},{"$i":"Institucional_Rubrica","$v":"Institucional Rubrica"},{"$i":"Calendar_1","$v":"Calendar_1"},{"$i":"Calendar_2","$v":"Calendar_2"},{"$i":"Calendar_3","$v":"Calendar_3"},{"$i":"Message_1","$v":"Message_1"},{"$i":"Message_2","$v":"Message_2"},{"$i":"Message_3","$v":"Message_3"},{"$i":"Message_4","$v":"Message_4"},{"$i":"Message_5","$v":"Message_5"},{"$i":"softkey-options","$v":"Valikud"}]