[{"$i":"manage-title-2","$v":"Pamahalaan ang Mga Tone"},{"$i":"actions-share-ringtone","$v":"Ibahagi ang ringtone"},{"$i":"actions-delete-ringtone","$v":"I-delete ang ringtone"},{"$i":"actions-share-alerttone","$v":"Ibahagi ang alerto"},{"$i":"actions-delete-alerttone","$v":"I-delete ang alerto"},{"$i":"actions-cancel","$v":"Kanselahin"},{"$i":"delete-title-ringtone","$v":"I-delete ang Ringtone"},{"$i":"delete-title-alerttone","$v":"I-delete ang Alerto"},{"$i":"delete-desc","$v":["Sigurado ka bang gusto mong i-delete ang \"",{"t":"idOrVar","v":"tone"},"\"?"]},{"$i":"delete-desc-default-ringtone","$v":["Ang \"",{"t":"idOrVar","v":"tone"},"\" ay ang kasalukuyang default na ringtone.\n\nSigurado ka bang gusto mo itong i-delete?"]},{"$i":"delete-desc-default-alerttone","$v":["Ang \"",{"t":"idOrVar","v":"tone"},"\" ay ang kasalukuyang default na alerto.\n\nSigurado ka bang gusto mo itong i-delete?"]},{"$i":"delete-cancel","$v":"Kanselahin"},{"$i":"delete-confirm","$v":"I-delete"},{"$i":"deleted-ringtone","$v":"Na-delete ang ringtone."},{"$i":"deleted-alerttone","$v":"Na-delete ang alerto."},{"$i":"created-tone","$v":"Nagawa ang ringtone."},{"$i":"set-default-tone","$v":"Naitakda ang ringtone bilang default."},{"$i":"file-saved","$v":"Na-save bilang ringtone."},{"$i":"file-has-saved","$v":"ay nai-save bilang ringtone bago."},{"$i":"file-set-as-default-ringtone","$v":"Nai-save bilang default na ringtone."},{"$i":"file-size-is-too-large","$v":"hindi nilikha. Malaki ang laki ng file."},{"$i":"sd-card-subtitle","$v":"SD Card"},{"$i":"confirmation","$v":"Kumpirmasyon"},{"$i":"pick-title","$v":"Pumili ng Tunog"},{"$i":"pick-set","$v":"Itakda"},{"$i":"system-ringtones","$v":"Mga System Ringtone"},{"$i":"my-ringtones","$v":"Aking Mga Ringtone"},{"$i":"notice-alerts","$v":"Mga Alerto ng Abiso"},{"$i":"section-title-builtin-ringtone","$v":"Mga System Ringtone"},{"$i":"section-title-builtin-alerttone","$v":"Mga System Alert"},{"$i":"section-header-title-ringtone","$v":"Mga Ringtone"},{"$i":"section-header-title-alerttone","$v":"Mga Alerto ng Abiso"},{"$i":"section-title-custom-ringtone","$v":"Aking Mga Ringtone"},{"$i":"section-title-custom-alerttone","$v":"Aking Mga Alerto"},{"$i":"create-title","$v":"I-save Bilang Ringtone"},{"$i":"create-save","$v":"I-save"},{"$i":"create-cancel","$v":"Kanselahin"},{"$i":"create-select","$v":"Piliin"},{"$i":"create-deselect","$v":"Alisin ang pagkakapili"},{"$i":"play-error-title","$v":"Na-corrupt na File"},{"$i":"play-error-desc","$v":"Na-corrupt ang file. Hindi ito magagamit upang makagawa ng ringtone."},{"$i":"save-error-title","$v":"Hindi Nagawa ang Ringtone"},{"$i":"save-error-desc","$v":"Nagkaroon ng isyu sa paggawa ng ringtone. Pakisubukang muli."},{"$i":"save-file-large","$v":"Masyadong malaki ang file."},{"$i":"default-label","$v":"Itakda bilang default na ringtone"},{"$i":"ok","$v":"OK"},{"$i":"ringtone-untitled","$v":"Walang pamagat"},{"$i":"options","$v":"Mga Opsyon"},{"$i":"play","$v":"I-play"},{"$i":"stop","$v":"Ihinto"},{"$i":"share","$v":"Ibahagi"},{"$i":"delete","$v":"I-delete"},{"$i":"cancel","$v":"Kanselahin"},{"$i":"select","$v":"Piliin"},{"$i":"add","$v":"Idagdag"},{"$i":"no-ringtones","$v":"Walang Ringtone"},{"$i":"no-ringtones-warning","$v":"Walang ringtone. Pindutin ang Magdagdag para magdagdag ng ringtone mula sa iyong musika."},{"$i":"add-ringtone","$v":"Magdagdag ng ringtone"},{"$i":"brandShortName","$v":"KaiOS"},{"$i":"browserBrandShortName","$v":"Web Browser"},{"$i":"browserBrandFullName","$v":"Mozilla Web Browser"},{"$i":"ringtoneBrandName","$v":"Default"},{"$i":"ringtoneSectionBrandName","$v":"System"},{"$i":"ringtone-none","$v":"Wala"},{"$i":"ringer_adventure","$v":"Adventure"},{"$i":"ringer_africa","$v":"Africa"},{"$i":"ringer_bounce","$v":"Bounce"},{"$i":"ringer_disco","$v":"Disco"},{"$i":"ringer_kai","$v":"Kai"},{"$i":"ringer_office","$v":"Office"},{"$i":"ringer_techno","$v":"Techno"},{"$i":"ringer_woody","$v":"Woody"},{"$i":"notifier_bell","$v":"Bell"},{"$i":"notifier_donuts","$v":"Donuts"},{"$i":"notifier_que_paso","$v":"Such rhythm"},{"$i":"notifier_shake","$v":"Shake"},{"$i":"notifier_triple","$v":"Triple"},{"$i":"ringer_azalea","$v":"Azalea"},{"$i":"ringer_bloom","$v":"Bloom"},{"$i":"ringer_blove","$v":"Blove"},{"$i":"ringer_city_lights","$v":"City Lights"},{"$i":"ringer_dots","$v":"Dots"},{"$i":"ringer_flow","$v":"Flow"},{"$i":"ringer_fountain","$v":"Fountain"},{"$i":"ringer_fresh","$v":"Fresh"},{"$i":"ringer_firefox2","$v":[{"t":"idOrVar","v":"ringtoneBrandName"}]},{"$i":"ringer_illuminate","$v":"Illuminate"},{"$i":"ringer_incoming","$v":"Papasok"},{"$i":"ringer_silvery","$v":"Silvery"},{"$i":"ringer_now_or_never","$v":"Now or Never"},{"$i":"ringer_primary","$v":"Primary"},{"$i":"ringer_pure_guitar","$v":"Pure Guitar"},{"$i":"ringer_rounded","$v":"Rounded"},{"$i":"ringer_spring","$v":"Spring"},{"$i":"ringer_stargazer","$v":"Stargazer"},{"$i":"ringer_vaca","$v":"Vaca"},{"$i":"notifier_bells","$v":"Bells"},{"$i":"notifier_bloom","$v":"Bloom"},{"$i":"notifier_chime","$v":"Chime"},{"$i":"notifier_clicka","$v":"Clicka"},{"$i":"notifier_digi","$v":"Digi"},{"$i":"notifier_dropplet","$v":"Dropplet"},{"$i":"notifier_firefox2","$v":[{"t":"idOrVar","v":"ringtoneBrandName"}]},{"$i":"notifier_hello","$v":"Hello"},{"$i":"notifier_ping","$v":"Ping"},{"$i":"notifier_plickle","$v":"Plickle"},{"$i":"notifier_pocko","$v":"Pocko"},{"$i":"notifier_quado","$v":"Quado"},{"$i":"notifier_red","$v":"Red"},{"$i":"notifier_sato","$v":"Sato"},{"$i":"notifier_trickleup","$v":"Trickle Up"},{"$i":"notifier_trink","$v":"Trink"},{"$i":"notifier_verse","$v":"Verse"},{"$i":"NokiaTune","$v":"NokiaTune"},{"$i":"Arrival","$v":"Arrival"},{"$i":"Barbell","$v":"Barbell"},{"$i":"Bird","$v":"Bird"},{"$i":"Bounce","$v":"Bounce"},{"$i":"Brikabrak","$v":"Brikabrak"},{"$i":"Buzzer","$v":"Buzzer"},{"$i":"Cadenza","$v":"Cadenza"},{"$i":"Chirp","$v":"Chirp"},{"$i":"Delays","$v":"Delays"},{"$i":"Distance","$v":"Distance"},{"$i":"Earring","$v":"Earring"},{"$i":"Electronic","$v":"Electronic"},{"$i":"Imperial","$v":"Imperial"},{"$i":"Karimba","$v":"Karimba"},{"$i":"Marbles","$v":"Marbles"},{"$i":"Monkey_drum","$v":"Monkey drum"},{"$i":"Nostalgia","$v":"Nostalgia"},{"$i":"Ring_ring","$v":"Ring ring"},{"$i":"Spirals","$v":"Ring Spirals"},{"$i":"Stones","$v":"Stones"},{"$i":"Timer","$v":"Timer"},{"$i":"Tip_toe","$v":"Tip toe"},{"$i":"Institucional_Rubrica","$v":"Institucional Rubrica"},{"$i":"Calendar_1","$v":"Calendar_1"},{"$i":"Calendar_2","$v":"Calendar_2"},{"$i":"Calendar_3","$v":"Calendar_3"},{"$i":"Message_1","$v":"Message_1"},{"$i":"Message_2","$v":"Message_2"},{"$i":"Message_3","$v":"Message_3"},{"$i":"Message_4","$v":"Message_4"},{"$i":"Message_5","$v":"Message_5"},{"$i":"softkey-options","$v":"Mga Opsyon"}]