[{"$i":"manage-title-2","$v":"Gérer les sonneries"},{"$i":"actions-share-ringtone","$v":"Partager la sonnerie"},{"$i":"actions-delete-ringtone","$v":"Supprimer la sonnerie"},{"$i":"actions-share-alerttone","$v":"Partager l’alerte"},{"$i":"actions-delete-alerttone","$v":"Supprimer l’alerte"},{"$i":"actions-cancel","$v":"Annuler"},{"$i":"delete-title-ringtone","$v":"Supprimer la sonnerie"},{"$i":"delete-title-alerttone","$v":"Supprimer l’alerte"},{"$i":"delete-desc","$v":["Souhaitez-vous supprimer « ",{"t":"idOrVar","v":"tone"}," » ?"]},{"$i":"delete-desc-default-ringtone","$v":["« ",{"t":"idOrVar","v":"tone"}," » est le son de sonnerie par défaut.\n\nVoulez-vous le supprimer ?"]},{"$i":"delete-desc-default-alerttone","$v":["« ",{"t":"idOrVar","v":"tone"}," » est le son d’alerte par défaut.\n\nVoulez-vous le supprimer ?"]},{"$i":"delete-cancel","$v":"Annuler"},{"$i":"delete-confirm","$v":"Supprimer"},{"$i":"deleted-ringtone","$v":"La sonnerie est supprimée."},{"$i":"deleted-alerttone","$v":"L’alerte est supprimée."},{"$i":"created-tone","$v":"La sonnerie est créée."},{"$i":"set-default-tone","$v":"La sonnerie est définie par défaut."},{"$i":"file-saved","$v":"Sauvegardé comme sonnerie."},{"$i":"file-has-saved","$v":"déjà enregistré comme sonnerie."},{"$i":"file-set-as-default-ringtone","$v":"Sauvegardé comme sonnerie par défaut."},{"$i":"file-size-is-too-large","$v":"n’a pas été créé. Le fichier est trop volumineux."},{"$i":"sd-card-subtitle","$v":"Carte SD"},{"$i":"confirmation","$v":"Confirmation"},{"$i":"pick-title","$v":"Choisir le son"},{"$i":"pick-set","$v":"Définir"},{"$i":"system-ringtones","$v":"Sonneries système"},{"$i":"my-ringtones","$v":"Mes sonneries"},{"$i":"notice-alerts","$v":"Alertes des avis"},{"$i":"section-title-builtin-ringtone","$v":"Sonneries système"},{"$i":"section-title-builtin-alerttone","$v":"Alertes système"},{"$i":"section-header-title-ringtone","$v":"Sonneries"},{"$i":"section-header-title-alerttone","$v":"Alertes des avis"},{"$i":"section-title-custom-ringtone","$v":"Mes sonneries"},{"$i":"section-title-custom-alerttone","$v":"Mes alertes"},{"$i":"create-title","$v":"Enregistrer comme sonnerie"},{"$i":"create-save","$v":"Enreg."},{"$i":"create-cancel","$v":"Annuler"},{"$i":"create-select","$v":"Sélect."},{"$i":"create-deselect","$v":"DÉSÉLECT."},{"$i":"play-error-title","$v":"Fichier endommagé"},{"$i":"play-error-desc","$v":"Le fichier est endommagé. Il est inutilisable pour créer une sonnerie."},{"$i":"save-error-title","$v":"Sonnerie non créée"},{"$i":"save-error-desc","$v":"Un problème s’est présenté lors de la création de la sonnerie . Veuillez réessayer."},{"$i":"save-file-large","$v":"Le fichier est trop volumineux."},{"$i":"default-label","$v":"Définir comme sonnerie par défaut"},{"$i":"ok","$v":"OK"},{"$i":"ringtone-untitled","$v":"Sans nom"},{"$i":"options","$v":"Options"},{"$i":"play","$v":"Lecture"},{"$i":"stop","$v":"Arrêter"},{"$i":"share","$v":"Partager"},{"$i":"delete","$v":"Supprimer"},{"$i":"cancel","$v":"Annuler"},{"$i":"select","$v":"Sélectionner"},{"$i":"add","$v":"Ajouter"},{"$i":"no-ringtones","$v":"Aucune sonnerie"},{"$i":"no-ringtones-warning","$v":"Aucune sonnerie. Appuyez sur Ajouter pour ajouter une sonnerie reproduisant un de vos titres musicaux."},{"$i":"add-ringtone","$v":"Ajouter une sonnerie"},{"$i":"brandShortName","$v":"KaiOS"},{"$i":"browserBrandShortName","$v":"Web Browser"},{"$i":"browserBrandFullName","$v":"Mozilla Web Browser"},{"$i":"ringtoneBrandName","$v":"Default"},{"$i":"ringtoneSectionBrandName","$v":"System"},{"$i":"ringtone-none","$v":"Jamais"},{"$i":"ringer_adventure","$v":"Adventure"},{"$i":"ringer_africa","$v":"Afrique"},{"$i":"ringer_bounce","$v":"Bounce"},{"$i":"ringer_disco","$v":"Disco"},{"$i":"ringer_kai","$v":"Kai"},{"$i":"ringer_office","$v":"Office"},{"$i":"ringer_techno","$v":"Techno"},{"$i":"ringer_woody","$v":"Woody"},{"$i":"notifier_bell","$v":"Bell"},{"$i":"notifier_donuts","$v":"Donuts"},{"$i":"notifier_que_paso","$v":"Qué paso"},{"$i":"notifier_shake","$v":"Shake"},{"$i":"notifier_triple","$v":"Triple"},{"$i":"ringer_azalea","$v":"Azalée"},{"$i":"ringer_bloom","$v":"Éclosion"},{"$i":"ringer_blove","$v":"Blove"},{"$i":"ringer_city_lights","$v":"Lumières de ville"},{"$i":"ringer_dots","$v":"Points"},{"$i":"ringer_flow","$v":"Flux"},{"$i":"ringer_fountain","$v":"Fontaine"},{"$i":"ringer_fresh","$v":"Frais"},{"$i":"ringer_firefox2","$v":[{"t":"idOrVar","v":"ringtoneBrandName"}]},{"$i":"ringer_illuminate","$v":"Illumination"},{"$i":"ringer_incoming","$v":"Entrant"},{"$i":"ringer_silvery","$v":"Argenté"},{"$i":"ringer_now_or_never","$v":"Maintenant ou jamais"},{"$i":"ringer_primary","$v":"Principal"},{"$i":"ringer_pure_guitar","$v":"Pure Guitar"},{"$i":"ringer_rounded","$v":"Rounded"},{"$i":"ringer_spring","$v":"Ressort"},{"$i":"ringer_stargazer","$v":"Stargazer"},{"$i":"ringer_vaca","$v":"Vaca"},{"$i":"notifier_bells","$v":"Cloches"},{"$i":"notifier_bloom","$v":"Éclosion"},{"$i":"notifier_chime","$v":"Clochette"},{"$i":"notifier_clicka","$v":"Clicka"},{"$i":"notifier_digi","$v":"Digi"},{"$i":"notifier_dropplet","$v":"Gouttelette"},{"$i":"notifier_firefox2","$v":[{"t":"idOrVar","v":"ringtoneBrandName"}]},{"$i":"notifier_hello","$v":"Bonjour"},{"$i":"notifier_ping","$v":"Ding"},{"$i":"notifier_plickle","$v":"Plickle"},{"$i":"notifier_pocko","$v":"Pocko"},{"$i":"notifier_quado","$v":"Quado"},{"$i":"notifier_red","$v":"Rouge"},{"$i":"notifier_sato","$v":"Sato"},{"$i":"notifier_trickleup","$v":"Trickle Up"},{"$i":"notifier_trink","$v":"Trink"},{"$i":"notifier_verse","$v":"Verse"},{"$i":"NokiaTune","$v":"NokiaTune"},{"$i":"Arrival","$v":"Arrival"},{"$i":"Barbell","$v":"Barbell"},{"$i":"Bird","$v":"Bird"},{"$i":"Bounce","$v":"Bounce"},{"$i":"Brikabrak","$v":"Brikabrak"},{"$i":"Buzzer","$v":"Buzzer"},{"$i":"Cadenza","$v":"Cadenza"},{"$i":"Chirp","$v":"Chirp"},{"$i":"Delays","$v":"Delays"},{"$i":"Distance","$v":"Distance"},{"$i":"Earring","$v":"Earring"},{"$i":"Electronic","$v":"Electronic"},{"$i":"Imperial","$v":"Imperial"},{"$i":"Karimba","$v":"Karimba"},{"$i":"Marbles","$v":"Marbles"},{"$i":"Monkey_drum","$v":"Monkey drum"},{"$i":"Nostalgia","$v":"Nostalgia"},{"$i":"Ring_ring","$v":"Ring ring"},{"$i":"Spirals","$v":"Ring Spirals"},{"$i":"Stones","$v":"Stones"},{"$i":"Timer","$v":"Timer"},{"$i":"Tip_toe","$v":"Tip toe"},{"$i":"Institucional_Rubrica","$v":"Institucional Rubrica"},{"$i":"Calendar_1","$v":"Calendar_1"},{"$i":"Calendar_2","$v":"Calendar_2"},{"$i":"Calendar_3","$v":"Calendar_3"},{"$i":"Message_1","$v":"Message_1"},{"$i":"Message_2","$v":"Message_2"},{"$i":"Message_3","$v":"Message_3"},{"$i":"Message_4","$v":"Message_4"},{"$i":"Message_5","$v":"Message_5"},{"$i":"softkey-options","$v":"Options"}]