[{"$i":"manage-title-2","$v":"נהל טונים"},{"$i":"actions-share-ringtone","$v":"שתף רינגטון"},{"$i":"actions-delete-ringtone","$v":"מחק רינגטון"},{"$i":"actions-share-alerttone","$v":"שתף התרעה"},{"$i":"actions-delete-alerttone","$v":"מחק התרעה"},{"$i":"actions-cancel","$v":"בטל"},{"$i":"delete-title-ringtone","$v":"מחק רינגטון"},{"$i":"delete-title-alerttone","$v":"מחק התרעה"},{"$i":"delete-desc","$v":["האם אתה בטוח שברצונך למחוק את \"",{"t":"idOrVar","v":"tone"},"\"?"]},{"$i":"delete-desc-default-ringtone","$v":[{"t":"idOrVar","v":"tone"},"\" הוא רינגטון ברירת מחדל הנוכחי .\n\nבטוח שברצונך למחוק אותו?"]},{"$i":"delete-desc-default-alerttone","$v":[{"t":"idOrVar","v":"tone"},"\" הוא ההתרעה ברירת המחדל הנוכחית.\n\nהאם בטוח שברצונך למחוק אותה?"]},{"$i":"delete-cancel","$v":"בטל"},{"$i":"delete-confirm","$v":"מחק"},{"$i":"deleted-ringtone","$v":"רינגטון נמחק."},{"$i":"deleted-alerttone","$v":"ההתרעה נמחקה."},{"$i":"created-tone","$v":"רינגטון נוצר."},{"$i":"set-default-tone","$v":"רינגטון נקבע בתור ברירת מחדל."},{"$i":"file-saved","$v":"נשמר כרינגטון."},{"$i":"file-has-saved","$v":"נשמר כצלצול קודם."},{"$i":"file-set-as-default-ringtone","$v":"נשמר כרינגטון ברירת המחדל."},{"$i":"file-size-is-too-large","$v":"לא נוצר. גודל הקובץ גדול מדי."},{"$i":"sd-card-subtitle","$v":"כרטיס SD"},{"$i":"confirmation","$v":"אישור"},{"$i":"pick-title","$v":"בחר קול"},{"$i":"pick-set","$v":"קבע"},{"$i":"system-ringtones","$v":"רינגטוני מערכת"},{"$i":"my-ringtones","$v":"הרינגטונים שלי"},{"$i":"notice-alerts","$v":"התרעות הודעה"},{"$i":"section-title-builtin-ringtone","$v":"רינגטוני מערכת"},{"$i":"section-title-builtin-alerttone","$v":"התרעות מערכת"},{"$i":"section-header-title-ringtone","$v":"רינגטונים"},{"$i":"section-header-title-alerttone","$v":"התרעות הודעה"},{"$i":"section-title-custom-ringtone","$v":"הרינגטונים שלי"},{"$i":"section-title-custom-alerttone","$v":"ההתרעות שלי"},{"$i":"create-title","$v":"שמור בתור רינגטון"},{"$i":"create-save","$v":"שמור"},{"$i":"create-cancel","$v":"בטל"},{"$i":"create-select","$v":"בחר"},{"$i":"create-deselect","$v":"בטל בחירה"},{"$i":"play-error-title","$v":"קובץ משובש"},{"$i":"play-error-desc","$v":"הקובץ פגום. לא ניתן להשתמש בו ליצירת רינגטון."},{"$i":"save-error-title","$v":"רינגטון לא נוצר"},{"$i":"save-error-desc","$v":"אירעה בעיה ביצירת הרינגטון . נא לנסות שוב."},{"$i":"save-file-large","$v":"הקובץ גדול מדי."},{"$i":"default-label","$v":"הגדר כצלצול ברירת מחדל"},{"$i":"ok","$v":"OK"},{"$i":"ringtone-untitled","$v":"ללא כותרת"},{"$i":"options","$v":"אפשרויות"},{"$i":"play","$v":"נגן"},{"$i":"stop","$v":"עצור"},{"$i":"share","$v":"שתף"},{"$i":"delete","$v":"מחק"},{"$i":"cancel","$v":"בטל"},{"$i":"select","$v":"בחר"},{"$i":"add","$v":"הוסף"},{"$i":"no-ringtones","$v":"אין רינגטונים"},{"$i":"no-ringtones-warning","$v":"אין רינגטונים. לחץ על 'הוסף' כדי להוסיף רינגטון מהמוסיקה שלך."},{"$i":"add-ringtone","$v":"הוסף רינגטון"},{"$i":"brandShortName","$v":"KaiOS"},{"$i":"browserBrandShortName","$v":"Web Browser"},{"$i":"browserBrandFullName","$v":"Mozilla Web Browser"},{"$i":"ringtoneBrandName","$v":"Default"},{"$i":"ringtoneSectionBrandName","$v":"System"},{"$i":"ringtone-none","$v":"ללא"},{"$i":"ringer_adventure","$v":"Adventure"},{"$i":"ringer_africa","$v":"Africa"},{"$i":"ringer_bounce","$v":"Bounce"},{"$i":"ringer_disco","$v":"Disco"},{"$i":"ringer_kai","$v":"קאי"},{"$i":"ringer_office","$v":"Office"},{"$i":"ringer_techno","$v":"Techno"},{"$i":"ringer_woody","$v":"Woody"},{"$i":"notifier_bell","$v":"Bell"},{"$i":"notifier_donuts","$v":"Donuts"},{"$i":"notifier_que_paso","$v":"Such rhythm"},{"$i":"notifier_shake","$v":"Shake"},{"$i":"notifier_triple","$v":"Triple"},{"$i":"ringer_azalea","$v":"Azalea"},{"$i":"ringer_bloom","$v":"Bloom"},{"$i":"ringer_blove","$v":"Blove"},{"$i":"ringer_city_lights","$v":"City Lights"},{"$i":"ringer_dots","$v":"Dots"},{"$i":"ringer_flow","$v":"Flow"},{"$i":"ringer_fountain","$v":"Fountain"},{"$i":"ringer_fresh","$v":"Fresh"},{"$i":"ringer_firefox2","$v":[{"t":"idOrVar","v":"ringtoneBrandName"}]},{"$i":"ringer_illuminate","$v":"Illuminate"},{"$i":"ringer_incoming","$v":"נכנסות"},{"$i":"ringer_silvery","$v":"Silvery"},{"$i":"ringer_now_or_never","$v":"Now or Never"},{"$i":"ringer_primary","$v":"Primary"},{"$i":"ringer_pure_guitar","$v":"Pure Guitar"},{"$i":"ringer_rounded","$v":"Rounded"},{"$i":"ringer_spring","$v":"Spring"},{"$i":"ringer_stargazer","$v":"Stargazer"},{"$i":"ringer_vaca","$v":"Vaca"},{"$i":"notifier_bells","$v":"Bells"},{"$i":"notifier_bloom","$v":"Bloom"},{"$i":"notifier_chime","$v":"Chime"},{"$i":"notifier_clicka","$v":"Clicka"},{"$i":"notifier_digi","$v":"Digi"},{"$i":"notifier_dropplet","$v":"Dropplet"},{"$i":"notifier_firefox2","$v":[{"t":"idOrVar","v":"ringtoneBrandName"}]},{"$i":"notifier_hello","$v":"Hello"},{"$i":"notifier_ping","$v":"Ping"},{"$i":"notifier_plickle","$v":"Plickle"},{"$i":"notifier_pocko","$v":"Pocko"},{"$i":"notifier_quado","$v":"Quado"},{"$i":"notifier_red","$v":"אדום"},{"$i":"notifier_sato","$v":"Sato"},{"$i":"notifier_trickleup","$v":"Trickle Up"},{"$i":"notifier_trink","$v":"Trink"},{"$i":"notifier_verse","$v":"Verse"},{"$i":"NokiaTune","$v":"NokiaTune"},{"$i":"Arrival","$v":"Arrival"},{"$i":"Barbell","$v":"Barbell"},{"$i":"Bird","$v":"Bird"},{"$i":"Bounce","$v":"Bounce"},{"$i":"Brikabrak","$v":"Brikabrak"},{"$i":"Buzzer","$v":"Buzzer"},{"$i":"Cadenza","$v":"Cadenza"},{"$i":"Chirp","$v":"Chirp"},{"$i":"Delays","$v":"Delays"},{"$i":"Distance","$v":"Distance"},{"$i":"Earring","$v":"Earring"},{"$i":"Electronic","$v":"Electronic"},{"$i":"Imperial","$v":"Imperial"},{"$i":"Karimba","$v":"Karimba"},{"$i":"Marbles","$v":"Marbles"},{"$i":"Monkey_drum","$v":"Monkey drum"},{"$i":"Nostalgia","$v":"Nostalgia"},{"$i":"Ring_ring","$v":"Ring ring"},{"$i":"Spirals","$v":"Ring Spirals"},{"$i":"Stones","$v":"Stones"},{"$i":"Timer","$v":"Timer"},{"$i":"Tip_toe","$v":"Tip toe"},{"$i":"Institucional_Rubrica","$v":"Institucional Rubrica"},{"$i":"Calendar_1","$v":"Calendar_1"},{"$i":"Calendar_2","$v":"Calendar_2"},{"$i":"Calendar_3","$v":"Calendar_3"},{"$i":"Message_1","$v":"Message_1"},{"$i":"Message_2","$v":"Message_2"},{"$i":"Message_3","$v":"Message_3"},{"$i":"Message_4","$v":"Message_4"},{"$i":"Message_5","$v":"Message_5"},{"$i":"softkey-options","$v":"אפשרויות"}]