[{"$i":"manage-title-2","$v":"Dallamok kezelése"},{"$i":"actions-share-ringtone","$v":"Csengőhang megosztása"},{"$i":"actions-delete-ringtone","$v":"Csengőhang törlése"},{"$i":"actions-share-alerttone","$v":"Riasztás megosztása"},{"$i":"actions-delete-alerttone","$v":"Riasztás törlése"},{"$i":"actions-cancel","$v":"Mégse"},{"$i":"delete-title-ringtone","$v":"Csengőhang törlése"},{"$i":"delete-title-alerttone","$v":"Riasztás törlése"},{"$i":"delete-desc","$v":["Biztosan törölni kívánja a következőt: \"",{"t":"idOrVar","v":"tone"},"\"?"]},{"$i":"delete-desc-default-ringtone","$v":["A \"",{"t":"idOrVar","v":"tone"},"\" jelenleg az alapértelmezett csengőhang.Biztosan törölni kívánja?"]},{"$i":"delete-desc-default-alerttone","$v":["A \"",{"t":"idOrVar","v":"tone"},"\" jelenleg az alapértelmezett riasztási hang.Biztosan törölni kívánja?"]},{"$i":"delete-cancel","$v":"Mégse"},{"$i":"delete-confirm","$v":"Törlés"},{"$i":"deleted-ringtone","$v":"Csengőhang törölve."},{"$i":"deleted-alerttone","$v":"Riasztás törölve."},{"$i":"created-tone","$v":"Csengőhang létrehozva."},{"$i":"set-default-tone","$v":"Csengőhang beállítva alapértelmezettként."},{"$i":"file-saved","$v":"Mentve csengőhangként."},{"$i":"file-has-saved","$v":"korábban már elmentésre került csengőhangként."},{"$i":"file-set-as-default-ringtone","$v":"Mentve alapértelmezett csengőhangként."},{"$i":"file-size-is-too-large","$v":"nem került létrehozásra. A fájl mérete túl nagy."},{"$i":"sd-card-subtitle","$v":"SD-kártya"},{"$i":"confirmation","$v":"Megerősítés"},{"$i":"pick-title","$v":"Hang kiválasztása"},{"$i":"pick-set","$v":"Beállítás"},{"$i":"system-ringtones","$v":"Rendszer csengőhangok"},{"$i":"my-ringtones","$v":"Saját csengőhangok"},{"$i":"notice-alerts","$v":"Figyelmeztetési riasztások"},{"$i":"section-title-builtin-ringtone","$v":"Rendszer csengőhangok"},{"$i":"section-title-builtin-alerttone","$v":"Rendszerriasztások"},{"$i":"section-header-title-ringtone","$v":"Csengőhangok"},{"$i":"section-header-title-alerttone","$v":"Figyelmeztetési riasztások"},{"$i":"section-title-custom-ringtone","$v":"Saját csengőhangok"},{"$i":"section-title-custom-alerttone","$v":"Saját riasztások"},{"$i":"create-title","$v":"Mentés csengőhangként"},{"$i":"create-save","$v":"Mentés"},{"$i":"create-cancel","$v":"Mégse"},{"$i":"create-select","$v":"Kiválasztás"},{"$i":"create-deselect","$v":"Kijelölés törlése"},{"$i":"play-error-title","$v":"Sérült fájl"},{"$i":"play-error-desc","$v":"A fájl sérült. Nem használható csengőhang létrehozásához."},{"$i":"save-error-title","$v":"Csengőhang nincs létrehozva"},{"$i":"save-error-desc","$v":"Probléma adódott a csengőhang létrehozásakor. Próbálja újra."},{"$i":"save-file-large","$v":"A fájl mérete túl nagy."},{"$i":"default-label","$v":"Állítsa be alapértelmezett csengőhangként"},{"$i":"ok","$v":"OK"},{"$i":"ringtone-untitled","$v":"Névtelen"},{"$i":"options","$v":"Opciók"},{"$i":"play","$v":"Lejátszás"},{"$i":"stop","$v":"Leállítás"},{"$i":"share","$v":"Megosztás"},{"$i":"delete","$v":"Törlés"},{"$i":"cancel","$v":"Mégse"},{"$i":"select","$v":"Kiválasztás"},{"$i":"add","$v":"Hozzáadás"},{"$i":"no-ringtones","$v":"Nincsenek csengőhangok"},{"$i":"no-ringtones-warning","$v":"Nincsenek csengőhangok. Érintse meg a Hozzáadás lehetőséget, hogy a saját zeneszámaiból adhasson hozzá csengőhangot."},{"$i":"add-ringtone","$v":"Csengőhang hozzáadása"},{"$i":"brandShortName","$v":"KaiOS"},{"$i":"browserBrandShortName","$v":"Web Browser"},{"$i":"browserBrandFullName","$v":"Mozilla Web Browser"},{"$i":"ringtoneBrandName","$v":"Default"},{"$i":"ringtoneSectionBrandName","$v":"System"},{"$i":"ringtone-none","$v":"Nincs"},{"$i":"ringer_adventure","$v":"Adventure"},{"$i":"ringer_africa","$v":"Afrika"},{"$i":"ringer_bounce","$v":"Bounce"},{"$i":"ringer_disco","$v":"Disco"},{"$i":"ringer_kai","$v":"Kai"},{"$i":"ringer_office","$v":"Office"},{"$i":"ringer_techno","$v":"Techno"},{"$i":"ringer_woody","$v":"Woody"},{"$i":"notifier_bell","$v":"Bell"},{"$i":"notifier_donuts","$v":"Donuts"},{"$i":"notifier_que_paso","$v":"Qué paso"},{"$i":"notifier_shake","$v":"Shake"},{"$i":"notifier_triple","$v":"Triple"},{"$i":"ringer_azalea","$v":"Azalea"},{"$i":"ringer_bloom","$v":"Bloom"},{"$i":"ringer_blove","$v":"Blove"},{"$i":"ringer_city_lights","$v":"A város fényei"},{"$i":"ringer_dots","$v":"Pittyegés"},{"$i":"ringer_flow","$v":"Áramlás"},{"$i":"ringer_fountain","$v":"Kút"},{"$i":"ringer_fresh","$v":"Friss"},{"$i":"ringer_firefox2","$v":[{"t":"idOrVar","v":"ringtoneBrandName"}]},{"$i":"ringer_illuminate","$v":"Ragyogó"},{"$i":"ringer_incoming","$v":"Bejövő"},{"$i":"ringer_silvery","$v":"Ezüstös"},{"$i":"ringer_now_or_never","$v":"Most vagy soha"},{"$i":"ringer_primary","$v":"Elsődleges"},{"$i":"ringer_pure_guitar","$v":"Pure Guitar"},{"$i":"ringer_rounded","$v":"Rounded"},{"$i":"ringer_spring","$v":"Tavasz"},{"$i":"ringer_stargazer","$v":"Stargazer"},{"$i":"ringer_vaca","$v":"Vaca"},{"$i":"notifier_bells","$v":"Bells"},{"$i":"notifier_bloom","$v":"Bloom"},{"$i":"notifier_chime","$v":"Chime"},{"$i":"notifier_clicka","$v":"Clicka"},{"$i":"notifier_digi","$v":"Digi"},{"$i":"notifier_dropplet","$v":"Dropplet"},{"$i":"notifier_firefox2","$v":[{"t":"idOrVar","v":"ringtoneBrandName"}]},{"$i":"notifier_hello","$v":"Helló"},{"$i":"notifier_ping","$v":"Ping"},{"$i":"notifier_plickle","$v":"Plickle"},{"$i":"notifier_pocko","$v":"Pocko"},{"$i":"notifier_quado","$v":"Quado"},{"$i":"notifier_red","$v":"Piros"},{"$i":"notifier_sato","$v":"Sato"},{"$i":"notifier_trickleup","$v":"Trickle Up"},{"$i":"notifier_trink","$v":"Trink"},{"$i":"notifier_verse","$v":"Verse"},{"$i":"NokiaTune","$v":"NokiaTune"},{"$i":"Arrival","$v":"Arrival"},{"$i":"Barbell","$v":"Barbell"},{"$i":"Bird","$v":"Bird"},{"$i":"Bounce","$v":"Bounce"},{"$i":"Brikabrak","$v":"Brikabrak"},{"$i":"Buzzer","$v":"Buzzer"},{"$i":"Cadenza","$v":"Cadenza"},{"$i":"Chirp","$v":"Chirp"},{"$i":"Delays","$v":"Delays"},{"$i":"Distance","$v":"Distance"},{"$i":"Earring","$v":"Earring"},{"$i":"Electronic","$v":"Electronic"},{"$i":"Imperial","$v":"Imperial"},{"$i":"Karimba","$v":"Karimba"},{"$i":"Marbles","$v":"Marbles"},{"$i":"Monkey_drum","$v":"Monkey drum"},{"$i":"Nostalgia","$v":"Nostalgia"},{"$i":"Ring_ring","$v":"Ring ring"},{"$i":"Spirals","$v":"Ring Spirals"},{"$i":"Stones","$v":"Stones"},{"$i":"Timer","$v":"Timer"},{"$i":"Tip_toe","$v":"Tip toe"},{"$i":"Institucional_Rubrica","$v":"Institucional Rubrica"},{"$i":"Calendar_1","$v":"Calendar_1"},{"$i":"Calendar_2","$v":"Calendar_2"},{"$i":"Calendar_3","$v":"Calendar_3"},{"$i":"Message_1","$v":"Message_1"},{"$i":"Message_2","$v":"Message_2"},{"$i":"Message_3","$v":"Message_3"},{"$i":"Message_4","$v":"Message_4"},{"$i":"Message_5","$v":"Message_5"},{"$i":"softkey-options","$v":"Opciók"}]