[{"$i":"manage-title-2","$v":"Կառավարել ազդանիշը"},{"$i":"actions-share-ringtone","$v":"Հմօգտգրծլ զնգի հնչրնգ"},{"$i":"actions-delete-ringtone","$v":"Ջնջել զանգի հնչերանգը"},{"$i":"actions-share-alerttone","$v":"Հմօգտգրծլ ազդնշնը"},{"$i":"actions-delete-alerttone","$v":"Ջնջել զգուշացումը"},{"$i":"actions-cancel","$v":"Չեղարկել"},{"$i":"delete-title-ringtone","$v":"Ջնջել զանգի հնչերանգը"},{"$i":"delete-title-alerttone","$v":"Ջնջել զգուշացումը"},{"$i":"delete-desc","$v":["Իսկապես ջնջե՞լ «",{"t":"idOrVar","v":"tone"},"»-ը:"]},{"$i":"delete-desc-default-ringtone","$v":["«",{"t":"idOrVar","v":"tone"},"»-ն ընթացիկ կանխադրյալ զանգի հնչերանգն է:\n\nԻսկապե՞ս ջնջել այն:"]},{"$i":"delete-desc-default-alerttone","$v":["«",{"t":"idOrVar","v":"tone"},"»-ն առկա կանխադրյալ զգուշացումն է:\n\nԻսկապե՞ս ջնջել այն:"]},{"$i":"delete-cancel","$v":"Չեղարկել"},{"$i":"delete-confirm","$v":"Ջնջել"},{"$i":"deleted-ringtone","$v":"Զնգի հնչերնգը հռցվծ է։"},{"$i":"deleted-alerttone","$v":"Զգուշացումը ջնջվեց:"},{"$i":"created-tone","$v":"Զնգի հնչերնգը ստղծվծ է:"},{"$i":"set-default-tone","$v":"Որպս կնխդրյլ զնգի հնչերնգ:"},{"$i":"file-saved","$v":"Պահել զանգի հնչերանգ։"},{"$i":"file-has-saved","$v":"նախկինում պահպանվել է որպես զանգի տոն:"},{"$i":"file-set-as-default-ringtone","$v":"Պահպանվում է որպես կանխադրված զանգի տոն:"},{"$i":"file-size-is-too-large","$v":"չի ստեղծվել: Ֆայլի չափը չափազանց մեծ է:"},{"$i":"sd-card-subtitle","$v":"SD քարտ"},{"$i":"confirmation","$v":"Հաստատում"},{"$i":"pick-title","$v":"Ընտրել ձայնահոլովակ"},{"$i":"pick-set","$v":"Տղկյլ"},{"$i":"system-ringtones","$v":"Հմկրգի զնգի հնչերնգնր"},{"$i":"my-ringtones","$v":"Իմ զանգի հնչերանգները"},{"$i":"notice-alerts","$v":"Ծանուցման ազդնշննր"},{"$i":"section-title-builtin-ringtone","$v":"Համակարգի զանգի հնչերանգներ"},{"$i":"section-title-builtin-alerttone","$v":"Համակարգի ազդանշան"},{"$i":"section-header-title-ringtone","$v":"Զանգի հնչերանգներ"},{"$i":"section-header-title-alerttone","$v":"Ծանուցման ազդնշննր"},{"$i":"section-title-custom-ringtone","$v":"Իմ զանգի հնչերանգները"},{"$i":"section-title-custom-alerttone","$v":"Իմ զրթչնրը"},{"$i":"create-title","$v":"Պհլ որպս զնգի հնչերնգ"},{"$i":"create-save","$v":"Պահել"},{"$i":"create-cancel","$v":"Չեղարկել"},{"$i":"create-select","$v":"Ընտրել"},{"$i":"create-deselect","$v":"Ապընտրել"},{"$i":"play-error-title","$v":"Վնասված ֆայլ"},{"$i":"play-error-desc","$v":"Ֆայլը վնասված է: Այն չի կարող օգտագործվել զանգի հնչերանգ ստեղծելու համար:"},{"$i":"save-error-title","$v":"Զնգի հնչերնգը ստղծվծ չէ"},{"$i":"save-error-desc","$v":"Զանգի հնչերանգը ստեղծելիս խնդիր առաջացավ: Կրկին փորձեք:"},{"$i":"save-file-large","$v":"Նշքը չփզնց մեծ է։"},{"$i":"default-label","$v":"Սահմանել որպես լռելյայն երանգ"},{"$i":"ok","$v":"Լավ"},{"$i":"ringtone-untitled","$v":"Անանուն"},{"$i":"options","$v":"Ընտրանքներ"},{"$i":"play","$v":"Նվագարկել"},{"$i":"stop","$v":"Դադարեցնել"},{"$i":"share","$v":"Համօգտագործել"},{"$i":"delete","$v":"Ջնջել"},{"$i":"cancel","$v":"Չեղարկել"},{"$i":"select","$v":"Ընտրել"},{"$i":"add","$v":"Ավլցն"},{"$i":"no-ringtones","$v":"Զանգի հնչերանգ չկա"},{"$i":"no-ringtones-warning","$v":"Զանգի հնչերանգներ չկան։ Սեղմեք «Ավելացնել»՝ ձեր երաժշտությունից հնչերանգ ավելացնելու համար։"},{"$i":"add-ringtone","$v":"Ավլցն զանգի հնչերանգ"},{"$i":"brandShortName","$v":"KaiOS"},{"$i":"browserBrandShortName","$v":"Web Browser"},{"$i":"browserBrandFullName","$v":"Mozilla Web Browser"},{"$i":"ringtoneBrandName","$v":"Default"},{"$i":"ringtoneSectionBrandName","$v":"System"},{"$i":"ringtone-none","$v":"Ոչ մի"},{"$i":"ringer_adventure","$v":"Adventure"},{"$i":"ringer_africa","$v":"Africa"},{"$i":"ringer_bounce","$v":"Bounce"},{"$i":"ringer_disco","$v":"Disco"},{"$i":"ringer_kai","$v":"Kai"},{"$i":"ringer_office","$v":"Office"},{"$i":"ringer_techno","$v":"Techno"},{"$i":"ringer_woody","$v":"Woody"},{"$i":"notifier_bell","$v":"Bell"},{"$i":"notifier_donuts","$v":"Donuts"},{"$i":"notifier_que_paso","$v":"Such rhythm"},{"$i":"notifier_shake","$v":"Shake"},{"$i":"notifier_triple","$v":"Triple"},{"$i":"ringer_azalea","$v":"Azalea"},{"$i":"ringer_bloom","$v":"Bloom"},{"$i":"ringer_blove","$v":"Blove"},{"$i":"ringer_city_lights","$v":"City Lights"},{"$i":"ringer_dots","$v":"Dots"},{"$i":"ringer_flow","$v":"Flow"},{"$i":"ringer_fountain","$v":"Fountain"},{"$i":"ringer_fresh","$v":"Fresh"},{"$i":"ringer_firefox2","$v":[{"t":"idOrVar","v":"ringtoneBrandName"}]},{"$i":"ringer_illuminate","$v":"Illuminate"},{"$i":"ringer_incoming","$v":"Մուտքային"},{"$i":"ringer_silvery","$v":"Silvery"},{"$i":"ringer_now_or_never","$v":"Now or Never"},{"$i":"ringer_primary","$v":"Primary"},{"$i":"ringer_pure_guitar","$v":"Pure Guitar"},{"$i":"ringer_rounded","$v":"Rounded"},{"$i":"ringer_spring","$v":"Spring"},{"$i":"ringer_stargazer","$v":"Stargazer"},{"$i":"ringer_vaca","$v":"Vaca"},{"$i":"notifier_bells","$v":"Bells"},{"$i":"notifier_bloom","$v":"Bloom"},{"$i":"notifier_chime","$v":"Chime"},{"$i":"notifier_clicka","$v":"Clicka"},{"$i":"notifier_digi","$v":"Digi"},{"$i":"notifier_dropplet","$v":"Dropplet"},{"$i":"notifier_firefox2","$v":[{"t":"idOrVar","v":"ringtoneBrandName"}]},{"$i":"notifier_hello","$v":"Hello"},{"$i":"notifier_ping","$v":"Ping"},{"$i":"notifier_plickle","$v":"Plickle"},{"$i":"notifier_pocko","$v":"Pocko"},{"$i":"notifier_quado","$v":"Quado"},{"$i":"notifier_red","$v":"Կարմիր"},{"$i":"notifier_sato","$v":"Sato"},{"$i":"notifier_trickleup","$v":"Trickle Up"},{"$i":"notifier_trink","$v":"Trink"},{"$i":"notifier_verse","$v":"Verse"},{"$i":"NokiaTune","$v":"NokiaTune"},{"$i":"Arrival","$v":"Arrival"},{"$i":"Barbell","$v":"Barbell"},{"$i":"Bird","$v":"Bird"},{"$i":"Bounce","$v":"Bounce"},{"$i":"Brikabrak","$v":"Brikabrak"},{"$i":"Buzzer","$v":"Buzzer"},{"$i":"Cadenza","$v":"Cadenza"},{"$i":"Chirp","$v":"Chirp"},{"$i":"Delays","$v":"Delays"},{"$i":"Distance","$v":"Distance"},{"$i":"Earring","$v":"Earring"},{"$i":"Electronic","$v":"Electronic"},{"$i":"Imperial","$v":"Imperial"},{"$i":"Karimba","$v":"Karimba"},{"$i":"Marbles","$v":"Marbles"},{"$i":"Monkey_drum","$v":"Monkey drum"},{"$i":"Nostalgia","$v":"Nostalgia"},{"$i":"Ring_ring","$v":"Ring ring"},{"$i":"Spirals","$v":"Ring Spirals"},{"$i":"Stones","$v":"Stones"},{"$i":"Timer","$v":"Timer"},{"$i":"Tip_toe","$v":"Tip toe"},{"$i":"Institucional_Rubrica","$v":"Institucional Rubrica"},{"$i":"Calendar_1","$v":"Calendar_1"},{"$i":"Calendar_2","$v":"Calendar_2"},{"$i":"Calendar_3","$v":"Calendar_3"},{"$i":"Message_1","$v":"Message_1"},{"$i":"Message_2","$v":"Message_2"},{"$i":"Message_3","$v":"Message_3"},{"$i":"Message_4","$v":"Message_4"},{"$i":"Message_5","$v":"Message_5"},{"$i":"softkey-options","$v":"Ընտրանքներ"}]