[{"$i":"manage-title-2","$v":"ტონების მართვა"},{"$i":"actions-share-ringtone","$v":"ზარის მელოდ. გაზიარ."},{"$i":"actions-delete-ringtone","$v":"ზარის მელოდიის წაშლა"},{"$i":"actions-share-alerttone","$v":"სიგნალის გაზიარება"},{"$i":"actions-delete-alerttone","$v":"მაღვიძარას წაშლა"},{"$i":"actions-cancel","$v":"გაუქმება"},{"$i":"delete-title-ringtone","$v":"ზარის მელოდიის წაშლა"},{"$i":"delete-title-alerttone","$v":"მაღვიძარას წაშლა"},{"$i":"delete-desc","$v":["დარწმუნებული ხართ, რომ გსურთ ",{"t":"idOrVar","v":"tone"},"-ის წაშლა?"]},{"$i":"delete-desc-default-ringtone","$v":[{"t":"idOrVar","v":"tone"},"\" ამჟამინდელი სტანდარტული ზარის მელოდიაა.\n\nდარწმუნებული ხართ, რომ გსურთ მისი წაშლა?"]},{"$i":"delete-desc-default-alerttone","$v":[{"t":"idOrVar","v":"tone"},"\" ამჟამინდელი სტანდარტული გაფრთხილებაა.\n\nდარწმუნებული ხართ, რომ გსურთ მისი წაშლა?"]},{"$i":"delete-cancel","$v":"გაუქმება"},{"$i":"delete-confirm","$v":"წაშლა"},{"$i":"deleted-ringtone","$v":"ზარის მელოდია წაშლილია."},{"$i":"deleted-alerttone","$v":"სიგნალი წაშლილია."},{"$i":"created-tone","$v":"ზარის მელოდია შექმნილია."},{"$i":"set-default-tone","$v":"ზარის მელოდ. დაყენდა როგორც სტანდარტული."},{"$i":"file-saved","$v":"შეინახე ზარ. მელ."},{"$i":"file-has-saved","$v":"ადრე იყო ზარის მელოდიის შენახვა."},{"$i":"file-set-as-default-ringtone","$v":"შენახულია როგორც ზარის მელოდია."},{"$i":"file-size-is-too-large","$v":"არ შეიქმნა. ფაილის ზომა ძალიან დიდია."},{"$i":"sd-card-subtitle","$v":"SD ბარათი"},{"$i":"confirmation","$v":"დადასტურება"},{"$i":"pick-title","$v":"აირჩიეთ ხმა"},{"$i":"pick-set","$v":"დაყენება"},{"$i":"system-ringtones","$v":"სისტემური ზარის მელოდ."},{"$i":"my-ringtones","$v":"ჩემი ზარის მელოდიები"},{"$i":"notice-alerts","$v":"შეტყობინების სიგნალი"},{"$i":"section-title-builtin-ringtone","$v":"სისტემური ზარის მელოდიები"},{"$i":"section-title-builtin-alerttone","$v":"სისტემის სიგნალები"},{"$i":"section-header-title-ringtone","$v":"ზარის მელოდიები"},{"$i":"section-header-title-alerttone","$v":"შეტყობინების სიგნალი"},{"$i":"section-title-custom-ringtone","$v":"ჩემი ზარის მელოდიები"},{"$i":"section-title-custom-alerttone","$v":"ჩემი სიგნალები"},{"$i":"create-title","$v":"შეინახე ზარ. მელ."},{"$i":"create-save","$v":"შენახვა"},{"$i":"create-cancel","$v":"გაუქმება"},{"$i":"create-select","$v":"არჩევა"},{"$i":"create-deselect","$v":"მონიშვნის მოხსნა"},{"$i":"play-error-title","$v":"დაზიანებული ფაილი"},{"$i":"play-error-desc","$v":"ფაილი დაზიანებულია. შეუძლებელია მისი გამოყენება ზარის მელოდიის შესაქმნელად."},{"$i":"save-error-title","$v":"ზარის მელოდ. შექმნილი არ არის"},{"$i":"save-error-desc","$v":"ზარის მელოდიის შექმნისას პრობლემა წარმოიშვა. გთხოვთ, კიდევ სცადოთ."},{"$i":"save-file-large","$v":"ფაილის ზომა მეტისმეტად დიდია."},{"$i":"default-label","$v":"ნაგულისხმევი ზარის დაყენება"},{"$i":"ok","$v":"OK"},{"$i":"ringtone-untitled","$v":"უსათაურო"},{"$i":"options","$v":"ვარიანტები"},{"$i":"play","$v":"დაკვრა"},{"$i":"stop","$v":"გაჩერება"},{"$i":"share","$v":"გაზიარება"},{"$i":"delete","$v":"წაშლა"},{"$i":"cancel","$v":"გაუქმება"},{"$i":"select","$v":"არჩევა"},{"$i":"add","$v":"დამატება"},{"$i":"no-ringtones","$v":"ზარის მელოდიები არ არის"},{"$i":"no-ringtones-warning","$v":"ზარის მელოდ. არ არის. თქვენი მუსიკიდან ზარის მელოდ. დასამატებლად, დააჭირეთ დამატებას."},{"$i":"add-ringtone","$v":"ზარის მელოდიის დამატება"},{"$i":"brandShortName","$v":"KaiOS"},{"$i":"browserBrandShortName","$v":"Web Browser"},{"$i":"browserBrandFullName","$v":"Mozilla Web Browser"},{"$i":"ringtoneBrandName","$v":"Default"},{"$i":"ringtoneSectionBrandName","$v":"System"},{"$i":"ringtone-none","$v":"არცერთი"},{"$i":"ringer_adventure","$v":"Adventure"},{"$i":"ringer_africa","$v":"Africa"},{"$i":"ringer_bounce","$v":"Bounce"},{"$i":"ringer_disco","$v":"Disco"},{"$i":"ringer_kai","$v":"Kai"},{"$i":"ringer_office","$v":"Office"},{"$i":"ringer_techno","$v":"Techno"},{"$i":"ringer_woody","$v":"Woody"},{"$i":"notifier_bell","$v":"Bell"},{"$i":"notifier_donuts","$v":"Donuts"},{"$i":"notifier_que_paso","$v":"Such rhythm"},{"$i":"notifier_shake","$v":"Shake"},{"$i":"notifier_triple","$v":"Triple"},{"$i":"ringer_azalea","$v":"Azalea"},{"$i":"ringer_bloom","$v":"Bloom"},{"$i":"ringer_blove","$v":"Blove"},{"$i":"ringer_city_lights","$v":"City Lights"},{"$i":"ringer_dots","$v":"Dots"},{"$i":"ringer_flow","$v":"Flow"},{"$i":"ringer_fountain","$v":"Fountain"},{"$i":"ringer_fresh","$v":"Fresh"},{"$i":"ringer_firefox2","$v":[{"t":"idOrVar","v":"ringtoneBrandName"}]},{"$i":"ringer_illuminate","$v":"Illuminate"},{"$i":"ringer_incoming","$v":"შემომავალი"},{"$i":"ringer_silvery","$v":"Silvery"},{"$i":"ringer_now_or_never","$v":"Now or Never"},{"$i":"ringer_primary","$v":"Primary"},{"$i":"ringer_pure_guitar","$v":"Pure Guitar"},{"$i":"ringer_rounded","$v":"Rounded"},{"$i":"ringer_spring","$v":"Spring"},{"$i":"ringer_stargazer","$v":"Stargazer"},{"$i":"ringer_vaca","$v":"Vaca"},{"$i":"notifier_bells","$v":"Bells"},{"$i":"notifier_bloom","$v":"Bloom"},{"$i":"notifier_chime","$v":"Chime"},{"$i":"notifier_clicka","$v":"Clicka"},{"$i":"notifier_digi","$v":"Digi"},{"$i":"notifier_dropplet","$v":"Dropplet"},{"$i":"notifier_firefox2","$v":[{"t":"idOrVar","v":"ringtoneBrandName"}]},{"$i":"notifier_hello","$v":"Hello"},{"$i":"notifier_ping","$v":"Ping"},{"$i":"notifier_plickle","$v":"Plickle"},{"$i":"notifier_pocko","$v":"Pocko"},{"$i":"notifier_quado","$v":"Quado"},{"$i":"notifier_red","$v":"წითელი"},{"$i":"notifier_sato","$v":"Sato"},{"$i":"notifier_trickleup","$v":"Trickle Up"},{"$i":"notifier_trink","$v":"Trink"},{"$i":"notifier_verse","$v":"Verse"},{"$i":"NokiaTune","$v":"NokiaTune"},{"$i":"Arrival","$v":"Arrival"},{"$i":"Barbell","$v":"Barbell"},{"$i":"Bird","$v":"Bird"},{"$i":"Bounce","$v":"Bounce"},{"$i":"Brikabrak","$v":"Brikabrak"},{"$i":"Buzzer","$v":"Buzzer"},{"$i":"Cadenza","$v":"Cadenza"},{"$i":"Chirp","$v":"Chirp"},{"$i":"Delays","$v":"Delays"},{"$i":"Distance","$v":"Distance"},{"$i":"Earring","$v":"Earring"},{"$i":"Electronic","$v":"Electronic"},{"$i":"Imperial","$v":"Imperial"},{"$i":"Karimba","$v":"Karimba"},{"$i":"Marbles","$v":"Marbles"},{"$i":"Monkey_drum","$v":"Monkey drum"},{"$i":"Nostalgia","$v":"Nostalgia"},{"$i":"Ring_ring","$v":"Ring ring"},{"$i":"Spirals","$v":"Ring Spirals"},{"$i":"Stones","$v":"Stones"},{"$i":"Timer","$v":"Timer"},{"$i":"Tip_toe","$v":"Tip toe"},{"$i":"Institucional_Rubrica","$v":"Institucional Rubrica"},{"$i":"Calendar_1","$v":"Calendar_1"},{"$i":"Calendar_2","$v":"Calendar_2"},{"$i":"Calendar_3","$v":"Calendar_3"},{"$i":"Message_1","$v":"Message_1"},{"$i":"Message_2","$v":"Message_2"},{"$i":"Message_3","$v":"Message_3"},{"$i":"Message_4","$v":"Message_4"},{"$i":"Message_5","$v":"Message_5"},{"$i":"softkey-options","$v":"ვარიანტები"}]