[{"$i":"manage-title-2","$v":"Үндерді басқару"},{"$i":"actions-share-ringtone","$v":"Қоңырау үнін бөлісу"},{"$i":"actions-delete-ringtone","$v":"Қоңырау үнін жою"},{"$i":"actions-share-alerttone","$v":"Дабылды бөлісу"},{"$i":"actions-delete-alerttone","$v":"Дабылды жою"},{"$i":"actions-cancel","$v":"Бас тарту"},{"$i":"delete-title-ringtone","$v":"Қоңырау үнін жою"},{"$i":"delete-title-alerttone","$v":"Дабылды жою"},{"$i":"delete-desc","$v":[{"t":"idOrVar","v":"tone"},"\" жою керек пе?"]},{"$i":"delete-desc-default-ringtone","$v":[{"t":"idOrVar","v":"tone"},"\" ағымдағы әдепкі қоңырау үні болып табылады.\n\nОны шынымен жойғыңыз келе ме?"]},{"$i":"delete-desc-default-alerttone","$v":[{"t":"idOrVar","v":"tone"},"\" ағымдағы әдепкі дабыл болып табылады.\n\nОны шынымен жойғыңыз келе ме?"]},{"$i":"delete-cancel","$v":"Бас тарту"},{"$i":"delete-confirm","$v":"Жою"},{"$i":"deleted-ringtone","$v":"Қоңырау үні жойылды."},{"$i":"deleted-alerttone","$v":"Дабыл жойылды."},{"$i":"created-tone","$v":"Қоңырау үні жасалды."},{"$i":"set-default-tone","$v":"Үні әдепкі ретінде орн."},{"$i":"file-saved","$v":"Қоңырау үні ретінде сақталды."},{"$i":"file-has-saved","$v":"бұрын қоңырау үні ретінде сақталған."},{"$i":"file-set-as-default-ringtone","$v":"Әдепкі қоңырау үні ретінде сақталды."},{"$i":"file-size-is-too-large","$v":"жаратылмаған. Файл өлшемі тым үлкен."},{"$i":"sd-card-subtitle","$v":"SD картасы"},{"$i":"confirmation","$v":"Растау"},{"$i":"pick-title","$v":"Дыбыс таңдау"},{"$i":"pick-set","$v":"Орнату"},{"$i":"system-ringtones","$v":"Жүйенің қоңырау үндері"},{"$i":"my-ringtones","$v":"Қоңырау үндерім"},{"$i":"notice-alerts","$v":"Хабарлама дабылдары"},{"$i":"section-title-builtin-ringtone","$v":"Жүйенің қоңырау үндері"},{"$i":"section-title-builtin-alerttone","$v":"Жүйе дабылдары"},{"$i":"section-header-title-ringtone","$v":"Қоңырау үндері"},{"$i":"section-header-title-alerttone","$v":"Хабарлама дабылдары"},{"$i":"section-title-custom-ringtone","$v":"Қоңырау үндерім"},{"$i":"section-title-custom-alerttone","$v":"Дабылдарым"},{"$i":"create-title","$v":"Қоң. үні ретінде сақтау"},{"$i":"create-save","$v":"Сақтау"},{"$i":"create-cancel","$v":"Бас тарту"},{"$i":"create-select","$v":"Таңдау"},{"$i":"create-deselect","$v":"Таңдауды алу"},{"$i":"play-error-title","$v":"Файл бүлінген"},{"$i":"play-error-desc","$v":"Файл бүлінген. Оны қоңырау үнін жасау үшін пайдалану мүмкін емес."},{"$i":"save-error-title","$v":"Қоңырау үні жасалмады"},{"$i":"save-error-desc","$v":"Қоңырау үнін жасау кезінде қате пайда болды. Қайталап көріңіз."},{"$i":"save-file-large","$v":"Файл өлшемі тым үлкен."},{"$i":"default-label","$v":"Әдепкі қоңырау үні ретінде орнатыңыз"},{"$i":"ok","$v":"OK"},{"$i":"ringtone-untitled","$v":"Атаусыз"},{"$i":"options","$v":"Опциялар"},{"$i":"play","$v":"Ойнату"},{"$i":"stop","$v":"Тоқтату"},{"$i":"share","$v":"Бөлісу"},{"$i":"delete","$v":"Жою"},{"$i":"cancel","$v":"Бас тарту"},{"$i":"select","$v":"Таңдау"},{"$i":"add","$v":"Қосу"},{"$i":"no-ringtones","$v":"Қоңырау үндері жоқ"},{"$i":"no-ringtones-warning","$v":"Қоңырау үндері жоқ. Музыкадан қоңырау үнін қосу үшін \"Қосу\" түймесін басыңыз."},{"$i":"add-ringtone","$v":"Қоңырау үнін қосу"},{"$i":"brandShortName","$v":"KaiOS"},{"$i":"browserBrandShortName","$v":"Web Browser"},{"$i":"browserBrandFullName","$v":"Mozilla Web Browser"},{"$i":"ringtoneBrandName","$v":"Default"},{"$i":"ringtoneSectionBrandName","$v":"System"},{"$i":"ringtone-none","$v":"Жоқ"},{"$i":"ringer_adventure","$v":"Adventure"},{"$i":"ringer_africa","$v":"Africa"},{"$i":"ringer_bounce","$v":"Bounce"},{"$i":"ringer_disco","$v":"Disco"},{"$i":"ringer_kai","$v":"Kai"},{"$i":"ringer_office","$v":"Office"},{"$i":"ringer_techno","$v":"Techno"},{"$i":"ringer_woody","$v":"Woody"},{"$i":"notifier_bell","$v":"Bell"},{"$i":"notifier_donuts","$v":"Donuts"},{"$i":"notifier_que_paso","$v":"Such rhythm"},{"$i":"notifier_shake","$v":"Shake"},{"$i":"notifier_triple","$v":"Triple"},{"$i":"ringer_azalea","$v":"Azalea"},{"$i":"ringer_bloom","$v":"Bloom"},{"$i":"ringer_blove","$v":"Blove"},{"$i":"ringer_city_lights","$v":"City Lights"},{"$i":"ringer_dots","$v":"Dots"},{"$i":"ringer_flow","$v":"Flow"},{"$i":"ringer_fountain","$v":"Fountain"},{"$i":"ringer_fresh","$v":"Fresh"},{"$i":"ringer_firefox2","$v":[{"t":"idOrVar","v":"ringtoneBrandName"}]},{"$i":"ringer_illuminate","$v":"Illuminate"},{"$i":"ringer_incoming","$v":"Кіріс"},{"$i":"ringer_silvery","$v":"Silvery"},{"$i":"ringer_now_or_never","$v":"Now or Never"},{"$i":"ringer_primary","$v":"Негізгі"},{"$i":"ringer_pure_guitar","$v":"Pure Guitar"},{"$i":"ringer_rounded","$v":"Rounded"},{"$i":"ringer_spring","$v":"Spring"},{"$i":"ringer_stargazer","$v":"Stargazer"},{"$i":"ringer_vaca","$v":"Vaca"},{"$i":"notifier_bells","$v":"Bells"},{"$i":"notifier_bloom","$v":"Bloom"},{"$i":"notifier_chime","$v":"Chime"},{"$i":"notifier_clicka","$v":"Clicka"},{"$i":"notifier_digi","$v":"Digi"},{"$i":"notifier_dropplet","$v":"Dropplet"},{"$i":"notifier_firefox2","$v":[{"t":"idOrVar","v":"ringtoneBrandName"}]},{"$i":"notifier_hello","$v":"Hello"},{"$i":"notifier_ping","$v":"Ping"},{"$i":"notifier_plickle","$v":"Plickle"},{"$i":"notifier_pocko","$v":"Pocko"},{"$i":"notifier_quado","$v":"Quado"},{"$i":"notifier_red","$v":"Қызыл"},{"$i":"notifier_sato","$v":"Sato"},{"$i":"notifier_trickleup","$v":"Trickle Up"},{"$i":"notifier_trink","$v":"Trink"},{"$i":"notifier_verse","$v":"Verse"},{"$i":"NokiaTune","$v":"NokiaTune"},{"$i":"Arrival","$v":"Arrival"},{"$i":"Barbell","$v":"Barbell"},{"$i":"Bird","$v":"Bird"},{"$i":"Bounce","$v":"Bounce"},{"$i":"Brikabrak","$v":"Brikabrak"},{"$i":"Buzzer","$v":"Buzzer"},{"$i":"Cadenza","$v":"Cadenza"},{"$i":"Chirp","$v":"Chirp"},{"$i":"Delays","$v":"Delays"},{"$i":"Distance","$v":"Distance"},{"$i":"Earring","$v":"Earring"},{"$i":"Electronic","$v":"Electronic"},{"$i":"Imperial","$v":"Imperial"},{"$i":"Karimba","$v":"Karimba"},{"$i":"Marbles","$v":"Marbles"},{"$i":"Monkey_drum","$v":"Monkey drum"},{"$i":"Nostalgia","$v":"Nostalgia"},{"$i":"Ring_ring","$v":"Ring ring"},{"$i":"Spirals","$v":"Ring Spirals"},{"$i":"Stones","$v":"Stones"},{"$i":"Timer","$v":"Timer"},{"$i":"Tip_toe","$v":"Tip toe"},{"$i":"Institucional_Rubrica","$v":"Institucional Rubrica"},{"$i":"Calendar_1","$v":"Calendar_1"},{"$i":"Calendar_2","$v":"Calendar_2"},{"$i":"Calendar_3","$v":"Calendar_3"},{"$i":"Message_1","$v":"Message_1"},{"$i":"Message_2","$v":"Message_2"},{"$i":"Message_3","$v":"Message_3"},{"$i":"Message_4","$v":"Message_4"},{"$i":"Message_5","$v":"Message_5"},{"$i":"softkey-options","$v":"Опциялар"}]