[{"$i":"manage-title-2","$v":"ການຈັດການສຽງ"},{"$i":"actions-share-ringtone","$v":"ແຊຣ໌ສຽງເອີ້ນເຂົ້າ"},{"$i":"actions-delete-ringtone","$v":"ລຶບສຽງເອີ້ນເຂົ້າ"},{"$i":"actions-share-alerttone","$v":"ແຊຣ໌ການແຈ້ງເຕືອນ"},{"$i":"actions-delete-alerttone","$v":"ລຶບການເຕືອນ"},{"$i":"actions-cancel","$v":"ຍົກເລີກ"},{"$i":"delete-title-ringtone","$v":"ລຶບສຽງເອີ້ນເຂົ້າ"},{"$i":"delete-title-alerttone","$v":"ລຶບການເຕືອນ"},{"$i":"delete-desc","$v":["ທ່ານໝັ້ນໃຈຫຼືບໍ່ວ່າທ່ານ ຕ້ອງການລຶບ\"",{"t":"idOrVar","v":"tone"},"\"?"]},{"$i":"delete-desc-default-ringtone","$v":["“",{"t":"idOrVar","v":"tone"},"” ແມ່ນສຽງເອີ້ນເຂົ້າ ເລີ່ມຕົ້ນ.\n\nທ່ານແນ່ໃຈຫຼືບໍ່ວ່າ ຈະລຶບອອກ?"]},{"$i":"delete-desc-default-alerttone","$v":[{"t":"idOrVar","v":"tone"},"\" ແມ່ນການແຈ້ງ ເຕືອນເລີ່ມຕົ້ນໃນປະຈຸບັນ.\n\nທ່ານແນ່ໃຈ ຫຼືບໍ່ວ່າຈະລຶບອອກ?"]},{"$i":"delete-cancel","$v":"ຍົກເລີກ"},{"$i":"delete-confirm","$v":"ລຶບ"},{"$i":"deleted-ringtone","$v":"ໄດ້ລຶບສຽງເອີ້ນເຂົ້າແລ້ວ."},{"$i":"deleted-alerttone","$v":"ລຶບແຈ້ງເຕືອນແລ້ວ."},{"$i":"created-tone","$v":"ສຽງເອີ້ນເຂົ້າໄດ້ສ້າງແລ້ວ."},{"$i":"set-default-tone","$v":"ຕັ້ງຄ່າສຽງເອີ້ນເຂົ້າ ເປັນຄ່າເລີ່ມຕົ້ນແລ້ວ"},{"$i":"file-saved","$v":"ບັນທຶກເປັນສຽງຮຽກເຂົ້າ."},{"$i":"file-has-saved","$v":"ຖືກບັນທຶກເປັນສຽງເອີ້ນເຂົ້າກ່ອນ."},{"$i":"file-set-as-default-ringtone","$v":"ບັນທຶກເປັນສຽງເອີ້ນເຂົ້າແບບເດີມ."},{"$i":"file-size-is-too-large","$v":"ບໍ່ໄດ້ສ້າງຂື້ນ. ຂະ ໜາດ ແຟ້ມໃຫຍ່ເກີນໄປ."},{"$i":"sd-card-subtitle","$v":"ບັດ SD"},{"$i":"confirmation","$v":"ການຢືນຢັນ"},{"$i":"pick-title","$v":"ເລືອກສຽງ"},{"$i":"pick-set","$v":"ຕັ້ງຄ່າ"},{"$i":"system-ringtones","$v":"ລະບົບສຽງເອີ້ນເຂົ້າ"},{"$i":"my-ringtones","$v":"ສຽງເອີ້ນເຂົ້າຂອງຂ້າພະເຈົ້າ"},{"$i":"notice-alerts","$v":"ການແຈ້ງເຕືອນ"},{"$i":"section-title-builtin-ringtone","$v":"ສຽງເອີ້ນເຂົ້າຂອງລະບົບ"},{"$i":"section-title-builtin-alerttone","$v":"ການແຈ້ງເຕືອນຂອງລະບົບ"},{"$i":"section-header-title-ringtone","$v":"ສຽງເອີ້ນເຂົ້າ"},{"$i":"section-header-title-alerttone","$v":"ການແຈ້ງເຕືອນ"},{"$i":"section-title-custom-ringtone","$v":"ສຽງເອີ້ນເຂົ້າຂອງຂ້າພະເຈົ້າ"},{"$i":"section-title-custom-alerttone","$v":"ການແຈ້ງເຕືອນຂອງຂ້ອຍ"},{"$i":"create-title","$v":"ບັນທຶກເປັນສຽງເອີ້ນເຂົ້າ"},{"$i":"create-save","$v":"ບັນທຶກໄວ້"},{"$i":"create-cancel","$v":"ຍົກເລີກ"},{"$i":"create-select","$v":"ເລືອກ"},{"$i":"create-deselect","$v":"ຍົກເລີກທີ່ໄດ້ເລືອກໄວ້"},{"$i":"play-error-title","$v":"ແຟ້ມຂໍ້ມູນໄດ້ເສຍຫາຍແລ້ວ"},{"$i":"play-error-desc","$v":"ໄຟລ໌ຖືກເສຍຫາຍ. ມັນບໍ່ສາ ມາດໃຊ້ເພື່ອສ້າງສຽງເອີ້ນເຂົ້າ ໄດ້."},{"$i":"save-error-title","$v":"ສຽງເອີ້ນເຂົ້າຍັງບໍ່ທັນຕັ້ງ"},{"$i":"save-error-desc","$v":"ມີບັນຫາໃນການສ້າງສຽງເອີ້ນ ເຂົ້າ. ກະລຸນາລອງໃໝ່ອີກຄັ້ງ."},{"$i":"save-file-large","$v":"ຂະໜາດໄຟລ໌ໃຫຍ່ເກີນໄປ."},{"$i":"default-label","$v":"ກໍານົດເປັນສຽງເອີ້ນເຂົ້າຕົ້ນຕໍ"},{"$i":"ok","$v":"ຕົກລົງ"},{"$i":"ringtone-untitled","$v":"ຍັງບໍ່ໄດ້ຕັ້ງຊື່ແລ້ວ"},{"$i":"options","$v":"ຕົວເລືອກ"},{"$i":"play","$v":"ຫຼິ້ນ"},{"$i":"stop","$v":"ຢຸດ"},{"$i":"share","$v":"ແຊຣ໌"},{"$i":"delete","$v":"ລຶບ"},{"$i":"cancel","$v":"ຍົກເລີກ"},{"$i":"select","$v":"ເລືອກ"},{"$i":"add","$v":"ເພີ່ມ"},{"$i":"no-ringtones","$v":"ບໍ່ສຽງໂທເຂົ້າ"},{"$i":"no-ringtones-warning","$v":"ບໍ່ມີສຽງເອີ້ນເຂົ້າ. ກົດ ເພີ່ມ ເພື່ອເພີ່ມສຽງເອີ້ນເຂົ້າຈາກດົນຕີຂອງທ່ານ."},{"$i":"add-ringtone","$v":"ເພີ່ມສຽງເອີ້ນເຂົ້າ"},{"$i":"brandShortName","$v":"KaiOS"},{"$i":"browserBrandShortName","$v":"Web Browser"},{"$i":"browserBrandFullName","$v":"Mozilla Web Browser"},{"$i":"ringtoneBrandName","$v":"Default"},{"$i":"ringtoneSectionBrandName","$v":"System"},{"$i":"ringtone-none","$v":"ບໍ່ມີ"},{"$i":"ringer_adventure","$v":"Adventure"},{"$i":"ringer_africa","$v":"Africa"},{"$i":"ringer_bounce","$v":"Bounce"},{"$i":"ringer_disco","$v":"Disco"},{"$i":"ringer_kai","$v":"ໄກ"},{"$i":"ringer_office","$v":"Office"},{"$i":"ringer_techno","$v":"Techno"},{"$i":"ringer_woody","$v":"Woody"},{"$i":"notifier_bell","$v":"Bell"},{"$i":"notifier_donuts","$v":"Donuts"},{"$i":"notifier_que_paso","$v":"Such rhythm"},{"$i":"notifier_shake","$v":"Shake"},{"$i":"notifier_triple","$v":"Triple"},{"$i":"ringer_azalea","$v":"Azalea"},{"$i":"ringer_bloom","$v":"Bloom"},{"$i":"ringer_blove","$v":"Blove"},{"$i":"ringer_city_lights","$v":"City Lights"},{"$i":"ringer_dots","$v":"Dots"},{"$i":"ringer_flow","$v":"Flow"},{"$i":"ringer_fountain","$v":"Fountain"},{"$i":"ringer_fresh","$v":"Fresh"},{"$i":"ringer_firefox2","$v":[{"t":"idOrVar","v":"ringtoneBrandName"}]},{"$i":"ringer_illuminate","$v":"Illuminate"},{"$i":"ringer_incoming","$v":"ຂາເຂົ້າ"},{"$i":"ringer_silvery","$v":"Silvery"},{"$i":"ringer_now_or_never","$v":"Now or Never"},{"$i":"ringer_primary","$v":"Primary"},{"$i":"ringer_pure_guitar","$v":"Pure Guitar"},{"$i":"ringer_rounded","$v":"Rounded"},{"$i":"ringer_spring","$v":"Spring"},{"$i":"ringer_stargazer","$v":"Stargazer"},{"$i":"ringer_vaca","$v":"Vaca"},{"$i":"notifier_bells","$v":"Bells"},{"$i":"notifier_bloom","$v":"Bloom"},{"$i":"notifier_chime","$v":"Chime"},{"$i":"notifier_clicka","$v":"Clicka"},{"$i":"notifier_digi","$v":"Digi"},{"$i":"notifier_dropplet","$v":"Dropplet"},{"$i":"notifier_firefox2","$v":[{"t":"idOrVar","v":"ringtoneBrandName"}]},{"$i":"notifier_hello","$v":"Hello"},{"$i":"notifier_ping","$v":"Ping"},{"$i":"notifier_plickle","$v":"Plickle"},{"$i":"notifier_pocko","$v":"Pocko"},{"$i":"notifier_quado","$v":"Quado"},{"$i":"notifier_red","$v":"ສີແດງ"},{"$i":"notifier_sato","$v":"Sato"},{"$i":"notifier_trickleup","$v":"Trickle Up"},{"$i":"notifier_trink","$v":"Trink"},{"$i":"notifier_verse","$v":"Verse"},{"$i":"NokiaTune","$v":"NokiaTune"},{"$i":"Arrival","$v":"Arrival"},{"$i":"Barbell","$v":"Barbell"},{"$i":"Bird","$v":"Bird"},{"$i":"Bounce","$v":"Bounce"},{"$i":"Brikabrak","$v":"Brikabrak"},{"$i":"Buzzer","$v":"Buzzer"},{"$i":"Cadenza","$v":"Cadenza"},{"$i":"Chirp","$v":"Chirp"},{"$i":"Delays","$v":"Delays"},{"$i":"Distance","$v":"Distance"},{"$i":"Earring","$v":"Earring"},{"$i":"Electronic","$v":"Electronic"},{"$i":"Imperial","$v":"Imperial"},{"$i":"Karimba","$v":"Karimba"},{"$i":"Marbles","$v":"Marbles"},{"$i":"Monkey_drum","$v":"Monkey drum"},{"$i":"Nostalgia","$v":"Nostalgia"},{"$i":"Ring_ring","$v":"Ring ring"},{"$i":"Spirals","$v":"Ring Spirals"},{"$i":"Stones","$v":"Stones"},{"$i":"Timer","$v":"Timer"},{"$i":"Tip_toe","$v":"Tip toe"},{"$i":"Institucional_Rubrica","$v":"Institucional Rubrica"},{"$i":"Calendar_1","$v":"Calendar_1"},{"$i":"Calendar_2","$v":"Calendar_2"},{"$i":"Calendar_3","$v":"Calendar_3"},{"$i":"Message_1","$v":"Message_1"},{"$i":"Message_2","$v":"Message_2"},{"$i":"Message_3","$v":"Message_3"},{"$i":"Message_4","$v":"Message_4"},{"$i":"Message_5","$v":"Message_5"},{"$i":"softkey-options","$v":"ຕົວເລືອກ"}]