[{"$i":"manage-title-2","$v":"Signālu pārvaldīšana"},{"$i":"actions-share-ringtone","$v":"Kopīgot zvana signālu"},{"$i":"actions-delete-ringtone","$v":"Dzēst zvana signālu"},{"$i":"actions-share-alerttone","$v":"Kopīgot signālu"},{"$i":"actions-delete-alerttone","$v":"Dzēst brīdinājumu"},{"$i":"actions-cancel","$v":"Atcelt"},{"$i":"delete-title-ringtone","$v":"Dzēst zvana signālu"},{"$i":"delete-title-alerttone","$v":"Dzēst brīdinājumu"},{"$i":"delete-desc","$v":["Vai tiešām vēlaties dzēst “",{"t":"idOrVar","v":"tone"},"”?"]},{"$i":"delete-desc-default-ringtone","$v":["“",{"t":"idOrVar","v":"tone"},"” ir pašreizējais noklusējuma zvana signāls.\n\nVai tiešām vēlaties to izdzēst?"]},{"$i":"delete-desc-default-alerttone","$v":["“",{"t":"idOrVar","v":"tone"},"” ir pašreizējais noklusējuma brīdinājums.\n\n Vai tiešām vēlaties to izdzēst?"]},{"$i":"delete-cancel","$v":"Atcelt"},{"$i":"delete-confirm","$v":"Dzēst"},{"$i":"deleted-ringtone","$v":"Zvana signāls dzēsts."},{"$i":"deleted-alerttone","$v":"Brīdinājums izdzēsts."},{"$i":"created-tone","$v":"Zvana signāls izveidots."},{"$i":"set-default-tone","$v":"Zv. signāls pēc noklus."},{"$i":"file-saved","$v":"Saglabāts kā zvana signāls."},{"$i":"file-has-saved","$v":"iepriekš tika saglabāts kā zvana signāls."},{"$i":"file-set-as-default-ringtone","$v":"Saglabāts kā noklusējuma zvana signāls."},{"$i":"file-size-is-too-large","$v":"nav izveidots. Faila izmērs ir pārāk liels."},{"$i":"sd-card-subtitle","$v":"SD karte"},{"$i":"confirmation","$v":"Apstiprinājums"},{"$i":"pick-title","$v":"Atlasiet skaņu"},{"$i":"pick-set","$v":"Kopa"},{"$i":"system-ringtones","$v":"Sistēmas zvana signāli"},{"$i":"my-ringtones","$v":"Mani zvana signāli"},{"$i":"notice-alerts","$v":"Brīdinājumi"},{"$i":"section-title-builtin-ringtone","$v":"Sistēmas zvana signāli"},{"$i":"section-title-builtin-alerttone","$v":"Sistēmas brīdinājumi"},{"$i":"section-header-title-ringtone","$v":"Zvana signāli"},{"$i":"section-header-title-alerttone","$v":"Brīdinājumi"},{"$i":"section-title-custom-ringtone","$v":"Mani zvana signāli"},{"$i":"section-title-custom-alerttone","$v":"Mani brīdinājumi"},{"$i":"create-title","$v":"Saglabāt kā zvana signālu"},{"$i":"create-save","$v":"Saglabāt"},{"$i":"create-cancel","$v":"Atcelt"},{"$i":"create-select","$v":"Atlasīt"},{"$i":"create-deselect","$v":"NOŅĒMT"},{"$i":"play-error-title","$v":"Bojāts fails"},{"$i":"play-error-desc","$v":"Fails ir bojāts. To nevar izmantot, lai izveidotu zvana signālu."},{"$i":"save-error-title","$v":"Zvana signāls nav izveidots"},{"$i":"save-error-desc","$v":"Izveidojot zvana signālu, radās problēma. Mēģiniet vēlreiz."},{"$i":"save-file-large","$v":"Fails ir pārāk liels."},{"$i":"default-label","$v":"Iestatiet kā noklusējuma zvana signālu"},{"$i":"ok","$v":"LABI"},{"$i":"ringtone-untitled","$v":"Bez nosaukuma"},{"$i":"options","$v":"Iespējas"},{"$i":"play","$v":"Atskaņot"},{"$i":"stop","$v":"Pārtraukt"},{"$i":"share","$v":"Kopīgot"},{"$i":"delete","$v":"Dzēst"},{"$i":"cancel","$v":"Atcelt"},{"$i":"select","$v":"Atlasīt"},{"$i":"add","$v":"Pievein."},{"$i":"no-ringtones","$v":"Nav zvana signālu"},{"$i":"no-ringtones-warning","$v":"Nav zvana signālu. Nospiediet Pievienot, lai pievienotu zvana signālu no mūzikas."},{"$i":"add-ringtone","$v":"Pievienot zvana signālu"},{"$i":"brandShortName","$v":"KaiOS"},{"$i":"browserBrandShortName","$v":"Web Browser"},{"$i":"browserBrandFullName","$v":"Mozilla Web Browser"},{"$i":"ringtoneBrandName","$v":"Default"},{"$i":"ringtoneSectionBrandName","$v":"System"},{"$i":"ringtone-none","$v":"Neviens"},{"$i":"ringer_adventure","$v":"Adventure"},{"$i":"ringer_africa","$v":"Africa"},{"$i":"ringer_bounce","$v":"Bounce"},{"$i":"ringer_disco","$v":"Disco"},{"$i":"ringer_kai","$v":"Kajs"},{"$i":"ringer_office","$v":"Office"},{"$i":"ringer_techno","$v":"Techno"},{"$i":"ringer_woody","$v":"Woody"},{"$i":"notifier_bell","$v":"Bell"},{"$i":"notifier_donuts","$v":"Donuts"},{"$i":"notifier_que_paso","$v":"Such rhythm"},{"$i":"notifier_shake","$v":"Shake"},{"$i":"notifier_triple","$v":"Triple"},{"$i":"ringer_azalea","$v":"Azalea"},{"$i":"ringer_bloom","$v":"Bloom"},{"$i":"ringer_blove","$v":"Blove"},{"$i":"ringer_city_lights","$v":"City Lights"},{"$i":"ringer_dots","$v":"Dots"},{"$i":"ringer_flow","$v":"Flow"},{"$i":"ringer_fountain","$v":"Fountain"},{"$i":"ringer_fresh","$v":"Fresh"},{"$i":"ringer_firefox2","$v":[{"t":"idOrVar","v":"ringtoneBrandName"}]},{"$i":"ringer_illuminate","$v":"Illuminate"},{"$i":"ringer_incoming","$v":"Ienākošais"},{"$i":"ringer_silvery","$v":"Silvery"},{"$i":"ringer_now_or_never","$v":"Now or Never"},{"$i":"ringer_primary","$v":"Galvenais"},{"$i":"ringer_pure_guitar","$v":"Pure Guitar"},{"$i":"ringer_rounded","$v":"Rounded"},{"$i":"ringer_spring","$v":"Spring"},{"$i":"ringer_stargazer","$v":"Stargazer"},{"$i":"ringer_vaca","$v":"Vaca"},{"$i":"notifier_bells","$v":"Bells"},{"$i":"notifier_bloom","$v":"Bloom"},{"$i":"notifier_chime","$v":"Chime"},{"$i":"notifier_clicka","$v":"Clicka"},{"$i":"notifier_digi","$v":"Digi"},{"$i":"notifier_dropplet","$v":"Dropplet"},{"$i":"notifier_firefox2","$v":[{"t":"idOrVar","v":"ringtoneBrandName"}]},{"$i":"notifier_hello","$v":"Hello"},{"$i":"notifier_ping","$v":"Ping"},{"$i":"notifier_plickle","$v":"Plickle"},{"$i":"notifier_pocko","$v":"Pocko"},{"$i":"notifier_quado","$v":"Quado"},{"$i":"notifier_red","$v":"Red"},{"$i":"notifier_sato","$v":"Sato"},{"$i":"notifier_trickleup","$v":"Trickle Up"},{"$i":"notifier_trink","$v":"Trink"},{"$i":"notifier_verse","$v":"Verse"},{"$i":"NokiaTune","$v":"NokiaTune"},{"$i":"Arrival","$v":"Arrival"},{"$i":"Barbell","$v":"Barbell"},{"$i":"Bird","$v":"Bird"},{"$i":"Bounce","$v":"Bounce"},{"$i":"Brikabrak","$v":"Brikabrak"},{"$i":"Buzzer","$v":"Buzzer"},{"$i":"Cadenza","$v":"Cadenza"},{"$i":"Chirp","$v":"Chirp"},{"$i":"Delays","$v":"Delays"},{"$i":"Distance","$v":"Distance"},{"$i":"Earring","$v":"Earring"},{"$i":"Electronic","$v":"Electronic"},{"$i":"Imperial","$v":"Imperial"},{"$i":"Karimba","$v":"Karimba"},{"$i":"Marbles","$v":"Marbles"},{"$i":"Monkey_drum","$v":"Monkey drum"},{"$i":"Nostalgia","$v":"Nostalgia"},{"$i":"Ring_ring","$v":"Ring ring"},{"$i":"Spirals","$v":"Ring Spirals"},{"$i":"Stones","$v":"Stones"},{"$i":"Timer","$v":"Timer"},{"$i":"Tip_toe","$v":"Tip toe"},{"$i":"Institucional_Rubrica","$v":"Institucional Rubrica"},{"$i":"Calendar_1","$v":"Calendar_1"},{"$i":"Calendar_2","$v":"Calendar_2"},{"$i":"Calendar_3","$v":"Calendar_3"},{"$i":"Message_1","$v":"Message_1"},{"$i":"Message_2","$v":"Message_2"},{"$i":"Message_3","$v":"Message_3"},{"$i":"Message_4","$v":"Message_4"},{"$i":"Message_5","$v":"Message_5"},{"$i":"softkey-options","$v":"Iespējas"}]