[{"$i":"manage-title-2","$v":"Управување на тонови"},{"$i":"actions-share-ringtone","$v":"Споделете мелодија"},{"$i":"actions-delete-ringtone","$v":"Избриши мелодија"},{"$i":"actions-share-alerttone","$v":"Споделете аларм"},{"$i":"actions-delete-alerttone","$v":"Избриши предупредување"},{"$i":"actions-cancel","$v":"Откажи"},{"$i":"delete-title-ringtone","$v":"Избриши Мелодија"},{"$i":"delete-title-alerttone","$v":"Избриши Предупредување"},{"$i":"delete-desc","$v":["Сигурни ли сте дека сакате да го избришете \"",{"t":"idOrVar","v":"tone"},"\"?"]},{"$i":"delete-desc-default-ringtone","$v":[{"t":"idOrVar","v":"tone"},"\" е тековната мелодија по подразб.\n\nДали сте сигурни дека сакате да ја избришете?"]},{"$i":"delete-desc-default-alerttone","$v":[{"t":"idOrVar","v":"tone"},"\" е тековното предупредување по подразбирање.\n\nДали сте сигурни дека сакате да го избришете?"]},{"$i":"delete-cancel","$v":"Откажи"},{"$i":"delete-confirm","$v":"Избриши"},{"$i":"deleted-ringtone","$v":"Мелодијата е избришана."},{"$i":"deleted-alerttone","$v":"Предупредувањето е избришано."},{"$i":"created-tone","$v":"Мелодијата е оздадена."},{"$i":"set-default-tone","$v":"Мел. е пост. како станд."},{"$i":"file-saved","$v":"Зачувано како мелодија"},{"$i":"file-has-saved","$v":"беше зачуван како мелодија порано."},{"$i":"file-set-as-default-ringtone","$v":"Зачувано како стандарден тон на ringвонење."},{"$i":"file-size-is-too-large","$v":"не се создадени. Големината на датотеката е преголема."},{"$i":"sd-card-subtitle","$v":"SD карт."},{"$i":"confirmation","$v":"Потврдување"},{"$i":"pick-title","$v":"Изберете звук"},{"$i":"pick-set","$v":"Постави"},{"$i":"system-ringtones","$v":"Системски мелодии"},{"$i":"my-ringtones","$v":"Моите мелодии"},{"$i":"notice-alerts","$v":"Предупред.за известув."},{"$i":"section-title-builtin-ringtone","$v":"Системски мелодии"},{"$i":"section-title-builtin-alerttone","$v":"Системски предупредувања"},{"$i":"section-header-title-ringtone","$v":"Мелодии"},{"$i":"section-header-title-alerttone","$v":"Предупред.за известув."},{"$i":"section-title-custom-ringtone","$v":"Моите мелодии"},{"$i":"section-title-custom-alerttone","$v":"Моите предупредувања"},{"$i":"create-title","$v":"Зачувајте како мелодија"},{"$i":"create-save","$v":"Зачувај"},{"$i":"create-cancel","$v":"Откажи"},{"$i":"create-select","$v":"Избор"},{"$i":"create-deselect","$v":"Пон.ги избр."},{"$i":"play-error-title","$v":"Оштетена датотека"},{"$i":"play-error-desc","$v":"Датотеката е оштетена. Не може да се користи за создавање на мелодија."},{"$i":"save-error-title","$v":"Мелод. не е создадена"},{"$i":"save-error-desc","$v":"Имаше проблем при создавањето на мелодијата. Обидете се повторно."},{"$i":"save-file-large","$v":"Големината на датотеката е преголема."},{"$i":"default-label","$v":"Постави како стандарден рингтон"},{"$i":"ok","$v":"ОК"},{"$i":"ringtone-untitled","$v":"Неименувано"},{"$i":"options","$v":"Опции"},{"$i":"play","$v":"Репродукција"},{"$i":"stop","$v":"Запри"},{"$i":"share","$v":"Споделете"},{"$i":"delete","$v":"Избриши"},{"$i":"cancel","$v":"Откажи"},{"$i":"select","$v":"Избор"},{"$i":"add","$v":"Додајте"},{"$i":"no-ringtones","$v":"Нема мелодии"},{"$i":"no-ringtones-warning","$v":"Нема мелодии. Притиснете Додај за да додадете мелодија од вашата музика."},{"$i":"add-ringtone","$v":"Додајте мелодија"},{"$i":"brandShortName","$v":"KaiOS"},{"$i":"browserBrandShortName","$v":"Web Browser"},{"$i":"browserBrandFullName","$v":"Mozilla Web Browser"},{"$i":"ringtoneBrandName","$v":"Default"},{"$i":"ringtoneSectionBrandName","$v":"System"},{"$i":"ringtone-none","$v":"Ништо"},{"$i":"ringer_adventure","$v":"Adventure"},{"$i":"ringer_africa","$v":"Africa"},{"$i":"ringer_bounce","$v":"Bounce"},{"$i":"ringer_disco","$v":"Disco"},{"$i":"ringer_kai","$v":"Каи"},{"$i":"ringer_office","$v":"Office"},{"$i":"ringer_techno","$v":"Techno"},{"$i":"ringer_woody","$v":"Woody"},{"$i":"notifier_bell","$v":"Bell"},{"$i":"notifier_donuts","$v":"Donuts"},{"$i":"notifier_que_paso","$v":"Such rhythm"},{"$i":"notifier_shake","$v":"Shake"},{"$i":"notifier_triple","$v":"Triple"},{"$i":"ringer_azalea","$v":"Azalea"},{"$i":"ringer_bloom","$v":"Bloom"},{"$i":"ringer_blove","$v":"Blove"},{"$i":"ringer_city_lights","$v":"City Lights"},{"$i":"ringer_dots","$v":"Dots"},{"$i":"ringer_flow","$v":"Flow"},{"$i":"ringer_fountain","$v":"Fountain"},{"$i":"ringer_fresh","$v":"Fresh"},{"$i":"ringer_firefox2","$v":[{"t":"idOrVar","v":"ringtoneBrandName"}]},{"$i":"ringer_illuminate","$v":"Illuminate"},{"$i":"ringer_incoming","$v":"Дојдовен"},{"$i":"ringer_silvery","$v":"Silvery"},{"$i":"ringer_now_or_never","$v":"Now or Never"},{"$i":"ringer_primary","$v":"Примарна"},{"$i":"ringer_pure_guitar","$v":"Pure Guitar"},{"$i":"ringer_rounded","$v":"Rounded"},{"$i":"ringer_spring","$v":"Spring"},{"$i":"ringer_stargazer","$v":"Stargazer"},{"$i":"ringer_vaca","$v":"Vaca"},{"$i":"notifier_bells","$v":"Bells"},{"$i":"notifier_bloom","$v":"Bloom"},{"$i":"notifier_chime","$v":"Chime"},{"$i":"notifier_clicka","$v":"Clicka"},{"$i":"notifier_digi","$v":"Digi"},{"$i":"notifier_dropplet","$v":"Dropplet"},{"$i":"notifier_firefox2","$v":[{"t":"idOrVar","v":"ringtoneBrandName"}]},{"$i":"notifier_hello","$v":"Hello"},{"$i":"notifier_ping","$v":"Ping"},{"$i":"notifier_plickle","$v":"Plickle"},{"$i":"notifier_pocko","$v":"Pocko"},{"$i":"notifier_quado","$v":"Quado"},{"$i":"notifier_red","$v":"Red"},{"$i":"notifier_sato","$v":"Sato"},{"$i":"notifier_trickleup","$v":"Trickle Up"},{"$i":"notifier_trink","$v":"Trink"},{"$i":"notifier_verse","$v":"Verse"},{"$i":"NokiaTune","$v":"NokiaTune"},{"$i":"Arrival","$v":"Arrival"},{"$i":"Barbell","$v":"Barbell"},{"$i":"Bird","$v":"Bird"},{"$i":"Bounce","$v":"Bounce"},{"$i":"Brikabrak","$v":"Brikabrak"},{"$i":"Buzzer","$v":"Buzzer"},{"$i":"Cadenza","$v":"Cadenza"},{"$i":"Chirp","$v":"Chirp"},{"$i":"Delays","$v":"Delays"},{"$i":"Distance","$v":"Distance"},{"$i":"Earring","$v":"Earring"},{"$i":"Electronic","$v":"Electronic"},{"$i":"Imperial","$v":"Imperial"},{"$i":"Karimba","$v":"Karimba"},{"$i":"Marbles","$v":"Marbles"},{"$i":"Monkey_drum","$v":"Monkey drum"},{"$i":"Nostalgia","$v":"Nostalgia"},{"$i":"Ring_ring","$v":"Ring ring"},{"$i":"Spirals","$v":"Ring Spirals"},{"$i":"Stones","$v":"Stones"},{"$i":"Timer","$v":"Timer"},{"$i":"Tip_toe","$v":"Tip toe"},{"$i":"Institucional_Rubrica","$v":"Institucional Rubrica"},{"$i":"Calendar_1","$v":"Calendar_1"},{"$i":"Calendar_2","$v":"Calendar_2"},{"$i":"Calendar_3","$v":"Calendar_3"},{"$i":"Message_1","$v":"Message_1"},{"$i":"Message_2","$v":"Message_2"},{"$i":"Message_3","$v":"Message_3"},{"$i":"Message_4","$v":"Message_4"},{"$i":"Message_5","$v":"Message_5"},{"$i":"softkey-options","$v":"Опции"}]