[{"$i":"manage-title-2","$v":"Gestionare sunete"},{"$i":"actions-share-ringtone","$v":"Partajare sunet de apel"},{"$i":"actions-delete-ringtone","$v":"Ștergeți sunet de apel"},{"$i":"actions-share-alerttone","$v":"Partajare alertă"},{"$i":"actions-delete-alerttone","$v":"Ștergeți alertă"},{"$i":"actions-cancel","$v":"Anulare"},{"$i":"delete-title-ringtone","$v":"Ștergeți sunet de apel"},{"$i":"delete-title-alerttone","$v":"Ștergeți alertă"},{"$i":"delete-desc","$v":["Sunteți sigur că doriți să ștergeți „",{"t":"idOrVar","v":"tone"},"”?"]},{"$i":"delete-desc-default-ringtone","$v":[{"t":"idOrVar","v":"tone"},"\" este sunetul de apel implicit actual.\n\nSunteți sigur că doriți să-l ștergeți?"]},{"$i":"delete-desc-default-alerttone","$v":[{"t":"idOrVar","v":"tone"},"\" este alerta implicită actuală.\n\nSunteți sigur că doriți să o ștergeți?"]},{"$i":"delete-cancel","$v":"Anulare"},{"$i":"delete-confirm","$v":"Ștergere"},{"$i":"deleted-ringtone","$v":"Sunet de apel șters."},{"$i":"deleted-alerttone","$v":"Alertă ștearsă."},{"$i":"created-tone","$v":"Sunet de apel creat."},{"$i":"set-default-tone","$v":"Sunet de apel setat ca implicit."},{"$i":"file-saved","$v":"Salvat ca sunet de apel."},{"$i":"file-has-saved","$v":"a fost salvat ca ton de apel înainte."},{"$i":"file-set-as-default-ringtone","$v":"Salvat ca ton de apel implicit."},{"$i":"file-size-is-too-large","$v":"nu a fost creat. Dimensiunea fișierului este prea mare."},{"$i":"sd-card-subtitle","$v":"Card SD"},{"$i":"confirmation","$v":"Confirmare"},{"$i":"pick-title","$v":"Selectați sunet"},{"$i":"pick-set","$v":"Setare"},{"$i":"system-ringtones","$v":"Sunete de apel sistem"},{"$i":"my-ringtones","$v":"Sunetele mele de apel"},{"$i":"notice-alerts","$v":"Alerte notificare"},{"$i":"section-title-builtin-ringtone","$v":"Sunete de apel sistem"},{"$i":"section-title-builtin-alerttone","$v":"Alerte sistem"},{"$i":"section-header-title-ringtone","$v":"Sunete de apel"},{"$i":"section-header-title-alerttone","$v":"Alerte notificare"},{"$i":"section-title-custom-ringtone","$v":"Sunetele mele de apel"},{"$i":"section-title-custom-alerttone","$v":"Alertele mele"},{"$i":"create-title","$v":"Salvare ca sunet de apel"},{"$i":"create-save","$v":"Salvare"},{"$i":"create-cancel","$v":"Anulare"},{"$i":"create-select","$v":"Selectare"},{"$i":"create-deselect","$v":"Deselectați"},{"$i":"play-error-title","$v":"Fișier corupt"},{"$i":"play-error-desc","$v":"Fișierul este corupt. Nu poate fi utilizat pentru a crea un sunet de apel."},{"$i":"save-error-title","$v":"Sunet de apel necreat"},{"$i":"save-error-desc","$v":"A apărut o problemă la crearea sunetului de apel. Încercați din nou."},{"$i":"save-file-large","$v":"Dimensiunea fișierului este prea mare."},{"$i":"default-label","$v":"Setați ca ton de apel implicit"},{"$i":"ok","$v":"OK"},{"$i":"ringtone-untitled","$v":"Fără titlu"},{"$i":"options","$v":"Opțiuni"},{"$i":"play","$v":"Redare"},{"$i":"stop","$v":"Oprire"},{"$i":"share","$v":"Partajare"},{"$i":"delete","$v":"Ștergere"},{"$i":"cancel","$v":"Anulare"},{"$i":"select","$v":"Selectare"},{"$i":"add","$v":"Adăugați"},{"$i":"no-ringtones","$v":"Fără sunete de apel"},{"$i":"no-ringtones-warning","$v":"Niciun sunet de apel. Apăsați Adăugare pentru a adăuga un sunet de apel din muzica dvs."},{"$i":"add-ringtone","$v":"Adăugați sunet de apel"},{"$i":"brandShortName","$v":"KaiOS"},{"$i":"browserBrandShortName","$v":"Web Browser"},{"$i":"browserBrandFullName","$v":"Mozilla Web Browser"},{"$i":"ringtoneBrandName","$v":"Default"},{"$i":"ringtoneSectionBrandName","$v":"System"},{"$i":"ringtone-none","$v":"Niciunul"},{"$i":"ringer_adventure","$v":"Adventure"},{"$i":"ringer_africa","$v":"Africa"},{"$i":"ringer_bounce","$v":"Bounce"},{"$i":"ringer_disco","$v":"Disco"},{"$i":"ringer_kai","$v":"Kai"},{"$i":"ringer_office","$v":"Office"},{"$i":"ringer_techno","$v":"Techno"},{"$i":"ringer_woody","$v":"Woody"},{"$i":"notifier_bell","$v":"Bell"},{"$i":"notifier_donuts","$v":"Donuts"},{"$i":"notifier_que_paso","$v":"Such rhythm"},{"$i":"notifier_shake","$v":"Shake"},{"$i":"notifier_triple","$v":"Triple"},{"$i":"ringer_azalea","$v":"Azalea"},{"$i":"ringer_bloom","$v":"Bloom"},{"$i":"ringer_blove","$v":"Blove"},{"$i":"ringer_city_lights","$v":"City Lights"},{"$i":"ringer_dots","$v":"Dots"},{"$i":"ringer_flow","$v":"Flow"},{"$i":"ringer_fountain","$v":"Fountain"},{"$i":"ringer_fresh","$v":"Fresh"},{"$i":"ringer_firefox2","$v":[{"t":"idOrVar","v":"ringtoneBrandName"}]},{"$i":"ringer_illuminate","$v":"Illuminate"},{"$i":"ringer_incoming","$v":"Primit"},{"$i":"ringer_silvery","$v":"Silvery"},{"$i":"ringer_now_or_never","$v":"Now or Never"},{"$i":"ringer_primary","$v":"Primary"},{"$i":"ringer_pure_guitar","$v":"Pure Guitar"},{"$i":"ringer_rounded","$v":"Rounded"},{"$i":"ringer_spring","$v":"Spring"},{"$i":"ringer_stargazer","$v":"Stargazer"},{"$i":"ringer_vaca","$v":"Vaca"},{"$i":"notifier_bells","$v":"Bells"},{"$i":"notifier_bloom","$v":"Bloom"},{"$i":"notifier_chime","$v":"Chime"},{"$i":"notifier_clicka","$v":"Clicka"},{"$i":"notifier_digi","$v":"Digi"},{"$i":"notifier_dropplet","$v":"Dropplet"},{"$i":"notifier_firefox2","$v":[{"t":"idOrVar","v":"ringtoneBrandName"}]},{"$i":"notifier_hello","$v":"Hello"},{"$i":"notifier_ping","$v":"Ping"},{"$i":"notifier_plickle","$v":"Plickle"},{"$i":"notifier_pocko","$v":"Pocko"},{"$i":"notifier_quado","$v":"Quado"},{"$i":"notifier_red","$v":"Red"},{"$i":"notifier_sato","$v":"Sato"},{"$i":"notifier_trickleup","$v":"Trickle Up"},{"$i":"notifier_trink","$v":"Trink"},{"$i":"notifier_verse","$v":"Verse"},{"$i":"NokiaTune","$v":"NokiaTune"},{"$i":"Arrival","$v":"Arrival"},{"$i":"Barbell","$v":"Barbell"},{"$i":"Bird","$v":"Bird"},{"$i":"Bounce","$v":"Bounce"},{"$i":"Brikabrak","$v":"Brikabrak"},{"$i":"Buzzer","$v":"Buzzer"},{"$i":"Cadenza","$v":"Cadenza"},{"$i":"Chirp","$v":"Chirp"},{"$i":"Delays","$v":"Delays"},{"$i":"Distance","$v":"Distance"},{"$i":"Earring","$v":"Earring"},{"$i":"Electronic","$v":"Electronic"},{"$i":"Imperial","$v":"Imperial"},{"$i":"Karimba","$v":"Karimba"},{"$i":"Marbles","$v":"Marbles"},{"$i":"Monkey_drum","$v":"Monkey drum"},{"$i":"Nostalgia","$v":"Nostalgia"},{"$i":"Ring_ring","$v":"Ring ring"},{"$i":"Spirals","$v":"Ring Spirals"},{"$i":"Stones","$v":"Stones"},{"$i":"Timer","$v":"Timer"},{"$i":"Tip_toe","$v":"Tip toe"},{"$i":"Institucional_Rubrica","$v":"Institucional Rubrica"},{"$i":"Calendar_1","$v":"Calendar_1"},{"$i":"Calendar_2","$v":"Calendar_2"},{"$i":"Calendar_3","$v":"Calendar_3"},{"$i":"Message_1","$v":"Message_1"},{"$i":"Message_2","$v":"Message_2"},{"$i":"Message_3","$v":"Message_3"},{"$i":"Message_4","$v":"Message_4"},{"$i":"Message_5","$v":"Message_5"},{"$i":"softkey-options","$v":"Opțiuni"}]