[{"$i":"manage-title-2","$v":"Zarządzaj dźwiękami"},{"$i":"actions-share-ringtone","$v":"Udostępnij dzwonek"},{"$i":"actions-delete-ringtone","$v":"Usuń dzwonek"},{"$i":"actions-share-alerttone","$v":"Udostępnij alert"},{"$i":"actions-delete-alerttone","$v":"Usuń alert"},{"$i":"actions-cancel","$v":"Anuluj"},{"$i":"delete-title-ringtone","$v":"Usuń dzwonek"},{"$i":"delete-title-alerttone","$v":"Usuń alert"},{"$i":"delete-desc","$v":["Czy na pewno chcesz usunąć „",{"t":"idOrVar","v":"tone"},"”?"]},{"$i":"delete-desc-default-ringtone","$v":["„",{"t":"idOrVar","v":"tone"},"” jest aktualnie ustawiony jako dzwonek domyślny.\n\nCzy na pewno chcesz usunąć?"]},{"$i":"delete-desc-default-alerttone","$v":["„",{"t":"idOrVar","v":"tone"},"” jest aktualnie ustawiony jako alert domyślny.\n\nCzy na pewno chcesz usunąć?"]},{"$i":"delete-cancel","$v":"Anuluj"},{"$i":"delete-confirm","$v":"Usuń"},{"$i":"deleted-ringtone","$v":"Usunięto dzwonek."},{"$i":"deleted-alerttone","$v":"Usunięto alert."},{"$i":"created-tone","$v":"Utworzono dzwonek."},{"$i":"set-default-tone","$v":"Ustawiono dzwonek jako domyślny."},{"$i":"file-saved","$v":"Zapisano jako dzwonek."},{"$i":"file-has-saved","$v":"zapisano wcześniej jako dzwonek."},{"$i":"file-set-as-default-ringtone","$v":"Zapisano jako dzwonek domyślny."},{"$i":"file-size-is-too-large","$v":"nie utworzono. Zbyt duży rozmiar pliku."},{"$i":"sd-card-subtitle","$v":"Karta SD"},{"$i":"confirmation","$v":"Potwierdzenie"},{"$i":"pick-title","$v":"Wybierz dźwięk"},{"$i":"pick-set","$v":"Ustaw"},{"$i":"system-ringtones","$v":"Dzwonki systemowe"},{"$i":"my-ringtones","$v":"Moje dzwonki"},{"$i":"notice-alerts","$v":"Alerty"},{"$i":"section-title-builtin-ringtone","$v":"Dzwonki systemowe"},{"$i":"section-title-builtin-alerttone","$v":"Alert systemowy"},{"$i":"section-header-title-ringtone","$v":"Dzwonki"},{"$i":"section-header-title-alerttone","$v":"Alerty"},{"$i":"section-title-custom-ringtone","$v":"Moje dzwonki"},{"$i":"section-title-custom-alerttone","$v":"Moje alerty"},{"$i":"create-title","$v":"Zapisz jako dzwonek"},{"$i":"create-save","$v":"Zapisz"},{"$i":"create-cancel","$v":"Anuluj"},{"$i":"create-select","$v":"Wybierz"},{"$i":"create-deselect","$v":"Odznacz"},{"$i":"play-error-title","$v":"Uszkodzony plik"},{"$i":"play-error-desc","$v":"Plik jest uszkodzony. Nie możesz użyć go do utworzenia dzwonka."},{"$i":"save-error-title","$v":"Nie utworzono dzwonka"},{"$i":"save-error-desc","$v":"Podczas tworzenia dzwonka wystąpił błąd. Spróbuj ponownie."},{"$i":"save-file-large","$v":"Plik jest zbyt duży."},{"$i":"default-label","$v":"Ustaw jako dzwonek domyślny"},{"$i":"ok","$v":"OK"},{"$i":"ringtone-untitled","$v":"Bez nazwy"},{"$i":"options","$v":"Opcje"},{"$i":"play","$v":"Odtwórz"},{"$i":"stop","$v":"Zakończ"},{"$i":"share","$v":"Udostępnij"},{"$i":"delete","$v":"Usuń"},{"$i":"cancel","$v":"Anuluj"},{"$i":"select","$v":"Wybierz"},{"$i":"add","$v":"Dodaj"},{"$i":"no-ringtones","$v":"Brak dzwonków"},{"$i":"no-ringtones-warning","$v":"Brak dzwonków. Naciśnij „Dodaj”, aby dodać dzwonek z plików muzycznych."},{"$i":"add-ringtone","$v":"Dodaj dzwonek"},{"$i":"brandShortName","$v":"KaiOS"},{"$i":"browserBrandShortName","$v":"Web Browser"},{"$i":"browserBrandFullName","$v":"Mozilla Web Browser"},{"$i":"ringtoneBrandName","$v":"Default"},{"$i":"ringtoneSectionBrandName","$v":"System"},{"$i":"ringtone-none","$v":"Brak"},{"$i":"ringer_adventure","$v":"Adventure"},{"$i":"ringer_africa","$v":"Afryka"},{"$i":"ringer_bounce","$v":"Bounce"},{"$i":"ringer_disco","$v":"Disco"},{"$i":"ringer_kai","$v":"Kai"},{"$i":"ringer_office","$v":"Office"},{"$i":"ringer_techno","$v":"Techno"},{"$i":"ringer_woody","$v":"Woody"},{"$i":"notifier_bell","$v":"Bell"},{"$i":"notifier_donuts","$v":"Donuts"},{"$i":"notifier_que_paso","$v":"Qué paso"},{"$i":"notifier_shake","$v":"Shake"},{"$i":"notifier_triple","$v":"Triple"},{"$i":"ringer_azalea","$v":"Azalea"},{"$i":"ringer_bloom","$v":"Bloom"},{"$i":"ringer_blove","$v":"Blove"},{"$i":"ringer_city_lights","$v":"Światła miasta"},{"$i":"ringer_dots","$v":"Dots"},{"$i":"ringer_flow","$v":"Flow"},{"$i":"ringer_fountain","$v":"Fountain"},{"$i":"ringer_fresh","$v":"Fresh"},{"$i":"ringer_firefox2","$v":[{"t":"idOrVar","v":"ringtoneBrandName"}]},{"$i":"ringer_illuminate","$v":"Illuminate"},{"$i":"ringer_incoming","$v":"Incoming"},{"$i":"ringer_silvery","$v":"Silvery"},{"$i":"ringer_now_or_never","$v":"Now or Never"},{"$i":"ringer_primary","$v":"Primary"},{"$i":"ringer_pure_guitar","$v":"Pure Guitar"},{"$i":"ringer_rounded","$v":"Rounded"},{"$i":"ringer_spring","$v":"Spring"},{"$i":"ringer_stargazer","$v":"Stargazer"},{"$i":"ringer_vaca","$v":"Vaca"},{"$i":"notifier_bells","$v":"Bells"},{"$i":"notifier_bloom","$v":"Bloom"},{"$i":"notifier_chime","$v":"Chime"},{"$i":"notifier_clicka","$v":"Clicka"},{"$i":"notifier_digi","$v":"Digi"},{"$i":"notifier_dropplet","$v":"Dropplet"},{"$i":"notifier_firefox2","$v":[{"t":"idOrVar","v":"ringtoneBrandName"}]},{"$i":"notifier_hello","$v":"Hello"},{"$i":"notifier_ping","$v":"Ping"},{"$i":"notifier_plickle","$v":"Plickle"},{"$i":"notifier_pocko","$v":"Pocko"},{"$i":"notifier_quado","$v":"Quado"},{"$i":"notifier_red","$v":"Red"},{"$i":"notifier_sato","$v":"Sato"},{"$i":"notifier_trickleup","$v":"Trickle Up"},{"$i":"notifier_trink","$v":"Trink"},{"$i":"notifier_verse","$v":"Verse"},{"$i":"NokiaTune","$v":"NokiaTune"},{"$i":"Arrival","$v":"Arrival"},{"$i":"Barbell","$v":"Barbell"},{"$i":"Bird","$v":"Bird"},{"$i":"Bounce","$v":"Bounce"},{"$i":"Brikabrak","$v":"Brikabrak"},{"$i":"Buzzer","$v":"Buzzer"},{"$i":"Cadenza","$v":"Cadenza"},{"$i":"Chirp","$v":"Chirp"},{"$i":"Delays","$v":"Delays"},{"$i":"Distance","$v":"Distance"},{"$i":"Earring","$v":"Earring"},{"$i":"Electronic","$v":"Electronic"},{"$i":"Imperial","$v":"Imperial"},{"$i":"Karimba","$v":"Karimba"},{"$i":"Marbles","$v":"Marbles"},{"$i":"Monkey_drum","$v":"Monkey drum"},{"$i":"Nostalgia","$v":"Nostalgia"},{"$i":"Ring_ring","$v":"Ring ring"},{"$i":"Spirals","$v":"Ring Spirals"},{"$i":"Stones","$v":"Stones"},{"$i":"Timer","$v":"Timer"},{"$i":"Tip_toe","$v":"Tip toe"},{"$i":"Institucional_Rubrica","$v":"Institucional Rubrica"},{"$i":"Calendar_1","$v":"Calendar_1"},{"$i":"Calendar_2","$v":"Calendar_2"},{"$i":"Calendar_3","$v":"Calendar_3"},{"$i":"Message_1","$v":"Message_1"},{"$i":"Message_2","$v":"Message_2"},{"$i":"Message_3","$v":"Message_3"},{"$i":"Message_4","$v":"Message_4"},{"$i":"Message_5","$v":"Message_5"},{"$i":"softkey-options","$v":"Opcje"}]