[{"$i":"manage-title-2","$v":"تغمې تنظیم کړئ"},{"$i":"actions-share-ringtone","$v":"نغمه شریکه کړئ"},{"$i":"actions-delete-ringtone","$v":"نغمه لرې کړئ"},{"$i":"actions-share-alerttone","$v":"خبرتیا شریکه کړئ"},{"$i":"actions-delete-alerttone","$v":"د خطر اعلام لرئ کړئ"},{"$i":"actions-cancel","$v":"کول"},{"$i":"delete-title-ringtone","$v":"نغمه لرې کړئ"},{"$i":"delete-title-alerttone","$v":"د خطر اعلام لرئ کړئ"},{"$i":"delete-desc","$v":["ایا غواړئ \"",{"t":"idOrVar","v":"tone"},"\" لرې کړئ؟"]},{"$i":"delete-desc-default-ringtone","$v":[{"t":"idOrVar","v":"tone"},"\"  اوسنۍ نغمه ده \n\nآیا غواړئ لري يي کړئ؟"]},{"$i":"delete-desc-default-alerttone","$v":[{"t":"idOrVar","v":"tone"},"\" اوسنۍ خبردارۍ حالت دي\n\nآیا غواړي لري يي کړئ؟"]},{"$i":"delete-cancel","$v":"کول"},{"$i":"delete-confirm","$v":"لرې کول"},{"$i":"deleted-ringtone","$v":"نغمه لرې شوه"},{"$i":"deleted-alerttone","$v":"خبرتیا لرې شوه"},{"$i":"created-tone","$v":"نغمه جوړه شوه"},{"$i":"set-default-tone","$v":"د اصلي نغمې په ډول وټاکل شو"},{"$i":"file-saved","$v":"د رنګټون په ډول خوندي شو"},{"$i":"file-has-saved","$v":"مخکې د رنګ ټون په توګه خوندي شوی و."},{"$i":"file-set-as-default-ringtone","$v":"د ډیفالټ رینګټون په توګه خوندي شوی."},{"$i":"file-size-is-too-large","$v":"ندی جوړ شوی. د فایل اندازه خورا لوی ده."},{"$i":"sd-card-subtitle","$v":"SD کارډ"},{"$i":"confirmation","$v":"تصدیق"},{"$i":"pick-title","$v":"اواز انتخاب کړئ"},{"$i":"pick-set","$v":"انتخاب کړئ"},{"$i":"system-ringtones","$v":"د سیستم نغمې"},{"$i":"my-ringtones","$v":"زما نغمې"},{"$i":"notice-alerts","$v":"خبرتیا اعلامات"},{"$i":"section-title-builtin-ringtone","$v":"د ‎سیستم‎ نغمې"},{"$i":"section-title-builtin-alerttone","$v":"سیستم اخطارونه"},{"$i":"section-header-title-ringtone","$v":"نغمې"},{"$i":"section-header-title-alerttone","$v":"خبرتیا اعلامات"},{"$i":"section-title-custom-ringtone","$v":"زما نغمې"},{"$i":"section-title-custom-alerttone","$v":"زما خبرتیاوې"},{"$i":"create-title","$v":"د نغمې په ډول محفوظ کړئ"},{"$i":"create-save","$v":"محفوظ کړئ"},{"$i":"create-cancel","$v":"کول"},{"$i":"create-select","$v":"انتخال کړئ"},{"$i":"create-deselect","$v":"انتخاب نه کول"},{"$i":"play-error-title","$v":"خراب شوی فایل"},{"$i":"play-error-desc","$v":"فایل خراب دی. دا د نغمې د جوړولو لپاره کارول کیدای نشي."},{"$i":"save-error-title","$v":"نغمه جوړه نه شوه"},{"$i":"save-error-desc","$v":"د نغمې په جوړولو کې ستونز رامنځته شوه. مهرباني وکړئ وروسته هڅه وکړئ."},{"$i":"save-file-large","$v":"د فایل اندازه لویه ده۔"},{"$i":"default-label","$v":"د ډیزاین رینګون په توګه ترتیب کړئ"},{"$i":"ok","$v":"اوکی"},{"$i":"ringtone-untitled","$v":"بی نوم"},{"$i":"options","$v":"غوراوي"},{"$i":"play","$v":"و چلوئ"},{"$i":"stop","$v":"ودروئ"},{"$i":"share","$v":"شریک کړئ"},{"$i":"delete","$v":"لرې کول"},{"$i":"cancel","$v":"کول"},{"$i":"select","$v":"انتخال کړئ"},{"$i":"add","$v":"اضافه کړئ"},{"$i":"no-ringtones","$v":"نغمې نشته"},{"$i":"no-ringtones-warning","$v":"رنګ ټونز نشته. لطفاً د خپل موزیک څخه د رنګ ټون لپاره په ایډ زور کړئ."},{"$i":"add-ringtone","$v":"رنګ ټون شامل کړئ"},{"$i":"brandShortName","$v":"KaiOS"},{"$i":"browserBrandShortName","$v":"Web Browser"},{"$i":"browserBrandFullName","$v":"Mozilla Web Browser"},{"$i":"ringtoneBrandName","$v":"Default"},{"$i":"ringtoneSectionBrandName","$v":"System"},{"$i":"ringtone-none","$v":"هیڅ یو"},{"$i":"ringer_adventure","$v":"Adventure"},{"$i":"ringer_africa","$v":"Africa"},{"$i":"ringer_bounce","$v":"Bounce"},{"$i":"ringer_disco","$v":"Disco"},{"$i":"ringer_kai","$v":"کای"},{"$i":"ringer_office","$v":"Office"},{"$i":"ringer_techno","$v":"Techno"},{"$i":"ringer_woody","$v":"Woody"},{"$i":"notifier_bell","$v":"Bell"},{"$i":"notifier_donuts","$v":"Donuts"},{"$i":"notifier_que_paso","$v":"Such rhythm"},{"$i":"notifier_shake","$v":"Shake"},{"$i":"notifier_triple","$v":"Triple"},{"$i":"ringer_azalea","$v":"Azalea"},{"$i":"ringer_bloom","$v":"Bloom"},{"$i":"ringer_blove","$v":"Blove"},{"$i":"ringer_city_lights","$v":"City Lights"},{"$i":"ringer_dots","$v":"Dots"},{"$i":"ringer_flow","$v":"Flow"},{"$i":"ringer_fountain","$v":"Fountain"},{"$i":"ringer_fresh","$v":"Fresh"},{"$i":"ringer_firefox2","$v":[{"t":"idOrVar","v":"ringtoneBrandName"}]},{"$i":"ringer_illuminate","$v":"Illuminate"},{"$i":"ringer_incoming","$v":"راتلونکي"},{"$i":"ringer_silvery","$v":"Silvery"},{"$i":"ringer_now_or_never","$v":"Now or Never"},{"$i":"ringer_primary","$v":"Primary"},{"$i":"ringer_pure_guitar","$v":"Pure Guitar"},{"$i":"ringer_rounded","$v":"Rounded"},{"$i":"ringer_spring","$v":"Spring"},{"$i":"ringer_stargazer","$v":"Stargazer"},{"$i":"ringer_vaca","$v":"Vaca"},{"$i":"notifier_bells","$v":"Bells"},{"$i":"notifier_bloom","$v":"Bloom"},{"$i":"notifier_chime","$v":"Chime"},{"$i":"notifier_clicka","$v":"Clicka"},{"$i":"notifier_digi","$v":"Digi"},{"$i":"notifier_dropplet","$v":"Dropplet"},{"$i":"notifier_firefox2","$v":[{"t":"idOrVar","v":"ringtoneBrandName"}]},{"$i":"notifier_hello","$v":"Hello"},{"$i":"notifier_ping","$v":"Ping"},{"$i":"notifier_plickle","$v":"Plickle"},{"$i":"notifier_pocko","$v":"Pocko"},{"$i":"notifier_quado","$v":"Quado"},{"$i":"notifier_red","$v":"سور"},{"$i":"notifier_sato","$v":"Sato"},{"$i":"notifier_trickleup","$v":"Trickle Up"},{"$i":"notifier_trink","$v":"Trink"},{"$i":"notifier_verse","$v":"Verse"},{"$i":"NokiaTune","$v":"NokiaTune"},{"$i":"Arrival","$v":"Arrival"},{"$i":"Barbell","$v":"Barbell"},{"$i":"Bird","$v":"Bird"},{"$i":"Bounce","$v":"Bounce"},{"$i":"Brikabrak","$v":"Brikabrak"},{"$i":"Buzzer","$v":"Buzzer"},{"$i":"Cadenza","$v":"Cadenza"},{"$i":"Chirp","$v":"Chirp"},{"$i":"Delays","$v":"Delays"},{"$i":"Distance","$v":"Distance"},{"$i":"Earring","$v":"Earring"},{"$i":"Electronic","$v":"Electronic"},{"$i":"Imperial","$v":"Imperial"},{"$i":"Karimba","$v":"Karimba"},{"$i":"Marbles","$v":"Marbles"},{"$i":"Monkey_drum","$v":"Monkey drum"},{"$i":"Nostalgia","$v":"Nostalgia"},{"$i":"Ring_ring","$v":"Ring ring"},{"$i":"Spirals","$v":"Ring Spirals"},{"$i":"Stones","$v":"Stones"},{"$i":"Timer","$v":"Timer"},{"$i":"Tip_toe","$v":"Tip toe"},{"$i":"Institucional_Rubrica","$v":"Institucional Rubrica"},{"$i":"Calendar_1","$v":"Calendar_1"},{"$i":"Calendar_2","$v":"Calendar_2"},{"$i":"Calendar_3","$v":"Calendar_3"},{"$i":"Message_1","$v":"Message_1"},{"$i":"Message_2","$v":"Message_2"},{"$i":"Message_3","$v":"Message_3"},{"$i":"Message_4","$v":"Message_4"},{"$i":"Message_5","$v":"Message_5"},{"$i":"softkey-options","$v":"غوراوي"}]