[{"$i":"manage-title-2","$v":"Gerir tons"},{"$i":"actions-share-ringtone","$v":"Partilhar toque"},{"$i":"actions-delete-ringtone","$v":"Eliminar toque"},{"$i":"actions-share-alerttone","$v":"Partilhar alerta"},{"$i":"actions-delete-alerttone","$v":"Eliminar alerta"},{"$i":"actions-cancel","$v":"Cancelar"},{"$i":"delete-title-ringtone","$v":"Eliminar toque"},{"$i":"delete-title-alerttone","$v":"Eliminar alerta"},{"$i":"delete-desc","$v":["Tem a certeza de que pretende eliminar \"",{"t":"idOrVar","v":"tone"},"\"?"]},{"$i":"delete-desc-default-ringtone","$v":[{"t":"idOrVar","v":"tone"},"\" é o toque predefinido atual.\n\nTem a certeza de que pretende eliminá-lo?"]},{"$i":"delete-desc-default-alerttone","$v":[{"t":"idOrVar","v":"tone"},"\" é o alerta predefinido atual.\n\nTem a certeza de que pretende eliminá-lo?"]},{"$i":"delete-cancel","$v":"Cancelar"},{"$i":"delete-confirm","$v":"Eliminar"},{"$i":"deleted-ringtone","$v":"Toque eliminado."},{"$i":"deleted-alerttone","$v":"Alerta eliminado."},{"$i":"created-tone","$v":"Toque criado."},{"$i":"set-default-tone","$v":"Toque definido como predefinição."},{"$i":"file-saved","$v":"Guardado como toque."},{"$i":"file-has-saved","$v":"foi guardado como toque anteriormente."},{"$i":"file-set-as-default-ringtone","$v":"Guardado como toque predefinido."},{"$i":"file-size-is-too-large","$v":"não criado. O ficheiro é demasiado grande."},{"$i":"sd-card-subtitle","$v":"Cartão SD"},{"$i":"confirmation","$v":"Confirmação"},{"$i":"pick-title","$v":"Selecionar som"},{"$i":"pick-set","$v":"Definir"},{"$i":"system-ringtones","$v":"Toques do sistema"},{"$i":"my-ringtones","$v":"Os meus toques"},{"$i":"notice-alerts","$v":"Alertas de aviso"},{"$i":"section-title-builtin-ringtone","$v":"Toques do sistema"},{"$i":"section-title-builtin-alerttone","$v":"Alertas do sistema"},{"$i":"section-header-title-ringtone","$v":"Toques"},{"$i":"section-header-title-alerttone","$v":"Alertas de notificação"},{"$i":"section-title-custom-ringtone","$v":"Os meus toques"},{"$i":"section-title-custom-alerttone","$v":"Os meus alertas"},{"$i":"create-title","$v":"Guardar como toque"},{"$i":"create-save","$v":"Guardar"},{"$i":"create-cancel","$v":"Cancelar"},{"$i":"create-select","$v":"Selecionar"},{"$i":"create-deselect","$v":"Desmarcar"},{"$i":"play-error-title","$v":"Ficheiro danificado"},{"$i":"play-error-desc","$v":"O ficheiro está danificado. Não pode ser utilizado para criar um toque."},{"$i":"save-error-title","$v":"Toque não criado"},{"$i":"save-error-desc","$v":"Ocorreu um problema ao criar o toque. Tente novamente."},{"$i":"save-file-large","$v":"O ficheiro é demasiado grande."},{"$i":"default-label","$v":"Definir como toque predefinido"},{"$i":"ok","$v":"OK"},{"$i":"ringtone-untitled","$v":"Sem título"},{"$i":"options","$v":"Opções"},{"$i":"play","$v":"REPROD."},{"$i":"stop","$v":"Parar"},{"$i":"share","$v":"Partilhar"},{"$i":"delete","$v":"Eliminar"},{"$i":"cancel","$v":"Cancelar"},{"$i":"select","$v":"Selecionar"},{"$i":"add","$v":"Adicionar"},{"$i":"no-ringtones","$v":"Nenhum toque"},{"$i":"no-ringtones-warning","$v":"Sem toques. Prima Adicionar para adicionar um toque a partir da sua Música."},{"$i":"add-ringtone","$v":"Adicionar toque"},{"$i":"brandShortName","$v":"KaiOS"},{"$i":"browserBrandShortName","$v":"Web Browser"},{"$i":"browserBrandFullName","$v":"Mozilla Web Browser"},{"$i":"ringtoneBrandName","$v":"Default"},{"$i":"ringtoneSectionBrandName","$v":"System"},{"$i":"ringtone-none","$v":"Nenhum"},{"$i":"ringer_adventure","$v":"Adventure"},{"$i":"ringer_africa","$v":"África"},{"$i":"ringer_bounce","$v":"Bounce"},{"$i":"ringer_disco","$v":"Disco"},{"$i":"ringer_kai","$v":"Kai"},{"$i":"ringer_office","$v":"Office"},{"$i":"ringer_techno","$v":"Techno"},{"$i":"ringer_woody","$v":"Woody"},{"$i":"notifier_bell","$v":"Bell"},{"$i":"notifier_donuts","$v":"Donuts"},{"$i":"notifier_que_paso","$v":"Qué paso"},{"$i":"notifier_shake","$v":"Shake"},{"$i":"notifier_triple","$v":"Triple"},{"$i":"ringer_azalea","$v":"Azalea"},{"$i":"ringer_bloom","$v":"Bloom"},{"$i":"ringer_blove","$v":"Blove"},{"$i":"ringer_city_lights","$v":"City Lights"},{"$i":"ringer_dots","$v":"Dots"},{"$i":"ringer_flow","$v":"Flow"},{"$i":"ringer_fountain","$v":"Fountain"},{"$i":"ringer_fresh","$v":"Fresh"},{"$i":"ringer_firefox2","$v":[{"t":"idOrVar","v":"ringtoneBrandName"}]},{"$i":"ringer_illuminate","$v":"Illuminate"},{"$i":"ringer_incoming","$v":"Incoming"},{"$i":"ringer_silvery","$v":"Silvery"},{"$i":"ringer_now_or_never","$v":"Now or Never"},{"$i":"ringer_primary","$v":"Primary"},{"$i":"ringer_pure_guitar","$v":"Pure Guitar"},{"$i":"ringer_rounded","$v":"Rounded"},{"$i":"ringer_spring","$v":"Spring"},{"$i":"ringer_stargazer","$v":"Stargazer"},{"$i":"ringer_vaca","$v":"Vaca"},{"$i":"notifier_bells","$v":"Bells"},{"$i":"notifier_bloom","$v":"Bloom"},{"$i":"notifier_chime","$v":"Chime"},{"$i":"notifier_clicka","$v":"Clicka"},{"$i":"notifier_digi","$v":"Digi"},{"$i":"notifier_dropplet","$v":"Dropplet"},{"$i":"notifier_firefox2","$v":[{"t":"idOrVar","v":"ringtoneBrandName"}]},{"$i":"notifier_hello","$v":"Olá"},{"$i":"notifier_ping","$v":"Ping"},{"$i":"notifier_plickle","$v":"Plickle"},{"$i":"notifier_pocko","$v":"Pocko"},{"$i":"notifier_quado","$v":"Quado"},{"$i":"notifier_red","$v":"Red"},{"$i":"notifier_sato","$v":"Sato"},{"$i":"notifier_trickleup","$v":"Trickle Up"},{"$i":"notifier_trink","$v":"Trink"},{"$i":"notifier_verse","$v":"Verse"},{"$i":"NokiaTune","$v":"NokiaTune"},{"$i":"Arrival","$v":"Arrival"},{"$i":"Barbell","$v":"Barbell"},{"$i":"Bird","$v":"Bird"},{"$i":"Bounce","$v":"Bounce"},{"$i":"Brikabrak","$v":"Brikabrak"},{"$i":"Buzzer","$v":"Buzzer"},{"$i":"Cadenza","$v":"Cadenza"},{"$i":"Chirp","$v":"Chirp"},{"$i":"Delays","$v":"Delays"},{"$i":"Distance","$v":"Distance"},{"$i":"Earring","$v":"Earring"},{"$i":"Electronic","$v":"Electronic"},{"$i":"Imperial","$v":"Imperial"},{"$i":"Karimba","$v":"Karimba"},{"$i":"Marbles","$v":"Marbles"},{"$i":"Monkey_drum","$v":"Monkey drum"},{"$i":"Nostalgia","$v":"Nostalgia"},{"$i":"Ring_ring","$v":"Ring ring"},{"$i":"Spirals","$v":"Ring Spirals"},{"$i":"Stones","$v":"Stones"},{"$i":"Timer","$v":"Timer"},{"$i":"Tip_toe","$v":"Tip toe"},{"$i":"Institucional_Rubrica","$v":"Institucional Rubrica"},{"$i":"Calendar_1","$v":"Calendar_1"},{"$i":"Calendar_2","$v":"Calendar_2"},{"$i":"Calendar_3","$v":"Calendar_3"},{"$i":"Message_1","$v":"Message_1"},{"$i":"Message_2","$v":"Message_2"},{"$i":"Message_3","$v":"Message_3"},{"$i":"Message_4","$v":"Message_4"},{"$i":"Message_5","$v":"Message_5"},{"$i":"softkey-options","$v":"Opções"}]