[{"$i":"manage-title-2","$v":"Управление Звуками"},{"$i":"actions-share-ringtone","$v":"Отправить мелодию"},{"$i":"actions-delete-ringtone","$v":"Удалить мелодию"},{"$i":"actions-share-alerttone","$v":"Отправить оповещение"},{"$i":"actions-delete-alerttone","$v":"Удалить оповещение"},{"$i":"actions-cancel","$v":"Отмена"},{"$i":"delete-title-ringtone","$v":"Удалить Мелодию"},{"$i":"delete-title-alerttone","$v":"Удалить Оповещение"},{"$i":"delete-desc","$v":["Вы уверены, что хотите удалить \"",{"t":"idOrVar","v":"tone"},"\"?"]},{"$i":"delete-desc-default-ringtone","$v":[{"t":"idOrVar","v":"tone"},"\" является текущей мелодией по умолчанию.\n\nВы уверены, что хотите её удалить?"]},{"$i":"delete-desc-default-alerttone","$v":[{"t":"idOrVar","v":"tone"},"\" является текущим оповещением по умолчанию.\n\nВы уверены, что хотите его удалить?"]},{"$i":"delete-cancel","$v":"Отмена"},{"$i":"delete-confirm","$v":"Удалить"},{"$i":"deleted-ringtone","$v":"Мелодия удалена."},{"$i":"deleted-alerttone","$v":"Оповещение удалено."},{"$i":"created-tone","$v":"Мелодия создана."},{"$i":"set-default-tone","$v":"Мелодия установлена по умолчанию."},{"$i":"file-saved","$v":"Сохранено в качестве мелодии звонка."},{"$i":"file-has-saved","$v":"был раньше сохранён как мелодия звонка."},{"$i":"file-set-as-default-ringtone","$v":"Сохранено как мелодия звонка по умолчанию."},{"$i":"file-size-is-too-large","$v":"не создана. Слишком большой размер файла."},{"$i":"sd-card-subtitle","$v":"SD-карта"},{"$i":"confirmation","$v":"Подтверждение"},{"$i":"pick-title","$v":"Выбрать Звук"},{"$i":"pick-set","$v":"Установить"},{"$i":"system-ringtones","$v":"Системные Мелодии"},{"$i":"my-ringtones","$v":"Мои Мелодии"},{"$i":"notice-alerts","$v":"Уведомление Оповещений"},{"$i":"section-title-builtin-ringtone","$v":"Системные Мелодии"},{"$i":"section-title-builtin-alerttone","$v":"Системные Оповещения"},{"$i":"section-header-title-ringtone","$v":"Мелодии"},{"$i":"section-header-title-alerttone","$v":"Уведомление Оповещений"},{"$i":"section-title-custom-ringtone","$v":"Мои Мелодии"},{"$i":"section-title-custom-alerttone","$v":"Мои Оповещения"},{"$i":"create-title","$v":"Сохранить как мелодию звонка"},{"$i":"create-save","$v":"Сохранить"},{"$i":"create-cancel","$v":"Отмена"},{"$i":"create-select","$v":"Выбрать"},{"$i":"create-deselect","$v":"Отменить выбор"},{"$i":"play-error-title","$v":"Поврежденный Файл"},{"$i":"play-error-desc","$v":"Файл поврежден. Его нельзя использовать для создания мелодии звонка."},{"$i":"save-error-title","$v":"Мелодия Не Создана"},{"$i":"save-error-desc","$v":"Проблема с созданием мелодии звонка. Пожалуйста, попробуйте ещё раз."},{"$i":"save-file-large","$v":"Слишком большой размер файла"},{"$i":"default-label","$v":"Установить в качестве мелодии по умолчанию"},{"$i":"ok","$v":"OK"},{"$i":"ringtone-untitled","$v":"Без названия"},{"$i":"options","$v":"Опции"},{"$i":"play","$v":"Воспр."},{"$i":"stop","$v":"Остановить"},{"$i":"share","$v":"Отправить"},{"$i":"delete","$v":"Удалить"},{"$i":"cancel","$v":"Отмена"},{"$i":"select","$v":"Выбрать"},{"$i":"add","$v":"Добавить"},{"$i":"no-ringtones","$v":"Нет мелодий"},{"$i":"no-ringtones-warning","$v":"Нет мелодий. Нажмите «Добавить», чтобы добавить мелодию звонка из вашей музыки."},{"$i":"add-ringtone","$v":"Добавить мелодию"},{"$i":"brandShortName","$v":"KaiOS"},{"$i":"browserBrandShortName","$v":"Web Browser"},{"$i":"browserBrandFullName","$v":"Mozilla Web Browser"},{"$i":"ringtoneBrandName","$v":"Default"},{"$i":"ringtoneSectionBrandName","$v":"System"},{"$i":"ringtone-none","$v":"Нет"},{"$i":"ringer_adventure","$v":"Adventure"},{"$i":"ringer_africa","$v":"Африка"},{"$i":"ringer_bounce","$v":"Bounce"},{"$i":"ringer_disco","$v":"Disco"},{"$i":"ringer_kai","$v":"Kai"},{"$i":"ringer_office","$v":"Office"},{"$i":"ringer_techno","$v":"Techno"},{"$i":"ringer_woody","$v":"Woody"},{"$i":"notifier_bell","$v":"Bell"},{"$i":"notifier_donuts","$v":"Donuts"},{"$i":"notifier_que_paso","$v":"Qué paso"},{"$i":"notifier_shake","$v":"Shake"},{"$i":"notifier_triple","$v":"Triple"},{"$i":"ringer_azalea","$v":"Azalea"},{"$i":"ringer_bloom","$v":"Bloom"},{"$i":"ringer_blove","$v":"Blove"},{"$i":"ringer_city_lights","$v":"City Lights"},{"$i":"ringer_dots","$v":"Dots"},{"$i":"ringer_flow","$v":"Flow"},{"$i":"ringer_fountain","$v":"Fountain"},{"$i":"ringer_fresh","$v":"Fresh"},{"$i":"ringer_firefox2","$v":[{"t":"idOrVar","v":"ringtoneBrandName"}]},{"$i":"ringer_illuminate","$v":"Illuminate"},{"$i":"ringer_incoming","$v":"Incoming"},{"$i":"ringer_silvery","$v":"Silvery"},{"$i":"ringer_now_or_never","$v":"Now or Never"},{"$i":"ringer_primary","$v":"Primary"},{"$i":"ringer_pure_guitar","$v":"Pure Guitar"},{"$i":"ringer_rounded","$v":"Rounded"},{"$i":"ringer_spring","$v":"Spring"},{"$i":"ringer_stargazer","$v":"Stargazer"},{"$i":"ringer_vaca","$v":"Vaca"},{"$i":"notifier_bells","$v":"Bells"},{"$i":"notifier_bloom","$v":"Bloom"},{"$i":"notifier_chime","$v":"Chime"},{"$i":"notifier_clicka","$v":"Clicka"},{"$i":"notifier_digi","$v":"Digi"},{"$i":"notifier_dropplet","$v":"Dropplet"},{"$i":"notifier_firefox2","$v":[{"t":"idOrVar","v":"ringtoneBrandName"}]},{"$i":"notifier_hello","$v":"Hello"},{"$i":"notifier_ping","$v":"Ping"},{"$i":"notifier_plickle","$v":"Plickle"},{"$i":"notifier_pocko","$v":"Pocko"},{"$i":"notifier_quado","$v":"Quado"},{"$i":"notifier_red","$v":"Red"},{"$i":"notifier_sato","$v":"Sato"},{"$i":"notifier_trickleup","$v":"Trickle Up"},{"$i":"notifier_trink","$v":"Trink"},{"$i":"notifier_verse","$v":"Verse"},{"$i":"NokiaTune","$v":"NokiaTune"},{"$i":"Arrival","$v":"Arrival"},{"$i":"Barbell","$v":"Barbell"},{"$i":"Bird","$v":"Bird"},{"$i":"Bounce","$v":"Bounce"},{"$i":"Brikabrak","$v":"Brikabrak"},{"$i":"Buzzer","$v":"Buzzer"},{"$i":"Cadenza","$v":"Cadenza"},{"$i":"Chirp","$v":"Chirp"},{"$i":"Delays","$v":"Delays"},{"$i":"Distance","$v":"Distance"},{"$i":"Earring","$v":"Earring"},{"$i":"Electronic","$v":"Electronic"},{"$i":"Imperial","$v":"Imperial"},{"$i":"Karimba","$v":"Karimba"},{"$i":"Marbles","$v":"Marbles"},{"$i":"Monkey_drum","$v":"Monkey drum"},{"$i":"Nostalgia","$v":"Nostalgia"},{"$i":"Ring_ring","$v":"Ring ring"},{"$i":"Spirals","$v":"Ring Spirals"},{"$i":"Stones","$v":"Stones"},{"$i":"Timer","$v":"Timer"},{"$i":"Tip_toe","$v":"Tip toe"},{"$i":"Institucional_Rubrica","$v":"Institucional Rubrica"},{"$i":"Calendar_1","$v":"Calendar_1"},{"$i":"Calendar_2","$v":"Calendar_2"},{"$i":"Calendar_3","$v":"Calendar_3"},{"$i":"Message_1","$v":"Message_1"},{"$i":"Message_2","$v":"Message_2"},{"$i":"Message_3","$v":"Message_3"},{"$i":"Message_4","$v":"Message_4"},{"$i":"Message_5","$v":"Message_5"},{"$i":"softkey-options","$v":"Опции"}]