[{"$i":"manage-title-2","$v":"නාද පාලනය කරන්න"},{"$i":"actions-share-ringtone","$v":"නාදරටාව හුවමාරු කරන්න"},{"$i":"actions-delete-ringtone","$v":"නාදරටාව මකන්න"},{"$i":"actions-share-alerttone","$v":"අවදිය හුවමාරු කරන්න"},{"$i":"actions-delete-alerttone","$v":"අවදිය මකන්න"},{"$i":"actions-cancel","$v":"අවලංගු කරන්න"},{"$i":"delete-title-ringtone","$v":"නාදරටාව මකන්න"},{"$i":"delete-title-alerttone","$v":"අවදිය මකන්න"},{"$i":"delete-desc","$v":["මැකීමට අවශ්‍ය බව ඔබට සහතිකද \"",{"t":"idOrVar","v":"tone"},"\"?"]},{"$i":"delete-desc-default-ringtone","$v":[{"t":"idOrVar","v":"tone"},"\" යනු වත්මන් පෙරනිමි නාද ස්වරයයි.\n\nඔබට එය මකා දැමීමට අවශ්‍ය්‍යද?"]},{"$i":"delete-desc-default-alerttone","$v":[{"t":"idOrVar","v":"tone"},"\" යනු ප්‍රවර්තන ඇඟවුමයි.\n\nඔබට එය මකා දැමීමට අවශ්‍ය බව ස්ථිරද?"]},{"$i":"delete-cancel","$v":"අවලංගු කරන්න"},{"$i":"delete-confirm","$v":"මකන්න"},{"$i":"deleted-ringtone","$v":"නාද රටාව මකන ලදි."},{"$i":"deleted-alerttone","$v":"අවදිය මකන ලදි."},{"$i":"created-tone","$v":"නාද රටාව සාදන ලදි."},{"$i":"set-default-tone","$v":"නාද රටාව පෙර නිමිය ලෙස සකසන ලදි."},{"$i":"file-saved","$v":"නාද රටාව ලෙස සුරැකිනි."},{"$i":"file-has-saved","$v":"පෙර රින්ග්ටෝනය ලෙස සුරකින ලදි."},{"$i":"file-set-as-default-ringtone","$v":"සුපුරුදු නාද රටාවක් ලෙස සුරකින ලදි."},{"$i":"file-size-is-too-large","$v":"නිර්මාණය කර නැත. ගොනු ප්‍රමාණය ඉතා විශාලයි."},{"$i":"sd-card-subtitle","$v":"SD කාඩ්පත"},{"$i":"confirmation","$v":"තහවුරු කිරීම"},{"$i":"pick-title","$v":"ශබ්දය තෝරන්න"},{"$i":"pick-set","$v":"සකසන්න"},{"$i":"system-ringtones","$v":"පද්ධති නාදරටා"},{"$i":"my-ringtones","$v":"මගේ නාදරටා"},{"$i":"notice-alerts","$v":"නිවේදන සංඥා"},{"$i":"section-title-builtin-ringtone","$v":"පද්ධති නාදරටා"},{"$i":"section-title-builtin-alerttone","$v":"පද්ධති අවදි"},{"$i":"section-header-title-ringtone","$v":"නාද රටාව"},{"$i":"section-header-title-alerttone","$v":"නිවේදන සංඥා"},{"$i":"section-title-custom-ringtone","$v":"මගේ නාදරටා"},{"$i":"section-title-custom-alerttone","$v":"මගේ අවදි"},{"$i":"create-title","$v":"නාද රටාව ලෙස සුරකින්න"},{"$i":"create-save","$v":"සුරකින්න"},{"$i":"create-cancel","$v":"අවලංගු කරන්න"},{"$i":"create-select","$v":"තෝරන්න"},{"$i":"create-deselect","$v":"නොතෝරන්න"},{"$i":"play-error-title","$v":"දූෂිත ගොනුව"},{"$i":"play-error-desc","$v":"ගොනුව දූෂණය වී තිබේ. නාදරටාවක් සැකසීමට එය භාවිතා කළ නොහැක."},{"$i":"save-error-title","$v":"නාද රටාව සෑදුවේ නැත"},{"$i":"save-error-desc","$v":"නාදරටාව සෑදීමේදී ගැටළුවක් ඇති විය. කරුණාකර නැවත උත්සාහ කරන්න."},{"$i":"save-file-large","$v":"ගොනු විශාලත්වය ඉතා වැඩිය."},{"$i":"default-label","$v":"පෙරනිමි තනු නිර්මාණය ලෙස සකසන්න"},{"$i":"ok","$v":"OK"},{"$i":"ringtone-untitled","$v":"මාතෘකා රහිත"},{"$i":"options","$v":"විකල්ප"},{"$i":"play","$v":"වාදනය කරන්න"},{"$i":"stop","$v":"නවත්වන්න"},{"$i":"share","$v":"හුවමාරු කරන්න"},{"$i":"delete","$v":"මකන්න"},{"$i":"cancel","$v":"අවලංගු කරන්න"},{"$i":"select","$v":"තෝරන්න"},{"$i":"add","$v":"එක්කරන්න"},{"$i":"no-ringtones","$v":"නාදරටා නැත"},{"$i":"no-ringtones-warning","$v":"නාද රටා නැත. ඔබගේ සංගීතය වෙතින් නාද රටාවක් එක් කිරීමට එක් කරන්න ඔබන්න."},{"$i":"add-ringtone","$v":"නාද රටාව එක්කරන්න"},{"$i":"brandShortName","$v":"KaiOS"},{"$i":"browserBrandShortName","$v":"Web Browser"},{"$i":"browserBrandFullName","$v":"Mozilla Web Browser"},{"$i":"ringtoneBrandName","$v":"Default"},{"$i":"ringtoneSectionBrandName","$v":"System"},{"$i":"ringtone-none","$v":"කිසිත් නැත"},{"$i":"ringer_adventure","$v":"Adventure"},{"$i":"ringer_africa","$v":"Africa"},{"$i":"ringer_bounce","$v":"Bounce"},{"$i":"ringer_disco","$v":"Disco"},{"$i":"ringer_kai","$v":"කී"},{"$i":"ringer_office","$v":"Office"},{"$i":"ringer_techno","$v":"Techno"},{"$i":"ringer_woody","$v":"Woody"},{"$i":"notifier_bell","$v":"Bell"},{"$i":"notifier_donuts","$v":"Donuts"},{"$i":"notifier_que_paso","$v":"Such rhythm"},{"$i":"notifier_shake","$v":"Shake"},{"$i":"notifier_triple","$v":"Triple"},{"$i":"ringer_azalea","$v":"Azalea"},{"$i":"ringer_bloom","$v":"Bloom"},{"$i":"ringer_blove","$v":"Blove"},{"$i":"ringer_city_lights","$v":"City Lights"},{"$i":"ringer_dots","$v":"Dots"},{"$i":"ringer_flow","$v":"Flow"},{"$i":"ringer_fountain","$v":"Fountain"},{"$i":"ringer_fresh","$v":"Fresh"},{"$i":"ringer_firefox2","$v":[{"t":"idOrVar","v":"ringtoneBrandName"}]},{"$i":"ringer_illuminate","$v":"Illuminate"},{"$i":"ringer_incoming","$v":"පැමිණෙන"},{"$i":"ringer_silvery","$v":"Silvery"},{"$i":"ringer_now_or_never","$v":"Now or Never"},{"$i":"ringer_primary","$v":"Primary"},{"$i":"ringer_pure_guitar","$v":"Pure Guitar"},{"$i":"ringer_rounded","$v":"Rounded"},{"$i":"ringer_spring","$v":"Spring"},{"$i":"ringer_stargazer","$v":"Stargazer"},{"$i":"ringer_vaca","$v":"Vaca"},{"$i":"notifier_bells","$v":"Bells"},{"$i":"notifier_bloom","$v":"Bloom"},{"$i":"notifier_chime","$v":"Chime"},{"$i":"notifier_clicka","$v":"Clicka"},{"$i":"notifier_digi","$v":"Digi"},{"$i":"notifier_dropplet","$v":"Dropplet"},{"$i":"notifier_firefox2","$v":[{"t":"idOrVar","v":"ringtoneBrandName"}]},{"$i":"notifier_hello","$v":"Hello"},{"$i":"notifier_ping","$v":"Ping"},{"$i":"notifier_plickle","$v":"Plickle"},{"$i":"notifier_pocko","$v":"Pocko"},{"$i":"notifier_quado","$v":"Quado"},{"$i":"notifier_red","$v":"රතු"},{"$i":"notifier_sato","$v":"Sato"},{"$i":"notifier_trickleup","$v":"Trickle Up"},{"$i":"notifier_trink","$v":"Trink"},{"$i":"notifier_verse","$v":"Verse"},{"$i":"NokiaTune","$v":"NokiaTune"},{"$i":"Arrival","$v":"Arrival"},{"$i":"Barbell","$v":"Barbell"},{"$i":"Bird","$v":"Bird"},{"$i":"Bounce","$v":"Bounce"},{"$i":"Brikabrak","$v":"Brikabrak"},{"$i":"Buzzer","$v":"Buzzer"},{"$i":"Cadenza","$v":"Cadenza"},{"$i":"Chirp","$v":"Chirp"},{"$i":"Delays","$v":"Delays"},{"$i":"Distance","$v":"Distance"},{"$i":"Earring","$v":"Earring"},{"$i":"Electronic","$v":"Electronic"},{"$i":"Imperial","$v":"Imperial"},{"$i":"Karimba","$v":"Karimba"},{"$i":"Marbles","$v":"Marbles"},{"$i":"Monkey_drum","$v":"Monkey drum"},{"$i":"Nostalgia","$v":"Nostalgia"},{"$i":"Ring_ring","$v":"Ring ring"},{"$i":"Spirals","$v":"Ring Spirals"},{"$i":"Stones","$v":"Stones"},{"$i":"Timer","$v":"Timer"},{"$i":"Tip_toe","$v":"Tip toe"},{"$i":"Institucional_Rubrica","$v":"Institucional Rubrica"},{"$i":"Calendar_1","$v":"Calendar_1"},{"$i":"Calendar_2","$v":"Calendar_2"},{"$i":"Calendar_3","$v":"Calendar_3"},{"$i":"Message_1","$v":"Message_1"},{"$i":"Message_2","$v":"Message_2"},{"$i":"Message_3","$v":"Message_3"},{"$i":"Message_4","$v":"Message_4"},{"$i":"Message_5","$v":"Message_5"},{"$i":"softkey-options","$v":"විකල්ප"}]