[{"$i":"manage-title-2","$v":"Spravovať tóny"},{"$i":"actions-share-ringtone","$v":"Zdieľať zvonenie"},{"$i":"actions-delete-ringtone","$v":"Vymazať zvonenie"},{"$i":"actions-share-alerttone","$v":"Zdieľať upoz."},{"$i":"actions-delete-alerttone","$v":"Vymazať upozor."},{"$i":"actions-cancel","$v":"Zrušiť"},{"$i":"delete-title-ringtone","$v":"Vymazať zvonenie"},{"$i":"delete-title-alerttone","$v":"Vymazať upozor."},{"$i":"delete-desc","$v":["Naozaj chcete vymazať „",{"t":"idOrVar","v":"tone"},"“?"]},{"$i":"delete-desc-default-ringtone","$v":["„",{"t":"idOrVar","v":"tone"},"“ je teraz predvolený vyzváňací tón.\n\nNaozaj ho chcete vymazať?"]},{"$i":"delete-desc-default-alerttone","$v":["„",{"t":"idOrVar","v":"tone"},"“ je teraz predvol. upozornenie.\n\nNaozaj vymazať?"]},{"$i":"delete-cancel","$v":"Zrušiť"},{"$i":"delete-confirm","$v":"Vymazať"},{"$i":"deleted-ringtone","$v":"Zvonenie zmazané."},{"$i":"deleted-alerttone","$v":"Hlásenie vymazané."},{"$i":"created-tone","$v":"Zvonenie vytvorené."},{"$i":"set-default-tone","$v":"Zvonenie nast. ako predv."},{"$i":"file-saved","$v":"Uložené ako zvonenie."},{"$i":"file-has-saved","$v":"bol predtým uložený ako vyzváňací tón."},{"$i":"file-set-as-default-ringtone","$v":"Uložené ako predvolený tón zvonenia."},{"$i":"file-size-is-too-large","$v":"nebol vytvorený. Veľkosť súboru je príliš veľká."},{"$i":"sd-card-subtitle","$v":"Karta SD"},{"$i":"confirmation","$v":"Potvrdenie"},{"$i":"pick-title","$v":"Vybrať zvuk"},{"$i":"pick-set","$v":"Nastaviť"},{"$i":"system-ringtones","$v":"Systémové zvonenia"},{"$i":"my-ringtones","$v":"Moje zvonenia"},{"$i":"notice-alerts","$v":"Upozornenia"},{"$i":"section-title-builtin-ringtone","$v":"Systémové zvonenia"},{"$i":"section-title-builtin-alerttone","$v":"Syst. hlásenia"},{"$i":"section-header-title-ringtone","$v":"Zvonenia"},{"$i":"section-header-title-alerttone","$v":"Upozornenia"},{"$i":"section-title-custom-ringtone","$v":"Moje zvonenia"},{"$i":"section-title-custom-alerttone","$v":"Moje hlás."},{"$i":"create-title","$v":"Uložiť ako zvon."},{"$i":"create-save","$v":"Uložiť"},{"$i":"create-cancel","$v":"Zrušiť"},{"$i":"create-select","$v":"Vybrať"},{"$i":"create-deselect","$v":"Zrušiť výber"},{"$i":"play-error-title","$v":"Poškodený súbor"},{"$i":"play-error-desc","$v":"Súbor je poškodený. Nie je možné ho použiť na vytvor. zvonenia."},{"$i":"save-error-title","$v":"Zvonenie nevytvorené"},{"$i":"save-error-desc","$v":"Nastal problém s vytváraním zvonenia. Skúste znova."},{"$i":"save-file-large","$v":"Súbor je príliš veľký."},{"$i":"default-label","$v":"Nastaviť ako predvolené zvonenie"},{"$i":"ok","$v":"OK"},{"$i":"ringtone-untitled","$v":"Bez názvu"},{"$i":"options","$v":"Možnosti"},{"$i":"play","$v":"Prehrať"},{"$i":"stop","$v":"Stop"},{"$i":"share","$v":"Zdieľať"},{"$i":"delete","$v":"Vymazať"},{"$i":"cancel","$v":"Zrušiť"},{"$i":"select","$v":"Vybrať"},{"$i":"add","$v":"Pridať"},{"$i":"no-ringtones","$v":"Žiadne zvonenia"},{"$i":"no-ringtones-warning","$v":"Žiadne zvonenia. Stlačením možnosti Pridať pridáte zvonenie z hudby."},{"$i":"add-ringtone","$v":"Pridať zvonenie"},{"$i":"brandShortName","$v":"KaiOS"},{"$i":"browserBrandShortName","$v":"Web Browser"},{"$i":"browserBrandFullName","$v":"Mozilla Web Browser"},{"$i":"ringtoneBrandName","$v":"Default"},{"$i":"ringtoneSectionBrandName","$v":"System"},{"$i":"ringtone-none","$v":"Žiadne"},{"$i":"ringer_adventure","$v":"Adventure"},{"$i":"ringer_africa","$v":"Africa"},{"$i":"ringer_bounce","$v":"Bounce"},{"$i":"ringer_disco","$v":"Disco"},{"$i":"ringer_kai","$v":"Kai"},{"$i":"ringer_office","$v":"Office"},{"$i":"ringer_techno","$v":"Techno"},{"$i":"ringer_woody","$v":"Woody"},{"$i":"notifier_bell","$v":"Bell"},{"$i":"notifier_donuts","$v":"Donuts"},{"$i":"notifier_que_paso","$v":"Such rhythm"},{"$i":"notifier_shake","$v":"Shake"},{"$i":"notifier_triple","$v":"Triple"},{"$i":"ringer_azalea","$v":"Azalea"},{"$i":"ringer_bloom","$v":"Bloom"},{"$i":"ringer_blove","$v":"Blove"},{"$i":"ringer_city_lights","$v":"City Lights"},{"$i":"ringer_dots","$v":"Dots"},{"$i":"ringer_flow","$v":"Flow"},{"$i":"ringer_fountain","$v":"Fountain"},{"$i":"ringer_fresh","$v":"Fresh"},{"$i":"ringer_firefox2","$v":[{"t":"idOrVar","v":"ringtoneBrandName"}]},{"$i":"ringer_illuminate","$v":"Illuminate"},{"$i":"ringer_incoming","$v":"Prichádzajúci"},{"$i":"ringer_silvery","$v":"Silvery"},{"$i":"ringer_now_or_never","$v":"Now or Never"},{"$i":"ringer_primary","$v":"Hlavné"},{"$i":"ringer_pure_guitar","$v":"Pure Guitar"},{"$i":"ringer_rounded","$v":"Rounded"},{"$i":"ringer_spring","$v":"Spring"},{"$i":"ringer_stargazer","$v":"Stargazer"},{"$i":"ringer_vaca","$v":"Vaca"},{"$i":"notifier_bells","$v":"Bells"},{"$i":"notifier_bloom","$v":"Bloom"},{"$i":"notifier_chime","$v":"Chime"},{"$i":"notifier_clicka","$v":"Clicka"},{"$i":"notifier_digi","$v":"Digi"},{"$i":"notifier_dropplet","$v":"Dropplet"},{"$i":"notifier_firefox2","$v":[{"t":"idOrVar","v":"ringtoneBrandName"}]},{"$i":"notifier_hello","$v":"Hello"},{"$i":"notifier_ping","$v":"Ping"},{"$i":"notifier_plickle","$v":"Plickle"},{"$i":"notifier_pocko","$v":"Pocko"},{"$i":"notifier_quado","$v":"Quado"},{"$i":"notifier_red","$v":"Red"},{"$i":"notifier_sato","$v":"Sato"},{"$i":"notifier_trickleup","$v":"Trickle Up"},{"$i":"notifier_trink","$v":"Trink"},{"$i":"notifier_verse","$v":"Verse"},{"$i":"NokiaTune","$v":"NokiaTune"},{"$i":"Arrival","$v":"Arrival"},{"$i":"Barbell","$v":"Barbell"},{"$i":"Bird","$v":"Bird"},{"$i":"Bounce","$v":"Bounce"},{"$i":"Brikabrak","$v":"Brikabrak"},{"$i":"Buzzer","$v":"Buzzer"},{"$i":"Cadenza","$v":"Cadenza"},{"$i":"Chirp","$v":"Chirp"},{"$i":"Delays","$v":"Delays"},{"$i":"Distance","$v":"Distance"},{"$i":"Earring","$v":"Earring"},{"$i":"Electronic","$v":"Electronic"},{"$i":"Imperial","$v":"Imperial"},{"$i":"Karimba","$v":"Karimba"},{"$i":"Marbles","$v":"Marbles"},{"$i":"Monkey_drum","$v":"Monkey drum"},{"$i":"Nostalgia","$v":"Nostalgia"},{"$i":"Ring_ring","$v":"Ring ring"},{"$i":"Spirals","$v":"Ring Spirals"},{"$i":"Stones","$v":"Stones"},{"$i":"Timer","$v":"Timer"},{"$i":"Tip_toe","$v":"Tip toe"},{"$i":"Institucional_Rubrica","$v":"Institucional Rubrica"},{"$i":"Calendar_1","$v":"Calendar_1"},{"$i":"Calendar_2","$v":"Calendar_2"},{"$i":"Calendar_3","$v":"Calendar_3"},{"$i":"Message_1","$v":"Message_1"},{"$i":"Message_2","$v":"Message_2"},{"$i":"Message_3","$v":"Message_3"},{"$i":"Message_4","$v":"Message_4"},{"$i":"Message_5","$v":"Message_5"},{"$i":"softkey-options","$v":"Voľby"}]