[{"$i":"manage-title-2","$v":"Upravljaj tone"},{"$i":"actions-share-ringtone","$v":"Deli ton zvonjenja"},{"$i":"actions-delete-ringtone","$v":"Izbriši ton zvonjenja"},{"$i":"actions-share-alerttone","$v":"Deli opozorilo"},{"$i":"actions-delete-alerttone","$v":"Izbriši opozorilo"},{"$i":"actions-cancel","$v":"Prekliči"},{"$i":"delete-title-ringtone","$v":"Izbriši ton zvonjenja"},{"$i":"delete-title-alerttone","$v":"Izbriši opozorilo"},{"$i":"delete-desc","$v":["Ali ste prepričani, da želite izbrisati »",{"t":"idOrVar","v":"tone"},"«?"]},{"$i":"delete-desc-default-ringtone","$v":["»",{"t":"idOrVar","v":"tone"},"« je trenutni privzeti ton zvonjenja.\n\nAli ste prepričani, da želite izbrisati?"]},{"$i":"delete-desc-default-alerttone","$v":["»",{"t":"idOrVar","v":"tone"},"« je trenutno privzeto opozorilo.\n\nAli ste prepričani, da želite izbrisati?"]},{"$i":"delete-cancel","$v":"Prekliči"},{"$i":"delete-confirm","$v":"Brisanje"},{"$i":"deleted-ringtone","$v":"Ton zvonjenja je izbrisan."},{"$i":"deleted-alerttone","$v":"Opozorilo je izbrisano."},{"$i":"created-tone","$v":"Ton zvonjenja je ustvarjen."},{"$i":"set-default-tone","$v":"Ton je nastavlj. kot privzet."},{"$i":"file-saved","$v":"Shranjeno kot ton zvonjenja."},{"$i":"file-has-saved","$v":"prej je bila shranjena kot melodija zvonjenja."},{"$i":"file-set-as-default-ringtone","$v":"Shranjena kot privzeta melodija zvonjenja."},{"$i":"file-size-is-too-large","$v":"ni ustvarjeno. Velikost datoteke je prevelika."},{"$i":"sd-card-subtitle","$v":"Kartica SD"},{"$i":"confirmation","$v":"Potrditev"},{"$i":"pick-title","$v":"Izberite zvok"},{"$i":"pick-set","$v":"Nastavi"},{"$i":"system-ringtones","$v":"Sistemski toni zvonjenja"},{"$i":"my-ringtones","$v":"Moji toni zvonjenja"},{"$i":"notice-alerts","$v":"Opozorila o obvestilih"},{"$i":"section-title-builtin-ringtone","$v":"Sistemski toni zvonjenja"},{"$i":"section-title-builtin-alerttone","$v":"Sistemsko opozorilo"},{"$i":"section-header-title-ringtone","$v":"Toni zvonjenja"},{"$i":"section-header-title-alerttone","$v":"Opozorila o obvestilih"},{"$i":"section-title-custom-ringtone","$v":"Moji toni zvonjenja"},{"$i":"section-title-custom-alerttone","$v":"Moja opozorila"},{"$i":"create-title","$v":"Shrani kot ton zvonjenja"},{"$i":"create-save","$v":"Shrani"},{"$i":"create-cancel","$v":"Prekliči"},{"$i":"create-select","$v":"Izberi"},{"$i":"create-deselect","$v":"Prekliči izbor"},{"$i":"play-error-title","$v":"Okvarjena datoteka"},{"$i":"play-error-desc","$v":"Datoteka je poškodovana in je ni mogoče uporabiti za izdelavo tona zvonjenja."},{"$i":"save-error-title","$v":"Ton zvonjenja ni ustvarjen"},{"$i":"save-error-desc","$v":"Pri ustvarjanju tona zvonjenja je prišlo do težav. Poskusite znova."},{"$i":"save-file-large","$v":"Datoteka je prevelika."},{"$i":"default-label","$v":"Nastavite privzeto melodijo zvonjenja"},{"$i":"ok","$v":"V redu"},{"$i":"ringtone-untitled","$v":"Neimenovan"},{"$i":"options","$v":"Možnosti"},{"$i":"play","$v":"Predvajaj"},{"$i":"stop","$v":"Ustavi"},{"$i":"share","$v":"Deli"},{"$i":"delete","$v":"Brisanje"},{"$i":"cancel","$v":"Prekliči"},{"$i":"select","$v":"Izberi"},{"$i":"add","$v":"Dodaj"},{"$i":"no-ringtones","$v":"Ni tonov zvonjenja"},{"$i":"no-ringtones-warning","$v":"Ni tonov zvonjenja. Če želite dodati ton zvonjenja iz glasbe, pritisnite »Dodaj«."},{"$i":"add-ringtone","$v":"Dodaj ton zvonjenja"},{"$i":"brandShortName","$v":"KaiOS"},{"$i":"browserBrandShortName","$v":"Web Browser"},{"$i":"browserBrandFullName","$v":"Mozilla Web Browser"},{"$i":"ringtoneBrandName","$v":"Default"},{"$i":"ringtoneSectionBrandName","$v":"System"},{"$i":"ringtone-none","$v":"Brez"},{"$i":"ringer_adventure","$v":"Adventure"},{"$i":"ringer_africa","$v":"Africa"},{"$i":"ringer_bounce","$v":"Bounce"},{"$i":"ringer_disco","$v":"Disco"},{"$i":"ringer_kai","$v":"Kai"},{"$i":"ringer_office","$v":"Office"},{"$i":"ringer_techno","$v":"Techno"},{"$i":"ringer_woody","$v":"Woody"},{"$i":"notifier_bell","$v":"Bell"},{"$i":"notifier_donuts","$v":"Donuts"},{"$i":"notifier_que_paso","$v":"Such rhythm"},{"$i":"notifier_shake","$v":"Shake"},{"$i":"notifier_triple","$v":"Triple"},{"$i":"ringer_azalea","$v":"Azalea"},{"$i":"ringer_bloom","$v":"Bloom"},{"$i":"ringer_blove","$v":"Blove"},{"$i":"ringer_city_lights","$v":"City Lights"},{"$i":"ringer_dots","$v":"Dots"},{"$i":"ringer_flow","$v":"Flow"},{"$i":"ringer_fountain","$v":"Fountain"},{"$i":"ringer_fresh","$v":"Fresh"},{"$i":"ringer_firefox2","$v":[{"t":"idOrVar","v":"ringtoneBrandName"}]},{"$i":"ringer_illuminate","$v":"Illuminate"},{"$i":"ringer_incoming","$v":"Dohodni"},{"$i":"ringer_silvery","$v":"Silvery"},{"$i":"ringer_now_or_never","$v":"Now or Never"},{"$i":"ringer_primary","$v":"Primarni"},{"$i":"ringer_pure_guitar","$v":"Pure Guitar"},{"$i":"ringer_rounded","$v":"Rounded"},{"$i":"ringer_spring","$v":"Spring"},{"$i":"ringer_stargazer","$v":"Stargazer"},{"$i":"ringer_vaca","$v":"Vaca"},{"$i":"notifier_bells","$v":"Bells"},{"$i":"notifier_bloom","$v":"Bloom"},{"$i":"notifier_chime","$v":"Chime"},{"$i":"notifier_clicka","$v":"Clicka"},{"$i":"notifier_digi","$v":"Digi"},{"$i":"notifier_dropplet","$v":"Dropplet"},{"$i":"notifier_firefox2","$v":[{"t":"idOrVar","v":"ringtoneBrandName"}]},{"$i":"notifier_hello","$v":"Hello"},{"$i":"notifier_ping","$v":"Ping"},{"$i":"notifier_plickle","$v":"Plickle"},{"$i":"notifier_pocko","$v":"Pocko"},{"$i":"notifier_quado","$v":"Quado"},{"$i":"notifier_red","$v":"Red"},{"$i":"notifier_sato","$v":"Sato"},{"$i":"notifier_trickleup","$v":"Trickle Up"},{"$i":"notifier_trink","$v":"Trink"},{"$i":"notifier_verse","$v":"Verse"},{"$i":"NokiaTune","$v":"NokiaTune"},{"$i":"Arrival","$v":"Arrival"},{"$i":"Barbell","$v":"Barbell"},{"$i":"Bird","$v":"Bird"},{"$i":"Bounce","$v":"Bounce"},{"$i":"Brikabrak","$v":"Brikabrak"},{"$i":"Buzzer","$v":"Buzzer"},{"$i":"Cadenza","$v":"Cadenza"},{"$i":"Chirp","$v":"Chirp"},{"$i":"Delays","$v":"Delays"},{"$i":"Distance","$v":"Distance"},{"$i":"Earring","$v":"Earring"},{"$i":"Electronic","$v":"Electronic"},{"$i":"Imperial","$v":"Imperial"},{"$i":"Karimba","$v":"Karimba"},{"$i":"Marbles","$v":"Marbles"},{"$i":"Monkey_drum","$v":"Monkey drum"},{"$i":"Nostalgia","$v":"Nostalgia"},{"$i":"Ring_ring","$v":"Ring ring"},{"$i":"Spirals","$v":"Ring Spirals"},{"$i":"Stones","$v":"Stones"},{"$i":"Timer","$v":"Timer"},{"$i":"Tip_toe","$v":"Tip toe"},{"$i":"Institucional_Rubrica","$v":"Institucional Rubrica"},{"$i":"Calendar_1","$v":"Calendar_1"},{"$i":"Calendar_2","$v":"Calendar_2"},{"$i":"Calendar_3","$v":"Calendar_3"},{"$i":"Message_1","$v":"Message_1"},{"$i":"Message_2","$v":"Message_2"},{"$i":"Message_3","$v":"Message_3"},{"$i":"Message_4","$v":"Message_4"},{"$i":"Message_5","$v":"Message_5"},{"$i":"softkey-options","$v":"Možnosti"}]