[{"$i":"manage-title-2","$v":"Administro tingujt"},{"$i":"actions-share-ringtone","$v":"Ndaj zilen"},{"$i":"actions-delete-ringtone","$v":"Fshi zilen"},{"$i":"actions-share-alerttone","$v":"Ndaj sinjalizimin"},{"$i":"actions-delete-alerttone","$v":"Fshi sinjalizimin"},{"$i":"actions-cancel","$v":"Anulo"},{"$i":"delete-title-ringtone","$v":"Fshi zilen"},{"$i":"delete-title-alerttone","$v":"Fshi sinjalizimin"},{"$i":"delete-desc","$v":["Je i sigurt për fshirjen e ",{"t":"idOrVar","v":"tone"},"?"]},{"$i":"delete-desc-default-ringtone","$v":[{"t":"idOrVar","v":"tone"},"\" është toni standard aktual i ziles.\n\nJe i sigurt që dëshiron ta fshish?"]},{"$i":"delete-desc-default-alerttone","$v":[{"t":"idOrVar","v":"tone"},"\" është sinjali standard aktual.\n\nJe i sigurt që do ta fshish?"]},{"$i":"delete-cancel","$v":"Anulo"},{"$i":"delete-confirm","$v":"Fshi"},{"$i":"deleted-ringtone","$v":"Zilja u fshi."},{"$i":"deleted-alerttone","$v":"Sinjalizimi u fshi."},{"$i":"created-tone","$v":"Zilja u krijua."},{"$i":"set-default-tone","$v":"Zilja u caktua si standarde."},{"$i":"file-saved","$v":"E ruajtur si zile."},{"$i":"file-has-saved","$v":"u ruajt si zile më parë."},{"$i":"file-set-as-default-ringtone","$v":"Ruajtur si zile e parazgjedhur."},{"$i":"file-size-is-too-large","$v":"jo e krijuar. Madhësia e skedarit është shumë e madhe."},{"$i":"sd-card-subtitle","$v":"Karta e memories SD"},{"$i":"confirmation","$v":"Konfirmimi"},{"$i":"pick-title","$v":"Zgjidh tingullin"},{"$i":"pick-set","$v":"Cakto"},{"$i":"system-ringtones","$v":"Zilet e sistemit"},{"$i":"my-ringtones","$v":"Zilet e mia"},{"$i":"notice-alerts","$v":"Sinjalizimet e njoftimeve"},{"$i":"section-title-builtin-ringtone","$v":"Zilet e sistemit"},{"$i":"section-title-builtin-alerttone","$v":"Sinjalizime të sistemit"},{"$i":"section-header-title-ringtone","$v":"Zilet"},{"$i":"section-header-title-alerttone","$v":"Sinjalizimet e njoftimeve"},{"$i":"section-title-custom-ringtone","$v":"Zilet e mia"},{"$i":"section-title-custom-alerttone","$v":"Sinjalizimet e mia"},{"$i":"create-title","$v":"Ruaje si zile"},{"$i":"create-save","$v":"Ruaj"},{"$i":"create-cancel","$v":"Anulo"},{"$i":"create-select","$v":"Zgjidh"},{"$i":"create-deselect","$v":"Çzgjidh"},{"$i":"play-error-title","$v":"Skedari i dëmtuar"},{"$i":"play-error-desc","$v":"Skedari është i dëmtuar dhe nuk përdoret dot për të krijuar zile."},{"$i":"save-error-title","$v":"Zilja nuk u krijua"},{"$i":"save-error-desc","$v":"Ndodhi një problem gjatë krijimit të ziles. Provo sërish."},{"$i":"save-file-large","$v":"Skedari është shumë i madh."},{"$i":"default-label","$v":"Vendos si tingull i parazgjedhur"},{"$i":"ok","$v":"OK"},{"$i":"ringtone-untitled","$v":"Pa titull"},{"$i":"options","$v":"Opsionet"},{"$i":"play","$v":"Luaj"},{"$i":"stop","$v":"Ndalo"},{"$i":"share","$v":"Ndaj"},{"$i":"delete","$v":"Fshi"},{"$i":"cancel","$v":"Anulo"},{"$i":"select","$v":"Zgjidh"},{"$i":"add","$v":"Shto"},{"$i":"no-ringtones","$v":"Nuk ka zile"},{"$i":"no-ringtones-warning","$v":"S'ka zile. Shtyp \"Shto\" për të shtuar zile nga muzika jote."},{"$i":"add-ringtone","$v":"Shto ton zileje"},{"$i":"brandShortName","$v":"KaiOS"},{"$i":"browserBrandShortName","$v":"Web Browser"},{"$i":"browserBrandFullName","$v":"Mozilla Web Browser"},{"$i":"ringtoneBrandName","$v":"Default"},{"$i":"ringtoneSectionBrandName","$v":"System"},{"$i":"ringtone-none","$v":"Asnjë"},{"$i":"ringer_adventure","$v":"Adventure"},{"$i":"ringer_africa","$v":"Africa"},{"$i":"ringer_bounce","$v":"Bounce"},{"$i":"ringer_disco","$v":"Disco"},{"$i":"ringer_kai","$v":"Kai"},{"$i":"ringer_office","$v":"Office"},{"$i":"ringer_techno","$v":"Techno"},{"$i":"ringer_woody","$v":"Woody"},{"$i":"notifier_bell","$v":"Bell"},{"$i":"notifier_donuts","$v":"Donuts"},{"$i":"notifier_que_paso","$v":"Such rhythm"},{"$i":"notifier_shake","$v":"Shake"},{"$i":"notifier_triple","$v":"Triple"},{"$i":"ringer_azalea","$v":"Azalea"},{"$i":"ringer_bloom","$v":"Bloom"},{"$i":"ringer_blove","$v":"Blove"},{"$i":"ringer_city_lights","$v":"City Lights"},{"$i":"ringer_dots","$v":"Dots"},{"$i":"ringer_flow","$v":"Flow"},{"$i":"ringer_fountain","$v":"Fountain"},{"$i":"ringer_fresh","$v":"Fresh"},{"$i":"ringer_firefox2","$v":[{"t":"idOrVar","v":"ringtoneBrandName"}]},{"$i":"ringer_illuminate","$v":"Illuminate"},{"$i":"ringer_incoming","$v":"Hyrëse"},{"$i":"ringer_silvery","$v":"Silvery"},{"$i":"ringer_now_or_never","$v":"Now or Never"},{"$i":"ringer_primary","$v":"Kryesor"},{"$i":"ringer_pure_guitar","$v":"Pure Guitar"},{"$i":"ringer_rounded","$v":"Rounded"},{"$i":"ringer_spring","$v":"Spring"},{"$i":"ringer_stargazer","$v":"Stargazer"},{"$i":"ringer_vaca","$v":"Vaca"},{"$i":"notifier_bells","$v":"Bells"},{"$i":"notifier_bloom","$v":"Bloom"},{"$i":"notifier_chime","$v":"Chime"},{"$i":"notifier_clicka","$v":"Clicka"},{"$i":"notifier_digi","$v":"Digi"},{"$i":"notifier_dropplet","$v":"Dropplet"},{"$i":"notifier_firefox2","$v":[{"t":"idOrVar","v":"ringtoneBrandName"}]},{"$i":"notifier_hello","$v":"Hello"},{"$i":"notifier_ping","$v":"Ping"},{"$i":"notifier_plickle","$v":"Plickle"},{"$i":"notifier_pocko","$v":"Pocko"},{"$i":"notifier_quado","$v":"Quado"},{"$i":"notifier_red","$v":"Red"},{"$i":"notifier_sato","$v":"Sato"},{"$i":"notifier_trickleup","$v":"Trickle Up"},{"$i":"notifier_trink","$v":"Trink"},{"$i":"notifier_verse","$v":"Verse"},{"$i":"NokiaTune","$v":"NokiaTune"},{"$i":"Arrival","$v":"Arrival"},{"$i":"Barbell","$v":"Barbell"},{"$i":"Bird","$v":"Bird"},{"$i":"Bounce","$v":"Bounce"},{"$i":"Brikabrak","$v":"Brikabrak"},{"$i":"Buzzer","$v":"Buzzer"},{"$i":"Cadenza","$v":"Cadenza"},{"$i":"Chirp","$v":"Chirp"},{"$i":"Delays","$v":"Delays"},{"$i":"Distance","$v":"Distance"},{"$i":"Earring","$v":"Earring"},{"$i":"Electronic","$v":"Electronic"},{"$i":"Imperial","$v":"Imperial"},{"$i":"Karimba","$v":"Karimba"},{"$i":"Marbles","$v":"Marbles"},{"$i":"Monkey_drum","$v":"Monkey drum"},{"$i":"Nostalgia","$v":"Nostalgia"},{"$i":"Ring_ring","$v":"Ring ring"},{"$i":"Spirals","$v":"Ring Spirals"},{"$i":"Stones","$v":"Stones"},{"$i":"Timer","$v":"Timer"},{"$i":"Tip_toe","$v":"Tip toe"},{"$i":"Institucional_Rubrica","$v":"Institucional Rubrica"},{"$i":"Calendar_1","$v":"Calendar_1"},{"$i":"Calendar_2","$v":"Calendar_2"},{"$i":"Calendar_3","$v":"Calendar_3"},{"$i":"Message_1","$v":"Message_1"},{"$i":"Message_2","$v":"Message_2"},{"$i":"Message_3","$v":"Message_3"},{"$i":"Message_4","$v":"Message_4"},{"$i":"Message_5","$v":"Message_5"},{"$i":"softkey-options","$v":"Opsionet"}]