[{"$i":"manage-title-2","$v":"Upravljaj tonovima"},{"$i":"actions-share-ringtone","$v":"Deli ton zvona"},{"$i":"actions-delete-ringtone","$v":"Izbriši ton zvona"},{"$i":"actions-share-alerttone","$v":"Deli upozorenje"},{"$i":"actions-delete-alerttone","$v":"Izbriši upozorenje"},{"$i":"actions-cancel","$v":"Otkaži"},{"$i":"delete-title-ringtone","$v":"Izbriši ton zvona"},{"$i":"delete-title-alerttone","$v":"Izbriši upozorenje"},{"$i":"delete-desc","$v":["Želite li sigurno da izbrišete „",{"t":"idOrVar","v":"tone"},"“?"]},{"$i":"delete-desc-default-ringtone","$v":["„",{"t":"idOrVar","v":"tone"},"“ je trenutno podrazumevani ton zvona.\n\nŽelite li sigurno da ga izbrišete?"]},{"$i":"delete-desc-default-alerttone","$v":["„",{"t":"idOrVar","v":"tone"},"“ je trenutno podrazumevano upozorenje.\n\nŽelite li sigurno da ga izbrišete?"]},{"$i":"delete-cancel","$v":"Otkaži"},{"$i":"delete-confirm","$v":"Izbriši"},{"$i":"deleted-ringtone","$v":"Ton zvona je izbrisan."},{"$i":"deleted-alerttone","$v":"Upozorenje je izbrisano."},{"$i":"created-tone","$v":"Ton zvona je kreiran."},{"$i":"set-default-tone","$v":"Ton zvona pod. kao podr."},{"$i":"file-saved","$v":"Sačuvano kao ton zvona."},{"$i":"file-has-saved","$v":"раније је сачувана као мелодија звона."},{"$i":"file-set-as-default-ringtone","$v":"Сачувано као подразумевана мелодија звона."},{"$i":"file-size-is-too-large","$v":"није створено Величина датотеке је превелика."},{"$i":"sd-card-subtitle","$v":"SD kartica"},{"$i":"confirmation","$v":"Potvrda"},{"$i":"pick-title","$v":"Odaberi zvuk"},{"$i":"pick-set","$v":"Podesi"},{"$i":"system-ringtones","$v":"Sistemski tonovi zvona"},{"$i":"my-ringtones","$v":"Moji tonovi zvona"},{"$i":"notice-alerts","$v":"Upozorenja za obaveštenje"},{"$i":"section-title-builtin-ringtone","$v":"Sistemski tonovi zvona"},{"$i":"section-title-builtin-alerttone","$v":"Sistemska upozorenja"},{"$i":"section-header-title-ringtone","$v":"Tonovi zvona"},{"$i":"section-header-title-alerttone","$v":"Upozorenja za obaveštenje"},{"$i":"section-title-custom-ringtone","$v":"Moji tonovi zvona"},{"$i":"section-title-custom-alerttone","$v":"Moja upozorenja"},{"$i":"create-title","$v":"Sačuvaj kao ton zvona"},{"$i":"create-save","$v":"Sačuvaj"},{"$i":"create-cancel","$v":"Otkaži"},{"$i":"create-select","$v":"Odaberi"},{"$i":"create-deselect","$v":"Poništi izbor"},{"$i":"play-error-title","$v":"Oštećena datoteka"},{"$i":"play-error-desc","$v":"Datoteka je oštećena. Nije moguće od nje napraviti ton zvona."},{"$i":"save-error-title","$v":"Ton zvona nije kreiran"},{"$i":"save-error-desc","$v":"Došlo je do greške prilikom kreiranja tona zvona. Pokušajte ponovo."},{"$i":"save-file-large","$v":"Datoteka je prevelika."},{"$i":"default-label","$v":"Подесите као подразумевани звук звона"},{"$i":"ok","$v":"OK"},{"$i":"ringtone-untitled","$v":"Bez naslova"},{"$i":"options","$v":"Opcije"},{"$i":"play","$v":"Reprodukuj"},{"$i":"stop","$v":"Zaustavi"},{"$i":"share","$v":"Deli"},{"$i":"delete","$v":"Izbriši"},{"$i":"cancel","$v":"Otkaži"},{"$i":"select","$v":"Odaberi"},{"$i":"add","$v":"Dodaj"},{"$i":"no-ringtones","$v":"Nema tonova zvona"},{"$i":"no-ringtones-warning","$v":"Nema tonovazvona. Pritisnite Dodaj da biste dodali ton zvona iz muzike."},{"$i":"add-ringtone","$v":"Dodaj ton zvona"},{"$i":"brandShortName","$v":"KaiOS"},{"$i":"browserBrandShortName","$v":"Web Browser"},{"$i":"browserBrandFullName","$v":"Mozilla Web Browser"},{"$i":"ringtoneBrandName","$v":"Default"},{"$i":"ringtoneSectionBrandName","$v":"System"},{"$i":"ringtone-none","$v":"Nema"},{"$i":"ringer_adventure","$v":"Adventure"},{"$i":"ringer_africa","$v":"Africa"},{"$i":"ringer_bounce","$v":"Bounce"},{"$i":"ringer_disco","$v":"Disco"},{"$i":"ringer_kai","$v":"Kai"},{"$i":"ringer_office","$v":"Office"},{"$i":"ringer_techno","$v":"Techno"},{"$i":"ringer_woody","$v":"Woody"},{"$i":"notifier_bell","$v":"Bell"},{"$i":"notifier_donuts","$v":"Donuts"},{"$i":"notifier_que_paso","$v":"Such rhythm"},{"$i":"notifier_shake","$v":"Shake"},{"$i":"notifier_triple","$v":"Triple"},{"$i":"ringer_azalea","$v":"Azalea"},{"$i":"ringer_bloom","$v":"Bloom"},{"$i":"ringer_blove","$v":"Blove"},{"$i":"ringer_city_lights","$v":"City Lights"},{"$i":"ringer_dots","$v":"Dots"},{"$i":"ringer_flow","$v":"Flow"},{"$i":"ringer_fountain","$v":"Fountain"},{"$i":"ringer_fresh","$v":"Fresh"},{"$i":"ringer_firefox2","$v":[{"t":"idOrVar","v":"ringtoneBrandName"}]},{"$i":"ringer_illuminate","$v":"Illuminate"},{"$i":"ringer_incoming","$v":"Incoming"},{"$i":"ringer_silvery","$v":"Silvery"},{"$i":"ringer_now_or_never","$v":"Now or Never"},{"$i":"ringer_primary","$v":"Primary"},{"$i":"ringer_pure_guitar","$v":"Pure Guitar"},{"$i":"ringer_rounded","$v":"Rounded"},{"$i":"ringer_spring","$v":"Spring"},{"$i":"ringer_stargazer","$v":"Stargazer"},{"$i":"ringer_vaca","$v":"Vaca"},{"$i":"notifier_bells","$v":"Bells"},{"$i":"notifier_bloom","$v":"Bloom"},{"$i":"notifier_chime","$v":"Chime"},{"$i":"notifier_clicka","$v":"Clicka"},{"$i":"notifier_digi","$v":"Digi"},{"$i":"notifier_dropplet","$v":"Dropplet"},{"$i":"notifier_firefox2","$v":[{"t":"idOrVar","v":"ringtoneBrandName"}]},{"$i":"notifier_hello","$v":"Hello"},{"$i":"notifier_ping","$v":"Ping"},{"$i":"notifier_plickle","$v":"Plickle"},{"$i":"notifier_pocko","$v":"Pocko"},{"$i":"notifier_quado","$v":"Quado"},{"$i":"notifier_red","$v":"Red"},{"$i":"notifier_sato","$v":"Sato"},{"$i":"notifier_trickleup","$v":"Trickle Up"},{"$i":"notifier_trink","$v":"Trink"},{"$i":"notifier_verse","$v":"Verse"},{"$i":"NokiaTune","$v":"NokiaTune"},{"$i":"Arrival","$v":"Arrival"},{"$i":"Barbell","$v":"Barbell"},{"$i":"Bird","$v":"Bird"},{"$i":"Bounce","$v":"Bounce"},{"$i":"Brikabrak","$v":"Brikabrak"},{"$i":"Buzzer","$v":"Buzzer"},{"$i":"Cadenza","$v":"Cadenza"},{"$i":"Chirp","$v":"Chirp"},{"$i":"Delays","$v":"Delays"},{"$i":"Distance","$v":"Distance"},{"$i":"Earring","$v":"Earring"},{"$i":"Electronic","$v":"Electronic"},{"$i":"Imperial","$v":"Imperial"},{"$i":"Karimba","$v":"Karimba"},{"$i":"Marbles","$v":"Marbles"},{"$i":"Monkey_drum","$v":"Monkey drum"},{"$i":"Nostalgia","$v":"Nostalgia"},{"$i":"Ring_ring","$v":"Ring ring"},{"$i":"Spirals","$v":"Ring Spirals"},{"$i":"Stones","$v":"Stones"},{"$i":"Timer","$v":"Timer"},{"$i":"Tip_toe","$v":"Tip toe"},{"$i":"Institucional_Rubrica","$v":"Institucional Rubrica"},{"$i":"Calendar_1","$v":"Calendar_1"},{"$i":"Calendar_2","$v":"Calendar_2"},{"$i":"Calendar_3","$v":"Calendar_3"},{"$i":"Message_1","$v":"Message_1"},{"$i":"Message_2","$v":"Message_2"},{"$i":"Message_3","$v":"Message_3"},{"$i":"Message_4","$v":"Message_4"},{"$i":"Message_5","$v":"Message_5"},{"$i":"softkey-options","$v":"Opcije"}]