[{"$i":"manage-title-2","$v":"டோன்களை நிர்வகி"},{"$i":"actions-share-ringtone","$v":"ரிங்டோனை பகிரவும்"},{"$i":"actions-delete-ringtone","$v":"ரிங்டோனை நீக்குக"},{"$i":"actions-share-alerttone","$v":"அலர்ட்-ஐ பகிரவும்"},{"$i":"actions-delete-alerttone","$v":"அலர்ட்-ஐ நீக்குக"},{"$i":"actions-cancel","$v":"ரத்து செய்க"},{"$i":"delete-title-ringtone","$v":"ரிங்டோனை நீக்குக"},{"$i":"delete-title-alerttone","$v":"அலர்ட்-ஐ நீக்குக"},{"$i":"delete-desc","$v":["நீங்கள் நிச்சியமாக ",{"t":"idOrVar","v":"tone"},"-ஐ நீக்க விரும்புகிறீர்களா?"]},{"$i":"delete-desc-default-ringtone","$v":[{"t":"idOrVar","v":"tone"},"\" தற்போதைய டீஃபால்ட் ரிங்டோன்.\n\nநீங்கள் நிச்சயமாக அதனை நீக்க விரும்புகிறீர்களா?"]},{"$i":"delete-desc-default-alerttone","$v":[{"t":"idOrVar","v":"tone"},"\" தற்போதைய டீஃபால்ட் அலர்ட்.\n\nநீங்கள் நிச்சயமாக அதனை நீக்க விரும்புகிறீர்களா?"]},{"$i":"delete-cancel","$v":"ரத்து செய்க"},{"$i":"delete-confirm","$v":"நீக்கு"},{"$i":"deleted-ringtone","$v":"ரிங்டோன் நீக்கப்பட்டது."},{"$i":"deleted-alerttone","$v":"அலர்ட் நீக்கப்பட்டது."},{"$i":"created-tone","$v":"ரிங்டோன் உருவாக்கப்பட்டது."},{"$i":"set-default-tone","$v":"ரிங்டோன் டீஃபால்ட் ஆக அமைக்கப்பட்டது."},{"$i":"file-saved","$v":"ரிங்டோனாக சேமிக்கப்பட்டது."},{"$i":"file-has-saved","$v":"முன்பு ரிங்டோனாக சேமிக்கப்பட்டது."},{"$i":"file-set-as-default-ringtone","$v":"டீபால்ட் ரிங்டோனாக சேமிக்கப்பட்டது."},{"$i":"file-size-is-too-large","$v":"உருவாக்கப்படவில்லை. ஃபைல் அளவு மிக பெரியது."},{"$i":"sd-card-subtitle","$v":"SD கார்டு"},{"$i":"confirmation","$v":"உறுதிப்படுத்துதல்"},{"$i":"pick-title","$v":"ஒலியைத் தேர்ந்தெடு"},{"$i":"pick-set","$v":"அமை"},{"$i":"system-ringtones","$v":"சிஸ்டம் ரிங்டோன்கள்"},{"$i":"my-ringtones","$v":"எனது ரிங்டோன்கள்"},{"$i":"notice-alerts","$v":"நோட்டீஸ் அலர்ட்கள்"},{"$i":"section-title-builtin-ringtone","$v":"சிஸ்டம் ரிங்டோன்கள்"},{"$i":"section-title-builtin-alerttone","$v":"சிஸ்டம் அலர்ட்கள்"},{"$i":"section-header-title-ringtone","$v":"ரிங்டோன்கள்"},{"$i":"section-header-title-alerttone","$v":"நோட்டீஸ் அலர்ட்கள்"},{"$i":"section-title-custom-ringtone","$v":"எனது ரிங்டோன்கள்"},{"$i":"section-title-custom-alerttone","$v":"எனது அலர்ட்-கள்"},{"$i":"create-title","$v":"ரிங்டோனாக சேமி"},{"$i":"create-save","$v":"சேமி"},{"$i":"create-cancel","$v":"ரத்து செய்க"},{"$i":"create-select","$v":"தேர்ந்தெடு"},{"$i":"create-deselect","$v":"தேர்வுநீக்கு"},{"$i":"play-error-title","$v":"சிதைந்த ஃபைல்"},{"$i":"play-error-desc","$v":"ஃபைல் சிதைந்துள்ளது. ரிங்டோனை உருவாக்க இதை பயன்படுத்த முடியாது."},{"$i":"save-error-title","$v":"ரிங்டோன் உருவாக்கப்படவில்லை"},{"$i":"save-error-desc","$v":"ரிங்டோனை உருவாக்குவதில் சிக்கல் ஏற்பட்டது. தயவுசெய்து மீண்டும் முயலவும்."},{"$i":"save-file-large","$v":"கோப்பு அளவு மிகப் பெரியது."},{"$i":"default-label","$v":"டிஃபால்ட் ரிங்டோனாக அமைக்கவும்"},{"$i":"ok","$v":"சரி"},{"$i":"ringtone-untitled","$v":"பெயரிடப்படாதது"},{"$i":"options","$v":"விருப்பங்கள்"},{"$i":"play","$v":"இயக்கு"},{"$i":"stop","$v":"நிறுத்து"},{"$i":"share","$v":"பகிர்"},{"$i":"delete","$v":"நீக்கு"},{"$i":"cancel","$v":"ரத்து செய்க"},{"$i":"select","$v":"தேர்ந்தெடு"},{"$i":"add","$v":"சேர்க்கவும்"},{"$i":"no-ringtones","$v":"ரிங்டோன்கள் இல்லை"},{"$i":"no-ringtones-warning","$v":"ரிங்டோன்கள் இல்லை. உங்கள் மியூசிக்-இலிருந்து ஒரு ரிங்டோன்-ஐ சேர்க்க, சேர் என்பதை அழுத்தவும்."},{"$i":"add-ringtone","$v":"ரிங்டோனை சேர்"},{"$i":"brandShortName","$v":"KaiOS"},{"$i":"browserBrandShortName","$v":"Web Browser"},{"$i":"browserBrandFullName","$v":"Mozilla Web Browser"},{"$i":"ringtoneBrandName","$v":"Default"},{"$i":"ringtoneSectionBrandName","$v":"System"},{"$i":"ringtone-none","$v":"எதுவுமில்லை"},{"$i":"ringer_adventure","$v":"அட்வென்ச்சர்"},{"$i":"ringer_africa","$v":"ஆப்பிரிக்கா"},{"$i":"ringer_bounce","$v":"பவுன்ஸ்"},{"$i":"ringer_disco","$v":"டிஸ்கோ"},{"$i":"ringer_kai","$v":"காய்"},{"$i":"ringer_office","$v":"ஆபீஸ்"},{"$i":"ringer_techno","$v":"டெக்னோ"},{"$i":"ringer_woody","$v":"வூடி"},{"$i":"notifier_bell","$v":"பெல்"},{"$i":"notifier_donuts","$v":"டோநட்ஸ்"},{"$i":"notifier_que_paso","$v":"க்யு பாசோ"},{"$i":"notifier_shake","$v":"ஷேக்"},{"$i":"notifier_triple","$v":"ட்ரிபிள்"},{"$i":"ringer_azalea","$v":"ஆஸெலா"},{"$i":"ringer_bloom","$v":"ப்ளூம்"},{"$i":"ringer_blove","$v":"ப்ளூவ்"},{"$i":"ringer_city_lights","$v":"சிட்டி லைட்ஸ்"},{"$i":"ringer_dots","$v":"டாட்ஸ்"},{"$i":"ringer_flow","$v":"ஃப்லோ"},{"$i":"ringer_fountain","$v":"பவுண்டேன்"},{"$i":"ringer_fresh","$v":"ஃபிரெஷ்"},{"$i":"ringer_firefox2","$v":[{"t":"idOrVar","v":"ringtoneBrandName"}]},{"$i":"ringer_illuminate","$v":"இலுமினேட்"},{"$i":"ringer_incoming","$v":"இன்கமிங்"},{"$i":"ringer_silvery","$v":"சில்வரி"},{"$i":"ringer_now_or_never","$v":"இப்போது செய் அல்லது ஒருபோதும் வேண்டாம்"},{"$i":"ringer_primary","$v":"ப்ரைமரி"},{"$i":"ringer_pure_guitar","$v":"பியூர் கிட்டார்"},{"$i":"ringer_rounded","$v":"ரவுண்டட்"},{"$i":"ringer_spring","$v":"ஸ்ப்ரிங்"},{"$i":"ringer_stargazer","$v":"ஸ்டார்கெஸர்"},{"$i":"ringer_vaca","$v":"வாகா"},{"$i":"notifier_bells","$v":"பெல்ஸ்"},{"$i":"notifier_bloom","$v":"ப்ளூம்"},{"$i":"notifier_chime","$v":"ஷிம்"},{"$i":"notifier_clicka","$v":"கிளிக்கா"},{"$i":"notifier_digi","$v":"டிஜி"},{"$i":"notifier_dropplet","$v":"நீர்த்துளி"},{"$i":"notifier_firefox2","$v":[{"t":"idOrVar","v":"ringtoneBrandName"}]},{"$i":"notifier_hello","$v":"ஹலோ"},{"$i":"notifier_ping","$v":"தொடர்புகொள்"},{"$i":"notifier_plickle","$v":"பிளிக்கில்"},{"$i":"notifier_pocko","$v":"பாக்கோ"},{"$i":"notifier_quado","$v":"குவாடோ"},{"$i":"notifier_red","$v":"ரெட்"},{"$i":"notifier_sato","$v":"ஸாடோ"},{"$i":"notifier_trickleup","$v":"ட்ரிக்கிள் அப்"},{"$i":"notifier_trink","$v":"ட்ரின்க்"},{"$i":"notifier_verse","$v":"வேர்ஸ்"},{"$i":"NokiaTune","$v":"NokiaTune"},{"$i":"Arrival","$v":"Arrival"},{"$i":"Barbell","$v":"Barbell"},{"$i":"Bird","$v":"Bird"},{"$i":"Bounce","$v":"Bounce"},{"$i":"Brikabrak","$v":"Brikabrak"},{"$i":"Buzzer","$v":"Buzzer"},{"$i":"Cadenza","$v":"Cadenza"},{"$i":"Chirp","$v":"Chirp"},{"$i":"Delays","$v":"Delays"},{"$i":"Distance","$v":"Distance"},{"$i":"Earring","$v":"Earring"},{"$i":"Electronic","$v":"Electronic"},{"$i":"Imperial","$v":"Imperial"},{"$i":"Karimba","$v":"Karimba"},{"$i":"Marbles","$v":"Marbles"},{"$i":"Monkey_drum","$v":"Monkey drum"},{"$i":"Nostalgia","$v":"Nostalgia"},{"$i":"Ring_ring","$v":"Ring ring"},{"$i":"Spirals","$v":"Ring Spirals"},{"$i":"Stones","$v":"Stones"},{"$i":"Timer","$v":"Timer"},{"$i":"Tip_toe","$v":"Tip toe"},{"$i":"Institucional_Rubrica","$v":"Institucional Rubrica"},{"$i":"Calendar_1","$v":"Calendar_1"},{"$i":"Calendar_2","$v":"Calendar_2"},{"$i":"Calendar_3","$v":"Calendar_3"},{"$i":"Message_1","$v":"Message_1"},{"$i":"Message_2","$v":"Message_2"},{"$i":"Message_3","$v":"Message_3"},{"$i":"Message_4","$v":"Message_4"},{"$i":"Message_5","$v":"Message_5"},{"$i":"softkey-options","$v":"விருப்பங்கள்"}]