[{"$i":"manage-title-2","$v":"管理鈴聲"},{"$i":"actions-share-ringtone","$v":"分享鈴聲"},{"$i":"actions-delete-ringtone","$v":"刪除鈴聲"},{"$i":"actions-share-alerttone","$v":"分享提示"},{"$i":"actions-delete-alerttone","$v":"刪除提示"},{"$i":"actions-cancel","$v":"取消"},{"$i":"delete-title-ringtone","$v":"刪除鈴聲"},{"$i":"delete-title-alerttone","$v":"刪除提示"},{"$i":"delete-desc","$v":["確認要刪除「",{"t":"idOrVar","v":"tone"},"」？"]},{"$i":"delete-desc-default-ringtone","$v":["「",{"t":"idOrVar","v":"tone"},"」是目前的預設鈴聲。\n\n是否確定要將其刪除？"]},{"$i":"delete-desc-default-alerttone","$v":["「",{"t":"idOrVar","v":"tone"},"」是目前的預設提示。\n\n是否確定要將其刪除？"]},{"$i":"delete-cancel","$v":"取消"},{"$i":"delete-confirm","$v":"刪除"},{"$i":"deleted-ringtone","$v":"鈴聲已刪除。"},{"$i":"deleted-alerttone","$v":"提示已刪除。"},{"$i":"created-tone","$v":"鈴聲已建立。"},{"$i":"set-default-tone","$v":"鈴聲已設為預設。"},{"$i":"file-saved","$v":"已另存為鈴聲。"},{"$i":"file-has-saved","$v":"之前已保存為鈴聲。"},{"$i":"file-set-as-default-ringtone","$v":"保存為默認鈴聲。"},{"$i":"file-size-is-too-large","$v":"未創建。檔案太大。"},{"$i":"sd-card-subtitle","$v":"SD卡"},{"$i":"confirmation","$v":"確認"},{"$i":"pick-title","$v":"選取聲音"},{"$i":"pick-set","$v":"設定"},{"$i":"system-ringtones","$v":"系統鈴聲"},{"$i":"my-ringtones","$v":"我的鈴聲"},{"$i":"notice-alerts","$v":"通知提示"},{"$i":"section-title-builtin-ringtone","$v":"系統鈴聲"},{"$i":"section-title-builtin-alerttone","$v":"系統提示"},{"$i":"section-header-title-ringtone","$v":"鈴聲"},{"$i":"section-header-title-alerttone","$v":"通知提示"},{"$i":"section-title-custom-ringtone","$v":"我的鈴聲"},{"$i":"section-title-custom-alerttone","$v":"我的提示"},{"$i":"create-title","$v":"另存為鈴聲"},{"$i":"create-save","$v":"儲存"},{"$i":"create-cancel","$v":"取消"},{"$i":"create-select","$v":"選取"},{"$i":"create-deselect","$v":"取消選取"},{"$i":"play-error-title","$v":"已損毀的檔案"},{"$i":"play-error-desc","$v":"檔案已損毀。無法用於建立鈴聲。"},{"$i":"save-error-title","$v":"鈴聲未建立"},{"$i":"save-error-desc","$v":"建立鈴聲時發生問題。請再試一次。"},{"$i":"save-file-large","$v":"檔案太大。"},{"$i":"default-label","$v":"設為默認鈴聲"},{"$i":"ok","$v":"確認"},{"$i":"ringtone-untitled","$v":"未命名"},{"$i":"options","$v":"選項"},{"$i":"play","$v":"播放"},{"$i":"stop","$v":"停止"},{"$i":"share","$v":"分享"},{"$i":"delete","$v":"刪除"},{"$i":"cancel","$v":"取消"},{"$i":"select","$v":"選取"},{"$i":"add","$v":"增加"},{"$i":"no-ringtones","$v":"無鈴聲"},{"$i":"no-ringtones-warning","$v":"無鈴聲。按「增加」從音樂增加鈴聲。"},{"$i":"add-ringtone","$v":"增加鈴聲"},{"$i":"brandShortName","$v":"KaiOS"},{"$i":"browserBrandShortName","$v":"Web Browser"},{"$i":"browserBrandFullName","$v":"Mozilla Web Browser"},{"$i":"ringtoneBrandName","$v":"Default"},{"$i":"ringtoneSectionBrandName","$v":"System"},{"$i":"ringtone-none","$v":"無"},{"$i":"ringer_adventure","$v":"Adventure"},{"$i":"ringer_africa","$v":"Africa"},{"$i":"ringer_bounce","$v":"Bounce"},{"$i":"ringer_disco","$v":"Disco"},{"$i":"ringer_kai","$v":"凱"},{"$i":"ringer_office","$v":"Office"},{"$i":"ringer_techno","$v":"Techno"},{"$i":"ringer_woody","$v":"Woody"},{"$i":"notifier_bell","$v":"Bell"},{"$i":"notifier_donuts","$v":"Donuts"},{"$i":"notifier_que_paso","$v":"Such rhythm"},{"$i":"notifier_shake","$v":"Shake"},{"$i":"notifier_triple","$v":"Triple"},{"$i":"ringer_azalea","$v":"Azalea"},{"$i":"ringer_bloom","$v":"Bloom"},{"$i":"ringer_blove","$v":"Blove"},{"$i":"ringer_city_lights","$v":"City Lights"},{"$i":"ringer_dots","$v":"Dots"},{"$i":"ringer_flow","$v":"Flow"},{"$i":"ringer_fountain","$v":"Fountain"},{"$i":"ringer_fresh","$v":"Fresh"},{"$i":"ringer_firefox2","$v":[{"t":"idOrVar","v":"ringtoneBrandName"}]},{"$i":"ringer_illuminate","$v":"Illuminate"},{"$i":"ringer_incoming","$v":"來電"},{"$i":"ringer_silvery","$v":"Silvery"},{"$i":"ringer_now_or_never","$v":"Now or Never"},{"$i":"ringer_primary","$v":"主要"},{"$i":"ringer_pure_guitar","$v":"Pure Guitar"},{"$i":"ringer_rounded","$v":"Rounded"},{"$i":"ringer_spring","$v":"Spring"},{"$i":"ringer_stargazer","$v":"Stargazer"},{"$i":"ringer_vaca","$v":"Vaca"},{"$i":"notifier_bells","$v":"Bells"},{"$i":"notifier_bloom","$v":"Bloom"},{"$i":"notifier_chime","$v":"Chime"},{"$i":"notifier_clicka","$v":"Clicka"},{"$i":"notifier_digi","$v":"Digi"},{"$i":"notifier_dropplet","$v":"Dropplet"},{"$i":"notifier_firefox2","$v":[{"t":"idOrVar","v":"ringtoneBrandName"}]},{"$i":"notifier_hello","$v":"Hello"},{"$i":"notifier_ping","$v":"Ping"},{"$i":"notifier_plickle","$v":"Plickle"},{"$i":"notifier_pocko","$v":"Pocko"},{"$i":"notifier_quado","$v":"Quado"},{"$i":"notifier_red","$v":"紅色"},{"$i":"notifier_sato","$v":"Sato"},{"$i":"notifier_trickleup","$v":"Trickle Up"},{"$i":"notifier_trink","$v":"Trink"},{"$i":"notifier_verse","$v":"Verse"},{"$i":"NokiaTune","$v":"NokiaTune"},{"$i":"Arrival","$v":"Arrival"},{"$i":"Barbell","$v":"Barbell"},{"$i":"Bird","$v":"Bird"},{"$i":"Bounce","$v":"Bounce"},{"$i":"Brikabrak","$v":"Brikabrak"},{"$i":"Buzzer","$v":"Buzzer"},{"$i":"Cadenza","$v":"Cadenza"},{"$i":"Chirp","$v":"Chirp"},{"$i":"Delays","$v":"Delays"},{"$i":"Distance","$v":"Distance"},{"$i":"Earring","$v":"Earring"},{"$i":"Electronic","$v":"Electronic"},{"$i":"Imperial","$v":"Imperial"},{"$i":"Karimba","$v":"Karimba"},{"$i":"Marbles","$v":"Marbles"},{"$i":"Monkey_drum","$v":"Monkey drum"},{"$i":"Nostalgia","$v":"Nostalgia"},{"$i":"Ring_ring","$v":"Ring ring"},{"$i":"Spirals","$v":"Ring Spirals"},{"$i":"Stones","$v":"Stones"},{"$i":"Timer","$v":"Timer"},{"$i":"Tip_toe","$v":"Tip toe"},{"$i":"Institucional_Rubrica","$v":"Institucional Rubrica"},{"$i":"Calendar_1","$v":"Calendar_1"},{"$i":"Calendar_2","$v":"Calendar_2"},{"$i":"Calendar_3","$v":"Calendar_3"},{"$i":"Message_1","$v":"Message_1"},{"$i":"Message_2","$v":"Message_2"},{"$i":"Message_3","$v":"Message_3"},{"$i":"Message_4","$v":"Message_4"},{"$i":"Message_5","$v":"Message_5"},{"$i":"softkey-options","$v":"選項"}]