[{"$i":"filemanager","$v":"Lêerbestuurder"},{"$i":"internal","$v":"Interne"},{"$i":"sdcard","$v":"SD-kaart"},{"$i":"no-files","$v":"Hierdie omslag is leeg."},{"$i":"not-support-header","$v":"Kan nie oopmaak nie"},{"$i":"not-support-content","$v":"Hierdie lêerformaat is ongeldig of word nie ondersteun nie."},{"$i":"confirmation-header","$v":"Bevestiging"},{"$i":"delete-file-content","$v":["Wil jy die ",{"t":"idOrVar","v":"fileName"},"-lêer skrap?"]},{"$i":"delete-folder-content","$v":["Alle items in die gekose vouer sal geskrap word. Wil jy die ",{"t":"idOrVar","v":"fileName"},"-vouer skrap?"]},{"$i":"copy-move-header","$v":"Kies teikenomslag"},{"$i":"number-selected","$v":{"few":[{"t":"idOrVar","v":"number"}," Gekies"],"many":[{"t":"idOrVar","v":"number"}," Gekies"],"one":[{"t":"idOrVar","v":"number"}," Gekies"],"other":[{"t":"idOrVar","v":"number"}," Gekies"],"two":[{"t":"idOrVar","v":"number"}," Gekies"],"zero":[{"t":"idOrVar","v":"number"}," Gekies"]},"$x":[{"t":"idOrVar","v":"plural"},"number"]},{"$i":"delete-all-folder","$v":"Alle items in die gekose vouer sal geskrap word. Wil jy die gekose items skrap?"},{"$i":"delete-all-file","$v":"Wil jy die gekose lêers skrap?"},{"$i":"search-in","$v":"Soek tans in ..."},{"$i":"search-current","$v":"Slegs die huidige omslag"},{"$i":"search-internal","$v":"Interne"},{"$i":"search-sdcard","$v":"SD-kaart"},{"$i":"search-header","$v":["Soek: ",{"t":"idOrVar","v":"keyword"}]},{"$i":"file-exist","$v":[{"t":"idOrVar","v":"fileName"}," bestaan reeds in hierdie ligging. Wil jy beide items behou?"]},{"$i":"paste-error","$v":"Kan nie vouer na binne homself plak nie."},{"$i":"move-error","$v":"Kan nie vouer na binne homself skuif nie."},{"$i":"new-folder-error","$v":["Die naam ",{"t":"idOrVar","v":"folderName"}," is reeds gevat. Kies ’n ander naam."]},{"$i":"searching","$v":"Soek tans ..."},{"$i":"loading","$v":"Laai tans ..."},{"$i":"search-empty","$v":"Nie gevind nie"},{"$i":"new-folder-invalid","$v":["Die naam ",{"t":"idOrVar","v":"folderName"}," is ongeldig. Kies ’n ander naam."]},{"$i":"progress-head-copy","$v":"Besig om te kopieer"},{"$i":"progress-content-copy","$v":"Besig om item te kopieer"},{"$i":"progress-head-move","$v":"Besig om te skuif"},{"$i":"progress-content-move","$v":"Besig om item te skuif"},{"$i":"unsupport-folder-name","$v":{"$o":"Kan nie ’n naam gebruik wat nie-ondersteunde karakters bevat nie: \\/:*?\"<>|"}},{"$i":"unsupport-string","$v":{"$o":["Kan nie ’n lêer met die naam wat nieondersteunde karakters bevat, ",{"t":"idOrVar","v":"name"}," nie: \\/:*?\"<>|"]}},{"$i":"not-enough-space","$v":"Nie genoeg spasie beskikbaar nie"},{"$i":"error-while-moving","$v":"Fout terwyl verskuiwing"},{"$i":"error-while-copying","$v":"Fout terwyl gekopieer"},{"$i":"rename-not-suffix","$v":"Lêer kan moontlik nie oopgemaak word nadat lêeruitbreiding verander is nie. Verander in elk geval?"},{"$i":"open","$v":"Maak oop"},{"$i":"options","$v":"Opsies"},{"$i":"ok","$v":"Goed"},{"$i":"cancel","$v":"Kanselleer"},{"$i":"change","$v":"Verander"},{"$i":"paste","$v":"Plak"},{"$i":"select","$v":"Kies"},{"$i":"deselect","$v":"Deselekteer"},{"$i":"replace","$v":"Vervang"},{"$i":"keep-both","$v":"Hou beide"},{"$i":"delete","$v":"Skrap"},{"$i":"copy","$v":"Kopieer"},{"$i":"move","$v":"Verskuif"},{"$i":"rename","$v":"Hernoem"},{"$i":"select-items","$v":"Kies items"},{"$i":"new-folder","$v":"Nuwe omslag"},{"$i":"search","$v":"Soek"},{"$i":"refresh","$v":"Verfris"},{"$i":"details","$v":"Besonderhede"},{"$i":"share","$v":"Deel"},{"$i":"select-all","$v":"Kies almal"},{"$i":"deselect-all","$v":"Deselekteer almal"},{"$i":"detail-header","$v":"Besonderhede"},{"$i":"detail-name","$v":"Naam"},{"$i":"detail-location","$v":"Ligging"},{"$i":"detail-type","$v":"Soort"},{"$i":"detail-created","$v":"Geskep"},{"$i":"detail-size","$v":"Grootte"},{"$i":"folder","$v":"omslag"},{"$i":"type-unknow","$v":"onbekend"},{"$i":"B","$v":"B"},{"$i":"KB","$v":"KB"},{"$i":"MB","$v":"MG"},{"$i":"GB","$v":"GB"},{"$i":"item-deleted","$v":"Item geskrap."},{"$i":"items-deleted","$v":"Items geskrap."},{"$i":"item-copied","$v":"Item gekopieer."},{"$i":"items-copied","$v":"Items gekopieer."},{"$i":"item-moved","$v":"Item verskuif."},{"$i":"items-moved","$v":"Items verskuif."},{"$i":"file-renamed","$v":"Lêer hernoem."},{"$i":"folder-renamed","$v":"Vouer hernoem."},{"$i":"folder-created","$v":"Vouer geskep."},{"$i":"refresh-completed","$v":"Klaar herlaai."},{"$i":"itmes-not-copied","$v":[{"t":"idOrVar","v":"num"}," items is nie gekopieer nie."]},{"$i":"itmes-not-moved","$v":[{"t":"idOrVar","v":"num"}," items is nie verskuif nie."]},{"$i":"weekday-0-long","$v":"Sondag"},{"$i":"weekday-1-long","$v":"Maandag"},{"$i":"weekday-2-long","$v":"Dinsdag"},{"$i":"weekday-3-long","$v":"Woensdag"},{"$i":"weekday-4-long","$v":"Donderdag"},{"$i":"weekday-5-long","$v":"Vrydag"},{"$i":"weekday-6-long","$v":"Saterdag"},{"$i":"weekday-0-short","$v":"So"},{"$i":"weekday-1-short","$v":"Ma"},{"$i":"weekday-2-short","$v":"Di"},{"$i":"weekday-3-short","$v":"Wo"},{"$i":"weekday-4-short","$v":"Do"},{"$i":"weekday-5-short","$v":"Vr"},{"$i":"weekday-6-short","$v":"Sa"},{"$i":"month-0-long","$v":"Januarie"},{"$i":"month-1-long","$v":"Februarie"},{"$i":"month-2-long","$v":"Maart"},{"$i":"month-3-long","$v":"April"},{"$i":"month-4-long","$v":"Mei"},{"$i":"month-5-long","$v":"Junie"},{"$i":"month-6-long","$v":"Julie"},{"$i":"month-7-long","$v":"Augustus"},{"$i":"month-8-long","$v":"September"},{"$i":"month-9-long","$v":"Oktober"},{"$i":"month-10-long","$v":"November"},{"$i":"month-11-long","$v":"Desember"},{"$i":"month-0-genitive","$v":"Januarie"},{"$i":"month-1-genitive","$v":"Februarie"},{"$i":"month-2-genitive","$v":"Maart"},{"$i":"month-3-genitive","$v":"April"},{"$i":"month-4-genitive","$v":"Mei"},{"$i":"month-5-genitive","$v":"Junie"},{"$i":"month-6-genitive","$v":"Julie"},{"$i":"month-7-genitive","$v":"Augustus"},{"$i":"month-8-genitive","$v":"September"},{"$i":"month-9-genitive","$v":"Oktober"},{"$i":"month-10-genitive","$v":"November"},{"$i":"month-11-genitive","$v":"Desember"},{"$i":"month-0-short","$v":"Jan"},{"$i":"month-1-short","$v":"Feb"},{"$i":"month-2-short","$v":"Mrt"},{"$i":"month-3-short","$v":"Apr"},{"$i":"month-4-short","$v":"Mei"},{"$i":"month-5-short","$v":"Jun"},{"$i":"month-6-short","$v":"Jul"},{"$i":"month-7-short","$v":"Aug"},{"$i":"month-8-short","$v":"Sep"},{"$i":"month-9-short","$v":"Okt"},{"$i":"month-10-short","$v":"Nov"},{"$i":"month-11-short","$v":"Des"},{"$i":"minutes-ago-long","$v":{"few":[{"t":"idOrVar","v":"value"},"minute gelede"],"many":[{"t":"idOrVar","v":"value"},"minute gelede"],"other":[{"t":"idOrVar","v":"value"},"minute gelede"],"two":[{"t":"idOrVar","v":"value"},"minute gelede"],"one":"‘n minuut gelede","zero":"Nou-nou"},"$x":[{"t":"idOrVar","v":"plural"},"value"]},{"$i":"hours-ago-long","$v":{"few":[{"t":"idOrVar","v":"value"}," ure gelede"],"many":[{"t":"idOrVar","v":"value"}," ure gelede"],"other":[{"t":"idOrVar","v":"value"}," ure gelede"],"two":[{"t":"idOrVar","v":"value"}," ure gelede"],"one":"‘n uur gelede","zero":"Nou-nou"},"$x":[{"t":"idOrVar","v":"plural"},"value"]},{"$i":"days-ago-long","$v":{"few":[{"t":"idOrVar","v":"value"}," dae gelede"],"many":[{"t":"idOrVar","v":"value"}," dae gelede"],"one":"gister","other":[{"t":"idOrVar","v":"value"}," dae gelede"],"two":[{"t":"idOrVar","v":"value"}," dae gelede"],"zero":"Vandag"},"$x":[{"t":"idOrVar","v":"plural"},"value"]},{"$i":"weeks-ago-long","$v":{"few":[{"t":"idOrVar","v":"value"}," weke gelede"],"many":[{"t":"idOrVar","v":"value"}," weke gelede"],"one":"Verlede week","other":[{"t":"idOrVar","v":"value"}," weke gelede"],"two":[{"t":"idOrVar","v":"value"}," weke gelede"],"zero":"Hierdie week"},"$x":[{"t":"idOrVar","v":"plural"},"value"]},{"$i":"months-ago-long","$v":{"few":[{"t":"idOrVar","v":"value"}," maande gelede"],"many":[{"t":"idOrVar","v":"value"}," maande gelede"],"one":"Verlede maand","other":[{"t":"idOrVar","v":"value"}," maande gelede"],"two":[{"t":"idOrVar","v":"value"}," maande gelede"],"zero":"hierdie maand"},"$x":[{"t":"idOrVar","v":"plural"},"value"]},{"$i":"years-ago-long","$v":{"few":[{"t":"idOrVar","v":"value"}," jare gelede"],"many":[{"t":"idOrVar","v":"value"}," jare gelede"],"one":"Verlede jaar","other":[{"t":"idOrVar","v":"value"}," jare gelede"],"two":[{"t":"idOrVar","v":"value"}," jare gelede"],"zero":"Hierdie jaar"},"$x":[{"t":"idOrVar","v":"plural"},"value"]},{"$i":"minutes-until-long","$v":{"few":["In ",{"t":"idOrVar","v":"value"}," minute"],"many":["In ",{"t":"idOrVar","v":"value"}," minute"],"other":["In ",{"t":"idOrVar","v":"value"}," minute"],"two":["In ",{"t":"idOrVar","v":"value"}," minute"],"zero":"Nou","one":"In ‘n minuut"},"$x":[{"t":"idOrVar","v":"plural"},"value"]},{"$i":"hours-until-long","$v":{"few":["In ",{"t":"idOrVar","v":"value"}," ure"],"many":["In ",{"t":"idOrVar","v":"value"}," ure"],"other":["In ",{"t":"idOrVar","v":"value"}," ure"],"two":["In ",{"t":"idOrVar","v":"value"}," ure"],"zero":"Nou","one":"In ‘n uur"},"$x":[{"t":"idOrVar","v":"plural"},"value"]},{"$i":"days-until-long","$v":{"few":["In ",{"t":"idOrVar","v":"value"}," dae"],"many":["In ",{"t":"idOrVar","v":"value"}," dae"],"one":"môre","other":["In ",{"t":"idOrVar","v":"value"}," dae"],"two":["In ",{"t":"idOrVar","v":"value"}," dae"],"zero":"Vandag"},"$x":[{"t":"idOrVar","v":"plural"},"value"]},{"$i":"weeks-until-long","$v":{"few":["In ",{"t":"idOrVar","v":"value"}," weke"],"many":["In ",{"t":"idOrVar","v":"value"}," weke"],"one":"volgende week","other":["In ",{"t":"idOrVar","v":"value"}," weke"],"two":["In ",{"t":"idOrVar","v":"value"}," weke"],"zero":"Hierdie week"},"$x":[{"t":"idOrVar","v":"plural"},"value"]},{"$i":"months-until-long","$v":{"few":["In ",{"t":"idOrVar","v":"value"}," maande"],"many":["In ",{"t":"idOrVar","v":"value"}," maande"],"one":"Volgende maand","other":["In ",{"t":"idOrVar","v":"value"}," maande"],"two":["In ",{"t":"idOrVar","v":"value"}," maande"],"zero":"hierdie maand"},"$x":[{"t":"idOrVar","v":"plural"},"value"]},{"$i":"years-until-long","$v":{"few":["In ",{"t":"idOrVar","v":"value"}," jare"],"many":["In ",{"t":"idOrVar","v":"value"}," jare"],"one":"Volgende jaar","other":["In ",{"t":"idOrVar","v":"value"}," jare"],"two":["In ",{"t":"idOrVar","v":"value"}," jare"],"zero":"Hierdie jaar"},"$x":[{"t":"idOrVar","v":"plural"},"value"]},{"$i":"minutes-ago-short","$v":{"other":[{"t":"idOrVar","v":"value"},"m gelede"],"zero":"Nou-nou"},"$x":[{"t":"idOrVar","v":"plural"},"value"]},{"$i":"hours-ago-short","$v":{"other":[{"t":"idOrVar","v":"value"},"u gelede"],"zero":"Nou-nou"},"$x":[{"t":"idOrVar","v":"plural"},"value"]},{"$i":"days-ago-short","$v":{"other":[{"t":"idOrVar","v":"value"},"d gelede"],"zero":"Vandag"},"$x":[{"t":"idOrVar","v":"plural"},"value"]},{"$i":"minutes-until-short","$v":{"other":["In ",{"t":"idOrVar","v":"value"},"m"],"zero":"Nou"},"$x":[{"t":"idOrVar","v":"plural"},"value"]},{"$i":"hours-until-short","$v":{"other":["In ",{"t":"idOrVar","v":"value"}," u"],"zero":"Nou"},"$x":[{"t":"idOrVar","v":"plural"},"value"]},{"$i":"days-until-short","$v":{"other":["In ",{"t":"idOrVar","v":"value"},"d"],"zero":"Vandag"},"$x":[{"t":"idOrVar","v":"plural"},"value"]},{"$i":"incorrectDate","$v":"(verkeerde datum)"},{"$i":"dateTimeFormat_%c","$v":"%a %b %e %Y %I:%M:%S %p"},{"$i":"dateTimeFormat_%x","$v":"%m/%d/%Y"},{"$i":"dateTimeFormat_%X","$v":"%I:%M:%S %p"},{"$i":"shortTimeFormat","$v":"%I:%M %p"},{"$i":"shortTimeFormat12","$v":"%I:%M %p"},{"$i":"shortTimeFormat24","$v":"%H:%M"},{"$i":"shortDateTimeFormat","$v":"%X %I:%M %p"},{"$i":"weekStartsOnMonday","$v":"0.0"},{"$i":"firstDayOfTheWeek","$v":"0.0"},{"$i":"time_am","$v":"VM"},{"$i":"time_pm","$v":"NM"}]