[{"$i":"filemanager","$v":"Fayl Meneceri"},{"$i":"internal","$v":"Daxili"},{"$i":"sdcard","$v":"SD Kart"},{"$i":"no-files","$v":"Bu qovluq boşdur."},{"$i":"not-support-header","$v":"Açmaq mümkün deyil"},{"$i":"not-support-content","$v":"Fayl formatı yanlışdır və ya dəstəklənmir."},{"$i":"confirmation-header","$v":"Təsdiq"},{"$i":"delete-file-content","$v":[{"t":"idOrVar","v":"fileName"}," faylı silinsin?"]},{"$i":"delete-folder-content","$v":["Seçilmiş qovluqdakı bütün elementlər silinəcək. ",{"t":"idOrVar","v":"fileName"}," faylı silinsin?"]},{"$i":"copy-move-header","$v":"Hədəf Qovluğu seç"},{"$i":"number-selected","$v":{"few":[{"t":"idOrVar","v":"number"}," seçildi"],"many":[{"t":"idOrVar","v":"number"}," seçildi"],"one":[{"t":"idOrVar","v":"number"}," seçildi"],"other":[{"t":"idOrVar","v":"number"}," seçildi"],"two":[{"t":"idOrVar","v":"number"}," seçildi"],"zero":[{"t":"idOrVar","v":"number"}," seçildi"]},"$x":[{"t":"idOrVar","v":"plural"},"number"]},{"$i":"delete-all-folder","$v":"Seçilmiş qovluqdakı bütün elementlər silinəcək. Seçilmiş elementlər silinsin?"},{"$i":"delete-all-file","$v":"Seçilmiş elementlər silinsin?"},{"$i":"search-in","$v":"Axtarır"},{"$i":"search-current","$v":"Yalnız cari qovluq"},{"$i":"search-internal","$v":"Daxili"},{"$i":"search-sdcard","$v":"SD Kart"},{"$i":"search-header","$v":["Axtar: ",{"t":"idOrVar","v":"keyword"}]},{"$i":"file-exist","$v":[{"t":"idOrVar","v":"fileName"}," artıq bu məkanda mövcuddur. Hər iki element saxlanılsın?"]},{"$i":"paste-error","$v":"Qovluğu özünə yapışdırmaq mümkün deyil."},{"$i":"move-error","$v":"Qovluğu özünə köçürmək mümkün deyil."},{"$i":"new-folder-error","$v":[{"t":"idOrVar","v":"folderName"}," adı artıq istifadə edilib. Başqa ad seçin."]},{"$i":"searching","$v":"Axtarılır..."},{"$i":"loading","$v":"Yüklənir..."},{"$i":"search-empty","$v":"Tapılmadı"},{"$i":"new-folder-invalid","$v":[{"t":"idOrVar","v":"folderName"}," adı yanlışdır. Başqa bir ad seçin."]},{"$i":"progress-head-copy","$v":"Kopyalanır"},{"$i":"progress-content-copy","$v":"Element kopyalanır"},{"$i":"progress-head-move","$v":"Köçürülür"},{"$i":"progress-content-move","$v":"Element köçürülür"},{"$i":"unsupport-folder-name","$v":{"$o":"Dəstəklənməyən simvollardan ibarət addan istifadə etmək mümkün deyil: \\/:*?&quot;&lt;&gt;|"}},{"$i":"unsupport-string","$v":{"$o":["Dəstəklənməyən simvollar içərən ad ilə fayla ",{"t":"idOrVar","v":"name"}," adını vermək olmaz: \\/:*?\"<>|"]}},{"$i":"not-enough-space","$v":"Kifayət qədər boş yer yoxdur"},{"$i":"error-while-moving","$v":"Yerini dəyişərkən xəta oldu"},{"$i":"error-while-copying","$v":"Köçürərkən xəta oldu"},{"$i":"rename-not-suffix","$v":"Uzatmanı dəyişdikdən sonra faylı açmaq olmur. Yenə də dəyişdirilsin?"},{"$i":"open","$v":"Aç"},{"$i":"options","$v":"Seçimlər"},{"$i":"ok","$v":"OK"},{"$i":"cancel","$v":"Ləğv et"},{"$i":"change","$v":"Dəyiş"},{"$i":"paste","$v":"Yapışdırın"},{"$i":"select","$v":"Seçin"},{"$i":"deselect","$v":"Ləğv et"},{"$i":"replace","$v":"Əvəz et"},{"$i":"keep-both","$v":"Hər ikisini saxla"},{"$i":"delete","$v":"Sil"},{"$i":"copy","$v":"Surətini çıxar"},{"$i":"move","$v":"Köçür"},{"$i":"rename","$v":"Adını dəyişdir"},{"$i":"select-items","$v":"Elementlər seç"},{"$i":"new-folder","$v":"Yeni qovluq"},{"$i":"search","$v":"Axtar"},{"$i":"refresh","$v":"Yenilə"},{"$i":"details","$v":"Təfsilatlar"},{"$i":"share","$v":"Paylaş"},{"$i":"select-all","$v":"Hamısını seç"},{"$i":"deselect-all","$v":"Hamısını ləğv et"},{"$i":"detail-header","$v":"Təfsilatlar"},{"$i":"detail-name","$v":"Ad"},{"$i":"detail-location","$v":"Məkan"},{"$i":"detail-type","$v":"Yaz"},{"$i":"detail-created","$v":"Yaradılıb"},{"$i":"detail-size","$v":"Ölçü"},{"$i":"folder","$v":"qovluq"},{"$i":"type-unknow","$v":"naməlum"},{"$i":"B","$v":"B"},{"$i":"KB","$v":"KB"},{"$i":"MB","$v":"MB"},{"$i":"GB","$v":"GB"},{"$i":"item-deleted","$v":"Element silindi."},{"$i":"items-deleted","$v":"Məhsullar silindi."},{"$i":"item-copied","$v":"Sənəd kopyalandı."},{"$i":"items-copied","$v":"Məhsullar kopyalanır."},{"$i":"item-moved","$v":"Öhdəlik daşındı."},{"$i":"items-moved","$v":"Məhsullar köçürülüb."},{"$i":"file-renamed","$v":"Fayl adını dəyişdi."},{"$i":"folder-renamed","$v":"Qovluq dəyişdirildi."},{"$i":"folder-created","$v":"Qovluq yaradılıb."},{"$i":"refresh-completed","$v":"Yenilənmə bitdi."},{"$i":"itmes-not-copied","$v":[{"t":"idOrVar","v":"num"}," element kopyalanmadı."]},{"$i":"itmes-not-moved","$v":[{"t":"idOrVar","v":"num"}," element köçürülmədi."]},{"$i":"weekday-0-long","$v":"Bazar"},{"$i":"weekday-1-long","$v":"Bazar ertəsi"},{"$i":"weekday-2-long","$v":"Çərşənbə axşamı"},{"$i":"weekday-3-long","$v":"Çərşənbə"},{"$i":"weekday-4-long","$v":"Cümə axşamı"},{"$i":"weekday-5-long","$v":"Cümə"},{"$i":"weekday-6-long","$v":"Şənbə"},{"$i":"weekday-0-short","$v":"Bazar"},{"$i":"weekday-1-short","$v":"Bazar ertəsi"},{"$i":"weekday-2-short","$v":"Çərşənbə axşamı"},{"$i":"weekday-3-short","$v":"Çərşənbə"},{"$i":"weekday-4-short","$v":"Cümə axşamı"},{"$i":"weekday-5-short","$v":"Cüm"},{"$i":"weekday-6-short","$v":"Şənbə"},{"$i":"month-0-long","$v":"Yanvar"},{"$i":"month-1-long","$v":"Fevral"},{"$i":"month-2-long","$v":"Mart"},{"$i":"month-3-long","$v":"Aprel"},{"$i":"month-4-long","$v":"May"},{"$i":"month-5-long","$v":"İyun"},{"$i":"month-6-long","$v":"İyul"},{"$i":"month-7-long","$v":"Avqust"},{"$i":"month-8-long","$v":"Sentyabr"},{"$i":"month-9-long","$v":"Oktyabr"},{"$i":"month-10-long","$v":"Noyabr"},{"$i":"month-11-long","$v":"Dekabr"},{"$i":"month-0-genitive","$v":"Yanvar"},{"$i":"month-1-genitive","$v":"Fevral"},{"$i":"month-2-genitive","$v":"Mart"},{"$i":"month-3-genitive","$v":"Aprel"},{"$i":"month-4-genitive","$v":"May"},{"$i":"month-5-genitive","$v":"İyun"},{"$i":"month-6-genitive","$v":"İyul"},{"$i":"month-7-genitive","$v":"Avqust"},{"$i":"month-8-genitive","$v":"Sentyabr"},{"$i":"month-9-genitive","$v":"Oktyabr"},{"$i":"month-10-genitive","$v":"Noyabr"},{"$i":"month-11-genitive","$v":"Dekabr"},{"$i":"month-0-short","$v":"Yan"},{"$i":"month-1-short","$v":"Fev"},{"$i":"month-2-short","$v":"Mar"},{"$i":"month-3-short","$v":"Apr"},{"$i":"month-4-short","$v":"May"},{"$i":"month-5-short","$v":"İyun"},{"$i":"month-6-short","$v":"İyul"},{"$i":"month-7-short","$v":"Avq"},{"$i":"month-8-short","$v":"Sen"},{"$i":"month-9-short","$v":"Okt"},{"$i":"month-10-short","$v":"Noy"},{"$i":"month-11-short","$v":"Dek"},{"$i":"minutes-ago-long","$v":{"few":[{"t":"idOrVar","v":"value"}," dəqiqə əvvəl"],"many":[{"t":"idOrVar","v":"value"}," dəqiqə əvvəl"],"other":[{"t":"idOrVar","v":"value"}," dəqiqə əvvəl"],"two":[{"t":"idOrVar","v":"value"}," dəqiqə əvvəl"],"one":"bir dəqiqə əvvəl","zero":"indicə"},"$x":[{"t":"idOrVar","v":"plural"},"value"]},{"$i":"hours-ago-long","$v":{"few":[{"t":"idOrVar","v":"value"}," saat əvvəl"],"many":[{"t":"idOrVar","v":"value"}," saat əvvəl"],"other":[{"t":"idOrVar","v":"value"}," saat əvvəl"],"two":[{"t":"idOrVar","v":"value"}," saat əvvəl"],"one":"1 saat əvvəl","zero":"indicə"},"$x":[{"t":"idOrVar","v":"plural"},"value"]},{"$i":"days-ago-long","$v":{"few":[{"t":"idOrVar","v":"value"}," gün əvvəl"],"many":[{"t":"idOrVar","v":"value"}," gün əvvəl"],"one":"dünən","other":[{"t":"idOrVar","v":"value"}," gün əvvəl"],"two":[{"t":"idOrVar","v":"value"}," gün əvvəl"],"zero":"bu gün"},"$x":[{"t":"idOrVar","v":"plural"},"value"]},{"$i":"weeks-ago-long","$v":{"few":[{"t":"idOrVar","v":"value"}," həftə əvvəl"],"many":[{"t":"idOrVar","v":"value"}," həftə əvvəl"],"one":"sonuncu həftə","other":[{"t":"idOrVar","v":"value"}," həftə əvvəl"],"two":[{"t":"idOrVar","v":"value"}," həftə əvvəl"],"zero":"bu həftə"},"$x":[{"t":"idOrVar","v":"plural"},"value"]},{"$i":"months-ago-long","$v":{"few":[{"t":"idOrVar","v":"value"}," ay əvvəl"],"many":[{"t":"idOrVar","v":"value"}," ay əvvəl"],"one":"sonuncu ay","other":[{"t":"idOrVar","v":"value"}," ay əvvəl"],"two":[{"t":"idOrVar","v":"value"}," ay əvvəl"],"zero":"bu ay"},"$x":[{"t":"idOrVar","v":"plural"},"value"]},{"$i":"years-ago-long","$v":{"few":[{"t":"idOrVar","v":"value"}," il əvvəl"],"many":[{"t":"idOrVar","v":"value"}," il əvvəl"],"one":"sonuncu il","other":[{"t":"idOrVar","v":"value"}," il əvvəl"],"two":[{"t":"idOrVar","v":"value"}," il əvvəl"],"zero":"bu il"},"$x":[{"t":"idOrVar","v":"plural"},"value"]},{"$i":"minutes-until-long","$v":{"few":[{"t":"idOrVar","v":"value"}," dəqiqədə"],"many":[{"t":"idOrVar","v":"value"}," dəqiqədə"],"other":[{"t":"idOrVar","v":"value"}," dəqiqədə"],"two":[{"t":"idOrVar","v":"value"}," dəqiqədə"],"zero":"indi","one":"1 dəqiqədə"},"$x":[{"t":"idOrVar","v":"plural"},"value"]},{"$i":"hours-until-long","$v":{"few":[{"t":"idOrVar","v":"value"}," saatda"],"many":[{"t":"idOrVar","v":"value"}," saatda"],"other":[{"t":"idOrVar","v":"value"}," saatda"],"two":[{"t":"idOrVar","v":"value"}," saatda"],"zero":"indi","one":"1 saatda"},"$x":[{"t":"idOrVar","v":"plural"},"value"]},{"$i":"days-until-long","$v":{"few":[{"t":"idOrVar","v":"value"}," gündə"],"many":[{"t":"idOrVar","v":"value"}," gündə"],"one":"sabah","other":[{"t":"idOrVar","v":"value"}," gündə"],"two":[{"t":"idOrVar","v":"value"}," gündə"],"zero":"bu gün"},"$x":[{"t":"idOrVar","v":"plural"},"value"]},{"$i":"weeks-until-long","$v":{"few":[{"t":"idOrVar","v":"value"}," həftədə"],"many":[{"t":"idOrVar","v":"value"}," həftədə"],"one":"növbəti həftə","other":[{"t":"idOrVar","v":"value"}," həftədə"],"two":[{"t":"idOrVar","v":"value"}," həftədə"],"zero":"bu həftə"},"$x":[{"t":"idOrVar","v":"plural"},"value"]},{"$i":"months-until-long","$v":{"few":[{"t":"idOrVar","v":"value"}," ayda"],"many":[{"t":"idOrVar","v":"value"}," ayda"],"one":"növbəti ay","other":[{"t":"idOrVar","v":"value"}," ayda"],"two":[{"t":"idOrVar","v":"value"}," ayda"],"zero":"bu ay"},"$x":[{"t":"idOrVar","v":"plural"},"value"]},{"$i":"years-until-long","$v":{"few":[{"t":"idOrVar","v":"value"}," ildə"],"many":[{"t":"idOrVar","v":"value"}," ildə"],"one":"növbəti il","other":[{"t":"idOrVar","v":"value"}," ildə"],"two":[{"t":"idOrVar","v":"value"}," ildə"],"zero":"bu il"},"$x":[{"t":"idOrVar","v":"plural"},"value"]},{"$i":"minutes-ago-short","$v":{"other":[{"t":"idOrVar","v":"value"},"d əvvəl"],"zero":"indicə"},"$x":[{"t":"idOrVar","v":"plural"},"value"]},{"$i":"hours-ago-short","$v":{"other":[{"t":"idOrVar","v":"value"},"s əvvəl"],"zero":"indicə"},"$x":[{"t":"idOrVar","v":"plural"},"value"]},{"$i":"days-ago-short","$v":{"other":[{"t":"idOrVar","v":"value"},"g əvvəl"],"zero":"bu gün"},"$x":[{"t":"idOrVar","v":"plural"},"value"]},{"$i":"minutes-until-short","$v":{"other":[{"t":"idOrVar","v":"value"}," d-də"],"zero":"indi"},"$x":[{"t":"idOrVar","v":"plural"},"value"]},{"$i":"hours-until-short","$v":{"other":[{"t":"idOrVar","v":"value"}," s-da"],"zero":"indi"},"$x":[{"t":"idOrVar","v":"plural"},"value"]},{"$i":"days-until-short","$v":{"other":[{"t":"idOrVar","v":"value"}," g-də"],"zero":"bu gün"},"$x":[{"t":"idOrVar","v":"plural"},"value"]},{"$i":"incorrectDate","$v":"(yanlış tarix)"},{"$i":"dateTimeFormat_%c","$v":"%a %b %e %Y %I:%M:%S %p"},{"$i":"dateTimeFormat_%x","$v":"%m/%d/%Y"},{"$i":"dateTimeFormat_%X","$v":"%I:%M:%S %p"},{"$i":"shortTimeFormat","$v":"%I:%M %p"},{"$i":"shortTimeFormat12","$v":"%I:%M %p"},{"$i":"shortTimeFormat24","$v":"%H:%M"},{"$i":"shortDateTimeFormat","$v":"%x %I:%M %p"},{"$i":"weekStartsOnMonday","$v":"0.0"},{"$i":"firstDayOfTheWeek","$v":"1.0"},{"$i":"time_am","$v":"AM"},{"$i":"time_pm","$v":"PM"}]