[{"$i":"filemanager","$v":"Файлавы менеджэр"},{"$i":"internal","$v":"Унутранае"},{"$i":"sdcard","$v":"SD-картка"},{"$i":"no-files","$v":"Гэта пустая папка."},{"$i":"not-support-header","$v":"Немагчыма адкрыць"},{"$i":"not-support-content","$v":"Гэты фармат файла няправільны або не падтрымліваецца."},{"$i":"confirmation-header","$v":"Пацверджанне"},{"$i":"delete-file-content","$v":["Выдаліць файл ",{"t":"idOrVar","v":"fileName"},"?"]},{"$i":"delete-folder-content","$v":["Усе элементы ў вылучанай папцы будуць выдалены. Выдаліць папку ",{"t":"idOrVar","v":"fileName"},"?"]},{"$i":"copy-move-header","$v":"Выбраць мэтавую папку"},{"$i":"number-selected","$v":{"few":[{"t":"idOrVar","v":"number"}," выбрана"],"many":[{"t":"idOrVar","v":"number"}," выбрана"],"one":[{"t":"idOrVar","v":"number"}," выбрана"],"other":[{"t":"idOrVar","v":"number"}," выбрана"],"two":[{"t":"idOrVar","v":"number"}," выбрана"],"zero":[{"t":"idOrVar","v":"number"}," выбрана"]},"$x":[{"t":"idOrVar","v":"plural"},"number"]},{"$i":"delete-all-folder","$v":"Усе элементы ў вылучанай папцы будуць выдалены. Выдаліць вылучаныя элементы?"},{"$i":"delete-all-file","$v":"Выдаліць выбраныя элементы?"},{"$i":"search-in","$v":"Пошук у"},{"$i":"search-current","$v":"Толькі бягучая папка"},{"$i":"search-internal","$v":"Унутранае"},{"$i":"search-sdcard","$v":"SD-картка"},{"$i":"search-header","$v":["Пошук: ",{"t":"idOrVar","v":"keyword"}]},{"$i":"file-exist","$v":["Файл ",{"t":"idOrVar","v":"fileName"}," ужо існуе ў гэтым месцы. Захаваць абодва элементы?"]},{"$i":"paste-error","$v":"Немагчыма ўставіць папку ў саму сябе."},{"$i":"move-error","$v":"Немагчыма перамясціць папку ў саму сябе."},{"$i":"new-folder-error","$v":["Імя папкі ",{"t":"idOrVar","v":"folderName"}," ужо занятае. Выберыце іншае."]},{"$i":"searching","$v":"Ідзе пошук..."},{"$i":"loading","$v":"Загружаецца..."},{"$i":"search-empty","$v":"Не нойдзена"},{"$i":"new-folder-invalid","$v":["Няправільнае імя папкі ",{"t":"idOrVar","v":"folderName"},". Выберыце іншае імя."]},{"$i":"progress-head-copy","$v":"Капіраванне"},{"$i":"progress-content-copy","$v":"Капіруецца элемент"},{"$i":"progress-head-move","$v":"Перамяшчэнне"},{"$i":"progress-content-move","$v":"Перамяшчаецца элемент"},{"$i":"unsupport-folder-name","$v":{"$o":"Немагчыма выкарыстоўваць імя, якое ўтрымлівае сімвалы, што не падтрымліваюцца: \\/:*?&quot;&lt;&gt;|"}},{"$i":"unsupport-string","$v":{"$o":["Не ўдаецца ",{"t":"idOrVar","v":"name"}," файл з назвай, якая ўтрымлівае сімвалы, што не падтрымліваюцца: \\/:*?\"<>|"]}},{"$i":"not-enough-space","$v":"Недастаткова свабоднага месца"},{"$i":"error-while-moving","$v":"Памылка падчас перамяшчэння"},{"$i":"error-while-copying","$v":"Памылка падчас капіравання"},{"$i":"rename-not-suffix","$v":"Магчыма, файл не адкрыецца пасля змянення пашырэння. Усё роўна змяніць?"},{"$i":"open","$v":"Адкрыць"},{"$i":"options","$v":"Параметры"},{"$i":"ok","$v":"ОК"},{"$i":"cancel","$v":"Скасаваць"},{"$i":"change","$v":"Змяніць"},{"$i":"paste","$v":"Уставіць"},{"$i":"select","$v":"Выбраць"},{"$i":"deselect","$v":"Адмяніць выбар"},{"$i":"replace","$v":"Замяніць"},{"$i":"keep-both","$v":"Захаваць абодва"},{"$i":"delete","$v":"Выдаліць"},{"$i":"copy","$v":"Капіраваць"},{"$i":"move","$v":"Перамясціць"},{"$i":"rename","$v":"Перайменаваць"},{"$i":"select-items","$v":"Выбраць элементы"},{"$i":"new-folder","$v":"Нов. папка"},{"$i":"search","$v":"Пошук"},{"$i":"refresh","$v":"Абнавіць"},{"$i":"details","$v":"Звесткі"},{"$i":"share","$v":"Абагуліць"},{"$i":"select-all","$v":"Выбраць усе"},{"$i":"deselect-all","$v":"Адмяніць выбар усяго"},{"$i":"detail-header","$v":"Звесткі"},{"$i":"detail-name","$v":"Імя"},{"$i":"detail-location","$v":"Месцазнаходжанне"},{"$i":"detail-type","$v":"Тып"},{"$i":"detail-created","$v":"Створана"},{"$i":"detail-size","$v":"Памер"},{"$i":"folder","$v":"папка"},{"$i":"type-unknow","$v":"зрабіць невядомым"},{"$i":"B","$v":"Б"},{"$i":"KB","$v":"КБ"},{"$i":"MB","$v":"МБ"},{"$i":"GB","$v":"ГБ"},{"$i":"item-deleted","$v":"Пункт выдалены."},{"$i":"items-deleted","$v":"Элементы выдаленыя."},{"$i":"item-copied","$v":"Пункт скапіяваны."},{"$i":"items-copied","$v":"Элементы капіююцца."},{"$i":"item-moved","$v":"Пункт перамешчаны."},{"$i":"items-moved","$v":"Элементы перамешчаныя."},{"$i":"file-renamed","$v":"Пераназваў файл."},{"$i":"folder-renamed","$v":"Папка яе перанесьлі."},{"$i":"folder-created","$v":"Папка створана."},{"$i":"refresh-completed","$v":"Абнаўленне завершана."},{"$i":"itmes-not-copied","$v":["Нескапіраваныя элементы: ",{"t":"idOrVar","v":"num"},"."]},{"$i":"itmes-not-moved","$v":["Неперамешчаныя элементы: ",{"t":"idOrVar","v":"num"},"."]},{"$i":"weekday-0-long","$v":"Нядзеля"},{"$i":"weekday-1-long","$v":"Панядзелак"},{"$i":"weekday-2-long","$v":"Аўторак"},{"$i":"weekday-3-long","$v":"Серада"},{"$i":"weekday-4-long","$v":"Чацвер"},{"$i":"weekday-5-long","$v":"Пятніца"},{"$i":"weekday-6-long","$v":"Субота"},{"$i":"weekday-0-short","$v":"Нядз"},{"$i":"weekday-1-short","$v":"Пан"},{"$i":"weekday-2-short","$v":"Аўт"},{"$i":"weekday-3-short","$v":"Сер"},{"$i":"weekday-4-short","$v":"Чацв"},{"$i":"weekday-5-short","$v":"Пят"},{"$i":"weekday-6-short","$v":"Суб"},{"$i":"month-0-long","$v":"Студзень"},{"$i":"month-1-long","$v":"Люты"},{"$i":"month-2-long","$v":"Сакавік"},{"$i":"month-3-long","$v":"Красавік"},{"$i":"month-4-long","$v":"Май"},{"$i":"month-5-long","$v":"Чэрвень"},{"$i":"month-6-long","$v":"Ліпень"},{"$i":"month-7-long","$v":"Жнівень"},{"$i":"month-8-long","$v":"Верасень"},{"$i":"month-9-long","$v":"Кастрычнік"},{"$i":"month-10-long","$v":"Лістапад"},{"$i":"month-11-long","$v":"Снежань"},{"$i":"month-0-genitive","$v":"Студзень"},{"$i":"month-1-genitive","$v":"Люты"},{"$i":"month-2-genitive","$v":"Сакавік"},{"$i":"month-3-genitive","$v":"Красавік"},{"$i":"month-4-genitive","$v":"Май"},{"$i":"month-5-genitive","$v":"Чэрвень"},{"$i":"month-6-genitive","$v":"Ліпень"},{"$i":"month-7-genitive","$v":"Жнівень"},{"$i":"month-8-genitive","$v":"Верасень"},{"$i":"month-9-genitive","$v":"Кастрычнік"},{"$i":"month-10-genitive","$v":"Лістапад"},{"$i":"month-11-genitive","$v":"Снежань"},{"$i":"month-0-short","$v":"Сту"},{"$i":"month-1-short","$v":"Лют"},{"$i":"month-2-short","$v":"Сак"},{"$i":"month-3-short","$v":"Кра"},{"$i":"month-4-short","$v":"Май"},{"$i":"month-5-short","$v":"Чэр"},{"$i":"month-6-short","$v":"Ліп"},{"$i":"month-7-short","$v":"Жні"},{"$i":"month-8-short","$v":"Вер"},{"$i":"month-9-short","$v":"Кас"},{"$i":"month-10-short","$v":"Ліс"},{"$i":"month-11-short","$v":"Снж"},{"$i":"minutes-ago-long","$v":{"few":["Хвілін таму: ",{"t":"idOrVar","v":"value"}],"many":["Хвілін таму: ",{"t":"idOrVar","v":"value"}],"other":["Хвілін таму: ",{"t":"idOrVar","v":"value"}],"two":["Хвілін таму: ",{"t":"idOrVar","v":"value"}],"one":"хвіліну таму","zero":"толькі цяпер"},"$x":[{"t":"idOrVar","v":"plural"},"n"]},{"$i":"hours-ago-long","$v":{"few":["Гадзін таму: ",{"t":"idOrVar","v":"value"}],"many":["Гадзін таму: ",{"t":"idOrVar","v":"value"}],"other":["Гадзін таму: ",{"t":"idOrVar","v":"value"}],"two":["Гадзін таму: ",{"t":"idOrVar","v":"value"}],"one":"1 час назад","zero":"толькі цяпер"},"$x":[{"t":"idOrVar","v":"plural"},"n"]},{"$i":"days-ago-long","$v":{"few":["Дзён таму: ",{"t":"idOrVar","v":"value"}],"many":["Дзён таму: ",{"t":"idOrVar","v":"value"}],"one":"учора","other":["Дзён таму: ",{"t":"idOrVar","v":"value"}],"two":["Дзён таму: ",{"t":"idOrVar","v":"value"}],"zero":"сёння"},"$x":[{"t":"idOrVar","v":"plural"},"n"]},{"$i":"weeks-ago-long","$v":{"few":["Тыдняў таму: ",{"t":"idOrVar","v":"value"}],"many":["Тыдняў таму: ",{"t":"idOrVar","v":"value"}],"one":"на мінулым тыдні","other":["Тыдняў таму: ",{"t":"idOrVar","v":"value"}],"two":["Тыдняў таму: ",{"t":"idOrVar","v":"value"}],"zero":"на гэтым тыдні"},"$x":[{"t":"idOrVar","v":"plural"},"n"]},{"$i":"months-ago-long","$v":{"few":["Месяцаў таму: ",{"t":"idOrVar","v":"value"}],"many":["Месяцаў таму: ",{"t":"idOrVar","v":"value"}],"one":"у мінулым месяцы","other":["Месяцаў таму: ",{"t":"idOrVar","v":"value"}],"two":["Месяцаў таму: ",{"t":"idOrVar","v":"value"}],"zero":"у гэтым месяцы"},"$x":[{"t":"idOrVar","v":"plural"},"n"]},{"$i":"years-ago-long","$v":{"few":["Гадоў таму: ",{"t":"idOrVar","v":"value"}],"many":["Гадоў таму: ",{"t":"idOrVar","v":"value"}],"one":"у мінулым годзе","other":["Гадоў таму: ",{"t":"idOrVar","v":"value"}],"two":["Гадоў таму: ",{"t":"idOrVar","v":"value"}],"zero":"у гэтым годзе"},"$x":[{"t":"idOrVar","v":"plural"},"n"]},{"$i":"minutes-until-long","$v":{"few":["праз ",{"t":"idOrVar","v":"value"}," хвілін(-ы)"],"many":["праз ",{"t":"idOrVar","v":"value"}," хвілін(-ы)"],"other":["праз ",{"t":"idOrVar","v":"value"}," хвілін(-ы)"],"two":["праз ",{"t":"idOrVar","v":"value"}," хвілін(-ы)"],"zero":"цяпер","one":"праз 1 хвіліну"},"$x":[{"t":"idOrVar","v":"plural"},"n"]},{"$i":"hours-until-long","$v":{"few":["праз ",{"t":"idOrVar","v":"value"}," гадзін(-ы)"],"many":["праз ",{"t":"idOrVar","v":"value"}," гадзін(-ы)"],"other":["праз ",{"t":"idOrVar","v":"value"}," гадзін(-ы)"],"two":["праз ",{"t":"idOrVar","v":"value"}," гадзін(-ы)"],"zero":"цяпер","one":"праз 1 гадзіну"},"$x":[{"t":"idOrVar","v":"plural"},"n"]},{"$i":"days-until-long","$v":{"few":["праз ",{"t":"idOrVar","v":"value"}," дні(дзён)"],"many":["праз ",{"t":"idOrVar","v":"value"}," дні(дзён)"],"one":"заўтра","other":["праз ",{"t":"idOrVar","v":"value"}," дні(дзён)"],"two":["праз ",{"t":"idOrVar","v":"value"}," дні(дзён)"],"zero":"сёння"},"$x":[{"t":"idOrVar","v":"plural"},"n"]},{"$i":"weeks-until-long","$v":{"few":["праз ",{"t":"idOrVar","v":"value"}," тыдні(-яў)"],"many":["праз ",{"t":"idOrVar","v":"value"}," тыдні(-яў)"],"one":"на наступным тыдні","other":["праз ",{"t":"idOrVar","v":"value"}," тыдні(-яў)"],"two":["праз ",{"t":"idOrVar","v":"value"}," тыдні(-яў)"],"zero":"на гэтым тыдні"},"$x":[{"t":"idOrVar","v":"plural"},"n"]},{"$i":"months-until-long","$v":{"few":["праз ",{"t":"idOrVar","v":"value"}," месяц(-аў)"],"many":["праз ",{"t":"idOrVar","v":"value"}," месяц(-аў)"],"one":"у наступным месяцы","other":["праз ",{"t":"idOrVar","v":"value"}," месяц(-аў)"],"two":["праз ",{"t":"idOrVar","v":"value"}," месяц(-аў)"],"zero":"у гэтым месяцы"},"$x":[{"t":"idOrVar","v":"plural"},"n"]},{"$i":"years-until-long","$v":{"few":["праз ",{"t":"idOrVar","v":"value"}," гады (год)"],"many":["праз ",{"t":"idOrVar","v":"value"}," гады (год)"],"one":"у наступным годзе","other":["праз ",{"t":"idOrVar","v":"value"}," гады (год)"],"two":["праз ",{"t":"idOrVar","v":"value"}," гады (год)"],"zero":"у гэтым годзе"},"$x":[{"t":"idOrVar","v":"plural"},"n"]},{"$i":"minutes-ago-short","$v":{"other":[{"t":"idOrVar","v":"value"},"хв таму"],"zero":"толькі цяпер"},"$x":[{"t":"idOrVar","v":"plural"},"n"]},{"$i":"hours-ago-short","$v":{"other":[{"t":"idOrVar","v":"value"},"гадз таму"],"zero":"толькі цяпер"},"$x":[{"t":"idOrVar","v":"plural"},"n"]},{"$i":"days-ago-short","$v":{"other":[{"t":"idOrVar","v":"value"},"д таму"],"zero":"сёння"},"$x":[{"t":"idOrVar","v":"plural"},"n"]},{"$i":"minutes-until-short","$v":{"other":["праз ",{"t":"idOrVar","v":"value"},"хв"],"zero":"цяпер"},"$x":[{"t":"idOrVar","v":"plural"},"n"]},{"$i":"hours-until-short","$v":{"other":["праз ",{"t":"idOrVar","v":"value"},"гадз"],"zero":"цяпер"},"$x":[{"t":"idOrVar","v":"plural"},"n"]},{"$i":"days-until-short","$v":{"other":["праз ",{"t":"idOrVar","v":"value"},"д"],"zero":"сёння"},"$x":[{"t":"idOrVar","v":"plural"},"n"]},{"$i":"incorrectDate","$v":"(няправільная дата)"},{"$i":"dateTimeFormat_%c","$v":"%a %b %e %Y %I:%M:%S %p"},{"$i":"dateTimeFormat_%x","$v":"%m/%d/%Y"},{"$i":"dateTimeFormat_%X","$v":"%I:%M:%S %p"},{"$i":"shortTimeFormat","$v":"%I:%M %p"},{"$i":"shortTimeFormat12","$v":"%I:%M %p"},{"$i":"shortTimeFormat24","$v":"%H:%M"},{"$i":"shortDateTimeFormat","$v":"%x %I:%M %p"},{"$i":"weekStartsOnMonday","$v":"0.0"},{"$i":"firstDayOfTheWeek","$v":"1.0"},{"$i":"time_am","$v":"Ран."},{"$i":"time_pm","$v":"PM"}]