[{"$i":"filemanager","$v":"ফাইল ম্যানেজার"},{"$i":"internal","$v":"ইন্টারনাল"},{"$i":"sdcard","$v":"SD কার্ড"},{"$i":"no-files","$v":"এই ফোল্ডার খালি আছে I"},{"$i":"not-support-header","$v":"খুলতে অক্ষম"},{"$i":"not-support-content","$v":"এই ফাইল ফরম্যাটটি অবৈধ বা সমর্থিত নয়।"},{"$i":"confirmation-header","$v":"নিশ্চিতকরণ"},{"$i":"delete-file-content","$v":[{"t":"idOrVar","v":"fileName"}," ফাইলটি মুছবেন?"]},{"$i":"delete-folder-content","$v":["নির্বাচিত ফোল্ডারে থাকা সমস্ত আইটেম মুছে ফেলা হবে I ",{"t":"idOrVar","v":"fileName"}," ফোল্ডারটি মুছবেন ?"]},{"$i":"copy-move-header","$v":"টার্গেট ফোল্ডার নির্বাচন করুন"},{"$i":"number-selected","$v":{"few":[{"t":"idOrVar","v":"number"}," নির্বাচিত"],"many":[{"t":"idOrVar","v":"number"}," নির্বাচিত"],"one":[{"t":"idOrVar","v":"number"}," নির্বাচিত"],"other":[{"t":"idOrVar","v":"number"}," নির্বাচিত"],"two":[{"t":"idOrVar","v":"number"}," নির্বাচিত"],"zero":[{"t":"idOrVar","v":"number"}," নির্বাচিত"]},"$x":[{"t":"idOrVar","v":"plural"},"number"]},{"$i":"delete-all-folder","$v":"নির্বাচিত ফোল্ডারে থাকা সমস্ত আইটেম মুছে ফেলা হবে I নির্বাচিত আইটেমগুলি মুছবেন?"},{"$i":"delete-all-file","$v":"নির্বাচিত ফাইলগুলি মুছবেন?"},{"$i":"search-in","$v":"এর মধ্যে অনুসন্ধান চলছে"},{"$i":"search-current","$v":"শুধুমাত্র বর্তমান ফোল্ডারটি"},{"$i":"search-internal","$v":"ইন্টারনাল"},{"$i":"search-sdcard","$v":"SD কার্ড"},{"$i":"search-header","$v":["অনুসন্ধান করুন: ",{"t":"idOrVar","v":"keyword"}]},{"$i":"file-exist","$v":[{"t":"idOrVar","v":"fileName"}," ইতিমধ্যে এই অবস্থানে বিদ্যমান। দুটো আইটেম রাখতে চান?"]},{"$i":"paste-error","$v":"একটি ফোল্ডারকে নিজের মধ্যেই পেস্ট করতে পারবেন না I"},{"$i":"move-error","$v":"একটি ফোল্ডারকে নিজের মধ্যেই স্থানান্তর করা যাবে না I"},{"$i":"new-folder-error","$v":[{"t":"idOrVar","v":"folderName"}," নাম ইতিমধ্যেই নেওয়া হয়েছে I অন্য নাম চয়ন করুন I"]},{"$i":"searching","$v":"অনুসন্ধান চলছে..."},{"$i":"loading","$v":"লোড হচ্ছে..."},{"$i":"search-empty","$v":"পাওয়া যায় নি"},{"$i":"new-folder-invalid","$v":[{"t":"idOrVar","v":"folderName"}," নামটি অবৈধ। অন্য নাম চয়ন করুন I"]},{"$i":"progress-head-copy","$v":"কপি করছে"},{"$i":"progress-content-copy","$v":"আইটেম কপি করছে"},{"$i":"progress-head-move","$v":"স্থানান্তরিত হচ্ছে"},{"$i":"progress-content-move","$v":"আইটেম স্থানান্তরিত হচ্ছে"},{"$i":"unsupport-folder-name","$v":{"$o":"অসমর্থিত অক্ষর যুক্ত নাম ব্যবহার করা যাবে না: \\ /: *? \"<>|"}},{"$i":"unsupport-string","$v":{"$o":["ফাইল ",{"t":"idOrVar","v":"name"}," অসমর্থিত অক্ষর: \\/:*?\"<>| যুক্ত নামের সাথে হবে না"]}},{"$i":"not-enough-space","$v":"পর্যাপ্ত স্থান উপলব্ধ নেই"},{"$i":"error-while-moving","$v":"মুভ করার সময় ত্রুটি"},{"$i":"error-while-copying","$v":"কপি করার সময় ত্রুটি"},{"$i":"rename-not-suffix","$v":"এক্সটেনশন পরিবর্তন করার পরে ফাইল খুলতে সক্ষম নাও হতে পারে। যাইহোক পরিবর্তন করতে চান?"},{"$i":"open","$v":"খুলুন"},{"$i":"options","$v":"বিকল্পগুলি"},{"$i":"ok","$v":"ঠিক আছে"},{"$i":"cancel","$v":"বাতিল করুন"},{"$i":"change","$v":"পরিবর্তন করুন"},{"$i":"paste","$v":"পেস্ট করুন"},{"$i":"select","$v":"নির্বাচন করুন"},{"$i":"deselect","$v":"অনির্বাচন করুন"},{"$i":"replace","$v":"বদল করুন"},{"$i":"keep-both","$v":"দুটোই রাখুন"},{"$i":"delete","$v":"মুছুন"},{"$i":"copy","$v":"কপি"},{"$i":"move","$v":"স্থানান্তরিত করুন"},{"$i":"rename","$v":"পুনঃনামকরণ"},{"$i":"select-items","$v":"আইটেম নির্বাচন করুন"},{"$i":"new-folder","$v":"নতুন ফোল্ডার"},{"$i":"search","$v":"অনুসন্ধান করুন"},{"$i":"refresh","$v":"রিফ্রেশ করুন"},{"$i":"details","$v":"বিবরণ"},{"$i":"share","$v":"শেয়ার করুন"},{"$i":"select-all","$v":"সব নির্বাচন করুন"},{"$i":"deselect-all","$v":"সব অনির্বাচন করুন"},{"$i":"detail-header","$v":"বিবরণ"},{"$i":"detail-name","$v":"নাম"},{"$i":"detail-location","$v":"অবস্থান"},{"$i":"detail-type","$v":"প্রকার"},{"$i":"detail-created","$v":"তৈরি হয়েছে"},{"$i":"detail-size","$v":"আকার"},{"$i":"folder","$v":"ফোল্ডার"},{"$i":"type-unknow","$v":"অজানা"},{"$i":"B","$v":"B"},{"$i":"KB","$v":"KB"},{"$i":"MB","$v":"MB"},{"$i":"GB","$v":"GB"},{"$i":"item-deleted","$v":"আইটেম মুছে ফেলা হয়েছে।"},{"$i":"items-deleted","$v":"আইটেমগুলি মুছে ফেলা হয়েছে।"},{"$i":"item-copied","$v":"আইটেম কপি করা হয়েছে।"},{"$i":"items-copied","$v":"আইটেমগুলি কপি করা হয়েছে।"},{"$i":"item-moved","$v":"আইটেম সরানো হয়েছে।"},{"$i":"items-moved","$v":"আইটেমগুলি সরানো হয়েছে।"},{"$i":"file-renamed","$v":"ফাইল পুনরায় নামকরণ করা হয়েছে।"},{"$i":"folder-renamed","$v":"ফোল্ডার পুনরায় নামকরণ করা হয়েছে।"},{"$i":"folder-created","$v":"ফোল্ডার তৈরি করা হয়েছে।"},{"$i":"refresh-completed","$v":"রিফ্রেশ সম্পন্ন হয়েছে।"},{"$i":"itmes-not-copied","$v":[{"t":"idOrVar","v":"num"}," আইটেম কপি করা হয়নি।"]},{"$i":"itmes-not-moved","$v":[{"t":"idOrVar","v":"num"}," আইটেম সরানো হয়নি ৷"]},{"$i":"weekday-0-long","$v":"রবিবার"},{"$i":"weekday-1-long","$v":"সোমবার"},{"$i":"weekday-2-long","$v":"মঙ্গলবার"},{"$i":"weekday-3-long","$v":"বুধবার"},{"$i":"weekday-4-long","$v":"বৃহস্পতিবার"},{"$i":"weekday-5-long","$v":"শুক্রবার"},{"$i":"weekday-6-long","$v":"শনিবার"},{"$i":"weekday-0-short","$v":"রবি"},{"$i":"weekday-1-short","$v":"সোম"},{"$i":"weekday-2-short","$v":"মঙ্গল"},{"$i":"weekday-3-short","$v":"বুধ"},{"$i":"weekday-4-short","$v":"বৃহস্পতি"},{"$i":"weekday-5-short","$v":"শুক্র"},{"$i":"weekday-6-short","$v":"শনি"},{"$i":"month-0-long","$v":"জানুয়ারি"},{"$i":"month-1-long","$v":"ফেব্রুয়ারি"},{"$i":"month-2-long","$v":"মার্চ"},{"$i":"month-3-long","$v":"এপ্রিল"},{"$i":"month-4-long","$v":"মে"},{"$i":"month-5-long","$v":"জুন"},{"$i":"month-6-long","$v":"জুলাই"},{"$i":"month-7-long","$v":"আগস্ট"},{"$i":"month-8-long","$v":"সেপ্টেম্বর"},{"$i":"month-9-long","$v":"অক্টোবর"},{"$i":"month-10-long","$v":"নভেম্বর"},{"$i":"month-11-long","$v":"ডিসেম্বর"},{"$i":"month-0-genitive","$v":"জানুয়ারি"},{"$i":"month-1-genitive","$v":"ফেব্রুয়ারি"},{"$i":"month-2-genitive","$v":"মার্চ"},{"$i":"month-3-genitive","$v":"এপ্রিল"},{"$i":"month-4-genitive","$v":"মে"},{"$i":"month-5-genitive","$v":"জুন"},{"$i":"month-6-genitive","$v":"জুলাই"},{"$i":"month-7-genitive","$v":"আগস্ট"},{"$i":"month-8-genitive","$v":"সেপ্টেম্বর"},{"$i":"month-9-genitive","$v":"অক্টোবর"},{"$i":"month-10-genitive","$v":"নভেম্বর"},{"$i":"month-11-genitive","$v":"ডিসেম্বর"},{"$i":"month-0-short","$v":"জানুয়ারী"},{"$i":"month-1-short","$v":"ফেব্রুয়ারি"},{"$i":"month-2-short","$v":"মার্চ"},{"$i":"month-3-short","$v":"এপ্রিল"},{"$i":"month-4-short","$v":"মে"},{"$i":"month-5-short","$v":"জুন"},{"$i":"month-6-short","$v":"জুলাই"},{"$i":"month-7-short","$v":"আগস্ট"},{"$i":"month-8-short","$v":"সেপ্টেম্বর"},{"$i":"month-9-short","$v":"অক্টোবর"},{"$i":"month-10-short","$v":"নভেম্বর"},{"$i":"month-11-short","$v":"ডিসেম্বর"},{"$i":"minutes-ago-long","$v":{"few":[{"t":"idOrVar","v":"value"}," মিনিট আগে"],"many":[{"t":"idOrVar","v":"value"}," মিনিট আগে"],"other":[{"t":"idOrVar","v":"value"}," মিনিট আগে"],"two":[{"t":"idOrVar","v":"value"}," মিনিট আগে"],"one":"এক মিনিট আগে","zero":"Just now"},"$x":[{"t":"idOrVar","v":"plural"},"value"]},{"$i":"hours-ago-long","$v":{"few":[{"t":"idOrVar","v":"value"}," ঘন্টা আগে"],"many":[{"t":"idOrVar","v":"value"}," ঘন্টা আগে"],"other":[{"t":"idOrVar","v":"value"}," ঘন্টা আগে"],"two":[{"t":"idOrVar","v":"value"}," ঘন্টা আগে"],"one":"এক ঘন্টা আগে","zero":"Just now"},"$x":[{"t":"idOrVar","v":"plural"},"value"]},{"$i":"days-ago-long","$v":{"few":[{"t":"idOrVar","v":"value"}," দিন আগে"],"many":[{"t":"idOrVar","v":"value"}," দিন আগে"],"one":"গতকাল","other":[{"t":"idOrVar","v":"value"}," দিন আগে"],"two":[{"t":"idOrVar","v":"value"}," দিন আগে"],"zero":"আজ"},"$x":[{"t":"idOrVar","v":"plural"},"value"]},{"$i":"weeks-ago-long","$v":{"few":[{"t":"idOrVar","v":"value"}," সপ্তাহ আগে"],"many":[{"t":"idOrVar","v":"value"}," সপ্তাহ আগে"],"one":"গত সপ্তাহ","other":[{"t":"idOrVar","v":"value"}," সপ্তাহ আগে"],"two":[{"t":"idOrVar","v":"value"}," সপ্তাহ আগে"],"zero":"এই সপ্তাহ"},"$x":[{"t":"idOrVar","v":"plural"},"value"]},{"$i":"months-ago-long","$v":{"few":[{"t":"idOrVar","v":"value"}," মাস আগে"],"many":[{"t":"idOrVar","v":"value"}," মাস আগে"],"one":"গত মাস","other":[{"t":"idOrVar","v":"value"}," মাস আগে"],"two":[{"t":"idOrVar","v":"value"}," মাস আগে"],"zero":"এই মাস"},"$x":[{"t":"idOrVar","v":"plural"},"value"]},{"$i":"years-ago-long","$v":{"few":[{"t":"idOrVar","v":"value"}," বছর আগে"],"many":[{"t":"idOrVar","v":"value"}," বছর আগে"],"one":"গত বছর","other":[{"t":"idOrVar","v":"value"}," বছর আগে"],"two":[{"t":"idOrVar","v":"value"}," বছর আগে"],"zero":"এই বছর"},"$x":[{"t":"idOrVar","v":"plural"},"value"]},{"$i":"minutes-until-long","$v":{"few":[{"t":"idOrVar","v":"value"}," মিনিটে"],"many":[{"t":"idOrVar","v":"value"}," মিনিটে"],"other":[{"t":"idOrVar","v":"value"}," মিনিটে"],"two":[{"t":"idOrVar","v":"value"}," মিনিটে"],"zero":"এখন","one":"এক মিনিটে"},"$x":[{"t":"idOrVar","v":"plural"},"value"]},{"$i":"hours-until-long","$v":{"few":[{"t":"idOrVar","v":"value"}," ঘন্টায়"],"many":[{"t":"idOrVar","v":"value"}," ঘন্টায়"],"other":[{"t":"idOrVar","v":"value"}," ঘন্টায়"],"two":[{"t":"idOrVar","v":"value"}," ঘন্টায়"],"zero":"এখন","one":"এক ঘন্টায়"},"$x":[{"t":"idOrVar","v":"plural"},"value"]},{"$i":"days-until-long","$v":{"few":[{"t":"idOrVar","v":"value"}," দিনে"],"many":[{"t":"idOrVar","v":"value"}," দিনে"],"one":"আগামীকাল","other":[{"t":"idOrVar","v":"value"}," দিনে"],"two":[{"t":"idOrVar","v":"value"}," দিনে"],"zero":"আজ"},"$x":[{"t":"idOrVar","v":"plural"},"value"]},{"$i":"weeks-until-long","$v":{"few":[{"t":"idOrVar","v":"value"}," সপ্তাহে"],"many":[{"t":"idOrVar","v":"value"}," সপ্তাহে"],"one":"পরের সপ্তাহ","other":[{"t":"idOrVar","v":"value"}," সপ্তাহে"],"two":[{"t":"idOrVar","v":"value"}," সপ্তাহে"],"zero":"এই সপ্তাহ"},"$x":[{"t":"idOrVar","v":"plural"},"value"]},{"$i":"months-until-long","$v":{"few":[{"t":"idOrVar","v":"value"}," মাসে"],"many":[{"t":"idOrVar","v":"value"}," মাসে"],"one":"পরের মাস","other":[{"t":"idOrVar","v":"value"}," মাসে"],"two":[{"t":"idOrVar","v":"value"}," মাসে"],"zero":"এই মাস"},"$x":[{"t":"idOrVar","v":"plural"},"value"]},{"$i":"years-until-long","$v":{"few":[{"t":"idOrVar","v":"value"}," বছরে"],"many":[{"t":"idOrVar","v":"value"}," বছরে"],"one":"পরের বছর","other":[{"t":"idOrVar","v":"value"}," বছরে"],"two":[{"t":"idOrVar","v":"value"}," বছরে"],"zero":"এই বছর"},"$x":[{"t":"idOrVar","v":"plural"},"value"]},{"$i":"minutes-ago-short","$v":{"other":[{"t":"idOrVar","v":"value"},"মিনিট আগে"],"zero":"Just now"},"$x":[{"t":"idOrVar","v":"plural"},"value"]},{"$i":"hours-ago-short","$v":{"other":[{"t":"idOrVar","v":"value"},"ঘন্টা আগে"],"zero":"Just now"},"$x":[{"t":"idOrVar","v":"plural"},"value"]},{"$i":"days-ago-short","$v":{"other":[{"t":"idOrVar","v":"value"},"দিন আগে"],"zero":"আজ"},"$x":[{"t":"idOrVar","v":"plural"},"value"]},{"$i":"minutes-until-short","$v":{"other":[{"t":"idOrVar","v":"value"},"মাসে"],"zero":"এখন"},"$x":[{"t":"idOrVar","v":"plural"},"value"]},{"$i":"hours-until-short","$v":{"other":[{"t":"idOrVar","v":"value"},"ঘন্টায়"],"zero":"এখন"},"$x":[{"t":"idOrVar","v":"plural"},"value"]},{"$i":"days-until-short","$v":{"other":[{"t":"idOrVar","v":"value"},"দিনে"],"zero":"আজ"},"$x":[{"t":"idOrVar","v":"plural"},"value"]},{"$i":"incorrectDate","$v":"(ভুল তারিখ)"},{"$i":"dateTimeFormat_%c","$v":"%a %b %e %Y %I:%M:%S %p"},{"$i":"dateTimeFormat_%x","$v":"%m/%d/%Y"},{"$i":"dateTimeFormat_%X","$v":"%I:%M:%S %p"},{"$i":"shortTimeFormat","$v":"%I:%M %p"},{"$i":"shortTimeFormat12","$v":"%I:%M %p"},{"$i":"shortTimeFormat24","$v":"%H:%M"},{"$i":"shortDateTimeFormat","$v":"%x %I:%M %p"},{"$i":"weekStartsOnMonday","$v":"0.0"},{"$i":"firstDayOfTheWeek","$v":"0.0"},{"$i":"time_am","$v":"AM"},{"$i":"time_pm","$v":"PM"}]