[{"$i":"filemanager","$v":"Filmanager"},{"$i":"internal","$v":"Intern"},{"$i":"sdcard","$v":"SD-kort"},{"$i":"no-files","$v":"Mappen er tom."},{"$i":"not-support-header","$v":"Kunne ikke åbne"},{"$i":"not-support-content","$v":"Dette filformat er ugyldigt eller understøttes ikke."},{"$i":"confirmation-header","$v":"Bekræftelse"},{"$i":"delete-file-content","$v":["Slet filen ",{"t":"idOrVar","v":"fileName"},"?"]},{"$i":"delete-folder-content","$v":["Alle elementer i den valgte mappe slettes. Slet mappen ",{"t":"idOrVar","v":"fileName"},"?"]},{"$i":"copy-move-header","$v":"Vælg destinationsmappe"},{"$i":"number-selected","$v":{"few":[{"t":"idOrVar","v":"number"}," valgt"],"many":[{"t":"idOrVar","v":"number"}," valgt"],"one":[{"t":"idOrVar","v":"number"}," valgt"],"other":[{"t":"idOrVar","v":"number"}," valgt"],"two":[{"t":"idOrVar","v":"number"}," valgt"],"zero":[{"t":"idOrVar","v":"number"}," valgt"]},"$x":[{"t":"idOrVar","v":"plural"},"number"]},{"$i":"delete-all-folder","$v":"Alle elementer i den valgte mappe slettes. Slet de valgte elementer?"},{"$i":"delete-all-file","$v":"Slet de valgte elementer?"},{"$i":"search-in","$v":"Søger i"},{"$i":"search-current","$v":"Kun den aktuelle mappe"},{"$i":"search-internal","$v":"Intern"},{"$i":"search-sdcard","$v":"SD-kort"},{"$i":"search-header","$v":["Søg: ",{"t":"idOrVar","v":"keyword"}]},{"$i":"file-exist","$v":[{"t":"idOrVar","v":"fileName"}," findes allerede på denne placering. Behold begge elementer?"]},{"$i":"paste-error","$v":"En mappe kan ikke sættes ind i sig selv."},{"$i":"move-error","$v":"En mappe kan ikke flyttes ind i sig selv."},{"$i":"new-folder-error","$v":["Navnet ",{"t":"idOrVar","v":"folderName"}," bruges allerede. Vælg et andet navn."]},{"$i":"searching","$v":"Søger..."},{"$i":"loading","$v":"Indlæser..."},{"$i":"search-empty","$v":"Ikke fundet"},{"$i":"new-folder-invalid","$v":["Navnet ",{"t":"idOrVar","v":"folderName"}," er ugyldigt. Vælg et andet navn."]},{"$i":"progress-head-copy","$v":"Kopierer"},{"$i":"progress-content-copy","$v":"Kopierer element"},{"$i":"progress-head-move","$v":"Flytter"},{"$i":"progress-content-move","$v":"Flytter element"},{"$i":"unsupport-folder-name","$v":{"$o":"Kan ikke bruge et navn, der indeholder ikke-understøttede tegn: \\/:*?&quot;&lt;&gt;|"}},{"$i":"unsupport-string","$v":{"$o":["Kan ikke ",{"t":"idOrVar","v":"name"}," en fil med navnet, der indeholder ikke-understøttede tegn: \\/:*?\"<>|"]}},{"$i":"not-enough-space","$v":"Ikke tilstrækkelig tilgængelig plads"},{"$i":"error-while-moving","$v":"Fejl under flytning"},{"$i":"error-while-copying","$v":"Fejl under kopiering"},{"$i":"rename-not-suffix","$v":"Filen kan muligvis ikke åbnes, når filtypenavnet ændres. Rediger alligevel?"},{"$i":"open","$v":"Åbn"},{"$i":"options","$v":"Valg"},{"$i":"ok","$v":"OK"},{"$i":"cancel","$v":"Annuller"},{"$i":"change","$v":"Skift"},{"$i":"paste","$v":"Sæt ind"},{"$i":"select","$v":"Vælg"},{"$i":"deselect","$v":"Fravælg"},{"$i":"replace","$v":"Erstat"},{"$i":"keep-both","$v":"Behold begge"},{"$i":"delete","$v":"Slet"},{"$i":"copy","$v":"Kopiér"},{"$i":"move","$v":"Flyt"},{"$i":"rename","$v":"Omdøb"},{"$i":"select-items","$v":"Vælg elementer"},{"$i":"new-folder","$v":"Ny mappe"},{"$i":"search","$v":"Søg"},{"$i":"refresh","$v":"Opdater"},{"$i":"details","$v":"Detaljer"},{"$i":"share","$v":"Del"},{"$i":"select-all","$v":"Vælg alle"},{"$i":"deselect-all","$v":"Fravælg alle"},{"$i":"detail-header","$v":"Detaljer"},{"$i":"detail-name","$v":"Navn"},{"$i":"detail-location","$v":"Sted"},{"$i":"detail-type","$v":"Type"},{"$i":"detail-created","$v":"Oprettet"},{"$i":"detail-size","$v":"Størrelse"},{"$i":"folder","$v":"mappe"},{"$i":"type-unknow","$v":"ukendt"},{"$i":"B","$v":"B"},{"$i":"KB","$v":"KB"},{"$i":"MB","$v":"MB"},{"$i":"GB","$v":"GB"},{"$i":"item-deleted","$v":"Elementet er slettet."},{"$i":"items-deleted","$v":"Elementer slettet."},{"$i":"item-copied","$v":"Vare kopieret."},{"$i":"items-copied","$v":"Varer kopieret."},{"$i":"item-moved","$v":"Elementet blev flyttet."},{"$i":"items-moved","$v":"Elementer flyttet."},{"$i":"file-renamed","$v":"Filen omdøbes."},{"$i":"folder-renamed","$v":"Mappe omdøbt."},{"$i":"folder-created","$v":"Mappe oprettet."},{"$i":"refresh-completed","$v":"Opdatering er fuldført."},{"$i":"itmes-not-copied","$v":[{"t":"idOrVar","v":"num"}," elementer er ikke kopieret."]},{"$i":"itmes-not-moved","$v":[{"t":"idOrVar","v":"num"}," elementer er ikke flyttet."]},{"$i":"weekday-0-long","$v":"Søndag"},{"$i":"weekday-1-long","$v":"Mandag"},{"$i":"weekday-2-long","$v":"Tirsdag"},{"$i":"weekday-3-long","$v":"Onsdag"},{"$i":"weekday-4-long","$v":"Torsdag"},{"$i":"weekday-5-long","$v":"Fredag"},{"$i":"weekday-6-long","$v":"Lørdag"},{"$i":"weekday-0-short","$v":"Søn"},{"$i":"weekday-1-short","$v":"Man"},{"$i":"weekday-2-short","$v":"Tir"},{"$i":"weekday-3-short","$v":"Ons"},{"$i":"weekday-4-short","$v":"Tor"},{"$i":"weekday-5-short","$v":"Fre"},{"$i":"weekday-6-short","$v":"Lør"},{"$i":"month-0-long","$v":"Januar"},{"$i":"month-1-long","$v":"Februar"},{"$i":"month-2-long","$v":"Marts"},{"$i":"month-3-long","$v":"April"},{"$i":"month-4-long","$v":"Maj"},{"$i":"month-5-long","$v":"Juni"},{"$i":"month-6-long","$v":"Juli"},{"$i":"month-7-long","$v":"August"},{"$i":"month-8-long","$v":"September"},{"$i":"month-9-long","$v":"Oktober"},{"$i":"month-10-long","$v":"November"},{"$i":"month-11-long","$v":"December"},{"$i":"month-0-genitive","$v":"Januar"},{"$i":"month-1-genitive","$v":"Februar"},{"$i":"month-2-genitive","$v":"Marts"},{"$i":"month-3-genitive","$v":"April"},{"$i":"month-4-genitive","$v":"Maj"},{"$i":"month-5-genitive","$v":"Juni"},{"$i":"month-6-genitive","$v":"Juli"},{"$i":"month-7-genitive","$v":"August"},{"$i":"month-8-genitive","$v":"September"},{"$i":"month-9-genitive","$v":"Oktober"},{"$i":"month-10-genitive","$v":"November"},{"$i":"month-11-genitive","$v":"December"},{"$i":"month-0-short","$v":"Jan"},{"$i":"month-1-short","$v":"Feb"},{"$i":"month-2-short","$v":"Mar"},{"$i":"month-3-short","$v":"Apr"},{"$i":"month-4-short","$v":"Maj"},{"$i":"month-5-short","$v":"Jun"},{"$i":"month-6-short","$v":"Jul"},{"$i":"month-7-short","$v":"Aug"},{"$i":"month-8-short","$v":"Sep"},{"$i":"month-9-short","$v":"Okt"},{"$i":"month-10-short","$v":"Nov"},{"$i":"month-11-short","$v":"Dec"},{"$i":"minutes-ago-long","$v":{"few":[{"t":"idOrVar","v":"value"}," minutter siden"],"many":[{"t":"idOrVar","v":"value"}," minutter siden"],"other":[{"t":"idOrVar","v":"value"}," minutter siden"],"two":[{"t":"idOrVar","v":"value"}," minutter siden"],"one":"et minut siden","zero":"lige nu"},"$x":[{"t":"idOrVar","v":"plural"},"value"]},{"$i":"hours-ago-long","$v":{"few":[{"t":"idOrVar","v":"value"}," timer siden"],"many":[{"t":"idOrVar","v":"value"}," timer siden"],"other":[{"t":"idOrVar","v":"value"}," timer siden"],"two":[{"t":"idOrVar","v":"value"}," timer siden"],"one":"1 time siden","zero":"lige nu"},"$x":[{"t":"idOrVar","v":"plural"},"value"]},{"$i":"days-ago-long","$v":{"few":[{"t":"idOrVar","v":"value"}," dage siden"],"many":[{"t":"idOrVar","v":"value"}," dage siden"],"one":"i går","other":[{"t":"idOrVar","v":"value"}," dage siden"],"two":[{"t":"idOrVar","v":"value"}," dage siden"],"zero":"i dag"},"$x":[{"t":"idOrVar","v":"plural"},"value"]},{"$i":"weeks-ago-long","$v":{"few":[{"t":"idOrVar","v":"value"}," uger siden"],"many":[{"t":"idOrVar","v":"value"}," uger siden"],"one":"sidste uge","other":[{"t":"idOrVar","v":"value"}," uger siden"],"two":[{"t":"idOrVar","v":"value"}," uger siden"],"zero":"denne uge"},"$x":[{"t":"idOrVar","v":"plural"},"value"]},{"$i":"months-ago-long","$v":{"few":[{"t":"idOrVar","v":"value"}," måneder siden"],"many":[{"t":"idOrVar","v":"value"}," måneder siden"],"one":"sidste måned","other":[{"t":"idOrVar","v":"value"}," måneder siden"],"two":[{"t":"idOrVar","v":"value"}," måneder siden"],"zero":"denne måned"},"$x":[{"t":"idOrVar","v":"plural"},"value"]},{"$i":"years-ago-long","$v":{"few":[{"t":"idOrVar","v":"value"}," år siden"],"many":[{"t":"idOrVar","v":"value"}," år siden"],"one":"sidste år","other":[{"t":"idOrVar","v":"value"}," år siden"],"two":[{"t":"idOrVar","v":"value"}," år siden"],"zero":"i år"},"$x":[{"t":"idOrVar","v":"plural"},"value"]},{"$i":"minutes-until-long","$v":{"few":["om ",{"t":"idOrVar","v":"value"}," minutter"],"many":["om ",{"t":"idOrVar","v":"value"}," minutter"],"other":["om ",{"t":"idOrVar","v":"value"}," minutter"],"two":["om ",{"t":"idOrVar","v":"value"}," minutter"],"zero":"nu","one":"om 1 minut"},"$x":[{"t":"idOrVar","v":"plural"},"value"]},{"$i":"hours-until-long","$v":{"few":["om ",{"t":"idOrVar","v":"value"}," timer"],"many":["om ",{"t":"idOrVar","v":"value"}," timer"],"other":["om ",{"t":"idOrVar","v":"value"}," timer"],"two":["om ",{"t":"idOrVar","v":"value"}," timer"],"zero":"nu","one":"om 1 time"},"$x":[{"t":"idOrVar","v":"plural"},"value"]},{"$i":"days-until-long","$v":{"few":["om ",{"t":"idOrVar","v":"value"}," dage"],"many":["om ",{"t":"idOrVar","v":"value"}," dage"],"one":"i morgen","other":["om ",{"t":"idOrVar","v":"value"}," dage"],"two":["om ",{"t":"idOrVar","v":"value"}," dage"],"zero":"i dag"},"$x":[{"t":"idOrVar","v":"plural"},"value"]},{"$i":"weeks-until-long","$v":{"few":["om ",{"t":"idOrVar","v":"value"}," uger"],"many":["om ",{"t":"idOrVar","v":"value"}," uger"],"one":"næste uge","other":["om ",{"t":"idOrVar","v":"value"}," uger"],"two":["om ",{"t":"idOrVar","v":"value"}," uger"],"zero":"denne uge"},"$x":[{"t":"idOrVar","v":"plural"},"value"]},{"$i":"months-until-long","$v":{"few":["om ",{"t":"idOrVar","v":"value"}," måneder"],"many":["om ",{"t":"idOrVar","v":"value"}," måneder"],"one":"næste måned","other":["om ",{"t":"idOrVar","v":"value"}," måneder"],"two":["om ",{"t":"idOrVar","v":"value"}," måneder"],"zero":"denne måned"},"$x":[{"t":"idOrVar","v":"plural"},"value"]},{"$i":"years-until-long","$v":{"few":["om ",{"t":"idOrVar","v":"value"}," år"],"many":["om ",{"t":"idOrVar","v":"value"}," år"],"one":"næste år","other":["om ",{"t":"idOrVar","v":"value"}," år"],"two":["om ",{"t":"idOrVar","v":"value"}," år"],"zero":"i år"},"$x":[{"t":"idOrVar","v":"plural"},"value"]},{"$i":"minutes-ago-short","$v":{"other":[{"t":"idOrVar","v":"value"},"m siden"],"zero":"lige nu"},"$x":[{"t":"idOrVar","v":"plural"},"value"]},{"$i":"hours-ago-short","$v":{"other":[{"t":"idOrVar","v":"value"},"t siden"],"zero":"lige nu"},"$x":[{"t":"idOrVar","v":"plural"},"value"]},{"$i":"days-ago-short","$v":{"other":[{"t":"idOrVar","v":"value"},"d siden"],"zero":"i dag"},"$x":[{"t":"idOrVar","v":"plural"},"value"]},{"$i":"minutes-until-short","$v":{"other":["om ",{"t":"idOrVar","v":"value"},"m"],"zero":"nu"},"$x":[{"t":"idOrVar","v":"plural"},"value"]},{"$i":"hours-until-short","$v":{"other":["om ",{"t":"idOrVar","v":"value"},"t"],"zero":"nu"},"$x":[{"t":"idOrVar","v":"plural"},"value"]},{"$i":"days-until-short","$v":{"other":["om ",{"t":"idOrVar","v":"value"},"d"],"zero":"i dag"},"$x":[{"t":"idOrVar","v":"plural"},"value"]},{"$i":"incorrectDate","$v":"(forkert dato)"},{"$i":"dateTimeFormat_%c","$v":"%a %b %e %Y %I:%M:%S %p"},{"$i":"dateTimeFormat_%x","$v":"%m/%d/%Y"},{"$i":"dateTimeFormat_%X","$v":"%I:%M:%S %p"},{"$i":"shortTimeFormat","$v":"%I:%M %p"},{"$i":"shortTimeFormat12","$v":"%I:%M %p"},{"$i":"shortTimeFormat24","$v":"%H:%M"},{"$i":"shortDateTimeFormat","$v":"%x %I:%M %p"},{"$i":"weekStartsOnMonday","$v":"0.0"},{"$i":"firstDayOfTheWeek","$v":"1.0"},{"$i":"time_am","$v":"AM"},{"$i":"time_pm","$v":"PM"}]