[{"$i":"filemanager","$v":"Διαχείριση αρχείων"},{"$i":"internal","$v":"Εσωτερικό"},{"$i":"sdcard","$v":"Κάρτα SD"},{"$i":"no-files","$v":"Αυτός ο φάκελος είναι άδειος."},{"$i":"not-support-header","$v":"Δεν ανοίγει"},{"$i":"not-support-content","$v":"Αυτή η μορφή αρχείου είναι μη έγκυρη ή δεν υποστηρίζεται."},{"$i":"confirmation-header","$v":"Επιβεβαίωση"},{"$i":"delete-file-content","$v":["Διαγραφή αρχείου ",{"t":"idOrVar","v":"fileName"},";"]},{"$i":"delete-folder-content","$v":["Όλα τα στοιχεία στον επιλεγμένο φάκελο θα διαγραφούν. Διαγραφή φακέλου ",{"t":"idOrVar","v":"fileName"},";"]},{"$i":"copy-move-header","$v":"Επιλογή φακέλου προορισμού"},{"$i":"number-selected","$v":{"few":["Επιλέχθηκαν ",{"t":"idOrVar","v":"number"}],"many":["Επιλέχθηκαν ",{"t":"idOrVar","v":"number"}],"one":["Επιλέχθηκαν ",{"t":"idOrVar","v":"number"}],"other":["Επιλέχθηκαν ",{"t":"idOrVar","v":"number"}],"two":["Επιλέχθηκαν ",{"t":"idOrVar","v":"number"}],"zero":["Επιλέχθηκαν ",{"t":"idOrVar","v":"number"}]},"$x":[{"t":"idOrVar","v":"plural"},"number"]},{"$i":"delete-all-folder","$v":"Όλα τα στοιχεία στον επιλεγμένο φάκελο θα διαγραφούν. Διαγραφή επιλεγμένων στοιχείων;"},{"$i":"delete-all-file","$v":"Διαγραφή επιλεγμένων στοιχείων;"},{"$i":"search-in","$v":"Αναζήτηση σε"},{"$i":"search-current","$v":"Μόνο ο τρέχων φάκελος"},{"$i":"search-internal","$v":"Εσωτερικό"},{"$i":"search-sdcard","$v":"Κάρτα SD"},{"$i":"search-header","$v":["Αναζήτηση: ",{"t":"idOrVar","v":"keyword"}]},{"$i":"file-exist","$v":["Το αρχείο ",{"t":"idOrVar","v":"fileName"}," υπάρχει ήδη σε αυτήν την τοποθεσία. Να διατηρηθούν και τα δύο στοιχεία;"]},{"$i":"paste-error","$v":"Δεν είναι δυνατή η επικόλληση φακέλου στον ίδιο τον φάκελο."},{"$i":"move-error","$v":"Δεν είναι δυνατή η μετακίνηση φακέλου στον ίδιο τον φάκελο."},{"$i":"new-folder-error","$v":["Το όνομα ",{"t":"idOrVar","v":"folderName"}," χρησιμοποιείται ήδη. Επιλέξτε άλλο όνομα."]},{"$i":"searching","$v":"Αναζήτηση…"},{"$i":"loading","$v":"Φόρτωση..."},{"$i":"search-empty","$v":"Δεν βρέθηκε"},{"$i":"new-folder-invalid","$v":["Το όνομα ",{"t":"idOrVar","v":"folderName"}," δεν είναι έγκυρο. Επιλέξτε άλλο όνομα."]},{"$i":"progress-head-copy","$v":"Αντιγραφή"},{"$i":"progress-content-copy","$v":"Αντιγραφή στοιχείου"},{"$i":"progress-head-move","$v":"Μετακίνηση"},{"$i":"progress-content-move","$v":"Μετακίνηση στοιχείου"},{"$i":"unsupport-folder-name","$v":{"$o":"Δεν είναι δυνατή η χρήση ονόματος με μη υποστηριζόμενους χαρακτήρες: \\/:*?&quot;&lt;&gt;|"}},{"$i":"unsupport-string","$v":{"$o":["Δεν είναι δυνατή η ",{"t":"idOrVar","v":"name"}," ενός αρχείου αν το όνομα περιέχει μη υποστ. χαρακτ.: \\/:*?\"<>|"]}},{"$i":"not-enough-space","$v":"Δεν υπάρχει αρκετός διαθέσιμος χώρος"},{"$i":"error-while-moving","$v":"Σφάλμα κατά τη μετακίνηση"},{"$i":"error-while-copying","$v":"Σφάλμα κατά την αντιγραφή"},{"$i":"rename-not-suffix","$v":"Το αρχείο ενδέχεται να μην είναι δυνατόν να ανοίξει, εάν αλλάξετε την επέκταση. Να γίνει η αλλαγή;"},{"$i":"open","$v":"Άνοιγμα"},{"$i":"options","$v":"Επιλογές"},{"$i":"ok","$v":"OK"},{"$i":"cancel","$v":"Ακύρωση"},{"$i":"change","$v":"Αλλαγή"},{"$i":"paste","$v":"Επικόλληση"},{"$i":"select","$v":"Επιλογή"},{"$i":"deselect","$v":"Αναίρεση επιλογής"},{"$i":"replace","$v":"Αντικατάσταση"},{"$i":"keep-both","$v":"Διατήρηση και των δύο"},{"$i":"delete","$v":"Διαγραφή"},{"$i":"copy","$v":"Αντιγραφή"},{"$i":"move","$v":"Μετακίνηση"},{"$i":"rename","$v":"Μετονομασία"},{"$i":"select-items","$v":"Επιλογή στοιχείων"},{"$i":"new-folder","$v":"Νέος φάκελος"},{"$i":"search","$v":"Αναζήτηση"},{"$i":"refresh","$v":"Ανανέωση"},{"$i":"details","$v":"Λεπτομέρειες"},{"$i":"share","$v":"Κοινή χρήση"},{"$i":"select-all","$v":"Επιλογή όλων"},{"$i":"deselect-all","$v":"Αναίρεση επιλογής όλων"},{"$i":"detail-header","$v":"Λεπτομέρειες"},{"$i":"detail-name","$v":"Όνομα"},{"$i":"detail-location","$v":"Θέση"},{"$i":"detail-type","$v":"Τύπος"},{"$i":"detail-created","$v":"Δημιουργήθηκε"},{"$i":"detail-size","$v":"Μέγεθος"},{"$i":"folder","$v":"φάκελος"},{"$i":"type-unknow","$v":"άγνωστο"},{"$i":"B","$v":"B"},{"$i":"KB","$v":"KB"},{"$i":"MB","$v":"MB"},{"$i":"GB","$v":"GB"},{"$i":"item-deleted","$v":"Το στοιχείο διαγράφηκε."},{"$i":"items-deleted","$v":"Τα στοιχεία διαγράφηκαν."},{"$i":"item-copied","$v":"Το στοιχείο αντιγράφηκε."},{"$i":"items-copied","$v":"Στοιχεία που αντιγράφηκαν."},{"$i":"item-moved","$v":"Το στοιχείο μετακινήθηκε."},{"$i":"items-moved","$v":"Τα στοιχεία μετακινήθηκαν."},{"$i":"file-renamed","$v":"Το αρχείο μετονομάστηκε."},{"$i":"folder-renamed","$v":"Ο φάκελος μετονομάστηκε."},{"$i":"folder-created","$v":"Δημιουργήθηκε φάκελος."},{"$i":"refresh-completed","$v":"Η ανανέωση ολοκληρώθηκε."},{"$i":"itmes-not-copied","$v":[{"t":"idOrVar","v":"num"}," στοιχεία δεν αντιγράφηκαν."]},{"$i":"itmes-not-moved","$v":[{"t":"idOrVar","v":"num"}," στοιχεία δεν μετακινήθηκαν."]},{"$i":"weekday-0-long","$v":"Κυριακή"},{"$i":"weekday-1-long","$v":"Δευτέρα"},{"$i":"weekday-2-long","$v":"Τρίτη"},{"$i":"weekday-3-long","$v":"Τετάρτη"},{"$i":"weekday-4-long","$v":"Πέμπτη"},{"$i":"weekday-5-long","$v":"Παρασκευή"},{"$i":"weekday-6-long","$v":"Σάββατο"},{"$i":"weekday-0-short","$v":"Κυρ"},{"$i":"weekday-1-short","$v":"Δευ"},{"$i":"weekday-2-short","$v":"Τρ"},{"$i":"weekday-3-short","$v":"Τετ"},{"$i":"weekday-4-short","$v":"Πέμ"},{"$i":"weekday-5-short","$v":"Παρ"},{"$i":"weekday-6-short","$v":"Σάβ"},{"$i":"month-0-long","$v":"Ιανουάριος"},{"$i":"month-1-long","$v":"Φεβρουάριος"},{"$i":"month-2-long","$v":"Μάρτιος"},{"$i":"month-3-long","$v":"Απρίλιος"},{"$i":"month-4-long","$v":"Μάιος"},{"$i":"month-5-long","$v":"Ιούνιος"},{"$i":"month-6-long","$v":"Ιούλιος"},{"$i":"month-7-long","$v":"Αύγουστος"},{"$i":"month-8-long","$v":"Σεπτέμβριος"},{"$i":"month-9-long","$v":"Οκτώβριος"},{"$i":"month-10-long","$v":"Νοέμβριος"},{"$i":"month-11-long","$v":"Δεκέμβριος"},{"$i":"month-0-genitive","$v":"Ιανουάριος"},{"$i":"month-1-genitive","$v":"Φεβρουάριος"},{"$i":"month-2-genitive","$v":"Μάρτιος"},{"$i":"month-3-genitive","$v":"Απρίλιος"},{"$i":"month-4-genitive","$v":"Μάι"},{"$i":"month-5-genitive","$v":"Ιούνιος"},{"$i":"month-6-genitive","$v":"Ιούλιος"},{"$i":"month-7-genitive","$v":"Αύγουστος"},{"$i":"month-8-genitive","$v":"Σεπτέμβριος"},{"$i":"month-9-genitive","$v":"Οκτώβριος"},{"$i":"month-10-genitive","$v":"Νοέμβριος"},{"$i":"month-11-genitive","$v":"Δεκέμβριος"},{"$i":"month-0-short","$v":"Ιαν"},{"$i":"month-1-short","$v":"Φεβ"},{"$i":"month-2-short","$v":"Μάρ"},{"$i":"month-3-short","$v":"Απρ"},{"$i":"month-4-short","$v":"Μάι"},{"$i":"month-5-short","$v":"Ιούν"},{"$i":"month-6-short","$v":"Ιούλ"},{"$i":"month-7-short","$v":"Αύγ"},{"$i":"month-8-short","$v":"Σεπ"},{"$i":"month-9-short","$v":"Οκτ"},{"$i":"month-10-short","$v":"Νοέ"},{"$i":"month-11-short","$v":"Δεκ"},{"$i":"minutes-ago-long","$v":{"few":[{"t":"idOrVar","v":"value"}," λεπτά πριν"],"many":[{"t":"idOrVar","v":"value"}," λεπτά πριν"],"other":[{"t":"idOrVar","v":"value"}," λεπτά πριν"],"two":[{"t":"idOrVar","v":"value"}," λεπτά πριν"],"one":"ένα λεπτό πριν","zero":"μόλις τώρα"},"$x":[{"t":"idOrVar","v":"plural"},"value"]},{"$i":"hours-ago-long","$v":{"few":[{"t":"idOrVar","v":"value"}," ώρες πριν"],"many":[{"t":"idOrVar","v":"value"}," ώρες πριν"],"other":[{"t":"idOrVar","v":"value"}," ώρες πριν"],"two":[{"t":"idOrVar","v":"value"}," ώρες πριν"],"one":"Πριν από 1 ώρα","zero":"μόλις τώρα"},"$x":[{"t":"idOrVar","v":"plural"},"value"]},{"$i":"days-ago-long","$v":{"few":[{"t":"idOrVar","v":"value"}," ημέρες πριν"],"many":[{"t":"idOrVar","v":"value"}," ημέρες πριν"],"one":"χθες","other":[{"t":"idOrVar","v":"value"}," ημέρες πριν"],"two":[{"t":"idOrVar","v":"value"}," ημέρες πριν"],"zero":"σήμερα"},"$x":[{"t":"idOrVar","v":"plural"},"value"]},{"$i":"weeks-ago-long","$v":{"few":[{"t":"idOrVar","v":"value"}," εβδομάδες πριν"],"many":[{"t":"idOrVar","v":"value"}," εβδομάδες πριν"],"one":"προηγούμενη εβδομάδα","other":[{"t":"idOrVar","v":"value"}," εβδομάδες πριν"],"two":[{"t":"idOrVar","v":"value"}," εβδομάδες πριν"],"zero":"αυτήν την εβδομάδα"},"$x":[{"t":"idOrVar","v":"plural"},"value"]},{"$i":"months-ago-long","$v":{"few":[{"t":"idOrVar","v":"value"}," μήνες πριν"],"many":[{"t":"idOrVar","v":"value"}," μήνες πριν"],"one":"τελευταίος μήνας","other":[{"t":"idOrVar","v":"value"}," μήνες πριν"],"two":[{"t":"idOrVar","v":"value"}," μήνες πριν"],"zero":"αυτόν τον μήνα"},"$x":[{"t":"idOrVar","v":"plural"},"value"]},{"$i":"years-ago-long","$v":{"few":[{"t":"idOrVar","v":"value"}," έτη πριν"],"many":[{"t":"idOrVar","v":"value"}," έτη πριν"],"one":"προηγούμενο έτος","other":[{"t":"idOrVar","v":"value"}," έτη πριν"],"two":[{"t":"idOrVar","v":"value"}," έτη πριν"],"zero":"αυτό το έτος"},"$x":[{"t":"idOrVar","v":"plural"},"value"]},{"$i":"minutes-until-long","$v":{"few":["σε ",{"t":"idOrVar","v":"value"}," λεπτά"],"many":["σε ",{"t":"idOrVar","v":"value"}," λεπτά"],"other":["σε ",{"t":"idOrVar","v":"value"}," λεπτά"],"two":["σε ",{"t":"idOrVar","v":"value"}," λεπτά"],"zero":"τώρα","one":"σε 1 λεπτό"},"$x":[{"t":"idOrVar","v":"plural"},"value"]},{"$i":"hours-until-long","$v":{"few":["σε ",{"t":"idOrVar","v":"value"}," ώρες"],"many":["σε ",{"t":"idOrVar","v":"value"}," ώρες"],"other":["σε ",{"t":"idOrVar","v":"value"}," ώρες"],"two":["σε ",{"t":"idOrVar","v":"value"}," ώρες"],"zero":"τώρα","one":"σε 1 ώρα"},"$x":[{"t":"idOrVar","v":"plural"},"value"]},{"$i":"days-until-long","$v":{"few":["σε ",{"t":"idOrVar","v":"value"}," ημέρες"],"many":["σε ",{"t":"idOrVar","v":"value"}," ημέρες"],"one":"αύριο","other":["σε ",{"t":"idOrVar","v":"value"}," ημέρες"],"two":["σε ",{"t":"idOrVar","v":"value"}," ημέρες"],"zero":"σήμερα"},"$x":[{"t":"idOrVar","v":"plural"},"value"]},{"$i":"weeks-until-long","$v":{"few":["σε ",{"t":"idOrVar","v":"value"}," εβδομάδες"],"many":["σε ",{"t":"idOrVar","v":"value"}," εβδομάδες"],"one":"επόμενη εβδομάδα","other":["σε ",{"t":"idOrVar","v":"value"}," εβδομάδες"],"two":["σε ",{"t":"idOrVar","v":"value"}," εβδομάδες"],"zero":"αυτήν την εβδομάδα"},"$x":[{"t":"idOrVar","v":"plural"},"value"]},{"$i":"months-until-long","$v":{"few":["σε ",{"t":"idOrVar","v":"value"}," μήνες"],"many":["σε ",{"t":"idOrVar","v":"value"}," μήνες"],"one":"επόμενος μήνας","other":["σε ",{"t":"idOrVar","v":"value"}," μήνες"],"two":["σε ",{"t":"idOrVar","v":"value"}," μήνες"],"zero":"αυτόν τον μήνα"},"$x":[{"t":"idOrVar","v":"plural"},"value"]},{"$i":"years-until-long","$v":{"few":["σε ",{"t":"idOrVar","v":"value"}," έτη"],"many":["σε ",{"t":"idOrVar","v":"value"}," έτη"],"one":"επόμενο έτος","other":["σε ",{"t":"idOrVar","v":"value"}," έτη"],"two":["σε ",{"t":"idOrVar","v":"value"}," έτη"],"zero":"αυτό το έτος"},"$x":[{"t":"idOrVar","v":"plural"},"value"]},{"$i":"minutes-ago-short","$v":{"other":[{"t":"idOrVar","v":"value"}," μήνα πριν"],"zero":"μόλις τώρα"},"$x":[{"t":"idOrVar","v":"plural"},"value"]},{"$i":"hours-ago-short","$v":{"other":[{"t":"idOrVar","v":"value"}," ώρες πριν"],"zero":"μόλις τώρα"},"$x":[{"t":"idOrVar","v":"plural"},"value"]},{"$i":"days-ago-short","$v":{"other":[{"t":"idOrVar","v":"value"}," ημ. πριν"],"zero":"σήμερα"},"$x":[{"t":"idOrVar","v":"plural"},"value"]},{"$i":"minutes-until-short","$v":{"other":["σε ",{"t":"idOrVar","v":"value"}," λεπτ."],"zero":"τώρα"},"$x":[{"t":"idOrVar","v":"plural"},"value"]},{"$i":"hours-until-short","$v":{"other":["σε ",{"t":"idOrVar","v":"value"}," ώρ."],"zero":"τώρα"},"$x":[{"t":"idOrVar","v":"plural"},"value"]},{"$i":"days-until-short","$v":{"other":["σε ",{"t":"idOrVar","v":"value"}," ημ."],"zero":"σήμερα"},"$x":[{"t":"idOrVar","v":"plural"},"value"]},{"$i":"incorrectDate","$v":"(εσφαλμένη ημερομηνία)"},{"$i":"dateTimeFormat_%c","$v":"%a %b %e %Y %I:%M:%S %p"},{"$i":"dateTimeFormat_%x","$v":"%m/%d/%Y"},{"$i":"dateTimeFormat_%X","$v":"%I:%M:%S %p"},{"$i":"shortTimeFormat","$v":"%I:%M %p"},{"$i":"shortTimeFormat12","$v":"%I:%M %p"},{"$i":"shortTimeFormat24","$v":"%H:%M"},{"$i":"shortDateTimeFormat","$v":"%x %I:%M %p"},{"$i":"weekStartsOnMonday","$v":"0.0"},{"$i":"firstDayOfTheWeek","$v":"1.0"},{"$i":"time_am","$v":"ΠΜ"},{"$i":"time_pm","$v":"ΜΜ"}]