[{"$i":"filemanager","$v":"Failihaldur"},{"$i":"internal","$v":"Sisemine"},{"$i":"sdcard","$v":"SD-kaart"},{"$i":"no-files","$v":"See kaust on tühi."},{"$i":"not-support-header","$v":"Ei saa avada"},{"$i":"not-support-content","$v":"Faili vorming on kehtetu või seda ei toetata."},{"$i":"confirmation-header","$v":"Kinnitus"},{"$i":"delete-file-content","$v":["Kas kust. fail ",{"t":"idOrVar","v":"fileName"},"?"]},{"$i":"delete-folder-content","$v":["Kõik valitud kaustas olevad üksused kustutatakse. Kas kust. kaust ",{"t":"idOrVar","v":"fileName"},"?"]},{"$i":"copy-move-header","$v":"Vali sihtkaust"},{"$i":"number-selected","$v":{"few":[{"t":"idOrVar","v":"number"}," valitud"],"many":[{"t":"idOrVar","v":"number"}," valitud"],"one":[{"t":"idOrVar","v":"number"}," valitud"],"other":[{"t":"idOrVar","v":"number"}," valitud"],"two":[{"t":"idOrVar","v":"number"}," valitud"],"zero":[{"t":"idOrVar","v":"number"}," valitud"]},"$x":[{"t":"idOrVar","v":"plural"},"number"]},{"$i":"delete-all-folder","$v":"Kõik valitud kaustas olevad üksused kustutatakse. Kas kust. valitud üksused?"},{"$i":"delete-all-file","$v":"Kas kust. valitud üksused?"},{"$i":"search-in","$v":"Otsimiskoht:"},{"$i":"search-current","$v":"Ainult praegune kaust"},{"$i":"search-internal","$v":"Sisemine"},{"$i":"search-sdcard","$v":"SD-kaart"},{"$i":"search-header","$v":["Otsi: ",{"t":"idOrVar","v":"keyword"}]},{"$i":"file-exist","$v":[{"t":"idOrVar","v":"fileName"}," on juba selles kohas olemas. Jätta mõlemad?"]},{"$i":"paste-error","$v":"Kausta ei saa iseendasse kleepida."},{"$i":"move-error","$v":"Kausta ei saa endasse teisaldada."},{"$i":"new-folder-error","$v":["Nimi ",{"t":"idOrVar","v":"folderName"}," on juba võetud. Valige teine nimi."]},{"$i":"searching","$v":"Otsin…"},{"$i":"loading","$v":"Laadimine …"},{"$i":"search-empty","$v":"Ei leitud"},{"$i":"new-folder-invalid","$v":["Nimi ",{"t":"idOrVar","v":"folderName"}," on vale. Valige teine nimi."]},{"$i":"progress-head-copy","$v":"Kopeerimine"},{"$i":"progress-content-copy","$v":"Üksuse kopeerimine"},{"$i":"progress-head-move","$v":"Teisaldamine"},{"$i":"progress-content-move","$v":"Üksuse teisaldamine"},{"$i":"unsupport-folder-name","$v":{"$o":"Ei saa kasutada nime, mis sisaldab toetuseta märke: \\/:*?&quot;&lt;&gt;|"}},{"$i":"unsupport-string","$v":{"$o":["Toetuseta märke \\/:*?\"<>| sisaldava nimega faili ei saa ",{"t":"idOrVar","v":"name"}]}},{"$i":"not-enough-space","$v":"Pole piisavalt ruumi"},{"$i":"error-while-moving","$v":"Teisaldamisel esines viga"},{"$i":"error-while-copying","$v":"Kopeerimisel esines viga"},{"$i":"rename-not-suffix","$v":"Pärast laienduse muutmist ei pruugi fail avaneda. Kas muuta siiski?"},{"$i":"open","$v":"Ava"},{"$i":"options","$v":"Valikud"},{"$i":"ok","$v":"OK"},{"$i":"cancel","$v":"Tühista"},{"$i":"change","$v":"Muuda"},{"$i":"paste","$v":"Kleebi"},{"$i":"select","$v":"Vali"},{"$i":"deselect","$v":"Tühista valik"},{"$i":"replace","$v":"Asenda"},{"$i":"keep-both","$v":"Jäta mõlemad"},{"$i":"delete","$v":"Kustuta"},{"$i":"copy","$v":"Kopeeri"},{"$i":"move","$v":"Teisalda"},{"$i":"rename","$v":"Muuda nime"},{"$i":"select-items","$v":"Vali üksused"},{"$i":"new-folder","$v":"Uus kaust"},{"$i":"search","$v":"Otsi"},{"$i":"refresh","$v":"Värskenda"},{"$i":"details","$v":"Andmed"},{"$i":"share","$v":"Jaga"},{"$i":"select-all","$v":"Valige kõik"},{"$i":"deselect-all","$v":"Eemalda kõigilt valik"},{"$i":"detail-header","$v":"Andmed"},{"$i":"detail-name","$v":"Nimi"},{"$i":"detail-location","$v":"Asukoht"},{"$i":"detail-type","$v":"Tüüp"},{"$i":"detail-created","$v":"Loodud"},{"$i":"detail-size","$v":"Suurus"},{"$i":"folder","$v":"kaust"},{"$i":"type-unknow","$v":"tundmatu"},{"$i":"B","$v":"B"},{"$i":"KB","$v":"kB"},{"$i":"MB","$v":"MB"},{"$i":"GB","$v":"GB"},{"$i":"item-deleted","$v":"Üksus kustutatud."},{"$i":"items-deleted","$v":"Üksused kustutatud."},{"$i":"item-copied","$v":"Üksus kopeeritakse."},{"$i":"items-copied","$v":"Kopeeritud elemendid."},{"$i":"item-moved","$v":"Üksus liigutati."},{"$i":"items-moved","$v":"Teisaldatud üksused."},{"$i":"file-renamed","$v":"Fail ümber nimetati."},{"$i":"folder-renamed","$v":"Kaust nimetati ümber."},{"$i":"folder-created","$v":"Kaust on loodud."},{"$i":"refresh-completed","$v":"Värskendamine on lõpetatud."},{"$i":"itmes-not-copied","$v":[{"t":"idOrVar","v":"num"}," üksust ei kopeeritud."]},{"$i":"itmes-not-moved","$v":[{"t":"idOrVar","v":"num"}," üksust ei kopeeritud."]},{"$i":"weekday-0-long","$v":"Pühapäev"},{"$i":"weekday-1-long","$v":"Esmaspäev"},{"$i":"weekday-2-long","$v":"Teisipäev"},{"$i":"weekday-3-long","$v":"Kolmapäev"},{"$i":"weekday-4-long","$v":"Neljapäev"},{"$i":"weekday-5-long","$v":"Reede"},{"$i":"weekday-6-long","$v":"Laupäev"},{"$i":"weekday-0-short","$v":"P"},{"$i":"weekday-1-short","$v":"E"},{"$i":"weekday-2-short","$v":"T"},{"$i":"weekday-3-short","$v":"K"},{"$i":"weekday-4-short","$v":"N"},{"$i":"weekday-5-short","$v":"R"},{"$i":"weekday-6-short","$v":"L"},{"$i":"month-0-long","$v":"Jaanuar"},{"$i":"month-1-long","$v":"Veebruar"},{"$i":"month-2-long","$v":"Märts"},{"$i":"month-3-long","$v":"Aprill"},{"$i":"month-4-long","$v":"Mai"},{"$i":"month-5-long","$v":"Juuni"},{"$i":"month-6-long","$v":"Juuli"},{"$i":"month-7-long","$v":"August"},{"$i":"month-8-long","$v":"September"},{"$i":"month-9-long","$v":"Oktoober"},{"$i":"month-10-long","$v":"November"},{"$i":"month-11-long","$v":"Detsember"},{"$i":"month-0-genitive","$v":"Jaanuar"},{"$i":"month-1-genitive","$v":"Veebruar"},{"$i":"month-2-genitive","$v":"Märts"},{"$i":"month-3-genitive","$v":"Aprill"},{"$i":"month-4-genitive","$v":"Mai"},{"$i":"month-5-genitive","$v":"Juuni"},{"$i":"month-6-genitive","$v":"Juuli"},{"$i":"month-7-genitive","$v":"August"},{"$i":"month-8-genitive","$v":"September"},{"$i":"month-9-genitive","$v":"Oktoober"},{"$i":"month-10-genitive","$v":"November"},{"$i":"month-11-genitive","$v":"Detsember"},{"$i":"month-0-short","$v":"jaan"},{"$i":"month-1-short","$v":"veebr"},{"$i":"month-2-short","$v":"märts"},{"$i":"month-3-short","$v":"apr"},{"$i":"month-4-short","$v":"Mai"},{"$i":"month-5-short","$v":"juuni"},{"$i":"month-6-short","$v":"juuli"},{"$i":"month-7-short","$v":"aug"},{"$i":"month-8-short","$v":"sept"},{"$i":"month-9-short","$v":"okt"},{"$i":"month-10-short","$v":"nov"},{"$i":"month-11-short","$v":"dets"},{"$i":"minutes-ago-long","$v":{"few":[{"t":"idOrVar","v":"value"}," minutit tagasi"],"many":[{"t":"idOrVar","v":"value"}," minutit tagasi"],"other":[{"t":"idOrVar","v":"value"}," minutit tagasi"],"two":[{"t":"idOrVar","v":"value"}," minutit tagasi"],"one":"üks minut tagasi","zero":"just nüüd"},"$x":[{"t":"idOrVar","v":"plural"},"value"]},{"$i":"hours-ago-long","$v":{"few":[{"t":"idOrVar","v":"value"}," tundi tagasi"],"many":[{"t":"idOrVar","v":"value"}," tundi tagasi"],"other":[{"t":"idOrVar","v":"value"}," tundi tagasi"],"two":[{"t":"idOrVar","v":"value"}," tundi tagasi"],"one":"1 tund tagasi","zero":"just nüüd"},"$x":[{"t":"idOrVar","v":"plural"},"value"]},{"$i":"days-ago-long","$v":{"few":[{"t":"idOrVar","v":"value"}," päeva tagasi"],"many":[{"t":"idOrVar","v":"value"}," päeva tagasi"],"one":"eile","other":[{"t":"idOrVar","v":"value"}," päeva tagasi"],"two":[{"t":"idOrVar","v":"value"}," päeva tagasi"],"zero":"täna"},"$x":[{"t":"idOrVar","v":"plural"},"value"]},{"$i":"weeks-ago-long","$v":{"few":[{"t":"idOrVar","v":"value"}," nädalat tagasi"],"many":[{"t":"idOrVar","v":"value"}," nädalat tagasi"],"one":"eelmine nädal","other":[{"t":"idOrVar","v":"value"}," nädalat tagasi"],"two":[{"t":"idOrVar","v":"value"}," nädalat tagasi"],"zero":"sel nädalal"},"$x":[{"t":"idOrVar","v":"plural"},"value"]},{"$i":"months-ago-long","$v":{"few":[{"t":"idOrVar","v":"value"}," kuud tagasi"],"many":[{"t":"idOrVar","v":"value"}," kuud tagasi"],"one":"eelmine kuu","other":[{"t":"idOrVar","v":"value"}," kuud tagasi"],"two":[{"t":"idOrVar","v":"value"}," kuud tagasi"],"zero":"see kuu"},"$x":[{"t":"idOrVar","v":"plural"},"value"]},{"$i":"years-ago-long","$v":{"few":[{"t":"idOrVar","v":"value"}," aastat tagasi"],"many":[{"t":"idOrVar","v":"value"}," aastat tagasi"],"one":"eelmine aasta","other":[{"t":"idOrVar","v":"value"}," aastat tagasi"],"two":[{"t":"idOrVar","v":"value"}," aastat tagasi"],"zero":"see aasta"},"$x":[{"t":"idOrVar","v":"plural"},"value"]},{"$i":"minutes-until-long","$v":{"few":[{"t":"idOrVar","v":"value"}," minuti pärast"],"many":[{"t":"idOrVar","v":"value"}," minuti pärast"],"other":[{"t":"idOrVar","v":"value"}," minuti pärast"],"two":[{"t":"idOrVar","v":"value"}," minuti pärast"],"zero":"kohe","one":"1 minutiga"},"$x":[{"t":"idOrVar","v":"plural"},"value"]},{"$i":"hours-until-long","$v":{"few":[{"t":"idOrVar","v":"value"}," tunni pärast"],"many":[{"t":"idOrVar","v":"value"}," tunni pärast"],"other":[{"t":"idOrVar","v":"value"}," tunni pärast"],"two":[{"t":"idOrVar","v":"value"}," tunni pärast"],"zero":"kohe","one":"1 tunni pärast"},"$x":[{"t":"idOrVar","v":"plural"},"value"]},{"$i":"days-until-long","$v":{"few":[{"t":"idOrVar","v":"value"}," päeva pärast"],"many":[{"t":"idOrVar","v":"value"}," päeva pärast"],"one":"homme","other":[{"t":"idOrVar","v":"value"}," päeva pärast"],"two":[{"t":"idOrVar","v":"value"}," päeva pärast"],"zero":"täna"},"$x":[{"t":"idOrVar","v":"plural"},"value"]},{"$i":"weeks-until-long","$v":{"few":[{"t":"idOrVar","v":"value"}," nädala pärast"],"many":[{"t":"idOrVar","v":"value"}," nädala pärast"],"one":"järgmine nädal","other":[{"t":"idOrVar","v":"value"}," nädala pärast"],"two":[{"t":"idOrVar","v":"value"}," nädala pärast"],"zero":"sel nädalal"},"$x":[{"t":"idOrVar","v":"plural"},"value"]},{"$i":"months-until-long","$v":{"few":[{"t":"idOrVar","v":"value"}," kuu pärast"],"many":[{"t":"idOrVar","v":"value"}," kuu pärast"],"one":"järgmine kuu","other":[{"t":"idOrVar","v":"value"}," kuu pärast"],"two":[{"t":"idOrVar","v":"value"}," kuu pärast"],"zero":"see kuu"},"$x":[{"t":"idOrVar","v":"plural"},"value"]},{"$i":"years-until-long","$v":{"few":[{"t":"idOrVar","v":"value"}," aasta pärast"],"many":[{"t":"idOrVar","v":"value"}," aasta pärast"],"one":"järgmine aasta","other":[{"t":"idOrVar","v":"value"}," aasta pärast"],"two":[{"t":"idOrVar","v":"value"}," aasta pärast"],"zero":"see aasta"},"$x":[{"t":"idOrVar","v":"plural"},"value"]},{"$i":"minutes-ago-short","$v":{"other":[{"t":"idOrVar","v":"value"}," m tagasi"],"zero":"just nüüd"},"$x":[{"t":"idOrVar","v":"plural"},"value"]},{"$i":"hours-ago-short","$v":{"other":[{"t":"idOrVar","v":"value"}," h tagasi"],"zero":"just nüüd"},"$x":[{"t":"idOrVar","v":"plural"},"value"]},{"$i":"days-ago-short","$v":{"other":[{"t":"idOrVar","v":"value"}," p tagasi"],"zero":"täna"},"$x":[{"t":"idOrVar","v":"plural"},"value"]},{"$i":"minutes-until-short","$v":{"other":[{"t":"idOrVar","v":"value"}," min pärast"],"zero":"kohe"},"$x":[{"t":"idOrVar","v":"plural"},"value"]},{"$i":"hours-until-short","$v":{"other":[{"t":"idOrVar","v":"value"},"h pärast"],"zero":"kohe"},"$x":[{"t":"idOrVar","v":"plural"},"value"]},{"$i":"days-until-short","$v":{"other":[{"t":"idOrVar","v":"value"},"p pärast"],"zero":"täna"},"$x":[{"t":"idOrVar","v":"plural"},"value"]},{"$i":"incorrectDate","$v":"(vale kuupäev)"},{"$i":"dateTimeFormat_%c","$v":"%a %b %e %Y %I:%M:%S %p"},{"$i":"dateTimeFormat_%x","$v":"%m/%d/%Y"},{"$i":"dateTimeFormat_%X","$v":"%I:%M:%S %p"},{"$i":"shortTimeFormat","$v":"%I:%M %p"},{"$i":"shortTimeFormat12","$v":"%I:%M %p"},{"$i":"shortTimeFormat24","$v":"%H:%M"},{"$i":"shortDateTimeFormat","$v":"%x %I:%M %p"},{"$i":"weekStartsOnMonday","$v":"0.0"},{"$i":"firstDayOfTheWeek","$v":"1.0"},{"$i":"time_am","$v":"AM"},{"$i":"time_pm","$v":"PM"}]