[{"$i":"filemanager","$v":"مدیر فایل"},{"$i":"internal","$v":"داخلی"},{"$i":"sdcard","$v":"کارت SD"},{"$i":"no-files","$v":"این پوشه خالی است."},{"$i":"not-support-header","$v":"نمی توانید باز کنید"},{"$i":"not-support-content","$v":"این فرمت فايل نامعتبر است یا پشتيبانی نمی شود."},{"$i":"confirmation-header","$v":"تأييد"},{"$i":"delete-file-content","$v":["فایل ",{"t":"idOrVar","v":"fileName"}," حذف شود؟"]},{"$i":"delete-folder-content","$v":["تمام موارد موجود در پوشه انتخابی حذف خواهند شد. پوشه ",{"t":"idOrVar","v":"fileName"}," حذف شود؟"]},{"$i":"copy-move-header","$v":"انتخاب پوشه هدف"},{"$i":"number-selected","$v":{"few":[{"t":"idOrVar","v":"number"}," مورد انتخاب شد"],"many":[{"t":"idOrVar","v":"number"}," مورد انتخاب شد"],"one":[{"t":"idOrVar","v":"number"}," مورد انتخاب شد"],"other":[{"t":"idOrVar","v":"number"}," مورد انتخاب شد"],"two":[{"t":"idOrVar","v":"number"}," مورد انتخاب شد"],"zero":[{"t":"idOrVar","v":"number"}," مورد انتخاب شد"]},"$x":[{"t":"idOrVar","v":"plural"},"n"]},{"$i":"delete-all-folder","$v":"تمام موارد موجود در پوشه انتخابی حذف خواهند شد. موارد انتخابی حذف شوند؟"},{"$i":"delete-all-file","$v":"فایل های انتخابی حذف شوند؟"},{"$i":"search-in","$v":"در حال جستجو در"},{"$i":"search-current","$v":"تنها پوشه جدید"},{"$i":"search-internal","$v":"داخلی"},{"$i":"search-sdcard","$v":"کارت SD"},{"$i":"search-header","$v":["جستجو: ",{"t":"idOrVar","v":"keyword"}]},{"$i":"file-exist","$v":[{"t":"idOrVar","v":"fileName"}," از قبل در این مکان موجود است. هر دو مورد نگه داشته شود؟"]},{"$i":"paste-error","$v":"نمی توانید پوشه را در خود جایگذاری کنید."},{"$i":"move-error","$v":"نمی توانید پوشه را به خود آن انتقال دهید."},{"$i":"new-folder-error","$v":["نام ",{"t":"idOrVar","v":"folderName"}," از قبل استفاده شده است. نام دیگری انتخاب کنید."]},{"$i":"searching","$v":"در حال جستجو..."},{"$i":"loading","$v":"در حال بارگيری..."},{"$i":"search-empty","$v":"یافت نشد"},{"$i":"new-folder-invalid","$v":["نام ",{"t":"idOrVar","v":"folderName"}," نامعتبر است. نام دیگری انتخاب کنید."]},{"$i":"progress-head-copy","$v":"در حال کپی کردن"},{"$i":"progress-content-copy","$v":"در حال کپی کردن مورد"},{"$i":"progress-head-move","$v":"در حال انتقال"},{"$i":"progress-content-move","$v":"در حال انتقال مورد"},{"$i":"unsupport-folder-name","$v":{"$o":"نمی توانید از نامی که شامل نویسه های پشتیبانی نشده است استفاده کنید: \\/:*?\"<>|"}},{"$i":"unsupport-string","$v":{"$o":["نمی تواند ",{"t":"idOrVar","v":"name"}," یک فایل با نامی محتوی نویسه های پشتیبانی نشده: \\/:*?\"<>|"]}},{"$i":"not-enough-space","$v":"فضای کافی موجود نیست"},{"$i":"error-while-moving","$v":"خطا هنگام انتقال"},{"$i":"error-while-copying","$v":"خطا هنگام کپی کردن"},{"$i":"rename-not-suffix","$v":"ممکن است بعد از تغییر پسوند، فایل باز نشود. با اینحال تغییر می دهید؟"},{"$i":"open","$v":"باز كردن"},{"$i":"options","$v":"گزینه ها"},{"$i":"ok","$v":"تأیید"},{"$i":"cancel","$v":"لغو کردن"},{"$i":"change","$v":"تغيير"},{"$i":"paste","$v":"جای گذاری"},{"$i":"select","$v":"انتخاب"},{"$i":"deselect","$v":"عدم انتخاب"},{"$i":"replace","$v":"جایگزینی"},{"$i":"keep-both","$v":"نگه داشتن هر دو"},{"$i":"delete","$v":"حذف"},{"$i":"copy","$v":"کپی"},{"$i":"move","$v":"انتقال"},{"$i":"rename","$v":"تغيير نام"},{"$i":"select-items","$v":"انتخاب موارد"},{"$i":"new-folder","$v":"پوشه جديد"},{"$i":"search","$v":"جستجو"},{"$i":"refresh","$v":"نوسازی"},{"$i":"details","$v":"جزئيات"},{"$i":"share","$v":"اشتراک"},{"$i":"select-all","$v":"انتخاب همه"},{"$i":"deselect-all","$v":"لغو انتخاب همه"},{"$i":"detail-header","$v":"جزئيات"},{"$i":"detail-name","$v":"نام"},{"$i":"detail-location","$v":"موقعیت"},{"$i":"detail-type","$v":"نوع"},{"$i":"detail-created","$v":"ايجاد شد"},{"$i":"detail-size","$v":"اندازه"},{"$i":"folder","$v":"پوشه"},{"$i":"type-unknow","$v":"ناشناخته"},{"$i":"B","$v":"بایت"},{"$i":"KB","$v":"کیلوبایت"},{"$i":"MB","$v":"مگابایت"},{"$i":"GB","$v":"گیگابایت"},{"$i":"item-deleted","$v":"مورد حذف شد."},{"$i":"items-deleted","$v":"موارد حذف شدند."},{"$i":"item-copied","$v":"مورد کپی شد."},{"$i":"items-copied","$v":"موارد کپی شدند."},{"$i":"item-moved","$v":"مورد منتقل شد."},{"$i":"items-moved","$v":"موارد منتقل شدند."},{"$i":"file-renamed","$v":"نام فایل تغییر کرد."},{"$i":"folder-renamed","$v":"نام پوشه تغییر کرد."},{"$i":"folder-created","$v":"پوشه ایجاد شد."},{"$i":"refresh-completed","$v":"نوسازی کامل شد."},{"$i":"itmes-not-copied","$v":[{"t":"idOrVar","v":"num"}," موارد کپی نمی شوند."]},{"$i":"itmes-not-moved","$v":[{"t":"idOrVar","v":"num"}," موارد منتقل نمی شوند."]},{"$i":"weekday-0-long","$v":"يكشنبه"},{"$i":"weekday-1-long","$v":"دوشنبه"},{"$i":"weekday-2-long","$v":"سه شنبه"},{"$i":"weekday-3-long","$v":"چهارشنبه"},{"$i":"weekday-4-long","$v":"پنج شنبه"},{"$i":"weekday-5-long","$v":"جمعه"},{"$i":"weekday-6-long","$v":"شنبه"},{"$i":"weekday-0-short","$v":"یکشنبه"},{"$i":"weekday-1-short","$v":"دوشنبه"},{"$i":"weekday-2-short","$v":"سه شنبه"},{"$i":"weekday-3-short","$v":"چهارشنبه"},{"$i":"weekday-4-short","$v":"پنج شنبه"},{"$i":"weekday-5-short","$v":"جمعه"},{"$i":"weekday-6-short","$v":"شنبه"},{"$i":"month-0-long","$v":"ژانویه"},{"$i":"month-1-long","$v":"فوریه"},{"$i":"month-2-long","$v":"مارس"},{"$i":"month-3-long","$v":"آوریل"},{"$i":"month-4-long","$v":"مه"},{"$i":"month-5-long","$v":"ژوئن"},{"$i":"month-6-long","$v":"ژوئیه"},{"$i":"month-7-long","$v":"اوت"},{"$i":"month-8-long","$v":"سپتامبر"},{"$i":"month-9-long","$v":"اکتبر"},{"$i":"month-10-long","$v":"نوامبر"},{"$i":"month-11-long","$v":"دسامبر"},{"$i":"month-0-genitive","$v":"ژانویه"},{"$i":"month-1-genitive","$v":"فوریه"},{"$i":"month-2-genitive","$v":"مارس"},{"$i":"month-3-genitive","$v":"آوریل"},{"$i":"month-4-genitive","$v":"مه"},{"$i":"month-5-genitive","$v":"ژوئن"},{"$i":"month-6-genitive","$v":"ژوئیه"},{"$i":"month-7-genitive","$v":"اوت"},{"$i":"month-8-genitive","$v":"سپتامبر"},{"$i":"month-9-genitive","$v":"اکتبر"},{"$i":"month-10-genitive","$v":"نوامبر"},{"$i":"month-11-genitive","$v":"دسامبر"},{"$i":"month-0-short","$v":"ژانويه"},{"$i":"month-1-short","$v":"فوريه"},{"$i":"month-2-short","$v":"مارس"},{"$i":"month-3-short","$v":"آوريل"},{"$i":"month-4-short","$v":"مه"},{"$i":"month-5-short","$v":"ژوئن"},{"$i":"month-6-short","$v":"ژوئيه"},{"$i":"month-7-short","$v":"اوت"},{"$i":"month-8-short","$v":"سپتامبر"},{"$i":"month-9-short","$v":"اكتبر"},{"$i":"month-10-short","$v":"نوامبر"},{"$i":"month-11-short","$v":"دسامبر"},{"$i":"minutes-ago-long","$v":{"few":[{"t":"idOrVar","v":"value"}," دقیقه قبل"],"many":[{"t":"idOrVar","v":"value"}," دقیقه قبل"],"other":[{"t":"idOrVar","v":"value"}," دقیقه قبل"],"two":[{"t":"idOrVar","v":"value"}," دقیقه قبل"],"one":"یک دقيقه قبل","zero":"درست اکنون"},"$x":[{"t":"idOrVar","v":"plural"},"value"]},{"$i":"hours-ago-long","$v":{"few":[{"t":"idOrVar","v":"value"}," ساعت قبل"],"many":[{"t":"idOrVar","v":"value"}," ساعت قبل"],"other":[{"t":"idOrVar","v":"value"}," ساعت قبل"],"two":[{"t":"idOrVar","v":"value"}," ساعت قبل"],"one":"یک ساعت قبل","zero":"درست اکنون"},"$x":[{"t":"idOrVar","v":"plural"},"value"]},{"$i":"days-ago-long","$v":{"few":[{"t":"idOrVar","v":"value"}," روز قبل"],"many":[{"t":"idOrVar","v":"value"}," روز قبل"],"one":"دیروز","other":[{"t":"idOrVar","v":"value"}," روز قبل"],"two":[{"t":"idOrVar","v":"value"}," روز قبل"],"zero":"امروز"},"$x":[{"t":"idOrVar","v":"plural"},"value"]},{"$i":"weeks-ago-long","$v":{"few":[{"t":"idOrVar","v":"value"}," هفته قبل"],"many":[{"t":"idOrVar","v":"value"}," هفته قبل"],"one":"هفته قبل","other":[{"t":"idOrVar","v":"value"}," هفته قبل"],"two":[{"t":"idOrVar","v":"value"}," هفته قبل"],"zero":"این هفته"},"$x":[{"t":"idOrVar","v":"plural"},"value"]},{"$i":"months-ago-long","$v":{"few":[{"t":"idOrVar","v":"value"}," ماه قبل"],"many":[{"t":"idOrVar","v":"value"}," ماه قبل"],"one":"ماه قبل","other":[{"t":"idOrVar","v":"value"}," ماه قبل"],"two":[{"t":"idOrVar","v":"value"}," ماه قبل"],"zero":"این ماه"},"$x":[{"t":"idOrVar","v":"plural"},"value"]},{"$i":"years-ago-long","$v":{"few":[{"t":"idOrVar","v":"value"}," سال قبل"],"many":[{"t":"idOrVar","v":"value"}," سال قبل"],"one":"سال قبل","other":[{"t":"idOrVar","v":"value"}," سال قبل"],"two":[{"t":"idOrVar","v":"value"}," سال قبل"],"zero":"امسال"},"$x":[{"t":"idOrVar","v":"plural"},"value"]},{"$i":"minutes-until-long","$v":{"few":"در {value}} دقیقه","many":"در {value}} دقیقه","other":"در {value}} دقیقه","two":"در {value}} دقیقه","zero":"اکنون","one":"در یک دقیقه"},"$x":[{"t":"idOrVar","v":"plural"},"value"]},{"$i":"hours-until-long","$v":{"few":"در {value}} ساعت","many":"در {value}} ساعت","other":"در {value}} ساعت","two":"در {value}} ساعت","zero":"اکنون","one":"در یک ساعت"},"$x":[{"t":"idOrVar","v":"plural"},"value"]},{"$i":"days-until-long","$v":{"few":["در ",{"t":"idOrVar","v":"value"}," روز"],"many":["در ",{"t":"idOrVar","v":"value"}," روز"],"one":"فردا","other":["در ",{"t":"idOrVar","v":"value"}," روز"],"two":["در ",{"t":"idOrVar","v":"value"}," روز"],"zero":"امروز"},"$x":[{"t":"idOrVar","v":"plural"},"value"]},{"$i":"weeks-until-long","$v":{"few":["در ",{"t":"idOrVar","v":"value"}," هفته"],"many":["در ",{"t":"idOrVar","v":"value"}," هفته"],"one":"هفته بعد","other":["در ",{"t":"idOrVar","v":"value"}," هفته"],"two":["در ",{"t":"idOrVar","v":"value"}," هفته"],"zero":"این هفته"},"$x":[{"t":"idOrVar","v":"plural"},"value"]},{"$i":"months-until-long","$v":{"few":["در ",{"t":"idOrVar","v":"value"}," ماه"],"many":["در ",{"t":"idOrVar","v":"value"}," ماه"],"one":"ماه بعد","other":["در ",{"t":"idOrVar","v":"value"}," ماه"],"two":["در ",{"t":"idOrVar","v":"value"}," ماه"],"zero":"این ماه"},"$x":[{"t":"idOrVar","v":"plural"},"value"]},{"$i":"years-until-long","$v":{"few":["در ",{"t":"idOrVar","v":"value"}," سال"],"many":["در ",{"t":"idOrVar","v":"value"}," سال"],"one":"سال بعد","other":["در ",{"t":"idOrVar","v":"value"}," سال"],"two":["در ",{"t":"idOrVar","v":"value"}," سال"],"zero":"امسال"},"$x":[{"t":"idOrVar","v":"plural"},"value"]},{"$i":"minutes-ago-short","$v":{"other":[{"t":"idOrVar","v":"value"},"دقیقه قبل"],"zero":"درست اکنون"},"$x":[{"t":"idOrVar","v":"plural"},"value"]},{"$i":"hours-ago-short","$v":{"other":[{"t":"idOrVar","v":"value"}," ساعت قبل"],"zero":"درست اکنون"},"$x":[{"t":"idOrVar","v":"plural"},"value"]},{"$i":"days-ago-short","$v":{"other":[{"t":"idOrVar","v":"value"}," روز قبل"],"zero":"امروز"},"$x":[{"t":"idOrVar","v":"plural"},"value"]},{"$i":"minutes-until-short","$v":{"other":"در {value}} دقیقه","zero":"اکنون"},"$x":[{"t":"idOrVar","v":"plural"},"value"]},{"$i":"hours-until-short","$v":{"other":"در {value}} ساعت","zero":"اکنون"},"$x":[{"t":"idOrVar","v":"plural"},"value"]},{"$i":"days-until-short","$v":{"other":"در {value}} روز","zero":"امروز"},"$x":[{"t":"idOrVar","v":"plural"},"value"]},{"$i":"incorrectDate","$v":"(تاریخ نادرست)"},{"$i":"dateTimeFormat_%c","$v":"%a %b %e %Y %I:%M:%S %p"},{"$i":"dateTimeFormat_%x","$v":"%m/%d/%Y"},{"$i":"dateTimeFormat_%X","$v":"%I:%M:%S %p"},{"$i":"shortTimeFormat","$v":"%I:%M %p"},{"$i":"shortTimeFormat12","$v":"%I:%M %p"},{"$i":"shortTimeFormat24","$v":"%H:%M"},{"$i":"shortDateTimeFormat","$v":"%x %I:%M %p"},{"$i":"weekStartsOnMonday","$v":"0.0"},{"$i":"firstDayOfTheWeek","$v":"0.0"},{"$i":"time_am","$v":"ب.ظ"},{"$i":"time_pm","$v":"ق.ظ"}]