[{"$i":"filemanager","$v":"File Manager"},{"$i":"internal","$v":"Internal"},{"$i":"sdcard","$v":"SD Card"},{"$i":"no-files","$v":"Ang folder na ito ay walang laman."},{"$i":"not-support-header","$v":"Hindi Mabuksan"},{"$i":"not-support-content","$v":"Invalid o di sinusuportahan ang file format na ito."},{"$i":"confirmation-header","$v":"Kumpirmasyon"},{"$i":"delete-file-content","$v":["I-delete ang file na ",{"t":"idOrVar","v":"fileName"},"?"]},{"$i":"delete-folder-content","$v":["Ide-delete ang lahat ng item sa piniling folder. I-delete ang folder na ",{"t":"idOrVar","v":"fileName"},"?"]},{"$i":"copy-move-header","$v":"Pumili ng Target Folder"},{"$i":"number-selected","$v":{"few":[{"t":"idOrVar","v":"number"}," ang napili"],"many":[{"t":"idOrVar","v":"number"}," ang napili"],"one":[{"t":"idOrVar","v":"number"}," ang napili"],"other":[{"t":"idOrVar","v":"number"}," ang napili"],"two":[{"t":"idOrVar","v":"number"}," ang napili"],"zero":[{"t":"idOrVar","v":"number"}," ang napili"]},"$x":[{"t":"idOrVar","v":"plural"},"number"]},{"$i":"delete-all-folder","$v":"Ide-delete ang lahat ng item sa piniling folder. I-delete ang mga napiling item?"},{"$i":"delete-all-file","$v":"Alisin ang mga napiling item?"},{"$i":"search-in","$v":"Naghahanap sa"},{"$i":"search-current","$v":"Kasalukuyang folder lang"},{"$i":"search-internal","$v":"Internal"},{"$i":"search-sdcard","$v":"SD Card"},{"$i":"search-header","$v":["Hanapin: ",{"t":"idOrVar","v":"keyword"}]},{"$i":"file-exist","$v":["Mayroong nang ",{"t":"idOrVar","v":"fileName"}," dito. Itabi ang parehong item?"]},{"$i":"paste-error","$v":"Di mape-paste ang folder sa sarili nito."},{"$i":"move-error","$v":"Hindi malilipat ang folder sa sarili nito."},{"$i":"new-folder-error","$v":["Mayroon nang may pangalang ",{"t":"idOrVar","v":"folderName"},". Pumili ng ibang pangalan."]},{"$i":"searching","$v":"Naghahanap..."},{"$i":"loading","$v":"Nilo-load..."},{"$i":"search-empty","$v":"Di mahanap"},{"$i":"new-folder-invalid","$v":["Hindi wasto ang pangalang ",{"t":"idOrVar","v":"folderName"},". Pumili ng ibang pangalan."]},{"$i":"progress-head-copy","$v":"Kinokopya"},{"$i":"progress-content-copy","$v":"Kinokopya ang item"},{"$i":"progress-head-move","$v":"Inililipat"},{"$i":"progress-content-move","$v":"Inililipat ang item"},{"$i":"unsupport-folder-name","$v":{"$o":"Hindi maaaring gumamit ng pangalang naglalaman ng mga hindi sinusuportahang character: \\/:*?&quot;&lt;&gt;|"}},{"$i":"unsupport-string","$v":{"$o":["Hindi ",{"t":"idOrVar","v":"name"}," ng file gamit ang pangalang may mga hindi suportadong character: \\/:*?\"<>|"]}},{"$i":"not-enough-space","$v":"Walang sapat na espasyong available"},{"$i":"error-while-moving","$v":"Nagkaroon ng error habang naglilipat"},{"$i":"error-while-copying","$v":"Nagkaroon ng error habang kumokopya"},{"$i":"rename-not-suffix","$v":"Maaaring hindi mabuksan ang file pagkatapos baguhin ang extension. Baguhin pa rin?"},{"$i":"open","$v":"Buksan"},{"$i":"options","$v":"Mga Opsyon"},{"$i":"ok","$v":"OK"},{"$i":"cancel","$v":"Kanselahin"},{"$i":"change","$v":"Baguhin"},{"$i":"paste","$v":"I-paste"},{"$i":"select","$v":"Pumili"},{"$i":"deselect","$v":"Alisin ang pagkakapili"},{"$i":"replace","$v":"Palitan"},{"$i":"keep-both","$v":"Itabi Pareho"},{"$i":"delete","$v":"I-delete"},{"$i":"copy","$v":"Kopyahin"},{"$i":"move","$v":"Ilipat"},{"$i":"rename","$v":"I-rename"},{"$i":"select-items","$v":"Pumili ng mga item"},{"$i":"new-folder","$v":"Bagong folder"},{"$i":"search","$v":"Hanapin"},{"$i":"refresh","$v":"I-refresh"},{"$i":"details","$v":"Mga Detalye"},{"$i":"share","$v":"Ibahagi"},{"$i":"select-all","$v":"Piliin Lahat"},{"$i":"deselect-all","$v":"Alisin ang Pagkakapili sa Lahat"},{"$i":"detail-header","$v":"Mga Detalye"},{"$i":"detail-name","$v":"Pangalan"},{"$i":"detail-location","$v":"Lokasyon"},{"$i":"detail-type","$v":"Uri"},{"$i":"detail-created","$v":"Ginawa"},{"$i":"detail-size","$v":"Laki"},{"$i":"folder","$v":"folder"},{"$i":"type-unknow","$v":"di kilala"},{"$i":"B","$v":"B"},{"$i":"KB","$v":"KB"},{"$i":"MB","$v":"MB"},{"$i":"GB","$v":"GB"},{"$i":"item-deleted","$v":"Tinanggal ang item."},{"$i":"items-deleted","$v":"Tinanggal ang mga item."},{"$i":"item-copied","$v":"Kinopya ang item."},{"$i":"items-copied","$v":"Kinopya ang mga item."},{"$i":"item-moved","$v":"Inilipat ang item."},{"$i":"items-moved","$v":"Inilipat ang mga item."},{"$i":"file-renamed","$v":"Pinalitan ang pangalan ng file."},{"$i":"folder-renamed","$v":"Pinalitan ang pangalan ng folder."},{"$i":"folder-created","$v":"Nilikha ang folder."},{"$i":"refresh-completed","$v":"Nakumpleto ang pag-refresh."},{"$i":"itmes-not-copied","$v":[{"t":"idOrVar","v":"num"}," (na) item ang hindi nakopya."]},{"$i":"itmes-not-moved","$v":[{"t":"idOrVar","v":"num"}," (na) item ang hindi nalipat."]},{"$i":"weekday-0-long","$v":"Linggo"},{"$i":"weekday-1-long","$v":"Lunes"},{"$i":"weekday-2-long","$v":"Martes"},{"$i":"weekday-3-long","$v":"Miyerkules"},{"$i":"weekday-4-long","$v":"Huwebes"},{"$i":"weekday-5-long","$v":"Biyernes"},{"$i":"weekday-6-long","$v":"Sabado"},{"$i":"weekday-0-short","$v":"Lin"},{"$i":"weekday-1-short","$v":"Lun"},{"$i":"weekday-2-short","$v":"Mar"},{"$i":"weekday-3-short","$v":"Miy"},{"$i":"weekday-4-short","$v":"Hwe"},{"$i":"weekday-5-short","$v":"Biy"},{"$i":"weekday-6-short","$v":"Sab"},{"$i":"month-0-long","$v":"Enero"},{"$i":"month-1-long","$v":"Pebrero"},{"$i":"month-2-long","$v":"Marso"},{"$i":"month-3-long","$v":"Abril"},{"$i":"month-4-long","$v":"Mayo"},{"$i":"month-5-long","$v":"Hunyo"},{"$i":"month-6-long","$v":"Hulyo"},{"$i":"month-7-long","$v":"Agosto"},{"$i":"month-8-long","$v":"Setyembre"},{"$i":"month-9-long","$v":"Oktubre"},{"$i":"month-10-long","$v":"Nobyembre"},{"$i":"month-11-long","$v":"Disyembre"},{"$i":"month-0-genitive","$v":"Enero"},{"$i":"month-1-genitive","$v":"Pebrero"},{"$i":"month-2-genitive","$v":"Marso"},{"$i":"month-3-genitive","$v":"Abril"},{"$i":"month-4-genitive","$v":"Mayo"},{"$i":"month-5-genitive","$v":"Hunyo"},{"$i":"month-6-genitive","$v":"Hulyo"},{"$i":"month-7-genitive","$v":"Agosto"},{"$i":"month-8-genitive","$v":"Setyembre"},{"$i":"month-9-genitive","$v":"Oktubre"},{"$i":"month-10-genitive","$v":"Nobyembre"},{"$i":"month-11-genitive","$v":"Disyembre"},{"$i":"month-0-short","$v":"Ene"},{"$i":"month-1-short","$v":"Peb"},{"$i":"month-2-short","$v":"Mar"},{"$i":"month-3-short","$v":"Abr"},{"$i":"month-4-short","$v":"Mayo"},{"$i":"month-5-short","$v":"Hun"},{"$i":"month-6-short","$v":"Hul"},{"$i":"month-7-short","$v":"Ago"},{"$i":"month-8-short","$v":"Set"},{"$i":"month-9-short","$v":"Okt"},{"$i":"month-10-short","$v":"Nob"},{"$i":"month-11-short","$v":"Dis"},{"$i":"minutes-ago-long","$v":{"few":[{"t":"idOrVar","v":"value"}," (na) minuto ang nakalipas"],"many":[{"t":"idOrVar","v":"value"}," (na) minuto ang nakalipas"],"other":[{"t":"idOrVar","v":"value"}," (na) minuto ang nakalipas"],"two":[{"t":"idOrVar","v":"value"}," (na) minuto ang nakalipas"],"one":"isang minuto ang nakalipas","zero":"ngayon lang"},"$x":[{"t":"idOrVar","v":"plural"},"value"]},{"$i":"hours-ago-long","$v":{"few":[{"t":"idOrVar","v":"value"}," (na) oras ang nakalipas"],"many":[{"t":"idOrVar","v":"value"}," (na) oras ang nakalipas"],"other":[{"t":"idOrVar","v":"value"}," (na) oras ang nakalipas"],"two":[{"t":"idOrVar","v":"value"}," (na) oras ang nakalipas"],"one":"1 Oras Ago","zero":"ngayon lang"},"$x":[{"t":"idOrVar","v":"plural"},"value"]},{"$i":"days-ago-long","$v":{"few":[{"t":"idOrVar","v":"value"}," (na) araw ang nakalipas"],"many":[{"t":"idOrVar","v":"value"}," (na) araw ang nakalipas"],"one":"kahapon","other":[{"t":"idOrVar","v":"value"}," (na) araw ang nakalipas"],"two":[{"t":"idOrVar","v":"value"}," (na) araw ang nakalipas"],"zero":"ngayon"},"$x":[{"t":"idOrVar","v":"plural"},"value"]},{"$i":"weeks-ago-long","$v":{"few":[{"t":"idOrVar","v":"value"}," (na) linggo ang nakalipas"],"many":[{"t":"idOrVar","v":"value"}," (na) linggo ang nakalipas"],"one":"nakaraang linggo","other":[{"t":"idOrVar","v":"value"}," (na) linggo ang nakalipas"],"two":[{"t":"idOrVar","v":"value"}," (na) linggo ang nakalipas"],"zero":"ngayong linggo"},"$x":[{"t":"idOrVar","v":"plural"},"value"]},{"$i":"months-ago-long","$v":{"few":[{"t":"idOrVar","v":"value"}," (na) buwan ang nakalipas"],"many":[{"t":"idOrVar","v":"value"}," (na) buwan ang nakalipas"],"one":"nakaraang buwan","other":[{"t":"idOrVar","v":"value"}," (na) buwan ang nakalipas"],"two":[{"t":"idOrVar","v":"value"}," (na) buwan ang nakalipas"],"zero":"ngayong buwan"},"$x":[{"t":"idOrVar","v":"plural"},"value"]},{"$i":"years-ago-long","$v":{"few":[{"t":"idOrVar","v":"value"}," (na) taon ang nakalipas"],"many":[{"t":"idOrVar","v":"value"}," (na) taon ang nakalipas"],"one":"nakaraang taon","other":[{"t":"idOrVar","v":"value"}," (na) taon ang nakalipas"],"two":[{"t":"idOrVar","v":"value"}," (na) taon ang nakalipas"],"zero":"ngayong taon"},"$x":[{"t":"idOrVar","v":"plural"},"value"]},{"$i":"minutes-until-long","$v":{"few":["sa loob ng ",{"t":"idOrVar","v":"value"}," (na) minuto"],"many":["sa loob ng ",{"t":"idOrVar","v":"value"}," (na) minuto"],"other":["sa loob ng ",{"t":"idOrVar","v":"value"}," (na) minuto"],"two":["sa loob ng ",{"t":"idOrVar","v":"value"}," (na) minuto"],"zero":"ngayon","one":"sa 1 minuto"},"$x":[{"t":"idOrVar","v":"plural"},"value"]},{"$i":"hours-until-long","$v":{"few":["sa loob ng ",{"t":"idOrVar","v":"value"}," (na) oras"],"many":["sa loob ng ",{"t":"idOrVar","v":"value"}," (na) oras"],"other":["sa loob ng ",{"t":"idOrVar","v":"value"}," (na) oras"],"two":["sa loob ng ",{"t":"idOrVar","v":"value"}," (na) oras"],"zero":"ngayon","one":"sa 1 oras"},"$x":[{"t":"idOrVar","v":"plural"},"value"]},{"$i":"days-until-long","$v":{"few":["sa loob ng ",{"t":"idOrVar","v":"value"}," (na) araw"],"many":["sa loob ng ",{"t":"idOrVar","v":"value"}," (na) araw"],"one":"bukas","other":["sa loob ng ",{"t":"idOrVar","v":"value"}," (na) araw"],"two":["sa loob ng ",{"t":"idOrVar","v":"value"}," (na) araw"],"zero":"ngayon"},"$x":[{"t":"idOrVar","v":"plural"},"value"]},{"$i":"weeks-until-long","$v":{"few":["sa loob ng ",{"t":"idOrVar","v":"value"}," (na) linggo"],"many":["sa loob ng ",{"t":"idOrVar","v":"value"}," (na) linggo"],"one":"susunod na linggo","other":["sa loob ng ",{"t":"idOrVar","v":"value"}," (na) linggo"],"two":["sa loob ng ",{"t":"idOrVar","v":"value"}," (na) linggo"],"zero":"ngayong linggo"},"$x":[{"t":"idOrVar","v":"plural"},"value"]},{"$i":"months-until-long","$v":{"few":["sa loob ng ",{"t":"idOrVar","v":"value"}," (na) buwan"],"many":["sa loob ng ",{"t":"idOrVar","v":"value"}," (na) buwan"],"one":"susunod na buwan","other":["sa loob ng ",{"t":"idOrVar","v":"value"}," (na) buwan"],"two":["sa loob ng ",{"t":"idOrVar","v":"value"}," (na) buwan"],"zero":"ngayong buwan"},"$x":[{"t":"idOrVar","v":"plural"},"value"]},{"$i":"years-until-long","$v":{"few":["sa loob ng ",{"t":"idOrVar","v":"value"}," (na) taon"],"many":["sa loob ng ",{"t":"idOrVar","v":"value"}," (na) taon"],"one":"susunod na taon","other":["sa loob ng ",{"t":"idOrVar","v":"value"}," (na) taon"],"two":["sa loob ng ",{"t":"idOrVar","v":"value"}," (na) taon"],"zero":"ngayong taon"},"$x":[{"t":"idOrVar","v":"plural"},"value"]},{"$i":"minutes-ago-short","$v":{"other":[{"t":"idOrVar","v":"value"},"m ang nakalipas"],"zero":"ngayon lang"},"$x":[{"t":"idOrVar","v":"plural"},"value"]},{"$i":"hours-ago-short","$v":{"other":[{"t":"idOrVar","v":"value"},"h ang nakalipas"],"zero":"ngayon lang"},"$x":[{"t":"idOrVar","v":"plural"},"value"]},{"$i":"days-ago-short","$v":{"other":[{"t":"idOrVar","v":"value"},"d ang nakalipas"],"zero":"ngayon"},"$x":[{"t":"idOrVar","v":"plural"},"value"]},{"$i":"minutes-until-short","$v":{"other":["sa loob ng ",{"t":"idOrVar","v":"value"},"m"],"zero":"ngayon"},"$x":[{"t":"idOrVar","v":"plural"},"value"]},{"$i":"hours-until-short","$v":{"other":["sa loob ng ",{"t":"idOrVar","v":"value"},"o"],"zero":"ngayon"},"$x":[{"t":"idOrVar","v":"plural"},"value"]},{"$i":"days-until-short","$v":{"other":["sa loob ng ",{"t":"idOrVar","v":"value"},"a"],"zero":"ngayon"},"$x":[{"t":"idOrVar","v":"plural"},"value"]},{"$i":"incorrectDate","$v":"(mali ang petsa)"},{"$i":"dateTimeFormat_%c","$v":"%a %b %e %Y %I:%M:%S %p"},{"$i":"dateTimeFormat_%x","$v":"%m/%d/%Y"},{"$i":"dateTimeFormat_%X","$v":"%I:%M:%S %p"},{"$i":"shortTimeFormat","$v":"%I:%M %p"},{"$i":"shortTimeFormat12","$v":"%I:%M %p"},{"$i":"shortTimeFormat24","$v":"%H:%M"},{"$i":"shortDateTimeFormat","$v":"%x %I:%M %p"},{"$i":"weekStartsOnMonday","$v":"0.0"},{"$i":"firstDayOfTheWeek","$v":"0.0"},{"$i":"time_am","$v":"AM"},{"$i":"time_pm","$v":"PM"}]