[{"$i":"filemanager","$v":"Mes fichiers"},{"$i":"internal","$v":"Interne"},{"$i":"sdcard","$v":"Carte SD"},{"$i":"no-files","$v":"Ce dossier est vide."},{"$i":"not-support-header","$v":"Ouverture impossible"},{"$i":"not-support-content","$v":"Ce format de fichier n’est pas pris en charge ou valide."},{"$i":"confirmation-header","$v":"Confirmation"},{"$i":"delete-file-content","$v":["Supprimer le fichier ",{"t":"idOrVar","v":"fileName"}," ?"]},{"$i":"delete-folder-content","$v":["Tous les éléments du dossier sélectionné seront effacés. Supprimer le dossier «",{"t":"idOrVar","v":"fileName"},"» ?"]},{"$i":"copy-move-header","$v":"Sélectionner le dossier cible"},{"$i":"number-selected","$v":{"few":[{"t":"idOrVar","v":"number"}," sélectionnés"],"many":[{"t":"idOrVar","v":"number"}," sélectionnés"],"one":[{"t":"idOrVar","v":"number"}," sélectionné"],"other":[{"t":"idOrVar","v":"number"}," sélectionné"],"two":[{"t":"idOrVar","v":"number"}," sélectionnés"],"zero":[{"t":"idOrVar","v":"number"}," sélectionné"]},"$x":[{"t":"idOrVar","v":"plural"},"number"]},{"$i":"delete-all-folder","$v":"Tous les éléments du dossier sélectionné seront effacés. Supprimer les éléments sélectionnés ?"},{"$i":"delete-all-file","$v":"Supprimer les fichiers sélectionnés ?"},{"$i":"search-in","$v":"Recherche dans"},{"$i":"search-current","$v":"Seulement le dossier actif"},{"$i":"search-internal","$v":"Interne"},{"$i":"search-sdcard","$v":"Carte SD"},{"$i":"search-header","$v":["Rechercher : ",{"t":"idOrVar","v":"keyword"}]},{"$i":"file-exist","$v":["«",{"t":"idOrVar","v":"fileName"},"» existe déjà à cet emplacement. Conserver les deux éléments ?"]},{"$i":"paste-error","$v":"Il est impossible de coller un dossier à l’intérieur de lui-même."},{"$i":"move-error","$v":"Il est impossible de déplacer un dossier à l’intérieur de lui-même."},{"$i":"new-folder-error","$v":["Le nom «",{"t":"idOrVar","v":"folderName"},"» est déjà pris. Choisissez un autre nom."]},{"$i":"searching","$v":"Recherche en cours…"},{"$i":"loading","$v":"Chargement en cours…"},{"$i":"search-empty","$v":"Introuvable"},{"$i":"new-folder-invalid","$v":["Le nom ",{"t":"idOrVar","v":"folderName"}," n’est pas valide. Choisissez un autre nom."]},{"$i":"progress-head-copy","$v":"Copie en cours…"},{"$i":"progress-content-copy","$v":"Copie de l’élément"},{"$i":"progress-head-move","$v":"Transfert en cours…"},{"$i":"progress-content-move","$v":"Déplacement de l’élément"},{"$i":"unsupport-folder-name","$v":{"$o":"Impossible d’utiliser un nom avec des caractères incompatibles : \\/:*?\"<>|"}},{"$i":"unsupport-string","$v":{"$o":["Impossible d’enregistrer un fichier avec le nom ",{"t":"idOrVar","v":"name"},", car il contient des caractères non pris en charge parmi les suivants : \\/:*?\"<>|"]}},{"$i":"not-enough-space","$v":"Espace disponible insuffisant"},{"$i":"error-while-moving","$v":"Erreur lors du déplacement"},{"$i":"error-while-copying","$v":"Erreur lors de la copie"},{"$i":"rename-not-suffix","$v":"Le fichier risque de ne pas pouvoir s’ouvrir après le changement de son extension. Voulez-vous procéder à la modification ?"},{"$i":"open","$v":"Ouvert"},{"$i":"options","$v":"Options"},{"$i":"ok","$v":"OK"},{"$i":"cancel","$v":"Annuler"},{"$i":"change","$v":"Changer"},{"$i":"paste","$v":"Coller"},{"$i":"select","$v":"Sélectionner"},{"$i":"deselect","$v":"Désélectionner"},{"$i":"replace","$v":"Remplacer"},{"$i":"keep-both","$v":"Conserver"},{"$i":"delete","$v":"Supprimer"},{"$i":"copy","$v":"Copier"},{"$i":"move","$v":"Déplacer"},{"$i":"rename","$v":"Renommer"},{"$i":"select-items","$v":"Sélectionner des éléments"},{"$i":"new-folder","$v":"Nouveau dossier"},{"$i":"search","$v":"Rechercher"},{"$i":"refresh","$v":"Actualiser"},{"$i":"details","$v":"Détails"},{"$i":"share","$v":"Partager"},{"$i":"select-all","$v":"Tout sélectionner"},{"$i":"deselect-all","$v":"Tout désélectionner"},{"$i":"detail-header","$v":"Détails"},{"$i":"detail-name","$v":"Nom"},{"$i":"detail-location","$v":"Emplacement"},{"$i":"detail-type","$v":"Type"},{"$i":"detail-created","$v":"Créé"},{"$i":"detail-size","$v":"Taille"},{"$i":"folder","$v":"Dossier"},{"$i":"type-unknow","$v":"inconnu"},{"$i":"B","$v":"o"},{"$i":"KB","$v":"Ko"},{"$i":"MB","$v":"Mo"},{"$i":"GB","$v":"Go"},{"$i":"item-deleted","$v":"L’élément est supprimé."},{"$i":"items-deleted","$v":"Les éléments sont supprimés."},{"$i":"item-copied","$v":"L’élément est copié."},{"$i":"items-copied","$v":"Les éléments sont copiés."},{"$i":"item-moved","$v":"L’élément est déplacé."},{"$i":"items-moved","$v":"Les éléments sont déplacés."},{"$i":"file-renamed","$v":"Le fichier est renommé."},{"$i":"folder-renamed","$v":"Le dossier est renommé."},{"$i":"folder-created","$v":"Le dossier est créé."},{"$i":"refresh-completed","$v":"La réinitialisation est effectuée."},{"$i":"itmes-not-copied","$v":[{"t":"idOrVar","v":"num"}," éléments n’ont pas été copiés."]},{"$i":"itmes-not-moved","$v":[{"t":"idOrVar","v":"num"}," éléments n’ont pas été déplacés."]},{"$i":"weekday-0-long","$v":"Dimanche"},{"$i":"weekday-1-long","$v":"Lundi"},{"$i":"weekday-2-long","$v":"Mardi"},{"$i":"weekday-3-long","$v":"Mercredi"},{"$i":"weekday-4-long","$v":"Jeudi"},{"$i":"weekday-5-long","$v":"Vendredi"},{"$i":"weekday-6-long","$v":"Samedi"},{"$i":"weekday-0-short","$v":"dim"},{"$i":"weekday-1-short","$v":"lun"},{"$i":"weekday-2-short","$v":"mar"},{"$i":"weekday-3-short","$v":"mer"},{"$i":"weekday-4-short","$v":"jeu"},{"$i":"weekday-5-short","$v":"ven"},{"$i":"weekday-6-short","$v":"sam"},{"$i":"month-0-long","$v":"Janvier"},{"$i":"month-1-long","$v":"Février"},{"$i":"month-2-long","$v":"Mars"},{"$i":"month-3-long","$v":"Avril"},{"$i":"month-4-long","$v":"mai"},{"$i":"month-5-long","$v":"Juin"},{"$i":"month-6-long","$v":"Juillet"},{"$i":"month-7-long","$v":"Août"},{"$i":"month-8-long","$v":"Septembre"},{"$i":"month-9-long","$v":"Octobre"},{"$i":"month-10-long","$v":"Novembre"},{"$i":"month-11-long","$v":"Décembre"},{"$i":"month-0-genitive","$v":"Janvier"},{"$i":"month-1-genitive","$v":"Février"},{"$i":"month-2-genitive","$v":"Mars"},{"$i":"month-3-genitive","$v":"Avril"},{"$i":"month-4-genitive","$v":"mai"},{"$i":"month-5-genitive","$v":"Juin"},{"$i":"month-6-genitive","$v":"Juillet"},{"$i":"month-7-genitive","$v":"Août"},{"$i":"month-8-genitive","$v":"Septembre"},{"$i":"month-9-genitive","$v":"Octobre"},{"$i":"month-10-genitive","$v":"Novembre"},{"$i":"month-11-genitive","$v":"Décembre"},{"$i":"month-0-short","$v":"jan."},{"$i":"month-1-short","$v":"fév."},{"$i":"month-2-short","$v":"mars"},{"$i":"month-3-short","$v":"avr."},{"$i":"month-4-short","$v":"mai"},{"$i":"month-5-short","$v":"juin"},{"$i":"month-6-short","$v":"juil."},{"$i":"month-7-short","$v":"août"},{"$i":"month-8-short","$v":"sep."},{"$i":"month-9-short","$v":"oct."},{"$i":"month-10-short","$v":"nov."},{"$i":"month-11-short","$v":"déc."},{"$i":"minutes-ago-long","$v":{"few":["il y a ",{"t":"idOrVar","v":"value"}," minutes"],"many":["Il y a ",{"t":"idOrVar","v":"value"}," minutes"],"other":["il y a ",{"t":"idOrVar","v":"value"}," minutes"],"two":["il y a ",{"t":"idOrVar","v":"value"}," minutes"],"one":"Il y a 1 minute","zero":"À l’instant"},"$x":[{"t":"idOrVar","v":"plural"},"value"]},{"$i":"hours-ago-long","$v":{"few":["il y a ",{"t":"idOrVar","v":"value"}," heures"],"many":["Il y a ",{"t":"idOrVar","v":"value"}," heures"],"other":["il y a ",{"t":"idOrVar","v":"value"}," heures"],"two":["il y a ",{"t":"idOrVar","v":"value"}," heures"],"one":"Il y a 1 heure","zero":"À l’instant"},"$x":[{"t":"idOrVar","v":"plural"},"value"]},{"$i":"days-ago-long","$v":{"few":["il y a ",{"t":"idOrVar","v":"value"}," jours"],"many":["il y a ",{"t":"idOrVar","v":"value"}," jours"],"one":"hier","other":["il y a ",{"t":"idOrVar","v":"value"}," jours"],"two":["il y a ",{"t":"idOrVar","v":"value"}," jours"],"zero":"aujourd’hui"},"$x":[{"t":"idOrVar","v":"plural"},"value"]},{"$i":"weeks-ago-long","$v":{"few":["il y a ",{"t":"idOrVar","v":"value"}," semaines"],"many":["il y a ",{"t":"idOrVar","v":"value"}," semaines"],"one":"la semaine dernière","other":["il y a ",{"t":"idOrVar","v":"value"}," semaines"],"two":["il y a ",{"t":"idOrVar","v":"value"}," semaines"],"zero":"cette semaine"},"$x":[{"t":"idOrVar","v":"plural"},"value"]},{"$i":"months-ago-long","$v":{"few":["il y a ",{"t":"idOrVar","v":"value"}," mois"],"many":["il y a ",{"t":"idOrVar","v":"value"}," mois"],"one":"le mois dernier","other":["il y a ",{"t":"idOrVar","v":"value"}," mois"],"two":["il y a ",{"t":"idOrVar","v":"value"}," mois"],"zero":"ce mois-ci"},"$x":[{"t":"idOrVar","v":"plural"},"value"]},{"$i":"years-ago-long","$v":{"few":["il y a ",{"t":"idOrVar","v":"value"}," ans"],"many":["il y a ",{"t":"idOrVar","v":"value"}," ans"],"one":"l’année dernière","other":["il y a ",{"t":"idOrVar","v":"value"}," ans"],"two":["il y a ",{"t":"idOrVar","v":"value"}," ans"],"zero":"cette année"},"$x":[{"t":"idOrVar","v":"plural"},"value"]},{"$i":"minutes-until-long","$v":{"few":["dans ",{"t":"idOrVar","v":"value"}," minutes"],"many":["dans ",{"t":"idOrVar","v":"value"}," minutes"],"other":["dans ",{"t":"idOrVar","v":"value"}," minutes"],"two":["dans ",{"t":"idOrVar","v":"value"}," minutes"],"zero":"maintenant","one":["dans ",{"t":"idOrVar","v":"value"}," minute"]},"$x":[{"t":"idOrVar","v":"plural"},"value"]},{"$i":"hours-until-long","$v":{"few":["dans ",{"t":"idOrVar","v":"value"}," heures"],"many":["dans ",{"t":"idOrVar","v":"value"}," heures"],"other":["dans ",{"t":"idOrVar","v":"value"}," heures"],"two":["dans ",{"t":"idOrVar","v":"value"}," heures"],"zero":"maintenant","one":["dans ",{"t":"idOrVar","v":"value"}," heure"]},"$x":[{"t":"idOrVar","v":"plural"},"value"]},{"$i":"days-until-long","$v":{"few":["dans ",{"t":"idOrVar","v":"value"}," jours"],"many":["dans ",{"t":"idOrVar","v":"value"}," jours"],"one":"demain","other":["dans ",{"t":"idOrVar","v":"value"}," jours"],"two":["dans ",{"t":"idOrVar","v":"value"}," jours"],"zero":"aujourd’hui"},"$x":[{"t":"idOrVar","v":"plural"},"value"]},{"$i":"weeks-until-long","$v":{"few":["dans ",{"t":"idOrVar","v":"value"}," semaines"],"many":["dans ",{"t":"idOrVar","v":"value"}," semaines"],"one":"la semaine prochaine","other":["dans ",{"t":"idOrVar","v":"value"}," semaines"],"two":["dans ",{"t":"idOrVar","v":"value"}," semaines"],"zero":"cette semaine"},"$x":[{"t":"idOrVar","v":"plural"},"value"]},{"$i":"months-until-long","$v":{"few":["dans ",{"t":"idOrVar","v":"value"}," mois"],"many":["dans ",{"t":"idOrVar","v":"value"}," mois"],"one":"le mois prochain","other":["dans ",{"t":"idOrVar","v":"value"}," mois"],"two":["dans ",{"t":"idOrVar","v":"value"}," mois"],"zero":"ce mois-ci"},"$x":[{"t":"idOrVar","v":"plural"},"value"]},{"$i":"years-until-long","$v":{"few":["dans ",{"t":"idOrVar","v":"value"}," ans"],"many":["dans ",{"t":"idOrVar","v":"value"}," ans"],"one":"l’année prochaine","other":["dans ",{"t":"idOrVar","v":"value"}," ans"],"two":["dans ",{"t":"idOrVar","v":"value"}," ans"],"zero":"cette année"},"$x":[{"t":"idOrVar","v":"plural"},"value"]},{"$i":"minutes-ago-short","$v":{"other":["il y a ",{"t":"idOrVar","v":"value"}," min"],"zero":"À l’instant"},"$x":[{"t":"idOrVar","v":"plural"},"value"]},{"$i":"hours-ago-short","$v":{"other":["il y a ",{"t":"idOrVar","v":"value"},"h"],"zero":"À l’instant"},"$x":[{"t":"idOrVar","v":"plural"},"value"]},{"$i":"days-ago-short","$v":{"other":["il y a ",{"t":"idOrVar","v":"value"},"j"],"zero":"aujourd’hui"},"$x":[{"t":"idOrVar","v":"plural"},"value"]},{"$i":"minutes-until-short","$v":{"other":["dans ",{"t":"idOrVar","v":"value"},"m"],"zero":"maintenant"},"$x":[{"t":"idOrVar","v":"plural"},"value"]},{"$i":"hours-until-short","$v":{"other":["dans ",{"t":"idOrVar","v":"value"},"h"],"zero":"maintenant"},"$x":[{"t":"idOrVar","v":"plural"},"value"]},{"$i":"days-until-short","$v":{"other":["dans ",{"t":"idOrVar","v":"value"},"j"],"zero":"aujourd’hui"},"$x":[{"t":"idOrVar","v":"plural"},"value"]},{"$i":"incorrectDate","$v":"(date incorrecte)"},{"$i":"dateTimeFormat_%c","$v":"%a %e %b %Y %H:%M:%S"},{"$i":"dateTimeFormat_%x","$v":"%d/%m/%Y"},{"$i":"dateTimeFormat_%X","$v":"%I:%M:%S %p"},{"$i":"shortTimeFormat","$v":"%I:%M %p"},{"$i":"shortTimeFormat12","$v":"%I:%M %p"},{"$i":"shortTimeFormat24","$v":"%H:%M"},{"$i":"shortDateTimeFormat","$v":"%x %H:%M"},{"$i":"weekStartsOnMonday","$v":"0.0"},{"$i":"firstDayOfTheWeek","$v":"1.0"},{"$i":"time_am","$v":"AM"},{"$i":"time_pm","$v":"PM"}]