[{"$i":"filemanager","$v":"Manajer File"},{"$i":"internal","$v":"Internal"},{"$i":"sdcard","$v":"Kartu SD"},{"$i":"no-files","$v":"Folder ini kosong."},{"$i":"not-support-header","$v":"Tidak dapat membuka"},{"$i":"not-support-content","$v":"Format file tidak valid atau tidak didukung."},{"$i":"confirmation-header","$v":"Konfirmasi"},{"$i":"delete-file-content","$v":["Hapus file ",{"t":"idOrVar","v":"fileName"},"?"]},{"$i":"delete-folder-content","$v":["Semua item dalam folder yang dipilih akan dihapus. Hapus folder ",{"t":"idOrVar","v":"fileName"},"?"]},{"$i":"copy-move-header","$v":"Pilih Folder Target"},{"$i":"number-selected","$v":{"few":[{"t":"idOrVar","v":"number"}," Dipilih"],"many":[{"t":"idOrVar","v":"number"}," Dipilih"],"one":[{"t":"idOrVar","v":"number"}," Dipilih"],"other":[{"t":"idOrVar","v":"number"}," Dipilih"],"two":[{"t":"idOrVar","v":"number"}," Dipilih"],"zero":[{"t":"idOrVar","v":"number"}," Dipilih"]},"$x":[{"t":"idOrVar","v":"plural"},"number"]},{"$i":"delete-all-folder","$v":"Semua item dalam folder yang dipilih akan dihapus. Hapus item yang dipillih?"},{"$i":"delete-all-file","$v":"Hapus file yang dipilih?"},{"$i":"search-in","$v":"Mencari di"},{"$i":"search-current","$v":"Hanya folder saat ini"},{"$i":"search-internal","$v":"Internal"},{"$i":"search-sdcard","$v":"Kartu SD"},{"$i":"search-header","$v":["Cari: ",{"t":"idOrVar","v":"keyword"}]},{"$i":"file-exist","$v":[{"t":"idOrVar","v":"fileName"}," telah ada di lokasi ini. Simpan kedua item?"]},{"$i":"paste-error","$v":"Tidak dapat menempelkan folder ke dalam dirinya sendiri."},{"$i":"move-error","$v":"Tidak dapat memindahkan folder ke dalam dirinya sendiri."},{"$i":"new-folder-error","$v":["Nama ",{"t":"idOrVar","v":"folderName"}," telah dipakai. Pilih nama lain."]},{"$i":"searching","$v":"Mencari..."},{"$i":"loading","$v":"Memuat..."},{"$i":"search-empty","$v":"Tidak ditemukan"},{"$i":"new-folder-invalid","$v":["Nama ",{"t":"idOrVar","v":"folderName"}," tidak valid. Pilih nama lain."]},{"$i":"progress-head-copy","$v":"Menyalin"},{"$i":"progress-content-copy","$v":"Menyalin item"},{"$i":"progress-head-move","$v":"Memindahkan"},{"$i":"progress-content-move","$v":"Item bergerak"},{"$i":"unsupport-folder-name","$v":{"$o":"Tidak dapat menggunakan nama yang berisi karakter yang tidak didukung: \\/:*?\"<>|"}},{"$i":"unsupport-string","$v":{"$o":["Tidak dapat ",{"t":"idOrVar","v":"name"}," file dengan nama mengandung karakter yang tidak didukung: \\/:*?\"<>|"]}},{"$i":"not-enough-space","$v":"Ruang tersedia tidak cukup"},{"$i":"error-while-moving","$v":"Kesalahan saat memindahkan"},{"$i":"error-while-copying","$v":"Kesalahan saat menyalin"},{"$i":"rename-not-suffix","$v":"File mungkin tidak dapat dibuka jika diubah ekstensinya. Ubah saja?"},{"$i":"open","$v":"Buka"},{"$i":"options","$v":"Opsi"},{"$i":"ok","$v":"OK"},{"$i":"cancel","$v":"Batal"},{"$i":"change","$v":"Ubah"},{"$i":"paste","$v":"Tempel"},{"$i":"select","$v":"Pilih"},{"$i":"deselect","$v":"Hapus pilihan"},{"$i":"replace","$v":"Ganti"},{"$i":"keep-both","$v":"Simpan Keduanya"},{"$i":"delete","$v":"Hapus"},{"$i":"copy","$v":"Salin"},{"$i":"move","$v":"Pindahkan"},{"$i":"rename","$v":"Ganti nama"},{"$i":"select-items","$v":"Pilih item"},{"$i":"new-folder","$v":"Folder baru"},{"$i":"search","$v":"Cari"},{"$i":"refresh","$v":"Segarkan"},{"$i":"details","$v":"Perincian"},{"$i":"share","$v":"Bagikan"},{"$i":"select-all","$v":"Pilih Semua"},{"$i":"deselect-all","$v":"Batalkan Semua Pilihan"},{"$i":"detail-header","$v":"Perincian"},{"$i":"detail-name","$v":"Nama"},{"$i":"detail-location","$v":"Lokasi"},{"$i":"detail-type","$v":"Jenis"},{"$i":"detail-created","$v":"Dibuat"},{"$i":"detail-size","$v":"Ukuran"},{"$i":"folder","$v":"folder"},{"$i":"type-unknow","$v":"tidak diketahui"},{"$i":"B","$v":"B"},{"$i":"KB","$v":"KB"},{"$i":"MB","$v":"MB"},{"$i":"GB","$v":"GB"},{"$i":"item-deleted","$v":"Item dihapus."},{"$i":"items-deleted","$v":"Item dihapus."},{"$i":"item-copied","$v":"Item disalin."},{"$i":"items-copied","$v":"Item disalin."},{"$i":"item-moved","$v":"Item dipindahkan."},{"$i":"items-moved","$v":"Item dipindahkan."},{"$i":"file-renamed","$v":"Nama file diubah."},{"$i":"folder-renamed","$v":"Nama folder diubah."},{"$i":"folder-created","$v":"Folder dibuat."},{"$i":"refresh-completed","$v":"Penyegaran selesai."},{"$i":"itmes-not-copied","$v":[{"t":"idOrVar","v":"num"}," item tidak disalin."]},{"$i":"itmes-not-moved","$v":[{"t":"idOrVar","v":"num"}," item tidak dipindahkan."]},{"$i":"weekday-0-long","$v":"Minggu"},{"$i":"weekday-1-long","$v":"Senin"},{"$i":"weekday-2-long","$v":"Selasa"},{"$i":"weekday-3-long","$v":"Rabu"},{"$i":"weekday-4-long","$v":"Kamis"},{"$i":"weekday-5-long","$v":"Jumat"},{"$i":"weekday-6-long","$v":"Sabtu"},{"$i":"weekday-0-short","$v":"Min"},{"$i":"weekday-1-short","$v":"Sen"},{"$i":"weekday-2-short","$v":"Sel"},{"$i":"weekday-3-short","$v":"Rab"},{"$i":"weekday-4-short","$v":"Kam"},{"$i":"weekday-5-short","$v":"Jum"},{"$i":"weekday-6-short","$v":"Sab"},{"$i":"month-0-long","$v":"Januari"},{"$i":"month-1-long","$v":"Februari"},{"$i":"month-2-long","$v":"Maret"},{"$i":"month-3-long","$v":"April"},{"$i":"month-4-long","$v":"Mei"},{"$i":"month-5-long","$v":"Juni"},{"$i":"month-6-long","$v":"Juli"},{"$i":"month-7-long","$v":"Agustus"},{"$i":"month-8-long","$v":"September"},{"$i":"month-9-long","$v":"Oktober"},{"$i":"month-10-long","$v":"November"},{"$i":"month-11-long","$v":"Desember"},{"$i":"month-0-genitive","$v":"Januari"},{"$i":"month-1-genitive","$v":"Februari"},{"$i":"month-2-genitive","$v":"Maret"},{"$i":"month-3-genitive","$v":"April"},{"$i":"month-4-genitive","$v":"Mei"},{"$i":"month-5-genitive","$v":"Juni"},{"$i":"month-6-genitive","$v":"Juli"},{"$i":"month-7-genitive","$v":"Agustus"},{"$i":"month-8-genitive","$v":"September"},{"$i":"month-9-genitive","$v":"Oktober"},{"$i":"month-10-genitive","$v":"November"},{"$i":"month-11-genitive","$v":"Desember"},{"$i":"month-0-short","$v":"Jan"},{"$i":"month-1-short","$v":"Feb"},{"$i":"month-2-short","$v":"Mar"},{"$i":"month-3-short","$v":"Apr"},{"$i":"month-4-short","$v":"Mei"},{"$i":"month-5-short","$v":"Jun"},{"$i":"month-6-short","$v":"Jul"},{"$i":"month-7-short","$v":"Agt"},{"$i":"month-8-short","$v":"Sep"},{"$i":"month-9-short","$v":"Okt"},{"$i":"month-10-short","$v":"Nov"},{"$i":"month-11-short","$v":"Des"},{"$i":"minutes-ago-long","$v":{"few":[{"t":"idOrVar","v":"value"}," menit yang lalu"],"many":[{"t":"idOrVar","v":"value"}," menit yang lalu"],"other":[{"t":"idOrVar","v":"value"}," menit yang lalu"],"two":[{"t":"idOrVar","v":"value"}," menit yang lalu"],"one":"semenit yang lalu","zero":"Baru Saja"},"$x":[{"t":"idOrVar","v":"plural"},"value"]},{"$i":"hours-ago-long","$v":{"few":[{"t":"idOrVar","v":"value"}," jam yang lalu"],"many":[{"t":"idOrVar","v":"value"}," jam yang lalu"],"other":[{"t":"idOrVar","v":"value"}," jam yang lalu"],"two":[{"t":"idOrVar","v":"value"}," jam yang lalu"],"one":"sejam yang lalu","zero":"Baru Saja"},"$x":[{"t":"idOrVar","v":"plural"},"value"]},{"$i":"days-ago-long","$v":{"few":[{"t":"idOrVar","v":"value"}," hari yang lalu"],"many":[{"t":"idOrVar","v":"value"}," hari yang lalu"],"one":"kemarin","other":[{"t":"idOrVar","v":"value"}," hari yang lalu"],"two":[{"t":"idOrVar","v":"value"}," hari yang lalu"],"zero":"hari ini"},"$x":[{"t":"idOrVar","v":"plural"},"value"]},{"$i":"weeks-ago-long","$v":{"few":[{"t":"idOrVar","v":"value"}," pekan yang lalu"],"many":[{"t":"idOrVar","v":"value"}," pekan yang lalu"],"one":"pekan lalu","other":[{"t":"idOrVar","v":"value"}," pekan yang lalu"],"two":[{"t":"idOrVar","v":"value"}," pekan yang lalu"],"zero":"pekan ini"},"$x":[{"t":"idOrVar","v":"plural"},"value"]},{"$i":"months-ago-long","$v":{"few":[{"t":"idOrVar","v":"value"}," bulan yang lalu"],"many":[{"t":"idOrVar","v":"value"}," bulan yang lalu"],"one":"bulan lalu","other":[{"t":"idOrVar","v":"value"}," bulan yang lalu"],"two":[{"t":"idOrVar","v":"value"}," bulan yang lalu"],"zero":"bulan ini"},"$x":[{"t":"idOrVar","v":"plural"},"value"]},{"$i":"years-ago-long","$v":{"few":[{"t":"idOrVar","v":"value"}," tahun yang lalu"],"many":[{"t":"idOrVar","v":"value"}," tahun yang lalu"],"one":"tahun lalu","other":[{"t":"idOrVar","v":"value"}," tahun yang lalu"],"two":[{"t":"idOrVar","v":"value"}," tahun yang lalu"],"zero":"tahun ini"},"$x":[{"t":"idOrVar","v":"plural"},"value"]},{"$i":"minutes-until-long","$v":{"few":["dalam ",{"t":"idOrVar","v":"value"}," menit"],"many":["dalam ",{"t":"idOrVar","v":"value"}," menit"],"other":["dalam ",{"t":"idOrVar","v":"value"}," menit"],"two":["dalam ",{"t":"idOrVar","v":"value"}," menit"],"zero":"sekarang","one":"dalam satu menit"},"$x":[{"t":"idOrVar","v":"plural"},"value"]},{"$i":"hours-until-long","$v":{"few":["dalam ",{"t":"idOrVar","v":"value"}," jam"],"many":["dalam ",{"t":"idOrVar","v":"value"}," jam"],"other":["dalam ",{"t":"idOrVar","v":"value"}," jam"],"two":["dalam ",{"t":"idOrVar","v":"value"}," jam"],"zero":"sekarang","one":"dalam satu jam"},"$x":[{"t":"idOrVar","v":"plural"},"value"]},{"$i":"days-until-long","$v":{"few":["dalam ",{"t":"idOrVar","v":"value"}," hari"],"many":["dalam ",{"t":"idOrVar","v":"value"}," hari"],"one":"besok","other":["dalam ",{"t":"idOrVar","v":"value"}," hari"],"two":["dalam ",{"t":"idOrVar","v":"value"}," hari"],"zero":"hari ini"},"$x":[{"t":"idOrVar","v":"plural"},"value"]},{"$i":"weeks-until-long","$v":{"few":["dalam ",{"t":"idOrVar","v":"value"}," pekan"],"many":["dalam ",{"t":"idOrVar","v":"value"}," pekan"],"one":"pekan depan","other":["dalam ",{"t":"idOrVar","v":"value"}," pekan"],"two":["dalam ",{"t":"idOrVar","v":"value"}," pekan"],"zero":"pekan ini"},"$x":[{"t":"idOrVar","v":"plural"},"value"]},{"$i":"months-until-long","$v":{"few":["dalam ",{"t":"idOrVar","v":"value"}," bulan"],"many":["dalam ",{"t":"idOrVar","v":"value"}," bulan"],"one":"bulan depan","other":["dalam ",{"t":"idOrVar","v":"value"}," bulan"],"two":["dalam ",{"t":"idOrVar","v":"value"}," bulan"],"zero":"bulan ini"},"$x":[{"t":"idOrVar","v":"plural"},"value"]},{"$i":"years-until-long","$v":{"few":["dalam ",{"t":"idOrVar","v":"value"}," tahun"],"many":["dalam ",{"t":"idOrVar","v":"value"}," tahun"],"one":"tahun depan","other":["dalam ",{"t":"idOrVar","v":"value"}," tahun"],"two":["dalam ",{"t":"idOrVar","v":"value"}," tahun"],"zero":"tahun ini"},"$x":[{"t":"idOrVar","v":"plural"},"value"]},{"$i":"minutes-ago-short","$v":{"other":[{"t":"idOrVar","v":"value"},"menit yang lalu"],"zero":"Baru Saja"},"$x":[{"t":"idOrVar","v":"plural"},"value"]},{"$i":"hours-ago-short","$v":{"other":[{"t":"idOrVar","v":"value"},"j yang lalu"],"zero":"Baru Saja"},"$x":[{"t":"idOrVar","v":"plural"},"value"]},{"$i":"days-ago-short","$v":{"other":[{"t":"idOrVar","v":"value"},"h yang lalu"],"zero":"hari ini"},"$x":[{"t":"idOrVar","v":"plural"},"value"]},{"$i":"minutes-until-short","$v":{"other":["dalam ",{"t":"idOrVar","v":"value"},"m"],"zero":"sekarang"},"$x":[{"t":"idOrVar","v":"plural"},"value"]},{"$i":"hours-until-short","$v":{"other":["dalam ",{"t":"idOrVar","v":"value"},"j"],"zero":"sekarang"},"$x":[{"t":"idOrVar","v":"plural"},"value"]},{"$i":"days-until-short","$v":{"other":["dalam ",{"t":"idOrVar","v":"value"},"h"],"zero":"hari ini"},"$x":[{"t":"idOrVar","v":"plural"},"value"]},{"$i":"incorrectDate","$v":"(tanggal salah)"},{"$i":"dateTimeFormat_%c","$v":"%a %b %e %Y %I:%M:%S %p"},{"$i":"dateTimeFormat_%x","$v":"%m/%d/%Y"},{"$i":"dateTimeFormat_%X","$v":"%I:%M:%S %p"},{"$i":"shortTimeFormat","$v":"%I:%M %p"},{"$i":"shortTimeFormat12","$v":"%I:%M %p"},{"$i":"shortTimeFormat24","$v":"%H:%M"},{"$i":"shortDateTimeFormat","$v":"%x %I:%M %p"},{"$i":"weekStartsOnMonday","$v":"0.0"},{"$i":"firstDayOfTheWeek","$v":"0.0"},{"$i":"time_am","$v":"AM"},{"$i":"time_pm","$v":"PM"}]