[{"$i":"filemanager","$v":"ფაილის მენეჯერი"},{"$i":"internal","$v":"შიდა"},{"$i":"sdcard","$v":"SD ბარათი"},{"$i":"no-files","$v":"ეს საქაღალდე ცარიელია."},{"$i":"not-support-header","$v":"გახსნა შეუძლებელია"},{"$i":"not-support-content","$v":"ამ ფაილის ფორმატი არასწორია ან მხარდაჭერა არ აქვს|."},{"$i":"confirmation-header","$v":"დადასტურება"},{"$i":"delete-file-content","$v":["წავშალო ფაილი ",{"t":"idOrVar","v":"fileName"},"?"]},{"$i":"delete-folder-content","$v":["ყველა ელემენტი არჩეულ საქაღალდეში წაიშლება. წავშალო საქაღალდე ",{"t":"idOrVar","v":"fileName"},"?"]},{"$i":"copy-move-header","$v":"აირჩიეთ სამიზნე საქაღალდე"},{"$i":"number-selected","$v":{"few":[{"t":"idOrVar","v":"number"}," არჩეული"],"many":[{"t":"idOrVar","v":"number"}," არჩეული"],"one":[{"t":"idOrVar","v":"number"}," არჩეული"],"other":[{"t":"idOrVar","v":"number"}," არჩეული"],"two":[{"t":"idOrVar","v":"number"}," არჩეული"],"zero":[{"t":"idOrVar","v":"number"}," არჩეული"]},"$x":[{"t":"idOrVar","v":"plural"},"number"]},{"$i":"delete-all-folder","$v":"ყველა ელემენტი არჩეულ საქაღალდეში წაიშლება. წავშალო არჩეული ელემენტები?"},{"$i":"delete-all-file","$v":"წავშალოთ არჩეული ელემენტები?"},{"$i":"search-in","$v":"ძიება"},{"$i":"search-current","$v":"მხოლოდ მიმდინარე საქაღალდე"},{"$i":"search-internal","$v":"შიდა"},{"$i":"search-sdcard","$v":"SD ბარათი"},{"$i":"search-header","$v":["ძიება: ",{"t":"idOrVar","v":"keyword"}]},{"$i":"file-exist","$v":[{"t":"idOrVar","v":"fileName"}," უკვე არსებობს ამ ლოკაციაზე. ორივე შევინახო?"]},{"$i":"paste-error","$v":"საქაღალდის ამავე საქაღალდეში ჩასმა შეუძლებელია."},{"$i":"move-error","$v":"საქაღალდის ამავე საქაღალდეში გადატანა შეუძლებელია."},{"$i":"new-folder-error","$v":["სახელი ",{"t":"idOrVar","v":"folderName"}," უკვე არსებობს. აირჩიეთ სხვა სახელი."]},{"$i":"searching","$v":"ძიება..."},{"$i":"loading","$v":"იტვირთება…"},{"$i":"search-empty","$v":"არ მოიძებნა"},{"$i":"new-folder-invalid","$v":["სახელი ",{"t":"idOrVar","v":"folderName"}," არასწორია. გთხოვთ, აირჩიოთ სხვა სახელი."]},{"$i":"progress-head-copy","$v":"კოპირება"},{"$i":"progress-content-copy","$v":"ელემ. კოპირება"},{"$i":"progress-head-move","$v":"გადატანა"},{"$i":"progress-content-move","$v":"ელემ. გადატანა"},{"$i":"unsupport-folder-name","$v":{"$o":"შეუძლ. სიმბ. შემცველი სახელის გამოყ., რომლებსაც არ აქვთ მხარდაჭერა: \\/:*?&quot;&lt;&gt;|"}},{"$i":"unsupport-string","$v":{"$o":["შეუძლებელია ისეთი ფაილის ",{"t":"idOrVar","v":"name"},", რომლის სახელი შეიცავს დაუშვებელ სიმბოლოებს: \\/:*?\"<>|"]}},{"$i":"not-enough-space","$v":"საკმარისი სივრცე მიუწვდომელია"},{"$i":"error-while-moving","$v":"შეცდომა გადასვლისას"},{"$i":"error-while-copying","$v":"შეცდომა კოპირებისას"},{"$i":"rename-not-suffix","$v":"გაფართოების შეცვლის შემდეგ შესაძლოა ფაილი ვერ გაიხსნას. მაინც შევცვალოთ?"},{"$i":"open","$v":"გახსნა"},{"$i":"options","$v":"ვარიანტები"},{"$i":"ok","$v":"OK"},{"$i":"cancel","$v":"გაუქმება"},{"$i":"change","$v":"შეცვლა"},{"$i":"paste","$v":"ჩასმა"},{"$i":"select","$v":"არჩევა"},{"$i":"deselect","$v":"მონიშვნის მოხსნა"},{"$i":"replace","$v":"ჩანაცვლება"},{"$i":"keep-both","$v":"შეინახე ორივე"},{"$i":"delete","$v":"წაშლა"},{"$i":"copy","$v":"კოპირება"},{"$i":"move","$v":"გადატანა"},{"$i":"rename","$v":"სახ.შეცვ."},{"$i":"select-items","$v":"აირჩიეთ ელემენტები"},{"$i":"new-folder","$v":"ახ. საქაღალდე"},{"$i":"search","$v":"ძიება"},{"$i":"refresh","$v":"განახლება"},{"$i":"details","$v":"დეტალები"},{"$i":"share","$v":"გაზიარება"},{"$i":"select-all","$v":"ყველას არჩევა"},{"$i":"deselect-all","$v":"ყველა მონიშვნის მოხსნა"},{"$i":"detail-header","$v":"დეტალები"},{"$i":"detail-name","$v":"სახელი"},{"$i":"detail-location","$v":"ლოკაცია"},{"$i":"detail-type","$v":"ტიპი"},{"$i":"detail-created","$v":"შექმნის თარიღი"},{"$i":"detail-size","$v":"ზომა"},{"$i":"folder","$v":"საქაღალდე"},{"$i":"type-unknow","$v":"უცნობი"},{"$i":"B","$v":"ბ"},{"$i":"KB","$v":"კბ"},{"$i":"MB","$v":"მბ"},{"$i":"GB","$v":"გბ"},{"$i":"item-deleted","$v":"საქონელი წაშლილია."},{"$i":"items-deleted","$v":"ელემენტები წაშლილია."},{"$i":"item-copied","$v":"საქონელი გადაწერა."},{"$i":"items-copied","$v":"ნივთების გადაწერა."},{"$i":"item-moved","$v":"საქონელი გადავიდა."},{"$i":"items-moved","$v":"ნივთი გადავიდა."},{"$i":"file-renamed","$v":"ფაილის სახელი შეიცვალა."},{"$i":"folder-renamed","$v":"საქაღალდე შეცვალა."},{"$i":"folder-created","$v":"ფოლდერის შექმნა."},{"$i":"refresh-completed","$v":"განახლება დასრულდა."},{"$i":"itmes-not-copied","$v":[{"t":"idOrVar","v":"num"}," ელემენტი არ არის კოპირებული."]},{"$i":"itmes-not-moved","$v":[{"t":"idOrVar","v":"num"}," ელემენტი არ არის გადატანილი."]},{"$i":"weekday-0-long","$v":"კვირა"},{"$i":"weekday-1-long","$v":"ორშაბათი"},{"$i":"weekday-2-long","$v":"სამშაბათი"},{"$i":"weekday-3-long","$v":"ოთხშაბათი"},{"$i":"weekday-4-long","$v":"ხუთშაბათი"},{"$i":"weekday-5-long","$v":"პარასკევი"},{"$i":"weekday-6-long","$v":"შაბათი"},{"$i":"weekday-0-short","$v":"კვი"},{"$i":"weekday-1-short","$v":"ორშ"},{"$i":"weekday-2-short","$v":"სამ"},{"$i":"weekday-3-short","$v":"ოთხ"},{"$i":"weekday-4-short","$v":"ხუთ"},{"$i":"weekday-5-short","$v":"პარ"},{"$i":"weekday-6-short","$v":"შაბ"},{"$i":"month-0-long","$v":"იანვარი"},{"$i":"month-1-long","$v":"თებერვალი"},{"$i":"month-2-long","$v":"მარტი"},{"$i":"month-3-long","$v":"აპრილი"},{"$i":"month-4-long","$v":"მაისი"},{"$i":"month-5-long","$v":"ივნისი"},{"$i":"month-6-long","$v":"ივლისი"},{"$i":"month-7-long","$v":"აგვისტო"},{"$i":"month-8-long","$v":"სექტემბერი"},{"$i":"month-9-long","$v":"ოქტომბერი"},{"$i":"month-10-long","$v":"ნოემბერი"},{"$i":"month-11-long","$v":"დეკემბერი"},{"$i":"month-0-genitive","$v":"იანვარი"},{"$i":"month-1-genitive","$v":"თებერვალი"},{"$i":"month-2-genitive","$v":"მარტი"},{"$i":"month-3-genitive","$v":"აპრილი"},{"$i":"month-4-genitive","$v":"მაისი"},{"$i":"month-5-genitive","$v":"ივნისი"},{"$i":"month-6-genitive","$v":"ივლისი"},{"$i":"month-7-genitive","$v":"აგვისტო"},{"$i":"month-8-genitive","$v":"სექტემბერი"},{"$i":"month-9-genitive","$v":"ოქტომბერი"},{"$i":"month-10-genitive","$v":"ნოემბერი"},{"$i":"month-11-genitive","$v":"დეკემბერი"},{"$i":"month-0-short","$v":"იანვ"},{"$i":"month-1-short","$v":"თებ"},{"$i":"month-2-short","$v":"მარ"},{"$i":"month-3-short","$v":"აპრ"},{"$i":"month-4-short","$v":"მაისი"},{"$i":"month-5-short","$v":"ივნ"},{"$i":"month-6-short","$v":"ივლ"},{"$i":"month-7-short","$v":"აგვ"},{"$i":"month-8-short","$v":"სექ"},{"$i":"month-9-short","$v":"ოქტ"},{"$i":"month-10-short","$v":"ნოე"},{"$i":"month-11-short","$v":"დეკ"},{"$i":"minutes-ago-long","$v":{"few":[{"t":"idOrVar","v":"value"}," წუთის წინ"],"many":[{"t":"idOrVar","v":"value"}," წუთის წინ"],"other":[{"t":"idOrVar","v":"value"}," წუთის წინ"],"two":[{"t":"idOrVar","v":"value"}," წუთის წინ"],"one":"ერთი წუთის წინ","zero":"ეს-ეს არის"},"$x":[{"t":"idOrVar","v":"plural"},"value"]},{"$i":"hours-ago-long","$v":{"few":[{"t":"idOrVar","v":"value"}," საათის წინ"],"many":[{"t":"idOrVar","v":"value"}," საათის წინ"],"other":[{"t":"idOrVar","v":"value"}," საათის წინ"],"two":[{"t":"idOrVar","v":"value"}," საათის წინ"],"one":"1 საათის წინ","zero":"ეს-ეს არის"},"$x":[{"t":"idOrVar","v":"plural"},"value"]},{"$i":"days-ago-long","$v":{"few":[{"t":"idOrVar","v":"value"}," დღის წინ"],"many":[{"t":"idOrVar","v":"value"}," დღის წინ"],"one":"გუშინ","other":[{"t":"idOrVar","v":"value"}," დღის წინ"],"two":[{"t":"idOrVar","v":"value"}," დღის წინ"],"zero":"დღეს"},"$x":[{"t":"idOrVar","v":"plural"},"value"]},{"$i":"weeks-ago-long","$v":{"few":[{"t":"idOrVar","v":"value"}," კვირის წინ"],"many":[{"t":"idOrVar","v":"value"}," კვირის წინ"],"one":"გასული კვირა","other":[{"t":"idOrVar","v":"value"}," კვირის წინ"],"two":[{"t":"idOrVar","v":"value"}," კვირის წინ"],"zero":"ეს კვირა"},"$x":[{"t":"idOrVar","v":"plural"},"value"]},{"$i":"months-ago-long","$v":{"few":[{"t":"idOrVar","v":"value"}," თვის წინ"],"many":[{"t":"idOrVar","v":"value"}," თვის წინ"],"one":"გასული თვე","other":[{"t":"idOrVar","v":"value"}," თვის წინ"],"two":[{"t":"idOrVar","v":"value"}," თვის წინ"],"zero":"ეს თვე"},"$x":[{"t":"idOrVar","v":"plural"},"value"]},{"$i":"years-ago-long","$v":{"few":[{"t":"idOrVar","v":"value"}," წლის წინ"],"many":[{"t":"idOrVar","v":"value"}," წლის წინ"],"one":"გასული წელი","other":[{"t":"idOrVar","v":"value"}," წლის წინ"],"two":[{"t":"idOrVar","v":"value"}," წლის წინ"],"zero":"ეს წელი"},"$x":[{"t":"idOrVar","v":"plural"},"value"]},{"$i":"minutes-until-long","$v":{"few":[{"t":"idOrVar","v":"value"}," წუთში"],"many":[{"t":"idOrVar","v":"value"}," წუთში"],"other":[{"t":"idOrVar","v":"value"}," წუთში"],"two":[{"t":"idOrVar","v":"value"}," წუთში"],"zero":"ახლა","one":"1 წუთში"},"$x":[{"t":"idOrVar","v":"plural"},"value"]},{"$i":"hours-until-long","$v":{"few":[{"t":"idOrVar","v":"value"}," საათში"],"many":[{"t":"idOrVar","v":"value"}," საათში"],"other":[{"t":"idOrVar","v":"value"}," საათში"],"two":[{"t":"idOrVar","v":"value"}," საათში"],"zero":"ახლა","one":"1 საათში"},"$x":[{"t":"idOrVar","v":"plural"},"value"]},{"$i":"days-until-long","$v":{"few":[{"t":"idOrVar","v":"value"}," დღეში"],"many":[{"t":"idOrVar","v":"value"}," დღეში"],"one":"ხვალ","other":[{"t":"idOrVar","v":"value"}," დღეში"],"two":[{"t":"idOrVar","v":"value"}," დღეში"],"zero":"დღეს"},"$x":[{"t":"idOrVar","v":"plural"},"value"]},{"$i":"weeks-until-long","$v":{"few":[{"t":"idOrVar","v":"value"}," კვირაში"],"many":[{"t":"idOrVar","v":"value"}," კვირაში"],"one":"მომდევნო კვირა","other":[{"t":"idOrVar","v":"value"}," კვირაში"],"two":[{"t":"idOrVar","v":"value"}," კვირაში"],"zero":"ეს კვირა"},"$x":[{"t":"idOrVar","v":"plural"},"value"]},{"$i":"months-until-long","$v":{"few":[{"t":"idOrVar","v":"value"}," თვეში"],"many":[{"t":"idOrVar","v":"value"}," თვეში"],"one":"მომდევნო თვე","other":[{"t":"idOrVar","v":"value"}," თვეში"],"two":[{"t":"idOrVar","v":"value"}," თვეში"],"zero":"ეს თვე"},"$x":[{"t":"idOrVar","v":"plural"},"value"]},{"$i":"years-until-long","$v":{"few":[{"t":"idOrVar","v":"value"}," წელში"],"many":[{"t":"idOrVar","v":"value"}," წელში"],"one":"მომდევნო წელი","other":[{"t":"idOrVar","v":"value"}," წელში"],"two":[{"t":"idOrVar","v":"value"}," წელში"],"zero":"ეს წელი"},"$x":[{"t":"idOrVar","v":"plural"},"value"]},{"$i":"minutes-ago-short","$v":{"other":[{"t":"idOrVar","v":"value"},"თ წინ"],"zero":"ეს-ეს არის"},"$x":[{"t":"idOrVar","v":"plural"},"value"]},{"$i":"hours-ago-short","$v":{"other":[{"t":"idOrVar","v":"value"},"სთ წინ"],"zero":"ეს-ეს არის"},"$x":[{"t":"idOrVar","v":"plural"},"value"]},{"$i":"days-ago-short","$v":{"other":[{"t":"idOrVar","v":"value"},"დ წინ"],"zero":"დღეს"},"$x":[{"t":"idOrVar","v":"plural"},"value"]},{"$i":"minutes-until-short","$v":{"other":[{"t":"idOrVar","v":"value"},"წთ-ში"],"zero":"ახლა"},"$x":[{"t":"idOrVar","v":"plural"},"value"]},{"$i":"hours-until-short","$v":{"other":[{"t":"idOrVar","v":"value"},"სთ-ში"],"zero":"ახლა"},"$x":[{"t":"idOrVar","v":"plural"},"value"]},{"$i":"days-until-short","$v":{"other":[{"t":"idOrVar","v":"value"},"დღ-ში"],"zero":"დღეს"},"$x":[{"t":"idOrVar","v":"plural"},"value"]},{"$i":"incorrectDate","$v":"(არასწორი თარიღი)"},{"$i":"dateTimeFormat_%c","$v":"%a %b %e %Y %I:%M:%S %p"},{"$i":"dateTimeFormat_%x","$v":"%m/%d/%Y"},{"$i":"dateTimeFormat_%X","$v":"%I:%M:%S %p"},{"$i":"shortTimeFormat","$v":"%I:%M %p"},{"$i":"shortTimeFormat12","$v":"%I:%M %p"},{"$i":"shortTimeFormat24","$v":"%H:%M"},{"$i":"shortDateTimeFormat","$v":"%x %I:%M %p"},{"$i":"weekStartsOnMonday","$v":"0.0"},{"$i":"firstDayOfTheWeek","$v":"1.0"},{"$i":"time_am","$v":"AM"},{"$i":"time_pm","$v":"PM"}]