[{"$i":"filemanager","$v":"ຕົວຈັດການໄຟລ໌"},{"$i":"internal","$v":"ພາຍໃນ"},{"$i":"sdcard","$v":"ບັດ SD"},{"$i":"no-files","$v":"ໂຟເດີນີ້ວ່າງເປົ່າ"},{"$i":"not-support-header","$v":"ບໍ່ສາມາດເປີດໄດ້"},{"$i":"not-support-content","$v":"ແບບໄຟລ໌ນີ້ບໍ່ຖືກຕ້ອງ ຫຼືບໍ່ສະໜັບສະໜູນ."},{"$i":"confirmation-header","$v":"ການຢືນຢັນ"},{"$i":"delete-file-content","$v":["ລົບໄຟລ໌ ",{"t":"idOrVar","v":"fileName"},"ບໍ?"]},{"$i":"delete-folder-content","$v":["ລາຍການທັງໝົດທີ່ເລືອກໄວ້ໃນໂຟເດີຈະຖືກລຶບ. ລົບໂຟເດີ",{"t":"idOrVar","v":"fileName"},"ບໍ?"]},{"$i":"copy-move-header","$v":"ເລືອກໂຟເດີເປົ້າໝາຍ"},{"$i":"number-selected","$v":{"few":[{"t":"idOrVar","v":"number"}," ລາຍການທີ່ເລືອກ"],"many":[{"t":"idOrVar","v":"number"}," ລາຍການທີ່ເລືອກ"],"one":[{"t":"idOrVar","v":"number"}," ລາຍການທີ່ເລືອກ"],"other":[{"t":"idOrVar","v":"number"}," ລາຍການທີ່ເລືອກ"],"two":[{"t":"idOrVar","v":"number"}," ລາຍການທີ່ເລືອກ"],"zero":[{"t":"idOrVar","v":"number"}," ລາຍການທີ່ເລືອກ"]},"$x":[{"t":"idOrVar","v":"plural"},"number"]},{"$i":"delete-all-folder","$v":"ລາຍການທັງໝົດທີ່ເລືອກໄວ້ໃນໂຟເດີຈະຖືກລົບ. ລົບລາຍການທີ່ເລືອກບໍ?"},{"$i":"delete-all-file","$v":"ລົບລາຍການທີ່ເລືອກບໍ?"},{"$i":"search-in","$v":"ກຳລັງຊອກຫາໃນ"},{"$i":"search-current","$v":"ສະເພາະໂຟເດີປັດຈຸບັນເທົ່ານັ້ນ"},{"$i":"search-internal","$v":"ພາຍໃນ"},{"$i":"search-sdcard","$v":"ບັດ SD"},{"$i":"search-header","$v":["ຄົ້ນຫາ: ",{"t":"idOrVar","v":"keyword"}]},{"$i":"file-exist","$v":[{"t":"idOrVar","v":"fileName"}," ມີແລ້ວໃນຕຳແໜ່ງນີ້. ຮັກສາທັງສອງລາຍການບໍ?"]},{"$i":"paste-error","$v":"ບໍ່ສາມາດວາງໂຟເດີເຂົ້າໄປໄດ້."},{"$i":"move-error","$v":"ບໍ່ສາມາດຍ້າຍໂຟເດີເຂົ້າໄປໄດ້."},{"$i":"new-folder-error","$v":["ຊື່ ",{"t":"idOrVar","v":"folderName"}," ໄດ້ຖືກເອົານໍາໃຊ້ແລ້ວ. ເລືອກຊື່ອື່ນ."]},{"$i":"searching","$v":"ກຳລັງຊອກຫາ..."},{"$i":"loading","$v":"ກຳລັງໂຫຼດ…"},{"$i":"search-empty","$v":"ບໍ່ພົບ"},{"$i":"new-folder-invalid","$v":["ຊື່ ",{"t":"idOrVar","v":"folderName"}," ບໍ່ຖືກຕ້ອງ. ກະລຸນາເລືອກຊື່ອື່ນ."]},{"$i":"progress-head-copy","$v":"ກຳລັງສຳເນົາ"},{"$i":"progress-content-copy","$v":"ກຳລັງສຳເນົາລາຍການ"},{"$i":"progress-head-move","$v":"ກຳລັງຍ້າຍ"},{"$i":"progress-content-move","$v":"ກຳລັງຍ້າຍລາຍການ"},{"$i":"unsupport-folder-name","$v":{"$o":"ບໍ່ສາມາດນຳໃຊ້ຊື່ທີ່ມີຕົວອັກສອນທີ່ບໍ່ຮອງຮັບ: \\/:*?&quot;<>|"}},{"$i":"unsupport-string","$v":{"$o":["ບໍ່ສາມາດ ",{"t":"idOrVar","v":"name"}," ໄຟລ໌ທີ່ມີຊື່ທີ່ໃຊ້ຕົວອັກສອນທີ່ບໍ່ຮອງຮັບໄດ້: \\/:*?\"<>|"]}},{"$i":"not-enough-space","$v":"ມີພື້ນທີ່ບໍ່ພຽງພໍ"},{"$i":"error-while-moving","$v":"ມີຂໍ້ຜິດພາດໃນຂະນະກຳລັງຍ້າຍ"},{"$i":"error-while-copying","$v":"ມີຂໍ້ຜິດພາດໃນຂະນະກຳລັງສຳເນົາ"},{"$i":"rename-not-suffix","$v":"ໄຟລ໌ອາດຈະບໍ່ສາມາດເປີດຫຼັງຈາກປ່ຽນນາມສະກຸນ. ຢືນຢັນການປ່ຽນບໍ່?"},{"$i":"open","$v":"ເປີດ"},{"$i":"options","$v":"ຕົວເລືອກ"},{"$i":"ok","$v":"ຕົກລົງ"},{"$i":"cancel","$v":"ຍົກເລີກ"},{"$i":"change","$v":"ປ່ຽນແປງ"},{"$i":"paste","$v":"ວາງ"},{"$i":"select","$v":"ເລືອກ"},{"$i":"deselect","$v":"ຍົກເລີກການເລືອກ"},{"$i":"replace","$v":"ແທນທີ່"},{"$i":"keep-both","$v":"ເກັບຮັກສາທັງສອງ"},{"$i":"delete","$v":"ລຶບ"},{"$i":"copy","$v":"ຄັດລອກ"},{"$i":"move","$v":"ຍ້າຍ"},{"$i":"rename","$v":"ຕັ້ງຊື່ໃໝ່"},{"$i":"select-items","$v":"ເລືອກລາຍການ"},{"$i":"new-folder","$v":"ໂຟເດີໃໝ່"},{"$i":"search","$v":"ຄົ້ນຫາ"},{"$i":"refresh","$v":"ຣີເຟຣຊ"},{"$i":"details","$v":"ລາຍລະອຽດ"},{"$i":"share","$v":"ແບ່ງປັນ"},{"$i":"select-all","$v":"ເລືອກທັງໝົດ"},{"$i":"deselect-all","$v":"ຍົກເລີກທັງໝົດທີ່ໄດ້ເລືອກໄວ້"},{"$i":"detail-header","$v":"ລາຍລະອຽດ"},{"$i":"detail-name","$v":"ຊື່"},{"$i":"detail-location","$v":"ສະຖານທີ່"},{"$i":"detail-type","$v":"ປະເພດ"},{"$i":"detail-created","$v":"ສ້າງແລ້ວ"},{"$i":"detail-size","$v":"ຂະໜາດ"},{"$i":"folder","$v":"ໂຟເດີ"},{"$i":"type-unknow","$v":"ບໍ່ຮູ້ຈັກ"},{"$i":"B","$v":"B"},{"$i":"KB","$v":"KB"},{"$i":"MB","$v":"MB"},{"$i":"GB","$v":"GB"},{"$i":"item-deleted","$v":"Item deleted"},{"$i":"items-deleted","$v":"ລາຍການຖືກລຶບ."},{"$i":"item-copied","$v":"Item copied"},{"$i":"items-copied","$v":"ລາຍະການຄັດລອກ"},{"$i":"item-moved","$v":"Item moved"},{"$i":"items-moved","$v":"Items moved"},{"$i":"file-renamed","$v":"ໄຟລ໌ປ່ຽນຊື່."},{"$i":"folder-renamed","$v":"Folder renamed."},{"$i":"folder-created","$v":"ໂຟເດີສ້າງແລ້ວ."},{"$i":"refresh-completed","$v":"ໂຫລດຄືນໃໝ່ສຳເລັດແລ້ວ."},{"$i":"itmes-not-copied","$v":["ບໍ່ໄດ້ສຳເນົາ ",{"t":"idOrVar","v":"num"}," ລາຍການ."]},{"$i":"itmes-not-moved","$v":["ບໍ່ໄດ້ຍ້າຍ ",{"t":"idOrVar","v":"num"}," ລາຍການ."]},{"$i":"weekday-0-long","$v":"ວັນອາທິດ"},{"$i":"weekday-1-long","$v":"ວັນ​ຈັນ"},{"$i":"weekday-2-long","$v":"ວັນຄານ"},{"$i":"weekday-3-long","$v":"ວັນ​ພຸດ"},{"$i":"weekday-4-long","$v":"ວັນພະຫັດ"},{"$i":"weekday-5-long","$v":"ວັນ​ສຸກ"},{"$i":"weekday-6-long","$v":"ວັນ​ເສົາ"},{"$i":"weekday-0-short","$v":"ອາທິດ"},{"$i":"weekday-1-short","$v":"ຈັນ"},{"$i":"weekday-2-short","$v":"ຄານ"},{"$i":"weekday-3-short","$v":"ພຸດ"},{"$i":"weekday-4-short","$v":"ພະຫັດ"},{"$i":"weekday-5-short","$v":"ສຸກ"},{"$i":"weekday-6-short","$v":"ເສົາ"},{"$i":"month-0-long","$v":"ມັງ​ກອນ"},{"$i":"month-1-long","$v":"ມ​ພາ"},{"$i":"month-2-long","$v":"ມີ​ນາ"},{"$i":"month-3-long","$v":"ເມ​ສາ"},{"$i":"month-4-long","$v":"ພຶດ​ສະ​ພາ"},{"$i":"month-5-long","$v":"ມິ​ຖຸ​ນາ"},{"$i":"month-6-long","$v":"ກໍ​ລະ​ກົດ"},{"$i":"month-7-long","$v":"ສິງຫາ"},{"$i":"month-8-long","$v":"ກັນ​ຍາ"},{"$i":"month-9-long","$v":"ຕຸ​ລາ"},{"$i":"month-10-long","$v":"ພະ​ຈິກ"},{"$i":"month-11-long","$v":"ທັນ​ວາ"},{"$i":"month-0-genitive","$v":"ມັງ​ກອນ"},{"$i":"month-1-genitive","$v":"ມ​ພາ"},{"$i":"month-2-genitive","$v":"ມີ​ນາ"},{"$i":"month-3-genitive","$v":"ເມ​ສາ"},{"$i":"month-4-genitive","$v":"ພຶດ​ສະ​ພາ"},{"$i":"month-5-genitive","$v":"ມິ​ຖຸ​ນາ"},{"$i":"month-6-genitive","$v":"ກໍ​ລະ​ກົດ"},{"$i":"month-7-genitive","$v":"ສິງຫາ"},{"$i":"month-8-genitive","$v":"ກັນ​ຍາ"},{"$i":"month-9-genitive","$v":"ຕຸ​ລາ"},{"$i":"month-10-genitive","$v":"ພະ​ຈິກ"},{"$i":"month-11-genitive","$v":"ທັນ​ວາ"},{"$i":"month-0-short","$v":"ມັງ​ກອນ"},{"$i":"month-1-short","$v":"ກຸມພາ"},{"$i":"month-2-short","$v":"ມີ​ນາ"},{"$i":"month-3-short","$v":"ເມ​ສາ"},{"$i":"month-4-short","$v":"ພຶດ​ສະ​ພາ"},{"$i":"month-5-short","$v":"ມິ​ຖຸ​ນາ"},{"$i":"month-6-short","$v":"ກໍ​​ລະ​​ກົດ"},{"$i":"month-7-short","$v":"ສິງຫາ"},{"$i":"month-8-short","$v":"ກັນຍາ"},{"$i":"month-9-short","$v":"ຕຸ​ລາ"},{"$i":"month-10-short","$v":"ພະ​ຈິກ"},{"$i":"month-11-short","$v":"ທັນ​ວາ"},{"$i":"minutes-ago-long","$v":{"few":[{"t":"idOrVar","v":"value"}," ນາທີກ່ອນ"],"many":[{"t":"idOrVar","v":"value"}," ນາທີກ່ອນ"],"other":[{"t":"idOrVar","v":"value"}," ນາທີກ່ອນ"],"two":[{"t":"idOrVar","v":"value"}," ນາທີກ່ອນ"],"one":"ໜຶ່ງນາທີຜ່ານມາ","zero":"ຕອນນີ້"},"$x":[{"t":"idOrVar","v":"plural"},"value"]},{"$i":"hours-ago-long","$v":{"few":[{"t":"idOrVar","v":"value"}," ຊົ່ວໂມງກ່ອນ"],"many":[{"t":"idOrVar","v":"value"}," ຊົ່ວໂມງກ່ອນ"],"other":[{"t":"idOrVar","v":"value"}," ຊົ່ວໂມງກ່ອນ"],"two":[{"t":"idOrVar","v":"value"}," ຊົ່ວໂມງກ່ອນ"],"one":"1 ຊົ່ວໂມງກ່ອນຫນ້ານີ້","zero":"ຕອນນີ້"},"$x":[{"t":"idOrVar","v":"plural"},"value"]},{"$i":"days-ago-long","$v":{"few":[{"t":"idOrVar","v":"value"}," ມື້ກ່ອນ"],"many":[{"t":"idOrVar","v":"value"}," ມື້ກ່ອນ"],"one":"ມື້ວານ","other":[{"t":"idOrVar","v":"value"}," ມື້ກ່ອນ"],"two":[{"t":"idOrVar","v":"value"}," ມື້ກ່ອນ"],"zero":"ມື້ນີ້"},"$x":[{"t":"idOrVar","v":"plural"},"value"]},{"$i":"weeks-ago-long","$v":{"few":[{"t":"idOrVar","v":"value"}," ເດືອນກ່ອນໜ້າ"],"many":[{"t":"idOrVar","v":"value"}," ເດືອນກ່ອນໜ້າ"],"one":"ອາທິດຜ່ານມາ","other":[{"t":"idOrVar","v":"value"}," ເດືອນກ່ອນໜ້າ"],"two":[{"t":"idOrVar","v":"value"}," ເດືອນກ່ອນໜ້າ"],"zero":"ທິດນີ້"},"$x":[{"t":"idOrVar","v":"plural"},"value"]},{"$i":"months-ago-long","$v":{"few":[{"t":"idOrVar","v":"value"}," ເດືອນກ່ອນ"],"many":[{"t":"idOrVar","v":"value"}," ເດືອນກ່ອນ"],"one":"ເດືອນກ່ອນນີ້","other":[{"t":"idOrVar","v":"value"}," ເດືອນກ່ອນ"],"two":[{"t":"idOrVar","v":"value"}," ເດືອນກ່ອນ"],"zero":"ເດືອນນີ້"},"$x":[{"t":"idOrVar","v":"plural"},"value"]},{"$i":"years-ago-long","$v":{"few":[{"t":"idOrVar","v":"value"}," ປີຕໍ່ໄປ"],"many":[{"t":"idOrVar","v":"value"}," ປີຕໍ່ໄປ"],"one":"ປີກາຍນີ້","other":[{"t":"idOrVar","v":"value"}," ປີຕໍ່ໄປ"],"two":[{"t":"idOrVar","v":"value"}," ປີຕໍ່ໄປ"],"zero":"ປີນີ້"},"$x":[{"t":"idOrVar","v":"plural"},"value"]},{"$i":"minutes-until-long","$v":{"few":["ໃນ ",{"t":"idOrVar","v":"value"}," ຫຼາຍນາທີ"],"many":["ໃນ ",{"t":"idOrVar","v":"value"}," ຫຼາຍນາທີ"],"other":["ໃນ ",{"t":"idOrVar","v":"value"}," ຫຼາຍນາທີ"],"two":["ໃນ ",{"t":"idOrVar","v":"value"}," ຫຼາຍນາທີ"],"zero":"ຕອນນີ້","one":"ໃນ 1 ນາທີ"},"$x":[{"t":"idOrVar","v":"plural"},"value"]},{"$i":"hours-until-long","$v":{"few":["ໃນ ",{"t":"idOrVar","v":"value"}," ຫຼາຍຊົ່ວໂມງ"],"many":["ໃນ ",{"t":"idOrVar","v":"value"}," ຫຼາຍຊົ່ວໂມງ"],"other":["ໃນ ",{"t":"idOrVar","v":"value"}," ຫຼາຍຊົ່ວໂມງ"],"two":["ໃນ ",{"t":"idOrVar","v":"value"}," ຫຼາຍຊົ່ວໂມງ"],"zero":"ຕອນນີ້","one":"ໃນ 1 ຊົ່ວໂມງ"},"$x":[{"t":"idOrVar","v":"plural"},"value"]},{"$i":"days-until-long","$v":{"few":["ໃນ ",{"t":"idOrVar","v":"value"}," ຫຼາຍວັນ"],"many":["ໃນ ",{"t":"idOrVar","v":"value"}," ຫຼາຍວັນ"],"one":"ມື້ອື່ນ","other":["ໃນ ",{"t":"idOrVar","v":"value"}," ຫຼາຍວັນ"],"two":["ໃນ ",{"t":"idOrVar","v":"value"}," ຫຼາຍວັນ"],"zero":"ມື້ນີ້"},"$x":[{"t":"idOrVar","v":"plural"},"value"]},{"$i":"weeks-until-long","$v":{"few":["ໃນ ",{"t":"idOrVar","v":"value"}," ຫຼາຍອາທິດ"],"many":["ໃນ ",{"t":"idOrVar","v":"value"}," ຫຼາຍອາທິດ"],"one":"ອາທິດໜ້າ","other":["ໃນ ",{"t":"idOrVar","v":"value"}," ຫຼາຍອາທິດ"],"two":["ໃນ ",{"t":"idOrVar","v":"value"}," ຫຼາຍອາທິດ"],"zero":"ທິດນີ້"},"$x":[{"t":"idOrVar","v":"plural"},"value"]},{"$i":"months-until-long","$v":{"few":["ໃນ ",{"t":"idOrVar","v":"value"}," ຫຼາຍເດືອນ"],"many":["ໃນ ",{"t":"idOrVar","v":"value"}," ຫຼາຍເດືອນ"],"one":"ເດືອນໜ້າ","other":["ໃນ ",{"t":"idOrVar","v":"value"}," ຫຼາຍເດືອນ"],"two":["ໃນ ",{"t":"idOrVar","v":"value"}," ຫຼາຍເດືອນ"],"zero":"ເດືອນນີ້"},"$x":[{"t":"idOrVar","v":"plural"},"value"]},{"$i":"years-until-long","$v":{"few":["ໃນ ",{"t":"idOrVar","v":"value"}," ຫຼາຍປີ"],"many":["ໃນ ",{"t":"idOrVar","v":"value"}," ຫຼາຍປີ"],"one":"ປີໜ້າ","other":["ໃນ ",{"t":"idOrVar","v":"value"}," ຫຼາຍປີ"],"two":["ໃນ ",{"t":"idOrVar","v":"value"}," ຫຼາຍປີ"],"zero":"ປີນີ້"},"$x":[{"t":"idOrVar","v":"plural"},"value"]},{"$i":"minutes-ago-short","$v":{"other":[{"t":"idOrVar","v":"value"},"ນ ກ່ອນ"],"zero":"ຕອນນີ້"},"$x":[{"t":"idOrVar","v":"plural"},"value"]},{"$i":"hours-ago-short","$v":{"other":[{"t":"idOrVar","v":"value"},"ມ ກ່ອນ"],"zero":"ຕອນນີ້"},"$x":[{"t":"idOrVar","v":"plural"},"value"]},{"$i":"days-ago-short","$v":{"other":[{"t":"idOrVar","v":"value"},"ມື້ກ່ອນ"],"zero":"ມື້ນີ້"},"$x":[{"t":"idOrVar","v":"plural"},"value"]},{"$i":"minutes-until-short","$v":{"other":["ໃນ ",{"t":"idOrVar","v":"value"},"ດ"],"zero":"ຕອນນີ້"},"$x":[{"t":"idOrVar","v":"plural"},"value"]},{"$i":"hours-until-short","$v":{"other":["ໃນ ",{"t":"idOrVar","v":"value"},"ຊ.ມ"],"zero":"ຕອນນີ້"},"$x":[{"t":"idOrVar","v":"plural"},"value"]},{"$i":"days-until-short","$v":{"other":["ໃນ ",{"t":"idOrVar","v":"value"},"ວ"],"zero":"ມື້ນີ້"},"$x":[{"t":"idOrVar","v":"plural"},"value"]},{"$i":"incorrectDate","$v":"(ວັນທີບໍ່ຖືກຕ້ອງ)"},{"$i":"dateTimeFormat_%c","$v":"%a %b %e %Y %I:%M:%S %p"},{"$i":"dateTimeFormat_%x","$v":"%m/%d/%Y"},{"$i":"dateTimeFormat_%X","$v":"%I:%M:%S %p"},{"$i":"shortTimeFormat","$v":"%I:%M %p"},{"$i":"shortTimeFormat12","$v":"%I:%M %p"},{"$i":"shortTimeFormat24","$v":"%H:%M"},{"$i":"shortDateTimeFormat","$v":"%x %I:%M %p"},{"$i":"weekStartsOnMonday","$v":"0.0"},{"$i":"firstDayOfTheWeek","$v":"0.0"},{"$i":"time_am","$v":"AM"},{"$i":"time_pm","$v":"ຕອນເຊົ້າ"}]