[{"$i":"filemanager","$v":"Failų tvarkyt."},{"$i":"internal","$v":"Vidin."},{"$i":"sdcard","$v":"SD kor."},{"$i":"no-files","$v":"Šis katalogas tuščias."},{"$i":"not-support-header","$v":"Nepavyko atidaryti"},{"$i":"not-support-content","$v":"Šis failų formatas netink. arba nepalaik."},{"$i":"confirmation-header","$v":"Patvirtinim."},{"$i":"delete-file-content","$v":["Ištrinti failą ",{"t":"idOrVar","v":"fileName"},"?"]},{"$i":"delete-folder-content","$v":["Bus ištrinti visi pasirinkto katalogo elementai. Ištrinti katalogą ",{"t":"idOrVar","v":"fileName"},"?"]},{"$i":"copy-move-header","$v":"Pasirinkite paskirties katalogą"},{"$i":"number-selected","$v":{"few":["Pasir.: ",{"t":"idOrVar","v":"number"}],"many":["Pasir.: ",{"t":"idOrVar","v":"number"}],"one":["Pasir.: ",{"t":"idOrVar","v":"number"}],"other":["Pasir.: ",{"t":"idOrVar","v":"number"}],"two":["Pasir.: ",{"t":"idOrVar","v":"number"}],"zero":["Pasir.: ",{"t":"idOrVar","v":"number"}]},"$x":[{"t":"idOrVar","v":"plural"},"number"]},{"$i":"delete-all-folder","$v":"Bus ištrinti visi pasirinkto katalogo elementai. Ištrinti pasirinktus elem.?"},{"$i":"delete-all-file","$v":"Ištr. pasirinktus elem.?"},{"$i":"search-in","$v":"Ieškoma"},{"$i":"search-current","$v":"Tik šis katalogas"},{"$i":"search-internal","$v":"Vidin."},{"$i":"search-sdcard","$v":"SD kort."},{"$i":"search-header","$v":["Paieš.: ",{"t":"idOrVar","v":"keyword"}]},{"$i":"file-exist","$v":[{"t":"idOrVar","v":"fileName"}," šioje vietoje jau yra. Palikti abu elementus?"]},{"$i":"paste-error","$v":"Katalogo negalima įklijuoti į jį patį."},{"$i":"move-error","$v":"Katalogo negalima perkelti į jį patį."},{"$i":"new-folder-error","$v":["Pavadinimas ",{"t":"idOrVar","v":"folderName"}," jau naudojamas. Pasirinkite kitą pav."]},{"$i":"searching","$v":"Ieškoma..."},{"$i":"loading","$v":"Įkeliama…"},{"$i":"search-empty","$v":"Nerasta"},{"$i":"new-folder-invalid","$v":["Pavadinimas ",{"t":"idOrVar","v":"folderName"}," netinkamas. Pasirinkite kitą pavadinimą."]},{"$i":"progress-head-copy","$v":"Kopijuojama"},{"$i":"progress-content-copy","$v":"Kopijuojamas elementas"},{"$i":"progress-head-move","$v":"Perkeliama"},{"$i":"progress-content-move","$v":"Perkeliamas elementas"},{"$i":"unsupport-folder-name","$v":{"$o":"Negalite naudoti pavadinimo, kurį sudaro nepalaikomi simboliai: \\/:*?&quot;&lt;&gt;|"}},{"$i":"unsupport-string","$v":{"$o":["Nepavyksta ",{"t":"idOrVar","v":"name"}," failo pavadinimu, kuriame yra nepalaikomų simbolių: \\/:*?\"<>|"]}},{"$i":"not-enough-space","$v":"Nepakanka vietos"},{"$i":"error-while-moving","$v":"Perkeliant įvyko klaida"},{"$i":"error-while-copying","$v":"Kopijuojant įvyko klaida"},{"$i":"rename-not-suffix","$v":"Pakeitus plėtinį gali būti neįmanoma atidaryti failo."},{"$i":"open","$v":"Atidaryti"},{"$i":"options","$v":"Funkc."},{"$i":"ok","$v":"Gerai"},{"$i":"cancel","$v":"Atš."},{"$i":"change","$v":"Keisti"},{"$i":"paste","$v":"Įklijuoti"},{"$i":"select","$v":"Rinkt."},{"$i":"deselect","$v":"Atsisak."},{"$i":"replace","$v":"Pakeisti"},{"$i":"keep-both","$v":"Palikti abu"},{"$i":"delete","$v":"Ištrinti"},{"$i":"copy","$v":"Kopijuoti"},{"$i":"move","$v":"Perkelti"},{"$i":"rename","$v":"Pervadinti"},{"$i":"select-items","$v":"Pasirink. elementus"},{"$i":"new-folder","$v":"Naujas katalog."},{"$i":"search","$v":"Paieš."},{"$i":"refresh","$v":"Atnauj."},{"$i":"details","$v":"Informacija"},{"$i":"share","$v":"Dalintis"},{"$i":"select-all","$v":"Rinktis viską"},{"$i":"deselect-all","$v":"Ats. visų pas."},{"$i":"detail-header","$v":"Informacija"},{"$i":"detail-name","$v":"Pavadinimas"},{"$i":"detail-location","$v":"Vieta"},{"$i":"detail-type","$v":"Tipas"},{"$i":"detail-created","$v":"Sukurta"},{"$i":"detail-size","$v":"Dydis"},{"$i":"folder","$v":"katalogas"},{"$i":"type-unknow","$v":"nežinom."},{"$i":"B","$v":"B"},{"$i":"KB","$v":"KB"},{"$i":"MB","$v":"MB"},{"$i":"GB","$v":"GB"},{"$i":"item-deleted","$v":"Elementas ištrintas."},{"$i":"items-deleted","$v":"Ištrinti elementai."},{"$i":"item-copied","$v":"Elementas nukopijuotas."},{"$i":"items-copied","$v":"Kopijuojami elementai."},{"$i":"item-moved","$v":"Elementas perkeltas."},{"$i":"items-moved","$v":"Perkelti elementai."},{"$i":"file-renamed","$v":"Failas pervadintas."},{"$i":"folder-renamed","$v":"Aplankas pervadintas."},{"$i":"folder-created","$v":"Aplankas sukurtas."},{"$i":"refresh-completed","$v":"Atnaujinimas baigtas."},{"$i":"itmes-not-copied","$v":[{"t":"idOrVar","v":"num"}," elementai (-ų) nenukopijuoti (-a)."]},{"$i":"itmes-not-moved","$v":[{"t":"idOrVar","v":"num"}," elementai (-ų) neperkelti (-a)."]},{"$i":"weekday-0-long","$v":"Sekmadienis"},{"$i":"weekday-1-long","$v":"Pirmadienis"},{"$i":"weekday-2-long","$v":"Antradienis"},{"$i":"weekday-3-long","$v":"Trečiadienis"},{"$i":"weekday-4-long","$v":"Ketvirtadienis"},{"$i":"weekday-5-long","$v":"Penktadienis"},{"$i":"weekday-6-long","$v":"Šeštadienis"},{"$i":"weekday-0-short","$v":"Sk"},{"$i":"weekday-1-short","$v":"Pr"},{"$i":"weekday-2-short","$v":"An"},{"$i":"weekday-3-short","$v":"Tr"},{"$i":"weekday-4-short","$v":"Kt"},{"$i":"weekday-5-short","$v":"Pn"},{"$i":"weekday-6-short","$v":"Št"},{"$i":"month-0-long","$v":"Sausis"},{"$i":"month-1-long","$v":"Vasaris"},{"$i":"month-2-long","$v":"Kovas"},{"$i":"month-3-long","$v":"Balandis"},{"$i":"month-4-long","$v":"Gegužė"},{"$i":"month-5-long","$v":"Birželis"},{"$i":"month-6-long","$v":"Liepa"},{"$i":"month-7-long","$v":"Rugpjūtis"},{"$i":"month-8-long","$v":"Rugsėjis"},{"$i":"month-9-long","$v":"Spalis"},{"$i":"month-10-long","$v":"Lapkritis"},{"$i":"month-11-long","$v":"Gruodis"},{"$i":"month-0-genitive","$v":"Sausis"},{"$i":"month-1-genitive","$v":"Vasaris"},{"$i":"month-2-genitive","$v":"Kovas"},{"$i":"month-3-genitive","$v":"Balandis"},{"$i":"month-4-genitive","$v":"Gegužė"},{"$i":"month-5-genitive","$v":"Birželis"},{"$i":"month-6-genitive","$v":"Liepa"},{"$i":"month-7-genitive","$v":"Rugpjūtis"},{"$i":"month-8-genitive","$v":"Rugsėjis"},{"$i":"month-9-genitive","$v":"Spalis"},{"$i":"month-10-genitive","$v":"Lapkritis"},{"$i":"month-11-genitive","$v":"Gruodis"},{"$i":"month-0-short","$v":"saus."},{"$i":"month-1-short","$v":"vasar."},{"$i":"month-2-short","$v":"kov."},{"$i":"month-3-short","$v":"balan."},{"$i":"month-4-short","$v":"Geg"},{"$i":"month-5-short","$v":"birž."},{"$i":"month-6-short","$v":"liep."},{"$i":"month-7-short","$v":"rugpj."},{"$i":"month-8-short","$v":"rugs"},{"$i":"month-9-short","$v":"spal."},{"$i":"month-10-short","$v":"lapkr."},{"$i":"month-11-short","$v":"grd."},{"$i":"minutes-ago-long","$v":{"few":["Prieš ",{"t":"idOrVar","v":"value"}," min."],"many":["Prieš ",{"t":"idOrVar","v":"value"}," min."],"other":["Prieš ",{"t":"idOrVar","v":"value"}," min."],"two":["Prieš ",{"t":"idOrVar","v":"value"}," min."],"one":"prieš minutę","zero":"ką tik"},"$x":[{"t":"idOrVar","v":"plural"},"value"]},{"$i":"hours-ago-long","$v":{"few":["Prieš ",{"t":"idOrVar","v":"value"}," val."],"many":["Prieš ",{"t":"idOrVar","v":"value"}," val."],"other":["Prieš ",{"t":"idOrVar","v":"value"}," val."],"two":["Prieš ",{"t":"idOrVar","v":"value"}," val."],"one":"Prieš 1 valandą","zero":"ką tik"},"$x":[{"t":"idOrVar","v":"plural"},"value"]},{"$i":"days-ago-long","$v":{"few":["Prieš ",{"t":"idOrVar","v":"value"}," d."],"many":["Prieš ",{"t":"idOrVar","v":"value"}," d."],"one":"vakar","other":["Prieš ",{"t":"idOrVar","v":"value"}," d."],"two":["Prieš ",{"t":"idOrVar","v":"value"}," d."],"zero":"šiandien"},"$x":[{"t":"idOrVar","v":"plural"},"value"]},{"$i":"weeks-ago-long","$v":{"few":["Prieš ",{"t":"idOrVar","v":"value"}," sav."],"many":["Prieš ",{"t":"idOrVar","v":"value"}," sav."],"one":"pas. sav.","other":["Prieš ",{"t":"idOrVar","v":"value"}," sav."],"two":["Prieš ",{"t":"idOrVar","v":"value"}," sav."],"zero":"ši savaitė"},"$x":[{"t":"idOrVar","v":"plural"},"value"]},{"$i":"months-ago-long","$v":{"few":[{"t":"idOrVar","v":"value"}," mėn. po"],"many":[{"t":"idOrVar","v":"value"}," mėn. po"],"one":"pask. mėn.","other":[{"t":"idOrVar","v":"value"}," mėn. po"],"two":[{"t":"idOrVar","v":"value"}," mėn. po"],"zero":"šis mėnuo"},"$x":[{"t":"idOrVar","v":"plural"},"value"]},{"$i":"years-ago-long","$v":{"few":["Prieš ",{"t":"idOrVar","v":"value"}," met."],"many":["Prieš ",{"t":"idOrVar","v":"value"}," met."],"one":"Pas. met.","other":["Prieš ",{"t":"idOrVar","v":"value"}," met."],"two":["Prieš ",{"t":"idOrVar","v":"value"}," met."],"zero":"šie metai"},"$x":[{"t":"idOrVar","v":"plural"},"value"]},{"$i":"minutes-until-long","$v":{"few":["per ",{"t":"idOrVar","v":"value"}," min."],"many":["per ",{"t":"idOrVar","v":"value"}," min."],"other":["per ",{"t":"idOrVar","v":"value"}," min."],"two":["per ",{"t":"idOrVar","v":"value"}," min."],"zero":"dabar","one":"per 1 min"},"$x":[{"t":"idOrVar","v":"plural"},"value"]},{"$i":"hours-until-long","$v":{"few":["per ",{"t":"idOrVar","v":"value"}," val."],"many":["per ",{"t":"idOrVar","v":"value"}," val."],"other":["per ",{"t":"idOrVar","v":"value"}," val."],"two":["per ",{"t":"idOrVar","v":"value"}," val."],"zero":"dabar","one":"per 1 valandą"},"$x":[{"t":"idOrVar","v":"plural"},"value"]},{"$i":"days-until-long","$v":{"few":["per ",{"t":"idOrVar","v":"value"}," d."],"many":["per ",{"t":"idOrVar","v":"value"}," d."],"one":"rytoj","other":["per ",{"t":"idOrVar","v":"value"}," d."],"two":["per ",{"t":"idOrVar","v":"value"}," d."],"zero":"šiandien"},"$x":[{"t":"idOrVar","v":"plural"},"value"]},{"$i":"weeks-until-long","$v":{"few":["per ",{"t":"idOrVar","v":"value"}," sav."],"many":["per ",{"t":"idOrVar","v":"value"}," sav."],"one":"kita sav.","other":["per ",{"t":"idOrVar","v":"value"}," sav."],"two":["per ",{"t":"idOrVar","v":"value"}," sav."],"zero":"ši savaitė"},"$x":[{"t":"idOrVar","v":"plural"},"value"]},{"$i":"months-until-long","$v":{"few":["per ",{"t":"idOrVar","v":"value"}," mėn."],"many":["per ",{"t":"idOrVar","v":"value"}," mėn."],"one":"kit. mėn.","other":["per ",{"t":"idOrVar","v":"value"}," mėn."],"two":["per ",{"t":"idOrVar","v":"value"}," mėn."],"zero":"šis mėnuo"},"$x":[{"t":"idOrVar","v":"plural"},"value"]},{"$i":"years-until-long","$v":{"few":["per ",{"t":"idOrVar","v":"value"}," met."],"many":["per ",{"t":"idOrVar","v":"value"}," met."],"one":"kit. met.","other":["per ",{"t":"idOrVar","v":"value"}," met."],"two":["per ",{"t":"idOrVar","v":"value"}," met."],"zero":"šie metai"},"$x":[{"t":"idOrVar","v":"plural"},"value"]},{"$i":"minutes-ago-short","$v":{"other":["Prieš ",{"t":"idOrVar","v":"value"},"min."],"zero":"ką tik"},"$x":[{"t":"idOrVar","v":"plural"},"value"]},{"$i":"hours-ago-short","$v":{"other":["Prieš ",{"t":"idOrVar","v":"value"},"val."],"zero":"ką tik"},"$x":[{"t":"idOrVar","v":"plural"},"value"]},{"$i":"days-ago-short","$v":{"other":["Prieš ",{"t":"idOrVar","v":"value"},"d."],"zero":"šiandien"},"$x":[{"t":"idOrVar","v":"plural"},"value"]},{"$i":"minutes-until-short","$v":{"other":["per ",{"t":"idOrVar","v":"value"},"min."],"zero":"dabar"},"$x":[{"t":"idOrVar","v":"plural"},"value"]},{"$i":"hours-until-short","$v":{"other":["per ",{"t":"idOrVar","v":"value"},"val."],"zero":"dabar"},"$x":[{"t":"idOrVar","v":"plural"},"value"]},{"$i":"days-until-short","$v":{"other":["per ",{"t":"idOrVar","v":"value"},"d"],"zero":"šiandien"},"$x":[{"t":"idOrVar","v":"plural"},"value"]},{"$i":"incorrectDate","$v":"(neteisinga data)"},{"$i":"dateTimeFormat_%c","$v":"%a %b %e %Y %I:%M:%S %p"},{"$i":"dateTimeFormat_%x","$v":"%m/%d/%Y"},{"$i":"dateTimeFormat_%X","$v":"%I:%M:%S %p"},{"$i":"shortTimeFormat","$v":"%I:%M %p"},{"$i":"shortTimeFormat12","$v":"%I:%M %p"},{"$i":"shortTimeFormat24","$v":"%H:%M"},{"$i":"shortDateTimeFormat","$v":"%x %I:%M %p"},{"$i":"weekStartsOnMonday","$v":"0.0"},{"$i":"firstDayOfTheWeek","$v":"1.0"},{"$i":"time_am","$v":"AM"},{"$i":"time_pm","$v":"PM"}]