[{"$i":"filemanager","$v":"Failu pārvaldnieks"},{"$i":"internal","$v":"Iekšējā"},{"$i":"sdcard","$v":"SD karte"},{"$i":"no-files","$v":"Šī mape ir tukša."},{"$i":"not-support-header","$v":"Nevar atvērt"},{"$i":"not-support-content","$v":"Šis faila formāts ir nederīgs vai neatbalstīts."},{"$i":"confirmation-header","$v":"Apstiprinājums"},{"$i":"delete-file-content","$v":["Dzēst failu ",{"t":"idOrVar","v":"fileName"},"?"]},{"$i":"delete-folder-content","$v":["Visi vienumi atlasītajā mapē tiks dzēsti. Vai dzēst mapi ",{"t":"idOrVar","v":"fileName"},"?"]},{"$i":"copy-move-header","$v":"Atlasīt mērķa mapi"},{"$i":"number-selected","$v":{"few":["Atlasīti ",{"t":"idOrVar","v":"number"}],"many":["Atlasīti ",{"t":"idOrVar","v":"number"}],"one":["Atlasīti ",{"t":"idOrVar","v":"number"}],"other":["Atlasīti ",{"t":"idOrVar","v":"number"}],"two":["Atlasīti ",{"t":"idOrVar","v":"number"}],"zero":["Atlasīti ",{"t":"idOrVar","v":"number"}]},"$x":[{"t":"idOrVar","v":"plural"},"number"]},{"$i":"delete-all-folder","$v":"Visi vienumi atlasītajā mapē tiks dzēsti. Vai dzēst atlasītos vienumus?"},{"$i":"delete-all-file","$v":"Vai dzēst izvēlētos vienumus?"},{"$i":"search-in","$v":"Meklē"},{"$i":"search-current","$v":"Tikai esošā mape"},{"$i":"search-internal","$v":"Iekšējā"},{"$i":"search-sdcard","$v":"SD kartē"},{"$i":"search-header","$v":["Meklēt: ",{"t":"idOrVar","v":"keyword"}]},{"$i":"file-exist","$v":[{"t":"idOrVar","v":"fileName"}," jau ir šajā novietnē. Saglabāt abus vienumus?"]},{"$i":"paste-error","$v":"Nevar ielīmēt mapi sevī."},{"$i":"move-error","$v":"Nevar pārvietot mapi sevī."},{"$i":"new-folder-error","$v":["Nosaukums ",{"t":"idOrVar","v":"folderName"}," jau ir izmantots. Izvēlieties citu nosaukumu."]},{"$i":"searching","$v":"Notiek meklēšana..."},{"$i":"loading","$v":"Ielādē…"},{"$i":"search-empty","$v":"Nav atrasta"},{"$i":"new-folder-invalid","$v":["Nosaukums ",{"t":"idOrVar","v":"folderName"}," nav derīgs. Lūdzu, izvēlieties citu nosaukumu."]},{"$i":"progress-head-copy","$v":"Kopēšana"},{"$i":"progress-content-copy","$v":"Vienuma kopēšana"},{"$i":"progress-head-move","$v":"Pārvietošana"},{"$i":"progress-content-move","$v":"Vienuma pārvietošana"},{"$i":"unsupport-folder-name","$v":{"$o":"Nevar izmantot nosaukumu, kas ietver neatbalstītās rakstzīmes: \\/:*?&quot;&lt;&gt;|"}},{"$i":"unsupport-string","$v":{"$o":["Nevar ",{"t":"idOrVar","v":"name"}," failu, kura nosaukumā ir neatbalstītas rakstzīmes: \\/:*?\"<>|"]}},{"$i":"not-enough-space","$v":"Nav pietiekami daudz brīvas vietas"},{"$i":"error-while-moving","$v":"Kļūda pārvietošanas laikā"},{"$i":"error-while-copying","$v":"Kļūda kopēšanas laikā"},{"$i":"rename-not-suffix","$v":"Pēc paplašinājuma maiņas failu, iespējams, nevarēs atvērt. Vai tomēr mainīt?"},{"$i":"open","$v":"Atvērt"},{"$i":"options","$v":"Iespējas"},{"$i":"ok","$v":"Labi"},{"$i":"cancel","$v":"Atcelt"},{"$i":"change","$v":"Mainīt"},{"$i":"paste","$v":"Ielīmēt"},{"$i":"select","$v":"Izvēlēties"},{"$i":"deselect","$v":"Noņemt izvēli"},{"$i":"replace","$v":"Aizstāt"},{"$i":"keep-both","$v":"Saglabāt abus"},{"$i":"delete","$v":"Dzēst"},{"$i":"copy","$v":"Kopēt"},{"$i":"move","$v":"Pārvietot"},{"$i":"rename","$v":"Pārdēvēt"},{"$i":"select-items","$v":"Atlasīt vienumus"},{"$i":"new-folder","$v":"Jauna mape"},{"$i":"search","$v":"Meklēt"},{"$i":"refresh","$v":"Atsvaidzināt"},{"$i":"details","$v":"Dati"},{"$i":"share","$v":"Kopīgot"},{"$i":"select-all","$v":"Atlasīt visu"},{"$i":"deselect-all","$v":"Noņemt izvēli visam"},{"$i":"detail-header","$v":"Dati"},{"$i":"detail-name","$v":"Nosaukums"},{"$i":"detail-location","$v":"Novietne"},{"$i":"detail-type","$v":"Veids"},{"$i":"detail-created","$v":"Izveidots"},{"$i":"detail-size","$v":"Izmērs"},{"$i":"folder","$v":"mape"},{"$i":"type-unknow","$v":"nezināms"},{"$i":"B","$v":"B"},{"$i":"KB","$v":"KB"},{"$i":"MB","$v":"MB"},{"$i":"GB","$v":"GB"},{"$i":"item-deleted","$v":"Vienums izdzēsts."},{"$i":"items-deleted","$v":"Dzēstie vienumi."},{"$i":"item-copied","$v":"Vienums kopēts."},{"$i":"items-copied","$v":"Kopētie vienumi."},{"$i":"item-moved","$v":"Vienums pārvietots."},{"$i":"items-moved","$v":"Pārvietoti vienumi."},{"$i":"file-renamed","$v":"Failu pārdēvēts."},{"$i":"folder-renamed","$v":"Mape pārdēvēta."},{"$i":"folder-created","$v":"Izveidota mape."},{"$i":"refresh-completed","$v":"Atsvaidzināšana pabeigta."},{"$i":"itmes-not-copied","$v":[{"t":"idOrVar","v":"num"}," vienumi nav nokopēti."]},{"$i":"itmes-not-moved","$v":[{"t":"idOrVar","v":"num"}," vienumi nav pārvietoti."]},{"$i":"weekday-0-long","$v":"Svētdiena"},{"$i":"weekday-1-long","$v":"Pirmdiena"},{"$i":"weekday-2-long","$v":"Otrdiena"},{"$i":"weekday-3-long","$v":"Trešdiens"},{"$i":"weekday-4-long","$v":"Ceturtdiena"},{"$i":"weekday-5-long","$v":"Piektdiena"},{"$i":"weekday-6-long","$v":"Sestdiena"},{"$i":"weekday-0-short","$v":"Sv"},{"$i":"weekday-1-short","$v":"P"},{"$i":"weekday-2-short","$v":"O"},{"$i":"weekday-3-short","$v":"T"},{"$i":"weekday-4-short","$v":"C"},{"$i":"weekday-5-short","$v":"Pk"},{"$i":"weekday-6-short","$v":"S"},{"$i":"month-0-long","$v":"Janvāris"},{"$i":"month-1-long","$v":"Februāris"},{"$i":"month-2-long","$v":"Marts"},{"$i":"month-3-long","$v":"Aprīlis"},{"$i":"month-4-long","$v":"Maijs"},{"$i":"month-5-long","$v":"Jūnijs"},{"$i":"month-6-long","$v":"Jūlijs"},{"$i":"month-7-long","$v":"Augusts"},{"$i":"month-8-long","$v":"Septembris"},{"$i":"month-9-long","$v":"Oktobris"},{"$i":"month-10-long","$v":"Novembris"},{"$i":"month-11-long","$v":"Decembris"},{"$i":"month-0-genitive","$v":"Janvāris"},{"$i":"month-1-genitive","$v":"Februāris"},{"$i":"month-2-genitive","$v":"Marts"},{"$i":"month-3-genitive","$v":"Aprīlis"},{"$i":"month-4-genitive","$v":"Maijs"},{"$i":"month-5-genitive","$v":"Jūnijs"},{"$i":"month-6-genitive","$v":"Jūlijs"},{"$i":"month-7-genitive","$v":"Augusts"},{"$i":"month-8-genitive","$v":"Septembris"},{"$i":"month-9-genitive","$v":"Oktobris"},{"$i":"month-10-genitive","$v":"Novembris"},{"$i":"month-11-genitive","$v":"Decembris"},{"$i":"month-0-short","$v":"Jan."},{"$i":"month-1-short","$v":"Febr."},{"$i":"month-2-short","$v":"Marts"},{"$i":"month-3-short","$v":"Apr."},{"$i":"month-4-short","$v":"Maijs"},{"$i":"month-5-short","$v":"Jūn."},{"$i":"month-6-short","$v":"Jūl."},{"$i":"month-7-short","$v":"Aug."},{"$i":"month-8-short","$v":"Sept."},{"$i":"month-9-short","$v":"Okt."},{"$i":"month-10-short","$v":"Nov."},{"$i":"month-11-short","$v":"Dec."},{"$i":"minutes-ago-long","$v":{"few":["Pirms ",{"t":"idOrVar","v":"value"}," minūtēm"],"many":["Pirms ",{"t":"idOrVar","v":"value"}," minūtēm"],"other":["Pirms ",{"t":"idOrVar","v":"value"}," minūtēm"],"two":["Pirms ",{"t":"idOrVar","v":"value"}," minūtēm"],"one":"pirms minūtes","zero":"tikko"},"$x":[{"t":"idOrVar","v":"plural"},"value"]},{"$i":"hours-ago-long","$v":{"few":["Pirms ",{"t":"idOrVar","v":"value"}," stundām"],"many":["Pirms ",{"t":"idOrVar","v":"value"}," stundām"],"other":["Pirms ",{"t":"idOrVar","v":"value"}," stundām"],"two":["Pirms ",{"t":"idOrVar","v":"value"}," stundām"],"one":"1 stunda","zero":"tikko"},"$x":[{"t":"idOrVar","v":"plural"},"value"]},{"$i":"days-ago-long","$v":{"few":["Pirms ",{"t":"idOrVar","v":"value"}," dienām"],"many":["Pirms ",{"t":"idOrVar","v":"value"}," dienām"],"one":"vakar","other":["Pirms ",{"t":"idOrVar","v":"value"}," dienām"],"two":["Pirms ",{"t":"idOrVar","v":"value"}," dienām"],"zero":"šodien"},"$x":[{"t":"idOrVar","v":"plural"},"value"]},{"$i":"weeks-ago-long","$v":{"few":["Pirms ",{"t":"idOrVar","v":"value"}," nedēļām"],"many":["Pirms ",{"t":"idOrVar","v":"value"}," nedēļām"],"one":"pagājušajā nedēļā","other":["Pirms ",{"t":"idOrVar","v":"value"}," nedēļām"],"two":["Pirms ",{"t":"idOrVar","v":"value"}," nedēļām"],"zero":"šonedēļ"},"$x":[{"t":"idOrVar","v":"plural"},"value"]},{"$i":"months-ago-long","$v":{"few":["Pirms ",{"t":"idOrVar","v":"value"}," mēnešiem"],"many":["Pirms ",{"t":"idOrVar","v":"value"}," mēnešiem"],"one":"pagājušajā mēnesī","other":["Pirms ",{"t":"idOrVar","v":"value"}," mēnešiem"],"two":["Pirms ",{"t":"idOrVar","v":"value"}," mēnešiem"],"zero":"šomēnes"},"$x":[{"t":"idOrVar","v":"plural"},"value"]},{"$i":"years-ago-long","$v":{"few":["Pirms ",{"t":"idOrVar","v":"value"}," gadiem"],"many":["Pirms ",{"t":"idOrVar","v":"value"}," gadiem"],"one":"pagājušajā gadā","other":["Pirms ",{"t":"idOrVar","v":"value"}," gadiem"],"two":["Pirms ",{"t":"idOrVar","v":"value"}," gadiem"],"zero":"šogad"},"$x":[{"t":"idOrVar","v":"plural"},"value"]},{"$i":"minutes-until-long","$v":{"few":[{"t":"idOrVar","v":"value"}," minūtēs"],"many":[{"t":"idOrVar","v":"value"}," minūtēs"],"other":[{"t":"idOrVar","v":"value"}," minūtēs"],"two":[{"t":"idOrVar","v":"value"}," minūtēs"],"zero":"tūlīt","one":"pēc 1 minūtes"},"$x":[{"t":"idOrVar","v":"plural"},"value"]},{"$i":"hours-until-long","$v":{"few":[{"t":"idOrVar","v":"value"}," stundās"],"many":[{"t":"idOrVar","v":"value"}," stundās"],"other":[{"t":"idOrVar","v":"value"}," stundās"],"two":[{"t":"idOrVar","v":"value"}," stundās"],"zero":"tūlīt","one":"pēc 1 stundas"},"$x":[{"t":"idOrVar","v":"plural"},"value"]},{"$i":"days-until-long","$v":{"few":[{"t":"idOrVar","v":"value"}," dienās"],"many":[{"t":"idOrVar","v":"value"}," dienās"],"one":"rīt","other":[{"t":"idOrVar","v":"value"}," dienās"],"two":[{"t":"idOrVar","v":"value"}," dienās"],"zero":"šodien"},"$x":[{"t":"idOrVar","v":"plural"},"value"]},{"$i":"weeks-until-long","$v":{"few":[{"t":"idOrVar","v":"value"}," nedēļās"],"many":[{"t":"idOrVar","v":"value"}," nedēļās"],"one":"nākamā nedēļa","other":[{"t":"idOrVar","v":"value"}," nedēļās"],"two":[{"t":"idOrVar","v":"value"}," nedēļās"],"zero":"šonedēļ"},"$x":[{"t":"idOrVar","v":"plural"},"value"]},{"$i":"months-until-long","$v":{"few":[{"t":"idOrVar","v":"value"}," mēnešos"],"many":[{"t":"idOrVar","v":"value"}," mēnešos"],"one":"nākamais mēnesis","other":[{"t":"idOrVar","v":"value"}," mēnešos"],"two":[{"t":"idOrVar","v":"value"}," mēnešos"],"zero":"šomēnes"},"$x":[{"t":"idOrVar","v":"plural"},"value"]},{"$i":"years-until-long","$v":{"few":[{"t":"idOrVar","v":"value"}," gados"],"many":[{"t":"idOrVar","v":"value"}," gados"],"one":"nākamais gads","other":[{"t":"idOrVar","v":"value"}," gados"],"two":[{"t":"idOrVar","v":"value"}," gados"],"zero":"šogad"},"$x":[{"t":"idOrVar","v":"plural"},"value"]},{"$i":"minutes-ago-short","$v":{"other":["Pirms ",{"t":"idOrVar","v":"value"}," min."],"zero":"tikko"},"$x":[{"t":"idOrVar","v":"plural"},"value"]},{"$i":"hours-ago-short","$v":{"other":["Pirms ",{"t":"idOrVar","v":"value"}," stundām"],"zero":"tikko"},"$x":[{"t":"idOrVar","v":"plural"},"value"]},{"$i":"days-ago-short","$v":{"other":["Pirms ",{"t":"idOrVar","v":"value"}," d."],"zero":"šodien"},"$x":[{"t":"idOrVar","v":"plural"},"value"]},{"$i":"minutes-until-short","$v":{"other":[{"t":"idOrVar","v":"value"}," min."],"zero":"tūlīt"},"$x":[{"t":"idOrVar","v":"plural"},"value"]},{"$i":"hours-until-short","$v":{"other":[{"t":"idOrVar","v":"value"}," st."],"zero":"tūlīt"},"$x":[{"t":"idOrVar","v":"plural"},"value"]},{"$i":"days-until-short","$v":{"other":[{"t":"idOrVar","v":"value"}," dienās"],"zero":"šodien"},"$x":[{"t":"idOrVar","v":"plural"},"value"]},{"$i":"incorrectDate","$v":"(nepareizs datums)"},{"$i":"dateTimeFormat_%c","$v":"%a %b %e %Y %I:%M:%S %p"},{"$i":"dateTimeFormat_%x","$v":"%m/%d/%Y"},{"$i":"dateTimeFormat_%X","$v":"%I:%M (%p)"},{"$i":"shortTimeFormat","$v":"%I:%M %p"},{"$i":"shortTimeFormat12","$v":"%I:%M %p"},{"$i":"shortTimeFormat24","$v":"%H:%M"},{"$i":"shortDateTimeFormat","$v":"%x %I:%M %p"},{"$i":"weekStartsOnMonday","$v":"0.0"},{"$i":"firstDayOfTheWeek","$v":"1.0"},{"$i":"time_am","$v":"no rīta"},{"$i":"time_pm","$v":"Pēc plkst."}]