[{"$i":"filemanager","$v":"Управувач на датотеки"},{"$i":"internal","$v":"Внатрешна"},{"$i":"sdcard","$v":"SD карт."},{"$i":"no-files","$v":"Оваа папка е празна."},{"$i":"not-support-header","$v":"Не може да се отвори"},{"$i":"not-support-content","$v":"Овој формат на датотеката е неважечки или не се поддржува."},{"$i":"confirmation-header","$v":"Потврдување"},{"$i":"delete-file-content","$v":["Избриши ја датотеката ",{"t":"idOrVar","v":"fileName"},"?"]},{"$i":"delete-folder-content","$v":["Сите ставки во избраната папка ќе бидат избришани. Да се избрише папката ",{"t":"idOrVar","v":"fileName"},"?"]},{"$i":"copy-move-header","$v":"Изберете целна папка"},{"$i":"number-selected","$v":{"few":[{"t":"idOrVar","v":"number"}," избрано"],"many":[{"t":"idOrVar","v":"number"}," избрано"],"one":[{"t":"idOrVar","v":"number"}," избрано"],"other":[{"t":"idOrVar","v":"number"}," избрано"],"two":[{"t":"idOrVar","v":"number"}," избрано"],"zero":[{"t":"idOrVar","v":"number"}," избрано"]},"$x":[{"t":"idOrVar","v":"plural"},"number"]},{"$i":"delete-all-folder","$v":"Сите ставки во избраната папка ќе бидат избришани. Да се избришат избраните ставки?"},{"$i":"delete-all-file","$v":"Избриши ги избраните ставки?"},{"$i":"search-in","$v":"Пребарување во"},{"$i":"search-current","$v":"Само тековната папка"},{"$i":"search-internal","$v":"Внатрешна"},{"$i":"search-sdcard","$v":"SD карт."},{"$i":"search-header","$v":["Пребарување: ",{"t":"idOrVar","v":"keyword"}]},{"$i":"file-exist","$v":[{"t":"idOrVar","v":"fileName"}," веќе постои на оваа локација. Да се зачуваат ли двете ставки?"]},{"$i":"paste-error","$v":"Папката не може да се спушти во себе."},{"$i":"move-error","$v":"Папката не може да се премести во себе."},{"$i":"new-folder-error","$v":["Името ",{"t":"idOrVar","v":"folderName"}," е веќе зафатено. Изберете друго име."]},{"$i":"searching","$v":"Пребарување..."},{"$i":"loading","$v":"Вчитување…"},{"$i":"search-empty","$v":"Не е пронајден"},{"$i":"new-folder-invalid","$v":["Името ",{"t":"idOrVar","v":"folderName"}," е погрешно. Изберете друго име."]},{"$i":"progress-head-copy","$v":"Копирање"},{"$i":"progress-content-copy","$v":"Копирање на предметот"},{"$i":"progress-head-move","$v":"Преместување"},{"$i":"progress-content-move","$v":"Преместување на предметот"},{"$i":"unsupport-folder-name","$v":{"$o":"Не можете да користите име што содржи знаци што не се поддржуваат: \\/:*?&quot;&lt;&gt;|"}},{"$i":"unsupport-string","$v":{"$o":["Не може да се ",{"t":"idOrVar","v":"name"}," датотека со име што ги содржи неподдржаните знаци: \\/:*?\"<>|"]}},{"$i":"not-enough-space","$v":"Нема доволно простор"},{"$i":"error-while-moving","$v":"Грешка при преместување"},{"$i":"error-while-copying","$v":"Грешка при копирање"},{"$i":"rename-not-suffix","$v":"Датотеката може да не се отвора откако ќе се промени наставката. Сепак да се промени?"},{"$i":"open","$v":"Отворање"},{"$i":"options","$v":"Опции"},{"$i":"ok","$v":"ОК"},{"$i":"cancel","$v":"Откажи"},{"$i":"change","$v":"Промени"},{"$i":"paste","$v":"Залепи"},{"$i":"select","$v":"Избирање"},{"$i":"deselect","$v":"Пон.ги избр."},{"$i":"replace","$v":"Замени"},{"$i":"keep-both","$v":"Зачувај ги двата"},{"$i":"delete","$v":"Избриши"},{"$i":"copy","$v":"Копирај"},{"$i":"move","$v":"Премести"},{"$i":"rename","$v":"Преимен."},{"$i":"select-items","$v":"Изберете ставки"},{"$i":"new-folder","$v":"Нова папка"},{"$i":"search","$v":"Пребарување"},{"$i":"refresh","$v":"Обнови"},{"$i":"details","$v":"Детали"},{"$i":"share","$v":"Споделување"},{"$i":"select-all","$v":"Изберете ги сите"},{"$i":"deselect-all","$v":"Поништи избор на сите"},{"$i":"detail-header","$v":"Детали"},{"$i":"detail-name","$v":"Име"},{"$i":"detail-location","$v":"Локација"},{"$i":"detail-type","$v":"Тип"},{"$i":"detail-created","$v":"Создадено"},{"$i":"detail-size","$v":"Големина"},{"$i":"folder","$v":"папка"},{"$i":"type-unknow","$v":"непознат"},{"$i":"B","$v":"B"},{"$i":"KB","$v":"KB"},{"$i":"MB","$v":"MB"},{"$i":"GB","$v":"GB"},{"$i":"item-deleted","$v":"Точката е избришана."},{"$i":"items-deleted","$v":"Ставките се бришат."},{"$i":"item-copied","$v":"Елементот е копиран."},{"$i":"items-copied","$v":"Предметите се копирани."},{"$i":"item-moved","$v":"Точката се помести."},{"$i":"items-moved","$v":"Предметите се поместуваат."},{"$i":"file-renamed","$v":"Датотеката е преименувана."},{"$i":"folder-renamed","$v":"Папката е преименувана."},{"$i":"folder-created","$v":"Создадена е папка."},{"$i":"refresh-completed","$v":"Освежувањето заврши."},{"$i":"itmes-not-copied","$v":[{"t":"idOrVar","v":"num"}," ставки не се копирани."]},{"$i":"itmes-not-moved","$v":[{"t":"idOrVar","v":"num"}," ставки не се преместени."]},{"$i":"weekday-0-long","$v":"Недела"},{"$i":"weekday-1-long","$v":"Понеделник"},{"$i":"weekday-2-long","$v":"Вторник"},{"$i":"weekday-3-long","$v":"Среда"},{"$i":"weekday-4-long","$v":"Четврток"},{"$i":"weekday-5-long","$v":"Петок"},{"$i":"weekday-6-long","$v":"Сабота"},{"$i":"weekday-0-short","$v":"Нед"},{"$i":"weekday-1-short","$v":"Пон"},{"$i":"weekday-2-short","$v":"Вто"},{"$i":"weekday-3-short","$v":"Сре"},{"$i":"weekday-4-short","$v":"Чет"},{"$i":"weekday-5-short","$v":"Пет"},{"$i":"weekday-6-short","$v":"Саб"},{"$i":"month-0-long","$v":"Јануари"},{"$i":"month-1-long","$v":"Фебруари"},{"$i":"month-2-long","$v":"Март"},{"$i":"month-3-long","$v":"Април"},{"$i":"month-4-long","$v":"Мај"},{"$i":"month-5-long","$v":"Јуни"},{"$i":"month-6-long","$v":"Јули"},{"$i":"month-7-long","$v":"Август"},{"$i":"month-8-long","$v":"Септември"},{"$i":"month-9-long","$v":"Октомври"},{"$i":"month-10-long","$v":"Ноември"},{"$i":"month-11-long","$v":"Декември"},{"$i":"month-0-genitive","$v":"Јануари"},{"$i":"month-1-genitive","$v":"Февруари"},{"$i":"month-2-genitive","$v":"Март"},{"$i":"month-3-genitive","$v":"Април"},{"$i":"month-4-genitive","$v":"Мај"},{"$i":"month-5-genitive","$v":"Јуни"},{"$i":"month-6-genitive","$v":"Јули"},{"$i":"month-7-genitive","$v":"Август"},{"$i":"month-8-genitive","$v":"Септември"},{"$i":"month-9-genitive","$v":"Октомври"},{"$i":"month-10-genitive","$v":"Ноември"},{"$i":"month-11-genitive","$v":"Декември"},{"$i":"month-0-short","$v":"Јан"},{"$i":"month-1-short","$v":"Фев"},{"$i":"month-2-short","$v":"Мар"},{"$i":"month-3-short","$v":"Апр"},{"$i":"month-4-short","$v":"Мај"},{"$i":"month-5-short","$v":"Јун"},{"$i":"month-6-short","$v":"Јул"},{"$i":"month-7-short","$v":"Авг"},{"$i":"month-8-short","$v":"Сеп"},{"$i":"month-9-short","$v":"Окт"},{"$i":"month-10-short","$v":"Ное"},{"$i":"month-11-short","$v":"Дек"},{"$i":"minutes-ago-long","$v":{"few":[{"t":"idOrVar","v":"value"}," минути пред"],"many":[{"t":"idOrVar","v":"value"}," минути пред"],"other":["Пред ",{"t":"idOrVar","v":"value"}," Минути"],"two":[{"t":"idOrVar","v":"value"}," минути пред"],"one":"пред 1 минута","zero":"само што"},"$x":[{"t":"idOrVar","v":"plural"},"value"]},{"$i":"hours-ago-long","$v":{"few":[{"t":"idOrVar","v":"value"}," часови пред"],"many":[{"t":"idOrVar","v":"value"}," часови пред"],"other":["Пред ",{"t":"idOrVar","v":"value"}," Часа"],"two":[{"t":"idOrVar","v":"value"}," часови пред"],"one":"Пред 1 час","zero":"само што"},"$x":[{"t":"idOrVar","v":"plural"},"value"]},{"$i":"days-ago-long","$v":{"few":[{"t":"idOrVar","v":"value"}," денови пред"],"many":[{"t":"idOrVar","v":"value"}," денови пред"],"one":"вчера","other":["Пред ",{"t":"idOrVar","v":"value"}," Дена"],"two":[{"t":"idOrVar","v":"value"}," денови пред"],"zero":"денес"},"$x":[{"t":"idOrVar","v":"plural"},"value"]},{"$i":"weeks-ago-long","$v":{"few":[{"t":"idOrVar","v":"value"}," седмици пред"],"many":[{"t":"idOrVar","v":"value"}," седмици пред"],"one":"минатата недела","other":[{"t":"idOrVar","v":"value"}," седмици пред"],"two":[{"t":"idOrVar","v":"value"}," седмици пред"],"zero":"оваа седмица"},"$x":[{"t":"idOrVar","v":"plural"},"value"]},{"$i":"months-ago-long","$v":{"few":[{"t":"idOrVar","v":"value"}," месеци пред"],"many":[{"t":"idOrVar","v":"value"}," месеци пред"],"one":"минатиот месец","other":[{"t":"idOrVar","v":"value"}," месеци пред"],"two":[{"t":"idOrVar","v":"value"}," месеци пред"],"zero":"овој месец"},"$x":[{"t":"idOrVar","v":"plural"},"value"]},{"$i":"years-ago-long","$v":{"few":[{"t":"idOrVar","v":"value"}," години пред"],"many":[{"t":"idOrVar","v":"value"}," години пред"],"one":"минатата година","other":[{"t":"idOrVar","v":"value"}," години пред"],"two":[{"t":"idOrVar","v":"value"}," години пред"],"zero":"оваа година"},"$x":[{"t":"idOrVar","v":"plural"},"value"]},{"$i":"minutes-until-long","$v":{"few":["за ",{"t":"idOrVar","v":"value"}," минути"],"many":["за ",{"t":"idOrVar","v":"value"}," минути"],"other":["за ",{"t":"idOrVar","v":"value"}," минути"],"two":["за ",{"t":"idOrVar","v":"value"}," минути"],"zero":"сега","one":"за 1 минута"},"$x":[{"t":"idOrVar","v":"plural"},"value"]},{"$i":"hours-until-long","$v":{"few":["за ",{"t":"idOrVar","v":"value"}," часа"],"many":["за ",{"t":"idOrVar","v":"value"}," часа"],"other":["за ",{"t":"idOrVar","v":"value"}," часа"],"two":["за ",{"t":"idOrVar","v":"value"}," часа"],"zero":"сега","one":"за 1 час"},"$x":[{"t":"idOrVar","v":"plural"},"value"]},{"$i":"days-until-long","$v":{"few":["за ",{"t":"idOrVar","v":"value"}," дена"],"many":["за ",{"t":"idOrVar","v":"value"}," дена"],"one":"утре","other":["за ",{"t":"idOrVar","v":"value"}," дена"],"two":["за ",{"t":"idOrVar","v":"value"}," дена"],"zero":"денес"},"$x":[{"t":"idOrVar","v":"plural"},"value"]},{"$i":"weeks-until-long","$v":{"few":["за ",{"t":"idOrVar","v":"value"}," седмици"],"many":["за ",{"t":"idOrVar","v":"value"}," седмици"],"one":"следната седмица","other":["за ",{"t":"idOrVar","v":"value"}," седмици"],"two":["за ",{"t":"idOrVar","v":"value"}," седмици"],"zero":"оваа седмица"},"$x":[{"t":"idOrVar","v":"plural"},"value"]},{"$i":"months-until-long","$v":{"few":["за ",{"t":"idOrVar","v":"value"}," месеци"],"many":["за ",{"t":"idOrVar","v":"value"}," месеци"],"one":"следниот месец","other":["за ",{"t":"idOrVar","v":"value"}," месеци"],"two":["за ",{"t":"idOrVar","v":"value"}," месеци"],"zero":"овој месец"},"$x":[{"t":"idOrVar","v":"plural"},"value"]},{"$i":"years-until-long","$v":{"few":["за ",{"t":"idOrVar","v":"value"}," години"],"many":["за ",{"t":"idOrVar","v":"value"}," години"],"one":"следната година","other":["за ",{"t":"idOrVar","v":"value"}," години"],"two":["за ",{"t":"idOrVar","v":"value"}," години"],"zero":"оваа година"},"$x":[{"t":"idOrVar","v":"plural"},"value"]},{"$i":"minutes-ago-short","$v":{"other":[{"t":"idOrVar","v":"value"},"м. пред"],"zero":"само што"},"$x":[{"t":"idOrVar","v":"plural"},"value"]},{"$i":"hours-ago-short","$v":{"other":[{"t":"idOrVar","v":"value"},"ч. пред"],"zero":"само што"},"$x":[{"t":"idOrVar","v":"plural"},"value"]},{"$i":"days-ago-short","$v":{"other":[{"t":"idOrVar","v":"value"},"д. пред"],"zero":"денес"},"$x":[{"t":"idOrVar","v":"plural"},"value"]},{"$i":"minutes-until-short","$v":{"other":["за ",{"t":"idOrVar","v":"value"},"м"],"zero":"сега"},"$x":[{"t":"idOrVar","v":"plural"},"value"]},{"$i":"hours-until-short","$v":{"other":["за ",{"t":"idOrVar","v":"value"},"ч"],"zero":"сега"},"$x":[{"t":"idOrVar","v":"plural"},"value"]},{"$i":"days-until-short","$v":{"other":["за ",{"t":"idOrVar","v":"value"},"д"],"zero":"денес"},"$x":[{"t":"idOrVar","v":"plural"},"value"]},{"$i":"incorrectDate","$v":"(неточна дата)"},{"$i":"dateTimeFormat_%c","$v":"%a %b %e %Y %I:%M:%S %p"},{"$i":"dateTimeFormat_%x","$v":"%m/%d/%Y"},{"$i":"dateTimeFormat_%X","$v":"%I:%M:%S %p"},{"$i":"shortTimeFormat","$v":"%I:%M %p"},{"$i":"shortTimeFormat12","$v":"%I:%M %p"},{"$i":"shortTimeFormat24","$v":"%H:%M"},{"$i":"shortDateTimeFormat","$v":"%x %I:%M %p"},{"$i":"weekStartsOnMonday","$v":"0.0"},{"$i":"firstDayOfTheWeek","$v":"1.0"},{"$i":"time_am","$v":"Претпл."},{"$i":"time_pm","$v":"пм"}]