[{"$i":"filemanager","$v":"Manager fișiere"},{"$i":"internal","$v":"Intern"},{"$i":"sdcard","$v":"Card SD"},{"$i":"no-files","$v":"Acest folder este gol."},{"$i":"not-support-header","$v":"Imposibil de deschis"},{"$i":"not-support-content","$v":"Acest format de fișier nu este valid sau nu este suportat."},{"$i":"confirmation-header","$v":"Confirmare"},{"$i":"delete-file-content","$v":["Ștergeți fișierul ",{"t":"idOrVar","v":"fileName"},"?"]},{"$i":"delete-folder-content","$v":["Toate articolele din folderul selectat vor fi șterse. Ștergeți folderul ",{"t":"idOrVar","v":"fileName"},"?"]},{"$i":"copy-move-header","$v":"Selectați folderul țintă"},{"$i":"number-selected","$v":{"few":[{"t":"idOrVar","v":"number"}," selectat"],"many":[{"t":"idOrVar","v":"number"}," selectat"],"one":[{"t":"idOrVar","v":"number"}," selectat"],"other":[{"t":"idOrVar","v":"number"}," selectat"],"two":[{"t":"idOrVar","v":"number"}," selectat"],"zero":[{"t":"idOrVar","v":"number"}," selectat"]},"$x":[{"t":"idOrVar","v":"plural"},"number"]},{"$i":"delete-all-folder","$v":"Toate articolele din folderul selectat vor fi șterse. Ștergeți articolele selectate?"},{"$i":"delete-all-file","$v":"Ștergeți articolele selectate?"},{"$i":"search-in","$v":"Căutare în"},{"$i":"search-current","$v":"Numai folderul curent"},{"$i":"search-internal","$v":"Intern"},{"$i":"search-sdcard","$v":"Card SD"},{"$i":"search-header","$v":["Căutați: ",{"t":"idOrVar","v":"keyword"}]},{"$i":"file-exist","$v":[{"t":"idOrVar","v":"fileName"}," există deja în această locație. Păstrați ambele articole?"]},{"$i":"paste-error","$v":"Imposibil de lipit un folder în el însuși."},{"$i":"move-error","$v":"Imposibil de mutat un folder în el însuși."},{"$i":"new-folder-error","$v":["Denumirea ",{"t":"idOrVar","v":"folderName"}," este utilizată deja. Alegeți o altă denumire."]},{"$i":"searching","$v":"Căutare..."},{"$i":"loading","$v":"În curs de încărcare..."},{"$i":"search-empty","$v":"Nu a fost găsit"},{"$i":"new-folder-invalid","$v":["Denumirea ",{"t":"idOrVar","v":"folderName"}," nu este validă. Alegeți o altă denumire."]},{"$i":"progress-head-copy","$v":"Copiere"},{"$i":"progress-content-copy","$v":"Copiere articol"},{"$i":"progress-head-move","$v":"Mutare"},{"$i":"progress-content-move","$v":"Mutare articol"},{"$i":"unsupport-folder-name","$v":{"$o":"Imposibil de utilizat o denumire care conține caractere nesuportate: \\/:*?&quot;&lt;&gt;|"}},{"$i":"unsupport-string","$v":{"$o":["Imposibil de ",{"t":"idOrVar","v":"name"}," un fișier cu numele care conține caractere neacceptate: \\/:*?\"<>|"]}},{"$i":"not-enough-space","$v":"Spațiu insuficient"},{"$i":"error-while-moving","$v":"Eroare în timpul deplasării"},{"$i":"error-while-copying","$v":"Eroare în timpul copierii"},{"$i":"rename-not-suffix","$v":"Este posibil să nu puteți deschide fișierul după schimbarea extensiei. Schimbați oricum?"},{"$i":"open","$v":"Deschis"},{"$i":"options","$v":"Opțiuni"},{"$i":"ok","$v":"OK"},{"$i":"cancel","$v":"Anulare"},{"$i":"change","$v":"Modificare"},{"$i":"paste","$v":"Lipire"},{"$i":"select","$v":"Selectare"},{"$i":"deselect","$v":"Deselectați"},{"$i":"replace","$v":"Înlocuiți"},{"$i":"keep-both","$v":"Păstrați ambele"},{"$i":"delete","$v":"Ștergere"},{"$i":"copy","$v":"Copiere"},{"$i":"move","$v":"Mutare"},{"$i":"rename","$v":"Redenumire"},{"$i":"select-items","$v":"Selectați articolele"},{"$i":"new-folder","$v":"Folder nou"},{"$i":"search","$v":"Căutare"},{"$i":"refresh","$v":"Reîmprospătare"},{"$i":"details","$v":"Detalii"},{"$i":"share","$v":"Partajare"},{"$i":"select-all","$v":"Selectați toate"},{"$i":"deselect-all","$v":"Deselectați toate"},{"$i":"detail-header","$v":"Detalii"},{"$i":"detail-name","$v":"Denumire"},{"$i":"detail-location","$v":"Locație"},{"$i":"detail-type","$v":"Tip"},{"$i":"detail-created","$v":"Creat"},{"$i":"detail-size","$v":"Dimensiune"},{"$i":"folder","$v":"folder"},{"$i":"type-unknow","$v":"necunoscut"},{"$i":"B","$v":"B"},{"$i":"KB","$v":"KB"},{"$i":"MB","$v":"MB"},{"$i":"GB","$v":"GB"},{"$i":"item-deleted","$v":"Elementul a fost șters."},{"$i":"items-deleted","$v":"Elementele au fost șterse."},{"$i":"item-copied","$v":"Elementul copiat."},{"$i":"items-copied","$v":"Elementele copiate."},{"$i":"item-moved","$v":"Elementul sa mutat."},{"$i":"items-moved","$v":"Elementele s-au mutat."},{"$i":"file-renamed","$v":"Fișierul a fost redenumit."},{"$i":"folder-renamed","$v":"Dosarul a fost redenumit."},{"$i":"folder-created","$v":"Folderul a fost creat."},{"$i":"refresh-completed","$v":"Reîmprospătare finalizată."},{"$i":"itmes-not-copied","$v":[{"t":"idOrVar","v":"num"}," articole nu sunt copiate."]},{"$i":"itmes-not-moved","$v":[{"t":"idOrVar","v":"num"}," articole nu sunt mutate."]},{"$i":"weekday-0-long","$v":"Duminică"},{"$i":"weekday-1-long","$v":"Luni"},{"$i":"weekday-2-long","$v":"Marți"},{"$i":"weekday-3-long","$v":"Miercuri"},{"$i":"weekday-4-long","$v":"Joi"},{"$i":"weekday-5-long","$v":"Vineri"},{"$i":"weekday-6-long","$v":"Sâmbătă"},{"$i":"weekday-0-short","$v":"Dum"},{"$i":"weekday-1-short","$v":"Lun"},{"$i":"weekday-2-short","$v":"Ma"},{"$i":"weekday-3-short","$v":"Mie"},{"$i":"weekday-4-short","$v":"Joi"},{"$i":"weekday-5-short","$v":"Vi"},{"$i":"weekday-6-short","$v":"Sâm"},{"$i":"month-0-long","$v":"Ianuarie"},{"$i":"month-1-long","$v":"Februarie"},{"$i":"month-2-long","$v":"Martie"},{"$i":"month-3-long","$v":"Aprilie"},{"$i":"month-4-long","$v":"Mai"},{"$i":"month-5-long","$v":"Iunie"},{"$i":"month-6-long","$v":"Iulie"},{"$i":"month-7-long","$v":"August"},{"$i":"month-8-long","$v":"Septembrie"},{"$i":"month-9-long","$v":"Octombrie"},{"$i":"month-10-long","$v":"Noiembrie"},{"$i":"month-11-long","$v":"Decembrie"},{"$i":"month-0-genitive","$v":"Ianuarie"},{"$i":"month-1-genitive","$v":"Februarie"},{"$i":"month-2-genitive","$v":"Martie"},{"$i":"month-3-genitive","$v":"Aprilie"},{"$i":"month-4-genitive","$v":"Mai"},{"$i":"month-5-genitive","$v":"Iunie"},{"$i":"month-6-genitive","$v":"Iulie"},{"$i":"month-7-genitive","$v":"August"},{"$i":"month-8-genitive","$v":"Septembrie"},{"$i":"month-9-genitive","$v":"Octombrie"},{"$i":"month-10-genitive","$v":"Noiembrie"},{"$i":"month-11-genitive","$v":"Decembrie"},{"$i":"month-0-short","$v":"Ian"},{"$i":"month-1-short","$v":"Feb"},{"$i":"month-2-short","$v":"Mar"},{"$i":"month-3-short","$v":"Apr"},{"$i":"month-4-short","$v":"Mai"},{"$i":"month-5-short","$v":"Iun"},{"$i":"month-6-short","$v":"Iul"},{"$i":"month-7-short","$v":"Aug"},{"$i":"month-8-short","$v":"Sep"},{"$i":"month-9-short","$v":"Oct"},{"$i":"month-10-short","$v":"Nov"},{"$i":"month-11-short","$v":"Dec"},{"$i":"minutes-ago-long","$v":{"few":[{"t":"idOrVar","v":"value"}," minute în urmă"],"many":[{"t":"idOrVar","v":"value"}," minute în urmă"],"other":[{"t":"idOrVar","v":"value"}," minute în urmă"],"two":[{"t":"idOrVar","v":"value"}," minute în urmă"],"one":"un minut în urmă","zero":"chiar acum"},"$x":[{"t":"idOrVar","v":"plural"},"value"]},{"$i":"hours-ago-long","$v":{"few":[{"t":"idOrVar","v":"value"}," ore în urmă"],"many":[{"t":"idOrVar","v":"value"}," ore în urmă"],"other":[{"t":"idOrVar","v":"value"}," ore în urmă"],"two":[{"t":"idOrVar","v":"value"}," ore în urmă"],"one":"1 oră în urmă","zero":"chiar acum"},"$x":[{"t":"idOrVar","v":"plural"},"value"]},{"$i":"days-ago-long","$v":{"few":[{"t":"idOrVar","v":"value"}," zile în urmă"],"many":[{"t":"idOrVar","v":"value"}," zile în urmă"],"one":"ieri","other":[{"t":"idOrVar","v":"value"}," zile în urmă"],"two":[{"t":"idOrVar","v":"value"}," zile în urmă"],"zero":"azi"},"$x":[{"t":"idOrVar","v":"plural"},"value"]},{"$i":"weeks-ago-long","$v":{"few":[{"t":"idOrVar","v":"value"}," săptămâni în urmă"],"many":[{"t":"idOrVar","v":"value"}," săptămâni în urmă"],"one":"ultima săptămână","other":[{"t":"idOrVar","v":"value"}," săptămâni în urmă"],"two":[{"t":"idOrVar","v":"value"}," săptămâni în urmă"],"zero":"această săptămână"},"$x":[{"t":"idOrVar","v":"plural"},"value"]},{"$i":"months-ago-long","$v":{"few":[{"t":"idOrVar","v":"value"}," luni în urmă"],"many":[{"t":"idOrVar","v":"value"}," luni în urmă"],"one":"ultima lună","other":[{"t":"idOrVar","v":"value"}," luni în urmă"],"two":[{"t":"idOrVar","v":"value"}," luni în urmă"],"zero":"această lună"},"$x":[{"t":"idOrVar","v":"plural"},"value"]},{"$i":"years-ago-long","$v":{"few":[{"t":"idOrVar","v":"value"}," ani în urmă"],"many":[{"t":"idOrVar","v":"value"}," ani în urmă"],"one":"ultimul an","other":[{"t":"idOrVar","v":"value"}," ani în urmă"],"two":[{"t":"idOrVar","v":"value"}," ani în urmă"],"zero":"acest an"},"$x":[{"t":"idOrVar","v":"plural"},"value"]},{"$i":"minutes-until-long","$v":{"few":["în ",{"t":"idOrVar","v":"value"}," minute"],"many":["în ",{"t":"idOrVar","v":"value"}," minute"],"other":["în ",{"t":"idOrVar","v":"value"}," minute"],"two":["în ",{"t":"idOrVar","v":"value"}," minute"],"zero":"acum","one":"în 1 minut"},"$x":[{"t":"idOrVar","v":"plural"},"value"]},{"$i":"hours-until-long","$v":{"few":["în ",{"t":"idOrVar","v":"value"}," ore"],"many":["în ",{"t":"idOrVar","v":"value"}," ore"],"other":["în ",{"t":"idOrVar","v":"value"}," ore"],"two":["în ",{"t":"idOrVar","v":"value"}," ore"],"zero":"acum","one":"în 1 oră"},"$x":[{"t":"idOrVar","v":"plural"},"value"]},{"$i":"days-until-long","$v":{"few":["în ",{"t":"idOrVar","v":"value"}," zile"],"many":["în ",{"t":"idOrVar","v":"value"}," zile"],"one":"mâine","other":["în ",{"t":"idOrVar","v":"value"}," zile"],"two":["în ",{"t":"idOrVar","v":"value"}," zile"],"zero":"azi"},"$x":[{"t":"idOrVar","v":"plural"},"value"]},{"$i":"weeks-until-long","$v":{"few":["în ",{"t":"idOrVar","v":"value"}," săptămâni"],"many":["în ",{"t":"idOrVar","v":"value"}," săptămâni"],"one":"săptămâna viitoare","other":["în ",{"t":"idOrVar","v":"value"}," săptămâni"],"two":["în ",{"t":"idOrVar","v":"value"}," săptămâni"],"zero":"această săptămână"},"$x":[{"t":"idOrVar","v":"plural"},"value"]},{"$i":"months-until-long","$v":{"few":["în ",{"t":"idOrVar","v":"value"}," luni"],"many":["în ",{"t":"idOrVar","v":"value"}," luni"],"one":"luna viitoare","other":["în ",{"t":"idOrVar","v":"value"}," luni"],"two":["în ",{"t":"idOrVar","v":"value"}," luni"],"zero":"această lună"},"$x":[{"t":"idOrVar","v":"plural"},"value"]},{"$i":"years-until-long","$v":{"few":["în ",{"t":"idOrVar","v":"value"}," ani"],"many":["în ",{"t":"idOrVar","v":"value"}," ani"],"one":"anul viitor","other":["în ",{"t":"idOrVar","v":"value"}," ani"],"two":["în ",{"t":"idOrVar","v":"value"}," ani"],"zero":"acest an"},"$x":[{"t":"idOrVar","v":"plural"},"value"]},{"$i":"minutes-ago-short","$v":{"other":[{"t":"idOrVar","v":"value"},"m în urmă"],"zero":"chiar acum"},"$x":[{"t":"idOrVar","v":"plural"},"value"]},{"$i":"hours-ago-short","$v":{"other":[{"t":"idOrVar","v":"value"},"h în urmă"],"zero":"chiar acum"},"$x":[{"t":"idOrVar","v":"plural"},"value"]},{"$i":"days-ago-short","$v":{"other":[{"t":"idOrVar","v":"value"},"z în urmă"],"zero":"azi"},"$x":[{"t":"idOrVar","v":"plural"},"value"]},{"$i":"minutes-until-short","$v":{"other":["în ",{"t":"idOrVar","v":"value"},"m"],"zero":"acum"},"$x":[{"t":"idOrVar","v":"plural"},"value"]},{"$i":"hours-until-short","$v":{"other":["în ",{"t":"idOrVar","v":"value"},"h"],"zero":"acum"},"$x":[{"t":"idOrVar","v":"plural"},"value"]},{"$i":"days-until-short","$v":{"other":["în ",{"t":"idOrVar","v":"value"},"z"],"zero":"azi"},"$x":[{"t":"idOrVar","v":"plural"},"value"]},{"$i":"incorrectDate","$v":"(dată incorectă)"},{"$i":"dateTimeFormat_%c","$v":"%a %b %e %Y %I:%M:%S %p"},{"$i":"dateTimeFormat_%x","$v":"%m/%d/%Y"},{"$i":"dateTimeFormat_%X","$v":"%I:%M:%S %p"},{"$i":"shortTimeFormat","$v":"%I:%M %p"},{"$i":"shortTimeFormat12","$v":"%I:%M %p"},{"$i":"shortTimeFormat24","$v":"%H:%M"},{"$i":"shortDateTimeFormat","$v":"%x %I:%M %p"},{"$i":"weekStartsOnMonday","$v":"0.0"},{"$i":"firstDayOfTheWeek","$v":"1.0"},{"$i":"time_am","$v":"AM"},{"$i":"time_pm","$v":"PM"}]