[{"$i":"filemanager","$v":"Pengurus Fail"},{"$i":"internal","$v":"Dalaman"},{"$i":"sdcard","$v":"Kad SD"},{"$i":"no-files","$v":"Folder ini kosong."},{"$i":"not-support-header","$v":"Tidak dapat membuka"},{"$i":"not-support-content","$v":"Format fail ini tidak sah atau tidak disokong."},{"$i":"confirmation-header","$v":"Pengesahan"},{"$i":"delete-file-content","$v":["Padam fail ",{"t":"idOrVar","v":"fileName"},"?"]},{"$i":"delete-folder-content","$v":["Semua item dalam folder yang dipilih akan dipadam. Padam folder ",{"t":"idOrVar","v":"fileName"},"?"]},{"$i":"copy-move-header","$v":"Pilih Folder Sasaran"},{"$i":"number-selected","$v":{"few":[{"t":"idOrVar","v":"number"}," Dipilih"],"many":[{"t":"idOrVar","v":"number"}," Dipilih"],"one":[{"t":"idOrVar","v":"number"}," Dipilih"],"other":[{"t":"idOrVar","v":"number"}," Dipilih"],"two":[{"t":"idOrVar","v":"number"}," Dipilih"],"zero":[{"t":"idOrVar","v":"number"}," Dipilih"]},"$x":[{"t":"idOrVar","v":"plural"},"number"]},{"$i":"delete-all-folder","$v":"Semua item dalam folder yang dipilih akan dipadam. Padam item yang dipilih?"},{"$i":"delete-all-file","$v":"Padam fail yang dipilih?"},{"$i":"search-in","$v":"Mencari dalam"},{"$i":"search-current","$v":"Hanya folder semasa"},{"$i":"search-internal","$v":"Dalaman"},{"$i":"search-sdcard","$v":"Kad SD"},{"$i":"search-header","$v":["Cari: ",{"t":"idOrVar","v":"keyword"}]},{"$i":"file-exist","$v":[{"t":"idOrVar","v":"fileName"}," sudah wujud di lokasi ini. Simpan kedua-dua item?"]},{"$i":"paste-error","$v":"Tidak boleh menampal folder ke dalam folder itu sendiri."},{"$i":"move-error","$v":"Tidak boleh memindahkan folder ke dalam folder itu sendiri."},{"$i":"new-folder-error","$v":["Nama ",{"t":"idOrVar","v":"folderName"}," sudah digunakan. Pilih nama lain."]},{"$i":"searching","$v":"Mencari..."},{"$i":"loading","$v":"Memuatkan..."},{"$i":"search-empty","$v":"Tidak dijumpai"},{"$i":"new-folder-invalid","$v":["Nama ",{"t":"idOrVar","v":"folderName"}," tidak sah. Pilih nama lain."]},{"$i":"progress-head-copy","$v":"Menyalin"},{"$i":"progress-content-copy","$v":"Menyalin item"},{"$i":"progress-head-move","$v":"Memindahkan"},{"$i":"progress-content-move","$v":"Memindahkan item"},{"$i":"unsupport-folder-name","$v":{"$o":"Tidak boleh menggunakan nama yang mengandungi aksara yang tidak disokong: \\/:*?\"<>|"}},{"$i":"unsupport-string","$v":{"$o":["Tidak dapat ",{"t":"idOrVar","v":"name"}," dail dengan nama yang mengandungi aksara yang tidak disokong: \\/:*?\"<>|"]}},{"$i":"not-enough-space","$v":"Tidak cukup ruang yang tersedia"},{"$i":"error-while-moving","$v":"Ralat semasa memindahkan"},{"$i":"error-while-copying","$v":"Ralat semasa menyalin"},{"$i":"rename-not-suffix","$v":"Fail mungkin tidak dapat dibuka selepas mengubah sambungan. Ubah juga?"},{"$i":"open","$v":"Buka"},{"$i":"options","$v":"Pilihan"},{"$i":"ok","$v":"OK"},{"$i":"cancel","$v":"Batal"},{"$i":"change","$v":"Tukar"},{"$i":"paste","$v":"Tampal"},{"$i":"select","$v":"Pilih"},{"$i":"deselect","$v":"Nyahpilih"},{"$i":"replace","$v":"Gantikan"},{"$i":"keep-both","$v":"Simpan Kedua-duanya"},{"$i":"delete","$v":"Padam"},{"$i":"copy","$v":"Salin"},{"$i":"move","$v":"Pindahkan"},{"$i":"rename","$v":"Namakan Semula"},{"$i":"select-items","$v":"Pilih item"},{"$i":"new-folder","$v":"Folder baharu"},{"$i":"search","$v":"Cari"},{"$i":"refresh","$v":"Segarkan semula"},{"$i":"details","$v":"Butiran"},{"$i":"share","$v":"Kongsi"},{"$i":"select-all","$v":"Pilih Semua"},{"$i":"deselect-all","$v":"Nyahpilih Semua"},{"$i":"detail-header","$v":"Butiran"},{"$i":"detail-name","$v":"Nama"},{"$i":"detail-location","$v":"Lokasi"},{"$i":"detail-type","$v":"Jenis"},{"$i":"detail-created","$v":"Dicipta"},{"$i":"detail-size","$v":"Saiz"},{"$i":"folder","$v":"folder"},{"$i":"type-unknow","$v":"tidak diketahui"},{"$i":"B","$v":"B"},{"$i":"KB","$v":"KB"},{"$i":"MB","$v":"MB"},{"$i":"GB","$v":"GB"},{"$i":"item-deleted","$v":"Item dipadam."},{"$i":"items-deleted","$v":"Item dipadam."},{"$i":"item-copied","$v":"Item disalin."},{"$i":"items-copied","$v":"Item disalin."},{"$i":"item-moved","$v":"Item dialihkan."},{"$i":"items-moved","$v":"Item dialihkan."},{"$i":"file-renamed","$v":"Fail dinamakan semula."},{"$i":"folder-renamed","$v":"Folder dinamakan semula."},{"$i":"folder-created","$v":"Folder dicipta."},{"$i":"refresh-completed","$v":"Segar semula lengkap."},{"$i":"itmes-not-copied","$v":[{"t":"idOrVar","v":"num"}," item tidak disalin."]},{"$i":"itmes-not-moved","$v":[{"t":"idOrVar","v":"num"}," item tidak dialihkan."]},{"$i":"weekday-0-long","$v":"Ahad"},{"$i":"weekday-1-long","$v":"Isnin"},{"$i":"weekday-2-long","$v":"Selasa"},{"$i":"weekday-3-long","$v":"Rabu"},{"$i":"weekday-4-long","$v":"Khamis"},{"$i":"weekday-5-long","$v":"Jumaat"},{"$i":"weekday-6-long","$v":"Sabtu"},{"$i":"weekday-0-short","$v":"Aha"},{"$i":"weekday-1-short","$v":"Isn"},{"$i":"weekday-2-short","$v":"Sel"},{"$i":"weekday-3-short","$v":"Rab"},{"$i":"weekday-4-short","$v":"Kha"},{"$i":"weekday-5-short","$v":"Jum"},{"$i":"weekday-6-short","$v":"Sab"},{"$i":"month-0-long","$v":"Januari"},{"$i":"month-1-long","$v":"Februari"},{"$i":"month-2-long","$v":"Mac"},{"$i":"month-3-long","$v":"April"},{"$i":"month-4-long","$v":"Mei"},{"$i":"month-5-long","$v":"Jun"},{"$i":"month-6-long","$v":"Julai"},{"$i":"month-7-long","$v":"Ogos"},{"$i":"month-8-long","$v":"September"},{"$i":"month-9-long","$v":"Oktober"},{"$i":"month-10-long","$v":"November"},{"$i":"month-11-long","$v":"Disember"},{"$i":"month-0-genitive","$v":"Januari"},{"$i":"month-1-genitive","$v":"Februari"},{"$i":"month-2-genitive","$v":"Mac"},{"$i":"month-3-genitive","$v":"April"},{"$i":"month-4-genitive","$v":"Mei"},{"$i":"month-5-genitive","$v":"Jun"},{"$i":"month-6-genitive","$v":"Julai"},{"$i":"month-7-genitive","$v":"Ogos"},{"$i":"month-8-genitive","$v":"September"},{"$i":"month-9-genitive","$v":"Oktober"},{"$i":"month-10-genitive","$v":"November"},{"$i":"month-11-genitive","$v":"Disember"},{"$i":"month-0-short","$v":"Jan"},{"$i":"month-1-short","$v":"Feb"},{"$i":"month-2-short","$v":"Mac"},{"$i":"month-3-short","$v":"Apr"},{"$i":"month-4-short","$v":"Mei"},{"$i":"month-5-short","$v":"Jun"},{"$i":"month-6-short","$v":"Jul"},{"$i":"month-7-short","$v":"Ogo"},{"$i":"month-8-short","$v":"Sep"},{"$i":"month-9-short","$v":"Okt"},{"$i":"month-10-short","$v":"Nov"},{"$i":"month-11-short","$v":"Dis"},{"$i":"minutes-ago-long","$v":{"few":[{"t":"idOrVar","v":"value"}," minit yang lalu"],"many":[{"t":"idOrVar","v":"value"}," minit yang lalu"],"other":[{"t":"idOrVar","v":"value"}," minit yang lalu"],"two":[{"t":"idOrVar","v":"value"}," minit yang lalu"],"one":"seminit yang lalu","zero":"Sebentar Tadi"},"$x":[{"t":"idOrVar","v":"plural"},"value"]},{"$i":"hours-ago-long","$v":{"few":[{"t":"idOrVar","v":"value"}," jam yang lalu"],"many":[{"t":"idOrVar","v":"value"}," jam yang lalu"],"other":[{"t":"idOrVar","v":"value"}," jam yang lalu"],"two":[{"t":"idOrVar","v":"value"}," jam yang lalu"],"one":"sejam yang lalu","zero":"Sebentar Tadi"},"$x":[{"t":"idOrVar","v":"plural"},"value"]},{"$i":"days-ago-long","$v":{"few":[{"t":"idOrVar","v":"value"}," hari yang lalu"],"many":[{"t":"idOrVar","v":"value"}," hari yang lalu"],"one":"semalam","other":[{"t":"idOrVar","v":"value"}," hari yang lalu"],"two":[{"t":"idOrVar","v":"value"}," hari yang lalu"],"zero":"hari ini"},"$x":[{"t":"idOrVar","v":"plural"},"value"]},{"$i":"weeks-ago-long","$v":{"few":[{"t":"idOrVar","v":"value"}," minggu yang lalu"],"many":[{"t":"idOrVar","v":"value"}," minggu yang lalu"],"one":"minggu lepas","other":[{"t":"idOrVar","v":"value"}," minggu yang lalu"],"two":[{"t":"idOrVar","v":"value"}," minggu yang lalu"],"zero":"minggu ini"},"$x":[{"t":"idOrVar","v":"plural"},"value"]},{"$i":"months-ago-long","$v":{"few":[{"t":"idOrVar","v":"value"}," bulan yang lalu"],"many":[{"t":"idOrVar","v":"value"}," bulan yang lalu"],"one":"bulan lepas","other":[{"t":"idOrVar","v":"value"}," bulan yang lalu"],"two":[{"t":"idOrVar","v":"value"}," bulan yang lalu"],"zero":"bulan ini"},"$x":[{"t":"idOrVar","v":"plural"},"value"]},{"$i":"years-ago-long","$v":{"few":[{"t":"idOrVar","v":"value"}," tahun yang lalu"],"many":[{"t":"idOrVar","v":"value"}," tahun yang lalu"],"one":"tahun lepas","other":[{"t":"idOrVar","v":"value"}," tahun yang lalu"],"two":[{"t":"idOrVar","v":"value"}," tahun yang lalu"],"zero":"tahun ini"},"$x":[{"t":"idOrVar","v":"plural"},"value"]},{"$i":"minutes-until-long","$v":{"few":["dalam ",{"t":"idOrVar","v":"value"}," minit"],"many":["dalam ",{"t":"idOrVar","v":"value"}," minit"],"other":["dalam ",{"t":"idOrVar","v":"value"}," minit"],"two":["dalam ",{"t":"idOrVar","v":"value"}," minit"],"zero":"sekarang","one":"dalam masa seminit"},"$x":[{"t":"idOrVar","v":"plural"},"value"]},{"$i":"hours-until-long","$v":{"few":["dalam ",{"t":"idOrVar","v":"value"}," jam"],"many":["dalam ",{"t":"idOrVar","v":"value"}," jam"],"other":["dalam ",{"t":"idOrVar","v":"value"}," jam"],"two":["dalam ",{"t":"idOrVar","v":"value"}," jam"],"zero":"sekarang","one":"dalam masa sejam"},"$x":[{"t":"idOrVar","v":"plural"},"value"]},{"$i":"days-until-long","$v":{"few":["dalam ",{"t":"idOrVar","v":"value"}," hari"],"many":["dalam ",{"t":"idOrVar","v":"value"}," hari"],"one":"esok","other":["dalam ",{"t":"idOrVar","v":"value"}," hari"],"two":["dalam ",{"t":"idOrVar","v":"value"}," hari"],"zero":"hari ini"},"$x":[{"t":"idOrVar","v":"plural"},"value"]},{"$i":"weeks-until-long","$v":{"few":["dalam ",{"t":"idOrVar","v":"value"}," minggu"],"many":["dalam ",{"t":"idOrVar","v":"value"}," minggu"],"one":"minggu depan","other":["dalam ",{"t":"idOrVar","v":"value"}," minggu"],"two":["dalam ",{"t":"idOrVar","v":"value"}," minggu"],"zero":"minggu ini"},"$x":[{"t":"idOrVar","v":"plural"},"value"]},{"$i":"months-until-long","$v":{"few":["dalam ",{"t":"idOrVar","v":"value"}," bulan"],"many":["dalam ",{"t":"idOrVar","v":"value"}," bulan"],"one":"bulan depan","other":["dalam ",{"t":"idOrVar","v":"value"}," bulan"],"two":["dalam ",{"t":"idOrVar","v":"value"}," bulan"],"zero":"bulan ini"},"$x":[{"t":"idOrVar","v":"plural"},"value"]},{"$i":"years-until-long","$v":{"few":["dalam ",{"t":"idOrVar","v":"value"}," tahun"],"many":["dalam ",{"t":"idOrVar","v":"value"}," tahun"],"one":"tahun depan","other":["dalam ",{"t":"idOrVar","v":"value"}," tahun"],"two":["dalam ",{"t":"idOrVar","v":"value"}," tahun"],"zero":"tahun ini"},"$x":[{"t":"idOrVar","v":"plural"},"value"]},{"$i":"minutes-ago-short","$v":{"other":[{"t":"idOrVar","v":"value"},"m yang lalu"],"zero":"Sebentar Tadi"},"$x":[{"t":"idOrVar","v":"plural"},"value"]},{"$i":"hours-ago-short","$v":{"other":[{"t":"idOrVar","v":"value"},"j yang lalu"],"zero":"Sebentar Tadi"},"$x":[{"t":"idOrVar","v":"plural"},"value"]},{"$i":"days-ago-short","$v":{"other":[{"t":"idOrVar","v":"value"},"h yang lalu"],"zero":"hari ini"},"$x":[{"t":"idOrVar","v":"plural"},"value"]},{"$i":"minutes-until-short","$v":{"other":["dalam ",{"t":"idOrVar","v":"value"},"m"],"zero":"sekarang"},"$x":[{"t":"idOrVar","v":"plural"},"value"]},{"$i":"hours-until-short","$v":{"other":["dalam ",{"t":"idOrVar","v":"value"},"j"],"zero":"sekarang"},"$x":[{"t":"idOrVar","v":"plural"},"value"]},{"$i":"days-until-short","$v":{"other":["dalam ",{"t":"idOrVar","v":"value"},"h"],"zero":"hari ini"},"$x":[{"t":"idOrVar","v":"plural"},"value"]},{"$i":"incorrectDate","$v":"(tarikh salah)"},{"$i":"dateTimeFormat_%c","$v":"%a %b %e %Y %I:%M:%S %p"},{"$i":"dateTimeFormat_%x","$v":"%m/%d/%Y"},{"$i":"dateTimeFormat_%X","$v":"%I:%M:%S %p"},{"$i":"shortTimeFormat","$v":"%I:%M %p"},{"$i":"shortTimeFormat12","$v":"%I:%M %p"},{"$i":"shortTimeFormat24","$v":"%H:%M"},{"$i":"shortDateTimeFormat","$v":"%x %I:%M %p"},{"$i":"weekStartsOnMonday","$v":"0.0"},{"$i":"firstDayOfTheWeek","$v":"0.0"},{"$i":"time_am","$v":"Pagi"},{"$i":"time_pm","$v":"Petang"}]