[{"$i":"filemanager","$v":"Filbehandling"},{"$i":"internal","$v":"Intern"},{"$i":"sdcard","$v":"SD-kort"},{"$i":"no-files","$v":"Denne mappen er tom."},{"$i":"not-support-header","$v":"Kan ikke åpne"},{"$i":"not-support-content","$v":"Dette filformatet er ugyldig eller støttes ikke."},{"$i":"confirmation-header","$v":"Bekreftelse"},{"$i":"delete-file-content","$v":["Slette filen ",{"t":"idOrVar","v":"fileName"},"?"]},{"$i":"delete-folder-content","$v":["Alle elementer i den valgte mappen slettes. Slette mappen ",{"t":"idOrVar","v":"fileName"},"?"]},{"$i":"copy-move-header","$v":"Velg målmappe"},{"$i":"number-selected","$v":{"few":[{"t":"idOrVar","v":"number"}," valgt"],"many":[{"t":"idOrVar","v":"number"}," valgt"],"one":[{"t":"idOrVar","v":"number"}," valgt"],"other":[{"t":"idOrVar","v":"number"}," valgt"],"two":[{"t":"idOrVar","v":"number"}," valgt"],"zero":[{"t":"idOrVar","v":"number"}," valgt"]},"$x":[{"t":"idOrVar","v":"plural"},"number"]},{"$i":"delete-all-folder","$v":"Alle elementer i den valgte mappen slettes. Slette valgte elementer?"},{"$i":"delete-all-file","$v":"Slette valgte elementer?"},{"$i":"search-in","$v":"Søker i"},{"$i":"search-current","$v":"Bare gjeldende mappe"},{"$i":"search-internal","$v":"Intern"},{"$i":"search-sdcard","$v":"SD-kort"},{"$i":"search-header","$v":["Søk: ",{"t":"idOrVar","v":"keyword"}]},{"$i":"file-exist","$v":[{"t":"idOrVar","v":"fileName"}," finnes allerede her. Beholde begge elementer?"]},{"$i":"paste-error","$v":"Mapper kan ikke limes inn i seg selv."},{"$i":"move-error","$v":"Mapper kan ikke flyttes til seg selv."},{"$i":"new-folder-error","$v":["Navnet ",{"t":"idOrVar","v":"folderName"}," er opptatt. Velg et annet."]},{"$i":"searching","$v":"Søker..."},{"$i":"loading","$v":"Laster …"},{"$i":"search-empty","$v":"Ikke funnet"},{"$i":"new-folder-invalid","$v":["Navnet ",{"t":"idOrVar","v":"folderName"}," er ugyldig. Velg et annet navn."]},{"$i":"progress-head-copy","$v":"Kopierer"},{"$i":"progress-content-copy","$v":"Kopierer element"},{"$i":"progress-head-move","$v":"Flytter"},{"$i":"progress-content-move","$v":"Flytter element"},{"$i":"unsupport-folder-name","$v":{"$o":"Kan ikke bruke et navn som inneholder ugyldige tegn: \\/:*?&quot;&lt;&gt;|"}},{"$i":"unsupport-string","$v":{"$o":["Kan ikke ",{"t":"idOrVar","v":"name"}," en fil med navnet som inneholder tegn som ikke støttes: \\/:*?\"<>|"]}},{"$i":"not-enough-space","$v":"Ikke nok plass tilgjengelig"},{"$i":"error-while-moving","$v":"Feil under flytting"},{"$i":"error-while-copying","$v":"Feil under kopiering"},{"$i":"rename-not-suffix","$v":"Det kan hende filen ikke kan åpnes etter at filutvidelsen er endret. Vil du likevel endre den?"},{"$i":"open","$v":"Åpne"},{"$i":"options","$v":"Valg"},{"$i":"ok","$v":"OK"},{"$i":"cancel","$v":"Avbryt"},{"$i":"change","$v":"Endre"},{"$i":"paste","$v":"Lim inn"},{"$i":"select","$v":"Velg"},{"$i":"deselect","$v":"Velg bort"},{"$i":"replace","$v":"Bytt ut"},{"$i":"keep-both","$v":"Behold begge"},{"$i":"delete","$v":"Slett"},{"$i":"copy","$v":"Kopier"},{"$i":"move","$v":"Flytt"},{"$i":"rename","$v":"Bytt navn"},{"$i":"select-items","$v":"Velg elementer"},{"$i":"new-folder","$v":"Ny mappe"},{"$i":"search","$v":"Søk"},{"$i":"refresh","$v":"Oppdater"},{"$i":"details","$v":"Detaljer"},{"$i":"share","$v":"Del"},{"$i":"select-all","$v":"Velg alle"},{"$i":"deselect-all","$v":"Velg bort alle"},{"$i":"detail-header","$v":"Detaljer"},{"$i":"detail-name","$v":"Navn"},{"$i":"detail-location","$v":"Sted"},{"$i":"detail-type","$v":"Type"},{"$i":"detail-created","$v":"Opprettet"},{"$i":"detail-size","$v":"Størrelse"},{"$i":"folder","$v":"mappe"},{"$i":"type-unknow","$v":"ukjent"},{"$i":"B","$v":"B"},{"$i":"KB","$v":"KB"},{"$i":"MB","$v":"MB"},{"$i":"GB","$v":"GB"},{"$i":"item-deleted","$v":"Elementet slettet."},{"$i":"items-deleted","$v":"Elementer slettet."},{"$i":"item-copied","$v":"Vare kopiert."},{"$i":"items-copied","$v":"Elementer kopiert."},{"$i":"item-moved","$v":"Elementet er flyttet."},{"$i":"items-moved","$v":"Elementer flyttet."},{"$i":"file-renamed","$v":"Filen omdøpt."},{"$i":"folder-renamed","$v":"Mappe omdøpt."},{"$i":"folder-created","$v":"Mapp opprettet."},{"$i":"refresh-completed","$v":"Oppdatering fullført."},{"$i":"itmes-not-copied","$v":[{"t":"idOrVar","v":"num"}," er ikke kopiert"]},{"$i":"itmes-not-moved","$v":[{"t":"idOrVar","v":"num"}," er ikke flyttet"]},{"$i":"weekday-0-long","$v":"Søndag"},{"$i":"weekday-1-long","$v":"Mandag"},{"$i":"weekday-2-long","$v":"Tirsdag"},{"$i":"weekday-3-long","$v":"Onsdag"},{"$i":"weekday-4-long","$v":"Torsdag"},{"$i":"weekday-5-long","$v":"Fredag"},{"$i":"weekday-6-long","$v":"Lørdag"},{"$i":"weekday-0-short","$v":"Sø."},{"$i":"weekday-1-short","$v":"Ma."},{"$i":"weekday-2-short","$v":"Ti."},{"$i":"weekday-3-short","$v":"On."},{"$i":"weekday-4-short","$v":"To."},{"$i":"weekday-5-short","$v":"Fr."},{"$i":"weekday-6-short","$v":"Lø."},{"$i":"month-0-long","$v":"Januar"},{"$i":"month-1-long","$v":"Februar"},{"$i":"month-2-long","$v":"Mars"},{"$i":"month-3-long","$v":"April"},{"$i":"month-4-long","$v":"Mai"},{"$i":"month-5-long","$v":"Juni"},{"$i":"month-6-long","$v":"Juli"},{"$i":"month-7-long","$v":"August"},{"$i":"month-8-long","$v":"September"},{"$i":"month-9-long","$v":"Oktober"},{"$i":"month-10-long","$v":"November"},{"$i":"month-11-long","$v":"Desember"},{"$i":"month-0-genitive","$v":"Januar"},{"$i":"month-1-genitive","$v":"Februar"},{"$i":"month-2-genitive","$v":"Mars"},{"$i":"month-3-genitive","$v":"April"},{"$i":"month-4-genitive","$v":"Mai"},{"$i":"month-5-genitive","$v":"Juni"},{"$i":"month-6-genitive","$v":"Juli"},{"$i":"month-7-genitive","$v":"August"},{"$i":"month-8-genitive","$v":"September"},{"$i":"month-9-genitive","$v":"Oktober"},{"$i":"month-10-genitive","$v":"November"},{"$i":"month-11-genitive","$v":"Desember"},{"$i":"month-0-short","$v":"Jan."},{"$i":"month-1-short","$v":"Feb."},{"$i":"month-2-short","$v":"Mars"},{"$i":"month-3-short","$v":"Apr."},{"$i":"month-4-short","$v":"Mai"},{"$i":"month-5-short","$v":"Juni"},{"$i":"month-6-short","$v":"Juli"},{"$i":"month-7-short","$v":"Aug."},{"$i":"month-8-short","$v":"Sep."},{"$i":"month-9-short","$v":"Okt."},{"$i":"month-10-short","$v":"Nov."},{"$i":"month-11-short","$v":"Des."},{"$i":"minutes-ago-long","$v":{"few":[{"t":"idOrVar","v":"value"}," minutter siden"],"many":[{"t":"idOrVar","v":"value"}," minutter siden"],"other":[{"t":"idOrVar","v":"value"}," minutter siden"],"two":[{"t":"idOrVar","v":"value"}," minutter siden"],"one":"et minutt siden","zero":"akkurat nå"},"$x":[{"t":"idOrVar","v":"plural"},"value"]},{"$i":"hours-ago-long","$v":{"few":[{"t":"idOrVar","v":"value"}," timer siden"],"many":[{"t":"idOrVar","v":"value"}," timer siden"],"other":[{"t":"idOrVar","v":"value"}," timer siden"],"two":[{"t":"idOrVar","v":"value"}," timer siden"],"one":"1 time siden","zero":"akkurat nå"},"$x":[{"t":"idOrVar","v":"plural"},"value"]},{"$i":"days-ago-long","$v":{"few":[{"t":"idOrVar","v":"value"}," dager siden"],"many":[{"t":"idOrVar","v":"value"}," dager siden"],"one":"i går","other":[{"t":"idOrVar","v":"value"}," dager siden"],"two":[{"t":"idOrVar","v":"value"}," dager siden"],"zero":"i dag"},"$x":[{"t":"idOrVar","v":"plural"},"value"]},{"$i":"weeks-ago-long","$v":{"few":[{"t":"idOrVar","v":"value"}," uker siden"],"many":[{"t":"idOrVar","v":"value"}," uker siden"],"one":"sist uke","other":[{"t":"idOrVar","v":"value"}," uker siden"],"two":[{"t":"idOrVar","v":"value"}," uker siden"],"zero":"denne uken"},"$x":[{"t":"idOrVar","v":"plural"},"value"]},{"$i":"months-ago-long","$v":{"few":[{"t":"idOrVar","v":"value"}," måneder siden"],"many":[{"t":"idOrVar","v":"value"}," måneder siden"],"one":"sist måned","other":[{"t":"idOrVar","v":"value"}," måneder siden"],"two":[{"t":"idOrVar","v":"value"}," måneder siden"],"zero":"denne måneden"},"$x":[{"t":"idOrVar","v":"plural"},"value"]},{"$i":"years-ago-long","$v":{"few":[{"t":"idOrVar","v":"value"}," år siden"],"many":[{"t":"idOrVar","v":"value"}," år siden"],"one":"i fjor","other":[{"t":"idOrVar","v":"value"}," år siden"],"two":[{"t":"idOrVar","v":"value"}," år siden"],"zero":"i år"},"$x":[{"t":"idOrVar","v":"plural"},"value"]},{"$i":"minutes-until-long","$v":{"few":["om ",{"t":"idOrVar","v":"value"}," minutter"],"many":["om ",{"t":"idOrVar","v":"value"}," minutter"],"other":["om ",{"t":"idOrVar","v":"value"}," minutter"],"two":["om ",{"t":"idOrVar","v":"value"}," minutter"],"zero":"nå","one":"om 1 minutt"},"$x":[{"t":"idOrVar","v":"plural"},"value"]},{"$i":"hours-until-long","$v":{"few":["om ",{"t":"idOrVar","v":"value"}," timer"],"many":["om ",{"t":"idOrVar","v":"value"}," timer"],"other":["om ",{"t":"idOrVar","v":"value"}," timer"],"two":["om ",{"t":"idOrVar","v":"value"}," timer"],"zero":"nå","one":"om 1 time"},"$x":[{"t":"idOrVar","v":"plural"},"value"]},{"$i":"days-until-long","$v":{"few":["om ",{"t":"idOrVar","v":"value"}," dager"],"many":["om ",{"t":"idOrVar","v":"value"}," dager"],"one":"i morgen","other":["om ",{"t":"idOrVar","v":"value"}," dager"],"two":["om ",{"t":"idOrVar","v":"value"}," dager"],"zero":"i dag"},"$x":[{"t":"idOrVar","v":"plural"},"value"]},{"$i":"weeks-until-long","$v":{"few":["om ",{"t":"idOrVar","v":"value"}," uker"],"many":["om ",{"t":"idOrVar","v":"value"}," uker"],"one":"neste uke","other":["om ",{"t":"idOrVar","v":"value"}," uker"],"two":["om ",{"t":"idOrVar","v":"value"}," uker"],"zero":"denne uken"},"$x":[{"t":"idOrVar","v":"plural"},"value"]},{"$i":"months-until-long","$v":{"few":["om ",{"t":"idOrVar","v":"value"}," måneder"],"many":["om ",{"t":"idOrVar","v":"value"}," måneder"],"one":"neste måned","other":["om ",{"t":"idOrVar","v":"value"}," måneder"],"two":["om ",{"t":"idOrVar","v":"value"}," måneder"],"zero":"denne måneden"},"$x":[{"t":"idOrVar","v":"plural"},"value"]},{"$i":"years-until-long","$v":{"few":["om ",{"t":"idOrVar","v":"value"}," år"],"many":["om ",{"t":"idOrVar","v":"value"}," år"],"one":"neste år","other":["om ",{"t":"idOrVar","v":"value"}," år"],"two":["om ",{"t":"idOrVar","v":"value"}," år"],"zero":"i år"},"$x":[{"t":"idOrVar","v":"plural"},"value"]},{"$i":"minutes-ago-short","$v":{"other":[{"t":"idOrVar","v":"value"}," m siden"],"zero":"akkurat nå"},"$x":[{"t":"idOrVar","v":"plural"},"value"]},{"$i":"hours-ago-short","$v":{"other":[{"t":"idOrVar","v":"value"}," t siden"],"zero":"akkurat nå"},"$x":[{"t":"idOrVar","v":"plural"},"value"]},{"$i":"days-ago-short","$v":{"other":[{"t":"idOrVar","v":"value"}," d siden"],"zero":"i dag"},"$x":[{"t":"idOrVar","v":"plural"},"value"]},{"$i":"minutes-until-short","$v":{"other":["om ",{"t":"idOrVar","v":"value"},"m"],"zero":"nå"},"$x":[{"t":"idOrVar","v":"plural"},"value"]},{"$i":"hours-until-short","$v":{"other":["om ",{"t":"idOrVar","v":"value"},"t"],"zero":"nå"},"$x":[{"t":"idOrVar","v":"plural"},"value"]},{"$i":"days-until-short","$v":{"other":["om ",{"t":"idOrVar","v":"value"},"d"],"zero":"i dag"},"$x":[{"t":"idOrVar","v":"plural"},"value"]},{"$i":"incorrectDate","$v":"(feil dato)"},{"$i":"dateTimeFormat_%c","$v":"%a %b %e %Y %I:%M:%S %p"},{"$i":"dateTimeFormat_%x","$v":"%m/%d/%Y"},{"$i":"dateTimeFormat_%X","$v":"%I:%M:%S %p"},{"$i":"shortTimeFormat","$v":"%I:%M %p"},{"$i":"shortTimeFormat12","$v":"%I:%M %p"},{"$i":"shortTimeFormat24","$v":"%H:%M"},{"$i":"shortDateTimeFormat","$v":"%x %I:%M %p"},{"$i":"weekStartsOnMonday","$v":"0.0"},{"$i":"firstDayOfTheWeek","$v":"1.0"},{"$i":"time_am","$v":"AM"},{"$i":"time_pm","$v":"PM"}]