[{"$i":"filemanager","$v":"फाइल प्रबन्धक"},{"$i":"internal","$v":"आन्तरिक"},{"$i":"sdcard","$v":"SD कार्ड"},{"$i":"no-files","$v":"यो फोल्डर खाली छ।"},{"$i":"not-support-header","$v":"खोल्न असक्षम"},{"$i":"not-support-content","$v":"यो फाइल ढाँचा अमान्य छ वा समर्थन गर्न नसकिनेछ।"},{"$i":"confirmation-header","$v":"पुष्टिकरण"},{"$i":"delete-file-content","$v":["फाइल ",{"t":"idOrVar","v":"fileName"}," मेटाउने?"]},{"$i":"delete-folder-content","$v":["चयन गरिएको फोल्डरमा भएको सबै वस्तुहरू मेटाइनेछ। फोल्डर ",{"t":"idOrVar","v":"fileName"}," मेटाउने?"]},{"$i":"copy-move-header","$v":"लक्षय फोल्डर चयन गर्नुहोस्"},{"$i":"number-selected","$v":{"few":[{"t":"idOrVar","v":"number"}," चयन गरियो"],"many":[{"t":"idOrVar","v":"number"}," चयन गरियो"],"one":[{"t":"idOrVar","v":"number"}," चयन गरियो"],"other":[{"t":"idOrVar","v":"number"}," चयन गरियो"],"two":[{"t":"idOrVar","v":"number"}," चयन गरियो"],"zero":[{"t":"idOrVar","v":"number"}," चयन गरियो"]},"$x":[{"t":"idOrVar","v":"plural"},"number"]},{"$i":"delete-all-folder","$v":"चयन गरिएको फोल्डरमा भएको सबै वस्तुहरू मेटाइनेछ। चयन गरिएका वस्तुहरू मेटाउने?"},{"$i":"delete-all-file","$v":"चयन गरिएका फाइलहरू मेटाउने?"},{"$i":"search-in","$v":"मा खोजी गर्दै"},{"$i":"search-current","$v":"हालको फोल्डर मात्रै"},{"$i":"search-internal","$v":"आन्तरिक"},{"$i":"search-sdcard","$v":"SD कार्ड"},{"$i":"search-header","$v":["खोज: ",{"t":"idOrVar","v":"keyword"}]},{"$i":"file-exist","$v":[{"t":"idOrVar","v":"fileName"}," पहिले नै यो स्थानमा विद्यमान छ। दुबै वस्तुहरू राख्ने?"]},{"$i":"paste-error","$v":"यसमा फोल्डर टाँस्न सकिँदैन।"},{"$i":"move-error","$v":"यसमा फोल्डर सार्न सकिँदैन।"},{"$i":"new-folder-error","$v":["नाम ",{"t":"idOrVar","v":"folderName"}," पहिले नै लिइएको छ। अर्को नाम छान्नुहोस्।"]},{"$i":"searching","$v":"खोज्दै..."},{"$i":"loading","$v":"लोड हुँदै…"},{"$i":"search-empty","$v":"फेला परेन"},{"$i":"new-folder-invalid","$v":["नाम ",{"t":"idOrVar","v":"folderName"}," अमान्य छ। अर्को नाम छान्नुहोस्।"]},{"$i":"progress-head-copy","$v":"प्रतिलिपि बनाउँदै"},{"$i":"progress-content-copy","$v":"वस्तुको प्रतिलिपि बनाउँदै"},{"$i":"progress-head-move","$v":"सार्दै"},{"$i":"progress-content-move","$v":"वस्तु सार्दै"},{"$i":"unsupport-folder-name","$v":{"$o":"असमर्थित वर्णहरू समावेश भएको नाम प्रयोग गर्न सकिँदैन: \\/:*?\"<>|"}},{"$i":"unsupport-string","$v":{"$o":["असमर्थित वर्णहरू समावेश गर्ने नामसँग ",{"t":"idOrVar","v":"name"}," दायर गर्न सकिँदैन: \\/:*?\"<>|"]}},{"$i":"not-enough-space","$v":"पर्याप्त खाली ठाउँ उपलब्ध छैन"},{"$i":"error-while-moving","$v":"सार्दा खरि त्रुटि भयो"},{"$i":"error-while-copying","$v":"प्रतिलिपि बनाउँदा त्रुटि भयो"},{"$i":"rename-not-suffix","$v":"विस्तार परिवर्तन गरिसकेपछि फाइल खोल्न सक्षम हुन सक्दैन। कुनै पनि तरिकाले परिवर्तन गर्ने?"},{"$i":"open","$v":"खोल्नुहोस्"},{"$i":"options","$v":"विकल्पहरू"},{"$i":"ok","$v":"ठीक छ"},{"$i":"cancel","$v":"रद्द गर्नुहोस्"},{"$i":"change","$v":"परिवर्तन गर्नुहोस्"},{"$i":"paste","$v":"टाँस्नुहोस्"},{"$i":"select","$v":"चयन गर्नुहोस्"},{"$i":"deselect","$v":"चयन हटाउनुहोस्"},{"$i":"replace","$v":"प्रतिस्थापन गर्नुहोस्"},{"$i":"keep-both","$v":"दबैलाई राख्नुहोस्"},{"$i":"delete","$v":"मेट्नुहोस्"},{"$i":"copy","$v":"प्रतिलिपि बनाउनुहोस्"},{"$i":"move","$v":"सार्नुहोस्"},{"$i":"rename","$v":"पुनःनामाकरण गर्नुहोस्"},{"$i":"select-items","$v":"वस्तुहरू चयन गर्नुहोस्"},{"$i":"new-folder","$v":"नयाँ फोल्डर"},{"$i":"search","$v":"खोज्नुहोस्"},{"$i":"refresh","$v":"पुनःताजा गर्नुहोस्"},{"$i":"details","$v":"विवरणहरू"},{"$i":"share","$v":"साझेदारी"},{"$i":"select-all","$v":"सबै चयन गर्नुहोस्"},{"$i":"deselect-all","$v":"सबै चयनलाई रद्द गर्नुहोस्"},{"$i":"detail-header","$v":"विवरणहरू"},{"$i":"detail-name","$v":"नाम"},{"$i":"detail-location","$v":"स्थान"},{"$i":"detail-type","$v":"प्रकार"},{"$i":"detail-created","$v":"सिर्जना गरियो"},{"$i":"detail-size","$v":"आकार"},{"$i":"folder","$v":"फोल्डर"},{"$i":"type-unknow","$v":"अज्ञात"},{"$i":"B","$v":"B"},{"$i":"KB","$v":"KB"},{"$i":"MB","$v":"MB"},{"$i":"GB","$v":"GB"},{"$i":"item-deleted","$v":"वस्तुलाई मेटाइयो।"},{"$i":"items-deleted","$v":"वस्तुहरू मेटाइयो।"},{"$i":"item-copied","$v":"वस्तु प्रतिलिपि गरियो।"},{"$i":"items-copied","$v":"वस्तुहरूको प्रतिलिपि बनाइयो।"},{"$i":"item-moved","$v":"वस्तुलाई सारियो।"},{"$i":"items-moved","$v":"वस्तुहरू सारियो।"},{"$i":"file-renamed","$v":"फाइल पुनःनामाकरण भयो।"},{"$i":"folder-renamed","$v":"फोल्डर पुन: नामाकरण गरियो।"},{"$i":"folder-created","$v":"फोल्डर बनाइयो।"},{"$i":"refresh-completed","$v":"ताजा गर्ने कार्य पूरा भयो।"},{"$i":"itmes-not-copied","$v":[{"t":"idOrVar","v":"num"}," वटा वस्तुहरूको प्रतिलिपि गराइएको छैन।"]},{"$i":"itmes-not-moved","$v":[{"t":"idOrVar","v":"num"}," वटा वस्तुहरूलाई सारिएको छैन।"]},{"$i":"weekday-0-long","$v":"आइतबार"},{"$i":"weekday-1-long","$v":"सोमबार"},{"$i":"weekday-2-long","$v":"मङ्गलबार"},{"$i":"weekday-3-long","$v":"बुधबार"},{"$i":"weekday-4-long","$v":"बिहिबार"},{"$i":"weekday-5-long","$v":"शुक्रबार"},{"$i":"weekday-6-long","$v":"शनिबार"},{"$i":"weekday-0-short","$v":"सूर्य"},{"$i":"weekday-1-short","$v":"सोमबार"},{"$i":"weekday-2-short","$v":"मङ्गलबार"},{"$i":"weekday-3-short","$v":"बुधबार"},{"$i":"weekday-4-short","$v":"बिहीबार"},{"$i":"weekday-5-short","$v":"शुक्रबार"},{"$i":"weekday-6-short","$v":"शनिबार"},{"$i":"month-0-long","$v":"जनवरी"},{"$i":"month-1-long","$v":"फेब्रुअरी"},{"$i":"month-2-long","$v":"मार्च"},{"$i":"month-3-long","$v":"अप्रिल"},{"$i":"month-4-long","$v":"मे"},{"$i":"month-5-long","$v":"जुन"},{"$i":"month-6-long","$v":"जुलाइ"},{"$i":"month-7-long","$v":"अगस्ट"},{"$i":"month-8-long","$v":"सेप्टेम्बर"},{"$i":"month-9-long","$v":"अक्टुबर"},{"$i":"month-10-long","$v":"नोभेम्बर"},{"$i":"month-11-long","$v":"डिसेम्बर"},{"$i":"month-0-genitive","$v":"जनवरी"},{"$i":"month-1-genitive","$v":"फेब्रुअरी"},{"$i":"month-2-genitive","$v":"मार्च"},{"$i":"month-3-genitive","$v":"अप्रिल"},{"$i":"month-4-genitive","$v":"मे"},{"$i":"month-5-genitive","$v":"जुन"},{"$i":"month-6-genitive","$v":"जुलाइ"},{"$i":"month-7-genitive","$v":"अगस्ट"},{"$i":"month-8-genitive","$v":"सेप्टेम्बर"},{"$i":"month-9-genitive","$v":"अक्टुबर"},{"$i":"month-10-genitive","$v":"नोभेम्बर"},{"$i":"month-11-genitive","$v":"डिसेम्बर"},{"$i":"month-0-short","$v":"जनवरी"},{"$i":"month-1-short","$v":"फेब्रुअरी"},{"$i":"month-2-short","$v":"मार्च"},{"$i":"month-3-short","$v":"अप्रिल"},{"$i":"month-4-short","$v":"मे"},{"$i":"month-5-short","$v":"जुन"},{"$i":"month-6-short","$v":"जुलाई"},{"$i":"month-7-short","$v":"अगस्ट"},{"$i":"month-8-short","$v":"सेप्टेम्बर"},{"$i":"month-9-short","$v":"अक्टोबर"},{"$i":"month-10-short","$v":"नोभेम्बर"},{"$i":"month-11-short","$v":"डिसेम्बर"},{"$i":"minutes-ago-long","$v":{"few":[{"t":"idOrVar","v":"value"}," मिनेट पहिला"],"many":[{"t":"idOrVar","v":"value"}," मिनेट पहिला"],"other":[{"t":"idOrVar","v":"value"}," मिनेट पहिला"],"two":[{"t":"idOrVar","v":"value"}," मिनेट पहिला"],"one":"एक मिनेट अघि","zero":"Just now"},"$x":[{"t":"idOrVar","v":"plural"},"value"]},{"$i":"hours-ago-long","$v":{"few":[{"t":"idOrVar","v":"value"}," घण्टा पहिला"],"many":[{"t":"idOrVar","v":"value"}," घण्टा पहिला"],"other":[{"t":"idOrVar","v":"value"}," घण्टा पहिला"],"two":[{"t":"idOrVar","v":"value"}," घण्टा पहिला"],"one":"एक घण्टा अघि","zero":"Just now"},"$x":[{"t":"idOrVar","v":"plural"},"value"]},{"$i":"days-ago-long","$v":{"few":[{"t":"idOrVar","v":"value"}," दिन पहिला"],"many":[{"t":"idOrVar","v":"value"}," दिन पहिला"],"one":"हिजो","other":[{"t":"idOrVar","v":"value"}," दिन पहिला"],"two":[{"t":"idOrVar","v":"value"}," दिन पहिला"],"zero":"आज"},"$x":[{"t":"idOrVar","v":"plural"},"value"]},{"$i":"weeks-ago-long","$v":{"few":[{"t":"idOrVar","v":"value"}," हप्ता पहिला"],"many":[{"t":"idOrVar","v":"value"}," हप्ता पहिला"],"one":"गत हप्ता","other":[{"t":"idOrVar","v":"value"}," हप्ता पहिला"],"two":[{"t":"idOrVar","v":"value"}," हप्ता पहिला"],"zero":"यो हप्ता"},"$x":[{"t":"idOrVar","v":"plural"},"value"]},{"$i":"months-ago-long","$v":{"few":[{"t":"idOrVar","v":"value"}," महिना पहिला"],"many":[{"t":"idOrVar","v":"value"}," महिना पहिला"],"one":"गत महिना","other":[{"t":"idOrVar","v":"value"}," महिना पहिला"],"two":[{"t":"idOrVar","v":"value"}," महिना पहिला"],"zero":"यो महिना"},"$x":[{"t":"idOrVar","v":"plural"},"value"]},{"$i":"years-ago-long","$v":{"few":[{"t":"idOrVar","v":"value"}," वर्ष पहिला"],"many":[{"t":"idOrVar","v":"value"}," वर्ष पहिला"],"one":"गएको वर्ष","other":[{"t":"idOrVar","v":"value"}," वर्ष पहिला"],"two":[{"t":"idOrVar","v":"value"}," वर्ष पहिला"],"zero":"यो वर्ष"},"$x":[{"t":"idOrVar","v":"plural"},"value"]},{"$i":"minutes-until-long","$v":{"few":[{"t":"idOrVar","v":"value"}," मिनेटमा"],"many":[{"t":"idOrVar","v":"value"}," मिनेटमा"],"other":[{"t":"idOrVar","v":"value"}," मिनेटमा"],"two":[{"t":"idOrVar","v":"value"}," मिनेटमा"],"zero":"अहिले","one":"एक मिनेटमा"},"$x":[{"t":"idOrVar","v":"plural"},"value"]},{"$i":"hours-until-long","$v":{"few":[{"t":"idOrVar","v":"value"}," घण्टामा"],"many":[{"t":"idOrVar","v":"value"}," घण्टामा"],"other":[{"t":"idOrVar","v":"value"}," घण्टामा"],"two":[{"t":"idOrVar","v":"value"}," घण्टामा"],"zero":"अहिले","one":"एक घण्टामा"},"$x":[{"t":"idOrVar","v":"plural"},"value"]},{"$i":"days-until-long","$v":{"few":[{"t":"idOrVar","v":"value"}," दिनमा"],"many":[{"t":"idOrVar","v":"value"}," दिनमा"],"one":"भोली","other":[{"t":"idOrVar","v":"value"}," दिनमा"],"two":[{"t":"idOrVar","v":"value"}," दिनमा"],"zero":"आज"},"$x":[{"t":"idOrVar","v":"plural"},"value"]},{"$i":"weeks-until-long","$v":{"few":[{"t":"idOrVar","v":"value"}," हप्तामा"],"many":[{"t":"idOrVar","v":"value"}," हप्तामा"],"one":"अर्को हप्ता","other":[{"t":"idOrVar","v":"value"}," हप्तामा"],"two":[{"t":"idOrVar","v":"value"}," हप्तामा"],"zero":"यो हप्ता"},"$x":[{"t":"idOrVar","v":"plural"},"value"]},{"$i":"months-until-long","$v":{"few":[{"t":"idOrVar","v":"value"}," महिनामा"],"many":[{"t":"idOrVar","v":"value"}," महिनामा"],"one":"अर्को महिना","other":[{"t":"idOrVar","v":"value"}," महिनामा"],"two":[{"t":"idOrVar","v":"value"}," महिनामा"],"zero":"यो महिना"},"$x":[{"t":"idOrVar","v":"plural"},"value"]},{"$i":"years-until-long","$v":{"few":[{"t":"idOrVar","v":"value"}," वर्षमा"],"many":[{"t":"idOrVar","v":"value"}," वर्षमा"],"one":"अर्को वर्ष","other":[{"t":"idOrVar","v":"value"}," वर्षमा"],"two":[{"t":"idOrVar","v":"value"}," वर्षमा"],"zero":"यो वर्ष"},"$x":[{"t":"idOrVar","v":"plural"},"value"]},{"$i":"minutes-ago-short","$v":{"other":[{"t":"idOrVar","v":"value"}," मिनेट पहिला"],"zero":"Just now"},"$x":[{"t":"idOrVar","v":"plural"},"value"]},{"$i":"hours-ago-short","$v":{"other":[{"t":"idOrVar","v":"value"},"घण्टा पहिला"],"zero":"Just now"},"$x":[{"t":"idOrVar","v":"plural"},"value"]},{"$i":"days-ago-short","$v":{"other":[{"t":"idOrVar","v":"value"},"दिन पहिला"],"zero":"आज"},"$x":[{"t":"idOrVar","v":"plural"},"value"]},{"$i":"minutes-until-short","$v":{"other":[{"t":"idOrVar","v":"value"}," मिनेटमा"],"zero":"अहिले"},"$x":[{"t":"idOrVar","v":"plural"},"value"]},{"$i":"hours-until-short","$v":{"other":[{"t":"idOrVar","v":"value"}," घण्टामा"],"zero":"अहिले"},"$x":[{"t":"idOrVar","v":"plural"},"value"]},{"$i":"days-until-short","$v":{"other":[{"t":"idOrVar","v":"value"}," दिनमा"],"zero":"आज"},"$x":[{"t":"idOrVar","v":"plural"},"value"]},{"$i":"incorrectDate","$v":"(गलत मिति)"},{"$i":"dateTimeFormat_%c","$v":"%a %b %e %Y %I:%M:%S %p"},{"$i":"dateTimeFormat_%x","$v":"%m/%d/%Y"},{"$i":"dateTimeFormat_%X","$v":"%I:%M:%S %p"},{"$i":"shortTimeFormat","$v":"%I:%M %p"},{"$i":"shortTimeFormat12","$v":"%I:%M %p"},{"$i":"shortTimeFormat24","$v":"%H:%M"},{"$i":"shortDateTimeFormat","$v":"%x %I:%M %p"},{"$i":"weekStartsOnMonday","$v":"0.0"},{"$i":"firstDayOfTheWeek","$v":"0.0"},{"$i":"time_am","$v":"AM"},{"$i":"time_pm","$v":"PM"}]