[{"$i":"filemanager","$v":"Menedżer plików"},{"$i":"internal","$v":"Wewnętrzna"},{"$i":"sdcard","$v":"Karta SD"},{"$i":"no-files","$v":"Folder jest pusty."},{"$i":"not-support-header","$v":"Nie można otworzyć"},{"$i":"not-support-content","$v":"Nieprawidłowy lub nieobsługiwany format pliku."},{"$i":"confirmation-header","$v":"Potwierdzenie"},{"$i":"delete-file-content","$v":["Usunąć plik ",{"t":"idOrVar","v":"fileName"},"?"]},{"$i":"delete-folder-content","$v":["Wszystkie elementy w wybranym folderze zostaną usunięte. Usunąć folder ",{"t":"idOrVar","v":"fileName"},"?"]},{"$i":"copy-move-header","$v":"Wybierz folder docelowy"},{"$i":"number-selected","$v":{"few":["Wybrano ",{"t":"idOrVar","v":"number"}],"many":["Wybrano ",{"t":"idOrVar","v":"number"}],"one":["Wybrano ",{"t":"idOrVar","v":"number"}],"other":["Wybrano ",{"t":"idOrVar","v":"number"}],"two":["Wybrano ",{"t":"idOrVar","v":"number"}],"zero":["Wybrano ",{"t":"idOrVar","v":"number"}]},"$x":[{"t":"idOrVar","v":"plural"},"number"]},{"$i":"delete-all-folder","$v":"Wszystkie elementy w wybranym folderze zostaną usunięte. Usunąć zaznaczone elementy?"},{"$i":"delete-all-file","$v":"Usunąć zaznaczone pliki?"},{"$i":"search-in","$v":"Wyszukiwanie w"},{"$i":"search-current","$v":"Tylko bieżący folder"},{"$i":"search-internal","$v":"Wewnętrzna"},{"$i":"search-sdcard","$v":"Karta SD"},{"$i":"search-header","$v":["Szukaj: ",{"t":"idOrVar","v":"keyword"}]},{"$i":"file-exist","$v":[{"t":"idOrVar","v":"fileName"}," już istnieje w tej lokalizacji. Zapisać oba pliki?"]},{"$i":"paste-error","$v":"Nie można wkleić folderu do wklejanego folderu."},{"$i":"move-error","$v":"Nie można przenieść folderu do przenoszonego folderu."},{"$i":"new-folder-error","$v":["Nazwa ",{"t":"idOrVar","v":"folderName"}," już istnieje. Wybierz inną nazwę."]},{"$i":"searching","$v":"Wyszukiwanie..."},{"$i":"loading","$v":"Wczytywanie..."},{"$i":"search-empty","$v":"Nie znaleziono"},{"$i":"new-folder-invalid","$v":["Nazwa ",{"t":"idOrVar","v":"folderName"}," jest nieprawidłowa. Wybierz inną nazwę."]},{"$i":"progress-head-copy","$v":"Kopiowanie"},{"$i":"progress-content-copy","$v":"Kopiowanie elementu"},{"$i":"progress-head-move","$v":"Przenoszenie"},{"$i":"progress-content-move","$v":"Przenoszenie elementu"},{"$i":"unsupport-folder-name","$v":{"$o":"Nie można użyć nazwy zawierającej znaki nieobsługiwane: \\/:*?\"<>|"}},{"$i":"unsupport-string","$v":{"$o":["Nazwa ",{"t":"idOrVar","v":"name"}," pliku nie może zawierać nieobsługiwanych znaków: \\/:*?\"<>|"]}},{"$i":"not-enough-space","$v":"Zbyt mała ilość dostępnego miejsca"},{"$i":"error-while-moving","$v":"Podczas przenoszenia wystąpił błąd"},{"$i":"error-while-copying","$v":"Podczas kopiowania wystąpił błąd"},{"$i":"rename-not-suffix","$v":"Zmiana rozszerzenia może uniemożliwić otwarcie pliku. Czy mimo to chcesz je zmienić?"},{"$i":"open","$v":"OTWÓRZ"},{"$i":"options","$v":"Opcje"},{"$i":"ok","$v":"OK"},{"$i":"cancel","$v":"Anuluj"},{"$i":"change","$v":"Zmień"},{"$i":"paste","$v":"Wklej"},{"$i":"select","$v":"Wybierz"},{"$i":"deselect","$v":"Odznacz"},{"$i":"replace","$v":"Zastąp"},{"$i":"keep-both","$v":"Zachowaj oba"},{"$i":"delete","$v":"Usuń"},{"$i":"copy","$v":"Kopiuj"},{"$i":"move","$v":"Przenieś"},{"$i":"rename","$v":"Zmień nazwę"},{"$i":"select-items","$v":"Wybierz elementy"},{"$i":"new-folder","$v":"Nowy folder"},{"$i":"search","$v":"Szukaj"},{"$i":"refresh","$v":"Odśwież"},{"$i":"details","$v":"Szczegóły"},{"$i":"share","$v":"Udostępnij"},{"$i":"select-all","$v":"Zaznacz wszystkie"},{"$i":"deselect-all","$v":"Odznacz wszystkie"},{"$i":"detail-header","$v":"Szczegóły"},{"$i":"detail-name","$v":"Nazwa"},{"$i":"detail-location","$v":"Lokalizacja"},{"$i":"detail-type","$v":"Typ"},{"$i":"detail-created","$v":"Utworzono"},{"$i":"detail-size","$v":"Rozmiar"},{"$i":"folder","$v":"folder"},{"$i":"type-unknow","$v":"nieznany"},{"$i":"B","$v":"B"},{"$i":"KB","$v":"KB"},{"$i":"MB","$v":"MB"},{"$i":"GB","$v":"GB"},{"$i":"item-deleted","$v":"Usunięto element."},{"$i":"items-deleted","$v":"Usunięto elementy."},{"$i":"item-copied","$v":"Skopiowano element."},{"$i":"items-copied","$v":"Skopiowano elementy."},{"$i":"item-moved","$v":"Przeniesiono element."},{"$i":"items-moved","$v":"Przeniesiono elementy."},{"$i":"file-renamed","$v":"Zmieniono nazwę pliku."},{"$i":"folder-renamed","$v":"Zmieniono nazwę folderu."},{"$i":"folder-created","$v":"Utworzono folder."},{"$i":"refresh-completed","$v":"Odświeżanie zakończone"},{"$i":"itmes-not-copied","$v":["Nie skopiowano elementów (",{"t":"idOrVar","v":"num"},")."]},{"$i":"itmes-not-moved","$v":["Nie przeniesiono elementów (",{"t":"idOrVar","v":"num"},")."]},{"$i":"weekday-0-long","$v":"Niedziela"},{"$i":"weekday-1-long","$v":"Poniedziałek"},{"$i":"weekday-2-long","$v":"Wtorek"},{"$i":"weekday-3-long","$v":"Środa"},{"$i":"weekday-4-long","$v":"Czwartek"},{"$i":"weekday-5-long","$v":"Piątek"},{"$i":"weekday-6-long","$v":"Sobota"},{"$i":"weekday-0-short","$v":"Nd"},{"$i":"weekday-1-short","$v":"Pn"},{"$i":"weekday-2-short","$v":"Wt"},{"$i":"weekday-3-short","$v":"Śr"},{"$i":"weekday-4-short","$v":"Czw"},{"$i":"weekday-5-short","$v":"Pt"},{"$i":"weekday-6-short","$v":"Sob"},{"$i":"month-0-long","$v":"Styczeń"},{"$i":"month-1-long","$v":"Luty"},{"$i":"month-2-long","$v":"Marzec"},{"$i":"month-3-long","$v":"Kwiecień"},{"$i":"month-4-long","$v":"Maj"},{"$i":"month-5-long","$v":"Czerwiec"},{"$i":"month-6-long","$v":"Lipiec"},{"$i":"month-7-long","$v":"Sierpień"},{"$i":"month-8-long","$v":"Wrzesień"},{"$i":"month-9-long","$v":"Październik"},{"$i":"month-10-long","$v":"Listopad"},{"$i":"month-11-long","$v":"Grudzień"},{"$i":"month-0-genitive","$v":"Styczeń"},{"$i":"month-1-genitive","$v":"Luty"},{"$i":"month-2-genitive","$v":"Marzec"},{"$i":"month-3-genitive","$v":"Kwiecień"},{"$i":"month-4-genitive","$v":"Maj"},{"$i":"month-5-genitive","$v":"Czerwiec"},{"$i":"month-6-genitive","$v":"Lipiec"},{"$i":"month-7-genitive","$v":"Sierpień"},{"$i":"month-8-genitive","$v":"Wrzesień"},{"$i":"month-9-genitive","$v":"Październik"},{"$i":"month-10-genitive","$v":"Listopad"},{"$i":"month-11-genitive","$v":"Grudzień"},{"$i":"month-0-short","$v":"Sty"},{"$i":"month-1-short","$v":"Lut"},{"$i":"month-2-short","$v":"Mar"},{"$i":"month-3-short","$v":"Kwi"},{"$i":"month-4-short","$v":"Maj"},{"$i":"month-5-short","$v":"Cze"},{"$i":"month-6-short","$v":"Lip"},{"$i":"month-7-short","$v":"Sie"},{"$i":"month-8-short","$v":"Wrz"},{"$i":"month-9-short","$v":"Paź"},{"$i":"month-10-short","$v":"Lis"},{"$i":"month-11-short","$v":"Gru"},{"$i":"minutes-ago-long","$v":{"few":[{"t":"idOrVar","v":"value"}," minut(y) temu"],"many":[{"t":"idOrVar","v":"value"}," minut(y) temu"],"other":[{"t":"idOrVar","v":"value"}," minut"],"two":[{"t":"idOrVar","v":"value"}," minut(y) temu"],"one":"minutę temu","zero":"Przed chwilą"},"$x":[{"t":"idOrVar","v":"plural"},"value"]},{"$i":"hours-ago-long","$v":{"few":[{"t":"idOrVar","v":"value"}," godzin(y) temu"],"many":[{"t":"idOrVar","v":"value"}," godzin(y) temu"],"other":[{"t":"idOrVar","v":"value"}," godzin(y) temu"],"two":[{"t":"idOrVar","v":"value"}," godzin(y) temu"],"one":"godzinę temu","zero":"Przed chwilą"},"$x":[{"t":"idOrVar","v":"plural"},"value"]},{"$i":"days-ago-long","$v":{"few":[{"t":"idOrVar","v":"value"}," dni temu"],"many":[{"t":"idOrVar","v":"value"}," dni temu"],"one":"wczoraj","other":[{"t":"idOrVar","v":"value"}," dni temu"],"two":[{"t":"idOrVar","v":"value"}," dni temu"],"zero":"dzisiaj"},"$x":[{"t":"idOrVar","v":"plural"},"value"]},{"$i":"weeks-ago-long","$v":{"few":[{"t":"idOrVar","v":"value"}," tygodni(e) temu"],"many":[{"t":"idOrVar","v":"value"}," tygodni(e) temu"],"one":"w zeszłym tygodniu","other":[{"t":"idOrVar","v":"value"}," tygodni(e) temu"],"two":[{"t":"idOrVar","v":"value"}," tygodni(e) temu"],"zero":"w tym tygodniu"},"$x":[{"t":"idOrVar","v":"plural"},"value"]},{"$i":"months-ago-long","$v":{"few":[{"t":"idOrVar","v":"value"}," miesiące/miesięcy temu"],"many":[{"t":"idOrVar","v":"value"}," miesiące/miesięcy temu"],"one":"w zeszłym miesiącu","other":[{"t":"idOrVar","v":"value"}," miesiące/miesięcy temu"],"two":[{"t":"idOrVar","v":"value"}," miesiące/miesięcy temu"],"zero":"w tym miesiącu"},"$x":[{"t":"idOrVar","v":"plural"},"value"]},{"$i":"years-ago-long","$v":{"few":[{"t":"idOrVar","v":"value"}," lat(a) temu"],"many":[{"t":"idOrVar","v":"value"}," lat(a) temu"],"one":"w zeszłym roku","other":[{"t":"idOrVar","v":"value"}," lat(a) temu"],"two":[{"t":"idOrVar","v":"value"}," lat(a) temu"],"zero":"w tym roku"},"$x":[{"t":"idOrVar","v":"plural"},"value"]},{"$i":"minutes-until-long","$v":{"few":["za ",{"t":"idOrVar","v":"value"}," minut(y)"],"many":["za ",{"t":"idOrVar","v":"value"}," minut(y)"],"other":["za ",{"t":"idOrVar","v":"value"}," minut"],"two":["za ",{"t":"idOrVar","v":"value"}," minut(y)"],"zero":"teraz","one":"za minutę"},"$x":[{"t":"idOrVar","v":"plural"},"value"]},{"$i":"hours-until-long","$v":{"few":["za ",{"t":"idOrVar","v":"value"}," godzin(y)"],"many":["za ",{"t":"idOrVar","v":"value"}," godzin(y)"],"other":["za ",{"t":"idOrVar","v":"value"}," godzin"],"two":["za ",{"t":"idOrVar","v":"value"}," godzin(y)"],"zero":"teraz","one":"za godzinę"},"$x":[{"t":"idOrVar","v":"plural"},"value"]},{"$i":"days-until-long","$v":{"few":["za ",{"t":"idOrVar","v":"value"}," dni"],"many":["za ",{"t":"idOrVar","v":"value"}," dni"],"one":"jutro","other":["za ",{"t":"idOrVar","v":"value"}," dni"],"two":["za ",{"t":"idOrVar","v":"value"}," dni"],"zero":"dzisiaj"},"$x":[{"t":"idOrVar","v":"plural"},"value"]},{"$i":"weeks-until-long","$v":{"few":["za ",{"t":"idOrVar","v":"value"}," tygodni(e)"],"many":["za ",{"t":"idOrVar","v":"value"}," tygodni(e)"],"one":"w następnym tygodniu","other":["za ",{"t":"idOrVar","v":"value"}," tygodni(e)"],"two":["za ",{"t":"idOrVar","v":"value"}," tygodni(e)"],"zero":"w tym tygodniu"},"$x":[{"t":"idOrVar","v":"plural"},"value"]},{"$i":"months-until-long","$v":{"few":["za ",{"t":"idOrVar","v":"value"}," miesiące/miesięcy"],"many":["za ",{"t":"idOrVar","v":"value"}," miesiące/miesięcy"],"one":"w następnym miesiącu","other":["za ",{"t":"idOrVar","v":"value"}," miesiące/miesięcy"],"two":["za ",{"t":"idOrVar","v":"value"}," miesiące/miesięcy"],"zero":"w tym miesiącu"},"$x":[{"t":"idOrVar","v":"plural"},"value"]},{"$i":"years-until-long","$v":{"few":["za ",{"t":"idOrVar","v":"value"}," lat(a)"],"many":["za ",{"t":"idOrVar","v":"value"}," lat(a)"],"one":"w następnym roku","other":["za ",{"t":"idOrVar","v":"value"}," lat(a)"],"two":["za ",{"t":"idOrVar","v":"value"}," lat(a)"],"zero":"w tym roku"},"$x":[{"t":"idOrVar","v":"plural"},"value"]},{"$i":"minutes-ago-short","$v":{"other":[{"t":"idOrVar","v":"value"}," m temu"],"zero":"Przed chwilą"},"$x":[{"t":"idOrVar","v":"plural"},"value"]},{"$i":"hours-ago-short","$v":{"other":[{"t":"idOrVar","v":"value"}," g temu"],"zero":"Przed chwilą"},"$x":[{"t":"idOrVar","v":"plural"},"value"]},{"$i":"days-ago-short","$v":{"other":[{"t":"idOrVar","v":"value"}," d temu"],"zero":"dzisiaj"},"$x":[{"t":"idOrVar","v":"plural"},"value"]},{"$i":"minutes-until-short","$v":{"other":["za ",{"t":"idOrVar","v":"value"}," m"],"zero":"teraz"},"$x":[{"t":"idOrVar","v":"plural"},"value"]},{"$i":"hours-until-short","$v":{"other":["za ",{"t":"idOrVar","v":"value"}," g"],"zero":"teraz"},"$x":[{"t":"idOrVar","v":"plural"},"value"]},{"$i":"days-until-short","$v":{"other":["za ",{"t":"idOrVar","v":"value"}," d"],"zero":"dzisiaj"},"$x":[{"t":"idOrVar","v":"plural"},"value"]},{"$i":"incorrectDate","$v":"(nieprawidłowa data)"},{"$i":"dateTimeFormat_%c","$v":"%a %b %e %Y %I:%M:%S %p"},{"$i":"dateTimeFormat_%x","$v":"%m/%d/%Y"},{"$i":"dateTimeFormat_%X","$v":"%I:%M:%S %p"},{"$i":"shortTimeFormat","$v":"%I:%M %p"},{"$i":"shortTimeFormat12","$v":"%I:%M %p"},{"$i":"shortTimeFormat24","$v":"%H:%M"},{"$i":"shortDateTimeFormat","$v":"%x %I:%M %p"},{"$i":"weekStartsOnMonday","$v":"0.0"},{"$i":"firstDayOfTheWeek","$v":"1.0"},{"$i":"time_am","$v":"AM"},{"$i":"time_pm","$v":"PM"}]