[{"$i":"filemanager","$v":"فایل منیجر"},{"$i":"internal","$v":"داخلي"},{"$i":"sdcard","$v":"‏SD کارډ"},{"$i":"no-files","$v":"فولډر خالی دي."},{"$i":"not-support-header","$v":"نه خلاصیږي."},{"$i":"not-support-content","$v":"دا فایل فارمیټ باوري او ملاتړی نه دی."},{"$i":"confirmation-header","$v":"تصدیق"},{"$i":"delete-file-content","$v":["فایل ",{"t":"idOrVar","v":"fileName"}," ډیلیټ کوئ؟"]},{"$i":"delete-folder-content","$v":["د انتخاب شوي فولډر ټول مواد به لرې کړی شي. فولډر ",{"t":"idOrVar","v":"fileName"}," لرې کوئ؟"]},{"$i":"copy-move-header","$v":"ټارګیټ فولډر انتخاب کړئ"},{"$i":"number-selected","$v":{"few":[{"t":"idOrVar","v":"number"}," انتخاب شو"],"many":[{"t":"idOrVar","v":"number"}," انتخاب شو"],"one":[{"t":"idOrVar","v":"number"}," انتخاب شو"],"other":[{"t":"idOrVar","v":"number"}," انتخاب شو"],"two":[{"t":"idOrVar","v":"number"}," انتخاب شو"],"zero":[{"t":"idOrVar","v":"number"}," انتخاب شو"]},"$x":[{"t":"idOrVar","v":"plural"},"number"]},{"$i":"delete-all-folder","$v":"د انتخاب شوي فولډر ټول مواد به لرې کړی شي. انتخاب شوي مواد لرې کوئ؟"},{"$i":"delete-all-file","$v":"انتخاب شوی توکې لری کړئ؟"},{"$i":"search-in","$v":"لټوی..."},{"$i":"search-current","$v":"یوازې اوسنی فولډر"},{"$i":"search-internal","$v":"داخلي"},{"$i":"search-sdcard","$v":"‏SD کارډ"},{"$i":"search-header","$v":["لټون‏: ‏",{"t":"idOrVar","v":"keyword"}]},{"$i":"file-exist","$v":[{"t":"idOrVar","v":"fileName"}," د مخکې نه په دې موقعیت کې موجود دی. دواړه ساتل غواړئ؟"]},{"$i":"paste-error","$v":"فولډر ځان ته نه شي پیسټ کیدی."},{"$i":"move-error","$v":"فولډر خپل ځان ته نه شي انتقالیدی."},{"$i":"new-folder-error","$v":[{"t":"idOrVar","v":"folderName"},"نوم د مخکې نه اخیستل شوی دی. بل نوم انتخاب کړئ."]},{"$i":"searching","$v":"لټوی..."},{"$i":"loading","$v":"لوډ کیږي..."},{"$i":"search-empty","$v":"ونه موندل شو"},{"$i":"new-folder-invalid","$v":["نوم ",{"t":"idOrVar","v":"folderName"}," ناباوري دی. لطفاً بل نوم انتخاب کړئ."]},{"$i":"progress-head-copy","$v":"کاپي کیږي"},{"$i":"progress-content-copy","$v":"شیان کاپي کیږي"},{"$i":"progress-head-move","$v":"منتقل کیږي"},{"$i":"progress-content-move","$v":"شیان اړول کیږي"},{"$i":"unsupport-folder-name","$v":{"$o":"هغه نوم نه شئ انتخابولی چې نا ملاتړي کرکتورونه لري: \\/:*?&quot;&lt;&gt;|"}},{"$i":"unsupport-string","$v":{"$o":["د نا ملاتر لړونکي تورو سره یو فایل ته ",{"t":"idOrVar","v":"name"}," نشي ورکیدی: لکه \\/:*?\"<>|"]}},{"$i":"not-enough-space","$v":"Niedostatecznie dużo wolnego miejsca"},{"$i":"error-while-moving","$v":"Błąd w trakcie przenoszenia"},{"$i":"error-while-copying","$v":"Błąd w trakcie kopiowania"},{"$i":"rename-not-suffix","$v":"د فایل ترویج بدلون نه روستو فایل پرانستلو توان نه لريپه هرتوګه بدل کړئ؟"},{"$i":"open","$v":"خلاصول"},{"$i":"options","$v":"غوراوي"},{"$i":"ok","$v":"اوکی"},{"$i":"cancel","$v":"لغوه"},{"$i":"change","$v":"بدلول"},{"$i":"paste","$v":"پیسټ کړئ"},{"$i":"select","$v":"انتخاب"},{"$i":"deselect","$v":"انتخاب ‎نه‎ کول"},{"$i":"replace","$v":"عوض کړئ"},{"$i":"keep-both","$v":"دواړه وساتئ"},{"$i":"delete","$v":"لري ‎کړئ"},{"$i":"copy","$v":"کاپی"},{"$i":"move","$v":"منتقل"},{"$i":"rename","$v":"بیانومول"},{"$i":"select-items","$v":"توکی انتخاب کړئ"},{"$i":"new-folder","$v":"نوی فولډر"},{"$i":"search","$v":"لټون"},{"$i":"refresh","$v":"تازه ‎کول"},{"$i":"details","$v":"تفصیلات"},{"$i":"share","$v":"شریک‎ کړئ"},{"$i":"select-all","$v":"ټول انتخاب کړئ"},{"$i":"deselect-all","$v":"ټول انتخاب نه کول"},{"$i":"detail-header","$v":"تفصیلات"},{"$i":"detail-name","$v":"نوم"},{"$i":"detail-location","$v":"موقیعت"},{"$i":"detail-type","$v":"ډول"},{"$i":"detail-created","$v":"جوړ شو"},{"$i":"detail-size","$v":"اندازه"},{"$i":"folder","$v":"فولډرونه"},{"$i":"type-unknow","$v":"نامعلوم"},{"$i":"B","$v":"بي"},{"$i":"KB","$v":"‏KB"},{"$i":"MB","$v":"‏MB"},{"$i":"GB","$v":"‏GB"},{"$i":"item-deleted","$v":"توکي ړنګ شوی"},{"$i":"items-deleted","$v":"توکي ړنګ شوي."},{"$i":"item-copied","$v":"د توکو کاپی"},{"$i":"items-copied","$v":"توکي کاپي شوي."},{"$i":"item-moved","$v":"توکي لیږدول شوي."},{"$i":"items-moved","$v":"توکي لیږدول شوي."},{"$i":"file-renamed","$v":"دوتنه نومول شوی."},{"$i":"folder-renamed","$v":"پوښۍ نومول شوی."},{"$i":"folder-created","$v":"پوښۍ رامنځته شوه."},{"$i":"refresh-completed","$v":"تازه کیدل تکمیل شو"},{"$i":"itmes-not-copied","$v":["د ",{"t":"idOrVar","v":"num"}," توکي نقل کیدئ نه شي."]},{"$i":"itmes-not-moved","$v":["د ",{"t":"idOrVar","v":"num"}," توکي ته حرکت نه شی ورکیدلئ."]},{"$i":"weekday-0-long","$v":"یکشنبه"},{"$i":"weekday-1-long","$v":"دوشنبه"},{"$i":"weekday-2-long","$v":"سه شنبه"},{"$i":"weekday-3-long","$v":"چهارشنبه"},{"$i":"weekday-4-long","$v":"پنجشنبه"},{"$i":"weekday-5-long","$v":"جمعه"},{"$i":"weekday-6-long","$v":"شنبه"},{"$i":"weekday-0-short","$v":"لمر"},{"$i":"weekday-1-short","$v":"دو"},{"$i":"weekday-2-short","$v":"سه"},{"$i":"weekday-3-short","$v":"چهار"},{"$i":"weekday-4-short","$v":"پنج."},{"$i":"weekday-5-short","$v":"جمعه"},{"$i":"weekday-6-short","$v":"هفته"},{"$i":"month-0-long","$v":"جنوری"},{"$i":"month-1-long","$v":"فروری"},{"$i":"month-2-long","$v":"مارچ"},{"$i":"month-3-long","$v":"اپریل"},{"$i":"month-4-long","$v":"مئی"},{"$i":"month-5-long","$v":"جون"},{"$i":"month-6-long","$v":"جولائی"},{"$i":"month-7-long","$v":"اګست"},{"$i":"month-8-long","$v":"ستمبر"},{"$i":"month-9-long","$v":"اکتوبر"},{"$i":"month-10-long","$v":"نومبر"},{"$i":"month-11-long","$v":"دسمبر"},{"$i":"month-0-genitive","$v":"جنوری"},{"$i":"month-1-genitive","$v":"فروری"},{"$i":"month-2-genitive","$v":"مارچ"},{"$i":"month-3-genitive","$v":"اپریل"},{"$i":"month-4-genitive","$v":"مئی"},{"$i":"month-5-genitive","$v":"جون"},{"$i":"month-6-genitive","$v":"جولائی"},{"$i":"month-7-genitive","$v":"اګست"},{"$i":"month-8-genitive","$v":"ستمبر"},{"$i":"month-9-genitive","$v":"اکتوبر"},{"$i":"month-10-genitive","$v":"نومبر"},{"$i":"month-11-genitive","$v":"دسمبر"},{"$i":"month-0-short","$v":"جنوری"},{"$i":"month-1-short","$v":"فروری"},{"$i":"month-2-short","$v":"مارچ"},{"$i":"month-3-short","$v":"اپریل"},{"$i":"month-4-short","$v":"مئی"},{"$i":"month-5-short","$v":"جون"},{"$i":"month-6-short","$v":"جولائی"},{"$i":"month-7-short","$v":"اګست"},{"$i":"month-8-short","$v":"ستمبر"},{"$i":"month-9-short","$v":"اکتوبر"},{"$i":"month-10-short","$v":"نومبر"},{"$i":"month-11-short","$v":"دسمبر"},{"$i":"minutes-ago-long","$v":{"few":[{"t":"idOrVar","v":"value"}," دقی مخکې"],"many":[{"t":"idOrVar","v":"value"}," دقی مخکې"],"other":[{"t":"idOrVar","v":"value"}," دقی مخکې"],"two":[{"t":"idOrVar","v":"value"}," دقی مخکې"],"one":"یو دقیقه مخکې","zero":"همدا اوس"},"$x":[{"t":"idOrVar","v":"plural"},"value"]},{"$i":"hours-ago-long","$v":{"few":[{"t":"idOrVar","v":"value"}," ساعته مخکې"],"many":[{"t":"idOrVar","v":"value"}," ساعته مخکې"],"other":[{"t":"idOrVar","v":"value"}," ساعته مخکې"],"two":[{"t":"idOrVar","v":"value"}," ساعته مخکې"],"one":"یو ساعت وخت","zero":"همدا اوس"},"$x":[{"t":"idOrVar","v":"plural"},"value"]},{"$i":"days-ago-long","$v":{"few":[{"t":"idOrVar","v":"value"}," ورځي مخکې"],"many":[{"t":"idOrVar","v":"value"}," ورځي مخکې"],"one":"پرون","other":[{"t":"idOrVar","v":"value"}," ورځي مخکې"],"two":[{"t":"idOrVar","v":"value"}," ورځي مخکې"],"zero":"نن"},"$x":[{"t":"idOrVar","v":"plural"},"value"]},{"$i":"weeks-ago-long","$v":{"few":[{"t":"idOrVar","v":"value"}," اوونئ مخکې"],"many":[{"t":"idOrVar","v":"value"}," اوونئ مخکې"],"one":"تیره اوونۍ","other":[{"t":"idOrVar","v":"value"}," اوونئ مخکې"],"two":[{"t":"idOrVar","v":"value"}," اوونئ مخکې"],"zero":"دا اونۍ"},"$x":[{"t":"idOrVar","v":"plural"},"value"]},{"$i":"months-ago-long","$v":{"few":[{"t":"idOrVar","v":"value"}," میاشتي مخکې"],"many":[{"t":"idOrVar","v":"value"}," میاشتي مخکې"],"one":"تیره میاشت","other":[{"t":"idOrVar","v":"value"}," میاشتي مخکې"],"two":[{"t":"idOrVar","v":"value"}," میاشتي مخکې"],"zero":"دا میاشت"},"$x":[{"t":"idOrVar","v":"plural"},"value"]},{"$i":"years-ago-long","$v":{"few":[{"t":"idOrVar","v":"value"}," کاله مخکې"],"many":[{"t":"idOrVar","v":"value"}," کاله مخکې"],"one":"تیر کال","other":[{"t":"idOrVar","v":"value"}," کاله مخکې"],"two":[{"t":"idOrVar","v":"value"}," کاله مخکې"],"zero":"دا کال"},"$x":[{"t":"idOrVar","v":"plural"},"value"]},{"$i":"minutes-until-long","$v":{"few":["په ",{"t":"idOrVar","v":"value"}," دقیقو"],"many":["په ",{"t":"idOrVar","v":"value"}," دقیقو"],"other":["په ",{"t":"idOrVar","v":"value"}," دقیقو"],"two":["په ",{"t":"idOrVar","v":"value"}," دقیقو"],"zero":"اوس","one":"په 1 دقیقه کې"},"$x":[{"t":"idOrVar","v":"plural"},"value"]},{"$i":"hours-until-long","$v":{"few":["په ",{"t":"idOrVar","v":"value"}," ساعتونو"],"many":["په ",{"t":"idOrVar","v":"value"}," ساعتونو"],"other":["په ",{"t":"idOrVar","v":"value"}," ساعتونو"],"two":["په ",{"t":"idOrVar","v":"value"}," ساعتونو"],"zero":"اوس","one":"په 1 ساعت کې"},"$x":[{"t":"idOrVar","v":"plural"},"value"]},{"$i":"days-until-long","$v":{"few":["په ",{"t":"idOrVar","v":"value"}," ورځو"],"many":["په ",{"t":"idOrVar","v":"value"}," ورځو"],"one":"سبا","other":["په ",{"t":"idOrVar","v":"value"}," ورځو"],"two":["په ",{"t":"idOrVar","v":"value"}," ورځو"],"zero":"نن"},"$x":[{"t":"idOrVar","v":"plural"},"value"]},{"$i":"weeks-until-long","$v":{"few":["په ",{"t":"idOrVar","v":"value"}," اوونیو"],"many":["په ",{"t":"idOrVar","v":"value"}," اوونیو"],"one":"راتلونکې اوونۍ","other":["په ",{"t":"idOrVar","v":"value"}," اوونیو"],"two":["په ",{"t":"idOrVar","v":"value"}," اوونیو"],"zero":"دا اونۍ"},"$x":[{"t":"idOrVar","v":"plural"},"value"]},{"$i":"months-until-long","$v":{"few":["په ",{"t":"idOrVar","v":"value"}," میاشتو"],"many":["په ",{"t":"idOrVar","v":"value"}," میاشتو"],"one":"راتلونکې میاشت","other":["په ",{"t":"idOrVar","v":"value"}," میاشتو"],"two":["په ",{"t":"idOrVar","v":"value"}," میاشتو"],"zero":"دا میاشت"},"$x":[{"t":"idOrVar","v":"plural"},"value"]},{"$i":"years-until-long","$v":{"few":["په ",{"t":"idOrVar","v":"value"}," کلونو"],"many":["په ",{"t":"idOrVar","v":"value"}," کلونو"],"one":"راتلونکی کال","other":["په ",{"t":"idOrVar","v":"value"}," کلونو"],"two":["په ",{"t":"idOrVar","v":"value"}," کلونو"],"zero":"دا کال"},"$x":[{"t":"idOrVar","v":"plural"},"value"]},{"$i":"minutes-ago-short","$v":{"other":[{"t":"idOrVar","v":"value"},"دقه مخکې"],"zero":"همدا اوس"},"$x":[{"t":"idOrVar","v":"plural"},"value"]},{"$i":"hours-ago-short","$v":{"other":[{"t":"idOrVar","v":"value"},"ساعت مخکې"],"zero":"همدا اوس"},"$x":[{"t":"idOrVar","v":"plural"},"value"]},{"$i":"days-ago-short","$v":{"other":[{"t":"idOrVar","v":"value"},"ورځ مخکې"],"zero":"نن"},"$x":[{"t":"idOrVar","v":"plural"},"value"]},{"$i":"minutes-until-short","$v":{"other":["په ",{"t":"idOrVar","v":"value"}," دقیقو"],"zero":"اوس"},"$x":[{"t":"idOrVar","v":"plural"},"value"]},{"$i":"hours-until-short","$v":{"other":["په ",{"t":"idOrVar","v":"value"}," ساعتونو"],"zero":"اوس"},"$x":[{"t":"idOrVar","v":"plural"},"value"]},{"$i":"days-until-short","$v":{"other":["په ",{"t":"idOrVar","v":"value"}," ورځو"],"zero":"نن"},"$x":[{"t":"idOrVar","v":"plural"},"value"]},{"$i":"incorrectDate","$v":"(غلطه نیټه)"},{"$i":"dateTimeFormat_%c","$v":"%a %b %e %Y %I:%M:%S %p"},{"$i":"dateTimeFormat_%x","$v":"%m/%d/%Y"},{"$i":"dateTimeFormat_%X","$v":"%I:%M:%S %p"},{"$i":"shortTimeFormat","$v":"%I:%M %p"},{"$i":"shortTimeFormat12","$v":"%I:%M %p"},{"$i":"shortTimeFormat24","$v":"%H:%M"},{"$i":"shortDateTimeFormat","$v":"%x %I:%M %p"},{"$i":"weekStartsOnMonday","$v":"0.0"},{"$i":"firstDayOfTheWeek","$v":"0.0"},{"$i":"time_am","$v":"سهار"},{"$i":"time_pm","$v":"ماښام"}]