[{"$i":"filemanager","$v":"Gerenciador de arquivos"},{"$i":"internal","$v":"Interno"},{"$i":"sdcard","$v":"Cartão SD"},{"$i":"no-files","$v":"Esta pasta está vazia."},{"$i":"not-support-header","$v":"Impossível abrir"},{"$i":"not-support-content","$v":"Este formato de arquivo é inválido ou não é compatível"},{"$i":"confirmation-header","$v":"Confirmação"},{"$i":"delete-file-content","$v":["Excluir o arquivo ",{"t":"idOrVar","v":"fileName"},"?"]},{"$i":"delete-folder-content","$v":["Todos os itens na pasta selecionada serão excluídos. Excluir a pasta ",{"t":"idOrVar","v":"fileName"},"?"]},{"$i":"copy-move-header","$v":"Selecionar pasta de destino"},{"$i":"number-selected","$v":{"few":[{"t":"idOrVar","v":"number"}," Selecionado"],"many":[{"t":"idOrVar","v":"number"}," Selecionado"],"one":[{"t":"idOrVar","v":"number"}," Selecionado"],"other":[{"t":"idOrVar","v":"number"}," Selecionado"],"two":[{"t":"idOrVar","v":"number"}," Selecionado"],"zero":[{"t":"idOrVar","v":"number"}," Selecionado"]},"$x":[{"t":"idOrVar","v":"plural"},"number"]},{"$i":"delete-all-folder","$v":"Todos os itens na pasta selecionada serão excluídos. Excluir os itens selecionados?"},{"$i":"delete-all-file","$v":"Excluir os arquivos selecionados?"},{"$i":"search-in","$v":"Pesquisando em"},{"$i":"search-current","$v":"Somente a pasta atual"},{"$i":"search-internal","$v":"Interno"},{"$i":"search-sdcard","$v":"Cartão SD"},{"$i":"search-header","$v":["Pesquisar: ",{"t":"idOrVar","v":"keyword"}]},{"$i":"file-exist","$v":[{"t":"idOrVar","v":"fileName"}," já existe neste local. Manter ambos os itens?"]},{"$i":"paste-error","$v":"Não é possível colar uma pasta nela mesma."},{"$i":"move-error","$v":"Não é possível mover uma pasta para ela mesma."},{"$i":"new-folder-error","$v":["O nome ",{"t":"idOrVar","v":"folderName"}," já está sendo usado. Escolha outro nome."]},{"$i":"searching","$v":"Pesquisando..."},{"$i":"loading","$v":"Carregando..."},{"$i":"search-empty","$v":"Não encontrado"},{"$i":"new-folder-invalid","$v":["O nome ",{"t":"idOrVar","v":"folderName"}," é inválido. Escolha outro nome."]},{"$i":"progress-head-copy","$v":"Copiando"},{"$i":"progress-content-copy","$v":"Copiando item"},{"$i":"progress-head-move","$v":"Movendo"},{"$i":"progress-content-move","$v":"Movendo item"},{"$i":"unsupport-folder-name","$v":{"$o":"Não é possível usar um nome que contém caracteres incompatíveis: \\/:*?\"<>|"}},{"$i":"unsupport-string","$v":{"$o":["Não é possível ",{"t":"idOrVar","v":"name"}," um arquivo com nome contendo caracteres não suportados: \\/:*?\"<>|"]}},{"$i":"not-enough-space","$v":"Não há espaço suficiente"},{"$i":"error-while-moving","$v":"Erro ao mover"},{"$i":"error-while-copying","$v":"Erro ao copiar"},{"$i":"rename-not-suffix","$v":"Arquivo pode não abrir após alterar sua extensão. Alterar mesmo assim?"},{"$i":"open","$v":"Abrir"},{"$i":"options","$v":"Opções"},{"$i":"ok","$v":"OK"},{"$i":"cancel","$v":"Cancelar"},{"$i":"change","$v":"Alterar"},{"$i":"paste","$v":"Colar"},{"$i":"select","$v":"Selecionar"},{"$i":"deselect","$v":"Desmarcar"},{"$i":"replace","$v":"Substituir"},{"$i":"keep-both","$v":"Manter ambos"},{"$i":"delete","$v":"Excluir"},{"$i":"copy","$v":"Copiar"},{"$i":"move","$v":"Mover"},{"$i":"rename","$v":"Renomear"},{"$i":"select-items","$v":"Selecionar itens"},{"$i":"new-folder","$v":"Nova pasta"},{"$i":"search","$v":"Pesquisar"},{"$i":"refresh","$v":"Atualizar"},{"$i":"details","$v":"Detalhes"},{"$i":"share","$v":"Compartilhar"},{"$i":"select-all","$v":"Selecionar tudo"},{"$i":"deselect-all","$v":"Desmarcar tudo"},{"$i":"detail-header","$v":"Detalhes"},{"$i":"detail-name","$v":"Nome"},{"$i":"detail-location","$v":"Localização"},{"$i":"detail-type","$v":"Tipo"},{"$i":"detail-created","$v":"Criado"},{"$i":"detail-size","$v":"Tamanho"},{"$i":"folder","$v":"pasta"},{"$i":"type-unknow","$v":"desconhecido"},{"$i":"B","$v":"B"},{"$i":"KB","$v":"KB"},{"$i":"MB","$v":"MB"},{"$i":"GB","$v":"GB"},{"$i":"item-deleted","$v":"Item excluído."},{"$i":"items-deleted","$v":"Itens excluídos."},{"$i":"item-copied","$v":"Item copiado."},{"$i":"items-copied","$v":"Itens copiados."},{"$i":"item-moved","$v":"Item movido."},{"$i":"items-moved","$v":"Itens movidos."},{"$i":"file-renamed","$v":"Arquivo renomeado."},{"$i":"folder-renamed","$v":"Pasta renomeada."},{"$i":"folder-created","$v":"Pasta criada."},{"$i":"refresh-completed","$v":"Atualização concluída."},{"$i":"itmes-not-copied","$v":[{"t":"idOrVar","v":"num"}," itens não foram copiados."]},{"$i":"itmes-not-moved","$v":[{"t":"idOrVar","v":"num"}," itens não foram movidos."]},{"$i":"weekday-0-long","$v":"Domingo"},{"$i":"weekday-1-long","$v":"Segunda-feira"},{"$i":"weekday-2-long","$v":"Terça-feira"},{"$i":"weekday-3-long","$v":"Quarta-feira"},{"$i":"weekday-4-long","$v":"Quinta-feira"},{"$i":"weekday-5-long","$v":"Sexta-feira"},{"$i":"weekday-6-long","$v":"Sábado"},{"$i":"weekday-0-short","$v":"Dom"},{"$i":"weekday-1-short","$v":"Seg"},{"$i":"weekday-2-short","$v":"Ter"},{"$i":"weekday-3-short","$v":"Qua"},{"$i":"weekday-4-short","$v":"Qui"},{"$i":"weekday-5-short","$v":"Sex"},{"$i":"weekday-6-short","$v":"Sáb"},{"$i":"month-0-long","$v":"Janeiro"},{"$i":"month-1-long","$v":"Fevereiro"},{"$i":"month-2-long","$v":"Março"},{"$i":"month-3-long","$v":"Abril"},{"$i":"month-4-long","$v":"Mai"},{"$i":"month-5-long","$v":"Junho"},{"$i":"month-6-long","$v":"Julho"},{"$i":"month-7-long","$v":"Agosto"},{"$i":"month-8-long","$v":"Setembro"},{"$i":"month-9-long","$v":"Outubro"},{"$i":"month-10-long","$v":"Novembro"},{"$i":"month-11-long","$v":"Dezembro"},{"$i":"month-0-genitive","$v":"Janeiro"},{"$i":"month-1-genitive","$v":"Fevereiro"},{"$i":"month-2-genitive","$v":"Março"},{"$i":"month-3-genitive","$v":"Abril"},{"$i":"month-4-genitive","$v":"Mai"},{"$i":"month-5-genitive","$v":"Junho"},{"$i":"month-6-genitive","$v":"Julho"},{"$i":"month-7-genitive","$v":"Agosto"},{"$i":"month-8-genitive","$v":"Setembro"},{"$i":"month-9-genitive","$v":"Outubro"},{"$i":"month-10-genitive","$v":"Novembro"},{"$i":"month-11-genitive","$v":"Dezembro"},{"$i":"month-0-short","$v":"Jan"},{"$i":"month-1-short","$v":"Fev"},{"$i":"month-2-short","$v":"Mar"},{"$i":"month-3-short","$v":"Abr"},{"$i":"month-4-short","$v":"Mai"},{"$i":"month-5-short","$v":"Jun"},{"$i":"month-6-short","$v":"Jul"},{"$i":"month-7-short","$v":"Ago"},{"$i":"month-8-short","$v":"Set"},{"$i":"month-9-short","$v":"Out"},{"$i":"month-10-short","$v":"Nov"},{"$i":"month-11-short","$v":"Dez"},{"$i":"minutes-ago-long","$v":{"few":[{"t":"idOrVar","v":"value"}," minutos atrás"],"many":[{"t":"idOrVar","v":"value"}," minutos atrás"],"other":[{"t":"idOrVar","v":"value"}," minutos atrás"],"two":[{"t":"idOrVar","v":"value"}," minutos atrás"],"one":"um minuto atrás","zero":"Agora mesmo"},"$x":[{"t":"idOrVar","v":"plural"},"value"]},{"$i":"hours-ago-long","$v":{"few":["horas ",{"t":"idOrVar","v":"value"}," atrás"],"many":["horas ",{"t":"idOrVar","v":"value"}," atrás"],"other":["horas ",{"t":"idOrVar","v":"value"}," atrás"],"two":["horas ",{"t":"idOrVar","v":"value"}," atrás"],"one":"uma hora atrás","zero":"Agora mesmo"},"$x":[{"t":"idOrVar","v":"plural"},"value"]},{"$i":"days-ago-long","$v":{"few":[{"t":"idOrVar","v":"value"}," dias antes"],"many":[{"t":"idOrVar","v":"value"}," dias antes"],"one":"ontem","other":[{"t":"idOrVar","v":"value"}," dias antes"],"two":[{"t":"idOrVar","v":"value"}," dias antes"],"zero":"hoje"},"$x":[{"t":"idOrVar","v":"plural"},"value"]},{"$i":"weeks-ago-long","$v":{"few":[{"t":"idOrVar","v":"value"}," semanas antes"],"many":[{"t":"idOrVar","v":"value"}," semanas antes"],"one":"semana passada","other":[{"t":"idOrVar","v":"value"}," semanas antes"],"two":[{"t":"idOrVar","v":"value"}," semanas antes"],"zero":"esta semana"},"$x":[{"t":"idOrVar","v":"plural"},"value"]},{"$i":"months-ago-long","$v":{"few":[{"t":"idOrVar","v":"value"}," meses antes"],"many":[{"t":"idOrVar","v":"value"}," meses antes"],"one":"no mês passado","other":[{"t":"idOrVar","v":"value"}," meses antes"],"two":[{"t":"idOrVar","v":"value"}," meses antes"],"zero":"este mês"},"$x":[{"t":"idOrVar","v":"plural"},"value"]},{"$i":"years-ago-long","$v":{"few":[{"t":"idOrVar","v":"value"}," anos antes"],"many":[{"t":"idOrVar","v":"value"}," anos antes"],"one":"ano passado","other":[{"t":"idOrVar","v":"value"}," anos antes"],"two":[{"t":"idOrVar","v":"value"}," anos antes"],"zero":"este ano"},"$x":[{"t":"idOrVar","v":"plural"},"value"]},{"$i":"minutes-until-long","$v":{"few":["em ",{"t":"idOrVar","v":"value"}," minutos"],"many":["em ",{"t":"idOrVar","v":"value"}," minutos"],"other":["em ",{"t":"idOrVar","v":"value"}," minutos"],"two":["em ",{"t":"idOrVar","v":"value"}," minutos"],"zero":"agora","one":"em um minuto"},"$x":[{"t":"idOrVar","v":"plural"},"value"]},{"$i":"hours-until-long","$v":{"few":["em ",{"t":"idOrVar","v":"value"}," horas"],"many":["em ",{"t":"idOrVar","v":"value"}," horas"],"other":["em ",{"t":"idOrVar","v":"value"}," horas"],"two":["em ",{"t":"idOrVar","v":"value"}," horas"],"zero":"agora","one":"em uma hora"},"$x":[{"t":"idOrVar","v":"plural"},"value"]},{"$i":"days-until-long","$v":{"few":["em ",{"t":"idOrVar","v":"value"}," dias"],"many":["em ",{"t":"idOrVar","v":"value"}," dias"],"one":"amanhã","other":["em ",{"t":"idOrVar","v":"value"}," dias"],"two":["em ",{"t":"idOrVar","v":"value"}," dias"],"zero":"hoje"},"$x":[{"t":"idOrVar","v":"plural"},"value"]},{"$i":"weeks-until-long","$v":{"few":["em ",{"t":"idOrVar","v":"value"}," semanas"],"many":["em ",{"t":"idOrVar","v":"value"}," semanas"],"one":"próxima semana","other":["em ",{"t":"idOrVar","v":"value"}," semanas"],"two":["em ",{"t":"idOrVar","v":"value"}," semanas"],"zero":"esta semana"},"$x":[{"t":"idOrVar","v":"plural"},"value"]},{"$i":"months-until-long","$v":{"few":["em ",{"t":"idOrVar","v":"value"}," meses"],"many":["em ",{"t":"idOrVar","v":"value"}," meses"],"one":"próximo mês","other":["em ",{"t":"idOrVar","v":"value"}," meses"],"two":["em ",{"t":"idOrVar","v":"value"}," meses"],"zero":"este mês"},"$x":[{"t":"idOrVar","v":"plural"},"value"]},{"$i":"years-until-long","$v":{"few":["em ",{"t":"idOrVar","v":"value"}," anos"],"many":["em ",{"t":"idOrVar","v":"value"}," anos"],"one":"próximo ano","other":["em ",{"t":"idOrVar","v":"value"}," anos"],"two":["em ",{"t":"idOrVar","v":"value"}," anos"],"zero":"este ano"},"$x":[{"t":"idOrVar","v":"plural"},"value"]},{"$i":"minutes-ago-short","$v":{"other":[{"t":"idOrVar","v":"value"},"m atrás"],"zero":"Agora mesmo"},"$x":[{"t":"idOrVar","v":"plural"},"value"]},{"$i":"hours-ago-short","$v":{"other":[{"t":"idOrVar","v":"value"},"h atrás"],"zero":"Agora mesmo"},"$x":[{"t":"idOrVar","v":"plural"},"value"]},{"$i":"days-ago-short","$v":{"other":[{"t":"idOrVar","v":"value"},"d antes"],"zero":"hoje"},"$x":[{"t":"idOrVar","v":"plural"},"value"]},{"$i":"minutes-until-short","$v":{"other":["em ",{"t":"idOrVar","v":"value"},"m"],"zero":"agora"},"$x":[{"t":"idOrVar","v":"plural"},"value"]},{"$i":"hours-until-short","$v":{"other":["em ",{"t":"idOrVar","v":"value"},"h"],"zero":"agora"},"$x":[{"t":"idOrVar","v":"plural"},"value"]},{"$i":"days-until-short","$v":{"other":["em ",{"t":"idOrVar","v":"value"},"d"],"zero":"hoje"},"$x":[{"t":"idOrVar","v":"plural"},"value"]},{"$i":"incorrectDate","$v":"(data incorreta)"},{"$i":"dateTimeFormat_%c","$v":"%a %b %e %Y %I:%M:%S %p"},{"$i":"dateTimeFormat_%x","$v":"%d/%m/%Y"},{"$i":"dateTimeFormat_%X","$v":"%I:%M:%S %p"},{"$i":"shortTimeFormat","$v":"%I:%M %p"},{"$i":"shortTimeFormat12","$v":"%I:%M %p"},{"$i":"shortTimeFormat24","$v":"%H:%M"},{"$i":"shortDateTimeFormat","$v":"%x %I:%M %p"},{"$i":"weekStartsOnMonday","$v":"0.0"},{"$i":"firstDayOfTheWeek","$v":"0.0"},{"$i":"time_am","$v":"AM"},{"$i":"time_pm","$v":"PM"}]