[{"$i":"filemanager","$v":"Manager fișiere"},{"$i":"internal","$v":"Intern"},{"$i":"sdcard","$v":"Cartelă SD"},{"$i":"no-files","$v":"Acest dosar este gol."},{"$i":"not-support-header","$v":"Nu se poate deschide"},{"$i":"not-support-content","$v":"Formatul fișierului este incorect sau nu este acceptat."},{"$i":"confirmation-header","$v":"Confirmare"},{"$i":"delete-file-content","$v":["Ștergeți fișierul ",{"t":"idOrVar","v":"fileName"},"?"]},{"$i":"delete-folder-content","$v":["Toate elementele din dosarul selectat vor fi șterse. Ștergeți dosarul ",{"t":"idOrVar","v":"fileName"},"?"]},{"$i":"copy-move-header","$v":"Selectare dosar țintă"},{"$i":"number-selected","$v":{"few":[{"t":"idOrVar","v":"number"}," selectate"],"many":[{"t":"idOrVar","v":"number"}," selectate"],"one":[{"t":"idOrVar","v":"number"}," selectat"],"other":[{"t":"idOrVar","v":"number"}," selectate"],"two":[{"t":"idOrVar","v":"number"}," selectate"],"zero":[{"t":"idOrVar","v":"number"}," selectate"]},"$x":[{"t":"idOrVar","v":"plural"},"number"]},{"$i":"delete-all-folder","$v":"Toate elementele din dosarul selectat vor fi șterse. Ștergeți elementele selectate?"},{"$i":"delete-all-file","$v":"Ștergeți fișierele selectate?"},{"$i":"search-in","$v":"Se caută în"},{"$i":"search-current","$v":"Doar dosarul curent"},{"$i":"search-internal","$v":"Intern"},{"$i":"search-sdcard","$v":"Cartelă SD"},{"$i":"search-header","$v":["Căutați: ",{"t":"idOrVar","v":"keyword"}]},{"$i":"file-exist","$v":[{"t":"idOrVar","v":"fileName"}," există deja în această locație. Păstrați ambele elemente?"]},{"$i":"paste-error","$v":"Nu puteți insera un dosar în el însuși."},{"$i":"move-error","$v":"Nu puteți muta un dosar în el însuși."},{"$i":"new-folder-error","$v":["Numele ",{"t":"idOrVar","v":"folderName"}," este utilizat deja. Selectați un alt nume."]},{"$i":"searching","$v":"Se caută..."},{"$i":"loading","$v":"Se încarcă…"},{"$i":"search-empty","$v":"Element negăsit"},{"$i":"new-folder-invalid","$v":["Numele ",{"t":"idOrVar","v":"folderName"}," este nevalid. Alegeți un alt nume."]},{"$i":"progress-head-copy","$v":"Se copiază"},{"$i":"progress-content-copy","$v":"Se copiază elementul"},{"$i":"progress-head-move","$v":"Se mută"},{"$i":"progress-content-move","$v":"Se mută elementul"},{"$i":"unsupport-folder-name","$v":{"$o":"Nu se poate utiliza un nume care conține caractere neacceptate: \\/:*?\"<>|"}},{"$i":"unsupport-string","$v":{"$o":["Fișierul ",{"t":"idOrVar","v":"name"}," nu poate fi denumit cu caracterele neacceptate: \\/:*?\"<>|"]}},{"$i":"not-enough-space","$v":"Nu există spațiu suficient"},{"$i":"error-while-moving","$v":"A apărut o eroare în timpul mutării"},{"$i":"error-while-copying","$v":"A apărut o eroare în timpul copierii"},{"$i":"rename-not-suffix","$v":"Este posibil ca fișierul să nu se poată deschide după modificarea extensiei. O modificați și în acest caz?"},{"$i":"open","$v":"Deschidere"},{"$i":"options","$v":"Opțiuni"},{"$i":"ok","$v":"OK"},{"$i":"cancel","$v":"Anulare"},{"$i":"change","$v":"Modificare"},{"$i":"paste","$v":"Inserare"},{"$i":"select","$v":"Selectare"},{"$i":"deselect","$v":"Deselectare"},{"$i":"replace","$v":"Înlocuire"},{"$i":"keep-both","$v":"Păstrați ambele elemente"},{"$i":"delete","$v":"Ștergere"},{"$i":"copy","$v":"Copiere"},{"$i":"move","$v":"Mutare"},{"$i":"rename","$v":"Redenumire"},{"$i":"select-items","$v":"Selectare elemente"},{"$i":"new-folder","$v":"Dosar nou"},{"$i":"search","$v":"Căutare"},{"$i":"refresh","$v":"Reîmprospătare"},{"$i":"details","$v":"Detalii"},{"$i":"share","$v":"Partajare"},{"$i":"select-all","$v":"Selectare tot"},{"$i":"deselect-all","$v":"Deselectare tot"},{"$i":"detail-header","$v":"Detalii"},{"$i":"detail-name","$v":"Nume"},{"$i":"detail-location","$v":"Loc"},{"$i":"detail-type","$v":"Tip"},{"$i":"detail-created","$v":"Creat"},{"$i":"detail-size","$v":"Dimensiune"},{"$i":"folder","$v":"dosar"},{"$i":"type-unknow","$v":"necunoscut"},{"$i":"B","$v":"B"},{"$i":"KB","$v":"KB"},{"$i":"MB","$v":"MB"},{"$i":"GB","$v":"GB"},{"$i":"item-deleted","$v":"Element șters."},{"$i":"items-deleted","$v":"Elemente șterse."},{"$i":"item-copied","$v":"Element copiat."},{"$i":"items-copied","$v":"Elemente copiate."},{"$i":"item-moved","$v":"Element mutat."},{"$i":"items-moved","$v":"Elemente mutate."},{"$i":"file-renamed","$v":"Fișier redenumit."},{"$i":"folder-renamed","$v":"Dosar redenumit."},{"$i":"folder-created","$v":"Dosar creat."},{"$i":"refresh-completed","$v":"Reîmprospătare finalizată."},{"$i":"itmes-not-copied","$v":[{"t":"idOrVar","v":"num"}," elemente nu au fost copiate."]},{"$i":"itmes-not-moved","$v":[{"t":"idOrVar","v":"num"}," elemente nu au fost mutate."]},{"$i":"weekday-0-long","$v":"Duminică"},{"$i":"weekday-1-long","$v":"Luni"},{"$i":"weekday-2-long","$v":"Marți"},{"$i":"weekday-3-long","$v":"Miercuri"},{"$i":"weekday-4-long","$v":"Joi"},{"$i":"weekday-5-long","$v":"Vineri"},{"$i":"weekday-6-long","$v":"Sâmbătă"},{"$i":"weekday-0-short","$v":"Dum"},{"$i":"weekday-1-short","$v":"Lun"},{"$i":"weekday-2-short","$v":"Mar"},{"$i":"weekday-3-short","$v":"Mie"},{"$i":"weekday-4-short","$v":"Joi"},{"$i":"weekday-5-short","$v":"Vin"},{"$i":"weekday-6-short","$v":"Sâm"},{"$i":"month-0-long","$v":"Ianuarie"},{"$i":"month-1-long","$v":"Februarie"},{"$i":"month-2-long","$v":"Martie"},{"$i":"month-3-long","$v":"Aprilie"},{"$i":"month-4-long","$v":"Mai"},{"$i":"month-5-long","$v":"Iunie"},{"$i":"month-6-long","$v":"Iulie"},{"$i":"month-7-long","$v":"August"},{"$i":"month-8-long","$v":"Septembrie"},{"$i":"month-9-long","$v":"Octombrie"},{"$i":"month-10-long","$v":"Noiembrie"},{"$i":"month-11-long","$v":"Decembrie"},{"$i":"month-0-genitive","$v":"Ianuarie"},{"$i":"month-1-genitive","$v":"Februarie"},{"$i":"month-2-genitive","$v":"Martie"},{"$i":"month-3-genitive","$v":"Aprilie"},{"$i":"month-4-genitive","$v":"Mai"},{"$i":"month-5-genitive","$v":"Iunie"},{"$i":"month-6-genitive","$v":"Iulie"},{"$i":"month-7-genitive","$v":"August"},{"$i":"month-8-genitive","$v":"Septembrie"},{"$i":"month-9-genitive","$v":"Octombrie"},{"$i":"month-10-genitive","$v":"Noiembrie"},{"$i":"month-11-genitive","$v":"Decembrie"},{"$i":"month-0-short","$v":"Ian"},{"$i":"month-1-short","$v":"Feb"},{"$i":"month-2-short","$v":"Mar"},{"$i":"month-3-short","$v":"Apr"},{"$i":"month-4-short","$v":"Mai"},{"$i":"month-5-short","$v":"Iun"},{"$i":"month-6-short","$v":"Iul"},{"$i":"month-7-short","$v":"Aug"},{"$i":"month-8-short","$v":"Sep"},{"$i":"month-9-short","$v":"Oct"},{"$i":"month-10-short","$v":"Nov"},{"$i":"month-11-short","$v":"Dec"},{"$i":"minutes-ago-long","$v":{"few":["în urmă cu ",{"t":"idOrVar","v":"value"}," minute"],"many":["în urmă cu ",{"t":"idOrVar","v":"value"}," minute"],"other":["în urmă cu ",{"t":"idOrVar","v":"value"}," minute"],"two":["în urmă cu ",{"t":"idOrVar","v":"value"}," minute"],"one":"în urmă cu un minut","zero":"Chiar acum"},"$x":[{"t":"idOrVar","v":"plural"},"value"]},{"$i":"hours-ago-long","$v":{"few":["în urmă cu ",{"t":"idOrVar","v":"value"}," ore"],"many":["în urmă cu ",{"t":"idOrVar","v":"value"}," ore"],"other":["în urmă cu ",{"t":"idOrVar","v":"value"}," ore"],"two":["în urmă cu ",{"t":"idOrVar","v":"value"}," ore"],"one":"în urmă cu o oră","zero":"Chiar acum"},"$x":[{"t":"idOrVar","v":"plural"},"value"]},{"$i":"days-ago-long","$v":{"few":["În urmă cu ",{"t":"idOrVar","v":"value"}," zile"],"many":["În urmă cu ",{"t":"idOrVar","v":"value"}," zile"],"one":"ieri","other":["În urmă cu ",{"t":"idOrVar","v":"value"}," zile"],"two":["În urmă cu ",{"t":"idOrVar","v":"value"}," zile"],"zero":"astăzi"},"$x":[{"t":"idOrVar","v":"plural"},"value"]},{"$i":"weeks-ago-long","$v":{"few":["în urmă cu ",{"t":"idOrVar","v":"value"}," săptămâni"],"many":["în urmă cu ",{"t":"idOrVar","v":"value"}," săptămâni"],"one":"săptămâna trecută","other":["în urmă cu ",{"t":"idOrVar","v":"value"}," săptămâni"],"two":["în urmă cu ",{"t":"idOrVar","v":"value"}," săptămâni"],"zero":"săptămâna aceasta"},"$x":[{"t":"idOrVar","v":"plural"},"value"]},{"$i":"months-ago-long","$v":{"few":["în urmă cu ",{"t":"idOrVar","v":"value"}," luni"],"many":["în urmă cu ",{"t":"idOrVar","v":"value"}," luni"],"one":"luna trecută","other":["în urmă cu ",{"t":"idOrVar","v":"value"}," luni"],"two":["în urmă cu ",{"t":"idOrVar","v":"value"}," luni"],"zero":"această lună"},"$x":[{"t":"idOrVar","v":"plural"},"value"]},{"$i":"years-ago-long","$v":{"few":["în urmă cu ",{"t":"idOrVar","v":"value"}," ani"],"many":["în urmă cu ",{"t":"idOrVar","v":"value"}," ani"],"one":"anul trecut","other":["în urmă cu ",{"t":"idOrVar","v":"value"}," ani"],"two":["în urmă cu ",{"t":"idOrVar","v":"value"}," ani"],"zero":"anul acesta"},"$x":[{"t":"idOrVar","v":"plural"},"value"]},{"$i":"minutes-until-long","$v":{"few":["peste ",{"t":"idOrVar","v":"value"}," minute"],"many":["peste ",{"t":"idOrVar","v":"value"}," minute"],"other":["peste ",{"t":"idOrVar","v":"value"}," minute"],"two":["peste ",{"t":"idOrVar","v":"value"}," minute"],"zero":"acum","one":"peste un minut"},"$x":[{"t":"idOrVar","v":"plural"},"value"]},{"$i":"hours-until-long","$v":{"few":["peste ",{"t":"idOrVar","v":"value"}," ore"],"many":["peste ",{"t":"idOrVar","v":"value"}," ore"],"other":["peste ",{"t":"idOrVar","v":"value"}," ore"],"two":["peste ",{"t":"idOrVar","v":"value"}," ore"],"zero":"acum","one":"peste o oră"},"$x":[{"t":"idOrVar","v":"plural"},"value"]},{"$i":"days-until-long","$v":{"few":["peste ",{"t":"idOrVar","v":"value"}," zile"],"many":["peste ",{"t":"idOrVar","v":"value"}," zile"],"one":"mâine","other":["peste ",{"t":"idOrVar","v":"value"}," zile"],"two":["peste ",{"t":"idOrVar","v":"value"}," zile"],"zero":"astăzi"},"$x":[{"t":"idOrVar","v":"plural"},"value"]},{"$i":"weeks-until-long","$v":{"few":["peste ",{"t":"idOrVar","v":"value"}," săptămâni"],"many":["peste ",{"t":"idOrVar","v":"value"}," săptămâni"],"one":"săptămâna viitoare","other":["peste ",{"t":"idOrVar","v":"value"}," săptămâni"],"two":["peste ",{"t":"idOrVar","v":"value"}," săptămâni"],"zero":"săptămâna aceasta"},"$x":[{"t":"idOrVar","v":"plural"},"value"]},{"$i":"months-until-long","$v":{"few":["peste ",{"t":"idOrVar","v":"value"}," luni"],"many":["peste ",{"t":"idOrVar","v":"value"}," luni"],"one":"luna următoare","other":["peste ",{"t":"idOrVar","v":"value"}," luni"],"two":["peste ",{"t":"idOrVar","v":"value"}," luni"],"zero":"această lună"},"$x":[{"t":"idOrVar","v":"plural"},"value"]},{"$i":"years-until-long","$v":{"few":["peste ",{"t":"idOrVar","v":"value"}," ani"],"many":["peste ",{"t":"idOrVar","v":"value"}," ani"],"one":"anul viitor","other":["peste ",{"t":"idOrVar","v":"value"}," ani"],"two":["peste ",{"t":"idOrVar","v":"value"}," ani"],"zero":"anul acesta"},"$x":[{"t":"idOrVar","v":"plural"},"value"]},{"$i":"minutes-ago-short","$v":{"other":["în urmă cu ",{"t":"idOrVar","v":"value"}," m"],"zero":"Chiar acum"},"$x":[{"t":"idOrVar","v":"plural"},"value"]},{"$i":"hours-ago-short","$v":{"other":["în urmă cu ",{"t":"idOrVar","v":"value"}," h"],"zero":"Chiar acum"},"$x":[{"t":"idOrVar","v":"plural"},"value"]},{"$i":"days-ago-short","$v":{"other":["În urmă cu ",{"t":"idOrVar","v":"value"}," z"],"zero":"astăzi"},"$x":[{"t":"idOrVar","v":"plural"},"value"]},{"$i":"minutes-until-short","$v":{"other":["peste ",{"t":"idOrVar","v":"value"}," m"],"zero":"acum"},"$x":[{"t":"idOrVar","v":"plural"},"value"]},{"$i":"hours-until-short","$v":{"other":["peste ",{"t":"idOrVar","v":"value"}," h"],"zero":"acum"},"$x":[{"t":"idOrVar","v":"plural"},"value"]},{"$i":"days-until-short","$v":{"other":["peste ",{"t":"idOrVar","v":"value"}," z"],"zero":"astăzi"},"$x":[{"t":"idOrVar","v":"plural"},"value"]},{"$i":"incorrectDate","$v":"(dată incorectă)"},{"$i":"dateTimeFormat_%c","$v":"%a %b %e %Y %I:%M:%S %p"},{"$i":"dateTimeFormat_%x","$v":"%m/%d/%Y"},{"$i":"dateTimeFormat_%X","$v":"%I:%M:%S %p"},{"$i":"shortTimeFormat","$v":"%I:%M %p"},{"$i":"shortTimeFormat12","$v":"%I:%M %p"},{"$i":"shortTimeFormat24","$v":"%H:%M"},{"$i":"shortDateTimeFormat","$v":"%x %I:%M %p"},{"$i":"weekStartsOnMonday","$v":"0.0"},{"$i":"firstDayOfTheWeek","$v":"1.0"},{"$i":"time_am","$v":"AM"},{"$i":"time_pm","$v":"PM"}]