[{"$i":"filemanager","$v":"ගොනු කළමනාකරු"},{"$i":"internal","$v":"අභ්‍යන්තර"},{"$i":"sdcard","$v":"SD කාඩ්පත"},{"$i":"no-files","$v":"මෙම ෆෝල්ඩරය හිස්ය."},{"$i":"not-support-header","$v":"විවෘත කළ නොහැක"},{"$i":"not-support-content","$v":"මෙම ගොනු ආකෘතිය වලංගු නොවේ හෝ සහය නොදක්වයි."},{"$i":"confirmation-header","$v":"තහවුරු කිරීම"},{"$i":"delete-file-content","$v":[{"t":"idOrVar","v":"fileName"}," ගොනුව මකන්නද?"]},{"$i":"delete-folder-content","$v":["තෝරාගත් ෆෝල්ඩරයේ ඇති සියලු අයිතම මකනු ඇත. ",{"t":"idOrVar","v":"fileName"}," ෆෝල්ඩරය මකන්නද?"]},{"$i":"copy-move-header","$v":"ඉලක්ක ෆෝල්ඩරය තෝරන්න"},{"$i":"number-selected","$v":{"few":[{"t":"idOrVar","v":"number"}," තෝරා ගැණිනි"],"many":[{"t":"idOrVar","v":"number"}," තෝරා ගැණිනි"],"one":[{"t":"idOrVar","v":"number"}," තෝරා ගැණිනි"],"other":[{"t":"idOrVar","v":"number"}," තෝරා ගැණිනි"],"two":[{"t":"idOrVar","v":"number"}," තෝරා ගැණිනි"],"zero":[{"t":"idOrVar","v":"number"}," තෝරා ගැණිනි"]},"$x":[{"t":"idOrVar","v":"plural"},"number"]},{"$i":"delete-all-folder","$v":"තෝරාගත් ෆෝල්ඩරයේ ඇති සියලු අයිතම මකනු ඇත. තෝරාගත් අයිතමය මකන්නද?"},{"$i":"delete-all-file","$v":"තෝරාගත් අයිතමය මකන්නද?"},{"$i":"search-in","$v":"සොයන ස්ථානය"},{"$i":"search-current","$v":"වර්තමාන ෆෝල්ඩරය පමණි"},{"$i":"search-internal","$v":"අභ්‍යන්තර"},{"$i":"search-sdcard","$v":"SD කාඩ්පත"},{"$i":"search-header","$v":["සොයන්න: ",{"t":"idOrVar","v":"keyword"}]},{"$i":"file-exist","$v":[{"t":"idOrVar","v":"fileName"}," දැනටමත් මෙම ස්ථානයේ ඇත. අයිතම දෙකම තබාගන්නද?"]},{"$i":"paste-error","$v":"ෆෝල්ඩරයක් එය තුළටම ඇලවිය නොහැක."},{"$i":"move-error","$v":"ෆෝල්ඩරයක් එය තුළටම ගෙනයා නොහැක."},{"$i":"new-folder-error","$v":[{"t":"idOrVar","v":"folderName"}," නම දැනටමත් ගෙන ඇත. වෙනත් නමක් තෝරාගන්න."]},{"$i":"searching","$v":"සොයමින්..."},{"$i":"loading","$v":"ප්‍රවේශනය කරමින්..."},{"$i":"search-empty","$v":"සොයා නොගැනුනි"},{"$i":"new-folder-invalid","$v":[{"t":"idOrVar","v":"folderName"}," නම වලංගු නොවේ. කරුණාකර වෙනත් නමක් තෝරන්න."]},{"$i":"progress-head-copy","$v":"පිටපත් කිරීම"},{"$i":"progress-content-copy","$v":"අයිතමය පිටපත් කිරීම"},{"$i":"progress-head-move","$v":"විතැන් කිරීම"},{"$i":"progress-content-move","$v":"අයිතමය විතැන් කිරීම"},{"$i":"unsupport-folder-name","$v":{"$o":"සහය නොදක්වන අනුලකුණු සහිත නමක් භාවිතා කළ නොහැක: \\/:*?&quot;&lt;&gt;|"}},{"$i":"unsupport-string","$v":{"$o":[{"t":"idOrVar","v":"name"}," ගොනුවක් සහය නොදැක්වෙන අනුලකුණු සහිත නමක් සහිත විය නොහැක: \\/:*?\"<>|"]}},{"$i":"not-enough-space","$v":"ප්‍රමාණවත් ඉඩක් ලද නොහැක"},{"$i":"error-while-moving","$v":"ගෙනයාමේදී දෝෂයක් ඇතිවිය"},{"$i":"error-while-copying","$v":"පිටපත් කිරීමේදී දෝෂයක් ඇතිවිය"},{"$i":"rename-not-suffix","$v":"දිගුව වෙනස් කිරීමෙන් පසු ගොනුව විවෘත නොවීමට ඉඩ ඇත. කෙසේ වුවත් වෙනස් කරන්න ද?"},{"$i":"open","$v":"විවෘත කරන්න"},{"$i":"options","$v":"විකල්ප"},{"$i":"ok","$v":"හරි"},{"$i":"cancel","$v":"අවලංගු කරන්න"},{"$i":"change","$v":"වෙනස් කරන්න"},{"$i":"paste","$v":"අලවන්න"},{"$i":"select","$v":"තෝරන්න"},{"$i":"deselect","$v":"තේරීම ඉවත් කරන්න"},{"$i":"replace","$v":"ආදේශ කරන්න"},{"$i":"keep-both","$v":"දෙකම තබාගන්න"},{"$i":"delete","$v":"මකන්න"},{"$i":"copy","$v":"පිටපත් කරන්න"},{"$i":"move","$v":"විතැන් කරන්න"},{"$i":"rename","$v":"නැවත නම් කරන්න"},{"$i":"select-items","$v":"අයිතම තෝරන්න"},{"$i":"new-folder","$v":"නව ෆෝල්ඩරය"},{"$i":"search","$v":"සොයන්න"},{"$i":"refresh","$v":"නැවුම් කරන්න"},{"$i":"details","$v":"විස්තර"},{"$i":"share","$v":"හුවමාරු කරන්න"},{"$i":"select-all","$v":"සියල්ල තෝරන්න"},{"$i":"deselect-all","$v":"සියල්ල නොතෝරන්න"},{"$i":"detail-header","$v":"විස්තර"},{"$i":"detail-name","$v":"නම"},{"$i":"detail-location","$v":"ස්ථානය"},{"$i":"detail-type","$v":"වර්ගය"},{"$i":"detail-created","$v":"නිර්මාණය කළේ"},{"$i":"detail-size","$v":"ප්රමාණය"},{"$i":"folder","$v":"ෆෝල්ඩරය"},{"$i":"type-unknow","$v":"නොදන්නා"},{"$i":"B","$v":"B"},{"$i":"KB","$v":"KB"},{"$i":"MB","$v":"MB"},{"$i":"GB","$v":"ගිබ"},{"$i":"item-deleted","$v":"අයිතමය මකාදමා ඇත."},{"$i":"items-deleted","$v":"අයිතම මකාදමා ඇත."},{"$i":"item-copied","$v":"පිටපත් කෙරෙයි."},{"$i":"items-copied","$v":"අයිතම පිටපත් කර ඇත."},{"$i":"item-moved","$v":"අයිතමය චලනය."},{"$i":"items-moved","$v":"අයිතම ගෙන එයි."},{"$i":"file-renamed","$v":"ගොනුව නැවත නම් කරන ලදි."},{"$i":"folder-renamed","$v":"ෆෝල්ඩරය නැවත නම් කරන ලදි."},{"$i":"folder-created","$v":"බහාලුමක් සාදා ඇත."},{"$i":"refresh-completed","$v":"නැවුම් කිරීම සම්පූර්ණයි."},{"$i":"itmes-not-copied","$v":["අයිතම ",{"t":"idOrVar","v":"num"},"ක් පිටපත් නොකෙරිණි."]},{"$i":"itmes-not-moved","$v":["අයිතම ",{"t":"idOrVar","v":"num"},"ක් ගෙන යනු නොලැබිණි."]},{"$i":"weekday-0-long","$v":"ඉරිදා"},{"$i":"weekday-1-long","$v":"සඳුදා"},{"$i":"weekday-2-long","$v":"අඟහරුවාදා"},{"$i":"weekday-3-long","$v":"බදාදා"},{"$i":"weekday-4-long","$v":"බ්‍රහස්පතින්දා"},{"$i":"weekday-5-long","$v":"සිකුරාදා"},{"$i":"weekday-6-long","$v":"සෙනසුරාදා"},{"$i":"weekday-0-short","$v":"ඉරිදා"},{"$i":"weekday-1-short","$v":"සඳු"},{"$i":"weekday-2-short","$v":"අඟ"},{"$i":"weekday-3-short","$v":"බදා"},{"$i":"weekday-4-short","$v":"බ්‍රහස්"},{"$i":"weekday-5-short","$v":"සිකු"},{"$i":"weekday-6-short","$v":"සෙන"},{"$i":"month-0-long","$v":"ජනවාරි"},{"$i":"month-1-long","$v":"පෙබරවාරි"},{"$i":"month-2-long","$v":"මාර්තු"},{"$i":"month-3-long","$v":"අප්‍රේල්"},{"$i":"month-4-long","$v":"මැයි"},{"$i":"month-5-long","$v":"ජුනි"},{"$i":"month-6-long","$v":"ජූලි"},{"$i":"month-7-long","$v":"අගෝස්තු"},{"$i":"month-8-long","$v":"සැප්තැම්බර්"},{"$i":"month-9-long","$v":"ඔක්තෝබර්"},{"$i":"month-10-long","$v":"නොවැම්බර්"},{"$i":"month-11-long","$v":"දෙසැම්බර්"},{"$i":"month-0-genitive","$v":"ජනවාරි"},{"$i":"month-1-genitive","$v":"පෙබරවාරි"},{"$i":"month-2-genitive","$v":"මාර්තු"},{"$i":"month-3-genitive","$v":"අප්‍රේල්"},{"$i":"month-4-genitive","$v":"මැයි"},{"$i":"month-5-genitive","$v":"ජූනි"},{"$i":"month-6-genitive","$v":"ජුලි"},{"$i":"month-7-genitive","$v":"අගෝස්තු"},{"$i":"month-8-genitive","$v":"සැප්තැම්බර්"},{"$i":"month-9-genitive","$v":"ඔක්තෝබර්"},{"$i":"month-10-genitive","$v":"නොවැම්බර්"},{"$i":"month-11-genitive","$v":"දෙසැම්බර්"},{"$i":"month-0-short","$v":"ජන"},{"$i":"month-1-short","$v":"පෙබ"},{"$i":"month-2-short","$v":"මාර්."},{"$i":"month-3-short","$v":"අප්‍රේ"},{"$i":"month-4-short","$v":"මැයි"},{"$i":"month-5-short","$v":"ජූනි"},{"$i":"month-6-short","$v":"ජූලි"},{"$i":"month-7-short","$v":"අගෝ"},{"$i":"month-8-short","$v":"සැප්"},{"$i":"month-9-short","$v":"ඔක්"},{"$i":"month-10-short","$v":"නොවැ"},{"$i":"month-11-short","$v":"දෙසැ"},{"$i":"minutes-ago-long","$v":{"few":[{"t":"idOrVar","v":"value"}," මිනිත්තුවකට පෙර"],"many":[{"t":"idOrVar","v":"value"}," මිනිත්තුවකට පෙර"],"other":[{"t":"idOrVar","v":"value"}," මිනිත්තුවකට පෙර"],"two":[{"t":"idOrVar","v":"value"}," මිනිත්තුවකට පෙර"],"one":"මිනිත්තුවකට පෙර","zero":"මේ දැන්"},"$x":[{"t":"idOrVar","v":"plural"},"value"]},{"$i":"hours-ago-long","$v":{"few":[{"t":"idOrVar","v":"value"}," පැයකට ඉහත"],"many":[{"t":"idOrVar","v":"value"}," පැයකට ඉහත"],"other":[{"t":"idOrVar","v":"value"}," පැයකට ඉහත"],"two":[{"t":"idOrVar","v":"value"}," පැයකට ඉහත"],"one":"පැය 1 කට පෙර","zero":"මේ දැන්"},"$x":[{"t":"idOrVar","v":"plural"},"value"]},{"$i":"days-ago-long","$v":{"few":[{"t":"idOrVar","v":"value"}," දවසකට ඉහත"],"many":[{"t":"idOrVar","v":"value"}," දවසකට ඉහත"],"one":"ඊයේ","other":[{"t":"idOrVar","v":"value"}," දවසකට ඉහත"],"two":[{"t":"idOrVar","v":"value"}," දවසකට ඉහත"],"zero":"අද"},"$x":[{"t":"idOrVar","v":"plural"},"value"]},{"$i":"weeks-ago-long","$v":{"few":[{"t":"idOrVar","v":"value"}," සතියකට ඉහත"],"many":[{"t":"idOrVar","v":"value"}," සතියකට ඉහත"],"one":"පසුගිය සතිය","other":[{"t":"idOrVar","v":"value"}," සතියකට ඉහත"],"two":[{"t":"idOrVar","v":"value"}," සතියකට ඉහත"],"zero":"මේ සතිය"},"$x":[{"t":"idOrVar","v":"plural"},"value"]},{"$i":"months-ago-long","$v":{"few":[{"t":"idOrVar","v":"value"}," මසකට ඉහත"],"many":[{"t":"idOrVar","v":"value"}," මසකට ඉහත"],"one":"අවසන් මාසය","other":[{"t":"idOrVar","v":"value"}," මසකට ඉහත"],"two":[{"t":"idOrVar","v":"value"}," මසකට ඉහත"],"zero":"මේ මාසය"},"$x":[{"t":"idOrVar","v":"plural"},"value"]},{"$i":"years-ago-long","$v":{"few":[{"t":"idOrVar","v":"value"}," වසරකට ඉහත"],"many":[{"t":"idOrVar","v":"value"}," වසරකට ඉහත"],"one":"පසුගිය වසර","other":[{"t":"idOrVar","v":"value"}," වසරකට ඉහත"],"two":[{"t":"idOrVar","v":"value"}," වසරකට ඉහත"],"zero":"මෙම වසර"},"$x":[{"t":"idOrVar","v":"plural"},"value"]},{"$i":"minutes-until-long","$v":{"few":["මිනිත්තු",{"t":"idOrVar","v":"value"}," කින්"],"many":["මිනිත්තු",{"t":"idOrVar","v":"value"}," කින්"],"other":["මිනිත්තු",{"t":"idOrVar","v":"value"}," කින්"],"two":["මිනිත්තු",{"t":"idOrVar","v":"value"}," කින්"],"zero":"දැන්","one":"මිනිත්තු 1 කින්"},"$x":[{"t":"idOrVar","v":"plural"},"value"]},{"$i":"hours-until-long","$v":{"few":["පැය ",{"t":"idOrVar","v":"value"}," කින්"],"many":["පැය ",{"t":"idOrVar","v":"value"}," කින්"],"other":["පැය ",{"t":"idOrVar","v":"value"}," කින්"],"two":["පැය ",{"t":"idOrVar","v":"value"}," කින්"],"zero":"දැන්","one":"පැය 1 කින්"},"$x":[{"t":"idOrVar","v":"plural"},"value"]},{"$i":"days-until-long","$v":{"few":["දින ",{"t":"idOrVar","v":"value"}," කින්"],"many":["දින ",{"t":"idOrVar","v":"value"}," කින්"],"one":"හෙට","other":["දින ",{"t":"idOrVar","v":"value"}," කින්"],"two":["දින ",{"t":"idOrVar","v":"value"}," කින්"],"zero":"අද"},"$x":[{"t":"idOrVar","v":"plural"},"value"]},{"$i":"weeks-until-long","$v":{"few":["සති ",{"t":"idOrVar","v":"value"}," කින්"],"many":["සති ",{"t":"idOrVar","v":"value"}," කින්"],"one":"ඊළඟ සතිය","other":["සති ",{"t":"idOrVar","v":"value"}," කින්"],"two":["සති ",{"t":"idOrVar","v":"value"}," කින්"],"zero":"මේ සතිය"},"$x":[{"t":"idOrVar","v":"plural"},"value"]},{"$i":"months-until-long","$v":{"few":["මාස ",{"t":"idOrVar","v":"value"}," කින්"],"many":["මාස ",{"t":"idOrVar","v":"value"}," කින්"],"one":"ඊළඟ මාසය","other":["මාස ",{"t":"idOrVar","v":"value"}," කින්"],"two":["මාස ",{"t":"idOrVar","v":"value"}," කින්"],"zero":"මේ මාසය"},"$x":[{"t":"idOrVar","v":"plural"},"value"]},{"$i":"years-until-long","$v":{"few":["වසර ",{"t":"idOrVar","v":"value"}," කින්"],"many":["වසර ",{"t":"idOrVar","v":"value"}," කින්"],"one":"ඊළඟ වසර","other":["වසර ",{"t":"idOrVar","v":"value"}," කින්"],"two":["වසර ",{"t":"idOrVar","v":"value"}," කින්"],"zero":"මෙම වසර"},"$x":[{"t":"idOrVar","v":"plural"},"value"]},{"$i":"minutes-ago-short","$v":{"other":[{"t":"idOrVar","v":"value"},"මි. පෙර"],"zero":"මේ දැන්"},"$x":[{"t":"idOrVar","v":"plural"},"value"]},{"$i":"hours-ago-short","$v":{"other":[{"t":"idOrVar","v":"value"},"පැ. පෙර"],"zero":"මේ දැන්"},"$x":[{"t":"idOrVar","v":"plural"},"value"]},{"$i":"days-ago-short","$v":{"other":[{"t":"idOrVar","v":"value"},"දි. පෙර"],"zero":"අද"},"$x":[{"t":"idOrVar","v":"plural"},"value"]},{"$i":"minutes-until-short","$v":{"other":["මාස ",{"t":"idOrVar","v":"value"},"කින්"],"zero":"දැන්"},"$x":[{"t":"idOrVar","v":"plural"},"value"]},{"$i":"hours-until-short","$v":{"other":["පැය ",{"t":"idOrVar","v":"value"},"කින්"],"zero":"දැන්"},"$x":[{"t":"idOrVar","v":"plural"},"value"]},{"$i":"days-until-short","$v":{"other":["දින ",{"t":"idOrVar","v":"value"},"කින්"],"zero":"අද"},"$x":[{"t":"idOrVar","v":"plural"},"value"]},{"$i":"incorrectDate","$v":"(වැරදිදිනය)"},{"$i":"dateTimeFormat_%c","$v":"%a %b %e %Y %I:%M:%S %p"},{"$i":"dateTimeFormat_%x","$v":"%m/%d/%Y"},{"$i":"dateTimeFormat_%X","$v":"%I:%M:%S %p"},{"$i":"shortTimeFormat","$v":"%I:%M %p"},{"$i":"shortTimeFormat12","$v":"%I:%M %p"},{"$i":"shortTimeFormat24","$v":"%H:%M"},{"$i":"shortDateTimeFormat","$v":"%x %I:%M %p"},{"$i":"weekStartsOnMonday","$v":"0.0"},{"$i":"firstDayOfTheWeek","$v":"0.0"},{"$i":"time_am","$v":"AM"},{"$i":"time_pm","$v":"PM"}]