[{"$i":"filemanager","$v":"Správce souborů"},{"$i":"internal","$v":"Interný"},{"$i":"sdcard","$v":"Karta SD"},{"$i":"no-files","$v":"Táto zložka je prázdna."},{"$i":"not-support-header","$v":"Nedá sa otvoriť"},{"$i":"not-support-content","$v":"Tento formát súboru je neplatný alebo nepodporovaný."},{"$i":"confirmation-header","$v":"Potvrdenie"},{"$i":"delete-file-content","$v":["Vymazať súbor ",{"t":"idOrVar","v":"fileName"},"?"]},{"$i":"delete-folder-content","$v":["Všetky položky v označenej zložke budú vymazané. Vymazať zložku ",{"t":"idOrVar","v":"fileName"},"?"]},{"$i":"copy-move-header","$v":"Vyberte cieľovú zložku"},{"$i":"number-selected","$v":{"few":["Vybraté: ",{"t":"idOrVar","v":"number"}],"many":["Vybraté: ",{"t":"idOrVar","v":"number"}],"one":["Vybraté: ",{"t":"idOrVar","v":"number"}],"other":["Vybraté: ",{"t":"idOrVar","v":"number"}],"two":["Vybraté: ",{"t":"idOrVar","v":"number"}],"zero":["Vybraté: ",{"t":"idOrVar","v":"number"}]},"$x":[{"t":"idOrVar","v":"plural"},"number"]},{"$i":"delete-all-folder","$v":"Všetky položky v označenej zložke budú vymazané. Vymazať označené položky?"},{"$i":"delete-all-file","$v":"Vymazať označené položky?"},{"$i":"search-in","$v":"Hľadá sa v"},{"$i":"search-current","$v":"Len aktuálna zložka"},{"$i":"search-internal","$v":"Interný"},{"$i":"search-sdcard","$v":"Karta SD"},{"$i":"search-header","$v":["Vyhľadať: ",{"t":"idOrVar","v":"keyword"}]},{"$i":"file-exist","$v":[{"t":"idOrVar","v":"fileName"}," sa už v tejto lokalite nachádza. Ponechať obidve položky?"]},{"$i":"paste-error","$v":"Zložku nemožno prilepiť do seba samej."},{"$i":"move-error","$v":"Zložku nemožno presunúť do seba samej."},{"$i":"new-folder-error","$v":["Názov ",{"t":"idOrVar","v":"folderName"}," už je obsadený. Zvoľte si iný názov."]},{"$i":"searching","$v":"Vyhľadáva sa..."},{"$i":"loading","$v":"Načítava sa..."},{"$i":"search-empty","$v":"Nenašlo sa"},{"$i":"new-folder-invalid","$v":["Názov ",{"t":"idOrVar","v":"folderName"}," je neplatný. Vyberte iný názov."]},{"$i":"progress-head-copy","$v":"Kopíruje sa"},{"$i":"progress-content-copy","$v":"Kopíruje sa položka"},{"$i":"progress-head-move","$v":"Presúva sa"},{"$i":"progress-content-move","$v":"Presúva sa položka"},{"$i":"unsupport-folder-name","$v":{"$o":"Nemožno použiť názov obsahujúci nepodporované znaky: \\/:*?&quot;&lt;&gt;|"}},{"$i":"unsupport-string","$v":{"$o":["Nemožno ",{"t":"idOrVar","v":"name"}," súbor s názvom obsahujúcim nepodporované znaky: \\/:*?\"<>|"]}},{"$i":"not-enough-space","$v":"Nie je k dispozícii dostatok miesta"},{"$i":"error-while-moving","$v":"Chyba pri presune"},{"$i":"error-while-copying","$v":"Chyba pri kopírovaní"},{"$i":"rename-not-suffix","$v":"Súbor sa po zmene prípony možno nebude dať otvoriť. Zmeniť napriek tomu?"},{"$i":"open","$v":"Otvoriť"},{"$i":"options","$v":"Voľby"},{"$i":"ok","$v":"OK"},{"$i":"cancel","$v":"Zrušiť"},{"$i":"change","$v":"Zmeniť"},{"$i":"paste","$v":"Prilepiť"},{"$i":"select","$v":"Vybrať"},{"$i":"deselect","$v":"Zrušiť výber"},{"$i":"replace","$v":"Nahradiť"},{"$i":"keep-both","$v":"Ponechať obidva"},{"$i":"delete","$v":"Vymazať"},{"$i":"copy","$v":"Kopírovať"},{"$i":"move","$v":"Presunúť"},{"$i":"rename","$v":"Premenovať"},{"$i":"select-items","$v":"Vybrať položky"},{"$i":"new-folder","$v":"Nová zložka"},{"$i":"search","$v":"Vyhľadať"},{"$i":"refresh","$v":"Obnoviť"},{"$i":"details","$v":"Informácie"},{"$i":"share","$v":"Zdieľať"},{"$i":"select-all","$v":"Označiť všetko"},{"$i":"deselect-all","$v":"Zrušiť výber. vš."},{"$i":"detail-header","$v":"Informácie"},{"$i":"detail-name","$v":"Názov"},{"$i":"detail-location","$v":"Lokalita"},{"$i":"detail-type","$v":"Typ"},{"$i":"detail-created","$v":"Vytvorené"},{"$i":"detail-size","$v":"Veľkosť"},{"$i":"folder","$v":"zložka"},{"$i":"type-unknow","$v":"neznáme"},{"$i":"B","$v":"B"},{"$i":"KB","$v":"kB"},{"$i":"MB","$v":"MB"},{"$i":"GB","$v":"GB"},{"$i":"item-deleted","$v":"Položka bola odstránená."},{"$i":"items-deleted","$v":"Položky boli odstránené."},{"$i":"item-copied","$v":"Položka bola skopírovaná."},{"$i":"items-copied","$v":"Položky skopírované."},{"$i":"item-moved","$v":"Položka sa presunula."},{"$i":"items-moved","$v":"Položky sa presunuli."},{"$i":"file-renamed","$v":"Súbor bol premenovaný."},{"$i":"folder-renamed","$v":"Priečinok bol premenovaný."},{"$i":"folder-created","$v":"Vytvorená zložka."},{"$i":"refresh-completed","$v":"Obnovenie dokončené."},{"$i":"itmes-not-copied","$v":["Niekoľko položiek (",{"t":"idOrVar","v":"num"},") sa neskopírovalo."]},{"$i":"itmes-not-moved","$v":["Niekoľko položiek (",{"t":"idOrVar","v":"num"},") sa nepresunulo."]},{"$i":"weekday-0-long","$v":"Nedeľa"},{"$i":"weekday-1-long","$v":"Pondelok"},{"$i":"weekday-2-long","$v":"Utorok"},{"$i":"weekday-3-long","$v":"Streda"},{"$i":"weekday-4-long","$v":"Štvrtok"},{"$i":"weekday-5-long","$v":"Piatok"},{"$i":"weekday-6-long","$v":"Sobota"},{"$i":"weekday-0-short","$v":"Ned"},{"$i":"weekday-1-short","$v":"Pon"},{"$i":"weekday-2-short","$v":"Uto"},{"$i":"weekday-3-short","$v":"Str"},{"$i":"weekday-4-short","$v":"Štv"},{"$i":"weekday-5-short","$v":"Pia"},{"$i":"weekday-6-short","$v":"Sob"},{"$i":"month-0-long","$v":"Január"},{"$i":"month-1-long","$v":"Február"},{"$i":"month-2-long","$v":"Marec"},{"$i":"month-3-long","$v":"Apríl"},{"$i":"month-4-long","$v":"Máj"},{"$i":"month-5-long","$v":"Jún"},{"$i":"month-6-long","$v":"Júl"},{"$i":"month-7-long","$v":"August"},{"$i":"month-8-long","$v":"September"},{"$i":"month-9-long","$v":"Október"},{"$i":"month-10-long","$v":"November"},{"$i":"month-11-long","$v":"December"},{"$i":"month-0-genitive","$v":"Január"},{"$i":"month-1-genitive","$v":"Február"},{"$i":"month-2-genitive","$v":"Marec"},{"$i":"month-3-genitive","$v":"Apríl"},{"$i":"month-4-genitive","$v":"Máj"},{"$i":"month-5-genitive","$v":"Jún"},{"$i":"month-6-genitive","$v":"Júl"},{"$i":"month-7-genitive","$v":"August"},{"$i":"month-8-genitive","$v":"September"},{"$i":"month-9-genitive","$v":"Október"},{"$i":"month-10-genitive","$v":"November"},{"$i":"month-11-genitive","$v":"December"},{"$i":"month-0-short","$v":"Jan"},{"$i":"month-1-short","$v":"Feb"},{"$i":"month-2-short","$v":"Mar"},{"$i":"month-3-short","$v":"Apr"},{"$i":"month-4-short","$v":"Máj"},{"$i":"month-5-short","$v":"Jún"},{"$i":"month-6-short","$v":"Júl"},{"$i":"month-7-short","$v":"Aug"},{"$i":"month-8-short","$v":"Sep"},{"$i":"month-9-short","$v":"Okt"},{"$i":"month-10-short","$v":"Nov"},{"$i":"month-11-short","$v":"Dec"},{"$i":"minutes-ago-long","$v":{"few":["Pred počtom min.: ",{"t":"idOrVar","v":"value"}],"many":["Pred počtom min.: ",{"t":"idOrVar","v":"value"}],"other":["Pred počtom min.: ",{"t":"idOrVar","v":"value"}],"two":["Pred počtom min.: ",{"t":"idOrVar","v":"value"}],"one":"pred 1 min.","zero":"práve teraz"},"$x":[{"t":"idOrVar","v":"plural"},"value"]},{"$i":"hours-ago-long","$v":{"few":["Pred počtom hod.: ",{"t":"idOrVar","v":"value"}],"many":["Pred počtom hod.: ",{"t":"idOrVar","v":"value"}],"other":["Pred počtom hod.: ",{"t":"idOrVar","v":"value"}],"two":["Pred počtom hod.: ",{"t":"idOrVar","v":"value"}],"one":"pred 1 hodinou","zero":"práve teraz"},"$x":[{"t":"idOrVar","v":"plural"},"value"]},{"$i":"days-ago-long","$v":{"few":["Pred počtom dní: ",{"t":"idOrVar","v":"value"}],"many":["Pred počtom dní: ",{"t":"idOrVar","v":"value"}],"one":"včera","other":["Pred počtom dní: ",{"t":"idOrVar","v":"value"}],"two":["Pred počtom dní: ",{"t":"idOrVar","v":"value"}],"zero":"dnes"},"$x":[{"t":"idOrVar","v":"plural"},"value"]},{"$i":"weeks-ago-long","$v":{"few":["Pred počtom týžd.: ",{"t":"idOrVar","v":"value"}],"many":["Pred počtom týžd.: ",{"t":"idOrVar","v":"value"}],"one":"min. týždeň","other":["Pred počtom týžd.: ",{"t":"idOrVar","v":"value"}],"two":["Pred počtom týžd.: ",{"t":"idOrVar","v":"value"}],"zero":"tento týždeň"},"$x":[{"t":"idOrVar","v":"plural"},"value"]},{"$i":"months-ago-long","$v":{"few":["Pred počtom mes.: ",{"t":"idOrVar","v":"value"}],"many":["Pred počtom mes.: ",{"t":"idOrVar","v":"value"}],"one":"min. mesiac","other":["Pred počtom mes.: ",{"t":"idOrVar","v":"value"}],"two":["Pred počtom mes.: ",{"t":"idOrVar","v":"value"}],"zero":"tento mesiac"},"$x":[{"t":"idOrVar","v":"plural"},"value"]},{"$i":"years-ago-long","$v":{"few":["Pred počtom rokov: ",{"t":"idOrVar","v":"value"}],"many":["Pred počtom rokov: ",{"t":"idOrVar","v":"value"}],"one":"min. rok","other":["Pred počtom rokov: ",{"t":"idOrVar","v":"value"}],"two":["Pred počtom rokov: ",{"t":"idOrVar","v":"value"}],"zero":"tento rok"},"$x":[{"t":"idOrVar","v":"plural"},"value"]},{"$i":"minutes-until-long","$v":{"few":["o ",{"t":"idOrVar","v":"value"}," min"],"many":["o ",{"t":"idOrVar","v":"value"}," min"],"other":["o ",{"t":"idOrVar","v":"value"}," min"],"two":["o ",{"t":"idOrVar","v":"value"}," min"],"zero":"teraz","one":"za 1 minútu"},"$x":[{"t":"idOrVar","v":"plural"},"value"]},{"$i":"hours-until-long","$v":{"few":["o ",{"t":"idOrVar","v":"value"}," hod."],"many":["o ",{"t":"idOrVar","v":"value"}," hod."],"other":["o ",{"t":"idOrVar","v":"value"}," hod."],"two":["o ",{"t":"idOrVar","v":"value"}," hod."],"zero":"teraz","one":"za 1 hodinu"},"$x":[{"t":"idOrVar","v":"plural"},"value"]},{"$i":"days-until-long","$v":{"few":["o ",{"t":"idOrVar","v":"value"}," d."],"many":["o ",{"t":"idOrVar","v":"value"}," d."],"one":"zajtra","other":["o ",{"t":"idOrVar","v":"value"}," d."],"two":["o ",{"t":"idOrVar","v":"value"}," d."],"zero":"dnes"},"$x":[{"t":"idOrVar","v":"plural"},"value"]},{"$i":"weeks-until-long","$v":{"few":["o ",{"t":"idOrVar","v":"value"}," týžd."],"many":["o ",{"t":"idOrVar","v":"value"}," týžd."],"one":"nasl. týždeň","other":["o ",{"t":"idOrVar","v":"value"}," týžd."],"two":["o ",{"t":"idOrVar","v":"value"}," týžd."],"zero":"tento týždeň"},"$x":[{"t":"idOrVar","v":"plural"},"value"]},{"$i":"months-until-long","$v":{"few":["o ",{"t":"idOrVar","v":"value"}," mes."],"many":["o ",{"t":"idOrVar","v":"value"}," mes."],"one":"nasl. mesiac","other":["o ",{"t":"idOrVar","v":"value"}," mes."],"two":["o ",{"t":"idOrVar","v":"value"}," mes."],"zero":"tento mesiac"},"$x":[{"t":"idOrVar","v":"plural"},"value"]},{"$i":"years-until-long","$v":{"few":["o ",{"t":"idOrVar","v":"value"}," rok."],"many":["o ",{"t":"idOrVar","v":"value"}," rok."],"one":"nasl. rok","other":["o ",{"t":"idOrVar","v":"value"}," rok."],"two":["o ",{"t":"idOrVar","v":"value"}," rok."],"zero":"tento rok"},"$x":[{"t":"idOrVar","v":"plural"},"value"]},{"$i":"minutes-ago-short","$v":{"other":["Pred ",{"t":"idOrVar","v":"value"}," m"],"zero":"práve teraz"},"$x":[{"t":"idOrVar","v":"plural"},"value"]},{"$i":"hours-ago-short","$v":{"other":["Pred ",{"t":"idOrVar","v":"value"}," h"],"zero":"práve teraz"},"$x":[{"t":"idOrVar","v":"plural"},"value"]},{"$i":"days-ago-short","$v":{"other":["Pred ",{"t":"idOrVar","v":"value"}," d"],"zero":"dnes"},"$x":[{"t":"idOrVar","v":"plural"},"value"]},{"$i":"minutes-until-short","$v":{"other":["o ",{"t":"idOrVar","v":"value"}," m"],"zero":"teraz"},"$x":[{"t":"idOrVar","v":"plural"},"value"]},{"$i":"hours-until-short","$v":{"other":["o ",{"t":"idOrVar","v":"value"}," h"],"zero":"teraz"},"$x":[{"t":"idOrVar","v":"plural"},"value"]},{"$i":"days-until-short","$v":{"other":["o ",{"t":"idOrVar","v":"value"}," d"],"zero":"dnes"},"$x":[{"t":"idOrVar","v":"plural"},"value"]},{"$i":"incorrectDate","$v":"(nesprávny dátum)"},{"$i":"dateTimeFormat_%c","$v":"%a %b %e %Y %I:%M:%S %p"},{"$i":"dateTimeFormat_%x","$v":"%m/%d/%Y"},{"$i":"dateTimeFormat_%X","$v":"%I:%M:%S %p"},{"$i":"shortTimeFormat","$v":"%I:%M %p"},{"$i":"shortTimeFormat12","$v":"%I:%M %p"},{"$i":"shortTimeFormat24","$v":"%H:%M"},{"$i":"shortDateTimeFormat","$v":"%x %I:%M %p"},{"$i":"weekStartsOnMonday","$v":"0.0"},{"$i":"firstDayOfTheWeek","$v":"1.0"},{"$i":"time_am","$v":"AM"},{"$i":"time_pm","$v":"PM"}]