[{"$i":"filemanager","$v":"Upravitelj datotek"},{"$i":"internal","$v":"Notranja"},{"$i":"sdcard","$v":"Kartica SD"},{"$i":"no-files","$v":"Ta mapa je prazna."},{"$i":"not-support-header","$v":"Ni mogoče odpreti"},{"$i":"not-support-content","$v":"Ta oblika zapisa datoteke je neveljavna ali ni podprta."},{"$i":"confirmation-header","$v":"Potrditev"},{"$i":"delete-file-content","$v":["Želite izbrisati datoteko ",{"t":"idOrVar","v":"fileName"},"?"]},{"$i":"delete-folder-content","$v":["Vsi elementi v izbrani mapi bodo izbrisani. Želite izbrisati mapo ",{"t":"idOrVar","v":"fileName"},"?"]},{"$i":"copy-move-header","$v":"Izberite ciljno mapo"},{"$i":"number-selected","$v":{"few":[{"t":"idOrVar","v":"number"}," izbrani"],"many":[{"t":"idOrVar","v":"number"}," izbrani"],"one":[{"t":"idOrVar","v":"number"}," izbrani"],"other":[{"t":"idOrVar","v":"number"}," izbrani"],"two":[{"t":"idOrVar","v":"number"}," izbrani"],"zero":[{"t":"idOrVar","v":"number"}," izbrani"]},"$x":[{"t":"idOrVar","v":"plural"},"number"]},{"$i":"delete-all-folder","$v":"Vsi elementi v izbrani mapi bodo izbrisani. Jih želite izbrisati?"},{"$i":"delete-all-file","$v":"Želite izbrisati izbrane elemente?"},{"$i":"search-in","$v":"Iskanje v"},{"$i":"search-current","$v":"Samo trenutna mapa"},{"$i":"search-internal","$v":"Notranja"},{"$i":"search-sdcard","$v":"Kartica SD"},{"$i":"search-header","$v":["Iskanje: ",{"t":"idOrVar","v":"keyword"}]},{"$i":"file-exist","$v":["Datoteka ",{"t":"idOrVar","v":"fileName"}," že obstaja na tej lokaciji. Želite obdržati oba elementa?"]},{"$i":"paste-error","$v":"Mape ni mogoče prilepiti same vase."},{"$i":"move-error","$v":"Mape ni mogoče premakniti same vase."},{"$i":"new-folder-error","$v":["Ime ",{"t":"idOrVar","v":"folderName"}," je že uporabljeno. Izberite drugo ime."]},{"$i":"searching","$v":"Iskanje ..."},{"$i":"loading","$v":"Nalaganje ..."},{"$i":"search-empty","$v":"Ni bilo mogoče najti"},{"$i":"new-folder-invalid","$v":["Ime ",{"t":"idOrVar","v":"folderName"}," je neveljavno. Izberite drugo ime."]},{"$i":"progress-head-copy","$v":"Kopiranje"},{"$i":"progress-content-copy","$v":"Kopiranje elementa"},{"$i":"progress-head-move","$v":"Premikanje"},{"$i":"progress-content-move","$v":"Premikanje elementa"},{"$i":"unsupport-folder-name","$v":{"$o":"Ni mogoče uporabiti imena, ki vsebuje nepodprte znake: \\/:*?&quot;&lt;&gt;|"}},{"$i":"unsupport-string","$v":{"$o":["Ni mogoče ",{"t":"idOrVar","v":"name"}," datoteke z imenom, v katerem so nepodprti znaki: \\/:*?\"<>|"]}},{"$i":"not-enough-space","$v":"Na voljo ni dovolj prostora"},{"$i":"error-while-moving","$v":"Napaka med premikanjem"},{"$i":"error-while-copying","$v":"Napaka med kopiranjem"},{"$i":"rename-not-suffix","$v":"Datoteke po spremembi pripone morda ne bo mogoče odpreti. Jo želite vseeno spremeniti?"},{"$i":"open","$v":"Odpri"},{"$i":"options","$v":"Možnosti"},{"$i":"ok","$v":"V redu"},{"$i":"cancel","$v":"Prekliči"},{"$i":"change","$v":"Spremeni"},{"$i":"paste","$v":"Prilepi"},{"$i":"select","$v":"Izberi"},{"$i":"deselect","$v":"Prekliči izbor"},{"$i":"replace","$v":"Zamenjaj"},{"$i":"keep-both","$v":"Obdrži obe"},{"$i":"delete","$v":"Izbriši"},{"$i":"copy","$v":"Kopiraj"},{"$i":"move","$v":"Premakni"},{"$i":"rename","$v":"Preimenuj"},{"$i":"select-items","$v":"Izberite elemente"},{"$i":"new-folder","$v":"Nova mapa"},{"$i":"search","$v":"Išči"},{"$i":"refresh","$v":"Osveži"},{"$i":"details","$v":"Podrobnosti"},{"$i":"share","$v":"Deli"},{"$i":"select-all","$v":"Izberi vse"},{"$i":"deselect-all","$v":"Prekliči izbor vseh"},{"$i":"detail-header","$v":"Podrobnosti"},{"$i":"detail-name","$v":"Ime"},{"$i":"detail-location","$v":"Lokacija"},{"$i":"detail-type","$v":"Vrsta"},{"$i":"detail-created","$v":"Ustvarjeno"},{"$i":"detail-size","$v":"Velikost"},{"$i":"folder","$v":"mapa"},{"$i":"type-unknow","$v":"neznano"},{"$i":"B","$v":"B"},{"$i":"KB","$v":"KB"},{"$i":"MB","$v":"MB"},{"$i":"GB","$v":"GB"},{"$i":"item-deleted","$v":"Element je izbrisan."},{"$i":"items-deleted","$v":"Elementi so izbrisani."},{"$i":"item-copied","$v":"Element je kopiran."},{"$i":"items-copied","$v":"Elementi so kopirani."},{"$i":"item-moved","$v":"Element je bil premaknjen."},{"$i":"items-moved","$v":"Elementi so premaknjeni."},{"$i":"file-renamed","$v":"Datoteka je preimenovana."},{"$i":"folder-renamed","$v":"Mapa se je preimenovala."},{"$i":"folder-created","$v":"Mapa je ustvarjena."},{"$i":"refresh-completed","$v":"Osveževanje je končano."},{"$i":"itmes-not-copied","$v":["Št. elementov, ki niso kopirani: ",{"t":"idOrVar","v":"num"},"."]},{"$i":"itmes-not-moved","$v":["Št. elementov, ki niso premaknjeni: ",{"t":"idOrVar","v":"num"},"."]},{"$i":"weekday-0-long","$v":"Nedelja"},{"$i":"weekday-1-long","$v":"Ponedeljek"},{"$i":"weekday-2-long","$v":"Torek"},{"$i":"weekday-3-long","$v":"Sreda"},{"$i":"weekday-4-long","$v":"Četrtek"},{"$i":"weekday-5-long","$v":"Petek"},{"$i":"weekday-6-long","$v":"Sobota"},{"$i":"weekday-0-short","$v":"ned"},{"$i":"weekday-1-short","$v":"pon"},{"$i":"weekday-2-short","$v":"tor"},{"$i":"weekday-3-short","$v":"sre"},{"$i":"weekday-4-short","$v":"čet"},{"$i":"weekday-5-short","$v":"pet"},{"$i":"weekday-6-short","$v":"sob"},{"$i":"month-0-long","$v":"januar"},{"$i":"month-1-long","$v":"februar"},{"$i":"month-2-long","$v":"marec"},{"$i":"month-3-long","$v":"april"},{"$i":"month-4-long","$v":"maj"},{"$i":"month-5-long","$v":"junij"},{"$i":"month-6-long","$v":"julij"},{"$i":"month-7-long","$v":"avgust"},{"$i":"month-8-long","$v":"september"},{"$i":"month-9-long","$v":"oktober"},{"$i":"month-10-long","$v":"november"},{"$i":"month-11-long","$v":"december"},{"$i":"month-0-genitive","$v":"januar"},{"$i":"month-1-genitive","$v":"februar"},{"$i":"month-2-genitive","$v":"marec"},{"$i":"month-3-genitive","$v":"april"},{"$i":"month-4-genitive","$v":"maj"},{"$i":"month-5-genitive","$v":"junij"},{"$i":"month-6-genitive","$v":"julij"},{"$i":"month-7-genitive","$v":"avgust"},{"$i":"month-8-genitive","$v":"september"},{"$i":"month-9-genitive","$v":"oktober"},{"$i":"month-10-genitive","$v":"november"},{"$i":"month-11-genitive","$v":"december"},{"$i":"month-0-short","$v":"jan"},{"$i":"month-1-short","$v":"feb"},{"$i":"month-2-short","$v":"mar"},{"$i":"month-3-short","$v":"apr"},{"$i":"month-4-short","$v":"maj"},{"$i":"month-5-short","$v":"jun"},{"$i":"month-6-short","$v":"jul"},{"$i":"month-7-short","$v":"avg"},{"$i":"month-8-short","$v":"sep"},{"$i":"month-9-short","$v":"okt"},{"$i":"month-10-short","$v":"nov"},{"$i":"month-11-short","$v":"dec"},{"$i":"minutes-ago-long","$v":{"few":["pred ",{"t":"idOrVar","v":"value"}," minutami"],"many":["pred ",{"t":"idOrVar","v":"value"}," minutami"],"other":["pred ",{"t":"idOrVar","v":"value"}," minutami"],"two":["pred ",{"t":"idOrVar","v":"value"}," minutama"],"one":"pred minuto","zero":"pravkar"},"$x":[{"t":"idOrVar","v":"plural"},"value"]},{"$i":"hours-ago-long","$v":{"few":["pred ",{"t":"idOrVar","v":"value"}," urami"],"many":["pred ",{"t":"idOrVar","v":"value"}," urami"],"other":["pred ",{"t":"idOrVar","v":"value"}," urami"],"two":["pred ",{"t":"idOrVar","v":"value"}," urama"],"one":"Pred 1 uro","zero":"pravkar"},"$x":[{"t":"idOrVar","v":"plural"},"value"]},{"$i":"days-ago-long","$v":{"few":["pred ",{"t":"idOrVar","v":"value"}," dnevi"],"many":["pred ",{"t":"idOrVar","v":"value"}," dnevi"],"one":"včeraj","other":["pred ",{"t":"idOrVar","v":"value"}," dnevi"],"two":["pred ",{"t":"idOrVar","v":"value"}," dnevoma"],"zero":"danes"},"$x":[{"t":"idOrVar","v":"plural"},"value"]},{"$i":"weeks-ago-long","$v":{"few":["pred ",{"t":"idOrVar","v":"value"}," tedni"],"many":["pred ",{"t":"idOrVar","v":"value"}," tedni"],"one":"prejšnji teden","other":["pred ",{"t":"idOrVar","v":"value"}," tedni"],"two":["pred ",{"t":"idOrVar","v":"value"}," tednoma"],"zero":"ta teden"},"$x":[{"t":"idOrVar","v":"plural"},"value"]},{"$i":"months-ago-long","$v":{"few":["pred ",{"t":"idOrVar","v":"value"}," meseci"],"many":["pred ",{"t":"idOrVar","v":"value"}," meseci"],"one":"prejšnji mesec","other":["pred ",{"t":"idOrVar","v":"value"}," meseci"],"two":["pred ",{"t":"idOrVar","v":"value"}," mesecema"],"zero":"ta mesec"},"$x":[{"t":"idOrVar","v":"plural"},"value"]},{"$i":"years-ago-long","$v":{"few":["pred ",{"t":"idOrVar","v":"value"}," leti"],"many":["pred ",{"t":"idOrVar","v":"value"}," leti"],"one":"prejšnje leto","other":["pred ",{"t":"idOrVar","v":"value"}," leti"],"two":["pred ",{"t":"idOrVar","v":"value"}," letoma"],"zero":"to leto"},"$x":[{"t":"idOrVar","v":"plural"},"value"]},{"$i":"minutes-until-long","$v":{"few":["čez ",{"t":"idOrVar","v":"value"}," minute"],"many":["čez ",{"t":"idOrVar","v":"value"}," minut"],"other":["čez ",{"t":"idOrVar","v":"value"}," minut"],"two":["čez ",{"t":"idOrVar","v":"value"}," minuti"],"zero":"zdaj","one":"v 1 minuti"},"$x":[{"t":"idOrVar","v":"plural"},"value"]},{"$i":"hours-until-long","$v":{"few":["čez ",{"t":"idOrVar","v":"value"}," ure"],"many":["čez ",{"t":"idOrVar","v":"value"}," ur"],"other":["čez ",{"t":"idOrVar","v":"value"}," ur"],"two":["čez ",{"t":"idOrVar","v":"value"}," uri"],"zero":"zdaj","one":"čez 1 uro"},"$x":[{"t":"idOrVar","v":"plural"},"value"]},{"$i":"days-until-long","$v":{"few":["čez ",{"t":"idOrVar","v":"value"}," dni"],"many":["čez ",{"t":"idOrVar","v":"value"}," dni"],"one":"jutri","other":["čez ",{"t":"idOrVar","v":"value"}," dni"],"two":["čez ",{"t":"idOrVar","v":"value"}," dni"],"zero":"danes"},"$x":[{"t":"idOrVar","v":"plural"},"value"]},{"$i":"weeks-until-long","$v":{"few":["čez ",{"t":"idOrVar","v":"value"}," tedne"],"many":["čez ",{"t":"idOrVar","v":"value"}," tednov"],"one":"naslednji teden","other":["čez ",{"t":"idOrVar","v":"value"}," tednov"],"two":["čez ",{"t":"idOrVar","v":"value"}," tedna"],"zero":"ta teden"},"$x":[{"t":"idOrVar","v":"plural"},"value"]},{"$i":"months-until-long","$v":{"few":["čez ",{"t":"idOrVar","v":"value"}," mesece"],"many":["čez ",{"t":"idOrVar","v":"value"}," mesecev"],"one":"naslednji mesec","other":["čez ",{"t":"idOrVar","v":"value"}," mesecev"],"two":["čez ",{"t":"idOrVar","v":"value"}," meseca"],"zero":"ta mesec"},"$x":[{"t":"idOrVar","v":"plural"},"value"]},{"$i":"years-until-long","$v":{"few":["čez ",{"t":"idOrVar","v":"value"}," leta"],"many":["čez ",{"t":"idOrVar","v":"value"}," let"],"one":"naslednje leto","other":["čez ",{"t":"idOrVar","v":"value"}," let"],"two":["čez ",{"t":"idOrVar","v":"value"}," leti"],"zero":"to leto"},"$x":[{"t":"idOrVar","v":"plural"},"value"]},{"$i":"minutes-ago-short","$v":{"other":["Pred ",{"t":"idOrVar","v":"value"}," m"],"zero":"pravkar"},"$x":[{"t":"idOrVar","v":"plural"},"value"]},{"$i":"hours-ago-short","$v":{"other":["pred ",{"t":"idOrVar","v":"value"}," h"],"zero":"pravkar"},"$x":[{"t":"idOrVar","v":"plural"},"value"]},{"$i":"days-ago-short","$v":{"other":["pred ",{"t":"idOrVar","v":"value"}," d"],"zero":"danes"},"$x":[{"t":"idOrVar","v":"plural"},"value"]},{"$i":"minutes-until-short","$v":{"other":["čez ",{"t":"idOrVar","v":"value"}," m"],"zero":"zdaj"},"$x":[{"t":"idOrVar","v":"plural"},"value"]},{"$i":"hours-until-short","$v":{"other":["čez ",{"t":"idOrVar","v":"value"}," h"],"zero":"zdaj"},"$x":[{"t":"idOrVar","v":"plural"},"value"]},{"$i":"days-until-short","$v":{"other":["čez ",{"t":"idOrVar","v":"value"}," d"],"zero":"danes"},"$x":[{"t":"idOrVar","v":"plural"},"value"]},{"$i":"incorrectDate","$v":"(nepravilen datum)"},{"$i":"dateTimeFormat_%c","$v":"%a %b %e %Y %I.%M.%S %p"},{"$i":"dateTimeFormat_%x","$v":"%m/%d/%Y"},{"$i":"dateTimeFormat_%X","$v":"%I:%M:%S %p"},{"$i":"shortTimeFormat","$v":"%I.%M %p"},{"$i":"shortTimeFormat12","$v":"%I.%M %p"},{"$i":"shortTimeFormat24","$v":"%H.%M"},{"$i":"shortDateTimeFormat","$v":"%x %I.%M %p"},{"$i":"weekStartsOnMonday","$v":"0.0"},{"$i":"firstDayOfTheWeek","$v":"1.0"},{"$i":"time_am","$v":"dop."},{"$i":"time_pm","$v":"pop."}]