[{"$i":"filemanager","$v":"Filhanterare"},{"$i":"internal","$v":"Internt"},{"$i":"sdcard","$v":"SD-kort"},{"$i":"no-files","$v":"Mappen är tom."},{"$i":"not-support-header","$v":"Det går inte att öppna"},{"$i":"not-support-content","$v":"Filformatet är ogiltigt eller stöds ej."},{"$i":"confirmation-header","$v":"Bekräftelse"},{"$i":"delete-file-content","$v":["Radera filen ",{"t":"idOrVar","v":"fileName"},"?"]},{"$i":"delete-folder-content","$v":["Alla objekt i vald mapp raderas. Radera mappen ",{"t":"idOrVar","v":"fileName"},"?"]},{"$i":"copy-move-header","$v":"Välj målmapp"},{"$i":"number-selected","$v":{"few":[{"t":"idOrVar","v":"number"}," valda"],"many":[{"t":"idOrVar","v":"number"}," valda"],"one":[{"t":"idOrVar","v":"number"}," valda"],"other":[{"t":"idOrVar","v":"number"}," valda"],"two":[{"t":"idOrVar","v":"number"}," valda"],"zero":[{"t":"idOrVar","v":"number"}," valda"]},"$x":[{"t":"idOrVar","v":"plural"},"number"]},{"$i":"delete-all-folder","$v":"Alla objekt i vald mapp raderas. Radera valda objekt?"},{"$i":"delete-all-file","$v":"Radera valda objekt?"},{"$i":"search-in","$v":"Söker i"},{"$i":"search-current","$v":"Endast aktuell mapp"},{"$i":"search-internal","$v":"Internt"},{"$i":"search-sdcard","$v":"SD-kort"},{"$i":"search-header","$v":["Sök efter: ",{"t":"idOrVar","v":"keyword"}]},{"$i":"file-exist","$v":[{"t":"idOrVar","v":"fileName"}," finns redan på den här platsen. Behåll båda?"]},{"$i":"paste-error","$v":"Kan inte klistra in en mapp i sig själv."},{"$i":"move-error","$v":"Kan inte flytta en mapp till sig själv."},{"$i":"new-folder-error","$v":["Namnet ",{"t":"idOrVar","v":"folderName"}," är redan taget. Välj ett annat namn."]},{"$i":"searching","$v":"Söker..."},{"$i":"loading","$v":"Laddar..."},{"$i":"search-empty","$v":"Hittades inte"},{"$i":"new-folder-invalid","$v":["Namnet ",{"t":"idOrVar","v":"folderName"}," är ogiltigt. Välj ett annat namn."]},{"$i":"progress-head-copy","$v":"Kopierar"},{"$i":"progress-content-copy","$v":"Kopierar objekt"},{"$i":"progress-head-move","$v":"Flyttar"},{"$i":"progress-content-move","$v":"Flyttar objekt"},{"$i":"unsupport-folder-name","$v":{"$o":"Det går inte att använda ett namn med otillåtna tecken: \\/:*?&quot;&lt;&gt;|"}},{"$i":"unsupport-string","$v":{"$o":["Det går inte att ",{"t":"idOrVar","v":"name"}," en fil med ett namn som innehåller tecken som inte stöds: \\/:*?\"<>|"]}},{"$i":"not-enough-space","$v":"Otillräckligt utrymme tillgängligt"},{"$i":"error-while-moving","$v":"Fel under flytt"},{"$i":"error-while-copying","$v":"Fel under kopiering"},{"$i":"rename-not-suffix","$v":"Filen kanske inte kan öppnas efter att tillägget har ändrats. Vill du ändra det ändå?"},{"$i":"open","$v":"Öppna"},{"$i":"options","$v":"Alternativ"},{"$i":"ok","$v":"OK"},{"$i":"cancel","$v":"Avbryt"},{"$i":"change","$v":"Ändra"},{"$i":"paste","$v":"Klistra in"},{"$i":"select","$v":"Välj"},{"$i":"deselect","$v":"Avmarkera"},{"$i":"replace","$v":"Ersätt"},{"$i":"keep-both","$v":"Behåll båda"},{"$i":"delete","$v":"Ta bort"},{"$i":"copy","$v":"Kopiera"},{"$i":"move","$v":"Flytta"},{"$i":"rename","$v":"Byt namn"},{"$i":"select-items","$v":"Välj objekt"},{"$i":"new-folder","$v":"Ny mapp"},{"$i":"search","$v":"Sök"},{"$i":"refresh","$v":"Uppdatera"},{"$i":"details","$v":"Information"},{"$i":"share","$v":"Dela"},{"$i":"select-all","$v":"Markera alla"},{"$i":"deselect-all","$v":"Avmarkera alla"},{"$i":"detail-header","$v":"Information"},{"$i":"detail-name","$v":"Namn"},{"$i":"detail-location","$v":"Plats"},{"$i":"detail-type","$v":"Typ"},{"$i":"detail-created","$v":"Skapad"},{"$i":"detail-size","$v":"Storlek"},{"$i":"folder","$v":"mapp"},{"$i":"type-unknow","$v":"okänd"},{"$i":"B","$v":"B"},{"$i":"KB","$v":"KB"},{"$i":"MB","$v":"MB"},{"$i":"GB","$v":"GB"},{"$i":"item-deleted","$v":"Artikel raderad."},{"$i":"items-deleted","$v":"Artiklar raderade."},{"$i":"item-copied","$v":"Artikel kopierad."},{"$i":"items-copied","$v":"Objekt som kopierats."},{"$i":"item-moved","$v":"Artikel flyttades."},{"$i":"items-moved","$v":"Föremål som flyttas."},{"$i":"file-renamed","$v":"Filen bytte namn på."},{"$i":"folder-renamed","$v":"Mappa bytt namn."},{"$i":"folder-created","$v":"Mapp skapad."},{"$i":"refresh-completed","$v":"Uppdateringen är klar."},{"$i":"itmes-not-copied","$v":[{"t":"idOrVar","v":"num"}," objekt har inte kopierats."]},{"$i":"itmes-not-moved","$v":[{"t":"idOrVar","v":"num"}," objekt har inte flyttats."]},{"$i":"weekday-0-long","$v":"Söndag"},{"$i":"weekday-1-long","$v":"Måndag"},{"$i":"weekday-2-long","$v":"Tisdag"},{"$i":"weekday-3-long","$v":"Onsdag"},{"$i":"weekday-4-long","$v":"Torsdag"},{"$i":"weekday-5-long","$v":"Fredag"},{"$i":"weekday-6-long","$v":"Lördag"},{"$i":"weekday-0-short","$v":"Sön"},{"$i":"weekday-1-short","$v":"Mån"},{"$i":"weekday-2-short","$v":"Tis"},{"$i":"weekday-3-short","$v":"Ons"},{"$i":"weekday-4-short","$v":"Tor"},{"$i":"weekday-5-short","$v":"Fre"},{"$i":"weekday-6-short","$v":"Lör"},{"$i":"month-0-long","$v":"Januari"},{"$i":"month-1-long","$v":"Februari"},{"$i":"month-2-long","$v":"Mars"},{"$i":"month-3-long","$v":"April"},{"$i":"month-4-long","$v":"Maj"},{"$i":"month-5-long","$v":"Juni"},{"$i":"month-6-long","$v":"Juli"},{"$i":"month-7-long","$v":"Augusti"},{"$i":"month-8-long","$v":"September"},{"$i":"month-9-long","$v":"Oktober"},{"$i":"month-10-long","$v":"November"},{"$i":"month-11-long","$v":"December"},{"$i":"month-0-genitive","$v":"Januari"},{"$i":"month-1-genitive","$v":"Februari"},{"$i":"month-2-genitive","$v":"Mars"},{"$i":"month-3-genitive","$v":"April"},{"$i":"month-4-genitive","$v":"Maj"},{"$i":"month-5-genitive","$v":"Juni"},{"$i":"month-6-genitive","$v":"Juli"},{"$i":"month-7-genitive","$v":"Augusti"},{"$i":"month-8-genitive","$v":"September"},{"$i":"month-9-genitive","$v":"Oktober"},{"$i":"month-10-genitive","$v":"November"},{"$i":"month-11-genitive","$v":"December"},{"$i":"month-0-short","$v":"Jan"},{"$i":"month-1-short","$v":"Feb"},{"$i":"month-2-short","$v":"Mar"},{"$i":"month-3-short","$v":"Apr"},{"$i":"month-4-short","$v":"Maj"},{"$i":"month-5-short","$v":"Jun"},{"$i":"month-6-short","$v":"Jul"},{"$i":"month-7-short","$v":"Aug"},{"$i":"month-8-short","$v":"Sep"},{"$i":"month-9-short","$v":"Okt"},{"$i":"month-10-short","$v":"Nov"},{"$i":"month-11-short","$v":"Dec"},{"$i":"minutes-ago-long","$v":{"few":[{"t":"idOrVar","v":"value"}," minuter sedan"],"many":[{"t":"idOrVar","v":"value"}," minuter sedan"],"other":[{"t":"idOrVar","v":"value"}," minuter sedan"],"two":[{"t":"idOrVar","v":"value"}," minuter sedan"],"one":"en minut sedan","zero":"just nu"},"$x":[{"t":"idOrVar","v":"plural"},"value"]},{"$i":"hours-ago-long","$v":{"few":[{"t":"idOrVar","v":"value"}," timmar sedan"],"many":[{"t":"idOrVar","v":"value"}," timmar sedan"],"other":[{"t":"idOrVar","v":"value"}," timmar sedan"],"two":[{"t":"idOrVar","v":"value"}," timmar sedan"],"one":"1 timme sedan","zero":"just nu"},"$x":[{"t":"idOrVar","v":"plural"},"value"]},{"$i":"days-ago-long","$v":{"few":[{"t":"idOrVar","v":"value"}," dagar sedan"],"many":[{"t":"idOrVar","v":"value"}," dagar sedan"],"one":"igår","other":[{"t":"idOrVar","v":"value"}," dagar sedan"],"two":[{"t":"idOrVar","v":"value"}," dagar sedan"],"zero":"idag"},"$x":[{"t":"idOrVar","v":"plural"},"value"]},{"$i":"weeks-ago-long","$v":{"few":[{"t":"idOrVar","v":"value"}," veckor sedan"],"many":[{"t":"idOrVar","v":"value"}," veckor sedan"],"one":"förra veckan","other":[{"t":"idOrVar","v":"value"}," veckor sedan"],"two":[{"t":"idOrVar","v":"value"}," veckor sedan"],"zero":"den här veckan"},"$x":[{"t":"idOrVar","v":"plural"},"value"]},{"$i":"months-ago-long","$v":{"few":[{"t":"idOrVar","v":"value"}," månader sedan"],"many":[{"t":"idOrVar","v":"value"}," månader sedan"],"one":"förra månaden","other":[{"t":"idOrVar","v":"value"}," månader sedan"],"two":[{"t":"idOrVar","v":"value"}," månader sedan"],"zero":"den här månaden"},"$x":[{"t":"idOrVar","v":"plural"},"value"]},{"$i":"years-ago-long","$v":{"few":[{"t":"idOrVar","v":"value"}," år sedan"],"many":[{"t":"idOrVar","v":"value"}," år sedan"],"one":"förra året","other":[{"t":"idOrVar","v":"value"}," år sedan"],"two":[{"t":"idOrVar","v":"value"}," år sedan"],"zero":"det här året"},"$x":[{"t":"idOrVar","v":"plural"},"value"]},{"$i":"minutes-until-long","$v":{"few":["om ",{"t":"idOrVar","v":"value"}," minuter"],"many":["om ",{"t":"idOrVar","v":"value"}," minuter"],"other":["om ",{"t":"idOrVar","v":"value"}," minuter"],"two":["om ",{"t":"idOrVar","v":"value"}," minuter"],"zero":"nu","one":"på 1 minut"},"$x":[{"t":"idOrVar","v":"plural"},"value"]},{"$i":"hours-until-long","$v":{"few":["om ",{"t":"idOrVar","v":"value"}," timmar"],"many":["om ",{"t":"idOrVar","v":"value"}," timmar"],"other":["om ",{"t":"idOrVar","v":"value"}," timmar"],"two":["om ",{"t":"idOrVar","v":"value"}," timmar"],"zero":"nu","one":"om 1 timme"},"$x":[{"t":"idOrVar","v":"plural"},"value"]},{"$i":"days-until-long","$v":{"few":["om ",{"t":"idOrVar","v":"value"}," dagar"],"many":["om ",{"t":"idOrVar","v":"value"}," dagar"],"one":"imorgon","other":["om ",{"t":"idOrVar","v":"value"}," dagar"],"two":["om ",{"t":"idOrVar","v":"value"}," dagar"],"zero":"idag"},"$x":[{"t":"idOrVar","v":"plural"},"value"]},{"$i":"weeks-until-long","$v":{"few":["om ",{"t":"idOrVar","v":"value"}," veckor"],"many":["om ",{"t":"idOrVar","v":"value"}," veckor"],"one":"nästa vecka","other":["om ",{"t":"idOrVar","v":"value"}," veckor"],"two":["om ",{"t":"idOrVar","v":"value"}," veckor"],"zero":"den här veckan"},"$x":[{"t":"idOrVar","v":"plural"},"value"]},{"$i":"months-until-long","$v":{"few":["om ",{"t":"idOrVar","v":"value"}," månader"],"many":["om ",{"t":"idOrVar","v":"value"}," månader"],"one":"nästa månad","other":["om ",{"t":"idOrVar","v":"value"}," månader"],"two":["om ",{"t":"idOrVar","v":"value"}," månader"],"zero":"den här månaden"},"$x":[{"t":"idOrVar","v":"plural"},"value"]},{"$i":"years-until-long","$v":{"few":["om ",{"t":"idOrVar","v":"value"}," år"],"many":["om ",{"t":"idOrVar","v":"value"}," år"],"one":"nästa år","other":["om ",{"t":"idOrVar","v":"value"}," år"],"two":["om ",{"t":"idOrVar","v":"value"}," år"],"zero":"det här året"},"$x":[{"t":"idOrVar","v":"plural"},"value"]},{"$i":"minutes-ago-short","$v":{"other":[{"t":"idOrVar","v":"value"}," m sedan"],"zero":"just nu"},"$x":[{"t":"idOrVar","v":"plural"},"value"]},{"$i":"hours-ago-short","$v":{"other":[{"t":"idOrVar","v":"value"}," tim. sedan"],"zero":"just nu"},"$x":[{"t":"idOrVar","v":"plural"},"value"]},{"$i":"days-ago-short","$v":{"other":[{"t":"idOrVar","v":"value"}," d sedan"],"zero":"idag"},"$x":[{"t":"idOrVar","v":"plural"},"value"]},{"$i":"minutes-until-short","$v":{"other":["om ",{"t":"idOrVar","v":"value"}," min."],"zero":"nu"},"$x":[{"t":"idOrVar","v":"plural"},"value"]},{"$i":"hours-until-short","$v":{"other":["om ",{"t":"idOrVar","v":"value"}," tim."],"zero":"nu"},"$x":[{"t":"idOrVar","v":"plural"},"value"]},{"$i":"days-until-short","$v":{"other":["om ",{"t":"idOrVar","v":"value"}," dag"],"zero":"idag"},"$x":[{"t":"idOrVar","v":"plural"},"value"]},{"$i":"incorrectDate","$v":"(fel datum)"},{"$i":"dateTimeFormat_%c","$v":"%a %b %e %Y %I:%M:%S %p"},{"$i":"dateTimeFormat_%x","$v":"%m/%d/%Y"},{"$i":"dateTimeFormat_%X","$v":"%I:%M:%S %p"},{"$i":"shortTimeFormat","$v":"%I:%M %p"},{"$i":"shortTimeFormat12","$v":"%I:%M %p"},{"$i":"shortTimeFormat24","$v":"%H:%M"},{"$i":"shortDateTimeFormat","$v":"%x %I:%M %p"},{"$i":"weekStartsOnMonday","$v":"0.0"},{"$i":"firstDayOfTheWeek","$v":"1.0"},{"$i":"time_am","$v":"am"},{"$i":"time_pm","$v":"PM"}]