[{"$i":"filemanager","$v":"Dosya Yöneticisi"},{"$i":"internal","$v":"Dahili"},{"$i":"sdcard","$v":"SD Kart"},{"$i":"no-files","$v":"Bu klasör boş."},{"$i":"not-support-header","$v":"Açılamıyor"},{"$i":"not-support-content","$v":"Bu dosya biçimi geçersiz veya desteklenmiyor."},{"$i":"confirmation-header","$v":"Onay"},{"$i":"delete-file-content","$v":[{"t":"idOrVar","v":"fileName"}," dosyası silinsin mi?"]},{"$i":"delete-folder-content","$v":["Seçilen klasördeki tüm öğeler silinecek. ",{"t":"idOrVar","v":"fileName"}," klasörü silinsin mi?"]},{"$i":"copy-move-header","$v":"Hedef Klasör Seç"},{"$i":"number-selected","$v":{"few":[{"t":"idOrVar","v":"number"}," Seçildi"],"many":[{"t":"idOrVar","v":"number"}," Seçildi"],"one":[{"t":"idOrVar","v":"number"}," Seçildi"],"other":[{"t":"idOrVar","v":"number"}," Seçildi"],"two":[{"t":"idOrVar","v":"number"}," Seçildi"],"zero":[{"t":"idOrVar","v":"number"}," Seçildi"]},"$x":[{"t":"idOrVar","v":"plural"},"number"]},{"$i":"delete-all-folder","$v":"Seçilen klasördeki tüm öğeler silinecek. Seçilen öğeler silinsin mi?"},{"$i":"delete-all-file","$v":"Seçilen dosyalar silinsin mi?"},{"$i":"search-in","$v":"Şurada aranıyor:"},{"$i":"search-current","$v":"Sadece mevcut klasör"},{"$i":"search-internal","$v":"Dahili"},{"$i":"search-sdcard","$v":"SD Kart"},{"$i":"search-header","$v":["Ara: ",{"t":"idOrVar","v":"keyword"}]},{"$i":"file-exist","$v":[{"t":"idOrVar","v":"fileName"}," zaten bu konumda bulunuyor. İkisini de tutmak istiyor musunuz?"]},{"$i":"paste-error","$v":"Klasörü kendisine yapıştıramazsınız."},{"$i":"move-error","$v":"Klasörü kendisine sürükleyemezsiniz."},{"$i":"new-folder-error","$v":[{"t":"idOrVar","v":"folderName"}," adı daha önceden alınmış. Başka bir ad seçin."]},{"$i":"searching","$v":"Aranıyor..."},{"$i":"loading","$v":"Yükleniyor..."},{"$i":"search-empty","$v":"Bulunamadı"},{"$i":"new-folder-invalid","$v":[{"t":"idOrVar","v":"folderName"}," adı geçersiz. Başka bir ad seçin."]},{"$i":"progress-head-copy","$v":"Kopyalanıyor"},{"$i":"progress-content-copy","$v":"Öğe kopyalanıyor"},{"$i":"progress-head-move","$v":"Taşınıyor"},{"$i":"progress-content-move","$v":"Öğe taşınıyor"},{"$i":"unsupport-folder-name","$v":{"$o":"Desteklenmeyen karakterler içeren ad kullanılamaz: \\/:*?\"<>|"}},{"$i":"unsupport-string","$v":{"$o":["Dosyaya desteklenmeyen karakterler içeren bir ",{"t":"idOrVar","v":"name"}," verilemez: \\/:*?\"<>|"]}},{"$i":"not-enough-space","$v":"Yeterli boş alan yok"},{"$i":"error-while-moving","$v":"Taşıma sırasında hata oluştu"},{"$i":"error-while-copying","$v":"Kopyalama sırasında hata oluştu"},{"$i":"rename-not-suffix","$v":"Uzantısı değiştirilen dosya daha sonra açılamayabilir. Yine de değiştirilsin mi?"},{"$i":"open","$v":"Aç"},{"$i":"options","$v":"Seçenekler"},{"$i":"ok","$v":"Tamam"},{"$i":"cancel","$v":"İptal"},{"$i":"change","$v":"Değiştir"},{"$i":"paste","$v":"Yapıştır"},{"$i":"select","$v":"Seç"},{"$i":"deselect","$v":"Seçimi kaldır"},{"$i":"replace","$v":"Değiştir"},{"$i":"keep-both","$v":"İkisini Tut"},{"$i":"delete","$v":"Sil"},{"$i":"copy","$v":"Kopyala"},{"$i":"move","$v":"Taşı"},{"$i":"rename","$v":"Yeniden adlandır"},{"$i":"select-items","$v":"Öğeleri seç"},{"$i":"new-folder","$v":"Yeni klasör"},{"$i":"search","$v":"Arama"},{"$i":"refresh","$v":"Yenile"},{"$i":"details","$v":"Ayrıntılar"},{"$i":"share","$v":"Paylaş"},{"$i":"select-all","$v":"Tümünü Seç"},{"$i":"deselect-all","$v":"Tüm Seçimleri Kaldır"},{"$i":"detail-header","$v":"Ayrıntılar"},{"$i":"detail-name","$v":"Ad"},{"$i":"detail-location","$v":"Konum"},{"$i":"detail-type","$v":"Tip"},{"$i":"detail-created","$v":"Oluşturuldu"},{"$i":"detail-size","$v":"Boyut"},{"$i":"folder","$v":"klasör"},{"$i":"type-unknow","$v":"bilinmiyor"},{"$i":"B","$v":"B"},{"$i":"KB","$v":"KB"},{"$i":"MB","$v":"MB"},{"$i":"GB","$v":"GB"},{"$i":"item-deleted","$v":"Öğe silindi."},{"$i":"items-deleted","$v":"Öğeler silindi."},{"$i":"item-copied","$v":"Öğe kopyalandı."},{"$i":"items-copied","$v":"Öğeler kopyalandı."},{"$i":"item-moved","$v":"Öğe taşındı."},{"$i":"items-moved","$v":"Öğeler taşındı."},{"$i":"file-renamed","$v":"Dosya yeniden adlandırıldı."},{"$i":"folder-renamed","$v":"Klasör yeniden adlandırıldı."},{"$i":"folder-created","$v":"Klasör oluşturuldu."},{"$i":"refresh-completed","$v":"Yenileme işlemi tamamlandı."},{"$i":"itmes-not-copied","$v":[{"t":"idOrVar","v":"num"}," öğe kopyalanmadı."]},{"$i":"itmes-not-moved","$v":[{"t":"idOrVar","v":"num"}," öğe taşınmadı."]},{"$i":"weekday-0-long","$v":"Pazar"},{"$i":"weekday-1-long","$v":"Pazartesi"},{"$i":"weekday-2-long","$v":"Salı"},{"$i":"weekday-3-long","$v":"Çarşamba"},{"$i":"weekday-4-long","$v":"Perşembe"},{"$i":"weekday-5-long","$v":"Cuma"},{"$i":"weekday-6-long","$v":"Cumartesi"},{"$i":"weekday-0-short","$v":"Paz"},{"$i":"weekday-1-short","$v":"Pzt"},{"$i":"weekday-2-short","$v":"Sal"},{"$i":"weekday-3-short","$v":"Çrş"},{"$i":"weekday-4-short","$v":"Per"},{"$i":"weekday-5-short","$v":"Cum"},{"$i":"weekday-6-short","$v":"Cmt"},{"$i":"month-0-long","$v":"Ocak"},{"$i":"month-1-long","$v":"Şubat"},{"$i":"month-2-long","$v":"Mart"},{"$i":"month-3-long","$v":"Nisan"},{"$i":"month-4-long","$v":"Mayıs"},{"$i":"month-5-long","$v":"Haziran"},{"$i":"month-6-long","$v":"Temmuz"},{"$i":"month-7-long","$v":"Ağustos"},{"$i":"month-8-long","$v":"Eylül"},{"$i":"month-9-long","$v":"Ekim"},{"$i":"month-10-long","$v":"Kasım"},{"$i":"month-11-long","$v":"Aralık"},{"$i":"month-0-genitive","$v":"Ocak"},{"$i":"month-1-genitive","$v":"Şubat"},{"$i":"month-2-genitive","$v":"Mart"},{"$i":"month-3-genitive","$v":"Nisan"},{"$i":"month-4-genitive","$v":"Mayıs"},{"$i":"month-5-genitive","$v":"Haziran"},{"$i":"month-6-genitive","$v":"Temmuz"},{"$i":"month-7-genitive","$v":"Ağustos"},{"$i":"month-8-genitive","$v":"Eylül"},{"$i":"month-9-genitive","$v":"Ekim"},{"$i":"month-10-genitive","$v":"Kasım"},{"$i":"month-11-genitive","$v":"Aralık"},{"$i":"month-0-short","$v":"Oca"},{"$i":"month-1-short","$v":"Şub"},{"$i":"month-2-short","$v":"Mar"},{"$i":"month-3-short","$v":"Nis"},{"$i":"month-4-short","$v":"Mayıs"},{"$i":"month-5-short","$v":"Haz"},{"$i":"month-6-short","$v":"Tem"},{"$i":"month-7-short","$v":"Ağu"},{"$i":"month-8-short","$v":"Eyl"},{"$i":"month-9-short","$v":"Eki"},{"$i":"month-10-short","$v":"Kas"},{"$i":"month-11-short","$v":"Ara"},{"$i":"minutes-ago-long","$v":{"few":[{"t":"idOrVar","v":"value"}," dakika önce"],"many":[{"t":"idOrVar","v":"value"}," dakika önce"],"other":[{"t":"idOrVar","v":"value"}," dakika önce"],"two":[{"t":"idOrVar","v":"value"}," dakika önce"],"one":"bir dakika önce","zero":"Hemen Şimdi"},"$x":[{"t":"idOrVar","v":"plural"},"value"]},{"$i":"hours-ago-long","$v":{"few":[{"t":"idOrVar","v":"value"}," saat önce"],"many":[{"t":"idOrVar","v":"value"}," saat önce"],"other":[{"t":"idOrVar","v":"value"}," saat önce"],"two":[{"t":"idOrVar","v":"value"}," saat önce"],"one":"bir saat önce","zero":"Hemen Şimdi"},"$x":[{"t":"idOrVar","v":"plural"},"value"]},{"$i":"days-ago-long","$v":{"few":[{"t":"idOrVar","v":"value"}," gün önce"],"many":[{"t":"idOrVar","v":"value"}," gün önce"],"one":"dün","other":[{"t":"idOrVar","v":"value"}," gün önce"],"two":[{"t":"idOrVar","v":"value"}," gün önce"],"zero":"bugün"},"$x":[{"t":"idOrVar","v":"plural"},"value"]},{"$i":"weeks-ago-long","$v":{"few":[{"t":"idOrVar","v":"value"}," hafta önce"],"many":[{"t":"idOrVar","v":"value"}," hafta önce"],"one":"geçen hafta","other":[{"t":"idOrVar","v":"value"}," hafta önce"],"two":[{"t":"idOrVar","v":"value"}," hafta önce"],"zero":"bu hafta"},"$x":[{"t":"idOrVar","v":"plural"},"value"]},{"$i":"months-ago-long","$v":{"few":[{"t":"idOrVar","v":"value"}," ay önce"],"many":[{"t":"idOrVar","v":"value"}," ay önce"],"one":"geçen ay","other":[{"t":"idOrVar","v":"value"}," ay önce"],"two":[{"t":"idOrVar","v":"value"}," ay önce"],"zero":"bu ay"},"$x":[{"t":"idOrVar","v":"plural"},"value"]},{"$i":"years-ago-long","$v":{"few":[{"t":"idOrVar","v":"value"}," yıl önce"],"many":[{"t":"idOrVar","v":"value"}," yıl önce"],"one":"geçen yıl","other":[{"t":"idOrVar","v":"value"}," yıl önce"],"two":[{"t":"idOrVar","v":"value"}," yıl önce"],"zero":"bu yıl"},"$x":[{"t":"idOrVar","v":"plural"},"value"]},{"$i":"minutes-until-long","$v":{"few":[{"t":"idOrVar","v":"value"}," dakika içinde"],"many":[{"t":"idOrVar","v":"value"}," dakika içinde"],"other":[{"t":"idOrVar","v":"value"}," dakika içinde"],"two":[{"t":"idOrVar","v":"value"}," dakika içinde"],"zero":"şimdi","one":"bir dakika içinde"},"$x":[{"t":"idOrVar","v":"plural"},"value"]},{"$i":"hours-until-long","$v":{"few":[{"t":"idOrVar","v":"value"}," saat içinde"],"many":[{"t":"idOrVar","v":"value"}," saat içinde"],"other":[{"t":"idOrVar","v":"value"}," saat içinde"],"two":[{"t":"idOrVar","v":"value"}," saat içinde"],"zero":"şimdi","one":"bir saat içinde"},"$x":[{"t":"idOrVar","v":"plural"},"value"]},{"$i":"days-until-long","$v":{"few":[{"t":"idOrVar","v":"value"}," gün içinde"],"many":[{"t":"idOrVar","v":"value"}," gün içinde"],"one":"yarın","other":[{"t":"idOrVar","v":"value"}," gün içinde"],"two":[{"t":"idOrVar","v":"value"}," gün içinde"],"zero":"bugün"},"$x":[{"t":"idOrVar","v":"plural"},"value"]},{"$i":"weeks-until-long","$v":{"few":[{"t":"idOrVar","v":"value"}," hafta içinde"],"many":[{"t":"idOrVar","v":"value"}," hafta içinde"],"one":"gelecek hafta","other":[{"t":"idOrVar","v":"value"}," hafta içinde"],"two":[{"t":"idOrVar","v":"value"}," hafta içinde"],"zero":"bu hafta"},"$x":[{"t":"idOrVar","v":"plural"},"value"]},{"$i":"months-until-long","$v":{"few":[{"t":"idOrVar","v":"value"}," ay içinde"],"many":[{"t":"idOrVar","v":"value"}," ay içinde"],"one":"gelecek ay","other":[{"t":"idOrVar","v":"value"}," ay içinde"],"two":[{"t":"idOrVar","v":"value"}," ay içinde"],"zero":"bu ay"},"$x":[{"t":"idOrVar","v":"plural"},"value"]},{"$i":"years-until-long","$v":{"few":[{"t":"idOrVar","v":"value"}," yıl içinde"],"many":[{"t":"idOrVar","v":"value"}," yıl içinde"],"one":"gelecek yıl","other":[{"t":"idOrVar","v":"value"}," yıl içinde"],"two":[{"t":"idOrVar","v":"value"}," yıl içinde"],"zero":"bu yıl"},"$x":[{"t":"idOrVar","v":"plural"},"value"]},{"$i":"minutes-ago-short","$v":{"other":[{"t":"idOrVar","v":"value"},"d önce"],"zero":"Hemen Şimdi"},"$x":[{"t":"idOrVar","v":"plural"},"value"]},{"$i":"hours-ago-short","$v":{"other":[{"t":"idOrVar","v":"value"},"s önce"],"zero":"Hemen Şimdi"},"$x":[{"t":"idOrVar","v":"plural"},"value"]},{"$i":"days-ago-short","$v":{"other":[{"t":"idOrVar","v":"value"},"g önce"],"zero":"bugün"},"$x":[{"t":"idOrVar","v":"plural"},"value"]},{"$i":"minutes-until-short","$v":{"other":[{"t":"idOrVar","v":"value"},"d içinde"],"zero":"şimdi"},"$x":[{"t":"idOrVar","v":"plural"},"value"]},{"$i":"hours-until-short","$v":{"other":[{"t":"idOrVar","v":"value"},"s içinde"],"zero":"şimdi"},"$x":[{"t":"idOrVar","v":"plural"},"value"]},{"$i":"days-until-short","$v":{"other":[{"t":"idOrVar","v":"value"},"g içinde"],"zero":"bugün"},"$x":[{"t":"idOrVar","v":"plural"},"value"]},{"$i":"incorrectDate","$v":"(hatalı tarih)"},{"$i":"dateTimeFormat_%c","$v":"%a %b %e %Y %I:%M:%S %p"},{"$i":"dateTimeFormat_%x","$v":"%d/%m/%Y"},{"$i":"dateTimeFormat_%X","$v":"%I:%M:%S %p"},{"$i":"shortTimeFormat","$v":"%I:%M %p"},{"$i":"shortTimeFormat12","$v":"%I:%M %p"},{"$i":"shortTimeFormat24","$v":"%H:%M"},{"$i":"shortDateTimeFormat","$v":"%x %I:%M %p"},{"$i":"weekStartsOnMonday","$v":"0.0"},{"$i":"firstDayOfTheWeek","$v":"1.0"},{"$i":"time_am","$v":"AM"},{"$i":"time_pm","$v":"PM"}]