[{"$i":"filemanager","$v":"Менеджер файлів"},{"$i":"internal","$v":"Внутрішня пам’ять"},{"$i":"sdcard","$v":"SD-картка"},{"$i":"no-files","$v":"Ця папка пуста."},{"$i":"not-support-header","$v":"Не вдалося відкрити"},{"$i":"not-support-content","$v":"Цей формат файлу недійсний або не підтримується."},{"$i":"confirmation-header","$v":"Підтвердження"},{"$i":"delete-file-content","$v":["Видалити файл \"",{"t":"idOrVar","v":"fileName"},"\"?"]},{"$i":"delete-folder-content","$v":["Усі елементи у вибраній папці буде видалено. Видалити папку \"",{"t":"idOrVar","v":"fileName"},"\"?"]},{"$i":"copy-move-header","$v":"Вибір цільової папки"},{"$i":"number-selected","$v":{"few":["Вибрано: ",{"t":"idOrVar","v":"number"}],"many":["Вибрано: ",{"t":"idOrVar","v":"number"}],"one":["Вибрано: ",{"t":"idOrVar","v":"number"}],"other":["Вибрано: ",{"t":"idOrVar","v":"number"}],"two":["Вибрано: ",{"t":"idOrVar","v":"number"}],"zero":["Вибрано: ",{"t":"idOrVar","v":"number"}]},"$x":[{"t":"idOrVar","v":"plural"},"number"]},{"$i":"delete-all-folder","$v":"Усі елементи у вибраній папці буде видалено. Видалити вибрані елементи?"},{"$i":"delete-all-file","$v":"Видалити вибрані елементи?"},{"$i":"search-in","$v":"Пошук у"},{"$i":"search-current","$v":"Лише поточна папка"},{"$i":"search-internal","$v":"Внутрішня пам’ять"},{"$i":"search-sdcard","$v":"SD-картка"},{"$i":"search-header","$v":["Пошук: ",{"t":"idOrVar","v":"keyword"}]},{"$i":"file-exist","$v":["У цьому розташуванні вже існує файл \"",{"t":"idOrVar","v":"fileName"},"\". Зберегти обидва елементи?"]},{"$i":"paste-error","$v":"Папку не можна вставити саму в себе."},{"$i":"move-error","$v":"Папку не можна перемістити саму в себе."},{"$i":"new-folder-error","$v":["Ім’я \"",{"t":"idOrVar","v":"folderName"},"\" вже використовується. Виберіть інше."]},{"$i":"searching","$v":"Пошук…"},{"$i":"loading","$v":"Завантаження…"},{"$i":"search-empty","$v":"Не знайдено"},{"$i":"new-folder-invalid","$v":["Ім’я \"",{"t":"idOrVar","v":"folderName"},"\" неприпустиме. Виберіть інше."]},{"$i":"progress-head-copy","$v":"Копіювання"},{"$i":"progress-content-copy","$v":"Копіювання елемента"},{"$i":"progress-head-move","$v":"Переміщення"},{"$i":"progress-content-move","$v":"Переміщення елемента"},{"$i":"unsupport-folder-name","$v":{"$o":"Не можна використовувати ім’я, що містить непідтримувані символи: \\/:*?&quot;&lt;&gt;|"}},{"$i":"unsupport-string","$v":{"$o":["Неможливо ",{"t":"idOrVar","v":"name"}," файл із назвою, що містить непідтримувані символи: \\/:*?\"<>|"]}},{"$i":"not-enough-space","$v":"Недостатньо вільного місця"},{"$i":"error-while-moving","$v":"Помилка під час переміщення"},{"$i":"error-while-copying","$v":"Помилка під час копіювання"},{"$i":"rename-not-suffix","$v":"Можливо, ви не зможете відкрити файл після змінення розширення. Усе одно змінити?"},{"$i":"open","$v":"Відкрити"},{"$i":"options","$v":"Опції"},{"$i":"ok","$v":"OK"},{"$i":"cancel","$v":"Скасувати"},{"$i":"change","$v":"Змінити"},{"$i":"paste","$v":"Вставити"},{"$i":"select","$v":"Вибрати"},{"$i":"deselect","$v":"Скасувати вибір"},{"$i":"replace","$v":"Замінити"},{"$i":"keep-both","$v":"Зберегти обидва"},{"$i":"delete","$v":"Видалити"},{"$i":"copy","$v":"Копіювати"},{"$i":"move","$v":"Перемістити"},{"$i":"rename","$v":"Перейменувати"},{"$i":"select-items","$v":"Вибрати елементи"},{"$i":"new-folder","$v":"Нова папка"},{"$i":"search","$v":"Пошук"},{"$i":"refresh","$v":"Оновити"},{"$i":"details","$v":"Деталі"},{"$i":"share","$v":"Обмінятися"},{"$i":"select-all","$v":"Вибрати все"},{"$i":"deselect-all","$v":"Скасувати вибір усіх"},{"$i":"detail-header","$v":"Деталі"},{"$i":"detail-name","$v":"Ім’я"},{"$i":"detail-location","$v":"Розташування"},{"$i":"detail-type","$v":"Тип"},{"$i":"detail-created","$v":"Створено"},{"$i":"detail-size","$v":"Розмір"},{"$i":"folder","$v":"папка"},{"$i":"type-unknow","$v":"Невідомий"},{"$i":"B","$v":"Б"},{"$i":"KB","$v":"КБ"},{"$i":"MB","$v":"МБ"},{"$i":"GB","$v":"ГБ"},{"$i":"item-deleted","$v":"Елемент видалено."},{"$i":"items-deleted","$v":"Елементи видалено."},{"$i":"item-copied","$v":"Елемент скопійовано."},{"$i":"items-copied","$v":"Елементи скопійовані."},{"$i":"item-moved","$v":"Елемент переміщено."},{"$i":"items-moved","$v":"Елементи переміщено."},{"$i":"file-renamed","$v":"Файл перейменовано."},{"$i":"folder-renamed","$v":"Папка перейменована."},{"$i":"folder-created","$v":"Папка створена."},{"$i":"refresh-completed","$v":"Оновлення завершено."},{"$i":"itmes-not-copied","$v":["Не скопійовано елементів: ",{"t":"idOrVar","v":"num"},"."]},{"$i":"itmes-not-moved","$v":["Не переміщено елементів: ",{"t":"idOrVar","v":"num"},"."]},{"$i":"weekday-0-long","$v":"Неділя"},{"$i":"weekday-1-long","$v":"Понеділок"},{"$i":"weekday-2-long","$v":"Вівторок"},{"$i":"weekday-3-long","$v":"Середа"},{"$i":"weekday-4-long","$v":"Четвер"},{"$i":"weekday-5-long","$v":"П’ятниця"},{"$i":"weekday-6-long","$v":"Субота"},{"$i":"weekday-0-short","$v":"Нд"},{"$i":"weekday-1-short","$v":"Пн"},{"$i":"weekday-2-short","$v":"Вт"},{"$i":"weekday-3-short","$v":"Ср"},{"$i":"weekday-4-short","$v":"Чт"},{"$i":"weekday-5-short","$v":"Пт"},{"$i":"weekday-6-short","$v":"Сб"},{"$i":"month-0-long","$v":"Січень"},{"$i":"month-1-long","$v":"Лютий"},{"$i":"month-2-long","$v":"Березень"},{"$i":"month-3-long","$v":"Квітень"},{"$i":"month-4-long","$v":"Травень"},{"$i":"month-5-long","$v":"Червень"},{"$i":"month-6-long","$v":"Липень"},{"$i":"month-7-long","$v":"Серпень"},{"$i":"month-8-long","$v":"Вересень"},{"$i":"month-9-long","$v":"Жовтень"},{"$i":"month-10-long","$v":"Листопад"},{"$i":"month-11-long","$v":"Грудень"},{"$i":"month-0-genitive","$v":"січня"},{"$i":"month-1-genitive","$v":"лютого"},{"$i":"month-2-genitive","$v":"березня"},{"$i":"month-3-genitive","$v":"квітня"},{"$i":"month-4-genitive","$v":"травня"},{"$i":"month-5-genitive","$v":"червня"},{"$i":"month-6-genitive","$v":"липня"},{"$i":"month-7-genitive","$v":"серпня"},{"$i":"month-8-genitive","$v":"вересня"},{"$i":"month-9-genitive","$v":"жовтня"},{"$i":"month-10-genitive","$v":"листопада"},{"$i":"month-11-genitive","$v":"грудня"},{"$i":"month-0-short","$v":"Січ"},{"$i":"month-1-short","$v":"Лют"},{"$i":"month-2-short","$v":"Бер"},{"$i":"month-3-short","$v":"Кві"},{"$i":"month-4-short","$v":"Тра"},{"$i":"month-5-short","$v":"Чер"},{"$i":"month-6-short","$v":"Лип"},{"$i":"month-7-short","$v":"Сер"},{"$i":"month-8-short","$v":"Вер"},{"$i":"month-9-short","$v":"Жов"},{"$i":"month-10-short","$v":"Лис"},{"$i":"month-11-short","$v":"Гру"},{"$i":"minutes-ago-long","$v":{"few":[{"t":"idOrVar","v":"value"}," хвилини тому"],"many":[{"t":"idOrVar","v":"value"}," хвилин тому"],"other":[{"t":"idOrVar","v":"value"}," хвилини тому"],"two":[{"t":"idOrVar","v":"value"}," хвилини тому"],"one":"Хвилину тому","zero":"просто зараз"},"$x":[{"t":"idOrVar","v":"plural"},"value"]},{"$i":"hours-ago-long","$v":{"few":[{"t":"idOrVar","v":"value"}," години тому"],"many":[{"t":"idOrVar","v":"value"}," годин тому"],"other":[{"t":"idOrVar","v":"value"}," години тому"],"two":[{"t":"idOrVar","v":"value"}," години тому"],"one":"1 год","zero":"просто зараз"},"$x":[{"t":"idOrVar","v":"plural"},"value"]},{"$i":"days-ago-long","$v":{"few":[{"t":"idOrVar","v":"value"}," дні тому"],"many":[{"t":"idOrVar","v":"value"}," днів тому"],"one":"учора","other":[{"t":"idOrVar","v":"value"}," дня тому"],"two":[{"t":"idOrVar","v":"value"}," дні тому"],"zero":"сьогодні"},"$x":[{"t":"idOrVar","v":"plural"},"value"]},{"$i":"weeks-ago-long","$v":{"few":[{"t":"idOrVar","v":"value"}," тижні тому"],"many":[{"t":"idOrVar","v":"value"}," тижнів тому"],"one":"минулий тиждень","other":[{"t":"idOrVar","v":"value"}," тижня тому"],"two":[{"t":"idOrVar","v":"value"}," тижні тому"],"zero":"цього тижня"},"$x":[{"t":"idOrVar","v":"plural"},"value"]},{"$i":"months-ago-long","$v":{"few":[{"t":"idOrVar","v":"value"}," місяці тому"],"many":[{"t":"idOrVar","v":"value"}," місяців тому"],"one":"минулий місяць","other":[{"t":"idOrVar","v":"value"}," місяця тому"],"two":[{"t":"idOrVar","v":"value"}," місяці тому"],"zero":"цього місяця"},"$x":[{"t":"idOrVar","v":"plural"},"value"]},{"$i":"years-ago-long","$v":{"few":[{"t":"idOrVar","v":"value"}," роки тому"],"many":[{"t":"idOrVar","v":"value"}," років тому"],"one":"минулий рік","other":[{"t":"idOrVar","v":"value"}," року тому"],"two":[{"t":"idOrVar","v":"value"}," роки тому"],"zero":"цього року"},"$x":[{"t":"idOrVar","v":"plural"},"value"]},{"$i":"minutes-until-long","$v":{"few":["через ",{"t":"idOrVar","v":"value"}," хв."],"many":["через ",{"t":"idOrVar","v":"value"}," хв."],"other":["через ",{"t":"idOrVar","v":"value"}," хв."],"two":["через ",{"t":"idOrVar","v":"value"}," хв."],"zero":"зараз","one":"за 1 хвилину"},"$x":[{"t":"idOrVar","v":"plural"},"value"]},{"$i":"hours-until-long","$v":{"few":["через ",{"t":"idOrVar","v":"value"}," год."],"many":["через ",{"t":"idOrVar","v":"value"}," год."],"other":["через ",{"t":"idOrVar","v":"value"}," год."],"two":["через ",{"t":"idOrVar","v":"value"}," год."],"zero":"зараз","one":"через 1 годину"},"$x":[{"t":"idOrVar","v":"plural"},"value"]},{"$i":"days-until-long","$v":{"few":["через ",{"t":"idOrVar","v":"value"}," дн."],"many":["через ",{"t":"idOrVar","v":"value"}," дн."],"one":"завтра","other":["через ",{"t":"idOrVar","v":"value"}," дн."],"two":["через ",{"t":"idOrVar","v":"value"}," дн."],"zero":"сьогодні"},"$x":[{"t":"idOrVar","v":"plural"},"value"]},{"$i":"weeks-until-long","$v":{"few":["через ",{"t":"idOrVar","v":"value"}," тиж."],"many":["через ",{"t":"idOrVar","v":"value"}," тиж."],"one":"наступного тижня","other":["через ",{"t":"idOrVar","v":"value"}," тиж."],"two":["через ",{"t":"idOrVar","v":"value"}," тиж."],"zero":"цього тижня"},"$x":[{"t":"idOrVar","v":"plural"},"value"]},{"$i":"months-until-long","$v":{"few":["через ",{"t":"idOrVar","v":"value"}," міс."],"many":["через ",{"t":"idOrVar","v":"value"}," міс."],"one":"наступного місяця","other":["через ",{"t":"idOrVar","v":"value"}," міс."],"two":["через ",{"t":"idOrVar","v":"value"}," міс."],"zero":"цього місяця"},"$x":[{"t":"idOrVar","v":"plural"},"value"]},{"$i":"years-until-long","$v":{"few":["через ",{"t":"idOrVar","v":"value"}," р."],"many":["через ",{"t":"idOrVar","v":"value"}," р."],"one":"наступного року","other":["через ",{"t":"idOrVar","v":"value"}," р."],"two":["через ",{"t":"idOrVar","v":"value"}," р."],"zero":"цього року"},"$x":[{"t":"idOrVar","v":"plural"},"value"]},{"$i":"minutes-ago-short","$v":{"other":[{"t":"idOrVar","v":"value"}," хвилини тому"],"zero":"просто зараз"},"$x":[{"t":"idOrVar","v":"plural"},"value"]},{"$i":"hours-ago-short","$v":{"other":[{"t":"idOrVar","v":"value"}," години тому"],"zero":"просто зараз"},"$x":[{"t":"idOrVar","v":"plural"},"value"]},{"$i":"days-ago-short","$v":{"other":[{"t":"idOrVar","v":"value"}," дня тому"],"zero":"сьогодні"},"$x":[{"t":"idOrVar","v":"plural"},"value"]},{"$i":"minutes-until-short","$v":{"other":["через ",{"t":"idOrVar","v":"value"}," хв."],"zero":"зараз"},"$x":[{"t":"idOrVar","v":"plural"},"value"]},{"$i":"hours-until-short","$v":{"other":["через ",{"t":"idOrVar","v":"value"}," год."],"zero":"зараз"},"$x":[{"t":"idOrVar","v":"plural"},"value"]},{"$i":"days-until-short","$v":{"other":["через ",{"t":"idOrVar","v":"value"}," дн."],"zero":"сьогодні"},"$x":[{"t":"idOrVar","v":"plural"},"value"]},{"$i":"incorrectDate","$v":"(неправильна дата)"},{"$i":"dateTimeFormat_%c","$v":"%a %b %e %Y %I:%M:%S %p"},{"$i":"dateTimeFormat_%x","$v":"%m/%d/%Y"},{"$i":"dateTimeFormat_%X","$v":"%I:%M:%S %p"},{"$i":"shortTimeFormat","$v":"%I:%M %p"},{"$i":"shortTimeFormat12","$v":"%I:%M %p"},{"$i":"shortTimeFormat24","$v":"%H:%M"},{"$i":"shortDateTimeFormat","$v":"%x %I:%M %p"},{"$i":"weekStartsOnMonday","$v":"0.0"},{"$i":"firstDayOfTheWeek","$v":"1.0"},{"$i":"time_am","$v":"ДП"},{"$i":"time_pm","$v":"ПП"}]