[{"$i":"filemanager","$v":"فائل مینیجر"},{"$i":"internal","$v":"اندرونی"},{"$i":"sdcard","$v":"SD کارڈ"},{"$i":"no-files","$v":"یہ فولڈر خالی ہے۔"},{"$i":"not-support-header","$v":"کھولنے سے قاصر"},{"$i":"not-support-content","$v":"یہ فائل فارمیٹ غیر مجاز یا غیر تائيد یافتہ ہے۔"},{"$i":"confirmation-header","$v":"توثیق کاری"},{"$i":"delete-file-content","$v":[{"t":"idOrVar","v":"fileName"}," فائل کو حذف کریں؟"]},{"$i":"delete-folder-content","$v":["منتخب شدہ فولڈر میں تمام آئٹمز کو حذف کر دیا جائے گا۔ فولڈر ",{"t":"idOrVar","v":"fileName"}," کو حذف کریں؟"]},{"$i":"copy-move-header","$v":"ہدف فولڈر منتخب کریں"},{"$i":"number-selected","$v":{"few":[{"t":"idOrVar","v":"number"}," منتخب شدہ"],"many":[{"t":"idOrVar","v":"number"}," منتخب شدہ"],"one":[{"t":"idOrVar","v":"number"}," منتخب شدہ"],"other":[{"t":"idOrVar","v":"number"}," منتخب شدہ"],"two":[{"t":"idOrVar","v":"number"}," منتخب شدہ"],"zero":[{"t":"idOrVar","v":"number"}," منتخب شدہ"]},"$x":[{"t":"idOrVar","v":"plural"},"number"]},{"$i":"delete-all-folder","$v":"منتخب شدہ فولڈر میں تمام آئٹمز کو حذف کر دیا جائے گا۔ منتخب شدہ آئٹمز کو حذف کریں؟"},{"$i":"delete-all-file","$v":"منتخب شدہ فائلوں کو حذف کریں؟"},{"$i":"search-in","$v":"میں تلاش کر رہا ہے"},{"$i":"search-current","$v":"صرف موجودہ فولڈر"},{"$i":"search-internal","$v":"اندرونی"},{"$i":"search-sdcard","$v":"SD کارڈ"},{"$i":"search-header","$v":["تلاش کریں: ",{"t":"idOrVar","v":"keyword"}]},{"$i":"file-exist","$v":["اس مقام میں ",{"t":"idOrVar","v":"fileName"}," پہلے سے موجود ہے۔ دونوں آئٹمز کو رکھیں؟"]},{"$i":"paste-error","$v":"کسی فولڈر کو اسی میں پیسٹ نہیں کر سکتا۔"},{"$i":"move-error","$v":"کسی فولڈر کو اسی میں منتقل نہیں کر سکتا۔"},{"$i":"new-folder-error","$v":["نام ",{"t":"idOrVar","v":"folderName"}," پہلے ہی لیا جا چکا ہے۔ دوسرا نام منتخب کریں۔"]},{"$i":"searching","$v":"تلاش کر رہا ہے..."},{"$i":"loading","$v":"لوڈ ہو رہا ہے..."},{"$i":"search-empty","$v":"نہیں ملا"},{"$i":"new-folder-invalid","$v":["نام ",{"t":"idOrVar","v":"folderName"}," درست نہیں ہے۔ دوسرا نام منتخب کریں۔"]},{"$i":"progress-head-copy","$v":"کاپی کر رہا ہے"},{"$i":"progress-content-copy","$v":"آئٹم کو کاپی کر رہا ہے"},{"$i":"progress-head-move","$v":"منتقل کر رہا ہے"},{"$i":"progress-content-move","$v":"آئٹم کو منتقل کر رہا ہے"},{"$i":"unsupport-folder-name","$v":{"$o":"غیر معاونت شدہ کرداروں پر مشتمل نام کا استعمال نہیں کر سکتا: \\/:*?\"<>|"}},{"$i":"unsupport-string","$v":{"$o":["غیر معاونت شدہ کرداروں پر مشتمل نام والی فائل کو ",{"t":"idOrVar","v":"name"}," نہیں کیا جا سکتا: \\/:*?\"<>|"]}},{"$i":"not-enough-space","$v":"زیادہ جگہ دستیاب نہیں ہے"},{"$i":"error-while-moving","$v":"منتقل کرتے وقت نقص"},{"$i":"error-while-copying","$v":"کاپی کرتے وقت نقص"},{"$i":"rename-not-suffix","$v":"ایکسٹینشن کو تبدیل کرنے کے بعد فائل کھولے جانے کے قابل نہیں ہو سکتی ہے۔ پھر بھی تبدیل کریں؟"},{"$i":"open","$v":"کھولیں"},{"$i":"options","$v":"اختیارات"},{"$i":"ok","$v":"ٹھیک ہے"},{"$i":"cancel","$v":"منسوخ کریں"},{"$i":"change","$v":"تبدیل کریں"},{"$i":"paste","$v":"پیسٹ کریں"},{"$i":"select","$v":"منتخب کریں"},{"$i":"deselect","$v":"غیر منتخب کریں"},{"$i":"replace","$v":"بدلیں"},{"$i":"keep-both","$v":"دونوں کو رکھیں"},{"$i":"delete","$v":"حذف کریں"},{"$i":"copy","$v":"کاپی کریں"},{"$i":"move","$v":"منتقل کریں"},{"$i":"rename","$v":"نام تبدیل کریں"},{"$i":"select-items","$v":"آئٹمز منتخب کریں"},{"$i":"new-folder","$v":"نیا فولڈر"},{"$i":"search","$v":"تلاش"},{"$i":"refresh","$v":"ریفریش کریں"},{"$i":"details","$v":"تفصیلات"},{"$i":"share","$v":"اشتراک کریں"},{"$i":"select-all","$v":"تمام منتخب کریں"},{"$i":"deselect-all","$v":"سبھی کو غیرمنتخب کریں"},{"$i":"detail-header","$v":"تفصیلات"},{"$i":"detail-name","$v":"نام"},{"$i":"detail-location","$v":"مقام"},{"$i":"detail-type","$v":"ٹائپ"},{"$i":"detail-created","$v":"بنایا گیا"},{"$i":"detail-size","$v":"سائز"},{"$i":"folder","$v":"فولڈر"},{"$i":"type-unknow","$v":"نامعلوم"},{"$i":"B","$v":"بائٹس"},{"$i":"KB","$v":"KB"},{"$i":"MB","$v":"MB"},{"$i":"GB","$v":"GB"},{"$i":"item-deleted","$v":"آئٹم حذف کر دی گئی۔"},{"$i":"items-deleted","$v":"آئٹمز حذف کر دی گئیں۔"},{"$i":"item-copied","$v":"آئٹم نقل کر دی گئی۔"},{"$i":"items-copied","$v":"آئٹمز نقل کر دی گئیں۔"},{"$i":"item-moved","$v":"آئٹم منتقل کر دی گئی۔"},{"$i":"items-moved","$v":"آئٹمز منتقل کر دی گئیں۔"},{"$i":"file-renamed","$v":"فائل کا نام تبدیل کر دیا گیا۔"},{"$i":"folder-renamed","$v":"فولڈر کا نام تبدیل کر دیا گیا۔"},{"$i":"folder-created","$v":"فولڈر تخلیق کر دیا گیا۔"},{"$i":"refresh-completed","$v":"ریفریش مکمل ہوگیا۔"},{"$i":"itmes-not-copied","$v":[{"t":"idOrVar","v":"num"}," آئٹمز کاپی نہیں کیے گئے۔"]},{"$i":"itmes-not-moved","$v":[{"t":"idOrVar","v":"num"}," آئٹمز راغب نہیں کیے گئے۔"]},{"$i":"weekday-0-long","$v":"اتوار"},{"$i":"weekday-1-long","$v":"پیر"},{"$i":"weekday-2-long","$v":"منگل"},{"$i":"weekday-3-long","$v":"بدھ"},{"$i":"weekday-4-long","$v":"جمعرات"},{"$i":"weekday-5-long","$v":"جمعہ"},{"$i":"weekday-6-long","$v":"سنیچر"},{"$i":"weekday-0-short","$v":"اتوار"},{"$i":"weekday-1-short","$v":"پیر"},{"$i":"weekday-2-short","$v":"منگل"},{"$i":"weekday-3-short","$v":"بدھ"},{"$i":"weekday-4-short","$v":"جمعرات"},{"$i":"weekday-5-short","$v":"جمعہ"},{"$i":"weekday-6-short","$v":"ہفتہ"},{"$i":"month-0-long","$v":"جنوری"},{"$i":"month-1-long","$v":"فروری"},{"$i":"month-2-long","$v":"مارچ"},{"$i":"month-3-long","$v":"اپریل"},{"$i":"month-4-long","$v":"مئی"},{"$i":"month-5-long","$v":"جون"},{"$i":"month-6-long","$v":"جولائی"},{"$i":"month-7-long","$v":"اگست"},{"$i":"month-8-long","$v":"ستمبر"},{"$i":"month-9-long","$v":"اکتوبر"},{"$i":"month-10-long","$v":"نومبر"},{"$i":"month-11-long","$v":"دسمبر"},{"$i":"month-0-genitive","$v":"جنوری"},{"$i":"month-1-genitive","$v":"فروری"},{"$i":"month-2-genitive","$v":"مارچ"},{"$i":"month-3-genitive","$v":"اپریل"},{"$i":"month-4-genitive","$v":"مئی"},{"$i":"month-5-genitive","$v":"جون"},{"$i":"month-6-genitive","$v":"جولائی"},{"$i":"month-7-genitive","$v":"اگست"},{"$i":"month-8-genitive","$v":"ستمبر"},{"$i":"month-9-genitive","$v":"اکتوبر"},{"$i":"month-10-genitive","$v":"نومبر"},{"$i":"month-11-genitive","$v":"دسمبر"},{"$i":"month-0-short","$v":"جنوری"},{"$i":"month-1-short","$v":"فروری"},{"$i":"month-2-short","$v":"مارچ"},{"$i":"month-3-short","$v":"اپریل"},{"$i":"month-4-short","$v":"مئی"},{"$i":"month-5-short","$v":"جون"},{"$i":"month-6-short","$v":"جولائی"},{"$i":"month-7-short","$v":"اگست"},{"$i":"month-8-short","$v":"ستمبر"},{"$i":"month-9-short","$v":"اکتوبر"},{"$i":"month-10-short","$v":"نومبر"},{"$i":"month-11-short","$v":"دسمبر"},{"$i":"minutes-ago-long","$v":{"few":[{"t":"idOrVar","v":"value"}," منٹس قبل"],"many":[{"t":"idOrVar","v":"value"}," منٹس قبل"],"other":[{"t":"idOrVar","v":"value"}," منٹس قبل"],"two":[{"t":"idOrVar","v":"value"}," منٹس قبل"],"one":"ایک منٹ قبل","zero":"Just now"},"$x":[{"t":"idOrVar","v":"plural"},"value"]},{"$i":"hours-ago-long","$v":{"few":[{"t":"idOrVar","v":"value"}," گھنٹوں قبل"],"many":[{"t":"idOrVar","v":"value"}," گھنٹوں قبل"],"other":[{"t":"idOrVar","v":"value"}," گھنٹوں قبل"],"two":[{"t":"idOrVar","v":"value"}," گھنٹوں قبل"],"one":"ایک گھنٹہ قبل","zero":"Just now"},"$x":[{"t":"idOrVar","v":"plural"},"value"]},{"$i":"days-ago-long","$v":{"few":[{"t":"idOrVar","v":"value"}," دن قبل"],"many":[{"t":"idOrVar","v":"value"}," دن قبل"],"one":"گزشتہ کل","other":[{"t":"idOrVar","v":"value"}," دن قبل"],"two":[{"t":"idOrVar","v":"value"}," دن قبل"],"zero":"آج"},"$x":[{"t":"idOrVar","v":"plural"},"value"]},{"$i":"weeks-ago-long","$v":{"few":[{"t":"idOrVar","v":"value"}," ہفتے قبل"],"many":[{"t":"idOrVar","v":"value"}," ہفتے قبل"],"one":"آخری ہفتہ","other":[{"t":"idOrVar","v":"value"}," ہفتے قبل"],"two":[{"t":"idOrVar","v":"value"}," ہفتے قبل"],"zero":"اس ہفتہ"},"$x":[{"t":"idOrVar","v":"plural"},"value"]},{"$i":"months-ago-long","$v":{"few":[{"t":"idOrVar","v":"value"}," مہینہ قبل"],"many":[{"t":"idOrVar","v":"value"}," مہینہ قبل"],"one":"آخری مہینہ","other":[{"t":"idOrVar","v":"value"}," مہینہ قبل"],"two":[{"t":"idOrVar","v":"value"}," مہینہ قبل"],"zero":"اس ماہ"},"$x":[{"t":"idOrVar","v":"plural"},"value"]},{"$i":"years-ago-long","$v":{"few":[{"t":"idOrVar","v":"value"}," سال قبل"],"many":[{"t":"idOrVar","v":"value"}," سال قبل"],"one":"آخری سال","other":[{"t":"idOrVar","v":"value"}," سال قبل"],"two":[{"t":"idOrVar","v":"value"}," سال قبل"],"zero":"اس سال"},"$x":[{"t":"idOrVar","v":"plural"},"value"]},{"$i":"minutes-until-long","$v":{"few":[{"t":"idOrVar","v":"value"}," منٹوں میں"],"many":[{"t":"idOrVar","v":"value"}," منٹوں میں"],"other":[{"t":"idOrVar","v":"value"}," منٹوں میں"],"two":[{"t":"idOrVar","v":"value"}," منٹوں میں"],"zero":"ابھی","one":"ایک منٹ میں"},"$x":[{"t":"idOrVar","v":"plural"},"value"]},{"$i":"hours-until-long","$v":{"few":[{"t":"idOrVar","v":"value"}," گھنٹوں میں"],"many":[{"t":"idOrVar","v":"value"}," گھنٹوں میں"],"other":[{"t":"idOrVar","v":"value"}," گھنٹوں میں"],"two":[{"t":"idOrVar","v":"value"}," گھنٹوں میں"],"zero":"ابھی","one":"ایک گھٹے میں"},"$x":[{"t":"idOrVar","v":"plural"},"value"]},{"$i":"days-until-long","$v":{"few":[{"t":"idOrVar","v":"value"}," دنوں میں"],"many":[{"t":"idOrVar","v":"value"}," دنوں میں"],"one":"tomorrow","other":[{"t":"idOrVar","v":"value"}," دنوں میں"],"two":[{"t":"idOrVar","v":"value"}," دنوں میں"],"zero":"آج"},"$x":[{"t":"idOrVar","v":"plural"},"value"]},{"$i":"weeks-until-long","$v":{"few":[{"t":"idOrVar","v":"value"}," ہفتوں میں"],"many":[{"t":"idOrVar","v":"value"}," ہفتوں میں"],"one":"اگلے ہفتے","other":[{"t":"idOrVar","v":"value"}," ہفتوں میں"],"two":[{"t":"idOrVar","v":"value"}," ہفتوں میں"],"zero":"اس ہفتہ"},"$x":[{"t":"idOrVar","v":"plural"},"value"]},{"$i":"months-until-long","$v":{"few":[{"t":"idOrVar","v":"value"}," مہینوں میں"],"many":[{"t":"idOrVar","v":"value"}," مہینوں میں"],"one":"اگلے ماہ","other":[{"t":"idOrVar","v":"value"}," مہینوں میں"],"two":[{"t":"idOrVar","v":"value"}," مہینوں میں"],"zero":"اس ماہ"},"$x":[{"t":"idOrVar","v":"plural"},"value"]},{"$i":"years-until-long","$v":{"few":[{"t":"idOrVar","v":"value"}," سالوں میں"],"many":[{"t":"idOrVar","v":"value"}," سالوں میں"],"one":"اگلے سال","other":[{"t":"idOrVar","v":"value"}," سالوں میں"],"two":[{"t":"idOrVar","v":"value"}," سالوں میں"],"zero":"اس سال"},"$x":[{"t":"idOrVar","v":"plural"},"value"]},{"$i":"minutes-ago-short","$v":{"other":[{"t":"idOrVar","v":"value"}," منٹ قبل"],"zero":"Just now"},"$x":[{"t":"idOrVar","v":"plural"},"value"]},{"$i":"hours-ago-short","$v":{"other":[{"t":"idOrVar","v":"value"}," گھنٹہ قبل"],"zero":"Just now"},"$x":[{"t":"idOrVar","v":"plural"},"value"]},{"$i":"days-ago-short","$v":{"other":[{"t":"idOrVar","v":"value"}," دن قبل"],"zero":"آج"},"$x":[{"t":"idOrVar","v":"plural"},"value"]},{"$i":"minutes-until-short","$v":{"other":[{"t":"idOrVar","v":"value"}," منٹ میں"],"zero":"ابھی"},"$x":[{"t":"idOrVar","v":"plural"},"value"]},{"$i":"hours-until-short","$v":{"other":[{"t":"idOrVar","v":"value"}," گھنٹے میں"],"zero":"ابھی"},"$x":[{"t":"idOrVar","v":"plural"},"value"]},{"$i":"days-until-short","$v":{"other":[{"t":"idOrVar","v":"value"}," دن میں"],"zero":"آج"},"$x":[{"t":"idOrVar","v":"plural"},"value"]},{"$i":"incorrectDate","$v":"(غلط تاریخ)"},{"$i":"dateTimeFormat_%c","$v":"%a %b %e %Y %I:%M:%S %p"},{"$i":"dateTimeFormat_%x","$v":"%m/%d/%Y"},{"$i":"dateTimeFormat_%X","$v":"%I:%M:%S %p"},{"$i":"shortTimeFormat","$v":"%I:%M %p"},{"$i":"shortTimeFormat12","$v":"%I:%M %p"},{"$i":"shortTimeFormat24","$v":"%H:%M"},{"$i":"shortDateTimeFormat","$v":"%x %I:%M %p"},{"$i":"weekStartsOnMonday","$v":"0.0"},{"$i":"firstDayOfTheWeek","$v":"0.0"},{"$i":"time_am","$v":"AM"},{"$i":"time_pm","$v":"PM"}]