[{"$i":"filemanager","$v":"Файл менежери"},{"$i":"internal","$v":"Ички"},{"$i":"sdcard","$v":"SD карта"},{"$i":"no-files","$v":"Бу жилд бўм-бўш."},{"$i":"not-support-header","$v":"Очиб бўлмайди"},{"$i":"not-support-content","$v":"Файл формати яроқсиз ёки нотаниш."},{"$i":"confirmation-header","$v":"Тасдиқ"},{"$i":"delete-file-content","$v":[{"t":"idOrVar","v":"fileName"}," файли ўчирилсинми?"]},{"$i":"delete-folder-content","$v":["Танланган жилддаги ҳаммаси ўчирилади. ",{"t":"idOrVar","v":"fileName"}," жилди ўчирилсинми?"]},{"$i":"copy-move-header","$v":"Мўлжалдаги жилдни танланг"},{"$i":"number-selected","$v":{"few":[{"t":"idOrVar","v":"number"}," та танланди"],"many":[{"t":"idOrVar","v":"number"}," та танланди"],"one":[{"t":"idOrVar","v":"number"}," та танланди"],"other":[{"t":"idOrVar","v":"number"}," та танланди"],"two":[{"t":"idOrVar","v":"number"}," та танланди"],"zero":[{"t":"idOrVar","v":"number"}," та танланди"]},"$x":[{"t":"idOrVar","v":"plural"},"number"]},{"$i":"delete-all-folder","$v":"Танланган жилддаги ҳаммаси ўчирилади. Ўчирилсинми?"},{"$i":"delete-all-file","$v":"Танланганлар ўчирилсинми?"},{"$i":"search-in","$v":"Қидириш жойи"},{"$i":"search-current","$v":"Фақат жорий жилд"},{"$i":"search-internal","$v":"Ички"},{"$i":"search-sdcard","$v":"SD карта"},{"$i":"search-header","$v":["Қидирув: ",{"t":"idOrVar","v":"keyword"}]},{"$i":"file-exist","$v":[{"t":"idOrVar","v":"fileName"}," олдиндан мавжуд. Иккаласи ҳам сақлансинми?"]},{"$i":"paste-error","$v":"Жилд ўз-ўзига қўйилмайди."},{"$i":"move-error","$v":"Жилд ўз-ўзига кўчирилмайди."},{"$i":"new-folder-error","$v":[{"t":"idOrVar","v":"folderName"}," номи банд. Бошқа танланг."]},{"$i":"searching","$v":"Қидирилмоқда..."},{"$i":"loading","$v":"Юкланмоқда..."},{"$i":"search-empty","$v":"Топилмади"},{"$i":"new-folder-invalid","$v":[{"t":"idOrVar","v":"folderName"}," номи яроқсиз. Бошқа танланг."]},{"$i":"progress-head-copy","$v":"Нусхаланмоқда"},{"$i":"progress-content-copy","$v":"Нусхаланмоқда"},{"$i":"progress-head-move","$v":"Кўчирилмоқда"},{"$i":"progress-content-move","$v":"Кўчирилмоқда"},{"$i":"unsupport-folder-name","$v":{"$o":"Номида қуйидаги яроқсиз белгилар бўлмасин: \\/:*?&quot;&lt;&gt;|"}},{"$i":"unsupport-string","$v":{"$o":["Файлни қуйидаги номувофиқ белгилар қатнашган ном билан ",{"t":"idOrVar","v":"name"}," имконсиз: \\/:*?\"<>|"]}},{"$i":"not-enough-space","$v":"Хотирада жой етарли эмас"},{"$i":"error-while-moving","$v":"Кўчиришда хатолик юз берди"},{"$i":"error-while-copying","$v":"Нусха олишда хатолик юз берди"},{"$i":"rename-not-suffix","$v":"Кенгайтма ўзгартирилганидан кейин файл очилмаслиги мумкин. Барибир ўзгартирилсинми?"},{"$i":"open","$v":"Очиш"},{"$i":"options","$v":"Параметрлар"},{"$i":"ok","$v":"OK"},{"$i":"cancel","$v":"Бекор қилиш"},{"$i":"change","$v":"Ўзгартириш"},{"$i":"paste","$v":"Қўйиш"},{"$i":"select","$v":"Танлаш"},{"$i":"deselect","$v":"Белгини олиб ташлаш"},{"$i":"replace","$v":"Алмаштириш"},{"$i":"keep-both","$v":"Иккаласи сақлансин"},{"$i":"delete","$v":"Ўчириш"},{"$i":"copy","$v":"Нусхалаш"},{"$i":"move","$v":"Кўчириш"},{"$i":"rename","$v":"Қайта номлаш"},{"$i":"select-items","$v":"Элемент танланг"},{"$i":"new-folder","$v":"Янги жилд"},{"$i":"search","$v":"Қидирув"},{"$i":"refresh","$v":"Янгилаш"},{"$i":"details","$v":"Тафсилотлар"},{"$i":"share","$v":"Улашиш"},{"$i":"select-all","$v":"Ҳаммасини танлаш"},{"$i":"deselect-all","$v":"Барч-н белгини ўч-ш"},{"$i":"detail-header","$v":"Тафсилотлар"},{"$i":"detail-name","$v":"Номи"},{"$i":"detail-location","$v":"Жойлашув"},{"$i":"detail-type","$v":"Тури"},{"$i":"detail-created","$v":"Яратилган вақти"},{"$i":"detail-size","$v":"Ҳажми"},{"$i":"folder","$v":"жилд"},{"$i":"type-unknow","$v":"номаълум"},{"$i":"B","$v":"Б"},{"$i":"KB","$v":"КБ"},{"$i":"MB","$v":"МБ"},{"$i":"GB","$v":"ГБ"},{"$i":"item-deleted","$v":"Мавзу оьчирилди."},{"$i":"items-deleted","$v":"Ma'lumotlar o'chirildi."},{"$i":"item-copied","$v":"Element ko'chirildi."},{"$i":"items-copied","$v":"Коьчирилган маьлумотлар."},{"$i":"item-moved","$v":"Махсулот коьчирилди."},{"$i":"items-moved","$v":"Маьлумотлар оьчирилди."},{"$i":"file-renamed","$v":"Фаыл номини оьзгартирди."},{"$i":"folder-renamed","$v":"Папка qаыта номланди."},{"$i":"folder-created","$v":"Йилд ыаратилди."},{"$i":"refresh-completed","$v":"Янгиланди."},{"$i":"itmes-not-copied","$v":[{"t":"idOrVar","v":"num"}," та элемент нусхаланмади."]},{"$i":"itmes-not-moved","$v":[{"t":"idOrVar","v":"num"}," та элемент кўчирилмади."]},{"$i":"weekday-0-long","$v":"Якшанба"},{"$i":"weekday-1-long","$v":"Душанба"},{"$i":"weekday-2-long","$v":"Сешанба"},{"$i":"weekday-3-long","$v":"Чоршанба"},{"$i":"weekday-4-long","$v":"Пайшанба"},{"$i":"weekday-5-long","$v":"Жума"},{"$i":"weekday-6-long","$v":"Шанба"},{"$i":"weekday-0-short","$v":"Якш"},{"$i":"weekday-1-short","$v":"Душ"},{"$i":"weekday-2-short","$v":"Сеш"},{"$i":"weekday-3-short","$v":"Чор"},{"$i":"weekday-4-short","$v":"Пай"},{"$i":"weekday-5-short","$v":"Жум"},{"$i":"weekday-6-short","$v":"Шан"},{"$i":"month-0-long","$v":"Январ"},{"$i":"month-1-long","$v":"Феврал"},{"$i":"month-2-long","$v":"Март"},{"$i":"month-3-long","$v":"Апрель"},{"$i":"month-4-long","$v":"Май"},{"$i":"month-5-long","$v":"Июн"},{"$i":"month-6-long","$v":"Июл"},{"$i":"month-7-long","$v":"Август"},{"$i":"month-8-long","$v":"Сентябр"},{"$i":"month-9-long","$v":"Октябр"},{"$i":"month-10-long","$v":"Ноябр"},{"$i":"month-11-long","$v":"Декабр"},{"$i":"month-0-genitive","$v":"Январь"},{"$i":"month-1-genitive","$v":"Февраль"},{"$i":"month-2-genitive","$v":"Март"},{"$i":"month-3-genitive","$v":"Апрель"},{"$i":"month-4-genitive","$v":"Май"},{"$i":"month-5-genitive","$v":"Июнь"},{"$i":"month-6-genitive","$v":"Июль"},{"$i":"month-7-genitive","$v":"Август"},{"$i":"month-8-genitive","$v":"Сентябрь"},{"$i":"month-9-genitive","$v":"Октябрь"},{"$i":"month-10-genitive","$v":"Ноябрь"},{"$i":"month-11-genitive","$v":"Декабрь"},{"$i":"month-0-short","$v":"Янв"},{"$i":"month-1-short","$v":"Фев"},{"$i":"month-2-short","$v":"Мар"},{"$i":"month-3-short","$v":"Апр"},{"$i":"month-4-short","$v":"Май"},{"$i":"month-5-short","$v":"Июн"},{"$i":"month-6-short","$v":"Июл"},{"$i":"month-7-short","$v":"Авг"},{"$i":"month-8-short","$v":"Сен"},{"$i":"month-9-short","$v":"Окт"},{"$i":"month-10-short","$v":"Ноя"},{"$i":"month-11-short","$v":"Дек"},{"$i":"minutes-ago-long","$v":{"few":[{"t":"idOrVar","v":"value"}," дақиқа олдин"],"many":[{"t":"idOrVar","v":"value"}," дақиқа олдин"],"other":[{"t":"idOrVar","v":"value"}," дақиқа олдин"],"two":[{"t":"idOrVar","v":"value"}," дақиқа олдин"],"one":"бир дақиқа аввал","zero":"ҳозиргина"},"$x":[{"t":"idOrVar","v":"plural"},"value"]},{"$i":"hours-ago-long","$v":{"few":[{"t":"idOrVar","v":"value"}," соат олдин"],"many":[{"t":"idOrVar","v":"value"}," соат олдин"],"other":[{"t":"idOrVar","v":"value"}," соат олдин"],"two":[{"t":"idOrVar","v":"value"}," соат олдин"],"one":"1 soat avval","zero":"ҳозиргина"},"$x":[{"t":"idOrVar","v":"plural"},"value"]},{"$i":"days-ago-long","$v":{"few":[{"t":"idOrVar","v":"value"}," кун олдин"],"many":[{"t":"idOrVar","v":"value"}," кун олдин"],"one":"кеча","other":[{"t":"idOrVar","v":"value"}," кун олдин"],"two":[{"t":"idOrVar","v":"value"}," кун олдин"],"zero":"бугун"},"$x":[{"t":"idOrVar","v":"plural"},"value"]},{"$i":"weeks-ago-long","$v":{"few":[{"t":"idOrVar","v":"value"}," ҳафта олдин"],"many":[{"t":"idOrVar","v":"value"}," ҳафта олдин"],"one":"ўтган ҳафта","other":[{"t":"idOrVar","v":"value"}," ҳафта олдин"],"two":[{"t":"idOrVar","v":"value"}," ҳафта олдин"],"zero":"шу ҳафта"},"$x":[{"t":"idOrVar","v":"plural"},"value"]},{"$i":"months-ago-long","$v":{"few":[{"t":"idOrVar","v":"value"}," ой олдин"],"many":[{"t":"idOrVar","v":"value"}," ой олдин"],"one":"ўтган ой","other":[{"t":"idOrVar","v":"value"}," ой олдин"],"two":[{"t":"idOrVar","v":"value"}," ой олдин"],"zero":"бу ой"},"$x":[{"t":"idOrVar","v":"plural"},"value"]},{"$i":"years-ago-long","$v":{"few":[{"t":"idOrVar","v":"value"}," йил олдин"],"many":[{"t":"idOrVar","v":"value"}," йил олдин"],"one":"ўтган йил","other":[{"t":"idOrVar","v":"value"}," йил олдин"],"two":[{"t":"idOrVar","v":"value"}," йил олдин"],"zero":"шу йил"},"$x":[{"t":"idOrVar","v":"plural"},"value"]},{"$i":"minutes-until-long","$v":{"few":[{"t":"idOrVar","v":"value"}," дақиқада"],"many":[{"t":"idOrVar","v":"value"}," дақиқада"],"other":[{"t":"idOrVar","v":"value"}," дақиқада"],"two":[{"t":"idOrVar","v":"value"}," дақиқада"],"zero":"ҳозир","one":"1 daqiqada"},"$x":[{"t":"idOrVar","v":"plural"},"value"]},{"$i":"hours-until-long","$v":{"few":[{"t":"idOrVar","v":"value"}," соатда"],"many":[{"t":"idOrVar","v":"value"}," соатда"],"other":[{"t":"idOrVar","v":"value"}," соатда"],"two":[{"t":"idOrVar","v":"value"}," соатда"],"zero":"ҳозир","one":"1 soat ichida"},"$x":[{"t":"idOrVar","v":"plural"},"value"]},{"$i":"days-until-long","$v":{"few":[{"t":"idOrVar","v":"value"}," кунда"],"many":[{"t":"idOrVar","v":"value"}," кунда"],"one":"эртага","other":[{"t":"idOrVar","v":"value"}," кунда"],"two":[{"t":"idOrVar","v":"value"}," кунда"],"zero":"бугун"},"$x":[{"t":"idOrVar","v":"plural"},"value"]},{"$i":"weeks-until-long","$v":{"few":[{"t":"idOrVar","v":"value"}," ҳафтада"],"many":[{"t":"idOrVar","v":"value"}," ҳафтада"],"one":"кейинги ҳафта","other":[{"t":"idOrVar","v":"value"}," ҳафтада"],"two":[{"t":"idOrVar","v":"value"}," ҳафтада"],"zero":"шу ҳафта"},"$x":[{"t":"idOrVar","v":"plural"},"value"]},{"$i":"months-until-long","$v":{"few":[{"t":"idOrVar","v":"value"}," ойда"],"many":[{"t":"idOrVar","v":"value"}," ойда"],"one":"кейинги ой","other":[{"t":"idOrVar","v":"value"}," ойда"],"two":[{"t":"idOrVar","v":"value"}," ойда"],"zero":"бу ой"},"$x":[{"t":"idOrVar","v":"plural"},"value"]},{"$i":"years-until-long","$v":{"few":[{"t":"idOrVar","v":"value"}," йилда"],"many":[{"t":"idOrVar","v":"value"}," йилда"],"one":"кейинги йил","other":[{"t":"idOrVar","v":"value"}," йилда"],"two":[{"t":"idOrVar","v":"value"}," йилда"],"zero":"шу йил"},"$x":[{"t":"idOrVar","v":"plural"},"value"]},{"$i":"minutes-ago-short","$v":{"other":[{"t":"idOrVar","v":"value"},"д олдин"],"zero":"ҳозиргина"},"$x":[{"t":"idOrVar","v":"plural"},"value"]},{"$i":"hours-ago-short","$v":{"other":[{"t":"idOrVar","v":"value"},"с олдин"],"zero":"ҳозиргина"},"$x":[{"t":"idOrVar","v":"plural"},"value"]},{"$i":"days-ago-short","$v":{"other":[{"t":"idOrVar","v":"value"},"к олдин"],"zero":"бугун"},"$x":[{"t":"idOrVar","v":"plural"},"value"]},{"$i":"minutes-until-short","$v":{"other":[{"t":"idOrVar","v":"value"},"д"],"zero":"ҳозир"},"$x":[{"t":"idOrVar","v":"plural"},"value"]},{"$i":"hours-until-short","$v":{"other":[{"t":"idOrVar","v":"value"},"с"],"zero":"ҳозир"},"$x":[{"t":"idOrVar","v":"plural"},"value"]},{"$i":"days-until-short","$v":{"other":[{"t":"idOrVar","v":"value"},"к"],"zero":"бугун"},"$x":[{"t":"idOrVar","v":"plural"},"value"]},{"$i":"incorrectDate","$v":"(сана хато)"},{"$i":"dateTimeFormat_%c","$v":"%a %b %e %Y %I:%M:%S %p"},{"$i":"dateTimeFormat_%x","$v":"%m/%d/%Y"},{"$i":"dateTimeFormat_%X","$v":"%I:%M:%S %p"},{"$i":"shortTimeFormat","$v":"%I:%M %p"},{"$i":"shortTimeFormat12","$v":"%I:%M %p"},{"$i":"shortTimeFormat24","$v":"%H:%M"},{"$i":"shortDateTimeFormat","$v":"%x %I:%M %p"},{"$i":"weekStartsOnMonday","$v":"0.0"},{"$i":"firstDayOfTheWeek","$v":"1.0"},{"$i":"time_am","$v":"ТО"},{"$i":"time_pm","$v":"ТК"}]