[{"$i":"filemanager","$v":"Quản lý Tập tin"},{"$i":"internal","$v":"Bộ nhớ trong"},{"$i":"sdcard","$v":"Thẻ nhớ"},{"$i":"no-files","$v":"Thư mục này trống."},{"$i":"not-support-header","$v":"Không thể mở"},{"$i":"not-support-content","$v":"Định dạng tập tin này không hợp lệ hoặc không được hỗ trợ."},{"$i":"confirmation-header","$v":"Xác nhận"},{"$i":"delete-file-content","$v":["Xóa tập tin ",{"t":"idOrVar","v":"fileName"},"?"]},{"$i":"delete-folder-content","$v":["Tất cả các mục trong thư mục đã chọn sẽ bị xóa. Xóa thư mục ",{"t":"idOrVar","v":"fileName"},"?"]},{"$i":"copy-move-header","$v":"Chọn Thư mục Đích"},{"$i":"number-selected","$v":{"few":[{"t":"idOrVar","v":"number"}," Đã chọn"],"many":[{"t":"idOrVar","v":"number"}," Đã chọn"],"one":[{"t":"idOrVar","v":"number"}," Đã chọn"],"other":[{"t":"idOrVar","v":"number"}," Đã chọn"],"two":[{"t":"idOrVar","v":"number"}," Đã chọn"],"zero":[{"t":"idOrVar","v":"number"}," Đã chọn"]},"$x":[{"t":"idOrVar","v":"plural"},"number"]},{"$i":"delete-all-folder","$v":"Tất cả các mục trong thư mục đã chọn sẽ bị xóa. Xóa mục đã chọn?"},{"$i":"delete-all-file","$v":"Xóa tập tin đã chọn?"},{"$i":"search-in","$v":"Đang tìm kiếm trong"},{"$i":"search-current","$v":"Chỉ có thư mục hiện tại"},{"$i":"search-internal","$v":"Bộ nhớ trong"},{"$i":"search-sdcard","$v":"Thẻ nhớ"},{"$i":"search-header","$v":["Tìm kiếm: ",{"t":"idOrVar","v":"keyword"}]},{"$i":"file-exist","$v":[{"t":"idOrVar","v":"fileName"}," đã tồn tại ở vị trí này. Giữ cả hai mục?"]},{"$i":"paste-error","$v":"Không thể dán một thư mục vào chính nó."},{"$i":"move-error","$v":"Không thể di chuyển một thư mục vào chính nó."},{"$i":"new-folder-error","$v":["Tên ",{"t":"idOrVar","v":"folderName"}," đã được sử dụng. Chọn tên khác."]},{"$i":"searching","$v":"Đang tìm kiếm..."},{"$i":"loading","$v":"Đang tải..."},{"$i":"search-empty","$v":"Không tìm thấy"},{"$i":"new-folder-invalid","$v":["Tên ",{"t":"idOrVar","v":"folderName"}," không hợp lệ. Chọn tên khác."]},{"$i":"progress-head-copy","$v":"Đang sao chép"},{"$i":"progress-content-copy","$v":"Đang sao chép mục"},{"$i":"progress-head-move","$v":"Đang di chuyển"},{"$i":"progress-content-move","$v":"Đang di chuyển mục"},{"$i":"unsupport-folder-name","$v":{"$o":"Không thể sử dụng tên chứa các ký tự không được hỗ trợ: \\/:*?\"<>|"}},{"$i":"unsupport-string","$v":{"$o":["Không thể ",{"t":"idOrVar","v":"name"}," một tập tin có tên chứa các ký tự không được hỗ trợ: \\/:*?\"<>|"]}},{"$i":"not-enough-space","$v":"Không có đủ dung lượng"},{"$i":"error-while-moving","$v":"Lỗi khi di chuyển"},{"$i":"error-while-copying","$v":"Lỗi khi sao chép"},{"$i":"rename-not-suffix","$v":"Tập tin có thể không mở được sau khi thay đổi phần mở rộng. Vẫn thay đổi?"},{"$i":"open","$v":"Mở"},{"$i":"options","$v":"Tùy chọn"},{"$i":"ok","$v":"OK"},{"$i":"cancel","$v":"Hủy"},{"$i":"change","$v":"Thay đổi"},{"$i":"paste","$v":"Dán"},{"$i":"select","$v":"Chọn"},{"$i":"deselect","$v":"Bỏ chọn"},{"$i":"replace","$v":"Thay thế"},{"$i":"keep-both","$v":"Giữ lại Cả hai"},{"$i":"delete","$v":"Xóa"},{"$i":"copy","$v":"Sao chép"},{"$i":"move","$v":"Di chuyển"},{"$i":"rename","$v":"Đổi tên"},{"$i":"select-items","$v":"Chọn mục"},{"$i":"new-folder","$v":"Thư mục mới"},{"$i":"search","$v":"Tìm kiếm"},{"$i":"refresh","$v":"Làm mới"},{"$i":"details","$v":"Chi tiết"},{"$i":"share","$v":"Chia sẻ"},{"$i":"select-all","$v":"Chọn Tất cả"},{"$i":"deselect-all","$v":"Bỏ chọn Tất cả"},{"$i":"detail-header","$v":"Chi tiết"},{"$i":"detail-name","$v":"Tên"},{"$i":"detail-location","$v":"Vị trí"},{"$i":"detail-type","$v":"Loại"},{"$i":"detail-created","$v":"Đã tạo lập"},{"$i":"detail-size","$v":"Kích cỡ"},{"$i":"folder","$v":"thư mục"},{"$i":"type-unknow","$v":"không xác định"},{"$i":"B","$v":"B"},{"$i":"KB","$v":"KB"},{"$i":"MB","$v":"MB"},{"$i":"GB","$v":"GB"},{"$i":"item-deleted","$v":"Đã xóa mục."},{"$i":"items-deleted","$v":"Đã xóa mục."},{"$i":"item-copied","$v":"Đã sao chép mục."},{"$i":"items-copied","$v":"Đã sao chép mục."},{"$i":"item-moved","$v":"Đã di chuyển mục."},{"$i":"items-moved","$v":"Đã di chuyển mục."},{"$i":"file-renamed","$v":"Đã đổi tên tập tin."},{"$i":"folder-renamed","$v":"Đã đổi tên thư mục."},{"$i":"folder-created","$v":"Đã tạo thư mục."},{"$i":"refresh-completed","$v":"Đã làm mới xong."},{"$i":"itmes-not-copied","$v":[{"t":"idOrVar","v":"num"}," mục không được sao chép."]},{"$i":"itmes-not-moved","$v":[{"t":"idOrVar","v":"num"}," mục không được di chuyển."]},{"$i":"weekday-0-long","$v":"Chủ nhật"},{"$i":"weekday-1-long","$v":"Thứ Hai"},{"$i":"weekday-2-long","$v":"Thứ Ba"},{"$i":"weekday-3-long","$v":"Thứ Tư"},{"$i":"weekday-4-long","$v":"Thứ Năm"},{"$i":"weekday-5-long","$v":"Thứ Sáu"},{"$i":"weekday-6-long","$v":"Thứ Bảy"},{"$i":"weekday-0-short","$v":"CN"},{"$i":"weekday-1-short","$v":"Thứ 2"},{"$i":"weekday-2-short","$v":"Thứ 3"},{"$i":"weekday-3-short","$v":"Thứ 4"},{"$i":"weekday-4-short","$v":"Thứ 5"},{"$i":"weekday-5-short","$v":"Thứ 6"},{"$i":"weekday-6-short","$v":"Thứ 7"},{"$i":"month-0-long","$v":"Tháng 1"},{"$i":"month-1-long","$v":"Tháng 2"},{"$i":"month-2-long","$v":"Tháng 3"},{"$i":"month-3-long","$v":"Tháng 4"},{"$i":"month-4-long","$v":"Tháng 5"},{"$i":"month-5-long","$v":"Tháng 6"},{"$i":"month-6-long","$v":"Tháng 7"},{"$i":"month-7-long","$v":"Tháng 8"},{"$i":"month-8-long","$v":"Tháng 9"},{"$i":"month-9-long","$v":"Tháng 10"},{"$i":"month-10-long","$v":"Tháng 11"},{"$i":"month-11-long","$v":"Tháng 12"},{"$i":"month-0-genitive","$v":"Tháng 1"},{"$i":"month-1-genitive","$v":"Tháng 2"},{"$i":"month-2-genitive","$v":"Tháng 3"},{"$i":"month-3-genitive","$v":"Tháng 4"},{"$i":"month-4-genitive","$v":"Tháng 5"},{"$i":"month-5-genitive","$v":"Tháng 6"},{"$i":"month-6-genitive","$v":"Tháng 7"},{"$i":"month-7-genitive","$v":"Tháng 8"},{"$i":"month-8-genitive","$v":"Tháng 9"},{"$i":"month-9-genitive","$v":"Tháng 10"},{"$i":"month-10-genitive","$v":"Tháng 11"},{"$i":"month-11-genitive","$v":"Tháng 12"},{"$i":"month-0-short","$v":"Tháng 1"},{"$i":"month-1-short","$v":"Tháng 2"},{"$i":"month-2-short","$v":"Tháng 3"},{"$i":"month-3-short","$v":"Tháng 4"},{"$i":"month-4-short","$v":"Tháng 5"},{"$i":"month-5-short","$v":"Tháng 6"},{"$i":"month-6-short","$v":"Tháng 7"},{"$i":"month-7-short","$v":"Tháng 8"},{"$i":"month-8-short","$v":"Tháng 9"},{"$i":"month-9-short","$v":"Tháng 10"},{"$i":"month-10-short","$v":"Tháng 11"},{"$i":"month-11-short","$v":"Tháng 12"},{"$i":"minutes-ago-long","$v":{"few":[{"t":"idOrVar","v":"value"}," phút trước"],"many":[{"t":"idOrVar","v":"value"}," phút trước"],"other":[{"t":"idOrVar","v":"value"}," phút trước"],"two":[{"t":"idOrVar","v":"value"}," phút trước"],"one":"một phút trước","zero":"Vừa Rồi"},"$x":[{"t":"idOrVar","v":"plural"},"value"]},{"$i":"hours-ago-long","$v":{"few":[{"t":"idOrVar","v":"value"}," giờ trước"],"many":[{"t":"idOrVar","v":"value"}," giờ trước"],"other":[{"t":"idOrVar","v":"value"}," giờ trước"],"two":[{"t":"idOrVar","v":"value"}," giờ trước"],"one":"giờ trước","zero":"Vừa Rồi"},"$x":[{"t":"idOrVar","v":"plural"},"value"]},{"$i":"days-ago-long","$v":{"few":[{"t":"idOrVar","v":"value"}," ngày trước"],"many":[{"t":"idOrVar","v":"value"}," ngày trước"],"one":"hôm qua","other":[{"t":"idOrVar","v":"value"}," ngày trước"],"two":[{"t":"idOrVar","v":"value"}," ngày trước"],"zero":"hôm nay"},"$x":[{"t":"idOrVar","v":"plural"},"value"]},{"$i":"weeks-ago-long","$v":{"few":[{"t":"idOrVar","v":"value"}," tuần trước"],"many":[{"t":"idOrVar","v":"value"}," tuần trước"],"one":"tuần trước","other":[{"t":"idOrVar","v":"value"}," tuần trước"],"two":[{"t":"idOrVar","v":"value"}," tuần trước"],"zero":"tuần này"},"$x":[{"t":"idOrVar","v":"plural"},"value"]},{"$i":"months-ago-long","$v":{"few":[{"t":"idOrVar","v":"value"}," tháng trước"],"many":[{"t":"idOrVar","v":"value"}," tháng trước"],"one":"tháng trước","other":[{"t":"idOrVar","v":"value"}," tháng trước"],"two":[{"t":"idOrVar","v":"value"}," tháng trước"],"zero":"tháng này"},"$x":[{"t":"idOrVar","v":"plural"},"value"]},{"$i":"years-ago-long","$v":{"few":[{"t":"idOrVar","v":"value"}," năm trước"],"many":[{"t":"idOrVar","v":"value"}," năm trước"],"one":"năm ngoái","other":[{"t":"idOrVar","v":"value"}," năm trước"],"two":[{"t":"idOrVar","v":"value"}," năm trước"],"zero":"năm nay"},"$x":[{"t":"idOrVar","v":"plural"},"value"]},{"$i":"minutes-until-long","$v":{"few":["trong ",{"t":"idOrVar","v":"value"}," phút"],"many":["trong ",{"t":"idOrVar","v":"value"}," phút"],"other":["trong ",{"t":"idOrVar","v":"value"}," phút"],"two":["trong ",{"t":"idOrVar","v":"value"}," phút"],"zero":"hiện tại","one":"trong một phút"},"$x":[{"t":"idOrVar","v":"plural"},"value"]},{"$i":"hours-until-long","$v":{"few":["trong ",{"t":"idOrVar","v":"value"}," giờ"],"many":["trong ",{"t":"idOrVar","v":"value"}," giờ"],"other":["trong ",{"t":"idOrVar","v":"value"}," giờ"],"two":["trong ",{"t":"idOrVar","v":"value"}," giờ"],"zero":"hiện tại","one":"trong một giờ"},"$x":[{"t":"idOrVar","v":"plural"},"value"]},{"$i":"days-until-long","$v":{"few":["trong ",{"t":"idOrVar","v":"value"}," ngày"],"many":["trong ",{"t":"idOrVar","v":"value"}," ngày"],"one":"ngày mai","other":["trong ",{"t":"idOrVar","v":"value"}," ngày"],"two":["trong ",{"t":"idOrVar","v":"value"}," ngày"],"zero":"hôm nay"},"$x":[{"t":"idOrVar","v":"plural"},"value"]},{"$i":"weeks-until-long","$v":{"few":["trong ",{"t":"idOrVar","v":"value"}," tuần"],"many":["trong ",{"t":"idOrVar","v":"value"}," tuần"],"one":"tuần tới","other":["trong ",{"t":"idOrVar","v":"value"}," tuần"],"two":["trong ",{"t":"idOrVar","v":"value"}," tuần"],"zero":"tuần này"},"$x":[{"t":"idOrVar","v":"plural"},"value"]},{"$i":"months-until-long","$v":{"few":["trong ",{"t":"idOrVar","v":"value"}," tháng"],"many":["trong ",{"t":"idOrVar","v":"value"}," tháng"],"one":"tháng tiếp theo","other":["trong ",{"t":"idOrVar","v":"value"}," tháng"],"two":["trong ",{"t":"idOrVar","v":"value"}," tháng"],"zero":"tháng này"},"$x":[{"t":"idOrVar","v":"plural"},"value"]},{"$i":"years-until-long","$v":{"few":["trong ",{"t":"idOrVar","v":"value"}," năm"],"many":["trong ",{"t":"idOrVar","v":"value"}," năm"],"one":"năm tới","other":["trong ",{"t":"idOrVar","v":"value"}," năm"],"two":["trong ",{"t":"idOrVar","v":"value"}," năm"],"zero":"năm nay"},"$x":[{"t":"idOrVar","v":"plural"},"value"]},{"$i":"minutes-ago-short","$v":{"other":[{"t":"idOrVar","v":"value"}," tháng trước"],"zero":"Vừa Rồi"},"$x":[{"t":"idOrVar","v":"plural"},"value"]},{"$i":"hours-ago-short","$v":{"other":[{"t":"idOrVar","v":"value"}," giờ trước"],"zero":"Vừa Rồi"},"$x":[{"t":"idOrVar","v":"plural"},"value"]},{"$i":"days-ago-short","$v":{"other":[{"t":"idOrVar","v":"value"}," ngày trước"],"zero":"hôm nay"},"$x":[{"t":"idOrVar","v":"plural"},"value"]},{"$i":"minutes-until-short","$v":{"other":["trong ",{"t":"idOrVar","v":"value"},"m"],"zero":"hiện tại"},"$x":[{"t":"idOrVar","v":"plural"},"value"]},{"$i":"hours-until-short","$v":{"other":["trong ",{"t":"idOrVar","v":"value"}],"zero":"hiện tại"},"$x":[{"t":"idOrVar","v":"plural"},"value"]},{"$i":"days-until-short","$v":{"other":["in ",{"t":"idOrVar","v":"value"},"d"],"zero":"hôm nay"},"$x":[{"t":"idOrVar","v":"plural"},"value"]},{"$i":"incorrectDate","$v":"(ngày không chính xác)"},{"$i":"dateTimeFormat_%c","$v":"%a %b %e %Y %I:%M:%S %p"},{"$i":"dateTimeFormat_%x","$v":"%m/%d/%Y"},{"$i":"dateTimeFormat_%X","$v":"%I:%M:%S %p"},{"$i":"shortTimeFormat","$v":"%I:%M %p"},{"$i":"shortTimeFormat12","$v":"%I:%M %p"},{"$i":"shortTimeFormat24","$v":"%H:%M"},{"$i":"shortDateTimeFormat","$v":"%x %I:%M %p"},{"$i":"weekStartsOnMonday","$v":"0.0"},{"$i":"firstDayOfTheWeek","$v":"0.0"},{"$i":"time_am","$v":"AM"},{"$i":"time_pm","$v":"PM"}]