[{"$i":"filemanager","$v":"Ulawulo Lwefayile"},{"$i":"internal","$v":"Ngaphakathi"},{"$i":"sdcard","$v":"i-SD-Khadi"},{"$i":"no-files","$v":"Le folda ayinanto."},{"$i":"not-support-header","$v":"Ayikwazi Kuvula"},{"$i":"not-support-content","$v":"Le fomathi yefayile ayikho okanye ayixhaswanga."},{"$i":"confirmation-header","$v":"IsiQinisekiso"},{"$i":"delete-file-content","$v":["Icinywe ifayile ",{"t":"idOrVar","v":"fileName"},"?"]},{"$i":"delete-folder-content","$v":["Zonke izinto ezikwifolda ekhethiweyo ziza kucinywa. Cima ifolda ",{"t":"idOrVar","v":"fileName"},"?"]},{"$i":"copy-move-header","$v":"Khetha Eyona Folda"},{"$i":"number-selected","$v":{"few":[{"t":"idOrVar","v":"number"}," Ezikhethiweyo"],"many":[{"t":"idOrVar","v":"number"}," Ezikhethiweyo"],"one":[{"t":"idOrVar","v":"number"}," Ezikhethiweyo"],"other":[{"t":"idOrVar","v":"number"}," Ezikhethiweyo"],"two":[{"t":"idOrVar","v":"number"}," Ezikhethiweyo"],"zero":[{"t":"idOrVar","v":"number"}," Ezikhethiweyo"]},"$x":[{"t":"idOrVar","v":"plural"},"number"]},{"$i":"delete-all-folder","$v":"Zonke izinto ezikwifolda ekhethiweyo ziza kucinywa. Cima izinto ezikhethiweyo?"},{"$i":"delete-all-file","$v":"Zicinywe ezi fayile zikhethiweyo?"},{"$i":"search-in","$v":"Ikhangela kwi"},{"$i":"search-current","$v":"Kule folda kuphela"},{"$i":"search-internal","$v":"Ngaphakathi"},{"$i":"search-sdcard","$v":"i-SD-Khadi"},{"$i":"search-header","$v":["Khangela: ",{"t":"idOrVar","v":"keyword"}]},{"$i":"file-exist","$v":[{"t":"idOrVar","v":"fileName"}," sele ikhona kule ndawo. Zigcine zombini izinto?"]},{"$i":"paste-error","$v":"Ayikwazi kuncamathelisa ifolda kwakuyo."},{"$i":"move-error","$v":"Ayikwazi kuthuthela ifolda kwakuyo."},{"$i":"new-folder-error","$v":["Eli gama ",{"t":"idOrVar","v":"folderName"}," sele lithathiwe. Khetha elinye igama."]},{"$i":"searching","$v":"Iyakhangela..."},{"$i":"loading","$v":"Iyalayisha..."},{"$i":"search-empty","$v":"Ayifumanekanga"},{"$i":"new-folder-invalid","$v":["Eli gama ",{"t":"idOrVar","v":"folderName"}," alisebenzi. Khetha elinye igama."]},{"$i":"progress-head-copy","$v":"Iyakopa"},{"$i":"progress-content-copy","$v":"Ikopa into"},{"$i":"progress-head-move","$v":"Ukuthutha"},{"$i":"progress-content-move","$v":"Ithutha into"},{"$i":"unsupport-folder-name","$v":{"$o":"Ayikwazi kusebenzisa igama elineekharektha ezingaxhaswayo: \\/:*?\"<>|"}},{"$i":"unsupport-string","$v":{"$o":["Eli ",{"t":"idOrVar","v":"name"}," alivumelekanga ngenxa yezinzinto zifakiweyo: V:*?”<>"]}},{"$i":"not-enough-space","$v":"Akukho ndawo yokugcina eyoneleyo"},{"$i":"error-while-moving","$v":"Kuthe xa kususwa izinto kwabakhona ingxaki"},{"$i":"error-while-copying","$v":"Lithe xa kufaniswa kwakho ingxaki"},{"$i":"rename-not-suffix","$v":"Le fayile ingangasebenzi enga kokuba utshintshe isimo Saul. Ungathanda ukuqhubeka?"},{"$i":"open","$v":"Vula"},{"$i":"options","$v":"ukhetho"},{"$i":"ok","$v":"Kulungile"},{"$i":"cancel","$v":"Rhoxisa"},{"$i":"change","$v":"Tshintsha"},{"$i":"paste","$v":"Beka"},{"$i":"select","$v":"Khetha"},{"$i":"deselect","$v":"Yekisa ukhetho"},{"$i":"replace","$v":"Thathel’ indawo"},{"$i":"keep-both","$v":"Gcina Zombini"},{"$i":"delete","$v":"Cima"},{"$i":"copy","$v":"Kopa"},{"$i":"move","$v":"Thutha"},{"$i":"rename","$v":"Thiya Ngokutsha"},{"$i":"select-items","$v":"Khetha Izinto"},{"$i":"new-folder","$v":"Ifolda entsha"},{"$i":"search","$v":"Khangela"},{"$i":"refresh","$v":"Qala ngokutsha"},{"$i":"details","$v":"Iinkcukacha"},{"$i":"share","$v":"Yabelana"},{"$i":"select-all","$v":"Khetha zonke"},{"$i":"deselect-all","$v":"Yeka ukuKhetha zonke"},{"$i":"detail-header","$v":"Iinkcukacha"},{"$i":"detail-name","$v":"Igama"},{"$i":"detail-location","$v":"Indawo"},{"$i":"detail-type","$v":"Tayipa"},{"$i":"detail-created","$v":"Iyiliwe"},{"$i":"detail-size","$v":"Isayizi"},{"$i":"folder","$v":"Ifolda"},{"$i":"type-unknow","$v":"unknown"},{"$i":"B","$v":"B"},{"$i":"KB","$v":"KB"},{"$i":"MB","$v":"MB"},{"$i":"GB","$v":"GB"},{"$i":"item-deleted","$v":"Isusiwe le into"},{"$i":"items-deleted","$v":"Zisusiwe ezi izinto"},{"$i":"item-copied","$v":"Ikotshiwe le into"},{"$i":"items-copied","$v":"Zikotshiwe ezi izinto"},{"$i":"item-moved","$v":"Ithuthiwe le into"},{"$i":"items-moved","$v":"Zithuthiwe ezi izinto"},{"$i":"file-renamed","$v":"Litshintshiwe igama lale fayile"},{"$i":"folder-renamed","$v":"Litshintshiwe igama lale folda"},{"$i":"folder-created","$v":"Kwenziwe ifolda entsha"},{"$i":"refresh-completed","$v":"Uqalelo luphumelele"},{"$i":"itmes-not-copied","$v":[{"t":"idOrVar","v":"num"}," items is not copied."]},{"$i":"itmes-not-moved","$v":[{"t":"idOrVar","v":"num"}," items is not moved."]},{"$i":"weekday-0-long","$v":"Cawa"},{"$i":"weekday-1-long","$v":"Mvulo"},{"$i":"weekday-2-long","$v":"Lwesibini"},{"$i":"weekday-3-long","$v":"Lwesithathu"},{"$i":"weekday-4-long","$v":"Lwesine"},{"$i":"weekday-5-long","$v":"Lwesihlanu"},{"$i":"weekday-6-long","$v":"Mgqibelo"},{"$i":"weekday-0-short","$v":"NgeCawe"},{"$i":"weekday-1-short","$v":"NgoMvulo"},{"$i":"weekday-2-short","$v":"NgoLwesibini"},{"$i":"weekday-3-short","$v":"NgoLwesithathu"},{"$i":"weekday-4-short","$v":"NgoLwesine"},{"$i":"weekday-5-short","$v":"NgoLwesihlanu"},{"$i":"weekday-6-short","$v":"NgoMgqibelo"},{"$i":"month-0-long","$v":"UJanyuwari"},{"$i":"month-1-long","$v":"UFebhruwari"},{"$i":"month-2-long","$v":"UMatshi"},{"$i":"month-3-long","$v":"UApreli"},{"$i":"month-4-long","$v":"UMeyi"},{"$i":"month-5-long","$v":"UJuni"},{"$i":"month-6-long","$v":"UJulayi"},{"$i":"month-7-long","$v":"UAgasti"},{"$i":"month-8-long","$v":"USeptembha"},{"$i":"month-9-long","$v":"UOktobha"},{"$i":"month-10-long","$v":"UNovembha"},{"$i":"month-11-long","$v":"UDisembha"},{"$i":"month-0-genitive","$v":"UJanyuwari"},{"$i":"month-1-genitive","$v":"UFebhruwari"},{"$i":"month-2-genitive","$v":"UMatshi"},{"$i":"month-3-genitive","$v":"UApreli"},{"$i":"month-4-genitive","$v":"UMeyi"},{"$i":"month-5-genitive","$v":"UJuni"},{"$i":"month-6-genitive","$v":"UJulayi"},{"$i":"month-7-genitive","$v":"UAgasti"},{"$i":"month-8-genitive","$v":"USeptembha"},{"$i":"month-9-genitive","$v":"UOktobha"},{"$i":"month-10-genitive","$v":"UNovembha"},{"$i":"month-11-genitive","$v":"UDisembha"},{"$i":"month-0-short","$v":"UJanyuwari"},{"$i":"month-1-short","$v":"UFebhruwari"},{"$i":"month-2-short","$v":"UMatshi"},{"$i":"month-3-short","$v":"UApreli"},{"$i":"month-4-short","$v":"UMeyi"},{"$i":"month-5-short","$v":"UJuni"},{"$i":"month-6-short","$v":"UJulayi"},{"$i":"month-7-short","$v":"UAgasti"},{"$i":"month-8-short","$v":"USeptembha"},{"$i":"month-9-short","$v":"UOktobha"},{"$i":"month-10-short","$v":"UNovembha"},{"$i":"month-11-short","$v":"UDisembha"},{"$i":"minutes-ago-long","$v":{"few":[{"t":"idOrVar","v":"value"}," kwimizuzu edlulileyo"],"many":[{"t":"idOrVar","v":"value"}," kwimizuzu edlulileyo"],"other":[{"t":"idOrVar","v":"value"}," kwimizuzu edlulileyo"],"two":[{"t":"idOrVar","v":"value"}," kwimizuzu edlulileyo"],"one":"Kumzuzu odlulileyo","zero":"Ngoku nje"},"$x":[{"t":"idOrVar","v":"plural"},"value"]},{"$i":"hours-ago-long","$v":{"few":[{"t":"idOrVar","v":"value"}," kwiiyure ezidlulileyo"],"many":[{"t":"idOrVar","v":"value"}," kwiiyure ezidlulileyo"],"other":[{"t":"idOrVar","v":"value"}," kwiiyure ezidlulileyo"],"two":[{"t":"idOrVar","v":"value"}," kwiiyure ezidlulileyo"],"one":"Kwiyure enye edlulileyo","zero":"Ngoku nje"},"$x":[{"t":"idOrVar","v":"plural"},"value"]},{"$i":"days-ago-long","$v":{"few":[{"t":"idOrVar","v":"value"}," kwiimini ezidlulileyo"],"many":[{"t":"idOrVar","v":"value"}," kwiimini ezidlulileyo"],"one":"Izolo","other":[{"t":"idOrVar","v":"value"}," kwiimini ezidlulileyo"],"two":[{"t":"idOrVar","v":"value"}," kwiimini ezidlulileyo"],"zero":"Namhlanje"},"$x":[{"t":"idOrVar","v":"plural"},"value"]},{"$i":"weeks-ago-long","$v":{"few":[{"t":"idOrVar","v":"value"}," ngeeveki ezadlulayo"],"many":[{"t":"idOrVar","v":"value"}," ngeeveki ezadlulayo"],"one":"Kwiveki edlulileyo","other":[{"t":"idOrVar","v":"value"}," ngeeveki ezadlulayo"],"two":[{"t":"idOrVar","v":"value"}," ngeeveki ezadlulayo"],"zero":"Kule veki"},"$x":[{"t":"idOrVar","v":"plural"},"value"]},{"$i":"months-ago-long","$v":{"few":[{"t":"idOrVar","v":"value"}," kwiinyanga ezadlulayo"],"many":[{"t":"idOrVar","v":"value"}," kwiinyanga ezadlulayo"],"one":"Kwinyanga enye edlulileyo","other":[{"t":"idOrVar","v":"value"}," kwiinyanga ezadlulayo"],"two":[{"t":"idOrVar","v":"value"}," kwiinyanga ezadlulayo"],"zero":"Kule nyanga"},"$x":[{"t":"idOrVar","v":"plural"},"value"]},{"$i":"years-ago-long","$v":{"few":[{"t":"idOrVar","v":"value"}," kwiminyaka eyadlulayo"],"many":[{"t":"idOrVar","v":"value"}," kwiminyaka eyadlulayo"],"one":"Kunyaka ophelileyo","other":[{"t":"idOrVar","v":"value"}," kwiminyaka eyadlulayo"],"two":[{"t":"idOrVar","v":"value"}," kwiminyaka eyadlulayo"],"zero":"Kulo nyaka"},"$x":[{"t":"idOrVar","v":"plural"},"value"]},{"$i":"minutes-until-long","$v":{"few":["Ngaphakathi ",{"t":"idOrVar","v":"value"}," imizuzu"],"many":["Ngaphakathi ",{"t":"idOrVar","v":"value"}," imizuzu"],"other":["Ngaphakathi ",{"t":"idOrVar","v":"value"}," imizuzu"],"two":["Ngaphakathi ",{"t":"idOrVar","v":"value"}," imizuzu"],"zero":"Ngoku","one":"Ngomzuzu olandelayo"},"$x":[{"t":"idOrVar","v":"plural"},"value"]},{"$i":"hours-until-long","$v":{"few":["Ngaphakathi ",{"t":"idOrVar","v":"value"}," iiyure"],"many":["Ngaphakathi ",{"t":"idOrVar","v":"value"}," iiyure"],"other":["Ngaphakathi ",{"t":"idOrVar","v":"value"}," iiyure"],"two":["Ngaphakathi ",{"t":"idOrVar","v":"value"}," iiyure"],"zero":"Ngoku","one":"Kwiyure enye ezayo"},"$x":[{"t":"idOrVar","v":"plural"},"value"]},{"$i":"days-until-long","$v":{"few":["Ngaphakathi ",{"t":"idOrVar","v":"value"}," iimini"],"many":["Ngaphakathi ",{"t":"idOrVar","v":"value"}," iimini"],"one":"Ngomso","other":["Ngaphakathi ",{"t":"idOrVar","v":"value"}," iimini"],"two":["Ngaphakathi ",{"t":"idOrVar","v":"value"}," iimini"],"zero":"Namhlanje"},"$x":[{"t":"idOrVar","v":"plural"},"value"]},{"$i":"weeks-until-long","$v":{"few":["Ngaphakathi ",{"t":"idOrVar","v":"value"}," iiveki"],"many":["Ngaphakathi ",{"t":"idOrVar","v":"value"}," iiveki"],"one":"Kwiveki ezayo","other":["Ngaphakathi ",{"t":"idOrVar","v":"value"}," iiveki"],"two":["Ngaphakathi ",{"t":"idOrVar","v":"value"}," iiveki"],"zero":"Kule veki"},"$x":[{"t":"idOrVar","v":"plural"},"value"]},{"$i":"months-until-long","$v":{"few":["Ngaphakathi ",{"t":"idOrVar","v":"value"}," iinyanga"],"many":["Ngaphakathi ",{"t":"idOrVar","v":"value"}," iinyanga"],"one":"Kwinyanga elandelayo","other":["Ngaphakathi ",{"t":"idOrVar","v":"value"}," iinyanga"],"two":["Ngaphakathi ",{"t":"idOrVar","v":"value"}," iinyanga"],"zero":"Kule nyanga"},"$x":[{"t":"idOrVar","v":"plural"},"value"]},{"$i":"years-until-long","$v":{"few":["Ngaphakathi ",{"t":"idOrVar","v":"value"}," iminyaka"],"many":["Ngaphakathi ",{"t":"idOrVar","v":"value"}," iminyaka"],"one":"Kunyaka ozayo","other":["Ngaphakathi ",{"t":"idOrVar","v":"value"}," iminyaka"],"two":["Ngaphakathi ",{"t":"idOrVar","v":"value"}," iminyaka"],"zero":"Kulo nyaka"},"$x":[{"t":"idOrVar","v":"plural"},"value"]},{"$i":"minutes-ago-short","$v":{"other":[{"t":"idOrVar","v":"value"}," kwimizuzu edlulileyo"],"zero":"Ngoku nje"},"$x":[{"t":"idOrVar","v":"plural"},"value"]},{"$i":"hours-ago-short","$v":{"other":[{"t":"idOrVar","v":"value"}," kwiiyure ezidlulileyo"],"zero":"Ngoku nje"},"$x":[{"t":"idOrVar","v":"plural"},"value"]},{"$i":"days-ago-short","$v":{"other":[{"t":"idOrVar","v":"value"}," kwiimini ezidlulileyo"],"zero":"Namhlanje"},"$x":[{"t":"idOrVar","v":"plural"},"value"]},{"$i":"minutes-until-short","$v":{"other":["Ngaphakathi ",{"t":"idOrVar","v":"value"}," imizuzu"],"zero":"Ngoku"},"$x":[{"t":"idOrVar","v":"plural"},"value"]},{"$i":"hours-until-short","$v":{"other":["Ngaphakathi ",{"t":"idOrVar","v":"value"}," iiyure"],"zero":"Ngoku"},"$x":[{"t":"idOrVar","v":"plural"},"value"]},{"$i":"days-until-short","$v":{"other":["Ngaphakathi ",{"t":"idOrVar","v":"value"}," iimini"],"zero":"Namhlanje"},"$x":[{"t":"idOrVar","v":"plural"},"value"]},{"$i":"incorrectDate","$v":"(umhla awuchananga)"},{"$i":"dateTimeFormat_%c","$v":"%a %b %e %Y %I:%M:%S %p"},{"$i":"dateTimeFormat_%x","$v":"%I:%M:%S %p"},{"$i":"dateTimeFormat_%X","$v":"%I:%M:%S %p"},{"$i":"shortTimeFormat","$v":"%I:%M %p"},{"$i":"shortTimeFormat12","$v":"%I:%M %p"},{"$i":"shortTimeFormat24","$v":"%H:%M"},{"$i":"shortDateTimeFormat","$v":"%x %I:%M %p"},{"$i":"weekStartsOnMonday","$v":"0.0"},{"$i":"firstDayOfTheWeek","$v":"0.0"},{"$i":"time_am","$v":"AM"},{"$i":"time_pm","$v":"PM"}]