[{"$i":"filemanager","$v":"檔案管理"},{"$i":"internal","$v":"內部"},{"$i":"sdcard","$v":"SD卡"},{"$i":"no-files","$v":"此資料夾是空的。"},{"$i":"not-support-header","$v":"無法開啟"},{"$i":"not-support-content","$v":"此檔案格式無效或不受支援。"},{"$i":"confirmation-header","$v":"確認"},{"$i":"delete-file-content","$v":["刪除檔案",{"t":"idOrVar","v":"fileName"},"？"]},{"$i":"delete-folder-content","$v":["所選資料夾中的所有項目都將刪除。刪除資料夾",{"t":"idOrVar","v":"fileName"},"？"]},{"$i":"copy-move-header","$v":"選取目標資料夾"},{"$i":"number-selected","$v":{"few":["已選取",{"t":"idOrVar","v":"number"}],"many":["已選取",{"t":"idOrVar","v":"number"}],"one":["已選取",{"t":"idOrVar","v":"number"}],"other":["已選取",{"t":"idOrVar","v":"number"}],"two":["已選取",{"t":"idOrVar","v":"number"}],"zero":["已選取",{"t":"idOrVar","v":"number"}]},"$x":[{"t":"idOrVar","v":"plural"},"number"]},{"$i":"delete-all-folder","$v":"所選資料夾中的所有項目都將刪除。刪除所選的項目？"},{"$i":"delete-all-file","$v":"刪除所選的項目？"},{"$i":"search-in","$v":"搜尋範圍"},{"$i":"search-current","$v":"僅限目前資料夾"},{"$i":"search-internal","$v":"內部"},{"$i":"search-sdcard","$v":"SD卡"},{"$i":"search-header","$v":["搜尋：",{"t":"idOrVar","v":"keyword"}]},{"$i":"file-exist","$v":[{"t":"idOrVar","v":"fileName"},"已存在於該位置中。同時保留這些項目？"]},{"$i":"paste-error","$v":"無法將資料夾貼至其自身。"},{"$i":"move-error","$v":"無法將資料夾移動到其自身。"},{"$i":"new-folder-error","$v":["名稱",{"t":"idOrVar","v":"folderName"},"已採用。請選擇其他名稱。"]},{"$i":"searching","$v":"正在搜尋..."},{"$i":"loading","$v":"載入中…"},{"$i":"search-empty","$v":"找不到"},{"$i":"new-folder-invalid","$v":["名稱",{"t":"idOrVar","v":"folderName"},"無效。請選擇其他名稱。"]},{"$i":"progress-head-copy","$v":"正在複製"},{"$i":"progress-content-copy","$v":"正在複製項目"},{"$i":"progress-head-move","$v":"正在移動"},{"$i":"progress-content-move","$v":"正在移動項目"},{"$i":"unsupport-folder-name","$v":{"$o":"不能使用包含不支援字元的名稱：\\/:*?&quot;&lt;&gt;|"}},{"$i":"unsupport-string","$v":{"$o":["無法",{"t":"idOrVar","v":"name"},"名稱包含不支援字元 (\\/:*?\"<>|) 的檔案"]}},{"$i":"not-enough-space","$v":"沒有足夠的空間"},{"$i":"error-while-moving","$v":"移動時發生錯誤"},{"$i":"error-while-copying","$v":"複製時發生錯誤"},{"$i":"rename-not-suffix","$v":"變更副檔名後，檔案可能無法開啟。 是否仍要變更？"},{"$i":"open","$v":"開啟"},{"$i":"options","$v":"選項"},{"$i":"ok","$v":"確認"},{"$i":"cancel","$v":"取消"},{"$i":"change","$v":"更改"},{"$i":"paste","$v":"貼上"},{"$i":"select","$v":"選取"},{"$i":"deselect","$v":"取消選取"},{"$i":"replace","$v":"替換"},{"$i":"keep-both","$v":"同時保留"},{"$i":"delete","$v":"刪除"},{"$i":"copy","$v":"複製"},{"$i":"move","$v":"移動"},{"$i":"rename","$v":"重新命名"},{"$i":"select-items","$v":"選取項目"},{"$i":"new-folder","$v":"新資料夾"},{"$i":"search","$v":"搜尋"},{"$i":"refresh","$v":"重新整理"},{"$i":"details","$v":"詳情"},{"$i":"share","$v":"分享"},{"$i":"select-all","$v":"全選"},{"$i":"deselect-all","$v":"全部取消"},{"$i":"detail-header","$v":"詳情"},{"$i":"detail-name","$v":"名稱"},{"$i":"detail-location","$v":"位置"},{"$i":"detail-type","$v":"類型"},{"$i":"detail-created","$v":"已建立"},{"$i":"detail-size","$v":"大小"},{"$i":"folder","$v":"資料夾"},{"$i":"type-unknow","$v":"不明"},{"$i":"B","$v":"B"},{"$i":"KB","$v":"KB"},{"$i":"MB","$v":"MB"},{"$i":"GB","$v":"GB"},{"$i":"item-deleted","$v":"項目已刪除。"},{"$i":"items-deleted","$v":"項目已刪除。"},{"$i":"item-copied","$v":"項目已復制。"},{"$i":"items-copied","$v":"複製的項目。"},{"$i":"item-moved","$v":"物品搬了。"},{"$i":"items-moved","$v":"項目已移出。"},{"$i":"file-renamed","$v":"文件已重命名。"},{"$i":"folder-renamed","$v":"文件夾已重命名。"},{"$i":"folder-created","$v":"文件夾已創建"},{"$i":"refresh-completed","$v":"已完成重新整理。"},{"$i":"itmes-not-copied","$v":["未複製 ",{"t":"idOrVar","v":"num"}," 個項目。"]},{"$i":"itmes-not-moved","$v":["未移動 ",{"t":"idOrVar","v":"num"}," 個項目。"]},{"$i":"weekday-0-long","$v":"星期日"},{"$i":"weekday-1-long","$v":"星期一"},{"$i":"weekday-2-long","$v":"星期二"},{"$i":"weekday-3-long","$v":"星期三"},{"$i":"weekday-4-long","$v":"星期四"},{"$i":"weekday-5-long","$v":"星期五"},{"$i":"weekday-6-long","$v":"星期六"},{"$i":"weekday-0-short","$v":"周日"},{"$i":"weekday-1-short","$v":"周一"},{"$i":"weekday-2-short","$v":"周二"},{"$i":"weekday-3-short","$v":"周三"},{"$i":"weekday-4-short","$v":"周四"},{"$i":"weekday-5-short","$v":"周五"},{"$i":"weekday-6-short","$v":"周六"},{"$i":"month-0-long","$v":"一月"},{"$i":"month-1-long","$v":"二月"},{"$i":"month-2-long","$v":"三月"},{"$i":"month-3-long","$v":"四月"},{"$i":"month-4-long","$v":"五月"},{"$i":"month-5-long","$v":"六月"},{"$i":"month-6-long","$v":"七月"},{"$i":"month-7-long","$v":"八月"},{"$i":"month-8-long","$v":"九月"},{"$i":"month-9-long","$v":"十月"},{"$i":"month-10-long","$v":"十一月"},{"$i":"month-11-long","$v":"十二月"},{"$i":"month-0-genitive","$v":"一月"},{"$i":"month-1-genitive","$v":"二月"},{"$i":"month-2-genitive","$v":"三月"},{"$i":"month-3-genitive","$v":"四月"},{"$i":"month-4-genitive","$v":"五月"},{"$i":"month-5-genitive","$v":"六月"},{"$i":"month-6-genitive","$v":"七月"},{"$i":"month-7-genitive","$v":"八月"},{"$i":"month-8-genitive","$v":"九月"},{"$i":"month-9-genitive","$v":"十月"},{"$i":"month-10-genitive","$v":"十一月"},{"$i":"month-11-genitive","$v":"十二月"},{"$i":"month-0-short","$v":"1月"},{"$i":"month-1-short","$v":"2月"},{"$i":"month-2-short","$v":"3月"},{"$i":"month-3-short","$v":"4月"},{"$i":"month-4-short","$v":"5月"},{"$i":"month-5-short","$v":"6月"},{"$i":"month-6-short","$v":"7月"},{"$i":"month-7-short","$v":"8月"},{"$i":"month-8-short","$v":"9月"},{"$i":"month-9-short","$v":"10月"},{"$i":"month-10-short","$v":"11月"},{"$i":"month-11-short","$v":"12月"},{"$i":"minutes-ago-long","$v":{"few":[{"t":"idOrVar","v":"value"},"分鐘前"],"many":[{"t":"idOrVar","v":"value"},"分鐘前"],"other":[{"t":"idOrVar","v":"value"},"分鐘前"],"two":[{"t":"idOrVar","v":"value"},"分鐘前"],"one":"一分鐘前","zero":"現在"},"$x":[{"t":"idOrVar","v":"plural"},"value"]},{"$i":"hours-ago-long","$v":{"few":[{"t":"idOrVar","v":"value"},"小時前"],"many":[{"t":"idOrVar","v":"value"},"小時前"],"other":[{"t":"idOrVar","v":"value"},"小時前"],"two":[{"t":"idOrVar","v":"value"},"小時前"],"one":"1小時前","zero":"現在"},"$x":[{"t":"idOrVar","v":"plural"},"value"]},{"$i":"days-ago-long","$v":{"few":[{"t":"idOrVar","v":"value"},"天前"],"many":[{"t":"idOrVar","v":"value"},"天前"],"one":"昨天","other":[{"t":"idOrVar","v":"value"},"天前"],"two":[{"t":"idOrVar","v":"value"},"天前"],"zero":"今天"},"$x":[{"t":"idOrVar","v":"plural"},"value"]},{"$i":"weeks-ago-long","$v":{"few":[{"t":"idOrVar","v":"value"},"星期前"],"many":[{"t":"idOrVar","v":"value"},"星期前"],"one":"上週","other":[{"t":"idOrVar","v":"value"},"星期前"],"two":[{"t":"idOrVar","v":"value"},"星期前"],"zero":"本週"},"$x":[{"t":"idOrVar","v":"plural"},"value"]},{"$i":"months-ago-long","$v":{"few":[{"t":"idOrVar","v":"value"},"個月前"],"many":[{"t":"idOrVar","v":"value"},"個月前"],"one":"上個月","other":[{"t":"idOrVar","v":"value"},"個月前"],"two":[{"t":"idOrVar","v":"value"},"個月前"],"zero":"本月"},"$x":[{"t":"idOrVar","v":"plural"},"value"]},{"$i":"years-ago-long","$v":{"few":[{"t":"idOrVar","v":"value"},"年前"],"many":[{"t":"idOrVar","v":"value"},"年前"],"one":"上一年","other":[{"t":"idOrVar","v":"value"},"年前"],"two":[{"t":"idOrVar","v":"value"},"年前"],"zero":"今年"},"$x":[{"t":"idOrVar","v":"plural"},"value"]},{"$i":"minutes-until-long","$v":{"few":["在",{"t":"idOrVar","v":"value"},"分鐘後"],"many":["在",{"t":"idOrVar","v":"value"},"分鐘後"],"other":["在",{"t":"idOrVar","v":"value"},"分鐘後"],"two":["在",{"t":"idOrVar","v":"value"},"分鐘後"],"zero":"現在","one":"1分鐘內"},"$x":[{"t":"idOrVar","v":"plural"},"value"]},{"$i":"hours-until-long","$v":{"few":["在",{"t":"idOrVar","v":"value"},"小時後"],"many":["在",{"t":"idOrVar","v":"value"},"小時後"],"other":["在",{"t":"idOrVar","v":"value"},"小時後"],"two":[{"t":"idOrVar","v":"value"},"小時"],"zero":"現在","one":"1小時內"},"$x":[{"t":"idOrVar","v":"plural"},"value"]},{"$i":"days-until-long","$v":{"few":["在",{"t":"idOrVar","v":"value"},"天後"],"many":["在",{"t":"idOrVar","v":"value"},"天後"],"one":"明天","other":["在",{"t":"idOrVar","v":"value"},"天後"],"two":["在",{"t":"idOrVar","v":"value"},"天後"],"zero":"今天"},"$x":[{"t":"idOrVar","v":"plural"},"value"]},{"$i":"weeks-until-long","$v":{"few":["在",{"t":"idOrVar","v":"value"},"週後"],"many":["在",{"t":"idOrVar","v":"value"},"週後"],"one":"下週","other":["在",{"t":"idOrVar","v":"value"},"週後"],"two":["在",{"t":"idOrVar","v":"value"},"週後"],"zero":"本週"},"$x":[{"t":"idOrVar","v":"plural"},"value"]},{"$i":"months-until-long","$v":{"few":["在",{"t":"idOrVar","v":"value"},"個月後"],"many":["在",{"t":"idOrVar","v":"value"},"個月後"],"one":"下個月","other":["在",{"t":"idOrVar","v":"value"},"個月後"],"two":["在",{"t":"idOrVar","v":"value"},"個月後"],"zero":"本月"},"$x":[{"t":"idOrVar","v":"plural"},"value"]},{"$i":"years-until-long","$v":{"few":["在",{"t":"idOrVar","v":"value"},"年後"],"many":["在",{"t":"idOrVar","v":"value"},"年後"],"one":"明年","other":["在",{"t":"idOrVar","v":"value"},"年後"],"two":["在",{"t":"idOrVar","v":"value"},"年後"],"zero":"今年"},"$x":[{"t":"idOrVar","v":"plural"},"value"]},{"$i":"minutes-ago-short","$v":{"other":[{"t":"idOrVar","v":"value"},"分鐘前"],"zero":"現在"},"$x":[{"t":"idOrVar","v":"plural"},"value"]},{"$i":"hours-ago-short","$v":{"other":[{"t":"idOrVar","v":"value"},"小時前"],"zero":"現在"},"$x":[{"t":"idOrVar","v":"plural"},"value"]},{"$i":"days-ago-short","$v":{"other":[{"t":"idOrVar","v":"value"},"天前"],"zero":"今天"},"$x":[{"t":"idOrVar","v":"plural"},"value"]},{"$i":"minutes-until-short","$v":{"other":["在",{"t":"idOrVar","v":"value"},"分鐘後"],"zero":"現在"},"$x":[{"t":"idOrVar","v":"plural"},"value"]},{"$i":"hours-until-short","$v":{"other":["在",{"t":"idOrVar","v":"value"},"小時後"],"zero":"現在"},"$x":[{"t":"idOrVar","v":"plural"},"value"]},{"$i":"days-until-short","$v":{"other":["在",{"t":"idOrVar","v":"value"},"天後"],"zero":"今天"},"$x":[{"t":"idOrVar","v":"plural"},"value"]},{"$i":"incorrectDate","$v":"(日期不正確)"},{"$i":"dateTimeFormat_%c","$v":"%a %b %e %Y %I:%M:%S %p"},{"$i":"dateTimeFormat_%x","$v":"%m/%d/%Y"},{"$i":"dateTimeFormat_%X","$v":"%p %I:%M:%S"},{"$i":"shortTimeFormat","$v":"%I:%M %p"},{"$i":"shortTimeFormat12","$v":"%I:%M %p"},{"$i":"shortTimeFormat24","$v":"%H:%M"},{"$i":"shortDateTimeFormat","$v":"%x %I:%M %p"},{"$i":"weekStartsOnMonday","$v":"0.0"},{"$i":"firstDayOfTheWeek","$v":"0.0"},{"$i":"time_am","$v":"上午"},{"$i":"time_pm","$v":"下午"}]