[{"$i":"filemanager","$v":"Lawula Ifayela"},{"$i":"internal","$v":"Ngaphakathi"},{"$i":"sdcard","$v":"Ikhadi le-SD"},{"$i":"no-files","$v":"Ifolda ayinalutho."},{"$i":"not-support-header","$v":"Ayikwazi ukuvula"},{"$i":"not-support-content","$v":"Ifomethi yefayela ayisebenzi noma ayamukelwa."},{"$i":"confirmation-header","$v":"Ukuqinisekisa"},{"$i":"delete-file-content","$v":["Susa ifayela ",{"t":"idOrVar","v":"fileName"},"?"]},{"$i":"delete-folder-content","$v":["Zonke izinto ezikule folda ekhethiwe zizosuswa. Susa ifolder ",{"t":"idOrVar","v":"fileName"},"?"]},{"$i":"copy-move-header","$v":"Khetha Ifolda Oyiqondile"},{"$i":"number-selected","$v":{"few":[{"t":"idOrVar","v":"number"}," Bakhethiwe"],"many":[{"t":"idOrVar","v":"number"}," Bakhethiwe"],"one":[{"t":"idOrVar","v":"number"}," Ukhethiwe"],"other":[{"t":"idOrVar","v":"number"}," Bakhethiwe"],"two":[{"t":"idOrVar","v":"number"}," Bakhethiwe"],"zero":[{"t":"idOrVar","v":"number"}," Ukhethiwe"]},"$x":[{"t":"idOrVar","v":"plural"},"kilobytes"]},{"$i":"delete-all-folder","$v":"Zonke izinto ezikule folda ekhethiwe zizosuswa. Susa izinto ezikhethiwe?"},{"$i":"delete-all-file","$v":"Susa amafayela akhethiwe?"},{"$i":"search-in","$v":"Iyacinga ku"},{"$i":"search-current","$v":"Ifolda ekhona nje kuphela"},{"$i":"search-internal","$v":"Ngaphakathi"},{"$i":"search-sdcard","$v":"Ikhadi le-SD"},{"$i":"search-header","$v":["Cinga: ",{"t":"idOrVar","v":"keyword"}]},{"$i":"file-exist","$v":[{"t":"idOrVar","v":"fileName"}," isikhona kakade kule ndawo. Zigcine zombili?"]},{"$i":"paste-error","$v":"Awukwazi ukunamathelisa ifolder kuyo ngokwayo"},{"$i":"move-error","$v":"Awukwazi ukuthuthela ifolder kuyo ngokwayo"},{"$i":"new-folder-error","$v":["Igama ",{"t":"idOrVar","v":"folderName"}," selithathiwe kakade. Khetha elinye igama."]},{"$i":"searching","$v":"Iyacinga..."},{"$i":"loading","$v":"Iyalowuda..."},{"$i":"search-empty","$v":"Ayitholakali"},{"$i":"new-folder-invalid","$v":["Igama ",{"t":"idOrVar","v":"folderName"}," alivumelekile. Khetha elinye igama."]},{"$i":"progress-head-copy","$v":"Ukukopisha"},{"$i":"progress-content-copy","$v":"Kopisha into"},{"$i":"progress-head-move","$v":"Ukuambisa"},{"$i":"progress-content-move","$v":"Ukuhambisa into"},{"$i":"unsupport-folder-name","$v":{"$o":"Ayikwazi ukusebenzisa igama eliqukethe izinhlamvu ezingasekelwa: \\/:*?\"<>|"}},{"$i":"unsupport-string","$v":{"$o":["Ayikwazi uku ",{"t":"idOrVar","v":"name"}," ifayela elinegama elinezinhlamvu ezingasekelwa: \\/:*?\"<>|"]}},{"$i":"not-enough-space","$v":"Asikho isikhala esanele esitholakalayo"},{"$i":"error-while-moving","$v":"Iphutha ngenkathi ihambisa"},{"$i":"error-while-copying","$v":"Iphutha ngenkathi ikopisha"},{"$i":"rename-not-suffix","$v":"Ifayela lingase lingakwazi ukuvuleka ngemva kokushintsha okokwandisa. Shintsha noma kunjalo?"},{"$i":"open","$v":"Vula"},{"$i":"options","$v":"Okhetha kukho"},{"$i":"ok","$v":"KULUNGILE"},{"$i":"cancel","$v":"Khansela"},{"$i":"change","$v":"Shintsha"},{"$i":"paste","$v":"Namathisela"},{"$i":"select","$v":"Khetha"},{"$i":"deselect","$v":"Yeka ukukhetha"},{"$i":"replace","$v":"Buyisela"},{"$i":"keep-both","$v":"Zigcine Zombili"},{"$i":"delete","$v":"Susa"},{"$i":"copy","$v":"Kopisha"},{"$i":"move","$v":"Thutha"},{"$i":"rename","$v":"Qamba kabusha"},{"$i":"select-items","$v":"Khetha Izinto"},{"$i":"new-folder","$v":"Ifolda entsha"},{"$i":"search","$v":"Cinga"},{"$i":"refresh","$v":"Qala kabusha"},{"$i":"details","$v":"Imininingwane"},{"$i":"share","$v":"Yabelana"},{"$i":"select-all","$v":"Khetha Konke"},{"$i":"deselect-all","$v":"Ungakhethi Konke"},{"$i":"detail-header","$v":"Imininingwane"},{"$i":"detail-name","$v":"Igama"},{"$i":"detail-location","$v":"Indawo"},{"$i":"detail-type","$v":"Uhlobo"},{"$i":"detail-created","$v":"Yenziwe"},{"$i":"detail-size","$v":"Usayizi"},{"$i":"folder","$v":"ifolda"},{"$i":"type-unknow","$v":"akwaziwa"},{"$i":"B","$v":"B"},{"$i":"KB","$v":"I-KB"},{"$i":"MB","$v":"I-MB"},{"$i":"GB","$v":"I-GB"},{"$i":"item-deleted","$v":"Into idilithiwe."},{"$i":"items-deleted","$v":"Izinto zidilithiwe."},{"$i":"item-copied","$v":"Into ikopishiwe."},{"$i":"items-copied","$v":"Izinto zikopishiwe."},{"$i":"item-moved","$v":"Into iyiswe kwenye indawo."},{"$i":"items-moved","$v":"Izinto ziyiswe kwenye indawo."},{"$i":"file-renamed","$v":"Ifayela lishintshwe igama."},{"$i":"folder-renamed","$v":"Ifolda ishintshwe igama."},{"$i":"folder-created","$v":"Kwenziwe Ifolda"},{"$i":"refresh-completed","$v":"Ukuvuselela kuphelile."},{"$i":"itmes-not-copied","$v":[{"t":"idOrVar","v":"num"}," izinto azikopishiwe."]},{"$i":"itmes-not-moved","$v":[{"t":"idOrVar","v":"num"}," izinto azihanjisiwe."]},{"$i":"weekday-0-long","$v":"ISonto"},{"$i":"weekday-1-long","$v":"UMsombuluko"},{"$i":"weekday-2-long","$v":"ULwesibili"},{"$i":"weekday-3-long","$v":"ULwesithathu"},{"$i":"weekday-4-long","$v":"ULwesine"},{"$i":"weekday-5-long","$v":"ULwesihlanu"},{"$i":"weekday-6-long","$v":"UMgqibelo"},{"$i":"weekday-0-short","$v":"Isonto"},{"$i":"weekday-1-short","$v":"Mso"},{"$i":"weekday-2-short","$v":"Lwbl"},{"$i":"weekday-3-short","$v":"Lwth"},{"$i":"weekday-4-short","$v":"Lwesn"},{"$i":"weekday-5-short","$v":"Lwshl"},{"$i":"weekday-6-short","$v":"Mgq"},{"$i":"month-0-long","$v":"Januwari"},{"$i":"month-1-long","$v":"Febhuwari"},{"$i":"month-2-long","$v":"Mashi"},{"$i":"month-3-long","$v":"Ephreli"},{"$i":"month-4-long","$v":"Meyi"},{"$i":"month-5-long","$v":"Juni"},{"$i":"month-6-long","$v":"Julayi"},{"$i":"month-7-long","$v":"Agasti"},{"$i":"month-8-long","$v":"Septhemba"},{"$i":"month-9-long","$v":"Okthoba"},{"$i":"month-10-long","$v":"Novemba"},{"$i":"month-11-long","$v":"Disemba"},{"$i":"month-0-genitive","$v":"Januwari"},{"$i":"month-1-genitive","$v":"Febhuwari"},{"$i":"month-2-genitive","$v":"Mashi"},{"$i":"month-3-genitive","$v":"Ephreli"},{"$i":"month-4-genitive","$v":"Meyi"},{"$i":"month-5-genitive","$v":"Juni"},{"$i":"month-6-genitive","$v":"Julayi"},{"$i":"month-7-genitive","$v":"Agasti"},{"$i":"month-8-genitive","$v":"Septhemba"},{"$i":"month-9-genitive","$v":"Okthoba"},{"$i":"month-10-genitive","$v":"Novemba"},{"$i":"month-11-genitive","$v":"Disemba"},{"$i":"month-0-short","$v":"Jan"},{"$i":"month-1-short","$v":"Feb"},{"$i":"month-2-short","$v":"Mas"},{"$i":"month-3-short","$v":"Ephr"},{"$i":"month-4-short","$v":"Meyi"},{"$i":"month-5-short","$v":"Jun"},{"$i":"month-6-short","$v":"Jul"},{"$i":"month-7-short","$v":"Aga"},{"$i":"month-8-short","$v":"Sep"},{"$i":"month-9-short","$v":"Okt"},{"$i":"month-10-short","$v":"Nov"},{"$i":"month-11-short","$v":"Dis"},{"$i":"minutes-ago-long","$v":{"few":[{"t":"idOrVar","v":"value"}," imizuzu edlule"],"many":[{"t":"idOrVar","v":"value"}," imizuzu edlule"],"other":[{"t":"idOrVar","v":"value"}," imizuzu edlule"],"two":[{"t":"idOrVar","v":"value"}," imizuzu edlule"],"one":"Umzuzu odlule","zero":"Manje"},"$x":[{"t":"idOrVar","v":"plural"},"value"]},{"$i":"hours-ago-long","$v":{"few":[{"t":"idOrVar","v":"value"}," amahora adlule"],"many":[{"t":"idOrVar","v":"value"}," amahora adlule"],"other":[{"t":"idOrVar","v":"value"}," amahora adlule"],"two":[{"t":"idOrVar","v":"value"}," amahora adlule"],"one":"ihora elidlule","zero":"Manje"},"$x":[{"t":"idOrVar","v":"plural"},"value"]},{"$i":"days-ago-long","$v":{"few":[{"t":"idOrVar","v":"value"}," izinsuku ezidlule"],"many":[{"t":"idOrVar","v":"value"}," izinsuku ezidlule"],"one":"izolo","other":[{"t":"idOrVar","v":"value"}," izinsuku ezidlule"],"two":[{"t":"idOrVar","v":"value"}," izinsuku ezidlule"],"zero":"namuhla"},"$x":[{"t":"idOrVar","v":"plural"},"value"]},{"$i":"weeks-ago-long","$v":{"few":[{"t":"idOrVar","v":"value"}," amaviki adlule"],"many":[{"t":"idOrVar","v":"value"}," amaviki adlule"],"one":"iviki eledlule","other":[{"t":"idOrVar","v":"value"}," amaviki adlule"],"two":[{"t":"idOrVar","v":"value"}," amaviki adlule"],"zero":"kuleli viki"},"$x":[{"t":"idOrVar","v":"plural"},"value"]},{"$i":"months-ago-long","$v":{"few":[{"t":"idOrVar","v":"value"}," izinyanga ezidlule"],"many":[{"t":"idOrVar","v":"value"}," izinyanga ezidlule"],"one":"inyanga edlule","other":[{"t":"idOrVar","v":"value"}," izinyanga ezidlule"],"two":[{"t":"idOrVar","v":"value"}," izinyanga ezidlule"],"zero":"kule nyanga"},"$x":[{"t":"idOrVar","v":"plural"},"value"]},{"$i":"years-ago-long","$v":{"few":[{"t":"idOrVar","v":"value"}," iminyaka edlule"],"many":[{"t":"idOrVar","v":"value"}," iminyaka edlule"],"one":"ngonyaka odlule","other":[{"t":"idOrVar","v":"value"}," iminyaka edlule"],"two":[{"t":"idOrVar","v":"value"}," iminyaka edlule"],"zero":"kulo nyaka"},"$x":[{"t":"idOrVar","v":"plural"},"value"]},{"$i":"minutes-until-long","$v":{"few":["emizuzwini engu ",{"t":"idOrVar","v":"value"}],"many":["emizuzwini engu ",{"t":"idOrVar","v":"value"}],"other":["emizuzwini engu ",{"t":"idOrVar","v":"value"}],"two":["emizuzwini engu ",{"t":"idOrVar","v":"value"}],"zero":"manje","one":"Ngemva komzuzu"},"$x":[{"t":"idOrVar","v":"plural"},"value"]},{"$i":"hours-until-long","$v":{"few":["emahoreni angu ",{"t":"idOrVar","v":"value"}],"many":["emahoreni angu ",{"t":"idOrVar","v":"value"}],"other":["emahoreni angu ",{"t":"idOrVar","v":"value"}],"two":["emahoreni angu ",{"t":"idOrVar","v":"value"}],"zero":"manje","one":"Ngemva kwehora"},"$x":[{"t":"idOrVar","v":"plural"},"value"]},{"$i":"days-until-long","$v":{"few":["Ezinsukwini ezingu ",{"t":"idOrVar","v":"value"}],"many":["Ezinsukwini ezingu ",{"t":"idOrVar","v":"value"}],"one":"kusasa","other":["Ezinsukwini ezingu ",{"t":"idOrVar","v":"value"}],"two":["Ezinsukwini ezingu ",{"t":"idOrVar","v":"value"}],"zero":"namuhla"},"$x":[{"t":"idOrVar","v":"plural"},"value"]},{"$i":"weeks-until-long","$v":{"few":["emavikini angu ",{"t":"idOrVar","v":"value"}],"many":["emavikini angu ",{"t":"idOrVar","v":"value"}],"one":"ngeviki elizayo","other":["emavikini angu ",{"t":"idOrVar","v":"value"}],"two":["emavikini angu ",{"t":"idOrVar","v":"value"}],"zero":"kuleli viki"},"$x":[{"t":"idOrVar","v":"plural"},"value"]},{"$i":"months-until-long","$v":{"few":["ezinyangeni ezingu ",{"t":"idOrVar","v":"value"}],"many":["ezinyangeni ezingu ",{"t":"idOrVar","v":"value"}],"one":"ngenyanga ezayo","other":["ezinyangeni ezingu ",{"t":"idOrVar","v":"value"}],"two":["ezinyangeni ezingu ",{"t":"idOrVar","v":"value"}],"zero":"kule nyanga"},"$x":[{"t":"idOrVar","v":"plural"},"value"]},{"$i":"years-until-long","$v":{"few":["eminyakeni engu ",{"t":"idOrVar","v":"value"}],"many":["eminyakeni engu ",{"t":"idOrVar","v":"value"}],"one":"ngonyaka ozayo","other":["eminyakeni engu ",{"t":"idOrVar","v":"value"}],"two":["eminyakeni engu ",{"t":"idOrVar","v":"value"}],"zero":"kulo nyaka"},"$x":[{"t":"idOrVar","v":"plural"},"value"]},{"$i":"minutes-ago-short","$v":{"other":[{"t":"idOrVar","v":"value"}," umzuzu odlule"],"zero":"Manje"},"$x":[{"t":"idOrVar","v":"plural"},"value"]},{"$i":"hours-ago-short","$v":{"other":[{"t":"idOrVar","v":"value"}," ihora elidlule"],"zero":"Manje"},"$x":[{"t":"idOrVar","v":"plural"},"value"]},{"$i":"days-ago-short","$v":{"other":[{"t":"idOrVar","v":"value"}," usuku oludlule"],"zero":"namuhla"},"$x":[{"t":"idOrVar","v":"plural"},"value"]},{"$i":"minutes-until-short","$v":{"other":["Ngemva kwemizuzu engu ",{"t":"idOrVar","v":"value"}],"zero":"manje"},"$x":[{"t":"idOrVar","v":"plural"},"value"]},{"$i":"hours-until-short","$v":{"other":["Ngehora ",{"t":"idOrVar","v":"value"}],"zero":"manje"},"$x":[{"t":"idOrVar","v":"plural"},"value"]},{"$i":"days-until-short","$v":{"other":["osukwini ",{"t":"idOrVar","v":"value"}],"zero":"namuhla"},"$x":[{"t":"idOrVar","v":"plural"},"value"]},{"$i":"incorrectDate","$v":"(Usuku olunganembile)"},{"$i":"dateTimeFormat_%c","$v":"%a %b %e %Y %I:%M:%S %p"},{"$i":"dateTimeFormat_%x","$v":"%m/%d/%Y"},{"$i":"dateTimeFormat_%X","$v":"%I:%M:%S %p"},{"$i":"shortTimeFormat","$v":"%I:%M %p"},{"$i":"shortTimeFormat12","$v":"%I:%M %p"},{"$i":"shortTimeFormat24","$v":"%H:%M"},{"$i":"shortDateTimeFormat","$v":"%x %I:%M %p"},{"$i":"weekStartsOnMonday","$v":"0.0"},{"$i":"firstDayOfTheWeek","$v":"0.0"},{"$i":"time_am","$v":"AM"},{"$i":"time_pm","$v":"PM"}]