{
"46": "[\"SE\",\"00\",\"0\",null,null,\"$NP$FG\",\"\\d{5,10}\",\"[1-9]\\d{5,9}\",[[\"(8)(\\d{2,3})(\\d{2,3})(\\d{2})\",\"$1-$2 $3 $4\",\"8\",null,\"$1 $2 $3 $4\"],[\"([1-69]\\d)(\\d{2,3})(\\d{2})(\\d{2})\",\"$1-$2 $3 $4\",\"1[013689]|2[0136]|3[1356]|4[0246]|54|6[03]|90\",null,\"$1 $2 $3 $4\"],[\"([1-69]\\d)(\\d{3})(\\d{2})\",\"$1-$2 $3\",\"1[13689]|2[136]|3[1356]|4[0246]|54|6[03]|90\",null,\"$1 $2 $3\"],[\"(\\d{3})(\\d{2})(\\d{2})(\\d{2})\",\"$1-$2 $3 $4\",\"1[2457]|2[2457-9]|3[0247-9]|4[1357-9]|5[0-35-9]|6[124-9]|9(?:[125-8]|3[0-5]|4[0-3])\",null,\"$1 $2 $3 $4\"],[\"(\\d{3})(\\d{2,3})(\\d{2})\",\"$1-$2 $3\",\"1[2457]|2[2457-9]|3[0247-9]|4[1357-9]|5[0-35-9]|6[124-9]|9(?:[125-8]|3[0-5]|4[0-3])\",null,\"$1 $2 $3\"],[\"(7\\d)(\\d{3})(\\d{2})(\\d{2})\",\"$1-$2 $3 $4\",\"7\",null,\"$1 $2 $3 $4\"],[\"(77)(\\d{2})(\\d{2})\",\"$1-$2$3\",\"7\",null,\"$1 $2 $3\"],[\"(20)(\\d{2,3})(\\d{2})\",\"$1-$2 $3\",\"20\",null,\"$1 $2 $3\"],[\"(9[034]\\d)(\\d{2})(\\d{2})(\\d{3})\",\"$1-$2 $3 $4\",\"9[034]\",null,\"$1 $2 $3 $4\"],[\"(9[034]\\d)(\\d{4})\",\"$1-$2\",\"9[034]\",null,\"$1 $2\"]]]",
"299": "[\"GL\",\"00\",null,null,null,null,\"\\d{6}\",\"[1-689]\\d{5}\",[[\"(\\d{2})(\\d{2})(\\d{2})\",\"$1 $2 $3\",null,null,null]]]",
"385": "[\"HR\",\"00\",\"0\",null,null,\"$NP$FG\",\"\\d{6,12}\",\"[1-7]\\d{5,8}|[89]\\d{6,11}\",[[\"(1)(\\d{4})(\\d{3})\",\"$1 $2 $3\",\"1\",null,null],[\"(6[09])(\\d{4})(\\d{3})\",\"$1 $2 $3\",\"6[09]\",null,null],[\"(62)(\\d{3})(\\d{3,4})\",\"$1 $2 $3\",\"62\",null,null],[\"([2-5]\\d)(\\d{3})(\\d{3})\",\"$1 $2 $3\",\"[2-5]\",null,null],[\"(9\\d)(\\d{3})(\\d{3,4})\",\"$1 $2 $3\",\"9\",null,null],[\"(9\\d)(\\d{4})(\\d{4})\",\"$1 $2 $3\",\"9\",null,null],[\"(9\\d)(\\d{3,4})(\\d{3})(\\d{3})\",\"$1 $2 $3 $4\",\"9\",null,null],[\"(\\d{2})(\\d{2})(\\d{2,3})\",\"$1 $2 $3\",\"6[145]|7\",null,null],[\"(\\d{2})(\\d{3,4})(\\d{3})\",\"$1 $2 $3\",\"6[145]|7\",null,null],[\"(80[01])(\\d{2})(\\d{2,3})\",\"$1 $2 $3\",\"8\",null,null],[\"(80[01])(\\d{3,4})(\\d{3})\",\"$1 $2 $3\",\"8\",null,null]]]",
"670": "[\"TL\",\"00\",null,null,null,null,\"\\d{7,8}\",\"[2-489]\\d{6}|7\\d{6,7}\",[[\"(\\d{3})(\\d{4})\",\"$1 $2\",\"[2-489]\",null,null],[\"(\\d{4})(\\d{4})\",\"$1 $2\",\"7\",null,null]]]",
"258": "[\"MZ\",\"00\",null,null,null,null,\"\\d{8,9}\",\"[28]\\d{7,8}\",[[\"([28]\\d)(\\d{3})(\\d{3,4})\",\"$1 $2 $3\",\"2|8[2-7]\",null,null],[\"(80\\d)(\\d{3})(\\d{3})\",\"$1 $2 $3\",\"80\",null,null]]]",
"359": "[\"BG\",\"00\",\"0\",null,null,\"$NP$FG\",\"\\d{5,9}\",\"[23567]\\d{5,7}|[489]\\d{6,8}\",[[\"(2)(\\d{5})\",\"$1 $2\",\"29\",null,null],[\"(2)(\\d{3})(\\d{3,4})\",\"$1 $2 $3\",\"2\",null,null],[\"(\\d{3})(\\d{4})\",\"$1 $2\",\"43[124-7]|70[1-9]\",null,null],[\"(\\d{3})(\\d{3})(\\d{2})\",\"$1 $2 $3\",\"43[124-7]|70[1-9]\",null,null],[\"(\\d{3})(\\d{2})(\\d{3})\",\"$1 $2 $3\",\"[78]00\",null,null],[\"(\\d{3})(\\d{3})(\\d{3})\",\"$1 $2 $3\",\"999\",null,null],[\"(\\d{2})(\\d{3})(\\d{2,3})\",\"$1 $2 $3\",\"[356]|4[124-7]|7[1-9]|8[1-6]|9[1-7]\",null,null],[\"(\\d{2})(\\d{3})(\\d{3,4})\",\"$1 $2 $3\",\"48|8[7-9]|9[08]\",null,null]]]",
"682": "[\"CK\",\"00\",null,null,null,null,\"\\d{5}\",\"[2-57]\\d{4}\",[[\"(\\d{2})(\\d{3})\",\"$1 $2\",null,null,null]]]",
"852": "[\"HK\",\"00\",null,null,null,null,\"\\d{5,11}\",\"[235-7]\\d{7}|8\\d{7,8}|9\\d{4,10}\",[[\"(\\d{4})(\\d{4})\",\"$1 $2\",\"[235-7]|[89](?:0[1-9]|[1-9])\",null,null],[\"(800)(\\d{3})(\\d{3})\",\"$1 $2 $3\",\"800\",null,null],[\"(900)(\\d{2})(\\d{3})(\\d{3})\",\"$1 $2 $3 $4\",\"900\",null,null],[\"(900)(\\d{2,5})\",\"$1 $2\",\"900\",null,null]]]",
"998": "[\"UZ\",\"810\",\"8\",null,null,\"$NP $FG\",\"\\d{7,9}\",\"[679]\\d{8}\",[[\"([679]\\d)(\\d{3})(\\d{2})(\\d{2})\",\"$1 $2 $3 $4\",null,null,null]]]",
"291": "[\"ER\",\"00\",\"0\",null,null,\"$NP$FG\",\"\\d{6,7}\",\"[178]\\d{6}\",[[\"(\\d)(\\d{3})(\\d{3})\",\"$1 $2 $3\",null,null,null]]]",
"95": "[\"MM\",\"00\",\"0\",null,null,\"$NP$FG\",\"\\d{5,10}\",\"[14578]\\d{5,7}|[26]\\d{5,8}|9(?:2\\d{0,2}|[58]|3\\d|4\\d{1,2}|6\\d?|[79]\\d{0,2})\\d{6}\",[[\"(\\d)(\\d{3})(\\d{3,4})\",\"$1 $2 $3\",\"1|2[45]\",null,null],[\"(2)(\\d{4})(\\d{4})\",\"$1 $2 $3\",\"251\",null,null],[\"(\\d)(\\d{2})(\\d{3})\",\"$1 $2 $3\",\"16|2\",null,null],[\"(\\d{2})(\\d{3})(\\d{3,4})\",\"$1 $2 $3\",\"67|81\",null,null],[\"(\\d{2})(\\d{2})(\\d{3,4})\",\"$1 $2 $3\",\"[4-8]\",null,null],[\"(9)(\\d{3})(\\d{4,6})\",\"$1 $2 $3\",\"9(?:2[0-4]|[35-9]|4[13789])\",null,null],[\"(9)(4\\d{4})(\\d{4})\",\"$1 $2 $3\",\"94[0245]\",null,null],[\"(9)(\\d{3})(\\d{3})(\\d{3})\",\"$1 $2 $3 $4\",\"925\",null,null]]]",
"266": "[\"LS\",\"00\",null,null,null,null,\"\\d{8}\",\"[2568]\\d{7}\",[[\"(\\d{4})(\\d{4})\",\"$1 $2\",null,null,null]]]",
"245": "[\"GW\",\"00\",null,null,null,null,\"\\d{7}\",\"[3-79]\\d{6}\",[[\"(\\d{3})(\\d{4})\",\"$1 $2\",null,null,null]]]",
"374": "[\"AM\",\"00\",\"0\",null,null,\"($NP$FG)\",\"\\d{5,8}\",\"[1-9]\\d{7}\",[[\"(\\d{2})(\\d{6})\",\"$1 $2\",\"1|47\",null,null],[\"(\\d{2})(\\d{6})\",\"$1 $2\",\"4[139]|[5-7]|9[1-9]\",\"$NP$FG\",null],[\"(\\d{3})(\\d{5})\",\"$1 $2\",\"[23]\",null,null],[\"(\\d{3})(\\d{2})(\\d{3})\",\"$1 $2 $3\",\"8|90\",\"$NP $FG\",null]]]",
"379": "[\"VA\",\"00\",null,null,null,null,\"\\d{10}\",\"06\\d{8}\",[[\"(06)(\\d{4})(\\d{4})\",\"$1 $2 $3\",null,null,null]]]",
"61": ["[\"AU\",\"(?:14(?:1[14]|34|4[17]|[56]6|7[47]|88))?001[14-689]\",\"0\",null,null,null,\"\\d{6,10}\",\"[1-578]\\d{5,9}\",[[\"([2378])(\\d{4})(\\d{4})\",\"$1 $2 $3\",\"[2378]\",\"($NP$FG)\",null],[\"(\\d{3})(\\d{3})(\\d{3})\",\"$1 $2 $3\",\"[45]|14\",\"$NP$FG\",null],[\"(16)(\\d{3})(\\d{2,4})\",\"$1 $2 $3\",\"16\",\"$NP$FG\",null],[\"(1[389]\\d{2})(\\d{3})(\\d{3})\",\"$1 $2 $3\",\"1(?:[38]0|90)\",\"$FG\",null],[\"(180)(2\\d{3})\",\"$1 $2\",\"180\",\"$FG\",null],[\"(19\\d)(\\d{3})\",\"$1 $2\",\"19[13]\",\"$FG\",null],[\"(19\\d{2})(\\d{4})\",\"$1 $2\",\"19[67]\",\"$FG\",null],[\"(13)(\\d{2})(\\d{2})\",\"$1 $2 $3\",\"13[1-9]\",\"$FG\",null]]]","[\"CC\",\"(?:14(?:1[14]|34|4[17]|[56]6|7[47]|88))?001[14-689]\",\"0\",null,null,null,\"\\d{6,10}\",\"[1458]\\d{5,9}\",null]","[\"CX\",\"(?:14(?:1[14]|34|4[17]|[56]6|7[47]|88))?001[14-689]\",\"0\",null,null,null,\"\\d{6,10}\",\"[1458]\\d{5,9}\",null]"],
"500": "[\"FK\",\"00\",null,null,null,null,\"\\d{5}\",\"[2-7]\\d{4}\",null]",
"261": "[\"MG\",\"00\",\"0\",null,null,\"$NP$FG\",\"\\d{7,9}\",\"[23]\\d{8}\",[[\"([23]\\d)(\\d{2})(\\d{3})(\\d{2})\",\"$1 $2 $3 $4\",null,null,null]]]",
"92": "[\"PK\",\"00\",\"0\",null,null,\"($NP$FG)\",\"\\d{6,12}\",\"1\\d{8}|[2-8]\\d{5,11}|9(?:[013-9]\\d{4,9}|2\\d(?:111\\d{6}|\\d{3,7}))\",[[\"(\\d{2})(111)(\\d{3})(\\d{3})\",\"$1 $2 $3 $4\",\"(?:2[125]|4[0-246-9]|5[1-35-7]|6[1-8]|7[14]|8[16]|91)1\",null,null],[\"(\\d{3})(111)(\\d{3})(\\d{3})\",\"$1 $2 $3 $4\",\"2[349]|45|54|60|72|8[2-5]|9[2-9]\",null,null],[\"(\\d{2})(\\d{7,8})\",\"$1 $2\",\"(?:2[125]|4[0-246-9]|5[1-35-7]|6[1-8]|7[14]|8[16]|91)[2-9]\",null,null],[\"(\\d{3})(\\d{6,7})\",\"$1 $2\",\"2[349]|45|54|60|72|8[2-5]|9[2-9]\",null,null],[\"(3\\d{2})(\\d{7})\",\"$1 $2\",\"3\",\"$NP$FG\",null],[\"([15]\\d{3})(\\d{5,6})\",\"$1 $2\",\"58[12]|1\",null,null],[\"(586\\d{2})(\\d{5})\",\"$1 $2\",\"586\",null,null],[\"([89]00)(\\d{3})(\\d{2})\",\"$1 $2 $3\",\"[89]00\",\"$NP$FG\",null]]]",
"234": "[\"NG\",\"009\",\"0\",null,null,\"$NP$FG\",\"\\d{5,14}\",\"[1-6]\\d{5,8}|9\\d{5,9}|[78]\\d{5,13}\",[[\"([129])(\\d{3})(\\d{3,4})\",\"$1 $2 $3\",\"[129]\",null,null],[\"(\\d{2})(\\d{3})(\\d{2,3})\",\"$1 $2 $3\",\"[3-6]|7(?:[1-79]|0[1-9])|8[2-9]\",null,null],[\"(\\d{3})(\\d{3})(\\d{3,4})\",\"$1 $2 $3\",\"70|8[01]|90[2359]\",null,null],[\"([78]00)(\\d{4})(\\d{4,5})\",\"$1 $2 $3\",\"[78]00\",null,null],[\"([78]00)(\\d{5})(\\d{5,6})\",\"$1 $2 $3\",\"[78]00\",null,null],[\"(78)(\\d{2})(\\d{3})\",\"$1 $2 $3\",\"78\",null,null]]]",
"350": "[\"GI\",\"00\",null,null,null,null,\"\\d{8}\",\"[2568]\\d{7}\",[[\"(\\d{3})(\\d{5})\",\"$1 $2\",\"2\",null,null]]]",
"45": "[\"DK\",\"00\",null,null,null,null,\"\\d{8}\",\"[2-9]\\d{7}\",[[\"(\\d{2})(\\d{2})(\\d{2})(\\d{2})\",\"$1 $2 $3 $4\",null,null,null]]]",
"963": "[\"SY\",\"00\",\"0\",null,null,\"$NP$FG\",\"\\d{6,9}\",\"[1-59]\\d{7,8}\",[[\"(\\d{2})(\\d{3})(\\d{3,4})\",\"$1 $2 $3\",\"[1-5]\",null,null],[\"(9\\d{2})(\\d{3})(\\d{3})\",\"$1 $2 $3\",\"9\",null,null]]]",
"226": "[\"BF\",\"00\",null,null,null,null,\"\\d{8}\",\"[267]\\d{7}\",[[\"(\\d{2})(\\d{2})(\\d{2})(\\d{2})\",\"$1 $2 $3 $4\",null,null,null]]]",
"974": "[\"QA\",\"00\",null,null,null,null,\"\\d{7,8}\",\"[2-8]\\d{6,7}\",[[\"([28]\\d{2})(\\d{4})\",\"$1 $2\",\"[28]\",null,null],[\"([3-7]\\d{3})(\\d{4})\",\"$1 $2\",\"[3-7]\",null,null]]]",
"218": "[\"LY\",\"00\",\"0\",null,null,\"$NP$FG\",\"\\d{7,9}\",\"[25679]\\d{8}\",[[\"([25679]\\d)(\\d{7})\",\"$1-$2\",null,null,null]]]",
"51": "[\"PE\",\"19(?:1[124]|77|90)00\",\"0\",null,null,\"($NP$FG)\",\"\\d{6,9}\",\"[14-9]\\d{7,8}\",[[\"(1)(\\d{7})\",\"$1 $2\",\"1\",null,null],[\"([4-8]\\d)(\\d{6})\",\"$1 $2\",\"[4-7]|8[2-4]\",null,null],[\"(\\d{3})(\\d{5})\",\"$1 $2\",\"80\",null,null],[\"(9\\d{2})(\\d{3})(\\d{3})\",\"$1 $2 $3\",\"9\",\"$FG\",null]]]",
"62": "[\"ID\",\"0(?:0[1789]|10(?:00|1[67]))\",\"0\",null,null,\"$NP$FG\",\"\\d{5,11}\",\"[1-9]\\d{6,10}\",[[\"(\\d{2})(\\d{5,8})\",\"$1 $2\",\"2[124]|[36]1\",\"($NP$FG)\",null],[\"(\\d{3})(\\d{5,8})\",\"$1 $2\",\"[4579]|2[035-9]|[36][02-9]\",\"($NP$FG)\",null],[\"(8\\d{2})(\\d{3,4})(\\d{3,4})\",\"$1-$2-$3\",\"8[1-35-9]\",null,null],[\"(177)(\\d{6,8})\",\"$1 $2\",\"1\",null,null],[\"(800)(\\d{5,7})\",\"$1 $2\",\"800\",null,null],[\"(80\\d)(\\d)(\\d{3})(\\d{3})\",\"$1 $2 $3 $4\",\"80[79]\",null,null]]]",
"298": "[\"FO\",\"00\",null,\"(10(?:01|[12]0|88))\",null,null,\"\\d{6}\",\"[2-9]\\d{5}\",[[\"(\\d{6})\",\"$1\",null,null,null]]]",
"381": "[\"RS\",\"00\",\"0\",null,null,\"$NP$FG\",\"\\d{5,12}\",\"[126-9]\\d{4,11}|3(?:[0-79]\\d{3,10}|8[2-9]\\d{2,9})\",[[\"([23]\\d{2})(\\d{4,9})\",\"$1 $2\",\"(?:2[389]|39)0\",null,null],[\"([1-3]\\d)(\\d{5,10})\",\"$1 $2\",\"1|2(?:[0-24-7]|[389][1-9])|3(?:[0-8]|9[1-9])\",null,null],[\"(6\\d)(\\d{6,8})\",\"$1 $2\",\"6\",null,null],[\"([89]\\d{2})(\\d{3,9})\",\"$1 $2\",\"[89]\",null,null],[\"(7[26])(\\d{4,9})\",\"$1 $2\",\"7[26]\",null,null],[\"(7[08]\\d)(\\d{4,9})\",\"$1 $2\",\"7[08]\",null,null]]]",
"975": "[\"BT\",\"00\",null,null,null,null,\"\\d{6,8}\",\"[1-8]\\d{6,7}\",[[\"([17]7)(\\d{2})(\\d{2})(\\d{2})\",\"$1 $2 $3 $4\",\"1|77\",null,null],[\"([2-8])(\\d{3})(\\d{3})\",\"$1 $2 $3\",\"[2-68]|7[246]\",null,null]]]",
"34": "[\"ES\",\"00\",null,null,null,null,\"\\d{9}\",\"[5-9]\\d{8}\",[[\"([5-9]\\d{2})(\\d{2})(\\d{2})(\\d{2})\",\"$1 $2 $3 $4\",\"[568]|[79][0-8]\",null,null]]]",
"881": "[\"001\",null,null,null,null,null,\"\\d{9}\",\"[67]\\d{8}\",[[\"(\\d)(\\d{3})(\\d{5})\",\"$1 $2 $3\",\"[67]\",null,null]]]",
"855": "[\"KH\",\"00[14-9]\",\"0\",null,null,null,\"\\d{6,10}\",\"[1-9]\\d{7,9}\",[[\"(\\d{2})(\\d{3})(\\d{3,4})\",\"$1 $2 $3\",\"1\\d[1-9]|[2-9]\",\"$NP$FG\",null],[\"(1[89]00)(\\d{3})(\\d{3})\",\"$1 $2 $3\",\"1[89]0\",null,null]]]",
"420": "[\"CZ\",\"00\",null,null,null,null,\"\\d{9,12}\",\"[2-8]\\d{8}|9\\d{8,11}\",[[\"([2-9]\\d{2})(\\d{3})(\\d{3})\",\"$1 $2 $3\",\"[2-8]|9[015-7]\",null,null],[\"(96\\d)(\\d{3})(\\d{3})(\\d{3})\",\"$1 $2 $3 $4\",\"96\",null,null],[\"(9\\d)(\\d{3})(\\d{3})(\\d{3})\",\"$1 $2 $3 $4\",\"9[36]\",null,null]]]",
"216": "[\"TN\",\"00\",null,null,null,null,\"\\d{8}\",\"[2-57-9]\\d{7}\",[[\"(\\d{2})(\\d{3})(\\d{3})\",\"$1 $2 $3\",null,null,null]]]",
"673": "[\"BN\",\"00\",null,null,null,null,\"\\d{7}\",\"[2-578]\\d{6}\",[[\"([2-578]\\d{2})(\\d{4})\",\"$1 $2\",null,null,null]]]",
"290": ["[\"SH\",\"00\",null,null,null,null,\"\\d{4,5}\",\"[25]\\d{4}\",null]","[\"TA\",\"00\",null,null,null,null,\"\\d{4}\",\"8\\d{3}\",null]"],
"882": "[\"001\",null,null,null,null,null,\"\\d{7,12}\",\"[13]\\d{6,11}\",[[\"(\\d{2})(\\d{4})(\\d{3})\",\"$1 $2 $3\",\"3[23]\",null,null],[\"(\\d{2})(\\d{5})\",\"$1 $2\",\"16|342\",null,null],[\"(\\d{2})(\\d{4})(\\d{4})\",\"$1 $2 $3\",\"34[57]\",null,null],[\"(\\d{3})(\\d{4})(\\d{4})\",\"$1 $2 $3\",\"348\",null,null],[\"(\\d{2})(\\d{2})(\\d{4})\",\"$1 $2 $3\",\"1\",null,null],[\"(\\d{2})(\\d{3,4})(\\d{4})\",\"$1 $2 $3\",\"16\",null,null],[\"(\\d{2})(\\d{4,5})(\\d{5})\",\"$1 $2 $3\",\"16\",null,null]]]",
"267": "[\"BW\",\"00\",null,null,null,null,\"\\d{7,8}\",\"[2-79]\\d{6,7}\",[[\"(\\d{3})(\\d{4})\",\"$1 $2\",\"[2-6]\",null,null],[\"(7\\d)(\\d{3})(\\d{3})\",\"$1 $2 $3\",\"7\",null,null],[\"(90)(\\d{5})\",\"$1 $2\",\"9\",null,null]]]",
"94": "[\"LK\",\"00\",\"0\",null,null,\"$NP$FG\",\"\\d{7,9}\",\"[1-9]\\d{8}\",[[\"(\\d{2})(\\d{1})(\\d{6})\",\"$1 $2 $3\",\"[1-689]\",null,null],[\"(\\d{2})(\\d{3})(\\d{4})\",\"$1 $2 $3\",\"7\",null,null]]]",
"356": "[\"MT\",\"00\",null,null,null,null,\"\\d{8}\",\"[2357-9]\\d{7}\",[[\"(\\d{4})(\\d{4})\",\"$1 $2\",null,null,null]]]",
"375": "[\"BY\",\"810\",\"8\",\"8?0?\",null,null,\"\\d{7,11}\",\"[1-4]\\d{8}|[89]\\d{9,10}\",[[\"(\\d{2})(\\d{3})(\\d{2})(\\d{2})\",\"$1 $2-$3-$4\",\"17[0-3589]|2[4-9]|[34]\",\"$NP 0$FG\",null],[\"(\\d{3})(\\d{2})(\\d{2})(\\d{2})\",\"$1 $2-$3-$4\",\"1(?:5[24]|6[235]|7[467])|2(?:1[246]|2[25]|3[26])\",\"$NP 0$FG\",null],[\"(\\d{4})(\\d{2})(\\d{3})\",\"$1 $2-$3\",\"1(?:5[169]|6[3-5]|7[179])|2(?:1[35]|2[34]|3[3-5])\",\"$NP 0$FG\",null],[\"([89]\\d{2})(\\d{3})(\\d{4})\",\"$1 $2 $3\",\"8[01]|9\",\"$NP $FG\",null],[\"(8\\d{2})(\\d{4})(\\d{4})\",\"$1 $2 $3\",\"82\",\"$NP $FG\",null]]]",
"690": "[\"TK\",\"00\",null,null,null,null,\"\\d{4}\",\"[2-9]\\d{3}\",null]",
"507": "[\"PA\",\"00\",null,null,null,null,\"\\d{7,8}\",\"[1-9]\\d{6,7}\",[[\"(\\d{3})(\\d{4})\",\"$1-$2\",\"[1-57-9]\",null,null],[\"(\\d{4})(\\d{4})\",\"$1-$2\",\"6\",null,null]]]",
"692": "[\"MH\",\"011\",\"1\",null,null,null,\"\\d{7}\",\"[2-6]\\d{6}\",[[\"(\\d{3})(\\d{4})\",\"$1-$2\",null,null,null]]]",
"250": "[\"RW\",\"00\",\"0\",null,null,null,\"\\d{8,9}\",\"[027-9]\\d{7,8}\",[[\"(2\\d{2})(\\d{3})(\\d{3})\",\"$1 $2 $3\",\"2\",\"$FG\",null],[\"([7-9]\\d{2})(\\d{3})(\\d{3})\",\"$1 $2 $3\",\"[7-9]\",\"$NP$FG\",null],[\"(0\\d)(\\d{2})(\\d{2})(\\d{2})\",\"$1 $2 $3 $4\",\"0\",null,null]]]",
"81": "[\"JP\",\"010\",\"0\",null,null,\"$NP$FG\",\"\\d{8,17}\",\"[1-9]\\d{8,9}|00(?:[36]\\d{7,14}|7\\d{5,7}|8\\d{7})\",[[\"(\\d{3})(\\d{3})(\\d{3})\",\"$1-$2-$3\",\"(?:12|57|99)0\",null,null],[\"(\\d{3})(\\d{3})(\\d{4})\",\"$1-$2-$3\",\"800\",null,null],[\"(\\d{4})(\\d{4})\",\"$1-$2\",\"0077\",\"$FG\",\"NA\"],[\"(\\d{4})(\\d{2})(\\d{3,4})\",\"$1-$2-$3\",\"0077\",\"$FG\",\"NA\"],[\"(\\d{4})(\\d{2})(\\d{4})\",\"$1-$2-$3\",\"0088\",\"$FG\",\"NA\"],[\"(\\d{4})(\\d{3})(\\d{3,4})\",\"$1-$2-$3\",\"00(?:37|66)\",\"$FG\",\"NA\"],[\"(\\d{4})(\\d{4})(\\d{4,5})\",\"$1-$2-$3\",\"00(?:37|66)\",\"$FG\",\"NA\"],[\"(\\d{4})(\\d{5})(\\d{5,6})\",\"$1-$2-$3\",\"00(?:37|66)\",\"$FG\",\"NA\"],[\"(\\d{4})(\\d{6})(\\d{6,7})\",\"$1-$2-$3\",\"00(?:37|66)\",\"$FG\",\"NA\"],[\"(\\d{2})(\\d{4})(\\d{4})\",\"$1-$2-$3\",\"[2579]0|80[1-9]\",null,null],[\"(\\d{4})(\\d)(\\d{4})\",\"$1-$2-$3\",\"1(?:26|3[79]|4[56]|5[4-68]|6[3-5])|5(?:76|97)|499|746|8(?:3[89]|63|47|51)|9(?:49|80|9[16])\",null,null],[\"(\\d{3})(\\d{2})(\\d{4})\",\"$1-$2-$3\",\"1(?:2[3-6]|3[3-9]|4[2-6]|5[2-8]|[68][2-7]|7[2-689]|9[1-578])|2(?:2[03-689]|3[3-58]|4[0-468]|5[04-8]|6[013-8]|7[06-9]|8[02-57-9]|9[13])|4(?:2[28]|3[689]|6[035-7]|7[05689]|80|9[3-5])|5(?:3[1-36-9]|4[4578]|5[013-8]|6[1-9]|7[2-8]|8[14-7]|9[4-9])|7(?:2[15]|3[5-9]|4[02-9]|6[135-8]|7[0-4689]|9[014-9])|8(?:2[49]|3[3-8]|4[5-8]|5[2-9]|6[35-9]|7[579]|8[03-579]|9[2-8])|9(?:[23]0|4[02-46-9]|5[024-79]|6[4-9]|7[2-47-9]|8[02-7]|9[3-7])\",null,null],[\"(\\d{2})(\\d{3})(\\d{4})\",\"$1-$2-$3\",\"1|2(?:2[37]|5[5-9]|64|78|8[39]|91)|4(?:2[2689]|64|7[347])|5(?:[2-589]|39)|60|8(?:[46-9]|3[279]|2[124589])|9(?:[235-8]|93)\",null,null],[\"(\\d{3})(\\d{2})(\\d{4})\",\"$1-$2-$3\",\"2(?:9[14-79]|74|[34]7|[56]9)|82|993\",null,null],[\"(\\d)(\\d{4})(\\d{4})\",\"$1-$2-$3\",\"3|4(?:2[09]|7[01])|6[1-9]\",null,null],[\"(\\d{2})(\\d{3})(\\d{4})\",\"$1-$2-$3\",\"[2479][1-9]\",null,null]]]",
"237": "[\"CM\",\"00\",null,null,null,null,\"\\d{8,9}\",\"[2368]\\d{7,8}\",[[\"([26])(\\d{2})(\\d{2})(\\d{2})(\\d{2})\",\"$1 $2 $3 $4 $5\",\"[26]\",null,null],[\"(\\d{2})(\\d{2})(\\d{2})(\\d{2})\",\"$1 $2 $3 $4\",\"[23]|88\",null,null],[\"(800)(\\d{2})(\\d{3})\",\"$1 $2 $3\",\"80\",null,null]]]",
"351": "[\"PT\",\"00\",null,null,null,null,\"\\d{9}\",\"[2-46-9]\\d{8}\",[[\"(2\\d)(\\d{3})(\\d{4})\",\"$1 $2 $3\",\"2[12]\",null,null],[\"([2-46-9]\\d{2})(\\d{3})(\\d{3})\",\"$1 $2 $3\",\"2[3-9]|[346-9]\",null,null]]]",
"246": "[\"IO\",\"00\",null,null,null,null,\"\\d{7}\",\"3\\d{6}\",[[\"(\\d{3})(\\d{4})\",\"$1 $2\",null,null,null]]]",
"227": "[\"NE\",\"00\",null,null,null,null,\"\\d{8}\",\"[0289]\\d{7}\",[[\"(\\d{2})(\\d{2})(\\d{2})(\\d{2})\",\"$1 $2 $3 $4\",\"[289]|09\",null,null],[\"(08)(\\d{3})(\\d{3})\",\"$1 $2 $3\",\"08\",null,null]]]",
"27": "[\"ZA\",\"00\",\"0\",null,null,\"$NP$FG\",\"\\d{5,9}\",\"[1-79]\\d{8}|8(?:[067]\\d{7}|[1-4]\\d{3,7})\",[[\"(860)(\\d{3})(\\d{3})\",\"$1 $2 $3\",\"860\",null,null],[\"(\\d{2})(\\d{3})(\\d{4})\",\"$1 $2 $3\",\"[1-79]|8(?:[0-47]|6[1-9])\",null,null],[\"(\\d{2})(\\d{3,4})\",\"$1 $2\",\"8[1-4]\",null,null],[\"(\\d{2})(\\d{3})(\\d{2,3})\",\"$1 $2 $3\",\"8[1-4]\",null,null]]]",
"962": "[\"JO\",\"00\",\"0\",null,null,\"$NP$FG\",\"\\d{8,9}\",\"[235-9]\\d{7,8}\",[[\"(\\d)(\\d{3})(\\d{4})\",\"$1 $2 $3\",\"[2356]|87\",\"($NP$FG)\",null],[\"(7)(\\d{4})(\\d{4})\",\"$1 $2 $3\",\"7[457-9]\",null,null],[\"(\\d{3})(\\d{5,6})\",\"$1 $2\",\"70|8[0158]|9\",null,null]]]",
"387": "[\"BA\",\"00\",\"0\",null,null,\"$NP$FG\",\"\\d{6,9}\",\"[3-9]\\d{7,8}\",[[\"(\\d{2})(\\d{3})(\\d{3})\",\"$1 $2-$3\",\"[3-5]\",null,null],[\"(\\d{2})(\\d{3})(\\d{3})\",\"$1 $2 $3\",\"6[1-356]|[7-9]\",null,null],[\"(\\d{2})(\\d{2})(\\d{2})(\\d{3})\",\"$1 $2 $3 $4\",\"6[047]\",null,null]]]",
"33": "[\"FR\",\"00\",\"0\",null,null,\"$NP$FG\",\"\\d{9}\",\"[1-9]\\d{8}\",[[\"([1-79])(\\d{2})(\\d{2})(\\d{2})(\\d{2})\",\"$1 $2 $3 $4 $5\",\"[1-79]\",null,null],[\"(1\\d{2})(\\d{3})\",\"$1 $2\",\"11\",\"$FG\",\"NA\"],[\"(8\\d{2})(\\d{2})(\\d{2})(\\d{2})\",\"$1 $2 $3 $4\",\"8\",\"$NP $FG\",null]]]",
"972": "[\"IL\",\"0(?:0|1[2-9])\",\"0\",null,null,\"$FG\",\"\\d{4,10}\",\"[17]\\d{6,9}|[2-589]\\d{3}(?:\\d{3,6})?|6\\d{3}\",[[\"([2-489])(\\d{3})(\\d{4})\",\"$1-$2-$3\",\"[2-489]\",\"$NP$FG\",null],[\"([57]\\d)(\\d{3})(\\d{4})\",\"$1-$2-$3\",\"[57]\",\"$NP$FG\",null],[\"(1)([7-9]\\d{2})(\\d{3})(\\d{3})\",\"$1-$2-$3-$4\",\"1[7-9]\",null,null],[\"(1255)(\\d{3})\",\"$1-$2\",\"125\",null,null],[\"(1200)(\\d{3})(\\d{3})\",\"$1-$2-$3\",\"120\",null,null],[\"(1212)(\\d{2})(\\d{2})\",\"$1-$2-$3\",\"121\",null,null],[\"(1599)(\\d{6})\",\"$1-$2\",\"15\",null,null],[\"(\\d{4})\",\"*$1\",\"[2-689]\",null,null]]]",
"248": "[\"SC\",\"0[0-2]\",null,null,null,null,\"\\d{6,7}\",\"[2468]\\d{5,6}\",[[\"(\\d{3})(\\d{3})\",\"$1 $2\",\"8\",null,null],[\"(\\d)(\\d{3})(\\d{3})\",\"$1 $2 $3\",\"[246]\",null,null]]]",
"297": "[\"AW\",\"00\",null,null,null,null,\"\\d{7}\",\"[25-9]\\d{6}\",[[\"(\\d{3})(\\d{4})\",\"$1 $2\",null,null,null]]]",
"421": "[\"SK\",\"00\",\"0\",null,null,\"$NP$FG\",\"\\d{9}\",\"[2-689]\\d{8}\",[[\"(2)(\\d{3})(\\d{3})(\\d{2})\",\"$1/$2 $3 $4\",\"2\",null,null],[\"([3-5]\\d)(\\d{3})(\\d{2})(\\d{2})\",\"$1/$2 $3 $4\",\"[3-5]\",null,null],[\"([689]\\d{2})(\\d{3})(\\d{3})\",\"$1 $2 $3\",\"[689]\",null,null]]]",
"672": "[\"NF\",\"00\",null,null,null,null,\"\\d{5,6}\",\"[13]\\d{5}\",[[\"(\\d{2})(\\d{4})\",\"$1 $2\",\"1\",null,null],[\"(\\d)(\\d{5})\",\"$1 $2\",\"3\",null,null]]]",
"870": "[\"001\",null,null,null,null,null,\"\\d{9}\",\"[35-7]\\d{8}\",[[\"(\\d{3})(\\d{3})(\\d{3})\",\"$1 $2 $3\",null,null,null]]]",
"883": "[\"001\",null,null,null,null,null,\"\\d{9}(?:\\d{3})?\",\"51\\d{7}(?:\\d{3})?\",[[\"(\\d{3})(\\d{3})(\\d{3})\",\"$1 $2 $3\",\"510\",null,null],[\"(\\d{3})(\\d{3})(\\d{3})(\\d{3})\",\"$1 $2 $3 $4\",\"510\",null,null],[\"(\\d{4})(\\d{4})(\\d{4})\",\"$1 $2 $3\",\"51[13]\",null,null]]]",
"264": "[\"NA\",\"00\",\"0\",null,null,\"$NP$FG\",\"\\d{8,9}\",\"[68]\\d{7,8}\",[[\"(8\\d)(\\d{3})(\\d{4})\",\"$1 $2 $3\",\"8[1235]\",null,null],[\"(6\\d)(\\d{2,3})(\\d{4})\",\"$1 $2 $3\",\"6\",null,null],[\"(88)(\\d{3})(\\d{3})\",\"$1 $2 $3\",\"88\",null,null],[\"(870)(\\d{3})(\\d{3})\",\"$1 $2 $3\",\"870\",null,null]]]",
"878": "[\"001\",null,null,null,null,null,\"\\d{12}\",\"1\\d{11}\",[[\"(\\d{2})(\\d{5})(\\d{5})\",\"$1 $2 $3\",null,null,null]]]",
"239": "[\"ST\",\"00\",null,null,null,null,\"\\d{7}\",\"[29]\\d{6}\",[[\"(\\d{3})(\\d{4})\",\"$1 $2\",null,null,null]]]",
"357": "[\"CY\",\"00\",null,null,null,null,\"\\d{8}\",\"[257-9]\\d{7}\",[[\"(\\d{2})(\\d{6})\",\"$1 $2\",null,null,null]]]",
"240": "[\"GQ\",\"00\",null,null,null,null,\"\\d{9}\",\"[23589]\\d{8}\",[[\"(\\d{3})(\\d{3})(\\d{3})\",\"$1 $2 $3\",\"[235]\",null,null],[\"(\\d{3})(\\d{6})\",\"$1 $2\",\"[89]\",null,null]]]",
"506": "[\"CR\",\"00\",null,\"(19(?:0[012468]|1[09]|20|66|77|99))\",null,null,\"\\d{8,10}\",\"[24-9]\\d{7,9}\",[[\"(\\d{4})(\\d{4})\",\"$1 $2\",\"[24-7]|8[3-9]\",null,null],[\"(\\d{3})(\\d{3})(\\d{4})\",\"$1-$2-$3\",\"[89]0\",null,null]]]",
"86": "[\"CN\",\"(1(?:[129]\\d{3}|79\\d{2}))?00\",\"0\",\"(1(?:[129]\\d{3}|79\\d{2}))|0\",null,null,\"\\d{4,12}\",\"[1-7]\\d{6,11}|8[0-357-9]\\d{6,9}|9\\d{7,10}\",[[\"(80\\d{2})(\\d{4})\",\"$1 $2\",\"80[2678]\",\"$NP$FG\",null],[\"([48]00)(\\d{3})(\\d{4})\",\"$1 $2 $3\",\"[48]00\",null,null],[\"(\\d{5,6})\",\"$1\",\"100|95\",null,\"NA\"],[\"(\\d{2})(\\d{5,6})\",\"$1 $2\",\"(?:10|2\\d)[19]\",\"$NP$FG\",null],[\"(\\d{3})(\\d{5,6})\",\"$1 $2\",\"[3-9]\",\"$NP$FG\",null],[\"(\\d{3,4})(\\d{4})\",\"$1 $2\",\"[2-9]\",null,\"NA\"],[\"(21)(\\d{4})(\\d{4,6})\",\"$1 $2 $3\",\"21\",\"$NP$FG\",null],[\"([12]\\d)(\\d{4})(\\d{4})\",\"$1 $2 $3\",\"10[1-9]|2[02-9]\",\"$NP$FG\",null],[\"(\\d{3})(\\d{4})(\\d{4})\",\"$1 $2 $3\",\"3(?:11|7[179])|4(?:[15]1|3[12])|5(?:1|2[37]|3[12]|51|7[13-79]|9[15])|7(?:31|5[457]|6[09]|91)|8(?:[57]1|98)\",\"$NP$FG\",null],[\"(\\d{3})(\\d{3})(\\d{4})\",\"$1 $2 $3\",\"3(?:1[02-9]|35|49|5|7[02-68]|9[1-68])|4(?:1[02-9]|2[179]|[35][2-9]|6[4789]|7\\d|8[23])|5(?:3[03-9]|4[36]|5[02-9]|6[1-46]|7[028]|80|9[2-46-9])|6(?:3[1-5]|6[0238]|9[12])|7(?:01|[1579]|2[248]|3[04-9]|4[3-6]|6[2368])|8(?:1[236-8]|2[5-7]|3|5[4-9]|7[02-9]|8[3678]|9[1-7])|9(?:0[1-3689]|1[1-79]|[379]|4[13]|5[1-5])\",\"$NP$FG\",null],[\"(\\d{3})(\\d{4})(\\d{4})\",\"$1 $2 $3\",\"1[3-578]\",null,null],[\"(10800)(\\d{3})(\\d{4})\",\"$1 $2 $3\",\"108\",null,null],[\"(\\d{3})(\\d{7,8})\",\"$1 $2\",\"950\",null,null]]]",
"257": "[\"BI\",\"00\",null,null,null,null,\"\\d{8}\",\"[267]\\d{7}\",[[\"(\\d{2})(\\d{2})(\\d{2})(\\d{2})\",\"$1 $2 $3 $4\",null,null,null]]]",
"683": "[\"NU\",\"00\",null,null,null,null,\"\\d{4}\",\"[1-5]\\d{3}\",null]",
"43": "[\"AT\",\"00\",\"0\",null,null,\"$NP$FG\",\"\\d{3,13}\",\"[1-9]\\d{3,12}\",[[\"(1)(\\d{3,12})\",\"$1 $2\",\"1\",null,null],[\"(5\\d)(\\d{3,5})\",\"$1 $2\",\"5[079]\",null,null],[\"(5\\d)(\\d{3})(\\d{3,4})\",\"$1 $2 $3\",\"5[079]\",null,null],[\"(5\\d)(\\d{4})(\\d{4,7})\",\"$1 $2 $3\",\"5[079]\",null,null],[\"(\\d{3})(\\d{3,10})\",\"$1 $2\",\"316|46|51|732|6(?:44|5[0-3579]|[6-9])|7(?:1|[28]0)|[89]\",null,null],[\"(\\d{4})(\\d{3,9})\",\"$1 $2\",\"2|3(?:1[1-578]|[3-8])|4[2378]|5[2-6]|6(?:[12]|4[1-35-9]|5[468])|7(?:2[1-8]|35|4[1-8]|[5-79])\",null,null]]]",
"247": "[\"AC\",\"00\",null,null,null,null,\"\\d{4,6}\",\"[46]\\d{4}|[2-467]\\d{3}|[01589]\\d{5}\",null]",
"675": "[\"PG\",\"00\",null,null,null,null,\"\\d{7,8}\",\"[1-9]\\d{6,7}\",[[\"(\\d{3})(\\d{4})\",\"$1 $2\",\"[13-689]|27\",null,null],[\"(\\d{4})(\\d{4})\",\"$1 $2\",\"20|7\",null,null]]]",
"376": "[\"AD\",\"00\",null,null,null,null,\"\\d{6,8}\",\"(?:[346-9]|180)\\d{5}\",[[\"(\\d{3})(\\d{3})\",\"$1 $2\",\"[346-9]\",null,null],[\"(180[02])(\\d{4})\",\"$1 $2\",\"1\",null,null]]]",
"63": "[\"PH\",\"00\",\"0\",null,null,null,\"\\d{5,13}\",\"2\\d{5,7}|[3-9]\\d{7,9}|1800\\d{7,9}\",[[\"(2)(\\d{3})(\\d{4})\",\"$1 $2 $3\",\"2\",\"($NP$FG)\",null],[\"(2)(\\d{5})\",\"$1 $2\",\"2\",\"($NP$FG)\",null],[\"(\\d{4})(\\d{4,6})\",\"$1 $2\",\"3(?:23|39|46)|4(?:2[3-6]|[35]9|4[26]|76)|5(?:22|44)|642|8(?:62|8[245])\",\"($NP$FG)\",null],[\"(\\d{5})(\\d{4})\",\"$1 $2\",\"346|4(?:27|9[35])|883\",\"($NP$FG)\",null],[\"([3-8]\\d)(\\d{3})(\\d{4})\",\"$1 $2 $3\",\"[3-8]\",\"($NP$FG)\",null],[\"(\\d{3})(\\d{3})(\\d{4})\",\"$1 $2 $3\",\"81|9\",\"$NP$FG\",null],[\"(1800)(\\d{3})(\\d{4})\",\"$1 $2 $3\",\"1\",null,null],[\"(1800)(\\d{1,2})(\\d{3})(\\d{4})\",\"$1 $2 $3 $4\",\"1\",null,null]]]",
"236": "[\"CF\",\"00\",null,null,null,null,\"\\d{8}\",\"[278]\\d{7}\",[[\"(\\d{2})(\\d{2})(\\d{2})(\\d{2})\",\"$1 $2 $3 $4\",null,null,null]]]",
"590": ["[\"GP\",\"00\",\"0\",null,null,\"$NP$FG\",\"\\d{9}\",\"[56]\\d{8}\",[[\"([56]90)(\\d{2})(\\d{4})\",\"$1 $2-$3\",null,null,null]]]","[\"BL\",\"00\",\"0\",null,null,null,\"\\d{9}\",\"[56]\\d{8}\",null]","[\"MF\",\"00\",\"0\",null,null,null,\"\\d{9}\",\"[56]\\d{8}\",null]"],
"53": "[\"CU\",\"119\",\"0\",null,null,\"($NP$FG)\",\"\\d{4,8}\",\"[2-57]\\d{5,7}\",[[\"(\\d)(\\d{6,7})\",\"$1 $2\",\"7\",null,null],[\"(\\d{2})(\\d{4,6})\",\"$1 $2\",\"[2-4]\",null,null],[\"(\\d)(\\d{7})\",\"$1 $2\",\"5\",\"$NP$FG\",null]]]",
"64": "[\"NZ\",\"0(?:0|161)\",\"0\",null,null,\"$NP$FG\",\"\\d{7,11}\",\"6[235-9]\\d{6}|[2-57-9]\\d{7,10}\",[[\"([34679])(\\d{3})(\\d{4})\",\"$1-$2 $3\",\"[346]|7[2-57-9]|9[1-9]\",null,null],[\"(24099)(\\d{3})\",\"$1 $2\",\"240\",null,null],[\"(\\d{2})(\\d{3})(\\d{3})\",\"$1 $2 $3\",\"21\",null,null],[\"(\\d{2})(\\d{3})(\\d{3,5})\",\"$1 $2 $3\",\"2(?:1[1-9]|[69]|7[0-35-9])|70|86\",null,null],[\"(2\\d)(\\d{3,4})(\\d{4})\",\"$1 $2 $3\",\"2[028]\",null,null],[\"(\\d{3})(\\d{3})(\\d{3,4})\",\"$1 $2 $3\",\"2(?:10|74)|5|[89]0\",null,null]]]",
"965": "[\"KW\",\"00\",null,null,null,null,\"\\d{7,8}\",\"[12569]\\d{6,7}\",[[\"(\\d{4})(\\d{3,4})\",\"$1 $2\",\"[126]|9[04-9]\",null,null],[\"(\\d{3})(\\d{5})\",\"$1 $2\",\"5[015]|92\",null,null]]]",
"224": "[\"GN\",\"00\",null,null,null,null,\"\\d{8,9}\",\"[367]\\d{7,8}\",[[\"(\\d{2})(\\d{2})(\\d{2})(\\d{2})\",\"$1 $2 $3 $4\",\"3\",null,null],[\"(\\d{3})(\\d{2})(\\d{2})(\\d{2})\",\"$1 $2 $3 $4\",\"[67]\",null,null]]]",
"973": "[\"BH\",\"00\",null,null,null,null,\"\\d{8}\",\"[136-9]\\d{7}\",[[\"(\\d{4})(\\d{4})\",\"$1 $2\",null,null,null]]]",
"32": "[\"BE\",\"00\",\"0\",null,null,\"$NP$FG\",\"\\d{8,9}\",\"[1-9]\\d{7,8}\",[[\"(\\d{3})(\\d{2})(\\d{2})(\\d{2})\",\"$1 $2 $3 $4\",\"4[6-9]\",null,null],[\"(\\d)(\\d{3})(\\d{2})(\\d{2})\",\"$1 $2 $3 $4\",\"[23]|4[23]|9[2-4]\",null,null],[\"(\\d{2})(\\d{2})(\\d{2})(\\d{2})\",\"$1 $2 $3 $4\",\"[156]|7[018]|8(?:0[1-9]|[1-79])\",null,null],[\"(\\d{3})(\\d{2})(\\d{3})\",\"$1 $2 $3\",\"(?:80|9)0\",null,null]]]",
"249": "[\"SD\",\"00\",\"0\",null,null,\"$NP$FG\",\"\\d{9}\",\"[19]\\d{8}\",[[\"(\\d{2})(\\d{3})(\\d{4})\",\"$1 $2 $3\",null,null,null]]]",
"678": "[\"VU\",\"00\",null,null,null,null,\"\\d{5,7}\",\"[2-57-9]\\d{4,6}\",[[\"(\\d{3})(\\d{4})\",\"$1 $2\",\"[579]\",null,null]]]",
"52": "[\"MX\",\"0[09]\",\"01\",\"0[12]|04[45](\\d{10})\",\"1$1\",\"$NP $FG\",\"\\d{7,11}\",\"[1-9]\\d{9,10}\",[[\"([358]\\d)(\\d{4})(\\d{4})\",\"$1 $2 $3\",\"33|55|81\",null,null],[\"(\\d{3})(\\d{3})(\\d{4})\",\"$1 $2 $3\",\"[2467]|3[12457-9]|5[89]|8[02-9]|9[0-35-9]\",null,null],[\"(1)([358]\\d)(\\d{4})(\\d{4})\",\"044 $2 $3 $4\",\"1(?:33|55|81)\",\"$FG\",\"$1 $2 $3 $4\"],[\"(1)(\\d{3})(\\d{3})(\\d{4})\",\"044 $2 $3 $4\",\"1(?:[2467]|3[12457-9]|5[89]|8[2-9]|9[1-35-9])\",\"$FG\",\"$1 $2 $3 $4\"]]]",
"968": "[\"OM\",\"00\",null,null,null,null,\"\\d{7,9}\",\"(?:2[2-6]|5|9[1-9])\\d{6}|800\\d{5,6}\",[[\"(2\\d)(\\d{6})\",\"$1 $2\",\"2\",null,null],[\"(9\\d{3})(\\d{4})\",\"$1 $2\",\"9\",null,null],[\"([58]00)(\\d{4,6})\",\"$1 $2\",\"[58]\",null,null]]]",
"599": ["[\"CW\",\"00\",null,null,null,null,\"\\d{7,8}\",\"[169]\\d{6,7}\",[[\"(\\d{3})(\\d{4})\",\"$1 $2\",\"[13-7]\",null,null],[\"(9)(\\d{3})(\\d{4})\",\"$1 $2 $3\",\"9\",null,null]]]","[\"BQ\",\"00\",null,null,null,null,\"\\d{7}\",\"[347]\\d{6}\",null]"],
"800": "[\"001\",null,null,null,null,null,\"\\d{8}\",\"\\d{8}\",[[\"(\\d{4})(\\d{4})\",\"$1 $2\",null,null,null]]]",
"386": "[\"SI\",\"00\",\"0\",null,null,\"$NP$FG\",\"\\d{5,8}\",\"[1-7]\\d{6,7}|[89]\\d{4,7}\",[[\"(\\d)(\\d{3})(\\d{2})(\\d{2})\",\"$1 $2 $3 $4\",\"[12]|3[4-8]|4[24-8]|5[2-8]|7[3-8]\",\"($NP$FG)\",null],[\"([3-7]\\d)(\\d{3})(\\d{3})\",\"$1 $2 $3\",\"[37][01]|4[0139]|51|6\",null,null],[\"([89][09])(\\d{3,6})\",\"$1 $2\",\"[89][09]\",null,null],[\"([58]\\d{2})(\\d{5})\",\"$1 $2\",\"59|8[1-3]\",null,null]]]",
"679": "[\"FJ\",\"0(?:0|52)\",null,null,null,null,\"\\d{7}(?:\\d{4})?\",\"[36-9]\\d{6}|0\\d{10}\",[[\"(\\d{3})(\\d{4})\",\"$1 $2\",\"[36-9]\",null,null],[\"(\\d{4})(\\d{3})(\\d{4})\",\"$1 $2 $3\",\"0\",null,null]]]",
"238": "[\"CV\",\"0\",null,null,null,null,\"\\d{7}\",\"[259]\\d{6}\",[[\"(\\d{3})(\\d{2})(\\d{2})\",\"$1 $2 $3\",null,null,null]]]",
"691": "[\"FM\",\"00\",null,null,null,null,\"\\d{7}\",\"[39]\\d{6}\",[[\"(\\d{3})(\\d{4})\",\"$1 $2\",null,null,null]]]",
"262": ["[\"RE\",\"00\",\"0\",null,null,\"$NP$FG\",\"\\d{9}\",\"[268]\\d{8}\",[[\"([268]\\d{2})(\\d{2})(\\d{2})(\\d{2})\",\"$1 $2 $3 $4\",null,null,null]]]","[\"YT\",\"00\",\"0\",null,null,\"$NP$FG\",\"\\d{9}\",\"[268]\\d{8}\",null]"],
"241": "[\"GA\",\"00\",null,null,null,null,\"\\d{7,8}\",\"0?\\d{7}\",[[\"(\\d)(\\d{2})(\\d{2})(\\d{2})\",\"$1 $2 $3 $4\",\"[2-7]\",\"0$FG\",null],[\"(\\d{2})(\\d{2})(\\d{2})(\\d{2})\",\"$1 $2 $3 $4\",\"0\",null,null]]]",
"370": "[\"LT\",\"00\",\"8\",\"[08]\",null,\"($NP-$FG)\",\"\\d{8}\",\"[3-9]\\d{7}\",[[\"([34]\\d)(\\d{6})\",\"$1 $2\",\"37|4(?:1|5[45]|6[2-4])\",null,null],[\"([3-6]\\d{2})(\\d{5})\",\"$1 $2\",\"3[148]|4(?:[24]|6[09])|528|6\",null,null],[\"([7-9]\\d{2})(\\d{2})(\\d{3})\",\"$1 $2 $3\",\"[7-9]\",\"$NP $FG\",null],[\"(5)(2\\d{2})(\\d{4})\",\"$1 $2 $3\",\"52[0-79]\",null,null]]]",
"256": "[\"UG\",\"00[057]\",\"0\",null,null,\"$NP$FG\",\"\\d{5,9}\",\"\\d{9}\",[[\"(\\d{3})(\\d{6})\",\"$1 $2\",\"[7-9]|20(?:[013-8]|2[5-9])|4(?:6[45]|[7-9])\",null,null],[\"(\\d{2})(\\d{7})\",\"$1 $2\",\"3|4(?:[1-5]|6[0-36-9])\",null,null],[\"(2024)(\\d{5})\",\"$1 $2\",\"2024\",null,null]]]",
"677": "[\"SB\",\"0[01]\",null,null,null,null,\"\\d{5,7}\",\"[1-9]\\d{4,6}\",[[\"(\\d{2})(\\d{5})\",\"$1 $2\",\"[7-9]\",null,null]]]",
"377": "[\"MC\",\"00\",\"0\",null,null,\"$NP$FG\",\"\\d{8,9}\",\"[4689]\\d{7,8}\",[[\"(\\d{2})(\\d{2})(\\d{2})(\\d{2})\",\"$1 $2 $3 $4\",\"9\",\"$FG\",null],[\"(\\d{2})(\\d{3})(\\d{3})\",\"$1 $2 $3\",\"4\",null,null],[\"(6)(\\d{2})(\\d{2})(\\d{2})(\\d{2})\",\"$1 $2 $3 $4 $5\",\"6\",null,null],[\"(\\d{3})(\\d{3})(\\d{2})\",\"$1 $2 $3\",\"8\",\"$FG\",null]]]",
"382": "[\"ME\",\"00\",\"0\",null,null,\"$NP$FG\",\"\\d{6,9}\",\"[2-9]\\d{7,8}\",[[\"(\\d{2})(\\d{3})(\\d{3})\",\"$1 $2 $3\",\"[2-57-9]|6[036-9]\",null,null],[\"(67)(9)(\\d{3})(\\d{3})\",\"$1 $2 $3 $4\",\"679\",null,null]]]",
"231": "[\"LR\",\"00\",\"0\",null,null,\"$NP$FG\",\"\\d{7,9}\",\"2\\d{7}|[37-9]\\d{8}|[45]\\d{6}\",[[\"(2\\d)(\\d{3})(\\d{3})\",\"$1 $2 $3\",\"2\",null,null],[\"([79]\\d{2})(\\d{3})(\\d{3})\",\"$1 $2 $3\",\"[79]\",null,null],[\"([4-6])(\\d{3})(\\d{3})\",\"$1 $2 $3\",\"[4-6]\",null,null],[\"(\\d{2})(\\d{3})(\\d{4})\",\"$1 $2 $3\",\"[38]\",null,null]]]",
"591": "[\"BO\",\"00(1\\d)?\",\"0\",\"0(1\\d)?\",null,null,\"\\d{7,8}\",\"[23467]\\d{7}\",[[\"([234])(\\d{7})\",\"$1 $2\",\"[234]\",null,null],[\"([67]\\d{7})\",\"$1\",\"[67]\",null,null]]]",
"808": "[\"001\",null,null,null,null,null,\"\\d{8}\",\"\\d{8}\",[[\"(\\d{4})(\\d{4})\",\"$1 $2\",null,null,null]]]",
"964": "[\"IQ\",\"00\",\"0\",null,null,\"$NP$FG\",\"\\d{6,10}\",\"[1-7]\\d{7,9}\",[[\"(1)(\\d{3})(\\d{4})\",\"$1 $2 $3\",\"1\",null,null],[\"([2-6]\\d)(\\d{3})(\\d{3,4})\",\"$1 $2 $3\",\"[2-6]\",null,null],[\"(7\\d{2})(\\d{3})(\\d{4})\",\"$1 $2 $3\",\"7\",null,null]]]",
"225": "[\"CI\",\"00\",null,null,null,null,\"\\d{8}\",\"[02-7]\\d{7}\",[[\"(\\d{2})(\\d{2})(\\d{2})(\\d{2})\",\"$1 $2 $3 $4\",null,null,null]]]",
"992": "[\"TJ\",\"810\",\"8\",null,null,\"($NP) $FG\",\"\\d{3,9}\",\"[3-59]\\d{8}\",[[\"([349]\\d{2})(\\d{2})(\\d{4})\",\"$1 $2 $3\",\"[34]7|91[78]\",null,null],[\"([459]\\d)(\\d{3})(\\d{4})\",\"$1 $2 $3\",\"4[48]|5|9(?:1[59]|[0235-9])\",null,null],[\"(331700)(\\d)(\\d{2})\",\"$1 $2 $3\",\"331\",null,null],[\"(\\d{4})(\\d)(\\d{4})\",\"$1 $2 $3\",\"3[1-5]\",null,null]]]",
"55": "[\"BR\",\"00(?:1[45]|2[135]|31|4[13])\",\"0\",\"(?:0|90)(?:(1[245]|2[135]|[34]1)(\\d{10,11}))?\",\"$2\",null,\"\\d{8,11}\",\"[1-46-9]\\d{7,10}|5\\d{8,9}\",[[\"(\\d{4})(\\d{4})\",\"$1-$2\",\"[2-9](?:[1-9]|0[1-9])\",\"$FG\",\"NA\"],[\"(\\d{5})(\\d{4})\",\"$1-$2\",\"9(?:[1-9]|0[1-9])\",\"$FG\",\"NA\"],[\"(\\d{3,5})\",\"$1\",\"1[125689]\",\"$FG\",\"NA\"],[\"(\\d{2})(\\d{5})(\\d{4})\",\"$1 $2-$3\",\"(?:[189][1-9]|2[12478])9\",\"($FG)\",null],[\"(\\d{2})(\\d{4})(\\d{4})\",\"$1 $2-$3\",\"[1-9][1-9]\",\"($FG)\",null],[\"([34]00\\d)(\\d{4})\",\"$1-$2\",\"[34]00\",null,null],[\"([3589]00)(\\d{2,3})(\\d{4})\",\"$1 $2 $3\",\"[3589]00\",\"$NP$FG\",null]]]",
"674": "[\"NR\",\"00\",null,null,null,null,\"\\d{7}\",\"[458]\\d{6}\",[[\"(\\d{3})(\\d{4})\",\"$1 $2\",null,null,null]]]",
"967": "[\"YE\",\"00\",\"0\",null,null,\"$NP$FG\",\"\\d{6,9}\",\"[1-7]\\d{6,8}\",[[\"([1-7])(\\d{3})(\\d{3,4})\",\"$1 $2 $3\",\"[1-6]|7[24-68]\",null,null],[\"(7\\d{2})(\\d{3})(\\d{3})\",\"$1 $2 $3\",\"7[0137]\",null,null]]]",
"49": "[\"DE\",\"00\",\"0\",null,null,\"$NP$FG\",\"\\d{2,15}\",\"[1-35-9]\\d{3,14}|4(?:[0-8]\\d{4,12}|9(?:[0-37]\\d|4(?:[1-35-8]|4\\d?)|5\\d{1,2}|6[1-8]\\d?)\\d{2,8})\",[[\"(1\\d{2})(\\d{7,8})\",\"$1 $2\",\"1[67]\",null,null],[\"(1\\d{3})(\\d{7})\",\"$1 $2\",\"15\",null,null],[\"(\\d{2})(\\d{3,11})\",\"$1 $2\",\"3[02]|40|[68]9\",null,null],[\"(\\d{3})(\\d{3,11})\",\"$1 $2\",\"2(?:\\d1|0[2389]|1[24]|28|34)|3(?:[3-9][15]|40)|[4-8][1-9]1|9(?:06|[1-9]1)\",null,null],[\"(\\d{4})(\\d{2,11})\",\"$1 $2\",\"[24-6]|[7-9](?:\\d[1-9]|[1-9]\\d)|3(?:[3569][02-46-9]|4[2-4679]|7[2-467]|8[2-46-8])\",null,null],[\"(3\\d{4})(\\d{1,10})\",\"$1 $2\",\"3\",null,null],[\"(800)(\\d{7,12})\",\"$1 $2\",\"800\",null,null],[\"(177)(99)(\\d{7,8})\",\"$1 $2 $3\",\"177\",null,null],[\"(\\d{3})(\\d)(\\d{4,10})\",\"$1 $2 $3\",\"(?:18|90)0|137\",null,null],[\"(1\\d{2})(\\d{5,11})\",\"$1 $2\",\"181\",null,null],[\"(18\\d{3})(\\d{6})\",\"$1 $2\",\"185\",null,null],[\"(18\\d{2})(\\d{7})\",\"$1 $2\",\"18[68]\",null,null],[\"(18\\d)(\\d{8})\",\"$1 $2\",\"18[2-579]\",null,null],[\"(700)(\\d{4})(\\d{4})\",\"$1 $2 $3\",\"700\",null,null],[\"(138)(\\d{4})\",\"$1 $2\",\"138\",null,null]]]",
"31": "[\"NL\",\"00\",\"0\",null,null,\"$NP$FG\",\"\\d{5,10}\",\"1\\d{4,8}|[2-7]\\d{8}|[89]\\d{6,9}\",[[\"([1-578]\\d)(\\d{3})(\\d{4})\",\"$1 $2 $3\",\"1[035]|2[0346]|3[03568]|4[0356]|5[0358]|7|8[4578]\",null,null],[\"([1-5]\\d{2})(\\d{3})(\\d{3})\",\"$1 $2 $3\",\"1[16-8]|2[259]|3[124]|4[17-9]|5[124679]\",null,null],[\"(6)(\\d{8})\",\"$1 $2\",\"6[0-57-9]\",null,null],[\"(66)(\\d{7})\",\"$1 $2\",\"66\",null,null],[\"(14)(\\d{3,4})\",\"$1 $2\",\"14\",\"$FG\",null],[\"([89]0\\d)(\\d{4,7})\",\"$1 $2\",\"80|9\",null,null]]]",
"970": "[\"PS\",\"00\",\"0\",null,null,\"$NP$FG\",\"\\d{4,10}\",\"[24589]\\d{7,8}|1(?:[78]\\d{8}|[49]\\d{2,3})\",[[\"([2489])(2\\d{2})(\\d{4})\",\"$1 $2 $3\",\"[2489]\",null,null],[\"(5[69]\\d)(\\d{3})(\\d{3})\",\"$1 $2 $3\",\"5\",null,null],[\"(1[78]00)(\\d{3})(\\d{3})\",\"$1 $2 $3\",\"1[78]\",\"$FG\",null]]]",
"58": "[\"VE\",\"00\",\"0\",null,null,\"$NP$FG\",\"\\d{7,10}\",\"[24589]\\d{9}\",[[\"(\\d{3})(\\d{7})\",\"$1-$2\",null,null,null]]]",
"856": "[\"LA\",\"00\",\"0\",null,null,\"$NP$FG\",\"\\d{6,10}\",\"[2-8]\\d{7,9}\",[[\"(20)(\\d{2})(\\d{3})(\\d{3})\",\"$1 $2 $3 $4\",\"20\",null,null],[\"([2-8]\\d)(\\d{3})(\\d{3})\",\"$1 $2 $3\",\"2[13]|3[14]|[4-8]\",null,null],[\"(30)(\\d{2})(\\d{2})(\\d{3})\",\"$1 $2 $3 $4\",\"30\",null,null]]]",
"354": "[\"IS\",\"00\",null,null,null,null,\"\\d{7,9}\",\"[4-9]\\d{6}|38\\d{7}\",[[\"(\\d{3})(\\d{4})\",\"$1 $2\",\"[4-9]\",null,null],[\"(3\\d{2})(\\d{3})(\\d{3})\",\"$1 $2 $3\",\"3\",null,null]]]",
"242": "[\"CG\",\"00\",null,null,null,null,\"\\d{9}\",\"[028]\\d{8}\",[[\"(\\d{2})(\\d{3})(\\d{4})\",\"$1 $2 $3\",\"[02]\",null,null],[\"(\\d)(\\d{4})(\\d{4})\",\"$1 $2 $3\",\"8\",null,null]]]",
"423": "[\"LI\",\"00\",\"0\",null,null,null,\"\\d{7,9}\",\"6\\d{8}|[23789]\\d{6}\",[[\"(\\d{3})(\\d{2})(\\d{2})\",\"$1 $2 $3\",\"[23789]\",null,null],[\"(\\d{3})(\\d{3})(\\d{3})\",\"$1 $2 $3\",\"6[56]\",null,null],[\"(69)(7\\d{2})(\\d{4})\",\"$1 $2 $3\",\"697\",null,null]]]",
"213": "[\"DZ\",\"00\",\"0\",null,null,\"$NP$FG\",\"\\d{8,9}\",\"(?:[1-4]|[5-9]\\d)\\d{7}\",[[\"([1-4]\\d)(\\d{2})(\\d{2})(\\d{2})\",\"$1 $2 $3 $4\",\"[1-4]\",null,null],[\"([5-8]\\d{2})(\\d{2})(\\d{2})(\\d{2})\",\"$1 $2 $3 $4\",\"[5-8]\",null,null],[\"(9\\d)(\\d{3})(\\d{2})(\\d{2})\",\"$1 $2 $3 $4\",\"9\",null,null]]]",
"371": "[\"LV\",\"00\",null,null,null,null,\"\\d{8}\",\"[2689]\\d{7}\",[[\"([2689]\\d)(\\d{3})(\\d{3})\",\"$1 $2 $3\",null,null,null]]]",
"503": "[\"SV\",\"00\",null,null,null,null,\"\\d{7,8}|\\d{11}\",\"[267]\\d{7}|[89]\\d{6}(?:\\d{4})?\",[[\"(\\d{4})(\\d{4})\",\"$1 $2\",\"[267]\",null,null],[\"(\\d{3})(\\d{4})\",\"$1 $2\",\"[89]\",null,null],[\"(\\d{3})(\\d{4})(\\d{4})\",\"$1 $2 $3\",\"[89]\",null,null]]]",
"685": "[\"WS\",\"0\",null,null,null,null,\"\\d{5,7}\",\"[2-8]\\d{4,6}\",[[\"(8\\d{2})(\\d{3,4})\",\"$1 $2\",\"8\",null,null],[\"(7\\d)(\\d{5})\",\"$1 $2\",\"7\",null,null],[\"(\\d{5})\",\"$1\",\"[2-6]\",null,null]]]",
"880": "[\"BD\",\"00[12]?\",\"0\",null,null,\"$NP$FG\",\"\\d{6,10}\",\"[2-79]\\d{5,9}|1\\d{9}|8[0-7]\\d{4,8}\",[[\"(2)(\\d{7})\",\"$1-$2\",\"2\",null,null],[\"(\\d{2})(\\d{4,6})\",\"$1-$2\",\"[3-79]1\",null,null],[\"(\\d{4})(\\d{3,6})\",\"$1-$2\",\"1|3(?:0|[2-58]2)|4(?:0|[25]2|3[23]|[4689][25])|5(?:[02-578]2|6[25])|6(?:[0347-9]2|[26][25])|7[02-9]2|8(?:[023][23]|[4-7]2)|9(?:[02][23]|[458]2|6[016])\",null,null],[\"(\\d{3})(\\d{3,7})\",\"$1-$2\",\"[3-79][2-9]|8\",null,null]]]",
"265": "[\"MW\",\"00\",\"0\",null,null,\"$NP$FG\",\"\\d{7,9}\",\"(?:1(?:\\d{2})?|[2789]\\d{2})\\d{6}\",[[\"(\\d)(\\d{3})(\\d{3})\",\"$1 $2 $3\",\"1\",null,null],[\"(2\\d{2})(\\d{3})(\\d{3})\",\"$1 $2 $3\",\"2\",null,null],[\"(\\d{3})(\\d{2})(\\d{2})(\\d{2})\",\"$1 $2 $3 $4\",\"[1789]\",null,null]]]",
"65": "[\"SG\",\"0[0-3]\\d\",null,null,null,null,\"\\d{8,11}\",\"[36]\\d{7}|[17-9]\\d{7,10}\",[[\"([3689]\\d{3})(\\d{4})\",\"$1 $2\",\"[369]|8[1-9]\",null,null],[\"(1[89]00)(\\d{3})(\\d{4})\",\"$1 $2 $3\",\"1[89]\",null,null],[\"(7000)(\\d{4})(\\d{3})\",\"$1 $2 $3\",\"70\",null,null],[\"(800)(\\d{3})(\\d{4})\",\"$1 $2 $3\",\"80\",null,null]]]",
"504": "[\"HN\",\"00\",null,null,null,null,\"\\d{8}\",\"[237-9]\\d{7}\",[[\"(\\d{4})(\\d{4})\",\"$1-$2\",null,null,null]]]",
"688": "[\"TV\",\"00\",null,null,null,null,\"\\d{5,6}\",\"[29]\\d{4,5}\",null]",
"84": "[\"VN\",\"00\",\"0\",null,null,\"$NP$FG\",\"\\d{7,10}\",\"[17]\\d{6,9}|[2-69]\\d{7,9}|8\\d{6,8}\",[[\"([17]99)(\\d{4})\",\"$1 $2\",\"[17]99\",null,null],[\"([48])(\\d{4})(\\d{4})\",\"$1 $2 $3\",\"[48]\",null,null],[\"([235-7]\\d)(\\d{4})(\\d{3})\",\"$1 $2 $3\",\"2[025-79]|3[0136-9]|5[2-9]|6[0-46-8]|7[02-79]\",null,null],[\"(80)(\\d{5})\",\"$1 $2\",\"80\",null,null],[\"(69\\d)(\\d{4,5})\",\"$1 $2\",\"69\",null,null],[\"([235-7]\\d{2})(\\d{4})(\\d{3})\",\"$1 $2 $3\",\"2[1348]|3[25]|5[01]|65|7[18]\",null,null],[\"(9\\d)(\\d{3})(\\d{2})(\\d{2})\",\"$1 $2 $3 $4\",\"9\",null,null],[\"(1[2689]\\d)(\\d{3})(\\d{4})\",\"$1 $2 $3\",\"1(?:[26]|8[68]|99)\",null,null],[\"(1[89]00)(\\d{4,6})\",\"$1 $2\",\"1[89]0\",\"$FG\",null]]]",
"255": "[\"TZ\",\"00[056]\",\"0\",null,null,\"$NP$FG\",\"\\d{7,9}\",\"\\d{9}\",[[\"([24]\\d)(\\d{3})(\\d{4})\",\"$1 $2 $3\",\"[24]\",null,null],[\"([67]\\d{2})(\\d{3})(\\d{3})\",\"$1 $2 $3\",\"[67]\",null,null],[\"([89]\\d{2})(\\d{2})(\\d{4})\",\"$1 $2 $3\",\"[89]\",null,null]]]",
"222": "[\"MR\",\"00\",null,null,null,null,\"\\d{8}\",\"[2-48]\\d{7}\",[[\"([2-48]\\d)(\\d{2})(\\d{2})(\\d{2})\",\"$1 $2 $3 $4\",null,null,null]]]",
"230": "[\"MU\",\"0(?:0|[2-7]0|33)\",null,null,null,null,\"\\d{7,8}\",\"[2-9]\\d{6,7}\",[[\"([2-46-9]\\d{2})(\\d{4})\",\"$1 $2\",\"[2-46-9]\",null,null],[\"(5\\d{3})(\\d{4})\",\"$1 $2\",\"5\",null,null]]]",
"592": "[\"GY\",\"001\",null,null,null,null,\"\\d{7}\",\"[2-4679]\\d{6}\",[[\"(\\d{3})(\\d{4})\",\"$1 $2\",null,null,null]]]",
"41": "[\"CH\",\"00\",\"0\",null,null,\"$NP$FG\",\"\\d{9}(?:\\d{3})?\",\"[2-9]\\d{8}|860\\d{9}\",[[\"([2-9]\\d)(\\d{3})(\\d{2})(\\d{2})\",\"$1 $2 $3 $4\",\"[2-7]|[89]1\",null,null],[\"([89]\\d{2})(\\d{3})(\\d{3})\",\"$1 $2 $3\",\"8[047]|90\",null,null],[\"(\\d{3})(\\d{2})(\\d{3})(\\d{2})(\\d{2})\",\"$1 $2 $3 $4 $5\",\"860\",null,null]]]",
"39": "[\"IT\",\"00\",null,null,null,null,\"\\d{6,11}\",\"[01589]\\d{5,10}|3(?:[12457-9]\\d{8}|[36]\\d{7,9})\",[[\"(\\d{2})(\\d{3,4})(\\d{4})\",\"$1 $2 $3\",\"0[26]|55\",null,null],[\"(0[26])(\\d{4})(\\d{5})\",\"$1 $2 $3\",\"0[26]\",null,null],[\"(0[26])(\\d{4,6})\",\"$1 $2\",\"0[26]\",null,null],[\"(0\\d{2})(\\d{3,4})(\\d{4})\",\"$1 $2 $3\",\"0[13-57-9][0159]\",null,null],[\"(\\d{3})(\\d{3,6})\",\"$1 $2\",\"0[13-57-9][0159]|8(?:03|4[17]|9[245])\",null,null],[\"(0\\d{3})(\\d{3})(\\d{4})\",\"$1 $2 $3\",\"0[13-57-9][2-46-8]\",null,null],[\"(0\\d{3})(\\d{2,6})\",\"$1 $2\",\"0[13-57-9][2-46-8]\",null,null],[\"(\\d{3})(\\d{3})(\\d{3,4})\",\"$1 $2 $3\",\"[13]|8(?:00|4[08]|9[59])\",null,null],[\"(\\d{4})(\\d{4})\",\"$1 $2\",\"894\",null,null],[\"(\\d{3})(\\d{4})(\\d{4})\",\"$1 $2 $3\",\"3\",null,null]]]",
"993": "[\"TM\",\"810\",\"8\",null,null,\"($NP $FG)\",\"\\d{8}\",\"[1-6]\\d{7}\",[[\"(\\d{2})(\\d{2})(\\d{2})(\\d{2})\",\"$1 $2-$3-$4\",\"12\",null,null],[\"(\\d{2})(\\d{6})\",\"$1 $2\",\"6\",\"$NP $FG\",null],[\"(\\d{3})(\\d)(\\d{2})(\\d{2})\",\"$1 $2-$3-$4\",\"13|[2-5]\",null,null]]]",
"888": "[\"001\",null,null,null,null,null,\"\\d{11}\",\"\\d{11}\",[[\"(\\d{3})(\\d{3})(\\d{5})\",\"$1 $2 $3\",null,null,null]]]",
"353": "[\"IE\",\"00\",\"0\",null,null,\"($NP$FG)\",\"\\d{5,10}\",\"[124-9]\\d{6,9}\",[[\"(1)(\\d{3,4})(\\d{4})\",\"$1 $2 $3\",\"1\",null,null],[\"(\\d{2})(\\d{5})\",\"$1 $2\",\"2[24-9]|47|58|6[237-9]|9[35-9]\",null,null],[\"(\\d{3})(\\d{5})\",\"$1 $2\",\"40[24]|50[45]\",null,null],[\"(48)(\\d{4})(\\d{4})\",\"$1 $2 $3\",\"48\",null,null],[\"(818)(\\d{3})(\\d{3})\",\"$1 $2 $3\",\"81\",null,null],[\"(\\d{2})(\\d{3})(\\d{3,4})\",\"$1 $2 $3\",\"[24-69]|7[14]\",null,null],[\"([78]\\d)(\\d{3,4})(\\d{4})\",\"$1 $2 $3\",\"76|8[35-9]\",\"$NP$FG\",null],[\"(700)(\\d{3})(\\d{3})\",\"$1 $2 $3\",\"70\",\"$NP$FG\",null],[\"(\\d{4})(\\d{3})(\\d{3})\",\"$1 $2 $3\",\"1(?:8[059]|5)\",\"$FG\",null]]]",
"966": "[\"SA\",\"00\",\"0\",null,null,\"$NP$FG\",\"\\d{7,10}\",\"1\\d{7,8}|(?:[2-467]|92)\\d{7}|5\\d{8}|8\\d{9}\",[[\"([1-467])(\\d{3})(\\d{4})\",\"$1 $2 $3\",\"[1-467]\",null,null],[\"(1\\d)(\\d{3})(\\d{4})\",\"$1 $2 $3\",\"1[1-467]\",null,null],[\"(5\\d)(\\d{3})(\\d{4})\",\"$1 $2 $3\",\"5\",null,null],[\"(92\\d{2})(\\d{5})\",\"$1 $2\",\"92\",\"$FG\",null],[\"(800)(\\d{3})(\\d{4})\",\"$1 $2 $3\",\"80\",\"$FG\",null],[\"(811)(\\d{3})(\\d{3,4})\",\"$1 $2 $3\",\"81\",null,null]]]",
"380": "[\"UA\",\"00\",\"0\",null,null,\"$NP$FG\",\"\\d{5,9}\",\"[3-689]\\d{8}\",[[\"([3-689]\\d)(\\d{3})(\\d{4})\",\"$1 $2 $3\",\"[38]9|4(?:[45][0-5]|87)|5(?:0|6[37]|7[37])|6[36-8]|9[1-9]\",null,null],[\"([3-689]\\d{2})(\\d{3})(\\d{3})\",\"$1 $2 $3\",\"3[1-8]2|4[13678]2|5(?:[12457]2|6[24])|6(?:[49]2|[12][29]|5[24])|8[0-8]|90\",null,null],[\"([3-6]\\d{3})(\\d{5})\",\"$1 $2\",\"3(?:5[013-9]|[1-46-8])|4(?:[137][013-9]|6|[45][6-9]|8[4-6])|5(?:[1245][013-9]|6[0135-9]|3|7[4-6])|6(?:[49][013-9]|5[0135-9]|[12][13-8])\",null,null]]]",
"98": "[\"IR\",\"00\",\"0\",null,null,\"$NP$FG\",\"\\d{4,10}\",\"[1-8]\\d{9}|9(?:[0-4]\\d{8}|9\\d{2,8})\",[[\"(21)(\\d{3,5})\",\"$1 $2\",\"21\",null,null],[\"(\\d{2})(\\d{4})(\\d{4})\",\"$1 $2 $3\",\"[1-8]\",null,null],[\"(\\d{3})(\\d{3})(\\d{3,4})\",\"$1 $2 $3\",\"9\",null,null],[\"(\\d{3})(\\d{2})(\\d{2,3})\",\"$1 $2 $3\",\"9\",null,null],[\"(\\d{3})(\\d{3})\",\"$1 $2\",\"9\",null,null]]]",
"971": "[\"AE\",\"00\",\"0\",null,null,\"$NP$FG\",\"\\d{5,12}\",\"[2-79]\\d{7,8}|800\\d{2,9}\",[[\"([2-4679])(\\d{3})(\\d{4})\",\"$1 $2 $3\",\"[2-4679][2-8]\",null,null],[\"(5[0256])(\\d{3})(\\d{4})\",\"$1 $2 $3\",\"5\",null,null],[\"([479]00)(\\d)(\\d{5})\",\"$1 $2 $3\",\"[479]0\",\"$FG\",null],[\"([68]00)(\\d{2,9})\",\"$1 $2\",\"60|8\",\"$FG\",null]]]",
"30": "[\"GR\",\"00\",null,null,null,null,\"\\d{10}\",\"[26-9]\\d{9}\",[[\"([27]\\d)(\\d{4})(\\d{4})\",\"$1 $2 $3\",\"21|7\",null,null],[\"(\\d{3})(\\d{3})(\\d{4})\",\"$1 $2 $3\",\"2[2-9]1|[689]\",null,null],[\"(2\\d{3})(\\d{6})\",\"$1 $2\",\"2[2-9][02-9]\",null,null]]]",
"228": "[\"TG\",\"00\",null,null,null,null,\"\\d{8}\",\"[29]\\d{7}\",[[\"(\\d{2})(\\d{2})(\\d{2})(\\d{2})\",\"$1 $2 $3 $4\",null,null,null]]]",
"48": "[\"PL\",\"00\",null,null,null,null,\"\\d{6,9}\",\"[12]\\d{6,8}|[3-57-9]\\d{8}|6\\d{5,8}\",[[\"(\\d{2})(\\d{3})(\\d{2})(\\d{2})\",\"$1 $2 $3 $4\",\"[14]|2[0-57-9]|3[2-4]|5[24-689]|6[1-3578]|7[14-7]|8[1-79]|9[145]\",null,null],[\"(\\d{2})(\\d{1})(\\d{4})\",\"$1 $2 $3\",\"[12]2\",null,null],[\"(\\d{3})(\\d{3})(\\d{3})\",\"$1 $2 $3\",\"261|39|5[0137]|6[0469]|7[02389]|8[08]\",null,null],[\"(\\d{3})(\\d{2})(\\d{2,3})\",\"$1 $2 $3\",\"64\",null,null],[\"(\\d{3})(\\d{3})\",\"$1 $2\",\"64\",null,null]]]",
"886": "[\"TW\",\"0(?:0[25679]|19)\",\"0\",null,null,\"$NP$FG\",\"\\d{8,10}\",\"[2-689]\\d{7,8}|7\\d{7,9}\",[[\"([2-8])(\\d{3,4})(\\d{4})\",\"$1 $2 $3\",\"[2-6]|[78][1-9]\",null,null],[\"([89]\\d{2})(\\d{3})(\\d{3})\",\"$1 $2 $3\",\"80|9\",null,null],[\"(70)(\\d{4})(\\d{4})\",\"$1 $2 $3\",\"70\",null,null]]]",
"212": ["[\"MA\",\"00\",\"0\",null,null,\"$NP$FG\",\"\\d{9}\",\"[5689]\\d{8}\",[[\"([56]\\d{2})(\\d{6})\",\"$1-$2\",\"5(?:2[015-7]|3[0-4])|6\",null,null],[\"([58]\\d{3})(\\d{5})\",\"$1-$2\",\"5(?:2[2-489]|3[5-9])|892\",null,null],[\"(5\\d{4})(\\d{4})\",\"$1-$2\",\"5(?:29|38)\",null,null],[\"(8[09])(\\d{7})\",\"$1-$2\",\"8(?:0|9[013-9])\",null,null]]]","[\"EH\",\"00\",\"0\",null,null,\"$NP$FG\",\"\\d{9}\",\"[5689]\\d{8}\",null]"],
"372": "[\"EE\",\"00\",null,null,null,null,\"\\d{4,10}\",\"1\\d{3,4}|[3-9]\\d{6,7}|800\\d{6,7}\",[[\"([3-79]\\d{2})(\\d{4})\",\"$1 $2\",\"[369]|4[3-8]|5(?:[0-2]|5[0-478]|6[45])|7[1-9]\",null,null],[\"(70)(\\d{2})(\\d{4})\",\"$1 $2 $3\",\"70\",null,null],[\"(8000)(\\d{3})(\\d{3})\",\"$1 $2 $3\",\"800\",null,null],[\"([458]\\d{3})(\\d{3,4})\",\"$1 $2\",\"40|5|8(?:00|[1-5])\",null,null]]]",
"598": "[\"UY\",\"0(?:1[3-9]\\d|0)\",\"0\",null,null,null,\"\\d{7,8}\",\"[2489]\\d{6,7}\",[[\"(\\d{4})(\\d{4})\",\"$1 $2\",\"[24]\",null,null],[\"(\\d{2})(\\d{3})(\\d{3})\",\"$1 $2 $3\",\"9[1-9]\",\"$NP$FG\",null],[\"(\\d{3})(\\d{4})\",\"$1 $2\",\"[89]0\",\"$NP$FG\",null]]]",
"502": "[\"GT\",\"00\",null,null,null,null,\"\\d{8}(?:\\d{3})?\",\"[2-7]\\d{7}|1[89]\\d{9}\",[[\"(\\d{4})(\\d{4})\",\"$1 $2\",\"[2-7]\",null,null],[\"(\\d{4})(\\d{3})(\\d{4})\",\"$1 $2 $3\",\"1\",null,null]]]",
"82": "[\"KR\",\"00(?:[124-68]|[37]\\d{2})\",\"0\",\"0(8[1-46-8]|85\\d{2})?\",null,\"$NP$FG\",\"\\d{4,10}\",\"[1-7]\\d{3,9}|8\\d{8}\",[[\"(\\d{2})(\\d{4})(\\d{4})\",\"$1-$2-$3\",\"1(?:0|1[19]|[69]9|5[458])|[57]0\",null,null],[\"(\\d{2})(\\d{3,4})(\\d{4})\",\"$1-$2-$3\",\"1(?:[169][2-8]|[78]|5[1-4])|[68]0|[3-6][1-9][1-9]\",null,null],[\"(\\d{3})(\\d)(\\d{4})\",\"$1-$2-$3\",\"131\",null,null],[\"(\\d{3})(\\d{2})(\\d{4})\",\"$1-$2-$3\",\"131\",null,null],[\"(\\d{3})(\\d{3})(\\d{4})\",\"$1-$2-$3\",\"13[2-9]\",null,null],[\"(\\d{2})(\\d{2})(\\d{3})(\\d{4})\",\"$1-$2-$3-$4\",\"30\",null,null],[\"(\\d)(\\d{3,4})(\\d{4})\",\"$1-$2-$3\",\"2[1-9]\",null,null],[\"(\\d)(\\d{3,4})\",\"$1-$2\",\"21[0-46-9]\",null,null],[\"(\\d{2})(\\d{3,4})\",\"$1-$2\",\"[3-6][1-9]1\",null,null],[\"(\\d{4})(\\d{4})\",\"$1-$2\",\"1(?:5[46-9]|6[04678]|8[0579])\",\"$FG\",null]]]",
"253": "[\"DJ\",\"00\",null,null,null,null,\"\\d{8}\",\"[27]\\d{7}\",[[\"(\\d{2})(\\d{2})(\\d{2})(\\d{2})\",\"$1 $2 $3 $4\",null,null,null]]]",
"91": "[\"IN\",\"00\",\"0\",null,null,\"$NP$FG\",\"\\d{6,13}\",\"1\\d{7,12}|[2-9]\\d{9,10}\",[[\"(\\d{5})(\\d{5})\",\"$1 $2\",\"7(?:0[2-9]|2[012579]|3[057-9]|4[0-389]|6[0-35-9]|[57]|8[0-79])|8(?:0[015689]|1[0-57-9]|2[2356-9]|3[0-57-9]|[45]|6[02457-9]|7[1-69]|8[0124-9]|9[02-9])|9\",null,null],[\"(\\d{2})(\\d{4})(\\d{4})\",\"$1 $2 $3\",\"11|2[02]|33|4[04]|79|80[2-46]\",null,null],[\"(\\d{3})(\\d{3})(\\d{4})\",\"$1 $2 $3\",\"1(?:2[0-249]|3[0-25]|4[145]|[569][14]|7[1257]|8[1346]|[68][1-9])|2(?:1[257]|3[013]|4[01]|5[0137]|6[0158]|78|8[1568]|9[14])|3(?:26|4[1-3]|5[34]|6[01489]|7[02-46]|8[159])|4(?:1[36]|2[1-47]|3[15]|5[12]|6[0-26-9]|7[0-24-9]|8[013-57]|9[014-7])|5(?:1[025]|[36][25]|22|4[28]|5[12]|[78]1|9[15])|6(?:12|[2345]1|57|6[13]|7[14]|80)\",null,null],[\"(\\d{3})(\\d{3})(\\d{4})\",\"$1 $2 $3\",\"7(?:12|2[14]|3[134]|4[47]|5[15]|[67]1|88)\",null,null],[\"(\\d{3})(\\d{3})(\\d{4})\",\"$1 $2 $3\",\"8(?:16|2[014]|3[126]|6[136]|7[078]|8[34]|91)\",null,null],[\"(\\d{4})(\\d{3})(\\d{3})\",\"$1 $2 $3\",\"1(?:[23579]|[468][1-9])|[2-8]\",null,null],[\"(1600)(\\d{2})(\\d{4})\",\"$1 $2 $3\",\"160\",\"$FG\",null],[\"(1800)(\\d{4,5})\",\"$1 $2\",\"180\",\"$FG\",null],[\"(18[06]0)(\\d{2,4})(\\d{4})\",\"$1 $2 $3\",\"18[06]\",\"$FG\",null],[\"(140)(\\d{3})(\\d{4})\",\"$1 $2 $3\",\"140\",\"$FG\",null],[\"(\\d{4})(\\d{3})(\\d{3})(\\d{3})\",\"$1 $2 $3 $4\",\"18[06]\",\"$FG\",null]]]",
"389": "[\"MK\",\"00\",\"0\",null,null,\"$NP$FG\",\"\\d{8}\",\"[2-578]\\d{7}\",[[\"(2)(\\d{3})(\\d{4})\",\"$1 $2 $3\",\"2\",null,null],[\"([347]\\d)(\\d{3})(\\d{3})\",\"$1 $2 $3\",\"[347]\",null,null],[\"([58]\\d{2})(\\d)(\\d{2})(\\d{2})\",\"$1 $2 $3 $4\",\"[58]\",null,null]]]",
"1": ["[\"US\",\"011\",\"1\",null,null,null,\"\\d{7}(?:\\d{3})?\",\"[2-9]\\d{9}\",[[\"(\\d{3})(\\d{4})\",\"$1-$2\",null,null,\"NA\"],[\"(\\d{3})(\\d{3})(\\d{4})\",\"($1) $2-$3\",null,null,\"$1-$2-$3\"]]]","[\"AI\",\"011\",\"1\",null,null,null,\"\\d{7}(?:\\d{3})?\",\"[2589]\\d{9}\",null]","[\"AS\",\"011\",\"1\",null,null,null,\"\\d{7}(?:\\d{3})?\",\"[5689]\\d{9}\",null]","[\"BB\",\"011\",\"1\",null,null,null,\"\\d{7}(?:\\d{3})?\",\"[2589]\\d{9}\",null]","[\"BM\",\"011\",\"1\",null,null,null,\"\\d{7}(?:\\d{3})?\",\"[4589]\\d{9}\",null]","[\"BS\",\"011\",\"1\",null,null,null,\"\\d{7}(?:\\d{3})?\",\"[2589]\\d{9}\",null]","[\"CA\",\"011\",\"1\",null,null,null,\"\\d{7}(?:\\d{3})?\",\"[2-9]\\d{9}|3\\d{6}\",null]","[\"DM\",\"011\",\"1\",null,null,null,\"\\d{7}(?:\\d{3})?\",\"[57-9]\\d{9}\",null]","[\"DO\",\"011\",\"1\",null,null,null,\"\\d{7}(?:\\d{3})?\",\"[589]\\d{9}\",null]","[\"GD\",\"011\",\"1\",null,null,null,\"\\d{7}(?:\\d{3})?\",\"[4589]\\d{9}\",null]","[\"GU\",\"011\",\"1\",null,null,null,\"\\d{7}(?:\\d{3})?\",\"[5689]\\d{9}\",null]","[\"JM\",\"011\",\"1\",null,null,null,\"\\d{7}(?:\\d{3})?\",\"[589]\\d{9}\",null]","[\"KN\",\"011\",\"1\",null,null,null,\"\\d{7}(?:\\d{3})?\",\"[589]\\d{9}\",null]","[\"KY\",\"011\",\"1\",null,null,null,\"\\d{7}(?:\\d{3})?\",\"[3589]\\d{9}\",null]","[\"LC\",\"011\",\"1\",null,null,null,\"\\d{7}(?:\\d{3})?\",\"[5789]\\d{9}\",null]","[\"MP\",\"011\",\"1\",null,null,null,\"\\d{7}(?:\\d{3})?\",\"[5689]\\d{9}\",null]","[\"MS\",\"011\",\"1\",null,null,null,\"\\d{7}(?:\\d{3})?\",\"[5689]\\d{9}\",null]","[\"PR\",\"011\",\"1\",null,null,null,\"\\d{7}(?:\\d{3})?\",\"[5789]\\d{9}\",null]","[\"SX\",\"011\",\"1\",null,null,null,\"\\d{7}(?:\\d{3})?\",\"[5789]\\d{9}\",null]","[\"TC\",\"011\",\"1\",null,null,null,\"\\d{7}(?:\\d{3})?\",\"[5689]\\d{9}\",null]","[\"TT\",\"011\",\"1\",null,null,null,\"\\d{7}(?:\\d{3})?\",\"[589]\\d{9}\",null]","[\"AG\",\"011\",\"1\",null,null,null,\"\\d{7}(?:\\d{3})?\",\"[2589]\\d{9}\",null]","[\"VC\",\"011\",\"1\",null,null,null,\"\\d{7}(?:\\d{3})?\",\"[5789]\\d{9}\",null]","[\"VG\",\"011\",\"1\",null,null,null,\"\\d{7}(?:\\d{3})?\",\"[2589]\\d{9}\",null]","[\"VI\",\"011\",\"1\",null,null,null,\"\\d{7}(?:\\d{3})?\",\"[3589]\\d{9}\",null]"],
"60": "[\"MY\",\"00\",\"0\",null,null,null,\"\\d{6,10}\",\"[13-9]\\d{7,9}\",[[\"([4-79])(\\d{3})(\\d{4})\",\"$1-$2 $3\",\"[4-79]\",\"$NP$FG\",null],[\"(3)(\\d{4})(\\d{4})\",\"$1-$2 $3\",\"3\",\"$NP$FG\",null],[\"([18]\\d)(\\d{3})(\\d{3,4})\",\"$1-$2 $3\",\"1[02-46-9][1-9]|8\",\"$NP$FG\",null],[\"(1)([36-8]00)(\\d{2})(\\d{4})\",\"$1-$2-$3-$4\",\"1[36-8]0\",null,null],[\"(11)(\\d{4})(\\d{4})\",\"$1-$2 $3\",\"11\",\"$NP$FG\",null],[\"(15[49])(\\d{3})(\\d{4})\",\"$1-$2 $3\",\"15\",\"$NP$FG\",null]]]",
"355": "[\"AL\",\"00\",\"0\",null,null,\"$NP$FG\",\"\\d{5,9}\",\"[2-57]\\d{7}|6\\d{8}|8\\d{5,7}|9\\d{5}\",[[\"(4)(\\d{3})(\\d{4})\",\"$1 $2 $3\",\"4[0-6]\",null,null],[\"(6[6-9])(\\d{3})(\\d{4})\",\"$1 $2 $3\",\"6\",null,null],[\"(\\d{2})(\\d{3})(\\d{3})\",\"$1 $2 $3\",\"[2358][2-5]|4[7-9]\",null,null],[\"(\\d{3})(\\d{3,5})\",\"$1 $2\",\"[235][16-9]|8[016-9]|[79]\",null,null]]]",
"254": "[\"KE\",\"000\",\"0\",null,null,\"$NP$FG\",\"\\d{7,10}\",\"20\\d{6,7}|[4-9]\\d{6,9}\",[[\"(\\d{2})(\\d{5,7})\",\"$1 $2\",\"[24-6]\",null,null],[\"(\\d{3})(\\d{6,7})\",\"$1 $2\",\"7\",null,null],[\"(\\d{3})(\\d{3})(\\d{3,4})\",\"$1 $2 $3\",\"[89]\",null,null]]]",
"223": "[\"ML\",\"00\",null,null,null,null,\"\\d{8}\",\"[246-9]\\d{7}\",[[\"(\\d{2})(\\d{2})(\\d{2})(\\d{2})\",\"$1 $2 $3 $4\",\"[246-9]\",null,null],[\"(\\d{4})\",\"$1\",\"67|74\",null,\"NA\"]]]",
"686": "[\"KI\",\"00\",null,\"0\",null,null,\"\\d{5,8}\",\"[2458]\\d{4}|3\\d{4,7}|7\\d{7}\",null]",
"994": "[\"AZ\",\"00\",\"0\",null,null,\"($NP$FG)\",\"\\d{7,9}\",\"[1-9]\\d{8}\",[[\"(\\d{2})(\\d{3})(\\d{2})(\\d{2})\",\"$1 $2 $3 $4\",\"(?:1[28]|2(?:[45]2|[0-36])|365)\",null,null],[\"(\\d{2})(\\d{3})(\\d{2})(\\d{2})\",\"$1 $2 $3 $4\",\"[4-8]\",\"$NP$FG\",null],[\"(\\d{3})(\\d{2})(\\d{2})(\\d{2})\",\"$1 $2 $3 $4\",\"9\",\"$NP$FG\",null]]]",
"979": "[\"001\",null,null,null,null,null,\"\\d{9}\",\"\\d{9}\",[[\"(\\d)(\\d{4})(\\d{4})\",\"$1 $2 $3\",null,null,null]]]",
"66": "[\"TH\",\"00\",\"0\",null,null,\"$NP$FG\",\"\\d{4}|\\d{8,10}\",\"[2-9]\\d{7,8}|1\\d{3}(?:\\d{5,6})?\",[[\"(2)(\\d{3})(\\d{4})\",\"$1 $2 $3\",\"2\",null,null],[\"([13-9]\\d)(\\d{3})(\\d{3,4})\",\"$1 $2 $3\",\"14|[3-9]\",null,null],[\"(1[89]00)(\\d{3})(\\d{3})\",\"$1 $2 $3\",\"1\",\"$FG\",null]]]",
"233": "[\"GH\",\"00\",\"0\",null,null,\"$NP$FG\",\"\\d{7,9}\",\"[235]\\d{8}|8\\d{7}\",[[\"(\\d{2})(\\d{3})(\\d{4})\",\"$1 $2 $3\",\"[235]\",null,null],[\"(\\d{3})(\\d{5})\",\"$1 $2\",\"8\",null,null]]]",
"593": "[\"EC\",\"00\",\"0\",null,null,\"($NP$FG)\",\"\\d{7,11}\",\"1\\d{9,10}|[2-8]\\d{7}|9\\d{8}\",[[\"(\\d)(\\d{3})(\\d{4})\",\"$1 $2-$3\",\"[247]|[356][2-8]\",null,\"$1-$2-$3\"],[\"(\\d{2})(\\d{3})(\\d{4})\",\"$1 $2 $3\",\"9\",\"$NP$FG\",null],[\"(1800)(\\d{3})(\\d{3,4})\",\"$1 $2 $3\",\"1\",\"$FG\",null]]]",
"509": "[\"HT\",\"00\",null,null,null,null,\"\\d{8}\",\"[2-489]\\d{7}\",[[\"(\\d{2})(\\d{2})(\\d{4})\",\"$1 $2 $3\",null,null,null]]]",
"54": "[\"AR\",\"00\",\"0\",\"0?(?:(11|2(?:2(?:02?|[13]|2[13-79]|4[1-6]|5[2457]|6[124-8]|7[1-4]|8[13-6]|9[1267])|3(?:02?|1[467]|2[03-6]|3[13-8]|[49][2-6]|5[2-8]|[67])|4(?:7[3-578]|9)|6(?:[0136]|2[24-6]|4[6-8]?|5[15-8])|80|9(?:0[1-3]|[19]|2\\d|3[1-6]|4[02568]?|5[2-4]|6[2-46]|72?|8[23]?))|3(?:3(?:2[79]|6|8[2578])|4(?:0[0-24-9]|[12]|3[5-8]?|4[24-7]|5[4-68]?|6[02-9]|7[126]|8[2379]?|9[1-36-8])|5(?:1|2[1245]|3[237]?|4[1-46-9]|6[2-4]|7[1-6]|8[2-5]?)|6[24]|7(?:[069]|1[1568]|2[15]|3[145]|4[13]|5[14-8]|7[2-57]|8[126])|8(?:[01]|2[15-7]|3[2578]?|4[13-6]|5[4-8]?|6[1-357-9]|7[36-8]?|8[5-8]?|9[124])))?15)?\",\"9$1\",\"$NP$FG\",\"\\d{6,11}\",\"11\\d{8}|[2368]\\d{9}|9\\d{10}\",[[\"([68]\\d{2})(\\d{3})(\\d{4})\",\"$1-$2-$3\",\"[68]\",null,null],[\"(\\d{2})(\\d{4})\",\"$1-$2\",\"[2-9]\",\"$FG\",\"NA\"],[\"(\\d{3})(\\d{4})\",\"$1-$2\",\"[2-9]\",\"$FG\",\"NA\"],[\"(\\d{4})(\\d{4})\",\"$1-$2\",\"[2-9]\",\"$FG\",\"NA\"],[\"(9)(11)(\\d{4})(\\d{4})\",\"$2 15-$3-$4\",\"911\",null,\"$1 $2 $3-$4\"],[\"(9)(\\d{3})(\\d{3})(\\d{4})\",\"$2 15-$3-$4\",\"9(?:2[234689]|3[3-8])\",null,\"$1 $2 $3-$4\"],[\"(9)(\\d{4})(\\d{2})(\\d{4})\",\"$2 15-$3-$4\",\"9[23]\",null,\"$1 $2 $3-$4\"],[\"(11)(\\d{4})(\\d{4})\",\"$1 $2-$3\",\"1\",null,null],[\"(\\d{3})(\\d{3})(\\d{4})\",\"$1 $2-$3\",\"2(?:2[013]|3[067]|49|6[01346]|80|9[147-9])|3(?:36|4[1-358]|5[138]|6[24]|7[069]|8[013578])\",null,null],[\"(\\d{4})(\\d{2})(\\d{4})\",\"$1 $2-$3\",\"[23]\",null,null],[\"(\\d{3})\",\"$1\",\"1[012]|911\",\"$FG\",\"NA\"]]]",
"57": "[\"CO\",\"00(?:4(?:[14]4|56)|[579])\",\"0\",\"0([3579]|4(?:44|56))?\",null,null,\"\\d{7,11}\",\"(?:[13]\\d{0,3}|[24-8])\\d{7}\",[[\"(\\d)(\\d{7})\",\"$1 $2\",\"1(?:8[2-9]|9[0-3]|[2-7])|[24-8]\",\"($FG)\",null],[\"(\\d{3})(\\d{7})\",\"$1 $2\",\"3\",null,null],[\"(1)(\\d{3})(\\d{7})\",\"$1-$2-$3\",\"1(?:80|9[04])\",\"$NP$FG\",\"$1 $2 $3\"]]]",
"597": "[\"SR\",\"00\",null,null,null,null,\"\\d{6,7}\",\"[2-8]\\d{5,6}\",[[\"(\\d{3})(\\d{3})\",\"$1-$2\",\"[2-4]|5[2-58]\",null,null],[\"(\\d{2})(\\d{2})(\\d{2})\",\"$1-$2-$3\",\"56\",null,null],[\"(\\d{3})(\\d{4})\",\"$1-$2\",\"59|[6-8]\",null,null]]]",
"676": "[\"TO\",\"00\",null,null,null,null,\"\\d{5,7}\",\"[02-8]\\d{4,6}\",[[\"(\\d{2})(\\d{3})\",\"$1-$2\",\"[1-6]|7[0-4]|8[05]\",null,null],[\"(\\d{3})(\\d{4})\",\"$1 $2\",\"7[5-9]|8[47-9]\",null,null],[\"(\\d{4})(\\d{3})\",\"$1 $2\",\"0\",null,null]]]",
"505": "[\"NI\",\"00\",null,null,null,null,\"\\d{8}\",\"[12578]\\d{7}\",[[\"(\\d{4})(\\d{4})\",\"$1 $2\",null,null,null]]]",
"850": "[\"KP\",\"00|99\",\"0\",null,null,\"$NP$FG\",\"\\d{6,8}|\\d{10}\",\"1\\d{9}|[28]\\d{7}\",[[\"(\\d{3})(\\d{3})(\\d{4})\",\"$1 $2 $3\",\"1\",null,null],[\"(\\d)(\\d{3})(\\d{4})\",\"$1 $2 $3\",\"2\",null,null],[\"(\\d{2})(\\d{3})(\\d{3})\",\"$1 $2 $3\",\"8\",null,null]]]",
"7": ["[\"RU\",\"810\",\"8\",null,null,\"$NP ($FG)\",\"\\d{10}\",\"[3489]\\d{9}\",[[\"(\\d{3})(\\d{2})(\\d{2})\",\"$1-$2-$3\",\"[1-79]\",\"$FG\",\"NA\"],[\"([3489]\\d{2})(\\d{3})(\\d{2})(\\d{2})\",\"$1 $2-$3-$4\",\"[34689]\",null,null],[\"(7\\d{2})(\\d{3})(\\d{4})\",\"$1 $2 $3\",\"7\",null,null]]]","[\"KZ\",\"810\",\"8\",null,null,null,\"\\d{10}\",\"(?:33\\d|7\\d{2}|80[09])\\d{7}\",null]"],
"268": "[\"SZ\",\"00\",null,null,null,null,\"\\d{8}\",\"[027]\\d{7}\",[[\"(\\d{4})(\\d{4})\",\"$1 $2\",\"[027]\",null,null]]]",
"501": "[\"BZ\",\"00\",null,null,null,null,\"\\d{7}(?:\\d{4})?\",\"[2-8]\\d{6}|0\\d{10}\",[[\"(\\d{3})(\\d{4})\",\"$1-$2\",\"[2-8]\",null,null],[\"(0)(800)(\\d{4})(\\d{3})\",\"$1-$2-$3-$4\",\"0\",null,null]]]",
"252": "[\"SO\",\"00\",\"0\",null,null,null,\"\\d{7,9}\",\"[1-79]\\d{6,8}\",[[\"(\\d)(\\d{6})\",\"$1 $2\",\"2[0-79]|[13-5]\",null,null],[\"(\\d)(\\d{7})\",\"$1 $2\",\"24|[67]\",null,null],[\"(\\d{2})(\\d{5,7})\",\"$1 $2\",\"15|28|6[1378]\",null,null],[\"(69\\d)(\\d{6})\",\"$1 $2\",\"69\",null,null],[\"(90\\d)(\\d{3})(\\d{3})\",\"$1 $2 $3\",\"90\",null,null]]]",
"229": "[\"BJ\",\"00\",null,null,null,null,\"\\d{4,8}\",\"[2689]\\d{7}|7\\d{3}\",[[\"(\\d{2})(\\d{2})(\\d{2})(\\d{2})\",\"$1 $2 $3 $4\",null,null,null]]]",
"680": "[\"PW\",\"01[12]\",null,null,null,null,\"\\d{7}\",\"[2-8]\\d{6}\",[[\"(\\d{3})(\\d{4})\",\"$1 $2\",null,null,null]]]",
"263": "[\"ZW\",\"00\",\"0\",null,null,\"$NP$FG\",\"\\d{3,10}\",\"2(?:[012457-9]\\d{3,8}|6\\d{3,6})|[13-79]\\d{4,8}|8[06]\\d{8}\",[[\"([49])(\\d{3})(\\d{2,5})\",\"$1 $2 $3\",\"4|9[2-9]\",null,null],[\"([179]\\d)(\\d{3})(\\d{3,4})\",\"$1 $2 $3\",\"[19]1|7\",null,null],[\"(86\\d{2})(\\d{3})(\\d{3})\",\"$1 $2 $3\",\"86[24]\",null,null],[\"([2356]\\d{2})(\\d{3,5})\",\"$1 $2\",\"2(?:[278]|0[45]|[49]8)|3(?:08|17|3[78]|[78])|5[15][78]|6(?:[29]8|37|[68][78])\",null,null],[\"(\\d{3})(\\d{3})(\\d{3,4})\",\"$1 $2 $3\",\"2(?:[278]|0[45]|48)|3(?:08|17|3[78]|[78])|5[15][78]|6(?:[29]8|37|[68][78])|80\",null,null],[\"([1-356]\\d)(\\d{3,5})\",\"$1 $2\",\"1[3-9]|2(?:[1-469]|0[0-35-9]|[45][0-79])|3(?:0[0-79]|1[0-689]|[24-69]|3[0-69])|5(?:[02-46-9]|[15][0-69])|6(?:[0145]|[29][0-79]|3[0-689]|[68][0-69])\",null,null],[\"([1-356]\\d)(\\d{3})(\\d{3})\",\"$1 $2 $3\",\"1[3-9]|2(?:[1-469]|0[0-35-9]|[45][0-79])|3(?:0[0-79]|1[0-689]|[24-69]|3[0-69])|5(?:[02-46-9]|[15][0-69])|6(?:[0145]|[29][0-79]|3[0-689]|[68][0-69])\",null,null],[\"([25]\\d{3})(\\d{3,5})\",\"$1 $2\",\"(?:25|54)8\",null,null],[\"([25]\\d{3})(\\d{3})(\\d{3})\",\"$1 $2 $3\",\"(?:25|54)8\",null,null],[\"(8\\d{3})(\\d{6})\",\"$1 $2\",\"86\",null,null]]]",
"90": "[\"TR\",\"00\",\"0\",null,null,null,\"\\d{7,10}\",\"[2-589]\\d{9}|444\\d{4}\",[[\"(\\d{3})(\\d{3})(\\d{4})\",\"$1 $2 $3\",\"[23]|4(?:[0-35-9]|4[0-35-9])\",\"($NP$FG)\",null],[\"(\\d{3})(\\d{3})(\\d{4})\",\"$1 $2 $3\",\"[589]\",\"$NP$FG\",null],[\"(444)(\\d{1})(\\d{3})\",\"$1 $2 $3\",\"444\",null,null]]]",
"352": "[\"LU\",\"00\",null,\"(15(?:0[06]|1[12]|35|4[04]|55|6[26]|77|88|99)\\d)\",null,null,\"\\d{4,11}\",\"[24-9]\\d{3,10}|3(?:[0-46-9]\\d{2,9}|5[013-9]\\d{1,8})\",[[\"(\\d{2})(\\d{3})\",\"$1 $2\",\"[2-5]|7[1-9]|[89](?:[1-9]|0[2-9])\",null,null],[\"(\\d{2})(\\d{2})(\\d{2})\",\"$1 $2 $3\",\"[2-5]|7[1-9]|[89](?:[1-9]|0[2-9])\",null,null],[\"(\\d{2})(\\d{2})(\\d{3})\",\"$1 $2 $3\",\"20\",null,null],[\"(\\d{2})(\\d{2})(\\d{2})(\\d{1,2})\",\"$1 $2 $3 $4\",\"2(?:[0367]|4[3-8])\",null,null],[\"(\\d{2})(\\d{2})(\\d{2})(\\d{3})\",\"$1 $2 $3 $4\",\"20\",null,null],[\"(\\d{2})(\\d{2})(\\d{2})(\\d{2})(\\d{1,2})\",\"$1 $2 $3 $4 $5\",\"2(?:[0367]|4[3-8])\",null,null],[\"(\\d{2})(\\d{2})(\\d{2})(\\d{1,4})\",\"$1 $2 $3 $4\",\"2(?:[12589]|4[12])|[3-5]|7[1-9]|8(?:[1-9]|0[2-9])|9(?:[1-9]|0[2-46-9])\",null,null],[\"(\\d{3})(\\d{2})(\\d{3})\",\"$1 $2 $3\",\"70|80[01]|90[015]\",null,null],[\"(\\d{3})(\\d{3})(\\d{3})\",\"$1 $2 $3\",\"6\",null,null]]]",
"47": ["[\"NO\",\"00\",null,null,null,null,\"\\d{5}(?:\\d{3})?\",\"0\\d{4}|[2-9]\\d{7}\",[[\"([489]\\d{2})(\\d{2})(\\d{3})\",\"$1 $2 $3\",\"[489]\",null,null],[\"([235-7]\\d)(\\d{2})(\\d{2})(\\d{2})\",\"$1 $2 $3 $4\",\"[235-7]\",null,null]]]","[\"SJ\",\"00\",null,null,null,null,\"\\d{5}(?:\\d{3})?\",\"0\\d{4}|[4789]\\d{7}\",null]"],
"243": "[\"CD\",\"00\",\"0\",null,null,\"$NP$FG\",\"\\d{7,9}\",\"[2-6]\\d{6}|[18]\\d{6,8}|9\\d{8}\",[[\"(\\d{2})(\\d{3})(\\d{4})\",\"$1 $2 $3\",\"12\",null,null],[\"([89]\\d{2})(\\d{3})(\\d{3})\",\"$1 $2 $3\",\"8[0-2459]|9\",null,null],[\"(\\d{2})(\\d{2})(\\d{3})\",\"$1 $2 $3\",\"88\",null,null],[\"(\\d{2})(\\d{5})\",\"$1 $2\",\"[1-6]\",null,null]]]",
"220": "[\"GM\",\"00\",null,null,null,null,\"\\d{7}\",\"[2-9]\\d{6}\",[[\"(\\d{3})(\\d{4})\",\"$1 $2\",null,null,null]]]",
"687": "[\"NC\",\"00\",null,null,null,null,\"\\d{6}\",\"[2-57-9]\\d{5}\",[[\"(\\d{2})(\\d{2})(\\d{2})\",\"$1.$2.$3\",\"[2-46-9]|5[0-4]\",null,null]]]",
"995": "[\"GE\",\"00\",\"0\",null,null,null,\"\\d{6,9}\",\"[34578]\\d{8}\",[[\"(\\d{3})(\\d{2})(\\d{2})(\\d{2})\",\"$1 $2 $3 $4\",\"[348]\",\"$NP$FG\",null],[\"(\\d{3})(\\d{3})(\\d{3})\",\"$1 $2 $3\",\"7\",\"$NP$FG\",null],[\"(\\d{3})(\\d{2})(\\d{2})(\\d{2})\",\"$1 $2 $3 $4\",\"5\",\"$FG\",null]]]",
"961": "[\"LB\",\"00\",\"0\",null,null,null,\"\\d{7,8}\",\"[13-9]\\d{6,7}\",[[\"(\\d)(\\d{3})(\\d{3})\",\"$1 $2 $3\",\"[13-6]|7(?:[2-57]|62|8[0-7]|9[04-9])|8[02-9]|9\",\"$NP$FG\",null],[\"([7-9]\\d)(\\d{3})(\\d{3})\",\"$1 $2 $3\",\"[89][01]|7(?:[01]|6[013-9]|8[89]|9[1-3])\",null,null]]]",
"40": "[\"RO\",\"00\",\"0\",null,null,\"$NP$FG\",\"\\d{6,9}\",\"2\\d{5,8}|[37-9]\\d{8}\",[[\"([237]\\d)(\\d{3})(\\d{4})\",\"$1 $2 $3\",\"[23]1\",null,null],[\"(21)(\\d{4})\",\"$1 $2\",\"21\",null,null],[\"(\\d{3})(\\d{3})(\\d{3})\",\"$1 $2 $3\",\"[23][3-7]|[7-9]\",null,null],[\"(2\\d{2})(\\d{3})\",\"$1 $2\",\"2[3-6]\",null,null]]]",
"232": "[\"SL\",\"00\",\"0\",null,null,\"($NP$FG)\",\"\\d{6,8}\",\"[2-57-9]\\d{7}\",[[\"(\\d{2})(\\d{6})\",\"$1 $2\",null,null,null]]]",
"594": "[\"GF\",\"00\",\"0\",null,null,\"$NP$FG\",\"\\d{9}\",\"[56]\\d{8}\",[[\"(\\d{3})(\\d{2})(\\d{2})(\\d{2})\",\"$1 $2 $3 $4\",null,null,null]]]",
"976": "[\"MN\",\"001\",\"0\",null,null,\"$NP$FG\",\"\\d{6,10}\",\"[12]\\d{7,9}|[57-9]\\d{7}\",[[\"([12]\\d)(\\d{2})(\\d{4})\",\"$1 $2 $3\",\"[12]1\",null,null],[\"([12]2\\d)(\\d{5,6})\",\"$1 $2\",\"[12]2[1-3]\",null,null],[\"([12]\\d{3})(\\d{5})\",\"$1 $2\",\"[12](?:27|[3-5])\",null,null],[\"(\\d{4})(\\d{4})\",\"$1 $2\",\"[57-9]\",\"$FG\",null],[\"([12]\\d{4})(\\d{4,5})\",\"$1 $2\",\"[12](?:27|[3-5])\",null,null]]]",
"20": "[\"EG\",\"00\",\"0\",null,null,\"$NP$FG\",\"\\d{5,10}\",\"1\\d{4,9}|[2456]\\d{8}|3\\d{7}|[89]\\d{8,9}\",[[\"(\\d)(\\d{7,8})\",\"$1 $2\",\"[23]\",null,null],[\"(\\d{3})(\\d{3})(\\d{4})\",\"$1 $2 $3\",\"1[012]|[89]00\",null,null],[\"(\\d{2})(\\d{6,7})\",\"$1 $2\",\"1[35]|[4-6]|[89][2-9]\",null,null]]]",
"689": "[\"PF\",\"00\",null,null,null,null,\"\\d{6}(?:\\d{2})?\",\"4\\d{5,7}|8\\d{7}\",[[\"(\\d{2})(\\d{2})(\\d{2})(\\d{2})\",\"$1 $2 $3 $4\",\"4[09]|8[79]\",null,null],[\"(\\d{2})(\\d{2})(\\d{2})\",\"$1 $2 $3\",\"44\",null,null]]]",
"56": "[\"CL\",\"(?:0|1(?:1[0-69]|2[0-57]|5[13-58]|69|7[0167]|8[018]))0\",\"0\",\"0|(1(?:1[0-69]|2[0-57]|5[13-58]|69|7[0167]|8[018]))\",null,\"$NP$FG\",\"\\d{7,11}\",\"(?:[2-9]|600|123)\\d{7,8}\",[[\"(\\d)(\\d{4})(\\d{4})\",\"$1 $2 $3\",\"22\",\"($FG)\",null],[\"(\\d{2})(\\d{3})(\\d{4})\",\"$1 $2 $3\",\"[357]|4[1-35]|6[13-57]\",\"($FG)\",null],[\"(9)(\\d{4})(\\d{4})\",\"$1 $2 $3\",\"9\",null,null],[\"(44)(\\d{3})(\\d{4})\",\"$1 $2 $3\",\"44\",null,null],[\"([68]00)(\\d{3})(\\d{3,4})\",\"$1 $2 $3\",\"60|8\",\"$FG\",null],[\"(600)(\\d{3})(\\d{2})(\\d{3})\",\"$1 $2 $3 $4\",\"60\",\"$FG\",null],[\"(1230)(\\d{3})(\\d{4})\",\"$1 $2 $3\",\"1\",\"$FG\",null],[\"(\\d{5})(\\d{4})\",\"$1 $2\",\"219\",\"($FG)\",null],[\"(\\d{4,5})\",\"$1\",\"[1-9]\",\"$FG\",\"NA\"]]]",
"596": "[\"MQ\",\"00\",\"0\",null,null,\"$NP$FG\",\"\\d{9}\",\"[56]\\d{8}\",[[\"(\\d{3})(\\d{2})(\\d{2})(\\d{2})\",\"$1 $2 $3 $4\",null,null,null]]]",
"508": "[\"PM\",\"00\",\"0\",null,null,\"$NP$FG\",\"\\d{6}\",\"[45]\\d{5}\",[[\"([45]\\d)(\\d{2})(\\d{2})\",\"$1 $2 $3\",null,null,null]]]",
"269": "[\"KM\",\"00\",null,null,null,null,\"\\d{7}\",\"[379]\\d{6}\",[[\"(\\d{3})(\\d{2})(\\d{2})\",\"$1 $2 $3\",null,null,null]]]",
"358": ["[\"FI\",\"00|99[049]\",\"0\",null,null,\"$NP$FG\",\"\\d{5,12}\",\"1\\d{4,11}|[2-9]\\d{4,10}\",[[\"(\\d{3})(\\d{3,7})\",\"$1 $2\",\"(?:[1-3]00|[6-8]0)\",null,null],[\"(\\d{2})(\\d{4,10})\",\"$1 $2\",\"[14]|2[09]|50|7[135]\",null,null],[\"(\\d)(\\d{4,11})\",\"$1 $2\",\"[25689][1-8]|3\",null,null]]]","[\"AX\",\"00|99[049]\",\"0\",null,null,\"$NP$FG\",\"\\d{5,12}\",\"[135]\\d{5,9}|[27]\\d{4,9}|4\\d{5,10}|6\\d{7,8}|8\\d{6,9}\",null]"],
"251": "[\"ET\",\"00\",\"0\",null,null,\"$NP$FG\",\"\\d{7,9}\",\"[1-59]\\d{8}\",[[\"([1-59]\\d)(\\d{3})(\\d{4})\",\"$1 $2 $3\",null,null,null]]]",
"681": "[\"WF\",\"00\",null,null,null,null,\"\\d{6}\",\"[5-7]\\d{5}\",[[\"(\\d{2})(\\d{2})(\\d{2})\",\"$1 $2 $3\",null,null,null]]]",
"853": "[\"MO\",\"00\",null,null,null,null,\"\\d{8}\",\"[268]\\d{7}\",[[\"([268]\\d{3})(\\d{4})\",\"$1 $2\",null,null,null]]]",
"44": ["[\"GB\",\"00\",\"0\",null,null,\"$NP$FG\",\"\\d{4,10}\",\"\\d{7,10}\",[[\"(\\d{2})(\\d{4})(\\d{4})\",\"$1 $2 $3\",\"2|5[56]|7(?:0|6[013-9])\",null,null],[\"(\\d{3})(\\d{3})(\\d{4})\",\"$1 $2 $3\",\"1(?:1|\\d1)|3|9[018]\",null,null],[\"(\\d{5})(\\d{4,5})\",\"$1 $2\",\"1(?:38|5[23]|69|76|94)\",null,null],[\"(1\\d{3})(\\d{5,6})\",\"$1 $2\",\"1\",null,null],[\"(7\\d{3})(\\d{6})\",\"$1 $2\",\"7(?:[1-5789]|62)\",null,null],[\"(800)(\\d{4})\",\"$1 $2\",\"800\",null,null],[\"(845)(46)(4\\d)\",\"$1 $2 $3\",\"845\",null,null],[\"(8\\d{2})(\\d{3})(\\d{4})\",\"$1 $2 $3\",\"8(?:4[2-5]|7[0-3])\",null,null],[\"(80\\d)(\\d{3})(\\d{4})\",\"$1 $2 $3\",\"80\",null,null],[\"([58]00)(\\d{6})\",\"$1 $2\",\"[58]00\",null,null]]]","[\"GG\",\"00\",\"0\",null,null,\"$NP$FG\",\"\\d{6,10}\",\"[135789]\\d{6,9}\",null]","[\"IM\",\"00\",\"0\",null,null,\"$NP$FG\",\"\\d{6,10}\",\"[135789]\\d{6,9}\",null]","[\"JE\",\"00\",\"0\",null,null,\"$NP$FG\",\"\\d{6,10}\",\"[135789]\\d{6,9}\",null]"],
"244": "[\"AO\",\"00\",null,null,null,null,\"\\d{9}\",\"[29]\\d{8}\",[[\"(\\d{3})(\\d{3})(\\d{3})\",\"$1 $2 $3\",null,null,null]]]",
"211": "[\"SS\",\"00\",\"0\",null,null,null,\"\\d{9}\",\"[19]\\d{8}\",[[\"(\\d{3})(\\d{3})(\\d{3})\",\"$1 $2 $3\",null,\"$NP$FG\",null]]]",
"373": "[\"MD\",\"00\",\"0\",null,null,\"$NP$FG\",\"\\d{8}\",\"[235-9]\\d{7}\",[[\"(\\d{2})(\\d{3})(\\d{3})\",\"$1 $2 $3\",\"22|3\",null,null],[\"([25-7]\\d{2})(\\d{2})(\\d{3})\",\"$1 $2 $3\",\"2[13-79]|[5-7]\",null,null],[\"([89]\\d{2})(\\d{5})\",\"$1 $2\",\"[89]\",null,null]]]",
"996": "[\"KG\",\"00\",\"0\",null,null,\"$NP$FG\",\"\\d{5,10}\",\"[235-8]\\d{8,9}\",[[\"(\\d{3})(\\d{3})(\\d{3})\",\"$1 $2 $3\",\"[25-7]|31[25]\",null,null],[\"(\\d{4})(\\d{5})\",\"$1 $2\",\"3(?:1[36]|[2-9])\",null,null],[\"(\\d{3})(\\d{3})(\\d)(\\d{3})\",\"$1 $2 $3 $4\",\"8\",null,null]]]",
"93": "[\"AF\",\"00\",\"0\",null,null,\"$NP$FG\",\"\\d{7,9}\",\"[2-7]\\d{8}\",[[\"([2-7]\\d)(\\d{3})(\\d{4})\",\"$1 $2 $3\",\"[2-7]\",null,null]]]",
"260": "[\"ZM\",\"00\",\"0\",null,null,\"$NP$FG\",\"\\d{9}\",\"[289]\\d{8}\",[[\"([29]\\d)(\\d{7})\",\"$1 $2\",\"[29]\",null,null],[\"(800)(\\d{3})(\\d{3})\",\"$1 $2 $3\",\"8\",null,null]]]",
"378": "[\"SM\",\"00\",null,\"(?:0549)?([89]\\d{5})\",\"0549$1\",null,\"\\d{6,10}\",\"[05-7]\\d{7,9}\",[[\"(\\d{2})(\\d{2})(\\d{2})(\\d{2})\",\"$1 $2 $3 $4\",\"[5-7]\",null,null],[\"(0549)(\\d{6})\",\"$1 $2\",\"0\",null,\"($1) $2\"],[\"(\\d{6})\",\"0549 $1\",\"[89]\",null,\"(0549) $1\"]]]",
"235": "[\"TD\",\"00|16\",null,null,null,null,\"\\d{8}\",\"[2679]\\d{7}\",[[\"(\\d{2})(\\d{2})(\\d{2})(\\d{2})\",\"$1 $2 $3 $4\",null,null,null]]]",
"960": "[\"MV\",\"0(?:0|19)\",null,null,null,null,\"\\d{7,10}\",\"[3467]\\d{6}|9(?:00\\d{7}|\\d{6})\",[[\"(\\d{3})(\\d{4})\",\"$1-$2\",\"[3467]|9(?:[1-9]|0[1-9])\",null,null],[\"(\\d{3})(\\d{3})(\\d{4})\",\"$1 $2 $3\",\"900\",null,null]]]",
"221": "[\"SN\",\"00\",null,null,null,null,\"\\d{9}\",\"[3789]\\d{8}\",[[\"(\\d{2})(\\d{3})(\\d{2})(\\d{2})\",\"$1 $2 $3 $4\",\"[379]\",null,null],[\"(\\d{3})(\\d{2})(\\d{2})(\\d{2})\",\"$1 $2 $3 $4\",\"8\",null,null]]]",
"595": "[\"PY\",\"00\",\"0\",null,null,null,\"\\d{5,9}\",\"5[0-5]\\d{4,7}|[2-46-9]\\d{5,8}\",[[\"(\\d{2})(\\d{5,7})\",\"$1 $2\",\"(?:[26]1|3[289]|4[124678]|7[123]|8[1236])\",\"($FG)\",null],[\"(\\d{3})(\\d{3,6})\",\"$1 $2\",\"[2-9]0\",\"$NP$FG\",null],[\"(\\d{3})(\\d{6})\",\"$1 $2\",\"9[1-9]\",\"$NP$FG\",null],[\"(\\d{2})(\\d{3})(\\d{4})\",\"$1 $2 $3\",\"8700\",null,null],[\"(\\d{3})(\\d{4,6})\",\"$1 $2\",\"[2-8][1-9]\",\"($FG)\",null]]]",
"977": "[\"NP\",\"00\",\"0\",null,null,\"$NP$FG\",\"\\d{6,10}\",\"[1-8]\\d{7}|9(?:[1-69]\\d{6,8}|7[2-6]\\d{5,7}|8\\d{8})\",[[\"(1)(\\d{7})\",\"$1-$2\",\"1[2-6]\",null,null],[\"(\\d{2})(\\d{6})\",\"$1-$2\",\"1[01]|[2-8]|9(?:[1-69]|7[15-9])\",null,null],[\"(9\\d{2})(\\d{7})\",\"$1-$2\",\"9(?:6[013]|7[245]|8)\",null,null]]]",
"36": "[\"HU\",\"00\",\"06\",null,null,\"($FG)\",\"\\d{6,9}\",\"[1-9]\\d{7,8}\",[[\"(1)(\\d{3})(\\d{4})\",\"$1 $2 $3\",\"1\",null,null],[\"(\\d{2})(\\d{3})(\\d{3,4})\",\"$1 $2 $3\",\"[2-9]\",null,null]]]"
}