[{"$i":"loading-prompt","$v":"Laai tans ..."},{"$i":"header-title","$v":"Aanpassing"},{"$i":"simLabel","$v":["SIM ",{"t":"idOrVar","v":"id"}]},{"$i":"custom-prepare","$v":"Maak tans gereed vir pasmaking..."},{"$i":"configuring","$v":"SIM-verwante aanpassing is besig; moenie die toestel afskakel of van die netwerk ontkoppel nie."},{"$i":"no-profile","$v":"Geen profiele nie"},{"$i":"sim-not-ready","$v":"Simkaart nie gelees nie; probeer later weer."},{"$i":"no-sim","$v":"Geen simkaart ingesteek nie – steek dus in."},{"$i":"reboot","$v":"Herbegin jou foon om veranderinge toe te pas."},{"$i":"success","$v":"Suksesvol gepasmaak."},{"$i":"custom-fail","$v":"Kan nie tans voortgaan met pasmaak nie."},{"$i":"ok","$v":"Goed"},{"$i":"restart","$v":"HERBEGIN"},{"$i":"custom-select","$v":"U foon kan opgestel word gebaseer op u SIM-kaart. Kies een van die volgende profiele om voort te gaan."},{"$i":"select","$v":"KIES"},{"$i":"reminder","$v":"Herinner volgende keer"},{"$i":"never","$v":"Nooit weer herinner nie"},{"$i":"network-title","$v":"Kon nie koppel nie"},{"$i":"network-err","$v":"Netwerk nie gereed nie of kon nie aan bediener koppel nie."},{"$i":"connect","$v":"KOPPEL"},{"$i":"success-tip","$v":"U foon is opgestel volgens u draer/diensverskaffer se SIM-kaart. Druk Oukei om te verlaat."}]