[{"$i":"loading-prompt","$v":"جار التحميل..."},{"$i":"header-title","$v":"التخصيص"},{"$i":"simLabel","$v":["SIM ",{"t":"idOrVar","v":"id"}]},{"$i":"custom-prepare","$v":"جارٍ التحضير للتخصيص..."},{"$i":"configuring","$v":"التخصيص المستند إلى بطاقة SIM قيد التقدم، يُرجى عدم إيقاف تشغيل الجهاز أو قطع الاتصال بالشبكة."},{"$i":"no-profile","$v":"لا توجد أوضاع"},{"$i":"sim-not-ready","$v":"لم تتم قراءة Simcard، يرجى تجربتها لاحقًا."},{"$i":"no-sim","$v":"لم يتم تركيب بطاقة sim، يرجى تركيبها."},{"$i":"reboot","$v":"أعد تشغيل هاتفك لتطبيق التغييرات."},{"$i":"success","$v":"نجح التخصيص."},{"$i":"custom-fail","$v":"تتعذر متابعة التخصيص الآن."},{"$i":"ok","$v":"موافق"},{"$i":"restart","$v":"إعادة تشغيل"},{"$i":"custom-select","$v":"يمكن تكوين هاتفك بناءً على بطاقة SIM الخاصة بك. حدد أحد الأوضاع التالية للمتابعة."},{"$i":"select","$v":"تحديد"},{"$i":"reminder","$v":"تذكير في المرة التالية"},{"$i":"never","$v":"عدم التذكير مرة أخرى"},{"$i":"network-title","$v":"فشل الاتصال"},{"$i":"network-err","$v":"الشبكة غير جاهزة أو فشلت في الاتصال بالخادم."},{"$i":"connect","$v":"الاتصال"},{"$i":"success-tip","$v":"تم تكوين هاتفك وفقًا لبطاقة SIM الخاصة بشركة الجوال. اضغط على \"موافق\" للمغادرة."}]