[{"$i":"loading-prompt","$v":"Загружаецца..."},{"$i":"header-title","$v":"Настройка"},{"$i":"simLabel","$v":["SIM-картка ",{"t":"idOrVar","v":"id"}]},{"$i":"custom-prepare","$v":"Падрыхтоўка да наладкі ..."},{"$i":"configuring","$v":"Ідзе настройка на аснове SIM, не адключайце прыладу і не выходзьце з сеткі."},{"$i":"no-profile","$v":"Няма профіляў"},{"$i":"sim-not-ready","$v":"Simcard не чытаецца, паспрабуйце пазней."},{"$i":"no-sim","$v":"Сім-карта не ўстаўлена, калі ласка, устаўце яе."},{"$i":"reboot","$v":"Каб прымян. змены, перазап. тэлефон."},{"$i":"success","$v":"Настройка паспяховая"},{"$i":"custom-fail","$v":"Зараз налада не можа працягвацца."},{"$i":"ok","$v":"ОК"},{"$i":"restart","$v":"Пачаць зноў"},{"$i":"custom-select","$v":"Ваш тэлефон можна сканфігураваць на аснове SIM-карты. Каб працягнуць, выберыце адзін з наступных профіляў."},{"$i":"select","$v":"Выбраць"},{"$i":"reminder","$v":"Нагадаць наступны раз"},{"$i":"never","$v":"Ніколі больш не нагадвай"},{"$i":"network-title","$v":"Памылка падлучэння"},{"$i":"network-err","$v":"Сетка не гатовая ці не атрымалася падключыцца да сервера."},{"$i":"connect","$v":"Падлучыць"},{"$i":"success-tip","$v":"Ваш тэлефон сканфігурыраваны згодна SIM-картцы вашага аператара. Каб выйсці, націсніце OK."}]