[{"$i":"loading-prompt","$v":"লোড হচ্ছে..."},{"$i":"header-title","$v":"কাস্টমাইজেশন"},{"$i":"simLabel","$v":["সিম ",{"t":"idOrVar","v":"id"}]},{"$i":"custom-prepare","$v":"কাস্টমাইজেশনের জন্য প্রস্তুত করা হচ্ছে ..."},{"$i":"configuring","$v":"সিম - ভিত্তিক কাস্টমাইজেশন প্রক্রিয়ারত, অনুগ্রহ করে ডিভাইসটি বন্ধ করবেন না বা নেটওয়ার্ক সংযোগ বিচ্ছিন্ন করবেন না।"},{"$i":"no-profile","$v":"কোনো প্রোফাইল নেই"},{"$i":"sim-not-ready","$v":"সিমকার্ড যাচাই করা হয়নি, অনুগ্রহ করে পরে চেষ্টা করুন।"},{"$i":"no-sim","$v":"কোনো সিম কার্ড ঢোকানো হয় নি, অনুগ্রহ করে এটি ঢোকান।"},{"$i":"reboot","$v":"পরিবর্তন প্রয়োগ করার জন্য আপনার ফোন পুনরায় আরম্ভ করুন।"},{"$i":"success","$v":"কাস্টমাইজেশন সফল হয়েছে।"},{"$i":"custom-fail","$v":"কাস্টমাইজেশন এখন প্রক্রিয়ারত হতে পারে না।"},{"$i":"ok","$v":"ঠিক আছে"},{"$i":"restart","$v":"রিস্টার্ট করুন"},{"$i":"custom-select","$v":"আপনার সিম কার্ডের উপর ভিত্তি করে আপনার ফোন কনফিগার করা যেতে পারে। চালিয়ে যেতে নিম্নলিখিত প্রোফাইলগুলির মধ্যে একটি নির্বাচন করুন।"},{"$i":"select","$v":"নির্বাচন করুন"},{"$i":"reminder","$v":"পরের বার মনে করিয়ে দিন"},{"$i":"never","$v":"আর কখনও মনে করিয়ে দেবে না"},{"$i":"network-title","$v":"সংযোগ ব্যর্থ হয়েছে"},{"$i":"network-err","$v":"নেটওয়ার্ক প্রস্তুত নয় বা সার্ভারের সাথে সংযোগ করতে ব্যর্থ।"},{"$i":"connect","$v":"সংযোগ করুন"},{"$i":"success-tip","$v":"আপনার ফোন আপনার ক্যারিয়ারের সিম কার্ডে কনফিগার করা হয়েছে। ছেড়ে যেতে ঠিক আছে প্রেস করুন।"}]