[{"$i":"loading-prompt","$v":"Učitavanje..."},{"$i":"header-title","$v":"Prilagodba"},{"$i":"simLabel","$v":["SIM ",{"t":"idOrVar","v":"id"}]},{"$i":"custom-prepare","$v":"Priprema za prilagođavanje ..."},{"$i":"configuring","$v":"U toku je prilagođavanje zasnovano na SIM-u, ne isključujte uređaj ili ne prekidajte mrežnu vezu."},{"$i":"no-profile","$v":"Nema profila"},{"$i":"sim-not-ready","$v":"Simcard se ne čita, pokušajte kasnije."},{"$i":"no-sim","$v":"Nije ubačena nijedna simcard kartica, molim vas."},{"$i":"reboot","$v":"Ponovo pokrenite telefon radi primjene izmjena."},{"$i":"success","$v":"Prilagodba je uspešna"},{"$i":"custom-fail","$v":"Prilagodba se sada ne može nastaviti."},{"$i":"ok","$v":"U redu"},{"$i":"restart","$v":"Restartovati"},{"$i":"custom-select","$v":"Telefon se može konfigurirati na osnovu SIM kartice. Odaberite jedan od sljedećih profila kako biste nastavili."},{"$i":"select","$v":"Izaberi"},{"$i":"reminder","$v":"Podsetite se sledeći put"},{"$i":"never","$v":"Nikada više podsećati"},{"$i":"network-title","$v":"Povezivanje nije uspjelo"},{"$i":"network-err","$v":"Mreža nije spremna ili nije uspjela da se poveže sa serverom."},{"$i":"connect","$v":"Poveži"},{"$i":"success-tip","$v":"Telefon je konfiguriran za SIM karticu vašeg operatera. Pritisnite OK da napustite."}]