[{"$i":"loading-prompt","$v":"Ladevorgang läuft..."},{"$i":"header-title","$v":"Anpassung"},{"$i":"simLabel","$v":["SIM ",{"t":"idOrVar","v":"id"}]},{"$i":"custom-prepare","$v":"Vorbereiten auf Anpassung..."},{"$i":"configuring","$v":"Die SIM-basierte Anpassung läuft. Schalten Sie das Gerät nicht aus und trennen Sie die Netzwerkverbindung nicht."},{"$i":"no-profile","$v":"Keine Profile"},{"$i":"sim-not-ready","$v":"SIM-Karte wird nicht gelesen. Versuchen Sie es später noch einmal."},{"$i":"no-sim","$v":"Es wurde keine SIM-Karte eingelegt. Bitte legen Sie sie ein."},{"$i":"reboot","$v":"Starten Sie Ihr Telefon neu, um die Änderungen zu übernehmen."},{"$i":"success","$v":"Die Anpassung war erfolgreich."},{"$i":"custom-fail","$v":"Die Anpassung kann derzeit nicht fortgesetzt werden."},{"$i":"ok","$v":"OK"},{"$i":"restart","$v":"RESTART"},{"$i":"custom-select","$v":"Die Konfiguration Ihres Telefons kann für die SIM-Karte vorgenommen werden. Wählen Sie zum Fortfahren eines der folgenden Profile aus."},{"$i":"select","$v":"SELECT"},{"$i":"reminder","$v":"Nächstes Mal erinnern"},{"$i":"never","$v":"Nicht mehr erinnern"},{"$i":"network-title","$v":"Verbindungsfehler"},{"$i":"network-err","$v":"Das Netzwerk ist nicht bereit oder kann keine Verbindung zum Server herstellen."},{"$i":"connect","$v":"CONNECT"},{"$i":"success-tip","$v":"Ihr Telefon ist durch die SIM-Karte Ihres Anbieters konfiguriert. Wählen Sie „OK“ aus, um den Dialog zu schließen."}]