[{"$i":"loading-prompt","$v":"Φόρτωση..."},{"$i":"header-title","$v":"Προσαρμογή"},{"$i":"simLabel","$v":["SIM ",{"t":"idOrVar","v":"id"}]},{"$i":"custom-prepare","$v":"Προετοιμασία για προσαρμογή ..."},{"$i":"configuring","$v":"Προσαρμογή με βάση την κάρτα SIM σε εξέλιξη. Μην απενεργοποιήσετε τη συσκευή ή μην αποσυνδεθείτε από το δίκτυο."},{"$i":"no-profile","$v":"Χωρίς προφίλ"},{"$i":"sim-not-ready","$v":"Η κάρτα SIM δεν έχει διαβαστεί, δοκιμάστε την αργότερα."},{"$i":"no-sim","$v":"Δεν έχει τοποθετηθεί κάρτα ταυτότητας, εισαγάγετε την."},{"$i":"reboot","$v":"Επανεκκινήστε το τηλέφωνό σας για να εφαρμόσετε τις αλλαγές."},{"$i":"success","$v":"Η προσαρμογή ήταν επιτυχής"},{"$i":"custom-fail","$v":"Η προσαρμογή δεν μπορεί να προχωρήσει τώρα."},{"$i":"ok","$v":"OK"},{"$i":"restart","$v":"Επανεκκίνηση"},{"$i":"custom-select","$v":"Το τηλέφωνό σας μπορεί να διαμορφωθεί με βάση την κάρτα SIM σας. Επιλέξτε ένα από τα ακόλουθα προφίλ για να συνεχίσετε."},{"$i":"select","$v":"Επιλογή"},{"$i":"reminder","$v":"Υπενθύμιση την επόμενη φορά"},{"$i":"never","$v":"Ποτέ μην το υπενθυμίσω ξανά"},{"$i":"network-title","$v":"Η σύνδεση απέτυχε"},{"$i":"network-err","$v":"Το δίκτυο δεν είναι έτοιμο ή απέτυχε να συνδεθεί στο διακομιστή."},{"$i":"connect","$v":"Σύνδεση"},{"$i":"success-tip","$v":"Το τηλέφωνό σας διαμορφώθηκε σύμφωνα με την κάρτα SIM του φορέα δικτύου σας. Πατήστε OK για έξοδο."}]