[{"$i":"loading-prompt","$v":"Loading..."},{"$i":"header-title","$v":"Customisation"},{"$i":"simLabel","$v":["SIM ",{"t":"idOrVar","v":"id"}]},{"$i":"custom-prepare","$v":"Preparing for customization..."},{"$i":"configuring","$v":"SIM-Based customisation is in progress, please do not turn off the device or disconnect network."},{"$i":"no-profile","$v":"No profiles"},{"$i":"sim-not-ready","$v":"SIM card is not read, please try it later."},{"$i":"no-sim","$v":"No SIM card was inserted, please insert it."},{"$i":"reboot","$v":"Restart your phone to apply changes."},{"$i":"success","$v":"Customisation Successful"},{"$i":"custom-fail","$v":"Customization cannot proceed now."},{"$i":"ok","$v":"OK"},{"$i":"restart","$v":"RESTART"},{"$i":"custom-select","$v":"Your phone can be configured based on your SIM card. Select one of the following profiles to continue."},{"$i":"select","$v":"SELECT"},{"$i":"reminder","$v":"Remind next time"},{"$i":"never","$v":"Never remind again"},{"$i":"network-title","$v":"Connection Failed"},{"$i":"network-err","$v":"Network not ready or failed to connect to server."},{"$i":"connect","$v":"CONNECT"},{"$i":"success-tip","$v":"Your phone is configured per your operator’s SIM card. Press OK to leave."}]