[{"$i":"loading-prompt","$v":"Cargando..."},{"$i":"header-title","$v":"Personalización"},{"$i":"simLabel","$v":[{"t":"idOrVar","v":"id"}," de la SIM"]},{"$i":"custom-prepare","$v":"Preparando personalización..."},{"$i":"configuring","$v":"La personalización basada en SIM está en curso, no desactive el dispositivo ni se desconecte de la red."},{"$i":"no-profile","$v":"Ningún perfil"},{"$i":"sim-not-ready","$v":"No se puede leer la tarjeta SIM, intente de nuevo más tarde."},{"$i":"no-sim","$v":"No se ha ingresado ninguna tarjeta SIM; ingrésela."},{"$i":"reboot","$v":"Reinicie su teléfono para aplicar los cambios."},{"$i":"success","$v":"Se ha personalizado correctamente."},{"$i":"custom-fail","$v":"No se puede realizar la personalización en este momento."},{"$i":"ok","$v":"OK"},{"$i":"restart","$v":"REINICIAR"},{"$i":"custom-select","$v":"Su teléfono se puede configurar en función de su tarjeta SIM. Seleccione uno de los perfiles siguientes para continuar."},{"$i":"select","$v":"Selec."},{"$i":"reminder","$v":"Recordar la próxima vez"},{"$i":"never","$v":"No volver a recordar"},{"$i":"network-title","$v":"Error de conexión"},{"$i":"network-err","$v":"La red no está lista o no se ha podido conectar al servidor."},{"$i":"connect","$v":"CONECTAR"},{"$i":"success-tip","$v":"Su teléfono se ha configurado según lo incluido en la tarjeta SIM de su operador. Pulse Aceptar para salir."}]