[{"$i":"loading-prompt","$v":"در حال بارگيری..."},{"$i":"header-title","$v":"سفارشی سازی"},{"$i":"simLabel","$v":[{"t":"idOrVar","v":"id"}," سیم"]},{"$i":"custom-prepare","$v":"آمادگی برای سفارشی سازی..."},{"$i":"configuring","$v":"سفارشی سازی بر اساس سیم کارت در جریان است، لطفاً دستگاه را خاموش نکنید یا اتصال خود را از شبکه قطع نکنید."},{"$i":"no-profile","$v":"بدون نمایه"},{"$i":"sim-not-ready","$v":"سیم کارت خوانده نمی شود، لطفاً در فرصتی دیگر امتحان کنید."},{"$i":"no-sim","$v":"سیم کارتی وارد نشده است، آن را وارد کنید."},{"$i":"reboot","$v":"برای اعمال تغییرات، تلفن را دوباره راه اندازی کنید."},{"$i":"success","$v":"سفارشی سازی انجام شد."},{"$i":"custom-fail","$v":"سفارشی سازی اکنون قابل ادامه دادن نیست."},{"$i":"ok","$v":"تأیید"},{"$i":"restart","$v":"راه اندازی مجدد"},{"$i":"custom-select","$v":"تلفن بر اساس سیم کارت پیکربندی می شود. یکی از نمایه های زیر را برای ادامه انتخاب کنید."},{"$i":"select","$v":"انتخاب"},{"$i":"reminder","$v":"مرتبه بعدی یادآوری شود"},{"$i":"never","$v":"دوباره یادآوری نشود"},{"$i":"network-title","$v":"اتصال برقرار نشد"},{"$i":"network-err","$v":"شبکه آماده نیست یا به سرور وصل نشد."},{"$i":"connect","$v":"اتصال"},{"$i":"success-tip","$v":"تلفن از طریق سیم کارت شرکت مخابراتی شما پیکربندی شد. برای ترک کردن OK را فشار دهید."}]