[{"$i":"loading-prompt","$v":"Ladataan..."},{"$i":"header-title","$v":"Räätälöinti"},{"$i":"simLabel","$v":["SIM ",{"t":"idOrVar","v":"id"}]},{"$i":"custom-prepare","$v":"Valmistautuminen mukauttamiseen ..."},{"$i":"configuring","$v":"SIM-pohjainen mukautus käynnissä, älä katkaise laitteen virtaa tai verkkoyhteyttä."},{"$i":"no-profile","$v":"Ei profiileja"},{"$i":"sim-not-ready","$v":"Simcardia ei lueta, kokeile sitä myöhemmin."},{"$i":"no-sim","$v":"Ei korttia asetettu, aseta se."},{"$i":"reboot","$v":"Käynnistä puhelin uudelleen muutosten ottamiseksi käyttöön."},{"$i":"success","$v":"Mukauttaminen onnistui"},{"$i":"custom-fail","$v":"Mukauttamista ei voida jatkaa nyt."},{"$i":"ok","$v":"OK"},{"$i":"restart","$v":"Käynnistä uudell."},{"$i":"custom-select","$v":"Puhelimesi asetukset voidaan määrittää SIM-kortin perusteella. Jatka valitsemalla yksi seuraavista profiileista."},{"$i":"select","$v":"Valitse"},{"$i":"reminder","$v":"Muistuta ensi kerralla"},{"$i":"never","$v":"Älä koskaan muistuta uudestaan"},{"$i":"network-title","$v":"Yhteys epäonnistui"},{"$i":"network-err","$v":"Verkko ei ole valmis tai yhteys palvelimeen epäonnistui."},{"$i":"connect","$v":"Yhdistä"},{"$i":"success-tip","$v":"Puhelin on määritetty SIM-korttisi tiedoilla. Poistu painamalla OK."}]