[{"$i":"loading-prompt","$v":"Nilo-load..."},{"$i":"header-title","$v":"Pagpapasadya"},{"$i":"simLabel","$v":["SIM ",{"t":"idOrVar","v":"id"}]},{"$i":"custom-prepare","$v":"Paghahanda para sa pagpapasadya ..."},{"$i":"configuring","$v":"Kasalukuyang isinasagawa ang pag-customize na nakabatay sa SIM, huwag i-off ang device o magdiskonekta sa network."},{"$i":"no-profile","$v":"Walang Mga profile"},{"$i":"sim-not-ready","$v":"Hindi nabasa ang Simcard, mangyaring subukan ito sa ibang pagkakataon."},{"$i":"no-sim","$v":"Walang ipinasok na simcard, mangyaring ipasok ito."},{"$i":"reboot","$v":"I-restart ang iyong telepono para maglapat ng mga pagbabago."},{"$i":"success","$v":"Matagumpay ang pagpapasadya"},{"$i":"custom-fail","$v":"Hindi maipagpapatuloy ang pagpapasadya ngayon."},{"$i":"ok","$v":"OK"},{"$i":"restart","$v":"I-restart"},{"$i":"custom-select","$v":"Mako-configure ang iyong telepono batay sa iyong SIM card. Pumili ng isa sa mga sumusunod na profile para magpatuloy."},{"$i":"select","$v":"Pumili"},{"$i":"reminder","$v":"Paalala sa susunod"},{"$i":"never","$v":"Huwag ulit ipaalala"},{"$i":"network-title","$v":"Hindi nakakonekta"},{"$i":"network-err","$v":"Hindi handa o nabigo ang network na kumonekta sa server."},{"$i":"connect","$v":"Kumonekta"},{"$i":"success-tip","$v":"Na-configure na ang telepono mo ayon sa SIM card ng carrier mo. Pindutin ang OK para umalis."}]