[{"$i":"loading-prompt","$v":"Chargement en cours…"},{"$i":"header-title","$v":"Personnalisation"},{"$i":"simLabel","$v":["Carte SIM ",{"t":"idOrVar","v":"id"}]},{"$i":"custom-prepare","$v":"Préparation à la personnalisation…"},{"$i":"configuring","$v":"La personnalisation d’après la carte SIM est en cours. Veuillez ne pas éteindre l’appareil ou vous déconnecter du réseau."},{"$i":"no-profile","$v":"Sans profil"},{"$i":"sim-not-ready","$v":"La carte SIM n’est pas lisible. Réessayez plus tard."},{"$i":"no-sim","$v":"Aucune carte SIM n’est insérée."},{"$i":"reboot","$v":"Redémarrez le téléphone pour appliquer les modifications."},{"$i":"success","$v":"La personnalisation est effectuée."},{"$i":"custom-fail","$v":"La personnalisation ne peut pas continuer pour le moment."},{"$i":"ok","$v":"OK"},{"$i":"restart","$v":"REDÉMARRER"},{"$i":"custom-select","$v":"Votre téléphone peut être configuré d’après votre carte SIM. Sélectionnez l’un des profils suivants pour continuer."},{"$i":"select","$v":"SÉLECTIONNER"},{"$i":"reminder","$v":"Rappeler la prochaine fois"},{"$i":"never","$v":"Ne plus me le rappeler"},{"$i":"network-title","$v":"Échec de connexion"},{"$i":"network-err","$v":"Le réseau n’est pas prêt ou la connexion au serveur n’a pas été possible."},{"$i":"connect","$v":"SE CONNECTER"},{"$i":"success-tip","$v":"Votre téléphone est configuré pour la carte SIM de votre opérateur. Appuyer sur OK pour quitter."}]