[{"$i":"loading-prompt","$v":"טוען..."},{"$i":"header-title","$v":"התאמה אישית"},{"$i":"simLabel","$v":["SIM ",{"t":"idOrVar","v":"id"}]},{"$i":"custom-prepare","$v":"מתכונן להתאמה אישית ..."},{"$i":"configuring","$v":"התאמה אישית על בסיס כרטיס SIM נמצאת בביצוע. אל תכבה את ההתקן ואל תתנתק מהרשת."},{"$i":"no-profile","$v":"אין פרופילים"},{"$i":"sim-not-ready","$v":"Simcard לא נקרא, אנא נסה את זה אחר כך."},{"$i":"no-sim","$v":"לא הוכנס כרטיס סימול, אנא הכנס אותו."},{"$i":"reboot","$v":"הפעל מחדש את הטלפון כדי להחיל את השינויים."},{"$i":"success","$v":"התאמה אישית מוצלחת"},{"$i":"custom-fail","$v":"ההתאמה האישית לא יכולה להמשיך כעת."},{"$i":"ok","$v":"OK"},{"$i":"restart","$v":"התחל מחדש"},{"$i":"custom-select","$v":"ניתן לקבוע את תצורת הטלפון בהתאם לכרטיס ה-SIM. בחר אחד מהפרופילים הבאים כדי להמשיך."},{"$i":"select","$v":"בחירה"},{"$i":"reminder","$v":"להזכיר בפעם הבאה"},{"$i":"never","$v":"לעולם אל תזכיר שוב"},{"$i":"network-title","$v":"החיבור נכשל"},{"$i":"network-err","$v":"הרשת לא מוכנה או לא הצליחה להתחבר לשרת."},{"$i":"connect","$v":"התחבר"},{"$i":"success-tip","$v":"תצורת מכשיר הטלפון שלך נקבעה בהתאם לכרטיס ה-SIM של ספק השירות. לחץ על 'אישור' ליציאה."}]