[{"$i":"loading-prompt","$v":"लोड हो रहा है..."},{"$i":"header-title","$v":"कस्टमाइजेशन"},{"$i":"simLabel","$v":["सिम ",{"t":"idOrVar","v":"id"}]},{"$i":"custom-prepare","$v":"कस्टमाइज़ करने के लिए तैयारी कर रहें है..."},{"$i":"configuring","$v":"सिम-आधारित कस्टमाइज़ेशन प्रगति पर है, कृपया डिवाइस बंद न करें या नेटवर्क डिस्कनेक्ट न करें।"},{"$i":"no-profile","$v":"कोई प्रोफ़ाइल नहीं हैं"},{"$i":"sim-not-ready","$v":"सिमकार्ड जांच नहीं पा रहें है, कृपया बाद में प्रयास करें।"},{"$i":"no-sim","$v":"कोई सिम कार्ड डाला नहीं गया था, कृपया इसे डालें."},{"$i":"reboot","$v":"परिवर्तनों को लागू करने के लिए अपने फ़ोन को फिर से शुरू करें।"},{"$i":"success","$v":"कस्टमाइज़ेशन सफल रहा।"},{"$i":"custom-fail","$v":"अब और कस्टमाइज़ेशन नहीं हो सकता।"},{"$i":"ok","$v":"ठीक हैं"},{"$i":"restart","$v":"पुनः प्रारंभ करें"},{"$i":"custom-select","$v":"आपका फ़ोन आपके सिम कार्ड के आधार पर कॉन्फ़िगर किया जा सकता है। जारी रखने के लिए निम्न प्रोफाइलों में से एक चुनें."},{"$i":"select","$v":"चुनें"},{"$i":"reminder","$v":"अगली बार याद दिलाएं"},{"$i":"never","$v":"फिर कभी याद न दिलाएं"},{"$i":"network-title","$v":"कनेक्शन विफल हुआ"},{"$i":"network-err","$v":"नेटवर्क तैयार नहीं है या सर्वर से कनेक्ट करने में विफल रहा।"},{"$i":"connect","$v":"कनेक्ट करें"},{"$i":"success-tip","$v":"आपका फ़ोन आपके कैरियर के सिम कार्ड पर कॉन्फ़िगर किया गया है। छोड़ने के लिए ठीक है दबाएँ।"}]