[{"$i":"loading-prompt","$v":"Učitavanje…"},{"$i":"header-title","$v":"Prilagođavanje"},{"$i":"simLabel","$v":["SIM ",{"t":"idOrVar","v":"id"}]},{"$i":"custom-prepare","$v":"Priprema za prilagodbu ..."},{"$i":"configuring","$v":"U tijeku je prilagodba na temelju SIM kartice, nemojte isključivati uređaj ni prekidati mrežnu vezu."},{"$i":"no-profile","$v":"Nema profila"},{"$i":"sim-not-ready","$v":"Simcard se ne čita, pokušajte kasnije."},{"$i":"no-sim","$v":"Nije ubačena nijedna simcard kartica, molim vas."},{"$i":"reboot","$v":"Ponovno pokrenite telefon za primjenu promjena."},{"$i":"success","$v":"Prilagodba je uspješna"},{"$i":"custom-fail","$v":"Prilagodba se ne može nastaviti."},{"$i":"ok","$v":"U redu"},{"$i":"restart","$v":"Ponovi"},{"$i":"custom-select","$v":"Telefon je moguće konfigurirati na temelju SIM kartice. Da biste nastavili, odaberite neki od sljedećih profila."},{"$i":"select","$v":"Odaberi"},{"$i":"reminder","$v":"Podsjetite sljedeći put"},{"$i":"never","$v":"Nikad više podsjećati"},{"$i":"network-title","$v":"Veza je prekinuta"},{"$i":"network-err","$v":"Mreža nije spremna ili nije uspjela povezati se s poslužiteljem."},{"$i":"connect","$v":"Spoji"},{"$i":"success-tip","$v":"Vaš je telefon konfiguriran u skladu sa SIM karticom operatera. Pritisnite U redu za zatvaranje."}]