[{"$i":"loading-prompt","$v":"Betöltés..."},{"$i":"header-title","$v":"Személyre szabás"},{"$i":"simLabel","$v":["SIM ",{"t":"idOrVar","v":"id"}]},{"$i":"custom-prepare","$v":"Előkészítés a testre szabásra..."},{"$i":"configuring","$v":"SIM-alapú testre szabás folyamatban. Ne kapcsolja ki a készüléket, illetve ne bontsa a hálózati kapcsolatot."},{"$i":"no-profile","$v":"Nincsenek profilok"},{"$i":"sim-not-ready","$v":"A SIM-kártya nem került beolvasásra. Próbálja újra később."},{"$i":"no-sim","$v":"Nincs SIM-kártya behelyezve. Helyezze be."},{"$i":"reboot","$v":"A módosítások alkalmazásához indítsa újra a telefonját."},{"$i":"success","$v":"A testre szabás sikerült."},{"$i":"custom-fail","$v":"A testre szabás jelenleg nem folytatható."},{"$i":"ok","$v":"OK"},{"$i":"restart","$v":"ÚJRAINDÍTÁS"},{"$i":"custom-select","$v":"A telefonja a SIM-kártyája alapján konfigurálható. Válasszon ki egyet a következő profilok közül a folytatáshoz."},{"$i":"select","$v":"KIVÁLASZTÁS"},{"$i":"reminder","$v":"Emlékeztessen legközelebb"},{"$i":"never","$v":"Ne emlékeztessen többet."},{"$i":"network-title","$v":"Sikertelen csatlakozás"},{"$i":"network-err","$v":"A hálózat nem áll készen vagy a szerverhez való csatlakozás sikertelen."},{"$i":"connect","$v":"CSATLAKOZÁS"},{"$i":"success-tip","$v":"A telefonja a szolgáltatója SIM-kártyája szerint került konfigurálásra. Nyomja meg az OK gombot a kilépéshez."}]