[{"$i":"loading-prompt","$v":"Բեռնվում է…"},{"$i":"header-title","$v":"Անհատականացում"},{"$i":"simLabel","$v":["SIM ",{"t":"idOrVar","v":"id"}]},{"$i":"custom-prepare","$v":"Պատրաստվում է անհատականացման ..."},{"$i":"configuring","$v":"SIM-ի հիմքով կազմաձևումը ընթացքում է։ Մի անջատեք սարքը կամ ցանցի հետ կապը։"},{"$i":"no-profile","$v":"Ոչ պրոֆիլներ"},{"$i":"sim-not-ready","$v":"Simcard- ը չի կարդացվում, խնդրում ենք փորձեք ավելի ուշ:"},{"$i":"no-sim","$v":"Ոչ մի simcard չի տեղադրվել, խնդրում ենք տեղադրեք այն:"},{"$i":"reboot","$v":"Վերակայեք ձեր հեռախոսը՝ փոփոխությունները կիրառելու համար։"},{"$i":"success","$v":"Հարմարեցումը հաջող է"},{"$i":"custom-fail","$v":"Անհատականացումը այժմ չի կարող շարունակվել:"},{"$i":"ok","$v":"Լավ"},{"$i":"restart","$v":"Վերգրծրկլ"},{"$i":"custom-select","$v":"Ձեր հեռախոսը կարող է կազմաձևվել ըստ ձեր SIM քարտի: Շարունակելու համար ընտրեք հետևյալ պրոֆիլներից որևէ մեկը:"},{"$i":"select","$v":"Ընտրել"},{"$i":"reminder","$v":"Հիշեցեք հաջորդ անգամ"},{"$i":"never","$v":"Այլևս երբեք մի հիշեցեք"},{"$i":"network-title","$v":"Միացումը ձախողվեց"},{"$i":"network-err","$v":"Notանցը պատրաստ չէ կամ չի հաջողվել միացնել սերվերին:"},{"$i":"connect","$v":"Միանալ"},{"$i":"success-tip","$v":"Ձեր հեռախոսը կազմաձևված է ըստ ձեր օպերատորի SIM քարտի։ Սեղմեք OK՝ դուրս գալու համար։"}]