[{"$i":"loading-prompt","$v":"Memuat..."},{"$i":"header-title","$v":"Kustomisasi"},{"$i":"simLabel","$v":["SIM ",{"t":"idOrVar","v":"id"}]},{"$i":"custom-prepare","$v":"Mempersiapkan kustomisasi..."},{"$i":"configuring","$v":"Kustomisasi berdasar SIM sedang berjalan, jangan mematikan perangkat atau memutuskan jaringan."},{"$i":"no-profile","$v":"Tidak ada Profil."},{"$i":"sim-not-ready","$v":"Kartu SIM tidak terbaca, silakan coba lagi nanti."},{"$i":"no-sim","$v":"Tidak ada kartu SIM yang dimasukkan, silakan masukkan."},{"$i":"reboot","$v":"Restart telepon untuk mengaplikasikan perubahan."},{"$i":"success","$v":"Kustomisasi Berhasil."},{"$i":"custom-fail","$v":"Kustomisasi sedang tidak dapat diproses."},{"$i":"ok","$v":"OK"},{"$i":"restart","$v":"RESTART"},{"$i":"custom-select","$v":"Teleponmu dapat dikonfigurasikan sesuai dengan kartu SIM-mu. Pilih salah satu dari profil berikut untuk melanjutkan."},{"$i":"select","$v":"PILIH"},{"$i":"reminder","$v":"Ingatkan lain kali"},{"$i":"never","$v":"Jangan ingatkan lagi"},{"$i":"network-title","$v":"Gagal Menghubungkan"},{"$i":"network-err","$v":"Jaringan tidak siap atau gagal tersambung ke server."},{"$i":"connect","$v":"HUBUNGKAN"},{"$i":"success-tip","$v":"Ponsel dikonfigurasikan sesuai dengan kartu SIM operator Anda. Tekan OK untuk keluar."}]