[{"$i":"loading-prompt","$v":"Hleður ..."},{"$i":"header-title","$v":"Sérsniðin"},{"$i":"simLabel","$v":["SIM-kort ",{"t":"idOrVar","v":"id"}]},{"$i":"custom-prepare","$v":"Undirbýr sig fyrir aðlögun ..."},{"$i":"configuring","$v":"SIM-sérstilling stendur yfir. Ekki slökkva á tækinu eða aftengjast netinu."},{"$i":"no-profile","$v":"Engar prófílar"},{"$i":"sim-not-ready","$v":"Simcard er ekki lesið, vinsamlegast reyndu það seinna."},{"$i":"no-sim","$v":"Ekkert simkort var sett í, vinsamlegast settu það inn."},{"$i":"reboot","$v":"Endurræstu símann til að virkja breytingarnar."},{"$i":"success","$v":"Sérsniðin tókst"},{"$i":"custom-fail","$v":"Sérsniðin geta ekki haldið áfram núna."},{"$i":"ok","$v":"Í lagi"},{"$i":"restart","$v":"Endurræsa"},{"$i":"custom-select","$v":"Hægt er að grunnstilla símann þinn í samræmi við SIM-kortið þitt. Veldu einn eftirfarandi notenda til að halda áfram."},{"$i":"select","$v":"Velja"},{"$i":"reminder","$v":"Minni næst"},{"$i":"never","$v":"Aldrei að minna á það aftur"},{"$i":"network-title","$v":"Tenging mistókst"},{"$i":"network-err","$v":"Netið er ekki tilbúið eða mistókst að tengjast netþjóninum."},{"$i":"connect","$v":"Tengjast"},{"$i":"success-tip","$v":"Síminn er grunnstilltur í samræmi við SIM-kort símafyrirtækisins. Ýttu á „Í lagi“ til að hætta."}]