[{"$i":"loading-prompt","$v":"Caricamento in corso..."},{"$i":"header-title","$v":"Personalizzazione"},{"$i":"simLabel","$v":["SIM ",{"t":"idOrVar","v":"id"}]},{"$i":"custom-prepare","$v":"Preparazione alla personalizzazione in corso..."},{"$i":"configuring","$v":"Personalizzazione in base alla SIM in corso. Non spegnere il dispositivo e non scollegare la rete."},{"$i":"no-profile","$v":"Nessun profilo"},{"$i":"sim-not-ready","$v":"La scheda SIM non è pronta, riprovare più tardi."},{"$i":"no-sim","$v":"Nessuna scheda SIM presente, inserirne una."},{"$i":"reboot","$v":"Riavviare il telefono per applicare le modifiche."},{"$i":"success","$v":"Personalizzazione completata."},{"$i":"custom-fail","$v":"Impossibile procedere con la personalizzazione adesso."},{"$i":"ok","$v":"OK"},{"$i":"restart","$v":"RIAVVIA"},{"$i":"custom-select","$v":"È possibile configurare il telefono in base alla scheda SIM. Selezionare uno dei profili seguenti per continuare."},{"$i":"select","$v":"SELEZIONA"},{"$i":"reminder","$v":"Ricorda la prossima volta"},{"$i":"never","$v":"Non ricordarlo più"},{"$i":"network-title","$v":"Connessione non riuscita"},{"$i":"network-err","$v":"Rete non pronta o impossibile connettersi al server."},{"$i":"connect","$v":"CONNETTI"},{"$i":"success-tip","$v":"Il telefono è configurato con la scheda SIM dell’operatore. Premere OK per uscire."}]