[{"$i":"loading-prompt","$v":"იტვირთება…"},{"$i":"header-title","$v":"პერსონალიზაცია"},{"$i":"simLabel","$v":["SIM",{"t":"idOrVar","v":"id"}]},{"$i":"custom-prepare","$v":"ემზადება პერსონალიზაციისთვის ..."},{"$i":"configuring","$v":"მიმდინარეობს მორგება SIM-ის საფუძველზე, არ გამორთოთ მოწყობილობა და არ გათიშოთ ქსელი."},{"$i":"no-profile","$v":"არა პროფილები"},{"$i":"sim-not-ready","$v":"Simcard არ არის წაკითხული, გთხოვთ, სცადოთ შემდეგ."},{"$i":"no-sim","$v":"არც ერთი SIMCARD არ იყო ჩასმული, ჩასვით."},{"$i":"reboot","$v":"ცვლილებების ასამოქმედებლად, გადატვირთეთ თქვენი ტელეფონი."},{"$i":"success","$v":"პერსონალიზაცია წარმატებულია"},{"$i":"custom-fail","$v":"ახლა პერსონალიზაცია ვერ მიმდინარეობს."},{"$i":"ok","$v":"OK"},{"$i":"restart","$v":"თავ. დაწყება"},{"$i":"custom-select","$v":"თქვენი ტელეფონის კონფიგურირება შესაძლებელია თქვენი SIM ბარათის საფუძველზე. გასაგრძელებლად აირჩიეთ ერთ-ერთი ქვემოთ მოცემული პროფილი."},{"$i":"select","$v":"არჩევა"},{"$i":"reminder","$v":"შეგახსენებთ შემდეგ ჯერზე"},{"$i":"never","$v":"აღარასდროს გახსენოთ"},{"$i":"network-title","$v":"დაკავშირება ვერ მოხერხდა"},{"$i":"network-err","$v":"ქსელი არ არის მზად ან ვერ შეძლო სერვერთან დაკავშირება."},{"$i":"connect","$v":"დაკავშირება"},{"$i":"success-tip","$v":"ტელეფონი კონფიგურირებულია თქვენი ოპერატორის SIM ბარათის შესაბამისად. დააჭირეთ OK-ს დასატოვებლად."}]