[{"$i":"loading-prompt","$v":"Жүктелуде…"},{"$i":"header-title","$v":"Реттеу"},{"$i":"simLabel","$v":["SIM ",{"t":"idOrVar","v":"id"}]},{"$i":"custom-prepare","$v":"Реттеуге дайындалуда ..."},{"$i":"configuring","$v":"SIM негізінде теңшеу орындалуда, құрылғыны өшірмеңіз немесе желіні ажыратпаңыз.       "},{"$i":"no-profile","$v":"Профильдер жоқ"},{"$i":"sim-not-ready","$v":"Simcard оқылмайды, кейінірек көріңіз."},{"$i":"no-sim","$v":"Ешқандай симкарт салынбаған, оны салыңыз."},{"$i":"reboot","$v":"Өзгерістерді қолдану үшін телефонды қайта іске қосыңыз."},{"$i":"success","$v":"Реттеу сәтті өтті"},{"$i":"custom-fail","$v":"Реттеу енді басталмайды."},{"$i":"ok","$v":"OK"},{"$i":"restart","$v":"Қайта бастау"},{"$i":"custom-select","$v":"Телефонды SIM картасы негізінде теңшеуге болады. Жалғастыру үшін келесі профильдердің біреуін таңдаңыз.          "},{"$i":"select","$v":"Таңдау"},{"$i":"reminder","$v":"Келесі жолы еске түсіріңіз"},{"$i":"never","$v":"Ешқашан еске түсірме"},{"$i":"network-title","$v":"Қосылу сәтсіз болды"},{"$i":"network-err","$v":"Желі дайын емес немесе серверге қосылу сәтсіз аяқталды."},{"$i":"connect","$v":"Қосу"},{"$i":"success-tip","$v":"Телефоныңыз операторыңыздың SIM картасына сай конфигурацияланған. Шығу үшін OK түймесін басыңыз."}]