[{"$i":"loading-prompt","$v":"កំពុង​ស្រង់..."},{"$i":"header-title","$v":"ការប្តូរតាមបំណង"},{"$i":"simLabel","$v":["ស៊ីម ",{"t":"idOrVar","v":"id"}]},{"$i":"custom-prepare","$v":"កំពុងរៀបចំសម្រាប់ការប្ដូរតាមបំណង ..."},{"$i":"configuring","$v":"ការប្តូរតាមស៊ីម​គឺកំពុងតែដំណើរការ សូមកុំបិទឧបករណ៍ ឬផ្តាច់បណ្តាញ។"},{"$i":"no-profile","$v":"គ្មានប្រវត្តិរូប"},{"$i":"sim-not-ready","$v":"ស៊ីមកាតមិនត្រូវបានអានសូមសាកល្បងនៅពេលក្រោយ។"},{"$i":"no-sim","$v":"មិនមានការបញ្ចូលស៊ីមកាតទេសូមបញ្ចូលវា។"},{"$i":"reboot","$v":"ចាប់ផ្ដើម​ទូរសព្ទ​អ្នក​ឡើង​វិញ​ដើម្បី​អនុវត្ត​ការផ្លាស់ប្ដូរ។"},{"$i":"success","$v":"ការប្តូរតាមបំណងបានជោគជ័យ"},{"$i":"custom-fail","$v":"ការប្តូរតាមបំណងមិនអាចដំណើរការឥឡូវនេះទេ។"},{"$i":"ok","$v":"យល់​ព្រម"},{"$i":"restart","$v":"ចាប់​ផ្ដើម​ឡើង​វិញ"},{"$i":"custom-select","$v":"ទូរសព្ទ​របស់​អ្នក​អាច​កំណត់​រចនា​សម្ព័ន្ធ​អាស្រ័យ​ទៅ​លើ កាត SIM​របស់ អ្នក ។ សូម​ជ្រើស​យក​ទម្រង់​ណា​មួយ​ខាង​ក្រោម ដើម្បីបន្ត។"},{"$i":"select","$v":"ជ្រើស"},{"$i":"reminder","$v":"រំលឹកពេលក្រោយ"},{"$i":"never","$v":"កុំរំលឹកម្តងទៀត"},{"$i":"network-title","$v":"ការភ្ជាប់​មិន​បាន​សម្រេច"},{"$i":"network-err","$v":"បណ្តាញមិនទាន់រួចរាល់ឬបរាជ័យក្នុងការភ្ជាប់ទៅម៉ាស៊ីនមេ។"},{"$i":"connect","$v":"ភ្ជាប់"},{"$i":"success-tip","$v":"ទូរសព្ទរបស់អ្នកបានកំណត់រចនាសម្ព័ន្ធតាមស៊ីមរបស់ក្រុមហ៊ុនសេវាទូរសព្ទ។ ចុចព្រមដើម្បីចាកចេញ។"}]