[{"$i":"loading-prompt","$v":"ກຳລັງໂຫຼດ…"},{"$i":"header-title","$v":"ການປັບແຕ່ງ"},{"$i":"simLabel","$v":["SIM ",{"t":"idOrVar","v":"id"}]},{"$i":"custom-prepare","$v":"ກຳ ລັງກະກຽມການປັບແຕ່ງ ..."},{"$i":"configuring","$v":"ກຳລັງດຳເນີນການປັບແຕ່ງຕາມຊິມຢູ່, ກະລຸນາຢ່າປິດອຸປະກອນ ຫຼື ຕັດການເຊື່ອມຕໍ່ເຄືອຂ່າຍ."},{"$i":"no-profile","$v":"ບໍ່ມີໂປຣໄຟລ໌"},{"$i":"sim-not-ready","$v":"ຊິມກາດບໍ່ໄດ້ອ່ານ, ກະລຸນາລອງ ໃໝ່ ພາຍຫຼັງ."},{"$i":"no-sim","$v":"ບໍ່ມີການໃສ່ຊິມກາດ, ກະລຸນາໃສ່ມັນ."},{"$i":"reboot","$v":"ປິດ ແລະ ເປີດໂທລະສັບຂອງທ່ານຄືນໃໝ່ ເພື່ອນຳໃຊ້ການປ່ຽນແປງ."},{"$i":"success","$v":"ການປັບແຕ່ງ ສຳ ເລັດ"},{"$i":"custom-fail","$v":"ການປັບແຕ່ງບໍ່ສາມາດ ດຳ ເນີນການໄດ້ໃນຕອນນີ້."},{"$i":"ok","$v":"ຕົກລົງ"},{"$i":"restart","$v":"ເປີດຄືນໃໝ່"},{"$i":"custom-select","$v":"ໂທລະສັບຂອງທ່ານສາມາດຖືກຕັ້ງຄ່າໂດຍອ້າງອີງ SIM ກາດຂອງທ່ານໄດ້. ກະລຸນາເລືອກໜຶ່ງໃນໂປຣໄຟລ໌ຕໍ່ໄປນີ້ເພື່ອດຳເນີນການຕໍ່."},{"$i":"select","$v":"ເລືອກ"},{"$i":"reminder","$v":"ແຈ້ງເຕືອນໃນຄັ້ງຕໍ່ໄປ"},{"$i":"never","$v":"ຢ່າເຕືອນອີກເທື່ອ ໜຶ່ງ"},{"$i":"network-title","$v":"ການເຊື່ອມຕໍ່ໄດ້ຫຼົ້ມເຫຼວແລ້ວ"},{"$i":"network-err","$v":"ເຄືອຂ່າຍບໍ່ພ້ອມຫລືລົ້ມເຫລວໃນການເຊື່ອມຕໍ່ກັບເຊີບເວີ."},{"$i":"connect","$v":"ເຊື່ອມຕໍ່"},{"$i":"success-tip","$v":"ໂທລະສັບຂອງທ່ານຖືກຕັ້ງຄ່າຕາມແຜ່ນຊິມຂອງຜູ້ໃຫ້ບໍລິການແລ້ວ. ກົດ ຕົກລົງ ເພື່ອອອກ."}]