[{"$i":"loading-prompt","$v":"Įkeliama…"},{"$i":"header-title","$v":"Pritaikymas"},{"$i":"simLabel","$v":["SIM ",{"t":"idOrVar","v":"id"}]},{"$i":"custom-prepare","$v":"Pasiruošimas pritaikymui ..."},{"$i":"configuring","$v":"Tinkinama pagal SIM kortelę, neišjunkite prietaiso ir neatsijunkite nuo tinklo."},{"$i":"no-profile","$v":"Nėra profilių"},{"$i":"sim-not-ready","$v":"Simcard neskaitytas, bandykite vėliau."},{"$i":"no-sim","$v":"Neįdėta simcard, prašau įdėkite."},{"$i":"reboot","$v":"Jei norite taikyti pakeitimus, iš naujo paleiskite telefoną."},{"$i":"success","$v":"Tinkinimas sėkmingai"},{"$i":"custom-fail","$v":"Tinkinimo negalima tęsti dabar."},{"$i":"ok","$v":"GERAI"},{"$i":"restart","$v":"Atkurti"},{"$i":"custom-select","$v":"Telefoną galima konfigūruoti pagal SIM kortelę. Norėdami tęsti, pasirinkite vieną iš šių profilių."},{"$i":"select","$v":"Rinktis"},{"$i":"reminder","$v":"Priminkite kitą kartą"},{"$i":"never","$v":"Niekada daugiau neprimeni"},{"$i":"network-title","$v":"Prisij. nepavyko"},{"$i":"network-err","$v":"Tinklas nėra paruoštas arba nepavyko prisijungti prie serverio."},{"$i":"connect","$v":"Prijun."},{"$i":"success-tip","$v":"Jūsų tel. sukonfig. pagal oper. SIM kort. Sp. „Gerai“, kad išeitumėte."}]