[{"$i":"loading-prompt","$v":"În curs de încărcare..."},{"$i":"header-title","$v":"Personalizare"},{"$i":"simLabel","$v":["SIM ",{"t":"idOrVar","v":"id"}]},{"$i":"custom-prepare","$v":"Pregătirea pentru personalizare ..."},{"$i":"configuring","$v":"Personalizarea pe baza cartelei SIM este în desfășurare, vă rugăm să nu opriți dispozitivul și să nu îl deconectați de la rețea."},{"$i":"no-profile","$v":"Fără profiluri"},{"$i":"sim-not-ready","$v":"Simcard nu este citit, vă rugăm să încercați mai târziu."},{"$i":"no-sim","$v":"Nu a fost introdusă nicio cartelă, vă rugăm să o introduceți."},{"$i":"reboot","$v":"Reporniți telefonul pentru a aplica modificările."},{"$i":"success","$v":"Personalizare reușită"},{"$i":"custom-fail","$v":"Personalizarea nu poate continua acum."},{"$i":"ok","$v":"OK"},{"$i":"restart","$v":"Repornire"},{"$i":"custom-select","$v":"Telefonul poate fi configurat pe baza cartelei SIM. Selectează unul din următoarele profiluri pentru a continua."},{"$i":"select","$v":"Selectare"},{"$i":"reminder","$v":"Amintiți-vă data viitoare"},{"$i":"never","$v":"Nu mai reaminti niciodată"},{"$i":"network-title","$v":"Conectare nereușită"},{"$i":"network-err","$v":"Rețeaua nu este gata sau nu a reușit să se conecteze la server."},{"$i":"connect","$v":"Conectare"},{"$i":"success-tip","$v":"Telefonul dvs. este configurat pe cartela SIM a operatorului dvs. Apăsați OK pentru a ieși."}]