[{"$i":"loading-prompt","$v":"Memuatkan..."},{"$i":"header-title","$v":"Penyesuaian"},{"$i":"simLabel","$v":["SIM ",{"t":"idOrVar","v":"id"}]},{"$i":"custom-prepare","$v":"Menyediakan untuk penyesuaian..."},{"$i":"configuring","$v":"Penyesuaian Berdasarkan SIM sedang berlangsung, sila jangan matikan peranti atau memutuskan rangkaian."},{"$i":"no-profile","$v":"Tiada Profil"},{"$i":"sim-not-ready","$v":"Kad Sim tidak dibaca, sila cuba kemudian."},{"$i":"no-sim","$v":"Tiada kad Sim dimasukkan, sila masukkan ia."},{"$i":"reboot","$v":"Mulakan semula telefon anda untuk menggunakan perubahan."},{"$i":"success","$v":"Penyesuaian Berjaya."},{"$i":"custom-fail","$v":"Penyesuaian tidak dapat diteruskan sekarang."},{"$i":"ok","$v":"OK"},{"$i":"restart","$v":"MULA SEMULA"},{"$i":"custom-select","$v":"Telefon anda boleh dikonfigurasi berdasarkan kad SIM anda. Pilih salah satu profil berikut untuk meneruskan."},{"$i":"select","$v":"PILIH"},{"$i":"reminder","$v":"Ingatkan lain kali"},{"$i":"never","$v":"Jangan ingatkan lagi"},{"$i":"network-title","$v":"Sambungan Gagal"},{"$i":"network-err","$v":"Rangkaian tidak bersedia atau gagal disambungkan ke pelayan."},{"$i":"connect","$v":"SAMBUNG"},{"$i":"success-tip","$v":"Telefon anda dikonfigurasi mengikut kad SIM pembekal perkhidmatan anda. Tekan OK untuk keluar."}]