[{"$i":"loading-prompt","$v":"लोड हुँदै…"},{"$i":"header-title","$v":"अनुकूलन"},{"$i":"simLabel","$v":["SIM ",{"t":"idOrVar","v":"id"}]},{"$i":"custom-prepare","$v":"अनुकूलनको लागि तयारी गर्दै ..."},{"$i":"configuring","$v":"सिम-आधारित अनुकूलन प्रगतिमा छ, कृपया उपरण बन्द नगर्नुहोस् वा सञ्जालको जडान विच्छेद नगर्नुहोस्।"},{"$i":"no-profile","$v":"कुनै प्रोफाइलहरू छैनन्"},{"$i":"sim-not-ready","$v":"सिमकार्ड पढिएको छैन, कृपया यसलाई पछि पुनःप्रयास गर्नुहोस्।"},{"$i":"no-sim","$v":"कुनै सिमकार्ड सम्मिलित गरिएको थिएन, कृपया त्यसलाई सम्मिलित गर्नुहोस्।"},{"$i":"reboot","$v":"परिवर्तनहरू लागू गर्नका लागि फोनलाई फेरि सुरु गर्नुहोस्।"},{"$i":"success","$v":"अनुकूलन सफल।"},{"$i":"custom-fail","$v":"अनुकूलन अहिले अगाडि बढ्न सक्दैन।"},{"$i":"ok","$v":"ठीक छ"},{"$i":"restart","$v":"पुन: सुरु गर्नुहोस्"},{"$i":"custom-select","$v":"तपाईको सिम कार्डको आधारमा तपाईंको फोनलाई कन्फिगर गर्न सकिन्छ। जारी राख्नको लागि निम्न मध्ये एक प्रोफाइल चयन गर्नुहोस्।"},{"$i":"select","$v":"छनौट गर्नुहोस्"},{"$i":"reminder","$v":"अर्को पटक सम्झाउनुहोस्"},{"$i":"never","$v":"फेरि कहिल्यै नसम्झाउनु"},{"$i":"network-title","$v":"जडान असफल"},{"$i":"network-err","$v":"नेटवर्क तैयार छैन वा सर्भरमा जडान गर्न असफल भयो।"},{"$i":"connect","$v":"जडान"},{"$i":"success-tip","$v":"तपाईँको फोन तपाईँको वाहकको सिम कार्ड अनुसार कन्फिगर गरिएको छ। छोड्नको लागि ठीक छ थिच्नुहोस्।"}]