[{"$i":"loading-prompt","$v":"Laden..."},{"$i":"header-title","$v":"Aanpassen"},{"$i":"simLabel","$v":["SIM ",{"t":"idOrVar","v":"id"}]},{"$i":"custom-prepare","$v":"Aanpassing aan het voorbereiden..."},{"$i":"configuring","$v":"SIM-gebaseerde aanpassing wordt uitgevoerd. Schakel het apparaat niet uit en verbreek de verbinding met het internet niet."},{"$i":"no-profile","$v":"Geen profielen"},{"$i":"sim-not-ready","$v":"SIM-kaart kan niet worden gelezen, probeer het later opnieuw."},{"$i":"no-sim","$v":"Er was geen SIM-kaart geplaatst, plaats deze."},{"$i":"reboot","$v":"Start de telefoon opnieuw op om de wijzigingen toe te passen."},{"$i":"success","$v":"Aanpassen voltooid."},{"$i":"custom-fail","$v":"Kan nu geen aanpassing uitvoeren."},{"$i":"ok","$v":"OK"},{"$i":"restart","$v":"OPNIEUW STARTEN"},{"$i":"custom-select","$v":"Uw telefoon kan op basis van uw SIM-kaart worden geconfigureerd. Selecteer een van de volgende profielen om door te gaan."},{"$i":"select","$v":"SELECTEREN"},{"$i":"reminder","$v":"Volgende keer herinneren"},{"$i":"never","$v":"Nooit meer herinneren"},{"$i":"network-title","$v":"Verbinden maken mislukt"},{"$i":"network-err","$v":"Het netwerk is niet gereed of kan geen verbinding maken met de server."},{"$i":"connect","$v":"VERBINDEN"},{"$i":"success-tip","$v":"Uw telefoon is geconfigureerd volgens de SIM-kaart van uw aanbieder. Druk op de toets OK om te verlaten."}]