[{"$i":"loading-prompt","$v":"Wczytywanie..."},{"$i":"header-title","$v":"Personalizacja"},{"$i":"simLabel","$v":["SIM ",{"t":"idOrVar","v":"id"}]},{"$i":"custom-prepare","$v":"Przygotowywanie do personalizacji..."},{"$i":"configuring","$v":"Personalizacja na podstawie karty SIM w toku, nie wyłączaj urządzenia i nie odłączaj sieci."},{"$i":"no-profile","$v":"Brak profili"},{"$i":"sim-not-ready","$v":"Karta SIM nie została odczytana, spróbuj później."},{"$i":"no-sim","$v":"Nie włożono karty SIM – włóż kartę."},{"$i":"reboot","$v":"Ponownie uruchom telefon, aby zastosować zmiany."},{"$i":"success","$v":"Personalizacja zakończona powodzeniem."},{"$i":"custom-fail","$v":"W tej chwili nie można przeprowadzić personalizacji."},{"$i":"ok","$v":"OK"},{"$i":"restart","$v":"ZRESTARTUJ"},{"$i":"custom-select","$v":"Telefon można skonfigurować w oparciu o kartę SIM. Wybierz jeden z następujących profili, aby kontynuować."},{"$i":"select","$v":"WYBIERZ"},{"$i":"reminder","$v":"Przypomnij następnym razem"},{"$i":"never","$v":"Nie przypominaj więcej"},{"$i":"network-title","$v":"Połączenie nie powiodło się"},{"$i":"network-err","$v":"Sieć nie jest gotowa lub połączenie z serwerem nie powiodło się."},{"$i":"connect","$v":"POŁĄCZ"},{"$i":"success-tip","$v":"Telefon jest skonfigurowany zgodnie z ustawieniami operatora karty SIM. Naciśnij OK, aby wyjść."}]