[{"$i":"loading-prompt","$v":"لوډ کیږي..."},{"$i":"header-title","$v":"دودول"},{"$i":"simLabel","$v":["سیم ",{"t":"idOrVar","v":"id"}]},{"$i":"custom-prepare","$v":"اصلاح لپاره تیاری ..."},{"$i":"configuring","$v":"د SIM پراساس تخصیص د پرمختګ په حال کې دی ، مهرباني وکړئ وسیله بنده نکړئ یا شبکه اخته کړئ."},{"$i":"no-profile","$v":"پروفایلونه نشته"},{"$i":"sim-not-ready","$v":"سیمکارډ نه لوستل کیږي ، مهرباني وکړئ وروسته یې هڅه وکړئ."},{"$i":"no-sim","$v":"هیڅ سیمکارډ ندی داخل شوی ، مهرباني وکړئ دننه یې کړئ."},{"$i":"reboot","$v":"د بدلونونو د اجرا کولو لپاره خپل ټلیفون بیا روښانه کړئ."},{"$i":"success","$v":"دودیزول بریالي دي"},{"$i":"custom-fail","$v":"دودیزول اوس پرمختګ نشي کولی."},{"$i":"ok","$v":"اوکی"},{"$i":"restart","$v":"له سره پيل کول"},{"$i":"custom-select","$v":"ستاسي فون د ستاسي SIM کارټ پر اساس ترتیب کیدی شي. جاري ساتلو لپاره د لاندینو څخه یو پروفایل غوره کړی."},{"$i":"select","$v":"انتخاب کړئ"},{"$i":"reminder","$v":"بل وخت یادول"},{"$i":"never","$v":"هیڅکله بیا یادونه مه کوئ"},{"$i":"network-title","$v":"اتصال ناکام شو"},{"$i":"network-err","$v":"شبکه چمتو نه ده یا د پالنګر سره پیوستولو کې پاتې راغله."},{"$i":"connect","$v":"وصلول"},{"$i":"success-tip","$v":"ستاسو فون ستاسو د کیریر SIM کارډ سره سم تنظیم شوی. د پرېښودلو لپاره هوکی کلیک وکړئ."}]