[{"$i":"loading-prompt","$v":"Carregando..."},{"$i":"header-title","$v":"Personalização"},{"$i":"simLabel","$v":["SIM ",{"t":"idOrVar","v":"id"}]},{"$i":"custom-prepare","$v":"Em preparação para a personalização..."},{"$i":"configuring","$v":"A personalização baseada em SIM está em andamento; não desligue o dispositivo nem se desconecte da rede."},{"$i":"no-profile","$v":"Nenhum perfil"},{"$i":"sim-not-ready","$v":"Não é possível ler o cartão SIM. Tente mais tarde."},{"$i":"no-sim","$v":"Nenhum cartão SIM inserido. Insira-o."},{"$i":"reboot","$v":"Reinicie seu telefone para aplicar as alterações."},{"$i":"success","$v":"Personalização bem-sucedida."},{"$i":"custom-fail","$v":"A personalização não pode ser feita agora."},{"$i":"ok","$v":"OK"},{"$i":"restart","$v":"REINICIAR"},{"$i":"custom-select","$v":"Seu telefone pode ser configurado com base em seu SIM. Selecione um dos seguintes perfis para continuar."},{"$i":"select","$v":"SELECIONAR"},{"$i":"reminder","$v":"Lembrar na próxima vez"},{"$i":"never","$v":"Não lembrar novamente"},{"$i":"network-title","$v":"Falha na conexão"},{"$i":"network-err","$v":"A rede não está pronta ou não foi possível conectar com o servidor."},{"$i":"connect","$v":"CONECTAR"},{"$i":"success-tip","$v":"O telefone está configurado de acordo com o cartão SIM de sua operadora. Pressione OK para sair."}]