[{"$i":"loading-prompt","$v":"Загрузка..."},{"$i":"header-title","$v":"Настройка"},{"$i":"simLabel","$v":["SIM ",{"t":"idOrVar","v":"id"}]},{"$i":"custom-prepare","$v":"Подготовка к настройке…"},{"$i":"configuring","$v":"Выполняется настройка на основе SIM-карты, не выключайте устройство и не отключайте сеть."},{"$i":"no-profile","$v":"Нет Профилей"},{"$i":"sim-not-ready","$v":"SIM-карта не читается, попробуйте позже."},{"$i":"no-sim","$v":"SIM-карта не установлена. Пожалуйста, установите SIM-карту."},{"$i":"reboot","$v":"Перезагрузите телефон, чтобы применить изменения."},{"$i":"success","$v":"Настройка прошла успешно."},{"$i":"custom-fail","$v":"Настройка не может быть продолжена."},{"$i":"ok","$v":"OK"},{"$i":"restart","$v":"ПЕРЕЗАГРУЗИТЬ"},{"$i":"custom-select","$v":"Ваш телефон может быть настроен на основе вашей SIM-карты. Выберите один из следующих профилей, чтобы продолжить."},{"$i":"select","$v":"ВЫБРАТЬ"},{"$i":"reminder","$v":"Напомнить в следующий раз"},{"$i":"never","$v":"Больше не напоминать"},{"$i":"network-title","$v":"Ошибка подключения"},{"$i":"network-err","$v":"Сеть не готова или не удалось подключиться к серверу."},{"$i":"connect","$v":"ПОДКЛЮЧИТЬ"},{"$i":"success-tip","$v":"Ваш телефон настроен в соответствии с SIM-картой вашего оператора. Нажмите OK, чтобы выйти."}]