[{"$i":"loading-prompt","$v":"Nalaganje ..."},{"$i":"header-title","$v":"Prilagoditev"},{"$i":"simLabel","$v":["SIM ",{"t":"idOrVar","v":"id"}]},{"$i":"custom-prepare","$v":"Priprava na prilagoditev ..."},{"$i":"configuring","$v":"Poteka prilagajanje na podlagi kartice SIM. Ne izklapljajte naprave ali prekinjajte povezave omrežja."},{"$i":"no-profile","$v":"Ni profilov"},{"$i":"sim-not-ready","$v":"Simcard se ne bere, poskusite pozneje."},{"$i":"no-sim","$v":"Vstavljena ni bila nobena simcard."},{"$i":"reboot","$v":"Znova zaženite telefon, da uveljavite spremembe."},{"$i":"success","$v":"Prilagoditev je bila uspešna"},{"$i":"custom-fail","$v":"Prilagajanje zdaj ne more nadaljevati."},{"$i":"ok","$v":"V redu"},{"$i":"restart","$v":"Znova zaženi"},{"$i":"custom-select","$v":"Vaš telefon je mogoče konfigurirati na podlagi vaše kartice SIM. Za nadaljevanje izberite enega od teh profilov."},{"$i":"select","$v":"Izberi"},{"$i":"reminder","$v":"Opomni naslednjič"},{"$i":"never","$v":"Nikoli več ne opomni"},{"$i":"network-title","$v":"Povezava ni uspela"},{"$i":"network-err","$v":"Omrežje ni pripravljeno ali se ni uspelo povezati s strežnikom."},{"$i":"connect","$v":"Poveži"},{"$i":"success-tip","$v":"Telefon je konfiguriran glede na kartico SIM vašega ponudnika. Za izhod pritisnite »OK«."}]