[{"$i":"loading-prompt","$v":"Po ngarkohet..."},{"$i":"header-title","$v":"Përshtatje"},{"$i":"simLabel","$v":["SIM ",{"t":"idOrVar","v":"id"}]},{"$i":"custom-prepare","$v":"Përgatitja për personalizim ..."},{"$i":"configuring","$v":"Po kryhet personalizimi sipas SIM. Mos e fik pajisjen apo mos e shkëput rrjetin."},{"$i":"no-profile","$v":"Nuk ka profile"},{"$i":"sim-not-ready","$v":"Simcard nuk lexohet, ju lutemi provoni më vonë."},{"$i":"no-sim","$v":"Asnjë kartolinë nuk u fut, ju lutemi vendosni."},{"$i":"reboot","$v":"Rindiz telefonin për të zbatuar ndryshimet. "},{"$i":"success","$v":"Përshtatje e suksesshme"},{"$i":"custom-fail","$v":"Personalizimi nuk mund të vazhdojë tani."},{"$i":"ok","$v":"OK"},{"$i":"restart","$v":"Rifillo"},{"$i":"custom-select","$v":"Telefoni yt mund të konfigurohet në bazë të kartës sate SIM. Zgjidh një nga profilet e mëposhtme për të vazhduar."},{"$i":"select","$v":"Zgjidh"},{"$i":"reminder","$v":"Kujtoj herën tjetër"},{"$i":"never","$v":"Asnjëherë mos kujto përsëri"},{"$i":"network-title","$v":"Nuk u lidh dot"},{"$i":"network-err","$v":"Rrjeti nuk është i gatshëm ose nuk arriti të lidhet me serverin."},{"$i":"connect","$v":"Lidhu"},{"$i":"success-tip","$v":"Telefoni yt është konfiguruar sipas kartës SIM të operatorit tënd. Shtyp OK për t'u larguar."}]