[{"$i":"loading-prompt","$v":"Učitavanje…"},{"$i":"header-title","$v":"Подешавање"},{"$i":"simLabel","$v":["SIM ",{"t":"idOrVar","v":"id"}]},{"$i":"custom-prepare","$v":"Припрема за прилагођавање ..."},{"$i":"configuring","$v":"U toku je prilagođavanje zasnovano na SIM kartici, ne isključujte uređaj ili ne prekidajte vezu s mrežom."},{"$i":"no-profile","$v":"Нема профила"},{"$i":"sim-not-ready","$v":"Симцард се не чита, покушајте касније."},{"$i":"no-sim","$v":"Није убачена ниједна симцард картица, молим вас."},{"$i":"reboot","$v":"Ponovo pokrenite telefon da biste primenili promene."},{"$i":"success","$v":"Прилагодба је успешна"},{"$i":"custom-fail","$v":"Прилагодба се не може наставити."},{"$i":"ok","$v":"OK"},{"$i":"restart","$v":"Ponovo pokreni"},{"$i":"custom-select","$v":"Vaš telefon može da se konfiguriše na osnovu SIM kartice. Izaberite neki od sledećih profila da biste nastavili."},{"$i":"select","$v":"Odaberi"},{"$i":"reminder","$v":"Подсетите следећи пут"},{"$i":"never","$v":"Никад више не подсећајте"},{"$i":"network-title","$v":"Povezivanje nije uspelo"},{"$i":"network-err","$v":"Мрежа није спремна или није успела да се повеже на сервер."},{"$i":"connect","$v":"Poveži se"},{"$i":"success-tip","$v":"Vaš telefon je podešen u skladu sa SIM karticom operatera. Pritisnite OK za izlazak."}]