[{"$i":"loading-prompt","$v":"Laddar..."},{"$i":"header-title","$v":"anpassning"},{"$i":"simLabel","$v":["SIM ",{"t":"idOrVar","v":"id"}]},{"$i":"custom-prepare","$v":"Förbereder för anpassning ..."},{"$i":"configuring","$v":"SIM-baserad anpassning pågår. Stäng inte av enheten eller koppla från nätverket."},{"$i":"no-profile","$v":"Inga profiler"},{"$i":"sim-not-ready","$v":"Simkortet läses inte, försök det senare."},{"$i":"no-sim","$v":"Inget simkort sattes in, vänligen sätt in det."},{"$i":"reboot","$v":"Starta om telefonen för att tillämpa ändringarna."},{"$i":"success","$v":"Anpassning framgångsrik"},{"$i":"custom-fail","$v":"Anpassningen kan inte fortsätta nu."},{"$i":"ok","$v":"OK"},{"$i":"restart","$v":"Starta om"},{"$i":"custom-select","$v":"Din telefon kan konfigureras utifrån ditt SIM-kort. Välj en av följande profiler för att fortsätta."},{"$i":"select","$v":"Markera"},{"$i":"reminder","$v":"Påminn nästa gång"},{"$i":"never","$v":"Påminn aldrig igen"},{"$i":"network-title","$v":"Anslutningen misslyckades"},{"$i":"network-err","$v":"Nätverket är inte redo eller misslyckades med att ansluta till servern."},{"$i":"connect","$v":"Anslut"},{"$i":"success-tip","$v":"Din telefon konfigureras enligt din operatörs SIM-kort. Tryck OK för att lämna."}]