[{"$i":"loading-prompt","$v":"லோடிங்..."},{"$i":"header-title","$v":"தனிப்பயனாக்கல்"},{"$i":"simLabel","$v":["சிம் ",{"t":"idOrVar","v":"id"}]},{"$i":"custom-prepare","$v":"தனிப்பயனாக்கலுக்கு தயாராகிறது..."},{"$i":"configuring","$v":"சிம் அடிப்படையிலான தனிப்பயனாக்கம் செயலில் உள்ளது, தயவுசெய்து சாதனத்தை ஆஃப் செய்ய வேண்டாம் அல்லது நெட்வொர்க்கை துண்டிக்க வேண்டாம்."},{"$i":"no-profile","$v":"சுயவிவரங்கள் இல்லை"},{"$i":"sim-not-ready","$v":"சிம்கார்டு படிக்கப்படவில்லை, தயவுசெய்து பின்னர் முயற்சிக்கவும்."},{"$i":"no-sim","$v":"சிம்கார்டு எதுவும் செருகப்படவில்லை, தயவுசெய்து அதை செருகவும்."},{"$i":"reboot","$v":"மாற்றங்களைப் பயன்படுத்த, உங்கள் தொலைபேசியை மறுதொடக்கம் செய்யவும்."},{"$i":"success","$v":"தனிப்பயனாக்கல் வெற்றிகரமானது."},{"$i":"custom-fail","$v":"தனிப்பயனாக்கலை இப்போது தொடர முடியாது."},{"$i":"ok","$v":"சரி"},{"$i":"restart","$v":"ரீஸ்டார்ட் செய்யவும்"},{"$i":"custom-select","$v":"உங்கள் சிம் கார்டு அடிப்படையில் உங்கள் தொலைபேசியை கட்டமைக்க முடியும். தொடர்வதற்கு பின்வரும் சுயவிவரங்களில் ஒன்றை தேர்ந்தெடுக்கவும்."},{"$i":"select","$v":"தேர்ந்தெடுக்கவும்"},{"$i":"reminder","$v":"அடுத்த முறை நினைவூட்டவும்"},{"$i":"never","$v":"மீண்டும் நினைவூட்ட வேண்டாம்"},{"$i":"network-title","$v":"இணைப்பு தோல்வியுற்றது"},{"$i":"network-err","$v":"நெட்வொர்க் தயாராக இல்லை அல்லது சர்வருடன் இணைக்க முடியவில்லை."},{"$i":"connect","$v":"இணைக்கவும்"},{"$i":"success-tip","$v":"உங்கள் கேரியரின் சிம் கார்டுக்கு உங்கள் போன் கான்ஃபிகுர் செய்யப்பட்டுள்ளது. வெளியேற சரி என்பதை அழுத்தவும்."}]