[{"$i":"loading-prompt","$v":"กำลังโหลด..."},{"$i":"header-title","$v":"การกำหนดค่าด้วยตนเอง"},{"$i":"simLabel","$v":["ซิม ",{"t":"idOrVar","v":"id"}]},{"$i":"custom-prepare","$v":"กำลังจัดเตรียมการกำหนดด้วยตนเอง..."},{"$i":"configuring","$v":"กำลังทำการปรับแต่งตาม SIM อย่าปิดอุปกรณ์หรือตัดการเชื่อมต่อเครือข่าย"},{"$i":"no-profile","$v":"ไม่มีโปรไฟล์"},{"$i":"sim-not-ready","$v":"ไม่มีการอ่านซิมการ์ด โปรดลองใหม่ภายหลัง"},{"$i":"no-sim","$v":"ไม่ได้ใส่ซิมการ์ด โปรดใส่ซิมการ์ด"},{"$i":"reboot","$v":"เริ่มต้นโทรศัพท์ของคุณใหม่เพื่อใช้การเปลี่ยนแปลง"},{"$i":"success","$v":"การกำหนดด้วยตนเองเสร็จเรียบร้อย"},{"$i":"custom-fail","$v":"การกำหนดด้วยตนเองไม่สามารถดำเนินการได้ในขณะนี้"},{"$i":"ok","$v":"ตกลง"},{"$i":"restart","$v":"เริ่มต้นใหม่"},{"$i":"custom-select","$v":"สามารถกำหนดค่าโทรศัพท์ของคุณได้ตามซิมการ์ด เลือกหนึ่งในโปรไฟล์ต่อไปนี้เพื่อดำเนินการต่อ"},{"$i":"select","$v":"เลือก"},{"$i":"reminder","$v":"แจ้งเตือนครั้งต่อไป"},{"$i":"never","$v":"ไม่ต้องแจ้งเตือนอีก"},{"$i":"network-title","$v":"การเชื่อมต่อล้มเหลว"},{"$i":"network-err","$v":"เครือข่ายไม่พร้อมหรือไม่สามารถเชื่อมต่อกับเซิร์ฟเวอร์"},{"$i":"connect","$v":"เชื่อมต่อ"},{"$i":"success-tip","$v":"โทรศัพท์ของคุณถูกกำหนดค่าตามการ์ด SIM ของผู้ให้บริการของคุณ กด ตกลง เพื่อออก"}]