[{"$i":"loading-prompt","$v":"Yükleniyor..."},{"$i":"header-title","$v":"Özelleştirme"},{"$i":"simLabel","$v":["SIM ",{"t":"idOrVar","v":"id"}]},{"$i":"custom-prepare","$v":"Kişiselleştirme için hazırlanıyor..."},{"$i":"configuring","$v":"SIM tabanlı özelleştirme sürüyor. Lütfen cihazınızı kapatmayın veya internet bağlantısını kesmeyin."},{"$i":"no-profile","$v":"Profil yok"},{"$i":"sim-not-ready","$v":"Sim kart okunmadı, lütfen daha sonra yeniden deneyin."},{"$i":"no-sim","$v":"Sim kart takılmadı, lütfen sim kart takın."},{"$i":"reboot","$v":"Değişiklikleri uygulamak için telefonunuzu yeniden başlatın."},{"$i":"success","$v":"Kişiselleştirme Başarılı."},{"$i":"custom-fail","$v":"Kişiselleştirme şimdi devam edemez."},{"$i":"ok","$v":"Tamam"},{"$i":"restart","$v":"YENİDEN BAŞLAT"},{"$i":"custom-select","$v":"Telefonunuz SIM kartınıza göre yapılandırılabilir. Devam etmek için aşağıdaki profillerden birini seçin."},{"$i":"select","$v":"SEÇ"},{"$i":"reminder","$v":"Bir dahaki sefere hatırlat"},{"$i":"never","$v":"Asla tekrar hatırlatma"},{"$i":"network-title","$v":"Bağlantı Başarısız Oldu"},{"$i":"network-err","$v":"Ağ hazır değil veya sunucuya bağlanamadı."},{"$i":"connect","$v":"BAĞLAN"},{"$i":"success-tip","$v":"Telefonunuz, operatörünüzün SIM kartına göre yapılandırıldı. Çıkmak için TAMAM’a tıklayın."}]