[{"$i":"loading-prompt","$v":"Завантаження…"},{"$i":"header-title","$v":"Настроювання"},{"$i":"simLabel","$v":["SIM ",{"t":"idOrVar","v":"id"}]},{"$i":"custom-prepare","$v":"Підготовка до налаштування ..."},{"$i":"configuring","$v":"Триває налаштування на основі SIM-картки, не вимикайте пристрій і не від’єднуйте його від мережі."},{"$i":"no-profile","$v":"Немає профілів"},{"$i":"sim-not-ready","$v":"Simcard не читається. Спробуйте пізніше."},{"$i":"no-sim","$v":"Символьна картка не вставлена. Вставте її."},{"$i":"reboot","$v":"Перезапустіть телефон, щоб застосувати зміни."},{"$i":"success","$v":"Налаштування вдало"},{"$i":"custom-fail","$v":"Настроювання зараз не може продовжуватися."},{"$i":"ok","$v":"OK"},{"$i":"restart","$v":"Перезапустити"},{"$i":"custom-select","$v":"Ваш телефон можна налаштувати на основі вашої SIM-картки. Щоб продовжити, виберіть один із профілів нижче."},{"$i":"select","$v":"Вибрати"},{"$i":"reminder","$v":"Нагадайте наступного разу"},{"$i":"never","$v":"Ніколи більше не нагадуйте"},{"$i":"network-title","$v":"Помилка з’єднання"},{"$i":"network-err","$v":"Мережа не готова або не вдалося підключитися до сервера."},{"$i":"connect","$v":"З’єднати"},{"$i":"success-tip","$v":"Телефон настроєно відповідно до SIM-картки оператора. Натисніть OK, щоб вийти."}]