[{"$i":"loading-prompt","$v":"لوڈ ہو رہا ہے..."},{"$i":"header-title","$v":"کسٹمائزیشن"},{"$i":"simLabel","$v":["سم ",{"t":"idOrVar","v":"id"}]},{"$i":"custom-prepare","$v":"کسٹمائزیشن کی تیاری کر رہا ہے…"},{"$i":"configuring","$v":"سم پر مبنی کسٹمائزیشن جاری ہے، براہ کرم آلہ_x000D__x000D_"},{"$i":"no-profile","$v":"کوئی پروفائلز نہیں"},{"$i":"sim-not-ready","$v":"سم کارڈ نہیں پڑھا گیا، براہ کرم بعد میں اسے آزمائیں۔"},{"$i":"no-sim","$v":"کوئی سم کارڈ نہیں ڈالا گیا، براہ کرم اسے ڈالیں۔"},{"$i":"reboot","$v":"تبدیلیاں لاگو کرنے کے لئے اپنا فون دوبارہ شروع کریں۔"},{"$i":"success","$v":"کسٹمائزیشن کامیاب۔"},{"$i":"custom-fail","$v":"کسٹمائزیشن اب آگے نہیں بڑھ سکتی۔"},{"$i":"ok","$v":"ٹھیک ہے"},{"$i":"restart","$v":"دوبارہ شروع کریں"},{"$i":"custom-select","$v":"آپ کے فون کی کنفگریشن آپ کے سم کارڈ کی بنیاد پر کی جا سکتی ہے۔ جاری رکھنے کے لئے درج ذیل پروفائلز میں سے ایک کو منتخب کریں۔"},{"$i":"select","$v":"منتخب کریں"},{"$i":"reminder","$v":"اگلی بار یاد دلائیں"},{"$i":"never","$v":"پھر کبھی یاد نہ دلائیں"},{"$i":"network-title","$v":"کنکشن ناکام"},{"$i":"network-err","$v":"نیٹ ورک تیار نہیں ہے یا سرور سے رابطہ قائم کرنے میں ناکام ہے۔"},{"$i":"connect","$v":"کنیکٹ کریں"},{"$i":"success-tip","$v":"آپکا فون کیریئر سم کارڈ کے مطابق کانفیگرڈ ہے۔_x000D_"}]