[{"$i":"loading-prompt","$v":"Юкланмоқда..."},{"$i":"header-title","$v":"Shaxsiylashtirish"},{"$i":"simLabel","$v":["SIM ",{"t":"idOrVar","v":"id"}]},{"$i":"custom-prepare","$v":"Moslashtirishga tayyorgarlik ..."},{"$i":"configuring","$v":"SIM асосидаги созлаш амалга оширилмоқда, қурилмани ўчирманг ёки тармоқдан узманг."},{"$i":"no-profile","$v":"Profil yo'q"},{"$i":"sim-not-ready","$v":"Simcard o'qilmaydi, iltimos keyinroq urinib ko'ring."},{"$i":"no-sim","$v":"Hech qanday simkart o'rnatilmagan, iltimos, uni joylashtiring."},{"$i":"reboot","$v":"Ўзгаришларни татбиқ этиш учун телефонингизни қайта ишга туширинг."},{"$i":"success","$v":"Moslashtirish muvaffaqiyatli amalga oshirildi"},{"$i":"custom-fail","$v":"Moslashtirishni davom ettirib bo‘lmaydi."},{"$i":"ok","$v":"OK"},{"$i":"restart","$v":"Қайтадан"},{"$i":"custom-select","$v":"Телефонингиз SIM картангиз асосида созланиши мумкин. Давом этиш учун қуйидаги профиллардан бирини танланг."},{"$i":"select","$v":"Танлаш"},{"$i":"reminder","$v":"Keyingi safar eslatish"},{"$i":"never","$v":"Boshqa hech qachon eslatma"},{"$i":"network-title","$v":"Уланмади"},{"$i":"network-err","$v":"Tarmoq tayyor emas yoki serverga ulana olmadi."},{"$i":"connect","$v":"Уланиш"},{"$i":"success-tip","$v":"Телефонингиз алоқа операторингиз SIM картасига созланган. Чиқиш учун OK тугмасини босинг."}]