[{"$i":"loading-prompt","$v":"Đang tải..."},{"$i":"header-title","$v":"Tùy chỉnh"},{"$i":"simLabel","$v":["SIM ",{"t":"idOrVar","v":"id"}]},{"$i":"custom-prepare","$v":"Chuẩn bị tùy chỉnh..."},{"$i":"configuring","$v":"Đang tiến hành tùy chỉnh Dựa trên SIM, vui lòng không tắt thiết bị hoặc ngắt kết nối mạng."},{"$i":"no-profile","$v":"Không có Hồ sơ"},{"$i":"sim-not-ready","$v":"Không đọc được thẻ sim, vui lòng thử lại sau."},{"$i":"no-sim","$v":"Không có thẻ sim, vui lòng đưa vào thẻ sim."},{"$i":"reboot","$v":"Khởi động lại điện thoại của bạn để áp dụng các thay đổi."},{"$i":"success","$v":"Tùy chỉnh Thành công."},{"$i":"custom-fail","$v":"Không thể tiến hành tùy chỉnh ngay bây giờ."},{"$i":"ok","$v":"OK"},{"$i":"restart","$v":"KHỞI ĐỘNG LẠI"},{"$i":"custom-select","$v":"Điện thoại của bạn có thể được cấu hình dựa trên thẻ SIM của bạn. Chọn một trong các hồ sơ sau để tiếp tục."},{"$i":"select","$v":"CHỌN"},{"$i":"reminder","$v":"Nhắc lại lần sau"},{"$i":"never","$v":"Không bao giờ nhắc lại"},{"$i":"network-title","$v":"Kết nối Thất bại"},{"$i":"network-err","$v":"Mạng chưa sẵn sàng hoặc không thể kết nối với máy chủ."},{"$i":"connect","$v":"KẾT NỐI"},{"$i":"success-tip","$v":"Điện thoại của bạn được định cấu hình theo thẻ SIM của nhà cung cấp dịch vụ. Nhấn OK để thoát."}]