[{"$i":"loading-prompt","$v":"Iyalayisha..."},{"$i":"header-title","$v":"Ukulungisa ngendlela oyithandayo"},{"$i":"simLabel","$v":["i-SIM ",{"t":"idOrVar","v":"id"}]},{"$i":"custom-prepare","$v":"Ilungiselela ukutshintsha..."},{"$i":"configuring","$v":"Ukuseta Okwenziwa kwi-SIM kuyaqhubeka, nceda ungasicimi isixhobo okanye uyeke ukuqhagamshelana kwinethiwekhi."},{"$i":"no-profile","$v":"Akukho profayile."},{"$i":"sim-not-ready","$v":"I-Simcard ayifundwanga, nceda uphinde uzame ngelinye ixesha."},{"$i":"no-sim","$v":"Akukho simcard efakiweyo, nceda uyifake."},{"$i":"reboot","$v":"Cima uphinde ulayite ifowuni yakho ukuze utshintsho lwakho lusebenze."},{"$i":"success","$v":"Ukutshintsha Kuphumelele."},{"$i":"custom-fail","$v":"Ukutshintsha akunakuqhubeka ngoku."},{"$i":"ok","$v":"Kulungile"},{"$i":"restart","$v":"QALELA"},{"$i":"custom-select","$v":"Ifowuni yakho ingamiselwa ngokusekelwe kwikhadi lakho le-SIM. Khetha enye yezi profayile zilandelayo ukuze uqhubeke."},{"$i":"select","$v":"KHETHA"},{"$i":"reminder","$v":"Ndikhumbuze kwixesha elilandelayo"},{"$i":"never","$v":"Ungaphinde ukhumbuze kwakhona."},{"$i":"network-title","$v":"Ukuqhagamshela Akuphumelelanga"},{"$i":"network-err","$v":"Inetwekhi ayikalungi okanye isilele ukuqhagamshela kwiseva."},{"$i":"connect","$v":"QHAGAMSHELA"},{"$i":"success-tip","$v":"Ifowuni yakho isetwe ngokuhambelana ne-SIM khadi yomboneleli nkonzo wakho. Cofa  KULUNGILE ukuphuma"}]