[{"$i":"loading-prompt","$v":"正在加载..."},{"$i":"header-title","$v":"自定义"},{"$i":"simLabel","$v":["SIM ",{"t":"idOrVar","v":"id"}]},{"$i":"custom-prepare","$v":"准备定制…"},{"$i":"configuring","$v":"基于 SIM 卡的定制正在进行中，请不要关闭手机或断开网络连接。"},{"$i":"no-profile","$v":"配置文件为空"},{"$i":"sim-not-ready","$v":"未成功读取SIM卡。请稍后重试。"},{"$i":"no-sim","$v":"未安装SIM卡。请安装。"},{"$i":"reboot","$v":"重新启动手机以应用更改。"},{"$i":"success","$v":"定制成功。"},{"$i":"custom-fail","$v":"无法运行定制。"},{"$i":"ok","$v":"确定"},{"$i":"restart","$v":"重启"},{"$i":"custom-select","$v":"您可以基于您的SIM卡对手机进行配置。从如下配置文件中选择一个并继续："},{"$i":"select","$v":"选择"},{"$i":"reminder","$v":"下次提醒"},{"$i":"never","$v":"不再提示"},{"$i":"network-title","$v":"连接失败"},{"$i":"network-err","$v":"网络未就绪或无法连接至服务器。"},{"$i":"connect","$v":"连接"},{"$i":"success-tip","$v":"您的手机基于您的 SIM 卡进行配置。按“确定”离开。"}]