[{"$i":"loading-prompt","$v":"正在載入..."},{"$i":"header-title","$v":"客制化"},{"$i":"simLabel","$v":["SIM卡",{"t":"idOrVar","v":"id"}]},{"$i":"custom-prepare","$v":"準備進行定制..."},{"$i":"configuring","$v":"正在進行以SIM卡為主的喜好設定，請不要關閉裝置或中斷網絡。"},{"$i":"no-profile","$v":"沒有個人資料"},{"$i":"sim-not-ready","$v":"無法讀取Simcard，請稍後再試。"},{"$i":"no-sim","$v":"沒有插入SIM卡，請插入。"},{"$i":"reboot","$v":"重新啟動手機以套用變更。"},{"$i":"success","$v":"定製成功"},{"$i":"custom-fail","$v":"現在無法進行自定義。"},{"$i":"ok","$v":"確定"},{"$i":"restart","$v":"重新啟動"},{"$i":"custom-select","$v":"您的手機可以根據您的SIM卡配置。請選取下列其中一個操作模式再繼續。"},{"$i":"select","$v":"選取"},{"$i":"reminder","$v":"下次提醒"},{"$i":"never","$v":"再也不會提醒"},{"$i":"network-title","$v":"連接失敗"},{"$i":"network-err","$v":"網絡未就緒或無法連接到服務器。"},{"$i":"connect","$v":"連接"},{"$i":"success-tip","$v":"您的手機已根據網絡商的SIM卡設定。請按「確定」來離開。"}]