[{"$i":"setup-app-name-header","$v":"Pos"},{"$i":"setup-empty-account-message","$v":"Jy is nie opgestel om e-pos te stuur of te ontvang nie. Stel ‘n rekening op om die aksie te voltooi."},{"$i":"setup-pick-service","$v":"Om e-pos te stuur en te ontvang moet jy ‘n rekening opstel."},{"$i":"setup-account-header3","$v":"Teken in op rekening"},{"$i":"setup-account-password","$v":"Wagwoord"},{"$i":"setup-info-next","$v":"Volgende"},{"$i":"setup-progress-wait-msg","$v":"Om die rekening op te stel"},{"$i":"setup-sync-progress-wait-msg","$v":"Sinchroniseer tans rekening"},{"$i":"setup-completed-header","$v":"Veels geluk!"},{"$i":"setup-completed-label","$v":"Alles klaar!"},{"$i":"setup-add-another-account","$v":"Voeg nog ‘n rekening by"},{"$i":"setup-show-mail","$v":"Gaan voort na Pos"},{"$i":"setup-done-add","$v":"Voeg rekening by"},{"$i":"setup-error-offline","$v":"Geen internetverbinding nie."},{"$i":"setup-error-bad-user-or-pass2","$v":"E-posadres of wagwoord verkeerd."},{"$i":"setup-error-bad-address","$v":"E-posadres verkeerd."},{"$i":"setup-error-not-authorized","$v":"Nie gemagtig om rekening te skep nie."},{"$i":"setup-error-pop-server-not-great","$v":"POP3-bediener ondersteun nie vereiste kenmerke nie."},{"$i":"setup-error-unknown2","$v":"‘n Onbekende fout het voorgekom. Hersien netwerkverbinding of probeer handleidingkonfigurasie opsie."},{"$i":"setup-error-needs-app-pass","$v":"Jy moet 'n toepassing-spesifieke wagwoord vir twee-faktor Gmail-rekeninge gebruik."},{"$i":"setup-error-imap-disabled","$v":"Jy moet IMAP op jou Gmail-rekening aktiveer."},{"$i":"setup-error-pop3-disabled","$v":"Jy moet POP3 op jou Gmail-rekening aktiveer."},{"$i":"setup-error-bad-security","$v":["Beveiligde verbinding met \"",{"t":"idOrVar","v":"server"},"\" is nie moontlik nie. Daar is dalk 'n probleem met jou netwerk of die bediener."]},{"$i":"setup-error-unresponsive-server","$v":["Verbinding met \"",{"t":"idOrVar","v":"server"},"\" is nie moontlik nie. Daar is dalk 'n probleem met die netwerk."]},{"$i":"setup-error-server-problem","$v":["Daar is ‘n probleem met die bediener “",{"t":"idOrVar","v":"server"},"”. Probeer later weer."]},{"$i":"setup-error-no-config-info","$v":"Opstel onsuksesvol. Gaan e-posadres na of probeer handmagtige konfigurasie-opsie."},{"$i":"setup-error-server-maintenance","$v":["Die bediener “",{"t":"idOrVar","v":"server"},"” is van lyn af vir instandhouding. Probeer later weer."]},{"$i":"setup-error-account-already-exists","$v":"Rekening bestaan reeds."},{"$i":"setup-manual-config2","$v":"Gevorderd"},{"$i":"setup-manual-config-header","$v":"Teken in op rekening"},{"$i":"setup-manual-account-type-header","$v":"Rekeningsoort"},{"$i":"setup-manual-account-type","$v":"Rekeningsoort"},{"$i":"setup-manual-account-type-select","ariaLabel":"Rekeningsoort"},{"$i":"setup-manual-imap-header","$v":"IMS-instellings"},{"$i":"setup-manual-pop3-header","$v":"POP3 Instellings"},{"$i":"setup-manual-smtp-header","$v":"SMTP-instellings"},{"$i":"setup-manual-activesync-header","$v":"AktieweSink-instellings"},{"$i":"setup-manual-next","$v":"Volgende"},{"$i":"setup-manual-socket","$v":"Aansluitingtipe"},{"$i":"setup-manual-socket-ssl","$v":"SSL"},{"$i":"setup-manual-socket-starttls","$v":"STARTTLS"},{"$i":"setup-manual-socket-select","ariaLabel":"Verbinding sekuriteit"},{"$i":"setup-manual-socket-plain","$v":"Ongeënkripteerd"},{"$i":"setup-bad-password-header","$v":"Verkeerde wagwoord"},{"$i":"setup-bad-password","$v":"Kan nie aan meld by bediener nie, maak asseblief seker jou wagwoord is reg."},{"$i":"setup-new-password","placeholder":"Nuwe wagwoord"},{"$i":"setup-fix-password","$v":"Probeer met nuwe wagwoord"},{"$i":"setup-gmail-twofactor-header","$v":"Twee-Faktor Geaktiveer"},{"$i":"setup-gmail-twofactor-message","$v":"Jy moet ‘n toepassing-spesifieke wagwoord hieronder invoer."},{"$i":"setup-gmail-imap-header","$v":"IMAP Gedeaktiveer"},{"$i":"setup-gmail-imap-message","$v":"Jy moet IMAP op jou Gmail-rekening aktiveer"},{"$i":"setup-gmail-retry","$v":"Herprobeer"},{"$i":"setup-gmail-pop3-header","$v":"POP3 Gedeaktiveer"},{"$i":"setup-gmail-pop3-message","$v":"Jy moet POP3 op jou Gmail-rekening aktiveer"},{"$i":"setup-fix-oauth2-header","$v":"Herbemagtig E-pos"},{"$i":"setup-fix-oauth2-description","$v":"E-pos moet weer gemagtig word om toegang tot die volgende rekening te kry:"},{"$i":"setup-fix-oauth2-reauthorize","$v":"Herbemagtig"},{"$i":"settings-main-header","$v":"E-pos instellings"},{"$i":"settings-sub-header-account","$v":"Rekening"},{"$i":"settings-account-group","ariaLabel":"Rekening"},{"$i":"settings-account-name","$v":"Jou naam"},{"$i":"settings-account-label","$v":"Rekeningnaam"},{"$i":"settings-account-display-notifications","$v":"Wys berig vir nuwe e-posse"},{"$i":"settings-account-play-sound-onsend","$v":"Speel klank nadat boodskap gestuur is"},{"$i":"settings-account-signature-label","$v":"Handtekening"},{"$i":"settings-sub-header-data","$v":"Data"},{"$i":"settings-data-group","ariaLabel":"Data"},{"$i":"settings-account-check-mail","$v":"Kyk vir nuwe boodskappe"},{"$i":"settings-account-check-mail-select","ariaLabel":"Kyk vir Nuwe Boodskappe"},{"$i":"settings-sub-header-server","$v":"Bedienerinstellings"},{"$i":"settings-server-group","ariaLabel":"Bedienerinstellings"},{"$i":"settings-account-userpass","$v":"Gebruikernaam en wagwoord"},{"$i":"settings-account-useroauth2","$v":"Gebruikersnaam"},{"$i":"settings-default-signature-2","$v":"Vanaf my foon gestuur"},{"$i":"settings-done","$v":"Klaar"},{"$i":"settings-account-section","$v":"Rekeninge"},{"$i":"settings-account-listbox","ariaLabel":"Rekeninge"},{"$i":"settings-account-add","$v":"Voeg by"},{"$i":"settings-account-delete","$v":"Skrap rek"},{"$i":"settings-account-delete-prompt","$v":"As jy die rekening uitvee, sal die toepassings wat dit gebruik, ook geaffekteer word."},{"$i":"settings-account-delete-desc","$v":"Jy sal jou e-pos weer moet aflaai indien jy weer jou rekening skep."},{"$i":"settings-account-delete-cancel","$v":"Kanselleer"},{"$i":"settings-account-delete-confirm","$v":"Skrap"},{"$i":"settings-account-clarify","$v":[{"t":"idOrVar","v":"account-name"}]},{"$i":"settings-account-clarify-imap","$v":[{"t":"idOrVar","v":"account-name"}," (IMAP)"]},{"$i":"settings-account-clarify-pop3","$v":[{"t":"idOrVar","v":"account-name"}," (POP3)"]},{"$i":"settings-account-clarify-smtp","$v":[{"t":"idOrVar","v":"account-name"}," (SMTP)"]},{"$i":"settings-general-section","$v":"Algemene instellings"},{"$i":"settings-show-images","$v":"Wys altyd beelde"},{"$i":"settings-download-attachments","$v":"Laai aanhegsels af"},{"$i":"settings-check-every-5min","$v":"Elke 5 minute"},{"$i":"settings-check-every-10min","$v":"Elke 10 minute"},{"$i":"settings-check-every-15min","$v":"Elke 15 minute"},{"$i":"settings-check-every-30min","$v":"Elke 30 minute"},{"$i":"settings-check-every-60min","$v":"Elke Uur"},{"$i":"settings-check-every-manual","$v":"Handmatig"},{"$i":"settings-check-dynamic","$v":{"few":[{"t":"idOrVar","v":"n"}," sekondes"],"many":[{"t":"idOrVar","v":"n"}," sekondes"],"one":[{"t":"idOrVar","v":"n"}," sekond"],"other":[{"t":"idOrVar","v":"n"}," sekondes"],"two":[{"t":"idOrVar","v":"n"}," sekondes"],"zero":"gedeaktiveer"},"$x":[{"t":"idOrVar","v":"plural"},"n"]},{"$i":"settings-default-account","$v":"Stel as verstek-e-pos"},{"$i":"settings-account-type","$v":"Rekeningsoort"},{"$i":"settings-account-credentials","$v":"Magtigingsbewyse"},{"$i":"settings-activesync-label","$v":"Inligting oor ActiveSync-instellings"},{"$i":"settings-imap-label","$v":"Inligting oor IMAP-instellings"},{"$i":"settings-pop3-label","$v":"Inligting oor POP3-instellings"},{"$i":"settings-smtp-label","$v":"Inligting oor SMTP-instellings"},{"$i":"settings-hostname","$v":"Gasheernaam"},{"$i":"settings-port","$v":"Poort"},{"$i":"settings-username","$v":"Gebruikersnaam"},{"$i":"settings-password","$v":"Wagwoord"},{"$i":"settings-save","$v":"Stoor"},{"$i":"password-saved","$v":"Wagwoord is gestoor."},{"$i":"settings-reauth","$v":"Herbemagtig"},{"$i":"settings-account-synchronize-window","$v":"Dae om te Sinkroniseer"},{"$i":"settings-account-synchronize-window-select","ariaLabel":"Dae om te Sinkroniseer"},{"$i":"settings-synchronize-auto","$v":"Outomaties"},{"$i":"settings-synchronize-one-day","$v":"1 dag"},{"$i":"settings-synchronize-three-days","$v":"3 dae"},{"$i":"settings-synchronize-one-week","$v":"1 week"},{"$i":"settings-synchronize-two-weeks","$v":"2 weke"},{"$i":"settings-synchronize-one-month","$v":"1 maand"},{"$i":"settings-synchronize-all","$v":"Alle Boodskappe"},{"$i":"envelope-from","$v":"Van"},{"$i":"envelope-to","$v":"Aan"},{"$i":"envelope-cc","$v":"Cc"},{"$i":"envelope-bcc","$v":"Bcc"},{"$i":"message-header-state-sending","ariaLabel":"Stuur"},{"$i":"message-header-state-error","ariaLabel":"Fout in stuur"},{"$i":"message-header-unread","ariaLabel":"Ongelees"},{"$i":"message-header-reply","ariaLabel":"Antwoord"},{"$i":"message-header-forward","ariaLabel":"Stuur deur"},{"$i":"message-header-starred","ariaLabel":"Het ‘n ster"},{"$i":"message-header-attachments","ariaLabel":"Het aanhegsels"},{"$i":"message-body-container","ariaLabel":"Boodskapteks"},{"$i":"message-body-container-progress","ariaValueText":"Laai tans"},{"$i":"subject","ariaLabel":"Onderwerp"},{"$i":"attachments-container","ariaLabel":"Aanhegsels"},{"$i":"from-group","ariaLabel":"Van"},{"$i":"to-group","ariaLabel":"Aan"},{"$i":"cc-group","ariaLabel":"CC:"},{"$i":"bcc-group","ariaLabel":"Bcc"},{"$i":"compose-header","$v":"Stel 'n boodskap op"},{"$i":"compose-header-short","$v":"Skryf"},{"$i":"compose-send","$v":"Stuur"},{"$i":"compose-send-button","ariaLabel":"Stuur"},{"$i":"compose-to","$v":"Aan"},{"$i":"compose-cc","$v":"Cc"},{"$i":"compose-bcc","$v":"Bcc"},{"$i":"compose-cc-remove","$v":"Die CC-lys is verwyder."},{"$i":"compose-bcc-remove","$v":"Die BCC-lys is verwyder."},{"$i":"compose-contact-add","ariaLabel":"Voeg kontak by"},{"$i":"compose-attachments","$v":{"few":["Aanhegsels (",{"t":"idOrVar","v":"n"},")"],"many":["Aanhegsels (",{"t":"idOrVar","v":"n"},")"],"one":["Aanhegsel (",{"t":"idOrVar","v":"n"},")"],"other":["Aanhegsels (",{"t":"idOrVar","v":"n"},")"],"two":["Aanhegsels (",{"t":"idOrVar","v":"n"},")"],"zero":"Aanhegsel"},"$x":[{"t":"idOrVar","v":"plural"},"n"]},{"$i":"compose-text","ariaLabel":"Wysig"},{"$i":"compose-attachment-still-working","$v":"Een oomblik, werk nog aan die vorige aanhegsel..."},{"$i":"compose-attachment-loading","$v":"Laai aanhegsel . . ."},{"$i":"compose-attachments-loading","$v":"Laai aanhegsels . . ."},{"$i":"compose-forward-attachment-error-title","$v":"Aflaai het misluk"},{"$i":"compose-forward-attachment-error-title2","$v":"Fout"},{"$i":"compose-forward-attachment-unable-load","$v":"Nie moontlik om aanhegsel te laai nie."},{"$i":"compose-forward-attachments-unable-load","$v":"Nie moontlik om aanhegsels te laai nie."},{"$i":"compose-forward-attachment-load-error","$v":"Sommige aanhegsels kon nie gelaai word nie."},{"$i":"confirmation-title","$v":"Bevestiging"},{"$i":"compose-subject","$v":"Onderwerp"},{"$i":"compose-draft-save","$v":"Stoor in Konsepte?"},{"$i":"compose-discard-confirm","$v":"Skrap"},{"$i":"compose-draft-dialog-cancel","$v":"Kanselleer"},{"$i":"compose-draft-dialog-save","$v":"Stoor"},{"$i":"composer-draft-saved","$v":"Halfklare gestoor."},{"$i":"attention","$v":"Aandag"},{"$i":"compose-send-message-failed","$v":"Stuur van e-pos het misluk"},{"$i":"compose-attchment-size-exceeded","$v":"Aanhegsel te groot om saam met boodskap te stuur."},{"$i":"compose-attchments-size-exceeded","$v":"Aanhegsels te groot om saam met boodskap te stuur."},{"$i":"composer-attachment-large-title","$v":"Lêer is te groot"},{"$i":"default-attachment-filename","$v":["Aanhegsel ",{"t":"idOrVar","v":"n"}]},{"$i":"attachment-size-meb","$v":[{"t":"idOrVar","v":"megabytes"}," MB"]},{"$i":"attachment-size-kib","$v":[{"t":"idOrVar","v":"kilobytes"}," KB"]},{"$i":"attachment-size-byte","$v":[{"t":"idOrVar","v":"bytes"}," G"]},{"$i":"message-attachment-view","$v":"Bekyk"},{"$i":"message-attachment-did-not-open-label","$v":"Kan nie oopmaak nie"},{"$i":"message-attachment-did-not-open-body","$v":"Die toestel het nie ‘n toepassing wat die aanhangsel kan oopmaak nie."},{"$i":"message-attachment-too-large","$v":"Hierdie lêer is te groot om af te laai."},{"$i":"message-attachment-not-found","$v":"Aanhegsellêer nie gevind nie; laai weer af?"},{"$i":"message-attachment-download-fail","$v":[{"t":"idOrVar","v":"fileName"}," - Kon nie aflaai nie."]},{"$i":"message-no-subject","$v":"(geen onderwerp nie)"},{"$i":"message-edit-menu-edit","$v":"Wysig"},{"$i":"message-edit-menu-delete","$v":"Skrap"},{"$i":"message-edit-delete-confirm","$v":"Skrap e-posboodskap?"},{"$i":"message-forward-attachment-title","$v":"Aanhegsel"},{"$i":"message-forward-attachment","$v":"Stuur aanhegsel ook aan?"},{"$i":"message-forward-attachments","$v":"Stuur aanhegsels ook aan?"},{"$i":"message-multiedit-header","$v":{"few":[{"t":"idOrVar","v":"n"}," gekies"],"many":[{"t":"idOrVar","v":"n"}," gekies"],"one":[{"t":"idOrVar","v":"n"}," gekies"],"other":[{"t":"idOrVar","v":"n"}," gekies"],"two":[{"t":"idOrVar","v":"n"}," gekies"],"zero":[{"t":"idOrVar","v":"n"}," gekies"]},"$x":[{"t":"idOrVar","v":"plural"},"n"]},{"$i":"message-multiedit-search-header","$v":{"few":[{"t":"idOrVar","v":"n"}," gekies"],"many":[{"t":"idOrVar","v":"n"}," gekies"],"one":[{"t":"idOrVar","v":"n"}," gekies"],"other":[{"t":"idOrVar","v":"n"}," gekies"],"two":[{"t":"idOrVar","v":"n"}," gekies"],"zero":"0 gekies"},"$x":[{"t":"idOrVar","v":"plural"},"n"]},{"$i":"browse-to-url-prompt","$v":["Blaai na URL?: ",{"t":"idOrVar","v":"url"}]},{"$i":"message-download-images-tap","$v":{"few":["Hierdie e-pos bevat ",{"t":"idOrVar","v":"n"}," beelde. Tik om af te laai."],"many":["Hierdie e-pos bevat ",{"t":"idOrVar","v":"n"}," beelde. Tik om af te laai."],"one":"Hierdie e-pos bevat een beeld. Tik om af te laai.","other":["Hierdie e-pos bevat ",{"t":"idOrVar","v":"n"}," beelde. Tik om af te laai."],"two":["Hierdie e-pos bevat ",{"t":"idOrVar","v":"n"}," beelde. Tik om af te laai."]},"$x":[{"t":"idOrVar","v":"plural"},"n"]},{"$i":"message-show-external-images","$v":"Wys eksterne beelde"},{"$i":"message-delete-cancel","$v":"Kanselleer"},{"$i":"message-multiedit-delete-confirm","$v":{"few":["Skrap ",{"t":"idOrVar","v":"n"}," boodskappe?"],"many":["Skrap ",{"t":"idOrVar","v":"n"}," boodskappe?"],"one":"Skrap gekose boodskap?","other":["Skrap ",{"t":"idOrVar","v":"n"}," boodskappe?"],"two":["Skrap ",{"t":"idOrVar","v":"n"}," boodskappe?"]},"$x":[{"t":"idOrVar","v":"plural"},"n"]},{"$i":"message-large-message-cancel","$v":"Kanselleer"},{"$i":"message-large-message-ok","$v":"Gaan voort"},{"$i":"message-large-message-confirm","$v":"Hierdie boodskap is groot en mag tyd neem om af te laai."},{"$i":"message-large-message-warning","$v":"Die boodskap is te groot om te laai."},{"$i":"message-search-header","$v":"Soek"},{"$i":"search-result","$v":["E-pos(",{"t":"idOrVar","v":"num"},")"]},{"$i":"message-search-from","$v":"Van"},{"$i":"message-search-to","$v":"Aan"},{"$i":"message-search-subject","$v":"Onderwerp"},{"$i":"message-search-body","$v":"Inhoud"},{"$i":"message-search-all","$v":"Almal"},{"$i":"message-search-input","placeholder":"Deursoek Pos"},{"$i":"message-search-cancel","$v":"Kanselleer"},{"$i":"messages-syncing","$v":"Laai tans boodskappe"},{"$i":"messages-syncing-progressbar","ariaValueText":"Laai tans boodskappe"},{"$i":"messages-load-more","$v":"Laai meer boodskappe"},{"$i":"messages-folder-empty","$v":"Geen e-pos in hierdie vouer nie"},{"$i":"messages-search-empty","$v":"Geen pasmaats in plaaslike kasboodskappe"},{"$i":"messages-folder-select","$v":"Verskuif na Houer"},{"$i":"messages-folder-unread-max","$v":"999+"},{"$i":"message-contact-menu-create","$v":"Skep nuwe kontak"},{"$i":"message-contact-menu-add-existing","$v":"Voeg by bestaande kontak"},{"$i":"message-contact-menu-view","$v":"Bekyk kontak"},{"$i":"message-contact-menu-reply","$v":"Antwoord"},{"$i":"message-contact-menu-new","$v":"Stuur nuwe pos"},{"$i":"message-reply-menu-reply","$v":"Antwoord"},{"$i":"message-reply-menu-reply-all","$v":"Antwoord almal"},{"$i":"message-reply-menu-forward","$v":"Stuur deur"},{"$i":"message-reply-menu-cancel","$v":"Kanselleer"},{"$i":"reply-quoting-wrote","$v":[{"t":"idOrVar","v":"name"}," geskryf"]},{"$i":"forward-original-message","$v":"Oorspronklike boodskap"},{"$i":"forward-header-subject","$v":"Onderwerp"},{"$i":"forward-header-date","$v":"Datum"},{"$i":"forward-header-from","$v":"Van"},{"$i":"forward-header-reply-to","$v":"Antwoord-Aan"},{"$i":"forward-header-to","$v":"Aan"},{"$i":"forward-header-cc","$v":"Cc"},{"$i":"folder-inbox","$v":"Inmandjie"},{"$i":"folder-sent","$v":"Gestuur"},{"$i":"folder-drafts","$v":"Konsepte"},{"$i":"folder-trash","$v":"Asblik"},{"$i":"folder-queue","$v":"Ongestuur"},{"$i":"folder-junk","$v":"Gemors"},{"$i":"folder-archives","$v":"Argiewe"},{"$i":"folder-localdrafts","$v":"Plaaslike Konsepte"},{"$i":"folder-outbox","$v":"Uitmandjie"},{"$i":"drawer-back","$v":"Terug"},{"$i":"drawer-accounts-header","$v":"Rekeninge"},{"$i":"drawer-settings-link","$v":"Instellings"},{"$i":"folder-last-synced-label","$v":"Laaste sink:"},{"$i":"messages-refresh-progress","ariaValueText":"Besig om te verfris"},{"$i":"no-internet-connection","$v":"Geen internetverbinding nie."},{"$i":"toaster-undo","$v":"Ontdoen"},{"$i":"toaster-message-star","$v":{"one":"Boodskap gevlag.","few":[{"t":"idOrVar","v":"n"}," boodskappe gevlag."],"many":[{"t":"idOrVar","v":"n"}," boodskappe gevlag."],"other":[{"t":"idOrVar","v":"n"}," boodskappe gevlag."],"two":[{"t":"idOrVar","v":"n"}," boodskappe gevlag."]},"$x":[{"t":"idOrVar","v":"plural"},"n"]},{"$i":"toaster-message-unstar","$v":{"one":"Boodskapvlag verwyder.","few":[{"t":"idOrVar","v":"n"}," boodskapvlae verwyder."],"many":[{"t":"idOrVar","v":"n"}," boodskapvlae verwyder."],"other":[{"t":"idOrVar","v":"n"}," boodskapvlae verwyder."],"two":[{"t":"idOrVar","v":"n"}," boodskapvlae verwyder."]},"$x":[{"t":"idOrVar","v":"plural"},"n"]},{"$i":"toaster-message-read","$v":{"one":"Gemerk as gelees","few":[{"t":"idOrVar","v":"n"}," boodskappe gemerk as gelees."],"many":[{"t":"idOrVar","v":"n"}," boodskappe gemerk as gelees."],"other":[{"t":"idOrVar","v":"n"}," boodskappe gemerk as gelees."],"two":[{"t":"idOrVar","v":"n"}," boodskappe gemerk as gelees."]},"$x":[{"t":"idOrVar","v":"plural"},"n"]},{"$i":"toaster-message-unread","$v":{"one":"Gemerk as ongelees.","few":[{"t":"idOrVar","v":"n"}," boodskappe gemerk as ongelees."],"many":[{"t":"idOrVar","v":"n"}," boodskappe gemerk as ongelees."],"other":[{"t":"idOrVar","v":"n"}," boodskappe gemerk as ongelees."],"two":[{"t":"idOrVar","v":"n"}," boodskappe gemerk as ongelees."]},"$x":[{"t":"idOrVar","v":"plural"},"n"]},{"$i":"toaster-message-move","$v":{"one":"Boodskap geskuif na houer:","few":[{"t":"idOrVar","v":"n"}," boodskappe geskuif na houer:"],"many":[{"t":"idOrVar","v":"n"}," boodskappe geskuif na houer:"],"other":[{"t":"idOrVar","v":"n"}," boodskappe geskuif na houer:"],"two":[{"t":"idOrVar","v":"n"}," boodskappe geskuif na houer:"]},"$x":[{"t":"idOrVar","v":"plural"},"n"]},{"$i":"toaster-message-delete","$v":{"one":"1 pos geskrap.","few":[{"t":"idOrVar","v":"n"}," posse geskrap."],"many":[{"t":"idOrVar","v":"n"}," posse geskrap."],"other":[{"t":"idOrVar","v":"n"}," posse geskrap."],"two":[{"t":"idOrVar","v":"n"}," posse geskrap."]},"$x":[{"t":"idOrVar","v":"plural"},"n"]},{"$i":"toaster-sync-failed","$v":"Kon nie aan bediener koppel nie."},{"$i":"compose-invalid-addresses-title","$v":"Ongeldige Adresse"},{"$i":"compose-invalid-addresses-description","$v":"Jou boodskap bevat een of meer ongeldige e-posadresse. Maak dit asseblief reg voor dit gestuur word."},{"$i":"background-send-pending","$v":"Geen internetverbinding nie. E-pos gestoor na uitkassie."},{"$i":"background-send-sending","$v":"Stuur tans…"},{"$i":"background-send-success","$v":"E-pos gestuur."},{"$i":"background-send-error","$v":"Fout het voorgekom. E-pos is in uitmandjie gestoor."},{"$i":"background-send-error-recipients","$v":"Ontvangerfout. E-pos is in uitmandjie gestoor."},{"$i":"background-send-error-title","$v":"Pos het misluk om te stuur"},{"$i":"send-failure-recipients","$v":"Gaan die spelling van die addresse hierbo na. You e-posbediener het aangedui dat een of meer van die addresse hierbo verkeerd is."},{"$i":"send-failure-unknown","$v":"Die boodskap kon nie gestuur word nie."},{"$i":"form-clear-input","$v":"Verwyder teks"},{"$i":"confirm-dialog-title","$v":"Bevestiging"},{"$i":"confirm-dialog-ok","$v":"Goed"},{"$i":"msg-display-subject","$v":"Onderwerp"},{"$i":"msg-reader-display-attachments","$v":"Aanhegsels"},{"$i":"msg-reader-display-attachment","$v":"Aanhegsel"},{"$i":"msg-reader-download-external-images","$v":["Laai eksterne beelde af (",{"t":"idOrVar","v":"n"}," MR)"]},{"$i":"msg-reader-sender-header","$v":"Afsender"},{"$i":"msg-reader-recipients-header","$v":"Ontvangers"},{"$i":"msg-reader-cc-header","$v":"Cc"},{"$i":"msg-reader-bcc-header","$v":"Bcc"},{"$i":"msg-reader-message-flagged","$v":"Boodskap gemerk"},{"$i":"msg-reader-flag-removed","$v":"Vlag verwyder"},{"$i":"external-image-downloading","$v":"Laai tans af …"},{"$i":"senders-separation-sign","$v":", "},{"$i":"new-messages","$v":{"few":[{"t":"idOrVar","v":"n"}," Nuwe boodskappe"],"many":[{"t":"idOrVar","v":"n"}," Nuwe boodskappe"],"one":"1 Nuwe Boodskap","other":[{"t":"idOrVar","v":"n"}," Nuwe boodskappe"],"two":[{"t":"idOrVar","v":"n"}," Nuwe boodskappe"]},"$x":[{"t":"idOrVar","v":"plural"},"n"]},{"$i":"new-emails-notify-one-account","$v":{"few":[{"t":"idOrVar","v":"n"}," Nuwe e-posse"],"many":[{"t":"idOrVar","v":"n"}," Nuwe e-posse"],"one":"1 Nuwe e-pos","other":[{"t":"idOrVar","v":"n"}," Nuwe e-posse"],"two":[{"t":"idOrVar","v":"n"}," Nuwe e-posse"]},"$x":[{"t":"idOrVar","v":"plural"},"n"]},{"$i":"new-emails-notify-multiple-accounts","$v":{"few":[{"t":"idOrVar","v":"n"}," Nuwe E-posse (",{"t":"idOrVar","v":"accountName"},")"],"many":[{"t":"idOrVar","v":"n"}," Nuwe E-posse (",{"t":"idOrVar","v":"accountName"},")"],"one":["1 Nuwe E-pos (",{"t":"idOrVar","v":"accountName"},")"],"other":[{"t":"idOrVar","v":"n"}," Nuwe E-posse (",{"t":"idOrVar","v":"accountName"},")"],"two":[{"t":"idOrVar","v":"n"}," Nuwe E-posse (",{"t":"idOrVar","v":"accountName"},")"]},"$x":[{"t":"idOrVar","v":"plural"},"n"]},{"$i":"new-emails-notify-multiple-accounts-body","$v":[{"t":"idOrVar","v":"from"}," “",{"t":"idOrVar","v":"subject"},"”"]},{"$i":"tng-plain-socket-warning-title","$v":"Is jy seker?"},{"$i":"tng-plain-socket-warning-message","$v":"Ander mense mag in staat wees om jou wagwoorde en e-posse te sien of jou rekening te beheer."},{"$i":"tng-plain-socket-warning-message-options","$v":"Daar is veelvuldige, gratis e-pos verskaffers wat veiliger,geïnkripteerde verbindings bied."},{"$i":"tng-plain-socket-warning-ok","$v":"Ek verstaan"},{"$i":"message-reader-date-received","ariaLabel":"Ontvang"},{"$i":"sort-by-title","$v":"Sorteer volgens"},{"$i":"sort-by-date","$v":"Datum"},{"$i":"sort-by-from","$v":"Van"},{"$i":"sort-by-to","$v":"Aan"},{"$i":"sort-by-subject","$v":"Onderwerp"},{"$i":"softkey-options","$v":"Opsies"},{"$i":"opt-compose","$v":"Skryf"},{"$i":"opt-reply","$v":"Antwoord"},{"$i":"opt-reply-all","$v":"Antwoord almal"},{"$i":"opt-forward","$v":"Stuur deur"},{"$i":"opt-mark-read","$v":"Merk as gelees"},{"$i":"opt-mark-unread","$v":"Merk as ongelees"},{"$i":"opt-add-flag","$v":"Voeg vlae by"},{"$i":"opt-remove-flag","$v":"Verwyder vlag"},{"$i":"opt-move-message","$v":"Verskuif na vouer"},{"$i":"opt-delete-message","$v":"Skrap"},{"$i":"opt-multi-select","$v":"Kies meerdere"},{"$i":"opt-search","$v":"Soek"},{"$i":"opt-folders","$v":"Bekyk vouers"},{"$i":"opt-sort","$v":"Sorteer"},{"$i":"opt-sync","$v":"Sinchroniseer"},{"$i":"opt-account","$v":"Wissel rekening"},{"$i":"opt-settings","$v":"Instellings"},{"$i":"opt-edit","$v":"Wysig"},{"$i":"opt-cancel","$v":"Kanselleer"},{"$i":"opt-save","$v":"Stoor"},{"$i":"opt-move","$v":"Verskuif"},{"$i":"opt-view","$v":"Bekyk"},{"$i":"opt-empty-trash","$v":"Maak asblik leeg"},{"$i":"opt-call-number","$v":"Skakel"},{"$i":"opt-compose-mail","$v":"Skryf"},{"$i":"opt-open-url","$v":"Maak oop"},{"$i":"select-option-on","$v":"Aan"},{"$i":"select-option-off","$v":"Af"},{"$i":"select-option-imap-smtp","$v":"IMAP+SMTP"},{"$i":"select-option-pop3-smtp","$v":"POP3 en SMTP"},{"$i":"select-option-activesync","$v":"AktieweSink"},{"$i":"toaster-switch-account","$v":"E-posrekening verander na:"},{"$i":"toaster-sorted-by","$v":"E-posse gesorteer volgens"},{"$i":"cmp-reply","$v":"Antwoord"},{"$i":"cmp-reply-all","$v":"Antwoord almal"},{"$i":"cmp-forward","$v":"Stuur boodskap deur"},{"$i":"cmp-remove-attach","$v":"Aanhegsel verwyder"},{"$i":"select","$v":"Kies"},{"$i":"deselect","$v":"Deselekteer"},{"$i":"cancel","$v":"Kanselleer"},{"$i":"enter","$v":"Invoer"},{"$i":"remove-attachment","$v":"Verwyder aanhegsel"},{"$i":"replace-attachment","$v":"Vervang aanhegsel"},{"$i":"add-attachment","$v":"Voeg aanhegsel by"},{"$i":"add-contact","$v":"Voeg kontak by"},{"$i":"add-cc","$v":"Voeg CC by"},{"$i":"remove-cc","$v":"Verwyder CC"},{"$i":"add-bcc","$v":"Voeg BCC by"},{"$i":"remove-bcc","$v":"Verwyder BCC"},{"$i":"attachment-download","$v":"Laai af"},{"$i":"attachment-share","$v":"Deel"},{"$i":"send-new-mail","$v":"Stuur nuwe pos"},{"$i":"view-contact","$v":"Sien kontakte"},{"$i":"save-new-contact","$v":"Skep nuwe kontak"},{"$i":"add-to-exsiting-contact","$v":"Voeg by bestaande kontak"},{"$i":"no","$v":"Nee"},{"$i":"yes","$v":"Ja"},{"$i":"retry","$v":"Herprobeer"},{"$i":"empty","$v":"Maak leeg"},{"$i":"empty-trash-confirm","$v":"Wil jy die vullis uitgooi?"},{"$i":"trash-emptied","$v":"Vullis uitgegooi"},{"$i":"next","$v":"Volgende"},{"$i":"welcome-header","$v":"E-pos"},{"$i":"welcome-msg","$v":"Welkom by E-pos."},{"$i":"welcome-msg-setup","$v":"Druk Volgende om jou e-posrekening op te stel."},{"$i":"discard","$v":"Skrap"},{"$i":"leave-this-page-warning-message","$v":"Skrap inligting?"},{"$i":"finish","$v":"Klaar"},{"$i":"setup-done-msg","$v":"Jy het suksesvol ingeteken. Wil jy graag nog ‘n rekening byvoeg?"},{"$i":"save-as-draft","$v":"Stoor as Onvoltooid"},{"$i":"show-password","$v":"Wys wagwoord"},{"$i":"account-label","$v":"Rekeningnaam"},{"$i":"folders","$v":"Houers"},{"$i":"security","$v":"Sekuriteit"},{"$i":"port-number","$v":"Poortnommer"},{"$i":"domain-username","$v":"Domein\\Gebruikersnaam"},{"$i":"synchronizing","$v":"Besig om te sinchroniseer"},{"$i":"browse-mail","$v":"Blaai Pos"},{"$i":"never-sync","$v":"Plaaslike konsepte is nie gesinchroniseer met bediener nie."},{"$i":"emptyDownloadFile","$v":"Hierdie lêer kan nie afgelaai word nie. Dit is dalk leeg."},{"$i":"sync","$v":"Sinchronisasie"},{"$i":"outbox-unsent-label","$v":{"few":[{"t":"idOrVar","v":"n"}," ongestuurde boodskappe in Uitmandjie"],"many":[{"t":"idOrVar","v":"n"}," ongestuurde boodskappe in Uitmandjie"],"one":"1 ongestuurde boodskap in Uitmandjie","other":[{"t":"idOrVar","v":"n"}," ongestuurde boodskappe in Uitmandjie"],"two":"2 ongestuurde boodskappe in Uitmandjie"},"$x":[{"t":"idOrVar","v":"plural"},"n"]},{"$i":"storage-full-title","$v":"Stoorruimte vol."},{"$i":"storage-full-warning","$v":"Jy kan ‘n paar medialêers skrap of toepassingdata bestuur om meer oop spasie te kry."},{"$i":"storage-full","$v":"Foonberging is vol."},{"$i":"storage-sdcard-full","$v":"SD-kaart is vol."},{"$i":"view-address","$v":"Bekyk adres"},{"$i":"mail-address-title","$v":"E-posadres"},{"$i":"mail-address","$v":[{"t":"idOrVar","v":"address"}]},{"$i":"value-name","$v":[{"t":"idOrVar","v":"name"}]},{"$i":"account-deleted","$v":"Rekening geskrap."},{"$i":"account-reEnable","$v":"Gebruikernaam bestaan alreeds. Sinkroniseer rekening?"},{"$i":"setup-account-usedInfo","$v":"Die rekening sal deur die onderstaande toeps gebruik word. Jy kan dit verander in Instellings>Rekening."},{"$i":"setup-account-settingsInfo","$v":"Elke miniprogram het verskillende verstek sinkroniseerintervalle – kyk die miniprogram se instellings."},{"$i":"app-calendar","$v":"Kalender"},{"$i":"app-contacts","$v":"Kontakte"},{"$i":"app-email","$v":"E-pos"},{"$i":"sync-account-guide","$v":"Skakel rekeningsynchronisering in Instellings aan om e-pos te bekyk."},{"$i":"settings-account-sync","$v":"Sinkroniseer rekening"},{"$i":"weekday-0-long","$v":"Sondag"},{"$i":"weekday-1-long","$v":"Maandag"},{"$i":"weekday-2-long","$v":"Dinsdag"},{"$i":"weekday-3-long","$v":"Woensdag"},{"$i":"weekday-4-long","$v":"Donderdag"},{"$i":"weekday-5-long","$v":"Vrydag"},{"$i":"weekday-6-long","$v":"Saterdag"},{"$i":"weekday-0-short","$v":"So"},{"$i":"weekday-1-short","$v":"Ma"},{"$i":"weekday-2-short","$v":"Di"},{"$i":"weekday-3-short","$v":"Wo"},{"$i":"weekday-4-short","$v":"Do"},{"$i":"weekday-5-short","$v":"Vr"},{"$i":"weekday-6-short","$v":"Sa"},{"$i":"month-0-long","$v":"Januarie"},{"$i":"month-1-long","$v":"Februarie"},{"$i":"month-2-long","$v":"Maart"},{"$i":"month-3-long","$v":"April"},{"$i":"month-4-long","$v":"Mei"},{"$i":"month-5-long","$v":"Junie"},{"$i":"month-6-long","$v":"Julie"},{"$i":"month-7-long","$v":"Augustus"},{"$i":"month-8-long","$v":"September"},{"$i":"month-9-long","$v":"Oktober"},{"$i":"month-10-long","$v":"November"},{"$i":"month-11-long","$v":"Desember"},{"$i":"month-0-genitive","$v":"Januarie"},{"$i":"month-1-genitive","$v":"Februarie"},{"$i":"month-2-genitive","$v":"Maart"},{"$i":"month-3-genitive","$v":"April"},{"$i":"month-4-genitive","$v":"Mei"},{"$i":"month-5-genitive","$v":"Junie"},{"$i":"month-6-genitive","$v":"Julie"},{"$i":"month-7-genitive","$v":"Augustus"},{"$i":"month-8-genitive","$v":"September"},{"$i":"month-9-genitive","$v":"Oktober"},{"$i":"month-10-genitive","$v":"November"},{"$i":"month-11-genitive","$v":"Desember"},{"$i":"month-0-short","$v":"Jan"},{"$i":"month-1-short","$v":"Feb"},{"$i":"month-2-short","$v":"Mrt"},{"$i":"month-3-short","$v":"Apr"},{"$i":"month-4-short","$v":"Mei"},{"$i":"month-5-short","$v":"Jun"},{"$i":"month-6-short","$v":"Jul"},{"$i":"month-7-short","$v":"Aug"},{"$i":"month-8-short","$v":"Sep"},{"$i":"month-9-short","$v":"Okt"},{"$i":"month-10-short","$v":"Nov"},{"$i":"month-11-short","$v":"Des"},{"$i":"minutes-ago-long","$v":{"few":[{"t":"idOrVar","v":"value"},"minute gelede"],"many":[{"t":"idOrVar","v":"value"},"minute gelede"],"other":[{"t":"idOrVar","v":"value"},"minute gelede"],"two":[{"t":"idOrVar","v":"value"},"minute gelede"],"one":"‘n minuut gelede","zero":"Nou-nou"},"$x":[{"t":"idOrVar","v":"plural"},"value"]},{"$i":"hours-ago-long","$v":{"few":[{"t":"idOrVar","v":"value"}," ure gelede"],"many":[{"t":"idOrVar","v":"value"}," ure gelede"],"other":[{"t":"idOrVar","v":"value"}," ure gelede"],"two":[{"t":"idOrVar","v":"value"}," ure gelede"],"one":"‘n uur gelede","zero":"Nou-nou"},"$x":[{"t":"idOrVar","v":"plural"},"value"]},{"$i":"days-ago-long","$v":{"few":[{"t":"idOrVar","v":"value"}," dae gelede"],"many":[{"t":"idOrVar","v":"value"}," dae gelede"],"one":"gister","other":[{"t":"idOrVar","v":"value"}," dae gelede"],"two":[{"t":"idOrVar","v":"value"}," dae gelede"],"zero":"Vandag"},"$x":[{"t":"idOrVar","v":"plural"},"value"]},{"$i":"weeks-ago-long","$v":{"few":[{"t":"idOrVar","v":"value"}," weke gelede"],"many":[{"t":"idOrVar","v":"value"}," weke gelede"],"one":"Verlede week","other":[{"t":"idOrVar","v":"value"}," weke gelede"],"two":[{"t":"idOrVar","v":"value"}," weke gelede"],"zero":"Hierdie week"},"$x":[{"t":"idOrVar","v":"plural"},"value"]},{"$i":"months-ago-long","$v":{"few":[{"t":"idOrVar","v":"value"}," maande gelede"],"many":[{"t":"idOrVar","v":"value"}," maande gelede"],"one":"Verlede maand","other":[{"t":"idOrVar","v":"value"}," maande gelede"],"two":[{"t":"idOrVar","v":"value"}," maande gelede"],"zero":"hierdie maand"},"$x":[{"t":"idOrVar","v":"plural"},"value"]},{"$i":"years-ago-long","$v":{"few":[{"t":"idOrVar","v":"value"}," jare gelede"],"many":[{"t":"idOrVar","v":"value"}," jare gelede"],"one":"Verlede jaar","other":[{"t":"idOrVar","v":"value"}," jare gelede"],"two":[{"t":"idOrVar","v":"value"}," jare gelede"],"zero":"Hierdie jaar"},"$x":[{"t":"idOrVar","v":"plural"},"value"]},{"$i":"minutes-until-long","$v":{"few":["In ",{"t":"idOrVar","v":"value"}," minute"],"many":["In ",{"t":"idOrVar","v":"value"}," minute"],"other":["In ",{"t":"idOrVar","v":"value"}," minute"],"two":["In ",{"t":"idOrVar","v":"value"}," minute"],"zero":"Nou","one":"In ‘n minuut"},"$x":[{"t":"idOrVar","v":"plural"},"value"]},{"$i":"hours-until-long","$v":{"few":["In ",{"t":"idOrVar","v":"value"}," ure"],"many":["In ",{"t":"idOrVar","v":"value"}," ure"],"other":["In ",{"t":"idOrVar","v":"value"}," ure"],"two":["In ",{"t":"idOrVar","v":"value"}," ure"],"zero":"Nou","one":"In ‘n uur"},"$x":[{"t":"idOrVar","v":"plural"},"value"]},{"$i":"days-until-long","$v":{"few":["In ",{"t":"idOrVar","v":"value"}," dae"],"many":["In ",{"t":"idOrVar","v":"value"}," dae"],"one":"môre","other":["In ",{"t":"idOrVar","v":"value"}," dae"],"two":["In ",{"t":"idOrVar","v":"value"}," dae"],"zero":"Vandag"},"$x":[{"t":"idOrVar","v":"plural"},"value"]},{"$i":"weeks-until-long","$v":{"few":["In ",{"t":"idOrVar","v":"value"}," weke"],"many":["In ",{"t":"idOrVar","v":"value"}," weke"],"one":"volgende week","other":["In ",{"t":"idOrVar","v":"value"}," weke"],"two":["In ",{"t":"idOrVar","v":"value"}," weke"],"zero":"Hierdie week"},"$x":[{"t":"idOrVar","v":"plural"},"value"]},{"$i":"months-until-long","$v":{"few":["In ",{"t":"idOrVar","v":"value"}," maande"],"many":["In ",{"t":"idOrVar","v":"value"}," maande"],"one":"Volgende maand","other":["In ",{"t":"idOrVar","v":"value"}," maande"],"two":["In ",{"t":"idOrVar","v":"value"}," maande"],"zero":"hierdie maand"},"$x":[{"t":"idOrVar","v":"plural"},"value"]},{"$i":"years-until-long","$v":{"few":["In ",{"t":"idOrVar","v":"value"}," jare"],"many":["In ",{"t":"idOrVar","v":"value"}," jare"],"one":"Volgende jaar","other":["In ",{"t":"idOrVar","v":"value"}," jare"],"two":["In ",{"t":"idOrVar","v":"value"}," jare"],"zero":"Hierdie jaar"},"$x":[{"t":"idOrVar","v":"plural"},"value"]},{"$i":"minutes-ago-short","$v":{"other":[{"t":"idOrVar","v":"value"},"m gelede"],"zero":"Nou-nou"},"$x":[{"t":"idOrVar","v":"plural"},"value"]},{"$i":"hours-ago-short","$v":{"other":[{"t":"idOrVar","v":"value"},"u gelede"],"zero":"Nou-nou"},"$x":[{"t":"idOrVar","v":"plural"},"value"]},{"$i":"days-ago-short","$v":{"other":[{"t":"idOrVar","v":"value"},"d gelede"],"zero":"Vandag"},"$x":[{"t":"idOrVar","v":"plural"},"value"]},{"$i":"minutes-until-short","$v":{"other":["In ",{"t":"idOrVar","v":"value"},"m"],"zero":"Nou"},"$x":[{"t":"idOrVar","v":"plural"},"value"]},{"$i":"hours-until-short","$v":{"other":["In ",{"t":"idOrVar","v":"value"}," u"],"zero":"Nou"},"$x":[{"t":"idOrVar","v":"plural"},"value"]},{"$i":"days-until-short","$v":{"other":["In ",{"t":"idOrVar","v":"value"},"d"],"zero":"Vandag"},"$x":[{"t":"idOrVar","v":"plural"},"value"]},{"$i":"incorrectDate","$v":"(verkeerde datum)"},{"$i":"dateTimeFormat_%c","$v":"%a %b %e %Y %I:%M:%S %p"},{"$i":"dateTimeFormat_%x","$v":"%m/%d/%Y"},{"$i":"dateTimeFormat_%X","$v":"%I:%M:%S %p"},{"$i":"shortTimeFormat","$v":"%I:%M %p"},{"$i":"shortTimeFormat12","$v":"%I:%M %p"},{"$i":"shortTimeFormat24","$v":"%H:%M"},{"$i":"shortDateTimeFormat","$v":"%X %I:%M %p"},{"$i":"weekStartsOnMonday","$v":"0.0"},{"$i":"firstDayOfTheWeek","$v":"0.0"},{"$i":"time_am","$v":"VM"},{"$i":"time_pm","$v":"NM"}]