[{"$i":"setup-app-name-header","$v":"بريد"},{"$i":"setup-empty-account-message","$v":"لم يتم الإعداد لإرسال أو تلقي رسائل البريد الإلكتروني. قم بإعداد حساب لإكمال الإجراء."},{"$i":"setup-pick-service","$v":"لإرسال واستقبال البريد الإلكتروني، تحتاج لإعداد حساب."},{"$i":"setup-account-header3","$v":"تسجل الدخول"},{"$i":"setup-account-password","$v":"كلمة السِّر"},{"$i":"setup-info-next","$v":"التالي"},{"$i":"setup-progress-wait-msg","$v":"اعدّ حساب"},{"$i":"setup-sync-progress-wait-msg","$v":"مزامنة الحساب"},{"$i":"setup-completed-header","$v":"إعداد حساب بريد"},{"$i":"setup-completed-label","$v":"تم!"},{"$i":"setup-add-another-account","$v":"إضافة حساب آخر"},{"$i":"setup-show-mail","$v":"المواصلة للبريد"},{"$i":"setup-done-add","$v":"إعداد يدوي"},{"$i":"setup-error-offline","$v":"لا يوجد اتصال بالإنترنت."},{"$i":"setup-error-bad-user-or-pass2","$v":"عنوان البريد الإلكتروني أو كلمة المرور غير صحيحة."},{"$i":"setup-error-bad-address","$v":"عنوان البريد الإلكتروني غير صحيح."},{"$i":"setup-error-not-authorized","$v":"غير مخول لإنشاء حساب."},{"$i":"setup-error-pop-server-not-great","$v":"لا يدعم خادم POP3 الميزات المطلوبة."},{"$i":"setup-error-unknown2","$v":"حدث خطأ غير معروف. تحقق من الاتصال بالشبكة أو جرب خيار التهيئة اليدوية."},{"$i":"setup-error-needs-app-pass","$v":"يجب عليك استخدام كلمة مرور خاصة بالتطبيق لحسابات Gmail ذات المصادقة ثنائية العوامل."},{"$i":"setup-error-imap-disabled","$v":"يجب عليك تمكين IMAP لحساب Gmail الخاص بك."},{"$i":"setup-error-pop3-disabled","$v":"يجب عليك تمكين POP3 لحساب Gmail الخاص بك."},{"$i":"setup-error-bad-security","$v":["تعذر إنشاء اتصال آمن بـ \"",{"t":"idOrVar","v":"server"},"\". قد تكون هناك مشكلة في الشبكة أو الخادم."]},{"$i":"setup-error-unresponsive-server","$v":["تعذر إنشاء اتصال بـ \"",{"t":"idOrVar","v":"server"},"\". قد تكون هناك مشكلة في الشبكة."]},{"$i":"setup-error-server-problem","$v":["يوجد مشكلة مع الخادم \"",{"t":"idOrVar","v":"server"},"\". حاول مرة اخرى لاحقا."]},{"$i":"setup-error-no-config-info","$v":"فشل التكوين. تحقق من عنوان البريد الإلكتروني أو جرّب خيار التكوين اليدوي."},{"$i":"setup-error-server-maintenance","$v":["الخادم \"",{"t":"idOrVar","v":"server"},"\" غير متصل للصيانة. حاول مرة اخرى لاحقا."]},{"$i":"setup-error-account-already-exists","$v":"الحساب موجود بالفعل."},{"$i":"setup-manual-config2","$v":"متقدم"},{"$i":"setup-manual-config-header","$v":"تسجل الدخول"},{"$i":"setup-manual-account-type-header","$v":"نوع الحساب"},{"$i":"setup-manual-account-type","$v":"نوع الحساب"},{"$i":"setup-manual-account-type-select","ariaLabel":"نوع الحساب"},{"$i":"setup-manual-imap-header","$v":"إعدادات IMAP"},{"$i":"setup-manual-pop3-header","$v":"إعدادات خادم POP3"},{"$i":"setup-manual-smtp-header","$v":"إعدادات SMTP"},{"$i":"setup-manual-activesync-header","$v":"إعدادات ActiveSync"},{"$i":"setup-manual-next","$v":"التالي"},{"$i":"setup-manual-socket","$v":"نوع المقبس"},{"$i":"setup-manual-socket-ssl","$v":"SSL"},{"$i":"setup-manual-socket-starttls","$v":"STARTTLS"},{"$i":"setup-manual-socket-select","ariaLabel":"حماية الاتصال"},{"$i":"setup-manual-socket-plain","$v":"غير مشفّر"},{"$i":"setup-bad-password-header","$v":"كلمة سر خاطئة"},{"$i":"setup-bad-password","$v":"يتعذر تسجيل الدخول إلى الخادم، يُرجى التحقق من صحة كلمة المرور."},{"$i":"setup-new-password","placeholder":"كلمة سِر جديدة"},{"$i":"setup-fix-password","$v":"حاول بكلمة سرّ جديدة"},{"$i":"setup-gmail-twofactor-header","$v":"تم تفعيل Two-Factor"},{"$i":"setup-gmail-twofactor-message","$v":"أدخل كلمة السّر الخاصة بالتطبيق أدناه"},{"$i":"setup-gmail-imap-header","$v":"IMAP معطّل"},{"$i":"setup-gmail-imap-message","$v":"يجب تفعيل IMAP في حساب الجيميل الخاص بك"},{"$i":"setup-gmail-retry","$v":"محاولة مرة أخرى"},{"$i":"setup-gmail-pop3-header","$v":"POP3 غير مُفعّل"},{"$i":"setup-gmail-pop3-message","$v":"يجب تفعيل POP3 في حساب الجيميل الخاص بك"},{"$i":"setup-fix-oauth2-header","$v":"إعادة تفويض البريد الإلكتروني"},{"$i":"setup-fix-oauth2-description","$v":"يجب إعادة تفويض البريد الإلكتروني للوصول إلى الحساب التالي:"},{"$i":"setup-fix-oauth2-reauthorize","$v":"إعادة تفويض"},{"$i":"settings-main-header","$v":"إعدادات البريد"},{"$i":"settings-sub-header-account","$v":"الحسابات"},{"$i":"settings-account-group","ariaLabel":"الحسابات"},{"$i":"settings-account-name","$v":"اسمك"},{"$i":"settings-account-label","$v":"اسم الحساب"},{"$i":"settings-account-display-notifications","$v":"عرض إشعارات البريد الإلكتروني الجديدة"},{"$i":"settings-account-play-sound-onsend","$v":"تشغيل الصوت بعد إرسال رسالة"},{"$i":"settings-account-signature-label","$v":"التوقيع"},{"$i":"settings-sub-header-data","$v":"بيانات"},{"$i":"settings-data-group","ariaLabel":"بيانات"},{"$i":"settings-account-check-mail","$v":"الفحص بحثًا عن رسائل جديدة"},{"$i":"settings-account-check-mail-select","ariaLabel":"تحقق من وجود رسائل جديدة"},{"$i":"settings-sub-header-server","$v":"إعدادات الخادم"},{"$i":"settings-server-group","ariaLabel":"إعدادات الخادم"},{"$i":"settings-account-userpass","$v":"اسم المستخدم وكلمة المرور"},{"$i":"settings-account-useroauth2","$v":"اسم المستخدم"},{"$i":"settings-default-signature-2","$v":"تم الإرسال من هاتفي"},{"$i":"settings-done","$v":"تم"},{"$i":"settings-account-section","$v":"حسابات"},{"$i":"settings-account-listbox","ariaLabel":"حسابات"},{"$i":"settings-account-add","$v":"إضافة"},{"$i":"settings-account-delete","$v":"حذف حساب"},{"$i":"settings-account-delete-prompt","$v":"إذا حذفت هذا الحساب، فستتأثر أيضًا التطبيقات التي تستخدم هذا الحساب."},{"$i":"settings-account-delete-desc","$v":"سيتعين عليك إعادة تنزيل البريد إذا أعدت إنشاء الحساب."},{"$i":"settings-account-delete-cancel","$v":"ألغِ"},{"$i":"settings-account-delete-confirm","$v":"حذف"},{"$i":"settings-account-clarify","$v":[{"t":"idOrVar","v":"account-name"}]},{"$i":"settings-account-clarify-imap","$v":[{"t":"idOrVar","v":"account-name"}," (IMAP)"]},{"$i":"settings-account-clarify-pop3","$v":[{"t":"idOrVar","v":"account-name"}," (POP3)"]},{"$i":"settings-account-clarify-smtp","$v":[{"t":"idOrVar","v":"account-name"}," (SMTP)"]},{"$i":"settings-general-section","$v":"إعدادات عامة"},{"$i":"settings-show-images","$v":"إعرض الصور دائما"},{"$i":"settings-download-attachments","$v":"تنزيل المرفقات"},{"$i":"settings-check-every-5min","$v":"كل 5 دقائق"},{"$i":"settings-check-every-10min","$v":"كل 10 دقائق"},{"$i":"settings-check-every-15min","$v":"كل 15 دقيقة"},{"$i":"settings-check-every-30min","$v":"كل 30 دقيقة"},{"$i":"settings-check-every-60min","$v":"كل ساعة"},{"$i":"settings-check-every-manual","$v":"يدوياُ"},{"$i":"settings-check-dynamic","$v":{"few":[{"t":"idOrVar","v":"n"}," ثوانٍ"],"many":[{"t":"idOrVar","v":"n"}," ثوانٍ"],"one":[{"t":"idOrVar","v":"n"}," ثانية"],"other":[{"t":"idOrVar","v":"n"}," ثوانٍ"],"two":[{"t":"idOrVar","v":"n"}," ثوانٍ"],"zero":"ثواني"},"$x":[{"t":"idOrVar","v":"plural"},"n"]},{"$i":"settings-default-account","$v":"تعيين كبريد إلكتروني افتراضي"},{"$i":"settings-account-type","$v":"نوع الحساب"},{"$i":"settings-account-credentials","$v":"بيانات الاعتماد"},{"$i":"settings-activesync-label","$v":"معلومات عن إعدادات برنامج ActiveSync"},{"$i":"settings-imap-label","$v":"معلومات عن إعدادات بروتوكول الوصول إلى رسائل الإنترنت IMAP"},{"$i":"settings-pop3-label","$v":"معلومات عن إعدادات بروتوكول مكتب البريد POP3"},{"$i":"settings-smtp-label","$v":"معلومات عن إعدادات بروتوكول إرسال البريد البسيط SMTP "},{"$i":"settings-hostname","$v":"اسم المضيف"},{"$i":"settings-port","$v":"المنفذ"},{"$i":"settings-username","$v":"اسم المستخدم"},{"$i":"settings-password","$v":"كلمة السِّر"},{"$i":"settings-save","$v":"حفظ"},{"$i":"password-saved","$v":"تم حفظ كلمة المرور."},{"$i":"settings-reauth","$v":"إعادة تفويض"},{"$i":"settings-account-synchronize-window","$v":"أيام لمزامنة"},{"$i":"settings-account-synchronize-window-select","ariaLabel":"أيام للمزامنة"},{"$i":"settings-synchronize-auto","$v":"تلقائي"},{"$i":"settings-synchronize-one-day","$v":"يوم واحد"},{"$i":"settings-synchronize-three-days","$v":"3 أيام"},{"$i":"settings-synchronize-one-week","$v":"أسبوع واحد"},{"$i":"settings-synchronize-two-weeks","$v":"أسبوعان"},{"$i":"settings-synchronize-one-month","$v":"شهر واحد"},{"$i":"settings-synchronize-all","$v":"كل الرسائل"},{"$i":"envelope-from","$v":"من"},{"$i":"envelope-to","$v":"إلى:"},{"$i":"envelope-cc","$v":"نسخة"},{"$i":"envelope-bcc","$v":"نسخة مخفية"},{"$i":"message-header-state-sending","ariaLabel":"إرسال"},{"$i":"message-header-state-error","ariaLabel":"خطأ في الإرسال"},{"$i":"message-header-unread","ariaLabel":"غير مقروء"},{"$i":"message-header-reply","ariaLabel":"رد"},{"$i":"message-header-forward","ariaLabel":"إعادة توجيه"},{"$i":"message-header-starred","ariaLabel":"به علامة نجمة"},{"$i":"message-header-attachments","ariaLabel":"به مرفقات"},{"$i":"message-body-container","ariaLabel":"نص الرسالة"},{"$i":"message-body-container-progress","ariaValueText":"تحميل"},{"$i":"subject","ariaLabel":"الموضوع"},{"$i":"attachments-container","ariaLabel":"مرفقات"},{"$i":"from-group","ariaLabel":"من"},{"$i":"to-group","ariaLabel":"إلى:"},{"$i":"cc-group","ariaLabel":"نسخة"},{"$i":"bcc-group","ariaLabel":"نسخة مخفية"},{"$i":"compose-header","$v":"إنشاء رسالة"},{"$i":"compose-header-short","$v":"إنشاء"},{"$i":"compose-send","$v":"إرسال"},{"$i":"compose-send-button","ariaLabel":"إرسال"},{"$i":"compose-to","$v":"إلى:"},{"$i":"compose-cc","$v":"نسخة"},{"$i":"compose-bcc","$v":"نسخة مخفية"},{"$i":"compose-cc-remove","$v":"تمت إزالة قائمة النسخة."},{"$i":"compose-bcc-remove","$v":"تمت إزالة قائمة النسخة المخفية."},{"$i":"compose-contact-add","ariaLabel":"إضافة جهة إتصال"},{"$i":"compose-attachments","$v":{"few":[{"t":"idOrVar","v":"n"}," مرفق"],"many":[{"t":"idOrVar","v":"n"}," مرفق"],"one":[{"t":"idOrVar","v":"n"}," مرفق"],"other":[{"t":"idOrVar","v":"n"}," مرفق"],"two":[{"t":"idOrVar","v":"n"}," مرفق"],"zero":"مرفق"},"$x":[{"t":"idOrVar","v":"plural"},"n"]},{"$i":"compose-text","ariaLabel":"حرّر"},{"$i":"compose-attachment-still-working","$v":"لحظة واحدة، لا تزال تعمل على المرفق السابق..."},{"$i":"compose-attachment-loading","$v":"تحميل المرفق..."},{"$i":"compose-attachments-loading","$v":"تحميل المرفقات..."},{"$i":"compose-forward-attachment-error-title","$v":"فشل التحميل"},{"$i":"compose-forward-attachment-error-title2","$v":"خطأ"},{"$i":"compose-forward-attachment-unable-load","$v":"تعذر تحميل المرفق."},{"$i":"compose-forward-attachments-unable-load","$v":"تعذر تحميل المرفقات."},{"$i":"compose-forward-attachment-load-error","$v":"تعذر تحميل بعض المرفقات."},{"$i":"confirmation-title","$v":"تأكيد"},{"$i":"compose-subject","$v":"الموضوع"},{"$i":"compose-draft-save","$v":"حفظ في المسودات"},{"$i":"compose-discard-confirm","$v":"تجاهل"},{"$i":"compose-draft-dialog-cancel","$v":"ألغِ"},{"$i":"compose-draft-dialog-save","$v":"حفظ"},{"$i":"composer-draft-saved","$v":"تم حفظ المسودة."},{"$i":"attention","$v":"تنبيه"},{"$i":"compose-send-message-failed","$v":"تعذر إرسال البريد الالكتروني"},{"$i":"compose-attchment-size-exceeded","$v":"المرفق أكبر من أن يتم إرساله مع الرسالة."},{"$i":"compose-attchments-size-exceeded","$v":"المرفقات أكبر كثيرًا من أن يتم إرسالها مع الرسالة."},{"$i":"composer-attachment-large-title","$v":"حجم الملف كبير للغاية"},{"$i":"default-attachment-filename","$v":["المرفق ",{"t":"idOrVar","v":"n"}]},{"$i":"attachment-size-meb","$v":[{"t":"idOrVar","v":"megabytes"},"م.ب"]},{"$i":"attachment-size-kib","$v":[{"t":"idOrVar","v":"kilobytes"}," KB"]},{"$i":"attachment-size-byte","$v":[{"t":"idOrVar","v":"bytes"}," بايت"]},{"$i":"message-attachment-view","$v":"اعرض"},{"$i":"message-attachment-did-not-open-label","$v":"تعذر فتح"},{"$i":"message-attachment-did-not-open-body","$v":"لا يحتوي الجهاز على تطبيق يمكنه فتح المرفق."},{"$i":"message-attachment-too-large","$v":"هذا الملف كبير للغاية ولا يمكن تنزيله."},{"$i":"message-attachment-not-found","$v":"الملف المرفق غير موجود، هل تريد التنزيل مرة أخرى؟"},{"$i":"message-attachment-download-fail","$v":[{"t":"idOrVar","v":"fileName"}," -تعذَّر التنزيل."]},{"$i":"message-no-subject","$v":"(بلا موضوع)"},{"$i":"message-edit-menu-edit","$v":"حرّر"},{"$i":"message-edit-menu-delete","$v":"حذف"},{"$i":"message-edit-delete-confirm","$v":"حذف الرسالة؟"},{"$i":"message-forward-attachment-title","$v":"مرفق"},{"$i":"message-forward-attachment","$v":"إرسال المرفق أيضًا؟"},{"$i":"message-forward-attachments","$v":"إرسال المرفقات أيضًا؟"},{"$i":"message-multiedit-header","$v":{"few":"تحديد","many":"تحديد","one":"تحديد","other":"تحديد","two":"تحديد","zero":"تحديد"},"$x":[{"t":"idOrVar","v":"plural"},"n"]},{"$i":"message-multiedit-search-header","$v":{"few":"تحديد","many":"تحديد","one":"تحديد","other":"تحديد","two":"تحديد","zero":"تم تحديد 0"},"$x":[{"t":"idOrVar","v":"plural"},"n"]},{"$i":"browse-to-url-prompt","$v":["تصفَّح إلى العنوان؟: ",{"t":"idOrVar","v":"url"}]},{"$i":"message-download-images-tap","$v":{"few":["يحتوي هذا البريد الإلكتروني على ",{"t":"idOrVar","v":"n"}," صور. اضغط للتنزيل."],"many":["يحتوي هذا البريد الإلكتروني على ",{"t":"idOrVar","v":"n"}," صور. اضغط للتنزيل."],"one":"يحتوي هذا البريد الإلكتروني على صورة واحدة. اضغط للتنزيل.","other":["يحتوي هذا البريد الإلكتروني على ",{"t":"idOrVar","v":"n"}," صور. اضغط للتنزيل."],"two":["يحتوي هذا البريد الإلكتروني على ",{"t":"idOrVar","v":"n"}," صور. اضغط للتنزيل."]},"$x":[{"t":"idOrVar","v":"plural"},"n"]},{"$i":"message-show-external-images","$v":"عرض الصور الخارجية"},{"$i":"message-delete-cancel","$v":"ألغِ"},{"$i":"message-multiedit-delete-confirm","$v":{"few":["حذف ",{"t":"idOrVar","v":"n"}," من الرسائل؟"],"many":["حذف ",{"t":"idOrVar","v":"n"}," من الرسائل؟"],"one":"هل تريد حذف الرسالة المحددة؟","other":["حذف ",{"t":"idOrVar","v":"n"}," من الرسائل؟"],"two":["حذف ",{"t":"idOrVar","v":"n"}," من الرسائل؟"]},"$x":[{"t":"idOrVar","v":"plural"},"n"]},{"$i":"message-large-message-cancel","$v":"ألغِ"},{"$i":"message-large-message-ok","$v":"متابعة"},{"$i":"message-large-message-confirm","$v":"هذه الرسالة هي كبيرة وربما تستغرق بعض الوقت للتحميل."},{"$i":"message-large-message-warning","$v":"الرسالة كبيرة الحجم حتى يتم تحميلها."},{"$i":"message-search-header","$v":"بحث"},{"$i":"search-result","$v":["رسائل البريد الإلكتروني (",{"t":"idOrVar","v":"num"},")"]},{"$i":"message-search-from","$v":"من"},{"$i":"message-search-to","$v":"إلى:"},{"$i":"message-search-subject","$v":"الموضوع"},{"$i":"message-search-body","$v":"الرسالة"},{"$i":"message-search-all","$v":"الكل"},{"$i":"message-search-input","placeholder":"إبجث في البريد"},{"$i":"message-search-cancel","$v":"ألغِ"},{"$i":"messages-syncing","$v":"تحميل الرسائل"},{"$i":"messages-syncing-progressbar","ariaValueText":"تحميل الرسائل"},{"$i":"messages-load-more","$v":"تحميل المزيد من الرسائل"},{"$i":"messages-folder-empty","$v":"لا يوجد بريد إلكتروني في هذا المجلد"},{"$i":"messages-search-empty","$v":"لم يتم العثور على نتائج في الرسائل المخزنة محليا"},{"$i":"messages-folder-select","$v":"نقل إلى مجلد"},{"$i":"messages-folder-unread-max","$v":"999+"},{"$i":"message-contact-menu-create","$v":"إنشاء جهة اتصال جديدة"},{"$i":"message-contact-menu-add-existing","$v":"إضافة إلى جهة اتصال موجودة"},{"$i":"message-contact-menu-view","$v":"عرض جهة الإتصال"},{"$i":"message-contact-menu-reply","$v":"رد"},{"$i":"message-contact-menu-new","$v":"أرسل بريد جديد"},{"$i":"message-reply-menu-reply","$v":"رد"},{"$i":"message-reply-menu-reply-all","$v":"الرد على الكل"},{"$i":"message-reply-menu-forward","$v":"إعادة توجيه"},{"$i":"message-reply-menu-cancel","$v":"ألغِ"},{"$i":"reply-quoting-wrote","$v":"كتب {name }"},{"$i":"forward-original-message","$v":"الرسالة الأصلية"},{"$i":"forward-header-subject","$v":"الموضوع"},{"$i":"forward-header-date","$v":"التاريخ"},{"$i":"forward-header-from","$v":"من"},{"$i":"forward-header-reply-to","$v":"رد على"},{"$i":"forward-header-to","$v":"إلى:"},{"$i":"forward-header-cc","$v":"نسخة"},{"$i":"folder-inbox","$v":"الوارد"},{"$i":"folder-sent","$v":"المرسل"},{"$i":"folder-drafts","$v":"المسودات"},{"$i":"folder-trash","$v":"المهملات"},{"$i":"folder-queue","$v":"غير مُرسَل"},{"$i":"folder-junk","$v":"غير مرغوب به"},{"$i":"folder-archives","$v":"الأرشيف"},{"$i":"folder-localdrafts","$v":"المسودات المحلية"},{"$i":"folder-outbox","$v":"صندوق الصادر"},{"$i":"drawer-back","$v":"رجوع"},{"$i":"drawer-accounts-header","$v":"حسابات"},{"$i":"drawer-settings-link","$v":"الإعدادات"},{"$i":"folder-last-synced-label","$v":"آخر مزامنة:"},{"$i":"messages-refresh-progress","ariaValueText":"جارٍ التحديث"},{"$i":"no-internet-connection","$v":"لا يوجد اتصال بالإنترنت."},{"$i":"toaster-undo","$v":"تراجع"},{"$i":"toaster-message-star","$v":{"one":"تم تمييز الرسالة بعلامة.","few":[{"t":"idOrVar","v":"n"}," تم تمييز الرسائل بعلامات."],"many":[{"t":"idOrVar","v":"n"}," تم تمييز الرسائل بعلامات."],"other":[{"t":"idOrVar","v":"n"}," تم تمييز الرسائل بعلامات."],"two":[{"t":"idOrVar","v":"n"}," تم تمييز الرسائل بعلامات."]},"$x":[{"t":"idOrVar","v":"plural"},"n"]},{"$i":"toaster-message-unstar","$v":{"one":"تمت إزالة علامة الرسالة.","few":[{"t":"idOrVar","v":"n"}," تمت إزالة علامات الرسائل."],"many":[{"t":"idOrVar","v":"n"}," تمت إزالة علامات الرسائل."],"other":[{"t":"idOrVar","v":"n"}," تمت إزالة علامات الرسائل."],"two":[{"t":"idOrVar","v":"n"}," تمت إزالة علامات الرسائل."]},"$x":[{"t":"idOrVar","v":"plural"},"n"]},{"$i":"toaster-message-read","$v":{"one":"مميَّزة كمقروءة.","few":[{"t":"idOrVar","v":"n"}," تم تمييز الرسائل كمقروءة."],"many":[{"t":"idOrVar","v":"n"}," تم تمييز الرسائل كمقروءة."],"other":[{"t":"idOrVar","v":"n"}," تم تمييز الرسائل كمقروءة."],"two":[{"t":"idOrVar","v":"n"}," تم تمييز الرسائل كمقروءة."]},"$x":[{"t":"idOrVar","v":"plural"},"n"]},{"$i":"toaster-message-unread","$v":{"one":"مميَّزة كغير مقروءة.","few":[{"t":"idOrVar","v":"n"}," تم تمييز الرسائل كغير مقروءة."],"many":[{"t":"idOrVar","v":"n"}," تم تمييز الرسائل كغير مقروءة."],"other":[{"t":"idOrVar","v":"n"}," تم تمييز الرسائل كغير مقروءة."],"two":[{"t":"idOrVar","v":"n"}," تم تمييز الرسائل كغير مقروءة."]},"$x":[{"t":"idOrVar","v":"plural"},"n"]},{"$i":"toaster-message-move","$v":{"one":"رسالة واحدة منقولة","few":["تم نقل ",{"t":"idOrVar","v":"n"}," رسالة"],"many":["تم نقل ",{"t":"idOrVar","v":"n"}," رسالة"],"other":["تم نقل ",{"t":"idOrVar","v":"n"}," رسالة"],"two":["تم نقل ",{"t":"idOrVar","v":"n"}," رسالة"]},"$x":[{"t":"idOrVar","v":"plural"},"n"]},{"$i":"toaster-message-delete","$v":{"one":"تم حذف رسالة بريد إلكتروني واحدة","few":[{"t":"idOrVar","v":"n"}," تم حذف رسائل البريد الإلكتروني."],"many":[{"t":"idOrVar","v":"n"}," تم حذف رسائل البريد الإلكتروني."],"other":[{"t":"idOrVar","v":"n"}," تم حذف رسائل البريد الإلكتروني."],"two":[{"t":"idOrVar","v":"n"}," تم حذف رسائل البريد الإلكتروني."]},"$x":[{"t":"idOrVar","v":"plural"},"n"]},{"$i":"toaster-sync-failed","$v":"يتعذر الاتصال بالخادم."},{"$i":"compose-invalid-addresses-title","$v":"عناوين غير صالحة"},{"$i":"compose-invalid-addresses-description","$v":"تحتوي رسالتك على عنوان بريد إلكتروني غير صالح أو أكثر. يُرجى تصحيحها قبل الإرسال."},{"$i":"background-send-pending","$v":"لا يوجد اتصال بالإنترنت. تم حفظ البريد الإلكتروني إلى علبة الصادر."},{"$i":"background-send-sending","$v":"جارٍ الإرسال..."},{"$i":"background-send-success","$v":"تم إرسال البريد الإلكتروني."},{"$i":"background-send-error","$v":"حدث خطأ. تم حفظ البريد الإلكتروني إلى صندوق الصادر."},{"$i":"background-send-error-recipients","$v":"خطأ في المستلم. تم حفظ البريد الإلكتروني إلى صندوق الصادر."},{"$i":"background-send-error-title","$v":"فشل إرسال البريد"},{"$i":"send-failure-recipients","$v":"تحقق من هجاء العناوين أعلاه. يشير خادم البريد إلى عدم صحة واحد أو أكثر من العناوين أعلاه."},{"$i":"send-failure-unknown","$v":"تعذر إرسال الرسالة."},{"$i":"form-clear-input","$v":"إحذف النص"},{"$i":"confirm-dialog-title","$v":"تأكيد"},{"$i":"confirm-dialog-ok","$v":"موافق"},{"$i":"msg-display-subject","$v":"الموضوع"},{"$i":"msg-reader-display-attachments","$v":"مرفقات"},{"$i":"msg-reader-display-attachment","$v":"مرفق"},{"$i":"msg-reader-download-external-images","$v":["تنزيل الصور الخارجية (",{"t":"idOrVar","v":"n"}," ميغابايت)"]},{"$i":"msg-reader-sender-header","$v":"المرسل"},{"$i":"msg-reader-recipients-header","$v":"المستلمون"},{"$i":"msg-reader-cc-header","$v":"نسخة"},{"$i":"msg-reader-bcc-header","$v":"نسخة مخفية"},{"$i":"msg-reader-message-flagged","$v":"وضع علامة على رسالة واحدة"},{"$i":"msg-reader-flag-removed","$v":"تمت إزالة العلم"},{"$i":"external-image-downloading","$v":"جارٍ التنزيل..."},{"$i":"senders-separation-sign","$v":", "},{"$i":"new-messages","$v":{"few":[{"t":"idOrVar","v":"n"}," رسائل جديدة"],"many":[{"t":"idOrVar","v":"n"}," رسائل جديدة"],"one":"رسالة واحدة جديدة","other":[{"t":"idOrVar","v":"n"}," رسائل جديدة"],"two":[{"t":"idOrVar","v":"n"}," رسائل جديدة"]},"$x":[{"t":"idOrVar","v":"plural"},"n"]},{"$i":"new-emails-notify-one-account","$v":{"few":[{"t":"idOrVar","v":"n"}," رسائل إلكترونية جديدة"],"many":[{"t":"idOrVar","v":"n"}," رسائل إلكترونية جديدة"],"one":"بريد إلكتروني جديد","other":[{"t":"idOrVar","v":"n"}," رسائل إلكترونية جديدة"],"two":[{"t":"idOrVar","v":"n"}," رسائل إلكترونية جديدة"]},"$x":[{"t":"idOrVar","v":"plural"},"n"]},{"$i":"new-emails-notify-multiple-accounts","$v":{"few":[{"t":"idOrVar","v":"n"}," رسائل إلكترونية جديدة (",{"t":"idOrVar","v":"accountName"},")"],"many":[{"t":"idOrVar","v":"n"}," رسائل إلكترونية جديدة (",{"t":"idOrVar","v":"accountName"},")"],"one":["بريد إلكتروني جديد (",{"t":"idOrVar","v":"accountName"},")"],"other":[{"t":"idOrVar","v":"n"}," رسائل إلكترونية جديدة (",{"t":"idOrVar","v":"accountName"},")"],"two":[{"t":"idOrVar","v":"n"}," رسائل إلكترونية جديدة (",{"t":"idOrVar","v":"accountName"},")"]},"$x":[{"t":"idOrVar","v":"plural"},"n"]},{"$i":"new-emails-notify-multiple-accounts-body","$v":[{"t":"idOrVar","v":"from"}," “",{"t":"idOrVar","v":"subject"},"”"]},{"$i":"tng-plain-socket-warning-title","$v":"هل أنت متأكد؟"},{"$i":"tng-plain-socket-warning-message","$v":"قد يتمكن الأشخاص الآخرون من رؤية كلمات المرور ورسائل البريد الإلكتروني أو التحكم في حسابك."},{"$i":"tng-plain-socket-warning-message-options","$v":"هناك العديد من موفري خدمات البريد الإلكتروني المجانية التي توفر اتصالات أكثر أمانًا ومشفرة."},{"$i":"tng-plain-socket-warning-ok","$v":"أفهم"},{"$i":"message-reader-date-received","ariaLabel":"تم الاستلام"},{"$i":"sort-by-title","$v":"تصنيف حسب"},{"$i":"sort-by-date","$v":"التاريخ"},{"$i":"sort-by-from","$v":"من"},{"$i":"sort-by-to","$v":"إلى:"},{"$i":"sort-by-subject","$v":"الموضوع"},{"$i":"softkey-options","$v":"الخيارات"},{"$i":"opt-compose","$v":"إنشاء"},{"$i":"opt-reply","$v":"رد"},{"$i":"opt-reply-all","$v":"الردّ على الكل"},{"$i":"opt-forward","$v":"إعادة توجيه"},{"$i":"opt-mark-read","$v":"تمييز كمقروءة"},{"$i":"opt-mark-unread","$v":"تمييز كغير مقروءة"},{"$i":"opt-add-flag","$v":"إضافة علامة"},{"$i":"opt-remove-flag","$v":"إزالة العلامة"},{"$i":"opt-move-message","$v":"نقل إلى المجلد"},{"$i":"opt-delete-message","$v":"حذف"},{"$i":"opt-multi-select","$v":"تحديد متعدد"},{"$i":"opt-search","$v":"بحث"},{"$i":"opt-folders","$v":"مجلدات العرض"},{"$i":"opt-sort","$v":"فرز"},{"$i":"opt-sync","$v":"مزامنة"},{"$i":"opt-account","$v":"تبديل الحساب"},{"$i":"opt-settings","$v":"الإعدادات"},{"$i":"opt-edit","$v":"حرّر"},{"$i":"opt-cancel","$v":"ألغِ"},{"$i":"opt-save","$v":"حفظ"},{"$i":"opt-move","$v":"نقل"},{"$i":"opt-view","$v":"اعرض"},{"$i":"opt-empty-trash","$v":"إخلاء صندوق المهملات"},{"$i":"opt-call-number","$v":"اتصال"},{"$i":"opt-compose-mail","$v":"إنشاء"},{"$i":"opt-open-url","$v":"فتح"},{"$i":"select-option-on","$v":"فعّال"},{"$i":"select-option-off","$v":"غيرفعّال"},{"$i":"select-option-imap-smtp","$v":"IMAP+SMTP"},{"$i":"select-option-pop3-smtp","$v":"POP3+SMTP"},{"$i":"select-option-activesync","$v":"ActiveSync"},{"$i":"toaster-switch-account","$v":"تم تبديل حساب البريد الإلكتروني إلى:"},{"$i":"toaster-sorted-by","$v":"رسائل البريد الإلكتروني مرتبة حسب"},{"$i":"cmp-reply","$v":"رد"},{"$i":"cmp-reply-all","$v":"رد على الكل"},{"$i":"cmp-forward","$v":"إعادة توجيه رسالة"},{"$i":"cmp-remove-attach","$v":"تمت إزالة المرفق"},{"$i":"select","$v":"تحديد"},{"$i":"deselect","$v":"إلغاء تحديد"},{"$i":"cancel","$v":"ألغِ"},{"$i":"enter","$v":"إدخال"},{"$i":"remove-attachment","$v":"أزِل المرفق"},{"$i":"replace-attachment","$v":"إستبدل المرفق"},{"$i":"add-attachment","$v":"إضافة مرفق"},{"$i":"add-contact","$v":"إضافة جهة إتصال"},{"$i":"add-cc","$v":"إضافة نسخة"},{"$i":"remove-cc","$v":"إزالة النسخة"},{"$i":"add-bcc","$v":"إضافة نسخة مخفية"},{"$i":"remove-bcc","$v":"إزالة النسخة المخفية"},{"$i":"attachment-download","$v":"تنزيل"},{"$i":"attachment-share","$v":"مشاركة"},{"$i":"send-new-mail","$v":"أرسل بريد جديد"},{"$i":"view-contact","$v":"عرض جهة الاتصال"},{"$i":"save-new-contact","$v":"إنشاء جهة اتصال جديدة"},{"$i":"add-to-exsiting-contact","$v":"إضافة إلى جهة اتصال موجودة"},{"$i":"no","$v":"لا"},{"$i":"yes","$v":"نعم"},{"$i":"retry","$v":"محاولة مرة أخرى"},{"$i":"empty","$v":"فارغ"},{"$i":"empty-trash-confirm","$v":"هل تريد إفراغ سلة المحذوفات؟"},{"$i":"trash-emptied","$v":"تم إفراغ سلة المحذوفات"},{"$i":"next","$v":"التالي"},{"$i":"welcome-header","$v":"البريد الإلكتروني"},{"$i":"welcome-msg","$v":"مرحبًا بك في البريد الإلكتروني."},{"$i":"welcome-msg-setup","$v":"اضغط على التالي لإعداد حساب البريد الإلكتروني الخاص بك."},{"$i":"discard","$v":"تجاهل"},{"$i":"leave-this-page-warning-message","$v":"تجاهل المعلومات؟"},{"$i":"finish","$v":"انهاء"},{"$i":"setup-done-msg","$v":"لقد سجلت الدخول بنجاح. هل ترغب في إضافة حساب آخر؟"},{"$i":"save-as-draft","$v":"حفظ كمسودة"},{"$i":"show-password","$v":"إظهار كلمة المرور"},{"$i":"account-label","$v":"اسم الحساب"},{"$i":"folders","$v":"المجلدات"},{"$i":"security","$v":"الحماية"},{"$i":"port-number","$v":"رقم المنفذ"},{"$i":"domain-username","$v":"المجال/اسم المستخدم"},{"$i":"synchronizing","$v":"جارٍ المزامنة..."},{"$i":"browse-mail","$v":"تصفح البريد"},{"$i":"never-sync","$v":"المسودات المحلية غير متزامنة مع الخادم."},{"$i":"emptyDownloadFile","$v":"يتعذر تنزيل هذا الملف، ربما يكون فارغًا"},{"$i":"sync","$v":"مزامنة"},{"$i":"outbox-unsent-label","$v":{"few":[{"t":"idOrVar","v":"n"}," رسائل غير مرسلة في صندوق الصادر"],"many":[{"t":"idOrVar","v":"n"}," رسائل غير مرسلة في صندوق الصادر"],"one":"رسالة واحدة غير مرسلة في صندوق الصادر","other":[{"t":"idOrVar","v":"n"}," رسائل غير مرسلة في صندوق الصادر"],"two":"رسالتان غير مرسلتان في صندوق الصادر"},"$x":[{"t":"idOrVar","v":"plural"},"n"]},{"$i":"storage-full-title","$v":"وحدة التخزين ممتلئة"},{"$i":"storage-full-warning","$v":"يمكنك حذف بعض ملفات الوسائط أو إدارة بيانات التطبيق للحصول على مساحة فارغة أكبر."},{"$i":"storage-full","$v":"وحدة تخزين الهاتف ممتلئة."},{"$i":"storage-sdcard-full","$v":"بطاقة SD ممتلئة."},{"$i":"view-address","$v":"عنوان العرض"},{"$i":"mail-address-title","$v":"عنوان البريد الإلكتروني"},{"$i":"mail-address","$v":[{"t":"idOrVar","v":"address"}]},{"$i":"value-name","$v":[{"t":"idOrVar","v":"name"}]},{"$i":"account-deleted","$v":"تم حذف الحساب."},{"$i":"account-reEnable","$v":"الحساب موجود بالفعل. مزامنة الحساب؟"},{"$i":"setup-account-usedInfo","$v":"سيتم استخدام هذا الحساب من خلال التطبيقات المذكورة أدناه. يمكنك تغيير ذلك من خلال الإعدادات > الحساب."},{"$i":"setup-account-settingsInfo","$v":"لكل تطبيق فترات مزامنة افتراضية مختلفة، يُرجى التحقق من إعدادات التطبيق."},{"$i":"app-calendar","$v":"التقويم"},{"$i":"app-contacts","$v":"جهات الاتصال"},{"$i":"app-email","$v":"البريد الإلكتروني"},{"$i":"sync-account-guide","$v":"قم بتشغيل مزامنة الحساب في الإعدادات لعرض البريد الإلكتروني."},{"$i":"settings-account-sync","$v":"مزامنة الحساب"},{"$i":"weekday-0-long","$v":"الأحد"},{"$i":"weekday-1-long","$v":"الإثنين"},{"$i":"weekday-2-long","$v":"الثلاثاء"},{"$i":"weekday-3-long","$v":"الأربعاء"},{"$i":"weekday-4-long","$v":"الخميس"},{"$i":"weekday-5-long","$v":"الجمعة"},{"$i":"weekday-6-long","$v":"السبت"},{"$i":"weekday-0-short","$v":"أحد"},{"$i":"weekday-1-short","$v":"إثنين"},{"$i":"weekday-2-short","$v":"ثلاثاء"},{"$i":"weekday-3-short","$v":"أربعاء"},{"$i":"weekday-4-short","$v":"خميس"},{"$i":"weekday-5-short","$v":"جمعة"},{"$i":"weekday-6-short","$v":"سبت"},{"$i":"month-0-long","$v":"يناير"},{"$i":"month-1-long","$v":"فبراير"},{"$i":"month-2-long","$v":"مارس"},{"$i":"month-3-long","$v":"أبريل"},{"$i":"month-4-long","$v":"مايو"},{"$i":"month-5-long","$v":"يونيو"},{"$i":"month-6-long","$v":"يوليو"},{"$i":"month-7-long","$v":"أغسطس"},{"$i":"month-8-long","$v":"سبتمبر"},{"$i":"month-9-long","$v":"أكتوبر"},{"$i":"month-10-long","$v":"نوفمبر"},{"$i":"month-11-long","$v":"ديسمبر"},{"$i":"month-0-genitive","$v":"يناير"},{"$i":"month-1-genitive","$v":"فبراير"},{"$i":"month-2-genitive","$v":"مارس"},{"$i":"month-3-genitive","$v":"أبريل"},{"$i":"month-4-genitive","$v":"مايو"},{"$i":"month-5-genitive","$v":"يونيو"},{"$i":"month-6-genitive","$v":"يوليو"},{"$i":"month-7-genitive","$v":"أغسطس"},{"$i":"month-8-genitive","$v":"سبتمبر"},{"$i":"month-9-genitive","$v":"أكتوبر"},{"$i":"month-10-genitive","$v":"نوفمبر"},{"$i":"month-11-genitive","$v":"ديسمبر"},{"$i":"month-0-short","$v":"يناير"},{"$i":"month-1-short","$v":"فبراير"},{"$i":"month-2-short","$v":"مارس"},{"$i":"month-3-short","$v":"ابريل"},{"$i":"month-4-short","$v":"مايو"},{"$i":"month-5-short","$v":"يونيو"},{"$i":"month-6-short","$v":"يوليو"},{"$i":"month-7-short","$v":"أغسطس"},{"$i":"month-8-short","$v":"سبتمبر"},{"$i":"month-9-short","$v":"أكتوبر"},{"$i":"month-10-short","$v":"نوفمبر"},{"$i":"month-11-short","$v":"ديسمبر"},{"$i":"minutes-ago-long","$v":{"few":["منذ ",{"t":"idOrVar","v":"value"}," دقائق"],"many":["منذ ",{"t":"idOrVar","v":"value"}," دقائق"],"other":["منذ ",{"t":"idOrVar","v":"value"}," دقائق"],"two":["منذ ",{"t":"idOrVar","v":"value"}," دقائق"],"one":"منذ دقيقة","zero":"للتو"},"$x":[{"t":"idOrVar","v":"plural"},"value"]},{"$i":"hours-ago-long","$v":{"few":["منذ ",{"t":"idOrVar","v":"value"}," ساعات"],"many":["منذ ",{"t":"idOrVar","v":"value"}," ساعات"],"other":["منذ ",{"t":"idOrVar","v":"value"}," ساعات"],"two":["منذ ",{"t":"idOrVar","v":"value"}," ساعات"],"one":"قبل ساعة واحدة","zero":"للتو"},"$x":[{"t":"idOrVar","v":"plural"},"value"]},{"$i":"days-ago-long","$v":{"few":["منذ ",{"t":"idOrVar","v":"value"}," أيام"],"many":["منذ ",{"t":"idOrVar","v":"value"}," أيام"],"one":"الأمس","other":["منذ ",{"t":"idOrVar","v":"value"}," أيام"],"two":["منذ ",{"t":"idOrVar","v":"value"}," أيام"],"zero":"اليوم"},"$x":[{"t":"idOrVar","v":"plural"},"value"]},{"$i":"weeks-ago-long","$v":{"few":["منذ ",{"t":"idOrVar","v":"value"}," أسابيع"],"many":["منذ ",{"t":"idOrVar","v":"value"}," أسابيع"],"one":"الأسبوع الماضي","other":["منذ ",{"t":"idOrVar","v":"value"}," أسابيع"],"two":["منذ ",{"t":"idOrVar","v":"value"}," أسابيع"],"zero":"هذا الأسبوع"},"$x":[{"t":"idOrVar","v":"plural"},"value"]},{"$i":"months-ago-long","$v":{"few":["منذ ",{"t":"idOrVar","v":"value"}," أشهر"],"many":["منذ ",{"t":"idOrVar","v":"value"}," أشهر"],"one":"الشهر الماضي","other":["منذ ",{"t":"idOrVar","v":"value"}," أشهر"],"two":["منذ ",{"t":"idOrVar","v":"value"}," أشهر"],"zero":"هذا الشهر"},"$x":[{"t":"idOrVar","v":"plural"},"value"]},{"$i":"years-ago-long","$v":{"few":["منذ ",{"t":"idOrVar","v":"value"}," سنوات"],"many":["منذ ",{"t":"idOrVar","v":"value"}," سنوات"],"one":"السنة الماضية","other":["منذ ",{"t":"idOrVar","v":"value"}," سنوات"],"two":["منذ ",{"t":"idOrVar","v":"value"}," سنوات"],"zero":"هذه السنة"},"$x":[{"t":"idOrVar","v":"plural"},"value"]},{"$i":"minutes-until-long","$v":{"few":["خلال ",{"t":"idOrVar","v":"value"}," دقائق"],"many":["خلال ",{"t":"idOrVar","v":"value"}," دقائق"],"other":["خلال ",{"t":"idOrVar","v":"value"}," دقائق"],"two":["خلال ",{"t":"idOrVar","v":"value"}," دقائق"],"zero":"الآن","one":"خلال دقيقة"},"$x":[{"t":"idOrVar","v":"plural"},"value"]},{"$i":"hours-until-long","$v":{"few":["خلال ",{"t":"idOrVar","v":"value"}," ساعات"],"many":["خلال ",{"t":"idOrVar","v":"value"}," ساعات"],"other":["خلال ",{"t":"idOrVar","v":"value"}," ساعات"],"two":["خلال ",{"t":"idOrVar","v":"value"}," ساعات"],"zero":"الآن","one":"خلال ساعة"},"$x":[{"t":"idOrVar","v":"plural"},"value"]},{"$i":"days-until-long","$v":{"few":["خلال ",{"t":"idOrVar","v":"value"}," أيام"],"many":["خلال ",{"t":"idOrVar","v":"value"}," أيام"],"one":"غداً","other":["خلال ",{"t":"idOrVar","v":"value"}," أيام"],"two":["خلال ",{"t":"idOrVar","v":"value"}," أيام"],"zero":"اليوم"},"$x":[{"t":"idOrVar","v":"plural"},"value"]},{"$i":"weeks-until-long","$v":{"few":["خلال ",{"t":"idOrVar","v":"value"}," أسابيع"],"many":["خلال ",{"t":"idOrVar","v":"value"}," أسابيع"],"one":"الأسبوع القادم","other":["خلال ",{"t":"idOrVar","v":"value"}," أسابيع"],"two":["خلال ",{"t":"idOrVar","v":"value"}," أسابيع"],"zero":"هذا الأسبوع"},"$x":[{"t":"idOrVar","v":"plural"},"value"]},{"$i":"months-until-long","$v":{"few":["خلال ",{"t":"idOrVar","v":"value"}," شهور"],"many":["خلال ",{"t":"idOrVar","v":"value"}," شهور"],"one":"الشهر القادم","other":["خلال ",{"t":"idOrVar","v":"value"}," شهور"],"two":["خلال ",{"t":"idOrVar","v":"value"}," شهور"],"zero":"هذا الشهر"},"$x":[{"t":"idOrVar","v":"plural"},"value"]},{"$i":"years-until-long","$v":{"few":["خلال ",{"t":"idOrVar","v":"value"}," سنوات"],"many":["خلال ",{"t":"idOrVar","v":"value"}," سنوات"],"one":"السنة القادمة","other":["خلال ",{"t":"idOrVar","v":"value"}," سنوات"],"two":["خلال ",{"t":"idOrVar","v":"value"}," سنوات"],"zero":"هذه السنة"},"$x":[{"t":"idOrVar","v":"plural"},"value"]},{"$i":"minutes-ago-short","$v":{"other":["منذ ",{"t":"idOrVar","v":"value"}," دقيقة"],"zero":"للتو"},"$x":[{"t":"idOrVar","v":"plural"},"value"]},{"$i":"hours-ago-short","$v":{"other":["منذ ",{"t":"idOrVar","v":"value"}," س"],"zero":"للتو"},"$x":[{"t":"idOrVar","v":"plural"},"value"]},{"$i":"days-ago-short","$v":{"other":["منذ ",{"t":"idOrVar","v":"value"}," ي"],"zero":"اليوم"},"$x":[{"t":"idOrVar","v":"plural"},"value"]},{"$i":"minutes-until-short","$v":{"other":["خلال ",{"t":"idOrVar","v":"value"}," د"],"zero":"الآن"},"$x":[{"t":"idOrVar","v":"plural"},"value"]},{"$i":"hours-until-short","$v":{"other":["خلال ",{"t":"idOrVar","v":"value"}," س"],"zero":"الآن"},"$x":[{"t":"idOrVar","v":"plural"},"value"]},{"$i":"days-until-short","$v":{"other":["خلال ",{"t":"idOrVar","v":"value"}," ي"],"zero":"اليوم"},"$x":[{"t":"idOrVar","v":"plural"},"value"]},{"$i":"incorrectDate","$v":"(تاريخ غير صحيح)"},{"$i":"dateTimeFormat_%c","$v":"%a %e %b %Y %I:%M:%S %p"},{"$i":"dateTimeFormat_%x","$v":"%Y/%m/%d"},{"$i":"dateTimeFormat_%X","$v":"%I:%M:%S %p"},{"$i":"shortTimeFormat","$v":"%I:%M %p"},{"$i":"shortTimeFormat12","$v":"%I:%M %p"},{"$i":"shortTimeFormat24","$v":"%H:%M"},{"$i":"shortDateTimeFormat","$v":"%x %I:%M %p"},{"$i":"weekStartsOnMonday","$v":"0.0"},{"$i":"firstDayOfTheWeek","$v":"0.0"},{"$i":"time_am","$v":"ص"},{"$i":"time_pm","$v":"م"}]