[{"$i":"setup-app-name-header","$v":"E-pošta"},{"$i":"setup-empty-account-message","$v":"Niste spremni za slanje ili prijem e-poruka. Postavite račun za dovršavanje radnje."},{"$i":"setup-pick-service","$v":"Postavite račun za slanje i prijem e-poruka."},{"$i":"setup-account-header3","$v":"Account Login"},{"$i":"setup-account-password","$v":"Lozinka"},{"$i":"setup-info-next","$v":"Sljedeće"},{"$i":"setup-progress-wait-msg","$v":"Postavljanje računa"},{"$i":"setup-sync-progress-wait-msg","$v":"Sinkronizacija računa"},{"$i":"setup-completed-header","$v":"Čestitamo!"},{"$i":"setup-completed-label","$v":"Gotovo."},{"$i":"setup-add-another-account","$v":"Dodaj drugi račun"},{"$i":"setup-show-mail","$v":"Nastavi do e-pošte"},{"$i":"setup-done-add","$v":"Dodaj račun"},{"$i":"setup-error-offline","$v":"Nema internet veze."},{"$i":"setup-error-bad-user-or-pass2","$v":"Adresa e-pošte ili lozinka nisu tačni."},{"$i":"setup-error-bad-address","$v":"Adresa e-pošte nije tačna."},{"$i":"setup-error-not-authorized","$v":"Nije ovlašćen za kreiranje računa."},{"$i":"setup-error-pop-server-not-great","$v":"POP3 poslužitelj ne podržava potrebne značajke."},{"$i":"setup-error-unknown2","$v":"Došlo je do nepoznate greške. Provjerite mrežnu vezu ili pokušajte s opcijom ručne konfiguracije."},{"$i":"setup-error-needs-app-pass","$v":"Za Gmail račune s dva faktora morate koristiti lozinku specifičnu za aplikaciju."},{"$i":"setup-error-imap-disabled","$v":"Morate omogućiti IMAP za svoj Gmail račun."},{"$i":"setup-error-pop3-disabled","$v":"Morate omogućiti POP3 za svoj Gmail račun."},{"$i":"setup-error-bad-security","$v":["Uspostavljanje zaštićene veze sa serverom „",{"t":"idOrVar","v":"server"},"“ nije moguće. Moguće je da postoji problem s mrežom ili serverom."]},{"$i":"setup-error-unresponsive-server","$v":["Uspostavljanje veze sa serverom „",{"t":"idOrVar","v":"server"},"“ nije moguće. Moguć je problem s mrežom."]},{"$i":"setup-error-server-problem","$v":["Postoji problem sa serverom „",{"t":"idOrVar","v":"server"},"“. Pokušajte ponovo kasnije."]},{"$i":"setup-error-no-config-info","$v":"Konfiguracija nije uspela. Provjerite adresu e-pošte ili pokušajte s ručnom konfiguracijom."},{"$i":"setup-error-server-maintenance","$v":["Server „",{"t":"idOrVar","v":"server"},"“ je van mreže zbog održavanja. Pokušajte ponovo kasnije."]},{"$i":"setup-error-account-already-exists","$v":"Ova adresa već postoji."},{"$i":"setup-manual-config2","$v":"Napredne"},{"$i":"setup-manual-config-header","$v":"Account Login"},{"$i":"setup-manual-account-type-header","$v":"Vrsta računa"},{"$i":"setup-manual-account-type","$v":"Vrsta računa"},{"$i":"setup-manual-account-type-select","ariaLabel":"Vrsta računa"},{"$i":"setup-manual-imap-header","$v":"IMAP postavke"},{"$i":"setup-manual-pop3-header","$v":"POP3 postavke"},{"$i":"setup-manual-smtp-header","$v":"SMTP postavke"},{"$i":"setup-manual-activesync-header","$v":"Postavke ActiveSynca"},{"$i":"setup-manual-next","$v":"Sljedeće"},{"$i":"setup-manual-socket","$v":"Vrsta utičnice"},{"$i":"setup-manual-socket-ssl","$v":"SSL"},{"$i":"setup-manual-socket-starttls","$v":"STARTTLS"},{"$i":"setup-manual-socket-select","ariaLabel":"Zaštita veze"},{"$i":"setup-manual-socket-plain","$v":"Nešifrirano"},{"$i":"setup-bad-password-header","$v":"Netačna lozinka."},{"$i":"setup-bad-password","$v":"Prijava na server nije moguća. Ponovo unesite lozinku."},{"$i":"setup-new-password","placeholder":"Nova lozinka"},{"$i":"setup-fix-password","$v":"Ponovo pokušaj s novom lozinkom"},{"$i":"setup-gmail-twofactor-header","$v":"Prijava u dva koraka je omogućena"},{"$i":"setup-gmail-twofactor-message","$v":"Unesite lozinku namijenjenu određenoj aplikaciji ispod."},{"$i":"setup-gmail-imap-header","$v":"IMAP je onemogućen"},{"$i":"setup-gmail-imap-message","$v":"Omogućite IMAP na svom Gmail računu"},{"$i":"setup-gmail-retry","$v":"Ponovi"},{"$i":"setup-gmail-pop3-header","$v":"POP3 je onemogućen"},{"$i":"setup-gmail-pop3-message","$v":"Omogućite POP3 na svom Gmail računu"},{"$i":"setup-fix-oauth2-header","$v":"Ponovo ovlasti e-poštu"},{"$i":"setup-fix-oauth2-description","$v":"Ponovo ovlastite e-poštu radi pristupa sljedećem računu:"},{"$i":"setup-fix-oauth2-reauthorize","$v":"Ponovo ovlasti"},{"$i":"settings-main-header","$v":"Postavke e-pošte"},{"$i":"settings-sub-header-account","$v":"Račun"},{"$i":"settings-account-group","ariaLabel":"Račun"},{"$i":"settings-account-name","$v":"Vaše ime"},{"$i":"settings-account-label","$v":"Naziv računa"},{"$i":"settings-account-display-notifications","$v":"Prikaži obavještenja o novim e-porukama"},{"$i":"settings-account-play-sound-onsend","$v":"Reproduciraj zvuk nakon slanja poruke"},{"$i":"settings-account-signature-label","$v":"Potpis"},{"$i":"settings-sub-header-data","$v":"Podaci"},{"$i":"settings-data-group","ariaLabel":"Podaci"},{"$i":"settings-account-check-mail","$v":"Provjeri nove poruke"},{"$i":"settings-account-check-mail-select","ariaLabel":"Provjeri nove poruke"},{"$i":"settings-sub-header-server","$v":"Postavke servera"},{"$i":"settings-server-group","ariaLabel":"Postavke servera"},{"$i":"settings-account-userpass","$v":"Korisničko ime i lozinka"},{"$i":"settings-account-useroauth2","$v":"Korisničko ime"},{"$i":"settings-default-signature-2","$v":"Poslano s mog telefona"},{"$i":"settings-done","$v":"Završeno"},{"$i":"settings-account-section","$v":"Računi"},{"$i":"settings-account-listbox","ariaLabel":"Računi"},{"$i":"settings-account-add","$v":"Dodaj"},{"$i":"settings-account-delete","$v":"Izbriši račun"},{"$i":"settings-account-delete-prompt","$v":"Ako obrišete ovaj račun, to će uticati i na aplikacije koje ga koriste."},{"$i":"settings-account-delete-desc","$v":"Ako ponovite kreiranje računa, morat ćete ponovo preuzeti e-poštu."},{"$i":"settings-account-delete-cancel","$v":"Otkaži"},{"$i":"settings-account-delete-confirm","$v":"Izbriši"},{"$i":"settings-account-clarify","$v":[{"t":"idOrVar","v":"account-name"}]},{"$i":"settings-account-clarify-imap","$v":[{"t":"idOrVar","v":"account-name"}," (IMAP)"]},{"$i":"settings-account-clarify-pop3","$v":[{"t":"idOrVar","v":"account-name"}," (POP3)"]},{"$i":"settings-account-clarify-smtp","$v":[{"t":"idOrVar","v":"account-name"}," (SMTP)"]},{"$i":"settings-general-section","$v":"Opće postavke"},{"$i":"settings-show-images","$v":"Uvijek prikaži sliku"},{"$i":"settings-download-attachments","$v":"Preuzmi priloge"},{"$i":"settings-check-every-5min","$v":"Svakih 5 minuta"},{"$i":"settings-check-every-10min","$v":"Svakih 10 minuta"},{"$i":"settings-check-every-15min","$v":"Svakih 15 minuta"},{"$i":"settings-check-every-30min","$v":"Svakih 30 minuta"},{"$i":"settings-check-every-60min","$v":"Svaki sat"},{"$i":"settings-check-every-manual","$v":"Ručno"},{"$i":"settings-check-dynamic","$v":{"few":[{"t":"idOrVar","v":"n"}," sekunde/i"],"many":[{"t":"idOrVar","v":"n"}," sekunde/i"],"one":[{"t":"idOrVar","v":"n"}," sekunda"],"other":[{"t":"idOrVar","v":"n"}," sekunde/i"],"two":[{"t":"idOrVar","v":"n"}," sekunde/i"],"zero":"onemogućeno"},"$x":[{"t":"idOrVar","v":"plural"},"n"]},{"$i":"settings-default-account","$v":"Postavi kao zadanu e-poštu"},{"$i":"settings-account-type","$v":"Vrsta računa"},{"$i":"settings-account-credentials","$v":"Akreditivi"},{"$i":"settings-activesync-label","$v":"Informacije o postavkama za ActiveSync"},{"$i":"settings-imap-label","$v":"Informacije o postavkama za IMAP"},{"$i":"settings-pop3-label","$v":"Informacije o postavkama POP3"},{"$i":"settings-smtp-label","$v":"Informacije o postavkama za SMTP"},{"$i":"settings-hostname","$v":"Naziv host računara"},{"$i":"settings-port","$v":"Priključak"},{"$i":"settings-username","$v":"Korisničko ime"},{"$i":"settings-password","$v":"Lozinka"},{"$i":"settings-save","$v":"Sačuvaj"},{"$i":"password-saved","$v":"Lozinka je sačuvana."},{"$i":"settings-reauth","$v":"Ponovo ovlasti"},{"$i":"settings-account-synchronize-window","$v":"Dani do sinhronizacije"},{"$i":"settings-account-synchronize-window-select","ariaLabel":"Dani do sinhronizacije"},{"$i":"settings-synchronize-auto","$v":"Automatski"},{"$i":"settings-synchronize-one-day","$v":"1 dan"},{"$i":"settings-synchronize-three-days","$v":"3 dana"},{"$i":"settings-synchronize-one-week","$v":"1 sedmica"},{"$i":"settings-synchronize-two-weeks","$v":"2 sedmice"},{"$i":"settings-synchronize-one-month","$v":"1 mjesec"},{"$i":"settings-synchronize-all","$v":"Sve poruke"},{"$i":"envelope-from","$v":"Od"},{"$i":"envelope-to","$v":"Za"},{"$i":"envelope-cc","$v":"Cc"},{"$i":"envelope-bcc","$v":"Bcc"},{"$i":"message-header-state-sending","ariaLabel":"Slanje"},{"$i":"message-header-state-error","ariaLabel":"Greška pri slanju"},{"$i":"message-header-unread","ariaLabel":"Nepročitano"},{"$i":"message-header-reply","ariaLabel":"Odgovori"},{"$i":"message-header-forward","ariaLabel":"Proslijedi"},{"$i":"message-header-starred","ariaLabel":"Posjeduje zvijezdu"},{"$i":"message-header-attachments","ariaLabel":"Posjeduje priloge"},{"$i":"message-body-container","ariaLabel":"Tijelo poruke"},{"$i":"message-body-container-progress","ariaValueText":"Učitavanje"},{"$i":"subject","ariaLabel":"Predmet"},{"$i":"attachments-container","ariaLabel":"Prilozi"},{"$i":"from-group","ariaLabel":"Od"},{"$i":"to-group","ariaLabel":"Za"},{"$i":"cc-group","ariaLabel":"CC"},{"$i":"bcc-group","ariaLabel":"BCC"},{"$i":"compose-header","$v":"Sastavi poruku"},{"$i":"compose-header-short","$v":"Sastavi"},{"$i":"compose-send","$v":"Pošalji"},{"$i":"compose-send-button","ariaLabel":"Pošalji"},{"$i":"compose-to","$v":"Za"},{"$i":"compose-cc","$v":"Cc"},{"$i":"compose-bcc","$v":"Bcc"},{"$i":"compose-cc-remove","$v":"Spisak cc adresa je uklonjen."},{"$i":"compose-bcc-remove","$v":"Spisak bcc adresa je uklonjen."},{"$i":"compose-contact-add","ariaLabel":"Dodaj kontakt"},{"$i":"compose-attachments","$v":{"few":["Prilozi (",{"t":"idOrVar","v":"n"},")"],"many":["Prilozi (",{"t":"idOrVar","v":"n"},")"],"one":["Prilog (",{"t":"idOrVar","v":"n"},")"],"other":["Prilozi (",{"t":"idOrVar","v":"n"},")"],"two":["Prilozi (",{"t":"idOrVar","v":"n"},")"],"zero":"Prilog"},"$x":[{"t":"idOrVar","v":"plural"},"n"]},{"$i":"compose-text","ariaLabel":"Uredi"},{"$i":"compose-attachment-still-working","$v":"Sačekajte. Radimo na prethodnom prilogu..."},{"$i":"compose-attachment-loading","$v":"Učitavanje priloga ..."},{"$i":"compose-attachments-loading","$v":"Učitavanje priloga ..."},{"$i":"compose-forward-attachment-error-title","$v":"Preuzimanje neuspješno."},{"$i":"compose-forward-attachment-error-title2","$v":"Greška"},{"$i":"compose-forward-attachment-unable-load","$v":"Nije moguće učitati prilog."},{"$i":"compose-forward-attachments-unable-load","$v":"Nije moguće učitati priloge."},{"$i":"compose-forward-attachment-load-error","$v":"Neke priloge nije bilo moguće učitati."},{"$i":"confirmation-title","$v":"Potvrda"},{"$i":"compose-subject","$v":"Predmet"},{"$i":"compose-draft-save","$v":"Sačuvati u Lokalne skice?"},{"$i":"compose-discard-confirm","$v":"Odbaci"},{"$i":"compose-draft-dialog-cancel","$v":"Otkaži"},{"$i":"compose-draft-dialog-save","$v":"Sačuvaj"},{"$i":"composer-draft-saved","$v":"Skica je spremljena."},{"$i":"attention","$v":"Pažnja"},{"$i":"compose-send-message-failed","$v":"Slanje e-poruke nije uspjelo"},{"$i":"compose-attchment-size-exceeded","$v":"Prilog prevelik za slanje s porukom."},{"$i":"compose-attchments-size-exceeded","$v":"Privitci su preveliki da bi ih mogli poslati porukom."},{"$i":"composer-attachment-large-title","$v":"Veličina datoteke je prevelika"},{"$i":"default-attachment-filename","$v":["prilog",{"t":"idOrVar","v":"n"}]},{"$i":"attachment-size-meb","$v":[{"t":"idOrVar","v":"megabytes"}," MB"]},{"$i":"attachment-size-kib","$v":[{"t":"idOrVar","v":"kilobytes"}," kB"]},{"$i":"attachment-size-byte","$v":[{"t":"idOrVar","v":"bytes"}," B"]},{"$i":"message-attachment-view","$v":"Prikaži"},{"$i":"message-attachment-did-not-open-label","$v":"Otvaranje nije uspjelo"},{"$i":"message-attachment-did-not-open-body","$v":"Uređaj ne posjeduje aplikaciju koja može otvoriti prilog."},{"$i":"message-attachment-too-large","$v":"Ova datoteka je prevelika za preuzimanje."},{"$i":"message-attachment-not-found","$v":"Datoteka privitka nije pronađena, ponovo je preuzmite?"},{"$i":"message-attachment-download-fail","$v":[{"t":"idOrVar","v":"fileName"}," -Preuzimanje neuspješno"]},{"$i":"message-no-subject","$v":"(bez predmeta)"},{"$i":"message-edit-menu-edit","$v":"Uredi"},{"$i":"message-edit-menu-delete","$v":"Izbriši"},{"$i":"message-edit-delete-confirm","$v":"Izbrisati odabranu e-poruku?"},{"$i":"message-forward-attachment-title","$v":"Prilog"},{"$i":"message-forward-attachment","$v":"Proslijediti i prilog?"},{"$i":"message-forward-attachments","$v":"Proslijediti i priloge?"},{"$i":"message-multiedit-header","$v":{"few":[{"t":"idOrVar","v":"n"}," izabrano"],"many":[{"t":"idOrVar","v":"n"}," izabrano"],"one":[{"t":"idOrVar","v":"n"}," izabrano"],"other":[{"t":"idOrVar","v":"n"}," izabrano"],"two":[{"t":"idOrVar","v":"n"}," izabrano"],"zero":[{"t":"idOrVar","v":"n"}," izabrano"]},"$x":[{"t":"idOrVar","v":"plural"},"n"]},{"$i":"message-multiedit-search-header","$v":{"few":[{"t":"idOrVar","v":"n"}," izabrano"],"many":[{"t":"idOrVar","v":"n"}," izabrano"],"one":[{"t":"idOrVar","v":"n"}," izabrano"],"other":[{"t":"idOrVar","v":"n"}," izabrano"],"two":[{"t":"idOrVar","v":"n"}," izabrano"],"zero":"0 izabrano"},"$x":[{"t":"idOrVar","v":"plural"},"n"]},{"$i":"browse-to-url-prompt","$v":["Pretražiti URL adresu?: ",{"t":"idOrVar","v":"url"}]},{"$i":"message-download-images-tap","$v":{"few":["Ova e-poruka sadrži slike (njih ",{"t":"idOrVar","v":"n"},"). Dodirnite za preuzimanje."],"many":["Ova e-poruka sadrži slike (njih ",{"t":"idOrVar","v":"n"},"). Dodirnite za preuzimanje."],"one":"Ova e-poruka sadrži jednu sliku. Dodirnite za preuzimanje.","other":["Ova e-poruka sadrži slike (njih ",{"t":"idOrVar","v":"n"},"). Dodirnite za preuzimanje."],"two":["Ova e-poruka sadrži slike (njih ",{"t":"idOrVar","v":"n"},"). Dodirnite za preuzimanje."]},"$x":[{"t":"idOrVar","v":"plural"},"n"]},{"$i":"message-show-external-images","$v":"Prikaži vanjske slike"},{"$i":"message-delete-cancel","$v":"Otkaži"},{"$i":"message-multiedit-delete-confirm","$v":{"few":["Izbrisati sljedeći broj poruka: ",{"t":"idOrVar","v":"n"},"?"],"many":["Izbrisati sljedeći broj poruka: ",{"t":"idOrVar","v":"n"},"?"],"one":"Izbrisati izabrane poruke?","other":["Izbrisati sljedeći broj poruka: ",{"t":"idOrVar","v":"n"},"?"],"two":["Izbrisati sljedeći broj poruka: ",{"t":"idOrVar","v":"n"},"?"]},"$x":[{"t":"idOrVar","v":"plural"},"n"]},{"$i":"message-large-message-cancel","$v":"Otkaži"},{"$i":"message-large-message-ok","$v":"Nastavi"},{"$i":"message-large-message-confirm","$v":"Ova poruka je prevelika stoga će preuzimanje potrajati."},{"$i":"message-large-message-warning","$v":"Poruka je prevelika da bi se učitala."},{"$i":"message-search-header","$v":"Pretraži"},{"$i":"search-result","$v":["Por. e-pošte(",{"t":"idOrVar","v":"num"},")"]},{"$i":"message-search-from","$v":"Od"},{"$i":"message-search-to","$v":"Za"},{"$i":"message-search-subject","$v":"Predmet"},{"$i":"message-search-body","$v":"Tijelo"},{"$i":"message-search-all","$v":"Sve"},{"$i":"message-search-input","placeholder":"Pretraži e-poštu"},{"$i":"message-search-cancel","$v":"Otkaži"},{"$i":"messages-syncing","$v":"Učitavanje poruka"},{"$i":"messages-syncing-progressbar","ariaValueText":"Učitavanje poruka"},{"$i":"messages-load-more","$v":"Učitaj još poruka"},{"$i":"messages-folder-empty","$v":"Nema adrese e-pošte u ovoj mapi"},{"$i":"messages-search-empty","$v":"Nema podudaranja u lokalno keširanim porukama"},{"$i":"messages-folder-select","$v":"Premjesti u fasciklu"},{"$i":"messages-folder-unread-max","$v":"999+"},{"$i":"message-contact-menu-create","$v":"Kreiraj novi kontakt"},{"$i":"message-contact-menu-add-existing","$v":"Dodaj postojećem kontaktu"},{"$i":"message-contact-menu-view","$v":"Prikaži kontakt"},{"$i":"message-contact-menu-reply","$v":"Odgovori"},{"$i":"message-contact-menu-new","$v":"Pošalji novu e-poruku"},{"$i":"message-reply-menu-reply","$v":"Odgovori"},{"$i":"message-reply-menu-reply-all","$v":"Odgovori svima"},{"$i":"message-reply-menu-forward","$v":"Proslijedi"},{"$i":"message-reply-menu-cancel","$v":"Otkaži"},{"$i":"reply-quoting-wrote","$v":"Pisao/la je {name}"},{"$i":"forward-original-message","$v":"Originalna poruka"},{"$i":"forward-header-subject","$v":"Predmet"},{"$i":"forward-header-date","$v":"Datum"},{"$i":"forward-header-from","$v":"Od"},{"$i":"forward-header-reply-to","$v":"Odgovori"},{"$i":"forward-header-to","$v":"Za"},{"$i":"forward-header-cc","$v":"Cc"},{"$i":"folder-inbox","$v":"Prispjela pošta"},{"$i":"folder-sent","$v":"Poslano"},{"$i":"folder-drafts","$v":"Skice"},{"$i":"folder-trash","$v":"Smeće"},{"$i":"folder-queue","$v":"Neposlano"},{"$i":"folder-junk","$v":"Bezvrijedna e-pošta"},{"$i":"folder-archives","$v":"Arhivi"},{"$i":"folder-localdrafts","$v":"Lokalne skice"},{"$i":"folder-outbox","$v":"Pretinac za slanje"},{"$i":"drawer-back","$v":"Nazad"},{"$i":"drawer-accounts-header","$v":"Računi"},{"$i":"drawer-settings-link","$v":"Postavke"},{"$i":"folder-last-synced-label","$v":"Posljednja sinhronizacija:"},{"$i":"messages-refresh-progress","ariaValueText":"Osvježavanje"},{"$i":"no-internet-connection","$v":"Nema internet veze."},{"$i":"toaster-undo","$v":"Opozovi"},{"$i":"toaster-message-star","$v":{"one":"E-pošta označena.","few":["Por. e-pošte ozn. zast.: ",{"t":"idOrVar","v":"n"},")."],"many":["Por. e-pošte ozn. zast.: ",{"t":"idOrVar","v":"n"},")."],"other":["Por. e-pošte ozn. zast.: ",{"t":"idOrVar","v":"n"},")."],"two":["Por. e-pošte ozn. zast.: ",{"t":"idOrVar","v":"n"},")."]},"$x":[{"t":"idOrVar","v":"plural"},"n"]},{"$i":"toaster-message-unstar","$v":{"one":"E-adresa je uklonjena.","few":["Uklonj. zastav. s por. e-pošte: ",{"t":"idOrVar","v":"n"},")."],"many":["Uklonj. zastav. s por. e-pošte: ",{"t":"idOrVar","v":"n"},")."],"other":["Uklonj. zastav. s por. e-pošte: ",{"t":"idOrVar","v":"n"},")."],"two":["Uklonj. zastav. s por. e-pošte: ",{"t":"idOrVar","v":"n"},")."]},"$x":[{"t":"idOrVar","v":"plural"},"n"]},{"$i":"toaster-message-read","$v":{"one":"E-adresa označena kao pročitana.","few":["Por. e-pošte označ. kao proč.: ",{"t":"idOrVar","v":"n"},"."],"many":["Por. e-pošte označ. kao proč.: ",{"t":"idOrVar","v":"n"},"."],"other":["Por. e-pošte označ. kao proč.: ",{"t":"idOrVar","v":"n"},"."],"two":["Por. e-pošte označ. kao proč.: ",{"t":"idOrVar","v":"n"},"."]},"$x":[{"t":"idOrVar","v":"plural"},"n"]},{"$i":"toaster-message-unread","$v":{"one":"E-adresa označena kao nepročitana.","few":["Por. e-pošte ozn. kao neproč.: ",{"t":"idOrVar","v":"n"},"."],"many":["Por. e-pošte ozn. kao neproč.: ",{"t":"idOrVar","v":"n"},"."],"other":["Por. e-pošte ozn. kao neproč.: ",{"t":"idOrVar","v":"n"},"."],"two":["Por. e-pošte ozn. kao neproč.: ",{"t":"idOrVar","v":"n"},"."]},"$x":[{"t":"idOrVar","v":"plural"},"n"]},{"$i":"toaster-message-move","$v":{"one":"E-pošta premještena u mapu","few":["Por. e-pošte premj. u fasc: ",{"t":"idOrVar","v":"n"}],"many":["Por. e-pošte premj. u fasc: ",{"t":"idOrVar","v":"n"}],"other":["Por. e-pošte premj. u fasc: ",{"t":"idOrVar","v":"n"}],"two":["Por. e-pošte premj. u fasc: ",{"t":"idOrVar","v":"n"}]},"$x":[{"t":"idOrVar","v":"plural"},"n"]},{"$i":"toaster-message-delete","$v":{"one":"Adresa e-pošte izbrisana","few":["Obr. por. e-pošte: ",{"t":"idOrVar","v":"n"},"."],"many":["Obr. por. e-pošte: ",{"t":"idOrVar","v":"n"},"."],"other":["Obr. por. e-pošte: ",{"t":"idOrVar","v":"n"},"."],"two":["Obr. por. e-pošte: ",{"t":"idOrVar","v":"n"},"."]},"$x":[{"t":"idOrVar","v":"plural"},"n"]},{"$i":"toaster-sync-failed","$v":"Povezivanje na server nije moguće."},{"$i":"compose-invalid-addresses-title","$v":"Nevažeće adrese"},{"$i":"compose-invalid-addresses-description","$v":"Poruka sadrži jednu ili više nevažećih adresa e-pošte. Ispravite ih prije slanja."},{"$i":"background-send-pending","$v":"Nema internetske veze. E-pošta spremljena u Outbox."},{"$i":"background-send-sending","$v":"Slanje…"},{"$i":"background-send-success","$v":"E-poruka je poslana."},{"$i":"background-send-error","$v":"Greška kod slanja. E-pošta spremljena u Outbox."},{"$i":"background-send-error-recipients","$v":"Greška primaoca. E-poruka je sačuvana u pretincu za slanje."},{"$i":"background-send-error-title","$v":"Slanje e-poruke nije uspjelo"},{"$i":"send-failure-recipients","$v":"Provjerite ispravnost adrese iznad. Server e-pošte navodi da su jedna ili više adresa navedenih iznad netačne."},{"$i":"send-failure-unknown","$v":"Slanje poruke nije moguće."},{"$i":"form-clear-input","$v":"Ukloni tekst"},{"$i":"confirm-dialog-title","$v":"Potvrda"},{"$i":"confirm-dialog-ok","$v":"OK"},{"$i":"msg-display-subject","$v":"Predmet"},{"$i":"msg-reader-display-attachments","$v":"Prilozi"},{"$i":"msg-reader-display-attachment","$v":"Prilog"},{"$i":"msg-reader-download-external-images","$v":["Preuzmi vanjske slike (",{"t":"idOrVar","v":"n"}," MB)"]},{"$i":"msg-reader-sender-header","$v":"Pošiljalac"},{"$i":"msg-reader-recipients-header","$v":"Primaoci"},{"$i":"msg-reader-cc-header","$v":"Cc"},{"$i":"msg-reader-bcc-header","$v":"Bcc"},{"$i":"msg-reader-message-flagged","$v":"Poruka je označena zastavom"},{"$i":"msg-reader-flag-removed","$v":"Zastava je uklonjena"},{"$i":"external-image-downloading","$v":"Preuzimanje..."},{"$i":"senders-separation-sign","$v":", "},{"$i":"new-messages","$v":{"few":["Nove poruke (njih ",{"t":"idOrVar","v":"n"},")"],"many":["Nove poruke (njih ",{"t":"idOrVar","v":"n"},")"],"one":"1 nova poruka","other":["Nove poruke (njih ",{"t":"idOrVar","v":"n"},")"],"two":["Nove poruke (njih ",{"t":"idOrVar","v":"n"},")"]},"$x":[{"t":"idOrVar","v":"plural"},"n"]},{"$i":"new-emails-notify-one-account","$v":{"few":["Nove e-poruke (njih ",{"t":"idOrVar","v":"n"},")"],"many":["Nove e-poruke (njih ",{"t":"idOrVar","v":"n"},")"],"one":"1 nova e-poruka","other":["Nove e-poruke (njih ",{"t":"idOrVar","v":"n"},")"],"two":["Nove e-poruke (njih ",{"t":"idOrVar","v":"n"},")"]},"$x":[{"t":"idOrVar","v":"plural"},"n"]},{"$i":"new-emails-notify-multiple-accounts","$v":{"few":["Nove e-poruke (njih ",{"t":"idOrVar","v":"n"},") (",{"t":"idOrVar","v":"accountName"},")"],"many":["Nove e-poruke (njih ",{"t":"idOrVar","v":"n"},") (",{"t":"idOrVar","v":"accountName"},")"],"one":["1 nova e-poruka (",{"t":"idOrVar","v":"accountName"},")"],"other":["Nove e-poruke (njih ",{"t":"idOrVar","v":"n"},") (",{"t":"idOrVar","v":"accountName"},")"],"two":["Nove e-poruke (njih ",{"t":"idOrVar","v":"n"},") (",{"t":"idOrVar","v":"accountName"},")"]},"$x":[{"t":"idOrVar","v":"plural"},"n"]},{"$i":"new-emails-notify-multiple-accounts-body","$v":[{"t":"idOrVar","v":"from"}," „",{"t":"idOrVar","v":"subject"},"“"]},{"$i":"tng-plain-socket-warning-title","$v":"Jeste li sigurni?"},{"$i":"tng-plain-socket-warning-message","$v":"Drugi mogu vidjeti vaše lozinke i e-poruke ili upravljati vašim računom."},{"$i":"tng-plain-socket-warning-message-options","$v":"Postoji više besplatnih davalaca e-pošte koji nude sigurnije i šifrirane veze."},{"$i":"tng-plain-socket-warning-ok","$v":"Razumijem"},{"$i":"message-reader-date-received","ariaLabel":"Primljeno"},{"$i":"sort-by-title","$v":"Sortiraj po"},{"$i":"sort-by-date","$v":"Datum"},{"$i":"sort-by-from","$v":"Od"},{"$i":"sort-by-to","$v":"Za"},{"$i":"sort-by-subject","$v":"Predmet"},{"$i":"softkey-options","$v":"Opcije"},{"$i":"opt-compose","$v":"Sastavi"},{"$i":"opt-reply","$v":"Odgovori"},{"$i":"opt-reply-all","$v":"Odgovori svima"},{"$i":"opt-forward","$v":"Proslijedi"},{"$i":"opt-mark-read","$v":"Označi kao pročitano"},{"$i":"opt-mark-unread","$v":"Označi kao nepročitano"},{"$i":"opt-add-flag","$v":"Dodaj zastavu"},{"$i":"opt-remove-flag","$v":"Ukloni zastavu"},{"$i":"opt-move-message","$v":"Premjesti u fasciklu"},{"$i":"opt-delete-message","$v":"Izbriši"},{"$i":"opt-multi-select","$v":"Izaberi nekoliko"},{"$i":"opt-search","$v":"Pretraži"},{"$i":"opt-folders","$v":"Prikaži fascikle"},{"$i":"opt-sort","$v":"Sortiraj"},{"$i":"opt-sync","$v":"Sinhroniziraj"},{"$i":"opt-account","$v":"Promijeni račun"},{"$i":"opt-settings","$v":"Postavke"},{"$i":"opt-edit","$v":"Uredi"},{"$i":"opt-cancel","$v":"Otkaži"},{"$i":"opt-save","$v":"Sačuvaj"},{"$i":"opt-move","$v":"Premjesti"},{"$i":"opt-view","$v":"Prikaži"},{"$i":"opt-empty-trash","$v":"Isprazni smeće"},{"$i":"opt-call-number","$v":"Poziv"},{"$i":"opt-compose-mail","$v":"Sastavi"},{"$i":"opt-open-url","$v":"Otvori"},{"$i":"select-option-on","$v":"Uključi"},{"$i":"select-option-off","$v":"Isključi"},{"$i":"select-option-imap-smtp","$v":"IMAP+SMTP"},{"$i":"select-option-pop3-smtp","$v":"POP3+SMTP"},{"$i":"select-option-activesync","$v":"ActiveSync"},{"$i":"toaster-switch-account","$v":"Račun e-pošte je promijenjen na:"},{"$i":"toaster-sorted-by","$v":"E-poruke razvrstane prema"},{"$i":"cmp-reply","$v":"Odgovori"},{"$i":"cmp-reply-all","$v":"Odgovori svima"},{"$i":"cmp-forward","$v":"Proslijedi poruku"},{"$i":"cmp-remove-attach","$v":"Prilog je uklonjen"},{"$i":"select","$v":"Izaberi"},{"$i":"deselect","$v":"Poništi odabir"},{"$i":"cancel","$v":"Otkaži"},{"$i":"enter","$v":"Unesi"},{"$i":"remove-attachment","$v":"Ukloni prilog"},{"$i":"replace-attachment","$v":"Zamijeni prilog"},{"$i":"add-attachment","$v":"Dodaj prilog"},{"$i":"add-contact","$v":"Dodaj kontakt"},{"$i":"add-cc","$v":"Dodaj Cc"},{"$i":"remove-cc","$v":"Ukloni Cc"},{"$i":"add-bcc","$v":"Dodaj Bcc"},{"$i":"remove-bcc","$v":"Ukloni Bcc"},{"$i":"attachment-download","$v":"Preuzmi"},{"$i":"attachment-share","$v":"Podijeli"},{"$i":"send-new-mail","$v":"Pošalji novu e-poruku"},{"$i":"view-contact","$v":"Prikaži kontakt"},{"$i":"save-new-contact","$v":"Kreiraj novi kontakt"},{"$i":"add-to-exsiting-contact","$v":"Dodaj postojećem kontaktu"},{"$i":"no","$v":"Ne"},{"$i":"yes","$v":"Da"},{"$i":"retry","$v":"Ponovi"},{"$i":"empty","$v":"Prazno"},{"$i":"empty-trash-confirm","$v":"Želite li isprazniti smeće?"},{"$i":"trash-emptied","$v":"Smeće je ispražnjeno"},{"$i":"next","$v":"Sljedeće"},{"$i":"welcome-header","$v":"E-pošta"},{"$i":"welcome-msg","$v":"Dobro došli u e-poštu."},{"$i":"welcome-msg-setup","$v":"Pritisnite Sljedeće da postavite račun e-pošte."},{"$i":"discard","$v":"Odbaci"},{"$i":"leave-this-page-warning-message","$v":"Odbaciti podatke?"},{"$i":"finish","$v":"Završi"},{"$i":"setup-done-msg","$v":"Uspješno ste prijavljeni. Želite li dodati još jedan račun?"},{"$i":"save-as-draft","$v":"Sačuvati kao skicu?"},{"$i":"show-password","$v":"Prikaži lozinku"},{"$i":"account-label","$v":"Naziv računa"},{"$i":"folders","$v":"Fascikle"},{"$i":"security","$v":"Sigurnost"},{"$i":"port-number","$v":"Broj priključka"},{"$i":"domain-username","$v":"Domena\\korisničko ime"},{"$i":"synchronizing","$v":"Sinhroniziranje…"},{"$i":"browse-mail","$v":"Pretraži e-poštu"},{"$i":"never-sync","$v":"Sinhronizacija lokalne fascikle nije uspjela"},{"$i":"emptyDownloadFile","$v":"Nije moguće preuzeti fajl jer je možda prazan"},{"$i":"sync","$v":"Sinhronizuj"},{"$i":"outbox-unsent-label","$v":{"few":["Neposlane poruke (njih ",{"t":"idOrVar","v":"n"},") u Pretincu za slanje"],"many":["Neposlane poruke (njih ",{"t":"idOrVar","v":"n"},") u Pretincu za slanje"],"one":"1 neposlana poruka u Pretincu za slanje","other":["Neposlane poruke (njih ",{"t":"idOrVar","v":"n"},") u Pretincu za slanje"],"two":"2 neposlane poruke u Pretincu za slanje"},"$x":[{"t":"idOrVar","v":"plural"},"n"]},{"$i":"storage-full-title","$v":"Pohrana je puna"},{"$i":"storage-full-warning","$v":"Možete izbrisati neke medijske datoteke ili upravljati podacima aplikacija da oslobodite prostor."},{"$i":"storage-full","$v":"Pohrana telefona je puna."},{"$i":"storage-sdcard-full","$v":"SD kartica je puna."},{"$i":"view-address","$v":"Prikaži adresu"},{"$i":"mail-address-title","$v":"E-mail adresa"},{"$i":"mail-address","$v":[{"t":"idOrVar","v":"address"}]},{"$i":"value-name","$v":[{"t":"idOrVar","v":"name"}]},{"$i":"account-deleted","$v":"Račun je izbrisan."},{"$i":"account-reEnable","$v":"Račun već postoji. Sync account?"},{"$i":"setup-account-usedInfo","$v":"Ovaj račun će koristiti aplikacije navedene u nastavku. To možete promijeniti u meniju Podešavanja>Račun."},{"$i":"setup-account-settingsInfo","$v":"Svaka aplikacija ima različite zadane intervale sinhroniziranja, provjerite u postavkama aplikacije."},{"$i":"app-calendar","$v":"Kalendar"},{"$i":"app-contacts","$v":"Imenik"},{"$i":"app-email","$v":"E-pošta"},{"$i":"sync-account-guide","$v":"Uključite sinhronizaciju računa u Postavkama da biste vidjeli e-poštu."},{"$i":"settings-account-sync","$v":"Sinhronizujte nalog"},{"$i":"weekday-0-long","$v":"Nedjelja"},{"$i":"weekday-1-long","$v":"Ponedjeljak"},{"$i":"weekday-2-long","$v":"Utorak"},{"$i":"weekday-3-long","$v":"Srijeda"},{"$i":"weekday-4-long","$v":"Četvrtak"},{"$i":"weekday-5-long","$v":"Petak"},{"$i":"weekday-6-long","$v":"Subota"},{"$i":"weekday-0-short","$v":"Ned."},{"$i":"weekday-1-short","$v":"Pon."},{"$i":"weekday-2-short","$v":"Uto."},{"$i":"weekday-3-short","$v":"Sri."},{"$i":"weekday-4-short","$v":"Čet."},{"$i":"weekday-5-short","$v":"Pet."},{"$i":"weekday-6-short","$v":"Sub."},{"$i":"month-0-long","$v":"Januar"},{"$i":"month-1-long","$v":"Februar"},{"$i":"month-2-long","$v":"Mart"},{"$i":"month-3-long","$v":"April"},{"$i":"month-4-long","$v":"Maj"},{"$i":"month-5-long","$v":"Juni"},{"$i":"month-6-long","$v":"Juli"},{"$i":"month-7-long","$v":"Avgust"},{"$i":"month-8-long","$v":"Septembar"},{"$i":"month-9-long","$v":"Oktobar"},{"$i":"month-10-long","$v":"Novembar"},{"$i":"month-11-long","$v":"Decembar"},{"$i":"month-0-genitive","$v":"Januar"},{"$i":"month-1-genitive","$v":"Februar"},{"$i":"month-2-genitive","$v":"Mart"},{"$i":"month-3-genitive","$v":"April"},{"$i":"month-4-genitive","$v":"Maj"},{"$i":"month-5-genitive","$v":"Juni"},{"$i":"month-6-genitive","$v":"Juli"},{"$i":"month-7-genitive","$v":"Avgust"},{"$i":"month-8-genitive","$v":"Septembar"},{"$i":"month-9-genitive","$v":"Oktobar"},{"$i":"month-10-genitive","$v":"Novembar"},{"$i":"month-11-genitive","$v":"Decembar"},{"$i":"month-0-short","$v":"Jan."},{"$i":"month-1-short","$v":"Feb."},{"$i":"month-2-short","$v":"Mart"},{"$i":"month-3-short","$v":"Apr."},{"$i":"month-4-short","$v":"Maj"},{"$i":"month-5-short","$v":"Juni"},{"$i":"month-6-short","$v":"Juli"},{"$i":"month-7-short","$v":"Avg."},{"$i":"month-8-short","$v":"Sep."},{"$i":"month-9-short","$v":"Okt."},{"$i":"month-10-short","$v":"Nov."},{"$i":"month-11-short","$v":"Dec."},{"$i":"minutes-ago-long","$v":{"few":["Prije ",{"t":"idOrVar","v":"value"}," minute/a"],"many":["Prije ",{"t":"idOrVar","v":"value"}," minute/a"],"other":["Prije ",{"t":"idOrVar","v":"value"}," minute/a"],"two":["Prije ",{"t":"idOrVar","v":"value"}," minute/a"],"one":"prije jedan minut","zero":"sada"},"$x":[{"t":"idOrVar","v":"plural"},"value"]},{"$i":"hours-ago-long","$v":{"few":["Prije ",{"t":"idOrVar","v":"value"}," sata/i"],"many":["Prije ",{"t":"idOrVar","v":"value"}," sata/i"],"other":["Prije ",{"t":"idOrVar","v":"value"}," sata/i"],"two":["Prije ",{"t":"idOrVar","v":"value"}," sata/i"],"one":"1 sat prije","zero":"sada"},"$x":[{"t":"idOrVar","v":"plural"},"value"]},{"$i":"days-ago-long","$v":{"few":["prije ",{"t":"idOrVar","v":"value"}," dana"],"many":["prije ",{"t":"idOrVar","v":"value"}," dana"],"one":"jučer","other":["prije ",{"t":"idOrVar","v":"value"}," dana"],"two":["prije ",{"t":"idOrVar","v":"value"}," dana"],"zero":"danas"},"$x":[{"t":"idOrVar","v":"plural"},"value"]},{"$i":"weeks-ago-long","$v":{"few":["Prije ",{"t":"idOrVar","v":"value"}," sedmice/a"],"many":["Prije ",{"t":"idOrVar","v":"value"}," sedmice/a"],"one":"prošle sedmice","other":["Prije ",{"t":"idOrVar","v":"value"}," sedmice/a"],"two":["Prije ",{"t":"idOrVar","v":"value"}," sedmice/a"],"zero":"ova sedmica"},"$x":[{"t":"idOrVar","v":"plural"},"value"]},{"$i":"months-ago-long","$v":{"few":["Prije ",{"t":"idOrVar","v":"value"}," mjeseca/i"],"many":["Prije ",{"t":"idOrVar","v":"value"}," mjeseca/i"],"one":"prošli mjesec","other":["Prije ",{"t":"idOrVar","v":"value"}," mjeseca/i"],"two":["Prije ",{"t":"idOrVar","v":"value"}," mjeseca/i"],"zero":"ovaj mjesec"},"$x":[{"t":"idOrVar","v":"plural"},"value"]},{"$i":"years-ago-long","$v":{"few":["Prije ",{"t":"idOrVar","v":"value"}," godine/a"],"many":["Prije ",{"t":"idOrVar","v":"value"}," godine/a"],"one":"prošle godine","other":["Prije ",{"t":"idOrVar","v":"value"}," godine/a"],"two":["Prije ",{"t":"idOrVar","v":"value"}," godine/a"],"zero":"ova godina"},"$x":[{"t":"idOrVar","v":"plural"},"value"]},{"$i":"minutes-until-long","$v":{"few":["za ",{"t":"idOrVar","v":"value"}," minuta"],"many":["za ",{"t":"idOrVar","v":"value"}," minuta"],"other":["za ",{"t":"idOrVar","v":"value"}," minuta"],"two":["za ",{"t":"idOrVar","v":"value"}," minuta"],"zero":"sada","one":"za 1 minutu"},"$x":[{"t":"idOrVar","v":"plural"},"value"]},{"$i":"hours-until-long","$v":{"few":["za ",{"t":"idOrVar","v":"value"}," sati"],"many":["za ",{"t":"idOrVar","v":"value"}," sati"],"other":["za ",{"t":"idOrVar","v":"value"}," sati"],"two":["za ",{"t":"idOrVar","v":"value"}," sati"],"zero":"sada","one":"za 1 sat"},"$x":[{"t":"idOrVar","v":"plural"},"value"]},{"$i":"days-until-long","$v":{"few":["za ",{"t":"idOrVar","v":"value"}," dana"],"many":["za ",{"t":"idOrVar","v":"value"}," dana"],"one":"sutra","other":["za ",{"t":"idOrVar","v":"value"}," dana"],"two":["za ",{"t":"idOrVar","v":"value"}," dana"],"zero":"danas"},"$x":[{"t":"idOrVar","v":"plural"},"value"]},{"$i":"weeks-until-long","$v":{"few":["za ",{"t":"idOrVar","v":"value"}," sedmica"],"many":["za ",{"t":"idOrVar","v":"value"}," sedmica"],"one":"sljedeća sedmica","other":["za ",{"t":"idOrVar","v":"value"}," sedmica"],"two":["za ",{"t":"idOrVar","v":"value"}," sedmica"],"zero":"ova sedmica"},"$x":[{"t":"idOrVar","v":"plural"},"value"]},{"$i":"months-until-long","$v":{"few":["za ",{"t":"idOrVar","v":"value"}," mjeseci"],"many":["za ",{"t":"idOrVar","v":"value"}," mjeseci"],"one":"sljedeći mjesec","other":["za ",{"t":"idOrVar","v":"value"}," mjeseci"],"two":["za ",{"t":"idOrVar","v":"value"}," mjeseci"],"zero":"ovaj mjesec"},"$x":[{"t":"idOrVar","v":"plural"},"value"]},{"$i":"years-until-long","$v":{"few":["za ",{"t":"idOrVar","v":"value"}," godina"],"many":["za ",{"t":"idOrVar","v":"value"}," godina"],"one":"sljedeća godina","other":["za ",{"t":"idOrVar","v":"value"}," godina"],"two":["za ",{"t":"idOrVar","v":"value"}," godina"],"zero":"ova godina"},"$x":[{"t":"idOrVar","v":"plural"},"value"]},{"$i":"minutes-ago-short","$v":{"other":["Prije ",{"t":"idOrVar","v":"value"},"m"],"zero":"sada"},"$x":[{"t":"idOrVar","v":"plural"},"value"]},{"$i":"hours-ago-short","$v":{"other":["Prije ",{"t":"idOrVar","v":"value"},"h"],"zero":"sada"},"$x":[{"t":"idOrVar","v":"plural"},"value"]},{"$i":"days-ago-short","$v":{"other":["Prije ",{"t":"idOrVar","v":"value"},"d"],"zero":"danas"},"$x":[{"t":"idOrVar","v":"plural"},"value"]},{"$i":"minutes-until-short","$v":{"other":["za ",{"t":"idOrVar","v":"value"},"m"],"zero":"sada"},"$x":[{"t":"idOrVar","v":"plural"},"value"]},{"$i":"hours-until-short","$v":{"other":["za ",{"t":"idOrVar","v":"value"},"s"],"zero":"sada"},"$x":[{"t":"idOrVar","v":"plural"},"value"]},{"$i":"days-until-short","$v":{"other":["za ",{"t":"idOrVar","v":"value"},"d"],"zero":"danas"},"$x":[{"t":"idOrVar","v":"plural"},"value"]},{"$i":"incorrectDate","$v":"(netačan datum)"},{"$i":"dateTimeFormat_%c","$v":"%a %b %e %Y %I:%M:%S %p"},{"$i":"dateTimeFormat_%x","$v":"%m/%d/%Y"},{"$i":"dateTimeFormat_%X","$v":"%I:%M:%S %p"},{"$i":"shortTimeFormat","$v":"%I:%M %p"},{"$i":"shortTimeFormat12","$v":"%I:%M %p"},{"$i":"shortTimeFormat24","$v":"%H:%M"},{"$i":"shortDateTimeFormat","$v":"%x %I:%M %p"},{"$i":"weekStartsOnMonday","$v":"0.0"},{"$i":"firstDayOfTheWeek","$v":"1.0"},{"$i":"time_am","$v":"AM"},{"$i":"time_pm","$v":"PM"}]