[{"$i":"setup-app-name-header","$v":"E-mail"},{"$i":"setup-empty-account-message","$v":"Du er ikke konfigureret til at sende eller modtage e-mails. Konfigurer en konto for at fuldføre handlingen."},{"$i":"setup-pick-service","$v":"Hvis du vil sende og modtage e-mails, skal du konfigurere en konto."},{"$i":"setup-account-header3","$v":"Konto login"},{"$i":"setup-account-password","$v":"Adgangskode"},{"$i":"setup-info-next","$v":"Næste"},{"$i":"setup-progress-wait-msg","$v":"Opsætning af konto"},{"$i":"setup-sync-progress-wait-msg","$v":"Synkroniseringskonto"},{"$i":"setup-completed-header","$v":"Tillykke!"},{"$i":"setup-completed-label","$v":"Færdig!"},{"$i":"setup-add-another-account","$v":"Tilføj endnu en konto"},{"$i":"setup-show-mail","$v":"Fortsæt til E-mail"},{"$i":"setup-done-add","$v":"Tilføj konto"},{"$i":"setup-error-offline","$v":"Ingen internetforbindelse."},{"$i":"setup-error-bad-user-or-pass2","$v":"E-mail-adresse eller adgangskode er forkert."},{"$i":"setup-error-bad-address","$v":"E-mail-adresse forkert."},{"$i":"setup-error-not-authorized","$v":"Ikke autoriseret til at oprette konto."},{"$i":"setup-error-pop-server-not-great","$v":"POP3-server understøtter ikke krævede funktioner."},{"$i":"setup-error-unknown2","$v":"Der opstod en ukendt fejl. Kontrollér netværksforbindelsen, eller prøv manuel konfiguration."},{"$i":"setup-error-needs-app-pass","$v":"Du skal bruge en applikationsspecifik adgangskode til to-faktor Gmail-konti."},{"$i":"setup-error-imap-disabled","$v":"Du skal aktivere IMAP for din Gmail-konto."},{"$i":"setup-error-pop3-disabled","$v":"Du skal aktivere POP3 for din Gmail-konto."},{"$i":"setup-error-bad-security","$v":["Der kunne ikke oprettes en sikker forbindelse til \"",{"t":"idOrVar","v":"server"},"\". Det skyldes muligvis et problem med dit netværk eller serveren."]},{"$i":"setup-error-unresponsive-server","$v":["Der kunne ikke oprettes forbindelse til \"",{"t":"idOrVar","v":"server"},"\". Der er muligvis et problem med dit netværk."]},{"$i":"setup-error-server-problem","$v":["Der er et problem med serveren \"",{"t":"idOrVar","v":"server"},"\". Prøv igen senere."]},{"$i":"setup-error-no-config-info","$v":"Konfiguration mislykket. Kontroller e-mail-adresse, eller prøv manuel konfigurationsindstilling."},{"$i":"setup-error-server-maintenance","$v":["Serveren \"",{"t":"idOrVar","v":"server"},"\" er offline grundet vedligeholdelse. Prøv igen senere."]},{"$i":"setup-error-account-already-exists","$v":"Denne konto findes allerede."},{"$i":"setup-manual-config2","$v":"Avanceret"},{"$i":"setup-manual-config-header","$v":"Konto login"},{"$i":"setup-manual-account-type-header","$v":"Kontotype"},{"$i":"setup-manual-account-type","$v":"Kontotype"},{"$i":"setup-manual-account-type-select","ariaLabel":"Kontotype"},{"$i":"setup-manual-imap-header","$v":"IMAP-indstillinger"},{"$i":"setup-manual-pop3-header","$v":"POP3-indstillinger"},{"$i":"setup-manual-smtp-header","$v":"SMTP-indstillinger"},{"$i":"setup-manual-activesync-header","$v":"Indstillinger for ActiveSync"},{"$i":"setup-manual-next","$v":"Næste"},{"$i":"setup-manual-socket","$v":"Stiktype"},{"$i":"setup-manual-socket-ssl","$v":"SSL"},{"$i":"setup-manual-socket-starttls","$v":"STARTTLS"},{"$i":"setup-manual-socket-select","ariaLabel":"Forbindelsessikkerhed"},{"$i":"setup-manual-socket-plain","$v":"Ikke-krypteret"},{"$i":"setup-bad-password-header","$v":"Forkert adgangskode!"},{"$i":"setup-bad-password","$v":"Kunne ikke logge på serveren. Prøv adgangskoden igen."},{"$i":"setup-new-password","placeholder":"Ny adgangskode"},{"$i":"setup-fix-password","$v":"Prøv igen med en ny adgangskode"},{"$i":"setup-gmail-twofactor-header","$v":"Tofaktor aktiveret"},{"$i":"setup-gmail-twofactor-message","$v":"Du skal angive en programspecifik adgangskode nedenfor."},{"$i":"setup-gmail-imap-header","$v":"IMAP deaktiveret"},{"$i":"setup-gmail-imap-message","$v":"Du skal aktivere IMAP for din Gmail-konto"},{"$i":"setup-gmail-retry","$v":"Prøv igen"},{"$i":"setup-gmail-pop3-header","$v":"POP3 deaktiveret"},{"$i":"setup-gmail-pop3-message","$v":"Du skal aktivere POP3 for din Gmail-konto"},{"$i":"setup-fix-oauth2-header","$v":"Godkend e-mail igen"},{"$i":"setup-fix-oauth2-description","$v":"E-mail skal godkendes igen for at få adgang til følgende konto:"},{"$i":"setup-fix-oauth2-reauthorize","$v":"Godkend igen"},{"$i":"settings-main-header","$v":"E-mailindstillinger"},{"$i":"settings-sub-header-account","$v":"Konto"},{"$i":"settings-account-group","ariaLabel":"Konto"},{"$i":"settings-account-name","$v":"Dit navn"},{"$i":"settings-account-label","$v":"Kontonavn"},{"$i":"settings-account-display-notifications","$v":"Vis beskeder om nye e-mails"},{"$i":"settings-account-play-sound-onsend","$v":"Afspil lyd, når beskeden er sendt"},{"$i":"settings-account-signature-label","$v":"Signatur"},{"$i":"settings-sub-header-data","$v":"Data"},{"$i":"settings-data-group","ariaLabel":"Data"},{"$i":"settings-account-check-mail","$v":"Søg efter nye beskeder"},{"$i":"settings-account-check-mail-select","ariaLabel":"Søg efter nye beskeder"},{"$i":"settings-sub-header-server","$v":"Serverindstillinger"},{"$i":"settings-server-group","ariaLabel":"Serverindstillinger"},{"$i":"settings-account-userpass","$v":"Brugernavn og adgangskode"},{"$i":"settings-account-useroauth2","$v":"Brugernavn"},{"$i":"settings-default-signature-2","$v":"Sendt fra min telefon"},{"$i":"settings-done","$v":"Udført"},{"$i":"settings-account-section","$v":"Konti"},{"$i":"settings-account-listbox","ariaLabel":"Konti"},{"$i":"settings-account-add","$v":"Tilføj"},{"$i":"settings-account-delete","$v":"Slet konto"},{"$i":"settings-account-delete-prompt","$v":"Hvis du sletter denne konto, påvirker det også apps, der bruger denne konto."},{"$i":"settings-account-delete-desc","$v":"Du skal hente dine e-mails igen, hvis du gentager kontooprettelsen."},{"$i":"settings-account-delete-cancel","$v":"Annuller"},{"$i":"settings-account-delete-confirm","$v":"Slet"},{"$i":"settings-account-clarify","$v":[{"t":"idOrVar","v":"account-name"}]},{"$i":"settings-account-clarify-imap","$v":[{"t":"idOrVar","v":"account-name"}," (IMAP)"]},{"$i":"settings-account-clarify-pop3","$v":[{"t":"idOrVar","v":"account-name"}," (POP3)"]},{"$i":"settings-account-clarify-smtp","$v":[{"t":"idOrVar","v":"account-name"}," (SMTP)"]},{"$i":"settings-general-section","$v":"Generelle indstillinger"},{"$i":"settings-show-images","$v":"Vis altid billeder"},{"$i":"settings-download-attachments","$v":"Hent vedhæftede filer"},{"$i":"settings-check-every-5min","$v":"Hvert 5. minut"},{"$i":"settings-check-every-10min","$v":"Hvert 10. minut"},{"$i":"settings-check-every-15min","$v":"Hvert 15. minut"},{"$i":"settings-check-every-30min","$v":"Hvert 30. minut"},{"$i":"settings-check-every-60min","$v":"Hver time"},{"$i":"settings-check-every-manual","$v":"Manuelt"},{"$i":"settings-check-dynamic","$v":{"few":[{"t":"idOrVar","v":"n"}," sekunder"],"many":[{"t":"idOrVar","v":"n"}," sekunder"],"one":[{"t":"idOrVar","v":"n"}," sekund"],"other":[{"t":"idOrVar","v":"n"}," sekunder"],"two":[{"t":"idOrVar","v":"n"}," sekunder"],"zero":"deaktiveret"},"$x":[{"t":"idOrVar","v":"plural"},"n"]},{"$i":"settings-default-account","$v":"Angiv som standard-e-mail"},{"$i":"settings-account-type","$v":"Kontotype"},{"$i":"settings-account-credentials","$v":"Legitimationsoplysninger"},{"$i":"settings-activesync-label","$v":"Oplysninger om ActiveSync-indstillinger"},{"$i":"settings-imap-label","$v":"Oplysninger om IMAP-indstillinger"},{"$i":"settings-pop3-label","$v":"Oplysninger om POP3-indstillinger"},{"$i":"settings-smtp-label","$v":"Oplysninger om SMTP-indstillinger"},{"$i":"settings-hostname","$v":"Værtsnavn"},{"$i":"settings-port","$v":"Port"},{"$i":"settings-username","$v":"Brugernavn"},{"$i":"settings-password","$v":"Adgangskode"},{"$i":"settings-save","$v":"Gem"},{"$i":"password-saved","$v":"Adgangskode gemt."},{"$i":"settings-reauth","$v":"Godkend igen"},{"$i":"settings-account-synchronize-window","$v":"Dage til synkronisering"},{"$i":"settings-account-synchronize-window-select","ariaLabel":"Dage til synk"},{"$i":"settings-synchronize-auto","$v":"Automatisk"},{"$i":"settings-synchronize-one-day","$v":"1 dag"},{"$i":"settings-synchronize-three-days","$v":"3 dage"},{"$i":"settings-synchronize-one-week","$v":"1 uge"},{"$i":"settings-synchronize-two-weeks","$v":"2 uger"},{"$i":"settings-synchronize-one-month","$v":"1 måned"},{"$i":"settings-synchronize-all","$v":"Alle beskeder"},{"$i":"envelope-from","$v":"Fra"},{"$i":"envelope-to","$v":"Til"},{"$i":"envelope-cc","$v":"Cc"},{"$i":"envelope-bcc","$v":"Bcc"},{"$i":"message-header-state-sending","ariaLabel":"Sender"},{"$i":"message-header-state-error","ariaLabel":"Fejl under afsendelse"},{"$i":"message-header-unread","ariaLabel":"Gør ulæst"},{"$i":"message-header-reply","ariaLabel":"Svar"},{"$i":"message-header-forward","ariaLabel":"Videresend"},{"$i":"message-header-starred","ariaLabel":"Har stjerne"},{"$i":"message-header-attachments","ariaLabel":"Har vedhæftede filer"},{"$i":"message-body-container","ariaLabel":"Beskedens brødtekst"},{"$i":"message-body-container-progress","ariaValueText":"Indlæser"},{"$i":"subject","ariaLabel":"Emne"},{"$i":"attachments-container","ariaLabel":"Vedhæftede filer"},{"$i":"from-group","ariaLabel":"Fra"},{"$i":"to-group","ariaLabel":"Til"},{"$i":"cc-group","ariaLabel":"CC"},{"$i":"bcc-group","ariaLabel":"BCC"},{"$i":"compose-header","$v":"Skriv besked"},{"$i":"compose-header-short","$v":"Skriv"},{"$i":"compose-send","$v":"Send"},{"$i":"compose-send-button","ariaLabel":"Send"},{"$i":"compose-to","$v":"Til"},{"$i":"compose-cc","$v":"Cc"},{"$i":"compose-bcc","$v":"Bcc"},{"$i":"compose-cc-remove","$v":"Cc-listen er fjernet."},{"$i":"compose-bcc-remove","$v":"Bcc-listen er fjernet."},{"$i":"compose-contact-add","ariaLabel":"Tilføj kontakt"},{"$i":"compose-attachments","$v":{"few":["Vedhæftede filer (",{"t":"idOrVar","v":"n"},")"],"many":["Vedhæftede filer (",{"t":"idOrVar","v":"n"},")"],"one":["Vedhæftet fil (",{"t":"idOrVar","v":"n"},")"],"other":["Vedhæftede filer (",{"t":"idOrVar","v":"n"},")"],"two":["Vedhæftede filer (",{"t":"idOrVar","v":"n"},")"],"zero":"Vedhæftet fil"},"$x":[{"t":"idOrVar","v":"plural"},"n"]},{"$i":"compose-text","ariaLabel":"Rediger"},{"$i":"compose-attachment-still-working","$v":"Et øjeblik, arbejder stadig på den forrige vedhæftede fil..."},{"$i":"compose-attachment-loading","$v":"Indlæser vedhæftet fil ..."},{"$i":"compose-attachments-loading","$v":"Indlæser vedhæftede filer ..."},{"$i":"compose-forward-attachment-error-title","$v":"Fejl ved overførsel."},{"$i":"compose-forward-attachment-error-title2","$v":"Fejl"},{"$i":"compose-forward-attachment-unable-load","$v":"Den vedhæftede fil kunne ikke indlæses."},{"$i":"compose-forward-attachments-unable-load","$v":"De vedhæftede filer kunne ikke indlæses."},{"$i":"compose-forward-attachment-load-error","$v":"Nogle vedhæftede filer kunne ikke indlæses."},{"$i":"confirmation-title","$v":"Bekræftelse"},{"$i":"compose-subject","$v":"Emne"},{"$i":"compose-draft-save","$v":"Gem i Lokale kladder?"},{"$i":"compose-discard-confirm","$v":"Kassér"},{"$i":"compose-draft-dialog-cancel","$v":"Annuller"},{"$i":"compose-draft-dialog-save","$v":"Gem"},{"$i":"composer-draft-saved","$v":"Udkast gemt."},{"$i":"attention","$v":"Bemærk"},{"$i":"compose-send-message-failed","$v":"E-mail kunne ikke sendes"},{"$i":"compose-attchment-size-exceeded","$v":"Vedhæftet fil for stort til at blive sendt med besked."},{"$i":"compose-attchments-size-exceeded","$v":"Vedhæftede filer er for store til at kunne sendes med en meddelelse."},{"$i":"composer-attachment-large-title","$v":"Filstørrelsen er for stor"},{"$i":"default-attachment-filename","$v":["vedhæftet fil",{"t":"idOrVar","v":"n"}]},{"$i":"attachment-size-meb","$v":[{"t":"idOrVar","v":"megabytes"}," MB"]},{"$i":"attachment-size-kib","$v":[{"t":"idOrVar","v":"kilobytes"}," KB"]},{"$i":"attachment-size-byte","$v":[{"t":"idOrVar","v":"bytes"}," B"]},{"$i":"message-attachment-view","$v":"Vis"},{"$i":"message-attachment-did-not-open-label","$v":"Kunne ikke åbne"},{"$i":"message-attachment-did-not-open-body","$v":"Enheden har ikke en app, som kan åbne den vedhæftede fil."},{"$i":"message-attachment-too-large","$v":"Denne fil er for stor til at blive hentet."},{"$i":"message-attachment-not-found","$v":"Vedhæftet fil ikke fundet, download igen?"},{"$i":"message-attachment-download-fail","$v":[{"t":"idOrVar","v":"fileName"}," -Fejl ved overførsel"]},{"$i":"message-no-subject","$v":"(intet emne)"},{"$i":"message-edit-menu-edit","$v":"Rediger"},{"$i":"message-edit-menu-delete","$v":"Slet"},{"$i":"message-edit-delete-confirm","$v":"Slet e-mailbeskeden?"},{"$i":"message-forward-attachment-title","$v":"Vedhæftet fil"},{"$i":"message-forward-attachment","$v":"Videresend også vedhæftet fil?"},{"$i":"message-forward-attachments","$v":"Videresend også vedhæftede filer?"},{"$i":"message-multiedit-header","$v":{"few":[{"t":"idOrVar","v":"n"}," valgt"],"many":[{"t":"idOrVar","v":"n"}," valgt"],"one":[{"t":"idOrVar","v":"n"}," valgt"],"other":[{"t":"idOrVar","v":"n"}," valgt"],"two":[{"t":"idOrVar","v":"n"}," valgt"],"zero":[{"t":"idOrVar","v":"n"}," valgt"]},"$x":[{"t":"idOrVar","v":"plural"},"n"]},{"$i":"message-multiedit-search-header","$v":{"few":[{"t":"idOrVar","v":"n"}," valgt"],"many":[{"t":"idOrVar","v":"n"}," valgt"],"one":[{"t":"idOrVar","v":"n"}," valgt"],"other":[{"t":"idOrVar","v":"n"}," valgt"],"two":[{"t":"idOrVar","v":"n"}," valgt"],"zero":"0 valgt"},"$x":[{"t":"idOrVar","v":"plural"},"n"]},{"$i":"browse-to-url-prompt","$v":["Gå til URL?: ",{"t":"idOrVar","v":"url"}]},{"$i":"message-download-images-tap","$v":{"few":["Denne e-mail indeholder ",{"t":"idOrVar","v":"n"}," billeder. Tryk for at hente."],"many":["Denne e-mail indeholder ",{"t":"idOrVar","v":"n"}," billeder. Tryk for at hente."],"one":"Denne e-mail indeholder et billede. Tryk for at hente.","other":["Denne e-mail indeholder ",{"t":"idOrVar","v":"n"}," billeder. Tryk for at hente."],"two":["Denne e-mail indeholder ",{"t":"idOrVar","v":"n"}," billeder. Tryk for at hente."]},"$x":[{"t":"idOrVar","v":"plural"},"n"]},{"$i":"message-show-external-images","$v":"Vis eksterne billeder"},{"$i":"message-delete-cancel","$v":"Annuller"},{"$i":"message-multiedit-delete-confirm","$v":{"few":["Slet ",{"t":"idOrVar","v":"n"}," beskeder?"],"many":["Slet ",{"t":"idOrVar","v":"n"}," beskeder?"],"one":"Slet den valgte besked?","other":["Slet ",{"t":"idOrVar","v":"n"}," beskeder?"],"two":["Slet ",{"t":"idOrVar","v":"n"}," beskeder?"]},"$x":[{"t":"idOrVar","v":"plural"},"n"]},{"$i":"message-large-message-cancel","$v":"Annuller"},{"$i":"message-large-message-ok","$v":"Fortsæt"},{"$i":"message-large-message-confirm","$v":"Denne besked er stor, og det vil tage lidt tid at hente den."},{"$i":"message-large-message-warning","$v":"Beskeden er for stor til at blive indlæst."},{"$i":"message-search-header","$v":"Søg"},{"$i":"search-result","$v":["E-mails (",{"t":"idOrVar","v":"num"},")"]},{"$i":"message-search-from","$v":"Fra"},{"$i":"message-search-to","$v":"Til"},{"$i":"message-search-subject","$v":"Emne"},{"$i":"message-search-body","$v":"Brødtekst"},{"$i":"message-search-all","$v":"Alle"},{"$i":"message-search-input","placeholder":"Søg i e-mail"},{"$i":"message-search-cancel","$v":"Annuller"},{"$i":"messages-syncing","$v":"Indlæser beskeder"},{"$i":"messages-syncing-progressbar","ariaValueText":"Indlæser beskeder"},{"$i":"messages-load-more","$v":"Indlæs flere beskeder"},{"$i":"messages-folder-empty","$v":"Ingen e-mail i denne mappe"},{"$i":"messages-search-empty","$v":"Ingen resultater i lokalt cachelagrede beskeder"},{"$i":"messages-folder-select","$v":"Flyt til mappe"},{"$i":"messages-folder-unread-max","$v":"999+"},{"$i":"message-contact-menu-create","$v":"Opret ny kontakt"},{"$i":"message-contact-menu-add-existing","$v":"Føj til eksisterende kontakt"},{"$i":"message-contact-menu-view","$v":"Vis kontakt"},{"$i":"message-contact-menu-reply","$v":"Svar"},{"$i":"message-contact-menu-new","$v":"Send ny e-mail"},{"$i":"message-reply-menu-reply","$v":"Svar"},{"$i":"message-reply-menu-reply-all","$v":"Svar til alle"},{"$i":"message-reply-menu-forward","$v":"Videresend"},{"$i":"message-reply-menu-cancel","$v":"Annuller"},{"$i":"reply-quoting-wrote","$v":"{name} skrev"},{"$i":"forward-original-message","$v":"Oprindelig besked"},{"$i":"forward-header-subject","$v":"Emne"},{"$i":"forward-header-date","$v":"Dato"},{"$i":"forward-header-from","$v":"Fra"},{"$i":"forward-header-reply-to","$v":"Svar til"},{"$i":"forward-header-to","$v":"Til"},{"$i":"forward-header-cc","$v":"Cc"},{"$i":"folder-inbox","$v":"Indbakke"},{"$i":"folder-sent","$v":"Sendt"},{"$i":"folder-drafts","$v":"Kladder"},{"$i":"folder-trash","$v":"Papirkurv"},{"$i":"folder-queue","$v":"Ikke sendt"},{"$i":"folder-junk","$v":"Spam"},{"$i":"folder-archives","$v":"Arkiver"},{"$i":"folder-localdrafts","$v":"Lokale kladder"},{"$i":"folder-outbox","$v":"Udbakke"},{"$i":"drawer-back","$v":"Tilbage"},{"$i":"drawer-accounts-header","$v":"Konti"},{"$i":"drawer-settings-link","$v":"Indstillinger"},{"$i":"folder-last-synced-label","$v":"Seneste synkronisering:"},{"$i":"messages-refresh-progress","ariaValueText":"Opdaterer"},{"$i":"no-internet-connection","$v":"Ingen internetforbindelse."},{"$i":"toaster-undo","$v":"Fortryd"},{"$i":"toaster-message-star","$v":{"one":"E-mail markeret.","few":[{"t":"idOrVar","v":"n"}," e-mails markeret med flag."],"many":[{"t":"idOrVar","v":"n"}," e-mails markeret med flag."],"other":[{"t":"idOrVar","v":"n"}," e-mails markeret med flag."],"two":[{"t":"idOrVar","v":"n"}," e-mails markeret med flag."]},"$x":[{"t":"idOrVar","v":"plural"},"n"]},{"$i":"toaster-message-unstar","$v":{"one":"E-mail-flag fjernet.","few":[{"t":"idOrVar","v":"n"}," e-mailflag fjernet."],"many":[{"t":"idOrVar","v":"n"}," e-mailflag fjernet."],"other":[{"t":"idOrVar","v":"n"}," e-mailflag fjernet."],"two":[{"t":"idOrVar","v":"n"}," e-mailflag fjernet."]},"$x":[{"t":"idOrVar","v":"plural"},"n"]},{"$i":"toaster-message-read","$v":{"one":"E-mail markeret som læst.","few":[{"t":"idOrVar","v":"n"}," e-mails markeret som læst."],"many":[{"t":"idOrVar","v":"n"}," e-mails markeret som læst."],"other":[{"t":"idOrVar","v":"n"}," e-mails markeret som læst."],"two":[{"t":"idOrVar","v":"n"}," e-mails markeret som læst."]},"$x":[{"t":"idOrVar","v":"plural"},"n"]},{"$i":"toaster-message-unread","$v":{"one":"E-mail markeret som ulæst.","few":[{"t":"idOrVar","v":"n"}," e-mails markeret som ulæst."],"many":[{"t":"idOrVar","v":"n"}," e-mails markeret som ulæst."],"other":[{"t":"idOrVar","v":"n"}," e-mails markeret som ulæst."],"two":[{"t":"idOrVar","v":"n"}," e-mails markeret som ulæst."]},"$x":[{"t":"idOrVar","v":"plural"},"n"]},{"$i":"toaster-message-move","$v":{"one":"E-mail flyttes til mappe","few":[{"t":"idOrVar","v":"n"}," e-mails flyttet til mappe"],"many":[{"t":"idOrVar","v":"n"}," e-mails flyttet til mappe"],"other":[{"t":"idOrVar","v":"n"}," e-mails flyttet til mappe"],"two":[{"t":"idOrVar","v":"n"}," e-mails flyttet til mappe"]},"$x":[{"t":"idOrVar","v":"plural"},"n"]},{"$i":"toaster-message-delete","$v":{"one":"E-mail slettet.","few":[{"t":"idOrVar","v":"n"}," e-mails slettet."],"many":[{"t":"idOrVar","v":"n"}," e-mails slettet."],"other":[{"t":"idOrVar","v":"n"}," e-mails slettet."],"two":[{"t":"idOrVar","v":"n"}," e-mails slettet."]},"$x":[{"t":"idOrVar","v":"plural"},"n"]},{"$i":"toaster-sync-failed","$v":"Der kunne ikke oprettes forbindelse til serveren."},{"$i":"compose-invalid-addresses-title","$v":"Ugyldige adresser"},{"$i":"compose-invalid-addresses-description","$v":"Din besked indeholder en eller flere ugyldige e-mailadresser. Ret dem, før du sender."},{"$i":"background-send-pending","$v":"Ingen internetforbindelse. E-mail gemt i udbakken."},{"$i":"background-send-sending","$v":"Sender…"},{"$i":"background-send-success","$v":"E-mail er sendt."},{"$i":"background-send-error","$v":"Sendefejl. E-mail gemt i udbakken."},{"$i":"background-send-error-recipients","$v":"Modtagerfejl. E-mail er gemt i Udbakke."},{"$i":"background-send-error-title","$v":"E-mailen blev ikke sendt"},{"$i":"send-failure-recipients","$v":"Kontrollér stavningen i adresserne ovenfor. Din e-mailserver angav, at en eller flere af adresserne ovenfor ikke er korrekt."},{"$i":"send-failure-unknown","$v":"Beskeden kunne ikke sendes."},{"$i":"form-clear-input","$v":"Fjern tekst"},{"$i":"confirm-dialog-title","$v":"Bekræftelse"},{"$i":"confirm-dialog-ok","$v":"OK"},{"$i":"msg-display-subject","$v":"Emne"},{"$i":"msg-reader-display-attachments","$v":"Vedhæftede filer"},{"$i":"msg-reader-display-attachment","$v":"Vedhæftet fil"},{"$i":"msg-reader-download-external-images","$v":["Download eksterne billeder (",{"t":"idOrVar","v":"n"}," MB)"]},{"$i":"msg-reader-sender-header","$v":"Sender"},{"$i":"msg-reader-recipients-header","$v":"Modtagere"},{"$i":"msg-reader-cc-header","$v":"Cc"},{"$i":"msg-reader-bcc-header","$v":"Bcc"},{"$i":"msg-reader-message-flagged","$v":"Besked markeret med flag"},{"$i":"msg-reader-flag-removed","$v":"Flag fjernet"},{"$i":"external-image-downloading","$v":"Henter..."},{"$i":"senders-separation-sign","$v":", "},{"$i":"new-messages","$v":{"few":[{"t":"idOrVar","v":"n"}," nye beskeder"],"many":[{"t":"idOrVar","v":"n"}," nye beskeder"],"one":"1 ny besked","other":[{"t":"idOrVar","v":"n"}," nye beskeder"],"two":[{"t":"idOrVar","v":"n"}," nye beskeder"]},"$x":[{"t":"idOrVar","v":"plural"},"n"]},{"$i":"new-emails-notify-one-account","$v":{"few":[{"t":"idOrVar","v":"n"}," nye e-mails"],"many":[{"t":"idOrVar","v":"n"}," nye e-mails"],"one":"1 ny e-mail","other":[{"t":"idOrVar","v":"n"}," nye e-mails"],"two":[{"t":"idOrVar","v":"n"}," nye e-mails"]},"$x":[{"t":"idOrVar","v":"plural"},"n"]},{"$i":"new-emails-notify-multiple-accounts","$v":{"few":[{"t":"idOrVar","v":"n"}," nye e-mails (",{"t":"idOrVar","v":"accountName"},")"],"many":[{"t":"idOrVar","v":"n"}," nye e-mails (",{"t":"idOrVar","v":"accountName"},")"],"one":["1 ny e-mail (",{"t":"idOrVar","v":"accountName"},")"],"other":[{"t":"idOrVar","v":"n"}," nye e-mails (",{"t":"idOrVar","v":"accountName"},")"],"two":[{"t":"idOrVar","v":"n"}," nye e-mails (",{"t":"idOrVar","v":"accountName"},")"]},"$x":[{"t":"idOrVar","v":"plural"},"n"]},{"$i":"new-emails-notify-multiple-accounts-body","$v":[{"t":"idOrVar","v":"from"}," “",{"t":"idOrVar","v":"subject"},"”"]},{"$i":"tng-plain-socket-warning-title","$v":"Er du sikker?"},{"$i":"tng-plain-socket-warning-message","$v":"Andre kan muligvis se dine adgangskoder og e-mails eller kontrollere din konto."},{"$i":"tng-plain-socket-warning-message-options","$v":"Der er mange gratis e-mailudbydere, som tilbyder mere sikre, krypterede forbindelser."},{"$i":"tng-plain-socket-warning-ok","$v":"Jeg forstår"},{"$i":"message-reader-date-received","ariaLabel":"Modtaget"},{"$i":"sort-by-title","$v":"Sortér efter"},{"$i":"sort-by-date","$v":"Dato"},{"$i":"sort-by-from","$v":"Fra"},{"$i":"sort-by-to","$v":"Til"},{"$i":"sort-by-subject","$v":"Emne"},{"$i":"softkey-options","$v":"Valg"},{"$i":"opt-compose","$v":"Skriv"},{"$i":"opt-reply","$v":"Svar"},{"$i":"opt-reply-all","$v":"Svar alle"},{"$i":"opt-forward","$v":"Videresend"},{"$i":"opt-mark-read","$v":"Markér som læst"},{"$i":"opt-mark-unread","$v":"Markér som ulæst"},{"$i":"opt-add-flag","$v":"Tilføj flag"},{"$i":"opt-remove-flag","$v":"Fjern flag"},{"$i":"opt-move-message","$v":"Flyt til mappe"},{"$i":"opt-delete-message","$v":"Slet"},{"$i":"opt-multi-select","$v":"Vælg flere"},{"$i":"opt-search","$v":"Søg"},{"$i":"opt-folders","$v":"Vis mapper"},{"$i":"opt-sort","$v":"Sortér"},{"$i":"opt-sync","$v":"Synkroniser"},{"$i":"opt-account","$v":"Skift konto"},{"$i":"opt-settings","$v":"Indstillinger"},{"$i":"opt-edit","$v":"Rediger"},{"$i":"opt-cancel","$v":"Annuller"},{"$i":"opt-save","$v":"Gem"},{"$i":"opt-move","$v":"Flyt"},{"$i":"opt-view","$v":"Vis"},{"$i":"opt-empty-trash","$v":"Tøm papirkurv"},{"$i":"opt-call-number","$v":"Ring op"},{"$i":"opt-compose-mail","$v":"Skriv"},{"$i":"opt-open-url","$v":"Åbn"},{"$i":"select-option-on","$v":"Til"},{"$i":"select-option-off","$v":"Fra"},{"$i":"select-option-imap-smtp","$v":"IMAP+SMTP"},{"$i":"select-option-pop3-smtp","$v":"POP3+SMTP"},{"$i":"select-option-activesync","$v":"ActiveSync"},{"$i":"toaster-switch-account","$v":"E-mailkonto skiftet til:"},{"$i":"toaster-sorted-by","$v":"E-mails sorteret efter"},{"$i":"cmp-reply","$v":"Svar"},{"$i":"cmp-reply-all","$v":"Svar alle"},{"$i":"cmp-forward","$v":"Videresend besked"},{"$i":"cmp-remove-attach","$v":"Vedhæftet fil fjernet"},{"$i":"select","$v":"Vælg"},{"$i":"deselect","$v":"Fravælg"},{"$i":"cancel","$v":"Annuller"},{"$i":"enter","$v":"Indtast"},{"$i":"remove-attachment","$v":"Fjern vedhæftet fil"},{"$i":"replace-attachment","$v":"Udskift vedhæftet fil"},{"$i":"add-attachment","$v":"Tilføj vedhæftet fil"},{"$i":"add-contact","$v":"Tilføj kontakt"},{"$i":"add-cc","$v":"Tilføj Cc"},{"$i":"remove-cc","$v":"Fjern Cc"},{"$i":"add-bcc","$v":"Tilføj Bcc"},{"$i":"remove-bcc","$v":"Fjern Bcc"},{"$i":"attachment-download","$v":"Overfør"},{"$i":"attachment-share","$v":"Del"},{"$i":"send-new-mail","$v":"Send ny e-mail"},{"$i":"view-contact","$v":"Vis kontakt"},{"$i":"save-new-contact","$v":"Opret ny kontakt"},{"$i":"add-to-exsiting-contact","$v":"Føj til eksisterende kontakt"},{"$i":"no","$v":"Nej"},{"$i":"yes","$v":"Ja"},{"$i":"retry","$v":"Prøv igen"},{"$i":"empty","$v":"Tom"},{"$i":"empty-trash-confirm","$v":"Vil du tømme papirkurven?"},{"$i":"trash-emptied","$v":"Papirkurv tømt"},{"$i":"next","$v":"Næste"},{"$i":"welcome-header","$v":"E-mail"},{"$i":"welcome-msg","$v":"Velkommen til E-mail."},{"$i":"welcome-msg-setup","$v":"Tryk på Næste for at opsætte din e-mailkonto."},{"$i":"discard","$v":"Kassér"},{"$i":"leave-this-page-warning-message","$v":"Kassere oplysninger?"},{"$i":"finish","$v":"Færdig"},{"$i":"setup-done-msg","$v":"Du har logget på. Vil du tilføje endnu en konto?"},{"$i":"save-as-draft","$v":"Gem som kladde"},{"$i":"show-password","$v":"Vis adgangskode"},{"$i":"account-label","$v":"Kontonavn"},{"$i":"folders","$v":"Mapper"},{"$i":"security","$v":"Sikkerhed"},{"$i":"port-number","$v":"Portnummer"},{"$i":"domain-username","$v":"Domæne\\Brugernavn"},{"$i":"synchronizing","$v":"Synkroniserer..."},{"$i":"browse-mail","$v":"Søg efter e-mail"},{"$i":"never-sync","$v":"Lokal mappe kan ikke synkroniseres"},{"$i":"emptyDownloadFile","$v":"Denne fil kunne ikke hentes. Den er muligvis tom"},{"$i":"sync","$v":"Synkroniser"},{"$i":"outbox-unsent-label","$v":{"few":[{"t":"idOrVar","v":"n"}," ikke-sendte beskeder i Udbakke"],"many":[{"t":"idOrVar","v":"n"}," ikke-sendte beskeder i Udbakke"],"one":"1 ikke-sendt besked i Udbakke","other":[{"t":"idOrVar","v":"n"}," ikke-sendte beskeder i Udbakke"],"two":"2 ikke-sendte beskeder i Udbakke"},"$x":[{"t":"idOrVar","v":"plural"},"n"]},{"$i":"storage-full-title","$v":"Lager fuldt"},{"$i":"storage-full-warning","$v":"Du kan slette nogle mediefiler eller administrere appdata for at få mere ledig plads."},{"$i":"storage-full","$v":"Telefonens lager er fuldt."},{"$i":"storage-sdcard-full","$v":"SD-kort er fuldt."},{"$i":"view-address","$v":"Vis adresse"},{"$i":"mail-address-title","$v":"Email adresse"},{"$i":"mail-address","$v":[{"t":"idOrVar","v":"address"}]},{"$i":"value-name","$v":[{"t":"idOrVar","v":"name"}]},{"$i":"account-deleted","$v":"Konto slettet."},{"$i":"account-reEnable","$v":"Konto findes allerede. Synkronisere konto?"},{"$i":"setup-account-usedInfo","$v":"Denne konto bruges af appsene nedenfor. Du kan ændre dette i Indstillinger>Konto."},{"$i":"setup-account-settingsInfo","$v":"Alle apps har forskellige standardsynkroniseringsintervaller. Kontrollér det i indstillinger for appen."},{"$i":"app-calendar","$v":"Kalender"},{"$i":"app-contacts","$v":"Kontakter"},{"$i":"app-email","$v":"E-mail"},{"$i":"sync-account-guide","$v":"Tænd for kontosynkronisering i Indstillinger for at se e-mail."},{"$i":"settings-account-sync","$v":"Synkroniser konto"},{"$i":"weekday-0-long","$v":"Søndag"},{"$i":"weekday-1-long","$v":"Mandag"},{"$i":"weekday-2-long","$v":"Tirsdag"},{"$i":"weekday-3-long","$v":"Onsdag"},{"$i":"weekday-4-long","$v":"Torsdag"},{"$i":"weekday-5-long","$v":"Fredag"},{"$i":"weekday-6-long","$v":"Lørdag"},{"$i":"weekday-0-short","$v":"Søn"},{"$i":"weekday-1-short","$v":"Man"},{"$i":"weekday-2-short","$v":"Tir"},{"$i":"weekday-3-short","$v":"Ons"},{"$i":"weekday-4-short","$v":"Tor"},{"$i":"weekday-5-short","$v":"Fre"},{"$i":"weekday-6-short","$v":"Lør"},{"$i":"month-0-long","$v":"Januar"},{"$i":"month-1-long","$v":"Februar"},{"$i":"month-2-long","$v":"Marts"},{"$i":"month-3-long","$v":"April"},{"$i":"month-4-long","$v":"Maj"},{"$i":"month-5-long","$v":"Juni"},{"$i":"month-6-long","$v":"Juli"},{"$i":"month-7-long","$v":"August"},{"$i":"month-8-long","$v":"September"},{"$i":"month-9-long","$v":"Oktober"},{"$i":"month-10-long","$v":"November"},{"$i":"month-11-long","$v":"December"},{"$i":"month-0-genitive","$v":"Januar"},{"$i":"month-1-genitive","$v":"Februar"},{"$i":"month-2-genitive","$v":"Marts"},{"$i":"month-3-genitive","$v":"April"},{"$i":"month-4-genitive","$v":"Maj"},{"$i":"month-5-genitive","$v":"Juni"},{"$i":"month-6-genitive","$v":"Juli"},{"$i":"month-7-genitive","$v":"August"},{"$i":"month-8-genitive","$v":"September"},{"$i":"month-9-genitive","$v":"Oktober"},{"$i":"month-10-genitive","$v":"November"},{"$i":"month-11-genitive","$v":"December"},{"$i":"month-0-short","$v":"Jan"},{"$i":"month-1-short","$v":"Feb"},{"$i":"month-2-short","$v":"Mar"},{"$i":"month-3-short","$v":"Apr"},{"$i":"month-4-short","$v":"Maj"},{"$i":"month-5-short","$v":"Jun"},{"$i":"month-6-short","$v":"Jul"},{"$i":"month-7-short","$v":"Aug"},{"$i":"month-8-short","$v":"Sep"},{"$i":"month-9-short","$v":"Okt"},{"$i":"month-10-short","$v":"Nov"},{"$i":"month-11-short","$v":"Dec"},{"$i":"minutes-ago-long","$v":{"few":[{"t":"idOrVar","v":"value"}," minutter siden"],"many":[{"t":"idOrVar","v":"value"}," minutter siden"],"other":[{"t":"idOrVar","v":"value"}," minutter siden"],"two":[{"t":"idOrVar","v":"value"}," minutter siden"],"one":"et minut siden","zero":"lige nu"},"$x":[{"t":"idOrVar","v":"plural"},"value"]},{"$i":"hours-ago-long","$v":{"few":[{"t":"idOrVar","v":"value"}," timer siden"],"many":[{"t":"idOrVar","v":"value"}," timer siden"],"other":[{"t":"idOrVar","v":"value"}," timer siden"],"two":[{"t":"idOrVar","v":"value"}," timer siden"],"one":"1 time siden","zero":"lige nu"},"$x":[{"t":"idOrVar","v":"plural"},"value"]},{"$i":"days-ago-long","$v":{"few":[{"t":"idOrVar","v":"value"}," dage siden"],"many":[{"t":"idOrVar","v":"value"}," dage siden"],"one":"i går","other":[{"t":"idOrVar","v":"value"}," dage siden"],"two":[{"t":"idOrVar","v":"value"}," dage siden"],"zero":"i dag"},"$x":[{"t":"idOrVar","v":"plural"},"value"]},{"$i":"weeks-ago-long","$v":{"few":[{"t":"idOrVar","v":"value"}," uger siden"],"many":[{"t":"idOrVar","v":"value"}," uger siden"],"one":"sidste uge","other":[{"t":"idOrVar","v":"value"}," uger siden"],"two":[{"t":"idOrVar","v":"value"}," uger siden"],"zero":"denne uge"},"$x":[{"t":"idOrVar","v":"plural"},"value"]},{"$i":"months-ago-long","$v":{"few":[{"t":"idOrVar","v":"value"}," måneder siden"],"many":[{"t":"idOrVar","v":"value"}," måneder siden"],"one":"sidste måned","other":[{"t":"idOrVar","v":"value"}," måneder siden"],"two":[{"t":"idOrVar","v":"value"}," måneder siden"],"zero":"denne måned"},"$x":[{"t":"idOrVar","v":"plural"},"value"]},{"$i":"years-ago-long","$v":{"few":[{"t":"idOrVar","v":"value"}," år siden"],"many":[{"t":"idOrVar","v":"value"}," år siden"],"one":"sidste år","other":[{"t":"idOrVar","v":"value"}," år siden"],"two":[{"t":"idOrVar","v":"value"}," år siden"],"zero":"i år"},"$x":[{"t":"idOrVar","v":"plural"},"value"]},{"$i":"minutes-until-long","$v":{"few":["om ",{"t":"idOrVar","v":"value"}," minutter"],"many":["om ",{"t":"idOrVar","v":"value"}," minutter"],"other":["om ",{"t":"idOrVar","v":"value"}," minutter"],"two":["om ",{"t":"idOrVar","v":"value"}," minutter"],"zero":"nu","one":"om 1 minut"},"$x":[{"t":"idOrVar","v":"plural"},"value"]},{"$i":"hours-until-long","$v":{"few":["om ",{"t":"idOrVar","v":"value"}," timer"],"many":["om ",{"t":"idOrVar","v":"value"}," timer"],"other":["om ",{"t":"idOrVar","v":"value"}," timer"],"two":["om ",{"t":"idOrVar","v":"value"}," timer"],"zero":"nu","one":"om 1 time"},"$x":[{"t":"idOrVar","v":"plural"},"value"]},{"$i":"days-until-long","$v":{"few":["om ",{"t":"idOrVar","v":"value"}," dage"],"many":["om ",{"t":"idOrVar","v":"value"}," dage"],"one":"i morgen","other":["om ",{"t":"idOrVar","v":"value"}," dage"],"two":["om ",{"t":"idOrVar","v":"value"}," dage"],"zero":"i dag"},"$x":[{"t":"idOrVar","v":"plural"},"value"]},{"$i":"weeks-until-long","$v":{"few":["om ",{"t":"idOrVar","v":"value"}," uger"],"many":["om ",{"t":"idOrVar","v":"value"}," uger"],"one":"næste uge","other":["om ",{"t":"idOrVar","v":"value"}," uger"],"two":["om ",{"t":"idOrVar","v":"value"}," uger"],"zero":"denne uge"},"$x":[{"t":"idOrVar","v":"plural"},"value"]},{"$i":"months-until-long","$v":{"few":["om ",{"t":"idOrVar","v":"value"}," måneder"],"many":["om ",{"t":"idOrVar","v":"value"}," måneder"],"one":"næste måned","other":["om ",{"t":"idOrVar","v":"value"}," måneder"],"two":["om ",{"t":"idOrVar","v":"value"}," måneder"],"zero":"denne måned"},"$x":[{"t":"idOrVar","v":"plural"},"value"]},{"$i":"years-until-long","$v":{"few":["om ",{"t":"idOrVar","v":"value"}," år"],"many":["om ",{"t":"idOrVar","v":"value"}," år"],"one":"næste år","other":["om ",{"t":"idOrVar","v":"value"}," år"],"two":["om ",{"t":"idOrVar","v":"value"}," år"],"zero":"i år"},"$x":[{"t":"idOrVar","v":"plural"},"value"]},{"$i":"minutes-ago-short","$v":{"other":[{"t":"idOrVar","v":"value"},"m siden"],"zero":"lige nu"},"$x":[{"t":"idOrVar","v":"plural"},"value"]},{"$i":"hours-ago-short","$v":{"other":[{"t":"idOrVar","v":"value"},"t siden"],"zero":"lige nu"},"$x":[{"t":"idOrVar","v":"plural"},"value"]},{"$i":"days-ago-short","$v":{"other":[{"t":"idOrVar","v":"value"},"d siden"],"zero":"i dag"},"$x":[{"t":"idOrVar","v":"plural"},"value"]},{"$i":"minutes-until-short","$v":{"other":["om ",{"t":"idOrVar","v":"value"},"m"],"zero":"nu"},"$x":[{"t":"idOrVar","v":"plural"},"value"]},{"$i":"hours-until-short","$v":{"other":["om ",{"t":"idOrVar","v":"value"},"t"],"zero":"nu"},"$x":[{"t":"idOrVar","v":"plural"},"value"]},{"$i":"days-until-short","$v":{"other":["om ",{"t":"idOrVar","v":"value"},"d"],"zero":"i dag"},"$x":[{"t":"idOrVar","v":"plural"},"value"]},{"$i":"incorrectDate","$v":"(forkert dato)"},{"$i":"dateTimeFormat_%c","$v":"%a %b %e %Y %I:%M:%S %p"},{"$i":"dateTimeFormat_%x","$v":"%m/%d/%Y"},{"$i":"dateTimeFormat_%X","$v":"%I:%M:%S %p"},{"$i":"shortTimeFormat","$v":"%I:%M %p"},{"$i":"shortTimeFormat12","$v":"%I:%M %p"},{"$i":"shortTimeFormat24","$v":"%H:%M"},{"$i":"shortDateTimeFormat","$v":"%x %I:%M %p"},{"$i":"weekStartsOnMonday","$v":"0.0"},{"$i":"firstDayOfTheWeek","$v":"1.0"},{"$i":"time_am","$v":"AM"},{"$i":"time_pm","$v":"PM"}]