[{"$i":"setup-app-name-header","$v":"ایمیل"},{"$i":"setup-empty-account-message","$v":"نمی توانید ایمیل ارسال یا دریافت کنید. حساب دیگری برای تکمیل عمل تعیین کنید."},{"$i":"setup-pick-service","$v":"برای ارسال و دریافت ایمیل، لازم است حسابی را تنظیم کنید."},{"$i":"setup-account-header3","$v":"ورود به حساب"},{"$i":"setup-account-password","$v":"رمز عبور"},{"$i":"setup-info-next","$v":"بعد"},{"$i":"setup-progress-wait-msg","$v":"تنظیم حساب"},{"$i":"setup-sync-progress-wait-msg","$v":"همگام سازی حساب"},{"$i":"setup-completed-header","$v":"تبریک می گوییم!"},{"$i":"setup-completed-label","$v":"کامل انجام شد!"},{"$i":"setup-add-another-account","$v":"افزودن حساب دیگر"},{"$i":"setup-show-mail","$v":"ادامه به ارسال ایمیل"},{"$i":"setup-done-add","$v":"افزودن حساب"},{"$i":"setup-error-offline","$v":"اتصال اینترنت وجود ندارد."},{"$i":"setup-error-bad-user-or-pass2","$v":"آدرس ایمیل یا رمز عبور اشتباه است."},{"$i":"setup-error-bad-address","$v":"آدرس ایمیل اشتباه است."},{"$i":"setup-error-not-authorized","$v":"ایجاد حساب مجاز نیست."},{"$i":"setup-error-pop-server-not-great","$v":"سرور POP3 از ویژگی های مورد نیاز پشتیبانی نمی کند."},{"$i":"setup-error-unknown2","$v":"خطای ناشناخته ای روی داد. اتصال شبکه را بررسی کنید یا گزینه پیکربندی دستی را امتحان نمایید."},{"$i":"setup-error-needs-app-pass","$v":"باید از یک رمز عبور خاص برنامه برای حساب های Gmail دو فاکتوری استفاده کنید."},{"$i":"setup-error-imap-disabled","$v":"باید IMAP را برای حساب Gmail فعال کنید."},{"$i":"setup-error-pop3-disabled","$v":"باید POP3 را برای حساب Gmail فعال کنید."},{"$i":"setup-error-bad-security","$v":["نمی توانید اتصال ایمنی با \"",{"t":"idOrVar","v":"server"},"\" برقرار کنید. ممکن است شبکه یا سرور مشکلی داشته باشد."]},{"$i":"setup-error-unresponsive-server","$v":["نمی توانید اتصالی با \"",{"t":"idOrVar","v":"server"},"\" برقرار کنید. ممکن است شبکه مشکلی داشته باشد."]},{"$i":"setup-error-server-problem","$v":["در سرور \"",{"t":"idOrVar","v":"server"},"\" مشکلی وجود دارد. در فرصتی دیگر دوباره امتحان کنید."]},{"$i":"setup-error-no-config-info","$v":"پیکربندی موفق نبود. آدرس ایمیل را بررسی کنید یا گزینه پیکربندی دستی را امتحان نمایید."},{"$i":"setup-error-server-maintenance","$v":["سرور \"",{"t":"idOrVar","v":"server"},"\" برای نگهداری آفلاین است. در فرصتی دیگر دوباره امتحان کنید."]},{"$i":"setup-error-account-already-exists","$v":"حساب از قبل موجود است."},{"$i":"setup-manual-config2","$v":"پیشرفته"},{"$i":"setup-manual-config-header","$v":"ورود به حساب"},{"$i":"setup-manual-account-type-header","$v":"نوع حساب"},{"$i":"setup-manual-account-type","$v":"نوع حساب"},{"$i":"setup-manual-account-type-select","ariaLabel":"نوع حساب"},{"$i":"setup-manual-imap-header","$v":"تنظیمات IMAP"},{"$i":"setup-manual-pop3-header","$v":"تنظیمات POP3"},{"$i":"setup-manual-smtp-header","$v":"تنظیمات SMTP"},{"$i":"setup-manual-activesync-header","$v":"تنظیمات همگام سازی فعال"},{"$i":"setup-manual-next","$v":"بعد"},{"$i":"setup-manual-socket","$v":"نوع سوکت"},{"$i":"setup-manual-socket-ssl","$v":"SSL"},{"$i":"setup-manual-socket-starttls","$v":"STARTTLS"},{"$i":"setup-manual-socket-select","ariaLabel":"ایمنی اتصال"},{"$i":"setup-manual-socket-plain","$v":"عدم رمزگذاری"},{"$i":"setup-bad-password-header","$v":"رمز عبور نادرست"},{"$i":"setup-bad-password","$v":"ورود به سرور انجام نشد، لطفاً مطمئن شوید که گذرواژه درست باشد."},{"$i":"setup-new-password","placeholder":"رمز عبور جدید"},{"$i":"setup-fix-password","$v":"با رمز عبور جدید دوباره امتحان کنید"},{"$i":"setup-gmail-twofactor-header","$v":"دو فاکتوری فعال شد"},{"$i":"setup-gmail-twofactor-message","$v":"لازم است یک رمز عبور خاص برنامه در زیر وارد کنید."},{"$i":"setup-gmail-imap-header","$v":"IMAP غیرفعال شد"},{"$i":"setup-gmail-imap-message","$v":"باید IMAP را در حساب Gmail فعال کنید"},{"$i":"setup-gmail-retry","$v":"امتحان مجدد"},{"$i":"setup-gmail-pop3-header","$v":"POP3 غیرفعال شد"},{"$i":"setup-gmail-pop3-message","$v":"باید POP3 را در حساب Gmail فعال کنید"},{"$i":"setup-fix-oauth2-header","$v":"مجوز مجدد ایمیل"},{"$i":"setup-fix-oauth2-description","$v":"ایمیل برای دسترسی به حساب زیر به مجوز مجدد نیاز دارد:"},{"$i":"setup-fix-oauth2-reauthorize","$v":"مجوز مجدد"},{"$i":"settings-main-header","$v":"تنظیمات ایمیل"},{"$i":"settings-sub-header-account","$v":"حساب"},{"$i":"settings-account-group","ariaLabel":"حساب"},{"$i":"settings-account-name","$v":"نام شما"},{"$i":"settings-account-label","$v":"نام حساب"},{"$i":"settings-account-display-notifications","$v":"نمایش اعلان های ایمیل جدید"},{"$i":"settings-account-play-sound-onsend","$v":"پخش صدا بعد از ارسال شدن پیام"},{"$i":"settings-account-signature-label","$v":"امضا"},{"$i":"settings-sub-header-data","$v":"داده"},{"$i":"settings-data-group","ariaLabel":"داده"},{"$i":"settings-account-check-mail","$v":"بررسی برای پیام های جدید"},{"$i":"settings-account-check-mail-select","ariaLabel":"بررسی برای پیام های جدید"},{"$i":"settings-sub-header-server","$v":"تنظیمات سرور"},{"$i":"settings-server-group","ariaLabel":"تنظیمات سرور"},{"$i":"settings-account-userpass","$v":"نام کاربر و رمز عبور"},{"$i":"settings-account-useroauth2","$v":"نام كاربر"},{"$i":"settings-default-signature-2","$v":"ارسال شده از تلفن من"},{"$i":"settings-done","$v":"انجام شد"},{"$i":"settings-account-section","$v":"حساب ها"},{"$i":"settings-account-listbox","ariaLabel":"حساب ها"},{"$i":"settings-account-add","$v":"افزودن"},{"$i":"settings-account-delete","$v":"حذف حساب"},{"$i":"settings-account-delete-prompt","$v":"اگر این حساب را حذف کنید، برنامه هایی که از این حساب استفاده می کنند نیز تحت تأثیر قرار می گیرند."},{"$i":"settings-account-delete-desc","$v":"مجبورید دوباره ایمیلتان را دانلود کنید اگر دوباره حسابتان را ایجاد کنید."},{"$i":"settings-account-delete-cancel","$v":"لغو کردن"},{"$i":"settings-account-delete-confirm","$v":"حذف"},{"$i":"settings-account-clarify","$v":[{"t":"idOrVar","v":"account-name"}]},{"$i":"settings-account-clarify-imap","$v":[{"t":"idOrVar","v":"account-name"}," (IMAP)"]},{"$i":"settings-account-clarify-pop3","$v":[{"t":"idOrVar","v":"account-name"}," (POP3)"]},{"$i":"settings-account-clarify-smtp","$v":[{"t":"idOrVar","v":"account-name"}," (SMTP)"]},{"$i":"settings-general-section","$v":"تنظیمات عمومی"},{"$i":"settings-show-images","$v":"همیشه نمایش تصاویر"},{"$i":"settings-download-attachments","$v":"دانلود پیوست‌ها"},{"$i":"settings-check-every-5min","$v":"هر 5 دقیقه"},{"$i":"settings-check-every-10min","$v":"هر 10 دقیقه"},{"$i":"settings-check-every-15min","$v":"هر 15 دقیقه"},{"$i":"settings-check-every-30min","$v":"هر 30 دقیقه"},{"$i":"settings-check-every-60min","$v":"هر ساعت"},{"$i":"settings-check-every-manual","$v":"دستي"},{"$i":"settings-check-dynamic","$v":{"few":[{"t":"idOrVar","v":"n"}," ثانیه"],"many":[{"t":"idOrVar","v":"n"}," ثانیه"],"one":[{"t":"idOrVar","v":"n"}," ثانیه"],"other":[{"t":"idOrVar","v":"n"}," ثانیه"],"two":[{"t":"idOrVar","v":"n"}," ثانیه"],"zero":"غیرفعال شد"},"$x":[{"t":"idOrVar","v":"plural"},"n"]},{"$i":"settings-default-account","$v":"تنظيم به عنوان ایمیل پيش فرض"},{"$i":"settings-account-type","$v":"نوع حساب"},{"$i":"settings-account-credentials","$v":"اطلاعات کاربری"},{"$i":"settings-activesync-label","$v":"اطلاعات تنظیمات همگام سازی فعال"},{"$i":"settings-imap-label","$v":"اطلاعات تنظیمات IMAP"},{"$i":"settings-pop3-label","$v":"اطلاعات تنظیمات POP3"},{"$i":"settings-smtp-label","$v":"اطلاعات تنظیمات SMTP"},{"$i":"settings-hostname","$v":"نام میزبان"},{"$i":"settings-port","$v":"درگاه"},{"$i":"settings-username","$v":"نام كاربر"},{"$i":"settings-password","$v":"رمز عبور"},{"$i":"settings-save","$v":"ذخيره"},{"$i":"password-saved","$v":"رمز عبور ذخیره شد."},{"$i":"settings-reauth","$v":"مجوز مجدد"},{"$i":"settings-account-synchronize-window","$v":"روزهای همگام‌سازی"},{"$i":"settings-account-synchronize-window-select","ariaLabel":"روزهای همگام‌سازی"},{"$i":"settings-synchronize-auto","$v":"خودكار"},{"$i":"settings-synchronize-one-day","$v":"1 روز"},{"$i":"settings-synchronize-three-days","$v":"3 روز"},{"$i":"settings-synchronize-one-week","$v":"1 هفته"},{"$i":"settings-synchronize-two-weeks","$v":"2 هفته"},{"$i":"settings-synchronize-one-month","$v":"1 ماه"},{"$i":"settings-synchronize-all","$v":"همه پیام ها"},{"$i":"envelope-from","$v":"از"},{"$i":"envelope-to","$v":"به"},{"$i":"envelope-cc","$v":"گیرنده کپی"},{"$i":"envelope-bcc","$v":"گيرنده مخفی کپی"},{"$i":"message-header-state-sending","ariaLabel":"در حال ارسال"},{"$i":"message-header-state-error","ariaLabel":"خطای ارسال"},{"$i":"message-header-unread","ariaLabel":"خوانده نشده"},{"$i":"message-header-reply","ariaLabel":"پاسخ"},{"$i":"message-header-forward","ariaLabel":"ارسال"},{"$i":"message-header-starred","ariaLabel":"ستاره دارد"},{"$i":"message-header-attachments","ariaLabel":"پیوست هایی دارد"},{"$i":"message-body-container","ariaLabel":"متن پیام"},{"$i":"message-body-container-progress","ariaValueText":"بارگیری"},{"$i":"subject","ariaLabel":"موضوع"},{"$i":"attachments-container","ariaLabel":"پیوست ها"},{"$i":"from-group","ariaLabel":"از"},{"$i":"to-group","ariaLabel":"به"},{"$i":"cc-group","ariaLabel":"گیرنده کپی:"},{"$i":"bcc-group","ariaLabel":"گيرنده مخفی کپی"},{"$i":"compose-header","$v":"نوشتن پیام"},{"$i":"compose-header-short","$v":"نوشتن"},{"$i":"compose-send","$v":"ارسال"},{"$i":"compose-send-button","ariaLabel":"ارسال"},{"$i":"compose-to","$v":"به"},{"$i":"compose-cc","$v":"گیرنده کپی"},{"$i":"compose-bcc","$v":"گيرنده مخفی کپی"},{"$i":"compose-cc-remove","$v":"لیست گیرندگان کپی حذف شد."},{"$i":"compose-bcc-remove","$v":"لیست گیرندگان کپی مخفی حذف شد."},{"$i":"compose-contact-add","ariaLabel":"افزودن مخاطب"},{"$i":"compose-attachments","$v":{"few":["پیوست ها (",{"t":"idOrVar","v":"n"},")"],"many":["پیوست ها (",{"t":"idOrVar","v":"n"},")"],"one":["پیوست (",{"t":"idOrVar","v":"n"},")"],"other":["پیوست ها (",{"t":"idOrVar","v":"n"},")"],"two":["پیوست ها (",{"t":"idOrVar","v":"n"},")"],"zero":"پیوست"},"$x":[{"t":"idOrVar","v":"plural"},"n"]},{"$i":"compose-text","ariaLabel":"ویرایش"},{"$i":"compose-attachment-still-working","$v":"یک لحظه، هنوز روی پیوست قبلی کار می کنیم..."},{"$i":"compose-attachment-loading","$v":"در حال بارگيری پيوست..."},{"$i":"compose-attachments-loading","$v":"در حال بارگيری پيوست ها..."},{"$i":"compose-forward-attachment-error-title","$v":"دانلود انجام نشد"},{"$i":"compose-forward-attachment-error-title2","$v":"خطا"},{"$i":"compose-forward-attachment-unable-load","$v":"بارگیری پیوست انجام نشد."},{"$i":"compose-forward-attachments-unable-load","$v":"بارگیری پیوست ها انجام نشد."},{"$i":"compose-forward-attachment-load-error","$v":"برخی از پیوست ها بارگیری نمی شوند."},{"$i":"confirmation-title","$v":"تأييد"},{"$i":"compose-subject","$v":"موضوع"},{"$i":"compose-draft-save","$v":"ذخيره در پيش نويس های محلی؟"},{"$i":"compose-discard-confirm","$v":"رد کردن"},{"$i":"compose-draft-dialog-cancel","$v":"لغو کردن"},{"$i":"compose-draft-dialog-save","$v":"ذخيره"},{"$i":"composer-draft-saved","$v":"پیش نویس ذخیره شد."},{"$i":"attention","$v":"توجه"},{"$i":"compose-send-message-failed","$v":"ایمیل ارسال نشد"},{"$i":"compose-attchment-size-exceeded","$v":"پیوست برای ارسال همراه با پیام بسیار بزرگ است."},{"$i":"compose-attchments-size-exceeded","$v":"پیوست ها برای ارسال همراه با پیام بسیار بزرگ هستند."},{"$i":"composer-attachment-large-title","$v":"اندازه فايل بسيار بزرگ است"},{"$i":"default-attachment-filename","$v":["پیوست",{"t":"idOrVar","v":"n"}]},{"$i":"attachment-size-meb","$v":[{"t":"idOrVar","v":"megabytes"}," مگابایت"]},{"$i":"attachment-size-kib","$v":[{"t":"idOrVar","v":"kilobytes"}," کیلوبایت"]},{"$i":"attachment-size-byte","$v":[{"t":"idOrVar","v":"bytes"}," بایت"]},{"$i":"message-attachment-view","$v":"نمایش"},{"$i":"message-attachment-did-not-open-label","$v":"نمی توانید باز کنید"},{"$i":"message-attachment-did-not-open-body","$v":"دستگاه برنامه ای ندارد که بتواند پیوست را باز کند."},{"$i":"message-attachment-too-large","$v":"این فایل برای دانلود بسیار بزرگ است."},{"$i":"message-attachment-not-found","$v":"فایل پیوست یافت نشد، دوباره دانلود کنید؟"},{"$i":"message-attachment-download-fail","$v":[{"t":"idOrVar","v":"fileName"}," -- دانلود انجام نشد."]},{"$i":"message-no-subject","$v":"(بدون موضوع)"},{"$i":"message-edit-menu-edit","$v":"ویرایش"},{"$i":"message-edit-menu-delete","$v":"حذف"},{"$i":"message-edit-delete-confirm","$v":"حذف پیام ایمیل؟"},{"$i":"message-forward-attachment-title","$v":"پیوست"},{"$i":"message-forward-attachment","$v":"پیوست نیز ارسال شود؟"},{"$i":"message-forward-attachments","$v":"پیوست ها نیز ارسال شوند؟"},{"$i":"message-multiedit-header","$v":{"few":[{"t":"idOrVar","v":"n"}," انتخاب شد"],"many":[{"t":"idOrVar","v":"n"}," انتخاب شد"],"one":[{"t":"idOrVar","v":"n"}," انتخاب شد"],"other":[{"t":"idOrVar","v":"n"}," انتخاب شد"],"two":[{"t":"idOrVar","v":"n"}," انتخاب شد"],"zero":[{"t":"idOrVar","v":"n"}," انتخاب شد"]},"$x":[{"t":"idOrVar","v":"plural"},"n"]},{"$i":"message-multiedit-search-header","$v":{"few":[{"t":"idOrVar","v":"n"}," انتخاب شد"],"many":[{"t":"idOrVar","v":"n"}," انتخاب شد"],"one":[{"t":"idOrVar","v":"n"}," انتخاب شد"],"other":[{"t":"idOrVar","v":"n"}," انتخاب شد"],"two":[{"t":"idOrVar","v":"n"}," انتخاب شد"],"zero":"0 انتخاب شد"},"$x":[{"t":"idOrVar","v":"plural"},"n"]},{"$i":"browse-to-url-prompt","$v":["مرور در URL؟: ",{"t":"idOrVar","v":"‏url"}]},{"$i":"message-download-images-tap","$v":{"few":["این ایمیل شامل ",{"t":"idOrVar","v":"n"}," تصویر است. برای دانلود ضربه بزنید."],"many":["این ایمیل شامل ",{"t":"idOrVar","v":"n"}," تصویر است. برای دانلود ضربه بزنید."],"one":"این ایمیل شامل یک تصویر است. برای دانلود ضربه بزنید.","other":["این ایمیل شامل ",{"t":"idOrVar","v":"n"}," تصویر است. برای دانلود ضربه بزنید."],"two":["این ایمیل شامل ",{"t":"idOrVar","v":"n"}," تصویر است. برای دانلود ضربه بزنید."]},"$x":[{"t":"idOrVar","v":"plural"},"n"]},{"$i":"message-show-external-images","$v":"نمایش تصاویر خارجی"},{"$i":"message-delete-cancel","$v":"لغو کردن"},{"$i":"message-multiedit-delete-confirm","$v":{"few":["حذف ",{"t":"idOrVar","v":"n"}," پیام؟"],"many":["حذف ",{"t":"idOrVar","v":"n"}," پیام؟"],"one":"حذف پیام انتخابی؟","other":["حذف ",{"t":"idOrVar","v":"n"}," پیام؟"],"two":["حذف ",{"t":"idOrVar","v":"n"}," پیام؟"]},"$x":[{"t":"idOrVar","v":"plural"},"n"]},{"$i":"message-large-message-cancel","$v":"لغو کردن"},{"$i":"message-large-message-ok","$v":"ادامه"},{"$i":"message-large-message-confirm","$v":"این پیام بزرگ است و ممکن است دانلود آن کمی طول بکشد."},{"$i":"message-large-message-warning","$v":"پیام برای بارگیری بسیار بزرگ است."},{"$i":"message-search-header","$v":"جستجو"},{"$i":"search-result","$v":["ایمیل ها(",{"t":"idOrVar","v":"num"},")"]},{"$i":"message-search-from","$v":"از"},{"$i":"message-search-to","$v":"به"},{"$i":"message-search-subject","$v":"موضوع"},{"$i":"message-search-body","$v":"متن"},{"$i":"message-search-all","$v":"همه"},{"$i":"message-search-input","placeholder":"جستجوی ایمیل"},{"$i":"message-search-cancel","$v":"لغو کردن"},{"$i":"messages-syncing","$v":"بارگیری پیام ها"},{"$i":"messages-syncing-progressbar","ariaValueText":"بارگیری پیام ها"},{"$i":"messages-load-more","$v":"بارگیری پیام های بیشتر"},{"$i":"messages-folder-empty","$v":"هیچ ایمیلی در این پوشه وجود ندارد"},{"$i":"messages-search-empty","$v":"بدون موارد تطبیقی در پیام های حافظه دنهان محلی"},{"$i":"messages-folder-select","$v":"انتقال به پوشه"},{"$i":"messages-folder-unread-max","$v":"بیشتر از 999"},{"$i":"message-contact-menu-create","$v":"ایجاد مخاطب جدید"},{"$i":"message-contact-menu-add-existing","$v":"افزودن به مخاطب موجود"},{"$i":"message-contact-menu-view","$v":"مشاهده مخاطب"},{"$i":"message-contact-menu-reply","$v":"پاسخ"},{"$i":"message-contact-menu-new","$v":"ارسال ایمیل جدید"},{"$i":"message-reply-menu-reply","$v":"پاسخ"},{"$i":"message-reply-menu-reply-all","$v":"پاسخ به همه"},{"$i":"message-reply-menu-forward","$v":"ارسال"},{"$i":"message-reply-menu-cancel","$v":"لغو کردن"},{"$i":"reply-quoting-wrote","$v":"{name} نوشت"},{"$i":"forward-original-message","$v":"پیام اصلی"},{"$i":"forward-header-subject","$v":"موضوع"},{"$i":"forward-header-date","$v":"تاریخ"},{"$i":"forward-header-from","$v":"از"},{"$i":"forward-header-reply-to","$v":"پاسخ به"},{"$i":"forward-header-to","$v":"به"},{"$i":"forward-header-cc","$v":"گیرنده کپی"},{"$i":"folder-inbox","$v":"صندوق دریافت"},{"$i":"folder-sent","$v":"ارسال شده"},{"$i":"folder-drafts","$v":"پیش نویس ها"},{"$i":"folder-trash","$v":"سطل زباله"},{"$i":"folder-queue","$v":"ارسال نشده"},{"$i":"folder-junk","$v":"هرزنامه"},{"$i":"folder-archives","$v":"بایگانی ها"},{"$i":"folder-localdrafts","$v":"پیش نویس های محلی"},{"$i":"folder-outbox","$v":"صندوق خروجی"},{"$i":"drawer-back","$v":"برگشت"},{"$i":"drawer-accounts-header","$v":"حساب ها"},{"$i":"drawer-settings-link","$v":"تنظیمات"},{"$i":"folder-last-synced-label","$v":"آخرین همگام سازی:"},{"$i":"messages-refresh-progress","ariaValueText":"در حال نوسازی"},{"$i":"no-internet-connection","$v":"اتصال اینترنت وجود ندارد."},{"$i":"toaster-undo","$v":"لغو عمل"},{"$i":"toaster-message-star","$v":{"one":"پیام پرچم گذاری شد.","few":[{"t":"idOrVar","v":"n"}," پیام ها پرچم گذاری شدند."],"many":[{"t":"idOrVar","v":"n"}," پیام ها پرچم گذاری شدند."],"other":[{"t":"idOrVar","v":"n"}," پیام ها پرچم گذاری شدند."],"two":[{"t":"idOrVar","v":"n"}," پیام ها پرچم گذاری شدند."]},"$x":[{"t":"idOrVar","v":"plural"},"n"]},{"$i":"toaster-message-unstar","$v":{"one":"پرچم پیام حذف شد.","few":[{"t":"idOrVar","v":"n"}," پرچم های پیام حذف شدند."],"many":[{"t":"idOrVar","v":"n"}," پرچم های پیام حذف شدند."],"other":[{"t":"idOrVar","v":"n"}," پرچم های پیام حذف شدند."],"two":[{"t":"idOrVar","v":"n"}," پرچم های پیام حذف شدند."]},"$x":[{"t":"idOrVar","v":"plural"},"n"]},{"$i":"toaster-message-read","$v":{"one":"بعنوان خوانده شده علامت گذاری شد.","few":[{"t":"idOrVar","v":"n"}," پیام ها به عنوان خوانده شده علامت گذاری شدند."],"many":[{"t":"idOrVar","v":"n"}," پیام ها به عنوان خوانده شده علامت گذاری شدند."],"other":[{"t":"idOrVar","v":"n"}," پیام ها به عنوان خوانده شده علامت گذاری شدند."],"two":[{"t":"idOrVar","v":"n"}," پیام ها به عنوان خوانده شده علامت گذاری شدند."]},"$x":[{"t":"idOrVar","v":"plural"},"n"]},{"$i":"toaster-message-unread","$v":{"one":"بعنوان خوانده نشده علامت گذاری شد.","few":[{"t":"idOrVar","v":"n"}," پیام ها به عنوان خوانده نشده علامت گذاری شدند."],"many":[{"t":"idOrVar","v":"n"}," پیام ها به عنوان خوانده نشده علامت گذاری شدند."],"other":[{"t":"idOrVar","v":"n"}," پیام ها به عنوان خوانده نشده علامت گذاری شدند."],"two":[{"t":"idOrVar","v":"n"}," پیام ها به عنوان خوانده نشده علامت گذاری شدند."]},"$x":[{"t":"idOrVar","v":"plural"},"n"]},{"$i":"toaster-message-move","$v":{"one":"پیام به پوشه منتقل شد:","few":[{"t":"idOrVar","v":"n"}," پیام به پوشه منتقل شد:"],"many":[{"t":"idOrVar","v":"n"}," پیام به پوشه منتقل شد:"],"other":[{"t":"idOrVar","v":"n"}," پیام به پوشه منتقل شد:"],"two":[{"t":"idOrVar","v":"n"}," پیام به پوشه منتقل شد:"]},"$x":[{"t":"idOrVar","v":"plural"},"n"]},{"$i":"toaster-message-delete","$v":{"one":"1 نامه حذف شد.","few":[{"t":"idOrVar","v":"n"}," نامه ها حذف شدند."],"many":[{"t":"idOrVar","v":"n"}," نامه ها حذف شدند."],"other":[{"t":"idOrVar","v":"n"}," نامه ها حذف شدند."],"two":[{"t":"idOrVar","v":"n"}," نامه ها حذف شدند."]},"$x":[{"t":"idOrVar","v":"plural"},"n"]},{"$i":"toaster-sync-failed","$v":"نمی توانید به سرور وصل شوید."},{"$i":"compose-invalid-addresses-title","$v":"آدرس های نامعتبر"},{"$i":"compose-invalid-addresses-description","$v":"پیام شما شامل یک یا تعداد بیشتری آدرس ایمیل نامعتبر است. لطفاً قبل از ارسال آنها را تصحیح کنید."},{"$i":"background-send-pending","$v":"اتصال اینترنتی وجود ندارد. ایمیل در صندوق ارسال ذخیره شد."},{"$i":"background-send-sending","$v":"در حال ارسال..."},{"$i":"background-send-success","$v":"ایمیل ارسال شد."},{"$i":"background-send-error","$v":"خطایی روی داد. ایمیل در صندوق ارسال ذخیره شد."},{"$i":"background-send-error-recipients","$v":"خطای گیرنده. ایمیل در صندوق ارسال ذخیره شد."},{"$i":"background-send-error-title","$v":"ایمیل ارسال نشد"},{"$i":"send-failure-recipients","$v":"املای آدرس های بالا را بررسی کنید. سرور ایمیل شما نشان داد یک یا تعداد بیشتری از آدرس های بالا نادرست هستند."},{"$i":"send-failure-unknown","$v":"پیام نمی تواند ارسال شود."},{"$i":"form-clear-input","$v":"حذف متن"},{"$i":"confirm-dialog-title","$v":"تأييد"},{"$i":"confirm-dialog-ok","$v":"تأیید"},{"$i":"msg-display-subject","$v":"موضوع"},{"$i":"msg-reader-display-attachments","$v":"پیوست ها"},{"$i":"msg-reader-display-attachment","$v":"پیوست"},{"$i":"msg-reader-download-external-images","$v":["دانلود تصاویر خارجی (",{"t":"idOrVar","v":"n"}," مگابایت)"]},{"$i":"msg-reader-sender-header","$v":"فرستنده"},{"$i":"msg-reader-recipients-header","$v":"گیرندگان"},{"$i":"msg-reader-cc-header","$v":"گیرنده کپی"},{"$i":"msg-reader-bcc-header","$v":"گيرنده مخفی کپی"},{"$i":"msg-reader-message-flagged","$v":"پیام پرچم گذاری شد"},{"$i":"msg-reader-flag-removed","$v":"پرچم حذف شد"},{"$i":"external-image-downloading","$v":"در حال دانلود..."},{"$i":"senders-separation-sign","$v":"،  "},{"$i":"new-messages","$v":{"few":[{"t":"idOrVar","v":"n"}," پیام جدید"],"many":[{"t":"idOrVar","v":"n"}," پیام جدید"],"one":"1 پیام جدید","other":[{"t":"idOrVar","v":"n"}," پیام جدید"],"two":[{"t":"idOrVar","v":"n"}," پیام جدید"]},"$x":[{"t":"idOrVar","v":"plural"},"n"]},{"$i":"new-emails-notify-one-account","$v":{"few":[{"t":"idOrVar","v":"n"}," ایمیل جدید"],"many":[{"t":"idOrVar","v":"n"}," ایمیل جدید"],"one":"1 ایمیل جدید","other":[{"t":"idOrVar","v":"n"}," ایمیل جدید"],"two":[{"t":"idOrVar","v":"n"}," ایمیل جدید"]},"$x":[{"t":"idOrVar","v":"plural"},"n"]},{"$i":"new-emails-notify-multiple-accounts","$v":{"few":[{"t":"idOrVar","v":"n"}," ایمیل جدید (",{"t":"idOrVar","v":"accountName"},")"],"many":[{"t":"idOrVar","v":"n"}," ایمیل جدید (",{"t":"idOrVar","v":"accountName"},")"],"one":["1 ایمیل جدید (",{"t":"idOrVar","v":"accountName"},")"],"other":[{"t":"idOrVar","v":"n"}," ایمیل جدید (",{"t":"idOrVar","v":"accountName"},")"],"two":[{"t":"idOrVar","v":"n"}," ایمیل جدید (",{"t":"idOrVar","v":"accountName"},")"]},"$x":[{"t":"idOrVar","v":"plural"},"n"]},{"$i":"new-emails-notify-multiple-accounts-body","$v":[{"t":"idOrVar","v":"from"}," \"",{"t":"idOrVar","v":"subject"}]},{"$i":"tng-plain-socket-warning-title","$v":"مطمئن هستید؟"},{"$i":"tng-plain-socket-warning-message","$v":"ممکن است سایر افراد بتوانند رمزهای عبور و ایمیل های شما را ببینند یا حسابتان را کنترل کنند."},{"$i":"tng-plain-socket-warning-message-options","$v":"چندین ارائه دهنده ایمیل رایگان وجود دارد که اتصالات ایمن تر و رمزگذاری شده ارائه می دهند."},{"$i":"tng-plain-socket-warning-ok","$v":"متوجه می شوم"},{"$i":"message-reader-date-received","ariaLabel":"دریافت شد"},{"$i":"sort-by-title","$v":"مرتب کردن بر اساس"},{"$i":"sort-by-date","$v":"تاریخ"},{"$i":"sort-by-from","$v":"از"},{"$i":"sort-by-to","$v":"به"},{"$i":"sort-by-subject","$v":"موضوع"},{"$i":"softkey-options","$v":"گزینه ها"},{"$i":"opt-compose","$v":"نوشتن"},{"$i":"opt-reply","$v":"پاسخ"},{"$i":"opt-reply-all","$v":"پاسخ به همه"},{"$i":"opt-forward","$v":"ارسال"},{"$i":"opt-mark-read","$v":"علامت گذاری بعنوان خوانده شده"},{"$i":"opt-mark-unread","$v":"علامت گذاری بعنوان خوانده نشده"},{"$i":"opt-add-flag","$v":"افزودن پرچم"},{"$i":"opt-remove-flag","$v":"حذف پرچم"},{"$i":"opt-move-message","$v":"انتقال به پوشه"},{"$i":"opt-delete-message","$v":"حذف"},{"$i":"opt-multi-select","$v":"انتخاب چندگانه"},{"$i":"opt-search","$v":"جستجو"},{"$i":"opt-folders","$v":"مشاهده پوشه ها"},{"$i":"opt-sort","$v":"مرتب سازی"},{"$i":"opt-sync","$v":"همگام سازی"},{"$i":"opt-account","$v":"تغییر حساب"},{"$i":"opt-settings","$v":"تنظیمات"},{"$i":"opt-edit","$v":"ویرایش"},{"$i":"opt-cancel","$v":"لغو کردن"},{"$i":"opt-save","$v":"ذخيره"},{"$i":"opt-move","$v":"انتقال"},{"$i":"opt-view","$v":"نمایش"},{"$i":"opt-empty-trash","$v":"خالی کردن سطل زباله"},{"$i":"opt-call-number","$v":"تماس"},{"$i":"opt-compose-mail","$v":"نوشتن"},{"$i":"opt-open-url","$v":"باز كردن"},{"$i":"select-option-on","$v":"روشن"},{"$i":"select-option-off","$v":"خاموش"},{"$i":"select-option-imap-smtp","$v":"IMAP+SMTP"},{"$i":"select-option-pop3-smtp","$v":"POP3+SMTP"},{"$i":"select-option-activesync","$v":"همگام سازی فعال"},{"$i":"toaster-switch-account","$v":"حساب ایمیل تغییر کردن به:"},{"$i":"toaster-sorted-by","$v":"ایمیل ها مرتب شدند بر اساس"},{"$i":"cmp-reply","$v":"پاسخ"},{"$i":"cmp-reply-all","$v":"پاسخ به همه"},{"$i":"cmp-forward","$v":"ارسال پیام"},{"$i":"cmp-remove-attach","$v":"پیوست حذف شد"},{"$i":"select","$v":"انتخاب"},{"$i":"deselect","$v":"عدم انتخاب"},{"$i":"cancel","$v":"لغو کردن"},{"$i":"enter","$v":"وارد کردن"},{"$i":"remove-attachment","$v":"حذف پیوست"},{"$i":"replace-attachment","$v":"جايگزين کردن پيوست"},{"$i":"add-attachment","$v":"افزودن پیوست"},{"$i":"add-contact","$v":"افزودن مخاطب"},{"$i":"add-cc","$v":"افزودن گیرنده کپی"},{"$i":"remove-cc","$v":"حذف گيرنده كپی"},{"$i":"add-bcc","$v":"افزودن گیرنده مخفی کپی"},{"$i":"remove-bcc","$v":"حذف گيرنده كپی مخفی"},{"$i":"attachment-download","$v":"دانلود"},{"$i":"attachment-share","$v":"اشتراک"},{"$i":"send-new-mail","$v":"ارسال ایمیل جدید"},{"$i":"view-contact","$v":"مشاهده مخاطب"},{"$i":"save-new-contact","$v":"ایجاد مخاطب جدید"},{"$i":"add-to-exsiting-contact","$v":"افزودن به مخاطب موجود"},{"$i":"no","$v":"خير"},{"$i":"yes","$v":"بله"},{"$i":"retry","$v":"امتحان مجدد"},{"$i":"empty","$v":"خالی"},{"$i":"empty-trash-confirm","$v":"می خواهید سطل زباله را خالی کنید؟"},{"$i":"trash-emptied","$v":"سطل زباله خالی شد"},{"$i":"next","$v":"بعد"},{"$i":"welcome-header","$v":"ایمیل"},{"$i":"welcome-msg","$v":"به Email خوش آمديد."},{"$i":"welcome-msg-setup","$v":"برای تنظیم حساب ایمیلتان، بعد را فشار دهید."},{"$i":"discard","$v":"رد کردن"},{"$i":"leave-this-page-warning-message","$v":"رد کردن اطلاعات؟"},{"$i":"finish","$v":"پايان"},{"$i":"setup-done-msg","$v":"با موفقیت وارد شدید. می خواهید حساب دیگری اضافه کنید؟"},{"$i":"save-as-draft","$v":"تنظیم به عنوان پیش نویس"},{"$i":"show-password","$v":"نمایش رمز عبور"},{"$i":"account-label","$v":"نام حساب"},{"$i":"folders","$v":"پوشه ها"},{"$i":"security","$v":"ایمنی"},{"$i":"port-number","$v":"شماره درگاه"},{"$i":"domain-username","$v":"دامنه\\نام کاربری"},{"$i":"synchronizing","$v":"در حال همگام سازی..."},{"$i":"browse-mail","$v":"مرور ایمیل"},{"$i":"never-sync","$v":"پیش‌نویس‌های محلی با سرور همگام‌سازی نمی‌شود."},{"$i":"emptyDownloadFile","$v":"نمی توانید این فایل را دانلود کنید، ممکن است خالی باشد"},{"$i":"sync","$v":"همگام سازی"},{"$i":"outbox-unsent-label","$v":{"few":[{"t":"idOrVar","v":"n"}," پیام ارسال نشده در صندوق ارسال"],"many":[{"t":"idOrVar","v":"n"}," پیام ارسال نشده در صندوق ارسال"],"one":"1 پیام ارسال نشده در صندوق ارسال","other":[{"t":"idOrVar","v":"n"}," پیام ارسال نشده در صندوق ارسال"],"two":"2 پیام ارسال نشده در صندوق ارسال"},"$x":[{"t":"idOrVar","v":"plural"},"n"]},{"$i":"storage-full-title","$v":"حافظه پر است"},{"$i":"storage-full-warning","$v":"می توانید برای داشتن فضای بیشتر، برخی از فایل های رسانه را حذف کنید یا داده برنامه را مدیریت کنید."},{"$i":"storage-full","$v":"حافظه تلفن پر است."},{"$i":"storage-sdcard-full","$v":"کارت SD پر است."},{"$i":"view-address","$v":"مشاهده آدرس"},{"$i":"mail-address-title","$v":"آدرس ایمیل"},{"$i":"mail-address","$v":[{"t":"idOrVar","v":"address"}]},{"$i":"value-name","$v":[{"t":"idOrVar","v":"name"}]},{"$i":"account-deleted","$v":"حساب حذف شد."},{"$i":"account-reEnable","$v":"حساب از قبل موجود است. همگام سازی حساب؟"},{"$i":"setup-account-usedInfo","$v":"این حساب توسط برنامه های زیر استفاده خواهد شد. می توانيد اين را از تنظيمات>حساب تغيير دهيد."},{"$i":"setup-account-settingsInfo","$v":"هر برنامه فواصل زمانی همگام سازی پیش فرض متفاوتی دارد، لطفاً در تنظیمات برنامه بررسی کنید."},{"$i":"app-calendar","$v":"تقويم"},{"$i":"app-contacts","$v":"مخاطبین"},{"$i":"app-email","$v":"ایمیل"},{"$i":"sync-account-guide","$v":"از قسمت تنظیمات، همگام سازی حساب را برای مشاهده ایمیل روشن کنید."},{"$i":"settings-account-sync","$v":"همگام سازی حساب"},{"$i":"weekday-0-long","$v":"يكشنبه"},{"$i":"weekday-1-long","$v":"دوشنبه"},{"$i":"weekday-2-long","$v":"سه شنبه"},{"$i":"weekday-3-long","$v":"چهارشنبه"},{"$i":"weekday-4-long","$v":"پنج شنبه"},{"$i":"weekday-5-long","$v":"جمعه"},{"$i":"weekday-6-long","$v":"شنبه"},{"$i":"weekday-0-short","$v":"یکشنبه"},{"$i":"weekday-1-short","$v":"دوشنبه"},{"$i":"weekday-2-short","$v":"سه شنبه"},{"$i":"weekday-3-short","$v":"چهارشنبه"},{"$i":"weekday-4-short","$v":"پنج شنبه"},{"$i":"weekday-5-short","$v":"جمعه"},{"$i":"weekday-6-short","$v":"شنبه"},{"$i":"month-0-long","$v":"ژانویه"},{"$i":"month-1-long","$v":"فوریه"},{"$i":"month-2-long","$v":"مارس"},{"$i":"month-3-long","$v":"آوریل"},{"$i":"month-4-long","$v":"مه"},{"$i":"month-5-long","$v":"ژوئن"},{"$i":"month-6-long","$v":"ژوئیه"},{"$i":"month-7-long","$v":"اوت"},{"$i":"month-8-long","$v":"سپتامبر"},{"$i":"month-9-long","$v":"اکتبر"},{"$i":"month-10-long","$v":"نوامبر"},{"$i":"month-11-long","$v":"دسامبر"},{"$i":"month-0-genitive","$v":"ژانویه"},{"$i":"month-1-genitive","$v":"فوریه"},{"$i":"month-2-genitive","$v":"مارس"},{"$i":"month-3-genitive","$v":"آوریل"},{"$i":"month-4-genitive","$v":"مه"},{"$i":"month-5-genitive","$v":"ژوئن"},{"$i":"month-6-genitive","$v":"ژوئیه"},{"$i":"month-7-genitive","$v":"اوت"},{"$i":"month-8-genitive","$v":"سپتامبر"},{"$i":"month-9-genitive","$v":"اکتبر"},{"$i":"month-10-genitive","$v":"نوامبر"},{"$i":"month-11-genitive","$v":"دسامبر"},{"$i":"month-0-short","$v":"ژانويه"},{"$i":"month-1-short","$v":"فوريه"},{"$i":"month-2-short","$v":"مارس"},{"$i":"month-3-short","$v":"آوريل"},{"$i":"month-4-short","$v":"مه"},{"$i":"month-5-short","$v":"ژوئن"},{"$i":"month-6-short","$v":"ژوئيه"},{"$i":"month-7-short","$v":"اوت"},{"$i":"month-8-short","$v":"سپتامبر"},{"$i":"month-9-short","$v":"اكتبر"},{"$i":"month-10-short","$v":"نوامبر"},{"$i":"month-11-short","$v":"دسامبر"},{"$i":"minutes-ago-long","$v":{"few":[{"t":"idOrVar","v":"value"}," دقیقه قبل"],"many":[{"t":"idOrVar","v":"value"}," دقیقه قبل"],"other":[{"t":"idOrVar","v":"value"}," دقیقه قبل"],"two":[{"t":"idOrVar","v":"value"}," دقیقه قبل"],"one":"یک دقيقه قبل","zero":"درست اکنون"},"$x":[{"t":"idOrVar","v":"plural"},"value"]},{"$i":"hours-ago-long","$v":{"few":[{"t":"idOrVar","v":"value"}," ساعت قبل"],"many":[{"t":"idOrVar","v":"value"}," ساعت قبل"],"other":[{"t":"idOrVar","v":"value"}," ساعت قبل"],"two":[{"t":"idOrVar","v":"value"}," ساعت قبل"],"one":"یک ساعت قبل","zero":"درست اکنون"},"$x":[{"t":"idOrVar","v":"plural"},"value"]},{"$i":"days-ago-long","$v":{"few":[{"t":"idOrVar","v":"value"}," روز قبل"],"many":[{"t":"idOrVar","v":"value"}," روز قبل"],"one":"دیروز","other":[{"t":"idOrVar","v":"value"}," روز قبل"],"two":[{"t":"idOrVar","v":"value"}," روز قبل"],"zero":"امروز"},"$x":[{"t":"idOrVar","v":"plural"},"value"]},{"$i":"weeks-ago-long","$v":{"few":[{"t":"idOrVar","v":"value"}," هفته قبل"],"many":[{"t":"idOrVar","v":"value"}," هفته قبل"],"one":"هفته قبل","other":[{"t":"idOrVar","v":"value"}," هفته قبل"],"two":[{"t":"idOrVar","v":"value"}," هفته قبل"],"zero":"این هفته"},"$x":[{"t":"idOrVar","v":"plural"},"value"]},{"$i":"months-ago-long","$v":{"few":[{"t":"idOrVar","v":"value"}," ماه قبل"],"many":[{"t":"idOrVar","v":"value"}," ماه قبل"],"one":"ماه قبل","other":[{"t":"idOrVar","v":"value"}," ماه قبل"],"two":[{"t":"idOrVar","v":"value"}," ماه قبل"],"zero":"این ماه"},"$x":[{"t":"idOrVar","v":"plural"},"value"]},{"$i":"years-ago-long","$v":{"few":[{"t":"idOrVar","v":"value"}," سال قبل"],"many":[{"t":"idOrVar","v":"value"}," سال قبل"],"one":"سال قبل","other":[{"t":"idOrVar","v":"value"}," سال قبل"],"two":[{"t":"idOrVar","v":"value"}," سال قبل"],"zero":"امسال"},"$x":[{"t":"idOrVar","v":"plural"},"value"]},{"$i":"minutes-until-long","$v":{"few":"در {value}} دقیقه","many":"در {value}} دقیقه","other":"در {value}} دقیقه","two":"در {value}} دقیقه","zero":"اکنون","one":"در یک دقیقه"},"$x":[{"t":"idOrVar","v":"plural"},"value"]},{"$i":"hours-until-long","$v":{"few":"در {value}} ساعت","many":"در {value}} ساعت","other":"در {value}} ساعت","two":"در {value}} ساعت","zero":"اکنون","one":"در یک ساعت"},"$x":[{"t":"idOrVar","v":"plural"},"value"]},{"$i":"days-until-long","$v":{"few":["در ",{"t":"idOrVar","v":"value"}," روز"],"many":["در ",{"t":"idOrVar","v":"value"}," روز"],"one":"فردا","other":["در ",{"t":"idOrVar","v":"value"}," روز"],"two":["در ",{"t":"idOrVar","v":"value"}," روز"],"zero":"امروز"},"$x":[{"t":"idOrVar","v":"plural"},"value"]},{"$i":"weeks-until-long","$v":{"few":["در ",{"t":"idOrVar","v":"value"}," هفته"],"many":["در ",{"t":"idOrVar","v":"value"}," هفته"],"one":"هفته بعد","other":["در ",{"t":"idOrVar","v":"value"}," هفته"],"two":["در ",{"t":"idOrVar","v":"value"}," هفته"],"zero":"این هفته"},"$x":[{"t":"idOrVar","v":"plural"},"value"]},{"$i":"months-until-long","$v":{"few":["در ",{"t":"idOrVar","v":"value"}," ماه"],"many":["در ",{"t":"idOrVar","v":"value"}," ماه"],"one":"ماه بعد","other":["در ",{"t":"idOrVar","v":"value"}," ماه"],"two":["در ",{"t":"idOrVar","v":"value"}," ماه"],"zero":"این ماه"},"$x":[{"t":"idOrVar","v":"plural"},"value"]},{"$i":"years-until-long","$v":{"few":["در ",{"t":"idOrVar","v":"value"}," سال"],"many":["در ",{"t":"idOrVar","v":"value"}," سال"],"one":"سال بعد","other":["در ",{"t":"idOrVar","v":"value"}," سال"],"two":["در ",{"t":"idOrVar","v":"value"}," سال"],"zero":"امسال"},"$x":[{"t":"idOrVar","v":"plural"},"value"]},{"$i":"minutes-ago-short","$v":{"other":[{"t":"idOrVar","v":"value"},"دقیقه قبل"],"zero":"درست اکنون"},"$x":[{"t":"idOrVar","v":"plural"},"value"]},{"$i":"hours-ago-short","$v":{"other":[{"t":"idOrVar","v":"value"}," ساعت قبل"],"zero":"درست اکنون"},"$x":[{"t":"idOrVar","v":"plural"},"value"]},{"$i":"days-ago-short","$v":{"other":[{"t":"idOrVar","v":"value"}," روز قبل"],"zero":"امروز"},"$x":[{"t":"idOrVar","v":"plural"},"value"]},{"$i":"minutes-until-short","$v":{"other":"در {value}} دقیقه","zero":"اکنون"},"$x":[{"t":"idOrVar","v":"plural"},"value"]},{"$i":"hours-until-short","$v":{"other":"در {value}} ساعت","zero":"اکنون"},"$x":[{"t":"idOrVar","v":"plural"},"value"]},{"$i":"days-until-short","$v":{"other":"در {value}} روز","zero":"امروز"},"$x":[{"t":"idOrVar","v":"plural"},"value"]},{"$i":"incorrectDate","$v":"(تاریخ نادرست)"},{"$i":"dateTimeFormat_%c","$v":"%a %b %e %Y %I:%M:%S %p"},{"$i":"dateTimeFormat_%x","$v":"%m/%d/%Y"},{"$i":"dateTimeFormat_%X","$v":"%I:%M:%S %p"},{"$i":"shortTimeFormat","$v":"%I:%M %p"},{"$i":"shortTimeFormat12","$v":"%I:%M %p"},{"$i":"shortTimeFormat24","$v":"%H:%M"},{"$i":"shortDateTimeFormat","$v":"%x %I:%M %p"},{"$i":"weekStartsOnMonday","$v":"0.0"},{"$i":"firstDayOfTheWeek","$v":"0.0"},{"$i":"time_am","$v":"ب.ظ"},{"$i":"time_pm","$v":"ق.ظ"}]